
Tue Mar 10 06:43:21 CET 2026
cd /out/sourcedata/freesurfer/sub-v1s8x0051332_ses-1
setenv SUBJECTS_DIR /out/sourcedata/freesurfer
/opt/freesurfer/bin/recon-all -autorecon1 -i /work/fmriprep_25_2_wf/sub_v1s8x0051332_ses_1_wf/anat_fit_wf/anat_validate/sub-v1s8x0051332_ses-1_T1w_noise_corrected_ras_valid.nii.gz -noskullstrip -noT2pial -noFLAIRpial -openmp 16 -subjid sub-v1s8x0051332_ses-1 -sd /out/sourcedata/freesurfer

subjid sub-v1s8x0051332_ses-1
setenv SUBJECTS_DIR /out/sourcedata/freesurfer
FREESURFER_HOME /opt/freesurfer
Actual FREESURFER_HOME /opt/freesurfer
build-stamp.txt: freesurfer-linux-ubuntu22_x86_64-7.3.2-20220804-6354275
Linux dna063 5.14.0-427.37.1.el9_4.x86_64 #1 SMP PREEMPT_DYNAMIC Fri Sep 13 12:41:50 EDT 2024 x86_64 x86_64 x86_64 GNU/Linux
cputime      unlimited
filesize     unlimited
datasize     unlimited
stacksize    8192 kbytes
coredumpsize 0 kbytes
memoryuse    67108864 kbytes
vmemoryuse   unlimited
descriptors  1024 
memorylocked unlimited
maxproc      2061970 
maxlocks     unlimited
maxsignal    2061970 
maxmessage   819200 
maxnice      0 
maxrtprio    0 
maxrttime    unlimited

               total        used        free      shared  buff/cache   available
Mem:           503Gi        51Gi       343Gi        10Gi       107Gi       438Gi
Swap:             0B          0B          0B

########################################
program versions used
7.3.2 (freesurfer-linux-ubuntu22_x86_64-7.3.2-20220804-6354275)
7.3.2

ProgramName: lta_convert  ProgramArguments: lta_convert -all-info  ProgramVersion: 7.3.2  TimeStamp: 2026/03/10-05:43:21-GMT  BuildTime: Aug  4 2022 06:17:15  BuildStamp: freesurfer-linux-ubuntu22_x86_64-7.3.2-20220804-6354275  User: oesteban  Machine: dna063  Platform: Linux  PlatformVersion: 5.14.0-427.37.1.el9_4.x86_64  CompilerName: GCC  CompilerVersion: 8.4.0
ProgramName: mri_and  ProgramArguments: mri_and -all-info  ProgramVersion: 7.3.2  TimeStamp: 2026/03/10-05:43:21-GMT  BuildTime: Aug  4 2022 06:17:15  BuildStamp: freesurfer-linux-ubuntu22_x86_64-7.3.2-20220804-6354275  User: oesteban  Machine: dna063  Platform: Linux  PlatformVersion: 5.14.0-427.37.1.el9_4.x86_64  CompilerName: GCC  CompilerVersion: 8.4.0
ProgramName: mri_annotation2label  ProgramArguments: mri_annotation2label -all-info  ProgramVersion: 7.3.2  TimeStamp: 2026/03/10-05:43:21-GMT  BuildTime: Aug  4 2022 06:17:15  BuildStamp: freesurfer-linux-ubuntu22_x86_64-7.3.2-20220804-6354275  User: oesteban  Machine: dna063  Platform: Linux  PlatformVersion: 5.14.0-427.37.1.el9_4.x86_64  CompilerName: GCC  CompilerVersion: 8.4.0
ProgramName: mri_aparc2aseg  ProgramArguments: mri_aparc2aseg -all-info  ProgramVersion: 7.3.2  TimeStamp: 2026/03/10-05:43:21-GMT  BuildTime: Aug  4 2022 06:17:15  BuildStamp: freesurfer-linux-ubuntu22_x86_64-7.3.2-20220804-6354275  User: oesteban  Machine: dna063  Platform: Linux  PlatformVersion: 5.14.0-427.37.1.el9_4.x86_64  CompilerName: GCC  CompilerVersion: 8.4.0
ProgramName: mri_surf2volseg  ProgramArguments: mri_surf2volseg -all-info  ProgramVersion: 7.3.2  TimeStamp: 2026/03/10-05:43:21-GMT  BuildTime: Aug  4 2022 06:17:15  BuildStamp: freesurfer-linux-ubuntu22_x86_64-7.3.2-20220804-6354275  User: oesteban  Machine: dna063  Platform: Linux  PlatformVersion: 5.14.0-427.37.1.el9_4.x86_64  CompilerName: GCC  CompilerVersion: 8.4.0
ProgramName: mri_binarize  ProgramArguments: mri_binarize -all-info  ProgramVersion: 7.3.2  TimeStamp: 2026/03/10-05:43:21-GMT  BuildTime: Aug  4 2022 06:17:15  BuildStamp: freesurfer-linux-ubuntu22_x86_64-7.3.2-20220804-6354275  User: oesteban  Machine: dna063  Platform: Linux  PlatformVersion: 5.14.0-427.37.1.el9_4.x86_64  CompilerName: GCC  CompilerVersion: 8.4.0
ProgramName: mri_ca_label  ProgramArguments: mri_ca_label -all-info  ProgramVersion: 7.3.2  TimeStamp: 2026/03/10-05:43:21-GMT  BuildTime: Aug  4 2022 06:17:15  BuildStamp: freesurfer-linux-ubuntu22_x86_64-7.3.2-20220804-6354275  User: oesteban  Machine: dna063  Platform: Linux  PlatformVersion: 5.14.0-427.37.1.el9_4.x86_64  CompilerName: GCC  CompilerVersion: 8.4.0
ProgramName: mri_ca_normalize  ProgramArguments: mri_ca_normalize -all-info  ProgramVersion: 7.3.2  TimeStamp: 2026/03/10-05:43:21-GMT  BuildTime: Aug  4 2022 06:17:15  BuildStamp: freesurfer-linux-ubuntu22_x86_64-7.3.2-20220804-6354275  User: oesteban  Machine: dna063  Platform: Linux  PlatformVersion: 5.14.0-427.37.1.el9_4.x86_64  CompilerName: GCC  CompilerVersion: 8.4.0
ProgramName: mri_ca_register  ProgramArguments: mri_ca_register -all-info  ProgramVersion: 7.3.2  TimeStamp: 2026/03/10-05:43:21-GMT  BuildTime: Aug  4 2022 06:17:15  BuildStamp: freesurfer-linux-ubuntu22_x86_64-7.3.2-20220804-6354275  User: oesteban  Machine: dna063  Platform: Linux  PlatformVersion: 5.14.0-427.37.1.el9_4.x86_64  CompilerName: GCC  CompilerVersion: 8.4.0
ProgramName: mri_cc  ProgramArguments: mri_cc -all-info  ProgramVersion: 7.3.2  TimeStamp: 2026/03/10-05:43:21-GMT  BuildTime: Aug  4 2022 06:17:15  BuildStamp: freesurfer-linux-ubuntu22_x86_64-7.3.2-20220804-6354275  User: oesteban  Machine: dna063  Platform: Linux  PlatformVersion: 5.14.0-427.37.1.el9_4.x86_64  CompilerName: GCC  CompilerVersion: 8.4.0
ProgramName: mri_compute_overlap  ProgramArguments: mri_compute_overlap -all-info  ProgramVersion: 7.3.2  TimeStamp: 2026/03/10-05:43:21-GMT  BuildTime: Aug  4 2022 06:17:15  BuildStamp: freesurfer-linux-ubuntu22_x86_64-7.3.2-20220804-6354275  User: oesteban  Machine: dna063  Platform: Linux  PlatformVersion: 5.14.0-427.37.1.el9_4.x86_64  CompilerName: GCC  CompilerVersion: 8.4.0
ProgramName: mri_compute_seg_overlap  ProgramArguments: mri_compute_seg_overlap -all-info  ProgramVersion: 7.3.2  TimeStamp: 2026/03/10-05:43:21-GMT  BuildTime: Aug  4 2022 06:17:15  BuildStamp: freesurfer-linux-ubuntu22_x86_64-7.3.2-20220804-6354275  User: oesteban  Machine: dna063  Platform: Linux  PlatformVersion: 5.14.0-427.37.1.el9_4.x86_64  CompilerName: GCC  CompilerVersion: 8.4.0
ProgramName: mri_concat  ProgramArguments: mri_concat -all-info  ProgramVersion: 7.3.2  TimeStamp: 2026/03/10-05:43:21-GMT  BuildTime: Aug  4 2022 06:17:15  BuildStamp: freesurfer-linux-ubuntu22_x86_64-7.3.2-20220804-6354275  User: oesteban  Machine: dna063  Platform: Linux  PlatformVersion: 5.14.0-427.37.1.el9_4.x86_64  CompilerName: GCC  CompilerVersion: 8.4.0
ProgramName: mri_concatenate_lta  ProgramArguments: mri_concatenate_lta -all-info  ProgramVersion: 7.3.2  TimeStamp: 2026/03/10-05:43:21-GMT  BuildTime: Aug  4 2022 06:17:15  BuildStamp: freesurfer-linux-ubuntu22_x86_64-7.3.2-20220804-6354275  User: oesteban  Machine: dna063  Platform: Linux  PlatformVersion: 5.14.0-427.37.1.el9_4.x86_64  CompilerName: GCC  CompilerVersion: 8.4.0
mri_convert -all-info 
ProgramName: mri_convert  ProgramArguments: mri_convert -all-info  ProgramVersion: 7.3.2  TimeStamp: 2026/03/10-05:43:21-GMT  BuildTime: Aug  4 2022 06:17:15  BuildStamp: freesurfer-linux-ubuntu22_x86_64-7.3.2-20220804-6354275  User: oesteban  Machine: dna063  Platform: Linux  PlatformVersion: 5.14.0-427.37.1.el9_4.x86_64  CompilerName: GCC  CompilerVersion: 8.4.0
ProgramName: mri_diff  ProgramArguments: mri_diff -all-info  ProgramVersion: 7.3.2  TimeStamp: 2026/03/10-05:43:21-GMT  BuildTime: Aug  4 2022 06:17:15  BuildStamp: freesurfer-linux-ubuntu22_x86_64-7.3.2-20220804-6354275  User: oesteban  Machine: dna063  Platform: Linux  PlatformVersion: 5.14.0-427.37.1.el9_4.x86_64  CompilerName: GCC  CompilerVersion: 8.4.0
ProgramName: mri_edit_wm_with_aseg  ProgramArguments: mri_edit_wm_with_aseg -all-info  ProgramVersion: 7.3.2  TimeStamp: 2026/03/10-05:43:21-GMT  BuildTime: Aug  4 2022 06:17:15  BuildStamp: freesurfer-linux-ubuntu22_x86_64-7.3.2-20220804-6354275  User: oesteban  Machine: dna063  Platform: Linux  PlatformVersion: 5.14.0-427.37.1.el9_4.x86_64  CompilerName: GCC  CompilerVersion: 8.4.0
ProgramName: mri_em_register  ProgramArguments: mri_em_register -all-info  ProgramVersion: 7.3.2  TimeStamp: 2026/03/10-05:43:21-GMT  BuildTime: Aug  4 2022 06:17:15  BuildStamp: freesurfer-linux-ubuntu22_x86_64-7.3.2-20220804-6354275  User: oesteban  Machine: dna063  Platform: Linux  PlatformVersion: 5.14.0-427.37.1.el9_4.x86_64  CompilerName: GCC  CompilerVersion: 8.4.0
ProgramName: mri_fill  ProgramArguments: mri_fill -all-info  ProgramVersion: 7.3.2  TimeStamp: 2026/03/10-05:43:21-GMT  BuildTime: Aug  4 2022 06:17:15  BuildStamp: freesurfer-linux-ubuntu22_x86_64-7.3.2-20220804-6354275  User: oesteban  Machine: dna063  Platform: Linux  PlatformVersion: 5.14.0-427.37.1.el9_4.x86_64  CompilerName: GCC  CompilerVersion: 8.4.0
ProgramName: mri_fuse_segmentations  ProgramArguments: mri_fuse_segmentations -all-info  ProgramVersion: 7.3.2  TimeStamp: 2026/03/10-05:43:21-GMT  BuildTime: Aug  4 2022 06:17:15  BuildStamp: freesurfer-linux-ubuntu22_x86_64-7.3.2-20220804-6354275  User: oesteban  Machine: dna063  Platform: Linux  PlatformVersion: 5.14.0-427.37.1.el9_4.x86_64  CompilerName: GCC  CompilerVersion: 8.4.0
ProgramName: mri_fwhm  ProgramArguments: mri_fwhm -all-info  ProgramVersion: 7.3.2  TimeStamp: 2026/03/10-05:43:21-GMT  BuildTime: Aug  4 2022 06:17:15  BuildStamp: freesurfer-linux-ubuntu22_x86_64-7.3.2-20220804-6354275  User: oesteban  Machine: dna063  Platform: Linux  PlatformVersion: 5.14.0-427.37.1.el9_4.x86_64  CompilerName: GCC  CompilerVersion: 8.4.0
ProgramName: mri_gcut  ProgramArguments: mri_gcut -all-info  ProgramVersion: 7.3.2  TimeStamp: 2026/03/10-05:43:21-GMT  BuildTime: Aug  4 2022 06:17:15  BuildStamp: freesurfer-linux-ubuntu22_x86_64-7.3.2-20220804-6354275  User: oesteban  Machine: dna063  Platform: Linux  PlatformVersion: 5.14.0-427.37.1.el9_4.x86_64  CompilerName: GCC  CompilerVersion: 8.4.0
ProgramName: mri_info  ProgramArguments: mri_info -all-info  ProgramVersion: 7.3.2  TimeStamp: 2026/03/10-05:43:21-GMT  BuildTime: Aug  4 2022 06:17:15  BuildStamp: freesurfer-linux-ubuntu22_x86_64-7.3.2-20220804-6354275  User: oesteban  Machine: dna063  Platform: Linux  PlatformVersion: 5.14.0-427.37.1.el9_4.x86_64  CompilerName: GCC  CompilerVersion: 8.4.0
ProgramName: mri_label2label  ProgramArguments: mri_label2label -all-info  ProgramVersion: 7.3.2  TimeStamp: 2026/03/10-05:43:21-GMT  BuildTime: Aug  4 2022 06:17:15  BuildStamp: freesurfer-linux-ubuntu22_x86_64-7.3.2-20220804-6354275  User: oesteban  Machine: dna063  Platform: Linux  PlatformVersion: 5.14.0-427.37.1.el9_4.x86_64  CompilerName: GCC  CompilerVersion: 8.4.0
ProgramName: mri_label2vol  ProgramArguments: mri_label2vol -all-info  ProgramVersion: 7.3.2  TimeStamp: 2026/03/10-05:43:21-GMT  BuildTime: Aug  4 2022 06:17:15  BuildStamp: freesurfer-linux-ubuntu22_x86_64-7.3.2-20220804-6354275  User: oesteban  Machine: dna063  Platform: Linux  PlatformVersion: 5.14.0-427.37.1.el9_4.x86_64  CompilerName: GCC  CompilerVersion: 8.4.0
ProgramName: mri_log_likelihood  ProgramArguments: mri_log_likelihood -all-info  ProgramVersion: 7.3.2  TimeStamp: 2026/03/10-05:43:21-GMT  BuildTime: Aug  4 2022 06:17:15  BuildStamp: freesurfer-linux-ubuntu22_x86_64-7.3.2-20220804-6354275  User: oesteban  Machine: dna063  Platform: Linux  PlatformVersion: 5.14.0-427.37.1.el9_4.x86_64  CompilerName: GCC  CompilerVersion: 8.4.0
ProgramName: mri_mask  ProgramArguments: mri_mask -all-info  ProgramVersion: 7.3.2  TimeStamp: 2026/03/10-05:43:21-GMT  BuildTime: Aug  4 2022 06:17:15  BuildStamp: freesurfer-linux-ubuntu22_x86_64-7.3.2-20220804-6354275  User: oesteban  Machine: dna063  Platform: Linux  PlatformVersion: 5.14.0-427.37.1.el9_4.x86_64  CompilerName: GCC  CompilerVersion: 8.4.0
ProgramName: mri_matrix_multiply  ProgramArguments: mri_matrix_multiply -all-info  ProgramVersion: 7.3.2  TimeStamp: 2026/03/10-05:43:21-GMT  BuildTime: Aug  4 2022 06:17:15  BuildStamp: freesurfer-linux-ubuntu22_x86_64-7.3.2-20220804-6354275  User: oesteban  Machine: dna063  Platform: Linux  PlatformVersion: 5.14.0-427.37.1.el9_4.x86_64  CompilerName: GCC  CompilerVersion: 8.4.0
ProgramName: mri_normalize  ProgramArguments: mri_normalize -all-info  ProgramVersion: 7.3.2  TimeStamp: 2026/03/10-05:43:21-GMT  BuildTime: Aug  4 2022 06:17:15  BuildStamp: freesurfer-linux-ubuntu22_x86_64-7.3.2-20220804-6354275  User: oesteban  Machine: dna063  Platform: Linux  PlatformVersion: 5.14.0-427.37.1.el9_4.x86_64  CompilerName: GCC  CompilerVersion: 8.4.0
ProgramName: mri_normalize_tp2  ProgramArguments: mri_normalize_tp2 -all-info  ProgramVersion: 7.3.2  TimeStamp: 2026/03/10-05:43:21-GMT  BuildTime: Aug  4 2022 06:17:15  BuildStamp: freesurfer-linux-ubuntu22_x86_64-7.3.2-20220804-6354275  User: oesteban  Machine: dna063  Platform: Linux  PlatformVersion: 5.14.0-427.37.1.el9_4.x86_64  CompilerName: GCC  CompilerVersion: 8.4.0
ProgramName: mri_or  ProgramArguments: mri_or -all-info  ProgramVersion: 7.3.2  TimeStamp: 2026/03/10-05:43:21-GMT  BuildTime: Aug  4 2022 06:17:15  BuildStamp: freesurfer-linux-ubuntu22_x86_64-7.3.2-20220804-6354275  User: oesteban  Machine: dna063  Platform: Linux  PlatformVersion: 5.14.0-427.37.1.el9_4.x86_64  CompilerName: GCC  CompilerVersion: 8.4.0
ProgramName: mri_relabel_hypointensities  ProgramArguments: mri_relabel_hypointensities -all-info  ProgramVersion: 7.3.2  TimeStamp: 2026/03/10-05:43:21-GMT  BuildTime: Aug  4 2022 06:17:15  BuildStamp: freesurfer-linux-ubuntu22_x86_64-7.3.2-20220804-6354275  User: oesteban  Machine: dna063  Platform: Linux  PlatformVersion: 5.14.0-427.37.1.el9_4.x86_64  CompilerName: GCC  CompilerVersion: 8.4.0
ProgramName: mri_relabel_nonwm_hypos  ProgramArguments: mri_relabel_nonwm_hypos -all-info  ProgramVersion: 7.3.2  TimeStamp: 2026/03/10-05:43:21-GMT  BuildTime: Aug  4 2022 06:17:15  BuildStamp: freesurfer-linux-ubuntu22_x86_64-7.3.2-20220804-6354275  User: oesteban  Machine: dna063  Platform: Linux  PlatformVersion: 5.14.0-427.37.1.el9_4.x86_64  CompilerName: GCC  CompilerVersion: 8.4.0
ProgramName: mri_remove_neck  ProgramArguments: mri_remove_neck -all-info  ProgramVersion: 7.3.2  TimeStamp: 2026/03/10-05:43:21-GMT  BuildTime: Aug  4 2022 06:17:15  BuildStamp: freesurfer-linux-ubuntu22_x86_64-7.3.2-20220804-6354275  User: oesteban  Machine: dna063  Platform: Linux  PlatformVersion: 5.14.0-427.37.1.el9_4.x86_64  CompilerName: GCC  CompilerVersion: 8.4.0
7.3.2

ProgramName: mri_robust_register  ProgramArguments: mri_robust_register -all-info  ProgramVersion: 7.3.2  TimeStamp: 2026/03/10-05:43:21-GMT  BuildTime: Aug  4 2022 06:17:15  BuildStamp: freesurfer-linux-ubuntu22_x86_64-7.3.2-20220804-6354275  User: oesteban  Machine: dna063  Platform: Linux  PlatformVersion: 5.14.0-427.37.1.el9_4.x86_64  CompilerName: GCC  CompilerVersion: 8.4.0
7.3.2

ProgramName: mri_robust_template  ProgramArguments: mri_robust_template -all-info  ProgramVersion: 7.3.2  TimeStamp: 2026/03/10-05:43:21-GMT  BuildTime: Aug  4 2022 06:17:15  BuildStamp: freesurfer-linux-ubuntu22_x86_64-7.3.2-20220804-6354275  User: oesteban  Machine: dna063  Platform: Linux  PlatformVersion: 5.14.0-427.37.1.el9_4.x86_64  CompilerName: GCC  CompilerVersion: 8.4.0
ProgramName: mris_anatomical_stats  ProgramArguments: mris_anatomical_stats -all-info  ProgramVersion: 7.3.2  TimeStamp: 2026/03/10-05:43:21-GMT  BuildTime: Aug  4 2022 06:17:15  BuildStamp: freesurfer-linux-ubuntu22_x86_64-7.3.2-20220804-6354275  User: oesteban  Machine: dna063  Platform: Linux  PlatformVersion: 5.14.0-427.37.1.el9_4.x86_64  CompilerName: GCC  CompilerVersion: 8.4.0
ProgramName: mris_ca_label  ProgramArguments: mris_ca_label -all-info  ProgramVersion: 7.3.2  TimeStamp: 2026/03/10-05:43:21-GMT  BuildTime: Aug  4 2022 06:17:15  BuildStamp: freesurfer-linux-ubuntu22_x86_64-7.3.2-20220804-6354275  User: oesteban  Machine: dna063  Platform: Linux  PlatformVersion: 5.14.0-427.37.1.el9_4.x86_64  CompilerName: GCC  CompilerVersion: 8.4.0
ProgramName: mris_calc  ProgramArguments: mris_calc -all-info  ProgramVersion: 7.3.2  TimeStamp: 2026/03/10-05:43:21-GMT  BuildTime: Aug  4 2022 06:17:15  BuildStamp: freesurfer-linux-ubuntu22_x86_64-7.3.2-20220804-6354275  User: oesteban  Machine: dna063  Platform: Linux  PlatformVersion: 5.14.0-427.37.1.el9_4.x86_64  CompilerName: GCC  CompilerVersion: 8.4.0
ProgramName: mris_convert  ProgramArguments: mris_convert -all-info  ProgramVersion: 7.3.2  TimeStamp: 2026/03/10-05:43:21-GMT  BuildTime: Aug  4 2022 06:17:15  BuildStamp: freesurfer-linux-ubuntu22_x86_64-7.3.2-20220804-6354275  User: oesteban  Machine: dna063  Platform: Linux  PlatformVersion: 5.14.0-427.37.1.el9_4.x86_64  CompilerName: GCC  CompilerVersion: 8.4.0
ProgramName: mris_curvature  ProgramArguments: mris_curvature -all-info  ProgramVersion: 7.3.2  TimeStamp: 2026/03/10-05:43:21-GMT  BuildTime: Aug  4 2022 06:17:15  BuildStamp: freesurfer-linux-ubuntu22_x86_64-7.3.2-20220804-6354275  User: oesteban  Machine: dna063  Platform: Linux  PlatformVersion: 5.14.0-427.37.1.el9_4.x86_64  CompilerName: GCC  CompilerVersion: 8.4.0
ProgramName: mris_curvature_stats  ProgramArguments: mris_curvature_stats -all-info  ProgramVersion: 7.3.2  TimeStamp: 2026/03/10-05:43:21-GMT  BuildTime: Aug  4 2022 06:17:15  BuildStamp: freesurfer-linux-ubuntu22_x86_64-7.3.2-20220804-6354275  User: oesteban  Machine: dna063  Platform: Linux  PlatformVersion: 5.14.0-427.37.1.el9_4.x86_64  CompilerName: GCC  CompilerVersion: 8.4.0
ProgramName: mris_diff  ProgramArguments: mris_diff -all-info  ProgramVersion: 7.3.2  TimeStamp: 2026/03/10-05:43:21-GMT  BuildTime: Aug  4 2022 06:17:15  BuildStamp: freesurfer-linux-ubuntu22_x86_64-7.3.2-20220804-6354275  User: oesteban  Machine: dna063  Platform: Linux  PlatformVersion: 5.14.0-427.37.1.el9_4.x86_64  CompilerName: GCC  CompilerVersion: 8.4.0
ProgramName: mris_divide_parcellation  ProgramArguments: mris_divide_parcellation -all-info  ProgramVersion: 7.3.2  TimeStamp: 2026/03/10-05:43:21-GMT  BuildTime: Aug  4 2022 06:17:15  BuildStamp: freesurfer-linux-ubuntu22_x86_64-7.3.2-20220804-6354275  User: oesteban  Machine: dna063  Platform: Linux  PlatformVersion: 5.14.0-427.37.1.el9_4.x86_64  CompilerName: GCC  CompilerVersion: 8.4.0
ProgramName: mri_segment  ProgramArguments: mri_segment -all-info  ProgramVersion: 7.3.2  TimeStamp: 2026/03/10-05:43:21-GMT  BuildTime: Aug  4 2022 06:17:15  BuildStamp: freesurfer-linux-ubuntu22_x86_64-7.3.2-20220804-6354275  User: oesteban  Machine: dna063  Platform: Linux  PlatformVersion: 5.14.0-427.37.1.el9_4.x86_64  CompilerName: GCC  CompilerVersion: 8.4.0
ProgramName: mri_segstats  ProgramArguments: mri_segstats -all-info  ProgramVersion: 7.3.2  TimeStamp: 2026/03/10-05:43:21-GMT  BuildTime: Aug  4 2022 06:17:15  BuildStamp: freesurfer-linux-ubuntu22_x86_64-7.3.2-20220804-6354275  User: oesteban  Machine: dna063  Platform: Linux  PlatformVersion: 5.14.0-427.37.1.el9_4.x86_64  CompilerName: GCC  CompilerVersion: 8.4.0
ProgramName: mris_euler_number  ProgramArguments: mris_euler_number -all-info  ProgramVersion: 7.3.2  TimeStamp: 2026/03/10-05:43:21-GMT  BuildTime: Aug  4 2022 06:17:15  BuildStamp: freesurfer-linux-ubuntu22_x86_64-7.3.2-20220804-6354275  User: oesteban  Machine: dna063  Platform: Linux  PlatformVersion: 5.14.0-427.37.1.el9_4.x86_64  CompilerName: GCC  CompilerVersion: 8.4.0
ProgramName: mris_fix_topology  ProgramArguments: mris_fix_topology -all-info  ProgramVersion: 7.3.2  TimeStamp: 2026/03/10-05:43:21-GMT  BuildTime: Aug  4 2022 06:17:15  BuildStamp: freesurfer-linux-ubuntu22_x86_64-7.3.2-20220804-6354275  User: oesteban  Machine: dna063  Platform: Linux  PlatformVersion: 5.14.0-427.37.1.el9_4.x86_64  CompilerName: GCC  CompilerVersion: 8.4.0
ProgramName: mris_topo_fixer  ProgramArguments: mris_topo_fixer -all-info  ProgramVersion: 7.3.2  TimeStamp: 2026/03/10-05:43:21-GMT  BuildTime: Aug  4 2022 06:17:15  BuildStamp: freesurfer-linux-ubuntu22_x86_64-7.3.2-20220804-6354275  User: oesteban  Machine: dna063  Platform: Linux  PlatformVersion: 5.14.0-427.37.1.el9_4.x86_64  CompilerName: GCC  CompilerVersion: 8.4.0
ProgramName: mris_jacobian  ProgramArguments: mris_jacobian -all-info  ProgramVersion: 7.3.2  TimeStamp: 2026/03/10-05:43:21-GMT  BuildTime: Aug  4 2022 06:17:15  BuildStamp: freesurfer-linux-ubuntu22_x86_64-7.3.2-20220804-6354275  User: oesteban  Machine: dna063  Platform: Linux  PlatformVersion: 5.14.0-427.37.1.el9_4.x86_64  CompilerName: GCC  CompilerVersion: 8.4.0
ProgramName: mris_label2annot  ProgramArguments: mris_label2annot -all-info  ProgramVersion: 7.3.2  TimeStamp: 2026/03/10-05:43:21-GMT  BuildTime: Aug  4 2022 06:17:15  BuildStamp: freesurfer-linux-ubuntu22_x86_64-7.3.2-20220804-6354275  User: oesteban  Machine: dna063  Platform: Linux  PlatformVersion: 5.14.0-427.37.1.el9_4.x86_64  CompilerName: GCC  CompilerVersion: 8.4.0
ProgramName: mris_left_right_register  ProgramArguments: mris_left_right_register -all-info  ProgramVersion: 7.3.2  TimeStamp: 2026/03/10-05:43:21-GMT  BuildTime: Aug  4 2022 06:17:15  BuildStamp: freesurfer-linux-ubuntu22_x86_64-7.3.2-20220804-6354275  User: oesteban  Machine: dna063  Platform: Linux  PlatformVersion: 5.14.0-427.37.1.el9_4.x86_64  CompilerName: GCC  CompilerVersion: 8.4.0
ProgramName: mris_place_surface  ProgramArguments: mris_place_surface -all-info  ProgramVersion: 7.3.2  TimeStamp: 2026/03/10-05:43:21-GMT  BuildTime: Aug  4 2022 06:17:15  BuildStamp: freesurfer-linux-ubuntu22_x86_64-7.3.2-20220804-6354275  User: oesteban  Machine: dna063  Platform: Linux  PlatformVersion: 5.14.0-427.37.1.el9_4.x86_64  CompilerName: GCC  CompilerVersion: 8.4.0
ProgramName: mrisp_paint  ProgramArguments: mrisp_paint -all-info  ProgramVersion: 7.3.2  TimeStamp: 2026/03/10-05:43:21-GMT  BuildTime: Aug  4 2022 06:17:15  BuildStamp: freesurfer-linux-ubuntu22_x86_64-7.3.2-20220804-6354275  User: oesteban  Machine: dna063  Platform: Linux  PlatformVersion: 5.14.0-427.37.1.el9_4.x86_64  CompilerName: GCC  CompilerVersion: 8.4.0
ProgramName: mris_register  ProgramArguments: mris_register -all-info  ProgramVersion: 7.3.2  TimeStamp: 2026/03/10-05:43:21-GMT  BuildTime: Aug  4 2022 06:17:15  BuildStamp: freesurfer-linux-ubuntu22_x86_64-7.3.2-20220804-6354275  User: oesteban  Machine: dna063  Platform: Linux  PlatformVersion: 5.14.0-427.37.1.el9_4.x86_64  CompilerName: GCC  CompilerVersion: 8.4.0
ProgramName: mris_smooth  ProgramArguments: mris_smooth -all-info  ProgramVersion: 7.3.2  TimeStamp: 2026/03/10-05:43:21-GMT  BuildTime: Aug  4 2022 06:17:15  BuildStamp: freesurfer-linux-ubuntu22_x86_64-7.3.2-20220804-6354275  User: oesteban  Machine: dna063  Platform: Linux  PlatformVersion: 5.14.0-427.37.1.el9_4.x86_64  CompilerName: GCC  CompilerVersion: 8.4.0
ProgramName: mris_sphere  ProgramArguments: mris_sphere -all-info  ProgramVersion: 7.3.2  TimeStamp: 2026/03/10-05:43:21-GMT  BuildTime: Aug  4 2022 06:17:15  BuildStamp: freesurfer-linux-ubuntu22_x86_64-7.3.2-20220804-6354275  User: oesteban  Machine: dna063  Platform: Linux  PlatformVersion: 5.14.0-427.37.1.el9_4.x86_64  CompilerName: GCC  CompilerVersion: 8.4.0
ProgramName: mris_surface_stats  ProgramArguments: mris_surface_stats -all-info  ProgramVersion: 7.3.2  TimeStamp: 2026/03/10-05:43:21-GMT  BuildTime: Aug  4 2022 06:17:15  BuildStamp: freesurfer-linux-ubuntu22_x86_64-7.3.2-20220804-6354275  User: oesteban  Machine: dna063  Platform: Linux  PlatformVersion: 5.14.0-427.37.1.el9_4.x86_64  CompilerName: GCC  CompilerVersion: 8.4.0
ProgramName: mri_stats2seg  ProgramArguments: mri_stats2seg -all-info  ProgramVersion: 7.3.2  TimeStamp: 2026/03/10-05:43:21-GMT  BuildTime: Aug  4 2022 06:17:15  BuildStamp: freesurfer-linux-ubuntu22_x86_64-7.3.2-20220804-6354275  User: oesteban  Machine: dna063  Platform: Linux  PlatformVersion: 5.14.0-427.37.1.el9_4.x86_64  CompilerName: GCC  CompilerVersion: 8.4.0
ProgramName: mris_thickness  ProgramArguments: mris_thickness -all-info  ProgramVersion: 7.3.2  TimeStamp: 2026/03/10-05:43:21-GMT  BuildTime: Aug  4 2022 06:17:15  BuildStamp: freesurfer-linux-ubuntu22_x86_64-7.3.2-20220804-6354275  User: oesteban  Machine: dna063  Platform: Linux  PlatformVersion: 5.14.0-427.37.1.el9_4.x86_64  CompilerName: GCC  CompilerVersion: 8.4.0
ProgramName: mris_thickness_diff  ProgramArguments: mris_thickness_diff -all-info  ProgramVersion: 7.3.2  TimeStamp: 2026/03/10-05:43:21-GMT  BuildTime: Aug  4 2022 06:17:15  BuildStamp: freesurfer-linux-ubuntu22_x86_64-7.3.2-20220804-6354275  User: oesteban  Machine: dna063  Platform: Linux  PlatformVersion: 5.14.0-427.37.1.el9_4.x86_64  CompilerName: GCC  CompilerVersion: 8.4.0
ProgramName: mris_topo_fixer  ProgramArguments: mris_topo_fixer -all-info  ProgramVersion: 7.3.2  TimeStamp: 2026/03/10-05:43:21-GMT  BuildTime: Aug  4 2022 06:17:15  BuildStamp: freesurfer-linux-ubuntu22_x86_64-7.3.2-20220804-6354275  User: oesteban  Machine: dna063  Platform: Linux  PlatformVersion: 5.14.0-427.37.1.el9_4.x86_64  CompilerName: GCC  CompilerVersion: 8.4.0
ProgramName: mri_surf2surf  ProgramArguments: mri_surf2surf -all-info  ProgramVersion: 7.3.2  TimeStamp: 2026/03/10-05:43:21-GMT  BuildTime: Aug  4 2022 06:17:15  BuildStamp: freesurfer-linux-ubuntu22_x86_64-7.3.2-20220804-6354275  User: oesteban  Machine: dna063  Platform: Linux  PlatformVersion: 5.14.0-427.37.1.el9_4.x86_64  CompilerName: GCC  CompilerVersion: 8.4.0
ProgramName: mri_surf2vol  ProgramArguments: mri_surf2vol -all-info  ProgramVersion: 7.3.2  TimeStamp: 2026/03/10-05:43:21-GMT  BuildTime: Aug  4 2022 06:17:15  BuildStamp: freesurfer-linux-ubuntu22_x86_64-7.3.2-20220804-6354275  User: oesteban  Machine: dna063  Platform: Linux  PlatformVersion: 5.14.0-427.37.1.el9_4.x86_64  CompilerName: GCC  CompilerVersion: 8.4.0
ProgramName: mri_surfcluster  ProgramArguments: mri_surfcluster -all-info  ProgramVersion: 7.3.2  TimeStamp: 2026/03/10-05:43:21-GMT  BuildTime: Aug  4 2022 06:17:15  BuildStamp: freesurfer-linux-ubuntu22_x86_64-7.3.2-20220804-6354275  User: oesteban  Machine: dna063  Platform: Linux  PlatformVersion: 5.14.0-427.37.1.el9_4.x86_64  CompilerName: GCC  CompilerVersion: 8.4.0
ProgramName: mris_volmask  ProgramArguments: mris_volmask -all-info  ProgramVersion: 7.3.2  TimeStamp: 2026/03/10-05:43:21-GMT  BuildTime: Aug  4 2022 06:17:15  BuildStamp: freesurfer-linux-ubuntu22_x86_64-7.3.2-20220804-6354275  User: oesteban  Machine: dna063  Platform: Linux  PlatformVersion: 5.14.0-427.37.1.el9_4.x86_64  CompilerName: GCC  CompilerVersion: 8.4.0
ProgramName: mri_tessellate  ProgramArguments: mri_tessellate -all-info  ProgramVersion: 7.3.2  TimeStamp: 2026/03/10-05:43:21-GMT  BuildTime: Aug  4 2022 06:17:15  BuildStamp: freesurfer-linux-ubuntu22_x86_64-7.3.2-20220804-6354275  User: oesteban  Machine: dna063  Platform: Linux  PlatformVersion: 5.14.0-427.37.1.el9_4.x86_64  CompilerName: GCC  CompilerVersion: 8.4.0
ProgramName: mri_vol2surf  ProgramArguments: mri_vol2surf -all-info  ProgramVersion: 7.3.2  TimeStamp: 2026/03/10-05:43:21-GMT  BuildTime: Aug  4 2022 06:17:15  BuildStamp: freesurfer-linux-ubuntu22_x86_64-7.3.2-20220804-6354275  User: oesteban  Machine: dna063  Platform: Linux  PlatformVersion: 5.14.0-427.37.1.el9_4.x86_64  CompilerName: GCC  CompilerVersion: 8.4.0
ProgramName: mri_vol2vol  ProgramArguments: mri_vol2vol -all-info  ProgramVersion: 7.3.2  TimeStamp: 2026/03/10-05:43:21-GMT  BuildTime: Aug  4 2022 06:17:15  BuildStamp: freesurfer-linux-ubuntu22_x86_64-7.3.2-20220804-6354275  User: oesteban  Machine: dna063  Platform: Linux  PlatformVersion: 5.14.0-427.37.1.el9_4.x86_64  CompilerName: GCC  CompilerVersion: 8.4.0
ProgramName: mri_voldiff  ProgramArguments: mri_voldiff -all-info  ProgramVersion: 7.3.2  TimeStamp: 2026/03/10-05:43:21-GMT  BuildTime: Aug  4 2022 06:17:15  BuildStamp: freesurfer-linux-ubuntu22_x86_64-7.3.2-20220804-6354275  User: oesteban  Machine: dna063  Platform: Linux  PlatformVersion: 5.14.0-427.37.1.el9_4.x86_64  CompilerName: GCC  CompilerVersion: 8.4.0
ProgramName: mri_watershed  ProgramArguments: mri_watershed -all-info  ProgramVersion: 7.3.2  TimeStamp: 2026/03/10-05:43:21-GMT  BuildTime: Aug  4 2022 06:17:15  BuildStamp: freesurfer-linux-ubuntu22_x86_64-7.3.2-20220804-6354275  User: oesteban  Machine: dna063  Platform: Linux  PlatformVersion: 5.14.0-427.37.1.el9_4.x86_64  CompilerName: GCC  CompilerVersion: 8.4.0
ProgramName: tkregister2  ProgramArguments: tkregister2_cmdl -all-info  ProgramVersion: 7.3.2  TimeStamp: 2026/03/10-05:43:21-GMT  BuildTime: Aug  4 2022 06:17:15  BuildStamp: freesurfer-linux-ubuntu22_x86_64-7.3.2-20220804-6354275  User: oesteban  Machine: dna063  Platform: Linux  PlatformVersion: 5.14.0-427.37.1.el9_4.x86_64  CompilerName: GCC  CompilerVersion: 8.4.0
mri_motion_correct.fsl 7.3.2
mri_convert -all-info 
ProgramName: mri_convert  ProgramArguments: mri_convert -all-info  ProgramVersion: 7.3.2  TimeStamp: 2026/03/10-05:43:21-GMT  BuildTime: Aug  4 2022 06:17:15  BuildStamp: freesurfer-linux-ubuntu22_x86_64-7.3.2-20220804-6354275  User: oesteban  Machine: dna063  Platform: Linux  PlatformVersion: 5.14.0-427.37.1.el9_4.x86_64  CompilerName: GCC  CompilerVersion: 8.4.0
Program nu_correct, built from:
Package MNI N3, version 1.12.0, compiled by nicks@terrier (x86_64-unknown-linux-gnu) on 2015-06-19 at 01:25:34
#######################################
GCADIR /opt/freesurfer/average
GCA RB_all_2020-01-02.gca
GCASkull RB_all_withskull_2020_01_02.gca
AvgCurvTif folding.atlas.acfb40.noaparc.i12.2016-08-02.tif
GCSDIR /opt/freesurfer/average
GCS DKaparc.atlas.acfb40.noaparc.i12.2016-08-02.gcs
#######################################
/out/sourcedata/freesurfer/sub-v1s8x0051332_ses-1

 mri_convert /work/fmriprep_25_2_wf/sub_v1s8x0051332_ses_1_wf/anat_fit_wf/anat_validate/sub-v1s8x0051332_ses-1_T1w_noise_corrected_ras_valid.nii.gz /out/sourcedata/freesurfer/sub-v1s8x0051332_ses-1/mri/orig/001.mgz 

mri_convert /work/fmriprep_25_2_wf/sub_v1s8x0051332_ses_1_wf/anat_fit_wf/anat_validate/sub-v1s8x0051332_ses-1_T1w_noise_corrected_ras_valid.nii.gz /out/sourcedata/freesurfer/sub-v1s8x0051332_ses-1/mri/orig/001.mgz 
reading from /work/fmriprep_25_2_wf/sub_v1s8x0051332_ses_1_wf/anat_fit_wf/anat_validate/sub-v1s8x0051332_ses-1_T1w_noise_corrected_ras_valid.nii.gz...
TR=0.00, TE=0.00, TI=0.00, flip angle=0.00
i_ras = (1, 0, 0)
j_ras = (0, 1, 0)
k_ras = (0, 0, 1)
writing to /out/sourcedata/freesurfer/sub-v1s8x0051332_ses-1/mri/orig/001.mgz...
#--------------------------------------------
#@# MotionCor Tue Mar 10 06:43:24 CET 2026
Found 1 runs
/out/sourcedata/freesurfer/sub-v1s8x0051332_ses-1/mri/orig/001.mgz
Checking for (invalid) multi-frame inputs...
Only one run found so motion
correction will not be performed. I'll
copy the run to rawavg and continue.

 cp /out/sourcedata/freesurfer/sub-v1s8x0051332_ses-1/mri/orig/001.mgz /out/sourcedata/freesurfer/sub-v1s8x0051332_ses-1/mri/rawavg.mgz 


 mri_info /out/sourcedata/freesurfer/sub-v1s8x0051332_ses-1/mri/rawavg.mgz 

rawavg.mgz ========================================
Volume information for /out/sourcedata/freesurfer/sub-v1s8x0051332_ses-1/mri/rawavg.mgz
          type: MGH
    dimensions: 160 x 256 x 256
   voxel sizes: 1.000000, 0.976562, 0.976562
          type: FLOAT (3)
           fov: 250.000
           dof: 1
        xstart: -80.0, xend: 80.0
        ystart: -125.0, yend: 125.0
        zstart: -125.0, zend: 125.0
            TR: 0.00 msec, TE: 0.00 msec, TI: 0.00 msec, flip angle: 0.00 degrees
       nframes: 1
       PhEncDir: UNKNOWN
       FieldStrength: 0.000000
ras xform present
    xform info: x_r =   1.0000, y_r =   0.0000, z_r =   0.0000, c_r =    -0.5482
              : x_a =   0.0000, y_a =   1.0000, z_a =   0.0000, c_a =     1.9193
              : x_s =   0.0000, y_s =   0.0000, z_s =   1.0000, c_s =    22.1083

talairach xfm : 
Orientation   : RAS
Primary Slice Direction: axial

voxel to ras transform:
                1.0000   0.0000   0.0000   -80.5482
                0.0000   0.9766   0.0000  -123.0807
                0.0000   0.0000   0.9766  -102.8917
                0.0000   0.0000   0.0000     1.0000

voxel-to-ras determinant 0.953674

ras to voxel transform:
                1.0000   0.0000   0.0000    80.5482
                0.0000   1.0240   0.0000   126.0347
                0.0000   0.0000   1.0240   105.3611
                0.0000   0.0000   0.0000     1.0000
/out/sourcedata/freesurfer/sub-v1s8x0051332_ses-1

 mri_convert /out/sourcedata/freesurfer/sub-v1s8x0051332_ses-1/mri/rawavg.mgz /out/sourcedata/freesurfer/sub-v1s8x0051332_ses-1/mri/orig.mgz --conform 

mri_convert /out/sourcedata/freesurfer/sub-v1s8x0051332_ses-1/mri/rawavg.mgz /out/sourcedata/freesurfer/sub-v1s8x0051332_ses-1/mri/orig.mgz --conform 
reading from /out/sourcedata/freesurfer/sub-v1s8x0051332_ses-1/mri/rawavg.mgz...
TR=0.00, TE=0.00, TI=0.00, flip angle=0.00
i_ras = (1, 0, 0)
j_ras = (0, 1, 0)
k_ras = (0, 0, 1)
changing data type from float to uchar (noscale = 0)...
MRIchangeType: Building histogram 0 541.841 1000, flo=0, fhi=0.999, dest_type=0
Reslicing using trilinear interpolation 
writing to /out/sourcedata/freesurfer/sub-v1s8x0051332_ses-1/mri/orig.mgz...

 mri_add_xform_to_header -c /out/sourcedata/freesurfer/sub-v1s8x0051332_ses-1/mri/transforms/talairach.xfm /out/sourcedata/freesurfer/sub-v1s8x0051332_ses-1/mri/orig.mgz /out/sourcedata/freesurfer/sub-v1s8x0051332_ses-1/mri/orig.mgz 

INFO: extension is mgz

 mri_info /out/sourcedata/freesurfer/sub-v1s8x0051332_ses-1/mri/orig.mgz 

orig.mgz ========================================
Volume information for /out/sourcedata/freesurfer/sub-v1s8x0051332_ses-1/mri/orig.mgz
          type: MGH
    dimensions: 256 x 256 x 256
   voxel sizes: 1.000000, 1.000000, 1.000000
          type: UCHAR (0)
           fov: 256.000
           dof: 1
        xstart: -128.0, xend: 128.0
        ystart: -128.0, yend: 128.0
        zstart: -128.0, zend: 128.0
            TR: 0.00 msec, TE: 0.00 msec, TI: 0.00 msec, flip angle: 0.00 degrees
       nframes: 1
       PhEncDir: UNKNOWN
       FieldStrength: 0.000000
ras xform present
    xform info: x_r =  -1.0000, y_r =   0.0000, z_r =   0.0000, c_r =    -0.5482
              : x_a =   0.0000, y_a =   0.0000, z_a =   1.0000, c_a =     1.9193
              : x_s =   0.0000, y_s =  -1.0000, z_s =   0.0000, c_s =    22.1083

talairach xfm : /out/sourcedata/freesurfer/sub-v1s8x0051332_ses-1/mri/transforms/talairach.xfm
Orientation   : LIA
Primary Slice Direction: coronal

voxel to ras transform:
               -1.0000   0.0000   0.0000   127.4518
                0.0000   0.0000   1.0000  -126.0807
                0.0000  -1.0000   0.0000   150.1083
                0.0000   0.0000   0.0000     1.0000

voxel-to-ras determinant -1

ras to voxel transform:
               -1.0000  -0.0000  -0.0000   127.4518
               -0.0000  -0.0000  -1.0000   150.1083
               -0.0000   1.0000  -0.0000   126.0807
               -0.0000  -0.0000  -0.0000     1.0000
#--------------------------------------------
#@# Talairach Tue Mar 10 06:43:32 CET 2026
/out/sourcedata/freesurfer/sub-v1s8x0051332_ses-1/mri

 mri_nu_correct.mni --no-rescale --i orig.mgz --o orig_nu.mgz --ants-n4 --n 1 --proto-iters 1000 --distance 50 

/usr/bin/bc
/out/sourcedata/freesurfer/sub-v1s8x0051332_ses-1/mri
/opt/freesurfer/bin/mri_nu_correct.mni
--no-rescale --i orig.mgz --o orig_nu.mgz --ants-n4 --n 1 --proto-iters 1000 --distance 50
nIters 1
mri_nu_correct.mni 7.3.2
Linux dna063 5.14.0-427.37.1.el9_4.x86_64 #1 SMP PREEMPT_DYNAMIC Fri Sep 13 12:41:50 EDT 2024 x86_64 x86_64 x86_64 GNU/Linux
Tue Mar 10 06:43:32 CET 2026
tmpdir is ./tmp.mri_nu_correct.mni.674391
cd /out/sourcedata/freesurfer/sub-v1s8x0051332_ses-1/mri
AntsN4BiasFieldCorrectionFs -i orig.mgz -o ./tmp.mri_nu_correct.mni.674391/nu0.mgz --dtype uchar
AntsN4BiasFieldCorrectionFs done
mri_convert ./tmp.mri_nu_correct.mni.674391/nu0.mgz orig_nu.mgz --like orig.mgz --conform
mri_convert ./tmp.mri_nu_correct.mni.674391/nu0.mgz orig_nu.mgz --like orig.mgz --conform 
reading from ./tmp.mri_nu_correct.mni.674391/nu0.mgz...
TR=0.00, TE=0.00, TI=0.00, flip angle=0.00
i_ras = (-1, 0, 0)
j_ras = (0, 0, -1)
k_ras = (0, 1, 0)
INFO: transform src into the like-volume: orig.mgz
writing to orig_nu.mgz...
 
 
Tue Mar 10 06:46:26 CET 2026
mri_nu_correct.mni done

 talairach_avi --i orig_nu.mgz --xfm transforms/talairach.auto.xfm 

talairach_avi log file is transforms/talairach_avi.log...
mv -f /out/sourcedata/freesurfer/sub-v1s8x0051332_ses-1/mri/talsrcimg_to_711-2C_as_mni_average_305_t4_vox2vox.txt /out/sourcedata/freesurfer/sub-v1s8x0051332_ses-1/mri/transforms/talsrcimg_to_711-2C_as_mni_average_305_t4_vox2vox.txt
Started at Tue Mar 10 06:46:26 CET 2026
Ended   at Tue Mar 10 06:47:51 CET 2026
talairach_avi done

 cp transforms/talairach.auto.xfm transforms/talairach.xfm 

lta_convert --src orig.mgz --trg /opt/freesurfer/average/mni305.cor.mgz --inxfm transforms/talairach.xfm --outlta transforms/talairach.xfm.lta --subject fsaverage --ltavox2vox
7.3.2

--src: orig.mgz src image (geometry).
--trg: /opt/freesurfer/average/mni305.cor.mgz trg image (geometry).
--inmni: transforms/talairach.xfm input MNI/XFM transform.
--outlta: transforms/talairach.xfm.lta output LTA.
--s: fsaverage subject name
--ltavox2vox: output LTA as VOX_TO_VOX transform.
 LTA read, type : 1
 1.04485  -0.00875   0.01700   0.97913;
-0.01907   0.98075   0.00986  -14.13490;
-0.02186  -0.02511   0.95740  -36.17748;
 0.00000   0.00000   0.00000   1.00000;
setting subject to fsaverage
Writing  LTA to file transforms/talairach.xfm.lta...
lta_convert successful.
#--------------------------------------------
#@# Talairach Failure Detection Tue Mar 10 06:47:53 CET 2026
/out/sourcedata/freesurfer/sub-v1s8x0051332_ses-1/mri

 talairach_afd -T 0.005 -xfm transforms/talairach.xfm 

talairach_afd: Talairach Transform: transforms/talairach.xfm OK (p=0.5673, pval=0.2115 >= threshold=0.0050)

 awk -f /opt/freesurfer/bin/extract_talairach_avi_QA.awk /out/sourcedata/freesurfer/sub-v1s8x0051332_ses-1/mri/transforms/talairach_avi.log 


 tal_QC_AZS /out/sourcedata/freesurfer/sub-v1s8x0051332_ses-1/mri/transforms/talairach_avi.log 

TalAviQA: 0.97082
z-score: -1
#--------------------------------------------
#@# Nu Intensity Correction Tue Mar 10 06:47:53 CET 2026

 mri_nu_correct.mni --i orig.mgz --o nu.mgz --uchar transforms/talairach.xfm --n 2 --ants-n4 

/usr/bin/bc
/out/sourcedata/freesurfer/sub-v1s8x0051332_ses-1/mri
/opt/freesurfer/bin/mri_nu_correct.mni
--i orig.mgz --o nu.mgz --uchar transforms/talairach.xfm --n 2 --ants-n4
nIters 2
mri_nu_correct.mni 7.3.2
Linux dna063 5.14.0-427.37.1.el9_4.x86_64 #1 SMP PREEMPT_DYNAMIC Fri Sep 13 12:41:50 EDT 2024 x86_64 x86_64 x86_64 GNU/Linux
Tue Mar 10 06:47:53 CET 2026
tmpdir is ./tmp.mri_nu_correct.mni.681162
cd /out/sourcedata/freesurfer/sub-v1s8x0051332_ses-1/mri
AntsN4BiasFieldCorrectionFs -i orig.mgz -o ./tmp.mri_nu_correct.mni.681162/nu0.mgz --dtype uchar
AntsN4BiasFieldCorrectionFs done
mri_binarize --i ./tmp.mri_nu_correct.mni.681162/nu0.mgz --min -1 --o ./tmp.mri_nu_correct.mni.681162/ones.mgz

7.3.2
cwd /out/sourcedata/freesurfer/sub-v1s8x0051332_ses-1/mri
cmdline mri_binarize --i ./tmp.mri_nu_correct.mni.681162/nu0.mgz --min -1 --o ./tmp.mri_nu_correct.mni.681162/ones.mgz 
sysname  Linux
hostname dna063
machine  x86_64
user     oesteban

input      ./tmp.mri_nu_correct.mni.681162/nu0.mgz
frame      0
nErode3d   0
nErode2d   0
output     ./tmp.mri_nu_correct.mni.681162/ones.mgz
Binarizing based on threshold
min        -1
max        +infinity
binval        1
binvalnot     0
fstart = 0, fend = 0, nframes = 1
Starting parallel 1
Found 16777216 values in range
Counting number of voxels in first frame
Found 16777215 voxels in final mask
Writing output to ./tmp.mri_nu_correct.mni.681162/ones.mgz
Count: 16777215 16777215.000000 16777216 99.999994
mri_binarize done
mri_segstats --id 1 --seg ./tmp.mri_nu_correct.mni.681162/ones.mgz --i orig.mgz --sum ./tmp.mri_nu_correct.mni.681162/sum.junk --avgwf ./tmp.mri_nu_correct.mni.681162/input.mean.dat

7.3.2
cwd 
cmdline mri_segstats --id 1 --seg ./tmp.mri_nu_correct.mni.681162/ones.mgz --i orig.mgz --sum ./tmp.mri_nu_correct.mni.681162/sum.junk --avgwf ./tmp.mri_nu_correct.mni.681162/input.mean.dat 
sysname  Linux
hostname dna063
machine  x86_64
user     oesteban
whitesurfname  white
UseRobust  0
Loading ./tmp.mri_nu_correct.mni.681162/ones.mgz
Loading orig.mgz
Voxel Volume is 1 mm^3
Generating list of segmentation ids
Found   1 segmentations
Computing statistics for each segmentation

Reporting on   1 segmentations
Using PrintSegStat
Computing spatial average of each frame

Writing to ./tmp.mri_nu_correct.mni.681162/input.mean.dat
mri_segstats done
mri_segstats --id 1 --seg ./tmp.mri_nu_correct.mni.681162/ones.mgz --i ./tmp.mri_nu_correct.mni.681162/nu0.mgz --sum ./tmp.mri_nu_correct.mni.681162/sum.junk --avgwf ./tmp.mri_nu_correct.mni.681162/output.mean.dat

7.3.2
cwd 
cmdline mri_segstats --id 1 --seg ./tmp.mri_nu_correct.mni.681162/ones.mgz --i ./tmp.mri_nu_correct.mni.681162/nu0.mgz --sum ./tmp.mri_nu_correct.mni.681162/sum.junk --avgwf ./tmp.mri_nu_correct.mni.681162/output.mean.dat 
sysname  Linux
hostname dna063
machine  x86_64
user     oesteban
whitesurfname  white
UseRobust  0
Loading ./tmp.mri_nu_correct.mni.681162/ones.mgz
Loading ./tmp.mri_nu_correct.mni.681162/nu0.mgz
Voxel Volume is 1 mm^3
Generating list of segmentation ids
Found   1 segmentations
Computing statistics for each segmentation

Reporting on   1 segmentations
Using PrintSegStat
Computing spatial average of each frame

Writing to ./tmp.mri_nu_correct.mni.681162/output.mean.dat
mri_segstats done
mris_calc -o ./tmp.mri_nu_correct.mni.681162/nu0.mgz ./tmp.mri_nu_correct.mni.681162/nu0.mgz mul 1.08048596928082934361
Saving result to './tmp.mri_nu_correct.mni.681162/nu0.mgz' (type = MGH )                       [ ok ]
mri_convert ./tmp.mri_nu_correct.mni.681162/nu0.mgz nu.mgz --like orig.mgz
mri_convert ./tmp.mri_nu_correct.mni.681162/nu0.mgz nu.mgz --like orig.mgz 
reading from ./tmp.mri_nu_correct.mni.681162/nu0.mgz...
TR=0.00, TE=0.00, TI=0.00, flip angle=0.00
i_ras = (-1, 0, 0)
j_ras = (0, 0, -1)
k_ras = (0, 1, 0)
INFO: transform src into the like-volume: orig.mgz
writing to nu.mgz...
mri_make_uchar nu.mgz transforms/talairach.xfm nu.mgz
type change took 0 minutes and 6 seconds.
FIRST_PERCENTILE 0.010000
WM_PERCENTILE    0.900000
MAX_R 50.000000
i1 = 2, i2 = 58
#mri_make_uchar# mapping  5 149 to  3 110  :  b -1.2875 m 0.744926 : thresh 1.72836 maxsat 344.044 : nzero 11453602 nsat 0
 
 
Tue Mar 10 06:51:09 CET 2026
mri_nu_correct.mni done

 mri_add_xform_to_header -c /out/sourcedata/freesurfer/sub-v1s8x0051332_ses-1/mri/transforms/talairach.xfm nu.mgz nu.mgz 

INFO: extension is mgz
#--------------------------------------------
#@# Intensity Normalization Tue Mar 10 06:51:09 CET 2026
/out/sourcedata/freesurfer/sub-v1s8x0051332_ses-1/mri

 mri_normalize -g 1 -seed 1234 -mprage nu.mgz T1.mgz 

using max gradient = 1.000
setting seed for random number genererator to 1234
assuming input volume is MGH (Van der Kouwe) MP-RAGE
reading mri_src from nu.mgz...
normalizing image...
NOT doing gentle normalization with control points/label
talairach transform
 1.04485  -0.00875   0.01700   0.97913;
-0.01907   0.98075   0.00986  -14.13490;
-0.02186  -0.02511   0.95740  -36.17748;
 0.00000   0.00000   0.00000   1.00000;
processing without aseg, no1d=0
MRInormInit(): 
INFO: Modifying talairach volume c_(r,a,s) based on average_305
MRInormalize(): 
MRIsplineNormalize(): npeaks = 15
Starting OpenSpline(): npoints = 15
building Voronoi diagram...
performing soap bubble smoothing, sigma = 8...

Iterating 2 times
---------------------------------
3d normalization pass 1 of 2
white matter peak found at 110
white matter peak found at 110
gm peak at 88 (88), valley at 25 (25)
csf peak at 45, setting threshold to 73
building Voronoi diagram...
performing soap bubble smoothing, sigma = 8...
---------------------------------
3d normalization pass 2 of 2
white matter peak found at 110
white matter peak found at 110
gm peak at 88 (88), valley at 54 (54)
csf peak at 47, setting threshold to 74
building Voronoi diagram...
performing soap bubble smoothing, sigma = 8...
Done iterating ---------------------------------
writing output to T1.mgz
3D bias adjustment took 1 minutes and 31 seconds.

Started at Tue Mar 10 06:43:21 CET 2026 
Ended   at Tue Mar 10 06:52:40 CET 2026
#@#%# recon-all-run-time-hours 0.155
recon-all -s sub-v1s8x0051332_ses-1 finished without error at Tue Mar 10 06:52:40 CET 2026



#New# invocation of recon-all 




Tue Mar 10 07:00:24 CET 2026
cd /out/sourcedata/freesurfer/sub-v1s8x0051332_ses-1
setenv SUBJECTS_DIR /out/sourcedata/freesurfer
/opt/freesurfer/bin/recon-all -openmp 16 -subjid sub-v1s8x0051332_ses-1 -sd /out/sourcedata/freesurfer -gcareg

subjid sub-v1s8x0051332_ses-1
setenv SUBJECTS_DIR /out/sourcedata/freesurfer
FREESURFER_HOME /opt/freesurfer
Actual FREESURFER_HOME /opt/freesurfer
build-stamp.txt: freesurfer-linux-ubuntu22_x86_64-7.3.2-20220804-6354275
Linux dna063 5.14.0-427.37.1.el9_4.x86_64 #1 SMP PREEMPT_DYNAMIC Fri Sep 13 12:41:50 EDT 2024 x86_64 x86_64 x86_64 GNU/Linux
cputime      unlimited
filesize     unlimited
datasize     unlimited
stacksize    8192 kbytes
coredumpsize 0 kbytes
memoryuse    67108864 kbytes
vmemoryuse   unlimited
descriptors  1024 
memorylocked unlimited
maxproc      2061970 
maxlocks     unlimited
maxsignal    2061970 
maxmessage   819200 
maxnice      0 
maxrtprio    0 
maxrttime    unlimited

               total        used        free      shared  buff/cache   available
Mem:           503Gi        47Gi       351Gi        10Gi       104Gi       442Gi
Swap:             0B          0B          0B

########################################
program versions used
7.3.2 (freesurfer-linux-ubuntu22_x86_64-7.3.2-20220804-6354275)
7.3.2

ProgramName: lta_convert  ProgramArguments: lta_convert -all-info  ProgramVersion: 7.3.2  TimeStamp: 2026/03/10-06:00:24-GMT  BuildTime: Aug  4 2022 06:17:15  BuildStamp: freesurfer-linux-ubuntu22_x86_64-7.3.2-20220804-6354275  User: oesteban  Machine: dna063  Platform: Linux  PlatformVersion: 5.14.0-427.37.1.el9_4.x86_64  CompilerName: GCC  CompilerVersion: 8.4.0
ProgramName: mri_and  ProgramArguments: mri_and -all-info  ProgramVersion: 7.3.2  TimeStamp: 2026/03/10-06:00:24-GMT  BuildTime: Aug  4 2022 06:17:15  BuildStamp: freesurfer-linux-ubuntu22_x86_64-7.3.2-20220804-6354275  User: oesteban  Machine: dna063  Platform: Linux  PlatformVersion: 5.14.0-427.37.1.el9_4.x86_64  CompilerName: GCC  CompilerVersion: 8.4.0
ProgramName: mri_annotation2label  ProgramArguments: mri_annotation2label -all-info  ProgramVersion: 7.3.2  TimeStamp: 2026/03/10-06:00:24-GMT  BuildTime: Aug  4 2022 06:17:15  BuildStamp: freesurfer-linux-ubuntu22_x86_64-7.3.2-20220804-6354275  User: oesteban  Machine: dna063  Platform: Linux  PlatformVersion: 5.14.0-427.37.1.el9_4.x86_64  CompilerName: GCC  CompilerVersion: 8.4.0
ProgramName: mri_aparc2aseg  ProgramArguments: mri_aparc2aseg -all-info  ProgramVersion: 7.3.2  TimeStamp: 2026/03/10-06:00:24-GMT  BuildTime: Aug  4 2022 06:17:15  BuildStamp: freesurfer-linux-ubuntu22_x86_64-7.3.2-20220804-6354275  User: oesteban  Machine: dna063  Platform: Linux  PlatformVersion: 5.14.0-427.37.1.el9_4.x86_64  CompilerName: GCC  CompilerVersion: 8.4.0
ProgramName: mri_surf2volseg  ProgramArguments: mri_surf2volseg -all-info  ProgramVersion: 7.3.2  TimeStamp: 2026/03/10-06:00:24-GMT  BuildTime: Aug  4 2022 06:17:15  BuildStamp: freesurfer-linux-ubuntu22_x86_64-7.3.2-20220804-6354275  User: oesteban  Machine: dna063  Platform: Linux  PlatformVersion: 5.14.0-427.37.1.el9_4.x86_64  CompilerName: GCC  CompilerVersion: 8.4.0
ProgramName: mri_binarize  ProgramArguments: mri_binarize -all-info  ProgramVersion: 7.3.2  TimeStamp: 2026/03/10-06:00:24-GMT  BuildTime: Aug  4 2022 06:17:15  BuildStamp: freesurfer-linux-ubuntu22_x86_64-7.3.2-20220804-6354275  User: oesteban  Machine: dna063  Platform: Linux  PlatformVersion: 5.14.0-427.37.1.el9_4.x86_64  CompilerName: GCC  CompilerVersion: 8.4.0
ProgramName: mri_ca_label  ProgramArguments: mri_ca_label -all-info  ProgramVersion: 7.3.2  TimeStamp: 2026/03/10-06:00:24-GMT  BuildTime: Aug  4 2022 06:17:15  BuildStamp: freesurfer-linux-ubuntu22_x86_64-7.3.2-20220804-6354275  User: oesteban  Machine: dna063  Platform: Linux  PlatformVersion: 5.14.0-427.37.1.el9_4.x86_64  CompilerName: GCC  CompilerVersion: 8.4.0
ProgramName: mri_ca_normalize  ProgramArguments: mri_ca_normalize -all-info  ProgramVersion: 7.3.2  TimeStamp: 2026/03/10-06:00:24-GMT  BuildTime: Aug  4 2022 06:17:15  BuildStamp: freesurfer-linux-ubuntu22_x86_64-7.3.2-20220804-6354275  User: oesteban  Machine: dna063  Platform: Linux  PlatformVersion: 5.14.0-427.37.1.el9_4.x86_64  CompilerName: GCC  CompilerVersion: 8.4.0
ProgramName: mri_ca_register  ProgramArguments: mri_ca_register -all-info  ProgramVersion: 7.3.2  TimeStamp: 2026/03/10-06:00:24-GMT  BuildTime: Aug  4 2022 06:17:15  BuildStamp: freesurfer-linux-ubuntu22_x86_64-7.3.2-20220804-6354275  User: oesteban  Machine: dna063  Platform: Linux  PlatformVersion: 5.14.0-427.37.1.el9_4.x86_64  CompilerName: GCC  CompilerVersion: 8.4.0
ProgramName: mri_cc  ProgramArguments: mri_cc -all-info  ProgramVersion: 7.3.2  TimeStamp: 2026/03/10-06:00:24-GMT  BuildTime: Aug  4 2022 06:17:15  BuildStamp: freesurfer-linux-ubuntu22_x86_64-7.3.2-20220804-6354275  User: oesteban  Machine: dna063  Platform: Linux  PlatformVersion: 5.14.0-427.37.1.el9_4.x86_64  CompilerName: GCC  CompilerVersion: 8.4.0
ProgramName: mri_compute_overlap  ProgramArguments: mri_compute_overlap -all-info  ProgramVersion: 7.3.2  TimeStamp: 2026/03/10-06:00:24-GMT  BuildTime: Aug  4 2022 06:17:15  BuildStamp: freesurfer-linux-ubuntu22_x86_64-7.3.2-20220804-6354275  User: oesteban  Machine: dna063  Platform: Linux  PlatformVersion: 5.14.0-427.37.1.el9_4.x86_64  CompilerName: GCC  CompilerVersion: 8.4.0
ProgramName: mri_compute_seg_overlap  ProgramArguments: mri_compute_seg_overlap -all-info  ProgramVersion: 7.3.2  TimeStamp: 2026/03/10-06:00:24-GMT  BuildTime: Aug  4 2022 06:17:15  BuildStamp: freesurfer-linux-ubuntu22_x86_64-7.3.2-20220804-6354275  User: oesteban  Machine: dna063  Platform: Linux  PlatformVersion: 5.14.0-427.37.1.el9_4.x86_64  CompilerName: GCC  CompilerVersion: 8.4.0
ProgramName: mri_concat  ProgramArguments: mri_concat -all-info  ProgramVersion: 7.3.2  TimeStamp: 2026/03/10-06:00:24-GMT  BuildTime: Aug  4 2022 06:17:15  BuildStamp: freesurfer-linux-ubuntu22_x86_64-7.3.2-20220804-6354275  User: oesteban  Machine: dna063  Platform: Linux  PlatformVersion: 5.14.0-427.37.1.el9_4.x86_64  CompilerName: GCC  CompilerVersion: 8.4.0
ProgramName: mri_concatenate_lta  ProgramArguments: mri_concatenate_lta -all-info  ProgramVersion: 7.3.2  TimeStamp: 2026/03/10-06:00:24-GMT  BuildTime: Aug  4 2022 06:17:15  BuildStamp: freesurfer-linux-ubuntu22_x86_64-7.3.2-20220804-6354275  User: oesteban  Machine: dna063  Platform: Linux  PlatformVersion: 5.14.0-427.37.1.el9_4.x86_64  CompilerName: GCC  CompilerVersion: 8.4.0
mri_convert -all-info 
ProgramName: mri_convert  ProgramArguments: mri_convert -all-info  ProgramVersion: 7.3.2  TimeStamp: 2026/03/10-06:00:24-GMT  BuildTime: Aug  4 2022 06:17:15  BuildStamp: freesurfer-linux-ubuntu22_x86_64-7.3.2-20220804-6354275  User: oesteban  Machine: dna063  Platform: Linux  PlatformVersion: 5.14.0-427.37.1.el9_4.x86_64  CompilerName: GCC  CompilerVersion: 8.4.0
ProgramName: mri_diff  ProgramArguments: mri_diff -all-info  ProgramVersion: 7.3.2  TimeStamp: 2026/03/10-06:00:24-GMT  BuildTime: Aug  4 2022 06:17:15  BuildStamp: freesurfer-linux-ubuntu22_x86_64-7.3.2-20220804-6354275  User: oesteban  Machine: dna063  Platform: Linux  PlatformVersion: 5.14.0-427.37.1.el9_4.x86_64  CompilerName: GCC  CompilerVersion: 8.4.0
ProgramName: mri_edit_wm_with_aseg  ProgramArguments: mri_edit_wm_with_aseg -all-info  ProgramVersion: 7.3.2  TimeStamp: 2026/03/10-06:00:24-GMT  BuildTime: Aug  4 2022 06:17:15  BuildStamp: freesurfer-linux-ubuntu22_x86_64-7.3.2-20220804-6354275  User: oesteban  Machine: dna063  Platform: Linux  PlatformVersion: 5.14.0-427.37.1.el9_4.x86_64  CompilerName: GCC  CompilerVersion: 8.4.0
ProgramName: mri_em_register  ProgramArguments: mri_em_register -all-info  ProgramVersion: 7.3.2  TimeStamp: 2026/03/10-06:00:24-GMT  BuildTime: Aug  4 2022 06:17:15  BuildStamp: freesurfer-linux-ubuntu22_x86_64-7.3.2-20220804-6354275  User: oesteban  Machine: dna063  Platform: Linux  PlatformVersion: 5.14.0-427.37.1.el9_4.x86_64  CompilerName: GCC  CompilerVersion: 8.4.0
ProgramName: mri_fill  ProgramArguments: mri_fill -all-info  ProgramVersion: 7.3.2  TimeStamp: 2026/03/10-06:00:24-GMT  BuildTime: Aug  4 2022 06:17:15  BuildStamp: freesurfer-linux-ubuntu22_x86_64-7.3.2-20220804-6354275  User: oesteban  Machine: dna063  Platform: Linux  PlatformVersion: 5.14.0-427.37.1.el9_4.x86_64  CompilerName: GCC  CompilerVersion: 8.4.0
ProgramName: mri_fuse_segmentations  ProgramArguments: mri_fuse_segmentations -all-info  ProgramVersion: 7.3.2  TimeStamp: 2026/03/10-06:00:24-GMT  BuildTime: Aug  4 2022 06:17:15  BuildStamp: freesurfer-linux-ubuntu22_x86_64-7.3.2-20220804-6354275  User: oesteban  Machine: dna063  Platform: Linux  PlatformVersion: 5.14.0-427.37.1.el9_4.x86_64  CompilerName: GCC  CompilerVersion: 8.4.0
ProgramName: mri_fwhm  ProgramArguments: mri_fwhm -all-info  ProgramVersion: 7.3.2  TimeStamp: 2026/03/10-06:00:24-GMT  BuildTime: Aug  4 2022 06:17:15  BuildStamp: freesurfer-linux-ubuntu22_x86_64-7.3.2-20220804-6354275  User: oesteban  Machine: dna063  Platform: Linux  PlatformVersion: 5.14.0-427.37.1.el9_4.x86_64  CompilerName: GCC  CompilerVersion: 8.4.0
ProgramName: mri_gcut  ProgramArguments: mri_gcut -all-info  ProgramVersion: 7.3.2  TimeStamp: 2026/03/10-06:00:24-GMT  BuildTime: Aug  4 2022 06:17:15  BuildStamp: freesurfer-linux-ubuntu22_x86_64-7.3.2-20220804-6354275  User: oesteban  Machine: dna063  Platform: Linux  PlatformVersion: 5.14.0-427.37.1.el9_4.x86_64  CompilerName: GCC  CompilerVersion: 8.4.0
ProgramName: mri_info  ProgramArguments: mri_info -all-info  ProgramVersion: 7.3.2  TimeStamp: 2026/03/10-06:00:24-GMT  BuildTime: Aug  4 2022 06:17:15  BuildStamp: freesurfer-linux-ubuntu22_x86_64-7.3.2-20220804-6354275  User: oesteban  Machine: dna063  Platform: Linux  PlatformVersion: 5.14.0-427.37.1.el9_4.x86_64  CompilerName: GCC  CompilerVersion: 8.4.0
ProgramName: mri_label2label  ProgramArguments: mri_label2label -all-info  ProgramVersion: 7.3.2  TimeStamp: 2026/03/10-06:00:24-GMT  BuildTime: Aug  4 2022 06:17:15  BuildStamp: freesurfer-linux-ubuntu22_x86_64-7.3.2-20220804-6354275  User: oesteban  Machine: dna063  Platform: Linux  PlatformVersion: 5.14.0-427.37.1.el9_4.x86_64  CompilerName: GCC  CompilerVersion: 8.4.0
ProgramName: mri_label2vol  ProgramArguments: mri_label2vol -all-info  ProgramVersion: 7.3.2  TimeStamp: 2026/03/10-06:00:24-GMT  BuildTime: Aug  4 2022 06:17:15  BuildStamp: freesurfer-linux-ubuntu22_x86_64-7.3.2-20220804-6354275  User: oesteban  Machine: dna063  Platform: Linux  PlatformVersion: 5.14.0-427.37.1.el9_4.x86_64  CompilerName: GCC  CompilerVersion: 8.4.0
ProgramName: mri_log_likelihood  ProgramArguments: mri_log_likelihood -all-info  ProgramVersion: 7.3.2  TimeStamp: 2026/03/10-06:00:24-GMT  BuildTime: Aug  4 2022 06:17:15  BuildStamp: freesurfer-linux-ubuntu22_x86_64-7.3.2-20220804-6354275  User: oesteban  Machine: dna063  Platform: Linux  PlatformVersion: 5.14.0-427.37.1.el9_4.x86_64  CompilerName: GCC  CompilerVersion: 8.4.0
ProgramName: mri_mask  ProgramArguments: mri_mask -all-info  ProgramVersion: 7.3.2  TimeStamp: 2026/03/10-06:00:24-GMT  BuildTime: Aug  4 2022 06:17:15  BuildStamp: freesurfer-linux-ubuntu22_x86_64-7.3.2-20220804-6354275  User: oesteban  Machine: dna063  Platform: Linux  PlatformVersion: 5.14.0-427.37.1.el9_4.x86_64  CompilerName: GCC  CompilerVersion: 8.4.0
ProgramName: mri_matrix_multiply  ProgramArguments: mri_matrix_multiply -all-info  ProgramVersion: 7.3.2  TimeStamp: 2026/03/10-06:00:24-GMT  BuildTime: Aug  4 2022 06:17:15  BuildStamp: freesurfer-linux-ubuntu22_x86_64-7.3.2-20220804-6354275  User: oesteban  Machine: dna063  Platform: Linux  PlatformVersion: 5.14.0-427.37.1.el9_4.x86_64  CompilerName: GCC  CompilerVersion: 8.4.0
ProgramName: mri_normalize  ProgramArguments: mri_normalize -all-info  ProgramVersion: 7.3.2  TimeStamp: 2026/03/10-06:00:24-GMT  BuildTime: Aug  4 2022 06:17:15  BuildStamp: freesurfer-linux-ubuntu22_x86_64-7.3.2-20220804-6354275  User: oesteban  Machine: dna063  Platform: Linux  PlatformVersion: 5.14.0-427.37.1.el9_4.x86_64  CompilerName: GCC  CompilerVersion: 8.4.0
ProgramName: mri_normalize_tp2  ProgramArguments: mri_normalize_tp2 -all-info  ProgramVersion: 7.3.2  TimeStamp: 2026/03/10-06:00:24-GMT  BuildTime: Aug  4 2022 06:17:15  BuildStamp: freesurfer-linux-ubuntu22_x86_64-7.3.2-20220804-6354275  User: oesteban  Machine: dna063  Platform: Linux  PlatformVersion: 5.14.0-427.37.1.el9_4.x86_64  CompilerName: GCC  CompilerVersion: 8.4.0
ProgramName: mri_or  ProgramArguments: mri_or -all-info  ProgramVersion: 7.3.2  TimeStamp: 2026/03/10-06:00:24-GMT  BuildTime: Aug  4 2022 06:17:15  BuildStamp: freesurfer-linux-ubuntu22_x86_64-7.3.2-20220804-6354275  User: oesteban  Machine: dna063  Platform: Linux  PlatformVersion: 5.14.0-427.37.1.el9_4.x86_64  CompilerName: GCC  CompilerVersion: 8.4.0
ProgramName: mri_relabel_hypointensities  ProgramArguments: mri_relabel_hypointensities -all-info  ProgramVersion: 7.3.2  TimeStamp: 2026/03/10-06:00:24-GMT  BuildTime: Aug  4 2022 06:17:15  BuildStamp: freesurfer-linux-ubuntu22_x86_64-7.3.2-20220804-6354275  User: oesteban  Machine: dna063  Platform: Linux  PlatformVersion: 5.14.0-427.37.1.el9_4.x86_64  CompilerName: GCC  CompilerVersion: 8.4.0
ProgramName: mri_relabel_nonwm_hypos  ProgramArguments: mri_relabel_nonwm_hypos -all-info  ProgramVersion: 7.3.2  TimeStamp: 2026/03/10-06:00:24-GMT  BuildTime: Aug  4 2022 06:17:15  BuildStamp: freesurfer-linux-ubuntu22_x86_64-7.3.2-20220804-6354275  User: oesteban  Machine: dna063  Platform: Linux  PlatformVersion: 5.14.0-427.37.1.el9_4.x86_64  CompilerName: GCC  CompilerVersion: 8.4.0
ProgramName: mri_remove_neck  ProgramArguments: mri_remove_neck -all-info  ProgramVersion: 7.3.2  TimeStamp: 2026/03/10-06:00:24-GMT  BuildTime: Aug  4 2022 06:17:15  BuildStamp: freesurfer-linux-ubuntu22_x86_64-7.3.2-20220804-6354275  User: oesteban  Machine: dna063  Platform: Linux  PlatformVersion: 5.14.0-427.37.1.el9_4.x86_64  CompilerName: GCC  CompilerVersion: 8.4.0
7.3.2

ProgramName: mri_robust_register  ProgramArguments: mri_robust_register -all-info  ProgramVersion: 7.3.2  TimeStamp: 2026/03/10-06:00:24-GMT  BuildTime: Aug  4 2022 06:17:15  BuildStamp: freesurfer-linux-ubuntu22_x86_64-7.3.2-20220804-6354275  User: oesteban  Machine: dna063  Platform: Linux  PlatformVersion: 5.14.0-427.37.1.el9_4.x86_64  CompilerName: GCC  CompilerVersion: 8.4.0
7.3.2

ProgramName: mri_robust_template  ProgramArguments: mri_robust_template -all-info  ProgramVersion: 7.3.2  TimeStamp: 2026/03/10-06:00:24-GMT  BuildTime: Aug  4 2022 06:17:15  BuildStamp: freesurfer-linux-ubuntu22_x86_64-7.3.2-20220804-6354275  User: oesteban  Machine: dna063  Platform: Linux  PlatformVersion: 5.14.0-427.37.1.el9_4.x86_64  CompilerName: GCC  CompilerVersion: 8.4.0
ProgramName: mris_anatomical_stats  ProgramArguments: mris_anatomical_stats -all-info  ProgramVersion: 7.3.2  TimeStamp: 2026/03/10-06:00:24-GMT  BuildTime: Aug  4 2022 06:17:15  BuildStamp: freesurfer-linux-ubuntu22_x86_64-7.3.2-20220804-6354275  User: oesteban  Machine: dna063  Platform: Linux  PlatformVersion: 5.14.0-427.37.1.el9_4.x86_64  CompilerName: GCC  CompilerVersion: 8.4.0
ProgramName: mris_ca_label  ProgramArguments: mris_ca_label -all-info  ProgramVersion: 7.3.2  TimeStamp: 2026/03/10-06:00:24-GMT  BuildTime: Aug  4 2022 06:17:15  BuildStamp: freesurfer-linux-ubuntu22_x86_64-7.3.2-20220804-6354275  User: oesteban  Machine: dna063  Platform: Linux  PlatformVersion: 5.14.0-427.37.1.el9_4.x86_64  CompilerName: GCC  CompilerVersion: 8.4.0
ProgramName: mris_calc  ProgramArguments: mris_calc -all-info  ProgramVersion: 7.3.2  TimeStamp: 2026/03/10-06:00:24-GMT  BuildTime: Aug  4 2022 06:17:15  BuildStamp: freesurfer-linux-ubuntu22_x86_64-7.3.2-20220804-6354275  User: oesteban  Machine: dna063  Platform: Linux  PlatformVersion: 5.14.0-427.37.1.el9_4.x86_64  CompilerName: GCC  CompilerVersion: 8.4.0
ProgramName: mris_convert  ProgramArguments: mris_convert -all-info  ProgramVersion: 7.3.2  TimeStamp: 2026/03/10-06:00:24-GMT  BuildTime: Aug  4 2022 06:17:15  BuildStamp: freesurfer-linux-ubuntu22_x86_64-7.3.2-20220804-6354275  User: oesteban  Machine: dna063  Platform: Linux  PlatformVersion: 5.14.0-427.37.1.el9_4.x86_64  CompilerName: GCC  CompilerVersion: 8.4.0
ProgramName: mris_curvature  ProgramArguments: mris_curvature -all-info  ProgramVersion: 7.3.2  TimeStamp: 2026/03/10-06:00:24-GMT  BuildTime: Aug  4 2022 06:17:15  BuildStamp: freesurfer-linux-ubuntu22_x86_64-7.3.2-20220804-6354275  User: oesteban  Machine: dna063  Platform: Linux  PlatformVersion: 5.14.0-427.37.1.el9_4.x86_64  CompilerName: GCC  CompilerVersion: 8.4.0
ProgramName: mris_curvature_stats  ProgramArguments: mris_curvature_stats -all-info  ProgramVersion: 7.3.2  TimeStamp: 2026/03/10-06:00:24-GMT  BuildTime: Aug  4 2022 06:17:15  BuildStamp: freesurfer-linux-ubuntu22_x86_64-7.3.2-20220804-6354275  User: oesteban  Machine: dna063  Platform: Linux  PlatformVersion: 5.14.0-427.37.1.el9_4.x86_64  CompilerName: GCC  CompilerVersion: 8.4.0
ProgramName: mris_diff  ProgramArguments: mris_diff -all-info  ProgramVersion: 7.3.2  TimeStamp: 2026/03/10-06:00:24-GMT  BuildTime: Aug  4 2022 06:17:15  BuildStamp: freesurfer-linux-ubuntu22_x86_64-7.3.2-20220804-6354275  User: oesteban  Machine: dna063  Platform: Linux  PlatformVersion: 5.14.0-427.37.1.el9_4.x86_64  CompilerName: GCC  CompilerVersion: 8.4.0
ProgramName: mris_divide_parcellation  ProgramArguments: mris_divide_parcellation -all-info  ProgramVersion: 7.3.2  TimeStamp: 2026/03/10-06:00:24-GMT  BuildTime: Aug  4 2022 06:17:15  BuildStamp: freesurfer-linux-ubuntu22_x86_64-7.3.2-20220804-6354275  User: oesteban  Machine: dna063  Platform: Linux  PlatformVersion: 5.14.0-427.37.1.el9_4.x86_64  CompilerName: GCC  CompilerVersion: 8.4.0
ProgramName: mri_segment  ProgramArguments: mri_segment -all-info  ProgramVersion: 7.3.2  TimeStamp: 2026/03/10-06:00:24-GMT  BuildTime: Aug  4 2022 06:17:15  BuildStamp: freesurfer-linux-ubuntu22_x86_64-7.3.2-20220804-6354275  User: oesteban  Machine: dna063  Platform: Linux  PlatformVersion: 5.14.0-427.37.1.el9_4.x86_64  CompilerName: GCC  CompilerVersion: 8.4.0
ProgramName: mri_segstats  ProgramArguments: mri_segstats -all-info  ProgramVersion: 7.3.2  TimeStamp: 2026/03/10-06:00:24-GMT  BuildTime: Aug  4 2022 06:17:15  BuildStamp: freesurfer-linux-ubuntu22_x86_64-7.3.2-20220804-6354275  User: oesteban  Machine: dna063  Platform: Linux  PlatformVersion: 5.14.0-427.37.1.el9_4.x86_64  CompilerName: GCC  CompilerVersion: 8.4.0
ProgramName: mris_euler_number  ProgramArguments: mris_euler_number -all-info  ProgramVersion: 7.3.2  TimeStamp: 2026/03/10-06:00:24-GMT  BuildTime: Aug  4 2022 06:17:15  BuildStamp: freesurfer-linux-ubuntu22_x86_64-7.3.2-20220804-6354275  User: oesteban  Machine: dna063  Platform: Linux  PlatformVersion: 5.14.0-427.37.1.el9_4.x86_64  CompilerName: GCC  CompilerVersion: 8.4.0
ProgramName: mris_fix_topology  ProgramArguments: mris_fix_topology -all-info  ProgramVersion: 7.3.2  TimeStamp: 2026/03/10-06:00:24-GMT  BuildTime: Aug  4 2022 06:17:15  BuildStamp: freesurfer-linux-ubuntu22_x86_64-7.3.2-20220804-6354275  User: oesteban  Machine: dna063  Platform: Linux  PlatformVersion: 5.14.0-427.37.1.el9_4.x86_64  CompilerName: GCC  CompilerVersion: 8.4.0
ProgramName: mris_topo_fixer  ProgramArguments: mris_topo_fixer -all-info  ProgramVersion: 7.3.2  TimeStamp: 2026/03/10-06:00:24-GMT  BuildTime: Aug  4 2022 06:17:15  BuildStamp: freesurfer-linux-ubuntu22_x86_64-7.3.2-20220804-6354275  User: oesteban  Machine: dna063  Platform: Linux  PlatformVersion: 5.14.0-427.37.1.el9_4.x86_64  CompilerName: GCC  CompilerVersion: 8.4.0
ProgramName: mris_jacobian  ProgramArguments: mris_jacobian -all-info  ProgramVersion: 7.3.2  TimeStamp: 2026/03/10-06:00:24-GMT  BuildTime: Aug  4 2022 06:17:15  BuildStamp: freesurfer-linux-ubuntu22_x86_64-7.3.2-20220804-6354275  User: oesteban  Machine: dna063  Platform: Linux  PlatformVersion: 5.14.0-427.37.1.el9_4.x86_64  CompilerName: GCC  CompilerVersion: 8.4.0
ProgramName: mris_label2annot  ProgramArguments: mris_label2annot -all-info  ProgramVersion: 7.3.2  TimeStamp: 2026/03/10-06:00:24-GMT  BuildTime: Aug  4 2022 06:17:15  BuildStamp: freesurfer-linux-ubuntu22_x86_64-7.3.2-20220804-6354275  User: oesteban  Machine: dna063  Platform: Linux  PlatformVersion: 5.14.0-427.37.1.el9_4.x86_64  CompilerName: GCC  CompilerVersion: 8.4.0
ProgramName: mris_left_right_register  ProgramArguments: mris_left_right_register -all-info  ProgramVersion: 7.3.2  TimeStamp: 2026/03/10-06:00:24-GMT  BuildTime: Aug  4 2022 06:17:15  BuildStamp: freesurfer-linux-ubuntu22_x86_64-7.3.2-20220804-6354275  User: oesteban  Machine: dna063  Platform: Linux  PlatformVersion: 5.14.0-427.37.1.el9_4.x86_64  CompilerName: GCC  CompilerVersion: 8.4.0
ProgramName: mris_place_surface  ProgramArguments: mris_place_surface -all-info  ProgramVersion: 7.3.2  TimeStamp: 2026/03/10-06:00:24-GMT  BuildTime: Aug  4 2022 06:17:15  BuildStamp: freesurfer-linux-ubuntu22_x86_64-7.3.2-20220804-6354275  User: oesteban  Machine: dna063  Platform: Linux  PlatformVersion: 5.14.0-427.37.1.el9_4.x86_64  CompilerName: GCC  CompilerVersion: 8.4.0
ProgramName: mrisp_paint  ProgramArguments: mrisp_paint -all-info  ProgramVersion: 7.3.2  TimeStamp: 2026/03/10-06:00:24-GMT  BuildTime: Aug  4 2022 06:17:15  BuildStamp: freesurfer-linux-ubuntu22_x86_64-7.3.2-20220804-6354275  User: oesteban  Machine: dna063  Platform: Linux  PlatformVersion: 5.14.0-427.37.1.el9_4.x86_64  CompilerName: GCC  CompilerVersion: 8.4.0
ProgramName: mris_register  ProgramArguments: mris_register -all-info  ProgramVersion: 7.3.2  TimeStamp: 2026/03/10-06:00:24-GMT  BuildTime: Aug  4 2022 06:17:15  BuildStamp: freesurfer-linux-ubuntu22_x86_64-7.3.2-20220804-6354275  User: oesteban  Machine: dna063  Platform: Linux  PlatformVersion: 5.14.0-427.37.1.el9_4.x86_64  CompilerName: GCC  CompilerVersion: 8.4.0
ProgramName: mris_smooth  ProgramArguments: mris_smooth -all-info  ProgramVersion: 7.3.2  TimeStamp: 2026/03/10-06:00:24-GMT  BuildTime: Aug  4 2022 06:17:15  BuildStamp: freesurfer-linux-ubuntu22_x86_64-7.3.2-20220804-6354275  User: oesteban  Machine: dna063  Platform: Linux  PlatformVersion: 5.14.0-427.37.1.el9_4.x86_64  CompilerName: GCC  CompilerVersion: 8.4.0
ProgramName: mris_sphere  ProgramArguments: mris_sphere -all-info  ProgramVersion: 7.3.2  TimeStamp: 2026/03/10-06:00:24-GMT  BuildTime: Aug  4 2022 06:17:15  BuildStamp: freesurfer-linux-ubuntu22_x86_64-7.3.2-20220804-6354275  User: oesteban  Machine: dna063  Platform: Linux  PlatformVersion: 5.14.0-427.37.1.el9_4.x86_64  CompilerName: GCC  CompilerVersion: 8.4.0
ProgramName: mris_surface_stats  ProgramArguments: mris_surface_stats -all-info  ProgramVersion: 7.3.2  TimeStamp: 2026/03/10-06:00:24-GMT  BuildTime: Aug  4 2022 06:17:15  BuildStamp: freesurfer-linux-ubuntu22_x86_64-7.3.2-20220804-6354275  User: oesteban  Machine: dna063  Platform: Linux  PlatformVersion: 5.14.0-427.37.1.el9_4.x86_64  CompilerName: GCC  CompilerVersion: 8.4.0
ProgramName: mri_stats2seg  ProgramArguments: mri_stats2seg -all-info  ProgramVersion: 7.3.2  TimeStamp: 2026/03/10-06:00:24-GMT  BuildTime: Aug  4 2022 06:17:15  BuildStamp: freesurfer-linux-ubuntu22_x86_64-7.3.2-20220804-6354275  User: oesteban  Machine: dna063  Platform: Linux  PlatformVersion: 5.14.0-427.37.1.el9_4.x86_64  CompilerName: GCC  CompilerVersion: 8.4.0
ProgramName: mris_thickness  ProgramArguments: mris_thickness -all-info  ProgramVersion: 7.3.2  TimeStamp: 2026/03/10-06:00:24-GMT  BuildTime: Aug  4 2022 06:17:15  BuildStamp: freesurfer-linux-ubuntu22_x86_64-7.3.2-20220804-6354275  User: oesteban  Machine: dna063  Platform: Linux  PlatformVersion: 5.14.0-427.37.1.el9_4.x86_64  CompilerName: GCC  CompilerVersion: 8.4.0
ProgramName: mris_thickness_diff  ProgramArguments: mris_thickness_diff -all-info  ProgramVersion: 7.3.2  TimeStamp: 2026/03/10-06:00:24-GMT  BuildTime: Aug  4 2022 06:17:15  BuildStamp: freesurfer-linux-ubuntu22_x86_64-7.3.2-20220804-6354275  User: oesteban  Machine: dna063  Platform: Linux  PlatformVersion: 5.14.0-427.37.1.el9_4.x86_64  CompilerName: GCC  CompilerVersion: 8.4.0
ProgramName: mris_topo_fixer  ProgramArguments: mris_topo_fixer -all-info  ProgramVersion: 7.3.2  TimeStamp: 2026/03/10-06:00:24-GMT  BuildTime: Aug  4 2022 06:17:15  BuildStamp: freesurfer-linux-ubuntu22_x86_64-7.3.2-20220804-6354275  User: oesteban  Machine: dna063  Platform: Linux  PlatformVersion: 5.14.0-427.37.1.el9_4.x86_64  CompilerName: GCC  CompilerVersion: 8.4.0
ProgramName: mri_surf2surf  ProgramArguments: mri_surf2surf -all-info  ProgramVersion: 7.3.2  TimeStamp: 2026/03/10-06:00:24-GMT  BuildTime: Aug  4 2022 06:17:15  BuildStamp: freesurfer-linux-ubuntu22_x86_64-7.3.2-20220804-6354275  User: oesteban  Machine: dna063  Platform: Linux  PlatformVersion: 5.14.0-427.37.1.el9_4.x86_64  CompilerName: GCC  CompilerVersion: 8.4.0
ProgramName: mri_surf2vol  ProgramArguments: mri_surf2vol -all-info  ProgramVersion: 7.3.2  TimeStamp: 2026/03/10-06:00:24-GMT  BuildTime: Aug  4 2022 06:17:15  BuildStamp: freesurfer-linux-ubuntu22_x86_64-7.3.2-20220804-6354275  User: oesteban  Machine: dna063  Platform: Linux  PlatformVersion: 5.14.0-427.37.1.el9_4.x86_64  CompilerName: GCC  CompilerVersion: 8.4.0
ProgramName: mri_surfcluster  ProgramArguments: mri_surfcluster -all-info  ProgramVersion: 7.3.2  TimeStamp: 2026/03/10-06:00:24-GMT  BuildTime: Aug  4 2022 06:17:15  BuildStamp: freesurfer-linux-ubuntu22_x86_64-7.3.2-20220804-6354275  User: oesteban  Machine: dna063  Platform: Linux  PlatformVersion: 5.14.0-427.37.1.el9_4.x86_64  CompilerName: GCC  CompilerVersion: 8.4.0
ProgramName: mris_volmask  ProgramArguments: mris_volmask -all-info  ProgramVersion: 7.3.2  TimeStamp: 2026/03/10-06:00:24-GMT  BuildTime: Aug  4 2022 06:17:15  BuildStamp: freesurfer-linux-ubuntu22_x86_64-7.3.2-20220804-6354275  User: oesteban  Machine: dna063  Platform: Linux  PlatformVersion: 5.14.0-427.37.1.el9_4.x86_64  CompilerName: GCC  CompilerVersion: 8.4.0
ProgramName: mri_tessellate  ProgramArguments: mri_tessellate -all-info  ProgramVersion: 7.3.2  TimeStamp: 2026/03/10-06:00:24-GMT  BuildTime: Aug  4 2022 06:17:15  BuildStamp: freesurfer-linux-ubuntu22_x86_64-7.3.2-20220804-6354275  User: oesteban  Machine: dna063  Platform: Linux  PlatformVersion: 5.14.0-427.37.1.el9_4.x86_64  CompilerName: GCC  CompilerVersion: 8.4.0
ProgramName: mri_vol2surf  ProgramArguments: mri_vol2surf -all-info  ProgramVersion: 7.3.2  TimeStamp: 2026/03/10-06:00:24-GMT  BuildTime: Aug  4 2022 06:17:15  BuildStamp: freesurfer-linux-ubuntu22_x86_64-7.3.2-20220804-6354275  User: oesteban  Machine: dna063  Platform: Linux  PlatformVersion: 5.14.0-427.37.1.el9_4.x86_64  CompilerName: GCC  CompilerVersion: 8.4.0
ProgramName: mri_vol2vol  ProgramArguments: mri_vol2vol -all-info  ProgramVersion: 7.3.2  TimeStamp: 2026/03/10-06:00:24-GMT  BuildTime: Aug  4 2022 06:17:15  BuildStamp: freesurfer-linux-ubuntu22_x86_64-7.3.2-20220804-6354275  User: oesteban  Machine: dna063  Platform: Linux  PlatformVersion: 5.14.0-427.37.1.el9_4.x86_64  CompilerName: GCC  CompilerVersion: 8.4.0
ProgramName: mri_voldiff  ProgramArguments: mri_voldiff -all-info  ProgramVersion: 7.3.2  TimeStamp: 2026/03/10-06:00:24-GMT  BuildTime: Aug  4 2022 06:17:15  BuildStamp: freesurfer-linux-ubuntu22_x86_64-7.3.2-20220804-6354275  User: oesteban  Machine: dna063  Platform: Linux  PlatformVersion: 5.14.0-427.37.1.el9_4.x86_64  CompilerName: GCC  CompilerVersion: 8.4.0
ProgramName: mri_watershed  ProgramArguments: mri_watershed -all-info  ProgramVersion: 7.3.2  TimeStamp: 2026/03/10-06:00:24-GMT  BuildTime: Aug  4 2022 06:17:15  BuildStamp: freesurfer-linux-ubuntu22_x86_64-7.3.2-20220804-6354275  User: oesteban  Machine: dna063  Platform: Linux  PlatformVersion: 5.14.0-427.37.1.el9_4.x86_64  CompilerName: GCC  CompilerVersion: 8.4.0
ProgramName: tkregister2  ProgramArguments: tkregister2_cmdl -all-info  ProgramVersion: 7.3.2  TimeStamp: 2026/03/10-06:00:24-GMT  BuildTime: Aug  4 2022 06:17:15  BuildStamp: freesurfer-linux-ubuntu22_x86_64-7.3.2-20220804-6354275  User: oesteban  Machine: dna063  Platform: Linux  PlatformVersion: 5.14.0-427.37.1.el9_4.x86_64  CompilerName: GCC  CompilerVersion: 8.4.0
mri_motion_correct.fsl 7.3.2
mri_convert -all-info 
ProgramName: mri_convert  ProgramArguments: mri_convert -all-info  ProgramVersion: 7.3.2  TimeStamp: 2026/03/10-06:00:24-GMT  BuildTime: Aug  4 2022 06:17:15  BuildStamp: freesurfer-linux-ubuntu22_x86_64-7.3.2-20220804-6354275  User: oesteban  Machine: dna063  Platform: Linux  PlatformVersion: 5.14.0-427.37.1.el9_4.x86_64  CompilerName: GCC  CompilerVersion: 8.4.0
Program nu_correct, built from:
Package MNI N3, version 1.12.0, compiled by nicks@terrier (x86_64-unknown-linux-gnu) on 2015-06-19 at 01:25:34
#######################################
GCADIR /opt/freesurfer/average
GCA RB_all_2020-01-02.gca
GCASkull RB_all_withskull_2020_01_02.gca
AvgCurvTif folding.atlas.acfb40.noaparc.i12.2016-08-02.tif
GCSDIR /opt/freesurfer/average
GCS DKaparc.atlas.acfb40.noaparc.i12.2016-08-02.gcs
#######################################
#-------------------------------------
#@# EM Registration Tue Mar 10 07:00:24 CET 2026
/out/sourcedata/freesurfer/sub-v1s8x0051332_ses-1/mri

 mri_em_register -uns 3 -mask brainmask.mgz nu.mgz /opt/freesurfer/average/RB_all_2020-01-02.gca transforms/talairach.lta 

setting unknown_nbr_spacing = 3
using MR volume brainmask.mgz to mask input volume...

== Number of threads available to mri_em_register for OpenMP = 16 == 
reading 1 input volumes...
logging results to talairach.log
reading '/opt/freesurfer/average/RB_all_2020-01-02.gca'...
GCAread took 0 minutes and 1 seconds.
average std = 7.2   using min determinant for regularization = 5.2
0 singular and 884 ill-conditioned covariance matrices regularized
reading 'nu.mgz'...
MRImask(): AllowDiffGeom = 1
MRImask(): AllowDiffGeom = 1
MRImask(): AllowDiffGeom = 1
MRImask(): AllowDiffGeom = 1
MRImask(): AllowDiffGeom = 1
freeing gibbs priors...done.
accounting for voxel sizes in initial transform
bounding unknown intensity as < 5.9 or > 519.0 
total sample mean = 79.1 (1017 zeros)
************************************************
spacing=8, using 2841 sample points, tol=1.00e-05...
************************************************
register_mri: find_optimal_transform
find_optimal_transform: nsamples 2841, passno 0, spacing 8
resetting wm mean[0]: 98 --> 107
resetting gm mean[0]: 61 --> 61
input volume #1 is the most T1-like
using real data threshold=29.0
skull bounding box = (63, 32, 30) --> (193, 164, 207)
finding center of left hemi white matter
using (106, 76, 119) as brain centroid of Right_Cerebral_White_Matter...
MRImask(): AllowDiffGeom = 1
mean wm in atlas = 107, using box (90,60,97) --> (121, 92,140) to find MRI wm
before smoothing, mri peak at 107
robust fit to distribution - 108 +- 3.6
after smoothing, mri peak at 109, scaling input intensities by 0.982
scaling channel 0 by 0.981651
initial log_p = -4.333
************************************************
First Search limited to translation only.
************************************************
max log p =    -4.119392 @ (-10.526, 10.526, -10.526)
max log p =    -3.792443 @ (5.263, 5.263, 5.263)
max log p =    -3.767749 @ (2.632, 2.632, -2.632)
max log p =    -3.755432 @ (-1.316, -1.316, -1.316)
max log p =    -3.752992 @ (-0.658, 0.658, 1.974)
max log p =    -3.747118 @ (0.329, -3.618, -0.987)
max log p =    -3.747118 @ (0.000, 0.000, 0.000)
max log p =    -3.747118 @ (0.000, 0.000, 0.000)
Found translation: (-4.3, 14.1, -8.2): log p = -3.747
****************************************
Nine parameter search.  iteration 0 nscales = 0 ...
****************************************
Result so far: scale 1.000: max_log_p=-3.635, old_max_log_p =-3.747 (thresh=-3.7)
 1.00000   0.00000   0.00000  -4.27632;
 0.00000   0.91709   0.10263   11.19979;
 0.00000  -0.14032   0.90593   17.22010;
 0.00000   0.00000   0.00000   1.00000;
iteration took 0 minutes and 12 seconds.
****************************************
Nine parameter search.  iteration 1 nscales = 0 ...
****************************************
Result so far: scale 1.000: max_log_p=-3.635, old_max_log_p =-3.635 (thresh=-3.6)
 1.00000   0.00000   0.00000  -4.27632;
 0.00000   0.91709   0.10263   11.19979;
 0.00000  -0.14032   0.90593   17.22010;
 0.00000   0.00000   0.00000   1.00000;
reducing scale to 0.2500
iteration took 0 minutes and 11 seconds.
****************************************
Nine parameter search.  iteration 2 nscales = 1 ...
****************************************
Result so far: scale 0.250: max_log_p=-3.588, old_max_log_p =-3.635 (thresh=-3.6)
 1.01834   0.02691  -0.00088  -7.47463;
-0.02868   0.93331   0.10832   12.73141;
 0.00426  -0.14399   0.90551   16.85122;
 0.00000   0.00000   0.00000   1.00000;
iteration took 0 minutes and 11 seconds.
****************************************
Nine parameter search.  iteration 3 nscales = 1 ...
****************************************
Result so far: scale 0.250: max_log_p=-3.571, old_max_log_p =-3.588 (thresh=-3.6)
 1.03592   0.05851   0.00271  -13.47095;
-0.06082   0.91446   0.10626   19.09641;
 0.00434  -0.14669   0.92248   15.19054;
 0.00000   0.00000   0.00000   1.00000;
iteration took 0 minutes and 11 seconds.
****************************************
Nine parameter search.  iteration 4 nscales = 1 ...
****************************************
Result so far: scale 0.250: max_log_p=-3.568, old_max_log_p =-3.571 (thresh=-3.6)
 1.00987   0.11367   0.03530  -19.60466;
-0.13097   0.93367   0.04425   33.20541;
-0.03291  -0.08678   0.90949   13.32110;
 0.00000   0.00000   0.00000   1.00000;
reducing scale to 0.0625
iteration took 0 minutes and 11 seconds.
****************************************
Nine parameter search.  iteration 5 nscales = 2 ...
****************************************
Result so far: scale 0.062: max_log_p=-3.559, old_max_log_p =-3.568 (thresh=-3.6)
 1.01233   0.10687   0.02753  -18.30864;
-0.12254   0.93347   0.04442   32.11644;
-0.02465  -0.08584   0.90975   12.12641;
 0.00000   0.00000   0.00000   1.00000;
iteration took 0 minutes and 11 seconds.
****************************************
Nine parameter search.  iteration 6 nscales = 2 ...
****************************************
Result so far: scale 0.062: max_log_p=-3.557, old_max_log_p =-3.559 (thresh=-3.6)
 1.01438   0.09214   0.01960  -15.63975;
-0.10566   0.93748   0.02989   31.67018;
-0.01837  -0.06968   0.91055   9.52858;
 0.00000   0.00000   0.00000   1.00000;
min search scale 0.025000 reached
***********************************************
Computing MAP estimate using 2841 samples...
***********************************************
dt = 5.00e-06, momentum=0.80, tol=1.00e-05
l_intensity = 1.0000
Aligning input volume to GCA...
Transform matrix
 1.01438   0.09214   0.01960  -15.63975;
-0.10566   0.93748   0.02989   31.67018;
-0.01837  -0.06968   0.91055   9.52858;
 0.00000   0.00000   0.00000   1.00000;
nsamples 2841
Quasinewton: input matrix
 1.01438   0.09214   0.01960  -15.63975;
-0.10566   0.93748   0.02989   31.67018;
-0.01837  -0.06968   0.91055   9.52858;
 0.00000   0.00000   0.00000   1.00000;
 IFLAG= -1  LINE SEARCH FAILED. SEE DOCUMENTATION OF ROUTINE MCSRCH ERROR RETURN OF LINE SEARCH: INFO= 3 POSSIBLE CAUSES: FUNCTION OR GRADIENT ARE INCORRECT OR INCORRECT TOLERANCESoutof QuasiNewtonEMA: 009: -log(p) =   -0.0  tol 0.000010
Resulting transform:
 1.01438   0.09214   0.01960  -15.63975;
-0.10566   0.93748   0.02989   31.67018;
-0.01837  -0.06968   0.91055   9.52858;
 0.00000   0.00000   0.00000   1.00000;

pass 1, spacing 8: log(p) = -3.557 (old=-4.333)
transform before final EM align:
 1.01438   0.09214   0.01960  -15.63975;
-0.10566   0.93748   0.02989   31.67018;
-0.01837  -0.06968   0.91055   9.52858;
 0.00000   0.00000   0.00000   1.00000;

**************************************************
 EM alignment process ...
 Computing final MAP estimate using 315638 samples. 
**************************************************
dt = 5.00e-06, momentum=0.80, tol=1.00e-07
l_intensity = 1.0000
Aligning input volume to GCA...
Transform matrix
 1.01438   0.09214   0.01960  -15.63975;
-0.10566   0.93748   0.02989   31.67018;
-0.01837  -0.06968   0.91055   9.52858;
 0.00000   0.00000   0.00000   1.00000;
nsamples 315638
Quasinewton: input matrix
 1.01438   0.09214   0.01960  -15.63975;
-0.10566   0.93748   0.02989   31.67018;
-0.01837  -0.06968   0.91055   9.52858;
 0.00000   0.00000   0.00000   1.00000;
 IFLAG= -1  LINE SEARCH FAILED. SEE DOCUMENTATION OF ROUTINE MCSRCH ERROR RETURN OF LINE SEARCH: INFO= 6 POSSIBLE CAUSES: FUNCTION OR GRADIENT ARE INCORRECT OR INCORRECT TOLERANCESoutof QuasiNewtonEMA: 011: -log(p) =    4.0  tol 0.000000
final transform:
 1.01438   0.09214   0.01960  -15.63975;
-0.10566   0.93748   0.02989   31.67018;
-0.01837  -0.06968   0.91055   9.52858;
 0.00000   0.00000   0.00000   1.00000;

writing output transformation to transforms/talairach.lta...
#VMPC# mri_em_register VmPeak  891288
FSRUNTIME@ mri_em_register  0.0303 hours 16 threads
registration took 1 minutes and 49 seconds.

Started at Tue Mar 10 07:00:24 CET 2026 
Ended   at Tue Mar 10 07:02:13 CET 2026
#@#%# recon-all-run-time-hours 0.030
recon-all -s sub-v1s8x0051332_ses-1 finished without error at Tue Mar 10 07:02:13 CET 2026



#New# invocation of recon-all 




Tue Mar 10 07:02:17 CET 2026
cd /out/sourcedata/freesurfer/sub-v1s8x0051332_ses-1
setenv SUBJECTS_DIR /out/sourcedata/freesurfer
/opt/freesurfer/bin/recon-all -autorecon2-volonly -openmp 16 -subjid sub-v1s8x0051332_ses-1 -sd /out/sourcedata/freesurfer -nogcareg

subjid sub-v1s8x0051332_ses-1
setenv SUBJECTS_DIR /out/sourcedata/freesurfer
FREESURFER_HOME /opt/freesurfer
Actual FREESURFER_HOME /opt/freesurfer
build-stamp.txt: freesurfer-linux-ubuntu22_x86_64-7.3.2-20220804-6354275
Linux dna063 5.14.0-427.37.1.el9_4.x86_64 #1 SMP PREEMPT_DYNAMIC Fri Sep 13 12:41:50 EDT 2024 x86_64 x86_64 x86_64 GNU/Linux
cputime      unlimited
filesize     unlimited
datasize     unlimited
stacksize    8192 kbytes
coredumpsize 0 kbytes
memoryuse    67108864 kbytes
vmemoryuse   unlimited
descriptors  1024 
memorylocked unlimited
maxproc      2061970 
maxlocks     unlimited
maxsignal    2061970 
maxmessage   819200 
maxnice      0 
maxrtprio    0 
maxrttime    unlimited

               total        used        free      shared  buff/cache   available
Mem:           503Gi        47Gi       351Gi        10Gi       104Gi       442Gi
Swap:             0B          0B          0B

########################################
program versions used
7.3.2 (freesurfer-linux-ubuntu22_x86_64-7.3.2-20220804-6354275)
7.3.2

ProgramName: lta_convert  ProgramArguments: lta_convert -all-info  ProgramVersion: 7.3.2  TimeStamp: 2026/03/10-06:02:17-GMT  BuildTime: Aug  4 2022 06:17:15  BuildStamp: freesurfer-linux-ubuntu22_x86_64-7.3.2-20220804-6354275  User: oesteban  Machine: dna063  Platform: Linux  PlatformVersion: 5.14.0-427.37.1.el9_4.x86_64  CompilerName: GCC  CompilerVersion: 8.4.0
ProgramName: mri_and  ProgramArguments: mri_and -all-info  ProgramVersion: 7.3.2  TimeStamp: 2026/03/10-06:02:17-GMT  BuildTime: Aug  4 2022 06:17:15  BuildStamp: freesurfer-linux-ubuntu22_x86_64-7.3.2-20220804-6354275  User: oesteban  Machine: dna063  Platform: Linux  PlatformVersion: 5.14.0-427.37.1.el9_4.x86_64  CompilerName: GCC  CompilerVersion: 8.4.0
ProgramName: mri_annotation2label  ProgramArguments: mri_annotation2label -all-info  ProgramVersion: 7.3.2  TimeStamp: 2026/03/10-06:02:17-GMT  BuildTime: Aug  4 2022 06:17:15  BuildStamp: freesurfer-linux-ubuntu22_x86_64-7.3.2-20220804-6354275  User: oesteban  Machine: dna063  Platform: Linux  PlatformVersion: 5.14.0-427.37.1.el9_4.x86_64  CompilerName: GCC  CompilerVersion: 8.4.0
ProgramName: mri_aparc2aseg  ProgramArguments: mri_aparc2aseg -all-info  ProgramVersion: 7.3.2  TimeStamp: 2026/03/10-06:02:17-GMT  BuildTime: Aug  4 2022 06:17:15  BuildStamp: freesurfer-linux-ubuntu22_x86_64-7.3.2-20220804-6354275  User: oesteban  Machine: dna063  Platform: Linux  PlatformVersion: 5.14.0-427.37.1.el9_4.x86_64  CompilerName: GCC  CompilerVersion: 8.4.0
ProgramName: mri_surf2volseg  ProgramArguments: mri_surf2volseg -all-info  ProgramVersion: 7.3.2  TimeStamp: 2026/03/10-06:02:17-GMT  BuildTime: Aug  4 2022 06:17:15  BuildStamp: freesurfer-linux-ubuntu22_x86_64-7.3.2-20220804-6354275  User: oesteban  Machine: dna063  Platform: Linux  PlatformVersion: 5.14.0-427.37.1.el9_4.x86_64  CompilerName: GCC  CompilerVersion: 8.4.0
ProgramName: mri_binarize  ProgramArguments: mri_binarize -all-info  ProgramVersion: 7.3.2  TimeStamp: 2026/03/10-06:02:17-GMT  BuildTime: Aug  4 2022 06:17:15  BuildStamp: freesurfer-linux-ubuntu22_x86_64-7.3.2-20220804-6354275  User: oesteban  Machine: dna063  Platform: Linux  PlatformVersion: 5.14.0-427.37.1.el9_4.x86_64  CompilerName: GCC  CompilerVersion: 8.4.0
ProgramName: mri_ca_label  ProgramArguments: mri_ca_label -all-info  ProgramVersion: 7.3.2  TimeStamp: 2026/03/10-06:02:17-GMT  BuildTime: Aug  4 2022 06:17:15  BuildStamp: freesurfer-linux-ubuntu22_x86_64-7.3.2-20220804-6354275  User: oesteban  Machine: dna063  Platform: Linux  PlatformVersion: 5.14.0-427.37.1.el9_4.x86_64  CompilerName: GCC  CompilerVersion: 8.4.0
ProgramName: mri_ca_normalize  ProgramArguments: mri_ca_normalize -all-info  ProgramVersion: 7.3.2  TimeStamp: 2026/03/10-06:02:17-GMT  BuildTime: Aug  4 2022 06:17:15  BuildStamp: freesurfer-linux-ubuntu22_x86_64-7.3.2-20220804-6354275  User: oesteban  Machine: dna063  Platform: Linux  PlatformVersion: 5.14.0-427.37.1.el9_4.x86_64  CompilerName: GCC  CompilerVersion: 8.4.0
ProgramName: mri_ca_register  ProgramArguments: mri_ca_register -all-info  ProgramVersion: 7.3.2  TimeStamp: 2026/03/10-06:02:17-GMT  BuildTime: Aug  4 2022 06:17:15  BuildStamp: freesurfer-linux-ubuntu22_x86_64-7.3.2-20220804-6354275  User: oesteban  Machine: dna063  Platform: Linux  PlatformVersion: 5.14.0-427.37.1.el9_4.x86_64  CompilerName: GCC  CompilerVersion: 8.4.0
ProgramName: mri_cc  ProgramArguments: mri_cc -all-info  ProgramVersion: 7.3.2  TimeStamp: 2026/03/10-06:02:17-GMT  BuildTime: Aug  4 2022 06:17:15  BuildStamp: freesurfer-linux-ubuntu22_x86_64-7.3.2-20220804-6354275  User: oesteban  Machine: dna063  Platform: Linux  PlatformVersion: 5.14.0-427.37.1.el9_4.x86_64  CompilerName: GCC  CompilerVersion: 8.4.0
ProgramName: mri_compute_overlap  ProgramArguments: mri_compute_overlap -all-info  ProgramVersion: 7.3.2  TimeStamp: 2026/03/10-06:02:17-GMT  BuildTime: Aug  4 2022 06:17:15  BuildStamp: freesurfer-linux-ubuntu22_x86_64-7.3.2-20220804-6354275  User: oesteban  Machine: dna063  Platform: Linux  PlatformVersion: 5.14.0-427.37.1.el9_4.x86_64  CompilerName: GCC  CompilerVersion: 8.4.0
ProgramName: mri_compute_seg_overlap  ProgramArguments: mri_compute_seg_overlap -all-info  ProgramVersion: 7.3.2  TimeStamp: 2026/03/10-06:02:17-GMT  BuildTime: Aug  4 2022 06:17:15  BuildStamp: freesurfer-linux-ubuntu22_x86_64-7.3.2-20220804-6354275  User: oesteban  Machine: dna063  Platform: Linux  PlatformVersion: 5.14.0-427.37.1.el9_4.x86_64  CompilerName: GCC  CompilerVersion: 8.4.0
ProgramName: mri_concat  ProgramArguments: mri_concat -all-info  ProgramVersion: 7.3.2  TimeStamp: 2026/03/10-06:02:17-GMT  BuildTime: Aug  4 2022 06:17:15  BuildStamp: freesurfer-linux-ubuntu22_x86_64-7.3.2-20220804-6354275  User: oesteban  Machine: dna063  Platform: Linux  PlatformVersion: 5.14.0-427.37.1.el9_4.x86_64  CompilerName: GCC  CompilerVersion: 8.4.0
ProgramName: mri_concatenate_lta  ProgramArguments: mri_concatenate_lta -all-info  ProgramVersion: 7.3.2  TimeStamp: 2026/03/10-06:02:17-GMT  BuildTime: Aug  4 2022 06:17:15  BuildStamp: freesurfer-linux-ubuntu22_x86_64-7.3.2-20220804-6354275  User: oesteban  Machine: dna063  Platform: Linux  PlatformVersion: 5.14.0-427.37.1.el9_4.x86_64  CompilerName: GCC  CompilerVersion: 8.4.0
mri_convert -all-info 
ProgramName: mri_convert  ProgramArguments: mri_convert -all-info  ProgramVersion: 7.3.2  TimeStamp: 2026/03/10-06:02:17-GMT  BuildTime: Aug  4 2022 06:17:15  BuildStamp: freesurfer-linux-ubuntu22_x86_64-7.3.2-20220804-6354275  User: oesteban  Machine: dna063  Platform: Linux  PlatformVersion: 5.14.0-427.37.1.el9_4.x86_64  CompilerName: GCC  CompilerVersion: 8.4.0
ProgramName: mri_diff  ProgramArguments: mri_diff -all-info  ProgramVersion: 7.3.2  TimeStamp: 2026/03/10-06:02:17-GMT  BuildTime: Aug  4 2022 06:17:15  BuildStamp: freesurfer-linux-ubuntu22_x86_64-7.3.2-20220804-6354275  User: oesteban  Machine: dna063  Platform: Linux  PlatformVersion: 5.14.0-427.37.1.el9_4.x86_64  CompilerName: GCC  CompilerVersion: 8.4.0
ProgramName: mri_edit_wm_with_aseg  ProgramArguments: mri_edit_wm_with_aseg -all-info  ProgramVersion: 7.3.2  TimeStamp: 2026/03/10-06:02:17-GMT  BuildTime: Aug  4 2022 06:17:15  BuildStamp: freesurfer-linux-ubuntu22_x86_64-7.3.2-20220804-6354275  User: oesteban  Machine: dna063  Platform: Linux  PlatformVersion: 5.14.0-427.37.1.el9_4.x86_64  CompilerName: GCC  CompilerVersion: 8.4.0
ProgramName: mri_em_register  ProgramArguments: mri_em_register -all-info  ProgramVersion: 7.3.2  TimeStamp: 2026/03/10-06:02:17-GMT  BuildTime: Aug  4 2022 06:17:15  BuildStamp: freesurfer-linux-ubuntu22_x86_64-7.3.2-20220804-6354275  User: oesteban  Machine: dna063  Platform: Linux  PlatformVersion: 5.14.0-427.37.1.el9_4.x86_64  CompilerName: GCC  CompilerVersion: 8.4.0
ProgramName: mri_fill  ProgramArguments: mri_fill -all-info  ProgramVersion: 7.3.2  TimeStamp: 2026/03/10-06:02:17-GMT  BuildTime: Aug  4 2022 06:17:15  BuildStamp: freesurfer-linux-ubuntu22_x86_64-7.3.2-20220804-6354275  User: oesteban  Machine: dna063  Platform: Linux  PlatformVersion: 5.14.0-427.37.1.el9_4.x86_64  CompilerName: GCC  CompilerVersion: 8.4.0
ProgramName: mri_fuse_segmentations  ProgramArguments: mri_fuse_segmentations -all-info  ProgramVersion: 7.3.2  TimeStamp: 2026/03/10-06:02:17-GMT  BuildTime: Aug  4 2022 06:17:15  BuildStamp: freesurfer-linux-ubuntu22_x86_64-7.3.2-20220804-6354275  User: oesteban  Machine: dna063  Platform: Linux  PlatformVersion: 5.14.0-427.37.1.el9_4.x86_64  CompilerName: GCC  CompilerVersion: 8.4.0
ProgramName: mri_fwhm  ProgramArguments: mri_fwhm -all-info  ProgramVersion: 7.3.2  TimeStamp: 2026/03/10-06:02:17-GMT  BuildTime: Aug  4 2022 06:17:15  BuildStamp: freesurfer-linux-ubuntu22_x86_64-7.3.2-20220804-6354275  User: oesteban  Machine: dna063  Platform: Linux  PlatformVersion: 5.14.0-427.37.1.el9_4.x86_64  CompilerName: GCC  CompilerVersion: 8.4.0
ProgramName: mri_gcut  ProgramArguments: mri_gcut -all-info  ProgramVersion: 7.3.2  TimeStamp: 2026/03/10-06:02:17-GMT  BuildTime: Aug  4 2022 06:17:15  BuildStamp: freesurfer-linux-ubuntu22_x86_64-7.3.2-20220804-6354275  User: oesteban  Machine: dna063  Platform: Linux  PlatformVersion: 5.14.0-427.37.1.el9_4.x86_64  CompilerName: GCC  CompilerVersion: 8.4.0
ProgramName: mri_info  ProgramArguments: mri_info -all-info  ProgramVersion: 7.3.2  TimeStamp: 2026/03/10-06:02:17-GMT  BuildTime: Aug  4 2022 06:17:15  BuildStamp: freesurfer-linux-ubuntu22_x86_64-7.3.2-20220804-6354275  User: oesteban  Machine: dna063  Platform: Linux  PlatformVersion: 5.14.0-427.37.1.el9_4.x86_64  CompilerName: GCC  CompilerVersion: 8.4.0
ProgramName: mri_label2label  ProgramArguments: mri_label2label -all-info  ProgramVersion: 7.3.2  TimeStamp: 2026/03/10-06:02:17-GMT  BuildTime: Aug  4 2022 06:17:15  BuildStamp: freesurfer-linux-ubuntu22_x86_64-7.3.2-20220804-6354275  User: oesteban  Machine: dna063  Platform: Linux  PlatformVersion: 5.14.0-427.37.1.el9_4.x86_64  CompilerName: GCC  CompilerVersion: 8.4.0
ProgramName: mri_label2vol  ProgramArguments: mri_label2vol -all-info  ProgramVersion: 7.3.2  TimeStamp: 2026/03/10-06:02:17-GMT  BuildTime: Aug  4 2022 06:17:15  BuildStamp: freesurfer-linux-ubuntu22_x86_64-7.3.2-20220804-6354275  User: oesteban  Machine: dna063  Platform: Linux  PlatformVersion: 5.14.0-427.37.1.el9_4.x86_64  CompilerName: GCC  CompilerVersion: 8.4.0
ProgramName: mri_log_likelihood  ProgramArguments: mri_log_likelihood -all-info  ProgramVersion: 7.3.2  TimeStamp: 2026/03/10-06:02:17-GMT  BuildTime: Aug  4 2022 06:17:15  BuildStamp: freesurfer-linux-ubuntu22_x86_64-7.3.2-20220804-6354275  User: oesteban  Machine: dna063  Platform: Linux  PlatformVersion: 5.14.0-427.37.1.el9_4.x86_64  CompilerName: GCC  CompilerVersion: 8.4.0
ProgramName: mri_mask  ProgramArguments: mri_mask -all-info  ProgramVersion: 7.3.2  TimeStamp: 2026/03/10-06:02:17-GMT  BuildTime: Aug  4 2022 06:17:15  BuildStamp: freesurfer-linux-ubuntu22_x86_64-7.3.2-20220804-6354275  User: oesteban  Machine: dna063  Platform: Linux  PlatformVersion: 5.14.0-427.37.1.el9_4.x86_64  CompilerName: GCC  CompilerVersion: 8.4.0
ProgramName: mri_matrix_multiply  ProgramArguments: mri_matrix_multiply -all-info  ProgramVersion: 7.3.2  TimeStamp: 2026/03/10-06:02:17-GMT  BuildTime: Aug  4 2022 06:17:15  BuildStamp: freesurfer-linux-ubuntu22_x86_64-7.3.2-20220804-6354275  User: oesteban  Machine: dna063  Platform: Linux  PlatformVersion: 5.14.0-427.37.1.el9_4.x86_64  CompilerName: GCC  CompilerVersion: 8.4.0
ProgramName: mri_normalize  ProgramArguments: mri_normalize -all-info  ProgramVersion: 7.3.2  TimeStamp: 2026/03/10-06:02:17-GMT  BuildTime: Aug  4 2022 06:17:15  BuildStamp: freesurfer-linux-ubuntu22_x86_64-7.3.2-20220804-6354275  User: oesteban  Machine: dna063  Platform: Linux  PlatformVersion: 5.14.0-427.37.1.el9_4.x86_64  CompilerName: GCC  CompilerVersion: 8.4.0
ProgramName: mri_normalize_tp2  ProgramArguments: mri_normalize_tp2 -all-info  ProgramVersion: 7.3.2  TimeStamp: 2026/03/10-06:02:17-GMT  BuildTime: Aug  4 2022 06:17:15  BuildStamp: freesurfer-linux-ubuntu22_x86_64-7.3.2-20220804-6354275  User: oesteban  Machine: dna063  Platform: Linux  PlatformVersion: 5.14.0-427.37.1.el9_4.x86_64  CompilerName: GCC  CompilerVersion: 8.4.0
ProgramName: mri_or  ProgramArguments: mri_or -all-info  ProgramVersion: 7.3.2  TimeStamp: 2026/03/10-06:02:17-GMT  BuildTime: Aug  4 2022 06:17:15  BuildStamp: freesurfer-linux-ubuntu22_x86_64-7.3.2-20220804-6354275  User: oesteban  Machine: dna063  Platform: Linux  PlatformVersion: 5.14.0-427.37.1.el9_4.x86_64  CompilerName: GCC  CompilerVersion: 8.4.0
ProgramName: mri_relabel_hypointensities  ProgramArguments: mri_relabel_hypointensities -all-info  ProgramVersion: 7.3.2  TimeStamp: 2026/03/10-06:02:17-GMT  BuildTime: Aug  4 2022 06:17:15  BuildStamp: freesurfer-linux-ubuntu22_x86_64-7.3.2-20220804-6354275  User: oesteban  Machine: dna063  Platform: Linux  PlatformVersion: 5.14.0-427.37.1.el9_4.x86_64  CompilerName: GCC  CompilerVersion: 8.4.0
ProgramName: mri_relabel_nonwm_hypos  ProgramArguments: mri_relabel_nonwm_hypos -all-info  ProgramVersion: 7.3.2  TimeStamp: 2026/03/10-06:02:17-GMT  BuildTime: Aug  4 2022 06:17:15  BuildStamp: freesurfer-linux-ubuntu22_x86_64-7.3.2-20220804-6354275  User: oesteban  Machine: dna063  Platform: Linux  PlatformVersion: 5.14.0-427.37.1.el9_4.x86_64  CompilerName: GCC  CompilerVersion: 8.4.0
ProgramName: mri_remove_neck  ProgramArguments: mri_remove_neck -all-info  ProgramVersion: 7.3.2  TimeStamp: 2026/03/10-06:02:17-GMT  BuildTime: Aug  4 2022 06:17:15  BuildStamp: freesurfer-linux-ubuntu22_x86_64-7.3.2-20220804-6354275  User: oesteban  Machine: dna063  Platform: Linux  PlatformVersion: 5.14.0-427.37.1.el9_4.x86_64  CompilerName: GCC  CompilerVersion: 8.4.0
7.3.2

ProgramName: mri_robust_register  ProgramArguments: mri_robust_register -all-info  ProgramVersion: 7.3.2  TimeStamp: 2026/03/10-06:02:17-GMT  BuildTime: Aug  4 2022 06:17:15  BuildStamp: freesurfer-linux-ubuntu22_x86_64-7.3.2-20220804-6354275  User: oesteban  Machine: dna063  Platform: Linux  PlatformVersion: 5.14.0-427.37.1.el9_4.x86_64  CompilerName: GCC  CompilerVersion: 8.4.0
7.3.2

ProgramName: mri_robust_template  ProgramArguments: mri_robust_template -all-info  ProgramVersion: 7.3.2  TimeStamp: 2026/03/10-06:02:17-GMT  BuildTime: Aug  4 2022 06:17:15  BuildStamp: freesurfer-linux-ubuntu22_x86_64-7.3.2-20220804-6354275  User: oesteban  Machine: dna063  Platform: Linux  PlatformVersion: 5.14.0-427.37.1.el9_4.x86_64  CompilerName: GCC  CompilerVersion: 8.4.0
ProgramName: mris_anatomical_stats  ProgramArguments: mris_anatomical_stats -all-info  ProgramVersion: 7.3.2  TimeStamp: 2026/03/10-06:02:17-GMT  BuildTime: Aug  4 2022 06:17:15  BuildStamp: freesurfer-linux-ubuntu22_x86_64-7.3.2-20220804-6354275  User: oesteban  Machine: dna063  Platform: Linux  PlatformVersion: 5.14.0-427.37.1.el9_4.x86_64  CompilerName: GCC  CompilerVersion: 8.4.0
ProgramName: mris_ca_label  ProgramArguments: mris_ca_label -all-info  ProgramVersion: 7.3.2  TimeStamp: 2026/03/10-06:02:17-GMT  BuildTime: Aug  4 2022 06:17:15  BuildStamp: freesurfer-linux-ubuntu22_x86_64-7.3.2-20220804-6354275  User: oesteban  Machine: dna063  Platform: Linux  PlatformVersion: 5.14.0-427.37.1.el9_4.x86_64  CompilerName: GCC  CompilerVersion: 8.4.0
ProgramName: mris_calc  ProgramArguments: mris_calc -all-info  ProgramVersion: 7.3.2  TimeStamp: 2026/03/10-06:02:17-GMT  BuildTime: Aug  4 2022 06:17:15  BuildStamp: freesurfer-linux-ubuntu22_x86_64-7.3.2-20220804-6354275  User: oesteban  Machine: dna063  Platform: Linux  PlatformVersion: 5.14.0-427.37.1.el9_4.x86_64  CompilerName: GCC  CompilerVersion: 8.4.0
ProgramName: mris_convert  ProgramArguments: mris_convert -all-info  ProgramVersion: 7.3.2  TimeStamp: 2026/03/10-06:02:17-GMT  BuildTime: Aug  4 2022 06:17:15  BuildStamp: freesurfer-linux-ubuntu22_x86_64-7.3.2-20220804-6354275  User: oesteban  Machine: dna063  Platform: Linux  PlatformVersion: 5.14.0-427.37.1.el9_4.x86_64  CompilerName: GCC  CompilerVersion: 8.4.0
ProgramName: mris_curvature  ProgramArguments: mris_curvature -all-info  ProgramVersion: 7.3.2  TimeStamp: 2026/03/10-06:02:17-GMT  BuildTime: Aug  4 2022 06:17:15  BuildStamp: freesurfer-linux-ubuntu22_x86_64-7.3.2-20220804-6354275  User: oesteban  Machine: dna063  Platform: Linux  PlatformVersion: 5.14.0-427.37.1.el9_4.x86_64  CompilerName: GCC  CompilerVersion: 8.4.0
ProgramName: mris_curvature_stats  ProgramArguments: mris_curvature_stats -all-info  ProgramVersion: 7.3.2  TimeStamp: 2026/03/10-06:02:17-GMT  BuildTime: Aug  4 2022 06:17:15  BuildStamp: freesurfer-linux-ubuntu22_x86_64-7.3.2-20220804-6354275  User: oesteban  Machine: dna063  Platform: Linux  PlatformVersion: 5.14.0-427.37.1.el9_4.x86_64  CompilerName: GCC  CompilerVersion: 8.4.0
ProgramName: mris_diff  ProgramArguments: mris_diff -all-info  ProgramVersion: 7.3.2  TimeStamp: 2026/03/10-06:02:17-GMT  BuildTime: Aug  4 2022 06:17:15  BuildStamp: freesurfer-linux-ubuntu22_x86_64-7.3.2-20220804-6354275  User: oesteban  Machine: dna063  Platform: Linux  PlatformVersion: 5.14.0-427.37.1.el9_4.x86_64  CompilerName: GCC  CompilerVersion: 8.4.0
ProgramName: mris_divide_parcellation  ProgramArguments: mris_divide_parcellation -all-info  ProgramVersion: 7.3.2  TimeStamp: 2026/03/10-06:02:17-GMT  BuildTime: Aug  4 2022 06:17:15  BuildStamp: freesurfer-linux-ubuntu22_x86_64-7.3.2-20220804-6354275  User: oesteban  Machine: dna063  Platform: Linux  PlatformVersion: 5.14.0-427.37.1.el9_4.x86_64  CompilerName: GCC  CompilerVersion: 8.4.0
ProgramName: mri_segment  ProgramArguments: mri_segment -all-info  ProgramVersion: 7.3.2  TimeStamp: 2026/03/10-06:02:17-GMT  BuildTime: Aug  4 2022 06:17:15  BuildStamp: freesurfer-linux-ubuntu22_x86_64-7.3.2-20220804-6354275  User: oesteban  Machine: dna063  Platform: Linux  PlatformVersion: 5.14.0-427.37.1.el9_4.x86_64  CompilerName: GCC  CompilerVersion: 8.4.0
ProgramName: mri_segstats  ProgramArguments: mri_segstats -all-info  ProgramVersion: 7.3.2  TimeStamp: 2026/03/10-06:02:17-GMT  BuildTime: Aug  4 2022 06:17:15  BuildStamp: freesurfer-linux-ubuntu22_x86_64-7.3.2-20220804-6354275  User: oesteban  Machine: dna063  Platform: Linux  PlatformVersion: 5.14.0-427.37.1.el9_4.x86_64  CompilerName: GCC  CompilerVersion: 8.4.0
ProgramName: mris_euler_number  ProgramArguments: mris_euler_number -all-info  ProgramVersion: 7.3.2  TimeStamp: 2026/03/10-06:02:17-GMT  BuildTime: Aug  4 2022 06:17:15  BuildStamp: freesurfer-linux-ubuntu22_x86_64-7.3.2-20220804-6354275  User: oesteban  Machine: dna063  Platform: Linux  PlatformVersion: 5.14.0-427.37.1.el9_4.x86_64  CompilerName: GCC  CompilerVersion: 8.4.0
ProgramName: mris_fix_topology  ProgramArguments: mris_fix_topology -all-info  ProgramVersion: 7.3.2  TimeStamp: 2026/03/10-06:02:17-GMT  BuildTime: Aug  4 2022 06:17:15  BuildStamp: freesurfer-linux-ubuntu22_x86_64-7.3.2-20220804-6354275  User: oesteban  Machine: dna063  Platform: Linux  PlatformVersion: 5.14.0-427.37.1.el9_4.x86_64  CompilerName: GCC  CompilerVersion: 8.4.0
ProgramName: mris_topo_fixer  ProgramArguments: mris_topo_fixer -all-info  ProgramVersion: 7.3.2  TimeStamp: 2026/03/10-06:02:17-GMT  BuildTime: Aug  4 2022 06:17:15  BuildStamp: freesurfer-linux-ubuntu22_x86_64-7.3.2-20220804-6354275  User: oesteban  Machine: dna063  Platform: Linux  PlatformVersion: 5.14.0-427.37.1.el9_4.x86_64  CompilerName: GCC  CompilerVersion: 8.4.0
ProgramName: mris_jacobian  ProgramArguments: mris_jacobian -all-info  ProgramVersion: 7.3.2  TimeStamp: 2026/03/10-06:02:17-GMT  BuildTime: Aug  4 2022 06:17:15  BuildStamp: freesurfer-linux-ubuntu22_x86_64-7.3.2-20220804-6354275  User: oesteban  Machine: dna063  Platform: Linux  PlatformVersion: 5.14.0-427.37.1.el9_4.x86_64  CompilerName: GCC  CompilerVersion: 8.4.0
ProgramName: mris_label2annot  ProgramArguments: mris_label2annot -all-info  ProgramVersion: 7.3.2  TimeStamp: 2026/03/10-06:02:17-GMT  BuildTime: Aug  4 2022 06:17:15  BuildStamp: freesurfer-linux-ubuntu22_x86_64-7.3.2-20220804-6354275  User: oesteban  Machine: dna063  Platform: Linux  PlatformVersion: 5.14.0-427.37.1.el9_4.x86_64  CompilerName: GCC  CompilerVersion: 8.4.0
ProgramName: mris_left_right_register  ProgramArguments: mris_left_right_register -all-info  ProgramVersion: 7.3.2  TimeStamp: 2026/03/10-06:02:17-GMT  BuildTime: Aug  4 2022 06:17:15  BuildStamp: freesurfer-linux-ubuntu22_x86_64-7.3.2-20220804-6354275  User: oesteban  Machine: dna063  Platform: Linux  PlatformVersion: 5.14.0-427.37.1.el9_4.x86_64  CompilerName: GCC  CompilerVersion: 8.4.0
ProgramName: mris_place_surface  ProgramArguments: mris_place_surface -all-info  ProgramVersion: 7.3.2  TimeStamp: 2026/03/10-06:02:17-GMT  BuildTime: Aug  4 2022 06:17:15  BuildStamp: freesurfer-linux-ubuntu22_x86_64-7.3.2-20220804-6354275  User: oesteban  Machine: dna063  Platform: Linux  PlatformVersion: 5.14.0-427.37.1.el9_4.x86_64  CompilerName: GCC  CompilerVersion: 8.4.0
ProgramName: mrisp_paint  ProgramArguments: mrisp_paint -all-info  ProgramVersion: 7.3.2  TimeStamp: 2026/03/10-06:02:17-GMT  BuildTime: Aug  4 2022 06:17:15  BuildStamp: freesurfer-linux-ubuntu22_x86_64-7.3.2-20220804-6354275  User: oesteban  Machine: dna063  Platform: Linux  PlatformVersion: 5.14.0-427.37.1.el9_4.x86_64  CompilerName: GCC  CompilerVersion: 8.4.0
ProgramName: mris_register  ProgramArguments: mris_register -all-info  ProgramVersion: 7.3.2  TimeStamp: 2026/03/10-06:02:17-GMT  BuildTime: Aug  4 2022 06:17:15  BuildStamp: freesurfer-linux-ubuntu22_x86_64-7.3.2-20220804-6354275  User: oesteban  Machine: dna063  Platform: Linux  PlatformVersion: 5.14.0-427.37.1.el9_4.x86_64  CompilerName: GCC  CompilerVersion: 8.4.0
ProgramName: mris_smooth  ProgramArguments: mris_smooth -all-info  ProgramVersion: 7.3.2  TimeStamp: 2026/03/10-06:02:17-GMT  BuildTime: Aug  4 2022 06:17:15  BuildStamp: freesurfer-linux-ubuntu22_x86_64-7.3.2-20220804-6354275  User: oesteban  Machine: dna063  Platform: Linux  PlatformVersion: 5.14.0-427.37.1.el9_4.x86_64  CompilerName: GCC  CompilerVersion: 8.4.0
ProgramName: mris_sphere  ProgramArguments: mris_sphere -all-info  ProgramVersion: 7.3.2  TimeStamp: 2026/03/10-06:02:17-GMT  BuildTime: Aug  4 2022 06:17:15  BuildStamp: freesurfer-linux-ubuntu22_x86_64-7.3.2-20220804-6354275  User: oesteban  Machine: dna063  Platform: Linux  PlatformVersion: 5.14.0-427.37.1.el9_4.x86_64  CompilerName: GCC  CompilerVersion: 8.4.0
ProgramName: mris_surface_stats  ProgramArguments: mris_surface_stats -all-info  ProgramVersion: 7.3.2  TimeStamp: 2026/03/10-06:02:17-GMT  BuildTime: Aug  4 2022 06:17:15  BuildStamp: freesurfer-linux-ubuntu22_x86_64-7.3.2-20220804-6354275  User: oesteban  Machine: dna063  Platform: Linux  PlatformVersion: 5.14.0-427.37.1.el9_4.x86_64  CompilerName: GCC  CompilerVersion: 8.4.0
ProgramName: mri_stats2seg  ProgramArguments: mri_stats2seg -all-info  ProgramVersion: 7.3.2  TimeStamp: 2026/03/10-06:02:17-GMT  BuildTime: Aug  4 2022 06:17:15  BuildStamp: freesurfer-linux-ubuntu22_x86_64-7.3.2-20220804-6354275  User: oesteban  Machine: dna063  Platform: Linux  PlatformVersion: 5.14.0-427.37.1.el9_4.x86_64  CompilerName: GCC  CompilerVersion: 8.4.0
ProgramName: mris_thickness  ProgramArguments: mris_thickness -all-info  ProgramVersion: 7.3.2  TimeStamp: 2026/03/10-06:02:17-GMT  BuildTime: Aug  4 2022 06:17:15  BuildStamp: freesurfer-linux-ubuntu22_x86_64-7.3.2-20220804-6354275  User: oesteban  Machine: dna063  Platform: Linux  PlatformVersion: 5.14.0-427.37.1.el9_4.x86_64  CompilerName: GCC  CompilerVersion: 8.4.0
ProgramName: mris_thickness_diff  ProgramArguments: mris_thickness_diff -all-info  ProgramVersion: 7.3.2  TimeStamp: 2026/03/10-06:02:17-GMT  BuildTime: Aug  4 2022 06:17:15  BuildStamp: freesurfer-linux-ubuntu22_x86_64-7.3.2-20220804-6354275  User: oesteban  Machine: dna063  Platform: Linux  PlatformVersion: 5.14.0-427.37.1.el9_4.x86_64  CompilerName: GCC  CompilerVersion: 8.4.0
ProgramName: mris_topo_fixer  ProgramArguments: mris_topo_fixer -all-info  ProgramVersion: 7.3.2  TimeStamp: 2026/03/10-06:02:17-GMT  BuildTime: Aug  4 2022 06:17:15  BuildStamp: freesurfer-linux-ubuntu22_x86_64-7.3.2-20220804-6354275  User: oesteban  Machine: dna063  Platform: Linux  PlatformVersion: 5.14.0-427.37.1.el9_4.x86_64  CompilerName: GCC  CompilerVersion: 8.4.0
ProgramName: mri_surf2surf  ProgramArguments: mri_surf2surf -all-info  ProgramVersion: 7.3.2  TimeStamp: 2026/03/10-06:02:17-GMT  BuildTime: Aug  4 2022 06:17:15  BuildStamp: freesurfer-linux-ubuntu22_x86_64-7.3.2-20220804-6354275  User: oesteban  Machine: dna063  Platform: Linux  PlatformVersion: 5.14.0-427.37.1.el9_4.x86_64  CompilerName: GCC  CompilerVersion: 8.4.0
ProgramName: mri_surf2vol  ProgramArguments: mri_surf2vol -all-info  ProgramVersion: 7.3.2  TimeStamp: 2026/03/10-06:02:17-GMT  BuildTime: Aug  4 2022 06:17:15  BuildStamp: freesurfer-linux-ubuntu22_x86_64-7.3.2-20220804-6354275  User: oesteban  Machine: dna063  Platform: Linux  PlatformVersion: 5.14.0-427.37.1.el9_4.x86_64  CompilerName: GCC  CompilerVersion: 8.4.0
ProgramName: mri_surfcluster  ProgramArguments: mri_surfcluster -all-info  ProgramVersion: 7.3.2  TimeStamp: 2026/03/10-06:02:17-GMT  BuildTime: Aug  4 2022 06:17:15  BuildStamp: freesurfer-linux-ubuntu22_x86_64-7.3.2-20220804-6354275  User: oesteban  Machine: dna063  Platform: Linux  PlatformVersion: 5.14.0-427.37.1.el9_4.x86_64  CompilerName: GCC  CompilerVersion: 8.4.0
ProgramName: mris_volmask  ProgramArguments: mris_volmask -all-info  ProgramVersion: 7.3.2  TimeStamp: 2026/03/10-06:02:17-GMT  BuildTime: Aug  4 2022 06:17:15  BuildStamp: freesurfer-linux-ubuntu22_x86_64-7.3.2-20220804-6354275  User: oesteban  Machine: dna063  Platform: Linux  PlatformVersion: 5.14.0-427.37.1.el9_4.x86_64  CompilerName: GCC  CompilerVersion: 8.4.0
ProgramName: mri_tessellate  ProgramArguments: mri_tessellate -all-info  ProgramVersion: 7.3.2  TimeStamp: 2026/03/10-06:02:17-GMT  BuildTime: Aug  4 2022 06:17:15  BuildStamp: freesurfer-linux-ubuntu22_x86_64-7.3.2-20220804-6354275  User: oesteban  Machine: dna063  Platform: Linux  PlatformVersion: 5.14.0-427.37.1.el9_4.x86_64  CompilerName: GCC  CompilerVersion: 8.4.0
ProgramName: mri_vol2surf  ProgramArguments: mri_vol2surf -all-info  ProgramVersion: 7.3.2  TimeStamp: 2026/03/10-06:02:17-GMT  BuildTime: Aug  4 2022 06:17:15  BuildStamp: freesurfer-linux-ubuntu22_x86_64-7.3.2-20220804-6354275  User: oesteban  Machine: dna063  Platform: Linux  PlatformVersion: 5.14.0-427.37.1.el9_4.x86_64  CompilerName: GCC  CompilerVersion: 8.4.0
ProgramName: mri_vol2vol  ProgramArguments: mri_vol2vol -all-info  ProgramVersion: 7.3.2  TimeStamp: 2026/03/10-06:02:17-GMT  BuildTime: Aug  4 2022 06:17:15  BuildStamp: freesurfer-linux-ubuntu22_x86_64-7.3.2-20220804-6354275  User: oesteban  Machine: dna063  Platform: Linux  PlatformVersion: 5.14.0-427.37.1.el9_4.x86_64  CompilerName: GCC  CompilerVersion: 8.4.0
ProgramName: mri_voldiff  ProgramArguments: mri_voldiff -all-info  ProgramVersion: 7.3.2  TimeStamp: 2026/03/10-06:02:17-GMT  BuildTime: Aug  4 2022 06:17:15  BuildStamp: freesurfer-linux-ubuntu22_x86_64-7.3.2-20220804-6354275  User: oesteban  Machine: dna063  Platform: Linux  PlatformVersion: 5.14.0-427.37.1.el9_4.x86_64  CompilerName: GCC  CompilerVersion: 8.4.0
ProgramName: mri_watershed  ProgramArguments: mri_watershed -all-info  ProgramVersion: 7.3.2  TimeStamp: 2026/03/10-06:02:17-GMT  BuildTime: Aug  4 2022 06:17:15  BuildStamp: freesurfer-linux-ubuntu22_x86_64-7.3.2-20220804-6354275  User: oesteban  Machine: dna063  Platform: Linux  PlatformVersion: 5.14.0-427.37.1.el9_4.x86_64  CompilerName: GCC  CompilerVersion: 8.4.0
ProgramName: tkregister2  ProgramArguments: tkregister2_cmdl -all-info  ProgramVersion: 7.3.2  TimeStamp: 2026/03/10-06:02:17-GMT  BuildTime: Aug  4 2022 06:17:15  BuildStamp: freesurfer-linux-ubuntu22_x86_64-7.3.2-20220804-6354275  User: oesteban  Machine: dna063  Platform: Linux  PlatformVersion: 5.14.0-427.37.1.el9_4.x86_64  CompilerName: GCC  CompilerVersion: 8.4.0
mri_motion_correct.fsl 7.3.2
mri_convert -all-info 
ProgramName: mri_convert  ProgramArguments: mri_convert -all-info  ProgramVersion: 7.3.2  TimeStamp: 2026/03/10-06:02:17-GMT  BuildTime: Aug  4 2022 06:17:15  BuildStamp: freesurfer-linux-ubuntu22_x86_64-7.3.2-20220804-6354275  User: oesteban  Machine: dna063  Platform: Linux  PlatformVersion: 5.14.0-427.37.1.el9_4.x86_64  CompilerName: GCC  CompilerVersion: 8.4.0
Program nu_correct, built from:
Package MNI N3, version 1.12.0, compiled by nicks@terrier (x86_64-unknown-linux-gnu) on 2015-06-19 at 01:25:34
#######################################
GCADIR /opt/freesurfer/average
GCA RB_all_2020-01-02.gca
GCASkull RB_all_withskull_2020_01_02.gca
AvgCurvTif folding.atlas.acfb40.noaparc.i12.2016-08-02.tif
GCSDIR /opt/freesurfer/average
GCS DKaparc.atlas.acfb40.noaparc.i12.2016-08-02.gcs
#######################################
#--------------------------------------
#@# CA Normalize Tue Mar 10 07:02:17 CET 2026
/out/sourcedata/freesurfer/sub-v1s8x0051332_ses-1/mri

 mri_ca_normalize -c ctrl_pts.mgz -mask brainmask.mgz nu.mgz /opt/freesurfer/average/RB_all_2020-01-02.gca transforms/talairach.lta norm.mgz 

writing control point volume to ctrl_pts.mgz
using MR volume brainmask.mgz to mask input volume...
reading 1 input volume
reading atlas from '/opt/freesurfer/average/RB_all_2020-01-02.gca'...
reading transform from 'transforms/talairach.lta'...
reading input volume from nu.mgz...
resetting wm mean[0]: 98 --> 107
resetting gm mean[0]: 61 --> 61
input volume #1 is the most T1-like
using real data threshold=29.0
skull bounding box = (63, 32, 30) --> (193, 164, 207)
finding center of left hemi white matter
using (106, 76, 119) as brain centroid of Right_Cerebral_White_Matter...
mean wm in atlas = 107, using box (90,60,97) --> (121, 92,140) to find MRI wm
before smoothing, mri peak at 107
robust fit to distribution - 108 +- 3.6
after smoothing, mri peak at 109, scaling input intensities by 0.982
scaling channel 0 by 0.981651
using 246437 sample points...
INFO: compute sample coordinates transform
 1.01438   0.09214   0.01960  -15.63975;
-0.10566   0.93748   0.02989   31.67018;
-0.01837  -0.06968   0.91055   9.52858;
 0.00000   0.00000   0.00000   1.00000;
INFO: transform used
finding control points in Left_Cerebral_White_Matter....
found 40230 control points for structure...
bounding box (126, 35, 30) --> (194, 161, 214)
Left_Cerebral_White_Matter: limiting intensities to 95.0 --> 132.0
80 of 8754 (0.9%) samples deleted
finding control points in Right_Cerebral_White_Matter....
found 39478 control points for structure...
bounding box (63, 32, 29) --> (132, 156, 214)
Right_Cerebral_White_Matter: limiting intensities to 95.0 --> 132.0
39 of 9032 (0.4%) samples deleted
finding control points in Left_Cerebellum_White_Matter....
found 3105 control points for structure...
bounding box (127, 121, 57) --> (173, 174, 116)
Left_Cerebellum_White_Matter: limiting intensities to 96.0 --> 132.0
0 of 515 (0.0%) samples deleted
finding control points in Right_Cerebellum_White_Matter....
found 2710 control points for structure...
bounding box (80, 121, 53) --> (127, 167, 117)
Right_Cerebellum_White_Matter: limiting intensities to 95.0 --> 132.0
0 of 527 (0.0%) samples deleted
finding control points in Brain_Stem....
found 3475 control points for structure...
bounding box (108, 115, 96) --> (143, 188, 129)
Brain_Stem: limiting intensities to 93.0 --> 132.0
0 of 748 (0.0%) samples deleted
using 19576 total control points for intensity normalization...
bias field = 0.975 +- 0.069
33 of 19457 control points discarded
finding control points in Left_Cerebral_White_Matter....
found 40230 control points for structure...
bounding box (126, 35, 30) --> (194, 161, 214)
Left_Cerebral_White_Matter: limiting intensities to 91.0 --> 132.0
74 of 8830 (0.8%) samples deleted
finding control points in Right_Cerebral_White_Matter....
found 39478 control points for structure...
bounding box (63, 32, 29) --> (132, 156, 214)
Right_Cerebral_White_Matter: limiting intensities to 91.0 --> 132.0
51 of 9140 (0.6%) samples deleted
finding control points in Left_Cerebellum_White_Matter....
found 3105 control points for structure...
bounding box (127, 121, 57) --> (173, 174, 116)
Left_Cerebellum_White_Matter: limiting intensities to 88.0 --> 132.0
29 of 587 (4.9%) samples deleted
finding control points in Right_Cerebellum_White_Matter....
found 2710 control points for structure...
bounding box (80, 121, 53) --> (127, 167, 117)
Right_Cerebellum_White_Matter: limiting intensities to 88.0 --> 132.0
29 of 564 (5.1%) samples deleted
finding control points in Brain_Stem....
found 3475 control points for structure...
bounding box (108, 115, 96) --> (143, 188, 129)
Brain_Stem: limiting intensities to 88.0 --> 132.0
39 of 822 (4.7%) samples deleted
using 19943 total control points for intensity normalization...
bias field = 1.022 +- 0.050
69 of 19647 control points discarded
finding control points in Left_Cerebral_White_Matter....
found 40230 control points for structure...
bounding box (126, 35, 30) --> (194, 161, 214)
Left_Cerebral_White_Matter: limiting intensities to 90.0 --> 132.0
71 of 8828 (0.8%) samples deleted
finding control points in Right_Cerebral_White_Matter....
found 39478 control points for structure...
bounding box (63, 32, 29) --> (132, 156, 214)
Right_Cerebral_White_Matter: limiting intensities to 91.0 --> 132.0
66 of 9142 (0.7%) samples deleted
finding control points in Left_Cerebellum_White_Matter....
found 3105 control points for structure...
bounding box (127, 121, 57) --> (173, 174, 116)
Left_Cerebellum_White_Matter: limiting intensities to 88.0 --> 132.0
205 of 604 (33.9%) samples deleted
finding control points in Right_Cerebellum_White_Matter....
found 2710 control points for structure...
bounding box (80, 121, 53) --> (127, 167, 117)
Right_Cerebellum_White_Matter: limiting intensities to 88.0 --> 132.0
222 of 577 (38.5%) samples deleted
finding control points in Brain_Stem....
found 3475 control points for structure...
bounding box (108, 115, 96) --> (143, 188, 129)
Brain_Stem: limiting intensities to 88.0 --> 132.0
228 of 838 (27.2%) samples deleted
using 19989 total control points for intensity normalization...
bias field = 1.018 +- 0.040
79 of 19104 control points discarded
writing normalized volume to norm.mgz...
writing control points to ctrl_pts.mgz
freeing GCA...done.
normalization took 1 minutes and 20 seconds.
#--------------------------------------
#@# CA Reg Tue Mar 10 07:03:37 CET 2026
/out/sourcedata/freesurfer/sub-v1s8x0051332_ses-1/mri

 mri_ca_register -nobigventricles -T transforms/talairach.lta -align-after -mask brainmask.mgz norm.mgz /opt/freesurfer/average/RB_all_2020-01-02.gca transforms/talairach.m3z 

not handling expanded ventricles...
using previously computed transform transforms/talairach.lta
renormalizing sequences with structure alignment, equivalent to:
	-renormalize
	-regularize_mean 0.500
	-regularize 0.500
using MR volume brainmask.mgz to mask input volume...

== Number of threads available to mri_ca_register for OpenMP = 16 == 
reading 1 input volumes...
logging results to talairach.log
reading input volume 'norm.mgz'...
reading GCA '/opt/freesurfer/average/RB_all_2020-01-02.gca'...
label assignment complete, 0 changed (0.00%)
freeing gibbs priors...done.
average std[0] = 5.0
Starting GCAMregister()
label assignment complete, 0 changed (0.00%)
npasses = 1, nlevels = 6
#pass# 1 of 1 ************************
enabling zero nodes
setting smoothness cost coefficient to 0.156

#GCAMreg# pass 0 level1 5 level2 0 tsec 0 sigma 2
l_jacobian=1.00 l_label=1.00 l_log_likelihood=0.20 l_smoothness=0.16 
tol=2.50e-01, dt=5.00e-02, exp_k=20.0, momentum=0.90, levels=6, niter=500, lbl_dist=10.00, avgs=256, sigma=2.0,type=2, relabel=0, neg=no

blurring input image with Gaussian with sigma=2.000...
GCAMRegisterLevel(): init RMS 0.920781
#FOTS# QuadFit found better minimum quadopt=(dt=363.975,rms=0.845469) vs oldopt=(dt=369.92,rms=0.845504)
#GCMRL#    0 dt 363.975460 rms  0.845  8.179% neg 0  invalid 762 tFOTS 4.2650 tGradient 3.1510 tsec 7.7650
#FOTS# QuadFit found better minimum quadopt=(dt=201.296,rms=0.831039) vs oldopt=(dt=92.48,rms=0.835847)
#GCMRL#    1 dt 201.296089 rms  0.831  1.707% neg 0  invalid 762 tFOTS 4.0930 tGradient 3.2690 tsec 7.6620
#FOTS# QuadFit found better minimum quadopt=(dt=221.952,rms=0.826309) vs oldopt=(dt=369.92,rms=0.828049)
#GCMRL#    2 dt 221.952000 rms  0.826  0.569% neg 0  invalid 762 tFOTS 3.9430 tGradient 2.9820 tsec 7.2560
#FOTS# QuadFit found better minimum quadopt=(dt=221.952,rms=0.822204) vs oldopt=(dt=369.92,rms=0.823104)
#GCMRL#    3 dt 221.952000 rms  0.822  0.497% neg 0  invalid 762 tFOTS 4.0960 tGradient 2.9570 tsec 7.4020
#FOTS# QuadFit found better minimum quadopt=(dt=129.472,rms=0.820297) vs oldopt=(dt=92.48,rms=0.820669)
#GCMRL#    4 dt 129.472000 rms  0.820  0.000% neg 0  invalid 762 tFOTS 4.2030 tGradient 2.9730 tsec 7.5220
#GCMRL#    5 dt 129.472000 rms  0.819  0.178% neg 0  invalid 762 tFOTS 0.0000 tGradient 3.1680 tsec 3.4680
#GCMRL#    6 dt 129.472000 rms  0.816  0.306% neg 0  invalid 762 tFOTS 0.0000 tGradient 2.9600 tsec 3.2560
#GCMRL#    7 dt 129.472000 rms  0.813  0.382% neg 0  invalid 762 tFOTS 0.0000 tGradient 3.0360 tsec 3.3360
#GCMRL#    8 dt 129.472000 rms  0.810  0.357% neg 0  invalid 762 tFOTS 0.0000 tGradient 2.9080 tsec 3.2100
#GCMRL#    9 dt 129.472000 rms  0.808  0.339% neg 0  invalid 762 tFOTS 0.0000 tGradient 3.1930 tsec 3.4900
#GCMRL#   10 dt 129.472000 rms  0.805  0.325% neg 0  invalid 762 tFOTS 0.0000 tGradient 3.1480 tsec 3.4420
#GCMRL#   11 dt 129.472000 rms  0.803  0.271% neg 0  invalid 762 tFOTS 0.0000 tGradient 3.1790 tsec 3.4660
#GCMRL#   12 dt 129.472000 rms  0.801  0.230% neg 0  invalid 762 tFOTS 0.0000 tGradient 3.0940 tsec 3.4270
#GCMRL#   13 dt 129.472000 rms  0.799  0.230% neg 0  invalid 762 tFOTS 0.0000 tGradient 3.1810 tsec 3.4710
#GCMRL#   14 dt 129.472000 rms  0.797  0.204% neg 0  invalid 762 tFOTS 0.0000 tGradient 3.0800 tsec 3.3750
#GCMRL#   15 dt 129.472000 rms  0.796  0.214% neg 0  invalid 762 tFOTS 0.0000 tGradient 3.1100 tsec 3.4070
#GCMRL#   16 dt 129.472000 rms  0.794  0.215% neg 0  invalid 762 tFOTS 0.0000 tGradient 2.9700 tsec 3.2670
#GCMRL#   17 dt 129.472000 rms  0.793  0.176% neg 0  invalid 762 tFOTS 0.0000 tGradient 3.0760 tsec 3.3770
#GCMRL#   18 dt 129.472000 rms  0.792  0.122% neg 0  invalid 762 tFOTS 0.0000 tGradient 3.0690 tsec 3.3670
#GCMRL#   19 dt 129.472000 rms  0.791  0.122% neg 0  invalid 762 tFOTS 0.0000 tGradient 3.0600 tsec 3.3840
#FOTS# QuadFit found better minimum quadopt=(dt=887.808,rms=0.787561) vs oldopt=(dt=1479.68,rms=0.788063)
#GCMRL#   20 dt 887.808000 rms  0.788  0.396% neg 0  invalid 762 tFOTS 4.2940 tGradient 3.1760 tsec 7.7860
#FOTS# QuadFit found better minimum quadopt=(dt=8.092,rms=0.787536) vs oldopt=(dt=5.78,rms=0.787536)
#GCMRL#   21 dt   8.092000 rms  0.788  0.000% neg 0  invalid 762 tFOTS 4.6660 tGradient 3.0230 tsec 8.0330
#GCMRL#   22 dt   8.092000 rms  0.788  0.000% neg 0  invalid 762 tFOTS 0.0000 tGradient 2.9020 tsec 3.2050

#GCAMreg# pass 0 level1 5 level2 1 tsec 120.358 sigma 0.5
l_jacobian=1.00 l_label=1.00 l_log_likelihood=0.20 l_smoothness=0.16 
tol=2.50e-01, dt=5.00e-02, exp_k=20.0, momentum=0.90, levels=6, niter=500, lbl_dist=10.00, avgs=256, sigma=0.5,type=2, relabel=0, neg=no

blurring input image with Gaussian with sigma=0.500...
GCAMRegisterLevel(): init RMS 0.788124
#FOTS# QuadFit found better minimum quadopt=(dt=230.44,rms=0.77942) vs oldopt=(dt=369.92,rms=0.782121)
#GCMRL#   24 dt 230.440252 rms  0.779  1.104% neg 0  invalid 762 tFOTS 4.7900 tGradient 2.8050 tsec 7.9110
#FOTS# QuadFit found better minimum quadopt=(dt=55.488,rms=0.779129) vs oldopt=(dt=92.48,rms=0.779209)
#GCMRL#   25 dt  55.488000 rms  0.779  0.000% neg 0  invalid 762 tFOTS 4.4490 tGradient 3.1560 tsec 7.9460
#GCMRL#   26 dt  55.488000 rms  0.779  0.001% neg 0  invalid 762 tFOTS 0.0000 tGradient 2.9540 tsec 3.2610
setting smoothness cost coefficient to 0.615

#GCAMreg# pass 0 level1 4 level2 0 tsec 0 sigma 2
l_jacobian=1.00 l_label=1.00 l_log_likelihood=0.20 l_smoothness=0.62 
tol=2.50e-01, dt=5.00e-02, exp_k=20.0, momentum=0.90, levels=6, niter=500, lbl_dist=10.00, avgs=64, sigma=2.0,type=2, relabel=0, neg=no

blurring input image with Gaussian with sigma=2.000...
GCAMRegisterLevel(): init RMS 0.810969
#FOTS# QuadFit found better minimum quadopt=(dt=51.8992,rms=0.8057) vs oldopt=(dt=25.92,rms=0.806754)
#GCMRL#   28 dt  51.899160 rms  0.806  0.650% neg 0  invalid 762 tFOTS 4.3460 tGradient 2.3650 tsec 7.0320
#FOTS# QuadFit found better minimum quadopt=(dt=236.247,rms=0.789445) vs oldopt=(dt=103.68,rms=0.793686)
#GCMRL#   29 dt 236.246914 rms  0.789  2.018% neg 0  invalid 762 tFOTS 4.2650 tGradient 2.6240 tsec 7.2000
#FOTS# QuadFit found better minimum quadopt=(dt=80.4848,rms=0.786945) vs oldopt=(dt=25.92,rms=0.787731)
#GCMRL#   30 dt  80.484848 rms  0.787  0.317% neg 0  invalid 762 tFOTS 4.3420 tGradient 2.1900 tsec 6.8510
#FOTS# QuadFit found better minimum quadopt=(dt=157,rms=0.777899) vs oldopt=(dt=103.68,rms=0.778827)
#GCMRL#   31 dt 157.000000 rms  0.778  1.149% neg 0  invalid 762 tFOTS 4.2650 tGradient 2.1440 tsec 6.7310
#FOTS# QuadFit found better minimum quadopt=(dt=18.0952,rms=0.777148) vs oldopt=(dt=25.92,rms=0.777326)
#GCMRL#   32 dt  18.095238 rms  0.777  0.000% neg 0  invalid 762 tFOTS 4.2270 tGradient 2.1950 tsec 6.7610

#GCAMreg# pass 0 level1 4 level2 1 tsec 46.675 sigma 0.5
l_jacobian=1.00 l_label=1.00 l_log_likelihood=0.20 l_smoothness=0.62 
tol=2.50e-01, dt=5.00e-02, exp_k=20.0, momentum=0.90, levels=6, niter=500, lbl_dist=10.00, avgs=64, sigma=0.5,type=2, relabel=0, neg=no

blurring input image with Gaussian with sigma=0.500...
GCAMRegisterLevel(): init RMS 0.777668
#FOTS# QuadFit found better minimum quadopt=(dt=76.2511,rms=0.773145) vs oldopt=(dt=103.68,rms=0.773617)
#GCMRL#   34 dt  76.251149 rms  0.773  0.582% neg 0  invalid 762 tFOTS 4.2540 tGradient 2.1590 tsec 6.7300
#FOTS# QuadFit found better minimum quadopt=(dt=36.288,rms=0.772886) vs oldopt=(dt=25.92,rms=0.772897)
#GCMRL#   35 dt  36.288000 rms  0.773  0.000% neg 0  invalid 762 tFOTS 4.5090 tGradient 2.2480 tsec 7.1030
setting smoothness cost coefficient to 2.353

#GCAMreg# pass 0 level1 3 level2 0 tsec 0 sigma 2
l_jacobian=1.00 l_label=1.00 l_log_likelihood=0.20 l_smoothness=2.35 
tol=2.50e-01, dt=5.00e-02, exp_k=20.0, momentum=0.90, levels=6, niter=500, lbl_dist=10.00, avgs=16, sigma=2.0,type=2, relabel=0, neg=no

blurring input image with Gaussian with sigma=2.000...
GCAMRegisterLevel(): init RMS 0.816185
#FOTS# QuadFit found better minimum quadopt=(dt=9.6,rms=0.812149) vs oldopt=(dt=8,rms=0.812299)
#GCMRL#   37 dt   9.600000 rms  0.812  0.495% neg 0  invalid 762 tFOTS 4.1880 tGradient 2.0310 tsec 6.5460
#FOTS# QuadFit found better minimum quadopt=(dt=11.2,rms=0.810679) vs oldopt=(dt=8,rms=0.810831)
#GCMRL#   38 dt  11.200000 rms  0.811  0.000% neg 0  invalid 762 tFOTS 4.4850 tGradient 2.1820 tsec 7.0160
#GCMRL#   39 dt  11.200000 rms  0.810  0.129% neg 0  invalid 762 tFOTS 0.0000 tGradient 2.1030 tsec 2.4190
#GCMRL#   40 dt  11.200000 rms  0.809  0.041% neg 0  invalid 762 tFOTS 0.0000 tGradient 1.9610 tsec 2.2790
#GCMRL#   41 dt  11.200000 rms  0.809 -0.066% neg 0  invalid 762 tFOTS 0.0000 tGradient 1.9110 tsec 2.4860
#FOTS# QuadFit found better minimum quadopt=(dt=84.3411,rms=0.806325) vs oldopt=(dt=128,rms=0.807352)
#GCMRL#   42 dt  84.341085 rms  0.806  0.365% neg 0  invalid 762 tFOTS 4.4740 tGradient 1.9230 tsec 6.7150
#GCMRL#   43 dt   0.250000 rms  0.806  0.000% neg 0  invalid 762 tFOTS 3.9780 tGradient 1.8210 tsec 6.3450

#GCAMreg# pass 0 level1 3 level2 1 tsec 45.556 sigma 0.5
l_jacobian=1.00 l_label=1.00 l_log_likelihood=0.20 l_smoothness=2.35 
tol=2.50e-01, dt=5.00e-02, exp_k=20.0, momentum=0.90, levels=6, niter=500, lbl_dist=10.00, avgs=16, sigma=0.5,type=2, relabel=0, neg=no

blurring input image with Gaussian with sigma=0.500...
GCAMRegisterLevel(): init RMS 0.806822
#GCMRL#   45 dt   0.000000 rms  0.806  0.053% neg 0  invalid 762 tFOTS 3.9880 tGradient 1.8410 tsec 6.1770
setting smoothness cost coefficient to 8.000

#GCAMreg# pass 0 level1 2 level2 0 tsec 0 sigma 2
l_jacobian=1.00 l_label=1.00 l_log_likelihood=0.20 l_smoothness=8.00 
tol=2.50e-01, dt=5.00e-02, exp_k=20.0, momentum=0.90, levels=6, niter=500, lbl_dist=10.00, avgs=4, sigma=2.0,type=2, relabel=0, neg=no

blurring input image with Gaussian with sigma=2.000...
GCAMRegisterLevel(): init RMS 0.855708
#FOTS# QuadFit found better minimum quadopt=(dt=1.22464,rms=0.852168) vs oldopt=(dt=0.72,rms=0.852699)
#GCMRL#   47 dt   1.224638 rms  0.852  0.414% neg 0  invalid 762 tFOTS 3.9530 tGradient 1.7190 tsec 5.9930
#FOTS# QuadFit found better minimum quadopt=(dt=0.864,rms=0.851469) vs oldopt=(dt=0.72,rms=0.851494)
#GCMRL#   48 dt   0.864000 rms  0.851  0.000% neg 0  invalid 762 tFOTS 3.9340 tGradient 1.7380 tsec 6.0150
#GCMRL#   49 dt   0.864000 rms  0.851  0.020% neg 0  invalid 762 tFOTS 0.0000 tGradient 1.7330 tsec 2.0420

#GCAMreg# pass 0 level1 2 level2 1 tsec 25.688 sigma 0.5
l_jacobian=1.00 l_label=1.00 l_log_likelihood=0.20 l_smoothness=8.00 
tol=2.50e-01, dt=5.00e-02, exp_k=20.0, momentum=0.90, levels=6, niter=500, lbl_dist=10.00, avgs=4, sigma=0.5,type=2, relabel=0, neg=no

blurring input image with Gaussian with sigma=0.500...
GCAMRegisterLevel(): init RMS 0.851786
#FOTS# QuadFit found better minimum quadopt=(dt=0.252,rms=0.851247) vs oldopt=(dt=0.18,rms=0.851253)
#GCMRL#   51 dt   0.252000 rms  0.851  0.063% neg 0  invalid 762 tFOTS 3.9500 tGradient 1.7570 tsec 6.0260
#FOTS# QuadFit found better minimum quadopt=(dt=0.216,rms=0.85125) vs oldopt=(dt=0.18,rms=0.851251)
setting smoothness cost coefficient to 20.000

#GCAMreg# pass 0 level1 1 level2 0 tsec 0 sigma 2
l_jacobian=1.00 l_label=1.00 l_log_likelihood=0.20 l_smoothness=20.00 
tol=2.50e-01, dt=5.00e-02, exp_k=20.0, momentum=0.90, levels=6, niter=500, lbl_dist=10.00, avgs=1, sigma=2.0,type=2, relabel=0, neg=no

blurring input image with Gaussian with sigma=2.000...
GCAMRegisterLevel(): init RMS 0.908872
#FOTS# QuadFit found better minimum quadopt=(dt=0.448,rms=0.905419) vs oldopt=(dt=0.32,rms=0.905835)
#GCMRL#   53 dt   0.448000 rms  0.905  0.380% neg 0  invalid 762 tFOTS 3.9250 tGradient 1.5040 tsec 5.7460
#FOTS# QuadFit found better minimum quadopt=(dt=0.589888,rms=0.900159) vs oldopt=(dt=0.32,rms=0.901751)
#GCMRL#   54 dt   0.589888 rms  0.900  0.581% neg 0  invalid 762 tFOTS 3.8990 tGradient 1.6350 tsec 5.8500
#FOTS# QuadFit found better minimum quadopt=(dt=0.112,rms=0.899347) vs oldopt=(dt=0.08,rms=0.899515)
#GCMRL#   55 dt   0.112000 rms  0.899  0.000% neg 0  invalid 762 tFOTS 4.0710 tGradient 1.5540 tsec 5.9690
#GCMRL#   56 dt   0.112000 rms  0.899  0.043% neg 0  invalid 762 tFOTS 0.0000 tGradient 1.4590 tsec 1.7700
#GCMRL#   57 dt   0.112000 rms  0.898  0.073% neg 0  invalid 762 tFOTS 0.0000 tGradient 1.5630 tsec 1.8760
#GCMRL#   58 dt   0.112000 rms  0.897  0.093% neg 0  invalid 762 tFOTS 0.0000 tGradient 1.4960 tsec 1.8090
#GCMRL#   59 dt   0.112000 rms  0.896  0.151% neg 0  invalid 762 tFOTS 0.0000 tGradient 1.5760 tsec 1.8850
#GCMRL#   60 dt   0.112000 rms  0.895  0.175% neg 0  invalid 762 tFOTS 0.0000 tGradient 1.6050 tsec 1.9090
#GCMRL#   61 dt   0.112000 rms  0.893  0.148% neg 0  invalid 762 tFOTS 0.0000 tGradient 1.5730 tsec 1.8740
#GCMRL#   62 dt   0.112000 rms  0.892  0.098% neg 0  invalid 762 tFOTS 0.0000 tGradient 1.4720 tsec 1.7780
#GCMRL#   63 dt   0.112000 rms  0.892  0.059% neg 0  invalid 762 tFOTS 0.0000 tGradient 1.5460 tsec 1.8620
#GCMRL#   64 dt   0.320000 rms  0.892  0.000% neg 0  invalid 762 tFOTS 3.8560 tGradient 1.4730 tsec 5.6590
#GCMRL#   65 dt   0.320000 rms  0.891  0.109% neg 0  invalid 762 tFOTS 0.0000 tGradient 1.4610 tsec 1.7700
#GCMRL#   66 dt   0.320000 rms  0.890  0.111% neg 0  invalid 762 tFOTS 0.0000 tGradient 1.5580 tsec 1.8630
#GCMRL#   67 dt   0.320000 rms  0.889  0.082% neg 0  invalid 762 tFOTS 0.0000 tGradient 1.5070 tsec 1.8130
#GCMRL#   68 dt   0.320000 rms  0.888  0.094% neg 0  invalid 762 tFOTS 0.0000 tGradient 1.5610 tsec 1.8640
#GCMRL#   69 dt   0.320000 rms  0.887  0.112% neg 0  invalid 762 tFOTS 0.0000 tGradient 1.4800 tsec 1.7870

#GCAMreg# pass 0 level1 1 level2 1 tsec 58.243 sigma 0.5
l_jacobian=1.00 l_label=1.00 l_log_likelihood=0.20 l_smoothness=20.00 
tol=2.50e-01, dt=5.00e-02, exp_k=20.0, momentum=0.90, levels=6, niter=500, lbl_dist=10.00, avgs=1, sigma=0.5,type=2, relabel=0, neg=no

blurring input image with Gaussian with sigma=0.500...
GCAMRegisterLevel(): init RMS 0.886826
#FOTS# QuadFit found better minimum quadopt=(dt=0.112,rms=0.88631) vs oldopt=(dt=0.08,rms=0.886318)
#GCMRL#   71 dt   0.112000 rms  0.886  0.058% neg 0  invalid 762 tFOTS 3.9380 tGradient 1.5360 tsec 5.7890
#FOTS# QuadFit found better minimum quadopt=(dt=0.096,rms=0.886304) vs oldopt=(dt=0.08,rms=0.886304)
#GCMRL#   72 dt   0.096000 rms  0.886  0.000% neg 0  invalid 762 tFOTS 3.9370 tGradient 1.5360 tsec 5.8090
#GCMRL#   73 dt   0.096000 rms  0.886  0.000% neg 0  invalid 762 tFOTS 0.0000 tGradient 1.5030 tsec 1.8410
resetting metric properties...
setting smoothness cost coefficient to 40.000

#GCAMreg# pass 0 level1 0 level2 0 tsec 0 sigma 2
l_jacobian=1.00 l_label=1.00 l_log_likelihood=0.20 l_smoothness=40.00 
tol=2.50e-01, dt=5.00e-02, exp_k=20.0, momentum=0.90, levels=6, niter=500, lbl_dist=10.00, avgs=0, sigma=2.0,type=2, relabel=0, neg=no

blurring input image with Gaussian with sigma=2.000...
GCAMRegisterLevel(): init RMS 0.850251
#FOTS# QuadFit found better minimum quadopt=(dt=0.127358,rms=0.846987) vs oldopt=(dt=0.08,rms=0.847706)
#GCMRL#   75 dt   0.127358 rms  0.847  0.384% neg 0  invalid 762 tFOTS 4.2530 tGradient 1.0010 tsec 5.5810
#FOTS# QuadFit found better minimum quadopt=(dt=0.00175,rms=0.846985) vs oldopt=(dt=0.00125,rms=0.846985)
#GCMRL#   76 dt   0.001750 rms  0.847  0.000% neg 0  invalid 762 tFOTS 3.9810 tGradient 0.9850 tsec 5.3040

#GCAMreg# pass 0 level1 0 level2 1 tsec 21.801 sigma 0.5
l_jacobian=1.00 l_label=1.00 l_log_likelihood=0.20 l_smoothness=40.00 
tol=2.50e-01, dt=5.00e-02, exp_k=20.0, momentum=0.90, levels=6, niter=500, lbl_dist=10.00, avgs=0, sigma=0.5,type=2, relabel=0, neg=no

blurring input image with Gaussian with sigma=0.500...
GCAMRegisterLevel(): init RMS 0.847461
#FOTS# QuadFit found better minimum quadopt=(dt=0.007,rms=0.846959) vs oldopt=(dt=0.005,rms=0.846964)
#GCMRL#   78 dt   0.007000 rms  0.847  0.059% neg 0  invalid 762 tFOTS 4.1180 tGradient 0.9910 tsec 5.4240
#FOTS# QuadFit found better minimum quadopt=(dt=0.004,rms=0.846946) vs oldopt=(dt=0.005,rms=0.846947)
#GCMRL#   79 dt   0.004000 rms  0.847  0.000% neg 0  invalid 762 tFOTS 4.1080 tGradient 1.0140 tsec 5.4630
GCAMregister done in 6.96268 min
Starting GCAmapRenormalizeWithAlignment() without scales
renormalizing by structure alignment....
renormalizing input #0
gca peak = 0.10253 (16)
mri peak = 0.24475 (36)
Left_Lateral_Ventricle (4): linear fit = 1.97 x + 0.0 (2496 voxels, overlap=0.081)
Left_Lateral_Ventricle (4): linear fit = 1.50 x + 0.0 (2496 voxels, peak = 31), gca=24.0
gca peak = 0.17690 (16)
mri peak = 0.19567 (36)
Right_Lateral_Ventricle (43): linear fit = 2.32 x + 0.0 (1887 voxels, overlap=0.025)
Right_Lateral_Ventricle (43): linear fit = 1.50 x + 0.0 (1887 voxels, peak = 37), gca=24.0
gca peak = 0.28275 (96)
mri peak = 0.15587 (99)
Right_Pallidum (52): linear fit = 1.03 x + 0.0 (1518 voxels, overlap=0.999)
Right_Pallidum (52): linear fit = 1.03 x + 0.0 (1518 voxels, peak = 99), gca=99.4
gca peak = 0.18948 (93)
mri peak = 0.11322 (101)
Left_Pallidum (13): linear fit = 1.05 x + 0.0 (1312 voxels, overlap=1.002)
Left_Pallidum (13): linear fit = 1.05 x + 0.0 (1312 voxels, peak = 98), gca=98.1
gca peak = 0.20755 (55)
mri peak = 0.12652 (78)
Right_Hippocampus (53): linear fit = 1.38 x + 0.0 (1371 voxels, overlap=0.016)
Right_Hippocampus (53): linear fit = 1.38 x + 0.0 (1371 voxels, peak = 76), gca=75.6
gca peak = 0.31831 (58)
mri peak = 0.13870 (81)
Left_Hippocampus (17): linear fit = 1.38 x + 0.0 (1777 voxels, overlap=0.015)
Left_Hippocampus (17): linear fit = 1.38 x + 0.0 (1777 voxels, peak = 80), gca=80.3
gca peak = 0.11957 (102)
mri peak = 0.16765 (106)
Right_Cerebral_White_Matter (41): linear fit = 1.03 x + 0.0 (111068 voxels, overlap=0.576)
Right_Cerebral_White_Matter (41): linear fit = 1.03 x + 0.0 (111068 voxels, peak = 106), gca=105.6
gca peak = 0.11429 (102)
mri peak = 0.13301 (105)
Left_Cerebral_White_Matter (2): linear fit = 1.02 x + 0.0 (116307 voxels, overlap=0.597)
Left_Cerebral_White_Matter (2): linear fit = 1.02 x + 0.0 (116307 voxels, peak = 105), gca=104.5
gca peak = 0.14521 (59)
mri peak = 0.05605 (92)
Left_Cerebral_Cortex (3): linear fit = 1.51 x + 0.0 (47666 voxels, overlap=0.000)
Left_Cerebral_Cortex (3): linear fit = 1.51 x + 0.0 (47666 voxels, peak = 89), gca=89.4
gca peak = 0.14336 (58)
mri peak = 0.06130 (87)
Right_Cerebral_Cortex (42): linear fit = 1.48 x + 0.0 (47268 voxels, overlap=0.000)
Right_Cerebral_Cortex (42): linear fit = 1.48 x + 0.0 (47268 voxels, peak = 86), gca=85.6
gca peak = 0.13305 (70)
mri peak = 0.21013 (90)
Right_Caudate (50): linear fit = 1.30 x + 0.0 (1128 voxels, overlap=0.015)
Right_Caudate (50): linear fit = 1.30 x + 0.0 (1128 voxels, peak = 91), gca=91.3
gca peak = 0.15761 (71)
mri peak = 0.23216 (87)
Left_Caudate (11): linear fit = 1.21 x + 0.0 (1554 voxels, overlap=0.005)
Left_Caudate (11): linear fit = 1.21 x + 0.0 (1554 voxels, peak = 86), gca=85.6
gca peak = 0.13537 (57)
mri peak = 0.06635 (84)
Left_Cerebellum_Cortex (8): linear fit = 1.50 x + 0.0 (32656 voxels, overlap=0.001)
Left_Cerebellum_Cortex (8): linear fit = 1.50 x + 0.0 (32656 voxels, peak = 86), gca=85.8
gca peak = 0.13487 (56)
mri peak = 0.05844 (80)
Right_Cerebellum_Cortex (47): linear fit = 1.38 x + 0.0 (39337 voxels, overlap=0.001)
Right_Cerebellum_Cortex (47): linear fit = 1.38 x + 0.0 (39337 voxels, peak = 78), gca=77.6
gca peak = 0.19040 (84)
mri peak = 0.12258 (88)
Left_Cerebellum_White_Matter (7): linear fit = 1.04 x + 0.0 (14261 voxels, overlap=0.747)
Left_Cerebellum_White_Matter (7): linear fit = 1.04 x + 0.0 (14261 voxels, peak = 88), gca=87.8
gca peak = 0.18871 (83)
mri peak = 0.13895 (87)
Right_Cerebellum_White_Matter (46): linear fit = 1.03 x + 0.0 (12325 voxels, overlap=0.696)
Right_Cerebellum_White_Matter (46): linear fit = 1.03 x + 0.0 (12325 voxels, peak = 86), gca=85.9
gca peak = 0.24248 (57)
mri peak = 0.11127 (80)
Left_Amygdala (18): linear fit = 1.38 x + 0.0 (733 voxels, overlap=0.057)
Left_Amygdala (18): linear fit = 1.38 x + 0.0 (733 voxels, peak = 78), gca=78.4
gca peak = 0.35833 (56)
mri peak = 0.12910 (77)
Right_Amygdala (54): linear fit = 1.37 x + 0.0 (933 voxels, overlap=0.054)
Right_Amygdala (54): linear fit = 1.37 x + 0.0 (933 voxels, peak = 76), gca=76.4
gca peak = 0.12897 (85)
mri peak = 0.11891 (96)
Left_Thalamus (10): linear fit = 1.12 x + 0.0 (8065 voxels, overlap=0.429)
Left_Thalamus (10): linear fit = 1.12 x + 0.0 (8065 voxels, peak = 95), gca=94.8
gca peak = 0.13127 (83)
mri peak = 0.09984 (96)
Right_Thalamus (49): linear fit = 1.12 x + 0.0 (6951 voxels, overlap=0.190)
Right_Thalamus (49): linear fit = 1.12 x + 0.0 (6951 voxels, peak = 93), gca=93.4
gca peak = 0.12974 (78)
mri peak = 0.11842 (97)
Left_Putamen (12): linear fit = 1.24 x + 0.0 (3690 voxels, overlap=0.011)
Left_Putamen (12): linear fit = 1.24 x + 0.0 (3690 voxels, peak = 96), gca=96.3
gca peak = 0.17796 (79)
mri peak = 0.10234 (93)
Right_Putamen (51): linear fit = 1.20 x + 0.0 (3811 voxels, overlap=0.012)
Right_Putamen (51): linear fit = 1.20 x + 0.0 (3811 voxels, peak = 94), gca=94.4
gca peak = 0.10999 (80)
mri peak = 0.09985 (90)
Brain_Stem (16): linear fit = 1.14 x + 0.0 (13954 voxels, overlap=0.209)
Brain_Stem (16): linear fit = 1.14 x + 0.0 (13954 voxels, peak = 92), gca=91.6
gca peak = 0.13215 (88)
mri peak = 0.12695 (97)
Right_VentralDC (60): linear fit = 1.11 x + 0.0 (2162 voxels, overlap=0.031)
Right_VentralDC (60): linear fit = 1.11 x + 0.0 (2162 voxels, peak = 97), gca=97.2
gca peak = 0.11941 (89)
mri peak = 0.14826 (97)
Left_VentralDC (28): linear fit = 1.10 x + 0.0 (1939 voxels, overlap=0.093)
Left_VentralDC (28): linear fit = 1.10 x + 0.0 (1939 voxels, peak = 97), gca=97.5
gca peak = 0.20775 (25)
mri peak = 0.06964 (37)
gca peak = 0.13297 (21)
mri peak = 0.16543 (33)
Fourth_Ventricle (15): linear fit = 1.79 x + 0.0 (790 voxels, overlap=0.068)
Fourth_Ventricle (15): linear fit = 1.79 x + 0.0 (790 voxels, peak = 38), gca=37.7
gca peak Unknown = 0.94777 ( 0)
gca peak Left_Cerebral_Cortex = 0.14521 (59)
gca peak Left_Inf_Lat_Vent = 0.19087 (28)
gca peak Left_Cerebellum_Cortex = 0.13537 (57)
gca peak Third_Ventricle = 0.20775 (25)
gca peak Fourth_Ventricle = 0.13297 (21)
gca peak CSF = 0.16821 (33)
gca peak Left_Accumbens_area = 0.32850 (63)
gca peak Left_undetermined = 0.98480 (28)
gca peak Left_vessel = 0.40887 (53)
gca peak Left_choroid_plexus = 0.10898 (46)
gca peak Right_Inf_Lat_Vent = 0.17798 (26)
gca peak Right_Accumbens_area = 0.30137 (64)
gca peak Right_vessel = 0.47828 (52)
gca peak Right_choroid_plexus = 0.11612 (45)
gca peak Fifth_Ventricle = 0.59466 (35)
gca peak WM_hypointensities = 0.10053 (78)
gca peak non_WM_hypointensities = 0.07253 (60)
gca peak Optic_Chiasm = 0.25330 (73)
not using caudate to estimate GM means
setting label Left_Cerebral_Cortex based on Right_Cerebral_Cortex = 1.48 x +  0: 86
setting label Left_Cerebellum_Cortex based on Right_Cerebellum_Cortex = 1.38 x +  0: 78
estimating mean gm scale to be 1.41 x + 0.0
estimating mean wm scale to be 1.03 x + 0.0
estimating mean csf scale to be 1.50 x + 0.0
Left_Putamen too bright - rescaling by 0.982 (from 1.235) to 94.6 (was 96.3)
Right_Putamen too bright - rescaling by 1.002 (from 1.195) to 94.6 (was 94.4)
saving intensity scales to talairach.label_intensities.txt
GCAmapRenormalizeWithAlignment() took 3.44863 min
noneg pre
Starting GCAMregister()
label assignment complete, 0 changed (0.00%)
npasses = 1, nlevels = 6
#pass# 1 of 1 ************************
enabling zero nodes
setting smoothness cost coefficient to 0.008

#GCAMreg# pass 0 level1 5 level2 0 tsec 0 sigma 2
l_jacobian=1.00 l_label=1.00 l_log_likelihood=0.20 l_smoothness=0.01 
tol=5.00e-02, dt=5.00e-02, exp_k=20.0, momentum=0.90, levels=6, niter=500, lbl_dist=10.00, avgs=256, sigma=2.0,type=2, relabel=0, neg=no

blurring input image with Gaussian with sigma=2.000...
GCAMRegisterLevel(): init RMS 0.827224
#FOTS# QuadFit found better minimum quadopt=(dt=221.952,rms=0.725551) vs oldopt=(dt=369.92,rms=0.761457)
#GCMRL#   81 dt 221.952000 rms  0.726 12.291% neg 0  invalid 762 tFOTS 4.1330 tGradient 2.7700 tsec 7.2140
#FOTS# QuadFit found better minimum quadopt=(dt=307.706,rms=0.704397) vs oldopt=(dt=369.92,rms=0.705306)
#GCMRL#   82 dt 307.705679 rms  0.704  2.916% neg 0  invalid 762 tFOTS 4.3940 tGradient 2.7960 tsec 7.5020
#FOTS# QuadFit found better minimum quadopt=(dt=233.186,rms=0.696706) vs oldopt=(dt=369.92,rms=0.698888)
#GCMRL#   83 dt 233.185741 rms  0.697  1.092% neg 0  invalid 762 tFOTS 4.2840 tGradient 2.7540 tsec 7.3510
#FOTS# QuadFit found better minimum quadopt=(dt=295.936,rms=0.692733) vs oldopt=(dt=369.92,rms=0.693353)
#GCMRL#   84 dt 295.936000 rms  0.693  0.570% neg 0  invalid 762 tFOTS 4.3150 tGradient 2.7710 tsec 7.4020
#FOTS# QuadFit found better minimum quadopt=(dt=129.472,rms=0.689639) vs oldopt=(dt=92.48,rms=0.690175)
#GCMRL#   85 dt 129.472000 rms  0.690  0.447% neg 0  invalid 762 tFOTS 4.3200 tGradient 2.8240 tsec 7.4540
#FOTS# QuadFit found better minimum quadopt=(dt=517.888,rms=0.686283) vs oldopt=(dt=369.92,rms=0.68679)
#GCMRL#   86 dt 517.888000 rms  0.686  0.487% neg 0  invalid 762 tFOTS 4.2110 tGradient 2.7650 tsec 7.2870
#FOTS# QuadFit found better minimum quadopt=(dt=129.472,rms=0.683927) vs oldopt=(dt=92.48,rms=0.684303)
#GCMRL#   87 dt 129.472000 rms  0.684  0.343% neg 0  invalid 762 tFOTS 4.1310 tGradient 2.6800 tsec 7.1230
#FOTS# QuadFit found better minimum quadopt=(dt=517.888,rms=0.682213) vs oldopt=(dt=369.92,rms=0.68232)
#GCMRL#   88 dt 517.888000 rms  0.682  0.251% neg 0  invalid 762 tFOTS 4.1370 tGradient 2.9610 tsec 7.4450
#FOTS# QuadFit found better minimum quadopt=(dt=129.472,rms=0.680158) vs oldopt=(dt=92.48,rms=0.680401)
#GCMRL#   89 dt 129.472000 rms  0.680  0.301% neg 0  invalid 762 tFOTS 4.3200 tGradient 2.9750 tsec 7.6040
#FOTS# QuadFit found better minimum quadopt=(dt=295.936,rms=0.679415) vs oldopt=(dt=369.92,rms=0.679428)
#GCMRL#   90 dt 295.936000 rms  0.679  0.109% neg 0  invalid 762 tFOTS 4.1650 tGradient 2.8480 tsec 7.3250
#FOTS# QuadFit found better minimum quadopt=(dt=129.472,rms=0.678321) vs oldopt=(dt=92.48,rms=0.678522)
#GCMRL#   91 dt 129.472000 rms  0.678  0.161% neg 0  invalid 762 tFOTS 4.1270 tGradient 2.8640 tsec 7.3030
#FOTS# QuadFit found better minimum quadopt=(dt=517.888,rms=0.677086) vs oldopt=(dt=369.92,rms=0.677269)
#GCMRL#   92 dt 517.888000 rms  0.677  0.182% neg 0  invalid 762 tFOTS 4.2000 tGradient 2.8060 tsec 7.3160
#FOTS# QuadFit found better minimum quadopt=(dt=129.472,rms=0.675886) vs oldopt=(dt=92.48,rms=0.676055)
#GCMRL#   93 dt 129.472000 rms  0.676  0.177% neg 0  invalid 762 tFOTS 4.2010 tGradient 2.8400 tsec 7.3580
#GCMRL#   94 dt 369.920000 rms  0.675  0.094% neg 0  invalid 762 tFOTS 4.2010 tGradient 2.9610 tsec 7.4780
#FOTS# QuadFit found better minimum quadopt=(dt=129.472,rms=0.674288) vs oldopt=(dt=92.48,rms=0.674443)
#GCMRL#   95 dt 129.472000 rms  0.674  0.143% neg 0  invalid 762 tFOTS 4.1540 tGradient 2.8760 tsec 7.3390
#GCMRL#   96 dt 369.920000 rms  0.674  0.075% neg 0  invalid 762 tFOTS 4.4370 tGradient 2.8260 tsec 7.5650
#FOTS# QuadFit found better minimum quadopt=(dt=129.472,rms=0.672866) vs oldopt=(dt=92.48,rms=0.673037)
#GCMRL#   97 dt 129.472000 rms  0.673  0.136% neg 0  invalid 762 tFOTS 4.1990 tGradient 2.9140 tsec 7.4180
#FOTS# QuadFit found better minimum quadopt=(dt=443.904,rms=0.67228) vs oldopt=(dt=369.92,rms=0.6723)
#GCMRL#   98 dt 443.904000 rms  0.672  0.087% neg 0  invalid 762 tFOTS 4.4200 tGradient 2.7670 tsec 7.4930
#FOTS# QuadFit found better minimum quadopt=(dt=129.472,rms=0.671449) vs oldopt=(dt=92.48,rms=0.671578)
#GCMRL#   99 dt 129.472000 rms  0.671  0.124% neg 0  invalid 762 tFOTS 4.3020 tGradient 2.9220 tsec 7.5360
#FOTS# QuadFit found better minimum quadopt=(dt=295.936,rms=0.671136) vs oldopt=(dt=369.92,rms=0.67115)
#GCMRL#  100 dt 295.936000 rms  0.671  0.000% neg 0  invalid 762 tFOTS 4.4540 tGradient 2.8600 tsec 7.6500
#GCMRL#  101 dt 295.936000 rms  0.670  0.109% neg 0  invalid 762 tFOTS 0.0000 tGradient 2.8640 tsec 3.1640
#GCMRL#  102 dt 295.936000 rms  0.670  0.125% neg 0  invalid 762 tFOTS 0.0000 tGradient 2.7760 tsec 3.0770
#GCMRL#  103 dt 295.936000 rms  0.668  0.254% neg 0  invalid 762 tFOTS 0.0000 tGradient 2.8590 tsec 3.1610
#GCMRL#  104 dt 295.936000 rms  0.666  0.228% neg 0  invalid 762 tFOTS 0.0000 tGradient 2.7910 tsec 3.0880
#GCMRL#  105 dt 295.936000 rms  0.665  0.207% neg 0  invalid 762 tFOTS 0.0000 tGradient 2.7790 tsec 3.0810
#GCMRL#  106 dt 295.936000 rms  0.663  0.301% neg 0  invalid 762 tFOTS 0.0000 tGradient 2.9380 tsec 3.2350
#GCMRL#  107 dt 295.936000 rms  0.662  0.184% neg 0  invalid 762 tFOTS 0.0000 tGradient 2.8450 tsec 3.1440
#GCMRL#  108 dt 295.936000 rms  0.661  0.125% neg 0  invalid 762 tFOTS 0.0000 tGradient 2.8560 tsec 3.1540
#GCMRL#  109 dt 295.936000 rms  0.659  0.286% neg 0  invalid 762 tFOTS 0.0000 tGradient 2.9710 tsec 3.2710
#GCMRL#  110 dt 295.936000 rms  0.658  0.156% neg 0  invalid 762 tFOTS 0.0000 tGradient 2.9650 tsec 3.2700
#GCMRL#  111 dt 295.936000 rms  0.658  0.063% neg 0  invalid 762 tFOTS 0.0000 tGradient 3.0160 tsec 3.3200
#GCMRL#  112 dt 295.936000 rms  0.656  0.184% neg 0  invalid 762 tFOTS 0.0000 tGradient 2.9440 tsec 3.2420
#GCMRL#  113 dt 295.936000 rms  0.656  0.123% neg 0  invalid 762 tFOTS 0.0000 tGradient 2.8880 tsec 3.1860
#GCMRL#  114 dt 295.936000 rms  0.655  0.096% neg 0  invalid 762 tFOTS 0.0000 tGradient 2.8210 tsec 3.1240
#GCMRL#  115 dt 295.936000 rms  0.654  0.116% neg 0  invalid 762 tFOTS 0.0000 tGradient 2.8330 tsec 3.1420
#GCMRL#  116 dt 295.936000 rms  0.654  0.048% neg 0  invalid 762 tFOTS 0.0000 tGradient 2.8430 tsec 3.1480
#GCMRL#  117 dt 295.936000 rms  0.653  0.078% neg 0  invalid 762 tFOTS 0.0000 tGradient 2.7740 tsec 3.0830
#GCMRL#  118 dt 295.936000 rms  0.653  0.074% neg 0  invalid 762 tFOTS 0.0000 tGradient 2.7650 tsec 3.0790
#GCMRL#  119 dt 295.936000 rms  0.653  0.019% neg 0  invalid 762 tFOTS 0.0000 tGradient 2.8130 tsec 3.1190
#GCMRL#  120 dt 295.936000 rms  0.652  0.083% neg 0  invalid 762 tFOTS 0.0000 tGradient 2.7640 tsec 3.0700
#GCMRL#  121 dt 295.936000 rms  0.652  0.044% neg 0  invalid 762 tFOTS 0.0000 tGradient 2.8080 tsec 3.1120
#GCMRL#  122 dt 295.936000 rms  0.652  0.012% neg 0  invalid 762 tFOTS 0.0000 tGradient 2.8720 tsec 3.1830
#GCMRL#  123 dt 295.936000 rms  0.651  0.094% neg 0  invalid 762 tFOTS 0.0000 tGradient 2.8640 tsec 3.1740
#GCMRL#  124 dt 295.936000 rms  0.651  0.042% neg 0  invalid 762 tFOTS 0.0000 tGradient 2.9230 tsec 3.2280
#GCMRL#  125 dt 295.936000 rms  0.651  0.009% neg 0  invalid 762 tFOTS 0.0000 tGradient 2.7530 tsec 3.0510
#GCMRL#  126 dt 295.936000 rms  0.650  0.093% neg 0  invalid 762 tFOTS 0.0000 tGradient 2.7210 tsec 3.0140
#GCMRL#  127 dt 295.936000 rms  0.650  0.030% neg 0  invalid 762 tFOTS 0.0000 tGradient 2.7870 tsec 3.0800
#GCMRL#  128 dt 295.936000 rms  0.650  0.043% neg 0  invalid 762 tFOTS 0.0000 tGradient 2.8060 tsec 3.1010
#GCMRL#  129 dt 295.936000 rms  0.649  0.090% neg 0  invalid 762 tFOTS 0.0000 tGradient 2.8400 tsec 3.1420
#GCMRL#  130 dt 295.936000 rms  0.649  0.044% neg 0  invalid 762 tFOTS 0.0000 tGradient 2.7850 tsec 3.0840
#GCMRL#  131 dt 295.936000 rms  0.648  0.083% neg 0  invalid 762 tFOTS 0.0000 tGradient 2.7610 tsec 3.0540
#GCMRL#  132 dt 295.936000 rms  0.648  0.059% neg 0  invalid 762 tFOTS 0.0000 tGradient 2.7590 tsec 3.0490
#GCMRL#  133 dt 295.936000 rms  0.648  0.055% neg 0  invalid 762 tFOTS 0.0000 tGradient 2.8080 tsec 3.1010
#GCMRL#  134 dt 295.936000 rms  0.647  0.110% neg 0  invalid 762 tFOTS 0.0000 tGradient 2.8090 tsec 3.1090
#GCMRL#  135 dt 295.936000 rms  0.647  0.005% neg 0  invalid 762 tFOTS 0.0000 tGradient 2.8330 tsec 3.1640
#GCMRL#  136 dt 295.936000 rms  0.647  0.063% neg 0  invalid 762 tFOTS 0.0000 tGradient 3.1430 tsec 3.4350
#GCMRL#  137 dt 295.936000 rms  0.646  0.091% neg 0  invalid 762 tFOTS 0.0000 tGradient 2.7370 tsec 3.0280
#GCMRL#  138 dt 295.936000 rms  0.646  0.019% neg 0  invalid 762 tFOTS 0.0000 tGradient 2.9250 tsec 3.2170
#GCMRL#  139 dt 295.936000 rms  0.645  0.061% neg 0  invalid 762 tFOTS 0.0000 tGradient 2.8830 tsec 3.1760
#GCMRL#  140 dt 295.936000 rms  0.645  0.075% neg 0  invalid 762 tFOTS 0.0000 tGradient 2.8120 tsec 3.1150
#GCMRL#  141 dt 295.936000 rms  0.645  0.046% neg 0  invalid 762 tFOTS 0.0000 tGradient 2.8700 tsec 3.1660
#GCMRL#  142 dt 295.936000 rms  0.644  0.051% neg 0  invalid 762 tFOTS 0.0000 tGradient 2.9620 tsec 3.2570
#GCMRL#  143 dt 295.936000 rms  0.644  0.021% neg 0  invalid 762 tFOTS 0.0000 tGradient 2.8220 tsec 3.1280
#GCMRL#  144 dt 295.936000 rms  0.644  0.086% neg 0  invalid 762 tFOTS 0.0000 tGradient 2.8810 tsec 3.1730
#GCMRL#  145 dt 295.936000 rms  0.643  0.038% neg 0  invalid 762 tFOTS 0.0000 tGradient 2.8690 tsec 3.1960
#GCMRL#  146 dt 295.936000 rms  0.643 -0.017% neg 0  invalid 762 tFOTS 0.0000 tGradient 2.9710 tsec 3.4980

#GCAMreg# pass 0 level1 5 level2 1 tsec 310.508 sigma 0.5
l_jacobian=1.00 l_label=1.00 l_log_likelihood=0.20 l_smoothness=0.01 
tol=5.00e-02, dt=5.00e-02, exp_k=20.0, momentum=0.90, levels=6, niter=500, lbl_dist=10.00, avgs=256, sigma=0.5,type=2, relabel=0, neg=no

blurring input image with Gaussian with sigma=0.500...
GCAMRegisterLevel(): init RMS 0.64349
#FOTS# QuadFit found better minimum quadopt=(dt=129.472,rms=0.642744) vs oldopt=(dt=92.48,rms=0.642867)
#GCMRL#  148 dt 129.472000 rms  0.643  0.116% neg 0  invalid 762 tFOTS 4.2750 tGradient 2.8110 tsec 7.3950
#FOTS# QuadFit found better minimum quadopt=(dt=517.888,rms=0.642101) vs oldopt=(dt=369.92,rms=0.642173)
#GCMRL#  149 dt 517.888000 rms  0.642  0.100% neg 0  invalid 762 tFOTS 4.4400 tGradient 2.9360 tsec 7.6820
#FOTS# QuadFit found better minimum quadopt=(dt=295.936,rms=0.64174) vs oldopt=(dt=369.92,rms=0.641745)
#GCMRL#  150 dt 295.936000 rms  0.642  0.056% neg 0  invalid 762 tFOTS 4.4360 tGradient 2.8140 tsec 7.5580
#FOTS# QuadFit found better minimum quadopt=(dt=129.472,rms=0.641612) vs oldopt=(dt=92.48,rms=0.641625)
#GCMRL#  151 dt 129.472000 rms  0.642  0.000% neg 0  invalid 762 tFOTS 4.2310 tGradient 2.7800 tsec 7.3340
#GCMRL#  152 dt 129.472000 rms  0.641  0.019% neg 0  invalid 762 tFOTS 0.0000 tGradient 2.7710 tsec 3.0680
#GCMRL#  153 dt 129.472000 rms  0.641  0.029% neg 0  invalid 762 tFOTS 0.0000 tGradient 2.8690 tsec 3.1740
#GCMRL#  154 dt 129.472000 rms  0.641  0.034% neg 0  invalid 762 tFOTS 0.0000 tGradient 2.9170 tsec 3.2230
#GCMRL#  155 dt 129.472000 rms  0.641  0.034% neg 0  invalid 762 tFOTS 0.0000 tGradient 2.9190 tsec 3.2160
#GCMRL#  156 dt 129.472000 rms  0.641  0.040% neg 0  invalid 762 tFOTS 0.0000 tGradient 2.8510 tsec 3.1530
#GCMRL#  157 dt 129.472000 rms  0.640  0.043% neg 0  invalid 762 tFOTS 0.0000 tGradient 2.8630 tsec 3.1660
#GCMRL#  158 dt 129.472000 rms  0.640  0.040% neg 0  invalid 762 tFOTS 0.0000 tGradient 2.8540 tsec 3.1570
#GCMRL#  159 dt 129.472000 rms  0.640  0.036% neg 0  invalid 762 tFOTS 0.0000 tGradient 2.8560 tsec 3.1570
#GCMRL#  160 dt 129.472000 rms  0.640  0.030% neg 0  invalid 762 tFOTS 0.0000 tGradient 2.8150 tsec 3.1380
#GCMRL#  161 dt 129.472000 rms  0.639  0.032% neg 0  invalid 762 tFOTS 0.0000 tGradient 2.8560 tsec 3.1560
#GCMRL#  162 dt 129.472000 rms  0.639  0.032% neg 0  invalid 762 tFOTS 0.0000 tGradient 2.8180 tsec 3.1180
#GCMRL#  163 dt 129.472000 rms  0.639  0.032% neg 0  invalid 762 tFOTS 0.0000 tGradient 2.8600 tsec 3.1610
#GCMRL#  164 dt 129.472000 rms  0.639  0.028% neg 0  invalid 762 tFOTS 0.0000 tGradient 2.8020 tsec 3.1040
#GCMRL#  165 dt 129.472000 rms  0.639  0.027% neg 0  invalid 762 tFOTS 0.0000 tGradient 2.8750 tsec 3.1780
#GCMRL#  166 dt 129.472000 rms  0.639  0.029% neg 0  invalid 762 tFOTS 0.0000 tGradient 2.9160 tsec 3.2140
#GCMRL#  167 dt 129.472000 rms  0.638  0.031% neg 0  invalid 762 tFOTS 0.0000 tGradient 2.8450 tsec 3.1470
#GCMRL#  168 dt 129.472000 rms  0.638  0.029% neg 0  invalid 762 tFOTS 0.0000 tGradient 2.8840 tsec 3.1860
#GCMRL#  169 dt 129.472000 rms  0.638  0.024% neg 0  invalid 762 tFOTS 0.0000 tGradient 2.8290 tsec 3.1340
#GCMRL#  170 dt 129.472000 rms  0.638  0.025% neg 0  invalid 762 tFOTS 0.0000 tGradient 2.8850 tsec 3.1880
#GCMRL#  171 dt 129.472000 rms  0.638  0.026% neg 0  invalid 762 tFOTS 0.0000 tGradient 2.8260 tsec 3.1290
#GCMRL#  172 dt 129.472000 rms  0.637  0.024% neg 0  invalid 762 tFOTS 0.0000 tGradient 2.8650 tsec 3.1590
#GCMRL#  173 dt 129.472000 rms  0.637  0.022% neg 0  invalid 762 tFOTS 0.0000 tGradient 2.8050 tsec 3.1270
#GCMRL#  174 dt 369.920000 rms  0.637  0.000% neg 0  invalid 762 tFOTS 4.4970 tGradient 2.8230 tsec 7.6520
#GCMRL#  175 dt 369.920000 rms  0.637  0.015% neg 0  invalid 762 tFOTS 0.0000 tGradient 2.7580 tsec 3.0610
#GCMRL#  176 dt 369.920000 rms  0.637  0.003% neg 0  invalid 762 tFOTS 0.0000 tGradient 2.8690 tsec 3.1690
#GCMRL#  177 dt 369.920000 rms  0.637  0.039% neg 0  invalid 762 tFOTS 0.0000 tGradient 2.8290 tsec 3.1290
#GCMRL#  178 dt 369.920000 rms  0.637 -0.029% neg 0  invalid 762 tFOTS 0.0000 tGradient 2.9260 tsec 3.4730
#FOTS# QuadFit found better minimum quadopt=(dt=32.368,rms=0.636939) vs oldopt=(dt=23.12,rms=0.636943)
#GCMRL#  179 dt  32.368000 rms  0.637  0.003% neg 0  invalid 762 tFOTS 4.9710 tGradient 2.9070 tsec 8.1980
#FOTS# QuadFit found better minimum quadopt=(dt=32.368,rms=0.636926) vs oldopt=(dt=23.12,rms=0.636927)
setting smoothness cost coefficient to 0.031

#GCAMreg# pass 0 level1 4 level2 0 tsec 0 sigma 2
l_jacobian=1.00 l_label=1.00 l_log_likelihood=0.20 l_smoothness=0.03 
tol=5.00e-02, dt=5.00e-02, exp_k=20.0, momentum=0.90, levels=6, niter=500, lbl_dist=10.00, avgs=64, sigma=2.0,type=2, relabel=0, neg=no

blurring input image with Gaussian with sigma=2.000...
GCAMRegisterLevel(): init RMS 0.639808
#FOTS# QuadFit found better minimum quadopt=(dt=36.288,rms=0.638701) vs oldopt=(dt=25.92,rms=0.638879)
#GCMRL#  181 dt  36.288000 rms  0.639  0.173% neg 0  invalid 762 tFOTS 4.4130 tGradient 2.2540 tsec 6.9800
#FOTS# QuadFit found better minimum quadopt=(dt=145.152,rms=0.636746) vs oldopt=(dt=103.68,rms=0.636905)
#GCMRL#  182 dt 145.152000 rms  0.637  0.306% neg 0  invalid 762 tFOTS 4.4780 tGradient 2.1420 tsec 6.9410
#FOTS# QuadFit found better minimum quadopt=(dt=248.832,rms=0.630133) vs oldopt=(dt=414.72,rms=0.631723)
#GCMRL#  183 dt 248.832000 rms  0.630  1.039% neg 0  invalid 762 tFOTS 4.3720 tGradient 2.2490 tsec 6.9410
#FOTS# QuadFit found better minimum quadopt=(dt=31.104,rms=0.629048) vs oldopt=(dt=25.92,rms=0.629096)
#GCMRL#  184 dt  31.104000 rms  0.629  0.172% neg 0  invalid 762 tFOTS 4.3920 tGradient 2.2120 tsec 6.9200
#FOTS# QuadFit found better minimum quadopt=(dt=36.288,rms=0.62875) vs oldopt=(dt=25.92,rms=0.628797)
#GCMRL#  185 dt  36.288000 rms  0.629  0.000% neg 0  invalid 762 tFOTS 4.4200 tGradient 2.1500 tsec 6.9120
#GCMRL#  186 dt  36.288000 rms  0.628  0.069% neg 0  invalid 762 tFOTS 0.0000 tGradient 2.1530 tsec 2.4610
#GCMRL#  187 dt  36.288000 rms  0.627  0.134% neg 0  invalid 762 tFOTS 0.0000 tGradient 2.1850 tsec 2.4880
#GCMRL#  188 dt  36.288000 rms  0.626  0.209% neg 0  invalid 762 tFOTS 0.0000 tGradient 2.2610 tsec 2.5660
#GCMRL#  189 dt  36.288000 rms  0.624  0.281% neg 0  invalid 762 tFOTS 0.0000 tGradient 2.1250 tsec 2.4320
#GCMRL#  190 dt  36.288000 rms  0.622  0.324% neg 0  invalid 762 tFOTS 0.0000 tGradient 2.2600 tsec 2.5700
#GCMRL#  191 dt  36.288000 rms  0.620  0.327% neg 0  invalid 762 tFOTS 0.0000 tGradient 2.3520 tsec 2.6580
#GCMRL#  192 dt  36.288000 rms  0.619  0.292% neg 0  invalid 762 tFOTS 0.0000 tGradient 2.2220 tsec 2.5280
#GCMRL#  193 dt  36.288000 rms  0.617  0.273% neg 0  invalid 762 tFOTS 0.0000 tGradient 2.2910 tsec 2.5990
#GCMRL#  194 dt  36.288000 rms  0.615  0.254% neg 0  invalid 762 tFOTS 0.0000 tGradient 2.3180 tsec 2.6310
#GCMRL#  195 dt  36.288000 rms  0.614  0.264% neg 0  invalid 762 tFOTS 0.0000 tGradient 2.2800 tsec 2.5930
#GCMRL#  196 dt  36.288000 rms  0.612  0.264% neg 0  invalid 762 tFOTS 0.0000 tGradient 2.1790 tsec 2.4880
#GCMRL#  197 dt  36.288000 rms  0.611  0.238% neg 0  invalid 762 tFOTS 0.0000 tGradient 2.2210 tsec 2.5300
#GCMRL#  198 dt  36.288000 rms  0.609  0.202% neg 0  invalid 762 tFOTS 0.0000 tGradient 2.1380 tsec 2.4490
#GCMRL#  199 dt  36.288000 rms  0.608  0.173% neg 0  invalid 762 tFOTS 0.0000 tGradient 2.1270 tsec 2.4300
#GCMRL#  200 dt  36.288000 rms  0.607  0.150% neg 0  invalid 762 tFOTS 0.0000 tGradient 2.1550 tsec 2.4590
#GCMRL#  201 dt  36.288000 rms  0.606  0.151% neg 0  invalid 762 tFOTS 0.0000 tGradient 2.1390 tsec 2.4430
#GCMRL#  202 dt  36.288000 rms  0.605  0.184% neg 0  invalid 762 tFOTS 0.0000 tGradient 2.2830 tsec 2.6260
#GCMRL#  203 dt  36.288000 rms  0.604  0.216% neg 0  invalid 762 tFOTS 0.0000 tGradient 2.3260 tsec 2.6430
#GCMRL#  204 dt  36.288000 rms  0.603  0.217% neg 0  invalid 762 tFOTS 0.0000 tGradient 2.3020 tsec 2.6180
#GCMRL#  205 dt  36.288000 rms  0.602  0.198% neg 0  invalid 762 tFOTS 0.0000 tGradient 2.2570 tsec 2.5740
#GCMRL#  206 dt  36.288000 rms  0.600  0.184% neg 0  invalid 762 tFOTS 0.0000 tGradient 2.2440 tsec 2.5620
#GCMRL#  207 dt  36.288000 rms  0.599  0.173% neg 0  invalid 762 tFOTS 0.0000 tGradient 2.2750 tsec 2.5930
#GCMRL#  208 dt  36.288000 rms  0.598  0.154% neg 0  invalid 762 tFOTS 0.0000 tGradient 2.2160 tsec 2.5290
#GCMRL#  209 dt  36.288000 rms  0.598  0.139% neg 0  invalid 762 tFOTS 0.0000 tGradient 2.2130 tsec 2.5300
#GCMRL#  210 dt  36.288000 rms  0.597  0.132% neg 0  invalid 762 tFOTS 0.0000 tGradient 2.2820 tsec 2.5940
#GCMRL#  211 dt  36.288000 rms  0.596  0.132% neg 0  invalid 762 tFOTS 0.0000 tGradient 2.2420 tsec 2.5550
#GCMRL#  212 dt  36.288000 rms  0.595  0.123% neg 0  invalid 762 tFOTS 0.0000 tGradient 2.2710 tsec 2.5890
#GCMRL#  213 dt  36.288000 rms  0.595  0.112% neg 0  invalid 762 tFOTS 0.0000 tGradient 2.2550 tsec 2.5700
#GCMRL#  214 dt  36.288000 rms  0.594  0.100% neg 0  invalid 762 tFOTS 0.0000 tGradient 2.2420 tsec 2.5550
#GCMRL#  215 dt  36.288000 rms  0.594  0.092% neg 0  invalid 762 tFOTS 0.0000 tGradient 2.3020 tsec 2.6230
#GCMRL#  216 dt  36.288000 rms  0.593  0.090% neg 0  invalid 762 tFOTS 0.0000 tGradient 2.2650 tsec 2.5840
#GCMRL#  217 dt  36.288000 rms  0.592  0.088% neg 0  invalid 762 tFOTS 0.0000 tGradient 2.2210 tsec 2.5420
#GCMRL#  218 dt  36.288000 rms  0.592  0.085% neg 0  invalid 762 tFOTS 0.0000 tGradient 2.2180 tsec 2.5370
#GCMRL#  219 dt  36.288000 rms  0.591  0.084% neg 0  invalid 762 tFOTS 0.0000 tGradient 2.2620 tsec 2.5790
#GCMRL#  220 dt  36.288000 rms  0.591  0.079% neg 0  invalid 762 tFOTS 0.0000 tGradient 2.2780 tsec 2.5950
#GCMRL#  221 dt  36.288000 rms  0.591  0.069% neg 0  invalid 762 tFOTS 0.0000 tGradient 2.2460 tsec 2.5670
#GCMRL#  222 dt  36.288000 rms  0.590  0.069% neg 0  invalid 762 tFOTS 0.0000 tGradient 2.2650 tsec 2.5800
#GCMRL#  223 dt  36.288000 rms  0.590  0.072% neg 0  invalid 762 tFOTS 0.0000 tGradient 2.2260 tsec 2.5440
#GCMRL#  224 dt  36.288000 rms  0.589  0.076% neg 0  invalid 762 tFOTS 0.0000 tGradient 2.1800 tsec 2.4920
#GCMRL#  225 dt  36.288000 rms  0.589  0.074% neg 0  invalid 762 tFOTS 0.0000 tGradient 2.1920 tsec 2.5080
#GCMRL#  226 dt  36.288000 rms  0.588  0.065% neg 0  invalid 762 tFOTS 0.0000 tGradient 2.2500 tsec 2.5580
#GCMRL#  227 dt  36.288000 rms  0.588  0.057% neg 0  invalid 762 tFOTS 0.0000 tGradient 2.1120 tsec 2.4160
#GCMRL#  228 dt  36.288000 rms  0.588  0.051% neg 0  invalid 762 tFOTS 0.0000 tGradient 2.2170 tsec 2.5250
#GCMRL#  229 dt  36.288000 rms  0.588  0.051% neg 0  invalid 762 tFOTS 0.0000 tGradient 2.2300 tsec 2.5370
#GCMRL#  230 dt  36.288000 rms  0.587  0.054% neg 0  invalid 762 tFOTS 0.0000 tGradient 2.1720 tsec 2.4780
#GCMRL#  231 dt  36.288000 rms  0.587  0.061% neg 0  invalid 762 tFOTS 0.0000 tGradient 2.1650 tsec 2.4820
#GCMRL#  232 dt  36.288000 rms  0.587  0.058% neg 0  invalid 762 tFOTS 0.0000 tGradient 2.2770 tsec 2.6320
#GCMRL#  233 dt  36.288000 rms  0.586  0.058% neg 0  invalid 762 tFOTS 0.0000 tGradient 2.5790 tsec 2.9380
#GCMRL#  234 dt  36.288000 rms  0.586  0.049% neg 0  invalid 762 tFOTS 0.0000 tGradient 2.2610 tsec 2.5690
#GCMRL#  235 dt  36.288000 rms  0.586  0.046% neg 0  invalid 762 tFOTS 0.0000 tGradient 2.2080 tsec 2.5100
#GCMRL#  236 dt  36.288000 rms  0.585  0.042% neg 0  invalid 762 tFOTS 0.0000 tGradient 2.1890 tsec 2.4930
#GCMRL#  237 dt  36.288000 rms  0.585  0.032% neg 0  invalid 762 tFOTS 0.0000 tGradient 2.2170 tsec 2.5300
#GCMRL#  238 dt  36.288000 rms  0.585  0.027% neg 0  invalid 762 tFOTS 0.0000 tGradient 2.2200 tsec 2.5450
#GCMRL#  239 dt  36.288000 rms  0.585  0.027% neg 0  invalid 762 tFOTS 0.0000 tGradient 2.1370 tsec 2.4530
#GCMRL#  240 dt  36.288000 rms  0.585  0.030% neg 0  invalid 762 tFOTS 0.0000 tGradient 2.1520 tsec 2.4620
#GCMRL#  241 dt  36.288000 rms  0.585  0.033% neg 0  invalid 762 tFOTS 0.0000 tGradient 2.1720 tsec 2.4760
#GCMRL#  242 dt  36.288000 rms  0.584  0.033% neg 0  invalid 762 tFOTS 0.0000 tGradient 2.1110 tsec 2.4190
#GCMRL#  243 dt  36.288000 rms  0.584  0.036% neg 0  invalid 762 tFOTS 0.0000 tGradient 2.2530 tsec 2.5570
#GCMRL#  244 dt  36.288000 rms  0.584  0.036% neg 0  invalid 762 tFOTS 0.0000 tGradient 2.1410 tsec 2.4470
#GCMRL#  245 dt  36.288000 rms  0.584  0.033% neg 0  invalid 762 tFOTS 0.0000 tGradient 2.0960 tsec 2.3950
#GCMRL#  246 dt  36.288000 rms  0.584  0.028% neg 0  invalid 762 tFOTS 0.0000 tGradient 2.1720 tsec 2.4730
#GCMRL#  247 dt  36.288000 rms  0.583  0.024% neg 0  invalid 762 tFOTS 0.0000 tGradient 2.1640 tsec 2.4670
#GCMRL#  248 dt  36.288000 rms  0.583  0.029% neg 0  invalid 762 tFOTS 0.0000 tGradient 2.1160 tsec 2.4190
#GCMRL#  249 dt  36.288000 rms  0.583  0.035% neg 0  invalid 762 tFOTS 0.0000 tGradient 2.1680 tsec 2.4640
#GCMRL#  250 dt  36.288000 rms  0.583  0.036% neg 0  invalid 762 tFOTS 0.0000 tGradient 2.1930 tsec 2.4980
#GCMRL#  251 dt  36.288000 rms  0.583  0.029% neg 0  invalid 762 tFOTS 0.0000 tGradient 2.2650 tsec 2.5670
#GCMRL#  252 dt  36.288000 rms  0.583  0.022% neg 0  invalid 762 tFOTS 0.0000 tGradient 2.1730 tsec 2.4780
#GCMRL#  253 dt  36.288000 rms  0.582  0.021% neg 0  invalid 762 tFOTS 0.0000 tGradient 2.1980 tsec 2.5190
#FOTS# QuadFit found better minimum quadopt=(dt=145.152,rms=0.582325) vs oldopt=(dt=103.68,rms=0.582343)
#GCMRL#  254 dt 145.152000 rms  0.582  0.000% neg 0  invalid 762 tFOTS 4.3950 tGradient 2.2000 tsec 6.9170

#GCAMreg# pass 0 level1 4 level2 1 tsec 226.055 sigma 0.5
l_jacobian=1.00 l_label=1.00 l_log_likelihood=0.20 l_smoothness=0.03 
tol=5.00e-02, dt=5.00e-02, exp_k=20.0, momentum=0.90, levels=6, niter=500, lbl_dist=10.00, avgs=64, sigma=0.5,type=2, relabel=0, neg=no

blurring input image with Gaussian with sigma=0.500...
GCAMRegisterLevel(): init RMS 0.582541
#GCMRL#  256 dt 103.680000 rms  0.581  0.348% neg 0  invalid 762 tFOTS 4.3550 tGradient 2.2600 tsec 6.9460
#FOTS# QuadFit found better minimum quadopt=(dt=36.288,rms=0.580053) vs oldopt=(dt=25.92,rms=0.580081)
#GCMRL#  257 dt  36.288000 rms  0.580  0.079% neg 0  invalid 762 tFOTS 4.3700 tGradient 2.3650 tsec 7.0420
#FOTS# QuadFit found better minimum quadopt=(dt=145.152,rms=0.579134) vs oldopt=(dt=103.68,rms=0.579285)
#GCMRL#  258 dt 145.152000 rms  0.579  0.159% neg 0  invalid 762 tFOTS 4.2140 tGradient 2.1170 tsec 6.6450
#FOTS# QuadFit found better minimum quadopt=(dt=31.104,rms=0.578924) vs oldopt=(dt=25.92,rms=0.578926)
#GCMRL#  259 dt  31.104000 rms  0.579  0.000% neg 0  invalid 762 tFOTS 4.3000 tGradient 2.1860 tsec 6.8200
#GCMRL#  260 dt  31.104000 rms  0.579  0.024% neg 0  invalid 762 tFOTS 0.0000 tGradient 2.2000 tsec 2.5070
#GCMRL#  261 dt  31.104000 rms  0.579  0.041% neg 0  invalid 762 tFOTS 0.0000 tGradient 2.2340 tsec 2.5300
#GCMRL#  262 dt  31.104000 rms  0.578  0.051% neg 0  invalid 762 tFOTS 0.0000 tGradient 2.2190 tsec 2.5200
#GCMRL#  263 dt  31.104000 rms  0.578  0.058% neg 0  invalid 762 tFOTS 0.0000 tGradient 2.2250 tsec 2.5250
#GCMRL#  264 dt  31.104000 rms  0.578  0.060% neg 0  invalid 762 tFOTS 0.0000 tGradient 2.2000 tsec 2.5070
#GCMRL#  265 dt  31.104000 rms  0.577  0.060% neg 0  invalid 762 tFOTS 0.0000 tGradient 2.1870 tsec 2.4880
#GCMRL#  266 dt  31.104000 rms  0.577  0.057% neg 0  invalid 762 tFOTS 0.0000 tGradient 2.1630 tsec 2.4600
#GCMRL#  267 dt  31.104000 rms  0.577  0.049% neg 0  invalid 762 tFOTS 0.0000 tGradient 2.1800 tsec 2.4820
#GCMRL#  268 dt  31.104000 rms  0.576  0.044% neg 0  invalid 762 tFOTS 0.0000 tGradient 2.1400 tsec 2.4430
#GCMRL#  269 dt  31.104000 rms  0.576  0.043% neg 0  invalid 762 tFOTS 0.0000 tGradient 2.2090 tsec 2.5040
#GCMRL#  270 dt  31.104000 rms  0.576  0.042% neg 0  invalid 762 tFOTS 0.0000 tGradient 2.2280 tsec 2.5300
#GCMRL#  271 dt  31.104000 rms  0.576  0.039% neg 0  invalid 762 tFOTS 0.0000 tGradient 2.2420 tsec 2.5340
#GCMRL#  272 dt  31.104000 rms  0.575  0.036% neg 0  invalid 762 tFOTS 0.0000 tGradient 2.1870 tsec 2.4920
#GCMRL#  273 dt  31.104000 rms  0.575  0.039% neg 0  invalid 762 tFOTS 0.0000 tGradient 2.1740 tsec 2.4800
#GCMRL#  274 dt  31.104000 rms  0.575  0.039% neg 0  invalid 762 tFOTS 0.0000 tGradient 2.2050 tsec 2.5120
#GCMRL#  275 dt  31.104000 rms  0.575  0.036% neg 0  invalid 762 tFOTS 0.0000 tGradient 2.1610 tsec 2.4690
#GCMRL#  276 dt  31.104000 rms  0.575  0.035% neg 0  invalid 762 tFOTS 0.0000 tGradient 2.2010 tsec 2.5040
#GCMRL#  277 dt  31.104000 rms  0.574  0.032% neg 0  invalid 762 tFOTS 0.0000 tGradient 2.1300 tsec 2.4390
#GCMRL#  278 dt  31.104000 rms  0.574  0.029% neg 0  invalid 762 tFOTS 0.0000 tGradient 2.1970 tsec 2.5010
#GCMRL#  279 dt  31.104000 rms  0.574  0.029% neg 0  invalid 762 tFOTS 0.0000 tGradient 2.1470 tsec 2.4540
#GCMRL#  280 dt  31.104000 rms  0.574  0.027% neg 0  invalid 762 tFOTS 0.0000 tGradient 2.1270 tsec 2.4290
#GCMRL#  281 dt  31.104000 rms  0.574  0.026% neg 0  invalid 762 tFOTS 0.0000 tGradient 2.1800 tsec 2.4840
#GCMRL#  282 dt  31.104000 rms  0.574  0.027% neg 0  invalid 762 tFOTS 0.0000 tGradient 2.1400 tsec 2.4420
#GCMRL#  283 dt  31.104000 rms  0.573  0.029% neg 0  invalid 762 tFOTS 0.0000 tGradient 2.1710 tsec 2.4770
#GCMRL#  284 dt  31.104000 rms  0.573  0.027% neg 0  invalid 762 tFOTS 0.0000 tGradient 2.1440 tsec 2.4500
#GCMRL#  285 dt  31.104000 rms  0.573  0.022% neg 0  invalid 762 tFOTS 0.0000 tGradient 2.2280 tsec 2.5310
#GCMRL#  286 dt  31.104000 rms  0.573  0.022% neg 0  invalid 762 tFOTS 0.0000 tGradient 2.1010 tsec 2.4000
#GCMRL#  287 dt  31.104000 rms  0.573  0.022% neg 0  invalid 762 tFOTS 0.0000 tGradient 2.1260 tsec 2.4480
#GCMRL#  288 dt 414.720000 rms  0.573  0.049% neg 0  invalid 762 tFOTS 4.3290 tGradient 2.0990 tsec 6.7410
#FOTS# QuadFit found better minimum quadopt=(dt=36.288,rms=0.57256) vs oldopt=(dt=25.92,rms=0.572578)
#GCMRL#  289 dt  36.288000 rms  0.573  0.000% neg 0  invalid 762 tFOTS 4.5550 tGradient 2.1320 tsec 7.0150
#GCMRL#  290 dt  36.288000 rms  0.573  0.010% neg 0  invalid 762 tFOTS 0.0000 tGradient 2.1250 tsec 2.4240
#GCMRL#  291 dt  36.288000 rms  0.572  0.002% neg 0  invalid 762 tFOTS 0.0000 tGradient 2.1330 tsec 2.4350
setting smoothness cost coefficient to 0.118

#GCAMreg# pass 0 level1 3 level2 0 tsec 0 sigma 2
l_jacobian=1.00 l_label=1.00 l_log_likelihood=0.20 l_smoothness=0.12 
tol=5.00e-02, dt=5.00e-02, exp_k=20.0, momentum=0.90, levels=6, niter=500, lbl_dist=10.00, avgs=16, sigma=2.0,type=2, relabel=0, neg=no

blurring input image with Gaussian with sigma=2.000...
GCAMRegisterLevel(): init RMS 0.584917
#FOTS# QuadFit found better minimum quadopt=(dt=22.8571,rms=0.583489) vs oldopt=(dt=32,rms=0.583768)
#GCMRL#  293 dt  22.857143 rms  0.583  0.244% neg 0  invalid 762 tFOTS 3.9950 tGradient 1.7010 tsec 6.0130
#FOTS# QuadFit found better minimum quadopt=(dt=44.8,rms=0.580361) vs oldopt=(dt=32,rms=0.580974)
#GCMRL#  294 dt  44.800000 rms  0.580  0.536% neg 0  invalid 762 tFOTS 4.0200 tGradient 1.6950 tsec 6.0230
#FOTS# QuadFit found better minimum quadopt=(dt=23.2857,rms=0.579633) vs oldopt=(dt=32,rms=0.579843)
#GCMRL#  295 dt  23.285714 rms  0.580  0.126% neg 0  invalid 762 tFOTS 4.2150 tGradient 1.7370 tsec 6.2630
#FOTS# QuadFit found better minimum quadopt=(dt=44.8,rms=0.577308) vs oldopt=(dt=32,rms=0.577417)
#GCMRL#  296 dt  44.800000 rms  0.577  0.401% neg 0  invalid 762 tFOTS 4.2400 tGradient 1.7450 tsec 6.3010
#FOTS# QuadFit found better minimum quadopt=(dt=11.2,rms=0.576006) vs oldopt=(dt=8,rms=0.576182)
#GCMRL#  297 dt  11.200000 rms  0.576  0.226% neg 0  invalid 762 tFOTS 4.0790 tGradient 1.7830 tsec 6.1730
#FOTS# QuadFit found better minimum quadopt=(dt=44.8,rms=0.574682) vs oldopt=(dt=32,rms=0.574908)
#GCMRL#  298 dt  44.800000 rms  0.575  0.230% neg 0  invalid 762 tFOTS 4.0410 tGradient 1.6850 tsec 6.0310
#FOTS# QuadFit found better minimum quadopt=(dt=25.6,rms=0.573116) vs oldopt=(dt=32,rms=0.57316)
#GCMRL#  299 dt  25.600000 rms  0.573  0.272% neg 0  invalid 762 tFOTS 3.8020 tGradient 1.7060 tsec 5.8160
#FOTS# QuadFit found better minimum quadopt=(dt=11.2,rms=0.572583) vs oldopt=(dt=8,rms=0.572665)
#GCMRL#  300 dt  11.200000 rms  0.573  0.093% neg 0  invalid 762 tFOTS 4.0520 tGradient 1.7670 tsec 6.1290
#FOTS# QuadFit found better minimum quadopt=(dt=179.2,rms=0.568918) vs oldopt=(dt=128,rms=0.569392)
#GCMRL#  301 dt 179.200000 rms  0.569  0.640% neg 0  invalid 762 tFOTS 3.8090 tGradient 1.7170 tsec 5.8300
#FOTS# QuadFit found better minimum quadopt=(dt=20.2581,rms=0.566703) vs oldopt=(dt=8,rms=0.56718)
#GCMRL#  302 dt  20.258065 rms  0.567  0.389% neg 0  invalid 762 tFOTS 3.8090 tGradient 1.7490 tsec 5.8620
#FOTS# QuadFit found better minimum quadopt=(dt=11.2,rms=0.566223) vs oldopt=(dt=8,rms=0.566284)
#GCMRL#  303 dt  11.200000 rms  0.566  0.085% neg 0  invalid 762 tFOTS 4.0670 tGradient 1.7230 tsec 6.0980
#FOTS# QuadFit found better minimum quadopt=(dt=102.4,rms=0.56513) vs oldopt=(dt=128,rms=0.565252)
#GCMRL#  304 dt 102.400000 rms  0.565  0.193% neg 0  invalid 762 tFOTS 3.7990 tGradient 1.7040 tsec 5.8080
#FOTS# QuadFit found better minimum quadopt=(dt=11.2,rms=0.563809) vs oldopt=(dt=8,rms=0.564038)
#GCMRL#  305 dt  11.200000 rms  0.564  0.234% neg 0  invalid 762 tFOTS 3.8000 tGradient 1.6830 tsec 5.7940
#FOTS# QuadFit found better minimum quadopt=(dt=179.2,rms=0.562027) vs oldopt=(dt=128,rms=0.562154)
#GCMRL#  306 dt 179.200000 rms  0.562  0.316% neg 0  invalid 762 tFOTS 3.8060 tGradient 1.6990 tsec 5.8050
#FOTS# QuadFit found better minimum quadopt=(dt=11.2,rms=0.56097) vs oldopt=(dt=8,rms=0.561204)
#GCMRL#  307 dt  11.200000 rms  0.561  0.188% neg 0  invalid 762 tFOTS 4.0430 tGradient 1.7200 tsec 6.0630
#FOTS# QuadFit found better minimum quadopt=(dt=11.2,rms=0.560607) vs oldopt=(dt=8,rms=0.560674)
#GCMRL#  308 dt  11.200000 rms  0.561  0.065% neg 0  invalid 762 tFOTS 4.1020 tGradient 1.7440 tsec 6.1400
#FOTS# QuadFit found better minimum quadopt=(dt=44.8,rms=0.560252) vs oldopt=(dt=32,rms=0.560284)
#GCMRL#  309 dt  44.800000 rms  0.560  0.063% neg 0  invalid 762 tFOTS 3.8580 tGradient 1.6410 tsec 5.8140
#GCMRL#  310 dt  32.000000 rms  0.560  0.081% neg 0  invalid 762 tFOTS 4.2930 tGradient 1.7440 tsec 6.3970
#FOTS# QuadFit found better minimum quadopt=(dt=11.2,rms=0.559604) vs oldopt=(dt=8,rms=0.55964)
#GCMRL#  311 dt  11.200000 rms  0.560  0.000% neg 0  invalid 762 tFOTS 4.1700 tGradient 1.8170 tsec 6.3230
#GCMRL#  312 dt  11.200000 rms  0.559  0.022% neg 0  invalid 762 tFOTS 0.0000 tGradient 1.7840 tsec 2.0920
#GCMRL#  313 dt  11.200000 rms  0.559  0.037% neg 0  invalid 762 tFOTS 0.0000 tGradient 1.6350 tsec 1.9440
#GCMRL#  314 dt  11.200000 rms  0.559  0.055% neg 0  invalid 762 tFOTS 0.0000 tGradient 1.7250 tsec 2.0350
#GCMRL#  315 dt  11.200000 rms  0.559  0.070% neg 0  invalid 762 tFOTS 0.0000 tGradient 1.6760 tsec 1.9810
#GCMRL#  316 dt  11.200000 rms  0.558  0.082% neg 0  invalid 762 tFOTS 0.0000 tGradient 1.7140 tsec 2.0300
#GCMRL#  317 dt  11.200000 rms  0.558  0.094% neg 0  invalid 762 tFOTS 0.0000 tGradient 1.8720 tsec 2.1920
#GCMRL#  318 dt  11.200000 rms  0.557  0.100% neg 0  invalid 762 tFOTS 0.0000 tGradient 1.7500 tsec 2.0580
#GCMRL#  319 dt  11.200000 rms  0.556  0.098% neg 0  invalid 762 tFOTS 0.0000 tGradient 1.7040 tsec 2.0120
#GCMRL#  320 dt  11.200000 rms  0.556  0.102% neg 0  invalid 762 tFOTS 0.0000 tGradient 1.7600 tsec 2.0690
#GCMRL#  321 dt  11.200000 rms  0.555  0.097% neg 0  invalid 762 tFOTS 0.0000 tGradient 1.6600 tsec 1.9700
#GCMRL#  322 dt  11.200000 rms  0.555  0.098% neg 0  invalid 762 tFOTS 0.0000 tGradient 1.8030 tsec 2.1080
#GCMRL#  323 dt  11.200000 rms  0.555  0.012% neg 0  invalid 762 tFOTS 0.0000 tGradient 1.6830 tsec 2.1610
#GCMRL#  324 dt  11.200000 rms  0.555  0.023% neg 0  invalid 762 tFOTS 0.0000 tGradient 1.6900 tsec 2.0040
#GCMRL#  325 dt  11.200000 rms  0.554  0.031% neg 0  invalid 762 tFOTS 0.0000 tGradient 1.7320 tsec 2.0430
#GCMRL#  326 dt  11.200000 rms  0.554  0.040% neg 0  invalid 762 tFOTS 0.0000 tGradient 1.7340 tsec 2.0450
#GCMRL#  327 dt  11.200000 rms  0.554  0.045% neg 0  invalid 762 tFOTS 0.0000 tGradient 1.6850 tsec 1.9870
#GCMRL#  328 dt  11.200000 rms  0.554  0.048% neg 0  invalid 762 tFOTS 0.0000 tGradient 1.7830 tsec 2.0960
#GCMRL#  329 dt  11.200000 rms  0.553  0.054% neg 0  invalid 762 tFOTS 0.0000 tGradient 1.7690 tsec 2.0700
#GCMRL#  330 dt  11.200000 rms  0.553  0.060% neg 0  invalid 762 tFOTS 0.0000 tGradient 1.6740 tsec 1.9820
#GCMRL#  331 dt  11.200000 rms  0.553  0.062% neg 0  invalid 762 tFOTS 0.0000 tGradient 1.8240 tsec 2.1200
#GCMRL#  332 dt  11.200000 rms  0.552  0.061% neg 0  invalid 762 tFOTS 0.0000 tGradient 1.7010 tsec 2.0110
#GCMRL#  333 dt  11.200000 rms  0.552  0.063% neg 0  invalid 762 tFOTS 0.0000 tGradient 1.6950 tsec 2.0000
#GCMRL#  334 dt  11.200000 rms  0.552  0.068% neg 0  invalid 762 tFOTS 0.0000 tGradient 1.7010 tsec 2.0030
#GCMRL#  335 dt  11.200000 rms  0.551  0.069% neg 0  invalid 762 tFOTS 0.0000 tGradient 1.7500 tsec 2.0440
#GCMRL#  336 dt  11.200000 rms  0.551  0.068% neg 0  invalid 762 tFOTS 0.0000 tGradient 1.6650 tsec 1.9600
#GCMRL#  337 dt  11.200000 rms  0.551  0.065% neg 0  invalid 762 tFOTS 0.0000 tGradient 1.7170 tsec 2.0290
#GCMRL#  338 dt  11.200000 rms  0.550  0.063% neg 0  invalid 762 tFOTS 0.0000 tGradient 1.6480 tsec 1.9480
#GCMRL#  339 dt  11.200000 rms  0.550  0.066% neg 0  invalid 762 tFOTS 0.0000 tGradient 1.6490 tsec 1.9530
#GCMRL#  340 dt  11.200000 rms  0.550  0.061% neg 0  invalid 762 tFOTS 0.0000 tGradient 1.6450 tsec 1.9390
#GCMRL#  341 dt  11.200000 rms  0.549  0.061% neg 0  invalid 762 tFOTS 0.0000 tGradient 1.6260 tsec 1.9250
#GCMRL#  342 dt  11.200000 rms  0.549  0.063% neg 0  invalid 762 tFOTS 0.0000 tGradient 1.6620 tsec 1.9610
#GCMRL#  343 dt  11.200000 rms  0.549  0.060% neg 0  invalid 762 tFOTS 0.0000 tGradient 1.6940 tsec 1.9990
#GCMRL#  344 dt  11.200000 rms  0.548  0.052% neg 0  invalid 762 tFOTS 0.0000 tGradient 1.6690 tsec 1.9670
#GCMRL#  345 dt  11.200000 rms  0.548  0.045% neg 0  invalid 762 tFOTS 0.0000 tGradient 1.6870 tsec 1.9850
#GCMRL#  346 dt  11.200000 rms  0.548  0.050% neg 0  invalid 762 tFOTS 0.0000 tGradient 1.6530 tsec 1.9520
#GCMRL#  347 dt  11.200000 rms  0.547  0.049% neg 0  invalid 762 tFOTS 0.0000 tGradient 1.6450 tsec 1.9410
#GCMRL#  348 dt  11.200000 rms  0.547  0.050% neg 0  invalid 762 tFOTS 0.0000 tGradient 1.6180 tsec 1.9170
#GCMRL#  349 dt  11.200000 rms  0.547  0.046% neg 0  invalid 762 tFOTS 0.0000 tGradient 1.6430 tsec 1.9430
#GCMRL#  350 dt  11.200000 rms  0.547  0.041% neg 0  invalid 762 tFOTS 0.0000 tGradient 1.6590 tsec 1.9500
#GCMRL#  351 dt  11.200000 rms  0.546  0.040% neg 0  invalid 762 tFOTS 0.0000 tGradient 1.6430 tsec 1.9570
#GCMRL#  352 dt  11.200000 rms  0.546  0.036% neg 0  invalid 762 tFOTS 0.0000 tGradient 1.6860 tsec 1.9850
#GCMRL#  353 dt  11.200000 rms  0.546  0.035% neg 0  invalid 762 tFOTS 0.0000 tGradient 1.6730 tsec 1.9760
#GCMRL#  354 dt  11.200000 rms  0.546  0.038% neg 0  invalid 762 tFOTS 0.0000 tGradient 1.6540 tsec 1.9500
#GCMRL#  355 dt  11.200000 rms  0.546  0.004% neg 0  invalid 762 tFOTS 0.0000 tGradient 1.6460 tsec 2.1050
#GCMRL#  356 dt  11.200000 rms  0.546  0.008% neg 0  invalid 762 tFOTS 0.0000 tGradient 1.6710 tsec 1.9700
#GCMRL#  357 dt   5.600000 rms  0.546  0.001% neg 0  invalid 762 tFOTS 0.0000 tGradient 1.6250 tsec 2.2510
#FOTS# QuadFit found better minimum quadopt=(dt=2.8,rms=0.545812) vs oldopt=(dt=2,rms=0.545813)
#GCMRL#  358 dt   2.800000 rms  0.546  0.000% neg 0  invalid 762 tFOTS 3.4230 tGradient 1.6490 tsec 5.3950

#GCAMreg# pass 0 level1 3 level2 1 tsec 224.59 sigma 0.5
l_jacobian=1.00 l_label=1.00 l_log_likelihood=0.20 l_smoothness=0.12 
tol=5.00e-02, dt=5.00e-02, exp_k=20.0, momentum=0.90, levels=6, niter=500, lbl_dist=10.00, avgs=16, sigma=0.5,type=2, relabel=0, neg=no

blurring input image with Gaussian with sigma=0.500...
GCAMRegisterLevel(): init RMS 0.545979
#FOTS# QuadFit found better minimum quadopt=(dt=44.8,rms=0.542815) vs oldopt=(dt=32,rms=0.543162)
#GCMRL#  360 dt  44.800000 rms  0.543  0.580% neg 0  invalid 762 tFOTS 4.1920 tGradient 1.6460 tsec 6.1480
#FOTS# QuadFit found better minimum quadopt=(dt=11.2,rms=0.542524) vs oldopt=(dt=8,rms=0.542576)
#GCMRL#  361 dt  11.200000 rms  0.543  0.054% neg 0  invalid 762 tFOTS 4.1700 tGradient 1.6640 tsec 6.1480
#FOTS# QuadFit found better minimum quadopt=(dt=25.6,rms=0.542287) vs oldopt=(dt=32,rms=0.542288)
#GCMRL#  362 dt  25.600000 rms  0.542  0.000% neg 0  invalid 762 tFOTS 4.1450 tGradient 1.6370 tsec 6.1170
#GCMRL#  363 dt  25.600000 rms  0.542  0.058% neg 0  invalid 762 tFOTS 0.0000 tGradient 1.6770 tsec 1.9800
#GCMRL#  364 dt  25.600000 rms  0.542  0.067% neg 0  invalid 762 tFOTS 0.0000 tGradient 1.6270 tsec 1.9310
#GCMRL#  365 dt  25.600000 rms  0.541  0.059% neg 0  invalid 762 tFOTS 0.0000 tGradient 1.6500 tsec 1.9530
#GCMRL#  366 dt  25.600000 rms  0.541  0.056% neg 0  invalid 762 tFOTS 0.0000 tGradient 1.6220 tsec 1.9280
#GCMRL#  367 dt  25.600000 rms  0.541  0.039% neg 0  invalid 762 tFOTS 0.0000 tGradient 1.6650 tsec 1.9690
#GCMRL#  368 dt  25.600000 rms  0.541  0.014% neg 0  invalid 762 tFOTS 0.0000 tGradient 1.6990 tsec 1.9930
#GCMRL#  369 dt  25.600000 rms  0.541 -0.001% neg 0  invalid 762 tFOTS 0.0000 tGradient 1.5700 tsec 2.0980
#FOTS# QuadFit found better minimum quadopt=(dt=44.8,rms=0.540515) vs oldopt=(dt=32,rms=0.540524)
#GCMRL#  370 dt  44.800000 rms  0.541  0.030% neg 0  invalid 762 tFOTS 3.9210 tGradient 1.5960 tsec 5.8290
#FOTS# QuadFit found better minimum quadopt=(dt=38.4,rms=0.540319) vs oldopt=(dt=32,rms=0.540321)
#GCMRL#  371 dt  38.400000 rms  0.540  0.036% neg 0  invalid 762 tFOTS 4.1640 tGradient 1.6460 tsec 6.1180
#FOTS# QuadFit found better minimum quadopt=(dt=19.2,rms=0.540225) vs oldopt=(dt=32,rms=0.54026)
setting smoothness cost coefficient to 0.400

#GCAMreg# pass 0 level1 2 level2 0 tsec 0 sigma 2
l_jacobian=1.00 l_label=1.00 l_log_likelihood=0.20 l_smoothness=0.40 
tol=5.00e-02, dt=5.00e-02, exp_k=20.0, momentum=0.90, levels=6, niter=500, lbl_dist=10.00, avgs=4, sigma=2.0,type=2, relabel=0, neg=no

blurring input image with Gaussian with sigma=2.000...
GCAMRegisterLevel(): init RMS 0.56605
#GCMRL#  373 dt   0.000000 rms  0.566  0.028% neg 0  invalid 762 tFOTS 3.4770 tGradient 1.4490 tsec 5.2230

#GCAMreg# pass 0 level1 2 level2 1 tsec 19.98 sigma 0.5
l_jacobian=1.00 l_label=1.00 l_log_likelihood=0.20 l_smoothness=0.40 
tol=5.00e-02, dt=5.00e-02, exp_k=20.0, momentum=0.90, levels=6, niter=500, lbl_dist=10.00, avgs=4, sigma=0.5,type=2, relabel=0, neg=no

blurring input image with Gaussian with sigma=0.500...
GCAMRegisterLevel(): init RMS 0.56605
#GCMRL#  375 dt   0.000000 rms  0.566  0.028% neg 0  invalid 762 tFOTS 3.6780 tGradient 1.5030 tsec 5.4910
setting smoothness cost coefficient to 1.000

#GCAMreg# pass 0 level1 1 level2 0 tsec 0 sigma 2
l_jacobian=1.00 l_label=1.00 l_log_likelihood=0.20 l_smoothness=1.00 
tol=5.00e-02, dt=5.00e-02, exp_k=20.0, momentum=0.90, levels=6, niter=500, lbl_dist=10.00, avgs=1, sigma=2.0,type=2, relabel=0, neg=no

blurring input image with Gaussian with sigma=2.000...
GCAMRegisterLevel(): init RMS 0.617084
#FOTS# QuadFit found better minimum quadopt=(dt=1.97479,rms=0.60905) vs oldopt=(dt=1.28,rms=0.610252)
#GCMRL#  377 dt   1.974790 rms  0.609  1.302% neg 0  invalid 762 tFOTS 3.8150 tGradient 1.2950 tsec 5.4150
#GCMRL#  378 dt   1.280000 rms  0.608  0.161% neg 0  invalid 762 tFOTS 3.7790 tGradient 1.2760 tsec 5.3610
#FOTS# QuadFit found better minimum quadopt=(dt=0.448,rms=0.607966) vs oldopt=(dt=0.32,rms=0.607979)
#GCMRL#  379 dt   0.448000 rms  0.608  0.000% neg 0  invalid 762 tFOTS 3.7970 tGradient 1.2710 tsec 5.3970
#GCMRL#  380 dt   0.448000 rms  0.608  0.001% neg 0  invalid 762 tFOTS 0.0000 tGradient 1.2930 tsec 1.5940

#GCAMreg# pass 0 level1 1 level2 1 tsec 28.951 sigma 0.5
l_jacobian=1.00 l_label=1.00 l_log_likelihood=0.20 l_smoothness=1.00 
tol=5.00e-02, dt=5.00e-02, exp_k=20.0, momentum=0.90, levels=6, niter=500, lbl_dist=10.00, avgs=1, sigma=0.5,type=2, relabel=0, neg=no

blurring input image with Gaussian with sigma=0.500...
GCAMRegisterLevel(): init RMS 0.608101
#FOTS# QuadFit found better minimum quadopt=(dt=1.792,rms=0.606688) vs oldopt=(dt=1.28,rms=0.60684)
#GCMRL#  382 dt   1.792000 rms  0.607  0.232% neg 0  invalid 762 tFOTS 3.8130 tGradient 1.2920 tsec 5.4190
#FOTS# QuadFit found better minimum quadopt=(dt=1.536,rms=0.606352) vs oldopt=(dt=1.28,rms=0.606359)
#GCMRL#  383 dt   1.536000 rms  0.606  0.055% neg 0  invalid 762 tFOTS 3.8370 tGradient 1.3250 tsec 5.4730
#FOTS# QuadFit found better minimum quadopt=(dt=0.768,rms=0.606285) vs oldopt=(dt=1.28,rms=0.606299)
#GCMRL#  384 dt   0.768000 rms  0.606  0.000% neg 0  invalid 762 tFOTS 3.8450 tGradient 1.2780 tsec 5.4430
#GCMRL#  385 dt   0.768000 rms  0.606  0.006% neg 0  invalid 762 tFOTS 0.0000 tGradient 1.2860 tsec 1.5870
resetting metric properties...
setting smoothness cost coefficient to 2.000

#GCAMreg# pass 0 level1 0 level2 0 tsec 0 sigma 2
l_jacobian=1.00 l_label=1.00 l_log_likelihood=0.20 l_smoothness=2.00 
tol=5.00e-02, dt=5.00e-02, exp_k=20.0, momentum=0.90, levels=6, niter=500, lbl_dist=10.00, avgs=0, sigma=2.0,type=2, relabel=0, neg=no

blurring input image with Gaussian with sigma=2.000...
GCAMRegisterLevel(): init RMS 0.569115
#FOTS# QuadFit found better minimum quadopt=(dt=0.448,rms=0.554058) vs oldopt=(dt=0.32,rms=0.558135)
#GCMRL#  387 dt   0.448000 rms  0.554  2.646% neg 0  invalid 762 tFOTS 3.6070 tGradient 0.8730 tsec 4.7880
#GCMRL#  388 dt   1.280000 rms  0.541  2.377% neg 0  invalid 762 tFOTS 3.8520 tGradient 0.7990 tsec 4.9600
#FOTS# QuadFit found better minimum quadopt=(dt=0,rms=0.540861) vs oldopt=(dt=0,rms=0.540861)
#GCMRL#  389 dt   0.050000 rms  0.541  0.000% neg 0  invalid 762 tFOTS 3.3770 tGradient 0.7960 tsec 4.5030

#GCAMreg# pass 0 level1 0 level2 1 tsec 24.916 sigma 0.5
l_jacobian=1.00 l_label=1.00 l_log_likelihood=0.20 l_smoothness=2.00 
tol=5.00e-02, dt=5.00e-02, exp_k=20.0, momentum=0.90, levels=6, niter=500, lbl_dist=10.00, avgs=0, sigma=0.5,type=2, relabel=0, neg=no

blurring input image with Gaussian with sigma=0.500...
GCAMRegisterLevel(): init RMS 0.541072
#FOTS# QuadFit found better minimum quadopt=(dt=0.695312,rms=0.537901) vs oldopt=(dt=0.32,rms=0.539094)
#GCMRL#  391 dt   0.695312 rms  0.538  0.586% neg 0  invalid 762 tFOTS 3.6470 tGradient 0.8090 tsec 4.7700
#FOTS# QuadFit found better minimum quadopt=(dt=0.448,rms=0.537248) vs oldopt=(dt=0.32,rms=0.537373)
#GCMRL#  392 dt   0.448000 rms  0.537  0.121% neg 0  invalid 762 tFOTS 3.6570 tGradient 0.7870 tsec 4.7600
#FOTS# QuadFit found better minimum quadopt=(dt=0.448,rms=0.536464) vs oldopt=(dt=0.32,rms=0.536673)
#GCMRL#  393 dt   0.448000 rms  0.536  0.146% neg 0  invalid 762 tFOTS 3.5910 tGradient 0.8470 tsec 4.7490
#FOTS# QuadFit found better minimum quadopt=(dt=0.448,rms=0.536094) vs oldopt=(dt=0.32,rms=0.536188)
#GCMRL#  394 dt   0.448000 rms  0.536  0.069% neg 0  invalid 762 tFOTS 3.8060 tGradient 0.7870 tsec 4.9000
#FOTS# QuadFit found better minimum quadopt=(dt=0.448,rms=0.535686) vs oldopt=(dt=0.32,rms=0.53579)
#GCMRL#  395 dt   0.448000 rms  0.536  0.076% neg 0  invalid 762 tFOTS 3.6560 tGradient 0.8310 tsec 4.7970
#FOTS# QuadFit found better minimum quadopt=(dt=0.448,rms=0.535391) vs oldopt=(dt=0.32,rms=0.535463)
#GCMRL#  396 dt   0.448000 rms  0.535  0.055% neg 0  invalid 762 tFOTS 3.6410 tGradient 0.7880 tsec 4.7470
#FOTS# QuadFit found better minimum quadopt=(dt=0.448,rms=0.535087) vs oldopt=(dt=0.32,rms=0.535163)
#GCMRL#  397 dt   0.448000 rms  0.535  0.057% neg 0  invalid 762 tFOTS 3.6540 tGradient 0.8440 tsec 4.8160
#FOTS# QuadFit found better minimum quadopt=(dt=0.448,rms=0.534853) vs oldopt=(dt=0.32,rms=0.534908)
#GCMRL#  398 dt   0.448000 rms  0.535  0.000% neg 0  invalid 762 tFOTS 3.6680 tGradient 0.7800 tsec 4.8020
#GCMRL#  399 dt   0.448000 rms  0.535  0.046% neg 0  invalid 762 tFOTS 0.0000 tGradient 0.8830 tsec 1.1830
#GCMRL#  400 dt   0.448000 rms  0.534  0.077% neg 0  invalid 762 tFOTS 0.0000 tGradient 0.7880 tsec 1.0990
#GCMRL#  401 dt   0.448000 rms  0.534  0.092% neg 0  invalid 762 tFOTS 0.0000 tGradient 0.8550 tsec 1.1650
#GCMRL#  402 dt   0.448000 rms  0.533  0.109% neg 0  invalid 762 tFOTS 0.0000 tGradient 0.8040 tsec 1.1120
#GCMRL#  403 dt   0.448000 rms  0.533  0.110% neg 0  invalid 762 tFOTS 0.0000 tGradient 0.8520 tsec 1.1540
#GCMRL#  404 dt   0.448000 rms  0.532  0.098% neg 0  invalid 762 tFOTS 0.0000 tGradient 0.8320 tsec 1.1370
#GCMRL#  405 dt   0.448000 rms  0.532  0.081% neg 0  invalid 762 tFOTS 0.0000 tGradient 0.8030 tsec 1.1150
#GCMRL#  406 dt   0.448000 rms  0.531  0.062% neg 0  invalid 762 tFOTS 0.0000 tGradient 0.8250 tsec 1.1400
#GCMRL#  407 dt   0.448000 rms  0.531  0.046% neg 0  invalid 762 tFOTS 0.0000 tGradient 0.8200 tsec 1.1440
#GCMRL#  408 dt   0.448000 rms  0.531  0.029% neg 0  invalid 762 tFOTS 0.0000 tGradient 0.7780 tsec 1.0930
#GCMRL#  409 dt   0.448000 rms  0.531  0.014% neg 0  invalid 762 tFOTS 0.0000 tGradient 0.8050 tsec 1.1060
#GCMRL#  410 dt   0.448000 rms  0.531  0.004% neg 0  invalid 762 tFOTS 0.0000 tGradient 0.8310 tsec 1.1520
#FOTS# QuadFit found better minimum quadopt=(dt=0.112,rms=0.530753) vs oldopt=(dt=0.08,rms=0.530755)
#GCMRL#  411 dt   0.112000 rms  0.531  0.000% neg 0  invalid 762 tFOTS 3.6660 tGradient 0.8150 tsec 4.8110
#GCMRL#  412 dt   0.112000 rms  0.531  0.001% neg 0  invalid 762 tFOTS 0.0000 tGradient 0.8020 tsec 1.1110
#GCMRL#  413 dt   0.112000 rms  0.531  0.001% neg 0  invalid 762 tFOTS 0.0000 tGradient 0.7910 tsec 1.1040
GCAMregister done in 20.6428 min
********************* ALLOWING NEGATIVE NODES IN DEFORMATION********************************
noneg post
Starting GCAMregister()
label assignment complete, 0 changed (0.00%)
npasses = 1, nlevels = 6
#pass# 1 of 1 ************************
enabling zero nodes
setting smoothness cost coefficient to 0.008

#GCAMreg# pass 0 level1 5 level2 0 tsec 0 sigma 2
l_jacobian=1.00 l_label=1.00 l_log_likelihood=0.20 l_smoothness=0.01 
tol=2.50e-01, dt=5.00e-02, exp_k=20.0, momentum=0.90, levels=6, niter=500, lbl_dist=10.00, avgs=256, sigma=2.0,type=2, relabel=0, neg=yes

blurring input image with Gaussian with sigma=2.000...
GCAMRegisterLevel(): init RMS 0.527948
#GCMRL#  415 dt   0.000000 rms  0.528  0.038% neg 0  invalid 762 tFOTS 4.4100 tGradient 2.6470 tsec 7.3650

#GCAMreg# pass 0 level1 5 level2 1 tsec 24.205 sigma 0.5
l_jacobian=1.00 l_label=1.00 l_log_likelihood=0.20 l_smoothness=0.01 
tol=2.50e-01, dt=5.00e-02, exp_k=20.0, momentum=0.90, levels=6, niter=500, lbl_dist=10.00, avgs=256, sigma=0.5,type=2, relabel=0, neg=yes

blurring input image with Gaussian with sigma=0.500...
GCAMRegisterLevel(): init RMS 0.527948
#GCMRL#  417 dt   0.000000 rms  0.528  0.038% neg 0  invalid 762 tFOTS 4.2790 tGradient 2.6620 tsec 7.2480
setting smoothness cost coefficient to 0.031

#GCAMreg# pass 0 level1 4 level2 0 tsec 0 sigma 2
l_jacobian=1.00 l_label=1.00 l_log_likelihood=0.20 l_smoothness=0.03 
tol=2.50e-01, dt=5.00e-02, exp_k=20.0, momentum=0.90, levels=6, niter=500, lbl_dist=10.00, avgs=64, sigma=2.0,type=2, relabel=0, neg=yes

blurring input image with Gaussian with sigma=2.000...
GCAMRegisterLevel(): init RMS 0.527983
#FOTS# QuadFit found better minimum quadopt=(dt=20.736,rms=0.52753) vs oldopt=(dt=25.92,rms=0.527538)
#GCMRL#  419 dt  20.736000 rms  0.528  0.086% neg 0  invalid 762 tFOTS 4.5830 tGradient 2.0280 tsec 6.9120
#GCMRL#  420 dt  25.920000 rms  0.527  0.000% neg 0  invalid 762 tFOTS 4.2420 tGradient 2.1050 tsec 6.6720
#GCMRL#  421 dt  25.920000 rms  0.527  0.040% neg 0  invalid 762 tFOTS 0.0000 tGradient 2.1160 tsec 2.4100
#GCMRL#  422 dt  25.920000 rms  0.527  0.025% neg 0  invalid 762 tFOTS 0.0000 tGradient 2.1000 tsec 2.3900

#GCAMreg# pass 0 level1 4 level2 1 tsec 30.387 sigma 0.5
l_jacobian=1.00 l_label=1.00 l_log_likelihood=0.20 l_smoothness=0.03 
tol=2.50e-01, dt=5.00e-02, exp_k=20.0, momentum=0.90, levels=6, niter=500, lbl_dist=10.00, avgs=64, sigma=0.5,type=2, relabel=0, neg=yes

blurring input image with Gaussian with sigma=0.500...
GCAMRegisterLevel(): init RMS 0.527194
#FOTS# QuadFit found better minimum quadopt=(dt=77.9378,rms=0.524193) vs oldopt=(dt=103.68,rms=0.524487)
#GCMRL#  424 dt  77.937778 rms  0.524  0.569% neg 0  invalid 762 tFOTS 4.5580 tGradient 2.1880 tsec 7.0620
#FOTS# QuadFit found better minimum quadopt=(dt=36.288,rms=0.523622) vs oldopt=(dt=25.92,rms=0.523697)
#GCMRL#  425 dt  36.288000 rms  0.524  0.000% neg 0  invalid 762 tFOTS 4.5330 tGradient 2.0630 tsec 6.9320
#GCMRL#  426 dt  36.288000 rms  0.523  0.073% neg 0  invalid 762 tFOTS 0.0000 tGradient 2.0850 tsec 2.3820
#GCMRL#  427 dt  36.288000 rms  0.523  0.118% neg 0  invalid 762 tFOTS 0.0000 tGradient 2.0740 tsec 2.3830
#GCMRL#  428 dt  36.288000 rms  0.522  0.142% neg 0  invalid 762 tFOTS 0.0000 tGradient 2.0950 tsec 2.3880
#GCMRL#  429 dt  36.288000 rms  0.521  0.147% neg 0  invalid 762 tFOTS 0.0000 tGradient 1.9890 tsec 2.2830
#GCMRL#  430 dt  36.288000 rms  0.520  0.146% neg 0  invalid 762 tFOTS 0.0000 tGradient 1.9290 tsec 2.2270
#GCMRL#  431 dt  36.288000 rms  0.520  0.139% neg 0  invalid 762 tFOTS 0.0000 tGradient 1.9300 tsec 2.2250
#GCMRL#  432 dt  36.288000 rms  0.519  0.123% neg 0  invalid 762 tFOTS 0.0000 tGradient 1.9290 tsec 2.2220
#GCMRL#  433 dt  36.288000 rms  0.518  0.106% neg 0  invalid 762 tFOTS 0.0000 tGradient 1.9200 tsec 2.2360
#FOTS# QuadFit found better minimum quadopt=(dt=145.152,rms=0.518182) vs oldopt=(dt=103.68,rms=0.518232)
#GCMRL#  434 dt 145.152000 rms  0.518  0.000% neg 0  invalid 762 tFOTS 4.2710 tGradient 1.8980 tsec 6.5110
#GCMRL#  435 dt 145.152000 rms  0.518  0.007% neg 0  invalid 762 tFOTS 0.0000 tGradient 1.9400 tsec 2.2340
setting smoothness cost coefficient to 0.118

#GCAMreg# pass 0 level1 3 level2 0 tsec 0 sigma 2
l_jacobian=1.00 l_label=1.00 l_log_likelihood=0.20 l_smoothness=0.12 
tol=2.50e-01, dt=5.00e-02, exp_k=20.0, momentum=0.90, levels=6, niter=500, lbl_dist=10.00, avgs=16, sigma=2.0,type=2, relabel=0, neg=yes

blurring input image with Gaussian with sigma=2.000...
GCAMRegisterLevel(): init RMS 0.518991
#FOTS# QuadFit found better minimum quadopt=(dt=23.8049,rms=0.517097) vs oldopt=(dt=8,rms=0.51743)
#GCMRL#  437 dt  23.804878 rms  0.517  0.365% neg 0  invalid 762 tFOTS 4.6690 tGradient 1.7420 tsec 6.7300
iter 0, gcam->neg = 1
after 0 iterations, nbhd size=0, neg = 0
#GCMRL#  438 dt  32.000000 rms  0.515  0.415% neg 0  invalid 762 tFOTS 4.6450 tGradient 1.6700 tsec 7.3550
#FOTS# QuadFit found better minimum quadopt=(dt=11.2,rms=0.514068) vs oldopt=(dt=8,rms=0.514237)
#GCMRL#  439 dt  11.200000 rms  0.514  0.000% neg 0  invalid 762 tFOTS 4.6260 tGradient 1.5890 tsec 6.5440
iter 0, gcam->neg = 1
after 0 iterations, nbhd size=0, neg = 0
#GCMRL#  440 dt  11.200000 rms  0.514  0.099% neg 0  invalid 762 tFOTS 0.0000 tGradient 1.5290 tsec 2.5560
iter 0, gcam->neg = 1
after 0 iterations, nbhd size=0, neg = 0
#GCMRL#  441 dt  11.200000 rms  0.513  0.145% neg 0  invalid 762 tFOTS 0.0000 tGradient 1.4970 tsec 2.5210
iter 0, gcam->neg = 3
after 8 iterations, nbhd size=1, neg = 0
#GCMRL#  442 dt  11.200000 rms  0.512  0.148% neg 0  invalid 762 tFOTS 0.0000 tGradient 1.5420 tsec 5.3530
iter 0, gcam->neg = 2
after 2 iterations, nbhd size=0, neg = 0
#GCMRL#  443 dt  11.200000 rms  0.511  0.178% neg 0  invalid 762 tFOTS 0.0000 tGradient 1.5450 tsec 3.2330
iter 0, gcam->neg = 9
after 10 iterations, nbhd size=1, neg = 0
#GCMRL#  444 dt  11.200000 rms  0.510  0.169% neg 0  invalid 762 tFOTS 0.0000 tGradient 1.4810 tsec 5.8090
iter 0, gcam->neg = 19
after 11 iterations, nbhd size=1, neg = 0
#GCMRL#  445 dt  11.200000 rms  0.510  0.117% neg 0  invalid 762 tFOTS 0.0000 tGradient 1.5200 tsec 6.2860
iter 0, gcam->neg = 18
after 12 iterations, nbhd size=1, neg = 0
#GCMRL#  446 dt  11.200000 rms  0.509  0.096% neg 0  invalid 762 tFOTS 0.0000 tGradient 1.5670 tsec 6.7450
iter 0, gcam->neg = 9
after 5 iterations, nbhd size=0, neg = 0
#GCMRL#  447 dt 128.000000 rms  0.507  0.359% neg 0  invalid 762 tFOTS 4.5420 tGradient 1.5480 tsec 8.8230
#FOTS# QuadFit found better minimum quadopt=(dt=25.6,rms=0.506303) vs oldopt=(dt=32,rms=0.506401)
iter 0, gcam->neg = 3
after 1 iterations, nbhd size=0, neg = 0
#GCMRL#  448 dt  25.600000 rms  0.506  0.000% neg 0  invalid 762 tFOTS 4.6580 tGradient 1.6080 tsec 7.6660
iter 0, gcam->neg = 1
after 0 iterations, nbhd size=0, neg = 0

#GCAMreg# pass 0 level1 3 level2 1 tsec 81.75 sigma 0.5
l_jacobian=1.00 l_label=1.00 l_log_likelihood=0.20 l_smoothness=0.12 
tol=2.50e-01, dt=5.00e-02, exp_k=20.0, momentum=0.90, levels=6, niter=500, lbl_dist=10.00, avgs=16, sigma=0.5,type=2, relabel=0, neg=yes

blurring input image with Gaussian with sigma=0.500...
GCAMRegisterLevel(): init RMS 0.506402
#FOTS# QuadFit found better minimum quadopt=(dt=49.5016,rms=0.501049) vs oldopt=(dt=32,rms=0.501593)
#GCMRL#  450 dt  49.501618 rms  0.501  1.057% neg 0  invalid 762 tFOTS 4.6220 tGradient 1.5630 tsec 6.4930
#FOTS# QuadFit found better minimum quadopt=(dt=11.2,rms=0.499899) vs oldopt=(dt=8,rms=0.500137)
#GCMRL#  451 dt  11.200000 rms  0.500  0.000% neg 0  invalid 762 tFOTS 4.6110 tGradient 1.5540 tsec 6.4920
#GCMRL#  452 dt  11.200000 rms  0.499  0.087% neg 0  invalid 762 tFOTS 0.0000 tGradient 1.5090 tsec 1.8060
#GCMRL#  453 dt  11.200000 rms  0.499  0.090% neg 0  invalid 762 tFOTS 0.0000 tGradient 1.5590 tsec 1.8610
#GCMRL#  454 dt  11.200000 rms  0.498  0.104% neg 0  invalid 762 tFOTS 0.0000 tGradient 1.5440 tsec 1.8310
#GCMRL#  455 dt  11.200000 rms  0.498  0.142% neg 0  invalid 762 tFOTS 0.0000 tGradient 1.5600 tsec 1.8490
#GCMRL#  456 dt  11.200000 rms  0.497  0.172% neg 0  invalid 762 tFOTS 0.0000 tGradient 1.6950 tsec 1.9950
iter 0, gcam->neg = 1
after 0 iterations, nbhd size=0, neg = 0
#GCMRL#  457 dt  11.200000 rms  0.496  0.152% neg 0  invalid 762 tFOTS 0.0000 tGradient 1.4860 tsec 2.5150
iter 0, gcam->neg = 1
after 0 iterations, nbhd size=0, neg = 0
#GCMRL#  458 dt  11.200000 rms  0.496  0.129% neg 0  invalid 762 tFOTS 0.0000 tGradient 1.5590 tsec 2.5930
#GCMRL#  459 dt  11.200000 rms  0.495  0.108% neg 0  invalid 762 tFOTS 0.0000 tGradient 1.4850 tsec 1.7820
#GCMRL#  460 dt  11.200000 rms  0.495  0.090% neg 0  invalid 762 tFOTS 0.0000 tGradient 1.4600 tsec 1.7870
#FOTS# QuadFit found better minimum quadopt=(dt=25.6,rms=0.494356) vs oldopt=(dt=32,rms=0.494356)
#GCMRL#  461 dt  25.600000 rms  0.494  0.000% neg 0  invalid 762 tFOTS 4.7670 tGradient 1.4740 tsec 6.5730
#GCMRL#  462 dt  25.600000 rms  0.494  0.048% neg 0  invalid 762 tFOTS 0.0000 tGradient 1.5320 tsec 1.8330
#GCMRL#  463 dt  25.600000 rms  0.494  0.067% neg 0  invalid 762 tFOTS 0.0000 tGradient 1.4860 tsec 1.7900
#GCMRL#  464 dt  25.600000 rms  0.493  0.062% neg 0  invalid 762 tFOTS 0.0000 tGradient 1.4230 tsec 1.7200
setting smoothness cost coefficient to 0.400

#GCAMreg# pass 0 level1 2 level2 0 tsec 0 sigma 2
l_jacobian=1.00 l_label=1.00 l_log_likelihood=0.20 l_smoothness=0.40 
tol=2.50e-01, dt=5.00e-02, exp_k=20.0, momentum=0.90, levels=6, niter=500, lbl_dist=10.00, avgs=4, sigma=2.0,type=2, relabel=0, neg=yes

blurring input image with Gaussian with sigma=2.000...
GCAMRegisterLevel(): init RMS 0.500008
#FOTS# QuadFit found better minimum quadopt=(dt=1.008,rms=0.499779) vs oldopt=(dt=0.72,rms=0.499782)
#GCMRL#  466 dt   1.008000 rms  0.500  0.046% neg 0  invalid 762 tFOTS 4.6320 tGradient 1.3610 tsec 6.2980
#FOTS# QuadFit found better minimum quadopt=(dt=0.252,rms=0.499782) vs oldopt=(dt=0.18,rms=0.499782)

#GCAMreg# pass 0 level1 2 level2 1 tsec 22.183 sigma 0.5
l_jacobian=1.00 l_label=1.00 l_log_likelihood=0.20 l_smoothness=0.40 
tol=2.50e-01, dt=5.00e-02, exp_k=20.0, momentum=0.90, levels=6, niter=500, lbl_dist=10.00, avgs=4, sigma=0.5,type=2, relabel=0, neg=yes

blurring input image with Gaussian with sigma=0.500...
GCAMRegisterLevel(): init RMS 0.499973
#FOTS# QuadFit found better minimum quadopt=(dt=4.032,rms=0.499438) vs oldopt=(dt=2.88,rms=0.49948)
#GCMRL#  468 dt   4.032000 rms  0.499  0.107% neg 0  invalid 762 tFOTS 4.6910 tGradient 1.3750 tsec 6.3710
#FOTS# QuadFit found better minimum quadopt=(dt=4.032,rms=0.499223) vs oldopt=(dt=2.88,rms=0.499256)
#GCMRL#  469 dt   4.032000 rms  0.499  0.000% neg 0  invalid 762 tFOTS 4.6980 tGradient 1.3880 tsec 6.4160
#GCMRL#  470 dt   4.032000 rms  0.499  0.037% neg 0  invalid 762 tFOTS 0.0000 tGradient 1.3630 tsec 1.6630
#GCMRL#  471 dt   4.032000 rms  0.499  0.018% neg 0  invalid 762 tFOTS 0.0000 tGradient 1.4250 tsec 1.7220
setting smoothness cost coefficient to 1.000

#GCAMreg# pass 0 level1 1 level2 0 tsec 0 sigma 2
l_jacobian=1.00 l_label=1.00 l_log_likelihood=0.20 l_smoothness=1.00 
tol=2.50e-01, dt=5.00e-02, exp_k=20.0, momentum=0.90, levels=6, niter=500, lbl_dist=10.00, avgs=1, sigma=2.0,type=2, relabel=0, neg=yes

blurring input image with Gaussian with sigma=2.000...
GCAMRegisterLevel(): init RMS 0.50748
#GCMRL#  473 dt   0.000000 rms  0.507  0.038% neg 0  invalid 762 tFOTS 4.4890 tGradient 1.3490 tsec 6.1470

#GCAMreg# pass 0 level1 1 level2 1 tsec 21.735 sigma 0.5
l_jacobian=1.00 l_label=1.00 l_log_likelihood=0.20 l_smoothness=1.00 
tol=2.50e-01, dt=5.00e-02, exp_k=20.0, momentum=0.90, levels=6, niter=500, lbl_dist=10.00, avgs=1, sigma=0.5,type=2, relabel=0, neg=yes

blurring input image with Gaussian with sigma=0.500...
GCAMRegisterLevel(): init RMS 0.50748
#GCMRL#  475 dt   0.000000 rms  0.507  0.038% neg 0  invalid 762 tFOTS 4.4910 tGradient 1.2770 tsec 6.0690
resetting metric properties...
setting smoothness cost coefficient to 2.000

#GCAMreg# pass 0 level1 0 level2 0 tsec 0 sigma 2
l_jacobian=1.00 l_label=1.00 l_log_likelihood=0.20 l_smoothness=2.00 
tol=2.50e-01, dt=5.00e-02, exp_k=20.0, momentum=0.90, levels=6, niter=500, lbl_dist=10.00, avgs=0, sigma=2.0,type=2, relabel=0, neg=yes

blurring input image with Gaussian with sigma=2.000...
GCAMRegisterLevel(): init RMS 0.49351
#FOTS# QuadFit found better minimum quadopt=(dt=1.792,rms=0.468272) vs oldopt=(dt=1.28,rms=0.470628)
iter 0, gcam->neg = 670
after 13 iterations, nbhd size=1, neg = 0
#GCMRL#  477 dt   1.792000 rms  0.471  4.603% neg 0  invalid 762 tFOTS 4.7020 tGradient 0.8160 tsec 11.1440
#FOTS# QuadFit found better minimum quadopt=(dt=0.028,rms=0.470733) vs oldopt=(dt=0.02,rms=0.470738)
#GCMRL#  478 dt   0.028000 rms  0.471  0.000% neg 0  invalid 762 tFOTS 4.7170 tGradient 0.8150 tsec 5.8750

#GCAMreg# pass 0 level1 0 level2 1 tsec 27.711 sigma 0.5
l_jacobian=1.00 l_label=1.00 l_log_likelihood=0.20 l_smoothness=2.00 
tol=2.50e-01, dt=5.00e-02, exp_k=20.0, momentum=0.90, levels=6, niter=500, lbl_dist=10.00, avgs=0, sigma=0.5,type=2, relabel=0, neg=yes

blurring input image with Gaussian with sigma=0.500...
GCAMRegisterLevel(): init RMS 0.470977
#GCMRL#  480 dt   0.080000 rms  0.471  0.088% neg 0  invalid 762 tFOTS 4.7720 tGradient 0.8580 tsec 5.9350
#FOTS# QuadFit found better minimum quadopt=(dt=0.003,rms=0.470547) vs oldopt=(dt=0.005,rms=0.470547)
#GCMRL#  481 dt   0.003000 rms  0.471  0.000% neg 0  invalid 762 tFOTS 4.7160 tGradient 0.8510 tsec 5.9030
#GCMRL#  482 dt   0.003000 rms  0.471  0.000% neg 0  invalid 762 tFOTS 0.0000 tGradient 0.8630 tsec 1.1740
label assignment complete, 0 changed (0.00%)
GCAMregister done in 6.05757 min
Starting GCAMcomputeMaxPriorLabels()
Morphing with label term set to 0 *******************************
Starting GCAMregister()
label assignment complete, 0 changed (0.00%)
npasses = 1, nlevels = 6
#pass# 1 of 1 ************************
enabling zero nodes
setting smoothness cost coefficient to 0.008

#GCAMreg# pass 0 level1 5 level2 0 tsec 0 sigma 2
l_jacobian=1.00 l_log_likelihood=0.20 l_smoothness=0.01 
tol=2.50e-01, dt=5.00e-02, exp_k=20.0, momentum=0.90, levels=6, niter=500, lbl_dist=10.00, avgs=256, sigma=2.0,type=2, relabel=0, neg=yes

blurring input image with Gaussian with sigma=2.000...
GCAMRegisterLevel(): init RMS 0.459706

#GCAMreg# pass 0 level1 5 level2 1 tsec 15.76 sigma 0.5
l_jacobian=1.00 l_log_likelihood=0.20 l_smoothness=0.01 
tol=2.50e-01, dt=5.00e-02, exp_k=20.0, momentum=0.90, levels=6, niter=500, lbl_dist=10.00, avgs=256, sigma=0.5,type=2, relabel=0, neg=yes

blurring input image with Gaussian with sigma=0.500...
GCAMRegisterLevel(): init RMS 0.459706
setting smoothness cost coefficient to 0.031

#GCAMreg# pass 0 level1 4 level2 0 tsec 0 sigma 2
l_jacobian=1.00 l_log_likelihood=0.20 l_smoothness=0.03 
tol=2.50e-01, dt=5.00e-02, exp_k=20.0, momentum=0.90, levels=6, niter=500, lbl_dist=10.00, avgs=64, sigma=2.0,type=2, relabel=0, neg=yes

blurring input image with Gaussian with sigma=2.000...
GCAMRegisterLevel(): init RMS 0.459836

#GCAMreg# pass 0 level1 4 level2 1 tsec 15.21 sigma 0.5
l_jacobian=1.00 l_log_likelihood=0.20 l_smoothness=0.03 
tol=2.50e-01, dt=5.00e-02, exp_k=20.0, momentum=0.90, levels=6, niter=500, lbl_dist=10.00, avgs=64, sigma=0.5,type=2, relabel=0, neg=yes

blurring input image with Gaussian with sigma=0.500...
GCAMRegisterLevel(): init RMS 0.459836
#FOTS# QuadFit found better minimum quadopt=(dt=9.072,rms=0.459822) vs oldopt=(dt=6.48,rms=0.459824)
#GCMRL#  487 dt   9.072000 rms  0.460  0.003% neg 0  invalid 762 tFOTS 4.3740 tGradient 1.2230 tsec 5.9060
#FOTS# QuadFit found better minimum quadopt=(dt=5.184,rms=0.45982) vs oldopt=(dt=6.48,rms=0.45982)
#GCMRL#  488 dt   5.184000 rms  0.460  0.000% neg 0  invalid 762 tFOTS 4.3800 tGradient 1.1850 tsec 5.8870
setting smoothness cost coefficient to 0.118

#GCAMreg# pass 0 level1 3 level2 0 tsec 0 sigma 2
l_jacobian=1.00 l_log_likelihood=0.20 l_smoothness=0.12 
tol=2.50e-01, dt=5.00e-02, exp_k=20.0, momentum=0.90, levels=6, niter=500, lbl_dist=10.00, avgs=16, sigma=2.0,type=2, relabel=0, neg=yes

blurring input image with Gaussian with sigma=2.000...
GCAMRegisterLevel(): init RMS 0.460309
#FOTS# QuadFit found better minimum quadopt=(dt=4.8,rms=0.460166) vs oldopt=(dt=8,rms=0.460201)
#GCMRL#  490 dt   4.800000 rms  0.460  0.031% neg 0  invalid 762 tFOTS 4.4370 tGradient 1.0010 tsec 5.7450
#FOTS# QuadFit found better minimum quadopt=(dt=2.4,rms=0.460145) vs oldopt=(dt=2,rms=0.460145)
#GCMRL#  491 dt   2.400000 rms  0.460  0.000% neg 0  invalid 762 tFOTS 4.4330 tGradient 0.9860 tsec 5.7470

#GCAMreg# pass 0 level1 3 level2 1 tsec 22.295 sigma 0.5
l_jacobian=1.00 l_log_likelihood=0.20 l_smoothness=0.12 
tol=2.50e-01, dt=5.00e-02, exp_k=20.0, momentum=0.90, levels=6, niter=500, lbl_dist=10.00, avgs=16, sigma=0.5,type=2, relabel=0, neg=yes

blurring input image with Gaussian with sigma=0.500...
GCAMRegisterLevel(): init RMS 0.460145
#FOTS# QuadFit found better minimum quadopt=(dt=38.4,rms=0.458324) vs oldopt=(dt=32,rms=0.458351)
#GCMRL#  493 dt  38.400000 rms  0.458  0.396% neg 0  invalid 762 tFOTS 4.3460 tGradient 0.9970 tsec 5.6430
#GCMRL#  494 dt  32.000000 rms  0.457  0.000% neg 0  invalid 762 tFOTS 4.3540 tGradient 0.9840 tsec 5.6540
iter 0, gcam->neg = 4
after 1 iterations, nbhd size=0, neg = 0
#GCMRL#  495 dt  32.000000 rms  0.457  0.154% neg 0  invalid 762 tFOTS 0.0000 tGradient 1.0620 tsec 2.4250
iter 0, gcam->neg = 16
after 2 iterations, nbhd size=0, neg = 0
#GCMRL#  496 dt  32.000000 rms  0.456  0.188% neg 0  invalid 762 tFOTS 0.0000 tGradient 1.0480 tsec 2.7430
iter 0, gcam->neg = 22
after 12 iterations, nbhd size=1, neg = 0
#GCMRL#  497 dt  32.000000 rms  0.455  0.135% neg 0  invalid 762 tFOTS 0.0000 tGradient 1.0000 tsec 6.1980
iter 0, gcam->neg = 29
after 8 iterations, nbhd size=1, neg = 0
#GCMRL#  498 dt  32.000000 rms  0.454  0.170% neg 0  invalid 762 tFOTS 0.0000 tGradient 1.0180 tsec 4.8180
iter 0, gcam->neg = 28
after 10 iterations, nbhd size=1, neg = 0
#GCMRL#  499 dt  32.000000 rms  0.454  0.118% neg 0  invalid 762 tFOTS 0.0000 tGradient 1.0060 tsec 5.4940
iter 0, gcam->neg = 25
after 14 iterations, nbhd size=1, neg = 0
#GCMRL#  500 dt  32.000000 rms  0.454  0.063% neg 0  invalid 762 tFOTS 0.0000 tGradient 1.0330 tsec 6.9600
#FOTS# QuadFit found better minimum quadopt=(dt=25.6,rms=0.453128) vs oldopt=(dt=32,rms=0.453137)
iter 0, gcam->neg = 1
after 6 iterations, nbhd size=1, neg = 0
#GCMRL#  501 dt  25.600000 rms  0.453  0.079% neg 0  invalid 762 tFOTS 4.4160 tGradient 1.0590 tsec 8.5960
#FOTS# QuadFit found better minimum quadopt=(dt=11.2,rms=0.45307) vs oldopt=(dt=8,rms=0.453086)
iter 0, gcam->neg = 3
after 8 iterations, nbhd size=1, neg = 0
#GCMRL#  502 dt  11.200000 rms  0.453  0.000% neg 0  invalid 762 tFOTS 4.4320 tGradient 1.0290 tsec 9.2780
#GCMRL#  503 dt  11.200000 rms  0.453  0.015% neg 0  invalid 762 tFOTS 0.0000 tGradient 1.0260 tsec 1.3140
#GCMRL#  504 dt  11.200000 rms  0.453  0.026% neg 0  invalid 762 tFOTS 0.0000 tGradient 0.9950 tsec 1.2800
#GCMRL#  505 dt  11.200000 rms  0.453  0.033% neg 0  invalid 762 tFOTS 0.0000 tGradient 1.0400 tsec 1.3310
#GCMRL#  506 dt  11.200000 rms  0.453  0.036% neg 0  invalid 762 tFOTS 0.0000 tGradient 0.9910 tsec 1.2780
iter 0, gcam->neg = 3
after 7 iterations, nbhd size=1, neg = 0
#GCMRL#  507 dt  11.200000 rms  0.452  0.029% neg 0  invalid 762 tFOTS 0.0000 tGradient 1.0020 tsec 4.4680
iter 0, gcam->neg = 5
after 1 iterations, nbhd size=0, neg = 0
#GCMRL#  508 dt  11.200000 rms  0.452  0.030% neg 0  invalid 762 tFOTS 0.0000 tGradient 1.0080 tsec 2.3890
iter 0, gcam->neg = 1
after 6 iterations, nbhd size=1, neg = 0
setting smoothness cost coefficient to 0.400

#GCAMreg# pass 0 level1 2 level2 0 tsec 0 sigma 2
l_jacobian=1.00 l_log_likelihood=0.20 l_smoothness=0.40 
tol=2.50e-01, dt=5.00e-02, exp_k=20.0, momentum=0.90, levels=6, niter=500, lbl_dist=10.00, avgs=4, sigma=2.0,type=2, relabel=0, neg=yes

blurring input image with Gaussian with sigma=2.000...
GCAMRegisterLevel(): init RMS 0.456154
#FOTS# QuadFit found better minimum quadopt=(dt=1.5,rms=0.456104) vs oldopt=(dt=0.72,rms=0.456113)
iter 0, gcam->neg = 2
after 1 iterations, nbhd size=0, neg = 0
#GCMRL#  510 dt   1.500000 rms  0.456  0.007% neg 0  invalid 762 tFOTS 4.4350 tGradient 0.9410 tsec 6.7530
#GCMRL#  511 dt   0.000113 rms  0.456  0.000% neg 0  invalid 762 tFOTS 5.7000 tGradient 0.9280 tsec 6.9340

#GCAMreg# pass 0 level1 2 level2 1 tsec 24.451 sigma 0.5
l_jacobian=1.00 l_log_likelihood=0.20 l_smoothness=0.40 
tol=2.50e-01, dt=5.00e-02, exp_k=20.0, momentum=0.90, levels=6, niter=500, lbl_dist=10.00, avgs=4, sigma=0.5,type=2, relabel=0, neg=yes

blurring input image with Gaussian with sigma=0.500...
GCAMRegisterLevel(): init RMS 0.456124
#FOTS# QuadFit found better minimum quadopt=(dt=14.1714,rms=0.454898) vs oldopt=(dt=11.52,rms=0.454939)
iter 0, gcam->neg = 5
after 0 iterations, nbhd size=0, neg = 0
#GCMRL#  513 dt  14.171429 rms  0.455  0.267% neg 0  invalid 762 tFOTS 4.2630 tGradient 0.9590 tsec 6.2490
#FOTS# QuadFit found better minimum quadopt=(dt=22.3256,rms=0.453651) vs oldopt=(dt=11.52,rms=0.453937)
iter 0, gcam->neg = 15
after 13 iterations, nbhd size=1, neg = 0
#GCMRL#  514 dt  22.325581 rms  0.454  0.000% neg 0  invalid 762 tFOTS 4.3430 tGradient 0.9340 tsec 10.8370
iter 0, gcam->neg = 6
after 2 iterations, nbhd size=0, neg = 0
setting smoothness cost coefficient to 1.000

#GCAMreg# pass 0 level1 1 level2 0 tsec 0 sigma 2
l_jacobian=1.00 l_log_likelihood=0.20 l_smoothness=1.00 
tol=2.50e-01, dt=5.00e-02, exp_k=20.0, momentum=0.90, levels=6, niter=500, lbl_dist=10.00, avgs=1, sigma=2.0,type=2, relabel=0, neg=yes

blurring input image with Gaussian with sigma=2.000...
GCAMRegisterLevel(): init RMS 0.459492
#GCMRL#  516 dt   0.000050 rms  0.459  0.000% neg 0  invalid 762 tFOTS 5.4200 tGradient 0.7870 tsec 6.5000

#GCAMreg# pass 0 level1 1 level2 1 tsec 21.101 sigma 0.5
l_jacobian=1.00 l_log_likelihood=0.20 l_smoothness=1.00 
tol=2.50e-01, dt=5.00e-02, exp_k=20.0, momentum=0.90, levels=6, niter=500, lbl_dist=10.00, avgs=1, sigma=0.5,type=2, relabel=0, neg=yes

blurring input image with Gaussian with sigma=0.500...
GCAMRegisterLevel(): init RMS 0.459492
resetting metric properties...
setting smoothness cost coefficient to 2.000

#GCAMreg# pass 0 level1 0 level2 0 tsec 0 sigma 2
l_jacobian=1.00 l_log_likelihood=0.20 l_smoothness=2.00 
tol=2.50e-01, dt=5.00e-02, exp_k=20.0, momentum=0.90, levels=6, niter=500, lbl_dist=10.00, avgs=0, sigma=2.0,type=2, relabel=0, neg=yes

blurring input image with Gaussian with sigma=2.000...
GCAMRegisterLevel(): init RMS 0.450001
#FOTS# QuadFit found better minimum quadopt=(dt=0.965141,rms=0.443316) vs oldopt=(dt=1.28,rms=0.444069)
iter 0, gcam->neg = 231
after 16 iterations, nbhd size=1, neg = 0
#GCMRL#  519 dt   0.965141 rms  0.445  1.202% neg 0  invalid 762 tFOTS 4.3370 tGradient 0.3670 tsec 11.2310
#FOTS# QuadFit found better minimum quadopt=(dt=0.064,rms=0.444548) vs oldopt=(dt=0.08,rms=0.444554)
#GCMRL#  520 dt   0.064000 rms  0.445  0.000% neg 0  invalid 762 tFOTS 4.2340 tGradient 0.3360 tsec 4.8800
#GCMRL#  521 dt   0.064000 rms  0.445  0.001% neg 0  invalid 762 tFOTS 0.0000 tGradient 0.3430 tsec 0.6250

#GCAMreg# pass 0 level1 0 level2 1 tsec 26.901 sigma 0.5
l_jacobian=1.00 l_log_likelihood=0.20 l_smoothness=2.00 
tol=2.50e-01, dt=5.00e-02, exp_k=20.0, momentum=0.90, levels=6, niter=500, lbl_dist=10.00, avgs=0, sigma=0.5,type=2, relabel=0, neg=yes

blurring input image with Gaussian with sigma=0.500...
GCAMRegisterLevel(): init RMS 0.444542
#FOTS# QuadFit found better minimum quadopt=(dt=0.384,rms=0.44305) vs oldopt=(dt=0.32,rms=0.443112)
#GCMRL#  523 dt   0.384000 rms  0.443  0.336% neg 0  invalid 762 tFOTS 4.3100 tGradient 0.3640 tsec 4.9660
#FOTS# QuadFit found better minimum quadopt=(dt=0.625,rms=0.44063) vs oldopt=(dt=0.32,rms=0.441442)
iter 0, gcam->neg = 40
after 11 iterations, nbhd size=1, neg = 0
#GCMRL#  524 dt   0.625000 rms  0.441  0.449% neg 0  invalid 762 tFOTS 4.3320 tGradient 0.3350 tsec 9.4800
#FOTS# QuadFit found better minimum quadopt=(dt=0.256,rms=0.440674) vs oldopt=(dt=0.32,rms=0.440686)
#GCMRL#  525 dt   0.256000 rms  0.441  0.000% neg 0  invalid 762 tFOTS 4.4470 tGradient 0.3450 tsec 5.1110
#GCMRL#  526 dt   0.256000 rms  0.440  0.065% neg 0  invalid 762 tFOTS 0.0000 tGradient 0.3330 tsec 0.6240
iter 0, gcam->neg = 1
after 0 iterations, nbhd size=0, neg = 0
#GCMRL#  527 dt   0.256000 rms  0.440  0.101% neg 0  invalid 762 tFOTS 0.0000 tGradient 0.3400 tsec 1.3670
#GCMRL#  528 dt   0.256000 rms  0.439  0.107% neg 0  invalid 762 tFOTS 0.0000 tGradient 0.3310 tsec 0.6130
iter 0, gcam->neg = 3
after 1 iterations, nbhd size=0, neg = 0
#GCMRL#  529 dt   0.256000 rms  0.439  0.069% neg 0  invalid 762 tFOTS 0.0000 tGradient 0.3310 tsec 1.6790
iter 0, gcam->neg = 5
after 1 iterations, nbhd size=0, neg = 0
#GCMRL#  530 dt   0.256000 rms  0.439  0.028% neg 0  invalid 762 tFOTS 0.0000 tGradient 0.3400 tsec 1.7300
#FOTS# QuadFit found better minimum quadopt=(dt=0.192,rms=0.43898) vs oldopt=(dt=0.32,rms=0.438996)
GCAMregister done in 4.70935 min
writing output transformation to transforms/talairach.m3z...
GCAMwrite
Calls to gcamLogLikelihoodEnergy 3781 tmin = 1.62683
Calls to gcamLabelEnergy         3226 tmin = 0.96105
Calls to gcamJacobianEnergy      3781 tmin = 0.673567
Calls to gcamSmoothnessEnergy    3781 tmin = 4.5952
Calls to gcamLogLikelihoodTerm 532 tmin = 0.66965
Calls to gcamLabelTerm         484 tmin = 4.74225
Calls to gcamJacobianTerm      532 tmin = 0.93705
Calls to gcamSmoothnessTerm    532 tmin = 0.407083
Calls to gcamComputeGradient    532 tmin = 17.2873
Calls to gcamComputeMetricProperties    5344 tmin = 1.86397
mri_ca_register took 0 hours, 42 minutes and 4 seconds.
#VMPC# mri_ca_register VmPeak  3122924
FSRUNTIME@ mri_ca_register  0.7010 hours 16 threads
#--------------------------------------
#@# SubCort Seg Tue Mar 10 07:45:40 CET 2026

 mri_ca_label -relabel_unlikely 9 .3 -prior 0.5 -align norm.mgz transforms/talairach.m3z /opt/freesurfer/average/RB_all_2020-01-02.gca aseg.auto_noCCseg.mgz 

sysname  Linux
hostname dna063
machine  x86_64

setenv SUBJECTS_DIR /out/sourcedata/freesurfer
cd /out/sourcedata/freesurfer/sub-v1s8x0051332_ses-1/mri
mri_ca_label -relabel_unlikely 9 .3 -prior 0.5 -align norm.mgz transforms/talairach.m3z /opt/freesurfer/average/RB_all_2020-01-02.gca aseg.auto_noCCseg.mgz 

relabeling unlikely voxels with window_size = 9 and prior threshold 0.30
using Gibbs prior factor = 0.500
renormalizing sequences with structure alignment, equivalent to:
	-renormalize
	-renormalize_mean 0.500
	-regularize 0.500

== Number of threads available to for OpenMP = 16 == 
reading 1 input volumes
reading classifier array from /opt/freesurfer/average/RB_all_2020-01-02.gca
reading input volume from norm.mgz
average std[0] = 7.2
reading transform from transforms/talairach.m3z
setting orig areas to linear transform determinant scaled 9.12
Atlas used for the 3D morph was /opt/freesurfer/average/RB_all_2020-01-02.gca
average std = 7.2   using min determinant for regularization = 5.2
0 singular and 0 ill-conditioned covariance matrices regularized
labeling volume...
renormalizing by structure alignment....
renormalizing input #0
gca peak = 0.15521 (20)
mri peak = 0.28699 (36)
Left_Lateral_Ventricle (4): linear fit = 1.74 x + 0.0 (2622 voxels, overlap=0.025)
Left_Lateral_Ventricle (4): linear fit = 1.50 x + 0.0 (2622 voxels, peak = 35), gca=30.0
gca peak = 0.20380 (13)
mri peak = 0.21623 (36)
Right_Lateral_Ventricle (43): linear fit = 2.69 x + 0.0 (1777 voxels, overlap=0.008)
Right_Lateral_Ventricle (43): linear fit = 1.50 x + 0.0 (1777 voxels, peak = 35), gca=19.5
gca peak = 0.26283 (96)
mri peak = 0.27210 (100)
Right_Pallidum (52): linear fit = 1.05 x + 0.0 (1003 voxels, overlap=0.126)
Right_Pallidum (52): linear fit = 1.05 x + 0.0 (1003 voxels, peak = 101), gca=101.3
gca peak = 0.15814 (97)
mri peak = 0.24277 (101)
Left_Pallidum (13): linear fit = 1.05 x + 0.0 (801 voxels, overlap=0.204)
Left_Pallidum (13): linear fit = 1.05 x + 0.0 (801 voxels, peak = 102), gca=102.3
gca peak = 0.27624 (56)
mri peak = 0.12981 (77)
Right_Hippocampus (53): linear fit = 1.38 x + 0.0 (1402 voxels, overlap=0.017)
Right_Hippocampus (53): linear fit = 1.38 x + 0.0 (1402 voxels, peak = 77), gca=77.0
gca peak = 0.28723 (59)
mri peak = 0.12530 (78)
Left_Hippocampus (17): linear fit = 1.35 x + 0.0 (1290 voxels, overlap=0.017)
Left_Hippocampus (17): linear fit = 1.35 x + 0.0 (1290 voxels, peak = 79), gca=79.4
gca peak = 0.07623 (103)
mri peak = 0.19482 (106)
Right_Cerebral_White_Matter (41): linear fit = 1.01 x + 0.0 (75395 voxels, overlap=0.516)
Right_Cerebral_White_Matter (41): linear fit = 1.01 x + 0.0 (75395 voxels, peak = 105), gca=104.5
gca peak = 0.07837 (105)
mri peak = 0.15374 (105)
Left_Cerebral_White_Matter (2): linear fit = 1.00 x + 0.0 (93120 voxels, overlap=0.525)
Left_Cerebral_White_Matter (2): linear fit = 1.00 x + 0.0 (93120 voxels, peak = 106), gca=105.5
gca peak = 0.10165 (58)
mri peak = 0.05884 (84)
Left_Cerebral_Cortex (3): linear fit = 1.47 x + 0.0 (53099 voxels, overlap=0.000)
Left_Cerebral_Cortex (3): linear fit = 1.47 x + 0.0 (53099 voxels, peak = 85), gca=85.0
gca peak = 0.11113 (58)
mri peak = 0.06516 (87)
Right_Cerebral_Cortex (42): linear fit = 1.47 x + 0.0 (56915 voxels, overlap=0.000)
Right_Cerebral_Cortex (42): linear fit = 1.47 x + 0.0 (56915 voxels, peak = 85), gca=85.0
gca peak = 0.27796 (67)
mri peak = 0.19013 (91)
Right_Caudate (50): linear fit = 1.35 x + 0.0 (1357 voxels, overlap=0.015)
Right_Caudate (50): linear fit = 1.35 x + 0.0 (1357 voxels, peak = 90), gca=90.1
gca peak = 0.14473 (69)
mri peak = 0.23005 (87)
Left_Caudate (11): linear fit = 1.23 x + 0.0 (1504 voxels, overlap=0.016)
Left_Caudate (11): linear fit = 1.23 x + 0.0 (1504 voxels, peak = 85), gca=84.5
gca peak = 0.14301 (56)
mri peak = 0.07417 (81)
Left_Cerebellum_Cortex (8): linear fit = 1.46 x + 0.0 (32710 voxels, overlap=0.001)
Left_Cerebellum_Cortex (8): linear fit = 1.46 x + 0.0 (32710 voxels, peak = 81), gca=81.5
gca peak = 0.14610 (55)
mri peak = 0.07184 (79)
Right_Cerebellum_Cortex (47): linear fit = 1.38 x + 0.0 (38610 voxels, overlap=0.001)
Right_Cerebellum_Cortex (47): linear fit = 1.38 x + 0.0 (38610 voxels, peak = 76), gca=75.6
gca peak = 0.16309 (85)
mri peak = 0.14881 (88)
Left_Cerebellum_White_Matter (7): linear fit = 1.07 x + 0.0 (13955 voxels, overlap=0.426)
Left_Cerebellum_White_Matter (7): linear fit = 1.07 x + 0.0 (13955 voxels, peak = 91), gca=90.5
gca peak = 0.15172 (84)
mri peak = 0.20091 (88)
Right_Cerebellum_White_Matter (46): linear fit = 1.03 x + 0.0 (8820 voxels, overlap=0.588)
Right_Cerebellum_White_Matter (46): linear fit = 1.03 x + 0.0 (8820 voxels, peak = 87), gca=86.9
gca peak = 0.30461 (58)
mri peak = 0.20122 (80)
Left_Amygdala (18): linear fit = 1.36 x + 0.0 (657 voxels, overlap=0.036)
Left_Amygdala (18): linear fit = 1.36 x + 0.0 (657 voxels, peak = 79), gca=78.6
gca peak = 0.32293 (57)
mri peak = 0.15054 (77)
Right_Amygdala (54): linear fit = 1.35 x + 0.0 (882 voxels, overlap=0.032)
Right_Amygdala (54): linear fit = 1.35 x + 0.0 (882 voxels, peak = 77), gca=76.7
gca peak = 0.11083 (90)
mri peak = 0.12969 (96)
Left_Thalamus (10): linear fit = 1.09 x + 0.0 (7399 voxels, overlap=0.559)
Left_Thalamus (10): linear fit = 1.09 x + 0.0 (7399 voxels, peak = 98), gca=97.7
gca peak = 0.11393 (83)
mri peak = 0.10089 (96)
Right_Thalamus (49): linear fit = 1.12 x + 0.0 (7282 voxels, overlap=0.268)
Right_Thalamus (49): linear fit = 1.12 x + 0.0 (7282 voxels, peak = 93), gca=92.5
gca peak = 0.08575 (81)
mri peak = 0.13747 (97)
Left_Putamen (12): linear fit = 1.22 x + 0.0 (2485 voxels, overlap=0.012)
Left_Putamen (12): linear fit = 1.22 x + 0.0 (2485 voxels, peak = 98), gca=98.4
gca peak = 0.08618 (78)
mri peak = 0.15924 (93)
Right_Putamen (51): linear fit = 1.21 x + 0.0 (2579 voxels, overlap=0.011)
Right_Putamen (51): linear fit = 1.21 x + 0.0 (2579 voxels, peak = 94), gca=94.0
gca peak = 0.08005 (78)
mri peak = 0.09934 (90)
Brain_Stem (16): linear fit = 1.10 x + 0.0 (15579 voxels, overlap=0.492)
Brain_Stem (16): linear fit = 1.10 x + 0.0 (15579 voxels, peak = 85), gca=85.4
gca peak = 0.12854 (88)
mri peak = 0.13370 (95)
Right_VentralDC (60): linear fit = 1.10 x + 0.0 (1988 voxels, overlap=0.123)
Right_VentralDC (60): linear fit = 1.10 x + 0.0 (1988 voxels, peak = 96), gca=96.4
gca peak = 0.15703 (87)
mri peak = 0.16642 (97)
Left_VentralDC (28): linear fit = 1.11 x + 0.0 (2004 voxels, overlap=0.082)
Left_VentralDC (28): linear fit = 1.11 x + 0.0 (2004 voxels, peak = 96), gca=96.1
gca peak = 0.17522 (25)
mri peak = 0.17857 (34)
gca peak = 0.17113 (14)
mri peak = 0.17344 (34)
Fourth_Ventricle (15): linear fit = 2.07 x + 0.0 (375 voxels, overlap=0.075)
Fourth_Ventricle (15): linear fit = 2.07 x + 0.0 (375 voxels, peak = 29), gca=28.9
gca peak Unknown = 0.94777 ( 0)
gca peak Left_Inf_Lat_Vent = 0.16627 (28)
gca peak Third_Ventricle = 0.17522 (25)
gca peak Fourth_Ventricle = 0.17113 (14)
gca peak CSF = 0.20346 (36)
gca peak Left_Accumbens_area = 0.70646 (62)
gca peak Left_undetermined = 1.00000 (28)
gca peak Left_vessel = 0.89917 (53)
gca peak Left_choroid_plexus = 0.11689 (35)
gca peak Right_Inf_Lat_Vent = 0.25504 (23)
gca peak Right_Accumbens_area = 0.31650 (65)
gca peak Right_vessel = 0.77268 (52)
gca peak Right_choroid_plexus = 0.13275 (38)
gca peak Fifth_Ventricle = 0.60973 (33)
gca peak WM_hypointensities = 0.11013 (77)
gca peak non_WM_hypointensities = 0.11354 (41)
gca peak Optic_Chiasm = 0.51646 (76)
not using caudate to estimate GM means
estimating mean gm scale to be 1.39 x + 0.0
estimating mean wm scale to be 1.01 x + 0.0
estimating mean csf scale to be 1.50 x + 0.0
Left_Putamen too bright - rescaling by 0.961 (from 1.215) to 94.5 (was 98.4)
Left_Pallidum too bright - rescaling by 0.996 (from 1.055) to 101.9 (was 102.3)
saving intensity scales to aseg.auto_noCCseg.label_intensities.txt
renormalizing by structure alignment....
renormalizing input #0
gca peak = 0.14064 (28)
mri peak = 0.28699 (36)
Left_Lateral_Ventricle (4): linear fit = 1.26 x + 0.0 (2622 voxels, overlap=0.381)
Left_Lateral_Ventricle (4): linear fit = 1.26 x + 0.0 (2622 voxels, peak = 35), gca=35.4
gca peak = 0.16931 (19)
mri peak = 0.21623 (36)
Right_Lateral_Ventricle (43): linear fit = 1.83 x + 0.0 (1777 voxels, overlap=0.184)
Right_Lateral_Ventricle (43): linear fit = 1.50 x + 0.0 (1777 voxels, peak = 35), gca=28.5
gca peak = 0.20914 (101)
mri peak = 0.27210 (100)
Right_Pallidum (52): linear fit = 1.00 x + 0.0 (1003 voxels, overlap=0.994)
Right_Pallidum (52): linear fit = 1.00 x + 0.0 (1003 voxels, peak = 100), gca=100.5
gca peak = 0.15484 (99)
mri peak = 0.24277 (101)
Left_Pallidum (13): linear fit = 1.00 x + 0.0 (801 voxels, overlap=0.804)
Left_Pallidum (13): linear fit = 1.00 x + 0.0 (801 voxels, peak = 99), gca=98.5
gca peak = 0.22107 (76)
mri peak = 0.12981 (77)
Right_Hippocampus (53): linear fit = 1.00 x + 0.0 (1402 voxels, overlap=0.959)
Right_Hippocampus (53): linear fit = 1.00 x + 0.0 (1402 voxels, peak = 76), gca=76.0
gca peak = 0.30046 (76)
mri peak = 0.12530 (78)
Left_Hippocampus (17): linear fit = 1.01 x + 0.0 (1290 voxels, overlap=1.000)
Left_Hippocampus (17): linear fit = 1.01 x + 0.0 (1290 voxels, peak = 77), gca=77.1
gca peak = 0.07890 (105)
mri peak = 0.19482 (106)
Right_Cerebral_White_Matter (41): linear fit = 1.00 x + 0.0 (75395 voxels, overlap=0.582)
Right_Cerebral_White_Matter (41): linear fit = 1.00 x + 0.0 (75395 voxels, peak = 105), gca=105.0
gca peak = 0.07990 (105)
mri peak = 0.15374 (105)
Left_Cerebral_White_Matter (2): linear fit = 1.00 x + 0.0 (93120 voxels, overlap=0.548)
Left_Cerebral_White_Matter (2): linear fit = 1.00 x + 0.0 (93120 voxels, peak = 105), gca=105.0
gca peak = 0.06806 (85)
mri peak = 0.05884 (84)
Left_Cerebral_Cortex (3): linear fit = 1.00 x + 0.0 (53099 voxels, overlap=0.927)
Left_Cerebral_Cortex (3): linear fit = 1.00 x + 0.0 (53099 voxels, peak = 85), gca=85.0
gca peak = 0.07862 (85)
mri peak = 0.06516 (87)
Right_Cerebral_Cortex (42): linear fit = 0.99 x + 0.0 (56915 voxels, overlap=0.894)
Right_Cerebral_Cortex (42): linear fit = 0.99 x + 0.0 (56915 voxels, peak = 84), gca=83.7
gca peak = 0.20810 (89)
mri peak = 0.19013 (91)
Right_Caudate (50): linear fit = 1.00 x + 0.0 (1357 voxels, overlap=0.991)
Right_Caudate (50): linear fit = 1.00 x + 0.0 (1357 voxels, peak = 89), gca=89.0
gca peak = 0.13950 (95)
mri peak = 0.23005 (87)
Left_Caudate (11): linear fit = 1.01 x + 0.0 (1504 voxels, overlap=0.619)
Left_Caudate (11): linear fit = 1.01 x + 0.0 (1504 voxels, peak = 96), gca=96.4
gca peak = 0.10022 (82)
mri peak = 0.07417 (81)
Left_Cerebellum_Cortex (8): linear fit = 1.01 x + 0.0 (32710 voxels, overlap=0.909)
Left_Cerebellum_Cortex (8): linear fit = 1.01 x + 0.0 (32710 voxels, peak = 83), gca=83.2
gca peak = 0.11636 (76)
mri peak = 0.07184 (79)
Right_Cerebellum_Cortex (47): linear fit = 1.00 x + 0.0 (38610 voxels, overlap=0.925)
Right_Cerebellum_Cortex (47): linear fit = 1.00 x + 0.0 (38610 voxels, peak = 76), gca=76.0
gca peak = 0.15312 (90)
mri peak = 0.14881 (88)
Left_Cerebellum_White_Matter (7): linear fit = 1.00 x + 0.0 (13955 voxels, overlap=0.892)
Left_Cerebellum_White_Matter (7): linear fit = 1.00 x + 0.0 (13955 voxels, peak = 90), gca=89.6
gca peak = 0.14301 (87)
mri peak = 0.20091 (88)
Right_Cerebellum_White_Matter (46): linear fit = 1.00 x + 0.0 (8820 voxels, overlap=0.814)
Right_Cerebellum_White_Matter (46): linear fit = 1.00 x + 0.0 (8820 voxels, peak = 87), gca=87.0
gca peak = 0.27872 (77)
mri peak = 0.20122 (80)
Left_Amygdala (18): linear fit = 1.02 x + 0.0 (657 voxels, overlap=0.975)
Left_Amygdala (18): linear fit = 1.02 x + 0.0 (657 voxels, peak = 79), gca=78.9
gca peak = 0.23130 (77)
mri peak = 0.15054 (77)
Right_Amygdala (54): linear fit = 1.00 x + 0.0 (882 voxels, overlap=0.986)
Right_Amygdala (54): linear fit = 1.00 x + 0.0 (882 voxels, peak = 77), gca=77.0
gca peak = 0.10812 (96)
mri peak = 0.12969 (96)
Left_Thalamus (10): linear fit = 0.99 x + 0.0 (7399 voxels, overlap=0.893)
Left_Thalamus (10): linear fit = 0.99 x + 0.0 (7399 voxels, peak = 95), gca=94.6
gca peak = 0.10082 (90)
mri peak = 0.10089 (96)
Right_Thalamus (49): linear fit = 1.00 x + 0.0 (7282 voxels, overlap=0.886)
Right_Thalamus (49): linear fit = 1.00 x + 0.0 (7282 voxels, peak = 90), gca=90.4
gca peak = 0.07555 (94)
mri peak = 0.13747 (97)
Left_Putamen (12): linear fit = 1.04 x + 0.0 (2485 voxels, overlap=0.483)
Left_Putamen (12): linear fit = 1.04 x + 0.0 (2485 voxels, peak = 98), gca=98.2
gca peak = 0.07859 (98)
mri peak = 0.15924 (93)
Right_Putamen (51): linear fit = 1.00 x + 0.0 (2579 voxels, overlap=0.666)
Right_Putamen (51): linear fit = 1.00 x + 0.0 (2579 voxels, peak = 98), gca=98.5
gca peak = 0.08366 (86)
mri peak = 0.09934 (90)
Brain_Stem (16): linear fit = 1.01 x + 0.0 (15579 voxels, overlap=0.813)
Brain_Stem (16): linear fit = 1.01 x + 0.0 (15579 voxels, peak = 87), gca=87.3
gca peak = 0.10810 (98)
mri peak = 0.13370 (95)
Right_VentralDC (60): linear fit = 1.00 x + 0.0 (1988 voxels, overlap=0.767)
Right_VentralDC (60): linear fit = 1.00 x + 0.0 (1988 voxels, peak = 98), gca=98.5
gca peak = 0.16098 (96)
mri peak = 0.16642 (97)
Left_VentralDC (28): linear fit = 1.00 x + 0.0 (2004 voxels, overlap=0.787)
Left_VentralDC (28): linear fit = 1.00 x + 0.0 (2004 voxels, peak = 96), gca=96.0
gca peak = 0.17159 (38)
mri peak = 0.17857 (34)
gca peak = 0.15149 (22)
mri peak = 0.17344 (34)
Fourth_Ventricle (15): linear fit = 1.39 x + 0.0 (375 voxels, overlap=0.149)
Fourth_Ventricle (15): linear fit = 1.39 x + 0.0 (375 voxels, peak = 31), gca=30.7
gca peak Unknown = 0.94777 ( 0)
gca peak Left_Inf_Lat_Vent = 0.15275 (37)
gca peak Third_Ventricle = 0.17159 (38)
gca peak CSF = 0.13119 (54)
gca peak Left_Accumbens_area = 0.51710 (77)
gca peak Left_undetermined = 0.98480 (34)
gca peak Left_vessel = 0.63642 (53)
gca peak Left_choroid_plexus = 0.11039 (35)
gca peak Right_Inf_Lat_Vent = 0.25066 (32)
gca peak Right_Accumbens_area = 0.27851 (87)
gca peak Right_vessel = 0.77268 (52)
gca peak Right_choroid_plexus = 0.13879 (38)
gca peak Fifth_Ventricle = 0.59466 (47)
gca peak WM_hypointensities = 0.10539 (77)
gca peak non_WM_hypointensities = 0.14199 (41)
gca peak Optic_Chiasm = 0.51650 (76)
not using caudate to estimate GM means
estimating mean gm scale to be 1.00 x + 0.0
estimating mean wm scale to be 1.00 x + 0.0
estimating mean csf scale to be 1.39 x + 0.0
Left_Putamen too bright - rescaling by 0.962 (from 1.045) to 94.5 (was 98.2)
Right_Putamen too bright - rescaling by 0.959 (from 1.005) to 94.5 (was 98.5)
saving intensity scales to aseg.auto_noCCseg.label_intensities.txt
saving sequentially combined intensity scales to aseg.auto_noCCseg.label_intensities.txt
72628 voxels changed in iteration 0 of unlikely voxel relabeling
193 voxels changed in iteration 1 of unlikely voxel relabeling
1 voxels changed in iteration 2 of unlikely voxel relabeling
0 voxels changed in iteration 3 of unlikely voxel relabeling
163435 gm and wm labels changed (%39 to gray, %61 to white out of all changed labels)
550 hippocampal voxels changed.
0 amygdala voxels changed.
Reclassifying using Gibbs Priors
pass 1: 98738 changed. image ll: -2.155, PF=0.500
pass 2: 31551 changed. image ll: -2.152, PF=0.500
pass 3: 11748 changed.
pass 4: 4912 changed.
115649 voxels changed in iteration 0 of unlikely voxel relabeling
505 voxels changed in iteration 1 of unlikely voxel relabeling
27 voxels changed in iteration 2 of unlikely voxel relabeling
1 voxels changed in iteration 3 of unlikely voxel relabeling
0 voxels changed in iteration 4 of unlikely voxel relabeling
5825 voxels changed in iteration 0 of unlikely voxel relabeling
83 voxels changed in iteration 1 of unlikely voxel relabeling
0 voxels changed in iteration 2 of unlikely voxel relabeling
5391 voxels changed in iteration 0 of unlikely voxel relabeling
92 voxels changed in iteration 1 of unlikely voxel relabeling
29 voxels changed in iteration 2 of unlikely voxel relabeling
0 voxels changed in iteration 3 of unlikely voxel relabeling
6064 voxels changed in iteration 0 of unlikely voxel relabeling
81 voxels changed in iteration 1 of unlikely voxel relabeling
3 voxels changed in iteration 2 of unlikely voxel relabeling
0 voxels changed in iteration 3 of unlikely voxel relabeling
 !!!!!!!!! ventricle segment 2 with volume 10026 above threshold 100 - not erasing !!!!!!!!!!
 !!!!!!!!! ventricle segment 1 with volume 8460 above threshold 100 - not erasing !!!!!!!!!!
 !!!!!!!!! ventricle segment 3 with volume 389 above threshold 100 - not erasing !!!!!!!!!!
writing labeled volume to aseg.auto_noCCseg.mgz
mri_ca_label utimesec    3122.051356
mri_ca_label stimesec    4.822114
mri_ca_label ru_maxrss   2185948
mri_ca_label ru_ixrss    0
mri_ca_label ru_idrss    0
mri_ca_label ru_isrss    0
mri_ca_label ru_minflt   7523361
mri_ca_label ru_majflt   8
mri_ca_label ru_nswap    0
mri_ca_label ru_inblock  1142
mri_ca_label ru_oublock  728
mri_ca_label ru_msgsnd   0
mri_ca_label ru_msgrcv   0
mri_ca_label ru_nsignals 0
mri_ca_label ru_nvcsw    1447
mri_ca_label ru_nivcsw   4584
auto-labeling took 51 minutes and 4 seconds.
#--------------------------------------
#@# CC Seg Tue Mar 10 08:36:45 CET 2026

 mri_cc -aseg aseg.auto_noCCseg.mgz -o aseg.auto.mgz -lta /out/sourcedata/freesurfer/sub-v1s8x0051332_ses-1/mri/transforms/cc_up.lta sub-v1s8x0051332_ses-1 

will read input aseg from aseg.auto_noCCseg.mgz
writing aseg with cc labels to aseg.auto.mgz
will write lta as /out/sourcedata/freesurfer/sub-v1s8x0051332_ses-1/mri/transforms/cc_up.lta
reading aseg from /out/sourcedata/freesurfer/sub-v1s8x0051332_ses-1/mri/aseg.auto_noCCseg.mgz
reading norm from /out/sourcedata/freesurfer/sub-v1s8x0051332_ses-1/mri/norm.mgz
56307 voxels in left wm, 48782 in right wm, xrange [126, 134]
searching rotation angles z=[-8  6], y=[-7  7]
searching scale 1 Z rot -8.4  searching scale 1 Z rot -8.1  searching scale 1 Z rot -7.9  searching scale 1 Z rot -7.6  searching scale 1 Z rot -7.4  searching scale 1 Z rot -7.1  searching scale 1 Z rot -6.9  searching scale 1 Z rot -6.6  searching scale 1 Z rot -6.4  searching scale 1 Z rot -6.1  searching scale 1 Z rot -5.9  searching scale 1 Z rot -5.6  searching scale 1 Z rot -5.4  searching scale 1 Z rot -5.1  searching scale 1 Z rot -4.9  searching scale 1 Z rot -4.6  searching scale 1 Z rot -4.4  searching scale 1 Z rot -4.1  searching scale 1 Z rot -3.9  searching scale 1 Z rot -3.6  searching scale 1 Z rot -3.4  searching scale 1 Z rot -3.1  searching scale 1 Z rot -2.9  searching scale 1 Z rot -2.6  searching scale 1 Z rot -2.4  searching scale 1 Z rot -2.1  searching scale 1 Z rot -1.9  searching scale 1 Z rot -1.6  searching scale 1 Z rot -1.4  searching scale 1 Z rot -1.1  searching scale 1 Z rot -0.9  searching scale 1 Z rot -0.6  searching scale 1 Z rot -0.4  searching scale 1 Z rot -0.1  searching scale 1 Z rot 0.1  searching scale 1 Z rot 0.4  searching scale 1 Z rot 0.6  searching scale 1 Z rot 0.9  searching scale 1 Z rot 1.1  searching scale 1 Z rot 1.4  searching scale 1 Z rot 1.6  searching scale 1 Z rot 1.9  searching scale 1 Z rot 2.1  searching scale 1 Z rot 2.4  searching scale 1 Z rot 2.6  searching scale 1 Z rot 2.9  searching scale 1 Z rot 3.1  searching scale 1 Z rot 3.4  searching scale 1 Z rot 3.6  searching scale 1 Z rot 3.9  searching scale 1 Z rot 4.1  searching scale 1 Z rot 4.4  searching scale 1 Z rot 4.6  searching scale 1 Z rot 4.9  searching scale 1 Z rot 5.1  searching scale 1 Z rot 5.4  global minimum found at slice 129.2, rotations (0.27, -1.39)
final transformation (x=129.2, yr=0.273, zr=-1.388):
 0.99970   0.02423   0.00476  -3.76632;
-0.02423   0.99971  -0.00012   48.16941;
-0.00477   0.00000   0.99999   9.61723;
 0.00000   0.00000   0.00000   1.00000;
updating x range to be [126, 130] in xformed coordinates
best xformed slice 127
min_x_fornix = 128
WARNING: min_x_fornix not set
WARNING: min_x_fornix not set
min_x_fornix = 144
min_x_fornix = 137
cc center is found at 127 83 119
eigenvectors:
-0.00137   0.00627   0.99998;
 0.06004  -0.99818   0.00634;
 0.99820   0.06005   0.00099;
writing aseg with callosum to /out/sourcedata/freesurfer/sub-v1s8x0051332_ses-1/mri/aseg.auto.mgz...
corpus callosum segmentation took 0.6 minutes
#VMPC# mri_cc VmPeak  555388
mri_cc done
#--------------------------------------
#@# Merge ASeg Tue Mar 10 08:37:20 CET 2026

 cp aseg.auto.mgz aseg.presurf.mgz 

#--------------------------------------------
#@# Intensity Normalization2 Tue Mar 10 08:37:20 CET 2026
/out/sourcedata/freesurfer/sub-v1s8x0051332_ses-1/mri

 mri_normalize -seed 1234 -mprage -aseg aseg.presurf.mgz -mask brainmask.mgz norm.mgz brain.mgz 

setting seed for random number genererator to 1234
assuming input volume is MGH (Van der Kouwe) MP-RAGE
using segmentation for initial intensity normalization
using MR volume brainmask.mgz to mask input volume...
reading mri_src from norm.mgz...
Reading aseg aseg.presurf.mgz
normalizing image...
NOT doing gentle normalization with control points/label
processing with aseg
removing outliers in the aseg WM...
1122 control points removed
Building bias image
building Voronoi diagram...
performing soap bubble smoothing, sigma = 0...
Smoothing with sigma 8
Applying bias correction
building Voronoi diagram...
performing soap bubble smoothing, sigma = 8...

Iterating 2 times
---------------------------------
3d normalization pass 1 of 2
white matter peak found at 110
white matter peak found at 109
gm peak at 87 (87), valley at 61 (61)
csf peak at 48, setting threshold to 74
building Voronoi diagram...
performing soap bubble smoothing, sigma = 8...
---------------------------------
3d normalization pass 2 of 2
white matter peak found at 110
white matter peak found at 110
gm peak at 88 (88), valley at 59 (59)
csf peak at 48, setting threshold to 74
building Voronoi diagram...
performing soap bubble smoothing, sigma = 8...
Done iterating ---------------------------------
writing output to brain.mgz
3D bias adjustment took 2 minutes and 16 seconds.
#--------------------------------------------
#@# Mask BFS Tue Mar 10 08:39:36 CET 2026
/out/sourcedata/freesurfer/sub-v1s8x0051332_ses-1/mri

 mri_mask -T 5 brain.mgz brainmask.mgz brain.finalsurfs.mgz 

threshold mask volume at 5
DoAbs = 0
Found 1896283 voxels in mask (pct= 11.30)
Writing masked volume to brain.finalsurfs.mgz...done.
#--------------------------------------------
#@# WM Segmentation Tue Mar 10 08:39:37 CET 2026

 AntsDenoiseImageFs -i brain.mgz -o antsdn.brain.mgz 


 mri_segment -wsizemm 13 -mprage antsdn.brain.mgz wm.seg.mgz 

wsizemm = 13, voxres = 1, wsize = 13
Widening wm low from 89 to 79
assuming input volume is MGH (Van der Kouwe) MP-RAGE
wm mean:  110
wsize:    13
wm low:   79
wm hi:    125
gray low: 30
gray hi:  99
Doing initial trinary intensity segmentation 
Using local statistics to label ambiguous voxels
Autodetecting stats
Computing class statistics for intensity windows...
CCS WM (103.0): 103.9 +- 5.2 [79.0 --> 125.0]
CCS GM (72.0) : 70.5 +- 14.7 [30.0 --> 95.0]
 white_mean 103.868
 white_sigma 5.23056
 gray_mean 70.4834
 gray_sigma 14.7189
setting bottom of white matter range wm_low to 85.2
setting top of gray matter range gray_hi to 99.9
 wm_low 85.2023
 wm_hi  125
 gray_low 30
 gray_hi  99.9212
Redoing initial intensity segmentation...
Recomputing local statistics to label ambiguous voxels...
 wm_low 85.2023
 wm_hi  125
 gray_low 30
 gray_hi  99.9212
using local geometry to label remaining ambiguous voxels...
polvwsize = 5, polvlen = 3, gray_hi = 99.9212, wm_low = 85.2023
MRIcpolvMedianCurveSegment(): wsize=5, len=3, gmhi=99.9212, wmlow=85.2023
    522867 voxels processed (3.12%)
    249297 voxels white (1.49%)
    273570 voxels non-white (1.63%)

Reclassifying voxels using Gaussian border classifier niter=1
MRIreclassify(): wm_low=80.2023, gray_hi=99.9212, wsize=13
    647379 voxels tested (3.86%)
    151130 voxels changed (0.90%)
    145863 multi-scale searches  (0.87%)
Recovering bright white
MRIrecoverBrightWhite()
 wm_low 85.2023
 wm_hi 125
 slack 5.23056
 pct_thresh 0.33
 intensity_thresh 130.231
 nvox_thresh 8.58
       78 voxels tested (0.00%)
       54 voxels changed (0.00%)

removing voxels with positive offset direction...
MRIremoveWrongDirection() wsize=3, lowthr=80.2023, hithr=99.9212
  smoothing input volume with sigma = 0.250
   326483 voxels tested (1.95%)
    46549 voxels changed (0.28%)
thicken = 1
removing 1-dimensional structures...
MRIremove1dStructures(): max_iter=10000, thresh=2, WM_MIN_VAL=5
 3630 sparsely connected voxels removed in 1 iterations
thickening thin strands....
thickness 4
nsegments 20
wm_hi 125
4296 diagonally connected voxels added...
MRIthickenThinWMStrands(): thickness=4, nsegments=20
  20 segments, 3110 filled
MRIfindBrightNonWM(): 438 bright non-wm voxels segmented.
MRIfilterMorphology() WM_MIN_VAL=5, DIAGONAL_FILL=230
white matter segmentation took 1.8 minutes
writing output to wm.seg.mgz...

 mri_edit_wm_with_aseg -keep-in wm.seg.mgz brain.mgz aseg.presurf.mgz wm.asegedit.mgz 

preserving editing changes in input volume...
auto filling took 0.41 minutes
reading wm segmentation from wm.seg.mgz...
0 voxels added to wm to prevent paths from MTL structures to cortex
2880 additional wm voxels added
0 additional wm voxels added
SEG EDIT: 41814 voxels turned on, 140030 voxels turned off.
propagating editing to output volume from wm.seg.mgz
writing edited volume to wm.asegedit.mgz....

 mri_pretess wm.asegedit.mgz wm norm.mgz wm.mgz 


Iteration Number : 1
pass   1 (xy+):  30 found -  30 modified     |    TOTAL:  30
pass   2 (xy+):   0 found -  30 modified     |    TOTAL:  30
pass   1 (xy-):  39 found -  39 modified     |    TOTAL:  69
pass   2 (xy-):   0 found -  39 modified     |    TOTAL:  69
pass   1 (yz+):  55 found -  55 modified     |    TOTAL: 124
pass   2 (yz+):   0 found -  55 modified     |    TOTAL: 124
pass   1 (yz-):  42 found -  42 modified     |    TOTAL: 166
pass   2 (yz-):   0 found -  42 modified     |    TOTAL: 166
pass   1 (xz+):  45 found -  45 modified     |    TOTAL: 211
pass   2 (xz+):   0 found -  45 modified     |    TOTAL: 211
pass   1 (xz-):  26 found -  26 modified     |    TOTAL: 237
pass   2 (xz-):   0 found -  26 modified     |    TOTAL: 237
Iteration Number : 1
pass   1 (+++):  33 found -  33 modified     |    TOTAL:  33
pass   2 (+++):   0 found -  33 modified     |    TOTAL:  33
pass   1 (+++):  58 found -  58 modified     |    TOTAL:  91
pass   2 (+++):   0 found -  58 modified     |    TOTAL:  91
pass   1 (+++):  35 found -  35 modified     |    TOTAL: 126
pass   2 (+++):   0 found -  35 modified     |    TOTAL: 126
pass   1 (+++):  41 found -  41 modified     |    TOTAL: 167
pass   2 (+++):   0 found -  41 modified     |    TOTAL: 167
Iteration Number : 1
pass   1 (++):  98 found -  98 modified     |    TOTAL:  98
pass   2 (++):   0 found -  98 modified     |    TOTAL:  98
pass   1 (+-): 118 found - 118 modified     |    TOTAL: 216
pass   2 (+-):   1 found - 119 modified     |    TOTAL: 217
pass   3 (+-):   0 found - 119 modified     |    TOTAL: 217
pass   1 (--):  99 found -  99 modified     |    TOTAL: 316
pass   2 (--):   1 found - 100 modified     |    TOTAL: 317
pass   3 (--):   0 found - 100 modified     |    TOTAL: 317
pass   1 (-+):  97 found -  97 modified     |    TOTAL: 414
pass   2 (-+):   0 found -  97 modified     |    TOTAL: 414
Iteration Number : 2
pass   1 (xy+):   9 found -   9 modified     |    TOTAL:   9
pass   2 (xy+):   0 found -   9 modified     |    TOTAL:   9
pass   1 (xy-):  10 found -  10 modified     |    TOTAL:  19
pass   2 (xy-):   0 found -  10 modified     |    TOTAL:  19
pass   1 (yz+):  14 found -  14 modified     |    TOTAL:  33
pass   2 (yz+):   0 found -  14 modified     |    TOTAL:  33
pass   1 (yz-):  16 found -  16 modified     |    TOTAL:  49
pass   2 (yz-):   0 found -  16 modified     |    TOTAL:  49
pass   1 (xz+):   7 found -   7 modified     |    TOTAL:  56
pass   2 (xz+):   0 found -   7 modified     |    TOTAL:  56
pass   1 (xz-):   7 found -   7 modified     |    TOTAL:  63
pass   2 (xz-):   0 found -   7 modified     |    TOTAL:  63
Iteration Number : 2
pass   1 (+++):   2 found -   2 modified     |    TOTAL:   2
pass   2 (+++):   0 found -   2 modified     |    TOTAL:   2
pass   1 (+++):   5 found -   5 modified     |    TOTAL:   7
pass   2 (+++):   0 found -   5 modified     |    TOTAL:   7
pass   1 (+++):   2 found -   2 modified     |    TOTAL:   9
pass   2 (+++):   0 found -   2 modified     |    TOTAL:   9
pass   1 (+++):  17 found -  17 modified     |    TOTAL:  26
pass   2 (+++):   0 found -  17 modified     |    TOTAL:  26
Iteration Number : 2
pass   1 (++):   4 found -   4 modified     |    TOTAL:   4
pass   2 (++):   0 found -   4 modified     |    TOTAL:   4
pass   1 (+-):   2 found -   2 modified     |    TOTAL:   6
pass   2 (+-):   0 found -   2 modified     |    TOTAL:   6
pass   1 (--):   4 found -   4 modified     |    TOTAL:  10
pass   2 (--):   0 found -   4 modified     |    TOTAL:  10
pass   1 (-+):   5 found -   5 modified     |    TOTAL:  15
pass   2 (-+):   0 found -   5 modified     |    TOTAL:  15
Iteration Number : 3
pass   1 (xy+):   2 found -   2 modified     |    TOTAL:   2
pass   2 (xy+):   0 found -   2 modified     |    TOTAL:   2
pass   1 (xy-):   0 found -   0 modified     |    TOTAL:   2
pass   1 (yz+):   1 found -   1 modified     |    TOTAL:   3
pass   2 (yz+):   0 found -   1 modified     |    TOTAL:   3
pass   1 (yz-):   3 found -   3 modified     |    TOTAL:   6
pass   2 (yz-):   0 found -   3 modified     |    TOTAL:   6
pass   1 (xz+):   1 found -   1 modified     |    TOTAL:   7
pass   2 (xz+):   0 found -   1 modified     |    TOTAL:   7
pass   1 (xz-):   0 found -   0 modified     |    TOTAL:   7
Iteration Number : 3
pass   1 (+++):   0 found -   0 modified     |    TOTAL:   0
pass   1 (+++):   0 found -   0 modified     |    TOTAL:   0
pass   1 (+++):   0 found -   0 modified     |    TOTAL:   0
pass   1 (+++):   0 found -   0 modified     |    TOTAL:   0
Iteration Number : 3
pass   1 (++):   1 found -   1 modified     |    TOTAL:   1
pass   2 (++):   0 found -   1 modified     |    TOTAL:   1
pass   1 (+-):   0 found -   0 modified     |    TOTAL:   1
pass   1 (--):   2 found -   2 modified     |    TOTAL:   3
pass   2 (--):   0 found -   2 modified     |    TOTAL:   3
pass   1 (-+):   0 found -   0 modified     |    TOTAL:   3
Iteration Number : 4
pass   1 (xy+):   0 found -   0 modified     |    TOTAL:   0
pass   1 (xy-):   0 found -   0 modified     |    TOTAL:   0
pass   1 (yz+):   0 found -   0 modified     |    TOTAL:   0
pass   1 (yz-):   0 found -   0 modified     |    TOTAL:   0
pass   1 (xz+):   0 found -   0 modified     |    TOTAL:   0
pass   1 (xz-):   0 found -   0 modified     |    TOTAL:   0
Iteration Number : 4
pass   1 (+++):   0 found -   0 modified     |    TOTAL:   0
pass   1 (+++):   0 found -   0 modified     |    TOTAL:   0
pass   1 (+++):   0 found -   0 modified     |    TOTAL:   0
pass   1 (+++):   0 found -   0 modified     |    TOTAL:   0
Iteration Number : 4
pass   1 (++):   0 found -   0 modified     |    TOTAL:   0
pass   1 (+-):   0 found -   0 modified     |    TOTAL:   0
pass   1 (--):   0 found -   0 modified     |    TOTAL:   0
pass   1 (-+):   0 found -   0 modified     |    TOTAL:   0

Total Number of Modified Voxels = 932 (out of 1028515: 0.090616)
binarizing input wm segmentation...
Ambiguous edge configurations... 

mri_pretess done

#--------------------------------------------
#@# Fill Tue Mar 10 08:42:34 CET 2026
/out/sourcedata/freesurfer/sub-v1s8x0051332_ses-1/mri

 mri_fill -a ../scripts/ponscc.cut.log -xform transforms/talairach.lta -segmentation aseg.presurf.mgz -ctab /opt/freesurfer/SubCorticalMassLUT.txt wm.mgz filled.mgz 

logging cutting plane coordinates to ../scripts/ponscc.cut.log...
INFO: Using transforms/talairach.lta and its offset for Talairach volume ...
using segmentation aseg.presurf.mgz...
reading input volume...done.
searching for cutting planes...voxel to talairach voxel transform
 1.01438   0.09214   0.01960  -15.63974;
-0.10566   0.93748   0.02989   31.67020;
-0.01837  -0.06968   0.91055   9.52859;
 0.00000   0.00000   0.00000   1.00000;
voxel to talairach voxel transform
 1.01438   0.09214   0.01960  -15.63974;
-0.10566   0.93748   0.02989   31.67020;
-0.01837  -0.06968   0.91055   9.52859;
 0.00000   0.00000   0.00000   1.00000;
reading segmented volume aseg.presurf.mgz
removing CC from segmentation
Looking for area (min, max) = (350, 1400)
area[0] = 2905 (min = 350, max = 1400), aspect = 1.24 (min = 0.10, max = 0.75)
need search nearby
using seed (125, 111, 91), TAL = (3.0, -37.0, 17.0)
talairach voxel to voxel transform
 0.97538  -0.09719  -0.01780   18.50222;
 0.10904   1.05322  -0.03692  -31.29854;
 0.02802   0.07864   1.09505  -12.48653;
 0.00000   0.00000   0.00000   1.00000;
segmentation indicates cc at (125,  111,  91) --> (3.0, -37.0, 17.0)
done.
filling took 1.0 minutes
talairach cc position changed to (3.00, -37.00, 17.00)
Erasing brainstem...done.
seed_search_size = 9, min_neighbors = 5
search rh wm seed point around talairach space:(21.00, -37.00, 17.00) SRC: (110.46, 93.92, 98.89)
search lh wm seed point around talairach space (-15.00, -37.00, 17.00), SRC: (145.57, 97.84, 99.90)
compute mri_fill using aseg
Erasing Brain Stem and Cerebellum ...
Define left and right masks using aseg:
Building Voronoi diagram ...
Using the Voronoi diagram for separating WM into two hemispheres ...
Find the largest connected component for each hemisphere ...
Embedding colortable
mri_fill done, writing output to filled.mgz...
 cp filled.mgz filled.auto.mgz

Started at Tue Mar 10 07:02:17 CET 2026 
Ended   at Tue Mar 10 08:43:37 CET 2026
#@#%# recon-all-run-time-hours 1.689
recon-all -s sub-v1s8x0051332_ses-1 finished without error at Tue Mar 10 08:43:37 CET 2026



#New# invocation of recon-all 




Tue Mar 10 14:18:39 CET 2026
cd /out/sourcedata/freesurfer/sub-v1s8x0051332_ses-1
setenv SUBJECTS_DIR /out/sourcedata/freesurfer
/opt/freesurfer/bin/recon-all -parallel -subjid sub-v1s8x0051332_ses-1 -sd /out/sourcedata/freesurfer -cortribbon

subjid sub-v1s8x0051332_ses-1
setenv SUBJECTS_DIR /out/sourcedata/freesurfer
FREESURFER_HOME /opt/freesurfer
Actual FREESURFER_HOME /opt/freesurfer
build-stamp.txt: freesurfer-linux-ubuntu22_x86_64-7.3.2-20220804-6354275
Linux dna063 5.14.0-427.37.1.el9_4.x86_64 #1 SMP PREEMPT_DYNAMIC Fri Sep 13 12:41:50 EDT 2024 x86_64 x86_64 x86_64 GNU/Linux
cputime      unlimited
filesize     unlimited
datasize     unlimited
stacksize    8192 kbytes
coredumpsize 0 kbytes
memoryuse    67108864 kbytes
vmemoryuse   unlimited
descriptors  1024 
memorylocked unlimited
maxproc      2061970 
maxlocks     unlimited
maxsignal    2061970 
maxmessage   819200 
maxnice      0 
maxrtprio    0 
maxrttime    unlimited

               total        used        free      shared  buff/cache   available
Mem:           503Gi        53Gi       338Gi        10Gi       111Gi       436Gi
Swap:             0B          0B          0B

########################################
program versions used
7.3.2 (freesurfer-linux-ubuntu22_x86_64-7.3.2-20220804-6354275)
7.3.2

ProgramName: lta_convert  ProgramArguments: lta_convert -all-info  ProgramVersion: 7.3.2  TimeStamp: 2026/03/10-13:18:39-GMT  BuildTime: Aug  4 2022 06:17:15  BuildStamp: freesurfer-linux-ubuntu22_x86_64-7.3.2-20220804-6354275  User: oesteban  Machine: dna063  Platform: Linux  PlatformVersion: 5.14.0-427.37.1.el9_4.x86_64  CompilerName: GCC  CompilerVersion: 8.4.0
ProgramName: mri_and  ProgramArguments: mri_and -all-info  ProgramVersion: 7.3.2  TimeStamp: 2026/03/10-13:18:39-GMT  BuildTime: Aug  4 2022 06:17:15  BuildStamp: freesurfer-linux-ubuntu22_x86_64-7.3.2-20220804-6354275  User: oesteban  Machine: dna063  Platform: Linux  PlatformVersion: 5.14.0-427.37.1.el9_4.x86_64  CompilerName: GCC  CompilerVersion: 8.4.0
ProgramName: mri_annotation2label  ProgramArguments: mri_annotation2label -all-info  ProgramVersion: 7.3.2  TimeStamp: 2026/03/10-13:18:39-GMT  BuildTime: Aug  4 2022 06:17:15  BuildStamp: freesurfer-linux-ubuntu22_x86_64-7.3.2-20220804-6354275  User: oesteban  Machine: dna063  Platform: Linux  PlatformVersion: 5.14.0-427.37.1.el9_4.x86_64  CompilerName: GCC  CompilerVersion: 8.4.0
ProgramName: mri_aparc2aseg  ProgramArguments: mri_aparc2aseg -all-info  ProgramVersion: 7.3.2  TimeStamp: 2026/03/10-13:18:39-GMT  BuildTime: Aug  4 2022 06:17:15  BuildStamp: freesurfer-linux-ubuntu22_x86_64-7.3.2-20220804-6354275  User: oesteban  Machine: dna063  Platform: Linux  PlatformVersion: 5.14.0-427.37.1.el9_4.x86_64  CompilerName: GCC  CompilerVersion: 8.4.0
ProgramName: mri_surf2volseg  ProgramArguments: mri_surf2volseg -all-info  ProgramVersion: 7.3.2  TimeStamp: 2026/03/10-13:18:39-GMT  BuildTime: Aug  4 2022 06:17:15  BuildStamp: freesurfer-linux-ubuntu22_x86_64-7.3.2-20220804-6354275  User: oesteban  Machine: dna063  Platform: Linux  PlatformVersion: 5.14.0-427.37.1.el9_4.x86_64  CompilerName: GCC  CompilerVersion: 8.4.0
ProgramName: mri_binarize  ProgramArguments: mri_binarize -all-info  ProgramVersion: 7.3.2  TimeStamp: 2026/03/10-13:18:39-GMT  BuildTime: Aug  4 2022 06:17:15  BuildStamp: freesurfer-linux-ubuntu22_x86_64-7.3.2-20220804-6354275  User: oesteban  Machine: dna063  Platform: Linux  PlatformVersion: 5.14.0-427.37.1.el9_4.x86_64  CompilerName: GCC  CompilerVersion: 8.4.0
ProgramName: mri_ca_label  ProgramArguments: mri_ca_label -all-info  ProgramVersion: 7.3.2  TimeStamp: 2026/03/10-13:18:39-GMT  BuildTime: Aug  4 2022 06:17:15  BuildStamp: freesurfer-linux-ubuntu22_x86_64-7.3.2-20220804-6354275  User: oesteban  Machine: dna063  Platform: Linux  PlatformVersion: 5.14.0-427.37.1.el9_4.x86_64  CompilerName: GCC  CompilerVersion: 8.4.0
ProgramName: mri_ca_normalize  ProgramArguments: mri_ca_normalize -all-info  ProgramVersion: 7.3.2  TimeStamp: 2026/03/10-13:18:39-GMT  BuildTime: Aug  4 2022 06:17:15  BuildStamp: freesurfer-linux-ubuntu22_x86_64-7.3.2-20220804-6354275  User: oesteban  Machine: dna063  Platform: Linux  PlatformVersion: 5.14.0-427.37.1.el9_4.x86_64  CompilerName: GCC  CompilerVersion: 8.4.0
ProgramName: mri_ca_register  ProgramArguments: mri_ca_register -all-info  ProgramVersion: 7.3.2  TimeStamp: 2026/03/10-13:18:39-GMT  BuildTime: Aug  4 2022 06:17:15  BuildStamp: freesurfer-linux-ubuntu22_x86_64-7.3.2-20220804-6354275  User: oesteban  Machine: dna063  Platform: Linux  PlatformVersion: 5.14.0-427.37.1.el9_4.x86_64  CompilerName: GCC  CompilerVersion: 8.4.0
ProgramName: mri_cc  ProgramArguments: mri_cc -all-info  ProgramVersion: 7.3.2  TimeStamp: 2026/03/10-13:18:39-GMT  BuildTime: Aug  4 2022 06:17:15  BuildStamp: freesurfer-linux-ubuntu22_x86_64-7.3.2-20220804-6354275  User: oesteban  Machine: dna063  Platform: Linux  PlatformVersion: 5.14.0-427.37.1.el9_4.x86_64  CompilerName: GCC  CompilerVersion: 8.4.0
ProgramName: mri_compute_overlap  ProgramArguments: mri_compute_overlap -all-info  ProgramVersion: 7.3.2  TimeStamp: 2026/03/10-13:18:39-GMT  BuildTime: Aug  4 2022 06:17:15  BuildStamp: freesurfer-linux-ubuntu22_x86_64-7.3.2-20220804-6354275  User: oesteban  Machine: dna063  Platform: Linux  PlatformVersion: 5.14.0-427.37.1.el9_4.x86_64  CompilerName: GCC  CompilerVersion: 8.4.0
ProgramName: mri_compute_seg_overlap  ProgramArguments: mri_compute_seg_overlap -all-info  ProgramVersion: 7.3.2  TimeStamp: 2026/03/10-13:18:39-GMT  BuildTime: Aug  4 2022 06:17:15  BuildStamp: freesurfer-linux-ubuntu22_x86_64-7.3.2-20220804-6354275  User: oesteban  Machine: dna063  Platform: Linux  PlatformVersion: 5.14.0-427.37.1.el9_4.x86_64  CompilerName: GCC  CompilerVersion: 8.4.0
ProgramName: mri_concat  ProgramArguments: mri_concat -all-info  ProgramVersion: 7.3.2  TimeStamp: 2026/03/10-13:18:39-GMT  BuildTime: Aug  4 2022 06:17:15  BuildStamp: freesurfer-linux-ubuntu22_x86_64-7.3.2-20220804-6354275  User: oesteban  Machine: dna063  Platform: Linux  PlatformVersion: 5.14.0-427.37.1.el9_4.x86_64  CompilerName: GCC  CompilerVersion: 8.4.0
ProgramName: mri_concatenate_lta  ProgramArguments: mri_concatenate_lta -all-info  ProgramVersion: 7.3.2  TimeStamp: 2026/03/10-13:18:39-GMT  BuildTime: Aug  4 2022 06:17:15  BuildStamp: freesurfer-linux-ubuntu22_x86_64-7.3.2-20220804-6354275  User: oesteban  Machine: dna063  Platform: Linux  PlatformVersion: 5.14.0-427.37.1.el9_4.x86_64  CompilerName: GCC  CompilerVersion: 8.4.0
mri_convert -all-info 
ProgramName: mri_convert  ProgramArguments: mri_convert -all-info  ProgramVersion: 7.3.2  TimeStamp: 2026/03/10-13:18:39-GMT  BuildTime: Aug  4 2022 06:17:15  BuildStamp: freesurfer-linux-ubuntu22_x86_64-7.3.2-20220804-6354275  User: oesteban  Machine: dna063  Platform: Linux  PlatformVersion: 5.14.0-427.37.1.el9_4.x86_64  CompilerName: GCC  CompilerVersion: 8.4.0
ProgramName: mri_diff  ProgramArguments: mri_diff -all-info  ProgramVersion: 7.3.2  TimeStamp: 2026/03/10-13:18:39-GMT  BuildTime: Aug  4 2022 06:17:15  BuildStamp: freesurfer-linux-ubuntu22_x86_64-7.3.2-20220804-6354275  User: oesteban  Machine: dna063  Platform: Linux  PlatformVersion: 5.14.0-427.37.1.el9_4.x86_64  CompilerName: GCC  CompilerVersion: 8.4.0
ProgramName: mri_edit_wm_with_aseg  ProgramArguments: mri_edit_wm_with_aseg -all-info  ProgramVersion: 7.3.2  TimeStamp: 2026/03/10-13:18:39-GMT  BuildTime: Aug  4 2022 06:17:15  BuildStamp: freesurfer-linux-ubuntu22_x86_64-7.3.2-20220804-6354275  User: oesteban  Machine: dna063  Platform: Linux  PlatformVersion: 5.14.0-427.37.1.el9_4.x86_64  CompilerName: GCC  CompilerVersion: 8.4.0
ProgramName: mri_em_register  ProgramArguments: mri_em_register -all-info  ProgramVersion: 7.3.2  TimeStamp: 2026/03/10-13:18:39-GMT  BuildTime: Aug  4 2022 06:17:15  BuildStamp: freesurfer-linux-ubuntu22_x86_64-7.3.2-20220804-6354275  User: oesteban  Machine: dna063  Platform: Linux  PlatformVersion: 5.14.0-427.37.1.el9_4.x86_64  CompilerName: GCC  CompilerVersion: 8.4.0
ProgramName: mri_fill  ProgramArguments: mri_fill -all-info  ProgramVersion: 7.3.2  TimeStamp: 2026/03/10-13:18:39-GMT  BuildTime: Aug  4 2022 06:17:15  BuildStamp: freesurfer-linux-ubuntu22_x86_64-7.3.2-20220804-6354275  User: oesteban  Machine: dna063  Platform: Linux  PlatformVersion: 5.14.0-427.37.1.el9_4.x86_64  CompilerName: GCC  CompilerVersion: 8.4.0
ProgramName: mri_fuse_segmentations  ProgramArguments: mri_fuse_segmentations -all-info  ProgramVersion: 7.3.2  TimeStamp: 2026/03/10-13:18:39-GMT  BuildTime: Aug  4 2022 06:17:15  BuildStamp: freesurfer-linux-ubuntu22_x86_64-7.3.2-20220804-6354275  User: oesteban  Machine: dna063  Platform: Linux  PlatformVersion: 5.14.0-427.37.1.el9_4.x86_64  CompilerName: GCC  CompilerVersion: 8.4.0
ProgramName: mri_fwhm  ProgramArguments: mri_fwhm -all-info  ProgramVersion: 7.3.2  TimeStamp: 2026/03/10-13:18:39-GMT  BuildTime: Aug  4 2022 06:17:15  BuildStamp: freesurfer-linux-ubuntu22_x86_64-7.3.2-20220804-6354275  User: oesteban  Machine: dna063  Platform: Linux  PlatformVersion: 5.14.0-427.37.1.el9_4.x86_64  CompilerName: GCC  CompilerVersion: 8.4.0
ProgramName: mri_gcut  ProgramArguments: mri_gcut -all-info  ProgramVersion: 7.3.2  TimeStamp: 2026/03/10-13:18:39-GMT  BuildTime: Aug  4 2022 06:17:15  BuildStamp: freesurfer-linux-ubuntu22_x86_64-7.3.2-20220804-6354275  User: oesteban  Machine: dna063  Platform: Linux  PlatformVersion: 5.14.0-427.37.1.el9_4.x86_64  CompilerName: GCC  CompilerVersion: 8.4.0
ProgramName: mri_info  ProgramArguments: mri_info -all-info  ProgramVersion: 7.3.2  TimeStamp: 2026/03/10-13:18:39-GMT  BuildTime: Aug  4 2022 06:17:15  BuildStamp: freesurfer-linux-ubuntu22_x86_64-7.3.2-20220804-6354275  User: oesteban  Machine: dna063  Platform: Linux  PlatformVersion: 5.14.0-427.37.1.el9_4.x86_64  CompilerName: GCC  CompilerVersion: 8.4.0
ProgramName: mri_label2label  ProgramArguments: mri_label2label -all-info  ProgramVersion: 7.3.2  TimeStamp: 2026/03/10-13:18:39-GMT  BuildTime: Aug  4 2022 06:17:15  BuildStamp: freesurfer-linux-ubuntu22_x86_64-7.3.2-20220804-6354275  User: oesteban  Machine: dna063  Platform: Linux  PlatformVersion: 5.14.0-427.37.1.el9_4.x86_64  CompilerName: GCC  CompilerVersion: 8.4.0
ProgramName: mri_label2vol  ProgramArguments: mri_label2vol -all-info  ProgramVersion: 7.3.2  TimeStamp: 2026/03/10-13:18:39-GMT  BuildTime: Aug  4 2022 06:17:15  BuildStamp: freesurfer-linux-ubuntu22_x86_64-7.3.2-20220804-6354275  User: oesteban  Machine: dna063  Platform: Linux  PlatformVersion: 5.14.0-427.37.1.el9_4.x86_64  CompilerName: GCC  CompilerVersion: 8.4.0
ProgramName: mri_log_likelihood  ProgramArguments: mri_log_likelihood -all-info  ProgramVersion: 7.3.2  TimeStamp: 2026/03/10-13:18:39-GMT  BuildTime: Aug  4 2022 06:17:15  BuildStamp: freesurfer-linux-ubuntu22_x86_64-7.3.2-20220804-6354275  User: oesteban  Machine: dna063  Platform: Linux  PlatformVersion: 5.14.0-427.37.1.el9_4.x86_64  CompilerName: GCC  CompilerVersion: 8.4.0
ProgramName: mri_mask  ProgramArguments: mri_mask -all-info  ProgramVersion: 7.3.2  TimeStamp: 2026/03/10-13:18:39-GMT  BuildTime: Aug  4 2022 06:17:15  BuildStamp: freesurfer-linux-ubuntu22_x86_64-7.3.2-20220804-6354275  User: oesteban  Machine: dna063  Platform: Linux  PlatformVersion: 5.14.0-427.37.1.el9_4.x86_64  CompilerName: GCC  CompilerVersion: 8.4.0
ProgramName: mri_matrix_multiply  ProgramArguments: mri_matrix_multiply -all-info  ProgramVersion: 7.3.2  TimeStamp: 2026/03/10-13:18:39-GMT  BuildTime: Aug  4 2022 06:17:15  BuildStamp: freesurfer-linux-ubuntu22_x86_64-7.3.2-20220804-6354275  User: oesteban  Machine: dna063  Platform: Linux  PlatformVersion: 5.14.0-427.37.1.el9_4.x86_64  CompilerName: GCC  CompilerVersion: 8.4.0
ProgramName: mri_normalize  ProgramArguments: mri_normalize -all-info  ProgramVersion: 7.3.2  TimeStamp: 2026/03/10-13:18:39-GMT  BuildTime: Aug  4 2022 06:17:15  BuildStamp: freesurfer-linux-ubuntu22_x86_64-7.3.2-20220804-6354275  User: oesteban  Machine: dna063  Platform: Linux  PlatformVersion: 5.14.0-427.37.1.el9_4.x86_64  CompilerName: GCC  CompilerVersion: 8.4.0
ProgramName: mri_normalize_tp2  ProgramArguments: mri_normalize_tp2 -all-info  ProgramVersion: 7.3.2  TimeStamp: 2026/03/10-13:18:39-GMT  BuildTime: Aug  4 2022 06:17:15  BuildStamp: freesurfer-linux-ubuntu22_x86_64-7.3.2-20220804-6354275  User: oesteban  Machine: dna063  Platform: Linux  PlatformVersion: 5.14.0-427.37.1.el9_4.x86_64  CompilerName: GCC  CompilerVersion: 8.4.0
ProgramName: mri_or  ProgramArguments: mri_or -all-info  ProgramVersion: 7.3.2  TimeStamp: 2026/03/10-13:18:39-GMT  BuildTime: Aug  4 2022 06:17:15  BuildStamp: freesurfer-linux-ubuntu22_x86_64-7.3.2-20220804-6354275  User: oesteban  Machine: dna063  Platform: Linux  PlatformVersion: 5.14.0-427.37.1.el9_4.x86_64  CompilerName: GCC  CompilerVersion: 8.4.0
ProgramName: mri_relabel_hypointensities  ProgramArguments: mri_relabel_hypointensities -all-info  ProgramVersion: 7.3.2  TimeStamp: 2026/03/10-13:18:39-GMT  BuildTime: Aug  4 2022 06:17:15  BuildStamp: freesurfer-linux-ubuntu22_x86_64-7.3.2-20220804-6354275  User: oesteban  Machine: dna063  Platform: Linux  PlatformVersion: 5.14.0-427.37.1.el9_4.x86_64  CompilerName: GCC  CompilerVersion: 8.4.0
ProgramName: mri_relabel_nonwm_hypos  ProgramArguments: mri_relabel_nonwm_hypos -all-info  ProgramVersion: 7.3.2  TimeStamp: 2026/03/10-13:18:39-GMT  BuildTime: Aug  4 2022 06:17:15  BuildStamp: freesurfer-linux-ubuntu22_x86_64-7.3.2-20220804-6354275  User: oesteban  Machine: dna063  Platform: Linux  PlatformVersion: 5.14.0-427.37.1.el9_4.x86_64  CompilerName: GCC  CompilerVersion: 8.4.0
ProgramName: mri_remove_neck  ProgramArguments: mri_remove_neck -all-info  ProgramVersion: 7.3.2  TimeStamp: 2026/03/10-13:18:39-GMT  BuildTime: Aug  4 2022 06:17:15  BuildStamp: freesurfer-linux-ubuntu22_x86_64-7.3.2-20220804-6354275  User: oesteban  Machine: dna063  Platform: Linux  PlatformVersion: 5.14.0-427.37.1.el9_4.x86_64  CompilerName: GCC  CompilerVersion: 8.4.0
7.3.2

ProgramName: mri_robust_register  ProgramArguments: mri_robust_register -all-info  ProgramVersion: 7.3.2  TimeStamp: 2026/03/10-13:18:39-GMT  BuildTime: Aug  4 2022 06:17:15  BuildStamp: freesurfer-linux-ubuntu22_x86_64-7.3.2-20220804-6354275  User: oesteban  Machine: dna063  Platform: Linux  PlatformVersion: 5.14.0-427.37.1.el9_4.x86_64  CompilerName: GCC  CompilerVersion: 8.4.0
7.3.2

ProgramName: mri_robust_template  ProgramArguments: mri_robust_template -all-info  ProgramVersion: 7.3.2  TimeStamp: 2026/03/10-13:18:39-GMT  BuildTime: Aug  4 2022 06:17:15  BuildStamp: freesurfer-linux-ubuntu22_x86_64-7.3.2-20220804-6354275  User: oesteban  Machine: dna063  Platform: Linux  PlatformVersion: 5.14.0-427.37.1.el9_4.x86_64  CompilerName: GCC  CompilerVersion: 8.4.0
ProgramName: mris_anatomical_stats  ProgramArguments: mris_anatomical_stats -all-info  ProgramVersion: 7.3.2  TimeStamp: 2026/03/10-13:18:39-GMT  BuildTime: Aug  4 2022 06:17:15  BuildStamp: freesurfer-linux-ubuntu22_x86_64-7.3.2-20220804-6354275  User: oesteban  Machine: dna063  Platform: Linux  PlatformVersion: 5.14.0-427.37.1.el9_4.x86_64  CompilerName: GCC  CompilerVersion: 8.4.0
ProgramName: mris_ca_label  ProgramArguments: mris_ca_label -all-info  ProgramVersion: 7.3.2  TimeStamp: 2026/03/10-13:18:39-GMT  BuildTime: Aug  4 2022 06:17:15  BuildStamp: freesurfer-linux-ubuntu22_x86_64-7.3.2-20220804-6354275  User: oesteban  Machine: dna063  Platform: Linux  PlatformVersion: 5.14.0-427.37.1.el9_4.x86_64  CompilerName: GCC  CompilerVersion: 8.4.0
ProgramName: mris_calc  ProgramArguments: mris_calc -all-info  ProgramVersion: 7.3.2  TimeStamp: 2026/03/10-13:18:39-GMT  BuildTime: Aug  4 2022 06:17:15  BuildStamp: freesurfer-linux-ubuntu22_x86_64-7.3.2-20220804-6354275  User: oesteban  Machine: dna063  Platform: Linux  PlatformVersion: 5.14.0-427.37.1.el9_4.x86_64  CompilerName: GCC  CompilerVersion: 8.4.0
ProgramName: mris_convert  ProgramArguments: mris_convert -all-info  ProgramVersion: 7.3.2  TimeStamp: 2026/03/10-13:18:39-GMT  BuildTime: Aug  4 2022 06:17:15  BuildStamp: freesurfer-linux-ubuntu22_x86_64-7.3.2-20220804-6354275  User: oesteban  Machine: dna063  Platform: Linux  PlatformVersion: 5.14.0-427.37.1.el9_4.x86_64  CompilerName: GCC  CompilerVersion: 8.4.0
ProgramName: mris_curvature  ProgramArguments: mris_curvature -all-info  ProgramVersion: 7.3.2  TimeStamp: 2026/03/10-13:18:39-GMT  BuildTime: Aug  4 2022 06:17:15  BuildStamp: freesurfer-linux-ubuntu22_x86_64-7.3.2-20220804-6354275  User: oesteban  Machine: dna063  Platform: Linux  PlatformVersion: 5.14.0-427.37.1.el9_4.x86_64  CompilerName: GCC  CompilerVersion: 8.4.0
ProgramName: mris_curvature_stats  ProgramArguments: mris_curvature_stats -all-info  ProgramVersion: 7.3.2  TimeStamp: 2026/03/10-13:18:39-GMT  BuildTime: Aug  4 2022 06:17:15  BuildStamp: freesurfer-linux-ubuntu22_x86_64-7.3.2-20220804-6354275  User: oesteban  Machine: dna063  Platform: Linux  PlatformVersion: 5.14.0-427.37.1.el9_4.x86_64  CompilerName: GCC  CompilerVersion: 8.4.0
ProgramName: mris_diff  ProgramArguments: mris_diff -all-info  ProgramVersion: 7.3.2  TimeStamp: 2026/03/10-13:18:39-GMT  BuildTime: Aug  4 2022 06:17:15  BuildStamp: freesurfer-linux-ubuntu22_x86_64-7.3.2-20220804-6354275  User: oesteban  Machine: dna063  Platform: Linux  PlatformVersion: 5.14.0-427.37.1.el9_4.x86_64  CompilerName: GCC  CompilerVersion: 8.4.0
ProgramName: mris_divide_parcellation  ProgramArguments: mris_divide_parcellation -all-info  ProgramVersion: 7.3.2  TimeStamp: 2026/03/10-13:18:39-GMT  BuildTime: Aug  4 2022 06:17:15  BuildStamp: freesurfer-linux-ubuntu22_x86_64-7.3.2-20220804-6354275  User: oesteban  Machine: dna063  Platform: Linux  PlatformVersion: 5.14.0-427.37.1.el9_4.x86_64  CompilerName: GCC  CompilerVersion: 8.4.0
ProgramName: mri_segment  ProgramArguments: mri_segment -all-info  ProgramVersion: 7.3.2  TimeStamp: 2026/03/10-13:18:39-GMT  BuildTime: Aug  4 2022 06:17:15  BuildStamp: freesurfer-linux-ubuntu22_x86_64-7.3.2-20220804-6354275  User: oesteban  Machine: dna063  Platform: Linux  PlatformVersion: 5.14.0-427.37.1.el9_4.x86_64  CompilerName: GCC  CompilerVersion: 8.4.0
ProgramName: mri_segstats  ProgramArguments: mri_segstats -all-info  ProgramVersion: 7.3.2  TimeStamp: 2026/03/10-13:18:39-GMT  BuildTime: Aug  4 2022 06:17:15  BuildStamp: freesurfer-linux-ubuntu22_x86_64-7.3.2-20220804-6354275  User: oesteban  Machine: dna063  Platform: Linux  PlatformVersion: 5.14.0-427.37.1.el9_4.x86_64  CompilerName: GCC  CompilerVersion: 8.4.0
ProgramName: mris_euler_number  ProgramArguments: mris_euler_number -all-info  ProgramVersion: 7.3.2  TimeStamp: 2026/03/10-13:18:39-GMT  BuildTime: Aug  4 2022 06:17:15  BuildStamp: freesurfer-linux-ubuntu22_x86_64-7.3.2-20220804-6354275  User: oesteban  Machine: dna063  Platform: Linux  PlatformVersion: 5.14.0-427.37.1.el9_4.x86_64  CompilerName: GCC  CompilerVersion: 8.4.0
ProgramName: mris_fix_topology  ProgramArguments: mris_fix_topology -all-info  ProgramVersion: 7.3.2  TimeStamp: 2026/03/10-13:18:39-GMT  BuildTime: Aug  4 2022 06:17:15  BuildStamp: freesurfer-linux-ubuntu22_x86_64-7.3.2-20220804-6354275  User: oesteban  Machine: dna063  Platform: Linux  PlatformVersion: 5.14.0-427.37.1.el9_4.x86_64  CompilerName: GCC  CompilerVersion: 8.4.0
ProgramName: mris_topo_fixer  ProgramArguments: mris_topo_fixer -all-info  ProgramVersion: 7.3.2  TimeStamp: 2026/03/10-13:18:39-GMT  BuildTime: Aug  4 2022 06:17:15  BuildStamp: freesurfer-linux-ubuntu22_x86_64-7.3.2-20220804-6354275  User: oesteban  Machine: dna063  Platform: Linux  PlatformVersion: 5.14.0-427.37.1.el9_4.x86_64  CompilerName: GCC  CompilerVersion: 8.4.0
ProgramName: mris_jacobian  ProgramArguments: mris_jacobian -all-info  ProgramVersion: 7.3.2  TimeStamp: 2026/03/10-13:18:39-GMT  BuildTime: Aug  4 2022 06:17:15  BuildStamp: freesurfer-linux-ubuntu22_x86_64-7.3.2-20220804-6354275  User: oesteban  Machine: dna063  Platform: Linux  PlatformVersion: 5.14.0-427.37.1.el9_4.x86_64  CompilerName: GCC  CompilerVersion: 8.4.0
ProgramName: mris_label2annot  ProgramArguments: mris_label2annot -all-info  ProgramVersion: 7.3.2  TimeStamp: 2026/03/10-13:18:39-GMT  BuildTime: Aug  4 2022 06:17:15  BuildStamp: freesurfer-linux-ubuntu22_x86_64-7.3.2-20220804-6354275  User: oesteban  Machine: dna063  Platform: Linux  PlatformVersion: 5.14.0-427.37.1.el9_4.x86_64  CompilerName: GCC  CompilerVersion: 8.4.0
ProgramName: mris_left_right_register  ProgramArguments: mris_left_right_register -all-info  ProgramVersion: 7.3.2  TimeStamp: 2026/03/10-13:18:39-GMT  BuildTime: Aug  4 2022 06:17:15  BuildStamp: freesurfer-linux-ubuntu22_x86_64-7.3.2-20220804-6354275  User: oesteban  Machine: dna063  Platform: Linux  PlatformVersion: 5.14.0-427.37.1.el9_4.x86_64  CompilerName: GCC  CompilerVersion: 8.4.0
ProgramName: mris_place_surface  ProgramArguments: mris_place_surface -all-info  ProgramVersion: 7.3.2  TimeStamp: 2026/03/10-13:18:39-GMT  BuildTime: Aug  4 2022 06:17:15  BuildStamp: freesurfer-linux-ubuntu22_x86_64-7.3.2-20220804-6354275  User: oesteban  Machine: dna063  Platform: Linux  PlatformVersion: 5.14.0-427.37.1.el9_4.x86_64  CompilerName: GCC  CompilerVersion: 8.4.0
ProgramName: mrisp_paint  ProgramArguments: mrisp_paint -all-info  ProgramVersion: 7.3.2  TimeStamp: 2026/03/10-13:18:39-GMT  BuildTime: Aug  4 2022 06:17:15  BuildStamp: freesurfer-linux-ubuntu22_x86_64-7.3.2-20220804-6354275  User: oesteban  Machine: dna063  Platform: Linux  PlatformVersion: 5.14.0-427.37.1.el9_4.x86_64  CompilerName: GCC  CompilerVersion: 8.4.0
ProgramName: mris_register  ProgramArguments: mris_register -all-info  ProgramVersion: 7.3.2  TimeStamp: 2026/03/10-13:18:39-GMT  BuildTime: Aug  4 2022 06:17:15  BuildStamp: freesurfer-linux-ubuntu22_x86_64-7.3.2-20220804-6354275  User: oesteban  Machine: dna063  Platform: Linux  PlatformVersion: 5.14.0-427.37.1.el9_4.x86_64  CompilerName: GCC  CompilerVersion: 8.4.0
ProgramName: mris_smooth  ProgramArguments: mris_smooth -all-info  ProgramVersion: 7.3.2  TimeStamp: 2026/03/10-13:18:39-GMT  BuildTime: Aug  4 2022 06:17:15  BuildStamp: freesurfer-linux-ubuntu22_x86_64-7.3.2-20220804-6354275  User: oesteban  Machine: dna063  Platform: Linux  PlatformVersion: 5.14.0-427.37.1.el9_4.x86_64  CompilerName: GCC  CompilerVersion: 8.4.0
ProgramName: mris_sphere  ProgramArguments: mris_sphere -all-info  ProgramVersion: 7.3.2  TimeStamp: 2026/03/10-13:18:39-GMT  BuildTime: Aug  4 2022 06:17:15  BuildStamp: freesurfer-linux-ubuntu22_x86_64-7.3.2-20220804-6354275  User: oesteban  Machine: dna063  Platform: Linux  PlatformVersion: 5.14.0-427.37.1.el9_4.x86_64  CompilerName: GCC  CompilerVersion: 8.4.0
ProgramName: mris_surface_stats  ProgramArguments: mris_surface_stats -all-info  ProgramVersion: 7.3.2  TimeStamp: 2026/03/10-13:18:39-GMT  BuildTime: Aug  4 2022 06:17:15  BuildStamp: freesurfer-linux-ubuntu22_x86_64-7.3.2-20220804-6354275  User: oesteban  Machine: dna063  Platform: Linux  PlatformVersion: 5.14.0-427.37.1.el9_4.x86_64  CompilerName: GCC  CompilerVersion: 8.4.0
ProgramName: mri_stats2seg  ProgramArguments: mri_stats2seg -all-info  ProgramVersion: 7.3.2  TimeStamp: 2026/03/10-13:18:39-GMT  BuildTime: Aug  4 2022 06:17:15  BuildStamp: freesurfer-linux-ubuntu22_x86_64-7.3.2-20220804-6354275  User: oesteban  Machine: dna063  Platform: Linux  PlatformVersion: 5.14.0-427.37.1.el9_4.x86_64  CompilerName: GCC  CompilerVersion: 8.4.0
ProgramName: mris_thickness  ProgramArguments: mris_thickness -all-info  ProgramVersion: 7.3.2  TimeStamp: 2026/03/10-13:18:39-GMT  BuildTime: Aug  4 2022 06:17:15  BuildStamp: freesurfer-linux-ubuntu22_x86_64-7.3.2-20220804-6354275  User: oesteban  Machine: dna063  Platform: Linux  PlatformVersion: 5.14.0-427.37.1.el9_4.x86_64  CompilerName: GCC  CompilerVersion: 8.4.0
ProgramName: mris_thickness_diff  ProgramArguments: mris_thickness_diff -all-info  ProgramVersion: 7.3.2  TimeStamp: 2026/03/10-13:18:39-GMT  BuildTime: Aug  4 2022 06:17:15  BuildStamp: freesurfer-linux-ubuntu22_x86_64-7.3.2-20220804-6354275  User: oesteban  Machine: dna063  Platform: Linux  PlatformVersion: 5.14.0-427.37.1.el9_4.x86_64  CompilerName: GCC  CompilerVersion: 8.4.0
ProgramName: mris_topo_fixer  ProgramArguments: mris_topo_fixer -all-info  ProgramVersion: 7.3.2  TimeStamp: 2026/03/10-13:18:39-GMT  BuildTime: Aug  4 2022 06:17:15  BuildStamp: freesurfer-linux-ubuntu22_x86_64-7.3.2-20220804-6354275  User: oesteban  Machine: dna063  Platform: Linux  PlatformVersion: 5.14.0-427.37.1.el9_4.x86_64  CompilerName: GCC  CompilerVersion: 8.4.0
ProgramName: mri_surf2surf  ProgramArguments: mri_surf2surf -all-info  ProgramVersion: 7.3.2  TimeStamp: 2026/03/10-13:18:39-GMT  BuildTime: Aug  4 2022 06:17:15  BuildStamp: freesurfer-linux-ubuntu22_x86_64-7.3.2-20220804-6354275  User: oesteban  Machine: dna063  Platform: Linux  PlatformVersion: 5.14.0-427.37.1.el9_4.x86_64  CompilerName: GCC  CompilerVersion: 8.4.0
ProgramName: mri_surf2vol  ProgramArguments: mri_surf2vol -all-info  ProgramVersion: 7.3.2  TimeStamp: 2026/03/10-13:18:39-GMT  BuildTime: Aug  4 2022 06:17:15  BuildStamp: freesurfer-linux-ubuntu22_x86_64-7.3.2-20220804-6354275  User: oesteban  Machine: dna063  Platform: Linux  PlatformVersion: 5.14.0-427.37.1.el9_4.x86_64  CompilerName: GCC  CompilerVersion: 8.4.0
ProgramName: mri_surfcluster  ProgramArguments: mri_surfcluster -all-info  ProgramVersion: 7.3.2  TimeStamp: 2026/03/10-13:18:39-GMT  BuildTime: Aug  4 2022 06:17:15  BuildStamp: freesurfer-linux-ubuntu22_x86_64-7.3.2-20220804-6354275  User: oesteban  Machine: dna063  Platform: Linux  PlatformVersion: 5.14.0-427.37.1.el9_4.x86_64  CompilerName: GCC  CompilerVersion: 8.4.0
ProgramName: mris_volmask  ProgramArguments: mris_volmask -all-info  ProgramVersion: 7.3.2  TimeStamp: 2026/03/10-13:18:39-GMT  BuildTime: Aug  4 2022 06:17:15  BuildStamp: freesurfer-linux-ubuntu22_x86_64-7.3.2-20220804-6354275  User: oesteban  Machine: dna063  Platform: Linux  PlatformVersion: 5.14.0-427.37.1.el9_4.x86_64  CompilerName: GCC  CompilerVersion: 8.4.0
ProgramName: mri_tessellate  ProgramArguments: mri_tessellate -all-info  ProgramVersion: 7.3.2  TimeStamp: 2026/03/10-13:18:39-GMT  BuildTime: Aug  4 2022 06:17:15  BuildStamp: freesurfer-linux-ubuntu22_x86_64-7.3.2-20220804-6354275  User: oesteban  Machine: dna063  Platform: Linux  PlatformVersion: 5.14.0-427.37.1.el9_4.x86_64  CompilerName: GCC  CompilerVersion: 8.4.0
ProgramName: mri_vol2surf  ProgramArguments: mri_vol2surf -all-info  ProgramVersion: 7.3.2  TimeStamp: 2026/03/10-13:18:39-GMT  BuildTime: Aug  4 2022 06:17:15  BuildStamp: freesurfer-linux-ubuntu22_x86_64-7.3.2-20220804-6354275  User: oesteban  Machine: dna063  Platform: Linux  PlatformVersion: 5.14.0-427.37.1.el9_4.x86_64  CompilerName: GCC  CompilerVersion: 8.4.0
ProgramName: mri_vol2vol  ProgramArguments: mri_vol2vol -all-info  ProgramVersion: 7.3.2  TimeStamp: 2026/03/10-13:18:39-GMT  BuildTime: Aug  4 2022 06:17:15  BuildStamp: freesurfer-linux-ubuntu22_x86_64-7.3.2-20220804-6354275  User: oesteban  Machine: dna063  Platform: Linux  PlatformVersion: 5.14.0-427.37.1.el9_4.x86_64  CompilerName: GCC  CompilerVersion: 8.4.0
ProgramName: mri_voldiff  ProgramArguments: mri_voldiff -all-info  ProgramVersion: 7.3.2  TimeStamp: 2026/03/10-13:18:39-GMT  BuildTime: Aug  4 2022 06:17:15  BuildStamp: freesurfer-linux-ubuntu22_x86_64-7.3.2-20220804-6354275  User: oesteban  Machine: dna063  Platform: Linux  PlatformVersion: 5.14.0-427.37.1.el9_4.x86_64  CompilerName: GCC  CompilerVersion: 8.4.0
ProgramName: mri_watershed  ProgramArguments: mri_watershed -all-info  ProgramVersion: 7.3.2  TimeStamp: 2026/03/10-13:18:39-GMT  BuildTime: Aug  4 2022 06:17:15  BuildStamp: freesurfer-linux-ubuntu22_x86_64-7.3.2-20220804-6354275  User: oesteban  Machine: dna063  Platform: Linux  PlatformVersion: 5.14.0-427.37.1.el9_4.x86_64  CompilerName: GCC  CompilerVersion: 8.4.0
ProgramName: tkregister2  ProgramArguments: tkregister2_cmdl -all-info  ProgramVersion: 7.3.2  TimeStamp: 2026/03/10-13:18:39-GMT  BuildTime: Aug  4 2022 06:17:15  BuildStamp: freesurfer-linux-ubuntu22_x86_64-7.3.2-20220804-6354275  User: oesteban  Machine: dna063  Platform: Linux  PlatformVersion: 5.14.0-427.37.1.el9_4.x86_64  CompilerName: GCC  CompilerVersion: 8.4.0
mri_motion_correct.fsl 7.3.2
mri_convert -all-info 
ProgramName: mri_convert  ProgramArguments: mri_convert -all-info  ProgramVersion: 7.3.2  TimeStamp: 2026/03/10-13:18:39-GMT  BuildTime: Aug  4 2022 06:17:15  BuildStamp: freesurfer-linux-ubuntu22_x86_64-7.3.2-20220804-6354275  User: oesteban  Machine: dna063  Platform: Linux  PlatformVersion: 5.14.0-427.37.1.el9_4.x86_64  CompilerName: GCC  CompilerVersion: 8.4.0
Program nu_correct, built from:
Package MNI N3, version 1.12.0, compiled by nicks@terrier (x86_64-unknown-linux-gnu) on 2015-06-19 at 01:25:34
#######################################
GCADIR /opt/freesurfer/average
GCA RB_all_2020-01-02.gca
GCASkull RB_all_withskull_2020_01_02.gca
AvgCurvTif folding.atlas.acfb40.noaparc.i12.2016-08-02.tif
GCSDIR /opt/freesurfer/average
GCS DKaparc.atlas.acfb40.noaparc.i12.2016-08-02.gcs
#######################################
#@# white curv lh Tue Mar 10 14:18:39 CET 2026
cd /out/sourcedata/freesurfer/sub-v1s8x0051332_ses-1/mri
mris_place_surface --curv-map ../surf/lh.white 2 10 ../surf/lh.curv
   Update not needed
#@# white area lh Tue Mar 10 14:18:39 CET 2026
cd /out/sourcedata/freesurfer/sub-v1s8x0051332_ses-1/mri
mris_place_surface --area-map ../surf/lh.white ../surf/lh.area
   Update not needed
#@# pial curv lh Tue Mar 10 14:18:39 CET 2026
cd /out/sourcedata/freesurfer/sub-v1s8x0051332_ses-1/mri
mris_place_surface --curv-map ../surf/lh.pial 2 10 ../surf/lh.curv.pial
   Update not needed
#@# pial area lh Tue Mar 10 14:18:39 CET 2026
cd /out/sourcedata/freesurfer/sub-v1s8x0051332_ses-1/mri
mris_place_surface --area-map ../surf/lh.pial ../surf/lh.area.pial
   Update not needed
#@# thickness lh Tue Mar 10 14:18:39 CET 2026
cd /out/sourcedata/freesurfer/sub-v1s8x0051332_ses-1/mri
mris_place_surface --thickness ../surf/lh.white ../surf/lh.pial 20 5 ../surf/lh.thickness
   Update not needed
#@# area and vertex vol lh Tue Mar 10 14:18:39 CET 2026
cd /out/sourcedata/freesurfer/sub-v1s8x0051332_ses-1/mri
mris_place_surface --thickness ../surf/lh.white ../surf/lh.pial 20 5 ../surf/lh.thickness
   Update not needed
#@# white curv rh Tue Mar 10 14:18:39 CET 2026
cd /out/sourcedata/freesurfer/sub-v1s8x0051332_ses-1/mri
mris_place_surface --curv-map ../surf/rh.white 2 10 ../surf/rh.curv
   Update not needed
#@# white area rh Tue Mar 10 14:18:39 CET 2026
cd /out/sourcedata/freesurfer/sub-v1s8x0051332_ses-1/mri
mris_place_surface --area-map ../surf/rh.white ../surf/rh.area
   Update not needed
#@# pial curv rh Tue Mar 10 14:18:39 CET 2026
cd /out/sourcedata/freesurfer/sub-v1s8x0051332_ses-1/mri
mris_place_surface --curv-map ../surf/rh.pial 2 10 ../surf/rh.curv.pial
   Update not needed
#@# pial area rh Tue Mar 10 14:18:39 CET 2026
cd /out/sourcedata/freesurfer/sub-v1s8x0051332_ses-1/mri
mris_place_surface --area-map ../surf/rh.pial ../surf/rh.area.pial
   Update not needed
#@# thickness rh Tue Mar 10 14:18:39 CET 2026
cd /out/sourcedata/freesurfer/sub-v1s8x0051332_ses-1/mri
mris_place_surface --thickness ../surf/rh.white ../surf/rh.pial 20 5 ../surf/rh.thickness
   Update not needed
#@# area and vertex vol rh Tue Mar 10 14:18:39 CET 2026
cd /out/sourcedata/freesurfer/sub-v1s8x0051332_ses-1/mri
mris_place_surface --thickness ../surf/rh.white ../surf/rh.pial 20 5 ../surf/rh.thickness
   Update not needed
#--------------------------------------------
#@# Cortical ribbon mask Tue Mar 10 14:18:39 CET 2026
/out/sourcedata/freesurfer/sub-v1s8x0051332_ses-1/mri

 mris_volmask --aseg_name aseg.presurf --label_left_white 2 --label_left_ribbon 3 --label_right_white 41 --label_right_ribbon 42 --save_ribbon sub-v1s8x0051332_ses-1 

SUBJECTS_DIR is /out/sourcedata/freesurfer
loading input data...
Running hemis serially
Processing left hemi
computing distance to left white surface 
computing distance to left pial surface 
Processing right hemi
computing distance to right white surface 
computing distance to right pial surface 
 hemi masks overlap voxels = 285
writing volume /out/sourcedata/freesurfer/sub-v1s8x0051332_ses-1/mri/ribbon.mgz
mris_volmask took 8.11 minutes
 writing ribbon files

Started at Tue Mar 10 14:18:39 CET 2026 
Ended   at Tue Mar 10 14:26:46 CET 2026
#@#%# recon-all-run-time-hours 0.135
recon-all -s sub-v1s8x0051332_ses-1 finished without error at Tue Mar 10 14:26:46 CET 2026



#New# invocation of recon-all 




Tue Mar 10 14:35:22 CET 2026
cd /out/sourcedata/freesurfer/sub-v1s8x0051332_ses-1
setenv SUBJECTS_DIR /out/sourcedata/freesurfer
/opt/freesurfer/bin/recon-all -autorecon3 -openmp 16 -subjid sub-v1s8x0051332_ses-1 -sd /out/sourcedata/freesurfer -nosphere -nosurfreg -nojacobian_white -noavgcurv -nocortparc -nopial -noparcstats -nocortparc2 -noparcstats2 -nocortparc3 -noparcstats3 -nopctsurfcon -nocortribbon -nobalabels

subjid sub-v1s8x0051332_ses-1
setenv SUBJECTS_DIR /out/sourcedata/freesurfer
FREESURFER_HOME /opt/freesurfer
Actual FREESURFER_HOME /opt/freesurfer
build-stamp.txt: freesurfer-linux-ubuntu22_x86_64-7.3.2-20220804-6354275
Linux dna063 5.14.0-427.37.1.el9_4.x86_64 #1 SMP PREEMPT_DYNAMIC Fri Sep 13 12:41:50 EDT 2024 x86_64 x86_64 x86_64 GNU/Linux
cputime      unlimited
filesize     unlimited
datasize     unlimited
stacksize    8192 kbytes
coredumpsize 0 kbytes
memoryuse    67108864 kbytes
vmemoryuse   unlimited
descriptors  1024 
memorylocked unlimited
maxproc      2061970 
maxlocks     unlimited
maxsignal    2061970 
maxmessage   819200 
maxnice      0 
maxrtprio    0 
maxrttime    unlimited

               total        used        free      shared  buff/cache   available
Mem:           503Gi        52Gi       338Gi        10Gi       112Gi       437Gi
Swap:             0B          0B          0B

########################################
program versions used
7.3.2 (freesurfer-linux-ubuntu22_x86_64-7.3.2-20220804-6354275)
7.3.2

ProgramName: lta_convert  ProgramArguments: lta_convert -all-info  ProgramVersion: 7.3.2  TimeStamp: 2026/03/10-13:35:22-GMT  BuildTime: Aug  4 2022 06:17:15  BuildStamp: freesurfer-linux-ubuntu22_x86_64-7.3.2-20220804-6354275  User: oesteban  Machine: dna063  Platform: Linux  PlatformVersion: 5.14.0-427.37.1.el9_4.x86_64  CompilerName: GCC  CompilerVersion: 8.4.0
ProgramName: mri_and  ProgramArguments: mri_and -all-info  ProgramVersion: 7.3.2  TimeStamp: 2026/03/10-13:35:22-GMT  BuildTime: Aug  4 2022 06:17:15  BuildStamp: freesurfer-linux-ubuntu22_x86_64-7.3.2-20220804-6354275  User: oesteban  Machine: dna063  Platform: Linux  PlatformVersion: 5.14.0-427.37.1.el9_4.x86_64  CompilerName: GCC  CompilerVersion: 8.4.0
ProgramName: mri_annotation2label  ProgramArguments: mri_annotation2label -all-info  ProgramVersion: 7.3.2  TimeStamp: 2026/03/10-13:35:22-GMT  BuildTime: Aug  4 2022 06:17:15  BuildStamp: freesurfer-linux-ubuntu22_x86_64-7.3.2-20220804-6354275  User: oesteban  Machine: dna063  Platform: Linux  PlatformVersion: 5.14.0-427.37.1.el9_4.x86_64  CompilerName: GCC  CompilerVersion: 8.4.0
ProgramName: mri_aparc2aseg  ProgramArguments: mri_aparc2aseg -all-info  ProgramVersion: 7.3.2  TimeStamp: 2026/03/10-13:35:22-GMT  BuildTime: Aug  4 2022 06:17:15  BuildStamp: freesurfer-linux-ubuntu22_x86_64-7.3.2-20220804-6354275  User: oesteban  Machine: dna063  Platform: Linux  PlatformVersion: 5.14.0-427.37.1.el9_4.x86_64  CompilerName: GCC  CompilerVersion: 8.4.0
ProgramName: mri_surf2volseg  ProgramArguments: mri_surf2volseg -all-info  ProgramVersion: 7.3.2  TimeStamp: 2026/03/10-13:35:22-GMT  BuildTime: Aug  4 2022 06:17:15  BuildStamp: freesurfer-linux-ubuntu22_x86_64-7.3.2-20220804-6354275  User: oesteban  Machine: dna063  Platform: Linux  PlatformVersion: 5.14.0-427.37.1.el9_4.x86_64  CompilerName: GCC  CompilerVersion: 8.4.0
ProgramName: mri_binarize  ProgramArguments: mri_binarize -all-info  ProgramVersion: 7.3.2  TimeStamp: 2026/03/10-13:35:22-GMT  BuildTime: Aug  4 2022 06:17:15  BuildStamp: freesurfer-linux-ubuntu22_x86_64-7.3.2-20220804-6354275  User: oesteban  Machine: dna063  Platform: Linux  PlatformVersion: 5.14.0-427.37.1.el9_4.x86_64  CompilerName: GCC  CompilerVersion: 8.4.0
ProgramName: mri_ca_label  ProgramArguments: mri_ca_label -all-info  ProgramVersion: 7.3.2  TimeStamp: 2026/03/10-13:35:22-GMT  BuildTime: Aug  4 2022 06:17:15  BuildStamp: freesurfer-linux-ubuntu22_x86_64-7.3.2-20220804-6354275  User: oesteban  Machine: dna063  Platform: Linux  PlatformVersion: 5.14.0-427.37.1.el9_4.x86_64  CompilerName: GCC  CompilerVersion: 8.4.0
ProgramName: mri_ca_normalize  ProgramArguments: mri_ca_normalize -all-info  ProgramVersion: 7.3.2  TimeStamp: 2026/03/10-13:35:22-GMT  BuildTime: Aug  4 2022 06:17:15  BuildStamp: freesurfer-linux-ubuntu22_x86_64-7.3.2-20220804-6354275  User: oesteban  Machine: dna063  Platform: Linux  PlatformVersion: 5.14.0-427.37.1.el9_4.x86_64  CompilerName: GCC  CompilerVersion: 8.4.0
ProgramName: mri_ca_register  ProgramArguments: mri_ca_register -all-info  ProgramVersion: 7.3.2  TimeStamp: 2026/03/10-13:35:22-GMT  BuildTime: Aug  4 2022 06:17:15  BuildStamp: freesurfer-linux-ubuntu22_x86_64-7.3.2-20220804-6354275  User: oesteban  Machine: dna063  Platform: Linux  PlatformVersion: 5.14.0-427.37.1.el9_4.x86_64  CompilerName: GCC  CompilerVersion: 8.4.0
ProgramName: mri_cc  ProgramArguments: mri_cc -all-info  ProgramVersion: 7.3.2  TimeStamp: 2026/03/10-13:35:22-GMT  BuildTime: Aug  4 2022 06:17:15  BuildStamp: freesurfer-linux-ubuntu22_x86_64-7.3.2-20220804-6354275  User: oesteban  Machine: dna063  Platform: Linux  PlatformVersion: 5.14.0-427.37.1.el9_4.x86_64  CompilerName: GCC  CompilerVersion: 8.4.0
ProgramName: mri_compute_overlap  ProgramArguments: mri_compute_overlap -all-info  ProgramVersion: 7.3.2  TimeStamp: 2026/03/10-13:35:22-GMT  BuildTime: Aug  4 2022 06:17:15  BuildStamp: freesurfer-linux-ubuntu22_x86_64-7.3.2-20220804-6354275  User: oesteban  Machine: dna063  Platform: Linux  PlatformVersion: 5.14.0-427.37.1.el9_4.x86_64  CompilerName: GCC  CompilerVersion: 8.4.0
ProgramName: mri_compute_seg_overlap  ProgramArguments: mri_compute_seg_overlap -all-info  ProgramVersion: 7.3.2  TimeStamp: 2026/03/10-13:35:22-GMT  BuildTime: Aug  4 2022 06:17:15  BuildStamp: freesurfer-linux-ubuntu22_x86_64-7.3.2-20220804-6354275  User: oesteban  Machine: dna063  Platform: Linux  PlatformVersion: 5.14.0-427.37.1.el9_4.x86_64  CompilerName: GCC  CompilerVersion: 8.4.0
ProgramName: mri_concat  ProgramArguments: mri_concat -all-info  ProgramVersion: 7.3.2  TimeStamp: 2026/03/10-13:35:22-GMT  BuildTime: Aug  4 2022 06:17:15  BuildStamp: freesurfer-linux-ubuntu22_x86_64-7.3.2-20220804-6354275  User: oesteban  Machine: dna063  Platform: Linux  PlatformVersion: 5.14.0-427.37.1.el9_4.x86_64  CompilerName: GCC  CompilerVersion: 8.4.0
ProgramName: mri_concatenate_lta  ProgramArguments: mri_concatenate_lta -all-info  ProgramVersion: 7.3.2  TimeStamp: 2026/03/10-13:35:22-GMT  BuildTime: Aug  4 2022 06:17:15  BuildStamp: freesurfer-linux-ubuntu22_x86_64-7.3.2-20220804-6354275  User: oesteban  Machine: dna063  Platform: Linux  PlatformVersion: 5.14.0-427.37.1.el9_4.x86_64  CompilerName: GCC  CompilerVersion: 8.4.0
mri_convert -all-info 
ProgramName: mri_convert  ProgramArguments: mri_convert -all-info  ProgramVersion: 7.3.2  TimeStamp: 2026/03/10-13:35:22-GMT  BuildTime: Aug  4 2022 06:17:15  BuildStamp: freesurfer-linux-ubuntu22_x86_64-7.3.2-20220804-6354275  User: oesteban  Machine: dna063  Platform: Linux  PlatformVersion: 5.14.0-427.37.1.el9_4.x86_64  CompilerName: GCC  CompilerVersion: 8.4.0
ProgramName: mri_diff  ProgramArguments: mri_diff -all-info  ProgramVersion: 7.3.2  TimeStamp: 2026/03/10-13:35:22-GMT  BuildTime: Aug  4 2022 06:17:15  BuildStamp: freesurfer-linux-ubuntu22_x86_64-7.3.2-20220804-6354275  User: oesteban  Machine: dna063  Platform: Linux  PlatformVersion: 5.14.0-427.37.1.el9_4.x86_64  CompilerName: GCC  CompilerVersion: 8.4.0
ProgramName: mri_edit_wm_with_aseg  ProgramArguments: mri_edit_wm_with_aseg -all-info  ProgramVersion: 7.3.2  TimeStamp: 2026/03/10-13:35:22-GMT  BuildTime: Aug  4 2022 06:17:15  BuildStamp: freesurfer-linux-ubuntu22_x86_64-7.3.2-20220804-6354275  User: oesteban  Machine: dna063  Platform: Linux  PlatformVersion: 5.14.0-427.37.1.el9_4.x86_64  CompilerName: GCC  CompilerVersion: 8.4.0
ProgramName: mri_em_register  ProgramArguments: mri_em_register -all-info  ProgramVersion: 7.3.2  TimeStamp: 2026/03/10-13:35:22-GMT  BuildTime: Aug  4 2022 06:17:15  BuildStamp: freesurfer-linux-ubuntu22_x86_64-7.3.2-20220804-6354275  User: oesteban  Machine: dna063  Platform: Linux  PlatformVersion: 5.14.0-427.37.1.el9_4.x86_64  CompilerName: GCC  CompilerVersion: 8.4.0
ProgramName: mri_fill  ProgramArguments: mri_fill -all-info  ProgramVersion: 7.3.2  TimeStamp: 2026/03/10-13:35:22-GMT  BuildTime: Aug  4 2022 06:17:15  BuildStamp: freesurfer-linux-ubuntu22_x86_64-7.3.2-20220804-6354275  User: oesteban  Machine: dna063  Platform: Linux  PlatformVersion: 5.14.0-427.37.1.el9_4.x86_64  CompilerName: GCC  CompilerVersion: 8.4.0
ProgramName: mri_fuse_segmentations  ProgramArguments: mri_fuse_segmentations -all-info  ProgramVersion: 7.3.2  TimeStamp: 2026/03/10-13:35:22-GMT  BuildTime: Aug  4 2022 06:17:15  BuildStamp: freesurfer-linux-ubuntu22_x86_64-7.3.2-20220804-6354275  User: oesteban  Machine: dna063  Platform: Linux  PlatformVersion: 5.14.0-427.37.1.el9_4.x86_64  CompilerName: GCC  CompilerVersion: 8.4.0
ProgramName: mri_fwhm  ProgramArguments: mri_fwhm -all-info  ProgramVersion: 7.3.2  TimeStamp: 2026/03/10-13:35:23-GMT  BuildTime: Aug  4 2022 06:17:15  BuildStamp: freesurfer-linux-ubuntu22_x86_64-7.3.2-20220804-6354275  User: oesteban  Machine: dna063  Platform: Linux  PlatformVersion: 5.14.0-427.37.1.el9_4.x86_64  CompilerName: GCC  CompilerVersion: 8.4.0
ProgramName: mri_gcut  ProgramArguments: mri_gcut -all-info  ProgramVersion: 7.3.2  TimeStamp: 2026/03/10-13:35:23-GMT  BuildTime: Aug  4 2022 06:17:15  BuildStamp: freesurfer-linux-ubuntu22_x86_64-7.3.2-20220804-6354275  User: oesteban  Machine: dna063  Platform: Linux  PlatformVersion: 5.14.0-427.37.1.el9_4.x86_64  CompilerName: GCC  CompilerVersion: 8.4.0
ProgramName: mri_info  ProgramArguments: mri_info -all-info  ProgramVersion: 7.3.2  TimeStamp: 2026/03/10-13:35:23-GMT  BuildTime: Aug  4 2022 06:17:15  BuildStamp: freesurfer-linux-ubuntu22_x86_64-7.3.2-20220804-6354275  User: oesteban  Machine: dna063  Platform: Linux  PlatformVersion: 5.14.0-427.37.1.el9_4.x86_64  CompilerName: GCC  CompilerVersion: 8.4.0
ProgramName: mri_label2label  ProgramArguments: mri_label2label -all-info  ProgramVersion: 7.3.2  TimeStamp: 2026/03/10-13:35:23-GMT  BuildTime: Aug  4 2022 06:17:15  BuildStamp: freesurfer-linux-ubuntu22_x86_64-7.3.2-20220804-6354275  User: oesteban  Machine: dna063  Platform: Linux  PlatformVersion: 5.14.0-427.37.1.el9_4.x86_64  CompilerName: GCC  CompilerVersion: 8.4.0
ProgramName: mri_label2vol  ProgramArguments: mri_label2vol -all-info  ProgramVersion: 7.3.2  TimeStamp: 2026/03/10-13:35:23-GMT  BuildTime: Aug  4 2022 06:17:15  BuildStamp: freesurfer-linux-ubuntu22_x86_64-7.3.2-20220804-6354275  User: oesteban  Machine: dna063  Platform: Linux  PlatformVersion: 5.14.0-427.37.1.el9_4.x86_64  CompilerName: GCC  CompilerVersion: 8.4.0
ProgramName: mri_log_likelihood  ProgramArguments: mri_log_likelihood -all-info  ProgramVersion: 7.3.2  TimeStamp: 2026/03/10-13:35:23-GMT  BuildTime: Aug  4 2022 06:17:15  BuildStamp: freesurfer-linux-ubuntu22_x86_64-7.3.2-20220804-6354275  User: oesteban  Machine: dna063  Platform: Linux  PlatformVersion: 5.14.0-427.37.1.el9_4.x86_64  CompilerName: GCC  CompilerVersion: 8.4.0
ProgramName: mri_mask  ProgramArguments: mri_mask -all-info  ProgramVersion: 7.3.2  TimeStamp: 2026/03/10-13:35:23-GMT  BuildTime: Aug  4 2022 06:17:15  BuildStamp: freesurfer-linux-ubuntu22_x86_64-7.3.2-20220804-6354275  User: oesteban  Machine: dna063  Platform: Linux  PlatformVersion: 5.14.0-427.37.1.el9_4.x86_64  CompilerName: GCC  CompilerVersion: 8.4.0
ProgramName: mri_matrix_multiply  ProgramArguments: mri_matrix_multiply -all-info  ProgramVersion: 7.3.2  TimeStamp: 2026/03/10-13:35:23-GMT  BuildTime: Aug  4 2022 06:17:15  BuildStamp: freesurfer-linux-ubuntu22_x86_64-7.3.2-20220804-6354275  User: oesteban  Machine: dna063  Platform: Linux  PlatformVersion: 5.14.0-427.37.1.el9_4.x86_64  CompilerName: GCC  CompilerVersion: 8.4.0
ProgramName: mri_normalize  ProgramArguments: mri_normalize -all-info  ProgramVersion: 7.3.2  TimeStamp: 2026/03/10-13:35:23-GMT  BuildTime: Aug  4 2022 06:17:15  BuildStamp: freesurfer-linux-ubuntu22_x86_64-7.3.2-20220804-6354275  User: oesteban  Machine: dna063  Platform: Linux  PlatformVersion: 5.14.0-427.37.1.el9_4.x86_64  CompilerName: GCC  CompilerVersion: 8.4.0
ProgramName: mri_normalize_tp2  ProgramArguments: mri_normalize_tp2 -all-info  ProgramVersion: 7.3.2  TimeStamp: 2026/03/10-13:35:23-GMT  BuildTime: Aug  4 2022 06:17:15  BuildStamp: freesurfer-linux-ubuntu22_x86_64-7.3.2-20220804-6354275  User: oesteban  Machine: dna063  Platform: Linux  PlatformVersion: 5.14.0-427.37.1.el9_4.x86_64  CompilerName: GCC  CompilerVersion: 8.4.0
ProgramName: mri_or  ProgramArguments: mri_or -all-info  ProgramVersion: 7.3.2  TimeStamp: 2026/03/10-13:35:23-GMT  BuildTime: Aug  4 2022 06:17:15  BuildStamp: freesurfer-linux-ubuntu22_x86_64-7.3.2-20220804-6354275  User: oesteban  Machine: dna063  Platform: Linux  PlatformVersion: 5.14.0-427.37.1.el9_4.x86_64  CompilerName: GCC  CompilerVersion: 8.4.0
ProgramName: mri_relabel_hypointensities  ProgramArguments: mri_relabel_hypointensities -all-info  ProgramVersion: 7.3.2  TimeStamp: 2026/03/10-13:35:23-GMT  BuildTime: Aug  4 2022 06:17:15  BuildStamp: freesurfer-linux-ubuntu22_x86_64-7.3.2-20220804-6354275  User: oesteban  Machine: dna063  Platform: Linux  PlatformVersion: 5.14.0-427.37.1.el9_4.x86_64  CompilerName: GCC  CompilerVersion: 8.4.0
ProgramName: mri_relabel_nonwm_hypos  ProgramArguments: mri_relabel_nonwm_hypos -all-info  ProgramVersion: 7.3.2  TimeStamp: 2026/03/10-13:35:23-GMT  BuildTime: Aug  4 2022 06:17:15  BuildStamp: freesurfer-linux-ubuntu22_x86_64-7.3.2-20220804-6354275  User: oesteban  Machine: dna063  Platform: Linux  PlatformVersion: 5.14.0-427.37.1.el9_4.x86_64  CompilerName: GCC  CompilerVersion: 8.4.0
ProgramName: mri_remove_neck  ProgramArguments: mri_remove_neck -all-info  ProgramVersion: 7.3.2  TimeStamp: 2026/03/10-13:35:23-GMT  BuildTime: Aug  4 2022 06:17:15  BuildStamp: freesurfer-linux-ubuntu22_x86_64-7.3.2-20220804-6354275  User: oesteban  Machine: dna063  Platform: Linux  PlatformVersion: 5.14.0-427.37.1.el9_4.x86_64  CompilerName: GCC  CompilerVersion: 8.4.0
7.3.2

ProgramName: mri_robust_register  ProgramArguments: mri_robust_register -all-info  ProgramVersion: 7.3.2  TimeStamp: 2026/03/10-13:35:23-GMT  BuildTime: Aug  4 2022 06:17:15  BuildStamp: freesurfer-linux-ubuntu22_x86_64-7.3.2-20220804-6354275  User: oesteban  Machine: dna063  Platform: Linux  PlatformVersion: 5.14.0-427.37.1.el9_4.x86_64  CompilerName: GCC  CompilerVersion: 8.4.0
7.3.2

ProgramName: mri_robust_template  ProgramArguments: mri_robust_template -all-info  ProgramVersion: 7.3.2  TimeStamp: 2026/03/10-13:35:23-GMT  BuildTime: Aug  4 2022 06:17:15  BuildStamp: freesurfer-linux-ubuntu22_x86_64-7.3.2-20220804-6354275  User: oesteban  Machine: dna063  Platform: Linux  PlatformVersion: 5.14.0-427.37.1.el9_4.x86_64  CompilerName: GCC  CompilerVersion: 8.4.0
ProgramName: mris_anatomical_stats  ProgramArguments: mris_anatomical_stats -all-info  ProgramVersion: 7.3.2  TimeStamp: 2026/03/10-13:35:23-GMT  BuildTime: Aug  4 2022 06:17:15  BuildStamp: freesurfer-linux-ubuntu22_x86_64-7.3.2-20220804-6354275  User: oesteban  Machine: dna063  Platform: Linux  PlatformVersion: 5.14.0-427.37.1.el9_4.x86_64  CompilerName: GCC  CompilerVersion: 8.4.0
ProgramName: mris_ca_label  ProgramArguments: mris_ca_label -all-info  ProgramVersion: 7.3.2  TimeStamp: 2026/03/10-13:35:23-GMT  BuildTime: Aug  4 2022 06:17:15  BuildStamp: freesurfer-linux-ubuntu22_x86_64-7.3.2-20220804-6354275  User: oesteban  Machine: dna063  Platform: Linux  PlatformVersion: 5.14.0-427.37.1.el9_4.x86_64  CompilerName: GCC  CompilerVersion: 8.4.0
ProgramName: mris_calc  ProgramArguments: mris_calc -all-info  ProgramVersion: 7.3.2  TimeStamp: 2026/03/10-13:35:23-GMT  BuildTime: Aug  4 2022 06:17:15  BuildStamp: freesurfer-linux-ubuntu22_x86_64-7.3.2-20220804-6354275  User: oesteban  Machine: dna063  Platform: Linux  PlatformVersion: 5.14.0-427.37.1.el9_4.x86_64  CompilerName: GCC  CompilerVersion: 8.4.0
ProgramName: mris_convert  ProgramArguments: mris_convert -all-info  ProgramVersion: 7.3.2  TimeStamp: 2026/03/10-13:35:23-GMT  BuildTime: Aug  4 2022 06:17:15  BuildStamp: freesurfer-linux-ubuntu22_x86_64-7.3.2-20220804-6354275  User: oesteban  Machine: dna063  Platform: Linux  PlatformVersion: 5.14.0-427.37.1.el9_4.x86_64  CompilerName: GCC  CompilerVersion: 8.4.0
ProgramName: mris_curvature  ProgramArguments: mris_curvature -all-info  ProgramVersion: 7.3.2  TimeStamp: 2026/03/10-13:35:23-GMT  BuildTime: Aug  4 2022 06:17:15  BuildStamp: freesurfer-linux-ubuntu22_x86_64-7.3.2-20220804-6354275  User: oesteban  Machine: dna063  Platform: Linux  PlatformVersion: 5.14.0-427.37.1.el9_4.x86_64  CompilerName: GCC  CompilerVersion: 8.4.0
ProgramName: mris_curvature_stats  ProgramArguments: mris_curvature_stats -all-info  ProgramVersion: 7.3.2  TimeStamp: 2026/03/10-13:35:23-GMT  BuildTime: Aug  4 2022 06:17:15  BuildStamp: freesurfer-linux-ubuntu22_x86_64-7.3.2-20220804-6354275  User: oesteban  Machine: dna063  Platform: Linux  PlatformVersion: 5.14.0-427.37.1.el9_4.x86_64  CompilerName: GCC  CompilerVersion: 8.4.0
ProgramName: mris_diff  ProgramArguments: mris_diff -all-info  ProgramVersion: 7.3.2  TimeStamp: 2026/03/10-13:35:23-GMT  BuildTime: Aug  4 2022 06:17:15  BuildStamp: freesurfer-linux-ubuntu22_x86_64-7.3.2-20220804-6354275  User: oesteban  Machine: dna063  Platform: Linux  PlatformVersion: 5.14.0-427.37.1.el9_4.x86_64  CompilerName: GCC  CompilerVersion: 8.4.0
ProgramName: mris_divide_parcellation  ProgramArguments: mris_divide_parcellation -all-info  ProgramVersion: 7.3.2  TimeStamp: 2026/03/10-13:35:23-GMT  BuildTime: Aug  4 2022 06:17:15  BuildStamp: freesurfer-linux-ubuntu22_x86_64-7.3.2-20220804-6354275  User: oesteban  Machine: dna063  Platform: Linux  PlatformVersion: 5.14.0-427.37.1.el9_4.x86_64  CompilerName: GCC  CompilerVersion: 8.4.0
ProgramName: mri_segment  ProgramArguments: mri_segment -all-info  ProgramVersion: 7.3.2  TimeStamp: 2026/03/10-13:35:23-GMT  BuildTime: Aug  4 2022 06:17:15  BuildStamp: freesurfer-linux-ubuntu22_x86_64-7.3.2-20220804-6354275  User: oesteban  Machine: dna063  Platform: Linux  PlatformVersion: 5.14.0-427.37.1.el9_4.x86_64  CompilerName: GCC  CompilerVersion: 8.4.0
ProgramName: mri_segstats  ProgramArguments: mri_segstats -all-info  ProgramVersion: 7.3.2  TimeStamp: 2026/03/10-13:35:23-GMT  BuildTime: Aug  4 2022 06:17:15  BuildStamp: freesurfer-linux-ubuntu22_x86_64-7.3.2-20220804-6354275  User: oesteban  Machine: dna063  Platform: Linux  PlatformVersion: 5.14.0-427.37.1.el9_4.x86_64  CompilerName: GCC  CompilerVersion: 8.4.0
ProgramName: mris_euler_number  ProgramArguments: mris_euler_number -all-info  ProgramVersion: 7.3.2  TimeStamp: 2026/03/10-13:35:23-GMT  BuildTime: Aug  4 2022 06:17:15  BuildStamp: freesurfer-linux-ubuntu22_x86_64-7.3.2-20220804-6354275  User: oesteban  Machine: dna063  Platform: Linux  PlatformVersion: 5.14.0-427.37.1.el9_4.x86_64  CompilerName: GCC  CompilerVersion: 8.4.0
ProgramName: mris_fix_topology  ProgramArguments: mris_fix_topology -all-info  ProgramVersion: 7.3.2  TimeStamp: 2026/03/10-13:35:23-GMT  BuildTime: Aug  4 2022 06:17:15  BuildStamp: freesurfer-linux-ubuntu22_x86_64-7.3.2-20220804-6354275  User: oesteban  Machine: dna063  Platform: Linux  PlatformVersion: 5.14.0-427.37.1.el9_4.x86_64  CompilerName: GCC  CompilerVersion: 8.4.0
ProgramName: mris_topo_fixer  ProgramArguments: mris_topo_fixer -all-info  ProgramVersion: 7.3.2  TimeStamp: 2026/03/10-13:35:23-GMT  BuildTime: Aug  4 2022 06:17:15  BuildStamp: freesurfer-linux-ubuntu22_x86_64-7.3.2-20220804-6354275  User: oesteban  Machine: dna063  Platform: Linux  PlatformVersion: 5.14.0-427.37.1.el9_4.x86_64  CompilerName: GCC  CompilerVersion: 8.4.0
ProgramName: mris_jacobian  ProgramArguments: mris_jacobian -all-info  ProgramVersion: 7.3.2  TimeStamp: 2026/03/10-13:35:23-GMT  BuildTime: Aug  4 2022 06:17:15  BuildStamp: freesurfer-linux-ubuntu22_x86_64-7.3.2-20220804-6354275  User: oesteban  Machine: dna063  Platform: Linux  PlatformVersion: 5.14.0-427.37.1.el9_4.x86_64  CompilerName: GCC  CompilerVersion: 8.4.0
ProgramName: mris_label2annot  ProgramArguments: mris_label2annot -all-info  ProgramVersion: 7.3.2  TimeStamp: 2026/03/10-13:35:23-GMT  BuildTime: Aug  4 2022 06:17:15  BuildStamp: freesurfer-linux-ubuntu22_x86_64-7.3.2-20220804-6354275  User: oesteban  Machine: dna063  Platform: Linux  PlatformVersion: 5.14.0-427.37.1.el9_4.x86_64  CompilerName: GCC  CompilerVersion: 8.4.0
ProgramName: mris_left_right_register  ProgramArguments: mris_left_right_register -all-info  ProgramVersion: 7.3.2  TimeStamp: 2026/03/10-13:35:23-GMT  BuildTime: Aug  4 2022 06:17:15  BuildStamp: freesurfer-linux-ubuntu22_x86_64-7.3.2-20220804-6354275  User: oesteban  Machine: dna063  Platform: Linux  PlatformVersion: 5.14.0-427.37.1.el9_4.x86_64  CompilerName: GCC  CompilerVersion: 8.4.0
ProgramName: mris_place_surface  ProgramArguments: mris_place_surface -all-info  ProgramVersion: 7.3.2  TimeStamp: 2026/03/10-13:35:23-GMT  BuildTime: Aug  4 2022 06:17:15  BuildStamp: freesurfer-linux-ubuntu22_x86_64-7.3.2-20220804-6354275  User: oesteban  Machine: dna063  Platform: Linux  PlatformVersion: 5.14.0-427.37.1.el9_4.x86_64  CompilerName: GCC  CompilerVersion: 8.4.0
ProgramName: mrisp_paint  ProgramArguments: mrisp_paint -all-info  ProgramVersion: 7.3.2  TimeStamp: 2026/03/10-13:35:23-GMT  BuildTime: Aug  4 2022 06:17:15  BuildStamp: freesurfer-linux-ubuntu22_x86_64-7.3.2-20220804-6354275  User: oesteban  Machine: dna063  Platform: Linux  PlatformVersion: 5.14.0-427.37.1.el9_4.x86_64  CompilerName: GCC  CompilerVersion: 8.4.0
ProgramName: mris_register  ProgramArguments: mris_register -all-info  ProgramVersion: 7.3.2  TimeStamp: 2026/03/10-13:35:23-GMT  BuildTime: Aug  4 2022 06:17:15  BuildStamp: freesurfer-linux-ubuntu22_x86_64-7.3.2-20220804-6354275  User: oesteban  Machine: dna063  Platform: Linux  PlatformVersion: 5.14.0-427.37.1.el9_4.x86_64  CompilerName: GCC  CompilerVersion: 8.4.0
ProgramName: mris_smooth  ProgramArguments: mris_smooth -all-info  ProgramVersion: 7.3.2  TimeStamp: 2026/03/10-13:35:23-GMT  BuildTime: Aug  4 2022 06:17:15  BuildStamp: freesurfer-linux-ubuntu22_x86_64-7.3.2-20220804-6354275  User: oesteban  Machine: dna063  Platform: Linux  PlatformVersion: 5.14.0-427.37.1.el9_4.x86_64  CompilerName: GCC  CompilerVersion: 8.4.0
ProgramName: mris_sphere  ProgramArguments: mris_sphere -all-info  ProgramVersion: 7.3.2  TimeStamp: 2026/03/10-13:35:23-GMT  BuildTime: Aug  4 2022 06:17:15  BuildStamp: freesurfer-linux-ubuntu22_x86_64-7.3.2-20220804-6354275  User: oesteban  Machine: dna063  Platform: Linux  PlatformVersion: 5.14.0-427.37.1.el9_4.x86_64  CompilerName: GCC  CompilerVersion: 8.4.0
ProgramName: mris_surface_stats  ProgramArguments: mris_surface_stats -all-info  ProgramVersion: 7.3.2  TimeStamp: 2026/03/10-13:35:23-GMT  BuildTime: Aug  4 2022 06:17:15  BuildStamp: freesurfer-linux-ubuntu22_x86_64-7.3.2-20220804-6354275  User: oesteban  Machine: dna063  Platform: Linux  PlatformVersion: 5.14.0-427.37.1.el9_4.x86_64  CompilerName: GCC  CompilerVersion: 8.4.0
ProgramName: mri_stats2seg  ProgramArguments: mri_stats2seg -all-info  ProgramVersion: 7.3.2  TimeStamp: 2026/03/10-13:35:23-GMT  BuildTime: Aug  4 2022 06:17:15  BuildStamp: freesurfer-linux-ubuntu22_x86_64-7.3.2-20220804-6354275  User: oesteban  Machine: dna063  Platform: Linux  PlatformVersion: 5.14.0-427.37.1.el9_4.x86_64  CompilerName: GCC  CompilerVersion: 8.4.0
ProgramName: mris_thickness  ProgramArguments: mris_thickness -all-info  ProgramVersion: 7.3.2  TimeStamp: 2026/03/10-13:35:23-GMT  BuildTime: Aug  4 2022 06:17:15  BuildStamp: freesurfer-linux-ubuntu22_x86_64-7.3.2-20220804-6354275  User: oesteban  Machine: dna063  Platform: Linux  PlatformVersion: 5.14.0-427.37.1.el9_4.x86_64  CompilerName: GCC  CompilerVersion: 8.4.0
ProgramName: mris_thickness_diff  ProgramArguments: mris_thickness_diff -all-info  ProgramVersion: 7.3.2  TimeStamp: 2026/03/10-13:35:23-GMT  BuildTime: Aug  4 2022 06:17:15  BuildStamp: freesurfer-linux-ubuntu22_x86_64-7.3.2-20220804-6354275  User: oesteban  Machine: dna063  Platform: Linux  PlatformVersion: 5.14.0-427.37.1.el9_4.x86_64  CompilerName: GCC  CompilerVersion: 8.4.0
ProgramName: mris_topo_fixer  ProgramArguments: mris_topo_fixer -all-info  ProgramVersion: 7.3.2  TimeStamp: 2026/03/10-13:35:23-GMT  BuildTime: Aug  4 2022 06:17:15  BuildStamp: freesurfer-linux-ubuntu22_x86_64-7.3.2-20220804-6354275  User: oesteban  Machine: dna063  Platform: Linux  PlatformVersion: 5.14.0-427.37.1.el9_4.x86_64  CompilerName: GCC  CompilerVersion: 8.4.0
ProgramName: mri_surf2surf  ProgramArguments: mri_surf2surf -all-info  ProgramVersion: 7.3.2  TimeStamp: 2026/03/10-13:35:23-GMT  BuildTime: Aug  4 2022 06:17:15  BuildStamp: freesurfer-linux-ubuntu22_x86_64-7.3.2-20220804-6354275  User: oesteban  Machine: dna063  Platform: Linux  PlatformVersion: 5.14.0-427.37.1.el9_4.x86_64  CompilerName: GCC  CompilerVersion: 8.4.0
ProgramName: mri_surf2vol  ProgramArguments: mri_surf2vol -all-info  ProgramVersion: 7.3.2  TimeStamp: 2026/03/10-13:35:23-GMT  BuildTime: Aug  4 2022 06:17:15  BuildStamp: freesurfer-linux-ubuntu22_x86_64-7.3.2-20220804-6354275  User: oesteban  Machine: dna063  Platform: Linux  PlatformVersion: 5.14.0-427.37.1.el9_4.x86_64  CompilerName: GCC  CompilerVersion: 8.4.0
ProgramName: mri_surfcluster  ProgramArguments: mri_surfcluster -all-info  ProgramVersion: 7.3.2  TimeStamp: 2026/03/10-13:35:23-GMT  BuildTime: Aug  4 2022 06:17:15  BuildStamp: freesurfer-linux-ubuntu22_x86_64-7.3.2-20220804-6354275  User: oesteban  Machine: dna063  Platform: Linux  PlatformVersion: 5.14.0-427.37.1.el9_4.x86_64  CompilerName: GCC  CompilerVersion: 8.4.0
ProgramName: mris_volmask  ProgramArguments: mris_volmask -all-info  ProgramVersion: 7.3.2  TimeStamp: 2026/03/10-13:35:23-GMT  BuildTime: Aug  4 2022 06:17:15  BuildStamp: freesurfer-linux-ubuntu22_x86_64-7.3.2-20220804-6354275  User: oesteban  Machine: dna063  Platform: Linux  PlatformVersion: 5.14.0-427.37.1.el9_4.x86_64  CompilerName: GCC  CompilerVersion: 8.4.0
ProgramName: mri_tessellate  ProgramArguments: mri_tessellate -all-info  ProgramVersion: 7.3.2  TimeStamp: 2026/03/10-13:35:23-GMT  BuildTime: Aug  4 2022 06:17:15  BuildStamp: freesurfer-linux-ubuntu22_x86_64-7.3.2-20220804-6354275  User: oesteban  Machine: dna063  Platform: Linux  PlatformVersion: 5.14.0-427.37.1.el9_4.x86_64  CompilerName: GCC  CompilerVersion: 8.4.0
ProgramName: mri_vol2surf  ProgramArguments: mri_vol2surf -all-info  ProgramVersion: 7.3.2  TimeStamp: 2026/03/10-13:35:23-GMT  BuildTime: Aug  4 2022 06:17:15  BuildStamp: freesurfer-linux-ubuntu22_x86_64-7.3.2-20220804-6354275  User: oesteban  Machine: dna063  Platform: Linux  PlatformVersion: 5.14.0-427.37.1.el9_4.x86_64  CompilerName: GCC  CompilerVersion: 8.4.0
ProgramName: mri_vol2vol  ProgramArguments: mri_vol2vol -all-info  ProgramVersion: 7.3.2  TimeStamp: 2026/03/10-13:35:23-GMT  BuildTime: Aug  4 2022 06:17:15  BuildStamp: freesurfer-linux-ubuntu22_x86_64-7.3.2-20220804-6354275  User: oesteban  Machine: dna063  Platform: Linux  PlatformVersion: 5.14.0-427.37.1.el9_4.x86_64  CompilerName: GCC  CompilerVersion: 8.4.0
ProgramName: mri_voldiff  ProgramArguments: mri_voldiff -all-info  ProgramVersion: 7.3.2  TimeStamp: 2026/03/10-13:35:23-GMT  BuildTime: Aug  4 2022 06:17:15  BuildStamp: freesurfer-linux-ubuntu22_x86_64-7.3.2-20220804-6354275  User: oesteban  Machine: dna063  Platform: Linux  PlatformVersion: 5.14.0-427.37.1.el9_4.x86_64  CompilerName: GCC  CompilerVersion: 8.4.0
ProgramName: mri_watershed  ProgramArguments: mri_watershed -all-info  ProgramVersion: 7.3.2  TimeStamp: 2026/03/10-13:35:23-GMT  BuildTime: Aug  4 2022 06:17:15  BuildStamp: freesurfer-linux-ubuntu22_x86_64-7.3.2-20220804-6354275  User: oesteban  Machine: dna063  Platform: Linux  PlatformVersion: 5.14.0-427.37.1.el9_4.x86_64  CompilerName: GCC  CompilerVersion: 8.4.0
ProgramName: tkregister2  ProgramArguments: tkregister2_cmdl -all-info  ProgramVersion: 7.3.2  TimeStamp: 2026/03/10-13:35:23-GMT  BuildTime: Aug  4 2022 06:17:15  BuildStamp: freesurfer-linux-ubuntu22_x86_64-7.3.2-20220804-6354275  User: oesteban  Machine: dna063  Platform: Linux  PlatformVersion: 5.14.0-427.37.1.el9_4.x86_64  CompilerName: GCC  CompilerVersion: 8.4.0
mri_motion_correct.fsl 7.3.2
mri_convert -all-info 
ProgramName: mri_convert  ProgramArguments: mri_convert -all-info  ProgramVersion: 7.3.2  TimeStamp: 2026/03/10-13:35:23-GMT  BuildTime: Aug  4 2022 06:17:15  BuildStamp: freesurfer-linux-ubuntu22_x86_64-7.3.2-20220804-6354275  User: oesteban  Machine: dna063  Platform: Linux  PlatformVersion: 5.14.0-427.37.1.el9_4.x86_64  CompilerName: GCC  CompilerVersion: 8.4.0
Program nu_correct, built from:
Package MNI N3, version 1.12.0, compiled by nicks@terrier (x86_64-unknown-linux-gnu) on 2015-06-19 at 01:25:34
#######################################
GCADIR /opt/freesurfer/average
GCA RB_all_2020-01-02.gca
GCASkull RB_all_withskull_2020_01_02.gca
AvgCurvTif folding.atlas.acfb40.noaparc.i12.2016-08-02.tif
GCSDIR /opt/freesurfer/average
GCS DKaparc.atlas.acfb40.noaparc.i12.2016-08-02.gcs
#######################################
#--------------------------------------------
#@# WhiteSurfs lh Tue Mar 10 14:35:23 CET 2026
cd /out/sourcedata/freesurfer/sub-v1s8x0051332_ses-1/mri
mris_place_surface --adgws-in ../surf/autodet.gw.stats.lh.dat --seg aseg.presurf.mgz --threads 16 --wm wm.mgz --invol brain.finalsurfs.mgz --lh --i ../surf/lh.white.preaparc --o ../surf/lh.white --white --nsmooth 0 --rip-label ../label/lh.cortex.label --rip-bg --rip-surf ../surf/lh.white.preaparc --aparc ../label/lh.aparc.annot
   Update not needed
#--------------------------------------------
#@# WhiteSurfs rh Tue Mar 10 14:35:23 CET 2026
cd /out/sourcedata/freesurfer/sub-v1s8x0051332_ses-1/mri
mris_place_surface --adgws-in ../surf/autodet.gw.stats.rh.dat --seg aseg.presurf.mgz --threads 16 --wm wm.mgz --invol brain.finalsurfs.mgz --rh --i ../surf/rh.white.preaparc --o ../surf/rh.white --white --nsmooth 0 --rip-label ../label/rh.cortex.label --rip-bg --rip-surf ../surf/rh.white.preaparc --aparc ../label/rh.aparc.annot
   Update not needed
#@# white curv lh Tue Mar 10 14:35:23 CET 2026
cd /out/sourcedata/freesurfer/sub-v1s8x0051332_ses-1/mri
mris_place_surface --curv-map ../surf/lh.white 2 10 ../surf/lh.curv
   Update not needed
#@# white area lh Tue Mar 10 14:35:23 CET 2026
cd /out/sourcedata/freesurfer/sub-v1s8x0051332_ses-1/mri
mris_place_surface --area-map ../surf/lh.white ../surf/lh.area
   Update not needed
#@# pial curv lh Tue Mar 10 14:35:23 CET 2026
cd /out/sourcedata/freesurfer/sub-v1s8x0051332_ses-1/mri
mris_place_surface --curv-map ../surf/lh.pial 2 10 ../surf/lh.curv.pial
   Update not needed
#@# pial area lh Tue Mar 10 14:35:23 CET 2026
cd /out/sourcedata/freesurfer/sub-v1s8x0051332_ses-1/mri
mris_place_surface --area-map ../surf/lh.pial ../surf/lh.area.pial
   Update not needed
#@# thickness lh Tue Mar 10 14:35:23 CET 2026
cd /out/sourcedata/freesurfer/sub-v1s8x0051332_ses-1/mri
mris_place_surface --thickness ../surf/lh.white ../surf/lh.pial 20 5 ../surf/lh.thickness
   Update not needed
#@# area and vertex vol lh Tue Mar 10 14:35:23 CET 2026
cd /out/sourcedata/freesurfer/sub-v1s8x0051332_ses-1/mri
mris_place_surface --thickness ../surf/lh.white ../surf/lh.pial 20 5 ../surf/lh.thickness
   Update not needed
#@# white curv rh Tue Mar 10 14:35:23 CET 2026
cd /out/sourcedata/freesurfer/sub-v1s8x0051332_ses-1/mri
mris_place_surface --curv-map ../surf/rh.white 2 10 ../surf/rh.curv
   Update not needed
#@# white area rh Tue Mar 10 14:35:23 CET 2026
cd /out/sourcedata/freesurfer/sub-v1s8x0051332_ses-1/mri
mris_place_surface --area-map ../surf/rh.white ../surf/rh.area
   Update not needed
#@# pial curv rh Tue Mar 10 14:35:23 CET 2026
cd /out/sourcedata/freesurfer/sub-v1s8x0051332_ses-1/mri
mris_place_surface --curv-map ../surf/rh.pial 2 10 ../surf/rh.curv.pial
   Update not needed
#@# pial area rh Tue Mar 10 14:35:23 CET 2026
cd /out/sourcedata/freesurfer/sub-v1s8x0051332_ses-1/mri
mris_place_surface --area-map ../surf/rh.pial ../surf/rh.area.pial
   Update not needed
#@# thickness rh Tue Mar 10 14:35:23 CET 2026
cd /out/sourcedata/freesurfer/sub-v1s8x0051332_ses-1/mri
mris_place_surface --thickness ../surf/rh.white ../surf/rh.pial 20 5 ../surf/rh.thickness
   Update not needed
#@# area and vertex vol rh Tue Mar 10 14:35:23 CET 2026
cd /out/sourcedata/freesurfer/sub-v1s8x0051332_ses-1/mri
mris_place_surface --thickness ../surf/rh.white ../surf/rh.pial 20 5 ../surf/rh.thickness
   Update not needed

#-----------------------------------------
#@# Curvature Stats lh Tue Mar 10 14:35:23 CET 2026
/out/sourcedata/freesurfer/sub-v1s8x0051332_ses-1/surf

 mris_curvature_stats -m --writeCurvatureFiles -G -o ../stats/lh.curv.stats -F smoothwm sub-v1s8x0051332_ses-1 lh curv sulc 

             Toggling save flag on curvature files                       [ ok ]
                 Outputting results using filestem   [ ../stats/lh.curv.stats ]
             Toggling save flag on curvature files                       [ ok ]
                                   Setting surface [ sub-v1s8x0051332_ses-1/lh.smoothwm ]
                                Reading surface...                       [ ok ]
                                   Setting texture                     [ curv ]
                                Reading texture...                       [ ok ]
                                   Setting texture                     [ sulc ]
                                Reading texture...Gb_filter = 0
                       [ ok ]
      Calculating Discrete Principal Curvatures...
      Determining geometric order for vno faces... [####################] [ ok ]
                      Determining KH curvatures... [####################] [ ok ]
                    Determining k1k2 curvatures... [####################] [ ok ]
                                   deltaViolations                      [ 427 ]
Gb_filter = 0

#-----------------------------------------
#@# Curvature Stats rh Tue Mar 10 14:35:26 CET 2026
/out/sourcedata/freesurfer/sub-v1s8x0051332_ses-1/surf

 mris_curvature_stats -m --writeCurvatureFiles -G -o ../stats/rh.curv.stats -F smoothwm sub-v1s8x0051332_ses-1 rh curv sulc 

             Toggling save flag on curvature files                       [ ok ]
                 Outputting results using filestem   [ ../stats/rh.curv.stats ]
             Toggling save flag on curvature files                       [ ok ]
                                   Setting surface [ sub-v1s8x0051332_ses-1/rh.smoothwm ]
                                Reading surface...                       [ ok ]
                                   Setting texture                     [ curv ]
                                Reading texture...                       [ ok ]
                                   Setting texture                     [ sulc ]
                                Reading texture...Gb_filter = 0
                       [ ok ]
      Calculating Discrete Principal Curvatures...
      Determining geometric order for vno faces... [####################] [ ok ]
                      Determining KH curvatures... [####################] [ ok ]
                    Determining k1k2 curvatures... [####################] [ ok ]
                                   deltaViolations                      [ 424 ]
Gb_filter = 0

WARN:    S lookup   min:                          -0.093466
WARN:    S explicit min:                          0.000000	vertex = 161
#-----------------------------------------
#@# Relabel Hypointensities Tue Mar 10 14:35:30 CET 2026
/out/sourcedata/freesurfer/sub-v1s8x0051332_ses-1/mri

 mri_relabel_hypointensities aseg.presurf.mgz ../surf aseg.presurf.hypos.mgz 

reading input surface ../surf/lh.white...
relabeling lh hypointensities...
31325 voxels changed to hypointensity...
reading input surface ../surf/rh.white...
relabeling rh hypointensities...
28579 voxels changed to hypointensity...
51806 hypointense voxels neighboring cortex changed
#-----------------------------------------
#@# APas-to-ASeg Tue Mar 10 14:35:48 CET 2026
/out/sourcedata/freesurfer/sub-v1s8x0051332_ses-1/mri

 mri_surf2volseg --o aseg.mgz --i aseg.presurf.hypos.mgz --fix-presurf-with-ribbon /out/sourcedata/freesurfer/sub-v1s8x0051332_ses-1/mri/ribbon.mgz --threads 16 --lh-cortex-mask /out/sourcedata/freesurfer/sub-v1s8x0051332_ses-1/label/lh.cortex.label --lh-white /out/sourcedata/freesurfer/sub-v1s8x0051332_ses-1/surf/lh.white --lh-pial /out/sourcedata/freesurfer/sub-v1s8x0051332_ses-1/surf/lh.pial --rh-cortex-mask /out/sourcedata/freesurfer/sub-v1s8x0051332_ses-1/label/rh.cortex.label --rh-white /out/sourcedata/freesurfer/sub-v1s8x0051332_ses-1/surf/rh.white --rh-pial /out/sourcedata/freesurfer/sub-v1s8x0051332_ses-1/surf/rh.pial 

SUBJECTS_DIR /out/sourcedata/freesurfer
outvol aseg.mgz
16 avail.processors, using 16
Loading aseg.presurf.hypos.mgz
Loading /out/sourcedata/freesurfer/sub-v1s8x0051332_ses-1/mri/ribbon.mgz
Loading /out/sourcedata/freesurfer/sub-v1s8x0051332_ses-1/surf/lh.white
Loading /out/sourcedata/freesurfer/sub-v1s8x0051332_ses-1/surf/lh.pial
Loading /out/sourcedata/freesurfer/sub-v1s8x0051332_ses-1/label/lh.cortex.label
Loading /out/sourcedata/freesurfer/sub-v1s8x0051332_ses-1/surf/rh.white
Loading /out/sourcedata/freesurfer/sub-v1s8x0051332_ses-1/surf/rh.pial
Loading /out/sourcedata/freesurfer/sub-v1s8x0051332_ses-1/label/rh.cortex.label
Done loading
  0  32 208  48 192  80 240 144 224  64  96 160 176 112  16 128 225 209  17   1  33  49 193 241  65 210 226   2  18  34 194  50  81 177 242  66 161 113  97 195 227 211   3  35  19 
 51 243 145  36   4 212 196 228  20  82  67  52 178 244   5  37  21 162 229 197 213  53  68  98 245  38   6  22  83 230 198 214 146 179 
 54 246  69 129  39  23   7 
114 199 215 
231 163  55 247  84  40  24   8  99 
 70 200 232 216 147 180  56 248  41  25   9 201 217 233 164  57  71  85 249  42  26  10 218 234 202 181  58 100 148 250  72  43  27 115  11 165 203 219 235 
 59 
 86 251  44  28  12 204 220 236  60  73 182 149 252  45  29  13 166 101 237 205 221  61  87  30  46  14 253  74  62 206 222 238 183 116 150  15  31 254  47 167 207 223 239 
 63 102  88  75 255 130 184 168 151 103  76 117  89 185 169 152  77 104 186 118 170  90 153 187  78 105 131 171 188 154  91  79 
119 
106 172 132 189 155 107  92 190 173 133 120 156 108 191  93 174 134 121 157 109 175  94 135 158 122 110 159 
136 111 123  95 124 137 125 138 126 139 
127 140 141 142 143 
nrelabeled = 330969
ndotcheck = 0
Starting Surf2VolSeg free
free done
#VMPC# mri_surf2volseg VmPeak  2378240
mri_surf2volseg done

 mri_brainvol_stats sub-v1s8x0051332_ses-1 

ComputeBrainVolumeStats2 VoxelVol=1, KeepCSF=1
  #CBVS2 MaskVol              1900682.0
  #CBVS2 BrainSegVol          1587740.0
  #CBVS2 BrainSegVolNotVent   1562995.0
  #CBVS2 SupraTentVol         1411727.0
  #CBVS2 SupraTentVolNotVent  1386982.0
  #CBVS2 lhCtxGM               279168.6
  #CBVS2 rhCtxGM               297002.0
  #CBVS2 lhCerebralWM          382705.0
  #CBVS2 rhCerebralWM          360499.0
  #CBVS2 SubCortGMVol           71929.0
  #CBVS2 CerebellumVol         176013.0
  #CBVS2 CerebellumGMVol       131683.0
  #CBVS2 VentChorVol            20254.0
  #CBVS2 3rd4th5thCSF            4491.0
  #CBVS2 AllCSF                 24745.0
  #CBVS2 CCVol                   5710.0
#-----------------------------------------
#@# AParc-to-ASeg aparc Tue Mar 10 14:35:57 CET 2026
/out/sourcedata/freesurfer/sub-v1s8x0051332_ses-1/mri

 mri_surf2volseg --o aparc+aseg.mgz --label-cortex --i aseg.mgz --threads 16 --lh-annot /out/sourcedata/freesurfer/sub-v1s8x0051332_ses-1/label/lh.aparc.annot 1000 --lh-cortex-mask /out/sourcedata/freesurfer/sub-v1s8x0051332_ses-1/label/lh.cortex.label --lh-white /out/sourcedata/freesurfer/sub-v1s8x0051332_ses-1/surf/lh.white --lh-pial /out/sourcedata/freesurfer/sub-v1s8x0051332_ses-1/surf/lh.pial --rh-annot /out/sourcedata/freesurfer/sub-v1s8x0051332_ses-1/label/rh.aparc.annot 2000 --rh-cortex-mask /out/sourcedata/freesurfer/sub-v1s8x0051332_ses-1/label/rh.cortex.label --rh-white /out/sourcedata/freesurfer/sub-v1s8x0051332_ses-1/surf/rh.white --rh-pial /out/sourcedata/freesurfer/sub-v1s8x0051332_ses-1/surf/rh.pial 

SUBJECTS_DIR /out/sourcedata/freesurfer
outvol aparc+aseg.mgz
16 avail.processors, using 16
Loading aseg.mgz
Loading /out/sourcedata/freesurfer/sub-v1s8x0051332_ses-1/surf/lh.white
Loading /out/sourcedata/freesurfer/sub-v1s8x0051332_ses-1/surf/lh.pial
Loading /out/sourcedata/freesurfer/sub-v1s8x0051332_ses-1/label/lh.cortex.label
Ripping lh vertices labeled not in lh.cortex.label
  ripped 8428 vertices from lh hemi
Loading /out/sourcedata/freesurfer/sub-v1s8x0051332_ses-1/label/lh.aparc.annot
Loading /out/sourcedata/freesurfer/sub-v1s8x0051332_ses-1/surf/rh.white
Loading /out/sourcedata/freesurfer/sub-v1s8x0051332_ses-1/surf/rh.pial
Loading /out/sourcedata/freesurfer/sub-v1s8x0051332_ses-1/label/rh.cortex.label
Ripping rh vertices labeled not in rh.cortex.label
  ripped 9575 vertices from rh hemi
Loading /out/sourcedata/freesurfer/sub-v1s8x0051332_ses-1/label/rh.aparc.annot
Done loading
  0 192  96  16  48  80 224 208  64 144  32 240 176 160 128 112   1 209 241 225  17  33  49   2 210 242 226  34  18  50   3 211 243 227  35  19 
 51 212   4 244 228  36  20   5 245 229 213  52   6 246 230 214  37  21  53   7 247 231 215  38  22  54   8 248 232 216  39 
 23  55   9 249 233 217  40 250  24  10 234 218  56 251 235 219 
 41  25  11  57 252 236 220  42  12  26  58 253 237 221  13  43  27 254 238  59 
222  14  44 239 
223 255  28  60  15  45  29  61  46  30  62  65  47  31 193  63 194 195 196 197 198 199 
200 201 202 203 204 205 206 207  66 145  67 113 146 129 161  68 177 147 114  97  81  69 130 148 162 115 131 178  70 149  98 116 132 163  71 150  82 179 
117  72 151  99 
133 164 180 118 152  73  83 100 165 134 153 181 119 
 74 101 154  84 166 182 120 135  75 155 102 183 167 121 136 156  85 103  76 184 185 168 122 157 137 104 186  77  86 158 187 105 138 169 123 188 159 
106  78 189 139 
190  87 170 191 124 107 140  79 
171 108  88 141 125 109 142 172  89 143 126 110 173 111 127  90 174  91 175  92  93  94  95 
nrelabeled = 571848
ndotcheck = 55613
Starting Surf2VolSeg free
free done
#VMPC# mri_surf2volseg VmPeak  2136908
mri_surf2volseg done
#-----------------------------------------
#@# AParc-to-ASeg aparc.a2009s Tue Mar 10 14:37:17 CET 2026
/out/sourcedata/freesurfer/sub-v1s8x0051332_ses-1/mri

 mri_surf2volseg --o aparc.a2009s+aseg.mgz --label-cortex --i aseg.mgz --threads 16 --lh-annot /out/sourcedata/freesurfer/sub-v1s8x0051332_ses-1/label/lh.aparc.a2009s.annot 11100 --lh-cortex-mask /out/sourcedata/freesurfer/sub-v1s8x0051332_ses-1/label/lh.cortex.label --lh-white /out/sourcedata/freesurfer/sub-v1s8x0051332_ses-1/surf/lh.white --lh-pial /out/sourcedata/freesurfer/sub-v1s8x0051332_ses-1/surf/lh.pial --rh-annot /out/sourcedata/freesurfer/sub-v1s8x0051332_ses-1/label/rh.aparc.a2009s.annot 12100 --rh-cortex-mask /out/sourcedata/freesurfer/sub-v1s8x0051332_ses-1/label/rh.cortex.label --rh-white /out/sourcedata/freesurfer/sub-v1s8x0051332_ses-1/surf/rh.white --rh-pial /out/sourcedata/freesurfer/sub-v1s8x0051332_ses-1/surf/rh.pial 

SUBJECTS_DIR /out/sourcedata/freesurfer
outvol aparc.a2009s+aseg.mgz
16 avail.processors, using 16
Loading aseg.mgz
Loading /out/sourcedata/freesurfer/sub-v1s8x0051332_ses-1/surf/lh.white
Loading /out/sourcedata/freesurfer/sub-v1s8x0051332_ses-1/surf/lh.pial
Loading /out/sourcedata/freesurfer/sub-v1s8x0051332_ses-1/label/lh.cortex.label
Ripping lh vertices labeled not in lh.cortex.label
  ripped 8428 vertices from lh hemi
Loading /out/sourcedata/freesurfer/sub-v1s8x0051332_ses-1/label/lh.aparc.a2009s.annot
Loading /out/sourcedata/freesurfer/sub-v1s8x0051332_ses-1/surf/rh.white
Loading /out/sourcedata/freesurfer/sub-v1s8x0051332_ses-1/surf/rh.pial
Loading /out/sourcedata/freesurfer/sub-v1s8x0051332_ses-1/label/rh.cortex.label
Ripping rh vertices labeled not in rh.cortex.label
  ripped 9575 vertices from rh hemi
Loading /out/sourcedata/freesurfer/sub-v1s8x0051332_ses-1/label/rh.aparc.a2009s.annot
Done loading
  0 208  80 144 240  48 112  32  64  96 160 176 224  16 128 192   1 209 241 225  17  33  49   2 226 210 242  18  34  50   3 227 211 243  19 
 35  51   4 244 228 212 245 229 213   5  20  36  52   6 246 230 214  21  37  53   7 247 231 215  22  38  54   8 248 232 216  23  39 
 55 249   9 233 217 250 234 218  10  24  40  56  11 251 235 219 
 25  57  41  12 252 236 220  26  58  42  13 237 221 253  65  27  59 
238 222  43  14 254 239 
223  28  15 255  60  44  29  61  45  30  62  46  31  47  63 193 194 195 196 197 198 199 
200  66 201 202 203 204 205 206 207  67 145 113  68 129 146 161 177 114  97  69 147  81 130 115  70 162 148 131 178  98 116  71  82 149 132 117 163  72 179 
 99 
150 118  73 133  83 180 164 151 119 
100  74 181 152 134  84 165 120 101  75 182 153 121 102  85 166 135  76 183 103 122 154  86 184 104  77 136 167 123 155 185 105  87 186 124  78 137 156 106 168 187  88 107 188 125  79 
157 138 189 108 169  89 190 191 126 158 139 
109 127  90 170 159 
140 110 141 111  91 171 142 143 172  92 173  93 174  94 175  95 
nrelabeled = 571848
ndotcheck = 55613
Starting Surf2VolSeg free
free done
#VMPC# mri_surf2volseg VmPeak  2136960
mri_surf2volseg done
#-----------------------------------------
#@# AParc-to-ASeg aparc.DKTatlas Tue Mar 10 14:38:27 CET 2026
/out/sourcedata/freesurfer/sub-v1s8x0051332_ses-1/mri

 mri_surf2volseg --o aparc.DKTatlas+aseg.mgz --label-cortex --i aseg.mgz --threads 16 --lh-annot /out/sourcedata/freesurfer/sub-v1s8x0051332_ses-1/label/lh.aparc.DKTatlas.annot 1000 --lh-cortex-mask /out/sourcedata/freesurfer/sub-v1s8x0051332_ses-1/label/lh.cortex.label --lh-white /out/sourcedata/freesurfer/sub-v1s8x0051332_ses-1/surf/lh.white --lh-pial /out/sourcedata/freesurfer/sub-v1s8x0051332_ses-1/surf/lh.pial --rh-annot /out/sourcedata/freesurfer/sub-v1s8x0051332_ses-1/label/rh.aparc.DKTatlas.annot 2000 --rh-cortex-mask /out/sourcedata/freesurfer/sub-v1s8x0051332_ses-1/label/rh.cortex.label --rh-white /out/sourcedata/freesurfer/sub-v1s8x0051332_ses-1/surf/rh.white --rh-pial /out/sourcedata/freesurfer/sub-v1s8x0051332_ses-1/surf/rh.pial 

SUBJECTS_DIR /out/sourcedata/freesurfer
outvol aparc.DKTatlas+aseg.mgz
16 avail.processors, using 16
Loading aseg.mgz
Loading /out/sourcedata/freesurfer/sub-v1s8x0051332_ses-1/surf/lh.white
Loading /out/sourcedata/freesurfer/sub-v1s8x0051332_ses-1/surf/lh.pial
Loading /out/sourcedata/freesurfer/sub-v1s8x0051332_ses-1/label/lh.cortex.label
Ripping lh vertices labeled not in lh.cortex.label
  ripped 8428 vertices from lh hemi
Loading /out/sourcedata/freesurfer/sub-v1s8x0051332_ses-1/label/lh.aparc.DKTatlas.annot
Loading /out/sourcedata/freesurfer/sub-v1s8x0051332_ses-1/surf/rh.white
Loading /out/sourcedata/freesurfer/sub-v1s8x0051332_ses-1/surf/rh.pial
Loading /out/sourcedata/freesurfer/sub-v1s8x0051332_ses-1/label/rh.cortex.label
Ripping rh vertices labeled not in rh.cortex.label
  ripped 9575 vertices from rh hemi
Loading /out/sourcedata/freesurfer/sub-v1s8x0051332_ses-1/label/rh.aparc.DKTatlas.annot
Done loading
  0 128  80 144 176  16  64 208 240 224  96  32 160 112 192  48  49  33   1 241 209 225  17  50   2  34 242 210 226   3  51  35 243 211 227   4  18  52  36   5 244 212 228  53  37   6  19 
 54  38 245 229 213   7  55  39 
246 230 214   8  56  40  20   9 247 215 231  57  41  10  58  42  21 248 216 232  11  59 
 43 249 217 233  22  12  60  44  13 250 218 234  61  45  14  23 251 219 
235  62  46  15  47 252 220 236  24  63 221 253 237  25 222 254 238 223  26 255 239 
193  27  65  28  29  30  31 194 195 196 197 198 199 
200 201 202 203 204 205 206 207  66  67 145 113  68 129 146 161  97 177 114  69  81 147 130 115  70 148 131 162  98 178  71 116  82 149 132  72 117 163  99 
179 
150  73 133 118  83 151 164 180 100  74 119 
152 134  84 101 181 165 120  75 153 102 135 182 121 154  85 166  76 103 183 136 155 122 104 184 167  77  86 185 156 137 105 123 186 168  78 106 157  87 187 138 124 188 107 158 189 139 
 79 
169 190  88 191 108 125 159 
140 170 109  89 141 126 142 110 171 127 143  90 111 172  91 173  92 174  93 175  94  95 
nrelabeled = 571848
ndotcheck = 55613
Starting Surf2VolSeg free
free done
#VMPC# mri_surf2volseg VmPeak  2136884
mri_surf2volseg done
#-----------------------------------------
#@# WMParc Tue Mar 10 14:39:43 CET 2026
/out/sourcedata/freesurfer/sub-v1s8x0051332_ses-1/mri

 mri_surf2volseg --o wmparc.mgz --label-wm --i aparc+aseg.mgz --threads 16 --lh-annot /out/sourcedata/freesurfer/sub-v1s8x0051332_ses-1/label/lh.aparc.annot 3000 --lh-cortex-mask /out/sourcedata/freesurfer/sub-v1s8x0051332_ses-1/label/lh.cortex.label --lh-white /out/sourcedata/freesurfer/sub-v1s8x0051332_ses-1/surf/lh.white --lh-pial /out/sourcedata/freesurfer/sub-v1s8x0051332_ses-1/surf/lh.pial --rh-annot /out/sourcedata/freesurfer/sub-v1s8x0051332_ses-1/label/rh.aparc.annot 4000 --rh-cortex-mask /out/sourcedata/freesurfer/sub-v1s8x0051332_ses-1/label/rh.cortex.label --rh-white /out/sourcedata/freesurfer/sub-v1s8x0051332_ses-1/surf/rh.white --rh-pial /out/sourcedata/freesurfer/sub-v1s8x0051332_ses-1/surf/rh.pial 

SUBJECTS_DIR /out/sourcedata/freesurfer
outvol wmparc.mgz
16 avail.processors, using 16
Loading aparc+aseg.mgz
Loading /out/sourcedata/freesurfer/sub-v1s8x0051332_ses-1/surf/lh.white
Loading /out/sourcedata/freesurfer/sub-v1s8x0051332_ses-1/surf/lh.pial
Loading /out/sourcedata/freesurfer/sub-v1s8x0051332_ses-1/label/lh.cortex.label
Ripping lh vertices labeled not in lh.cortex.label
  ripped 8428 vertices from lh hemi
Loading /out/sourcedata/freesurfer/sub-v1s8x0051332_ses-1/label/lh.aparc.annot
Loading /out/sourcedata/freesurfer/sub-v1s8x0051332_ses-1/surf/rh.white
Loading /out/sourcedata/freesurfer/sub-v1s8x0051332_ses-1/surf/rh.pial
Loading /out/sourcedata/freesurfer/sub-v1s8x0051332_ses-1/label/rh.cortex.label
Ripping rh vertices labeled not in rh.cortex.label
  ripped 9575 vertices from rh hemi
Loading /out/sourcedata/freesurfer/sub-v1s8x0051332_ses-1/label/rh.aparc.annot
Done loading
  0  96 112  80 176 144  32 192 224 160  64 128  48  16 208 240   1  17  33  49 225 209 241  34 226 210  18   2  50  65 242 227 211  35  19 
  3  51 193 243  36  20   4 228 212  52 194  37 244  21   5 229 213  53 195 129  38  22   6 245  54 230 214 196  66  39 
 23   7  55 246 231 197 215  40 130  24   8  56 247 232 198 216  41  25   9  57  42 248 233 199 
217  26  10  58  43 249 234 200 218  27  11  59 
 44  67  28  12  60 250 235 201 219 
 45 131  29  13  61 236 220 202  46 251  62  30  14 237 203 221  47 252  63  31  15 238 204 222 253 239 
205 223 206 254 207 255  68  69 132  81  70 177  97  71 133 161 145  72  82 178 113  73 134  74  98 179 
162  83  75 135 146  76 180 114  99 
 84 136 163  77 181  78 147  85 100 115 182 137  79 
164 183  86 101 148 116 184 138 165  87 185 102 149 186 117  88 187 139 
166 188 103 189 150 190 118  89 191 167 140 104 151  90 119 
168 105 141 152  91 120 169 106 142 153  92 121 170 107 154 143  93 108 171 122 155  94 156 172 123 109  95 157 173 124 110 158 174 125 111 175 159 
126 127 
nrelabeled = 737494
ndotcheck = 6909
Starting Surf2VolSeg free
free done
#VMPC# mri_surf2volseg VmPeak  2136908
mri_surf2volseg done

 mri_segstats --seed 1234 --seg mri/wmparc.mgz --sum stats/wmparc.stats --pv mri/norm.mgz --excludeid 0 --brainmask mri/brainmask.mgz --in mri/norm.mgz --in-intensity-name norm --in-intensity-units MR --subject sub-v1s8x0051332_ses-1 --surf-wm-vol --ctab /opt/freesurfer/WMParcStatsLUT.txt --etiv 

setting seed for random number genererator to 1234

7.3.2
cwd 
cmdline mri_segstats --seed 1234 --seg mri/wmparc.mgz --sum stats/wmparc.stats --pv mri/norm.mgz --excludeid 0 --brainmask mri/brainmask.mgz --in mri/norm.mgz --in-intensity-name norm --in-intensity-units MR --subject sub-v1s8x0051332_ses-1 --surf-wm-vol --ctab /opt/freesurfer/WMParcStatsLUT.txt --etiv 
sysname  Linux
hostname dna063
machine  x86_64
user     oesteban
whitesurfname  white
UseRobust  0
atlas_icv (eTIV) = 1984717 mm^3    (det: 0.981553 )
Loading mri/wmparc.mgz
Getting Brain Volume Statistics
Loading mri/norm.mgz
Loading mri/norm.mgz
Voxel Volume is 1 mm^3
Generating list of segmentation ids
Found 390 segmentations
Computing statistics for each segmentation

Reporting on  70 segmentations
Using PrintSegStat
mri_segstats done
#--------------------------------------------
#@# ASeg Stats Tue Mar 10 14:43:57 CET 2026
/out/sourcedata/freesurfer/sub-v1s8x0051332_ses-1

 mri_segstats --seed 1234 --seg mri/aseg.mgz --sum stats/aseg.stats --pv mri/norm.mgz --empty --brainmask mri/brainmask.mgz --brain-vol-from-seg --excludeid 0 --excl-ctxgmwm --supratent --subcortgray --in mri/norm.mgz --in-intensity-name norm --in-intensity-units MR --etiv --surf-wm-vol --surf-ctx-vol --totalgray --euler --ctab /opt/freesurfer/ASegStatsLUT.txt --subject sub-v1s8x0051332_ses-1 

setting seed for random number genererator to 1234

7.3.2
cwd 
cmdline mri_segstats --seed 1234 --seg mri/aseg.mgz --sum stats/aseg.stats --pv mri/norm.mgz --empty --brainmask mri/brainmask.mgz --brain-vol-from-seg --excludeid 0 --excl-ctxgmwm --supratent --subcortgray --in mri/norm.mgz --in-intensity-name norm --in-intensity-units MR --etiv --surf-wm-vol --surf-ctx-vol --totalgray --euler --ctab /opt/freesurfer/ASegStatsLUT.txt --subject sub-v1s8x0051332_ses-1 
sysname  Linux
hostname dna063
machine  x86_64
user     oesteban
whitesurfname  white
UseRobust  0
atlas_icv (eTIV) = 1984717 mm^3    (det: 0.981553 )
Computing euler number
orig.nofix lheno = -238, rheno = -246
orig.nofix lhholes =  120, rhholes = 124
Loading mri/aseg.mgz
Getting Brain Volume Statistics
Loading mri/norm.mgz
Loading mri/norm.mgz
Voxel Volume is 1 mm^3
Generating list of segmentation ids
Found  50 segmentations
Computing statistics for each segmentation

Reporting on  45 segmentations
Using PrintSegStat
mri_segstats done

Started at Tue Mar 10 14:35:22 CET 2026 
Ended   at Tue Mar 10 14:44:37 CET 2026
#@#%# recon-all-run-time-hours 0.154
recon-all -s sub-v1s8x0051332_ses-1 finished without error at Tue Mar 10 14:44:37 CET 2026
