
Tue Mar 10 08:43:43 CET 2026
cd /out/sourcedata/freesurfer/sub-v1s8x0051332_ses-1
setenv SUBJECTS_DIR /out/sourcedata/freesurfer
/opt/freesurfer/bin/recon-all -autorecon-hemi lh -noparcstats -noparcstats2 -noparcstats3 -nohyporelabel -nobalabels -lh-only -openmp 16 -subjid sub-v1s8x0051332_ses-1 -sd /out/sourcedata/freesurfer

subjid sub-v1s8x0051332_ses-1
setenv SUBJECTS_DIR /out/sourcedata/freesurfer
FREESURFER_HOME /opt/freesurfer
Actual FREESURFER_HOME /opt/freesurfer
build-stamp.txt: freesurfer-linux-ubuntu22_x86_64-7.3.2-20220804-6354275
Linux dna063 5.14.0-427.37.1.el9_4.x86_64 #1 SMP PREEMPT_DYNAMIC Fri Sep 13 12:41:50 EDT 2024 x86_64 x86_64 x86_64 GNU/Linux
cputime      unlimited
filesize     unlimited
datasize     unlimited
stacksize    8192 kbytes
coredumpsize 0 kbytes
memoryuse    67108864 kbytes
vmemoryuse   unlimited
descriptors  1024 
memorylocked unlimited
maxproc      2061970 
maxlocks     unlimited
maxsignal    2061970 
maxmessage   819200 
maxnice      0 
maxrtprio    0 
maxrttime    unlimited

               total        used        free      shared  buff/cache   available
Mem:           503Gi        49Gi       348Gi        10Gi       106Gi       440Gi
Swap:             0B          0B          0B

########################################
program versions used
7.3.2 (freesurfer-linux-ubuntu22_x86_64-7.3.2-20220804-6354275)
7.3.2

ProgramName: lta_convert  ProgramArguments: lta_convert -all-info  ProgramVersion: 7.3.2  TimeStamp: 2026/03/10-07:43:43-GMT  BuildTime: Aug  4 2022 06:17:15  BuildStamp: freesurfer-linux-ubuntu22_x86_64-7.3.2-20220804-6354275  User: oesteban  Machine: dna063  Platform: Linux  PlatformVersion: 5.14.0-427.37.1.el9_4.x86_64  CompilerName: GCC  CompilerVersion: 8.4.0
ProgramName: mri_and  ProgramArguments: mri_and -all-info  ProgramVersion: 7.3.2  TimeStamp: 2026/03/10-07:43:43-GMT  BuildTime: Aug  4 2022 06:17:15  BuildStamp: freesurfer-linux-ubuntu22_x86_64-7.3.2-20220804-6354275  User: oesteban  Machine: dna063  Platform: Linux  PlatformVersion: 5.14.0-427.37.1.el9_4.x86_64  CompilerName: GCC  CompilerVersion: 8.4.0
ProgramName: mri_annotation2label  ProgramArguments: mri_annotation2label -all-info  ProgramVersion: 7.3.2  TimeStamp: 2026/03/10-07:43:43-GMT  BuildTime: Aug  4 2022 06:17:15  BuildStamp: freesurfer-linux-ubuntu22_x86_64-7.3.2-20220804-6354275  User: oesteban  Machine: dna063  Platform: Linux  PlatformVersion: 5.14.0-427.37.1.el9_4.x86_64  CompilerName: GCC  CompilerVersion: 8.4.0
ProgramName: mri_aparc2aseg  ProgramArguments: mri_aparc2aseg -all-info  ProgramVersion: 7.3.2  TimeStamp: 2026/03/10-07:43:43-GMT  BuildTime: Aug  4 2022 06:17:15  BuildStamp: freesurfer-linux-ubuntu22_x86_64-7.3.2-20220804-6354275  User: oesteban  Machine: dna063  Platform: Linux  PlatformVersion: 5.14.0-427.37.1.el9_4.x86_64  CompilerName: GCC  CompilerVersion: 8.4.0
ProgramName: mri_surf2volseg  ProgramArguments: mri_surf2volseg -all-info  ProgramVersion: 7.3.2  TimeStamp: 2026/03/10-07:43:43-GMT  BuildTime: Aug  4 2022 06:17:15  BuildStamp: freesurfer-linux-ubuntu22_x86_64-7.3.2-20220804-6354275  User: oesteban  Machine: dna063  Platform: Linux  PlatformVersion: 5.14.0-427.37.1.el9_4.x86_64  CompilerName: GCC  CompilerVersion: 8.4.0
ProgramName: mri_binarize  ProgramArguments: mri_binarize -all-info  ProgramVersion: 7.3.2  TimeStamp: 2026/03/10-07:43:43-GMT  BuildTime: Aug  4 2022 06:17:15  BuildStamp: freesurfer-linux-ubuntu22_x86_64-7.3.2-20220804-6354275  User: oesteban  Machine: dna063  Platform: Linux  PlatformVersion: 5.14.0-427.37.1.el9_4.x86_64  CompilerName: GCC  CompilerVersion: 8.4.0
ProgramName: mri_ca_label  ProgramArguments: mri_ca_label -all-info  ProgramVersion: 7.3.2  TimeStamp: 2026/03/10-07:43:43-GMT  BuildTime: Aug  4 2022 06:17:15  BuildStamp: freesurfer-linux-ubuntu22_x86_64-7.3.2-20220804-6354275  User: oesteban  Machine: dna063  Platform: Linux  PlatformVersion: 5.14.0-427.37.1.el9_4.x86_64  CompilerName: GCC  CompilerVersion: 8.4.0
ProgramName: mri_ca_normalize  ProgramArguments: mri_ca_normalize -all-info  ProgramVersion: 7.3.2  TimeStamp: 2026/03/10-07:43:43-GMT  BuildTime: Aug  4 2022 06:17:15  BuildStamp: freesurfer-linux-ubuntu22_x86_64-7.3.2-20220804-6354275  User: oesteban  Machine: dna063  Platform: Linux  PlatformVersion: 5.14.0-427.37.1.el9_4.x86_64  CompilerName: GCC  CompilerVersion: 8.4.0
ProgramName: mri_ca_register  ProgramArguments: mri_ca_register -all-info  ProgramVersion: 7.3.2  TimeStamp: 2026/03/10-07:43:43-GMT  BuildTime: Aug  4 2022 06:17:15  BuildStamp: freesurfer-linux-ubuntu22_x86_64-7.3.2-20220804-6354275  User: oesteban  Machine: dna063  Platform: Linux  PlatformVersion: 5.14.0-427.37.1.el9_4.x86_64  CompilerName: GCC  CompilerVersion: 8.4.0
ProgramName: mri_cc  ProgramArguments: mri_cc -all-info  ProgramVersion: 7.3.2  TimeStamp: 2026/03/10-07:43:43-GMT  BuildTime: Aug  4 2022 06:17:15  BuildStamp: freesurfer-linux-ubuntu22_x86_64-7.3.2-20220804-6354275  User: oesteban  Machine: dna063  Platform: Linux  PlatformVersion: 5.14.0-427.37.1.el9_4.x86_64  CompilerName: GCC  CompilerVersion: 8.4.0
ProgramName: mri_compute_overlap  ProgramArguments: mri_compute_overlap -all-info  ProgramVersion: 7.3.2  TimeStamp: 2026/03/10-07:43:43-GMT  BuildTime: Aug  4 2022 06:17:15  BuildStamp: freesurfer-linux-ubuntu22_x86_64-7.3.2-20220804-6354275  User: oesteban  Machine: dna063  Platform: Linux  PlatformVersion: 5.14.0-427.37.1.el9_4.x86_64  CompilerName: GCC  CompilerVersion: 8.4.0
ProgramName: mri_compute_seg_overlap  ProgramArguments: mri_compute_seg_overlap -all-info  ProgramVersion: 7.3.2  TimeStamp: 2026/03/10-07:43:43-GMT  BuildTime: Aug  4 2022 06:17:15  BuildStamp: freesurfer-linux-ubuntu22_x86_64-7.3.2-20220804-6354275  User: oesteban  Machine: dna063  Platform: Linux  PlatformVersion: 5.14.0-427.37.1.el9_4.x86_64  CompilerName: GCC  CompilerVersion: 8.4.0
ProgramName: mri_concat  ProgramArguments: mri_concat -all-info  ProgramVersion: 7.3.2  TimeStamp: 2026/03/10-07:43:43-GMT  BuildTime: Aug  4 2022 06:17:15  BuildStamp: freesurfer-linux-ubuntu22_x86_64-7.3.2-20220804-6354275  User: oesteban  Machine: dna063  Platform: Linux  PlatformVersion: 5.14.0-427.37.1.el9_4.x86_64  CompilerName: GCC  CompilerVersion: 8.4.0
ProgramName: mri_concatenate_lta  ProgramArguments: mri_concatenate_lta -all-info  ProgramVersion: 7.3.2  TimeStamp: 2026/03/10-07:43:43-GMT  BuildTime: Aug  4 2022 06:17:15  BuildStamp: freesurfer-linux-ubuntu22_x86_64-7.3.2-20220804-6354275  User: oesteban  Machine: dna063  Platform: Linux  PlatformVersion: 5.14.0-427.37.1.el9_4.x86_64  CompilerName: GCC  CompilerVersion: 8.4.0
mri_convert -all-info 
ProgramName: mri_convert  ProgramArguments: mri_convert -all-info  ProgramVersion: 7.3.2  TimeStamp: 2026/03/10-07:43:43-GMT  BuildTime: Aug  4 2022 06:17:15  BuildStamp: freesurfer-linux-ubuntu22_x86_64-7.3.2-20220804-6354275  User: oesteban  Machine: dna063  Platform: Linux  PlatformVersion: 5.14.0-427.37.1.el9_4.x86_64  CompilerName: GCC  CompilerVersion: 8.4.0
ProgramName: mri_diff  ProgramArguments: mri_diff -all-info  ProgramVersion: 7.3.2  TimeStamp: 2026/03/10-07:43:43-GMT  BuildTime: Aug  4 2022 06:17:15  BuildStamp: freesurfer-linux-ubuntu22_x86_64-7.3.2-20220804-6354275  User: oesteban  Machine: dna063  Platform: Linux  PlatformVersion: 5.14.0-427.37.1.el9_4.x86_64  CompilerName: GCC  CompilerVersion: 8.4.0
ProgramName: mri_edit_wm_with_aseg  ProgramArguments: mri_edit_wm_with_aseg -all-info  ProgramVersion: 7.3.2  TimeStamp: 2026/03/10-07:43:43-GMT  BuildTime: Aug  4 2022 06:17:15  BuildStamp: freesurfer-linux-ubuntu22_x86_64-7.3.2-20220804-6354275  User: oesteban  Machine: dna063  Platform: Linux  PlatformVersion: 5.14.0-427.37.1.el9_4.x86_64  CompilerName: GCC  CompilerVersion: 8.4.0
ProgramName: mri_em_register  ProgramArguments: mri_em_register -all-info  ProgramVersion: 7.3.2  TimeStamp: 2026/03/10-07:43:43-GMT  BuildTime: Aug  4 2022 06:17:15  BuildStamp: freesurfer-linux-ubuntu22_x86_64-7.3.2-20220804-6354275  User: oesteban  Machine: dna063  Platform: Linux  PlatformVersion: 5.14.0-427.37.1.el9_4.x86_64  CompilerName: GCC  CompilerVersion: 8.4.0
ProgramName: mri_fill  ProgramArguments: mri_fill -all-info  ProgramVersion: 7.3.2  TimeStamp: 2026/03/10-07:43:43-GMT  BuildTime: Aug  4 2022 06:17:15  BuildStamp: freesurfer-linux-ubuntu22_x86_64-7.3.2-20220804-6354275  User: oesteban  Machine: dna063  Platform: Linux  PlatformVersion: 5.14.0-427.37.1.el9_4.x86_64  CompilerName: GCC  CompilerVersion: 8.4.0
ProgramName: mri_fuse_segmentations  ProgramArguments: mri_fuse_segmentations -all-info  ProgramVersion: 7.3.2  TimeStamp: 2026/03/10-07:43:43-GMT  BuildTime: Aug  4 2022 06:17:15  BuildStamp: freesurfer-linux-ubuntu22_x86_64-7.3.2-20220804-6354275  User: oesteban  Machine: dna063  Platform: Linux  PlatformVersion: 5.14.0-427.37.1.el9_4.x86_64  CompilerName: GCC  CompilerVersion: 8.4.0
ProgramName: mri_fwhm  ProgramArguments: mri_fwhm -all-info  ProgramVersion: 7.3.2  TimeStamp: 2026/03/10-07:43:43-GMT  BuildTime: Aug  4 2022 06:17:15  BuildStamp: freesurfer-linux-ubuntu22_x86_64-7.3.2-20220804-6354275  User: oesteban  Machine: dna063  Platform: Linux  PlatformVersion: 5.14.0-427.37.1.el9_4.x86_64  CompilerName: GCC  CompilerVersion: 8.4.0
ProgramName: mri_gcut  ProgramArguments: mri_gcut -all-info  ProgramVersion: 7.3.2  TimeStamp: 2026/03/10-07:43:43-GMT  BuildTime: Aug  4 2022 06:17:15  BuildStamp: freesurfer-linux-ubuntu22_x86_64-7.3.2-20220804-6354275  User: oesteban  Machine: dna063  Platform: Linux  PlatformVersion: 5.14.0-427.37.1.el9_4.x86_64  CompilerName: GCC  CompilerVersion: 8.4.0
ProgramName: mri_info  ProgramArguments: mri_info -all-info  ProgramVersion: 7.3.2  TimeStamp: 2026/03/10-07:43:43-GMT  BuildTime: Aug  4 2022 06:17:15  BuildStamp: freesurfer-linux-ubuntu22_x86_64-7.3.2-20220804-6354275  User: oesteban  Machine: dna063  Platform: Linux  PlatformVersion: 5.14.0-427.37.1.el9_4.x86_64  CompilerName: GCC  CompilerVersion: 8.4.0
ProgramName: mri_label2label  ProgramArguments: mri_label2label -all-info  ProgramVersion: 7.3.2  TimeStamp: 2026/03/10-07:43:43-GMT  BuildTime: Aug  4 2022 06:17:15  BuildStamp: freesurfer-linux-ubuntu22_x86_64-7.3.2-20220804-6354275  User: oesteban  Machine: dna063  Platform: Linux  PlatformVersion: 5.14.0-427.37.1.el9_4.x86_64  CompilerName: GCC  CompilerVersion: 8.4.0
ProgramName: mri_label2vol  ProgramArguments: mri_label2vol -all-info  ProgramVersion: 7.3.2  TimeStamp: 2026/03/10-07:43:43-GMT  BuildTime: Aug  4 2022 06:17:15  BuildStamp: freesurfer-linux-ubuntu22_x86_64-7.3.2-20220804-6354275  User: oesteban  Machine: dna063  Platform: Linux  PlatformVersion: 5.14.0-427.37.1.el9_4.x86_64  CompilerName: GCC  CompilerVersion: 8.4.0
ProgramName: mri_log_likelihood  ProgramArguments: mri_log_likelihood -all-info  ProgramVersion: 7.3.2  TimeStamp: 2026/03/10-07:43:43-GMT  BuildTime: Aug  4 2022 06:17:15  BuildStamp: freesurfer-linux-ubuntu22_x86_64-7.3.2-20220804-6354275  User: oesteban  Machine: dna063  Platform: Linux  PlatformVersion: 5.14.0-427.37.1.el9_4.x86_64  CompilerName: GCC  CompilerVersion: 8.4.0
ProgramName: mri_mask  ProgramArguments: mri_mask -all-info  ProgramVersion: 7.3.2  TimeStamp: 2026/03/10-07:43:43-GMT  BuildTime: Aug  4 2022 06:17:15  BuildStamp: freesurfer-linux-ubuntu22_x86_64-7.3.2-20220804-6354275  User: oesteban  Machine: dna063  Platform: Linux  PlatformVersion: 5.14.0-427.37.1.el9_4.x86_64  CompilerName: GCC  CompilerVersion: 8.4.0
ProgramName: mri_matrix_multiply  ProgramArguments: mri_matrix_multiply -all-info  ProgramVersion: 7.3.2  TimeStamp: 2026/03/10-07:43:43-GMT  BuildTime: Aug  4 2022 06:17:15  BuildStamp: freesurfer-linux-ubuntu22_x86_64-7.3.2-20220804-6354275  User: oesteban  Machine: dna063  Platform: Linux  PlatformVersion: 5.14.0-427.37.1.el9_4.x86_64  CompilerName: GCC  CompilerVersion: 8.4.0
ProgramName: mri_normalize  ProgramArguments: mri_normalize -all-info  ProgramVersion: 7.3.2  TimeStamp: 2026/03/10-07:43:43-GMT  BuildTime: Aug  4 2022 06:17:15  BuildStamp: freesurfer-linux-ubuntu22_x86_64-7.3.2-20220804-6354275  User: oesteban  Machine: dna063  Platform: Linux  PlatformVersion: 5.14.0-427.37.1.el9_4.x86_64  CompilerName: GCC  CompilerVersion: 8.4.0
ProgramName: mri_normalize_tp2  ProgramArguments: mri_normalize_tp2 -all-info  ProgramVersion: 7.3.2  TimeStamp: 2026/03/10-07:43:43-GMT  BuildTime: Aug  4 2022 06:17:15  BuildStamp: freesurfer-linux-ubuntu22_x86_64-7.3.2-20220804-6354275  User: oesteban  Machine: dna063  Platform: Linux  PlatformVersion: 5.14.0-427.37.1.el9_4.x86_64  CompilerName: GCC  CompilerVersion: 8.4.0
ProgramName: mri_or  ProgramArguments: mri_or -all-info  ProgramVersion: 7.3.2  TimeStamp: 2026/03/10-07:43:43-GMT  BuildTime: Aug  4 2022 06:17:15  BuildStamp: freesurfer-linux-ubuntu22_x86_64-7.3.2-20220804-6354275  User: oesteban  Machine: dna063  Platform: Linux  PlatformVersion: 5.14.0-427.37.1.el9_4.x86_64  CompilerName: GCC  CompilerVersion: 8.4.0
ProgramName: mri_relabel_hypointensities  ProgramArguments: mri_relabel_hypointensities -all-info  ProgramVersion: 7.3.2  TimeStamp: 2026/03/10-07:43:43-GMT  BuildTime: Aug  4 2022 06:17:15  BuildStamp: freesurfer-linux-ubuntu22_x86_64-7.3.2-20220804-6354275  User: oesteban  Machine: dna063  Platform: Linux  PlatformVersion: 5.14.0-427.37.1.el9_4.x86_64  CompilerName: GCC  CompilerVersion: 8.4.0
ProgramName: mri_relabel_nonwm_hypos  ProgramArguments: mri_relabel_nonwm_hypos -all-info  ProgramVersion: 7.3.2  TimeStamp: 2026/03/10-07:43:43-GMT  BuildTime: Aug  4 2022 06:17:15  BuildStamp: freesurfer-linux-ubuntu22_x86_64-7.3.2-20220804-6354275  User: oesteban  Machine: dna063  Platform: Linux  PlatformVersion: 5.14.0-427.37.1.el9_4.x86_64  CompilerName: GCC  CompilerVersion: 8.4.0
ProgramName: mri_remove_neck  ProgramArguments: mri_remove_neck -all-info  ProgramVersion: 7.3.2  TimeStamp: 2026/03/10-07:43:43-GMT  BuildTime: Aug  4 2022 06:17:15  BuildStamp: freesurfer-linux-ubuntu22_x86_64-7.3.2-20220804-6354275  User: oesteban  Machine: dna063  Platform: Linux  PlatformVersion: 5.14.0-427.37.1.el9_4.x86_64  CompilerName: GCC  CompilerVersion: 8.4.0
7.3.2

ProgramName: mri_robust_register  ProgramArguments: mri_robust_register -all-info  ProgramVersion: 7.3.2  TimeStamp: 2026/03/10-07:43:43-GMT  BuildTime: Aug  4 2022 06:17:15  BuildStamp: freesurfer-linux-ubuntu22_x86_64-7.3.2-20220804-6354275  User: oesteban  Machine: dna063  Platform: Linux  PlatformVersion: 5.14.0-427.37.1.el9_4.x86_64  CompilerName: GCC  CompilerVersion: 8.4.0
7.3.2

ProgramName: mri_robust_template  ProgramArguments: mri_robust_template -all-info  ProgramVersion: 7.3.2  TimeStamp: 2026/03/10-07:43:43-GMT  BuildTime: Aug  4 2022 06:17:15  BuildStamp: freesurfer-linux-ubuntu22_x86_64-7.3.2-20220804-6354275  User: oesteban  Machine: dna063  Platform: Linux  PlatformVersion: 5.14.0-427.37.1.el9_4.x86_64  CompilerName: GCC  CompilerVersion: 8.4.0
ProgramName: mris_anatomical_stats  ProgramArguments: mris_anatomical_stats -all-info  ProgramVersion: 7.3.2  TimeStamp: 2026/03/10-07:43:43-GMT  BuildTime: Aug  4 2022 06:17:15  BuildStamp: freesurfer-linux-ubuntu22_x86_64-7.3.2-20220804-6354275  User: oesteban  Machine: dna063  Platform: Linux  PlatformVersion: 5.14.0-427.37.1.el9_4.x86_64  CompilerName: GCC  CompilerVersion: 8.4.0
ProgramName: mris_ca_label  ProgramArguments: mris_ca_label -all-info  ProgramVersion: 7.3.2  TimeStamp: 2026/03/10-07:43:43-GMT  BuildTime: Aug  4 2022 06:17:15  BuildStamp: freesurfer-linux-ubuntu22_x86_64-7.3.2-20220804-6354275  User: oesteban  Machine: dna063  Platform: Linux  PlatformVersion: 5.14.0-427.37.1.el9_4.x86_64  CompilerName: GCC  CompilerVersion: 8.4.0
ProgramName: mris_calc  ProgramArguments: mris_calc -all-info  ProgramVersion: 7.3.2  TimeStamp: 2026/03/10-07:43:43-GMT  BuildTime: Aug  4 2022 06:17:15  BuildStamp: freesurfer-linux-ubuntu22_x86_64-7.3.2-20220804-6354275  User: oesteban  Machine: dna063  Platform: Linux  PlatformVersion: 5.14.0-427.37.1.el9_4.x86_64  CompilerName: GCC  CompilerVersion: 8.4.0
ProgramName: mris_convert  ProgramArguments: mris_convert -all-info  ProgramVersion: 7.3.2  TimeStamp: 2026/03/10-07:43:43-GMT  BuildTime: Aug  4 2022 06:17:15  BuildStamp: freesurfer-linux-ubuntu22_x86_64-7.3.2-20220804-6354275  User: oesteban  Machine: dna063  Platform: Linux  PlatformVersion: 5.14.0-427.37.1.el9_4.x86_64  CompilerName: GCC  CompilerVersion: 8.4.0
ProgramName: mris_curvature  ProgramArguments: mris_curvature -all-info  ProgramVersion: 7.3.2  TimeStamp: 2026/03/10-07:43:43-GMT  BuildTime: Aug  4 2022 06:17:15  BuildStamp: freesurfer-linux-ubuntu22_x86_64-7.3.2-20220804-6354275  User: oesteban  Machine: dna063  Platform: Linux  PlatformVersion: 5.14.0-427.37.1.el9_4.x86_64  CompilerName: GCC  CompilerVersion: 8.4.0
ProgramName: mris_curvature_stats  ProgramArguments: mris_curvature_stats -all-info  ProgramVersion: 7.3.2  TimeStamp: 2026/03/10-07:43:43-GMT  BuildTime: Aug  4 2022 06:17:15  BuildStamp: freesurfer-linux-ubuntu22_x86_64-7.3.2-20220804-6354275  User: oesteban  Machine: dna063  Platform: Linux  PlatformVersion: 5.14.0-427.37.1.el9_4.x86_64  CompilerName: GCC  CompilerVersion: 8.4.0
ProgramName: mris_diff  ProgramArguments: mris_diff -all-info  ProgramVersion: 7.3.2  TimeStamp: 2026/03/10-07:43:43-GMT  BuildTime: Aug  4 2022 06:17:15  BuildStamp: freesurfer-linux-ubuntu22_x86_64-7.3.2-20220804-6354275  User: oesteban  Machine: dna063  Platform: Linux  PlatformVersion: 5.14.0-427.37.1.el9_4.x86_64  CompilerName: GCC  CompilerVersion: 8.4.0
ProgramName: mris_divide_parcellation  ProgramArguments: mris_divide_parcellation -all-info  ProgramVersion: 7.3.2  TimeStamp: 2026/03/10-07:43:43-GMT  BuildTime: Aug  4 2022 06:17:15  BuildStamp: freesurfer-linux-ubuntu22_x86_64-7.3.2-20220804-6354275  User: oesteban  Machine: dna063  Platform: Linux  PlatformVersion: 5.14.0-427.37.1.el9_4.x86_64  CompilerName: GCC  CompilerVersion: 8.4.0
ProgramName: mri_segment  ProgramArguments: mri_segment -all-info  ProgramVersion: 7.3.2  TimeStamp: 2026/03/10-07:43:43-GMT  BuildTime: Aug  4 2022 06:17:15  BuildStamp: freesurfer-linux-ubuntu22_x86_64-7.3.2-20220804-6354275  User: oesteban  Machine: dna063  Platform: Linux  PlatformVersion: 5.14.0-427.37.1.el9_4.x86_64  CompilerName: GCC  CompilerVersion: 8.4.0
ProgramName: mri_segstats  ProgramArguments: mri_segstats -all-info  ProgramVersion: 7.3.2  TimeStamp: 2026/03/10-07:43:43-GMT  BuildTime: Aug  4 2022 06:17:15  BuildStamp: freesurfer-linux-ubuntu22_x86_64-7.3.2-20220804-6354275  User: oesteban  Machine: dna063  Platform: Linux  PlatformVersion: 5.14.0-427.37.1.el9_4.x86_64  CompilerName: GCC  CompilerVersion: 8.4.0
ProgramName: mris_euler_number  ProgramArguments: mris_euler_number -all-info  ProgramVersion: 7.3.2  TimeStamp: 2026/03/10-07:43:43-GMT  BuildTime: Aug  4 2022 06:17:15  BuildStamp: freesurfer-linux-ubuntu22_x86_64-7.3.2-20220804-6354275  User: oesteban  Machine: dna063  Platform: Linux  PlatformVersion: 5.14.0-427.37.1.el9_4.x86_64  CompilerName: GCC  CompilerVersion: 8.4.0
ProgramName: mris_fix_topology  ProgramArguments: mris_fix_topology -all-info  ProgramVersion: 7.3.2  TimeStamp: 2026/03/10-07:43:43-GMT  BuildTime: Aug  4 2022 06:17:15  BuildStamp: freesurfer-linux-ubuntu22_x86_64-7.3.2-20220804-6354275  User: oesteban  Machine: dna063  Platform: Linux  PlatformVersion: 5.14.0-427.37.1.el9_4.x86_64  CompilerName: GCC  CompilerVersion: 8.4.0
ProgramName: mris_topo_fixer  ProgramArguments: mris_topo_fixer -all-info  ProgramVersion: 7.3.2  TimeStamp: 2026/03/10-07:43:43-GMT  BuildTime: Aug  4 2022 06:17:15  BuildStamp: freesurfer-linux-ubuntu22_x86_64-7.3.2-20220804-6354275  User: oesteban  Machine: dna063  Platform: Linux  PlatformVersion: 5.14.0-427.37.1.el9_4.x86_64  CompilerName: GCC  CompilerVersion: 8.4.0
ProgramName: mris_jacobian  ProgramArguments: mris_jacobian -all-info  ProgramVersion: 7.3.2  TimeStamp: 2026/03/10-07:43:43-GMT  BuildTime: Aug  4 2022 06:17:15  BuildStamp: freesurfer-linux-ubuntu22_x86_64-7.3.2-20220804-6354275  User: oesteban  Machine: dna063  Platform: Linux  PlatformVersion: 5.14.0-427.37.1.el9_4.x86_64  CompilerName: GCC  CompilerVersion: 8.4.0
ProgramName: mris_label2annot  ProgramArguments: mris_label2annot -all-info  ProgramVersion: 7.3.2  TimeStamp: 2026/03/10-07:43:43-GMT  BuildTime: Aug  4 2022 06:17:15  BuildStamp: freesurfer-linux-ubuntu22_x86_64-7.3.2-20220804-6354275  User: oesteban  Machine: dna063  Platform: Linux  PlatformVersion: 5.14.0-427.37.1.el9_4.x86_64  CompilerName: GCC  CompilerVersion: 8.4.0
ProgramName: mris_left_right_register  ProgramArguments: mris_left_right_register -all-info  ProgramVersion: 7.3.2  TimeStamp: 2026/03/10-07:43:43-GMT  BuildTime: Aug  4 2022 06:17:15  BuildStamp: freesurfer-linux-ubuntu22_x86_64-7.3.2-20220804-6354275  User: oesteban  Machine: dna063  Platform: Linux  PlatformVersion: 5.14.0-427.37.1.el9_4.x86_64  CompilerName: GCC  CompilerVersion: 8.4.0
ProgramName: mris_place_surface  ProgramArguments: mris_place_surface -all-info  ProgramVersion: 7.3.2  TimeStamp: 2026/03/10-07:43:43-GMT  BuildTime: Aug  4 2022 06:17:15  BuildStamp: freesurfer-linux-ubuntu22_x86_64-7.3.2-20220804-6354275  User: oesteban  Machine: dna063  Platform: Linux  PlatformVersion: 5.14.0-427.37.1.el9_4.x86_64  CompilerName: GCC  CompilerVersion: 8.4.0
ProgramName: mrisp_paint  ProgramArguments: mrisp_paint -all-info  ProgramVersion: 7.3.2  TimeStamp: 2026/03/10-07:43:43-GMT  BuildTime: Aug  4 2022 06:17:15  BuildStamp: freesurfer-linux-ubuntu22_x86_64-7.3.2-20220804-6354275  User: oesteban  Machine: dna063  Platform: Linux  PlatformVersion: 5.14.0-427.37.1.el9_4.x86_64  CompilerName: GCC  CompilerVersion: 8.4.0
ProgramName: mris_register  ProgramArguments: mris_register -all-info  ProgramVersion: 7.3.2  TimeStamp: 2026/03/10-07:43:43-GMT  BuildTime: Aug  4 2022 06:17:15  BuildStamp: freesurfer-linux-ubuntu22_x86_64-7.3.2-20220804-6354275  User: oesteban  Machine: dna063  Platform: Linux  PlatformVersion: 5.14.0-427.37.1.el9_4.x86_64  CompilerName: GCC  CompilerVersion: 8.4.0
ProgramName: mris_smooth  ProgramArguments: mris_smooth -all-info  ProgramVersion: 7.3.2  TimeStamp: 2026/03/10-07:43:43-GMT  BuildTime: Aug  4 2022 06:17:15  BuildStamp: freesurfer-linux-ubuntu22_x86_64-7.3.2-20220804-6354275  User: oesteban  Machine: dna063  Platform: Linux  PlatformVersion: 5.14.0-427.37.1.el9_4.x86_64  CompilerName: GCC  CompilerVersion: 8.4.0
ProgramName: mris_sphere  ProgramArguments: mris_sphere -all-info  ProgramVersion: 7.3.2  TimeStamp: 2026/03/10-07:43:43-GMT  BuildTime: Aug  4 2022 06:17:15  BuildStamp: freesurfer-linux-ubuntu22_x86_64-7.3.2-20220804-6354275  User: oesteban  Machine: dna063  Platform: Linux  PlatformVersion: 5.14.0-427.37.1.el9_4.x86_64  CompilerName: GCC  CompilerVersion: 8.4.0
ProgramName: mris_surface_stats  ProgramArguments: mris_surface_stats -all-info  ProgramVersion: 7.3.2  TimeStamp: 2026/03/10-07:43:43-GMT  BuildTime: Aug  4 2022 06:17:15  BuildStamp: freesurfer-linux-ubuntu22_x86_64-7.3.2-20220804-6354275  User: oesteban  Machine: dna063  Platform: Linux  PlatformVersion: 5.14.0-427.37.1.el9_4.x86_64  CompilerName: GCC  CompilerVersion: 8.4.0
ProgramName: mri_stats2seg  ProgramArguments: mri_stats2seg -all-info  ProgramVersion: 7.3.2  TimeStamp: 2026/03/10-07:43:43-GMT  BuildTime: Aug  4 2022 06:17:15  BuildStamp: freesurfer-linux-ubuntu22_x86_64-7.3.2-20220804-6354275  User: oesteban  Machine: dna063  Platform: Linux  PlatformVersion: 5.14.0-427.37.1.el9_4.x86_64  CompilerName: GCC  CompilerVersion: 8.4.0
ProgramName: mris_thickness  ProgramArguments: mris_thickness -all-info  ProgramVersion: 7.3.2  TimeStamp: 2026/03/10-07:43:43-GMT  BuildTime: Aug  4 2022 06:17:15  BuildStamp: freesurfer-linux-ubuntu22_x86_64-7.3.2-20220804-6354275  User: oesteban  Machine: dna063  Platform: Linux  PlatformVersion: 5.14.0-427.37.1.el9_4.x86_64  CompilerName: GCC  CompilerVersion: 8.4.0
ProgramName: mris_thickness_diff  ProgramArguments: mris_thickness_diff -all-info  ProgramVersion: 7.3.2  TimeStamp: 2026/03/10-07:43:43-GMT  BuildTime: Aug  4 2022 06:17:15  BuildStamp: freesurfer-linux-ubuntu22_x86_64-7.3.2-20220804-6354275  User: oesteban  Machine: dna063  Platform: Linux  PlatformVersion: 5.14.0-427.37.1.el9_4.x86_64  CompilerName: GCC  CompilerVersion: 8.4.0
ProgramName: mris_topo_fixer  ProgramArguments: mris_topo_fixer -all-info  ProgramVersion: 7.3.2  TimeStamp: 2026/03/10-07:43:43-GMT  BuildTime: Aug  4 2022 06:17:15  BuildStamp: freesurfer-linux-ubuntu22_x86_64-7.3.2-20220804-6354275  User: oesteban  Machine: dna063  Platform: Linux  PlatformVersion: 5.14.0-427.37.1.el9_4.x86_64  CompilerName: GCC  CompilerVersion: 8.4.0
ProgramName: mri_surf2surf  ProgramArguments: mri_surf2surf -all-info  ProgramVersion: 7.3.2  TimeStamp: 2026/03/10-07:43:43-GMT  BuildTime: Aug  4 2022 06:17:15  BuildStamp: freesurfer-linux-ubuntu22_x86_64-7.3.2-20220804-6354275  User: oesteban  Machine: dna063  Platform: Linux  PlatformVersion: 5.14.0-427.37.1.el9_4.x86_64  CompilerName: GCC  CompilerVersion: 8.4.0
ProgramName: mri_surf2vol  ProgramArguments: mri_surf2vol -all-info  ProgramVersion: 7.3.2  TimeStamp: 2026/03/10-07:43:43-GMT  BuildTime: Aug  4 2022 06:17:15  BuildStamp: freesurfer-linux-ubuntu22_x86_64-7.3.2-20220804-6354275  User: oesteban  Machine: dna063  Platform: Linux  PlatformVersion: 5.14.0-427.37.1.el9_4.x86_64  CompilerName: GCC  CompilerVersion: 8.4.0
ProgramName: mri_surfcluster  ProgramArguments: mri_surfcluster -all-info  ProgramVersion: 7.3.2  TimeStamp: 2026/03/10-07:43:43-GMT  BuildTime: Aug  4 2022 06:17:15  BuildStamp: freesurfer-linux-ubuntu22_x86_64-7.3.2-20220804-6354275  User: oesteban  Machine: dna063  Platform: Linux  PlatformVersion: 5.14.0-427.37.1.el9_4.x86_64  CompilerName: GCC  CompilerVersion: 8.4.0
ProgramName: mris_volmask  ProgramArguments: mris_volmask -all-info  ProgramVersion: 7.3.2  TimeStamp: 2026/03/10-07:43:43-GMT  BuildTime: Aug  4 2022 06:17:15  BuildStamp: freesurfer-linux-ubuntu22_x86_64-7.3.2-20220804-6354275  User: oesteban  Machine: dna063  Platform: Linux  PlatformVersion: 5.14.0-427.37.1.el9_4.x86_64  CompilerName: GCC  CompilerVersion: 8.4.0
ProgramName: mri_tessellate  ProgramArguments: mri_tessellate -all-info  ProgramVersion: 7.3.2  TimeStamp: 2026/03/10-07:43:43-GMT  BuildTime: Aug  4 2022 06:17:15  BuildStamp: freesurfer-linux-ubuntu22_x86_64-7.3.2-20220804-6354275  User: oesteban  Machine: dna063  Platform: Linux  PlatformVersion: 5.14.0-427.37.1.el9_4.x86_64  CompilerName: GCC  CompilerVersion: 8.4.0
ProgramName: mri_vol2surf  ProgramArguments: mri_vol2surf -all-info  ProgramVersion: 7.3.2  TimeStamp: 2026/03/10-07:43:43-GMT  BuildTime: Aug  4 2022 06:17:15  BuildStamp: freesurfer-linux-ubuntu22_x86_64-7.3.2-20220804-6354275  User: oesteban  Machine: dna063  Platform: Linux  PlatformVersion: 5.14.0-427.37.1.el9_4.x86_64  CompilerName: GCC  CompilerVersion: 8.4.0
ProgramName: mri_vol2vol  ProgramArguments: mri_vol2vol -all-info  ProgramVersion: 7.3.2  TimeStamp: 2026/03/10-07:43:43-GMT  BuildTime: Aug  4 2022 06:17:15  BuildStamp: freesurfer-linux-ubuntu22_x86_64-7.3.2-20220804-6354275  User: oesteban  Machine: dna063  Platform: Linux  PlatformVersion: 5.14.0-427.37.1.el9_4.x86_64  CompilerName: GCC  CompilerVersion: 8.4.0
ProgramName: mri_voldiff  ProgramArguments: mri_voldiff -all-info  ProgramVersion: 7.3.2  TimeStamp: 2026/03/10-07:43:43-GMT  BuildTime: Aug  4 2022 06:17:15  BuildStamp: freesurfer-linux-ubuntu22_x86_64-7.3.2-20220804-6354275  User: oesteban  Machine: dna063  Platform: Linux  PlatformVersion: 5.14.0-427.37.1.el9_4.x86_64  CompilerName: GCC  CompilerVersion: 8.4.0
ProgramName: mri_watershed  ProgramArguments: mri_watershed -all-info  ProgramVersion: 7.3.2  TimeStamp: 2026/03/10-07:43:43-GMT  BuildTime: Aug  4 2022 06:17:15  BuildStamp: freesurfer-linux-ubuntu22_x86_64-7.3.2-20220804-6354275  User: oesteban  Machine: dna063  Platform: Linux  PlatformVersion: 5.14.0-427.37.1.el9_4.x86_64  CompilerName: GCC  CompilerVersion: 8.4.0
ProgramName: tkregister2  ProgramArguments: tkregister2_cmdl -all-info  ProgramVersion: 7.3.2  TimeStamp: 2026/03/10-07:43:43-GMT  BuildTime: Aug  4 2022 06:17:15  BuildStamp: freesurfer-linux-ubuntu22_x86_64-7.3.2-20220804-6354275  User: oesteban  Machine: dna063  Platform: Linux  PlatformVersion: 5.14.0-427.37.1.el9_4.x86_64  CompilerName: GCC  CompilerVersion: 8.4.0
mri_motion_correct.fsl 7.3.2
mri_convert -all-info 
ProgramName: mri_convert  ProgramArguments: mri_convert -all-info  ProgramVersion: 7.3.2  TimeStamp: 2026/03/10-07:43:43-GMT  BuildTime: Aug  4 2022 06:17:15  BuildStamp: freesurfer-linux-ubuntu22_x86_64-7.3.2-20220804-6354275  User: oesteban  Machine: dna063  Platform: Linux  PlatformVersion: 5.14.0-427.37.1.el9_4.x86_64  CompilerName: GCC  CompilerVersion: 8.4.0
Program nu_correct, built from:
Package MNI N3, version 1.12.0, compiled by nicks@terrier (x86_64-unknown-linux-gnu) on 2015-06-19 at 01:25:34
#######################################
GCADIR /opt/freesurfer/average
GCA RB_all_2020-01-02.gca
GCASkull RB_all_withskull_2020_01_02.gca
AvgCurvTif folding.atlas.acfb40.noaparc.i12.2016-08-02.tif
GCSDIR /opt/freesurfer/average
GCS DKaparc.atlas.acfb40.noaparc.i12.2016-08-02.gcs
#######################################
#--------------------------------------------
#@# Tessellate lh Tue Mar 10 08:43:43 CET 2026
/out/sourcedata/freesurfer/sub-v1s8x0051332_ses-1/scripts

 mri_pretess ../mri/filled.mgz 255 ../mri/norm.mgz ../mri/filled-pretess255.mgz 


Iteration Number : 1
pass   1 (xy+):   4 found -   4 modified     |    TOTAL:   4
pass   2 (xy+):   0 found -   4 modified     |    TOTAL:   4
pass   1 (xy-):  12 found -  12 modified     |    TOTAL:  16
pass   2 (xy-):   0 found -  12 modified     |    TOTAL:  16
pass   1 (yz+):  15 found -  15 modified     |    TOTAL:  31
pass   2 (yz+):   0 found -  15 modified     |    TOTAL:  31
pass   1 (yz-):  15 found -  15 modified     |    TOTAL:  46
pass   2 (yz-):   0 found -  15 modified     |    TOTAL:  46
pass   1 (xz+):   1 found -   1 modified     |    TOTAL:  47
pass   2 (xz+):   0 found -   1 modified     |    TOTAL:  47
pass   1 (xz-):   8 found -   8 modified     |    TOTAL:  55
pass   2 (xz-):   0 found -   8 modified     |    TOTAL:  55
Iteration Number : 1
pass   1 (+++):   0 found -   0 modified     |    TOTAL:   0
pass   1 (+++):   2 found -   2 modified     |    TOTAL:   2
pass   2 (+++):   0 found -   2 modified     |    TOTAL:   2
pass   1 (+++):   0 found -   0 modified     |    TOTAL:   2
pass   1 (+++):   0 found -   0 modified     |    TOTAL:   2
Iteration Number : 1
pass   1 (++):   3 found -   3 modified     |    TOTAL:   3
pass   2 (++):   0 found -   3 modified     |    TOTAL:   3
pass   1 (+-):   3 found -   3 modified     |    TOTAL:   6
pass   2 (+-):   0 found -   3 modified     |    TOTAL:   6
pass   1 (--):   0 found -   0 modified     |    TOTAL:   6
pass   1 (-+):   3 found -   3 modified     |    TOTAL:   9
pass   2 (-+):   0 found -   3 modified     |    TOTAL:   9
Iteration Number : 2
pass   1 (xy+):   0 found -   0 modified     |    TOTAL:   0
pass   1 (xy-):   0 found -   0 modified     |    TOTAL:   0
pass   1 (yz+):   1 found -   1 modified     |    TOTAL:   1
pass   2 (yz+):   0 found -   1 modified     |    TOTAL:   1
pass   1 (yz-):   1 found -   1 modified     |    TOTAL:   2
pass   2 (yz-):   0 found -   1 modified     |    TOTAL:   2
pass   1 (xz+):   1 found -   1 modified     |    TOTAL:   3
pass   2 (xz+):   0 found -   1 modified     |    TOTAL:   3
pass   1 (xz-):   0 found -   0 modified     |    TOTAL:   3
Iteration Number : 2
pass   1 (+++):   0 found -   0 modified     |    TOTAL:   0
pass   1 (+++):   0 found -   0 modified     |    TOTAL:   0
pass   1 (+++):   0 found -   0 modified     |    TOTAL:   0
pass   1 (+++):   0 found -   0 modified     |    TOTAL:   0
Iteration Number : 2
pass   1 (++):   0 found -   0 modified     |    TOTAL:   0
pass   1 (+-):   0 found -   0 modified     |    TOTAL:   0
pass   1 (--):   0 found -   0 modified     |    TOTAL:   0
pass   1 (-+):   0 found -   0 modified     |    TOTAL:   0
Iteration Number : 3
pass   1 (xy+):   0 found -   0 modified     |    TOTAL:   0
pass   1 (xy-):   0 found -   0 modified     |    TOTAL:   0
pass   1 (yz+):   1 found -   1 modified     |    TOTAL:   1
pass   2 (yz+):   0 found -   1 modified     |    TOTAL:   1
pass   1 (yz-):   0 found -   0 modified     |    TOTAL:   1
pass   1 (xz+):   0 found -   0 modified     |    TOTAL:   1
pass   1 (xz-):   0 found -   0 modified     |    TOTAL:   1
Iteration Number : 3
pass   1 (+++):   0 found -   0 modified     |    TOTAL:   0
pass   1 (+++):   0 found -   0 modified     |    TOTAL:   0
pass   1 (+++):   0 found -   0 modified     |    TOTAL:   0
pass   1 (+++):   0 found -   0 modified     |    TOTAL:   0
Iteration Number : 3
pass   1 (++):   0 found -   0 modified     |    TOTAL:   0
pass   1 (+-):   0 found -   0 modified     |    TOTAL:   0
pass   1 (--):   0 found -   0 modified     |    TOTAL:   0
pass   1 (-+):   0 found -   0 modified     |    TOTAL:   0
Iteration Number : 4
pass   1 (xy+):   0 found -   0 modified     |    TOTAL:   0
pass   1 (xy-):   0 found -   0 modified     |    TOTAL:   0
pass   1 (yz+):   0 found -   0 modified     |    TOTAL:   0
pass   1 (yz-):   0 found -   0 modified     |    TOTAL:   0
pass   1 (xz+):   0 found -   0 modified     |    TOTAL:   0
pass   1 (xz-):   0 found -   0 modified     |    TOTAL:   0
Iteration Number : 4
pass   1 (+++):   0 found -   0 modified     |    TOTAL:   0
pass   1 (+++):   0 found -   0 modified     |    TOTAL:   0
pass   1 (+++):   0 found -   0 modified     |    TOTAL:   0
pass   1 (+++):   0 found -   0 modified     |    TOTAL:   0
Iteration Number : 4
pass   1 (++):   0 found -   0 modified     |    TOTAL:   0
pass   1 (+-):   0 found -   0 modified     |    TOTAL:   0
pass   1 (--):   0 found -   0 modified     |    TOTAL:   0
pass   1 (-+):   0 found -   0 modified     |    TOTAL:   0

Total Number of Modified Voxels = 70 (out of 516068: 0.013564)
Ambiguous edge configurations... 

mri_pretess done


 mri_tessellate ../mri/filled-pretess255.mgz 255 ../surf/lh.orig.nofix 

7.3.2
  7.3.2
slice 30: 205 vertices, 233 faces
slice 40: 3870 vertices, 4074 faces
slice 50: 12608 vertices, 12951 faces
slice 60: 23020 vertices, 23459 faces
slice 70: 35882 vertices, 36412 faces
slice 80: 49489 vertices, 50025 faces
slice 90: 63653 vertices, 64208 faces
slice 100: 78748 vertices, 79339 faces
slice 110: 93981 vertices, 94618 faces
slice 120: 109311 vertices, 109956 faces
slice 130: 125127 vertices, 125841 faces
slice 140: 140640 vertices, 141397 faces
slice 150: 155372 vertices, 156026 faces
slice 160: 168550 vertices, 169221 faces
slice 170: 179427 vertices, 179980 faces
slice 180: 189179 vertices, 189744 faces
slice 190: 196948 vertices, 197460 faces
slice 200: 203101 vertices, 203516 faces
slice 210: 206256 vertices, 206536 faces
slice 220: 206450 vertices, 206688 faces
slice 230: 206450 vertices, 206688 faces
slice 240: 206450 vertices, 206688 faces
slice 250: 206450 vertices, 206688 faces
using the conformed surface RAS to save vertex points...
writing ../surf/lh.orig.nofix
using vox2ras matrix:
-1.00000   0.00000   0.00000   128.00000;
 0.00000   0.00000   1.00000  -128.00000;
 0.00000  -1.00000   0.00000   128.00000;
 0.00000   0.00000   0.00000   1.00000;

 rm -f ../mri/filled-pretess255.mgz 


 mris_extract_main_component ../surf/lh.orig.nofix ../surf/lh.orig.nofix 


counting number of connected components...
   206450 voxel in cpt #1: X=-238 [v=206450,e=620064,f=413376] located at (-29.366262, -12.580266, 31.027294)
For the whole surface: X=-238 [v=206450,e=620064,f=413376]
One single component has been found
nothing to do
done

#--------------------------------------------
#@# Smooth1 lh Tue Mar 10 08:43:48 CET 2026
/out/sourcedata/freesurfer/sub-v1s8x0051332_ses-1/scripts

 mris_smooth -nw -seed 1234 ../surf/lh.orig.nofix ../surf/lh.smoothwm.nofix 

setting seed for random number generator to 1234
smoothing surface tessellation for 10 iterations...
smoothing complete - recomputing first and second fundamental forms...
#--------------------------------------------
#@# Inflation1 lh Tue Mar 10 08:43:52 CET 2026
/out/sourcedata/freesurfer/sub-v1s8x0051332_ses-1/scripts

 mris_inflate -no-save-sulc ../surf/lh.smoothwm.nofix ../surf/lh.inflated.nofix 

Not saving sulc
Reading ../surf/lh.smoothwm.nofix
avg radius = 52.8 mm, total surface area = 112322 mm^2
step 000: RMS=0.156 (target=0.015)   step 005: RMS=0.124 (target=0.015)   step 010: RMS=0.101 (target=0.015)   step 015: RMS=0.090 (target=0.015)   step 020: RMS=0.084 (target=0.015)   step 025: RMS=0.078 (target=0.015)   step 030: RMS=0.075 (target=0.015)   step 035: RMS=0.072 (target=0.015)   step 040: RMS=0.070 (target=0.015)   step 045: RMS=0.068 (target=0.015)   step 050: RMS=0.068 (target=0.015)   step 055: RMS=0.068 (target=0.015)   step 060: RMS=0.068 (target=0.015)   writing inflated surface to ../surf/lh.inflated.nofix
inflation took 0.3 minutes

inflation complete.
Not saving sulc
mris_inflate utimesec    65.472454
mris_inflate stimesec    2.649824
mris_inflate ru_maxrss   324204
mris_inflate ru_ixrss    0
mris_inflate ru_idrss    0
mris_inflate ru_isrss    0
mris_inflate ru_minflt   835990
mris_inflate ru_majflt   32
mris_inflate ru_nswap    0
mris_inflate ru_inblock  1672
mris_inflate ru_oublock  14536
mris_inflate ru_msgsnd   0
mris_inflate ru_msgrcv   0
mris_inflate ru_nsignals 0
mris_inflate ru_nvcsw    12869
mris_inflate ru_nivcsw   741
#--------------------------------------------
#@# QSphere lh Tue Mar 10 08:44:09 CET 2026
/out/sourcedata/freesurfer/sub-v1s8x0051332_ses-1/scripts

 mris_sphere -q -p 6 -a 128 -seed 1234 ../surf/lh.inflated.nofix ../surf/lh.qsphere.nofix 

doing quick spherical unfolding.
limitting unfolding to 6 passes
using n_averages = 128
setting seed for random number genererator to 1234
version: 7.3.2
available threads: 16
scaling brain by 0.268...
inflating...
projecting onto sphere...
surface projected - minimizing metric distortion...
vertex spacing 0.85 +- 0.55 (0.00-->12.44) (max @ vno 130823 --> 130824)
face area 0.02 +- 0.03 (-0.60-->0.89)
Entering MRISinflateToSphere()
inflating to sphere (rms error < 2.00)
000: dt: 0.0000, rms radial error=176.717, avgs=0
005/300: dt: 0.9000, rms radial error=176.457, avgs=0
010/300: dt: 0.9000, rms radial error=175.897, avgs=0
015/300: dt: 0.9000, rms radial error=175.163, avgs=0
020/300: dt: 0.9000, rms radial error=174.326, avgs=0
025/300: dt: 0.9000, rms radial error=173.432, avgs=0
030/300: dt: 0.9000, rms radial error=172.506, avgs=0
035/300: dt: 0.9000, rms radial error=171.564, avgs=0
040/300: dt: 0.9000, rms radial error=170.615, avgs=0
045/300: dt: 0.9000, rms radial error=169.663, avgs=0
050/300: dt: 0.9000, rms radial error=168.714, avgs=0
055/300: dt: 0.9000, rms radial error=167.770, avgs=0
060/300: dt: 0.9000, rms radial error=166.829, avgs=0
065/300: dt: 0.9000, rms radial error=165.893, avgs=0
070/300: dt: 0.9000, rms radial error=164.962, avgs=0
075/300: dt: 0.9000, rms radial error=164.036, avgs=0
080/300: dt: 0.9000, rms radial error=163.115, avgs=0
085/300: dt: 0.9000, rms radial error=162.199, avgs=0
090/300: dt: 0.9000, rms radial error=161.289, avgs=0
095/300: dt: 0.9000, rms radial error=160.383, avgs=0
100/300: dt: 0.9000, rms radial error=159.483, avgs=0
105/300: dt: 0.9000, rms radial error=158.588, avgs=0
110/300: dt: 0.9000, rms radial error=157.698, avgs=0
115/300: dt: 0.9000, rms radial error=156.812, avgs=0
120/300: dt: 0.9000, rms radial error=155.932, avgs=0
125/300: dt: 0.9000, rms radial error=155.058, avgs=0
130/300: dt: 0.9000, rms radial error=154.188, avgs=0
135/300: dt: 0.9000, rms radial error=153.324, avgs=0
140/300: dt: 0.9000, rms radial error=152.464, avgs=0
145/300: dt: 0.9000, rms radial error=151.609, avgs=0
150/300: dt: 0.9000, rms radial error=150.760, avgs=0
155/300: dt: 0.9000, rms radial error=149.914, avgs=0
160/300: dt: 0.9000, rms radial error=149.074, avgs=0
165/300: dt: 0.9000, rms radial error=148.238, avgs=0
170/300: dt: 0.9000, rms radial error=147.407, avgs=0
175/300: dt: 0.9000, rms radial error=146.581, avgs=0
180/300: dt: 0.9000, rms radial error=145.759, avgs=0
185/300: dt: 0.9000, rms radial error=144.942, avgs=0
190/300: dt: 0.9000, rms radial error=144.129, avgs=0
195/300: dt: 0.9000, rms radial error=143.321, avgs=0
200/300: dt: 0.9000, rms radial error=142.518, avgs=0
205/300: dt: 0.9000, rms radial error=141.719, avgs=0
210/300: dt: 0.9000, rms radial error=140.924, avgs=0
215/300: dt: 0.9000, rms radial error=140.134, avgs=0
220/300: dt: 0.9000, rms radial error=139.348, avgs=0
225/300: dt: 0.9000, rms radial error=138.567, avgs=0
230/300: dt: 0.9000, rms radial error=137.790, avgs=0
235/300: dt: 0.9000, rms radial error=137.018, avgs=0
240/300: dt: 0.9000, rms radial error=136.250, avgs=0
245/300: dt: 0.9000, rms radial error=135.486, avgs=0
250/300: dt: 0.9000, rms radial error=134.726, avgs=0
255/300: dt: 0.9000, rms radial error=133.970, avgs=0
260/300: dt: 0.9000, rms radial error=133.219, avgs=0
265/300: dt: 0.9000, rms radial error=132.472, avgs=0
270/300: dt: 0.9000, rms radial error=131.729, avgs=0
275/300: dt: 0.9000, rms radial error=130.990, avgs=0
280/300: dt: 0.9000, rms radial error=130.256, avgs=0
285/300: dt: 0.9000, rms radial error=129.525, avgs=0
290/300: dt: 0.9000, rms radial error=128.799, avgs=0
295/300: dt: 0.9000, rms radial error=128.076, avgs=0
300/300: dt: 0.9000, rms radial error=127.358, avgs=0

spherical inflation complete.
epoch 1 (K=10.0), pass 1, starting sse = 25256.45
taking momentum steps...
taking momentum steps...
taking momentum steps...
taking momentum steps...
pass 1 complete, delta sse/iter = 0.00/13 = 0.00023
epoch 2 (K=40.0), pass 1, starting sse = 4703.02
taking momentum steps...
taking momentum steps...
taking momentum steps...
taking momentum steps...
pass 1 complete, delta sse/iter = 0.00/13 = 0.00003
epoch 3 (K=160.0), pass 1, starting sse = 638.59
taking momentum steps...
taking momentum steps...
taking momentum steps...
taking momentum steps...
pass 1 complete, delta sse/iter = 0.02/13 = 0.00164
epoch 4 (K=640.0), pass 1, starting sse = 92.52
taking momentum steps...
taking momentum steps...
taking momentum steps...
taking momentum steps...
pass 1 complete, delta sse/iter = 0.08/15 = 0.00505
final distance error %100000.00
writing spherical brain to ../surf/lh.qsphere.nofix
spherical transformation took 0.0220 hours
FSRUNTIME@ mris_sphere  0.0220 hours 16 threads
#VMPC# mris_sphere VmPeak  1654656
mris_sphere done
#@# Fix Topology lh Tue Mar 10 08:45:28 CET 2026

 mris_fix_topology -mgz -sphere qsphere.nofix -inflated inflated.nofix -orig orig.nofix -out orig.premesh -ga -seed 1234 sub-v1s8x0051332_ses-1 lh 

reading spherical homeomorphism from 'qsphere.nofix'
reading inflated coordinates from 'inflated.nofix'
reading original coordinates from 'orig.nofix'
using genetic algorithm with optimized parameters
setting seed for random number genererator to 1234

*************************************************************
Topology Correction Parameters
retessellation mode:           genetic search
number of patches/generation : 10
number of generations :        10
surface mri loglikelihood coefficient :         1.0
volume mri loglikelihood coefficient :          10.0
normal dot loglikelihood coefficient :          1.0
quadratic curvature loglikelihood coefficient : 1.0
volume resolution :                             2
eliminate vertices during search :              1
initial patch selection :                       1
select all defect vertices :                    0
ordering dependant retessellation:              0
use precomputed edge table :                    0
smooth retessellated patch :                    2
match retessellated patch :                     1
verbose mode :                                  0

*************************************************************
INFO: assuming .mgz format
writing corrected surface to 'orig.premesh'
7.3.2
  7.3.2
before topology correction, eno=-238 (nv=206450, nf=413376, ne=620064, g=120)
using quasi-homeomorphic spherical map to tessellate cortical surface...

Correction of the Topology
Finding true center and radius of Spherical Surface...done
Surface centered at (0,0,0) with radius 100.0 in 11 iterations
marking ambiguous vertices...
58847 ambiguous faces found in tessellation
segmenting defects...
90 defects found, arbitrating ambiguous regions...
analyzing neighboring defects...
      -merging segment 21 into 18
      -merging segment 63 into 56
      -merging segment 20 into 56
87 defects to be corrected 
0 vertices coincident
reading input surface /out/sourcedata/freesurfer/sub-v1s8x0051332_ses-1/surf/lh.qsphere.nofix...
reading brain volume from brain...
reading wm segmentation from wm...
Reading original properties of orig.nofix
Reading vertex positions of inflated.nofix
Computing Initial Surface Statistics
      -face       loglikelihood: -8.6699  (-4.3349)
      -vertex     loglikelihood: -5.8330  (-2.9165)
      -normal dot loglikelihood: -3.5522  (-3.5522)
      -quad curv  loglikelihood: -5.7278  (-2.8639)
      Total Loglikelihood : -23.7828
CORRECTING DEFECT 0 (vertices=409, convex hull=131, v0=862)
After retessellation of defect 0 (v0=862), euler #=-75 (173623,513661,339963) : difference with theory (-84) = -9 
CORRECTING DEFECT 1 (vertices=3173, convex hull=581, v0=914)
An extra large defect has been detected...
This often happens because cerebellum or dura has not been removed from wm.mgz.
This may cause recon-all to run very slowly or crash.
if so, see https://surfer.nmr.mgh.harvard.edu/fswiki/FsTutorial/TopologicalDefect_freeview
normal vector of length zero at vertex 175518 with 4 faces
After retessellation of defect 1 (v0=914), euler #=-74 (174084,515331,341173) : difference with theory (-83) = -9 
CORRECTING DEFECT 2 (vertices=57, convex hull=39, v0=1538)
After retessellation of defect 2 (v0=1538), euler #=-73 (174089,515362,341200) : difference with theory (-82) = -9 
CORRECTING DEFECT 3 (vertices=64, convex hull=48, v0=2573)
After retessellation of defect 3 (v0=2573), euler #=-72 (174093,515394,341229) : difference with theory (-81) = -9 
CORRECTING DEFECT 4 (vertices=587, convex hull=156, v0=3835)
After retessellation of defect 4 (v0=3835), euler #=-71 (174143,515619,341405) : difference with theory (-80) = -9 
CORRECTING DEFECT 5 (vertices=390, convex hull=229, v0=4164)
After retessellation of defect 5 (v0=4164), euler #=-70 (174244,516032,341718) : difference with theory (-79) = -9 
CORRECTING DEFECT 6 (vertices=13, convex hull=24, v0=6218)
After retessellation of defect 6 (v0=6218), euler #=-69 (174246,516045,341730) : difference with theory (-78) = -9 
CORRECTING DEFECT 7 (vertices=136, convex hull=47, v0=8541)
After retessellation of defect 7 (v0=8541), euler #=-68 (174255,516089,341766) : difference with theory (-77) = -9 
CORRECTING DEFECT 8 (vertices=200, convex hull=148, v0=9398)
After retessellation of defect 8 (v0=9398), euler #=-67 (174264,516190,341859) : difference with theory (-76) = -9 
CORRECTING DEFECT 9 (vertices=402, convex hull=149, v0=10325)
After retessellation of defect 9 (v0=10325), euler #=-66 (174333,516471,342072) : difference with theory (-75) = -9 
CORRECTING DEFECT 10 (vertices=18, convex hull=29, v0=13994)
After retessellation of defect 10 (v0=13994), euler #=-65 (174337,516493,342091) : difference with theory (-74) = -9 
CORRECTING DEFECT 11 (vertices=2643, convex hull=618, v0=14074)
An extra large defect has been detected...
This often happens because cerebellum or dura has not been removed from wm.mgz.
This may cause recon-all to run very slowly or crash.
if so, see https://surfer.nmr.mgh.harvard.edu/fswiki/FsTutorial/TopologicalDefect_freeview
After retessellation of defect 11 (v0=14074), euler #=-65 (174687,517865,343113) : difference with theory (-73) = -8 
CORRECTING DEFECT 12 (vertices=1390, convex hull=131, v0=15270)
After retessellation of defect 12 (v0=15270), euler #=-65 (174720,518026,343241) : difference with theory (-72) = -7 
CORRECTING DEFECT 13 (vertices=506, convex hull=199, v0=16054)
After retessellation of defect 13 (v0=16054), euler #=-64 (174849,518507,343594) : difference with theory (-71) = -7 
CORRECTING DEFECT 14 (vertices=99, convex hull=128, v0=18160)
After retessellation of defect 14 (v0=18160), euler #=-63 (174885,518663,343715) : difference with theory (-70) = -7 
CORRECTING DEFECT 15 (vertices=21, convex hull=37, v0=19219)
After retessellation of defect 15 (v0=19219), euler #=-62 (174888,518685,343735) : difference with theory (-69) = -7 
CORRECTING DEFECT 16 (vertices=110, convex hull=59, v0=25274)
After retessellation of defect 16 (v0=25274), euler #=-61 (174902,518750,343787) : difference with theory (-68) = -7 
CORRECTING DEFECT 17 (vertices=6, convex hull=21, v0=25466)
After retessellation of defect 17 (v0=25466), euler #=-60 (174903,518760,343797) : difference with theory (-67) = -7 
CORRECTING DEFECT 18 (vertices=1500, convex hull=594, v0=35352)
An extra large defect has been detected...
This often happens because cerebellum or dura has not been removed from wm.mgz.
This may cause recon-all to run very slowly or crash.
if so, see https://surfer.nmr.mgh.harvard.edu/fswiki/FsTutorial/TopologicalDefect_freeview
normal vector of length zero at vertex 185097 with 3 faces
normal vector of length zero at vertex 185097 with 3 faces
normal vector of length zero at vertex 185097 with 3 faces
normal vector of length zero at vertex 185097 with 3 faces
normal vector of length zero at vertex 185097 with 3 faces
normal vector of length zero at vertex 185097 with 3 faces
normal vector of length zero at vertex 185097 with 3 faces
normal vector of length zero at vertex 185097 with 3 faces
normal vector of length zero at vertex 185097 with 3 faces
normal vector of length zero at vertex 185097 with 3 faces
normal vector of length zero at vertex 185097 with 3 faces
normal vector of length zero at vertex 185097 with 3 faces
normal vector of length zero at vertex 185097 with 3 faces
normal vector of length zero at vertex 185097 with 3 faces
normal vector of length zero at vertex 185097 with 3 faces
normal vector of length zero at vertex 185097 with 3 faces
normal vector of length zero at vertex 185097 with 3 faces
normal vector of length zero at vertex 185097 with 3 faces
normal vector of length zero at vertex 185097 with 3 faces
normal vector of length zero at vertex 185097 with 3 faces
normal vector of length zero at vertex 185097 with 3 faces
normal vector of length zero at vertex 185097 with 3 faces
normal vector of length zero at vertex 185097 with 3 faces
normal vector of length zero at vertex 185097 with 3 faces
normal vector of length zero at vertex 185097 with 3 faces
normal vector of length zero at vertex 185097 with 3 faces
normal vector of length zero at vertex 185097 with 3 faces
normal vector of length zero at vertex 185097 with 3 faces
normal vector of length zero at vertex 185097 with 3 faces
normal vector of length zero at vertex 185097 with 3 faces
normal vector of length zero at vertex 185097 with 3 faces
normal vector of length zero at vertex 185097 with 3 faces
normal vector of length zero at vertex 185097 with 3 faces
normal vector of length zero at vertex 185097 with 3 faces
normal vector of length zero at vertex 185097 with 3 faces
normal vector of length zero at vertex 185097 with 3 faces
normal vector of length zero at vertex 185097 with 3 faces
normal vector of length zero at vertex 185097 with 3 faces
normal vector of length zero at vertex 185097 with 3 faces
normal vector of length zero at vertex 185097 with 3 faces
normal vector of length zero at vertex 185097 with 3 faces
normal vector of length zero at vertex 185097 with 3 faces
normal vector of length zero at vertex 185097 with 3 faces
normal vector of length zero at vertex 185097 with 3 faces
normal vector of length zero at vertex 185097 with 3 faces
normal vector of length zero at vertex 185097 with 3 faces
normal vector of length zero at vertex 185097 with 3 faces
normal vector of length zero at vertex 185097 with 3 faces
normal vector of length zero at vertex 185097 with 3 faces
normal vector of length zero at vertex 185097 with 3 faces
normal vector of length zero at vertex 185097 with 3 faces
normal vector of length zero at vertex 185097 with 3 faces
normal vector of length zero at vertex 185133 with 3 faces
normal vector of length zero at vertex 185133 with 3 faces
normal vector of length zero at vertex 185133 with 3 faces
normal vector of length zero at vertex 185133 with 3 faces
normal vector of length zero at vertex 185133 with 3 faces
normal vector of length zero at vertex 185133 with 3 faces
normal vector of length zero at vertex 185133 with 3 faces
normal vector of length zero at vertex 185133 with 3 faces
normal vector of length zero at vertex 185133 with 3 faces
normal vector of length zero at vertex 185133 with 3 faces
normal vector of length zero at vertex 185133 with 3 faces
normal vector of length zero at vertex 185133 with 3 faces
normal vector of length zero at vertex 185133 with 3 faces
normal vector of length zero at vertex 185133 with 3 faces
normal vector of length zero at vertex 185133 with 3 faces
normal vector of length zero at vertex 185133 with 3 faces
normal vector of length zero at vertex 185133 with 3 faces
normal vector of length zero at vertex 185133 with 3 faces
normal vector of length zero at vertex 185133 with 3 faces
normal vector of length zero at vertex 185133 with 3 faces
normal vector of length zero at vertex 185133 with 3 faces
normal vector of length zero at vertex 185133 with 3 faces
normal vector of length zero at vertex 185133 with 3 faces
normal vector of length zero at vertex 185133 with 3 faces
normal vector of length zero at vertex 185133 with 3 faces
normal vector of length zero at vertex 185133 with 3 faces
normal vector of length zero at vertex 185133 with 3 faces
normal vector of length zero at vertex 185133 with 3 faces
normal vector of length zero at vertex 185133 with 3 faces
normal vector of length zero at vertex 185133 with 3 faces
normal vector of length zero at vertex 185133 with 3 faces
normal vector of length zero at vertex 185133 with 3 faces
normal vector of length zero at vertex 185133 with 3 faces
normal vector of length zero at vertex 185133 with 3 faces
normal vector of length zero at vertex 185133 with 3 faces
normal vector of length zero at vertex 185133 with 3 faces
normal vector of length zero at vertex 185133 with 3 faces
normal vector of length zero at vertex 185133 with 3 faces
normal vector of length zero at vertex 185133 with 3 faces
normal vector of length zero at vertex 185133 with 3 faces
normal vector of length zero at vertex 185133 with 3 faces
normal vector of length zero at vertex 185133 with 3 faces
normal vector of length zero at vertex 185133 with 3 faces
normal vector of length zero at vertex 185133 with 3 faces
normal vector of length zero at vertex 185133 with 3 faces
normal vector of length zero at vertex 185133 with 3 faces
normal vector of length zero at vertex 185133 with 3 faces
normal vector of length zero at vertex 185133 with 3 faces
normal vector of length zero at vertex 185133 with 3 faces
normal vector of length zero at vertex 185133 with 3 faces
normal vector of length zero at vertex 185133 with 3 faces
normal vector of length zero at vertex 185133 with 3 faces
normal vector of length zero at vertex 185133 with 3 faces
normal vector of length zero at vertex 185133 with 3 faces
normal vector of length zero at vertex 185133 with 3 faces
normal vector of length zero at vertex 185133 with 3 faces
normal vector of length zero at vertex 185133 with 3 faces
normal vector of length zero at vertex 185133 with 3 faces
normal vector of length zero at vertex 185133 with 3 faces
normal vector of length zero at vertex 185133 with 3 faces
normal vector of length zero at vertex 185133 with 3 faces
normal vector of length zero at vertex 185133 with 3 faces
normal vector of length zero at vertex 185133 with 3 faces
normal vector of length zero at vertex 185133 with 3 faces
Warning - incorrect dp selected!!!!(-92.174376 >= -92.178868 ) 
After retessellation of defect 18 (v0=35352), euler #=-58 (175075,519583,344450) : difference with theory (-66) = -8 
CORRECTING DEFECT 19 (vertices=66, convex hull=103, v0=40712)
After retessellation of defect 19 (v0=40712), euler #=-57 (175093,519687,344537) : difference with theory (-65) = -8 
CORRECTING DEFECT 20 (vertices=344, convex hull=50, v0=54957)
After retessellation of defect 20 (v0=54957), euler #=-56 (175101,519727,344570) : difference with theory (-64) = -8 
CORRECTING DEFECT 21 (vertices=698, convex hull=312, v0=58525)
After retessellation of defect 21 (v0=58525), euler #=-55 (175214,520222,344953) : difference with theory (-63) = -8 
CORRECTING DEFECT 22 (vertices=110, convex hull=140, v0=58940)
After retessellation of defect 22 (v0=58940), euler #=-54 (175276,520471,345141) : difference with theory (-62) = -8 
CORRECTING DEFECT 23 (vertices=7, convex hull=20, v0=62756)
After retessellation of defect 23 (v0=62756), euler #=-53 (175277,520480,345150) : difference with theory (-61) = -8 
CORRECTING DEFECT 24 (vertices=226, convex hull=211, v0=62853)
After retessellation of defect 24 (v0=62853), euler #=-52 (175401,520951,345498) : difference with theory (-60) = -8 
CORRECTING DEFECT 25 (vertices=220, convex hull=171, v0=65840)
After retessellation of defect 25 (v0=65840), euler #=-51 (175477,521262,345734) : difference with theory (-59) = -8 
CORRECTING DEFECT 26 (vertices=675, convex hull=338, v0=68975)
After retessellation of defect 26 (v0=68975), euler #=-50 (175594,521770,346126) : difference with theory (-58) = -8 
CORRECTING DEFECT 27 (vertices=1387, convex hull=374, v0=70585)
A large defect has been detected...
This often happens because cerebellum or dura has not been removed from wm.mgz.
This may cause recon-all to run very slowly or crash.
if so, see https://surfer.nmr.mgh.harvard.edu/fswiki/FsTutorial/TopologicalDefect_freeview
After retessellation of defect 27 (v0=70585), euler #=-49 (175723,522349,346577) : difference with theory (-57) = -8 
CORRECTING DEFECT 28 (vertices=219, convex hull=144, v0=70791)
After retessellation of defect 28 (v0=70791), euler #=-48 (175740,522466,346678) : difference with theory (-56) = -8 
CORRECTING DEFECT 29 (vertices=618, convex hull=283, v0=70969)
After retessellation of defect 29 (v0=70969), euler #=-47 (175783,522735,346905) : difference with theory (-55) = -8 
CORRECTING DEFECT 30 (vertices=646, convex hull=425, v0=72115)
After retessellation of defect 30 (v0=72115), euler #=-46 (175955,523467,347466) : difference with theory (-54) = -8 
CORRECTING DEFECT 31 (vertices=49, convex hull=59, v0=82644)
After retessellation of defect 31 (v0=82644), euler #=-45 (175980,523568,347543) : difference with theory (-53) = -8 
CORRECTING DEFECT 32 (vertices=269, convex hull=145, v0=85576)
After retessellation of defect 32 (v0=85576), euler #=-44 (175998,523689,347647) : difference with theory (-52) = -8 
CORRECTING DEFECT 33 (vertices=2657, convex hull=659, v0=92150)
An extra large defect has been detected...
This often happens because cerebellum or dura has not been removed from wm.mgz.
This may cause recon-all to run very slowly or crash.
if so, see https://surfer.nmr.mgh.harvard.edu/fswiki/FsTutorial/TopologicalDefect_freeview
After retessellation of defect 33 (v0=92150), euler #=-49 (176718,526250,349483) : difference with theory (-51) = -2 
CORRECTING DEFECT 34 (vertices=502, convex hull=285, v0=92766)
After retessellation of defect 34 (v0=92766), euler #=-48 (176883,526879,349948) : difference with theory (-50) = -2 
CORRECTING DEFECT 35 (vertices=374, convex hull=59, v0=93981)
After retessellation of defect 35 (v0=93981), euler #=-47 (176917,527007,350043) : difference with theory (-49) = -2 
CORRECTING DEFECT 36 (vertices=265, convex hull=307, v0=95235)
normal vector of length zero at vertex 194557 with 3 faces
After retessellation of defect 36 (v0=95235), euler #=-46 (177055,527564,350463) : difference with theory (-48) = -2 
CORRECTING DEFECT 37 (vertices=199, convex hull=120, v0=95496)
After retessellation of defect 37 (v0=95496), euler #=-45 (177073,527675,350557) : difference with theory (-47) = -2 
CORRECTING DEFECT 38 (vertices=388, convex hull=647, v0=98175)
A large defect has been detected...
This often happens because cerebellum or dura has not been removed from wm.mgz.
This may cause recon-all to run very slowly or crash.
if so, see https://surfer.nmr.mgh.harvard.edu/fswiki/FsTutorial/TopologicalDefect_freeview
After retessellation of defect 38 (v0=98175), euler #=-45 (177372,528892,351475) : difference with theory (-46) = -1 
CORRECTING DEFECT 39 (vertices=32, convex hull=62, v0=100327)
After retessellation of defect 39 (v0=100327), euler #=-44 (177386,528955,351525) : difference with theory (-45) = -1 
CORRECTING DEFECT 40 (vertices=172, convex hull=139, v0=101036)
After retessellation of defect 40 (v0=101036), euler #=-43 (177423,529131,351665) : difference with theory (-44) = -1 
CORRECTING DEFECT 41 (vertices=50, convex hull=128, v0=103404)
After retessellation of defect 41 (v0=103404), euler #=-42 (177449,529260,351769) : difference with theory (-43) = -1 
CORRECTING DEFECT 42 (vertices=9, convex hull=42, v0=105861)
After retessellation of defect 42 (v0=105861), euler #=-41 (177452,529284,351791) : difference with theory (-42) = -1 
CORRECTING DEFECT 43 (vertices=136, convex hull=42, v0=106119)
After retessellation of defect 43 (v0=106119), euler #=-40 (177462,529331,351829) : difference with theory (-41) = -1 
CORRECTING DEFECT 44 (vertices=23, convex hull=19, v0=108356)
After retessellation of defect 44 (v0=108356), euler #=-39 (177470,529360,351851) : difference with theory (-40) = -1 
CORRECTING DEFECT 45 (vertices=46, convex hull=79, v0=112209)
After retessellation of defect 45 (v0=112209), euler #=-38 (177499,529482,351945) : difference with theory (-39) = -1 
CORRECTING DEFECT 46 (vertices=104, convex hull=94, v0=113419)
After retessellation of defect 46 (v0=113419), euler #=-37 (177528,529617,352052) : difference with theory (-38) = -1 
CORRECTING DEFECT 47 (vertices=520, convex hull=339, v0=116137)
After retessellation of defect 47 (v0=116137), euler #=-36 (177624,530074,352414) : difference with theory (-37) = -1 
CORRECTING DEFECT 48 (vertices=6, convex hull=31, v0=119528)
After retessellation of defect 48 (v0=119528), euler #=-35 (177627,530092,352430) : difference with theory (-36) = -1 
CORRECTING DEFECT 49 (vertices=42, convex hull=29, v0=124409)
After retessellation of defect 49 (v0=124409), euler #=-34 (177634,530125,352457) : difference with theory (-35) = -1 
CORRECTING DEFECT 50 (vertices=1047, convex hull=249, v0=125116)
After retessellation of defect 50 (v0=125116), euler #=-33 (177724,530522,352765) : difference with theory (-34) = -1 
CORRECTING DEFECT 51 (vertices=36, convex hull=33, v0=125407)
After retessellation of defect 51 (v0=125407), euler #=-32 (177726,530541,352783) : difference with theory (-33) = -1 
CORRECTING DEFECT 52 (vertices=32, convex hull=45, v0=126143)
After retessellation of defect 52 (v0=126143), euler #=-31 (177738,530594,352825) : difference with theory (-32) = -1 
CORRECTING DEFECT 53 (vertices=30, convex hull=64, v0=130955)
After retessellation of defect 53 (v0=130955), euler #=-30 (177756,530674,352888) : difference with theory (-31) = -1 
CORRECTING DEFECT 54 (vertices=5669, convex hull=2688, v0=131816)
An extra large defect has been detected...
This often happens because cerebellum or dura has not been removed from wm.mgz.
This may cause recon-all to run very slowly or crash.
if so, see https://surfer.nmr.mgh.harvard.edu/fswiki/FsTutorial/TopologicalDefect_freeview
Warning - incorrect dp selected!!!!(-84.481416 >= -84.480972 ) 
After retessellation of defect 54 (v0=131816), euler #=-29 (177978,532782,354775) : difference with theory (-30) = -1 
CORRECTING DEFECT 55 (vertices=91, convex hull=40, v0=132217)
After retessellation of defect 55 (v0=132217), euler #=-28 (177987,532822,354807) : difference with theory (-29) = -1 
CORRECTING DEFECT 56 (vertices=11, convex hull=24, v0=132543)
After retessellation of defect 56 (v0=132543), euler #=-27 (177990,532841,354824) : difference with theory (-28) = -1 
CORRECTING DEFECT 57 (vertices=11, convex hull=16, v0=134051)
After retessellation of defect 57 (v0=134051), euler #=-26 (177993,532854,354835) : difference with theory (-27) = -1 
CORRECTING DEFECT 58 (vertices=182, convex hull=169, v0=140113)
After retessellation of defect 58 (v0=140113), euler #=-25 (178012,532997,354960) : difference with theory (-26) = -1 
CORRECTING DEFECT 59 (vertices=111, convex hull=121, v0=142016)
After retessellation of defect 59 (v0=142016), euler #=-24 (178028,533092,355040) : difference with theory (-25) = -1 
CORRECTING DEFECT 60 (vertices=208, convex hull=201, v0=142024)
After retessellation of defect 60 (v0=142024), euler #=-23 (178143,533531,355365) : difference with theory (-24) = -1 
CORRECTING DEFECT 61 (vertices=36, convex hull=34, v0=146472)
After retessellation of defect 61 (v0=146472), euler #=-22 (178151,533566,355393) : difference with theory (-23) = -1 
CORRECTING DEFECT 62 (vertices=12, convex hull=19, v0=146587)
After retessellation of defect 62 (v0=146587), euler #=-21 (178153,533576,355402) : difference with theory (-22) = -1 
CORRECTING DEFECT 63 (vertices=332, convex hull=212, v0=150551)
After retessellation of defect 63 (v0=150551), euler #=-20 (178252,533983,355711) : difference with theory (-21) = -1 
CORRECTING DEFECT 64 (vertices=39, convex hull=60, v0=153051)
After retessellation of defect 64 (v0=153051), euler #=-19 (178261,534032,355752) : difference with theory (-20) = -1 
CORRECTING DEFECT 65 (vertices=36, convex hull=34, v0=156295)
After retessellation of defect 65 (v0=156295), euler #=-18 (178265,534055,355772) : difference with theory (-19) = -1 
CORRECTING DEFECT 66 (vertices=17, convex hull=22, v0=156506)
After retessellation of defect 66 (v0=156506), euler #=-17 (178268,534072,355787) : difference with theory (-18) = -1 
CORRECTING DEFECT 67 (vertices=57, convex hull=93, v0=156615)
After retessellation of defect 67 (v0=156615), euler #=-16 (178293,534186,355877) : difference with theory (-17) = -1 
CORRECTING DEFECT 68 (vertices=20, convex hull=55, v0=160197)
After retessellation of defect 68 (v0=160197), euler #=-15 (178303,534236,355918) : difference with theory (-16) = -1 
CORRECTING DEFECT 69 (vertices=57, convex hull=45, v0=160379)
After retessellation of defect 69 (v0=160379), euler #=-14 (178308,534269,355947) : difference with theory (-15) = -1 
CORRECTING DEFECT 70 (vertices=418, convex hull=56, v0=161783)
After retessellation of defect 70 (v0=161783), euler #=-14 (178318,534325,355993) : difference with theory (-14) = 0 
CORRECTING DEFECT 71 (vertices=375, convex hull=242, v0=162321)
Warning - incorrect dp selected!!!!(-69.349680 >= -69.342465 ) 
After retessellation of defect 71 (v0=162321), euler #=-13 (178405,534700,356282) : difference with theory (-13) = 0 
CORRECTING DEFECT 72 (vertices=13, convex hull=21, v0=162925)
After retessellation of defect 72 (v0=162925), euler #=-12 (178405,534706,356289) : difference with theory (-12) = 0 
CORRECTING DEFECT 73 (vertices=38, convex hull=24, v0=163885)
After retessellation of defect 73 (v0=163885), euler #=-11 (178408,534725,356306) : difference with theory (-11) = 0 
CORRECTING DEFECT 74 (vertices=140, convex hull=109, v0=163944)
After retessellation of defect 74 (v0=163944), euler #=-10 (178448,534893,356435) : difference with theory (-10) = 0 
CORRECTING DEFECT 75 (vertices=56, convex hull=38, v0=164145)
After retessellation of defect 75 (v0=164145), euler #=-9 (178453,534925,356463) : difference with theory (-9) = 0 
CORRECTING DEFECT 76 (vertices=55, convex hull=81, v0=164164)
After retessellation of defect 76 (v0=164164), euler #=-8 (178476,535029,356545) : difference with theory (-8) = 0 
CORRECTING DEFECT 77 (vertices=32, convex hull=56, v0=165139)
After retessellation of defect 77 (v0=165139), euler #=-7 (178492,535099,356600) : difference with theory (-7) = 0 
CORRECTING DEFECT 78 (vertices=27, convex hull=55, v0=166690)
After retessellation of defect 78 (v0=166690), euler #=-6 (178502,535152,356644) : difference with theory (-6) = 0 
CORRECTING DEFECT 79 (vertices=67, convex hull=79, v0=166824)
After retessellation of defect 79 (v0=166824), euler #=-5 (178518,535234,356711) : difference with theory (-5) = 0 
CORRECTING DEFECT 80 (vertices=380, convex hull=194, v0=170706)
After retessellation of defect 80 (v0=170706), euler #=-4 (178621,535637,357012) : difference with theory (-4) = 0 
CORRECTING DEFECT 81 (vertices=125, convex hull=181, v0=173928)
After retessellation of defect 81 (v0=173928), euler #=-3 (178695,535936,357238) : difference with theory (-3) = 0 
CORRECTING DEFECT 82 (vertices=126, convex hull=167, v0=182027)
After retessellation of defect 82 (v0=182027), euler #=-2 (178736,536140,357402) : difference with theory (-2) = 0 
CORRECTING DEFECT 83 (vertices=5, convex hull=14, v0=184634)
After retessellation of defect 83 (v0=184634), euler #=-1 (178737,536145,357407) : difference with theory (-1) = 0 
CORRECTING DEFECT 84 (vertices=62, convex hull=38, v0=185850)
After retessellation of defect 84 (v0=185850), euler #=0 (178746,536186,357440) : difference with theory (0) = 0 
CORRECTING DEFECT 85 (vertices=49, convex hull=66, v0=191099)
After retessellation of defect 85 (v0=191099), euler #=1 (178754,536236,357483) : difference with theory (1) = 0 
CORRECTING DEFECT 86 (vertices=80, convex hull=51, v0=194120)
After retessellation of defect 86 (v0=194120), euler #=2 (178765,536289,357526) : difference with theory (2) = 0 
computing original vertex metric properties...
storing new metric properties...
computing tessellation statistics...
vertex spacing 0.92 +- 0.45 (0.01-->29.95) (max @ vno 52198 --> 64945)
face area -nan +- -nan (1000.00-->-1.00)
performing soap bubble on retessellated vertices for 0 iterations...
vertex spacing 0.92 +- 0.45 (0.01-->29.95) (max @ vno 52198 --> 64945)
face area -nan +- -nan (1000.00-->-1.00)
tessellation finished, orienting corrected surface...
335 mutations (32.7%), 688 crossovers (67.3%), 3857 vertices were eliminated
building final representation...
27685 vertices and 0 faces have been removed from triangulation
after topology correction, eno=2 (nv=178765, nf=357526, ne=536289, g=0)
writing corrected surface to /out/sourcedata/freesurfer/sub-v1s8x0051332_ses-1/surf/lh.orig.premesh...

0.000 % of the vertices (0 vertices) exhibit an orientation change
removing intersecting faces
000: 3069 intersecting
001: 559 intersecting
002: 144 intersecting
003: 117 intersecting
004: 95 intersecting
005: 91 intersecting
step 1 with no progress (num=91, old_num=91)
006: 91 intersecting
step 2 with no progress (num=91, old_num=91)
007: 91 intersecting
step 3 with no progress (num=91, old_num=91)
008: 91 intersecting
step 4 with no progress (num=91, old_num=91)
009: 91 intersecting
step 5 with no progress (num=91, old_num=91)
010: 91 intersecting
step 6 with no progress (num=91, old_num=91)
011: 91 intersecting
step 7 with no progress (num=91, old_num=91)
012: 91 intersecting
step 8 with no progress (num=91, old_num=91)
013: 91 intersecting
step 9 with no progress (num=91, old_num=91)
014: 91 intersecting
step 10 with no progress (num=91, old_num=91)
015: 91 intersecting
step 11 with no progress (num=91, old_num=91)
016: 91 intersecting
step 12 with no progress (num=91, old_num=91)
017: 91 intersecting
step 13 with no progress (num=91, old_num=91)
018: 91 intersecting
step 14 with no progress (num=91, old_num=91)
019: 91 intersecting
step 15 with no progress (num=91, old_num=91)
020: 91 intersecting
step 16 with no progress (num=91, old_num=91)
terminating search with 91 intersecting
topology fixing took 220.3 minutes
FSRUNTIME@ mris_fix_topology lh  3.6710 hours 16 threads
#VMPC# mris_fix_topology VmPeak  2335680

 mris_euler_number ../surf/lh.orig.premesh 

euler # = v-e+f = 2g-2: 178765 - 536289 + 357526 = 2 --> 0 holes
      F =2V-4:          357526 = 357530-4 (0)
      2E=3F:            1072578 = 1072578 (0)

total defect index = 0
Tue Mar 10 12:25:44 CET 2026

setenv SUBJECTS_DIR /out/sourcedata/freesurfer
cd /out/sourcedata/freesurfer/sub-v1s8x0051332_ses-1/scripts
/opt/freesurfer/bin/defect2seg --s sub-v1s8x0051332_ses-1 --lh-only --cortex

freesurfer-linux-ubuntu22_x86_64-7.3.2-20220804-6354275
defect2seg 7.3.2
Linux dna063 5.14.0-427.37.1.el9_4.x86_64 #1 SMP PREEMPT_DYNAMIC Fri Sep 13 12:41:50 EDT 2024 x86_64 x86_64 x86_64 GNU/Linux
pid 879241
mri_label2label --label-cortex /out/sourcedata/freesurfer/sub-v1s8x0051332_ses-1/surf/lh.orig.nofix /out/sourcedata/freesurfer/sub-v1s8x0051332_ses-1/mri/aseg.presurf.mgz 0 /out/sourcedata/freesurfer/sub-v1s8x0051332_ses-1/label/lh.nofix.cortex.label

 Generating cortex label... RemoveHipAmgy=0
 NucAccIsMedialWall=0
 mris->useRealRAS=0
21 non-cortical segments detected
only using segment with 10065 vertices
erasing segment 0 (vno[0] = 7230)
erasing segment 2 (vno[0] = 65849)
erasing segment 3 (vno[0] = 76981)
erasing segment 4 (vno[0] = 92182)
erasing segment 5 (vno[0] = 104729)
erasing segment 6 (vno[0] = 124018)
erasing segment 7 (vno[0] = 130529)
erasing segment 8 (vno[0] = 132543)
erasing segment 9 (vno[0] = 133573)
erasing segment 10 (vno[0] = 137036)
erasing segment 11 (vno[0] = 137197)
erasing segment 12 (vno[0] = 137205)
erasing segment 13 (vno[0] = 144907)
erasing segment 14 (vno[0] = 151887)
erasing segment 15 (vno[0] = 155762)
erasing segment 16 (vno[0] = 157170)
erasing segment 17 (vno[0] = 169051)
erasing segment 18 (vno[0] = 175759)
erasing segment 19 (vno[0] = 192019)
erasing segment 20 (vno[0] = 195734)
mri_label2vol --defects /out/sourcedata/freesurfer/sub-v1s8x0051332_ses-1/surf/lh.orig.nofix /out/sourcedata/freesurfer/sub-v1s8x0051332_ses-1/surf/lh.defect_labels /out/sourcedata/freesurfer/sub-v1s8x0051332_ses-1/mri/orig.mgz 1000 0 /out/sourcedata/freesurfer/sub-v1s8x0051332_ses-1/mri/lh.surface.defects.mgz /out/sourcedata/freesurfer/sub-v1s8x0051332_ses-1/label/lh.nofix.cortex.label
mri_label2vol supposed to be reproducible but seed not set
Contraining to label /out/sourcedata/freesurfer/sub-v1s8x0051332_ses-1/label/lh.nofix.cortex.label
Changing input type 0 to MRI_INT
Converting defects to volume: offset=1000, merge=0
Writing to /out/sourcedata/freesurfer/sub-v1s8x0051332_ses-1/mri/lh.surface.defects.mgz
mris_defects_pointset -s /out/sourcedata/freesurfer/sub-v1s8x0051332_ses-1/surf/lh.orig.nofix -d /out/sourcedata/freesurfer/sub-v1s8x0051332_ses-1/surf/lh.defect_labels -o /out/sourcedata/freesurfer/sub-v1s8x0051332_ses-1/surf/lh.defects.pointset --label /out/sourcedata/freesurfer/sub-v1s8x0051332_ses-1/label/lh.nofix.cortex.label
Reading in surface /out/sourcedata/freesurfer/sub-v1s8x0051332_ses-1/surf/lh.orig.nofix
Reading in defect segmentation /out/sourcedata/freesurfer/sub-v1s8x0051332_ses-1/surf/lh.defect_labels
Reading in label /out/sourcedata/freesurfer/sub-v1s8x0051332_ses-1/label/lh.nofix.cortex.label
#VMPC# mris_defects_pointset 1564332
mris_defects_pointset done
 
Started at Tue Mar 10 12:25:44 CET 2026 
Ended   at Tue Mar 10 12:26:07 CET 2026
Defect2seg-Run-Time-Sec 23
Defect2seg-Run-Time-Min 0.46
Defect2seg-Run-Time-Hours 0.01
 
tkmeditfv sub-v1s8x0051332_ses-1 brain.finalsurfs.mgz -defect
defect2seg Done

 mris_remesh --remesh --iters 3 --input /out/sourcedata/freesurfer/sub-v1s8x0051332_ses-1/surf/lh.orig.premesh --output /out/sourcedata/freesurfer/sub-v1s8x0051332_ses-1/surf/lh.orig 

iters = 3
standard remeshing without target
   adjusted l: 0.738119
remeshing to edge length 0.738119 with 3 iterations

avg qual before   : 0.878735  after: 0.970903

Removing intersections
removing intersecting faces
000: 281 intersecting
001: 162 intersecting
002: 148 intersecting
003: 136 intersecting
004: 126 intersecting
005: 124 intersecting
006: 122 intersecting
step 1 with no progress (num=122, old_num=122)
007: 122 intersecting
step 2 with no progress (num=122, old_num=122)
008: 122 intersecting
step 3 with no progress (num=122, old_num=122)
009: 122 intersecting
step 4 with no progress (num=122, old_num=122)
010: 122 intersecting
step 5 with no progress (num=122, old_num=122)
011: 122 intersecting
step 6 with no progress (num=122, old_num=122)
012: 122 intersecting
step 7 with no progress (num=122, old_num=122)
013: 122 intersecting
step 8 with no progress (num=122, old_num=122)
014: 122 intersecting
step 9 with no progress (num=122, old_num=122)
015: 122 intersecting
step 10 with no progress (num=122, old_num=122)
016: 122 intersecting
step 11 with no progress (num=122, old_num=122)
017: 122 intersecting
step 12 with no progress (num=122, old_num=122)
018: 122 intersecting
step 13 with no progress (num=122, old_num=122)
019: 122 intersecting
step 14 with no progress (num=122, old_num=122)
020: 122 intersecting
step 15 with no progress (num=122, old_num=122)
021: 122 intersecting
step 16 with no progress (num=122, old_num=122)
terminating search with 122 intersecting
Remeshed surface quality stats nv0 = 178765  nv = 185561  1.03802
Area    371118  0.32429  0.03666 0.002499   0.6298
Corner 1113354 60.00000  8.87670 0.456521 178.3534
Edge    556677  0.87374  0.08641 0.050446   1.4984
Hinge   556677 10.04887 11.01181 0.000001 177.0674
mris_remesh done
/out/sourcedata/freesurfer/sub-v1s8x0051332_ses-1/scripts

 mris_remove_intersection ../surf/lh.orig ../surf/lh.orig 

intersection removal took 0.01 hours
removing intersecting faces
000: 122 intersecting
step 1 with no progress (num=122, old_num=122)
001: 122 intersecting
step 2 with no progress (num=122, old_num=122)
002: 122 intersecting
step 3 with no progress (num=122, old_num=122)
003: 122 intersecting
step 4 with no progress (num=122, old_num=122)
004: 122 intersecting
step 5 with no progress (num=122, old_num=122)
005: 122 intersecting
step 6 with no progress (num=122, old_num=122)
006: 122 intersecting
step 7 with no progress (num=122, old_num=122)
007: 122 intersecting
step 8 with no progress (num=122, old_num=122)
008: 122 intersecting
step 9 with no progress (num=122, old_num=122)
009: 122 intersecting
step 10 with no progress (num=122, old_num=122)
010: 122 intersecting
step 11 with no progress (num=122, old_num=122)
011: 122 intersecting
step 12 with no progress (num=122, old_num=122)
012: 122 intersecting
step 13 with no progress (num=122, old_num=122)
013: 122 intersecting
step 14 with no progress (num=122, old_num=122)
014: 122 intersecting
step 15 with no progress (num=122, old_num=122)
015: 122 intersecting
step 16 with no progress (num=122, old_num=122)
terminating search with 122 intersecting
writing corrected surface to ../surf/lh.orig

 rm -f ../surf/lh.inflated 

#--------------------------------------------
#@# AutoDetGWStats lh Tue Mar 10 12:28:26 CET 2026
cd /out/sourcedata/freesurfer/sub-v1s8x0051332_ses-1/mri
mris_autodet_gwstats --o ../surf/autodet.gw.stats.lh.dat --i brain.finalsurfs.mgz --wm wm.mgz --surf ../surf/lh.orig.premesh
7.3.2

cd /out/sourcedata/freesurfer/sub-v1s8x0051332_ses-1/mri
setenv SUBJECTS_DIR /out/sourcedata/freesurfer
mris_autodet_gwstats --o ../surf/autodet.gw.stats.lh.dat --i brain.finalsurfs.mgz --wm wm.mgz --surf ../surf/lh.orig.premesh 

border white:    416180 voxels (2.48%)
border gray      406688 voxels (2.42%)
Reading in intensity volume brain.finalsurfs.mgz
Reading in wm volume wm.mgz
Reading in surf ../surf/lh.orig.premesh
Auto detecting stats
MRIclipBrightWM(): nthresh=29710, wmmin=5, clip=110 
Binarizing thresholding at 5
computing class statistics... low=30, hi=110.000000
CCS WM (98.0): 98.9 +- 5.4 [70.0 --> 110.0]
CCS GM (86.0) : 82.2 +- 12.4 [30.0 --> 110.0]
white_mean = 98.9494 +/- 5.43375, gray_mean = 82.1553 +/- 12.4359
using class modes intead of means, discounting robust sigmas....
MRIScomputeClassModes(): min=0 max=211 nbins=212
intensity peaks found at WM=98+-5.2,    GM=89+-5.2
white_mode = 98, gray_mode = 89
std_scale = 1
Applying sanity checks, max_scale_down = 0.2
setting MIN_GRAY_AT_WHITE_BORDER to 76.6 (was 70.000000)
setting MAX_BORDER_WHITE to 103.4 (was 105.000000)
setting MIN_BORDER_WHITE to 89.0 (was 85.000000)
setting MAX_CSF to 64.1 (was 40.000000)
setting MAX_GRAY to 92.6 (was 95.000000)
setting MAX_GRAY_AT_CSF_BORDER to 76.6 (was 75.000000)
setting MIN_GRAY_AT_CSF_BORDER to 51.7 (was 40.000000)
When placing the white surface
  white_border_hi   = 103.434;
  white_border_low  = 89;
  white_outside_low = 76.5641;
  white_inside_hi   = 120;
  white_outside_hi  = 103.434;
When placing the pial surface
  pial_border_hi   = 76.5641;
  pial_border_low  = 51.6924;
  pial_outside_low = 10;
  pial_inside_hi   = 92.5663;
  pial_outside_hi  = 70.3462;
#VMPC# mris_autodet_gwstats VmPeak  1463552
mris_autodet_gwstats done
#--------------------------------------------
#@# WhitePreAparc lh Tue Mar 10 12:28:29 CET 2026
cd /out/sourcedata/freesurfer/sub-v1s8x0051332_ses-1/mri
mris_place_surface --adgws-in ../surf/autodet.gw.stats.lh.dat --wm wm.mgz --threads 16 --invol brain.finalsurfs.mgz --lh --i ../surf/lh.orig --o ../surf/lh.white.preaparc --white --seg aseg.presurf.mgz --nsmooth 5
7.3.2
7.3.2

cd /out/sourcedata/freesurfer/sub-v1s8x0051332_ses-1/mri
setenv SUBJECTS_DIR /out/sourcedata/freesurfer
mris_place_surface --adgws-in ../surf/autodet.gw.stats.lh.dat --wm wm.mgz --threads 16 --invol brain.finalsurfs.mgz --lh --i ../surf/lh.orig --o ../surf/lh.white.preaparc --white --seg aseg.presurf.mgz --nsmooth 5 

Reading in input surface ../surf/lh.orig
Smoothing surface before ripping with 5 iterations
removing intersecting faces
000: 150 intersecting
001: 120 intersecting
002: 111 intersecting
003: 107 intersecting
step 1 with no progress (num=116, old_num=107)
004: 116 intersecting
005: 103 intersecting
step 1 with no progress (num=104, old_num=103)
006: 104 intersecting
step 2 with no progress (num=104, old_num=104)
007: 104 intersecting
step 3 with no progress (num=104, old_num=104)
008: 104 intersecting
step 4 with no progress (num=104, old_num=104)
009: 104 intersecting
step 5 with no progress (num=112, old_num=104)
010: 112 intersecting
011: 111 intersecting
step 1 with no progress (num=114, old_num=111)
012: 114 intersecting
013: 102 intersecting
014: 98 intersecting
step 1 with no progress (num=105, old_num=98)
015: 105 intersecting
016: 101 intersecting
step 1 with no progress (num=103, old_num=101)
017: 103 intersecting
018: 101 intersecting
019: 99 intersecting
step 1 with no progress (num=99, old_num=99)
020: 99 intersecting
step 2 with no progress (num=99, old_num=99)
021: 99 intersecting
step 3 with no progress (num=99, old_num=99)
022: 99 intersecting
step 4 with no progress (num=99, old_num=99)
023: 99 intersecting
step 5 with no progress (num=99, old_num=99)
024: 99 intersecting
step 6 with no progress (num=99, old_num=99)
025: 99 intersecting
step 7 with no progress (num=99, old_num=99)
026: 99 intersecting
step 8 with no progress (num=99, old_num=99)
027: 99 intersecting
step 9 with no progress (num=99, old_num=99)
028: 99 intersecting
step 10 with no progress (num=99, old_num=99)
029: 99 intersecting
step 11 with no progress (num=99, old_num=99)
030: 99 intersecting
step 12 with no progress (num=99, old_num=99)
031: 99 intersecting
step 13 with no progress (num=99, old_num=99)
032: 99 intersecting
step 14 with no progress (num=99, old_num=99)
033: 99 intersecting
step 15 with no progress (num=99, old_num=99)
034: 99 intersecting
step 16 with no progress (num=99, old_num=99)
terminating search with 98 intersecting
Area    371118  0.28723  0.06892 0.000000   0.6426
Corner 1113354 60.00000  9.45058 0.006137 179.9478
Edge    556677  0.81767  0.12096 0.000114   1.9120
Hinge   556677  6.37427  6.66584 0.000000 179.3792
Not reading in aparc
Reading in input volume brain.finalsurfs.mgz
Reading in wm volume wm.mgz
MRIclipBrightWM(): nthresh=29710, wmmin=5, clip=110 
MRIfindBrightNonWM(): 561 bright non-wm voxels segmented.
Masking bright non-wm for white surface
MRImask(): AllowDiffGeom = 1
MRImask(): AllowDiffGeom = 1
Reading in seg volume aseg.presurf.mgz
Ripping frozen voxels
INFO: rip surface needed but not specified, so using input surface
Freezing midline and others
Entering: MRISripMidline(): inhibiting deformation at non-cortical midline structures...
  which=1, fix_mtl=0, using annot = 0
#FML0# MRISripMidline(): nripped=0
removing 4 vertices from ripped group in thread:0
removing 2 vertices from ripped group in thread:0
#FML# MRISripMidline(): nmarked=6062, nmarked2=81, nripped=6062
Ripping segs (eg, WMSA, BG, frozen)
Starting MRISripSegs() d = (-2 2 0.5) segnos: 247 
MRISripSegs(): -2 2 0.5 ripped 0
vertex 92781: xyz = (-40.865,11.0866,16.2486) oxyz = (-40.865,11.0866,16.2486) wxzy = (-40.865,11.0866,16.2486) pxyz = (0,0,0) 
CBVO Creating mask 185561
n_averages 4
Iteration 0 =========================================
n_averages=4, current_sigma=2
Freezing midline and others
Ripping frozen voxels
INFO: rip surface needed but not specified, so using input surface
Freezing midline and others
Entering: MRISripMidline(): inhibiting deformation at non-cortical midline structures...
  which=1, fix_mtl=0, using annot = 0
#FML0# MRISripMidline(): nripped=6062
removing 4 vertices from ripped group in thread:0
removing 2 vertices from ripped group in thread:0
#FML# MRISripMidline(): nmarked=6062, nmarked2=81, nripped=6062
Ripping segs (eg, WMSA, BG, frozen)
Starting MRISripSegs() d = (-2 2 0.5) segnos: 247 247 
MRISripSegs(): -2 2 0.5 ripped 0
Computing target border values 
Entering MRIScomputeBorderValues_new(): 
  inside_hi   = 120.0000000;
  border_hi   = 103.4337460;
  border_low  =  89.0000000;
  outside_low =  76.5641250;
  outside_hi  = 103.4337460;
  sigma = 2;
  max_thickness = 10;
  step_size=0.5;
  STEP_SIZE=0.1;
  which = 1
  thresh = 0
  flags = 0
  CBVfindFirstPeakD1=0
  CBVfindFirstPeakD2=0
  nvertices=185561
  Gdiag_no=-1
  vno start=0, stop=185561
Replacing 255s with 0s
#SI# sigma=2 had to be increased for 1285 vertices, nripped=6062
mean border=95.5, 879 (879) missing vertices, mean dist -0.5 [0.9 (%69.9)->0.5 (%30.1))]
%57 local maxima, %37 large gradients and % 2 min vals, 0 gradients ignored
nFirstPeakD1 0
MRIScomputeBorderValues_new() finished in 0.0130 min


Finding expansion regions
mean absolute distance = 0.80 +- 0.93
6362 vertices more than 2 sigmas from mean.
Averaging target values for 5 iterations...
Positioning Surface: tspring = 0.3, nspring = 0.3, spring = 0, niters = 100 l_repulse = 5, l_surf_repulse = 0, checktol = 0
Positioning pial surface
Entering MRISpositionSurface()
  max_mm = 0.3
  MAX_REDUCTIONS = 2, REDUCTION_PCT = 0.5
  parms->check_tol = 0, niterations = 100
tol=1.0e-04, sigma=2.0, host=dna06, nav=4, nbrs=2, l_repulse=5.000, l_tspring=0.300, l_nspring=0.300, l_intensity=0.200, l_curv=1.000
mom=0.00, dt=0.50
complete_dist_mat 0
rms 0
smooth_averages 0
remove_neg 0
ico_order 0
which_surface 0
target_radius 0.000000
nfields 0
scale 0.000000
desired_rms_height 0.000000
momentum 0.000000
nbhd_size 0
max_nbrs 0
niterations 100
nsurfaces 0
SURFACES 3
flags 0 (0)
use curv 0
no sulc 0
no rigid align 0
mris->nsize 2
mris->hemisphere 0
randomSeed 0

000: dt: 0.0000, sse=8149693.0, rms=6.984
001: dt: 0.5000, sse=7210591.0, rms=4.846 (30.621%)
002: dt: 0.5000, sse=5025524.5, rms=3.595 (25.814%)
rms = 2.8963/3.5948, sse=6581367.7/5025524.5, time step reduction 1 of 3 to 0.250  0 1 0
003: dt: 0.5000, sse=6581367.5, rms=2.896 (19.430%)
rms = 2.4857/2.8963, sse=6603170.0/6581367.7, time step reduction 2 of 3 to 0.125  0 1 0
004: dt: 0.2500, sse=6603170.0, rms=2.486 (14.176%)
005: dt: 0.1250, sse=6581886.5, rms=2.345 (5.648%)
006: dt: 0.1250, sse=6559395.0, rms=2.240 (4.499%)
007: dt: 0.1250, sse=6549938.5, rms=2.156 (3.750%)
008: dt: 0.1250, sse=6548663.5, rms=2.094 (2.864%)
009: dt: 0.1250, sse=6538437.0, rms=2.036 (2.780%)
010: dt: 0.1250, sse=6529620.0, rms=1.979 (2.816%)
rms = 1.9298/1.9785, sse=6521262.5/6529620.0, time step reduction 3 of 3 to 0.062  0 0 1
011: dt: 0.1250, sse=6521262.5, rms=1.930 (2.466%)
  maximum number of reductions reached, breaking from loop
positioning took 1.3 minutes
Iteration 1 =========================================
n_averages=2, current_sigma=1
Freezing midline and others
Ripping frozen voxels
INFO: rip surface needed but not specified, so using input surface
Freezing midline and others
Entering: MRISripMidline(): inhibiting deformation at non-cortical midline structures...
  which=1, fix_mtl=0, using annot = 0
#FML0# MRISripMidline(): nripped=6062
removing 3 vertices from ripped group in thread:0
removing 3 vertices from ripped group in thread:0
removing 2 vertices from ripped group in thread:0
removing 3 vertices from ripped group in thread:0
removing 4 vertices from ripped group in thread:0
removing 4 vertices from ripped group in thread:0
removing 1 vertices from ripped group in thread:0
#FML# MRISripMidline(): nmarked=6418, nmarked2=140, nripped=6418
Ripping segs (eg, WMSA, BG, frozen)
Starting MRISripSegs() d = (-2 2 0.5) segnos: 247 247 247 
MRISripSegs(): -2 2 0.5 ripped 0
Computing target border values 
Entering MRIScomputeBorderValues_new(): 
  inside_hi   = 120.0000000;
  border_hi   = 103.4337460;
  border_low  =  89.0000000;
  outside_low =  76.5641250;
  outside_hi  = 103.4337460;
  sigma = 1;
  max_thickness = 10;
  step_size=0.5;
  STEP_SIZE=0.1;
  which = 1
  thresh = 0
  flags = 0
  CBVfindFirstPeakD1=0
  CBVfindFirstPeakD2=0
  nvertices=185561
  Gdiag_no=-1
  vno start=0, stop=185561
Replacing 255s with 0s
#SI# sigma=1 had to be increased for 857 vertices, nripped=6418
mean border=96.3, 896 (420) missing vertices, mean dist -0.4 [0.8 (%61.6)->0.4 (%38.4))]
%63 local maxima, %31 large gradients and % 2 min vals, 0 gradients ignored
nFirstPeakD1 0
MRIScomputeBorderValues_new() finished in 0.0099 min


Finding expansion regions
mean absolute distance = 0.62 +- 0.83
8853 vertices more than 2 sigmas from mean.
Averaging target values for 5 iterations...
Positioning Surface: tspring = 0.3, nspring = 0.3, spring = 0, niters = 100 l_repulse = 5, l_surf_repulse = 0, checktol = 0
Positioning pial surface
Entering MRISpositionSurface()
  max_mm = 0.3
  MAX_REDUCTIONS = 2, REDUCTION_PCT = 0.5
  parms->check_tol = 0, niterations = 100
tol=1.0e-04, sigma=1.0, host=dna06, nav=2, nbrs=2, l_repulse=5.000, l_tspring=0.300, l_nspring=0.300, l_intensity=0.200, l_curv=1.000
mom=0.00, dt=0.50
000: dt: 0.0000, sse=6773366.5, rms=3.123
012: dt: 0.5000, sse=6617466.0, rms=2.579 (17.418%)
rms = 2.3276/2.5788, sse=6675001.3/6617465.9, time step reduction 1 of 3 to 0.250  0 1 0
013: dt: 0.5000, sse=6675001.5, rms=2.328 (9.741%)
014: dt: 0.2500, sse=6617666.5, rms=2.077 (10.765%)
015: dt: 0.2500, sse=6607278.5, rms=1.980 (4.688%)
016: dt: 0.2500, sse=6588981.5, rms=1.901 (3.952%)
rms = 1.8406/1.9014, sse=6596423.0/6588981.7, time step reduction 2 of 3 to 0.125  0 1 0
017: dt: 0.2500, sse=6596423.0, rms=1.841 (3.200%)
018: dt: 0.1250, sse=6589252.5, rms=1.765 (4.093%)
rms = 1.7303/1.7653, sse=6575874.4/6589252.5, time step reduction 3 of 3 to 0.062  0 0 1
019: dt: 0.1250, sse=6575874.5, rms=1.730 (1.979%)
  maximum number of reductions reached, breaking from loop
positioning took 0.9 minutes
Iteration 2 =========================================
n_averages=1, current_sigma=0.5
Freezing midline and others
Ripping frozen voxels
INFO: rip surface needed but not specified, so using input surface
Freezing midline and others
Entering: MRISripMidline(): inhibiting deformation at non-cortical midline structures...
  which=1, fix_mtl=0, using annot = 0
#FML0# MRISripMidline(): nripped=6418
removing 4 vertices from ripped group in thread:0
removing 4 vertices from ripped group in thread:0
removing 2 vertices from ripped group in thread:0
removing 2 vertices from ripped group in thread:0
removing 3 vertices from ripped group in thread:0
removing 2 vertices from ripped group in thread:0
removing 4 vertices from ripped group in thread:0
removing 3 vertices from ripped group in thread:0
removing 4 vertices from ripped group in thread:0
removing 1 vertices from ripped group in thread:0
removing 1 vertices from ripped group in thread:0
removing 2 vertices from ripped group in thread:0
#FML# MRISripMidline(): nmarked=6568, nmarked2=148, nripped=6568
Ripping segs (eg, WMSA, BG, frozen)
Starting MRISripSegs() d = (-2 2 0.5) segnos: 247 247 247 247 
MRISripSegs(): -2 2 0.5 ripped 0
Computing target border values 
Entering MRIScomputeBorderValues_new(): 
  inside_hi   = 120.0000000;
  border_hi   = 103.4337460;
  border_low  =  89.0000000;
  outside_low =  76.5641250;
  outside_hi  = 103.4337460;
  sigma = 0.5;
  max_thickness = 10;
  step_size=0.5;
  STEP_SIZE=0.1;
  which = 1
  thresh = 0
  flags = 0
  CBVfindFirstPeakD1=0
  CBVfindFirstPeakD2=0
  nvertices=185561
  Gdiag_no=-1
  vno start=0, stop=185561
Replacing 255s with 0s
#SI# sigma=0.5 had to be increased for 1448 vertices, nripped=6568
mean border=97.3, 1003 (276) missing vertices, mean dist -0.3 [0.6 (%64.9)->0.4 (%35.1))]
%69 local maxima, %24 large gradients and % 3 min vals, 0 gradients ignored
nFirstPeakD1 0
MRIScomputeBorderValues_new() finished in 0.0057 min


Finding expansion regions
mean absolute distance = 0.53 +- 0.64
6714 vertices more than 2 sigmas from mean.
Averaging target values for 5 iterations...
Positioning Surface: tspring = 0.3, nspring = 0.3, spring = 0, niters = 100 l_repulse = 5, l_surf_repulse = 0, checktol = 0
Positioning pial surface
Entering MRISpositionSurface()
  max_mm = 0.3
  MAX_REDUCTIONS = 2, REDUCTION_PCT = 0.5
  parms->check_tol = 0, niterations = 100
tol=1.0e-04, sigma=0.5, host=dna06, nav=1, nbrs=2, l_repulse=5.000, l_tspring=0.300, l_nspring=0.300, l_intensity=0.200, l_curv=1.000
mom=0.00, dt=0.50
000: dt: 0.0000, sse=6715102.0, rms=2.610
rms = 2.1378/2.6095, sse=6715961.6/6715102.2, time step reduction 1 of 3 to 0.250  0 1 0
020: dt: 0.5000, sse=6715961.5, rms=2.138 (18.079%)
021: dt: 0.2500, sse=6656914.5, rms=1.935 (9.482%)
rms = 1.8330/1.9351, sse=6660833.5/6656914.3, time step reduction 2 of 3 to 0.125  0 1 0
022: dt: 0.2500, sse=6660833.5, rms=1.833 (5.274%)
023: dt: 0.1250, sse=6648629.5, rms=1.742 (4.967%)
rms = 1.6971/1.7420, sse=6635905.4/6648629.3, time step reduction 3 of 3 to 0.062  0 0 1
024: dt: 0.1250, sse=6635905.5, rms=1.697 (2.575%)
  maximum number of reductions reached, breaking from loop
positioning took 0.6 minutes
Iteration 3 =========================================
n_averages=0, current_sigma=0.25
Freezing midline and others
Ripping frozen voxels
INFO: rip surface needed but not specified, so using input surface
Freezing midline and others
Entering: MRISripMidline(): inhibiting deformation at non-cortical midline structures...
  which=1, fix_mtl=0, using annot = 0
#FML0# MRISripMidline(): nripped=6568
removing 4 vertices from ripped group in thread:0
removing 2 vertices from ripped group in thread:0
removing 4 vertices from ripped group in thread:0
removing 1 vertices from ripped group in thread:0
removing 3 vertices from ripped group in thread:0
removing 3 vertices from ripped group in thread:0
removing 4 vertices from ripped group in thread:0
removing 1 vertices from ripped group in thread:0
removing 1 vertices from ripped group in thread:0
removing 2 vertices from ripped group in thread:0
#FML# MRISripMidline(): nmarked=6649, nmarked2=149, nripped=6649
Ripping segs (eg, WMSA, BG, frozen)
Starting MRISripSegs() d = (-2 2 0.5) segnos: 247 247 247 247 247 
MRISripSegs(): -2 2 0.5 ripped 0
Computing target border values 
Entering MRIScomputeBorderValues_new(): 
  inside_hi   = 120.0000000;
  border_hi   = 103.4337460;
  border_low  =  89.0000000;
  outside_low =  76.5641250;
  outside_hi  = 103.4337460;
  sigma = 0.25;
  max_thickness = 10;
  step_size=0.5;
  STEP_SIZE=0.1;
  which = 1
  thresh = 0
  flags = 0
  CBVfindFirstPeakD1=0
  CBVfindFirstPeakD2=0
  nvertices=185561
  Gdiag_no=-1
  vno start=0, stop=185561
Replacing 255s with 0s
#SI# sigma=0.25 had to be increased for 1799 vertices, nripped=6649
mean border=97.4, 1121 (234) missing vertices, mean dist -0.1 [0.5 (%58.5)->0.4 (%41.5))]
%71 local maxima, %22 large gradients and % 3 min vals, 0 gradients ignored
nFirstPeakD1 0
MRIScomputeBorderValues_new() finished in 0.0037 min


Finding expansion regions
mean absolute distance = 0.42 +- 0.52
6380 vertices more than 2 sigmas from mean.
Averaging target values for 5 iterations...
Positioning Surface: tspring = 0.3, nspring = 0.3, spring = 0, niters = 100 l_repulse = 5, l_surf_repulse = 0, checktol = 0
Positioning pial surface
Entering MRISpositionSurface()
  max_mm = 0.3
  MAX_REDUCTIONS = 2, REDUCTION_PCT = 0.5
  parms->check_tol = 0, niterations = 100
tol=1.0e-04, sigma=0.2, host=dna06, nav=0, nbrs=2, l_repulse=5.000, l_tspring=0.300, l_nspring=0.300, l_intensity=0.200, l_curv=1.000
mom=0.00, dt=0.50
000: dt: 0.0000, sse=6658670.0, rms=1.892
rms = 1.7595/1.8921, sse=6666844.8/6658670.1, time step reduction 1 of 3 to 0.250  0 1 0
025: dt: 0.5000, sse=6666845.0, rms=1.760 (7.008%)
026: dt: 0.2500, sse=6625999.0, rms=1.637 (6.941%)
rms = 1.6168/1.6374, sse=6654214.8/6625998.8, time step reduction 2 of 3 to 0.125  0 1 1
027: dt: 0.2500, sse=6654215.0, rms=1.617 (1.257%)
028: dt: 0.1250, sse=6624257.0, rms=1.487 (7.997%)
rms = 1.4547/1.4875, sse=6616645.9/6624256.8, time step reduction 3 of 3 to 0.062  0 0 1
029: dt: 0.1250, sse=6616646.0, rms=1.455 (2.208%)
  maximum number of reductions reached, breaking from loop
positioning took 0.6 minutes
removing intersecting faces
000: 98 intersecting
step 1 with no progress (num=111, old_num=98)
001: 111 intersecting
002: 108 intersecting
003: 106 intersecting
004: 98 intersecting
step 1 with no progress (num=101, old_num=98)
005: 101 intersecting
step 2 with no progress (num=103, old_num=101)
006: 103 intersecting
007: 102 intersecting
008: 99 intersecting
step 1 with no progress (num=109, old_num=99)
009: 109 intersecting
010: 98 intersecting
step 1 with no progress (num=104, old_num=98)
011: 104 intersecting
012: 98 intersecting
step 1 with no progress (num=107, old_num=98)
013: 107 intersecting
014: 99 intersecting
step 1 with no progress (num=105, old_num=99)
015: 105 intersecting
016: 98 intersecting
step 1 with no progress (num=103, old_num=98)
017: 103 intersecting
018: 98 intersecting
step 1 with no progress (num=109, old_num=98)
019: 109 intersecting
020: 107 intersecting
021: 101 intersecting
step 1 with no progress (num=102, old_num=101)
022: 102 intersecting
step 2 with no progress (num=105, old_num=102)
023: 105 intersecting
step 3 with no progress (num=113, old_num=105)
024: 113 intersecting
step 4 with no progress (num=122, old_num=113)
025: 122 intersecting
026: 120 intersecting
step 1 with no progress (num=120, old_num=120)
027: 120 intersecting
step 2 with no progress (num=120, old_num=120)
028: 120 intersecting
step 3 with no progress (num=121, old_num=120)
029: 121 intersecting
030: 120 intersecting
step 1 with no progress (num=120, old_num=120)
031: 120 intersecting
step 2 with no progress (num=120, old_num=120)
032: 120 intersecting
step 3 with no progress (num=120, old_num=120)
033: 120 intersecting
step 4 with no progress (num=120, old_num=120)
034: 120 intersecting
step 5 with no progress (num=120, old_num=120)
035: 120 intersecting
step 6 with no progress (num=120, old_num=120)
036: 120 intersecting
step 7 with no progress (num=120, old_num=120)
037: 120 intersecting
step 8 with no progress (num=120, old_num=120)
038: 120 intersecting
step 9 with no progress (num=120, old_num=120)
039: 120 intersecting
step 10 with no progress (num=120, old_num=120)
040: 120 intersecting
step 11 with no progress (num=120, old_num=120)
041: 120 intersecting
step 12 with no progress (num=120, old_num=120)
042: 120 intersecting
step 13 with no progress (num=120, old_num=120)
043: 120 intersecting
step 14 with no progress (num=120, old_num=120)
044: 120 intersecting
step 15 with no progress (num=120, old_num=120)
045: 120 intersecting
step 16 with no progress (num=120, old_num=120)
terminating search with 98 intersecting


Writing output to ../surf/lh.white.preaparc
#ET# mris_place_surface  5.28 minutes
#VMPC# mris_place_surfaces VmPeak  3602076
mris_place_surface done
#--------------------------------------------
#@# CortexLabel lh Tue Mar 10 12:35:12 CET 2026
cd /out/sourcedata/freesurfer/sub-v1s8x0051332_ses-1/mri
mri_label2label --label-cortex ../surf/lh.white.preaparc aseg.presurf.mgz 0 ../label/lh.cortex.label

 Generating cortex label... RemoveHipAmgy=0
 NucAccIsMedialWall=0
 mris->useRealRAS=0
13 non-cortical segments detected
only using segment with 8094 vertices
erasing segment 0 (vno[0] = 27527)
erasing segment 2 (vno[0] = 43978)
erasing segment 3 (vno[0] = 87495)
erasing segment 4 (vno[0] = 89344)
erasing segment 5 (vno[0] = 94791)
erasing segment 6 (vno[0] = 95951)
erasing segment 7 (vno[0] = 96393)
erasing segment 8 (vno[0] = 103406)
erasing segment 9 (vno[0] = 118998)
erasing segment 10 (vno[0] = 132758)
erasing segment 11 (vno[0] = 136444)
erasing segment 12 (vno[0] = 165830)
#--------------------------------------------
#@# CortexLabel+HipAmyg lh Tue Mar 10 12:35:33 CET 2026
cd /out/sourcedata/freesurfer/sub-v1s8x0051332_ses-1/mri
mri_label2label --label-cortex ../surf/lh.white.preaparc aseg.presurf.mgz 1 ../label/lh.cortex+hipamyg.label

 Generating cortex label... RemoveHipAmgy=1
 NucAccIsMedialWall=0
 mris->useRealRAS=0
20 non-cortical segments detected
only using segment with 6073 vertices
erasing segment 0 (vno[0] = 27527)
erasing segment 2 (vno[0] = 43978)
erasing segment 3 (vno[0] = 56591)
erasing segment 4 (vno[0] = 57627)
erasing segment 5 (vno[0] = 59593)
erasing segment 6 (vno[0] = 60654)
erasing segment 7 (vno[0] = 87495)
erasing segment 8 (vno[0] = 89344)
erasing segment 9 (vno[0] = 94791)
erasing segment 10 (vno[0] = 95951)
erasing segment 11 (vno[0] = 96393)
erasing segment 12 (vno[0] = 103406)
erasing segment 13 (vno[0] = 118998)
erasing segment 14 (vno[0] = 132758)
erasing segment 15 (vno[0] = 136444)
erasing segment 16 (vno[0] = 152319)
erasing segment 17 (vno[0] = 165830)
erasing segment 18 (vno[0] = 171172)
erasing segment 19 (vno[0] = 172271)
#--------------------------------------------
#@# Smooth2 lh Tue Mar 10 12:35:54 CET 2026
/out/sourcedata/freesurfer/sub-v1s8x0051332_ses-1/scripts

 mris_smooth -n 3 -nw -seed 1234 ../surf/lh.white.preaparc ../surf/lh.smoothwm 

smoothing for 3 iterations
setting seed for random number generator to 1234
smoothing surface tessellation for 3 iterations...
smoothing complete - recomputing first and second fundamental forms...
#--------------------------------------------
#@# Inflation2 lh Tue Mar 10 12:35:58 CET 2026
/out/sourcedata/freesurfer/sub-v1s8x0051332_ses-1/scripts

 mris_inflate ../surf/lh.smoothwm ../surf/lh.inflated 

Reading ../surf/lh.smoothwm
avg radius = 52.1 mm, total surface area = 112353 mm^2
step 000: RMS=0.161 (target=0.015)   step 005: RMS=0.113 (target=0.015)   step 010: RMS=0.089 (target=0.015)   step 015: RMS=0.074 (target=0.015)   step 020: RMS=0.062 (target=0.015)   step 025: RMS=0.052 (target=0.015)   step 030: RMS=0.045 (target=0.015)   step 035: RMS=0.038 (target=0.015)   step 040: RMS=0.032 (target=0.015)   step 045: RMS=0.029 (target=0.015)   step 050: RMS=0.026 (target=0.015)   step 055: RMS=0.025 (target=0.015)   step 060: RMS=0.023 (target=0.015)   writing inflated surface to ../surf/lh.inflated
writing sulcal depths to ../surf/lh.sulc

inflation complete.
inflation took 0.3 minutes
mris_inflate utimesec    73.647058
mris_inflate stimesec    2.059850
mris_inflate ru_maxrss   282792
mris_inflate ru_ixrss    0
mris_inflate ru_idrss    0
mris_inflate ru_isrss    0
mris_inflate ru_minflt   632982
mris_inflate ru_majflt   16
mris_inflate ru_nswap    0
mris_inflate ru_inblock  130
mris_inflate ru_oublock  14512
mris_inflate ru_msgsnd   0
mris_inflate ru_msgrcv   0
mris_inflate ru_nsignals 0
mris_inflate ru_nvcsw    11921
mris_inflate ru_nivcsw   771
#--------------------------------------------
#@# Curv .H and .K lh Tue Mar 10 12:36:16 CET 2026
/out/sourcedata/freesurfer/sub-v1s8x0051332_ses-1/surf

 mris_curvature -w -seed 1234 lh.white.preaparc 

setting seed for random number generator to 1234
total integrated curvature = 76.058*4pi (955.773) --> -75 handles
ICI = 286.0, FI = 2061.6, variation=35742.822
writing Gaussian curvature to ./lh.white.preaparc.K...done.
writing mean curvature to ./lh.white.preaparc.H...done.
rm -f lh.white.H
ln -s lh.white.preaparc.H lh.white.H
rm -f lh.white.K
ln -s lh.white.preaparc.K lh.white.K

 mris_curvature -seed 1234 -thresh .999 -n -a 5 -w -distances 10 10 lh.inflated 

setting seed for random number generator to 1234
normalizing curvature values.
averaging curvature patterns 5 times.
sampling 10 neighbors out to a distance of 10 mm
447 vertices thresholded to be in k1 ~ [-1.54 0.41], k2 ~ [-0.29 0.16]
total integrated curvature = 0.334*4pi (4.202) --> 1 handles
ICI = 1.7, FI = 12.5, variation=208.242
273 vertices thresholded to be in [-0.09 0.02]
writing Gaussian curvature to ./lh.inflated.K...thresholding curvature at 99.90% level
curvature mean = 0.000, std = 0.003
190 vertices thresholded to be in [-0.57 0.20]
done.
writing mean curvature to ./lh.inflated.H...curvature mean = -0.013, std = 0.027
done.
#--------------------------------------------
#@# Sphere lh Tue Mar 10 12:37:17 CET 2026
/out/sourcedata/freesurfer/sub-v1s8x0051332_ses-1/scripts

 mris_sphere -seed 1234 ../surf/lh.inflated ../surf/lh.sphere 

setting seed for random number genererator to 1234
version: 7.3.2
available threads: 16
reading original vertex positions...
projecting onto sphere...
surface projected - minimizing metric distortion...
scaling brain by 0.256...
MRISunfold() max_passes = 1 -------
tol=5.0e-01, sigma=0.0, host=dna06, nav=1024, nbrs=2, l_area=1.000, l_dist=1.000
using quadratic fit line minimization
complete_dist_mat 0
rms 0
smooth_averages 0
remove_neg 0
ico_order 0
which_surface 0
target_radius 0.000000
nfields 0
scale 1.000000
desired_rms_height -1.000000
momentum 0.900000
nbhd_size 7
max_nbrs 8
niterations 25
nsurfaces 0
SURFACES 3
flags 0 (0)
use curv 0
no sulc 0
no rigid align 0
mris->nsize 2
mris->hemisphere 0
randomSeed 1234

singular matrix in quadratic form
singular matrix in quadratic form
--------------------
  mrisRemoveNegativeArea()
pass 1: epoch 1 of 3 starting distance error %19.42
pass 1: epoch 2 of 3 starting distance error %19.26
unfolding complete - removing small folds...
starting distance error %19.07
removing remaining folds...
final distance error %19.12
MRISunfold() return, current seed 1234
-01: dt=0.0000,  96 negative triangles  VmPeak 2011032
210: dt=0.9900,  96 negative triangles
211: dt=0.9900,  68 negative triangles
212: dt=0.9900,  61 negative triangles
213: dt=0.9900,  61 negative triangles
214: dt=0.9900,  61 negative triangles
215: dt=0.9900,  58 negative triangles
216: dt=0.9900,  58 negative triangles
217: dt=0.9900,  61 negative triangles
218: dt=0.9900,  57 negative triangles
219: dt=0.9900,  61 negative triangles
220: dt=0.9900,  59 negative triangles
221: dt=0.9900,  60 negative triangles
222: dt=0.9900,  63 negative triangles
223: dt=0.9900,  63 negative triangles
224: dt=0.9900,  61 negative triangles
225: dt=0.9900,  58 negative triangles
226: dt=0.9900,  61 negative triangles
227: dt=0.9900,  56 negative triangles
228: dt=0.9900,  64 negative triangles
229: dt=0.9900,  55 negative triangles
230: dt=0.9900,  61 negative triangles
231: dt=0.9900,  58 negative triangles
232: dt=0.9900,  62 negative triangles
233: dt=0.9900,  60 negative triangles
234: dt=0.9900,  62 negative triangles
235: dt=0.9900,  62 negative triangles
236: dt=0.9900,  59 negative triangles
237: dt=0.9900,  60 negative triangles
238: dt=0.9900,  57 negative triangles
239: dt=0.9405,  60 negative triangles
240: dt=0.9405,  56 negative triangles
241: dt=0.9405,  58 negative triangles
242: dt=0.9405,  57 negative triangles
243: dt=0.9405,  59 negative triangles
244: dt=0.9405,  56 negative triangles
245: dt=0.9405,  59 negative triangles
246: dt=0.9405,  58 negative triangles
247: dt=0.9405,  58 negative triangles
248: dt=0.9405,  59 negative triangles
249: dt=0.8935,  61 negative triangles
250: dt=0.8935,  58 negative triangles
251: dt=0.8935,  52 negative triangles
252: dt=0.8935,  56 negative triangles
253: dt=0.8935,  54 negative triangles
254: dt=0.8935,  52 negative triangles
255: dt=0.8935,  51 negative triangles
256: dt=0.8935,  55 negative triangles
257: dt=0.8935,  50 negative triangles
258: dt=0.8935,  49 negative triangles
259: dt=0.8935,  49 negative triangles
260: dt=0.8935,  50 negative triangles
261: dt=0.8935,  46 negative triangles
262: dt=0.8935,  50 negative triangles
263: dt=0.8935,  47 negative triangles
264: dt=0.8935,  47 negative triangles
265: dt=0.8935,  46 negative triangles
266: dt=0.8935,  45 negative triangles
267: dt=0.8935,  46 negative triangles
268: dt=0.8935,  45 negative triangles
269: dt=0.8935,  46 negative triangles
270: dt=0.8935,  48 negative triangles
271: dt=0.8935,  44 negative triangles
272: dt=0.8935,  49 negative triangles
273: dt=0.8935,  46 negative triangles
274: dt=0.8935,  47 negative triangles
275: dt=0.8935,  49 negative triangles
276: dt=0.8935,  48 negative triangles
277: dt=0.8935,  45 negative triangles
278: dt=0.8935,  41 negative triangles
279: dt=0.8935,  45 negative triangles
280: dt=0.8935,  43 negative triangles
281: dt=0.8935,  43 negative triangles
282: dt=0.8935,  44 negative triangles
283: dt=0.8935,  43 negative triangles
284: dt=0.8935,  43 negative triangles
285: dt=0.8935,  43 negative triangles
286: dt=0.8935,  46 negative triangles
287: dt=0.8935,  43 negative triangles
288: dt=0.8488,  44 negative triangles
289: dt=0.8488,  45 negative triangles
290: dt=0.8488,  43 negative triangles
291: dt=0.8488,  42 negative triangles
292: dt=0.8488,  42 negative triangles
293: dt=0.8488,  43 negative triangles
294: dt=0.8488,  42 negative triangles
295: dt=0.8488,  42 negative triangles
296: dt=0.8488,  43 negative triangles
297: dt=0.8488,  42 negative triangles
298: dt=0.8064,  43 negative triangles
299: dt=0.8064,  40 negative triangles
300: dt=0.8064,  45 negative triangles
301: dt=0.8064,  41 negative triangles
302: dt=0.8064,  43 negative triangles
303: dt=0.8064,  42 negative triangles
304: dt=0.8064,  42 negative triangles
305: dt=0.8064,  42 negative triangles
306: dt=0.8064,  41 negative triangles
307: dt=0.8064,  42 negative triangles
308: dt=0.8064,  41 negative triangles
309: dt=0.7660,  46 negative triangles
310: dt=0.7660,  43 negative triangles
311: dt=0.7660,  45 negative triangles
312: dt=0.7660,  43 negative triangles
313: dt=0.7660,  42 negative triangles
314: dt=0.7660,  42 negative triangles
315: dt=0.7660,  43 negative triangles
316: dt=0.7660,  40 negative triangles
317: dt=0.7660,  43 negative triangles
318: dt=0.7660,  39 negative triangles
319: dt=0.7660,  39 negative triangles
320: dt=0.7660,  39 negative triangles
321: dt=0.7660,  39 negative triangles
322: dt=0.7660,  41 negative triangles
323: dt=0.7660,  41 negative triangles
324: dt=0.7660,  38 negative triangles
325: dt=0.7660,  36 negative triangles
326: dt=0.7660,  40 negative triangles
327: dt=0.7660,  37 negative triangles
328: dt=0.7660,  38 negative triangles
329: dt=0.7660,  40 negative triangles
330: dt=0.7660,  41 negative triangles
331: dt=0.7660,  39 negative triangles
332: dt=0.7660,  37 negative triangles
333: dt=0.7660,  34 negative triangles
334: dt=0.7660,  37 negative triangles
335: dt=0.7660,  38 negative triangles
336: dt=0.7660,  36 negative triangles
337: dt=0.7660,  38 negative triangles
338: dt=0.7660,  38 negative triangles
339: dt=0.7660,  38 negative triangles
340: dt=0.7660,  38 negative triangles
341: dt=0.7660,  36 negative triangles
342: dt=0.7660,  39 negative triangles
343: dt=0.7277,  36 negative triangles
344: dt=0.7277,  34 negative triangles
345: dt=0.7277,  38 negative triangles
346: dt=0.7277,  38 negative triangles
347: dt=0.7277,  40 negative triangles
348: dt=0.7277,  38 negative triangles
349: dt=0.7277,  38 negative triangles
350: dt=0.7277,  36 negative triangles
351: dt=0.7277,  36 negative triangles
352: dt=0.7277,  37 negative triangles
353: dt=0.6914,  39 negative triangles
354: dt=0.6914,  36 negative triangles
355: dt=0.6914,  38 negative triangles
356: dt=0.6914,  36 negative triangles
357: dt=0.6914,  36 negative triangles
358: dt=0.6914,  35 negative triangles
359: dt=0.6914,  37 negative triangles
360: dt=0.6914,  36 negative triangles
361: dt=0.6914,  38 negative triangles
362: dt=0.6914,  34 negative triangles
363: dt=0.6568,  37 negative triangles
364: dt=0.6568,  34 negative triangles
365: dt=0.6568,  36 negative triangles
366: dt=0.6568,  30 negative triangles
367: dt=0.6568,  33 negative triangles
368: dt=0.6568,  36 negative triangles
369: dt=0.6568,  33 negative triangles
370: dt=0.6568,  34 negative triangles
371: dt=0.6568,  34 negative triangles
372: dt=0.6568,  35 negative triangles
373: dt=0.6568,  35 negative triangles
374: dt=0.6568,  36 negative triangles
375: dt=0.6568,  36 negative triangles
376: dt=0.6239,  35 negative triangles
377: dt=0.6239,  32 negative triangles
378: dt=0.6239,  34 negative triangles
379: dt=0.6239,  35 negative triangles
380: dt=0.6239,  34 negative triangles
381: dt=0.6239,  35 negative triangles
382: dt=0.6239,  36 negative triangles
383: dt=0.6239,  36 negative triangles
384: dt=0.6239,  32 negative triangles
385: dt=0.6239,  37 negative triangles
386: dt=0.5927,  37 negative triangles
387: dt=0.5927,  33 negative triangles
388: dt=0.5927,  35 negative triangles
389: dt=0.5927,  35 negative triangles
390: dt=0.5927,  28 negative triangles
391: dt=0.5927,  38 negative triangles
392: dt=0.5927,  33 negative triangles
393: dt=0.5927,  34 negative triangles
394: dt=0.5927,  32 negative triangles
395: dt=0.5927,  38 negative triangles
396: dt=0.5927,  32 negative triangles
397: dt=0.5927,  32 negative triangles
398: dt=0.5927,  30 negative triangles
399: dt=0.5927,  31 negative triangles
400: dt=0.5631,  33 negative triangles
401: dt=0.5631,  36 negative triangles
402: dt=0.5631,  31 negative triangles
403: dt=0.5631,  33 negative triangles
404: dt=0.5631,  31 negative triangles
405: dt=0.5631,  34 negative triangles
406: dt=0.5631,  29 negative triangles
407: dt=0.5631,  31 negative triangles
408: dt=0.5631,  32 negative triangles
409: dt=0.5631,  31 negative triangles
410: dt=0.5350,  34 negative triangles
411: dt=0.5350,  31 negative triangles
412: dt=0.5350,  34 negative triangles
413: dt=0.5350,  32 negative triangles
414: dt=0.5350,  33 negative triangles
415: dt=0.5350,  30 negative triangles
416: dt=0.5350,  37 negative triangles
417: dt=0.5350,  30 negative triangles
418: dt=0.5350,  38 negative triangles
419: dt=0.5350,  34 negative triangles
420: dt=0.5082,  33 negative triangles
421: dt=0.5082,  30 negative triangles
422: dt=0.5082,  29 negative triangles
423: dt=0.5082,  29 negative triangles
424: dt=0.5082,  33 negative triangles
425: dt=0.5082,  30 negative triangles
426: dt=0.5082,  34 negative triangles
427: dt=0.5082,  33 negative triangles
428: dt=0.5082,  35 negative triangles
429: dt=0.5082,  31 negative triangles
430: dt=0.4828,  31 negative triangles
431: dt=0.4828,  31 negative triangles
432: dt=0.4828,  30 negative triangles
433: dt=0.4828,  35 negative triangles
434: dt=0.4828,  31 negative triangles
435: dt=0.4828,  34 negative triangles
436: dt=0.4828,  32 negative triangles
437: dt=0.4828,  32 negative triangles
438: dt=0.4828,  29 negative triangles
439: dt=0.4828,  31 negative triangles
440: dt=0.4587,  31 negative triangles
expanding nbhd size to 1
441: dt=0.9900,  28 negative triangles
442: dt=0.9900,  32 negative triangles
443: dt=0.9900,  28 negative triangles
444: dt=0.9900,  29 negative triangles
445: dt=0.9900,  28 negative triangles
446: dt=0.9900,  31 negative triangles
447: dt=0.9900,  34 negative triangles
448: dt=0.9900,  33 negative triangles
449: dt=0.9900,  33 negative triangles
450: dt=0.9405,  34 negative triangles
451: dt=0.9405,  36 negative triangles
452: dt=0.9405,  33 negative triangles
453: dt=0.9405,  34 negative triangles
454: dt=0.9405,  35 negative triangles
455: dt=0.9405,  35 negative triangles
456: dt=0.9405,  35 negative triangles
457: dt=0.9405,  35 negative triangles
458: dt=0.9405,  35 negative triangles
459: dt=0.9405,  35 negative triangles
460: dt=0.8935,  35 negative triangles
461: dt=0.8935,  34 negative triangles
462: dt=0.8935,  34 negative triangles
463: dt=0.8935,  33 negative triangles
464: dt=0.8935,  33 negative triangles
465: dt=0.8935,  34 negative triangles
466: dt=0.8935,  34 negative triangles
467: dt=0.8935,  33 negative triangles
468: dt=0.8935,  33 negative triangles
469: dt=0.8935,  33 negative triangles
470: dt=0.8488,  31 negative triangles
471: dt=0.8488,  32 negative triangles
472: dt=0.8488,  31 negative triangles
473: dt=0.8488,  31 negative triangles
474: dt=0.8488,  32 negative triangles
475: dt=0.8488,  31 negative triangles
476: dt=0.8488,  30 negative triangles
477: dt=0.8488,  32 negative triangles
478: dt=0.8488,  30 negative triangles
479: dt=0.8488,  30 negative triangles
480: dt=0.8064,  30 negative triangles
481: dt=0.8064,  29 negative triangles
482: dt=0.8064,  31 negative triangles
483: dt=0.8064,  30 negative triangles
484: dt=0.8064,  31 negative triangles
485: dt=0.8064,  32 negative triangles
486: dt=0.8064,  32 negative triangles
487: dt=0.8064,  31 negative triangles
488: dt=0.8064,  32 negative triangles
489: dt=0.8064,  32 negative triangles
490: dt=0.7660,  30 negative triangles
491: dt=0.7660,  31 negative triangles
492: dt=0.7660,  30 negative triangles
493: dt=0.7660,  31 negative triangles
494: dt=0.7660,  30 negative triangles
495: dt=0.7660,  29 negative triangles
496: dt=0.7660,  28 negative triangles
497: dt=0.7660,  30 negative triangles
498: dt=0.7660,  29 negative triangles
499: dt=0.7660,  29 negative triangles
500: dt=0.7277,  29 negative triangles
501: dt=0.7277,  30 negative triangles
502: dt=0.7277,  32 negative triangles
503: dt=0.7277,  31 negative triangles
504: dt=0.7277,  32 negative triangles
505: dt=0.7277,  29 negative triangles
506: dt=0.7277,  30 negative triangles
507: dt=0.7277,  27 negative triangles
508: dt=0.7277,  30 negative triangles
509: dt=0.7277,  32 negative triangles
510: dt=0.7277,  30 negative triangles
511: dt=0.7277,  28 negative triangles
512: dt=0.7277,  26 negative triangles
513: dt=0.7277,  29 negative triangles
514: dt=0.7277,  27 negative triangles
515: dt=0.7277,  29 negative triangles
516: dt=0.7277,  27 negative triangles
517: dt=0.7277,  27 negative triangles
518: dt=0.7277,  27 negative triangles
519: dt=0.7277,  28 negative triangles
520: dt=0.7277,  29 negative triangles
521: dt=0.7277,  27 negative triangles
522: dt=0.6914,  30 negative triangles
523: dt=0.6914,  29 negative triangles
524: dt=0.6914,  29 negative triangles
525: dt=0.6914,  27 negative triangles
526: dt=0.6914,  27 negative triangles
527: dt=0.6914,  28 negative triangles
528: dt=0.6914,  27 negative triangles
529: dt=0.6914,  26 negative triangles
530: dt=0.6914,  28 negative triangles
531: dt=0.6914,  27 negative triangles
532: dt=0.6568,  27 negative triangles
533: dt=0.6568,  26 negative triangles
534: dt=0.6568,  31 negative triangles
535: dt=0.6568,  25 negative triangles
536: dt=0.6568,  25 negative triangles
537: dt=0.6568,  28 negative triangles
538: dt=0.6568,  25 negative triangles
539: dt=0.6568,  29 negative triangles
540: dt=0.6568,  25 negative triangles
541: dt=0.6568,  28 negative triangles
542: dt=0.6568,  28 negative triangles
543: dt=0.6568,  29 negative triangles
544: dt=0.6568,  27 negative triangles
545: dt=0.6239,  28 negative triangles
546: dt=0.6239,  30 negative triangles
547: dt=0.6239,  27 negative triangles
548: dt=0.6239,  25 negative triangles
549: dt=0.6239,  29 negative triangles
550: dt=0.6239,  29 negative triangles
551: dt=0.6239,  28 negative triangles
552: dt=0.6239,  30 negative triangles
553: dt=0.6239,  25 negative triangles
554: dt=0.6239,  31 negative triangles
555: dt=0.5927,  28 negative triangles
556: dt=0.5927,  28 negative triangles
557: dt=0.5927,  27 negative triangles
558: dt=0.5927,  29 negative triangles
559: dt=0.5927,  29 negative triangles
560: dt=0.5927,  26 negative triangles
561: dt=0.5927,  27 negative triangles
562: dt=0.5927,  24 negative triangles
563: dt=0.5927,  27 negative triangles
564: dt=0.5927,  27 negative triangles
565: dt=0.5927,  28 negative triangles
566: dt=0.5927,  27 negative triangles
567: dt=0.5927,  27 negative triangles
568: dt=0.5927,  28 negative triangles
569: dt=0.5927,  27 negative triangles
570: dt=0.5927,  29 negative triangles
571: dt=0.5927,  31 negative triangles
572: dt=0.5631,  27 negative triangles
573: dt=0.5631,  31 negative triangles
574: dt=0.5631,  29 negative triangles
575: dt=0.5631,  28 negative triangles
576: dt=0.5631,  26 negative triangles
577: dt=0.5631,  24 negative triangles
578: dt=0.5631,  27 negative triangles
579: dt=0.5631,  25 negative triangles
580: dt=0.5631,  28 negative triangles
581: dt=0.5631,  27 negative triangles
582: dt=0.5350,  25 negative triangles
583: dt=0.5350,  28 negative triangles
584: dt=0.5350,  26 negative triangles
585: dt=0.5350,  28 negative triangles
586: dt=0.5350,  31 negative triangles
587: dt=0.5350,  29 negative triangles
588: dt=0.5350,  25 negative triangles
589: dt=0.5350,  27 negative triangles
590: dt=0.5350,  28 negative triangles
591: dt=0.5350,  27 negative triangles
592: dt=0.5082,  27 negative triangles
593: dt=0.5082,  29 negative triangles
594: dt=0.5082,  26 negative triangles
595: dt=0.5082,  26 negative triangles
596: dt=0.5082,  26 negative triangles
597: dt=0.5082,  28 negative triangles
598: dt=0.5082,  24 negative triangles
599: dt=0.5082,  24 negative triangles
600: dt=0.5082,  27 negative triangles
601: dt=0.5082,  26 negative triangles
602: dt=0.4828,  29 negative triangles
603: dt=0.4828,  27 negative triangles
604: dt=0.4828,  27 negative triangles
605: dt=0.4828,  24 negative triangles
606: dt=0.4828,  29 negative triangles
607: dt=0.4828,  26 negative triangles
608: dt=0.4828,  27 negative triangles
609: dt=0.4828,  29 negative triangles
610: dt=0.4828,  26 negative triangles
611: dt=0.4828,  30 negative triangles
612: dt=0.4587,  28 negative triangles
613: dt=0.4587,  25 negative triangles
614: dt=0.4587,  28 negative triangles
615: dt=0.4587,  29 negative triangles
616: dt=0.4587,  28 negative triangles
617: dt=0.4587,  30 negative triangles
618: dt=0.4587,  29 negative triangles
619: dt=0.4587,  26 negative triangles
620: dt=0.4587,  26 negative triangles
621: dt=0.4587,  27 negative triangles
622: dt=0.4357,  26 negative triangles
623: dt=0.4357,  27 negative triangles
624: dt=0.4357,  29 negative triangles
625: dt=0.4357,  25 negative triangles
626: dt=0.4357,  27 negative triangles
627: dt=0.4357,  28 negative triangles
628: dt=0.4357,  27 negative triangles
629: dt=0.4357,  25 negative triangles
630: dt=0.4357,  29 negative triangles
631: dt=0.4357,  30 negative triangles
632: dt=0.4139,  27 negative triangles
633: dt=0.4139,  30 negative triangles
634: dt=0.4139,  28 negative triangles
635: dt=0.4139,  29 negative triangles
636: dt=0.4139,  24 negative triangles
637: dt=0.4139,  27 negative triangles
638: dt=0.4139,  28 negative triangles
639: dt=0.4139,  28 negative triangles
640: dt=0.4139,  29 negative triangles
641: dt=0.4139,  28 negative triangles
642: dt=0.3932,  26 negative triangles
643: dt=0.3932,  30 negative triangles
644: dt=0.3932,  28 negative triangles
645: dt=0.3932,  27 negative triangles
646: dt=0.3932,  26 negative triangles
647: dt=0.3932,  27 negative triangles
648: dt=0.3932,  25 negative triangles
649: dt=0.3932,  28 negative triangles
650: dt=0.3932,  27 negative triangles
651: dt=0.3932,  29 negative triangles
652: dt=0.3736,  27 negative triangles
653: dt=0.3736,  28 negative triangles
654: dt=0.3736,  29 negative triangles
655: dt=0.3736,  27 negative triangles
656: dt=0.3736,  26 negative triangles
657: dt=0.3736,  25 negative triangles
658: dt=0.3736,  32 negative triangles
659: dt=0.3736,  27 negative triangles
660: dt=0.3736,  27 negative triangles
661: dt=0.3736,  25 negative triangles
662: dt=0.3549,  28 negative triangles
663: dt=0.3549,  25 negative triangles
664: dt=0.3549,  28 negative triangles
665: dt=0.3549,  28 negative triangles
666: dt=0.3549,  29 negative triangles
667: dt=0.3549,  26 negative triangles
668: dt=0.3549,  29 negative triangles
669: dt=0.3549,  26 negative triangles
670: dt=0.3549,  24 negative triangles
671: dt=0.3549,  28 negative triangles
672: dt=0.3372,  30 negative triangles
673: dt=0.3372,  27 negative triangles
674: dt=0.3372,  32 negative triangles
675: dt=0.3372,  28 negative triangles
676: dt=0.3372,  29 negative triangles
677: dt=0.3372,  30 negative triangles
678: dt=0.3372,  28 negative triangles
679: dt=0.3372,  27 negative triangles
680: dt=0.3372,  26 negative triangles
681: dt=0.3372,  26 negative triangles
682: dt=0.3203,  29 negative triangles
683: dt=0.3203,  28 negative triangles
684: dt=0.3203,  30 negative triangles
685: dt=0.3203,  30 negative triangles
686: dt=0.3203,  30 negative triangles
687: dt=0.3203,  29 negative triangles
688: dt=0.3203,  28 negative triangles
689: dt=0.3203,  30 negative triangles
690: dt=0.3203,  28 negative triangles
691: dt=0.3203,  31 negative triangles
692: dt=0.3043,  27 negative triangles
693: dt=0.3043,  26 negative triangles
694: dt=0.3043,  27 negative triangles
695: dt=0.3043,  26 negative triangles
696: dt=0.3043,  24 negative triangles
697: dt=0.3043,  24 negative triangles
698: dt=0.3043,  27 negative triangles
699: dt=0.3043,  26 negative triangles
700: dt=0.3043,  24 negative triangles
701: dt=0.3043,  29 negative triangles
702: dt=0.2891,  27 negative triangles
703: dt=0.2891,  25 negative triangles
704: dt=0.2891,  29 negative triangles
705: dt=0.2891,  27 negative triangles
706: dt=0.2891,  27 negative triangles
707: dt=0.2891,  27 negative triangles
708: dt=0.2891,  28 negative triangles
709: dt=0.2891,  26 negative triangles
710: dt=0.2891,  27 negative triangles
711: dt=0.2891,  25 negative triangles
712: dt=0.2746,  31 negative triangles
713: dt=0.2746,  27 negative triangles
714: dt=0.2746,  27 negative triangles
715: dt=0.2746,  28 negative triangles
716: dt=0.2746,  28 negative triangles
717: dt=0.2746,  26 negative triangles
718: dt=0.2746,  27 negative triangles
719: dt=0.2746,  27 negative triangles
720: dt=0.2746,  29 negative triangles
721: dt=0.2746,  30 negative triangles
722: dt=0.2609,  30 negative triangles
723: dt=0.2609,  26 negative triangles
724: dt=0.2609,  28 negative triangles
725: dt=0.2609,  28 negative triangles
726: dt=0.2609,  29 negative triangles
727: dt=0.2609,  30 negative triangles
728: dt=0.2609,  27 negative triangles
729: dt=0.2609,  28 negative triangles
730: dt=0.2609,  28 negative triangles
731: dt=0.2609,  28 negative triangles
732: dt=0.2478,  29 negative triangles
733: dt=0.2478,  28 negative triangles
734: dt=0.2478,  29 negative triangles
735: dt=0.2478,  27 negative triangles
736: dt=0.2478,  30 negative triangles
737: dt=0.2478,  29 negative triangles
738: dt=0.2478,  29 negative triangles
739: dt=0.2478,  28 negative triangles
740: dt=0.2478,  26 negative triangles
741: dt=0.2478,  25 negative triangles
742: dt=0.2354,  27 negative triangles
743: dt=0.2354,  28 negative triangles
744: dt=0.2354,  30 negative triangles
745: dt=0.2354,  27 negative triangles
746: dt=0.2354,  28 negative triangles
747: dt=0.2354,  26 negative triangles
748: dt=0.2354,  28 negative triangles
749: dt=0.2354,  29 negative triangles
750: dt=0.2354,  29 negative triangles
751: dt=0.2354,  31 negative triangles
752: dt=0.2237,  29 negative triangles
753: dt=0.2237,  29 negative triangles
754: dt=0.2237,  29 negative triangles
755: dt=0.2237,  32 negative triangles
756: dt=0.2237,  29 negative triangles
757: dt=0.2237,  33 negative triangles
758: dt=0.2237,  28 negative triangles
759: dt=0.2237,  28 negative triangles
760: dt=0.2237,  25 negative triangles
761: dt=0.2237,  28 negative triangles
762: dt=0.2125,  26 negative triangles
763: dt=0.2125,  28 negative triangles
764: dt=0.2125,  27 negative triangles
765: dt=0.2125,  31 negative triangles
766: dt=0.2125,  32 negative triangles
767: dt=0.2125,  30 negative triangles
768: dt=0.2125,  28 negative triangles
769: dt=0.2125,  31 negative triangles
770: dt=0.2125,  32 negative triangles
771: dt=0.2125,  30 negative triangles
772: dt=0.2019,  32 negative triangles
773: dt=0.2019,  29 negative triangles
774: dt=0.2019,  26 negative triangles
775: dt=0.2019,  28 negative triangles
776: dt=0.2019,  30 negative triangles
777: dt=0.2019,  26 negative triangles
778: dt=0.2019,  28 negative triangles
779: dt=0.2019,  27 negative triangles
780: dt=0.2019,  27 negative triangles
781: dt=0.2019,  26 negative triangles
782: dt=0.1918,  25 negative triangles
783: dt=0.1918,  26 negative triangles
784: dt=0.1918,  29 negative triangles
785: dt=0.1918,  29 negative triangles
786: dt=0.1918,  30 negative triangles
787: dt=0.1918,  27 negative triangles
788: dt=0.1918,  29 negative triangles
789: dt=0.1918,  30 negative triangles
790: dt=0.1918,  27 negative triangles
791: dt=0.1918,  26 negative triangles
792: dt=0.1822,  29 negative triangles
793: dt=0.1822,  27 negative triangles
794: dt=0.1822,  28 negative triangles
795: dt=0.1822,  29 negative triangles
796: dt=0.1822,  26 negative triangles
797: dt=0.1822,  29 negative triangles
798: dt=0.1822,  28 negative triangles
799: dt=0.1822,  26 negative triangles
800: dt=0.1822,  28 negative triangles
801: dt=0.1822,  28 negative triangles
802: dt=0.1731,  27 negative triangles
803: dt=0.1731,  25 negative triangles
804: dt=0.1731,  25 negative triangles
805: dt=0.1731,  26 negative triangles
806: dt=0.1731,  26 negative triangles
807: dt=0.1731,  24 negative triangles
808: dt=0.1731,  27 negative triangles
809: dt=0.1731,  27 negative triangles
810: dt=0.1731,  25 negative triangles
811: dt=0.1731,  25 negative triangles
812: dt=0.1644,  26 negative triangles
813: dt=0.1644,  26 negative triangles
814: dt=0.1644,  27 negative triangles
815: dt=0.1644,  27 negative triangles
816: dt=0.1644,  28 negative triangles
817: dt=0.1644,  27 negative triangles
818: dt=0.1644,  24 negative triangles
819: dt=0.1644,  25 negative triangles
820: dt=0.1644,  26 negative triangles
821: dt=0.1644,  25 negative triangles
822: dt=0.1562,  26 negative triangles
823: dt=0.1562,  27 negative triangles
824: dt=0.1562,  27 negative triangles
825: dt=0.1562,  29 negative triangles
826: dt=0.1562,  28 negative triangles
827: dt=0.1562,  28 negative triangles
828: dt=0.1562,  31 negative triangles
829: dt=0.1562,  30 negative triangles
830: dt=0.1562,  29 negative triangles
831: dt=0.1562,  31 negative triangles
832: dt=0.1484,  29 negative triangles
833: dt=0.1484,  30 negative triangles
834: dt=0.1484,  28 negative triangles
835: dt=0.1484,  28 negative triangles
836: dt=0.1484,  28 negative triangles
837: dt=0.1484,  28 negative triangles
838: dt=0.1484,  28 negative triangles
839: dt=0.1484,  28 negative triangles
840: dt=0.1484,  28 negative triangles
841: dt=0.1484,  30 negative triangles
842: dt=0.1410,  30 negative triangles
843: dt=0.1410,  30 negative triangles
844: dt=0.1410,  31 negative triangles
845: dt=0.1410,  29 negative triangles
846: dt=0.1410,  28 negative triangles
847: dt=0.1410,  28 negative triangles
848: dt=0.1410,  28 negative triangles
849: dt=0.1410,  28 negative triangles
850: dt=0.1410,  26 negative triangles
851: dt=0.1410,  25 negative triangles
852: dt=0.1339,  25 negative triangles
853: dt=0.1339,  27 negative triangles
854: dt=0.1339,  29 negative triangles
855: dt=0.1339,  28 negative triangles
856: dt=0.1339,  29 negative triangles
857: dt=0.1339,  29 negative triangles
858: dt=0.1339,  29 negative triangles
859: dt=0.1339,  30 negative triangles
860: dt=0.1339,  30 negative triangles
861: dt=0.1339,  29 negative triangles
862: dt=0.1272,  28 negative triangles
863: dt=0.1272,  29 negative triangles
864: dt=0.1272,  29 negative triangles
865: dt=0.1272,  29 negative triangles
866: dt=0.1272,  31 negative triangles
867: dt=0.1272,  29 negative triangles
868: dt=0.1272,  26 negative triangles
869: dt=0.1272,  27 negative triangles
870: dt=0.1272,  28 negative triangles
871: dt=0.1272,  26 negative triangles
872: dt=0.1209,  27 negative triangles
873: dt=0.1209,  27 negative triangles
874: dt=0.1209,  30 negative triangles
875: dt=0.1209,  27 negative triangles
876: dt=0.1209,  28 negative triangles
877: dt=0.1209,  27 negative triangles
878: dt=0.1209,  28 negative triangles
879: dt=0.1209,  27 negative triangles
880: dt=0.1209,  30 negative triangles
881: dt=0.1209,  27 negative triangles
882: dt=0.1148,  29 negative triangles
883: dt=0.1148,  27 negative triangles
884: dt=0.1148,  27 negative triangles
885: dt=0.1148,  26 negative triangles
886: dt=0.1148,  26 negative triangles
887: dt=0.1148,  28 negative triangles
888: dt=0.1148,  27 negative triangles
889: dt=0.1148,  26 negative triangles
890: dt=0.1148,  26 negative triangles
891: dt=0.1148,  24 negative triangles
892: dt=0.1091,  25 negative triangles
893: dt=0.1091,  24 negative triangles
894: dt=0.1091,  25 negative triangles
895: dt=0.1091,  26 negative triangles
896: dt=0.1091,  27 negative triangles
897: dt=0.1091,  26 negative triangles
898: dt=0.1091,  28 negative triangles
899: dt=0.1091,  27 negative triangles
900: dt=0.1091,  27 negative triangles
901: dt=0.1091,  25 negative triangles
902: dt=0.1036,  27 negative triangles
903: dt=0.1036,  27 negative triangles
904: dt=0.1036,  27 negative triangles
905: dt=0.1036,  27 negative triangles
906: dt=0.1036,  25 negative triangles
907: dt=0.1036,  26 negative triangles
908: dt=0.1036,  26 negative triangles
909: dt=0.1036,  26 negative triangles
910: dt=0.1036,  26 negative triangles
911: dt=0.1036,  28 negative triangles
912: dt=0.1036,  23 negative triangles
913: dt=0.1036,  28 negative triangles
914: dt=0.1036,  25 negative triangles
915: dt=0.1036,  23 negative triangles
916: dt=0.1036,  26 negative triangles
917: dt=0.1036,  23 negative triangles
918: dt=0.1036,  24 negative triangles
919: dt=0.1036,  25 negative triangles
920: dt=0.1036,  24 negative triangles
921: dt=0.1036,  24 negative triangles
922: dt=0.0984,  24 negative triangles
923: dt=0.0984,  23 negative triangles
924: dt=0.0984,  24 negative triangles
925: dt=0.0984,  24 negative triangles
926: dt=0.0984,  26 negative triangles
927: dt=0.0984,  23 negative triangles
928: dt=0.0984,  25 negative triangles
929: dt=0.0984,  22 negative triangles
930: dt=0.0984,  23 negative triangles
931: dt=0.0984,  26 negative triangles
932: dt=0.0984,  26 negative triangles
933: dt=0.0984,  26 negative triangles
934: dt=0.0984,  27 negative triangles
935: dt=0.0984,  27 negative triangles
936: dt=0.0984,  24 negative triangles
937: dt=0.0984,  27 negative triangles
938: dt=0.0984,  23 negative triangles
939: dt=0.0935,  23 negative triangles
940: dt=0.0935,  23 negative triangles
941: dt=0.0935,  23 negative triangles
942: dt=0.0935,  24 negative triangles
943: dt=0.0935,  23 negative triangles
944: dt=0.0935,  25 negative triangles
945: dt=0.0935,  23 negative triangles
946: dt=0.0935,  25 negative triangles
947: dt=0.0935,  25 negative triangles
948: dt=0.0935,  26 negative triangles
949: dt=0.0888,  26 negative triangles
950: dt=0.0888,  26 negative triangles
951: dt=0.0888,  26 negative triangles
952: dt=0.0888,  25 negative triangles
953: dt=0.0888,  22 negative triangles
954: dt=0.0888,  25 negative triangles
955: dt=0.0888,  25 negative triangles
956: dt=0.0888,  26 negative triangles
957: dt=0.0888,  26 negative triangles
958: dt=0.0888,  24 negative triangles
959: dt=0.0844,  26 negative triangles
960: dt=0.0844,  26 negative triangles
961: dt=0.0844,  23 negative triangles
962: dt=0.0844,  22 negative triangles
963: dt=0.0844,  24 negative triangles
964: dt=0.0844,  22 negative triangles
965: dt=0.0844,  25 negative triangles
966: dt=0.0844,  24 negative triangles
967: dt=0.0844,  27 negative triangles
968: dt=0.0844,  25 negative triangles
969: dt=0.0802,  24 negative triangles
970: dt=0.0802,  24 negative triangles
971: dt=0.0802,  24 negative triangles
972: dt=0.0802,  23 negative triangles
973: dt=0.0802,  25 negative triangles
974: dt=0.0802,  26 negative triangles
975: dt=0.0802,  27 negative triangles
976: dt=0.0802,  27 negative triangles
977: dt=0.0802,  27 negative triangles
978: dt=0.0802,  24 negative triangles
979: dt=0.0762,  31 negative triangles
980: dt=0.0762,  27 negative triangles
981: dt=0.0762,  30 negative triangles
982: dt=0.0762,  27 negative triangles
983: dt=0.0762,  28 negative triangles
984: dt=0.0762,  31 negative triangles
985: dt=0.0762,  25 negative triangles
986: dt=0.0762,  30 negative triangles
987: dt=0.0762,  26 negative triangles
988: dt=0.0762,  25 negative triangles
989: dt=0.0724,  27 negative triangles
990: dt=0.0724,  29 negative triangles
991: dt=0.0724,  30 negative triangles
992: dt=0.0724,  27 negative triangles
993: dt=0.0724,  29 negative triangles
994: dt=0.0724,  27 negative triangles
995: dt=0.0724,  26 negative triangles
996: dt=0.0724,  26 negative triangles
997: dt=0.0724,  30 negative triangles
998: dt=0.0724,  31 negative triangles
999: dt=0.0687,  28 negative triangles
1000: dt=0.0687,  29 negative triangles
1001: dt=0.0687,  29 negative triangles
1002: dt=0.0687,  30 negative triangles
1003: dt=0.0687,  28 negative triangles
1004: dt=0.0687,  28 negative triangles
1005: dt=0.0687,  29 negative triangles
1006: dt=0.0687,  29 negative triangles
1007: dt=0.0687,  28 negative triangles
1008: dt=0.0687,  28 negative triangles
1009: dt=0.0653,  27 negative triangles
1010: dt=0.0653,  29 negative triangles
1011: dt=0.0653,  29 negative triangles
1012: dt=0.0653,  27 negative triangles
1013: dt=0.0653,  27 negative triangles
1014: dt=0.0653,  29 negative triangles
1015: dt=0.0653,  31 negative triangles
1016: dt=0.0653,  28 negative triangles
1017: dt=0.0653,  28 negative triangles
1018: dt=0.0653,  25 negative triangles
1019: dt=0.0620,  27 negative triangles
1020: dt=0.0620,  26 negative triangles
1021: dt=0.0620,  25 negative triangles
1022: dt=0.0620,  26 negative triangles
1023: dt=0.0620,  26 negative triangles
1024: dt=0.0620,  26 negative triangles
1025: dt=0.0620,  26 negative triangles
1026: dt=0.0620,  26 negative triangles
1027: dt=0.0620,  26 negative triangles
1028: dt=0.0620,  28 negative triangles
1029: dt=0.0589,  27 negative triangles
1030: dt=0.0589,  28 negative triangles
1031: dt=0.0589,  26 negative triangles
1032: dt=0.0589,  27 negative triangles
1033: dt=0.0589,  26 negative triangles
1034: dt=0.0589,  26 negative triangles
1035: dt=0.0589,  26 negative triangles
1036: dt=0.0589,  25 negative triangles
1037: dt=0.0589,  28 negative triangles
1038: dt=0.0589,  25 negative triangles
1039: dt=0.0560,  25 negative triangles
1040: dt=0.0560,  25 negative triangles
1041: dt=0.0560,  25 negative triangles
1042: dt=0.0560,  25 negative triangles
1043: dt=0.0560,  25 negative triangles
1044: dt=0.0560,  24 negative triangles
1045: dt=0.0560,  24 negative triangles
1046: dt=0.0560,  25 negative triangles
1047: dt=0.0560,  26 negative triangles
1048: dt=0.0560,  24 negative triangles
1049: dt=0.0532,  25 negative triangles
1050: dt=0.0532,  24 negative triangles
1051: dt=0.0532,  25 negative triangles
1052: dt=0.0532,  25 negative triangles
1053: dt=0.0532,  25 negative triangles
1054: dt=0.0532,  26 negative triangles
1055: dt=0.0532,  26 negative triangles
1056: dt=0.0532,  26 negative triangles
1057: dt=0.0532,  25 negative triangles
1058: dt=0.0532,  24 negative triangles
1059: dt=0.0505,  25 negative triangles
1060: dt=0.0505,  26 negative triangles
1061: dt=0.0505,  25 negative triangles
1062: dt=0.0505,  25 negative triangles
1063: dt=0.0505,  27 negative triangles
1064: dt=0.0505,  26 negative triangles
1065: dt=0.0505,  25 negative triangles
1066: dt=0.0505,  25 negative triangles
1067: dt=0.0505,  26 negative triangles
1068: dt=0.0505,  27 negative triangles
1069: dt=0.0480,  28 negative triangles
1070: dt=0.0480,  28 negative triangles
1071: dt=0.0480,  27 negative triangles
1072: dt=0.0480,  25 negative triangles
1073: dt=0.0480,  28 negative triangles
1074: dt=0.0480,  29 negative triangles
1075: dt=0.0480,  26 negative triangles
1076: dt=0.0480,  26 negative triangles
1077: dt=0.0480,  27 negative triangles
1078: dt=0.0480,  28 negative triangles
1079: dt=0.0456,  28 negative triangles
1080: dt=0.0456,  25 negative triangles
1081: dt=0.0456,  23 negative triangles
1082: dt=0.0456,  22 negative triangles
1083: dt=0.0456,  26 negative triangles
1084: dt=0.0456,  26 negative triangles
1085: dt=0.0456,  25 negative triangles
1086: dt=0.0456,  23 negative triangles
1087: dt=0.0456,  24 negative triangles
1088: dt=0.0456,  25 negative triangles
1089: dt=0.0433,  27 negative triangles
1090: dt=0.0433,  27 negative triangles
1091: dt=0.0433,  26 negative triangles
1092: dt=0.0433,  28 negative triangles
1093: dt=0.0433,  26 negative triangles
1094: dt=0.0433,  26 negative triangles
1095: dt=0.0433,  23 negative triangles
1096: dt=0.0433,  24 negative triangles
1097: dt=0.0433,  24 negative triangles
1098: dt=0.0433,  24 negative triangles
1099: dt=0.0412,  23 negative triangles
1100: dt=0.0412,  25 negative triangles
1101: dt=0.0412,  27 negative triangles
1102: dt=0.0412,  27 negative triangles
1103: dt=0.0412,  26 negative triangles
1104: dt=0.0412,  26 negative triangles
1105: dt=0.0412,  28 negative triangles
1106: dt=0.0412,  29 negative triangles
1107: dt=0.0412,  30 negative triangles
1108: dt=0.0412,  30 negative triangles
1109: dt=0.0391,  29 negative triangles
1110: dt=0.0391,  29 negative triangles
1111: dt=0.0391,  27 negative triangles
1112: dt=0.0391,  27 negative triangles
1113: dt=0.0391,  26 negative triangles
1114: dt=0.0391,  26 negative triangles
1115: dt=0.0391,  25 negative triangles
1116: dt=0.0391,  25 negative triangles
1117: dt=0.0391,  25 negative triangles
1118: dt=0.0391,  25 negative triangles
1119: dt=0.0371,  25 negative triangles
1120: dt=0.0371,  25 negative triangles
1121: dt=0.0371,  25 negative triangles
1122: dt=0.0371,  26 negative triangles
1123: dt=0.0371,  26 negative triangles
1124: dt=0.0371,  27 negative triangles
1125: dt=0.0371,  26 negative triangles
1126: dt=0.0371,  26 negative triangles
1127: dt=0.0371,  25 negative triangles
1128: dt=0.0371,  26 negative triangles
1129: dt=0.0353,  27 negative triangles
1130: dt=0.0353,  27 negative triangles
1131: dt=0.0353,  26 negative triangles
1132: dt=0.0353,  25 negative triangles
1133: dt=0.0353,  26 negative triangles
1134: dt=0.0353,  25 negative triangles
1135: dt=0.0353,  24 negative triangles
1136: dt=0.0353,  24 negative triangles
1137: dt=0.0353,  24 negative triangles
1138: dt=0.0353,  24 negative triangles
1139: dt=0.0335,  23 negative triangles
1140: dt=0.0335,  25 negative triangles
1141: dt=0.0335,  25 negative triangles
1142: dt=0.0335,  26 negative triangles
1143: dt=0.0335,  25 negative triangles
1144: dt=0.0335,  23 negative triangles
1145: dt=0.0335,  24 negative triangles
1146: dt=0.0335,  22 negative triangles
1147: dt=0.0335,  24 negative triangles
1148: dt=0.0335,  23 negative triangles
1149: dt=0.0319,  27 negative triangles
1150: dt=0.0319,  24 negative triangles
1151: dt=0.0319,  23 negative triangles
1152: dt=0.0319,  25 negative triangles
1153: dt=0.0319,  24 negative triangles
1154: dt=0.0319,  23 negative triangles
1155: dt=0.0319,  23 negative triangles
1156: dt=0.0319,  26 negative triangles
1157: dt=0.0319,  26 negative triangles
1158: dt=0.0319,  27 negative triangles
1159: dt=0.0303,  25 negative triangles
1160: dt=0.0303,  24 negative triangles
1161: dt=0.0303,  24 negative triangles
1162: dt=0.0303,  23 negative triangles
1163: dt=0.0303,  24 negative triangles
1164: dt=0.0303,  26 negative triangles
1165: dt=0.0303,  25 negative triangles
1166: dt=0.0303,  26 negative triangles
1167: dt=0.0303,  25 negative triangles
1168: dt=0.0303,  26 negative triangles
1169: dt=0.0287,  24 negative triangles
1170: dt=0.0287,  23 negative triangles
1171: dt=0.0287,  23 negative triangles
1172: dt=0.0287,  24 negative triangles
1173: dt=0.0287,  24 negative triangles
1174: dt=0.0287,  24 negative triangles
1175: dt=0.0287,  25 negative triangles
1176: dt=0.0287,  24 negative triangles
1177: dt=0.0287,  23 negative triangles
1178: dt=0.0287,  24 negative triangles
1179: dt=0.0273,  24 negative triangles
1180: dt=0.0273,  24 negative triangles
1181: dt=0.0273,  24 negative triangles
1182: dt=0.0273,  23 negative triangles
1183: dt=0.0273,  25 negative triangles
1184: dt=0.0273,  24 negative triangles
1185: dt=0.0273,  22 negative triangles
1186: dt=0.0273,  22 negative triangles
1187: dt=0.0273,  23 negative triangles
1188: dt=0.0273,  23 negative triangles
1189: dt=0.0259,  24 negative triangles
1190: dt=0.0259,  23 negative triangles
1191: dt=0.0259,  22 negative triangles
1192: dt=0.0259,  23 negative triangles
1193: dt=0.0259,  23 negative triangles
1194: dt=0.0259,  21 negative triangles
1195: dt=0.0259,  22 negative triangles
1196: dt=0.0259,  21 negative triangles
1197: dt=0.0259,  20 negative triangles
1198: dt=0.0259,  20 negative triangles
1199: dt=0.0259,  20 negative triangles
1200: dt=0.0259,  20 negative triangles
1201: dt=0.0259,  21 negative triangles
1202: dt=0.0259,  21 negative triangles
1203: dt=0.0259,  21 negative triangles
1204: dt=0.0259,  21 negative triangles
1205: dt=0.0259,  22 negative triangles
1206: dt=0.0259,  21 negative triangles
1207: dt=0.0246,  23 negative triangles
1208: dt=0.0246,  23 negative triangles
1209: dt=0.0246,  21 negative triangles
1210: dt=0.0246,  21 negative triangles
1211: 22 negative triangles
writing spherical brain to ../surf/lh.sphere
spherical transformation took 0.1352 hours
FSRUNTIME@ mris_sphere  0.1352 hours 16 threads
#VMPC# mris_sphere VmPeak  2011032
mris_sphere done
#--------------------------------------------
#@# Surf Reg lh Tue Mar 10 12:45:24 CET 2026
/out/sourcedata/freesurfer/sub-v1s8x0051332_ses-1/scripts

 mris_register -curv ../surf/lh.sphere /opt/freesurfer/average/lh.folding.atlas.acfb40.noaparc.i12.2016-08-02.tif ../surf/lh.sphere.reg 

using smoothwm curvature for final alignment

cwd /out/sourcedata/freesurfer/sub-v1s8x0051332_ses-1/scripts
cmdline mris_register -curv ../surf/lh.sphere /opt/freesurfer/average/lh.folding.atlas.acfb40.noaparc.i12.2016-08-02.tif ../surf/lh.sphere.reg 

0 inflated.H
1 sulc
2 smoothwm (computed)
7.3.2
  7.3.2
reading surface from ../surf/lh.sphere...
reading template parameterization from /opt/freesurfer/average/lh.folding.atlas.acfb40.noaparc.i12.2016-08-02.tif...
MRISregister() -------
max_passes = 4 
min_degrees = 0.500000 
max_degrees = 64.000000 
nangles = 8 
tol=5.0e-01, sigma=0.0, host=dna06, nav=1024, nbrs=1, l_extern=10000.000, l_parea=0.200, l_nlarea=1.000, l_corr=1.000, l_dist=5.000
using quadratic fit line minimization
complete_dist_mat 0
rms 0
smooth_averages 0
remove_neg 0
ico_order 0
which_surface 0
target_radius 0.000000
nfields 0
scale 0.000000
desired_rms_height -1.000000
momentum 0.950000
nbhd_size -10
max_nbrs 10
niterations 25
nsurfaces 0
SURFACES 3
flags 16 (10)
use curv 16
no sulc 0
no rigid align 0
mris->nsize 1
mris->hemisphere 0
randomSeed 0

tol=5.0e-01, sigma=0.0, host=dna06, nav=1024, nbrs=1, l_extern=10000.000, l_parea=0.200, l_nlarea=1.000, l_corr=1.000, l_dist=5.000
using quadratic fit line minimization
--------------------
1 Reading lh.sulc
tol=1.0e+00, sigma=0.5, host=dna06, nav=1024, nbrs=1, l_extern=10000.000, l_parea=0.200, l_nlarea=1.000, l_corr=0.050, l_spring=0.500, l_dist=5.000
using quadratic fit line minimization
curvature mean = 0.000, std = 5.904
curvature mean = 0.056, std = 0.820
curvature mean = 0.046, std = 0.850
Starting MRISrigidBodyAlignGlobal()
Starting new MRISrigidBodyAlignGlobal_findMinSSE()
  new MRISrigidBodyAlignGlobal_findMinSSE min @ (7.00, -9.50, 11.00) sse = 365365.0, elapsed since starting=0.1463 min
MRISrigidBodyAlignGlobal() done   0.15 min
curvature mean = 0.006, std = 0.811
curvature mean = 0.021, std = 0.940
curvature mean = -0.005, std = 0.816
curvature mean = 0.009, std = 0.973
curvature mean = -0.007, std = 0.817
curvature mean = 0.002, std = 0.987
2 Reading smoothwm
curvature mean = -0.068, std = 8.126
curvature mean = 0.035, std = 0.241
curvature mean = 0.007, std = 0.027
curvature mean = 0.040, std = 0.284
curvature mean = 0.006, std = 0.026
curvature mean = 0.040, std = 0.308
curvature mean = 0.004, std = 0.064
curvature mean = 0.040, std = 0.319
curvature mean = 0.002, std = 0.169
MRISregister() return, current seed 0
-01: dt=0.0000, 137 negative triangles  VmPeak 2133272
150: dt=0.9900, 137 negative triangles
151: dt=0.9900,  86 negative triangles
152: dt=0.9900,  72 negative triangles
153: dt=0.9900,  78 negative triangles
154: dt=0.9900,  71 negative triangles
155: dt=0.9900,  73 negative triangles
156: dt=0.9900,  78 negative triangles
157: dt=0.9900,  71 negative triangles
158: dt=0.9900,  72 negative triangles
159: dt=0.9900,  76 negative triangles
160: dt=0.9900,  72 negative triangles
161: dt=0.9900,  72 negative triangles
162: dt=0.9900,  68 negative triangles
163: dt=0.9900,  65 negative triangles
164: dt=0.9900,  67 negative triangles
165: dt=0.9900,  68 negative triangles
166: dt=0.9900,  70 negative triangles
167: dt=0.9900,  65 negative triangles
168: dt=0.9900,  63 negative triangles
169: dt=0.9900,  68 negative triangles
170: dt=0.9900,  69 negative triangles
171: dt=0.9900,  64 negative triangles
172: dt=0.9900,  68 negative triangles
173: dt=0.9900,  64 negative triangles
174: dt=0.9900,  64 negative triangles
175: dt=0.9900,  67 negative triangles
176: dt=0.9900,  65 negative triangles
177: dt=0.9900,  67 negative triangles
178: dt=0.9405,  64 negative triangles
179: dt=0.9405,  58 negative triangles
180: dt=0.9405,  62 negative triangles
181: dt=0.9405,  59 negative triangles
182: dt=0.9405,  64 negative triangles
183: dt=0.9405,  59 negative triangles
184: dt=0.9405,  67 negative triangles
185: dt=0.9405,  61 negative triangles
186: dt=0.9405,  60 negative triangles
187: dt=0.9405,  58 negative triangles
188: dt=0.9405,  62 negative triangles
189: dt=0.9405,  57 negative triangles
190: dt=0.9405,  61 negative triangles
191: dt=0.9405,  56 negative triangles
192: dt=0.9405,  59 negative triangles
193: dt=0.9405,  63 negative triangles
194: dt=0.9405,  60 negative triangles
195: dt=0.9405,  57 negative triangles
196: dt=0.9405,  62 negative triangles
197: dt=0.9405,  59 negative triangles
198: dt=0.9405,  56 negative triangles
199: dt=0.9405,  56 negative triangles
200: dt=0.9405,  55 negative triangles
201: dt=0.9405,  58 negative triangles
202: dt=0.9405,  56 negative triangles
203: dt=0.9405,  53 negative triangles
204: dt=0.9405,  53 negative triangles
205: dt=0.9405,  58 negative triangles
206: dt=0.9405,  53 negative triangles
207: dt=0.9405,  50 negative triangles
208: dt=0.9405,  53 negative triangles
209: dt=0.9405,  50 negative triangles
210: dt=0.9405,  49 negative triangles
211: dt=0.9405,  52 negative triangles
212: dt=0.9405,  49 negative triangles
213: dt=0.9405,  52 negative triangles
214: dt=0.9405,  50 negative triangles
215: dt=0.9405,  48 negative triangles
216: dt=0.9405,  52 negative triangles
217: dt=0.9405,  49 negative triangles
218: dt=0.9405,  50 negative triangles
219: dt=0.9405,  52 negative triangles
220: dt=0.9405,  51 negative triangles
221: dt=0.9405,  47 negative triangles
222: dt=0.9405,  53 negative triangles
223: dt=0.9405,  49 negative triangles
224: dt=0.9405,  49 negative triangles
225: dt=0.9405,  51 negative triangles
226: dt=0.9405,  51 negative triangles
227: dt=0.9405,  48 negative triangles
228: dt=0.9405,  51 negative triangles
229: dt=0.9405,  48 negative triangles
230: dt=0.9405,  49 negative triangles
231: dt=0.8935,  49 negative triangles
232: dt=0.8935,  47 negative triangles
233: dt=0.8935,  50 negative triangles
234: dt=0.8935,  48 negative triangles
235: dt=0.8935,  49 negative triangles
236: dt=0.8935,  47 negative triangles
237: dt=0.8935,  49 negative triangles
238: dt=0.8935,  48 negative triangles
239: dt=0.8935,  47 negative triangles
240: dt=0.8935,  47 negative triangles
241: dt=0.8488,  47 negative triangles
242: dt=0.8488,  43 negative triangles
243: dt=0.8488,  45 negative triangles
244: dt=0.8488,  46 negative triangles
245: dt=0.8488,  45 negative triangles
246: dt=0.8488,  48 negative triangles
247: dt=0.8488,  46 negative triangles
248: dt=0.8488,  46 negative triangles
249: dt=0.8488,  48 negative triangles
250: dt=0.8488,  47 negative triangles
251: dt=0.8488,  48 negative triangles
252: dt=0.8064,  44 negative triangles
253: dt=0.8064,  46 negative triangles
254: dt=0.8064,  48 negative triangles
255: dt=0.8064,  47 negative triangles
256: dt=0.8064,  45 negative triangles
257: dt=0.8064,  48 negative triangles
258: dt=0.8064,  45 negative triangles
259: dt=0.8064,  46 negative triangles
260: dt=0.8064,  49 negative triangles
261: dt=0.8064,  47 negative triangles
262: dt=0.7660,  48 negative triangles
263: dt=0.7660,  47 negative triangles
264: dt=0.7660,  49 negative triangles
265: dt=0.7660,  45 negative triangles
266: dt=0.7660,  46 negative triangles
267: dt=0.7660,  43 negative triangles
268: dt=0.7660,  46 negative triangles
269: dt=0.7660,  46 negative triangles
270: dt=0.7660,  45 negative triangles
271: dt=0.7660,  47 negative triangles
272: dt=0.7277,  51 negative triangles
273: dt=0.7277,  46 negative triangles
274: dt=0.7277,  45 negative triangles
275: dt=0.7277,  49 negative triangles
276: dt=0.7277,  48 negative triangles
277: dt=0.7277,  46 negative triangles
278: dt=0.7277,  49 negative triangles
279: dt=0.7277,  45 negative triangles
280: dt=0.7277,  48 negative triangles
281: dt=0.7277,  47 negative triangles
282: dt=0.6914,  44 negative triangles
283: dt=0.6914,  49 negative triangles
284: dt=0.6914,  45 negative triangles
285: dt=0.6914,  47 negative triangles
286: dt=0.6914,  48 negative triangles
287: dt=0.6914,  47 negative triangles
288: dt=0.6914,  41 negative triangles
289: dt=0.6914,  49 negative triangles
290: dt=0.6914,  48 negative triangles
291: dt=0.6914,  44 negative triangles
292: dt=0.6914,  45 negative triangles
293: dt=0.6914,  45 negative triangles
294: dt=0.6914,  43 negative triangles
295: dt=0.6914,  41 negative triangles
296: dt=0.6914,  50 negative triangles
297: dt=0.6914,  44 negative triangles
298: dt=0.6568,  45 negative triangles
299: dt=0.6568,  47 negative triangles
300: dt=0.6568,  41 negative triangles
301: dt=0.6568,  44 negative triangles
302: dt=0.6568,  46 negative triangles
303: dt=0.6568,  43 negative triangles
304: dt=0.6568,  43 negative triangles
305: dt=0.6568,  46 negative triangles
306: dt=0.6568,  42 negative triangles
307: dt=0.6568,  46 negative triangles
308: dt=0.6239,  46 negative triangles
309: dt=0.6239,  44 negative triangles
310: dt=0.6239,  43 negative triangles
311: dt=0.6239,  44 negative triangles
312: dt=0.6239,  43 negative triangles
313: dt=0.6239,  44 negative triangles
314: dt=0.6239,  40 negative triangles
315: dt=0.6239,  47 negative triangles
316: dt=0.6239,  43 negative triangles
317: dt=0.6239,  43 negative triangles
318: dt=0.6239,  45 negative triangles
319: dt=0.6239,  44 negative triangles
320: dt=0.6239,  45 negative triangles
321: dt=0.6239,  43 negative triangles
322: dt=0.6239,  44 negative triangles
323: dt=0.6239,  43 negative triangles
324: dt=0.5927,  41 negative triangles
325: dt=0.5927,  43 negative triangles
326: dt=0.5927,  45 negative triangles
327: dt=0.5927,  45 negative triangles
328: dt=0.5927,  41 negative triangles
329: dt=0.5927,  47 negative triangles
330: dt=0.5927,  46 negative triangles
331: dt=0.5927,  42 negative triangles
332: dt=0.5927,  47 negative triangles
333: dt=0.5927,  44 negative triangles
334: dt=0.5631,  41 negative triangles
335: dt=0.5631,  42 negative triangles
336: dt=0.5631,  43 negative triangles
337: dt=0.5631,  46 negative triangles
338: dt=0.5631,  43 negative triangles
339: dt=0.5631,  40 negative triangles
340: dt=0.5631,  46 negative triangles
341: dt=0.5631,  44 negative triangles
342: dt=0.5631,  44 negative triangles
343: dt=0.5631,  49 negative triangles
344: dt=0.5350,  44 negative triangles
345: dt=0.5350,  43 negative triangles
346: dt=0.5350,  46 negative triangles
347: dt=0.5350,  42 negative triangles
348: dt=0.5350,  45 negative triangles
349: dt=0.5350,  43 negative triangles
350: dt=0.5350,  38 negative triangles
351: dt=0.5350,  43 negative triangles
352: dt=0.5350,  45 negative triangles
353: dt=0.5350,  45 negative triangles
354: dt=0.5350,  40 negative triangles
355: dt=0.5350,  37 negative triangles
356: dt=0.5350,  44 negative triangles
357: dt=0.5350,  44 negative triangles
358: dt=0.5350,  43 negative triangles
359: dt=0.5350,  44 negative triangles
360: dt=0.5350,  43 negative triangles
361: dt=0.5350,  39 negative triangles
362: dt=0.5350,  40 negative triangles
363: dt=0.5350,  41 negative triangles
364: dt=0.5350,  40 negative triangles
365: dt=0.5082,  39 negative triangles
366: dt=0.5082,  43 negative triangles
367: dt=0.5082,  40 negative triangles
368: dt=0.5082,  41 negative triangles
369: dt=0.5082,  40 negative triangles
370: dt=0.5082,  41 negative triangles
371: dt=0.5082,  37 negative triangles
372: dt=0.5082,  40 negative triangles
373: dt=0.5082,  38 negative triangles
374: dt=0.5082,  38 negative triangles
375: dt=0.4828,  42 negative triangles
376: dt=0.4828,  39 negative triangles
377: dt=0.4828,  39 negative triangles
378: dt=0.4828,  39 negative triangles
379: dt=0.4828,  40 negative triangles
380: dt=0.4828,  36 negative triangles
381: dt=0.4828,  37 negative triangles
382: dt=0.4828,  41 negative triangles
383: dt=0.4828,  36 negative triangles
384: dt=0.4828,  38 negative triangles
385: dt=0.4828,  41 negative triangles
386: dt=0.4828,  43 negative triangles
387: dt=0.4828,  37 negative triangles
388: dt=0.4828,  44 negative triangles
389: dt=0.4828,  41 negative triangles
390: dt=0.4587,  40 negative triangles
391: dt=0.4587,  43 negative triangles
392: dt=0.4587,  40 negative triangles
393: dt=0.4587,  42 negative triangles
394: dt=0.4587,  41 negative triangles
395: dt=0.4587,  42 negative triangles
396: dt=0.4587,  42 negative triangles
397: dt=0.4587,  40 negative triangles
398: dt=0.4587,  41 negative triangles
399: dt=0.4587,  43 negative triangles
400: dt=0.4357,  39 negative triangles
401: dt=0.4357,  44 negative triangles
402: dt=0.4357,  44 negative triangles
403: dt=0.4357,  41 negative triangles
404: dt=0.4357,  39 negative triangles
405: dt=0.4357,  39 negative triangles
406: dt=0.4357,  40 negative triangles
407: dt=0.4357,  41 negative triangles
408: dt=0.4357,  41 negative triangles
409: dt=0.4357,  38 negative triangles
410: dt=0.4139,  36 negative triangles
411: dt=0.4139,  40 negative triangles
412: dt=0.4139,  44 negative triangles
413: dt=0.4139,  40 negative triangles
414: dt=0.4139,  39 negative triangles
415: dt=0.4139,  38 negative triangles
416: dt=0.4139,  42 negative triangles
417: dt=0.4139,  40 negative triangles
418: dt=0.4139,  40 negative triangles
419: dt=0.4139,  38 negative triangles
420: dt=0.3932,  39 negative triangles
421: dt=0.3932,  40 negative triangles
422: dt=0.3932,  41 negative triangles
423: dt=0.3932,  40 negative triangles
424: dt=0.3932,  35 negative triangles
425: dt=0.3932,  38 negative triangles
426: dt=0.3932,  39 negative triangles
427: dt=0.3932,  41 negative triangles
428: dt=0.3932,  39 negative triangles
429: dt=0.3932,  37 negative triangles
430: dt=0.3932,  35 negative triangles
431: dt=0.3932,  37 negative triangles
432: dt=0.3932,  39 negative triangles
433: dt=0.3932,  37 negative triangles
434: dt=0.3736,  37 negative triangles
435: dt=0.3736,  38 negative triangles
436: dt=0.3736,  39 negative triangles
437: dt=0.3736,  38 negative triangles
438: dt=0.3736,  38 negative triangles
439: dt=0.3736,  39 negative triangles
440: dt=0.3736,  36 negative triangles
441: dt=0.3736,  37 negative triangles
442: dt=0.3736,  39 negative triangles
443: dt=0.3736,  41 negative triangles
444: dt=0.3549,  42 negative triangles
445: dt=0.3549,  35 negative triangles
446: dt=0.3549,  36 negative triangles
447: dt=0.3549,  41 negative triangles
448: dt=0.3549,  40 negative triangles
449: dt=0.3549,  39 negative triangles
450: dt=0.3549,  35 negative triangles
451: dt=0.3549,  36 negative triangles
452: dt=0.3549,  36 negative triangles
453: dt=0.3549,  38 negative triangles
454: dt=0.3372,  40 negative triangles
455: dt=0.3372,  40 negative triangles
456: dt=0.3372,  38 negative triangles
457: dt=0.3372,  37 negative triangles
458: dt=0.3372,  39 negative triangles
459: dt=0.3372,  36 negative triangles
460: dt=0.3372,  34 negative triangles
461: dt=0.3372,  37 negative triangles
462: dt=0.3372,  36 negative triangles
463: dt=0.3372,  41 negative triangles
464: dt=0.3372,  34 negative triangles
465: dt=0.3372,  33 negative triangles
466: dt=0.3372,  35 negative triangles
467: dt=0.3372,  37 negative triangles
468: dt=0.3372,  33 negative triangles
469: dt=0.3372,  34 negative triangles
470: dt=0.3372,  35 negative triangles
471: dt=0.3372,  35 negative triangles
472: dt=0.3372,  31 negative triangles
473: dt=0.3372,  30 negative triangles
474: dt=0.3372,  34 negative triangles
475: dt=0.3372,  34 negative triangles
476: dt=0.3372,  29 negative triangles
477: dt=0.3372,  31 negative triangles
478: dt=0.3372,  38 negative triangles
479: dt=0.3372,  32 negative triangles
480: dt=0.3372,  32 negative triangles
481: dt=0.3372,  34 negative triangles
482: dt=0.3372,  36 negative triangles
483: dt=0.3372,  35 negative triangles
484: dt=0.3372,  34 negative triangles
485: dt=0.3372,  28 negative triangles
486: dt=0.3372,  31 negative triangles
487: dt=0.3372,  30 negative triangles
488: dt=0.3372,  31 negative triangles
489: dt=0.3372,  37 negative triangles
490: dt=0.3372,  35 negative triangles
491: dt=0.3372,  34 negative triangles
492: dt=0.3372,  34 negative triangles
493: dt=0.3372,  36 negative triangles
494: dt=0.3372,  34 negative triangles
495: dt=0.3203,  36 negative triangles
496: dt=0.3203,  36 negative triangles
497: dt=0.3203,  35 negative triangles
498: dt=0.3203,  33 negative triangles
499: dt=0.3203,  35 negative triangles
500: dt=0.3203,  31 negative triangles
501: dt=0.3203,  31 negative triangles
502: dt=0.3203,  33 negative triangles
503: dt=0.3203,  34 negative triangles
504: dt=0.3203,  34 negative triangles
505: dt=0.3043,  30 negative triangles
506: dt=0.3043,  33 negative triangles
507: dt=0.3043,  32 negative triangles
508: dt=0.3043,  32 negative triangles
509: dt=0.3043,  33 negative triangles
510: dt=0.3043,  34 negative triangles
511: dt=0.3043,  32 negative triangles
512: dt=0.3043,  32 negative triangles
513: dt=0.3043,  35 negative triangles
514: dt=0.3043,  32 negative triangles
515: dt=0.2891,  37 negative triangles
516: dt=0.2891,  34 negative triangles
517: dt=0.2891,  33 negative triangles
518: dt=0.2891,  34 negative triangles
519: dt=0.2891,  34 negative triangles
520: dt=0.2891,  34 negative triangles
521: dt=0.2891,  34 negative triangles
522: dt=0.2891,  34 negative triangles
523: dt=0.2891,  32 negative triangles
524: dt=0.2891,  32 negative triangles
525: dt=0.2746,  34 negative triangles
526: dt=0.2746,  38 negative triangles
527: dt=0.2746,  33 negative triangles
528: dt=0.2746,  36 negative triangles
529: dt=0.2746,  36 negative triangles
530: dt=0.2746,  32 negative triangles
531: dt=0.2746,  33 negative triangles
532: dt=0.2746,  33 negative triangles
533: dt=0.2746,  35 negative triangles
534: dt=0.2746,  34 negative triangles
535: dt=0.2609,  36 negative triangles
expanding nbhd size to 1
536: dt=0.9900,  34 negative triangles
537: dt=0.9900,  33 negative triangles
538: dt=0.9900,  32 negative triangles
539: dt=0.9900,  34 negative triangles
540: dt=0.9900,  32 negative triangles
541: dt=0.9900,  30 negative triangles
542: dt=0.9900,  32 negative triangles
543: dt=0.9900,  35 negative triangles
544: dt=0.9900,  33 negative triangles
545: dt=0.9405,  33 negative triangles
546: dt=0.9405,  31 negative triangles
547: dt=0.9405,  33 negative triangles
548: dt=0.9405,  32 negative triangles
549: dt=0.9405,  29 negative triangles
550: dt=0.9405,  30 negative triangles
551: dt=0.9405,  30 negative triangles
552: dt=0.9405,  30 negative triangles
553: dt=0.9405,  30 negative triangles
554: dt=0.9405,  29 negative triangles
555: dt=0.8935,  31 negative triangles
556: dt=0.8935,  31 negative triangles
557: dt=0.8935,  31 negative triangles
558: dt=0.8935,  28 negative triangles
559: dt=0.8935,  31 negative triangles
560: dt=0.8935,  29 negative triangles
561: dt=0.8935,  31 negative triangles
562: dt=0.8935,  31 negative triangles
563: dt=0.8935,  29 negative triangles
564: dt=0.8935,  27 negative triangles
565: dt=0.8935,  28 negative triangles
566: dt=0.8935,  29 negative triangles
567: dt=0.8935,  29 negative triangles
568: dt=0.8935,  28 negative triangles
569: dt=0.8935,  30 negative triangles
570: dt=0.8935,  32 negative triangles
571: dt=0.8935,  33 negative triangles
572: dt=0.8935,  30 negative triangles
573: dt=0.8935,  30 negative triangles
574: dt=0.8488,  30 negative triangles
575: dt=0.8488,  31 negative triangles
576: dt=0.8488,  28 negative triangles
577: dt=0.8488,  28 negative triangles
578: dt=0.8488,  31 negative triangles
579: dt=0.8488,  32 negative triangles
580: dt=0.8488,  28 negative triangles
581: dt=0.8488,  30 negative triangles
582: dt=0.8488,  29 negative triangles
583: dt=0.8488,  33 negative triangles
584: dt=0.8064,  30 negative triangles
585: dt=0.8064,  29 negative triangles
586: dt=0.8064,  30 negative triangles
587: dt=0.8064,  34 negative triangles
588: dt=0.8064,  33 negative triangles
589: dt=0.8064,  31 negative triangles
590: dt=0.8064,  31 negative triangles
591: dt=0.8064,  28 negative triangles
592: dt=0.8064,  28 negative triangles
593: dt=0.8064,  32 negative triangles
594: dt=0.7660,  31 negative triangles
595: dt=0.7660,  33 negative triangles
596: dt=0.7660,  28 negative triangles
597: dt=0.7660,  30 negative triangles
598: dt=0.7660,  29 negative triangles
599: dt=0.7660,  30 negative triangles
600: dt=0.7660,  30 negative triangles
601: dt=0.7660,  32 negative triangles
602: dt=0.7660,  29 negative triangles
603: dt=0.7660,  32 negative triangles
604: dt=0.7277,  33 negative triangles
605: dt=0.7277,  27 negative triangles
606: dt=0.7277,  31 negative triangles
607: dt=0.7277,  32 negative triangles
608: dt=0.7277,  29 negative triangles
609: dt=0.7277,  27 negative triangles
610: dt=0.7277,  31 negative triangles
611: dt=0.7277,  30 negative triangles
612: dt=0.7277,  28 negative triangles
613: dt=0.7277,  30 negative triangles
614: dt=0.6914,  30 negative triangles
615: dt=0.6914,  30 negative triangles
616: dt=0.6914,  32 negative triangles
617: dt=0.6914,  30 negative triangles
618: dt=0.6914,  30 negative triangles
619: dt=0.6914,  28 negative triangles
620: dt=0.6914,  28 negative triangles
621: dt=0.6914,  27 negative triangles
622: dt=0.6914,  31 negative triangles
623: dt=0.6914,  30 negative triangles
624: dt=0.6568,  29 negative triangles
625: dt=0.6568,  28 negative triangles
626: dt=0.6568,  30 negative triangles
627: dt=0.6568,  29 negative triangles
628: dt=0.6568,  29 negative triangles
629: dt=0.6568,  26 negative triangles
630: dt=0.6568,  30 negative triangles
631: dt=0.6568,  31 negative triangles
632: dt=0.6568,  33 negative triangles
633: dt=0.6568,  29 negative triangles
634: dt=0.6568,  32 negative triangles
635: dt=0.6568,  29 negative triangles
636: dt=0.6568,  30 negative triangles
637: dt=0.6568,  30 negative triangles
638: dt=0.6568,  30 negative triangles
639: dt=0.6239,  29 negative triangles
640: dt=0.6239,  28 negative triangles
641: dt=0.6239,  27 negative triangles
642: dt=0.6239,  30 negative triangles
643: dt=0.6239,  30 negative triangles
644: dt=0.6239,  32 negative triangles
645: dt=0.6239,  31 negative triangles
646: dt=0.6239,  31 negative triangles
647: dt=0.6239,  32 negative triangles
648: dt=0.6239,  30 negative triangles
649: dt=0.5927,  30 negative triangles
650: dt=0.5927,  30 negative triangles
651: dt=0.5927,  31 negative triangles
652: dt=0.5927,  32 negative triangles
653: dt=0.5927,  32 negative triangles
654: dt=0.5927,  29 negative triangles
655: dt=0.5927,  31 negative triangles
656: dt=0.5927,  29 negative triangles
657: dt=0.5927,  31 negative triangles
658: dt=0.5927,  29 negative triangles
659: dt=0.5631,  30 negative triangles
660: dt=0.5631,  28 negative triangles
661: dt=0.5631,  28 negative triangles
662: dt=0.5631,  31 negative triangles
663: dt=0.5631,  29 negative triangles
664: dt=0.5631,  33 negative triangles
665: dt=0.5631,  30 negative triangles
666: dt=0.5631,  27 negative triangles
667: dt=0.5631,  32 negative triangles
668: dt=0.5631,  30 negative triangles
669: dt=0.5350,  30 negative triangles
670: dt=0.5350,  27 negative triangles
671: dt=0.5350,  29 negative triangles
672: dt=0.5350,  32 negative triangles
673: dt=0.5350,  29 negative triangles
674: dt=0.5350,  29 negative triangles
675: dt=0.5350,  29 negative triangles
676: dt=0.5350,  30 negative triangles
677: dt=0.5350,  28 negative triangles
678: dt=0.5350,  26 negative triangles
679: dt=0.5082,  26 negative triangles
680: dt=0.5082,  27 negative triangles
681: dt=0.5082,  26 negative triangles
682: dt=0.5082,  29 negative triangles
683: dt=0.5082,  29 negative triangles
684: dt=0.5082,  28 negative triangles
685: dt=0.5082,  29 negative triangles
686: dt=0.5082,  31 negative triangles
687: dt=0.5082,  30 negative triangles
688: dt=0.5082,  26 negative triangles
689: dt=0.4828,  29 negative triangles
690: dt=0.4828,  29 negative triangles
691: dt=0.4828,  23 negative triangles
692: dt=0.4828,  29 negative triangles
693: dt=0.4828,  29 negative triangles
694: dt=0.4828,  32 negative triangles
695: dt=0.4828,  29 negative triangles
696: dt=0.4828,  29 negative triangles
697: dt=0.4828,  32 negative triangles
698: dt=0.4828,  33 negative triangles
699: dt=0.4828,  30 negative triangles
700: dt=0.4828,  29 negative triangles
701: dt=0.4587,  29 negative triangles
702: dt=0.4587,  30 negative triangles
703: dt=0.4587,  29 negative triangles
704: dt=0.4587,  29 negative triangles
705: dt=0.4587,  30 negative triangles
706: dt=0.4587,  29 negative triangles
707: dt=0.4587,  28 negative triangles
708: dt=0.4587,  29 negative triangles
709: dt=0.4587,  28 negative triangles
710: dt=0.4587,  28 negative triangles
711: dt=0.4357,  32 negative triangles
712: dt=0.4357,  28 negative triangles
713: dt=0.4357,  30 negative triangles
714: dt=0.4357,  29 negative triangles
715: dt=0.4357,  29 negative triangles
716: dt=0.4357,  28 negative triangles
717: dt=0.4357,  30 negative triangles
718: dt=0.4357,  27 negative triangles
719: dt=0.4357,  29 negative triangles
720: dt=0.4357,  30 negative triangles
721: dt=0.4139,  31 negative triangles
722: dt=0.4139,  27 negative triangles
723: dt=0.4139,  31 negative triangles
724: dt=0.4139,  29 negative triangles
725: dt=0.4139,  30 negative triangles
726: dt=0.4139,  30 negative triangles
727: dt=0.4139,  29 negative triangles
728: dt=0.4139,  30 negative triangles
729: dt=0.4139,  28 negative triangles
730: dt=0.4139,  30 negative triangles
731: dt=0.3932,  31 negative triangles
732: dt=0.3932,  32 negative triangles
733: dt=0.3932,  28 negative triangles
734: dt=0.3932,  29 negative triangles
735: dt=0.3932,  30 negative triangles
736: dt=0.3932,  32 negative triangles
737: dt=0.3932,  32 negative triangles
738: dt=0.3932,  32 negative triangles
739: dt=0.3932,  30 negative triangles
740: dt=0.3932,  27 negative triangles
741: dt=0.3736,  30 negative triangles
742: dt=0.3736,  29 negative triangles
743: dt=0.3736,  32 negative triangles
744: dt=0.3736,  29 negative triangles
745: dt=0.3736,  27 negative triangles
746: dt=0.3736,  30 negative triangles
747: dt=0.3736,  30 negative triangles
748: dt=0.3736,  29 negative triangles
749: dt=0.3736,  28 negative triangles
750: dt=0.3736,  32 negative triangles
751: dt=0.3549,  29 negative triangles
752: dt=0.3549,  28 negative triangles
753: dt=0.3549,  29 negative triangles
754: dt=0.3549,  30 negative triangles
755: dt=0.3549,  26 negative triangles
756: dt=0.3549,  31 negative triangles
757: dt=0.3549,  32 negative triangles
758: dt=0.3549,  31 negative triangles
759: dt=0.3549,  28 negative triangles
760: dt=0.3549,  31 negative triangles
761: dt=0.3372,  28 negative triangles
762: dt=0.3372,  27 negative triangles
763: dt=0.3372,  25 negative triangles
764: dt=0.3372,  28 negative triangles
765: dt=0.3372,  27 negative triangles
766: dt=0.3372,  27 negative triangles
767: dt=0.3372,  25 negative triangles
768: dt=0.3372,  30 negative triangles
769: dt=0.3372,  29 negative triangles
770: dt=0.3372,  32 negative triangles
771: dt=0.3203,  30 negative triangles
772: dt=0.3203,  30 negative triangles
773: dt=0.3203,  33 negative triangles
774: dt=0.3203,  28 negative triangles
775: dt=0.3203,  32 negative triangles
776: dt=0.3203,  31 negative triangles
777: dt=0.3203,  29 negative triangles
778: dt=0.3203,  31 negative triangles
779: dt=0.3203,  28 negative triangles
780: dt=0.3203,  30 negative triangles
781: dt=0.3043,  32 negative triangles
782: dt=0.3043,  33 negative triangles
783: dt=0.3043,  31 negative triangles
784: dt=0.3043,  30 negative triangles
785: dt=0.3043,  32 negative triangles
786: dt=0.3043,  32 negative triangles
787: dt=0.3043,  32 negative triangles
788: dt=0.3043,  31 negative triangles
789: dt=0.3043,  30 negative triangles
790: dt=0.3043,  31 negative triangles
791: dt=0.2891,  32 negative triangles
792: dt=0.2891,  31 negative triangles
793: dt=0.2891,  27 negative triangles
794: dt=0.2891,  30 negative triangles
795: dt=0.2891,  29 negative triangles
796: dt=0.2891,  30 negative triangles
797: dt=0.2891,  31 negative triangles
798: dt=0.2891,  29 negative triangles
799: dt=0.2891,  29 negative triangles
800: dt=0.2891,  32 negative triangles
801: dt=0.2746,  33 negative triangles
802: dt=0.2746,  30 negative triangles
803: dt=0.2746,  32 negative triangles
804: dt=0.2746,  28 negative triangles
805: dt=0.2746,  30 negative triangles
806: dt=0.2746,  28 negative triangles
807: dt=0.2746,  27 negative triangles
808: dt=0.2746,  28 negative triangles
809: dt=0.2746,  31 negative triangles
810: dt=0.2746,  32 negative triangles
811: dt=0.2609,  28 negative triangles
812: dt=0.2609,  27 negative triangles
813: dt=0.2609,  29 negative triangles
814: dt=0.2609,  29 negative triangles
815: dt=0.2609,  30 negative triangles
816: dt=0.2609,  33 negative triangles
817: dt=0.2609,  28 negative triangles
818: dt=0.2609,  32 negative triangles
819: dt=0.2609,  30 negative triangles
820: dt=0.2609,  30 negative triangles
821: dt=0.2478,  29 negative triangles
822: dt=0.2478,  28 negative triangles
823: dt=0.2478,  28 negative triangles
824: dt=0.2478,  31 negative triangles
825: dt=0.2478,  31 negative triangles
826: dt=0.2478,  29 negative triangles
827: dt=0.2478,  29 negative triangles
828: dt=0.2478,  29 negative triangles
829: dt=0.2478,  29 negative triangles
830: dt=0.2478,  29 negative triangles
831: dt=0.2354,  30 negative triangles
832: dt=0.2354,  32 negative triangles
833: dt=0.2354,  30 negative triangles
834: dt=0.2354,  30 negative triangles
835: dt=0.2354,  30 negative triangles
836: dt=0.2354,  33 negative triangles
837: dt=0.2354,  30 negative triangles
838: dt=0.2354,  30 negative triangles
839: dt=0.2354,  29 negative triangles
840: dt=0.2354,  30 negative triangles
841: dt=0.2237,  30 negative triangles
842: dt=0.2237,  33 negative triangles
843: dt=0.2237,  30 negative triangles
844: dt=0.2237,  29 negative triangles
845: dt=0.2237,  30 negative triangles
846: dt=0.2237,  28 negative triangles
847: dt=0.2237,  29 negative triangles
848: dt=0.2237,  31 negative triangles
849: dt=0.2237,  29 negative triangles
850: dt=0.2237,  30 negative triangles
851: dt=0.2125,  26 negative triangles
852: dt=0.2125,  29 negative triangles
853: dt=0.2125,  28 negative triangles
854: dt=0.2125,  27 negative triangles
855: dt=0.2125,  27 negative triangles
856: dt=0.2125,  28 negative triangles
857: dt=0.2125,  29 negative triangles
858: dt=0.2125,  28 negative triangles
859: dt=0.2125,  29 negative triangles
860: dt=0.2125,  29 negative triangles
861: dt=0.2019,  28 negative triangles
862: dt=0.2019,  32 negative triangles
863: dt=0.2019,  31 negative triangles
864: dt=0.2019,  30 negative triangles
865: dt=0.2019,  32 negative triangles
866: dt=0.2019,  29 negative triangles
867: dt=0.2019,  27 negative triangles
868: dt=0.2019,  29 negative triangles
869: dt=0.2019,  25 negative triangles
870: dt=0.2019,  31 negative triangles
871: dt=0.1918,  30 negative triangles
872: dt=0.1918,  28 negative triangles
873: dt=0.1918,  27 negative triangles
874: dt=0.1918,  28 negative triangles
875: dt=0.1918,  29 negative triangles
876: dt=0.1918,  28 negative triangles
877: dt=0.1918,  27 negative triangles
878: dt=0.1918,  28 negative triangles
879: dt=0.1918,  27 negative triangles
880: dt=0.1918,  30 negative triangles
881: dt=0.1822,  31 negative triangles
882: dt=0.1822,  30 negative triangles
883: dt=0.1822,  31 negative triangles
884: dt=0.1822,  28 negative triangles
885: dt=0.1822,  30 negative triangles
886: dt=0.1822,  30 negative triangles
887: dt=0.1822,  33 negative triangles
888: dt=0.1822,  32 negative triangles
889: dt=0.1822,  32 negative triangles
890: dt=0.1822,  27 negative triangles
891: dt=0.1731,  29 negative triangles
892: dt=0.1731,  29 negative triangles
893: dt=0.1731,  32 negative triangles
894: dt=0.1731,  29 negative triangles
895: dt=0.1731,  29 negative triangles
896: dt=0.1731,  29 negative triangles
897: dt=0.1731,  30 negative triangles
898: dt=0.1731,  28 negative triangles
899: dt=0.1731,  28 negative triangles
900: dt=0.1731,  30 negative triangles
901: dt=0.1644,  31 negative triangles
902: dt=0.1644,  30 negative triangles
903: dt=0.1644,  31 negative triangles
904: dt=0.1644,  31 negative triangles
905: dt=0.1644,  31 negative triangles
906: dt=0.1644,  29 negative triangles
907: dt=0.1644,  26 negative triangles
908: dt=0.1644,  27 negative triangles
909: dt=0.1644,  26 negative triangles
910: dt=0.1644,  28 negative triangles
911: dt=0.1562,  28 negative triangles
912: dt=0.1562,  29 negative triangles
913: dt=0.1562,  31 negative triangles
914: dt=0.1562,  30 negative triangles
915: dt=0.1562,  30 negative triangles
916: dt=0.1562,  31 negative triangles
917: dt=0.1562,  28 negative triangles
918: dt=0.1562,  29 negative triangles
919: dt=0.1562,  27 negative triangles
920: dt=0.1562,  27 negative triangles
921: dt=0.1484,  29 negative triangles
922: dt=0.1484,  29 negative triangles
923: dt=0.1484,  29 negative triangles
924: dt=0.1484,  31 negative triangles
925: dt=0.1484,  31 negative triangles
926: dt=0.1484,  31 negative triangles
927: dt=0.1484,  31 negative triangles
928: dt=0.1484,  30 negative triangles
929: dt=0.1484,  29 negative triangles
930: dt=0.1484,  30 negative triangles
931: dt=0.1410,  32 negative triangles
932: dt=0.1410,  30 negative triangles
933: dt=0.1410,  30 negative triangles
934: dt=0.1410,  31 negative triangles
935: dt=0.1410,  30 negative triangles
936: dt=0.1410,  30 negative triangles
937: dt=0.1410,  28 negative triangles
938: dt=0.1410,  27 negative triangles
939: dt=0.1410,  26 negative triangles
940: dt=0.1410,  29 negative triangles
941: dt=0.1339,  27 negative triangles
942: dt=0.1339,  27 negative triangles
943: dt=0.1339,  25 negative triangles
944: dt=0.1339,  29 negative triangles
945: dt=0.1339,  29 negative triangles
946: dt=0.1339,  28 negative triangles
947: dt=0.1339,  28 negative triangles
948: dt=0.1339,  28 negative triangles
949: dt=0.1339,  31 negative triangles
950: dt=0.1339,  31 negative triangles
951: dt=0.1272,  32 negative triangles
952: dt=0.1272,  31 negative triangles
953: dt=0.1272,  28 negative triangles
954: dt=0.1272,  27 negative triangles
955: dt=0.1272,  29 negative triangles
956: dt=0.1272,  28 negative triangles
957: dt=0.1272,  27 negative triangles
958: dt=0.1272,  30 negative triangles
959: dt=0.1272,  25 negative triangles
960: dt=0.1272,  30 negative triangles
961: dt=0.1209,  30 negative triangles
962: dt=0.1209,  29 negative triangles
963: dt=0.1209,  30 negative triangles
964: dt=0.1209,  30 negative triangles
965: dt=0.1209,  27 negative triangles
966: dt=0.1209,  26 negative triangles
967: dt=0.1209,  26 negative triangles
968: dt=0.1209,  27 negative triangles
969: dt=0.1209,  28 negative triangles
970: dt=0.1209,  26 negative triangles
971: dt=0.1148,  29 negative triangles
972: dt=0.1148,  30 negative triangles
973: dt=0.1148,  31 negative triangles
974: dt=0.1148,  31 negative triangles
975: dt=0.1148,  30 negative triangles
976: dt=0.1148,  29 negative triangles
977: dt=0.1148,  27 negative triangles
978: dt=0.1148,  28 negative triangles
979: dt=0.1148,  27 negative triangles
980: dt=0.1148,  28 negative triangles
981: dt=0.1091,  28 negative triangles
982: dt=0.1091,  28 negative triangles
983: dt=0.1091,  26 negative triangles
984: dt=0.1091,  27 negative triangles
985: dt=0.1091,  26 negative triangles
986: dt=0.1091,  28 negative triangles
987: dt=0.1091,  27 negative triangles
988: dt=0.1091,  28 negative triangles
989: dt=0.1091,  26 negative triangles
990: dt=0.1091,  28 negative triangles
991: dt=0.1036,  30 negative triangles
992: dt=0.1036,  32 negative triangles
993: dt=0.1036,  30 negative triangles
994: dt=0.1036,  30 negative triangles
995: dt=0.1036,  28 negative triangles
996: dt=0.1036,  32 negative triangles
997: dt=0.1036,  30 negative triangles
998: dt=0.1036,  31 negative triangles
999: dt=0.1036,  28 negative triangles
1000: dt=0.1036,  28 negative triangles
1001: dt=0.0984,  27 negative triangles
1002: dt=0.0984,  29 negative triangles
1003: dt=0.0984,  28 negative triangles
1004: dt=0.0984,  29 negative triangles
1005: dt=0.0984,  29 negative triangles
1006: dt=0.0984,  28 negative triangles
1007: dt=0.0984,  27 negative triangles
1008: dt=0.0984,  28 negative triangles
1009: dt=0.0984,  31 negative triangles
1010: dt=0.0984,  29 negative triangles
1011: dt=0.0935,  31 negative triangles
1012: dt=0.0935,  29 negative triangles
1013: dt=0.0935,  29 negative triangles
1014: dt=0.0935,  30 negative triangles
1015: dt=0.0935,  31 negative triangles
1016: dt=0.0935,  30 negative triangles
1017: dt=0.0935,  28 negative triangles
1018: dt=0.0935,  28 negative triangles
1019: dt=0.0935,  29 negative triangles
1020: dt=0.0935,  30 negative triangles
1021: dt=0.0888,  28 negative triangles
1022: dt=0.0888,  28 negative triangles
1023: dt=0.0888,  28 negative triangles
1024: dt=0.0888,  29 negative triangles
1025: dt=0.0888,  29 negative triangles
1026: dt=0.0888,  29 negative triangles
1027: dt=0.0888,  30 negative triangles
1028: dt=0.0888,  29 negative triangles
1029: dt=0.0888,  28 negative triangles
1030: dt=0.0888,  29 negative triangles
1031: dt=0.0844,  27 negative triangles
1032: dt=0.0844,  26 negative triangles
1033: dt=0.0844,  26 negative triangles
1034: dt=0.0844,  26 negative triangles
1035: dt=0.0844,  28 negative triangles
1036: dt=0.0844,  29 negative triangles
1037: dt=0.0844,  28 negative triangles
1038: dt=0.0844,  29 negative triangles
1039: dt=0.0844,  31 negative triangles
1040: dt=0.0844,  31 negative triangles
1041: dt=0.0802,  30 negative triangles
1042: dt=0.0802,  32 negative triangles
1043: dt=0.0802,  32 negative triangles
1044: dt=0.0802,  30 negative triangles
1045: dt=0.0802,  31 negative triangles
1046: dt=0.0802,  30 negative triangles
1047: dt=0.0802,  30 negative triangles
1048: dt=0.0802,  30 negative triangles
1049: dt=0.0802,  32 negative triangles
1050: dt=0.0802,  30 negative triangles
1051: dt=0.0762,  31 negative triangles
1052: dt=0.0762,  31 negative triangles
1053: dt=0.0762,  30 negative triangles
1054: dt=0.0762,  28 negative triangles
1055: dt=0.0762,  30 negative triangles
1056: dt=0.0762,  29 negative triangles
1057: dt=0.0762,  27 negative triangles
1058: dt=0.0762,  28 negative triangles
1059: dt=0.0762,  28 negative triangles
1060: dt=0.0762,  27 negative triangles
1061: dt=0.0724,  27 negative triangles
1062: dt=0.0724,  27 negative triangles
1063: dt=0.0724,  28 negative triangles
1064: dt=0.0724,  28 negative triangles
1065: dt=0.0724,  29 negative triangles
1066: dt=0.0724,  27 negative triangles
1067: dt=0.0724,  26 negative triangles
1068: dt=0.0724,  27 negative triangles
1069: dt=0.0724,  26 negative triangles
1070: dt=0.0724,  27 negative triangles
1071: dt=0.0687,  29 negative triangles
1072: dt=0.0687,  29 negative triangles
1073: dt=0.0687,  28 negative triangles
1074: dt=0.0687,  28 negative triangles
1075: dt=0.0687,  27 negative triangles
1076: dt=0.0687,  30 negative triangles
1077: dt=0.0687,  29 negative triangles
1078: dt=0.0687,  29 negative triangles
1079: dt=0.0687,  27 negative triangles
1080: dt=0.0687,  28 negative triangles
1081: dt=0.0653,  29 negative triangles
1082: dt=0.0653,  29 negative triangles
1083: dt=0.0653,  29 negative triangles
1084: dt=0.0653,  26 negative triangles
1085: dt=0.0653,  29 negative triangles
1086: dt=0.0653,  28 negative triangles
1087: dt=0.0653,  27 negative triangles
1088: dt=0.0653,  28 negative triangles
1089: dt=0.0653,  27 negative triangles
1090: dt=0.0653,  28 negative triangles
1091: dt=0.0620,  28 negative triangles
1092: dt=0.0620,  28 negative triangles
1093: dt=0.0620,  30 negative triangles
1094: dt=0.0620,  28 negative triangles
1095: dt=0.0620,  28 negative triangles
1096: dt=0.0620,  26 negative triangles
1097: dt=0.0620,  27 negative triangles
1098: dt=0.0620,  27 negative triangles
1099: dt=0.0620,  26 negative triangles
1100: dt=0.0620,  26 negative triangles
1101: dt=0.0589,  28 negative triangles
1102: dt=0.0589,  26 negative triangles
1103: dt=0.0589,  27 negative triangles
1104: dt=0.0589,  29 negative triangles
1105: dt=0.0589,  28 negative triangles
1106: dt=0.0589,  28 negative triangles
1107: dt=0.0589,  26 negative triangles
1108: dt=0.0589,  28 negative triangles
1109: dt=0.0589,  27 negative triangles
1110: dt=0.0589,  25 negative triangles
1111: dt=0.0560,  26 negative triangles
1112: dt=0.0560,  28 negative triangles
1113: dt=0.0560,  29 negative triangles
1114: dt=0.0560,  30 negative triangles
1115: dt=0.0560,  29 negative triangles
1116: dt=0.0560,  29 negative triangles
1117: dt=0.0560,  30 negative triangles
1118: dt=0.0560,  29 negative triangles
1119: dt=0.0560,  28 negative triangles
1120: dt=0.0560,  29 negative triangles
1121: dt=0.0532,  28 negative triangles
1122: dt=0.0532,  29 negative triangles
1123: dt=0.0532,  28 negative triangles
1124: dt=0.0532,  30 negative triangles
1125: dt=0.0532,  28 negative triangles
1126: dt=0.0532,  27 negative triangles
1127: dt=0.0532,  27 negative triangles
1128: dt=0.0532,  26 negative triangles
1129: dt=0.0532,  25 negative triangles
1130: dt=0.0532,  25 negative triangles
1131: dt=0.0505,  27 negative triangles
1132: dt=0.0505,  25 negative triangles
1133: dt=0.0505,  26 negative triangles
1134: dt=0.0505,  27 negative triangles
1135: dt=0.0505,  27 negative triangles
1136: dt=0.0505,  28 negative triangles
1137: dt=0.0505,  27 negative triangles
1138: dt=0.0505,  29 negative triangles
1139: dt=0.0505,  28 negative triangles
1140: dt=0.0505,  27 negative triangles
1141: dt=0.0480,  28 negative triangles
1142: dt=0.0480,  27 negative triangles
1143: dt=0.0480,  26 negative triangles
1144: dt=0.0480,  28 negative triangles
1145: dt=0.0480,  28 negative triangles
1146: dt=0.0480,  28 negative triangles
1147: dt=0.0480,  27 negative triangles
1148: dt=0.0480,  28 negative triangles
1149: dt=0.0480,  27 negative triangles
writing registered surface to ../surf/lh.sphere.reg...
1150: dt=0.0480,  28 negative triangles
1151: 29 negative triangles
registration took 0.15 hours
#VMPC# mris_register VmPeak  2133272
FSRUNTIME@ mris_register  0.1535 hours 16 threads

 ln -sf lh.sphere.reg lh.fsaverage.sphere.reg 

#--------------------------------------------
#@# Jacobian white lh Tue Mar 10 12:54:37 CET 2026
/out/sourcedata/freesurfer/sub-v1s8x0051332_ses-1/scripts

 mris_jacobian ../surf/lh.white.preaparc ../surf/lh.sphere.reg ../surf/lh.jacobian_white 

reading surface from ../surf/lh.white.preaparc...
writing curvature file ../surf/lh.jacobian_white
#--------------------------------------------
#@# AvgCurv lh Tue Mar 10 12:54:38 CET 2026
/out/sourcedata/freesurfer/sub-v1s8x0051332_ses-1/scripts

 mrisp_paint -a 5 /opt/freesurfer/average/lh.folding.atlas.acfb40.noaparc.i12.2016-08-02.tif#6 ../surf/lh.sphere.reg ../surf/lh.avg_curv 

averaging curvature patterns 5 times...
reading surface from ../surf/lh.sphere.reg...
reading template parameterization from /opt/freesurfer/average/lh.folding.atlas.acfb40.noaparc.i12.2016-08-02.tif...
writing curvature file to ../surf/lh.avg_curv...
#-----------------------------------------
#@# Cortical Parc lh Tue Mar 10 12:54:39 CET 2026
/out/sourcedata/freesurfer/sub-v1s8x0051332_ses-1/scripts

 mris_ca_label -l ../label/lh.cortex.label -aseg ../mri/aseg.presurf.mgz -seed 1234 sub-v1s8x0051332_ses-1 lh ../surf/lh.sphere.reg /opt/freesurfer/average/lh.DKaparc.atlas.acfb40.noaparc.i12.2016-08-02.gcs ../label/lh.aparc.annot 

setting seed for random number generator to 1234
using ../mri/aseg.presurf.mgz aseg volume to correct midline
7.3.2
  7.3.2
reading atlas from /opt/freesurfer/average/lh.DKaparc.atlas.acfb40.noaparc.i12.2016-08-02.gcs...
reading color table from GCSA file....
average std = 0.8   using min determinant for regularization = 0.006
0 singular and 342 ill-conditioned covariance matrices regularized
input 0: MEAN CURVATURE, flags 0, avgs 5, name mean_curvature
labeling surface...
2141 labels changed using aseg
relabeling using gibbs priors...
000:   3996 changed, 185561 examined...
001:    962 changed, 16807 examined...
002:    226 changed, 5367 examined...
003:     92 changed, 1390 examined...
004:     39 changed, 557 examined...
005:     17 changed, 256 examined...
006:      4 changed, 108 examined...
007:      4 changed, 28 examined...
008:      4 changed, 22 examined...
009:      2 changed, 21 examined...
010:      0 changed, 12 examined...
297 labels changed using aseg
000: 148 total segments, 103 labels (434 vertices) changed
001: 45 total segments, 7 labels (41 vertices) changed
002: 38 total segments, 0 labels (0 vertices) changed
10 filter iterations complete (10 requested, 9 changed)
rationalizing unknown annotations with cortex label
relabeling unknown label...
relabeling corpuscallosum label...
2740 vertices marked for relabeling...
2740 labels changed in reclassification.
writing output to ../label/lh.aparc.annot...
classification took 0 minutes and 12 seconds.
#--------------------------------------------
#@# WhiteSurfs lh Tue Mar 10 12:54:52 CET 2026
cd /out/sourcedata/freesurfer/sub-v1s8x0051332_ses-1/mri
mris_place_surface --adgws-in ../surf/autodet.gw.stats.lh.dat --seg aseg.presurf.mgz --threads 16 --wm wm.mgz --invol brain.finalsurfs.mgz --lh --i ../surf/lh.white.preaparc --o ../surf/lh.white --white --nsmooth 0 --rip-label ../label/lh.cortex.label --rip-bg --rip-surf ../surf/lh.white.preaparc --aparc ../label/lh.aparc.annot
7.3.2
7.3.2

cd /out/sourcedata/freesurfer/sub-v1s8x0051332_ses-1/mri
setenv SUBJECTS_DIR /out/sourcedata/freesurfer
mris_place_surface --adgws-in ../surf/autodet.gw.stats.lh.dat --seg aseg.presurf.mgz --threads 16 --wm wm.mgz --invol brain.finalsurfs.mgz --lh --i ../surf/lh.white.preaparc --o ../surf/lh.white --white --nsmooth 0 --rip-label ../label/lh.cortex.label --rip-bg --rip-surf ../surf/lh.white.preaparc --aparc ../label/lh.aparc.annot 

Reading in input surface ../surf/lh.white.preaparc
Not smoothing input surface
removing intersecting faces
000: 98 intersecting
step 1 with no progress (num=111, old_num=98)
001: 111 intersecting
002: 108 intersecting
003: 106 intersecting
004: 98 intersecting
step 1 with no progress (num=101, old_num=98)
005: 101 intersecting
step 2 with no progress (num=103, old_num=101)
006: 103 intersecting
007: 102 intersecting
008: 99 intersecting
step 1 with no progress (num=109, old_num=99)
009: 109 intersecting
010: 98 intersecting
step 1 with no progress (num=104, old_num=98)
011: 104 intersecting
012: 98 intersecting
step 1 with no progress (num=107, old_num=98)
013: 107 intersecting
014: 99 intersecting
step 1 with no progress (num=105, old_num=99)
015: 105 intersecting
016: 98 intersecting
step 1 with no progress (num=103, old_num=98)
017: 103 intersecting
018: 98 intersecting
step 1 with no progress (num=109, old_num=98)
019: 109 intersecting
020: 107 intersecting
021: 101 intersecting
step 1 with no progress (num=102, old_num=101)
022: 102 intersecting
step 2 with no progress (num=105, old_num=102)
023: 105 intersecting
step 3 with no progress (num=113, old_num=105)
024: 113 intersecting
step 4 with no progress (num=122, old_num=113)
025: 122 intersecting
026: 120 intersecting
step 1 with no progress (num=120, old_num=120)
027: 120 intersecting
step 2 with no progress (num=120, old_num=120)
028: 120 intersecting
step 3 with no progress (num=121, old_num=120)
029: 121 intersecting
030: 120 intersecting
step 1 with no progress (num=120, old_num=120)
031: 120 intersecting
step 2 with no progress (num=120, old_num=120)
032: 120 intersecting
step 3 with no progress (num=120, old_num=120)
033: 120 intersecting
step 4 with no progress (num=120, old_num=120)
034: 120 intersecting
step 5 with no progress (num=120, old_num=120)
035: 120 intersecting
step 6 with no progress (num=120, old_num=120)
036: 120 intersecting
step 7 with no progress (num=120, old_num=120)
037: 120 intersecting
step 8 with no progress (num=120, old_num=120)
038: 120 intersecting
step 9 with no progress (num=120, old_num=120)
039: 120 intersecting
step 10 with no progress (num=120, old_num=120)
040: 120 intersecting
step 11 with no progress (num=120, old_num=120)
041: 120 intersecting
step 12 with no progress (num=120, old_num=120)
042: 120 intersecting
step 13 with no progress (num=120, old_num=120)
043: 120 intersecting
step 14 with no progress (num=120, old_num=120)
044: 120 intersecting
step 15 with no progress (num=120, old_num=120)
045: 120 intersecting
step 16 with no progress (num=120, old_num=120)
terminating search with 98 intersecting
Area    371118  0.33606  0.14531 0.000000   2.9584
Corner 1113354 60.00000 17.28804 0.006137 179.9478
Edge    556677  0.89656  0.23334 0.000114   3.7446
Hinge   556677 12.14105 15.13219 0.000000 179.9917
Reading in aparc ../label/lh.aparc.annot
Reading in input volume brain.finalsurfs.mgz
Reading in wm volume wm.mgz
MRIclipBrightWM(): nthresh=29710, wmmin=5, clip=110 
MRIfindBrightNonWM(): 561 bright non-wm voxels segmented.
Masking bright non-wm for white surface
MRImask(): AllowDiffGeom = 1
MRImask(): AllowDiffGeom = 1
Reading in seg volume aseg.presurf.mgz
Ripping frozen voxels
Ripping vertices not in label ../label/lh.cortex.label
MRISripNotLabel() ripped 8428/185561 vertices (177133 unripped)
Reading in ripping surface ../surf/lh.white.preaparc
Reading in aparc ../label/lh.aparc.annot for ripsurf
Ripping BG
MRISripBasalGanglia(): 1 -2 2 0.5 ripped 196
Ripping segs (eg, WMSA, BG, frozen)
Starting MRISripSegs() d = (-2 2 0.5) segnos: 247 
MRISripSegs(): -2 2 0.5 ripped 0
vertex 92781: xyz = (-40.0733,11.86,15.3328) oxyz = (-40.0733,11.86,15.3328) wxzy = (-40.0733,11.86,15.3328) pxyz = (0,0,0) 
CBVO Creating mask 185561
n_averages 4
Iteration 0 =========================================
n_averages=4, current_sigma=2
Computing target border values 
Entering MRIScomputeBorderValues_new(): 
  inside_hi   = 120.0000000;
  border_hi   = 103.4337460;
  border_low  =  89.0000000;
  outside_low =  76.5641250;
  outside_hi  = 103.4337460;
  sigma = 2;
  max_thickness = 10;
  step_size=0.5;
  STEP_SIZE=0.1;
  which = 1
  thresh = 0
  flags = 0
  CBVfindFirstPeakD1=0
  CBVfindFirstPeakD2=0
  nvertices=185561
  Gdiag_no=-1
  vno start=0, stop=185561
Replacing 255s with 0s
#SI# sigma=2 had to be increased for 617 vertices, nripped=8624
mean border=95.4, 961 (961) missing vertices, mean dist 0.4 [0.6 (%28.4)->0.8 (%71.6))]
%56 local maxima, %37 large gradients and % 2 min vals, 0 gradients ignored
nFirstPeakD1 0
MRIScomputeBorderValues_new() finished in 0.0128 min


Finding expansion regions
mean absolute distance = 0.74 +- 0.86
5907 vertices more than 2 sigmas from mean.
Averaging target values for 5 iterations...
Positioning Surface: tspring = 0.3, nspring = 0.3, spring = 0, niters = 100 l_repulse = 5, l_surf_repulse = 0, checktol = 0
Positioning pial surface
Entering MRISpositionSurface()
  max_mm = 0.3
  MAX_REDUCTIONS = 2, REDUCTION_PCT = 0.5
  parms->check_tol = 0, niterations = 100
tol=1.0e-04, sigma=2.0, host=dna06, nav=4, nbrs=2, l_repulse=5.000, l_tspring=0.300, l_nspring=0.300, l_intensity=0.200, l_curv=1.000
mom=0.00, dt=0.50
complete_dist_mat 0
rms 0
smooth_averages 0
remove_neg 0
ico_order 0
which_surface 0
target_radius 0.000000
nfields 0
scale 0.000000
desired_rms_height 0.000000
momentum 0.000000
nbhd_size 0
max_nbrs 0
niterations 100
nsurfaces 0
SURFACES 3
flags 0 (0)
use curv 0
no sulc 0
no rigid align 0
mris->nsize 2
mris->hemisphere 0
randomSeed 0

000: dt: 0.0000, sse=7060346.5, rms=3.887
001: dt: 0.5000, sse=6690175.5, rms=2.806 (27.799%)
002: dt: 0.5000, sse=6659850.5, rms=2.348 (16.351%)
003: dt: 0.5000, sse=5888125.0, rms=2.112 (10.027%)
rms = 2.0200/2.1121, sse=6636869.4/5888125.0, time step reduction 1 of 3 to 0.250  0 1 0
004: dt: 0.5000, sse=6636869.5, rms=2.020 (4.361%)
005: dt: 0.2500, sse=6587496.0, rms=1.747 (13.530%)
006: dt: 0.2500, sse=6571214.5, rms=1.664 (4.729%)
rms = 1.6372/1.6641, sse=2980002.4/6571214.4, time step reduction 2 of 3 to 0.125  0 0 1
007: dt: 0.2500, sse=2980002.5, rms=1.637 (1.619%)
008: dt: 0.1250, sse=2219430.2, rms=1.568 (4.248%)
rms = 1.5432/1.5676, sse=3507240.2/2219430.2, time step reduction 3 of 3 to 0.062  0 1 1
009: dt: 0.1250, sse=3507240.2, rms=1.543 (1.555%)
  maximum number of reductions reached, breaking from loop
positioning took 1.0 minutes
Iteration 1 =========================================
n_averages=2, current_sigma=1
Computing target border values 
Entering MRIScomputeBorderValues_new(): 
  inside_hi   = 120.0000000;
  border_hi   = 103.4337460;
  border_low  =  89.0000000;
  outside_low =  76.5641250;
  outside_hi  = 103.4337460;
  sigma = 1;
  max_thickness = 10;
  step_size=0.5;
  STEP_SIZE=0.1;
  which = 1
  thresh = 0
  flags = 0
  CBVfindFirstPeakD1=0
  CBVfindFirstPeakD2=0
  nvertices=185561
  Gdiag_no=-1
  vno start=0, stop=185561
Replacing 255s with 0s
#SI# sigma=1 had to be increased for 604 vertices, nripped=8624
mean border=96.4, 674 (376) missing vertices, mean dist -0.3 [0.7 (%60.0)->0.4 (%40.0))]
%63 local maxima, %30 large gradients and % 2 min vals, 0 gradients ignored
nFirstPeakD1 0
MRIScomputeBorderValues_new() finished in 0.0100 min


Finding expansion regions
mean absolute distance = 0.54 +- 0.71
7805 vertices more than 2 sigmas from mean.
Averaging target values for 5 iterations...
Positioning Surface: tspring = 0.3, nspring = 0.3, spring = 0, niters = 100 l_repulse = 5, l_surf_repulse = 0, checktol = 0
Positioning pial surface
Entering MRISpositionSurface()
  max_mm = 0.3
  MAX_REDUCTIONS = 2, REDUCTION_PCT = 0.5
  parms->check_tol = 0, niterations = 100
tol=1.0e-04, sigma=1.0, host=dna06, nav=2, nbrs=2, l_repulse=5.000, l_tspring=0.300, l_nspring=0.300, l_intensity=0.200, l_curv=1.000
mom=0.00, dt=0.50
000: dt: 0.0000, sse=3666358.5, rms=2.580
010: dt: 0.5000, sse=2621590.8, rms=2.041 (20.888%)
011: dt: 0.5000, sse=2458805.2, rms=1.955 (4.217%)
rms = 1.8515/1.9551, sse=3344776.6/2458805.2, time step reduction 1 of 3 to 0.250  0 1 0
012: dt: 0.5000, sse=3344776.8, rms=1.851 (5.299%)
rms = 1.6377/1.8515, sse=6079243.9/3344776.6, time step reduction 2 of 3 to 0.125  0 1 0
013: dt: 0.2500, sse=6079244.0, rms=1.638 (11.548%)
014: dt: 0.1250, sse=6076994.5, rms=1.528 (6.703%)
rms = 1.4919/1.5279, sse=6046054.0/6076994.3, time step reduction 3 of 3 to 0.062  0 0 1
015: dt: 0.1250, sse=6046054.0, rms=1.492 (2.358%)
  maximum number of reductions reached, breaking from loop
positioning took 0.7 minutes
Iteration 2 =========================================
n_averages=1, current_sigma=0.5
Computing target border values 
Entering MRIScomputeBorderValues_new(): 
  inside_hi   = 120.0000000;
  border_hi   = 103.4337460;
  border_low  =  89.0000000;
  outside_low =  76.5641250;
  outside_hi  = 103.4337460;
  sigma = 0.5;
  max_thickness = 10;
  step_size=0.5;
  STEP_SIZE=0.1;
  which = 1
  thresh = 0
  flags = 0
  CBVfindFirstPeakD1=0
  CBVfindFirstPeakD2=0
  nvertices=185561
  Gdiag_no=-1
  vno start=0, stop=185561
Replacing 255s with 0s
#SI# sigma=0.5 had to be increased for 915 vertices, nripped=8624
mean border=97.4, 753 (260) missing vertices, mean dist -0.3 [0.6 (%64.2)->0.4 (%35.8))]
%69 local maxima, %23 large gradients and % 2 min vals, 0 gradients ignored
nFirstPeakD1 0
MRIScomputeBorderValues_new() finished in 0.0058 min


Finding expansion regions
mean absolute distance = 0.51 +- 0.61
7980 vertices more than 2 sigmas from mean.
Averaging target values for 5 iterations...
Positioning Surface: tspring = 0.3, nspring = 0.3, spring = 0, niters = 100 l_repulse = 5, l_surf_repulse = 0, checktol = 0
Positioning pial surface
Entering MRISpositionSurface()
  max_mm = 0.3
  MAX_REDUCTIONS = 2, REDUCTION_PCT = 0.5
  parms->check_tol = 0, niterations = 100
tol=1.0e-04, sigma=0.5, host=dna06, nav=1, nbrs=2, l_repulse=5.000, l_tspring=0.300, l_nspring=0.300, l_intensity=0.200, l_curv=1.000
mom=0.00, dt=0.50
000: dt: 0.0000, sse=6165841.0, rms=2.383
016: dt: 0.5000, sse=6119669.5, rms=1.916 (19.584%)
rms = 1.8507/1.9161, sse=6660853.1/6119669.7, time step reduction 1 of 3 to 0.250  0 1 0
017: dt: 0.5000, sse=6660853.0, rms=1.851 (3.414%)
018: dt: 0.2500, sse=6633903.0, rms=1.600 (13.527%)
rms = 1.5555/1.6003, sse=6628338.2/6633903.0, time step reduction 2 of 3 to 0.125  0 0 1
019: dt: 0.2500, sse=6628338.0, rms=1.556 (2.798%)
020: dt: 0.1250, sse=6610293.5, rms=1.466 (5.788%)
rms = 1.4450/1.4655, sse=6607163.6/6610293.7, time step reduction 3 of 3 to 0.062  0 0 1
021: dt: 0.1250, sse=6607163.5, rms=1.445 (1.401%)
  maximum number of reductions reached, breaking from loop
positioning took 0.7 minutes
Iteration 3 =========================================
n_averages=0, current_sigma=0.25
Computing target border values 
Entering MRIScomputeBorderValues_new(): 
  inside_hi   = 120.0000000;
  border_hi   = 103.4337460;
  border_low  =  89.0000000;
  outside_low =  76.5641250;
  outside_hi  = 103.4337460;
  sigma = 0.25;
  max_thickness = 10;
  step_size=0.5;
  STEP_SIZE=0.1;
  which = 1
  thresh = 0
  flags = 0
  CBVfindFirstPeakD1=0
  CBVfindFirstPeakD2=0
  nvertices=185561
  Gdiag_no=-1
  vno start=0, stop=185561
Replacing 255s with 0s
#SI# sigma=0.25 had to be increased for 1249 vertices, nripped=8624
mean border=97.5, 905 (224) missing vertices, mean dist -0.1 [0.4 (%57.2)->0.4 (%42.8))]
%71 local maxima, %21 large gradients and % 3 min vals, 0 gradients ignored
nFirstPeakD1 0
MRIScomputeBorderValues_new() finished in 0.0037 min


Finding expansion regions
mean absolute distance = 0.40 +- 0.51
7188 vertices more than 2 sigmas from mean.
Averaging target values for 5 iterations...
Positioning Surface: tspring = 0.3, nspring = 0.3, spring = 0, niters = 100 l_repulse = 5, l_surf_repulse = 0, checktol = 0
Positioning pial surface
Entering MRISpositionSurface()
  max_mm = 0.3
  MAX_REDUCTIONS = 2, REDUCTION_PCT = 0.5
  parms->check_tol = 0, niterations = 100
tol=1.0e-04, sigma=0.2, host=dna06, nav=0, nbrs=2, l_repulse=5.000, l_tspring=0.300, l_nspring=0.300, l_intensity=0.200, l_curv=1.000
mom=0.00, dt=0.50
000: dt: 0.0000, sse=6627757.0, rms=1.662
rms = 1.5887/1.6616, sse=6654123.2/6627756.9, time step reduction 1 of 3 to 0.250  0 1 0
022: dt: 0.5000, sse=6654123.0, rms=1.589 (4.390%)
023: dt: 0.2500, sse=6641341.0, rms=1.470 (7.461%)
rms = 1.4599/1.4701, sse=6647904.3/6641341.1, time step reduction 2 of 3 to 0.125  0 1 1
024: dt: 0.2500, sse=6647904.5, rms=1.460 (0.695%)
025: dt: 0.1250, sse=6614174.5, rms=1.330 (8.884%)
rms = 1.3003/1.3302, sse=6595925.5/6614174.5, time step reduction 3 of 3 to 0.062  0 0 1
026: dt: 0.1250, sse=6595925.5, rms=1.300 (2.252%)
  maximum number of reductions reached, breaking from loop
positioning took 0.6 minutes
removing intersecting faces
000: 98 intersecting
step 1 with no progress (num=145, old_num=98)
001: 145 intersecting
002: 109 intersecting
003: 108 intersecting
step 1 with no progress (num=111, old_num=108)
004: 111 intersecting
005: 107 intersecting
006: 104 intersecting
007: 103 intersecting
008: 102 intersecting
step 1 with no progress (num=105, old_num=102)
009: 105 intersecting
step 2 with no progress (num=106, old_num=105)
010: 106 intersecting
step 3 with no progress (num=106, old_num=106)
011: 106 intersecting
step 4 with no progress (num=106, old_num=106)
012: 106 intersecting
step 5 with no progress (num=106, old_num=106)
013: 106 intersecting
step 6 with no progress (num=106, old_num=106)
014: 106 intersecting
step 7 with no progress (num=106, old_num=106)
015: 106 intersecting
step 8 with no progress (num=106, old_num=106)
016: 106 intersecting
step 9 with no progress (num=106, old_num=106)
017: 106 intersecting
step 10 with no progress (num=106, old_num=106)
018: 106 intersecting
step 11 with no progress (num=106, old_num=106)
019: 106 intersecting
step 12 with no progress (num=106, old_num=106)
020: 106 intersecting
step 13 with no progress (num=106, old_num=106)
021: 106 intersecting
step 14 with no progress (num=106, old_num=106)
022: 106 intersecting
step 15 with no progress (num=106, old_num=106)
023: 106 intersecting
step 16 with no progress (num=106, old_num=106)
terminating search with 98 intersecting


Writing output to ../surf/lh.white
#ET# mris_place_surface  4.08 minutes
#VMPC# mris_place_surfaces VmPeak  3582356
mris_place_surface done
#--------------------------------------------
#@# T1PialSurf lh Tue Mar 10 13:00:52 CET 2026
cd /out/sourcedata/freesurfer/sub-v1s8x0051332_ses-1/mri
mris_place_surface --adgws-in ../surf/autodet.gw.stats.lh.dat --seg aseg.presurf.mgz --threads 16 --wm wm.mgz --invol brain.finalsurfs.mgz --lh --i ../surf/lh.white --o ../surf/lh.pial.T1 --pial --nsmooth 0 --rip-label ../label/lh.cortex+hipamyg.label --pin-medial-wall ../label/lh.cortex.label --aparc ../label/lh.aparc.annot --repulse-surf ../surf/lh.white --white-surf ../surf/lh.white
7.3.2
7.3.2

cd /out/sourcedata/freesurfer/sub-v1s8x0051332_ses-1/mri
setenv SUBJECTS_DIR /out/sourcedata/freesurfer
mris_place_surface --adgws-in ../surf/autodet.gw.stats.lh.dat --seg aseg.presurf.mgz --threads 16 --wm wm.mgz --invol brain.finalsurfs.mgz --lh --i ../surf/lh.white --o ../surf/lh.pial.T1 --pial --nsmooth 0 --rip-label ../label/lh.cortex+hipamyg.label --pin-medial-wall ../label/lh.cortex.label --aparc ../label/lh.aparc.annot --repulse-surf ../surf/lh.white --white-surf ../surf/lh.white 

Reading in input surface ../surf/lh.white
Not smoothing input surface
removing intersecting faces
000: 98 intersecting
step 1 with no progress (num=145, old_num=98)
001: 145 intersecting
002: 109 intersecting
003: 108 intersecting
step 1 with no progress (num=111, old_num=108)
004: 111 intersecting
005: 107 intersecting
006: 104 intersecting
007: 103 intersecting
008: 102 intersecting
step 1 with no progress (num=105, old_num=102)
009: 105 intersecting
step 2 with no progress (num=106, old_num=105)
010: 106 intersecting
step 3 with no progress (num=106, old_num=106)
011: 106 intersecting
step 4 with no progress (num=106, old_num=106)
012: 106 intersecting
step 5 with no progress (num=106, old_num=106)
013: 106 intersecting
step 6 with no progress (num=106, old_num=106)
014: 106 intersecting
step 7 with no progress (num=106, old_num=106)
015: 106 intersecting
step 8 with no progress (num=106, old_num=106)
016: 106 intersecting
step 9 with no progress (num=106, old_num=106)
017: 106 intersecting
step 10 with no progress (num=106, old_num=106)
018: 106 intersecting
step 11 with no progress (num=106, old_num=106)
019: 106 intersecting
step 12 with no progress (num=106, old_num=106)
020: 106 intersecting
step 13 with no progress (num=106, old_num=106)
021: 106 intersecting
step 14 with no progress (num=106, old_num=106)
022: 106 intersecting
step 15 with no progress (num=106, old_num=106)
023: 106 intersecting
step 16 with no progress (num=106, old_num=106)
terminating search with 98 intersecting
Area    371118  0.33820  0.16089 0.000000   3.8728
Corner 1113354 60.00000 18.30510 0.006137 179.9478
Edge    556677  0.90102  0.25206 0.000114   3.8048
Hinge   556677 12.11875 15.09022 0.000000 179.9967
Reading white surface coordinates from ../surf/lh.white
Reading repulsion surface coordinates from ../surf/lh.white
Reading in aparc ../label/lh.aparc.annot
Reading in input volume brain.finalsurfs.mgz
Reading in wm volume wm.mgz
MRIclipBrightWM(): nthresh=29710, wmmin=5, clip=110 
MRIfindBrightNonWM(): 561 bright non-wm voxels segmented.
Masking bright non-wm for pial surface mid_gray = 72.1293
MRImask(): AllowDiffGeom = 1
MRImask(): AllowDiffGeom = 1
MRImask(): AllowDiffGeom = 1
Reading in seg volume aseg.presurf.mgz
Ripping frozen voxels
Ripping vertices not in label ../label/lh.cortex+hipamyg.label
MRISripNotLabel() ripped 6407/185561 vertices (179154 unripped)
INFO: rip surface needed but not specified, so using input surface
Ripping segs (eg, WMSA, BG, frozen)
Starting MRISripSegs() d = (-2 2 0.5) segnos: 247 
MRISripSegs(): -2 2 0.5 ripped 0
vertex 92781: xyz = (-40.1702,11.8177,15.4757) oxyz = (-40.1702,11.8177,15.4757) wxzy = (-40.1702,11.8177,15.4757) pxyz = (-40.1702,11.8177,15.4757) 
CBVO Creating mask 185561
n_averages 16
Iteration 0 =========================================
n_averages=16, current_sigma=2
Computing target border values 
Entering MRIScomputeBorderValues_new(): 
  inside_hi   =  92.5662540;
  border_hi   =  76.5641250;
  border_low  =  51.6923830;
  outside_low =  10.0000000;
  outside_hi  =  70.3461910;
  sigma = 2;
  max_thickness = 10;
  step_size=0.5;
  STEP_SIZE=0.1;
  which = 2
  thresh = 0
  flags = 0
  CBVfindFirstPeakD1=0
  CBVfindFirstPeakD2=0
  nvertices=185561
  Gdiag_no=-1
  vno start=0, stop=185561
Replacing 255s with 0s
#SI# sigma=2 had to be increased for 641 vertices, nripped=6407
mean border=75.1, 3316 (3316) missing vertices, mean dist 1.4 [1.8 (%0.2)->3.1 (%99.8))]
%13 local maxima, %28 large gradients and %54 min vals, 0 gradients ignored
nFirstPeakD1 0
MRIScomputeBorderValues_new() finished in 0.0140 min


Averaging target values for 5 iterations...
Positioning Surface: tspring = 0.3, nspring = 0.3, spring = 0, niters = 100 l_repulse = 0, l_surf_repulse = 5, checktol = 0
Positioning pial surface
Entering MRISpositionSurface()
  max_mm = 0.3
  MAX_REDUCTIONS = 2, REDUCTION_PCT = 0.5
  parms->check_tol = 0, niterations = 100
tol=1.0e-04, sigma=2.0, host=dna06, nav=16, nbrs=2, l_surf_repulse=5.000, l_tspring=0.300, l_nspring=0.300, l_intensity=0.200, l_curv=1.000
mom=0.00, dt=0.50
complete_dist_mat 0
rms 0
smooth_averages 0
remove_neg 0
ico_order 0
which_surface 0
target_radius 0.000000
nfields 0
scale 0.000000
desired_rms_height 0.000000
momentum 0.000000
nbhd_size 0
max_nbrs 0
niterations 100
nsurfaces 0
SURFACES 3
flags 0 (0)
use curv 0
no sulc 0
no rigid align 0
mris->nsize 2
mris->hemisphere 0
randomSeed 0

000: dt: 0.0000, sse=20399752.0, rms=23.922
001: dt: 0.5000, sse=16360195.0, rms=21.389 (10.588%)
002: dt: 0.5000, sse=13054927.0, rms=19.067 (10.855%)
003: dt: 0.5000, sse=10646453.0, rms=17.178 (9.906%)
004: dt: 0.5000, sse=8795898.0, rms=15.572 (9.353%)
005: dt: 0.5000, sse=7437510.0, rms=14.278 (8.311%)
006: dt: 0.5000, sse=6198207.0, rms=12.984 (9.060%)
007: dt: 0.5000, sse=5120840.0, rms=11.744 (9.551%)
008: dt: 0.5000, sse=4085573.8, rms=10.413 (11.332%)
009: dt: 0.5000, sse=3253819.5, rms=9.205 (11.599%)
010: dt: 0.5000, sse=2530410.2, rms=8.007 (13.015%)
011: dt: 0.5000, sse=2079168.8, rms=7.158 (10.603%)
012: dt: 0.5000, sse=1717434.6, rms=6.396 (10.653%)
013: dt: 0.5000, sse=1548351.4, rms=6.004 (6.116%)
014: dt: 0.5000, sse=1393117.5, rms=5.621 (6.390%)
015: dt: 0.5000, sse=1353376.5, rms=5.516 (1.871%)
016: dt: 0.5000, sse=1262525.8, rms=5.272 (4.416%)
rms = 5.2376/5.2721, sse=1251092.1/1262525.7, time step reduction 1 of 3 to 0.250  0 0 1
017: dt: 0.5000, sse=1251092.1, rms=5.238 (0.654%)
018: dt: 0.2500, sse=966839.8, rms=4.380 (16.366%)
019: dt: 0.2500, sse=933835.4, rms=4.269 (2.542%)
rms = 4.3263/4.2690, sse=951741.3/933835.4, time step reduction 2 of 3 to 0.125  0 1 1
   RMS increased, rejecting step
020: dt: 0.1250, sse=880959.8, rms=4.087 (4.261%)
021: dt: 0.1250, sse=815806.2, rms=3.850 (5.814%)
022: dt: 0.1250, sse=794804.7, rms=3.770 (2.077%)
rms = 3.7388/3.7695, sse=786962.3/794804.7, time step reduction 3 of 3 to 0.062  0 0 1
023: dt: 0.1250, sse=786962.2, rms=3.739 (0.815%)
  maximum number of reductions reached, breaking from loop
positioning took 2.3 minutes
Iteration 1 =========================================
n_averages=8, current_sigma=1
Computing target border values 
Entering MRIScomputeBorderValues_new(): 
  inside_hi   =  92.5662540;
  border_hi   =  76.5641250;
  border_low  =  51.6923830;
  outside_low =  10.0000000;
  outside_hi  =  70.3461910;
  sigma = 1;
  max_thickness = 10;
  step_size=0.5;
  STEP_SIZE=0.1;
  which = 2
  thresh = 0
  flags = 0
  CBVfindFirstPeakD1=0
  CBVfindFirstPeakD2=0
  nvertices=185561
  Gdiag_no=-1
  vno start=0, stop=185561
Replacing 255s with 0s
#SI# sigma=1 had to be increased for 24141 vertices, nripped=6407
mean border=74.9, 6077 (1466) missing vertices, mean dist 0.1 [0.2 (%49.9)->0.7 (%50.1))]
%18 local maxima, %25 large gradients and %51 min vals, 0 gradients ignored
nFirstPeakD1 0
MRIScomputeBorderValues_new() finished in 0.0039 min


Averaging target values for 5 iterations...
Positioning Surface: tspring = 0.3, nspring = 0.3, spring = 0, niters = 100 l_repulse = 0, l_surf_repulse = 5, checktol = 0
Positioning pial surface
Entering MRISpositionSurface()
  max_mm = 0.3
  MAX_REDUCTIONS = 2, REDUCTION_PCT = 0.5
  parms->check_tol = 0, niterations = 100
tol=1.0e-04, sigma=1.0, host=dna06, nav=8, nbrs=2, l_surf_repulse=5.000, l_tspring=0.300, l_nspring=0.300, l_intensity=0.200, l_curv=1.000
mom=0.00, dt=0.50
000: dt: 0.0000, sse=915401.4, rms=4.117
rms = 4.7961/4.1168, sse=1129454.5/915401.4, time step reduction 1 of 3 to 0.250  0 1 1
   RMS increased, rejecting step
024: dt: 0.2500, sse=839632.6, rms=3.847 (6.545%)
025: dt: 0.2500, sse=813170.0, rms=3.748 (2.571%)
rms = 3.9543/3.7484, sse=869173.9/813170.0, time step reduction 2 of 3 to 0.125  0 1 1
   RMS increased, rejecting step
026: dt: 0.1250, sse=789505.1, rms=3.658 (2.426%)
027: dt: 0.1250, sse=770524.1, rms=3.582 (2.067%)
028: dt: 0.1250, sse=753654.1, rms=3.514 (1.884%)
rms = 3.4860/3.5144, sse=746647.0/753654.0, time step reduction 3 of 3 to 0.062  0 0 1
029: dt: 0.1250, sse=746647.0, rms=3.486 (0.809%)
  maximum number of reductions reached, breaking from loop
positioning took 0.7 minutes
Iteration 2 =========================================
n_averages=4, current_sigma=0.5
Computing target border values 
Entering MRIScomputeBorderValues_new(): 
  inside_hi   =  92.5662540;
  border_hi   =  76.5641250;
  border_low  =  51.6923830;
  outside_low =  10.0000000;
  outside_hi  =  70.3461910;
  sigma = 0.5;
  max_thickness = 10;
  step_size=0.5;
  STEP_SIZE=0.1;
  which = 2
  thresh = 0
  flags = 0
  CBVfindFirstPeakD1=0
  CBVfindFirstPeakD2=0
  nvertices=185561
  Gdiag_no=-1
  vno start=0, stop=185561
Replacing 255s with 0s
#SI# sigma=0.5 had to be increased for 24921 vertices, nripped=6407
mean border=75.0, 7009 (1372) missing vertices, mean dist 0.1 [0.2 (%52.5)->0.5 (%47.5))]
%23 local maxima, %19 large gradients and %51 min vals, 0 gradients ignored
nFirstPeakD1 0
MRIScomputeBorderValues_new() finished in 0.0029 min


Averaging target values for 5 iterations...
Positioning Surface: tspring = 0.3, nspring = 0.3, spring = 0, niters = 100 l_repulse = 0, l_surf_repulse = 5, checktol = 0
Positioning pial surface
Entering MRISpositionSurface()
  max_mm = 0.3
  MAX_REDUCTIONS = 2, REDUCTION_PCT = 0.5
  parms->check_tol = 0, niterations = 100
tol=1.0e-04, sigma=0.5, host=dna06, nav=4, nbrs=2, l_surf_repulse=5.000, l_tspring=0.300, l_nspring=0.300, l_intensity=0.200, l_curv=1.000
mom=0.00, dt=0.50
000: dt: 0.0000, sse=752529.4, rms=3.511
rms = 4.0642/3.5107, sse=899105.9/752529.3, time step reduction 1 of 3 to 0.250  0 1 1
   RMS increased, rejecting step
030: dt: 0.2500, sse=723038.7, rms=3.391 (3.419%)
rms = 3.4174/3.3906, sse=728841.3/723038.7, time step reduction 2 of 3 to 0.125  0 1 1
   RMS increased, rejecting step
rms = 3.3666/3.3906, sse=717303.1/723038.7, time step reduction 3 of 3 to 0.062  0 0 1
031: dt: 0.1250, sse=717303.1, rms=3.367 (0.708%)
  maximum number of reductions reached, breaking from loop
positioning took 0.3 minutes
Iteration 3 =========================================
n_averages=2, current_sigma=0.25
Computing target border values 
Entering MRIScomputeBorderValues_new(): 
  inside_hi   =  92.5662540;
  border_hi   =  76.5641250;
  border_low  =  51.6923830;
  outside_low =  10.0000000;
  outside_hi  =  70.3461910;
  sigma = 0.25;
  max_thickness = 10;
  step_size=0.5;
  STEP_SIZE=0.1;
  which = 2
  thresh = 0
  flags = 0
  CBVfindFirstPeakD1=0
  CBVfindFirstPeakD2=0
  nvertices=185561
  Gdiag_no=-1
  vno start=0, stop=185561
Replacing 255s with 0s
#SI# sigma=0.25 had to be increased for 20619 vertices, nripped=6407
mean border=74.7, 11947 (1350) missing vertices, mean dist 0.1 [0.1 (%50.8)->0.4 (%49.2))]
%25 local maxima, %17 large gradients and %48 min vals, 0 gradients ignored
nFirstPeakD1 0
MRIScomputeBorderValues_new() finished in 0.0016 min


Averaging target values for 5 iterations...
Positioning Surface: tspring = 0.3, nspring = 0.3, spring = 0, niters = 100 l_repulse = 0, l_surf_repulse = 5, checktol = 0
Positioning pial surface
Entering MRISpositionSurface()
  max_mm = 0.3
  MAX_REDUCTIONS = 2, REDUCTION_PCT = 0.5
  parms->check_tol = 0, niterations = 100
tol=1.0e-04, sigma=0.2, host=dna06, nav=2, nbrs=2, l_surf_repulse=5.000, l_tspring=0.300, l_nspring=0.300, l_intensity=0.200, l_curv=1.000
mom=0.00, dt=0.50
000: dt: 0.0000, sse=726318.7, rms=3.404
rms = 3.7684/3.4044, sse=815550.2/726318.7, time step reduction 1 of 3 to 0.250  0 1 1
   RMS increased, rejecting step
032: dt: 0.2500, sse=696616.5, rms=3.281 (3.633%)
rms = 3.2581/3.2807, sse=690105.2/696616.5, time step reduction 2 of 3 to 0.125  0 0 1
033: dt: 0.2500, sse=690105.2, rms=3.258 (0.689%)
034: dt: 0.1250, sse=669646.4, rms=3.167 (2.788%)
035: dt: 0.1250, sse=651248.4, rms=3.085 (2.588%)
rms = 3.0696/3.0853, sse=647578.1/651248.4, time step reduction 3 of 3 to 0.062  0 0 1
036: dt: 0.1250, sse=647578.1, rms=3.070 (0.508%)
  maximum number of reductions reached, breaking from loop
positioning took 0.5 minutes
Pinning medial wall to white surface
removing intersecting faces
000: 93 intersecting
step 1 with no progress (num=121, old_num=93)
001: 121 intersecting
step 2 with no progress (num=138, old_num=121)
002: 138 intersecting
003: 132 intersecting
004: 119 intersecting
step 1 with no progress (num=128, old_num=119)
005: 128 intersecting
006: 118 intersecting
007: 114 intersecting
step 1 with no progress (num=137, old_num=114)
008: 137 intersecting
009: 131 intersecting
010: 125 intersecting
011: 119 intersecting
012: 116 intersecting
step 1 with no progress (num=116, old_num=116)
013: 116 intersecting
step 2 with no progress (num=121, old_num=116)
014: 121 intersecting
015: 120 intersecting
step 1 with no progress (num=125, old_num=120)
016: 125 intersecting
017: 122 intersecting
step 1 with no progress (num=122, old_num=122)
018: 122 intersecting
step 2 with no progress (num=122, old_num=122)
019: 122 intersecting
step 3 with no progress (num=122, old_num=122)
020: 122 intersecting
step 4 with no progress (num=122, old_num=122)
021: 122 intersecting
step 5 with no progress (num=122, old_num=122)
022: 122 intersecting
step 6 with no progress (num=122, old_num=122)
023: 122 intersecting
step 7 with no progress (num=122, old_num=122)
024: 122 intersecting
step 8 with no progress (num=122, old_num=122)
025: 122 intersecting
step 9 with no progress (num=122, old_num=122)
026: 122 intersecting
step 10 with no progress (num=122, old_num=122)
027: 122 intersecting
step 11 with no progress (num=122, old_num=122)
028: 122 intersecting
step 12 with no progress (num=122, old_num=122)
029: 122 intersecting
step 13 with no progress (num=122, old_num=122)
030: 122 intersecting
step 14 with no progress (num=122, old_num=122)
031: 122 intersecting
step 15 with no progress (num=122, old_num=122)
032: 122 intersecting
step 16 with no progress (num=122, old_num=122)
terminating search with 93 intersecting


Writing output to ../surf/lh.pial.T1
#ET# mris_place_surface  5.68 minutes
#VMPC# mris_place_surfaces VmPeak  2794564
mris_place_surface done
#@# white curv lh Tue Mar 10 13:07:39 CET 2026
cd /out/sourcedata/freesurfer/sub-v1s8x0051332_ses-1/mri
mris_place_surface --curv-map ../surf/lh.white 2 10 ../surf/lh.curv
insurf  ../surf/lh.white, nbrs 2, curvature_avgs 10
writing curvature file ../surf/lh.curv
#@# white area lh Tue Mar 10 13:07:41 CET 2026
cd /out/sourcedata/freesurfer/sub-v1s8x0051332_ses-1/mri
mris_place_surface --area-map ../surf/lh.white ../surf/lh.area
writing curvature file ../surf/lh.area
#@# pial curv lh Tue Mar 10 13:07:42 CET 2026
cd /out/sourcedata/freesurfer/sub-v1s8x0051332_ses-1/mri
mris_place_surface --curv-map ../surf/lh.pial 2 10 ../surf/lh.curv.pial
insurf  ../surf/lh.pial, nbrs 2, curvature_avgs 10
writing curvature file ../surf/lh.curv.pial
#@# pial area lh Tue Mar 10 13:07:45 CET 2026
cd /out/sourcedata/freesurfer/sub-v1s8x0051332_ses-1/mri
mris_place_surface --area-map ../surf/lh.pial ../surf/lh.area.pial
writing curvature file ../surf/lh.area.pial
#@# thickness lh Tue Mar 10 13:07:46 CET 2026
cd /out/sourcedata/freesurfer/sub-v1s8x0051332_ses-1/mri
mris_place_surface --thickness ../surf/lh.white ../surf/lh.pial 20 5 ../surf/lh.thickness
0 of 185561 vertices processed
25000 of 185561 vertices processed
50000 of 185561 vertices processed
75000 of 185561 vertices processed
100000 of 185561 vertices processed
125000 of 185561 vertices processed
150000 of 185561 vertices processed
175000 of 185561 vertices processed
0 of 185561 vertices processed
25000 of 185561 vertices processed
50000 of 185561 vertices processed
75000 of 185561 vertices processed
100000 of 185561 vertices processed
125000 of 185561 vertices processed
150000 of 185561 vertices processed
175000 of 185561 vertices processed
thickness calculation complete, 228:1610 truncations.
100758 vertices at 0 distance
146379 vertices at 1 distance
75903 vertices at 2 distance
30425 vertices at 3 distance
11146 vertices at 4 distance
3719 vertices at 5 distance
1267 vertices at 6 distance
528 vertices at 7 distance
247 vertices at 8 distance
151 vertices at 9 distance
121 vertices at 10 distance
106 vertices at 11 distance
77 vertices at 12 distance
62 vertices at 13 distance
53 vertices at 14 distance
52 vertices at 15 distance
35 vertices at 16 distance
28 vertices at 17 distance
9 vertices at 18 distance
23 vertices at 19 distance
33 vertices at 20 distance
writing curvature file ../surf/lh.thickness
#@# area and vertex vol lh Tue Mar 10 13:08:28 CET 2026
cd /out/sourcedata/freesurfer/sub-v1s8x0051332_ses-1/mri
mris_place_surface --thickness ../surf/lh.white ../surf/lh.pial 20 5 ../surf/lh.thickness
/out/sourcedata/freesurfer/sub-v1s8x0051332_ses-1/surf
mris_calc -o lh.area.mid lh.area add lh.area.pial
Saving result to 'lh.area.mid' (type = MRI_CURV_FILE)                       [ ok ]
mris_calc -o lh.area.mid lh.area.mid div 2
Saving result to 'lh.area.mid' (type = MRI_CURV_FILE)                       [ ok ]
mris_convert --volume sub-v1s8x0051332_ses-1 lh /out/sourcedata/freesurfer/sub-v1s8x0051332_ses-1/surf/lh.volume
masking with /out/sourcedata/freesurfer/sub-v1s8x0051332_ses-1/label/lh.cortex.label
Total face volume 280814
Total vertex volume 280636 (mask=0)
#@# sub-v1s8x0051332_ses-1 lh 280636
 
vertexvol Done

#-----------------------------------------
#@# Curvature Stats lh Tue Mar 10 13:08:30 CET 2026
/out/sourcedata/freesurfer/sub-v1s8x0051332_ses-1/surf

 mris_curvature_stats -m --writeCurvatureFiles -G -o ../stats/lh.curv.stats -F smoothwm sub-v1s8x0051332_ses-1 lh curv sulc 

             Toggling save flag on curvature files                       [ ok ]
                 Outputting results using filestem   [ ../stats/lh.curv.stats ]
             Toggling save flag on curvature files                       [ ok ]
                                   Setting surface [ sub-v1s8x0051332_ses-1/lh.smoothwm ]
                                Reading surface...                       [ ok ]
                                   Setting texture                     [ curv ]
                                Reading texture...                       [ ok ]
                                   Setting texture                     [ sulc ]
                                Reading texture...Gb_filter = 0
                       [ ok ]
      Calculating Discrete Principal Curvatures...
      Determining geometric order for vno faces... [####################] [ ok ]
                      Determining KH curvatures... [####################] [ ok ]
                    Determining k1k2 curvatures... [####################] [ ok ]
                                   deltaViolations                      [ 427 ]
Gb_filter = 0
#-----------------------------------------
#@# Cortical Parc 2 lh Tue Mar 10 13:08:34 CET 2026
/out/sourcedata/freesurfer/sub-v1s8x0051332_ses-1/scripts

 mris_ca_label -l ../label/lh.cortex.label -aseg ../mri/aseg.presurf.mgz -seed 1234 sub-v1s8x0051332_ses-1 lh ../surf/lh.sphere.reg /opt/freesurfer/average/lh.CDaparc.atlas.acfb40.noaparc.i12.2016-08-02.gcs ../label/lh.aparc.a2009s.annot 

setting seed for random number generator to 1234
using ../mri/aseg.presurf.mgz aseg volume to correct midline
7.3.2
  7.3.2
reading atlas from /opt/freesurfer/average/lh.CDaparc.atlas.acfb40.noaparc.i12.2016-08-02.gcs...
reading color table from GCSA file....
average std = 3.0   using min determinant for regularization = 0.088
0 singular and 0 ill-conditioned covariance matrices regularized
input 0: MEAN CURVATURE, flags 0, avgs 5, name mean_curvature
labeling surface...
14 labels changed using aseg
relabeling using gibbs priors...
000:  12359 changed, 185561 examined...
001:   2853 changed, 47488 examined...
002:    835 changed, 15026 examined...
003:    356 changed, 4828 examined...
004:    179 changed, 2039 examined...
005:     82 changed, 1050 examined...
006:     36 changed, 474 examined...
007:     18 changed, 217 examined...
008:     11 changed, 111 examined...
009:      5 changed, 69 examined...
010:      4 changed, 37 examined...
011:      5 changed, 18 examined...
012:      2 changed, 24 examined...
013:      1 changed, 10 examined...
014:      1 changed, 7 examined...
015:      0 changed, 7 examined...
0 labels changed using aseg
000: 307 total segments, 217 labels (3377 vertices) changed
001: 98 total segments, 10 labels (86 vertices) changed
002: 88 total segments, 0 labels (0 vertices) changed
10 filter iterations complete (10 requested, 55 changed)
rationalizing unknown annotations with cortex label
relabeling Medial_wall label...
1675 vertices marked for relabeling...
1675 labels changed in reclassification.
writing output to ../label/lh.aparc.a2009s.annot...
classification took 0 minutes and 17 seconds.
#-----------------------------------------
#@# Cortical Parc 3 lh Tue Mar 10 13:08:50 CET 2026
/out/sourcedata/freesurfer/sub-v1s8x0051332_ses-1/scripts

 mris_ca_label -l ../label/lh.cortex.label -aseg ../mri/aseg.presurf.mgz -seed 1234 sub-v1s8x0051332_ses-1 lh ../surf/lh.sphere.reg /opt/freesurfer/average/lh.DKTaparc.atlas.acfb40.noaparc.i12.2016-08-02.gcs ../label/lh.aparc.DKTatlas.annot 

setting seed for random number generator to 1234
using ../mri/aseg.presurf.mgz aseg volume to correct midline
7.3.2
  7.3.2
reading atlas from /opt/freesurfer/average/lh.DKTaparc.atlas.acfb40.noaparc.i12.2016-08-02.gcs...
reading color table from GCSA file....
average std = 1.4   using min determinant for regularization = 0.020
0 singular and 383 ill-conditioned covariance matrices regularized
input 0: MEAN CURVATURE, flags 0, avgs 5, name mean_curvature
labeling surface...
2193 labels changed using aseg
relabeling using gibbs priors...
000:   2580 changed, 185561 examined...
001:    637 changed, 11776 examined...
002:    171 changed, 3507 examined...
003:     63 changed, 1031 examined...
004:     43 changed, 366 examined...
005:     32 changed, 250 examined...
006:     25 changed, 186 examined...
007:     13 changed, 129 examined...
008:     10 changed, 77 examined...
009:      9 changed, 50 examined...
010:      7 changed, 46 examined...
011:      4 changed, 37 examined...
012:      2 changed, 29 examined...
013:      3 changed, 11 examined...
014:      2 changed, 15 examined...
015:      2 changed, 14 examined...
016:      6 changed, 10 examined...
017:      3 changed, 23 examined...
018:      2 changed, 21 examined...
019:      1 changed, 13 examined...
020:      1 changed, 7 examined...
021:      0 changed, 7 examined...
357 labels changed using aseg
000: 54 total segments, 21 labels (183 vertices) changed
001: 34 total segments, 1 labels (1 vertices) changed
002: 33 total segments, 0 labels (0 vertices) changed
10 filter iterations complete (10 requested, 4 changed)
rationalizing unknown annotations with cortex label
relabeling unknown label...
relabeling corpuscallosum label...
1368 vertices marked for relabeling...
1368 labels changed in reclassification.
writing output to ../label/lh.aparc.DKTatlas.annot...
classification took 0 minutes and 13 seconds.
#-----------------------------------------
#@# WM/GM Contrast lh Tue Mar 10 13:09:03 CET 2026
/out/sourcedata/freesurfer/sub-v1s8x0051332_ses-1/scripts

 pctsurfcon --s sub-v1s8x0051332_ses-1 --lh-only 

Log file is /out/sourcedata/freesurfer/sub-v1s8x0051332_ses-1/scripts/pctsurfcon.log
Tue Mar 10 13:09:03 CET 2026
setenv SUBJECTS_DIR /out/sourcedata/freesurfer
cd /out/sourcedata/freesurfer/sub-v1s8x0051332_ses-1/scripts
/opt/freesurfer/bin/pctsurfcon
pctsurfcon 7.3.2
Linux dna063 5.14.0-427.37.1.el9_4.x86_64 #1 SMP PREEMPT_DYNAMIC Fri Sep 13 12:41:50 EDT 2024 x86_64 x86_64 x86_64 GNU/Linux
FREESURFER_HOME /opt/freesurfer
mri_vol2surf --mov /out/sourcedata/freesurfer/sub-v1s8x0051332_ses-1/mri/rawavg.mgz --hemi lh --noreshape --interp trilinear --projdist -1 --o /out/sourcedata/freesurfer/sub-v1s8x0051332_ses-1/surf/tmp.pctsurfcon.924472/lh.wm.mgh --regheader sub-v1s8x0051332_ses-1 --cortex
srcvol = /out/sourcedata/freesurfer/sub-v1s8x0051332_ses-1/mri/rawavg.mgz
srcreg unspecified
srcregold = 0
srcwarp unspecified
surf = white
hemi = lh
ProjDist = -1
reshape = 0
interp = trilinear
float2int = round
GetProjMax = 0
INFO: float2int code = 0
Done loading volume
Computing registration from header.
  Using /out/sourcedata/freesurfer/sub-v1s8x0051332_ses-1/mri/orig.mgz as target reference.
-------- original matrix -----------
-1.00000   0.00000   0.00000   0.00000;
 0.00000   0.00000   1.00000  -0.00002;
 0.00000  -1.00000   0.00000   0.00000;
 0.00000   0.00000   0.00000   1.00000;
-------- original matrix -----------
Loading label /out/sourcedata/freesurfer/sub-v1s8x0051332_ses-1/label/lh.cortex.label
Reading surface /out/sourcedata/freesurfer/sub-v1s8x0051332_ses-1/surf/lh.white
Done reading source surface
Mapping Source Volume onto Source Subject Surface
Projecting -1 -1 1
 1 -1 -1 -1
using old
Done mapping volume to surface
Number of source voxels hit = 106922
Masking with /out/sourcedata/freesurfer/sub-v1s8x0051332_ses-1/label/lh.cortex.label
Writing to /out/sourcedata/freesurfer/sub-v1s8x0051332_ses-1/surf/tmp.pctsurfcon.924472/lh.wm.mgh
Dim: 185561 1 1
mri_vol2surf --mov /out/sourcedata/freesurfer/sub-v1s8x0051332_ses-1/mri/rawavg.mgz --hemi lh --noreshape --interp trilinear --o /out/sourcedata/freesurfer/sub-v1s8x0051332_ses-1/surf/tmp.pctsurfcon.924472/lh.gm.mgh --projfrac 0.3 --regheader sub-v1s8x0051332_ses-1 --cortex
srcvol = /out/sourcedata/freesurfer/sub-v1s8x0051332_ses-1/mri/rawavg.mgz
srcreg unspecified
srcregold = 0
srcwarp unspecified
surf = white
hemi = lh
ProjFrac = 0.3
thickness = thickness
reshape = 0
interp = trilinear
float2int = round
GetProjMax = 0
INFO: float2int code = 0
Done loading volume
Computing registration from header.
  Using /out/sourcedata/freesurfer/sub-v1s8x0051332_ses-1/mri/orig.mgz as target reference.
-------- original matrix -----------
-1.00000   0.00000   0.00000   0.00000;
 0.00000   0.00000   1.00000  -0.00002;
 0.00000  -1.00000   0.00000   0.00000;
 0.00000   0.00000   0.00000   1.00000;
-------- original matrix -----------
Loading label /out/sourcedata/freesurfer/sub-v1s8x0051332_ses-1/label/lh.cortex.label
Reading surface /out/sourcedata/freesurfer/sub-v1s8x0051332_ses-1/surf/lh.white
Done reading source surface
Reading thickness /out/sourcedata/freesurfer/sub-v1s8x0051332_ses-1/surf/lh.thickness
Done
Mapping Source Volume onto Source Subject Surface
Projecting 0.3 0.3 1
 1 0.3 0.3 0.3
using old
Done mapping volume to surface
Number of source voxels hit = 125627
Masking with /out/sourcedata/freesurfer/sub-v1s8x0051332_ses-1/label/lh.cortex.label
Writing to /out/sourcedata/freesurfer/sub-v1s8x0051332_ses-1/surf/tmp.pctsurfcon.924472/lh.gm.mgh
Dim: 185561 1 1
mri_concat /out/sourcedata/freesurfer/sub-v1s8x0051332_ses-1/surf/tmp.pctsurfcon.924472/lh.wm.mgh /out/sourcedata/freesurfer/sub-v1s8x0051332_ses-1/surf/tmp.pctsurfcon.924472/lh.gm.mgh --paired-diff-norm --mul 100 --o /out/sourcedata/freesurfer/sub-v1s8x0051332_ses-1/surf/lh.w-g.pct.mgh
ninputs = 2
Checking inputs
nframestot = 2
Allocing output
Done allocing
Combining pairs
nframes = 1
Multiplying by 100.000000
Writing to /out/sourcedata/freesurfer/sub-v1s8x0051332_ses-1/surf/lh.w-g.pct.mgh
mri_segstats --in /out/sourcedata/freesurfer/sub-v1s8x0051332_ses-1/surf/lh.w-g.pct.mgh --annot sub-v1s8x0051332_ses-1 lh aparc --sum /out/sourcedata/freesurfer/sub-v1s8x0051332_ses-1/stats/lh.w-g.pct.stats --snr

7.3.2
cwd 
cmdline mri_segstats --in /out/sourcedata/freesurfer/sub-v1s8x0051332_ses-1/surf/lh.w-g.pct.mgh --annot sub-v1s8x0051332_ses-1 lh aparc --sum /out/sourcedata/freesurfer/sub-v1s8x0051332_ses-1/stats/lh.w-g.pct.stats --snr 
sysname  Linux
hostname dna063
machine  x86_64
user     oesteban
whitesurfname  white
UseRobust  0
Constructing seg from annotation

Reading annotation /out/sourcedata/freesurfer/sub-v1s8x0051332_ses-1/label/lh.aparc.annot
Seg base 1000
Loading /out/sourcedata/freesurfer/sub-v1s8x0051332_ses-1/surf/lh.w-g.pct.mgh
Vertex Area is 0.676401 mm^3
Generating list of segmentation ids
Found  36 segmentations
Computing statistics for each segmentation

Reporting on  35 segmentations
Using PrintSegStat
mri_segstats done
Cleaning up

Started at Tue Mar 10 08:43:43 CET 2026 
Ended   at Tue Mar 10 13:09:07 CET 2026
#@#%# recon-all-run-time-hours 4.423
recon-all -s sub-v1s8x0051332_ses-1 finished without error at Tue Mar 10 13:09:07 CET 2026



#New# invocation of recon-all 




Tue Mar 10 14:26:49 CET 2026
cd /out/sourcedata/freesurfer/sub-v1s8x0051332_ses-1
setenv SUBJECTS_DIR /out/sourcedata/freesurfer
/opt/freesurfer/bin/recon-all -autorecon-hemi lh -nohyporelabel -lh-only -openmp 16 -subjid sub-v1s8x0051332_ses-1 -sd /out/sourcedata/freesurfer -notessellate -nosmooth1 -noinflate1 -noqsphere -nofix -nowhite -nosmooth2 -noinflate2 -nocurvHK -nocurvstats -nosphere -nosurfreg -nojacobian_white -noavgcurv -nocortparc -nopial -nocortparc2 -nocortparc3 -nopctsurfcon

subjid sub-v1s8x0051332_ses-1
setenv SUBJECTS_DIR /out/sourcedata/freesurfer
FREESURFER_HOME /opt/freesurfer
Actual FREESURFER_HOME /opt/freesurfer
build-stamp.txt: freesurfer-linux-ubuntu22_x86_64-7.3.2-20220804-6354275
Linux dna063 5.14.0-427.37.1.el9_4.x86_64 #1 SMP PREEMPT_DYNAMIC Fri Sep 13 12:41:50 EDT 2024 x86_64 x86_64 x86_64 GNU/Linux
cputime      unlimited
filesize     unlimited
datasize     unlimited
stacksize    8192 kbytes
coredumpsize 0 kbytes
memoryuse    67108864 kbytes
vmemoryuse   unlimited
descriptors  1024 
memorylocked unlimited
maxproc      2061970 
maxlocks     unlimited
maxsignal    2061970 
maxmessage   819200 
maxnice      0 
maxrtprio    0 
maxrttime    unlimited

               total        used        free      shared  buff/cache   available
Mem:           503Gi        51Gi       340Gi        10Gi       111Gi       438Gi
Swap:             0B          0B          0B

########################################
program versions used
7.3.2 (freesurfer-linux-ubuntu22_x86_64-7.3.2-20220804-6354275)
7.3.2

ProgramName: lta_convert  ProgramArguments: lta_convert -all-info  ProgramVersion: 7.3.2  TimeStamp: 2026/03/10-13:26:49-GMT  BuildTime: Aug  4 2022 06:17:15  BuildStamp: freesurfer-linux-ubuntu22_x86_64-7.3.2-20220804-6354275  User: oesteban  Machine: dna063  Platform: Linux  PlatformVersion: 5.14.0-427.37.1.el9_4.x86_64  CompilerName: GCC  CompilerVersion: 8.4.0
ProgramName: mri_and  ProgramArguments: mri_and -all-info  ProgramVersion: 7.3.2  TimeStamp: 2026/03/10-13:26:49-GMT  BuildTime: Aug  4 2022 06:17:15  BuildStamp: freesurfer-linux-ubuntu22_x86_64-7.3.2-20220804-6354275  User: oesteban  Machine: dna063  Platform: Linux  PlatformVersion: 5.14.0-427.37.1.el9_4.x86_64  CompilerName: GCC  CompilerVersion: 8.4.0
ProgramName: mri_annotation2label  ProgramArguments: mri_annotation2label -all-info  ProgramVersion: 7.3.2  TimeStamp: 2026/03/10-13:26:49-GMT  BuildTime: Aug  4 2022 06:17:15  BuildStamp: freesurfer-linux-ubuntu22_x86_64-7.3.2-20220804-6354275  User: oesteban  Machine: dna063  Platform: Linux  PlatformVersion: 5.14.0-427.37.1.el9_4.x86_64  CompilerName: GCC  CompilerVersion: 8.4.0
ProgramName: mri_aparc2aseg  ProgramArguments: mri_aparc2aseg -all-info  ProgramVersion: 7.3.2  TimeStamp: 2026/03/10-13:26:49-GMT  BuildTime: Aug  4 2022 06:17:15  BuildStamp: freesurfer-linux-ubuntu22_x86_64-7.3.2-20220804-6354275  User: oesteban  Machine: dna063  Platform: Linux  PlatformVersion: 5.14.0-427.37.1.el9_4.x86_64  CompilerName: GCC  CompilerVersion: 8.4.0
ProgramName: mri_surf2volseg  ProgramArguments: mri_surf2volseg -all-info  ProgramVersion: 7.3.2  TimeStamp: 2026/03/10-13:26:49-GMT  BuildTime: Aug  4 2022 06:17:15  BuildStamp: freesurfer-linux-ubuntu22_x86_64-7.3.2-20220804-6354275  User: oesteban  Machine: dna063  Platform: Linux  PlatformVersion: 5.14.0-427.37.1.el9_4.x86_64  CompilerName: GCC  CompilerVersion: 8.4.0
ProgramName: mri_binarize  ProgramArguments: mri_binarize -all-info  ProgramVersion: 7.3.2  TimeStamp: 2026/03/10-13:26:49-GMT  BuildTime: Aug  4 2022 06:17:15  BuildStamp: freesurfer-linux-ubuntu22_x86_64-7.3.2-20220804-6354275  User: oesteban  Machine: dna063  Platform: Linux  PlatformVersion: 5.14.0-427.37.1.el9_4.x86_64  CompilerName: GCC  CompilerVersion: 8.4.0
ProgramName: mri_ca_label  ProgramArguments: mri_ca_label -all-info  ProgramVersion: 7.3.2  TimeStamp: 2026/03/10-13:26:49-GMT  BuildTime: Aug  4 2022 06:17:15  BuildStamp: freesurfer-linux-ubuntu22_x86_64-7.3.2-20220804-6354275  User: oesteban  Machine: dna063  Platform: Linux  PlatformVersion: 5.14.0-427.37.1.el9_4.x86_64  CompilerName: GCC  CompilerVersion: 8.4.0
ProgramName: mri_ca_normalize  ProgramArguments: mri_ca_normalize -all-info  ProgramVersion: 7.3.2  TimeStamp: 2026/03/10-13:26:49-GMT  BuildTime: Aug  4 2022 06:17:15  BuildStamp: freesurfer-linux-ubuntu22_x86_64-7.3.2-20220804-6354275  User: oesteban  Machine: dna063  Platform: Linux  PlatformVersion: 5.14.0-427.37.1.el9_4.x86_64  CompilerName: GCC  CompilerVersion: 8.4.0
ProgramName: mri_ca_register  ProgramArguments: mri_ca_register -all-info  ProgramVersion: 7.3.2  TimeStamp: 2026/03/10-13:26:49-GMT  BuildTime: Aug  4 2022 06:17:15  BuildStamp: freesurfer-linux-ubuntu22_x86_64-7.3.2-20220804-6354275  User: oesteban  Machine: dna063  Platform: Linux  PlatformVersion: 5.14.0-427.37.1.el9_4.x86_64  CompilerName: GCC  CompilerVersion: 8.4.0
ProgramName: mri_cc  ProgramArguments: mri_cc -all-info  ProgramVersion: 7.3.2  TimeStamp: 2026/03/10-13:26:49-GMT  BuildTime: Aug  4 2022 06:17:15  BuildStamp: freesurfer-linux-ubuntu22_x86_64-7.3.2-20220804-6354275  User: oesteban  Machine: dna063  Platform: Linux  PlatformVersion: 5.14.0-427.37.1.el9_4.x86_64  CompilerName: GCC  CompilerVersion: 8.4.0
ProgramName: mri_compute_overlap  ProgramArguments: mri_compute_overlap -all-info  ProgramVersion: 7.3.2  TimeStamp: 2026/03/10-13:26:49-GMT  BuildTime: Aug  4 2022 06:17:15  BuildStamp: freesurfer-linux-ubuntu22_x86_64-7.3.2-20220804-6354275  User: oesteban  Machine: dna063  Platform: Linux  PlatformVersion: 5.14.0-427.37.1.el9_4.x86_64  CompilerName: GCC  CompilerVersion: 8.4.0
ProgramName: mri_compute_seg_overlap  ProgramArguments: mri_compute_seg_overlap -all-info  ProgramVersion: 7.3.2  TimeStamp: 2026/03/10-13:26:49-GMT  BuildTime: Aug  4 2022 06:17:15  BuildStamp: freesurfer-linux-ubuntu22_x86_64-7.3.2-20220804-6354275  User: oesteban  Machine: dna063  Platform: Linux  PlatformVersion: 5.14.0-427.37.1.el9_4.x86_64  CompilerName: GCC  CompilerVersion: 8.4.0
ProgramName: mri_concat  ProgramArguments: mri_concat -all-info  ProgramVersion: 7.3.2  TimeStamp: 2026/03/10-13:26:49-GMT  BuildTime: Aug  4 2022 06:17:15  BuildStamp: freesurfer-linux-ubuntu22_x86_64-7.3.2-20220804-6354275  User: oesteban  Machine: dna063  Platform: Linux  PlatformVersion: 5.14.0-427.37.1.el9_4.x86_64  CompilerName: GCC  CompilerVersion: 8.4.0
ProgramName: mri_concatenate_lta  ProgramArguments: mri_concatenate_lta -all-info  ProgramVersion: 7.3.2  TimeStamp: 2026/03/10-13:26:49-GMT  BuildTime: Aug  4 2022 06:17:15  BuildStamp: freesurfer-linux-ubuntu22_x86_64-7.3.2-20220804-6354275  User: oesteban  Machine: dna063  Platform: Linux  PlatformVersion: 5.14.0-427.37.1.el9_4.x86_64  CompilerName: GCC  CompilerVersion: 8.4.0
mri_convert -all-info 
ProgramName: mri_convert  ProgramArguments: mri_convert -all-info  ProgramVersion: 7.3.2  TimeStamp: 2026/03/10-13:26:49-GMT  BuildTime: Aug  4 2022 06:17:15  BuildStamp: freesurfer-linux-ubuntu22_x86_64-7.3.2-20220804-6354275  User: oesteban  Machine: dna063  Platform: Linux  PlatformVersion: 5.14.0-427.37.1.el9_4.x86_64  CompilerName: GCC  CompilerVersion: 8.4.0
ProgramName: mri_diff  ProgramArguments: mri_diff -all-info  ProgramVersion: 7.3.2  TimeStamp: 2026/03/10-13:26:49-GMT  BuildTime: Aug  4 2022 06:17:15  BuildStamp: freesurfer-linux-ubuntu22_x86_64-7.3.2-20220804-6354275  User: oesteban  Machine: dna063  Platform: Linux  PlatformVersion: 5.14.0-427.37.1.el9_4.x86_64  CompilerName: GCC  CompilerVersion: 8.4.0
ProgramName: mri_edit_wm_with_aseg  ProgramArguments: mri_edit_wm_with_aseg -all-info  ProgramVersion: 7.3.2  TimeStamp: 2026/03/10-13:26:49-GMT  BuildTime: Aug  4 2022 06:17:15  BuildStamp: freesurfer-linux-ubuntu22_x86_64-7.3.2-20220804-6354275  User: oesteban  Machine: dna063  Platform: Linux  PlatformVersion: 5.14.0-427.37.1.el9_4.x86_64  CompilerName: GCC  CompilerVersion: 8.4.0
ProgramName: mri_em_register  ProgramArguments: mri_em_register -all-info  ProgramVersion: 7.3.2  TimeStamp: 2026/03/10-13:26:49-GMT  BuildTime: Aug  4 2022 06:17:15  BuildStamp: freesurfer-linux-ubuntu22_x86_64-7.3.2-20220804-6354275  User: oesteban  Machine: dna063  Platform: Linux  PlatformVersion: 5.14.0-427.37.1.el9_4.x86_64  CompilerName: GCC  CompilerVersion: 8.4.0
ProgramName: mri_fill  ProgramArguments: mri_fill -all-info  ProgramVersion: 7.3.2  TimeStamp: 2026/03/10-13:26:49-GMT  BuildTime: Aug  4 2022 06:17:15  BuildStamp: freesurfer-linux-ubuntu22_x86_64-7.3.2-20220804-6354275  User: oesteban  Machine: dna063  Platform: Linux  PlatformVersion: 5.14.0-427.37.1.el9_4.x86_64  CompilerName: GCC  CompilerVersion: 8.4.0
ProgramName: mri_fuse_segmentations  ProgramArguments: mri_fuse_segmentations -all-info  ProgramVersion: 7.3.2  TimeStamp: 2026/03/10-13:26:49-GMT  BuildTime: Aug  4 2022 06:17:15  BuildStamp: freesurfer-linux-ubuntu22_x86_64-7.3.2-20220804-6354275  User: oesteban  Machine: dna063  Platform: Linux  PlatformVersion: 5.14.0-427.37.1.el9_4.x86_64  CompilerName: GCC  CompilerVersion: 8.4.0
ProgramName: mri_fwhm  ProgramArguments: mri_fwhm -all-info  ProgramVersion: 7.3.2  TimeStamp: 2026/03/10-13:26:49-GMT  BuildTime: Aug  4 2022 06:17:15  BuildStamp: freesurfer-linux-ubuntu22_x86_64-7.3.2-20220804-6354275  User: oesteban  Machine: dna063  Platform: Linux  PlatformVersion: 5.14.0-427.37.1.el9_4.x86_64  CompilerName: GCC  CompilerVersion: 8.4.0
ProgramName: mri_gcut  ProgramArguments: mri_gcut -all-info  ProgramVersion: 7.3.2  TimeStamp: 2026/03/10-13:26:49-GMT  BuildTime: Aug  4 2022 06:17:15  BuildStamp: freesurfer-linux-ubuntu22_x86_64-7.3.2-20220804-6354275  User: oesteban  Machine: dna063  Platform: Linux  PlatformVersion: 5.14.0-427.37.1.el9_4.x86_64  CompilerName: GCC  CompilerVersion: 8.4.0
ProgramName: mri_info  ProgramArguments: mri_info -all-info  ProgramVersion: 7.3.2  TimeStamp: 2026/03/10-13:26:49-GMT  BuildTime: Aug  4 2022 06:17:15  BuildStamp: freesurfer-linux-ubuntu22_x86_64-7.3.2-20220804-6354275  User: oesteban  Machine: dna063  Platform: Linux  PlatformVersion: 5.14.0-427.37.1.el9_4.x86_64  CompilerName: GCC  CompilerVersion: 8.4.0
ProgramName: mri_label2label  ProgramArguments: mri_label2label -all-info  ProgramVersion: 7.3.2  TimeStamp: 2026/03/10-13:26:49-GMT  BuildTime: Aug  4 2022 06:17:15  BuildStamp: freesurfer-linux-ubuntu22_x86_64-7.3.2-20220804-6354275  User: oesteban  Machine: dna063  Platform: Linux  PlatformVersion: 5.14.0-427.37.1.el9_4.x86_64  CompilerName: GCC  CompilerVersion: 8.4.0
ProgramName: mri_label2vol  ProgramArguments: mri_label2vol -all-info  ProgramVersion: 7.3.2  TimeStamp: 2026/03/10-13:26:49-GMT  BuildTime: Aug  4 2022 06:17:15  BuildStamp: freesurfer-linux-ubuntu22_x86_64-7.3.2-20220804-6354275  User: oesteban  Machine: dna063  Platform: Linux  PlatformVersion: 5.14.0-427.37.1.el9_4.x86_64  CompilerName: GCC  CompilerVersion: 8.4.0
ProgramName: mri_log_likelihood  ProgramArguments: mri_log_likelihood -all-info  ProgramVersion: 7.3.2  TimeStamp: 2026/03/10-13:26:49-GMT  BuildTime: Aug  4 2022 06:17:15  BuildStamp: freesurfer-linux-ubuntu22_x86_64-7.3.2-20220804-6354275  User: oesteban  Machine: dna063  Platform: Linux  PlatformVersion: 5.14.0-427.37.1.el9_4.x86_64  CompilerName: GCC  CompilerVersion: 8.4.0
ProgramName: mri_mask  ProgramArguments: mri_mask -all-info  ProgramVersion: 7.3.2  TimeStamp: 2026/03/10-13:26:49-GMT  BuildTime: Aug  4 2022 06:17:15  BuildStamp: freesurfer-linux-ubuntu22_x86_64-7.3.2-20220804-6354275  User: oesteban  Machine: dna063  Platform: Linux  PlatformVersion: 5.14.0-427.37.1.el9_4.x86_64  CompilerName: GCC  CompilerVersion: 8.4.0
ProgramName: mri_matrix_multiply  ProgramArguments: mri_matrix_multiply -all-info  ProgramVersion: 7.3.2  TimeStamp: 2026/03/10-13:26:49-GMT  BuildTime: Aug  4 2022 06:17:15  BuildStamp: freesurfer-linux-ubuntu22_x86_64-7.3.2-20220804-6354275  User: oesteban  Machine: dna063  Platform: Linux  PlatformVersion: 5.14.0-427.37.1.el9_4.x86_64  CompilerName: GCC  CompilerVersion: 8.4.0
ProgramName: mri_normalize  ProgramArguments: mri_normalize -all-info  ProgramVersion: 7.3.2  TimeStamp: 2026/03/10-13:26:49-GMT  BuildTime: Aug  4 2022 06:17:15  BuildStamp: freesurfer-linux-ubuntu22_x86_64-7.3.2-20220804-6354275  User: oesteban  Machine: dna063  Platform: Linux  PlatformVersion: 5.14.0-427.37.1.el9_4.x86_64  CompilerName: GCC  CompilerVersion: 8.4.0
ProgramName: mri_normalize_tp2  ProgramArguments: mri_normalize_tp2 -all-info  ProgramVersion: 7.3.2  TimeStamp: 2026/03/10-13:26:49-GMT  BuildTime: Aug  4 2022 06:17:15  BuildStamp: freesurfer-linux-ubuntu22_x86_64-7.3.2-20220804-6354275  User: oesteban  Machine: dna063  Platform: Linux  PlatformVersion: 5.14.0-427.37.1.el9_4.x86_64  CompilerName: GCC  CompilerVersion: 8.4.0
ProgramName: mri_or  ProgramArguments: mri_or -all-info  ProgramVersion: 7.3.2  TimeStamp: 2026/03/10-13:26:49-GMT  BuildTime: Aug  4 2022 06:17:15  BuildStamp: freesurfer-linux-ubuntu22_x86_64-7.3.2-20220804-6354275  User: oesteban  Machine: dna063  Platform: Linux  PlatformVersion: 5.14.0-427.37.1.el9_4.x86_64  CompilerName: GCC  CompilerVersion: 8.4.0
ProgramName: mri_relabel_hypointensities  ProgramArguments: mri_relabel_hypointensities -all-info  ProgramVersion: 7.3.2  TimeStamp: 2026/03/10-13:26:49-GMT  BuildTime: Aug  4 2022 06:17:15  BuildStamp: freesurfer-linux-ubuntu22_x86_64-7.3.2-20220804-6354275  User: oesteban  Machine: dna063  Platform: Linux  PlatformVersion: 5.14.0-427.37.1.el9_4.x86_64  CompilerName: GCC  CompilerVersion: 8.4.0
ProgramName: mri_relabel_nonwm_hypos  ProgramArguments: mri_relabel_nonwm_hypos -all-info  ProgramVersion: 7.3.2  TimeStamp: 2026/03/10-13:26:49-GMT  BuildTime: Aug  4 2022 06:17:15  BuildStamp: freesurfer-linux-ubuntu22_x86_64-7.3.2-20220804-6354275  User: oesteban  Machine: dna063  Platform: Linux  PlatformVersion: 5.14.0-427.37.1.el9_4.x86_64  CompilerName: GCC  CompilerVersion: 8.4.0
ProgramName: mri_remove_neck  ProgramArguments: mri_remove_neck -all-info  ProgramVersion: 7.3.2  TimeStamp: 2026/03/10-13:26:49-GMT  BuildTime: Aug  4 2022 06:17:15  BuildStamp: freesurfer-linux-ubuntu22_x86_64-7.3.2-20220804-6354275  User: oesteban  Machine: dna063  Platform: Linux  PlatformVersion: 5.14.0-427.37.1.el9_4.x86_64  CompilerName: GCC  CompilerVersion: 8.4.0
7.3.2

ProgramName: mri_robust_register  ProgramArguments: mri_robust_register -all-info  ProgramVersion: 7.3.2  TimeStamp: 2026/03/10-13:26:49-GMT  BuildTime: Aug  4 2022 06:17:15  BuildStamp: freesurfer-linux-ubuntu22_x86_64-7.3.2-20220804-6354275  User: oesteban  Machine: dna063  Platform: Linux  PlatformVersion: 5.14.0-427.37.1.el9_4.x86_64  CompilerName: GCC  CompilerVersion: 8.4.0
7.3.2

ProgramName: mri_robust_template  ProgramArguments: mri_robust_template -all-info  ProgramVersion: 7.3.2  TimeStamp: 2026/03/10-13:26:49-GMT  BuildTime: Aug  4 2022 06:17:15  BuildStamp: freesurfer-linux-ubuntu22_x86_64-7.3.2-20220804-6354275  User: oesteban  Machine: dna063  Platform: Linux  PlatformVersion: 5.14.0-427.37.1.el9_4.x86_64  CompilerName: GCC  CompilerVersion: 8.4.0
ProgramName: mris_anatomical_stats  ProgramArguments: mris_anatomical_stats -all-info  ProgramVersion: 7.3.2  TimeStamp: 2026/03/10-13:26:49-GMT  BuildTime: Aug  4 2022 06:17:15  BuildStamp: freesurfer-linux-ubuntu22_x86_64-7.3.2-20220804-6354275  User: oesteban  Machine: dna063  Platform: Linux  PlatformVersion: 5.14.0-427.37.1.el9_4.x86_64  CompilerName: GCC  CompilerVersion: 8.4.0
ProgramName: mris_ca_label  ProgramArguments: mris_ca_label -all-info  ProgramVersion: 7.3.2  TimeStamp: 2026/03/10-13:26:49-GMT  BuildTime: Aug  4 2022 06:17:15  BuildStamp: freesurfer-linux-ubuntu22_x86_64-7.3.2-20220804-6354275  User: oesteban  Machine: dna063  Platform: Linux  PlatformVersion: 5.14.0-427.37.1.el9_4.x86_64  CompilerName: GCC  CompilerVersion: 8.4.0
ProgramName: mris_calc  ProgramArguments: mris_calc -all-info  ProgramVersion: 7.3.2  TimeStamp: 2026/03/10-13:26:49-GMT  BuildTime: Aug  4 2022 06:17:15  BuildStamp: freesurfer-linux-ubuntu22_x86_64-7.3.2-20220804-6354275  User: oesteban  Machine: dna063  Platform: Linux  PlatformVersion: 5.14.0-427.37.1.el9_4.x86_64  CompilerName: GCC  CompilerVersion: 8.4.0
ProgramName: mris_convert  ProgramArguments: mris_convert -all-info  ProgramVersion: 7.3.2  TimeStamp: 2026/03/10-13:26:49-GMT  BuildTime: Aug  4 2022 06:17:15  BuildStamp: freesurfer-linux-ubuntu22_x86_64-7.3.2-20220804-6354275  User: oesteban  Machine: dna063  Platform: Linux  PlatformVersion: 5.14.0-427.37.1.el9_4.x86_64  CompilerName: GCC  CompilerVersion: 8.4.0
ProgramName: mris_curvature  ProgramArguments: mris_curvature -all-info  ProgramVersion: 7.3.2  TimeStamp: 2026/03/10-13:26:49-GMT  BuildTime: Aug  4 2022 06:17:15  BuildStamp: freesurfer-linux-ubuntu22_x86_64-7.3.2-20220804-6354275  User: oesteban  Machine: dna063  Platform: Linux  PlatformVersion: 5.14.0-427.37.1.el9_4.x86_64  CompilerName: GCC  CompilerVersion: 8.4.0
ProgramName: mris_curvature_stats  ProgramArguments: mris_curvature_stats -all-info  ProgramVersion: 7.3.2  TimeStamp: 2026/03/10-13:26:49-GMT  BuildTime: Aug  4 2022 06:17:15  BuildStamp: freesurfer-linux-ubuntu22_x86_64-7.3.2-20220804-6354275  User: oesteban  Machine: dna063  Platform: Linux  PlatformVersion: 5.14.0-427.37.1.el9_4.x86_64  CompilerName: GCC  CompilerVersion: 8.4.0
ProgramName: mris_diff  ProgramArguments: mris_diff -all-info  ProgramVersion: 7.3.2  TimeStamp: 2026/03/10-13:26:49-GMT  BuildTime: Aug  4 2022 06:17:15  BuildStamp: freesurfer-linux-ubuntu22_x86_64-7.3.2-20220804-6354275  User: oesteban  Machine: dna063  Platform: Linux  PlatformVersion: 5.14.0-427.37.1.el9_4.x86_64  CompilerName: GCC  CompilerVersion: 8.4.0
ProgramName: mris_divide_parcellation  ProgramArguments: mris_divide_parcellation -all-info  ProgramVersion: 7.3.2  TimeStamp: 2026/03/10-13:26:49-GMT  BuildTime: Aug  4 2022 06:17:15  BuildStamp: freesurfer-linux-ubuntu22_x86_64-7.3.2-20220804-6354275  User: oesteban  Machine: dna063  Platform: Linux  PlatformVersion: 5.14.0-427.37.1.el9_4.x86_64  CompilerName: GCC  CompilerVersion: 8.4.0
ProgramName: mri_segment  ProgramArguments: mri_segment -all-info  ProgramVersion: 7.3.2  TimeStamp: 2026/03/10-13:26:49-GMT  BuildTime: Aug  4 2022 06:17:15  BuildStamp: freesurfer-linux-ubuntu22_x86_64-7.3.2-20220804-6354275  User: oesteban  Machine: dna063  Platform: Linux  PlatformVersion: 5.14.0-427.37.1.el9_4.x86_64  CompilerName: GCC  CompilerVersion: 8.4.0
ProgramName: mri_segstats  ProgramArguments: mri_segstats -all-info  ProgramVersion: 7.3.2  TimeStamp: 2026/03/10-13:26:49-GMT  BuildTime: Aug  4 2022 06:17:15  BuildStamp: freesurfer-linux-ubuntu22_x86_64-7.3.2-20220804-6354275  User: oesteban  Machine: dna063  Platform: Linux  PlatformVersion: 5.14.0-427.37.1.el9_4.x86_64  CompilerName: GCC  CompilerVersion: 8.4.0
ProgramName: mris_euler_number  ProgramArguments: mris_euler_number -all-info  ProgramVersion: 7.3.2  TimeStamp: 2026/03/10-13:26:49-GMT  BuildTime: Aug  4 2022 06:17:15  BuildStamp: freesurfer-linux-ubuntu22_x86_64-7.3.2-20220804-6354275  User: oesteban  Machine: dna063  Platform: Linux  PlatformVersion: 5.14.0-427.37.1.el9_4.x86_64  CompilerName: GCC  CompilerVersion: 8.4.0
ProgramName: mris_fix_topology  ProgramArguments: mris_fix_topology -all-info  ProgramVersion: 7.3.2  TimeStamp: 2026/03/10-13:26:49-GMT  BuildTime: Aug  4 2022 06:17:15  BuildStamp: freesurfer-linux-ubuntu22_x86_64-7.3.2-20220804-6354275  User: oesteban  Machine: dna063  Platform: Linux  PlatformVersion: 5.14.0-427.37.1.el9_4.x86_64  CompilerName: GCC  CompilerVersion: 8.4.0
ProgramName: mris_topo_fixer  ProgramArguments: mris_topo_fixer -all-info  ProgramVersion: 7.3.2  TimeStamp: 2026/03/10-13:26:49-GMT  BuildTime: Aug  4 2022 06:17:15  BuildStamp: freesurfer-linux-ubuntu22_x86_64-7.3.2-20220804-6354275  User: oesteban  Machine: dna063  Platform: Linux  PlatformVersion: 5.14.0-427.37.1.el9_4.x86_64  CompilerName: GCC  CompilerVersion: 8.4.0
ProgramName: mris_jacobian  ProgramArguments: mris_jacobian -all-info  ProgramVersion: 7.3.2  TimeStamp: 2026/03/10-13:26:49-GMT  BuildTime: Aug  4 2022 06:17:15  BuildStamp: freesurfer-linux-ubuntu22_x86_64-7.3.2-20220804-6354275  User: oesteban  Machine: dna063  Platform: Linux  PlatformVersion: 5.14.0-427.37.1.el9_4.x86_64  CompilerName: GCC  CompilerVersion: 8.4.0
ProgramName: mris_label2annot  ProgramArguments: mris_label2annot -all-info  ProgramVersion: 7.3.2  TimeStamp: 2026/03/10-13:26:49-GMT  BuildTime: Aug  4 2022 06:17:15  BuildStamp: freesurfer-linux-ubuntu22_x86_64-7.3.2-20220804-6354275  User: oesteban  Machine: dna063  Platform: Linux  PlatformVersion: 5.14.0-427.37.1.el9_4.x86_64  CompilerName: GCC  CompilerVersion: 8.4.0
ProgramName: mris_left_right_register  ProgramArguments: mris_left_right_register -all-info  ProgramVersion: 7.3.2  TimeStamp: 2026/03/10-13:26:49-GMT  BuildTime: Aug  4 2022 06:17:15  BuildStamp: freesurfer-linux-ubuntu22_x86_64-7.3.2-20220804-6354275  User: oesteban  Machine: dna063  Platform: Linux  PlatformVersion: 5.14.0-427.37.1.el9_4.x86_64  CompilerName: GCC  CompilerVersion: 8.4.0
ProgramName: mris_place_surface  ProgramArguments: mris_place_surface -all-info  ProgramVersion: 7.3.2  TimeStamp: 2026/03/10-13:26:49-GMT  BuildTime: Aug  4 2022 06:17:15  BuildStamp: freesurfer-linux-ubuntu22_x86_64-7.3.2-20220804-6354275  User: oesteban  Machine: dna063  Platform: Linux  PlatformVersion: 5.14.0-427.37.1.el9_4.x86_64  CompilerName: GCC  CompilerVersion: 8.4.0
ProgramName: mrisp_paint  ProgramArguments: mrisp_paint -all-info  ProgramVersion: 7.3.2  TimeStamp: 2026/03/10-13:26:49-GMT  BuildTime: Aug  4 2022 06:17:15  BuildStamp: freesurfer-linux-ubuntu22_x86_64-7.3.2-20220804-6354275  User: oesteban  Machine: dna063  Platform: Linux  PlatformVersion: 5.14.0-427.37.1.el9_4.x86_64  CompilerName: GCC  CompilerVersion: 8.4.0
ProgramName: mris_register  ProgramArguments: mris_register -all-info  ProgramVersion: 7.3.2  TimeStamp: 2026/03/10-13:26:49-GMT  BuildTime: Aug  4 2022 06:17:15  BuildStamp: freesurfer-linux-ubuntu22_x86_64-7.3.2-20220804-6354275  User: oesteban  Machine: dna063  Platform: Linux  PlatformVersion: 5.14.0-427.37.1.el9_4.x86_64  CompilerName: GCC  CompilerVersion: 8.4.0
ProgramName: mris_smooth  ProgramArguments: mris_smooth -all-info  ProgramVersion: 7.3.2  TimeStamp: 2026/03/10-13:26:49-GMT  BuildTime: Aug  4 2022 06:17:15  BuildStamp: freesurfer-linux-ubuntu22_x86_64-7.3.2-20220804-6354275  User: oesteban  Machine: dna063  Platform: Linux  PlatformVersion: 5.14.0-427.37.1.el9_4.x86_64  CompilerName: GCC  CompilerVersion: 8.4.0
ProgramName: mris_sphere  ProgramArguments: mris_sphere -all-info  ProgramVersion: 7.3.2  TimeStamp: 2026/03/10-13:26:49-GMT  BuildTime: Aug  4 2022 06:17:15  BuildStamp: freesurfer-linux-ubuntu22_x86_64-7.3.2-20220804-6354275  User: oesteban  Machine: dna063  Platform: Linux  PlatformVersion: 5.14.0-427.37.1.el9_4.x86_64  CompilerName: GCC  CompilerVersion: 8.4.0
ProgramName: mris_surface_stats  ProgramArguments: mris_surface_stats -all-info  ProgramVersion: 7.3.2  TimeStamp: 2026/03/10-13:26:49-GMT  BuildTime: Aug  4 2022 06:17:15  BuildStamp: freesurfer-linux-ubuntu22_x86_64-7.3.2-20220804-6354275  User: oesteban  Machine: dna063  Platform: Linux  PlatformVersion: 5.14.0-427.37.1.el9_4.x86_64  CompilerName: GCC  CompilerVersion: 8.4.0
ProgramName: mri_stats2seg  ProgramArguments: mri_stats2seg -all-info  ProgramVersion: 7.3.2  TimeStamp: 2026/03/10-13:26:49-GMT  BuildTime: Aug  4 2022 06:17:15  BuildStamp: freesurfer-linux-ubuntu22_x86_64-7.3.2-20220804-6354275  User: oesteban  Machine: dna063  Platform: Linux  PlatformVersion: 5.14.0-427.37.1.el9_4.x86_64  CompilerName: GCC  CompilerVersion: 8.4.0
ProgramName: mris_thickness  ProgramArguments: mris_thickness -all-info  ProgramVersion: 7.3.2  TimeStamp: 2026/03/10-13:26:49-GMT  BuildTime: Aug  4 2022 06:17:15  BuildStamp: freesurfer-linux-ubuntu22_x86_64-7.3.2-20220804-6354275  User: oesteban  Machine: dna063  Platform: Linux  PlatformVersion: 5.14.0-427.37.1.el9_4.x86_64  CompilerName: GCC  CompilerVersion: 8.4.0
ProgramName: mris_thickness_diff  ProgramArguments: mris_thickness_diff -all-info  ProgramVersion: 7.3.2  TimeStamp: 2026/03/10-13:26:49-GMT  BuildTime: Aug  4 2022 06:17:15  BuildStamp: freesurfer-linux-ubuntu22_x86_64-7.3.2-20220804-6354275  User: oesteban  Machine: dna063  Platform: Linux  PlatformVersion: 5.14.0-427.37.1.el9_4.x86_64  CompilerName: GCC  CompilerVersion: 8.4.0
ProgramName: mris_topo_fixer  ProgramArguments: mris_topo_fixer -all-info  ProgramVersion: 7.3.2  TimeStamp: 2026/03/10-13:26:49-GMT  BuildTime: Aug  4 2022 06:17:15  BuildStamp: freesurfer-linux-ubuntu22_x86_64-7.3.2-20220804-6354275  User: oesteban  Machine: dna063  Platform: Linux  PlatformVersion: 5.14.0-427.37.1.el9_4.x86_64  CompilerName: GCC  CompilerVersion: 8.4.0
ProgramName: mri_surf2surf  ProgramArguments: mri_surf2surf -all-info  ProgramVersion: 7.3.2  TimeStamp: 2026/03/10-13:26:49-GMT  BuildTime: Aug  4 2022 06:17:15  BuildStamp: freesurfer-linux-ubuntu22_x86_64-7.3.2-20220804-6354275  User: oesteban  Machine: dna063  Platform: Linux  PlatformVersion: 5.14.0-427.37.1.el9_4.x86_64  CompilerName: GCC  CompilerVersion: 8.4.0
ProgramName: mri_surf2vol  ProgramArguments: mri_surf2vol -all-info  ProgramVersion: 7.3.2  TimeStamp: 2026/03/10-13:26:49-GMT  BuildTime: Aug  4 2022 06:17:15  BuildStamp: freesurfer-linux-ubuntu22_x86_64-7.3.2-20220804-6354275  User: oesteban  Machine: dna063  Platform: Linux  PlatformVersion: 5.14.0-427.37.1.el9_4.x86_64  CompilerName: GCC  CompilerVersion: 8.4.0
ProgramName: mri_surfcluster  ProgramArguments: mri_surfcluster -all-info  ProgramVersion: 7.3.2  TimeStamp: 2026/03/10-13:26:49-GMT  BuildTime: Aug  4 2022 06:17:15  BuildStamp: freesurfer-linux-ubuntu22_x86_64-7.3.2-20220804-6354275  User: oesteban  Machine: dna063  Platform: Linux  PlatformVersion: 5.14.0-427.37.1.el9_4.x86_64  CompilerName: GCC  CompilerVersion: 8.4.0
ProgramName: mris_volmask  ProgramArguments: mris_volmask -all-info  ProgramVersion: 7.3.2  TimeStamp: 2026/03/10-13:26:49-GMT  BuildTime: Aug  4 2022 06:17:15  BuildStamp: freesurfer-linux-ubuntu22_x86_64-7.3.2-20220804-6354275  User: oesteban  Machine: dna063  Platform: Linux  PlatformVersion: 5.14.0-427.37.1.el9_4.x86_64  CompilerName: GCC  CompilerVersion: 8.4.0
ProgramName: mri_tessellate  ProgramArguments: mri_tessellate -all-info  ProgramVersion: 7.3.2  TimeStamp: 2026/03/10-13:26:49-GMT  BuildTime: Aug  4 2022 06:17:15  BuildStamp: freesurfer-linux-ubuntu22_x86_64-7.3.2-20220804-6354275  User: oesteban  Machine: dna063  Platform: Linux  PlatformVersion: 5.14.0-427.37.1.el9_4.x86_64  CompilerName: GCC  CompilerVersion: 8.4.0
ProgramName: mri_vol2surf  ProgramArguments: mri_vol2surf -all-info  ProgramVersion: 7.3.2  TimeStamp: 2026/03/10-13:26:49-GMT  BuildTime: Aug  4 2022 06:17:15  BuildStamp: freesurfer-linux-ubuntu22_x86_64-7.3.2-20220804-6354275  User: oesteban  Machine: dna063  Platform: Linux  PlatformVersion: 5.14.0-427.37.1.el9_4.x86_64  CompilerName: GCC  CompilerVersion: 8.4.0
ProgramName: mri_vol2vol  ProgramArguments: mri_vol2vol -all-info  ProgramVersion: 7.3.2  TimeStamp: 2026/03/10-13:26:49-GMT  BuildTime: Aug  4 2022 06:17:15  BuildStamp: freesurfer-linux-ubuntu22_x86_64-7.3.2-20220804-6354275  User: oesteban  Machine: dna063  Platform: Linux  PlatformVersion: 5.14.0-427.37.1.el9_4.x86_64  CompilerName: GCC  CompilerVersion: 8.4.0
ProgramName: mri_voldiff  ProgramArguments: mri_voldiff -all-info  ProgramVersion: 7.3.2  TimeStamp: 2026/03/10-13:26:49-GMT  BuildTime: Aug  4 2022 06:17:15  BuildStamp: freesurfer-linux-ubuntu22_x86_64-7.3.2-20220804-6354275  User: oesteban  Machine: dna063  Platform: Linux  PlatformVersion: 5.14.0-427.37.1.el9_4.x86_64  CompilerName: GCC  CompilerVersion: 8.4.0
ProgramName: mri_watershed  ProgramArguments: mri_watershed -all-info  ProgramVersion: 7.3.2  TimeStamp: 2026/03/10-13:26:49-GMT  BuildTime: Aug  4 2022 06:17:15  BuildStamp: freesurfer-linux-ubuntu22_x86_64-7.3.2-20220804-6354275  User: oesteban  Machine: dna063  Platform: Linux  PlatformVersion: 5.14.0-427.37.1.el9_4.x86_64  CompilerName: GCC  CompilerVersion: 8.4.0
ProgramName: tkregister2  ProgramArguments: tkregister2_cmdl -all-info  ProgramVersion: 7.3.2  TimeStamp: 2026/03/10-13:26:49-GMT  BuildTime: Aug  4 2022 06:17:15  BuildStamp: freesurfer-linux-ubuntu22_x86_64-7.3.2-20220804-6354275  User: oesteban  Machine: dna063  Platform: Linux  PlatformVersion: 5.14.0-427.37.1.el9_4.x86_64  CompilerName: GCC  CompilerVersion: 8.4.0
mri_motion_correct.fsl 7.3.2
mri_convert -all-info 
ProgramName: mri_convert  ProgramArguments: mri_convert -all-info  ProgramVersion: 7.3.2  TimeStamp: 2026/03/10-13:26:49-GMT  BuildTime: Aug  4 2022 06:17:15  BuildStamp: freesurfer-linux-ubuntu22_x86_64-7.3.2-20220804-6354275  User: oesteban  Machine: dna063  Platform: Linux  PlatformVersion: 5.14.0-427.37.1.el9_4.x86_64  CompilerName: GCC  CompilerVersion: 8.4.0
Program nu_correct, built from:
Package MNI N3, version 1.12.0, compiled by nicks@terrier (x86_64-unknown-linux-gnu) on 2015-06-19 at 01:25:34
#######################################
GCADIR /opt/freesurfer/average
GCA RB_all_2020-01-02.gca
GCASkull RB_all_withskull_2020_01_02.gca
AvgCurvTif folding.atlas.acfb40.noaparc.i12.2016-08-02.tif
GCSDIR /opt/freesurfer/average
GCS DKaparc.atlas.acfb40.noaparc.i12.2016-08-02.gcs
#######################################
#--------------------------------------------
#@# AutoDetGWStats lh Tue Mar 10 14:26:49 CET 2026
cd /out/sourcedata/freesurfer/sub-v1s8x0051332_ses-1/mri
mris_autodet_gwstats --o ../surf/autodet.gw.stats.lh.dat --i brain.finalsurfs.mgz --wm wm.mgz --surf ../surf/lh.orig.premesh
  Update not needed
#--------------------------------------------
#@# WhitePreAparc lh Tue Mar 10 14:26:49 CET 2026
cd /out/sourcedata/freesurfer/sub-v1s8x0051332_ses-1/mri
mris_place_surface --adgws-in ../surf/autodet.gw.stats.lh.dat --wm wm.mgz --threads 16 --invol brain.finalsurfs.mgz --lh --i ../surf/lh.orig --o ../surf/lh.white.preaparc --white --seg aseg.presurf.mgz --nsmooth 5
   Update not needed
#--------------------------------------------
#@# CortexLabel lh Tue Mar 10 14:26:49 CET 2026
cd /out/sourcedata/freesurfer/sub-v1s8x0051332_ses-1/mri
mri_label2label --label-cortex ../surf/lh.white.preaparc aseg.presurf.mgz 0 ../label/lh.cortex.label
   Update not needed
#--------------------------------------------
#@# CortexLabel+HipAmyg lh Tue Mar 10 14:26:49 CET 2026
cd /out/sourcedata/freesurfer/sub-v1s8x0051332_ses-1/mri
mri_label2label --label-cortex ../surf/lh.white.preaparc aseg.presurf.mgz 1 ../label/lh.cortex+hipamyg.label
   Update not needed
#@# white curv lh Tue Mar 10 14:26:49 CET 2026
cd /out/sourcedata/freesurfer/sub-v1s8x0051332_ses-1/mri
mris_place_surface --curv-map ../surf/lh.white 2 10 ../surf/lh.curv
   Update not needed
#@# white area lh Tue Mar 10 14:26:49 CET 2026
cd /out/sourcedata/freesurfer/sub-v1s8x0051332_ses-1/mri
mris_place_surface --area-map ../surf/lh.white ../surf/lh.area
   Update not needed
#@# pial curv lh Tue Mar 10 14:26:49 CET 2026
cd /out/sourcedata/freesurfer/sub-v1s8x0051332_ses-1/mri
mris_place_surface --curv-map ../surf/lh.pial 2 10 ../surf/lh.curv.pial
   Update not needed
#@# pial area lh Tue Mar 10 14:26:49 CET 2026
cd /out/sourcedata/freesurfer/sub-v1s8x0051332_ses-1/mri
mris_place_surface --area-map ../surf/lh.pial ../surf/lh.area.pial
   Update not needed
#@# thickness lh Tue Mar 10 14:26:49 CET 2026
cd /out/sourcedata/freesurfer/sub-v1s8x0051332_ses-1/mri
mris_place_surface --thickness ../surf/lh.white ../surf/lh.pial 20 5 ../surf/lh.thickness
   Update not needed
#@# area and vertex vol lh Tue Mar 10 14:26:49 CET 2026
cd /out/sourcedata/freesurfer/sub-v1s8x0051332_ses-1/mri
mris_place_surface --thickness ../surf/lh.white ../surf/lh.pial 20 5 ../surf/lh.thickness
   Update not needed
#-----------------------------------------
#@# Parcellation Stats lh Tue Mar 10 14:26:49 CET 2026
/out/sourcedata/freesurfer/sub-v1s8x0051332_ses-1/scripts

 mris_anatomical_stats -th3 -mgz -noglobal -cortex ../label/lh.cortex.label -f ../stats/lh.aparc.stats -b -a ../label/lh.aparc.annot -c ../label/aparc.annot.ctab sub-v1s8x0051332_ses-1 lh white 

computing statistics for each annotation in ../label/lh.aparc.annot.
reading volume /out/sourcedata/freesurfer/sub-v1s8x0051332_ses-1/mri/wm.mgz...
reading input surface /out/sourcedata/freesurfer/sub-v1s8x0051332_ses-1/surf/lh.white...
reading input pial surface /out/sourcedata/freesurfer/sub-v1s8x0051332_ses-1/surf/lh.pial...
reading input white surface /out/sourcedata/freesurfer/sub-v1s8x0051332_ses-1/surf/lh.white...
INFO: using TH3 volume calc
INFO: assuming MGZ format for volumes.
INFO: not computing global stats
INFO: using ../label/lh.cortex.label as mask to calc cortex NumVert, SurfArea and MeanThickness.
Using TH3 vertex volume calc
Total face volume 280814
Total vertex volume 280636 (mask=0)
Saving annotation colortable ../label/aparc.annot.ctab

table columns are:
    number of vertices
    total surface area (mm^2)
    total gray matter volume (mm^3)
    average cortical thickness +- standard deviation (mm)
    integrated rectified mean curvature
    integrated rectified Gaussian curvature
    folding index
    intrinsic curvature index
    structure name

 2313   1936   4077  2.531 0.799     0.149     0.037       20     4.0  bankssts
 1918   1198   3872  2.888 0.647     0.105     0.019       18     1.4  caudalanteriorcingulate
 4452   3060   5880  2.002 0.768     0.140     0.043       72    10.0  caudalmiddlefrontal
 2189   1586   2277  1.581 0.619     0.140     0.033       29     3.8  cuneus
  812    433   1831  3.298 0.750     0.095     0.040        7     1.2  entorhinal
 6129   4180  10624  2.491 0.723     0.132     0.038       62    10.0  fusiform
10182   6413  17876  2.672 0.701     0.110     0.026       94    11.1  inferiorparietal
 7094   4947  13054  2.462 0.989     0.133     0.039       78    12.5  inferiortemporal
 1810   1201   3111  2.468 0.785     0.120     0.033       20     2.2  isthmuscingulate
 9655   7657  11174  1.528 0.641     0.158     0.042      138    20.7  lateraloccipital
 5173   3729   8852  2.488 1.018     0.133     0.033       55     7.6  lateralorbitofrontal
 3999   2905   4655  1.702 0.643     0.131     0.032       42     5.4  lingual
 4070   2670   7389  2.516 0.868     0.129     0.035       63     5.8  medialorbitofrontal
 8002   5466  13451  2.454 0.930     0.135     0.041       87    14.7  middletemporal
 1307    750   2250  2.579 0.658     0.104     0.033       15     1.6  parahippocampal
 2541   1756   2858  1.655 0.686     0.103     0.021       14     2.4  paracentral
 3812   2676   5802  2.221 0.670     0.124     0.030       31     4.9  parsopercularis
 1497    967   2676  2.580 0.945     0.145     0.045       23     3.0  parsorbitalis
 2867   1924   4963  2.599 0.703     0.121     0.032       47     4.0  parstriangularis
 1332   1075   1235  1.318 0.484     0.145     0.037       16     2.5  pericalcarine
 8194   5599   9279  1.677 0.721     0.117     0.027       69    10.1  postcentral
 2143   1384   4424  2.845 0.854     0.121     0.029       29     2.7  posteriorcingulate
 9633   6696  11579  1.774 0.738     0.111     0.025       74    10.6  precentral
 7568   4833  11569  2.409 0.665     0.115     0.027       76     8.9  precuneus
 2218   1261   4530  2.913 0.803     0.097     0.028       22     2.4  rostralanteriorcingulate
14462   9102  27131  2.784 0.662     0.120     0.028      156    16.7  rostralmiddlefrontal
16096  10179  28365  2.658 0.911     0.126     0.037      212    25.6  superiorfrontal
 9889   6394  14900  2.235 0.713     0.112     0.035       94    10.9  superiorparietal
 8848   6062  13526  2.351 0.873     0.119     0.032       67    12.6  superiortemporal
 9882   6986  15435  2.267 0.773     0.141     0.040      134    18.0  supramarginal
  469    306    804  2.064 1.094     0.127     0.026        5     0.5  frontalpole
  834    528   1727  2.734 0.814     0.162     0.073       15     2.7  temporalpole
  993    609   1580  2.371 0.491     0.095     0.027        6     0.9  transversetemporal
 4750   3413   7877  2.549 0.873     0.138     0.038       50     7.7  insula

 mris_anatomical_stats -th3 -mgz -noglobal -cortex ../label/lh.cortex.label -f ../stats/lh.aparc.pial.stats -b -a ../label/lh.aparc.annot -c ../label/aparc.annot.ctab sub-v1s8x0051332_ses-1 lh pial 

computing statistics for each annotation in ../label/lh.aparc.annot.
reading volume /out/sourcedata/freesurfer/sub-v1s8x0051332_ses-1/mri/wm.mgz...
reading input surface /out/sourcedata/freesurfer/sub-v1s8x0051332_ses-1/surf/lh.pial...
reading input pial surface /out/sourcedata/freesurfer/sub-v1s8x0051332_ses-1/surf/lh.pial...
reading input white surface /out/sourcedata/freesurfer/sub-v1s8x0051332_ses-1/surf/lh.white...
INFO: using TH3 volume calc
INFO: assuming MGZ format for volumes.
INFO: not computing global stats
INFO: using ../label/lh.cortex.label as mask to calc cortex NumVert, SurfArea and MeanThickness.
Using TH3 vertex volume calc
Total face volume 280814
Total vertex volume 280636 (mask=0)
Saving annotation colortable ../label/aparc.annot.ctab

table columns are:
    number of vertices
    total surface area (mm^2)
    total gray matter volume (mm^3)
    average cortical thickness +- standard deviation (mm)
    integrated rectified mean curvature
    integrated rectified Gaussian curvature
    folding index
    intrinsic curvature index
    structure name

 2313   1388   4077  2.531 0.799     0.102     0.027       46     2.4  bankssts
 1918   1480   3872  2.888 0.647     0.123     0.030       91     2.4  caudalanteriorcingulate
 4452   2955   5880  2.002 0.768     0.098     0.025      168     4.9  caudalmiddlefrontal
 2189   1540   2277  1.581 0.619     0.109     0.029       96     2.6  cuneus
  812    761   1831  3.298 0.750     0.174     0.042       19     1.6  entorhinal
 6129   4556  10624  2.491 0.723     0.123     0.033      130     8.1  fusiform
10182   7128  17876  2.672 0.701     0.097     0.022      165     9.5  inferiorparietal
 7094   5587  13054  2.462 0.989     0.130     0.035      173    10.2  inferiortemporal
 1810   1383   3111  2.468 0.785     0.150     0.054       44     3.1  isthmuscingulate
 9655   7552  11174  1.528 0.641     0.106     0.029      414    10.1  lateraloccipital
 5173   3580   8852  2.488 1.018     0.112     0.029      153     6.0  lateralorbitofrontal
 3999   2972   4655  1.702 0.643     0.121     0.033       77     5.3  lingual
 4070   3209   7389  2.516 0.868     0.135     0.033       72     5.7  medialorbitofrontal
 8002   5788  13451  2.454 0.930     0.103     0.026      214     8.4  middletemporal
 1307   1003   2250  2.579 0.658     0.142     0.039       24     2.3  parahippocampal
 2541   1829   2858  1.655 0.686     0.099     0.021      153     2.4  paracentral
 3812   2744   5802  2.221 0.670     0.100     0.024       41     3.6  parsopercularis
 1497   1177   2676  2.580 0.945     0.111     0.026       22     1.5  parsorbitalis
 2867   1988   4963  2.599 0.703     0.099     0.024       47     2.4  parstriangularis
 1332    933   1235  1.318 0.484     0.105     0.027       27     1.4  pericalcarine
 8194   6119   9279  1.677 0.721     0.098     0.023      130     8.0  postcentral
 2143   1729   4424  2.845 0.854     0.155     0.047      157     3.6  posteriorcingulate
 9633   7004  11579  1.774 0.738     0.098     0.023      266     9.8  precentral
 7568   4943  11569  2.409 0.665     0.104     0.023      141     7.5  precuneus
 2218   1755   4530  2.913 0.803     0.129     0.027       42     2.8  rostralanteriorcingulate
14462  10501  27131  2.784 0.662     0.112     0.025      250    14.7  rostralmiddlefrontal
16096  11452  28365  2.658 0.911     0.111     0.031      290    17.6  superiorfrontal
 9889   7198  14900  2.235 0.713     0.106     0.105      155     9.4  superiorparietal
 8848   5960  13526  2.351 0.873     0.102     0.027      173    10.0  superiortemporal
 9882   6929  15435  2.267 0.773     0.111     0.031      199    13.0  supramarginal
  469    440    804  2.064 1.094     0.118     0.018        3     0.4  frontalpole
  834    738   1727  2.734 0.814     0.153     0.049       14     1.7  temporalpole
  993    763   1580  2.371 0.491     0.104     0.026        6     1.1  transversetemporal
 4750   2863   7877  2.549 0.873     0.120     0.036      124     6.3  insula
#-----------------------------------------
#@# Parcellation Stats 2 lh Tue Mar 10 14:27:18 CET 2026
/out/sourcedata/freesurfer/sub-v1s8x0051332_ses-1/scripts

 mris_anatomical_stats -th3 -mgz -noglobal -cortex ../label/lh.cortex.label -f ../stats/lh.aparc.a2009s.stats -b -a ../label/lh.aparc.a2009s.annot -c ../label/aparc.annot.a2009s.ctab sub-v1s8x0051332_ses-1 lh white 

computing statistics for each annotation in ../label/lh.aparc.a2009s.annot.
reading volume /out/sourcedata/freesurfer/sub-v1s8x0051332_ses-1/mri/wm.mgz...
reading input surface /out/sourcedata/freesurfer/sub-v1s8x0051332_ses-1/surf/lh.white...
reading input pial surface /out/sourcedata/freesurfer/sub-v1s8x0051332_ses-1/surf/lh.pial...
reading input white surface /out/sourcedata/freesurfer/sub-v1s8x0051332_ses-1/surf/lh.white...
INFO: using TH3 volume calc
INFO: assuming MGZ format for volumes.
INFO: not computing global stats
INFO: using ../label/lh.cortex.label as mask to calc cortex NumVert, SurfArea and MeanThickness.
Using TH3 vertex volume calc
Total face volume 280814
Total vertex volume 280636 (mask=0)
Saving annotation colortable ../label/aparc.annot.a2009s.ctab

table columns are:
    number of vertices
    total surface area (mm^2)
    total gray matter volume (mm^3)
    average cortical thickness +- standard deviation (mm)
    integrated rectified mean curvature
    integrated rectified Gaussian curvature
    folding index
    intrinsic curvature index
    structure name

 1797   1224   2870  2.346 0.647     0.136     0.036       20     2.9  G_and_S_frontomargin
 2278   1686   2612  1.559 0.620     0.155     0.048       32     5.4  G_and_S_occipital_inf
 1875   1260   1716  1.275 0.508     0.099     0.017       11     1.5  G_and_S_paracentral
 2365   1586   3826  2.335 0.785     0.113     0.027       19     2.7  G_and_S_subcentral
 1130    777   1457  1.849 0.837     0.147     0.036       15     2.0  G_and_S_transv_frontopol
 3592   2204   7186  3.001 0.606     0.097     0.024       29     3.5  G_and_S_cingul-Ant
 2276   1501   4689  3.004 0.627     0.109     0.023       20     2.1  G_and_S_cingul-Mid-Ant
 1565   1083   3356  3.047 0.642     0.118     0.025       14     1.7  G_and_S_cingul-Mid-Post
  631    394   1712  3.245 0.578     0.116     0.035        8     0.8  G_cingul-Post-dorsal
  431    259    752  2.452 0.915     0.121     0.037        5     0.7  G_cingul-Post-ventral
 1857   1332   1791  1.387 0.455     0.137     0.033       22     3.3  G_cuneus
 2477   1587   3765  2.161 0.726     0.121     0.030       21     3.4  G_front_inf-Opercular
  800    437   1230  2.297 0.938     0.121     0.046       16     2.0  G_front_inf-Orbital
 1798   1101   3084  2.474 0.773     0.123     0.032       33     2.3  G_front_inf-Triangul
 8130   4481  14595  2.620 0.907     0.127     0.038      133    14.5  G_front_middle
11325   6479  20177  2.632 0.964     0.123     0.039      173    17.6  G_front_sup
 1078    705   1963  2.674 0.878     0.138     0.051       17     2.1  G_Ins_lg_and_S_cent_ins
 1163    762   1908  2.286 1.098     0.143     0.044       15     2.0  G_insular_short
 3323   2003   4562  2.059 0.925     0.116     0.031       34     4.5  G_occipital_middle
 1907   1320   2446  1.771 0.634     0.132     0.032       24     2.9  G_occipital_sup
 2763   1708   4841  2.434 0.709     0.124     0.037       30     4.3  G_oc-temp_lat-fusifor
 2690   1876   2758  1.458 0.559     0.130     0.038       31     4.0  G_oc-temp_med-Lingual
 1787    961   3493  2.837 0.791     0.100     0.037       19     2.6  G_oc-temp_med-Parahip
 3464   2169   5882  2.350 1.003     0.130     0.037       49     5.3  G_orbital
 4230   2375   6999  2.464 0.930     0.110     0.032       45     5.8  G_pariet_inf-Angular
 4893   2954   7226  2.206 0.813     0.124     0.039       73     8.0  G_pariet_inf-Supramar
 4000   2151   6515  2.374 0.827     0.095     0.050       32     4.1  G_parietal_sup
 3264   2062   3364  1.523 0.512     0.120     0.031       31     4.8  G_postcentral
 3511   2194   4119  1.656 0.690     0.089     0.018       18     2.7  G_precentral
 4129   2262   6241  2.357 0.667     0.115     0.031       54     5.6  G_precuneus
 1219    800   3037  2.570 1.099     0.141     0.047       23     2.4  G_rectus
  859    575   1030  1.878 1.012     0.151     0.053       19     2.0  G_subcallosal
  830    428   1368  2.545 0.648     0.100     0.042       10     1.5  G_temp_sup-G_T_transv
 3069   1873   4249  1.983 0.847     0.122     0.035       24     4.9  G_temp_sup-Lateral
 1047    659   1698  2.545 0.978     0.125     0.046        9     2.0  G_temp_sup-Plan_polar
 2198   1514   3125  2.087 0.756     0.117     0.029       14     3.0  G_temp_sup-Plan_tempo
 3985   2564   7755  2.363 1.117     0.118     0.035       44     5.8  G_temporal_inf
 5273   3332   8621  2.282 1.020     0.133     0.044       65     9.9  G_temporal_middle
  332    295    543  2.355 0.697     0.144     0.029        3     0.4  Lat_Fis-ant-Horizont
  322    287    568  2.634 0.697     0.135     0.026        2     0.4  Lat_Fis-ant-Vertical
 1497   1329   2794  2.694 0.612     0.169     0.044       18     2.9  Lat_Fis-post
 2675   1992   2713  1.372 0.648     0.133     0.033       37     4.5  Pole_occipital
 2291   1446   4426  2.709 0.818     0.145     0.055       33     5.5  Pole_temporal
 2018   1636   2490  1.809 0.679     0.147     0.034       23     3.3  S_calcarine
 3782   2860   3119  1.263 0.335     0.124     0.027       35     4.7  S_central
 1231    893   1913  2.435 0.607     0.109     0.019        8     1.0  S_cingul-Marginalis
  551    460    803  2.195 0.822     0.164     0.046        7     1.2  S_circular_insula_ant
 1791   1427   3187  2.811 0.605     0.116     0.025       10     2.1  S_circular_insula_inf
 2083   1659   3639  2.881 0.532     0.122     0.023       11     2.2  S_circular_insula_sup
 1325    944   2159  2.587 0.451     0.118     0.031       10     1.6  S_collat_transv_ant
  566    460    519  1.447 0.391     0.190     0.053        8     1.5  S_collat_transv_post
 3990   2861   6581  2.579 0.500     0.122     0.026       33     4.3  S_front_inf
 1997   1536   3375  2.636 0.385     0.119     0.020       13     1.7  S_front_middle
 4745   3395   8375  2.579 0.810     0.131     0.032       47     7.2  S_front_sup
  462    431    722  2.183 0.603     0.192     0.043        6     0.9  S_interm_prim-Jensen
 3824   2793   5732  2.336 0.525     0.120     0.021       41     3.8  S_intrapariet_and_P_trans
 1361   1145   1588  1.717 0.566     0.165     0.038       19     2.6  S_oc_middle_and_Lunatus
 1529   1170   2235  2.201 0.510     0.134     0.026       14     2.0  S_oc_sup_and_transversal
  838   1157   2100  2.304 0.780     0.291     0.079       18     4.0  S_occipital_ant
 1476   1183   2644  2.851 0.612     0.133     0.030       11     2.2  S_oc-temp_lat
 2096   1544   3380  2.501 0.679     0.121     0.026       16     2.3  S_oc-temp_med_and_Lingual
  576    434   1172  3.009 0.785     0.143     0.028        6     0.7  S_orbital_lateral
  921    731   1301  2.241 0.728     0.133     0.025        7     1.0  S_orbital_med-olfact
 1890   1434   3799  3.007 0.890     0.137     0.034       17     2.9  S_orbital-H_Shaped
 2510   1814   3509  2.198 0.731     0.115     0.021       20     2.3  S_parieto_occipital
 1771   1211   2223  2.072 0.732     0.122     0.026       23     1.8  S_pericallosal
 3562   2837   4998  2.080 0.712     0.152     0.037       44     6.7  S_postcentral
 2393   1837   3785  2.450 0.566     0.120     0.024       16     2.6  S_precentral-inf-part
 1519   1199   1615  1.639 0.572     0.134     0.032       14     2.4  S_precentral-sup-part
 1072    793   1744  2.668 0.553     0.117     0.017        8     0.8  S_suborbital
 1568   1125   2552  2.643 0.582     0.127     0.031       15     2.0  S_subparietal
 1723   1486   2635  2.345 0.877     0.183     0.052       20     4.7  S_temporal_inf
 9345   7043  17043  2.796 0.588     0.122     0.026       70    11.3  S_temporal_sup
  492    399    637  2.063 0.486     0.157     0.036        5     0.8  S_temporal_transverse
#-----------------------------------------
#@# Parcellation Stats 3 lh Tue Mar 10 14:27:33 CET 2026
/out/sourcedata/freesurfer/sub-v1s8x0051332_ses-1/scripts

 mris_anatomical_stats -th3 -mgz -noglobal -cortex ../label/lh.cortex.label -f ../stats/lh.aparc.DKTatlas.stats -b -a ../label/lh.aparc.DKTatlas.annot -c ../label/aparc.annot.DKTatlas.ctab sub-v1s8x0051332_ses-1 lh white 

computing statistics for each annotation in ../label/lh.aparc.DKTatlas.annot.
reading volume /out/sourcedata/freesurfer/sub-v1s8x0051332_ses-1/mri/wm.mgz...
reading input surface /out/sourcedata/freesurfer/sub-v1s8x0051332_ses-1/surf/lh.white...
reading input pial surface /out/sourcedata/freesurfer/sub-v1s8x0051332_ses-1/surf/lh.pial...
reading input white surface /out/sourcedata/freesurfer/sub-v1s8x0051332_ses-1/surf/lh.white...
INFO: using TH3 volume calc
INFO: assuming MGZ format for volumes.
INFO: not computing global stats
INFO: using ../label/lh.cortex.label as mask to calc cortex NumVert, SurfArea and MeanThickness.
Using TH3 vertex volume calc
Total face volume 280814
Total vertex volume 280636 (mask=0)
Saving annotation colortable ../label/aparc.annot.DKTatlas.ctab

table columns are:
    number of vertices
    total surface area (mm^2)
    total gray matter volume (mm^3)
    average cortical thickness +- standard deviation (mm)
    integrated rectified mean curvature
    integrated rectified Gaussian curvature
    folding index
    intrinsic curvature index
    structure name

 2942   1757   5682  2.918 0.675     0.103     0.021       30     2.4  caudalanteriorcingulate
 4770   3272   6446  2.040 0.797     0.139     0.042       76    10.5  caudalmiddlefrontal
 3160   2279   3647  1.740 0.704     0.134     0.031       36     5.0  cuneus
  811    460   1835  3.258 0.704     0.098     0.038        7     1.2  entorhinal
 5482   3740   9394  2.463 0.719     0.129     0.036       54     8.3  fusiform
10196   6467  17745  2.640 0.701     0.111     0.026       91    11.4  inferiorparietal
 7088   4859  13130  2.503 0.966     0.131     0.039       77    12.3  inferiortemporal
 1786   1197   3074  2.468 0.777     0.120     0.032       19     2.2  isthmuscingulate
 9610   7544  11224  1.550 0.648     0.156     0.042      137    20.4  lateraloccipital
 5924   4167   9768  2.380 1.000     0.135     0.035       67     9.1  lateralorbitofrontal
 4116   2992   4726  1.678 0.638     0.131     0.033       44     5.6  lingual
 3473   2220   6618  2.522 0.890     0.132     0.037       60     5.4  medialorbitofrontal
10376   7288  17490  2.465 0.908     0.135     0.038      107    18.5  middletemporal
 1336    772   2301  2.584 0.655     0.104     0.033       15     1.7  parahippocampal
 3101   2110   3596  1.702 0.750     0.104     0.023       19     3.0  paracentral
 3565   2517   5450  2.241 0.672     0.123     0.029       26     4.4  parsopercularis
 1335    952   2031  2.207 0.978     0.146     0.045       19     2.6  parsorbitalis
 3753   2536   6355  2.565 0.668     0.123     0.031       57     5.0  parstriangularis
 1377   1116   1279  1.312 0.472     0.150     0.038       17     2.7  pericalcarine
 9154   6360  10813  1.736 0.752     0.121     0.028       78    11.7  postcentral
 2282   1506   4621  2.834 0.818     0.124     0.030       29     2.9  posteriorcingulate
 9503   6578  11507  1.795 0.747     0.110     0.024       73    10.2  precentral
 7441   4691  11200  2.367 0.674     0.113     0.027       76     8.5  precuneus
 2924   1762   5623  2.875 0.760     0.102     0.026       26     3.0  rostralanteriorcingulate
10596   6532  20455  2.888 0.614     0.118     0.028      116    11.9  rostralmiddlefrontal
17614  11233  31393  2.633 0.897     0.127     0.036      227    27.4  superiorfrontal
 8054   5087  12301  2.297 0.712     0.108     0.037       78     8.4  superiorparietal
11428   8050  18408  2.404 0.870     0.131     0.038      104    19.2  superiortemporal
 9077   6410  14143  2.268 0.785     0.143     0.041      129    16.9  supramarginal
  987    606   1573  2.375 0.486     0.094     0.026        6     0.9  transversetemporal
 3872   2822   6810  2.657 0.869     0.136     0.037       40     6.1  insula
/out/sourcedata/freesurfer/sub-v1s8x0051332_ses-1/label
#--------------------------------------------
#@# BA_exvivo Labels lh Tue Mar 10 14:27:47 CET 2026

 mri_label2label --srcsubject fsaverage --srclabel /out/sourcedata/freesurfer/fsaverage/label/lh.BA1_exvivo.label --trgsubject sub-v1s8x0051332_ses-1 --trglabel ./lh.BA1_exvivo.label --hemi lh --regmethod surface 


srclabel = /out/sourcedata/freesurfer/fsaverage/label/lh.BA1_exvivo.label
srcsubject = fsaverage
trgsubject = sub-v1s8x0051332_ses-1
trglabel = ./lh.BA1_exvivo.label
regmethod = surface

srchemi = lh
trghemi = lh
trgsurface = white
srcsurfreg = sphere.reg
trgsurfreg = sphere.reg
usehash = 1
Use ProjAbs  = 0, 0
Use ProjFrac = 0, 0
DoPaint 0

SUBJECTS_DIR    /out/sourcedata/freesurfer
FREESURFER_HOME /opt/freesurfer
Loading source label.
Found 4129 points in source label.
Starting surface-based mapping
Reading source registration 
 /out/sourcedata/freesurfer/fsaverage/surf/lh.sphere.reg
Rescaling ...  original radius = 100
Reading target surface 
 /out/sourcedata/freesurfer/sub-v1s8x0051332_ses-1/surf/lh.white
Reading target registration 
 /out/sourcedata/freesurfer/sub-v1s8x0051332_ses-1/surf/lh.sphere.reg
Rescaling ...  original radius = 99.9999
Building target registration hash (res=16).
Building source registration hash (res=16).
INFO: found  4129 nlabel points
Performing mapping from target back to the source label 185561
Number of reverse mapping hits = 459
Checking for and removing duplicates
Writing label file ./lh.BA1_exvivo.label 4588
mri_label2label: Done


 mri_label2label --srcsubject fsaverage --srclabel /out/sourcedata/freesurfer/fsaverage/label/lh.BA2_exvivo.label --trgsubject sub-v1s8x0051332_ses-1 --trglabel ./lh.BA2_exvivo.label --hemi lh --regmethod surface 


srclabel = /out/sourcedata/freesurfer/fsaverage/label/lh.BA2_exvivo.label
srcsubject = fsaverage
trgsubject = sub-v1s8x0051332_ses-1
trglabel = ./lh.BA2_exvivo.label
regmethod = surface

srchemi = lh
trghemi = lh
trgsurface = white
srcsurfreg = sphere.reg
trgsurfreg = sphere.reg
usehash = 1
Use ProjAbs  = 0, 0
Use ProjFrac = 0, 0
DoPaint 0

SUBJECTS_DIR    /out/sourcedata/freesurfer
FREESURFER_HOME /opt/freesurfer
Loading source label.
Found 7909 points in source label.
Starting surface-based mapping
Reading source registration 
 /out/sourcedata/freesurfer/fsaverage/surf/lh.sphere.reg
Rescaling ...  original radius = 100
Reading target surface 
 /out/sourcedata/freesurfer/sub-v1s8x0051332_ses-1/surf/lh.white
Reading target registration 
 /out/sourcedata/freesurfer/sub-v1s8x0051332_ses-1/surf/lh.sphere.reg
Rescaling ...  original radius = 99.9999
Building target registration hash (res=16).
Building source registration hash (res=16).
INFO: found  7909 nlabel points
Performing mapping from target back to the source label 185561
Number of reverse mapping hits = 812
Checking for and removing duplicates
Writing label file ./lh.BA2_exvivo.label 8721
mri_label2label: Done


 mri_label2label --srcsubject fsaverage --srclabel /out/sourcedata/freesurfer/fsaverage/label/lh.BA3a_exvivo.label --trgsubject sub-v1s8x0051332_ses-1 --trglabel ./lh.BA3a_exvivo.label --hemi lh --regmethod surface 


srclabel = /out/sourcedata/freesurfer/fsaverage/label/lh.BA3a_exvivo.label
srcsubject = fsaverage
trgsubject = sub-v1s8x0051332_ses-1
trglabel = ./lh.BA3a_exvivo.label
regmethod = surface

srchemi = lh
trghemi = lh
trgsurface = white
srcsurfreg = sphere.reg
trgsurfreg = sphere.reg
usehash = 1
Use ProjAbs  = 0, 0
Use ProjFrac = 0, 0
DoPaint 0

SUBJECTS_DIR    /out/sourcedata/freesurfer
FREESURFER_HOME /opt/freesurfer
Loading source label.
Found 4077 points in source label.
Starting surface-based mapping
Reading source registration 
 /out/sourcedata/freesurfer/fsaverage/surf/lh.sphere.reg
Rescaling ...  original radius = 100
Reading target surface 
 /out/sourcedata/freesurfer/sub-v1s8x0051332_ses-1/surf/lh.white
Reading target registration 
 /out/sourcedata/freesurfer/sub-v1s8x0051332_ses-1/surf/lh.sphere.reg
Rescaling ...  original radius = 99.9999
Building target registration hash (res=16).
Building source registration hash (res=16).
INFO: found  4077 nlabel points
Performing mapping from target back to the source label 185561
Number of reverse mapping hits = 182
Checking for and removing duplicates
Writing label file ./lh.BA3a_exvivo.label 4259
mri_label2label: Done


 mri_label2label --srcsubject fsaverage --srclabel /out/sourcedata/freesurfer/fsaverage/label/lh.BA3b_exvivo.label --trgsubject sub-v1s8x0051332_ses-1 --trglabel ./lh.BA3b_exvivo.label --hemi lh --regmethod surface 


srclabel = /out/sourcedata/freesurfer/fsaverage/label/lh.BA3b_exvivo.label
srcsubject = fsaverage
trgsubject = sub-v1s8x0051332_ses-1
trglabel = ./lh.BA3b_exvivo.label
regmethod = surface

srchemi = lh
trghemi = lh
trgsurface = white
srcsurfreg = sphere.reg
trgsurfreg = sphere.reg
usehash = 1
Use ProjAbs  = 0, 0
Use ProjFrac = 0, 0
DoPaint 0

SUBJECTS_DIR    /out/sourcedata/freesurfer
FREESURFER_HOME /opt/freesurfer
Loading source label.
Found 5983 points in source label.
Starting surface-based mapping
Reading source registration 
 /out/sourcedata/freesurfer/fsaverage/surf/lh.sphere.reg
Rescaling ...  original radius = 100
Reading target surface 
 /out/sourcedata/freesurfer/sub-v1s8x0051332_ses-1/surf/lh.white
Reading target registration 
 /out/sourcedata/freesurfer/sub-v1s8x0051332_ses-1/surf/lh.sphere.reg
Rescaling ...  original radius = 99.9999
Building target registration hash (res=16).
Building source registration hash (res=16).
INFO: found  5983 nlabel points
Performing mapping from target back to the source label 185561
Number of reverse mapping hits = 584
Checking for and removing duplicates
Writing label file ./lh.BA3b_exvivo.label 6567
mri_label2label: Done


 mri_label2label --srcsubject fsaverage --srclabel /out/sourcedata/freesurfer/fsaverage/label/lh.BA4a_exvivo.label --trgsubject sub-v1s8x0051332_ses-1 --trglabel ./lh.BA4a_exvivo.label --hemi lh --regmethod surface 


srclabel = /out/sourcedata/freesurfer/fsaverage/label/lh.BA4a_exvivo.label
srcsubject = fsaverage
trgsubject = sub-v1s8x0051332_ses-1
trglabel = ./lh.BA4a_exvivo.label
regmethod = surface

srchemi = lh
trghemi = lh
trgsurface = white
srcsurfreg = sphere.reg
trgsurfreg = sphere.reg
usehash = 1
Use ProjAbs  = 0, 0
Use ProjFrac = 0, 0
DoPaint 0

SUBJECTS_DIR    /out/sourcedata/freesurfer
FREESURFER_HOME /opt/freesurfer
Loading source label.
Found 5784 points in source label.
Starting surface-based mapping
Reading source registration 
 /out/sourcedata/freesurfer/fsaverage/surf/lh.sphere.reg
Rescaling ...  original radius = 100
Reading target surface 
 /out/sourcedata/freesurfer/sub-v1s8x0051332_ses-1/surf/lh.white
Reading target registration 
 /out/sourcedata/freesurfer/sub-v1s8x0051332_ses-1/surf/lh.sphere.reg
Rescaling ...  original radius = 99.9999
Building target registration hash (res=16).
Building source registration hash (res=16).
INFO: found  5784 nlabel points
Performing mapping from target back to the source label 185561
Number of reverse mapping hits = 386
Checking for and removing duplicates
Writing label file ./lh.BA4a_exvivo.label 6170
mri_label2label: Done


 mri_label2label --srcsubject fsaverage --srclabel /out/sourcedata/freesurfer/fsaverage/label/lh.BA4p_exvivo.label --trgsubject sub-v1s8x0051332_ses-1 --trglabel ./lh.BA4p_exvivo.label --hemi lh --regmethod surface 


srclabel = /out/sourcedata/freesurfer/fsaverage/label/lh.BA4p_exvivo.label
srcsubject = fsaverage
trgsubject = sub-v1s8x0051332_ses-1
trglabel = ./lh.BA4p_exvivo.label
regmethod = surface

srchemi = lh
trghemi = lh
trgsurface = white
srcsurfreg = sphere.reg
trgsurfreg = sphere.reg
usehash = 1
Use ProjAbs  = 0, 0
Use ProjFrac = 0, 0
DoPaint 0

SUBJECTS_DIR    /out/sourcedata/freesurfer
FREESURFER_HOME /opt/freesurfer
Loading source label.
Found 4070 points in source label.
Starting surface-based mapping
Reading source registration 
 /out/sourcedata/freesurfer/fsaverage/surf/lh.sphere.reg
Rescaling ...  original radius = 100
Reading target surface 
 /out/sourcedata/freesurfer/sub-v1s8x0051332_ses-1/surf/lh.white
Reading target registration 
 /out/sourcedata/freesurfer/sub-v1s8x0051332_ses-1/surf/lh.sphere.reg
Rescaling ...  original radius = 99.9999
Building target registration hash (res=16).
Building source registration hash (res=16).
INFO: found  4070 nlabel points
Performing mapping from target back to the source label 185561
Number of reverse mapping hits = 196
Checking for and removing duplicates
Writing label file ./lh.BA4p_exvivo.label 4266
mri_label2label: Done


 mri_label2label --srcsubject fsaverage --srclabel /out/sourcedata/freesurfer/fsaverage/label/lh.BA6_exvivo.label --trgsubject sub-v1s8x0051332_ses-1 --trglabel ./lh.BA6_exvivo.label --hemi lh --regmethod surface 


srclabel = /out/sourcedata/freesurfer/fsaverage/label/lh.BA6_exvivo.label
srcsubject = fsaverage
trgsubject = sub-v1s8x0051332_ses-1
trglabel = ./lh.BA6_exvivo.label
regmethod = surface

srchemi = lh
trghemi = lh
trgsurface = white
srcsurfreg = sphere.reg
trgsurfreg = sphere.reg
usehash = 1
Use ProjAbs  = 0, 0
Use ProjFrac = 0, 0
DoPaint 0

SUBJECTS_DIR    /out/sourcedata/freesurfer
FREESURFER_HOME /opt/freesurfer
Loading source label.
Found 13589 points in source label.
Starting surface-based mapping
Reading source registration 
 /out/sourcedata/freesurfer/fsaverage/surf/lh.sphere.reg
Rescaling ...  original radius = 100
Reading target surface 
 /out/sourcedata/freesurfer/sub-v1s8x0051332_ses-1/surf/lh.white
Reading target registration 
 /out/sourcedata/freesurfer/sub-v1s8x0051332_ses-1/surf/lh.sphere.reg
Rescaling ...  original radius = 99.9999
Building target registration hash (res=16).
Building source registration hash (res=16).
INFO: found  13589 nlabel points
Performing mapping from target back to the source label 185561
Number of reverse mapping hits = 3016
Checking for and removing duplicates
Writing label file ./lh.BA6_exvivo.label 16605
mri_label2label: Done


 mri_label2label --srcsubject fsaverage --srclabel /out/sourcedata/freesurfer/fsaverage/label/lh.BA44_exvivo.label --trgsubject sub-v1s8x0051332_ses-1 --trglabel ./lh.BA44_exvivo.label --hemi lh --regmethod surface 


srclabel = /out/sourcedata/freesurfer/fsaverage/label/lh.BA44_exvivo.label
srcsubject = fsaverage
trgsubject = sub-v1s8x0051332_ses-1
trglabel = ./lh.BA44_exvivo.label
regmethod = surface

srchemi = lh
trghemi = lh
trgsurface = white
srcsurfreg = sphere.reg
trgsurfreg = sphere.reg
usehash = 1
Use ProjAbs  = 0, 0
Use ProjFrac = 0, 0
DoPaint 0

SUBJECTS_DIR    /out/sourcedata/freesurfer
FREESURFER_HOME /opt/freesurfer
Loading source label.
Found 4181 points in source label.
Starting surface-based mapping
Reading source registration 
 /out/sourcedata/freesurfer/fsaverage/surf/lh.sphere.reg
Rescaling ...  original radius = 100
Reading target surface 
 /out/sourcedata/freesurfer/sub-v1s8x0051332_ses-1/surf/lh.white
Reading target registration 
 /out/sourcedata/freesurfer/sub-v1s8x0051332_ses-1/surf/lh.sphere.reg
Rescaling ...  original radius = 99.9999
Building target registration hash (res=16).
Building source registration hash (res=16).
INFO: found  4181 nlabel points
Performing mapping from target back to the source label 185561
Number of reverse mapping hits = 1221
Checking for and removing duplicates
Writing label file ./lh.BA44_exvivo.label 5402
mri_label2label: Done


 mri_label2label --srcsubject fsaverage --srclabel /out/sourcedata/freesurfer/fsaverage/label/lh.BA45_exvivo.label --trgsubject sub-v1s8x0051332_ses-1 --trglabel ./lh.BA45_exvivo.label --hemi lh --regmethod surface 


srclabel = /out/sourcedata/freesurfer/fsaverage/label/lh.BA45_exvivo.label
srcsubject = fsaverage
trgsubject = sub-v1s8x0051332_ses-1
trglabel = ./lh.BA45_exvivo.label
regmethod = surface

srchemi = lh
trghemi = lh
trgsurface = white
srcsurfreg = sphere.reg
trgsurfreg = sphere.reg
usehash = 1
Use ProjAbs  = 0, 0
Use ProjFrac = 0, 0
DoPaint 0

SUBJECTS_DIR    /out/sourcedata/freesurfer
FREESURFER_HOME /opt/freesurfer
Loading source label.
Found 3422 points in source label.
Starting surface-based mapping
Reading source registration 
 /out/sourcedata/freesurfer/fsaverage/surf/lh.sphere.reg
Rescaling ...  original radius = 100
Reading target surface 
 /out/sourcedata/freesurfer/sub-v1s8x0051332_ses-1/surf/lh.white
Reading target registration 
 /out/sourcedata/freesurfer/sub-v1s8x0051332_ses-1/surf/lh.sphere.reg
Rescaling ...  original radius = 99.9999
Building target registration hash (res=16).
Building source registration hash (res=16).
INFO: found  3422 nlabel points
Performing mapping from target back to the source label 185561
Number of reverse mapping hits = 2411
Checking for and removing duplicates
Writing label file ./lh.BA45_exvivo.label 5833
mri_label2label: Done


 mri_label2label --srcsubject fsaverage --srclabel /out/sourcedata/freesurfer/fsaverage/label/lh.V1_exvivo.label --trgsubject sub-v1s8x0051332_ses-1 --trglabel ./lh.V1_exvivo.label --hemi lh --regmethod surface 


srclabel = /out/sourcedata/freesurfer/fsaverage/label/lh.V1_exvivo.label
srcsubject = fsaverage
trgsubject = sub-v1s8x0051332_ses-1
trglabel = ./lh.V1_exvivo.label
regmethod = surface

srchemi = lh
trghemi = lh
trgsurface = white
srcsurfreg = sphere.reg
trgsurfreg = sphere.reg
usehash = 1
Use ProjAbs  = 0, 0
Use ProjFrac = 0, 0
DoPaint 0

SUBJECTS_DIR    /out/sourcedata/freesurfer
FREESURFER_HOME /opt/freesurfer
Loading source label.
Found 4641 points in source label.
Starting surface-based mapping
Reading source registration 
 /out/sourcedata/freesurfer/fsaverage/surf/lh.sphere.reg
Rescaling ...  original radius = 100
Reading target surface 
 /out/sourcedata/freesurfer/sub-v1s8x0051332_ses-1/surf/lh.white
Reading target registration 
 /out/sourcedata/freesurfer/sub-v1s8x0051332_ses-1/surf/lh.sphere.reg
Rescaling ...  original radius = 99.9999
Building target registration hash (res=16).
Building source registration hash (res=16).
INFO: found  4641 nlabel points
Performing mapping from target back to the source label 185561
Number of reverse mapping hits = 765
Checking for and removing duplicates
Writing label file ./lh.V1_exvivo.label 5406
mri_label2label: Done


 mri_label2label --srcsubject fsaverage --srclabel /out/sourcedata/freesurfer/fsaverage/label/lh.V2_exvivo.label --trgsubject sub-v1s8x0051332_ses-1 --trglabel ./lh.V2_exvivo.label --hemi lh --regmethod surface 


srclabel = /out/sourcedata/freesurfer/fsaverage/label/lh.V2_exvivo.label
srcsubject = fsaverage
trgsubject = sub-v1s8x0051332_ses-1
trglabel = ./lh.V2_exvivo.label
regmethod = surface

srchemi = lh
trghemi = lh
trgsurface = white
srcsurfreg = sphere.reg
trgsurfreg = sphere.reg
usehash = 1
Use ProjAbs  = 0, 0
Use ProjFrac = 0, 0
DoPaint 0

SUBJECTS_DIR    /out/sourcedata/freesurfer
FREESURFER_HOME /opt/freesurfer
Loading source label.
Found 8114 points in source label.
Starting surface-based mapping
Reading source registration 
 /out/sourcedata/freesurfer/fsaverage/surf/lh.sphere.reg
Rescaling ...  original radius = 100
Reading target surface 
 /out/sourcedata/freesurfer/sub-v1s8x0051332_ses-1/surf/lh.white
Reading target registration 
 /out/sourcedata/freesurfer/sub-v1s8x0051332_ses-1/surf/lh.sphere.reg
Rescaling ...  original radius = 99.9999
Building target registration hash (res=16).
Building source registration hash (res=16).
INFO: found  8114 nlabel points
Performing mapping from target back to the source label 185561
Number of reverse mapping hits = 2687
Checking for and removing duplicates
Writing label file ./lh.V2_exvivo.label 10801
mri_label2label: Done


 mri_label2label --srcsubject fsaverage --srclabel /out/sourcedata/freesurfer/fsaverage/label/lh.MT_exvivo.label --trgsubject sub-v1s8x0051332_ses-1 --trglabel ./lh.MT_exvivo.label --hemi lh --regmethod surface 


srclabel = /out/sourcedata/freesurfer/fsaverage/label/lh.MT_exvivo.label
srcsubject = fsaverage
trgsubject = sub-v1s8x0051332_ses-1
trglabel = ./lh.MT_exvivo.label
regmethod = surface

srchemi = lh
trghemi = lh
trgsurface = white
srcsurfreg = sphere.reg
trgsurfreg = sphere.reg
usehash = 1
Use ProjAbs  = 0, 0
Use ProjFrac = 0, 0
DoPaint 0

SUBJECTS_DIR    /out/sourcedata/freesurfer
FREESURFER_HOME /opt/freesurfer
Loading source label.
Found 2018 points in source label.
Starting surface-based mapping
Reading source registration 
 /out/sourcedata/freesurfer/fsaverage/surf/lh.sphere.reg
Rescaling ...  original radius = 100
Reading target surface 
 /out/sourcedata/freesurfer/sub-v1s8x0051332_ses-1/surf/lh.white
Reading target registration 
 /out/sourcedata/freesurfer/sub-v1s8x0051332_ses-1/surf/lh.sphere.reg
Rescaling ...  original radius = 99.9999
Building target registration hash (res=16).
Building source registration hash (res=16).
INFO: found  2018 nlabel points
Performing mapping from target back to the source label 185561
Number of reverse mapping hits = 905
Checking for and removing duplicates
Writing label file ./lh.MT_exvivo.label 2923
mri_label2label: Done


 mri_label2label --srcsubject fsaverage --srclabel /out/sourcedata/freesurfer/fsaverage/label/lh.entorhinal_exvivo.label --trgsubject sub-v1s8x0051332_ses-1 --trglabel ./lh.entorhinal_exvivo.label --hemi lh --regmethod surface 


srclabel = /out/sourcedata/freesurfer/fsaverage/label/lh.entorhinal_exvivo.label
srcsubject = fsaverage
trgsubject = sub-v1s8x0051332_ses-1
trglabel = ./lh.entorhinal_exvivo.label
regmethod = surface

srchemi = lh
trghemi = lh
trgsurface = white
srcsurfreg = sphere.reg
trgsurfreg = sphere.reg
usehash = 1
Use ProjAbs  = 0, 0
Use ProjFrac = 0, 0
DoPaint 0

SUBJECTS_DIR    /out/sourcedata/freesurfer
FREESURFER_HOME /opt/freesurfer
Loading source label.
Found 1290 points in source label.
Starting surface-based mapping
Reading source registration 
 /out/sourcedata/freesurfer/fsaverage/surf/lh.sphere.reg
Rescaling ...  original radius = 100
Reading target surface 
 /out/sourcedata/freesurfer/sub-v1s8x0051332_ses-1/surf/lh.white
Reading target registration 
 /out/sourcedata/freesurfer/sub-v1s8x0051332_ses-1/surf/lh.sphere.reg
Rescaling ...  original radius = 99.9999
Building target registration hash (res=16).
Building source registration hash (res=16).
INFO: found  1290 nlabel points
Performing mapping from target back to the source label 185561
Number of reverse mapping hits = 103
Checking for and removing duplicates
Writing label file ./lh.entorhinal_exvivo.label 1393
mri_label2label: Done


 mri_label2label --srcsubject fsaverage --srclabel /out/sourcedata/freesurfer/fsaverage/label/lh.perirhinal_exvivo.label --trgsubject sub-v1s8x0051332_ses-1 --trglabel ./lh.perirhinal_exvivo.label --hemi lh --regmethod surface 


srclabel = /out/sourcedata/freesurfer/fsaverage/label/lh.perirhinal_exvivo.label
srcsubject = fsaverage
trgsubject = sub-v1s8x0051332_ses-1
trglabel = ./lh.perirhinal_exvivo.label
regmethod = surface

srchemi = lh
trghemi = lh
trgsurface = white
srcsurfreg = sphere.reg
trgsurfreg = sphere.reg
usehash = 1
Use ProjAbs  = 0, 0
Use ProjFrac = 0, 0
DoPaint 0

SUBJECTS_DIR    /out/sourcedata/freesurfer
FREESURFER_HOME /opt/freesurfer
Loading source label.
Found 1199 points in source label.
Starting surface-based mapping
Reading source registration 
 /out/sourcedata/freesurfer/fsaverage/surf/lh.sphere.reg
Rescaling ...  original radius = 100
Reading target surface 
 /out/sourcedata/freesurfer/sub-v1s8x0051332_ses-1/surf/lh.white
Reading target registration 
 /out/sourcedata/freesurfer/sub-v1s8x0051332_ses-1/surf/lh.sphere.reg
Rescaling ...  original radius = 99.9999
Building target registration hash (res=16).
Building source registration hash (res=16).
INFO: found  1199 nlabel points
Performing mapping from target back to the source label 185561
Number of reverse mapping hits = 126
Checking for and removing duplicates
Writing label file ./lh.perirhinal_exvivo.label 1325
mri_label2label: Done


 mri_label2label --srcsubject fsaverage --srclabel /out/sourcedata/freesurfer/fsaverage/label/lh.FG1.mpm.vpnl.label --trgsubject sub-v1s8x0051332_ses-1 --trglabel ./lh.FG1.mpm.vpnl.label --hemi lh --regmethod surface 


srclabel = /out/sourcedata/freesurfer/fsaverage/label/lh.FG1.mpm.vpnl.label
srcsubject = fsaverage
trgsubject = sub-v1s8x0051332_ses-1
trglabel = ./lh.FG1.mpm.vpnl.label
regmethod = surface

srchemi = lh
trghemi = lh
trgsurface = white
srcsurfreg = sphere.reg
trgsurfreg = sphere.reg
usehash = 1
Use ProjAbs  = 0, 0
Use ProjFrac = 0, 0
DoPaint 0

SUBJECTS_DIR    /out/sourcedata/freesurfer
FREESURFER_HOME /opt/freesurfer
Loading source label.
Found 414 points in source label.
Starting surface-based mapping
Reading source registration 
 /out/sourcedata/freesurfer/fsaverage/surf/lh.sphere.reg
Rescaling ...  original radius = 100
Reading target surface 
 /out/sourcedata/freesurfer/sub-v1s8x0051332_ses-1/surf/lh.white
Reading target registration 
 /out/sourcedata/freesurfer/sub-v1s8x0051332_ses-1/surf/lh.sphere.reg
Rescaling ...  original radius = 99.9999
Building target registration hash (res=16).
Building source registration hash (res=16).
INFO: found  414 nlabel points
Performing mapping from target back to the source label 185561
Number of reverse mapping hits = 155
Checking for and removing duplicates
Writing label file ./lh.FG1.mpm.vpnl.label 569
mri_label2label: Done


 mri_label2label --srcsubject fsaverage --srclabel /out/sourcedata/freesurfer/fsaverage/label/lh.FG2.mpm.vpnl.label --trgsubject sub-v1s8x0051332_ses-1 --trglabel ./lh.FG2.mpm.vpnl.label --hemi lh --regmethod surface 


srclabel = /out/sourcedata/freesurfer/fsaverage/label/lh.FG2.mpm.vpnl.label
srcsubject = fsaverage
trgsubject = sub-v1s8x0051332_ses-1
trglabel = ./lh.FG2.mpm.vpnl.label
regmethod = surface

srchemi = lh
trghemi = lh
trgsurface = white
srcsurfreg = sphere.reg
trgsurfreg = sphere.reg
usehash = 1
Use ProjAbs  = 0, 0
Use ProjFrac = 0, 0
DoPaint 0

SUBJECTS_DIR    /out/sourcedata/freesurfer
FREESURFER_HOME /opt/freesurfer
Loading source label.
Found 703 points in source label.
Starting surface-based mapping
Reading source registration 
 /out/sourcedata/freesurfer/fsaverage/surf/lh.sphere.reg
Rescaling ...  original radius = 100
Reading target surface 
 /out/sourcedata/freesurfer/sub-v1s8x0051332_ses-1/surf/lh.white
Reading target registration 
 /out/sourcedata/freesurfer/sub-v1s8x0051332_ses-1/surf/lh.sphere.reg
Rescaling ...  original radius = 99.9999
Building target registration hash (res=16).
Building source registration hash (res=16).
INFO: found  703 nlabel points
Performing mapping from target back to the source label 185561
Number of reverse mapping hits = 456
Checking for and removing duplicates
Writing label file ./lh.FG2.mpm.vpnl.label 1159
mri_label2label: Done


 mri_label2label --srcsubject fsaverage --srclabel /out/sourcedata/freesurfer/fsaverage/label/lh.FG3.mpm.vpnl.label --trgsubject sub-v1s8x0051332_ses-1 --trglabel ./lh.FG3.mpm.vpnl.label --hemi lh --regmethod surface 


srclabel = /out/sourcedata/freesurfer/fsaverage/label/lh.FG3.mpm.vpnl.label
srcsubject = fsaverage
trgsubject = sub-v1s8x0051332_ses-1
trglabel = ./lh.FG3.mpm.vpnl.label
regmethod = surface

srchemi = lh
trghemi = lh
trgsurface = white
srcsurfreg = sphere.reg
trgsurfreg = sphere.reg
usehash = 1
Use ProjAbs  = 0, 0
Use ProjFrac = 0, 0
DoPaint 0

SUBJECTS_DIR    /out/sourcedata/freesurfer
FREESURFER_HOME /opt/freesurfer
Loading source label.
Found 1873 points in source label.
Starting surface-based mapping
Reading source registration 
 /out/sourcedata/freesurfer/fsaverage/surf/lh.sphere.reg
Rescaling ...  original radius = 100
Reading target surface 
 /out/sourcedata/freesurfer/sub-v1s8x0051332_ses-1/surf/lh.white
Reading target registration 
 /out/sourcedata/freesurfer/sub-v1s8x0051332_ses-1/surf/lh.sphere.reg
Rescaling ...  original radius = 99.9999
Building target registration hash (res=16).
Building source registration hash (res=16).
INFO: found  1873 nlabel points
Performing mapping from target back to the source label 185561
Number of reverse mapping hits = 213
Checking for and removing duplicates
Writing label file ./lh.FG3.mpm.vpnl.label 2086
mri_label2label: Done


 mri_label2label --srcsubject fsaverage --srclabel /out/sourcedata/freesurfer/fsaverage/label/lh.FG4.mpm.vpnl.label --trgsubject sub-v1s8x0051332_ses-1 --trglabel ./lh.FG4.mpm.vpnl.label --hemi lh --regmethod surface 


srclabel = /out/sourcedata/freesurfer/fsaverage/label/lh.FG4.mpm.vpnl.label
srcsubject = fsaverage
trgsubject = sub-v1s8x0051332_ses-1
trglabel = ./lh.FG4.mpm.vpnl.label
regmethod = surface

srchemi = lh
trghemi = lh
trgsurface = white
srcsurfreg = sphere.reg
trgsurfreg = sphere.reg
usehash = 1
Use ProjAbs  = 0, 0
Use ProjFrac = 0, 0
DoPaint 0

SUBJECTS_DIR    /out/sourcedata/freesurfer
FREESURFER_HOME /opt/freesurfer
Loading source label.
Found 2101 points in source label.
Starting surface-based mapping
Reading source registration 
 /out/sourcedata/freesurfer/fsaverage/surf/lh.sphere.reg
Rescaling ...  original radius = 100
Reading target surface 
 /out/sourcedata/freesurfer/sub-v1s8x0051332_ses-1/surf/lh.white
Reading target registration 
 /out/sourcedata/freesurfer/sub-v1s8x0051332_ses-1/surf/lh.sphere.reg
Rescaling ...  original radius = 99.9999
Building target registration hash (res=16).
Building source registration hash (res=16).
INFO: found  2101 nlabel points
Performing mapping from target back to the source label 185561
Number of reverse mapping hits = 1185
Checking for and removing duplicates
Writing label file ./lh.FG4.mpm.vpnl.label 3286
mri_label2label: Done


 mri_label2label --srcsubject fsaverage --srclabel /out/sourcedata/freesurfer/fsaverage/label/lh.hOc1.mpm.vpnl.label --trgsubject sub-v1s8x0051332_ses-1 --trglabel ./lh.hOc1.mpm.vpnl.label --hemi lh --regmethod surface 


srclabel = /out/sourcedata/freesurfer/fsaverage/label/lh.hOc1.mpm.vpnl.label
srcsubject = fsaverage
trgsubject = sub-v1s8x0051332_ses-1
trglabel = ./lh.hOc1.mpm.vpnl.label
regmethod = surface

srchemi = lh
trghemi = lh
trgsurface = white
srcsurfreg = sphere.reg
trgsurfreg = sphere.reg
usehash = 1
Use ProjAbs  = 0, 0
Use ProjFrac = 0, 0
DoPaint 0

SUBJECTS_DIR    /out/sourcedata/freesurfer
FREESURFER_HOME /opt/freesurfer
Loading source label.
Found 3877 points in source label.
Starting surface-based mapping
Reading source registration 
 /out/sourcedata/freesurfer/fsaverage/surf/lh.sphere.reg
Rescaling ...  original radius = 100
Reading target surface 
 /out/sourcedata/freesurfer/sub-v1s8x0051332_ses-1/surf/lh.white
Reading target registration 
 /out/sourcedata/freesurfer/sub-v1s8x0051332_ses-1/surf/lh.sphere.reg
Rescaling ...  original radius = 99.9999
Building target registration hash (res=16).
Building source registration hash (res=16).
INFO: found  3877 nlabel points
Performing mapping from target back to the source label 185561
Number of reverse mapping hits = 412
Checking for and removing duplicates
Writing label file ./lh.hOc1.mpm.vpnl.label 4289
mri_label2label: Done


 mri_label2label --srcsubject fsaverage --srclabel /out/sourcedata/freesurfer/fsaverage/label/lh.hOc2.mpm.vpnl.label --trgsubject sub-v1s8x0051332_ses-1 --trglabel ./lh.hOc2.mpm.vpnl.label --hemi lh --regmethod surface 


srclabel = /out/sourcedata/freesurfer/fsaverage/label/lh.hOc2.mpm.vpnl.label
srcsubject = fsaverage
trgsubject = sub-v1s8x0051332_ses-1
trglabel = ./lh.hOc2.mpm.vpnl.label
regmethod = surface

srchemi = lh
trghemi = lh
trgsurface = white
srcsurfreg = sphere.reg
trgsurfreg = sphere.reg
usehash = 1
Use ProjAbs  = 0, 0
Use ProjFrac = 0, 0
DoPaint 0

SUBJECTS_DIR    /out/sourcedata/freesurfer
FREESURFER_HOME /opt/freesurfer
Loading source label.
Found 2919 points in source label.
Starting surface-based mapping
Reading source registration 
 /out/sourcedata/freesurfer/fsaverage/surf/lh.sphere.reg
Rescaling ...  original radius = 100
Reading target surface 
 /out/sourcedata/freesurfer/sub-v1s8x0051332_ses-1/surf/lh.white
Reading target registration 
 /out/sourcedata/freesurfer/sub-v1s8x0051332_ses-1/surf/lh.sphere.reg
Rescaling ...  original radius = 99.9999
Building target registration hash (res=16).
Building source registration hash (res=16).
INFO: found  2919 nlabel points
Performing mapping from target back to the source label 185561
Number of reverse mapping hits = 1096
Checking for and removing duplicates
Writing label file ./lh.hOc2.mpm.vpnl.label 4015
mri_label2label: Done


 mri_label2label --srcsubject fsaverage --srclabel /out/sourcedata/freesurfer/fsaverage/label/lh.hOc3v.mpm.vpnl.label --trgsubject sub-v1s8x0051332_ses-1 --trglabel ./lh.hOc3v.mpm.vpnl.label --hemi lh --regmethod surface 


srclabel = /out/sourcedata/freesurfer/fsaverage/label/lh.hOc3v.mpm.vpnl.label
srcsubject = fsaverage
trgsubject = sub-v1s8x0051332_ses-1
trglabel = ./lh.hOc3v.mpm.vpnl.label
regmethod = surface

srchemi = lh
trghemi = lh
trgsurface = white
srcsurfreg = sphere.reg
trgsurfreg = sphere.reg
usehash = 1
Use ProjAbs  = 0, 0
Use ProjFrac = 0, 0
DoPaint 0

SUBJECTS_DIR    /out/sourcedata/freesurfer
FREESURFER_HOME /opt/freesurfer
Loading source label.
Found 1286 points in source label.
Starting surface-based mapping
Reading source registration 
 /out/sourcedata/freesurfer/fsaverage/surf/lh.sphere.reg
Rescaling ...  original radius = 100
Reading target surface 
 /out/sourcedata/freesurfer/sub-v1s8x0051332_ses-1/surf/lh.white
Reading target registration 
 /out/sourcedata/freesurfer/sub-v1s8x0051332_ses-1/surf/lh.sphere.reg
Rescaling ...  original radius = 99.9999
Building target registration hash (res=16).
Building source registration hash (res=16).
INFO: found  1286 nlabel points
Performing mapping from target back to the source label 185561
Number of reverse mapping hits = 694
Checking for and removing duplicates
Writing label file ./lh.hOc3v.mpm.vpnl.label 1980
mri_label2label: Done


 mri_label2label --srcsubject fsaverage --srclabel /out/sourcedata/freesurfer/fsaverage/label/lh.hOc4v.mpm.vpnl.label --trgsubject sub-v1s8x0051332_ses-1 --trglabel ./lh.hOc4v.mpm.vpnl.label --hemi lh --regmethod surface 


srclabel = /out/sourcedata/freesurfer/fsaverage/label/lh.hOc4v.mpm.vpnl.label
srcsubject = fsaverage
trgsubject = sub-v1s8x0051332_ses-1
trglabel = ./lh.hOc4v.mpm.vpnl.label
regmethod = surface

srchemi = lh
trghemi = lh
trgsurface = white
srcsurfreg = sphere.reg
trgsurfreg = sphere.reg
usehash = 1
Use ProjAbs  = 0, 0
Use ProjFrac = 0, 0
DoPaint 0

SUBJECTS_DIR    /out/sourcedata/freesurfer
FREESURFER_HOME /opt/freesurfer
Loading source label.
Found 1006 points in source label.
Starting surface-based mapping
Reading source registration 
 /out/sourcedata/freesurfer/fsaverage/surf/lh.sphere.reg
Rescaling ...  original radius = 100
Reading target surface 
 /out/sourcedata/freesurfer/sub-v1s8x0051332_ses-1/surf/lh.white
Reading target registration 
 /out/sourcedata/freesurfer/sub-v1s8x0051332_ses-1/surf/lh.sphere.reg
Rescaling ...  original radius = 99.9999
Building target registration hash (res=16).
Building source registration hash (res=16).
INFO: found  1006 nlabel points
Performing mapping from target back to the source label 185561
Number of reverse mapping hits = 547
Checking for and removing duplicates
Writing label file ./lh.hOc4v.mpm.vpnl.label 1553
mri_label2label: Done


 mris_label2annot --s sub-v1s8x0051332_ses-1 --ctab /opt/freesurfer/average/colortable_vpnl.txt --hemi lh --a mpm.vpnl --maxstatwinner --noverbose --l lh.FG1.mpm.vpnl.label --l lh.FG2.mpm.vpnl.label --l lh.FG3.mpm.vpnl.label --l lh.FG4.mpm.vpnl.label --l lh.hOc1.mpm.vpnl.label --l lh.hOc2.mpm.vpnl.label --l lh.hOc3v.mpm.vpnl.label --l lh.hOc4v.mpm.vpnl.label 

Reading ctab /opt/freesurfer/average/colortable_vpnl.txt
Number of ctab entries 9

7.3.2
cwd /out/sourcedata/freesurfer/sub-v1s8x0051332_ses-1/label
cmdline mris_label2annot --s sub-v1s8x0051332_ses-1 --ctab /opt/freesurfer/average/colortable_vpnl.txt --hemi lh --a mpm.vpnl --maxstatwinner --noverbose --l lh.FG1.mpm.vpnl.label --l lh.FG2.mpm.vpnl.label --l lh.FG3.mpm.vpnl.label --l lh.FG4.mpm.vpnl.label --l lh.hOc1.mpm.vpnl.label --l lh.hOc2.mpm.vpnl.label --l lh.hOc3v.mpm.vpnl.label --l lh.hOc4v.mpm.vpnl.label 
sysname  Linux
hostname dna063
machine  x86_64
user     oesteban

subject sub-v1s8x0051332_ses-1
hemi    lh
SUBJECTS_DIR /out/sourcedata/freesurfer
ColorTable /opt/freesurfer/average/colortable_vpnl.txt
AnnotName  mpm.vpnl
nlables 8
LabelThresh 0 0.000000
Loading /out/sourcedata/freesurfer/sub-v1s8x0051332_ses-1/surf/lh.orig
 1 1376057 FG1
 2 16711935 FG2
 3 16711680 FG3
 4 1705837 FG4
 5 25600 hOc1
 6 255 hOc2
 7 16776960 hOc3v
 8 65535 hOc4v
Mapping unhit to unknown
Found 168381 unhit vertices
Writing annot to /out/sourcedata/freesurfer/sub-v1s8x0051332_ses-1/label/lh.mpm.vpnl.annot

 mri_label2label --srcsubject fsaverage --srclabel /out/sourcedata/freesurfer/fsaverage/label/lh.BA1_exvivo.thresh.label --trgsubject sub-v1s8x0051332_ses-1 --trglabel ./lh.BA1_exvivo.thresh.label --hemi lh --regmethod surface 


srclabel = /out/sourcedata/freesurfer/fsaverage/label/lh.BA1_exvivo.thresh.label
srcsubject = fsaverage
trgsubject = sub-v1s8x0051332_ses-1
trglabel = ./lh.BA1_exvivo.thresh.label
regmethod = surface

srchemi = lh
trghemi = lh
trgsurface = white
srcsurfreg = sphere.reg
trgsurfreg = sphere.reg
usehash = 1
Use ProjAbs  = 0, 0
Use ProjFrac = 0, 0
DoPaint 0

SUBJECTS_DIR    /out/sourcedata/freesurfer
FREESURFER_HOME /opt/freesurfer
Loading source label.
Found 1014 points in source label.
Starting surface-based mapping
Reading source registration 
 /out/sourcedata/freesurfer/fsaverage/surf/lh.sphere.reg
Rescaling ...  original radius = 100
Reading target surface 
 /out/sourcedata/freesurfer/sub-v1s8x0051332_ses-1/surf/lh.white
Reading target registration 
 /out/sourcedata/freesurfer/sub-v1s8x0051332_ses-1/surf/lh.sphere.reg
Rescaling ...  original radius = 99.9999
Building target registration hash (res=16).
Building source registration hash (res=16).
INFO: found  1014 nlabel points
Performing mapping from target back to the source label 185561
Number of reverse mapping hits = 63
Checking for and removing duplicates
Writing label file ./lh.BA1_exvivo.thresh.label 1077
mri_label2label: Done


 mri_label2label --srcsubject fsaverage --srclabel /out/sourcedata/freesurfer/fsaverage/label/lh.BA2_exvivo.thresh.label --trgsubject sub-v1s8x0051332_ses-1 --trglabel ./lh.BA2_exvivo.thresh.label --hemi lh --regmethod surface 


srclabel = /out/sourcedata/freesurfer/fsaverage/label/lh.BA2_exvivo.thresh.label
srcsubject = fsaverage
trgsubject = sub-v1s8x0051332_ses-1
trglabel = ./lh.BA2_exvivo.thresh.label
regmethod = surface

srchemi = lh
trghemi = lh
trgsurface = white
srcsurfreg = sphere.reg
trgsurfreg = sphere.reg
usehash = 1
Use ProjAbs  = 0, 0
Use ProjFrac = 0, 0
DoPaint 0

SUBJECTS_DIR    /out/sourcedata/freesurfer
FREESURFER_HOME /opt/freesurfer
Loading source label.
Found 2092 points in source label.
Starting surface-based mapping
Reading source registration 
 /out/sourcedata/freesurfer/fsaverage/surf/lh.sphere.reg
Rescaling ...  original radius = 100
Reading target surface 
 /out/sourcedata/freesurfer/sub-v1s8x0051332_ses-1/surf/lh.white
Reading target registration 
 /out/sourcedata/freesurfer/sub-v1s8x0051332_ses-1/surf/lh.sphere.reg
Rescaling ...  original radius = 99.9999
Building target registration hash (res=16).
Building source registration hash (res=16).
INFO: found  2092 nlabel points
Performing mapping from target back to the source label 185561
Number of reverse mapping hits = 307
Checking for and removing duplicates
Writing label file ./lh.BA2_exvivo.thresh.label 2399
mri_label2label: Done


 mri_label2label --srcsubject fsaverage --srclabel /out/sourcedata/freesurfer/fsaverage/label/lh.BA3a_exvivo.thresh.label --trgsubject sub-v1s8x0051332_ses-1 --trglabel ./lh.BA3a_exvivo.thresh.label --hemi lh --regmethod surface 


srclabel = /out/sourcedata/freesurfer/fsaverage/label/lh.BA3a_exvivo.thresh.label
srcsubject = fsaverage
trgsubject = sub-v1s8x0051332_ses-1
trglabel = ./lh.BA3a_exvivo.thresh.label
regmethod = surface

srchemi = lh
trghemi = lh
trgsurface = white
srcsurfreg = sphere.reg
trgsurfreg = sphere.reg
usehash = 1
Use ProjAbs  = 0, 0
Use ProjFrac = 0, 0
DoPaint 0

SUBJECTS_DIR    /out/sourcedata/freesurfer
FREESURFER_HOME /opt/freesurfer
Loading source label.
Found 1504 points in source label.
Starting surface-based mapping
Reading source registration 
 /out/sourcedata/freesurfer/fsaverage/surf/lh.sphere.reg
Rescaling ...  original radius = 100
Reading target surface 
 /out/sourcedata/freesurfer/sub-v1s8x0051332_ses-1/surf/lh.white
Reading target registration 
 /out/sourcedata/freesurfer/sub-v1s8x0051332_ses-1/surf/lh.sphere.reg
Rescaling ...  original radius = 99.9999
Building target registration hash (res=16).
Building source registration hash (res=16).
INFO: found  1504 nlabel points
Performing mapping from target back to the source label 185561
Number of reverse mapping hits = 27
Checking for and removing duplicates
Writing label file ./lh.BA3a_exvivo.thresh.label 1531
mri_label2label: Done


 mri_label2label --srcsubject fsaverage --srclabel /out/sourcedata/freesurfer/fsaverage/label/lh.BA3b_exvivo.thresh.label --trgsubject sub-v1s8x0051332_ses-1 --trglabel ./lh.BA3b_exvivo.thresh.label --hemi lh --regmethod surface 


srclabel = /out/sourcedata/freesurfer/fsaverage/label/lh.BA3b_exvivo.thresh.label
srcsubject = fsaverage
trgsubject = sub-v1s8x0051332_ses-1
trglabel = ./lh.BA3b_exvivo.thresh.label
regmethod = surface

srchemi = lh
trghemi = lh
trgsurface = white
srcsurfreg = sphere.reg
trgsurfreg = sphere.reg
usehash = 1
Use ProjAbs  = 0, 0
Use ProjFrac = 0, 0
DoPaint 0

SUBJECTS_DIR    /out/sourcedata/freesurfer
FREESURFER_HOME /opt/freesurfer
Loading source label.
Found 1996 points in source label.
Starting surface-based mapping
Reading source registration 
 /out/sourcedata/freesurfer/fsaverage/surf/lh.sphere.reg
Rescaling ...  original radius = 100
Reading target surface 
 /out/sourcedata/freesurfer/sub-v1s8x0051332_ses-1/surf/lh.white
Reading target registration 
 /out/sourcedata/freesurfer/sub-v1s8x0051332_ses-1/surf/lh.sphere.reg
Rescaling ...  original radius = 99.9999
Building target registration hash (res=16).
Building source registration hash (res=16).
INFO: found  1996 nlabel points
Performing mapping from target back to the source label 185561
Number of reverse mapping hits = 300
Checking for and removing duplicates
Writing label file ./lh.BA3b_exvivo.thresh.label 2296
mri_label2label: Done


 mri_label2label --srcsubject fsaverage --srclabel /out/sourcedata/freesurfer/fsaverage/label/lh.BA4a_exvivo.thresh.label --trgsubject sub-v1s8x0051332_ses-1 --trglabel ./lh.BA4a_exvivo.thresh.label --hemi lh --regmethod surface 


srclabel = /out/sourcedata/freesurfer/fsaverage/label/lh.BA4a_exvivo.thresh.label
srcsubject = fsaverage
trgsubject = sub-v1s8x0051332_ses-1
trglabel = ./lh.BA4a_exvivo.thresh.label
regmethod = surface

srchemi = lh
trghemi = lh
trgsurface = white
srcsurfreg = sphere.reg
trgsurfreg = sphere.reg
usehash = 1
Use ProjAbs  = 0, 0
Use ProjFrac = 0, 0
DoPaint 0

SUBJECTS_DIR    /out/sourcedata/freesurfer
FREESURFER_HOME /opt/freesurfer
Loading source label.
Found 2319 points in source label.
Starting surface-based mapping
Reading source registration 
 /out/sourcedata/freesurfer/fsaverage/surf/lh.sphere.reg
Rescaling ...  original radius = 100
Reading target surface 
 /out/sourcedata/freesurfer/sub-v1s8x0051332_ses-1/surf/lh.white
Reading target registration 
 /out/sourcedata/freesurfer/sub-v1s8x0051332_ses-1/surf/lh.sphere.reg
Rescaling ...  original radius = 99.9999
Building target registration hash (res=16).
Building source registration hash (res=16).
INFO: found  2319 nlabel points
Performing mapping from target back to the source label 185561
Number of reverse mapping hits = 169
Checking for and removing duplicates
Writing label file ./lh.BA4a_exvivo.thresh.label 2488
mri_label2label: Done


 mri_label2label --srcsubject fsaverage --srclabel /out/sourcedata/freesurfer/fsaverage/label/lh.BA4p_exvivo.thresh.label --trgsubject sub-v1s8x0051332_ses-1 --trglabel ./lh.BA4p_exvivo.thresh.label --hemi lh --regmethod surface 


srclabel = /out/sourcedata/freesurfer/fsaverage/label/lh.BA4p_exvivo.thresh.label
srcsubject = fsaverage
trgsubject = sub-v1s8x0051332_ses-1
trglabel = ./lh.BA4p_exvivo.thresh.label
regmethod = surface

srchemi = lh
trghemi = lh
trgsurface = white
srcsurfreg = sphere.reg
trgsurfreg = sphere.reg
usehash = 1
Use ProjAbs  = 0, 0
Use ProjFrac = 0, 0
DoPaint 0

SUBJECTS_DIR    /out/sourcedata/freesurfer
FREESURFER_HOME /opt/freesurfer
Loading source label.
Found 1549 points in source label.
Starting surface-based mapping
Reading source registration 
 /out/sourcedata/freesurfer/fsaverage/surf/lh.sphere.reg
Rescaling ...  original radius = 100
Reading target surface 
 /out/sourcedata/freesurfer/sub-v1s8x0051332_ses-1/surf/lh.white
Reading target registration 
 /out/sourcedata/freesurfer/sub-v1s8x0051332_ses-1/surf/lh.sphere.reg
Rescaling ...  original radius = 99.9999
Building target registration hash (res=16).
Building source registration hash (res=16).
INFO: found  1549 nlabel points
Performing mapping from target back to the source label 185561
Number of reverse mapping hits = 49
Checking for and removing duplicates
Writing label file ./lh.BA4p_exvivo.thresh.label 1598
mri_label2label: Done


 mri_label2label --srcsubject fsaverage --srclabel /out/sourcedata/freesurfer/fsaverage/label/lh.BA6_exvivo.thresh.label --trgsubject sub-v1s8x0051332_ses-1 --trglabel ./lh.BA6_exvivo.thresh.label --hemi lh --regmethod surface 


srclabel = /out/sourcedata/freesurfer/fsaverage/label/lh.BA6_exvivo.thresh.label
srcsubject = fsaverage
trgsubject = sub-v1s8x0051332_ses-1
trglabel = ./lh.BA6_exvivo.thresh.label
regmethod = surface

srchemi = lh
trghemi = lh
trgsurface = white
srcsurfreg = sphere.reg
trgsurfreg = sphere.reg
usehash = 1
Use ProjAbs  = 0, 0
Use ProjFrac = 0, 0
DoPaint 0

SUBJECTS_DIR    /out/sourcedata/freesurfer
FREESURFER_HOME /opt/freesurfer
Loading source label.
Found 7035 points in source label.
Starting surface-based mapping
Reading source registration 
 /out/sourcedata/freesurfer/fsaverage/surf/lh.sphere.reg
Rescaling ...  original radius = 100
Reading target surface 
 /out/sourcedata/freesurfer/sub-v1s8x0051332_ses-1/surf/lh.white
Reading target registration 
 /out/sourcedata/freesurfer/sub-v1s8x0051332_ses-1/surf/lh.sphere.reg
Rescaling ...  original radius = 99.9999
Building target registration hash (res=16).
Building source registration hash (res=16).
INFO: found  7035 nlabel points
Performing mapping from target back to the source label 185561
Number of reverse mapping hits = 1023
Checking for and removing duplicates
Writing label file ./lh.BA6_exvivo.thresh.label 8058
mri_label2label: Done


 mri_label2label --srcsubject fsaverage --srclabel /out/sourcedata/freesurfer/fsaverage/label/lh.BA44_exvivo.thresh.label --trgsubject sub-v1s8x0051332_ses-1 --trglabel ./lh.BA44_exvivo.thresh.label --hemi lh --regmethod surface 


srclabel = /out/sourcedata/freesurfer/fsaverage/label/lh.BA44_exvivo.thresh.label
srcsubject = fsaverage
trgsubject = sub-v1s8x0051332_ses-1
trglabel = ./lh.BA44_exvivo.thresh.label
regmethod = surface

srchemi = lh
trghemi = lh
trgsurface = white
srcsurfreg = sphere.reg
trgsurfreg = sphere.reg
usehash = 1
Use ProjAbs  = 0, 0
Use ProjFrac = 0, 0
DoPaint 0

SUBJECTS_DIR    /out/sourcedata/freesurfer
FREESURFER_HOME /opt/freesurfer
Loading source label.
Found 1912 points in source label.
Starting surface-based mapping
Reading source registration 
 /out/sourcedata/freesurfer/fsaverage/surf/lh.sphere.reg
Rescaling ...  original radius = 100
Reading target surface 
 /out/sourcedata/freesurfer/sub-v1s8x0051332_ses-1/surf/lh.white
Reading target registration 
 /out/sourcedata/freesurfer/sub-v1s8x0051332_ses-1/surf/lh.sphere.reg
Rescaling ...  original radius = 99.9999
Building target registration hash (res=16).
Building source registration hash (res=16).
INFO: found  1912 nlabel points
Performing mapping from target back to the source label 185561
Number of reverse mapping hits = 577
Checking for and removing duplicates
Writing label file ./lh.BA44_exvivo.thresh.label 2489
mri_label2label: Done


 mri_label2label --srcsubject fsaverage --srclabel /out/sourcedata/freesurfer/fsaverage/label/lh.BA45_exvivo.thresh.label --trgsubject sub-v1s8x0051332_ses-1 --trglabel ./lh.BA45_exvivo.thresh.label --hemi lh --regmethod surface 


srclabel = /out/sourcedata/freesurfer/fsaverage/label/lh.BA45_exvivo.thresh.label
srcsubject = fsaverage
trgsubject = sub-v1s8x0051332_ses-1
trglabel = ./lh.BA45_exvivo.thresh.label
regmethod = surface

srchemi = lh
trghemi = lh
trgsurface = white
srcsurfreg = sphere.reg
trgsurfreg = sphere.reg
usehash = 1
Use ProjAbs  = 0, 0
Use ProjFrac = 0, 0
DoPaint 0

SUBJECTS_DIR    /out/sourcedata/freesurfer
FREESURFER_HOME /opt/freesurfer
Loading source label.
Found 1151 points in source label.
Starting surface-based mapping
Reading source registration 
 /out/sourcedata/freesurfer/fsaverage/surf/lh.sphere.reg
Rescaling ...  original radius = 100
Reading target surface 
 /out/sourcedata/freesurfer/sub-v1s8x0051332_ses-1/surf/lh.white
Reading target registration 
 /out/sourcedata/freesurfer/sub-v1s8x0051332_ses-1/surf/lh.sphere.reg
Rescaling ...  original radius = 99.9999
Building target registration hash (res=16).
Building source registration hash (res=16).
INFO: found  1151 nlabel points
Performing mapping from target back to the source label 185561
Number of reverse mapping hits = 928
Checking for and removing duplicates
Writing label file ./lh.BA45_exvivo.thresh.label 2079
mri_label2label: Done


 mri_label2label --srcsubject fsaverage --srclabel /out/sourcedata/freesurfer/fsaverage/label/lh.V1_exvivo.thresh.label --trgsubject sub-v1s8x0051332_ses-1 --trglabel ./lh.V1_exvivo.thresh.label --hemi lh --regmethod surface 


srclabel = /out/sourcedata/freesurfer/fsaverage/label/lh.V1_exvivo.thresh.label
srcsubject = fsaverage
trgsubject = sub-v1s8x0051332_ses-1
trglabel = ./lh.V1_exvivo.thresh.label
regmethod = surface

srchemi = lh
trghemi = lh
trgsurface = white
srcsurfreg = sphere.reg
trgsurfreg = sphere.reg
usehash = 1
Use ProjAbs  = 0, 0
Use ProjFrac = 0, 0
DoPaint 0

SUBJECTS_DIR    /out/sourcedata/freesurfer
FREESURFER_HOME /opt/freesurfer
Loading source label.
Found 3405 points in source label.
Starting surface-based mapping
Reading source registration 
 /out/sourcedata/freesurfer/fsaverage/surf/lh.sphere.reg
Rescaling ...  original radius = 100
Reading target surface 
 /out/sourcedata/freesurfer/sub-v1s8x0051332_ses-1/surf/lh.white
Reading target registration 
 /out/sourcedata/freesurfer/sub-v1s8x0051332_ses-1/surf/lh.sphere.reg
Rescaling ...  original radius = 99.9999
Building target registration hash (res=16).
Building source registration hash (res=16).
INFO: found  3405 nlabel points
Performing mapping from target back to the source label 185561
Number of reverse mapping hits = 428
Checking for and removing duplicates
Writing label file ./lh.V1_exvivo.thresh.label 3833
mri_label2label: Done


 mri_label2label --srcsubject fsaverage --srclabel /out/sourcedata/freesurfer/fsaverage/label/lh.V2_exvivo.thresh.label --trgsubject sub-v1s8x0051332_ses-1 --trglabel ./lh.V2_exvivo.thresh.label --hemi lh --regmethod surface 


srclabel = /out/sourcedata/freesurfer/fsaverage/label/lh.V2_exvivo.thresh.label
srcsubject = fsaverage
trgsubject = sub-v1s8x0051332_ses-1
trglabel = ./lh.V2_exvivo.thresh.label
regmethod = surface

srchemi = lh
trghemi = lh
trgsurface = white
srcsurfreg = sphere.reg
trgsurfreg = sphere.reg
usehash = 1
Use ProjAbs  = 0, 0
Use ProjFrac = 0, 0
DoPaint 0

SUBJECTS_DIR    /out/sourcedata/freesurfer
FREESURFER_HOME /opt/freesurfer
Loading source label.
Found 3334 points in source label.
Starting surface-based mapping
Reading source registration 
 /out/sourcedata/freesurfer/fsaverage/surf/lh.sphere.reg
Rescaling ...  original radius = 100
Reading target surface 
 /out/sourcedata/freesurfer/sub-v1s8x0051332_ses-1/surf/lh.white
Reading target registration 
 /out/sourcedata/freesurfer/sub-v1s8x0051332_ses-1/surf/lh.sphere.reg
Rescaling ...  original radius = 99.9999
Building target registration hash (res=16).
Building source registration hash (res=16).
INFO: found  3334 nlabel points
Performing mapping from target back to the source label 185561
Number of reverse mapping hits = 1122
Checking for and removing duplicates
Writing label file ./lh.V2_exvivo.thresh.label 4456
mri_label2label: Done


 mri_label2label --srcsubject fsaverage --srclabel /out/sourcedata/freesurfer/fsaverage/label/lh.MT_exvivo.thresh.label --trgsubject sub-v1s8x0051332_ses-1 --trglabel ./lh.MT_exvivo.thresh.label --hemi lh --regmethod surface 


srclabel = /out/sourcedata/freesurfer/fsaverage/label/lh.MT_exvivo.thresh.label
srcsubject = fsaverage
trgsubject = sub-v1s8x0051332_ses-1
trglabel = ./lh.MT_exvivo.thresh.label
regmethod = surface

srchemi = lh
trghemi = lh
trgsurface = white
srcsurfreg = sphere.reg
trgsurfreg = sphere.reg
usehash = 1
Use ProjAbs  = 0, 0
Use ProjFrac = 0, 0
DoPaint 0

SUBJECTS_DIR    /out/sourcedata/freesurfer
FREESURFER_HOME /opt/freesurfer
Loading source label.
Found 513 points in source label.
Starting surface-based mapping
Reading source registration 
 /out/sourcedata/freesurfer/fsaverage/surf/lh.sphere.reg
Rescaling ...  original radius = 100
Reading target surface 
 /out/sourcedata/freesurfer/sub-v1s8x0051332_ses-1/surf/lh.white
Reading target registration 
 /out/sourcedata/freesurfer/sub-v1s8x0051332_ses-1/surf/lh.sphere.reg
Rescaling ...  original radius = 99.9999
Building target registration hash (res=16).
Building source registration hash (res=16).
INFO: found  513 nlabel points
Performing mapping from target back to the source label 185561
Number of reverse mapping hits = 166
Checking for and removing duplicates
Writing label file ./lh.MT_exvivo.thresh.label 679
mri_label2label: Done


 mri_label2label --srcsubject fsaverage --srclabel /out/sourcedata/freesurfer/fsaverage/label/lh.entorhinal_exvivo.thresh.label --trgsubject sub-v1s8x0051332_ses-1 --trglabel ./lh.entorhinal_exvivo.thresh.label --hemi lh --regmethod surface 


srclabel = /out/sourcedata/freesurfer/fsaverage/label/lh.entorhinal_exvivo.thresh.label
srcsubject = fsaverage
trgsubject = sub-v1s8x0051332_ses-1
trglabel = ./lh.entorhinal_exvivo.thresh.label
regmethod = surface

srchemi = lh
trghemi = lh
trgsurface = white
srcsurfreg = sphere.reg
trgsurfreg = sphere.reg
usehash = 1
Use ProjAbs  = 0, 0
Use ProjFrac = 0, 0
DoPaint 0

SUBJECTS_DIR    /out/sourcedata/freesurfer
FREESURFER_HOME /opt/freesurfer
Loading source label.
Found 470 points in source label.
Starting surface-based mapping
Reading source registration 
 /out/sourcedata/freesurfer/fsaverage/surf/lh.sphere.reg
Rescaling ...  original radius = 100
Reading target surface 
 /out/sourcedata/freesurfer/sub-v1s8x0051332_ses-1/surf/lh.white
Reading target registration 
 /out/sourcedata/freesurfer/sub-v1s8x0051332_ses-1/surf/lh.sphere.reg
Rescaling ...  original radius = 99.9999
Building target registration hash (res=16).
Building source registration hash (res=16).
INFO: found  470 nlabel points
Performing mapping from target back to the source label 185561
Number of reverse mapping hits = 38
Checking for and removing duplicates
Writing label file ./lh.entorhinal_exvivo.thresh.label 508
mri_label2label: Done


 mri_label2label --srcsubject fsaverage --srclabel /out/sourcedata/freesurfer/fsaverage/label/lh.perirhinal_exvivo.thresh.label --trgsubject sub-v1s8x0051332_ses-1 --trglabel ./lh.perirhinal_exvivo.thresh.label --hemi lh --regmethod surface 


srclabel = /out/sourcedata/freesurfer/fsaverage/label/lh.perirhinal_exvivo.thresh.label
srcsubject = fsaverage
trgsubject = sub-v1s8x0051332_ses-1
trglabel = ./lh.perirhinal_exvivo.thresh.label
regmethod = surface

srchemi = lh
trghemi = lh
trgsurface = white
srcsurfreg = sphere.reg
trgsurfreg = sphere.reg
usehash = 1
Use ProjAbs  = 0, 0
Use ProjFrac = 0, 0
DoPaint 0

SUBJECTS_DIR    /out/sourcedata/freesurfer
FREESURFER_HOME /opt/freesurfer
Loading source label.
Found 450 points in source label.
Starting surface-based mapping
Reading source registration 
 /out/sourcedata/freesurfer/fsaverage/surf/lh.sphere.reg
Rescaling ...  original radius = 100
Reading target surface 
 /out/sourcedata/freesurfer/sub-v1s8x0051332_ses-1/surf/lh.white
Reading target registration 
 /out/sourcedata/freesurfer/sub-v1s8x0051332_ses-1/surf/lh.sphere.reg
Rescaling ...  original radius = 99.9999
Building target registration hash (res=16).
Building source registration hash (res=16).
INFO: found  450 nlabel points
Performing mapping from target back to the source label 185561
Number of reverse mapping hits = 26
Checking for and removing duplicates
Writing label file ./lh.perirhinal_exvivo.thresh.label 476
mri_label2label: Done


 mris_label2annot --s sub-v1s8x0051332_ses-1 --hemi lh --ctab /opt/freesurfer/average/colortable_BA.txt --l lh.BA1_exvivo.label --l lh.BA2_exvivo.label --l lh.BA3a_exvivo.label --l lh.BA3b_exvivo.label --l lh.BA4a_exvivo.label --l lh.BA4p_exvivo.label --l lh.BA6_exvivo.label --l lh.BA44_exvivo.label --l lh.BA45_exvivo.label --l lh.V1_exvivo.label --l lh.V2_exvivo.label --l lh.MT_exvivo.label --l lh.perirhinal_exvivo.label --l lh.entorhinal_exvivo.label --a BA_exvivo --maxstatwinner --noverbose 

Reading ctab /opt/freesurfer/average/colortable_BA.txt
Number of ctab entries 15

7.3.2
cwd /out/sourcedata/freesurfer/sub-v1s8x0051332_ses-1/label
cmdline mris_label2annot --s sub-v1s8x0051332_ses-1 --hemi lh --ctab /opt/freesurfer/average/colortable_BA.txt --l lh.BA1_exvivo.label --l lh.BA2_exvivo.label --l lh.BA3a_exvivo.label --l lh.BA3b_exvivo.label --l lh.BA4a_exvivo.label --l lh.BA4p_exvivo.label --l lh.BA6_exvivo.label --l lh.BA44_exvivo.label --l lh.BA45_exvivo.label --l lh.V1_exvivo.label --l lh.V2_exvivo.label --l lh.MT_exvivo.label --l lh.perirhinal_exvivo.label --l lh.entorhinal_exvivo.label --a BA_exvivo --maxstatwinner --noverbose 
sysname  Linux
hostname dna063
machine  x86_64
user     oesteban

subject sub-v1s8x0051332_ses-1
hemi    lh
SUBJECTS_DIR /out/sourcedata/freesurfer
ColorTable /opt/freesurfer/average/colortable_BA.txt
AnnotName  BA_exvivo
nlables 14
LabelThresh 0 0.000000
Loading /out/sourcedata/freesurfer/sub-v1s8x0051332_ses-1/surf/lh.orig
 1 1530880 BA1_exvivo
 2 16749699 BA2_exvivo
 3 16711680 BA3a_exvivo
 4 3368703 BA3b_exvivo
 5 1376196 BA4a_exvivo
 6 13382655 BA4p_exvivo
 7 10036737 BA6_exvivo
 8 2490521 BA44_exvivo
 9 39283 BA45_exvivo
10 3993 V1_exvivo
11 8508928 V2_exvivo
12 10027163 MT_exvivo
13 16422433 perirhinal_exvivo
14 16392598 entorhinal_exvivo
Mapping unhit to unknown
Found 134309 unhit vertices
Writing annot to /out/sourcedata/freesurfer/sub-v1s8x0051332_ses-1/label/lh.BA_exvivo.annot

 mris_label2annot --s sub-v1s8x0051332_ses-1 --hemi lh --ctab /opt/freesurfer/average/colortable_BA.txt --l lh.BA1_exvivo.thresh.label --l lh.BA2_exvivo.thresh.label --l lh.BA3a_exvivo.thresh.label --l lh.BA3b_exvivo.thresh.label --l lh.BA4a_exvivo.thresh.label --l lh.BA4p_exvivo.thresh.label --l lh.BA6_exvivo.thresh.label --l lh.BA44_exvivo.thresh.label --l lh.BA45_exvivo.thresh.label --l lh.V1_exvivo.thresh.label --l lh.V2_exvivo.thresh.label --l lh.MT_exvivo.thresh.label --l lh.perirhinal_exvivo.thresh.label --l lh.entorhinal_exvivo.thresh.label --a BA_exvivo.thresh --maxstatwinner --noverbose 

Reading ctab /opt/freesurfer/average/colortable_BA.txt
Number of ctab entries 15

7.3.2
cwd /out/sourcedata/freesurfer/sub-v1s8x0051332_ses-1/label
cmdline mris_label2annot --s sub-v1s8x0051332_ses-1 --hemi lh --ctab /opt/freesurfer/average/colortable_BA.txt --l lh.BA1_exvivo.thresh.label --l lh.BA2_exvivo.thresh.label --l lh.BA3a_exvivo.thresh.label --l lh.BA3b_exvivo.thresh.label --l lh.BA4a_exvivo.thresh.label --l lh.BA4p_exvivo.thresh.label --l lh.BA6_exvivo.thresh.label --l lh.BA44_exvivo.thresh.label --l lh.BA45_exvivo.thresh.label --l lh.V1_exvivo.thresh.label --l lh.V2_exvivo.thresh.label --l lh.MT_exvivo.thresh.label --l lh.perirhinal_exvivo.thresh.label --l lh.entorhinal_exvivo.thresh.label --a BA_exvivo.thresh --maxstatwinner --noverbose 
sysname  Linux
hostname dna063
machine  x86_64
user     oesteban

subject sub-v1s8x0051332_ses-1
hemi    lh
SUBJECTS_DIR /out/sourcedata/freesurfer
ColorTable /opt/freesurfer/average/colortable_BA.txt
AnnotName  BA_exvivo.thresh
nlables 14
LabelThresh 0 0.000000
Loading /out/sourcedata/freesurfer/sub-v1s8x0051332_ses-1/surf/lh.orig
 1 1530880 BA1_exvivo
 2 16749699 BA2_exvivo
 3 16711680 BA3a_exvivo
 4 3368703 BA3b_exvivo
 5 1376196 BA4a_exvivo
 6 13382655 BA4p_exvivo
 7 10036737 BA6_exvivo
 8 2490521 BA44_exvivo
 9 39283 BA45_exvivo
10 3993 V1_exvivo
11 8508928 V2_exvivo
12 10027163 MT_exvivo
13 16422433 perirhinal_exvivo
14 16392598 entorhinal_exvivo
Mapping unhit to unknown
Found 157136 unhit vertices
Writing annot to /out/sourcedata/freesurfer/sub-v1s8x0051332_ses-1/label/lh.BA_exvivo.thresh.annot

 mris_anatomical_stats -th3 -mgz -noglobal -f ../stats/lh.BA_exvivo.stats -b -a ./lh.BA_exvivo.annot -c ./BA_exvivo.ctab sub-v1s8x0051332_ses-1 lh white 

computing statistics for each annotation in ./lh.BA_exvivo.annot.
reading volume /out/sourcedata/freesurfer/sub-v1s8x0051332_ses-1/mri/wm.mgz...
reading input surface /out/sourcedata/freesurfer/sub-v1s8x0051332_ses-1/surf/lh.white...
reading input pial surface /out/sourcedata/freesurfer/sub-v1s8x0051332_ses-1/surf/lh.pial...
reading input white surface /out/sourcedata/freesurfer/sub-v1s8x0051332_ses-1/surf/lh.white...
INFO: using TH3 volume calc
INFO: assuming MGZ format for volumes.
INFO: not computing global stats
Using TH3 vertex volume calc
Total face volume 280814
Total vertex volume 280636 (mask=0)
Saving annotation colortable ./BA_exvivo.ctab

table columns are:
    number of vertices
    total surface area (mm^2)
    total gray matter volume (mm^3)
    average cortical thickness +- standard deviation (mm)
    integrated rectified mean curvature
    integrated rectified Gaussian curvature
    folding index
    intrinsic curvature index
    structure name

 1308    832   1411  1.578 0.523     0.120     0.027       11     1.6  BA1_exvivo
 4857   3475   6336  1.932 0.727     0.133     0.033       53     7.5  BA2_exvivo
 1105    896    928  1.351 0.405     0.182     0.052       20     2.4  BA3a_exvivo
 3218   2260   3202  1.447 0.528     0.112     0.023       24     3.3  BA3b_exvivo
 1990   1357   1703  1.248 0.455     0.088     0.017        9     1.5  BA4a_exvivo
 1496   1156   1224  1.186 0.335     0.105     0.019        9     1.4  BA4p_exvivo
13192   8452  17734  2.005 0.856     0.127     0.041      191    24.1  BA6_exvivo
 3615   2625   5771  2.303 0.661     0.126     0.030       28     4.8  BA44_exvivo
 4982   3294   8140  2.462 0.672     0.122     0.030       68     6.5  BA45_exvivo
 2815   2209   2713  1.331 0.561     0.139     0.032       30     4.7  V1_exvivo
 8692   6412   9299  1.528 0.614     0.142     0.038      119    14.9  V2_exvivo
 2741   2488   4297  1.909 0.744     0.185     0.049       38     7.5  MT_exvivo
  715    453   1425  2.986 0.683     0.099     0.032        5     0.9  perirhinal_exvivo
  526    277   1155  3.012 0.921     0.096     0.034        5     0.6  entorhinal_exvivo

 mris_anatomical_stats -th3 -mgz -f ../stats/lh.BA_exvivo.thresh.stats -noglobal -b -a ./lh.BA_exvivo.thresh.annot -c ./BA_exvivo.thresh.ctab sub-v1s8x0051332_ses-1 lh white 

computing statistics for each annotation in ./lh.BA_exvivo.thresh.annot.
reading volume /out/sourcedata/freesurfer/sub-v1s8x0051332_ses-1/mri/wm.mgz...
reading input surface /out/sourcedata/freesurfer/sub-v1s8x0051332_ses-1/surf/lh.white...
reading input pial surface /out/sourcedata/freesurfer/sub-v1s8x0051332_ses-1/surf/lh.pial...
reading input white surface /out/sourcedata/freesurfer/sub-v1s8x0051332_ses-1/surf/lh.white...
INFO: using TH3 volume calc
INFO: assuming MGZ format for volumes.
INFO: not computing global stats
Using TH3 vertex volume calc
Total face volume 280814
Total vertex volume 280636 (mask=0)
Saving annotation colortable ./BA_exvivo.thresh.ctab

table columns are:
    number of vertices
    total surface area (mm^2)
    total gray matter volume (mm^3)
    average cortical thickness +- standard deviation (mm)
    integrated rectified mean curvature
    integrated rectified Gaussian curvature
    folding index
    intrinsic curvature index
    structure name

  784    481    884  1.682 0.523     0.121     0.032        7     1.0  BA1_exvivo
 2008   1373   2114  1.588 0.493     0.124     0.032       21     3.2  BA2_exvivo
  931    736    707  1.301 0.354     0.191     0.056       18     2.2  BA3a_exvivo
 2047   1375   1708  1.260 0.393     0.100     0.019       13     1.8  BA3b_exvivo
 1988   1369   1563  1.167 0.319     0.087     0.017        9     1.6  BA4a_exvivo
 1160    922    981  1.194 0.369     0.104     0.018        6     0.9  BA4p_exvivo
 6799   4457   8349  1.805 0.719     0.115     0.031       70     9.2  BA6_exvivo
 2325   1707   3504  2.137 0.677     0.128     0.030       17     3.2  BA44_exvivo
 1996   1278   3279  2.325 0.656     0.126     0.033       34     2.7  BA45_exvivo
 3017   2329   2871  1.314 0.566     0.135     0.030       31     4.9  V1_exvivo
 4103   3074   4381  1.496 0.589     0.137     0.036       57     6.6  V2_exvivo
  647    654   1093  1.806 0.657     0.221     0.059       13     2.3  MT_exvivo
  265    178    622  3.061 0.543     0.076     0.020        1     0.2  perirhinal_exvivo
  355    193    856  3.085 0.937     0.090     0.030        4     0.3  entorhinal_exvivo

Started at Tue Mar 10 14:26:49 CET 2026 
Ended   at Tue Mar 10 14:30:53 CET 2026
#@#%# recon-all-run-time-hours 0.068
recon-all -s sub-v1s8x0051332_ses-1 finished without error at Tue Mar 10 14:30:53 CET 2026
