global_signal	global_signal_derivative1	global_signal_derivative1_power2	global_signal_power2	csf	csf_derivative1	csf_derivative1_power2	csf_power2	white_matter	white_matter_derivative1	white_matter_power2	white_matter_derivative1_power2	csf_wm	tcompcor	std_dvars	dvars	framewise_displacement	rmsd	t_comp_cor_00	t_comp_cor_01	t_comp_cor_02	t_comp_cor_03	t_comp_cor_04	t_comp_cor_05	t_comp_cor_06	c_comp_cor_00	c_comp_cor_01	c_comp_cor_02	c_comp_cor_03	c_comp_cor_04	c_comp_cor_05	c_comp_cor_06	c_comp_cor_07	c_comp_cor_08	c_comp_cor_09	c_comp_cor_10	c_comp_cor_11	c_comp_cor_12	c_comp_cor_13	c_comp_cor_14	c_comp_cor_15	c_comp_cor_16	c_comp_cor_17	c_comp_cor_18	c_comp_cor_19	w_comp_cor_00	w_comp_cor_01	w_comp_cor_02	w_comp_cor_03	w_comp_cor_04	w_comp_cor_05	w_comp_cor_06	w_comp_cor_07	w_comp_cor_08	w_comp_cor_09	w_comp_cor_10	w_comp_cor_11	w_comp_cor_12	w_comp_cor_13	w_comp_cor_14	w_comp_cor_15	w_comp_cor_16	w_comp_cor_17	w_comp_cor_18	w_comp_cor_19	w_comp_cor_20	w_comp_cor_21	w_comp_cor_22	w_comp_cor_23	w_comp_cor_24	w_comp_cor_25	w_comp_cor_26	w_comp_cor_27	w_comp_cor_28	w_comp_cor_29	w_comp_cor_30	w_comp_cor_31	w_comp_cor_32	w_comp_cor_33	w_comp_cor_34	w_comp_cor_35	a_comp_cor_00	a_comp_cor_01	a_comp_cor_02	a_comp_cor_03	a_comp_cor_04	a_comp_cor_05	a_comp_cor_06	a_comp_cor_07	a_comp_cor_08	a_comp_cor_09	a_comp_cor_10	a_comp_cor_11	a_comp_cor_12	a_comp_cor_13	a_comp_cor_14	a_comp_cor_15	a_comp_cor_16	a_comp_cor_17	a_comp_cor_18	a_comp_cor_19	a_comp_cor_20	a_comp_cor_21	a_comp_cor_22	a_comp_cor_23	a_comp_cor_24	a_comp_cor_25	a_comp_cor_26	a_comp_cor_27	a_comp_cor_28	a_comp_cor_29	a_comp_cor_30	a_comp_cor_31	a_comp_cor_32	a_comp_cor_33	a_comp_cor_34	a_comp_cor_35	a_comp_cor_36	a_comp_cor_37	edge_comp_00	edge_comp_01	edge_comp_02	edge_comp_03	edge_comp_04	edge_comp_05	edge_comp_06	edge_comp_07	edge_comp_08	edge_comp_09	edge_comp_10	edge_comp_11	edge_comp_12	edge_comp_13	edge_comp_14	edge_comp_15	edge_comp_16	edge_comp_17	edge_comp_18	edge_comp_19	edge_comp_20	edge_comp_21	edge_comp_22	edge_comp_23	cosine00	cosine01	cosine02	cosine03	trans_x	trans_x_derivative1	trans_x_derivative1_power2	trans_x_power2	trans_y	trans_y_derivative1	trans_y_derivative1_power2	trans_y_power2	trans_z	trans_z_derivative1	trans_z_derivative1_power2	trans_z_power2	rot_x	rot_x_derivative1	rot_x_derivative1_power2	rot_x_power2	rot_y	rot_y_derivative1	rot_y_power2	rot_y_derivative1_power2	rot_z	rot_z_derivative1	rot_z_derivative1_power2	rot_z_power2
794.0973253079834	n/a	n/a	630590.5620612932	1231.8127684406538	n/a	n/a	1517362.6964934275	739.6250918814695	n/a	547045.2765406723	n/a	860.1775747895683	731.0807297261043	n/a	n/a	n/a	n/a	-0.1306582184	0.3210430364	-0.0559426413	0.0123406925	-0.1643443397	0.1507726507	0.498859673	-0.0596996512	0.2514740942	-0.1044421357	0.459986551	-0.0670011037	0.1998375492	-0.0157261742	0.0448577124	-0.0842751573	0.0322328388	-0.1103916908	0.3921688392	-0.1985540875	-0.0352521516	0.2333975186	-0.0608071563	0.1204094782	-0.0755936671	0.0392639425	-0.1146166748	0.0744655896	-0.1338799753	0.0774978411	0.0900485465	-0.0051779546	0.0012594552	-0.0638958997	0.1135908414	-0.0983971962	0.0775482178	-0.0312695552	0.0163777304	-0.0650939453	0.0148684737	-0.0012503138	-0.1682540666	0.0547764749	-0.1010286069	0.053631776	-0.1494610775	0.0697410509	-0.0025895435	-0.0586305545	0.0475748681	-0.1127566085	-0.0288564785	0.1027090535	0.0950434669	-0.0438266519	-0.0623114845	0.1680582228	0.0017485591	0.0147067053	-0.0633650412	-0.1279768911	0.0471877827	0.0840847454	-0.2689356346	0.1495262941	0.2949424656	-0.2092371272	0.0455868397	-0.1722185335	0.1465638821	-0.1467244974	0.2189906283	0.0211570416	-0.2638736481	0.043869806	-0.1533131107	0.1275887838	-0.1304776603	0.001244075	-0.118756648	0.3068758945	-0.1374960355	0.0171124772	-0.0461092859	0.0394318694	-0.0204318771	-0.0524624279	0.0269873974	0.0906347277	-0.0073080202	-0.148108921	0.0622739208	0.0368975514	-0.0144664879	-0.0544684486	0.0508335829	0.191764267	-0.1288195576	-0.0295225171	0.0741226589	-0.1554956272	0.1092774625	0.1397422508	-0.267431435	0.310528241	-0.0818099853	0.1443903748	-0.1251705978	0.1562646727	-0.1390532011	0.1991614476	-0.279466269	0.0494543252	-0.0113073826	-0.2348885137	0.1990685383	-0.1118030353	0.0565964352	-0.0331817669	0.1330522786	-0.054744274	0.2626352263	-0.0241429883	0.0794106467	0.1290883846	0.1290552057	0.1289999139	0.1289225186	0.1575032478083926	n/a	n/a	0.0248072730701919	-0.0518622461348314	n/a	n/a	0.0026896925741498	-0.0480154683773577	n/a	n/a	0.002305485203497	0.0008828684791763	n/a	n/a	7.794567515230728e-07	-0.0011487176749036	n/a	1.319552296635933e-06	n/a	0.0006410073880403	n/a	n/a	4.108904715222477e-07
790.9470589954252	-3.150266312558188	9.92417784003896	625597.2501335127	1214.2003444522302	-17.612423988423643	310.1974787480006	1474282.4764679144	738.6284316660472	-0.9966602154223664	545571.9600654445	0.993331585005758	854.260245645002	697.9258083897811	1.441224	50.422417	0.2917359312831893	0.145508219111983	-0.0312029857	-0.0679778043	-0.0664944224	-0.0717657523	-0.0219775789	0.0104480897	-0.2576020183	-0.0284857978	0.0075583882	0.0229131587	-0.0039486035	0.1430359328	-0.1727058766	0.325734092	-0.1317024891	0.3094630395	-0.0118980955	0.0832876598	-0.0080681823	-0.0166576599	0.040356412	-0.0349159835	-0.1327801561	-0.0536275201	0.0421097998	-0.2025615776	0.0554193535	-0.0332976052	0.0390041445	0.0855049326	-0.0284652409	-0.0172467484	0.0383812444	-0.1353254707	0.0255729268	-0.1528714576	0.0855635433	-0.0774313455	-0.0270413591	0.0651213791	0.0273123708	-0.0660633367	0.0728538553	0.088580917	-0.1696850909	0.0547068868	0.0317966478	-0.0410124345	-0.0014561033	0.0798582463	-0.0714029954	0.163938784	-0.1073437507	0.1200771412	-0.1542062876	-0.0806686456	-0.0360578524	0.1132122012	0.04880993	-0.0830928095	0.0306228589	0.1665309466	0.0237022702	-0.0232482874	0.0038593068	-0.0520045248	-0.0235569342	0.0747778932	-0.166775017	0.2930019702	0.3126211338	0.0774968016	0.1445181766	0.1049633447	0.2071130832	-0.1065996682	0.0421479082	-0.1201356882	0.01800147	-0.1089767116	-0.0556369459	-0.0330012195	-0.1497749682	-0.0999167289	-0.1869375252	0.0995174612	-0.1534149737	0.0690849878	0.0642830936	-0.0209501358	-0.0374590438	-0.069926706	-0.0227174848	-0.0252430662	0.1461294208	-0.0570491669	0.0206080878	0.0741416684	0.0266259254	0.1485557408	0.1422954047	-0.017931817	0.1185309522	0.0914064081	-0.1347246656	-0.2863814344	0.0168181577	-0.0499626141	-0.0115618998	0.1393367931	0.1126378525	0.1943185375	-0.0290555432	-0.203897918	-0.1268121066	0.0484505907	-0.1523982386	0.1499420511	0.0049482704	0.0704901259	0.0257516105	-0.17912663	-0.0026912661	-0.1554427009	0.0640896608	0.1289999139	0.1287014744	0.1282045865	0.1275100165	0.1139107823440781	-0.0435924654643144	0.0019003030452574	0.0129756663342399	0.0427348300916605	0.0945970762264919	0.0089486068306007	0.001826265702963	0.0262098533061561	0.0742253216835138	0.0055093983790211	0.0006869564103302	-8.829016988588307e-05	-0.0009711586490621	9.431491216482844e-07	7.795154098478093e-09	-0.0013650470197092	-0.0002163293448056	1.8633533660169693e-06	4.6798385424020174e-08	0.0010399407523499	0.0003989333643096	1.5914782915937616e-07	1.0814767683980762e-06
791.683064974485	0.7360059790597688	0.5417048012117289	626762.0753673946	1208.2865313465486	-5.913813105681584	34.97318544893126	1459956.341833474	738.6331619454457	0.0047302793985863	545578.9479255271	2.237554318869082e-05	852.7897129553947	694.7095577882831	1.126142	39.399033	0.3405682603977158	0.1835973347514596	-0.0088433918	0.0587994557	-0.0237176634	0.1205104442	-0.1183010836	-0.0855606573	-0.0205051674	0.0523803563	0.0617304861	-0.027442183	-0.2374223464	-0.0679952249	-0.0609166548	-0.1043485016	-0.0523074032	-0.0209613055	0.0516484816	0.2321204054	-0.1908510569	-0.0857975963	0.1454290652	0.0241857533	-0.1050691327	-0.0658888715	0.1436743747	-0.001613684	-0.0444124095	-0.0645873827	0.0327931166	0.0349860677	0.0396391691	0.0238091634	-0.0704466097	0.1917641033	-0.0336235668	-0.0494302238	0.0532037266	-0.1134593853	-0.0760844781	0.0567476685	0.1055706866	-0.0423287558	-0.1375244708	-0.0224960336	0.0872722513	-0.1415782985	0.0769352274	-0.0520002085	0.0561128319	-0.1343843459	-0.0961079312	-0.0718702042	-0.0037785936	-0.1274799054	-0.078686955	0.0453345506	-0.0457935736	-0.0416643782	-0.042805191	0.0188685566	0.0019353364	0.0072788236	-0.0098922866	-0.0058374315	-0.1051479587	0.0013769495	-0.005270883	0.1857900251	0.0019460722	-0.039779278	-0.1434497985	-0.0310678094	0.0260012378	0.1579694234	0.1392122601	-0.1323107602	0.1173887675	0.0087580301	-0.0242567445	-0.0437135367	0.0413376141	-0.0017408635	-0.1067715913	-0.1699335973	0.0321947326	0.0173093894	-0.0894698081	-0.1166831506	-0.0970126094	-0.0725290446	0.0358214379	-0.0992418737	0.2719323703	-0.0665872405	-0.0195864889	0.1227948497	0.0678982025	-0.1413985753	0.0748068093	-0.1550554962	0.0088505632	-0.0516188782	-0.0040295842	0.0174684626	-0.0338961206	0.1031615011	-0.0852730003	0.0818591262	-0.0455400568	-0.0721001643	0.1785372451	0.0822790109	0.0698965854	-0.0960619324	-0.0307963745	-0.0800800848	-0.2788831064	0.090038932	0.063682704	0.0701597225	0.0411915374	0.070163799	-0.1253148332	-0.0294703568	0.0396494393	0.1288230331	0.1279949812	0.1266188352	0.124700488	0.0708279914055651	-0.043082790938513	0.0018561268750516	0.0050166043665468	-0.1092387030607398	-0.1519735331524003	0.0230959547788237	0.0119330942463924	0.0130405003074827	-0.0131693529986733	0.0001734318584036	0.0001700546482694	0.0007695469616452	0.000857837131531	7.358845442334768e-07	5.922025261773588e-07	-0.0002728680887909	0.0010921789309183	7.445699388039849e-08	1.192854817141841e-06	0.0003431051486367	-0.0006968356037132	4.855798586023401e-07	1.1772114302101203e-07
789.1474141859474	-2.535650788537623	6.429524921411471	622753.6413163672	1212.9690623707618	4.682531024213176	21.926096792718894	1471293.946268605	739.6634368074647	1.0302748620189277	547101.9997498303	1.0614662913081203	854.3071488945092	706.3318164336573	1.062187	37.161507	0.2118178151722828	0.1243823528758996	-0.0174504162	0.0150889338	-0.0891112155	-0.0185736036	-0.062681933	0.1697991355	-0.0709133313	0.0498040353	-0.0303380321	-0.046450765	-0.0277688507	-0.0019397869	0.0951994946	0.0194874253	-0.0312268171	0.0603366511	-0.006520478	0.117832277	0.08940621	0.1957443249	-0.0072303672	-0.0307832208	-0.1357332814	0.0766934689	0.0367157484	-0.1047100279	0.2432225049	0.1206210749	-0.0254084145	0.005668101	0.132600291	0.0300456713	0.0426745754	0.054555487	-0.0219842761	0.0109704839	-0.1602734624	0.1021238042	-0.1465668462	0.0141941338	0.0467340585	0.0316997418	0.0418253303	0.1676130786	0.0352474532	0.0151548703	0.0379971747	0.025567331	0.1507344282	0.1548208551	-0.0672897468	-0.0566526048	0.1048548166	-0.0985323385	0.0630406086	-0.1375268288	-0.018606473	0.0222356839	-0.1009292044	0.0171956088	-0.1496370959	-0.0068176307	0.0410720606	-0.0279555697	-0.0074718568	0.0124168121	-0.0571818202	-0.1034661343	0.0339214623	-0.0114108333	0.0202275402	-0.0880087183	0.1059080361	-0.0723175933	0.0928622528	-0.087261024	0.1528508699	-0.1310237781	-0.0281157866	0.1180636679	-0.0165846293	0.0099533569	-0.0636502322	0.1277769336	-0.0463758699	-0.0808548195	0.094736354	-0.2023859071	-0.0381238009	0.2440000135	0.1618775481	0.0394712968	0.089153936	-0.0256087711	0.0602840788	0.1867468151	-0.2506833235	0.047998132	0.0560998413	-0.0198087297	-0.0463956266	-0.0475887312	-0.0493414866	0.0089021401	0.0677510609	0.0268283384	0.0242630914	-0.076664881	-0.0546911954	0.200179405	-0.0672127238	0.0594109586	0.1016190731	-0.1347025913	-0.0395103386	-0.0852099375	0.114763915	0.007629683	0.0570832215	-0.002709396	-0.023129377	0.1745412808	-0.1249191416	-0.0374682769	-0.0599976042	0.1285578634	0.1269376627	0.1242524367	0.1205247148	0.0426321380218581	-0.028195853383707	0.0007950061480355	0.0018174991923147	0.0071889296281426	0.1164276326888824	0.0135553936535373	5.16807091983865e-05	0.0362615258138561	0.0232210255063734	0.0005392160255676	0.0013148982543489	0.0004879911817294	-0.0002815557799158	7.92736572039944e-08	2.381353934456563e-07	-0.0001380292747914	0.0001348388139995	1.9052080699439812e-08	1.818150576079176e-08	-0.0001199663293144	-0.0004630714779511	2.1443519369181613e-07	1.4391920169171071e-08
787.2121093148853	-1.935304871062044	3.7454049439564754	619702.905051991	1207.6154296440586	-5.353632726703154	28.661383372427046	1458335.0259144043	739.3973807261277	-0.2660560813369557	546708.4866246582	0.0707858384163767	853.5718033110403	677.1019126476361	1.025451	35.876247	0.0517065727726126	0.0291421270673696	0.1383429428	-0.0632142625	-0.0474494871	0.0546866156	0.0444249165	0.085396734	-0.0258204184	0.1727659593	-0.0898129152	0.1039912944	-0.0786226342	0.0572532412	-0.0907072111	0.1312409215	0.022163806	0.01796981	-0.0110208828	0.0010482811	-0.1020696411	-0.0336571943	0.0394338825	0.0356351139	0.0468846833	-0.0077661856	-0.0393046665	0.1650942311	-0.1477522598	0.1394543213	0.0678385177	0.0294275124	-0.0127291884	0.0212937714	0.0292039988	-0.079160204	-0.0716161742	0.0437114016	-0.0827264675	0.0377493703	0.0837716094	-0.0705071123	-0.0188931907	-0.0391635942	0.0579033962	0.0470875468	-0.0457891188	-0.1919018373	-0.0548735111	-0.0517337795	-0.0536203472	0.0990522791	-0.1019231663	0.1306328719	0.0554112588	-0.0118192504	-0.1216826654	0.0325689875	0.0533145603	-0.0313421109	0.0566309073	0.0859836658	-0.0214364609	0.0301119719	-0.0581379019	0.0816380469	0.0803240214	-0.0997175138	-0.0919635508	0.0745195718	-0.0753194157	0.0617891175	0.0517491732	-0.0261553909	-0.0049758984	0.0365365009	0.0360470995	-0.0033569878	0.1227418968	0.0687946528	0.09690215	0.0372684671	0.0322792027	0.0476837677	0.061806479	-0.0864432246	0.1064683937	-0.0301986119	0.038127696	-0.0801138248	0.0050476993	0.0391473469	0.0959282979	-0.0646683268	0.0174313181	-0.1375453332	-0.1370051153	-0.1493010184	0.0392412247	0.0518692028	-0.1545966788	0.0995360674	-0.0055719205	-0.0342668835	-0.035757869	-0.0785460316	0.0617873274	-0.1310616216	0.044970071	0.020832031	0.0358250262	0.0955431183	0.0273616845	0.0758998643	0.0545338208	-0.1365763329	-0.0278280607	-0.042530208	0.0938485165	0.0242728824	0.1244595665	0.0386457031	-0.1760053469	0.0465311761	0.0544714511	0.0933127813	0.0278551151	0.1282045865	0.1255324169	0.1211199807	0.1150284477	0.0326098411720181	-0.0100222968498399	0.0001004464341463	0.0010634017412642	0.0093058577730715	0.0021169281449289	4.481384770792114e-06	8.659898889263526e-05	0.0529789110120049	0.0167173851981487	0.0002794709678632	0.0028067650120179	0.0001659836226119	-0.0003220075591175	1.0368886812881025e-07	2.755056297536964e-08	-0.000273009951039	-0.0001349806762476	7.453443336631719e-08	1.8219782960259412e-08	-0.0001199773455432	-1.1016228799998456e-08	1.2135729697391542e-16	1.4394563443592414e-08
788.8271188076184	1.6150094927330656	2.608255661617914	622248.2233663285	1212.4591247721498	4.843695128091213	23.461382493894547	1470057.1292432477	740.5075441425536	1.1101634164258485	548351.4229320359	1.2324628111703118	856.3360414917596	680.1384040715114	0.990548	34.655155	0.1337543566452843	0.0945984376168687	0.1320423713	0.017873878	-0.0010892274	-0.1029992945	0.002646963	0.0550336263	-0.0139023146	0.074674718	-0.0411200665	0.0948199748	0.0136624935	-0.0789118363	0.0955709171	-0.0358189347	0.1017836362	-0.1676541381	0.0281525299	0.0527781264	-0.0333122469	0.1125080824	-0.0191252262	0.0043408919	0.0536525007	-0.0432642658	0.0968237712	-0.09479008	-0.0364521536	0.124993434	-0.0790619102	-0.10964773	-0.0919901524	0.0465237558	0.1024095624	0.0217903134	-0.094264897	0.0409873158	0.0237535921	0.1209897674	-0.0183542468	-0.090545074	-0.0745211718	0.0593791872	0.1191200271	-0.049009976	-0.0509696092	0.0054661419	-0.0265605322	0.0612369164	0.0627146651	-0.2427283678	-0.0516097344	0.1006895703	0.0005521051	-0.1527943788	0.0418259025	0.0498311798	-0.0955219899	-0.0229484124	-0.015158806	-0.0355214128	0.0073638522	-0.0282041401	0.0641525962	0.058546686	0.0442895169	-0.1150104805	-0.0175870335	-0.0997297177	0.060277869	-0.0812346035	-0.0868406808	-0.0612120379	-0.0450855233	-0.0058746723	-0.0525132734	-0.0120309122	-0.0312750982	0.0565125319	0.0446442969	0.0232630774	-0.0210392407	-0.0718603834	-0.0514809974	0.0053915043	0.0925352217	-0.1300411733	-0.0097174666	0.0138973958	0.0330000185	-0.0138991787	0.1875614718	-0.0822946517	-0.0727204169	0.0111837725	-0.0740658135	-0.2157350078	-0.0534600875	0.1343068836	0.1065971326	0.0476306033	-0.0793627631	-0.042960923	-0.0874762551	-0.1253187325	0.0619643979	0.0638132937	-0.0658711912	-0.0223436194	-0.1234364082	-0.0264609339	0.0275284037	0.0471436091	0.0745906832	-0.0185934551	0.0450652609	0.0232881095	-0.0780281049	-0.0522673381	0.0006099058	-0.0234363839	-0.0003741568	0.1127572452	0.0241347261	-0.0168430037	-0.0079371473	0.1277634447	0.1237830955	0.1172407796	0.1082719048	0.0161549954263762	-0.0164548457456419	0.0002707619485128	0.0002609838772262	-0.0798005203091349	-0.0891063780822064	0.0079399466149291	0.0063681230416086	0.0530722987308109	9.338771880600116e-05	8.721266023788743e-09	0.0028166688925724	0.0005509592515278	0.0003849756289158	1.482062348591927e-07	3.035560968440736e-07	-0.00027358205214	-5.721011010000293e-07	7.48471392531337e-08	3.2729966976544573e-13	-0.0002964245174989	-0.0001764471719557	3.113360449116436e-08	8.786749457445567e-08
788.253197784539	-0.5739210230793788	0.3293853407324808	621343.1038175515	1212.9597051763026	0.5005804041527426	0.2505807410217232	1471271.246381383	739.0246264253956	-1.4829177171579886	546157.3984631955	2.1990449558610603	855.971254808499	681.8947077139114	0.970974	33.970333	0.131238321828943	0.073052771146473	0.1082580198	-0.0359990968	-0.0404274951	0.0093075145	0.1876860182	0.032772615	-0.0008725648	0.0955657394	-0.0188962252	0.0409954878	-0.0566056264	0.0286646235	0.0066513875	0.116407622	0.0382317407	-0.0706128959	-0.0282055388	-0.1207424378	0.0350685511	0.1362801833	-0.1232581865	0.0128001478	0.1176546117	0.1167486202	-0.0425854374	-0.0645916453	0.0909913122	0.0345917873	0.0282689965	-0.028871527	-0.115217084	0.0151194006	-0.1211757329	-0.003523176	0.0581189656	-0.1663559143	0.023786368	0.007565709	0.2394181471	0.176876356	0.1516358156	0.0685624971	-0.0720289178	0.1113898596	0.0478135246	-0.0193474131	0.1182354011	0.0540080949	0.0807023316	0.0100252647	-0.0019299894	0.0740821087	-0.0201835931	0.0213924131	-0.0465236765	-0.2318231395	0.1326352714	0.0339343409	-0.0728647104	-0.0644889713	0.0614999024	-0.0455476427	-0.0588332295	0.0661546349	0.0402357604	-0.0467919963	-0.163561184	-0.036892278	-0.0024465878	-0.0419322336	0.0731697647	0.0255781997	-0.0745207382	-0.0570367351	0.0645284132	0.0036240872	-0.0073288669	-0.0372024225	0.0162102166	-0.0419549527	0.0511974909	-0.0142766223	-0.0643573096	-0.0345912466	-0.1588572773	0.1251723695	-0.09035946	-0.0776420498	0.0219292987	-0.1007346734	0.1399487339	0.2527632077	-0.0835462053	0.1393160326	-0.0671477943	0.0305110459	0.0513796472	-0.0716017056	-0.2005515664	0.0004885468	0.0742574803	-0.0190337483	-0.0911529078	-0.0786710763	0.1210814192	-0.0938586636	0.0133165116	0.1284651211	-0.0449491752	0.0690664306	-0.065598914	0.0185173889	-0.0063728365	-0.0297397305	-0.016022685	0.0095384654	0.0891733317	0.0489780728	0.0928784704	-0.0527605508	-0.1508583688	-0.0283304838	0.0518836097	0.0161609002	-0.0900241525	0.1272347401	0.1216944932	0.1126387502	0.1003291122	-0.0040188900232749	-0.0201738854496511	0.0004069856541356	1.6151477019178527e-05	-0.022536332725437	0.0572641875836979	0.0032791871796209	0.0005078862927116	0.0529825951984719	-8.970353233900275e-05	8.046723714094511e-09	0.0028071553939651	0.0002653439439976	-0.0002856153075301	8.157610389557069e-08	7.04074086162015e-08	-0.000293641607558	-2.0059555417999955e-05	8.622539368924647e-08	4.023857635678113e-10	-0.0010649605598158	-0.0007685360423169	5.906476483401239e-07	1.134140993963182e-06
789.0376652787612	0.7844674942222127	0.6153892494912774	622580.4372285585	1214.1041241303033	1.1444189540006846	1.309694742276021	1474048.8242302109	739.3665339745568	0.341907549161192	546662.8715615494	0.1169007721734129	856.4631018243703	678.5773054376981	0.951282	33.281391	0.0335037230553291	0.0189602660656161	0.1451519486	-0.0420634224	0.0526641631	0.0936104973	0.0191431316	0.0817179286	-0.0251846492	0.1279202772	-0.1422654445	-0.0174061136	-0.0461867206	0.0670203852	0.089747961	0.0813555104	0.0261741317	0.1215437496	0.0450573535	0.0302343983	0.0522957309	0.0478756039	0.0875533623	-0.0208375134	0.0159105778	-0.0272516129	-0.1757405162	-0.0518462227	0.0305046972	0.00338233	0.0306262144	0.0654459817	-0.0363376886	0.0865188399	0.0606226222	-0.2035122807	-0.0032422805	0.0932763735	0.0343078916	-0.0476826743	0.0424166009	-0.1260640532	0.1001055868	-0.0616772289	-0.0652437644	-0.0841408688	-0.0276515899	0.0464467658	0.0293982133	-0.1616687196	-0.1081539738	-0.0839534251	0.1313747994	0.0030991084	-0.1323669391	0.044213975	0.1243044787	-0.0050684899	0.0611861311	-0.1119411274	-0.0664195412	-0.1416011072	-0.0432943095	0.0019703483	-0.0351903134	0.1034006458	0.1388855903	0.0222692129	-0.0280946868	0.0546708598	0.0418623135	-0.0226147721	0.018459988	-0.0640171633	0.0025606778	-0.0497893184	0.1763188252	0.0071761842	0.0964883955	0.178829756	-0.0973304104	0.0081747579	0.0140505278	-0.0869653991	0.0226151789	0.0070296627	0.064528472	0.0808160797	0.0232509398	0.1372779527	0.1657429919	-0.0747979554	-0.0749914056	-0.0663525405	-0.056151341	-0.0527009352	-0.0225081717	0.2474948182	0.1134037429	0.1861157502	-0.1071279524	-0.0192617637	0.0154356746	-0.0433543658	-0.0659277222	-0.140361804	0.0868179465	-0.0173606147	-0.0142570313	0.02798991	0.1021287692	-0.0116529903	0.0904555839	0.0339495457	-0.0031215202	-0.1079771043	0.0038673411	0.0109492022	0.100042816	-0.0277873157	0.0089113289	-0.0357844283	-0.0210707253	0.0945087917	0.0304137747	0.0656366352	-0.071271124	0.1266188352	0.1192723348	0.1073422654	0.0912870929	0.0060016743697275	0.0100205643930024	0.0001004117107543	3.602009524024398e-05	-0.0095774143820079	0.0129589183434291	0.0001679335646316	9.172686624469178e-05	0.0529372698804593	-4.53253180126012e-05	2.054384452943431e-09	0.0028023545423965	0.0002652774115756	-6.653242199999767e-08	4.4265631771857735e-15	7.037210509225029e-08	-0.000443133625642	-0.000149492018084	1.963674101746242e-07	2.2347863470827e-08	-0.0010049408103041	6.0019749511700015e-05	3.602370331447214e-09	1.0099060322146612e-06
790.8995710631059	1.8619057843446851	3.466693149776198	625522.1315078049	1216.0330645741092	1.9289404438059137	3.7208112357501553	1478736.4141374996	741.3775171249089	2.010983150352104	549640.6228982946	4.044053231000071	858.0702146193006	681.9699092137465	0.942441	32.972095	0.0878559929590538	0.0531028401542158	0.1091784141	0.0189492043	0.0389601964	0.0497835881	-0.1058769374	0.015287309	-0.0179394649	0.0491753066	-0.0442213688	0.0484372829	-0.0499152329	0.0048099725	0.0851179041	-0.1544864549	0.0288090987	0.0807491909	-0.0388542204	0.0456430876	0.0436494572	0.1057876277	-0.0673342903	0.0260199632	0.0870022194	0.0208243544	-0.009038361	0.1680810774	0.0531871972	0.0876410271	-0.0217993541	0.021865314	-0.0476078298	-0.1487041872	-0.0261363343	-0.0191762879	-0.054880016	0.1139514839	-0.0970481945	-0.0040625075	-0.0969448647	-0.0261321567	-0.0343448412	-0.0283773341	0.0870933564	-0.1305998749	-0.0682564172	0.1190259276	0.0917841668	0.0516779992	-0.0528892761	-0.0502537061	-0.2564349092	-0.0517062377	0.0165863792	-0.0898302812	0.0363931994	0.0472942764	0.1342825359	0.0689519174	0.0728080998	-0.0605032419	-0.1496081848	-0.0742726966	0.1835384712	0.0937828186	0.0763150973	-0.0103049039	0.027467259	-0.0144360384	0.0319829575	0.0067499252	-0.1250381028	0.0139623993	-0.0301972575	-0.0822873546	0.1508314652	-0.0204878713	0.0013566133	-0.0124369093	-0.0609268938	0.0046332358	-0.0238255648	0.023861911	0.1399216333	-0.0370219365	0.3208386329	-0.0260535104	-0.1118340793	0.0960132483	0.013743367	-0.0119862386	-0.0060450036	0.1136524464	-0.0053707878	0.1953432548	0.046997291	-0.1102300896	-0.0016389908	0.0099425742	-0.0517445625	-0.107548855	-0.0575258246	-0.0506929533	-0.0649536525	-0.133338351	0.0483852859	0.0982101399	-0.0163932307	-0.0218341479	0.0286615912	-0.0808685115	0.1023585013	-0.0135235406	-0.0698607373	-0.0057036994	0.0603043043	-0.0392917705	-0.0472869124	0.029176365	0.0201247613	0.1285746985	-0.1168288969	0.0679279833	-0.1236801649	-0.0532231804	-0.0048322635	0.1259161521	0.1165232592	0.1013839798	0.0812449131	0.0057316140457857	-0.0002700603239417	7.29325785675497e-08	3.285139956984792e-05	-0.0595572471555811	-0.0499798327735731	0.0024979836840743	0.0035470656887509	0.0371023433260404	-0.0158349265544189	0.0002507448989838	0.0013765838802833	0.0002108818380716	-5.439557350400001e-05	2.958878416829068e-09	4.4471149628456525e-08	-0.0003120793092601	0.0001310543163819	9.739349526826113e-08	1.717523384232715e-08	-0.0007549672340476	0.0002499735762565	6.248678882646423e-08	5.699755244854837e-07
792.0420613080483	1.1424902449424508	1.3052839597886612	627330.6268811022	1219.4246194099617	3.391554835852503	11.502644204594498	1486996.40242313	741.8136449844661	0.4361278595572457	550287.4838851396	0.1902075098819846	857.9577195647325	689.264016497869	0.964976	33.760483	0.120660262340822	0.0733799379192979	0.0700493125	0.0087606821	-0.027585193	-0.0921494483	-0.0255065284	-0.022478007	-0.0942199887	-0.0373981113	0.0511337985	0.1394723395	0.0311112855	-0.0184604676	0.0653585129	-0.1354419409	0.0150610566	0.0273146189	0.0311896362	-0.0132559253	-0.0228779106	-0.0235947254	-0.0619981402	-0.1020778822	0.0277371006	-0.0709570968	-0.0360663657	0.1170064771	-0.0684626776	0.0263217668	0.0849963349	0.0129406936	0.1025046585	-0.0189007889	0.03266869	0.1231654646	-0.0633510604	0.1557727495	-0.0619425951	-0.2227264095	0.0637977454	0.0194803401	0.0873714328	-0.0088608047	0.10857759	-0.1368560097	-0.003310164	-0.028613589	-0.0767569232	0.0618322071	-0.0238549637	0.1033015568	0.1934498013	-0.0198881633	0.0874980831	0.068067658	-0.0043135268	0.0251327576	-0.0190765419	0.1225572285	0.0136547075	-0.1012580635	0.1016083131	-0.0667443281	-0.0402753298	0.0191509406	-0.0241696791	-0.0859538229	0.0585244252	-0.0646663048	0.064230176	0.0304422789	-0.0891188018	-0.0371386164	-0.0996217713	-0.0394571754	-0.0654059454	-0.0034693277	0.0712474133	-0.1403484324	-0.1164825913	-0.0051549161	-0.0274527203	-0.0194444604	0.1273815828	0.1303268731	0.0309211429	0.1130164542	0.1396326022	0.0954255007	0.0036773147	-0.0117966429	-0.1508147982	-0.0087147094	0.1475439055	0.0001395096	-0.0085500185	-0.0888708777	-0.1296549439	-0.1152216524	-0.1437795411	0.048475068	0.0115921402	-0.0598306685	-0.0879821205	-0.065299701	0.0487106579	-0.0064186251	-0.0141371187	-0.1225077772	-0.0241379593	0.0457326509	0.0957876701	-0.0847702365	0.0204052352	-0.0869677684	0.0040339021	0.1266607198	0.0120810095	-0.0243324907	0.0276444231	-0.0410820923	0.0288236006	0.1474596872	0.04813301	-0.0029875915	-0.1222268577	0.1251271724	0.1134548014	0.0948006283	0.0703125971	-0.0095328358288355	-0.0152644498746212	0.0002330034299748	9.087495893952982e-05	0.0083538327099006	0.0679110798654817	0.0046119147684958	6.97865209450052e-05	0.0353975217436612	-0.0017048215823791	2.9064166277459045e-06	0.0012529845455929	0.0004808124252048	0.0002699305871331	7.286252187007406e-08	2.311805882313214e-07	-0.0003127887557732	-7.094465130999821e-07	9.783680573814654e-08	5.033143549497232e-13	-0.0011999254207681	-0.0004449581867204	1.979877879295953e-07	1.4398210154055016e-06
794.722910254436	2.6808489463876413	7.186951073347727	631584.5040832803	1217.3921106684677	-2.0325087414939844	4.1310917842494606	1482043.5511178267	744.0756571305718	2.2620121461056897	553648.5835342923	5.116698949129668	856.9238652817546	698.2384952887758	1.056474	36.961643	0.1908294269584535	0.1076099870074674	-0.044080463	-0.0133890425	-0.00141583	-0.1317505753	0.0294457368	-0.341489752	-0.028936136	-0.1229513212	0.0560332706	0.1464623679	-0.0816157047	-0.0692286174	0.0068821541	-0.0649734422	-0.0807181427	0.0598633823	0.0261955372	-0.1283868102	0.0043643602	-0.0282689327	0.1341693509	-0.1286227627	-0.0066798545	0.0769930408	0.1991081562	-0.0257888707	-0.1669388438	-0.1067197203	-0.0226371217	-0.0601621784	-0.0100898741	-0.0433163853	0.1467343133	0.0919236191	0.0830092977	0.145184115	0.1335269172	0.0182069488	-0.0244229493	0.1122425082	-0.011581332	0.0666833141	-0.0001305144	-0.0262817214	-0.0466199203	-0.0341139125	-0.0769946442	-0.0086011509	-0.093800379	0.1030046005	0.0077437513	0.1246031754	-0.0979638666	0.1621437971	-0.0053274742	0.0573159424	-0.1044384228	-0.0969219408	0.0184960451	-0.0007326055	0.0094877783	0.0009407936	0.0060892966	-0.107036158	-0.0699934431	-0.1403474408	-0.0364538971	0.0057790175	0.1185837917	0.120868785	-0.0096677015	-0.0432257545	-0.0633449634	-0.1003664355	-0.0768914302	0.1225888668	-0.12196714	-0.0194832381	-0.1002727297	-0.0736893281	-0.025862569	-0.1051798422	0.0671975758	-0.0851407833	0.0933605223	0.0923377832	-0.0469688854	-0.0228792767	0.0198314984	-0.0229923349	-0.2439909226	0.0712821415	-0.1946602585	-0.0456285936	0.0185755445	-0.0760415382	0.0140630751	0.0133594082	0.0851272466	0.1135895206	0.0181235579	0.0069636727	0.1458044916	-0.0333135246	0.0920923334	-0.0206007804	-0.0701749313	-0.0302954734	-0.2149389438	-0.2523447484	-0.0110799141	-0.2591159561	-0.0085107043	-0.0493827564	0.0676023632	0.0837609661	0.0145541994	0.1069372636	0.0877378059	-0.3557087011	0.2433384512	0.0742071585	0.0206008486	0.4122048742	0.2013516432	0.1242524367	0.1100753719	0.0876327994	0.0586099215	0.0443818535345599	0.0539146893633954	0.0029067937291514	0.0019697489231631	-0.0719955014728839	-0.0803493341827845	0.0064560155036167	0.005183352232332	0.0364839228557798	0.0010864011121185	1.1802673764125306e-06	0.0013310766269464	0.0001849396321647	-0.0002958727930401	8.754070966134983e-08	3.4202667545214536e-08	-0.0003120357766608	7.529791123999578e-07	9.736632591630869e-08	5.669775437106283e-13	-0.0003869711469175	0.0008129542738506	6.608946513719564e-07	1.4974666854664538e-07
795.4309461425352	0.7080358880991753	0.5013148188363878	632710.3900812087	1219.3431798588765	1.951069190408816	3.8066709857625134	1486797.7902683564	742.6811147583666	-1.394542372205251	551575.2382187301	1.944748427875849	858.7620610731052	720.0149626746307	1.079003	37.749832	0.1559731872292138	0.0867295727291539	-0.1191757292	-0.0177084922	0.0884251967	0.0913762392	0.0584917643	-0.1703748885	-0.0857413603	-0.0794131013	0.0237859828	-0.1514486427	-0.1176678977	-0.0938480937	-0.0575693477	-0.057565244	0.0676161905	0.0620789646	0.0113393426	-0.1182140472	-0.0906098542	0.0710454485	-0.1609197657	0.1336520522	-0.1432037385	-0.0374380687	0.1998041831	0.0087071163	-0.0553400961	-0.0949760894	0.0578811081	-0.0188600839	0.1201275504	-0.031052016	-0.0167569829	0.0155287467	0.066465792	0.0053063133	-0.0696799895	0.0332497748	0.0631030865	-0.1044671921	-0.0041107283	0.1859857787	-0.1652321312	0.0659609875	0.1455659032	-0.0441520059	-0.0052372671	0.1020919879	-0.0244192743	0.0574609017	0.0807898651	0.0430211102	0.1309812204	-0.0559888095	0.0382724813	-0.0834047678	-0.0924291933	-0.1322392128	0.0988027901	0.0555754227	0.0311831639	0.0529501362	-0.0026461522	-0.0425662281	-0.0183035539	0.1843647269	-0.0667614254	0.1009857777	0.0692558131	0.0152383016	0.1119674588	-0.0169231318	-0.0963177405	-0.1358134242	0.0587058703	0.1165051789	-0.1894754547	-0.0289584834	-0.0518679456	0.1321327255	0.050416552	-0.0326682733	-0.0408128618	-0.0659589149	-0.013135667	-0.0544499597	0.0719137689	-0.0837425879	-0.0327508282	0.2137070325	-0.1581680573	0.1159528283	0.1099705781	-0.1575669337	0.0013087992	-0.0405706652	0.0901265711	-0.0724997463	0.0993004879	-0.0944852653	0.0506827296	0.063744275	0.1230241344	0.0398317868	0.0326115416	-0.0773315087	0.0384285854	0.1362435903	0.1157073866	0.0194523106	-0.0667569142	-0.1711177521	0.0779658142	-0.0409785998	0.1247964651	0.0066682028	0.0541013459	-0.1288435768	-0.0415637947	0.0232868958	0.0589516367	-0.1920169979	-0.1286078974	-0.1326912455	0.0333998195	0.1232925447	0.1063942335	0.0799246852	0.0462651033	0.0312853994494162	-0.0130964540851437	0.0001715171096042	0.0009787762187095	-0.0010980537306437	0.0708974477422402	0.0050264480963636	1.2057219953805471e-06	0.0443157341376547	0.0078318112818749	6.133726795490296e-05	0.0019638842921592	-0.0006790993039202	-0.0008640389360849	7.46563283070726e-07	4.611758645849002e-07	-0.0002612434388953	5.07923377655e-05	6.824813436584237e-08	2.579861575684638e-09	-0.0007550893554662	-0.0003681182085487	1.355110154651042e-07	5.701599347383614e-07
792.5516378791586	-2.8793082633765152	8.290416075548285	628138.098704937	1216.5722969299534	-2.770882928923129	7.677792205797617	1480048.1536574226	741.6638240026614	-1.0172907557051758	550065.2278342507	1.0348804816432076	859.3552254911406	702.9539591960541	1.042914	36.487228	0.0470275190663711	0.0275416946429177	0.0228610833	0.0191934585	0.0899630862	0.115718489	0.0210113834	-0.0269090911	0.0005670786	0.1074966016	-0.0159375948	-0.1371957055	-0.0542547163	-0.0414958336	-0.2465213331	-0.0938933275	0.2479025396	-0.2037060016	0.1029086601	-0.0539267636	0.0162412683	-0.083414047	-0.0219126618	-0.0512663436	0.0317786449	-0.0350031594	-0.0344418587	-0.0694443181	0.0681241719	-0.0009570066	0.1383869843	0.0752526254	-0.0873739194	0.0314818851	-0.0795407447	-0.1131245941	-0.0177580585	-0.0009438027	0.1160048328	0.01118935	0.0549764099	-0.2182275959	-0.0893106164	-0.0088208024	0.1081895042	-0.1159752689	0.1283888105	-0.0599912994	-0.1011359639	0.0507534841	-0.0437401714	0.1117352305	-0.0704840745	0.0755215243	0.0473099379	-0.1064548645	0.1412681785	0.1212876664	0.0415458299	0.1571776889	-0.2199914747	0.0535297705	-0.0037931889	0.0749050291	0.068971899	0.0932952229	0.037861164	-0.0004644814	0.0723500266	0.2256872126	-0.1525710168	-0.0387084704	-0.1025522493	0.055465162	-0.2424842667	-0.0200638553	-0.0292467278	-0.0301953098	-0.0766984761	0.0769842664	0.0414379119	0.0678155548	0.1499628998	0.0699227666	-0.1338250208	0.2764637263	0.0662608959	-0.0955335233	-0.1562371529	0.1295088143	-0.1523874461	0.1212164426	-0.0723581057	-0.0190446172	-0.0224515386	0.0231189552	-0.0767501742	0.046153011	-0.0566091485	-0.0540983731	0.0203687252	0.2274935954	0.0573930178	-0.005120716	0.0565077467	-0.0301388941	0.0347139387	-0.014409725	0.0568378771	0.045896532	0.0595739712	-0.0705365312	0.0288514396	-0.2192330089	-0.0849624222	0.1041025482	0.0337510748	-0.1105824077	-0.0560608234	-0.0696292961	0.0682366608	0.1767069999	0.1314333567	-0.0523438536	-0.1229167643	-0.0663050643	-0.0885638722	0.1222481541	0.1024214758	0.0717238087	0.033413395	0.029260616362805	-0.0020247830866111	4.099746547826763e-06	0.0008561836699312	-0.0114142987108465	-0.0103162449802028	0.0001064249104915	0.0001302862150604	0.0301621224031976	-0.0141536117344571	0.0002003247251297	0.0009097536278654	-0.0003191174505492	0.000359981853371	1.2958693475642017e-07	1.0183594724502113e-07	-0.0003118797292758	-5.063629038049998e-05	9.72689655331463e-08	2.564033903498315e-09	-0.0007550499139157	3.9441550500011336e-08	1.555635905844944e-15	5.70100372504106e-07
794.348466036284	1.7968281571253328	3.22859142623842	630989.4854941973	1222.601884292114	6.029587362160555	36.35592375792629	1494755.3674746274	741.2702960522855	-0.3935279503758693	549481.651809443	0.1548642477270326	858.376545249458	699.330839356789	1.017614	35.602081	0.0363019402083514	0.0254793405073873	0.0199755611	0.036639475	0.0772626083	-0.0320833422	-0.0171978873	-0.1104561246	0.0135331977	-0.0154627593	-0.0215139786	0.0123595264	0.0847668047	0.0156736844	0.1663026906	-0.1696406373	-0.1313045292	0.0134743761	0.0458331723	-0.0403523683	-0.138598468	0.0901934174	-0.0554437728	-0.1114644441	0.0199409768	-0.0623192538	-0.0199710962	0.0167352016	0.1392348789	0.0125323611	-0.0291742468	-0.0713544073	0.0485086441	0.1196066999	0.1524721184	0.0500402619	0.1266516073	0.0308314671	-0.041240053	0.0058490205	0.0307006749	-0.1433700277	0.0158599515	-0.0408064504	-0.1377843354	0.0175904998	-0.0136208683	0.006362696	0.0201321102	-0.0261522575	0.0678792414	-0.1596219261	0.1448442681	-0.1203671036	-0.0323248433	-0.1513710512	-0.0088937339	0.1199060272	0.017795294	-0.0810912521	0.0180442883	0.0437420195	-0.0363444635	0.2725828633	-0.0145763729	0.0139863497	0.0279430753	0.0599017934	0.0634625134	-0.0125171539	0.1852901354	0.0094257024	-0.0851891924	-0.0614871686	-0.0436366041	-0.057849726	0.0439514233	0.0547665002	-0.0289139108	0.0389754681	0.1285375513	0.1350915815	-0.1118954754	-0.116863531	-0.0583368116	0.0019366549	-0.1051991259	-0.0162154849	0.1505524654	0.1834508018	-0.0084942623	-0.0733537864	0.0448739117	-0.0148555373	0.0196421011	-0.0290810406	-0.0097274743	0.072365377	0.0833483981	-0.0486810359	0.2392063523	-0.1154633367	-0.060201926	-0.0222657968	0.0481920558	-0.0607863752	-0.0030375896	0.057542785	0.0130288744	-0.0260383632	0.1083354168	-0.0334245837	-0.0864095617	-0.1653892856	0.0274504537	0.0653093151	0.2055345031	0.044139367	0.047847771	0.0535684632	-0.1342056514	-0.0228702156	0.0956010047	-0.0568788181	0.0247824139	-0.0085395443	-0.1660364772	0.1211199807	0.098167988	0.063080731	0.0201956026	0.0313516615963465	0.0020910452335415	4.372470168716634e-06	0.0009829266848518	-0.0134796302522346	-0.0020653315413881	4.2655943758525496e-06	0.0001817004317369	0.0145753707873694	-0.0155867516158282	0.0002429468259335	0.0002124414335893	1.1882226482173352e-05	0.0003309996770313	1.0956078619487348e-07	1.411873061736617e-10	-0.0003120046817244	-1.2495244860002454e-07	9.734692141794417e-08	1.5613114411141774e-14	-0.0007549983070438	5.1606871899999296e-08	2.6632692273029368e-15	5.700224436390041e-07
796.6751691884447	2.3267031521606896	5.413547558274489	634691.325201437	1223.7901571959362	1.1882729038222806	1.411992493958235	1497662.3488496542	743.3466486768192	2.0763526245336834	552564.2400990585	4.311240221407915	860.8490966495094	708.4719887174342	1.001465	35.037079	0.0972585209746713	0.0613359179070719	-0.0547241553	-0.0422367681	0.024307222	-0.126520385	-0.0342391541	-0.0845795117	-0.0873610466	-0.0894314075	0.0309187981	0.1196517094	-0.0353393808	0.0989286274	-0.080284846	-0.0440678929	0.0143687467	-0.0458016161	-0.0631561916	-0.0614768623	0.0134699887	0.1010173507	0.1495032719	-0.0301912509	-0.0661239471	-0.1006910466	-0.1776655464	0.0381202966	-0.0167391636	-0.1885643476	0.0453584406	-0.0793168268	-0.017106696	0.0591824684	-0.0383966182	0.0609393299	-0.0986457659	-0.0891938488	0.0701601367	0.0493579403	0.1416664056	0.0291034834	-0.0790033458	-0.0922784201	-0.0085599379	0.1132656738	0.0709988627	-0.0910156025	0.0374368121	0.1373638728	0.022183331	-0.1119707483	0.0648411008	-0.2251028739	0.0036984854	-0.045914965	0.0840695429	0.0562512669	0.0887627045	0.0411543569	0.0321189067	-0.0459042041	0.0596352006	0.0181723226	0.0144256702	-0.0957173637	-0.0392117561	-0.0493410668	0.0571130502	0.0025024664	-0.0233072927	0.075911165	-0.0863079349	0.1069229312	-0.1499722785	-0.1043277482	-0.0610845953	0.2031991472	0.0150338103	-0.0099702168	0.015750265	-0.075575217	-0.0587997856	-0.0723985991	-0.0900626804	0.0570582979	-0.263837403	0.0265802924	0.0423418642	-0.0425505199	-0.0738187666	-0.1408451501	-0.0033470451	0.0283927024	0.0635811081	0.09826395	0.057712174	-0.093766171	-0.0598742656	-0.0352386147	0.1695302709	-0.0565302478	-0.1571897069	0.0243320937	0.0706549282	0.0059589819	0.0353533174	-0.1509799556	0.019506009	-0.129528839	0.0308788212	-0.0794717198	0.0241363399	-0.2548002152	-0.0426380248	0.1765901906	0.0991390738	0.0875565888	-0.0381615587	-0.0288362989	0.0193843613	0.0370590434	0.0475464347	-0.1345956313	0.0651441613	-0.1156567493	-0.0293782921	0.1199087977	0.0936454286	0.0540487397	0.0067565429	0.0313465556119751	-5.105984371402139e-06	2.6071076401002896e-11	0.0009826065487346	0.0331692546829884	0.046648884935223	0.0021761184656996	0.0011001994562249	0.0389909451060077	0.0244155743186383	0.0005961202693089	0.0015202938002597	-0.0005116175194807	-0.0005234997459628	2.7405198402319297e-07	2.617524862395845e-07	-0.0003118068717289	1.9780999550004678e-07	9.722352525736268e-08	3.9128794319728514e-14	-0.0007550798658142	-8.155877040004132e-08	6.651833029166655e-15	5.701456037579903e-07
799.3702477970021	2.695078608557424	7.263448706303818	638992.7930630405	1224.844387855394	1.054230659457744	1.1114022833407098	1500243.7744608547	745.0938941503556	1.7472454735363954	555164.9111001414	3.0528667447934223	861.0238114346386	722.6235692989453	1.055137	36.914845	0.2449964826693368	0.13562866846853	-0.1303156628	-0.0372213557	-0.0436677636	0.0140520552	0.1460263381	-0.1495738436	0.02340682	-0.150946318	0.0420096408	-0.0588928659	-0.1340359546	-0.101026535	0.0579938113	0.0488971802	-0.0785452672	0.0586107415	0.0372714227	-0.2254257273	-0.0793192298	-0.0256647176	-0.0124784673	0.0575754968	0.0915911366	-0.0218049308	-0.0862619928	0.111321607	0.0587326463	-0.1256126414	-0.1126816285	0.0164925519	0.0648187908	0.1522459928	-0.1603242026	-0.0364034378	0.0154437269	0.0451858568	0.0797444366	0.0885634793	-0.1007344766	0.0644867928	0.0433985612	0.0736043543	0.1296354006	0.0472355795	0.0288388332	0.0015505845	-0.1144935872	0.0887919312	-0.0001522755	-0.0544816421	0.1333341906	-0.0280836946	-0.0165032544	0.1157208331	0.1114930395	-0.0827955854	-0.0281330503	-0.2891978075	-0.0356082002	0.183791758	0.0603997481	-0.0426664663	-0.1936640165	-0.1346671284	-0.0705773795	0.0588564551	-0.1501476914	0.03011447	0.1420580806	0.0624903344	0.0154256982	-0.0506639416	-0.0919583232	-0.0818768934	-0.1793207184	-0.0539863422	-0.1543388007	0.1675296361	-0.0272624668	-0.0548966753	0.0095233736	-0.1739823127	0.0502038848	-0.0016280805	-0.1084072329	0.0643621034	0.0040588873	0.022029505	0.0208764111	-0.0499660926	0.0290373837	-0.1804395828	-0.0692680512	0.0880795941	-0.0068289545	0.0799596132	-0.0677316627	0.0079962194	0.0523835708	-0.0265377853	-0.0637508707	0.0606548635	0.1170792513	0.0564696739	0.0608834942	0.0394489934	-0.0981528696	0.156106524	-0.0422652884	-0.0025767932	-0.1507791653	-0.1742042017	-0.0045191916	0.1733174446	-0.006716362	0.2083513019	-0.0005130598	0.0321558835	-0.1823932126	-0.0461136638	-0.0204819352	-0.1567150318	-0.001260899	-0.1843380094	0.1873396054	0.1186154352	0.0888661936	0.0446835199	-0.0067565429	0.0134470738478285	-0.0178994817641466	0.000320391447425	0.0001808237950689	-0.0830814528890329	-0.1162507075720213	0.0135142270109956	0.0069025278141525	0.0211066518119338	-0.0178842932940739	0.0003198479466284	0.0004454907507102	0.000397992444119	0.0009096099635997	8.273902858798477e-07	1.5839798557581537e-07	-0.0009682092431788	-0.0006564023714499	9.374291385768648e-07	4.308640732450526e-07	-0.0010483075315465	-0.0002932276657323	8.598246395081347e-08	1.098948680697116e-06
799.2135562224721	-0.1566915745299866	0.0245522495286863	638742.3084497706	1228.3893016122838	3.544913756889855	12.566413543786943	1508940.2763155145	744.2729227007826	-0.8209714495729941	553942.1834655651	0.6739941210139831	863.263332201907	735.4144253889559	1.031267	36.079731	0.2137505750198254	0.1253146532743535	-0.135460425	-0.0321804644	0.0452649535	0.101453378	0.052640553	0.0533699186	-0.0019192657	-0.0729054816	0.0387594197	-0.1337679777	0.0280075531	0.011392038	-0.0302819126	-0.0242550296	0.0673609157	-0.0606582029	0.0900952111	-0.1010315691	0.0100328263	-0.0877693577	0.0305589262	-0.1080642752	0.065765901	-0.0276008094	-0.1931139416	-0.129677082	0.0608931618	-0.0850556341	0.1386321826	0.0012950882	-0.0222073905	0.0639327403	0.0312679605	-0.1272266041	0.0384492357	0.0797571344	0.0737620006	-0.0691482582	0.0380517208	0.0549006049	-0.0942693858	-0.0943017262	0.0418248568	-0.0605144298	-0.0731393996	0.1441617164	0.2422909743	-0.1339228361	-0.0394929987	0.0166718282	0.0603784443	0.0182496108	0.098167636	0.1681180421	-0.0973400754	0.036643133	0.0859934967	-0.0005305279	-0.0504830282	0.0025283544	0.216341288	-0.2789287765	0.1356190978	-0.0658781444	-0.0036303833	0.1414713778	0.080656025	0.0835601589	-0.112656575	0.0009865059	0.0235661079	-0.0158535218	-0.0713075857	0.1389999127	-0.1142041958	0.0373465762	0.162934716	0.1842794776	0.0489853978	-0.0582475244	0.0675409094	0.1065146192	0.1127907499	0.1053851781	-0.0426230895	0.0788393365	0.0875807354	0.0642242494	0.1385642649	-0.0309890527	0.0136270532	0.1158113954	-0.182581038	-0.0874352457	-0.1087300767	0.073695514	-0.12377665	0.0157352398	0.0836202151	-0.0085565993	-0.0832351164	0.0520676529	0.0580008216	0.102907926	-0.0385568211	-0.0524284124	-0.0167538303	0.0047482204	0.2151247576	0.0769435351	0.0316868899	-0.0452167041	-0.0030381714	0.0010710579	-0.1036682238	0.1930841899	0.0466377891	-0.1073359291	-0.0916286601	0.1103971047	-0.167064923	-0.0641636505	0.0954024922	-0.0325330647	0.1847865276	0.1172407796	0.0838433825	0.0350428114	-0.0201956026	0.0021455651542225	-0.011301508693606	0.0001277240987516	4.603449831013821e-06	0.0283335747928106	0.1114150276818435	0.0124133083933459	0.0008027914605397	-0.0099938437614071	-0.0311004955733408	0.0009672408249073	9.98769131274156e-05	-0.0001892119721139	-0.0005872044162329	3.448090264434209e-07	3.580117039123128e-08	-0.0009674587719283	7.504712505000937e-07	9.359764753810144e-07	5.632070978271745e-13	-0.0004375915576092	0.0006107159739373	3.729740008221849e-07	1.914863712908458e-07
798.0988936234853	-1.114662598986797	1.2424727095800012	636961.8440030313	1226.904531159859	-1.4847704524247547	2.2045432963936107	1505294.7285805936	743.3211545002524	-0.9517682005301822	552526.3387275882	0.905862707540461	861.4706265104127	722.3875628643633	1.02767	35.953907	0.3139823642661016	0.1581499026241473	-0.1110826149	-0.1088978543	0.0474447919	0.0002748178	-0.0875309152	-0.0013468516	0.0212531296	-0.133285255	-0.0558531719	-0.0451303925	-0.03045723	-0.0496098891	-0.076807266	-0.0707344886	0.0026810769	-0.101684534	0.0592030018	-0.0199127965	0.0403606992	0.0686047411	0.0899053436	0.0472845651	-0.0827615796	0.0546255453	-0.1311501178	-0.1648117616	-0.240905577	-0.0252463764	0.1131956667	0.0552390462	-0.0667211855	-0.2128493883	-0.0778678215	0.1092125547	-0.2406703919	-0.1800936224	0.0058184542	0.1043076632	-0.006128293	0.1101711067	-0.2298236549	0.0259963571	-0.0769575538	0.0077607502	-0.0180768594	0.0143323932	0.0393796527	0.0406609048	-0.0447398393	-0.0348598708	0.0554305798	-0.0156464772	0.1043995762	-0.0337784778	-0.0076551034	0.1431302235	-0.0282966754	-0.0015475993	-0.0373790897	-0.1457351381	-0.0431016904	-0.0623799089	0.0039704102	-0.126147256	0.1005986602	0.0552079544	0.0679891259	0.1217321565	-0.1113786189	-0.0678885905	-0.0882358139	0.051532307	-0.0030047055	0.0343028043	-0.0006040334	0.0648308357	0.1665917364	-0.0281793432	-0.0864887779	0.0711741678	0.1038309914	0.1486218051	0.0492432025	0.0050736691	-0.0266230968	-0.1848246869	0.103245384	-0.0630666242	0.0879795011	-0.1623182603	0.1763229311	0.1544041014	-0.0630616979	0.1920501805	0.0335722597	-0.2058109084	0.1013596891	-0.1103025955	0.0599928552	-0.0399395333	-0.0056638129	0.155962625	0.0600679148	0.015754922	-0.0048016414	-0.0007976315	-0.1017777624	-0.0253051822	0.0180106166	-0.132113259	0.0388579455	-0.0158095042	0.0918622837	0.050900421	-0.0010129429	-0.0124419398	-0.0227858721	0.0858398909	-0.0038301023	0.2069342924	-0.2392294431	-0.0706404854	0.0574736202	0.0909130865	0.0146669646	0.1157857731	0.0785907625	0.0251860523	-0.033413395	-0.0244004711297094	-0.0265460362839319	0.0007046920423878	0.0005953829913517	-0.1079315118399222	-0.1362650866327328	0.0185681738350261	0.0116492112480512	0.0451873381280165	0.0551811818894236	0.0030449628347136	0.0020418955270956	-0.0007899999555354	-0.0006007879834215	3.609462010236726e-07	6.24099929745934e-07	-9.000157578875623e-05	0.0008774571961395	8.100283644459232e-09	7.699311310570697e-07	3.964452030022427e-06	0.0004415560096392	1.949717096485131e-07	1.5716879898348938e-11
797.7977651512605	-0.3011284722248319	0.0906783567844614	636481.2740803458	1224.0464983631284	-2.8580327967306403	8.168351467187966	1498289.8301550362	743.5690041889623	0.2478496887098344	552894.863990565	0.0614294681935618	861.7923476239217	731.3674612420599	1.040879	36.416042	0.2435064019163936	0.1425597407089145	-0.1119290802	0.000700931	-0.0413136874	0.0186036499	0.0729392743	0.0990806493	0.0824411366	-0.038680537	0.0847209694	0.0072670307	0.0409497596	-0.031677168	-0.0611998665	0.1475506957	-0.0512271277	0.0329098549	-0.0557780071	-0.1743317544	-0.0782026565	-0.1410831526	-0.0901279734	0.0015451012	-0.0151339373	0.0757636263	-0.0235710808	0.1294233907	-0.0025828271	-0.0868879923	-0.0704019454	0.0696401839	-0.0357731025	0.1060079093	-0.0163658687	0.1286185081	0.0592814478	-0.0008900869	-0.0684671134	-0.0476795195	-0.1416405824	0.1308505012	-0.0253901335	0.0928847383	-0.0054388469	0.053745155	0.2497937846	0.0638045938	0.0875992591	-0.0019666255	-0.1356746511	0.0610033953	0.0011234881	0.0873688451	-0.1004016739	0.0900255121	-0.0396262483	0.0818550175	-0.0184380452	-0.0283190861	0.0148114616	-0.0705635902	-0.0346620116	0.1792853027	-0.0626322319	-0.0508106679	-0.0583657677	0.0379068028	-0.0619408053	-0.011882475	-0.0368182634	0.0767988223	0.0814798008	0.1183874439	0.0278999303	0.0664550246	-0.1867765461	0.0271026417	0.0246718683	0.0785804395	0.0278942554	0.2016329962	0.0563941333	0.092336428	0.2012839305	0.0263292249	0.021837682	0.0011419123	-0.0405575734	-0.0318862277	-0.1821413883	-0.0534818418	-0.1179332275	0.082589696	0.0475241671	0.0655282496	0.1079229987	0.0850162914	0.1248481048	-0.1255596192	-0.033126098	-0.0433463054	0.1074330081	0.0878894825	0.0009725579	0.1222144889	-0.0418280979	-0.0511715929	0.088857768	0.0085067302	0.030679547	0.075732163	-0.0579898262	-0.0201997455	-0.0012300972	0.1338940249	-0.0500415599	-0.0580205245	0.0521551286	-0.0169859309	-0.1171602383	0.2076557996	0.0563993029	0.0476420907	0.0773740065	0.015626724	0.0159678293	0.1142514127	0.0731227308	0.0151740128	-0.0462651033	0.005824768491351	0.0302252396210604	0.0009135651101505	3.3927927977835405e-05	0.0175326853422745	0.1254641971821967	0.0157412647745731	0.0003073950553112	0.0026697114747662	-0.0425176266532503	0.0018077485762251	7.127359358498318e-06	-0.0003600141035308	0.0004299858520046	1.848878329241218e-07	1.2961015474108557e-07	9.594703221948996e-05	0.0001859486080082	9.205832991727844e-09	3.4576884820204405e-08	0.0002940167612149	0.0002900523091848	8.413034206347982e-08	8.644585587529953e-08
794.5332022048345	-3.26456294642594	10.657371231177216	631283.0094058685	1222.0232512450302	-2.023247118098197	4.093528900892661	1493340.8265834742	742.5119026773066	-1.0571015116556737	551323.925617474	1.1174636059447105	862.6999844149105	706.3686055858008	1.0121	35.409153	0.1493344014794216	0.0810611322113867	0.0342105845	-0.0013750986	0.1322062334	0.1391767654	0.0113790822	0.0344288633	-0.0846374581	0.1125324748	-0.0857784794	-0.1873974862	0.0686823543	-0.0537765691	-0.1796906523	-0.0274937049	-0.0005254106	-0.1110064871	0.0042262775	0.1471657472	0.0279085735	-0.0807168263	-0.1035052217	-0.0758015668	-0.0603751248	0.1025605732	-0.0616269734	0.0119457082	0.0166860646	0.0922010724	-0.0087449116	-0.0470164954	0.0318823036	-0.0402840508	-0.0097416905	-0.0126383342	-0.0559314841	-0.1252013805	0.0188442696	0.2023871471	0.0715704717	0.1341307639	0.0480934872	-0.1417649353	0.0087778811	-0.1073993116	0.2307629457	0.0945044303	-0.0927084885	-0.2406965576	0.130838517	0.0669135465	-0.0693624067	-0.0639908349	0.0194369871	-0.0097577954	-0.0848474789	0.0575606853	0.0731276421	-0.0829828193	0.0728937449	0.0823866955	0.0764373562	0.0291638404	0.0526956487	0.1140578644	0.1021543815	0.1035777004	-0.0030807539	0.0462433073	-0.0718021404	-0.1035680829	-0.078208408	0.1668603189	0.0399002316	0.124594758	-0.0780514871	-0.0038123502	-0.0835067566	-0.141817831	0.1361544429	0.0111137227	-0.1170602768	-0.0569573287	0.0062679467	0.0441885503	-0.0055199353	-0.0661482344	0.048596609	-0.039283381	-0.0470254575	0.0372861166	0.0498306392	-0.0688187787	-0.0774036881	0.0312486883	0.1514131174	0.1899015155	0.0486602515	0.0003187879	-0.2241658097	0.2068997955	0.0417063486	0.0516489766	-0.0345654723	0.0020380398	-0.0683043396	0.0586899175	0.0252295689	0.0062169808	0.1158998645	-0.0770316095	0.0053956115	0.0335221801	0.0919459119	0.1613678643	-0.150648588	-0.0984976547	-0.0273480895	0.088093116	0.0008675915	0.111054042	0.0625755659	0.0024925925	-0.0041556092	0.1339774744	-0.1147276012	0.1126387502	0.0674542747	0.0050684204	-0.0586099215	-0.0170544808281789	-0.0228792493195299	0.0005234600494252	0.0002908553163187	-0.0437029036339851	-0.0612355889762596	0.0037497973572694	0.0019099437860413	0.0102839313804992	0.0076142199057329	5.797634477286065e-05	0.0001057592446388	8.302955917837248e-05	0.0004430436627091	1.96287687066759e-07	6.893907697354857e-09	0.0001769861388756	8.103910665611004e-05	3.132409335409317e-08	6.567336807620379e-09	-0.0003340073349778	-0.0006280240961927	3.944142653986577e-07	1.1156089981897229e-07
795.3527164888152	0.8195142839806522	0.6716036616483211	632585.9436261377	1222.9032877043048	0.8800364592746064	0.7744641696525859	1495492.4510779977	742.691944772936	0.1800420956294601	551591.3248306059	0.0324151561986476	860.9252577830009	696.4847259297742	0.960877	33.617073	0.1342954125233104	0.073706086533331	0.0781234429	-0.0350782368	0.067842576	-0.0643467733	-0.0531011758	-0.0033856583	0.0276953704	-0.0032729519	-0.1079788452	0.0880793996	0.0990427469	-0.0043400963	0.0004239936	-0.0559645067	-0.1022437022	0.0029721175	-0.1107854759	-0.0298097941	0.0125328417	-0.0546191494	-0.0197047811	-0.0282614975	0.0397914181	0.0036154833	-0.0663440939	0.1071527831	0.1034563307	0.0228839062	-0.0694446502	0.0001586219	-0.0431666241	0.0564499253	-0.0917470078	0.0924815374	-0.106851894	0.115278363	-0.1068142383	0.0968182051	-0.1451837117	-0.048326936	0.0772036106	0.0358592739	-0.1037145478	-0.0534450641	-0.0628604829	-0.1222717892	-0.0147526197	-0.1332332864	0.0546710923	0.0819273199	-0.0718453828	-0.0788155794	-0.0302373401	0.0765959322	-0.0781005805	-0.037076707	-0.1863931861	0.0200308422	0.1381366933	0.1982671404	-0.0734183648	-0.1746920562	-0.0588103986	0.0158206266	0.1214016529	-0.042084302	0.0303350133	-0.0643768277	0.1361265411	0.0062620732	-0.0723298949	0.050504045	0.1725611167	0.0555747317	-0.0642783903	0.0134808621	-0.004190758	6.57208e-05	0.0975058667	0.0578294228	-0.0240632397	-0.0636723711	0.0899235898	-0.1457412602	-0.0207762813	-0.1161386926	0.2006426836	-0.0760663411	-0.0811210338	-0.1051147928	-0.0952230163	-0.0617196919	0.0693059809	0.0521591032	0.0210724519	-0.0538239448	-0.0430196483	0.0171662115	0.0540399096	0.0907388576	0.0523858393	0.0288686425	-0.0342014325	-0.0105327311	-0.1507193752	0.0289055116	0.0414178957	-0.1105858266	0.0940794259	-0.0399525873	-0.0690100107	0.1224017996	-0.0004039828	0.0812345269	0.0504485774	0.0358255749	-0.0362210295	0.0898027536	-0.0999390383	-0.0535710853	0.1078796466	-0.0068467305	-0.0003814668	0.037832427	-0.1337367495	0.1109488906	0.0616009311	-0.0050684204	-0.0703125971	0.0058268767787552	0.0228813576069341	0.0005235565259364	3.395249299479657e-05	0.0107101545524557	0.0544130581864408	0.0029607809012009	0.0001147074105374	0.00268382235447	-0.0076001090260291	5.776165720753051e-05	7.202902430352894e-06	-3.5990591505868984e-05	-0.0001190201506842	1.4165796268899545e-08	1.2953226769423287e-09	-6.400529174288572e-05	-0.0002409914306184	4.096677371091914e-09	5.8076869631544416e-08	0.0002939988377976	0.0006280061727754	3.943917530440057e-07	8.643531662633953e-08
798.141400948855	2.7886844600398035	7.77676101766749	637029.6959086009	1224.874313571699	1.9710258673942465	3.884942969937241	1500317.084047741	745.6144860094711	2.9225412365350394	555940.9617471677	8.541247279247758	864.0133442071224	707.9227530963486	0.9505340000000002	33.255241	0.0532940767091064	0.0329501842686612	-0.018536788	0.0044418677	0.0452619385	-0.1798051438	-0.0424463733	-0.0348509103	0.0183448675	-0.1104012742	-0.0017741938	0.1177005175	0.0511973588	-0.0764465078	-0.0464725519	-0.0679596712	0.0331059823	-0.1140551932	-0.0112167535	0.0419520685	-0.1092721199	-0.0480812831	0.088295403	-0.0265320746	0.0879785044	0.000904684	0.017292689	0.0925411181	-0.0369680992	-0.0561092198	-0.0300342423	0.1072963527	0.0398941097	-0.1094633973	-0.0041826734	-0.0068313046	0.231578567	0.1398375416	0.006252497	-0.1095011783	-0.0549928349	0.0987323095	-0.1065310294	-0.0372896182	0.0763799989	-0.0619404853	-0.0624496425	0.2181573694	-0.0817423913	0.0575456018	0.079895241	0.0848275918	0.0599661076	-0.0037015291	-0.0944208126	0.0213742975	-0.0297000459	0.0284238146	0.0344782972	-0.0120449636	0.0958789276	0.0359915259	-0.1724449818	0.0392624625	-0.0235788843	-0.0685032124	-0.0248747648	-0.0875462424	0.1661239877	-0.0587213144	0.0090417937	-0.0598540457	-0.1196303338	0.1036993625	-0.0594440389	0.0286958148	-0.0257199393	-0.0264970642	-0.0516010397	-0.1039406499	0.0242853468	-0.0894615957	-0.0583218392	-0.0124172943	0.1956468302	-0.0943497147	-0.0290570887	-0.0199082716	0.0042648013	0.1959521904	-0.0045941809	0.0703551814	-0.0204940844	0.080357529	-0.0679459669	0.0519580638	0.129799985	0.0662458087	-0.0324667489	-0.0022352187	-0.0408660257	-0.0254774213	-0.0138799613	0.0322248102	-0.0709315709	0.0324784333	-0.1156140229	0.0338317922	-0.0240698296	-0.1573527094	-0.0185356173	-0.0833413285	-0.0269926837	0.0640973022	0.0264768291	0.1692188818	-0.0233008144	0.0153899892	-0.0318162565	-0.0089234951	-0.0401158923	0.013629817	0.0272418729	0.0175194626	0.0822317247	0.0382229527	-0.1521717466	0.1091829923	0.0555787436	-0.0151740128	-0.0812449131	0.0058270395964399	1.6281768470006316e-07	2.650959845108917e-14	3.395439045847847e-05	-0.0097457691806113	-0.020455923733067	0.000418444815773	9.498001692175304e-05	-0.0133011524644217	-0.0159849748188917	0.0002555194199606	0.0001769206568817	0.0003010093922808	0.0003369999837866	1.1356898907221517e-07	9.060665424125653e-08	-6.395575274309451e-05	4.9538999791209903e-08	4.09033830893584e-09	2.4541125003134948e-15	0.0002940096218004	1.0784002799958411e-08	1.1629471638951082e-16	8.644165771121423e-08
798.9999436668827	0.8585427180277065	0.737095598678402	638400.9099796817	1229.0344589342003	4.1601453625012255	17.30680943714045	1510525.7012476826	744.8291631455481	-0.7853228639229428	554770.4822720976	0.616732000600133	863.8721964804292	722.6914042430496	0.930814	32.565292	0.1038559970037657	0.0570003998430879	-0.0571251425	-0.0280249724	-0.0057471498	-0.1407111164	0.0288065401	0.0133039474	0.0725567964	-0.1297655585	-0.0433706551	0.0240881346	0.1224207822	0.070299587	-0.1615762734	0.0227926257	0.0484823937	0.0655951279	-0.0808586457	0.0572239316	-0.0126071854	0.110162129	-0.1768670451	-0.029672037	0.0835912457	-0.0578531598	0.1308226116	-0.0194612079	-0.0231862338	-0.0227860553	0.0696099957	-0.1212204231	-0.1007001489	0.0505291395	0.0331173729	-0.030954304	-0.0700646528	-0.0345535655	-0.050070547	0.0460227275	-0.0886991029	0.0137032807	-0.2112352516	-0.1699724275	0.0553979631	-0.0351250488	-0.1261313169	0.0619368985	0.0890694099	0.1519576764	0.0425745835	0.0775130138	0.03092812	0.0821124172	-0.1818757138	-0.0084386685	-0.0474833046	-0.0372993465	-0.1029296061	-0.0419492632	0.0947029528	0.1266393402	0.0636895606	0.042817801	-0.0244996094	-0.0856759177	0.0368832404	-0.0617190761	0.0474283172	-0.1078346723	-0.046013124	-0.0471549024	0.1077597349	0.2071043885	-0.0622362965	0.0724897329	-0.0234755268	-0.1983801782	-0.1307078903	-0.0579843004	0.0868499085	0.0174572483	-0.0655332445	0.018656216	0.080829283	0.0043311823	0.0443395632	-0.0397756209	-0.0151136278	-0.1310145225	8.4016e-06	-0.071579167	-0.0171475441	0.0681784219	-0.0453045999	-0.0502390623	0.0310113371	0.0729951583	0.1454771469	0.0745745035	0.0275120776	0.0627402531	-0.0854435777	0.0765757823	-0.05246838	0.0679407804	-0.076397662	0.0140459425	0.017665173	-0.1194097085	-0.0438145671	-0.0097047357	-0.132284083	0.0594549929	-0.05465057	0.1421220375	-0.0095544346	-0.0023991129	0.0270025097	0.1040882953	-0.1278878499	-0.1217485544	-0.097915426	0.08276764	0.0147297622	0.1133311738	-0.1474564495	0.1073422654	0.0494042187	-0.0251860523	-0.0912870929	-0.0323561716660947	-0.0381832112625346	0.0014579576223193	0.0010469218448857	-0.0029859888127532	0.0067597803678581	4.569463062167979e-05	8.916129189887265e-06	-0.0017347096991784	0.0115664427652433	0.0001337825982416	3.009217740423614e-06	0.0002670377608681	-3.39716314127e-05	1.1540717408403452e-09	7.130916572944857e-08	0.0002559600772851	0.0003199158300281	6.551556116379436e-08	1.0234613830262865e-07	-0.0002990341689213	-0.0005930437907217	3.517009377135636e-07	8.94214341824526e-08
800.7751589925549	1.7752153256722067	3.151389452501479	641240.8552595516	1225.5559989141825	-3.478460020017792	12.099684110862178	1501987.5064745396	747.7119789328995	2.882815787351319	559073.2034397527	8.310626863802007	863.4801978546255	719.7237767422596	0.955859	33.441528	0.0792973826032609	0.0452290418395962	-0.0714987721	0.041286329	-0.0183403183	-0.0915153263	0.1219907184	-0.0442406485	0.1198244973	-0.069343075	0.0568607819	-0.030735028	0.0500753188	-0.0295766816	-0.060431996	0.0612971946	-0.1239639525	0.0137955264	-0.1315686102	0.0567723341	-0.0983192049	-0.0273551619	-0.0207420733	0.0760176572	0.1646258843	-0.1362142082	0.0967179701	-0.0010786447	0.1847490619	-0.1829084659	-0.0732504563	0.0153632266	-0.1178309293	-0.0326695794	0.0326037757	-0.1199566692	0.0047397902	0.0174461552	0.0429717447	-0.0004112255	0.0086013917	0.0748189447	-0.0177741919	0.0563599625	0.0077255405	0.0426754948	0.0656144421	0.1740806807	0.0445124696	0.0200567227	-0.1006404576	-0.0369341347	-0.0859253303	-0.0258067976	0.0774936276	-0.0103258248	-0.0269449261	0.048553426	0.086133512	0.0896097697	-0.0696203278	0.161691467	-0.0256222574	0.1514001384	-0.1662446537	-0.1150944729	-0.0670798355	-0.0406543202	-0.0639310437	-0.0460325206	0.0593686164	-0.0862226456	0.1542152668	0.1552333573	-0.0346040443	0.0715675221	0.0419716793	-0.0098933186	-0.1380222909	-0.0252773448	0.0814200959	-0.123397246	0.0313053865	0.0089735817	0.1093485497	0.1555667469	0.1233593377	-0.0551569412	-0.1593458225	0.136810459	0.0989168911	0.0710525637	0.0775547641	-0.0983650171	0.0994236734	-0.1265998515	0.0317689171	0.0756364364	0.0517713036	-0.0097387408	-0.0136970246	-0.1119866876	0.0296483403	0.0254732576	-0.0770100727	0.1058264495	-0.0631882126	0.0247864962	0.0069664827	-0.0328402102	-0.0500573964	-0.0434913552	-0.1565889448	0.0958113321	0.024475175	0.0601660584	-0.0493441078	0.1024406357	-0.0392210267	-0.0644257418	-0.1229218282	-0.1392243225	-0.1938919445	0.0031818877	0.0283647621	0.0271818831	-0.0553619673	0.1054279714	0.0430942802	-0.0350428114	-0.1003291122	-0.0373531239783488	-0.004996952312254	2.496953241094156e-05	0.0013952558709418	0.0107684226295248	0.013754411442278	0.0001891838341234	0.000115958925928	-0.0421814282560859	-0.0404467185569075	0.0016359370420216	0.0017792728897233	0.0004140109357917	0.0001469731749236	2.160111414712313e-08	1.7140505495511914e-07	6.092568753657268e-05	-0.0001950343897485	3.7119394018040877e-09	3.803841318458045e-08	-0.0003590126100856	-5.99784411643e-05	3.5974134044993966e-09	1.288900542004751e-07
801.6304224826237	0.8552634900687508	0.7314756374445802	642611.3342496697	1233.0671189331924	7.511120019009922	56.41692393997162	1520454.5197942038	746.0362473766936	-1.6757315562058466	556570.0823998991	2.808076248464068	864.580671161892	739.4188263197359	0.96361	33.712711	0.1035114028633272	0.0536759708459823	-0.1468136285	-0.0400349542	-0.0141651718	-0.0773101589	0.0793905448	0.0321380473	-0.0958984188	-0.1256440205	0.0086494668	-0.0396011823	0.0920576363	0.120930712	-0.0266530582	0.0501676506	-0.0556674198	-0.03647877	-0.0298229872	0.0847690134	0.0179792578	-0.1208842207	0.0699244245	-0.1521423412	0.0819360085	-0.1270918053	0.1758763857	-0.108386347	-0.0630728233	-0.0497685187	0.0084884502	-0.1161179216	-0.0953707576	-0.1477253984	0.0339333346	-0.0017947046	0.0409926351	-0.0366629488	0.0440113008	-0.0613330521	-0.0385844361	-0.0030894641	0.073274296	0.1523766144	0.1912832563	0.0052427252	-0.0686563813	-0.1141402856	-0.0091737373	-0.0830562555	0.1317349088	0.0356708498	-0.0187973414	-0.0848152934	0.0071737447	-0.0887042957	0.0719019976	-0.1138555648	-0.1537479057	0.0665750696	0.1300825979	0.1205925748	0.0058464837	-0.0146024546	0.0198865447	-0.1348506954	0.0365867259	-0.0220044247	-0.0012593128	-0.0949661596	-0.0925868383	0.0761358676	0.013395669	0.0735373961	0.0164969609	0.1217366161	-0.0803375672	0.1059223222	0.0528644255	-0.0784800102	-0.0006696993	-0.091268381	0.1131991032	-0.1235378358	-0.0250884812	-0.0468806733	0.036000597	-0.0781949494	-0.0939387496	-0.0394283307	-0.0326917879	0.0644712399	-0.0919747928	-0.0924454691	-0.1162004382	-0.0574900565	-0.1184933185	-0.0211541987	-0.010372095	0.050046033	0.0623406065	-0.1394417195	0.0051888982	0.0884272314	-0.0405750469	0.1267600976	0.014236743	-0.0696536654	0.0270678328	-0.1268256243	-0.0012613301	-0.0134223799	-0.1024226049	0.0081844553	0.0362082366	0.0841823635	-0.1187680235	-0.0111265397	-0.0163158125	-0.0163446314	-0.072891171	-0.1128801755	0.0419151177	0.1553184252	-0.1029334036	-0.0223180746	0.0604121396	0.1034414224	0.0366662233	-0.0446835199	-0.1082719048	-0.0497511660140048	-0.0123980420356559	0.0001537114463178	0.002475178519753	0.0306934405951295	0.0199250179656047	0.0003970063409296	0.0009420872955667	-0.0050701449229819	0.037111283333104	0.0013772473506299	2.570636954003913e-05	-5.8460136527023606e-05	-0.0004724710723187	2.2322891417800458e-07	3.4175875627582402e-09	0.0001760136313053	0.0001150879437687	3.0980798405278094e-08	1.3245234800913744e-08	-0.0004529947845774	-9.398217449179997e-05	8.832649122207135e-09	2.05204274854325e-07
800.0329880145608	-1.5974344680628292	2.551796879755174	640052.7819115064	1227.214916975897	-5.852201957295392	34.24826774897202	1506056.4524481578	745.556736122556	-0.4795112541376056	555854.8467777186	0.2299310428446194	863.6382462179705	726.6974804990828	0.963811	33.719738	0.1724434243884185	0.0866901556989882	-0.0636165285	0.0155202067	-0.008915415	0.0506580856	0.1148698068	-0.0140641156	0.0582898737	0.0100998343	0.0168259253	-0.0727168712	0.0140818119	0.0312737405	-0.0059563846	0.094348202	-0.0961457436	-0.0414412352	-0.0103704811	0.045468074	0.0726859567	-0.2271919376	0.0281938444	0.0202807898	0.0020956321	0.0263907888	0.0991210464	0.0620660004	0.0288706673	0.0003669038	-0.2035875255	0.1027392907	-0.0493179795	-0.0993016323	0.0834335021	0.1239974307	-0.0033135024	0.0517522981	-0.1424647797	0.0838508797	0.0972729887	-0.0556159486	-0.0655758633	-0.0084203688	0.0812545589	0.0145576226	-0.1029960296	-0.0500374814	-0.0026660092	-0.0651752759	-0.0769936392	0.044067279	-0.0423553066	-0.1044570033	-0.0384181065	0.0252720709	0.1485661158	0.0542156816	0.0552647758	-0.0166929528	0.0145836914	-0.0533560468	0.065071728	-0.079434679	-0.0668773472	-0.0203441222	-0.0392319411	0.0100046348	-0.0936151797	-0.0012073266	-0.0671297661	-0.1318755478	-0.0381970193	0.0689771228	0.1339376098	0.1017157783	-0.0921241263	-0.0131787231	-0.0680210686	0.0546880884	0.023562727	-0.0469523765	-0.0401798089	-0.0763616486	0.0301889823	-0.0368478715	0.0020930915	0.0253288059	0.0698597023	-0.0566950871	-0.0041940888	-0.0289928303	0.0248497323	-0.0085531895	-0.0881009618	-0.2679775807	-0.0796962203	-0.0204866946	0.0024121284	-0.1070763172	-0.1128324537	-0.1943436366	0.0175224706	0.0409440478	-0.0456001539	0.1069314781	0.0251931759	0.0700406806	-0.0060546295	0.1102715428	-0.0277816038	-0.0788016941	-0.070219022	0.0817189004	0.0051534343	0.1295566872	-0.1739011782	-0.0055670777	-0.0251135053	-0.0910513555	0.1201366355	-0.0986079925	-0.112981801	-0.0057362962	-0.1059342601	-0.037496436	0.1425001888	0.1013839798	0.0301376669	-0.0540487397	-0.1150284477	-0.0438311501078487	0.005920015906156	3.504658832914117e-05	0.0019211697197767	-0.0273591076809935	-0.0580525482761229	0.0033700983613515	0.0007485207731001	-0.0391042597619275	-0.0340341148389456	0.0011583209728705	0.0015291431315283	0.0006989614976247	0.0007574216341517	5.736875318810675e-07	4.885471751617636e-07	-8.332322662685243e-05	-0.0002593368579321	6.942760095509811e-09	6.725560588212142e-08	-0.0009249711998374	-0.00047197641526	2.2276173656168e-07	8.555717205286394e-07
799.9631300198948	-0.0698579946659947	0.0048801394187541	639941.0093912272	1229.4527358194264	2.23781884352934	5.007833176454991	1511554.0296138723	745.2146465089205	-0.342089613635494	555344.8693714153	0.1170253037572816	866.0994283914272	723.256256299832	0.975849	34.140896	0.1307127586564024	0.0828308676312997	-0.0240666497	0.0218682929	-0.0718922002	0.1176658839	0.0144840685	0.046760398	-0.0702021833	0.0092067411	0.0578027873	-0.1393732986	-0.02836705	0.0718944063	0.1322042755	-0.0414745119	-0.0002985926	-0.0486842664	-0.1446724768	0.1262064177	0.0406284753	-0.07243186	0.025979205	0.0709188781	0.009223632	0.0237905313	0.1192416401	0.0497436841	0.0005600138	0.0615122408	-0.1399717868	-0.1118851003	0.0896326681	0.0145884782	-0.0047814782	0.0049690942	-0.0132248666	-0.1233555972	-0.0087250457	-0.1473870414	-0.1218138108	-0.1041869418	-0.0650085478	0.0355675022	-0.126108586	0.0545938271	-0.041725401	0.0975572934	-0.0864205302	0.1162861184	0.0654163825	-0.0805140643	-0.0442617086	-0.0158430807	0.0035480486	-0.0298244029	0.0027013802	0.0754238826	0.1007008427	-0.1012199747	0.0078135331	-0.1271350897	0.0237124096	-0.0543901125	0.0486270447	0.0348557883	-0.0470747039	0.0819432812	-0.0429774625	-0.0795264821	-0.0348806691	-0.0444608791	-0.0417886805	-0.0794609981	0.0942256209	0.0671147653	0.00778374	0.0290660423	-0.0819187563	-0.0942859604	0.0923561258	-0.1229071512	-0.0386236413	0.0619994267	-0.0757803805	0.0655873896	0.0708786026	-0.0492643976	-0.0163000929	-0.0466658358	0.0588918077	0.021970936	-0.0932574505	-0.1310796478	0.0652646048	0.055772694	0.0657041743	0.010665054	0.0551468144	-0.0109390456	-0.0055931304	-0.1514557455	-0.1236265741	0.0083717455	-0.0575323253	0.0909635889	-0.032965426	-0.0115607249	0.0986940747	-0.013057756	0.0751656414	-0.0119730706	0.0165761986	0.1145853501	0.0652602195	-0.0359935545	-0.1350317397	-0.0143495921	-0.0439817952	-0.144309115	-0.0606500487	-0.07415905	0.0883571445	0.0365198241	-0.2091072984	-0.0154457358	0.0376696468	0.0992570537	0.0235265052	-0.063080731	-0.1205247148	-0.0439276674674431	-9.651735959440022e-05	9.31560070307476e-09	0.0019296399691302	0.0427488681027483	0.0701079757837418	0.0049151282684937	0.0018274657240661	-0.0352860518135287	0.0038182079483988	1.457871193721578e-05	0.001245105452587	0.0004439492739221	-0.0002550122237026	6.50312342377449e-08	1.970909578159598e-07	-0.0003360663625773	-0.0002527431359504	1.1294060005593727e-07	6.387909277006641e-08	-0.0002989254081971	0.0006260457916403	3.9193333323052987e-07	8.935639966580286e-08
798.9625193536955	-1.00061066619935	1.0012217053119068	638341.1073320042	1230.183016115236	0.7302802958095072	0.5333093104476213	1513350.2531383787	744.8197657038965	-0.3948808050240586	554756.4833832072	0.1559308501764486	865.5986634385306	714.2145328990266	1.045794	36.587971	0.1814591493304411	0.0964614028618668	-0.0062237621	-0.1521680477	0.0717937657	0.1140160899	-0.0317913589	-0.0403871057	-0.0827745117	-0.0066092049	-0.1615342639	-0.1073129056	-0.1123359127	0.2246165793	0.0010193267	-0.1112956593	-0.0585922139	-0.0451927133	-0.0111679679	0.0188763575	0.0395409004	-0.0978674377	-0.1035172659	-0.0129273608	0.0399237266	0.0165523132	0.0404321661	-0.0439441205	-0.0367231408	0.0998261326	-0.0056452304	-0.0908096294	0.013382544	-0.0726253486	0.0149004612	0.0222903764	0.1012911354	-0.0934308977	0.1224258944	0.107734552	0.0070320734	-0.0472282183	0.018525858	-0.0601826962	0.1080489553	-0.1550619639	0.0338077354	-0.0601914001	-0.1067917333	-0.1258645589	-0.1370279582	-0.0153158489	0.2315913742	0.0221512383	0.0810626911	0.0621131138	-0.0920764981	-0.0831813741	-0.0240583136	-0.0813087316	0.0144543725	-0.2350294191	0.0395855504	-0.1105924731	-0.0026325395	-0.0288480672	0.2086232463	0.0800180897	-0.0678365097	-0.0345704005	-0.007604402	0.0930665571	-0.2389956288	0.031299947	0.0985824207	0.0303595868	-0.1153566736	-0.0924269684	-0.0736379777	-0.1083818065	0.0057905086	-0.0371200216	0.0487630077	0.1680567726	-0.2281056528	0.0295892739	0.0151254827	0.0525793089	0.0104002543	-0.0916971271	0.0629151663	0.0633373325	-0.0531933155	0.0113469739	-0.07580855	0.0450251305	-0.1382255431	-0.1818127956	-0.0451909409	0.0003782992	-0.0097831882	0.0820805581	-0.0214061996	0.1240899831	0.05154635	-0.0408115591	0.0743352535	-0.0875849289	-0.0105924559	-0.0600391229	0.1401408353	-0.0788566497	0.083557243	0.1531003792	-0.1172414299	0.1702955965	-0.108787461	-0.1355374222	0.0239698556	0.0125290524	0.1203965972	-0.1648145668	0.0464325217	0.0565354829	-0.1313062486	-0.0712010661	0.058628361	0.0970621018	0.016850859	-0.0717238087	-0.124700488	-0.0632439385978784	-0.0193162711304352	0.0003731183303844	0.0039997957693722	-0.0014127323319144	-0.0441616004346627	0.0019502469529508	1.9958126416362984e-06	0.0309888812182066	0.0662749330317353	0.0043923667483609	0.0009603107591561	3.984213951044384e-05	-0.0004041071344116	1.6330257608240038e-07	1.5873960807696703e-09	-0.0003420186192835	-5.952256706200012e-06	1.1697673593659173e-07	3.5429359896503006e-11	-0.0009229929117514	-0.0006240675035543	3.894602489924964e-07	8.519159151433278e-07
797.9269045133424	-1.0356148403531051	1.0724980975595877	636687.3449462446	1228.6658775899757	-1.5171385252601794	2.3017093048286323	1509619.8387539452	745.7389645259727	0.9191988220762825	556126.6032122701	0.844926474506425	866.7334229854777	714.8139747134612	1.021899	35.752003	0.117450526245964	0.0790644952108745	0.0127568203	-0.022435045	0.0789247115	0.0842561161	-0.1383430113	0.1082768028	0.0687432117	0.072128864	-0.146013419	-0.1483946106	0.0573194282	-0.0528467219	0.2317508756	0.0193285243	0.0424349775	0.1216426898	0.0126472594	0.1898982482	-0.1416373634	-0.2015274417	-0.0844469479	0.077574449	0.2097898551	0.1445813783	-0.1208399695	0.0530460061	-0.0135901119	0.0912713903	0.0725324387	0.0094729052	0.0062025973	-0.0679363136	-0.1174595385	0.0425486413	-0.0407126276	-0.0159647387	-0.0666084509	0.0525227429	-0.0702301737	0.1217794611	0.1102302668	-0.0933071035	-0.0185666435	0.1141933781	-0.039574778	0.0065823395	0.1013347401	0.0040789269	0.0065151774	-0.1658724241	0.1376929621	0.0945891253	0.0379045315	0.0249190565	-0.1107341149	-0.0418223818	-0.0232289973	0.0930585739	-0.0529688016	0.0728844139	0.1850157668	0.1356923484	-0.043037849	0.0270328033	0.0829316062	0.1382244145	0.0617262235	-0.0474422569	-0.0181289644	-0.1173162061	0.0637761011	-0.0783594749	0.1632497413	0.1319930562	0.1142638104	-0.1159205987	-0.0210132422	-0.0524539922	-0.0577359481	-0.0365898049	0.0070580808	-0.0378245907	0.2510209933	0.044171714	-0.1571428554	0.1675504361	0.0071030698	0.0457615984	0.0222031803	0.0700770592	0.1761214424	0.0752985357	0.0278972362	0.0200675339	-0.0894785755	0.0205552252	-0.0155452173	-0.1584147785	0.0591796985	0.048213879	-0.0319546354	0.0457683481	-0.018620178	-0.0274893671	0.0013288652	0.1334386841	-0.0215926044	-0.0186496823	0.0680635049	0.0103034552	-0.0545488291	0.0956590611	-0.0037816708	-0.0416006702	0.0366377508	-0.0714115732	0.0724667402	-0.1723579304	-0.0256792823	-0.0887679845	-0.054607933	0.039244596	-0.0752327898	-0.0559872707	0.0567437661	0.0948006283	0.0101290257	-0.0799246852	-0.1275100165	-0.0619355331166389	0.0013084054812394	1.711924903337563e-06	0.0038360102624422	-0.0156990534079568	-0.0142863210760424	0.0002040989698877	0.0002464602779058	-0.0417616343324027	-0.0727505155506093	0.0052926375128794	0.0017440341021133	0.0001189281867217	7.908604721125617e-05	6.254602863501039e-09	1.414391359691154e-08	-0.0003420249906771	-6.371393599996153e-09	1.1698109424767033e-07	4.0594656406071937e-17	-0.0004199796475948	0.0005030132641566	2.5302234391747755e-07	1.763829043938524e-07
795.6140106790216	-2.312893834320789	5.349477888839123	633001.6539887583	1226.3866920335438	-2.279185556431912	5.194686800647845	1504024.318396978	746.3831510971863	0.644186571213595	557087.8082417652	0.4149763385319281	867.0903381517408	699.6811564548466	0.984706	34.450752	0.0775705160329695	0.049626167243523	0.0962147945	-0.0506313471	-0.0103649775	-0.0841252935	-0.1667569353	0.1607447696	0.0051742516	0.0806945397	-0.0760786472	0.0778292978	0.0797143094	0.0009112881	0.115785808	0.1007318138	0.061269503	0.1389622523	-0.0028472438	0.216207293	0.0122363298	-0.1296016008	0.0709889124	-0.0063592113	-0.1613178151	0.0273543068	-0.0670863893	-0.0569419669	-0.050290303	-0.0222556348	-0.0684430661	-0.1535289975	0.0718698846	0.0099485726	-0.0958819485	0.0832659999	0.1133819068	-0.1840990155	-0.0404628544	-0.1101613081	-0.0248195559	-0.1299091056	0.044169347	0.0318890752	-0.0171004451	-0.1324122661	-0.1298164628	-0.1304028598	0.0504708996	-0.0062306709	-0.0803034808	0.1321470329	-0.0246838912	0.0076063909	0.0795660044	-0.0792095199	-0.1496762771	-0.0064714917	0.1418747426	0.0677769764	-0.0502134368	-0.0914009671	0.0150414569	-0.1279482419	-0.0687806664	0.0570294253	0.0163150867	-0.0510649986	0.1220295586	-0.0673120696	-0.2066082404	-0.0510304818	0.0004197071	-0.1705577942	0.1582591282	0.0469157203	0.0868938833	-0.0176078055	0.0700014819	-0.020140556	0.0168737994	-0.1036548537	-0.0449008354	-0.0758140746	-0.1766721484	-0.1989082097	0.0919066545	0.0660870238	0.056795613	-0.0185689514	-0.0759623408	0.0894233445	-0.1277253643	0.122818834	-0.0682019595	0.0827950443	-0.0337828979	0.0330951573	-0.1069703965	-0.1335822853	0.0807788794	0.0170670237	0.0408897419	0.0093144197	-0.0658080662	-0.0532764732	-0.0066849001	-0.0069283668	0.0479252141	-0.1836008712	-0.0113825095	0.0549760858	0.0631719627	0.1290960217	0.0107275802	-0.0255002599	-0.0418200867	-0.0535937302	0.0174395349	-0.0584772218	0.0926974169	-0.0106184512	-0.0671273052	-0.1084869819	0.0872321272	0.0143124706	0.0846380147	0.0924741833	0.0033794295	-0.0876327994	-0.1289225186	-0.0618802900451527	5.524307148620233e-05	3.051796947229661e-09	0.0038291702960722	0.0310068753390879	0.0467059287470447	0.002181443780124	0.0009614263182937	-0.0447735176944377	-0.0030118833620349	9.07144138650325e-06	0.0020046678867341	0.000116979989288	-1.9481974337000064e-06	3.795473240675291e-12	1.3684317893820594e-08	-5.8040313571927626e-05	0.0002839846771051	3.3686779995276863e-09	8.064729683052902e-08	-0.000689995990104	-0.0002700163425091	7.290882522204559e-08	4.7609446635959923e-07
795.6558840964126	0.0418734173910024	0.0017533830840011	633068.285897244	1221.7921565860192	-4.5945354475245495	21.10975597855961	1492776.073895116	745.7092896603597	-0.6738614368266553	556082.3446857582	0.4540892360420844	863.7394484153342	692.0674531168702	0.975993	34.145927	0.148120262146148	0.080977462434824	0.1382187371	-0.0289193677	-0.1365767124	-0.1273119462	0.0200179101	0.0655002875	0.104384496	0.0493932146	-0.008698206	0.1757466282	-0.0143468894	-0.0904839812	0.1255838154	0.0849186571	-0.0271543247	-0.1299076828	-0.0709694984	0.0612294104	0.0551703179	0.0289353471	-0.1638028162	0.0765146605	0.1256015953	-0.0845902608	-0.0144390718	-0.0688067326	0.0175986633	0.0706975844	-0.0066058236	0.0288759142	-0.088661518	-0.0139111835	-0.027964343	-0.0288055088	0.2292963814	0.0658057099	-0.1140055253	-0.1444564653	0.1130411364	0.0072731796	-0.0614092701	-0.1527737202	-0.0007185718	0.0543256804	0.1514494081	-0.0288201427	-0.1128394156	-0.0430597282	-0.0966163067	-0.0472112529	0.0349561692	0.0044648936	-0.0828239344	0.0630457716	0.0098376455	0.0577566122	-0.1282991789	-0.0139444428	0.0034360887	0.1514437411	-0.1424841534	-0.0460997891	-0.1182101358	-0.0034791877	-0.0711393852	-0.1759698193	-0.0459760843	-0.0846233332	0.0978473617	-0.0963566707	0.043238134	-0.0532765377	0.1143744048	0.0541008016	-0.0264102086	-0.1144310822	0.0104490805	-0.115707765	0.026777129	0.0239317308	0.178063905	-0.0199556899	0.0264041162	0.040163523	-0.0636873363	0.1416382852	0.00259799	0.1310225429	-0.0590250898	-0.0618099997	0.105543863	0.045199844	-0.1527788609	-0.0419641233	0.0651314789	-0.0190587654	-0.1475081865	-0.0025573604	-0.078458657	0.027084456	0.0027497319	-0.0334226883	-0.1045202732	-0.0391807733	0.0158165894	0.0537789727	0.0384917692	-0.0136640515	-0.204913452	0.0173077396	-0.0750268771	0.1495406234	0.0770981361	-0.0940216449	0.0845876094	0.0422442784	-0.0574124603	-0.0578441028	-0.0494371961	-0.0181756929	0.0223509213	-0.0605111251	0.0504352496	0.049849527	0.0528443049	0.090084361	-0.0033794295	-0.0948006283	-0.1289225186	-0.0720410257952153	-0.0101607357500626	0.0001032405509826	0.0051899093976268	-0.025902729469891	-0.0569096048089789	0.0032387031195141	0.0006709513939903	-0.0759361460008563	-0.0311626283064185	0.000971109402964	0.0057662982694633	0.0008760198705444	0.0007590398812564	5.761415413377299e-07	7.674108135886274e-07	4.863996480453103e-05	0.0001066802783764	2.365846176186017e-09	1.1380681794478712e-08	-0.0008220216960849	-0.0001320257059809	1.7430787039755072e-08	6.757196688342957e-07
796.3181740290653	0.6622899326526976	0.4386279548931148	634122.6342889847	1225.862198418994	4.070041832974766	16.565240522164597	1502738.129512649	744.8849062140583	-0.82438344630134	554853.5235055265	0.6796080665356743	865.4193639436965	699.0443742754	0.944549	33.045826	0.1123174825317747	0.0627476740074937	0.1364187967	-0.0076436351	-0.1294400757	-0.039447388	0.0713502971	0.0563409387	0.032109663	0.0722898606	0.0446524254	0.1279565004	0.0218150632	0.0603477679	-0.056863648	0.0643954166	0.0640823896	-0.0297839102	-0.0509516568	0.0558051917	0.1083760101	0.1798119582	0.0862070644	0.0657117934	0.0037314801	-0.117402184	0.0978799821	0.0022555925	-0.0110110833	0.1093942587	-0.0936974376	0.1202404475	0.052838406	0.0695442733	-0.0255782292	-0.1075934866	-0.0921491526	0.0996890664	0.0488668978	0.0828921133	-0.231918361	0.0924564451	-0.0085869792	0.1347338511	-0.0816967777	0.0189528338	-0.1112201636	-0.0300962864	0.0377805886	-0.0571873626	-0.0454915261	0.0433860491	-0.1195003177	-0.1481423077	0.1105338778	-0.0674157863	-0.1222786624	0.0278021234	-0.1530504153	0.0604691256	0.0165372569	-0.0894752205	-0.0627181227	-0.1061263062	-0.0962885561	0.0919294494	-0.0581172751	-0.1292139684	-0.0894750191	-0.0382635119	-0.1112842249	0.0550436762	-0.0043501331	-0.0486974217	0.1708342435	-0.1689005255	0.0770662787	-0.0120777305	0.0149724638	0.0526613201	-0.1300450582	-0.030374321	0.0569032739	0.0228614041	0.0475006189	-0.0510944332	0.2110467754	-0.2018149135	0.1182031982	-0.0125389321	0.001985542	-0.0219517675	0.0264216608	0.0775121986	0.1437937119	-0.0209667667	0.0565972542	0.036636695	-0.0204296186	0.1648226528	0.11780689	0.0129871361	0.0346019351	-0.0445879	-0.0845657791	-0.0122444666	-0.0264136841	-0.0282796615	0.1459092424	0.0468672905	-0.1276459241	-0.0410666563	0.0741597881	0.1116575499	-0.0371688826	-0.0503540144	0.0664899556	0.0284289964	-0.1393078323	-0.0185204979	0.0797321901	0.0226218127	0.048503291	-0.0546863015	0.0078223296	0.0407127156	0.1366338743	0.0876327994	-0.0101290257	-0.1013839798	-0.1275100165	-0.0620064898068193	0.010034535988396	0.0001006919125024	0.0038448047781631	0.0240584210437475	0.0499611505136385	0.0024961165606464	0.0005788076231182	-0.0691046936820498	0.0068314523188064	4.666874078412666e-05	0.0047754586888899	0.0003039778735137	-0.0005720419970307	3.272320463668715e-07	9.2402547585911e-08	-7.30920637126431e-05	-0.0001217320285171	5.342449777773077e-09	1.4818686766906096e-08	-0.0006059888474141	0.0002160328486708	4.667019170482081e-08	3.672224831902693e-07
797.3179167270497	0.9997426979844022	0.9994854621731316	635715.8603339626	1221.8268661499023	-4.035332269091668	16.283906521972515	1492860.890845691	745.6091409953749	0.7242347813165679	555932.9911358608	0.524516018468657	864.0363339965216	697.3327194275456	0.91268	31.930887	0.0816865568877547	0.039645453359357	0.1160030256	0.0232064596	-0.087361531	-0.0245189374	0.1015840552	-0.0293058269	0.0843611707	0.0691084921	0.0225943326	0.1311417107	-0.0474297368	-0.0698909708	-0.0117298015	0.0139094269	-0.0046279942	-0.0561766019	-0.0220049597	0.0190616454	0.0178247182	0.1130076785	-0.0433337916	0.0770461155	0.0131124647	0.0158575994	0.0422062847	-0.0796529495	-0.1345588513	0.0323878206	-0.0253510544	0.0064915664	0.1180784937	-0.0378691105	0.0485053068	-0.1330144626	-0.024427893	-0.0324626462	-0.0229656612	-0.0282783224	0.1188590821	0.0641285814	0.1157078135	0.0080240073	-0.2061953184	0.0005841636	-0.069303088	0.0644045444	-0.1401335927	-0.1311458473	0.0009762711	-0.0279844505	0.0150064432	0.0402382031	0.0861930187	0.0677079191	0.1210442418	-0.0470879712	0.1165982445	0.1293131422	0.231768606	0.1316028477	-0.0006593351	0.008004093	0.0970126513	0.0357606545	-0.0875712388	-0.1073671718	-0.1197587912	0.0027115928	0.0409789687	-0.0233805931	0.0551001656	-0.0653426363	0.0328792695	-0.1254448201	0.1442169485	-0.0630596259	0.02634743	-0.0236691905	-0.0077357422	-0.0359780569	-0.0173213971	-0.046754111	-0.0229435895	-0.0233758872	-0.0109364656	-0.0931261501	0.0395607673	-0.0101489035	0.1327350962	-0.0985980289	0.0062614933	-0.0772104003	0.1045150423	-0.0560464671	0.1085482597	0.0126378711	0.0029696399	-0.0570898348	-0.0092421592	0.0614615976	0.0651798062	-0.0553528428	-0.08203798	-0.0183140722	0.0028908317	0.0214433481	0.0624203639	0.1113098773	-0.1104474689	-0.0110233213	-0.0429892159	0.0621407882	-0.0229491782	-0.0736231021	0.1378553077	0.0710110876	-0.0662865098	-0.0268009733	-0.1133193718	0.0939015219	0.1444462072	0.0251128157	-0.0247529437	0.0112858892	0.0138249951	0.0851211787	-0.016850859	-0.1073422654	-0.124700488	-0.0689156612538965	-0.0069091714470772	4.773665008510695e-05	0.0047493683660618	0.0039461987013851	-0.0201122223423623	0.0004045014875486	1.557248419081345e-05	-0.0816190418369728	-0.012514348154923	0.0001566089097426	0.0066616679903855	0.0007390785674123	0.0004351006938986	1.893126138310432e-07	5.462371288082176e-07	0.0002157323284581	0.0002888243921707	4.6540437541953546e-08	8.34195295127992e-08	-0.0007250800602126	-0.0001190912127985	1.4182716965817624e-08	5.257410937179076e-07
799.9201439614443	2.602227234394604	6.771586579424991	639872.2367152978	1230.316916496304	8.490050346401631	72.08095488443446	1513679.7150169734	747.681378513521	2.072237518146153	559027.4437758791	4.294168331612528	866.988824134704	712.7346466557169	0.928371	32.479828	0.1443945952974664	0.0797435815809054	0.0444090909	-0.0166054214	-0.048682372	0.0393651914	0.0970039834	0.0235648826	0.0062668748	0.032328074	0.0151408682	-0.0097451486	-0.0442773059	0.0083890519	0.0340311594	0.0922806465	-0.0079919592	-0.048952326	-0.0491739324	-0.028079562	0.0217553324	0.1615971086	0.1894264987	0.0835834911	-0.1247142186	-0.0473094103	0.0488192257	0.0606237854	0.0255863602	-0.0710419786	0.005453835	0.0399572154	0.0950511894	-0.0592912102	-0.029544711	0.0513525759	-0.1255334615	-0.0225458184	-0.0687125889	-0.1182099742	-0.0050534046	-0.1247152779	-0.0923485132	0.1500093233	0.1607701749	-0.1004945895	0.0930818402	0.0150183402	0.0603062354	-0.0801867631	0.0724311772	-0.1195607428	-0.0431877439	-0.0317980329	-0.0914697367	0.1578118627	0.1088695761	-0.0250876467	0.1847296441	0.1036421904	-0.1141315811	0.1079083457	0.1170798667	-0.1266215478	-0.0240318725	0.0245407861	-0.0388804298	-0.0284748276	-0.0876882473	0.0302943328	-0.0339644358	-0.0340399772	0.0227732105	-0.067825524	0.0022941805	-0.0418479748	-0.0090555339	0.116283222	0.143560764	-0.0536478266	-0.0493294455	-0.1172715102	-0.04348966	-0.0907120922	-0.0274230023	0.1008045987	-0.069933378	-0.1977288306	-0.1618935851	0.0188761984	-0.0615297534	-0.091022409	-0.1592382015	-0.0250168745	-0.0186550312	-0.043979018	-0.0749204587	-0.1151774839	0.0342471806	-0.0789845763	-0.0495768256	-0.015849707	-0.2418361351	0.0060686688	-0.0547842038	-0.0121620978	0.0181562216	-0.0707466505	0.1014027974	0.0939429699	-0.0183313607	-0.0417813876	0.0346668795	0.0264736647	-0.0189649393	-0.1592548087	0.0569662315	0.0382869546	-0.0777645232	-0.0434432596	-0.0648783926	-0.0470607944	0.0689877027	-0.0109192702	0.0087848309	-0.0385249677	0.0185705027	0.0825512202	-0.0235265052	-0.1126387502	-0.1205247148	-0.06191460855797	0.0070010526959265	4.901473885113978e-05	0.0038334187528866	0.0516896310969485	0.0477434323955634	0.0022794353369097	0.0026718179629386	-0.0461392363264963	0.0354798055104765	0.0012588165990612	0.0021288291287922	-0.0001109377053949	-0.0008500162728072	7.225276640370443e-07	1.2307174478285624e-08	0.000241028690503	2.529636204490001e-05	5.809482964559096e-08	6.399059327066578e-10	-0.0005169866011547	0.0002080934590579	4.3302887702681904e-08	2.6727514577348885e-07
800.9183098339629	0.998165872518598	0.996335109060814	641470.1390272918	1230.1834670640396	-0.1334494322643422	0.0178087509716752	1513351.362637701	746.446043771302	-1.2353347422190382	557181.6962618285	1.5260519253333775	866.282849183336	716.3324448155346	0.921724	32.247292	0.1332689351943388	0.0743041083797864	-0.0046371105	0.0397564279	-0.0739857484	0.0852885585	0.0393281968	-0.0221692807	0.0580134531	0.0210951742	0.1005748313	0.0195651622	-0.0632996538	0.0526618805	-0.0016807365	-0.017459922	0.0031017167	-0.0688373216	-0.0101740388	-0.1206211838	-0.047445643	0.0154853922	0.0164213025	0.0834011977	-0.000561354	0.0684898985	0.0483273358	-0.0126770289	-0.0425772137	0.0094456855	-0.0454320947	-0.0060730021	0.0924495437	-0.0801318157	0.0443931887	-0.1844797428	0.1150495234	0.0375246789	-0.0808095797	-0.1316637889	-0.0462544516	0.0036292115	0.0238209162	0.0172090005	0.0239352712	-0.1518864282	0.2160320324	-0.1555798348	0.082689179	0.1470588013	0.0936206866	0.0127933247	-0.1286868383	-0.0261876805	0.0283576899	-0.0974598612	0.0493331165	-0.0971624427	0.0492063973	-0.0632482502	-0.0977157581	-0.0546874687	0.1781329331	0.1326765697	-0.0415684386	0.0207631822	-0.0914851128	0.0046890501	-0.0960512035	-0.0284420427	0.0179275616	0.0077168092	-0.0345920262	-0.0686103827	-0.0263683348	-0.0974521009	0.0166552781	0.0177224468	-0.0420837811	-0.0708165597	-0.0825743329	0.0741854596	0.0902723214	0.1552851302	-0.1016615531	-0.0505287151	-0.0373215955	0.001527276	-0.0277066171	0.0760459658	-0.1410749087	0.0753762208	-0.0466226161	-0.0173952738	-0.0706648753	-0.1062834837	-0.1302678499	0.0225835929	-0.0457503344	0.021778088	-0.0934420068	-0.1058321791	0.0291189099	-0.0273853094	-0.0543471168	0.0333755131	0.0399453138	0.0697026168	0.0671686164	0.1564166429	-0.0737395167	-0.0274249568	0.0248277112	-0.0169230841	-0.055324278	-0.100369679	0.069714765	-0.0443447384	0.0029073985	-0.0058519983	0.0431271736	0.0534627826	0.0577942864	-0.0036099757	-0.0291131853	-0.0569397367	-0.0829526627	0.0799246852	-0.0301376669	-0.1172407796	-0.1150284477	-0.0654168073355236	-0.0035021987775536	1.226539627749795e-05	0.004279358681973	-0.0016941188581967	-0.0533837499551452	0.0028498247592734	2.87003870569769e-06	-0.0791339428772914	-0.0329947065507951	0.001088650660373	0.0062621809153064	0.0004805660476063	0.0005915037530012	3.4987668981450457e-07	2.309437261119406e-07	0.0001808238062019	-6.020488430109999e-05	3.2697248889342294e-08	3.6246280937088364e-09	-0.0007330435620693	-0.0002160569609146	4.6680610359653e-08	5.373528638912477e-07
800.4207231003721	-0.4975867335907651	0.247592557445527	640673.3339685226	1233.909102524727	3.725635460687272	13.88035958593046	1522531.673293377	746.3762456322058	-0.0697981390961786	557077.5000440269	0.0048717802212894	869.2876948862347	715.721048580289	0.918642	32.139465	0.125757873600318	0.0709027528564511	0.023131349	-0.0089038614	-0.0495357914	0.0933410877	0.0385811687	0.0426490868	-0.0571148989	0.0523157926	0.0333063759	0.0190214647	-0.0113474005	0.0488153707	0.0302682482	-0.0151053748	-0.0160908277	0.0577648715	-0.0196367274	-0.0015763499	0.1035526607	0.100542362	0.0592569944	-0.0115613239	-0.1606323094	0.044134358	-0.0711684405	0.0293621618	0.0297008573	-0.0208865421	-0.0215289517	-0.043761791	-0.0782455978	-0.0269777993	-0.102076483	0.1166064021	-0.1317320668	0.0011672114	0.0241686952	-0.1225558134	-0.028021104	0.0694027448	0.140192214	-0.0579553879	-0.0826914161	-0.0177990325	-0.034598814	0.03647731	-0.1111547422	0.0252344174	-0.0202942303	0.0605984107	-0.1401354203	-0.1302200514	-0.0530990342	-0.0114518089	0.1708812364	0.0142535285	-0.1334235837	0.1222968198	-0.0043325994	-0.1184020998	-0.0677401153	0.1972067603	0.1171516564	0.0634141611	-0.0364975509	0.0469733157	-0.0443234769	-0.0044819365	-0.0772235248	0.009707179	0.0384728111	0.0047962614	-0.0356700819	-0.0852457519	-0.004435846	0.1094279055	0.0663331294	-0.0140299004	0.0277468385	-0.1263748413	-0.0442810947	0.0409250202	0.0521080609	-0.0362467374	0.0075234642	0.0840398863	-0.1175735466	-0.0011976216	0.0008852763	0.0545488421	0.0052155578	-0.1315635176	0.2189690504	0.0147332239	0.020807084	0.0291400185	0.0122738654	-0.0656747801	-0.0234074992	-0.1568940251	-0.0597801291	-0.0197385236	-0.0232407631	-0.0058744259	0.0137551966	-0.0094831958	0.1217599036	0.0684484345	0.0724127779	-0.0120683836	0.0763054327	-0.0306578387	-0.0356371471	-0.1299115649	0.1074255011	0.0686819061	0.0494891	-0.0177331033	-0.0113154022	0.0631313702	0.0730607453	-0.0413880012	-0.0371737979	-0.0504230725	0.09776652	0.0772433738	-0.0366662233	-0.1211199807	-0.1082719048	-0.0621182682326661	0.0032985391028575	1.0880360213079983e-05	0.0038586792482254	0.0472786036761192	0.0489727225343159	0.002398327552423	0.0022352663655635	-0.0621643420088418	0.0169696008684496	0.0002879673536344	0.0038644054173922	-0.0003250393098199	-0.0008056053574262	6.489999919137955e-07	1.0565055292819693e-07	-0.0001128859837653	-0.0002937097899672	1.2743245330659576e-08	8.626544072257676e-08	-0.0007020184875688	3.1025074500500016e-05	9.62555247761576e-10	4.928299568883854e-07
802.0737879886615	1.6530648882893502	2.732623524895082	643322.3613784803	1233.5235771640764	-0.3855253606504902	0.1486298037046906	1521580.415419659	747.6395023695228	1.263256737316965	558964.8255033477	1.5958175843767035	868.8115154308796	715.70758814191	0.944475	33.043243	0.1232030088846865	0.0666117159239408	0.0040125969	0.0124063546	0.0436263451	0.1248029328	-0.0956134314	-0.0575637156	0.0324415001	0.0517018489	0.0548264542	-0.0444152148	-0.0451819855	0.0059226463	0.0033890924	-0.0939106563	0.0116289993	-0.0050705983	0.0277670643	-0.041624237	0.0548350786	0.0299554826	0.0465031317	-0.0129248792	-0.0580813499	0.097788865	-0.0708499863	0.1649012162	0.1167341448	-0.0032957941	0.0768324997	-0.0506928562	-0.0262804225	-0.0625135439	-0.0387758107	0.0612290349	-0.0452072689	0.0080947068	0.1098416818	0.0979717707	0.0166217609	-0.1783406334	0.0523937013	-0.0531211707	-0.0805623526	0.07487781	-0.0414748427	0.0766822013	-0.0029361094	-0.0710101489	-0.0243434073	0.0566432413	-0.0522210082	0.0216386347	0.0164394049	-0.0176053	-0.1336409347	-0.0604576873	0.1610274233	0.0128713948	-0.0692903513	-0.03047403	-0.1308120502	0.0254917078	-0.0798843724	0.0343739885	0.0100222774	0.0761287421	0.0162090288	0.0496308758	0.0605567288	-0.0362276957	-0.0980007325	0.0145046306	-0.0077319924	-0.1534156382	0.0587959013	-0.0216373897	0.1168312528	0.0440721469	-0.0414024032	-0.0779512161	0.0088130976	0.007338544	-0.025875135	-0.0165041486	0.0661768635	0.0155393463	-0.0958981997	-0.0608140705	-0.0515365119	-0.0357415264	0.1008671343	-0.1840402005	-0.0797245909	0.0981149816	0.0840673058	0.0463205438	-0.0904648012	0.0052871115	-0.099614172	-0.0098803927	0.0342291997	-0.0171966221	-0.0172012685	-0.0286716535	0.0344853225	0.1232943734	-0.0127611317	0.0327298116	0.0484403548	-0.0637182587	0.1534250825	-0.014394862	0.0139090285	-0.0912641756	0.089241126	-0.0719814469	-0.0076034537	0.0281090315	0.072474241	-0.1612196233	-0.079584343	-0.105016487	0.1024236824	-0.0339862801	-0.014601701	0.0745091236	-0.0430942802	-0.1242524367	-0.1003291122	-0.0746477977762651	-0.0125295295435989	0.0001569891105839	0.0055722937128461	0.0038797487283233	-0.0433988549477959	0.0018834606107798	1.5052450194926264e-05	-0.0676280882578765	-0.0054637462490347	2.9852523073840767e-05	0.0045735583214151	0.0005120297172299	0.0008370690270498	7.006845560460989e-07	2.621744313265314e-07	6.526371233683825e-05	0.0001781496961021	4.259352147985574e-09	3.1737314221284217e-08	-0.000923017327302	-0.0002209988397332	4.8840487163420626e-08	8.519609864997274e-07
802.9612037892397	0.8874158005781965	0.7875068031158413	644746.694790665	1240.641929680767	7.118352516690493	50.67094255187387	1539192.397682017	748.5323181700236	0.8928158005007845	560300.6313449894	0.7971200536238565	871.4066851301158	728.5411098761226	0.95807	33.51889	0.1352552799147367	0.0748145153815083	-0.0683709817	-0.00977305	0.1200588983	-0.0178885149	-0.0790503367	0.0583895594	-0.0537821194	-0.0662771565	-0.0493528391	-0.0264245349	0.0793228482	0.0836077763	0.1103942766	-0.0380485722	0.0111640151	0.1403579424	0.1207515002	0.0378482866	0.0746343397	0.0926203569	0.0778134239	-0.0413901531	-0.0472292322	0.1047042799	0.0388707156	0.0326468109	0.0375599394	0.0211291697	-0.0310178784	-0.2141508001	-0.0766775076	-0.0471165976	0.0798822204	-0.0662626685	0.1065246736	0.1582773125	-0.0637057506	0.0368315748	0.1796054263	0.0447286654	0.1048170363	0.1335114552	-0.0841670127	-0.0166165391	0.008443542	-0.0837417648	0.0489556815	0.0605685759	0.0646300515	0.0535274819	0.030044492	-0.006892823	-0.1184638445	-0.0456778868	-0.0314851817	0.119114324	-0.0186274986	0.0190831793	-0.0040986215	-0.2273620986	0.0449403454	0.0793496437	0.1548857355	-0.0364618816	0.0584304921	0.0852656492	0.0450685496	-0.0856087246	0.0778205722	0.0121506344	0.0129592686	-0.1398552039	-0.0088688209	-0.0534333193	0.1475487222	0.1995496027	-0.0441185604	0.0422528057	0.138577912	0.0239189572	0.0323448964	0.0082312507	-0.0231550074	-0.039536564	-0.0035798451	0.1728095443	0.1557287156	0.0441421015	0.0563769712	0.013720123	-0.0988720541	0.0897660069	-0.0565988711	-0.0235925854	-0.0088921657	-0.1433171766	0.0519173914	0.0598257889	-0.0363403669	0.0681552105	0.0279713766	0.0304918888	-0.0005894401	-0.0124870714	0.051414379	-0.0044447087	0.0052883683	-0.0848445469	0.0923816459	0.0642763896	0.0570939623	-0.0566584073	0.0021757358	-0.2008049603	0.1121869429	-0.0368567851	0.0634756353	-0.0479085871	0.0677365431	-0.0201370279	-0.0353887323	-0.0648967701	0.0316039718	0.0487761741	-0.0877019683	0.0717238087	-0.0494042187	-0.1266188352	-0.0912870929	-0.0770056296507988	-0.0023578318745337	5.559371148567103e-06	0.0059298669979159	0.0499009700834278	0.0460212213551045	0.0021179528150155	0.0024901068152671	-0.0459612947914962	0.0216667934663803	0.0004694499391147	0.0021124406189108	-0.0003980201480875	-0.0009100498653174	8.281907573642179e-07	1.5842003828359546e-07	-6.086965379492604e-05	-0.0001261333661317	3.705114753114153e-09	1.5909626051729703e-08	-0.0006550118943768	0.0002680054329252	7.182691207742389e-08	4.290405817750842e-07
801.5893786318425	-1.3718251573972111	1.881904262467883	642545.5319353833	1234.8504268877025	-5.79150279306441	33.54150460207286	1524855.5767847411	748.4498469080488	-0.0824712619747742	560177.1733366817	0.0068015090517118	869.2936332099075	723.8498756069949	0.953343	33.353504	0.1253395844618398	0.0731376211808239	-0.0545027213	5.04694e-05	0.0209695719	-0.1687457184	-0.0510423833	0.0780468815	0.0054665749	-0.0786063988	-0.0570928319	0.1493228683	0.0026746046	0.0876782547	-0.0196850171	0.0411042483	-0.0012303349	-0.0987876467	0.0131596785	0.0052929428	-0.0692576163	0.1028986448	0.0541944964	0.0852974886	0.0053637071	0.0128401237	-0.0293875766	0.1106294933	-0.07715592	0.0058965659	-0.0135070712	-0.0515776828	-0.1234206311	0.0839052367	-0.0737193236	-0.0964964131	0.0923041081	-0.1269908745	-0.1165390894	-0.0278591028	-0.0295950027	-0.0180619958	0.0115602008	-0.0104045601	0.1119140542	0.0635884982	-0.2416648961	0.0030892997	-0.143811318	-0.0334621567	-0.0266847585	-0.1456994255	-0.044134207	0.2117296778	0.0107322849	-0.0554666814	0.049736958	-0.0070046057	0.147704065	-0.1048818432	-0.0390320548	0.0315828585	-0.1723488061	0.0190644298	0.1168668837	-0.0644132244	0.0098184881	-0.0825971492	0.0469831517	-0.1055763302	-0.0416936794	0.004258508	0.046756735	-0.034264116	0.0306729122	-0.1187550151	0.0117139317	-0.0530064677	0.0674148227	0.0346332379	0.0370724887	0.0407406141	0.0338191546	0.0428308432	-0.1310452554	0.0935627237	-0.0508293368	-0.0114461841	-0.1216568369	0.0373464437	-0.020107382	-0.2054342928	0.1024089653	0.0478402095	0.0231849543	0.057417006	-0.1211564685	0.054283893	0.0522968901	0.0159918515	0.1304834964	0.1177049778	0.1742986257	0.023250684	0.0160713644	-0.0046779783	0.0707032918	0.0449365282	-0.0737628505	-0.0714613698	-0.1596431937	0.1017394714	0.0446983964	-0.0724779788	0.0138716074	-0.0453604218	0.076830104	-0.0923447841	0.024515029	0.0214708018	0.1017758776	0.0355248904	-0.0818606887	-0.151677817	0.0413200151	-4.98584e-05	-0.0496844507	0.0688893378	-0.0555787436	-0.1282045865	-0.0812449131	-0.0794010710074104	-0.0023954413566115	5.73813929296522e-06	0.0063045300771238	-0.0080602266198184	-0.0579611967032462	0.0033595003232723	6.496725316282915e-05	-0.0621061771455089	-0.0161448823540127	0.0002606572262249	0.0038571772396293	0.0002509996653328	0.0006490198134203	4.21226718212121e-07	6.30008319971776e-08	-1.115835046139324e-06	5.9753818748786713e-05	1.2450878501927477e-12	3.5705188550628543e-09	-0.0009229995431671	-0.0002679876487903	7.181737990415322e-08	8.519281566866753e-07
801.0873832499092	-0.5019953819332841	0.2519993634823437	641740.9956021869	1235.804170737487	0.9537438497845868	0.9096273310019248	1527211.948412168	748.7677910357875	0.3179441277386559	560653.2048926126	0.1010884683634947	869.2913932234454	715.1815330513069	0.994182	34.782307	0.0689729113069447	0.048403268235422	-0.0155424132	0.0023157204	-0.0640972818	0.0711202675	0.0741035431	0.0262953713	0.1290395858	0.0464202214	0.0518131565	-0.0519934477	0.0397292519	0.05694182	0.0706720834	0.0909060453	0.0508279225	0.0717731662	-0.1072089825	-0.0690048046	-0.0418758738	0.2962629359	0.0420832531	0.0168363002	-0.0006557288	0.1263981157	-0.0312237682	-0.0267580403	-0.0849296575	-0.0060855561	0.0368174097	-0.0439420617	0.1008232982	0.0212016075	-0.1587476184	-0.0914536075	-0.1962812091	0.0713594542	-0.0989217758	-0.0780976146	0.0872716347	-0.0092886633	-0.063727362	0.0160325409	0.0197752856	0.0898937076	0.1085242525	0.0789331559	-0.1012988889	-0.0142009251	0.0446334449	-0.1382139875	-0.0403511433	0.0977462923	-0.0371386844	0.0319004791	-0.1313409383	-0.0923200929	-0.1553124247	-0.073975898	-0.1285716604	0.0254938211	0.0143777103	0.0277696822	0.1606876641	0.020520088	-0.0432618702	0.0755587784	-0.0865489033	-0.0131509001	0.0401409002	-0.0007689003	0.19097011	-0.059054635	-0.1156418286	-0.1272834428	-0.016470784	0.0203676734	0.0531456606	-0.076133755	0.09036802	0.0905455518	0.012700624	0.1952825399	0.0213759846	0.0989999775	0.0563669985	-0.0483592073	-0.1292011721	0.0281779406	0.0719341275	-0.0368160841	0.0739308844	0.0245971774	0.0758191735	0.0186853597	0.0121802751	0.025352494	0.0471442649	0.0032877121	0.0469414132	0.097016842	-0.1203805969	-0.0070775232	0.0104604338	0.0192436033	0.0812108774	-0.0225177909	0.0915703565	0.1619448306	-0.0418398698	0.1053703264	-0.0733332147	-0.0862619479	-0.0267646337	-0.1079077979	0.1160570975	-0.0805540113	0.0997452564	0.0606066353	-0.0263411064	0.0147028001	-0.0500983869	-0.0310699845	-0.0446438876	0.0810246083	-0.1320031832	0.0660076536	-0.0616009311	-0.1289999139	-0.0703125971	-0.0794149955499534	-1.392454254300901e-05	1.9389288503206782e-10	0.0063067415181991	0.0385973952672742	0.0466576218870926	0.0021769336801589	0.0014897589214182	-0.0699114341925053	-0.0078052570469963	6.0922037569686894e-05	0.0048876086308529	2.097185900092193e-05	-0.0002300278063318	5.2912791685856e-08	4.398188699545501e-10	-6.100967203681584e-05	-5.989383699067652e-05	3.722180082039829e-09	3.5872717094657304e-09	-0.0009229990298834	5.132837000484253e-10	2.6346015673540183e-19	8.519272091656975e-07
801.192361173626	0.104977923716774	0.0110203644678848	641909.1996029699	1231.6712606572596	-4.132910080227475	17.080945731245876	1517014.094329043	747.3046488736219	-1.4631421621655818	558464.2382281272	2.140784986706574	868.0873585902569	713.5628535350564	0.978271	34.225616	0.0504096915775312	0.0282539319868934	0.0224120358	0.0366120883	0.0294623166	0.0673374752	0.0439830779	0.0684072859	-0.0539029176	0.0514800713	0.0231014812	0.0098050604	-0.045607162	0.0246269552	-0.0005628171	0.0517770049	-0.0786932415	0.0521149353	-0.011698765	-0.0518861779	-0.1927341345	-0.1333238388	0.1331293355	0.0136334087	-0.1634679726	0.1217998007	-0.125730231	0.01448286	-0.0235355575	0.0472582251	0.0133296236	-0.0339041649	0.1357593984	-0.0403470696	0.1467451881	-0.0732291315	-0.1894686354	0.0982908577	0.1235805745	0.0030177207	0.1603558974	-0.0385779233	-0.0561767187	0.1217760923	0.0308102248	0.175767028	-0.0513428032	0.0728442079	0.0274973123	0.0228857702	0.1627316534	0.0748444539	0.0875700533	-0.0384309357	0.0042182452	-0.0915893506	-0.0218720423	-0.0113542663	-0.0717892505	-0.0720609896	0.1574768505	-0.003517302	0.0178493809	-0.0085067768	0.0845521633	0.032294846	-0.0384769704	0.0054842348	-0.0229377421	0.0440149624	-0.0523584767	0.0605512869	-0.0160338667	-0.0162594793	-0.0494510998	-0.0400648629	0.0769739192	0.2000558267	0.0825618581	0.0875049831	-0.0056111331	0.1178178585	-0.0149769048	0.0068367719	0.0194212499	-0.1496881955	-0.0215596555	-0.0294442295	0.0122897215	-0.1002344778	0.189684281	0.0740049969	0.0051664794	-0.2257557921	-0.060477298	-0.0381631945	0.0488865243	-0.0319008002	0.0420502785	0.0175277341	-0.0294383276	0.1765940404	-0.0171353318	-0.0401850218	0.0136556324	-0.0029404709	0.0381892985	-0.0270317927	0.0373524392	0.0414817241	0.0572878283	-0.0008920072	0.1891536864	-0.0867005424	-0.0144411371	-0.0388346807	0.0141694226	-0.013640267	-0.0358067218	-0.0478022036	0.0641976571	0.0651187371	0.136631915	0.0224182286	-0.0093616867	-0.0298559863	-0.059792499	0.063080731	-0.0674542747	-0.1289999139	-0.0586099215	-0.0625643099493515	0.0168506856006019	0.0002839456052103	0.0039142928794385	0.0450890456166916	0.0064916503494173	4.214152425909104e-05	0.002033022034624	-0.0873240373786501	-0.0174126031861448	0.0003031987497181	0.0076254875041078	0.0002139719537681	0.0001930000947671	3.7249036580139724e-08	4.5783996999337935e-08	-6.109873959148082e-05	-8.906755466497884e-08	3.733055979667586e-09	7.933029293998994e-15	-0.0009229931433779	5.886505499946674e-09	3.465094700090245e-17	8.519163427226168e-07
802.3923095662558	1.199948392629835	1.439876144974925	643833.4184510701	1234.6298785769643	2.958617919704693	8.753419994797726	1524310.9370749695	747.9501527960896	0.6455039224676966	559429.4310676937	0.416675313921182	870.5318524156719	721.8440901816914	0.942459	32.972702	0.0993989729524787	0.0520068466763751	-0.0201044842	0.1049740073	0.0609556425	0.131964519	0.0231863704	-0.0234384787	-0.0302072828	0.0728239944	0.1169825252	-0.1110908291	-0.0037574558	-0.1135178938	-0.0769935082	-0.0788837693	-0.0693792972	-0.0762675599	0.0219596753	-0.0013042605	0.0179163387	-0.0064450716	-0.013274048	-0.0828525674	-0.0380163887	0.1231701369	0.0058846313	-0.0553643187	-0.0482986549	0.0378975426	0.1531423573	-0.0272278566	0.0644294848	-0.0112179302	0.1075807861	0.0629736269	0.1493687412	-0.0889862239	-0.1076546086	0.0846013937	0.1560795861	-0.0836582772	-0.0137807956	-0.104087395	0.0116289811	0.1035951619	0.0631369496	-0.0129318565	-0.0357968499	0.0094880953	-0.0303901208	0.0382674689	-0.0111301338	0.0060537162	0.1166922085	0.0886131944	0.1390968173	-0.0104889873	-0.0495278314	-0.0798653416	-0.1216483617	0.0848574996	0.0450757079	-0.062937775	0.0516666949	0.1100222807	-0.0465757497	0.0829692667	0.0619913031	0.1310064225	0.0245309114	-0.0096893699	0.0070249601	0.0433928217	-0.0963999121	-0.0615099344	-0.010671359	0.0165996198	-0.003541333	-0.0747416007	0.0619437918	0.1141536727	-0.0995507344	0.0084213714	-0.1667081236	-0.0049772014	-0.0626926244	0.1199711111	0.0062902211	0.0021246345	-0.0235658665	0.0436212654	-0.0242050544	-0.0423495909	-0.1776095416	-0.0706420634	-0.0541551069	0.044526153	-0.1249993773	-0.0782060033	-0.0440430089	-0.084583713	0.0709380299	-0.0817497408	0.004567561	0.0124679034	0.0146685377	0.0742898894	-0.0011445874	0.0879723815	0.0846037611	0.0309376387	0.0577764672	-0.1125469851	-0.0729822302	0.0323944645	-0.0570567559	-0.0230160008	0.0115658483	0.1419741005	-0.0113054916	-0.0358522794	-0.0485587914	-0.0667472844	0.0598479088	-0.0438702843	-0.0944574046	0.0601105761	-0.0731227308	-0.1282045865	-0.0462651033	-0.0753665891466681	-0.0128022791973166	0.000163898352646	0.0056801227596026	0.0229647410847917	-0.0221243045318999	0.0004894848510202	0.0005273793330915	-0.1083362532780825	-0.0210122158994323	0.0004415132170043	0.0117367437743328	0.0008760142124923	0.0006620422587241	4.382999523366404e-07	7.674009004885045e-07	2.704361628591556e-05	8.814235587739638e-05	7.313571818198374e-10	7.769074899617593e-09	-0.0010420119952529	-0.000119018851875	1.41654871016432e-08	1.08578899825093e-06
803.7791641996514	1.3868546333956149	1.9233657741708847	646060.9448014902	1238.356048882644	3.726170305679716	13.884345146929268	1533525.703804233	750.5824193218237	2.632266525734167	563373.9681950021	6.928827062500622	871.5179654841664	720.9153715686048	0.977942	34.214119	0.1100412039508735	0.054667576766054	-0.0263677986	0.0372816929	0.0158855901	0.0640917764	-0.1435630357	-0.0028762519	-0.0149897682	0.0101998848	0.0342463097	-0.0196759644	0.003994525	0.0742676889	0.0825264364	-0.1205564502	-0.0126496583	0.0970507059	0.0189027169	-0.0910137399	-0.0374286534	0.0925147206	0.0604306408	-0.0627556495	-0.0164233759	-0.127486123	-0.1477822319	-0.1166631248	0.0138072546	-0.0367427782	0.0458493445	0.12106227	0.0305961818	0.0099006188	-0.067596298	-0.0171862907	-0.0007567425	0.2855637365	0.070510518	0.1702077925	0.0849669274	0.0003567997	-0.045524751	-0.1617894561	-0.0104455997	0.0506211232	-0.0460988212	-0.0189541949	0.1166261164	-0.0303371892	-0.0758022242	-0.0562736401	-0.0311223424	-0.102033502	-0.1490771263	-0.0306801	-0.0346745547	-0.0779198915	-0.0562639985	-0.1310309863	-0.1483759547	-0.062070908	0.0019955442	-0.0368006781	0.0536479702	-0.0013994139	0.0297741302	0.1349084421	0.0037633331	-0.0186631008	0.0791987564	0.1058266883	-0.0529823164	0.0436395287	-0.0335389683	-0.0637060049	0.0390616756	0.0815215893	0.0711343199	0.0860432116	0.0092470809	-0.0099919553	-0.0318435385	0.0101007586	0.1654688535	-0.0006309635	0.0628938402	0.1601234005	0.0003641572	0.0853621136	-0.0181246741	-0.0162887527	0.2671037417	-0.1100617993	0.0632130514	-0.0745585703	-0.0284975202	-0.0791432306	-0.0330963615	0.1203840073	0.0386434589	0.0539628914	0.0270966741	-0.0520113261	0.0303824985	0.0145840946	-0.0008769759	0.0703933344	-0.0291502972	-0.0375988329	0.1196269024	0.0872817089	0.1107589972	-0.0717574521	0.0021227817	-0.0890883497	-0.0035724168	0.0954129565	0.0893914056	-0.0105294356	-0.0463497522	0.0699317381	-0.0226240265	-0.041810998	0.055318679	0.086661132	0.0386859082	0.0570992244	-0.0785907625	-0.1266188352	-0.033413395	-0.0625639852626278	0.0128026038840403	0.0001639066662116	0.0039142522519423	0.0626354105420432	0.0396706694572515	0.0015737620151865	0.0039231946537702	-0.0911958013332565	0.0171404519448259	0.0002937950928728	0.0083166741808147	0.000533852064016	-0.0003421621484762	1.1707493584991755e-07	2.8499802625414335e-07	-0.0003202460892723	-0.0003472897055582	1.0255755769420195e-07	1.2061013958671208e-07	-0.0009229142759923	0.0001190977192606	1.4184266733076705e-08	8.517707608303914e-07
804.776077290305	0.9969130906536066	0.993835710316526	647664.534578771	1239.957518933931	1.601470051286924	2.564706325168943	1537494.6487607898	748.7780239577781	-1.804395364045604	560668.529162115	3.2558426297892678	872.4638621232418	726.9443882962408	0.981142	34.326061	0.0501691838240609	0.032340111771453	-0.0667489498	-0.0016076	-0.1666587058	-0.0390020555	-0.2358376326	-0.0289039416	-0.0487131957	-0.098049952	0.1378935919	0.0828398753	-0.0177827449	0.0809347159	-0.0191368818	-0.1136382076	0.1898058339	0.0412953749	0.1083463778	0.0313118978	-0.0646382705	0.0275173975	-0.0583021078	0.0079528539	-0.0435370129	-0.0662955991	0.0802472652	0.0249848182	-0.1184649734	-0.0266373529	0.0861571667	0.0801943186	0.0668632916	0.1145474848	0.0764906103	0.0395997287	-0.0014328252	-0.1054676177	0.0412296395	0.0776139208	-0.1125385644	-0.1034060369	0.1298774882	-0.0789035054	-0.0470625983	0.1118551107	-0.0616575363	-0.0652782857	0.1151741636	0.1172207214	-0.0403483912	-0.0503371482	-0.0492622229	0.1511143613	0.0658049264	0.0158617331	0.2147867528	-0.0173044895	-0.0251740014	0.2094150701	-0.0154719177	-0.0122304127	0.1646043544	0.1495477628	-0.029868046	-0.0398656768	-0.0546770267	0.0317766836	0.1909505707	0.023224574	-0.0689363483	0.17812151	-0.0672481361	-0.0157810661	-0.0496038163	-0.1248072802	0.0355606677	-0.1452364847	-0.0281652667	0.1107457259	-0.0734467943	0.1758571866	-0.0415053293	-0.0272088171	-0.0758378734	-0.115070002	0.007088099	0.0460304989	-0.0882550726	0.0427327938	-0.0826743881	0.0431203956	-0.0031215199	-0.0300179332	0.0755665445	0.1674527814	-0.0991735823	0.1309950135	0.1051330181	-0.0573108376	0.0235211102	0.0874665031	-0.0546052838	-0.051005429	0.0378405325	0.027028732	-0.0052012642	0.0481631526	-0.0328755268	-0.1047666316	-0.0460144809	0.0940554441	0.1409132905	-0.1292662227	-0.0649465692	0.0820383732	-0.0591256796	0.0290382067	0.0520506666	0.0715022675	0.1355283221	0.0343846618	-0.0555848204	0.0040992781	0.0948769212	0.0328749211	-0.0424042855	0.0540487397	-0.0838433825	-0.1242524367	-0.0201956026	-0.0625001804728242	6.380478980359816e-05	4.071051201881344e-09	0.0039062725591355	0.0350548995619277	-0.0275805109801155	0.0007606845859242	0.0012288459832968	-0.091240942622619	-4.514128936250472e-05	2.037736005309382e-09	0.008324909610664	0.0007249716194821	0.0001911195554661	3.6526684481559676e-08	5.255838490544988e-07	-6.183455079811218e-05	0.0002584115384741	3.823511672404315e-09	6.677652321659665e-08	-0.0009229777173476	-6.344135529997956e-08	4.024805562298245e-15	8.518878667201862e-07
803.6809783370306	-1.0950989532743731	1.1992417174626282	645903.1149407667	1237.6626379752922	-2.294880958638714	5.266478614322544	1531808.8054399593	749.286957554158	0.5089335963798476	561430.9447607666	0.2590134055241256	870.4450507004859	729.4001114168755	0.947038	33.132912	0.0644028503371078	0.0400250279041641	-0.0592631418	0.0602329424	-0.1734748258	-0.0944490564	-0.0688279404	0.0239940061	-0.013504991	-0.0368714189	0.0998615477	0.066441061	-0.0075277345	0.0040916485	0.0055846625	0.0469820182	0.1477388848	0.0503542903	0.1048092286	-0.0966062199	0.0707910261	-0.0336407464	-0.0031222302	-0.0743906023	0.0051687332	-0.1703131425	-0.0460939623	-0.0244776973	0.0226274208	-0.0271232931	0.0634015998	0.1045413897	0.1066823743	0.1553005896	-0.0109320773	-0.1105796107	0.0970635692	0.0529739665	-0.0050625014	0.0679838455	-0.128555373	-0.0740220848	0.0635479911	0.0048520999	0.0226790085	0.0359983803	0.0106055835	-0.1746573963	-0.0855316099	0.0032373757	-0.0110633248	0.0017680244	0.0708328381	0.0394737059	0.0013559655	0.0055189502	0.0200586198	-0.033892578	0.000805195	0.0467519837	0.1081881704	-0.1616600509	-0.1031573896	-0.003742335	-0.0630696185	-0.0444550232	-0.1068045448	-0.0057933522	0.0086258575	-0.0016919601	0.0013891718	0.0675650243	0.0617348829	-0.1000386637	-0.1226328502	-0.0364753676	-0.0632453293	-0.1989466587	0.0395833228	0.0819953147	-0.0358154252	0.1719787587	0.0764711105	-0.0744898499	0.0142160789	-0.1146561734	0.0281088062	0.0700621744	0.0509604771	0.1010011395	-0.1134066385	0.0078552841	0.0340002091	0.0224594562	0.0099584239	0.0505297703	0.0966530168	-0.0149244051	0.0676502906	0.1747167195	0.0215012361	0.0965935416	-0.0657137372	-0.090060476	0.0268189254	0.0603170416	0.0328203578	0.0555528674	-0.0737989223	-0.0339709441	-0.1609005334	0.1034324733	0.0084723025	-0.1043932118	0.0600027572	0.0335647328	-0.0393855969	0.0122011549	-0.0622664521	0.0584630345	-0.0450020103	0.0616337976	-0.0408249769	0.245867887	-0.0195880577	-0.0555082288	0.0621339455	0.0509612127	-0.0888661936	-0.1211199807	-0.0067565429	-0.0625000561723538	1.2430047040268288e-07	1.5450606942328245e-14	0.0039062570215473	0.0130754671714896	-0.0219794323904381	0.0004830954482058	0.0001709678417527	-0.1122537052738721	-0.021012762651253	0.0004415361942378	0.0126008943477133	0.0011529714525748	0.0004279998330926	1.83183857127379e-07	1.3293431704524442e-06	-6.203204256993722e-05	-1.974917718250424e-07	3.847974305398503e-09	3.900299993859461e-14	-0.0009229644223132	1.3295034400001918e-08	1.7675793969723436e-16	8.51863324855939e-07
801.6232942612514	-2.057684075779207	4.234063755715329	642599.9059022609	1237.0174280078386	-0.6452099674536385	0.4162959021015252	1530212.1171951282	748.4844021206484	-0.8025554335096103	560228.9002179045	0.6440952238557985	871.1339958624728	725.2519090808364	0.960179	33.592678	0.1185955349351763	0.0727102125364196	0.0070034965	0.0770500898	-0.1347772988	0.0166382743	0.0991232005	0.0683600321	-0.0651209621	0.0619377399	0.0349192563	-0.0041130168	0.0507410504	0.008221699	-0.0493986687	0.1328811283	0.0509564059	-0.0758737998	0.0548732193	-0.1079550738	0.0465908105	-0.0254142949	-0.0002923609	-0.1283364495	0.0384825187	-0.070748605	0.1702714591	0.0828235245	-0.0159430712	0.0075951735	-0.0506995197	0.0597227758	-0.0436621541	0.1566083536	0.0104776435	0.0560875972	0.0733214157	-0.1491878701	0.0733367257	-0.0007617955	0.0116641382	0.1181508738	-0.045262445	0.0409895335	0.024171387	-0.1116303586	0.0308770474	-0.0572232095	0.1416175896	0.078184972	-0.0885284261	-0.0215719709	-0.0565380662	0.0795809844	-0.1094228619	-0.0075754725	0.0380587256	-0.0677866869	0.0402662719	-0.0141943748	0.0446384449	0.037899389	0.0216739837	-0.137713059	-0.008208015	0.0871964286	-0.0359384323	-0.0267592646	-0.0010562305	0.0130517055	-0.06564157	0.0517024724	0.0758730114	0.0456650392	-0.0374947689	0.0832702474	-0.1327277865	-0.051699657	-0.0274454074	0.0719349367	-0.0035004712	0.0819238278	-0.0735379882	0.0308389868	-0.0227575325	-0.074062903	-0.0277612448	-0.0051287253	-0.1163266023	-0.0605685143	-0.0709175917	0.0051430225	-0.0974429926	0.2503655801	-0.0620733497	0.0302564443	0.0404326054	0.0662340441	0.1520848522	0.0947617439	-0.0014801262	-0.1548295985	0.0226703598	-0.1110712132	0.0016968071	0.033514065	0.007708541	-0.1117143127	0.0630244087	0.0165711684	-0.0515191649	0.1216122624	0.0009336423	-0.111695333	-0.0269130983	0.0722819026	-0.1650204839	0.043357599	-0.0198639976	0.0994367022	0.0143509231	0.0150105652	-0.0123751195	0.0745242244	0.0356992502	0.0901966066	0.0692276759	0.0478387595	-0.0936454286	-0.1172407796	0.0067565429	-0.0765552838338265	-0.0140552276614727	0.0001975494246158	0.0058607114828777	0.0784462784103965	0.0653708112389069	0.0042733429620327	0.0061538185964414	-0.1071798633236085	0.0050738419502635	2.574387213625473e-05	0.0114875231020674	0.0006648821161426	-0.0004880893364321	2.382312003388253e-07	4.420682283662618e-07	-0.0002558070172731	-0.0001937749747031	6.543723008616009e-08	3.754874082121137e-08	-0.0009229156517579	4.87705553000109e-08	2.378567064271421e-15	8.517733002597094e-07
801.42653418756	-0.1967600736913937	0.0387145265990426	642284.4896998843	1235.660500604487	-1.3569274033516194	1.8412519779665688	1526856.8727541314	748.8178320838476	0.3334299631992508	560728.1456467535	0.1111755403590537	869.3800679172662	706.4302286019118	0.980595	34.306927	0.1225491406593487	0.0718934273467291	0.0561260417	0.0724686245	0.1168409443	0.0557840497	-0.0482874363	-0.0567599485	0.0209260043	0.088196309	-0.0875220538	-0.0497268578	0.0479185879	-0.0335946813	-0.0422739461	-0.1231406117	-0.0899033405	-0.0207916139	0.0796985735	-0.0295339167	-0.0456349494	-0.0455106677	0.0651497687	-0.0858918315	0.0292778248	-0.0637495607	0.0292699095	-0.0496193492	0.2989437571	0.0088986369	0.011084559	-0.0032287865	-0.1039442778	0.0082729093	0.0356308598	0.2644637674	0.0138066316	-0.0268477453	-0.1628913708	-0.0361276338	0.0632533875	-0.0022331617	0.0294812145	-0.1626221685	-0.0699251215	0.0246386307	0.0140764941	0.1029846747	-0.0312336417	0.0820415256	-0.0383474006	0.1281774259	-0.0581911751	0.1794540906	0.095329973	-0.082997466	-0.0696996514	0.0153660866	-0.0705121898	-0.0561721559	-0.0473408676	-0.0753431737	-0.0054331145	-0.1531630096	-0.0710248457	0.0450256455	0.0755634327	-0.0129485737	0.0588387744	0.0663897152	0.1153461114	-0.0343998514	-0.0853053759	0.1005586908	0.0287325339	0.0438212836	0.0639699879	0.0097157871	0.0844813653	0.1331607628	0.0896929884	0.1606259445	-0.0864524182	-0.034788731	-0.0466597463	0.1220090465	-0.0352438793	0.1273216724	-0.0456485549	-0.165232527	0.0561169718	-0.066047522	-0.0147581569	0.2321005377	0.0085047286	-0.2355383663	0.0892871504	0.0497137416	-0.0917756059	-0.0042384722	0.0446155844	-0.0791616489	0.1180970905	-0.07512404	0.0688199028	-0.0984820038	-0.0291440637	0.0700522165	-0.0887213844	0.0126379339	0.050846904	-0.0172462685	0.0643936533	-0.0225654384	-0.0138763018	0.0691111186	-0.0808329456	0.0011258862	-0.0396734449	0.0989163043	-0.083591797	0.036928039	-0.0828304846	0.0614295369	0.1107626459	-0.0284017468	0.0107312624	0.0446835199	-0.098167988	-0.1126387502	0.0201956026	-0.0573655917922906	0.0191896920415358	0.0003682442806489	0.0032908111216797	0.0123921603837828	-0.0660541180266137	0.0043631465082738	0.0001535656389773	-0.1004237931570344	0.0067560701665741	4.564448409567265e-05	0.0100849382320468	0.001017783101659	0.0003529009855164	1.2453910557844638e-07	1.0358824420226142e-06	-0.0004170188671013	-0.0001612118498282	1.7390473551845173e-07	2.5989260525030115e-08	-0.0010197880249058	-9.687237314790007e-05	9.384256679305991e-09	1.0399676157412728e-06
802.7740673685637	1.347533181003655	1.8158456739058293	644446.2032394672	1239.1619971604534	3.501496555966469	12.260478131445042	1535522.4552066836	749.5138579390849	0.6960258552372807	561771.0232427308	0.484451991158788	873.3656428210962	719.0985789140226	0.999528	34.969322	0.0595234792689093	0.0346445248521218	-0.0009966009	0.1850876592	0.005483157	-0.0979834153	-0.0519130646	0.027806418	-0.1252802994	0.0788212413	0.1274449142	-0.006786272	0.1543016711	-0.0695630671	-0.041605346	-0.0022376656	0.1189138436	0.0235413291	-0.0157010239	-0.0077087202	-0.166237781	0.0710578379	-0.0733720958	-0.2007896227	-0.1590237284	-0.0196733106	-0.1709496498	-0.0798104019	0.1153238319	0.094015844	0.1428062171	0.0546523755	0.0595676864	-0.0363815242	0.0067448809	0.1036774296	0.0765678483	0.0190916952	0.1607347714	-0.0407686777	-0.0167115809	-0.0392456827	-0.0754133877	0.1782178759	-0.0215514933	0.0476382483	-0.0700984044	0.0136392772	0.0241721967	0.0275720615	-0.1045225582	0.1433334909	-0.0134410386	-0.196205264	0.0191337522	-0.0262690226	-0.0386990343	0.0394351543	0.0658632043	0.0103495992	0.099408369	0.0720831874	0.0945864233	0.0869320421	0.0444799207	0.1240997218	-0.0639971687	0.008123101	0.1971352164	-0.0492252261	-0.0347276831	0.0973761585	0.0264793464	-0.0022156366	-0.1758001043	0.0428400065	-0.0472719411	0.0499717867	0.0789724282	-0.0361127099	0.071260284	-0.0104351264	0.1244770056	-0.0364905999	0.0288657045	0.0326068956	-0.002152258	0.0086125977	0.2213031049	-0.0562032434	0.0568476316	0.1092229664	0.0071209579	-0.0063484841	0.1421682423	0.0869153768	-0.0540129043	0.0192129114	0.0056563184	0.0201765272	-0.045835799	-0.1000548006	0.1909516326	-0.1490885444	0.0084039568	-0.0236596687	-0.0702353654	0.0238469414	-0.0518731682	-0.0430197635	-0.0538374171	0.1195520375	-0.0171851353	-0.1173569099	0.0673256666	-0.0194768466	-0.1394573727	0.1249924003	-0.0543922581	0.1742578139	-0.018937603	-0.048188858	0.0287880573	-0.0270615646	-0.0416871921	-0.0595947113	0.043253586	0.0414976565	-0.1024214758	-0.1073422654	0.033413395	-0.0597615124307111	-0.0023959206384205	5.740435705609295e-06	0.003571438368006	0.0433690824389714	0.0309769220551885	0.0009595697000132	0.0018808773115982	-0.1141271036710946	-0.0137033105140602	0.0001877807190447	0.0130249957923527	0.0010117880015282	-5.995100130799878e-06	3.594122557831671e-11	1.023714960036429e-06	-0.0003481040017738	6.891486532750003e-05	1.2117639605093374e-07	4.749258663107466e-09	-0.0011938245806723	-0.0001740365557664	3.028872274306603e-08	1.4252171294173928e-06
802.1647453865431	-0.6093219820205604	0.3712732777734641	643468.2787410576	1238.956858027448	-0.205139133005332	0.0420820638901793	1535014.0960532462	749.1249455395464	-0.3889123995385262	561188.1840296283	0.1512528545148142	869.8416493513676	711.9087747887573	1.360259	47.589802	0.4584489048775873	0.2815866019894872	-0.0240334035	-0.3036334681	0.1909581193	-0.1095180111	0.1443539352	-0.1148754117	-0.1864031325	-0.1755663059	-0.38160038	0.0513364163	-0.2185482566	0.13318115	-0.1532951106	-0.0987563516	-0.1501656824	0.0331156052	0.0375340621	-0.1366745654	0.1705368037	-0.062588232	-0.3150743174	0.1001823305	-0.0702597562	0.1217523329	-0.129738192	0.0630756559	-0.0345677075	-0.1121847792	0.0030910286	0.023864051	-0.1409740118	0.0109787456	0.1746756965	0.0047623563	-0.11061906	0.0073635259	0.130310556	0.1247151634	-0.1920993059	0.0933215683	0.1389538178	0.1120883717	-0.0198346501	-0.1073952775	0.1107550638	-0.0439771856	0.0663235485	0.0614572882	0.0166552121	-0.0633887484	-0.0269319351	0.0318097537	-0.0001852214	0.0509490808	-0.1236063709	-0.0122391264	0.1033569235	0.0093152028	-0.1042665681	0.0648676761	-0.0425760921	0.148105095	0.2365824616	-0.1998284317	0.3823284161	-0.091061594	-0.2294981856	-0.0078670284	0.112257954	0.2027035266	0.0141331174	0.062510387	-0.0980678841	0.0779501308	-0.0082720389	-0.0600175694	-0.0943901473	0.0183700897	-0.1712979022	-0.145423071	-0.1575120452	0.2009466379	-0.0951767631	0.0256204569	0.0459146069	0.110958313	0.1186398065	-0.0657822992	-0.1622757134	0.0307386796	-0.0258060171	0.0191586665	0.1905043216	-0.041000723	-0.0191656166	-0.1273221175	0.0424041488	0.1379804528	-0.0778942361	-0.075921315	0.0329866982	0.2194866108	0.2653349937	-0.1597721366	0.1568622416	-0.3936438685	-0.2624306968	0.0127356974	0.0368860475	0.0480338972	0.0211667024	0.2955131417	0.0273081179	0.0487568672	0.0775702553	0.0613829349	0.1420638646	0.0301298158	-0.0457987584	-0.1917239026	0.0183298898	0.0801215639	0.0356891515	-0.1535293716	-0.0112973636	0.0382833527	-0.1063942335	-0.1013839798	0.0462651033	-0.036923531608906	0.0228379808218051	0.0005215733680171	0.0013633471864738	-0.0150338343234324	-0.0584029167624038	0.0034109006863562	0.0002260161744644	0.1228769267636238	0.2370040304347184	0.0561709104423009	0.0150987391308729	-0.0004921368889362	-0.0015039248904644	2.261790076158358e-06	2.421987174518017e-07	-0.0013782738787868	-0.001030169877013	1.8996388849460109e-06	1.0612499755049797e-06	-0.0009238398109765	0.0002699847696957	7.289177586769415e-08	8.534799963450952e-07
802.5862342035613	0.4214888170181439	0.1776528228713544	644144.6633330537	1235.7239088010958	-3.232949226352275	10.451960700171774	1527013.578782659	749.4357607719928	0.3108152324464299	561653.9595238956	0.0966061087207282	867.8615188598633	712.0564675047227	1.129666	39.52232	0.2881523569623948	0.1586682898841784	-0.047173074	-0.2180553069	0.0030059768	-0.0443336516	0.0394039242	-0.1884859223	0.2120941219	-0.2324415537	-0.1351914556	-0.0093914876	-0.2930365472	-0.3725947475	0.2409177136	0.1775455493	0.1894748976	0.0527476457	0.2989388019	-0.0322713679	0.1748031329	-0.0686537902	0.1363423259	0.085964161	-0.0048738389	-0.137821059	0.0858319231	0.0396977976	0.1374803909	-0.1442466154	0.0139825494	0.082054583	-0.0809667054	0.0467228215	0.0586374121	-0.0457031613	-0.1506060848	-0.1535819466	-0.0084593027	-0.0291401447	0.0143494431	0.067161095	0.0520061038	0.0749854907	-0.0773527626	-0.0199347749	0.1143045823	-0.0134150783	-0.0595010825	0.1509617798	0.0747644489	0.0599997962	0.1334816499	0.0064603148	-0.1015429666	0.059413699	-0.0141040171	-0.0776292097	0.1888001868	-0.206376299	-0.0934492901	-0.0716686434	-0.2956264597	-0.0799373293	0.0858223319	-0.2437864029	0.0220314244	-0.1466472826	-0.0217588827	0.2894313257	0.1064867569	-0.2611896295	0.0929467134	-0.3755756181	-0.126283031	0.025561693	0.1060320263	-0.1050050103	-0.0652117133	0.1384656179	-0.1595523646	-0.1131535811	-0.076146465	0.0486331174	0.0362960911	0.160531263	-0.1450743644	-0.0210714977	0.0154519225	-0.0562425574	-0.0337198531	0.1280894933	0.0608399847	0.0445058157	-0.0838272619	0.1098699631	0.0974395346	-0.0482953971	-0.0359107271	-0.0084448485	-0.0476010298	-0.0689730352	0.0205960272	0.1942129266	0.2756300036	-0.0893415765	0.0772124022	-0.0262352123	-0.2635414501	0.2003894236	-0.2160552438	-0.0196529028	0.0033655958	0.1049017434	-0.0779305712	-0.0747112333	0.1206434147	-0.1201483155	0.0248310954	-0.1510295508	-0.0163167899	0.0936166835	-0.0386635922	0.0921238474	0.003459569	0.0519320155	0.0199021598	0.0350428114	-0.1100753719	-0.0948006283	0.0586099215	-0.0222253075600349	0.014698224048871	0.0002160377901908	0.0004939642961381	-0.111980763667006	-0.0969469293435736	0.0093987071091478	0.0125396914314458	0.0051195109113137	-0.1177574158523101	0.0138668089882138	2.6209391971060027e-05	-0.000578156175825	-8.601928688879994e-05	7.399317716857669e-09	3.342645636445883e-07	-0.0008433937829546	0.0005348800958322	7.11313073126471e-07	2.860967169174634e-07	-0.0003697434393447	0.0005540963716318	3.070227890555259e-07	1.3671021093844785e-07
801.4130246048537	-1.173209598707558	1.3764207624995497	642262.8360062998	1235.6948522112973	-0.0290565897985288	0.0008442854107199	1526941.7677814998	749.4857740967235	0.0500133247306848	561728.9255733648	0.0025013326506169	872.8114113259521	716.0097884131008	1.150552	40.253029	0.3346063502169899	0.1765460235326775	-0.0047661867	-0.0044071137	-0.036418183	0.1709057829	-0.0969017519	0.0179573406	-0.0103100847	0.0760775588	0.0902357873	-0.1979888561	-0.0070166203	-0.1351003937	-0.024297845	0.1583805164	0.2075430638	0.1726601567	-0.0234017223	-0.0136924302	-0.0060893593	-0.0376288611	-0.0521750419	-0.1030434486	-0.0548795582	-0.0687087005	-6.77908e-05	-0.0040496532	0.0331174075	-0.0037812562	0.0871778818	0.0300208897	0.0184812049	-0.0285747053	-0.0982653436	-0.0069486618	-0.1678889187	0.094684877	0.0631033464	-0.044958189	0.0367064675	-0.0415133387	-0.1555686204	-0.0411790619	0.1873291361	0.0056140961	0.0486876933	-0.0890985112	0.0507960549	-0.0319732681	0.1121773097	-0.0301531215	0.1208315235	0.0491736707	0.0221899979	0.1079151715	0.0432702281	0.0444812715	-0.1255585305	0.0543810444	0.0606464374	-0.0859961772	-0.1022801566	-0.0133002942	-0.0046569694	0.0982841417	-0.0479078836	0.1429802942	0.0814818698	0.1628585335	-0.0370113735	-0.0477650772	0.0685482225	-0.0877177113	-0.108531498	0.0959673338	-0.1116703281	-0.0909704936	0.1090288862	-0.0827811831	0.0068200962	-0.0769821199	0.0437200027	-0.1644265282	0.0585298395	0.0876552781	-0.0708689002	-0.0706807453	0.0270394894	-0.058005988	0.1815269268	0.0290050744	-0.1325561603	0.0499010871	0.1634082434	-0.0733885151	0.1386313394	-0.1168364229	-0.0113620343	0.1126801751	0.0223297751	0.1393595738	0.0020735925	-0.0081130144	0.1217157238	-0.0365030314	-0.0404399013	0.0593388794	-0.0710379141	0.0900680916	0.0524091439	0.1761536686	0.0089057706	-0.0596492658	0.0713259329	-0.0662816431	-0.0796579996	-0.0370411072	0.049663075	0.1511881328	-0.0826428227	0.1306012013	0.1153081035	-0.0291825057	-0.0268599231	0.0533664251	-0.0165564125	0.0317782535	-0.1134548014	-0.0876327994	0.0703125971	-0.0142461391293124	0.0079791684307225	6.366712884583855e-05	0.0002029524800917	0.0159698344376977	0.1279505981047037	0.0163713555553514	0.0002550356119674	-0.074677932052495	-0.0797974429638087	0.0063676319035623	0.005576793535637	0.0008093133350338	0.0013874695108587	1.9250716435627574e-06	6.549880742635318e-07	-0.0004058733404328	0.0004375204425218	1.6473316847407957e-07	1.914241376244717e-07	-0.0009223363003192	-0.0005525928609745	3.053588699999831e-07	8.507042508865095e-07
799.4236904267982	-1.9893341780555147	3.9574504719798105	639078.2368156012	1230.331677664217	-5.363174547080234	28.76364122244928	1513716.0370640468	749.1934709805774	-0.2923031161460585	561290.8569599254	0.0854411117086961	869.6277096940502	702.4575427312302	1.04469	36.549343	0.1851229954825509	0.0862303528028494	0.0804491898	-0.0420678319	0.0640857941	-0.0756334603	-0.0319883224	0.0396420288	-0.1047813282	0.0524095826	-0.075418394	0.0840276139	0.0035507083	-0.085447763	-0.1594328012	0.0024357119	-0.0636817388	0.0610908279	0.0046013985	-0.0079102386	0.0526152351	-0.0260403859	-0.1054680271	-0.153083736	-0.0660913535	0.1745484224	0.1946916405	0.0709858594	-0.0033568674	0.0896511369	-0.1044632038	0.1633268156	0.0136106103	0.0168362503	0.0779762389	0.0654434819	0.0512002876	-0.0773881156	0.0042053697	0.0740972359	-0.0326446757	0.0558259735	-0.1685068926	0.1189772523	0.1326779443	-0.0179576981	0.1281525153	0.0962936421	-0.0038897446	-0.0945142925	-0.1121355521	-0.0705604304	0.0831610716	-0.0691518034	-0.1057994905	-0.1148961162	-0.048289543	-0.0750278407	-0.1127885777	0.1749557849	0.0509800292	0.0651719963	-0.0970519746	-0.0171656956	-0.0497078715	0.0327638697	0.0948830233	-0.0912048244	0.0494029438	0.0236898356	0.0005271913	0.0996676423	-0.0017661009	-0.0084528134	0.060800996	0.1072045164	-0.078350922	0.1100197114	-0.0952568416	-0.0483478007	0.0194719235	0.1030155881	-0.0763832239	-0.0435418032	0.0686011644	0.0629204595	0.0061278191	-0.3151485824	0.0220725382	0.0890366482	-0.0465160215	0.1219818742	0.0731427891	-0.0375528054	0.0262322937	0.1148141157	0.1329894585	0.0813541796	-0.0882377586	0.0596434959	-0.0002559422	-0.0744856455	0.1377546756	0.0053641965	0.1128250213	-0.0933521609	-0.0638380723	-0.1152721831	0.0119607765	-0.1080074404	0.0247888987	0.046744193	-0.0573351091	-0.0505634894	-0.0433421152	0.128333809	-0.0395275297	-0.0986665709	-0.0012404676	0.0715258132	0.0923898557	0.1049280115	0.1792799787	0.1076471056	-0.1157490149	0.0023277331	-0.0434691561	0.0284919163	-0.1165232592	-0.0799246852	0.0812449131	-0.0379852784596721	-0.0237391393303597	0.0005635467361462	0.0014428813796588	0.0707672740994809	0.0547974396617832	0.0030027593934867	0.005008007083471	-0.0417193570695815	0.0329585749829135	0.0010862676649043	0.0017405047542992	5.965021013509646e-06	-0.0008033483140202	6.45368513639243e-07	3.5581475691611636e-11	-0.000133001578586	0.0002728717618468	1.768941990636793e-08	7.445899841337673e-08	-0.0005259995460364	0.0003963367542828	1.570828227954246e-07	2.7667552243049885e-07
799.0394165101541	-0.3842739166441333	0.1476664430130223	638463.9891368875	1229.94867524388	-0.3830024203371067	0.1466908539840818	1512773.743734175	748.486603331095	-0.7068676494824331	560232.19536612	0.4996618738848198	870.3828683860222	694.5112933265693	0.983736	34.416828	0.1835926480291673	0.0951019214573897	0.1304312784	0.0077403499	0.0321778928	0.0349184154	0.0848079285	-0.0812461557	-0.0647526035	0.1565052078	-0.019496224	0.0450066812	-0.05417718	-0.1408494033	-0.0344557022	0.0055014137	-0.0144852843	-0.1483549268	-0.0085986029	-0.0754381035	0.0056403935	-0.0973813522	-0.062461827	0.0171620887	0.1625026332	-0.0022791549	0.0541868456	0.0537505574	-0.1067202718	0.1142716797	-0.0164398086	0.0434965561	0.1455418957	0.239078354	0.0086450466	-0.0915515777	0.0142440128	0.0363505166	0.0164463513	0.0583934518	0.044763346	-0.0173811382	-0.0069928432	0.0196429528	-0.1293481917	-0.1394664206	-0.1300138716	-0.0538949352	-0.020507803	-0.0170997234	0.0689081127	0.1606960496	-0.0050270588	-0.0350067371	-0.0491135988	0.0393165543	0.0460941056	0.0436225884	0.0269782323	-0.0627779247	-0.1750785063	0.168806027	0.0372185699	0.0531192428	0.015176325	0.1629713058	-0.0161156335	-0.0385954993	-0.0956615328	0.0737239716	0.025159257	-0.0095881347	-0.0190260131	0.0118258539	-0.0600364615	0.0352313094	-0.1550508599	-0.0815919424	-0.0890353017	0.0470466465	-0.0237035419	-0.0762731935	-0.0898984002	-0.0434649802	-0.0458070052	-0.1592835865	0.0089852638	-0.065455952	0.1377442358	0.00403625	0.0311957897	-0.0330008953	-0.1015407745	-0.1213821534	-0.114082951	0.0353274423	-0.0619720318	0.0629737486	-0.0796551944	-0.0161297301	0.0079523965	0.0736801752	0.0591729686	-0.0337115343	0.0246518901	-0.1318038188	-0.0358931508	-0.0231186347	-0.0348926089	0.1162843753	0.0002039547	0.0080137759	-0.0676986847	-0.0117664628	0.0488938775	0.1159597174	-0.1086811715	-0.0692186934	0.0019314766	0.0666390409	0.0088328465	0.0394982296	0.0498444845	0.0723335036	-0.0066669913	-0.0234265094	0.0123427299	0.0251860523	-0.1192723348	-0.0717238087	0.0912870929	-0.043877035059296	-0.0058917565996238	3.4712795829211744e-05	0.0019251942055946	0.0086503198198073	-0.0621169542796736	0.003858516008983	7.4828032984951e-05	-0.0725383091535718	-0.0308189520839903	0.0009498078075552	0.0052618062948591	0.0009551003794549	0.0009491353584413	9.008579286436664e-07	9.12216734834894e-07	0.0002160589853263	0.0003490605639123	4.6681485140230327e-08	1.218432772787729e-07	-0.0009231033250003	-0.0003971037789639	1.5769141126740998e-07	8.521197486266095e-07
797.4143923851738	-1.625024124980314	2.640703406768035	635869.7131830158	1235.4325818642178	5.483906620337848	30.07323182058528	1526293.6643316871	748.3795388459731	-0.1070644851218958	560071.9341633114	0.0114628039744166	872.744752947568	684.3999901279792	0.965566	33.781128	0.0806042115672381	0.0472084658407628	0.2064827327	0.0675914303	0.1380392994	0.0546857838	-0.0381248086	0.0376281643	-0.0178001821	0.1736271444	-0.1336516801	-0.0825913396	0.0591920374	0.028118319	-0.0345673473	-0.1289442852	0.0012904673	0.0843041939	0.013397363	-0.0016463063	-0.0245763164	-0.0994845358	-0.095096659	0.0775364216	0.081393256	-0.0224357485	0.0078014793	-0.1188459947	-0.1230225067	0.1224002584	0.025077943	-0.0049152409	-0.1263258512	0.0488743736	0.1096170936	0.0859729635	-0.0750401504	-0.0663857504	0.0847946415	0.1611173026	-0.0738892224	-0.0128641382	-0.133908548	-0.0689556321	-0.1169379609	-0.1113452613	0.0163559556	0.1413228027	0.0285579776	0.0165737954	0.1580695726	-0.0109259485	-0.0692064099	0.1152537069	0.0777631727	0.0756239476	0.0281812928	0.0581785607	-0.0527495301	-0.0575086835	0.0669243916	-0.062750283	0.0545427504	0.1163164972	-0.0677338802	0.20414024	0.1656557953	0.0255195851	0.0325865649	-0.0249282566	0.0122432939	-0.0422634008	-0.0447133763	0.1089497307	0.045869874	0.0558717151	-0.0271672169	-0.1184267517	-0.1046030077	0.1514261944	-0.1040282301	-0.065447651	-0.0291509912	-0.049020079	-0.0300571414	0.0367581033	-0.0305951192	-0.0250932029	0.0783019755	-0.0224133688	0.1274716676	-0.0573224401	-0.0322366561	-0.0109370629	-0.0042048625	-0.0198687987	0.1550199849	-0.0248978069	0.0515802784	-0.0946093966	0.0711286642	0.0251680762	-0.1031259039	-0.103956928	-0.0478540022	-0.1868280624	-0.0440903026	0.0219045119	-0.0236349326	-0.0397405138	0.1001786347	-0.0456412253	-0.0654400255	0.0219505571	0.0032537369	0.0591696065	-0.0439320529	-0.0909064353	0.0043791033	0.0347204392	-0.011815738	-0.0623809239	0.078241534	0.0670121399	-0.0020576811	-0.0624237195	0.0399741282	0.0218629269	-0.1216944932	-0.063080731	0.1003291122	-0.0488811904571235	-0.0050041553978274	2.5041571245606068e-05	0.0023893707805055	0.0494934470797687	0.0408431272599614	0.0016681610443734	0.0024496013038378	-0.083791000247686	-0.0112526910941141	0.0001266230568595	0.0070209317225077	0.0012511807330604	0.0002960803536055	8.7663575791158e-08	1.56545322678156e-06	0.0003899225344075	0.0001738635490811	1.5203958283876805e-07	3.0228533699110845e-08	-0.0009232441786203	-1.408536200000251e-07	1.9839742267111467e-14	8.523798133562725e-07
798.8169943725463	1.4026019873725772	1.9672923349815032	638108.5904983887	1234.4838743651042	-0.9487074991136524	0.9000459188744807	1523950.4360674785	748.7817570739418	0.4022182279686603	560674.1197267396	0.1617795029102492	869.9312902292598	684.2386225287537	0.96524	33.769726	0.0959767181881048	0.0606142871650123	0.179546872	0.1464609185	0.0605147296	-0.1467494383	-0.0505131685	-0.0508840207	-0.0314307507	0.1010625325	0.0173624546	0.1175264552	0.0881588483	-0.1062718085	-0.0209704405	-0.0465979874	-0.1057663908	0.0953756722	0.0567182581	-0.0639734755	-0.0466715356	-0.0190100079	-0.1269492086	0.0599848409	0.0193945835	0.0180583946	0.0918884645	-0.1983702175	0.1465100425	0.1144387257	0.1525978799	0.0060917029	-0.1791965722	0.0575692778	-0.019183074	-0.1387970083	0.1130822223	-0.1502598076	0.0030201924	-0.1044548692	0.0806259977	0.0356319414	-0.0022862354	0.1202229661	-0.0722690205	0.0320116545	-0.0797244515	-0.0053503191	0.0866103295	0.0495952247	0.011414678	-0.1548917459	-0.075075257	-0.1341742137	0.0106846423	0.0246318829	-0.0459792951	0.0887255964	-0.0341644631	0.098820921	0.123835673	0.1148210823	-0.0924402089	0.0157518458	-0.2385723651	0.1482664361	-0.0563793929	-0.1614229391	0.0591252824	-0.0291867438	0.1255822872	-0.0049358496	0.076368591	0.0956621299	-0.0098837157	0.0487923778	0.1336432938	-0.0784848468	-0.0815698004	-0.0220215472	-0.0641854153	-0.0292985977	0.0969453509	-0.0688494822	-0.0991443831	-0.0576005272	-0.135178387	-0.0983391984	-0.0791741241	0.0544857667	0.1320266254	0.0081207794	-0.0504365351	0.0607737071	-0.0887794763	0.1401527478	-0.0936140706	-0.093629084	0.0493349915	-0.0246575443	-0.0457485039	-0.1434237548	0.193259185	-0.1627093256	-0.1079917913	-0.120350626	-0.0585540029	0.0193070305	-0.079856925	-0.0933808322	-0.0138268302	-0.0609566504	-0.091120295	0.0627990935	0.0597014654	0.0645100447	0.0584147204	0.0983085159	-0.0408285087	-0.0040495976	0.0500710084	0.0222684863	0.0479455294	-0.0889979783	0.0367067083	-0.007075961	0.0239992167	0.0185248178	-0.1237830955	-0.0540487397	0.1082719048	-0.0548543241194749	-0.0059731336623514	3.567832574831547e-05	0.0030089968746044	0.0540104851846621	0.0045170381048934	2.040363324105896e-05	0.0029171325098826	-0.128489578263796	-0.04469857801611	0.0019979628766622	0.0165095717224081	0.0017718178030849	0.0005206370700244	2.71062958683696e-07	3.1393383273286013e-06	0.0006841819270917	0.0002942593926842	4.6810490935891246e-07	8.658859018287424e-08	-0.0009241070840066	-8.62905386300023e-07	7.446057057055919e-13	8.539739027111813e-07
801.8785479952475	3.061553622701126	9.37311058467439	643009.2057349664	1237.2143999826017	2.7305256174975057	7.455770147810135	1530699.4715243091	751.2032870664203	2.421529992478554	564306.3784993947	5.863807504473186	872.3621951458039	698.6503826722608	0.994614	34.797398	0.1514142128654148	0.0733227405662244	0.0968935028	0.0149809889	-0.1193463496	-0.0705747267	0.0371820518	-0.109040087	0.0366976796	-0.0095070841	0.1280139922	0.1684410116	-0.0958301487	-0.0080349114	-0.0172890752	0.0020497954	0.0651545353	-0.066995742	-0.1271805749	0.0983343576	0.1340914315	0.0132985365	-0.0162289994	-0.0484827483	0.1873249391	0.0642857801	-0.0989257451	-0.0737067143	-0.0334385496	0.0204226685	0.0234835168	0.0956760052	0.0362542646	-0.030355846	-0.0022049856	-0.0151292686	-0.0352459026	0.0451889469	0.065277898	-0.0096530987	-0.0604092728	0.0892352789	0.203999656	-0.02355716	0.2187064924	0.0472628554	-0.0178112375	0.0426141836	-0.0471403674	-0.0722876241	-0.1038327218	-0.0283836839	-0.0325618545	0.0753831708	0.1282133147	-0.1420528262	-0.1285159248	0.1474115427	-0.0554075464	-0.035977643	-0.0985907785	0.0171496138	-0.1829897204	0.0056345256	0.0132249239	0.0190382034	-0.137596098	-0.1417498528	-0.0157466389	0.0772211484	0.0036746268	0.0789342539	-0.0347299704	0.0760843994	0.0313648225	0.0604483698	-0.0324562577	-0.0090476081	0.0130301282	-0.1199070948	-0.0880865321	-0.0531110665	-0.0041033284	-0.016401097	0.1361335951	-0.0333837437	0.1462874314	-0.013408398	-0.0629904902	-0.0065981747	0.0103880805	0.1933395525	0.1243811097	0.0781437501	0.004844806	0.0582315512	-0.1656339345	0.0025190456	0.0328506667	0.1591487078	-0.0115729889	0.0224003524	-0.1604139706	-0.0971600188	-0.0596572606	-0.0480911535	-0.0299683332	-0.1157942273	0.0141948159	-0.0394152899	-0.0264357512	-0.067873231	-0.1016078862	-0.005772292	-0.1266538655	0.1145458431	0.015997566	0.0779993781	0.0261544632	-0.177906023	0.1531229651	-0.0034502658	-0.1313079446	-0.0046827502	0.0403833738	0.0103423566	0.0337643103	0.0151740128	-0.1255324169	-0.0446835199	0.1150284477	-0.064999442544817	-0.0101451184253421	0.0001029234278642	0.0042249275311369	0.0941596024020441	0.040149117217382	0.001611951613335	0.008866030724511	-0.1026324355635353	0.0258571427002607	0.0006685918286216	0.0105334168297032	0.0010020710481594	-0.0007697467549254	5.925100667183377e-07	1.0041463855592788e-06	0.0002161709456665	-0.0004680109814252	4.67298777503489e-08	2.1903427873457895e-07	-0.0006566081299087	0.0002674989540979	7.155569044347042e-08	4.311342362622003e-07
803.7979179637157	1.9193699684682315	3.68398107585774	646091.0929228042	1243.2601496469083	6.045749664306641	36.55108900346386	1545695.799700053	751.2454046115841	0.0421175451638191	564369.6579500227	0.0017738876106263	873.7371848192439	709.5203910388811	0.998653	34.938713	0.0971258892149224	0.0530045532141685	0.0436368219	0.0500166474	0.0556931982	0.1213363138	0.0055793816	-0.0857193621	0.0506574595	0.0449800966	0.0949259401	-0.1600040832	-0.0411630961	0.0258992109	0.0426981512	-0.1021312343	-0.0445512308	0.0303528606	-0.1053480997	0.1115750751	0.0939372702	0.0669883234	0.0185154528	0.0690200844	0.0551975076	-0.0806910939	-0.0936436984	0.0022695834	0.0146244523	0.0647586003	-0.0199421586	0.0006489342	0.0953969558	-0.0276586823	0.0822285722	0.0947954545	0.0157198885	-0.0786938346	0.0755782745	0.0626290462	0.0790193983	-0.007231026	0.1752227454	-0.0917960328	0.0284497022	-0.0298984366	0.0949021026	0.1642675462	-0.0783186584	0.0293914086	0.1277071953	0.1018212184	0.0774991618	0.0302382471	-0.0827751075	-0.0154365619	-0.0090787703	0.0690439766	-0.0484270397	0.2068508844	0.0147190499	0.0186928603	0.1026211941	-0.1488108373	-0.129006076	0.0381732227	-0.0124448649	0.1330483622	0.0001706017	0.0308365951	0.0916265037	-0.0284773233	-0.0585820606	0.0972700894	0.136386259	0.0310298378	0.0269311288	0.0082873516	0.022500753	-0.0413421361	-0.0650332751	0.1349171812	-0.12209042	-0.0781532468	-0.072496741	0.1585554462	-0.0080732689	0.0075625519	-0.0967548681	-0.2586088201	0.0362236867	-0.0764825847	0.0489359179	0.0275379406	0.0018457018	-0.083419827	-0.0951641775	0.0146696753	0.0758470714	0.0843120033	-0.0729810062	0.1503559152	-0.1763534407	-0.0546643189	-0.0401855634	-0.0613841281	-0.0498680326	0.0228190558	0.0064874941	0.0621137876	0.1852104941	-0.0922114271	-0.0835537168	-0.0347528983	-0.0496109961	0.0234740907	0.0149727165	-0.0142742093	0.045306467	0.0731813715	-0.0849827037	0.0183541276	-0.2086496499	0.1893749792	-0.0607273775	0.0659512511	-0.0189241142	0.0118128082	-0.1269376627	-0.0350428114	0.1205247148	-0.0550151537464671	0.0099842887983499	9.96860228088553e-05	0.0030266671417474	0.0468195295168385	-0.0473400728852056	0.0022410825007765	0.0021920683441781	-0.1120532518604022	-0.0094208162968669	8.875177969931305e-05	0.0125559312524907	0.0006051062514643	-0.0003969647966951	1.5758104981518213e-07	3.661535755611768e-07	0.0003608212056349	0.0001446502599684	1.3019194243582278e-07	2.09236977089257e-08	-0.0005906089618822	6.599916802650001e-05	4.3558901801901816e-09	3.488189458555701e-07
802.9104256642919	-0.8874922994237977	0.7876425815365398	644665.1516404144	1242.5945956681546	-0.6655539787536782	0.4429620986348515	1544041.3291837047	751.7856992656496	0.5402946540654057	565181.7376203417	0.2919183132116564	873.2274870100363	712.0918529137113	1.036022	36.246105	0.0810395005411991	0.0460660986033981	0.0089461783	0.1045629943	0.1307291541	-0.1360524669	-0.0873011695	-0.11173578	-0.0991160824	-0.0442822349	0.0325616976	0.095418738	0.0713751167	0.0762694015	-0.0813135945	-0.1236848426	-0.03048967	0.0821697053	0.0555507887	-0.0880156904	-0.0454018364	-0.1901281018	0.0376732864	-0.075598862	0.1474946114	-0.0613573191	0.0161785547	-0.0538151447	-0.0744688491	0.1187627649	-0.1800185997	-0.0264950169	-0.150701947	-0.1221094248	-0.0859744733	0.1585854073	0.003719911	0.0578583266	0.1756576245	-0.1152108034	-0.1392518237	0.0748720242	0.0116175469	-0.2296052367	0.0967440078	-0.1254912123	0.0103224469	-0.1170700493	-0.0240260169	0.0210551102	0.0261682216	-0.0689294556	-0.0018086135	-0.0363684709	0.1973184907	0.0928781516	0.1292960316	-0.0269147016	0.0713613494	-0.1352432997	0.0556303579	0.0697437486	0.1230107056	0.022939428	-0.0389157419	-0.0003747208	0.0362030724	-0.1367589772	0.1830366527	-0.0188234077	0.0069774915	0.0905919452	-0.1288088687	-0.0071527413	0.0377653323	0.17253145	-0.0550686035	0.1156923181	-0.1741122869	0.0161998424	-0.0521802552	-0.1106586411	0.1882495403	0.0245894582	0.034460316	0.057657139	-0.0094969924	0.1019789911	-0.0790108864	0.0093466023	0.0717863536	-0.1154070545	-0.0892531999	0.0241119717	0.1912592351	-0.079795479	-0.0645811968	0.1001884722	-0.0393905324	-0.0466116575	0.0788390905	0.0713668867	-0.1423459101	-0.0765345916	0.0161282891	-0.0163188484	-0.1043888772	0.0268550317	-0.06629813	-0.1515264267	-0.0263896599	-0.1286821169	-0.0653430549	-0.0398811657	0.07709563	-0.0846892684	-0.1102273796	-0.0024721057	0.0062710997	-0.2718585122	0.1616351005	0.0071139637	0.0450927863	-0.06784063	-9.41095e-05	-0.2319480544	-0.1466395461	0.0084435077	-0.1279949812	-0.0251860523	0.124700488	-0.0356155675844576	0.0193995861620095	0.0003763439432572	0.001268468654363	0.0638937606410792	0.0170742311242406	0.0002915293684839	0.0040824126488595	-0.1196233840909712	-0.007570132230569	5.7306901988299606e-05	0.014309754021376	0.0013026155649511	0.0006975093134868	4.86519242400827e-07	1.6968073100528735e-06	0.0003670923644158	6.271158780900017e-06	1.347568040123825e-07	3.9327432455259386e-11	-0.0006267395101021	-3.613054821989992e-05	1.305416514670513e-09	3.928024135230202e-07
804.5560337009628	1.6456080366708647	2.708025810355738	647310.4113646247	1239.422680674923	-3.171914993231667	10.061044724287845	1536168.581371412	750.3896256999867	-1.3960735656628458	563084.5903581661	1.949021400742572	872.4964518977331	710.8022571721543	1.003159	35.096352	0.1855406224165788	0.096079402210498	-0.037221645	0.044044522	0.1625051142	-0.0646270769	0.0996767708	-0.2088518302	0.1591584816	-0.0480900129	-0.0301743476	0.02131851	-0.0030902977	-0.1793864659	-0.1069473225	-0.0418244317	-0.041997442	0.0478046377	0.0901832733	0.1297177078	-0.0463593347	0.0727845736	0.0734455506	0.1900072042	0.0944087047	0.0416695283	-0.0544727908	-0.0882251549	-0.025703913	-0.0092535006	-0.1357979399	0.1798166148	-0.0747315058	-0.1026232756	0.0632325231	0.0010080291	0.0384372915	0.046220149	0.0138905687	-0.0236979807	0.0855234935	0.0262525423	-0.0676010968	-0.017296909	-0.0651207433	0.0055412922	-0.0483982369	0.0689512936	-0.0598142464	0.0609279049	0.0399841989	0.054359861	0.1274217836	0.0793668696	-0.0441367089	-0.1488096926	0.0248038267	0.0336455373	-0.0119413109	-0.034157248	-0.0248149585	0.0766036366	0.1131605606	-0.0388959982	-0.1484328107	-0.0269265502	-0.0469895173	-0.0791768925	0.1003766568	0.1342007232	0.0412985987	-0.1243500615	-0.0210368465	0.0201192276	0.0392273156	0.0865005657	0.0660544498	0.1542600279	-0.2112644862	-0.0229500262	0.0042453092	-0.0057485011	-0.0333076073	0.0674831793	0.1051944505	-0.0198729772	-0.0223623767	-0.0123458358	-0.0669384908	0.057385903	-0.0410514547	-0.0796320353	-0.0190128276	-0.0177817971	-0.0075874641	-0.0783366077	0.0180592217	-0.1322623436	0.0153634912	0.017213545	-0.1242559223	0.0875175618	-0.0339749016	0.0115963992	0.0760381144	-0.004879258	-0.1898404032	-0.0711201737	-0.0578324234	0.0451787202	-0.0162883255	-0.2052787304	-0.1205712039	-0.0546586305	0.0675567354	-0.0525224842	-0.112008606	0.027208658	-0.0553168586	-0.2063979656	0.0485565481	0.1035074835	0.0214317499	-0.1200385922	0.101396029	0.0611689967	-0.197425457	0.0050684204	-0.1287014744	-0.0151740128	0.1275100165	0.0142112831998986	0.0498268507843562	0.0024827150590864	0.0002019605701877	0.0310911070996411	-0.0328026535414381	0.0010760140793596	0.0009666569406813	-0.0979938925557917	0.0216294915351795	0.0004678349040704	0.009602802978236	0.0009179113591472	-0.0003847042058039	1.4799732596320948e-07	8.4256126325146e-07	0.0003167585256746	-5.033383874120004e-05	1.0033596358754621e-07	2.533495322425129e-09	0.0005638549764649	0.001190594486567	1.4175152314437382e-06	3.179324344842329e-07
806.4069392882893	1.8509055873265647	3.425851493196697	650292.1517323067	1245.4508822566677	6.0282015817447245	36.3392143101496	1551147.9001139118	751.7872114472586	1.3975857472719326	565184.0112956451	1.9532459209776465	873.9517477198201	736.9357549088032	1.043132	36.494843	0.1765916125727003	0.082800680873046	-0.119926006	0.1256908875	0.177917657	-0.0720705967	0.0048976469	-0.0250850783	-0.0452310195	-0.0771047297	0.065967659	-0.0914615957	0.1377815815	-0.0957958843	-0.1451533173	-0.0165590439	-0.174463064	0.003530725	-0.0034500104	0.0090453663	0.0557429208	0.0998897959	0.0136747855	0.0566395687	0.0012773941	-0.1114950384	0.1076134374	-0.052363328	-0.0188618421	-0.1092561292	0.1676178646	-0.0189098151	0.1016605726	-0.0844074404	0.0641382316	0.0094431727	0.0100028002	0.0708742663	-0.0451232498	-0.1185475373	0.0475410334	-0.0724393803	0.0101872716	-0.009297497	-0.0101309674	0.1105187247	-0.1112973865	-0.1279440976	-0.0408965166	0.0312463361	0.0666326417	0.0541155814	-0.19064997	-0.0614630029	0.0907451166	0.0656670694	0.009005041	0.1493858784	0.036912694	-0.1917790325	0.1078214419	-0.0023184756	0.0195271631	0.0745469414	-0.1681102617	-0.0534039211	-0.0132113001	0.073528428	0.0683242566	-0.031665046	0.0962324976	0.0530913183	0.1282383783	0.1461363662	-0.0083821001	-0.0002708492	0.0704783343	0.1679502237	0.1334513278	-0.051216116	-0.1118483734	-0.0173977447	-0.0136902788	-0.1553481008	-0.0927948757	-0.014599807	0.012159444	-0.2234477176	0.1117240949	-0.0438707248	-0.1942233643	-0.0770286445	0.0069162998	-0.027267049	-0.0553919614	-0.1169583951	-0.0627412869	0.0221696259	-0.2183259176	-0.0622689694	-0.0795057597	0.0706765148	0.0002531385	-0.0384203248	0.0036445463	0.0894110398	-0.1700258707	-0.0583607351	-0.0534741239	-0.0755839592	0.064679635	0.0420062519	-0.1755004075	0.022343903	0.1760445539	-0.0812137578	0.0290984736	0.0053453032	-0.0487987213	0.0156652407	0.0392304795	-0.0227426467	0.0776314893	0.0109363891	-0.2246440963	0.150307865	-0.0011979596	0.0016898595	-0.1290552057	-0.0050684204	0.1289225186	-0.0109111024991506	-0.0251223856990491	0.0006311342632117	0.0001190521577469	0.0904438834355261	0.059352776335885	0.0035227520587775	0.008180096050899	-0.1294036197747345	-0.0314097272189427	0.0009865709639683	0.016745296810804	0.0013139767129849	0.0003960653538376	1.5686776451058245e-07	1.7265348022666025e-06	0.0006450488481888	0.0003282903225142	4.160880165496975e-07	1.0777453585647745e-07	7.407618644033351e-05	-0.0004897787900245	2.398832631579284e-07	5.48728139754305e-09
804.0845057247182	-2.322433563571167	5.393697657201869	646551.8923465643	1241.0319125898368	-4.41896966683089	19.527292916371504	1540160.2080663885	752.0547014712431	0.2674900239844646	565586.2740050006	0.0715509129312094	874.5774621244414	725.2541936495229	1.047024	36.631012	0.1256410132761596	0.0632009743207212	-0.0271103617	0.1263711713	-0.0497410061	-0.0846825852	0.1831612873	-0.031867468	0.0453506275	0.0361777654	0.0512672679	0.0948266638	0.0893763699	0.0241084761	-0.1108303335	0.0833193142	-0.1062495085	-0.0624411639	0.0234462767	-0.0378007749	-0.0167203746	-0.0634891232	0.1285931886	0.1744395464	0.1019495789	-0.0074759353	0.0143822219	-0.052083335	-0.0365757627	0.0363796996	-0.1331345236	-0.0346927032	-0.1401790128	0.1018692095	-0.2234624952	-0.023202569	-0.0374310349	0.0814872988	0.1276440843	-0.2533581754	0.0453508317	-0.1373539585	0.0014922572	0.0832234152	0.0138213448	0.1565769469	-0.0256933268	0.1140853221	0.0757391448	-0.0981835663	-0.1652856819	-0.096180288	0.0161352719	-0.0791326565	0.0856931725	-0.0408608631	-0.1013352299	-0.190859738	-0.014051521	0.0111110549	-0.0003388281	-0.0466618245	0.0764748306	0.064451245	0.0300677322	0.0350294785	-0.1211617448	-0.1179344577	-0.0723487875	-0.0394868917	-0.0496591975	-0.0064048329	0.0694493165	0.0842420946	0.1150775744	-0.0042004451	-0.0774411634	0.0055218091	-0.0818329933	0.1766941695	0.1091895012	-0.071295695	0.2471434289	-0.0419475428	-0.0838252207	0.0999249784	0.0822926466	0.0405089436	-0.0392689605	-0.0264561916	-0.0519504258	-0.0734291984	0.1184397812	-0.0063607338	0.0981271744	0.1043470501	-0.1343519046	-0.0838163119	-0.0632342091	-0.132068811	0.1477850178	-0.0210909162	0.0601878838	-0.1013189749	-0.0563563799	0.1125583148	-0.0336522994	-0.1044695719	0.0472668546	0.0686678656	-0.1180317443	-0.0615235098	-0.1560639066	-0.0430872326	0.0431874599	-0.0500799613	0.0193970533	-0.0316082761	-0.1571259118	-0.0074436824	0.0813968795	0.0080108088	-0.1814275616	-0.0116585405	-0.1715569365	-0.0124760193	-0.0048774207	-0.0016898595	-0.1290552057	0.0050684204	0.1289225186	-0.0393639879623606	-0.0284528854632099	0.0008095666911825	0.0015495235483008	0.0777925337337421	-0.0126513497017839	0.0001600566492768	0.0060516783047154	-0.1676082183863485	-0.038204598611614	0.0014595913550745	0.0280925148706458	0.0017900922268798	0.0004761155138949	2.266859825714047e-07	3.204430180735481e-06	0.0007897938822127	0.0001447450340239	6.237743763806083e-07	2.0951124874579987e-08	-0.0002317068556319	-0.0003057830420722	9.350326881894932e-08	5.3688066946822155e-08
806.6333777894653	2.5488720647471155	6.496748802448224	650657.4061640422	1244.0577130572228	3.025800467386034	9.155468468433543	1547679.5934171674	752.6689506270513	0.6142491558082384	566510.5492380266	0.3773020254111335	875.803875007205	722.9480770430579	1.026218	35.903107	0.156199572197556	0.0966405611390147	-0.046090672	0.0624425479	0.0636185803	0.1304994678	0.0361856152	-0.0772860361	0.1153820016	0.040087356	0.0318584386	-0.1546133436	-0.0048822037	-0.0408319075	-0.074018191	-0.065064812	-0.1740749321	-0.0071900992	-0.1161861652	0.1342383304	0.0224161933	0.0972459321	0.0728764121	0.1208192039	0.1064861264	-0.0046157465	-0.0313034832	0.104970665	-0.1084314151	-0.1615303445	0.122658997	-0.0077246256	0.0908382093	0.1262274236	-0.1301998278	0.0824214857	0.1110217453	0.0957841095	-0.02543862	-0.094085617	0.0389452205	0.0849564723	0.0125502843	0.0067639417	0.0279459376	0.065421785	0.0628289698	0.1135092346	0.1617390227	-0.094676955	0.0742995175	-0.0370522898	-0.0187019146	-0.0162231996	0.0259832766	0.0018570893	0.1947750911	0.1137807191	-0.0534085455	0.0744818795	0.0104153101	-0.0481393552	-0.054144575	-0.1505055898	0.2027341892	0.0083469327	-0.075495938	0.1632303773	-0.062279457	0.0951947156	0.0973823479	-0.0646095495	0.1607527152	0.1337124235	0.1093833079	0.0727147039	0.0589446556	0.1160980473	0.0650819561	-0.0285781515	0.0484336326	-0.1078004112	0.0074137811	-0.0746857034	-0.0598826329	-0.0574091746	0.0389907853	0.0782626644	0.0255049101	0.1375193464	-0.0885846469	0.0631505801	-0.0001700841	0.0954675888	0.0555782589	0.1738634996	0.0378844799	0.0346403583	-0.0415914956	-0.0923354685	0.0229706666	0.0758196266	-0.2512700081	-0.0313419157	-0.0529693742	0.0447879354	-0.1265976457	-0.0271017298	0.0594684336	0.1009401836	0.1849595628	-0.1227746977	-0.1074050566	0.0112740488	0.0063295309	-0.118803803	0.1292663962	0.1217390268	-0.0139448769	-0.0587313551	0.1133803392	-0.0969297827	-0.1608247992	0.0259018736	-0.054663431	0.0923724073	0.1641900029	-0.0050684204	-0.1287014744	0.0151740128	0.1275100165	-0.0491987765182813	-0.0098347885559207	9.672306593966882e-05	0.0024205196108957	0.0839686872619722	0.00617615352823	3.814487240426897e-05	0.0070507404404988	-0.1269962096808683	0.0406120087054802	0.001649335251094	0.016128037273307	0.0003460215946121	-0.0014440706322677	2.085339990978035e-06	1.1973094393790048e-07	0.0003509782068651	-0.0004388156753476	1.231857016942409e-07	1.9255919693077038e-07	-0.0001230607350887	0.0001086461205431	1.1803979509087545e-08	1.51439445205712e-08
809.6287610886849	2.995383299219611	8.972321109243763	655498.7307819988	1251.722789750829	7.6650766936061245	58.7534007188638	1566809.942381598	755.9742526425922	3.3053020155408603	571497.0706585258	10.925021413938474	878.4362507597331	745.2304511739075	1.113347	38.951378	0.2862805044337228	0.1250584737796691	-0.1803148243	-0.0937455587	0.115915731	0.0142711149	-0.0675866511	0.0610433511	0.1210154019	-0.2113332973	-0.134766706	-0.0016306963	0.0766875028	0.0256726318	0.0495227937	-0.1274057548	-0.1174416433	0.0210424952	-0.0070389889	-0.1150651385	-0.0666863195	0.0132139424	0.1548526353	0.0865929355	-0.1462454727	-0.0369537488	-0.0825854654	-0.0264853378	-0.0569600323	-0.1427240343	-0.025460136	-0.1406982996	-0.0580815659	-0.0718517311	-0.0069268603	-0.0677533924	0.1181655709	0.0639321787	-0.0269589369	0.0928096688	-0.0856769713	0.0834512732	0.0225214565	-0.2237015769	-0.0220521245	0.1300812083	-0.0039789479	-0.0227763317	0.014676763	-0.1265715663	-0.1306403173	-0.0782169027	-0.0112129038	-0.0866173613	-0.0460555314	-0.1332606701	0.1104337091	-0.0762328598	0.0161353872	0.0180137835	-0.0353247362	-0.1550239817	0.0725100173	-0.0190035857	-0.0785961108	-0.2309011425	0.1168331163	0.0990095766	0.0344008257	-0.1072177534	0.0390550127	-0.0035614835	-0.0876614723	0.1131029217	0.0488952167	-0.0419079817	0.0741227149	0.0318970007	-0.0762581556	0.0869668753	-0.066638934	0.0829006523	-0.1097950797	0.0724348615	0.0546390603	-0.0694188875	0.1360000551	0.0883823498	-0.0375031471	0.0067650514	0.0826401049	-0.016258802	0.0445115752	-0.0804628073	-0.0432697992	0.1221279831	-0.1212219558	0.2719709243	0.0647108847	-0.0125398756	0.0986382345	-0.074943108	0.0436794287	0.1937257722	0.0590344585	0.1293765801	-0.0960622526	0.0855050667	-0.113426308	-0.0761498141	0.1426205058	-0.1153154799	0.0344123209	0.1091092871	-0.099676367	-0.0094573663	0.0633477601	0.0274645583	0.0099050804	-0.0571471969	-0.0110056432	0.1071528098	0.0889523839	-0.0959991111	0.0833858097	0.243604661	0.1467221648	-0.0084435077	-0.1279949812	0.0251860523	0.124700488	0.0333124768917514	0.0825112534100327	0.0068081069392946	0.0011097211166634	0.0384406520788331	-0.045528035183139	0.0020728019876371	0.0014776837322458	-0.0617615786874523	0.065234630993416	0.0042555570808471	0.0038144926019663	0.0010872946382229	0.0007412730436108	5.494857251840191e-07	1.1822096303082671e-06	0.0008797539579779	0.0005287757511128	7.739670265777806e-07	2.796037949649058e-07	0.0004670221671304	0.0005900829022191	3.48197831491316e-07	2.181097045911753e-07
809.1424542016488	-0.4863068870361076	0.2364943883787495	654711.5111914673	1251.9981463286376	0.2753565778086795	0.0758212449425073	1567499.3584103447	753.4500236031826	-2.524229039409647	567686.9380676363	6.37173224339895	877.9488774076823	747.5475334067397	1.002726	35.081203	0.1659170276261263	0.087724076463964	-0.1982181165	-0.0673360825	-0.0315723353	-0.0588523249	-0.1906583032	0.1349368047	-0.0047347619	-0.2302422286	0.0074247498	-0.0831639152	0.0889829693	-0.0268808731	0.0580433505	0.0053132147	0.1190884465	-0.0494456042	0.0861075205	0.0646429231	-0.160710833	0.0446351936	-0.1259694345	-0.0855720592	-0.0399021807	-0.0640141477	-0.1197649229	0.0148377123	0.0002975294	-0.2001686621	0.0540024886	-0.1009434347	0.1521890884	-0.0087737175	0.1846196884	-0.0130539305	-0.0950050654	0.0586770336	-0.1296308545	-0.1083316674	-0.0940021338	0.0159081549	-0.0374730699	-0.0521176385	-0.1169443938	-0.0988064109	-0.0171903121	-0.1715075764	-0.0413993158	0.0722024056	0.049915833	-0.1224254831	0.0890493801	0.0710890615	0.0812356731	0.0042529033	-0.2361990055	-0.0255164585	0.1019327251	0.1704631617	0.0208476461	-0.0098642322	0.0238302276	-0.1071577896	-0.1932152423	-0.23054051	-0.0100155249	0.1282721263	0.1556526193	-0.1231756825	0.0138272329	-0.0776786949	0.0124861221	-0.0702656626	-0.0791816565	0.0568748194	0.0628328834	-0.1512957832	0.1187379044	-0.1093506512	-0.1121525257	0.12210388	-0.0634756187	0.1235490062	0.0353020417	-0.1362145617	-0.0487777259	-0.0867358789	0.0378083591	0.0761155603	0.0330385336	-0.07729808	-0.0780531631	-0.0144495715	-0.0031951994	-0.0728082536	-0.0392562878	-0.1215939067	0.0377588624	-0.1101936123	-0.0624250335	-0.0042090126	-0.1339093974	0.1416283569	-0.0465276206	0.170401394	-0.0071414579	0.1155065599	-0.068950692	-0.1454068075	0.0740970383	-0.0120888507	-0.0237222948	0.0340642902	0.0186987816	-0.1135679728	0.1319343696	-0.0503312318	-0.041135792	0.0407524856	-0.1133833856	0.0858912328	-0.0290321747	0.0837222079	-0.0086775976	-0.0135923509	0.0615984546	-0.0118128082	-0.1269376627	0.0350428114	0.1205247148	-0.0268815856781401	-0.0601940625698915	0.003623325168668	0.0007226196485711	0.0459425944749369	0.0075019423961038	5.627913971445963e-05	0.0021107219870885	-0.0970151475384284	-0.035253568850976	0.0012428141167305	0.009411938851903	0.0012405875732649	0.0001532929350419	2.3498723933790815e-08	1.5390575269392936e-06	0.0013939229095853	0.0005141689516074	1.9430210778667485e-06	2.643697107970529e-07	-0.0001248650224033	-0.0005918871895337	3.503304451341021e-07	1.559127381977661e-08
807.5971667447611	-1.5452874568876496	2.3879133244143	652213.1837341655	1249.2149221074114	-2.783224221226192	7.746337065620142	1560537.921615826	752.4082871716155	-1.041736431567074	566118.2306045241	1.0852147928541007	876.5812625861433	742.4896016818603	0.983061	34.39323	0.1105904106881067	0.0519212149604573	-0.1496023366	-0.0624650214	-0.1717116124	-0.0822321113	-0.0709160611	0.0872681055	-0.0350658088	-0.1205931362	0.0249807118	0.0494726497	0.0592484993	0.1636090489	-0.0569680409	0.075718933	0.0260439601	-0.1149122142	-0.0661298942	0.1851006596	0.0414957871	-0.1135487544	-0.1525501263	0.0359437114	-0.2564299677	-0.0884165243	-0.0323000944	0.0214326322	0.0206479176	-0.0727699487	-0.032350486	-0.2068331689	-0.1057630042	0.0325346164	0.1494064127	-0.1273399987	-0.1366952618	-0.0856069182	-0.1374339791	-0.1804569063	-0.0794110094	0.0484705851	-0.0415256405	-0.0117244296	-0.025846219	-0.112541901	-0.0917772694	0.0098637884	0.1301101532	-0.0025619913	-0.1104203159	0.0802504082	0.1125073847	-0.2191725536	0.0094439575	-0.045690935	0.0255085441	-0.0227235647	-0.032582097	-0.0114333341	-0.0649491189	0.1018674771	-0.1090317645	-0.1486311025	0.0398769733	-0.144337728	-0.0780960047	-0.0788299156	0.0408426173	-0.0966836505	-0.2294001557	-0.0207607731	-0.026971363	0.0723410998	-0.0140711901	0.0777384186	0.0951020018	-0.0036524479	0.1204406964	-0.0421690885	0.0002560214	0.0558170477	0.0132477291	0.0707594855	-0.059471269	0.0664487146	0.074028917	0.052132204	0.0391582526	-0.0279488767	0.0564125093	0.0101115323	-0.1158667014	-0.148987667	-0.1702830573	0.1532257154	0.172955963	-0.0074993969	0.0426036789	-0.1361608608	0.0465599721	-0.1702672732	-0.0614434236	0.0836444857	-0.0942761639	0.1436900482	0.1212794068	0.0122706838	0.0491846696	-0.1938642829	-0.0690499478	-0.0373647507	-0.016579851	-0.0430319531	-0.0661951017	0.028453905	0.0239139838	-0.1785884695	-0.0328841476	0.0821471354	0.0304983682	0.0768669851	-0.0551621866	-0.002350413	0.0947568943	-0.1469109836	0.1184922502	-0.0151740128	-0.1255324169	0.0446835199	0.1150284477	-0.0513295316034572	-0.0244479459253171	0.0005977020599672	0.0026347208146303	0.0741343211612104	0.0281917266862734	0.0007947734535535	0.0054958975740334	-0.1078196911655595	-0.0108045436271311	0.0001167381629905	0.0116250858030366	0.0013380411149569	9.745354169200002e-05	9.497192788314386e-09	1.790354025315104e-06	0.0017470889143198	0.0003531660047344	3.0523196745391373e-06	1.2472622690012884e-07	-0.0006171693649645	-0.0004923043425612	2.423635657046154e-07	3.808980250506842e-07
808.7152460312418	1.118079286480679	1.2501012908571445	654020.349163372	1245.1952564606038	-4.019665646807653	16.157711912125585	1550511.226711989	752.4698584400772	0.0615712684617619	566210.88786083	0.0037910210999903	874.9835508509236	744.3715482032384	0.981299	34.331562	0.0795293672994086	0.0437468863666175	-0.1481254639	-0.0165747162	-0.126056973	0.0358124688	0.1321761009	0.0319159067	-0.0657873545	-0.0877264143	0.1333315159	-0.0650983756	-0.1025680243	-0.0185049291	0.0083589549	0.132453922	-0.1169436044	-0.1296172539	-0.1804018409	0.1232196075	-0.0937279015	-0.0682761781	-0.0506115143	0.0407381708	-0.0054330054	0.0275296284	-0.1580616293	-0.0120715223	0.0715343717	-0.0145031754	-0.0177907096	-0.1036149542	-0.1948017537	-0.0016070727	-0.1069684761	-0.0688049921	0.1098942243	0.1737754729	-0.0468761795	0.0940405456	0.0988951042	0.0680326587	-0.0167202311	-0.0850379598	-0.0527082024	-0.0153916174	-0.0501072714	-0.042728539	-0.0139179047	-0.0269212849	0.1293144858	0.0418673472	0.1894030319	-0.0235860287	0.0809910786	-0.0023044974	0.0246679053	0.0631618567	0.0393180898	0.1015573153	0.1382547625	0.0795880948	-0.0291971215	0.1403764217	0.183417809	-0.1237094636	-0.1231251822	0.0243275342	-0.1492001918	-0.0183395872	0.0289303104	-0.0824099155	-0.0423005838	0.1490302394	0.0004675495	0.0454411016	0.0094478908	0.0098277299	0.0421709848	-0.052566126	0.1765965348	-0.0037121815	0.125018077	-0.0012253614	-0.0166990354	0.033627673	0.055767111	0.1961331033	0.1010486196	-0.0100621478	0.109350913	0.0809072292	0.0834960977	-0.1773710993	-0.0658310501	0.0231354824	0.1017645236	-0.173939026	0.0920624871	0.0738763932	0.0535682267	0.0407509762	0.1186590792	0.0753284309	-0.1028947145	0.1751412	0.1520248338	0.0190054869	0.0354152626	0.0234100484	-0.0658671999	-0.0679559416	-0.0415350067	-0.05019366	0.0259255273	-0.0200963691	0.0230126361	-0.0024476129	0.024537344	0.152944809	-0.083484759	-0.123613585	-0.0093181185	-0.056470622	0.0490720533	-0.1651674939	0.0370200824	-0.0185248178	-0.1237830955	0.0540487397	0.1082719048	-0.0593293693656988	-0.0079998377622415	6.399740422218668e-05	0.0035199740693315	0.0616271187301862	-0.0125072024310241	0.0001564301126506	0.0037979017629844	-0.1100148189589873	-0.0021951277934278	4.818586029479205e-06	0.0121032603905787	0.0020138909598034	0.0006758498448464	4.56773012779038e-07	4.055756797977859e-06	0.0018830548715427	0.0001359659572229	3.5458956492406946e-06	1.848674152353952e-08	-0.0009418975491494	-0.0003247281841849	1.0544839360402237e-07	8.871709930936465e-07
806.9198014023117	-1.7954446289301131	3.223621415553992	651119.5658951461	1247.752825998327	2.557569537723112	6.54116194028921	1556887.114786811	752.3466075849276	-0.1232508551496494	566025.417944549	0.0151907732951198	877.6904204171726	741.6353335106288	0.933561	32.661427	0.0759020640642264	0.0413752141288968	-0.1107073402	-0.019602392	-0.1045689984	0.063838754	0.1574522775	0.1283313741	-0.1052485931	-0.0418386587	-0.0090344383	-0.0785541636	-0.0627090224	0.1979849926	0.0534759622	0.1658302011	-0.0407374597	-0.1051524112	0.020842218	0.0164273347	-0.067200517	0.0521403552	-0.0163111051	-0.0065566566	0.0234869903	0.0280471863	0.036471991	0.0356719603	0.0420269176	-0.0656450032	-0.1807102869	0.0934913869	0.0769984691	0.0057577783	-0.0606064061	-0.0570054297	0.0049944688	-0.1342373101	0.0805308021	0.066560314	0.1645000166	-0.0294206282	-0.1367085751	0.1124796807	-0.0900255201	-0.0931854114	0.1220192718	-0.1843555361	-0.0434001163	0.0361816244	-0.0576192051	0.0124176638	-0.0117149934	0.0465758708	0.0246168252	0.1556115598	-0.1920686779	-0.0430639006	-0.061841457	-0.0746317885	0.0737827735	-0.0481061045	-0.0562280135	0.0173142825	0.0705047382	-0.0855768342	-0.0309600229	0.0768626969	-0.2175915605	-0.0957586505	-0.1625366494	-0.0047077054	-0.089417861	-0.025245965	-0.0238769886	0.0367020521	-0.0745071804	0.0393278987	-0.0356367833	0.035471317	0.0961833713	0.0644355013	0.0221283565	0.0030294281	-0.1090798361	0.0384762758	-0.0248375951	-0.1076729646	0.1035294425	0.0922455032	-0.0749189705	0.0295436023	0.1102090433	0.0878793174	0.0526008019	-0.0904110512	0.025060702	-0.0135674527	0.00388485	-0.0634264728	-0.0669074363	0.0091335657	0.0933998831	0.0659006633	-0.0916198175	0.1943259767	0.1905046919	0.005849717	0.1004690483	0.0113912792	-0.0560754955	0.0298393636	-0.1000950566	0.0010991759	-0.0193239886	0.0225578726	0.0059730507	-0.0475454969	0.0845015593	0.0692238938	-0.0386321933	-0.0049543299	-0.0113988393	-0.0479760837	0.1019270434	-0.1120038464	-0.1322427503	-0.0218629269	-0.1216944932	0.063080731	0.1003291122	-0.0401022246939817	0.0192271446717171	0.0003696830922271	0.0016081884254065	0.0925300521047773	0.0309029333745911	0.0009549912911544	0.0085618105425128	-0.1048428936306891	0.0051719253282982	2.6748811601492465e-05	0.0109920323448559	0.0019001994395903	-0.0001136915202131	1.2925761768365724e-08	3.61075791021929e-06	0.001953324080602	7.026920905930001e-05	3.815474963859649e-06	4.937761741819611e-09	-0.0007138570646294	0.00022804048452	5.2002462580116395e-08	5.095919087213033e-07
806.0437077648967	-0.8760936374150106	0.767540061519064	649706.4588273822	1247.0129893021228	-0.7398366962040654	0.5473583370501466	1555041.3954882163	754.0372047081884	1.6905971232607726	568572.1060841384	2.8581186331776	877.961689150967	728.4455726461863	0.936396	32.760612	0.0407729192603613	0.0221977785494913	-0.0335700309	-0.0840886973	-0.1091541687	0.0993905979	0.1422044411	0.1494914596	-0.0829225274	-0.0003642034	-0.0848872	-0.0717381813	-0.032917997	0.1169092418	0.1911669815	0.1415180265	-0.0447337453	-0.0797578271	-0.0643233383	-0.0165764419	-0.1607287225	-0.0354666967	0.0721910801	-0.0926685108	0.1113855015	0.1440017571	0.1287473544	-0.0078110898	0.1147188424	-0.0301530463	-0.1248807962	0.0188979458	-0.0028599842	-0.0270729311	-0.2316083713	-0.1674260423	-0.0299054329	-0.0538271724	-0.1292280105	0.1740590004	0.0475190082	-0.019762721	0.0804879328	0.124739715	0.0296795091	-0.083315869	0.0819040899	0.1144618678	-0.018905732	0.0804220356	0.0299852139	-0.0285101307	-0.0470297084	0.079672561	0.0318311692	-0.08773234	0.050225503	0.0239932129	-0.0381020613	0.0628407691	0.0778627473	-0.0912055835	0.1877380207	-0.1380016273	0.0039424195	-0.0360306091	0.0217226784	0.0765737632	-0.236993103	-0.0865858246	-0.1558790749	-0.1607631064	0.0115223641	-0.0121165859	0.0654767036	-0.0569807145	0.029284565	0.0170568641	-0.0523699104	-0.0003619748	0.0516714408	0.1490182096	0.0867972106	-0.1521868581	-0.0320312245	-0.0477052284	0.0230149732	-0.0227994135	-0.0324219855	0.0761007259	0.0885950221	-0.0513741575	-0.0516063771	0.0936519871	-0.0767136748	0.0128673177	-0.0456418676	0.0845068255	-0.0024258101	0.1846117087	0.0336154127	0.0020347688	-0.0952288964	0.0805516985	-0.0920944416	0.1599877427	0.1726163207	-0.0097386871	0.0963360189	0.049046732	-0.0123613738	-0.0095872302	-0.0244966971	0.0209416602	0.0973475057	-0.0311572443	0.0265528603	-0.0377966315	0.0440098672	-0.0420510002	-0.07230786	-0.0321359608	0.0487031388	0.0761827377	0.1225855494	-0.1164781529	-0.0039810461	-0.0251860523	-0.1192723348	0.0717238087	0.0912870929	-0.0505074535403622	-0.0104052288463805	0.0001082687873455	0.0025510028631318	0.0829062117475132	-0.0096238403572641	9.261830322210523e-05	0.0068734399463234	-0.1206571665362759	-0.0158142729055867	0.0002500912275323	0.0145581518365626	0.001957715796898	5.75163573077e-05	3.308131357947015e-09	3.832651141423971e-06	0.0019933034206465	3.997934004449982e-05	3.973258526761037e-06	1.5983476303937466e-09	-0.0007149529102998	-1.0958456704000287e-06	1.2008777333344884e-12	5.111576639461538e-07
805.807944365566	-0.2357633993307217	0.0555843804639773	649326.443202659	1244.283483864998	-2.729505437124772	7.450199931293691	1548241.3882192168	753.4910420224311	-0.546162685757281	567748.750408049	0.2982936793136064	877.7250479378718	729.6772634619781	0.949627	33.223511	0.0308249487933032	0.0158156581575474	-0.016699029	-0.0802880726	-0.0976463379	0.0659364852	0.0509728239	0.1585827723	0.0086829711	0.0687877089	-0.0577106312	-0.0087660215	0.0073145516	0.0580282563	0.1242696775	0.0741276222	0.0149107632	-0.1629625491	0.0436129279	-0.0149863161	-0.0270253767	-0.0474876402	0.0089218142	0.0141041945	-0.0568345861	-0.0575404699	0.0243240302	-0.0515607636	-0.1525516687	-0.0183532802	-0.1453493379	0.0122886003	0.0103866744	-0.1618305021	-0.1009678582	0.029228701	-0.0778862126	0.1913851271	-0.0751043256	0.0820494454	0.0439876486	0.0359417711	0.0544255419	0.1400233443	-0.0993530229	-0.0581397712	-0.072529565	-0.1260023734	0.0479876809	0.0089981124	0.0454745323	0.0593677521	-0.0317676223	0.1955948037	-0.0877183289	0.0414405871	0.1418870358	-0.1162037649	0.02178053	-0.0088765586	0.0947162725	-0.0185791979	-0.0203159251	-0.006111075	0.0495847244	-0.0187888533	-0.019268317	0.0197472784	-0.1643467582	-0.055715145	-0.1784721131	-0.1792899205	-0.0699585901	-0.0622708573	0.0839507005	-0.0829729169	0.0267388253	-0.0015683062	-0.0656682223	0.071127426	-0.1124095901	0.0941491465	0.0278623787	0.0328316701	0.1693212548	-0.0752654719	0.0351558894	0.0205651222	0.0396740866	0.0643554847	-0.0895454616	-0.0371511659	-0.1980438873	0.0135101401	0.020574291	-0.0589023277	0.0520450225	-0.0453980213	-0.0242160323	-0.1784292483	0.0420642856	0.197718511	0.1104864087	0.0686899654	-0.105789826	0.0890013082	0.1650044091	-0.0162784568	0.1113067471	0.0046758287	-0.0207783122	-0.0660477815	0.0874616049	0.0700726546	0.0885092669	-0.0392648126	-0.0996180504	-0.1054011588	-0.0090897179	-0.0077344232	-0.0112382425	-0.0303284726	0.1144257448	-0.0692290761	0.2165924181	0.1228903833	-0.1416387159	-0.0284919163	-0.1165232592	0.0799246852	0.0812449131	-0.0571325107037949	-0.0066250571634327	4.389138241875095e-05	0.0032641237793192	0.0715135034212295	-0.0113927083262836	0.0001297938030077	0.0051141811715782	-0.1210049896936027	-0.0003478231573268	1.2098094877278488e-07	0.0146422075307488	0.0020748008906787	0.0001170850937807	1.3708919185635328e-08	4.304798735961127e-06	0.0020712074132525	7.790399260600026e-05	4.289900148712113e-06	6.069032063955743e-09	-0.0007691510268383	-5.419811653849997e-05	2.937435836320824e-09	5.915933020864113e-07
805.2128890187787	-0.5950553467872624	0.354090865740109	648367.7966419681	1243.6721751528703	-0.6113087121277658	0.3736983415233076	1546720.4792494718	752.5798048365266	-0.911237185904497	566376.3626477844	0.8303532089751468	876.8981743236112	720.1880170281311	0.971841	34.00066	0.0552090201421284	0.033142777317081	0.0304532137	-0.050252581	0.0154179292	0.1417964157	0.0872872022	0.0362355376	-0.0359987396	0.072158873	-0.0507821323	-0.0554913171	-0.1085407967	0.0141247061	0.1068223716	0.0226327481	-0.0539118265	-0.1292324822	-0.0866181455	-0.0825152865	0.0311150892	0.0604006358	0.0552512161	0.0064318814	-0.1187040085	0.141963505	0.0932338445	-0.0237470292	0.0583970759	0.1053242218	0.0211705103	-0.0080216418	0.0753199853	-0.1434467051	-0.1437287257	-0.2603895652	0.0483558537	-0.1265018552	-0.0499721791	0.1322618845	-0.2447213105	0.0264970033	0.0820025695	-0.0974119889	-0.0282977619	-0.0249468434	-0.0454046809	-0.0409883377	0.0628128562	0.0505829441	-0.1108788935	0.1811027774	0.2056119102	0.0145053029	-0.0808004158	0.0119069841	0.0025654663	0.2144021556	-0.0699529721	-0.0418567069	-0.0679304849	0.0332858124	0.0230608199	0.0172862943	0.0343877463	0.0393924465	0.0338714435	0.0693306899	-0.1649822489	-0.0727688384	-0.0478434487	-0.121865944	-0.1025822446	-0.003700948	-0.0013376626	0.0115551316	0.0752602998	-0.0511919209	-0.0620803944	-0.131611845	-0.0101533546	0.0227244257	0.0726540055	0.0637458774	0.1144935476	-0.0106604928	-0.2552799435	0.0128983397	0.0187038106	-0.0061314661	-0.0195470207	0.1067966871	-0.1263064334	-0.1676681731	-0.0203821811	0.0188436529	-0.0447521983	0.1146632532	-0.1127825235	0.0977531073	0.1761022597	-0.0177648913	0.0443559912	0.0645465592	-0.068166619	0.0480725295	0.1466604198	0.1081088996	0.0559075178	0.1400454174	0.0919419076	-0.0959481481	0.0741404754	0.1189243564	0.2026599655	0.0917549565	-0.1141387274	0.1289056037	0.0908255615	-0.0087205851	-0.0142095172	-0.0249093133	0.1974499734	-0.1894839219	0.0461343292	0.0369979105	-0.005817268	-0.0317782535	-0.1134548014	0.0876327994	0.0703125971	-0.0568799349833568	0.0002525757204381	6.379449455482675e-08	0.0032353270037108	0.0475281001922809	-0.0239854032289486	0.0005752995680552	0.0022589203078874	-0.1218037599017094	-0.0007987702081067	6.380338453588252e-07	0.0148361559261932	0.0022986110591352	0.0002238101684565	5.0090991504526965e-08	5.283612801178647e-06	0.0020187434908323	-5.246392242020011e-05	4.075325281777781e-06	2.752463155712775e-09	-0.0010963223556543	-0.0003271713288159	1.0704107839922717e-07	1.2019227075073933e-06
804.5582944949299	-0.6545945238488002	0.4284939906528375	647314.0492405903	1246.6335456006468	2.961370447776517	8.769714928964088	1554095.19701684	751.8723694066813	-0.7074354298453045	565312.059877217	0.5004648874004107	877.4834610570052	717.2421029415189	0.988101	34.569546	0.1612438034974397	0.0909919083413217	0.0601760464	-0.0870173932	-0.0065162013	0.0698831087	0.0091264499	0.0621789667	-0.0092555721	0.0614786237	-0.0156172841	0.0330570938	-0.0252969703	0.0826646245	0.0970493719	-0.0058304109	0.0196280767	-0.0659082078	0.089915856	0.0426476942	-0.0032181522	-0.0478723269	0.0026103203	0.0607614731	-0.2718948342	0.0587037872	0.0211498936	0.1245908904	-0.0591533795	0.0252979651	0.0012836077	-0.0149141655	-0.034613944	0.004803223	0.0965666671	0.1079281293	-0.1078787589	-0.1422153205	0.0403419988	0.0585993355	0.0567491499	0.0251504556	-0.0593044397	0.0395445521	0.0804350075	0.109405481	0.0149785812	-0.0205277299	-0.0045649325	-0.1619683596	-0.0484121765	0.1072898168	-0.0732509031	-0.0180266953	-0.2124410901	0.0061531158	0.1081820041	0.090687683	0.1009304781	-0.0501260663	0.0549407683	-0.1509072401	0.0731556158	0.0559233924	-0.1203780353	0.0669913822	0.0498821419	-0.0099254232	-0.0163845437	0.0029431046	-0.106383892	0.0098495549	-0.1252503547	-0.0473241599	-0.124018665	-0.1386452627	-0.0154536699	0.1512228978	0.1058023465	-0.0093513333	0.0906351178	-0.0844968416	-0.0517176467	0.0456336358	0.0885035617	-0.0965433407	-0.0574865329	-0.0426447254	-0.0027659791	-0.1110278456	0.046817337	-0.0028679838	0.0343544302	-0.0511202328	0.0350410334	0.0823443925	0.1757035342	-0.0015784169	0.1554536914	-0.08221963	-0.2286198967	-0.0998905589	0.1568014896	0.0653335842	-0.0673804834	-0.0160021269	0.1256816818	-0.0591601235	0.1715101544	-0.0442723319	0.0340842976	-0.1056720664	0.1226847557	0.0608789511	-0.1349521448	0.0395679581	0.0047828832	-0.1089814638	0.0036058883	-0.053373129	-0.0872264653	0.0322340882	0.0388901331	0.0280681442	-0.0426041298	0.0603553914	-0.0917168391	-0.0350428114	-0.1100753719	0.0948006283	0.0586099215	-0.061588027274368	-0.0047080922910111	2.2166133020679078e-05	0.0037930851035482	0.1222552105808176	0.0747271103885367	0.0055841410270205	0.01494633651416	-0.1329793523222662	-0.0111755924205568	0.0001248938659504	0.0176835081440494	0.001475114537764	-0.0008234965213712	6.781465207104674e-07	2.1759628995227e-06	0.0018720201691426	-0.0001467233216897	3.5044595136766883e-06	2.1527733127659227e-08	-0.0006538820307685	0.0004424403248857	1.9575344108505217e-07	4.275617101619376e-07
806.5480904429191	1.9897959479892504	3.95928791463444	650519.8221971192	1250.5638258041436	3.93028020349675	15.447102477998454	1563909.8824098962	753.5789215252258	1.7065521185445505	567881.1909671224	2.912320133308893	879.6867910415781	716.1763561106353	0.996668	34.869251	0.2294733622419528	0.1332644846830133	0.0514926004	-0.0707438818	-0.0704929525	0.0084098793	-0.098659846	-0.0606251732	-0.0289599975	-0.0259408133	0.0067214961	0.0193118431	0.0152484475	0.0204359587	0.1410668537	-0.2041784662	0.0135349569	-0.1549656751	-0.0208951736	0.1755626422	0.0028579436	0.1233653419	-0.1270482276	-0.1797869186	-0.081371232	-0.0528681674	0.102804352	0.0663160711	0.044779211	-0.1440940606	-0.0297557399	0.0156208932	0.140603021	-0.2281352139	0.0297536425	0.0452761297	0.0605216024	-0.0456041248	-0.1187747545	-0.0318895687	0.0099003357	-0.137058189	0.0162907107	-0.1290324195	0.0781505989	-0.0895199489	-0.0199807584	0.0528525858	-0.1120021839	-0.1191925648	0.0557491629	-0.2006783898	-0.0970757519	-0.0643228267	-0.137784474	-0.0281053139	-0.1471672729	-0.2119617643	-0.0451965677	-0.0673503847	-0.0222618451	-0.0170918751	0.0237363642	0.1388856461	0.0630812861	-0.0132050258	0.0313132716	0.0145513498	0.0905866289	-0.0385973935	0.0246496501	-0.024201988	-0.1948721281	-0.1188331475	0.0387321047	-0.12613195	0.0310186235	-0.0657764744	0.0666071786	-0.2113011295	0.1926028414	-0.1422921379	-0.1928988449	-0.0561338467	-0.0156500586	0.102207303	0.0095663488	0.0456762013	-0.0392692566	0.3090883994	-0.0924692129	-0.0543998747	-0.0100051204	0.0416565911	0.04898598	-0.1849402352	-0.0322843369	0.0298424134	0.1490110653	0.0448198942	0.0174173673	-0.0086687341	0.0938849616	0.043955042	-0.0365051134	-0.0505496168	0.0440063954	0.1125186148	-0.0028845503	-0.0586250508	-0.0500665498	-0.0874837137	0.2309634793	0.1009240625	0.069781882	0.0607151113	0.0930164879	0.1812236325	0.0438180644	0.1838149613	-0.0237861662	0.0784989797	-0.1111785151	-0.1018626898	-0.0426887616	0.2017562351	0.0734404927	-0.0382833527	-0.1063942335	0.1013839798	0.0462651033	-0.0497850699180446	0.0118029573563233	0.0001393098023551	0.0024785531867445	0.0122651422716728	-0.1099900683091448	0.0120978151266503	0.0001504337149443	-0.1576656526226258	-0.0246863003003595	0.0006094134225195	0.0248584580169185	0.002341856578215	0.000866742040451	7.512417646851628e-07	5.484292232928868e-06	0.0018868274635566	1.4807294414000052e-05	3.5601178772314327e-06	2.1925596786287716e-10	-0.001432213421426	-0.0007783313906575	6.057997536828381e-07	2.051235284512769e-06
807.3458768844587	0.7977864415395288	0.6364632063043041	651807.3649223355	1252.904274068269	2.3404482641253708	5.477698077047461	1569769.119978536	754.1913717328111	0.6124502075853115	568804.6251962193	0.3750952567712912	879.1788986498404	723.1609803939804	1.010686	35.359699	0.1428577026664956	0.0841828934845738	-0.016997223	-0.0701554218	-0.1211150917	-0.099912676	-0.1394334836	-0.0597364506	-0.0080501811	-0.1226483548	0.1012999611	0.1779727681	-0.0495642226	0.2224489687	0.1745431863	-0.1188050939	0.0294588427	-0.0792020345	-0.1570470252	-0.1071616875	-0.0052618363	-0.0703322426	0.0594958479	0.0993372047	0.0071623044	-0.0577247666	-0.0279462022	0.0726085466	0.1375385297	-0.0423644519	-0.1460891321	-0.1490323605	0.1384116238	-0.0392569194	-0.0710883906	0.0269420428	0.0349156122	-0.1365599287	-0.0343373091	0.0390661231	-0.1094983741	-0.0308570166	-0.0071621233	-0.0414756761	0.2144786091	0.0790727448	-0.0304089564	0.1093134533	-0.0277632169	0.1192197445	0.1695958102	0.1763349475	0.0457824773	-0.1173958069	-0.1631718668	0.1624101805	0.0375203539	-0.03495487	0.0275789466	0.0937263026	-0.1291911431	0.0683444281	-0.0657596767	0.0643969926	0.0143712954	-0.092441111	-0.0847519961	-0.0355869882	-0.0115000034	-0.2027598098	0.0007911606	0.1173566891	-0.2287316674	-0.0770517094	0.0805473438	-0.2616189256	-0.0919289746	-0.014200663	-0.0039118264	-0.1219122442	0.017952169	-0.1236939507	-0.0026587473	-0.0533869879	0.0854046995	0.0413863727	-0.1899380297	0.0227455482	-0.2537373914	-0.1822331337	-0.065273236	0.082695434	0.0530398649	0.0930594938	-0.0742665156	0.0076426604	0.0945643382	0.0133536503	-0.0096409895	0.012198723	-0.0006060517	0.0781552919	-0.0099614601	0.0290309006	-0.014857243	0.0186008283	0.0747242875	0.1294038318	0.0737524899	-0.1347980026	-0.1025929853	0.0057164422	0.2283458184	-0.0284068939	-0.1150651544	0.1985878058	0.1100792755	0.1580081544	0.1606105101	-0.2029599663	0.0677968943	-0.0273976142	0.004212088	0.1377849731	-0.2416891646	-0.1009093373	0.0566842078	-0.0414976565	-0.1024214758	0.1073422654	0.033413395	-0.0493861796632302	0.0003988902548143	1.5911343538589513e-07	0.0024389947417288	0.0908492329774475	0.0785840907057747	0.0061754593120534	0.0082535831325905	-0.1691238777587074	-0.0114582251360816	0.0001312909232691	0.0286028860281422	0.0019841356932011	-0.0003577208850139	1.2796423157512786e-07	3.93679444903461e-06	0.0013908892650984	-0.0004959381984582	1.934572947765967e-06	2.4595469668996497e-07	-0.0016268842693504	-0.0001946708479243	3.7896739031604816e-08	2.6467524258597845e-06
807.838175136704	0.4922982522452912	0.2423575691637683	652602.5172082	1246.0640788774049	-6.840195190864051	46.7882702491197	1552675.6886685954	754.0213236783094	-0.1700480545017626	568548.1565615898	0.0289163408398344	879.2164911946791	740.9853394370748	1.069075	37.402473	0.2464889516952194	0.1173324940465591	-0.0461471075	0.0626604253	-0.1880164653	0.0605415857	0.0318407881	-0.047199374	0.0823905612	0.0162705648	0.2238852211	-0.0270172763	-0.1257029707	-0.0140419657	-0.0789301571	0.0531102387	0.1724740806	0.0926631853	-0.045905066	-0.0034017891	0.0633996803	-0.0033065909	0.0135158005	-0.0276053455	0.1873750428	0.2301834235	0.0911433467	0.0843902622	-0.0336277141	0.0278252046	0.1104234922	0.043701783	0.1601437974	-0.1427403019	0.0557582187	0.0997251343	0.0399697682	0.1351739438	0.0255067508	-0.0232476927	-0.0419659176	-0.0316422929	-0.1026226259	0.0859789204	-0.0229693112	0.0869844208	-0.150477941	-0.029387372	0.016437616	0.0226996941	0.038856379	-0.1391348212	0.0648200978	0.0507396289	-0.1535035447	-0.0741320874	-0.0762907624	0.0384820884	0.0889869417	-0.0029970487	-0.1364143648	0.0040810001	0.0247344075	0.0178862921	0.0566197664	0.0245950907	-0.176805241	0.0404404052	0.0830028271	0.1477703467	-0.0644923569	0.1633859393	0.0463403186	-0.1061254502	-0.0171082383	-0.0312156329	-0.079402273	-0.1303769021	0.0283177157	-0.2124204308	-0.0725325545	-0.0605801688	0.0449294488	-0.0376013124	0.1753655368	0.0044938283	0.2202028704	0.0712846194	0.1406085315	-0.1611354703	-0.0402194028	-0.1236379312	0.1089764915	0.044339099	-0.2602993421	-0.1126165881	-0.0535544418	-0.0079357038	0.0284383377	0.0851167928	-0.0526489096	-0.1199575288	0.0169417683	-0.0453178736	0.0803197561	0.1122180564	-0.0928429539	0.0130959877	0.1424671442	0.1157470493	-0.0877138911	0.0566393924	0.10021034	-0.0065944384	-0.3765602174	0.1330734939	5.24293e-05	0.0184502198	0.088515863	0.0641403138	0.1200233679	-0.070781092	-0.0362182243	-0.0609853428	-0.1722183154	0.0694225731	0.0855475598	-0.0446835199	-0.098167988	0.1126387502	0.0201956026	-0.0129359091810385	0.0364502704821917	0.0013286222182249	0.00016733774634	0.1258704038057629	0.0350211708283153	0.001226482406186	0.0158433585542258	-0.2501963310820798	-0.0810724533233723	0.0065727426878703	0.0625982040869336	0.0025343582423741	0.000550222549173	3.027448536184344e-07	6.422971700689537e-06	0.0008809773695508	-0.0005099118955476	7.761211256606469e-07	2.600101412209465e-07	-0.0008081175728442	0.0008187666965061	6.703789033076756e-07	6.530540115396009e-07
807.4106608164718	-0.4275143202321487	0.1827684940035562	651911.9752000917	1247.654711088676	1.5906322112712132	2.5301108315335497	1556642.278101768	752.2839960889286	-1.737327589380811	565931.2107715271	3.018307152823741	878.0080003726615	733.1528699703582	1.060892	37.116188	0.1528585015095399	0.0901841394131216	-0.0410640514	-0.0848222439	-0.0928652629	0.043291461	-0.1712373958	-0.0408685713	0.068247528	-0.0357329067	-0.0521718691	-0.0675213085	-0.0640507254	0.0937638312	0.1321411167	0.0523797665	0.0076935087	0.2895351281	-0.1591240689	-0.0270539431	0.162420804	0.0042472783	-0.1268736505	-0.1106876337	0.0988919965	-0.1164445925	0.0992556007	-0.1347585936	-0.1156871223	-0.1193862407	0.0847299055	-0.0644298433	0.0422466041	0.0923197871	0.0631802696	0.126505743	0.0776935653	-0.1390851433	-0.0881148178	-0.1253823629	-0.2239194546	-0.1068208078	-0.0229305167	0.0972533382	-0.0871530924	-0.0004972945	0.1376451941	0.2101686455	-0.057568975	-0.2376390873	-0.0153875715	-0.0605798543	-0.003506529	0.0960469844	-0.0494539837	0.0477594767	0.0896277828	0.0536315517	-0.0510218879	-0.0807451368	0.1402207589	-0.0572244534	0.0508562047	0.0295701401	0.0445666007	-0.0720966642	0.1231458557	0.1788416548	-0.0211805521	0.0209396592	0.1830295373	0.3507874578	0.144768057	-0.1618120036	0.2396748349	-0.0029408573	-0.1018411577	-0.1166083835	0.0951107397	0.0971674942	0.2211977076	0.0167638064	0.0244188497	0.0183897451	0.0140710886	0.1379018489	0.0341089756	-0.1360698224	-0.0804231963	0.1411089281	0.0080155173	-0.0100794575	-0.1802001622	-0.00458675	-0.0546100961	0.0876982659	0.0300811623	-0.0263321464	-0.1217616604	-0.0251606578	-0.152137058	-0.1186133716	-0.0019792674	0.0654940185	0.1388123999	0.0535587273	-0.1831114254	0.0922933685	0.1237219375	0.0131859394	-0.015119958	0.2086611852	0.0753411984	0.1049232437	-0.0465673408	-0.0541415853	0.0415328255	0.2493279161	0.1433445766	0.0212379038	0.0646881822	-0.1545027234	0.0677149071	0.0216259721	-0.1175798611	-0.0398923138	-0.2835051642	-0.0478387595	-0.0936454286	0.1172407796	0.0067565429	0.0022546282847173	0.0151905374657558	0.0002307524284985	5.083348702247274e-06	0.1254815765819188	-0.000388827223844	1.511866100023024e-07	0.0157456260614839	-0.2051338985935444	0.0450624324885353	0.0020306228217838	0.0420799163521865	0.0014970018554082	-0.0010373563869659	1.076108273578946e-06	2.2410145550955934e-06	0.00088299842035	2.02105079919997e-06	7.796862103405953e-07	4.084646332946838e-12	-3.160923981207833e-06	0.0008049566488629	6.479552065487386e-07	9.991440414974776e-12
806.0279067313064	-1.382754085165402	1.912008860041608	649680.9864296516	1249.201138995296	1.5464279066200106	2.3914392703731484	1560503.485667145	754.4421290289778	2.1581329400491995	569182.9260537768	4.657537786925402	876.9761523092338	727.2675038404109	1.07167	37.493279	0.2661959087146181	0.1302253127850745	0.0057925494	-0.1632394251	-0.1412727931	-0.0364537952	-0.0559085277	0.0289824468	0.0869935784	-0.0527043721	-0.0171418927	0.0611749059	-0.0406120715	0.0812069968	0.0512701167	0.0870889387	0.1167495064	0.0575074078	-0.0022261496	0.0714165325	0.1287741136	-0.0391133105	0.0693662558	-0.2492440084	0.1387197787	0.0548138587	-0.140739378	-0.0243592645	-0.0639345404	-0.1166882796	-0.0679869938	-0.0311923475	0.0098301227	0.0440096691	-0.0910472045	-0.1214287145	-0.079889534	-0.0972735095	0.0171175146	0.0440515057	0.1162256462	-0.2088274006	0.1249689192	0.0339431781	0.0490354079	-0.0637095561	-0.0014819636	0.0187735843	0.0569752243	-0.233027877	-0.0849583226	0.1440661436	-0.2162705355	-0.0617869213	0.0281245053	-0.0133119606	-0.0646521806	0.0411060358	-0.0540294063	-0.0034669647	-0.078451216	0.0704843956	0.0046071686	0.0603494057	-0.0714904775	-0.1102589043	-0.0029632852	-0.0479149886	-0.0668680249	-0.0245595532	-0.0835356557	-0.0372832704	-0.0538658944	-0.1735803819	0.0653926655	0.0917569209	-0.0319909316	-0.0210466862	0.167994683	0.1919715844	0.0971147608	-0.1420184626	0.0089296011	0.0195751111	-0.0673103852	0.028753143	0.0124649704	-0.1175156795	0.0010220457	0.0589355312	-0.0010873386	0.0532710665	-0.0068771391	0.075795455	0.0937176042	-0.0994410126	-0.1157338075	0.0819950896	0.0359041795	-0.001807012	-0.1367906235	0.0099387457	0.0196115474	0.1174097486	0.0498753383	-0.0102853269	-0.0141438602	0.1222738254	0.0291396058	0.037176757	-0.2206293321	0.0930285959	0.1702416639	0.0170138525	0.1143258553	0.0023313963	-0.0699384738	0.0715303238	-0.1669114417	-0.0789721423	-0.1018559	0.1103761848	0.0303389995	0.0716100434	-0.0739090112	-0.1206869158	0.0740208765	-0.0509612127	-0.0888661936	0.1211199807	-0.0067565429	-0.0352906118660172	-0.0375452401507345	0.0014096450579763	0.0012454272858778	0.0395855493100754	-0.0858960272718434	0.0073781275010852	0.0015670157141804	-0.1832369497704888	0.0218969488230555	0.0004794763677595	0.0335757797611926	0.0023912274081134	0.0008942255527052	7.996393391109204e-07	5.717968517312729e-06	0.0012391037532535	0.0003561053329035	1.5353781113269107e-06	1.268110081223126e-07	-0.0011699838877522	-0.0011668229637709	1.361475828783322e-06	1.3688622975997523e-06
802.9862279144436	-3.0416788168628277	9.251810024952048	644786.8822202667	1245.779817791596	-3.4213212037000176	11.705438778887338	1551967.3544168624	751.8878264230286	-2.5543026059491467	565335.3035231464	6.524461802758601	878.0846211559546	717.234384163357	1.083864	37.919876	0.2033137266815596	0.1110284214529628	0.091382297	-0.0445337459	0.0145281718	0.0632258807	-0.0320162876	0.0941105501	-0.058895588	0.1115366869	-0.0326014101	-0.0575248295	0.0946132586	-0.0258361812	-0.1149402493	0.1031682892	0.1347350549	0.0149521446	0.0179146979	-0.1023246397	-0.0909713319	-0.0271674036	-0.0279028915	-0.0476138802	-0.1467785975	-0.1486881811	0.0158832619	0.3272330885	0.0087157902	0.1745438809	0.1730511138	-0.0617097797	0.069738698	-0.0205637796	0.0688461781	0.0889754792	-0.1028207127	-0.0617159033	-0.093801311	0.0732405465	0.006049896	-0.1068455546	-0.0362722493	-0.0202300639	0.0023715252	-0.0387559505	0.0148424812	-0.0209639982	0.0131939058	-0.0115835172	-0.265103857	-0.0676443716	0.0284783312	-0.0413163233	0.0624675216	0.0392902083	0.1734763612	-0.0926034355	-0.0198948897	-0.1034258431	0.0398755399	0.1071404767	-0.1098375826	0.0147510949	-0.0009127621	0.1330960089	0.1065703528	0.0163842388	0.0483808127	0.0557280571	-0.0448178813	0.0981753829	0.1372448653	-0.0265215534	-0.0634232404	-0.0700713543	-0.1196032438	-0.1612717421	0.0590104209	-0.1105569838	-0.033944394	0.0495999833	-0.0056599087	0.00485166	0.0558216685	0.0139030433	0.0001911089	0.0787166649	-0.078247782	-0.0225197315	0.0983882254	-0.0346844037	-0.0605946753	-0.1654142751	-0.0107361685	-0.1568772286	-0.04284901	-0.0704293166	0.1111001699	-0.1723211594	0.2242336786	-0.1254913626	0.0522783113	-0.0125957716	0.0355313185	-0.0772531332	-0.0254798375	-0.0234350175	0.1284946178	0.0512489574	0.0222775214	0.2089719719	0.0427776842	0.0326581619	0.0113777064	-0.0103750072	-0.1528871791	0.0736596869	0.0484948949	0.1281573449	-0.0647933165	-0.0864483493	0.0388558399	-0.0187003869	0.0324860554	0.1293272147	0.0510143774	-0.0540487397	-0.0838433825	0.1242524367	-0.0201956026	-0.0633811758355591	-0.0280905639695419	0.0007890797841269	0.004017173450298	0.1337762820834598	0.0941907327733843	0.0088718941403871	0.0178960936480734	-0.2197717957299971	-0.0365348459595083	0.001334794969285	0.0482996421983875	0.002878991627495	0.0004877642193816	2.3791393370894166e-07	8.288592791186309e-06	0.0014981148585535	0.0002590111053	2.2443481294187733e-06	6.708675266872769e-08	-0.0013131602426531	-0.0001431763549008	2.049946860270846e-08	1.7243898228847482e-06
804.1468337038884	1.160605789444844	1.3470057984928896	646652.1301559892	1244.410953888265	-1.3688639033309755	1.8737883858425144	1548558.622157102	752.7242626142245	0.836436191195844	566593.815528128	0.6996255019422105	876.764163617298	700.3862442185973	1.002878	35.08654	0.0861955100495505	0.0505895477364484	0.1260390936	0.0135992373	0.080490638	-0.0009272227	0.0186944155	-0.0347574436	0.208480848	0.1062786555	-0.0749774309	0.0190776917	0.0745177368	-0.1167788029	0.0422032039	-0.088044494	0.0433092172	0.040500096	-0.0148021226	0.0586899015	0.1065974274	0.1020374833	0.0378387126	-0.0073260885	0.0117863685	0.0791942244	0.1053087503	-0.0642356394	-0.0829617367	0.0891919336	-0.0544151162	0.013703903	-0.1056440332	0.2366394898	0.1212695794	0.0039950234	0.0438223913	0.1386270173	-0.0154776505	0.0618920899	-0.042733265	-0.0567926625	-0.0058545023	0.1187178059	0.0990885126	0.0388045268	0.1289902211	0.000151109	-0.076112971	0.0717146072	0.0449374587	-0.0811838543	0.0091841712	0.0190086491	0.039530124	-0.1805251608	-0.1104745051	-0.0290560136	0.1788274163	0.1161736888	-0.025570977	0.1024651691	0.1286703219	-0.0944785284	0.0166003148	0.1130492656	0.0433752177	-0.1107182823	0.0436902377	0.0556475318	0.0848668003	-0.055235069	0.0884387107	-0.0269693149	0.02103062	0.0366147537	-0.0165297823	0.0952730958	0.028915778	0.013573178	0.2056625146	0.0726284734	-0.1169163756	0.1787294914	-0.0686040262	-0.0395771678	0.0398824785	-0.0762655697	-0.0196941774	0.0328050654	-0.1446573143	0.0227933818	0.0877608472	-0.0224153276	-0.114475311	0.0529614065	0.0082980602	-0.0654368614	0.0681661066	-0.0088122785	0.0876846606	-0.0631555468	-0.1503482405	-0.0208086876	0.0159650522	-0.1793103922	-0.04206728	-0.0234519901	0.1017924975	0.0484257522	0.0367946612	0.0889339323	2.65519e-05	-0.0182341157	-0.1069247744	0.006444259	0.0253524517	0.0201983228	-0.1507792109	-0.1383986107	-0.1654477192	-0.0139909964	-0.0828855418	0.1138118331	0.1659838796	-0.0133604278	-0.064376795	-0.0570992244	-0.0785907625	0.1266188352	-0.033413395	-0.0913094753599779	-0.0279282995244187	0.0007799899143256	0.0083374202905144	0.1339869910142823	0.0002107089308225	4.439825352836374e-08	0.0179525137610613	-0.2200432262071814	-0.0002714304771842	7.367450394448664e-08	0.0484190213996648	0.0023490755692763	-0.0005299160582186	2.808110287580445e-07	5.518156030170774e-06	0.0008744612697604	-0.0006236535887931	7.64682512310971e-07	3.8894379881451313e-07	-0.0013110284673224	2.1317753306998675e-06	4.5444660605805295e-12	1.7187956421297214e-06
804.2805349681067	0.1337012642183026	0.0178760280535723	646867.178928584	1249.8380704723645	5.4271165840993945	29.45359441740668	1562095.2024020832	752.9969873068791	0.2727246926546058	567004.4628932362	0.0743787579835492	880.0037412749527	721.2018020987872	1.010493	35.352951	0.1458755547909158	0.0834059186714049	0.0763451229	0.0320871789	0.2168318262	0.0106630377	-0.0510798195	0.1025317902	0.0245885529	0.0662565188	-0.1306328991	-0.0550801042	0.1350330983	-0.0411883093	-0.052859467	-0.0176044584	-0.0319388728	0.0353288033	-0.0566691513	-0.1632635889	-0.0010526581	0.0623907475	0.158250348	-0.2026332205	0.1619813923	-0.1482478403	-0.1418251622	0.1173504922	-0.0725048412	0.1303301478	0.1017432323	-0.0994233827	-0.1267679644	0.080281196	0.0245280512	0.0936243897	0.0180910846	-0.0364067042	0.0997971272	0.0351220517	0.1322442441	0.1799612277	-0.122070185	0.1446964408	-0.0087308653	-0.0274672917	-0.1744908207	-0.0023642405	-0.3715573869	-0.0110888508	0.0527621893	-0.0147939611	-0.1762822118	-0.103574949	-0.0570801047	0.1242949373	-0.0095062156	-2.11235e-05	0.0089131652	0.0587999657	-0.1788207496	-0.0718116537	0.0835677529	0.0121073851	0.0023649846	0.107095123	0.1524533592	0.0341836805	0.0611968801	-0.082852522	0.1135813941	-0.1005296558	0.0561425547	0.008481577	-0.0873142444	-0.0826065808	-0.1795602716	0.0832676593	0.060475284	0.0846305461	-0.0847687821	-0.2630853993	0.0143993738	0.1245865898	-0.1045966403	-0.230669215	-0.0182536446	-0.083193183	-0.0265032245	0.0043053068	0.0870048713	-0.0833117126	0.1587246915	0.1281674278	-0.1027141171	-0.0815766533	-0.002195508	0.1430554589	0.0271955842	-0.0627776336	0.0191457426	0.0139399418	0.0753979833	0.0094829818	-0.0021232696	-0.1664810537	-0.0441158659	0.1465438899	-0.047601013	0.0263750434	0.0618905661	0.1076349854	0.0194431393	0.0036847586	0.1411712888	0.0394709995	-0.0472106684	0.0129563807	-0.1882521397	-0.1494460099	-0.1151289302	-0.1042482092	0.1339165665	-0.0150867985	-0.0258291804	-0.0343082648	0.1649024367	-0.0601105761	-0.0731227308	0.1282045865	-0.0462651033	-0.0825422065682772	0.0087672687917007	7.686500206592904e-05	0.0068132158651601	0.0625584487239905	-0.0714285422902918	0.005102036653716	0.0039135595067521	-0.219614653623978	0.0004285725832033	1.83674459073627e-07	0.0482305960863798	0.002902070918971	0.0005529953496947	3.058038567839635e-07	8.422015618737184e-06	0.0012996271197116	0.0004251658499512	1.6890306502898696e-06	1.8076599996472642e-07	-0.0016378906901909	-0.0003268622228684	1.0683891273853693e-07	2.682685913014023e-06
801.6532066570319	-2.627328311074848	6.902854054175413	642647.8637435018	1244.835473057214	-5.002597415150603	25.0259808980715	1549615.3549815775	753.0015991320516	0.0046118251725602	567011.408295427	2.1268931422259935e-05	878.3334796702759	702.0756519483149	1.045852	36.590015	0.1642924878380839	0.0986446760083867	0.1678519705	-0.0927712664	0.0247272235	-0.1719279045	-0.0240866318	0.0908456321	0.0466025006	0.0731436219	-0.1489591317	0.1610166523	0.0180928915	0.027910931	-0.0963383498	0.032759231	0.2245876977	0.0049746965	0.055363353	-0.0713218182	-0.0664645126	0.0087018375	0.0029986751	0.1776564606	0.0652583736	0.09332092	-0.0237789769	0.0336938837	0.1575980208	0.1190359409	-0.085705424	0.0761076608	0.0467556063	0.00916895	-0.0076944448	0.0367159784	0.1215529048	0.0489778719	-0.0404675799	-0.0580605825	-0.0075691666	0.012662915	-0.049761399	0.0217342438	0.0633472781	0.0966522578	0.1420085998	-0.0051902135	-0.0054355635	0.086689093	-0.0777642461	0.0430510169	0.0161370363	-0.1208948029	0.128990243	0.1111438358	-0.0412927284	-0.0196619715	0.0849399661	0.0845614217	0.1469497809	-0.0749028474	-0.0411079632	0.1313589468	0.2161994584	0.1209067296	0.1362883416	-0.1655361558	0.0819656053	0.0106502593	-0.1360990759	0.0558910824	0.1627509248	-0.0477243148	-0.0281300523	-0.1193803396	-0.0682872225	0.0036880853	-0.1494660244	-0.0153522099	0.0638622807	0.140806834	0.0055470343	-0.0163415185	0.0964378717	-0.0316639206	-0.0709391497	0.0804891082	0.09435733	0.057682311	-0.0980718555	0.0414749278	0.1358381059	0.0664064584	0.0935855389	-0.025080369	0.099627938	-0.0068488234	-0.0528063152	-0.0237671625	-0.0292366077	-0.0730083988	-0.0404911433	0.0205937392	-0.0324183637	-0.2179684608	-0.0460542646	-0.0711732297	0.0967327924	-0.0884925016	-0.0892386546	0.1548890885	-0.0441870356	-0.0641407677	-0.0942172686	0.0346298643	0.0706180572	-0.0709990241	-0.1395808378	-0.0240808442	-0.0685730969	-0.0237001581	0.0184146413	-0.0406051534	0.0941615412	0.0950712833	-0.0407677396	-0.063080731	-0.0674542747	0.1289999139	-0.0586099215	-0.0726233788420671	0.00991882772621	9.838314346223415e-05	0.0052741551544383	0.1509294207034059	0.0883709719794154	0.0078094286885866	0.0227796900338656	-0.2034370866817596	0.0161775669422183	0.0002617136721699	0.0413866482375617	0.0023350135922868	-0.0005670573266842	3.215540117462318e-07	5.4522884761641054e-06	0.0014673968937064	0.0001677697739948	2.153253643659192e-06	2.814669706626628e-08	-0.0013762153670651	0.0002616753231258	6.847397473299188e-08	1.893968736546128e-06
803.4862981730088	1.8330915159768888	3.36022450594645	645590.2313517652	1244.4547602154605	-0.3807128417533931	0.1449422678759441	1548667.6502229194	751.4780806536306	-1.5235184784210103	564719.3057028645	2.321108554090271	877.5713830530569	705.3772273770976	1.021124	35.724884	0.1071195121195005	0.0528546778252068	0.1457647607	-0.0501918003	-0.0101613287	0.0492281276	0.1172183977	-0.022414301	0.1034879378	0.1302041264	-0.0375346311	0.0139865814	-0.0374077115	-0.0839493536	-0.0105445367	0.0218357933	0.0068444794	0.1777116884	-0.1093183509	-0.0981792219	0.0691822556	-0.0126796738	0.0650276884	-0.0606027537	-0.0827388778	0.0914772769	0.0016285122	0.1138924565	-0.0132603439	0.1641725717	0.0507961623	0.1275594759	-0.0830056198	0.0905309154	-0.0476357282	0.0228712626	0.0924805597	-0.0197203846	-0.2955049278	-0.1257183633	0.0471215806	0.2249024585	-0.0388067583	0.0538261977	0.0945035461	0.1074864558	-0.0278890714	-0.1061618907	-0.0395353246	0.0586832529	0.0316593646	0.0357213139	-0.0167432387	0.0375441186	0.08631724	-0.0254409131	0.0126369208	0.0413000482	0.023338054	-0.1235808865	-0.1646320569	-0.0566477815	0.0029482822	-0.10573859	0.0671131417	0.1094127445	0.0373569161	-0.1064796367	-0.0638184077	0.1088933766	0.0835766158	-0.0740893868	0.1697875074	-0.0222328819	0.0772906718	-0.0088201412	-0.0714281735	0.134662098	0.0038293095	-0.1128023419	-0.0034578144	0.1239052634	0.0116271793	0.1224589834	-0.0131688755	-0.1132277756	-0.079717773	0.1138264083	0.0106821688	-0.0748487292	-0.0119410331	-0.0269972484	-0.0334771893	0.0894779582	0.0556068643	0.0250600352	-0.0679621605	0.0447097443	-0.0763107608	0.0407791847	0.0851362611	-0.0337662987	-0.1367396839	0.019231918	-0.0129443846	-0.2011265597	-0.0078437806	-0.0390379208	0.1352025004	0.1466992724	0.009583861	-0.0071636577	-0.1177068967	-0.0452218661	-0.1102559128	-0.017205564	-0.0089412445	0.0157083033	-0.0967410226	0.0091006859	-0.1653814939	0.0532699497	-0.0351739343	0.0722843332	0.0402239113	-0.0869103384	0.0907361123	-0.0660076536	-0.0616009311	0.1289999139	-0.0703125971	-0.0876629036046665	-0.0150395247625993	0.0002261873050848	0.007684784668401	0.1129831100027587	-0.0379463107006472	0.00143992249579	0.0127651831458954	-0.2250238091729386	-0.0215867224911789	0.0004659865879111	0.050635714694699	0.0022164294578085	-0.0001185841344782	1.4062196949967476e-08	4.912559541441282e-06	0.0016691129419976	0.0002017160482912	2.785938013143884e-06	4.068936413821774e-08	-0.0017068542675971	-0.0003306389005319	1.0932208254500977e-07	2.9133514908144323e-06
804.2777343670166	0.7914361940078152	0.6263712491855761	646862.6739985413	1241.7371622811856	-2.7175979342748637	7.3853385323750045	1541911.1801901315	752.0885016340328	0.6104209804021821	565637.1142901246	0.3726137733151611	878.7448882915181	714.0769166696203	0.976472	34.162701	0.0789090906767342	0.0472667494280565	0.1291250825	0.0002899688	0.1460715068	0.06345414	0.0046906125	0.033427379	0.0313949148	0.1389633098	-0.0795058875	0.0317762278	0.0291071998	-0.1148535535	-0.0014188393	-0.0377787819	-0.048207173	0.0043172516	-0.0481941307	-0.0485905216	0.0208047354	-0.0594282527	0.0633650283	-0.0265128391	-0.0695540241	-0.0217723223	-0.048926147	-0.0046870422	0.0373543292	0.0270943594	0.1425595526	0.0985109171	-0.0359412308	-0.1163445468	-0.0864095477	0.0239918851	0.1775898911	-0.0615733914	0.0910586659	-0.1022685802	-0.0173426349	0.0018196649	-0.0988107489	-0.0306090282	-0.2120582031	-0.2108725562	-0.0095166563	0.0614816257	0.043622458	0.0696843523	-0.0667806448	0.0536751573	-0.1263673731	0.0057642036	0.0600150652	-0.1032799046	-0.0280301477	-0.1433656397	-0.0946288381	-0.1426209012	-0.0023753751	0.1078679683	-0.0584503728	-0.0053943005	0.067226753	0.1165377983	0.0691818973	-0.0168501698	0.0353288787	0.0761734224	0.0304145959	-0.088570188	-0.026434444	0.0316656339	0.0060804418	-0.0068010454	-0.0181241375	0.0995538093	0.0534663904	0.051712703	-0.0912862545	-0.1682024058	-0.0292743944	0.0037724774	0.0355515758	-0.0138822873	0.0428230186	0.0420627228	-0.1518267227	0.0537852401	0.0236552519	0.073861972	-0.0734364509	0.0096237315	0.0841892643	0.0071226188	-0.0695407702	0.0506319926	-0.1089887846	0.0381613482	0.1316059206	0.0804151049	0.2184970642	-0.0110388943	-0.0523897396	-0.1770310046	-0.0038479503	0.0314975058	-0.0459910477	0.0558122436	0.0653858271	-0.0154696339	-0.0235574379	-0.0254553152	0.0423203939	0.0073251458	-0.098681078	-0.0660597995	-0.0068759661	-0.0256068303	-0.0096056162	-0.0938390531	-0.0306554217	-0.0229203367	0.0204415015	-0.0303143419	0.0335818626	-0.0688893378	-0.0555787436	0.1282045865	-0.0812449131	-0.0862139617121897	0.0014489418924767	2.0994326077742398e-06	0.0074328471941109	0.111074335276541	-0.0019087747262176	3.643420955447452e-06	0.0123375079571254	-0.2378861782128183	-0.0128623690398796	0.000165440537318	0.0565898337847007	0.0029464079525765	0.000729978494768	5.32868602823755e-07	8.681319823006044e-06	0.0018660111101889	0.0001968981681912	3.481997463348411e-06	3.8768888637089424e-08	-0.002033757705001	-0.0003269034374039	1.0686585738648565e-07	4.136170402650935e-06
805.1689300375231	0.8911956705064767	0.7942297231294887	648297.0058977697	1245.1375606713343	3.4003983901486663	11.56270921172564	1550367.5449945608	754.2651245007609	2.176622866728053	568915.8780381483	4.737687103963447	879.5627114917204	715.9234266497654	0.926904	32.428501	0.0593641539112584	0.0328464455382275	0.1124584034	-0.0055023387	0.1537691122	0.005098203	-0.0239697272	-0.0113790835	0.0063811123	0.096261311	-0.0202103256	0.0483504712	0.0404913476	-0.0759553532	-0.1115244976	-0.1485195816	0.0965155192	0.0027201369	-0.0158295731	0.0402406814	-0.0302017761	0.0351173646	0.051660219	0.052123781	0.011467795	0.0488325557	-0.03080211	-0.1378644674	0.0039478794	0.1364248318	0.1199340028	-0.0680926264	0.088991869	-0.0004526442	0.1212765901	0.0144648827	0.0817346765	-0.0208095076	0.0668654813	0.1132036401	-0.0129963299	0.0696935041	0.1348414535	-0.0634884081	0.1019420531	0.0968459156	0.1396923697	-0.1022468849	0.0821817957	0.0291622344	-0.1001757079	-0.1477297536	-0.1198548154	0.0188423065	0.0165985435	0.0849815446	-0.024936373	-0.043627787	-0.1611858911	-0.0064106553	0.0559412818	-0.0355178242	0.0132305707	-0.0902520678	0.1166856248	0.1203339304	0.0986321422	-0.0296272715	0.1002992837	0.0144540451	0.0709274279	0.01390459	0.0041972447	0.0384226901	-0.036065365	-0.0036671219	0.0448832807	-0.0342878775	-0.0277469727	-0.0937926966	0.0170634142	0.0816953076	0.026726804	-0.006331103	0.0813752398	-0.1281482485	0.0046332345	0.0424085857	-0.0844276643	0.0320996883	0.01138128	0.1675612804	0.1075457184	-0.087381521	0.0070182641	-0.0348412155	-0.1377653432	-0.0352128811	-0.0981429818	-0.048212357	-0.0475919685	0.0486946936	-0.11157022	-0.0211865576	-0.0572408822	-0.1804258024	-0.0287677701	0.0165334507	-0.0340291122	-0.0374211406	0.1093861449	0.0496892169	-0.0116905263	-0.085640236	-0.0194396335	0.0172278927	-0.0218080068	-0.0171252117	-0.0080423851	-0.027377408	0.083326219	-0.1604639686	-0.0591464621	-0.2090291404	0.0864815767	-0.0073436881	0.0748171407	-0.0717238087	-0.0494042187	0.1266188352	-0.0912870929	-0.1087581329523317	-0.0225441712401419	0.0005082396569048	0.011828331483277	0.132291089535002	0.0212167542584609	0.0004501506612639	0.0175009323703579	-0.2459484993497938	-0.0080623211369754	6.500102211572188e-05	0.0604906643324155	0.0030069853287381	6.0577376161599725e-05	3.6696185026239512e-09	9.04196076724618e-06	0.0018618206199303	-4.190490258600046e-06	3.4663760207976465e-06	1.7560208607421878e-11	-0.0021198079840944	-8.605027909340014e-05	7.404650532052058e-09	4.493585889430365e-06
806.8286114267097	1.6596813891866304	2.754542313612464	650972.4082167525	1250.0713199601903	4.933759288855981	24.34198072037268	1562678.3049870124	753.5561550832094	-0.7089694175514296	567846.87886379	0.5026376350232133	879.9933933309925	724.0711989840634	0.938401	32.830738	0.0569575788066673	0.0344466761525514	0.0612132894	0.0345645023	0.0737062931	-0.1350431672	-0.005320106	0.0202021148	-0.0202764227	-0.0141549506	-0.0282344993	0.1747294245	0.1656436072	0.0083515103	0.0262415547	-0.066996614	0.0541601074	0.0297319881	0.1595953883	0.0508853871	-0.1582859322	0.0464244042	0.08836391	0.0185812897	-0.0049035757	0.0272566322	0.1351275205	0.0394394826	-0.0218392682	0.0473579933	-0.0178652217	0.0822831014	-0.1125761612	-0.1002982057	0.0688641554	0.0828261071	-0.1698166928	0.0826004865	0.0377082493	-0.0003584114	-0.0413900058	-0.1716513891	0.1156087538	0.0244018329	-0.1049195897	0.182444057	-0.0303257289	-0.0068011633	0.0054827974	0.0819134106	-0.0613722236	0.0113249967	0.0009506377	-0.0824423975	-0.0673169167	0.123409252	-0.0434434514	0.0611840955	0.1014978764	-0.0567101258	-0.0284288853	0.1685706284	0.0958618464	-0.1267051197	0.0153178614	0.0214166087	0.0580709456	-0.1009676486	0.1324753409	-0.0991576547	0.0520621953	0.0099975138	0.0079282925	0.0155699863	-0.0272618527	-0.0998222539	0.0736366478	0.0393340509	0.0109419662	0.1638740218	-0.0014015212	0.0509479583	0.0644868202	-0.0483992623	0.0710652412	0.166207949	-0.0835150748	-0.0227542954	-0.011499961	-0.1720104368	-0.1369456962	-0.1060795531	-0.0142784941	-0.1714850468	-0.0139215729	-0.0988621298	0.0235273704	-0.0196234959	-0.016699411	0.0328061994	-0.0700588692	-0.0125761845	-0.0275694424	-0.0360878452	-0.0646891691	-0.1096479609	-0.0104775405	-0.0172253946	-0.1447145366	-0.1184837231	-0.0148130958	0.0420301717	-0.0254963523	-0.0370706601	-0.0536779625	-0.022975053	0.0467081194	-0.0624938849	0.0381608397	-0.0289807284	-0.0517816006	-0.0362851827	-0.0553866934	-0.0581259923	-0.0050807878	-0.041394002	-0.0307098268	-0.0745091236	-0.0430942802	0.1242524367	-0.1003291122	-0.1009721040267095	0.0077860289256221	6.062224643062544e-05	0.0101953657915806	0.1253987806631187	-0.0068923088718833	4.750392158544127e-05	0.0157248541917969	-0.2733777696128356	-0.0274292702630418	0.0007523648671629	0.0747354049184886	0.0032609789495346	0.0002539936207965	6.451275940531637e-08	1.0633983709307784e-05	0.0018390187286287	-2.2801891301600045e-05	3.38198988424712e-06	5.199262469299837e-10	-0.0021400118869187	-2.0203902824300016e-05	4.081976893337582e-10	4.579650876153336e-06
807.5567767265235	0.7281652998137815	0.5302247038528943	652147.9476369321	1255.0047073364258	4.933387376235487	24.338311003999664	1575036.8154365877	756.2276486956666	2.6714936124571977	571880.2566517766	7.136878121399608	881.7580763129575	732.4095231546042	0.916362	32.059677	0.0922413777288499	0.0516353117362282	0.0192013	0.0922372266	0.0539887258	-0.1556830602	0.0361429881	-0.0185369938	-0.0678413864	-0.0390975135	0.0062338847	0.0231916483	0.09987538	0.0628635664	-0.0735589927	0.0410384541	0.020738454	0.0803222672	0.0441595349	0.012315053	0.1013727623	0.1114060895	-0.0345599799	0.0394915052	0.0673015942	0.0491564554	-0.0935421743	0.0797877189	-0.1182549724	0.050181015	0.0099013677	-0.1493712315	0.0079879053	0.1072882381	-0.0815591277	0.0395467789	0.0081937761	0.0759866448	-0.0500050557	0.0249979991	0.0003991457	0.1548174973	0.0249283162	0.0303448171	-0.0846437262	-0.1805639408	-0.0765918982	0.1579179205	0.0162915165	0.0060099126	0.2040611884	-0.1071632521	0.0442986794	-0.0450802808	0.1149288142	-0.0203500512	-0.0894630503	0.0084680473	-0.0896471206	-0.0653893495	-0.0418676985	0.0394275664	0.0817671391	0.0910120226	-0.1677332292	0.0211585805	0.0067699546	-0.0481236037	0.0541612506	-0.1168950111	0.0522652342	-0.0193246892	0.0903437419	0.0276649408	-0.0795884898	0.0001295407	0.0213825515	-0.0306225244	-0.0251510142	-0.0614865751	-0.0301511972	-0.129592748	-0.0147036418	-0.0993569635	-0.0690354124	0.0378788866	0.0622840081	-0.0163539085	0.1484941538	-0.0912703619	0.1296245757	-0.1239428923	-0.0771832173	0.1022714339	0.0778672577	0.1021823227	0.0066936669	0.1102807285	-0.0412162331	0.0550584838	-0.0828814384	0.0020117858	-0.168903085	-0.0728669047	-0.0490610608	-0.0205183974	-0.0184677396	-0.0357179792	-0.129929889	-0.0720591854	-0.0269511552	0.0292386483	-0.0471759819	-0.0159917138	-0.0080230779	0.0013100211	0.0449587747	-0.0526971993	-0.0091593696	0.0770035566	-0.0301940299	-0.0445698002	-0.014011773	-0.1023689373	-0.1305090826	-0.0812904584	0.0162116242	-0.0772433738	-0.0366662233	0.1211199807	-0.1082719048	-0.0929097234885176	0.0080623805381919	6.500197994261553e-05	0.0086322167187128	0.1297505357938746	0.0043517551307559	1.8937772718060465e-05	0.0168352015387975	-0.2897345495748027	-0.0163567799619671	0.0002675442507242	0.0839461092173138	0.0040290683969265	0.0007680894473918	5.899613991947937e-07	1.6233392147111873e-05	0.0021291267348082	0.0002901080061794	4.533180652875026e-06	8.416265524944476e-08	-0.0019288000985314	0.0002112117883873	4.4610419553761645e-08	3.720269820094739e-06
808.7340471225917	1.177270396068252	1.385965585458699	654050.7589752864	1252.6881766811384	-2.316530655287352	5.366314276886048	1569227.667996715	753.5914766869811	-2.6361720086855485	567900.1137352647	6.9494028593772	880.1805741365524	737.8328227092231	0.913883	31.972965	0.0664761489953652	0.0353250492129892	-0.0145968087	0.0569834325	-0.0015860511	-0.1112805642	0.0811895696	0.0073074812	0.0348985293	-0.026810108	0.0055060158	0.0526495814	0.0542821568	-0.0327550114	-0.0292569513	0.0582771478	-0.0851441386	0.0776682903	0.0501628425	0.0387278483	-0.0210058409	0.0729594922	-0.0431223752	0.011953137	0.0087715587	-0.0463283818	-0.0707953029	-0.0011176796	0.0698754046	-0.0045237549	0.1314107662	-0.0527143477	-0.1060469462	0.039194963	-0.0924441318	-0.1582918819	-0.1501537505	0.1181293313	-0.0027001972	-0.0460550029	0.0769063453	-0.0158179318	-0.0107489179	-0.0804050504	0.0983716503	-0.0831464581	0.1052009239	-0.0988301568	-0.130641558	-0.0702218346	-0.0295348841	-0.0153782111	-0.0044544443	0.0834464438	-0.083987967	0.0010557642	-0.0263764422	-0.011548772	0.14303567	0.0555697482	0.2302260829	-0.0394419702	-0.0573914929	0.049941538	-0.181870728	-0.0146554753	-0.0021786444	-0.061911793	-0.0165691361	-0.0292955894	0.0427515016	-0.0338520523	0.0758968844	0.0274884221	-0.132547455	0.0091086274	0.03383638	-0.0900716382	0.0811054802	0.0272573226	0.0718832469	-0.0151121879	0.1394568568	0.086923201	-0.0440884871	0.0289183544	-0.0006281467	-0.0636475493	0.0324876462	0.0166078805	0.0473254135	-0.1096857177	0.0042679899	-0.0552249445	0.0728196287	-0.0188643513	-0.0145243842	-0.0092493983	0.1190708219	0.0143894068	0.0843434664	0.0337981387	-0.0761938805	-0.0513825013	-0.0645754508	0.0525085663	-0.0195437717	-0.0739953928	-0.1066406167	-0.0067781936	-0.0260293253	0.0020744984	-0.0984553804	-0.0364468985	-0.0289493534	-0.0554468614	0.0753163797	-0.0492503145	-0.0159508098	-0.0091356699	-0.0276193045	-0.0354336224	-0.0550647735	-0.0998187168	-0.0497071467	-0.0036720854	-0.0514605211	-0.0799246852	-0.0301376669	0.1172407796	-0.1150284477	-0.0908334197940377	0.0020763036944799	4.3110370317109055e-06	0.0082507101514798	0.1510611372271029	0.0213106014332283	0.0004541417334459	0.0228194671803456	-0.2947198545164298	-0.004985304941627	2.485326536101136e-05	0.0868597926461855	0.003544284690256	-0.0004847837066704	2.350152422531892e-07	1.256195396558307e-05	0.0020639669159667	-6.515981884149978e-05	4.259959430205091e-06	4.245801991457069e-09	-0.0017166648455228	0.0002121352530086	4.5001365569022825e-08	2.9469381918538184e-06
810.4625874332003	1.7285403106085369	2.987851605398657	656849.6056289178	1250.6741622707598	-2.0140144103786497	4.05625404521286	1564185.8601716668	756.5806827784869	2.989206091505821	572414.3295535614	8.935353057495506	881.9528502710671	749.3443847563866	0.92318	32.298225	0.0469095910719256	0.0255267246404437	-0.063475208	0.0871811578	-0.0540978869	-0.0132547064	0.1340927034	-0.0022897346	-0.0342901147	-0.0289069891	0.109096083	0.0393428463	-0.0002095333	-0.0853088946	-0.1079654814	0.0579141628	-0.1303803435	0.0383925907	0.0241846775	0.0343809996	0.0496966507	-0.0523105009	-0.062498917	-0.0328073365	-0.0644796598	0.0724819672	0.0564472146	0.0384812656	0.0282552792	-0.0405591587	-0.0927030694	0.0593016347	-0.04503969	-0.1178898433	0.1780643064	-0.1102065777	-0.1021460277	0.0940733482	-0.0246542144	0.0259167344	-0.0216937133	-0.0236971067	0.0598599416	-0.0171950322	-0.0751885448	-0.0205704653	0.0669790421	0.0751382394	-0.1086427088	0.1661863798	-0.1227704519	-0.1157683204	-0.0539607302	0.0892208464	0.1899758858	0.2284670747	0.1056383911	-0.1196343304	-0.1196091438	0.0710713391	-0.056953721	0.0450689179	0.0069906939	0.0220011265	-0.0322471164	-0.0070094062	-0.1414630353	-0.0618554876	-0.0299346424	0.0237504651	-0.0434408891	-0.0320409549	0.0510847885	0.0539432879	-0.0601209708	-0.0545084158	0.0277933588	-0.0039929408	-0.0584700808	0.0558867014	-0.0641240646	0.0605793713	-0.1436903419	0.0257837219	-0.0498700438	0.1153869548	0.1941327794	-0.042107718	-0.0284960483	-0.0042601659	0.024227484	-0.0030449106	-0.0595259555	-0.0893652523	-0.0758632447	-0.0576102976	-0.0264933641	-0.0158390296	-0.1332658285	-0.0993923645	0.0292319791	-0.0221439731	-0.0852900984	-0.0635949624	-0.0279973004	0.0785418438	0.0036450849	-0.156344737	-0.063260169	0.0313164512	-0.0143668903	-0.0198297969	-0.0101972639	-0.0372120314	-0.0318238119	-0.0544831758	-0.0334323971	-0.0502824641	-0.0592773635	0.0469952452	0.0183380813	0.0234542162	0.0203204183	-0.0252478834	-0.0805835461	0.0187817087	-0.0175060436	-0.0825512202	-0.0235265052	0.1126387502	-0.1205247148	-0.0908983082777439	-6.488848370619915e-05	4.210515317689672e-09	0.0082625024477557	0.1619318479768594	0.0108707107497564	0.0001181723522048	0.0262219233892007	-0.3072544849079577	-0.0125346303915279	0.0001571169590522	0.0944053184960544	0.0038389520893073	0.0002946673990513	8.682887606365809e-08	1.4737553143996884e-05	0.0021680805264676	0.0001041136105009	4.700573169248026e-06	1.0839643891533142e-08	-0.0017866710649093	-7.000621938650013e-05	4.900870752790786e-09	3.1921934941841323e-06
811.2874123862506	0.8248249530503244	0.68033620317447	658187.2654963782	1253.5115290197189	2.8373667489590844	8.050650068098644	1571291.1533853535	756.3896660796188	-0.1910166988681112	572125.3269520372	0.0364873792464706	882.5090754147071	752.2526401477433	0.919623	32.173767	0.0218489496780394	0.0115576125707878	-0.081892973	0.080276455	0.0373655324	0.0659126418	0.0906576659	-0.0523145763	-0.0544757037	-0.0203641832	0.0498555344	-0.0470588682	-0.0111986374	0.0058690285	-0.1490155702	-0.0197390368	0.0009178507	-0.00969318	0.0584091869	-0.0138713667	0.0212297586	-0.0146131866	0.1330014635	0.083593323	-0.0689275574	-0.0551260309	0.019760796	-0.0856424686	0.043119593	-0.0876981801	0.0057725536	0.0375248258	0.0062465429	0.0149610145	-0.027906723	0.0138362766	-0.0576763609	0.053605425	0.0048716406	-0.0056120961	0.1810868545	-0.1310578287	0.0588037301	-0.091400764	-0.0514572514	0.0461761901	0.0548460009	0.2034819191	0.1032635766	0.1430740185	0.0497183522	0.1982911847	0.0151075294	-0.0275337156	0.1338714245	0.0018265009	-0.0208918528	-0.0419404483	-0.057285401	0.1043616807	-0.1244497696	-0.0889490892	-0.1780161487	0.0493166309	-0.1202519505	0.0023287272	-0.0739847025	0.0196553803	0.0063895913	0.0897229153	-0.0721411015	0.0273040322	-0.0682966897	0.1552446138	-0.0088078764	-0.0883304277	0.1201366287	-0.0740016311	-0.0821437464	0.0891528771	-0.1025890724	0.0183227481	-0.0476144818	-0.0964713384	-0.1075774997	0.1270772032	0.0655794789	0.143795658	0.0271296992	-0.1133293642	0.0071770115	0.0878249108	-0.0209294068	0.0616648844	0.0319370686	0.0488045729	0.0153192594	-0.034195677	-0.1447186747	0.0358233304	-0.103310669	-0.1867177503	0.0211175185	-0.0525817515	-0.0137943505	0.1032032476	-0.0232427179	-0.1301845991	-0.0471227816	0.0874268585	0.0618624193	-0.0565167832	0.0844081655	-0.0269224029	0.0007328198	0.0499506585	-0.0647787813	-0.1505721206	-0.0306394444	0.0515051808	0.000245941	-0.0454753613	-0.0424729869	0.0025043403	-0.016866622	-0.0291402904	0.0017078096	-0.0851211787	-0.016850859	0.1073422654	-0.124700488	-0.0829608770513488	0.007937431226395	6.300281447375189e-05	0.006882507121129	0.162400749397932	0.0004689014210726	2.198685426839178e-07	0.0263740034050099	-0.3096911889995795	-0.0024367040916217	5.937526830126312e-06	0.0959086325439732	0.0039840301695585	0.0001450780802511	2.1047649369373527e-08	1.5872496391952326e-05	0.0022078835210601	3.980299459249975e-05	4.874749642568745e-06	1.584278378530564e-09	-0.0018219082488446	-3.523718393529996e-05	1.2416591316901615e-09	3.319349667207997e-06
812.3573642191573	1.0699518329066675	1.1447969247403378	659924.4872010965	1253.3604423007082	-0.1510867190106637	0.0228271966614072	1570912.398324227	757.5105200721289	1.1208539925100922	573822.1880199471	1.256313672525814	884.5219687519616	758.0353925225713	0.928369	32.479759	0.047257513424053	0.0204366014320307	-0.1115675952	0.1337545849	0.0531053035	0.1241734971	0.0545314823	-0.033821384	-0.0110524593	-0.0071709974	0.103932947	-0.1403334619	-0.05651088	0.053788187	-0.0484187048	0.0151288397	-0.0580141394	-0.0796483289	0.1807264614	0.0134498816	-0.0187195099	0.0942238324	-0.0137853066	0.0512089294	-0.0036559489	0.0560349509	0.0085338385	-0.151390163	0.050920467	-0.0262857139	-0.0209955649	0.0083981262	0.0892053019	0.1087993248	-0.1711563242	0.1588641697	-0.0450618456	0.0941375363	0.0416690966	0.0439188628	0.0114194075	0.0243882995	-0.158419447	-0.0027291123	-0.0125905838	0.0753210852	-0.0240782787	-0.0297277554	-0.0182888545	0.0523584111	-0.183802289	0.056167502	0.0392011386	0.1124093656	0.0316055555	-0.1469813558	0.0245394768	-0.0105254317	0.0978160072	0.060202556	0.0245515237	-0.0555382225	-0.0239503179	0.1037110201	-0.1155566768	0.0402839798	-0.0975207918	0.1408874397	-0.0551413758	0.0226091702	-0.0195990139	0.0001469441	-0.0012737635	0.0451236037	-0.0970842793	0.0121027597	0.0638389973	-0.0543770897	-0.1639621013	-0.031293976	0.0371679454	-0.0265744975	-0.0540700355	0.0049022044	-0.0429865988	-0.0436718657	0.0718130824	0.0341661697	0.1443353958	0.0127676449	-0.1010717877	-0.0854425198	0.063685332	0.0301021744	0.069300461	0.1144832191	0.0104487653	-0.0666843614	-0.1577926778	-0.0059969836	0.018011079	0.0127386434	0.042826958	-0.0709449519	0.0059217944	0.1001833231	-0.001830697	-0.0289059691	-0.0681228653	0.0946189014	0.1375967735	-0.0359934278	0.0411645432	-0.0165738366	-0.0586622768	-0.0564718145	0.0548845023	-0.1216013955	0.0340599902	0.0391240483	0.0148444565	-0.0408533969	-0.1121702772	0.0613245314	-0.0322698087	0.0483712041	-0.0152516202	-0.0876327994	-0.0101290257	0.1013839798	-0.1275100165	-0.0907069383591334	-0.0077460613077846	6.00014657839577e-05	0.0082277486664876	0.1510718120351839	-0.011328937362748	0.000128344821769	0.0228226923915939	-0.3185571982842248	-0.0088660092846453	7.860612063541694e-05	0.1014786885786949	0.0038157503188832	-0.0001682798506752	2.8318108143301147e-08	1.4559950496057242e-05	0.0023388697427193	0.0001309862216592	5.470311673407845e-06	1.7157390264553113e-08	-0.0019089722858876	-8.706403704299994e-05	7.580146546224865e-09	3.644175188286929e-06
812.0986552994809	-0.2587089196763372	0.0669303051200975	659504.2259392252	1254.7823068476232	1.4218645469150033	2.0216987897738075	1574478.637577843	755.5084695867405	-2.002050485388395	570793.0476172988	4.008206146043908	883.9390526478016	755.4658889077626	0.938694	32.840984	0.1020135490148507	0.0533818962778013	-0.0967199647	0.075380725	0.139547952	0.0810352489	-0.0367046191	0.0282086677	-0.0541871843	-0.0113936041	-0.0664156118	-0.1087140806	0.0275625189	0.0161352256	-0.0580003689	-0.046570058	-0.0748775501	0.0701174311	0.0362912334	-0.0636955865	-0.0435522254	-0.0129602015	0.1007327945	0.1344066175	0.0268089404	-0.0784885728	-0.0329979413	-0.0029926982	0.08410157	-0.0690719453	0.112439056	0.0235512091	-0.0665438068	-0.0632191967	0.1331090901	-0.0157488812	0.0483091802	0.0266752267	0.1131575803	-0.0113943116	0.0216802458	0.0992501801	-0.0915952051	0.0494442789	-0.0408127683	0.0200815215	-0.0560620768	-0.0165832969	0.2353485986	-0.0840726965	0.122349811	0.0587184565	-0.0618476923	0.1202808493	0.0116486562	0.1185345466	0.0505156032	-0.0997573342	0.0667354006	-0.0185161082	0.0608072071	0.0652188149	-0.0974694419	-0.0351011309	0.026408507	0.0027086019	0.0477257802	0.1664004282	0.0275633108	-0.0097949159	-0.011746545	0.0412579369	0.0514747364	0.1320162576	0.0113032197	0.0022861648	0.0518560586	0.0295533576	0.0458797025	0.1177226373	-0.1110825526	0.0009929922	0.0850172147	-0.0289630047	0.0290541318	0.0115475372	-0.0362857309	0.0574705131	-0.0527418233	0.0897216255	-0.0006933769	0.0211686143	0.0365051707	-0.030963145	-0.099932094	0.0381664079	0.0917541045	-0.1322943655	-0.1220685796	-0.0424789889	-0.0887850525	0.0009357542	0.0805294506	-0.0164933115	0.0255571375	0.0638391397	-0.0640498023	0.0583187813	-0.0928611152	0.0705382264	0.155635541	-0.0320410312	0.0502453928	-0.0720712477	-0.0158029579	-0.125238339	-0.0084514304	-0.1101517902	0.0649071845	0.0322070654	-0.0231632226	-0.0510538835	-0.0477759026	0.0454067517	-0.0782242737	0.0273752791	-0.1117063856	-0.090084361	-0.0033794295	0.0948006283	-0.1289225186	-0.0838789134556492	0.0068280249034842	4.66219240826005e-05	0.0070356721225002	0.1333996902848184	-0.0176721217503655	0.0003123038871597	0.0177954773680854	-0.2930037707282338	0.0255534275559909	0.0006529776598592	0.0858512096609634	0.0032398010184361	-0.0005759493004471	3.317175966855039e-07	1.049631063905959e-05	0.0019149827798035	-0.0004238869629158	3.66715904694394e-06	1.796801573299809e-07	-0.0018696090531503	3.936323273729986e-05	1.5494640915308352e-09	3.4954380116215616e-06
811.8966200663742	-0.2020352331066988	0.0408182354164781	659176.1216752024	1258.436948131412	3.6546412837888056	13.35640291317349	1583663.552422302	757.2812575061189	1.772787919378402	573474.9029700487	3.1427770070940038	883.5082256378438	756.5540360836641	0.955995	33.446304	0.1471920427507864	0.0753266921514197	-0.1073336882	0.0774497823	0.033187765	-0.0687000602	-0.1396613871	0.0587188808	-0.0871376082	-0.0932697169	0.0374481239	-0.0312930296	0.0632002702	-0.0504835819	0.0563617167	-0.0330749045	0.0052867459	0.1067652419	0.0965730841	0.0490047731	-0.0117835897	-0.0998676613	-0.0371616678	0.0676437409	-0.0175934548	0.0830687523	0.0339097194	-0.0489406911	-0.0116786301	-0.0821676412	-0.0956194508	-0.095916704	0.1014965062	0.0227913987	0.0141045634	0.0167186524	0.0811756596	-0.0080192529	0.2270195354	0.0932520758	0.0342770723	0.0124332438	0.1568846568	-0.0790466288	0.1061622665	0.0726249987	-0.03907494	0.0784366219	-0.0081805797	0.0422087431	0.1516693955	-0.0065745057	-0.0570738639	0.067340355	0.1311731739	-0.2155469766	-0.0402079602	0.0378019392	0.1292081126	-0.2055812611	0.1278506052	-0.0161356238	-0.1758959094	-0.1547241385	-0.0246631982	-0.0763166779	-0.0500938837	0.050995288	0.0993588953	-0.0620386208	0.0244195241	0.00423863	0.0019685576	-0.0200272215	-0.0094924906	0.058929263	0.11870019	0.018578613	-0.0287521145	0.1189891663	0.0311034579	-0.07543713	-0.0096413066	-0.1042434647	-0.1368002232	-0.1465007498	0.0275336316	-0.0047116352	-0.034400148	-0.0509734839	0.0140481742	0.1822438788	0.0994987621	0.0343881923	0.0530896254	0.030890751	0.2265429159	-0.0792983242	0.0129274739	0.0170782639	0.0316412272	0.1041425127	-0.0703579761	-0.0521408869	0.0687113968	0.1051997752	0.030427969	0.0018670334	-0.1391311258	-0.128746704	0.0637277308	0.0758266877	0.0681325345	-0.0275457765	0.1113716575	-0.0498949128	0.0465242247	-0.053051654	-0.0608523384	-0.0696864439	0.0495465543	0.0212883414	0.0985992857	-0.0588067641	-0.0027431758	0.0655687439	0.0264559604	-0.0924741833	0.0033794295	0.0876327994	-0.1289225186	-0.0907448865774682	-0.0068659731218189	4.71415869095409e-05	0.0082346344399575	0.1583565088928082	0.0249568186079897	0.0006228427950321	0.025076783908718	-0.3165668750415165	-0.0235631043132826	0.0005552198848786	0.1002145863735511	0.0042346797399918	0.0009948787215557	9.89783670604305e-07	1.7932512500297023e-05	0.002503021821095	0.0005880390412915	6.26511823687773e-06	3.457899140830265e-07	-0.002122814224457	-0.0002532051713067	6.411285877645529e-08	4.5063402315569744e-06
810.3938511742165	-1.5027688921577464	2.2583143432370205	656738.1940209782	1256.1521133477154	-2.284834783696624	5.220469988789999	1577918.1318679317	755.666820916496	-1.6144365896228692	571032.3442340436	2.6064055019131205	883.4785484578023	753.4640408871032	0.944454	33.0425	0.0556208932496456	0.0253255794695398	-0.0827757721	0.0996189269	-0.0249134173	-0.1239764862	-0.0369263473	0.0060761833	-0.114683444	-0.0215882401	0.031623452	-0.0105761387	-0.0028165214	0.0575061402	-0.0599169473	-0.0146697804	0.0401060943	-0.0664355658	0.107308753	0.0674425837	-0.0529040576	-0.1420120109	-0.0978896571	0.072406054	-0.0280256359	-0.098461807	-0.0129728098	-0.014800877	0.0662721758	-0.0103891916	0.032204035	0.0254994239	-0.0720661228	0.0455809067	0.0356894639	-0.0151574822	0.046772523	-0.0048142718	0.1687430967	-0.042962086	-0.0411150941	-0.119421183	-0.0357625696	-0.101578049	-0.0100294175	0.070138124	0.0317169855	-0.0900929182	-0.0068203152	-0.0692299205	0.2166222001	0.045559782	0.0198936508	-0.0392714307	-0.0920212805	0.0910435775	-0.1061813487	-0.1539399576	-0.2330070805	0.0624924141	-0.1928281665	-0.1041910158	-0.0544649854	-0.0718262044	-0.0401912549	-0.0202525846	-0.0809987783	-0.0434079774	0.1014526134	-0.0683785438	-0.1036200753	0.0264232106	-0.0621480924	0.0300051539	-0.0450952408	0.0761493673	-0.0094561962	-0.1112502726	0.0785525578	0.0667227798	-0.0460068344	-0.0131741473	0.0517821035	0.0090049657	-0.134682796	0.0333190284	-0.0640424939	0.1433809976	0.1186485094	0.0490068575	-0.2059442743	-0.0365163715	-0.0668569588	0.0105298721	0.0697732329	-0.055795266	0.0088620009	-0.0131120032	0.1337283294	0.1952426744	-0.0658181645	0.1869110389	-0.0186852459	-0.0740038331	0.0255807611	0.0988326813	0.0389646953	-0.052623776	-0.1620342473	-0.0975371814	-0.1117409691	0.0810953064	0.0412877176	-0.0273609342	0.0784781204	0.0902558121	-0.0199516678	-0.1888028899	0.0138144192	0.029007523	-0.0458335487	0.0123979337	-0.035108388	-0.0187486455	-0.0252547083	0.0766858115	-0.047132274	-0.0948006283	0.0101290257	0.0799246852	-0.1275100165	-0.0972232687993397	-0.0064783822218714	4.196943621266069e-05	0.0094523639960286	0.1514500637305502	-0.0069064451622579	4.769898477927687e-05	0.0229371218039877	-0.3061005486384403	0.0104663264030762	0.0001095439883757	0.0936975458767541	0.0045589155651059	0.000324235825114	1.0512887028742086e-07	2.0783711129764847e-05	0.0024371216687455	-6.590015234950002e-05	5.9395620282688505e-06	4.342830079687313e-09	-0.0023680730362422	-0.0002452588117851	6.015188475828806e-08	5.607769904977351e-06
809.6461069330226	-0.7477442411939137	0.5591214502386618	655526.8184717994	1254.6921371242754	-1.4599762234399805	2.1315305730100675	1574252.3589614816	756.5579913428699	0.8911704263738329	572379.994264758	0.7941847288433191	881.6541917657086	737.5656754563964	0.96558	33.781624	0.0866396234779495	0.044661135243263	-0.0079463201	0.1173387751	-0.0880859006	-0.0493728027	0.0870450944	-0.035041333	0.011151937	-0.0262774323	0.0716534376	-0.0500789291	-0.0014197331	0.0135857598	0.0678038441	0.061703876	-0.1004170702	-0.0704749778	0.1107005816	-0.0688023384	-0.0956752036	0.0179878497	-0.0879715866	0.0145154757	0.1538458778	-0.0449377367	-0.0041755388	-0.0127470094	0.0562606632	-0.0472944796	-0.174521346	-0.1776536579	0.0473932228	0.1239906461	0.076413225	-0.0840105959	0.0140965888	0.0628098791	-0.0146242506	0.0278650913	0.0145167169	-0.0112723416	-0.1626837143	-0.1252325557	-0.0068900692	-0.1548459146	0.0324486468	0.0755144619	0.0604574399	0.0845161516	-0.0567615173	-0.0442729684	-0.0747193037	-0.0648511888	0.0218257312	0.0295357284	0.0027718101	0.1884226734	-0.0196699351	0.0655189485	-0.0400723687	-0.0959985284	-0.0055890166	0.0113343534	-0.0116390218	-0.0162578284	-0.1039603512	0.0074589081	-0.0568083789	-0.0617198827	0.073163209	-0.0189907817	-0.0234203532	-0.0049779872	-0.1258318561	0.0989162041	0.0445702359	-0.0724230488	-0.0806376333	0.0862844035	0.0825217969	-0.0015524531	-0.1440764839	0.0251054562	-0.1331589113	0.0222595089	0.1357515925	-0.0199186369	-0.0025126743	0.0395327792	0.0758306032	0.0126138433	-0.0433952056	0.096251852	-0.021161759	-0.1190565285	0.2375738684	-0.0180837887	0.040062583	-0.0200384982	0.0310240802	0.0348375394	-0.0422512472	-0.1367122544	0.1065511909	0.0993776075	0.0996146302	-0.0446168771	-0.0965445364	0.0172992718	-0.0695771465	0.058075539	-0.0958062372	0.0372837555	0.0914073937	0.071235562	0.1269655541	0.0182602398	-0.0671929173	-0.0582825094	-0.0607599456	0.0449388993	-0.0250475282	0.0024971731	-0.0210951029	0.1143443455	-0.008804857	-0.0970621018	0.016850859	0.0717238087	-0.124700488	-0.111693210965285	-0.0144699421659453	0.0002093792262858	0.0124753733757356	0.1819400749507593	0.0304900112202091	0.0009296407842084	0.0331021908730879	-0.3274021798952304	-0.0213016312567901	0.0004537594942002	0.1071921874001488	0.0048051125562044	0.0002461969910984	6.061295842595485e-08	2.308910667779318e-05	0.002591815483754	0.0001546938150084	6.717507501826981e-06	2.3930176401884003e-08	-0.0023747430068353	-6.669970593100195e-06	4.4488507712821365e-11	5.639404348513162e-06
810.842981886465	1.1968749534424887	1.4325096541779596	657466.3412745344	1254.9062622993442	0.2141251750688297	0.045849590598257	1574789.7271581106	756.1670186506782	-0.3909726921916672	571788.5600950551	0.1528596460396001	884.2051162861186	747.2078383336996	0.972438	34.021557	0.0475070827377293	0.0239881917152818	-0.0235356481	0.120635323	-0.1111146353	0.1073401212	0.0185277941	-0.0063955325	-0.1333193589	0.0561514435	0.1768594032	-0.0161521791	-0.1057337705	0.1301199615	-0.029475485	-0.0507007201	0.0350200717	-0.0251945355	0.0889563828	-0.0044633402	-0.0344428953	-0.0586689643	-0.0317204881	0.0690959396	-0.0206451826	0.1569561837	-0.050032651	-0.0667526801	0.0933502979	-0.0007740405	0.0016990792	0.1942909756	0.0809606521	-0.0188498542	-0.1325481374	-0.1121516664	-0.0406622454	-0.1015689223	0.0298762886	-0.0534147738	-0.011990451	0.0385619658	-0.1479587041	-0.0474356806	0.0565073027	0.0581745054	-0.0341358233	0.0392184995	0.0902143764	0.0558896078	0.0350450996	0.0873376208	-0.0034592397	-0.0176109081	-0.0936918163	-0.1951908394	0.047301421	-0.0917285673	-0.0095790929	-0.0893638691	0.2155084276	0.0028353501	0.2512009647	0.0232406397	0.0067915449	0.0313023354	-0.1854091555	0.0909178686	-0.0526139041	0.0662573164	-0.1273545883	0.0538298174	-0.0970079538	0.1493229481	-0.0209242322	0.0455390446	0.1055374179	0.0744107354	-0.0924669442	0.0506460602	-0.0617599654	-0.0511093889	-0.0799121776	0.1564147354	0.1223069513	0.0031546089	-0.2357117901	-0.1351858696	-0.0340395517	0.0390457415	0.030715337	-0.0621712873	0.0520668742	0.115457351	0.0425408667	-0.0055557191	-0.0737399572	-0.0831470392	-0.0003829987	0.2279263161	0.0411149167	-0.06579853	0.0617959342	-0.141412766	0.0234134556	0.1254203952	-0.0038579301	-0.1678946728	-0.1125575771	0.0956571159	0.0005089691	-0.0266825841	0.1552018348	-0.0214810679	0.0851735562	0.0610502636	-0.0667905583	-0.0895708449	0.07588784	-0.2554581768	-0.0452511207	0.1307789052	0.0709041933	0.0880029083	0.0846790616	0.141419649	0.0265308291	-0.0992570537	0.0235265052	0.063080731	-0.1205247148	-0.0959055432189188	0.0157876677463662	0.0002492504528696	0.0091978732201159	0.1974386818031916	0.0154986068524322	0.0002402068143662	0.0389820330721819	-0.3287594834432212	-0.0013573035479907	1.8422729213884024e-06	0.1080827979538536	0.0049109501702458	0.0001058376140414	1.1201600545976416e-08	2.411743157463725e-05	0.0024276225149058	-0.0001641929688482	5.89335107487756e-06	2.6959331019186004e-08	-0.0024019825157645	-2.723950892920008e-05	7.419908467039708e-10	5.769520006038357e-06
807.9276109707724	-2.91537091569262	8.499387576066423	652747.0245689398	1254.9687794043923	0.062517105048073	0.0039083884235918	1574946.6372797503	754.6255146348498	-1.5415040158284228	569459.6673379119	2.3762346308151545	882.7297604988768	734.5975058576774	1.099043	38.450939	0.0784217800335548	0.0505374255138268	0.0330417682	0.0948316886	-0.0635847918	0.1605951802	-0.0966912949	-0.0619441078	-0.1352346474	0.0472010943	0.0393891798	-0.1454284792	-0.1728322809	0.1026426391	0.0694955633	-0.0731754421	-0.0549278608	-0.092008658	0.1788076994	-0.0698212206	0.0588302706	0.0524932109	-0.1211552779	-0.1362240779	0.0545934692	-0.0337038775	0.0359773733	0.0930189995	-0.0634035244	0.2201024853	-0.0507229432	-0.1549828237	0.222089519	-0.0422515335	-0.0402146421	0.0398035998	-0.0687137408	-0.0780461639	0.2146837214	-0.1990071919	0.0155935574	0.0588969064	0.1068168639	0.0133822903	0.0707516803	0.013466077	-0.0575021255	-0.1037395629	0.1944138428	0.0272921258	-0.0444752042	-0.0808924166	0.1128566997	0.1735079731	-0.126937842	-0.0368643124	-0.0011737621	0.1143317974	0.0022463172	0.036834743	-0.0656812758	0.1395460468	-0.1009537402	0.0686392767	-0.0038416673	0.0993546024	0.0219679045	0.1661121528	-0.1016404202	-0.0579249691	0.0692055924	0.1347605824	-0.1910542268	-0.2769636199	-0.2295237276	0.3764529296	0.0661995366	-0.0016270288	-0.0891975195	-0.1015216051	-0.0417678135	0.0899014947	0.0501796092	-0.1018913045	-0.0039369779	-0.0463807392	0.0161560995	-0.0509164329	-0.2258107071	-0.1185158215	0.0529695861	-0.0169002075	0.0501429006	0.0315107428	-0.01014314	0.0507867213	-0.0446411635	0.046745838	0.021739055	0.0264701426	0.0313247939	-0.0323940269	0.0221083046	-0.181771067	0.4376973194	0.0422155888	0.3099524107	0.1943637878	0.1601567337	-0.0322889471	0.1615209679	-0.0111872241	-0.1617353009	0.2269067518	0.0653889106	0.132432817	0.0915677293	0.1338218747	-0.2810291316	0.0599597973	0.3130037978	0.0695402896	-0.0962371835	0.0216570217	0.0416682761	-0.0171654919	-0.1582300494	-0.1013839798	0.0301376669	0.0540487397	-0.1150284477	-0.097045677047447	-0.0011401338285282	1.2999051469543845e-06	0.0094178634335973	0.1645518715420877	-0.0328868102611039	0.0010815422891498	0.0270773184280037	-0.2906588758272335	0.0381006076159877	0.0014516563007074	0.0844825820971511	0.004916811871269	5.861701023199793e-06	3.4359538885381496e-11	2.4175038977451764e-05	0.0023637515760193	-6.387093888649996e-05	5.587321513133724e-06	4.079496834243012e-09	-0.0023458305891155	5.61519266490001e-05	3.153038866394687e-09	5.502921152829974e-06
806.9396551265903	-0.9879558441821246	0.9760567500536144	651151.6070158205	1250.6476365221777	-4.3211428822146445	18.67227580851429	1564119.510738509	754.2364591807394	-0.3890554541103483	568872.6363574992	0.1513641463730093	879.6556301706358	709.4197740987861	1.099384	38.462868	0.1764339177886673	0.0898506230604053	0.100704813	0.0020352098	-0.0846811819	0.0192728734	-0.2106061625	-0.2545836618	-0.1183847248	0.0503076264	0.0437794209	0.0605714446	-0.0629285133	0.052793291	0.0790151161	-0.1489331	-0.0658089499	0.0890042695	0.0271943331	0.0522329912	0.1006047999	-0.0812685189	0.0911928836	-0.1162914875	0.0868713253	0.1065726584	0.1253433076	-0.0672853876	0.0193648424	0.114329169	-0.1966888593	0.0357077256	-0.0184916268	-0.1257754718	0.0989808813	0.0080228312	-0.01959014	0.0253014062	0.0225537916	-0.0456494725	0.0528800913	0.1332860354	0.0838397322	0.0598442651	-0.2570424286	0.0042005518	0.0623416807	-0.0507955761	0.098454681	-0.3294532469	-0.0424332213	0.0362964345	0.1357412183	-0.0022066496	-0.0388319807	-0.1147867406	0.1449069522	-0.0015760766	0.0725526605	0.0080587205	-0.1581187544	-0.0266685911	0.0208317233	-0.0128699423	-0.0083201253	0.0134632454	0.0178540753	-0.0578129843	-0.0160963412	0.0321632545	0.0453600558	0.124307793	-0.0199045504	-0.230841534	0.1596521594	0.2116866245	0.060667653	0.3066120187	-0.0787366039	-0.1236466454	-0.1995563416	0.1196176783	0.1478297146	0.0979005136	-0.0291910331	0.2038661235	0.1273745055	0.1119388656	0.0556881897	-0.0104382819	0.0452404861	-0.1638831812	0.035098305	-0.050785125	-0.0357950714	0.0725907247	0.159311005	0.1157327937	0.0369818894	-0.0639162506	0.0494174232	0.0977355164	0.1119533944	-0.1446802629	0.4058946412	-0.0486859672	0.0292533905	0.081754365	0.257872665	-0.2765056151	-0.1009060977	-0.3415639988	-0.1359026492	-0.0292687936	-0.0272747277	-0.3414428689	-0.2194201764	-0.0486586792	0.2237943296	0.0715624466	-0.1824846536	0.0294967034	0.0101774246	0.0809851219	0.073631494	-0.1061550539	0.1210078482	-0.1034414224	0.0366662233	0.0446835199	-0.1082719048	-0.087381500753267	0.0096641762941799	9.33963034449906e-05	0.0076355266738932	0.2040440240925818	0.0394921525504941	0.0015596301130714	0.0416339637678941	-0.2765320809572102	0.0141267948700232	0.0001995663332997	0.076469991798525	0.0037251660027103	-0.0011916458685586	1.4200198760530178e-06	1.3876861747748637e-05	0.001737965754037	-0.0006257858219823	3.0205249622053977e-06	3.916078949940628e-07	-0.0019002463981771	0.0004455841909384	1.9854527121422854e-07	3.6109363737850417e-06
810.5848176242953	3.645162497704973	13.28720963467476	657047.746563012	1248.9741431402567	-1.6734933819209346	2.800580099333167	1559936.4102329386	755.0349477771368	0.7984885963974193	570077.7723648237	0.6375840385767207	880.2987482332624	725.0043963481392	1.204053	42.124809	0.4149853859643809	0.2042763349270752	0.0010620647	-0.2181583422	-0.1588728496	0.0225232057	-0.1410416675	-0.2992827041	0.025441414	-0.1017470764	0.0416108636	0.1142223706	-0.172575897	-0.1564346896	-0.0237488806	-0.0897649527	0.1200022112	0.026076268	-0.3998418968	-0.07232733	-0.0885028832	-0.1746935337	0.0112094772	-0.0128184479	-0.0257663651	-0.1078667513	-0.0851954239	-0.2112604155	0.0458952565	-0.1882019935	-0.0218990145	0.3316181905	-0.0473171247	0.0477291075	0.0956260364	-0.0199702396	-0.0092506143	-0.1387888894	0.1149881107	-0.1188170724	-0.0083470603	-0.0331405104	0.0432643378	0.0183986153	0.0947503567	-0.112141371	-0.1874193939	-0.1116838466	-0.1409786501	-0.0851128113	0.1513032963	-0.0409178103	0.1128115022	-0.0085895583	0.2116866364	-0.1443158031	0.132680084	0.106577426	-0.1678338347	0.0024165226	-0.0801257504	-0.0841082537	0.096342113	0.0306361203	0.1017778442	-0.1633322077	-0.0412153836	-0.0974915393	0.0104603235	0.3303599986	0.0872924649	0.0683695583	-0.1620447413	0.1147122632	0.2038392557	-0.1437654308	-0.2168107793	-0.0427939763	-0.0326016831	-0.0753024079	-0.1281360355	0.025946952	0.1738644315	-0.0248303212	-0.1726254256	-0.0632058171	-0.0972611973	-0.0450548344	0.1120630398	0.1868140397	0.2522775214	0.1456027219	0.0791226989	-0.0173618933	0.0607662499	-0.0109026282	0.0308453021	0.0802013289	0.1472316981	-0.0657255586	-0.130960828	0.0071853178	-0.0963534239	0.1402949772	0.0405363311	-0.0833830552	-0.2796075288	-0.04435523	0.0968577223	0.0908580837	-0.2948828734	-0.1559872266	0.1279256389	-0.0700680577	0.2927017266	0.0467583181	-0.0814484891	0.0870271816	0.2605733278	-0.0372856351	0.0967931513	0.0156280218	-0.1809591529	-0.0240187621	-0.0794093661	-0.0637948362	-0.1751939987	-0.1054279714	0.0430942802	0.0350428114	-0.1003291122	-0.0695767043634703	0.0178047963897967	0.0003170107744821	0.0048409177900817	0.0647147314759166	-0.1393292926166652	0.0194126517810603	0.0041879964699999	-0.2155092334251662	0.061022847532044	0.003723787920919	0.0464442296915027	0.0015127885273512	-0.0022123774753591	4.894614093476305e-06	2.288529128485412e-06	0.0028250511414029	0.0010870853873659	7.980913951541828e-06	1.1817546394244691e-06	-0.0012631402723846	0.0006371061257925	4.059042155223289e-07	1.595523347719841e-06
809.3403270900892	-1.2444905342060792	1.5487566897285323	655031.7650542926	1254.940673855276	5.966530715019189	35.5994887732674	1574876.094896334	756.4490135096991	1.4140657325622217	572215.1100397969	1.999581896006732	884.0463964417485	736.845256507096	1.082064	37.856915	0.1669906569778177	0.1019567082201415	0.0092037602	-0.1709665864	-0.1349472459	0.1165348068	-0.071937761	-0.0081138914	0.1582604161	0.0132845703	-0.0039437213	-0.0853316665	-0.0471567327	-0.010342792	0.0623207262	-0.0044274252	0.19644447	0.0516851643	-0.0531491183	0.0926155939	-0.0395073466	0.0999503914	-0.0842218471	0.2743753398	0.0472106752	-0.1346426893	-0.0868994611	-0.0519898868	-0.0811375548	-0.008953266	0.0876146949	-0.0088005885	-0.0940566993	0.0869204373	-0.1862254931	0.0490770215	-0.0590429001	0.006467114	-0.0434439915	0.1610803636	-0.1309963579	-0.085934504	0.0232666325	-0.0057365967	-0.037814546	-0.0129219424	-0.0988288602	-0.044611034	0.0207094097	0.0403948502	-0.0089053548	0.0011912747	0.2006346953	-0.1408463726	-3.98105e-05	0.1026535133	0.0970547683	0.0117651119	0.1220264541	-0.052839918	-0.0299502192	-0.063348227	-0.0361809425	0.0746339889	-0.0281596354	-0.0192480199	0.0021360393	0.0666922567	0.0269575879	0.0863988608	-0.0341534879	-0.0045741463	0.0297123448	-0.0790825956	0.0705778424	-0.0608933418	-0.0166548577	-0.0899466465	-0.0716232858	0.1522135646	0.1549777755	-0.1324250595	-0.059383295	-0.1436715141	0.1939707981	0.0887143581	-0.0360081163	-0.0671007447	0.0972398338	-0.2493582697	-0.0532417415	0.0853239452	-0.0857992562	-0.059169211	-0.0363459356	0.2185981244	-0.2422495617	-0.0077730571	0.1874798777	-0.0952743082	0.0129541647	0.1472062828	0.0279938431	0.0826066739	-0.0006649221	-0.0442837228	-0.1260510049	-0.0593781772	0.1901500682	0.0428200333	0.0109575464	0.1008310695	-0.0865807068	-0.0079200582	0.2116669253	0.1324523195	0.1955478471	0.0155605151	0.0843809634	0.0161282236	0.1896265929	0.1913584049	0.0238511106	0.2663779214	0.215203689	0.0449818187	0.1863500573	-0.1073422654	0.0494042187	0.0251860523	-0.0912870929	-0.0866499620069163	-0.017073257643446	0.0002914961265594	0.0075082159158	0.1604759958216846	0.095761264345768	0.0091702197491	0.0257525452349613	-0.2408946983927649	-0.0253854649675986	0.0006444218316211	0.0580302557137411	0.001710296986824	0.0001975084594727	3.9009591563318675e-08	2.925115783139253e-06	0.0028661400095371	4.108886813419983e-05	8.214758554269328e-06	1.6882950845496622e-09	-0.0015999563451977	-0.0003368160728131	1.1344506690523959e-07	2.5598603065383822e-06
805.5484080160916	-3.791919073997633	14.378650263747064	648908.2376572596	1248.0649540314046	-6.87571982387135	47.27552309637747	1557666.129481412	752.6953007203244	-3.7537127893746174	566550.2157264596	14.09035970511457	879.9829503260968	712.0999186464804	1.052071	36.80759	0.1444274305501484	0.0853783971969639	0.1203968024	-0.0603252695	-0.0323746899	0.0081722107	-0.0600361802	-0.0168550883	-0.0303399699	0.0854174084	-0.0512342499	0.0743312633	-0.0579362576	-7.88476e-05	-0.0226388186	0.0423996834	-0.0118493679	0.0246940968	0.0086485803	0.0494725876	0.1255212052	-0.0965846566	-0.0933377799	0.0457502203	-0.1005511611	-0.2761343217	-0.0023685417	0.0667177628	-0.0408294448	0.0914010608	0.0289274637	0.1506968107	-0.0067164473	0.0165760162	0.1095367336	-0.1535940098	0.0745593898	-0.1078558191	-0.0538238112	0.1059973552	-0.0835047446	-0.1036709164	-0.1077994658	-0.0709658031	-0.0297826916	0.070395456	0.0486279715	-0.0173419516	0.030040803	0.0124226868	0.1071891795	-0.1192754729	0.0653886157	-0.1457580112	0.0322846521	0.0519104659	-0.0680297736	-0.0279090549	0.1691470804	0.017349485	0.0910942144	-0.0306554253	-0.0271176044	-0.0738068835	0.0916490836	0.060917004	0.0674772667	-0.0400077543	-0.0108148932	0.0935723071	0.0129412623	0.0586329989	-0.0256277335	0.0018763036	0.1615084882	-0.0034663654	0.115470534	-0.0844054174	-0.0635264661	-0.0211529	-0.0512122462	0.0248890773	-0.0526134608	0.0002022708	0.0228774226	0.0881609919	-0.1076145073	-0.1733575165	0.1584688768	0.0589524869	-0.0242698755	0.1448727832	0.0543768108	-0.0005726585	-0.1737679802	-0.0425866558	-0.0367000556	-0.0342352981	0.1898451678	0.0133516217	0.2195198264	-0.0248013047	0.0277429774	0.017066645	-0.1179333433	-0.0456277078	-0.1505077596	-0.0779700941	0.0089272425	0.0428283499	-0.058621987	-0.0610772608	-0.0131630681	0.0965668923	0.0512789173	0.0378528675	0.0558709083	0.0143308553	0.164787954	0.2445919013	0.1778673059	0.0859084808	0.114055068	-0.1546449008	0.0819632756	-0.1399163645	0.1211126468	-0.1091829923	0.0555787436	0.0151740128	-0.0812449131	-0.0782913487196736	0.0083586132872427	6.986641608567026e-05	0.0061295352843455	0.1290250738168623	-0.0314509220048223	0.0009891604949534	0.0166474696734467	-0.2557863384012933	-0.0148916400085283	0.0002217609421436	0.0654266509127409	0.0031152183680464	0.0014049213812224	1.9738040874158565e-06	9.704585480613676e-06	0.0031258203611943	0.0002596803516571	9.770752930456865e-06	6.743388503680698e-08	-0.0017298797173092	-0.0001299233721114	1.6880082620823275e-08	2.992483836357758e-06
809.1910969079695	3.642688891877924	13.26918236301082	654790.2313151229	1243.9117170177744	-4.153237013630132	17.24937769138734	1547316.3597341075	755.6373755080053	2.9420747876808946	570987.8432646262	8.65580405630758	879.5986049637953	718.4770670466419	1.014014	35.476131	0.0654190877527448	0.0291284813679732	0.0492106529	0.0673243432	0.0627497047	-0.0507875925	0.0904567605	-0.0558762151	0.0741993047	0.0552674477	0.0246997018	0.1355095026	-0.0702368917	-0.2286871325	0.0895198738	0.0514807941	-0.2436669671	0.0342827201	0.0432549561	0.1719261483	-0.0938080498	0.0513720913	-0.1301920093	0.0394153365	-0.023496248	-0.0250673082	-0.1328705701	0.1016670916	-0.0790386844	0.0271210172	0.0730140894	0.0218565148	0.0501583312	0.0289918566	-0.0028746766	-0.0022907707	0.0379586372	0.097025476	-0.0173773908	-0.0636045744	-0.0767677031	0.0851900693	0.0910461748	-0.0441541821	0.0265138228	-0.0311239078	0.1067748328	-0.0274481611	-0.1136067318	-0.0116861401	-0.0167272553	0.116629572	-0.111964303	0.0677197491	-0.1353311756	0.0250886968	-0.0334523551	0.1633927393	0.1396007211	0.1184138956	-0.0564059461	0.1276389983	0.0797319902	-0.0050890282	0.0581902039	0.0021093675	-0.0693918006	-0.0818875027	-0.0998394031	0.0105844011	0.242929681	-0.0372755944	0.0249224009	0.0708416118	-0.0190911421	0.1137748659	0.1290899514	0.0352252167	0.061450995	0.0160519309	0.0477373715	0.0611596003	0.0704475001	0.0580207425	0.0873978239	-0.1172963827	-0.0427414095	0.0081518785	-0.0286233515	0.0070679614	-0.2095461803	0.0664184592	-0.0818543762	-0.0295069025	0.0440979236	0.0151108664	-0.138272186	0.0579750277	0.1451788168	-0.1623904159	-0.2191586074	0.1052507178	-0.0157111405	-0.0516273722	-0.1073259921	0.0011667813	-0.0940097298	-0.0491279592	-0.0425104899	0.0748509329	0.0601222214	-0.1336472996	-0.0688911073	0.1275361735	0.0272847817	-0.0003780062	0.2437943224	0.1056754572	0.0360420955	0.2193266837	0.0360336364	0.1107199612	0.0669053743	0.1329130216	0.0260409536	-0.1378438707	0.028510302	-0.1109488906	0.0616009311	0.0050684204	-0.0703125971	-0.0842621943166364	-0.0059708455969628	3.5650997142770066e-05	0.0071001173910545	0.140903837951825	0.0118787641349627	0.000141105037374	0.0198538915495541	-0.2726781350388876	-0.0168917966375943	0.0002853327936458	0.0743533653282858	0.0029587121958516	-0.0001565061721947	2.4494181935068366e-08	8.753977857880998e-06	0.0030419035189355	-8.391684225879988e-05	9.253177018512178e-06	7.042036414688302e-09	-0.0021030103305201	-0.0003731306132109	1.392264545151424e-07	4.422652450274261e-06
813.1059596280968	3.914862720127303	15.326150117442548	661141.3015827282	1259.0516368282224	15.139919810447964	229.2171718667947	1585211.024199826	759.1661576933664	3.528782185361024	576333.2549869092	12.452303711721324	885.6544963190671	753.2830212513205	1.039196	36.357128	0.0899218279053289	0.0434086918337128	-0.1331636023	0.1238980255	0.1204630286	-0.0772334349	-0.028706084	0.0550646109	0.0051691703	-0.1300049317	0.0371640849	-0.049579379	0.1048513872	-0.0903752094	0.0298912582	-0.0379198215	-0.0863991007	0.0335253541	-0.0362759775	-0.0878753128	0.0124752922	0.1343274886	-0.0875923352	-0.0444933872	-0.0751691083	-0.011417235	0.2167976085	0.0691433957	0.0951982767	-0.128252233	0.1150121375	-0.0989419769	-0.0624306188	-0.1821651888	-0.0733485235	-0.0697781288	0.0109424318	-0.0184707839	-0.1322484075	0.0925235027	-0.0168001631	-0.0246144069	0.0447269752	0.2354081111	-0.0239811843	0.1148827905	0.0443843073	0.0793701361	0.0027230233	0.0114209737	-0.0418114323	-0.090363678	0.0450423603	0.0292429853	-0.0703301404	-0.0718277703	-0.0451130776	0.2282526398	-0.1747616648	-0.0111404314	-0.0411543855	0.0484401589	0.0512644355	-0.1454290421	-0.025900134	-0.1032663253	-0.0543386046	0.0926813401	0.0964280337	-0.0855380206	0.1165344543	-0.1182777032	0.0741263073	0.096834055	0.0207217627	-0.1204744534	0.1429415207	0.0792531735	0.0369103331	-0.1250210826	-0.0779516637	0.076356714	0.1237824324	-0.0970697557	-0.0106370862	0.0774504485	-0.0057897754	-0.1274770596	0.047563812	0.0137305175	0.0952573989	-0.0528577069	-0.1614988684	0.0749946409	0.0457683911	0.06236714	-0.2003197749	0.0074690608	0.1119425077	0.1685993401	-0.0778039059	-0.0753588843	0.1547747211	0.0068712966	-0.1241059528	0.0658712435	-0.0632334258	0.0184599494	-0.1552722639	-0.0313014083	0.0691697133	-0.0469253445	-0.0707121699	-0.0657239307	-0.0169225172	-0.0801718981	0.1583919365	-0.0027780006	0.1297203437	0.072657464	0.1183351074	0.0217789592	0.1790363248	0.1872400588	-0.0170247416	-0.121094611	0.0637594913	-0.1126387502	0.0674542747	-0.0050684204	-0.0586099215	-0.1047058323330247	-0.0204436380163883	0.0004179423353451	0.0109633113245514	0.1259059666953987	-0.0149978712564263	0.0002249361422243	0.0158523124495028	-0.2473530810412683	0.0253250539976193	0.0006413583599823	0.0611835467006082	0.0028362784416299	-0.0001224337542217	1.499002417281969e-08	8.044475398454535e-06	0.0028062111335382	-0.0002356923853973	7.87482092599375e-06	5.5550900534269407e-08	-0.002327989483599	-0.0002249791530788	5.061561932009911e-08	5.419535035747539e-06
812.0655746607188	-1.0403849673780314	1.0824008803461875	659450.4975490434	1260.9427967275165	1.8911598992940528	3.576485764697891	1589976.7366190108	759.4608648495357	0.2947071561693519	576780.8052380048	0.0868523078974268	885.5091483749183	745.5258195840506	1.177013	41.178772	0.3331891226633591	0.1889893218220422	-0.1282956982	-0.2794281305	0.0870364286	-0.1349919297	0.1567966323	0.1160791541	0.0260044263	-0.2252307744	-0.1609005021	0.0060021454	-0.0031053752	-0.0112514972	-0.1160040806	0.1151094765	0.1262249276	-0.1630999051	-0.0611918655	-0.0699065322	0.1086763315	0.1298978296	-0.048184001	-0.0158479612	-0.0176779922	0.1983806366	0.0147526564	-0.2204671225	0.0543747564	-0.0942169402	-0.1250391744	-0.0885882103	0.0653276923	-0.0140181134	0.1260645847	-0.0736612151	-0.1306079005	-0.1624793489	-0.1836681982	-0.0138761285	0.0796463465	0.1619567217	-0.1125519525	-0.0815755842	0.0266764127	0.0457091509	-0.1184678392	-0.1149107003	-0.0054949218	-0.0213246745	-0.1108689667	0.0597774372	0.0524964224	0.1127679445	0.0733377632	-0.0596520261	-0.0035040042	-0.066565873	-0.107254463	0.1112434104	0.0512887667	-0.0009172282	-0.0542556497	0.1219547218	0.0676018846	-0.2320472585	0.1504396836	-0.0955115317	0.0142652088	0.0271835844	-0.2570925884	-0.026640832	0.1482734281	-0.0542747295	-0.0990821419	-0.0748595461	-0.0487537503	0.043826118	-0.100212963	-0.1249932492	0.0905765443	0.1090820436	-0.1863552841	0.1001396793	0.0030032377	-0.0978235254	0.0075192987	-0.019768172	-0.0357843084	-0.0390443648	0.2913388491	-0.0213964832	-0.0193395623	-0.0282184766	0.1072872432	0.0058576037	-0.1615005916	0.0719494305	-0.2209819623	-0.0290212459	-0.0707159556	0.1414819925	0.0090601533	0.3383210289	-0.0482933346	-0.0066872452	-0.021898083	-0.0583153134	0.0261164051	-0.0700245743	-0.0114342405	0.0533147986	-0.07964178	-0.1091785368	-0.237632037	-0.0790712214	-0.044461587	0.1287841856	-0.1454668512	-0.0209633755	0.1128557168	0.0607072324	0.1469663481	0.0995970209	0.0896019469	-0.026585875	-0.12697024	-0.1142514127	0.0731227308	-0.0151740128	-0.0462651033	-0.0818143243488265	0.0228915079841982	0.0005240211377906	0.0066935836686549	0.1049684331050855	-0.0209375335903131	0.0004383803128454	0.0110183719485368	-0.1210340000008756	0.1263190810403927	0.0159565102348892	0.0146492291562119	0.0010192037179926	-0.0018170747236373	3.30176055128157e-06	1.0387762187699394e-06	0.0017950370543802	-0.001011174079158	3.222158026597945e-06	1.022473018361029e-06	-0.0018954182854252	0.0004325711981738	1.871178414895171e-07	3.592610476724205e-06
812.1566364710065	0.0910618102877833	0.0082922532928882	659598.4021638987	1257.3164174904605	-3.6263792370559713	13.150626370950649	1580844.573691046	757.2772277612875	-2.183637088248247	573468.7996858208	4.768270933173282	884.9183464191752	749.8839480787907	1.083534	37.90836	0.2396173852711272	0.1292151601329226	-0.1250611323	-0.1140283906	0.2016087389	0.1338624397	-0.0229206612	0.0007941341	0.0669916898	-0.0591394397	-0.1148735317	-0.1780099129	-0.043565347	-0.084242644	-0.1284557203	0.007130984	0.0314339327	-0.0687350833	-0.1835180155	0.1131973863	0.0708352828	0.090029464	0.0488423417	-0.1373049593	-0.0211039677	-0.1105898404	-0.0421556558	0.1292957801	-0.14812913	-0.053592317	0.0645262435	0.2378867945	-0.1673775041	-0.0799866968	-0.0057674014	0.0557753784	-0.0363036144	0.041206099	-0.0016678308	-0.0539157522	-0.1227321898	-0.0569745568	0.080857338	-0.055214831	-0.1148280003	-0.0225002328	0.0845811822	0.0209787067	-0.0902778136	0.0281028966	0.0498756006	0.034635566	0.0870110122	0.0816848375	-0.088859636	-0.0942454209	-0.0953470546	0.0793704561	0.0501979299	0.0668807094	0.0728546687	-0.0441423851	-0.0412014675	-0.0453368137	0.001788333	-0.0789366675	0.119665733	0.1077943953	0.0649861577	0.1937819146	-0.027759275	-0.1541092235	0.0096008725	0.1228979823	0.1206429417	-0.0249235879	-0.0351009141	-0.1311060133	0.05329965	-0.0380984862	-0.0887039116	-0.0046297786	0.0148616684	0.0308316101	0.0482823016	-0.032154876	-0.0158224828	-0.0232581167	-0.0992582644	0.0094882577	-0.1182523976	-0.1965791865	-0.039573289	-0.1157347907	0.0929878013	-0.0352473892	0.0653620875	-0.0873422909	-0.1323078166	0.1408237377	0.0299736556	-0.0692175587	0.1036562236	0.2320529448	-0.05870467	-0.076800131	-0.0187380274	0.2039291547	-0.166408343	0.0938100608	0.0736992857	-0.0635019227	0.0497232007	-0.0593392671	-0.024880522	-0.1132506084	-0.2167050901	0.0224062189	-0.112366161	0.1219976264	0.0761544449	-0.0530720936	-0.0435007305	0.129779897	0.135461501	-0.0960118508	-0.0264459938	-0.1157857731	0.0785907625	-0.0251860523	-0.033413395	-0.1107693090827552	-0.0289549847339287	0.000838391140942	0.0122698398346709	0.0063577532361449	-0.0986106798689405	0.0097240661842146	4.042102621171096e-05	-0.1472914361595485	-0.0262574361586729	0.0006894529536267	0.0216947671659423	0.0022227117025434	0.0012035079845507	1.448431468877528e-06	4.940447312623379e-06	0.0020200809854833	0.0002250439311031	4.080727187911181e-06	5.0644770926336864e-08	-0.002182752059963	-0.0002873337745377	8.25606979901392e-08	4.76440655527272e-06
810.1354954335072	-2.0211410374993197	4.085011093463825	656319.5209612942	1256.4133847599776	-0.9030327304828916	0.8154681123233867	1578574.5934040234	755.5017090939534	-1.7755186673340404	570782.8324438846	3.152466538051647	882.3784862183522	742.6502467905116	1.021986	35.755043	0.2070017514980262	0.1181329895927182	-0.1024442731	-0.0765385545	0.1349344452	-0.110970656	-0.0632955856	0.1142068005	0.0346587573	-0.1059347173	-0.1338600896	-0.0065635866	0.0993232513	-0.0709779438	0.0601421773	0.0486868684	0.0042427611	-0.0493707639	-0.0660189211	-0.0401015986	-0.1973505058	-0.0510290354	0.062307534	-0.1007147351	-0.1201207998	0.2163744161	0.0333193965	-0.1088802128	-0.2045299112	-0.0558654177	0.0007771973	-0.1392584942	-0.2284258847	-0.0315267308	0.0529813756	-0.054930749	0.0595234498	-0.0269210627	0.0595503179	-0.0749211905	-0.0899353141	0.0082380435	0.0315219303	0.0835821517	0.1032989738	0.1565507398	0.1755327723	-0.2050278205	0.0120303226	-0.0178483677	0.117795979	0.0408344768	-0.0182384108	-0.0923317461	0.0010966112	0.0152421279	0.1219611204	0.0288007547	-0.0674131718	-0.0105111897	0.0567327441	-0.0413327564	-0.0691257339	-0.0498878669	-0.1257703419	-0.1409370956	0.1071457144	-0.0649262452	0.0455818505	-0.077914768	0.025212814	-0.0278931991	0.0354891172	0.0086738898	-0.047765845	0.0789675727	-0.1218830476	0.0856930708	0.1352578774	0.0612788013	-0.0286265694	0.0695799524	0.2170010362	-0.0739605615	0.0474582392	-0.1609805165	-0.1074798517	-0.0088179014	-0.1225524077	-0.0967178421	-0.0475932615	0.1884359244	-0.0093148975	-0.066827393	-0.0005898683	-0.0867738632	0.1707308461	0.0305543011	0.0048101524	0.1136207212	0.0643836947	-0.0588102313	-0.0570905007	0.1508818989	-0.0772431037	-0.0146481238	0.0839130757	0.1060424956	-0.1265964014	-0.1180277325	0.0556019354	0.1622504563	-0.1291395839	-0.0544219113	-0.0633732663	-0.1296172163	-0.1147174696	0.1359039725	0.082552863	-0.0468260463	0.1057387887	0.0436124502	0.0313456163	-0.0025961547	-0.0628417068	0.0154162137	0.0637149128	-0.1172407796	0.0838433825	-0.0350428114	-0.0201956026	-0.1304324299911172	-0.019663120908362	0.0003866383238568	0.0170126187933876	0.1155467140022779	0.1091889607661329	0.0119222291531881	0.0133510431167242	-0.1775026394818297	-0.0302112033222811	0.0009127168061802	0.0315071870230164	0.0026158774678735	0.0003931657653301	1.5457931902760336e-07	6.842814926928274e-06	0.0018426442831531	-0.0001774367023302	3.3953379542368018e-06	3.1483783333816035e-08	-0.0025709189223277	-0.0003881668623647	1.506735130380561e-07	6.609624105182623e-06
809.873234697627	-0.2622607358802042	0.0687806935844262	655894.6562795977	1255.4260406222631	-0.9873441377144444	0.97484844627908	1576094.5434724924	756.148304526639	0.6465954326855581	571760.2584385107	0.4180856535698241	882.8311176465086	738.8085906435815	0.984397	34.439953	0.0629957399809538	0.0325189322415347	-0.0620602106	-0.0173174417	0.0100319375	-0.1197951438	0.1616235493	0.0410267176	0.0437770995	-0.0541200596	-0.0476502176	0.0410404321	-0.01632066	-0.1296582476	0.016186644	0.1582148858	-0.1411135	-0.1564650113	0.0402597004	0.043527317	0.1101600908	-0.0278424837	0.1373801077	-0.0961381598	0.0266553973	0.0095568484	-0.0322521888	0.0624451274	-0.1172510044	-0.0807372392	0.0219117572	0.0355068729	-0.0130079568	0.1519303783	0.0392552864	0.0949377568	-0.0396029749	0.0328349975	-0.0913623618	0.0201463453	0.0619784284	0.003244839	-0.0041823151	0.0735126885	0.0403109116	-0.2008610679	-0.0529532862	-0.0845447152	0.0306212988	0.0170786512	-0.0269477554	0.0313425281	-0.0115612708	-0.0009437288	-0.1840180522	-0.1216739533	0.0319617925	-0.1392352264	-0.089178378	-0.0875940439	-0.0828356224	0.0534247487	0.0280445903	0.08541698	0.0391748226	-0.0602195245	-6.69182e-05	-0.1328587546	-0.0303494085	0.0225812704	0.0075782768	-0.1216818512	-0.0375648255	0.007354713	-0.0645682304	0.0743457436	-0.1827395113	-0.0253679738	0.2153353784	0.0126312959	-0.122280862	0.0455173065	-0.059547268	-0.0760556094	-0.0322060981	-0.031126847	0.0942306777	0.0193341504	0.0432671712	0.021613515	-0.0966815928	-0.0262167631	0.0002963136	-0.0003770241	-0.0378454138	-0.0134488439	0.0292248216	0.2059070749	-0.0509622557	0.0532697339	0.0371961434	-0.0047251397	0.0286041508	0.092080823	-0.0808980297	0.0310303829	0.0949040614	0.0059924188	-0.0974184165	0.0121955719	-0.1298100758	-0.0139165419	-0.1239944137	-0.0556658644	-0.1248696859	-0.0390568885	-0.0893885285	0.0236207796	-0.1701698602	0.024390221	0.1702588919	-0.0192068909	-0.0019487782	-0.0225906981	0.0205985569	0.0188413556	0.0011227008	-0.1186154352	0.0888661936	-0.0446835199	-0.0067565429	-0.1204464076822091	0.0099860223089081	9.972064155401036e-05	0.0145073371235489	0.0921838249863356	-0.0233628890159423	0.0005458245831712	0.0084978575891113	-0.1772282208957563	0.0002744185860734	7.530556038252982e-08	0.0314098422818749	0.0028512786349942	0.0002354011671207	5.5413709481787826e-08	8.129789854374388e-06	0.0021708788424847	0.0003282345593315	4.71271494874771e-06	1.0773792593960957e-07	-0.0025471064473794	2.38124749483001e-05	5.670339631634197e-10	6.487751254281708e-06
808.8375169362644	-1.0357177613626618	1.0727112812020836	654218.1288036217	1256.962111720835	1.536071098571938	2.3595144198680003	1579953.750301701	757.8461757913312	1.6978712646922531	574330.8261615454	2.8827668314676718	884.5338299660511	739.4804158783344	0.966519	33.814468	0.0574952957556903	0.0325258309915088	-0.0425929347	0.0129577712	0.0282919674	0.0317523097	0.1731560049	0.0725980546	0.0252672049	-0.0104810194	-0.0349642734	-0.0844816355	0.0769533916	-0.0146811756	0.090166053	0.2067308144	-0.0712168368	-0.1566720612	-0.0265393461	-0.1056092957	-0.0877036908	-0.0031613896	0.075291354	-0.0231687114	0.096398856	-0.0171104688	0.010471866	-0.0622218381	0.0172414299	-0.1187614026	0.0359057555	-0.0103999399	0.1130952924	0.0002913266	-0.0559443297	0.1071691748	0.0177916072	-0.0434394726	0.1187943798	0.0742002641	0.1820573548	0.0498117133	0.1614686542	0.144239735	0.1025501833	-0.1966221397	-0.0663955302	0.0738226838	-0.0695863202	0.1350794139	-0.2085910039	-0.1112301423	0.0670835767	-0.0703079853	-0.0076509123	0.077624555	-0.0400161493	0.149313382	0.0002105845	-0.0182863106	0.1206389823	0.0389469803	-0.0608389928	-0.0054086428	0.0493285749	-0.0067116195	-0.0165923642	0.0417081102	-0.1465456504	-0.0766655812	0.001009503	-0.0659331581	0.0880788601	-0.043152632	-0.0726663794	0.1074382224	-0.2154118018	0.1151998894	0.0680588474	0.0201507841	-0.0432839363	0.0636204245	-0.1439504856	-0.2509038341	-0.0054036578	-0.0012669433	0.0520063951	0.0387523675	-0.0749266663	0.1272053456	0.0517011943	0.0364031412	0.0662547641	0.0406680967	0.04180137	0.0759593405	-0.0703013084	-0.1337699079	-0.0086902829	0.040620831	0.0167833383	-0.020840633	0.1546182404	0.0447764551	-0.0671739808	0.0184880808	0.1732457149	0.0353210902	-0.037998457	0.1377964689	-0.011858318	0.0682218304	-0.1933178505	-0.0234148899	-0.0485778292	-0.0266239035	-0.1938205723	0.1367300732	0.0610693169	-0.0331890079	0.0291399031	0.1313170353	0.0389116021	-0.0095700909	-0.1681432593	0.2025405692	-0.0431504529	-0.1199087977	0.0936454286	-0.0540487397	0.0067565429	-0.1302051136731705	-0.0097587059909614	9.523234261802598e-05	0.0169533716266432	0.1218657975358183	0.0296819725494827	0.0008810194944282	0.014851272609041	-0.1822865607758075	-0.0050583398800511	2.5586802342116325e-05	0.0332283902394721	0.0027959614931214	-5.5317141872800006e-05	3.0599861849754838e-09	7.817400671017648e-06	0.0021541861052651	-1.6692737219600046e-05	4.64051777611722e-06	2.7864747588262067e-10	-0.0027350221149909	-0.0001879156676115	3.531229813387584e-08	7.480345969489297e-06
805.3074731072246	-3.530043829039755	12.461209434941656	648520.1262423433	1258.4390521066468	1.4769403858117585	2.1813529032417858	1583668.8478670758	756.1159368271888	-1.7302389641424725	571711.3099240573	2.9937268730368163	884.8440043728784	713.233958736077	1.007591	35.251423	0.0603239311575911	0.0315576788332719	0.110412027	-0.0722237238	-0.0298175654	0.1082630397	0.051662859	0.0615922083	-0.0649107057	0.0813429469	-0.0646590643	-0.0898779943	0.0541039307	0.1301592254	0.0120705232	0.0392686669	-0.0102430355	-0.1099283901	0.003737832	-0.0920812862	0.1386223095	-0.0211021899	0.0847999202	-0.0140449549	0.0092099478	-0.1298641389	0.0231434653	-0.0766534853	0.0730937728	0.0153461781	-0.0234527275	0.1085438632	-0.0712361721	0.0393339397	-0.1693225715	0.1290475473	0.0208667032	-0.0439933235	-0.2188777711	0.0359909424	0.0136604363	-0.0535701914	0.1223432745	0.0552510466	0.0292680252	0.0277372099	-0.1662748995	0.0468345802	0.0508960775	-0.1253435767	0.1534235126	-0.134723738	0.0692474864	0.0233604126	0.0574380884	0.2568978041	-0.0926511493	0.030291036	0.0376030398	0.0133170407	0.0090741556	-0.0285308033	-0.0001304301	0.1017935602	-0.0016288285	0.0703399876	0.0847889453	0.0262327605	-0.1174789539	0.003550411	-0.1047901642	-0.0215454555	0.0229229396	-0.0375363717	0.0765876741	-0.0306834071	-0.1238812209	-0.0153202514	0.0203018969	0.0079309545	-0.0254676548	0.0593441237	-0.0752165945	-0.1486433623	-0.0289803422	0.0653308529	-0.0555837317	0.1799518127	0.0326176583	0.0440350835	0.0374600393	-0.1225867957	0.0304947284	-0.0588406973	0.097933568	0.2045491852	-0.0164329702	0.0039590447	0.0675593296	-0.0043043037	-0.1576627274	-0.1087188339	-0.1292326439	0.0199609624	-0.0619882007	-0.0720715713	0.0749535164	-0.0128756916	0.0211557448	0.0854468405	0.0483800149	-0.0355104282	-0.0643129306	0.0397629983	-0.0325027882	-0.0399550682	-0.1903928351	0.056649077	0.0466573959	-0.0135429872	0.1180479541	0.0473523787	0.0571693088	-0.0548942565	-0.0597064572	0.0480462972	-0.0724484585	-0.1211199807	0.098167988	-0.063080731	0.0201956026	-0.1189346706731555	0.011270443000015	0.0001270228854165	0.0141454558881319	0.1215780683618987	-0.0002877291739196	8.278807752445624e-08	0.0147812267066105	-0.1676887028933009	0.0145978578825065	0.0002130974547578	0.0281195010780377	0.0026458601624633	-0.0001501013306581	2.2530409465332272e-08	7.000575999310321e-06	0.0019638436325519	-0.0001903424727131	3.856681813114642e-06	3.62302569185752e-08	-0.0023921078963392	0.0003429142186517	1.1759016135350605e-07	5.722180187728353e-06
804.7579820505564	-0.5494910566682165	0.3019404213583531	647635.4096740837	1250.3325342470216	-8.106517859625228	65.71563180842278	1563331.4461965794	754.4912191010891	-1.624717726099675	569256.9997006477	2.6397076895024987	882.8780652436396	700.9734554656459	0.970549	33.95546	0.0430879955867717	0.021055968476182	0.1641311061	-0.0503981153	-0.0136871822	0.0407088992	-0.0809605409	0.0771580835	0.1056606386	0.1301378647	-0.1286225765	0.0046940253	0.0327886902	-0.0400818747	0.148111213	-0.062243268	-0.0475433869	-0.0272186835	-0.1035441106	-0.0927561044	0.0851978973	-0.0972508601	-0.0633086686	0.0374230917	-0.1237930255	-0.2136636461	0.1155096049	-0.1250382558	-0.0854851522	0.1130118664	0.0525096744	0.0233958821	-0.0426495824	0.0186728716	-0.0446383627	-0.0022347958	0.1002635377	0.0052791992	-0.0125793591	0.0260071952	0.0427657799	-0.1454665729	0.1489291675	-0.0328664471	-0.0739117559	-0.1532238487	-0.0674944077	-0.0016625093	0.1086859547	0.2211193928	0.029702511	-0.1080411256	-0.1598601387	0.0360461384	-0.2845419826	0.0124387487	0.0976525615	-0.0362411055	-0.0959694059	0.0567975542	0.1328549697	-0.1508342721	-0.0401177666	-0.1186980214	-0.0478924774	0.1241824504	0.0932811211	-0.0317795712	-0.0351654298	-0.0445652513	0.009671013	-0.1214901401	-0.0239874205	-0.0040963508	0.1097649531	-0.009701388	0.0120753497	-0.0769911237	0.1023873769	0.083579104	-0.0953921687	0.0619693311	-0.0953712013	0.00318626	0.0526406634	-0.0716240695	0.0281002876	0.0504217375	-0.1501342043	0.0250314734	-0.053260609	0.0244980776	-0.1208013227	-0.0289597881	-0.0318449901	0.0649520565	0.0369607092	-0.236327235	-0.0169308118	0.060756326	0.0847995383	-0.0438912836	-0.0473048798	-0.0128715583	-0.0572377792	-0.1344991336	0.0720588701	0.0376581118	0.0077629648	-0.0537847519	0.0283224978	-0.00358741	-0.0297434524	0.0679541944	-0.1131252384	-0.0251933411	0.0133786687	0.0228161356	0.0006650596	-0.097175742	0.0168980355	0.0979850787	-0.0016743354	-0.141981972	-0.0202125955	-0.0169085005	0.0702056523	-0.1222481541	0.1024214758	-0.0717238087	0.033413395	-0.1169404978671195	0.0019941728060359	3.976725180333456e-06	0.0136750800414097	0.1373614360482378	0.0157833676863391	0.0002491146955221	0.0188681641132341	-0.1759307391735376	-0.0082420362802367	6.793116204473807e-05	0.0309516249861473	0.0025721707110805	-7.368945138280011e-05	5.4301352450980604e-09	6.616062166940365e-06	0.00216234364934	0.000198500016788	4.675730057841028e-06	3.9402256664875944e-08	-0.0024612868044515	-6.91789081122998e-05	4.785721327610019e-09	6.057932733767076e-06
805.7524692595038	0.994487208947362	0.989004808759914	649237.0417177875	1254.2313780326435	3.8988437856219207	15.20098286468267	1573096.349641664	756.1143088760239	1.6230897749347832	571708.8480870673	2.634420417497845	882.2309817018262	700.8733524568868	0.971836	34.0005	0.061862001593528	0.0345564079056986	0.140535672	0.0052167039	-0.0665297783	-0.1232108115	-0.0439989403	-0.0349149431	0.0049767053	-0.0091152167	0.0039615708	0.1598814047	0.0799549156	-0.0745083696	0.0543825982	0.0043574463	0.0166627682	-0.104667782	0.0395138144	0.0517277382	-0.0145281995	0.0207275017	-0.1315931549	-0.1930708386	-0.0548374241	0.0637660476	-0.1269783706	0.0016978939	0.0513235464	-0.0287167378	0.0354166669	-0.0067789228	-0.1313464486	0.1514905816	0.1083357666	0.1153915681	-0.0050217711	-0.013232295	-0.0526446443	0.0267585292	0.0986740145	-0.0814909462	0.1260248274	-0.0625050965	0.1251378107	-0.0743034182	-0.0082653788	0.0725350904	0.1386050364	0.0313616701	-0.082509292	0.1133185465	0.1177300249	-0.0436468234	0.1001776513	-0.0568237605	-0.0526112461	-0.1092759729	-0.0981404571	-0.006059478	0.0806069406	0.1552344992	0.0332749871	0.0332580342	0.1310123943	0.0011341153	-0.0171895882	-0.1951562526	0.0880405603	-0.0538142579	0.0364323604	-0.0373547932	-0.0931966134	0.0832666218	-0.0158267475	0.0955327766	-0.007662457	0.0388571517	0.1898880487	-0.026883183	0.0703165973	0.1430235952	-0.1723367748	-0.0260968826	-0.0933142977	0.1462874883	-0.0039541403	0.0845176969	-0.0065191919	0.0656256121	0.0955859001	0.1693804057	-0.0244548946	0.007027832	0.0076111344	0.063136574	-0.1304344356	-0.1126800889	0.0154805514	-0.0291588736	0.0176610892	-0.0090080777	0.0702389314	-0.0275305075	-0.0519566421	-0.1344215192	0.0416057566	0.0027221626	-0.0549467662	-0.1354875551	-0.0818980032	-0.0941069067	0.0110619254	0.1596409542	-0.2118793855	0.0074002997	-0.015375031	0.0371280757	0.0970457987	0.0721654727	-0.2691762469	0.2696309532	-0.0697320032	-0.1486799049	-0.2416766691	0.0841896202	-0.0157011128	-0.1232925447	0.1063942335	-0.0799246852	0.0462651033	-0.107044227481623	0.0098962703854965	9.79361675428552e-05	0.0114584666371374	0.1065320278823662	-0.0308294081658716	0.0009504524078579	0.0113490729647292	-0.1701559921361877	0.0057747470373498	3.334770334538142e-05	0.0289530616598503	0.0027807945928007	0.0002086238817202	4.3523924024004056e-08	7.732818567349611e-06	0.0022600862757975	9.774262645750008e-05	5.107989974048213e-06	9.553621026810397e-09	-0.00246215181637	-8.650119185001082e-07	7.482456191472378e-13	6.06219156685409e-06
807.4883089257205	1.735839666216748	3.013139346811471	652037.3690517198	1250.2217161782696	-4.009661854373917	16.077388186421278	1563054.3396037377	755.7763784740729	-0.3379304019509845	571197.9342593851	0.1141969565627539	881.3910063188362	705.1006983436802	1.000363	34.99855	0.1532827705791727	0.09109195192235	0.0799497646	0.0851474595	-0.1209833116	-0.0812780235	0.0944637945	-0.0921446462	0.1207294136	0.0718581034	0.1477113042	0.0868102502	-0.013592778	-0.1060508453	0.0359077295	0.048984373	-0.0805829101	0.0864483471	-0.1154973734	-0.1944062107	0.0069022706	0.0328843625	-0.2233613505	0.0294469123	-0.1022731493	0.0660740284	-0.0930845194	0.0081828864	0.0382820535	0.0145397006	0.0456821717	-0.0566753799	0.007483725	0.1621585314	0.1291128793	0.0416524087	-0.033720632	0.0595557448	-0.0588941417	0.0051990661	-0.0745325972	0.0523102989	0.0181266356	0.0207129592	0.0121990309	0.0870760838	-0.0575937808	0.0896546075	-0.1612272111	-0.0354847094	-0.1447559958	0.1044806142	0.0444455778	-0.0937122179	-0.0968020627	-0.0716922582	-0.1421699151	-0.2062893783	0.0313944364	0.0493005776	0.0771136405	-0.1141486963	0.0918521696	-0.0270922993	0.0250736324	0.0193557625	-0.1540381092	-0.0843203406	-0.1208635705	-0.055549466	0.24964791	-0.0093573978	0.0066301765	0.047560364	0.0068074117	-0.0666257961	-0.0818731292	-0.0891165914	0.1128246932	-0.0631141162	0.0415143809	-0.0457296065	-0.0878094053	0.136522065	0.0430234685	0.0363989362	0.0628751996	0.0617783387	0.063428531	-0.1764009916	0.1120383245	0.0498620548	-0.0109047814	0.0434032115	0.0320461173	-0.0279591874	0.0335970594	0.0101707992	0.0613332184	-0.1926690348	0.1332214386	0.1016717368	0.151693294	-0.1335534007	-0.036597399	0.0326808466	0.081858461	-0.0403177036	-0.0728040955	0.0752625921	-0.0986695434	0.0090000542	-0.0481560588	0.0909681514	-0.0254177388	0.0263244288	0.03462347	0.1469233838	0.0305490996	-0.0644690304	-0.1607302072	-0.0432027132	0.0370975877	-0.0122577795	0.1095164325	0.0577451228	-0.1144046985	-0.1242524367	0.1100753719	-0.0876327994	0.0586099215	-0.1099470121817205	-0.0029027847000974	8.42615901512013e-06	0.0120883454876873	0.1456368225789361	0.0391047946965699	0.0015291849682608	0.0212100840908885	-0.233724293619403	-0.0635683014832153	0.0040409289534609	0.0546270454278889	0.0034975920623551	0.0007167974695544	5.137986123595911e-07	1.2233150234649402e-05	0.0024947021831036	0.0002346159073061	6.223538982381869e-06	5.5044623961064576e-08	-0.0024648762334953	-2.724417125299968e-06	7.422448672627742e-12	6.075614846449976e-06
810.8607520082064	3.3724430824859155	11.373372344607104	657495.159147314	1255.2183118664072	4.996595688137631	24.96596847071557	1575573.010444753	757.5643526416278	1.7879741675549212	573903.7483933286	3.1968516238437137	884.070141347878	730.0340536504413	1.010418	35.350315	0.0815847486980115	0.0439735707330866	0.0082413893	0.0811963104	-0.1615602657	0.0706715533	0.0504794592	-0.1014962551	0.0154032055	0.0378729168	0.1733238584	0.0603281663	-0.1027980976	0.0594378162	0.0033486811	-0.1144963392	-0.0161899316	0.067691043	-0.0607843904	-0.0041688468	0.028855053	-0.1044041336	0.1290130237	0.033021219	-0.0620102675	0.0323615553	-0.011593157	-0.0708658059	0.0012329749	-0.1064513281	-0.221886096	0.1082188144	0.0807346651	0.0777405453	0.0138046325	0.0765500307	-0.0055007945	0.0191210534	-0.0856802112	0.0037697134	0.0167441625	0.0117384592	0.0158833464	-0.1275648814	0.035947987	0.049555593	-0.0445090052	-0.1036593187	0.1417917134	-0.0092514345	0.025925134	0.045765781	-0.2037758526	-0.0615763344	0.0425149499	0.1695340247	-0.0957087507	0.1276448767	0.0684748992	-0.0847269494	0.1005672427	-0.026465386	0.0653954329	-0.0021532481	0.0535161023	-1.10442e-05	-0.1749548855	-0.033032199	-0.000902929	0.0898580974	-0.0948451897	0.1609580475	-0.105463502	-0.0199908219	0.1655278362	-0.0023381337	0.0267915664	0.0853988126	0.0183221957	0.1482721319	0.0998252342	0.0179855464	-0.1668081129	-0.0028602339	0.1660289669	-0.0514046178	-0.0447538434	0.0308720361	-0.0200085389	0.0140118	0.0701516652	-0.0095540709	-0.0057480242	0.168100049	0.120956501	-0.1044142656	-0.0040488641	-0.028105272	-0.1055734651	-0.0139681674	0.0181782539	-0.0506837254	-0.0710821618	-0.1123494529	-0.0498382943	0.0552382191	-0.0041184995	-0.1129592632	0.008520131	0.0850937525	-0.0063995592	-0.1002717831	0.1420016657	-0.0479932756	-0.0826216705	0.0379417434	-0.0610253331	0.0786605202	-0.0122082259	-0.1319049878	-0.0673130183	-0.0231752392	-0.0579381694	0.1432067628	0.1622149158	0.0020374491	-0.0291795283	-0.1251271724	0.1134548014	-0.0948006283	0.0703125971	-0.1053914710693533	0.0045555411123671	2.0752954826467743e-05	0.0111073621741623	0.1591364400581625	0.0134996174792264	0.0001822396720854	0.0253244065543851	-0.2418012043222859	-0.0080769107028829	6.523648650234452e-05	0.0584678224117078	0.0027163441441276	-0.0007812479182275	6.103483097348029e-07	7.378525509336303e-06	0.0022360673571091	-0.0002586348259945	4.999997225528876e-06	6.689197321720529e-08	-0.002534047077344	-6.917084384870003e-05	4.784605638741242e-09	6.421394590195668e-06
812.061597226104	1.2008452178976086	1.442029237347555	659444.0376894112	1255.27739710146	0.0590852350528621	0.0034910650012519	1575721.3436738169	757.2864821483673	-0.2778704932604796	573482.8160446495	0.0772120110248222	885.1412692405975	738.8118105136783	0.993583	34.76133	0.0916689705841724	0.0498885800943769	-0.0654141495	0.1498728606	-0.0757554856	0.1804326834	-0.0646603879	-0.1523561318	-0.0875719132	0.0564836657	0.2288080538	-0.0996670675	-0.1558630798	0.0764643313	-0.0230133366	-0.0498117217	-0.070345416	0.0335950633	0.0194295908	-0.106124862	-0.0330661236	0.0948138111	-0.0307976559	-0.0032871663	0.0332206613	-0.0608754674	-0.0082729373	0.1162994742	-0.1201141762	-0.064026421	0.0244577449	0.0371183775	0.2058613015	0.1559042328	-0.0824347676	0.0200928642	-0.0339455233	0.0013279929	0.0315185655	0.0784955627	0.0733700226	0.1452240649	-0.1712632539	-0.1250116442	-0.1348688738	0.0046706462	0.0569909913	-0.0758378049	-0.0281383132	-0.1705259737	0.0851145577	-0.13249387	-0.0813641171	0.0332233455	-0.0001033359	-0.0575224077	0.1188907638	0.0397850698	0.0055349573	0.157449297	-0.0188590646	0.1257911001	-0.185616307	-0.07721093	-0.0395595537	0.0403341295	-0.1722211609	0.1699512235	-0.0911013805	0.083573572	0.0796314807	0.094945002	-0.050006827	-0.0021652234	-0.0103529776	-0.0124306124	-0.0812436291	-0.0248614309	0.0188076013	-0.1185655149	-0.0700033904	-0.014612528	-0.084463726	0.1369918734	-0.0493758016	-0.0894129705	-0.0113996755	-0.0870819274	-0.0677702271	0.0745844155	-0.0552947802	-0.185009064	0.0598556811	0.0016177473	-0.0376441076	0.0547360752	0.0780544004	0.0331758512	-0.0595545933	-0.0315124369	0.0555403436	0.1200615612	0.0401421295	-0.1512819941	0.0054433831	0.1122358421	0.010583468	0.0312455046	-0.0463862192	0.1103800383	0.0864127741	-0.0603318064	0.1514985232	0.0027466326	-0.0202474444	0.0570537074	-0.0305541814	0.047639366	0.0271684329	0.034928782	-0.0757917965	-0.0991877139	0.0143854301	0.0999503257	-0.0106268641	-0.1136925027	0.0085852178	-0.1259161521	0.1165232592	-0.1013839798	0.0812449131	-0.0940003107395597	0.0113911603297936	0.000129758533659	0.0088360584191337	0.1346014573038303	-0.0245349827543321	0.0006019653787553	0.0181175523083148	-0.2573766392047076	-0.0155754348824216	0.0002425941717765	0.0662427344083102	0.0033899988323883	0.0006736546882607	4.538106390156213e-07	1.1492092083594038e-05	0.002359727243089	0.0001236598859799	5.568312661776413e-06	1.5291767400561878e-08	-0.0025280137992321	6.033278111899736e-06	3.640044477552844e-11	6.3908537691079175e-06
810.5864131280978	-1.4751840980062525	2.176168123010521	657050.3331478751	1258.2143625279762	2.9369654265160534	8.625765916550623	1583103.382071681	757.3378544093463	0.051372260978951	573560.6257213522	0.0026391091980894	886.2612717372673	737.8409657175197	0.99094	34.668861	0.1260115804702156	0.0677597959991486	-0.0359943615	0.1062132303	0.000652505	0.0125620317	-0.0448824934	0.0958731525	-0.1495086985	0.004840423	0.0451682339	-0.0005910578	-0.0772132803	0.1723013755	-0.0436619382	-0.0478504434	0.0062666592	0.1417149542	0.2141758687	0.0205945647	0.0455855196	-0.0636806592	0.0520013414	-0.033394103	0.0002913625	0.0538674581	-0.0683228628	0.0130517393	-0.0710492652	-0.0200221806	0.092959852	-0.0216070662	0.0467593601	0.0018920845	0.0382418188	-0.1616662399	0.1020346526	0.0111471994	-0.0016516974	0.0422645253	-0.0507036103	0.0240114218	-0.0574387824	0.1039964725	-0.0161627602	0.0588892996	-0.0202440127	0.0285307567	-0.0298434728	-0.0511198365	-0.0497051713	0.0658734088	-0.099094013	-0.0247281338	0.0926761231	0.0715735249	-0.0900823899	0.1519871231	-0.0869238446	-0.1122839359	-0.0704126416	-0.105081508	0.1416588501	0.0715066868	-0.0099858713	0.014931565	-0.0231700461	0.0690924999	0.0042664731	-0.0557362874	-0.06880242	0.1580793868	-0.0155906786	0.0360054996	0.0067509351	-0.0307970733	0.1108175386	0.0530250214	0.0040969664	0.1796259012	-0.0356128578	-0.125971164	0.0663061904	0.145771346	0.0073587304	-0.0357608521	0.0008565674	0.0084105155	0.0861881217	0.0508316381	0.0385706026	0.1198620137	0.0185279448	0.0423019562	-0.179396949	-0.1485666518	-0.0381637765	0.0484462853	-0.0048157882	-0.0898602054	-0.0150249972	0.0227382877	-0.0996509277	-0.1159398451	-0.0150628985	0.0801182665	-0.025473202	-0.0516700438	0.0272017586	-0.0711545628	0.0881056125	-0.0012368631	0.1191043197	-0.0199319476	-0.0286337909	-0.025818852	0.0096531451	0.0417278363	0.0212610085	-0.1131166895	-0.0054508268	-0.018091591	-0.0371087793	0.0483750857	0.0619462877	0.0034252511	0.0777267842	-0.1266188352	0.1192723348	-0.1073422654	0.0912870929	-0.0915001149860188	0.0025001957535408	6.250978806023914e-06	0.0083722710424546	0.1815357042544434	0.0469342469506131	0.0022028235368211	0.0329552119191567	-0.2372357667977809	0.0201408724069266	0.0004056547413121	0.056280809048131	0.0027759008360734	-0.0006140979963149	3.77116349077975e-07	7.705625451713002e-06	0.0022210226032985	-0.0001387046397905	4.932941404362847e-06	1.923897709941236e-08	-0.0021520911281548	0.0003759226710772	1.4131785462989186e-07	4.631496223882601e-06
811.289659324683	0.703246196585269	0.4945552130116468	658190.9113271603	1255.474970074311	-2.739392453665232	7.504271015198021	1576217.4004830918	756.8325453917471	-0.5053090175991883	572795.5017641509	0.2553372032670568	884.1832905169323	735.0192848998531	0.969947	33.934418	0.1547158722404015	0.0887128207867749	-0.052490766	0.1534932622	-0.032966233	-0.1705856724	-0.0394410255	-0.009270511	-0.0684042811	-0.0273570978	0.0739482261	0.1202284183	0.0119929691	0.0355501654	-0.0018979095	0.0631567835	-0.0557710393	0.0639809825	0.2398932785	0.0951718858	-0.0687695033	0.0104193614	-0.1296594098	-0.084689339	0.1000422967	-0.040312012	-0.0215332907	-0.0907461402	-0.0889211689	0.0820094765	-0.1053142425	-0.0966775201	0.0587521241	0.106794322	0.0395364728	-0.1331312451	-0.1144256134	0.079326034	0.143627857	-0.1564520515	-0.0732086969	0.0676586242	-0.0103632383	0.003905228	-0.0592446166	0.1283069635	-0.0196513529	0.1659637188	-0.0585486852	0.0684900812	-0.0700730705	-0.0169064728	-0.0721482243	0.141784802	0.0647579797	0.0956653525	0.1513203604	-0.0484133126	-0.028143113	-0.0912300627	-0.0252753566	-0.0785465889	0.0206432036	-0.0765444469	-0.0591808028	-0.0266621075	-0.0771879015	-0.0767406911	0.0533700399	-0.1848520453	0.065696887	0.1174755642	-0.032405291	-0.0041521364	-0.0787845408	0.0942197395	0.0999480028	-0.2229706515	-0.1354924132	0.1150717594	0.0598609407	0.0517847207	0.0531628762	0.0245774278	0.0499927607	-0.0786623163	-0.0987076997	-0.161698946	0.010973841	0.0206062312	0.1136773823	-0.1360169639	0.0561218866	-0.0558013143	0.0232608645	-0.017261622	-0.0373404185	-0.0088750422	-0.2429184885	-0.1224213289	-0.1200691506	-0.0301037864	0.0165108053	-0.1577535982	-0.000238419	0.085639132	0.0049328147	0.0488484231	-0.1606399284	-0.1020775365	-0.0705426654	0.0573604217	0.1127691321	0.0106456812	0.0204766589	0.084992339	0.0431226717	0.1264679168	-0.0279867975	0.0199641431	-0.0296167271	-0.0585232426	-0.0337767243	-0.0468221463	0.0834874544	-0.1051220533	-0.0552590927	-0.1272347401	0.1216944932	-0.1126387502	0.1003291122	-0.0880995975437741	0.0034005174422447	1.156351887501047e-05	0.0077615390873749	0.1171012595843592	-0.0644344446700842	0.0041517976599421	0.0137127049962434	-0.2536665620339136	-0.0164307952361326	0.0002699710320917	0.0643467246941053	0.0037229326517909	0.0009470318157174	8.968692599811844e-07	1.386022752977082e-05	0.0022972936491649	7.62710458663998e-05	5.277558110493382e-06	5.817272437554463e-09	-0.0025377905644097	-0.0003856994362548	1.4876405512734736e-07	6.440380948806902e-06
811.5907893934243	0.3011300687412586	0.0906793183001151	658679.6094282416	1263.117163145669	7.642193071358179	58.40311493991495	1595464.967833163	757.6546763997104	0.8221310079633213	574040.6086703499	0.6758993942547866	886.0622110826565	739.2124288349171	1.056345	36.95713	0.3448938448714945	0.1703796971194073	-0.0810349818	0.0546848843	0.0290261549	-0.0554746211	0.1170561217	0.0914815094	-0.0613771844	-0.0596844009	-0.0212724887	0.0275198976	0.0998346927	0.053214819	-0.11390506	0.0638523371	-0.1109594901	0.0275210055	0.1105135449	0.1641798281	0.1105518421	0.1124364912	0.0780694407	0.1067331407	0.1218047791	-0.0105331395	-0.0682925698	0.1339747995	0.1401781138	-0.0760275887	0.2508581429	-0.0368297871	0.0591656355	-0.1151311126	-0.0656848211	-0.0755251944	-0.0902954228	0.0003654398	0.0139944636	0.002177096	-0.0992896895	0.1818446744	0.1003283562	-0.0802412233	-0.0197853882	-0.0311583296	0.0165873874	0.0558231415	-0.2036726514	0.0429682313	-0.0390657499	0.0434442414	-0.0557373671	-0.1449740604	-0.0059791439	-0.1052045536	0.0985934054	-0.205665725	0.1219168952	-0.0351845423	0.0033867768	0.0576595071	0.081280287	-0.0402647203	0.0220609011	-0.0194907814	0.029720665	0.0082655811	-0.0047307235	-0.0408082091	-0.060434354	0.0611573615	0.1703685903	0.056923805	-0.0833350996	0.0504887109	0.0926725443	0.0769607325	0.0537994974	-0.0674002743	-0.0314459109	-0.2542684329	-0.131294763	0.0851983752	0.0590739198	0.1395028449	-0.0318677848	0.0153287584	0.1161486885	0.0195978726	-0.1671875381	0.0576880451	0.0007010982	-0.0554240303	-0.0955441937	0.092940393	-0.0250704096	0.1594695522	0.0293640002	0.0616247692	0.1270574904	0.0517051969	-0.0006297709	-0.0359407871	0.0222957283	0.1459620806	-0.1297272113	-0.1671580707	0.0926213571	-0.073676941	0.0659071329	0.0615401159	0.077109007	0.0433768185	-0.0407949889	-0.0736327667	0.037583869	0.0493983731	-0.1765820894	-0.0036512781	-0.087776767	-0.1309380426	0.0641188256	-0.0098982131	0.0051724524	0.0468914456	-0.053574304	-0.1277634447	0.1237830955	-0.1172407796	0.1082719048	-0.0434397733456535	0.0446598241981206	0.001994499897407	0.0018870139083217	0.2020994794006725	0.0849982198163133	0.0072246973719423	0.0408441995740228	-0.186846725397018	0.0668198366368955	0.0044648905681814	0.0349116987915886	0.0021399294954249	-0.001583003156366	2.5058989930647185e-06	4.579298245389467e-06	0.0020800394197011	-0.0002172542294638	4.326563987510488e-06	4.719940021990947e-08	-0.0013697286658362	0.0011680618985734	1.364368598899129e-06	1.8761566180134165e-06
813.2559217821548	1.6651323887305125	2.7726658719993824	661385.1943137423	1262.8937771074288	-0.2233860382402781	0.049901322080687	1594900.692256668	759.8055281853119	2.1508517856015037	577304.4406609609	4.626163403625175	885.805727464749	731.0221626366424	1.142402	39.967907	0.380413723540173	0.2113848021785911	-0.1165355844	-0.1726919031	0.0810686144	0.0286921588	-0.0391717035	-0.1693150014	0.1638980167	-0.2118971767	-0.0549633492	-0.0522511171	0.0070747769	-0.1251009411	-0.1081980801	-0.1964060043	0.093362472	0.0679472166	-0.1432570869	0.1320159377	0.1121910256	-0.077362641	0.135063713	-0.0438663075	0.0592350347	0.1173585643	0.0129433722	0.1685839091	0.224483987	-0.1335149958	-0.1476588846	-0.1763873027	-0.1326326622	-0.0885957639	-0.0943041103	0.075632786	0.1375073958	-0.0177591707	0.1143561257	0.0401543168	-0.0434607496	-0.2062066874	-0.1750910487	-0.0435179463	-0.1106007236	0.1625365947	-0.0048730831	-0.1004014717	-0.1225185562	-0.0108090863	-0.0457944456	0.0464252943	0.0043988569	0.1947331733	-0.0073597699	-0.0471995482	-0.0465454786	0.030615968	0.0114341108	0.0733151458	-0.0475935086	0.2115705499	0.0904228843	-0.0931988247	0.1928033097	-0.1881492054	0.0691041839	-0.0073650294	0.1847970707	0.2277918225	0.0482320519	-0.108902556	-0.0094497241	-0.0717474002	0.0641114537	-0.0956228821	0.0476200679	0.0358683104	-0.1392762263	-0.0453720336	0.3693389872	-0.0403723325	0.1184399581	-0.0240542133	-0.0475138914	-0.1103383736	0.1590482532	0.0379759136	-0.1163982559	-0.1502602881	-0.0608954026	-0.1004677024	-0.0357523925	0.0315832138	-0.0586827212	0.0083775115	0.0622561768	0.0336924445	-0.0672678477	0.1192304743	0.0119044893	-0.0207835953	0.080740993	0.2371953189	0.1495233104	0.0183976074	-0.2326267186	0.0949619144	0.0746341102	0.0898511781	-0.0503528562	-0.0539189855	0.0857476059	-0.0341938587	-0.0330739126	-0.0197803075	0.14453126	-0.1332656834	-0.2286854137	0.0637278077	-0.0641647352	-0.145819774	-0.1224718239	-0.0352087731	-0.0383098136	0.0132996946	-0.1057071705	-0.1282045865	0.1255324169	-0.1211199807	0.1150284477	-0.0055166825278405	0.037923090817813	0.001438160817176	3.0433786112980648e-05	0.0344415323954621	-0.1676579470052104	0.0281091871940019	0.0011862191537476	-0.1312037148918534	0.0556430105051646	0.0030961446180778	0.0172144148014227	0.0002309105574796	-0.0019090189379453	3.644353305433801e-06	5.331968555553965e-08	0.002373365430228	0.0002933260105269	5.63286346540134e-06	8.60401484516271e-08	-0.0011882801100687	0.0001814485557675	3.292357839011156e-08	1.4120096199848817e-06
810.9816797278469	-2.2742420543079334	5.172176921582769	657691.2848542	1263.2842541080352	0.3904770006063245	0.1524722880025115	1595887.1066772947	759.7437387463007	-0.0617894390112496	577210.5485642072	0.0038179347733249	888.8101157670558	741.6703854011358	1.072491	37.521984	0.2521528381980502	0.1253116277336544	-0.1227667503	-0.1055372669	0.0673204633	0.0776466744	-0.1725656752	0.1064482313	0.0354826237	-0.1090852138	-0.0630107137	-0.1981999907	0.0932249435	0.0452148027	0.0855472503	-0.0171864563	0.1626800574	0.1284140631	-0.0930963457	-0.0064746579	-0.2761322259	0.0671625926	-0.02222515	0.0861969782	0.0500600496	0.0671113859	0.0681188223	0.0513146775	-0.1506228061	-0.0058411451	0.0483390192	-0.0920419715	0.0715096337	-0.1915215726	-0.0564982215	0.0542061065	0.210729245	0.0893036185	0.0440991331	0.1715263512	-0.0790434014	0.019890197	-0.1604237295	0.1880741999	0.0567769566	-0.1116894158	-0.0232004266	-0.0031998635	0.0888068944	-0.0401038729	0.0119379769	0.005642194	0.0118982035	-0.0001325323	0.1894045729	0.0489987057	0.0330570234	-0.1826581307	0.0931222258	0.1403900743	-0.1339217127	-0.0773854219	-0.0973404295	0.0626321829	-0.1493396118	-0.0310280137	0.13318764	0.2464116575	0.0903478543	-0.0988079206	-0.0382720895	-0.0783184025	0.0839795261	-0.0229375998	-0.0348871358	-0.0958372498	-0.0687460608	-0.0418276002	-0.1091154983	-0.1071780839	-0.074930711	-0.0969515458	0.1912172628	-0.1060224069	-0.0564758859	-0.0046662464	0.1711543883	-0.0204746182	0.0083307939	0.0102837344	-0.0983364008	0.1029348781	0.1161427793	0.0966432613	0.1032024214	-0.0919445487	0.0069196747	-0.1082838139	0.0562105864	-0.149778718	0.0409297712	0.0007992861	0.0122472772	0.1444149997	0.0601786945	0.0158963197	0.0045938338	0.131500354	0.1042310998	-0.0753363868	0.0816849765	0.2097441833	-0.0361806234	-0.1375633031	0.2063773187	0.0147740749	0.0956798349	-0.0964615933	0.0697308632	-0.0973880234	-0.0650041402	-0.0535863999	-0.1487929772	-0.0340280558	-0.0580338383	0.0466063435	0.0733672845	-0.1285578634	0.1269376627	-0.1242524367	0.1205247148	-0.0779828276385217	-0.0724661451106812	0.0052513421872023	0.0060813214064993	0.1155861056335254	0.0811445732380632	0.0065844417659874	0.0133601478155244	-0.1413481056113141	-0.0101443907194607	0.000102908663069	0.0199792869599072	0.0008971416469164	0.0006662310894368	4.4386386453214537e-07	8.048631346318705e-07	0.0027306385031808	0.0003572730729528	7.45638663505348e-06	1.2764404865713678e-07	-0.001932730530276	-0.0007444504202073	5.542064281468258e-07	3.735447302660949e-06
807.039578329904	-3.942101397942906	15.540163431663416	651312.8809909092	1253.899420334351	-9.38483377368425	88.07510495968455	1572263.7563148213	756.6329910031769	-3.1107477431237385	572493.4830744136	9.676751521349432	884.7638322808981	709.9900435400539	1.098347	38.426605	0.0969255675937634	0.0532648047825708	0.0686490655	-0.1268313312	-0.1231935441	-0.0466675881	-0.0216416159	0.0940671234	-0.031686369	0.022556793	-0.026742707	0.1291261563	0.0586714717	0.168187472	-0.0413336749	0.0798968729	0.215433941	-0.0187301091	-0.1000914114	0.0847664356	-0.0293617373	-0.0873581436	0.0029879579	0.0852520175	-0.0049132614	0.0262814724	0.1697097229	0.1242718466	0.1197808929	0.0596672005	-0.1257367542	0.140523074	-0.0166898151	-0.1847249402	0.1352880693	-0.0441659652	-0.002310347	-0.0424206945	-0.0533842799	0.0106742552	0.1778198229	0.0568318049	0.0449922497	-0.0667524932	0.1081425377	0.0732672182	-0.0214273887	0.0323710023	0.0584423877	0.0948608408	-0.0533713764	-0.1441925587	-0.013974875	-0.1359473832	-0.0556854788	-0.0135305668	-0.0576395311	0.0516196248	0.0215387326	-0.0586958438	-0.1123873057	0.0608324281	-0.0242557649	0.0661124831	-0.1402053268	0.037833391	0.0228122887	-0.0758056911	0.0577025914	-0.0518468477	-0.1711286532	0.0187009958	0.0674286229	-0.1082972281	0.0233208652	-0.0327315199	0.0344852793	0.1184052181	-0.1655247837	-0.0423455605	-0.1270357597	0.0397878677	-0.0810678136	-0.1837440955	-0.0922378023	0.0557452654	-0.0339574911	-0.0130271351	-0.0212313855	0.0127563035	-0.1026031207	-0.109609688	0.1864624792	-0.1353486911	-0.0618423318	-0.1746312328	0.0001739383	-0.012409219	0.2066773764	-0.1018157085	-0.084710112	-0.0508793402	-0.0390169374	0.0643499232	0.027505496	-0.03480342	-0.0094799184	-0.1076716744	0.2115684178	-0.084036098	-0.0470498977	0.0860832507	0.0079381665	-0.0259014684	0.0583711042	0.0540920589	-0.0158148454	-0.1890486615	-0.0441891025	-0.0031030261	0.0648289322	-0.0698358911	-0.0858055156	-0.072282203	0.0175717916	0.0483755718	0.203469813	-0.1288230331	0.1279949812	-0.1266188352	0.124700488	-0.0896061441187043	-0.0116233164801825	0.0001351014859984	0.008029261063822	0.1619141069149634	0.046328001281438	0.0021462837027329	0.0262161780180702	-0.156996197423112	-0.0156480918117978	0.0002448627773504	0.0246478060053167	0.0010220093640916	0.0001248677171751	1.5591946792545724e-08	1.0445031402909163e-06	0.0030029845554382	0.0002723460522573	9.017916240200364e-06	7.417237218019041e-08	-0.0020020399212503	-6.930939097430006e-05	4.803791677228387e-09	4.008163846279908e-06
806.4376159487042	-0.601962381199769	0.3623587083796959	650341.6284170297	1251.3193007499722	-2.5801195843787355	6.657017069694699	1565799.9924293994	754.7192016272827	-1.9137893758942253	569601.073304923	3.662589775285609	884.4007154589677	711.2665249606074	1.045461	36.57634	0.1706542630538948	0.1023594836729878	0.090721885	0.0273866601	0.0310550806	0.0982484421	0.0726025189	-0.0465621478	-0.091814999	0.1725622069	0.0115629728	-0.0151887253	-0.0660330262	-0.0038956447	0.0448599917	0.0043176872	0.0071516179	-0.1092078089	0.0476081003	0.0613079717	0.0131708088	0.0160050427	0.0767257823	-0.0893029304	-0.064073501	-0.0013639159	-0.0840901469	-0.0533469315	0.0251379437	0.2226945489	-0.0170202173	-0.0632247223	0.0052713732	-0.0359166916	-0.1435167428	-0.003873907	-0.1090359909	-0.0243469489	0.0416964652	-0.1604503137	0.0078442641	-0.0417632075	-0.0796810594	-0.0947238949	-0.0978375217	-0.0286412726	0.2061004766	-0.0701270554	-0.0519724603	0.0522369384	0.0592404771	0.0236916202	0.0453440368	-0.1177906828	-0.0158993097	0.0193796087	-0.1286576757	0.0720696471	-0.0626585967	-0.0381874767	0.0044383778	-0.0175908107	-0.0034324753	0.027206578	0.0946123126	0.1692231778	-0.0117805732	-0.0050212347	-0.0864920678	0.036638112	-0.0443961715	-0.0493041112	-0.1040289421	-0.0798265415	-0.090578856	-0.0193524899	0.0452950332	-0.0101801223	-0.0109683843	-0.0743697665	0.1857780518	-0.0700853823	0.1834085835	0.1486264643	-0.0123633879	-0.0638080025	-0.0698982437	0.0560995375	0.1687232883	0.0159642098	-0.0413974285	-0.084827942	-0.1077555359	-0.0953458515	0.0058704684	0.0244310978	-0.0291040715	0.0346319385	-0.0374003423	0.1745949794	-0.0045643254	-0.162295189	-0.1324716276	-0.0416534882	-0.0066434197	-0.0800936786	0.0705072113	0.0396078784	0.0775564029	0.1170289836	-0.0139118555	-0.0411484874	-0.0155886783	0.0215490745	0.1173080608	0.0791811743	-0.0297216666	-0.1927923976	0.0339046778	0.0411460201	-0.0248870612	-0.0445953162	0.0859422264	-0.112230815	-0.0697900238	-0.0506705148	0.0192172677	-0.1289999139	0.1287014744	-0.1282045865	0.1275100165	-0.0953038703836455	-0.0056977262649412	3.246408459020089e-05	0.0090828277101027	0.0911631224381608	-0.0707509844768026	0.0050057018044367	0.008310714892675	-0.167339396320898	-0.010343198897786	0.0001069817634391	0.0280024735610425	0.0022921185150201	0.0012701091509285	1.6131772552723154e-06	5.253807286897949e-06	0.0029997560643457	-3.228491092500084e-06	8.998536445578802e-06	1.0423154734352386e-11	-0.0024059493475166	-0.0004039094262662	1.6314282462677136e-07	5.788592262815552e-06
802.6404182746637	-3.79719767404049	14.418710175738504	644231.6410481271	1249.5814493253986	-1.7378514245735914	3.020127573892461	1561453.7984981637	754.8710791760758	0.1518775487930952	569830.3461764533	0.023066789827399	884.9390634553247	692.001020002317	0.999971	34.98481	0.1054423437700623	0.0553483154156461	0.1899603691	0.0102017595	0.1218960737	-0.0269544822	0.0247469754	0.1331880649	0.0950121578	0.1823387962	-0.1502279466	0.0195078377	0.0905797709	0.0327155201	-0.0149519346	-0.0794959596	0.0417843568	0.0208324827	0.0152567157	-0.1733127938	-0.0337610311	0.0209224606	0.0600664337	0.1481352392	0.0434576863	0.0043441231	0.0794257548	-0.0314436276	0.053035838	0.2018239578	0.0302118543	-0.0369811687	-0.0130452864	-0.0471129625	0.0666023421	-0.0173617699	-0.0628840766	0.0138087783	-0.0902269491	-0.0844484946	-0.005281989	-0.1599257214	-0.030388329	0.1133488205	0.0935380987	-0.0964526707	0.0815247156	0.1427794823	0.0809665435	-0.1467940294	0.1246520567	0.0797059075	0.0660290938	0.1589122911	0.0535273564	-0.0179186054	0.0967165923	-0.0239342713	0.0667682411	-0.1186026758	0.0143483459	-0.0424606982	-0.0380955018	0.0771146111	-0.092019206	0.1864140328	0.1258426786	-0.0008943897	-0.0358872156	-0.1146012694	-0.0028411667	-0.0145809448	-0.0172809769	0.070819793	-0.0165660191	-0.1589303676	-0.0042797578	-0.0549169399	0.0062579679	0.023041664	-0.0202782423	0.0127424632	0.1563744871	0.1071377261	0.0444714439	0.1654517997	-0.0106657221	-0.0362773055	-0.083754835	0.0078807437	0.0692481396	0.1013209413	-0.1279937758	0.0969945691	-0.0696264301	-0.0304260298	0.1752916418	0.0617289122	-0.0059457526	-0.0105280545	-0.0681473143	0.028352213	-0.1324540459	-0.0299427531	-0.0292059392	-0.1394962993	0.0649949895	0.0474953651	0.0692554522	-0.0263878855	0.0242245766	0.016282639	-0.0144037588	0.0472089969	0.0883937876	0.131896555	0.1054949657	-0.1704767776	0.0560197282	-0.0331589385	-0.0728644666	-0.0909092723	0.1075050989	-0.0551875005	-0.0834407187	0.0162285301	-0.0339978753	-0.1290883846	0.1290552057	-0.1289999139	0.1289225186	-0.0979777431565338	-0.0026738727728883	7.149595605593381e-06	0.0095996381540477	0.1275061831426285	0.0363430607044676	0.0013208180613686	0.0162578267396015	-0.1300728347173816	0.0372665616035164	0.0013887966137486	0.0169189423314152	0.0021021285993002	-0.0001899899157198	3.609616807525465e-08	4.418944647995821e-06	0.00331290150989	0.0003131454455443	1.0975316414231444e-05	9.806007006513827e-08	-0.0024859909600362	-8.004161251960002e-05	6.406659734737791e-09	6.180151053381707e-06
