global_signal	global_signal_derivative1	global_signal_power2	global_signal_derivative1_power2	csf	csf_derivative1	csf_derivative1_power2	csf_power2	white_matter	white_matter_derivative1	white_matter_power2	white_matter_derivative1_power2	csf_wm	tcompcor	std_dvars	dvars	framewise_displacement	rmsd	t_comp_cor_00	t_comp_cor_01	t_comp_cor_02	t_comp_cor_03	t_comp_cor_04	t_comp_cor_05	t_comp_cor_06	t_comp_cor_07	c_comp_cor_00	c_comp_cor_01	c_comp_cor_02	c_comp_cor_03	c_comp_cor_04	c_comp_cor_05	c_comp_cor_06	c_comp_cor_07	c_comp_cor_08	c_comp_cor_09	c_comp_cor_10	c_comp_cor_11	c_comp_cor_12	c_comp_cor_13	c_comp_cor_14	c_comp_cor_15	c_comp_cor_16	w_comp_cor_00	w_comp_cor_01	w_comp_cor_02	w_comp_cor_03	w_comp_cor_04	w_comp_cor_05	w_comp_cor_06	w_comp_cor_07	w_comp_cor_08	w_comp_cor_09	w_comp_cor_10	w_comp_cor_11	w_comp_cor_12	w_comp_cor_13	w_comp_cor_14	w_comp_cor_15	w_comp_cor_16	w_comp_cor_17	w_comp_cor_18	w_comp_cor_19	w_comp_cor_20	w_comp_cor_21	w_comp_cor_22	w_comp_cor_23	w_comp_cor_24	w_comp_cor_25	w_comp_cor_26	w_comp_cor_27	w_comp_cor_28	w_comp_cor_29	w_comp_cor_30	w_comp_cor_31	w_comp_cor_32	w_comp_cor_33	w_comp_cor_34	a_comp_cor_00	a_comp_cor_01	a_comp_cor_02	a_comp_cor_03	a_comp_cor_04	a_comp_cor_05	a_comp_cor_06	a_comp_cor_07	a_comp_cor_08	a_comp_cor_09	a_comp_cor_10	a_comp_cor_11	a_comp_cor_12	a_comp_cor_13	a_comp_cor_14	a_comp_cor_15	a_comp_cor_16	a_comp_cor_17	a_comp_cor_18	a_comp_cor_19	a_comp_cor_20	a_comp_cor_21	a_comp_cor_22	a_comp_cor_23	a_comp_cor_24	a_comp_cor_25	a_comp_cor_26	a_comp_cor_27	a_comp_cor_28	a_comp_cor_29	a_comp_cor_30	a_comp_cor_31	a_comp_cor_32	a_comp_cor_33	a_comp_cor_34	a_comp_cor_35	edge_comp_00	edge_comp_01	edge_comp_02	edge_comp_03	edge_comp_04	edge_comp_05	edge_comp_06	edge_comp_07	edge_comp_08	edge_comp_09	edge_comp_10	edge_comp_11	edge_comp_12	edge_comp_13	edge_comp_14	edge_comp_15	edge_comp_16	edge_comp_17	edge_comp_18	edge_comp_19	edge_comp_20	edge_comp_21	edge_comp_22	edge_comp_23	cosine00	cosine01	cosine02	cosine03	trans_x	trans_x_derivative1	trans_x_power2	trans_x_derivative1_power2	trans_y	trans_y_derivative1	trans_y_derivative1_power2	trans_y_power2	trans_z	trans_z_derivative1	trans_z_power2	trans_z_derivative1_power2	rot_x	rot_x_derivative1	rot_x_power2	rot_x_derivative1_power2	rot_y	rot_y_derivative1	rot_y_power2	rot_y_derivative1_power2	rot_z	rot_z_derivative1	rot_z_derivative1_power2	rot_z_power2	motion_outlier00	motion_outlier01	motion_outlier02
894.2457921241853	n/a	799675.5367318116	n/a	1304.9273008176797	n/a	n/a	1702835.260419315	824.9882443111527	n/a	680605.6032515982	n/a	980.3177055564516	837.058629249778	n/a	n/a	n/a	n/a	-0.2567896075	0.3840257406	-0.1173748335	0.0002135431	-0.0219622189	0.1246951793	-0.0493228423	0.0396713941	-0.2552542066	0.1079001688	-0.0468421091	0.4296173229	0.0656588151	-0.0152367576	0.1091341904	-0.1750047933	0.1808170454	-0.1498207363	0.2908342043	-0.071009957	0.209618269	-0.2124548053	0.0127056249	-0.0089973018	0.0394735969	0.0432830568	-0.2619229342	0.0165152202	-0.236365477	0.1012032553	-0.0633759853	0.1528289164	-0.1353531726	0.1443778918	-0.1053496609	0.0193859924	-0.0303046111	0.037304188	-0.014699367	0.083631688	-0.0521805301	0.0236535017	-0.1200668915	0.0800693326	-0.0692591429	-0.1909034293	0.0637832542	-0.0507429026	0.1020551932	0.01364358	-0.1305145262	-0.0100011001	0.0826631255	0.0354085075	0.045602673	-0.1001773453	0.0043424194	0.0153523813	0.1512154154	-0.1210369091	-0.3110626337	0.2396920073	-0.2304580118	-0.1832589663	0.0489535234	-0.1075096722	0.2047897392	-0.0688295055	0.1558174781	-0.162829842	0.171345579	-0.0761833812	0.1131746315	-0.0420595128	0.0304725808	-0.1649236497	0.0994383495	-0.088397302	0.0836833108	-0.1126403021	0.0806019506	-0.0150162752	0.0096515008	-0.1018841056	0.0131438595	0.0623673053	-0.0243071595	-0.0297171252	-0.1095071187	0.0913203955	-0.1895722003	0.0373154561	0.0457104077	0.0140455501	-0.0196491867	-0.1633565857	-0.5361905519	0.1351259199	0.1983202578	-0.1834569376	0.0535894002	-0.0188859603	0.0235875812	-0.0555177005	0.0141692106	-0.0089779826	0.0051784048	-0.0306739583	-0.0236900852	0.0871647278	-0.0030555123	0.0247559158	-0.0312803801	0.0855353939	-0.0613708397	0.0260186862	-0.1467495916	0.0247237644	-0.0661815117	0.0200242429	0.1290883846	0.1290552057	0.1289999139	0.1289225186	-0.0746926639339875	n/a	0.0055789940455555	n/a	-0.0111256444003942	n/a	n/a	0.000123779963324	-0.7791334981522766	n/a	0.6070490079430036	n/a	0.0015810012138999	n/a	2.499564838352957e-06	n/a	0.0003189995207686	n/a	1.0176069425059649e-07	n/a	-7.521696070526005e-07	n/a	n/a	5.657591177736634e-13	0.0	0.0	0.0
891.9733472449954	-2.272444879189948	795616.452195441	5.164005728956616	1299.7596552783907	-5.167645539288969	26.704560419733184	1689375.161489401	827.3554246616984	2.367180350545709	684516.9987171394	5.603542812009707	977.753472244484	835.807912373222	1.152938	37.799561	0.3546304652424116	0.2405906368845539	-0.2457565233	0.1890625255	-0.0247926849	0.0564968314	0.1337609718	-0.0537828475	-0.1832867037	0.0564100655	-0.0171837774	-0.0188672482	0.064080542	0.3485696872	0.1621544676	-0.1685339237	0.0745220382	-0.1277173447	0.0700895341	0.0055603602	-0.2479224312	-0.3251178776	0.0267821536	0.0705400764	-0.0976800064	0.0631627271	-0.0109228017	0.1092126708	-0.1918277774	-0.2087822743	-0.0911990206	0.1303930754	0.0347905718	0.0855878356	0.079553484	0.0703618873	0.0887344025	-0.0848073545	-0.1549284721	-0.0190160224	0.0841440663	-0.0491457244	-0.1166729445	0.149715201	-0.0256569038	-0.0209158974	-0.0273949867	0.0001163036	0.0328143189	-0.0508389552	-0.0179857104	-0.2279380128	0.0476486941	-0.1694159441	0.0035191333	-0.0912931809	0.097494996	0.0344126762	-0.2724607705	0.0812151878	0.0167451801	0.1656425332	-0.1322311794	0.0614582219	-0.370070149	-0.0624981613	-0.0179033269	-0.2700912067	-0.030772131	-0.0685963847	0.0274903204	-0.0938748242	0.0711275914	-0.2409609368	-0.1095363834	-0.1649077677	-0.0203707179	0.1616609003	-0.0830634654	0.1306815352	-0.0513560053	-0.0389874546	0.1677725773	-0.0246617659	0.0854299352	0.0587239432	0.1234653358	-0.079110285	-0.14598887	-0.0004987626	0.2073806866	-0.0266175239	0.0747107148	0.1284585652	0.042835793	0.0769516362	-0.0056885505	0.2275435674	-0.366228617	0.0404766094	0.40419517	0.0009633374	0.0556077455	0.0149729356	-0.128630306	-0.2672228632	0.1502304629	0.0338410526	-0.1472976469	-0.0362925045	0.2512045361	-0.0846683924	0.0363874894	0.0331328121	-0.1646789509	0.0771351413	0.0384107137	0.0129005471	0.1028376833	0.1074375224	-0.0245170984	-0.0196602728	0.1289999139	0.1287014744	0.1282045865	0.1275100165	-0.0615873702620461	0.0131052936719414	0.0037930041757943	0.0001717487222278	0.0465852827925346	0.0577109271929288	0.0033305511174675	0.0021701885728604	-0.5452443205653026	0.233889177586974	0.2972913691087184	0.054704147392311	0.002217051130822	0.0006360499169221	4.9153157166791095e-06	4.0455949681661053e-07	0.0002956238944682	-2.337562630040001e-05	8.739348698054545e-08	5.464199049359526e-10	-0.0003398279621959	-0.0003390757925888	1.149723931197551e-07	1.1548304389021805e-07	0.0	0.0	0.0
890.7170186296104	-1.256328615384973	793376.8072764217	1.5783615898351235	1298.4286976759347	-1.33095760245601	1.7714481395354509	1685917.082948424	826.7136182805722	-0.64180638112623	683455.4066505556	0.4119154308543476	973.2063245476734	812.0040140605294	1.667812	54.679939	0.7488744096166289	0.4862933623766894	-0.015786633	-0.4565034673	-0.1781423117	-0.0304631625	0.1095666661	0.0575562684	0.0024286251	-0.1134850657	0.3792803447	-0.3136406894	0.1689467921	-0.1382136384	-0.0437379951	-0.2120795124	-0.1184699516	-0.1072753263	-0.1598672964	-0.3690197805	0.0600682516	0.1941872483	0.297459502	0.1149694424	-0.0552094208	0.0099655424	0.0366870769	-0.1546071166	0.1502221986	0.0160084996	-0.0471278074	0.0883317084	-0.0178815888	0.0364459054	0.0128454969	-0.1390925136	0.1808735608	0.0237273052	0.119631723	-0.001343332	0.1204800867	-0.1172919284	0.0755204885	0.0552677322	-0.0743896361	-0.0779988999	0.0178921659	0.0380860073	0.0322399526	0.0360825676	-0.0529737185	-0.0055500136	0.2642821051	0.0734614018	-0.0117555679	-0.1076413318	-0.0007709521	0.030205208	0.0466384928	-0.0801228652	0.0609368113	0.0935232097	0.4204579254	-0.0886561825	-0.008523289	0.1978568605	-0.2287258799	-0.2476051415	0.0183614097	0.065971732	0.395921188	-0.418681507	-0.0375283046	0.1324383157	-0.0434250612	-0.014096641	0.113907411	-0.0432458947	-0.0034456995	-0.0598547904	-0.0210700331	0.0929916288	-0.042233466	-0.0293711558	-0.0299722197	0.0571744746	0.0087794197	-0.053684393	-0.0097844752	0.047826164	-0.0724309685	-0.0823844582	0.1178504807	-0.0558235825	-0.0368832039	0.0176397815	-0.0563422903	-0.054794567	0.3712669219	0.1591681961	0.3611566219	-0.2578317171	-0.0887774964	0.029237364	-0.0070782038	-0.2225305881	-0.0108729664	0.2236689326	-0.1661232322	0.2436213873	-0.2595407406	-0.1782965417	0.0050156027	-0.0506855033	0.0274526417	-0.2141476711	-0.0890105759	-0.0311871144	-0.1154762557	-0.2259821411	0.0647992987	0.0264351008	0.1288230331	0.1279949812	0.1266188352	0.124700488	-0.0278580002486563	0.0337293700133898	0.0007760681778541	0.0011376704015001	0.1510662835608371	0.1044810007683025	0.010916279521546	0.0228210220288832	-0.1108054219868961	0.4344388985784065	0.0122778415416941	0.1887371565980189	-0.0006719998176445	-0.0028890509484665	4.515837549142413e-07	8.346615382835185e-06	0.0	-0.0002956238944682	0.0	8.739348698054545e-08	0.0	0.0003398279621959	1.1548304389021805e-07	0.0	1.0	0.0	0.0
890.1518442580264	-0.5651743715840212	792370.3058359656	0.3194220702953932	1283.1814539145423	-15.247243761392385	232.47844231931896	1646554.6436702388	825.5284895824507	-1.1851286981215026	681497.2871122824	1.4045300311111677	973.698464968984	811.3375419787762	1.390007	45.571976	0.5174613404497995	0.3047136957863011	-0.0759744573	-0.0230957261	-0.0155932047	-0.1015080271	-0.1094849301	0.0128029463	0.159770682	-0.2289714314	-0.2011470073	-0.2225648363	-0.0157635659	-0.1647538925	-0.156785357	0.1895811801	-0.2762317558	-0.0480500062	-0.0113707741	-0.134146633	0.0519523707	-0.2081331376	-0.1681628968	-0.3026316363	0.1356485385	-0.1649295708	0.1431396632	-0.0965226544	0.096245351	-0.024099649	0.0652729653	0.1275885526	-0.1632535896	0.3100595826	-0.0856675499	0.1227633964	0.2351655115	0.102376026	-0.0498222835	-0.0131616105	0.0070496386	0.1679513197	-0.0286290226	-0.1428109952	-0.0393524417	-0.0277101172	-0.0580604414	-0.0637190162	0.1014367308	-0.0004180295	-0.241079216	0.0127220329	0.0206300085	0.0140953498	0.048347531	0.1711610185	-0.0812048497	0.0048526237	-0.0198344598	-0.1127376488	-0.0371572285	-0.1246840127	0.0249106806	0.2066581971	-0.018676969	0.0532573692	-0.0617978437	0.3819228149	0.1427282583	0.1988802067	0.2388211581	0.1598197249	0.2290289894	0.0087619649	-0.1067299616	0.2733564153	-0.1304112354	-0.0038395493	0.0650044684	0.1104034241	0.2103115768	0.0615614783	-0.0426386436	-0.0935580412	0.0648578308	0.0387205535	0.0172782782	-0.0885223094	-0.018822534	0.1806184899	0.0017492784	0.0461958157	-0.1141425665	-0.066406737	0.0259018954	-0.0362703433	0.0701852259	0.1173210515	0.0303779909	0.0270263193	0.0578510922	-0.2178753792	0.3088391469	0.1085252201	-0.1484155973	0.1699203956	0.132785137	-0.2486814114	0.2145335143	-0.2146410166	-0.323367788	0.1933802602	-0.0341051473	-0.2456703772	0.2114322631	0.0182634583	0.1198924217	0.024258541	0.1249055172	-0.1420693956	0.1548692749	0.275060467	0.1285578634	0.1269376627	0.1242524367	0.1205247148	-0.0221369992941475	0.0057210009545088	0.000490046737749	3.2729851921490625e-05	-0.0894009565919304	-0.2404672401527675	0.0578244935866887	0.0079925310395522	-0.2354785246574593	-0.1246731026705632	0.0554501355748536	0.0155433825295047	0.0022600001157947	0.0029319999334392	5.107600523392058e-06	8.596623609687474e-06	0.0	0.0	0.0	0.0	0.0	0.0	0.0	0.0	0.0	1.0	0.0
893.7935941101501	3.64174985212378	798866.9888723398	13.262341985443577	1294.24144806787	11.05999415332758	122.32347067164024	1675060.925896817	826.9291938566593	1.400704274208579	683811.8916524244	1.9619724637861813	975.4755722973867	833.3614390454485	1.127682	36.97155	0.2415032280540266	0.1713738140657706	-0.1740272341	-0.0681263339	-0.0040366457	-0.0187254995	0.0221097554	-0.0085332859	0.1542338976	-0.0084145683	-0.0912472043	-0.1852627793	-0.0362133379	-0.056654913	0.0771866106	0.0875978673	-0.0009883647	0.1308456703	-0.0220340817	0.1254987063	-0.0006402024	-0.1834159354	-0.3224007068	0.0541240085	-0.0895545608	-0.0723078008	-0.1393411725	0.0237067414	-0.1693439348	-0.0691240667	0.0658264041	0.0676441475	-0.0740208702	-0.1080443807	-0.0854300413	-0.3106772726	0.0130051601	-0.0564824421	-0.0376753668	-0.0263967204	0.0782095152	0.0346024209	0.0753112244	0.0634518627	0.1648338589	-0.2326241857	0.0530381907	0.0214676776	0.081729174	-0.1140173235	0.0420203078	-0.0444882284	-0.0832974798	0.1578837044	-0.1197708447	-0.0267989253	-0.1326875797	0.0559149343	-0.0365511926	0.1191514442	-0.0321894943	-0.072151493	0.0393881459	0.1855451875	0.0308625042	0.0969362466	-0.0910304491	0.1198769146	-0.1305376567	0.0643342911	-0.1362789882	0.1539496624	-0.038605914	-0.0898340937	-0.0715438107	0.0606908444	0.1201707814	0.028615578	-0.0349813133	0.0156289058	-0.1938812003	0.1736525636	0.1133096267	-0.0497621872	0.2282491894	-0.217531861	-0.2369750404	-0.1954083596	-0.0301056786	0.0503494809	-0.0611450487	-0.0524435234	0.0399535377	0.0366948189	-0.1168249916	-0.0221716142	0.0671531006	-0.0470420602	0.068073502	-0.0684437953	0.0657751463	-0.0951532363	0.067713762	-0.0176140037	-0.0128838974	0.272271251	-0.1007004747	-0.0473601762	0.0485922447	0.2207739405	0.1252287699	0.1613100886	-0.0815235767	0.0357068787	0.2285159128	-0.2478209396	0.0566066668	-0.1939611047	0.253728578	0.2020651497	0.009915557	-0.2429237291	0.1282045865	0.1255324169	0.1211199807	0.1150284477	-0.0220455554522942	9.144384185329896e-05	0.0004860065152001	8.361976212891151e-09	0.0778023250174726	0.167203281609403	0.0279569373809533	0.0060532017781244	-0.2727929028728724	-0.037314378215413	0.0744159678578084	0.0013923628216028	0.0019230016548773	-0.0003369984609174	3.697935364660835e-06	1.1356796266069638e-07	0.0003999994269252	0.0003999994269252	1.5999954154048842e-07	1.5999954154048842e-07	-8.845999045452432e-07	-8.845999045452432e-07	7.825169911214533e-13	7.825169911214533e-13	0.0	0.0	0.0
889.1221472683313	-4.671446841818806	790538.1927630482	21.8224155959389	1295.7832549729271	1.5418069050572285	2.3771685324821497	1679054.243868234	826.9442459735333	0.0150521168740169	683836.7859487355	0.000226566222389	976.127661788719	818.6591427225703	1.131859	37.108479	0.0591406730313962	0.0321839080251538	-0.067610202	-0.0521022944	0.134454032	-0.0355015497	0.0495935466	-0.0021582331	-0.0398809747	-0.1580302423	0.027335652	0.0161670165	0.2949731183	0.0076297951	-0.0021114377	0.0407573427	0.0620047342	-0.0175159998	-0.0935264393	-0.0348870652	0.1627740957	0.0507128102	-0.1541635666	0.0900938698	0.1304235557	-0.1031640669	-0.0287105019	-0.0860315438	0.2092305496	0.1065154903	-0.0549579955	-0.1153869529	-0.0923210577	-0.0659254844	-0.1017636672	0.016329577	-0.0702498395	-0.1577308626	0.0208372144	-0.1573647727	0.1756590952	-0.1083541367	0.0616203103	0.0621021583	-0.0504246876	-0.0418091004	0.1252160065	0.073851876	0.0540649498	-0.1150775188	0.1364979051	-0.0081180059	-0.1053893013	-0.1002125475	0.1194643563	-0.0821144021	0.0482049222	0.0081558983	-0.0604577629	0.0082067859	-0.0686027276	-0.0543029263	0.0145541099	-0.1023123121	0.0064867812	-0.1261013415	-0.1971598	0.0214317581	0.0533962238	-0.1160243529	0.1485093266	0.1915052533	-0.1038457945	0.1011404889	-0.0832911672	0.0419143916	0.2460409696	-0.0192641221	0.0739372902	-0.0276618291	-0.1003573215	-0.0651392124	-0.0969866723	0.0239255499	-0.0428082608	-0.0837570205	-0.2031170299	0.201041105	0.1698848894	-0.1059556479	-0.0321002605	0.0132052613	-0.0600664825	0.0555275049	0.0307908988	0.218946034	-0.068148416	0.0210633312	0.0353437871	-0.051973747	0.0526330917	-0.0648377375	-0.0513378797	0.0921681703	-0.0052422512	0.0388869891	-0.2176989368	0.0512894514	0.4200857524	0.1344291396	0.0513807348	0.1191077545	0.2377969629	0.0791858987	0.0544218851	0.0279060331	-0.1661872373	0.1211646158	-0.3219912934	0.0093589212	-0.1213875271	-0.175997815	0.1277634447	0.1237830955	0.1172407796	0.1082719048	-0.0078041756436419	0.0142413798086523	6.090515747681347e-05	0.0002028168988542	0.0777570440977797	-4.5280919692899935e-05	2.050361688234853e-09	0.006046157906824	-0.2698293664591986	0.0029635364136738	0.0728078870037724	8.782548075170605e-06	0.0018488409285041	-7.416072637320007e-05	3.4182127789119027e-06	5.499813336200652e-09	0.0007099192527237	0.0003099198257985	5.039853453877766e-07	9.605029842297257e-08	0.0004528443657113	0.0004537289656158	2.058699742388249e-07	2.050680195564696e-07	0.0	0.0	0.0
885.0491759502527	-4.0729713180786575	783312.0438502213	16.589095357891395	1288.018001256813	-7.765253716114103	60.29916527562388	1658990.3715615957	827.2826248797833	0.33837890625	684396.5414279843	0.1145002841949462	977.105914381511	780.2574297079591	1.123387	36.830719	0.07483514867289	0.0451582849526563	0.1765898154	0.0174760723	0.1094914849	0.0398695635	-0.0781724522	-0.0878962692	0.0777221453	0.0130764871	-0.0164039766	0.1441631086	0.0235461524	-0.06019411	-0.1601716562	-0.0487455226	-0.1691714629	-0.0575703204	-0.0441868508	0.0830377623	-0.004479406	-0.0268936064	0.0587933871	-0.0578998233	-0.1344948369	0.1744382484	0.031630177	0.1896607675	-0.0315366687	0.0661963564	0.049187449	-0.1043405664	-0.0120064784	-0.1374891079	0.1424634529	-0.008181508	-0.1418856389	0.1027540741	-0.0135818643	-0.0211492414	-0.0226193183	-0.0596315651	-0.0066316814	-0.1263050095	0.2051056707	0.0891582955	0.0144629043	-0.010445019	0.0622379682	-0.0658521633	-0.1185591512	-0.0363384915	0.1077612315	0.0954089541	0.0692294068	-0.0791263179	-0.374022936	0.0369408531	-0.0101339797	-0.2200532201	0.0671181239	0.0031468425	-0.068179105	-0.1592473545	0.0235962692	-0.0344225793	0.1167833693	0.0665953751	-0.0003021742	0.0670487685	-0.030373863	0.219348692	-0.0651001577	0.105050324	-0.0374725314	-0.0213951303	0.005387565	-0.0028115218	0.1155349307	0.0484840984	-0.2858943977	-0.162052357	-0.0216146661	-0.0300157056	-0.0518574495	0.1064682416	-0.0719231577	-0.0513946548	-0.0915326737	0.1400716776	0.0118024218	-0.0110939655	0.1640156178	-0.1033925555	0.131567494	-0.1743447619	-0.0904817588	0.1199020431	0.0464844045	-0.0758509483	-0.0548098056	0.0545013974	0.0162295214	-0.0491507652	-0.0945287621	0.1202015603	0.1073939428	0.0452186871	0.2358790299	0.0765460515	-0.0040465806	-0.0284309371	-0.1466704658	0.0075471278	-0.0438932946	0.0994852803	-0.2006240164	-0.1037639496	0.1006679478	0.0335460391	-0.3645569671	0.1293272309	0.1272347401	0.1216944932	0.1126387502	0.1003291122	-0.0060846702525907	0.0017195053910512	3.702321208276217e-05	2.9566987898541423e-06	0.0552304175199793	-0.0225266265778004	0.0005074489049756	0.0030503990194312	-0.2322642684400051	0.0375650980191934	0.0539466903939707	0.0014111365891916	0.0017918973873448	-5.6943541159299935e-05	3.2108962467731206e-06	3.2425668797608853e-09	0.0006312942715205	-7.862498120319997e-05	3.985324572545988e-07	6.181887669203549e-09	0.0003279345143769	-0.0001249098513343	1.5602470960381904e-08	1.0754104571961325e-07	0.0	0.0	0.0
884.847008185077	-0.202167765175659	782954.2278940817	0.0408718052761204	1285.8363497269715	-2.1816515298414743	4.759603397659645	1653375.1182791826	825.8659783816389	-1.4166464981443596	682054.6142482617	2.006887300704677	975.3303742425228	772.8064513031143	1.018567	33.394165	0.0810436863581014	0.0414024101544328	0.2485872485	0.0049633863	0.1565425417	0.0848087354	0.0999928633	0.0040152574	-0.0166142969	0.1246989527	-0.0201409525	0.184035428	0.0281316112	-0.1407308787	0.0681105431	-0.038528197	-0.0325381019	-8.65853e-05	-0.1120186944	0.128913668	-0.0963864705	0.0161344332	0.0611622737	-0.0186598958	-0.1498439599	-0.0008292036	0.1719941064	0.0198661796	-0.0329766734	0.0742170055	-0.1704022304	-0.0851060592	0.3199989901	0.1595658435	-0.107398153	-0.0273047324	-0.1186609399	0.0431362965	0.0812717857	0.0439884688	-0.0852809776	0.0554698737	0.0328265814	-0.0568448083	0.0249013133	-0.0350687374	-0.0248627348	0.2095975718	0.0870494734	0.0252346085	0.0699054895	-0.0753920966	0.1130282851	0.0884048721	-0.2301930198	-0.002919645	0.071955114	-0.0606803047	0.179516432	-0.073392112	-0.099928557	-0.0919718937	-0.0081698811	-0.2036565316	0.0910964548	-0.0541645682	0.0334176726	-0.0468299705	-0.1807352372	0.1243154791	-0.1058466589	-0.0154017028	0.0522213921	-0.1380226965	-0.0449465001	0.0256140822	0.0329656574	-0.0339320077	0.1378340124	0.173450399	0.0302686331	-0.1348922255	0.0510759094	0.2980939426	-0.0482882952	0.1027804634	0.1006116585	-0.163836479	0.1409763804	0.0175914324	-0.3250593364	0.0628470333	0.0336696081	0.0135879156	0.0995090968	-0.074675122	0.0586371918	-0.1673270123	0.0884788666	-0.0662011417	-0.1092851353	0.1873836362	-0.0143864686	0.1041319872	-0.1868495346	-0.0537230766	0.0767363126	0.0357723127	-0.0843396546	0.2571978987	0.0258639857	0.0980814265	-0.1669173619	-0.0807432614	-0.0292659603	0.1915294228	-0.0435991611	0.0917062158	-0.0768475597	0.2157010163	0.1178111317	-0.0445274352	0.1266188352	0.1192723348	0.1073422654	0.0912870929	-0.003700414020372	0.0023842562322186	1.3693063922165667e-05	5.68467778087371e-06	0.0735659701308435	0.0183355526108641	0.0003361924895457	0.0054119519612921	-0.2019063599654416	0.0303579084745635	0.0407661781944944	0.0009216026069499	0.0014859496169728	-0.000305947770372	2.208046264181611e-06	9.360403819559813e-08	0.0004296760304769	-0.0002016182410436	1.8462149116638594e-07	4.0649915121515194e-08	0.0002361811449834	-9.17533693935e-05	8.418680795060062e-09	5.578153324566981e-08	0.0	0.0	0.0
886.8244812980673	1.9774731129903105	786457.6606295862	3.910399912599588	1286.9151252027582	1.0787754757866423	1.1637565271586965	1656150.5394756307	827.1539640281826	1.2879856465436887	684183.680207536	1.658907025702564	975.3338770467656	775.3228124122448	1.038452	34.046078	0.0633037224223885	0.0328702543395554	0.212387154	-0.0350989065	-0.0136480239	0.1342618872	-0.1468494144	-0.066518541	-0.0863743046	0.0315058602	0.0742255327	0.0824052883	-0.1353439217	-0.1557256515	-0.2700153233	-0.0832808166	0.0249899341	0.0461214756	0.0660819123	0.0563165159	-0.1353821266	-0.0408175713	0.0769523619	-0.0234675775	0.0600767686	0.1398985142	0.1581534454	0.1087491805	0.0171647714	0.1070857397	0.0603167125	0.0269667531	-0.0190875742	-0.0562745988	0.0579416871	-0.0649056319	0.0017515153	0.2196052878	-0.0772912049	0.0124729256	-0.0077051887	0.0098095424	0.0400786733	-0.0635247413	0.0405538666	0.1278378134	-0.0580970122	0.0783546758	-0.2547976258	-0.0848327628	0.0212066637	0.0946320414	0.0609211203	-0.0548715894	-0.0571339602	-0.0437159669	0.075394346	-0.0737458754	0.0913379307	0.0957240435	-0.1128059505	-0.0312773695	0.0198640981	-0.1410347176	0.1337550054	0.1208257313	0.1606140837	-0.0571954875	0.069970664	0.088920227	-0.0910032598	0.107450471	0.0300734941	-0.025442847	-0.1535535239	-0.1610459349	-0.1085343545	-0.0542028328	0.1141717415	-0.0087886929	0.1104701081	0.0257962908	0.0629843544	-0.0659890138	-0.0653283862	0.0625714742	0.0769780857	0.046707347	-0.0146040688	-0.0307434065	0.1421760972	0.0585110077	-0.0552272212	-0.1023114262	-0.0110925148	0.092327774	-0.0337295205	-0.06166144	0.0929700465	-0.0666867015	-0.180607794	0.1178952921	-0.144941622	-0.0004050668	-0.0090998165	-0.036331357	0.2250535424	-0.0030077832	0.0334083384	-0.0062953119	-0.1075196169	0.0603375496	-0.0641789592	-0.1188591729	-0.1908899733	-0.0113028129	0.0387220986	0.132313049	-0.0924912985	0.3140875997	0.0730357979	0.1036904186	0.1259161521	0.1165232592	0.1013839798	0.0812449131	-0.0060685699817781	-0.0023681559614061	3.682754162373825e-05	5.60816265754325e-06	0.048738990139995	-0.0248269799908485	0.0006163789354659	0.0023754891598665	-0.1929732260699026	0.0089331338955389	0.0372386659798257	7.980088119562754e-05	0.0012358970513398	-0.000250052565633	1.527441521510412e-06	6.252628557964578e-08	0.0006312032340067	0.0002015272035297	3.984175226205169e-07	4.0613213762541424e-08	0.0003281104273125	9.19292823291e-05	8.450992949543376e-09	1.0765645251119136e-07	0.0	0.0	0.0
890.8053143503436	3.980833052276239	793534.1080748144	15.847031790094958	1293.5026404895084	6.587515286750204	43.39535765316762	1673149.0809533305	828.7825265747865	1.6285625466039164	686880.4763556867	2.6522159682010336	978.3395275993848	791.0843170114697	1.060353	34.764122	0.0351168895549202	0.0171636519749171	0.112932074	-0.0141447036	0.12184136	-0.0908683128	-0.031136195	-0.000238609	0.1506004889	0.0694977854	-0.1175847844	0.0433845552	-0.0535912798	-0.0683891226	0.04217735	0.1266011287	-0.1152918899	0.136499107	0.1975332598	0.0852756934	-0.0876700244	0.102701593	0.104698376	0.207247156	0.2084966466	0.0376006373	0.0609770151	0.0121801313	0.1453091005	-0.0650148313	0.0929906259	-0.0292404384	0.1136057236	0.0516363944	0.058219965	-0.1253985988	-0.0390795837	-0.1357785678	0.0511689485	0.0434360421	0.0295119104	-0.0004403813	0.0703768575	-0.1114908351	0.0026539776	0.0095482052	-0.1593118499	-0.0863087827	-0.155708151	0.1664956083	0.2014721697	0.2433576732	-0.0989224296	0.0368459044	0.0178371975	-0.0223036154	0.0571227951	-0.0448731654	-0.0950283946	0.0846458005	-0.1168807485	-0.2011851062	-0.0272080097	-0.0616044798	0.0427287676	0.0627997309	0.0904429273	0.1955413415	-0.1061275378	0.0148540138	-0.0577299962	-0.1428926907	-0.096300617	-0.1124398266	-0.0616432164	-0.2252170502	-0.0591849245	-0.0746456254	-0.0196445871	-0.0568851023	0.0980655466	0.0023369923	-0.0043293618	0.028590268	0.1095703479	-0.0665841761	-0.0147324186	0.2044589548	0.0756377835	0.0328140176	-0.0867795004	0.0208682597	-0.1063951127	0.091306741	0.028203227	-0.0605680217	0.0308476596	-0.0193203961	0.0746022917	-0.0557422607	-0.1754740208	0.0966289852	0.1372207203	0.0577246974	-0.0371784915	0.0651883102	0.1128278959	0.149337277	-0.3183501874	0.0455172496	-0.0161014059	-0.092046074	0.1160125983	-0.0539095162	-0.1275511972	-0.1163580484	0.0868626574	-0.0420782503	0.1354178849	-0.0121566642	-0.0864193497	-0.0169129995	0.1251271724	0.1134548014	0.0948006283	0.0703125971	-0.0100628255674877	-0.0039942555857096	0.0001012604584016	1.595407768397234e-05	0.0589152200442555	0.0101762299042605	0.0001035556550643	0.003471003152863	-0.2055217802541378	-0.0125485541842352	0.0422392021588301	0.0001574662121146	0.0011949117145048	-4.098533683499989e-05	1.4278140054608007e-06	1.6797978354783986e-09	0.0006871541676618	5.595093365509999e-05	4.721808501349811e-07	3.1305069768774006e-09	0.0002570897001883	-7.102072712420002e-05	5.043943681250081e-09	6.609511394290998e-08	0.0	0.0	0.0
893.2642234935199	2.4589091431763563	797920.972973481	6.046234174396283	1295.6149573600728	2.1123168705644275	4.461882561671096	1678618.1177351433	829.1136352803857	0.3311087055991493	687429.4202078563	0.1096329749235441	980.7226643591976	800.4292511533729	1.047382	34.338852	0.0546797417171592	0.0260105951988968	0.0291555897	-0.0203434215	-0.0203479454	0.1743910471	-0.0237626617	0.0549221882	-0.0902181508	0.0581257686	-0.1079045468	-0.0724507073	-0.1040646954	-0.0356611196	0.0269327876	-0.0420335223	0.1627413098	-0.0047678909	-0.1608524942	0.0832501309	0.0203312834	0.1414778425	0.1462934261	0.1433991534	0.1111777343	-0.0174349628	0.1138309033	0.1095464338	-0.0614386187	0.0363279344	0.1021841216	0.0170006499	-0.0232506498	0.044645641	0.0212773854	-0.048954751	0.1819200638	0.1345868557	0.184608476	0.1433274961	0.0029240122	-0.0164506793	0.0594755172	0.112149284	0.0127489585	0.0463874217	0.1280403422	-0.1855116751	-0.0417022148	0.15762108	0.0224894213	-0.0159038595	0.0304006766	-0.0084250294	-0.0567581901	0.2706928653	0.0034030428	0.019000276	-0.0048631077	0.0332391274	0.0119878766	0.0273355676	-0.0939877155	0.0402240111	0.1284877006	0.1917555897	-0.0068642588	-0.1496545273	-0.0708572505	0.0110468738	-0.0777751187	-0.1086864431	0.1364095912	0.2063407693	0.0180995324	-0.0384958498	-0.1843685188	0.062886854	0.0244453522	0.0275128316	-0.0242820971	0.0442158107	-0.1100242695	-0.0784678838	0.1192907616	0.1729672182	-0.0418392762	0.0338474639	-0.0086213601	-0.1738536423	0.0095889364	-0.0748991605	-0.0595446476	0.0505829221	-0.0254185106	-0.051435064	0.1450440456	-0.1738547593	0.047528816	-0.0627104489	-0.1717177928	-0.019690068	-0.187118939	-0.0439526765	-0.0093895312	-0.0851249968	-0.1373532714	-0.0260187934	-0.1231287939	-0.0583673876	-0.152066547	0.0717164293	0.21041183	0.0276542697	-0.1370143678	-0.0249576017	0.300684278	0.0995058396	0.0676733077	-0.045398033	-0.2977759162	-0.0076898353	0.1242524367	0.1100753719	0.0876327994	0.0586099215	-0.0046132771358031	0.0054495484316846	2.1282325931723655e-05	2.969757810927608e-05	0.0685694578097866	0.0096542377655311	9.320430683340692e-05	0.0047017705443281	-0.2234489146059814	-0.0179271343518435	0.0499294174385911	0.000321382146069	0.0012859650114731	9.10532969683e-05	1.6537060107330104e-06	8.290702888797431e-09	0.0004411042090448	-0.0002460499586169	1.9457292323703867e-07	6.054058213542739e-08	0.0001612165324116	-9.58731677767e-05	9.191664299539265e-09	2.5990770322820473e-08	0.0	0.0	0.0
893.4802605057242	0.2160370122043104	798306.9759133768	0.0466719906421654	1300.6703556520154	5.055398291942538	25.55705189017553	1691743.37407194	829.6474676235638	0.5338323431781191	688314.9205341924	0.2849769706230411	979.4834138017404	804.0787143176981	1.047991	34.358829	0.0891308603240552	0.0389229994300498	0.0117677133	-0.0394183137	0.0566386277	-0.0795590213	-0.1181331279	0.0277197696	0.0031972575	-0.0472490615	0.0676099586	0.0332330677	0.0238908886	0.0019997931	-0.0738155503	0.1744858655	0.042964725	0.0156753645	0.0991529921	0.0110747094	0.0235415459	-0.031391895	0.0294938864	0.2063718108	0.0704360765	0.0933819177	-0.2457444427	0.0042528249	0.168012755	-0.0348605155	0.1220885659	-0.1807589846	0.1407407236	-0.082587535	0.0211823965	0.0319701993	0.138104273	0.0092830723	-0.0532629568	-0.0785565352	0.0299925401	0.0398424073	-0.0093932919	0.2366304569	0.0457825037	0.1682801899	-0.0423162376	-0.0044792552	0.0037019955	0.0010205406	-0.0410568773	0.0028844436	-0.0266472496	0.0604072598	0.0636317061	-0.1108317022	-0.0540611262	0.000717283	0.1414528126	-0.0115640801	-0.008373343	0.0503449314	0.0268359481	-0.0691814661	0.0301867564	-0.0176792725	-0.0247704525	0.1413446441	0.0755482183	-0.0539142075	0.0132087425	0.1194759957	-0.1593969544	0.0429891053	-0.0057867213	-0.1072178685	-0.1322855284	0.0616728755	-0.0427196162	-0.0177937945	-0.01174271	-0.046864096	0.0138172944	-0.0155347843	0.0715414107	0.0114914042	0.1350575889	0.0946042696	0.0387241716	-0.1135857054	0.017157107	-0.2333901307	-0.0761697035	0.0067419786	-0.1041282034	-0.0306300312	-0.0631737209	-0.0165420906	0.0388859075	-0.0900286818	-0.1307068763	0.0283459326	0.0015294957	-0.0094111794	0.1549464937	-0.0140104347	-0.0025525131	0.0297126239	0.1335848008	0.0217807108	0.1516915989	-0.0837680528	-0.0306449907	0.0773254664	-0.0977274719	-0.1892421737	0.3352904085	-0.0871331254	-0.1801503724	-0.0501221719	-0.1264833974	0.1342925245	0.1232925447	0.1063942335	0.0799246852	0.0462651033	0.0101460411167977	0.0147593182526008	0.0001029421503437	0.0002178374752815	0.0487830256512182	-0.0197864321585684	0.0003915028975656	0.0023797835916874	-0.2418140614761625	-0.018365146870181	0.0584740403275972	0.0003372786195633	0.0013763139785017	9.034896702859984e-05	1.8942401674191777e-06	8.162935843135023e-09	0.0007123611207773	0.0002712569117324	5.07458366395091e-07	7.358031216265327e-08	0.0005240099145046	0.0003627933820929	1.3161903809047745e-07	2.7458639049911814e-07	0.0	0.0	0.0
893.2367444335275	-0.2435160721967122	797871.881606207	0.0593000774181143	1293.1185407988064	-7.551814853208953	57.02990757714736	1672155.5605576343	828.3275840246238	-1.3198835989400095	686126.5864560702	1.7420927147508318	979.602109480662	811.7093310364693	1.022106	33.510181	0.0516113474381553	0.0334268755302044	-0.0357708933	0.082976162	0.1353543808	0.0648872827	0.0228428385	0.01709007	0.1125197479	-0.0571895837	-0.0850268727	0.0086285728	-0.0164461902	-0.0286623087	0.040289836	0.0201114228	0.0016564923	-0.001280587	-0.1651587156	0.0774722055	-0.0790305924	0.0070779814	-0.1020394745	0.0537498719	-0.0143604583	0.2152548781	-0.1384900789	0.006252354	-0.0364267627	0.0790909798	0.1816916388	-0.1622041916	-0.0328231171	0.0236721516	-0.1095683443	0.0507390741	-0.0453585327	-0.1628573383	-0.0577437963	-0.2148812328	-0.2305622148	-0.0473423879	-0.1318482566	0.064929984	-0.0020931768	0.0503850943	-0.0664259103	-0.1560178428	0.0578285973	0.1302163032	-0.0118583497	0.1221100915	0.0710379174	0.0037041361	0.0099728	0.0956692237	-0.1114399546	-0.0634304957	-0.0278975373	0.037782005	-0.0159365457	0.005901428	-0.0822844215	0.0439130732	0.0628792706	0.0364692451	-0.0509037288	0.0487962033	-0.1157538423	-0.0522021286	-0.0902018234	0.1113347676	-0.0673587941	0.131447792	-0.0811018764	-0.1629389141	0.067041258	-0.1404216706	-0.0936097747	0.0107000546	0.0542681834	0.1458011705	0.0089073362	0.0284406822	-0.2329910566	0.1068963568	0.0155841312	0.0497726304	0.0407449627	0.016831285	-0.0246721981	-0.0379455671	0.1868528352	0.145842097	0.134830019	0.0468441068	0.0983092683	0.0354142221	-0.0606111955	-0.1307041005	-0.1561506613	0.0035628863	-0.0354251688	-0.0515777022	0.0015685404	0.1064248572	-0.1360118255	0.0193117164	-0.0162274986	-0.0290554963	0.1078605895	-0.0940334683	0.0994495614	0.0310660085	0.0165391428	0.00916741	0.1430620727	0.0922206964	-0.1954113306	-0.212532728	0.2988186147	-0.0121379596	0.1222481541	0.1024214758	0.0717238087	0.033413395	0.010159193991484	1.3152874686299734e-05	0.0001032092225566	1.729981125135043e-10	0.0488353417284628	5.231607724460324e-05	2.7369719382632924e-09	0.0023848906017357	-0.2479958201799519	-0.0061817587037893	0.061501926826727	3.8214140671875966e-05	0.0018519265563516	0.0004756125778499	3.429631970120296e-06	2.262073242090273e-07	0.000293972975035	-0.0004183881457422	8.642011005092873e-08	1.7504864049768004e-07	0.0005107282424481	-1.328167205649994e-05	1.7640281261641132e-10	2.608433376341252e-07	0.0	0.0	0.0
892.2740628885558	-0.9626815449717014	796153.0033036504	0.926755757029102	1303.3356900339977	10.2171492351913	104.39013849417016	1698683.920916397	826.6446835068974	-1.6829005177263523	683341.4327702186	2.8321541525636253	979.8223853859312	797.6765554077422	1.089385	35.715961	0.0623861729484803	0.0414756562371892	0.0758891287	-0.0435239686	0.0750781974	-0.0281406395	-0.0231320053	-0.1080459134	-0.1190116076	0.0203458132	0.1669624278	0.1593691539	0.0626463747	0.0569436874	-0.0796518955	0.0785663577	0.1525922334	-0.021937984	-0.1109196303	0.0750000335	-0.0481439772	-0.0063338541	-0.1846278237	0.1522228843	0.2523972574	-0.1379770651	0.0372228788	0.076090392	0.2412688418	0.0035247594	0.0914628473	-0.1461611871	-0.2398735938	-0.04187841	-0.07627111	0.1398118542	-0.1445727906	-0.0854234132	0.0566816467	0.0973893466	-0.1103223113	0.123355469	-0.0961010898	-0.0258181549	0.020620259	0.0167261266	-0.1637206145	-0.0043787494	0.0417717828	0.0979603063	-0.0853542458	-0.1573001169	-0.0289138922	-0.0287479509	-0.1740328347	-0.0136784828	-0.0039475871	-0.0277973921	-0.0509141345	0.0095807808	0.1208531018	0.1796175058	0.0769787524	-0.1904294577	0.0072460783	-0.0858129075	0.0666927383	-0.0132019669	0.0200099555	-0.1266069433	0.0007249632	0.2152098385	0.1951580833	-0.0762033923	0.04471057	0.025180371	0.1550660812	-0.1917962015	-0.1775066944	-0.2831526755	0.1187210417	0.0318235631	0.0582864593	-0.0105496195	-0.1256713558	-0.0623623515	0.1128398765	-0.0338233204	-0.0445553662	-0.0197266245	0.093989461	-0.1173484916	0.1859725797	0.0544927875	-0.0075056673	-0.1153915666	0.001904385	-0.0360267778	0.0742837495	-0.1156712074	-0.013329964	0.1691569551	-0.0477516621	-0.0234942373	0.1178464893	-0.0745709489	-0.0770259914	0.0049069597	0.2117675692	0.0663558014	0.2245869473	-0.1353445068	0.0062030111	0.0164428132	0.0304331707	-0.051030186	0.0211219751	0.0915555662	0.219953764	-0.0512786493	0.2561205707	0.0934288245	0.1211199807	0.098167988	0.063080731	0.0201956026	0.0101539591023538	-5.234889130199816e-06	0.0001031028854522	2.7404064205484182e-11	0.0487623877252616	-7.295400320120327e-05	5.322286583081176e-09	0.0023777704566687	-0.2115683092566129	0.0364275109233389	0.0447611494817018	0.0013269635520699	0.0016168743907995	-0.000235052165552	2.6142827956232545e-06	5.52495205307318e-08	0.0005288743339304	0.0002349013588953	2.797080610903242e-07	5.5178648410905504e-08	0.0004630723042394	-4.765593820870004e-05	2.271088446551436e-09	2.1443595895358745e-07	0.0	0.0	0.0
892.278128928028	0.0040660394721498	796160.2593633025	1.6532676989081006e-05	1291.3660439496266	-11.969646084371108	143.27242738510057	1667626.2594661089	830.4267146509795	3.782031144082112	689608.5284060194	14.303759574807046	982.6936711335726	799.8128327989792	1.253019	41.080761	0.2553388911159303	0.1769572752058935	-0.0067228055	0.3423235927	0.0803460087	0.0900884496	-0.1380138778	-0.0788224534	0.0622256259	-0.0995613558	-0.1757958209	0.1640989312	-0.0290252001	0.1334014168	-0.139963662	-0.0687282764	-0.0149519929	-0.1149312052	0.0486073767	0.0181485785	-0.0428317977	0.2305508686	-0.0057568518	-0.0272457611	-0.0376684428	0.0385124262	0.0030795446	0.1543672773	-0.2146690579	-0.0374634242	-0.1836729259	-0.0662871335	-0.0398607707	-0.133717308	0.0130427951	0.0726529121	-0.0628126889	-0.0391514283	0.0642518786	0.1043133569	-0.0675882104	-0.034751465	0.043205259	0.0190666689	-0.2023672744	-0.0069194574	0.0909121998	0.1288964761	0.0294192364	-0.0672343633	-0.1225481813	0.012053378	-0.066616617	-0.0079598042	0.1588559496	0.0632471639	0.1702279174	0.0623423621	0.2437732904	0.0065967034	0.035863199	0.0630925827	-0.2794167004	-0.0560142432	-0.1201820927	0.003951472	0.1494090825	-0.1119202997	0.1099434497	0.1132194365	-0.0488830554	-0.1168177529	-0.0422970387	-0.001298485	0.1557505406	0.0170123433	-0.0679916064	-0.1887994578	-0.0626869677	-0.1116796772	-0.0295525669	0.0811762864	-0.1560182461	0.1060038406	-0.1329180222	0.0196182552	-0.2241599455	0.0153586824	-0.1249539697	0.057191779	0.1210471683	0.0886942669	0.0242537333	-0.2305229017	-0.1105182346	0.0069938623	-0.0160763173	0.0528957956	-0.2928801213	-0.1016574324	-0.2043667386	0.066040757	-0.0397798311	-0.117761766	-0.0147357197	0.0868475984	0.0781103564	0.2925438764	-0.0229726702	-0.1861125388	-0.1780160295	-0.0634884553	0.1616258731	-0.1628255217	-0.0432563027	0.0706787894	-0.0458852474	-0.0751428617	0.0512571815	-0.1226127578	0.2681876867	-0.231592075	0.1199087977	0.0936454286	0.0540487397	0.0067565429	-0.0058929450042484	-0.0160469041066022	3.4726800823096177e-05	0.0002575031314064	0.0791176357466838	0.0303552480214222	0.000921441082442	0.0062596002861449	-0.3786126708405888	-0.1670443615839759	0.143347554521044	0.027903818736998	0.0021163753803691	0.0004995009895696	4.479044750632453e-06	2.495012385810097e-07	0.0007448612710152	0.0002159869370848	5.548183130583791e-07	4.665035699127335e-08	0.0003407126828152	-0.0001223596214241	1.4971876955073535e-08	1.1608513223113108e-07	0.0	0.0	0.0
892.5942666376732	0.3161377096452042	796724.5248344456	0.0999430514597154	1291.215848473354	-0.150195476272529	0.0225586810927318	1667238.3673487636	829.3009828248923	-1.1257318260871898	687740.1201143324	1.267272144265599	981.8248049163292	808.8730935477355	1.114274	36.531952	0.1425979981736235	0.0635343122474316	-0.0519830069	0.3560555932	0.0681802978	0.126739782	-0.057429305	-0.0662733686	-0.209357972	0.0762373731	-0.1786559212	0.1739828166	-0.0214331346	0.1256128435	0.1080374933	-0.3459309945	0.0789072598	0.0747572191	-0.0461396944	-0.2006926472	-0.2219322339	0.192464006	-0.0938714952	-0.0737882381	-0.0245051292	-0.0682456086	-0.233055087	-0.0978174369	-0.3663785764	0.1816816402	-0.1818541936	-0.202577956	-0.0510033551	-0.0515354406	0.0921061583	0.0339742872	0.0424488022	-0.0441491067	-0.0091811778	-0.0840115076	-0.0093827636	0.0050292607	0.2106809121	-0.2110460649	0.0567790033	0.0259586065	0.0602578887	-0.017236971	-0.0936945198	-0.0113519152	0.0508146047	-0.0247387676	-0.0107328882	0.1104759483	-0.0165332758	-0.0868385861	0.0832253349	0.0416462978	0.0042742185	0.0434200335	0.1121932134	0.0583857596	-0.364101635	0.1166280445	0.0232739983	0.0055593106	-0.0646108926	-0.1994376273	-0.0167777681	-0.0850632041	-0.0607407127	0.0533047932	-0.3781502322	0.0561506255	-0.1250254012	0.3222195331	0.0707136495	0.302818864	0.1211248046	-0.0953955142	0.0048870017	0.1441356861	-0.0893307532	-0.0701439732	-0.0357795454	0.0066261149	0.2149289847	0.0414106205	0.1158844627	-0.0524409883	-0.0822903247	0.0533064755	0.0644193726	-0.0915193336	-0.1375389317	-0.0795144447	-0.0541354984	-0.0289505971	-0.3682126072	-0.0827600879	-0.2092273644	0.0960031345	-0.227899727	0.0134334939	0.1832846589	-0.0965946458	-0.2081206185	-0.1408422565	-0.1409724612	0.0884501459	-0.1083678471	0.0080919584	-0.3652229406	0.1207623985	0.3046827942	-0.2414810706	-0.1377358389	-0.0763676534	0.0767755435	-0.0929244785	-0.0107820403	0.0842306638	0.1186154352	0.0888661936	0.0446835199	-0.0067565429	-0.0361661505791914	-0.0302732055749429	0.0013079904477167	0.0009164669757827	0.0422507732139507	-0.0368668625327331	0.0013591655530074	0.0017851278371766	-0.4080341194347667	-0.0294214485941778	0.1664918426229054	0.0008656216373798	0.0022740182182866	0.0001576428379175	5.171158857099364e-06	2.48512643466832e-08	0.0003869271027177	-0.0003579341682975	1.4971258281751356e-07	1.2811686883482305e-07	-6.443994040519047e-05	-0.0004051526232203	1.6414864810236368e-07	4.152505919424499e-09	0.0	0.0	0.0
894.5085727655663	1.9143061278931557	800145.5867510905	3.664567951289286	1309.6579132479524	18.442064774598293	340.1097531504792	1715203.849732981	832.1679275744391	2.8669447495467466	692503.4596835369	8.219372196953657	977.8018991223844	787.9252352231287	1.673497	54.866325	0.4877026418973298	0.3522271113674304	0.0992898171	-0.2466981568	-0.2132362615	0.072680391	-0.0860963616	-0.2188343882	-0.0845618391	-0.0055847765	0.5129618735	0.0648179816	-0.1674084201	0.0768376881	0.0332187573	-0.1811936025	-0.1919803145	0.160265859	0.3208543681	0.0906723623	-0.0121344089	-0.1295443152	-0.0066759131	-0.0802277717	-0.1230381289	-0.2605156713	-0.0578211429	-0.1279850668	0.0216570956	0.0092292712	0.0271964013	0.0473121227	0.0514993323	-0.0323988693	0.0946809378	0.0941229989	-0.0039451357	0.0998152194	-0.0939382859	0.0272075487	0.1475572838	-0.0795413804	0.1839591209	0.0282175482	-0.1906282124	-0.0916816452	0.0271118055	0.1189557047	-0.0762452427	-0.0126072929	0.1895163037	0.1508426707	-0.1246125853	-0.15192427	0.0210496352	0.0998157148	-0.0953034878	0.0626233633	-0.0784831247	-0.0584840947	0.1125478105	0.0687956888	0.367132478	-0.0908341618	-0.1086445015	0.0236045945	0.3528685731	-0.101221203	-0.0159717636	-0.1541846471	0.0597306729	0.0421702519	-0.1501221925	-0.2291877055	0.0747818797	0.2437749026	-0.3211131942	0.1926276747	-0.1512093242	0.0409218436	-0.1205635775	0.0327783696	-0.0175391107	-0.1388729108	-0.0950528213	-0.0576564022	-0.114389122	0.0912189883	0.0750315735	0.1055146962	-0.033789445	0.1338508158	-0.1421875662	0.0100252849	0.0014394225	0.1547235515	0.0539368181	-0.1096136257	0.2129760715	-0.0335556792	0.1385866966	0.1781776111	-0.1062359443	-0.0902464	0.0062961876	-0.100970959	0.3598439445	-0.0453081705	-0.065713796	-0.3575487601	0.2032982155	-0.0904564679	0.0309642734	0.1361187995	0.4666969845	0.0188875427	0.0956951479	0.0018202216	-0.047536635	0.0822691477	-0.0143980089	-0.1019035266	0.1172407796	0.0838433825	0.0350428114	-0.0201956026	0.0004607589544605	0.0366269095336519	2.1229881411553315e-07	0.0013415305019863	0.0684228762595609	0.0261721030456101	0.00068497897783	0.0046816899956311	-0.0784030276993235	0.3296310917354432	0.0061470347524208	0.1086566566387001	0.000676964593428	-0.0015970536248586	4.582810607551374e-07	2.5505802806739945e-06	0.0004860487855902	9.91216828725e-05	2.362434219737082e-07	9.825108015476462e-09	0.0001448355035162	0.0002092754439213	4.379621142849505e-08	2.0977323078791187e-08	0.0	0.0	1.0
899.7459123723584	5.237339606792034	809542.7068307676	27.429726156872537	1290.510979597481	-19.146933650471283	366.6050682155496	1665418.5884616503	835.0596727218132	2.891745147374081	697324.6570062618	8.362189997361547	983.269932481282	827.3444110613767	1.322937	43.373062	0.0519998692400448	0.0328467176845302	-0.1462445843	-0.0529289969	-0.0076867289	-0.1751687471	-0.0840231635	0.1145874761	0.0317885088	-0.0475946868	-0.2253287172	-0.2045418317	0.0295837754	-0.1305460939	-0.0378951677	0.1993191787	-0.0413473209	0.1405646456	0.0628794739	-0.1365394891	-0.0805624509	0.1095540788	-0.0058029406	0.0147260667	-0.1913317423	-0.0323642204	-0.1829255177	-0.1270966616	-0.0945095344	-0.1655224144	0.1172508075	0.0663485464	0.1671095516	-0.1238368352	-0.0130909015	0.1657601175	-0.0182398256	-0.0006078876	-0.1223898635	-0.0034851157	-0.0583056181	-0.0503820242	0.0633380992	-0.156247022	-0.1452704622	0.1240485375	-0.0233603791	-0.0510671795	-0.1505230407	0.0385469268	-0.1799737841	0.121445357	-0.0904601927	0.0039503457	-0.0593249828	-0.0059498023	0.0797204886	0.0557745874	0.0103375227	-0.1195333902	-0.0540658786	-0.0975939469	-0.0016767609	0.1280903979	0.0180644963	0.1309494126	-0.093462768	0.2033615485	0.1404916251	0.0282373535	-0.1018780921	-0.2132686368	-0.09978157	0.0833845695	0.124223322	0.0331527261	-0.0746257173	0.1538056449	-0.2121969485	0.0293235527	0.1433555296	-0.1006131723	-0.1157379432	0.2674554088	-0.0821693791	-0.0750305187	-0.1286780561	0.0907961932	0.0298995397	0.1123405053	0.1270811041	-0.0617373312	0.0980725315	-0.0010907052	-0.0690451886	-0.1574345488	-0.0046771703	0.001991264	0.0674905402	0.0320875132	-0.0805052786	-0.0978977616	0.0679808166	0.0569118767	0.2378342409	0.0765991407	0.0088066553	0.0068440897	-0.1577863847	-0.2572993871	-0.1564368061	0.001495324	0.1724192216	0.2250147813	0.0064882216	0.0609705815	-0.1813840852	-0.1415126791	0.0041713666	0.0169832731	0.0309671821	-0.0904461029	0.1157857731	0.0785907625	0.0251860523	-0.033413395	0.000411983923982	-4.877503047850002e-05	1.6973075361960638e-07	2.379003598178606e-09	0.0423570033047724	-0.0260658729547884	0.0006794297328951	0.0017941157289605	-0.0783647328803311	3.829481899239595e-05	0.0061410313594056	1.4664931616603694e-09	0.0004050144177165	-0.0002719501757115	1.6403667855823553e-07	7.395689806951576e-08	0.0004499870164629	-3.606176912729998e-05	2.0248831498518225e-07	1.300451192590686e-09	-6.409108036070868e-05	-0.0002089265838769	4.365031745047496e-08	4.107666581802818e-09	0.0	0.0	0.0
896.7518467667105	-2.9940656056478474	804163.8746795058	8.964428850923412	1317.5562120807108	27.04523248322971	731.4446000719436	1735954.371992471	830.4445564452066	-4.615116276606614	689638.1613294758	21.29929824659929	984.3074143362936	819.5597069094534	1.096232	35.94043	0.0582849469326688	0.0368231683600013	-0.0679978977	-0.1653154599	0.0285848048	-0.0034046058	0.1672913819	0.0576162474	0.0093854092	-0.0210306802	0.13820941	-0.0813337898	0.1043497678	0.0128295389	0.2825618825	-0.0183845353	-0.0069963237	0.0515813226	0.0749815722	0.1220559739	0.0949846872	0.02985676	-0.0445999806	0.0932552499	0.0980340556	-0.0269746398	-0.0115888323	0.0901618037	0.2416014467	-0.0802588705	0.01794166	0.0612204358	0.0569964546	-0.1756118207	0.0752503367	0.1126907677	-0.0775185975	0.0499153395	-0.174699202	0.1143746693	0.0217675897	0.0968542147	-0.1255622154	0.0994324453	0.1525483597	-0.0666389849	0.0301872379	-0.1504760957	0.0969002508	-0.0754977289	0.1067772615	-0.0777503562	-0.057354429	0.0955767366	0.0884694543	-0.0857284934	0.0862745677	0.0028132704	0.0485370368	0.0708671333	-0.0576576454	0.0693145481	0.1296655008	-0.0574345338	-0.0725302181	-0.0988800273	-0.1223017161	-0.0130563454	-0.1337386729	-0.0208355589	-0.0481281653	0.106906615	0.0695184059	0.1103740212	0.2459617303	0.0496084695	-0.155268376	0.0128230423	-0.2270143586	-0.096125369	-0.0133527209	-0.2399763781	0.0393369104	-0.1217518877	0.0848912378	-0.1472512923	0.1945602676	-0.0912337841	0.1698029332	-0.0943709261	0.0339053222	-0.0633911101	0.0448032005	-0.1627267153	0.0034202708	-0.1340176747	-0.0373787893	0.0560025237	0.1579101315	0.0385241177	0.068785985	-0.0432248224	-0.0515584549	0.0887037826	0.0040339661	0.0244642104	-0.2491747765	-0.0758576626	0.0296332064	-0.1696515056	-0.0036909137	-0.0946538239	-0.0393490841	0.0548162284	-0.0939442742	-0.006725305	-0.0794724027	-0.0538875614	0.2755911896	0.0797816882	0.04879199	-0.23575009	0.1142514127	0.0731227308	0.0151740128	-0.0462651033	-0.0059941713769262	-0.0064061553009082	3.5930090495961334e-05	4.103882573935422e-05	0.0423487525668804	-8.250737891998816e-06	6.807467576246507e-11	0.0017934168439708	-0.0499980549565393	0.0283666779237918	0.0024998054994371	0.0008046684164321	0.0004249999800459	1.998556232940004e-05	1.8062498303901546e-07	3.994227016223338e-10	-1.3599999570956813e-08	-0.0004500006164624	1.849599883300255e-16	2.025005548166039e-07	-6.399999975104326e-05	9.108060966542329e-08	8.295677457025198e-15	4.095999968133537e-09	0.0	0.0	0.0
895.3486445604862	-1.403202206224364	801649.1953162998	1.9689764315529228	1299.8137874902854	-17.742424590425344	314.79363034692994	1689515.882149841	830.6422315750618	0.1976751298552699	689966.5168759987	0.0390754569632978	982.2320658295585	801.676124027064	1.065378	34.928856	0.0349561502462247	0.0193163610335056	0.0413349533	-0.0495606105	-0.0770469647	0.0118635068	-0.0455039573	0.1761258207	0.0922990299	0.0209560927	-0.0805938398	-0.0642121154	-0.0572143979	-0.1467171481	-0.0333175822	0.0189913183	0.0422557663	-0.0188961875	-0.0094998071	0.1151947917	0.1041894706	-0.0241884984	0.0574114356	-0.0284608024	-0.0585863629	-0.0740760761	-0.0520561045	0.0077139025	-0.0338891577	-0.0949808871	0.1169202988	0.0504400981	0.0414693188	-0.076253453	0.0995920245	-0.065116893	0.0164186714	-0.0926692606	-0.0263796206	0.2293515531	-0.0911325256	0.0113156178	-0.0646046206	-0.1431441467	0.0132092217	0.0366275709	0.0452969577	0.0715287044	0.1466660168	0.0773822799	0.1232076826	-0.1214121924	0.142834207	-0.28944377	0.0884647833	0.0582465859	-0.1142546899	0.026322214	-0.0250840527	-0.0324594409	-0.0395842386	0.0330419124	-0.0161475536	0.0693590952	0.1511115926	0.0509865825	-0.0449111033	0.1124709975	0.0057720726	0.0047884518	-0.0737694455	-0.0727680358	0.1109043987	-0.0526457927	0.1085325063	0.0509450992	-0.0422353156	0.0157982453	-0.0602688605	-0.0022039901	-0.1081483391	0.0238571782	0.1187908818	0.1109152947	0.0169160994	0.0783399426	0.0561974444	-0.1276181473	0.0697485143	-0.1560554242	0.1022310199	0.1060904209	-0.0361465585	-0.1931019378	0.0967323266	0.1095318894	-0.1670102848	0.0163437246	0.0897899978	0.064638463	-0.0935028684	-0.1406025114	-0.0148808541	-0.060928043	0.1128735296	0.0510526948	-0.052591996	-0.0878718675	-0.1668887177	0.0415542359	-0.0439990855	-0.0025426758	-0.0083435225	0.1263113152	0.0664034999	0.2794195191	0.0116354462	0.411581476	0.0366562462	-0.0558921721	-0.2137933252	-0.016925996	0.1126387502	0.0674542747	0.0050684204	-0.0586099215	-0.0174905377137974	-0.0114963663368712	0.0003059189095177	0.0001321664389515	0.042314097911472	-3.465465540840318e-05	1.2009451414751678e-09	0.0017904828820616	-0.0361244110608609	0.0138736438956783	0.001304973074494	0.000192477994944	0.000509999939261	8.499995921510003e-05	2.6009993804622375e-07	7.224993066568668e-09	-4.3349995149100096e-08	-2.9749995578143285e-08	1.8792220794270016e-15	8.850622368995449e-16	-0.0001699999977057	-0.0001059999979546	1.1235999566387237e-08	2.8899999219938008e-08	0.0	0.0	0.0
896.6110422685709	1.2623977080847908	803911.3611179331	1.593647973377733	1310.076036283483	10.262248793197614	105.31375029348588	1716299.220844242	831.1218789983985	0.4796474233367007	690763.5777498286	0.2300616507135362	982.2507637883352	801.5401875585718	1.031969	33.833546	0.095516974097716	0.0537397663692632	0.0427670931	-0.105200471	-0.0111772646	-0.0972741999	0.0335045188	0.0529512895	-0.0569153271	0.0982098233	0.125524309	0.0284699003	-0.0283660229	-0.0616394521	0.1329701292	0.0785627974	0.0724062922	0.1127488227	-0.0559695291	-0.0538653268	0.011631337	-0.0631606617	-0.0440794068	-0.1356662014	0.2254610672	0.0378325573	-0.0415320481	-0.0474446142	0.1287519567	-0.1113233453	0.0646848723	0.1699873403	-0.0347225268	0.0070430544	0.0520279016	-0.028851219	-0.0668932456	0.058264174	0.3580686829	0.0250892265	-0.0081767235	-0.0632854604	0.0223204784	-0.0065724268	0.09815551	-0.1531088432	0.0668651684	0.0886496994	-0.0190381696	0.0208311876	0.0910352488	-0.0059592265	0.0147382854	-0.1366100384	0.0226653761	-0.0382619023	0.0947200267	-0.1343690321	0.018547726	0.0612184368	0.1107230013	-0.0242990291	0.1170136339	-0.0103674424	0.1073145411	-0.0711715802	-0.0143739668	0.0905580203	-0.1197179416	-0.1860637964	-0.0706163403	0.0119533994	0.1080011036	0.0655694892	-0.0699420207	0.0098391205	-0.0046471302	-0.0044619154	0.0957832806	-0.0942288688	0.0568075029	-0.0866693357	0.1956526822	-0.0189052791	0.0032433499	-0.0663986454	0.0231630544	0.047750042	-0.2166016328	-0.0992991149	-0.1251877775	0.1937420228	0.0298786643	0.0883002702	-0.1290918587	0.2127967108	-0.0213185134	-0.0670467168	0.0945643935	0.0458624518	-0.0497897418	0.0458550283	0.1439424954	0.1359187707	0.0604375701	-0.0128124773	-0.019249512	-0.2296412759	0.0018834072	-0.1372870073	0.112665435	-0.0310329743	-0.2013759003	-0.0661280511	-0.1869153494	0.0322084826	-0.0710094665	-0.0010751222	-0.1320069134	-0.0099047319	0.1295670958	-0.0321929905	0.1109488906	0.0616009311	-0.0050684204	-0.0703125971	0.0003517779460082	0.0178423156598056	1.237477232977481e-07	0.0003183482281041	-0.0025882614595218	-0.0449023593709937	0.0020162218770818	6.699097382845919e-06	-0.0244524549963998	0.0116719560644611	0.0005979225553509	0.0001362345583707	0.0002320000016184	-0.0002779999376426	5.38240007509376e-08	7.728396532928955e-08	-3.6424000038337574e-08	6.925995110762528e-09	1.326707778792815e-15	4.796940827430645e-17	-0.0003139999941171	-0.0001439999964113	2.07359989664832e-08	9.859599630553883e-08	0.0	0.0	0.0
898.0722195174437	1.4611772488727863	806533.7114689876	2.135038952623445	1303.5891685685565	-6.486867714926575	42.079452750956726	1699344.7204092604	831.6041078381321	0.4822288397335796	691565.3921732557	0.2325446538707944	980.4234583972648	808.9962879848052	1.020309	33.451263	0.0337492879795306	0.0207970284253358	-0.0397325201	-0.0601407148	-0.1335221773	0.0551608495	-0.0543814219	0.0668538086	0.073451328	0.1461297202	0.0360205342	-0.1110628789	-0.1517088102	-0.0015384856	-0.0822215802	0.0330236309	0.0298755075	0.0574580055	-0.1322891643	-0.03004339	0.1625395693	-0.0671407148	0.0156015365	-0.0416218829	-0.1448126638	0.0356335413	-0.0208227942	-0.1803426419	0.0367358714	0.0258499573	0.1444219744	0.0320596879	-0.0826505439	0.0295677038	0.144472643	0.0561834409	-0.2023685733	0.1019364894	-0.0682813667	-0.148134558	-0.036182002	-0.0465605692	0.0159952335	-0.0978435069	-0.0466341342	-0.0907961968	-0.0121245103	-0.0113086542	-0.1500398974	-0.0832326499	-0.0884128025	-0.2090776059	-0.0090122806	-0.0014281823	-0.0372106902	-0.1615590112	0.0532766694	-0.0133901895	0.1234491106	-0.0190102964	-0.0862901624	-0.0340852019	0.0767306404	0.1729607691	0.0941859704	0.0467734214	0.0974302675	0.1092085719	-0.0196252047	-0.0604502766	-0.0277145891	0.0343274695	0.024581265	0.1049400999	0.1522796413	-0.0375582958	0.1685621131	0.2618254003	0.1295115899	0.0909637731	0.0860718268	0.0060094355	0.1685805147	-0.0306051673	-0.1457148358	0.0006569751	0.0273014603	0.1279505943	-0.0739704332	-0.085514961	0.1555800094	0.0125733351	0.0750185621	0.0544298519	-0.0167309846	-0.1057184217	-0.179344312	-0.0850654302	0.036433112	0.0182565652	-0.0129675304	-0.0729708301	-0.0658728698	-0.1488512277	0.0028776578	0.0718894553	0.0038767215	-0.2363213002	-0.0845502831	-0.0222414914	0.1695755189	-0.0532815086	0.1027477454	0.0594402547	-0.0592467381	0.0577664027	-0.2028262885	0.1425736967	-0.1029193537	-0.1664827653	-0.0046370745	0.0512345819	0.1091829923	0.0555787436	-0.0151740128	-0.0812449131	0.0003168270586968	-3.495088731139998e-05	1.0037938512246557e-07	1.2215645238541804e-09	0.0132900699998685	0.0158783314593903	0.0002521214099342	0.0001766259606014	-0.0245368431265688	-8.438813016899832e-05	0.0006020566706178	7.121356513419804e-09	0.0001270000059313	-0.0001049999956871	1.6129001506550232e-08	1.102499909429102e-08	-4.064000025394421e-09	3.2360000012943146e-08	1.6516096206405853e-17	1.0471696008376804e-15	-6.399999975101339e-05	0.000249999994366	6.249999718304333e-08	4.0959999681297144e-09	0.0	0.0	0.0
897.1370090578164	-0.935210459627342	804854.8130212046	0.8746186037963843	1311.344473743938	7.755305175381409	60.14475836329766	1719624.3288187657	831.7949288258584	0.1908209877262834	691882.8036204148	0.0364126493568344	986.1944600061128	807.4901830356752	1.095759	35.924915	0.0291506121218127	0.0200760463469573	0.0167118579	-0.0279828804	0.1461606264	-0.1972530363	0.0333134791	-0.0661961799	-0.0964765222	0.0753559074	0.0776576826	0.1327951598	0.1850714656	0.1092015631	-0.0692110022	0.2297188226	0.0213618638	0.0605538657	-0.0279240815	0.0785597141	0.0823762685	0.0178870316	0.032738346	0.0501337214	-0.0600464417	-0.0174815133	-0.0087533787	0.0937809055	0.098995836	-0.0826215592	-0.0486455575	-0.0214284849	0.0721764511	0.0388862396	-0.234835897	-0.1172122588	0.0066755669	-0.1141443582	0.0811460906	-0.0108284279	-0.0268532865	0.0169750789	-0.1975329503	-0.0668059076	-0.0862362037	0.0003946537	0.1331012421	0.1278683541	-0.1400095508	0.1033541371	0.0080268712	-0.0004121028	-0.0477648954	-0.0208859384	0.0553314114	0.0422810606	0.1421305244	0.1393370877	-0.0227971481	0.1791738092	0.0167195578	0.0166799894	-0.0116900818	-0.1985716373	-0.1190611601	-0.1004359678	-0.0344598169	0.1226150918	0.0584510739	-0.1530113598	-0.1433478517	-0.0322250956	-0.0002771295	0.0376511471	0.0955587389	0.0185658407	0.1308561681	-0.0729564189	-0.1996398358	0.1201444862	-0.1098003525	0.1109933586	-0.042592158	-0.0552219694	0.0718629263	0.0820168384	0.0210425702	-0.089622897	-0.0765538699	0.1533173768	-0.0254316846	-0.102427014	-0.2337651531	0.0703033127	-0.0293361222	-0.028652815	0.1532126603	0.028664859	0.0366849598	-0.0317618584	0.0023250121	0.1155454185	0.1241964995	0.0516276225	0.1249391229	-0.0336642134	-0.1541067838	0.0167874243	0.0596916203	-0.0469575566	0.0661852052	-0.2327289377	0.0858445333	-0.0949935048	-0.0362980758	0.2277795459	-0.1288396485	0.0025988422	0.2563591558	0.0020524068	-0.1481788244	0.2786842653	0.1073422654	0.0494042187	-0.0251860523	-0.0912870929	0.0003053689368641	-1.1458121832700012e-05	9.32501876015107e-08	1.3128855593299668e-10	0.0133044826666406	1.4412666772099444e-05	2.0772496348357939e-10	0.0001770092590269	-0.0410611109526897	-0.0165242678261209	0.001686014832669	0.0002730514271893	0.0002930022399836	0.0001660022340523	8.585031263540712e-08	2.7556741710354593e-08	8.599057288249945e-05	8.599463688252484e-05	7.394378624660451e-09	7.395077572557302e-09	-6.401259895793022e-05	-1.25992069168314e-08	1.5874001493313215e-16	4.097612825348809e-09	0.0	0.0	0.0
895.1741153520146	-1.9628937058017757	801336.6967962619	3.8529517002762272	1303.1586071034376	-8.185866640500308	67.0084126560558	1698222.3552677715	832.8724023649336	1.0774735390751855	693676.4386211358	1.1609492274072055	982.968455548606	791.9373463019127	1.092978	35.833748	0.1614460916417499	0.0761604358739167	0.0910271662	-0.0086132825	-0.0526228797	0.0352802826	0.131927505	-0.0790187923	0.148917015	0.0116930617	0.0527903491	-0.0458201331	-0.0728670407	-0.0845501133	0.04845533	-0.0318712168	-0.0126253482	-0.1792526785	-0.1754965939	0.0450420745	-0.1450559967	0.1901178703	-0.0752244072	-0.1905237268	-0.105669866	0.084174466	-0.0860774329	0.0383543047	0.0597454404	0.1156771995	-0.0679678323	0.1092415294	-0.0675659359	-0.1714523558	-0.1578927275	0.1278173388	0.0242312096	0.0465378831	-0.0106065154	0.0721602212	0.1020099232	-0.0770739262	-0.137035885	-0.0087314575	-0.1064983746	-0.0725224849	0.0506861614	0.0189124027	0.0869021908	-0.0152989393	0.0462501869	0.1184433986	0.0472970742	0.2128599389	-0.0485750508	-0.0392968693	-0.0110441233	-0.0861401794	0.0589113675	0.1204656766	-0.0386979605	0.0913062226	-0.0009316138	0.014608056	0.0709146587	-0.0321602519	-0.049019329	-0.1568072093	-0.075457166	0.1587505048	-0.0482929147	0.053488283	-0.133021063	0.3107830855	0.1183056346	0.1055189081	-0.008665353	-0.1520146012	-0.1087467598	0.0618378171	0.0269516905	-0.0657994004	0.0272835373	0.0508414562	-0.1122937297	0.0398929218	0.0045533213	-0.1283318246	-0.0717987774	0.0588341311	0.111372493	0.1372519743	-0.2410355479	0.326214539	-0.0340642476	0.1193696367	0.0198635955	0.1759863858	0.0333221072	0.0896383284	-0.0043584547	0.0053557914	-0.04298532	-0.1949781094	-0.1276429195	0.086805979	-0.1865729897	-0.0611000242	-0.0282241144	0.0037820768	-0.1185932114	-0.3247129873	-0.1204837131	-0.1340291542	-0.1135642044	0.2175023316	0.0021745738	-0.3717208545	-0.2190789585	0.0734677215	0.0787122881	0.0714167647	0.1054279714	0.0430942802	-0.0350428114	-0.1003291122	-0.0347882868748996	-0.0350936558117637	0.0012102249036903	0.0012315646782345	0.033803272049198	0.0204987893825574	0.0004202003661504	0.001142661201232	0.0128884635527626	0.0539495745054523	0.0001661124927508	0.0029105565893193	-0.0001130361791403	-0.0004060384191239	1.2777177794637992e-08	1.648671978046359e-07	0.0005129919947999	0.0004270014219174	2.631607867287806e-07	1.823302143194819e-07	0.0001410289988403	0.0002050415977982	4.204205682765121e-08	1.988917851389734e-08	0.0	0.0	0.0
895.6301095458209	0.4559941938063048	802153.2931250592	0.2079307047850618	1309.3331372725402	6.174530169102582	38.12482280915796	1714353.2643599524	830.45501285313	-2.417389511803549	689655.5283728924	5.8437720517778	979.1088020941596	795.8568266385339	1.112318	36.467804	0.0924117814920849	0.0526111088383955	0.1041123116	-0.0789146622	-0.138429006	-0.1397760765	0.0713569006	-0.0884632416	-0.0358236098	0.0788632996	0.1421297701	0.0464946414	-0.0446436379	-0.0368441417	0.0044886093	0.0122678215	0.0541184499	0.0661599691	0.0958827342	0.0558687946	-0.0772333942	0.0317210741	-0.0683453621	-0.0635203465	0.0152737732	-0.1381826756	0.0573617142	-0.2444333424	0.0667065337	0.0728766362	-0.0497478161	0.0898940369	0.0257806822	0.1241200838	0.0726652828	-0.0866350204	0.0655523734	-0.0330336216	-0.1132681213	0.0097094946	-0.093114368	-0.0279417049	0.0493926682	-0.0243010208	0.0812874695	0.0580886091	-0.0029387335	0.1332317336	0.0598794874	0.1937221828	-0.1454952909	-0.0209468542	0.0891492849	0.0543748991	0.0321064703	0.1180336788	0.261498244	-0.2158148178	-0.0879980406	-0.1363661164	0.0347339468	0.1373220924	0.2138999532	-0.0176516121	0.0588683819	-0.0379879817	0.0780712943	-0.0429033992	0.0596451167	0.1114282106	-0.007966061	-0.0768571632	-0.0316024504	-0.2503287416	-0.0156357212	0.0775022908	0.2606599743	0.0207225905	0.0489850021	-0.0937215718	0.1578084715	-0.0107032191	-0.1348871352	0.0495053722	0.10715037	0.0542498294	0.0912627783	-0.0833680269	-0.1425388968	-0.1860719191	0.0004985321	-0.0104174576	-0.0294514441	0.0046419572	0.0487960755	-0.1959122565	0.0769250476	0.154963554	0.0861976637	0.1203540001	0.1038252678	0.1605104272	0.0449400024	-0.055312043	0.0437633301	-0.0125180645	0.1254655786	0.0505499742	-0.0454439651	0.130197342	0.0767635368	0.0587921386	-0.0953094007	0.0654875829	-0.1572860624	0.0360990459	-0.0234844597	-0.0309797403	0.1997201827	-0.2008128467	0.1487712262	-0.0208159217	0.1034414224	0.0366662233	-0.0446835199	-0.1082719048	0.006536507596607	0.0413247944715065	4.272593156050102e-05	0.0017077386381122	0.0254757136455623	-0.0083275584036357	6.934822896596362e-05	0.0006490119857506	0.0401006934604737	0.027212229907711	0.0016080656160108	0.0007405054565501	-6.808265007766863e-05	4.4953529062631366e-05	4.635247241598273e-09	2.020819775184843e-09	0.0004629878183286	-5.000417647129995e-05	2.1435771992067678e-07	2.5004176645729082e-09	0.000357015267491	0.0002159862686507	4.6650068245652365e-08	1.2745990122167029e-07	0.0	0.0	0.0
896.1911961526163	0.5610866067953566	803158.6600614571	0.3148181803251271	1306.309534402418	-3.023602870122204	9.142174316211229	1706444.599670662	833.2496163788172	2.7946035256871937	694304.923195446	7.809808865783293	983.0801156287204	798.3457850126943	1.033362	33.879227	0.1538669041108919	0.0812675233118339	0.017521846	-0.0313648634	-0.0650780187	0.0236998743	0.1636663142	0.0114191514	-0.0187359949	-0.0784587697	-0.0380986668	-0.0921864279	-0.0934564284	-0.0900433092	0.0912009393	0.0437142388	0.0440118792	0.0059448394	0.0338879793	-0.042575508	-0.0904861541	-1.8301e-05	0.0498397029	-0.1148403947	0.0286307451	0.0639544474	-2.75102e-05	-0.0981536148	0.0329435507	-0.0368658018	0.0991688187	0.0878282999	0.015560772	0.0471747191	-0.0286242632	0.009905701	0.0366512282	-0.0019268563	-0.0379222247	-0.0635181072	0.0126112532	0.0881998751	-0.0469240104	0.036324862	0.1235425476	0.094688886	0.1948964126	0.0582739171	0.0872605903	0.0040036173	-0.0033646403	0.1363922307	-0.1034350508	0.0155921467	-0.0312791717	0.0084905262	-0.0793601987	-0.1627893992	0.0520615007	-0.0779974705	-0.0590658696	0.0726288514	0.0422968064	0.1129297213	0.0670129514	0.0096747865	-0.0271442977	0.0296486478	-0.0155861042	0.0238228097	-0.146479819	-0.09149808	0.0776062078	0.0022337153	-0.0857557243	-0.032494233	-0.1248192102	-0.0104419798	0.0955656956	-0.0176374545	0.088118539	0.0809245364	-0.1408801455	0.0464126228	0.0850227772	-0.1451722184	0.137641111	0.0113775946	-0.0773957803	-0.0573979301	0.1110259103	0.0462597679	-0.0439149518	0.1102640409	0.1060118522	0.0839497959	0.0870821004	-0.0507904807	0.0608281808	0.1226323613	-0.0175223033	0.0624294874	-0.0429344939	0.1488514273	-0.1187565999	-0.0195934852	-0.0705575261	-0.0316056514	-0.0902811647	-0.1496998456	-0.0719213066	0.1540691543	-0.0275519794	0.1315352716	-0.0717388909	0.0402686903	-0.1131556535	-0.0840916509	-0.0680326461	0.1331094761	-0.0583475222	0.0368641015	0.1013839798	0.0301376669	-0.0540487397	-0.1150284477	0.0227954251949995	0.0162589175983925	0.0005196314098208	0.0002643524014713	-0.0259377490592953	-0.0514134627048575	0.0026433441473037	0.0006727668262629	0.0606410268015693	0.0205403333410955	0.0036773341315486	0.0004219052937633	-0.0009179996879721	-0.0008499170378944	8.42723427116873e-07	7.223589713032445e-07	-1.638630386935347e-07	-0.0004631516813672	2.6851095449878847e-14	2.14509479953351e-07	0.0003570001774218	-1.5090069200001787e-08	2.2771018846084256e-16	1.274491266791967e-07	0.0	0.0	0.0
897.1215319495902	0.9303357969739636	804827.0430875797	0.86552469513118	1316.8781171269443	10.568582724526324	111.69494080515624	1734167.975367806	831.8473124142065	-1.4023039646107236	691969.9511707384	1.9664564091629533	982.492529317438	799.5050607518765	0.992323	32.533722	0.0221608875414219	0.0170183550736133	0.0163972088	-0.0778734756	-0.1645439499	-0.0555503973	-0.0151053433	0.106423249	0.022955091	0.002405086	0.0342159276	-0.0901730609	-0.0651175279	0.0057439777	-0.0065664308	-0.000636044	0.1321555091	0.0719729024	0.1472047536	0.0441496836	0.1590832253	-0.0291745664	0.0423541998	0.0638332136	-0.0144782516	0.0067303097	0.0778026227	-0.0270759845	-0.1044171064	0.0418634749	0.1037135748	0.2027525685	-0.086806485	0.102014805	0.093381164	-0.1329884583	0.014248091	0.0163794815	0.0257395108	-0.1660188905	-0.0222035773	-0.0746253425	-0.1414155112	0.0372163893	0.0879661797	0.0651740384	0.0906517001	0.00348283	-0.2137987026	0.0271872792	0.0303807635	-0.1387246484	-0.0866341168	-0.0425182327	-0.0058935804	-0.0112227728	-0.0768420132	0.0621857058	-0.0311898198	0.0504590319	-0.024355795	0.142454361	0.0595804237	0.0591574779	0.0877566191	0.0571859606	0.0558745783	0.024253052	0.0391806453	-0.0351646534	-0.0704369975	-0.061923909	-0.0031939663	-0.1000223242	0.0615492004	-0.1193142133	0.0613565622	0.0955865979	0.2086582703	0.057320733	-0.1303381553	-0.0269076757	-0.0893851782	-0.1310877701	-0.0597135153	-0.0610605372	-0.0013064697	-0.0464547258	-0.1376677433	-0.0065837984	0.0086623176	-0.0099781287	0.019117623	0.0598820211	0.1326037387	-0.025101198	0.0436979288	0.1479619136	0.0725232972	0.1388834821	0.0007471349	-0.0789472128	0.009159237	-0.0732050914	0.0495913803	-0.0076869539	0.0808597575	0.0235861761	0.0089651689	0.0035048808	-0.0023762569	0.093735235	-0.1119843439	0.0969730634	-0.0561945848	0.0355428079	0.0689450637	0.0694922739	0.0091256406	-0.1052341297	0.0142210459	0.0663793836	0.0992570537	0.0235265052	-0.063080731	-0.1205247148	0.0228014829083775	6.057713377999319e-06	0.000519907622821	3.6695891369991916e-11	-0.0122872860113858	0.0136504630479095	0.0001863351414223	0.0001509773975255	0.0606381806621953	-2.8461393739992458e-06	0.003676988954021	8.100509336228819e-12	-0.0007479996201896	0.0001700000677825	5.595034318037859e-07	2.89000230460546e-08	-1.3351800598471186e-07	3.0345032708822834e-08	1.7827057922133554e-14	9.208210100995273e-16	0.0003570001774218	0.0	0.0	1.274491266791967e-07	0.0	0.0	0.0
897.375356168651	0.2538242190607889	805282.5298588133	0.0644267341818193	1310.3375679135947	-6.54054921334955	42.77878401224741	1716984.5418857145	832.3151812439627	0.4678688297561848	692748.5609291705	0.2189012418574218	984.3522862485136	801.8986224837367	0.966402	31.683886	0.0575711605636883	0.0326889871820566	0.0033129959	-0.0139651969	-0.0089878816	-0.0214518194	0.1764432859	0.2204987311	-0.0864050448	0.041667685	-0.034027911	-0.0568969288	0.0473496729	-0.0541339858	0.1762926222	0.0424609763	0.1009869978	0.0662859411	-0.0529526683	-0.0046207922	0.166891103	0.0770045565	0.0547552365	-0.0087641854	-0.0764549706	0.0315031623	0.1593251924	0.0164847134	-0.0730742809	-0.0186655748	-0.0001189405	0.0538122601	-0.1093340618	-0.0083917788	-0.0337701892	0.0432300081	-0.1139557051	-0.0685009316	0.0936173581	0.1504547652	-0.1990357483	0.0706919738	-0.0097608798	0.0337100723	0.0188803196	-0.0559228819	0.0099713333	-0.0050102114	0.048505846	-0.2936031196	-0.1666264166	0.1053232026	0.1992686744	0.0350106098	-0.0232260736	0.0219252091	-0.0197095982	0.2250259995	-0.0157778614	0.0239666007	-0.0843501211	-0.1818005295	-0.0158614395	0.055717137	0.0642510812	-0.0853900002	-0.1307904113	-0.0038358947	-0.1005221931	-0.0597070942	-0.0850831481	-0.1250712451	0.1680544781	0.0271928601	0.0151108027	0.0193585954	-0.1145138228	-0.0194451924	0.0954628424	-0.0567411907	-0.0736020294	-0.0467677505	-0.1325465644	-0.1250189219	-0.1246836192	0.0392781927	-0.06913044	-0.1167274576	0.0855992405	0.0285077836	-0.0783982363	0.0987135127	-0.0180519496	-0.1702136923	-0.0473062367	0.079627344	-0.0335383172	0.2653593727	0.0310228458	0.1380532898	-0.0185796719	-0.0218548026	0.0475770565	0.0821964456	0.0014976257	-0.1007903491	-0.1364490511	-0.0302388124	-0.0524180797	0.0202744114	-0.0113566481	0.1500967697	0.0170169125	0.0658315733	-0.0606142874	0.0203741329	0.0852958799	-0.1916900998	-0.0421630847	0.1317943006	-0.049398416	-0.1098079142	0.0970621018	0.016850859	-0.0717238087	-0.124700488	0.0229393990526602	0.0001379161442826	0.0005262160288971	1.902086285380617e-08	-0.0069628648366659	0.0053244211747199	2.834946084580564e-05	4.8481486733678446e-05	0.0760798641388618	0.0154416834766664	0.0057881457273876	0.0002384455885935	-0.0008910808347231	-0.0001430812145335	7.940250540108167e-07	2.047223395238145e-08	0.0005348659019281	0.000534999419934	2.860815330453598e-07	2.862243793298071e-07	0.000301738016529	-5.5262160892800046e-05	3.053906426541719e-09	9.104583061885507e-08	0.0	0.0	0.0
896.3663415341432	-1.009014634507821	803472.6182353043	1.0181105326509516	1310.1170313570512	-0.2205365565434931	0.0486363727720613	1716406.6358518128	830.4472065096046	-1.8679747343580857	689642.5627996059	3.489329608200161	980.6398913812538	796.4567994926008	0.978177	32.069962	0.0252407096302932	0.019805409474434	0.025513355	-0.022803379	-0.1525976606	0.0048511507	0.0103065677	0.1252394324	0.0278350015	-0.0377690243	0.0979238674	-0.0114796954	-0.0554372234	-0.0463708212	-0.0151267181	0.0031962687	0.0954100838	-0.0775453542	0.0669349541	0.0264841758	0.123673585	-0.0377464592	-0.0436731012	0.0255021297	-0.1966528931	0.1285723055	0.0851470884	-0.0432413462	0.1419026386	-0.0078757527	-0.1208897219	-0.1073725943	0.0870385875	-0.0849361195	-0.0153147022	-0.1429555078	-0.1897702319	0.1870548056	0.0530321053	-0.0465109311	0.0810247893	0.0699425509	0.1998559568	0.1284589464	0.0236909795	0.1184746191	-0.0910911168	-0.1153814826	0.0506732695	-0.1463162539	-0.1075962686	0.1202304284	0.0450249034	-0.0874116985	-0.0256661581	0.181962719	0.1264328727	0.1020782098	-0.1763128045	-0.0308188564	0.0423132988	0.0575326039	0.088086592	0.0063478176	0.0763891603	-0.0337905499	-0.0008325481	-0.0413992855	0.0433551223	0.0800909374	0.0510666579	0.0220574936	-0.0056153207	-0.0567879962	0.0417192818	-0.2157403534	-0.0166468816	-0.0254434303	0.1143480417	0.0352064317	-0.0251053542	-0.0349205574	0.0423302014	0.0297641325	-0.0106378526	-0.0896107086	-0.1955558623	0.1089067351	0.1654440469	-0.0514098565	0.0593085174	-0.0875675372	-0.0656292009	-0.0692559104	-0.1351844056	-0.1181677171	-0.039979492	0.0627788481	0.0406988	0.1413271565	0.0044946119	-0.0842467912	-0.0245150718	-0.113533739	-0.0255300291	0.0077204429	0.0447646247	-0.0251259781	0.0534304768	0.0112971812	0.0945450276	0.1181288522	-0.1744933242	0.1055355447	-0.0027022	0.0050981715	0.0317341947	0.0611845842	-0.0366571451	-0.1186264286	0.036253628	-0.1441968263	0.0948006283	0.0101290257	-0.0799246852	-0.1275100165	0.0229747062341516	3.530718149140008e-05	0.0005278371265455	1.2465970648666643e-09	-0.006902731150248	6.013368641789949e-05	3.6160602422062692e-09	4.764769733260408e-05	0.0756675861342728	-0.0004122780045889	0.0057255835913875	1.6997315306788578e-07	-0.0012690853566666	-0.0003780045219434	1.6105776425055913e-06	1.4288741860973398e-07	0.0004742735526761	-6.0592349251999925e-05	2.2493540276800946e-07	3.671432787876336e-09	0.0003578009604894	5.606294396040003e-05	3.143053685506954e-09	1.280215273271372e-07	0.0	0.0	0.0
896.7256639987891	0.3593224646458566	804116.9164740691	0.1291126335991728	1304.0341978422634	-6.082833514787808	37.0008635686258	1700505.1891421154	832.4612671692821	2.0140606596775115	692991.7613370869	4.056440340860613	983.680198173813	795.153312529149	1.006166	32.987583	0.051771131140936	0.0374441800028338	0.0471060044	0.0471831686	0.0327257717	-0.0567193114	0.1605493677	0.0297668414	-0.0628208458	0.0171289005	-0.0463945664	0.0555539182	0.0388871304	-0.1058399169	0.1451414862	-0.0293391484	0.045214921	0.0701939996	-0.1419706813	-0.0565405837	-0.0799064181	-0.0654935143	0.0242647553	-0.0197603919	-0.2172905448	0.1094395847	0.1075465904	-0.1167758169	0.0666653788	-0.0951535662	-0.1377514354	0.0115598762	0.0178291446	-0.0252329292	0.0676701836	-0.0658694044	0.1152925054	-0.2348412111	-0.0715330147	-0.0905484183	0.0480725011	0.0214476393	-0.1170914437	0.0212535424	0.0111239954	-0.0182456683	-0.0774079664	-0.0697804757	-0.0219448615	-0.0769698279	0.0810202031	0.0123522157	-0.2075718617	0.2484115735	0.0497444437	0.0576223797	0.0611487204	0.1125743703	-0.1183889615	-0.2202509496	0.001664139	-0.1074227654	-0.0169481084	0.0158352671	0.0940262129	-0.1335497713	-0.0944127769	-0.0041828371	-0.1872188553	-0.07179795	-0.0305561775	-0.153721531	-0.0202621697	-0.0413773948	-0.0538461581	0.0748183262	0.0648295051	0.0893732904	-0.0731142527	0.1448400385	0.0610716554	0.0079091049	-0.1309006476	0.0973486457	0.0839195235	-0.0625102987	-0.0437358121	-0.0734393731	0.0022528366	0.0744346656	0.124772303	-0.0392418805	-0.0259692246	0.0478078637	0.1715810744	0.1560134214	-0.1393811935	0.0218868229	-0.0103662964	0.103688123	-0.0272104317	0.0722381329	0.127473257	0.1212019936	-0.0369437867	-0.0320417981	-0.0547357137	-0.1084033239	-0.0720855811	0.0714554265	0.0612837819	0.2171206599	0.0388784315	0.0250645283	0.0493263557	0.0752046684	0.0651301344	-0.0258174561	-0.1326891335	-0.0578203372	0.1256222065	0.0548821027	0.0924741833	0.0033794295	-0.0876327994	-0.1289225186	0.0229607361274304	-1.3970106721199888e-05	0.0005271954035134	1.9516388180171427e-10	-0.0406125005276578	-0.0337097693774098	0.0011363485514781	0.001649375199109	0.0918134312793128	0.01614584514504	0.008429706163281	0.0002606883154476	-0.0012690785517561	6.804910499891639e-09	1.6105603705273605e-06	4.630680691153548e-17	0.0004362735437881	-3.800000888800004e-05	1.903346050094272e-07	1.4440006754880816e-09	0.0003577768440526	-2.4116436800033017e-08	5.816025239299869e-16	1.2800427014023844e-07	0.0	0.0	0.0
899.8496159251915	3.1239519264024693	809729.3312807147	9.7590756384737	1314.8391156021837	10.804917759920272	116.74624779864052	1728801.8999175327	833.8753210634575	1.4140538941753675	695348.0510786843	1.9995484156325216	986.4666898209388	798.7127390823022	1.071764	35.138248	0.0790633995533133	0.0464219239150929	-0.0198745553	-0.0530036831	-0.1617335542	0.053333475	-0.0728833321	-0.1343830764	-0.121099498	0.0423718807	0.1055114031	-0.0322782612	-0.1599988687	0.1001261074	-0.1578676045	0.0278425677	0.0871652344	-0.0244801989	-0.0574019314	0.0329838562	0.043733579	-0.0933694349	-0.1254341184	-0.16773051	-0.05617004	0.1857737767	0.141098975	0.0052352479	-0.0043440082	0.1551193498	0.0487606164	0.0513982722	0.1139792797	-0.0841089414	-0.0369397362	0.0768746443	0.0942248504	-0.0703854005	0.0353688099	-0.1682079471	-0.0492907809	0.016061845	-0.0572183506	0.007174459	-0.1161482353	0.0678507284	-0.1784159449	0.0486082969	0.0827198659	-0.0040790684	-0.0801944942	0.111407066	-0.1255504543	-0.1582366436	0.0117106282	-0.1757387521	-0.0016532063	0.1146560551	0.0174763361	0.0030949485	0.0135879289	0.0801147418	0.0391329717	0.0636954109	-0.0489332671	0.0199821597	0.1713466445	-0.0912985098	0.1410086497	-0.0694809929	-0.0519154862	0.0945840217	0.0211167877	0.0522970342	0.004754668	-0.1334774914	0.046677454	-0.053986169	-0.049162955	0.0972880947	0.0505015909	0.0834120651	-0.2207739253	0.0845022932	-0.0291368498	-0.0854209662	0.1540838741	0.0129124077	-0.1953158332	0.0443428764	-0.0744758209	-0.2905040351	0.0056162548	-0.1004269064	-0.0458126978	0.1137286783	-0.1666277972	-0.0496039802	0.0077129855	0.0593843774	0.1130211827	0.1252758665	-0.0789065799	-0.0455123215	0.0967719422	0.0214010563	0.1346228852	-0.0531162327	0.1253621564	-0.0595979556	-0.023793597	0.058184348	-0.097443702	-0.0683626444	-0.0708145392	-0.0599703361	0.0777133617	-0.1757964285	-0.150633601	0.0954867595	-0.070191734	0.0389087842	0.090084361	-0.0033794295	-0.0948006283	-0.1289225186	0.0228014272275629	-0.0001593088998674	0.0005199050836138	2.5379325576992143e-08	-0.0069608176528817	0.0336516828747761	0.0011324357603044	4.84529823966695e-05	0.0684287571976014	-0.0233846740817113	0.0046824948116082	0.0005468429819078	-0.0012690006049885	7.794676760010216e-08	1.610362535461179e-06	6.0756985793043335e-15	-2.265167524662104e-07	-0.0004365000605405	5.1309839147838436e-14	1.90532302851918e-07	0.0003570001774216	-7.766666309999884e-07	6.032110557088722e-13	1.274491266790539e-07	0.0	0.0	0.0
900.1912206309543	0.3416047057627338	810344.2337010474	0.1166937749992439	1311.6654056429238	-3.173709959259895	10.072434905505446	1720466.136360416	832.557472080057	-1.317848983400495	693151.9443163349	1.736725943049718	984.9283742634444	813.8587880977066	1.078899	35.372173	0.0418774881213737	0.0246994897843157	-0.0991778939	0.0550744255	0.0999099038	-0.1451646617	0.0766668514	-0.0469334551	0.1673202707	0.0692146499	-0.0231672592	0.0504911123	0.0625630778	0.0857608254	0.1487305229	0.1337742609	-0.1551963596	-0.0494293152	0.0675913204	0.0287440071	-0.0053187099	0.1698230916	-0.003020409	-0.0097879371	-0.1052127969	-0.0264547193	0.0556924322	0.0341046234	-0.0427336794	-0.1279482443	-0.0687911414	-0.0136908811	0.0125949887	-0.0027314174	0.0039177344	-0.0276650691	-0.0851183486	-0.0413920068	0.1124044152	-0.0138964348	0.043653116	-0.1455152095	-0.0139100029	0.1501082212	0.0316240444	-0.0439987463	-0.1424849703	0.0489990268	0.0136996303	0.0018131143	-0.0845775511	0.1797500463	-0.0864114441	-0.0011190369	-0.2010891463	-0.0757935423	-0.1145703713	-0.0626201682	-0.0061193046	0.1602138113	0.0418109311	-0.1210627496	0.002545422	-0.0068302516	-0.1632260327	-0.112685339	-0.0479424486	0.0872333521	-0.0448423178	0.0847364646	-0.103987947	-0.056197001	-0.02596664	-0.0468475184	0.0218869318	-0.1125828437	0.1349552461	-0.0378459961	-0.0422099214	0.0764137435	0.0450340734	0.1149086314	0.0904121043	0.0498933464	0.079134028	-0.0580840445	-0.1764867035	-0.0448901536	0.1517420625	-0.119470556	-0.0775430478	0.0301385977	-0.1026357333	-0.1644440113	-0.0688852357	0.11253082	0.0284871433	-0.047985724	-0.0426164443	0.027865033	0.0399138458	0.0678075187	0.1428840698	-0.0063272437	-0.0172437531	0.2267413297	0.0153674791	0.134693915	-0.0956648256	0.1278291318	0.1838761582	0.1473114295	0.1732688195	-0.0645899237	0.0463124785	-0.0707275957	-0.0142595975	-0.15038839	-0.0932530142	0.0589680034	-0.0849113063	0.0003642274	0.0876327994	-0.0101290257	-0.1013839798	-0.1275100165	0.0298262877573876	0.0070248605298246	0.0008896074413864	4.934866546348895e-05	-0.0069263529403258	3.4464712555900244e-05	1.1878164115608279e-09	4.797436505395986e-05	0.0639743313648466	-0.0044544258327547	0.0040927150735791	1.984190949951324e-05	-0.0012691155320558	-1.149270672999407e-07	1.6106542337052765e-06	1.3208230798165101e-14	0.0004296608735556	0.000429887390308	1.846084662645613e-07	1.8480316834587965e-07	0.000534272600971	0.0001772724235494	3.1425512151077865e-08	2.854472121483174e-07	0.0	0.0	0.0
898.0818901750474	-2.109330455906843	806551.0814603859	4.44927497221617	1314.100166360745	2.434760717821291	5.928059753045649	1726859.247229338	832.3293267041122	-0.2281453759447913	692772.1080917207	0.0520503125649901	985.705083650643	804.3826897967557	1.049153	34.396935	0.0251445596334211	0.014021139794265	-0.0243322187	-0.0017609808	-0.0214406701	0.0917904583	0.0698527374	-0.0501288971	-0.0842564021	-0.0821445806	0.0191213527	-0.026403365	0.0414587826	-0.0376433009	-0.015415771	-0.0581204425	0.0740210735	-0.1724815977	-0.0020462777	0.0190117453	0.032406047	0.1027226892	-0.0407757749	-0.1254801039	0.2199359591	-0.2166232877	0.037613053	-0.0639705014	-0.0405334503	0.127694991	-0.0626884387	-0.1076989339	0.1664880308	0.0031055937	-0.0401470971	-0.1090375758	-0.0207905695	0.1145879332	0.0372653414	0.0463982465	0.0831898039	0.1069973281	-0.103738225	0.0964117495	0.1303821539	-0.1432700007	0.1564327323	0.0243618182	-0.0952907456	0.1070905325	-0.2183543051	-0.0824582552	-0.0611527224	0.0471041491	0.2433723536	-0.0098032854	-0.0890752033	-0.0784464611	-0.1525015379	0.1310201439	-0.0108456678	-0.096329359	0.0461175562	-0.0004477867	0.0230768105	-0.1024132863	-0.0392701169	-0.1116767262	0.1111335802	0.0977699291	0.0382888376	0.1699283483	0.0998956029	-0.0182827298	0.0617704602	-0.0337420613	0.0477728019	-0.0217496788	0.0209225707	0.0033905686	0.0163747493	0.1491025465	-0.2200159383	0.0324752076	0.2527019621	0.0046176689	0.0231814501	0.1221219434	0.0177118499	0.0840631643	-0.0082824914	0.1289887053	0.130020896	-0.0108142151	-0.0703320704	-0.1097994105	0.2055084591	-0.0306377061	-9.35702e-05	0.0095213737	0.0930269551	0.0110795007	-0.1389210872	0.0035898954	-0.0298313972	-0.0410708295	-0.0561657055	0.0882799615	0.1453227775	-0.1066394275	0.0569432755	0.1126056666	0.1701625179	-0.1248862376	-0.0474110906	-0.1211587505	-0.0408093502	-0.0236807806	0.0982654743	-0.0391268356	0.040384543	0.1436736223	0.0851211787	-0.016850859	-0.1073422654	-0.124700488	0.0229178177645223	-0.0069084699928653	0.0005252263710878	4.772695764232029e-05	-0.006839191893718	8.716104660779975e-05	7.59704804576704e-09	4.6774545759098006e-05	0.0639056408656486	-6.869049919801251e-05	0.0040839309344492	4.7183846800721584e-09	-0.0010786112652558	0.0001905042668	1.1634022615367176e-06	3.62918756690056e-08	0.0005067620710594	7.710119750380004e-05	2.568077966644124e-07	5.944594656519981e-09	0.0004402733033798	-9.39992975912e-05	8.835867947638977e-09	1.938405816689614e-07	0.0	0.0	0.0
896.9286092295765	-1.1532809454708968	804480.9300545023	1.3300569391862456	1308.3359446300883	-5.7642217306568	33.226252160176074	1711742.9440111057	831.1022545406979	-1.2270721634142774	690730.957502631	1.505706094226195	984.4189832512066	795.3371992769797	0.991999	32.523121	0.062458292824617	0.0280229382532967	0.0267268657	0.0923064112	0.0746523444	-0.06482414	-0.0336973821	-0.0274040787	0.1243444049	-0.0519377678	-0.1211827324	0.0744656746	0.0618453168	-0.0239066489	-0.083834859	0.0118416377	-0.1282783224	-0.0573709717	0.0980921057	0.0257020796	-0.0005236181	-0.0067500706	0.0707371933	0.0571354173	0.0107202784	-0.0681214521	0.1511968855	0.1574610355	0.0592060089	0.1397792023	-0.068452148	-0.0745516467	0.0063516342	0.0193274357	0.1042285262	-0.0587027056	0.1221199881	0.144205871	-0.0669597701	0.1096712168	-0.0879638686	0.1237379893	-0.0694512716	-0.0223256408	-0.0032672693	-0.009979151	-0.0382014083	0.1190546235	-0.0119342941	-0.1242333615	0.0623941778	-0.0022666939	-0.1098836233	-0.1690879936	-0.0613463612	0.0469287726	-0.0187333661	0.0172193939	-0.0636141165	0.0225344954	0.0945996637	-0.0841247625	-0.0803113792	-0.0502492415	-0.0403179771	-0.0175088736	0.0234790204	0.0683745097	0.0642097663	0.1217378417	0.0961541856	-0.0068297143	-0.0571682825	-0.0621904095	0.075186679	-0.0240963214	-0.0262486559	-0.087592122	0.067499333	0.1219603906	-0.1346508523	-0.0184694995	-0.1023458807	-0.2515400515	0.0963070238	0.1516732515	0.0431640635	0.0667277316	0.0294635465	0.0811990054	-0.061197808	0.0172089953	0.1683051668	-0.0188535568	0.0902010345	0.1111459936	-0.0340955305	0.0312767066	-0.0411205553	0.0079942802	-0.0182232154	-0.0131349872	0.0832823035	-0.0290287201	-0.0580116054	0.1279601485	0.0331588017	0.1447639858	-0.0101597183	0.0285679169	-0.0077961353	0.0468981406	0.154170808	0.0131694461	0.0512167521	-0.0110213477	-0.0947950964	-0.0729046199	0.1230268853	-0.0699264535	-0.1084643512	0.0598071055	0.0825512202	-0.0235265052	-0.1126387502	-0.1205247148	0.0341665137123641	0.0112486959478418	0.0011673506592571	0.0001265331605269	0.0024449679380893	0.0092841598318073	8.619562378254416e-05	5.9778682182846426e-06	0.0834110154286165	0.0195053745629679	0.0069573974948328	0.0003804596368416	-0.0012080530430695	-0.0001294417778137	1.4593921548694792e-06	1.675517384357129e-08	0.0003768485581123	-0.0001299135129471	1.420148357513196e-07	1.687752084625632e-08	0.0002512273445006	-0.0001890459588792	3.5738374568556174e-08	6.311517862482316e-08	0.0	0.0	0.0
895.1129733635872	-1.815635865989293	801227.235083802	3.29653359786669	1310.4754647060215	2.1395200759332056	4.5775461553212295	1717345.943596463	832.5996751764591	1.4974206357611592	693222.2191039452	2.2422685604033545	984.7034248610406	781.7484176276511	0.981653	32.183926	0.1005432182075007	0.0486341491088689	0.1106018035	0.0382510411	-0.0161493332	0.0443225827	0.0249626664	-0.0439571035	-0.0877220921	-0.0098114546	-0.0102582037	0.0650422946	0.0520934446	-0.0763646076	-0.0047100018	-0.0809415821	0.0991637972	-0.1093575235	0.1054613076	-0.0935168765	-0.0173492766	0.0580120215	-0.0515410358	-0.0088405605	0.1758759307	-0.0767523846	0.0130174077	0.0150051277	0.0534532448	-0.0388506901	-0.1773299574	-0.1179675112	0.0648187368	0.0250085059	0.0367405168	0.035147367	-0.0069902285	-0.0616271545	-0.1270958546	0.1511792211	0.083330627	-0.0626190644	-0.0159199818	0.1054447727	0.0225674735	-0.0226182527	0.0226549465	-0.1116356719	-0.0172955044	-0.0443918313	0.013055813	-0.0052112043	-0.0154297082	-0.1077801675	-0.1364264309	0.0519965953	-0.1059974183	0.0938028755	0.0304735049	-0.2068211445	-0.2561578908	0.0341938638	-0.0253800267	-0.0742185159	0.0660073916	-0.0629518036	-0.0685994664	-0.1243568871	0.1291783123	0.0372356363	0.0232986102	0.0174523408	0.0010538229	-0.0467720828	0.0327921368	0.016414035	-0.0200204835	0.0052703199	0.0241213639	-0.0120931209	-0.0134819242	-0.154492032	-0.0202527748	0.0773489332	0.1519870985	-0.0221852461	-0.0708910081	0.1310222815	0.1718087623	0.0602678498	-0.0300533096	0.0509873908	0.1224540326	0.0902883661	0.0448701076	0.1044912507	-0.0905994825	0.0322605128	-0.0001112777	0.0288058977	-0.0108702709	0.0553653022	-0.1112183998	0.046308978	-0.0112136222	-0.1093639896	0.0776855112	0.1122635968	0.0430833771	-0.0377097657	-0.0318549702	0.0559401194	0.142274546	-0.1652251778	0.118574	-0.1100700763	-0.1116962241	0.1478591704	-0.0565026793	0.1339526581	-0.0231728827	0.0744369892	0.0799246852	-0.0301376669	-0.1172407796	-0.1150284477	0.0127489025943958	-0.0214176111179683	0.0001625345173613	0.0004587140660005	-0.0069166837081411	-0.0093616516462304	8.764052154536838e-05	4.784051351846452e-05	0.1207580335418825	0.037347018113266	0.0145825026649024	0.0013947997619526	-0.0013210004126694	-0.0001129473695999	1.7450420902727254e-06	1.2757108299536442e-08	-7.70144496620162e-07	-0.0003776187026089	5.931225456743229e-13	1.425958845600441e-07	0.0004090000188925	0.0001577726743919	2.4892216784772497e-08	1.6728101545406538e-07	0.0	0.0	0.0
896.4071865971218	1.294213233534606	803545.8441829672	1.6749878938561005	1309.5874750826372	-0.8879896233843283	0.7885255712382412	1715019.354893317	833.5352485309195	0.9355733544604165	694781.0105435017	0.8752975015763158	986.2096172509396	784.0482797802297	0.9943590000000002	32.600468	0.0496995080038276	0.0245899742038949	0.0893662028	0.117597642	0.0224825551	-0.0664098572	-0.011959304	0.0535926653	0.1944136898	0.017629461	-0.1112885618	0.0801500985	-0.0376889019	-0.0997211028	0.0680064716	0.0196558305	-0.1640984197	0.0116191737	0.0661160016	-0.0562716198	0.162608959	0.0816223945	0.0456366524	-0.0040588727	0.1145738002	0.0225867571	-0.1705166098	-0.0394765211	-0.0534954625	-0.1205653761	0.0277755788	-0.0081032094	-0.1430879682	-0.0046734223	0.1199144635	-0.050805257	0.0716104454	0.0383690182	0.1697859123	0.0520592869	-0.0455264666	0.039127872	0.0600000624	0.0596804576	-0.062468961	0.2135928709	-0.0733085334	-0.0290485939	0.0371027428	0.1252973052	-0.0036876289	-0.073764059	0.0022303025	0.1107587356	0.1542063982	-0.0311617657	-0.026044602	-0.0420748944	0.1425310148	0.1203596105	0.0193020835	-0.0179473883	-0.0806983666	0.0337273479	0.0682314622	-0.0717158664	0.0127859352	0.1081785165	-0.0453648947	-0.0182146821	0.0590205034	-0.0954295065	-0.0868273568	0.0482020869	0.0297220913	0.0027918609	-0.104697383	-0.1248782655	-0.0640599611	-0.1122465011	0.0047917626	-0.0403732956	0.1816684829	-0.1115124656	0.0755582999	0.0172565752	-0.1199624938	0.1404167727	-0.1359793106	0.0023780018	-0.1983679751	-0.0740443039	0.1796174228	0.00639283	-0.0788038975	-0.0486537459	-0.0032552938	0.1154462795	-0.0500258358	0.0387265079	-0.1031933258	-0.0146850823	0.1217807632	-0.061567408	-0.132106229	0.0171798645	0.0038373232	0.0384912438	-0.0404602032	0.1065774186	-0.088059029	-0.1352523559	-0.0153291714	-0.164295902	0.0263515425	-0.1491935008	0.0151883561	0.097232432	-0.0640681285	0.0171032129	-0.1263932487	-0.13813085	0.0772433738	-0.0366662233	-0.1211199807	-0.1082719048	0.012867407800428	0.0001185052060322	0.0001655701835025	1.4043483856734496e-08	-0.0162389741449544	-0.0093222904368132	8.690509898830067e-05	0.0002637042812804	0.1116217630002864	-0.0091362705415961	0.0124594179752921	8.347143940923675e-05	-0.0012691057801072	5.189463256220013e-05	1.6106294811015046e-06	2.6930528887657623e-09	0.000319081545256	0.0003198516897526	1.0181303252295679e-07	1.023051034376064e-07	0.0006597025329654	0.0002507025140728	6.28517505624726e-08	4.3520743200096476e-07	0.0	0.0	0.0
897.7109025892674	1.3037159921456123	805884.8646276372	1.699675388176218	1313.0758579913231	3.488382908685935	12.168815317612143	1724168.208839649	835.172902403064	1.637653872144483	697513.7769083579	2.681910204949819	985.115156604738	788.0809611949151	0.984226	32.268261	0.0491253092273819	0.0234089083071338	0.0485980529	0.052198519	-0.0979318229	0.0383594598	-0.0646393972	0.0469379179	-0.0794751501	0.0752745735	0.0111342104	0.0061378347	-0.115097476	0.0056508391	-0.082345561	-0.0192263079	0.1258657896	0.0359436418	-0.049042155	0.0121443861	0.0276945281	0.0671447678	-0.0801350749	0.0646408645	0.0958070575	-0.0444545325	-0.0303763673	-0.0464606676	-0.0331998983	0.1171284885	-0.0427986444	-0.225129039	0.0483667405	0.1930900432	0.164926387	0.1702191748	0.0597169168	0.0393604945	0.0098394375	0.0996821063	0.0638382016	-0.1056859744	-0.1892925763	-0.03851151	-0.0245373588	0.0667359089	-0.0751002985	0.0915720335	-0.0198734864	0.0562392293	0.0621451114	0.0493711437	0.1597366474	-0.1429609146	-0.0903890684	-0.0268985416	-0.0965266763	0.1746545228	6.44023e-05	0.0382234253	-0.043184501	0.0298123847	0.0106405922	0.025856571	0.131536858	-0.0014066785	0.0509227243	-0.1711169494	0.0459113206	-0.0592339833	0.0401916577	0.0877517337	0.0070412467	0.0588675661	-0.0205281306	-0.0870974036	0.0460719471	0.0056840472	-0.0602708982	0.044352384	0.1620749128	-0.0459565814	0.2022669414	0.0691502863	0.0181182567	0.168545518	0.1080061809	0.0526196822	0.092278414	0.0865876642	-0.0958146205	0.1399982186	-0.0290279826	-0.2285651598	-0.0131017153	0.041889101	0.1939876698	0.0343895981	-0.0274907061	0.0358556095	-0.0511420856	-0.0483669766	-0.0788767891	-0.0161269407	0.03505976	-0.1271802353	-0.0200474389	-0.0382406377	0.0579587534	0.0484955044	-0.030218922	-0.0841537057	0.0292537432	-0.2668604264	0.0475415422	-0.0743764988	0.0199733999	0.1809712162	-0.0062090712	0.0707096002	0.0673440877	-0.0862101391	0.0745091236	-0.0430942802	-0.1242524367	-0.1003291122	0.0042416287404023	-0.0086257790600257	1.7991414371406804e-05	7.440406439237785e-05	-0.0297064389300771	-0.0134674647851227	0.0001813726077385	0.0008824725139064	0.1207330296043949	0.0091112666041085	0.0145764644374556	8.301517913114295e-05	-0.001326666788827	-5.756100871980008e-05	1.7600447685765438e-06	3.313269724840901e-09	0.0005571043922796	0.0002380228470235	3.103653038972224e-07	5.665487570522008e-08	0.0005968704131463	-6.283211981909992e-05	3.947875280961729e-09	3.562542900894349e-07	0.0	0.0	0.0
897.9460111946235	0.2351086053560038	806307.0390203348	0.0552760563124451	1312.4030343500108	-0.6728236413123341	0.4526916523087884	1722401.7245711156	835.9484176801238	0.775515277059867	698809.7570219028	0.6014239449532423	986.656491383076	790.3103381272389	0.992151	32.528076	0.1113714677685407	0.0510018109299397	0.0277562772	0.0986839332	0.0285668861	-0.1449247229	-0.0083627512	-0.0397363587	0.1780142631	0.1067777813	0.0378050638	0.1213173059	-0.0309862739	0.0783940236	0.0493015428	0.0693521875	-0.1476146988	-0.0277162944	0.0286004491	-0.0110932327	0.0479419843	0.0938016471	-0.0599688088	0.0559080041	-0.0627456522	0.0711135801	0.0196706999	-0.0670991385	-0.0858219773	-0.1445900446	-0.0062429349	-0.0746207298	0.1118907713	-0.1718810975	-0.0541413029	-0.0915488627	0.0055365579	0.0206701423	0.0583480084	0.0182274547	0.0276510679	-0.1054154547	-0.0976698309	-0.1545717398	-0.0858085511	-0.0542751197	-0.0176402052	-0.0929332558	-0.0549229785	-0.0288374937	0.0460564956	-0.2399893136	0.0700478628	-0.024800173	0.1335442804	0.0144089862	0.0654412146	-0.1078636259	0.0288899854	-0.1047944054	0.1288376482	-0.0778558949	-0.0189396514	-0.0140597162	-0.0947339628	-0.1259378481	0.0669336504	0.1040760277	-0.0933771943	0.0836740547	0.1265648505	-0.0677493288	-0.1665010158	-0.0689731527	0.1038493143	0.0070793163	0.041628997	0.0707735743	-0.0304434907	-0.1432403349	-0.0965422143	0.0523836244	0.0038654846	0.0582477878	-0.0549298472	0.0927497604	-0.0267113821	-0.0598974888	-0.0782648274	-0.0536600557	-0.0501667381	0.0948568671	0.0005754058	-0.0172718307	-0.1111712594	-0.025958183	0.0062563024	-0.0508667048	-0.0587635979	0.0515731063	-0.0372764337	0.010567432	0.1624978116	-0.02147707	-0.0529885649	0.0451186037	0.0496163571	0.037970012	-0.0537892871	0.0851367713	0.0420615181	-0.1550048253	-0.0010259148	-0.1231727485	0.1755567856	-0.0713222877	-0.0635503771	0.0316702343	-0.0681492503	0.0239251475	-0.0744627197	-0.0137853399	0.0717238087	-0.0494042187	-0.1266188352	-0.0912870929	-0.0149737387270647	-0.019215367467467	0.0002242128514663	0.0003692303469097	-0.036750549145097	-0.0070441102150198	4.961948872134766e-05	0.0013506028624661	0.1491313300151588	0.0283983004107638	0.0222401535920902	0.0008064634662199	-0.0017440281605072	-0.0004173613716802	3.041634224642128e-06	1.741905145707781e-07	0.0002533406726623	-0.0003037637196172	6.418149642498664e-08	9.227239735573764e-08	0.000183721710938	-0.0004131487022083	1.706918501364026e-07	3.375366706998603e-08	0.0	0.0	0.0
897.7044304191826	-0.2415807754408661	805873.244394229	0.0583612710626101	1313.4111965439083	1.0081621938975331	1.0163910092042872	1725048.971206901	833.4514649364281	-2.496952743695715	694641.3444046781	6.23477300424956	986.5576149255716	789.5435104472755	1.003823	32.91077	0.05124491168356	0.0286856032946029	0.033359491	0.042878454	-0.1084011431	0.0570554805	0.0088396404	-0.07761834	-0.1103241441	0.0593892838	-0.0164687458	0.0523759869	-0.0415114832	-0.0035938193	-0.0262733068	-0.0059289552	0.0965488149	-0.0461957432	-0.0939746752	-0.0482648999	3.55646e-05	-0.1160117072	0.1175263979	-0.1091228568	-0.0182390168	-0.0591268515	-0.0376623322	0.0177858446	0.0480275487	0.2130678049	-0.0256102376	-0.0172029783	-0.0676622656	0.1300583648	0.1862318636	-0.0050519774	0.0651922592	-0.1071876051	-6.0862e-05	-0.0445139405	-0.0613610007	0.0269486234	0.0928829645	-0.1094316663	-0.0940934697	-0.221656433	0.0929613598	0.0411526087	0.0273150212	-0.0413557331	0.0962123449	-0.025441276	0.0332360426	0.0039428542	-0.0152658297	0.0356477117	-0.1689306709	0.0005803541	0.0296818232	0.1375077427	0.1304219679	-0.0300913305	0.0139299535	0.0483866435	0.0608242038	-0.0815539496	0.0532319714	-0.0782675154	0.0167116129	-0.1034805942	0.0242325705	0.0684886218	0.0533665157	0.0181320434	-0.0775523581	0.1366558425	0.0678584242	-0.0433224522	-0.0172119507	0.1236943669	-0.0100380242	-0.0425389685	0.1328505002	0.0474525026	0.1004191858	0.1233802478	-0.0557552308	0.1028668533	-0.0124336105	-0.0064560758	0.0209972593	-0.0466826922	0.0298814382	0.0166584766	0.0967548343	-0.0291336605	-0.0440286611	-0.256275052	-0.0308244889	0.0291314187	0.0354933568	0.0074222055	-0.0987056778	-0.0746014374	0.0191015492	-0.0884527764	-0.0347782201	-0.2109505316	0.0493240379	0.0412244788	-0.0299564939	-0.018410941	0.139526971	-0.1250957445	0.0864388283	-0.1142542943	-0.088745424	0.0068013741	-0.0158296496	-0.000853072	0.0760491398	0.0147626676	0.0688893378	-0.0555787436	-0.1282045865	-0.0812449131	0.0007697103740014	0.0157434491010661	5.92454059845375e-07	0.0002478561895978	-0.0355384220508483	0.0012121270942486	1.4692520926117955e-06	0.0012629794418642	0.1676585391068812	0.0185272090917223	0.0281093857354536	0.0003432574767284	-0.0016830018311774	6.1026329329800025e-05	2.832495163746482e-06	3.72421287146921e-09	-1.539948557560678e-07	-0.000253494667518	2.3714415599332132e-14	6.42595464600898e-08	0.0001830001798554	-7.215310826000115e-07	5.206071031579447e-13	3.3489065827108754e-08	0.0	0.0	0.0
899.171444017298	1.4670135981153862	808509.2857361528	2.152128897055452	1316.0563190919568	2.645122548048448	6.996673294194315	1732004.2350218704	835.726486040558	2.2750211041299053	698438.759469699	5.175721024236454	987.499033226008	789.0244977549053	1.005036	32.950542	0.0596880169439917	0.0372766414555989	0.0024836838	0.07639264	0.0196314078	-0.1290527128	-0.1238369735	-0.0892433831	0.1198727204	-0.0024919952	-0.0137650153	0.086929021	-0.010795409	0.1251981841	-0.0906123046	0.0587284332	-0.1564611989	0.0323292857	0.030554299	-0.073189773	-0.0058229104	-0.0896811029	0.0158207445	0.1195752229	-0.0100529235	-0.0390028635	-0.0142580403	0.0868908931	-0.1554792277	-0.0303767505	0.0608615505	0.0625871971	-0.1118761196	0.0458286853	-0.0159764484	-0.0242866053	0.0428653187	0.0310861709	-0.0058829442	-0.0207250945	0.0931876137	-0.1178922821	0.0755103838	-0.0117255097	0.0731320881	0.0103282575	-0.1083003864	-0.1492607907	0.0027370387	0.0256838852	0.1036986912	-0.0111472051	-0.1276062603	0.1030646174	-0.086344567	0.0297142785	0.0766373972	-0.0636304503	0.0083281061	-0.0799953111	0.0302035311	-0.0045949922	-0.0843219958	0.0089939003	-0.0982626273	-0.003713597	0.12476723	0.1537711912	0.0611749543	-0.056764557	0.1355412891	-0.0633806964	-0.0056640532	0.0075726436	-0.057176804	-0.0317719048	-0.0241788736	0.0464860958	0.0196195878	0.0899238939	-0.0783344921	-0.0371093462	0.1191883958	-0.067888833	-0.070459842	-0.1067538525	-0.0500212473	-0.176996685	-0.0083554861	3.78641e-05	-0.0407398828	0.0411412752	0.1394225541	0.1703094156	-0.1065023309	-0.1869283091	0.1841707461	-0.0671798516	-0.0691427957	-0.013634768	0.0028647188	0.0239457934	0.1879550187	-0.0832701276	0.0146294008	0.0323466114	0.0625562885	0.0129583646	0.0600023451	0.0326291385	-0.0598043356	-0.146358274	-0.0868662665	0.0693239538	0.0481204698	-0.0438585194	-0.0514764072	0.122796924	0.0579755674	-0.0967759338	-0.0746477622	-0.0161651521	0.0660076536	-0.0616009311	-0.1289999139	-0.0703125971	0.0009122324141941	0.0001425220401927	8.321679775063961e-07	2.031253194068961e-08	-0.0354449420702565	9.347998059179574e-05	8.738506771442509e-09	0.0012563439183638	0.1402975536439967	-0.0273609854628844	0.0196834035584901	0.0007486235255001	-0.0016835589689802	-5.57137802799975e-07	2.8343708020336743e-06	3.1040253130878386e-13	0.000179957933293	0.0001801119281487	3.2384857755087844e-08	3.2440306661462676e-08	0.0006441517031103	0.0004611515232549	2.1266072740031467e-07	4.1493141661990013e-07	0.0	0.0	0.0
900.05069192305	0.8792479057519813	810091.248031161	0.773076879769245	1318.133191473197	2.076872381240264	4.313398887958605	1737475.110463316	833.9353026681764	-1.7911833723816244	695448.089036263	3.2083378734964088	987.4227012734456	801.3348025900366	1.015733	33.301239	0.0875981451775738	0.051981186812565	-0.0540865081	0.0175131539	-0.0252015333	0.0996877254	0.0393489838	-0.079151568	-0.1144313949	0.1132323563	-0.007883247	-0.009415601	-0.0531275964	0.0407597057	0.0295817861	0.0107237493	0.0490269896	-0.0326847607	-0.1861120146	0.0313203098	-0.101285806	-0.0789707904	0.1694975037	-0.0055547837	0.069558363	-0.1546111138	-0.1106300359	-0.01791142	-0.0672834895	0.090592943	-0.0269623209	0.0192820755	0.0053283005	0.0293051497	-0.2175187049	0.0763727314	-0.069613086	-0.0950737624	0.0562024825	-0.0154839029	-0.1826046298	0.0129869333	0.1414457389	0.0971920679	0.0670235073	-0.222996389	-0.1810921588	-0.0160385203	-0.0861629332	0.0507321602	0.1219735841	-0.0029532882	0.0620205323	-0.0454618968	0.0088386849	0.0339435664	-0.0758795204	-0.1571330204	-0.1168244124	-0.1313459932	-0.0070167339	-0.0926569195	-0.0283197477	0.0331516452	-0.0524863359	0.0200310783	0.0126884436	-0.0953983906	-0.0695450536	-0.0053876704	-0.0102565221	-0.0092838849	0.2043331531	0.0305460544	-0.0840738057	0.2017472717	0.085314307	-0.0078882995	0.0730899416	-0.0523878457	0.0643940273	0.0735604936	0.0147946835	0.05588039	-0.0245644125	-0.0340041596	0.0033943422	0.0553223896	0.0719573126	0.0766078897	0.0938338501	-0.1364297268	0.130145988	0.144441997	-0.1378805541	0.1056999966	-0.0216628516	-0.1093461123	-0.0275095245	-0.0169108948	0.0976578835	0.0926773785	-0.1123897672	-0.0569845521	-0.0277512065	-0.1163090042	-0.0753504646	-0.0324401269	0.0482421627	0.1202969009	-0.0539869883	0.1059296057	-0.028448947	-0.0273708734	-0.0084936826	-0.0007824379	0.0930515638	-0.0368797523	0.0296479623	0.0296575549	0.0327269038	0.0526953393	0.063080731	-0.0674542747	-0.1289999139	-0.0586099215	0.0443690752361618	0.0434568428219677	0.0019686148373121	0.0018884971880532	-0.0354629348119743	-1.7992741717799687e-05	3.237387545234492e-10	0.0012576197454783	0.1492178655146006	0.0089203118706038	0.0222659713887334	7.957196386883651e-05	-0.002063001559862	-0.0003794425908818	4.255975435993046e-06	1.4397667977509316e-07	-1.811790619088427e-06	-0.000181769723912	3.2825852474168253e-12	3.304023253107685e-08	0.0007869993431821	0.0001428476400717	2.040544827408249e-08	6.193679661690568e-07	0.0	0.0	0.0
900.6044925046796	0.5538005816296163	811088.4519196114	0.3066950842133013	1319.6661290872785	1.5329376140814477	2.349897728665721	1741518.6922602016	835.163530395243	1.22822772706661	697498.122502246	1.508543349535211	988.9818921725176	795.6771505210431	0.99457	32.607399	0.019588314893377	0.0167946649028078	-0.0653055974	0.0226597329	0.0198745649	-0.1182640844	-0.1624282059	-0.0297888765	0.0275039198	-0.0372617409	0.0028832274	0.0084180882	0.0516738574	0.0703507725	-0.1104926238	0.1015688344	-0.055553327	0.0569052171	0.0727759451	-0.0972102147	3.78635e-05	-0.0827419024	0.0915185319	0.0051680495	0.0293025858	0.1493120688	-0.0679953686	0.2102119041	-0.0150871856	-0.0061209532	-0.1418148578	0.0140620812	0.002732609	0.0155897083	-0.0476473487	-0.0521767454	0.0677251478	-0.0097222208	0.0959054881	-0.2407174787	-0.0297830659	0.1463642152	0.0346895748	-0.1198728741	0.0417523865	0.0297570925	0.0092893452	0.0209109576	-0.0047866394	0.0507271315	0.003340316	-0.0312552779	0.0817079289	-0.0197490367	0.0994428596	0.1965419301	-0.0139010681	0.0209048961	0.1373172784	0.0162521427	-0.0935620085	0.1607701564	-0.0467522929	-0.045570141	-0.1053808234	0.0468088357	0.0475418341	0.1018887941	0.0975131565	-0.0258179411	0.0187489656	-0.0766949508	-0.0619668929	0.0594348788	-0.0683318209	0.0810787984	-0.0569615317	-0.0771202315	0.2236080067	0.0084605	-0.0448100717	-0.044887843	0.0514522436	-0.0177367125	-0.1637480601	-0.0517174954	0.1000931291	-0.1463381885	0.0669698092	0.0770727501	-0.0291131378	-0.1944938984	-0.0044160536	-0.061157426	0.0995024798	-0.0076738209	0.224952789	-0.1958977617	-0.0425323481	-0.0549166222	0.0400254469	0.0111602422	0.1389765881	-0.0806332227	0.0808256933	0.0393456298	0.0714810412	0.1289641616	0.1487811202	0.0144772975	0.0448169404	-0.0200655795	-0.1090366917	0.178581229	-0.0342187605	-0.0165809869	0.0083552759	0.0362214908	-0.1205281823	-0.1071571467	0.0251355867	0.0063766812	0.0601105761	-0.0731227308	-0.1282045865	-0.0462651033	0.0442558974680054	-0.0001131777681563	0.0019585844606986	1.2809207204863522e-08	-0.0355115012936977	-4.856648172339717e-05	2.358703146989072e-09	0.0012610667241322	0.1491754981995967	-4.236731500389945e-05	0.0222533292630978	1.7949893806396434e-09	-0.0017420005182278	0.0003210010416342	3.0345658055059235e-06	1.0304166873024157e-07	-1.1279904095218285e-06	6.838002095665985e-07	1.2723623639732224e-12	4.67582726603324e-13	0.000721000118456	-6.59992247261e-05	4.355897664446249e-09	5.19841170813566e-07	0.0	0.0	0.0
900.5341316020314	-0.0703609026481899	810961.7221802247	0.004950656621468	1317.043807264398	-2.6223218228803944	6.876571742754755	1734604.390253501	835.0211784048349	-0.1423519904080876	697260.3683845991	0.0202640891731442	987.700889339592	799.627155249215	1.019868	33.436821	0.0272335325641791	0.0178735669670835	-0.0640443865	-0.0154211302	0.0206093586	0.1591895444	0.0803301135	-0.0397195722	-0.0820616218	0.0799506562	-0.0347919988	-0.0315730069	-0.0202681028	0.0540623428	0.0712058085	0.0085422756	0.0181196714	-0.0533920928	-0.0782410535	0.1093544566	-0.0661782027	-0.1507561789	0.1549176761	0.0407217616	-0.0445526731	-0.1029676208	-0.0550702744	0.0471852923	0.0155652122	0.0140404461	0.0234838502	0.0363488402	-0.0279642798	0.1013196652	0.1865804444	0.1124133431	-0.1847645918	-0.0031496591	-0.1445037733	-0.1082874265	0.0118459365	-0.0228382244	0.1060110641	0.1596203522	-0.0620526697	-0.0061833793	0.0251876251	-0.1522471696	0.1219261523	0.1500050424	0.1239420098	0.0157147732	0.1101384411	0.0824955677	0.0341938003	-0.057175925	0.0436698993	0.1259557971	0.036409636	0.1665521987	-0.0912315926	-0.0293271599	-0.012555941	0.0235001273	-0.0796805414	0.0277526825	0.0051819987	-0.095936099	-0.0889261191	-0.0275654255	-0.0060789732	-0.0029650358	0.1309679829	-0.0100961036	-0.1335834689	0.029072082	-0.0071633992	-0.0144345046	0.0302894854	0.0969915659	-0.0360827618	-0.0022187099	0.1805573381	-0.1293709676	-0.0440837063	0.0703122627	-0.0805957941	0.1196127351	0.1707144399	0.0074895186	0.1502476088	-0.1760067714	-0.1666480831	-0.0416882078	-0.0812428642	-0.0344574756	0.0337909453	0.0366959642	-0.0236152612	-0.0650092029	0.1049018773	0.0714861588	-0.1243834871	-0.0180853657	-0.0472831602	-0.0271169642	-0.0576007147	-0.0017440721	-0.0152586028	0.0390848754	-0.0530026724	0.0788010388	0.0475221886	-0.0053528529	0.0262016724	0.0823305868	0.0971691524	-0.0475164671	0.0845069035	-0.0743581386	-0.0925529612	-0.0438811194	0.0570992244	-0.0785907625	-0.1266188352	-0.033413395	0.0443525446992083	9.664723120290236e-05	0.0019671482212952	9.340687299187264e-09	-0.0353505461237233	0.0001609551699743	2.5906566741487986e-08	0.0012496611112454	0.1662014213641924	0.0170259231645956	0.0276229124634778	0.0002898820596067	-0.0016829714707339	5.902904749390003e-05	2.832392971304226e-06	3.484428448037105e-09	-7.516217416414506e-05	-7.403418375462323e-05	5.649352425081275e-09	5.481060364213318e-09	0.0007869370271756	6.593690871960006e-05	4.34767593149687e-09	6.19269884739971e-07	0.0	0.0	0.0
900.0263472280064	-0.5077843740249364	810047.4257045881	0.2578449705038965	1314.6170807683654	-2.426726496032643	5.889001486546869	1728218.069047939	834.7719907946804	-0.2491876101545358	696844.276615314	0.0620944650545289	987.420841319856	797.70738250664	1.014082	33.247101	0.0898237784571439	0.0435428711844953	-0.0429852862	0.0068099986	0.0182568645	-0.0621973405	-0.0943332105	-0.0191540729	-0.0628500989	-0.0931431774	0.0323437557	-0.0236618649	0.0614436749	0.017795411	-0.0846253745	0.0020093274	-0.0059851688	-0.0791320711	0.1439755203	-0.0860164685	-0.0919942237	0.0217028652	-0.119234744	0.0312141692	-0.0838151251	0.1393413674	0.0319580501	-0.0723906602	0.0031008315	-0.0770377592	-0.0130089091	-0.1292010688	-0.1616613633	-0.062848084	-0.0279843549	-0.057414507	-0.0476781834	0.1809709741	-0.0630988386	-0.1294865485	-0.0418665873	-0.1167285324	-0.1256129615	-0.0186854961	-0.0807043762	-0.0027854671	0.1790244248	-0.1051769707	0.1449834393	0.0775954176	-0.0211113159	-0.010999465	0.0431032283	0.0322240099	0.0414428633	0.00469499	-0.0554480147	-0.0933976962	-0.0524091358	0.0318916062	-0.0615298792	-0.1005830193	0.0317365646	-0.0639275059	-0.0776831327	0.0038296528	-0.0455519633	0.0254548618	0.1648399403	0.0931228804	0.0139356375	0.0922963729	-0.0469267303	0.0313942178	-0.0026714	-0.152201925	0.0055072675	0.0849743555	0.0393311612	-0.1320770758	0.1324973545	0.030532243	-0.0170747227	-0.2330442897	-0.1186768266	0.0861137944	-0.0673834673	-0.0669356142	-0.0511248758	-0.0649148917	0.0310004079	0.1565152362	-0.0241975218	0.0474623591	0.2100099653	-0.0152512156	0.0039615404	-0.1435413546	-0.0307529065	-0.0247753576	0.0255371518	-0.0365804199	0.0175522259	0.0095650016	0.0448539773	0.0425766214	0.1009054933	0.2670096635	0.0612010113	-0.1152850599	-0.0529132237	0.1696246361	-0.047058892	0.1686211312	-0.1268147344	-0.1496421756	0.0799494857	0.0947454767	0.0816490863	0.0173934952	0.0468046918	0.035354235	0.0540487397	-0.0838433825	-0.1242524367	-0.0201956026	0.0659473129388175	0.0215947682396092	0.0043490480838503	0.0004663340153224	-0.0391252065458473	-0.003774660422124	1.4248061302349346e-05	0.0015307817872552	0.1878872455452054	0.021685824181013	0.0353016170385643	0.0004702749704098	-0.0020883285695116	-0.0004053570987777	4.361116214238366e-06	1.643143775294743e-07	-0.000363991051729	-0.0002888288775648	1.3248948573878357e-07	8.342212051537398e-08	0.000948121563121	0.0001611845359454	2.5980454627933953e-08	8.989344984550085e-07	0.0	0.0	0.0
898.6837667234474	-1.3425805045590096	807632.5125722437	1.8025224112219247	1314.8543482276157	0.2372674592502335	0.0562958472190612	1728841.957053068	835.5887460439686	0.8167552492882351	698208.5525153319	0.667089137239887	989.0514191665068	791.7831376627422	1.002019	32.851612	0.0744011135734959	0.0467249639464044	-0.0088806551	0.0202641131	0.0618383945	0.1327203581	0.1294863933	-0.0098512949	0.059636364	-0.0934014952	-0.1080701289	-0.0228420191	0.0594548171	-0.0605396111	0.0986905088	-0.0866598172	-0.0693760687	-0.0422723196	0.0579649211	0.0565898964	0.0213401925	-0.0070674813	0.0334178697	-0.0077131942	0.0760309567	-0.0254986095	0.1358375036	-0.1119169342	0.0364513706	-0.0132338967	0.0348842869	0.0210211021	-0.0573083442	-0.0847498781	-0.0858969208	-0.0506276282	-0.052552804	0.0714869422	-0.1923481368	-0.0312129062	-0.1990902811	0.1415753733	0.0791117361	-0.0201310303	-0.1192522781	0.0450735234	0.113714448	0.0605485623	0.0163050026	-0.0656132473	0.1135073341	0.0047109917	-0.0961032133	0.0365315121	-0.1220529858	-0.0281094385	-0.0591370908	-0.0139620406	0.1100840515	-0.0709823801	0.1071030706	0.0846584818	-0.047809551	0.0276961177	-0.0184664665	0.0276908608	-0.0830915025	-0.0268227795	-0.1212372309	0.085777244	0.0058384749	-0.0099445708	0.0008520676	-0.1017534681	0.0583454454	0.1147449797	-0.114939663	-0.0310827751	0.031513217	-0.0300924448	0.1097599731	0.0859698911	-0.0396189497	-0.200213848	-0.1104012249	0.0312341625	0.0016517756	0.0204227241	0.0518951768	0.0272819115	-0.0217196644	-0.0501220803	0.0308769354	0.0978628464	0.2624417964	-0.1626533526	-0.1936697541	0.0047971979	-0.0210698126	-0.0558583923	0.0264134957	-0.004080883	-0.0758900223	0.017205698	-0.1972771216	0.0010908711	-0.0597171418	0.0951075693	-0.0410498627	-0.0029470681	-0.0310810071	0.1737790584	-0.0067175736	0.0279212905	-0.0224451465	0.0852304067	0.0584209689	0.0687260476	0.0938855564	-0.0169151806	0.0238709996	0.1199320965	0.0509612127	-0.0888661936	-0.1211199807	-0.0067565429	0.0566562787502959	-0.0092910341885216	0.0032099339218312	8.632331629227732e-05	-0.0808530324601406	-0.0417278259142933	0.0017412114555335	0.0065372128580005	0.1878144858785475	-7.275966665790112e-05	0.0352742811058231	5.2939690921688894e-09	-0.0020290004175136	5.932815199800011e-05	4.116842694270364e-06	3.519829619497804e-09	-2.00739905653613e-06	0.0003619836526724	4.029650972182145e-12	1.3103216480209898e-07	0.000992999634531	4.487807141000002e-05	2.014041293481061e-09	9.860482741786998e-07	0.0	0.0	0.0
898.9111685110438	0.2274017875963636	808041.2888738902	0.0517115730020216	1312.2525179798067	-2.601830247808948	6.769520638413573	1722006.670944343	833.2201031004271	-2.368642943541545	694255.7402106863	5.6104693939891535	988.4992444816752	786.8352631265273	0.988917	32.42207	0.0581579711358722	0.0316611890704754	0.0279935149	0.0060726634	0.0637593287	-0.0315522608	-0.1618107246	0.0734392564	0.009894705	-0.1063604703	-0.0808331491	0.0546272119	0.0547558232	-0.0468465807	-0.1216519034	-0.0624277211	0.0293297688	-0.0068191373	0.0553943692	0.0067149766	-0.0349999435	-0.0136063949	0.0546888708	0.0470050201	0.0051509224	0.0680687955	-0.0986718735	0.0504703092	0.0101156092	-0.0652825227	-0.0949687043	-0.0289746846	-0.2008942719	-0.0831261834	-0.0158589785	-0.0026032161	0.1988691457	-0.0930825838	-0.2149406567	0.1483685612	0.0786411497	0.0942619025	0.1133056316	0.0766824221	0.1329117606	0.0350201741	-0.0298671455	-0.0295671051	-0.1310866602	0.1469632721	-0.111178867	-0.0639306956	0.1050280284	0.0220835945	-0.0506678975	0.0102405967	0.0125432222	0.0344577534	-0.0121850219	0.0905142383	-0.0150711958	-0.0082939708	-0.102425633	-0.0709998584	0.0416929896	0.1230921758	-0.0972177977	-0.0068537237	0.1049937134	-0.0387405778	0.0575777913	-0.0161766964	-0.1336055993	-0.0700619553	-0.0143776402	0.0172608385	-0.1114891136	-0.0311051152	0.0102394466	-0.1651226093	0.0666314872	0.0086793501	0.1091085379	0.0153977106	0.0778590347	0.1193220386	0.0698071859	-0.0639789849	0.0924058081	0.0383991027	0.0694802675	-0.2548359221	-0.0416555976	0.0396819056	0.1110793463	-0.0022242957	0.014555001	0.1246157196	-0.0251375659	-0.0555950249	-0.0888648961	-0.1751993355	0.0453620891	0.0088629087	0.0910281477	-0.0739798627	0.0473136766	0.0850264995	0.0495099177	-0.0001406123	-0.076699856	-0.0219769865	-0.0548285993	0.0010377517	-0.0319644175	-0.0333379679	0.0989069825	0.0394395307	0.0380139038	0.0283713864	-0.0229021281	-0.0145905557	0.0478387595	-0.0936454286	-0.1172407796	0.0067565429	0.0445008653517362	-0.0121554133985596	0.0019803270170533	0.0001477540748898	-0.0578795298185212	0.0229735026416193	0.0005277818236244	0.003350039972013	0.1878242029012824	9.71702273491748e-06	0.0352779311955021	9.442053083090318e-11	-0.0020229507231015	6.049694412100029e-06	4.092329628096882e-06	3.659880247979432e-11	-0.0001496945410559	-0.0001476871419993	2.2408455621936533e-08	2.1811491911940268e-08	0.0006863497094833	-0.0003066499250477	9.40341765317601e-08	4.7107592370781036e-07	0.0	0.0	0.0
898.3792217326586	-0.5319467783851906	807085.2260409774	0.282967375034383	1313.0568729021163	0.8043549223095852	0.6469868410436588	1724118.3514754844	836.0162372051248	2.7961341046976718	698923.1488706154	7.818365931453448	987.6887434120416	782.8369767843341	0.958273	31.417389	0.0518031303277285	0.0262679976839959	0.0349063443	-0.0152263435	0.0667712734	0.1205002793	0.0536466366	0.0790584913	-0.0078952416	-0.0066523291	-0.0331185332	-0.0140660476	0.002209889	-0.0214118522	0.0454799574	-0.127461165	-0.0330129507	0.0697768783	-0.053791222	0.0360237875	-0.0678954355	-0.0602635568	-0.0129461311	0.0443204439	0.0157705019	0.0896235635	-0.030223248	0.0327773208	0.0140247215	0.0184726891	-0.0940362929	0.0776841163	-0.0379211904	-0.0340498399	-0.1477217309	-0.0231057394	0.0166847835	0.0575615545	-0.0168022201	-0.0233515582	0.2608408991	0.081265987	0.0774477677	-0.2292773758	0.0448073799	-0.0069249593	-0.0930899675	-0.1174871095	0.0500919209	0.0030498758	0.1358244062	-0.0183427146	0.0389080061	0.0308502825	-0.0414874985	-0.0374223365	-0.0942075864	0.0652199955	-0.0007909748	-0.1107570113	-0.0038502732	0.0983544852	-0.0081074884	-0.0190236754	0.0002788964	0.0605122829	-0.0433372422	-0.0588665065	-0.1168201523	0.0436500823	0.0811640616	0.0236972392	-0.0841382969	-0.0337792663	-0.0382809819	0.0170271324	-0.0295650718	-0.0240270127	0.0827526178	-0.1168291402	-0.0506102693	-0.0301947846	0.0580895721	0.0705095038	0.0464674187	-0.2296020155	0.1165373281	-0.1666598693	0.0815016863	0.1760348137	0.1495175302	0.1529470075	-0.021916069	0.0070451325	-0.0319254511	-0.032466691	-0.1031192361	-0.1815011766	-0.0085727105	-0.0589554602	-0.0163747507	-0.0615688802	-0.0369709057	0.065744425	-0.1359478364	-0.0987559321	-0.0779810102	0.0116302378	-0.0485475591	-0.0048054518	-0.0508921399	0.0121788628	-0.0793726462	0.0412205973	0.0458356058	-0.0160231401	-0.0139794812	0.0793609752	0.0696505315	0.0878332035	-0.0577515569	-0.0588643192	0.0446835199	-0.098167988	-0.1126387502	0.0201956026	0.0268489497356938	-0.0176519156160424	0.0007208661019098	0.0003115901249158	-0.0627258698962123	-0.0048463400776911	2.3487012148634987e-05	0.0039345347542365	0.1917784395998225	0.00395423669854	0.0367789698953427	1.5635987868081206e-05	-0.0020883028412126	-6.535211811109975e-05	4.3610087566166165e-06	4.270899341607132e-09	-0.0005417689059334	-0.0003920743648775	2.935135474362732e-07	1.5372230759409505e-07	0.0007359359852038	4.958627572050004e-05	2.458798739829452e-09	5.416017743178878e-07	0.0	0.0	0.0
900.0648928703948	1.6856711377362217	810116.8113777953	2.841487184596928	1317.6451930700173	4.588320167900974	21.052681963166822	1736188.8548205232	836.6100489022675	0.5938116971427689	699916.3739242544	0.3526123316635755	987.844801111228	786.119737414715	0.957076	31.378157	0.0932610923971578	0.0463536885589962	-0.0089557826	-0.016075737	-0.0121434653	0.0181345142	-0.1823910316	0.1380667336	0.0751297697	-0.0503750329	-0.0266021931	-0.048515778	-0.0407513305	0.0198425624	-0.1178573393	-0.0557445004	-0.0131247112	0.1084229041	-0.0024822918	-0.0485385947	0.0340138826	-0.0925070181	0.0199321262	0.0890886718	0.0035059993	0.0571458986	-0.1105712331	0.0834643634	-0.0577332292	0.2052045226	0.0524589521	0.1863352826	0.1253986539	-0.0152266156	-0.0697330123	0.0363110204	0.136262303	-0.1067359163	0.0909045844	0.0840270943	0.1053892222	-0.1111529847	-0.063717933	-0.0079823338	0.0769784707	0.2031083585	-0.0611284119	0.0920989901	0.0572744289	-0.0801878996	0.0575986247	0.0249720059	0.035425497	0.0871260687	0.0223124241	-0.1612010746	0.0858514355	-0.0681018735	0.1227678535	-0.0220804411	0.003045466	-0.0753568803	-0.0353205596	0.0339227765	0.074065037	0.1150344474	0.0793192108	0.0253220831	0.018021799	-0.084989194	0.1417049501	0.0276829793	-0.0187821126	0.0069026782	-0.0973181755	-0.0690145233	-0.0483469721	-0.0788062229	0.048243733	0.0464544353	-0.1965676756	-0.0916689396	-0.0239113268	0.1348612453	0.042768877	-0.0178320707	0.0572553313	-0.2003293146	-0.0505901085	-0.1085051824	-0.0955456424	-0.0286460289	-0.0203596024	0.0678034327	-0.1191747332	0.0830174142	0.0794538027	0.0998033117	-0.002474372	-0.0715004416	-0.0705260302	-0.2163452136	0.061057535	-0.0337438463	0.0450938692	-0.1040487872	0.0674659071	-0.0119824406	-0.0404870423	0.0033170471	-0.0286360244	-0.0418148412	-0.0760477394	0.0653627587	-0.0062624326	-0.033606022	0.0744103188	-0.0101660671	-0.0328287357	0.161037741	0.0333140968	-0.0340483992	0.0414976565	-0.1024214758	-0.1073422654	0.033413395	0.0030952107693877	-0.0237537389663061	9.580329706933598e-06	0.0005642401148794	-0.0807714175602569	-0.0180455476640445	0.0003256417904953	0.0065240218946933	0.187832479886076	-0.0039459597137465	0.0352810405001531	1.5570598062510402e-05	-0.0022770005304918	-0.0001886976892792	5.184731415859939e-06	3.5606817939309657e-08	-1.0863290977880524e-06	0.0005406825768356	1.180110908701004e-12	2.923376488935974e-07	0.0005149993302574	-0.0002209366549463	4.8813005498904616e-08	2.652243101655706e-07	0.0	0.0	0.0
902.8508458251232	2.785952954728373	815139.6498071403	7.761533865959751	1318.6182069029485	0.9730138329312013	0.9467559190754676	1738753.975575947	838.7085718912055	2.0985229889379298	703432.0685637853	4.403798735100983	989.2002347670676	805.1338028621246	0.979071	32.099243	0.0382890590873602	0.0242641197777984	-0.1255143932	-0.0389626162	0.0670118081	0.1089619197	-0.0077809388	0.1432316658	0.0012787156	0.0938901882	-0.014663377	-0.0914091106	-0.0195086048	0.0354519354	0.1155489444	-0.1478038208	-0.0118672737	0.1760884136	-0.1733767239	-0.115177061	0.019035602	-0.0537093575	0.0072616354	0.0181652214	-0.0155323735	-0.0404964625	0.0811752908	0.0999256714	-0.0799132473	0.0414916161	0.1572934216	0.1631316344	0.009528077	0.0359876095	0.1280348431	0.1464807745	-0.103451536	-0.1591835335	0.1497555917	0.065963454	0.0366783422	0.0335770015	0.0888456702	0.1375488785	0.0835870672	-0.0176027124	0.1139920201	0.022386054	0.0051542125	0.0469164042	-0.1494400949	0.0643391351	-0.0062808706	-0.0275173898	0.0113952297	-0.049084179	0.1646527384	0.0871114275	0.0617329418	-0.1563085972	-0.0543399749	0.0278009416	-0.0143380943	0.1116767764	0.0023313974	0.1333074951	-0.0149135668	-0.0449661176	-0.2230943487	-0.1782900191	0.0857499259	-0.0210229055	0.1481739719	0.0396031726	-0.1483370395	-0.022384554	0.0450515742	-0.0397355232	0.032721016	-0.0689175481	-0.1598388942	-0.1093237045	-0.0661478041	0.0239847556	-0.0998190293	-0.0320633887	-0.1059531686	0.0420464895	-0.0937370127	0.0466302094	0.0300671863	0.0067184069	-0.0274399366	-0.1647833043	-0.0624079544	-0.0838090798	0.0673002192	0.1333273036	-0.0182786222	-0.1267523879	0.0150092322	-0.1391711617	0.0461539286	0.0370172991	-0.0401415295	-0.1115121125	-0.0482699184	-0.1632717812	-0.0876038239	0.0469974897	0.0139129238	0.0143571402	0.0168953606	-0.0078488533	-0.0664046828	0.0520299175	0.0765484492	-0.0368956074	0.1356936341	-0.0362974545	0.0788128767	-0.0863998452	0.0382833527	-0.1063942335	-0.1013839798	0.0462651033	0.0027424415116428	-0.0003527692577448	7.520985444781647e-06	1.2444614920988758e-07	-0.0974804235409863	-0.0167090059807294	0.000279190880864	0.00950243297373	0.1877277515824857	-0.0001047283035902	0.0352417087142154	1.0968017572899985e-08	-0.0022019114299559	7.508910053590032e-05	4.848413945370436e-06	5.638373019290546e-09	-0.0003480663616288	-0.000346980032531	1.2115019209751057e-07	1.2039514297522212e-07	0.0005146173524184	-3.8197783900002e-07	1.4590706948712522e-13	2.648310194101237e-07	0.0	0.0	0.0
904.4563186479804	1.605472822857223	818041.232342257	2.57754298493314	1322.7069045261562	4.088697623207736	16.71744825402459	1749553.5552811662	837.9871804988306	-0.7213913923748123	702222.5146803798	0.5204055409924704	988.2740734392968	809.423686519332	0.994155	32.593781	0.0297033784575727	0.0182483020037417	-0.1858134091	-0.0937959874	0.0331924344	0.0070484838	-0.2170540992	0.1299394586	-0.0762423725	0.0144249395	0.0596690311	-0.1635891864	0.0248449012	0.2138759078	-0.1675432093	-0.0868412561	-0.0042306366	0.198973275	-0.0202780268	-0.1326443273	0.0709397015	0.0563149254	-0.1801911113	0.0142898634	0.0555378302	0.1718420307	-0.0199529854	-0.0191105154	-0.050860632	0.0853185655	0.1445559491	0.0537524223	-0.0057564591	0.0830563208	-0.0877999043	-0.0359275973	0.0511139197	-0.0194591304	-0.0462729514	0.080787303	0.0953098325	0.045311273	0.0779135216	-0.0555292728	-0.148204287	-0.1162626344	0.1831700894	0.0175090761	0.0450233708	-0.0930909774	-0.1300216157	0.0804878398	0.1625003005	-0.0302018126	-0.1342476622	-0.0858254251	0.0217491843	-0.0970352768	-0.1080504678	-0.1380381084	-0.0829600405	0.0241232153	0.0373216883	0.0722973711	-0.0420680765	0.2002663761	0.0208125196	0.0419717849	0.0850467534	-0.1462877609	0.1115148314	0.0960864272	-0.0455462472	0.1017538445	0.0172873868	-0.2087887539	0.0993399177	0.1090835451	-0.0171302412	0.0040216999	0.1224201598	0.0040333903	-0.1110496556	0.0629864997	0.0185304361	0.0226179683	0.0141656108	-0.1627228516	0.0452321509	0.0604347484	-0.0877872193	0.1090870496	-0.1986433576	-0.052347881	-0.0003226712	-0.0493155909	-0.1891406078	-0.0244208545	8.73487e-05	-0.1445228184	0.004786475	-0.2021061019	0.0824345055	0.0508378341	0.167450298	-0.0498185349	0.046670467	-0.1346524824	-0.0018718736	-0.0686995138	0.0348479486	-0.0622912346	-0.0210055183	-0.1020057047	-0.1024902687	-0.0609418556	0.0717111459	-0.0943555382	0.0165172903	0.0943524743	-0.0905519555	-0.0172249741	0.0350428114	-0.1100753719	-0.0948006283	0.0586099215	0.0104531296444463	0.0077106881328035	0.0001092679193636	5.945471148135673e-05	-0.0808222947393488	0.0166581288016375	0.0002774932551719	0.0065322433269341	0.1878376572748124	0.0001099056923266	0.0352829854904898	1.2079261205808925e-08	-0.0022679172359087	-6.600580595280021e-05	5.143448588931759e-06	4.356766419478716e-09	-0.0003495413984382	-1.4750368094000057e-06	1.2217918922213248e-07	2.175733589084949e-12	0.0004776050785645	-3.701227385390001e-05	1.3699084158360903e-09	2.2810661107060227e-07	0.0	0.0	0.0
903.3228351769632	-1.1334834710172572	815992.144552147	1.2847847790693294	1319.0560002951097	-3.6509042310465247	13.329101704273416	1739908.7319145324	835.540444065847	-2.446736432983585	698127.8336697529	5.986519172489235	990.088463114308	812.0752353869211	1.024017	33.572834	0.0672991794284658	0.0332478978525633	-0.1589385585	-0.0956740138	0.2095875373	0.1012420761	0.0401449755	0.0400905	0.059378195	0.0464569674	0.0081733164	-0.0802616566	0.1762817147	0.1409602155	0.0304492078	0.0397416837	-0.173710881	0.0339361797	-0.1648512883	0.2070927124	-0.034946361	0.0311088594	-0.0280034148	-0.0230083352	-0.0925811273	0.0743580149	-0.016143242	-0.0676339811	-0.0004540219	-0.1832071572	0.0302145396	-0.0595502171	0.1413439835	0.0592334933	-0.1637371388	0.0011634403	-0.0420413718	-0.0439977347	0.0194842835	0.1041660033	-0.0511511122	0.0283152882	0.145098687	-0.1010424375	-0.050887579	-0.1549085298	-0.0444066311	-0.1437969173	-0.0380777424	0.0861261584	-0.0464105238	-0.0535168557	-0.1085774227	0.0642742935	-0.029835105	0.0251369054	-0.0317114536	0.0301136771	0.0712609655	0.1439658663	0.0819628967	0.1746046613	0.0086772173	-0.0494273789	-0.2302604775	0.0942795591	-0.0583399983	0.0336959083	-0.1568297113	-0.0475015047	-0.037051661	0.0500901464	-0.044650045	-0.013659244	0.0770012446	0.0294290799	0.0231298546	0.0151306382	0.0058259457	0.0302712387	0.0371389551	0.1054119145	0.0428824135	0.1750058273	-0.0441175585	0.2044271297	-0.0046659948	0.0865220694	-0.0556685684	0.0558643354	-0.1105317872	0.0144033988	-0.2594984935	0.0741252004	-0.041443389	-0.1720404496	-0.1576321938	-0.0360361304	0.0127210811	-0.2544611032	0.085433702	-0.060313741	0.0244401812	0.0281709316	-0.0894011414	0.1083379705	-0.0553722571	-0.0811132696	-0.0108198504	0.0496016666	0.0871389803	-0.0748671285	-0.038925556	-0.0708025026	-0.0261174597	0.0161274304	0.0826287737	0.0049862886	-0.0811852599	-0.0181513272	-0.0259963902	0.0430895574	0.0317782535	-0.1134548014	-0.0876327994	0.0703125971	0.0272361952587942	0.0167830656143479	0.0007418103321751	0.0002816712914155	-0.0610482183954559	0.0197740763438928	0.0003910140952541	0.0037268849692592	0.1797721311919673	-0.008065526082845	0.0323180191533019	6.505271099305432e-05	-0.0020093729468424	0.0002585442890662	4.037579639502112e-06	6.684514940879841e-08	-0.0004460797520222	-9.6538353584e-05	1.9898714516418747e-07	9.319653712709402e-09	0.0005760526636618	9.844758509729996e-05	9.691927011490121e-09	3.3183667131185485e-07	0.0	0.0	0.0
901.8428059527416	-1.4800292242215392	813320.4466487144	2.190486504549811	1321.9132659272998	2.857265632190092	8.163966892894647	1747454.68263458	837.7098575352071	2.169413469360052	701757.805411657	4.706354801040816	992.2649124345866	797.933268792533	1.002802	32.877293	0.06184041891147	0.0356614844884624	-0.063563313	-0.1071576906	0.2045465899	0.0238714191	-0.139642889	-0.0780711164	-0.0623486672	-0.0619342849	0.0097957473	-0.0328501246	0.1657694693	0.0941775595	-0.132205969	-0.0198749479	0.0157371711	-0.0306389271	-0.0355809934	0.1490047347	-0.0153225779	-0.0072773403	0.0594167226	-0.0118386203	0.0567133939	-0.1034961842	-0.0163809978	0.1114697789	0.0196149686	-0.0610216745	0.1486898841	-0.0187806667	-0.0935457734	0.0501929553	-0.1280625941	0.1545050876	-0.0785479891	-0.0165327915	-0.1002159986	0.0920561344	0.1149277275	-0.122984867	0.189844625	-0.003520936	0.1777131128	-0.0771654328	-0.0773044068	0.0491758153	-0.0291182053	-0.1022023816	-0.0632479729	-0.1531716496	-0.1272929656	-0.1282733862	0.1000830157	-0.0656423739	0.0644145839	-0.1167824034	0.259834038	0.0116875043	-0.1262643399	-0.0278169331	-0.0494747502	-0.151108423	-0.1313598448	0.1750071133	-0.0691230979	0.0305071097	0.0603848289	0.0374222946	0.0065599876	0.110501035	0.0936206121	-0.0649148355	0.058238329	0.0188033129	-0.032456017	-0.0808916217	0.0050471684	-0.0730138342	-0.1442260457	0.0629888245	0.0391695262	0.1048277399	0.0945044131	-0.0010287194	0.0666717311	0.0640716927	-0.0585684204	-0.0394964641	0.0597332894	-0.0305431167	0.0372588877	0.0727636091	-0.0183255623	0.0363016696	-0.2490777277	-0.0181747672	0.0300194372	-0.2495756318	0.0679362574	-0.0474896914	-0.0376421239	0.0644615585	0.0790196845	0.0357087807	0.0479208486	0.0679948285	0.073330329	0.0355466362	0.0430954838	-0.0070738314	-0.0416024248	-0.0647250334	-0.1093037048	0.1395008244	-0.0140463666	0.0362320018	-0.0183698003	-0.0210356763	0.0987417842	-0.0693885834	0.0284919163	-0.1165232592	-0.0799246852	0.0812449131	0.0274226207612855	0.0001864255024913	0.0007520001294172	3.4754467979134645e-08	-0.0341912696515436	0.0268569487439123	0.0007212956958331	0.0011690429203845	0.1845954290696738	0.0048232978777064	0.0340754724334169	2.326420241708798e-05	-0.0020890019395406	-7.962899269819967e-05	4.363929103404388e-06	6.340776478129937e-09	-1.179969662201685e-06	0.0004448997823599	1.3923284037163588e-12	1.9793581634397386e-07	0.0006509988243508	7.494616068900008e-05	5.616927002021421e-09	4.237994693061238e-07	0.0	0.0	0.0
900.3586192472974	-1.4841867054442446	810645.6432528999	2.2028101766174406	1316.4569156007617	-5.456350326538086	29.77175888591228	1733058.810633071	840.0744521664435	2.3645946312364003	705725.0851827501	5.591307770072008	989.1922614487106	791.6924836479495	0.968685	31.758753	0.0590373535102095	0.0303855541307495	-0.0332690085	-0.112137012	0.2176235325	0.1792627119	0.0443746037	-0.0454176821	0.0481468788	-0.0988369137	-0.0017010742	-0.0307690663	0.087734259	-0.0123280087	-0.0439030405	-0.0691428151	-0.1784534877	-0.06995857	-0.0372550981	0.1718788735	-0.1404079562	-0.030071105	0.0206634734	-0.0475325305	0.063907884	-0.0959332781	-0.0645325283	0.0863557319	-0.0001041635	-0.1430187438	0.1070290208	-0.0850181287	0.0208374038	-0.0110937042	-0.0429501674	-0.0152542216	0.1066819122	0.1576552215	-0.092250237	-0.1172695349	0.1203024896	0.0089142516	-0.0064485249	0.0190946913	-0.1851749401	-0.0954273733	-0.0236907852	0.1298232713	-0.0075895795	-0.0634946315	-0.1033260646	-0.0416232031	0.1768226013	0.0695973177	0.1052465371	-0.1358381094	0.0293284761	-0.0079575203	-0.0291198674	-0.0387096276	0.100416123	-0.0132194957	0.0367884624	-0.0973357642	-0.1411161708	0.1320317963	-0.0400591656	0.0360428739	-0.1304903648	0.1539407388	0.0557074125	0.1115734724	0.000265971	-0.087369305	-0.0728650572	-0.0626247571	-0.0681318499	-0.0188282041	0.0196701985	-0.1121474125	0.0868147325	0.0922445984	0.0387779398	0.065446979	0.036165434	0.0419525368	0.0040585007	-0.0499718518	0.0022156197	-0.110996084	0.0439094737	0.0331427182	-0.0043734794	0.0671478164	-0.1007903954	0.049939839	0.0638959363	0.0504680827	0.0400813241	-0.2517156585	0.0623666279	-0.022370765	-0.0417399249	0.1382957216	-0.1240031812	0.0580823537	-0.0005434047	0.054383362	-0.036909602	-0.0816542785	-0.0066421704	0.0050891387	-0.0321307398	0.0445860956	0.0079279062	0.0350829646	-0.1932795405	0.032491783	0.0230617621	0.0578708785	0.043447231	-0.1215573188	0.0251860523	-0.1192723348	-0.0717238087	0.0912870929	0.0345210540580467	0.0070984332967612	0.0011917031732785	5.038775526856808e-05	-0.0340332303903636	0.0001580392611799	2.497640807432024e-08	0.0011582607708035	0.2099007703859072	0.0253053413162334	0.0440583334085973	0.000640360299131	-0.001922922806577	0.0001660791329635	3.697632120053966e-06	2.7582278405941113e-08	-0.0001907930226863	-0.000189613053024	3.6401977505774986e-08	3.595310987711952e-08	0.0008248174310838	0.0001738186067329	3.0212908046601295e-08	6.803237946196791e-07	0.0	0.0	0.0
900.9276092498096	0.568990002512237	811670.5571085777	0.3237496229588754	1316.9648199630658	0.5079043623040889	0.2579668412475231	1734396.3370203504	836.5724564095123	-3.501995756931251	699853.4748230453	12.263974281564485	992.6953200186708	787.3095530899117	1.025465	33.620319	0.0681137786287789	0.0367172093634237	0.0189808672	-0.1316738978	0.1640490739	0.104670787	-0.2191247315	0.1147471802	0.0489288346	-0.1279012822	-0.0753670296	-0.054057449	0.1569090121	-0.1141861604	-0.0986627751	-0.1832332256	-0.0208208179	0.0877643754	0.0554291097	0.0652424494	0.1023679501	0.0085912866	-0.0584578276	-0.0997268339	0.0845332528	0.0692666029	-0.1149874932	0.14301673	0.0195914853	-0.0642197946	0.1301184445	-0.0003605303	-0.0793471879	0.0185793183	-0.156409431	-0.039533347	0.0303104099	0.0332506719	0.0673413321	0.0072145757	0.002061885	0.0103146935	-0.0590195435	0.0881961685	0.0422072088	-0.0626004153	-0.0086013688	-0.0310483701	-0.0210407149	0.019771717	0.1103298308	0.1089576441	0.1261339571	-0.0707115197	0.054407692	0.0828578688	0.0305760115	0.1511574564	0.0020312027	-0.0456293878	0.0378062762	-0.0577871497	-0.1130140243	-0.0922514511	0.0910932458	0.250387381	-0.1743468996	0.058789422	0.0262219859	-0.0097266837	0.0212583657	0.0827297794	0.0597906267	-0.056802459	0.1277358562	0.0476417914	0.0121344805	-0.0414653505	-0.0652865291	-0.0995151543	-0.0797606332	-0.0619895151	-0.0596628648	-0.0392946104	0.0066195999	-0.1414440618	-0.0312503172	0.0573942125	-0.1190738779	-0.1347656464	0.0529001795	0.0975063968	-0.0320614522	-0.117579974	0.0323400869	0.1659764826	0.0150972057	-0.0716619399	0.064397206	-0.1956771291	-0.1010563819	-0.2579163135	-0.0134467656	0.0334976274	0.0022476402	-0.0348476712	0.0260135707	0.1256729136	-0.0686036868	-0.0641326423	0.0174768866	0.0057640994	-0.0193082501	0.1335629051	0.0773443642	0.0818986025	-0.186954305	-0.0784791411	-0.1206943035	0.1186116076	0.120997137	0.0431922405	0.0218629269	-0.1216944932	-0.063080731	0.1003291122	0.0431232314148104	0.0086021773567636	0.0018596130876552	7.399745527721807e-05	-0.0421497837138531	-0.0081165533234894	6.587843785304841e-05	0.0017766042671245	0.238531117209483	0.0286303468235757	0.0568970938772041	0.0008196967592382	-0.0021459013761192	-0.0002229785695422	4.604892716030276e-06	4.9719442475085744e-08	-0.0001931317947705	-2.33877208419999e-06	3.7299890151274533e-08	5.469854861833165e-12	0.0010547941119564	0.0002299766808726	5.288927374517773e-08	1.1125906186178906e-06	0.0	0.0	0.0
899.26607324604	-1.6615360037695837	808679.4704913523	2.760701891822598	1313.9691757681485	-2.995644194917304	8.973884142541742	1726514.9948688275	839.8981961397184	3.325739730206124	705428.9798787528	11.0605447530715	992.8090724430994	776.803530760624	1.153197	37.808064	0.1483379182013869	0.0778548623348734	0.0470212379	-0.121330455	0.3155614611	0.198004496	-0.0940640437	-0.2414524635	-0.0875405721	0.0787394701	-0.068837353	0.0342579113	0.1795913103	0.0529464326	-0.0570442397	-0.2331270025	-0.1162486753	0.1719331141	-0.0772135909	0.0466472803	-0.092560583	-0.0890833389	-0.0607202858	-0.0018479469	0.2049730793	0.0198651418	0.0996655471	0.3485725553	0.0687944872	-0.0751880483	0.0839025419	-0.0331468364	0.0922342133	-0.0036854943	0.0281222557	0.0374793687	0.0445358146	0.1028623098	-0.0403049066	-0.1089981001	-0.0340003818	-0.1471163916	-0.0170205966	-0.0369010916	-0.0754916358	-0.0181329592	-0.071308894	0.2128815535	-0.1438683273	0.0855187387	-0.0751615477	0.0154112162	-0.0589051574	0.2392221224	0.0553480154	0.0442705968	-0.0161435492	-0.0389653914	-0.2261861272	-0.0851675564	0.1391488954	-0.0592619616	-0.1353963871	-0.2196864978	-0.1473474261	0.2794285154	0.0849704812	-0.0189963009	-0.1752834613	-0.0120021667	0.0416439175	0.053141429	-0.0151584047	0.1179130803	-0.0434360748	0.079125569	0.034243524	0.1238648015	-0.1799552935	0.1964472202	0.2649979775	-0.093650908	-0.0667688054	-0.0202473249	0.0194004188	-0.1935151435	-0.0686638917	0.1307841732	-0.0718049503	-0.1685101355	-0.1003361471	0.1081018596	0.1645327147	-0.0858835172	0.08250677	0.0254578363	0.1846560265	0.1478332722	0.0103500809	-0.4004409172	0.1028515038	0.1266522311	-0.035229468	0.0686684386	-0.0766767736	-0.1254461219	0.107976894	-0.1830256484	-0.0607178372	0.0525624197	-0.0728307152	-0.0523056004	0.1129655563	0.0918938448	0.0462718272	0.0136768409	-0.0580756447	-0.1755536666	-0.0940102048	-0.2453658118	-0.1365025069	0.1261075071	0.0185248178	-0.1237830955	-0.0540487397	0.1082719048	0.0373726371749398	-0.0057505942398706	0.0013967140094096	3.306933411163293e-05	-0.0595467650364582	-0.0173969813226051	0.000302654959139	0.0035458172263071	0.177937427199204	-0.060593690010279	0.031661727998272	0.0036715952690617	-0.0016140015756454	0.0005318998004738	2.605001086185833e-06	2.829173977440683e-07	-8.930091428549503e-07	0.0001922387856276	7.974653292225329e-13	3.695575069959167e-08	0.0004869996454852	-0.0005677944664712	3.223905561553147e-07	2.371686547027105e-07	0.0	0.0	0.0
902.726160398302	3.4600871522619627	814914.5206674609	11.9722031012483	1325.5714767615832	11.60230099343471	134.61338834225606	1757139.7400038843	840.2433686163317	0.3451724766133566	706008.9185037208	0.1191440386113982	992.2374177417348	785.6434886342207	1.33494	43.766563	0.460730200608794	0.2808884164185232	-0.0375635558	-0.0307221917	-0.1793201211	-0.0938944938	-0.0056505463	-0.1953945853	-0.1020431805	-0.102861093	0.1076789156	-0.1265685849	-0.0731393846	0.0049300087	-0.1202869575	0.2049822611	0.064280002	-0.2674614897	0.0018496483	-0.0142771167	-0.1836661081	-0.0852619201	0.2725434466	0.1142430562	0.1513857358	-0.0143571492	-0.1545231609	-0.0848992252	-0.0488847857	-0.1049208212	0.0086932459	0.0562365493	0.086895208	-0.0410384706	0.0727526596	0.091043724	-0.1306357199	-0.0243759037	0.1478582362	-0.0124610036	-0.0738050077	0.1835636607	0.0127300234	-0.0932995122	0.071516911	0.2055495281	0.0432283205	0.0917939601	0.0829748065	-0.0577834671	0.0453376815	0.0284806145	-0.0703831865	0.0806794931	-0.0685507431	0.0368396883	-0.1713301912	-0.1173665644	-0.1702943208	-0.0530738901	-0.117846132	0.1215396067	0.1892203675	-0.0119616108	-0.0668989108	-0.0362949122	0.0271715671	-0.0316265059	0.2703027055	0.103691239	-0.2659812752	-0.1751834681	0.0237258879	0.2256279742	-0.1748593269	0.1976311617	-0.1070623996	-0.0988613728	0.0099993799	0.0126204763	-0.2270391141	0.1387982358	0.1454155577	0.0985935995	-0.0307129727	-0.0937337326	0.1452439983	0.1556036973	-0.0643471888	-0.1302505282	-0.0810473089	0.071281468	0.0612419005	-0.0434323917	0.0842798895	-0.1274362197	-0.042571771	0.1290887545	-0.0104560919	0.1099582275	0.1387090073	0.1799537671	-0.110343461	0.0664369161	0.1850999604	0.1333579135	0.0603240394	0.0516219454	0.0296702233	0.0131259139	-0.2191982342	-0.0863568007	-0.0989317057	-0.0472602311	0.0845731967	0.0848972722	-0.0439863572	-0.0144626131	-0.0442875238	0.0530946092	-0.0195982215	-0.1463985549	0.0151740128	-0.1255324169	-0.0446835199	0.1150284477	0.0395204735112173	0.0021478363362774	0.0015618678265508	4.61320092743395e-06	0.0223602186937341	0.0819069837301923	0.0067087539837779	0.0004999793800316	0.409170850234851	0.231233423035647	0.1674207846819108	0.0534688959287824	-0.003868850247457	-0.0022548486718115	1.496800223724809e-05	5.084342532770535e-06	-0.000602045979926	-0.0006011529707831	3.624593619450576e-07	3.613848942814009e-07	0.000539837153024	5.283750753879997e-05	2.791802202912743e-09	2.914241517850576e-07	0.0	0.0	0.0
903.441114898272	0.7149544999699629	816205.8480886327	0.5111599370272996	1322.300032141321	-3.271444620262173	10.702349903442313	1748477.3750009383	838.7558641413028	-1.4875044750289137	703511.3996314236	2.212669563231044	990.1858194874496	802.8016135074632	1.047558	34.344646	0.1525613262738632	0.1050774084477644	-0.1251751181	0.0256619794	-0.0907180389	-0.0934016231	0.1720578331	-0.0978807309	0.1400461844	-0.1398905933	-0.0387143914	-0.1672575477	-0.0901609582	-0.0447884496	0.1394381981	0.1552417707	0.0194876833	-0.07404569	0.1113872471	-0.0888219419	-0.0693383145	-0.0510018297	0.0334557898	0.0590306527	-0.0030559189	-0.0391791542	-0.0870521142	-0.2376912438	-0.0069050226	0.0217748611	0.1148374202	0.0295528557	-0.0591523801	0.0185152436	-0.0774821863	0.0072465165	-0.0094575676	0.0827744716	-0.0944975859	-0.0330855153	0.028211964	-0.041652691	-0.0566823751	-0.0784754886	0.1155797095	0.0743386932	0.0714259635	0.0656649939	0.1532030632	-0.1872735055	-0.0001903484	0.1007161235	-0.0138703482	0.0819589609	0.0872846172	0.1544501411	0.2350921144	0.0630548207	-0.0682979955	0.2539587358	-0.0266281203	-0.0626744662	0.1175532951	0.2699965458	0.0033081905	-0.0882828744	-0.1263292007	0.0462025574	0.0347221727	0.053350807	-0.0214151694	0.0597002484	-0.0729565705	-0.0790328828	-0.1151267584	0.0125471277	-0.0539625111	-0.0501073657	-0.2031538442	-0.0012535147	-0.0935543843	0.0057820629	-0.0153448779	0.0549567081	-0.2042302469	0.0928393953	0.0695074128	0.1700159673	-0.0721813848	0.0572234115	0.039413607	0.0809482106	-0.0126768808	0.0472548199	0.1113590278	0.1012604257	0.1428163909	-0.0506113734	-0.017931306	0.128966443	0.0400784892	0.0054985567	0.0034961489	0.0781227227	-0.0413076133	0.2246999061	-0.0352368607	-0.0494849532	-0.0564578996	0.0138238699	0.0406605951	-0.1301050419	0.0479957529	-0.0072792386	0.0315431956	0.033380514	0.1233929592	0.0361087395	-0.0326251818	0.049306503	0.0521735176	0.0319423534	0.0118128082	-0.1269376627	-0.0350428114	0.1205247148	0.0427632078970674	0.00324273438585	0.0018286919496478	1.0515326297174618e-05	-0.0791911928089632	-0.1015514115026973	0.0103126891781901	0.0062712450185063	0.4239138772494968	0.0147430270146458	0.1797029753247014	0.0002173568455545	-0.0039508807738465	-8.203052638950043e-05	1.560945888914992e-05	6.7290072597385265e-09	-0.0003136405619192	0.0002884054180068	9.837040208099153e-08	8.317768513567705e-08	0.0008298842760411	0.0002900471230171	8.41273335704968e-08	6.887079116202607e-07	0.0	0.0	0.0
901.627797623107	-1.8133172751649909	812932.6854466944	3.2881195404117878	1318.0777608661751	-4.222271275145886	17.827574720922065	1737328.98368999	837.8252783256083	-0.9305858156944852	701951.197001383	0.8659899603717701	989.849857770581	793.9835970583518	0.967049	31.705107	0.113313776156399	0.0538466952291283	-0.0745591813	0.0350543257	-0.1418701247	-0.0757790098	0.0658832223	-0.0730883994	-0.120995738	-0.0806843201	-0.020572224	-0.1161335455	0.0292357746	0.0087868393	-0.0154998458	0.0535521678	0.143485959	-0.0912636703	0.1075062935	-0.087419426	-0.0836912731	0.0441611318	-0.1600080842	-0.0367532108	-0.1257210294	-0.0980204364	0.2003676865	-0.0727330699	-0.0118983799	-0.1927130515	-0.1287925731	0.1069180499	0.0724602619	0.0689176426	0.0121539726	-0.0123735791	0.1193864933	0.0509610725	-0.0469477968	0.1180036846	-0.1289590002	-0.1132935787	-0.0098347549	0.0182448615	0.0861517889	0.1121210903	-0.0054826753	-0.0331259941	-0.0168070995	-0.0913489106	0.1507890513	0.1408675894	0.0444478689	-0.1578619855	0.0583642405	-0.0750058385	-0.1237779686	-0.0749684587	0.0025801048	-0.0516816984	0.115135371	-0.1434350181	0.0544779343	0.0674072978	-0.0237743598	-0.026971831	-0.0545748803	-0.045367885	0.186171938	0.0329164112	-0.1067393417	-0.0112727632	0.0216552042	-0.0511874854	-0.062261227	0.0146822291	-0.094031929	0.0849369566	-0.0453075544	-0.0055780629	0.0846344246	-0.2080600889	-0.1024244952	0.0033671118	0.1081013319	0.0858039758	-0.199953144	0.0184424553	-0.0447183084	-0.0285611327	-0.0425184231	0.0733931837	0.1463592736	0.2027755259	-0.1153293125	-0.0337074583	-0.028512089	-0.0822427077	-0.0303502451	0.1431844598	0.0658358543	0.0716259171	-0.1309478168	0.1190142341	0.1520046289	0.142367103	0.0407776739	-0.0332064445	0.0458014227	0.0256382156	0.0031952195	-0.0627859427	0.050559525	-0.0381543195	0.0252910031	0.0021446778	-0.00278932	0.0168797412	0.0886991442	-0.0021175936	-0.02159799	-0.0060981829	0.0084435077	-0.1279949812	-0.0251860523	0.124700488	0.027464164742426	-0.0152990431546413	0.0007542803449991	0.0002340607214475	-0.0669407181721908	0.0122504746367723	0.0001500741288262	0.0044810597494086	0.4589089895575071	0.0349951123080102	0.2105974606966921	0.0012246578854502	-0.0044759030181472	-0.0005250222443006	2.003370782785921e-05	2.756483570105433e-07	-0.000460089431074	-0.0001464488691548	2.11682284585997e-07	2.1447271276719742e-08	0.0004859724683571	-0.000343911807684	1.1827533146447665e-07	2.361692400010926e-07	0.0	0.0	0.0
901.3037653833712	-0.3240322397357431	812348.4774942431	0.1049968923881621	1320.6342540461355	2.5564931799603983	6.53565737918403	1744074.8329599928	835.9908277797078	-1.834450545900495	698880.6641318011	3.365208805354624	989.7111063642838	790.4763608821304	0.95758	31.394651	0.0426030695977013	0.0236212238711268	-0.0239965721	0.0651715299	-0.0357687927	-0.0604629492	0.1987625148	0.0430534854	0.095401119	-0.0479632097	-0.0189832098	-0.0263798872	0.0372329544	-0.0760584162	0.1818897512	0.0343541394	-0.0347037075	-0.1647144293	0.08319193	-0.0937888252	0.0709380739	-0.0798499952	-0.0841867906	0.0484927602	-0.0572513675	0.0053983385	-0.083868249	0.028738872	0.0821060165	0.063369754	-0.0263558992	-0.0801473077	0.0584200048	0.0513896477	0.1664992509	-0.1538013064	-0.0332228415	-0.0052619463	0.081188094	-0.0879734015	-0.1202100282	-0.0497538643	-0.1494638749	-0.0456257517	-0.0317601061	0.0892990996	-0.1545990659	-0.0108942846	0.1425821761	-0.1638392577	-0.0091354811	-0.1597853537	0.0174072601	-0.0065941591	-0.0919032171	-0.0034626339	0.2218360423	-0.0278191297	-0.0613517504	0.049204109	-0.0204894299	-0.0172711643	0.0043498592	0.0662079425	0.0406278068	-0.2201540326	-0.1159559801	0.048546318	-0.0386281915	0.1376816205	0.0530157401	0.0380155411	-0.0182956641	-0.0373019795	-0.0582056853	-0.0662560253	0.0231821926	0.0626610528	-0.1294173676	0.1024720322	-0.0485460116	-0.0589056113	0.0526309831	-0.0273794861	-0.0863006026	0.0888331975	0.1114236852	0.0188205419	-0.0976708596	-0.0609621007	-0.0339442835	0.0325818216	0.0265536317	-0.1248205441	-0.0401765628	0.0176395254	-0.007460397	-0.0158012693	-0.0236767221	0.1571279959	0.0057260252	0.0217111189	-0.0471131705	0.0570518187	-0.0835585226	0.1672311925	-0.0899210953	0.0210012891	-0.0573152713	-0.0134021725	0.0633841247	-0.1047622102	0.0676213734	0.0802872877	0.0300241582	-0.027313268	0.0763160912	0.0634940336	-0.0260863766	0.0699899304	0.0387696327	0.1950058604	0.0050684204	-0.1287014744	-0.0151740128	0.1275100165	0.0429648132608662	0.0155006485184402	0.0018459751785411	0.0002402701044922	-0.0691588974618895	-0.0022181792896986	4.920319361248212e-06	0.0047829530981441	0.4764431057714446	0.0175341162139375	0.2269980330371399	0.0003074452314038	-0.0043858954632034	9.00075549437997e-05	1.9236079014148167e-05	8.101359946961123e-09	-0.0004970236306491	-3.693419957509996e-05	2.4703248942361297e-07	1.364135098253314e-09	0.0004659117113635	-2.0060756993599987e-05	4.024339711562708e-10	2.1707372278566538e-07	0.0	0.0	0.0
899.2573104806182	-2.0464549027529984	808663.710452835	4.187977669001784	1317.049043525576	-3.5852105205594853	12.853734476730416	1734618.1830516348	837.4087599880525	1.4179322083446095	701253.4313047277	2.0105317474610214	991.0068097012409	781.959943213698	0.949958	31.144781	0.048096402435346	0.0267146212538258	0.0462442953	0.0786959459	-0.0782642891	-0.0655679424	0.0433694573	0.0103218178	-0.0602182423	-0.1066377007	0.0062304735	0.0627308081	0.0620822207	-0.0816288289	0.0186942313	-0.034922169	0.0516227983	-0.1107371447	0.0635414729	-0.0285086289	0.0636885712	-0.0333881346	-0.0137168577	-0.0136106829	-0.1283456593	-0.0969284132	0.0552923249	-0.0276279927	0.1088231481	-0.0626184459	-0.0623685344	-0.0191203189	0.0276990499	0.0325933376	0.0244532394	-0.0342305982	0.103365706	-0.064053672	-0.0741059876	0.0020796089	-0.1211902039	0.0423116992	0.0681357817	-0.0937028317	-0.1330479322	0.0756173152	-0.0385997068	-0.0187181601	-0.0492103733	-0.0755034316	0.0775620354	-0.014958478	0.0084088483	0.0494269852	-0.1160948666	-0.025620612	-0.0758762138	-0.0731727153	0.0191140812	0.0788837879	0.1207088019	0.0447476129	-0.0517055212	-0.0684615242	0.0910174557	-0.1040661748	-0.0267936598	-0.0092760816	0.0897537176	0.0344608551	0.0312321758	-0.0291648072	0.0582909725	-0.0760057355	-0.0265769868	0.065713136	-0.0600248462	0.0502735506	-0.0599135841	0.171121069	-0.0059846003	0.0651496336	-0.0057412231	-0.0297925825	-0.0157687856	0.0321656216	-0.0436809647	-0.0973317981	0.019030205	-0.1280589612	-0.1299192491	-0.1389176602	-0.0262295344	0.0053937282	-0.0247929495	0.0579280965	-0.0427665111	0.0400070933	-0.0327787479	0.181392439	-0.0482474742	-0.0460732229	-0.0956973036	0.0721719487	0.0578630825	0.0388030796	0.0607223231	-0.0118430593	0.104184383	0.0724143809	0.0618756152	-0.0971721826	0.0606321075	-0.0618760102	0.0052038954	0.1090097411	0.0362342546	-0.0451279297	0.151462001	-0.063209508	-0.0020106209	-0.0553212571	0.0016898595	-0.1290552057	-0.0050684204	0.1289225186	0.0451692061754158	0.0022043929145496	0.0020402571865172	4.85934812171649e-06	-0.067550681407269	0.0016082160546204	2.586358878339121e-06	0.0045630945585863	0.4914043254755356	0.0149612197040909	0.2414782110960661	0.000223838095034	-0.004714956767137	-0.0003290613039335	2.223081731597099e-05	1.0828134174648105e-07	-0.0002521297729769	0.0002448938576721	6.356942242138314e-08	5.997300152557175e-08	0.0004784080249994	1.249631363589999e-05	1.5615785448678002e-10	2.2887423838382653e-07	0.0	0.0	0.0
898.1615493699343	-1.0957611106839522	806694.1687666009	1.2006924116873283	1315.073860837527	-1.975182688049017	3.9013466511685406	1729419.2594581195	837.5273344821888	0.1185744941363964	701452.0360048403	0.0140599106597023	990.635055183458	770.1799396737274	0.947783	31.07346	0.0390507742728049	0.0200404296951823	0.109285227	0.1130210778	-0.0644286429	-0.0342384775	0.1675644608	-0.0058058566	0.0466238898	-0.1199603879	0.0194743204	0.0782441272	-0.0499841215	-0.1159728439	0.0659802456	0.0492476488	-0.0101531651	-0.1411294117	0.0306811138	-0.1171970292	-0.0113913789	0.0241909359	-0.0173798325	0.0114903131	-0.0040850159	0.0202170315	0.0758474915	-0.0005525403	-0.0522629068	0.0583040289	-0.0385226222	-0.0124823748	0.0677121153	-0.0955467055	-0.0877734586	-0.0131408154	-0.0252754391	0.1072811854	0.1300222564	-0.1924328909	0.0825740448	0.1378338988	-0.1141434648	0.1346457425	-0.1464435512	0.0521445073	-0.0116906766	-0.1887723055	0.0312831644	-0.0100587775	-0.0208270176	0.0073974194	0.0022687629	-0.135512977	-0.0155830171	0.0868648926	-0.0302387893	-0.1112871091	-0.0086552017	0.0058511044	-0.0168319163	-0.1031500971	-0.0280393444	-0.0091254946	0.0752843663	-0.1583947912	-0.0342891058	-0.0566032802	-0.026104446	0.1597417011	0.0031199081	-0.0147673434	0.016156289	0.0062285631	-0.006563175	-0.083022213	-0.0590663198	-0.0506384884	-0.0198280738	0.0785068661	-0.0186084738	0.1070991405	-0.0691449174	0.0090980947	-0.0946664804	-0.156260043	-0.058828708	0.0102907919	-0.0260586608	-0.0930476955	0.1540108374	0.0020895439	-0.0680999686	-0.0928489605	-0.0332338673	-0.0168772773	0.0742691182	-0.1856954183	-0.0390865439	0.1825382714	-0.0770488807	0.0268627562	-0.0154674572	0.1068197	-0.1667772086	0.0711957013	-0.0043715092	0.000425876	-0.0069678726	0.0072940142	0.0588158705	-0.1794748553	0.0289362665	0.0592502253	0.0857751232	-0.0131550954	0.08792989	0.0698060987	0.0122642883	0.0089536924	0.0006681085	0.0034609982	-0.0016898595	-0.1290552057	0.0050684204	0.1289225186	0.0408154755711791	-0.0043537306042367	0.0016659030461015	1.8954970174267283e-05	-0.0584578139658731	0.0090928674413958	8.268023830679755e-05	0.0034173160136686	0.506604833429833	0.0152005079542973	0.2566484572544688	0.0002310554420686	-0.0048604550311093	-0.0001454982639722	2.3624023109435704e-05	2.116974481895301e-08	-0.0002880995717506	-3.596979877369997e-05	8.300136324287911e-08	1.2938264238204675e-09	0.0004518027222879	-2.6605302711499984e-05	7.078421323705485e-10	2.041256998667573e-07	0.0	0.0	0.0
898.4231502824128	0.2616009124785705	807164.1569633749	0.0684350374096207	1313.6019909044835	-1.4718699330435356	2.166401099797582	1725550.190508223	836.3265143868205	-1.2008200953683854	699442.0386664086	1.441968901440538	989.2233683039752	770.2075562276113	0.928653	30.446278	0.066578873972936	0.0305894247573556	0.1045293414	0.1020294489	-0.1303852831	-0.0212763748	-0.0240612904	-0.0121721917	-0.0704983702	-0.1272411825	-0.0367904594	0.0913079148	-0.0740970707	-0.0536562114	-0.0121465212	-0.017286956	0.0539010951	0.0181540722	0.0163991326	-0.1314134837	-0.0070048211	0.06110664	-0.04928102	0.0655171569	-0.0664964473	-0.1104419504	0.055520994	-0.0666145174	-0.002502447	0.079924799	-0.1037368489	-0.1139839904	-0.0226277287	0.140574275	-0.0721597039	-0.1496536967	-0.1193548186	-0.0908985287	0.0250917649	0.0874070082	0.1500821786	0.015692278	-0.069443121	0.1534022817	-0.0060460214	0.0727927565	0.0528295801	-0.0019942916	-0.1941520883	0.0287012569	-0.2105642017	-0.1157581988	-0.0129182376	-0.0625203747	-0.1256143893	-0.0951901391	-0.0323725604	-0.1212247926	0.0772244353	-0.0548501885	0.1075075024	-0.0871556429	-0.0325253357	-0.0068976759	0.1289702385	-0.1048924894	0.0821291286	0.0014434946	0.0900271948	0.0308199582	0.0018389752	-0.080237265	-0.0035850007	-0.0569086148	-0.1018063266	-0.0251582312	0.1974553423	0.0330742166	-0.1183237509	0.0196232671	0.0083754163	0.023208447	-0.0546863821	0.0248328833	0.0593180627	-0.0256919386	0.0668744841	0.0210385879	0.164708125	-0.0122722891	-0.0218501834	0.0530487898	-0.0039926489	-0.0130686463	-0.0681127224	0.0432760549	0.03029835	0.0214052063	-0.0270694286	0.1484665077	-0.0933753508	0.0124525275	-0.0800034841	0.0176461443	0.0472010562	0.0003559792	0.1057166589	-0.0825005098	0.0960460679	0.0994075382	-0.0084714957	-0.0305304002	0.0180202475	0.0089454293	-0.0435631885	0.0733521599	0.0388297877	0.013739468	0.0765672227	-0.0705002804	-0.0199444824	-0.0944554064	-0.0050684204	-0.1287014744	0.0151740128	0.1275100165	0.0452413644060953	0.0044258888349162	0.0020467810533251	1.9588491979035893e-05	-0.0730661675975881	-0.014608353631715	0.0002134039958292	0.0053386648473988	0.5200685595481929	0.0134637261183598	0.2704713066305322	0.0001812719209902	-0.0048002892919258	6.016573918350005e-05	2.304277728617749e-05	3.6199161714969526e-09	-0.000608310777336	-0.0003202112055854	3.700420018231285e-07	1.0253521618245529e-07	0.0007530438852779	0.00030124116299	9.074623827956776e-08	5.670750931544351e-07	0.0	0.0	0.0
898.8888514023924	0.4657011199795988	808001.1671755124	0.2168775331502527	1315.562508268506	1.9605173640225075	3.8436283346337614	1730704.713161723	836.3213073995263	-0.0052069872941729	699433.329210453	2.7112716681678065e-05	989.579287325339	770.3823527314738	0.926705	30.382421	0.1014777993345687	0.049918546040966	0.1111004965	0.0935463985	-0.0517495133	-0.0122932098	0.1359542945	-0.0093655381	-0.0019023978	-0.0689837426	0.0531760228	0.1539032355	-0.1070961912	-0.0162874321	0.1260573251	0.0787772793	-0.0118194716	0.0134314858	0.0020735883	-0.1184465114	-0.0116681704	0.0203806431	-0.1666953959	0.0384600771	0.0617382098	0.0272431776	0.0751113867	-0.058031097	0.001658382	0.0730417564	0.0511706337	-0.0387561394	0.0338492815	0.0854280244	0.0483183185	-0.0410652406	0.0108772765	-0.1116180174	0.0476186144	0.0961064323	-0.0962085255	-0.1321021367	0.0198892154	0.0933018222	-0.0061861362	0.1030627102	0.0028201765	0.0229401168	0.1043723967	-0.0327631704	0.0016987784	0.104525731	-0.1073575799	0.1328740648	0.0244660805	-0.0329379108	-0.0520500146	-0.0428336011	-0.0297069357	0.0485600694	0.0314331778	0.1539782788	-0.0070925994	0.0150322105	0.0787789789	-0.1920032648	0.0884345141	0.0128008213	-0.0621484682	-0.0290962887	0.0060715138	-0.0620700235	-0.0368178631	0.0078016216	-0.0465347164	-0.0963323608	-0.0089763269	0.0673484329	-0.0293365338	0.0173148969	0.0673105134	-0.0261632167	-0.122624586	0.0147943217	-0.0416891908	0.0077368474	0.0072064073	-0.0372702835	-0.0850174987	-0.0415051654	-0.0163842651	-0.0891340413	-0.0443049233	0.0512903346	-0.0896290357	-0.0161211997	-0.0127962456	0.0045144824	-0.0128513672	0.1204962993	-0.0681678224	0.1163833794	0.0438576996	0.0221878579	-0.1028770567	-0.0280731055	-0.0437179819	-0.0562069008	0.0477153226	-0.0514995137	-0.0482842617	-0.0329097442	-0.0058145075	0.1045568452	0.0200090131	0.0094498198	0.0519302484	0.0342764724	-0.0196293405	0.0256452754	-0.0842399693	-0.0755517335	-0.0084435077	-0.1279949812	0.0251860523	0.124700488	0.0650226830742326	0.0197813186681373	0.004227949314172	0.0003913005682503	-0.0411077766856635	0.0319583909119246	0.0010213387496793	0.0016898493040383	0.508402694672661	-0.0116658648755318	0.2584732999504229	0.0001360924032941	-0.0043188288882676	0.0004814604036581	1.865228296613476e-05	2.3180412029071617e-07	-0.000432352555616	0.0001759582217199	1.8692873234768638e-07	3.0961295790864684e-08	0.0008570697574792	0.0001040258722013	1.08213820872412e-08	7.345685691854547e-07	0.0	0.0	0.0
900.8575384441295	1.9686870417370983	811544.3045716163	3.875728668303567	1314.3619557725197	-1.2005524959863578	1.4413262956190738	1727547.350782163	840.1570888693059	3.8357814697795902	705863.9339773468	14.713219483904474	991.6450914384252	774.6631796114114	0.948922	31.110796	0.0595466897286429	0.0406030417717011	0.0736429755	0.0407125143	-0.1124252043	-0.0020721857	-0.0289656273	0.0097155818	-0.0535386223	0.0426737093	-0.0206666799	0.0657845374	-0.1086865462	-0.0264868014	-0.0380276468	0.0044482521	0.0484811986	0.035302728	-0.0780932469	0.0194799229	-0.029746765	0.036073386	0.0326853112	0.0652328578	-0.0446170879	-0.0659336559	0.2027418924	0.0611431512	0.0435718121	0.1971375429	0.1186754599	0.1018470596	0.0293632568	0.0231384593	-0.0651976613	0.1758836276	-0.1263101885	0.0021255194	-0.0111043417	0.0110533059	0.0199843383	0.2278538301	-0.0649153583	-0.0712599702	0.1093422143	0.0642477147	0.111353511	0.0714072231	-0.0172761989	0.0396792618	0.0540596902	-0.0218226674	-0.0963104412	-0.0198730784	0.0221044238	-0.0131527006	0.0583341133	0.0511499207	-0.0679258953	-0.006030512	0.0472525838	0.0012954659	-0.0077773597	-0.0094552104	0.0845063466	-0.0004600316	0.1751907414	0.0144680987	-0.0086405678	0.0155852274	-0.0650693472	-0.0570145952	0.1482343298	0.0728222263	0.0182371766	0.0007179038	0.1171482361	0.0301110918	0.0065891434	0.0144197324	-0.0511091455	-0.0460441831	-0.0823693425	-0.0387982738	-0.0162306294	-0.1872147938	0.1971667982	0.0312048871	0.0804897266	0.1094596221	0.0443000588	-0.1021730891	-0.0879882403	-0.0090658467	0.0995322983	0.0583689031	0.0142780968	0.1038371872	0.0137230169	0.0702010385	-0.0026692234	0.0946714232	-0.0250466288	-0.0507307007	0.0844294634	-0.0401705572	0.0716501165	-0.0389364667	0.0632043302	0.0980343937	-0.1225723514	0.0670473398	-0.011715318	0.0375418251	-0.0526407739	0.0689222801	0.1345193961	-0.0686340379	0.0017545266	-0.0806115152	0.0386364336	-0.0207709836	-0.0118128082	-0.1269376627	0.0350428114	0.1205247148	0.0573346227077848	-0.0076880603664478	0.003287258961044	5.910627219814557e-05	-0.0446846951408446	-0.0035769184551811	1.2794345635015192e-05	0.0019967219798302	0.470001616261932	-0.0384010784107289	0.2209015192888283	0.0014746428231069	-0.0042158511541092	0.0001029777341584	1.7773400953603873e-05	1.0604413732398204e-08	-0.0003688747410364	6.34778145796e-05	1.3606857457467116e-07	4.029432943802078e-09	0.0008882268586669	3.115710118770001e-05	9.707649544205775e-10	7.889469524572692e-07	0.0	0.0	0.0
901.9906858351274	1.1331473909978058	813587.1973333234	1.2840230097251342	1319.819767028249	5.457811255729439	29.787703703166954	1741924.2174385018	839.681313603664	-0.4757752656419143	705064.7084151746	0.2263621033966341	989.8727897322416	783.347256921332	0.941355	30.86273	0.0764456207215458	0.0369799172220841	0.02765341	0.054983293	-0.0524106908	-0.0320666517	0.1742743818	-0.0219157646	0.0134972624	0.0408519593	0.0666783851	0.0567333441	-0.0956184146	0.0401053212	0.1166714704	0.1482717222	0.0200503362	-0.0969728613	0.04787488	-0.0178169999	-0.0568663675	0.0893477182	-0.1117859627	0.1035498005	-0.099008942	-0.0540650952	0.0959968521	-0.1216664799	0.0446481725	-0.0854353512	-0.14005072	0.0588559743	0.0499048218	-0.0565225274	0.005223086	0.0556692485	-0.0872512481	0.1570230027	0.0438173289	-0.0217828089	0.0532772997	-0.0477255255	0.0786948857	0.033277266	0.079314114	0.0933314481	-0.019263408	0.1119014375	0.1694943409	0.144889057	-0.12144097	-0.1426539687	-0.1338842475	-0.0595141038	-0.092064505	-0.0246737047	-0.0565796276	0.1828296263	-0.0291996438	0.0597357113	0.0573899298	-0.2173833075	0.0809219508	0.0194169421	-0.084620875	-0.1983273838	0.0352098676	0.0044111785	-0.0556118694	0.1032274628	-0.1202375673	0.0500859597	0.017060972	-0.0040113742	-0.0761103977	0.0227007818	-0.0283897121	0.1346505833	0.0661596941	-0.1933729992	0.075536605	-0.0934302178	-0.039115873	0.0255857371	0.0325507113	-0.1152920899	-0.0481655692	-0.069467582	0.0256600493	0.0852690888	-0.0075708274	-0.0522900572	-0.120948922	-0.1169002568	0.0643377165	-0.0316756741	-0.1006521214	0.0268009175	0.0043042961	0.0949014207	0.0191908011	0.1373862873	0.0594246527	-0.0155259325	-0.0643025881	0.0467791061	-0.0904905758	0.0096934059	-0.0418517118	-0.0508898437	-0.0777631149	-0.0548447438	-0.0085522323	0.166122984	-0.0126223304	-0.0522702377	-0.0426759598	0.1352590434	-0.0607444175	0.0392755984	0.043188336	0.0397699017	-0.0151740128	-0.1255324169	0.0446835199	0.1150284477	0.0560596406512701	-0.0012749820565146	0.0031426833099495	1.625579244434445e-06	-0.0263564586099676	0.018328236530877	0.0003359242543317	0.0006946629104589	0.4940866820869161	0.024085065824984	0.2441216494156572	0.0005800903957938	-0.0045179702676334	-0.0003021191135242	2.041205533921942e-05	9.127595875664873e-08	-0.0001043062711914	0.000264568469845	1.087979820985388e-08	6.999647523612469e-08	0.0007997677158527	-8.845914281420007e-05	7.825019947423044e-09	6.39628399320245e-07	0.0	0.0	0.0
901.3027516214186	-0.687934213708786	812346.6500803406	0.4732534823911257	1316.8684512632678	-2.9513157649812456	8.710264744626835	1734142.5179325177	838.6766720190483	-1.004641584615683	703378.5601889463	1.009304713539111	991.007376469821	784.7355175189373	0.964013	31.605577	0.077986461571678	0.040963961457026	0.0404140539	0.0159254046	-0.1376277486	0.0430169674	-0.0095726798	0.0838655668	-0.0582659889	0.0205217229	-0.0501434832	-0.0520131813	-0.0422220096	-0.0541743895	-0.0209135732	-0.0814120035	0.0988930395	0.0365806802	0.0823155451	0.0554575982	0.0287830384	0.1496852183	-0.0303424728	0.1614223961	-0.0824344112	-0.0859267341	0.0347915012	0.0580690425	-0.1105004078	-0.012774487	-0.0539978805	0.0260765382	-0.1047945213	-0.0636939574	-0.0042467116	0.0662161565	-0.0646522071	-0.0526568258	0.0447055355	0.022236433	0.0624356548	-0.0179531185	-0.0062773878	-0.0113907319	-0.0442815798	0.1786070058	0.0382586483	-0.1035237771	-0.0907362235	0.08381358	0.0505380633	0.0079807333	0.0883071161	-0.1136298686	0.068791211	-0.026392762	-0.0091636687	-0.0518756257	-0.1440001639	0.044187506	-0.1573931276	0.1092126298	-0.0362012338	0.0336139179	0.1311536285	0.0252904177	0.0096767953	-0.1064775672	0.100620952	0.0246833338	-0.1237652889	-0.0457619723	-0.0202429136	0.0203473716	-0.0023639893	-0.038118168	0.0255252266	0.063683862	-0.0721442622	-0.0307544828	0.0186315361	-0.2075342526	0.022980961	-0.0603559494	-0.0119540856	-0.018065191	-0.0441176724	-0.0647639891	0.038179973	0.1594914656	0.0442966895	0.0297262791	0.0751662397	0.0202373174	-0.0700978274	-0.0633995573	0.0608236005	0.0301359685	0.0121697757	0.1039922176	-0.0380737551	-0.0269356341	-0.0850074996	-0.0724824145	0.0377324315	-0.0079694741	0.0161425863	0.058674904	-0.0144800128	-0.0445622591	0.0394783853	0.0411840285	0.0591867158	0.0815947004	0.0765209935	0.0302540565	0.0113419562	-0.0417489329	-0.0062409705	0.0380237328	0.0333395184	0.2103086143	-0.0185248178	-0.1237830955	0.0540487397	0.1082719048	0.0568474733988182	0.0007878327475481	0.0032316352318293	6.206804381091915e-07	-0.0523044867288859	-0.0259480281189183	0.0006733001632601	0.0027357593319722	0.5201752120873877	0.0260885300004716	0.2705822512701588	0.0006806113975855	-0.00448581669121	3.2153576423400373e-05	2.0122551387138237e-05	1.0338524768154483e-09	-0.0004301217639308	-0.0003258154927394	1.850047318069429e-07	1.0615573530901805e-07	0.0009450400607847	0.000145272344932	2.1104054202042004e-08	8.931007164879496e-07	0.0	0.0	0.0
902.190680639027	0.8879290176084851	813948.0242319109	0.7884179403111694	1321.3121900907986	4.443738827530751	19.74681476730437	1745865.9036825427	838.1597856699516	-0.5168863490966942	702511.8263142991	0.2671714978825096	992.1962053764254	786.1597909149033	0.94766	31.069447	0.0603971444435156	0.0396137438116725	0.0338532366	-0.0126506727	-0.016133149	-0.0487696012	0.0491403899	0.12452794	-0.0645146198	0.0133336387	0.015123552	0.0421253737	-0.0238678961	-0.0479322666	0.0725000796	0.0152799476	0.0350633163	0.090948242	0.1025706492	-0.0084197196	-0.0044557364	-0.0141277536	0.02891322	-0.0224312589	-0.014859738	0.1122723041	0.0391223978	-0.0642058203	0.0211095631	-0.1658802663	-0.007048688	-0.1151247556	-0.0988451919	0.0502678194	0.0543634016	-0.1155670098	0.0407633709	-0.1060864406	-0.0071541977	0.0126630442	-0.0439505451	-0.0612286272	0.016057109	-0.0416078151	-0.0293402165	-0.0437884781	-0.08665688	0.0902985018	0.1598859043	0.002105845	-0.0328121537	-0.0091230838	-0.1060295667	-0.1459748539	0.137249958	-0.0378755795	0.0691750648	0.0952379148	0.0007127834	-0.06242146	-0.0042908106	0.1516404306	-0.0043098883	-0.0054169998	0.0420464961	-0.0409449701	-0.0435644017	0.0549471646	-0.0220366381	-0.0453514844	-0.0690161524	-0.1063457782	-0.0522444288	-0.0729795271	0.0065375386	-0.0836757154	-0.0245889622	0.0246508638	-0.0110594202	-0.0416326031	0.045301944	0.0089667287	0.0540668398	-0.0319424357	0.0235221961	0.0332797368	-0.0245552199	-0.0413622347	-0.1483880647	0.0922452077	-0.0488862093	-0.0421836456	0.0815015448	-0.0911769084	-0.0254043995	0.1352276687	-0.2072713752	0.0548207813	0.0147096168	0.0783361413	-0.0719736721	0.054918481	0.0432839643	0.0532778772	-0.0156998657	-0.1046969068	-0.083148978	0.0309641454	0.0257707546	-0.0767271488	-0.0264394485	0.0307664534	-0.0880692879	0.0416092398	0.0026101243	0.0231886892	0.0389350163	-0.1311313196	-0.0115498442	-0.0284123844	-0.0198531754	-0.0116001546	-0.0218629269	-0.1216944932	0.063080731	0.1003291122	0.0567047507657463	-0.0001427226330719	0.0032154287594054	2.0369749990977722e-08	-0.0522775999491074	2.6886779778502456e-05	7.228989268576886e-10	0.0027329474564389	0.4863937169335912	-0.0337814951537965	0.2365788478724744	0.0011411894148259	-0.0044359820538835	4.983463732650007e-05	1.9677936782376475e-05	2.4834910774637943e-09	-6.685297466102469e-05	0.0003632687892697	4.469320221027609e-09	1.3196421325752846e-07	0.0010608574317258	0.000115817370941	1.3413663411708338e-08	1.1254184904478604e-06	0.0	0.0	0.0
902.3106837836366	0.1200031446095408	814164.5700700938	0.0144007547161783	1320.0115296528602	-1.3006604379384044	1.691717574818122	1742430.4384164838	837.7671925840564	-0.3925930858952142	701853.8689701714	0.154129331092727	990.0879687221608	790.5883910296744	0.939331	30.796366	0.0270019632582147	0.0167331128264425	0.0158389951	-0.0027672806	-0.126627211	0.033128569	-0.0595690714	0.1319319575	0.0500392748	-0.0311061069	0.0179398307	-0.0228357154	-0.114266908	-0.0768571421	-0.037926946	-0.0600598918	0.0163543871	0.0405713139	0.025916283	0.02041559	0.0735744709	0.0129875484	-0.0435319156	0.0463743626	-0.1097271616	-0.0157925227	-0.1059412966	-0.1343492192	0.0796664208	0.139656772	-0.0304618205	-0.0030605503	0.043716255	-0.1348120392	-0.0432698804	-0.0250436758	4.4698e-05	0.0343945314	-0.1295516805	0.0131634339	0.02314807	-0.0054477107	-0.0676475864	0.0276517448	0.043614522	-0.0223299282	-0.0278647905	-0.1619810485	-0.1111097151	0.075972093	0.0967700644	-0.0181488714	0.1982039108	-0.0283562083	-0.0333374186	0.0450833869	0.0848885129	-0.0242510711	0.1375815361	0.0800205546	0.0487793689	0.0093033732	0.0332681222	0.0721104175	0.1183647835	0.0016523727	0.0399937095	-0.041380871	-0.0017280895	0.036341166	0.0633296699	0.0411809384	-0.0835438025	-0.0833848104	0.0835386976	-0.0259766475	0.0859919758	-0.0230144379	-0.0651676478	-0.0092053947	-0.0090878531	0.0498460932	0.0762916642	-0.063653966	-0.1253500103	0.007074002	-0.069819507	0.0608122654	0.1124005917	0.0743227962	0.0526230662	-0.0948960851	-0.0729969894	0.0989464722	0.0063491558	-0.1205467488	0.0845867445	0.0816840625	0.0419254972	0.0727174381	-0.0390101231	-0.0952195121	-0.036533079	-0.1502009866	0.0018472931	-0.0274940684	-0.0111076382	-0.0319445105	-0.0055421197	0.0259455254	0.0967376449	0.0427356293	-0.0080261283	0.0702353585	-0.0115919449	-0.0052795765	0.0171660866	0.0144967361	-0.0230536842	0.044569793	0.1015691607	0.0213296287	-0.0251860523	-0.1192723348	0.0717238087	0.0912870929	0.0597095837037358	0.0030048329379895	0.0035652343860734	9.029020985226638e-06	-0.052288895992703	-1.129604359560027e-05	1.2760060091370186e-10	0.0027341286441357	0.4710398285224002	-0.015353888411191	0.2218785200544121	0.0002357418893433	-0.004436015452905	-3.339902149984697e-08	1.9678233098411948e-05	1.1154946371472402e-15	-4.109316713352129e-06	6.274365794767256e-05	1.6886483850635146e-11	3.936766612654534e-09	0.0009509955713862	-0.0001098618603395	1.2069628357277766e-08	9.043925767961652e-07	0.0	0.0	0.0
903.5114878568075	1.200804073170957	816333.008689222	1.4419304221439613	1322.7239805491183	2.712450896258133	7.357389864611549	1749598.7287197043	840.1929619182993	2.4257693342428865	705924.2132570447	5.884356862953177	993.0809461887574	792.2666964167437	0.953801	31.270767	0.0370776610426541	0.019378119109996	0.0192601596	4.86431e-05	0.038341022	-0.0850564787	0.0895066021	0.0271150988	-0.003003201	0.0238378379	0.0797193889	0.0995660039	-0.0168754487	-0.0236566909	0.1349687821	0.0723669684	0.03473581	0.0776761156	-0.1213930813	-0.1551358568	-0.0098427301	-0.018901914	0.0381793562	-0.0494922915	0.0095166062	0.076853372	-0.0214549375	-0.0109828651	0.0082113027	0.0283460417	-0.0421019472	-0.0960439327	-0.0103749041	-0.0731236043	0.0423484749	0.0156688778	0.0354176441	-0.1291921636	0.0476022559	-0.0940944056	0.0019717163	-0.1365013335	-0.1964325399	-0.1370964759	0.1259999633	-0.0830442101	0.1225121339	-0.1917977072	-0.0370589972	0.0199088688	-0.0069936229	0.0349697509	-0.0650369004	0.0488567883	-0.104998874	-0.1086305238	0.0060134894	0.1227121352	0.0784129363	-0.0115644412	0.0902665466	0.086517417	0.0417787258	-0.0097880771	0.0163546218	-0.1386892986	-0.0124810182	0.0523895582	-0.1006361541	-0.1471128145	0.0451276991	-0.0210296154	-0.0403463543	0.089850984	0.0159842456	-0.0375919636	0.0897460811	-0.060011438	-0.0120123814	-0.0117241258	-0.0759659172	-0.0180265705	-0.0537050209	-0.0421833016	-0.0613949951	0.0946041343	-0.0392300053	-0.0650640348	-0.0224466599	0.0760442362	0.0541387748	0.0834012492	0.0475946544	-0.0113114586	0.0595735272	-0.1362602708	-0.0337164224	-0.0922268449	0.0344467283	0.0321800728	-0.0267730192	0.0916013388	0.1393001584	0.0200522811	-0.0368869861	-0.065781485	-0.0846323457	-0.0104093075	-0.0071158228	-0.0400521217	0.0200473816	0.0792955995	0.0287409518	0.053861048	-0.059212101	-0.0320055852	0.006846091	-0.0145995409	-0.0494998808	-0.0030316813	0.0142278102	-0.0199341489	-0.0284919163	-0.1165232592	0.0799246852	0.0812449131	0.07124842317954	0.0115388394758041	0.0050763378055708	0.0001331448164483	-0.0521751174524922	0.0001137785402107	1.2945556212499412e-08	0.0027222428811813	0.4708711004347634	-0.0001687280876367	0.221719593224645	2.8469167557569498e-08	-0.0043319740802885	0.0001040413726164	1.87659994322914e-05	1.0824607215925252e-08	-0.0001199421562421	-0.0001158328395287	1.4386120844004329e-08	1.3417246713292656e-08	0.0006657434847514	-0.0002852520866348	8.136875292950744e-08	4.4321438748893763e-07	0.0	0.0	0.0
904.6831541765058	1.1716663196982608	818451.6094507513	1.3728019647152672	1324.5469277766365	1.8229472275181704	3.323136594316185	1754424.5638825262	841.4248685029996	1.2319065847003683	707995.8093352902	1.5175938334281265	994.177224444618	795.0970226920774	0.959189	31.44743	0.072475595205379	0.0343224890177639	-0.0121045199	-0.0292396292	-0.0970446219	0.0427364196	-0.0752213413	0.0167285402	-0.0424325767	0.1404827689	0.0232411908	-0.0393304915	-0.0728430806	0.0682143261	-0.0445981736	-0.0173903502	0.105441123	0.0487111931	-0.1502890226	0.0554943161	0.1210455634	-0.0007182215	-0.0193426915	0.0007919674	-0.0357245462	0.0505611905	0.0272223364	-0.0355374696	0.0349874428	0.0013607323	-0.0196045583	-0.0092885448	-0.0344097036	0.1234835266	0.1575345376	0.0109693896	-0.0542846554	-0.0820338427	0.1039408539	-0.0011893283	0.1793905239	-0.0296977884	-0.0221496225	-0.052380428	-0.0708955041	0.0143702607	0.1556733985	0.0580356704	-0.0763462115	0.0202631606	0.0324922992	0.0133686712	-0.0698857944	0.089719175	0.0529410787	0.2292100909	-0.1259601042	0.0141147038	0.1624921041	-0.0599299917	-0.1289408367	-0.0246030812	0.0005491298	0.0336224327	0.032521634	0.0583815362	0.0723644297	-0.053511235	0.054337499	-0.0990814957	-0.0349622338	-0.0287306579	0.0871228479	0.1468871239	0.0653660652	0.0217656282	0.1101480072	-0.0038267181	-0.0391033686	0.0117173228	0.0432416824	0.045063984	0.0727832303	-0.0455060097	0.1313575916	-0.0421222257	-0.040829604	0.0679527891	0.0596790965	0.1659360007	-0.1565690869	0.012560813	-0.0975290554	0.0415457466	0.1751418766	-0.0252006442	-0.019151805	0.062641858	0.0344229061	0.030719492	-0.024058764	0.0044573192	-0.0684770234	-0.1635498301	0.0828073607	-0.0467600953	0.0643971064	-0.0782362093	0.0226381033	0.0087174529	0.0246340917	0.0898561596	0.1242325681	-0.0022162654	-0.0625919924	0.0119986437	-0.0369514031	-0.1732334902	0.0424734214	0.0215356196	0.0411745505	0.0161265984	-0.0317782535	-0.1134548014	0.0876327994	0.0703125971	0.0619105290719659	-0.0093378941075741	0.0038329136099707	8.719626636426713e-05	-0.0351613973539173	0.0170137200985749	0.0002894666715926	0.00123632386388	0.4940586038426389	0.0231875034078755	0.2440939040309376	0.0005376603142902	-0.0046179921858996	-0.000286018105611	2.1325851829029765e-05	8.180635673736213e-08	-7.18260601582088e-05	4.81160960838912e-05	5.158982917850631e-09	2.3151587023542496e-09	0.0007903388348835	0.000124595350132	1.5524001274540588e-08	6.246354739250083e-07	0.0	0.0	0.0
904.259198801792	-0.4239553747138416	817684.6986176587	0.1797381597487538	1327.7391192251475	3.192191448511039	10.190086243947007	1762891.1687207706	839.438381898429	-1.986486604570587	704656.7970042528	3.9461290301383785	995.2033858757308	793.7441330914006	0.983401	32.241207	0.025819616144182	0.0130885741695079	0.0316266869	-0.0265764783	0.0885119574	-0.1462885002	0.0782471432	-0.0109800253	-0.0578812659	0.165273216	0.0977350273	0.1241652847	0.0898513138	0.1081971026	0.0348211141	0.1805104974	0.0172216318	0.0221692554	-0.0814523513	0.0157343773	0.0596244378	-0.0294766631	0.0654001759	-0.1132713221	0.0101185314	0.0956916346	0.0126462616	-0.0130936757	0.0068874473	-0.0810481097	-0.0438773472	-0.0125636066	0.0078188294	-0.1765476117	0.0788415224	0.0813157303	0.1175874058	-0.039918709	0.0375610689	-0.0875197018	-0.081831576	-0.023913287	0.0672391349	0.07607156	-0.0462141287	0.0488755565	0.0837930561	0.1296358582	-0.0064454258	0.0144619851	0.0336209419	-0.0209142626	0.0250836689	-0.0658843441	-0.1772144665	0.056644381	-0.0331299916	0.0552921353	0.0244426782	0.0493214116	0.0405665973	-0.1349949045	0.0401088999	-0.1092923365	-0.110750397	-0.1727835443	-0.0280703562	0.0756982365	-0.0075141327	-0.1477961943	-0.0816179756	-0.0644758323	-0.0660180497	0.1115375522	0.0740104593	-0.0430511424	-0.1211984533	0.0905984368	0.163636568	-0.0547160858	-0.0212008641	0.0915584828	-0.0903342532	0.0059656993	0.0604888608	-0.0283495752	-0.0543852289	-0.0238226161	-0.0199254887	0.0041571725	-0.0288010668	-0.0474386962	0.1196463669	0.0282325106	0.093872975	0.075347281	0.0335472681	-0.0664941721	0.0244577036	0.0150890902	0.0037775226	0.1355734476	0.1671566902	0.0517571465	-0.0058842238	-0.055370047	-0.062866805	0.072896097	0.01309499	-0.0916952162	0.0144652676	0.0368033974	-0.0462056395	0.0158111557	-0.0608692286	-0.1206604903	-0.0419172446	-0.0216205337	-0.0820667548	-0.1362180092	0.0289805818	-0.0957745797	-0.0350428114	-0.1100753719	0.0948006283	0.0586099215	0.0524805507185703	-0.0094299783533955	0.0027542082037244	8.892449174550952e-05	-0.0395740280858802	-0.0044126307319629	1.9471309976663444e-05	0.001566103698942	0.4939293384815499	-0.0001292653610889	0.2439661914128215	1.670953357746479e-08	-0.0044544718046438	0.0001635203812557	1.9842319058366598e-05	2.673891508604213e-08	-0.00010983960948	-3.80135493217912e-05	1.2064739810718906e-08	1.445029932040252e-09	0.0008257597382606	3.54209033771e-05	1.2546403960498536e-09	6.818791453322146e-07	0.0	0.0	0.0
901.6937680164624	-2.565430785329568	813051.651279726	6.581435114316682	1322.748362735928	-4.990756489219621	24.90765033468775	1749663.231120578	837.3658113624424	-2.0725705359866424	701181.5020386814	4.295548626639958	992.2395661307272	787.3639523493334	1.008245	33.055733	0.0597499906593582	0.0313401874668375	0.0776383197	0.0093140546	-0.0826485077	0.1277344852	-0.0242168978	-0.0322050766	0.1012068277	0.1435889952	-0.0151016723	0.0187462032	-0.0640263456	-0.021281181	-0.0667532096	-0.0383339543	0.0529886016	-0.1307149607	-0.0322022045	0.2032717071	0.0694157421	-0.0521382273	0.0199322009	-0.0229845508	-0.0466640537	-0.0643491584	0.0180176198	-0.0404168621	0.014434997	0.1473718517	-0.016177469	0.0486465287	0.0018498399	0.1076106132	0.0772673624	-0.1105051414	-0.0630923128	0.164815733	-0.0237381766	0.1049283708	-0.1037397401	-0.0565240339	0.0165259454	0.1409357511	-0.1107855754	-0.0689894443	6.01651e-05	-0.0106295607	-0.0370256049	-0.0509121028	0.0521596125	-0.0831911964	-0.0696201881	0.0613610232	0.0038663953	-0.1044459708	-0.1080949309	-0.0441776374	-0.0620874622	0.0580119846	0.0101652051	0.1311722048	-0.0129112435	-0.0051752105	0.0894660042	-0.0144286276	0.0746274736	-0.0778900099	-0.0152868599	0.1381872655	-0.0474133644	0.0465114934	0.0986342291	0.0356528452	0.1355755396	0.0040947581	0.0289998573	0.0830265107	0.0665569311	0.091171658	-0.0227908344	0.0491980826	0.0967672612	-0.1928981507	0.061010496	0.0683949912	-0.0979846373	-0.0072263707	0.0631203053	-0.0409822067	-0.1030188225	-0.0749331309	0.0011482387	0.117141898	-0.089088593	0.0373413441	-0.1349410836	0.0273624987	0.0323420617	0.0290359785	-0.0521729068	0.0032284634	-0.1574572554	-0.1741557166	-0.077999256	0.1219880582	0.0142170635	0.0326577536	-0.0307790374	-0.0445394616	0.0250550939	0.1788169806	0.0191235333	-0.0726391114	0.009681851	0.0293927102	-0.1393809323	-0.0332182869	-0.0260662732	-0.0563781252	-0.0131386848	0.0373143606	-0.0382833527	-0.1063942335	0.1013839798	0.0462651033	0.0532792025156112	0.0007986517970408	0.0028386734206995	6.378446929166526e-07	-0.029019835715971	0.0105541923699092	0.000111390976581	0.0008421508649819	0.5070363703773069	0.0131070318957569	0.2570858808853935	0.0001717942851163	-0.0049440165343465	-0.0004895447297026	2.4443299491891576e-05	2.396540423796895e-07	-4.816261497175844e-06	0.0001050233479828	2.3196374809178505e-11	1.1029903621521374e-08	0.0009369939525081	0.0001112342142474	1.2373050419258716e-08	8.779576670367515e-07	0.0	0.0	0.0
901.1438108248632	-0.5499571915992192	812060.1677879568	0.3024529125917002	1322.4386482837936	-0.309714452134358	0.0959230418608855	1748843.978474667	837.1585363690093	-0.2072749934330886	700834.4150155019	0.0429629229026869	991.8952375832474	779.7503530562192	1.002288	32.860451	0.0724749826169775	0.0361569844385028	0.1533658132	-0.0019893362	0.0465698734	-0.1928985827	-0.0297637635	0.0220957018	-0.0377325496	0.0219037168	0.0180126035	0.1122889811	0.0793057762	-0.0794675724	-0.0476001235	0.044692112	0.1113444371	0.0583524489	0.0749959327	-0.0196670032	0.0263868818	0.0590373924	0.1351947006	-0.1854693162	0.0396991999	0.0507143253	-0.0497524484	0.024551916	0.0495679694	0.0044956886	0.0005256897	0.0009962782	0.0600580046	-0.0406016413	0.1035297423	-0.0734804061	-0.0448170473	-0.0456352783	0.066711465	0.1349733829	0.0585329584	0.0534261867	0.0429440217	-0.082082232	-0.0559941766	-0.1272507456	-0.0807738336	-0.020692254	0.0942776029	-0.0362233858	0.0489807984	-0.1056287732	0.0679429041	0.1086429073	0.0827715759	0.0645073212	-0.0164765758	0.1316651637	-0.1276745638	0.063630443	-0.229710923	-0.0058467471	-0.0011857122	-0.0878963593	0.0798790205	-0.0306255937	-0.0277317849	0.0389749142	0.0521642993	-0.1523078208	0.0314215283	-0.036244278	-0.0275574115	0.0012002637	0.0726563302	0.0098939327	-0.0853339573	-0.0958630408	0.1075219438	0.0712848713	-0.0439446654	0.0215763913	0.0379305785	-0.0330917767	0.072910484	-0.0061060738	0.060779235	-0.0013136499	0.051766744	0.0042224827	0.1935778146	0.1362909392	0.0106851065	0.0827381274	-0.1163457178	-0.0167353544	0.0166599275	0.0766551953	0.0316612378	0.0606475827	-0.0947384454	0.0233805966	0.1476845634	0.0272973816	0.0745171656	-0.1427084567	-0.0017195277	0.053390975	0.0203104227	0.0460245901	0.0450318712	-0.0098880995	-0.0228401973	-0.05287614	-0.0006830801	-0.0912937137	-0.1737303975	0.0087708582	0.0383406273	-0.0334757476	0.0409291188	0.0303602285	-0.0414976565	-0.1024214758	0.1073422654	0.033413395	0.0537286820109557	0.0004494794953445	0.0028867712706343	2.0203181673515013e-07	-0.0523316782637977	-0.0233118425478267	0.0005434420029746	0.0027386045499056	0.4940563774191417	-0.0129799929581651	0.2440917040685254	0.000168480217194	-0.0046058383686539	0.0003381781656926	2.121374707816442e-05	1.1436447175121164e-07	-0.0003771696794168	-0.0003723534179196	1.422569670713717e-07	1.3864706783642628e-07	0.0009411357212087	4.141768700600067e-06	1.715424796927037e-11	8.857364457350199e-07	0.0	0.0	0.0
903.7010357101492	2.5572248852860184	816675.5619435963	6.53939911392609	1320.950011687753	-1.4886365960405783	2.21603891507128	1744908.9333778748	838.8118658169232	1.6533294479138476	703605.3462352679	2.7334982633391083	990.8373389253966	784.5390518838515	0.976519	32.015602	0.0228845810734133	0.0126921324685973	0.0670862162	-0.0028565565	-0.0685326123	0.0713457052	-0.0545752515	0.001345326	0.2156302815	0.1223510989	-0.0366289105	0.0239560187	-0.1908935649	-0.029156986	0.0540098885	-0.0860763485	-0.1105155497	-0.0103165089	-0.0684256895	0.0138234684	0.1448130397	-0.0040455279	0.0411129231	-0.0569960469	0.0761433073	-0.0740722885	-0.058931483	-0.0217716286	-0.0026231191	0.1081493378	0.0655518506	-0.0104782006	-0.0659474943	-0.2450163147	0.0218408637	0.0064449332	0.0592130664	0.000466759	-0.0052625469	0.014344336	-0.0269372686	-0.0444824289	-0.0220216884	-0.004695452	-0.0869808362	-0.1077013312	-0.0290183031	-0.1117835555	-0.0415714135	0.0296738068	-0.0886037044	0.0142791028	-0.0007029968	-0.0251148331	-0.0121156468	0.1239095745	-0.0473535086	-0.0387580584	0.0231785817	-0.1672010802	-0.0830339007	-0.1041670077	-0.0285228234	0.1194568204	0.0862270303	0.0064706392	0.1256811634	0.0085229378	-0.1254038725	0.0420577699	0.1545588801	-0.0053574661	-0.027333811	-0.0013392098	0.1526123519	0.0706673031	-0.0355889421	-0.0754107191	-0.0348790784	-0.0872947107	-0.0648919444	0.0646805187	-0.014145334	0.0826244973	0.0746355872	0.0570057004	0.0061303411	-0.0460723063	0.0573547614	-0.0546572288	0.130117784	0.0319833921	0.0825803649	0.0317169937	0.0601414678	0.0701400676	-0.0108660784	-0.0673851515	0.0273317782	0.0245978205	-0.0765112314	-0.034473021	0.0133220207	-0.1596995548	-0.0667357516	-0.048350376	0.0322097789	-0.0697851783	-0.0808512403	-0.0168348453	0.0709306011	0.0618944108	-0.0059160833	-0.0985862895	0.0093150866	-0.0958576617	-0.0825145105	-0.0532681808	-0.0238325283	0.0041793308	-0.017983829	0.0197241239	-0.0446835199	-0.098167988	0.1126387502	0.0201956026	0.053275500485995	-0.0004531815249607	0.0028382789520332	2.05373494565709e-07	-0.0484837958396013	0.0038478824241963	1.4806199150439544e-05	0.0023506784590161	0.4940121750403605	-4.42023787812218e-05	0.2440480290881077	1.9538502899186068e-09	-0.0046653435606915	-5.950519203759986e-05	2.176543053928564e-05	3.5408678794316372e-09	-0.0004772050625541	-0.0001000353831372	2.277246717272625e-07	1.0007077879426403e-08	0.0007298900014741	-0.0002112457197346	4.4624754106189184e-08	5.327394142518617e-07	0.0	0.0	0.0
905.4260380163878	1.7250023062385935	819796.3103180534	2.9756329565284663	1325.661641225765	4.711629538011948	22.199452903466685	1757378.7870173887	840.9178656125017	2.1059997955785548	707142.8567062855	4.435235138976915	992.3359873467836	802.7420853276958	0.978167	32.069626	0.0163849952898396	0.0085822443449835	0.0029411077	0.0026118828	0.0337108456	-0.1549787492	-0.0423684112	0.0054578844	-0.0865626058	0.1886714185	0.0406650434	0.0617255462	0.0512875164	0.0372709608	-0.0461954432	0.0812988091	0.0413687738	0.1864303871	-0.0406454343	-0.0393770228	-0.0429486455	0.0326161607	-0.0788577865	-0.2064751183	-0.000431952	-0.1140650974	-0.0379866678	-0.1004937231	-0.0724054053	-0.0298391151	0.0967768201	-0.0451153899	-0.0572945291	-0.1008609559	0.0595625016	0.021010095	0.1102686184	0.0744646865	0.0762292879	-0.0481642826	-0.0251966594	0.1672094573	0.0249310318	0.0540416171	0.0903954376	-0.0242879557	-0.0373219617	0.1105563194	-0.0630966378	0.1124153654	-0.0003296373	0.0057903692	-0.0724954677	-0.0373449605	-0.0894038959	-0.0775524948	0.0436202443	0.1772934525	-0.0041797542	0.0179178049	0.0641753167	-0.012374296	0.0381580253	-0.0003692659	0.0198961821	-0.0264929992	0.051798204	0.0680438042	0.0165293054	-0.2466709042	-0.0074506748	0.0273128916	-0.0068749003	-0.0164779868	-0.0018787156	0.0588289857	0.0384103831	0.1027279776	0.0782203271	-0.0865051077	0.0913680178	0.0661482119	-0.095959731	0.0158387559	0.0522855516	0.0825225736	0.0684705124	-0.0896439357	-0.0781558761	0.0412994391	0.0708456553	0.0286478751	0.0419627722	-0.0659944981	-0.1078285347	0.0483609297	0.0443701951	0.0424988038	0.0031183161	0.0034710697	-0.0140417328	0.1058235089	0.12598923	-0.0120208489	0.1198619086	-0.0982397983	-0.0136481487	-0.0775371643	-0.0382677483	0.0085773541	-0.0322015509	0.0491595857	0.0827345488	-0.0688424237	-0.0705711307	-0.1589121587	-0.0711841534	0.0404588569	-0.0696805859	0.0256827978	-0.0046046304	0.0537893728	-0.0478387595	-0.0936454286	0.1172407796	0.0067565429	0.0552616241543404	0.0019861236683453	0.0030538471041755	3.944687225961785e-06	-0.0523168708673438	-0.0038330750277425	1.4692464168303177e-05	0.0027370549773503	0.4940387874481473	2.6612407786785752e-05	0.2440743235032356	7.08220248210175e-10	-0.0045733185024608	9.20250582306997e-05	2.0915242124950296e-05	8.468611342363671e-09	-0.0004779413146334	-7.362520793000212e-07	2.284279002335027e-07	5.420671242736046e-13	0.0008479123748834	0.0001180223734092	1.3929280625164236e-08	7.189553954804074e-07	0.0	0.0	0.0
905.4936199331186	0.0675819167307736	819918.695739583	0.0045673154690052	1328.245057270789	2.5834160450240238	6.674038461687567	1764234.9321642814	838.3682235088886	-2.5496421036131096	702861.2781894498	6.5006748565166825	991.6576052483148	798.8703961633246	0.955943	31.340992	0.0930005498323243	0.0529110052570276	-0.0222931924	0.0040757078	-0.0646695426	0.0720559067	-0.0584832203	0.0001929291	0.1102039172	0.2258864115	0.0286834371	-0.0265502658	-0.0399431038	0.1036796825	-0.0363269642	0.0172151053	-0.1105890797	-0.0583827902	0.0246146099	0.1380336366	0.141248718	0.1661419181	-0.0606658148	-0.033939789	-0.0285591301	-0.0351484442	0.037724322	-0.1288167757	-0.0721756852	0.0732816614	-0.1317436611	-0.0635982742	-0.0973674305	-0.0420975261	-0.0702509264	0.1201089649	0.0846200853	0.1067709743	-0.0396166558	0.0078744099	-0.1648893115	-0.1232539622	-0.0250009586	0.1984879571	0.1514207882	-0.1673545236	0.0553169879	0.086838778	-0.0223851695	-0.055571017	0.0365488622	0.201594806	0.0326927608	-0.0844649313	0.1386804684	-0.033337562	0.0307725165	-0.0499644723	-0.0648302992	-0.0010461495	-0.0918593998	0.0576079256	0.0481269888	-0.0008173817	-0.0492450411	-0.0046681516	0.1155675755	-0.042329173	-0.0137114039	0.1268641269	-0.0131175107	0.0118988355	0.0180958166	0.0188661437	0.1671880157	-0.0028533087	-0.000343588	0.1198538316	0.1038460308	-0.1179771395	0.1252170829	0.0183380671	0.0303575681	0.0155190092	-0.0813258955	0.1268354953	-0.0837410862	-0.0259242193	0.0616863735	0.0425155811	-0.1268773833	-0.1085377655	0.0906247645	-0.1116009083	-0.0296152204	0.2258921425	0.0799061644	0.0534283326	0.0067375298	-0.0107556911	0.0532456964	0.0208352334	-0.0520472635	-0.1656871013	0.0345522555	0.0932593902	0.0204376907	-0.0239933983	-0.0764002924	-0.0048314071	-0.0647217573	0.0188398439	-0.0974992343	-0.0655478144	-0.1376029628	-0.0926620273	-0.1797815735	0.1188187728	0.0426006095	0.0596579746	-0.0488527302	0.0982020085	-0.0509612127	-0.0888661936	0.1211199807	-0.0067565429	0.0570395416823856	0.0017779175280452	0.0032535093153366	3.1609907365303605e-06	-0.0209374320419897	0.0313794388253541	0.0009846691809941	0.0004383760605129	0.4917050497681572	-0.00233373767999	0.2417738559675059	5.446331559005419e-06	-0.0054373937915181	-0.0008640752890572	2.9565251244039576e-05	7.466261051594558e-07	-0.0004770328158349	9.084987984999932e-07	2.2756030738337366e-07	8.253700668759314e-13	0.0005627070467605	-0.0002852053281229	8.134207918969108e-08	3.166392204739235e-07	0.0	0.0	0.0
906.432834060169	0.9392141270503772	821620.4826623498	0.8821231764510019	1328.291730111806	0.0466728410169707	0.0021783540885954	1764358.920283415	839.6792950743967	1.311071565508087	705061.3185766358	1.7189086498838253	993.5464078300809	808.5229543685913	0.985618	32.313908	0.1117228610126925	0.0729994003462218	-0.0042117591	-0.0324817182	0.0666774041	-0.147294241	-0.0338683773	0.166823252	-0.046079994	0.1329368581	-0.0151617941	0.0277526972	0.0771841794	-0.0449555017	0.003221869	0.0268573532	0.0489428245	0.1386875873	0.0796200884	-0.0291304284	0.0910139464	0.0202139895	0.0517461748	-0.1484262184	-0.0440359681	-0.0327237286	-0.1355131001	0.0466927991	-0.0434311526	0.0656518022	0.064087034	-0.032617652	0.1003329071	-0.0730148918	-0.0788193546	-0.0382201331	0.089280201	-0.1764253257	-0.0373983346	-0.047130474	0.0328666506	0.1785746726	-0.0135713638	-0.1367354162	-0.0097429383	-0.1233607078	-0.0630760922	0.0635092287	-0.0483917616	0.020207588	-0.0863488827	0.1336257725	0.0500776041	-0.0646034198	0.0020474036	0.0118404529	0.0981808272	0.029912715	0.0360758904	0.1149605465	-0.0379611463	0.042776836	-0.0044664659	0.0083278644	0.0658714673	0.0441336788	-0.0695239614	0.048443547	0.0004889903	-0.2142631884	0.0499824868	-0.01560685	-0.0713579915	-0.0339316135	0.0912635721	-0.0251434556	-0.039031076	-0.1524163239	0.0550403738	0.063046728	-0.0046657838	0.0489749988	-0.0193646421	0.028085231	0.1141272804	0.0648073198	0.1100313525	-0.010162683	0.0769599002	0.1713252141	0.0414518657	0.0286455346	0.0217824268	-0.0887371948	-0.0325567566	0.0279841776	0.1412998071	-0.0582648889	0.0154475764	0.0284588739	-0.0793388361	-0.064602948	0.1510191233	0.0253715183	0.0680881196	-0.1307004622	-0.0636293236	-0.0562817665	-0.069128553	-0.0165178568	0.0913780924	0.0565893675	0.1015916758	-0.0520675541	-0.0157387607	-0.0610727315	-0.0726096747	0.0126560727	0.0765998947	0.0814213081	0.0216175567	0.0961280257	-0.0540487397	-0.0838433825	0.1242524367	-0.0201956026	0.0611631606762017	0.0041236189938161	0.0037409322239028	1.7004233606160917e-05	-0.089772323458078	-0.0688348914160883	0.0047382422762646	0.0080590700590617	0.4940589849719004	0.0023539352037431	0.2440942806314645	5.5410109434213646e-06	-0.0047943614862696	0.0006430323052485	2.298590206102525e-05	4.134905455932002e-07	-0.000477055594344	-2.2778509099980266e-08	2.275820400949071e-07	5.188604768178836e-16	0.0006478602709838	8.51532242233e-05	7.251071595623607e-09	4.197229307192027e-07	0.0	0.0	0.0
905.3602971988652	-1.0725368613037745	819677.2677440174	1.150335318855352	1328.6272818280763	0.3355517162704018	0.1125949542920122	1765250.4540178624	838.9641638898539	-0.7151311845427699	703860.8682914017	0.5114126111055453	991.2324890895968	807.2712710598659	0.980478	32.145386	0.0618650436554336	0.0444751215904321	-0.0314256509	0.0029297216	-0.0503140064	0.0936515418	-0.0269683412	0.0327548658	0.1366661169	0.1212224473	0.0540528533	-0.0675980701	-0.0577801208	0.0639487166	0.0089473155	-0.0536202804	-0.0760956185	-0.1040613694	-0.0899990185	0.0582899446	0.1002149452	-0.0730711662	0.0230092636	-0.1059255963	-0.0403500896	0.0664075922	-0.0946487361	-0.0128635404	-0.0192401238	0.1072303466	0.0105025071	0.0249256519	0.0131625298	-0.0566288745	0.2697564967	0.0415522116	-0.0691626984	0.0057880846	0.0503968876	-0.0108561573	0.0311602515	-0.00946661	-0.0009600115	-0.053853661	0.0127735101	-0.1656158952	-0.2327688231	-0.0589096848	-0.0724075963	0.0736960083	-0.100463562	0.1301725099	0.0371393757	0.0988332422	0.1837111915	0.0477476415	-0.014292957	-0.1164751037	0.0190407795	0.0045756224	0.0574217061	0.069441452	0.0454946709	0.0580737627	0.0019561256	-0.0427889652	0.0534031702	-0.1021185021	-0.0269559285	0.0287920084	0.0916904141	0.0501111006	-0.048166493	0.097160136	0.1177747167	-0.0468080217	0.0287313168	-0.018560704	0.1071119923	0.0501589751	0.0002069332	0.1929738793	0.0535234243	0.0507848263	0.125540369	0.0040030575	-0.0391897492	0.0324238913	-0.0782748475	-0.0262095528	0.0940439919	0.031417394	0.033330863	-0.0568765675	0.0374695047	-0.1454949697	0.0900501473	0.0568749425	0.0180016038	-0.019587414	0.0057768633	-0.0425898511	-0.0230622923	-0.2140862985	-0.0974047833	0.0160479687	-0.0352670381	-0.063518137	0.031207034	-0.083386596	0.0715513755	0.0055750401	0.0149984649	-0.059178002	-0.0734997548	-0.1300028867	-0.0897784355	0.0724364604	0.0538517299	0.0057742422	0.0111319248	-0.0572227462	-0.0570992244	-0.0785907625	0.1266188352	-0.033413395	0.0616030115481436	0.0004398508719418	0.0037949310318007	1.93468789548049e-07	-0.0482275386554675	0.0415447848026104	0.0017259691442952	0.0023258954847646	0.4940834293520666	2.4444380166244173e-05	0.2441184351602986	5.975277217118715e-10	-0.0047987383786912	-4.37689242160054e-06	2.3027890027123848e-05	1.9157187270264237e-11	-0.0007278993168069	-0.0002508437224629	5.298374154079518e-07	6.29225730990444e-08	0.0007897589281136	0.0001418986571298	2.0135228895240545e-08	6.237191645351424e-07	0.0	0.0	0.0
904.1457717056602	-1.2145254932049738	817479.5764932238	1.475072173644785	1324.9819046539783	-3.64537717409803	13.28877474143494	1755577.047660484	837.4826809103215	-1.4814829795324158	701377.2408247393	2.1947918186442443	994.1939223684273	797.0195703574894	1.010196	33.119701	0.029347738184958	0.0169090948714243	0.0803187846	-0.004128416	0.1023524801	-0.1736315908	-0.0438816122	0.0296636301	-0.0559290219	0.0818163236	0.0188704212	0.1399406669	0.1069497405	-0.0298417385	-0.0716983074	0.0934273642	-0.0199458934	0.1301031235	-0.024098249	0.0090122486	0.0157869524	-0.0224338024	0.0921546644	0.008003185	-0.0605616858	0.0283505214	-0.0292953141	0.0109204056	0.039311996	-0.1189994217	-0.0277319353	-0.0918319591	-0.032671259	0.0696996942	0.0418892048	0.0584955588	-0.0041551949	0.0493260738	0.0306518138	0.0915523368	-0.0828515539	0.0439961363	-0.0372568208	-0.0214984212	-0.1303486637	-0.1314937534	0.0932944762	-0.0544018393	-0.1534637975	0.0609697042	-0.0071352356	0.0040567858	-0.1748709766	-0.0857410011	-0.0549830846	-0.1434642239	0.0097521803	-0.1103138512	0.006028908	-0.0518776638	-0.1302285965	-0.0206954035	-0.0481509714	-0.1560212672	-0.0305882753	0.0037571634	-0.0030533672	0.1497029639	0.0133698858	-0.104120512	-0.0342472691	-0.1056852192	0.0676398983	0.0093760058	0.1149362136	0.0625556761	0.019488884	-0.000750374	-0.0232997069	0.0718968512	0.0969904529	0.1330802761	0.099040741	0.0051960009	0.0089292747	0.0695794533	0.0385248827	0.0746239168	0.0098789333	-0.0772419336	0.0317850988	0.0914168348	-0.0179890503	-0.0179993823	-0.0102858163	-0.0232584839	-0.0218972982	-0.0018599729	0.0144378905	-0.0176154159	-0.0197705448	0.0419083441	0.1276653498	-0.016333396	0.1166844854	-0.0827023906	-0.0309996011	0.0074826161	-0.0313627282	0.0902355274	0.0525278141	0.0676009976	0.0708837877	-0.1108443199	0.0643678304	0.0850816786	-0.0950990998	-0.0302298915	-0.0242721222	0.0133174029	-0.0626904435	-0.0463860676	-0.0601105761	-0.0731227308	0.1282045865	-0.0462651033	0.0671659801211888	0.0055629685730451	0.0045112688856399	3.09466193446885e-05	-0.0379402727749891	0.0102872658804784	0.0001058278392956	0.0014394642982405	0.4941235643975261	4.013504545946622e-05	0.2441580968929161	1.61082187403342e-09	-0.00479883019165	-9.181295879991115e-08	2.3028771208291574e-05	8.42961940359418e-15	-0.0004779430350319	0.000249956281775	2.28429544735504e-07	6.24781427987832e-08	0.0008088582070993	1.9099278985700066e-05	3.64782457773604e-10	6.542515991918942e-07	0.0	0.0	0.0
905.0555768775208	0.9098051718606256	819125.597237102	0.8277454507443427	1323.1722516813827	-1.809652972595586	3.274843881224041	1750784.8076195803	840.6488263508761	3.166145440554601	706690.4492451055	10.024476950744688	992.6689180006384	794.7185923418122	0.995577	32.640408	0.0565295557935932	0.0277502934550333	0.0488905465	-0.0034226292	-0.0244353946	0.1274416385	0.0426613099	-0.1351234027	0.1140569643	0.0038637735	0.0463271679	0.0130870593	-0.1512052555	-0.0110843899	-0.0531694739	0.029188644	-0.0853981469	-0.1683090628	-0.1057008131	0.0722618348	-0.0720518295	0.0687739551	-0.1249856952	-0.0233776871	0.1041008119	0.1805035941	-0.009288238	0.0091515271	-0.0539748111	0.0768208927	-0.0217752401	0.1512667574	0.0465390792	-0.0914214409	0.0315968731	0.0022253728	0.1044803838	-0.0367591914	0.0272438355	-0.0171182768	-0.0374516634	0.1044107537	0.0006303049	0.0701281996	-0.0940259306	-0.1191131691	-0.0795905766	0.0757434947	-0.0289238346	-0.1109172171	-0.0053649088	-0.0340359507	-0.0947432538	-0.0593364741	0.1317409853	0.0039479942	-0.0331435321	-0.0451820606	-0.0465892062	-0.0676079558	-0.0761663826	0.0679023484	0.0111608289	0.0304505335	-0.0503600255	-0.0028647351	0.0962315079	-0.0367182087	-0.09196079	0.0904095483	-0.0092139864	0.0940597254	-0.036808023	0.0948817112	0.0775400193	0.029562293	-0.0985507695	-0.1002896764	0.1386128492	0.0393988755	0.0368542414	0.1032816181	-0.1274340841	0.0236532453	0.1303922064	-0.0090426608	-0.0040780986	-0.0367513893	-0.022330806	-0.0742780103	0.0040519719	-0.0666301797	0.020121977	0.0696867701	-0.0227860371	0.1556495997	0.0182144063	-0.0050654721	0.0102971481	-0.0424644596	0.039382483	0.0655356322	-0.030724118	-0.1350406618	-0.1265175924	0.051249464	-0.0371029373	0.0086309117	-0.0004260265	-0.1290873435	-0.0114692859	0.0129940462	-0.1277461772	-0.081930429	-0.036055912	0.0358872925	0.0048537067	-0.0224308454	0.0190596754	-0.1746870813	-0.1379159512	-0.1368173879	-0.063080731	-0.0674542747	0.1289999139	-0.0586099215	0.0719395639653299	0.0047735838441411	0.0051753008635217	2.2787102717044943e-05	-0.0325469600541765	0.0053933127208125	2.908782210447895e-05	0.0010593046087681	0.4731685331743165	-0.0209550312232095	0.2238884607863342	0.0004391133335656	-0.005034761662266	-0.000235931470616	2.53488249958235e-05	5.566365882702854e-08	-0.000479220981159	-1.2779461271e-06	2.2965274878299465e-07	1.6331463037698896e-12	0.0010798013504648	0.0002709431433654	7.341018693677788e-08	1.1659709564656058e-06	0.0	0.0	0.0
906.4511892729053	1.3956123953844326	821653.7585342643	1.9477339581506736	1327.784291591944	4.612039910561407	21.27091213661127	1763011.1249983208	838.6037238859561	-2.045102464919978	703256.205715393	4.18244409202177	994.1220642806912	807.8205640373743	0.98424	32.268734	0.0646709211606127	0.0346759989397613	0.0254040324	0.005501641	0.0563407242	-0.0852817116	-0.0212424381	-0.0458928801	-0.0347988119	-0.0431149606	-0.013718658	0.0386221998	0.0319535879	-0.0338241418	0.0269012922	0.0448598762	-0.008074951	0.0488142468	0.0107232628	0.1026583746	-0.0208426605	0.1173572673	0.0186290875	0.124286817	0.0120315458	-0.0283021586	0.0103405011	0.1333729039	0.0091897363	-0.049771914	-0.1209117419	-0.0139000778	-0.1825889043	0.0997274262	0.0141079272	-0.0552203259	-0.1639782763	0.0187986239	-0.064289272	0.0784370693	-0.1102659484	-0.0911243098	-0.1110735075	-0.0932263535	0.0060648231	0.0692528875	0.0911074547	0.0474652203	-0.0022978331	-0.051186176	-0.0311383875	0.1440709638	0.0088494751	0.1630228743	0.0231395508	0.0190893547	0.0928370055	-0.0374307358	-0.0142161965	-0.0651908458	-0.0311269175	-0.1019942088	-0.015696886	-0.0645111339	-0.0063517422	0.0326228451	-0.0343267174	0.0286859474	0.0101531963	0.0778341772	-0.1633727784	-0.0745142742	0.0474870172	-0.0926582157	0.0278336452	0.1172754394	0.147062178	-0.0598854826	-0.0554696084	-0.0313207401	0.0356419003	-0.143933284	-0.0442989195	-0.1548249657	-0.0024827841	0.0523532205	0.031804934	-0.0837566456	0.0644999494	-0.184724532	0.0811789515	0.0208064952	-0.0119463457	0.0116801704	0.0175885812	-0.0381869682	0.0194740137	-0.1041253512	0.0083459729	-0.0143619076	-0.0226000472	0.0042017663	0.0082550073	0.0363858849	0.1126450184	0.0516860442	0.0344278427	0.1273387715	-0.0624407101	0.0685601961	0.032719864	0.1039371499	0.0147113979	-0.0569068126	0.025577578	0.1231565632	0.0060677007	-0.080749409	-0.0540012661	-0.1180379033	-0.0069802493	-0.0370375872	-0.0660076536	-0.0616009311	0.1289999139	-0.0703125971	0.0718476111819086	-9.195278342129244e-05	0.0051620792325467	8.455314378923112e-09	-0.009924925493209	0.0226220345609675	0.0005117564476776	9.850414604574992e-05	0.4944371051359155	0.0212685719615989	0.2444680509351843	0.0004523521532857	-0.0053282972925027	-0.0002935356302366	2.8390752037291603e-05	8.616316621845654e-08	-0.000479060004658	1.6097650099998646e-07	2.2949848806292299e-07	2.591343387419864e-14	0.00095973072011	-0.0001200706303548	1.4416956273799033e-08	9.210830551228592e-07	0.0	0.0	0.0
905.5970562220624	-0.8541330508428473	820106.0282380653	0.7295432685421099	1329.8544112400234	2.0701196480792987	4.285395357363959	1768512.7550945494	840.2174239086225	1.613700022666421	705965.3194396419	2.6040277631536086	994.8768386893546	798.7799724903876	0.964987	31.637514	0.032856679618528	0.0199604300281378	0.025874929	-0.0373004238	0.0274003625	0.0751635906	0.0958278987	-0.1033792224	-0.0116697648	-0.1438097307	0.0375120104	-0.0132016904	-0.0066667851	-0.0225277686	0.0835832579	-0.0636815262	0.0448718212	0.0147435637	0.0952447695	0.0833802227	-0.0110657412	0.0683837123	0.0678222509	-0.0447326004	0.1068930333	0.1745483633	0.013213185	0.0767337052	0.0938729447	0.063488058	0.020387871	0.0252298416	0.030110585	-0.0552521733	0.0009701099	0.0448955529	-0.2009548389	-0.0653420608	-0.140508253	-0.0106690692	0.0016985336	-0.0989445433	0.0762434263	0.0479374827	-0.0083260394	-0.0722791633	0.0380306455	0.0301167899	0.0320024219	0.0798123196	0.0727457399	-0.062170987	-0.0182775301	-0.033462804	-0.0184584515	0.2591646701	0.1053183608	0.0936524058	0.0390143937	-0.129719741	0.238992141	0.0168351171	-0.0096066988	-0.0069053457	-0.0304170583	0.0229059159	-0.0364040862	-0.0890680234	-0.0465852661	-0.0812609126	-0.0349958334	-0.0021673754	-0.0203306071	-0.0746421137	0.0853026894	-0.0342431684	-0.1007425097	-0.0906059783	0.0383621968	0.058401047	-3.49431e-05	-0.0080854869	-0.0228194432	0.0114074347	-0.1782537207	-0.2107829062	-0.0123356052	0.0508530855	0.1389804999	-0.0383962974	0.0162793844	0.0134637238	0.0120594487	0.107712005	-0.0164801098	-0.1533267552	0.055454997	-0.0536611445	0.0285613373	-0.0128945823	-0.0128825376	0.0213629892	-0.0501775698	0.0623266753	-0.0967251087	-0.0848794166	-0.0842737264	0.1241117535	0.0350222566	-0.182491205	0.0293098341	0.0498246629	-0.1012827973	-0.0822599528	0.0843430701	-0.0149497904	0.0273218752	-0.0040461917	-0.0012228355	-0.1267318386	-0.111091604	-0.0191014007	-0.0688893378	-0.0555787436	0.1282045865	-0.0812449131	0.0716297545437782	-0.0002178566381303	0.0051308217360019	4.746151477747924e-08	-0.0266226588441043	-0.0166977333508952	0.0002788142990576	0.0007087659639295	0.4943219905050782	-0.0001151146308372	0.2443542302969026	1.3251378232807529e-08	-0.0052198433750941	0.0001084539174086	2.7246764860513764e-05	1.1762252201271465e-08	-0.0004779671450436	1.092859614400016e-06	2.2845259174112973e-07	1.1943421367865516e-12	0.0007527579971597	-0.0002069727229502	4.283770804546161e-08	5.66644602287883e-07	0.0	0.0	0.0
906.7369054958835	1.1398492738211417	822171.8157882509	1.299256367030584	1330.2388504587543	0.384439218730904	0.1477935128984278	1769535.399269828	837.3932900252931	-2.8241338833294094	701227.5221793847	7.97573219096925	993.0599008071152	805.7461332620527	0.960439	31.488409	0.0347446208583242	0.0214092831427622	0.0066798191	-0.0130546041	-0.0574563705	0.0097756079	-0.0941648746	-0.0210714215	0.0474518629	-0.0887354236	-0.0865165647	-0.0112294595	-0.0585652504	-0.0320096559	-0.0058093358	-0.04697655	-0.0084339227	0.1032082684	0.1049432637	0.113828631	0.030431409	-0.0011666941	0.1763514527	0.1178655778	-0.0006646057	-0.0345456247	-0.0855067269	0.0260073495	-0.0493301337	0.0510905307	-0.0454072342	-0.0447815264	0.0570890435	0.0624752497	-0.0350235271	-0.0606417603	0.117486426	0.0331947833	-0.0533491592	0.1063671895	-0.0524761797	0.0115723266	-0.0740453852	0.1045851411	0.1597176076	-0.1013235942	-0.0706067975	-0.0046781975	0.1667863524	0.1555784122	-0.0610274298	-0.0248316942	-0.1625458675	-0.0032000199	-0.1354199153	0.1170857124	0.0535183224	0.0357476921	0.0892140174	-0.048410837	-0.0214715743	0.0102761925	-0.0433097335	0.0654193157	0.0671253657	0.1250318516	-0.0016050541	-0.0130249205	-0.0135198975	0.021465843	-0.0445651668	-0.0779077392	-0.0667171389	-0.1616584235	0.0825160289	0.0798994408	0.0150404462	-0.0900239259	-0.0973507466	0.0154819391	-0.0758192683	-0.0834677759	0.0511588925	0.0626089851	0.1023810751	-0.0040461518	0.0576905005	0.0256491608	-0.0811674071	-0.0049186037	-0.0887452015	-0.0517035332	0.044205658	-0.025530078	0.0825097953	-0.0565899437	0.028743075	-0.1263223574	0.0047314561	0.006352483	-0.0436212241	-0.1258314055	-0.0197569548	-0.0725768366	0.0321126229	-0.016781389	0.0182249642	0.059478985	-0.0351764493	0.0688226607	0.1202590868	0.0349882598	-0.0185954346	-0.0660731288	0.1171669029	0.1320776967	0.112121202	-0.0248008276	0.0329832764	-0.0089667339	-0.0063894811	-0.0271697206	-0.0717238087	-0.0494042187	0.1266188352	-0.0912870929	0.0716629740909411	3.321954716289932e-05	0.0051355818555588	1.1035383137080923e-09	-0.0060216672461166	0.0206009915979877	0.0004244008548203	3.626047642295348e-05	0.4905493600555246	-0.0037726304495536	0.2406386746508846	1.4232740508899115e-05	-0.005328323589888	-0.0001084802147938	2.8391032278556943e-05	1.1767957001730656e-08	-0.0004782693485603	-3.0220351670000485e-07	2.2874156977229375e-07	9.132696550585012e-14	0.0008507311641215	9.797316696179995e-05	9.598741444524733e-09	7.237435136075226e-07	0.0	0.0	0.0
908.1046219285348	1.367716432651264	824654.0043679671	1.8706482401442992	1331.2423693871624	1.0035189284080843	1.00705023967331	1772206.2460515462	837.3526132049891	-0.0406768203040428	701159.398841224	0.0016546037100473	992.623529103351	813.1272438528292	0.949547	31.131298	0.0232893414697135	0.015286382492019	-0.0505208348	-0.0239269215	-0.0107735799	-0.0525428348	-0.0643959981	-0.0993061517	-0.0864185316	-0.0764249832	0.0390191087	-0.0024526607	-0.064420977	-0.0151637226	0.0365462482	0.0363308646	0.0864577559	0.1703821695	-0.0134894129	-0.0770731648	-0.0858175486	-0.0396700501	0.0650850012	-0.0507430994	0.1036058424	0.0318623102	0.0043716869	0.0430724225	0.0331339761	-0.0509611212	-0.0929876621	0.0381704789	-0.0345398102	-0.0393012097	0.0940108304	-0.0064435521	0.1134643692	0.0365372108	-0.0593363209	0.0184585675	-0.0975413938	0.1845956035	-0.0184659794	0.0904202544	-0.0010548072	0.043211772	-0.0273841464	0.0333025055	-0.0095211118	-0.0439231808	0.0504147951	0.015062944	0.056783907	0.1214506419	0.0369514342	0.0218216984	-0.0002981688	-0.0703702122	0.0582134074	0.0414529578	-0.0306329907	0.0148144645	0.033336097	0.0986867548	-0.0111586329	0.0044200338	-0.0310355726	-0.0349404792	0.0582545405	-0.194909178	-0.0014564951	0.0500189323	-0.0540165485	-0.0448193022	-0.0729254953	0.0436981532	-0.1098090265	-0.1604753163	0.0352426873	0.0329014592	0.1133602869	-0.0478479948	0.0257807843	-0.0750932554	0.0090377194	0.0672630433	-0.0360013981	0.0006247595	-0.0492362332	-0.2009128485	-0.0505104122	-0.0172445685	-0.0486505113	-0.0718306629	-0.0813506862	-0.0232974767	0.0259532645	0.1160998868	-0.0066298869	-0.0226143127	0.0208705744	0.0256542538	0.0558965433	0.0398547308	0.0365549217	-0.1140208634	-0.0109221483	0.0019554299	0.0345742243	-0.0823062243	0.0083479466	-0.0094783744	0.0018353986	-0.0783899283	0.0193056248	-0.0527574643	0.099514046	0.0481798785	-0.0044464345	-0.0366160889	-0.0392719523	-0.0866931064	-0.0745091236	-0.0430942802	0.1242524367	-0.1003291122	0.0717878814756716	0.0001249073847304	0.005153499926765	1.5601854760210898e-08	-0.0199863596861291	-0.0139646924400125	0.0001950126349441	0.0003994545735033	0.4944336946571752	0.0038843346016506	0.2444646784123447	1.5088055297580183e-05	-0.0053282980108859	2.557900209958913e-08	2.839075969281064e-05	6.542853484107854e-16	-0.0004790518521322	-7.825035719000064e-07	2.2949067703129122e-07	6.123118400362685e-13	0.0009562312224139	0.0001055000582924	1.1130262299699798e-08	9.143781507191816e-07	0.0	0.0	0.0
910.3840301937907	2.279408265255938	828799.0824318889	5.195702039717085	1336.4479987658756	5.205629378713184	27.098577228521805	1786093.2534053137	839.4642153924044	2.111602187415315	704700.1689243851	4.458863797897142	993.3325143008703	822.4958160913578	0.935781	30.679991	0.0665060385482158	0.0397951548849625	-0.1416204755	-0.0348277875	-0.0869336405	0.06195544	-0.0994277515	-0.0914673159	0.072618668	0.0258991924	-0.0428656502	-0.1478970578	-0.1225113124	0.1478231364	-0.0631089693	-0.0741026258	-0.1553947972	0.0422179564	-0.0041411564	-0.0125326842	0.0786042298	0.1272745077	0.0315753342	-0.0089084497	0.0594691745	-0.0300235892	0.0320390262	-0.1257571844	-0.0198589768	0.0132277328	0.061526518	0.1586861187	0.0887999534	0.1297042748	-0.050938429	-0.1240709418	-0.0812533745	0.0365593571	0.0587152511	0.077809501	0.1014711367	0.0569852541	-0.127818254	-0.0687506957	-0.0409485078	0.0693027064	-0.1445951256	-0.2101895449	-0.0269146378	-0.0511873954	0.0529762014	0.0129096363	0.0568822104	0.0081218923	0.0789043626	-0.0811525204	-0.0321689842	0.2066233534	0.0417134936	-0.1216403575	0.060881321	0.0522298737	0.0485132395	0.1864890785	-0.0864566017	0.1182249485	0.1010544688	0.0452483324	-0.0158196931	0.0608856749	0.0752137976	-0.0104093012	-0.0225081339	0.0404882961	0.0641668696	-0.0406313983	0.0895208491	-0.0624359072	0.039175226	0.0260003085	-0.1058651704	-0.1219794543	-0.0616754926	-0.0478167856	-0.0394213813	0.01246386	0.208373161	0.064157144	0.0434693096	-0.1100150214	-0.1272405782	0.1031975455	-0.0280130705	0.1455468972	-0.1468611096	-0.0482331256	-0.1591520684	0.0725517805	-0.0056633311	-0.0642298019	0.0815064539	-0.043715805	0.0012332028	-0.0938018369	0.0481246157	0.0797056722	-3.45426e-05	-0.083668631	-0.0604441142	-0.000949321	0.0022081912	0.043177925	0.0060524892	-0.0526096391	0.0406924212	0.010311482	0.0267548122	0.0044468149	-0.0429498972	0.0348468115	-0.0007727268	-0.058240278	-0.0772433738	-0.0366662233	0.1211199807	-0.1082719048	0.0714540694089294	-0.0003338120667421	0.0051056840350961	1.1143049590269757e-07	-0.010572735666031	0.0094136240200981	8.861631719176793e-05	0.0001117827394637	0.4632526396417447	-0.0311810550154305	0.2146030081350441	0.0009722581918753	-0.0052519003645391	7.639764634680048e-05	2.758245743904593e-05	5.836600367330797e-09	-0.0004768779316812	2.1739204509999867e-06	2.274125617245393e-07	4.725930127275986e-12	0.0005232518402928	-0.000432979382121	1.8747114534196948e-07	2.737924883698019e-07	0.0	0.0	0.0
910.855288039524	0.4712578457332483	829657.3557495642	0.2220839571651421	1336.30954486787	-0.1384538980055367	0.0191694818729275	1785723.199704974	840.6780203531724	1.213804960768016	706739.533904929	1.4733224827850446	994.735184475069	833.7399344268936	0.952464	31.226952	0.0592875963839533	0.027400548139314	-0.1665507106	-0.0689034089	0.0574188715	-0.1054360318	-0.0160206007	-0.0820568961	-0.1014597774	0.0261748643	0.0137804495	-0.1480700336	0.1236192439	0.109044175	-0.0713234318	0.0656189924	0.0372961472	0.0919695804	0.0451181102	0.0230889926	-0.1581631074	0.0959543099	0.067345036	-0.0573785165	-0.0416178697	-0.0246744939	0.0119100584	0.0744401658	0.0854720641	-0.104746009	-0.0311547514	0.0762508141	-0.0345881271	0.0878406265	-0.0543683465	0.052014671	-0.035265555	0.1173261827	0.0307634792	-0.1214055131	-0.0386606157	-0.1371461737	0.1089690123	-0.199451234	0.088930588	-0.0008454447	0.1074006988	-0.0358272564	-0.0074515681	-0.0209587319	0.0270236751	0.0019608135	-0.0071127528	-0.0383061422	-0.032547148	-0.0046875124	0.0572776938	0.0495811954	-0.0667640582	0.0600329836	-0.0791994763	0.0616875054	0.0561033902	-0.013994304	-0.1646896983	0.0910219339	-0.0611306145	0.0565856472	0.0930028251	-0.0182770826	-0.0811745992	0.0312386903	0.045633318	0.0001411606	-0.0281112164	0.0582976629	0.0862110824	0.0254586089	0.0810869489	0.1189487689	-0.0046825063	-0.1307412285	0.0017407175	0.0790448873	-0.1312422126	0.1070451564	-0.0401634371	-0.0312365061	0.0112459451	-0.0289914221	0.1664664144	0.0499619397	-0.0462556356	-0.0952982968	-0.0329394103	0.0392406618	-0.0202351992	-0.0416072135	0.0024423606	-0.0758625224	0.1287328007	0.0171697792	0.0349652144	0.0820063372	0.1962575782	0.0493372113	-0.0707864293	0.0424519802	-0.0529491238	-0.0172885266	-0.0001896142	-0.0535290019	0.0158236915	-0.0958732072	0.0974977347	0.1072580229	0.0760570621	0.0631520842	0.0037422058	0.1431294605	-0.0109147459	-0.0257396942	-0.0799246852	-0.0301376669	0.1172407796	-0.1150284477	0.0541826615638711	-0.0172714078450582	0.0029357608141449	0.0002983015289503	0.0081632591577687	0.0187359948237997	0.0003510375020374	6.663880007689454e-05	0.46969759154981	0.0064449519080653	0.2206158275076921	4.153740509727483e-05	-0.0053283259800449	-7.64256155058006e-05	2.8391057749621447e-05	5.840874705440469e-09	-0.0006491343094872	-0.0001722563778059	4.213753517534239e-07	2.9672259694843393e-08	0.0006112746831216	8.802284282879991e-05	7.748020859663612e-09	3.736567382254125e-07	0.0	0.0	0.0
909.8345819679092	-1.020706071614768	827798.9665447201	1.041840884631252	1336.4250604919114	0.1155156240413362	0.0133438593976593	1786031.942310809	837.7142404154945	-2.963779937677941	701765.1485949089	8.783991518982262	991.4270015524104	827.8642626877858	0.930565	30.508972	0.0320665251741091	0.0159621533059023	-0.1498205866	-0.0215436274	0.0316369186	0.0164407325	0.0812225986	-0.1427546941	0.093742118	-0.0444796758	-0.0128792943	-0.1277780675	-0.0191204119	0.0948283248	0.1457629099	-0.0152064935	-0.0944308975	-0.0163026756	0.0762905116	0.004052426	-0.1213019949	0.2022644899	-0.0327519928	-0.0863206902	0.0326567085	0.0630270207	-0.0970432316	0.0356575286	0.0627766683	-0.1067846316	-0.1170604894	0.2882809987	0.0383242384	-0.0545867683	0.0070701534	-0.1402450311	-0.0785779714	-0.0824089804	-0.2104393106	-0.0227336816	-0.1118170914	0.0693496188	0.0039823266	-0.0117283607	0.083042156	0.0602845922	0.0128250299	0.0448456472	-0.1478722383	0.1167940765	0.0150044014	-0.0430582811	0.1050118479	-0.0138374419	0.0138591184	-0.0982040353	-0.0878862531	-0.0888611032	0.0849226409	0.045948567	-0.031213034	-0.1505460226	0.0707251772	0.1294734455	-0.1158696134	0.032323953	-0.075420036	-0.0389162451	-0.0900005299	0.0428285006	-0.1004201947	0.0488556738	-0.2229183121	-0.0652037807	-0.0496619303	-0.0350874722	-0.0461157243	-0.1758777136	0.0033497843	0.0288157931	0.1269117798	-0.1415783173	0.0049927761	0.0123885422	0.0849276968	-0.0233485016	0.0153415489	-0.0589842204	0.0356848712	0.0320636888	0.0130885709	-0.0310356255	0.0260078198	0.0399649181	0.0452893475	-0.0132817567	-0.0115496021	0.1143491094	-0.0193920199	-0.0733070084	0.1198891195	0.0268105776	0.0300563485	-0.0238508159	-0.0126115248	0.1214190544	-0.0579354206	-0.013337924	-0.0408802776	-0.0334275083	-0.0375040094	-0.0607558388	-0.0774048722	-0.0270740596	0.0088482489	0.0199423215	0.1281785644	0.0541419782	-0.0751787873	0.0136157443	-0.0421240045	-0.0766225753	-0.0825512202	-0.0235265052	0.1126387502	-0.1205247148	0.0645407149043961	0.0103580533405249	0.0041655038803705	0.0001072892690051	-0.0017628653680077	-0.0099261245257764	9.852794810121977e-05	3.107694305720924e-06	0.4730022898662227	0.0033046983164127	0.2237311662186902	1.0921030962501092e-05	-0.0053283394982632	-1.3518218299965468e-08	2.8391201808751733e-05	1.8274222600552126e-16	-0.0005578395649212	9.1294744566e-05	3.111849801914737e-07	8.334730385371188e-09	0.0006895194001652	7.824471704360005e-05	6.122235745233037e-09	4.754370032041772e-07	0.0	0.0	0.0
911.818097810105	1.983515842195743	831412.2434940381	3.934335096241488	1336.1802312241798	-0.2448292677315748	0.0599413703379791	1785377.6103143026	839.9325577411114	2.2183173256169084	705486.7015535254	4.920931757132153	993.1377886579048	834.4512579092531	0.927819	30.418936	0.0643121869481574	0.0319375742091507	-0.1829614237	-0.0362646028	-0.0476264558	0.0226026905	-0.0565673351	-0.1155931385	-0.074495457	0.0081899835	-0.0525011458	-0.1564233078	-0.0291995614	0.0448239628	-0.0713564444	-0.0451470251	0.1463692238	0.04590999	0.0770123416	-0.0031000444	-0.1132957117	-0.0768426693	0.0673048207	-0.1055365835	-0.003919698	-0.0640899363	0.0526738623	0.0395129796	-0.1293674226	-0.0198239688	0.0504591348	0.0341625813	0.0361803808	0.0541942238	-0.1558002311	-0.1807436518	-0.1662522452	0.011466105	-0.0800783538	-0.1906690923	0.0536987814	-0.0886863792	0.0139246526	0.0593653248	-0.1166716803	0.1107805209	0.0358496792	0.0979424603	0.0942110785	0.1414238929	-0.0107147835	0.0348166549	0.0010150093	-0.1267233423	0.0527478117	0.0744342931	-0.1632470274	0.0434483484	0.1798095598	0.012953041	-0.0198779195	0.1200363529	0.063641156	0.0791311804	-0.0466052973	0.1897589786	0.014556771	-0.0687729127	0.0717764856	0.0116636739	-0.1585492051	0.0433986737	-0.0317864739	-0.1482223419	-0.1256299	-0.013001959	0.1613896149	-0.0795028093	-0.0237247661	0.0877038753	-0.1232752558	-0.0058276523	-0.0059161073	-0.0443599431	-0.0746718931	-0.0255846889	-0.1426997238	0.0616569645	-0.0070590683	-0.0137605124	-0.0139563955	0.0113154935	-0.0042530589	-0.1795178965	0.0573979741	-0.0088952685	0.0106468022	-0.0638077994	-0.0149354353	-0.0694244207	0.1474127252	-0.0311619164	-0.1001304119	0.0297414961	0.172104421	0.0681335258	-0.0191546979	0.009603107	-0.0157146614	0.020059555	-0.1006325	-0.0145639618	-0.0475624035	-0.094660681	0.0389793996	0.1124464432	0.1207184437	0.0470277791	-0.0367749884	0.0321848731	0.0118387492	0.0190599718	-0.0851211787	-0.016850859	0.1073422654	-0.124700488	0.0651932260746832	0.000652511170287	0.0042501567260247	4.257708273494387e-07	0.0100500208854725	0.0118128862534802	0.0001395442816376	0.0001010029197984	0.4587063870080925	-0.0142959028581302	0.2104115494820179	0.000204372838529	-0.0058728395141575	-0.0005445000158942	3.44902439590497e-05	2.964802673088925e-07	-0.0004789036271681	7.893593775309997e-05	2.2934868411476255e-07	6.2308822689612744e-09	0.000817101179843	0.0001275817796777	1.627711050575469e-08	6.676543381008226e-07	0.0	0.0	0.0
911.3729483735228	-0.4451494365821418	830600.6510270479	0.1981580208893982	1331.6089045889091	-4.57132663527068	20.897027206335157	1773182.2747804746	842.2760785613815	2.343520820270101	709428.9925167385	5.492089835039445	994.7630227595752	836.2658339290875	0.973501	31.916658	0.0645004779671301	0.032892939062426	-0.1869027002	-0.0389123116	0.1423765082	-0.0668523557	0.1278362	-0.006727049	0.0095337165	-0.0640448115	-0.0283662814	-0.0408984965	0.1222055911	-0.0267117399	0.1294107731	0.0682376956	-0.0594696144	-0.0391836034	0.0124785216	0.0077778794	-0.1364454367	-0.1075015654	0.0503998512	-0.0561521895	0.1050466671	0.1514921833	0.148975276	-0.147218964	-0.0786622419	-0.0661702086	0.080222942	0.0297380559	0.0629035113	0.038023389	-0.0823675971	0.0613987958	-0.0475359326	-0.1622009517	-0.0015120757	-0.0797947587	-0.0269473368	0.0190119473	0.0800056099	0.1114631237	0.0597809268	0.0451713013	-0.1495873393	-0.0202696436	-0.1571906426	-0.3063939917	-0.1239223347	-0.0965413432	0.1779958915	0.0327935245	-0.0742110288	0.0715821744	-0.116017663	0.0929366184	-0.0063713349	0.1623553654	0.0596064935	0.0627195865	0.0461785322	0.0796023856	-0.1547800707	-0.0390684682	-0.2038436845	0.0688203142	-0.0345579423	-0.0242868745	0.033785276	0.0399117849	0.061565783	-0.0418126584	-0.0612099525	-0.0435785058	-0.0374897709	-0.0206139596	0.1060750415	-0.021706152	0.0369889119	0.0760557902	-0.0701370365	0.0904217123	-0.1792189434	0.0084267156	-0.0582272018	-0.0100863554	0.1601755934	-0.0836634958	-0.0874725413	-0.1192109858	0.1430523314	-0.0040047683	0.0423783868	-0.0136004408	0.01631976	-0.0023733824	-0.0178076896	-0.063058188	0.1013542019	0.0187421197	0.0948650688	0.133177103	0.0061687715	0.0639972874	-0.1591214386	0.0904681861	0.0073512248	-0.0788746472	-0.0043434403	-0.0459931847	-0.0837302921	0.0671657104	-0.053770479	-0.0495311252	0.0665855193	0.1106645448	-0.0031773561	0.0396904628	0.0392164171	0.0404845729	-0.0876327994	-0.0101290257	0.1013839798	-0.1275100165	0.0614028373751835	-0.0037903886994997	0.0037703084377232	1.4367046493295026e-05	-0.0141700905940922	-0.0242201114795647	0.0005866138000825	0.0002007914674447	0.4653062377112533	0.0065998507031607	0.2165098948530013	4.355802930401171e-05	-0.0054027998152022	0.0004700396989553	2.9190245843148925e-05	2.2093731859398922e-07	-0.0004790547297333	-1.5110256520003192e-07	2.2949343407984518e-07	2.2831985210029894e-14	0.0009447129200206	0.0001276117401776	1.6284756231155293e-08	8.924825012538485e-07	0.0	0.0	0.0
910.5748146502764	-0.7981337232464512	829146.4930753852	0.6370174401832427	1338.0117338889556	6.4028293000465055	40.99622304553402	1790275.4000245293	842.1085072680823	-0.1675712932991473	709146.7380132779	0.0280801383379488	996.2864150948252	833.6228416477084	1.00476	32.941494	0.0263314849186994	0.0155686994554449	-0.1398636543	-0.0216627928	-0.041685112	0.1970131245	-0.0284092986	0.0334734765	0.0789349821	0.0247716192	0.0133051091	-0.1447817536	0.0325511351	0.0279160589	0.0197469837	-0.0444211358	0.0406803595	-0.1490520436	0.0446794353	0.2040403919	0.0258717502	-0.0665110209	-0.0896536949	0.0238838014	-0.0200529559	-0.0603928859	-0.0555618005	-0.0175704846	-0.0785360859	-0.064736418	-0.0579616572	0.0106146766	0.1333805223	-0.0116009001	-0.1245464327	0.1475569781	0.016601735	0.1859718896	0.0038895185	0.0045320122	0.0168544032	-0.2189652205	-0.1116641224	-0.1214286579	0.2076025536	-0.0339164771	-0.067193809	0.0916154793	0.0215333205	0.079548092	-0.0179082901	0.0089053083	0.0664846468	0.0981143417	-0.0110684934	-0.006893392	-0.0384913535	0.0169502013	-0.0184115172	0.0372675488	-0.0267370401	0.0829332712	0.0224190759	0.0554570793	-0.0820538918	0.0480446473	-0.1085716383	-0.1064762319	0.0255216599	0.1147590958	-0.0091735348	0.1778603293	0.0744207882	-0.0106574308	0.1036950411	0.0593828874	0.0079755816	0.1219374665	-0.0048968127	-0.071482931	-0.0841694713	-0.1065578566	0.1098784691	0.1652300003	-0.030318367	0.0322611221	0.0247201391	0.0524893008	-0.0902446804	0.0933853395	-0.0679194872	-0.0545034447	-0.0118700034	0.0730634775	0.0173558395	0.1398904844	0.1004738482	0.0554785795	-0.0078692342	-0.0761292331	0.1269145641	-0.06846319	-0.1265427007	-0.1356061012	-0.064519253	0.1308328377	-0.0331401584	0.0026534751	0.0180017848	0.0046059178	-0.0112008508	-0.0172645307	-0.0162980304	0.0839971187	-0.1024683174	-0.0280572512	-0.0096163196	0.1046918303	0.0829182458	0.1604421583	0.0778500066	0.0681726452	-0.090084361	-0.0033794295	0.0948006283	-0.1289225186	0.0659408173213051	0.0045379799461216	0.0043481913890017	2.059326199140188e-05	-0.0194798577108912	-0.0053097671167989	2.819362683463996e-05	0.0003794648564365	0.4651017508316144	-0.0002044868796388	0.2163196386266331	4.1814883944439863e-08	-0.0051257862658846	0.0002770135493175	2.6273684843531196e-05	7.673650650553421e-08	-0.0004790493703563	5.359377000025735e-09	2.294882992387675e-07	2.8722921828404845e-17	0.0009932790308488	4.856611082820002e-05	2.358667120977007e-09	9.866032331239313e-07	0.0	0.0	0.0
907.3937948885256	-3.181019761750804	823363.4990021996	10.11888672464914	1334.7014969031848	-3.310236985770871	10.95766890196542	1781428.085835602	841.1776954501931	-0.9308118178892072	707579.9153228978	0.8664106403222108	996.6294445678458	819.8460219652663	1.045399	34.273861	0.0659965542906829	0.0364884857920757	-0.0080440561	0.0102603716	0.1716878754	-0.1378265288	0.0352307424	0.1496218124	-0.0782345807	0.0019440509	-0.0018382046	0.0436126628	0.3412667003	-0.0636570104	0.0249880969	0.0078735473	0.016729257	-0.0623626287	0.0823300562	-0.0762110803	0.0133449217	-0.045231065	-0.0213746028	0.0014500772	-0.1029401427	-0.0570776965	-0.0467012741	0.1340436823	0.0923858436	-0.1144958298	0.0179109721	-0.1282815401	0.0063056462	0.1307850229	0.0038584333	-0.0026674194	-0.0407474657	0.0398218448	0.0048629226	-0.0585787095	0.1622332756	0.1019938216	0.135289748	0.0707241638	0.0535283098	0.1012236914	0.0168609815	0.0304370176	-0.1011219118	-0.1019428766	-0.0306130671	0.1499518821	0.0906848773	-0.0484233131	0.0685420977	0.046413542	-0.0152001732	-0.0149810905	-0.0108371867	-0.0033049571	0.1455066935	0.0236492822	-0.0431547842	-0.1967306203	-0.0034886549	-0.0316854083	-0.2280736547	0.0802086098	0.0972708873	0.0321557311	0.0772567988	-0.0457861456	-0.0713741947	-0.0073729434	-0.0533903693	-0.0506638242	0.0978734459	0.1327179181	0.0497365573	-0.051722444	-0.0577170879	-0.0634545171	0.0148701021	-0.1436421793	0.0662506884	-0.117978899	0.0771441306	0.2223071204	-0.1210594708	0.0722013317	0.0588750412	-0.0248592648	-0.139501633	0.0582978457	-0.0421886921	0.0324145587	0.1267381642	0.0004379172	-0.0178018582	-0.0417912349	0.0183179038	-0.0358848242	0.0581835587	0.0888364154	0.0982561026	0.0132018475	0.0076121254	0.119629417	0.0073992803	0.0691427386	-0.0005315964	-0.042123126	-0.0776217013	0.0536277534	0.0223989171	0.0081736731	0.0002588832	0.0059571656	0.0044840098	0.0699037154	-0.0365041959	0.1276828897	-0.0924741833	0.0033794295	0.0876327994	-0.1289225186	0.0631872734608975	-0.0027535438604076	0.0039926315274222	7.582003791188407e-06	-0.0195847118867362	-0.0001048541758449	1.0994398192134125e-08	0.0003835609396864	0.4903417248064698	0.0252399739748553	0.2404350070861838	0.0006370562862513	-0.0053283474125342	-0.0002025611466496	2.8391286148659905e-05	4.103101813200075e-08	-0.0006160356636901	-0.0001369862933337	3.79499938938102e-07	1.8765244561333894e-08	0.0005748628252407	-0.0004184162056081	1.7507212111547982e-07	3.304672678437196e-07	0.0	0.0	0.0
905.3926358196778	-2.0011590688477554	819735.8249965038	4.004637618831615	1332.61249262625	-2.089004276934702	4.363938869051477	1775856.0555035474	838.2766501205346	-2.9010453296585865	702707.7421373051	8.416064004733897	994.417764153576	803.1189324075331	0.983846	32.255817	0.0564691061897746	0.0278871571323026	0.0830868783	0.0232976633	0.029302117	0.190871522	0.1415634089	0.1407286872	0.011723466	-0.0145902749	-0.0285119629	-0.008666776	0.0762402129	-0.1396157755	0.0182968896	-0.1585594418	-0.0379571491	-0.1405102588	0.0111303834	-0.0066509607	0.1045041876	-0.1639759628	-0.1057333723	0.0243821303	0.1065582166	-0.0233437151	0.0757558904	0.1161002781	0.0209362001	0.116875924	-0.0622538402	0.0081483267	0.103630559	0.1281459151	-0.0527377569	-0.0118020153	0.0779607194	0.0529072892	-0.0966270876	-0.1173751632	0.097536703	-0.0311343864	0.1180984538	0.014634153	0.0395485975	0.0447096332	0.1262485648	-0.0517116961	0.1161473781	0.0307121752	0.0634386538	-0.0549732907	0.0342306664	-0.0050765048	0.0014226451	-0.1587896846	0.070580412	0.1183532476	-0.0830029819	-0.1129715473	-0.0445978121	-0.0616407357	-0.0497360414	-0.0903398049	0.0770018318	-0.0153307565	-0.0842131775	-0.0807034848	-0.0655142738	0.1309941827	0.1173159317	0.0796152262	0.0613492612	-0.0347527564	-0.0604229687	-0.0130772525	-0.0898821037	0.0235017616	0.0976775579	0.1309574008	0.078593312	-0.1600563208	-0.0607654795	0.0042731527	-0.023134369	-0.1781056564	0.0540557028	0.0619235786	-0.1619223555	0.253724994	-0.052982861	-0.0279871488	-0.0767866466	-0.0702013336	-0.0783573195	-0.0732021023	-0.0641484166	-0.0425322203	-0.0069343832	-0.0010569814	-0.0079806294	-0.0477011965	-0.0984390414	0.0570299907	-0.1683943773	-0.0512429718	-0.0495127134	0.0889113965	0.0453960952	-0.0489210328	0.0222377756	0.0076827403	-0.0647569422	0.031856579	0.0985327766	0.0215942344	0.0140420249	-0.0142446496	0.0052782805	-0.0082130291	-0.0013026614	0.1323821703	-0.0948006283	0.0101290257	0.0799246852	-0.1275100165	0.0718488854366796	0.008661611975782	0.0051622623384931	7.502352201901179e-05	-0.0265647309586682	-0.0069800190719319	4.872066624453445e-05	0.0007056849309064	0.5004204191891404	0.0100786943826705	0.2504205959414349	0.0001015800804592	-0.0053283237717941	2.364074009990336e-08	2.8391034217066107e-05	5.588845924711787e-16	-0.000412129762578	0.000203905901112	1.6985094120259866e-07	4.157761650833749e-08	0.0009859088985763	0.0004110460733355	1.689588744046154e-07	9.720163562919329e-07	0.0	0.0	0.0
906.7832480186684	1.390612198990539	822255.8588872858	1.9338022879813013	1328.8459134326556	-3.7665791935944526	14.187118821618636	1765831.4616466688	841.7173469857901	3.440696865255518	708488.0922167969	11.838394918579148	995.635245670511	801.8409666993692	0.955533	31.327572	0.0468533141311982	0.0212537168510735	0.0998682285	0.0298611327	0.0278676223	-0.0495022612	-0.0769155389	0.2225129554	-0.0144578602	0.0043651669	-0.0613273849	0.0602984659	0.0386175954	-0.1333036158	-0.0285598925	-0.0552219931	-0.0230806092	-0.0033812195	0.0874553621	-0.0317035621	0.0045283791	-0.2061522699	-0.0854599278	0.1555934438	-0.0983506738	0.0505853954	-0.0944010729	-0.0260885263	0.0009320187	-0.129763401	0.0657663872	-0.1729656115	-0.1038229795	0.1035449269	-0.046851679	0.0603619838	0.1603007882	-0.0194912087	0.0894917964	-0.1539581601	-0.0348237962	0.0773106906	0.0717926055	0.03420563	-0.048099836	-0.0577983251	-0.0349898051	-0.0013788012	0.1369476084	0.0698558696	0.0748553567	0.0390997712	0.0874769171	0.0532499239	0.0102220812	-0.2432034531	0.0255250446	0.0240308879	0.1167273096	-0.0968563118	-0.1013815798	-0.1734014908	-0.0722015775	-0.0674224895	0.1471043522	0.0197518396	-0.0619099017	0.0735548	0.0236024765	0.0407530467	0.0480984574	-0.0690305611	-0.0729908688	-0.0469237385	-0.056444918	0.0231725851	-0.0406559493	0.1203470323	-0.0025607497	-0.0545235359	0.0242403817	0.0711599582	0.235074065	0.0700746938	-0.1029143829	-0.0142563338	-0.0383296363	-0.0520190071	-0.1871986485	0.037158455	-0.0040977101	-0.1405500607	-0.0735659526	-0.0595953744	0.014319221	0.1112979886	0.0381418043	-0.02178751	-0.0078019636	0.0164653919	-0.0982478788	-0.140905257	0.0469595881	-0.0077151164	-0.0219427645	-0.1094485161	0.0645808951	0.1302525826	-0.0027320452	0.0955256246	0.0514598637	-0.0542864332	-0.0539368661	0.0147602183	0.1222295517	0.1276554332	0.1105557021	-0.0766905311	-0.0365237478	0.0346999392	0.0129141707	0.0413391373	-0.0970621018	0.016850859	0.0717238087	-0.124700488	0.0675980764575285	-0.0042508089791511	0.0045694999407578	1.806937697723164e-05	-0.0197728711737283	0.0067918597849398	4.6129359338283845e-05	0.0003909664344528	0.4881110981315331	-0.0123093210576072	0.2382524441191711	0.0001515193848992	-0.005447860333973	-0.0001195365621788	2.9679182218476407e-05	1.4288989697549962e-08	-0.0004779143218058	-6.578455922780002e-05	2.2840209898709778e-07	4.327608232795929e-09	0.000701203533793	-0.0002847053647832	8.105714473639189e-08	4.916863958037909e-07	0.0	0.0	0.0
905.4962264751742	-1.28702154349412	819923.41616078	1.6564244534179873	1330.005063880801	1.159150448145283	1.3436297614354105	1768913.4699485733	841.7834198593835	0.0660728735933844	708599.3259501591	0.0043656246248873	995.6195435540463	798.2481822676723	0.965338	31.649017	0.049974602868378	0.0238139935098054	0.0974201562	0.018027048	0.0703956992	0.1107554968	0.1003410867	0.0822389363	-0.110011402	0.0056674905	0.0358189285	0.0590934423	0.013179181	-0.0538203463	0.0787647446	0.0070317038	0.0672939008	-0.0482261313	-0.129735215	-0.0034683335	-5.9735e-05	-0.1006363214	-0.0363368107	0.0541460041	0.0275268374	0.1343264985	-0.0429854337	0.0561784713	0.009572142	-0.0554078291	0.0360132421	-0.0472897277	0.0060952327	0.0062111056	0.0376070929	0.0685725529	0.0785853476	0.0023034996	0.0986834117	-0.0368081544	-0.0552095957	0.0931729391	0.1509359595	-0.0348290439	-0.0510367785	0.0154751081	0.150491351	-0.0837591643	0.1397827243	-0.1144121515	0.0924209256	-0.1151102323	0.0358804729	0.0147130099	-0.003166811	0.0421218422	-0.0435935841	-0.1255376461	0.0308160749	0.1722975586	0.0057119305	-0.0413465223	-0.0259706626	-0.0727350358	0.0286107354	-0.0671560033	-0.0441434173	-0.0879230165	-0.0922664444	-0.0525523983	0.041525411	0.0035087672	0.0867907479	0.099260904	-0.1636201873	0.0175029236	-0.1885173945	0.0380288814	0.0521710852	-0.0468997708	0.0423777977	0.0702129905	0.0020621905	0.0711405852	0.0291078212	0.0141620475	-0.1325293627	0.0492849159	-0.1212541713	-0.0874354027	-0.0802697093	-0.011813737	-0.1243664054	-0.0252900895	0.1849040512	-0.1843284714	-0.0824402868	0.027980364	-0.0046612926	-0.0424691714	0.0047104133	0.0365074187	-0.0216154043	0.0657686841	-0.1507406345	-0.1113624656	-0.0238252023	-0.0166974735	0.1131914258	-0.0391204617	-0.1257469725	-0.0126989452	-0.0138797639	0.0291473697	-0.0665434896	0.0423895603	0.0465386621	-0.0415678677	0.0217920536	-0.0546212857	-0.0557627444	-0.1023828688	-0.0992570537	0.0235265052	0.063080731	-0.1205247148	0.0718086903579262	0.0042106139003977	0.0051564880109205	1.7729269418222357e-05	-0.0285887459284026	-0.0088158747546743	7.771964769010365e-05	0.0008173163937587	0.482641566135527	-0.005469531996006	0.2329428813617542	2.9915780255334285e-05	-0.0051322677360297	0.0003155925979432	2.6340172114291425e-05	9.959868787660133e-08	-0.0005349629226929	-5.704860088709998e-05	2.861853286561297e-07	3.2545428631756243e-09	0.0009581339793086	0.0002569304455156	6.601325383284472e-08	9.180207223057328e-07	0.0	0.0	0.0
904.934883162128	-0.5613433130462226	818907.1427636542	0.3151063151017095	1328.0403715403293	-1.964692340471629	3.860015992707887	1763691.2284409758	841.5201645062957	-0.263255353087743	708156.187270703	0.0693033809293522	996.6470308231336	793.1499470013674	0.935822	30.681322	0.0466210651374611	0.0257732920090548	0.1484323399	0.02182295	0.0391768604	0.0299694391	-0.0423419237	0.0509428291	-0.0242337833	-0.059183458	-0.0302253727	0.1264429299	0.049987652	-0.0345844467	-0.1215080473	-0.0557756211	-0.0235093025	-0.0788565575	-0.0674077524	-0.0212849559	0.0906485233	0.0168810191	-0.0574172163	0.1640648688	-0.0989574505	-0.0149522911	0.0318721883	0.0290321522	0.1312350348	0.0251544606	-0.045548835	-0.1058236892	0.0647588103	0.0532766069	4.85934e-05	0.0892821309	0.193278985	-0.1224873916	0.1413039648	-0.0216528743	-0.0635561125	-0.1202022395	0.0751451469	-0.0803108544	0.0860746991	0.1276149869	0.1014223531	-0.15377447	-0.0178454877	-0.1430625582	-0.0257212099	-0.1475385991	-0.0793381529	-0.078079754	0.1099988621	0.0111584588	0.0320600019	-0.0982125673	0.0443041485	-0.0379931153	-0.0243302777	-0.0645902562	-0.0931707114	-0.1621814178	0.0401168427	-0.0253400115	0.0600970659	0.0342114266	0.0146387999	0.0950262886	0.0803176057	-0.1035303959	0.0231876818	0.0915151082	-0.0443811571	0.0712757823	0.0384530161	0.0556783846	-0.0830573145	-0.0630422932	-0.0536711805	-0.1441600861	-0.0099680607	0.0349621064	-0.0090032521	0.0784397763	-0.0535528286	-0.0013053131	-0.1263403801	0.0693095279	0.0506553096	-0.067758333	-0.0615496448	0.0291522903	0.0545493983	0.0458488742	0.0072228388	-0.1714204108	-0.0049922902	-0.0441480518	-0.0376512521	-0.0386794342	0.0259501759	-0.0340249326	-0.0650218877	-0.0181088688	0.1060789008	-0.0207062968	0.0510996791	0.1652664825	-0.073236228	-0.0380399108	-0.0378956055	0.1935742892	0.0511014868	0.1047763382	-0.0682780762	-0.0391092897	0.0601297344	0.0270582695	0.0910482443	0.0819254035	-0.1013839798	0.0301376669	0.0540487397	-0.1150284477	0.06595218074807	-0.0058565096098562	0.004349690145426	3.429870481033806e-05	-0.0234946510162927	0.0050940949121098	2.5949802973583954e-05	0.0005519986263773	0.4823772181620569	-0.00026434797347	0.2326877806017646	6.987985107773834e-08	-0.0048103682368265	0.0003218994992032	2.313964257386929e-05	1.0361928758727104e-07	-0.0004770174874941	5.794543519880001e-05	2.2754568337518385e-07	3.3576734603783315e-09	0.0006298566608701	-0.0003282773184385	1.0776599780117236e-07	3.9671941324243217e-07	0.0	0.0	0.0
904.2797116343716	-0.6551715277564654	817721.7968735421	0.4292497307827408	1329.8951711205289	1.854799580199597	3.4402814827086	1768621.166169701	841.229552891663	-0.2906116146326667	707667.1606583074	0.0844551105594055	995.4204199315764	790.659758002448	0.94245	30.898624	0.0931358893391417	0.054820844781231	0.1555919655	0.0354127752	0.049030786	0.0250121395	0.0258971446	0.0709606093	-0.0813804844	-0.1448484644	0.0218277603	0.101154217	0.0355247507	-0.0782349018	-0.0303008306	-0.0723275506	0.0668446219	-0.0649719531	-0.0185862676	-0.0967313737	-0.0721913025	-0.0291728481	0.0226325696	0.0263717139	-0.0010946097	-0.0614401492	-0.0824057192	0.0549817586	-0.04398366	0.0503542219	0.1077564821	-0.0385507802	-0.0580197642	-0.0875902931	0.0184448731	-0.1470187432	-0.0532836392	-0.1242265603	0.0090671348	0.1385480471	0.0375920342	-0.1755224795	0.0999542236	-0.0526307856	-0.0672335445	0.0768832177	0.0375020289	-0.0202178762	0.1246270485	0.0588847839	-0.0543360343	0.0321565035	0.0898583125	0.0343116492	-0.2434977114	-0.00287582	0.0804223625	-0.0278273037	-0.1383731359	0.0121869606	0.0259320309	-0.0513810851	-0.0651886514	-0.1372372011	0.1163036167	-0.0264446205	0.0204588392	-0.1018304344	-0.0019708617	-0.0210291486	0.0356813364	-0.0174425241	0.0085662898	0.003138328	-0.1745285126	-0.0976126348	-0.0635905267	-0.0298936145	-0.0744467911	-0.0525375605	0.0374303317	0.1025537818	0.0698713017	0.0375309915	0.0116146632	-0.0284061137	-0.1093034794	-0.1463586498	0.0227274985	0.0699382384	0.0744738528	0.2183795211	0.0004158456	0.0561568209	-0.0052373597	-0.1160588517	-0.1041275629	0.0655103959	-0.0211435527	0.024447969	-0.0983677498	-0.0255192472	-0.0365088713	0.1830480513	-0.143144314	-0.1154210836	0.0958928681	0.0087971375	0.13351999	0.0270075851	-0.0166869206	-0.0847652518	-0.0023866796	0.0603638093	-0.0285243025	-0.0638930753	-0.0393377204	0.0336827505	0.0258780044	0.0204075012	0.0511782129	0.0251096498	-0.1034414224	0.0366662233	0.0446835199	-0.1082719048	0.0715410755811234	0.0055888948330534	0.005118125495304	3.1235745454931e-05	-0.0560529760066259	-0.0325583249903332	0.0010600445261761	0.0031419361191993	0.5038782522798471	0.0215010341177901	0.2538932931205932	0.0004622944681343	-0.0054378879423734	-0.0006275197055469	2.9570625273810013e-05	3.937809808496686e-07	-0.0004771005635042	-8.307601010002116e-08	2.2762494769602523e-07	6.901623454138816e-15	0.0005877067344678	-4.214992640230004e-05	1.7766162957193096e-09	3.453992057388052e-07	0.0	0.0	0.0
904.4843313587876	0.2046197244160339	818091.905673553	0.0418692316200936	1328.025814455841	-1.869356664687757	3.4944943398125354	1763652.5638611	842.2757197646929	1.046166873029847	709428.3881051315	1.094465126225048	994.6727266133696	786.9157804429263	0.934574	30.640409	0.0656419267155232	0.036303723831354	0.1444020286	0.0897578741	-0.035011368	0.0291867903	-0.0891038607	0.0228292824	0.1024655815	-0.1133720438	-0.0742138188	0.1103723176	-0.0844514008	-0.0359603809	-0.1067540516	-0.0478253264	-0.1182425559	-0.04366033	-0.0519244356	-0.1574823917	0.0537262201	-0.069511929	0.0181684644	0.1271714957	-0.0235958902	-0.0839484736	0.0111339692	-0.1313619083	0.0346634828	0.067898379	0.0489614111	-0.1536747667	-0.1276133231	-0.0516342658	-0.0606827485	0.0199724257	-0.0725997547	-0.0215814835	-0.0777274287	0.1246956216	0.0871150274	0.018549115	-0.0396932684	-0.0359316544	-0.0100754953	0.1525316991	0.0229461309	0.0449321799	-0.0813127763	-0.0509286788	0.0645732864	-0.0401855289	0.0634586066	-0.0618560141	0.0695224564	0.0527068705	0.0523575175	-0.1299774533	-0.0690951657	-0.0654745239	0.096058113	-0.0862762274	-0.0821517321	-0.0190632219	0.1020782115	-0.0255264816	0.1571043866	0.1394105581	0.0015549611	0.1290407428	0.1967769403	-0.0705358616	0.0791970751	-0.038421284	-0.1195312743	-0.0195441781	-0.0239553102	0.1130303393	-0.0517361125	-0.0469796909	-0.0661155081	0.0685908966	0.0577307911	0.0721819367	-0.0742918257	0.0249262283	0.0358790054	0.0945166058	0.1930005764	-0.0852023492	0.1536427126	0.0600975311	0.0448241302	0.0559612632	-0.0500159581	0.0300066601	-0.008649542	0.1062418437	-0.0387982937	0.0372499651	-0.1163768684	-0.0597542168	-0.0157184408	0.0612057658	-0.1401315449	0.0143363052	0.2087140876	-0.1083545468	0.0263945027	0.0983041442	-0.0533188878	-0.1260994367	0.0451503927	0.0856310444	-0.019000728	-0.0041106642	-0.1127342476	-0.0033027576	0.0583027563	0.028958379	0.0480963907	-0.0877995843	-0.1054279714	0.0430942802	0.0350428114	-0.1003291122	0.0474818095968458	-0.0240592659842775	0.0022545222425911	0.0005788482797022	-0.0559035152859763	0.0001494607206495	2.2338507017097645e-08	0.0031252030213293	0.5227717121447881	0.018893459864941	0.2732902630187932	0.0003569628256681	-0.0057863689225659	-0.0003484809801924	3.348206530803645e-05	1.2143899355592504e-07	-0.000477998052309	-8.974888047999963e-07	2.284821380111975e-07	8.054861547413258e-13	0.0006891230683836	0.0001014163339158	1.0285272784921062e-08	4.748906033784279e-07	0.0	0.0	0.0
907.9016157118724	3.417284353084824	824285.3438122284	11.677832349838363	1331.8954083108154	3.869593854974255	14.973756602454516	1773945.3786794336	841.6223629105375	-0.6533568541553905	708328.2017511165	0.4268751788718282	995.71796585431	799.8398534013552	0.93603	30.688141	0.0543269259419313	0.0322340180657014	0.0736257468	0.0399595317	-0.0458372806	0.0552893547	-0.0453532948	-0.039674036	-0.0906757541	-0.0365991875	-0.0385106178	0.0469483985	-0.0953166681	0.0422295832	-0.0626227304	-0.054012686	0.0396342016	0.0963556533	-0.0899645581	-0.1093078428	-0.0536141793	-0.0849990034	-0.0503449679	0.0152282204	0.0786661074	-0.1174351206	0.0362904749	0.0116333729	-0.035263405	0.0621927951	0.06776892	-0.0117217083	-0.1605935911	0.0254890339	-0.1806780572	0.0034988419	0.0219711789	0.0289359652	0.0201717381	0.144605403	-0.0932809339	-0.0863731557	-0.0296147607	-0.0496614974	-0.0485139875	0.0721410853	-0.0169064921	-0.0554889856	-0.0048419526	0.0304214206	-0.0245453756	-0.0075014996	-0.0022206965	-0.0081947971	0.1090153719	-0.1468338738	-0.0047518368	0.0505444607	-0.1595716287	0.0020136049	0.1397986291	0.080240563	-0.0570868505	0.0070494493	0.0542323702	0.0277933065	0.144116471	-0.0052558532	0.0028890409	-0.0742462661	0.0783821339	0.0551223261	0.137436491	-0.1094008357	-0.1251091532	0.0884734526	0.0470592018	0.0182022756	-0.1340280347	-0.1938949763	-0.0533145398	-0.027583026	-0.2003253935	-0.0209217165	-0.105567213	0.0827290549	-0.0263404893	-0.0399861634	0.0492544927	-0.0643737593	-0.0115542483	-0.0992395043	-0.0510011868	0.0632252021	0.0038566365	-0.0157890815	-0.0082829601	0.0128667407	-0.0314774381	0.0046368957	-0.0358337037	0.0339106511	-0.0579327231	0.1244228407	-0.0319747201	-0.0573850832	0.133156855	-0.1730254776	0.0064970212	0.1054225881	-0.0439958356	0.0039316084	0.1668587341	0.0440410818	0.0415452065	-0.0250208568	-0.0177468043	-0.0141456145	-0.0151553177	-0.0459344734	-0.0303592707	-0.070001355	-0.1073422654	0.0494042187	0.0251860523	-0.0912870929	0.0501691467960938	0.0026873371992479	0.002516943290248	7.221781222462074e-06	-0.0539743447209843	0.0019291705649919	3.721699068831547e-06	0.0029132298880596	0.5043599985553868	-0.0184117135894013	0.2543790081427898	0.0003389911972981	-0.0058451672124671	-5.87982899012008e-05	3.4165979741700416e-05	3.4572388953056516e-09	-0.0009901843991066	-0.0005121863467976	9.80465144234099e-07	2.623348538458714e-07	0.0007441125234506	5.4989455067e-05	3.023840168565612e-09	5.537034475560197e-07	0.0	0.0	0.0
910.60363750596	2.7020217940876137	829198.9846390858	7.300921775724446	1338.8307216704204	6.935313359605061	48.09857139591644	1792467.7012885388	845.2784926937873	3.656129783249753	714495.730210681	13.367284991965883	998.14146306289	810.405106329811	0.943329	30.927446	0.0469545995435024	0.0237383289960042	-0.030910822	0.0315188438	-0.0193152053	-0.0251470029	-0.1118004874	-0.0572073306	0.0469193864	-0.0493883478	0.0027745023	-0.0322631029	-0.0574653322	0.1463849725	-0.0726931542	0.0485947643	-0.1233970599	0.0624472938	-0.0723946582	-0.1659042897	0.0878691948	0.0540556082	-0.0203781669	0.178730241	0.0316224112	-0.0519676345	0.1635702677	-0.0309619547	-0.0420102894	-0.0723080153	0.0367261743	0.0204617996	0.1517366044	-0.0572162409	-0.0043485664	0.2575983549	-0.0077943879	-0.0799077539	0.0508086536	0.0615934853	0.1620352771	0.109985668	-0.1946744089	0.1354474316	-0.0945367002	-0.0577571951	0.1674527283	0.0097080188	0.0897527184	0.0236829325	0.094078634	-0.0729494642	0.0886388774	0.135337358	-0.1132511432	0.0003900819	-0.0485522419	-0.1266462362	-0.0111781305	-0.0369354874	0.1925404326	0.016227918	-0.0457793145	0.0039233249	-0.0895915808	0.0237567211	0.1425338972	0.0836922104	0.0544651825	0.0062429072	0.07154752	-0.0728977433	0.1261450825	0.1328944503	0.0065450889	-0.1096159822	-0.0455968791	0.1346943337	-0.1188045138	-0.0531909459	-0.0920847023	-0.0229126835	-0.0035108047	0.130897773	-0.0407719519	-0.1156521026	0.058058496	-0.0711607263	0.1620624094	-0.0443024417	-0.1877689505	0.0260633931	0.035661378	0.1065848429	0.1014448164	0.0720827146	0.0347573676	0.0682204647	-0.0425108309	-0.0154569861	-0.0051909185	0.0138047107	0.021589895	0.1091321316	0.0155252981	0.1204279858	0.1903473808	-0.1196693767	0.0193587757	0.0398731975	-0.0425521868	-0.0413903481	0.0171449812	0.0874980206	-0.1106421512	-0.1054110587	-0.0624220563	0.0884162842	-0.0722938048	-0.1125057411	-0.0346201181	-0.1297718559	-0.1091829923	0.0555787436	0.0151740128	-0.0812449131	0.0534404602505134	0.0032713134544195	0.0028558827917867	1.0701491717066678e-05	-0.040685488747286	0.0132888559736982	0.0001765936930896	0.0016553089946055	0.5042330983143373	-0.0001269002410495	0.2542510174356761	1.610367117843505e-08	-0.005903862125008	-5.8694912540899376e-05	3.485558799110398e-05	3.445092758183827e-09	-0.0006565733427712	0.0003336110563354	4.310885544377477e-07	1.1129633690922145e-07	0.0005310678948402	-0.0002130446286104	4.5388013779743297e-08	2.820331089300017e-07	0.0	0.0	0.0
910.9769817106194	0.3733442046593609	829879.0612065902	0.1393858951527307	1337.6156009853823	-1.2151206850380731	1.476518279207396	1789215.4959994855	844.0966407626931	-1.1818519310941156	712499.138946863	1.3967739870308902	997.5890228123852	823.3389880501102	0.9581400000000002	31.413013	0.0567740615256878	0.0272213176541156	-0.0983595447	-0.0249407171	0.021370966	0.1410494558	0.0732088465	0.0041700701	-0.0759008852	0.039818629	-0.0411926644	-0.0724541227	-0.0195173193	0.0822256329	-0.0090745137	0.0589518922	-0.0273871578	-0.0141558693	-0.1587387841	0.078158806	-0.0875323841	-0.0361365382	0.0113868599	0.0837387063	-0.0791933845	-0.1315107303	0.0400982426	0.012210995	-0.0875726348	-0.0057976436	0.1881272292	-0.0198943814	0.085604425	-0.0568497807	0.0527853976	-0.06066908	0.0030089791	-0.030607189	0.0843073916	0.0242176574	0.0223583397	0.0436163166	0.1233292854	0.0228563814	0.050781907	0.0368086384	0.1589489882	-0.0952997856	0.0444194832	0.0273890594	-0.1026025771	-0.0128221815	-0.1285299216	-0.0253561722	-0.0213774645	-0.0589547097	0.0551945873	-0.0617783701	-0.1489465212	-0.0043702248	0.109572665	-0.0993875768	0.0034669727	0.0241518626	-0.0791694628	0.0252820263	0.0387023838	-0.0083016933	-0.0923629868	0.0324380675	-0.0741635661	0.0248202934	0.1564434672	0.1201757921	-0.1500798712	-0.1077473411	-0.0267216204	0.133806478	-0.1202017304	-0.0110543707	-0.1495319046	0.0545373715	-0.0741714258	-0.0165575934	0.1736120924	0.1627137536	-0.0521043607	0.0585509109	0.0182356858	0.0957330246	0.0750145467	-0.0606244211	-0.0037554951	0.024407846	-0.0782084401	-0.0906733969	-0.0422734987	-0.1224640379	-0.0294732847	-0.0218033786	0.0546759475	0.0510752062	-0.1548717225	0.1982269048	-0.022808963	0.1092270305	0.0479007678	-0.1106962548	-0.1375472356	0.069771614	-0.0294163523	0.0942372319	0.0660643527	-0.0607030217	-0.0353341671	-0.0128104324	0.0489436576	-0.0295921625	0.0604218788	-0.0936941252	0.0710721257	-0.0491626534	-0.1109488906	0.0616009311	0.0050684204	-0.0703125971	0.0634673729175006	0.0100269126669872	0.004028107425049	0.0001005389776313	-0.055965035644192	-0.0152795468969059	0.0002334645533747	0.0031320852146556	0.4917310455111376	-0.0125020528031996	0.2417994211194765	0.0001563013242939	-0.0061998414870033	-0.0002959793619953	3.843803446396729e-05	8.76037827271449e-08	-0.0007227072853568	-6.613394258559997e-05	5.223058203077952e-07	4.373698361915433e-09	0.0005482655734312	1.719767859100006e-05	2.9576014891934185e-10	3.005951390098426e-07	0.0	0.0	0.0
910.6901332517916	-0.2868484588277624	829356.518802166	0.0822820383318625	1337.0144921347733	-0.60110885060908	0.3613318502805693	1787607.7521784056	843.7690129145624	-0.3276278481307599	711946.1471548149	0.1073400068707923	997.2294482776192	821.9141422904661	0.9659930000000002	31.670492	0.0493381774843264	0.0256365899432343	-0.0830661225	-0.0162373366	0.0032903538	0.0052990431	-0.1047709407	0.0156815404	-0.0866568226	-0.1801158345	0.0322707366	-0.1162777745	0.0797152092	0.1139296069	-0.1180219857	0.0016235202	0.0328054558	-0.0797299315	0.1401860274	-0.1194079359	-0.0848297135	0.0213381686	-0.1177913198	0.0789498339	-0.026584453	0.0845952081	0.0634786231	0.0947884194	-0.0688154352	0.0107386715	0.0629885299	-0.0539701294	-0.0027507016	-0.131654659	-0.0018447792	-0.0081312162	0.0611493187	0.1855685106	0.009488603	0.031762986	0.0672453997	0.0948766815	0.0089983526	-0.1345554851	-0.0458748913	-0.0201303203	-0.124606229	-0.0131963673	0.0653238613	0.0060386491	0.095235353	-0.0075516145	-0.0304864254	-0.0985876043	-0.1794953655	-0.0715879712	0.118378962	-0.1345975341	-0.103760909	0.0350530718	-0.1407392025	0.0336696322	0.0433121559	-0.0123559344	-0.0584920495	0.0422970734	-0.0160468969	-0.0094883493	0.1879494288	0.023050818	-0.0295761181	0.1100697243	-0.0612157329	0.0660176552	-0.0275615203	-0.1341394022	-0.0393671867	0.0432613552	-0.0093645613	-0.0146448638	-0.0327160935	-0.0351234936	-0.0109509671	0.0123360522	0.0075806022	0.0337012432	-0.0072204031	-0.128399362	-0.0224514798	-0.0165880445	-0.0611458484	0.1920485218	0.0388736123	0.03187064	0.0314954682	-0.0209798605	-0.0995097258	-0.093112988	-0.0136346543	-0.0035865231	-0.0059269949	-0.0742336944	-0.0734518398	0.1016915749	0.0616641174	0.1099522243	0.105015545	0.0163556088	0.0924775855	-0.0168407415	-0.0172035	-0.038146619	-0.0411949469	0.1036530695	-0.1149274246	-0.0974509232	0.0253659994	-0.0294327101	-0.0133603861	-0.0526749951	-0.0424933213	0.0280121217	-0.1126387502	0.0674542747	-0.0050684204	-0.0586099215	0.0576780353370764	-0.0057893375804242	0.003326755760345	3.3516429620111936e-05	-0.0369227046044216	0.0190423310397704	0.0003626103714282	0.0013632861153053	0.4868188303310958	-0.0049122151800418	0.2369925735649362	2.4129857975033212e-05	-0.0059828614487202	0.0002169800382831	3.579463111458237e-05	4.708033701333557e-08	-0.0005907745476847	0.0001319327376721	3.490145661920619e-07	1.7406247269655162e-08	0.0005912386711578	4.29730977266e-05	1.8466871282199141e-09	3.495631662724412e-07	0.0	0.0	0.0
910.17749306391	-0.5126401878816296	828423.0688801039	0.2627999622313124	1337.6097649179828	0.5952727832095661	0.3543496864300631	1789199.8832039414	844.9382971641558	1.1692842495933746	713920.7260146632	1.3672256563471412	999.6802888249396	816.8735583301083	0.975388	31.978523	0.0471964049173926	0.0225197123911517	-0.0470988586	-0.0258661566	0.0809798502	0.0698807297	0.1368820626	0.0399042511	-0.0009673405	-0.1397576045	-0.0732706985	-0.0325433098	0.1071852371	-0.025254634	0.1297257846	-0.0648117552	-0.0402509792	0.0534340735	-0.0022298387	0.0190847971	0.0315566008	-0.0752278988	0.1217161158	-0.020080498	-0.0071279362	-0.0424178247	0.1558414195	-0.0097575497	-0.1207926992	-0.069415637	0.1603181808	-0.0951813713	-0.0399354699	0.1371225413	0.0393962262	-0.0933472696	-0.017854967	0.0618488707	-0.0489570618	-0.0430409897	0.0343701107	0.1353512418	-0.1761799617	0.0283772253	0.0139137044	-0.0373504472	0.0541018946	0.072829263	-0.0911191072	-0.1269611952	0.1332340826	0.0391090159	-0.0759453414	0.0501432774	-0.1454083027	-0.0090047019	0.0595056869	0.0547050913	0.0082557946	-0.0780579336	0.0261208439	0.0954182352	-0.0473535313	-0.0050198249	-0.0430497804	0.0622926167	-0.0840079387	0.0095606348	-0.1306898767	0.028921517	-0.0791255758	-0.0867219084	0.0905449637	-0.0878412311	-0.0061237948	-0.0938290917	0.0702411782	0.0357246774	-0.1335582159	0.0580566731	0.0307308175	0.1948344761	-0.0309356978	-0.2557207838	-0.1017588664	-0.0073632502	0.1425238267	0.0301363207	0.0079055299	0.1983134195	-0.0953541699	0.1697393461	0.1148304838	-0.0303437844	0.0077800687	0.0738899889	-0.0184441416	-0.0301057284	-0.0176265581	-0.0005134421	-0.0116544708	-0.0107926589	-0.1223857035	0.2177944591	-0.0578276811	0.0637287818	-0.0468093118	-0.0061109819	-0.1012542796	0.0433311164	0.0675074536	0.0039551591	0.0612308244	0.0172921608	0.0111707555	0.013460207	0.0299631176	-0.0331454469	-0.0151256889	-0.0663716607	0.1385706506	0.0754017674	-0.1142514127	0.0731227308	-0.0151740128	-0.0462651033	0.0536232413046349	-0.0040547940324414	0.0028754520080151	1.6441354645523154e-05	-0.0469678940748821	-0.0100451894704605	0.0001009058314974	0.0022059830738293	0.5052497423574565	0.0184309120263606	0.2552773021522761	0.0003396985181234	-0.0058674075125571	0.000115453936163	3.44264709184115e-05	1.3329611375553148e-08	-0.0004770514557461	0.0001137230919385	2.2757809142947322e-07	1.2932941640075257e-08	0.0005271055114969	-6.413315966090002e-05	4.113062168090494e-09	2.7784022025040857e-07	0.0	0.0	0.0
909.401324024138	-0.7761690397719576	827010.7681368553	0.6024383783005227	1333.999526128719	-3.610238789263804	13.033824115504974	1779554.735711647	843.2954546417435	-1.642842522412252	711147.2238194249	2.698931553445851	999.2546890248244	809.2205389972224	1.007069	33.0172	0.0774470197114646	0.0425582950018284	0.0018814681	0.032453973	-0.0807125948	0.0250073217	-0.1193578267	0.0101545345	-0.063278862	-0.2219477643	0.0047759423	-0.0232030681	-0.0169852546	-0.0278952633	-0.1025330257	-0.0616970003	0.107599882	-0.1000271997	0.1043399328	-0.115171654	0.0222184249	-0.0911162535	-0.0763376862	0.0704099647	0.0526865408	0.1388464661	-0.0555693607	-0.033578314	-0.0407196611	0.1334757029	0.0641330714	-0.0030036629	-0.0775229478	0.1262571021	0.0019451117	0.0583771119	-0.0518606414	-0.0884606587	-0.1139177637	0.0278831553	0.1693218606	0.0046418434	0.0633867378	0.0369349465	-0.0905035848	0.0983178378	-0.2100375886	0.139723188	0.072195346	0.1552246421	0.0806594551	-0.116211492	-0.0165340079	0.0257271991	0.0515870965	0.0056581797	-0.0672876413	-0.0761691378	-0.042712533	0.205585972	-0.0606391408	-0.156228573	-0.0248382742	0.0191140231	0.0782617045	-0.0070411724	-0.0363985331	-0.0922259625	0.2012293179	-0.052615625	0.046356136	0.0985141801	-0.0914698727	-0.0860479113	-0.0813750014	-0.051944074	-0.1026984842	0.0342166897	-0.1271601624	0.0566955985	0.0259671448	0.176215975	0.1457884007	0.0667797264	0.0209805915	-0.1961443276	0.0581125385	-0.0363192745	0.059996845	0.0141827694	-0.0781249151	-0.0400083766	0.042414955	-0.0517122173	0.076121844	0.0013885304	-0.1068998047	0.0580843531	-0.0351201289	0.0715591151	-0.0868306009	-0.1188671122	-0.0720322038	0.0462635893	0.0026009974	-0.0103273953	0.1268909012	-0.0246286685	0.1476262469	-0.0751434033	0.0321045542	-0.1249483144	0.0532946409	-0.010094567	-0.0687390631	-0.0458801181	6.95023e-05	-0.1567666752	0.0004362459	0.0714718592	-0.068240432	-0.068921486	-0.1157857731	0.0785907625	-0.0251860523	-0.033413395	0.0512078145583103	-0.0024154267463246	0.0026222402718382	5.834286366860265e-06	-0.0199791043814201	0.0269887896934619	0.0007283947691179	0.0003991646118836	0.5291108763070795	0.023861133949623	0.2799583194264456	0.0005693537133618	-0.0063179196710022	-0.0004505121584451	3.991610896923655e-05	2.0296120490686295e-07	-0.0004770647885103	-1.333276419997198e-08	2.275908124363773e-07	1.7776260121205446e-16	0.0004939976162651	-3.3107895231800034e-05	1.0961327266798471e-09	2.4403364487560097e-07	0.0	0.0	0.0
911.579325302342	2.178001278203965	830976.866318673	4.743689567858104	1335.04987512958	1.0503490008609333	1.1032330236095609	1782358.169083507	844.2826121034436	0.9871574617001216	712813.1291002139	0.9744798541902268	998.0240768084628	813.9298741909421	1.037082	34.001175	0.1709918888608332	0.0954374637934892	-0.049660582	0.0030707416	0.0461930446	-0.0297050059	0.0412234159	-0.0397368256	0.1678422592	0.0433532619	-0.0367792532	0.0078683663	-0.0642610606	0.0514377984	0.0855670954	0.0624366593	-0.200348148	0.0594236981	-0.0954048732	-0.0658762519	-0.0937657491	-0.1053988131	0.0079030626	0.1039419273	0.0362260696	-0.058721055	0.1312072643	-0.0571049339	-0.0182116308	0.0077837996	-0.0615438969	-0.0554571379	-0.0497689592	-0.0391599632	-0.0091066891	-0.0016502963	0.0038950853	0.0208730619	0.0325119592	0.0600745288	0.1915375362	0.0381764848	-0.0590508616	-0.1217020884	0.0872867054	-0.0254984454	-0.1594561422	0.0704155882	0.116451779	-0.0744557843	-0.1161818406	0.0684696158	-0.2087735806	-0.0554078621	0.1238353621	0.0110103573	-0.1860481367	-0.062930647	0.0026128184	0.0843063916	0.0068642534	-0.0050939953	0.0034024861	0.071334209	-0.1124397252	-0.0172633063	0.095550572	0.1284441539	-0.1685904582	0.1079264236	0.0183239563	-0.0299973407	-0.0636449302	0.0321740637	-0.137800302	0.0094631131	0.0553478203	-0.062914321	-0.0212031565	-0.1700252406	-0.1112267946	0.0150596251	-0.0468311711	0.0230111289	0.1838143823	9.43856e-05	0.1086912034	0.1569409642	-0.0114739482	0.0037687731	-0.0163045352	0.0459559594	0.0290019527	-0.0600708974	0.0796337068	0.0095824179	-0.0300338259	-0.0261423836	-0.0064413497	-0.042905883	0.0302935351	0.032201177	0.0794437393	0.0066783892	-0.0431719878	0.1097427295	0.0209917557	-0.0677089988	-0.0823229764	0.1371270201	-0.0021260252	-0.0260226225	0.1091120173	0.0582740971	-0.0598696879	-0.1145439389	0.0072240712	-0.0033793319	-0.0195646278	0.0182255456	-0.0117432379	0.0402990687	-0.1172407796	0.0838433825	-0.0350428114	-0.0201956026	0.0564426230138224	0.0052348084555121	0.0031857696926804	2.7403219565900985e-05	-0.0616208914185847	-0.0416417870371646	0.0017340384276485	0.003797134259221	0.463167633096738	-0.0659432432103415	0.2145242563484344	0.0043485113250982	-0.0053068729146424	0.0010110467563598	2.816290013216512e-05	1.0222155435456731e-06	-0.0004772187101103	-1.5392160000000585e-07	2.2773769727933859e-07	2.36918589465618e-14	0.0006462379414616	0.0001522403251965	2.3177116615936085e-08	4.176234769845264e-07	0.0	0.0	0.0
912.027046337991	0.4477210356490104	831793.333252	0.2004541257626224	1337.9787709500777	2.9288958204977007	8.5784307273289	1790187.1915130804	845.2609614374322	0.9783493339886036	714466.0929301323	0.9571674193159442	1000.8374803354596	826.7131498259814	1.028712	33.726749	0.2415515415437857	0.1285366380779445	-0.1283215493	0.0373387271	-0.0627509217	0.0599578887	0.0325665815	0.111707576	-0.0752689107	-0.1215765966	0.0174250201	-0.064571957	0.0165679917	0.0244615225	0.0628976644	0.0263980066	0.2349991733	-0.1347086864	-0.087586587	-0.0112715147	0.0332624486	0.0365572095	-0.0868776675	0.0041813818	0.0535660693	-0.0436919172	-0.0616258164	-0.111678716	-0.019284745	-0.036277004	0.0633603404	-0.0131404767	-0.0117060468	-0.0413607668	-0.0099667195	0.0250053761	0.0648265113	0.1873550316	0.0536062736	0.1540142575	0.0560427084	-0.0393966909	-0.015009776	0.0762129412	-0.1250419224	0.066486157	-0.096033788	0.0371182474	-0.0561164538	-0.0456144102	0.0075240231	-0.0822469627	-0.0726459372	0.1828090622	-0.017040189	0.1739875308	0.0567605336	0.0761301336	0.2033826452	0.0034661618	-0.0667672708	0.0589015079	-0.0006245318	0.0780512983	0.0568690118	-0.094077093	-0.1479165469	-0.1168259745	0.0616654542	-0.0561635443	0.0426998851	0.0980912801	0.1263090407	0.0616893966	0.0736179954	0.0303451357	-0.0677889067	0.0632331631	-0.1704756218	-0.106757149	-0.0428076044	0.1098077955	0.0136980044	-0.0623110082	0.009173577	-0.0120490875	0.0187111047	-0.1225619216	-0.0781176982	-0.0728427071	-0.1345847394	0.0387646702	-0.0544350212	-0.0673876484	-0.0821821025	-0.1410690204	0.0935646078	-0.0726003216	-0.041558215	0.0979283933	-0.023032626	-0.1157672579	-0.153246892	0.0755204389	0.0367064345	-0.0022874213	-0.0585484986	0.0154461156	0.089186487	-0.0897894649	0.077294591	-0.12051121	0.0481309899	0.0169226667	-0.063433324	-0.1386266993	-0.0426437725	-0.037786208	0.0017134028	0.0480579958	-0.0006470292	0.0374984316	-0.1186154352	0.0888661936	-0.0446835199	-0.0067565429	0.0489084175742107	-0.0075342054396116	0.0023920333096133	5.676425160627448e-05	-0.0073616048062206	0.0542592866123641	0.0029440701836826	5.419322532297023e-05	0.5541576638362429	0.0909900307395049	0.3070907163884424	0.008279185693976	-0.0065802230350205	-0.0012733501203781	4.32993351906144e-05	1.6214205290669225e-06	-0.0008964090410477	-0.0004191903309374	8.035491688720571e-07	1.7572053355140692e-07	0.0007290578651922	8.281992373059997e-05	6.8591397667423964e-09	5.31525370798608e-07	0.0	0.0	0.0
909.5764429949523	-2.450603343038665	827329.3056513498	6.005456744912282	1335.5708980060997	-2.407872943977964	5.797852114341105	1783749.6236008196	844.836607695143	-0.4243537422892132	713748.8937018369	0.1800760985948599	999.759739515282	812.0188346075905	1.017875	33.371468	0.2535195168152557	0.1363903426793728	9.898e-07	-0.0015070865	-0.0434749054	0.0371218488	-0.03491451	-0.0474577464	0.0697144833	-0.0060198925	0.0055233367	0.0379055916	0.0682686225	0.0722511752	0.0065537962	0.0070813521	-0.0893909687	-0.0286588478	-0.0600964407	-0.0375864032	0.0554689163	-0.0040379267	-0.065352154	0.0119272025	-0.0818103696	0.0120109182	0.0039829723	0.0714447802	0.0467547471	0.0239814671	-0.0534843705	0.1377165265	-0.1802762692	-0.0104674737	0.060236297	0.015018801	-0.0191882055	-0.0595795026	0.1075494628	-0.1151703415	0.065721408	-0.0529622631	-0.1822493856	0.0505725277	-0.1305853083	-0.0253137124	-0.0558536275	0.0746524614	-0.1385659408	-0.1018623071	-0.0042481839	-0.1090017783	-0.0025175246	-0.0027436136	-0.0868066492	0.1086100447	0.0146975455	0.0184962737	-0.0385008773	-0.0612943687	-0.0925418454	-0.1727438276	-0.0099983267	-0.0334265758	-0.080730375	-0.0485207879	0.0481999151	-0.0175678792	0.0184542976	0.0338831964	0.1116462874	-0.0046002436	-0.0433492114	0.149739608	0.0852495922	0.0213306529	0.1457265138	0.0400201063	0.0023663838	0.0830914555	0.0105706738	0.0867234766	0.0448196542	-0.0727362358	0.0429320514	-0.1851163275	-0.0958294781	-0.1199978482	0.0197489599	-0.156838926	0.0647980719	-0.0398107986	-0.0578528219	-0.028843607	0.1988856878	-0.0014830702	0.0144637763	0.0857932712	-0.0036758654	-0.031769091	0.0309659408	-0.0147707409	0.0444964223	-0.170777079	-0.0516087	-0.0129407749	-0.0437765993	-0.1015084321	0.0719353905	0.0655865154	-0.0194965945	0.0371602799	0.1019492975	0.1701524734	-0.0614174849	0.0480502049	0.0246300173	-0.0432855794	0.0833693782	0.0334660684	0.0691333232	0.0386526275	-0.1199087977	0.0936454286	-0.0540487397	0.0067565429	0.0634199016983956	0.0145114841241849	0.0040220839314341	0.0002105831714864	-0.0785021446253466	-0.071140539819126	0.0050609764057566	0.0061625867107788	0.4724969439628381	-0.0816607198734047	0.2232533620542213	0.0066684731702426	-0.0050067642653967	0.0015734587696238	2.5067688409253355e-05	2.4757724997060434e-06	-0.0008809915914267	1.5417449621000037e-05	7.761461841645494e-07	2.3769775281607417e-10	0.0005937986244662	-0.000135259240726	1.8295062201774014e-08	3.525968064179512e-07	0.0	0.0	0.0
907.5313860769712	-2.045056917981128	823613.2167147886	4.182257797782471	1333.769494001778	-1.8014040043217392	3.2450563867863966	1778941.0631297587	841.9050291644777	-2.93157853066532	708804.07813244	8.594152681457835	999.9349187338196	803.3795425551889	0.975812	31.992414	0.1168132251730545	0.0689029401713051	0.067296892	-0.005119312	0.0762665465	-0.1082531184	0.0441826005	-0.1541008267	-0.093970504	-0.039560811	0.0563410485	0.0680533065	0.1055645961	0.0013778705	-0.1623227597	0.0898272375	-0.0324522279	-0.0875472263	-0.0146197803	-0.0267484612	-0.1248448387	0.104196475	-0.05030698	-0.1157782165	-0.0172288387	-0.0715986218	-0.0969066253	0.0188551567	0.1198833049	-0.0170527424	-0.1241242852	0.0223309047	0.048351602	-0.0249786388	-0.1529496571	0.0051563101	-0.0428787335	-0.1314499981	-0.0304605212	-0.0208234379	-0.0616089211	-0.032224726	0.1181189782	0.0024279131	-0.1155850608	0.0430023731	-0.0082231352	0.1295550936	0.013315479	-0.0035620941	-0.0917858367	-0.114942016	0.0217809907	0.1122358612	0.0607475652	0.0258398218	-0.1061946345	-0.077957677	-0.1505570681	-0.0417739394	-0.1751023273	0.1446105025	0.0167984526	-0.158223876	-0.0598292573	-0.0476221519	-0.0512709093	0.0308052984	0.1167656234	0.0542681991	-0.081722004	0.014390261	-0.0235454069	0.0462862975	-0.0989301851	0.146502764	0.040629	-0.087217128	0.0198292864	0.1033101166	0.0183113342	0.0820377449	-0.1110141874	0.0408248328	-0.1149002188	0.0582326662	0.0481581262	-0.0878315663	0.0749126634	0.0199181518	0.0075591696	0.033312974	-0.0171285873	0.0760230658	-0.2236093946	0.0371133816	-0.0228504861	0.098581073	-0.0066284737	-0.0083940883	0.0317956745	0.1272120904	0.0379715544	-0.0176029984	0.0611425213	-0.0148358549	-0.0851262635	0.1128162407	0.072396206	0.0382317972	-0.1337946676	0.0151112389	0.080986681	0.0493690878	0.0636826695	0.0838502255	-0.0199686133	0.016420618	-0.0309296087	0.0483590486	0.0149955178	0.0407209289	-0.1211199807	0.098167988	-0.063080731	0.0201956026	0.0613144799864358	-0.0021054217119598	0.003759465456007	4.432800585191763e-06	-0.0168537507109505	0.0616483939143961	0.0038005244722245	0.0002840489130268	0.4921816654948117	0.0196847215319735	0.2422427918492467	0.0003874882617913	-0.0055692718446034	-0.0005625075792067	3.101678887909216e-05	3.1641477666498214e-07	-0.0009460493984174	-6.505780699070005e-05	8.950094642459244e-07	4.23251825043918e-09	0.0005538702503691	-3.992837409709992e-05	1.59427505803796e-09	3.067722542439296e-07	0.0	0.0	0.0
906.3320328389964	-1.199353237974833	821437.7537500677	1.4384481894407166	1331.657438418004	-2.1120555837740085	4.460778788950968	1773311.533294	841.136319439737	-0.7687097247406882	707510.3078806273	0.5909146409109046	997.8466485266696	791.336806662521	0.967924	31.733812	0.0559285882855248	0.0292331767823794	0.1159162844	0.0358837239	-0.0380439283	0.0078918226	0.0568327776	-0.1216964465	0.1646997345	-0.0694568097	0.0031539045	0.0276638622	-0.0998034249	-0.1027279341	0.0200047817	-0.0959010386	-0.1421925034	-0.0773198513	0.0846550525	0.0282427671	-0.1355925159	0.0295735845	0.1056104246	-0.0335222732	-0.042396429	-0.0214042557	-0.0040905224	0.1383426597	0.0539478637	0.0976413381	-0.0479435369	0.0990072182	0.0474289621	0.069665859	0.0160043722	-0.1778074791	-0.0513439858	0.1003404538	-0.0437624552	0.0634064843	-0.1315543002	0.025866705	0.0151628125	0.0858699812	-0.19245165	-0.0059828092	0.0067913541	-0.1841527966	0.0732834398	-0.0008411013	-0.1395466847	0.0967889386	-0.128052067	-0.0095887188	0.0354748728	-0.1967781474	0.0534951456	0.0085646863	0.0750850113	-0.0047194723	-0.0718218602	0.0774615075	-0.0099976705	-0.0087792268	0.0580485627	-0.0023041961	0.0429637341	0.0187919288	-0.0722507632	0.1646188418	0.027636445	-0.0491533653	-0.1321213747	0.0354884853	-0.0109006284	-0.0108162147	-0.0063379773	-0.1271371082	-0.1049775	0.142601646	0.0723858187	-0.0588753688	0.0037314906	-0.1978509466	0.0099514666	0.0431458011	0.1034608004	-0.0371772333	-0.0450552116	-0.0835455541	-0.017615737	-0.0914788002	-0.0631577187	-0.0269069651	-0.162235853	0.0063600567	-0.0941595835	-0.102316016	-0.0046662851	0.0375957528	-0.05263256	0.0233998127	0.0393990477	-0.1146827851	-0.1123742557	-0.0390446761	-0.0320358781	0.1049029222	-0.0131213155	0.0265302313	-0.0514146347	-0.0783676147	0.0260141366	0.075670115	0.1383338333	-0.0066743889	0.0563852316	-0.0991122681	0.0079544232	-0.0087650855	0.0262085074	0.1136029792	-0.1222481541	0.1024214758	-0.0717238087	0.033413395	0.0718657885158222	0.0105513085293864	0.0051646915590008	0.0001113301116823	-0.0127699146582642	0.0040838360526863	1.6677716905220423e-05	0.0001630707203793	0.5181219608415688	0.0259402953467571	0.2684503663063121	0.0006728989226769	-0.0054672424172661	0.0001020294273373	2.989073964915367e-05	1.0410004042777402e-08	-0.0008518228742617	9.422652415569997e-05	7.256022091154641e-07	8.878637854464707e-09	0.00066467726601	0.0001108070156408	1.2278194715242636e-08	4.417958679505282e-07	0.0	0.0	0.0
909.696527310623	3.364494471626585	827547.771801007	11.319823049605857	1330.4890056330496	-1.168432784954348	1.3652351729561734	1770200.994110421	844.216067498263	3.079748058525979	712700.7686222317	9.484848103994535	999.2252682973866	801.6062656317057	0.959413	31.454758	0.0936757666487375	0.0465476997746947	0.0403317027	0.0032661543	-0.0536094545	-0.096305518	-0.0690631875	-0.0918617201	-0.0578663777	-0.0451846255	-0.037786124	0.0616169554	-0.1150924084	-0.0651153049	0.0194311522	0.0505439326	0.0949348692	0.0859289068	0.0839017352	-0.0502982715	-0.0494054911	-0.0195693133	-0.0406349593	-0.048407649	0.0151483426	-0.0586679531	0.0374305056	0.0622514873	0.114270223	0.0780807308	0.0373159515	0.1861331411	-0.0840872602	-0.0380296791	-0.0659305537	0.0294881688	0.1464640669	-0.001648558	-0.0389385552	0.0195842304	-0.0739636399	-0.2120176435	0.0414102787	0.014329595	-0.0295297754	0.0187682633	-0.0306401387	0.0315057342	0.0255888033	-0.0406019323	-0.0089542073	-0.0024471187	-0.0974680911	0.0073645785	-0.0897909203	0.096928187	-0.1154984343	0.1204412809	0.0514732501	0.0192082459	0.1501129922	-0.0253897149	-0.0037127486	0.0681882248	0.0796745335	0.0265526392	0.0275744898	0.003372112	0.0635954777	-0.1250971184	0.0280673662	0.0271569677	-0.0087287341	-0.0440727753	-0.060520097	0.0611658055	-0.0380047406	-0.1375846685	-0.0671356366	0.1187813051	0.1128875598	-0.0120563456	-0.0577191263	-0.062006051	-0.0359410999	-0.0720278488	-0.172732978	-0.1373355871	-0.0623777539	-0.01042669	-0.0065896028	-0.0515318595	0.152778293	0.1391634371	0.0362869615	0.0990578365	-0.134602579	-0.0942544634	0.0121533955	0.0209098954	-0.0475283349	0.0257247295	0.0865910572	-0.043218168	0.0619498959	-0.1135441322	-0.0180338814	-0.0261395868	0.0467660888	0.0036793531	-0.0715046492	0.0388569567	0.0896789119	-0.0127049182	0.0959116843	0.11542538	0.0933775038	-0.0192367141	0.0229513915	0.0938339516	0.0439865147	-0.0473530771	-0.1232925447	0.1063942335	-0.0799246852	0.0462651033	0.0629033128364113	-0.0089624756794109	0.0039568267657954	8.032597030403188e-05	-0.0466569643147352	-0.033887049656471	0.0011483321344201	0.0021768723190664	0.4965673556990282	-0.0215546051425405	0.2465791387459252	0.0004646010028508	-0.0052788664666255	0.0001883759506406	2.786643117246319e-05	3.5485498779749874e-08	-0.0004771991045546	0.0003746237697071	2.2771898538771205e-07	1.4034296882955838e-07	0.0006422442629514	-2.243300305860001e-05	5.032396262271575e-10	4.1247769329398697e-07	0.0	0.0	0.0
910.360860451456	0.6643331408330369	828756.8962419154	0.4413385220090876	1338.6144100009458	8.12540436789618	66.02219614182633	1791888.53866218	844.1426931782555	-0.0733743200074741	712576.8864462384	0.0053837908365592	999.4194687722712	808.6540679760578	0.942375	30.896175	0.0629564716192378	0.0291129601293169	-0.0163964089	0.0197064378	-0.0359671633	-0.0337203578	0.0021961669	-0.1788068424	0.1998329855	0.0289844975	0.0289723252	0.042389888	-0.1054752827	0.0771176091	0.1518599225	0.0224554278	-0.1445472065	-0.0246454307	-0.0879848268	-0.0489781099	0.1049967201	0.0319712769	-0.0242086384	0.013948205	0.0523982431	-0.0617451597	-0.2376604059	-0.0121419625	0.1534815139	0.1191462046	-0.1902680683	0.1274871494	0.0575975953	-0.0835605156	0.016841926	0.12698533	0.0994980057	0.0153313696	0.1161522523	-0.055128161	-0.0190306899	-0.0385283616	0.1165061487	-0.0216066461	0.0209966166	0.050692353	0.0965638513	-0.1730685821	-0.1273799056	0.0077716065	-0.1392621897	0.0166448686	-0.0095450065	-0.019569501	-0.0866341344	-0.0444230916	-0.0237787112	0.0438261137	-0.064504232	0.1196661237	0.0138027774	0.0704513733	0.0393478875	0.0954209503	-0.0642236232	-0.1147230242	0.0749138012	0.0043404653	-0.0946112708	-0.0294267603	0.155957293	0.0273460802	-0.1001651297	0.129536231	-0.0422624081	0.0679015038	0.0133459687	-0.0823494011	-0.05262953	0.0523799913	0.0721866499	-0.2158323697	-0.0131448274	0.0128653879	0.0461970683	0.0351555595	-0.0015300133	0.0725457649	-0.0432883461	-0.0771062669	0.0533522066	-0.0461271842	-0.0084752953	-0.1153215916	0.0958735989	0.0232120628	0.0360889799	-0.0469232672	0.0100766167	-0.0253209195	0.0284667494	0.0290902387	0.1104047562	-0.2113776941	-0.0779825244	-0.0325105117	-0.0427543521	-0.0551810828	0.0181412976	-0.0019562082	-0.0585197709	-0.0418730592	0.1158137972	0.0350831799	0.0445846918	-0.0308202706	0.0852938892	0.054444579	0.0107576179	0.1084491775	-0.0458154695	-0.0800390881	-0.1242524367	0.1100753719	-0.0876327994	0.0586099215	0.0552348395036688	-0.0076684733327425	0.003050887494996	5.88054832549829e-05	-0.0245065568745985	0.0221504074401367	0.000490640549764	0.0006005713298479	0.4878691879133896	-0.0086981677856385	0.2380163445152703	7.565812282712091e-05	-0.0053433493747974	-6.448290817190078e-05	2.855138254114777e-05	4.1580454463057886e-09	-0.0007392882346128	-0.0002620891300582	5.465470938369105e-07	6.869071209466411e-08	0.0004800278399671	-0.0001622164229842	2.631416788582132e-08	2.3042672714347978e-07	0.0	0.0	0.0
911.0397015597734	0.6788411083174424	829993.3378181211	0.4608252503416535	1338.3210574244954	-0.2933525764503883	0.0860557341100809	1791103.2527458195	844.484254915647	0.3415617373915438	713153.6568004355	0.1166644204499299	1002.2221793891152	815.3019619107781	0.938094	30.755802	0.0509368372900796	0.0252955400010498	-0.0422287301	-0.0187815779	0.0210301802	-0.152816	-0.0184294222	-0.1377936418	-0.0713834083	0.0870960862	0.0130575771	0.0218004352	0.0377588853	0.0616116257	-0.0909491706	0.182098164	0.0804641877	0.1282067607	-0.1212743948	-0.0098087305	0.0029935139	0.0020125755	0.1714326901	-0.0298036177	-0.0735165482	-0.1259953717	0.0100998323	0.0389996403	0.0509065425	-0.0754277	-0.0763471035	0.0470234682	0.0279860346	0.0688861124	0.1615604211	-0.0429702032	-0.0675441359	-0.0699354907	-0.1201848668	0.0286774449	0.0902732212	0.0812492981	-0.0524273035	-0.1644269357	0.0127390717	-0.1522067595	0.045429944	-0.0716362085	0.1593905067	0.0188411467	-0.1688060372	0.1835393521	0.0403171138	-0.1197866613	0.0171036059	-0.0453461571	-0.0213409539	-0.0588353886	0.144142894	0.0732230166	0.2352773414	-0.0413941937	0.0109702406	-0.0136815264	-0.0920902987	0.0236987003	-0.0007977829	0.0764664157	0.0494223669	-0.1216413444	-0.0323215421	-0.086738874	0.0422690142	0.0624313766	-0.0451977244	0.0432327287	0.0094323113	-0.0764109315	0.0172098643	0.0965351835	0.0609618779	-0.0793698442	0.0647426868	-0.0473529646	0.1418764139	0.0889768409	-0.0020460303	-0.012258466	0.1823325271	0.0798997718	0.1029258531	0.0395826847	0.1076893851	-0.115604336	-0.0415714046	-0.0018870788	-0.1329165785	-0.043156627	0.0095975368	-0.0349924569	0.0568155113	0.1200105714	0.1177862093	-0.1290455857	0.1479861997	-0.1034695845	-0.0975886588	-0.0352816393	0.0433409387	0.0056615516	-0.1414393782	-0.0023218825	0.1095481749	0.0941006505	0.0181197738	0.0756257656	-0.0525674762	0.004738622	0.003588768	0.0941377049	0.0944167231	-0.0242765951	-0.1251271724	0.1134548014	-0.0948006283	0.0703125971	0.0550816982653543	-0.0001531412383145	0.0030339934837955	2.3452238872499264e-08	-0.0286354879346362	-0.0041289310600376	1.704807169854404e-05	0.0008199911692546	0.4726967858377122	-0.0151724020756774	0.2234422513413039	0.000230201784746	-0.0052123522657177	0.0001309971090797	2.7168616141932445e-05	1.7160242587238824e-08	-0.0004773708006757	0.0002619174339371	2.278828813377589e-07	6.860074220019516e-08	0.0007167605552713	0.0002367327153041	5.6042378495299394e-08	5.137456935928223e-07	0.0	0.0	0.0
910.1199455992728	-0.9197559605006518	828318.3153776233	0.8459510268764765	1337.8115601464715	-0.5094972780239004	0.2595874763137637	1789739.770461536	843.9794819929077	-0.5047729227393347	712301.3660250169	0.2547957035308104	1000.3923325080582	809.1901815713788	0.947742	31.072124	0.0515426381408891	0.0257242774340899	-0.0271121281	-0.0102878733	-0.05268273	0.0221942449	0.0097212678	-0.1402792284	0.1659166317	0.1790148028	0.0634584522	0.0011499277	-0.1213452271	0.0544856006	0.0092950318	0.048314708	-0.0972118247	-0.0988086164	-0.0421900157	0.0716392006	0.0235094737	0.124935192	-0.0335196161	-0.0659307285	0.0176604554	0.0051712854	-0.0263947299	-0.02396304	-0.0741263886	-0.0020105747	-0.1083035533	0.1097402704	-0.088805734	-0.0734169674	0.1494923898	0.0351111285	-0.0361023619	0.0218457581	-0.0167014961	-0.2246207461	-0.0370595432	0.0964084156	0.0026960733	0.0542649952	0.1197498212	-0.0486366749	-0.1091864437	0.0241933189	0.1196743373	0.1021577635	-0.0048065275	-0.0468895134	0.0746804014	-0.0527974886	-0.0106266078	0.0249744579	0.143348083	-0.0359086081	0.009851513	-0.1406690677	0.1009281746	-0.0577925966	0.0675715767	0.0471883325	-0.0782255275	-0.0398131985	0.1195417743	-0.0328373725	-0.0275116484	0.0770024863	-0.0300614048	0.0144609967	-0.074918335	0.0874030094	0.0873609365	0.0342507235	0.0853542729	0.0041873063	0.097708291	0.038703861	0.0848623044	0.013070516	0.1868302694	0.0568512452	0.0201802614	-0.0727995889	-0.0194779679	-0.0736868078	-0.1033946959	0.0581601523	0.1644269435	-0.0459810695	0.1553747593	-0.1009798408	-0.0471841053	0.0371853127	0.0707884508	-0.008012689	0.0205962396	-0.0392240346	0.0979564354	0.0983364757	0.0667414737	-0.2416922258	-0.0411498189	0.0336429137	-0.0471099914	-1.50502e-05	-0.0159900102	-0.0468573149	-0.1344885399	-0.0223763058	-0.046567003	0.0590745579	-0.0388290731	-0.1253968325	0.0541081751	0.0386507372	0.0155363467	0.0378139776	0.0478100248	-0.0239118028	-0.1259161521	0.1165232592	-0.1013839798	0.0812449131	0.0557462135276267	0.0006645152622724	0.0031076403226677	4.415805337929601e-07	-0.0222646695895321	0.006370818345104	4.058732638631492e-05	0.000495715511931	0.4790414823461049	0.0063446965083927	0.2294807418083535	4.025517378361052e-05	-0.0054511590282454	-0.0002388067625276	2.971513475122133e-05	5.7028669828960935e-08	-0.000847381063824	-0.0003700102631483	7.18054667327494e-07	1.3690759483507425e-07	0.0008711956900977	0.0001544351348264	2.3850210868848353e-08	7.589819304448076e-07	0.0	0.0	0.0
910.7687216683506	0.6487760690778259	829499.6643694015	0.4209103878080759	1333.9294465149885	-3.88211363148298	15.07080624774597	1779367.7682797837	845.3116463021963	1.3321643092886006	714551.7793741295	1.7746617469423744	1000.0363806017366	811.8518802386228	0.946272	31.023928	0.0857306049848264	0.0485015015847971	-0.0206114011	0.005402191	-0.0173848934	-0.0740989862	-0.0699885616	0.024948096	-0.0756413436	0.2270921012	-0.0055959349	-0.0425085076	0.0076604667	-0.0282044408	-0.0757402725	0.0409497193	0.0540322436	0.0883824108	0.0501402507	0.0674906867	-0.1285286924	0.0564679994	-0.0020053968	-0.1228500965	-0.1224019988	-0.0553576269	-0.0280693434	-0.0850418205	0.0127509785	-0.1445273764	-0.1540121722	-0.0366812899	-0.1578186101	0.0428155285	-0.0012003615	0.0991722645	-0.1158547358	0.0674312118	0.1907568267	0.0254976076	0.0122187075	0.0989868767	0.0364481183	0.0581711284	0.0206277644	-0.0474402701	-0.0201078606	0.0679501357	-0.1103887987	0.1377131319	0.101666804	0.1106933066	0.067836697	0.1227925852	-0.0172666191	-0.1329182719	0.0368213423	0.0899991228	-0.0780947272	-0.0790483759	-0.0209828195	0.1577463094	0.0357234205	-0.0447719173	-0.0014385238	0.0487356808	0.0331547859	0.0119136266	0.0343185139	0.0065941119	-0.1437204101	-0.1036177252	0.0284465642	-0.013777872	-0.0083496424	0.1009034174	0.097151521	-0.0047794961	0.1337539182	-0.2471845564	0.1278040118	-0.0705765985	0.109422167	-0.0385179538	0.0489928695	0.0301440674	-0.109364024	0.035061917	-0.0006850735	0.1160257088	-0.062727135	0.0161891137	-0.0324848647	0.0972484578	-0.0775672919	-0.0219166843	0.0564035599	0.1133725501	-0.0062370975	-0.0082370279	0.0206615477	0.0512937785	-0.0171230327	0.027222529	0.174013703	0.0576039507	0.0311374443	0.0104246078	-0.1032923221	0.046518086	-0.0491803403	0.1242516871	-0.0591351923	-0.0995401225	-0.0200139863	-0.0302556608	-0.0525483355	0.0724928812	-0.0168877935	0.076169206	0.0519289784	0.0654231383	-0.1266188352	0.1192723348	-0.1073422654	0.0912870929	0.0568730988034928	0.001126885275866	0.0032345493675118	1.2698704249638049e-06	-0.0450472326295994	-0.0227825630400673	0.0005190451786746	0.0020292531675852	0.4970659924941429	0.018024510148038	0.2470746008941873	0.0003248829660767	-0.0060782689607605	-0.0006271099325151	3.694535355934453e-05	3.93266867459094e-07	-0.0008539194415488	-6.538377724799949e-06	7.291784126550145e-07	4.2750383272160157e-11	0.0006289110699205	-0.0002422846201772	5.870183717441008e-08	3.95529133868548e-07	0.0	0.0	0.0
912.6596394033238	1.8909177349731865	832947.6173958051	3.575569880436125	1340.2813581896078	6.351911674619259	40.346781922164446	1796354.1191105796	845.4359256636812	0.1242793614849233	714761.9044028056	0.0154453596911002	1000.9886093297824	813.4317398276564	0.933447	30.603462	0.0457665630453936	0.0194494380959994	-0.064666265	-0.027068575	-0.0306263177	0.0464958615	0.0464039848	-0.012880617	0.0537632038	0.1809065986	-0.0155449144	-0.0869652137	-0.1084111298	0.065498636	0.0553138987	0.0303285893	-0.0250770689	0.038461653	0.0980680634	0.0633279479	-0.02602255	0.0258562733	0.0063457228	0.0569551176	0.1814049515	0.2120471295	0.085093151	-0.0934315296	0.0466421188	0.0315778757	-0.0118075943	0.0381514508	-0.0439592854	-0.2065028776	-0.0547258673	-0.1532184404	-0.0758370675	-0.059403147	0.1223653538	0.0683786109	-0.0410865534	0.0369488966	-0.0690948309	-0.0227529538	0.0091427112	0.051338793	-0.0041521847	0.1136625571	0.0217001269	0.0587246965	0.0840298051	0.0900098285	0.101976674	-0.0660536972	0.1179874098	-0.0874954717	-0.0198432218	0.0598866111	0.0958630002	-0.0567092067	0.021235475	-0.0191083667	0.0464341847	0.105318632	-0.0076406818	0.0044027197	0.0912045043	-0.0008514411	-0.0407669982	0.0121053289	-0.1630403774	-0.0013953576	-0.0981065387	0.077712639	-0.0431619368	-0.1105818182	-0.0428780904	-0.131502947	0.0197681906	-0.2012946032	0.0381516827	0.0325231704	-0.0288563002	-0.0869347152	-0.0440936909	-0.0367899451	0.0141363252	0.0476323647	0.0870559819	0.0847359763	-0.0387308985	-0.0292607064	-0.0933727093	-0.0359794378	-0.0598710155	0.1065657789	0.0007344431	0.002699358	0.0079540732	0.0018686919	0.0388646472	0.0477594305	-0.025744153	0.0053785601	-0.0191988975	0.0842701409	0.023733451	-0.0639807622	-0.1406862042	-0.1207547869	0.0414654965	0.0262083011	-0.0884970777	-0.0608659652	-0.0176401503	-0.0827538569	-0.0262104892	0.0475106887	-0.1038129243	0.0297058667	-0.0417676321	0.0788242626	-0.1272347401	0.1216944932	-0.1126387502	0.1003291122	0.0506470514236809	-0.0062260473798118	0.0025651238179129	3.876366597566257e-05	-0.0558910186716445	-0.010843786042045	0.0001175876957256	0.0031238059681541	0.5069396938274195	0.0098737013332766	0.2569878531778378	9.748997801874891e-05	-0.0059308296129766	0.0001474393477838	3.517473989816017e-05	2.173836127494177e-08	-0.0009058478383414	-5.192839679259999e-05	8.205603062277871e-07	2.696558393449709e-09	0.0004518182486918	-0.0001770928212286	3.136186733074028e-08	2.0413972985092522e-07	0.0	0.0	0.0
912.8665682308688	0.2069288275449707	833325.3713936034	0.0428195396691362	1338.9861518100918	-1.295206379516003	1.677559565538952	1792883.914739198	845.9253717451447	0.489446081463484	715589.7345621613	0.2395574666599594	1002.6405623725306	819.720534381952	0.923941	30.291782	0.0383746687147771	0.0232286874196772	-0.0802013267	-0.0387531776	-0.0270518499	-0.0277033093	-0.0392794998	0.0516657875	-0.0421215441	0.1426250044	-0.0788359346	-0.1259446661	0.0109277428	0.0283976322	0.0205385676	-0.0515107689	0.1376170399	0.0990877114	0.0642923953	0.0846421663	-0.0684134144	0.1291243565	-0.0092836676	0.0546349108	-0.0617380731	-0.0048109362	0.0817980893	0.056959409	-0.0585608073	-0.0725674074	0.0045183394	-0.0696697621	-0.0492629495	-0.0052269767	0.0600680927	-0.1218772247	0.0432023512	-0.0833238304	-0.0374059365	-0.0841317254	0.0969366266	-0.0809924143	-0.0329367583	0.0645302905	0.149791061	-0.0105406718	-0.0516044069	-0.0040004965	-0.0202402983	-0.1513111898	0.0420698043	0.1143288743	0.0108072133	-0.0813625543	-0.1106607068	0.1231732568	0.0482393134	-0.2613716715	0.0878915641	-0.0434901642	-0.0686445441	0.2136286219	-0.0171731552	0.039367586	0.0178768182	0.1101064224	-0.1037376776	-0.0592980544	0.0282150968	-0.0157161984	-0.1193978334	-0.0336211715	-0.0548798214	0.0094253969	0.0418935909	-0.0907577601	0.0297452922	0.1144399872	0.0677472294	-0.0819657985	-0.116354454	-0.0985012033	-0.00137729	-0.086659848	0.0387149667	0.0504378828	0.0165608114	-0.1328737218	0.0596120189	-0.1246449219	0.0471853772	-0.0454995432	-0.091903608	0.0355846656	0.0969184005	0.042153672	0.1893785541	-0.0889352627	0.0144064092	0.007658813	-0.0207984178	-0.060474679	-0.0493811923	0.0016396119	0.134913392	0.0732648797	0.0376209501	0.0316427486	-0.0960859927	-0.0074735874	0.0796244315	0.0807015447	-0.0340336656	-0.0272455387	-0.0348557086	0.0131617167	-0.0214246606	-0.0305859155	-0.0195474028	-0.0712475415	-0.0782586111	0.1207411375	-0.1277634447	0.1237830955	-0.1172407796	0.1082719048	0.0479323312623876	-0.0027147201612933	0.0022975083802472	7.3697055541323315e-06	-0.0364902576242371	0.0194007610474074	0.0003763895292186	0.0013315389014831	0.4969013766988581	-0.0100383171285614	0.2469109781652204	0.0001007678107735	-0.0058698065873547	6.102302562190076e-05	3.4454629372952625e-05	3.7238096560511563e-09	-0.000899000873116	6.846965225399955e-06	8.082025698633303e-07	4.6880932797836257e-11	0.0005083656653948	5.654741670300001e-05	3.1976103357827246e-09	2.584356497522978e-07	0.0	0.0	0.0
911.54238470252	-1.3241835283487262	830909.519109157	1.7534620167500818	1342.6266693195123	3.640517509420533	13.253367736397482	1802646.373168007	846.2913762752509	0.3660045301061245	716209.0935578583	0.133959316058205	1002.5442960642912	812.0655409842864	0.920164	30.167952	0.0743196649684189	0.0360916899171832	-0.0314937857	-0.0489869304	0.0170719522	0.0130924595	0.1194143526	0.1136707567	0.0148123836	0.0569959965	0.0571997908	-0.0658859322	0.1265942182	-0.0152538684	0.0863322115	-0.0247340243	0.0263549371	0.0320165804	0.0392828365	0.0601242155	0.1087516209	-0.0185988403	0.0564839508	-0.0299280252	0.0525991799	0.102787907	0.1043407158	-0.0565852299	-0.0706285669	-0.0984144079	0.1138139349	0.0009041673	0.2294592145	0.0053687254	0.0977287354	0.1045523759	-0.0281469121	0.0266829674	-0.0684412641	-0.032843634	-0.0674441063	-0.1505180211	-0.088706143	-0.0055682383	-0.0745203927	-0.1254650045	0.0100223855	-0.063927097	0.0251630201	0.0162277614	-0.0507722985	0.0442485569	0.0888307528	-0.0485717344	-0.0037922932	0.1177193155	-0.0125197778	-0.0569391248	-0.0291098426	0.1214137298	-0.1404237547	-0.011507035	0.0353759338	0.0307208142	-0.0212306977	-0.0576555457	-0.1303332804	0.013254616	-0.016807	-0.017938819	-0.0123466517	0.0546427619	0.0812224271	-0.0205179301	0.1907305897	-0.1531904561	-0.118343486	0.1328234914	0.0345986743	0.0428116375	-0.007438477	-6.61022e-05	-0.0340437409	0.1192376295	-0.0318704069	0.1205247569	0.067118973	0.0681272334	0.0471158074	0.037996881	0.0643056443	-0.0143643068	0.1047623316	0.023358932	0.0376717364	0.0491324136	0.1134711194	0.0141107181	0.024253595	0.0223615015	0.0206802538	-0.0203062155	-0.0238820794	0.0761237634	-0.0192219578	0.0217321728	-0.0840228545	0.0279066584	-0.0629133589	-0.1103975878	0.1478119118	-0.0216237469	-0.0408387029	-0.0859965506	0.0135467402	-0.0454938752	-0.0399634732	0.0010068657	-0.0563939243	-0.0578093909	-0.031126592	-0.0083216798	-0.1282045865	0.1255324169	-0.1211199807	0.1150284477	0.0285368436804418	-0.0193954875819458	0.0008143514472419	0.0003761849385414	-0.04258289706992	-0.0060926394456829	3.712025541509129e-05	0.0018133031228674	0.5011157447745234	0.0042143680756652	0.2511169896609252	1.776089827718664e-05	-0.005749824433375	0.0001199821539796	3.3060481014636134e-05	1.4395717273608417e-08	-0.0014488343042098	-0.0005498334310937	2.099120841055095e-06	3.023168019483804e-07	0.0002858378531658	-0.000222527812229	4.951862721542509e-08	8.170327830243343e-08	0.0	0.0	0.0
910.489978017367	-1.0524066851530731	828992.0000700654	1.10755983095488	1335.5060400838004	-7.120629235711931	50.70336071247548	1783576.3831003134	844.1991105152056	-2.0922657600452794	712672.1381946643	4.377576010657851	1001.8644400110884	807.7794829535377	0.910972	29.8666	0.0717422191576352	0.0361466007672581	-0.0044596872	-0.0160854389	-0.0180854886	0.012162047	-0.0621238329	0.1617620066	-0.0093839095	0.0084563356	-0.017040025	-0.0066887679	0.0236666247	-0.0399082726	-0.0240052035	-0.0905753336	0.0648554306	0.0267155093	0.0447615549	0.1430405034	0.1030675837	0.0770537673	0.0143721036	-0.029282957	-0.0552021231	-0.0141948726	-0.0424623011	0.0153604033	-0.0793273158	0.0771854157	0.1398640389	-0.1007018179	0.1432338282	0.0190830428	-0.0225498138	-0.0652782067	0.0043452796	0.0243048001	-0.0099854178	0.0726634427	-0.1616096798	-0.0051405398	0.1273522539	0.1236982982	0.0580858027	-0.0169694047	-0.0005992328	-0.0205130954	-0.0179592957	-0.0257862194	0.1715446789	-0.1227568132	0.0133964468	0.0861870737	0.2087778106	0.0042569108	0.0080363594	0.097905191	-0.0072502303	-0.1339317663	0.0172958711	-0.0571058659	-0.0476795512	-0.0067947813	0.1009142513	0.0586778175	-0.0244731583	-0.0141709153	-0.0263700411	-0.0158506278	-0.0265437996	0.0193062293	0.0717089467	-0.1217347909	0.2083493131	0.0155755531	-0.0087869118	0.0530129736	0.0132229751	0.0451870242	-0.0474577391	0.0185224956	-0.0537129469	0.0721548684	-0.0557815145	-0.0170626667	-0.0248300095	0.0357860907	-0.0212729974	0.0085810297	-0.1210674517	-0.1166611361	-0.0160641282	-0.0093962249	-0.1472326016	-0.0487671992	-0.0370544515	0.0104603977	0.0271750633	0.0280395774	-0.0441195377	-0.1058897896	-0.0656059792	0.0003694312	0.0654750033	-0.0082849282	0.0166610498	0.0457537855	-0.0343405016	-0.0429823957	0.0947595	0.0528534926	-0.0922445456	-0.0993867943	-0.0217356854	0.0650202126	-0.0316632804	-0.0660791587	0.0617519702	-0.0825375699	-0.099283704	-0.0403796876	-0.1285578634	0.1269376627	-0.1242524367	0.1205247148	0.0505766204964999	0.0220397768160581	0.0025579945408469	0.0004857517621016	-0.036264425148758	0.006318471921162	3.992308741851261e-05	0.0013151085313698	0.4968633068460732	-0.0042524379284501	0.2468731456900151	1.8083228335321384e-05	-0.0057342519949501	1.557243842489984e-05	3.28816459415892e-05	2.4250083849729697e-10	-0.0009716583473731	0.0004771759568366	9.44119944019824e-07	2.2769689378302009e-07	0.0005757201077435	0.0002898822545777	8.40317215190505e-08	3.314536424601873e-07	0.0	0.0	0.0
908.995562854765	-1.4944151626019675	826272.9332896511	2.233276678214665	1335.9831359423893	0.477095858588882	0.2276204582826625	1784850.9395224606	843.2429711596309	-0.9561393555746918	711058.7084101221	0.9142024672787868	1000.3907676332972	798.0005014530747	0.903944	29.636198	0.0171646130648724	0.0103308954898017	0.0619443843	-0.0188289072	0.052190687	0.0155407579	0.1192607246	0.086426466	0.0002494929	-0.0405867201	0.0629672901	0.0464379268	0.0589516879	-0.0944102249	0.0267543576	0.0094125439	0.009327946	-0.018077692	0.0507033989	0.0452816125	0.0827875905	0.0228952554	0.023114666	-0.1772731612	0.0969455663	0.1330863837	0.0023818543	-0.0137833476	0.0860121569	0.0322638735	0.0112623785	-0.0407969993	0.0702941676	0.1683201123	-0.0989580215	0.0706588304	-0.046231335	0.080916082	0.0458703663	-0.0754340205	-0.1209319823	-0.0193598828	-0.0429792914	-0.0517796417	0.1233078415	-0.1137988204	-0.0336593172	-0.0377984576	-0.0980317766	-0.0486028393	0.0351882486	-0.0894315952	-0.0190065712	-0.0477042192	0.0007316128	0.0429681429	-0.0035598864	0.0539576288	0.0472543687	0.0097374307	0.0455975531	-0.0224049302	0.0299498023	-0.0665499799	0.0158414423	-0.0352722112	-0.0675748095	-0.0133627182	-0.0634104645	-0.0126233488	0.0085005884	-0.0282168282	0.0671890501	-0.0871263009	0.1525965265	0.0390856117	0.0001423739	-0.0464217306	0.1703712085	0.1202443696	-0.0331542712	0.0395284713	-0.0066585358	0.0085224725	-0.1492148885	-0.13545221	0.1076824581	0.1440202963	-0.0922870826	0.0006950655	-0.0554828092	0.0691856935	-0.008532316	0.0421550986	-0.0946469124	-0.064592939	-0.0245609784	0.0039002004	0.0360419588	0.0426691483	-0.0196904351	0.0173154446	0.0309543552	0.0423606732	-0.0838568638	-0.0336862693	-0.0924672798	0.069264471	0.0145681238	-0.0781453894	0.1159163112	-0.0056269789	-0.0691062003	-0.1195301482	0.0347410061	0.0021532638	-0.0390301024	-0.0019523603	-0.0030069376	-0.0413396835	-0.0034340561	0.0161846808	-0.1288230331	0.1279949812	-0.1266188352	0.124700488	0.0512595131319528	0.0006828926354529	0.0026275376865248	4.663423515558115e-07	-0.0363262228863732	-6.179773761520041e-05	3.818960374357155e-09	0.0013195944691904	0.4967475166692239	-0.0001157901768493	0.2467580953170408	1.3407365054796217e-08	-0.0055692319363954	0.0001650200585547	3.101634436136645e-05	2.72316197253967e-08	-0.000902867504543	6.879084283010009e-05	8.15169730759704e-07	4.7321800572755325e-09	0.0006679918566578	9.227174891429992e-05	8.51407564770361e-09	4.462131205611348e-07	0.0	0.0	0.0
908.4841146051792	-0.5114482495857828	825343.3864899564	0.2615793120043612	1332.2307777205062	-3.7523582218830143	14.080192225333056	1774838.845105785	844.3722318372085	1.1292606775775766	712964.4658977485	1.2752296779229677	999.9402873811016	796.2233080842569	0.92445	30.308475	0.0346403358024497	0.0205160955486056	0.0720867375	0.0094181722	-0.0453359958	0.0827707433	-0.10368164	0.1403955961	0.0007808915	-0.0413216681	-0.0462621032	0.0402052673	-0.0578089076	-0.0657397065	-0.0301233554	-0.0778250584	0.0480068738	0.004590253	-0.0454417982	0.0826246755	0.1865096535	-0.0681604231	0.0269603792	0.0740200303	-0.0521016129	0.0234198639	-0.139859	-0.0915670727	-0.0603176452	0.0663956902	-0.0193931516	-0.029608894	-0.0562114046	-0.1009526067	-0.0336128071	-0.0707449747	0.0465689088	0.0077147434	-0.0686257498	-9.24478e-05	-0.0608873991	0.0369947231	-0.0247180731	-0.0636199256	0.0080870282	0.0199196114	0.0961699597	0.0382839237	-0.03792873	0.1441845291	-0.0440967829	-0.0605897989	-0.1004742103	-0.0609291652	-0.0438137663	0.031059783	-0.0541889072	0.1512716362	-0.0167557979	-0.0074228211	-0.1943666706	-0.0605835992	-0.0270387602	0.0475596465	0.1467328412	0.0460749348	0.0397946806	-0.013731541	0.0212774322	-0.0554357178	0.0404944199	0.0322796025	-0.0454228841	-0.1250843682	0.1432172985	0.0945331118	0.0744625167	-0.067711682	0.0529914914	0.0045593629	-0.0626174135	0.0578225258	-0.0062313765	0.1033168682	0.0423549503	0.0884779844	-0.0730126332	0.0712858014	-0.0431480771	0.0189354583	-0.0090478054	0.0512878626	-0.0962361566	0.0255954602	0.2299814665	-0.0108695789	0.0064204905	0.1050532146	0.0422546779	0.0301270486	-0.0792836342	-0.0961164095	-0.0407741533	-0.1175211647	-0.0277102109	-0.0633928212	-0.0136587689	0.0439350526	0.0238561874	0.0142866709	0.1336002728	0.0865553904	-0.1013451351	-0.1542488517	-0.0143554323	0.1173160843	-0.0323600473	0.0382769948	-0.0048994068	-0.0879560539	-0.0074352622	-0.1042437574	-0.1289999139	0.1287014744	-0.1282045865	0.1275100165	0.052130641345883	0.0008711282139301	0.002717603767133	7.588643651052181e-07	-0.0263849136023992	0.009941309283974	9.88296302796277e-05	0.000696163665806	0.4803871478662884	-0.0163603688029355	0.2307718118351072	0.000267661667368	-0.0054757415903517	9.349034604369966e-05	2.9983745964307365e-05	8.74044480337071e-09	-0.0009187260505567	-1.585854601370007e-05	8.440575559715121e-07	2.5149348166864236e-10	0.000627990158683	-4.000169797479993e-05	1.6001358408671126e-09	3.943716394026996e-07	0.0	0.0	0.0
907.0811005813324	-1.403014023846822	822796.1230318412	1.968448351110851	1335.880209957742	3.649432237235714	13.318355654175273	1784575.9353567408	844.9153008119662	0.5430689747577162	713881.8655461753	0.294923911344397	1000.0605405953808	789.7183542328565	0.9409320000000002	30.84885	0.0700220732940715	0.0433519589663337	0.1176072111	0.0251224618	0.0470897548	-0.1081444641	0.0506016705	-0.0183073787	-0.1336384877	-0.0248630661	0.0932561335	0.1541524634	-0.0074219238	-0.0537572271	0.0662394622	0.0490522925	-0.0184314413	0.0413215488	0.0001954614	-0.0990973974	-0.0494039988	-0.0556821805	-0.0078194956	-0.0923326532	-0.0230677272	-3.92189e-05	-0.0072589979	0.0405949614	-0.0332802875	-0.0410784263	-0.0141038544	-0.0965782418	0.0686785995	0.0425235886	0.064715293	0.0313274626	0.0225324475	-0.1004485622	-0.1594940142	0.0678421727	0.0210204177	0.0816072377	-0.0149853346	-0.0272923766	0.0364133661	0.0647449084	0.1406964063	0.0094412657	-0.126509797	-0.0137657226	-0.0012003792	0.0897469248	0.032736576	0.0572363664	0.1012154788	-0.004272476	0.0381803161	0.0981095844	-0.0347143385	0.0788197624	0.0394361474	-0.0593838507	0.0446967243	-0.0738584791	0.0230738698	-0.0853218632	0.0093292734	0.0253872929	-0.0370194969	-0.1072383346	0.0054080036	-0.0183667515	-0.0393175243	-0.1352780263	-0.0573387152	0.0217405554	-0.0713944669	0.0330948632	0.0812675415	0.0741802296	0.013108896	-0.0496145247	-0.1350692696	0.0720653336	0.0473048708	0.0654694473	-0.0059690405	0.063596732	-0.0151893288	-0.1224571402	0.1152470389	0.0456223289	-0.0054913435	-0.0062867946	0.0078747636	-0.0766659767	0.0582240094	0.0852885696	0.0200704252	0.0270741066	-0.0046815143	0.12322344	0.1196527281	0.0724273651	0.0125008446	-0.0921401992	-0.0109991037	0.0073736613	0.0330905328	-0.0101548597	0.0262040176	0.059013706	-0.095483761	-0.040159964	0.0268351105	0.0613525269	-0.0264948417	0.0802087061	0.022953195	-0.1082286894	-0.0666361671	-0.0924022434	-0.1290883846	0.1290552057	-0.1289999139	0.1289225186	0.0555357531921316	0.0034051118462486	0.0030842198826173	1.159478668546256e-05	-0.0282681466365914	-0.0018832330341921	3.546566661072757e-06	0.0007990881142678	0.5173504882137792	0.0369633403474907	0.2676515276550356	0.0013662885296444	-0.005788745961311	-0.0003130043709593	3.350957980459441e-05	9.797173623962719e-08	-0.001068052790706	-0.0001493267401492	1.1407367637348746e-06	2.229847532361653e-08	0.0005349135084688	-9.307665021420008e-05	8.663262815096551e-09	2.8613246154240095e-07	0.0	0.0	0.0
