
Tue Mar 10 06:58:10 CET 2026
cd /out/sourcedata/freesurfer/sub-v1s8x0051346_ses-1
setenv SUBJECTS_DIR /out/sourcedata/freesurfer
/opt/freesurfer/bin/recon-all -autorecon1 -i /work/fmriprep_25_2_wf/sub_v1s8x0051346_ses_1_wf/anat_fit_wf/anat_validate/sub-v1s8x0051346_ses-1_T1w_noise_corrected_ras_valid.nii.gz -noskullstrip -noT2pial -noFLAIRpial -openmp 16 -subjid sub-v1s8x0051346_ses-1 -sd /out/sourcedata/freesurfer

subjid sub-v1s8x0051346_ses-1
setenv SUBJECTS_DIR /out/sourcedata/freesurfer
FREESURFER_HOME /opt/freesurfer
Actual FREESURFER_HOME /opt/freesurfer
build-stamp.txt: freesurfer-linux-ubuntu22_x86_64-7.3.2-20220804-6354275
Linux dna063 5.14.0-427.37.1.el9_4.x86_64 #1 SMP PREEMPT_DYNAMIC Fri Sep 13 12:41:50 EDT 2024 x86_64 x86_64 x86_64 GNU/Linux
cputime      unlimited
filesize     unlimited
datasize     unlimited
stacksize    8192 kbytes
coredumpsize 0 kbytes
memoryuse    67108864 kbytes
vmemoryuse   unlimited
descriptors  1024 
memorylocked unlimited
maxproc      2061970 
maxlocks     unlimited
maxsignal    2061970 
maxmessage   819200 
maxnice      0 
maxrtprio    0 
maxrttime    unlimited

               total        used        free      shared  buff/cache   available
Mem:           503Gi        48Gi       351Gi        10Gi       104Gi       441Gi
Swap:             0B          0B          0B

########################################
program versions used
7.3.2 (freesurfer-linux-ubuntu22_x86_64-7.3.2-20220804-6354275)
7.3.2

ProgramName: lta_convert  ProgramArguments: lta_convert -all-info  ProgramVersion: 7.3.2  TimeStamp: 2026/03/10-05:58:10-GMT  BuildTime: Aug  4 2022 06:17:15  BuildStamp: freesurfer-linux-ubuntu22_x86_64-7.3.2-20220804-6354275  User: oesteban  Machine: dna063  Platform: Linux  PlatformVersion: 5.14.0-427.37.1.el9_4.x86_64  CompilerName: GCC  CompilerVersion: 8.4.0
ProgramName: mri_and  ProgramArguments: mri_and -all-info  ProgramVersion: 7.3.2  TimeStamp: 2026/03/10-05:58:10-GMT  BuildTime: Aug  4 2022 06:17:15  BuildStamp: freesurfer-linux-ubuntu22_x86_64-7.3.2-20220804-6354275  User: oesteban  Machine: dna063  Platform: Linux  PlatformVersion: 5.14.0-427.37.1.el9_4.x86_64  CompilerName: GCC  CompilerVersion: 8.4.0
ProgramName: mri_annotation2label  ProgramArguments: mri_annotation2label -all-info  ProgramVersion: 7.3.2  TimeStamp: 2026/03/10-05:58:10-GMT  BuildTime: Aug  4 2022 06:17:15  BuildStamp: freesurfer-linux-ubuntu22_x86_64-7.3.2-20220804-6354275  User: oesteban  Machine: dna063  Platform: Linux  PlatformVersion: 5.14.0-427.37.1.el9_4.x86_64  CompilerName: GCC  CompilerVersion: 8.4.0
ProgramName: mri_aparc2aseg  ProgramArguments: mri_aparc2aseg -all-info  ProgramVersion: 7.3.2  TimeStamp: 2026/03/10-05:58:10-GMT  BuildTime: Aug  4 2022 06:17:15  BuildStamp: freesurfer-linux-ubuntu22_x86_64-7.3.2-20220804-6354275  User: oesteban  Machine: dna063  Platform: Linux  PlatformVersion: 5.14.0-427.37.1.el9_4.x86_64  CompilerName: GCC  CompilerVersion: 8.4.0
ProgramName: mri_surf2volseg  ProgramArguments: mri_surf2volseg -all-info  ProgramVersion: 7.3.2  TimeStamp: 2026/03/10-05:58:10-GMT  BuildTime: Aug  4 2022 06:17:15  BuildStamp: freesurfer-linux-ubuntu22_x86_64-7.3.2-20220804-6354275  User: oesteban  Machine: dna063  Platform: Linux  PlatformVersion: 5.14.0-427.37.1.el9_4.x86_64  CompilerName: GCC  CompilerVersion: 8.4.0
ProgramName: mri_binarize  ProgramArguments: mri_binarize -all-info  ProgramVersion: 7.3.2  TimeStamp: 2026/03/10-05:58:10-GMT  BuildTime: Aug  4 2022 06:17:15  BuildStamp: freesurfer-linux-ubuntu22_x86_64-7.3.2-20220804-6354275  User: oesteban  Machine: dna063  Platform: Linux  PlatformVersion: 5.14.0-427.37.1.el9_4.x86_64  CompilerName: GCC  CompilerVersion: 8.4.0
ProgramName: mri_ca_label  ProgramArguments: mri_ca_label -all-info  ProgramVersion: 7.3.2  TimeStamp: 2026/03/10-05:58:10-GMT  BuildTime: Aug  4 2022 06:17:15  BuildStamp: freesurfer-linux-ubuntu22_x86_64-7.3.2-20220804-6354275  User: oesteban  Machine: dna063  Platform: Linux  PlatformVersion: 5.14.0-427.37.1.el9_4.x86_64  CompilerName: GCC  CompilerVersion: 8.4.0
ProgramName: mri_ca_normalize  ProgramArguments: mri_ca_normalize -all-info  ProgramVersion: 7.3.2  TimeStamp: 2026/03/10-05:58:10-GMT  BuildTime: Aug  4 2022 06:17:15  BuildStamp: freesurfer-linux-ubuntu22_x86_64-7.3.2-20220804-6354275  User: oesteban  Machine: dna063  Platform: Linux  PlatformVersion: 5.14.0-427.37.1.el9_4.x86_64  CompilerName: GCC  CompilerVersion: 8.4.0
ProgramName: mri_ca_register  ProgramArguments: mri_ca_register -all-info  ProgramVersion: 7.3.2  TimeStamp: 2026/03/10-05:58:10-GMT  BuildTime: Aug  4 2022 06:17:15  BuildStamp: freesurfer-linux-ubuntu22_x86_64-7.3.2-20220804-6354275  User: oesteban  Machine: dna063  Platform: Linux  PlatformVersion: 5.14.0-427.37.1.el9_4.x86_64  CompilerName: GCC  CompilerVersion: 8.4.0
ProgramName: mri_cc  ProgramArguments: mri_cc -all-info  ProgramVersion: 7.3.2  TimeStamp: 2026/03/10-05:58:10-GMT  BuildTime: Aug  4 2022 06:17:15  BuildStamp: freesurfer-linux-ubuntu22_x86_64-7.3.2-20220804-6354275  User: oesteban  Machine: dna063  Platform: Linux  PlatformVersion: 5.14.0-427.37.1.el9_4.x86_64  CompilerName: GCC  CompilerVersion: 8.4.0
ProgramName: mri_compute_overlap  ProgramArguments: mri_compute_overlap -all-info  ProgramVersion: 7.3.2  TimeStamp: 2026/03/10-05:58:10-GMT  BuildTime: Aug  4 2022 06:17:15  BuildStamp: freesurfer-linux-ubuntu22_x86_64-7.3.2-20220804-6354275  User: oesteban  Machine: dna063  Platform: Linux  PlatformVersion: 5.14.0-427.37.1.el9_4.x86_64  CompilerName: GCC  CompilerVersion: 8.4.0
ProgramName: mri_compute_seg_overlap  ProgramArguments: mri_compute_seg_overlap -all-info  ProgramVersion: 7.3.2  TimeStamp: 2026/03/10-05:58:10-GMT  BuildTime: Aug  4 2022 06:17:15  BuildStamp: freesurfer-linux-ubuntu22_x86_64-7.3.2-20220804-6354275  User: oesteban  Machine: dna063  Platform: Linux  PlatformVersion: 5.14.0-427.37.1.el9_4.x86_64  CompilerName: GCC  CompilerVersion: 8.4.0
ProgramName: mri_concat  ProgramArguments: mri_concat -all-info  ProgramVersion: 7.3.2  TimeStamp: 2026/03/10-05:58:10-GMT  BuildTime: Aug  4 2022 06:17:15  BuildStamp: freesurfer-linux-ubuntu22_x86_64-7.3.2-20220804-6354275  User: oesteban  Machine: dna063  Platform: Linux  PlatformVersion: 5.14.0-427.37.1.el9_4.x86_64  CompilerName: GCC  CompilerVersion: 8.4.0
ProgramName: mri_concatenate_lta  ProgramArguments: mri_concatenate_lta -all-info  ProgramVersion: 7.3.2  TimeStamp: 2026/03/10-05:58:10-GMT  BuildTime: Aug  4 2022 06:17:15  BuildStamp: freesurfer-linux-ubuntu22_x86_64-7.3.2-20220804-6354275  User: oesteban  Machine: dna063  Platform: Linux  PlatformVersion: 5.14.0-427.37.1.el9_4.x86_64  CompilerName: GCC  CompilerVersion: 8.4.0
mri_convert -all-info 
ProgramName: mri_convert  ProgramArguments: mri_convert -all-info  ProgramVersion: 7.3.2  TimeStamp: 2026/03/10-05:58:10-GMT  BuildTime: Aug  4 2022 06:17:15  BuildStamp: freesurfer-linux-ubuntu22_x86_64-7.3.2-20220804-6354275  User: oesteban  Machine: dna063  Platform: Linux  PlatformVersion: 5.14.0-427.37.1.el9_4.x86_64  CompilerName: GCC  CompilerVersion: 8.4.0
ProgramName: mri_diff  ProgramArguments: mri_diff -all-info  ProgramVersion: 7.3.2  TimeStamp: 2026/03/10-05:58:10-GMT  BuildTime: Aug  4 2022 06:17:15  BuildStamp: freesurfer-linux-ubuntu22_x86_64-7.3.2-20220804-6354275  User: oesteban  Machine: dna063  Platform: Linux  PlatformVersion: 5.14.0-427.37.1.el9_4.x86_64  CompilerName: GCC  CompilerVersion: 8.4.0
ProgramName: mri_edit_wm_with_aseg  ProgramArguments: mri_edit_wm_with_aseg -all-info  ProgramVersion: 7.3.2  TimeStamp: 2026/03/10-05:58:10-GMT  BuildTime: Aug  4 2022 06:17:15  BuildStamp: freesurfer-linux-ubuntu22_x86_64-7.3.2-20220804-6354275  User: oesteban  Machine: dna063  Platform: Linux  PlatformVersion: 5.14.0-427.37.1.el9_4.x86_64  CompilerName: GCC  CompilerVersion: 8.4.0
ProgramName: mri_em_register  ProgramArguments: mri_em_register -all-info  ProgramVersion: 7.3.2  TimeStamp: 2026/03/10-05:58:10-GMT  BuildTime: Aug  4 2022 06:17:15  BuildStamp: freesurfer-linux-ubuntu22_x86_64-7.3.2-20220804-6354275  User: oesteban  Machine: dna063  Platform: Linux  PlatformVersion: 5.14.0-427.37.1.el9_4.x86_64  CompilerName: GCC  CompilerVersion: 8.4.0
ProgramName: mri_fill  ProgramArguments: mri_fill -all-info  ProgramVersion: 7.3.2  TimeStamp: 2026/03/10-05:58:10-GMT  BuildTime: Aug  4 2022 06:17:15  BuildStamp: freesurfer-linux-ubuntu22_x86_64-7.3.2-20220804-6354275  User: oesteban  Machine: dna063  Platform: Linux  PlatformVersion: 5.14.0-427.37.1.el9_4.x86_64  CompilerName: GCC  CompilerVersion: 8.4.0
ProgramName: mri_fuse_segmentations  ProgramArguments: mri_fuse_segmentations -all-info  ProgramVersion: 7.3.2  TimeStamp: 2026/03/10-05:58:10-GMT  BuildTime: Aug  4 2022 06:17:15  BuildStamp: freesurfer-linux-ubuntu22_x86_64-7.3.2-20220804-6354275  User: oesteban  Machine: dna063  Platform: Linux  PlatformVersion: 5.14.0-427.37.1.el9_4.x86_64  CompilerName: GCC  CompilerVersion: 8.4.0
ProgramName: mri_fwhm  ProgramArguments: mri_fwhm -all-info  ProgramVersion: 7.3.2  TimeStamp: 2026/03/10-05:58:10-GMT  BuildTime: Aug  4 2022 06:17:15  BuildStamp: freesurfer-linux-ubuntu22_x86_64-7.3.2-20220804-6354275  User: oesteban  Machine: dna063  Platform: Linux  PlatformVersion: 5.14.0-427.37.1.el9_4.x86_64  CompilerName: GCC  CompilerVersion: 8.4.0
ProgramName: mri_gcut  ProgramArguments: mri_gcut -all-info  ProgramVersion: 7.3.2  TimeStamp: 2026/03/10-05:58:10-GMT  BuildTime: Aug  4 2022 06:17:15  BuildStamp: freesurfer-linux-ubuntu22_x86_64-7.3.2-20220804-6354275  User: oesteban  Machine: dna063  Platform: Linux  PlatformVersion: 5.14.0-427.37.1.el9_4.x86_64  CompilerName: GCC  CompilerVersion: 8.4.0
ProgramName: mri_info  ProgramArguments: mri_info -all-info  ProgramVersion: 7.3.2  TimeStamp: 2026/03/10-05:58:10-GMT  BuildTime: Aug  4 2022 06:17:15  BuildStamp: freesurfer-linux-ubuntu22_x86_64-7.3.2-20220804-6354275  User: oesteban  Machine: dna063  Platform: Linux  PlatformVersion: 5.14.0-427.37.1.el9_4.x86_64  CompilerName: GCC  CompilerVersion: 8.4.0
ProgramName: mri_label2label  ProgramArguments: mri_label2label -all-info  ProgramVersion: 7.3.2  TimeStamp: 2026/03/10-05:58:10-GMT  BuildTime: Aug  4 2022 06:17:15  BuildStamp: freesurfer-linux-ubuntu22_x86_64-7.3.2-20220804-6354275  User: oesteban  Machine: dna063  Platform: Linux  PlatformVersion: 5.14.0-427.37.1.el9_4.x86_64  CompilerName: GCC  CompilerVersion: 8.4.0
ProgramName: mri_label2vol  ProgramArguments: mri_label2vol -all-info  ProgramVersion: 7.3.2  TimeStamp: 2026/03/10-05:58:10-GMT  BuildTime: Aug  4 2022 06:17:15  BuildStamp: freesurfer-linux-ubuntu22_x86_64-7.3.2-20220804-6354275  User: oesteban  Machine: dna063  Platform: Linux  PlatformVersion: 5.14.0-427.37.1.el9_4.x86_64  CompilerName: GCC  CompilerVersion: 8.4.0
ProgramName: mri_log_likelihood  ProgramArguments: mri_log_likelihood -all-info  ProgramVersion: 7.3.2  TimeStamp: 2026/03/10-05:58:10-GMT  BuildTime: Aug  4 2022 06:17:15  BuildStamp: freesurfer-linux-ubuntu22_x86_64-7.3.2-20220804-6354275  User: oesteban  Machine: dna063  Platform: Linux  PlatformVersion: 5.14.0-427.37.1.el9_4.x86_64  CompilerName: GCC  CompilerVersion: 8.4.0
ProgramName: mri_mask  ProgramArguments: mri_mask -all-info  ProgramVersion: 7.3.2  TimeStamp: 2026/03/10-05:58:10-GMT  BuildTime: Aug  4 2022 06:17:15  BuildStamp: freesurfer-linux-ubuntu22_x86_64-7.3.2-20220804-6354275  User: oesteban  Machine: dna063  Platform: Linux  PlatformVersion: 5.14.0-427.37.1.el9_4.x86_64  CompilerName: GCC  CompilerVersion: 8.4.0
ProgramName: mri_matrix_multiply  ProgramArguments: mri_matrix_multiply -all-info  ProgramVersion: 7.3.2  TimeStamp: 2026/03/10-05:58:10-GMT  BuildTime: Aug  4 2022 06:17:15  BuildStamp: freesurfer-linux-ubuntu22_x86_64-7.3.2-20220804-6354275  User: oesteban  Machine: dna063  Platform: Linux  PlatformVersion: 5.14.0-427.37.1.el9_4.x86_64  CompilerName: GCC  CompilerVersion: 8.4.0
ProgramName: mri_normalize  ProgramArguments: mri_normalize -all-info  ProgramVersion: 7.3.2  TimeStamp: 2026/03/10-05:58:10-GMT  BuildTime: Aug  4 2022 06:17:15  BuildStamp: freesurfer-linux-ubuntu22_x86_64-7.3.2-20220804-6354275  User: oesteban  Machine: dna063  Platform: Linux  PlatformVersion: 5.14.0-427.37.1.el9_4.x86_64  CompilerName: GCC  CompilerVersion: 8.4.0
ProgramName: mri_normalize_tp2  ProgramArguments: mri_normalize_tp2 -all-info  ProgramVersion: 7.3.2  TimeStamp: 2026/03/10-05:58:10-GMT  BuildTime: Aug  4 2022 06:17:15  BuildStamp: freesurfer-linux-ubuntu22_x86_64-7.3.2-20220804-6354275  User: oesteban  Machine: dna063  Platform: Linux  PlatformVersion: 5.14.0-427.37.1.el9_4.x86_64  CompilerName: GCC  CompilerVersion: 8.4.0
ProgramName: mri_or  ProgramArguments: mri_or -all-info  ProgramVersion: 7.3.2  TimeStamp: 2026/03/10-05:58:10-GMT  BuildTime: Aug  4 2022 06:17:15  BuildStamp: freesurfer-linux-ubuntu22_x86_64-7.3.2-20220804-6354275  User: oesteban  Machine: dna063  Platform: Linux  PlatformVersion: 5.14.0-427.37.1.el9_4.x86_64  CompilerName: GCC  CompilerVersion: 8.4.0
ProgramName: mri_relabel_hypointensities  ProgramArguments: mri_relabel_hypointensities -all-info  ProgramVersion: 7.3.2  TimeStamp: 2026/03/10-05:58:10-GMT  BuildTime: Aug  4 2022 06:17:15  BuildStamp: freesurfer-linux-ubuntu22_x86_64-7.3.2-20220804-6354275  User: oesteban  Machine: dna063  Platform: Linux  PlatformVersion: 5.14.0-427.37.1.el9_4.x86_64  CompilerName: GCC  CompilerVersion: 8.4.0
ProgramName: mri_relabel_nonwm_hypos  ProgramArguments: mri_relabel_nonwm_hypos -all-info  ProgramVersion: 7.3.2  TimeStamp: 2026/03/10-05:58:10-GMT  BuildTime: Aug  4 2022 06:17:15  BuildStamp: freesurfer-linux-ubuntu22_x86_64-7.3.2-20220804-6354275  User: oesteban  Machine: dna063  Platform: Linux  PlatformVersion: 5.14.0-427.37.1.el9_4.x86_64  CompilerName: GCC  CompilerVersion: 8.4.0
ProgramName: mri_remove_neck  ProgramArguments: mri_remove_neck -all-info  ProgramVersion: 7.3.2  TimeStamp: 2026/03/10-05:58:10-GMT  BuildTime: Aug  4 2022 06:17:15  BuildStamp: freesurfer-linux-ubuntu22_x86_64-7.3.2-20220804-6354275  User: oesteban  Machine: dna063  Platform: Linux  PlatformVersion: 5.14.0-427.37.1.el9_4.x86_64  CompilerName: GCC  CompilerVersion: 8.4.0
7.3.2

ProgramName: mri_robust_register  ProgramArguments: mri_robust_register -all-info  ProgramVersion: 7.3.2  TimeStamp: 2026/03/10-05:58:10-GMT  BuildTime: Aug  4 2022 06:17:15  BuildStamp: freesurfer-linux-ubuntu22_x86_64-7.3.2-20220804-6354275  User: oesteban  Machine: dna063  Platform: Linux  PlatformVersion: 5.14.0-427.37.1.el9_4.x86_64  CompilerName: GCC  CompilerVersion: 8.4.0
7.3.2

ProgramName: mri_robust_template  ProgramArguments: mri_robust_template -all-info  ProgramVersion: 7.3.2  TimeStamp: 2026/03/10-05:58:10-GMT  BuildTime: Aug  4 2022 06:17:15  BuildStamp: freesurfer-linux-ubuntu22_x86_64-7.3.2-20220804-6354275  User: oesteban  Machine: dna063  Platform: Linux  PlatformVersion: 5.14.0-427.37.1.el9_4.x86_64  CompilerName: GCC  CompilerVersion: 8.4.0
ProgramName: mris_anatomical_stats  ProgramArguments: mris_anatomical_stats -all-info  ProgramVersion: 7.3.2  TimeStamp: 2026/03/10-05:58:10-GMT  BuildTime: Aug  4 2022 06:17:15  BuildStamp: freesurfer-linux-ubuntu22_x86_64-7.3.2-20220804-6354275  User: oesteban  Machine: dna063  Platform: Linux  PlatformVersion: 5.14.0-427.37.1.el9_4.x86_64  CompilerName: GCC  CompilerVersion: 8.4.0
ProgramName: mris_ca_label  ProgramArguments: mris_ca_label -all-info  ProgramVersion: 7.3.2  TimeStamp: 2026/03/10-05:58:11-GMT  BuildTime: Aug  4 2022 06:17:15  BuildStamp: freesurfer-linux-ubuntu22_x86_64-7.3.2-20220804-6354275  User: oesteban  Machine: dna063  Platform: Linux  PlatformVersion: 5.14.0-427.37.1.el9_4.x86_64  CompilerName: GCC  CompilerVersion: 8.4.0
ProgramName: mris_calc  ProgramArguments: mris_calc -all-info  ProgramVersion: 7.3.2  TimeStamp: 2026/03/10-05:58:11-GMT  BuildTime: Aug  4 2022 06:17:15  BuildStamp: freesurfer-linux-ubuntu22_x86_64-7.3.2-20220804-6354275  User: oesteban  Machine: dna063  Platform: Linux  PlatformVersion: 5.14.0-427.37.1.el9_4.x86_64  CompilerName: GCC  CompilerVersion: 8.4.0
ProgramName: mris_convert  ProgramArguments: mris_convert -all-info  ProgramVersion: 7.3.2  TimeStamp: 2026/03/10-05:58:11-GMT  BuildTime: Aug  4 2022 06:17:15  BuildStamp: freesurfer-linux-ubuntu22_x86_64-7.3.2-20220804-6354275  User: oesteban  Machine: dna063  Platform: Linux  PlatformVersion: 5.14.0-427.37.1.el9_4.x86_64  CompilerName: GCC  CompilerVersion: 8.4.0
ProgramName: mris_curvature  ProgramArguments: mris_curvature -all-info  ProgramVersion: 7.3.2  TimeStamp: 2026/03/10-05:58:11-GMT  BuildTime: Aug  4 2022 06:17:15  BuildStamp: freesurfer-linux-ubuntu22_x86_64-7.3.2-20220804-6354275  User: oesteban  Machine: dna063  Platform: Linux  PlatformVersion: 5.14.0-427.37.1.el9_4.x86_64  CompilerName: GCC  CompilerVersion: 8.4.0
ProgramName: mris_curvature_stats  ProgramArguments: mris_curvature_stats -all-info  ProgramVersion: 7.3.2  TimeStamp: 2026/03/10-05:58:11-GMT  BuildTime: Aug  4 2022 06:17:15  BuildStamp: freesurfer-linux-ubuntu22_x86_64-7.3.2-20220804-6354275  User: oesteban  Machine: dna063  Platform: Linux  PlatformVersion: 5.14.0-427.37.1.el9_4.x86_64  CompilerName: GCC  CompilerVersion: 8.4.0
ProgramName: mris_diff  ProgramArguments: mris_diff -all-info  ProgramVersion: 7.3.2  TimeStamp: 2026/03/10-05:58:11-GMT  BuildTime: Aug  4 2022 06:17:15  BuildStamp: freesurfer-linux-ubuntu22_x86_64-7.3.2-20220804-6354275  User: oesteban  Machine: dna063  Platform: Linux  PlatformVersion: 5.14.0-427.37.1.el9_4.x86_64  CompilerName: GCC  CompilerVersion: 8.4.0
ProgramName: mris_divide_parcellation  ProgramArguments: mris_divide_parcellation -all-info  ProgramVersion: 7.3.2  TimeStamp: 2026/03/10-05:58:11-GMT  BuildTime: Aug  4 2022 06:17:15  BuildStamp: freesurfer-linux-ubuntu22_x86_64-7.3.2-20220804-6354275  User: oesteban  Machine: dna063  Platform: Linux  PlatformVersion: 5.14.0-427.37.1.el9_4.x86_64  CompilerName: GCC  CompilerVersion: 8.4.0
ProgramName: mri_segment  ProgramArguments: mri_segment -all-info  ProgramVersion: 7.3.2  TimeStamp: 2026/03/10-05:58:11-GMT  BuildTime: Aug  4 2022 06:17:15  BuildStamp: freesurfer-linux-ubuntu22_x86_64-7.3.2-20220804-6354275  User: oesteban  Machine: dna063  Platform: Linux  PlatformVersion: 5.14.0-427.37.1.el9_4.x86_64  CompilerName: GCC  CompilerVersion: 8.4.0
ProgramName: mri_segstats  ProgramArguments: mri_segstats -all-info  ProgramVersion: 7.3.2  TimeStamp: 2026/03/10-05:58:11-GMT  BuildTime: Aug  4 2022 06:17:15  BuildStamp: freesurfer-linux-ubuntu22_x86_64-7.3.2-20220804-6354275  User: oesteban  Machine: dna063  Platform: Linux  PlatformVersion: 5.14.0-427.37.1.el9_4.x86_64  CompilerName: GCC  CompilerVersion: 8.4.0
ProgramName: mris_euler_number  ProgramArguments: mris_euler_number -all-info  ProgramVersion: 7.3.2  TimeStamp: 2026/03/10-05:58:11-GMT  BuildTime: Aug  4 2022 06:17:15  BuildStamp: freesurfer-linux-ubuntu22_x86_64-7.3.2-20220804-6354275  User: oesteban  Machine: dna063  Platform: Linux  PlatformVersion: 5.14.0-427.37.1.el9_4.x86_64  CompilerName: GCC  CompilerVersion: 8.4.0
ProgramName: mris_fix_topology  ProgramArguments: mris_fix_topology -all-info  ProgramVersion: 7.3.2  TimeStamp: 2026/03/10-05:58:11-GMT  BuildTime: Aug  4 2022 06:17:15  BuildStamp: freesurfer-linux-ubuntu22_x86_64-7.3.2-20220804-6354275  User: oesteban  Machine: dna063  Platform: Linux  PlatformVersion: 5.14.0-427.37.1.el9_4.x86_64  CompilerName: GCC  CompilerVersion: 8.4.0
ProgramName: mris_topo_fixer  ProgramArguments: mris_topo_fixer -all-info  ProgramVersion: 7.3.2  TimeStamp: 2026/03/10-05:58:11-GMT  BuildTime: Aug  4 2022 06:17:15  BuildStamp: freesurfer-linux-ubuntu22_x86_64-7.3.2-20220804-6354275  User: oesteban  Machine: dna063  Platform: Linux  PlatformVersion: 5.14.0-427.37.1.el9_4.x86_64  CompilerName: GCC  CompilerVersion: 8.4.0
ProgramName: mris_jacobian  ProgramArguments: mris_jacobian -all-info  ProgramVersion: 7.3.2  TimeStamp: 2026/03/10-05:58:11-GMT  BuildTime: Aug  4 2022 06:17:15  BuildStamp: freesurfer-linux-ubuntu22_x86_64-7.3.2-20220804-6354275  User: oesteban  Machine: dna063  Platform: Linux  PlatformVersion: 5.14.0-427.37.1.el9_4.x86_64  CompilerName: GCC  CompilerVersion: 8.4.0
ProgramName: mris_label2annot  ProgramArguments: mris_label2annot -all-info  ProgramVersion: 7.3.2  TimeStamp: 2026/03/10-05:58:11-GMT  BuildTime: Aug  4 2022 06:17:15  BuildStamp: freesurfer-linux-ubuntu22_x86_64-7.3.2-20220804-6354275  User: oesteban  Machine: dna063  Platform: Linux  PlatformVersion: 5.14.0-427.37.1.el9_4.x86_64  CompilerName: GCC  CompilerVersion: 8.4.0
ProgramName: mris_left_right_register  ProgramArguments: mris_left_right_register -all-info  ProgramVersion: 7.3.2  TimeStamp: 2026/03/10-05:58:11-GMT  BuildTime: Aug  4 2022 06:17:15  BuildStamp: freesurfer-linux-ubuntu22_x86_64-7.3.2-20220804-6354275  User: oesteban  Machine: dna063  Platform: Linux  PlatformVersion: 5.14.0-427.37.1.el9_4.x86_64  CompilerName: GCC  CompilerVersion: 8.4.0
ProgramName: mris_place_surface  ProgramArguments: mris_place_surface -all-info  ProgramVersion: 7.3.2  TimeStamp: 2026/03/10-05:58:11-GMT  BuildTime: Aug  4 2022 06:17:15  BuildStamp: freesurfer-linux-ubuntu22_x86_64-7.3.2-20220804-6354275  User: oesteban  Machine: dna063  Platform: Linux  PlatformVersion: 5.14.0-427.37.1.el9_4.x86_64  CompilerName: GCC  CompilerVersion: 8.4.0
ProgramName: mrisp_paint  ProgramArguments: mrisp_paint -all-info  ProgramVersion: 7.3.2  TimeStamp: 2026/03/10-05:58:11-GMT  BuildTime: Aug  4 2022 06:17:15  BuildStamp: freesurfer-linux-ubuntu22_x86_64-7.3.2-20220804-6354275  User: oesteban  Machine: dna063  Platform: Linux  PlatformVersion: 5.14.0-427.37.1.el9_4.x86_64  CompilerName: GCC  CompilerVersion: 8.4.0
ProgramName: mris_register  ProgramArguments: mris_register -all-info  ProgramVersion: 7.3.2  TimeStamp: 2026/03/10-05:58:11-GMT  BuildTime: Aug  4 2022 06:17:15  BuildStamp: freesurfer-linux-ubuntu22_x86_64-7.3.2-20220804-6354275  User: oesteban  Machine: dna063  Platform: Linux  PlatformVersion: 5.14.0-427.37.1.el9_4.x86_64  CompilerName: GCC  CompilerVersion: 8.4.0
ProgramName: mris_smooth  ProgramArguments: mris_smooth -all-info  ProgramVersion: 7.3.2  TimeStamp: 2026/03/10-05:58:11-GMT  BuildTime: Aug  4 2022 06:17:15  BuildStamp: freesurfer-linux-ubuntu22_x86_64-7.3.2-20220804-6354275  User: oesteban  Machine: dna063  Platform: Linux  PlatformVersion: 5.14.0-427.37.1.el9_4.x86_64  CompilerName: GCC  CompilerVersion: 8.4.0
ProgramName: mris_sphere  ProgramArguments: mris_sphere -all-info  ProgramVersion: 7.3.2  TimeStamp: 2026/03/10-05:58:11-GMT  BuildTime: Aug  4 2022 06:17:15  BuildStamp: freesurfer-linux-ubuntu22_x86_64-7.3.2-20220804-6354275  User: oesteban  Machine: dna063  Platform: Linux  PlatformVersion: 5.14.0-427.37.1.el9_4.x86_64  CompilerName: GCC  CompilerVersion: 8.4.0
ProgramName: mris_surface_stats  ProgramArguments: mris_surface_stats -all-info  ProgramVersion: 7.3.2  TimeStamp: 2026/03/10-05:58:11-GMT  BuildTime: Aug  4 2022 06:17:15  BuildStamp: freesurfer-linux-ubuntu22_x86_64-7.3.2-20220804-6354275  User: oesteban  Machine: dna063  Platform: Linux  PlatformVersion: 5.14.0-427.37.1.el9_4.x86_64  CompilerName: GCC  CompilerVersion: 8.4.0
ProgramName: mri_stats2seg  ProgramArguments: mri_stats2seg -all-info  ProgramVersion: 7.3.2  TimeStamp: 2026/03/10-05:58:11-GMT  BuildTime: Aug  4 2022 06:17:15  BuildStamp: freesurfer-linux-ubuntu22_x86_64-7.3.2-20220804-6354275  User: oesteban  Machine: dna063  Platform: Linux  PlatformVersion: 5.14.0-427.37.1.el9_4.x86_64  CompilerName: GCC  CompilerVersion: 8.4.0
ProgramName: mris_thickness  ProgramArguments: mris_thickness -all-info  ProgramVersion: 7.3.2  TimeStamp: 2026/03/10-05:58:11-GMT  BuildTime: Aug  4 2022 06:17:15  BuildStamp: freesurfer-linux-ubuntu22_x86_64-7.3.2-20220804-6354275  User: oesteban  Machine: dna063  Platform: Linux  PlatformVersion: 5.14.0-427.37.1.el9_4.x86_64  CompilerName: GCC  CompilerVersion: 8.4.0
ProgramName: mris_thickness_diff  ProgramArguments: mris_thickness_diff -all-info  ProgramVersion: 7.3.2  TimeStamp: 2026/03/10-05:58:11-GMT  BuildTime: Aug  4 2022 06:17:15  BuildStamp: freesurfer-linux-ubuntu22_x86_64-7.3.2-20220804-6354275  User: oesteban  Machine: dna063  Platform: Linux  PlatformVersion: 5.14.0-427.37.1.el9_4.x86_64  CompilerName: GCC  CompilerVersion: 8.4.0
ProgramName: mris_topo_fixer  ProgramArguments: mris_topo_fixer -all-info  ProgramVersion: 7.3.2  TimeStamp: 2026/03/10-05:58:11-GMT  BuildTime: Aug  4 2022 06:17:15  BuildStamp: freesurfer-linux-ubuntu22_x86_64-7.3.2-20220804-6354275  User: oesteban  Machine: dna063  Platform: Linux  PlatformVersion: 5.14.0-427.37.1.el9_4.x86_64  CompilerName: GCC  CompilerVersion: 8.4.0
ProgramName: mri_surf2surf  ProgramArguments: mri_surf2surf -all-info  ProgramVersion: 7.3.2  TimeStamp: 2026/03/10-05:58:11-GMT  BuildTime: Aug  4 2022 06:17:15  BuildStamp: freesurfer-linux-ubuntu22_x86_64-7.3.2-20220804-6354275  User: oesteban  Machine: dna063  Platform: Linux  PlatformVersion: 5.14.0-427.37.1.el9_4.x86_64  CompilerName: GCC  CompilerVersion: 8.4.0
ProgramName: mri_surf2vol  ProgramArguments: mri_surf2vol -all-info  ProgramVersion: 7.3.2  TimeStamp: 2026/03/10-05:58:11-GMT  BuildTime: Aug  4 2022 06:17:15  BuildStamp: freesurfer-linux-ubuntu22_x86_64-7.3.2-20220804-6354275  User: oesteban  Machine: dna063  Platform: Linux  PlatformVersion: 5.14.0-427.37.1.el9_4.x86_64  CompilerName: GCC  CompilerVersion: 8.4.0
ProgramName: mri_surfcluster  ProgramArguments: mri_surfcluster -all-info  ProgramVersion: 7.3.2  TimeStamp: 2026/03/10-05:58:11-GMT  BuildTime: Aug  4 2022 06:17:15  BuildStamp: freesurfer-linux-ubuntu22_x86_64-7.3.2-20220804-6354275  User: oesteban  Machine: dna063  Platform: Linux  PlatformVersion: 5.14.0-427.37.1.el9_4.x86_64  CompilerName: GCC  CompilerVersion: 8.4.0
ProgramName: mris_volmask  ProgramArguments: mris_volmask -all-info  ProgramVersion: 7.3.2  TimeStamp: 2026/03/10-05:58:11-GMT  BuildTime: Aug  4 2022 06:17:15  BuildStamp: freesurfer-linux-ubuntu22_x86_64-7.3.2-20220804-6354275  User: oesteban  Machine: dna063  Platform: Linux  PlatformVersion: 5.14.0-427.37.1.el9_4.x86_64  CompilerName: GCC  CompilerVersion: 8.4.0
ProgramName: mri_tessellate  ProgramArguments: mri_tessellate -all-info  ProgramVersion: 7.3.2  TimeStamp: 2026/03/10-05:58:11-GMT  BuildTime: Aug  4 2022 06:17:15  BuildStamp: freesurfer-linux-ubuntu22_x86_64-7.3.2-20220804-6354275  User: oesteban  Machine: dna063  Platform: Linux  PlatformVersion: 5.14.0-427.37.1.el9_4.x86_64  CompilerName: GCC  CompilerVersion: 8.4.0
ProgramName: mri_vol2surf  ProgramArguments: mri_vol2surf -all-info  ProgramVersion: 7.3.2  TimeStamp: 2026/03/10-05:58:11-GMT  BuildTime: Aug  4 2022 06:17:15  BuildStamp: freesurfer-linux-ubuntu22_x86_64-7.3.2-20220804-6354275  User: oesteban  Machine: dna063  Platform: Linux  PlatformVersion: 5.14.0-427.37.1.el9_4.x86_64  CompilerName: GCC  CompilerVersion: 8.4.0
ProgramName: mri_vol2vol  ProgramArguments: mri_vol2vol -all-info  ProgramVersion: 7.3.2  TimeStamp: 2026/03/10-05:58:11-GMT  BuildTime: Aug  4 2022 06:17:15  BuildStamp: freesurfer-linux-ubuntu22_x86_64-7.3.2-20220804-6354275  User: oesteban  Machine: dna063  Platform: Linux  PlatformVersion: 5.14.0-427.37.1.el9_4.x86_64  CompilerName: GCC  CompilerVersion: 8.4.0
ProgramName: mri_voldiff  ProgramArguments: mri_voldiff -all-info  ProgramVersion: 7.3.2  TimeStamp: 2026/03/10-05:58:11-GMT  BuildTime: Aug  4 2022 06:17:15  BuildStamp: freesurfer-linux-ubuntu22_x86_64-7.3.2-20220804-6354275  User: oesteban  Machine: dna063  Platform: Linux  PlatformVersion: 5.14.0-427.37.1.el9_4.x86_64  CompilerName: GCC  CompilerVersion: 8.4.0
ProgramName: mri_watershed  ProgramArguments: mri_watershed -all-info  ProgramVersion: 7.3.2  TimeStamp: 2026/03/10-05:58:11-GMT  BuildTime: Aug  4 2022 06:17:15  BuildStamp: freesurfer-linux-ubuntu22_x86_64-7.3.2-20220804-6354275  User: oesteban  Machine: dna063  Platform: Linux  PlatformVersion: 5.14.0-427.37.1.el9_4.x86_64  CompilerName: GCC  CompilerVersion: 8.4.0
ProgramName: tkregister2  ProgramArguments: tkregister2_cmdl -all-info  ProgramVersion: 7.3.2  TimeStamp: 2026/03/10-05:58:11-GMT  BuildTime: Aug  4 2022 06:17:15  BuildStamp: freesurfer-linux-ubuntu22_x86_64-7.3.2-20220804-6354275  User: oesteban  Machine: dna063  Platform: Linux  PlatformVersion: 5.14.0-427.37.1.el9_4.x86_64  CompilerName: GCC  CompilerVersion: 8.4.0
mri_motion_correct.fsl 7.3.2
mri_convert -all-info 
ProgramName: mri_convert  ProgramArguments: mri_convert -all-info  ProgramVersion: 7.3.2  TimeStamp: 2026/03/10-05:58:11-GMT  BuildTime: Aug  4 2022 06:17:15  BuildStamp: freesurfer-linux-ubuntu22_x86_64-7.3.2-20220804-6354275  User: oesteban  Machine: dna063  Platform: Linux  PlatformVersion: 5.14.0-427.37.1.el9_4.x86_64  CompilerName: GCC  CompilerVersion: 8.4.0
Program nu_correct, built from:
Package MNI N3, version 1.12.0, compiled by nicks@terrier (x86_64-unknown-linux-gnu) on 2015-06-19 at 01:25:34
#######################################
GCADIR /opt/freesurfer/average
GCA RB_all_2020-01-02.gca
GCASkull RB_all_withskull_2020_01_02.gca
AvgCurvTif folding.atlas.acfb40.noaparc.i12.2016-08-02.tif
GCSDIR /opt/freesurfer/average
GCS DKaparc.atlas.acfb40.noaparc.i12.2016-08-02.gcs
#######################################
/out/sourcedata/freesurfer/sub-v1s8x0051346_ses-1

 mri_convert /work/fmriprep_25_2_wf/sub_v1s8x0051346_ses_1_wf/anat_fit_wf/anat_validate/sub-v1s8x0051346_ses-1_T1w_noise_corrected_ras_valid.nii.gz /out/sourcedata/freesurfer/sub-v1s8x0051346_ses-1/mri/orig/001.mgz 

mri_convert /work/fmriprep_25_2_wf/sub_v1s8x0051346_ses_1_wf/anat_fit_wf/anat_validate/sub-v1s8x0051346_ses-1_T1w_noise_corrected_ras_valid.nii.gz /out/sourcedata/freesurfer/sub-v1s8x0051346_ses-1/mri/orig/001.mgz 
reading from /work/fmriprep_25_2_wf/sub_v1s8x0051346_ses_1_wf/anat_fit_wf/anat_validate/sub-v1s8x0051346_ses-1_T1w_noise_corrected_ras_valid.nii.gz...
TR=0.00, TE=0.00, TI=0.00, flip angle=0.00
i_ras = (1, 0, 0)
j_ras = (0, 1, 0)
k_ras = (0, 0, 1)
writing to /out/sourcedata/freesurfer/sub-v1s8x0051346_ses-1/mri/orig/001.mgz...
#--------------------------------------------
#@# MotionCor Tue Mar 10 06:58:13 CET 2026
Found 1 runs
/out/sourcedata/freesurfer/sub-v1s8x0051346_ses-1/mri/orig/001.mgz
Checking for (invalid) multi-frame inputs...
Only one run found so motion
correction will not be performed. I'll
copy the run to rawavg and continue.

 cp /out/sourcedata/freesurfer/sub-v1s8x0051346_ses-1/mri/orig/001.mgz /out/sourcedata/freesurfer/sub-v1s8x0051346_ses-1/mri/rawavg.mgz 


 mri_info /out/sourcedata/freesurfer/sub-v1s8x0051346_ses-1/mri/rawavg.mgz 

rawavg.mgz ========================================
Volume information for /out/sourcedata/freesurfer/sub-v1s8x0051346_ses-1/mri/rawavg.mgz
          type: MGH
    dimensions: 160 x 240 x 256
   voxel sizes: 1.000000, 1.000000, 1.000000
          type: FLOAT (3)
           fov: 256.000
           dof: 1
        xstart: -80.0, xend: 80.0
        ystart: -120.0, yend: 120.0
        zstart: -128.0, zend: 128.0
            TR: 0.00 msec, TE: 0.00 msec, TI: 0.00 msec, flip angle: 0.00 degrees
       nframes: 1
       PhEncDir: UNKNOWN
       FieldStrength: 0.000000
ras xform present
    xform info: x_r =   1.0000, y_r =   0.0000, z_r =   0.0000, c_r =     0.2937
              : x_a =   0.0000, y_a =   1.0000, z_a =   0.0000, c_a =    -1.2759
              : x_s =   0.0000, y_s =   0.0000, z_s =   1.0000, c_s =    -5.1259

talairach xfm : 
Orientation   : RAS
Primary Slice Direction: axial

voxel to ras transform:
                1.0000   0.0000   0.0000   -79.7063
                0.0000   1.0000   0.0000  -121.2759
                0.0000   0.0000   1.0000  -133.1259
                0.0000   0.0000   0.0000     1.0000

voxel-to-ras determinant 1

ras to voxel transform:
                1.0000   0.0000   0.0000    79.7063
                0.0000   1.0000   0.0000   121.2759
                0.0000   0.0000   1.0000   133.1259
                0.0000   0.0000   0.0000     1.0000
/out/sourcedata/freesurfer/sub-v1s8x0051346_ses-1

 mri_convert /out/sourcedata/freesurfer/sub-v1s8x0051346_ses-1/mri/rawavg.mgz /out/sourcedata/freesurfer/sub-v1s8x0051346_ses-1/mri/orig.mgz --conform 

mri_convert /out/sourcedata/freesurfer/sub-v1s8x0051346_ses-1/mri/rawavg.mgz /out/sourcedata/freesurfer/sub-v1s8x0051346_ses-1/mri/orig.mgz --conform 
reading from /out/sourcedata/freesurfer/sub-v1s8x0051346_ses-1/mri/rawavg.mgz...
TR=0.00, TE=0.00, TI=0.00, flip angle=0.00
i_ras = (1, 0, 0)
j_ras = (0, 1, 0)
k_ras = (0, 0, 1)
changing data type from float to uchar (noscale = 0)...
MRIchangeType: Building histogram 0 972.348 1000, flo=0, fhi=0.999, dest_type=0
Reslicing using trilinear interpolation 
writing to /out/sourcedata/freesurfer/sub-v1s8x0051346_ses-1/mri/orig.mgz...

 mri_add_xform_to_header -c /out/sourcedata/freesurfer/sub-v1s8x0051346_ses-1/mri/transforms/talairach.xfm /out/sourcedata/freesurfer/sub-v1s8x0051346_ses-1/mri/orig.mgz /out/sourcedata/freesurfer/sub-v1s8x0051346_ses-1/mri/orig.mgz 

INFO: extension is mgz

 mri_info /out/sourcedata/freesurfer/sub-v1s8x0051346_ses-1/mri/orig.mgz 

orig.mgz ========================================
Volume information for /out/sourcedata/freesurfer/sub-v1s8x0051346_ses-1/mri/orig.mgz
          type: MGH
    dimensions: 256 x 256 x 256
   voxel sizes: 1.000000, 1.000000, 1.000000
          type: UCHAR (0)
           fov: 256.000
           dof: 1
        xstart: -128.0, xend: 128.0
        ystart: -128.0, yend: 128.0
        zstart: -128.0, zend: 128.0
            TR: 0.00 msec, TE: 0.00 msec, TI: 0.00 msec, flip angle: 0.00 degrees
       nframes: 1
       PhEncDir: UNKNOWN
       FieldStrength: 0.000000
ras xform present
    xform info: x_r =  -1.0000, y_r =   0.0000, z_r =   0.0000, c_r =     0.2937
              : x_a =   0.0000, y_a =   0.0000, z_a =   1.0000, c_a =    -1.2759
              : x_s =   0.0000, y_s =  -1.0000, z_s =   0.0000, c_s =    -5.1259

talairach xfm : /out/sourcedata/freesurfer/sub-v1s8x0051346_ses-1/mri/transforms/talairach.xfm
Orientation   : LIA
Primary Slice Direction: coronal

voxel to ras transform:
               -1.0000   0.0000   0.0000   128.2937
                0.0000   0.0000   1.0000  -129.2759
                0.0000  -1.0000   0.0000   122.8741
                0.0000   0.0000   0.0000     1.0000

voxel-to-ras determinant -1

ras to voxel transform:
               -1.0000  -0.0000  -0.0000   128.2937
               -0.0000  -0.0000  -1.0000   122.8741
               -0.0000   1.0000  -0.0000   129.2759
               -0.0000  -0.0000  -0.0000     1.0000
#--------------------------------------------
#@# Talairach Tue Mar 10 06:58:20 CET 2026
/out/sourcedata/freesurfer/sub-v1s8x0051346_ses-1/mri

 mri_nu_correct.mni --no-rescale --i orig.mgz --o orig_nu.mgz --ants-n4 --n 1 --proto-iters 1000 --distance 50 

/usr/bin/bc
/out/sourcedata/freesurfer/sub-v1s8x0051346_ses-1/mri
/opt/freesurfer/bin/mri_nu_correct.mni
--no-rescale --i orig.mgz --o orig_nu.mgz --ants-n4 --n 1 --proto-iters 1000 --distance 50
nIters 1
mri_nu_correct.mni 7.3.2
Linux dna063 5.14.0-427.37.1.el9_4.x86_64 #1 SMP PREEMPT_DYNAMIC Fri Sep 13 12:41:50 EDT 2024 x86_64 x86_64 x86_64 GNU/Linux
Tue Mar 10 06:58:20 CET 2026
tmpdir is ./tmp.mri_nu_correct.mni.692725
cd /out/sourcedata/freesurfer/sub-v1s8x0051346_ses-1/mri
AntsN4BiasFieldCorrectionFs -i orig.mgz -o ./tmp.mri_nu_correct.mni.692725/nu0.mgz --dtype uchar
AntsN4BiasFieldCorrectionFs done
mri_convert ./tmp.mri_nu_correct.mni.692725/nu0.mgz orig_nu.mgz --like orig.mgz --conform
mri_convert ./tmp.mri_nu_correct.mni.692725/nu0.mgz orig_nu.mgz --like orig.mgz --conform 
reading from ./tmp.mri_nu_correct.mni.692725/nu0.mgz...
TR=0.00, TE=0.00, TI=0.00, flip angle=0.00
i_ras = (-1, 0, 0)
j_ras = (0, 0, -1)
k_ras = (0, 1, 0)
INFO: transform src into the like-volume: orig.mgz
writing to orig_nu.mgz...
 
 
Tue Mar 10 07:01:15 CET 2026
mri_nu_correct.mni done

 talairach_avi --i orig_nu.mgz --xfm transforms/talairach.auto.xfm 

talairach_avi log file is transforms/talairach_avi.log...
mv -f /out/sourcedata/freesurfer/sub-v1s8x0051346_ses-1/mri/talsrcimg_to_711-2C_as_mni_average_305_t4_vox2vox.txt /out/sourcedata/freesurfer/sub-v1s8x0051346_ses-1/mri/transforms/talsrcimg_to_711-2C_as_mni_average_305_t4_vox2vox.txt
Started at Tue Mar 10 07:01:15 CET 2026
Ended   at Tue Mar 10 07:02:41 CET 2026
talairach_avi done

 cp transforms/talairach.auto.xfm transforms/talairach.xfm 

lta_convert --src orig.mgz --trg /opt/freesurfer/average/mni305.cor.mgz --inxfm transforms/talairach.xfm --outlta transforms/talairach.xfm.lta --subject fsaverage --ltavox2vox
7.3.2

--src: orig.mgz src image (geometry).
--trg: /opt/freesurfer/average/mni305.cor.mgz trg image (geometry).
--inmni: transforms/talairach.xfm input MNI/XFM transform.
--outlta: transforms/talairach.xfm.lta output LTA.
--s: fsaverage subject name
--ltavox2vox: output LTA as VOX_TO_VOX transform.
 LTA read, type : 1
 1.09853   0.04800  -0.10328   2.22533;
-0.01671   1.00639   0.24604  -10.05447;
 0.08502  -0.25879   1.09836  -27.93550;
 0.00000   0.00000   0.00000   1.00000;
setting subject to fsaverage
Writing  LTA to file transforms/talairach.xfm.lta...
lta_convert successful.
#--------------------------------------------
#@# Talairach Failure Detection Tue Mar 10 07:02:43 CET 2026
/out/sourcedata/freesurfer/sub-v1s8x0051346_ses-1/mri

 talairach_afd -T 0.005 -xfm transforms/talairach.xfm 

talairach_afd: Talairach Transform: transforms/talairach.xfm OK (p=0.7597, pval=0.6675 >= threshold=0.0050)

 awk -f /opt/freesurfer/bin/extract_talairach_avi_QA.awk /out/sourcedata/freesurfer/sub-v1s8x0051346_ses-1/mri/transforms/talairach_avi.log 


 tal_QC_AZS /out/sourcedata/freesurfer/sub-v1s8x0051346_ses-1/mri/transforms/talairach_avi.log 

TalAviQA: 0.97714
z-score: 0
#--------------------------------------------
#@# Nu Intensity Correction Tue Mar 10 07:02:43 CET 2026

 mri_nu_correct.mni --i orig.mgz --o nu.mgz --uchar transforms/talairach.xfm --n 2 --ants-n4 

/usr/bin/bc
/out/sourcedata/freesurfer/sub-v1s8x0051346_ses-1/mri
/opt/freesurfer/bin/mri_nu_correct.mni
--i orig.mgz --o nu.mgz --uchar transforms/talairach.xfm --n 2 --ants-n4
nIters 2
mri_nu_correct.mni 7.3.2
Linux dna063 5.14.0-427.37.1.el9_4.x86_64 #1 SMP PREEMPT_DYNAMIC Fri Sep 13 12:41:50 EDT 2024 x86_64 x86_64 x86_64 GNU/Linux
Tue Mar 10 07:02:43 CET 2026
tmpdir is ./tmp.mri_nu_correct.mni.694522
cd /out/sourcedata/freesurfer/sub-v1s8x0051346_ses-1/mri
AntsN4BiasFieldCorrectionFs -i orig.mgz -o ./tmp.mri_nu_correct.mni.694522/nu0.mgz --dtype uchar
AntsN4BiasFieldCorrectionFs done
mri_binarize --i ./tmp.mri_nu_correct.mni.694522/nu0.mgz --min -1 --o ./tmp.mri_nu_correct.mni.694522/ones.mgz

7.3.2
cwd /out/sourcedata/freesurfer/sub-v1s8x0051346_ses-1/mri
cmdline mri_binarize --i ./tmp.mri_nu_correct.mni.694522/nu0.mgz --min -1 --o ./tmp.mri_nu_correct.mni.694522/ones.mgz 
sysname  Linux
hostname dna063
machine  x86_64
user     oesteban

input      ./tmp.mri_nu_correct.mni.694522/nu0.mgz
frame      0
nErode3d   0
nErode2d   0
output     ./tmp.mri_nu_correct.mni.694522/ones.mgz
Binarizing based on threshold
min        -1
max        +infinity
binval        1
binvalnot     0
fstart = 0, fend = 0, nframes = 1
Starting parallel 1
Found 16777216 values in range
Counting number of voxels in first frame
Found 16777215 voxels in final mask
Writing output to ./tmp.mri_nu_correct.mni.694522/ones.mgz
Count: 16777215 16777215.000000 16777216 99.999994
mri_binarize done
mri_segstats --id 1 --seg ./tmp.mri_nu_correct.mni.694522/ones.mgz --i orig.mgz --sum ./tmp.mri_nu_correct.mni.694522/sum.junk --avgwf ./tmp.mri_nu_correct.mni.694522/input.mean.dat

7.3.2
cwd 
cmdline mri_segstats --id 1 --seg ./tmp.mri_nu_correct.mni.694522/ones.mgz --i orig.mgz --sum ./tmp.mri_nu_correct.mni.694522/sum.junk --avgwf ./tmp.mri_nu_correct.mni.694522/input.mean.dat 
sysname  Linux
hostname dna063
machine  x86_64
user     oesteban
whitesurfname  white
UseRobust  0
Loading ./tmp.mri_nu_correct.mni.694522/ones.mgz
Loading orig.mgz
Voxel Volume is 1 mm^3
Generating list of segmentation ids
Found   1 segmentations
Computing statistics for each segmentation

Reporting on   1 segmentations
Using PrintSegStat
Computing spatial average of each frame

Writing to ./tmp.mri_nu_correct.mni.694522/input.mean.dat
mri_segstats done
mri_segstats --id 1 --seg ./tmp.mri_nu_correct.mni.694522/ones.mgz --i ./tmp.mri_nu_correct.mni.694522/nu0.mgz --sum ./tmp.mri_nu_correct.mni.694522/sum.junk --avgwf ./tmp.mri_nu_correct.mni.694522/output.mean.dat

7.3.2
cwd 
cmdline mri_segstats --id 1 --seg ./tmp.mri_nu_correct.mni.694522/ones.mgz --i ./tmp.mri_nu_correct.mni.694522/nu0.mgz --sum ./tmp.mri_nu_correct.mni.694522/sum.junk --avgwf ./tmp.mri_nu_correct.mni.694522/output.mean.dat 
sysname  Linux
hostname dna063
machine  x86_64
user     oesteban
whitesurfname  white
UseRobust  0
Loading ./tmp.mri_nu_correct.mni.694522/ones.mgz
Loading ./tmp.mri_nu_correct.mni.694522/nu0.mgz
Voxel Volume is 1 mm^3
Generating list of segmentation ids
Found   1 segmentations
Computing statistics for each segmentation

Reporting on   1 segmentations
Using PrintSegStat
Computing spatial average of each frame

Writing to ./tmp.mri_nu_correct.mni.694522/output.mean.dat
mri_segstats done
mris_calc -o ./tmp.mri_nu_correct.mni.694522/nu0.mgz ./tmp.mri_nu_correct.mni.694522/nu0.mgz mul 1.18950263024029049594
Saving result to './tmp.mri_nu_correct.mni.694522/nu0.mgz' (type = MGH )                       [ ok ]
mri_convert ./tmp.mri_nu_correct.mni.694522/nu0.mgz nu.mgz --like orig.mgz
mri_convert ./tmp.mri_nu_correct.mni.694522/nu0.mgz nu.mgz --like orig.mgz 
reading from ./tmp.mri_nu_correct.mni.694522/nu0.mgz...
TR=0.00, TE=0.00, TI=0.00, flip angle=0.00
i_ras = (-1, 0, 0)
j_ras = (0, 0, -1)
k_ras = (0, 1, 0)
INFO: transform src into the like-volume: orig.mgz
writing to nu.mgz...
mri_make_uchar nu.mgz transforms/talairach.xfm nu.mgz
type change took 0 minutes and 6 seconds.
FIRST_PERCENTILE 0.010000
WM_PERCENTILE    0.900000
MAX_R 50.000000
i1 = 7, i2 = 59
#mri_make_uchar# mapping 18 152 to  3 110  :  b -11.9144 m 0.802229 : thresh 14.8517 maxsat 332.716 : nzero 13925276 nsat 0
 
 
Tue Mar 10 07:05:58 CET 2026
mri_nu_correct.mni done

 mri_add_xform_to_header -c /out/sourcedata/freesurfer/sub-v1s8x0051346_ses-1/mri/transforms/talairach.xfm nu.mgz nu.mgz 

INFO: extension is mgz
#--------------------------------------------
#@# Intensity Normalization Tue Mar 10 07:05:58 CET 2026
/out/sourcedata/freesurfer/sub-v1s8x0051346_ses-1/mri

 mri_normalize -g 1 -seed 1234 -mprage nu.mgz T1.mgz 

using max gradient = 1.000
setting seed for random number genererator to 1234
assuming input volume is MGH (Van der Kouwe) MP-RAGE
reading mri_src from nu.mgz...
normalizing image...
NOT doing gentle normalization with control points/label
talairach transform
 1.09853   0.04800  -0.10328   2.22533;
-0.01671   1.00639   0.24604  -10.05447;
 0.08502  -0.25879   1.09836  -27.93550;
 0.00000   0.00000   0.00000   1.00000;
processing without aseg, no1d=0
MRInormInit(): 
INFO: Modifying talairach volume c_(r,a,s) based on average_305
MRInormalize(): 
MRIsplineNormalize(): npeaks = 19
Starting OpenSpline(): npoints = 19
building Voronoi diagram...
performing soap bubble smoothing, sigma = 8...

Iterating 2 times
---------------------------------
3d normalization pass 1 of 2
white matter peak found at 110
white matter peak found at 110
gm peak at 81 (81), valley at 46 (46)
csf peak at 22, setting threshold to 61
building Voronoi diagram...
performing soap bubble smoothing, sigma = 8...
---------------------------------
3d normalization pass 2 of 2
white matter peak found at 110
white matter peak found at 110
gm peak at 79 (79), valley at 47 (47)
csf peak at 22, setting threshold to 60
building Voronoi diagram...
performing soap bubble smoothing, sigma = 8...
Done iterating ---------------------------------
writing output to T1.mgz
3D bias adjustment took 1 minutes and 33 seconds.

Started at Tue Mar 10 06:58:10 CET 2026 
Ended   at Tue Mar 10 07:07:32 CET 2026
#@#%# recon-all-run-time-hours 0.156
recon-all -s sub-v1s8x0051346_ses-1 finished without error at Tue Mar 10 07:07:32 CET 2026



#New# invocation of recon-all 




Tue Mar 10 07:14:46 CET 2026
cd /out/sourcedata/freesurfer/sub-v1s8x0051346_ses-1
setenv SUBJECTS_DIR /out/sourcedata/freesurfer
/opt/freesurfer/bin/recon-all -openmp 16 -subjid sub-v1s8x0051346_ses-1 -sd /out/sourcedata/freesurfer -gcareg

subjid sub-v1s8x0051346_ses-1
setenv SUBJECTS_DIR /out/sourcedata/freesurfer
FREESURFER_HOME /opt/freesurfer
Actual FREESURFER_HOME /opt/freesurfer
build-stamp.txt: freesurfer-linux-ubuntu22_x86_64-7.3.2-20220804-6354275
Linux dna063 5.14.0-427.37.1.el9_4.x86_64 #1 SMP PREEMPT_DYNAMIC Fri Sep 13 12:41:50 EDT 2024 x86_64 x86_64 x86_64 GNU/Linux
cputime      unlimited
filesize     unlimited
datasize     unlimited
stacksize    8192 kbytes
coredumpsize 0 kbytes
memoryuse    67108864 kbytes
vmemoryuse   unlimited
descriptors  1024 
memorylocked unlimited
maxproc      2061970 
maxlocks     unlimited
maxsignal    2061970 
maxmessage   819200 
maxnice      0 
maxrtprio    0 
maxrttime    unlimited

               total        used        free      shared  buff/cache   available
Mem:           503Gi        50Gi       346Gi        10Gi       105Gi       438Gi
Swap:             0B          0B          0B

########################################
program versions used
7.3.2 (freesurfer-linux-ubuntu22_x86_64-7.3.2-20220804-6354275)
7.3.2

ProgramName: lta_convert  ProgramArguments: lta_convert -all-info  ProgramVersion: 7.3.2  TimeStamp: 2026/03/10-06:14:46-GMT  BuildTime: Aug  4 2022 06:17:15  BuildStamp: freesurfer-linux-ubuntu22_x86_64-7.3.2-20220804-6354275  User: oesteban  Machine: dna063  Platform: Linux  PlatformVersion: 5.14.0-427.37.1.el9_4.x86_64  CompilerName: GCC  CompilerVersion: 8.4.0
ProgramName: mri_and  ProgramArguments: mri_and -all-info  ProgramVersion: 7.3.2  TimeStamp: 2026/03/10-06:14:46-GMT  BuildTime: Aug  4 2022 06:17:15  BuildStamp: freesurfer-linux-ubuntu22_x86_64-7.3.2-20220804-6354275  User: oesteban  Machine: dna063  Platform: Linux  PlatformVersion: 5.14.0-427.37.1.el9_4.x86_64  CompilerName: GCC  CompilerVersion: 8.4.0
ProgramName: mri_annotation2label  ProgramArguments: mri_annotation2label -all-info  ProgramVersion: 7.3.2  TimeStamp: 2026/03/10-06:14:46-GMT  BuildTime: Aug  4 2022 06:17:15  BuildStamp: freesurfer-linux-ubuntu22_x86_64-7.3.2-20220804-6354275  User: oesteban  Machine: dna063  Platform: Linux  PlatformVersion: 5.14.0-427.37.1.el9_4.x86_64  CompilerName: GCC  CompilerVersion: 8.4.0
ProgramName: mri_aparc2aseg  ProgramArguments: mri_aparc2aseg -all-info  ProgramVersion: 7.3.2  TimeStamp: 2026/03/10-06:14:46-GMT  BuildTime: Aug  4 2022 06:17:15  BuildStamp: freesurfer-linux-ubuntu22_x86_64-7.3.2-20220804-6354275  User: oesteban  Machine: dna063  Platform: Linux  PlatformVersion: 5.14.0-427.37.1.el9_4.x86_64  CompilerName: GCC  CompilerVersion: 8.4.0
ProgramName: mri_surf2volseg  ProgramArguments: mri_surf2volseg -all-info  ProgramVersion: 7.3.2  TimeStamp: 2026/03/10-06:14:46-GMT  BuildTime: Aug  4 2022 06:17:15  BuildStamp: freesurfer-linux-ubuntu22_x86_64-7.3.2-20220804-6354275  User: oesteban  Machine: dna063  Platform: Linux  PlatformVersion: 5.14.0-427.37.1.el9_4.x86_64  CompilerName: GCC  CompilerVersion: 8.4.0
ProgramName: mri_binarize  ProgramArguments: mri_binarize -all-info  ProgramVersion: 7.3.2  TimeStamp: 2026/03/10-06:14:46-GMT  BuildTime: Aug  4 2022 06:17:15  BuildStamp: freesurfer-linux-ubuntu22_x86_64-7.3.2-20220804-6354275  User: oesteban  Machine: dna063  Platform: Linux  PlatformVersion: 5.14.0-427.37.1.el9_4.x86_64  CompilerName: GCC  CompilerVersion: 8.4.0
ProgramName: mri_ca_label  ProgramArguments: mri_ca_label -all-info  ProgramVersion: 7.3.2  TimeStamp: 2026/03/10-06:14:46-GMT  BuildTime: Aug  4 2022 06:17:15  BuildStamp: freesurfer-linux-ubuntu22_x86_64-7.3.2-20220804-6354275  User: oesteban  Machine: dna063  Platform: Linux  PlatformVersion: 5.14.0-427.37.1.el9_4.x86_64  CompilerName: GCC  CompilerVersion: 8.4.0
ProgramName: mri_ca_normalize  ProgramArguments: mri_ca_normalize -all-info  ProgramVersion: 7.3.2  TimeStamp: 2026/03/10-06:14:46-GMT  BuildTime: Aug  4 2022 06:17:15  BuildStamp: freesurfer-linux-ubuntu22_x86_64-7.3.2-20220804-6354275  User: oesteban  Machine: dna063  Platform: Linux  PlatformVersion: 5.14.0-427.37.1.el9_4.x86_64  CompilerName: GCC  CompilerVersion: 8.4.0
ProgramName: mri_ca_register  ProgramArguments: mri_ca_register -all-info  ProgramVersion: 7.3.2  TimeStamp: 2026/03/10-06:14:46-GMT  BuildTime: Aug  4 2022 06:17:15  BuildStamp: freesurfer-linux-ubuntu22_x86_64-7.3.2-20220804-6354275  User: oesteban  Machine: dna063  Platform: Linux  PlatformVersion: 5.14.0-427.37.1.el9_4.x86_64  CompilerName: GCC  CompilerVersion: 8.4.0
ProgramName: mri_cc  ProgramArguments: mri_cc -all-info  ProgramVersion: 7.3.2  TimeStamp: 2026/03/10-06:14:46-GMT  BuildTime: Aug  4 2022 06:17:15  BuildStamp: freesurfer-linux-ubuntu22_x86_64-7.3.2-20220804-6354275  User: oesteban  Machine: dna063  Platform: Linux  PlatformVersion: 5.14.0-427.37.1.el9_4.x86_64  CompilerName: GCC  CompilerVersion: 8.4.0
ProgramName: mri_compute_overlap  ProgramArguments: mri_compute_overlap -all-info  ProgramVersion: 7.3.2  TimeStamp: 2026/03/10-06:14:46-GMT  BuildTime: Aug  4 2022 06:17:15  BuildStamp: freesurfer-linux-ubuntu22_x86_64-7.3.2-20220804-6354275  User: oesteban  Machine: dna063  Platform: Linux  PlatformVersion: 5.14.0-427.37.1.el9_4.x86_64  CompilerName: GCC  CompilerVersion: 8.4.0
ProgramName: mri_compute_seg_overlap  ProgramArguments: mri_compute_seg_overlap -all-info  ProgramVersion: 7.3.2  TimeStamp: 2026/03/10-06:14:46-GMT  BuildTime: Aug  4 2022 06:17:15  BuildStamp: freesurfer-linux-ubuntu22_x86_64-7.3.2-20220804-6354275  User: oesteban  Machine: dna063  Platform: Linux  PlatformVersion: 5.14.0-427.37.1.el9_4.x86_64  CompilerName: GCC  CompilerVersion: 8.4.0
ProgramName: mri_concat  ProgramArguments: mri_concat -all-info  ProgramVersion: 7.3.2  TimeStamp: 2026/03/10-06:14:46-GMT  BuildTime: Aug  4 2022 06:17:15  BuildStamp: freesurfer-linux-ubuntu22_x86_64-7.3.2-20220804-6354275  User: oesteban  Machine: dna063  Platform: Linux  PlatformVersion: 5.14.0-427.37.1.el9_4.x86_64  CompilerName: GCC  CompilerVersion: 8.4.0
ProgramName: mri_concatenate_lta  ProgramArguments: mri_concatenate_lta -all-info  ProgramVersion: 7.3.2  TimeStamp: 2026/03/10-06:14:46-GMT  BuildTime: Aug  4 2022 06:17:15  BuildStamp: freesurfer-linux-ubuntu22_x86_64-7.3.2-20220804-6354275  User: oesteban  Machine: dna063  Platform: Linux  PlatformVersion: 5.14.0-427.37.1.el9_4.x86_64  CompilerName: GCC  CompilerVersion: 8.4.0
mri_convert -all-info 
ProgramName: mri_convert  ProgramArguments: mri_convert -all-info  ProgramVersion: 7.3.2  TimeStamp: 2026/03/10-06:14:46-GMT  BuildTime: Aug  4 2022 06:17:15  BuildStamp: freesurfer-linux-ubuntu22_x86_64-7.3.2-20220804-6354275  User: oesteban  Machine: dna063  Platform: Linux  PlatformVersion: 5.14.0-427.37.1.el9_4.x86_64  CompilerName: GCC  CompilerVersion: 8.4.0
ProgramName: mri_diff  ProgramArguments: mri_diff -all-info  ProgramVersion: 7.3.2  TimeStamp: 2026/03/10-06:14:46-GMT  BuildTime: Aug  4 2022 06:17:15  BuildStamp: freesurfer-linux-ubuntu22_x86_64-7.3.2-20220804-6354275  User: oesteban  Machine: dna063  Platform: Linux  PlatformVersion: 5.14.0-427.37.1.el9_4.x86_64  CompilerName: GCC  CompilerVersion: 8.4.0
ProgramName: mri_edit_wm_with_aseg  ProgramArguments: mri_edit_wm_with_aseg -all-info  ProgramVersion: 7.3.2  TimeStamp: 2026/03/10-06:14:46-GMT  BuildTime: Aug  4 2022 06:17:15  BuildStamp: freesurfer-linux-ubuntu22_x86_64-7.3.2-20220804-6354275  User: oesteban  Machine: dna063  Platform: Linux  PlatformVersion: 5.14.0-427.37.1.el9_4.x86_64  CompilerName: GCC  CompilerVersion: 8.4.0
ProgramName: mri_em_register  ProgramArguments: mri_em_register -all-info  ProgramVersion: 7.3.2  TimeStamp: 2026/03/10-06:14:46-GMT  BuildTime: Aug  4 2022 06:17:15  BuildStamp: freesurfer-linux-ubuntu22_x86_64-7.3.2-20220804-6354275  User: oesteban  Machine: dna063  Platform: Linux  PlatformVersion: 5.14.0-427.37.1.el9_4.x86_64  CompilerName: GCC  CompilerVersion: 8.4.0
ProgramName: mri_fill  ProgramArguments: mri_fill -all-info  ProgramVersion: 7.3.2  TimeStamp: 2026/03/10-06:14:46-GMT  BuildTime: Aug  4 2022 06:17:15  BuildStamp: freesurfer-linux-ubuntu22_x86_64-7.3.2-20220804-6354275  User: oesteban  Machine: dna063  Platform: Linux  PlatformVersion: 5.14.0-427.37.1.el9_4.x86_64  CompilerName: GCC  CompilerVersion: 8.4.0
ProgramName: mri_fuse_segmentations  ProgramArguments: mri_fuse_segmentations -all-info  ProgramVersion: 7.3.2  TimeStamp: 2026/03/10-06:14:46-GMT  BuildTime: Aug  4 2022 06:17:15  BuildStamp: freesurfer-linux-ubuntu22_x86_64-7.3.2-20220804-6354275  User: oesteban  Machine: dna063  Platform: Linux  PlatformVersion: 5.14.0-427.37.1.el9_4.x86_64  CompilerName: GCC  CompilerVersion: 8.4.0
ProgramName: mri_fwhm  ProgramArguments: mri_fwhm -all-info  ProgramVersion: 7.3.2  TimeStamp: 2026/03/10-06:14:46-GMT  BuildTime: Aug  4 2022 06:17:15  BuildStamp: freesurfer-linux-ubuntu22_x86_64-7.3.2-20220804-6354275  User: oesteban  Machine: dna063  Platform: Linux  PlatformVersion: 5.14.0-427.37.1.el9_4.x86_64  CompilerName: GCC  CompilerVersion: 8.4.0
ProgramName: mri_gcut  ProgramArguments: mri_gcut -all-info  ProgramVersion: 7.3.2  TimeStamp: 2026/03/10-06:14:46-GMT  BuildTime: Aug  4 2022 06:17:15  BuildStamp: freesurfer-linux-ubuntu22_x86_64-7.3.2-20220804-6354275  User: oesteban  Machine: dna063  Platform: Linux  PlatformVersion: 5.14.0-427.37.1.el9_4.x86_64  CompilerName: GCC  CompilerVersion: 8.4.0
ProgramName: mri_info  ProgramArguments: mri_info -all-info  ProgramVersion: 7.3.2  TimeStamp: 2026/03/10-06:14:46-GMT  BuildTime: Aug  4 2022 06:17:15  BuildStamp: freesurfer-linux-ubuntu22_x86_64-7.3.2-20220804-6354275  User: oesteban  Machine: dna063  Platform: Linux  PlatformVersion: 5.14.0-427.37.1.el9_4.x86_64  CompilerName: GCC  CompilerVersion: 8.4.0
ProgramName: mri_label2label  ProgramArguments: mri_label2label -all-info  ProgramVersion: 7.3.2  TimeStamp: 2026/03/10-06:14:46-GMT  BuildTime: Aug  4 2022 06:17:15  BuildStamp: freesurfer-linux-ubuntu22_x86_64-7.3.2-20220804-6354275  User: oesteban  Machine: dna063  Platform: Linux  PlatformVersion: 5.14.0-427.37.1.el9_4.x86_64  CompilerName: GCC  CompilerVersion: 8.4.0
ProgramName: mri_label2vol  ProgramArguments: mri_label2vol -all-info  ProgramVersion: 7.3.2  TimeStamp: 2026/03/10-06:14:46-GMT  BuildTime: Aug  4 2022 06:17:15  BuildStamp: freesurfer-linux-ubuntu22_x86_64-7.3.2-20220804-6354275  User: oesteban  Machine: dna063  Platform: Linux  PlatformVersion: 5.14.0-427.37.1.el9_4.x86_64  CompilerName: GCC  CompilerVersion: 8.4.0
ProgramName: mri_log_likelihood  ProgramArguments: mri_log_likelihood -all-info  ProgramVersion: 7.3.2  TimeStamp: 2026/03/10-06:14:46-GMT  BuildTime: Aug  4 2022 06:17:15  BuildStamp: freesurfer-linux-ubuntu22_x86_64-7.3.2-20220804-6354275  User: oesteban  Machine: dna063  Platform: Linux  PlatformVersion: 5.14.0-427.37.1.el9_4.x86_64  CompilerName: GCC  CompilerVersion: 8.4.0
ProgramName: mri_mask  ProgramArguments: mri_mask -all-info  ProgramVersion: 7.3.2  TimeStamp: 2026/03/10-06:14:46-GMT  BuildTime: Aug  4 2022 06:17:15  BuildStamp: freesurfer-linux-ubuntu22_x86_64-7.3.2-20220804-6354275  User: oesteban  Machine: dna063  Platform: Linux  PlatformVersion: 5.14.0-427.37.1.el9_4.x86_64  CompilerName: GCC  CompilerVersion: 8.4.0
ProgramName: mri_matrix_multiply  ProgramArguments: mri_matrix_multiply -all-info  ProgramVersion: 7.3.2  TimeStamp: 2026/03/10-06:14:46-GMT  BuildTime: Aug  4 2022 06:17:15  BuildStamp: freesurfer-linux-ubuntu22_x86_64-7.3.2-20220804-6354275  User: oesteban  Machine: dna063  Platform: Linux  PlatformVersion: 5.14.0-427.37.1.el9_4.x86_64  CompilerName: GCC  CompilerVersion: 8.4.0
ProgramName: mri_normalize  ProgramArguments: mri_normalize -all-info  ProgramVersion: 7.3.2  TimeStamp: 2026/03/10-06:14:46-GMT  BuildTime: Aug  4 2022 06:17:15  BuildStamp: freesurfer-linux-ubuntu22_x86_64-7.3.2-20220804-6354275  User: oesteban  Machine: dna063  Platform: Linux  PlatformVersion: 5.14.0-427.37.1.el9_4.x86_64  CompilerName: GCC  CompilerVersion: 8.4.0
ProgramName: mri_normalize_tp2  ProgramArguments: mri_normalize_tp2 -all-info  ProgramVersion: 7.3.2  TimeStamp: 2026/03/10-06:14:46-GMT  BuildTime: Aug  4 2022 06:17:15  BuildStamp: freesurfer-linux-ubuntu22_x86_64-7.3.2-20220804-6354275  User: oesteban  Machine: dna063  Platform: Linux  PlatformVersion: 5.14.0-427.37.1.el9_4.x86_64  CompilerName: GCC  CompilerVersion: 8.4.0
ProgramName: mri_or  ProgramArguments: mri_or -all-info  ProgramVersion: 7.3.2  TimeStamp: 2026/03/10-06:14:46-GMT  BuildTime: Aug  4 2022 06:17:15  BuildStamp: freesurfer-linux-ubuntu22_x86_64-7.3.2-20220804-6354275  User: oesteban  Machine: dna063  Platform: Linux  PlatformVersion: 5.14.0-427.37.1.el9_4.x86_64  CompilerName: GCC  CompilerVersion: 8.4.0
ProgramName: mri_relabel_hypointensities  ProgramArguments: mri_relabel_hypointensities -all-info  ProgramVersion: 7.3.2  TimeStamp: 2026/03/10-06:14:46-GMT  BuildTime: Aug  4 2022 06:17:15  BuildStamp: freesurfer-linux-ubuntu22_x86_64-7.3.2-20220804-6354275  User: oesteban  Machine: dna063  Platform: Linux  PlatformVersion: 5.14.0-427.37.1.el9_4.x86_64  CompilerName: GCC  CompilerVersion: 8.4.0
ProgramName: mri_relabel_nonwm_hypos  ProgramArguments: mri_relabel_nonwm_hypos -all-info  ProgramVersion: 7.3.2  TimeStamp: 2026/03/10-06:14:46-GMT  BuildTime: Aug  4 2022 06:17:15  BuildStamp: freesurfer-linux-ubuntu22_x86_64-7.3.2-20220804-6354275  User: oesteban  Machine: dna063  Platform: Linux  PlatformVersion: 5.14.0-427.37.1.el9_4.x86_64  CompilerName: GCC  CompilerVersion: 8.4.0
ProgramName: mri_remove_neck  ProgramArguments: mri_remove_neck -all-info  ProgramVersion: 7.3.2  TimeStamp: 2026/03/10-06:14:46-GMT  BuildTime: Aug  4 2022 06:17:15  BuildStamp: freesurfer-linux-ubuntu22_x86_64-7.3.2-20220804-6354275  User: oesteban  Machine: dna063  Platform: Linux  PlatformVersion: 5.14.0-427.37.1.el9_4.x86_64  CompilerName: GCC  CompilerVersion: 8.4.0
7.3.2

ProgramName: mri_robust_register  ProgramArguments: mri_robust_register -all-info  ProgramVersion: 7.3.2  TimeStamp: 2026/03/10-06:14:46-GMT  BuildTime: Aug  4 2022 06:17:15  BuildStamp: freesurfer-linux-ubuntu22_x86_64-7.3.2-20220804-6354275  User: oesteban  Machine: dna063  Platform: Linux  PlatformVersion: 5.14.0-427.37.1.el9_4.x86_64  CompilerName: GCC  CompilerVersion: 8.4.0
7.3.2

ProgramName: mri_robust_template  ProgramArguments: mri_robust_template -all-info  ProgramVersion: 7.3.2  TimeStamp: 2026/03/10-06:14:46-GMT  BuildTime: Aug  4 2022 06:17:15  BuildStamp: freesurfer-linux-ubuntu22_x86_64-7.3.2-20220804-6354275  User: oesteban  Machine: dna063  Platform: Linux  PlatformVersion: 5.14.0-427.37.1.el9_4.x86_64  CompilerName: GCC  CompilerVersion: 8.4.0
ProgramName: mris_anatomical_stats  ProgramArguments: mris_anatomical_stats -all-info  ProgramVersion: 7.3.2  TimeStamp: 2026/03/10-06:14:46-GMT  BuildTime: Aug  4 2022 06:17:15  BuildStamp: freesurfer-linux-ubuntu22_x86_64-7.3.2-20220804-6354275  User: oesteban  Machine: dna063  Platform: Linux  PlatformVersion: 5.14.0-427.37.1.el9_4.x86_64  CompilerName: GCC  CompilerVersion: 8.4.0
ProgramName: mris_ca_label  ProgramArguments: mris_ca_label -all-info  ProgramVersion: 7.3.2  TimeStamp: 2026/03/10-06:14:46-GMT  BuildTime: Aug  4 2022 06:17:15  BuildStamp: freesurfer-linux-ubuntu22_x86_64-7.3.2-20220804-6354275  User: oesteban  Machine: dna063  Platform: Linux  PlatformVersion: 5.14.0-427.37.1.el9_4.x86_64  CompilerName: GCC  CompilerVersion: 8.4.0
ProgramName: mris_calc  ProgramArguments: mris_calc -all-info  ProgramVersion: 7.3.2  TimeStamp: 2026/03/10-06:14:46-GMT  BuildTime: Aug  4 2022 06:17:15  BuildStamp: freesurfer-linux-ubuntu22_x86_64-7.3.2-20220804-6354275  User: oesteban  Machine: dna063  Platform: Linux  PlatformVersion: 5.14.0-427.37.1.el9_4.x86_64  CompilerName: GCC  CompilerVersion: 8.4.0
ProgramName: mris_convert  ProgramArguments: mris_convert -all-info  ProgramVersion: 7.3.2  TimeStamp: 2026/03/10-06:14:46-GMT  BuildTime: Aug  4 2022 06:17:15  BuildStamp: freesurfer-linux-ubuntu22_x86_64-7.3.2-20220804-6354275  User: oesteban  Machine: dna063  Platform: Linux  PlatformVersion: 5.14.0-427.37.1.el9_4.x86_64  CompilerName: GCC  CompilerVersion: 8.4.0
ProgramName: mris_curvature  ProgramArguments: mris_curvature -all-info  ProgramVersion: 7.3.2  TimeStamp: 2026/03/10-06:14:46-GMT  BuildTime: Aug  4 2022 06:17:15  BuildStamp: freesurfer-linux-ubuntu22_x86_64-7.3.2-20220804-6354275  User: oesteban  Machine: dna063  Platform: Linux  PlatformVersion: 5.14.0-427.37.1.el9_4.x86_64  CompilerName: GCC  CompilerVersion: 8.4.0
ProgramName: mris_curvature_stats  ProgramArguments: mris_curvature_stats -all-info  ProgramVersion: 7.3.2  TimeStamp: 2026/03/10-06:14:46-GMT  BuildTime: Aug  4 2022 06:17:15  BuildStamp: freesurfer-linux-ubuntu22_x86_64-7.3.2-20220804-6354275  User: oesteban  Machine: dna063  Platform: Linux  PlatformVersion: 5.14.0-427.37.1.el9_4.x86_64  CompilerName: GCC  CompilerVersion: 8.4.0
ProgramName: mris_diff  ProgramArguments: mris_diff -all-info  ProgramVersion: 7.3.2  TimeStamp: 2026/03/10-06:14:46-GMT  BuildTime: Aug  4 2022 06:17:15  BuildStamp: freesurfer-linux-ubuntu22_x86_64-7.3.2-20220804-6354275  User: oesteban  Machine: dna063  Platform: Linux  PlatformVersion: 5.14.0-427.37.1.el9_4.x86_64  CompilerName: GCC  CompilerVersion: 8.4.0
ProgramName: mris_divide_parcellation  ProgramArguments: mris_divide_parcellation -all-info  ProgramVersion: 7.3.2  TimeStamp: 2026/03/10-06:14:46-GMT  BuildTime: Aug  4 2022 06:17:15  BuildStamp: freesurfer-linux-ubuntu22_x86_64-7.3.2-20220804-6354275  User: oesteban  Machine: dna063  Platform: Linux  PlatformVersion: 5.14.0-427.37.1.el9_4.x86_64  CompilerName: GCC  CompilerVersion: 8.4.0
ProgramName: mri_segment  ProgramArguments: mri_segment -all-info  ProgramVersion: 7.3.2  TimeStamp: 2026/03/10-06:14:46-GMT  BuildTime: Aug  4 2022 06:17:15  BuildStamp: freesurfer-linux-ubuntu22_x86_64-7.3.2-20220804-6354275  User: oesteban  Machine: dna063  Platform: Linux  PlatformVersion: 5.14.0-427.37.1.el9_4.x86_64  CompilerName: GCC  CompilerVersion: 8.4.0
ProgramName: mri_segstats  ProgramArguments: mri_segstats -all-info  ProgramVersion: 7.3.2  TimeStamp: 2026/03/10-06:14:46-GMT  BuildTime: Aug  4 2022 06:17:15  BuildStamp: freesurfer-linux-ubuntu22_x86_64-7.3.2-20220804-6354275  User: oesteban  Machine: dna063  Platform: Linux  PlatformVersion: 5.14.0-427.37.1.el9_4.x86_64  CompilerName: GCC  CompilerVersion: 8.4.0
ProgramName: mris_euler_number  ProgramArguments: mris_euler_number -all-info  ProgramVersion: 7.3.2  TimeStamp: 2026/03/10-06:14:46-GMT  BuildTime: Aug  4 2022 06:17:15  BuildStamp: freesurfer-linux-ubuntu22_x86_64-7.3.2-20220804-6354275  User: oesteban  Machine: dna063  Platform: Linux  PlatformVersion: 5.14.0-427.37.1.el9_4.x86_64  CompilerName: GCC  CompilerVersion: 8.4.0
ProgramName: mris_fix_topology  ProgramArguments: mris_fix_topology -all-info  ProgramVersion: 7.3.2  TimeStamp: 2026/03/10-06:14:46-GMT  BuildTime: Aug  4 2022 06:17:15  BuildStamp: freesurfer-linux-ubuntu22_x86_64-7.3.2-20220804-6354275  User: oesteban  Machine: dna063  Platform: Linux  PlatformVersion: 5.14.0-427.37.1.el9_4.x86_64  CompilerName: GCC  CompilerVersion: 8.4.0
ProgramName: mris_topo_fixer  ProgramArguments: mris_topo_fixer -all-info  ProgramVersion: 7.3.2  TimeStamp: 2026/03/10-06:14:46-GMT  BuildTime: Aug  4 2022 06:17:15  BuildStamp: freesurfer-linux-ubuntu22_x86_64-7.3.2-20220804-6354275  User: oesteban  Machine: dna063  Platform: Linux  PlatformVersion: 5.14.0-427.37.1.el9_4.x86_64  CompilerName: GCC  CompilerVersion: 8.4.0
ProgramName: mris_jacobian  ProgramArguments: mris_jacobian -all-info  ProgramVersion: 7.3.2  TimeStamp: 2026/03/10-06:14:46-GMT  BuildTime: Aug  4 2022 06:17:15  BuildStamp: freesurfer-linux-ubuntu22_x86_64-7.3.2-20220804-6354275  User: oesteban  Machine: dna063  Platform: Linux  PlatformVersion: 5.14.0-427.37.1.el9_4.x86_64  CompilerName: GCC  CompilerVersion: 8.4.0
ProgramName: mris_label2annot  ProgramArguments: mris_label2annot -all-info  ProgramVersion: 7.3.2  TimeStamp: 2026/03/10-06:14:46-GMT  BuildTime: Aug  4 2022 06:17:15  BuildStamp: freesurfer-linux-ubuntu22_x86_64-7.3.2-20220804-6354275  User: oesteban  Machine: dna063  Platform: Linux  PlatformVersion: 5.14.0-427.37.1.el9_4.x86_64  CompilerName: GCC  CompilerVersion: 8.4.0
ProgramName: mris_left_right_register  ProgramArguments: mris_left_right_register -all-info  ProgramVersion: 7.3.2  TimeStamp: 2026/03/10-06:14:46-GMT  BuildTime: Aug  4 2022 06:17:15  BuildStamp: freesurfer-linux-ubuntu22_x86_64-7.3.2-20220804-6354275  User: oesteban  Machine: dna063  Platform: Linux  PlatformVersion: 5.14.0-427.37.1.el9_4.x86_64  CompilerName: GCC  CompilerVersion: 8.4.0
ProgramName: mris_place_surface  ProgramArguments: mris_place_surface -all-info  ProgramVersion: 7.3.2  TimeStamp: 2026/03/10-06:14:46-GMT  BuildTime: Aug  4 2022 06:17:15  BuildStamp: freesurfer-linux-ubuntu22_x86_64-7.3.2-20220804-6354275  User: oesteban  Machine: dna063  Platform: Linux  PlatformVersion: 5.14.0-427.37.1.el9_4.x86_64  CompilerName: GCC  CompilerVersion: 8.4.0
ProgramName: mrisp_paint  ProgramArguments: mrisp_paint -all-info  ProgramVersion: 7.3.2  TimeStamp: 2026/03/10-06:14:46-GMT  BuildTime: Aug  4 2022 06:17:15  BuildStamp: freesurfer-linux-ubuntu22_x86_64-7.3.2-20220804-6354275  User: oesteban  Machine: dna063  Platform: Linux  PlatformVersion: 5.14.0-427.37.1.el9_4.x86_64  CompilerName: GCC  CompilerVersion: 8.4.0
ProgramName: mris_register  ProgramArguments: mris_register -all-info  ProgramVersion: 7.3.2  TimeStamp: 2026/03/10-06:14:46-GMT  BuildTime: Aug  4 2022 06:17:15  BuildStamp: freesurfer-linux-ubuntu22_x86_64-7.3.2-20220804-6354275  User: oesteban  Machine: dna063  Platform: Linux  PlatformVersion: 5.14.0-427.37.1.el9_4.x86_64  CompilerName: GCC  CompilerVersion: 8.4.0
ProgramName: mris_smooth  ProgramArguments: mris_smooth -all-info  ProgramVersion: 7.3.2  TimeStamp: 2026/03/10-06:14:46-GMT  BuildTime: Aug  4 2022 06:17:15  BuildStamp: freesurfer-linux-ubuntu22_x86_64-7.3.2-20220804-6354275  User: oesteban  Machine: dna063  Platform: Linux  PlatformVersion: 5.14.0-427.37.1.el9_4.x86_64  CompilerName: GCC  CompilerVersion: 8.4.0
ProgramName: mris_sphere  ProgramArguments: mris_sphere -all-info  ProgramVersion: 7.3.2  TimeStamp: 2026/03/10-06:14:46-GMT  BuildTime: Aug  4 2022 06:17:15  BuildStamp: freesurfer-linux-ubuntu22_x86_64-7.3.2-20220804-6354275  User: oesteban  Machine: dna063  Platform: Linux  PlatformVersion: 5.14.0-427.37.1.el9_4.x86_64  CompilerName: GCC  CompilerVersion: 8.4.0
ProgramName: mris_surface_stats  ProgramArguments: mris_surface_stats -all-info  ProgramVersion: 7.3.2  TimeStamp: 2026/03/10-06:14:46-GMT  BuildTime: Aug  4 2022 06:17:15  BuildStamp: freesurfer-linux-ubuntu22_x86_64-7.3.2-20220804-6354275  User: oesteban  Machine: dna063  Platform: Linux  PlatformVersion: 5.14.0-427.37.1.el9_4.x86_64  CompilerName: GCC  CompilerVersion: 8.4.0
ProgramName: mri_stats2seg  ProgramArguments: mri_stats2seg -all-info  ProgramVersion: 7.3.2  TimeStamp: 2026/03/10-06:14:46-GMT  BuildTime: Aug  4 2022 06:17:15  BuildStamp: freesurfer-linux-ubuntu22_x86_64-7.3.2-20220804-6354275  User: oesteban  Machine: dna063  Platform: Linux  PlatformVersion: 5.14.0-427.37.1.el9_4.x86_64  CompilerName: GCC  CompilerVersion: 8.4.0
ProgramName: mris_thickness  ProgramArguments: mris_thickness -all-info  ProgramVersion: 7.3.2  TimeStamp: 2026/03/10-06:14:46-GMT  BuildTime: Aug  4 2022 06:17:15  BuildStamp: freesurfer-linux-ubuntu22_x86_64-7.3.2-20220804-6354275  User: oesteban  Machine: dna063  Platform: Linux  PlatformVersion: 5.14.0-427.37.1.el9_4.x86_64  CompilerName: GCC  CompilerVersion: 8.4.0
ProgramName: mris_thickness_diff  ProgramArguments: mris_thickness_diff -all-info  ProgramVersion: 7.3.2  TimeStamp: 2026/03/10-06:14:46-GMT  BuildTime: Aug  4 2022 06:17:15  BuildStamp: freesurfer-linux-ubuntu22_x86_64-7.3.2-20220804-6354275  User: oesteban  Machine: dna063  Platform: Linux  PlatformVersion: 5.14.0-427.37.1.el9_4.x86_64  CompilerName: GCC  CompilerVersion: 8.4.0
ProgramName: mris_topo_fixer  ProgramArguments: mris_topo_fixer -all-info  ProgramVersion: 7.3.2  TimeStamp: 2026/03/10-06:14:46-GMT  BuildTime: Aug  4 2022 06:17:15  BuildStamp: freesurfer-linux-ubuntu22_x86_64-7.3.2-20220804-6354275  User: oesteban  Machine: dna063  Platform: Linux  PlatformVersion: 5.14.0-427.37.1.el9_4.x86_64  CompilerName: GCC  CompilerVersion: 8.4.0
ProgramName: mri_surf2surf  ProgramArguments: mri_surf2surf -all-info  ProgramVersion: 7.3.2  TimeStamp: 2026/03/10-06:14:46-GMT  BuildTime: Aug  4 2022 06:17:15  BuildStamp: freesurfer-linux-ubuntu22_x86_64-7.3.2-20220804-6354275  User: oesteban  Machine: dna063  Platform: Linux  PlatformVersion: 5.14.0-427.37.1.el9_4.x86_64  CompilerName: GCC  CompilerVersion: 8.4.0
ProgramName: mri_surf2vol  ProgramArguments: mri_surf2vol -all-info  ProgramVersion: 7.3.2  TimeStamp: 2026/03/10-06:14:46-GMT  BuildTime: Aug  4 2022 06:17:15  BuildStamp: freesurfer-linux-ubuntu22_x86_64-7.3.2-20220804-6354275  User: oesteban  Machine: dna063  Platform: Linux  PlatformVersion: 5.14.0-427.37.1.el9_4.x86_64  CompilerName: GCC  CompilerVersion: 8.4.0
ProgramName: mri_surfcluster  ProgramArguments: mri_surfcluster -all-info  ProgramVersion: 7.3.2  TimeStamp: 2026/03/10-06:14:46-GMT  BuildTime: Aug  4 2022 06:17:15  BuildStamp: freesurfer-linux-ubuntu22_x86_64-7.3.2-20220804-6354275  User: oesteban  Machine: dna063  Platform: Linux  PlatformVersion: 5.14.0-427.37.1.el9_4.x86_64  CompilerName: GCC  CompilerVersion: 8.4.0
ProgramName: mris_volmask  ProgramArguments: mris_volmask -all-info  ProgramVersion: 7.3.2  TimeStamp: 2026/03/10-06:14:46-GMT  BuildTime: Aug  4 2022 06:17:15  BuildStamp: freesurfer-linux-ubuntu22_x86_64-7.3.2-20220804-6354275  User: oesteban  Machine: dna063  Platform: Linux  PlatformVersion: 5.14.0-427.37.1.el9_4.x86_64  CompilerName: GCC  CompilerVersion: 8.4.0
ProgramName: mri_tessellate  ProgramArguments: mri_tessellate -all-info  ProgramVersion: 7.3.2  TimeStamp: 2026/03/10-06:14:46-GMT  BuildTime: Aug  4 2022 06:17:15  BuildStamp: freesurfer-linux-ubuntu22_x86_64-7.3.2-20220804-6354275  User: oesteban  Machine: dna063  Platform: Linux  PlatformVersion: 5.14.0-427.37.1.el9_4.x86_64  CompilerName: GCC  CompilerVersion: 8.4.0
ProgramName: mri_vol2surf  ProgramArguments: mri_vol2surf -all-info  ProgramVersion: 7.3.2  TimeStamp: 2026/03/10-06:14:46-GMT  BuildTime: Aug  4 2022 06:17:15  BuildStamp: freesurfer-linux-ubuntu22_x86_64-7.3.2-20220804-6354275  User: oesteban  Machine: dna063  Platform: Linux  PlatformVersion: 5.14.0-427.37.1.el9_4.x86_64  CompilerName: GCC  CompilerVersion: 8.4.0
ProgramName: mri_vol2vol  ProgramArguments: mri_vol2vol -all-info  ProgramVersion: 7.3.2  TimeStamp: 2026/03/10-06:14:46-GMT  BuildTime: Aug  4 2022 06:17:15  BuildStamp: freesurfer-linux-ubuntu22_x86_64-7.3.2-20220804-6354275  User: oesteban  Machine: dna063  Platform: Linux  PlatformVersion: 5.14.0-427.37.1.el9_4.x86_64  CompilerName: GCC  CompilerVersion: 8.4.0
ProgramName: mri_voldiff  ProgramArguments: mri_voldiff -all-info  ProgramVersion: 7.3.2  TimeStamp: 2026/03/10-06:14:46-GMT  BuildTime: Aug  4 2022 06:17:15  BuildStamp: freesurfer-linux-ubuntu22_x86_64-7.3.2-20220804-6354275  User: oesteban  Machine: dna063  Platform: Linux  PlatformVersion: 5.14.0-427.37.1.el9_4.x86_64  CompilerName: GCC  CompilerVersion: 8.4.0
ProgramName: mri_watershed  ProgramArguments: mri_watershed -all-info  ProgramVersion: 7.3.2  TimeStamp: 2026/03/10-06:14:46-GMT  BuildTime: Aug  4 2022 06:17:15  BuildStamp: freesurfer-linux-ubuntu22_x86_64-7.3.2-20220804-6354275  User: oesteban  Machine: dna063  Platform: Linux  PlatformVersion: 5.14.0-427.37.1.el9_4.x86_64  CompilerName: GCC  CompilerVersion: 8.4.0
ProgramName: tkregister2  ProgramArguments: tkregister2_cmdl -all-info  ProgramVersion: 7.3.2  TimeStamp: 2026/03/10-06:14:46-GMT  BuildTime: Aug  4 2022 06:17:15  BuildStamp: freesurfer-linux-ubuntu22_x86_64-7.3.2-20220804-6354275  User: oesteban  Machine: dna063  Platform: Linux  PlatformVersion: 5.14.0-427.37.1.el9_4.x86_64  CompilerName: GCC  CompilerVersion: 8.4.0
mri_motion_correct.fsl 7.3.2
mri_convert -all-info 
ProgramName: mri_convert  ProgramArguments: mri_convert -all-info  ProgramVersion: 7.3.2  TimeStamp: 2026/03/10-06:14:46-GMT  BuildTime: Aug  4 2022 06:17:15  BuildStamp: freesurfer-linux-ubuntu22_x86_64-7.3.2-20220804-6354275  User: oesteban  Machine: dna063  Platform: Linux  PlatformVersion: 5.14.0-427.37.1.el9_4.x86_64  CompilerName: GCC  CompilerVersion: 8.4.0
Program nu_correct, built from:
Package MNI N3, version 1.12.0, compiled by nicks@terrier (x86_64-unknown-linux-gnu) on 2015-06-19 at 01:25:34
#######################################
GCADIR /opt/freesurfer/average
GCA RB_all_2020-01-02.gca
GCASkull RB_all_withskull_2020_01_02.gca
AvgCurvTif folding.atlas.acfb40.noaparc.i12.2016-08-02.tif
GCSDIR /opt/freesurfer/average
GCS DKaparc.atlas.acfb40.noaparc.i12.2016-08-02.gcs
#######################################
#-------------------------------------
#@# EM Registration Tue Mar 10 07:14:46 CET 2026
/out/sourcedata/freesurfer/sub-v1s8x0051346_ses-1/mri

 mri_em_register -uns 3 -mask brainmask.mgz nu.mgz /opt/freesurfer/average/RB_all_2020-01-02.gca transforms/talairach.lta 

setting unknown_nbr_spacing = 3
using MR volume brainmask.mgz to mask input volume...

== Number of threads available to mri_em_register for OpenMP = 16 == 
reading 1 input volumes...
logging results to talairach.log
reading '/opt/freesurfer/average/RB_all_2020-01-02.gca'...
GCAread took 0 minutes and 1 seconds.
average std = 7.2   using min determinant for regularization = 5.2
0 singular and 884 ill-conditioned covariance matrices regularized
reading 'nu.mgz'...
MRImask(): AllowDiffGeom = 1
MRImask(): AllowDiffGeom = 1
MRImask(): AllowDiffGeom = 1
MRImask(): AllowDiffGeom = 1
MRImask(): AllowDiffGeom = 1
freeing gibbs priors...done.
accounting for voxel sizes in initial transform
bounding unknown intensity as < 5.9 or > 519.0 
total sample mean = 79.1 (1017 zeros)
************************************************
spacing=8, using 2841 sample points, tol=1.00e-05...
************************************************
register_mri: find_optimal_transform
find_optimal_transform: nsamples 2841, passno 0, spacing 8
resetting wm mean[0]: 98 --> 107
resetting gm mean[0]: 61 --> 61
input volume #1 is the most T1-like
using real data threshold=28.1
skull bounding box = (65, 37, 32) --> (189, 163, 196)
finding center of left hemi white matter
using (106, 79, 114) as brain centroid of Right_Cerebral_White_Matter...
MRImask(): AllowDiffGeom = 1
mean wm in atlas = 107, using box (91,64,94) --> (121, 94,134) to find MRI wm
before smoothing, mri peak at 105
robust fit to distribution - 106 +- 4.1
after smoothing, mri peak at 106, scaling input intensities by 1.009
scaling channel 0 by 1.00943
initial log_p = -4.402
************************************************
First Search limited to translation only.
************************************************
max log p =    -4.220300 @ (-10.526, 31.579, -10.526)
max log p =    -3.922173 @ (5.263, -5.263, 5.263)
max log p =    -3.900445 @ (2.632, -2.632, -2.632)
max log p =    -3.855917 @ (3.947, 1.316, 1.316)
max log p =    -3.851492 @ (-0.658, 0.658, 0.658)
max log p =    -3.845078 @ (-0.987, 0.329, -0.987)
max log p =    -3.845078 @ (0.000, 0.000, 0.000)
max log p =    -3.845078 @ (0.000, 0.000, 0.000)
Found translation: (-0.3, 26.0, -6.9): log p = -3.845
****************************************
Nine parameter search.  iteration 0 nscales = 0 ...
****************************************
Result so far: scale 1.000: max_log_p=-3.666, old_max_log_p =-3.845 (thresh=-3.8)
 1.06375   0.00000   0.00000  -8.43356;
 0.00000   1.11081   0.29764  -17.78631;
 0.00000  -0.25882   0.96593   28.56832;
 0.00000   0.00000   0.00000   1.00000;
iteration took 0 minutes and 12 seconds.
****************************************
Nine parameter search.  iteration 1 nscales = 0 ...
****************************************
Result so far: scale 1.000: max_log_p=-3.658, old_max_log_p =-3.666 (thresh=-3.7)
 1.06375   0.00000   0.00000  -8.43356;
 0.00000   1.11081   0.29764  -17.78631;
 0.00000  -0.23941   0.89348   34.33225;
 0.00000   0.00000   0.00000   1.00000;
iteration took 0 minutes and 12 seconds.
****************************************
Nine parameter search.  iteration 2 nscales = 0 ...
****************************************
Result so far: scale 1.000: max_log_p=-3.658, old_max_log_p =-3.658 (thresh=-3.7)
 1.06375   0.00000   0.00000  -8.43356;
 0.00000   1.11081   0.29764  -17.78631;
 0.00000  -0.23941   0.89348   34.33225;
 0.00000   0.00000   0.00000   1.00000;
reducing scale to 0.2500
iteration took 0 minutes and 12 seconds.
****************************************
Nine parameter search.  iteration 3 nscales = 1 ...
****************************************
Result so far: scale 0.250: max_log_p=-3.552, old_max_log_p =-3.658 (thresh=-3.7)
 1.08063  -0.07396  -0.01982  -1.45235;
 0.07218   1.15000   0.30814  -31.79870;
 0.00000  -0.25304   0.94437   26.46322;
 0.00000   0.00000   0.00000   1.00000;
iteration took 0 minutes and 12 seconds.
****************************************
Nine parameter search.  iteration 4 nscales = 1 ...
****************************************
Result so far: scale 0.250: max_log_p=-3.539, old_max_log_p =-3.552 (thresh=-3.5)
 1.08063  -0.07396  -0.01982  -1.45235;
 0.07083   1.12844   0.30236  -28.96578;
 0.00000  -0.26253   0.97978   23.50231;
 0.00000   0.00000   0.00000   1.00000;
iteration took 0 minutes and 12 seconds.
****************************************
Nine parameter search.  iteration 5 nscales = 1 ...
****************************************
Result so far: scale 0.250: max_log_p=-3.539, old_max_log_p =-3.539 (thresh=-3.5)
 1.08063  -0.07396  -0.01982  -1.45235;
 0.07083   1.12844   0.30236  -28.96578;
 0.00000  -0.26253   0.97978   23.50231;
 0.00000   0.00000   0.00000   1.00000;
reducing scale to 0.0625
iteration took 0 minutes and 12 seconds.
****************************************
Nine parameter search.  iteration 6 nscales = 2 ...
****************************************
Result so far: scale 0.062: max_log_p=-3.506, old_max_log_p =-3.539 (thresh=-3.5)
 1.08302  -0.06982  -0.03593  -0.39226;
 0.07108   1.13241   0.30343  -28.54879;
 0.01764  -0.26309   0.97703   21.61171;
 0.00000   0.00000   0.00000   1.00000;
iteration took 0 minutes and 12 seconds.
****************************************
Nine parameter search.  iteration 7 nscales = 2 ...
****************************************
Result so far: scale 0.062: max_log_p=-3.506, old_max_log_p =-3.506 (thresh=-3.5)
 1.08494  -0.06268  -0.02553  -2.43437;
 0.06207   1.13508   0.29564  -26.80702;
 0.00935  -0.25294   0.97859   21.07811;
 0.00000   0.00000   0.00000   1.00000;
min search scale 0.025000 reached
***********************************************
Computing MAP estimate using 2841 samples...
***********************************************
dt = 5.00e-06, momentum=0.80, tol=1.00e-05
l_intensity = 1.0000
Aligning input volume to GCA...
Transform matrix
 1.08494  -0.06268  -0.02553  -2.43437;
 0.06207   1.13508   0.29564  -26.80702;
 0.00935  -0.25294   0.97859   21.07811;
 0.00000   0.00000   0.00000   1.00000;
nsamples 2841
Quasinewton: input matrix
 1.08494  -0.06268  -0.02553  -2.43437;
 0.06207   1.13508   0.29564  -26.80702;
 0.00935  -0.25294   0.97859   21.07811;
 0.00000   0.00000   0.00000   1.00000;
 IFLAG= -1  LINE SEARCH FAILED. SEE DOCUMENTATION OF ROUTINE MCSRCH ERROR RETURN OF LINE SEARCH: INFO= 3 POSSIBLE CAUSES: FUNCTION OR GRADIENT ARE INCORRECT OR INCORRECT TOLERANCESoutof QuasiNewtonEMA: 010: -log(p) =   -0.0  tol 0.000010
Resulting transform:
 1.08494  -0.06268  -0.02553  -2.43437;
 0.06207   1.13508   0.29564  -26.80702;
 0.00935  -0.25294   0.97859   21.07811;
 0.00000   0.00000   0.00000   1.00000;

pass 1, spacing 8: log(p) = -3.506 (old=-4.402)
transform before final EM align:
 1.08494  -0.06268  -0.02553  -2.43437;
 0.06207   1.13508   0.29564  -26.80702;
 0.00935  -0.25294   0.97859   21.07811;
 0.00000   0.00000   0.00000   1.00000;

**************************************************
 EM alignment process ...
 Computing final MAP estimate using 315638 samples. 
**************************************************
dt = 5.00e-06, momentum=0.80, tol=1.00e-07
l_intensity = 1.0000
Aligning input volume to GCA...
Transform matrix
 1.08494  -0.06268  -0.02553  -2.43437;
 0.06207   1.13508   0.29564  -26.80702;
 0.00935  -0.25294   0.97859   21.07811;
 0.00000   0.00000   0.00000   1.00000;
nsamples 315638
Quasinewton: input matrix
 1.08494  -0.06268  -0.02553  -2.43437;
 0.06207   1.13508   0.29564  -26.80702;
 0.00935  -0.25294   0.97859   21.07811;
 0.00000   0.00000   0.00000   1.00000;
 IFLAG= -1  LINE SEARCH FAILED. SEE DOCUMENTATION OF ROUTINE MCSRCH ERROR RETURN OF LINE SEARCH: INFO= 6 POSSIBLE CAUSES: FUNCTION OR GRADIENT ARE INCORRECT OR INCORRECT TOLERANCESoutof QuasiNewtonEMA: 012: -log(p) =    4.0  tol 0.000000
final transform:
 1.08494  -0.06268  -0.02553  -2.43437;
 0.06207   1.13508   0.29564  -26.80702;
 0.00935  -0.25294   0.97859   21.07811;
 0.00000   0.00000   0.00000   1.00000;

writing output transformation to transforms/talairach.lta...
#VMPC# mri_em_register VmPeak  891288
FSRUNTIME@ mri_em_register  0.0356 hours 16 threads
registration took 2 minutes and 8 seconds.

Started at Tue Mar 10 07:14:46 CET 2026 
Ended   at Tue Mar 10 07:16:54 CET 2026
#@#%# recon-all-run-time-hours 0.036
recon-all -s sub-v1s8x0051346_ses-1 finished without error at Tue Mar 10 07:16:54 CET 2026



#New# invocation of recon-all 




Tue Mar 10 07:16:58 CET 2026
cd /out/sourcedata/freesurfer/sub-v1s8x0051346_ses-1
setenv SUBJECTS_DIR /out/sourcedata/freesurfer
/opt/freesurfer/bin/recon-all -autorecon2-volonly -openmp 16 -subjid sub-v1s8x0051346_ses-1 -sd /out/sourcedata/freesurfer -nogcareg

subjid sub-v1s8x0051346_ses-1
setenv SUBJECTS_DIR /out/sourcedata/freesurfer
FREESURFER_HOME /opt/freesurfer
Actual FREESURFER_HOME /opt/freesurfer
build-stamp.txt: freesurfer-linux-ubuntu22_x86_64-7.3.2-20220804-6354275
Linux dna063 5.14.0-427.37.1.el9_4.x86_64 #1 SMP PREEMPT_DYNAMIC Fri Sep 13 12:41:50 EDT 2024 x86_64 x86_64 x86_64 GNU/Linux
cputime      unlimited
filesize     unlimited
datasize     unlimited
stacksize    8192 kbytes
coredumpsize 0 kbytes
memoryuse    67108864 kbytes
vmemoryuse   unlimited
descriptors  1024 
memorylocked unlimited
maxproc      2061970 
maxlocks     unlimited
maxsignal    2061970 
maxmessage   819200 
maxnice      0 
maxrtprio    0 
maxrttime    unlimited

               total        used        free      shared  buff/cache   available
Mem:           503Gi        51Gi       346Gi        10Gi       105Gi       438Gi
Swap:             0B          0B          0B

########################################
program versions used
7.3.2 (freesurfer-linux-ubuntu22_x86_64-7.3.2-20220804-6354275)
7.3.2

ProgramName: lta_convert  ProgramArguments: lta_convert -all-info  ProgramVersion: 7.3.2  TimeStamp: 2026/03/10-06:16:58-GMT  BuildTime: Aug  4 2022 06:17:15  BuildStamp: freesurfer-linux-ubuntu22_x86_64-7.3.2-20220804-6354275  User: oesteban  Machine: dna063  Platform: Linux  PlatformVersion: 5.14.0-427.37.1.el9_4.x86_64  CompilerName: GCC  CompilerVersion: 8.4.0
ProgramName: mri_and  ProgramArguments: mri_and -all-info  ProgramVersion: 7.3.2  TimeStamp: 2026/03/10-06:16:58-GMT  BuildTime: Aug  4 2022 06:17:15  BuildStamp: freesurfer-linux-ubuntu22_x86_64-7.3.2-20220804-6354275  User: oesteban  Machine: dna063  Platform: Linux  PlatformVersion: 5.14.0-427.37.1.el9_4.x86_64  CompilerName: GCC  CompilerVersion: 8.4.0
ProgramName: mri_annotation2label  ProgramArguments: mri_annotation2label -all-info  ProgramVersion: 7.3.2  TimeStamp: 2026/03/10-06:16:58-GMT  BuildTime: Aug  4 2022 06:17:15  BuildStamp: freesurfer-linux-ubuntu22_x86_64-7.3.2-20220804-6354275  User: oesteban  Machine: dna063  Platform: Linux  PlatformVersion: 5.14.0-427.37.1.el9_4.x86_64  CompilerName: GCC  CompilerVersion: 8.4.0
ProgramName: mri_aparc2aseg  ProgramArguments: mri_aparc2aseg -all-info  ProgramVersion: 7.3.2  TimeStamp: 2026/03/10-06:16:58-GMT  BuildTime: Aug  4 2022 06:17:15  BuildStamp: freesurfer-linux-ubuntu22_x86_64-7.3.2-20220804-6354275  User: oesteban  Machine: dna063  Platform: Linux  PlatformVersion: 5.14.0-427.37.1.el9_4.x86_64  CompilerName: GCC  CompilerVersion: 8.4.0
ProgramName: mri_surf2volseg  ProgramArguments: mri_surf2volseg -all-info  ProgramVersion: 7.3.2  TimeStamp: 2026/03/10-06:16:58-GMT  BuildTime: Aug  4 2022 06:17:15  BuildStamp: freesurfer-linux-ubuntu22_x86_64-7.3.2-20220804-6354275  User: oesteban  Machine: dna063  Platform: Linux  PlatformVersion: 5.14.0-427.37.1.el9_4.x86_64  CompilerName: GCC  CompilerVersion: 8.4.0
ProgramName: mri_binarize  ProgramArguments: mri_binarize -all-info  ProgramVersion: 7.3.2  TimeStamp: 2026/03/10-06:16:58-GMT  BuildTime: Aug  4 2022 06:17:15  BuildStamp: freesurfer-linux-ubuntu22_x86_64-7.3.2-20220804-6354275  User: oesteban  Machine: dna063  Platform: Linux  PlatformVersion: 5.14.0-427.37.1.el9_4.x86_64  CompilerName: GCC  CompilerVersion: 8.4.0
ProgramName: mri_ca_label  ProgramArguments: mri_ca_label -all-info  ProgramVersion: 7.3.2  TimeStamp: 2026/03/10-06:16:58-GMT  BuildTime: Aug  4 2022 06:17:15  BuildStamp: freesurfer-linux-ubuntu22_x86_64-7.3.2-20220804-6354275  User: oesteban  Machine: dna063  Platform: Linux  PlatformVersion: 5.14.0-427.37.1.el9_4.x86_64  CompilerName: GCC  CompilerVersion: 8.4.0
ProgramName: mri_ca_normalize  ProgramArguments: mri_ca_normalize -all-info  ProgramVersion: 7.3.2  TimeStamp: 2026/03/10-06:16:58-GMT  BuildTime: Aug  4 2022 06:17:15  BuildStamp: freesurfer-linux-ubuntu22_x86_64-7.3.2-20220804-6354275  User: oesteban  Machine: dna063  Platform: Linux  PlatformVersion: 5.14.0-427.37.1.el9_4.x86_64  CompilerName: GCC  CompilerVersion: 8.4.0
ProgramName: mri_ca_register  ProgramArguments: mri_ca_register -all-info  ProgramVersion: 7.3.2  TimeStamp: 2026/03/10-06:16:58-GMT  BuildTime: Aug  4 2022 06:17:15  BuildStamp: freesurfer-linux-ubuntu22_x86_64-7.3.2-20220804-6354275  User: oesteban  Machine: dna063  Platform: Linux  PlatformVersion: 5.14.0-427.37.1.el9_4.x86_64  CompilerName: GCC  CompilerVersion: 8.4.0
ProgramName: mri_cc  ProgramArguments: mri_cc -all-info  ProgramVersion: 7.3.2  TimeStamp: 2026/03/10-06:16:58-GMT  BuildTime: Aug  4 2022 06:17:15  BuildStamp: freesurfer-linux-ubuntu22_x86_64-7.3.2-20220804-6354275  User: oesteban  Machine: dna063  Platform: Linux  PlatformVersion: 5.14.0-427.37.1.el9_4.x86_64  CompilerName: GCC  CompilerVersion: 8.4.0
ProgramName: mri_compute_overlap  ProgramArguments: mri_compute_overlap -all-info  ProgramVersion: 7.3.2  TimeStamp: 2026/03/10-06:16:58-GMT  BuildTime: Aug  4 2022 06:17:15  BuildStamp: freesurfer-linux-ubuntu22_x86_64-7.3.2-20220804-6354275  User: oesteban  Machine: dna063  Platform: Linux  PlatformVersion: 5.14.0-427.37.1.el9_4.x86_64  CompilerName: GCC  CompilerVersion: 8.4.0
ProgramName: mri_compute_seg_overlap  ProgramArguments: mri_compute_seg_overlap -all-info  ProgramVersion: 7.3.2  TimeStamp: 2026/03/10-06:16:58-GMT  BuildTime: Aug  4 2022 06:17:15  BuildStamp: freesurfer-linux-ubuntu22_x86_64-7.3.2-20220804-6354275  User: oesteban  Machine: dna063  Platform: Linux  PlatformVersion: 5.14.0-427.37.1.el9_4.x86_64  CompilerName: GCC  CompilerVersion: 8.4.0
ProgramName: mri_concat  ProgramArguments: mri_concat -all-info  ProgramVersion: 7.3.2  TimeStamp: 2026/03/10-06:16:58-GMT  BuildTime: Aug  4 2022 06:17:15  BuildStamp: freesurfer-linux-ubuntu22_x86_64-7.3.2-20220804-6354275  User: oesteban  Machine: dna063  Platform: Linux  PlatformVersion: 5.14.0-427.37.1.el9_4.x86_64  CompilerName: GCC  CompilerVersion: 8.4.0
ProgramName: mri_concatenate_lta  ProgramArguments: mri_concatenate_lta -all-info  ProgramVersion: 7.3.2  TimeStamp: 2026/03/10-06:16:58-GMT  BuildTime: Aug  4 2022 06:17:15  BuildStamp: freesurfer-linux-ubuntu22_x86_64-7.3.2-20220804-6354275  User: oesteban  Machine: dna063  Platform: Linux  PlatformVersion: 5.14.0-427.37.1.el9_4.x86_64  CompilerName: GCC  CompilerVersion: 8.4.0
mri_convert -all-info 
ProgramName: mri_convert  ProgramArguments: mri_convert -all-info  ProgramVersion: 7.3.2  TimeStamp: 2026/03/10-06:16:58-GMT  BuildTime: Aug  4 2022 06:17:15  BuildStamp: freesurfer-linux-ubuntu22_x86_64-7.3.2-20220804-6354275  User: oesteban  Machine: dna063  Platform: Linux  PlatformVersion: 5.14.0-427.37.1.el9_4.x86_64  CompilerName: GCC  CompilerVersion: 8.4.0
ProgramName: mri_diff  ProgramArguments: mri_diff -all-info  ProgramVersion: 7.3.2  TimeStamp: 2026/03/10-06:16:58-GMT  BuildTime: Aug  4 2022 06:17:15  BuildStamp: freesurfer-linux-ubuntu22_x86_64-7.3.2-20220804-6354275  User: oesteban  Machine: dna063  Platform: Linux  PlatformVersion: 5.14.0-427.37.1.el9_4.x86_64  CompilerName: GCC  CompilerVersion: 8.4.0
ProgramName: mri_edit_wm_with_aseg  ProgramArguments: mri_edit_wm_with_aseg -all-info  ProgramVersion: 7.3.2  TimeStamp: 2026/03/10-06:16:58-GMT  BuildTime: Aug  4 2022 06:17:15  BuildStamp: freesurfer-linux-ubuntu22_x86_64-7.3.2-20220804-6354275  User: oesteban  Machine: dna063  Platform: Linux  PlatformVersion: 5.14.0-427.37.1.el9_4.x86_64  CompilerName: GCC  CompilerVersion: 8.4.0
ProgramName: mri_em_register  ProgramArguments: mri_em_register -all-info  ProgramVersion: 7.3.2  TimeStamp: 2026/03/10-06:16:58-GMT  BuildTime: Aug  4 2022 06:17:15  BuildStamp: freesurfer-linux-ubuntu22_x86_64-7.3.2-20220804-6354275  User: oesteban  Machine: dna063  Platform: Linux  PlatformVersion: 5.14.0-427.37.1.el9_4.x86_64  CompilerName: GCC  CompilerVersion: 8.4.0
ProgramName: mri_fill  ProgramArguments: mri_fill -all-info  ProgramVersion: 7.3.2  TimeStamp: 2026/03/10-06:16:58-GMT  BuildTime: Aug  4 2022 06:17:15  BuildStamp: freesurfer-linux-ubuntu22_x86_64-7.3.2-20220804-6354275  User: oesteban  Machine: dna063  Platform: Linux  PlatformVersion: 5.14.0-427.37.1.el9_4.x86_64  CompilerName: GCC  CompilerVersion: 8.4.0
ProgramName: mri_fuse_segmentations  ProgramArguments: mri_fuse_segmentations -all-info  ProgramVersion: 7.3.2  TimeStamp: 2026/03/10-06:16:58-GMT  BuildTime: Aug  4 2022 06:17:15  BuildStamp: freesurfer-linux-ubuntu22_x86_64-7.3.2-20220804-6354275  User: oesteban  Machine: dna063  Platform: Linux  PlatformVersion: 5.14.0-427.37.1.el9_4.x86_64  CompilerName: GCC  CompilerVersion: 8.4.0
ProgramName: mri_fwhm  ProgramArguments: mri_fwhm -all-info  ProgramVersion: 7.3.2  TimeStamp: 2026/03/10-06:16:58-GMT  BuildTime: Aug  4 2022 06:17:15  BuildStamp: freesurfer-linux-ubuntu22_x86_64-7.3.2-20220804-6354275  User: oesteban  Machine: dna063  Platform: Linux  PlatformVersion: 5.14.0-427.37.1.el9_4.x86_64  CompilerName: GCC  CompilerVersion: 8.4.0
ProgramName: mri_gcut  ProgramArguments: mri_gcut -all-info  ProgramVersion: 7.3.2  TimeStamp: 2026/03/10-06:16:58-GMT  BuildTime: Aug  4 2022 06:17:15  BuildStamp: freesurfer-linux-ubuntu22_x86_64-7.3.2-20220804-6354275  User: oesteban  Machine: dna063  Platform: Linux  PlatformVersion: 5.14.0-427.37.1.el9_4.x86_64  CompilerName: GCC  CompilerVersion: 8.4.0
ProgramName: mri_info  ProgramArguments: mri_info -all-info  ProgramVersion: 7.3.2  TimeStamp: 2026/03/10-06:16:58-GMT  BuildTime: Aug  4 2022 06:17:15  BuildStamp: freesurfer-linux-ubuntu22_x86_64-7.3.2-20220804-6354275  User: oesteban  Machine: dna063  Platform: Linux  PlatformVersion: 5.14.0-427.37.1.el9_4.x86_64  CompilerName: GCC  CompilerVersion: 8.4.0
ProgramName: mri_label2label  ProgramArguments: mri_label2label -all-info  ProgramVersion: 7.3.2  TimeStamp: 2026/03/10-06:16:58-GMT  BuildTime: Aug  4 2022 06:17:15  BuildStamp: freesurfer-linux-ubuntu22_x86_64-7.3.2-20220804-6354275  User: oesteban  Machine: dna063  Platform: Linux  PlatformVersion: 5.14.0-427.37.1.el9_4.x86_64  CompilerName: GCC  CompilerVersion: 8.4.0
ProgramName: mri_label2vol  ProgramArguments: mri_label2vol -all-info  ProgramVersion: 7.3.2  TimeStamp: 2026/03/10-06:16:58-GMT  BuildTime: Aug  4 2022 06:17:15  BuildStamp: freesurfer-linux-ubuntu22_x86_64-7.3.2-20220804-6354275  User: oesteban  Machine: dna063  Platform: Linux  PlatformVersion: 5.14.0-427.37.1.el9_4.x86_64  CompilerName: GCC  CompilerVersion: 8.4.0
ProgramName: mri_log_likelihood  ProgramArguments: mri_log_likelihood -all-info  ProgramVersion: 7.3.2  TimeStamp: 2026/03/10-06:16:58-GMT  BuildTime: Aug  4 2022 06:17:15  BuildStamp: freesurfer-linux-ubuntu22_x86_64-7.3.2-20220804-6354275  User: oesteban  Machine: dna063  Platform: Linux  PlatformVersion: 5.14.0-427.37.1.el9_4.x86_64  CompilerName: GCC  CompilerVersion: 8.4.0
ProgramName: mri_mask  ProgramArguments: mri_mask -all-info  ProgramVersion: 7.3.2  TimeStamp: 2026/03/10-06:16:58-GMT  BuildTime: Aug  4 2022 06:17:15  BuildStamp: freesurfer-linux-ubuntu22_x86_64-7.3.2-20220804-6354275  User: oesteban  Machine: dna063  Platform: Linux  PlatformVersion: 5.14.0-427.37.1.el9_4.x86_64  CompilerName: GCC  CompilerVersion: 8.4.0
ProgramName: mri_matrix_multiply  ProgramArguments: mri_matrix_multiply -all-info  ProgramVersion: 7.3.2  TimeStamp: 2026/03/10-06:16:58-GMT  BuildTime: Aug  4 2022 06:17:15  BuildStamp: freesurfer-linux-ubuntu22_x86_64-7.3.2-20220804-6354275  User: oesteban  Machine: dna063  Platform: Linux  PlatformVersion: 5.14.0-427.37.1.el9_4.x86_64  CompilerName: GCC  CompilerVersion: 8.4.0
ProgramName: mri_normalize  ProgramArguments: mri_normalize -all-info  ProgramVersion: 7.3.2  TimeStamp: 2026/03/10-06:16:58-GMT  BuildTime: Aug  4 2022 06:17:15  BuildStamp: freesurfer-linux-ubuntu22_x86_64-7.3.2-20220804-6354275  User: oesteban  Machine: dna063  Platform: Linux  PlatformVersion: 5.14.0-427.37.1.el9_4.x86_64  CompilerName: GCC  CompilerVersion: 8.4.0
ProgramName: mri_normalize_tp2  ProgramArguments: mri_normalize_tp2 -all-info  ProgramVersion: 7.3.2  TimeStamp: 2026/03/10-06:16:58-GMT  BuildTime: Aug  4 2022 06:17:15  BuildStamp: freesurfer-linux-ubuntu22_x86_64-7.3.2-20220804-6354275  User: oesteban  Machine: dna063  Platform: Linux  PlatformVersion: 5.14.0-427.37.1.el9_4.x86_64  CompilerName: GCC  CompilerVersion: 8.4.0
ProgramName: mri_or  ProgramArguments: mri_or -all-info  ProgramVersion: 7.3.2  TimeStamp: 2026/03/10-06:16:58-GMT  BuildTime: Aug  4 2022 06:17:15  BuildStamp: freesurfer-linux-ubuntu22_x86_64-7.3.2-20220804-6354275  User: oesteban  Machine: dna063  Platform: Linux  PlatformVersion: 5.14.0-427.37.1.el9_4.x86_64  CompilerName: GCC  CompilerVersion: 8.4.0
ProgramName: mri_relabel_hypointensities  ProgramArguments: mri_relabel_hypointensities -all-info  ProgramVersion: 7.3.2  TimeStamp: 2026/03/10-06:16:58-GMT  BuildTime: Aug  4 2022 06:17:15  BuildStamp: freesurfer-linux-ubuntu22_x86_64-7.3.2-20220804-6354275  User: oesteban  Machine: dna063  Platform: Linux  PlatformVersion: 5.14.0-427.37.1.el9_4.x86_64  CompilerName: GCC  CompilerVersion: 8.4.0
ProgramName: mri_relabel_nonwm_hypos  ProgramArguments: mri_relabel_nonwm_hypos -all-info  ProgramVersion: 7.3.2  TimeStamp: 2026/03/10-06:16:58-GMT  BuildTime: Aug  4 2022 06:17:15  BuildStamp: freesurfer-linux-ubuntu22_x86_64-7.3.2-20220804-6354275  User: oesteban  Machine: dna063  Platform: Linux  PlatformVersion: 5.14.0-427.37.1.el9_4.x86_64  CompilerName: GCC  CompilerVersion: 8.4.0
ProgramName: mri_remove_neck  ProgramArguments: mri_remove_neck -all-info  ProgramVersion: 7.3.2  TimeStamp: 2026/03/10-06:16:58-GMT  BuildTime: Aug  4 2022 06:17:15  BuildStamp: freesurfer-linux-ubuntu22_x86_64-7.3.2-20220804-6354275  User: oesteban  Machine: dna063  Platform: Linux  PlatformVersion: 5.14.0-427.37.1.el9_4.x86_64  CompilerName: GCC  CompilerVersion: 8.4.0
7.3.2

ProgramName: mri_robust_register  ProgramArguments: mri_robust_register -all-info  ProgramVersion: 7.3.2  TimeStamp: 2026/03/10-06:16:58-GMT  BuildTime: Aug  4 2022 06:17:15  BuildStamp: freesurfer-linux-ubuntu22_x86_64-7.3.2-20220804-6354275  User: oesteban  Machine: dna063  Platform: Linux  PlatformVersion: 5.14.0-427.37.1.el9_4.x86_64  CompilerName: GCC  CompilerVersion: 8.4.0
7.3.2

ProgramName: mri_robust_template  ProgramArguments: mri_robust_template -all-info  ProgramVersion: 7.3.2  TimeStamp: 2026/03/10-06:16:58-GMT  BuildTime: Aug  4 2022 06:17:15  BuildStamp: freesurfer-linux-ubuntu22_x86_64-7.3.2-20220804-6354275  User: oesteban  Machine: dna063  Platform: Linux  PlatformVersion: 5.14.0-427.37.1.el9_4.x86_64  CompilerName: GCC  CompilerVersion: 8.4.0
ProgramName: mris_anatomical_stats  ProgramArguments: mris_anatomical_stats -all-info  ProgramVersion: 7.3.2  TimeStamp: 2026/03/10-06:16:58-GMT  BuildTime: Aug  4 2022 06:17:15  BuildStamp: freesurfer-linux-ubuntu22_x86_64-7.3.2-20220804-6354275  User: oesteban  Machine: dna063  Platform: Linux  PlatformVersion: 5.14.0-427.37.1.el9_4.x86_64  CompilerName: GCC  CompilerVersion: 8.4.0
ProgramName: mris_ca_label  ProgramArguments: mris_ca_label -all-info  ProgramVersion: 7.3.2  TimeStamp: 2026/03/10-06:16:58-GMT  BuildTime: Aug  4 2022 06:17:15  BuildStamp: freesurfer-linux-ubuntu22_x86_64-7.3.2-20220804-6354275  User: oesteban  Machine: dna063  Platform: Linux  PlatformVersion: 5.14.0-427.37.1.el9_4.x86_64  CompilerName: GCC  CompilerVersion: 8.4.0
ProgramName: mris_calc  ProgramArguments: mris_calc -all-info  ProgramVersion: 7.3.2  TimeStamp: 2026/03/10-06:16:58-GMT  BuildTime: Aug  4 2022 06:17:15  BuildStamp: freesurfer-linux-ubuntu22_x86_64-7.3.2-20220804-6354275  User: oesteban  Machine: dna063  Platform: Linux  PlatformVersion: 5.14.0-427.37.1.el9_4.x86_64  CompilerName: GCC  CompilerVersion: 8.4.0
ProgramName: mris_convert  ProgramArguments: mris_convert -all-info  ProgramVersion: 7.3.2  TimeStamp: 2026/03/10-06:16:58-GMT  BuildTime: Aug  4 2022 06:17:15  BuildStamp: freesurfer-linux-ubuntu22_x86_64-7.3.2-20220804-6354275  User: oesteban  Machine: dna063  Platform: Linux  PlatformVersion: 5.14.0-427.37.1.el9_4.x86_64  CompilerName: GCC  CompilerVersion: 8.4.0
ProgramName: mris_curvature  ProgramArguments: mris_curvature -all-info  ProgramVersion: 7.3.2  TimeStamp: 2026/03/10-06:16:58-GMT  BuildTime: Aug  4 2022 06:17:15  BuildStamp: freesurfer-linux-ubuntu22_x86_64-7.3.2-20220804-6354275  User: oesteban  Machine: dna063  Platform: Linux  PlatformVersion: 5.14.0-427.37.1.el9_4.x86_64  CompilerName: GCC  CompilerVersion: 8.4.0
ProgramName: mris_curvature_stats  ProgramArguments: mris_curvature_stats -all-info  ProgramVersion: 7.3.2  TimeStamp: 2026/03/10-06:16:58-GMT  BuildTime: Aug  4 2022 06:17:15  BuildStamp: freesurfer-linux-ubuntu22_x86_64-7.3.2-20220804-6354275  User: oesteban  Machine: dna063  Platform: Linux  PlatformVersion: 5.14.0-427.37.1.el9_4.x86_64  CompilerName: GCC  CompilerVersion: 8.4.0
ProgramName: mris_diff  ProgramArguments: mris_diff -all-info  ProgramVersion: 7.3.2  TimeStamp: 2026/03/10-06:16:58-GMT  BuildTime: Aug  4 2022 06:17:15  BuildStamp: freesurfer-linux-ubuntu22_x86_64-7.3.2-20220804-6354275  User: oesteban  Machine: dna063  Platform: Linux  PlatformVersion: 5.14.0-427.37.1.el9_4.x86_64  CompilerName: GCC  CompilerVersion: 8.4.0
ProgramName: mris_divide_parcellation  ProgramArguments: mris_divide_parcellation -all-info  ProgramVersion: 7.3.2  TimeStamp: 2026/03/10-06:16:58-GMT  BuildTime: Aug  4 2022 06:17:15  BuildStamp: freesurfer-linux-ubuntu22_x86_64-7.3.2-20220804-6354275  User: oesteban  Machine: dna063  Platform: Linux  PlatformVersion: 5.14.0-427.37.1.el9_4.x86_64  CompilerName: GCC  CompilerVersion: 8.4.0
ProgramName: mri_segment  ProgramArguments: mri_segment -all-info  ProgramVersion: 7.3.2  TimeStamp: 2026/03/10-06:16:58-GMT  BuildTime: Aug  4 2022 06:17:15  BuildStamp: freesurfer-linux-ubuntu22_x86_64-7.3.2-20220804-6354275  User: oesteban  Machine: dna063  Platform: Linux  PlatformVersion: 5.14.0-427.37.1.el9_4.x86_64  CompilerName: GCC  CompilerVersion: 8.4.0
ProgramName: mri_segstats  ProgramArguments: mri_segstats -all-info  ProgramVersion: 7.3.2  TimeStamp: 2026/03/10-06:16:58-GMT  BuildTime: Aug  4 2022 06:17:15  BuildStamp: freesurfer-linux-ubuntu22_x86_64-7.3.2-20220804-6354275  User: oesteban  Machine: dna063  Platform: Linux  PlatformVersion: 5.14.0-427.37.1.el9_4.x86_64  CompilerName: GCC  CompilerVersion: 8.4.0
ProgramName: mris_euler_number  ProgramArguments: mris_euler_number -all-info  ProgramVersion: 7.3.2  TimeStamp: 2026/03/10-06:16:58-GMT  BuildTime: Aug  4 2022 06:17:15  BuildStamp: freesurfer-linux-ubuntu22_x86_64-7.3.2-20220804-6354275  User: oesteban  Machine: dna063  Platform: Linux  PlatformVersion: 5.14.0-427.37.1.el9_4.x86_64  CompilerName: GCC  CompilerVersion: 8.4.0
ProgramName: mris_fix_topology  ProgramArguments: mris_fix_topology -all-info  ProgramVersion: 7.3.2  TimeStamp: 2026/03/10-06:16:58-GMT  BuildTime: Aug  4 2022 06:17:15  BuildStamp: freesurfer-linux-ubuntu22_x86_64-7.3.2-20220804-6354275  User: oesteban  Machine: dna063  Platform: Linux  PlatformVersion: 5.14.0-427.37.1.el9_4.x86_64  CompilerName: GCC  CompilerVersion: 8.4.0
ProgramName: mris_topo_fixer  ProgramArguments: mris_topo_fixer -all-info  ProgramVersion: 7.3.2  TimeStamp: 2026/03/10-06:16:58-GMT  BuildTime: Aug  4 2022 06:17:15  BuildStamp: freesurfer-linux-ubuntu22_x86_64-7.3.2-20220804-6354275  User: oesteban  Machine: dna063  Platform: Linux  PlatformVersion: 5.14.0-427.37.1.el9_4.x86_64  CompilerName: GCC  CompilerVersion: 8.4.0
ProgramName: mris_jacobian  ProgramArguments: mris_jacobian -all-info  ProgramVersion: 7.3.2  TimeStamp: 2026/03/10-06:16:58-GMT  BuildTime: Aug  4 2022 06:17:15  BuildStamp: freesurfer-linux-ubuntu22_x86_64-7.3.2-20220804-6354275  User: oesteban  Machine: dna063  Platform: Linux  PlatformVersion: 5.14.0-427.37.1.el9_4.x86_64  CompilerName: GCC  CompilerVersion: 8.4.0
ProgramName: mris_label2annot  ProgramArguments: mris_label2annot -all-info  ProgramVersion: 7.3.2  TimeStamp: 2026/03/10-06:16:58-GMT  BuildTime: Aug  4 2022 06:17:15  BuildStamp: freesurfer-linux-ubuntu22_x86_64-7.3.2-20220804-6354275  User: oesteban  Machine: dna063  Platform: Linux  PlatformVersion: 5.14.0-427.37.1.el9_4.x86_64  CompilerName: GCC  CompilerVersion: 8.4.0
ProgramName: mris_left_right_register  ProgramArguments: mris_left_right_register -all-info  ProgramVersion: 7.3.2  TimeStamp: 2026/03/10-06:16:58-GMT  BuildTime: Aug  4 2022 06:17:15  BuildStamp: freesurfer-linux-ubuntu22_x86_64-7.3.2-20220804-6354275  User: oesteban  Machine: dna063  Platform: Linux  PlatformVersion: 5.14.0-427.37.1.el9_4.x86_64  CompilerName: GCC  CompilerVersion: 8.4.0
ProgramName: mris_place_surface  ProgramArguments: mris_place_surface -all-info  ProgramVersion: 7.3.2  TimeStamp: 2026/03/10-06:16:58-GMT  BuildTime: Aug  4 2022 06:17:15  BuildStamp: freesurfer-linux-ubuntu22_x86_64-7.3.2-20220804-6354275  User: oesteban  Machine: dna063  Platform: Linux  PlatformVersion: 5.14.0-427.37.1.el9_4.x86_64  CompilerName: GCC  CompilerVersion: 8.4.0
ProgramName: mrisp_paint  ProgramArguments: mrisp_paint -all-info  ProgramVersion: 7.3.2  TimeStamp: 2026/03/10-06:16:58-GMT  BuildTime: Aug  4 2022 06:17:15  BuildStamp: freesurfer-linux-ubuntu22_x86_64-7.3.2-20220804-6354275  User: oesteban  Machine: dna063  Platform: Linux  PlatformVersion: 5.14.0-427.37.1.el9_4.x86_64  CompilerName: GCC  CompilerVersion: 8.4.0
ProgramName: mris_register  ProgramArguments: mris_register -all-info  ProgramVersion: 7.3.2  TimeStamp: 2026/03/10-06:16:58-GMT  BuildTime: Aug  4 2022 06:17:15  BuildStamp: freesurfer-linux-ubuntu22_x86_64-7.3.2-20220804-6354275  User: oesteban  Machine: dna063  Platform: Linux  PlatformVersion: 5.14.0-427.37.1.el9_4.x86_64  CompilerName: GCC  CompilerVersion: 8.4.0
ProgramName: mris_smooth  ProgramArguments: mris_smooth -all-info  ProgramVersion: 7.3.2  TimeStamp: 2026/03/10-06:16:58-GMT  BuildTime: Aug  4 2022 06:17:15  BuildStamp: freesurfer-linux-ubuntu22_x86_64-7.3.2-20220804-6354275  User: oesteban  Machine: dna063  Platform: Linux  PlatformVersion: 5.14.0-427.37.1.el9_4.x86_64  CompilerName: GCC  CompilerVersion: 8.4.0
ProgramName: mris_sphere  ProgramArguments: mris_sphere -all-info  ProgramVersion: 7.3.2  TimeStamp: 2026/03/10-06:16:58-GMT  BuildTime: Aug  4 2022 06:17:15  BuildStamp: freesurfer-linux-ubuntu22_x86_64-7.3.2-20220804-6354275  User: oesteban  Machine: dna063  Platform: Linux  PlatformVersion: 5.14.0-427.37.1.el9_4.x86_64  CompilerName: GCC  CompilerVersion: 8.4.0
ProgramName: mris_surface_stats  ProgramArguments: mris_surface_stats -all-info  ProgramVersion: 7.3.2  TimeStamp: 2026/03/10-06:16:58-GMT  BuildTime: Aug  4 2022 06:17:15  BuildStamp: freesurfer-linux-ubuntu22_x86_64-7.3.2-20220804-6354275  User: oesteban  Machine: dna063  Platform: Linux  PlatformVersion: 5.14.0-427.37.1.el9_4.x86_64  CompilerName: GCC  CompilerVersion: 8.4.0
ProgramName: mri_stats2seg  ProgramArguments: mri_stats2seg -all-info  ProgramVersion: 7.3.2  TimeStamp: 2026/03/10-06:16:58-GMT  BuildTime: Aug  4 2022 06:17:15  BuildStamp: freesurfer-linux-ubuntu22_x86_64-7.3.2-20220804-6354275  User: oesteban  Machine: dna063  Platform: Linux  PlatformVersion: 5.14.0-427.37.1.el9_4.x86_64  CompilerName: GCC  CompilerVersion: 8.4.0
ProgramName: mris_thickness  ProgramArguments: mris_thickness -all-info  ProgramVersion: 7.3.2  TimeStamp: 2026/03/10-06:16:58-GMT  BuildTime: Aug  4 2022 06:17:15  BuildStamp: freesurfer-linux-ubuntu22_x86_64-7.3.2-20220804-6354275  User: oesteban  Machine: dna063  Platform: Linux  PlatformVersion: 5.14.0-427.37.1.el9_4.x86_64  CompilerName: GCC  CompilerVersion: 8.4.0
ProgramName: mris_thickness_diff  ProgramArguments: mris_thickness_diff -all-info  ProgramVersion: 7.3.2  TimeStamp: 2026/03/10-06:16:58-GMT  BuildTime: Aug  4 2022 06:17:15  BuildStamp: freesurfer-linux-ubuntu22_x86_64-7.3.2-20220804-6354275  User: oesteban  Machine: dna063  Platform: Linux  PlatformVersion: 5.14.0-427.37.1.el9_4.x86_64  CompilerName: GCC  CompilerVersion: 8.4.0
ProgramName: mris_topo_fixer  ProgramArguments: mris_topo_fixer -all-info  ProgramVersion: 7.3.2  TimeStamp: 2026/03/10-06:16:58-GMT  BuildTime: Aug  4 2022 06:17:15  BuildStamp: freesurfer-linux-ubuntu22_x86_64-7.3.2-20220804-6354275  User: oesteban  Machine: dna063  Platform: Linux  PlatformVersion: 5.14.0-427.37.1.el9_4.x86_64  CompilerName: GCC  CompilerVersion: 8.4.0
ProgramName: mri_surf2surf  ProgramArguments: mri_surf2surf -all-info  ProgramVersion: 7.3.2  TimeStamp: 2026/03/10-06:16:58-GMT  BuildTime: Aug  4 2022 06:17:15  BuildStamp: freesurfer-linux-ubuntu22_x86_64-7.3.2-20220804-6354275  User: oesteban  Machine: dna063  Platform: Linux  PlatformVersion: 5.14.0-427.37.1.el9_4.x86_64  CompilerName: GCC  CompilerVersion: 8.4.0
ProgramName: mri_surf2vol  ProgramArguments: mri_surf2vol -all-info  ProgramVersion: 7.3.2  TimeStamp: 2026/03/10-06:16:58-GMT  BuildTime: Aug  4 2022 06:17:15  BuildStamp: freesurfer-linux-ubuntu22_x86_64-7.3.2-20220804-6354275  User: oesteban  Machine: dna063  Platform: Linux  PlatformVersion: 5.14.0-427.37.1.el9_4.x86_64  CompilerName: GCC  CompilerVersion: 8.4.0
ProgramName: mri_surfcluster  ProgramArguments: mri_surfcluster -all-info  ProgramVersion: 7.3.2  TimeStamp: 2026/03/10-06:16:58-GMT  BuildTime: Aug  4 2022 06:17:15  BuildStamp: freesurfer-linux-ubuntu22_x86_64-7.3.2-20220804-6354275  User: oesteban  Machine: dna063  Platform: Linux  PlatformVersion: 5.14.0-427.37.1.el9_4.x86_64  CompilerName: GCC  CompilerVersion: 8.4.0
ProgramName: mris_volmask  ProgramArguments: mris_volmask -all-info  ProgramVersion: 7.3.2  TimeStamp: 2026/03/10-06:16:58-GMT  BuildTime: Aug  4 2022 06:17:15  BuildStamp: freesurfer-linux-ubuntu22_x86_64-7.3.2-20220804-6354275  User: oesteban  Machine: dna063  Platform: Linux  PlatformVersion: 5.14.0-427.37.1.el9_4.x86_64  CompilerName: GCC  CompilerVersion: 8.4.0
ProgramName: mri_tessellate  ProgramArguments: mri_tessellate -all-info  ProgramVersion: 7.3.2  TimeStamp: 2026/03/10-06:16:58-GMT  BuildTime: Aug  4 2022 06:17:15  BuildStamp: freesurfer-linux-ubuntu22_x86_64-7.3.2-20220804-6354275  User: oesteban  Machine: dna063  Platform: Linux  PlatformVersion: 5.14.0-427.37.1.el9_4.x86_64  CompilerName: GCC  CompilerVersion: 8.4.0
ProgramName: mri_vol2surf  ProgramArguments: mri_vol2surf -all-info  ProgramVersion: 7.3.2  TimeStamp: 2026/03/10-06:16:58-GMT  BuildTime: Aug  4 2022 06:17:15  BuildStamp: freesurfer-linux-ubuntu22_x86_64-7.3.2-20220804-6354275  User: oesteban  Machine: dna063  Platform: Linux  PlatformVersion: 5.14.0-427.37.1.el9_4.x86_64  CompilerName: GCC  CompilerVersion: 8.4.0
ProgramName: mri_vol2vol  ProgramArguments: mri_vol2vol -all-info  ProgramVersion: 7.3.2  TimeStamp: 2026/03/10-06:16:58-GMT  BuildTime: Aug  4 2022 06:17:15  BuildStamp: freesurfer-linux-ubuntu22_x86_64-7.3.2-20220804-6354275  User: oesteban  Machine: dna063  Platform: Linux  PlatformVersion: 5.14.0-427.37.1.el9_4.x86_64  CompilerName: GCC  CompilerVersion: 8.4.0
ProgramName: mri_voldiff  ProgramArguments: mri_voldiff -all-info  ProgramVersion: 7.3.2  TimeStamp: 2026/03/10-06:16:58-GMT  BuildTime: Aug  4 2022 06:17:15  BuildStamp: freesurfer-linux-ubuntu22_x86_64-7.3.2-20220804-6354275  User: oesteban  Machine: dna063  Platform: Linux  PlatformVersion: 5.14.0-427.37.1.el9_4.x86_64  CompilerName: GCC  CompilerVersion: 8.4.0
ProgramName: mri_watershed  ProgramArguments: mri_watershed -all-info  ProgramVersion: 7.3.2  TimeStamp: 2026/03/10-06:16:58-GMT  BuildTime: Aug  4 2022 06:17:15  BuildStamp: freesurfer-linux-ubuntu22_x86_64-7.3.2-20220804-6354275  User: oesteban  Machine: dna063  Platform: Linux  PlatformVersion: 5.14.0-427.37.1.el9_4.x86_64  CompilerName: GCC  CompilerVersion: 8.4.0
ProgramName: tkregister2  ProgramArguments: tkregister2_cmdl -all-info  ProgramVersion: 7.3.2  TimeStamp: 2026/03/10-06:16:58-GMT  BuildTime: Aug  4 2022 06:17:15  BuildStamp: freesurfer-linux-ubuntu22_x86_64-7.3.2-20220804-6354275  User: oesteban  Machine: dna063  Platform: Linux  PlatformVersion: 5.14.0-427.37.1.el9_4.x86_64  CompilerName: GCC  CompilerVersion: 8.4.0
mri_motion_correct.fsl 7.3.2
mri_convert -all-info 
ProgramName: mri_convert  ProgramArguments: mri_convert -all-info  ProgramVersion: 7.3.2  TimeStamp: 2026/03/10-06:16:58-GMT  BuildTime: Aug  4 2022 06:17:15  BuildStamp: freesurfer-linux-ubuntu22_x86_64-7.3.2-20220804-6354275  User: oesteban  Machine: dna063  Platform: Linux  PlatformVersion: 5.14.0-427.37.1.el9_4.x86_64  CompilerName: GCC  CompilerVersion: 8.4.0
Program nu_correct, built from:
Package MNI N3, version 1.12.0, compiled by nicks@terrier (x86_64-unknown-linux-gnu) on 2015-06-19 at 01:25:34
#######################################
GCADIR /opt/freesurfer/average
GCA RB_all_2020-01-02.gca
GCASkull RB_all_withskull_2020_01_02.gca
AvgCurvTif folding.atlas.acfb40.noaparc.i12.2016-08-02.tif
GCSDIR /opt/freesurfer/average
GCS DKaparc.atlas.acfb40.noaparc.i12.2016-08-02.gcs
#######################################
#--------------------------------------
#@# CA Normalize Tue Mar 10 07:16:58 CET 2026
/out/sourcedata/freesurfer/sub-v1s8x0051346_ses-1/mri

 mri_ca_normalize -c ctrl_pts.mgz -mask brainmask.mgz nu.mgz /opt/freesurfer/average/RB_all_2020-01-02.gca transforms/talairach.lta norm.mgz 

writing control point volume to ctrl_pts.mgz
using MR volume brainmask.mgz to mask input volume...
reading 1 input volume
reading atlas from '/opt/freesurfer/average/RB_all_2020-01-02.gca'...
reading transform from 'transforms/talairach.lta'...
reading input volume from nu.mgz...
resetting wm mean[0]: 98 --> 107
resetting gm mean[0]: 61 --> 61
input volume #1 is the most T1-like
using real data threshold=28.1
skull bounding box = (65, 37, 32) --> (189, 163, 196)
finding center of left hemi white matter
using (106, 79, 114) as brain centroid of Right_Cerebral_White_Matter...
mean wm in atlas = 107, using box (91,64,94) --> (121, 94,134) to find MRI wm
before smoothing, mri peak at 105
robust fit to distribution - 106 +- 4.1
after smoothing, mri peak at 106, scaling input intensities by 1.009
scaling channel 0 by 1.00943
using 246437 sample points...
INFO: compute sample coordinates transform
 1.08494  -0.06268  -0.02553  -2.43437;
 0.06207   1.13508   0.29564  -26.80702;
 0.00935  -0.25294   0.97859   21.07811;
 0.00000   0.00000   0.00000   1.00000;
INFO: transform used
finding control points in Left_Cerebral_White_Matter....
found 40230 control points for structure...
bounding box (126, 36, 34) --> (188, 138, 196)
Left_Cerebral_White_Matter: limiting intensities to 99.0 --> 132.0
1 of 4967 (0.0%) samples deleted
finding control points in Right_Cerebral_White_Matter....
found 39478 control points for structure...
bounding box (66, 36, 34) --> (128, 134, 197)
Right_Cerebral_White_Matter: limiting intensities to 98.0 --> 132.0
0 of 5802 (0.0%) samples deleted
finding control points in Left_Cerebellum_White_Matter....
found 3105 control points for structure...
bounding box (129, 113, 62) --> (175, 152, 115)
Left_Cerebellum_White_Matter: limiting intensities to 114.0 --> 132.0
21 of 70 (30.0%) samples deleted
finding control points in Right_Cerebellum_White_Matter....
found 2710 control points for structure...
bounding box (88, 113, 60) --> (128, 153, 117)
Right_Cerebellum_White_Matter: limiting intensities to 110.0 --> 132.0
9 of 30 (30.0%) samples deleted
finding control points in Brain_Stem....
found 3475 control points for structure...
bounding box (113, 103, 98) --> (145, 163, 127)
Brain_Stem: limiting intensities to 116.0 --> 132.0
122 of 143 (85.3%) samples deleted
using 11012 total control points for intensity normalization...
bias field = 0.960 +- 0.042
93 of 10859 control points discarded
finding control points in Left_Cerebral_White_Matter....
found 40230 control points for structure...
bounding box (126, 36, 34) --> (188, 138, 196)
Left_Cerebral_White_Matter: limiting intensities to 94.0 --> 132.0
0 of 5567 (0.0%) samples deleted
finding control points in Right_Cerebral_White_Matter....
found 39478 control points for structure...
bounding box (66, 36, 34) --> (128, 134, 197)
Right_Cerebral_White_Matter: limiting intensities to 92.0 --> 132.0
2 of 6378 (0.0%) samples deleted
finding control points in Left_Cerebellum_White_Matter....
found 3105 control points for structure...
bounding box (129, 113, 62) --> (175, 152, 115)
Left_Cerebellum_White_Matter: limiting intensities to 107.0 --> 132.0
60 of 101 (59.4%) samples deleted
finding control points in Right_Cerebellum_White_Matter....
found 2710 control points for structure...
bounding box (88, 113, 60) --> (128, 153, 117)
Right_Cerebellum_White_Matter: limiting intensities to 101.0 --> 132.0
25 of 81 (30.9%) samples deleted
finding control points in Brain_Stem....
found 3475 control points for structure...
bounding box (113, 103, 98) --> (145, 163, 127)
Brain_Stem: limiting intensities to 106.0 --> 132.0
200 of 240 (83.3%) samples deleted
using 12367 total control points for intensity normalization...
bias field = 1.012 +- 0.045
135 of 11960 control points discarded
finding control points in Left_Cerebral_White_Matter....
found 40230 control points for structure...
bounding box (126, 36, 34) --> (188, 138, 196)
Left_Cerebral_White_Matter: limiting intensities to 93.0 --> 132.0
7 of 5533 (0.1%) samples deleted
finding control points in Right_Cerebral_White_Matter....
found 39478 control points for structure...
bounding box (66, 36, 34) --> (128, 134, 197)
Right_Cerebral_White_Matter: limiting intensities to 91.0 --> 132.0
10 of 6446 (0.2%) samples deleted
finding control points in Left_Cerebellum_White_Matter....
found 3105 control points for structure...
bounding box (129, 113, 62) --> (175, 152, 115)
Left_Cerebellum_White_Matter: limiting intensities to 100.0 --> 132.0
75 of 169 (44.4%) samples deleted
finding control points in Right_Cerebellum_White_Matter....
found 2710 control points for structure...
bounding box (88, 113, 60) --> (128, 153, 117)
Right_Cerebellum_White_Matter: limiting intensities to 88.0 --> 132.0
11 of 142 (7.7%) samples deleted
finding control points in Brain_Stem....
found 3475 control points for structure...
bounding box (113, 103, 98) --> (145, 163, 127)
Brain_Stem: limiting intensities to 88.0 --> 132.0
39 of 381 (10.2%) samples deleted
using 12671 total control points for intensity normalization...
bias field = 1.009 +- 0.049
129 of 12343 control points discarded
writing normalized volume to norm.mgz...
writing control points to ctrl_pts.mgz
freeing GCA...done.
normalization took 1 minutes and 24 seconds.
#--------------------------------------
#@# CA Reg Tue Mar 10 07:18:21 CET 2026
/out/sourcedata/freesurfer/sub-v1s8x0051346_ses-1/mri

 mri_ca_register -nobigventricles -T transforms/talairach.lta -align-after -mask brainmask.mgz norm.mgz /opt/freesurfer/average/RB_all_2020-01-02.gca transforms/talairach.m3z 

not handling expanded ventricles...
using previously computed transform transforms/talairach.lta
renormalizing sequences with structure alignment, equivalent to:
	-renormalize
	-regularize_mean 0.500
	-regularize 0.500
using MR volume brainmask.mgz to mask input volume...

== Number of threads available to mri_ca_register for OpenMP = 16 == 
reading 1 input volumes...
logging results to talairach.log
reading input volume 'norm.mgz'...
reading GCA '/opt/freesurfer/average/RB_all_2020-01-02.gca'...
label assignment complete, 0 changed (0.00%)
freeing gibbs priors...done.
average std[0] = 5.0
Starting GCAMregister()
label assignment complete, 0 changed (0.00%)
npasses = 1, nlevels = 6
#pass# 1 of 1 ************************
enabling zero nodes
setting smoothness cost coefficient to 0.156

#GCAMreg# pass 0 level1 5 level2 0 tsec 0 sigma 2
l_jacobian=1.00 l_label=1.00 l_log_likelihood=0.20 l_smoothness=0.16 
tol=2.50e-01, dt=5.00e-02, exp_k=20.0, momentum=0.90, levels=6, niter=500, lbl_dist=10.00, avgs=256, sigma=2.0,type=2, relabel=0, neg=no

blurring input image with Gaussian with sigma=2.000...
GCAMRegisterLevel(): init RMS 0.772187
#FOTS# QuadFit found better minimum quadopt=(dt=167.809,rms=0.732782) vs oldopt=(dt=92.48,rms=0.741197)
#GCMRL#    0 dt 167.809019 rms  0.733  5.103% neg 0  invalid 762 tFOTS 4.4940 tGradient 3.0290 tsec 7.8490
#FOTS# QuadFit found better minimum quadopt=(dt=147.505,rms=0.723716) vs oldopt=(dt=92.48,rms=0.725227)
#GCMRL#    1 dt 147.504762 rms  0.724  1.237% neg 0  invalid 762 tFOTS 4.2190 tGradient 2.8220 tsec 7.3570
#FOTS# QuadFit found better minimum quadopt=(dt=221.952,rms=0.717774) vs oldopt=(dt=369.92,rms=0.718934)
#GCMRL#    2 dt 221.952000 rms  0.718  0.821% neg 0  invalid 762 tFOTS 3.8160 tGradient 2.7570 tsec 6.8760
#FOTS# QuadFit found better minimum quadopt=(dt=139.907,rms=0.714229) vs oldopt=(dt=92.48,rms=0.714836)
#GCMRL#    3 dt 139.906977 rms  0.714  0.494% neg 0  invalid 762 tFOTS 4.7860 tGradient 2.6810 tsec 7.8060
#FOTS# QuadFit found better minimum quadopt=(dt=295.936,rms=0.710814) vs oldopt=(dt=369.92,rms=0.711052)
#GCMRL#    4 dt 295.936000 rms  0.711  0.478% neg 0  invalid 762 tFOTS 4.0340 tGradient 3.2280 tsec 7.5690
#FOTS# QuadFit found better minimum quadopt=(dt=129.472,rms=0.708267) vs oldopt=(dt=92.48,rms=0.708456)
#GCMRL#    5 dt 129.472000 rms  0.708  0.358% neg 0  invalid 762 tFOTS 4.1310 tGradient 2.6840 tsec 7.1050
#FOTS# QuadFit found better minimum quadopt=(dt=221.952,rms=0.706432) vs oldopt=(dt=369.92,rms=0.706834)
#GCMRL#    6 dt 221.952000 rms  0.706  0.259% neg 0  invalid 762 tFOTS 3.9430 tGradient 2.8620 tsec 7.1410
#FOTS# QuadFit found better minimum quadopt=(dt=129.472,rms=0.705018) vs oldopt=(dt=92.48,rms=0.705235)
#GCMRL#    7 dt 129.472000 rms  0.705  0.000% neg 0  invalid 762 tFOTS 4.1280 tGradient 3.0010 tsec 7.4670
#GCMRL#    8 dt 129.472000 rms  0.704  0.134% neg 0  invalid 762 tFOTS 0.0000 tGradient 2.9750 tsec 3.2840
#GCMRL#    9 dt 129.472000 rms  0.703  0.220% neg 0  invalid 762 tFOTS 0.0000 tGradient 3.0660 tsec 3.3640
#GCMRL#   10 dt 129.472000 rms  0.700  0.308% neg 0  invalid 762 tFOTS 0.0000 tGradient 3.1130 tsec 3.4090
#GCMRL#   11 dt 129.472000 rms  0.698  0.298% neg 0  invalid 762 tFOTS 0.0000 tGradient 2.9100 tsec 3.2070
#GCMRL#   12 dt 129.472000 rms  0.696  0.288% neg 0  invalid 762 tFOTS 0.0000 tGradient 3.0600 tsec 3.3640
#GCMRL#   13 dt 129.472000 rms  0.694  0.259% neg 0  invalid 762 tFOTS 0.0000 tGradient 3.1550 tsec 3.4640
#GCMRL#   14 dt 129.472000 rms  0.693  0.197% neg 0  invalid 762 tFOTS 0.0000 tGradient 2.9980 tsec 3.3070
#GCMRL#   15 dt 129.472000 rms  0.692  0.159% neg 0  invalid 762 tFOTS 0.0000 tGradient 3.0310 tsec 3.3740
#GCMRL#   16 dt 129.472000 rms  0.691  0.128% neg 0  invalid 762 tFOTS 0.0000 tGradient 3.3180 tsec 3.6190
#GCMRL#   17 dt 129.472000 rms  0.690  0.122% neg 0  invalid 762 tFOTS 0.0000 tGradient 3.0820 tsec 3.3810
#GCMRL#   18 dt 129.472000 rms  0.689  0.119% neg 0  invalid 762 tFOTS 0.0000 tGradient 3.2060 tsec 3.5250
#FOTS# QuadFit found better minimum quadopt=(dt=295.936,rms=0.689109) vs oldopt=(dt=369.92,rms=0.68913)
#GCMRL#   19 dt 295.936000 rms  0.689  0.000% neg 0  invalid 762 tFOTS 4.4610 tGradient 3.0530 tsec 7.8490

#GCAMreg# pass 0 level1 5 level2 1 tsec 117.533 sigma 0.5
l_jacobian=1.00 l_label=1.00 l_log_likelihood=0.20 l_smoothness=0.16 
tol=2.50e-01, dt=5.00e-02, exp_k=20.0, momentum=0.90, levels=6, niter=500, lbl_dist=10.00, avgs=256, sigma=0.5,type=2, relabel=0, neg=no

blurring input image with Gaussian with sigma=0.500...
GCAMRegisterLevel(): init RMS 0.689588
#FOTS# QuadFit found better minimum quadopt=(dt=295.936,rms=0.684676) vs oldopt=(dt=369.92,rms=0.685164)
#GCMRL#   21 dt 295.936000 rms  0.685  0.712% neg 0  invalid 762 tFOTS 4.3620 tGradient 3.3260 tsec 8.0050
#GCMRL#   22 dt  92.480000 rms  0.684  0.000% neg 0  invalid 762 tFOTS 4.3710 tGradient 3.1070 tsec 7.8220
#GCMRL#   23 dt  92.480000 rms  0.684  0.032% neg 0  invalid 762 tFOTS 0.0000 tGradient 3.0670 tsec 3.3760
#GCMRL#   24 dt  92.480000 rms  0.684  0.032% neg 0  invalid 762 tFOTS 0.0000 tGradient 3.0400 tsec 3.3490
#GCMRL#   25 dt  92.480000 rms  0.683  0.058% neg 0  invalid 762 tFOTS 0.0000 tGradient 3.1450 tsec 3.4540
#GCMRL#   26 dt  92.480000 rms  0.682  0.105% neg 0  invalid 762 tFOTS 0.0000 tGradient 2.9580 tsec 3.2680
#GCMRL#   27 dt  92.480000 rms  0.682  0.140% neg 0  invalid 762 tFOTS 0.0000 tGradient 2.9600 tsec 3.2690
#GCMRL#   28 dt  92.480000 rms  0.681  0.141% neg 0  invalid 762 tFOTS 0.0000 tGradient 3.1140 tsec 3.4230
#GCMRL#   29 dt  92.480000 rms  0.680  0.118% neg 0  invalid 762 tFOTS 0.0000 tGradient 3.1130 tsec 3.4310
#GCMRL#   30 dt  92.480000 rms  0.679  0.101% neg 0  invalid 762 tFOTS 0.0000 tGradient 2.9280 tsec 3.2720
setting smoothness cost coefficient to 0.615

#GCAMreg# pass 0 level1 4 level2 0 tsec 0 sigma 2
l_jacobian=1.00 l_label=1.00 l_log_likelihood=0.20 l_smoothness=0.62 
tol=2.50e-01, dt=5.00e-02, exp_k=20.0, momentum=0.90, levels=6, niter=500, lbl_dist=10.00, avgs=64, sigma=2.0,type=2, relabel=0, neg=no

blurring input image with Gaussian with sigma=2.000...
GCAMRegisterLevel(): init RMS 0.688026
#FOTS# QuadFit found better minimum quadopt=(dt=36.288,rms=0.685914) vs oldopt=(dt=25.92,rms=0.686203)
#GCMRL#   32 dt  36.288000 rms  0.686  0.307% neg 0  invalid 762 tFOTS 4.6490 tGradient 2.4540 tsec 7.4230
#FOTS# QuadFit found better minimum quadopt=(dt=117.651,rms=0.682865) vs oldopt=(dt=103.68,rms=0.682887)
#GCMRL#   33 dt 117.651064 rms  0.683  0.444% neg 0  invalid 762 tFOTS 4.6110 tGradient 2.5830 tsec 7.5220
#FOTS# QuadFit found better minimum quadopt=(dt=331.776,rms=0.66663) vs oldopt=(dt=414.72,rms=0.666646)
#GCMRL#   34 dt 331.776000 rms  0.667  2.378% neg 0  invalid 762 tFOTS 4.1330 tGradient 2.4040 tsec 6.8640
#FOTS# QuadFit found better minimum quadopt=(dt=17.7021,rms=0.665849) vs oldopt=(dt=25.92,rms=0.665997)
#GCMRL#   35 dt  17.702128 rms  0.666  0.000% neg 0  invalid 762 tFOTS 4.7330 tGradient 2.3610 tsec 7.4960

#GCAMreg# pass 0 level1 4 level2 1 tsec 41.326 sigma 0.5
l_jacobian=1.00 l_label=1.00 l_log_likelihood=0.20 l_smoothness=0.62 
tol=2.50e-01, dt=5.00e-02, exp_k=20.0, momentum=0.90, levels=6, niter=500, lbl_dist=10.00, avgs=64, sigma=0.5,type=2, relabel=0, neg=no

blurring input image with Gaussian with sigma=0.500...
GCAMRegisterLevel(): init RMS 0.666245
#FOTS# QuadFit found better minimum quadopt=(dt=36.288,rms=0.665425) vs oldopt=(dt=25.92,rms=0.665464)
#GCMRL#   37 dt  36.288000 rms  0.665  0.123% neg 0  invalid 762 tFOTS 4.5020 tGradient 2.5630 tsec 7.4410
#FOTS# QuadFit found better minimum quadopt=(dt=36.288,rms=0.665228) vs oldopt=(dt=25.92,rms=0.665252)
#GCMRL#   38 dt  36.288000 rms  0.665  0.000% neg 0  invalid 762 tFOTS 4.6830 tGradient 2.7310 tsec 7.7620
#GCMRL#   39 dt  36.288000 rms  0.665  0.022% neg 0  invalid 762 tFOTS 0.0000 tGradient 2.0400 tsec 2.3450
#GCMRL#   40 dt  36.288000 rms  0.665  0.020% neg 0  invalid 762 tFOTS 0.0000 tGradient 2.1370 tsec 2.4480
#GCMRL#   41 dt  36.288000 rms  0.665  0.021% neg 0  invalid 762 tFOTS 0.0000 tGradient 2.0880 tsec 2.3980
#GCMRL#   42 dt  36.288000 rms  0.665  0.040% neg 0  invalid 762 tFOTS 0.0000 tGradient 2.0700 tsec 2.3790
#GCMRL#   43 dt  36.288000 rms  0.664  0.081% neg 0  invalid 762 tFOTS 0.0000 tGradient 2.3720 tsec 2.6790
#GCMRL#   44 dt  36.288000 rms  0.663  0.126% neg 0  invalid 762 tFOTS 0.0000 tGradient 2.2840 tsec 2.5970
#GCMRL#   45 dt  36.288000 rms  0.662  0.146% neg 0  invalid 762 tFOTS 0.0000 tGradient 2.3150 tsec 2.6210
#GCMRL#   46 dt  36.288000 rms  0.661  0.157% neg 0  invalid 762 tFOTS 0.0000 tGradient 2.2980 tsec 2.6030
#GCMRL#   47 dt  36.288000 rms  0.660  0.157% neg 0  invalid 762 tFOTS 0.0000 tGradient 2.3000 tsec 2.6100
#GCMRL#   48 dt  36.288000 rms  0.659  0.149% neg 0  invalid 762 tFOTS 0.0000 tGradient 2.2870 tsec 2.5940
#GCMRL#   49 dt  36.288000 rms  0.658  0.139% neg 0  invalid 762 tFOTS 0.0000 tGradient 2.2790 tsec 2.5870
#GCMRL#   50 dt  36.288000 rms  0.657  0.142% neg 0  invalid 762 tFOTS 0.0000 tGradient 2.3130 tsec 2.6230
#GCMRL#   51 dt  36.288000 rms  0.656  0.137% neg 0  invalid 762 tFOTS 0.0000 tGradient 2.2420 tsec 2.5510
#GCMRL#   52 dt  36.288000 rms  0.656  0.135% neg 0  invalid 762 tFOTS 0.0000 tGradient 2.2510 tsec 2.5570
#GCMRL#   53 dt  36.288000 rms  0.655  0.123% neg 0  invalid 762 tFOTS 0.0000 tGradient 2.3070 tsec 2.6120
#GCMRL#   54 dt  36.288000 rms  0.654  0.102% neg 0  invalid 762 tFOTS 0.0000 tGradient 2.4220 tsec 2.7610
#GCMRL#   55 dt   0.450000 rms  0.654  0.000% neg 0  invalid 762 tFOTS 4.4090 tGradient 2.2990 tsec 7.0550
setting smoothness cost coefficient to 2.353

#GCAMreg# pass 0 level1 3 level2 0 tsec 0 sigma 2
l_jacobian=1.00 l_label=1.00 l_log_likelihood=0.20 l_smoothness=2.35 
tol=2.50e-01, dt=5.00e-02, exp_k=20.0, momentum=0.90, levels=6, niter=500, lbl_dist=10.00, avgs=16, sigma=2.0,type=2, relabel=0, neg=no

blurring input image with Gaussian with sigma=2.000...
GCAMRegisterLevel(): init RMS 0.675543
#GCMRL#   57 dt   0.000000 rms  0.675  0.071% neg 0  invalid 762 tFOTS 3.8670 tGradient 1.8880 tsec 6.0790

#GCAMreg# pass 0 level1 3 level2 1 tsec 21.715 sigma 0.5
l_jacobian=1.00 l_label=1.00 l_log_likelihood=0.20 l_smoothness=2.35 
tol=2.50e-01, dt=5.00e-02, exp_k=20.0, momentum=0.90, levels=6, niter=500, lbl_dist=10.00, avgs=16, sigma=0.5,type=2, relabel=0, neg=no

blurring input image with Gaussian with sigma=0.500...
GCAMRegisterLevel(): init RMS 0.675543
#GCMRL#   59 dt   0.000000 rms  0.675  0.071% neg 0  invalid 762 tFOTS 3.8770 tGradient 1.8900 tsec 6.0880
setting smoothness cost coefficient to 8.000

#GCAMreg# pass 0 level1 2 level2 0 tsec 0 sigma 2
l_jacobian=1.00 l_label=1.00 l_log_likelihood=0.20 l_smoothness=8.00 
tol=2.50e-01, dt=5.00e-02, exp_k=20.0, momentum=0.90, levels=6, niter=500, lbl_dist=10.00, avgs=4, sigma=2.0,type=2, relabel=0, neg=no

blurring input image with Gaussian with sigma=2.000...
GCAMRegisterLevel(): init RMS 0.739711
#FOTS# QuadFit found better minimum quadopt=(dt=2.39448,rms=0.717266) vs oldopt=(dt=2.88,rms=0.718173)
#GCMRL#   61 dt   2.394481 rms  0.717  3.034% neg 0  invalid 762 tFOTS 4.4710 tGradient 1.9220 tsec 6.7220
#FOTS# QuadFit found better minimum quadopt=(dt=1.81481,rms=0.714718) vs oldopt=(dt=0.72,rms=0.715617)
#GCMRL#   62 dt   1.814815 rms  0.715  0.355% neg 0  invalid 762 tFOTS 4.2780 tGradient 1.5680 tsec 6.1640
#FOTS# QuadFit found better minimum quadopt=(dt=1.61111,rms=0.714017) vs oldopt=(dt=0.72,rms=0.71421)
#GCMRL#   63 dt   1.611111 rms  0.714  0.000% neg 0  invalid 762 tFOTS 4.1710 tGradient 1.6090 tsec 6.1340

#GCAMreg# pass 0 level1 2 level2 1 tsec 30.514 sigma 0.5
l_jacobian=1.00 l_label=1.00 l_log_likelihood=0.20 l_smoothness=8.00 
tol=2.50e-01, dt=5.00e-02, exp_k=20.0, momentum=0.90, levels=6, niter=500, lbl_dist=10.00, avgs=4, sigma=0.5,type=2, relabel=0, neg=no

blurring input image with Gaussian with sigma=0.500...
GCAMRegisterLevel(): init RMS 0.714479
#GCMRL#   65 dt   0.000000 rms  0.714  0.065% neg 0  invalid 762 tFOTS 4.1510 tGradient 1.6500 tsec 6.1200
setting smoothness cost coefficient to 20.000

#GCAMreg# pass 0 level1 1 level2 0 tsec 0 sigma 2
l_jacobian=1.00 l_label=1.00 l_log_likelihood=0.20 l_smoothness=20.00 
tol=2.50e-01, dt=5.00e-02, exp_k=20.0, momentum=0.90, levels=6, niter=500, lbl_dist=10.00, avgs=1, sigma=2.0,type=2, relabel=0, neg=no

blurring input image with Gaussian with sigma=2.000...
GCAMRegisterLevel(): init RMS 0.751804
#FOTS# QuadFit found better minimum quadopt=(dt=0.256,rms=0.750577) vs oldopt=(dt=0.32,rms=0.750604)
#GCMRL#   67 dt   0.256000 rms  0.751  0.163% neg 0  invalid 762 tFOTS 4.3950 tGradient 1.4420 tsec 6.1720
#FOTS# QuadFit found better minimum quadopt=(dt=1.02772,rms=0.746323) vs oldopt=(dt=1.28,rms=0.746429)
#GCMRL#   68 dt   1.027719 rms  0.746  0.567% neg 0  invalid 762 tFOTS 4.1690 tGradient 1.4960 tsec 5.9910
#GCMRL#   69 dt   0.320000 rms  0.745  0.000% neg 0  invalid 762 tFOTS 4.1430 tGradient 1.4730 tsec 5.9650
#GCMRL#   70 dt   0.320000 rms  0.743  0.305% neg 0  invalid 762 tFOTS 0.0000 tGradient 1.4670 tsec 1.7850
#GCMRL#   71 dt   0.320000 rms  0.741  0.253% neg 0  invalid 762 tFOTS 0.0000 tGradient 1.5820 tsec 1.9230
#GCMRL#   72 dt   0.320000 rms  0.740  0.117% neg 0  invalid 762 tFOTS 0.0000 tGradient 1.7490 tsec 2.0990
#GCMRL#   73 dt   0.320000 rms  0.739  0.093% neg 0  invalid 762 tFOTS 0.0000 tGradient 1.6740 tsec 2.0500
#FOTS# QuadFit found better minimum quadopt=(dt=0.448,rms=0.738023) vs oldopt=(dt=0.32,rms=0.738166)
#GCMRL#   74 dt   0.448000 rms  0.738  0.172% neg 0  invalid 762 tFOTS 4.5890 tGradient 1.5880 tsec 6.5210
#FOTS# QuadFit found better minimum quadopt=(dt=0.048,rms=0.737983) vs oldopt=(dt=0.08,rms=0.737991)
#GCMRL#   75 dt   0.048000 rms  0.738  0.000% neg 0  invalid 762 tFOTS 4.4510 tGradient 1.5360 tsec 6.3250

#GCAMreg# pass 0 level1 1 level2 1 tsec 50.283 sigma 0.5
l_jacobian=1.00 l_label=1.00 l_log_likelihood=0.20 l_smoothness=20.00 
tol=2.50e-01, dt=5.00e-02, exp_k=20.0, momentum=0.90, levels=6, niter=500, lbl_dist=10.00, avgs=1, sigma=0.5,type=2, relabel=0, neg=no

blurring input image with Gaussian with sigma=0.500...
GCAMRegisterLevel(): init RMS 0.738449
#FOTS# QuadFit found better minimum quadopt=(dt=0.096,rms=0.737912) vs oldopt=(dt=0.08,rms=0.737913)
#GCMRL#   77 dt   0.096000 rms  0.738  0.073% neg 0  invalid 762 tFOTS 3.9510 tGradient 1.4740 tsec 5.7470
#FOTS# QuadFit found better minimum quadopt=(dt=0.096,rms=0.737888) vs oldopt=(dt=0.08,rms=0.737889)
#GCMRL#   78 dt   0.096000 rms  0.738  0.000% neg 0  invalid 762 tFOTS 4.0190 tGradient 1.5330 tsec 5.8940
#GCMRL#   79 dt   0.096000 rms  0.738  0.004% neg 0  invalid 762 tFOTS 0.0000 tGradient 1.5120 tsec 1.8260
#GCMRL#   80 dt   0.096000 rms  0.738  0.007% neg 0  invalid 762 tFOTS 0.0000 tGradient 1.6870 tsec 1.9970
#GCMRL#   81 dt   0.096000 rms  0.738  0.010% neg 0  invalid 762 tFOTS 0.0000 tGradient 1.4760 tsec 1.7850
#GCMRL#   82 dt   0.096000 rms  0.738  0.015% neg 0  invalid 762 tFOTS 0.0000 tGradient 1.4640 tsec 1.7830
#GCMRL#   83 dt   0.096000 rms  0.737  0.020% neg 0  invalid 762 tFOTS 0.0000 tGradient 1.4490 tsec 1.7570
#GCMRL#   84 dt   0.096000 rms  0.737  0.021% neg 0  invalid 762 tFOTS 0.0000 tGradient 1.5780 tsec 1.8870
#GCMRL#   85 dt   0.096000 rms  0.737  0.015% neg 0  invalid 762 tFOTS 0.0000 tGradient 1.5420 tsec 1.9090
resetting metric properties...
setting smoothness cost coefficient to 40.000

#GCAMreg# pass 0 level1 0 level2 0 tsec 0 sigma 2
l_jacobian=1.00 l_label=1.00 l_log_likelihood=0.20 l_smoothness=40.00 
tol=2.50e-01, dt=5.00e-02, exp_k=20.0, momentum=0.90, levels=6, niter=500, lbl_dist=10.00, avgs=0, sigma=2.0,type=2, relabel=0, neg=no

blurring input image with Gaussian with sigma=2.000...
GCAMRegisterLevel(): init RMS 0.722545
#FOTS# QuadFit found better minimum quadopt=(dt=0.20464,rms=0.718043) vs oldopt=(dt=0.32,rms=0.718997)
#GCMRL#   87 dt   0.204640 rms  0.718  0.623% neg 0  invalid 762 tFOTS 4.4520 tGradient 1.0210 tsec 5.8160
#GCMRL#   88 dt   0.020000 rms  0.718  0.000% neg 0  invalid 762 tFOTS 4.4670 tGradient 0.9400 tsec 5.7760

#GCAMreg# pass 0 level1 0 level2 1 tsec 22.711 sigma 0.5
l_jacobian=1.00 l_label=1.00 l_log_likelihood=0.20 l_smoothness=40.00 
tol=2.50e-01, dt=5.00e-02, exp_k=20.0, momentum=0.90, levels=6, niter=500, lbl_dist=10.00, avgs=0, sigma=0.5,type=2, relabel=0, neg=no

blurring input image with Gaussian with sigma=0.500...
GCAMRegisterLevel(): init RMS 0.718325
#FOTS# QuadFit found better minimum quadopt=(dt=0.007,rms=0.717825) vs oldopt=(dt=0.005,rms=0.717828)
#GCMRL#   90 dt   0.007000 rms  0.718  0.070% neg 0  invalid 762 tFOTS 4.4890 tGradient 0.9890 tsec 5.8390
#FOTS# QuadFit found better minimum quadopt=(dt=0.00175,rms=0.717825) vs oldopt=(dt=0.00125,rms=0.717825)
GCAMregister done in 7.8682 min
Starting GCAmapRenormalizeWithAlignment() without scales
renormalizing by structure alignment....
renormalizing input #0
gca peak = 0.10253 (16)
mri peak = 0.24504 (27)
Left_Lateral_Ventricle (4): linear fit = 1.47 x + 0.0 (805 voxels, overlap=0.351)
Left_Lateral_Ventricle (4): linear fit = 1.47 x + 0.0 (805 voxels, peak = 23), gca=23.4
gca peak = 0.17690 (16)
mri peak = 0.19347 (26)
Right_Lateral_Ventricle (43): linear fit = 1.59 x + 0.0 (1290 voxels, overlap=0.217)
Right_Lateral_Ventricle (43): linear fit = 1.50 x + 0.0 (1290 voxels, peak = 25), gca=24.0
gca peak = 0.28275 (96)
mri peak = 0.13887 (100)
Right_Pallidum (52): linear fit = 1.04 x + 0.0 (906 voxels, overlap=0.897)
Right_Pallidum (52): linear fit = 1.04 x + 0.0 (906 voxels, peak = 100), gca=100.3
gca peak = 0.18948 (93)
mri peak = 0.13163 (101)
Left_Pallidum (13): linear fit = 1.05 x + 0.0 (742 voxels, overlap=0.872)
Left_Pallidum (13): linear fit = 1.05 x + 0.0 (742 voxels, peak = 98), gca=98.1
gca peak = 0.20755 (55)
mri peak = 0.10751 (71)
Right_Hippocampus (53): linear fit = 1.26 x + 0.0 (937 voxels, overlap=0.018)
Right_Hippocampus (53): linear fit = 1.26 x + 0.0 (937 voxels, peak = 70), gca=69.6
gca peak = 0.31831 (58)
mri peak = 0.11155 (74)
Left_Hippocampus (17): linear fit = 1.22 x + 0.0 (895 voxels, overlap=0.007)
Left_Hippocampus (17): linear fit = 1.22 x + 0.0 (895 voxels, peak = 70), gca=70.5
gca peak = 0.11957 (102)
mri peak = 0.10413 (100)
Right_Cerebral_White_Matter (41): linear fit = 1.03 x + 0.0 (59428 voxels, overlap=0.645)
Right_Cerebral_White_Matter (41): linear fit = 1.03 x + 0.0 (59428 voxels, peak = 106), gca=105.6
gca peak = 0.11429 (102)
mri peak = 0.11334 (107)
Left_Cerebral_White_Matter (2): linear fit = 1.04 x + 0.0 (60393 voxels, overlap=0.521)
Left_Cerebral_White_Matter (2): linear fit = 1.04 x + 0.0 (60393 voxels, peak = 107), gca=106.6
gca peak = 0.14521 (59)
mri peak = 0.04912 (72)
Left_Cerebral_Cortex (3): linear fit = 1.23 x + 0.0 (24418 voxels, overlap=0.013)
Left_Cerebral_Cortex (3): linear fit = 1.23 x + 0.0 (24418 voxels, peak = 72), gca=72.3
gca peak = 0.14336 (58)
mri peak = 0.04008 (72)
Right_Cerebral_Cortex (42): linear fit = 1.23 x + 0.0 (25180 voxels, overlap=0.072)
Right_Cerebral_Cortex (42): linear fit = 1.23 x + 0.0 (25180 voxels, peak = 71), gca=71.1
gca peak = 0.13305 (70)
mri peak = 0.14286 (83)
Right_Caudate (50): linear fit = 1.23 x + 0.0 (782 voxels, overlap=0.011)
Right_Caudate (50): linear fit = 1.23 x + 0.0 (782 voxels, peak = 86), gca=85.8
gca peak = 0.15761 (71)
mri peak = 0.10960 (83)
Left_Caudate (11): linear fit = 1.12 x + 0.0 (964 voxels, overlap=0.168)
Left_Caudate (11): linear fit = 1.12 x + 0.0 (964 voxels, peak = 80), gca=79.9
gca peak = 0.13537 (57)
mri peak = 0.06233 (75)
Left_Cerebellum_Cortex (8): linear fit = 1.35 x + 0.0 (27094 voxels, overlap=0.001)
Left_Cerebellum_Cortex (8): linear fit = 1.35 x + 0.0 (27094 voxels, peak = 77), gca=76.7
gca peak = 0.13487 (56)
mri peak = 0.06622 (73)
Right_Cerebellum_Cortex (47): linear fit = 1.33 x + 0.0 (29514 voxels, overlap=0.001)
Right_Cerebellum_Cortex (47): linear fit = 1.33 x + 0.0 (29514 voxels, peak = 74), gca=74.2
gca peak = 0.19040 (84)
mri peak = 0.06459 (92)
Left_Cerebellum_White_Matter (7): linear fit = 1.12 x + 0.0 (9145 voxels, overlap=0.306)
Left_Cerebellum_White_Matter (7): linear fit = 1.12 x + 0.0 (9145 voxels, peak = 94), gca=94.5
gca peak = 0.18871 (83)
mri peak = 0.07526 (92)
Right_Cerebellum_White_Matter (46): linear fit = 1.12 x + 0.0 (7929 voxels, overlap=0.194)
Right_Cerebellum_White_Matter (46): linear fit = 1.12 x + 0.0 (7929 voxels, peak = 93), gca=92.5
gca peak = 0.24248 (57)
mri peak = 0.15423 (74)
Left_Amygdala (18): linear fit = 1.27 x + 0.0 (400 voxels, overlap=0.053)
Left_Amygdala (18): linear fit = 1.27 x + 0.0 (400 voxels, peak = 73), gca=72.7
gca peak = 0.35833 (56)
mri peak = 0.12582 (73)
Right_Amygdala (54): linear fit = 1.27 x + 0.0 (456 voxels, overlap=0.033)
Right_Amygdala (54): linear fit = 1.27 x + 0.0 (456 voxels, peak = 71), gca=71.4
gca peak = 0.12897 (85)
mri peak = 0.07660 (93)
Left_Thalamus (10): linear fit = 1.07 x + 0.0 (5170 voxels, overlap=0.830)
Left_Thalamus (10): linear fit = 1.07 x + 0.0 (5170 voxels, peak = 91), gca=90.5
gca peak = 0.13127 (83)
mri peak = 0.07966 (88)
Right_Thalamus (49): linear fit = 1.08 x + 0.0 (4451 voxels, overlap=0.654)
Right_Thalamus (49): linear fit = 1.08 x + 0.0 (4451 voxels, peak = 89), gca=89.2
gca peak = 0.12974 (78)
mri peak = 0.07312 (91)
Left_Putamen (12): linear fit = 1.20 x + 0.0 (2201 voxels, overlap=0.080)
Left_Putamen (12): linear fit = 1.20 x + 0.0 (2201 voxels, peak = 93), gca=93.2
gca peak = 0.17796 (79)
mri peak = 0.10145 (91)
Right_Putamen (51): linear fit = 1.14 x + 0.0 (2342 voxels, overlap=0.058)
Right_Putamen (51): linear fit = 1.14 x + 0.0 (2342 voxels, peak = 90), gca=90.5
gca peak = 0.10999 (80)
mri peak = 0.10584 (89)
Brain_Stem (16): linear fit = 1.12 x + 0.0 (11508 voxels, overlap=0.209)
Brain_Stem (16): linear fit = 1.12 x + 0.0 (11508 voxels, peak = 89), gca=89.2
gca peak = 0.13215 (88)
mri peak = 0.12471 (94)
Right_VentralDC (60): linear fit = 1.09 x + 0.0 (1401 voxels, overlap=0.421)
Right_VentralDC (60): linear fit = 1.09 x + 0.0 (1401 voxels, peak = 95), gca=95.5
gca peak = 0.11941 (89)
mri peak = 0.16131 (94)
Left_VentralDC (28): linear fit = 1.09 x + 0.0 (1421 voxels, overlap=0.390)
Left_VentralDC (28): linear fit = 1.09 x + 0.0 (1421 voxels, peak = 97), gca=96.6
gca peak = 0.20775 (25)
mri peak = 0.19504 (29)
gca peak = 0.13297 (21)
mri peak = 0.14244 (26)
Fourth_Ventricle (15): linear fit = 1.41 x + 0.0 (185 voxels, overlap=0.407)
Fourth_Ventricle (15): linear fit = 1.41 x + 0.0 (185 voxels, peak = 30), gca=29.7
gca peak Unknown = 0.94777 ( 0)
gca peak Left_Inf_Lat_Vent = 0.19087 (28)
gca peak Third_Ventricle = 0.20775 (25)
gca peak CSF = 0.16821 (33)
gca peak Left_Accumbens_area = 0.32850 (63)
gca peak Left_undetermined = 0.98480 (28)
gca peak Left_vessel = 0.40887 (53)
gca peak Left_choroid_plexus = 0.10898 (46)
gca peak Right_Inf_Lat_Vent = 0.17798 (26)
gca peak Right_Accumbens_area = 0.30137 (64)
gca peak Right_vessel = 0.47828 (52)
gca peak Right_choroid_plexus = 0.11612 (45)
gca peak Fifth_Ventricle = 0.59466 (35)
gca peak WM_hypointensities = 0.10053 (78)
gca peak non_WM_hypointensities = 0.07253 (60)
gca peak Optic_Chiasm = 0.25330 (73)
not using caudate to estimate GM means
estimating mean gm scale to be 1.25 x + 0.0
estimating mean wm scale to be 1.04 x + 0.0
estimating mean csf scale to be 1.46 x + 0.0
saving intensity scales to talairach.label_intensities.txt
GCAmapRenormalizeWithAlignment() took 3.51473 min
noneg pre
Starting GCAMregister()
label assignment complete, 0 changed (0.00%)
npasses = 1, nlevels = 6
#pass# 1 of 1 ************************
enabling zero nodes
setting smoothness cost coefficient to 0.008

#GCAMreg# pass 0 level1 5 level2 0 tsec 0 sigma 2
l_jacobian=1.00 l_label=1.00 l_log_likelihood=0.20 l_smoothness=0.01 
tol=5.00e-02, dt=5.00e-02, exp_k=20.0, momentum=0.90, levels=6, niter=500, lbl_dist=10.00, avgs=256, sigma=2.0,type=2, relabel=0, neg=no

blurring input image with Gaussian with sigma=2.000...
GCAMRegisterLevel(): init RMS 0.706715
#FOTS# QuadFit found better minimum quadopt=(dt=152.076,rms=0.682808) vs oldopt=(dt=92.48,rms=0.68662)
#GCMRL#   92 dt 152.075614 rms  0.683  3.383% neg 0  invalid 762 tFOTS 4.4400 tGradient 2.3390 tsec 7.0980
#GCMRL#   93 dt 369.920000 rms  0.671  1.793% neg 0  invalid 762 tFOTS 4.0850 tGradient 2.4740 tsec 6.8800
#FOTS# QuadFit found better minimum quadopt=(dt=110.976,rms=0.66765) vs oldopt=(dt=92.48,rms=0.66776)
#GCMRL#   94 dt 110.976000 rms  0.668  0.435% neg 0  invalid 762 tFOTS 4.4110 tGradient 2.3650 tsec 7.0990
#FOTS# QuadFit found better minimum quadopt=(dt=517.888,rms=0.661356) vs oldopt=(dt=369.92,rms=0.66233)
#GCMRL#   95 dt 517.888000 rms  0.661  0.943% neg 0  invalid 762 tFOTS 4.1720 tGradient 2.3470 tsec 6.8380
#FOTS# QuadFit found better minimum quadopt=(dt=110.976,rms=0.659005) vs oldopt=(dt=92.48,rms=0.659043)
#GCMRL#   96 dt 110.976000 rms  0.659  0.355% neg 0  invalid 762 tFOTS 4.4690 tGradient 2.3640 tsec 7.1520
#FOTS# QuadFit found better minimum quadopt=(dt=443.904,rms=0.65606) vs oldopt=(dt=369.92,rms=0.656132)
#GCMRL#   97 dt 443.904000 rms  0.656  0.447% neg 0  invalid 762 tFOTS 4.2990 tGradient 2.3340 tsec 6.9440
#GCMRL#   98 dt  92.480000 rms  0.654  0.278% neg 0  invalid 762 tFOTS 4.5510 tGradient 2.4020 tsec 7.2680
#FOTS# QuadFit found better minimum quadopt=(dt=2071.55,rms=0.647037) vs oldopt=(dt=1479.68,rms=0.647709)
#GCMRL#   99 dt 2071.552000 rms  0.647  1.100% neg 0  invalid 762 tFOTS 4.2750 tGradient 2.3910 tsec 6.9840
#FOTS# QuadFit found better minimum quadopt=(dt=110.976,rms=0.644486) vs oldopt=(dt=92.48,rms=0.644565)
#GCMRL#  100 dt 110.976000 rms  0.644  0.394% neg 0  invalid 762 tFOTS 4.5330 tGradient 2.4370 tsec 7.2970
#FOTS# QuadFit found better minimum quadopt=(dt=221.952,rms=0.64346) vs oldopt=(dt=369.92,rms=0.643771)
#GCMRL#  101 dt 221.952000 rms  0.643  0.159% neg 0  invalid 762 tFOTS 4.4990 tGradient 2.2700 tsec 7.1030
#FOTS# QuadFit found better minimum quadopt=(dt=110.976,rms=0.643108) vs oldopt=(dt=92.48,rms=0.643113)
#GCMRL#  102 dt 110.976000 rms  0.643  0.055% neg 0  invalid 762 tFOTS 4.4830 tGradient 2.4050 tsec 7.2060
#FOTS# QuadFit found better minimum quadopt=(dt=517.888,rms=0.642154) vs oldopt=(dt=369.92,rms=0.642262)
#GCMRL#  103 dt 517.888000 rms  0.642  0.148% neg 0  invalid 762 tFOTS 4.6870 tGradient 2.6240 tsec 7.6110
#GCMRL#  104 dt  92.480000 rms  0.642  0.089% neg 0  invalid 762 tFOTS 3.9430 tGradient 2.3650 tsec 6.6030
#FOTS# QuadFit found better minimum quadopt=(dt=2071.55,rms=0.63862) vs oldopt=(dt=1479.68,rms=0.639034)
#GCMRL#  105 dt 2071.552000 rms  0.639  0.461% neg 0  invalid 762 tFOTS 4.3910 tGradient 2.3490 tsec 7.0460
#GCMRL#  106 dt  92.480000 rms  0.637  0.205% neg 0  invalid 762 tFOTS 4.5980 tGradient 2.4910 tsec 7.4130
#FOTS# QuadFit found better minimum quadopt=(dt=517.888,rms=0.636706) vs oldopt=(dt=369.92,rms=0.636804)
#GCMRL#  107 dt 517.888000 rms  0.637  0.095% neg 0  invalid 762 tFOTS 4.5510 tGradient 2.4000 tsec 7.2690
#FOTS# QuadFit found better minimum quadopt=(dt=129.472,rms=0.636346) vs oldopt=(dt=92.48,rms=0.636374)
#GCMRL#  108 dt 129.472000 rms  0.636  0.057% neg 0  invalid 762 tFOTS 4.3180 tGradient 2.4660 tsec 7.1080
#FOTS# QuadFit found better minimum quadopt=(dt=221.952,rms=0.636011) vs oldopt=(dt=369.92,rms=0.63607)
#GCMRL#  109 dt 221.952000 rms  0.636  0.053% neg 0  invalid 762 tFOTS 4.9160 tGradient 2.5570 tsec 7.8430
#FOTS# QuadFit found better minimum quadopt=(dt=129.472,rms=0.635784) vs oldopt=(dt=92.48,rms=0.635803)
#GCMRL#  110 dt 129.472000 rms  0.636  0.000% neg 0  invalid 762 tFOTS 5.0180 tGradient 2.5980 tsec 8.0240
#GCMRL#  111 dt 129.472000 rms  0.636  0.035% neg 0  invalid 762 tFOTS 0.0000 tGradient 2.6590 tsec 3.0240
#GCMRL#  112 dt 129.472000 rms  0.635  0.050% neg 0  invalid 762 tFOTS 0.0000 tGradient 2.6250 tsec 2.9990
#GCMRL#  113 dt 129.472000 rms  0.635  0.077% neg 0  invalid 762 tFOTS 0.0000 tGradient 2.7010 tsec 3.0720
#GCMRL#  114 dt 129.472000 rms  0.634  0.089% neg 0  invalid 762 tFOTS 0.0000 tGradient 2.7150 tsec 3.0890
#GCMRL#  115 dt 129.472000 rms  0.633  0.112% neg 0  invalid 762 tFOTS 0.0000 tGradient 2.6050 tsec 2.9860
#GCMRL#  116 dt 129.472000 rms  0.633  0.112% neg 0  invalid 762 tFOTS 0.0000 tGradient 2.9010 tsec 3.2420
#GCMRL#  117 dt 129.472000 rms  0.632  0.123% neg 0  invalid 762 tFOTS 0.0000 tGradient 2.5390 tsec 2.8770
#GCMRL#  118 dt 129.472000 rms  0.631  0.126% neg 0  invalid 762 tFOTS 0.0000 tGradient 2.4650 tsec 2.8040
#GCMRL#  119 dt 129.472000 rms  0.630  0.125% neg 0  invalid 762 tFOTS 0.0000 tGradient 2.4900 tsec 2.8450
#GCMRL#  120 dt 129.472000 rms  0.630  0.128% neg 0  invalid 762 tFOTS 0.0000 tGradient 2.4670 tsec 2.8080
#GCMRL#  121 dt 129.472000 rms  0.629  0.121% neg 0  invalid 762 tFOTS 0.0000 tGradient 2.5540 tsec 2.8940
#GCMRL#  122 dt 129.472000 rms  0.628  0.122% neg 0  invalid 762 tFOTS 0.0000 tGradient 2.5160 tsec 2.8520
#GCMRL#  123 dt 129.472000 rms  0.627  0.109% neg 0  invalid 762 tFOTS 0.0000 tGradient 2.5090 tsec 2.8350
#GCMRL#  124 dt 129.472000 rms  0.627  0.104% neg 0  invalid 762 tFOTS 0.0000 tGradient 2.5690 tsec 2.8940
#GCMRL#  125 dt 129.472000 rms  0.626  0.101% neg 0  invalid 762 tFOTS 0.0000 tGradient 2.5490 tsec 2.8750
#GCMRL#  126 dt 129.472000 rms  0.625  0.101% neg 0  invalid 762 tFOTS 0.0000 tGradient 2.5040 tsec 2.8700
#GCMRL#  127 dt 129.472000 rms  0.625  0.100% neg 0  invalid 762 tFOTS 0.0000 tGradient 2.5230 tsec 2.8430
#GCMRL#  128 dt 129.472000 rms  0.624  0.095% neg 0  invalid 762 tFOTS 0.0000 tGradient 2.5500 tsec 2.8750
#GCMRL#  129 dt 129.472000 rms  0.624  0.095% neg 0  invalid 762 tFOTS 0.0000 tGradient 2.5890 tsec 2.9070
#GCMRL#  130 dt 129.472000 rms  0.623  0.090% neg 0  invalid 762 tFOTS 0.0000 tGradient 2.5250 tsec 2.9220
#GCMRL#  131 dt 129.472000 rms  0.623  0.087% neg 0  invalid 762 tFOTS 0.0000 tGradient 2.5690 tsec 2.8820
#GCMRL#  132 dt 129.472000 rms  0.622  0.078% neg 0  invalid 762 tFOTS 0.0000 tGradient 2.5810 tsec 2.9000
#GCMRL#  133 dt 129.472000 rms  0.622  0.077% neg 0  invalid 762 tFOTS 0.0000 tGradient 2.4270 tsec 2.7390
#GCMRL#  134 dt 129.472000 rms  0.621  0.075% neg 0  invalid 762 tFOTS 0.0000 tGradient 2.7500 tsec 3.1170
#GCMRL#  135 dt 129.472000 rms  0.621  0.073% neg 0  invalid 762 tFOTS 0.0000 tGradient 2.4840 tsec 2.7960
#GCMRL#  136 dt 129.472000 rms  0.620  0.073% neg 0  invalid 762 tFOTS 0.0000 tGradient 2.5050 tsec 2.8120
#GCMRL#  137 dt 129.472000 rms  0.620  0.067% neg 0  invalid 762 tFOTS 0.0000 tGradient 2.5800 tsec 2.8950
#GCMRL#  138 dt 129.472000 rms  0.619  0.062% neg 0  invalid 762 tFOTS 0.0000 tGradient 2.7070 tsec 3.0170
#GCMRL#  139 dt 129.472000 rms  0.619  0.059% neg 0  invalid 762 tFOTS 0.0000 tGradient 2.7190 tsec 3.0290
#GCMRL#  140 dt 129.472000 rms  0.619  0.058% neg 0  invalid 762 tFOTS 0.0000 tGradient 2.5810 tsec 2.8930
#GCMRL#  141 dt 129.472000 rms  0.618  0.061% neg 0  invalid 762 tFOTS 0.0000 tGradient 2.6240 tsec 2.9390
#GCMRL#  142 dt 129.472000 rms  0.618  0.054% neg 0  invalid 762 tFOTS 0.0000 tGradient 2.6350 tsec 2.9470
#GCMRL#  143 dt 129.472000 rms  0.618  0.050% neg 0  invalid 762 tFOTS 0.0000 tGradient 2.5860 tsec 2.8970
#GCMRL#  144 dt 129.472000 rms  0.617  0.045% neg 0  invalid 762 tFOTS 0.0000 tGradient 2.5970 tsec 2.9060
#GCMRL#  145 dt 129.472000 rms  0.617  0.048% neg 0  invalid 762 tFOTS 0.0000 tGradient 2.6570 tsec 2.9660
#GCMRL#  146 dt 129.472000 rms  0.617  0.047% neg 0  invalid 762 tFOTS 0.0000 tGradient 2.8060 tsec 3.1640
#GCMRL#  147 dt 129.472000 rms  0.617  0.047% neg 0  invalid 762 tFOTS 0.0000 tGradient 2.5580 tsec 2.8680
#GCMRL#  148 dt 129.472000 rms  0.616  0.045% neg 0  invalid 762 tFOTS 0.0000 tGradient 2.5680 tsec 2.8630
#GCMRL#  149 dt 129.472000 rms  0.616  0.045% neg 0  invalid 762 tFOTS 0.0000 tGradient 2.5520 tsec 2.8450
#GCMRL#  150 dt 129.472000 rms  0.616  0.046% neg 0  invalid 762 tFOTS 0.0000 tGradient 2.4720 tsec 2.7800
#GCMRL#  151 dt 129.472000 rms  0.615  0.041% neg 0  invalid 762 tFOTS 0.0000 tGradient 2.4360 tsec 2.7450
#GCMRL#  152 dt 129.472000 rms  0.615  0.042% neg 0  invalid 762 tFOTS 0.0000 tGradient 2.5120 tsec 2.8160
#GCMRL#  153 dt 129.472000 rms  0.615  0.037% neg 0  invalid 762 tFOTS 0.0000 tGradient 2.4300 tsec 2.7480
#GCMRL#  154 dt 129.472000 rms  0.615  0.038% neg 0  invalid 762 tFOTS 0.0000 tGradient 2.4840 tsec 2.7910
#GCMRL#  155 dt 129.472000 rms  0.614  0.038% neg 0  invalid 762 tFOTS 0.0000 tGradient 2.4320 tsec 2.7350
#GCMRL#  156 dt 129.472000 rms  0.614  0.037% neg 0  invalid 762 tFOTS 0.0000 tGradient 2.5010 tsec 2.8080
#GCMRL#  157 dt 129.472000 rms  0.614  0.034% neg 0  invalid 762 tFOTS 0.0000 tGradient 2.5490 tsec 2.8480
#GCMRL#  158 dt 129.472000 rms  0.614  0.035% neg 0  invalid 762 tFOTS 0.0000 tGradient 2.3950 tsec 2.6880
#GCMRL#  159 dt 129.472000 rms  0.614  0.035% neg 0  invalid 762 tFOTS 0.0000 tGradient 2.3400 tsec 2.6460
#GCMRL#  160 dt 129.472000 rms  0.613  0.032% neg 0  invalid 762 tFOTS 0.0000 tGradient 2.3460 tsec 2.6490
#GCMRL#  161 dt 129.472000 rms  0.613  0.033% neg 0  invalid 762 tFOTS 0.0000 tGradient 2.3670 tsec 2.6680
#GCMRL#  162 dt 129.472000 rms  0.613  0.032% neg 0  invalid 762 tFOTS 0.0000 tGradient 2.3480 tsec 2.6470
#GCMRL#  163 dt 129.472000 rms  0.613  0.031% neg 0  invalid 762 tFOTS 0.0000 tGradient 2.3180 tsec 2.6230
#GCMRL#  164 dt 129.472000 rms  0.613  0.031% neg 0  invalid 762 tFOTS 0.0000 tGradient 2.6700 tsec 3.0180
#GCMRL#  165 dt 129.472000 rms  0.612  0.030% neg 0  invalid 762 tFOTS 0.0000 tGradient 2.7970 tsec 3.1050
#GCMRL#  166 dt 129.472000 rms  0.612  0.028% neg 0  invalid 762 tFOTS 0.0000 tGradient 2.4060 tsec 2.7180
#GCMRL#  167 dt 129.472000 rms  0.612  0.024% neg 0  invalid 762 tFOTS 0.0000 tGradient 2.3950 tsec 2.7360
#GCMRL#  168 dt 129.472000 rms  0.612  0.026% neg 0  invalid 762 tFOTS 0.0000 tGradient 2.3360 tsec 2.6420
#GCMRL#  169 dt 129.472000 rms  0.612  0.026% neg 0  invalid 762 tFOTS 0.0000 tGradient 2.4150 tsec 2.7240
#GCMRL#  170 dt 129.472000 rms  0.612  0.026% neg 0  invalid 762 tFOTS 0.0000 tGradient 2.4090 tsec 2.7180
#GCMRL#  171 dt 129.472000 rms  0.612  0.023% neg 0  invalid 762 tFOTS 0.0000 tGradient 2.4890 tsec 2.8060
#GCMRL#  172 dt 129.472000 rms  0.611  0.024% neg 0  invalid 762 tFOTS 0.0000 tGradient 2.5040 tsec 2.7930
#GCMRL#  173 dt 129.472000 rms  0.611  0.025% neg 0  invalid 762 tFOTS 0.0000 tGradient 2.3350 tsec 2.6250
#GCMRL#  174 dt 129.472000 rms  0.611  0.025% neg 0  invalid 762 tFOTS 0.0000 tGradient 2.4000 tsec 2.6900
#GCMRL#  175 dt 129.472000 rms  0.611  0.022% neg 0  invalid 762 tFOTS 0.0000 tGradient 2.3740 tsec 2.6610
#GCMRL#  176 dt 129.472000 rms  0.611  0.022% neg 0  invalid 762 tFOTS 0.0000 tGradient 2.4770 tsec 2.8060
#GCMRL#  177 dt 129.472000 rms  0.611  0.023% neg 0  invalid 762 tFOTS 0.0000 tGradient 2.5290 tsec 2.8740
#GCMRL#  178 dt 129.472000 rms  0.611  0.023% neg 0  invalid 762 tFOTS 0.0000 tGradient 2.5370 tsec 2.8760
#FOTS# QuadFit found better minimum quadopt=(dt=1775.62,rms=0.610493) vs oldopt=(dt=1479.68,rms=0.610493)
#GCMRL#  179 dt 1775.616000 rms  0.610  0.000% neg 0  invalid 762 tFOTS 4.6100 tGradient 2.4380 tsec 7.3820

#GCAMreg# pass 0 level1 5 level2 1 tsec 350.75 sigma 0.5
l_jacobian=1.00 l_label=1.00 l_log_likelihood=0.20 l_smoothness=0.01 
tol=5.00e-02, dt=5.00e-02, exp_k=20.0, momentum=0.90, levels=6, niter=500, lbl_dist=10.00, avgs=256, sigma=0.5,type=2, relabel=0, neg=no

blurring input image with Gaussian with sigma=0.500...
GCAMRegisterLevel(): init RMS 0.61085
#FOTS# QuadFit found better minimum quadopt=(dt=443.904,rms=0.608872) vs oldopt=(dt=369.92,rms=0.608929)
#GCMRL#  181 dt 443.904000 rms  0.609  0.324% neg 0  invalid 762 tFOTS 4.8680 tGradient 2.4720 tsec 7.7020
#FOTS# QuadFit found better minimum quadopt=(dt=73.984,rms=0.60869) vs oldopt=(dt=92.48,rms=0.608691)
#GCMRL#  182 dt  73.984000 rms  0.609  0.000% neg 0  invalid 762 tFOTS 4.9400 tGradient 2.6300 tsec 7.9730
#GCMRL#  183 dt  73.984000 rms  0.609  0.009% neg 0  invalid 762 tFOTS 0.0000 tGradient 2.8450 tsec 3.2170
setting smoothness cost coefficient to 0.031

#GCAMreg# pass 0 level1 4 level2 0 tsec 0 sigma 2
l_jacobian=1.00 l_label=1.00 l_log_likelihood=0.20 l_smoothness=0.03 
tol=5.00e-02, dt=5.00e-02, exp_k=20.0, momentum=0.90, levels=6, niter=500, lbl_dist=10.00, avgs=64, sigma=2.0,type=2, relabel=0, neg=no

blurring input image with Gaussian with sigma=2.000...
GCAMRegisterLevel(): init RMS 0.610808
#FOTS# QuadFit found better minimum quadopt=(dt=145.152,rms=0.607373) vs oldopt=(dt=103.68,rms=0.607777)
#GCMRL#  185 dt 145.152000 rms  0.607  0.562% neg 0  invalid 762 tFOTS 4.6710 tGradient 2.2790 tsec 7.3240
#FOTS# QuadFit found better minimum quadopt=(dt=273.86,rms=0.598977) vs oldopt=(dt=103.68,rms=0.601812)
#GCMRL#  186 dt 273.860465 rms  0.599  1.382% neg 0  invalid 762 tFOTS 5.2860 tGradient 2.1980 tsec 7.8680
#FOTS# QuadFit found better minimum quadopt=(dt=56.186,rms=0.595207) vs oldopt=(dt=25.92,rms=0.59605)
#GCMRL#  187 dt  56.186047 rms  0.595  0.629% neg 0  invalid 762 tFOTS 4.9980 tGradient 2.2270 tsec 7.6000
#FOTS# QuadFit found better minimum quadopt=(dt=145.152,rms=0.593112) vs oldopt=(dt=103.68,rms=0.593527)
#GCMRL#  188 dt 145.152000 rms  0.593  0.352% neg 0  invalid 762 tFOTS 4.8890 tGradient 2.1830 tsec 7.4000
#FOTS# QuadFit found better minimum quadopt=(dt=145.152,rms=0.589739) vs oldopt=(dt=103.68,rms=0.59037)
#GCMRL#  189 dt 145.152000 rms  0.590  0.569% neg 0  invalid 762 tFOTS 4.4000 tGradient 1.9200 tsec 6.6280
#FOTS# QuadFit found better minimum quadopt=(dt=73.8462,rms=0.588418) vs oldopt=(dt=103.68,rms=0.588601)
#GCMRL#  190 dt  73.846154 rms  0.588  0.224% neg 0  invalid 762 tFOTS 4.6260 tGradient 1.8880 tsec 6.8350
#FOTS# QuadFit found better minimum quadopt=(dt=145.152,rms=0.586691) vs oldopt=(dt=103.68,rms=0.58691)
#GCMRL#  191 dt 145.152000 rms  0.587  0.293% neg 0  invalid 762 tFOTS 4.3170 tGradient 1.9310 tsec 6.5690
#FOTS# QuadFit found better minimum quadopt=(dt=77.0909,rms=0.585038) vs oldopt=(dt=103.68,rms=0.585231)
#GCMRL#  192 dt  77.090909 rms  0.585  0.282% neg 0  invalid 762 tFOTS 4.8130 tGradient 1.9750 tsec 7.1140
#GCMRL#  193 dt 103.680000 rms  0.584  0.184% neg 0  invalid 762 tFOTS 4.5020 tGradient 2.1820 tsec 7.0170
#FOTS# QuadFit found better minimum quadopt=(dt=91.8974,rms=0.582546) vs oldopt=(dt=103.68,rms=0.582572)
#GCMRL#  194 dt  91.897436 rms  0.583  0.243% neg 0  invalid 762 tFOTS 5.0020 tGradient 2.0280 tsec 7.3780
#FOTS# QuadFit found better minimum quadopt=(dt=76.8,rms=0.581655) vs oldopt=(dt=103.68,rms=0.581752)
#GCMRL#  195 dt  76.800000 rms  0.582  0.153% neg 0  invalid 762 tFOTS 5.0840 tGradient 2.1270 tsec 7.5640
#FOTS# QuadFit found better minimum quadopt=(dt=145.152,rms=0.58024) vs oldopt=(dt=103.68,rms=0.580358)
#GCMRL#  196 dt 145.152000 rms  0.580  0.243% neg 0  invalid 762 tFOTS 4.6040 tGradient 1.9770 tsec 7.1090
#FOTS# QuadFit found better minimum quadopt=(dt=36.288,rms=0.579427) vs oldopt=(dt=25.92,rms=0.579583)
#GCMRL#  197 dt  36.288000 rms  0.579  0.140% neg 0  invalid 762 tFOTS 4.2340 tGradient 1.9850 tsec 6.5470
#FOTS# QuadFit found better minimum quadopt=(dt=331.776,rms=0.577474) vs oldopt=(dt=414.72,rms=0.577487)
#GCMRL#  198 dt 331.776000 rms  0.577  0.337% neg 0  invalid 762 tFOTS 4.6920 tGradient 1.9720 tsec 7.0640
#FOTS# QuadFit found better minimum quadopt=(dt=36.288,rms=0.575883) vs oldopt=(dt=25.92,rms=0.57619)
#GCMRL#  199 dt  36.288000 rms  0.576  0.276% neg 0  invalid 762 tFOTS 4.6000 tGradient 1.8720 tsec 6.8480
#FOTS# QuadFit found better minimum quadopt=(dt=145.152,rms=0.574713) vs oldopt=(dt=103.68,rms=0.574938)
#GCMRL#  200 dt 145.152000 rms  0.575  0.203% neg 0  invalid 762 tFOTS 4.6050 tGradient 1.9720 tsec 6.9520
#FOTS# QuadFit found better minimum quadopt=(dt=82.944,rms=0.574066) vs oldopt=(dt=103.68,rms=0.574141)
#GCMRL#  201 dt  82.944000 rms  0.574  0.112% neg 0  invalid 762 tFOTS 4.4520 tGradient 1.9420 tsec 6.7250
#GCMRL#  202 dt 103.680000 rms  0.573  0.146% neg 0  invalid 762 tFOTS 4.5730 tGradient 2.0330 tsec 6.9320
#FOTS# QuadFit found better minimum quadopt=(dt=62.208,rms=0.572646) vs oldopt=(dt=103.68,rms=0.572789)
#GCMRL#  203 dt  62.208000 rms  0.573  0.101% neg 0  invalid 762 tFOTS 4.4150 tGradient 1.9650 tsec 6.7550
#FOTS# QuadFit found better minimum quadopt=(dt=248.832,rms=0.571406) vs oldopt=(dt=414.72,rms=0.571799)
#GCMRL#  204 dt 248.832000 rms  0.571  0.217% neg 0  invalid 762 tFOTS 4.4280 tGradient 1.9790 tsec 6.7340
#FOTS# QuadFit found better minimum quadopt=(dt=36.288,rms=0.570578) vs oldopt=(dt=25.92,rms=0.570717)
#GCMRL#  205 dt  36.288000 rms  0.571  0.145% neg 0  invalid 762 tFOTS 4.5370 tGradient 2.0880 tsec 6.9510
#FOTS# QuadFit found better minimum quadopt=(dt=145.152,rms=0.569826) vs oldopt=(dt=103.68,rms=0.569979)
#GCMRL#  206 dt 145.152000 rms  0.570  0.132% neg 0  invalid 762 tFOTS 4.4290 tGradient 1.9760 tsec 6.7310
#FOTS# QuadFit found better minimum quadopt=(dt=82.944,rms=0.569211) vs oldopt=(dt=103.68,rms=0.569217)
#GCMRL#  207 dt  82.944000 rms  0.569  0.108% neg 0  invalid 762 tFOTS 4.4030 tGradient 1.9190 tsec 6.6510
#FOTS# QuadFit found better minimum quadopt=(dt=82.944,rms=0.568783) vs oldopt=(dt=103.68,rms=0.568832)
#GCMRL#  208 dt  82.944000 rms  0.569  0.075% neg 0  invalid 762 tFOTS 4.4300 tGradient 1.9160 tsec 6.6790
#GCMRL#  209 dt 103.680000 rms  0.568  0.098% neg 0  invalid 762 tFOTS 4.4620 tGradient 1.9200 tsec 6.7180
#FOTS# QuadFit found better minimum quadopt=(dt=36.288,rms=0.567832) vs oldopt=(dt=25.92,rms=0.567909)
#GCMRL#  210 dt  36.288000 rms  0.568  0.070% neg 0  invalid 762 tFOTS 4.3990 tGradient 1.8780 tsec 6.6130
#FOTS# QuadFit found better minimum quadopt=(dt=580.608,rms=0.565711) vs oldopt=(dt=414.72,rms=0.566085)
#GCMRL#  211 dt 580.608000 rms  0.566  0.374% neg 0  invalid 762 tFOTS 4.4530 tGradient 1.9890 tsec 6.8400
#FOTS# QuadFit found better minimum quadopt=(dt=36.288,rms=0.564652) vs oldopt=(dt=25.92,rms=0.564828)
#GCMRL#  212 dt  36.288000 rms  0.565  0.187% neg 0  invalid 762 tFOTS 4.3230 tGradient 1.9330 tsec 6.5860
#FOTS# QuadFit found better minimum quadopt=(dt=331.776,rms=0.563808) vs oldopt=(dt=414.72,rms=0.563883)
#GCMRL#  213 dt 331.776000 rms  0.564  0.150% neg 0  invalid 762 tFOTS 4.2370 tGradient 1.9800 tsec 6.5360
#FOTS# QuadFit found better minimum quadopt=(dt=36.288,rms=0.563053) vs oldopt=(dt=25.92,rms=0.563176)
#GCMRL#  214 dt  36.288000 rms  0.563  0.134% neg 0  invalid 762 tFOTS 4.1910 tGradient 2.0800 tsec 6.5950
#FOTS# QuadFit found better minimum quadopt=(dt=145.152,rms=0.562584) vs oldopt=(dt=103.68,rms=0.562662)
#GCMRL#  215 dt 145.152000 rms  0.563  0.083% neg 0  invalid 762 tFOTS 4.0280 tGradient 2.1670 tsec 6.5050
#FOTS# QuadFit found better minimum quadopt=(dt=82.944,rms=0.562218) vs oldopt=(dt=103.68,rms=0.562257)
#GCMRL#  216 dt  82.944000 rms  0.562  0.065% neg 0  invalid 762 tFOTS 4.1890 tGradient 1.8670 tsec 6.3530
#FOTS# QuadFit found better minimum quadopt=(dt=82.944,rms=0.561912) vs oldopt=(dt=103.68,rms=0.561942)
#GCMRL#  217 dt  82.944000 rms  0.562  0.055% neg 0  invalid 762 tFOTS 4.1840 tGradient 1.8600 tsec 6.3550
#FOTS# QuadFit found better minimum quadopt=(dt=82.944,rms=0.561566) vs oldopt=(dt=103.68,rms=0.56157)
#GCMRL#  218 dt  82.944000 rms  0.562  0.062% neg 0  invalid 762 tFOTS 4.0280 tGradient 2.0000 tsec 6.3190
#FOTS# QuadFit found better minimum quadopt=(dt=62.208,rms=0.561313) vs oldopt=(dt=103.68,rms=0.561356)
#GCMRL#  219 dt  62.208000 rms  0.561  0.000% neg 0  invalid 762 tFOTS 4.0870 tGradient 2.0090 tsec 6.4190
#GCMRL#  220 dt  62.208000 rms  0.561  0.043% neg 0  invalid 762 tFOTS 0.0000 tGradient 1.8580 tsec 2.1540
#GCMRL#  221 dt  62.208000 rms  0.561  0.075% neg 0  invalid 762 tFOTS 0.0000 tGradient 1.8740 tsec 2.1800
#GCMRL#  222 dt  62.208000 rms  0.560  0.105% neg 0  invalid 762 tFOTS 0.0000 tGradient 1.9010 tsec 2.2100
#GCMRL#  223 dt  62.208000 rms  0.559  0.119% neg 0  invalid 762 tFOTS 0.0000 tGradient 1.9170 tsec 2.2530
#GCMRL#  224 dt  62.208000 rms  0.559  0.151% neg 0  invalid 762 tFOTS 0.0000 tGradient 1.9410 tsec 2.2480
#GCMRL#  225 dt  62.208000 rms  0.558  0.163% neg 0  invalid 762 tFOTS 0.0000 tGradient 1.8700 tsec 2.1850
#GCMRL#  226 dt  62.208000 rms  0.557  0.177% neg 0  invalid 762 tFOTS 0.0000 tGradient 1.8840 tsec 2.1900
#GCMRL#  227 dt  62.208000 rms  0.556  0.184% neg 0  invalid 762 tFOTS 0.0000 tGradient 1.8870 tsec 2.2160
#GCMRL#  228 dt  62.208000 rms  0.555  0.191% neg 0  invalid 762 tFOTS 0.0000 tGradient 1.8880 tsec 2.1820
#GCMRL#  229 dt  62.208000 rms  0.553  0.197% neg 0  invalid 762 tFOTS 0.0000 tGradient 2.0630 tsec 2.3920
#GCMRL#  230 dt  62.208000 rms  0.552  0.189% neg 0  invalid 762 tFOTS 0.0000 tGradient 1.9380 tsec 2.2320
#GCMRL#  231 dt  62.208000 rms  0.551  0.188% neg 0  invalid 762 tFOTS 0.0000 tGradient 1.9410 tsec 2.2300
#GCMRL#  232 dt  62.208000 rms  0.550  0.180% neg 0  invalid 762 tFOTS 0.0000 tGradient 1.9090 tsec 2.2080
#GCMRL#  233 dt  62.208000 rms  0.549  0.174% neg 0  invalid 762 tFOTS 0.0000 tGradient 2.1750 tsec 2.5190
#GCMRL#  234 dt  62.208000 rms  0.548  0.171% neg 0  invalid 762 tFOTS 0.0000 tGradient 1.9730 tsec 2.2660
#GCMRL#  235 dt  62.208000 rms  0.548  0.161% neg 0  invalid 762 tFOTS 0.0000 tGradient 1.9080 tsec 2.2040
#GCMRL#  236 dt  62.208000 rms  0.547  0.142% neg 0  invalid 762 tFOTS 0.0000 tGradient 1.9000 tsec 2.1870
#GCMRL#  237 dt  62.208000 rms  0.546  0.144% neg 0  invalid 762 tFOTS 0.0000 tGradient 2.1590 tsec 2.5320
#GCMRL#  238 dt  62.208000 rms  0.545  0.140% neg 0  invalid 762 tFOTS 0.0000 tGradient 1.8820 tsec 2.2050
#GCMRL#  239 dt  62.208000 rms  0.545  0.137% neg 0  invalid 762 tFOTS 0.0000 tGradient 1.8730 tsec 2.1810
#GCMRL#  240 dt  62.208000 rms  0.544  0.128% neg 0  invalid 762 tFOTS 0.0000 tGradient 1.8730 tsec 2.1800
#GCMRL#  241 dt  62.208000 rms  0.544  0.020% neg 0  invalid 762 tFOTS 0.0000 tGradient 1.9710 tsec 2.4680
#GCMRL#  242 dt  62.208000 rms  0.544  0.025% neg 0  invalid 762 tFOTS 0.0000 tGradient 1.9470 tsec 2.2520
#GCMRL#  243 dt  62.208000 rms  0.543  0.028% neg 0  invalid 762 tFOTS 0.0000 tGradient 1.9900 tsec 2.3360
#GCMRL#  244 dt  62.208000 rms  0.543  0.036% neg 0  invalid 762 tFOTS 0.0000 tGradient 1.9510 tsec 2.2580
#GCMRL#  245 dt  62.208000 rms  0.543  0.049% neg 0  invalid 762 tFOTS 0.0000 tGradient 1.9440 tsec 2.2560
#GCMRL#  246 dt  62.208000 rms  0.543  0.058% neg 0  invalid 762 tFOTS 0.0000 tGradient 1.9460 tsec 2.2560
#GCMRL#  247 dt  62.208000 rms  0.542  0.059% neg 0  invalid 762 tFOTS 0.0000 tGradient 2.0360 tsec 2.3380
#GCMRL#  248 dt  62.208000 rms  0.542  0.058% neg 0  invalid 762 tFOTS 0.0000 tGradient 1.9380 tsec 2.2420
#GCMRL#  249 dt  62.208000 rms  0.542  0.065% neg 0  invalid 762 tFOTS 0.0000 tGradient 2.1950 tsec 2.5440
#GCMRL#  250 dt  62.208000 rms  0.541  0.078% neg 0  invalid 762 tFOTS 0.0000 tGradient 2.0140 tsec 2.3210
#GCMRL#  251 dt  62.208000 rms  0.541  0.072% neg 0  invalid 762 tFOTS 0.0000 tGradient 1.8740 tsec 2.1830
#GCMRL#  252 dt  62.208000 rms  0.541  0.065% neg 0  invalid 762 tFOTS 0.0000 tGradient 1.9580 tsec 2.2730
#GCMRL#  253 dt  62.208000 rms  0.540  0.064% neg 0  invalid 762 tFOTS 0.0000 tGradient 1.9520 tsec 2.2730
#GCMRL#  254 dt  62.208000 rms  0.540  0.072% neg 0  invalid 762 tFOTS 0.0000 tGradient 2.0030 tsec 2.3120
#GCMRL#  255 dt  62.208000 rms  0.539  0.079% neg 0  invalid 762 tFOTS 0.0000 tGradient 1.9590 tsec 2.3000
#GCMRL#  256 dt  62.208000 rms  0.539  0.079% neg 0  invalid 762 tFOTS 0.0000 tGradient 1.9190 tsec 2.2210
#GCMRL#  257 dt  62.208000 rms  0.539  0.074% neg 0  invalid 762 tFOTS 0.0000 tGradient 1.9650 tsec 2.2700
#GCMRL#  258 dt  62.208000 rms  0.538  0.069% neg 0  invalid 762 tFOTS 0.0000 tGradient 1.9050 tsec 2.2080
#GCMRL#  259 dt  62.208000 rms  0.538  0.073% neg 0  invalid 762 tFOTS 0.0000 tGradient 1.9840 tsec 2.2850
#GCMRL#  260 dt  62.208000 rms  0.537  0.080% neg 0  invalid 762 tFOTS 0.0000 tGradient 1.9070 tsec 2.2070
#GCMRL#  261 dt  62.208000 rms  0.537  0.072% neg 0  invalid 762 tFOTS 0.0000 tGradient 1.8040 tsec 2.1120
#GCMRL#  262 dt  62.208000 rms  0.537  0.067% neg 0  invalid 762 tFOTS 0.0000 tGradient 1.8630 tsec 2.1620
#GCMRL#  263 dt  62.208000 rms  0.536  0.068% neg 0  invalid 762 tFOTS 0.0000 tGradient 1.8040 tsec 2.1130
#GCMRL#  264 dt  62.208000 rms  0.536  0.074% neg 0  invalid 762 tFOTS 0.0000 tGradient 1.7860 tsec 2.0870
#GCMRL#  265 dt  62.208000 rms  0.535  0.067% neg 0  invalid 762 tFOTS 0.0000 tGradient 1.7910 tsec 2.1030
#GCMRL#  266 dt  62.208000 rms  0.535  0.058% neg 0  invalid 762 tFOTS 0.0000 tGradient 1.8470 tsec 2.1520
#GCMRL#  267 dt  62.208000 rms  0.535  0.057% neg 0  invalid 762 tFOTS 0.0000 tGradient 1.8320 tsec 2.1390
#GCMRL#  268 dt  62.208000 rms  0.535  0.064% neg 0  invalid 762 tFOTS 0.0000 tGradient 1.8620 tsec 2.2090
#GCMRL#  269 dt  62.208000 rms  0.534  0.065% neg 0  invalid 762 tFOTS 0.0000 tGradient 1.8380 tsec 2.2210
#GCMRL#  270 dt  62.208000 rms  0.534  0.057% neg 0  invalid 762 tFOTS 0.0000 tGradient 1.8380 tsec 2.1890
#GCMRL#  271 dt  62.208000 rms  0.534  0.054% neg 0  invalid 762 tFOTS 0.0000 tGradient 1.9500 tsec 2.2660
#GCMRL#  272 dt  62.208000 rms  0.533  0.051% neg 0  invalid 762 tFOTS 0.0000 tGradient 1.8890 tsec 2.2040
#GCMRL#  273 dt  62.208000 rms  0.533  0.053% neg 0  invalid 762 tFOTS 0.0000 tGradient 1.8470 tsec 2.1630
#GCMRL#  274 dt  62.208000 rms  0.533  0.052% neg 0  invalid 762 tFOTS 0.0000 tGradient 1.8540 tsec 2.1680
#GCMRL#  275 dt  62.208000 rms  0.532  0.048% neg 0  invalid 762 tFOTS 0.0000 tGradient 1.8320 tsec 2.1490
#GCMRL#  276 dt  62.208000 rms  0.532  0.044% neg 0  invalid 762 tFOTS 0.0000 tGradient 1.8270 tsec 2.1450
#GCMRL#  277 dt  62.208000 rms  0.532  0.040% neg 0  invalid 762 tFOTS 0.0000 tGradient 1.8510 tsec 2.1640
#GCMRL#  278 dt  62.208000 rms  0.532  0.048% neg 0  invalid 762 tFOTS 0.0000 tGradient 1.8990 tsec 2.2180
#GCMRL#  279 dt  62.208000 rms  0.532  0.045% neg 0  invalid 762 tFOTS 0.0000 tGradient 2.0080 tsec 2.3240
#GCMRL#  280 dt  62.208000 rms  0.531  0.038% neg 0  invalid 762 tFOTS 0.0000 tGradient 1.9370 tsec 2.2470
#GCMRL#  281 dt  62.208000 rms  0.531  0.034% neg 0  invalid 762 tFOTS 0.0000 tGradient 1.9130 tsec 2.2260
#GCMRL#  282 dt  62.208000 rms  0.531  0.034% neg 0  invalid 762 tFOTS 0.0000 tGradient 2.0640 tsec 2.3800
#GCMRL#  283 dt  62.208000 rms  0.531  0.040% neg 0  invalid 762 tFOTS 0.0000 tGradient 2.0580 tsec 2.4500
#GCMRL#  284 dt  62.208000 rms  0.531  0.037% neg 0  invalid 762 tFOTS 0.0000 tGradient 2.2170 tsec 2.5480
#GCMRL#  285 dt  62.208000 rms  0.530  0.035% neg 0  invalid 762 tFOTS 0.0000 tGradient 1.8310 tsec 2.1590
#GCMRL#  286 dt  62.208000 rms  0.530  0.031% neg 0  invalid 762 tFOTS 0.0000 tGradient 1.8670 tsec 2.1900
#GCMRL#  287 dt  62.208000 rms  0.530  0.030% neg 0  invalid 762 tFOTS 0.0000 tGradient 1.8540 tsec 2.1800
#GCMRL#  288 dt  62.208000 rms  0.530  0.031% neg 0  invalid 762 tFOTS 0.0000 tGradient 1.8740 tsec 2.1940
#GCMRL#  289 dt  62.208000 rms  0.530  0.035% neg 0  invalid 762 tFOTS 0.0000 tGradient 2.1370 tsec 2.5310
#GCMRL#  290 dt  62.208000 rms  0.530  0.037% neg 0  invalid 762 tFOTS 0.0000 tGradient 2.0920 tsec 2.4140
#GCMRL#  291 dt  62.208000 rms  0.529  0.030% neg 0  invalid 762 tFOTS 0.0000 tGradient 1.9010 tsec 2.2240
#GCMRL#  292 dt  62.208000 rms  0.529  0.028% neg 0  invalid 762 tFOTS 0.0000 tGradient 1.8930 tsec 2.2100
#GCMRL#  293 dt  62.208000 rms  0.529  0.022% neg 0  invalid 762 tFOTS 0.0000 tGradient 1.9720 tsec 2.2930
#GCMRL#  294 dt  62.208000 rms  0.529  0.025% neg 0  invalid 762 tFOTS 0.0000 tGradient 1.9360 tsec 2.2590
#GCMRL#  295 dt  62.208000 rms  0.529  0.031% neg 0  invalid 762 tFOTS 0.0000 tGradient 1.9340 tsec 2.2530
#GCMRL#  296 dt  62.208000 rms  0.529  0.030% neg 0  invalid 762 tFOTS 0.0000 tGradient 1.8980 tsec 2.2270
#GCMRL#  297 dt  62.208000 rms  0.528  0.024% neg 0  invalid 762 tFOTS 0.0000 tGradient 1.9580 tsec 2.2810
#GCMRL#  298 dt  62.208000 rms  0.528  0.024% neg 0  invalid 762 tFOTS 0.0000 tGradient 1.9440 tsec 2.2970
#GCMRL#  299 dt 103.680000 rms  0.528  0.000% neg 0  invalid 762 tFOTS 4.6590 tGradient 1.8980 tsec 6.9060
#GCMRL#  300 dt 103.680000 rms  0.528  0.001% neg 0  invalid 762 tFOTS 0.0000 tGradient 1.9200 tsec 2.2330
#GCMRL#  301 dt 103.680000 rms  0.528  0.008% neg 0  invalid 762 tFOTS 0.0000 tGradient 1.9010 tsec 2.2250
#GCMRL#  302 dt 103.680000 rms  0.528  0.015% neg 0  invalid 762 tFOTS 0.0000 tGradient 1.8670 tsec 2.1880
#GCMRL#  303 dt 103.680000 rms  0.528  0.009% neg 0  invalid 762 tFOTS 0.0000 tGradient 1.9460 tsec 2.2630
#GCMRL#  304 dt 103.680000 rms  0.528  0.011% neg 0  invalid 762 tFOTS 0.0000 tGradient 1.9120 tsec 2.2310
#GCMRL#  305 dt 103.680000 rms  0.528  0.020% neg 0  invalid 762 tFOTS 0.0000 tGradient 1.9240 tsec 2.2510
#GCMRL#  306 dt 103.680000 rms  0.528  0.021% neg 0  invalid 762 tFOTS 0.0000 tGradient 1.9840 tsec 2.2990
#GCMRL#  307 dt 103.680000 rms  0.528  0.021% neg 0  invalid 762 tFOTS 0.0000 tGradient 1.9310 tsec 2.2430
#GCMRL#  308 dt 103.680000 rms  0.528  0.021% neg 0  invalid 762 tFOTS 0.0000 tGradient 1.9000 tsec 2.2240
#GCMRL#  309 dt 103.680000 rms  0.528  0.029% neg 0  invalid 762 tFOTS 0.0000 tGradient 1.9110 tsec 2.2110
#GCMRL#  310 dt 103.680000 rms  0.527  0.019% neg 0  invalid 762 tFOTS 0.0000 tGradient 1.9000 tsec 2.2210
#GCMRL#  311 dt 103.680000 rms  0.527  0.032% neg 0  invalid 762 tFOTS 0.0000 tGradient 1.9230 tsec 2.2270
#GCMRL#  312 dt 103.680000 rms  0.527  0.033% neg 0  invalid 762 tFOTS 0.0000 tGradient 1.8720 tsec 2.1730
#GCMRL#  313 dt 103.680000 rms  0.527  0.024% neg 0  invalid 762 tFOTS 0.0000 tGradient 1.9770 tsec 2.2920
#GCMRL#  314 dt 103.680000 rms  0.527  0.027% neg 0  invalid 762 tFOTS 0.0000 tGradient 1.9690 tsec 2.2760
#GCMRL#  315 dt 103.680000 rms  0.527  0.031% neg 0  invalid 762 tFOTS 0.0000 tGradient 1.9460 tsec 2.2560
#GCMRL#  316 dt 103.680000 rms  0.526  0.034% neg 0  invalid 762 tFOTS 0.0000 tGradient 1.9320 tsec 2.3180
#GCMRL#  317 dt 103.680000 rms  0.526  0.031% neg 0  invalid 762 tFOTS 0.0000 tGradient 1.9770 tsec 2.2870
#GCMRL#  318 dt 103.680000 rms  0.526  0.027% neg 0  invalid 762 tFOTS 0.0000 tGradient 1.9450 tsec 2.2540
#GCMRL#  319 dt 103.680000 rms  0.526  0.029% neg 0  invalid 762 tFOTS 0.0000 tGradient 1.9210 tsec 2.2340
#GCMRL#  320 dt 103.680000 rms  0.526  0.038% neg 0  invalid 762 tFOTS 0.0000 tGradient 1.9260 tsec 2.2560
#GCMRL#  321 dt 103.680000 rms  0.526  0.033% neg 0  invalid 762 tFOTS 0.0000 tGradient 2.0110 tsec 2.3060
#GCMRL#  322 dt 103.680000 rms  0.526  0.019% neg 0  invalid 762 tFOTS 0.0000 tGradient 1.8830 tsec 2.1950
#GCMRL#  323 dt 103.680000 rms  0.525  0.019% neg 0  invalid 762 tFOTS 0.0000 tGradient 1.8530 tsec 2.1690
#FOTS# QuadFit found better minimum quadopt=(dt=145.152,rms=0.525286) vs oldopt=(dt=103.68,rms=0.525317)
#GCMRL#  324 dt 145.152000 rms  0.525  0.031% neg 0  invalid 762 tFOTS 4.0950 tGradient 1.9150 tsec 6.3210

#GCAMreg# pass 0 level1 4 level2 1 tsec 500.795 sigma 0.5
l_jacobian=1.00 l_label=1.00 l_log_likelihood=0.20 l_smoothness=0.03 
tol=5.00e-02, dt=5.00e-02, exp_k=20.0, momentum=0.90, levels=6, niter=500, lbl_dist=10.00, avgs=64, sigma=0.5,type=2, relabel=0, neg=no

blurring input image with Gaussian with sigma=0.500...
GCAMRegisterLevel(): init RMS 0.525685
#FOTS# QuadFit found better minimum quadopt=(dt=145.152,rms=0.523483) vs oldopt=(dt=103.68,rms=0.523748)
#GCMRL#  326 dt 145.152000 rms  0.523  0.419% neg 0  invalid 762 tFOTS 4.0490 tGradient 1.9290 tsec 6.2810
#FOTS# QuadFit found better minimum quadopt=(dt=36.288,rms=0.523309) vs oldopt=(dt=25.92,rms=0.523332)
#GCMRL#  327 dt  36.288000 rms  0.523  0.000% neg 0  invalid 762 tFOTS 4.4140 tGradient 1.8770 tsec 6.6280
#GCMRL#  328 dt  36.288000 rms  0.523  0.020% neg 0  invalid 762 tFOTS 0.0000 tGradient 1.8160 tsec 2.1180
#GCMRL#  329 dt  36.288000 rms  0.523  0.030% neg 0  invalid 762 tFOTS 0.0000 tGradient 1.8720 tsec 2.1800
#GCMRL#  330 dt  36.288000 rms  0.523  0.042% neg 0  invalid 762 tFOTS 0.0000 tGradient 1.7960 tsec 2.1110
#GCMRL#  331 dt  36.288000 rms  0.523  0.061% neg 0  invalid 762 tFOTS 0.0000 tGradient 1.8970 tsec 2.2110
#GCMRL#  332 dt  36.288000 rms  0.522  0.069% neg 0  invalid 762 tFOTS 0.0000 tGradient 2.1430 tsec 2.4450
#GCMRL#  333 dt  36.288000 rms  0.522  0.067% neg 0  invalid 762 tFOTS 0.0000 tGradient 1.7910 tsec 2.0910
#GCMRL#  334 dt  36.288000 rms  0.521  0.060% neg 0  invalid 762 tFOTS 0.0000 tGradient 1.8120 tsec 2.1160
#GCMRL#  335 dt  36.288000 rms  0.521  0.053% neg 0  invalid 762 tFOTS 0.0000 tGradient 1.8670 tsec 2.1710
#GCMRL#  336 dt  36.288000 rms  0.521  0.041% neg 0  invalid 762 tFOTS 0.0000 tGradient 1.7570 tsec 2.0590
#GCMRL#  337 dt  36.288000 rms  0.521  0.038% neg 0  invalid 762 tFOTS 0.0000 tGradient 1.8320 tsec 2.1300
#GCMRL#  338 dt  36.288000 rms  0.521  0.038% neg 0  invalid 762 tFOTS 0.0000 tGradient 1.9690 tsec 2.2780
#GCMRL#  339 dt  36.288000 rms  0.520  0.041% neg 0  invalid 762 tFOTS 0.0000 tGradient 1.8460 tsec 2.1560
#GCMRL#  340 dt  36.288000 rms  0.520  0.046% neg 0  invalid 762 tFOTS 0.0000 tGradient 1.8320 tsec 2.1400
#GCMRL#  341 dt  36.288000 rms  0.520  0.044% neg 0  invalid 762 tFOTS 0.0000 tGradient 1.8950 tsec 2.1970
#GCMRL#  342 dt  36.288000 rms  0.520  0.041% neg 0  invalid 762 tFOTS 0.0000 tGradient 1.8100 tsec 2.1120
#GCMRL#  343 dt  36.288000 rms  0.519  0.041% neg 0  invalid 762 tFOTS 0.0000 tGradient 1.8980 tsec 2.2060
#GCMRL#  344 dt  36.288000 rms  0.519  0.035% neg 0  invalid 762 tFOTS 0.0000 tGradient 1.8940 tsec 2.2060
#GCMRL#  345 dt  36.288000 rms  0.519  0.033% neg 0  invalid 762 tFOTS 0.0000 tGradient 1.8390 tsec 2.1640
#GCMRL#  346 dt  36.288000 rms  0.519  0.033% neg 0  invalid 762 tFOTS 0.0000 tGradient 2.2130 tsec 2.5460
#GCMRL#  347 dt  36.288000 rms  0.519  0.034% neg 0  invalid 762 tFOTS 0.0000 tGradient 1.8900 tsec 2.2040
#GCMRL#  348 dt  36.288000 rms  0.519  0.032% neg 0  invalid 762 tFOTS 0.0000 tGradient 1.8110 tsec 2.1230
#GCMRL#  349 dt  36.288000 rms  0.518  0.030% neg 0  invalid 762 tFOTS 0.0000 tGradient 1.9090 tsec 2.2240
#GCMRL#  350 dt  36.288000 rms  0.518  0.028% neg 0  invalid 762 tFOTS 0.0000 tGradient 1.9930 tsec 2.3030
#GCMRL#  351 dt  36.288000 rms  0.518  0.025% neg 0  invalid 762 tFOTS 0.0000 tGradient 1.9260 tsec 2.2280
#GCMRL#  352 dt  36.288000 rms  0.518  0.021% neg 0  invalid 762 tFOTS 0.0000 tGradient 1.9990 tsec 2.3290
#FOTS# QuadFit found better minimum quadopt=(dt=145.152,rms=0.518073) vs oldopt=(dt=103.68,rms=0.518075)
#GCMRL#  353 dt 145.152000 rms  0.518  0.000% neg 0  invalid 762 tFOTS 4.1260 tGradient 1.8630 tsec 6.3230
#GCMRL#  354 dt 145.152000 rms  0.518  0.018% neg 0  invalid 762 tFOTS 0.0000 tGradient 1.8200 tsec 2.1170
#GCMRL#  355 dt 145.152000 rms  0.518  0.009% neg 0  invalid 762 tFOTS 0.0000 tGradient 1.8470 tsec 2.1520
#GCMRL#  356 dt 145.152000 rms  0.518  0.013% neg 0  invalid 762 tFOTS 0.0000 tGradient 1.8800 tsec 2.1780
#GCMRL#  357 dt 145.152000 rms  0.518  0.024% neg 0  invalid 762 tFOTS 0.0000 tGradient 2.0160 tsec 2.3710
#GCMRL#  358 dt 145.152000 rms  0.518  0.030% neg 0  invalid 762 tFOTS 0.0000 tGradient 2.1230 tsec 2.4680
#GCMRL#  359 dt 145.152000 rms  0.517  0.033% neg 0  invalid 762 tFOTS 0.0000 tGradient 2.0950 tsec 2.4540
#GCMRL#  360 dt 145.152000 rms  0.517  0.031% neg 0  invalid 762 tFOTS 0.0000 tGradient 1.8460 tsec 2.1520
#GCMRL#  361 dt 145.152000 rms  0.517  0.036% neg 0  invalid 762 tFOTS 0.0000 tGradient 1.8640 tsec 2.1730
#GCMRL#  362 dt 145.152000 rms  0.517  0.051% neg 0  invalid 762 tFOTS 0.0000 tGradient 1.7570 tsec 2.0690
#GCMRL#  363 dt 145.152000 rms  0.517  0.036% neg 0  invalid 762 tFOTS 0.0000 tGradient 1.7270 tsec 2.0360
#GCMRL#  364 dt 145.152000 rms  0.516  0.046% neg 0  invalid 762 tFOTS 0.0000 tGradient 1.7580 tsec 2.0680
#GCMRL#  365 dt 145.152000 rms  0.516  0.040% neg 0  invalid 762 tFOTS 0.0000 tGradient 1.7880 tsec 2.0970
#GCMRL#  366 dt 145.152000 rms  0.516  0.026% neg 0  invalid 762 tFOTS 0.0000 tGradient 1.7950 tsec 2.1000
#GCMRL#  367 dt 145.152000 rms  0.516  0.054% neg 0  invalid 762 tFOTS 0.0000 tGradient 1.7200 tsec 2.0280
#GCMRL#  368 dt 145.152000 rms  0.516  0.029% neg 0  invalid 762 tFOTS 0.0000 tGradient 1.7790 tsec 2.0840
#GCMRL#  369 dt 145.152000 rms  0.515  0.044% neg 0  invalid 762 tFOTS 0.0000 tGradient 1.7920 tsec 2.1010
#GCMRL#  370 dt 145.152000 rms  0.515  0.047% neg 0  invalid 762 tFOTS 0.0000 tGradient 1.7880 tsec 2.0950
#GCMRL#  371 dt 145.152000 rms  0.515  0.032% neg 0  invalid 762 tFOTS 0.0000 tGradient 1.7630 tsec 2.0710
#GCMRL#  372 dt 145.152000 rms  0.515  0.035% neg 0  invalid 762 tFOTS 0.0000 tGradient 1.7800 tsec 2.0880
#GCMRL#  373 dt 145.152000 rms  0.515  0.040% neg 0  invalid 762 tFOTS 0.0000 tGradient 1.7810 tsec 2.0870
#GCMRL#  374 dt 145.152000 rms  0.515  0.016% neg 0  invalid 762 tFOTS 0.0000 tGradient 1.8160 tsec 2.1170
#GCMRL#  375 dt 145.152000 rms  0.514  0.065% neg 0  invalid 762 tFOTS 0.0000 tGradient 1.7990 tsec 2.1020
#GCMRL#  376 dt 145.152000 rms  0.514  0.025% neg 0  invalid 762 tFOTS 0.0000 tGradient 1.8640 tsec 2.1730
#GCMRL#  377 dt 145.152000 rms  0.514  0.024% neg 0  invalid 762 tFOTS 0.0000 tGradient 1.7510 tsec 2.0840
#FOTS# QuadFit found better minimum quadopt=(dt=82.944,rms=0.513821) vs oldopt=(dt=103.68,rms=0.513822)
#GCMRL#  378 dt  82.944000 rms  0.514  0.000% neg 0  invalid 762 tFOTS 4.0050 tGradient 1.7670 tsec 6.1160
setting smoothness cost coefficient to 0.118

#GCAMreg# pass 0 level1 3 level2 0 tsec 0 sigma 2
l_jacobian=1.00 l_label=1.00 l_log_likelihood=0.20 l_smoothness=0.12 
tol=5.00e-02, dt=5.00e-02, exp_k=20.0, momentum=0.90, levels=6, niter=500, lbl_dist=10.00, avgs=16, sigma=2.0,type=2, relabel=0, neg=no

blurring input image with Gaussian with sigma=2.000...
GCAMRegisterLevel(): init RMS 0.527797
#FOTS# QuadFit found better minimum quadopt=(dt=11.2,rms=0.527028) vs oldopt=(dt=8,rms=0.527098)
#GCMRL#  380 dt  11.200000 rms  0.527  0.146% neg 0  invalid 762 tFOTS 3.9890 tGradient 1.5870 tsec 5.8990
#FOTS# QuadFit found better minimum quadopt=(dt=11.2,rms=0.526718) vs oldopt=(dt=8,rms=0.52678)
#GCMRL#  381 dt  11.200000 rms  0.527  0.059% neg 0  invalid 762 tFOTS 4.3850 tGradient 1.6160 tsec 6.3140
#FOTS# QuadFit found better minimum quadopt=(dt=25.6,rms=0.526321) vs oldopt=(dt=32,rms=0.526352)
#GCMRL#  382 dt  25.600000 rms  0.526  0.075% neg 0  invalid 762 tFOTS 4.3840 tGradient 1.5270 tsec 6.2320
#FOTS# QuadFit found better minimum quadopt=(dt=44.8,rms=0.525298) vs oldopt=(dt=32,rms=0.525493)
#GCMRL#  383 dt  44.800000 rms  0.525  0.194% neg 0  invalid 762 tFOTS 4.3930 tGradient 1.5030 tsec 6.2210
#FOTS# QuadFit found better minimum quadopt=(dt=179.2,rms=0.521315) vs oldopt=(dt=128,rms=0.521699)
#GCMRL#  384 dt 179.200000 rms  0.521  0.758% neg 0  invalid 762 tFOTS 4.2160 tGradient 1.5960 tsec 6.1400
#FOTS# QuadFit found better minimum quadopt=(dt=75.7183,rms=0.5189) vs oldopt=(dt=32,rms=0.519427)
#GCMRL#  385 dt  75.718310 rms  0.519  0.463% neg 0  invalid 762 tFOTS 4.2950 tGradient 1.7480 tsec 6.3690
#FOTS# QuadFit found better minimum quadopt=(dt=27.1885,rms=0.517047) vs oldopt=(dt=32,rms=0.517156)
#GCMRL#  386 dt  27.188544 rms  0.517  0.357% neg 0  invalid 762 tFOTS 4.3170 tGradient 1.4590 tsec 6.0990
#FOTS# QuadFit found better minimum quadopt=(dt=65.2549,rms=0.51557) vs oldopt=(dt=32,rms=0.515734)
#GCMRL#  387 dt  65.254902 rms  0.516  0.286% neg 0  invalid 762 tFOTS 4.6400 tGradient 1.5720 tsec 6.5280
#FOTS# QuadFit found better minimum quadopt=(dt=21.2932,rms=0.514469) vs oldopt=(dt=32,rms=0.514773)
#GCMRL#  388 dt  21.293233 rms  0.514  0.213% neg 0  invalid 762 tFOTS 4.2430 tGradient 1.5030 tsec 6.0670
#FOTS# QuadFit found better minimum quadopt=(dt=179.2,rms=0.511933) vs oldopt=(dt=128,rms=0.512254)
#GCMRL#  389 dt 179.200000 rms  0.512  0.493% neg 0  invalid 762 tFOTS 3.9940 tGradient 1.5090 tsec 5.8150
#FOTS# QuadFit found better minimum quadopt=(dt=19.8677,rms=0.510443) vs oldopt=(dt=32,rms=0.510948)
#GCMRL#  390 dt  19.867684 rms  0.510  0.291% neg 0  invalid 762 tFOTS 4.2400 tGradient 1.6880 tsec 6.2470
#FOTS# QuadFit found better minimum quadopt=(dt=44.8,rms=0.50991) vs oldopt=(dt=32,rms=0.510001)
#GCMRL#  391 dt  44.800000 rms  0.510  0.105% neg 0  invalid 762 tFOTS 4.1030 tGradient 1.5830 tsec 6.0070
#FOTS# QuadFit found better minimum quadopt=(dt=76.8,rms=0.509132) vs oldopt=(dt=128,rms=0.509351)
#GCMRL#  392 dt  76.800000 rms  0.509  0.153% neg 0  invalid 762 tFOTS 3.9600 tGradient 1.5190 tsec 5.8000
#FOTS# QuadFit found better minimum quadopt=(dt=23.4094,rms=0.508612) vs oldopt=(dt=32,rms=0.508751)
#GCMRL#  393 dt  23.409396 rms  0.509  0.102% neg 0  invalid 762 tFOTS 4.2240 tGradient 1.5290 tsec 6.0750
#FOTS# QuadFit found better minimum quadopt=(dt=76.8,rms=0.507931) vs oldopt=(dt=128,rms=0.508056)
#GCMRL#  394 dt  76.800000 rms  0.508  0.134% neg 0  invalid 762 tFOTS 4.0440 tGradient 1.5310 tsec 5.8930
#FOTS# QuadFit found better minimum quadopt=(dt=11.2,rms=0.507585) vs oldopt=(dt=8,rms=0.507661)
#GCMRL#  395 dt  11.200000 rms  0.508  0.068% neg 0  invalid 762 tFOTS 4.2420 tGradient 1.5180 tsec 6.0900
#GCMRL#  396 dt  32.000000 rms  0.507  0.050% neg 0  invalid 762 tFOTS 4.5460 tGradient 1.6120 tsec 6.4870
#FOTS# QuadFit found better minimum quadopt=(dt=44.8,rms=0.506848) vs oldopt=(dt=32,rms=0.506907)
#GCMRL#  397 dt  44.800000 rms  0.507  0.095% neg 0  invalid 762 tFOTS 4.0460 tGradient 1.5240 tsec 5.8880
#FOTS# QuadFit found better minimum quadopt=(dt=11.2,rms=0.506706) vs oldopt=(dt=8,rms=0.506739)
#GCMRL#  398 dt  11.200000 rms  0.507  0.000% neg 0  invalid 762 tFOTS 4.3020 tGradient 1.5120 tsec 6.2010
#GCMRL#  399 dt  11.200000 rms  0.507  0.023% neg 0  invalid 762 tFOTS 0.0000 tGradient 1.5330 tsec 1.8500
#GCMRL#  400 dt  11.200000 rms  0.506  0.032% neg 0  invalid 762 tFOTS 0.0000 tGradient 1.5390 tsec 1.8500
#GCMRL#  401 dt  11.200000 rms  0.506  0.051% neg 0  invalid 762 tFOTS 0.0000 tGradient 1.8400 tsec 2.1990
#GCMRL#  402 dt  11.200000 rms  0.506  0.071% neg 0  invalid 762 tFOTS 0.0000 tGradient 1.7460 tsec 2.0660
#GCMRL#  403 dt  11.200000 rms  0.505  0.084% neg 0  invalid 762 tFOTS 0.0000 tGradient 1.5830 tsec 1.8950
#GCMRL#  404 dt  11.200000 rms  0.505  0.085% neg 0  invalid 762 tFOTS 0.0000 tGradient 1.5790 tsec 1.8980
#GCMRL#  405 dt  11.200000 rms  0.505  0.089% neg 0  invalid 762 tFOTS 0.0000 tGradient 1.5550 tsec 1.8700
#GCMRL#  406 dt  11.200000 rms  0.504  0.095% neg 0  invalid 762 tFOTS 0.0000 tGradient 1.5470 tsec 1.8620
#GCMRL#  407 dt  11.200000 rms  0.504  0.098% neg 0  invalid 762 tFOTS 0.0000 tGradient 1.5830 tsec 1.8990
#GCMRL#  408 dt  11.200000 rms  0.503  0.103% neg 0  invalid 762 tFOTS 0.0000 tGradient 1.5530 tsec 1.8680
#GCMRL#  409 dt  11.200000 rms  0.502  0.108% neg 0  invalid 762 tFOTS 0.0000 tGradient 1.5670 tsec 1.8790
#GCMRL#  410 dt  11.200000 rms  0.502  0.107% neg 0  invalid 762 tFOTS 0.0000 tGradient 1.6090 tsec 1.9290
#GCMRL#  411 dt  11.200000 rms  0.501  0.100% neg 0  invalid 762 tFOTS 0.0000 tGradient 1.5520 tsec 1.8640
#GCMRL#  412 dt  11.200000 rms  0.501  0.094% neg 0  invalid 762 tFOTS 0.0000 tGradient 1.5530 tsec 1.8700
#GCMRL#  413 dt  11.200000 rms  0.500  0.093% neg 0  invalid 762 tFOTS 0.0000 tGradient 1.5820 tsec 1.8950
#GCMRL#  414 dt  11.200000 rms  0.500  0.093% neg 0  invalid 762 tFOTS 0.0000 tGradient 1.5660 tsec 1.8850
#GCMRL#  415 dt  11.200000 rms  0.500  0.090% neg 0  invalid 762 tFOTS 0.0000 tGradient 1.5790 tsec 1.8960
#GCMRL#  416 dt  11.200000 rms  0.499  0.088% neg 0  invalid 762 tFOTS 0.0000 tGradient 1.7900 tsec 2.1100
#GCMRL#  417 dt  11.200000 rms  0.499  0.082% neg 0  invalid 762 tFOTS 0.0000 tGradient 1.5120 tsec 1.8370
#GCMRL#  418 dt  11.200000 rms  0.498  0.079% neg 0  invalid 762 tFOTS 0.0000 tGradient 1.5040 tsec 1.8250
#GCMRL#  419 dt  11.200000 rms  0.498  0.075% neg 0  invalid 762 tFOTS 0.0000 tGradient 1.5170 tsec 1.8380
#GCMRL#  420 dt  11.200000 rms  0.498  0.071% neg 0  invalid 762 tFOTS 0.0000 tGradient 1.5200 tsec 1.8550
#GCMRL#  421 dt  11.200000 rms  0.497  0.068% neg 0  invalid 762 tFOTS 0.0000 tGradient 1.5210 tsec 1.8370
#GCMRL#  422 dt  11.200000 rms  0.497  0.067% neg 0  invalid 762 tFOTS 0.0000 tGradient 1.5280 tsec 1.8460
#GCMRL#  423 dt  11.200000 rms  0.497  0.065% neg 0  invalid 762 tFOTS 0.0000 tGradient 1.4990 tsec 1.8170
#GCMRL#  424 dt  11.200000 rms  0.496  0.061% neg 0  invalid 762 tFOTS 0.0000 tGradient 1.4990 tsec 1.8170
#GCMRL#  425 dt  11.200000 rms  0.496  0.057% neg 0  invalid 762 tFOTS 0.0000 tGradient 1.5170 tsec 1.8370
#GCMRL#  426 dt  11.200000 rms  0.496  0.053% neg 0  invalid 762 tFOTS 0.0000 tGradient 1.5570 tsec 1.8810
#GCMRL#  427 dt  11.200000 rms  0.496  0.051% neg 0  invalid 762 tFOTS 0.0000 tGradient 1.5510 tsec 1.8680
#GCMRL#  428 dt  11.200000 rms  0.495  0.049% neg 0  invalid 762 tFOTS 0.0000 tGradient 1.5640 tsec 1.8790
#GCMRL#  429 dt  11.200000 rms  0.495  0.045% neg 0  invalid 762 tFOTS 0.0000 tGradient 1.4930 tsec 1.8100
#GCMRL#  430 dt  11.200000 rms  0.495  0.043% neg 0  invalid 762 tFOTS 0.0000 tGradient 1.5450 tsec 1.8670
#GCMRL#  431 dt  11.200000 rms  0.495  0.042% neg 0  invalid 762 tFOTS 0.0000 tGradient 1.5310 tsec 1.8510
#GCMRL#  432 dt  11.200000 rms  0.494  0.042% neg 0  invalid 762 tFOTS 0.0000 tGradient 1.4980 tsec 1.8180
#GCMRL#  433 dt  11.200000 rms  0.494  0.037% neg 0  invalid 762 tFOTS 0.0000 tGradient 1.4990 tsec 1.8170
#GCMRL#  434 dt  11.200000 rms  0.494  0.036% neg 0  invalid 762 tFOTS 0.0000 tGradient 1.5040 tsec 1.8260
#GCMRL#  435 dt  11.200000 rms  0.494  0.036% neg 0  invalid 762 tFOTS 0.0000 tGradient 1.5040 tsec 1.8280
#GCMRL#  436 dt  11.200000 rms  0.494  0.034% neg 0  invalid 762 tFOTS 0.0000 tGradient 1.5130 tsec 1.8340
#GCMRL#  437 dt  11.200000 rms  0.494  0.035% neg 0  invalid 762 tFOTS 0.0000 tGradient 1.5490 tsec 1.8650
#GCMRL#  438 dt  11.200000 rms  0.493  0.031% neg 0  invalid 762 tFOTS 0.0000 tGradient 1.5800 tsec 1.9010
#GCMRL#  439 dt  11.200000 rms  0.493  0.029% neg 0  invalid 762 tFOTS 0.0000 tGradient 1.5350 tsec 1.8750
#GCMRL#  440 dt  11.200000 rms  0.493  0.028% neg 0  invalid 762 tFOTS 0.0000 tGradient 1.5820 tsec 1.8960
#GCMRL#  441 dt  11.200000 rms  0.493  0.026% neg 0  invalid 762 tFOTS 0.0000 tGradient 1.5290 tsec 1.8430
#GCMRL#  442 dt  11.200000 rms  0.493  0.025% neg 0  invalid 762 tFOTS 0.0000 tGradient 1.4860 tsec 1.7920
#GCMRL#  443 dt  11.200000 rms  0.493  0.022% neg 0  invalid 762 tFOTS 0.0000 tGradient 1.4980 tsec 1.8300
#FOTS# QuadFit found better minimum quadopt=(dt=102.4,rms=0.492694) vs oldopt=(dt=128,rms=0.492699)
#GCMRL#  444 dt 102.400000 rms  0.493  0.000% neg 0  invalid 762 tFOTS 4.3610 tGradient 1.5070 tsec 6.2190

#GCAMreg# pass 0 level1 3 level2 1 tsec 218.355 sigma 0.5
l_jacobian=1.00 l_label=1.00 l_log_likelihood=0.20 l_smoothness=0.12 
tol=5.00e-02, dt=5.00e-02, exp_k=20.0, momentum=0.90, levels=6, niter=500, lbl_dist=10.00, avgs=16, sigma=0.5,type=2, relabel=0, neg=no

blurring input image with Gaussian with sigma=0.500...
GCAMRegisterLevel(): init RMS 0.493127
#FOTS# QuadFit found better minimum quadopt=(dt=44.8,rms=0.490268) vs oldopt=(dt=32,rms=0.4906)
#GCMRL#  446 dt  44.800000 rms  0.490  0.580% neg 0  invalid 762 tFOTS 4.0840 tGradient 1.4910 tsec 5.9060
#FOTS# QuadFit found better minimum quadopt=(dt=19.2,rms=0.489934) vs oldopt=(dt=32,rms=0.490032)
#GCMRL#  447 dt  19.200000 rms  0.490  0.068% neg 0  invalid 762 tFOTS 4.3740 tGradient 1.5040 tsec 6.2100
#FOTS# QuadFit found better minimum quadopt=(dt=44.8,rms=0.489446) vs oldopt=(dt=32,rms=0.489521)
#GCMRL#  448 dt  44.800000 rms  0.489  0.099% neg 0  invalid 762 tFOTS 4.2290 tGradient 1.5190 tsec 6.0740
#FOTS# QuadFit found better minimum quadopt=(dt=25.6,rms=0.489209) vs oldopt=(dt=32,rms=0.489211)
#GCMRL#  449 dt  25.600000 rms  0.489  0.000% neg 0  invalid 762 tFOTS 4.4020 tGradient 1.4990 tsec 6.2520
#GCMRL#  450 dt  25.600000 rms  0.489  0.053% neg 0  invalid 762 tFOTS 0.0000 tGradient 1.5210 tsec 1.8370
#GCMRL#  451 dt  25.600000 rms  0.489  0.070% neg 0  invalid 762 tFOTS 0.0000 tGradient 1.5090 tsec 1.8290
#GCMRL#  452 dt  25.600000 rms  0.488  0.080% neg 0  invalid 762 tFOTS 0.0000 tGradient 1.4890 tsec 1.8060
#GCMRL#  453 dt  25.600000 rms  0.488  0.090% neg 0  invalid 762 tFOTS 0.0000 tGradient 1.4690 tsec 1.7730
#GCMRL#  454 dt  25.600000 rms  0.487  0.065% neg 0  invalid 762 tFOTS 0.0000 tGradient 1.5050 tsec 1.8200
#GCMRL#  455 dt  25.600000 rms  0.487  0.051% neg 0  invalid 762 tFOTS 0.0000 tGradient 1.4840 tsec 1.8000
#GCMRL#  456 dt  25.600000 rms  0.487  0.054% neg 0  invalid 762 tFOTS 0.0000 tGradient 1.4960 tsec 1.8120
#GCMRL#  457 dt  25.600000 rms  0.487  0.068% neg 0  invalid 762 tFOTS 0.0000 tGradient 1.5450 tsec 1.8640
#GCMRL#  458 dt  25.600000 rms  0.486  0.048% neg 0  invalid 762 tFOTS 0.0000 tGradient 1.5650 tsec 1.8780
#GCMRL#  459 dt  25.600000 rms  0.486  0.048% neg 0  invalid 762 tFOTS 0.0000 tGradient 1.5420 tsec 1.8760
#GCMRL#  460 dt  25.600000 rms  0.486  0.061% neg 0  invalid 762 tFOTS 0.0000 tGradient 1.5860 tsec 1.9100
#GCMRL#  461 dt  25.600000 rms  0.486  0.071% neg 0  invalid 762 tFOTS 0.0000 tGradient 1.5390 tsec 1.8680
#GCMRL#  462 dt  25.600000 rms  0.485  0.053% neg 0  invalid 762 tFOTS 0.0000 tGradient 1.5570 tsec 1.8810
#GCMRL#  463 dt  25.600000 rms  0.485  0.050% neg 0  invalid 762 tFOTS 0.0000 tGradient 1.5400 tsec 1.8660
#GCMRL#  464 dt  25.600000 rms  0.485  0.055% neg 0  invalid 762 tFOTS 0.0000 tGradient 1.5840 tsec 1.9040
#GCMRL#  465 dt  25.600000 rms  0.485  0.046% neg 0  invalid 762 tFOTS 0.0000 tGradient 1.5860 tsec 1.9120
#GCMRL#  466 dt  25.600000 rms  0.484  0.042% neg 0  invalid 762 tFOTS 0.0000 tGradient 1.5740 tsec 1.8970
#GCMRL#  467 dt  25.600000 rms  0.484  0.031% neg 0  invalid 762 tFOTS 0.0000 tGradient 1.6110 tsec 1.9390
#GCMRL#  468 dt  25.600000 rms  0.484  0.037% neg 0  invalid 762 tFOTS 0.0000 tGradient 1.5720 tsec 1.8960
#GCMRL#  469 dt  25.600000 rms  0.484  0.051% neg 0  invalid 762 tFOTS 0.0000 tGradient 1.5850 tsec 1.9130
#GCMRL#  470 dt  25.600000 rms  0.484  0.035% neg 0  invalid 762 tFOTS 0.0000 tGradient 1.5600 tsec 1.8830
#GCMRL#  471 dt  25.600000 rms  0.483  0.029% neg 0  invalid 762 tFOTS 0.0000 tGradient 1.5300 tsec 1.8500
#GCMRL#  472 dt  25.600000 rms  0.483  0.049% neg 0  invalid 762 tFOTS 0.0000 tGradient 1.5400 tsec 1.8610
#GCMRL#  473 dt  25.600000 rms  0.483  0.044% neg 0  invalid 762 tFOTS 0.0000 tGradient 1.5330 tsec 1.8520
#GCMRL#  474 dt  25.600000 rms  0.483  0.034% neg 0  invalid 762 tFOTS 0.0000 tGradient 1.5350 tsec 1.8600
#GCMRL#  475 dt  25.600000 rms  0.483  0.036% neg 0  invalid 762 tFOTS 0.0000 tGradient 1.5310 tsec 1.8500
#GCMRL#  476 dt  25.600000 rms  0.482  0.039% neg 0  invalid 762 tFOTS 0.0000 tGradient 1.5310 tsec 1.8550
#GCMRL#  477 dt  25.600000 rms  0.482  0.040% neg 0  invalid 762 tFOTS 0.0000 tGradient 1.5200 tsec 1.8400
#GCMRL#  478 dt  25.600000 rms  0.482  0.033% neg 0  invalid 762 tFOTS 0.0000 tGradient 1.5070 tsec 1.8240
#GCMRL#  479 dt  25.600000 rms  0.482  0.033% neg 0  invalid 762 tFOTS 0.0000 tGradient 1.5190 tsec 1.8400
#GCMRL#  480 dt  25.600000 rms  0.482  0.031% neg 0  invalid 762 tFOTS 0.0000 tGradient 1.5340 tsec 1.8550
#GCMRL#  481 dt  25.600000 rms  0.482  0.032% neg 0  invalid 762 tFOTS 0.0000 tGradient 1.5240 tsec 1.8430
#GCMRL#  482 dt  25.600000 rms  0.481  0.034% neg 0  invalid 762 tFOTS 0.0000 tGradient 1.5400 tsec 1.8630
#GCMRL#  483 dt  25.600000 rms  0.481  0.036% neg 0  invalid 762 tFOTS 0.0000 tGradient 1.5360 tsec 1.8570
#GCMRL#  484 dt  25.600000 rms  0.481  0.032% neg 0  invalid 762 tFOTS 0.0000 tGradient 1.5050 tsec 1.8300
#GCMRL#  485 dt  25.600000 rms  0.481  0.024% neg 0  invalid 762 tFOTS 0.0000 tGradient 1.5090 tsec 1.8280
#GCMRL#  486 dt  25.600000 rms  0.481  0.024% neg 0  invalid 762 tFOTS 0.0000 tGradient 1.5080 tsec 1.8560
#FOTS# QuadFit found better minimum quadopt=(dt=44.8,rms=0.480844) vs oldopt=(dt=32,rms=0.480852)
#GCMRL#  487 dt  44.800000 rms  0.481  0.000% neg 0  invalid 762 tFOTS 4.2600 tGradient 1.5020 tsec 6.1180
setting smoothness cost coefficient to 0.400

#GCAMreg# pass 0 level1 2 level2 0 tsec 0 sigma 2
l_jacobian=1.00 l_label=1.00 l_log_likelihood=0.20 l_smoothness=0.40 
tol=5.00e-02, dt=5.00e-02, exp_k=20.0, momentum=0.90, levels=6, niter=500, lbl_dist=10.00, avgs=4, sigma=2.0,type=2, relabel=0, neg=no

blurring input image with Gaussian with sigma=2.000...
GCAMRegisterLevel(): init RMS 0.507631
#GCMRL#  489 dt   0.000000 rms  0.507  0.070% neg 0  invalid 762 tFOTS 4.2180 tGradient 1.4940 tsec 6.0360
#GCMRL#  490 dt   0.150000 rms  0.507  0.000% neg 0  invalid 762 tFOTS 4.0520 tGradient 1.4730 tsec 6.1000

#GCAMreg# pass 0 level1 2 level2 1 tsec 23.51 sigma 0.5
l_jacobian=1.00 l_label=1.00 l_log_likelihood=0.20 l_smoothness=0.40 
tol=5.00e-02, dt=5.00e-02, exp_k=20.0, momentum=0.90, levels=6, niter=500, lbl_dist=10.00, avgs=4, sigma=0.5,type=2, relabel=0, neg=no

blurring input image with Gaussian with sigma=0.500...
GCAMRegisterLevel(): init RMS 0.507631
#GCMRL#  492 dt   0.000000 rms  0.507  0.070% neg 0  invalid 762 tFOTS 4.4110 tGradient 1.4690 tsec 6.2190
#GCMRL#  493 dt   0.150000 rms  0.507  0.000% neg 0  invalid 762 tFOTS 4.2980 tGradient 1.4690 tsec 6.3610
setting smoothness cost coefficient to 1.000

#GCAMreg# pass 0 level1 1 level2 0 tsec 0 sigma 2
l_jacobian=1.00 l_label=1.00 l_log_likelihood=0.20 l_smoothness=1.00 
tol=5.00e-02, dt=5.00e-02, exp_k=20.0, momentum=0.90, levels=6, niter=500, lbl_dist=10.00, avgs=1, sigma=2.0,type=2, relabel=0, neg=no

blurring input image with Gaussian with sigma=2.000...
GCAMRegisterLevel(): init RMS 0.559633
#GCMRL#  495 dt   1.280000 rms  0.555  0.747% neg 0  invalid 762 tFOTS 4.3610 tGradient 1.3120 tsec 6.0040
#FOTS# QuadFit found better minimum quadopt=(dt=0.256,rms=0.555371) vs oldopt=(dt=0.32,rms=0.555377)
#GCMRL#  496 dt   0.256000 rms  0.555  0.000% neg 0  invalid 762 tFOTS 4.1970 tGradient 1.2950 tsec 5.8490

#GCAMreg# pass 0 level1 1 level2 1 tsec 23.032 sigma 0.5
l_jacobian=1.00 l_label=1.00 l_log_likelihood=0.20 l_smoothness=1.00 
tol=5.00e-02, dt=5.00e-02, exp_k=20.0, momentum=0.90, levels=6, niter=500, lbl_dist=10.00, avgs=1, sigma=0.5,type=2, relabel=0, neg=no

blurring input image with Gaussian with sigma=0.500...
GCAMRegisterLevel(): init RMS 0.555703
#FOTS# QuadFit found better minimum quadopt=(dt=0.448,rms=0.555098) vs oldopt=(dt=0.32,rms=0.555131)
#GCMRL#  498 dt   0.448000 rms  0.555  0.109% neg 0  invalid 762 tFOTS 4.2120 tGradient 1.2830 tsec 5.8200
#FOTS# QuadFit found better minimum quadopt=(dt=0.112,rms=0.555082) vs oldopt=(dt=0.08,rms=0.555086)
#GCMRL#  499 dt   0.112000 rms  0.555  0.000% neg 0  invalid 762 tFOTS 4.1980 tGradient 1.2890 tsec 5.8320
#GCMRL#  500 dt   0.112000 rms  0.555  0.001% neg 0  invalid 762 tFOTS 0.0000 tGradient 1.2790 tsec 1.6060
resetting metric properties...
setting smoothness cost coefficient to 2.000

#GCAMreg# pass 0 level1 0 level2 0 tsec 0 sigma 2
l_jacobian=1.00 l_label=1.00 l_log_likelihood=0.20 l_smoothness=2.00 
tol=5.00e-02, dt=5.00e-02, exp_k=20.0, momentum=0.90, levels=6, niter=500, lbl_dist=10.00, avgs=0, sigma=2.0,type=2, relabel=0, neg=no

blurring input image with Gaussian with sigma=2.000...
GCAMRegisterLevel(): init RMS 0.492669
#FOTS# QuadFit found better minimum quadopt=(dt=0.448,rms=0.47978) vs oldopt=(dt=0.32,rms=0.483185)
#GCMRL#  502 dt   0.448000 rms  0.480  2.616% neg 0  invalid 762 tFOTS 4.0190 tGradient 0.8030 tsec 5.1510
#FOTS# QuadFit found better minimum quadopt=(dt=0.448,rms=0.477124) vs oldopt=(dt=0.32,rms=0.477866)
#GCMRL#  503 dt   0.448000 rms  0.477  0.553% neg 0  invalid 762 tFOTS 4.0810 tGradient 0.7990 tsec 5.2130
#FOTS# QuadFit found better minimum quadopt=(dt=0.448,rms=0.475444) vs oldopt=(dt=0.32,rms=0.475913)
#GCMRL#  504 dt   0.448000 rms  0.475  0.352% neg 0  invalid 762 tFOTS 3.9220 tGradient 0.8030 tsec 5.0490
#FOTS# QuadFit found better minimum quadopt=(dt=0.448,rms=0.474398) vs oldopt=(dt=0.32,rms=0.474691)
#GCMRL#  505 dt   0.448000 rms  0.474  0.220% neg 0  invalid 762 tFOTS 4.0820 tGradient 0.7580 tsec 5.1700
#FOTS# QuadFit found better minimum quadopt=(dt=0.448,rms=0.473615) vs oldopt=(dt=0.32,rms=0.473836)
#GCMRL#  506 dt   0.448000 rms  0.474  0.165% neg 0  invalid 762 tFOTS 3.9990 tGradient 0.8470 tsec 5.1950
#FOTS# QuadFit found better minimum quadopt=(dt=0.448,rms=0.473034) vs oldopt=(dt=0.32,rms=0.473194)
#GCMRL#  507 dt   0.448000 rms  0.473  0.123% neg 0  invalid 762 tFOTS 4.1450 tGradient 0.7990 tsec 5.3120
#FOTS# QuadFit found better minimum quadopt=(dt=0.448,rms=0.472572) vs oldopt=(dt=0.32,rms=0.472703)
#GCMRL#  508 dt   0.448000 rms  0.473  0.098% neg 0  invalid 762 tFOTS 3.8880 tGradient 0.8450 tsec 5.0670
#FOTS# QuadFit found better minimum quadopt=(dt=0.448,rms=0.4722) vs oldopt=(dt=0.32,rms=0.472299)
#GCMRL#  509 dt   0.448000 rms  0.472  0.079% neg 0  invalid 762 tFOTS 3.8830 tGradient 0.8110 tsec 5.0190
#FOTS# QuadFit found better minimum quadopt=(dt=0.448,rms=0.47189) vs oldopt=(dt=0.32,rms=0.471977)
#GCMRL#  510 dt   0.448000 rms  0.472  0.066% neg 0  invalid 762 tFOTS 4.0830 tGradient 0.8500 tsec 5.2800
#FOTS# QuadFit found better minimum quadopt=(dt=0.448,rms=0.471632) vs oldopt=(dt=0.32,rms=0.471699)
#GCMRL#  511 dt   0.448000 rms  0.472  0.055% neg 0  invalid 762 tFOTS 4.0940 tGradient 0.7910 tsec 5.2280
#FOTS# QuadFit found better minimum quadopt=(dt=0.448,rms=0.471419) vs oldopt=(dt=0.32,rms=0.471477)
#GCMRL#  512 dt   0.448000 rms  0.471  0.000% neg 0  invalid 762 tFOTS 4.0190 tGradient 0.8400 tsec 5.2290
#GCMRL#  513 dt   0.448000 rms  0.471  0.040% neg 0  invalid 762 tFOTS 0.0000 tGradient 0.8550 tsec 1.2360
#GCMRL#  514 dt   0.448000 rms  0.471  0.066% neg 0  invalid 762 tFOTS 0.0000 tGradient 0.9330 tsec 1.3190
#GCMRL#  515 dt   0.448000 rms  0.471  0.029% neg 0  invalid 762 tFOTS 0.0000 tGradient 0.9590 tsec 1.5750
#GCMRL#  516 dt   0.448000 rms  0.471  0.043% neg 0  invalid 762 tFOTS 0.0000 tGradient 0.9310 tsec 1.3150
#GCMRL#  517 dt   0.448000 rms  0.471  0.016% neg 0  invalid 762 tFOTS 0.0000 tGradient 0.7960 tsec 1.3080
#GCMRL#  518 dt   0.448000 rms  0.470  0.019% neg 0  invalid 762 tFOTS 0.0000 tGradient 0.8100 tsec 1.3270
#GCMRL#  519 dt   0.448000 rms  0.470  0.026% neg 0  invalid 762 tFOTS 0.0000 tGradient 0.7900 tsec 1.1250
#GCMRL#  520 dt   0.448000 rms  0.470  0.034% neg 0  invalid 762 tFOTS 0.0000 tGradient 0.8050 tsec 1.1440
#GCMRL#  521 dt   0.448000 rms  0.470  0.007% neg 0  invalid 762 tFOTS 0.0000 tGradient 0.8030 tsec 1.3180
#GCMRL#  522 dt   0.448000 rms  0.470  0.009% neg 0  invalid 762 tFOTS 0.0000 tGradient 0.8070 tsec 1.3190
#GCMRL#  523 dt   0.448000 rms  0.470  0.012% neg 0  invalid 762 tFOTS 0.0000 tGradient 0.7950 tsec 1.1330
#GCMRL#  524 dt   0.224000 rms  0.470  0.004% neg 0  invalid 762 tFOTS 0.0000 tGradient 0.7950 tsec 1.5050
#FOTS# QuadFit found better minimum quadopt=(dt=0.448,rms=0.469942) vs oldopt=(dt=0.32,rms=0.46995)
#GCMRL#  525 dt   0.448000 rms  0.470  0.007% neg 0  invalid 762 tFOTS 4.0170 tGradient 0.8160 tsec 5.1760
#FOTS# QuadFit found better minimum quadopt=(dt=0.448,rms=0.46993) vs oldopt=(dt=0.32,rms=0.469931)
#GCMRL#  526 dt   0.448000 rms  0.470  0.000% neg 0  invalid 762 tFOTS 3.9240 tGradient 0.7960 tsec 5.0790
#GCMRL#  527 dt   0.448000 rms  0.470  0.006% neg 0  invalid 762 tFOTS 0.0000 tGradient 0.8170 tsec 1.1560
#GCMRL#  528 dt   0.448000 rms  0.470  0.002% neg 0  invalid 762 tFOTS 0.0000 tGradient 0.8010 tsec 1.3230
#GCMRL#  529 dt   0.448000 rms  0.470  0.007% neg 0  invalid 762 tFOTS 0.0000 tGradient 0.7990 tsec 1.1390
#GCMRL#  530 dt   0.448000 rms  0.470  0.008% neg 0  invalid 762 tFOTS 0.0000 tGradient 0.7990 tsec 1.3180

#GCAMreg# pass 0 level1 0 level2 1 tsec 98.248 sigma 0.5
l_jacobian=1.00 l_label=1.00 l_log_likelihood=0.20 l_smoothness=2.00 
tol=5.00e-02, dt=5.00e-02, exp_k=20.0, momentum=0.90, levels=6, niter=500, lbl_dist=10.00, avgs=0, sigma=0.5,type=2, relabel=0, neg=no

blurring input image with Gaussian with sigma=0.500...
GCAMRegisterLevel(): init RMS 0.470233
#FOTS# QuadFit found better minimum quadopt=(dt=0.448,rms=0.466686) vs oldopt=(dt=0.32,rms=0.467506)
#GCMRL#  532 dt   0.448000 rms  0.467  0.754% neg 0  invalid 762 tFOTS 4.1500 tGradient 0.8100 tsec 5.3020
#FOTS# QuadFit found better minimum quadopt=(dt=0.448,rms=0.466298) vs oldopt=(dt=0.32,rms=0.466398)
#GCMRL#  533 dt   0.448000 rms  0.466  0.083% neg 0  invalid 762 tFOTS 3.9350 tGradient 0.8580 tsec 5.1380
#FOTS# QuadFit found better minimum quadopt=(dt=0.448,rms=0.46615) vs oldopt=(dt=0.32,rms=0.466186)
#GCMRL#  534 dt   0.448000 rms  0.466  0.000% neg 0  invalid 762 tFOTS 3.8960 tGradient 0.8000 tsec 5.0580
#GCMRL#  535 dt   0.448000 rms  0.466  0.017% neg 0  invalid 762 tFOTS 0.0000 tGradient 0.8370 tsec 1.1620
#GCMRL#  536 dt   0.448000 rms  0.466  0.027% neg 0  invalid 762 tFOTS 0.0000 tGradient 0.8040 tsec 1.1380
#GCMRL#  537 dt   0.448000 rms  0.466  0.025% neg 0  invalid 762 tFOTS 0.0000 tGradient 0.7970 tsec 1.1380
#GCMRL#  538 dt   0.448000 rms  0.466  0.015% neg 0  invalid 762 tFOTS 0.0000 tGradient 0.8070 tsec 1.1460
#GCMRL#  539 dt   0.448000 rms  0.466  0.001% neg 0  invalid 762 tFOTS 0.0000 tGradient 0.8190 tsec 1.3650
#GCMRL#  540 dt   0.320000 rms  0.466  0.001% neg 0  invalid 762 tFOTS 3.9590 tGradient 0.8050 tsec 5.1060
#FOTS# QuadFit found better minimum quadopt=(dt=0.448,rms=0.46573) vs oldopt=(dt=0.32,rms=0.465733)
#GCMRL#  541 dt   0.448000 rms  0.466  0.005% neg 0  invalid 762 tFOTS 3.9510 tGradient 0.8110 tsec 5.1780
#GCMRL#  542 dt   0.320000 rms  0.466  0.000% neg 0  invalid 762 tFOTS 3.9640 tGradient 0.9300 tsec 5.2610
#GCMRL#  543 dt   0.320000 rms  0.466  0.006% neg 0  invalid 762 tFOTS 0.0000 tGradient 0.7920 tsec 1.1890
#GCMRL#  544 dt   0.320000 rms  0.466  0.005% neg 0  invalid 762 tFOTS 0.0000 tGradient 0.8170 tsec 1.1510
GCAMregister done in 25.8473 min
********************* ALLOWING NEGATIVE NODES IN DEFORMATION********************************
noneg post
Starting GCAMregister()
label assignment complete, 0 changed (0.00%)
npasses = 1, nlevels = 6
#pass# 1 of 1 ************************
enabling zero nodes
setting smoothness cost coefficient to 0.008

#GCAMreg# pass 0 level1 5 level2 0 tsec 0 sigma 2
l_jacobian=1.00 l_label=1.00 l_log_likelihood=0.20 l_smoothness=0.01 
tol=2.50e-01, dt=5.00e-02, exp_k=20.0, momentum=0.90, levels=6, niter=500, lbl_dist=10.00, avgs=256, sigma=2.0,type=2, relabel=0, neg=yes

blurring input image with Gaussian with sigma=2.000...
GCAMRegisterLevel(): init RMS 0.463959
#GCMRL#  546 dt   0.000000 rms  0.464  0.093% neg 0  invalid 762 tFOTS 4.9450 tGradient 2.3280 tsec 7.6050

#GCAMreg# pass 0 level1 5 level2 1 tsec 24.925 sigma 0.5
l_jacobian=1.00 l_label=1.00 l_log_likelihood=0.20 l_smoothness=0.01 
tol=2.50e-01, dt=5.00e-02, exp_k=20.0, momentum=0.90, levels=6, niter=500, lbl_dist=10.00, avgs=256, sigma=0.5,type=2, relabel=0, neg=yes

blurring input image with Gaussian with sigma=0.500...
GCAMRegisterLevel(): init RMS 0.463959
#FOTS# QuadFit found better minimum quadopt=(dt=295.936,rms=0.463199) vs oldopt=(dt=369.92,rms=0.463218)
#GCMRL#  548 dt 295.936000 rms  0.463  0.164% neg 0  invalid 762 tFOTS 4.5430 tGradient 2.0980 tsec 6.9640
#FOTS# QuadFit found better minimum quadopt=(dt=129.472,rms=0.463038) vs oldopt=(dt=92.48,rms=0.463057)
#GCMRL#  549 dt 129.472000 rms  0.463  0.000% neg 0  invalid 762 tFOTS 4.5160 tGradient 2.1330 tsec 6.9980
#GCMRL#  550 dt 129.472000 rms  0.463  0.012% neg 0  invalid 762 tFOTS 0.0000 tGradient 2.1010 tsec 2.4120
#GCMRL#  551 dt 129.472000 rms  0.463  0.016% neg 0  invalid 762 tFOTS 0.0000 tGradient 2.1190 tsec 2.4300
#GCMRL#  552 dt 129.472000 rms  0.463  0.029% neg 0  invalid 762 tFOTS 0.0000 tGradient 2.1170 tsec 2.4340
#GCMRL#  553 dt 129.472000 rms  0.463  0.025% neg 0  invalid 762 tFOTS 0.0000 tGradient 2.7490 tsec 3.0880
setting smoothness cost coefficient to 0.031

#GCAMreg# pass 0 level1 4 level2 0 tsec 0 sigma 2
l_jacobian=1.00 l_label=1.00 l_log_likelihood=0.20 l_smoothness=0.03 
tol=2.50e-01, dt=5.00e-02, exp_k=20.0, momentum=0.90, levels=6, niter=500, lbl_dist=10.00, avgs=64, sigma=2.0,type=2, relabel=0, neg=yes

blurring input image with Gaussian with sigma=2.000...
GCAMRegisterLevel(): init RMS 0.463055
#GCMRL#  555 dt   0.001582 rms  0.463  0.091% neg 0  invalid 762 tFOTS 6.3570 tGradient 1.8180 tsec 8.5060

#GCAMreg# pass 0 level1 4 level2 1 tsec 24.907 sigma 0.5
l_jacobian=1.00 l_label=1.00 l_log_likelihood=0.20 l_smoothness=0.03 
tol=2.50e-01, dt=5.00e-02, exp_k=20.0, momentum=0.90, levels=6, niter=500, lbl_dist=10.00, avgs=64, sigma=0.5,type=2, relabel=0, neg=yes

blurring input image with Gaussian with sigma=0.500...
GCAMRegisterLevel(): init RMS 0.463055
#FOTS# QuadFit found better minimum quadopt=(dt=145.152,rms=0.460904) vs oldopt=(dt=103.68,rms=0.461231)
#GCMRL#  557 dt 145.152000 rms  0.461  0.464% neg 0  invalid 762 tFOTS 4.6290 tGradient 1.7240 tsec 6.6920
#FOTS# QuadFit found better minimum quadopt=(dt=36.288,rms=0.460541) vs oldopt=(dt=25.92,rms=0.460601)
#GCMRL#  558 dt  36.288000 rms  0.461  0.000% neg 0  invalid 762 tFOTS 4.8050 tGradient 2.1240 tsec 7.2680
#GCMRL#  559 dt  36.288000 rms  0.460  0.054% neg 0  invalid 762 tFOTS 0.0000 tGradient 1.5880 tsec 1.9000
#GCMRL#  560 dt  36.288000 rms  0.460  0.092% neg 0  invalid 762 tFOTS 0.0000 tGradient 1.7210 tsec 2.0310
#GCMRL#  561 dt  36.288000 rms  0.459  0.120% neg 0  invalid 762 tFOTS 0.0000 tGradient 1.5850 tsec 1.8950
#GCMRL#  562 dt  36.288000 rms  0.459  0.125% neg 0  invalid 762 tFOTS 0.0000 tGradient 1.5770 tsec 1.8840
#GCMRL#  563 dt  36.288000 rms  0.458  0.122% neg 0  invalid 762 tFOTS 0.0000 tGradient 1.5860 tsec 1.8890
#GCMRL#  564 dt  36.288000 rms  0.458  0.111% neg 0  invalid 762 tFOTS 0.0000 tGradient 1.5890 tsec 1.9210
#FOTS# QuadFit found better minimum quadopt=(dt=580.608,rms=0.456869) vs oldopt=(dt=414.72,rms=0.45696)
#GCMRL#  565 dt 580.608000 rms  0.457  0.175% neg 0  invalid 762 tFOTS 4.6020 tGradient 1.6600 tsec 6.5830
#FOTS# QuadFit found better minimum quadopt=(dt=36.288,rms=0.456462) vs oldopt=(dt=25.92,rms=0.456515)
#GCMRL#  566 dt  36.288000 rms  0.456  0.000% neg 0  invalid 762 tFOTS 4.6500 tGradient 1.6250 tsec 6.6160
#GCMRL#  567 dt  36.288000 rms  0.456  0.024% neg 0  invalid 762 tFOTS 0.0000 tGradient 1.6290 tsec 1.9410
#GCMRL#  568 dt  36.288000 rms  0.456  0.026% neg 0  invalid 762 tFOTS 0.0000 tGradient 1.6270 tsec 1.9310
#GCMRL#  569 dt  36.288000 rms  0.456  0.030% neg 0  invalid 762 tFOTS 0.0000 tGradient 1.6360 tsec 1.9420
#GCMRL#  570 dt  36.288000 rms  0.456  0.031% neg 0  invalid 762 tFOTS 0.0000 tGradient 1.6310 tsec 1.9420
#GCMRL#  571 dt  36.288000 rms  0.456  0.034% neg 0  invalid 762 tFOTS 0.0000 tGradient 1.6280 tsec 1.9420
#GCMRL#  572 dt  36.288000 rms  0.456  0.041% neg 0  invalid 762 tFOTS 0.0000 tGradient 1.6250 tsec 1.9430
#GCMRL#  573 dt  36.288000 rms  0.455  0.045% neg 0  invalid 762 tFOTS 0.0000 tGradient 1.6300 tsec 1.9340
#GCMRL#  574 dt  36.288000 rms  0.455  0.051% neg 0  invalid 762 tFOTS 0.0000 tGradient 1.6340 tsec 1.9370
#GCMRL#  575 dt  36.288000 rms  0.455  0.051% neg 0  invalid 762 tFOTS 0.0000 tGradient 1.6290 tsec 1.9360
#GCMRL#  576 dt  36.288000 rms  0.455  0.048% neg 0  invalid 762 tFOTS 0.0000 tGradient 1.6340 tsec 1.9380
setting smoothness cost coefficient to 0.118

#GCAMreg# pass 0 level1 3 level2 0 tsec 0 sigma 2
l_jacobian=1.00 l_label=1.00 l_log_likelihood=0.20 l_smoothness=0.12 
tol=2.50e-01, dt=5.00e-02, exp_k=20.0, momentum=0.90, levels=6, niter=500, lbl_dist=10.00, avgs=16, sigma=2.0,type=2, relabel=0, neg=yes

blurring input image with Gaussian with sigma=2.000...
GCAMRegisterLevel(): init RMS 0.455495
#FOTS# QuadFit found better minimum quadopt=(dt=24,rms=0.454371) vs oldopt=(dt=32,rms=0.454511)
iter 0, gcam->neg = 1
after 3 iterations, nbhd size=0, neg = 0
#GCMRL#  578 dt  24.000000 rms  0.454  0.244% neg 0  invalid 762 tFOTS 5.0630 tGradient 1.6930 tsec 8.8370
#FOTS# QuadFit found better minimum quadopt=(dt=93.6585,rms=0.452612) vs oldopt=(dt=32,rms=0.452993)
iter 0, gcam->neg = 12
after 9 iterations, nbhd size=1, neg = 0
#GCMRL#  579 dt  93.658537 rms  0.453  0.376% neg 0  invalid 762 tFOTS 4.7110 tGradient 1.4280 tsec 10.1880
#FOTS# QuadFit found better minimum quadopt=(dt=25.6,rms=0.451737) vs oldopt=(dt=32,rms=0.451797)
iter 0, gcam->neg = 1
after 4 iterations, nbhd size=0, neg = 0
#GCMRL#  580 dt  25.600000 rms  0.452  0.000% neg 0  invalid 762 tFOTS 4.7090 tGradient 1.4240 tsec 8.5440
iter 0, gcam->neg = 1
after 4 iterations, nbhd size=0, neg = 0
#GCMRL#  581 dt  25.600000 rms  0.451  0.268% neg 0  invalid 762 tFOTS 0.0000 tGradient 1.4360 tsec 3.8240
iter 0, gcam->neg = 2
after 0 iterations, nbhd size=0, neg = 0
#GCMRL#  582 dt  25.600000 rms  0.449  0.249% neg 0  invalid 762 tFOTS 0.0000 tGradient 1.3640 tsec 2.4150
iter 0, gcam->neg = 6
after 10 iterations, nbhd size=1, neg = 0
#GCMRL#  583 dt  25.600000 rms  0.449  0.148% neg 0  invalid 762 tFOTS 0.0000 tGradient 1.6270 tsec 6.1210
iter 0, gcam->neg = 4
after 10 iterations, nbhd size=1, neg = 0
#GCMRL#  584 dt  25.600000 rms  0.448  0.186% neg 0  invalid 762 tFOTS 0.0000 tGradient 1.5640 tsec 6.0120
iter 0, gcam->neg = 5
after 3 iterations, nbhd size=0, neg = 0
#GCMRL#  585 dt  25.600000 rms  0.447  0.170% neg 0  invalid 762 tFOTS 0.0000 tGradient 1.7920 tsec 3.9210
iter 0, gcam->neg = 3
after 4 iterations, nbhd size=0, neg = 0
#GCMRL#  586 dt  25.600000 rms  0.447  0.083% neg 0  invalid 762 tFOTS 0.0000 tGradient 1.8130 tsec 4.3000
iter 0, gcam->neg = 6
after 2 iterations, nbhd size=0, neg = 0
#GCMRL#  587 dt  25.600000 rms  0.447  0.009% neg 0  invalid 762 tFOTS 0.0000 tGradient 1.7780 tsec 3.5060
#GCMRL#  588 dt  32.000000 rms  0.446  0.150% neg 0  invalid 762 tFOTS 4.9040 tGradient 1.5260 tsec 6.7480
#FOTS# QuadFit found better minimum quadopt=(dt=11.2,rms=0.445876) vs oldopt=(dt=8,rms=0.445912)
#GCMRL#  589 dt  11.200000 rms  0.446  0.000% neg 0  invalid 762 tFOTS 4.8660 tGradient 1.4860 tsec 6.6860
#GCMRL#  590 dt  11.200000 rms  0.446  0.032% neg 0  invalid 762 tFOTS 0.0000 tGradient 1.6810 tsec 2.0470
#GCMRL#  591 dt  11.200000 rms  0.446  0.029% neg 0  invalid 762 tFOTS 0.0000 tGradient 1.6710 tsec 2.0180
#GCMRL#  592 dt  11.200000 rms  0.445  0.047% neg 0  invalid 762 tFOTS 0.0000 tGradient 1.5100 tsec 1.8190
iter 0, gcam->neg = 2
after 3 iterations, nbhd size=0, neg = 0
#GCMRL#  593 dt  11.200000 rms  0.445  0.052% neg 0  invalid 762 tFOTS 0.0000 tGradient 1.4350 tsec 3.4880
#GCMRL#  594 dt  11.200000 rms  0.445  0.055% neg 0  invalid 762 tFOTS 0.0000 tGradient 1.4450 tsec 1.7490
iter 0, gcam->neg = 1
after 1 iterations, nbhd size=0, neg = 0

#GCAMreg# pass 0 level1 3 level2 1 tsec 94.433 sigma 0.5
l_jacobian=1.00 l_label=1.00 l_log_likelihood=0.20 l_smoothness=0.12 
tol=2.50e-01, dt=5.00e-02, exp_k=20.0, momentum=0.90, levels=6, niter=500, lbl_dist=10.00, avgs=16, sigma=0.5,type=2, relabel=0, neg=yes

blurring input image with Gaussian with sigma=0.500...
GCAMRegisterLevel(): init RMS 0.44512
#FOTS# QuadFit found better minimum quadopt=(dt=61.8231,rms=0.440968) vs oldopt=(dt=32,rms=0.441683)
#GCMRL#  596 dt  61.823129 rms  0.441  0.933% neg 0  invalid 762 tFOTS 5.2330 tGradient 1.7240 tsec 7.2780
#FOTS# QuadFit found better minimum quadopt=(dt=21.0178,rms=0.439818) vs oldopt=(dt=32,rms=0.440193)
#GCMRL#  597 dt  21.017751 rms  0.440  0.261% neg 0  invalid 762 tFOTS 4.8340 tGradient 1.4080 tsec 6.5580
#FOTS# QuadFit found better minimum quadopt=(dt=38.4,rms=0.439353) vs oldopt=(dt=32,rms=0.439364)
#GCMRL#  598 dt  38.400000 rms  0.439  0.000% neg 0  invalid 762 tFOTS 4.8040 tGradient 1.4060 tsec 6.5450
#GCMRL#  599 dt  38.400000 rms  0.439  0.065% neg 0  invalid 762 tFOTS 0.0000 tGradient 1.5800 tsec 1.8840
#GCMRL#  600 dt  38.400000 rms  0.438  0.267% neg 0  invalid 762 tFOTS 0.0000 tGradient 1.4220 tsec 1.7290
#GCMRL#  601 dt  38.400000 rms  0.438 -0.016% neg 0  invalid 762 tFOTS 0.0000 tGradient 1.4280 tsec 1.9720
#FOTS# QuadFit found better minimum quadopt=(dt=11.2,rms=0.437708) vs oldopt=(dt=8,rms=0.437721)
#GCMRL#  602 dt  11.200000 rms  0.438  0.020% neg 0  invalid 762 tFOTS 5.0290 tGradient 1.4280 tsec 6.7790
#FOTS# QuadFit found better minimum quadopt=(dt=76.8,rms=0.43744) vs oldopt=(dt=128,rms=0.437486)
#GCMRL#  603 dt  76.800000 rms  0.437  0.061% neg 0  invalid 762 tFOTS 4.6180 tGradient 1.3910 tsec 6.3280
#FOTS# QuadFit found better minimum quadopt=(dt=25.6,rms=0.437145) vs oldopt=(dt=32,rms=0.437171)
#GCMRL#  604 dt  25.600000 rms  0.437  0.067% neg 0  invalid 762 tFOTS 4.8920 tGradient 1.4410 tsec 6.6530
#FOTS# QuadFit found better minimum quadopt=(dt=11.2,rms=0.437026) vs oldopt=(dt=8,rms=0.437043)
setting smoothness cost coefficient to 0.400

#GCAMreg# pass 0 level1 2 level2 0 tsec 0 sigma 2
l_jacobian=1.00 l_label=1.00 l_log_likelihood=0.20 l_smoothness=0.40 
tol=2.50e-01, dt=5.00e-02, exp_k=20.0, momentum=0.90, levels=6, niter=500, lbl_dist=10.00, avgs=4, sigma=2.0,type=2, relabel=0, neg=yes

blurring input image with Gaussian with sigma=2.000...
GCAMRegisterLevel(): init RMS 0.442831
#FOTS# QuadFit found better minimum quadopt=(dt=1.008,rms=0.442383) vs oldopt=(dt=0.72,rms=0.442386)
#GCMRL#  606 dt   1.008000 rms  0.442  0.101% neg 0  invalid 762 tFOTS 4.8800 tGradient 1.3410 tsec 6.5430
#FOTS# QuadFit found better minimum quadopt=(dt=0.432,rms=0.442377) vs oldopt=(dt=0.72,rms=0.442378)
#GCMRL#  607 dt   0.432000 rms  0.442  0.000% neg 0  invalid 762 tFOTS 4.8570 tGradient 1.2920 tsec 6.4890

#GCAMreg# pass 0 level1 2 level2 1 tsec 24.163 sigma 0.5
l_jacobian=1.00 l_label=1.00 l_log_likelihood=0.20 l_smoothness=0.40 
tol=2.50e-01, dt=5.00e-02, exp_k=20.0, momentum=0.90, levels=6, niter=500, lbl_dist=10.00, avgs=4, sigma=0.5,type=2, relabel=0, neg=yes

blurring input image with Gaussian with sigma=0.500...
GCAMRegisterLevel(): init RMS 0.442806
#FOTS# QuadFit found better minimum quadopt=(dt=6.5,rms=0.441777) vs oldopt=(dt=2.88,rms=0.441979)
#GCMRL#  609 dt   6.500000 rms  0.442  0.232% neg 0  invalid 762 tFOTS 4.8760 tGradient 1.3030 tsec 6.4950
#FOTS# QuadFit found better minimum quadopt=(dt=10.08,rms=0.441233) vs oldopt=(dt=11.52,rms=0.441244)
#GCMRL#  610 dt  10.080000 rms  0.441  0.000% neg 0  invalid 762 tFOTS 4.8430 tGradient 1.3350 tsec 6.5220
#GCMRL#  611 dt  10.080000 rms  0.441  0.161% neg 0  invalid 762 tFOTS 0.0000 tGradient 1.3010 tsec 1.6120
#GCMRL#  612 dt  10.080000 rms  0.440  0.201% neg 0  invalid 762 tFOTS 0.0000 tGradient 1.3030 tsec 1.6130
iter 0, gcam->neg = 3
after 5 iterations, nbhd size=0, neg = 0
#GCMRL#  613 dt  10.080000 rms  0.439  0.216% neg 0  invalid 762 tFOTS 0.0000 tGradient 1.2980 tsec 4.0250
iter 0, gcam->neg = 7
after 6 iterations, nbhd size=0, neg = 0
#GCMRL#  614 dt  10.080000 rms  0.437  0.337% neg 0  invalid 762 tFOTS 0.0000 tGradient 1.3400 tsec 4.4150
iter 0, gcam->neg = 4
after 3 iterations, nbhd size=0, neg = 0
#GCMRL#  615 dt  10.080000 rms  0.435  0.489% neg 0  invalid 762 tFOTS 0.0000 tGradient 1.3070 tsec 3.3330
iter 0, gcam->neg = 6
after 7 iterations, nbhd size=0, neg = 0
#GCMRL#  616 dt  10.080000 rms  0.433  0.499% neg 0  invalid 762 tFOTS 0.0000 tGradient 1.3480 tsec 4.7990
iter 0, gcam->neg = 6
after 2 iterations, nbhd size=0, neg = 0
#GCMRL#  617 dt  10.080000 rms  0.431  0.362% neg 0  invalid 762 tFOTS 0.0000 tGradient 1.3400 tsec 3.1730
iter 0, gcam->neg = 6
after 2 iterations, nbhd size=0, neg = 0
#GCMRL#  618 dt  10.080000 rms  0.431  0.120% neg 0  invalid 762 tFOTS 0.0000 tGradient 1.4190 tsec 3.2120
iter 0, gcam->neg = 15
after 3 iterations, nbhd size=0, neg = 0
#GCMRL#  619 dt  10.080000 rms  0.431 -0.041% neg 0  invalid 762 tFOTS 0.0000 tGradient 1.4160 tsec 3.8770
#GCMRL#  620 dt   0.000703 rms  0.431  0.000% neg 0  invalid 762 tFOTS 4.8100 tGradient 1.4120 tsec 6.5540
setting smoothness cost coefficient to 1.000

#GCAMreg# pass 0 level1 1 level2 0 tsec 0 sigma 2
l_jacobian=1.00 l_label=1.00 l_log_likelihood=0.20 l_smoothness=1.00 
tol=2.50e-01, dt=5.00e-02, exp_k=20.0, momentum=0.90, levels=6, niter=500, lbl_dist=10.00, avgs=1, sigma=2.0,type=2, relabel=0, neg=yes

blurring input image with Gaussian with sigma=2.000...
GCAMRegisterLevel(): init RMS 0.437745
#GCMRL#  622 dt   0.000000 rms  0.437  0.101% neg 0  invalid 762 tFOTS 4.8220 tGradient 1.2960 tsec 6.4480

#GCAMreg# pass 0 level1 1 level2 1 tsec 22.363 sigma 0.5
l_jacobian=1.00 l_label=1.00 l_log_likelihood=0.20 l_smoothness=1.00 
tol=2.50e-01, dt=5.00e-02, exp_k=20.0, momentum=0.90, levels=6, niter=500, lbl_dist=10.00, avgs=1, sigma=0.5,type=2, relabel=0, neg=yes

blurring input image with Gaussian with sigma=0.500...
GCAMRegisterLevel(): init RMS 0.437745
#GCMRL#  624 dt   0.000000 rms  0.437  0.101% neg 0  invalid 762 tFOTS 4.7900 tGradient 1.2930 tsec 6.4120
resetting metric properties...
setting smoothness cost coefficient to 2.000

#GCAMreg# pass 0 level1 0 level2 0 tsec 0 sigma 2
l_jacobian=1.00 l_label=1.00 l_log_likelihood=0.20 l_smoothness=2.00 
tol=2.50e-01, dt=5.00e-02, exp_k=20.0, momentum=0.90, levels=6, niter=500, lbl_dist=10.00, avgs=0, sigma=2.0,type=2, relabel=0, neg=yes

blurring input image with Gaussian with sigma=2.000...
GCAMRegisterLevel(): init RMS 0.426895
#FOTS# QuadFit found better minimum quadopt=(dt=1.792,rms=0.405505) vs oldopt=(dt=1.28,rms=0.407397)
iter 0, gcam->neg = 655
after 16 iterations, nbhd size=1, neg = 0
#GCMRL#  626 dt   1.792000 rms  0.406  4.855% neg 0  invalid 762 tFOTS 5.1000 tGradient 0.7990 tsec 12.8610
#GCMRL#  627 dt   0.000013 rms  0.406  0.000% neg 0  invalid 762 tFOTS 6.4450 tGradient 0.8020 tsec 7.6080

#GCAMreg# pass 0 level1 0 level2 1 tsec 31.119 sigma 0.5
l_jacobian=1.00 l_label=1.00 l_log_likelihood=0.20 l_smoothness=2.00 
tol=2.50e-01, dt=5.00e-02, exp_k=20.0, momentum=0.90, levels=6, niter=500, lbl_dist=10.00, avgs=0, sigma=0.5,type=2, relabel=0, neg=yes

blurring input image with Gaussian with sigma=0.500...
GCAMRegisterLevel(): init RMS 0.406673
#FOTS# QuadFit found better minimum quadopt=(dt=0.028,rms=0.406096) vs oldopt=(dt=0.02,rms=0.406107)
#GCMRL#  629 dt   0.028000 rms  0.406  0.142% neg 0  invalid 762 tFOTS 5.0880 tGradient 0.8010 tsec 6.2230
#FOTS# QuadFit found better minimum quadopt=(dt=0.016,rms=0.406087) vs oldopt=(dt=0.02,rms=0.406087)
#GCMRL#  630 dt   0.016000 rms  0.406  0.000% neg 0  invalid 762 tFOTS 5.0730 tGradient 0.8000 tsec 6.2350
label assignment complete, 0 changed (0.00%)
GCAMregister done in 7.548 min
Starting GCAMcomputeMaxPriorLabels()
Morphing with label term set to 0 *******************************
Starting GCAMregister()
label assignment complete, 0 changed (0.00%)
npasses = 1, nlevels = 6
#pass# 1 of 1 ************************
enabling zero nodes
setting smoothness cost coefficient to 0.008

#GCAMreg# pass 0 level1 5 level2 0 tsec 0 sigma 2
l_jacobian=1.00 l_log_likelihood=0.20 l_smoothness=0.01 
tol=2.50e-01, dt=5.00e-02, exp_k=20.0, momentum=0.90, levels=6, niter=500, lbl_dist=10.00, avgs=256, sigma=2.0,type=2, relabel=0, neg=yes

blurring input image with Gaussian with sigma=2.000...
GCAMRegisterLevel(): init RMS 0.395669

#GCAMreg# pass 0 level1 5 level2 1 tsec 14.332 sigma 0.5
l_jacobian=1.00 l_log_likelihood=0.20 l_smoothness=0.01 
tol=2.50e-01, dt=5.00e-02, exp_k=20.0, momentum=0.90, levels=6, niter=500, lbl_dist=10.00, avgs=256, sigma=0.5,type=2, relabel=0, neg=yes

blurring input image with Gaussian with sigma=0.500...
GCAMRegisterLevel(): init RMS 0.395669
setting smoothness cost coefficient to 0.031

#GCAMreg# pass 0 level1 4 level2 0 tsec 0 sigma 2
l_jacobian=1.00 l_log_likelihood=0.20 l_smoothness=0.03 
tol=2.50e-01, dt=5.00e-02, exp_k=20.0, momentum=0.90, levels=6, niter=500, lbl_dist=10.00, avgs=64, sigma=2.0,type=2, relabel=0, neg=yes

blurring input image with Gaussian with sigma=2.000...
GCAMRegisterLevel(): init RMS 0.395797

#GCAMreg# pass 0 level1 4 level2 1 tsec 13.662 sigma 0.5
l_jacobian=1.00 l_log_likelihood=0.20 l_smoothness=0.03 
tol=2.50e-01, dt=5.00e-02, exp_k=20.0, momentum=0.90, levels=6, niter=500, lbl_dist=10.00, avgs=64, sigma=0.5,type=2, relabel=0, neg=yes

blurring input image with Gaussian with sigma=0.500...
GCAMRegisterLevel(): init RMS 0.395797
#FOTS# QuadFit found better minimum quadopt=(dt=15.552,rms=0.395763) vs oldopt=(dt=25.92,rms=0.395771)
#GCMRL#  635 dt  15.552000 rms  0.396  0.008% neg 0  invalid 762 tFOTS 4.3290 tGradient 1.6360 tsec 6.2780
#FOTS# QuadFit found better minimum quadopt=(dt=9.072,rms=0.395755) vs oldopt=(dt=6.48,rms=0.395756)
#GCMRL#  636 dt   9.072000 rms  0.396  0.000% neg 0  invalid 762 tFOTS 4.5900 tGradient 1.6790 tsec 6.6060
#GCMRL#  637 dt   9.072000 rms  0.396  0.001% neg 0  invalid 762 tFOTS 0.0000 tGradient 1.7070 tsec 2.0090
setting smoothness cost coefficient to 0.118

#GCAMreg# pass 0 level1 3 level2 0 tsec 0 sigma 2
l_jacobian=1.00 l_log_likelihood=0.20 l_smoothness=0.12 
tol=2.50e-01, dt=5.00e-02, exp_k=20.0, momentum=0.90, levels=6, niter=500, lbl_dist=10.00, avgs=16, sigma=2.0,type=2, relabel=0, neg=yes

blurring input image with Gaussian with sigma=2.000...
GCAMRegisterLevel(): init RMS 0.396235
#GCMRL#  639 dt   8.000000 rms  0.396  0.039% neg 0  invalid 762 tFOTS 4.5610 tGradient 1.2190 tsec 6.0900
#FOTS# QuadFit found better minimum quadopt=(dt=2.8,rms=0.396055) vs oldopt=(dt=2,rms=0.39606)
#GCMRL#  640 dt   2.800000 rms  0.396  0.000% neg 0  invalid 762 tFOTS 4.5680 tGradient 1.2300 tsec 6.1350
#GCMRL#  641 dt   2.800000 rms  0.396  0.003% neg 0  invalid 762 tFOTS 0.0000 tGradient 1.2090 tsec 1.5100
iter 0, gcam->neg = 2
after 6 iterations, nbhd size=1, neg = 0

#GCAMreg# pass 0 level1 3 level2 1 tsec 25.531 sigma 0.5
l_jacobian=1.00 l_log_likelihood=0.20 l_smoothness=0.12 
tol=2.50e-01, dt=5.00e-02, exp_k=20.0, momentum=0.90, levels=6, niter=500, lbl_dist=10.00, avgs=16, sigma=0.5,type=2, relabel=0, neg=yes

blurring input image with Gaussian with sigma=0.500...
GCAMRegisterLevel(): init RMS 0.396043
#FOTS# QuadFit found better minimum quadopt=(dt=60.6897,rms=0.394085) vs oldopt=(dt=32,rms=0.394349)
iter 0, gcam->neg = 30
after 12 iterations, nbhd size=1, neg = 0
#GCMRL#  643 dt  60.689655 rms  0.394  0.474% neg 0  invalid 762 tFOTS 4.5690 tGradient 1.2120 tsec 11.3230
#FOTS# QuadFit found better minimum quadopt=(dt=25.6,rms=0.39343) vs oldopt=(dt=32,rms=0.393498)
iter 0, gcam->neg = 8
after 8 iterations, nbhd size=1, neg = 0
#GCMRL#  644 dt  25.600000 rms  0.393  0.000% neg 0  invalid 762 tFOTS 4.5690 tGradient 1.2320 tsec 9.8760
iter 0, gcam->neg = 7
after 3 iterations, nbhd size=0, neg = 0
#GCMRL#  645 dt  25.600000 rms  0.393  0.106% neg 0  invalid 762 tFOTS 0.0000 tGradient 1.2120 tsec 3.3670
iter 0, gcam->neg = 17
after 11 iterations, nbhd size=1, neg = 0
#GCMRL#  646 dt  25.600000 rms  0.393  0.124% neg 0  invalid 762 tFOTS 0.0000 tGradient 1.2910 tsec 6.4360
iter 0, gcam->neg = 25
after 17 iterations, nbhd size=1, neg = 0
#GCMRL#  647 dt  25.600000 rms  0.392  0.104% neg 0  invalid 762 tFOTS 0.0000 tGradient 1.2340 tsec 8.5730
iter 0, gcam->neg = 48
after 15 iterations, nbhd size=1, neg = 0
#GCMRL#  648 dt  25.600000 rms  0.392  0.080% neg 0  invalid 762 tFOTS 0.0000 tGradient 1.3010 tsec 7.8680
#FOTS# QuadFit found better minimum quadopt=(dt=44.8,rms=0.391589) vs oldopt=(dt=32,rms=0.391615)
iter 0, gcam->neg = 3
after 2 iterations, nbhd size=0, neg = 0
setting smoothness cost coefficient to 0.400

#GCAMreg# pass 0 level1 2 level2 0 tsec 0 sigma 2
l_jacobian=1.00 l_log_likelihood=0.20 l_smoothness=0.40 
tol=2.50e-01, dt=5.00e-02, exp_k=20.0, momentum=0.90, levels=6, niter=500, lbl_dist=10.00, avgs=4, sigma=2.0,type=2, relabel=0, neg=yes

blurring input image with Gaussian with sigma=2.000...
GCAMRegisterLevel(): init RMS 0.394243
#FOTS# QuadFit found better minimum quadopt=(dt=3.456,rms=0.39407) vs oldopt=(dt=2.88,rms=0.394076)
iter 0, gcam->neg = 3
after 0 iterations, nbhd size=0, neg = 0
#GCMRL#  650 dt   3.456000 rms  0.394  0.044% neg 0  invalid 762 tFOTS 4.8100 tGradient 1.0530 tsec 6.9360
#FOTS# QuadFit found better minimum quadopt=(dt=1.008,rms=0.394057) vs oldopt=(dt=0.72,rms=0.394059)
iter 0, gcam->neg = 1
after 0 iterations, nbhd size=0, neg = 0
#GCMRL#  651 dt   1.008000 rms  0.394  0.000% neg 0  invalid 762 tFOTS 4.8630 tGradient 1.0520 tsec 6.9940
iter 0, gcam->neg = 1
after 0 iterations, nbhd size=0, neg = 0

#GCAMreg# pass 0 level1 2 level2 1 tsec 23.357 sigma 0.5
l_jacobian=1.00 l_log_likelihood=0.20 l_smoothness=0.40 
tol=2.50e-01, dt=5.00e-02, exp_k=20.0, momentum=0.90, levels=6, niter=500, lbl_dist=10.00, avgs=4, sigma=0.5,type=2, relabel=0, neg=yes

blurring input image with Gaussian with sigma=0.500...
GCAMRegisterLevel(): init RMS 0.394061
#FOTS# QuadFit found better minimum quadopt=(dt=24.5424,rms=0.392056) vs oldopt=(dt=11.52,rms=0.392582)
iter 0, gcam->neg = 25
after 6 iterations, nbhd size=0, neg = 0
#GCMRL#  653 dt  24.542373 rms  0.392  0.503% neg 0  invalid 762 tFOTS 4.6630 tGradient 1.0210 tsec 8.8390
#FOTS# QuadFit found better minimum quadopt=(dt=14.2,rms=0.391151) vs oldopt=(dt=11.52,rms=0.391181)
iter 0, gcam->neg = 9
after 3 iterations, nbhd size=0, neg = 0
#GCMRL#  654 dt  14.200000 rms  0.391  0.000% neg 0  invalid 762 tFOTS 4.6730 tGradient 1.0140 tsec 7.8110
iter 0, gcam->neg = 11
after 4 iterations, nbhd size=0, neg = 0
#GCMRL#  655 dt  14.200000 rms  0.391  0.053% neg 0  invalid 762 tFOTS 0.0000 tGradient 1.0030 tsec 3.4270
iter 0, gcam->neg = 26
after 10 iterations, nbhd size=0, neg = 0
#GCMRL#  656 dt  14.200000 rms  0.390  0.127% neg 0  invalid 762 tFOTS 0.0000 tGradient 1.0130 tsec 5.5660
iter 0, gcam->neg = 37
after 19 iterations, nbhd size=1, neg = 0
#GCMRL#  657 dt  14.200000 rms  0.390  0.077% neg 0  invalid 762 tFOTS 0.0000 tGradient 1.0090 tsec 8.7150
iter 0, gcam->neg = 63
after 12 iterations, nbhd size=0, neg = 0
#GCMRL#  658 dt  14.200000 rms  0.390  0.085% neg 0  invalid 762 tFOTS 0.0000 tGradient 1.0150 tsec 6.2920
iter 0, gcam->neg = 107
after 20 iterations, nbhd size=1, neg = 0
#GCMRL#  659 dt  14.200000 rms  0.390  0.036% neg 0  invalid 762 tFOTS 0.0000 tGradient 1.0170 tsec 9.2330
#FOTS# QuadFit found better minimum quadopt=(dt=11.2542,rms=0.389261) vs oldopt=(dt=11.52,rms=0.389262)
iter 0, gcam->neg = 23
after 15 iterations, nbhd size=1, neg = 0
#GCMRL#  660 dt  11.254237 rms  0.389  0.087% neg 0  invalid 762 tFOTS 4.6620 tGradient 1.0170 tsec 12.0190
#FOTS# QuadFit found better minimum quadopt=(dt=7.33333,rms=0.389234) vs oldopt=(dt=11.52,rms=0.389272)
iter 0, gcam->neg = 13
after 4 iterations, nbhd size=0, neg = 0
#GCMRL#  661 dt   7.333333 rms  0.389  0.000% neg 0  invalid 762 tFOTS 4.6950 tGradient 1.0120 tsec 8.1840
iter 0, gcam->neg = 11
after 10 iterations, nbhd size=0, neg = 0
#GCMRL#  662 dt   7.333333 rms  0.389  0.014% neg 0  invalid 762 tFOTS 0.0000 tGradient 1.0050 tsec 5.5530
iter 0, gcam->neg = 24
after 7 iterations, nbhd size=0, neg = 0
#GCMRL#  663 dt   7.333333 rms  0.389  0.012% neg 0  invalid 762 tFOTS 0.0000 tGradient 1.0100 tsec 4.4900
iter 0, gcam->neg = 34
after 11 iterations, nbhd size=0, neg = 0
setting smoothness cost coefficient to 1.000

#GCAMreg# pass 0 level1 1 level2 0 tsec 0 sigma 2
l_jacobian=1.00 l_log_likelihood=0.20 l_smoothness=1.00 
tol=2.50e-01, dt=5.00e-02, exp_k=20.0, momentum=0.90, levels=6, niter=500, lbl_dist=10.00, avgs=1, sigma=2.0,type=2, relabel=0, neg=yes

blurring input image with Gaussian with sigma=2.000...
GCAMRegisterLevel(): init RMS 0.394332
#GCMRL#  665 dt   0.000050 rms  0.394  0.000% neg 0  invalid 762 tFOTS 5.9350 tGradient 0.8410 tsec 7.0840

#GCAMreg# pass 0 level1 1 level2 1 tsec 20.043 sigma 0.5
l_jacobian=1.00 l_log_likelihood=0.20 l_smoothness=1.00 
tol=2.50e-01, dt=5.00e-02, exp_k=20.0, momentum=0.90, levels=6, niter=500, lbl_dist=10.00, avgs=1, sigma=0.5,type=2, relabel=0, neg=yes

blurring input image with Gaussian with sigma=0.500...
GCAMRegisterLevel(): init RMS 0.394332
resetting metric properties...
setting smoothness cost coefficient to 2.000

#GCAMreg# pass 0 level1 0 level2 0 tsec 0 sigma 2
l_jacobian=1.00 l_log_likelihood=0.20 l_smoothness=2.00 
tol=2.50e-01, dt=5.00e-02, exp_k=20.0, momentum=0.90, levels=6, niter=500, lbl_dist=10.00, avgs=0, sigma=2.0,type=2, relabel=0, neg=yes

blurring input image with Gaussian with sigma=2.000...
GCAMRegisterLevel(): init RMS 0.385685
#FOTS# QuadFit found better minimum quadopt=(dt=0.916667,rms=0.379468) vs oldopt=(dt=1.28,rms=0.380561)
iter 0, gcam->neg = 457
after 14 iterations, nbhd size=1, neg = 0
#GCMRL#  668 dt   0.916667 rms  0.380  1.410% neg 0  invalid 762 tFOTS 4.5990 tGradient 0.3630 tsec 11.1200
#FOTS# QuadFit found better minimum quadopt=(dt=4e-05,rms=0.380245) vs oldopt=(dt=5e-05,rms=0.380245)
#GCMRL#  669 dt   0.000040 rms  0.380  0.000% neg 0  invalid 762 tFOTS 5.8460 tGradient 0.3610 tsec 6.5480

#GCAMreg# pass 0 level1 0 level2 1 tsec 25.665 sigma 0.5
l_jacobian=1.00 l_log_likelihood=0.20 l_smoothness=2.00 
tol=2.50e-01, dt=5.00e-02, exp_k=20.0, momentum=0.90, levels=6, niter=500, lbl_dist=10.00, avgs=0, sigma=0.5,type=2, relabel=0, neg=yes

blurring input image with Gaussian with sigma=0.500...
GCAMRegisterLevel(): init RMS 0.380245
#FOTS# QuadFit found better minimum quadopt=(dt=0.112,rms=0.37989) vs oldopt=(dt=0.08,rms=0.379958)
#GCMRL#  671 dt   0.112000 rms  0.380  0.093% neg 0  invalid 762 tFOTS 4.6070 tGradient 0.3650 tsec 5.2890
#FOTS# QuadFit found better minimum quadopt=(dt=0.256,rms=0.379571) vs oldopt=(dt=0.32,rms=0.379616)
iter 0, gcam->neg = 1
after 0 iterations, nbhd size=0, neg = 0
#GCMRL#  672 dt   0.256000 rms  0.380  0.000% neg 0  invalid 762 tFOTS 4.5970 tGradient 0.3670 tsec 6.0560
#GCMRL#  673 dt   0.256000 rms  0.379  0.106% neg 0  invalid 762 tFOTS 0.0000 tGradient 0.3650 tsec 0.6630
iter 0, gcam->neg = 22
after 2 iterations, nbhd size=0, neg = 0
#GCMRL#  674 dt   0.256000 rms  0.379  0.041% neg 0  invalid 762 tFOTS 0.0000 tGradient 0.3620 tsec 2.1400
iter 0, gcam->neg = 69
after 10 iterations, nbhd size=1, neg = 0
GCAMregister done in 5.33767 min
writing output transformation to transforms/talairach.m3z...
GCAMwrite
Calls to gcamLogLikelihoodEnergy 4547 tmin = 1.98238
Calls to gcamLabelEnergy         4016 tmin = 1.3808
Calls to gcamJacobianEnergy      4547 tmin = 0.84205
Calls to gcamSmoothnessEnergy    4547 tmin = 5.51187
Calls to gcamLogLikelihoodTerm 676 tmin = 0.896117
Calls to gcamLabelTerm         632 tmin = 5.8099
Calls to gcamJacobianTerm      676 tmin = 1.2557
Calls to gcamSmoothnessTerm    676 tmin = 0.524867
Calls to gcamComputeGradient    676 tmin = 20.3295
Calls to gcamComputeMetricProperties    6605 tmin = 2.35285
mri_ca_register took 0 hours, 50 minutes and 20 seconds.
#VMPC# mri_ca_register VmPeak  3119132
FSRUNTIME@ mri_ca_register  0.8390 hours 16 threads
#--------------------------------------
#@# SubCort Seg Tue Mar 10 08:08:42 CET 2026

 mri_ca_label -relabel_unlikely 9 .3 -prior 0.5 -align norm.mgz transforms/talairach.m3z /opt/freesurfer/average/RB_all_2020-01-02.gca aseg.auto_noCCseg.mgz 

sysname  Linux
hostname dna063
machine  x86_64

setenv SUBJECTS_DIR /out/sourcedata/freesurfer
cd /out/sourcedata/freesurfer/sub-v1s8x0051346_ses-1/mri
mri_ca_label -relabel_unlikely 9 .3 -prior 0.5 -align norm.mgz transforms/talairach.m3z /opt/freesurfer/average/RB_all_2020-01-02.gca aseg.auto_noCCseg.mgz 

relabeling unlikely voxels with window_size = 9 and prior threshold 0.30
using Gibbs prior factor = 0.500
renormalizing sequences with structure alignment, equivalent to:
	-renormalize
	-renormalize_mean 0.500
	-regularize 0.500

== Number of threads available to for OpenMP = 16 == 
reading 1 input volumes
reading classifier array from /opt/freesurfer/average/RB_all_2020-01-02.gca
reading input volume from norm.mgz
average std[0] = 7.2
reading transform from transforms/talairach.m3z
setting orig areas to linear transform determinant scaled 6.20
Atlas used for the 3D morph was /opt/freesurfer/average/RB_all_2020-01-02.gca
average std = 7.2   using min determinant for regularization = 5.2
0 singular and 0 ill-conditioned covariance matrices regularized
labeling volume...
renormalizing by structure alignment....
renormalizing input #0
gca peak = 0.15521 (20)
mri peak = 0.17595 (27)
Left_Lateral_Ventricle (4): linear fit = 1.27 x + 0.0 (1064 voxels, overlap=0.384)
Left_Lateral_Ventricle (4): linear fit = 1.27 x + 0.0 (1064 voxels, peak = 26), gca=25.5
gca peak = 0.20380 (13)
mri peak = 0.19102 (26)
Right_Lateral_Ventricle (43): linear fit = 1.82 x + 0.0 (1496 voxels, overlap=0.239)
Right_Lateral_Ventricle (43): linear fit = 1.50 x + 0.0 (1496 voxels, peak = 24), gca=19.5
gca peak = 0.26283 (96)
mri peak = 0.15750 (101)
Right_Pallidum (52): linear fit = 1.04 x + 0.0 (518 voxels, overlap=0.314)
Right_Pallidum (52): linear fit = 1.04 x + 0.0 (518 voxels, peak = 100), gca=100.3
gca peak = 0.15814 (97)
mri peak = 0.16162 (102)
Left_Pallidum (13): linear fit = 1.08 x + 0.0 (495 voxels, overlap=0.205)
Left_Pallidum (13): linear fit = 1.08 x + 0.0 (495 voxels, peak = 104), gca=104.3
gca peak = 0.27624 (56)
mri peak = 0.12000 (71)
Right_Hippocampus (53): linear fit = 1.26 x + 0.0 (926 voxels, overlap=0.020)
Right_Hippocampus (53): linear fit = 1.26 x + 0.0 (926 voxels, peak = 71), gca=70.8
gca peak = 0.28723 (59)
mri peak = 0.10841 (72)
Left_Hippocampus (17): linear fit = 1.23 x + 0.0 (903 voxels, overlap=0.021)
Left_Hippocampus (17): linear fit = 1.23 x + 0.0 (903 voxels, peak = 72), gca=72.3
gca peak = 0.07623 (103)
mri peak = 0.11015 (105)
Right_Cerebral_White_Matter (41): linear fit = 1.02 x + 0.0 (38822 voxels, overlap=0.561)
Right_Cerebral_White_Matter (41): linear fit = 1.02 x + 0.0 (38822 voxels, peak = 106), gca=105.6
gca peak = 0.07837 (105)
mri peak = 0.13044 (107)
Left_Cerebral_White_Matter (2): linear fit = 1.02 x + 0.0 (38243 voxels, overlap=0.473)
Left_Cerebral_White_Matter (2): linear fit = 1.02 x + 0.0 (38243 voxels, peak = 108), gca=107.6
gca peak = 0.10165 (58)
mri peak = 0.05462 (72)
Left_Cerebral_Cortex (3): linear fit = 1.22 x + 0.0 (35018 voxels, overlap=0.124)
Left_Cerebral_Cortex (3): linear fit = 1.22 x + 0.0 (35018 voxels, peak = 70), gca=70.5
gca peak = 0.11113 (58)
mri peak = 0.05153 (72)
Right_Cerebral_Cortex (42): linear fit = 1.20 x + 0.0 (34246 voxels, overlap=0.252)
Right_Cerebral_Cortex (42): linear fit = 1.20 x + 0.0 (34246 voxels, peak = 69), gca=69.3
gca peak = 0.27796 (67)
mri peak = 0.15781 (83)
Right_Caudate (50): linear fit = 1.25 x + 0.0 (1066 voxels, overlap=0.019)
Right_Caudate (50): linear fit = 1.25 x + 0.0 (1066 voxels, peak = 83), gca=83.4
gca peak = 0.14473 (69)
mri peak = 0.13929 (83)
Left_Caudate (11): linear fit = 1.13 x + 0.0 (962 voxels, overlap=0.120)
Left_Caudate (11): linear fit = 1.13 x + 0.0 (962 voxels, peak = 78), gca=78.3
gca peak = 0.14301 (56)
mri peak = 0.06729 (75)
Left_Cerebellum_Cortex (8): linear fit = 1.34 x + 0.0 (31834 voxels, overlap=0.001)
Left_Cerebellum_Cortex (8): linear fit = 1.34 x + 0.0 (31834 voxels, peak = 75), gca=74.8
gca peak = 0.14610 (55)
mri peak = 0.07630 (73)
Right_Cerebellum_Cortex (47): linear fit = 1.34 x + 0.0 (35129 voxels, overlap=0.001)
Right_Cerebellum_Cortex (47): linear fit = 1.34 x + 0.0 (35129 voxels, peak = 73), gca=73.4
gca peak = 0.16309 (85)
mri peak = 0.09388 (95)
Left_Cerebellum_White_Matter (7): linear fit = 1.13 x + 0.0 (5451 voxels, overlap=0.122)
Left_Cerebellum_White_Matter (7): linear fit = 1.13 x + 0.0 (5451 voxels, peak = 96), gca=96.5
gca peak = 0.15172 (84)
mri peak = 0.10773 (94)
Right_Cerebellum_White_Matter (46): linear fit = 1.12 x + 0.0 (5251 voxels, overlap=0.215)
Right_Cerebellum_White_Matter (46): linear fit = 1.12 x + 0.0 (5251 voxels, peak = 94), gca=93.7
gca peak = 0.30461 (58)
mri peak = 0.15918 (74)
Left_Amygdala (18): linear fit = 1.26 x + 0.0 (587 voxels, overlap=0.057)
Left_Amygdala (18): linear fit = 1.26 x + 0.0 (587 voxels, peak = 73), gca=73.4
gca peak = 0.32293 (57)
mri peak = 0.13284 (73)
Right_Amygdala (54): linear fit = 1.25 x + 0.0 (665 voxels, overlap=0.050)
Right_Amygdala (54): linear fit = 1.25 x + 0.0 (665 voxels, peak = 72), gca=71.5
gca peak = 0.11083 (90)
mri peak = 0.08142 (93)
Left_Thalamus (10): linear fit = 1.04 x + 0.0 (4691 voxels, overlap=0.841)
Left_Thalamus (10): linear fit = 1.04 x + 0.0 (4691 voxels, peak = 94), gca=94.0
gca peak = 0.11393 (83)
mri peak = 0.08054 (90)
Right_Thalamus (49): linear fit = 1.08 x + 0.0 (4868 voxels, overlap=0.696)
Right_Thalamus (49): linear fit = 1.08 x + 0.0 (4868 voxels, peak = 89), gca=89.2
gca peak = 0.08575 (81)
mri peak = 0.09326 (94)
Left_Putamen (12): linear fit = 1.17 x + 0.0 (1737 voxels, overlap=0.158)
Left_Putamen (12): linear fit = 1.17 x + 0.0 (1737 voxels, peak = 95), gca=95.2
gca peak = 0.08618 (78)
mri peak = 0.09957 (91)
Right_Putamen (51): linear fit = 1.13 x + 0.0 (1857 voxels, overlap=0.177)
Right_Putamen (51): linear fit = 1.13 x + 0.0 (1857 voxels, peak = 89), gca=88.5
gca peak = 0.08005 (78)
mri peak = 0.10229 (89)
Brain_Stem (16): linear fit = 1.10 x + 0.0 (12666 voxels, overlap=0.366)
Brain_Stem (16): linear fit = 1.10 x + 0.0 (12666 voxels, peak = 85), gca=85.4
gca peak = 0.12854 (88)
mri peak = 0.11827 (94)
Right_VentralDC (60): linear fit = 1.09 x + 0.0 (1276 voxels, overlap=0.503)
Right_VentralDC (60): linear fit = 1.09 x + 0.0 (1276 voxels, peak = 95), gca=95.5
gca peak = 0.15703 (87)
mri peak = 0.15897 (94)
Left_VentralDC (28): linear fit = 1.07 x + 0.0 (1328 voxels, overlap=0.330)
Left_VentralDC (28): linear fit = 1.07 x + 0.0 (1328 voxels, peak = 93), gca=92.7
gca peak = 0.17522 (25)
mri peak = 0.26778 (29)
Third_Ventricle (14): linear fit = 1.12 x + 0.0 (57 voxels, overlap=0.482)
Third_Ventricle (14): linear fit = 1.12 x + 0.0 (57 voxels, peak = 28), gca=28.1
gca peak = 0.17113 (14)
mri peak = 0.13934 (26)
Fourth_Ventricle (15): linear fit = 1.64 x + 0.0 (106 voxels, overlap=0.192)
Fourth_Ventricle (15): linear fit = 1.64 x + 0.0 (106 voxels, peak = 23), gca=23.0
gca peak Unknown = 0.94777 ( 0)
gca peak Left_Inf_Lat_Vent = 0.16627 (28)
gca peak Fourth_Ventricle = 0.17113 (14)
gca peak CSF = 0.20346 (36)
gca peak Left_Accumbens_area = 0.70646 (62)
gca peak Left_undetermined = 1.00000 (28)
gca peak Left_vessel = 0.89917 (53)
gca peak Left_choroid_plexus = 0.11689 (35)
gca peak Right_Inf_Lat_Vent = 0.25504 (23)
gca peak Right_Accumbens_area = 0.31650 (65)
gca peak Right_vessel = 0.77268 (52)
gca peak Right_choroid_plexus = 0.13275 (38)
gca peak Fifth_Ventricle = 0.60973 (33)
gca peak WM_hypointensities = 0.11013 (77)
gca peak non_WM_hypointensities = 0.11354 (41)
gca peak Optic_Chiasm = 0.51646 (76)
not using caudate to estimate GM means
estimating mean gm scale to be 1.24 x + 0.0
estimating mean wm scale to be 1.02 x + 0.0
estimating mean csf scale to be 1.30 x + 0.0
Left_Putamen too bright - rescaling by 1.008 (from 1.175) to 95.9 (was 95.2)
Left_Pallidum too bright - rescaling by 0.992 (from 1.075) to 103.4 (was 104.3)
saving intensity scales to aseg.auto_noCCseg.label_intensities.txt
renormalizing by structure alignment....
renormalizing input #0
gca peak = 0.13644 (24)
mri peak = 0.17595 (27)
Left_Lateral_Ventricle (4): linear fit = 1.05 x + 0.0 (1064 voxels, overlap=0.774)
Left_Lateral_Ventricle (4): linear fit = 1.05 x + 0.0 (1064 voxels, peak = 25), gca=25.3
gca peak = 0.16707 (19)
mri peak = 0.19102 (26)
Right_Lateral_Ventricle (43): linear fit = 1.18 x + 0.0 (1496 voxels, overlap=0.418)
Right_Lateral_Ventricle (43): linear fit = 1.18 x + 0.0 (1496 voxels, peak = 23), gca=22.5
gca peak = 0.21443 (100)
mri peak = 0.15750 (101)
Right_Pallidum (52): linear fit = 1.00 x + 0.0 (518 voxels, overlap=0.966)
Right_Pallidum (52): linear fit = 1.00 x + 0.0 (518 voxels, peak = 100), gca=100.5
gca peak = 0.16469 (101)
mri peak = 0.16162 (102)
Left_Pallidum (13): linear fit = 1.00 x + 0.0 (495 voxels, overlap=0.906)
Left_Pallidum (13): linear fit = 1.00 x + 0.0 (495 voxels, peak = 101), gca=101.0
gca peak = 0.24655 (70)
mri peak = 0.12000 (71)
Right_Hippocampus (53): linear fit = 1.00 x + 0.0 (926 voxels, overlap=1.001)
Right_Hippocampus (53): linear fit = 1.00 x + 0.0 (926 voxels, peak = 70), gca=70.0
gca peak = 0.31098 (69)
mri peak = 0.10841 (72)
Left_Hippocampus (17): linear fit = 1.00 x + 0.0 (903 voxels, overlap=1.006)
Left_Hippocampus (17): linear fit = 1.00 x + 0.0 (903 voxels, peak = 69), gca=69.0
gca peak = 0.07779 (106)
mri peak = 0.11015 (105)
Right_Cerebral_White_Matter (41): linear fit = 1.00 x + 0.0 (38822 voxels, overlap=0.672)
Right_Cerebral_White_Matter (41): linear fit = 1.00 x + 0.0 (38822 voxels, peak = 106), gca=106.0
gca peak = 0.07733 (107)
mri peak = 0.13044 (107)
Left_Cerebral_White_Matter (2): linear fit = 1.00 x + 0.0 (38243 voxels, overlap=0.594)
Left_Cerebral_White_Matter (2): linear fit = 1.00 x + 0.0 (38243 voxels, peak = 107), gca=107.0
gca peak = 0.07984 (69)
mri peak = 0.05462 (72)
Left_Cerebral_Cortex (3): linear fit = 1.01 x + 0.0 (35018 voxels, overlap=0.946)
Left_Cerebral_Cortex (3): linear fit = 1.01 x + 0.0 (35018 voxels, peak = 70), gca=70.0
gca peak = 0.09468 (70)
mri peak = 0.05153 (72)
Right_Cerebral_Cortex (42): linear fit = 1.03 x + 0.0 (34246 voxels, overlap=0.957)
Right_Cerebral_Cortex (42): linear fit = 1.03 x + 0.0 (34246 voxels, peak = 72), gca=72.4
gca peak = 0.20908 (83)
mri peak = 0.15781 (83)
Right_Caudate (50): linear fit = 0.99 x + 0.0 (1066 voxels, overlap=0.999)
Right_Caudate (50): linear fit = 0.99 x + 0.0 (1066 voxels, peak = 82), gca=81.8
gca peak = 0.15917 (88)
mri peak = 0.13929 (83)
Left_Caudate (11): linear fit = 0.99 x + 0.0 (962 voxels, overlap=0.933)
Left_Caudate (11): linear fit = 0.99 x + 0.0 (962 voxels, peak = 87), gca=86.7
gca peak = 0.10464 (74)
mri peak = 0.06729 (75)
Left_Cerebellum_Cortex (8): linear fit = 1.00 x + 0.0 (31834 voxels, overlap=0.942)
Left_Cerebellum_Cortex (8): linear fit = 1.00 x + 0.0 (31834 voxels, peak = 74), gca=73.6
gca peak = 0.11936 (74)
mri peak = 0.07630 (73)
Right_Cerebellum_Cortex (47): linear fit = 0.99 x + 0.0 (35129 voxels, overlap=0.918)
Right_Cerebellum_Cortex (47): linear fit = 0.99 x + 0.0 (35129 voxels, peak = 73), gca=72.9
gca peak = 0.15417 (96)
mri peak = 0.09388 (95)
Left_Cerebellum_White_Matter (7): linear fit = 0.99 x + 0.0 (5451 voxels, overlap=0.968)
Left_Cerebellum_White_Matter (7): linear fit = 0.99 x + 0.0 (5451 voxels, peak = 95), gca=94.6
gca peak = 0.15159 (94)
mri peak = 0.10773 (94)
Right_Cerebellum_White_Matter (46): linear fit = 0.99 x + 0.0 (5251 voxels, overlap=0.940)
Right_Cerebellum_White_Matter (46): linear fit = 0.99 x + 0.0 (5251 voxels, peak = 93), gca=92.6
gca peak = 0.27831 (72)
mri peak = 0.15918 (74)
Left_Amygdala (18): linear fit = 1.00 x + 0.0 (587 voxels, overlap=1.016)
Left_Amygdala (18): linear fit = 1.00 x + 0.0 (587 voxels, peak = 72), gca=72.0
gca peak = 0.27139 (72)
mri peak = 0.13284 (73)
Right_Amygdala (54): linear fit = 1.01 x + 0.0 (665 voxels, overlap=1.007)
Right_Amygdala (54): linear fit = 1.01 x + 0.0 (665 voxels, peak = 73), gca=73.1
gca peak = 0.10722 (94)
mri peak = 0.08142 (93)
Left_Thalamus (10): linear fit = 1.00 x + 0.0 (4691 voxels, overlap=0.966)
Left_Thalamus (10): linear fit = 1.00 x + 0.0 (4691 voxels, peak = 94), gca=93.5
gca peak = 0.10739 (87)
mri peak = 0.08054 (90)
Right_Thalamus (49): linear fit = 1.00 x + 0.0 (4868 voxels, overlap=0.953)
Right_Thalamus (49): linear fit = 1.00 x + 0.0 (4868 voxels, peak = 87), gca=86.6
gca peak = 0.08038 (96)
mri peak = 0.09326 (94)
Left_Putamen (12): linear fit = 0.99 x + 0.0 (1737 voxels, overlap=0.831)
Left_Putamen (12): linear fit = 0.99 x + 0.0 (1737 voxels, peak = 95), gca=94.6
gca peak = 0.08616 (86)
mri peak = 0.09957 (91)
Right_Putamen (51): linear fit = 1.01 x + 0.0 (1857 voxels, overlap=0.843)
Right_Putamen (51): linear fit = 1.01 x + 0.0 (1857 voxels, peak = 87), gca=87.3
gca peak = 0.08759 (86)
mri peak = 0.10229 (89)
Brain_Stem (16): linear fit = 1.00 x + 0.0 (12666 voxels, overlap=0.732)
Brain_Stem (16): linear fit = 1.00 x + 0.0 (12666 voxels, peak = 86), gca=85.6
gca peak = 0.11680 (97)
mri peak = 0.11827 (94)
Right_VentralDC (60): linear fit = 1.00 x + 0.0 (1276 voxels, overlap=0.818)
Right_VentralDC (60): linear fit = 1.00 x + 0.0 (1276 voxels, peak = 97), gca=96.5
gca peak = 0.14854 (91)
mri peak = 0.15897 (94)
Left_VentralDC (28): linear fit = 1.02 x + 0.0 (1328 voxels, overlap=0.846)
Left_VentralDC (28): linear fit = 1.02 x + 0.0 (1328 voxels, peak = 93), gca=93.3
gca peak = 0.17568 (28)
mri peak = 0.26778 (29)
Third_Ventricle (14): linear fit = 0.94 x + 0.0 (57 voxels, overlap=0.528)
Third_Ventricle (14): linear fit = 0.94 x + 0.0 (57 voxels, peak = 26), gca=26.5
gca peak = 0.17388 (19)
mri peak = 0.13934 (26)
Fourth_Ventricle (15): linear fit = 1.34 x + 0.0 (106 voxels, overlap=0.375)
Fourth_Ventricle (15): linear fit = 1.34 x + 0.0 (106 voxels, peak = 25), gca=25.4
gca peak Unknown = 0.94777 ( 0)
gca peak Left_Inf_Lat_Vent = 0.17357 (34)
gca peak CSF = 0.18301 (47)
gca peak Left_Accumbens_area = 0.49513 (70)
gca peak Left_undetermined = 0.98480 (29)
gca peak Left_vessel = 0.89837 (53)
gca peak Left_choroid_plexus = 0.11177 (35)
gca peak Right_Inf_Lat_Vent = 0.21843 (29)
gca peak Right_Accumbens_area = 0.28224 (82)
gca peak Right_vessel = 0.77268 (52)
gca peak Right_choroid_plexus = 0.13289 (38)
gca peak Fifth_Ventricle = 0.59466 (42)
gca peak WM_hypointensities = 0.11346 (78)
gca peak non_WM_hypointensities = 0.11377 (42)
gca peak Optic_Chiasm = 0.51666 (76)
not using caudate to estimate GM means
estimating mean gm scale to be 1.01 x + 0.0
estimating mean wm scale to be 1.00 x + 0.0
estimating mean csf scale to be 1.13 x + 0.0
saving intensity scales to aseg.auto_noCCseg.label_intensities.txt
saving sequentially combined intensity scales to aseg.auto_noCCseg.label_intensities.txt
47279 voxels changed in iteration 0 of unlikely voxel relabeling
163 voxels changed in iteration 1 of unlikely voxel relabeling
0 voxels changed in iteration 2 of unlikely voxel relabeling
45101 gm and wm labels changed (%39 to gray, %61 to white out of all changed labels)
422 hippocampal voxels changed.
0 amygdala voxels changed.
Reclassifying using Gibbs Priors
pass 1: 58781 changed. image ll: -2.073, PF=0.500
pass 2: 14650 changed. image ll: -2.072, PF=0.500
pass 3: 4257 changed.
33942 voxels changed in iteration 0 of unlikely voxel relabeling
315 voxels changed in iteration 1 of unlikely voxel relabeling
1 voxels changed in iteration 2 of unlikely voxel relabeling
0 voxels changed in iteration 3 of unlikely voxel relabeling
7291 voxels changed in iteration 0 of unlikely voxel relabeling
160 voxels changed in iteration 1 of unlikely voxel relabeling
0 voxels changed in iteration 2 of unlikely voxel relabeling
6167 voxels changed in iteration 0 of unlikely voxel relabeling
119 voxels changed in iteration 1 of unlikely voxel relabeling
9 voxels changed in iteration 2 of unlikely voxel relabeling
0 voxels changed in iteration 3 of unlikely voxel relabeling
5012 voxels changed in iteration 0 of unlikely voxel relabeling
39 voxels changed in iteration 1 of unlikely voxel relabeling
4 voxels changed in iteration 2 of unlikely voxel relabeling
0 voxels changed in iteration 3 of unlikely voxel relabeling
 !!!!!!!!! ventricle segment 0 with volume 6112 above threshold 100 - not erasing !!!!!!!!!!
 !!!!!!!!! ventricle segment 2 with volume 7069 above threshold 100 - not erasing !!!!!!!!!!
writing labeled volume to aseg.auto_noCCseg.mgz
mri_ca_label utimesec    2046.758840
mri_ca_label stimesec    3.427297
mri_ca_label ru_maxrss   2118848
mri_ca_label ru_ixrss    0
mri_ca_label ru_idrss    0
mri_ca_label ru_isrss    0
mri_ca_label ru_minflt   5229918
mri_ca_label ru_majflt   16
mri_ca_label ru_nswap    0
mri_ca_label ru_inblock  1142
mri_ca_label ru_oublock  656
mri_ca_label ru_msgsnd   0
mri_ca_label ru_msgrcv   0
mri_ca_label ru_nsignals 0
mri_ca_label ru_nvcsw    2816
mri_ca_label ru_nivcsw   1326
auto-labeling took 32 minutes and 52 seconds.
#--------------------------------------
#@# CC Seg Tue Mar 10 08:41:34 CET 2026

 mri_cc -aseg aseg.auto_noCCseg.mgz -o aseg.auto.mgz -lta /out/sourcedata/freesurfer/sub-v1s8x0051346_ses-1/mri/transforms/cc_up.lta sub-v1s8x0051346_ses-1 

will read input aseg from aseg.auto_noCCseg.mgz
writing aseg with cc labels to aseg.auto.mgz
will write lta as /out/sourcedata/freesurfer/sub-v1s8x0051346_ses-1/mri/transforms/cc_up.lta
reading aseg from /out/sourcedata/freesurfer/sub-v1s8x0051346_ses-1/mri/aseg.auto_noCCseg.mgz
reading norm from /out/sourcedata/freesurfer/sub-v1s8x0051346_ses-1/mri/norm.mgz
50763 voxels in left wm, 50216 in right wm, xrange [120, 131]
searching rotation angles z=[-4 10], y=[-10  4]
searching scale 1 Z rot -4.2  searching scale 1 Z rot -4.0  searching scale 1 Z rot -3.7  searching scale 1 Z rot -3.5  searching scale 1 Z rot -3.2  searching scale 1 Z rot -3.0  searching scale 1 Z rot -2.7  searching scale 1 Z rot -2.5  searching scale 1 Z rot -2.2  searching scale 1 Z rot -2.0  searching scale 1 Z rot -1.7  searching scale 1 Z rot -1.5  searching scale 1 Z rot -1.2  searching scale 1 Z rot -1.0  searching scale 1 Z rot -0.7  searching scale 1 Z rot -0.5  searching scale 1 Z rot -0.2  searching scale 1 Z rot 0.0  searching scale 1 Z rot 0.3  searching scale 1 Z rot 0.5  searching scale 1 Z rot 0.8  searching scale 1 Z rot 1.0  searching scale 1 Z rot 1.3  searching scale 1 Z rot 1.5  searching scale 1 Z rot 1.8  searching scale 1 Z rot 2.0  searching scale 1 Z rot 2.3  searching scale 1 Z rot 2.5  searching scale 1 Z rot 2.8  searching scale 1 Z rot 3.0  searching scale 1 Z rot 3.3  searching scale 1 Z rot 3.5  searching scale 1 Z rot 3.8  searching scale 1 Z rot 4.0  searching scale 1 Z rot 4.3  searching scale 1 Z rot 4.5  searching scale 1 Z rot 4.8  searching scale 1 Z rot 5.0  searching scale 1 Z rot 5.3  searching scale 1 Z rot 5.5  searching scale 1 Z rot 5.8  searching scale 1 Z rot 6.0  searching scale 1 Z rot 6.3  searching scale 1 Z rot 6.5  searching scale 1 Z rot 6.8  searching scale 1 Z rot 7.0  searching scale 1 Z rot 7.3  searching scale 1 Z rot 7.5  searching scale 1 Z rot 7.8  searching scale 1 Z rot 8.0  searching scale 1 Z rot 8.3  searching scale 1 Z rot 8.5  searching scale 1 Z rot 8.8  searching scale 1 Z rot 9.0  searching scale 1 Z rot 9.3  searching scale 1 Z rot 9.5  searching scale 1 Z rot 9.8  searching scale 1 Z rot 10.0  searching scale 1 Z rot 10.3  global minimum found at slice 125.0, rotations (-3.34, 3.55)
final transformation (x=125.0, yr=-3.345, zr=3.546):
 0.99639  -0.06185  -0.05823   14.86698;
 0.06174   0.99809  -0.00361   39.83398;
 0.05834   0.00000   0.99830   10.89461;
 0.00000   0.00000   0.00000   1.00000;
updating x range to be [126, 132] in xformed coordinates
best xformed slice 129
min_x_fornix = 134
min_x_fornix = 143
min_x_fornix = 144
min_x_fornix = 139
min_x_fornix = 138
cc center is found at 129 81 110
eigenvectors:
-0.00001   0.00562   0.99998;
-0.14555  -0.98934   0.00556;
 0.98935  -0.14555   0.00083;
error in mid anterior detected - correcting...
writing aseg with callosum to /out/sourcedata/freesurfer/sub-v1s8x0051346_ses-1/mri/aseg.auto.mgz...
corpus callosum segmentation took 0.6 minutes
#VMPC# mri_cc VmPeak  555252
mri_cc done
#--------------------------------------
#@# Merge ASeg Tue Mar 10 08:42:11 CET 2026

 cp aseg.auto.mgz aseg.presurf.mgz 

#--------------------------------------------
#@# Intensity Normalization2 Tue Mar 10 08:42:11 CET 2026
/out/sourcedata/freesurfer/sub-v1s8x0051346_ses-1/mri

 mri_normalize -seed 1234 -mprage -aseg aseg.presurf.mgz -mask brainmask.mgz norm.mgz brain.mgz 

setting seed for random number genererator to 1234
assuming input volume is MGH (Van der Kouwe) MP-RAGE
using segmentation for initial intensity normalization
using MR volume brainmask.mgz to mask input volume...
reading mri_src from norm.mgz...
Reading aseg aseg.presurf.mgz
normalizing image...
NOT doing gentle normalization with control points/label
processing with aseg
removing outliers in the aseg WM...
442 control points removed
Building bias image
building Voronoi diagram...
performing soap bubble smoothing, sigma = 0...
Smoothing with sigma 8
Applying bias correction
building Voronoi diagram...
performing soap bubble smoothing, sigma = 8...

Iterating 2 times
---------------------------------
3d normalization pass 1 of 2
white matter peak found at 110
white matter peak found at 109
gm peak at 82 (82), valley at 47 (47)
csf peak at 41, setting threshold to 68
building Voronoi diagram...
performing soap bubble smoothing, sigma = 8...
---------------------------------
3d normalization pass 2 of 2
white matter peak found at 110
white matter peak found at 110
gm peak at 81 (81), valley at 48 (48)
csf peak at 41, setting threshold to 67
building Voronoi diagram...
performing soap bubble smoothing, sigma = 8...
Done iterating ---------------------------------
writing output to brain.mgz
3D bias adjustment took 2 minutes and 15 seconds.
#--------------------------------------------
#@# Mask BFS Tue Mar 10 08:44:27 CET 2026
/out/sourcedata/freesurfer/sub-v1s8x0051346_ses-1/mri

 mri_mask -T 5 brain.mgz brainmask.mgz brain.finalsurfs.mgz 

threshold mask volume at 5
DoAbs = 0
Found 1440139 voxels in mask (pct=  8.58)
Writing masked volume to brain.finalsurfs.mgz...done.
#--------------------------------------------
#@# WM Segmentation Tue Mar 10 08:44:27 CET 2026

 AntsDenoiseImageFs -i brain.mgz -o antsdn.brain.mgz 


 mri_segment -wsizemm 13 -mprage antsdn.brain.mgz wm.seg.mgz 

wsizemm = 13, voxres = 1, wsize = 13
Widening wm low from 89 to 79
assuming input volume is MGH (Van der Kouwe) MP-RAGE
wm mean:  110
wsize:    13
wm low:   79
wm hi:    125
gray low: 30
gray hi:  99
Doing initial trinary intensity segmentation 
Using local statistics to label ambiguous voxels
Autodetecting stats
Computing class statistics for intensity windows...
CCS WM (103.0): 102.7 +- 5.3 [79.0 --> 125.0]
CCS GM (81.0) : 79.3 +- 10.1 [30.0 --> 95.0]
 white_mean 102.663
 white_sigma 5.27991
 gray_mean 79.2584
 gray_sigma 10.1372
setting bottom of white matter range wm_low to 89.4
setting top of gray matter range gray_hi to 99.5
 wm_low 89.3956
 wm_hi  125
 gray_low 30
 gray_hi  99.5328
Redoing initial intensity segmentation...
Recomputing local statistics to label ambiguous voxels...
 wm_low 89.3956
 wm_hi  125
 gray_low 30
 gray_hi  99.5328
using local geometry to label remaining ambiguous voxels...
polvwsize = 5, polvlen = 3, gray_hi = 99.5328, wm_low = 89.3956
MRIcpolvMedianCurveSegment(): wsize=5, len=3, gmhi=99.5328, wmlow=89.3956
    127652 voxels processed (0.76%)
     56642 voxels white (0.34%)
     71010 voxels non-white (0.42%)

Reclassifying voxels using Gaussian border classifier niter=1
MRIreclassify(): wm_low=84.3956, gray_hi=99.5328, wsize=13
    291876 voxels tested (1.74%)
     49799 voxels changed (0.30%)
     49006 multi-scale searches  (0.29%)
Recovering bright white
MRIrecoverBrightWhite()
 wm_low 89.3956
 wm_hi 125
 slack 5.27991
 pct_thresh 0.33
 intensity_thresh 130.28
 nvox_thresh 8.58
       23 voxels tested (0.00%)
       20 voxels changed (0.00%)

removing voxels with positive offset direction...
MRIremoveWrongDirection() wsize=3, lowthr=84.3956, hithr=99.5328
  smoothing input volume with sigma = 0.250
   113107 voxels tested (0.67%)
    15449 voxels changed (0.09%)
thicken = 1
removing 1-dimensional structures...
MRIremove1dStructures(): max_iter=10000, thresh=2, WM_MIN_VAL=5
 2587 sparsely connected voxels removed in 1 iterations
thickening thin strands....
thickness 4
nsegments 20
wm_hi 125
1769 diagonally connected voxels added...
MRIthickenThinWMStrands(): thickness=4, nsegments=20
  20 segments, 5524 filled
MRIfindBrightNonWM(): 68 bright non-wm voxels segmented.
MRIfilterMorphology() WM_MIN_VAL=5, DIAGONAL_FILL=230
white matter segmentation took 1.0 minutes
writing output to wm.seg.mgz...

 mri_edit_wm_with_aseg -keep-in wm.seg.mgz brain.mgz aseg.presurf.mgz wm.asegedit.mgz 

preserving editing changes in input volume...
auto filling took 0.41 minutes
reading wm segmentation from wm.seg.mgz...
0 voxels added to wm to prevent paths from MTL structures to cortex
3199 additional wm voxels added
0 additional wm voxels added
SEG EDIT: 40225 voxels turned on, 49394 voxels turned off.
propagating editing to output volume from wm.seg.mgz
writing edited volume to wm.asegedit.mgz....

 mri_pretess wm.asegedit.mgz wm norm.mgz wm.mgz 


Iteration Number : 1
pass   1 (xy+):  16 found -  16 modified     |    TOTAL:  16
pass   2 (xy+):   0 found -  16 modified     |    TOTAL:  16
pass   1 (xy-):  16 found -  16 modified     |    TOTAL:  32
pass   2 (xy-):   0 found -  16 modified     |    TOTAL:  32
pass   1 (yz+):  15 found -  15 modified     |    TOTAL:  47
pass   2 (yz+):   0 found -  15 modified     |    TOTAL:  47
pass   1 (yz-):  12 found -  12 modified     |    TOTAL:  59
pass   2 (yz-):   0 found -  12 modified     |    TOTAL:  59
pass   1 (xz+):  17 found -  17 modified     |    TOTAL:  76
pass   2 (xz+):   0 found -  17 modified     |    TOTAL:  76
pass   1 (xz-):  12 found -  12 modified     |    TOTAL:  88
pass   2 (xz-):   0 found -  12 modified     |    TOTAL:  88
Iteration Number : 1
pass   1 (+++):   4 found -   4 modified     |    TOTAL:   4
pass   2 (+++):   0 found -   4 modified     |    TOTAL:   4
pass   1 (+++):   2 found -   2 modified     |    TOTAL:   6
pass   2 (+++):   0 found -   2 modified     |    TOTAL:   6
pass   1 (+++):   8 found -   8 modified     |    TOTAL:  14
pass   2 (+++):   0 found -   8 modified     |    TOTAL:  14
pass   1 (+++):  12 found -  12 modified     |    TOTAL:  26
pass   2 (+++):   0 found -  12 modified     |    TOTAL:  26
Iteration Number : 1
pass   1 (++): 128 found - 128 modified     |    TOTAL: 128
pass   2 (++):   0 found - 128 modified     |    TOTAL: 128
pass   1 (+-): 102 found - 102 modified     |    TOTAL: 230
pass   2 (+-):   0 found - 102 modified     |    TOTAL: 230
pass   1 (--):  73 found -  73 modified     |    TOTAL: 303
pass   2 (--):   0 found -  73 modified     |    TOTAL: 303
pass   1 (-+):  58 found -  58 modified     |    TOTAL: 361
pass   2 (-+):   0 found -  58 modified     |    TOTAL: 361
Iteration Number : 2
pass   1 (xy+):   2 found -   2 modified     |    TOTAL:   2
pass   2 (xy+):   0 found -   2 modified     |    TOTAL:   2
pass   1 (xy-):   3 found -   3 modified     |    TOTAL:   5
pass   2 (xy-):   0 found -   3 modified     |    TOTAL:   5
pass   1 (yz+):   0 found -   0 modified     |    TOTAL:   5
pass   1 (yz-):   2 found -   2 modified     |    TOTAL:   7
pass   2 (yz-):   0 found -   2 modified     |    TOTAL:   7
pass   1 (xz+):   1 found -   1 modified     |    TOTAL:   8
pass   2 (xz+):   0 found -   1 modified     |    TOTAL:   8
pass   1 (xz-):   0 found -   0 modified     |    TOTAL:   8
Iteration Number : 2
pass   1 (+++):   0 found -   0 modified     |    TOTAL:   0
pass   1 (+++):   0 found -   0 modified     |    TOTAL:   0
pass   1 (+++):   0 found -   0 modified     |    TOTAL:   0
pass   1 (+++):   0 found -   0 modified     |    TOTAL:   0
Iteration Number : 2
pass   1 (++):   0 found -   0 modified     |    TOTAL:   0
pass   1 (+-):   0 found -   0 modified     |    TOTAL:   0
pass   1 (--):   1 found -   1 modified     |    TOTAL:   1
pass   2 (--):   0 found -   1 modified     |    TOTAL:   1
pass   1 (-+):   0 found -   0 modified     |    TOTAL:   1
Iteration Number : 3
pass   1 (xy+):   0 found -   0 modified     |    TOTAL:   0
pass   1 (xy-):   0 found -   0 modified     |    TOTAL:   0
pass   1 (yz+):   0 found -   0 modified     |    TOTAL:   0
pass   1 (yz-):   0 found -   0 modified     |    TOTAL:   0
pass   1 (xz+):   0 found -   0 modified     |    TOTAL:   0
pass   1 (xz-):   0 found -   0 modified     |    TOTAL:   0
Iteration Number : 3
pass   1 (+++):   0 found -   0 modified     |    TOTAL:   0
pass   1 (+++):   0 found -   0 modified     |    TOTAL:   0
pass   1 (+++):   0 found -   0 modified     |    TOTAL:   0
pass   1 (+++):   0 found -   0 modified     |    TOTAL:   0
Iteration Number : 3
pass   1 (++):   0 found -   0 modified     |    TOTAL:   0
pass   1 (+-):   0 found -   0 modified     |    TOTAL:   0
pass   1 (--):   0 found -   0 modified     |    TOTAL:   0
pass   1 (-+):   0 found -   0 modified     |    TOTAL:   0

Total Number of Modified Voxels = 484 (out of 490285: 0.098718)
binarizing input wm segmentation...
Ambiguous edge configurations... 

mri_pretess done

#--------------------------------------------
#@# Fill Tue Mar 10 08:46:29 CET 2026
/out/sourcedata/freesurfer/sub-v1s8x0051346_ses-1/mri

 mri_fill -a ../scripts/ponscc.cut.log -xform transforms/talairach.lta -segmentation aseg.presurf.mgz -ctab /opt/freesurfer/SubCorticalMassLUT.txt wm.mgz filled.mgz 

logging cutting plane coordinates to ../scripts/ponscc.cut.log...
INFO: Using transforms/talairach.lta and its offset for Talairach volume ...
using segmentation aseg.presurf.mgz...
reading input volume...done.
searching for cutting planes...voxel to talairach voxel transform
 1.08494  -0.06268  -0.02553  -2.43437;
 0.06207   1.13508   0.29564  -26.80702;
 0.00935  -0.25294   0.97859   21.07811;
 0.00000   0.00000   0.00000   1.00000;
voxel to talairach voxel transform
 1.08494  -0.06268  -0.02553  -2.43437;
 0.06207   1.13508   0.29564  -26.80702;
 0.00935  -0.25294   0.97859   21.07811;
 0.00000   0.00000   0.00000   1.00000;
reading segmented volume aseg.presurf.mgz
removing CC from segmentation
Looking for area (min, max) = (350, 1400)
area[0] = 2711 (min = 350, max = 1400), aspect = 1.20 (min = 0.10, max = 0.75)
need search nearby
using seed (126, 115, 88), TAL = (2.0, -40.0, 13.0)
talairach voxel to voxel transform
 0.91863   0.05253   0.00809   3.47398;
-0.04492   0.82286  -0.24977   27.21370;
-0.02039   0.21218   0.95724  -14.53839;
 0.00000   0.00000   0.00000   1.00000;
segmentation indicates cc at (126,  115,  88) --> (2.0, -40.0, 13.0)
done.
filling took 1.0 minutes
talairach cc position changed to (2.00, -40.00, 13.00)
Erasing brainstem...done.
seed_search_size = 9, min_neighbors = 5
search rh wm seed point around talairach space:(20.00, -40.00, 13.00) SRC: (109.44, 95.01, 91.90)
search lh wm seed point around talairach space (-16.00, -40.00, 13.00), SRC: (142.51, 93.39, 91.16)
compute mri_fill using aseg
Erasing Brain Stem and Cerebellum ...
Define left and right masks using aseg:
Building Voronoi diagram ...
Using the Voronoi diagram for separating WM into two hemispheres ...
Find the largest connected component for each hemisphere ...
Embedding colortable
mri_fill done, writing output to filled.mgz...
 cp filled.mgz filled.auto.mgz

Started at Tue Mar 10 07:16:57 CET 2026 
Ended   at Tue Mar 10 08:47:31 CET 2026
#@#%# recon-all-run-time-hours 1.509
recon-all -s sub-v1s8x0051346_ses-1 finished without error at Tue Mar 10 08:47:31 CET 2026



#New# invocation of recon-all 




Tue Mar 10 09:27:36 CET 2026
cd /out/sourcedata/freesurfer/sub-v1s8x0051346_ses-1
setenv SUBJECTS_DIR /out/sourcedata/freesurfer
/opt/freesurfer/bin/recon-all -parallel -subjid sub-v1s8x0051346_ses-1 -sd /out/sourcedata/freesurfer -cortribbon

subjid sub-v1s8x0051346_ses-1
setenv SUBJECTS_DIR /out/sourcedata/freesurfer
FREESURFER_HOME /opt/freesurfer
Actual FREESURFER_HOME /opt/freesurfer
build-stamp.txt: freesurfer-linux-ubuntu22_x86_64-7.3.2-20220804-6354275
Linux dna063 5.14.0-427.37.1.el9_4.x86_64 #1 SMP PREEMPT_DYNAMIC Fri Sep 13 12:41:50 EDT 2024 x86_64 x86_64 x86_64 GNU/Linux
cputime      unlimited
filesize     unlimited
datasize     unlimited
stacksize    8192 kbytes
coredumpsize 0 kbytes
memoryuse    67108864 kbytes
vmemoryuse   unlimited
descriptors  1024 
memorylocked unlimited
maxproc      2061970 
maxlocks     unlimited
maxsignal    2061970 
maxmessage   819200 
maxnice      0 
maxrtprio    0 
maxrttime    unlimited

               total        used        free      shared  buff/cache   available
Mem:           503Gi        50Gi       346Gi        10Gi       106Gi       439Gi
Swap:             0B          0B          0B

########################################
program versions used
7.3.2 (freesurfer-linux-ubuntu22_x86_64-7.3.2-20220804-6354275)
7.3.2

ProgramName: lta_convert  ProgramArguments: lta_convert -all-info  ProgramVersion: 7.3.2  TimeStamp: 2026/03/10-08:27:36-GMT  BuildTime: Aug  4 2022 06:17:15  BuildStamp: freesurfer-linux-ubuntu22_x86_64-7.3.2-20220804-6354275  User: oesteban  Machine: dna063  Platform: Linux  PlatformVersion: 5.14.0-427.37.1.el9_4.x86_64  CompilerName: GCC  CompilerVersion: 8.4.0
ProgramName: mri_and  ProgramArguments: mri_and -all-info  ProgramVersion: 7.3.2  TimeStamp: 2026/03/10-08:27:36-GMT  BuildTime: Aug  4 2022 06:17:15  BuildStamp: freesurfer-linux-ubuntu22_x86_64-7.3.2-20220804-6354275  User: oesteban  Machine: dna063  Platform: Linux  PlatformVersion: 5.14.0-427.37.1.el9_4.x86_64  CompilerName: GCC  CompilerVersion: 8.4.0
ProgramName: mri_annotation2label  ProgramArguments: mri_annotation2label -all-info  ProgramVersion: 7.3.2  TimeStamp: 2026/03/10-08:27:36-GMT  BuildTime: Aug  4 2022 06:17:15  BuildStamp: freesurfer-linux-ubuntu22_x86_64-7.3.2-20220804-6354275  User: oesteban  Machine: dna063  Platform: Linux  PlatformVersion: 5.14.0-427.37.1.el9_4.x86_64  CompilerName: GCC  CompilerVersion: 8.4.0
ProgramName: mri_aparc2aseg  ProgramArguments: mri_aparc2aseg -all-info  ProgramVersion: 7.3.2  TimeStamp: 2026/03/10-08:27:36-GMT  BuildTime: Aug  4 2022 06:17:15  BuildStamp: freesurfer-linux-ubuntu22_x86_64-7.3.2-20220804-6354275  User: oesteban  Machine: dna063  Platform: Linux  PlatformVersion: 5.14.0-427.37.1.el9_4.x86_64  CompilerName: GCC  CompilerVersion: 8.4.0
ProgramName: mri_surf2volseg  ProgramArguments: mri_surf2volseg -all-info  ProgramVersion: 7.3.2  TimeStamp: 2026/03/10-08:27:36-GMT  BuildTime: Aug  4 2022 06:17:15  BuildStamp: freesurfer-linux-ubuntu22_x86_64-7.3.2-20220804-6354275  User: oesteban  Machine: dna063  Platform: Linux  PlatformVersion: 5.14.0-427.37.1.el9_4.x86_64  CompilerName: GCC  CompilerVersion: 8.4.0
ProgramName: mri_binarize  ProgramArguments: mri_binarize -all-info  ProgramVersion: 7.3.2  TimeStamp: 2026/03/10-08:27:36-GMT  BuildTime: Aug  4 2022 06:17:15  BuildStamp: freesurfer-linux-ubuntu22_x86_64-7.3.2-20220804-6354275  User: oesteban  Machine: dna063  Platform: Linux  PlatformVersion: 5.14.0-427.37.1.el9_4.x86_64  CompilerName: GCC  CompilerVersion: 8.4.0
ProgramName: mri_ca_label  ProgramArguments: mri_ca_label -all-info  ProgramVersion: 7.3.2  TimeStamp: 2026/03/10-08:27:36-GMT  BuildTime: Aug  4 2022 06:17:15  BuildStamp: freesurfer-linux-ubuntu22_x86_64-7.3.2-20220804-6354275  User: oesteban  Machine: dna063  Platform: Linux  PlatformVersion: 5.14.0-427.37.1.el9_4.x86_64  CompilerName: GCC  CompilerVersion: 8.4.0
ProgramName: mri_ca_normalize  ProgramArguments: mri_ca_normalize -all-info  ProgramVersion: 7.3.2  TimeStamp: 2026/03/10-08:27:36-GMT  BuildTime: Aug  4 2022 06:17:15  BuildStamp: freesurfer-linux-ubuntu22_x86_64-7.3.2-20220804-6354275  User: oesteban  Machine: dna063  Platform: Linux  PlatformVersion: 5.14.0-427.37.1.el9_4.x86_64  CompilerName: GCC  CompilerVersion: 8.4.0
ProgramName: mri_ca_register  ProgramArguments: mri_ca_register -all-info  ProgramVersion: 7.3.2  TimeStamp: 2026/03/10-08:27:36-GMT  BuildTime: Aug  4 2022 06:17:15  BuildStamp: freesurfer-linux-ubuntu22_x86_64-7.3.2-20220804-6354275  User: oesteban  Machine: dna063  Platform: Linux  PlatformVersion: 5.14.0-427.37.1.el9_4.x86_64  CompilerName: GCC  CompilerVersion: 8.4.0
ProgramName: mri_cc  ProgramArguments: mri_cc -all-info  ProgramVersion: 7.3.2  TimeStamp: 2026/03/10-08:27:36-GMT  BuildTime: Aug  4 2022 06:17:15  BuildStamp: freesurfer-linux-ubuntu22_x86_64-7.3.2-20220804-6354275  User: oesteban  Machine: dna063  Platform: Linux  PlatformVersion: 5.14.0-427.37.1.el9_4.x86_64  CompilerName: GCC  CompilerVersion: 8.4.0
ProgramName: mri_compute_overlap  ProgramArguments: mri_compute_overlap -all-info  ProgramVersion: 7.3.2  TimeStamp: 2026/03/10-08:27:36-GMT  BuildTime: Aug  4 2022 06:17:15  BuildStamp: freesurfer-linux-ubuntu22_x86_64-7.3.2-20220804-6354275  User: oesteban  Machine: dna063  Platform: Linux  PlatformVersion: 5.14.0-427.37.1.el9_4.x86_64  CompilerName: GCC  CompilerVersion: 8.4.0
ProgramName: mri_compute_seg_overlap  ProgramArguments: mri_compute_seg_overlap -all-info  ProgramVersion: 7.3.2  TimeStamp: 2026/03/10-08:27:36-GMT  BuildTime: Aug  4 2022 06:17:15  BuildStamp: freesurfer-linux-ubuntu22_x86_64-7.3.2-20220804-6354275  User: oesteban  Machine: dna063  Platform: Linux  PlatformVersion: 5.14.0-427.37.1.el9_4.x86_64  CompilerName: GCC  CompilerVersion: 8.4.0
ProgramName: mri_concat  ProgramArguments: mri_concat -all-info  ProgramVersion: 7.3.2  TimeStamp: 2026/03/10-08:27:36-GMT  BuildTime: Aug  4 2022 06:17:15  BuildStamp: freesurfer-linux-ubuntu22_x86_64-7.3.2-20220804-6354275  User: oesteban  Machine: dna063  Platform: Linux  PlatformVersion: 5.14.0-427.37.1.el9_4.x86_64  CompilerName: GCC  CompilerVersion: 8.4.0
ProgramName: mri_concatenate_lta  ProgramArguments: mri_concatenate_lta -all-info  ProgramVersion: 7.3.2  TimeStamp: 2026/03/10-08:27:36-GMT  BuildTime: Aug  4 2022 06:17:15  BuildStamp: freesurfer-linux-ubuntu22_x86_64-7.3.2-20220804-6354275  User: oesteban  Machine: dna063  Platform: Linux  PlatformVersion: 5.14.0-427.37.1.el9_4.x86_64  CompilerName: GCC  CompilerVersion: 8.4.0
mri_convert -all-info 
ProgramName: mri_convert  ProgramArguments: mri_convert -all-info  ProgramVersion: 7.3.2  TimeStamp: 2026/03/10-08:27:36-GMT  BuildTime: Aug  4 2022 06:17:15  BuildStamp: freesurfer-linux-ubuntu22_x86_64-7.3.2-20220804-6354275  User: oesteban  Machine: dna063  Platform: Linux  PlatformVersion: 5.14.0-427.37.1.el9_4.x86_64  CompilerName: GCC  CompilerVersion: 8.4.0
ProgramName: mri_diff  ProgramArguments: mri_diff -all-info  ProgramVersion: 7.3.2  TimeStamp: 2026/03/10-08:27:36-GMT  BuildTime: Aug  4 2022 06:17:15  BuildStamp: freesurfer-linux-ubuntu22_x86_64-7.3.2-20220804-6354275  User: oesteban  Machine: dna063  Platform: Linux  PlatformVersion: 5.14.0-427.37.1.el9_4.x86_64  CompilerName: GCC  CompilerVersion: 8.4.0
ProgramName: mri_edit_wm_with_aseg  ProgramArguments: mri_edit_wm_with_aseg -all-info  ProgramVersion: 7.3.2  TimeStamp: 2026/03/10-08:27:36-GMT  BuildTime: Aug  4 2022 06:17:15  BuildStamp: freesurfer-linux-ubuntu22_x86_64-7.3.2-20220804-6354275  User: oesteban  Machine: dna063  Platform: Linux  PlatformVersion: 5.14.0-427.37.1.el9_4.x86_64  CompilerName: GCC  CompilerVersion: 8.4.0
ProgramName: mri_em_register  ProgramArguments: mri_em_register -all-info  ProgramVersion: 7.3.2  TimeStamp: 2026/03/10-08:27:36-GMT  BuildTime: Aug  4 2022 06:17:15  BuildStamp: freesurfer-linux-ubuntu22_x86_64-7.3.2-20220804-6354275  User: oesteban  Machine: dna063  Platform: Linux  PlatformVersion: 5.14.0-427.37.1.el9_4.x86_64  CompilerName: GCC  CompilerVersion: 8.4.0
ProgramName: mri_fill  ProgramArguments: mri_fill -all-info  ProgramVersion: 7.3.2  TimeStamp: 2026/03/10-08:27:36-GMT  BuildTime: Aug  4 2022 06:17:15  BuildStamp: freesurfer-linux-ubuntu22_x86_64-7.3.2-20220804-6354275  User: oesteban  Machine: dna063  Platform: Linux  PlatformVersion: 5.14.0-427.37.1.el9_4.x86_64  CompilerName: GCC  CompilerVersion: 8.4.0
ProgramName: mri_fuse_segmentations  ProgramArguments: mri_fuse_segmentations -all-info  ProgramVersion: 7.3.2  TimeStamp: 2026/03/10-08:27:36-GMT  BuildTime: Aug  4 2022 06:17:15  BuildStamp: freesurfer-linux-ubuntu22_x86_64-7.3.2-20220804-6354275  User: oesteban  Machine: dna063  Platform: Linux  PlatformVersion: 5.14.0-427.37.1.el9_4.x86_64  CompilerName: GCC  CompilerVersion: 8.4.0
ProgramName: mri_fwhm  ProgramArguments: mri_fwhm -all-info  ProgramVersion: 7.3.2  TimeStamp: 2026/03/10-08:27:36-GMT  BuildTime: Aug  4 2022 06:17:15  BuildStamp: freesurfer-linux-ubuntu22_x86_64-7.3.2-20220804-6354275  User: oesteban  Machine: dna063  Platform: Linux  PlatformVersion: 5.14.0-427.37.1.el9_4.x86_64  CompilerName: GCC  CompilerVersion: 8.4.0
ProgramName: mri_gcut  ProgramArguments: mri_gcut -all-info  ProgramVersion: 7.3.2  TimeStamp: 2026/03/10-08:27:36-GMT  BuildTime: Aug  4 2022 06:17:15  BuildStamp: freesurfer-linux-ubuntu22_x86_64-7.3.2-20220804-6354275  User: oesteban  Machine: dna063  Platform: Linux  PlatformVersion: 5.14.0-427.37.1.el9_4.x86_64  CompilerName: GCC  CompilerVersion: 8.4.0
ProgramName: mri_info  ProgramArguments: mri_info -all-info  ProgramVersion: 7.3.2  TimeStamp: 2026/03/10-08:27:36-GMT  BuildTime: Aug  4 2022 06:17:15  BuildStamp: freesurfer-linux-ubuntu22_x86_64-7.3.2-20220804-6354275  User: oesteban  Machine: dna063  Platform: Linux  PlatformVersion: 5.14.0-427.37.1.el9_4.x86_64  CompilerName: GCC  CompilerVersion: 8.4.0
ProgramName: mri_label2label  ProgramArguments: mri_label2label -all-info  ProgramVersion: 7.3.2  TimeStamp: 2026/03/10-08:27:36-GMT  BuildTime: Aug  4 2022 06:17:15  BuildStamp: freesurfer-linux-ubuntu22_x86_64-7.3.2-20220804-6354275  User: oesteban  Machine: dna063  Platform: Linux  PlatformVersion: 5.14.0-427.37.1.el9_4.x86_64  CompilerName: GCC  CompilerVersion: 8.4.0
ProgramName: mri_label2vol  ProgramArguments: mri_label2vol -all-info  ProgramVersion: 7.3.2  TimeStamp: 2026/03/10-08:27:36-GMT  BuildTime: Aug  4 2022 06:17:15  BuildStamp: freesurfer-linux-ubuntu22_x86_64-7.3.2-20220804-6354275  User: oesteban  Machine: dna063  Platform: Linux  PlatformVersion: 5.14.0-427.37.1.el9_4.x86_64  CompilerName: GCC  CompilerVersion: 8.4.0
ProgramName: mri_log_likelihood  ProgramArguments: mri_log_likelihood -all-info  ProgramVersion: 7.3.2  TimeStamp: 2026/03/10-08:27:36-GMT  BuildTime: Aug  4 2022 06:17:15  BuildStamp: freesurfer-linux-ubuntu22_x86_64-7.3.2-20220804-6354275  User: oesteban  Machine: dna063  Platform: Linux  PlatformVersion: 5.14.0-427.37.1.el9_4.x86_64  CompilerName: GCC  CompilerVersion: 8.4.0
ProgramName: mri_mask  ProgramArguments: mri_mask -all-info  ProgramVersion: 7.3.2  TimeStamp: 2026/03/10-08:27:36-GMT  BuildTime: Aug  4 2022 06:17:15  BuildStamp: freesurfer-linux-ubuntu22_x86_64-7.3.2-20220804-6354275  User: oesteban  Machine: dna063  Platform: Linux  PlatformVersion: 5.14.0-427.37.1.el9_4.x86_64  CompilerName: GCC  CompilerVersion: 8.4.0
ProgramName: mri_matrix_multiply  ProgramArguments: mri_matrix_multiply -all-info  ProgramVersion: 7.3.2  TimeStamp: 2026/03/10-08:27:36-GMT  BuildTime: Aug  4 2022 06:17:15  BuildStamp: freesurfer-linux-ubuntu22_x86_64-7.3.2-20220804-6354275  User: oesteban  Machine: dna063  Platform: Linux  PlatformVersion: 5.14.0-427.37.1.el9_4.x86_64  CompilerName: GCC  CompilerVersion: 8.4.0
ProgramName: mri_normalize  ProgramArguments: mri_normalize -all-info  ProgramVersion: 7.3.2  TimeStamp: 2026/03/10-08:27:36-GMT  BuildTime: Aug  4 2022 06:17:15  BuildStamp: freesurfer-linux-ubuntu22_x86_64-7.3.2-20220804-6354275  User: oesteban  Machine: dna063  Platform: Linux  PlatformVersion: 5.14.0-427.37.1.el9_4.x86_64  CompilerName: GCC  CompilerVersion: 8.4.0
ProgramName: mri_normalize_tp2  ProgramArguments: mri_normalize_tp2 -all-info  ProgramVersion: 7.3.2  TimeStamp: 2026/03/10-08:27:36-GMT  BuildTime: Aug  4 2022 06:17:15  BuildStamp: freesurfer-linux-ubuntu22_x86_64-7.3.2-20220804-6354275  User: oesteban  Machine: dna063  Platform: Linux  PlatformVersion: 5.14.0-427.37.1.el9_4.x86_64  CompilerName: GCC  CompilerVersion: 8.4.0
ProgramName: mri_or  ProgramArguments: mri_or -all-info  ProgramVersion: 7.3.2  TimeStamp: 2026/03/10-08:27:36-GMT  BuildTime: Aug  4 2022 06:17:15  BuildStamp: freesurfer-linux-ubuntu22_x86_64-7.3.2-20220804-6354275  User: oesteban  Machine: dna063  Platform: Linux  PlatformVersion: 5.14.0-427.37.1.el9_4.x86_64  CompilerName: GCC  CompilerVersion: 8.4.0
ProgramName: mri_relabel_hypointensities  ProgramArguments: mri_relabel_hypointensities -all-info  ProgramVersion: 7.3.2  TimeStamp: 2026/03/10-08:27:36-GMT  BuildTime: Aug  4 2022 06:17:15  BuildStamp: freesurfer-linux-ubuntu22_x86_64-7.3.2-20220804-6354275  User: oesteban  Machine: dna063  Platform: Linux  PlatformVersion: 5.14.0-427.37.1.el9_4.x86_64  CompilerName: GCC  CompilerVersion: 8.4.0
ProgramName: mri_relabel_nonwm_hypos  ProgramArguments: mri_relabel_nonwm_hypos -all-info  ProgramVersion: 7.3.2  TimeStamp: 2026/03/10-08:27:36-GMT  BuildTime: Aug  4 2022 06:17:15  BuildStamp: freesurfer-linux-ubuntu22_x86_64-7.3.2-20220804-6354275  User: oesteban  Machine: dna063  Platform: Linux  PlatformVersion: 5.14.0-427.37.1.el9_4.x86_64  CompilerName: GCC  CompilerVersion: 8.4.0
ProgramName: mri_remove_neck  ProgramArguments: mri_remove_neck -all-info  ProgramVersion: 7.3.2  TimeStamp: 2026/03/10-08:27:36-GMT  BuildTime: Aug  4 2022 06:17:15  BuildStamp: freesurfer-linux-ubuntu22_x86_64-7.3.2-20220804-6354275  User: oesteban  Machine: dna063  Platform: Linux  PlatformVersion: 5.14.0-427.37.1.el9_4.x86_64  CompilerName: GCC  CompilerVersion: 8.4.0
7.3.2

ProgramName: mri_robust_register  ProgramArguments: mri_robust_register -all-info  ProgramVersion: 7.3.2  TimeStamp: 2026/03/10-08:27:36-GMT  BuildTime: Aug  4 2022 06:17:15  BuildStamp: freesurfer-linux-ubuntu22_x86_64-7.3.2-20220804-6354275  User: oesteban  Machine: dna063  Platform: Linux  PlatformVersion: 5.14.0-427.37.1.el9_4.x86_64  CompilerName: GCC  CompilerVersion: 8.4.0
7.3.2

ProgramName: mri_robust_template  ProgramArguments: mri_robust_template -all-info  ProgramVersion: 7.3.2  TimeStamp: 2026/03/10-08:27:36-GMT  BuildTime: Aug  4 2022 06:17:15  BuildStamp: freesurfer-linux-ubuntu22_x86_64-7.3.2-20220804-6354275  User: oesteban  Machine: dna063  Platform: Linux  PlatformVersion: 5.14.0-427.37.1.el9_4.x86_64  CompilerName: GCC  CompilerVersion: 8.4.0
ProgramName: mris_anatomical_stats  ProgramArguments: mris_anatomical_stats -all-info  ProgramVersion: 7.3.2  TimeStamp: 2026/03/10-08:27:36-GMT  BuildTime: Aug  4 2022 06:17:15  BuildStamp: freesurfer-linux-ubuntu22_x86_64-7.3.2-20220804-6354275  User: oesteban  Machine: dna063  Platform: Linux  PlatformVersion: 5.14.0-427.37.1.el9_4.x86_64  CompilerName: GCC  CompilerVersion: 8.4.0
ProgramName: mris_ca_label  ProgramArguments: mris_ca_label -all-info  ProgramVersion: 7.3.2  TimeStamp: 2026/03/10-08:27:36-GMT  BuildTime: Aug  4 2022 06:17:15  BuildStamp: freesurfer-linux-ubuntu22_x86_64-7.3.2-20220804-6354275  User: oesteban  Machine: dna063  Platform: Linux  PlatformVersion: 5.14.0-427.37.1.el9_4.x86_64  CompilerName: GCC  CompilerVersion: 8.4.0
ProgramName: mris_calc  ProgramArguments: mris_calc -all-info  ProgramVersion: 7.3.2  TimeStamp: 2026/03/10-08:27:36-GMT  BuildTime: Aug  4 2022 06:17:15  BuildStamp: freesurfer-linux-ubuntu22_x86_64-7.3.2-20220804-6354275  User: oesteban  Machine: dna063  Platform: Linux  PlatformVersion: 5.14.0-427.37.1.el9_4.x86_64  CompilerName: GCC  CompilerVersion: 8.4.0
ProgramName: mris_convert  ProgramArguments: mris_convert -all-info  ProgramVersion: 7.3.2  TimeStamp: 2026/03/10-08:27:36-GMT  BuildTime: Aug  4 2022 06:17:15  BuildStamp: freesurfer-linux-ubuntu22_x86_64-7.3.2-20220804-6354275  User: oesteban  Machine: dna063  Platform: Linux  PlatformVersion: 5.14.0-427.37.1.el9_4.x86_64  CompilerName: GCC  CompilerVersion: 8.4.0
ProgramName: mris_curvature  ProgramArguments: mris_curvature -all-info  ProgramVersion: 7.3.2  TimeStamp: 2026/03/10-08:27:36-GMT  BuildTime: Aug  4 2022 06:17:15  BuildStamp: freesurfer-linux-ubuntu22_x86_64-7.3.2-20220804-6354275  User: oesteban  Machine: dna063  Platform: Linux  PlatformVersion: 5.14.0-427.37.1.el9_4.x86_64  CompilerName: GCC  CompilerVersion: 8.4.0
ProgramName: mris_curvature_stats  ProgramArguments: mris_curvature_stats -all-info  ProgramVersion: 7.3.2  TimeStamp: 2026/03/10-08:27:36-GMT  BuildTime: Aug  4 2022 06:17:15  BuildStamp: freesurfer-linux-ubuntu22_x86_64-7.3.2-20220804-6354275  User: oesteban  Machine: dna063  Platform: Linux  PlatformVersion: 5.14.0-427.37.1.el9_4.x86_64  CompilerName: GCC  CompilerVersion: 8.4.0
ProgramName: mris_diff  ProgramArguments: mris_diff -all-info  ProgramVersion: 7.3.2  TimeStamp: 2026/03/10-08:27:36-GMT  BuildTime: Aug  4 2022 06:17:15  BuildStamp: freesurfer-linux-ubuntu22_x86_64-7.3.2-20220804-6354275  User: oesteban  Machine: dna063  Platform: Linux  PlatformVersion: 5.14.0-427.37.1.el9_4.x86_64  CompilerName: GCC  CompilerVersion: 8.4.0
ProgramName: mris_divide_parcellation  ProgramArguments: mris_divide_parcellation -all-info  ProgramVersion: 7.3.2  TimeStamp: 2026/03/10-08:27:36-GMT  BuildTime: Aug  4 2022 06:17:15  BuildStamp: freesurfer-linux-ubuntu22_x86_64-7.3.2-20220804-6354275  User: oesteban  Machine: dna063  Platform: Linux  PlatformVersion: 5.14.0-427.37.1.el9_4.x86_64  CompilerName: GCC  CompilerVersion: 8.4.0
ProgramName: mri_segment  ProgramArguments: mri_segment -all-info  ProgramVersion: 7.3.2  TimeStamp: 2026/03/10-08:27:36-GMT  BuildTime: Aug  4 2022 06:17:15  BuildStamp: freesurfer-linux-ubuntu22_x86_64-7.3.2-20220804-6354275  User: oesteban  Machine: dna063  Platform: Linux  PlatformVersion: 5.14.0-427.37.1.el9_4.x86_64  CompilerName: GCC  CompilerVersion: 8.4.0
ProgramName: mri_segstats  ProgramArguments: mri_segstats -all-info  ProgramVersion: 7.3.2  TimeStamp: 2026/03/10-08:27:36-GMT  BuildTime: Aug  4 2022 06:17:15  BuildStamp: freesurfer-linux-ubuntu22_x86_64-7.3.2-20220804-6354275  User: oesteban  Machine: dna063  Platform: Linux  PlatformVersion: 5.14.0-427.37.1.el9_4.x86_64  CompilerName: GCC  CompilerVersion: 8.4.0
ProgramName: mris_euler_number  ProgramArguments: mris_euler_number -all-info  ProgramVersion: 7.3.2  TimeStamp: 2026/03/10-08:27:36-GMT  BuildTime: Aug  4 2022 06:17:15  BuildStamp: freesurfer-linux-ubuntu22_x86_64-7.3.2-20220804-6354275  User: oesteban  Machine: dna063  Platform: Linux  PlatformVersion: 5.14.0-427.37.1.el9_4.x86_64  CompilerName: GCC  CompilerVersion: 8.4.0
ProgramName: mris_fix_topology  ProgramArguments: mris_fix_topology -all-info  ProgramVersion: 7.3.2  TimeStamp: 2026/03/10-08:27:36-GMT  BuildTime: Aug  4 2022 06:17:15  BuildStamp: freesurfer-linux-ubuntu22_x86_64-7.3.2-20220804-6354275  User: oesteban  Machine: dna063  Platform: Linux  PlatformVersion: 5.14.0-427.37.1.el9_4.x86_64  CompilerName: GCC  CompilerVersion: 8.4.0
ProgramName: mris_topo_fixer  ProgramArguments: mris_topo_fixer -all-info  ProgramVersion: 7.3.2  TimeStamp: 2026/03/10-08:27:36-GMT  BuildTime: Aug  4 2022 06:17:15  BuildStamp: freesurfer-linux-ubuntu22_x86_64-7.3.2-20220804-6354275  User: oesteban  Machine: dna063  Platform: Linux  PlatformVersion: 5.14.0-427.37.1.el9_4.x86_64  CompilerName: GCC  CompilerVersion: 8.4.0
ProgramName: mris_jacobian  ProgramArguments: mris_jacobian -all-info  ProgramVersion: 7.3.2  TimeStamp: 2026/03/10-08:27:36-GMT  BuildTime: Aug  4 2022 06:17:15  BuildStamp: freesurfer-linux-ubuntu22_x86_64-7.3.2-20220804-6354275  User: oesteban  Machine: dna063  Platform: Linux  PlatformVersion: 5.14.0-427.37.1.el9_4.x86_64  CompilerName: GCC  CompilerVersion: 8.4.0
ProgramName: mris_label2annot  ProgramArguments: mris_label2annot -all-info  ProgramVersion: 7.3.2  TimeStamp: 2026/03/10-08:27:36-GMT  BuildTime: Aug  4 2022 06:17:15  BuildStamp: freesurfer-linux-ubuntu22_x86_64-7.3.2-20220804-6354275  User: oesteban  Machine: dna063  Platform: Linux  PlatformVersion: 5.14.0-427.37.1.el9_4.x86_64  CompilerName: GCC  CompilerVersion: 8.4.0
ProgramName: mris_left_right_register  ProgramArguments: mris_left_right_register -all-info  ProgramVersion: 7.3.2  TimeStamp: 2026/03/10-08:27:36-GMT  BuildTime: Aug  4 2022 06:17:15  BuildStamp: freesurfer-linux-ubuntu22_x86_64-7.3.2-20220804-6354275  User: oesteban  Machine: dna063  Platform: Linux  PlatformVersion: 5.14.0-427.37.1.el9_4.x86_64  CompilerName: GCC  CompilerVersion: 8.4.0
ProgramName: mris_place_surface  ProgramArguments: mris_place_surface -all-info  ProgramVersion: 7.3.2  TimeStamp: 2026/03/10-08:27:36-GMT  BuildTime: Aug  4 2022 06:17:15  BuildStamp: freesurfer-linux-ubuntu22_x86_64-7.3.2-20220804-6354275  User: oesteban  Machine: dna063  Platform: Linux  PlatformVersion: 5.14.0-427.37.1.el9_4.x86_64  CompilerName: GCC  CompilerVersion: 8.4.0
ProgramName: mrisp_paint  ProgramArguments: mrisp_paint -all-info  ProgramVersion: 7.3.2  TimeStamp: 2026/03/10-08:27:36-GMT  BuildTime: Aug  4 2022 06:17:15  BuildStamp: freesurfer-linux-ubuntu22_x86_64-7.3.2-20220804-6354275  User: oesteban  Machine: dna063  Platform: Linux  PlatformVersion: 5.14.0-427.37.1.el9_4.x86_64  CompilerName: GCC  CompilerVersion: 8.4.0
ProgramName: mris_register  ProgramArguments: mris_register -all-info  ProgramVersion: 7.3.2  TimeStamp: 2026/03/10-08:27:36-GMT  BuildTime: Aug  4 2022 06:17:15  BuildStamp: freesurfer-linux-ubuntu22_x86_64-7.3.2-20220804-6354275  User: oesteban  Machine: dna063  Platform: Linux  PlatformVersion: 5.14.0-427.37.1.el9_4.x86_64  CompilerName: GCC  CompilerVersion: 8.4.0
ProgramName: mris_smooth  ProgramArguments: mris_smooth -all-info  ProgramVersion: 7.3.2  TimeStamp: 2026/03/10-08:27:36-GMT  BuildTime: Aug  4 2022 06:17:15  BuildStamp: freesurfer-linux-ubuntu22_x86_64-7.3.2-20220804-6354275  User: oesteban  Machine: dna063  Platform: Linux  PlatformVersion: 5.14.0-427.37.1.el9_4.x86_64  CompilerName: GCC  CompilerVersion: 8.4.0
ProgramName: mris_sphere  ProgramArguments: mris_sphere -all-info  ProgramVersion: 7.3.2  TimeStamp: 2026/03/10-08:27:36-GMT  BuildTime: Aug  4 2022 06:17:15  BuildStamp: freesurfer-linux-ubuntu22_x86_64-7.3.2-20220804-6354275  User: oesteban  Machine: dna063  Platform: Linux  PlatformVersion: 5.14.0-427.37.1.el9_4.x86_64  CompilerName: GCC  CompilerVersion: 8.4.0
ProgramName: mris_surface_stats  ProgramArguments: mris_surface_stats -all-info  ProgramVersion: 7.3.2  TimeStamp: 2026/03/10-08:27:36-GMT  BuildTime: Aug  4 2022 06:17:15  BuildStamp: freesurfer-linux-ubuntu22_x86_64-7.3.2-20220804-6354275  User: oesteban  Machine: dna063  Platform: Linux  PlatformVersion: 5.14.0-427.37.1.el9_4.x86_64  CompilerName: GCC  CompilerVersion: 8.4.0
ProgramName: mri_stats2seg  ProgramArguments: mri_stats2seg -all-info  ProgramVersion: 7.3.2  TimeStamp: 2026/03/10-08:27:36-GMT  BuildTime: Aug  4 2022 06:17:15  BuildStamp: freesurfer-linux-ubuntu22_x86_64-7.3.2-20220804-6354275  User: oesteban  Machine: dna063  Platform: Linux  PlatformVersion: 5.14.0-427.37.1.el9_4.x86_64  CompilerName: GCC  CompilerVersion: 8.4.0
ProgramName: mris_thickness  ProgramArguments: mris_thickness -all-info  ProgramVersion: 7.3.2  TimeStamp: 2026/03/10-08:27:36-GMT  BuildTime: Aug  4 2022 06:17:15  BuildStamp: freesurfer-linux-ubuntu22_x86_64-7.3.2-20220804-6354275  User: oesteban  Machine: dna063  Platform: Linux  PlatformVersion: 5.14.0-427.37.1.el9_4.x86_64  CompilerName: GCC  CompilerVersion: 8.4.0
ProgramName: mris_thickness_diff  ProgramArguments: mris_thickness_diff -all-info  ProgramVersion: 7.3.2  TimeStamp: 2026/03/10-08:27:36-GMT  BuildTime: Aug  4 2022 06:17:15  BuildStamp: freesurfer-linux-ubuntu22_x86_64-7.3.2-20220804-6354275  User: oesteban  Machine: dna063  Platform: Linux  PlatformVersion: 5.14.0-427.37.1.el9_4.x86_64  CompilerName: GCC  CompilerVersion: 8.4.0
ProgramName: mris_topo_fixer  ProgramArguments: mris_topo_fixer -all-info  ProgramVersion: 7.3.2  TimeStamp: 2026/03/10-08:27:36-GMT  BuildTime: Aug  4 2022 06:17:15  BuildStamp: freesurfer-linux-ubuntu22_x86_64-7.3.2-20220804-6354275  User: oesteban  Machine: dna063  Platform: Linux  PlatformVersion: 5.14.0-427.37.1.el9_4.x86_64  CompilerName: GCC  CompilerVersion: 8.4.0
ProgramName: mri_surf2surf  ProgramArguments: mri_surf2surf -all-info  ProgramVersion: 7.3.2  TimeStamp: 2026/03/10-08:27:36-GMT  BuildTime: Aug  4 2022 06:17:15  BuildStamp: freesurfer-linux-ubuntu22_x86_64-7.3.2-20220804-6354275  User: oesteban  Machine: dna063  Platform: Linux  PlatformVersion: 5.14.0-427.37.1.el9_4.x86_64  CompilerName: GCC  CompilerVersion: 8.4.0
ProgramName: mri_surf2vol  ProgramArguments: mri_surf2vol -all-info  ProgramVersion: 7.3.2  TimeStamp: 2026/03/10-08:27:36-GMT  BuildTime: Aug  4 2022 06:17:15  BuildStamp: freesurfer-linux-ubuntu22_x86_64-7.3.2-20220804-6354275  User: oesteban  Machine: dna063  Platform: Linux  PlatformVersion: 5.14.0-427.37.1.el9_4.x86_64  CompilerName: GCC  CompilerVersion: 8.4.0
ProgramName: mri_surfcluster  ProgramArguments: mri_surfcluster -all-info  ProgramVersion: 7.3.2  TimeStamp: 2026/03/10-08:27:36-GMT  BuildTime: Aug  4 2022 06:17:15  BuildStamp: freesurfer-linux-ubuntu22_x86_64-7.3.2-20220804-6354275  User: oesteban  Machine: dna063  Platform: Linux  PlatformVersion: 5.14.0-427.37.1.el9_4.x86_64  CompilerName: GCC  CompilerVersion: 8.4.0
ProgramName: mris_volmask  ProgramArguments: mris_volmask -all-info  ProgramVersion: 7.3.2  TimeStamp: 2026/03/10-08:27:36-GMT  BuildTime: Aug  4 2022 06:17:15  BuildStamp: freesurfer-linux-ubuntu22_x86_64-7.3.2-20220804-6354275  User: oesteban  Machine: dna063  Platform: Linux  PlatformVersion: 5.14.0-427.37.1.el9_4.x86_64  CompilerName: GCC  CompilerVersion: 8.4.0
ProgramName: mri_tessellate  ProgramArguments: mri_tessellate -all-info  ProgramVersion: 7.3.2  TimeStamp: 2026/03/10-08:27:36-GMT  BuildTime: Aug  4 2022 06:17:15  BuildStamp: freesurfer-linux-ubuntu22_x86_64-7.3.2-20220804-6354275  User: oesteban  Machine: dna063  Platform: Linux  PlatformVersion: 5.14.0-427.37.1.el9_4.x86_64  CompilerName: GCC  CompilerVersion: 8.4.0
ProgramName: mri_vol2surf  ProgramArguments: mri_vol2surf -all-info  ProgramVersion: 7.3.2  TimeStamp: 2026/03/10-08:27:37-GMT  BuildTime: Aug  4 2022 06:17:15  BuildStamp: freesurfer-linux-ubuntu22_x86_64-7.3.2-20220804-6354275  User: oesteban  Machine: dna063  Platform: Linux  PlatformVersion: 5.14.0-427.37.1.el9_4.x86_64  CompilerName: GCC  CompilerVersion: 8.4.0
ProgramName: mri_vol2vol  ProgramArguments: mri_vol2vol -all-info  ProgramVersion: 7.3.2  TimeStamp: 2026/03/10-08:27:37-GMT  BuildTime: Aug  4 2022 06:17:15  BuildStamp: freesurfer-linux-ubuntu22_x86_64-7.3.2-20220804-6354275  User: oesteban  Machine: dna063  Platform: Linux  PlatformVersion: 5.14.0-427.37.1.el9_4.x86_64  CompilerName: GCC  CompilerVersion: 8.4.0
ProgramName: mri_voldiff  ProgramArguments: mri_voldiff -all-info  ProgramVersion: 7.3.2  TimeStamp: 2026/03/10-08:27:37-GMT  BuildTime: Aug  4 2022 06:17:15  BuildStamp: freesurfer-linux-ubuntu22_x86_64-7.3.2-20220804-6354275  User: oesteban  Machine: dna063  Platform: Linux  PlatformVersion: 5.14.0-427.37.1.el9_4.x86_64  CompilerName: GCC  CompilerVersion: 8.4.0
ProgramName: mri_watershed  ProgramArguments: mri_watershed -all-info  ProgramVersion: 7.3.2  TimeStamp: 2026/03/10-08:27:37-GMT  BuildTime: Aug  4 2022 06:17:15  BuildStamp: freesurfer-linux-ubuntu22_x86_64-7.3.2-20220804-6354275  User: oesteban  Machine: dna063  Platform: Linux  PlatformVersion: 5.14.0-427.37.1.el9_4.x86_64  CompilerName: GCC  CompilerVersion: 8.4.0
ProgramName: tkregister2  ProgramArguments: tkregister2_cmdl -all-info  ProgramVersion: 7.3.2  TimeStamp: 2026/03/10-08:27:37-GMT  BuildTime: Aug  4 2022 06:17:15  BuildStamp: freesurfer-linux-ubuntu22_x86_64-7.3.2-20220804-6354275  User: oesteban  Machine: dna063  Platform: Linux  PlatformVersion: 5.14.0-427.37.1.el9_4.x86_64  CompilerName: GCC  CompilerVersion: 8.4.0
mri_motion_correct.fsl 7.3.2
mri_convert -all-info 
ProgramName: mri_convert  ProgramArguments: mri_convert -all-info  ProgramVersion: 7.3.2  TimeStamp: 2026/03/10-08:27:37-GMT  BuildTime: Aug  4 2022 06:17:15  BuildStamp: freesurfer-linux-ubuntu22_x86_64-7.3.2-20220804-6354275  User: oesteban  Machine: dna063  Platform: Linux  PlatformVersion: 5.14.0-427.37.1.el9_4.x86_64  CompilerName: GCC  CompilerVersion: 8.4.0
Program nu_correct, built from:
Package MNI N3, version 1.12.0, compiled by nicks@terrier (x86_64-unknown-linux-gnu) on 2015-06-19 at 01:25:34
#######################################
GCADIR /opt/freesurfer/average
GCA RB_all_2020-01-02.gca
GCASkull RB_all_withskull_2020_01_02.gca
AvgCurvTif folding.atlas.acfb40.noaparc.i12.2016-08-02.tif
GCSDIR /opt/freesurfer/average
GCS DKaparc.atlas.acfb40.noaparc.i12.2016-08-02.gcs
#######################################
#@# white curv lh Tue Mar 10 09:27:37 CET 2026
cd /out/sourcedata/freesurfer/sub-v1s8x0051346_ses-1/mri
mris_place_surface --curv-map ../surf/lh.white 2 10 ../surf/lh.curv
   Update not needed
#@# white area lh Tue Mar 10 09:27:37 CET 2026
cd /out/sourcedata/freesurfer/sub-v1s8x0051346_ses-1/mri
mris_place_surface --area-map ../surf/lh.white ../surf/lh.area
   Update not needed
#@# pial curv lh Tue Mar 10 09:27:37 CET 2026
cd /out/sourcedata/freesurfer/sub-v1s8x0051346_ses-1/mri
mris_place_surface --curv-map ../surf/lh.pial 2 10 ../surf/lh.curv.pial
   Update not needed
#@# pial area lh Tue Mar 10 09:27:37 CET 2026
cd /out/sourcedata/freesurfer/sub-v1s8x0051346_ses-1/mri
mris_place_surface --area-map ../surf/lh.pial ../surf/lh.area.pial
   Update not needed
#@# thickness lh Tue Mar 10 09:27:37 CET 2026
cd /out/sourcedata/freesurfer/sub-v1s8x0051346_ses-1/mri
mris_place_surface --thickness ../surf/lh.white ../surf/lh.pial 20 5 ../surf/lh.thickness
   Update not needed
#@# area and vertex vol lh Tue Mar 10 09:27:37 CET 2026
cd /out/sourcedata/freesurfer/sub-v1s8x0051346_ses-1/mri
mris_place_surface --thickness ../surf/lh.white ../surf/lh.pial 20 5 ../surf/lh.thickness
   Update not needed
#@# white curv rh Tue Mar 10 09:27:37 CET 2026
cd /out/sourcedata/freesurfer/sub-v1s8x0051346_ses-1/mri
mris_place_surface --curv-map ../surf/rh.white 2 10 ../surf/rh.curv
   Update not needed
#@# white area rh Tue Mar 10 09:27:37 CET 2026
cd /out/sourcedata/freesurfer/sub-v1s8x0051346_ses-1/mri
mris_place_surface --area-map ../surf/rh.white ../surf/rh.area
   Update not needed
#@# pial curv rh Tue Mar 10 09:27:37 CET 2026
cd /out/sourcedata/freesurfer/sub-v1s8x0051346_ses-1/mri
mris_place_surface --curv-map ../surf/rh.pial 2 10 ../surf/rh.curv.pial
   Update not needed
#@# pial area rh Tue Mar 10 09:27:37 CET 2026
cd /out/sourcedata/freesurfer/sub-v1s8x0051346_ses-1/mri
mris_place_surface --area-map ../surf/rh.pial ../surf/rh.area.pial
   Update not needed
#@# thickness rh Tue Mar 10 09:27:37 CET 2026
cd /out/sourcedata/freesurfer/sub-v1s8x0051346_ses-1/mri
mris_place_surface --thickness ../surf/rh.white ../surf/rh.pial 20 5 ../surf/rh.thickness
   Update not needed
#@# area and vertex vol rh Tue Mar 10 09:27:37 CET 2026
cd /out/sourcedata/freesurfer/sub-v1s8x0051346_ses-1/mri
mris_place_surface --thickness ../surf/rh.white ../surf/rh.pial 20 5 ../surf/rh.thickness
   Update not needed
#--------------------------------------------
#@# Cortical ribbon mask Tue Mar 10 09:27:37 CET 2026
/out/sourcedata/freesurfer/sub-v1s8x0051346_ses-1/mri

 mris_volmask --aseg_name aseg.presurf --label_left_white 2 --label_left_ribbon 3 --label_right_white 41 --label_right_ribbon 42 --save_ribbon sub-v1s8x0051346_ses-1 

SUBJECTS_DIR is /out/sourcedata/freesurfer
loading input data...
Running hemis serially
Processing left hemi
computing distance to left white surface 
computing distance to left pial surface 
Processing right hemi
computing distance to right white surface 
computing distance to right pial surface 
 hemi masks overlap voxels = 70
writing volume /out/sourcedata/freesurfer/sub-v1s8x0051346_ses-1/mri/ribbon.mgz
mris_volmask took 4.20 minutes
 writing ribbon files

Started at Tue Mar 10 09:27:36 CET 2026 
Ended   at Tue Mar 10 09:31:49 CET 2026
#@#%# recon-all-run-time-hours 0.070
recon-all -s sub-v1s8x0051346_ses-1 finished without error at Tue Mar 10 09:31:49 CET 2026



#New# invocation of recon-all 




Tue Mar 10 09:37:48 CET 2026
cd /out/sourcedata/freesurfer/sub-v1s8x0051346_ses-1
setenv SUBJECTS_DIR /out/sourcedata/freesurfer
/opt/freesurfer/bin/recon-all -autorecon3 -openmp 16 -subjid sub-v1s8x0051346_ses-1 -sd /out/sourcedata/freesurfer -nosphere -nosurfreg -nojacobian_white -noavgcurv -nocortparc -nopial -noparcstats -nocortparc2 -noparcstats2 -nocortparc3 -noparcstats3 -nopctsurfcon -nocortribbon -nobalabels

subjid sub-v1s8x0051346_ses-1
setenv SUBJECTS_DIR /out/sourcedata/freesurfer
FREESURFER_HOME /opt/freesurfer
Actual FREESURFER_HOME /opt/freesurfer
build-stamp.txt: freesurfer-linux-ubuntu22_x86_64-7.3.2-20220804-6354275
Linux dna063 5.14.0-427.37.1.el9_4.x86_64 #1 SMP PREEMPT_DYNAMIC Fri Sep 13 12:41:50 EDT 2024 x86_64 x86_64 x86_64 GNU/Linux
cputime      unlimited
filesize     unlimited
datasize     unlimited
stacksize    8192 kbytes
coredumpsize 0 kbytes
memoryuse    67108864 kbytes
vmemoryuse   unlimited
descriptors  1024 
memorylocked unlimited
maxproc      2061970 
maxlocks     unlimited
maxsignal    2061970 
maxmessage   819200 
maxnice      0 
maxrtprio    0 
maxrttime    unlimited

               total        used        free      shared  buff/cache   available
Mem:           503Gi        50Gi       345Gi        10Gi       106Gi       438Gi
Swap:             0B          0B          0B

########################################
program versions used
7.3.2 (freesurfer-linux-ubuntu22_x86_64-7.3.2-20220804-6354275)
7.3.2

ProgramName: lta_convert  ProgramArguments: lta_convert -all-info  ProgramVersion: 7.3.2  TimeStamp: 2026/03/10-08:37:48-GMT  BuildTime: Aug  4 2022 06:17:15  BuildStamp: freesurfer-linux-ubuntu22_x86_64-7.3.2-20220804-6354275  User: oesteban  Machine: dna063  Platform: Linux  PlatformVersion: 5.14.0-427.37.1.el9_4.x86_64  CompilerName: GCC  CompilerVersion: 8.4.0
ProgramName: mri_and  ProgramArguments: mri_and -all-info  ProgramVersion: 7.3.2  TimeStamp: 2026/03/10-08:37:48-GMT  BuildTime: Aug  4 2022 06:17:15  BuildStamp: freesurfer-linux-ubuntu22_x86_64-7.3.2-20220804-6354275  User: oesteban  Machine: dna063  Platform: Linux  PlatformVersion: 5.14.0-427.37.1.el9_4.x86_64  CompilerName: GCC  CompilerVersion: 8.4.0
ProgramName: mri_annotation2label  ProgramArguments: mri_annotation2label -all-info  ProgramVersion: 7.3.2  TimeStamp: 2026/03/10-08:37:48-GMT  BuildTime: Aug  4 2022 06:17:15  BuildStamp: freesurfer-linux-ubuntu22_x86_64-7.3.2-20220804-6354275  User: oesteban  Machine: dna063  Platform: Linux  PlatformVersion: 5.14.0-427.37.1.el9_4.x86_64  CompilerName: GCC  CompilerVersion: 8.4.0
ProgramName: mri_aparc2aseg  ProgramArguments: mri_aparc2aseg -all-info  ProgramVersion: 7.3.2  TimeStamp: 2026/03/10-08:37:48-GMT  BuildTime: Aug  4 2022 06:17:15  BuildStamp: freesurfer-linux-ubuntu22_x86_64-7.3.2-20220804-6354275  User: oesteban  Machine: dna063  Platform: Linux  PlatformVersion: 5.14.0-427.37.1.el9_4.x86_64  CompilerName: GCC  CompilerVersion: 8.4.0
ProgramName: mri_surf2volseg  ProgramArguments: mri_surf2volseg -all-info  ProgramVersion: 7.3.2  TimeStamp: 2026/03/10-08:37:48-GMT  BuildTime: Aug  4 2022 06:17:15  BuildStamp: freesurfer-linux-ubuntu22_x86_64-7.3.2-20220804-6354275  User: oesteban  Machine: dna063  Platform: Linux  PlatformVersion: 5.14.0-427.37.1.el9_4.x86_64  CompilerName: GCC  CompilerVersion: 8.4.0
ProgramName: mri_binarize  ProgramArguments: mri_binarize -all-info  ProgramVersion: 7.3.2  TimeStamp: 2026/03/10-08:37:48-GMT  BuildTime: Aug  4 2022 06:17:15  BuildStamp: freesurfer-linux-ubuntu22_x86_64-7.3.2-20220804-6354275  User: oesteban  Machine: dna063  Platform: Linux  PlatformVersion: 5.14.0-427.37.1.el9_4.x86_64  CompilerName: GCC  CompilerVersion: 8.4.0
ProgramName: mri_ca_label  ProgramArguments: mri_ca_label -all-info  ProgramVersion: 7.3.2  TimeStamp: 2026/03/10-08:37:48-GMT  BuildTime: Aug  4 2022 06:17:15  BuildStamp: freesurfer-linux-ubuntu22_x86_64-7.3.2-20220804-6354275  User: oesteban  Machine: dna063  Platform: Linux  PlatformVersion: 5.14.0-427.37.1.el9_4.x86_64  CompilerName: GCC  CompilerVersion: 8.4.0
ProgramName: mri_ca_normalize  ProgramArguments: mri_ca_normalize -all-info  ProgramVersion: 7.3.2  TimeStamp: 2026/03/10-08:37:48-GMT  BuildTime: Aug  4 2022 06:17:15  BuildStamp: freesurfer-linux-ubuntu22_x86_64-7.3.2-20220804-6354275  User: oesteban  Machine: dna063  Platform: Linux  PlatformVersion: 5.14.0-427.37.1.el9_4.x86_64  CompilerName: GCC  CompilerVersion: 8.4.0
ProgramName: mri_ca_register  ProgramArguments: mri_ca_register -all-info  ProgramVersion: 7.3.2  TimeStamp: 2026/03/10-08:37:48-GMT  BuildTime: Aug  4 2022 06:17:15  BuildStamp: freesurfer-linux-ubuntu22_x86_64-7.3.2-20220804-6354275  User: oesteban  Machine: dna063  Platform: Linux  PlatformVersion: 5.14.0-427.37.1.el9_4.x86_64  CompilerName: GCC  CompilerVersion: 8.4.0
ProgramName: mri_cc  ProgramArguments: mri_cc -all-info  ProgramVersion: 7.3.2  TimeStamp: 2026/03/10-08:37:48-GMT  BuildTime: Aug  4 2022 06:17:15  BuildStamp: freesurfer-linux-ubuntu22_x86_64-7.3.2-20220804-6354275  User: oesteban  Machine: dna063  Platform: Linux  PlatformVersion: 5.14.0-427.37.1.el9_4.x86_64  CompilerName: GCC  CompilerVersion: 8.4.0
ProgramName: mri_compute_overlap  ProgramArguments: mri_compute_overlap -all-info  ProgramVersion: 7.3.2  TimeStamp: 2026/03/10-08:37:48-GMT  BuildTime: Aug  4 2022 06:17:15  BuildStamp: freesurfer-linux-ubuntu22_x86_64-7.3.2-20220804-6354275  User: oesteban  Machine: dna063  Platform: Linux  PlatformVersion: 5.14.0-427.37.1.el9_4.x86_64  CompilerName: GCC  CompilerVersion: 8.4.0
ProgramName: mri_compute_seg_overlap  ProgramArguments: mri_compute_seg_overlap -all-info  ProgramVersion: 7.3.2  TimeStamp: 2026/03/10-08:37:48-GMT  BuildTime: Aug  4 2022 06:17:15  BuildStamp: freesurfer-linux-ubuntu22_x86_64-7.3.2-20220804-6354275  User: oesteban  Machine: dna063  Platform: Linux  PlatformVersion: 5.14.0-427.37.1.el9_4.x86_64  CompilerName: GCC  CompilerVersion: 8.4.0
ProgramName: mri_concat  ProgramArguments: mri_concat -all-info  ProgramVersion: 7.3.2  TimeStamp: 2026/03/10-08:37:48-GMT  BuildTime: Aug  4 2022 06:17:15  BuildStamp: freesurfer-linux-ubuntu22_x86_64-7.3.2-20220804-6354275  User: oesteban  Machine: dna063  Platform: Linux  PlatformVersion: 5.14.0-427.37.1.el9_4.x86_64  CompilerName: GCC  CompilerVersion: 8.4.0
ProgramName: mri_concatenate_lta  ProgramArguments: mri_concatenate_lta -all-info  ProgramVersion: 7.3.2  TimeStamp: 2026/03/10-08:37:48-GMT  BuildTime: Aug  4 2022 06:17:15  BuildStamp: freesurfer-linux-ubuntu22_x86_64-7.3.2-20220804-6354275  User: oesteban  Machine: dna063  Platform: Linux  PlatformVersion: 5.14.0-427.37.1.el9_4.x86_64  CompilerName: GCC  CompilerVersion: 8.4.0
mri_convert -all-info 
ProgramName: mri_convert  ProgramArguments: mri_convert -all-info  ProgramVersion: 7.3.2  TimeStamp: 2026/03/10-08:37:48-GMT  BuildTime: Aug  4 2022 06:17:15  BuildStamp: freesurfer-linux-ubuntu22_x86_64-7.3.2-20220804-6354275  User: oesteban  Machine: dna063  Platform: Linux  PlatformVersion: 5.14.0-427.37.1.el9_4.x86_64  CompilerName: GCC  CompilerVersion: 8.4.0
ProgramName: mri_diff  ProgramArguments: mri_diff -all-info  ProgramVersion: 7.3.2  TimeStamp: 2026/03/10-08:37:48-GMT  BuildTime: Aug  4 2022 06:17:15  BuildStamp: freesurfer-linux-ubuntu22_x86_64-7.3.2-20220804-6354275  User: oesteban  Machine: dna063  Platform: Linux  PlatformVersion: 5.14.0-427.37.1.el9_4.x86_64  CompilerName: GCC  CompilerVersion: 8.4.0
ProgramName: mri_edit_wm_with_aseg  ProgramArguments: mri_edit_wm_with_aseg -all-info  ProgramVersion: 7.3.2  TimeStamp: 2026/03/10-08:37:48-GMT  BuildTime: Aug  4 2022 06:17:15  BuildStamp: freesurfer-linux-ubuntu22_x86_64-7.3.2-20220804-6354275  User: oesteban  Machine: dna063  Platform: Linux  PlatformVersion: 5.14.0-427.37.1.el9_4.x86_64  CompilerName: GCC  CompilerVersion: 8.4.0
ProgramName: mri_em_register  ProgramArguments: mri_em_register -all-info  ProgramVersion: 7.3.2  TimeStamp: 2026/03/10-08:37:48-GMT  BuildTime: Aug  4 2022 06:17:15  BuildStamp: freesurfer-linux-ubuntu22_x86_64-7.3.2-20220804-6354275  User: oesteban  Machine: dna063  Platform: Linux  PlatformVersion: 5.14.0-427.37.1.el9_4.x86_64  CompilerName: GCC  CompilerVersion: 8.4.0
ProgramName: mri_fill  ProgramArguments: mri_fill -all-info  ProgramVersion: 7.3.2  TimeStamp: 2026/03/10-08:37:48-GMT  BuildTime: Aug  4 2022 06:17:15  BuildStamp: freesurfer-linux-ubuntu22_x86_64-7.3.2-20220804-6354275  User: oesteban  Machine: dna063  Platform: Linux  PlatformVersion: 5.14.0-427.37.1.el9_4.x86_64  CompilerName: GCC  CompilerVersion: 8.4.0
ProgramName: mri_fuse_segmentations  ProgramArguments: mri_fuse_segmentations -all-info  ProgramVersion: 7.3.2  TimeStamp: 2026/03/10-08:37:48-GMT  BuildTime: Aug  4 2022 06:17:15  BuildStamp: freesurfer-linux-ubuntu22_x86_64-7.3.2-20220804-6354275  User: oesteban  Machine: dna063  Platform: Linux  PlatformVersion: 5.14.0-427.37.1.el9_4.x86_64  CompilerName: GCC  CompilerVersion: 8.4.0
ProgramName: mri_fwhm  ProgramArguments: mri_fwhm -all-info  ProgramVersion: 7.3.2  TimeStamp: 2026/03/10-08:37:49-GMT  BuildTime: Aug  4 2022 06:17:15  BuildStamp: freesurfer-linux-ubuntu22_x86_64-7.3.2-20220804-6354275  User: oesteban  Machine: dna063  Platform: Linux  PlatformVersion: 5.14.0-427.37.1.el9_4.x86_64  CompilerName: GCC  CompilerVersion: 8.4.0
ProgramName: mri_gcut  ProgramArguments: mri_gcut -all-info  ProgramVersion: 7.3.2  TimeStamp: 2026/03/10-08:37:49-GMT  BuildTime: Aug  4 2022 06:17:15  BuildStamp: freesurfer-linux-ubuntu22_x86_64-7.3.2-20220804-6354275  User: oesteban  Machine: dna063  Platform: Linux  PlatformVersion: 5.14.0-427.37.1.el9_4.x86_64  CompilerName: GCC  CompilerVersion: 8.4.0
ProgramName: mri_info  ProgramArguments: mri_info -all-info  ProgramVersion: 7.3.2  TimeStamp: 2026/03/10-08:37:49-GMT  BuildTime: Aug  4 2022 06:17:15  BuildStamp: freesurfer-linux-ubuntu22_x86_64-7.3.2-20220804-6354275  User: oesteban  Machine: dna063  Platform: Linux  PlatformVersion: 5.14.0-427.37.1.el9_4.x86_64  CompilerName: GCC  CompilerVersion: 8.4.0
ProgramName: mri_label2label  ProgramArguments: mri_label2label -all-info  ProgramVersion: 7.3.2  TimeStamp: 2026/03/10-08:37:49-GMT  BuildTime: Aug  4 2022 06:17:15  BuildStamp: freesurfer-linux-ubuntu22_x86_64-7.3.2-20220804-6354275  User: oesteban  Machine: dna063  Platform: Linux  PlatformVersion: 5.14.0-427.37.1.el9_4.x86_64  CompilerName: GCC  CompilerVersion: 8.4.0
ProgramName: mri_label2vol  ProgramArguments: mri_label2vol -all-info  ProgramVersion: 7.3.2  TimeStamp: 2026/03/10-08:37:49-GMT  BuildTime: Aug  4 2022 06:17:15  BuildStamp: freesurfer-linux-ubuntu22_x86_64-7.3.2-20220804-6354275  User: oesteban  Machine: dna063  Platform: Linux  PlatformVersion: 5.14.0-427.37.1.el9_4.x86_64  CompilerName: GCC  CompilerVersion: 8.4.0
ProgramName: mri_log_likelihood  ProgramArguments: mri_log_likelihood -all-info  ProgramVersion: 7.3.2  TimeStamp: 2026/03/10-08:37:49-GMT  BuildTime: Aug  4 2022 06:17:15  BuildStamp: freesurfer-linux-ubuntu22_x86_64-7.3.2-20220804-6354275  User: oesteban  Machine: dna063  Platform: Linux  PlatformVersion: 5.14.0-427.37.1.el9_4.x86_64  CompilerName: GCC  CompilerVersion: 8.4.0
ProgramName: mri_mask  ProgramArguments: mri_mask -all-info  ProgramVersion: 7.3.2  TimeStamp: 2026/03/10-08:37:49-GMT  BuildTime: Aug  4 2022 06:17:15  BuildStamp: freesurfer-linux-ubuntu22_x86_64-7.3.2-20220804-6354275  User: oesteban  Machine: dna063  Platform: Linux  PlatformVersion: 5.14.0-427.37.1.el9_4.x86_64  CompilerName: GCC  CompilerVersion: 8.4.0
ProgramName: mri_matrix_multiply  ProgramArguments: mri_matrix_multiply -all-info  ProgramVersion: 7.3.2  TimeStamp: 2026/03/10-08:37:49-GMT  BuildTime: Aug  4 2022 06:17:15  BuildStamp: freesurfer-linux-ubuntu22_x86_64-7.3.2-20220804-6354275  User: oesteban  Machine: dna063  Platform: Linux  PlatformVersion: 5.14.0-427.37.1.el9_4.x86_64  CompilerName: GCC  CompilerVersion: 8.4.0
ProgramName: mri_normalize  ProgramArguments: mri_normalize -all-info  ProgramVersion: 7.3.2  TimeStamp: 2026/03/10-08:37:49-GMT  BuildTime: Aug  4 2022 06:17:15  BuildStamp: freesurfer-linux-ubuntu22_x86_64-7.3.2-20220804-6354275  User: oesteban  Machine: dna063  Platform: Linux  PlatformVersion: 5.14.0-427.37.1.el9_4.x86_64  CompilerName: GCC  CompilerVersion: 8.4.0
ProgramName: mri_normalize_tp2  ProgramArguments: mri_normalize_tp2 -all-info  ProgramVersion: 7.3.2  TimeStamp: 2026/03/10-08:37:49-GMT  BuildTime: Aug  4 2022 06:17:15  BuildStamp: freesurfer-linux-ubuntu22_x86_64-7.3.2-20220804-6354275  User: oesteban  Machine: dna063  Platform: Linux  PlatformVersion: 5.14.0-427.37.1.el9_4.x86_64  CompilerName: GCC  CompilerVersion: 8.4.0
ProgramName: mri_or  ProgramArguments: mri_or -all-info  ProgramVersion: 7.3.2  TimeStamp: 2026/03/10-08:37:49-GMT  BuildTime: Aug  4 2022 06:17:15  BuildStamp: freesurfer-linux-ubuntu22_x86_64-7.3.2-20220804-6354275  User: oesteban  Machine: dna063  Platform: Linux  PlatformVersion: 5.14.0-427.37.1.el9_4.x86_64  CompilerName: GCC  CompilerVersion: 8.4.0
ProgramName: mri_relabel_hypointensities  ProgramArguments: mri_relabel_hypointensities -all-info  ProgramVersion: 7.3.2  TimeStamp: 2026/03/10-08:37:49-GMT  BuildTime: Aug  4 2022 06:17:15  BuildStamp: freesurfer-linux-ubuntu22_x86_64-7.3.2-20220804-6354275  User: oesteban  Machine: dna063  Platform: Linux  PlatformVersion: 5.14.0-427.37.1.el9_4.x86_64  CompilerName: GCC  CompilerVersion: 8.4.0
ProgramName: mri_relabel_nonwm_hypos  ProgramArguments: mri_relabel_nonwm_hypos -all-info  ProgramVersion: 7.3.2  TimeStamp: 2026/03/10-08:37:49-GMT  BuildTime: Aug  4 2022 06:17:15  BuildStamp: freesurfer-linux-ubuntu22_x86_64-7.3.2-20220804-6354275  User: oesteban  Machine: dna063  Platform: Linux  PlatformVersion: 5.14.0-427.37.1.el9_4.x86_64  CompilerName: GCC  CompilerVersion: 8.4.0
ProgramName: mri_remove_neck  ProgramArguments: mri_remove_neck -all-info  ProgramVersion: 7.3.2  TimeStamp: 2026/03/10-08:37:49-GMT  BuildTime: Aug  4 2022 06:17:15  BuildStamp: freesurfer-linux-ubuntu22_x86_64-7.3.2-20220804-6354275  User: oesteban  Machine: dna063  Platform: Linux  PlatformVersion: 5.14.0-427.37.1.el9_4.x86_64  CompilerName: GCC  CompilerVersion: 8.4.0
7.3.2

ProgramName: mri_robust_register  ProgramArguments: mri_robust_register -all-info  ProgramVersion: 7.3.2  TimeStamp: 2026/03/10-08:37:49-GMT  BuildTime: Aug  4 2022 06:17:15  BuildStamp: freesurfer-linux-ubuntu22_x86_64-7.3.2-20220804-6354275  User: oesteban  Machine: dna063  Platform: Linux  PlatformVersion: 5.14.0-427.37.1.el9_4.x86_64  CompilerName: GCC  CompilerVersion: 8.4.0
7.3.2

ProgramName: mri_robust_template  ProgramArguments: mri_robust_template -all-info  ProgramVersion: 7.3.2  TimeStamp: 2026/03/10-08:37:49-GMT  BuildTime: Aug  4 2022 06:17:15  BuildStamp: freesurfer-linux-ubuntu22_x86_64-7.3.2-20220804-6354275  User: oesteban  Machine: dna063  Platform: Linux  PlatformVersion: 5.14.0-427.37.1.el9_4.x86_64  CompilerName: GCC  CompilerVersion: 8.4.0
ProgramName: mris_anatomical_stats  ProgramArguments: mris_anatomical_stats -all-info  ProgramVersion: 7.3.2  TimeStamp: 2026/03/10-08:37:49-GMT  BuildTime: Aug  4 2022 06:17:15  BuildStamp: freesurfer-linux-ubuntu22_x86_64-7.3.2-20220804-6354275  User: oesteban  Machine: dna063  Platform: Linux  PlatformVersion: 5.14.0-427.37.1.el9_4.x86_64  CompilerName: GCC  CompilerVersion: 8.4.0
ProgramName: mris_ca_label  ProgramArguments: mris_ca_label -all-info  ProgramVersion: 7.3.2  TimeStamp: 2026/03/10-08:37:49-GMT  BuildTime: Aug  4 2022 06:17:15  BuildStamp: freesurfer-linux-ubuntu22_x86_64-7.3.2-20220804-6354275  User: oesteban  Machine: dna063  Platform: Linux  PlatformVersion: 5.14.0-427.37.1.el9_4.x86_64  CompilerName: GCC  CompilerVersion: 8.4.0
ProgramName: mris_calc  ProgramArguments: mris_calc -all-info  ProgramVersion: 7.3.2  TimeStamp: 2026/03/10-08:37:49-GMT  BuildTime: Aug  4 2022 06:17:15  BuildStamp: freesurfer-linux-ubuntu22_x86_64-7.3.2-20220804-6354275  User: oesteban  Machine: dna063  Platform: Linux  PlatformVersion: 5.14.0-427.37.1.el9_4.x86_64  CompilerName: GCC  CompilerVersion: 8.4.0
ProgramName: mris_convert  ProgramArguments: mris_convert -all-info  ProgramVersion: 7.3.2  TimeStamp: 2026/03/10-08:37:49-GMT  BuildTime: Aug  4 2022 06:17:15  BuildStamp: freesurfer-linux-ubuntu22_x86_64-7.3.2-20220804-6354275  User: oesteban  Machine: dna063  Platform: Linux  PlatformVersion: 5.14.0-427.37.1.el9_4.x86_64  CompilerName: GCC  CompilerVersion: 8.4.0
ProgramName: mris_curvature  ProgramArguments: mris_curvature -all-info  ProgramVersion: 7.3.2  TimeStamp: 2026/03/10-08:37:49-GMT  BuildTime: Aug  4 2022 06:17:15  BuildStamp: freesurfer-linux-ubuntu22_x86_64-7.3.2-20220804-6354275  User: oesteban  Machine: dna063  Platform: Linux  PlatformVersion: 5.14.0-427.37.1.el9_4.x86_64  CompilerName: GCC  CompilerVersion: 8.4.0
ProgramName: mris_curvature_stats  ProgramArguments: mris_curvature_stats -all-info  ProgramVersion: 7.3.2  TimeStamp: 2026/03/10-08:37:49-GMT  BuildTime: Aug  4 2022 06:17:15  BuildStamp: freesurfer-linux-ubuntu22_x86_64-7.3.2-20220804-6354275  User: oesteban  Machine: dna063  Platform: Linux  PlatformVersion: 5.14.0-427.37.1.el9_4.x86_64  CompilerName: GCC  CompilerVersion: 8.4.0
ProgramName: mris_diff  ProgramArguments: mris_diff -all-info  ProgramVersion: 7.3.2  TimeStamp: 2026/03/10-08:37:49-GMT  BuildTime: Aug  4 2022 06:17:15  BuildStamp: freesurfer-linux-ubuntu22_x86_64-7.3.2-20220804-6354275  User: oesteban  Machine: dna063  Platform: Linux  PlatformVersion: 5.14.0-427.37.1.el9_4.x86_64  CompilerName: GCC  CompilerVersion: 8.4.0
ProgramName: mris_divide_parcellation  ProgramArguments: mris_divide_parcellation -all-info  ProgramVersion: 7.3.2  TimeStamp: 2026/03/10-08:37:49-GMT  BuildTime: Aug  4 2022 06:17:15  BuildStamp: freesurfer-linux-ubuntu22_x86_64-7.3.2-20220804-6354275  User: oesteban  Machine: dna063  Platform: Linux  PlatformVersion: 5.14.0-427.37.1.el9_4.x86_64  CompilerName: GCC  CompilerVersion: 8.4.0
ProgramName: mri_segment  ProgramArguments: mri_segment -all-info  ProgramVersion: 7.3.2  TimeStamp: 2026/03/10-08:37:49-GMT  BuildTime: Aug  4 2022 06:17:15  BuildStamp: freesurfer-linux-ubuntu22_x86_64-7.3.2-20220804-6354275  User: oesteban  Machine: dna063  Platform: Linux  PlatformVersion: 5.14.0-427.37.1.el9_4.x86_64  CompilerName: GCC  CompilerVersion: 8.4.0
ProgramName: mri_segstats  ProgramArguments: mri_segstats -all-info  ProgramVersion: 7.3.2  TimeStamp: 2026/03/10-08:37:49-GMT  BuildTime: Aug  4 2022 06:17:15  BuildStamp: freesurfer-linux-ubuntu22_x86_64-7.3.2-20220804-6354275  User: oesteban  Machine: dna063  Platform: Linux  PlatformVersion: 5.14.0-427.37.1.el9_4.x86_64  CompilerName: GCC  CompilerVersion: 8.4.0
ProgramName: mris_euler_number  ProgramArguments: mris_euler_number -all-info  ProgramVersion: 7.3.2  TimeStamp: 2026/03/10-08:37:49-GMT  BuildTime: Aug  4 2022 06:17:15  BuildStamp: freesurfer-linux-ubuntu22_x86_64-7.3.2-20220804-6354275  User: oesteban  Machine: dna063  Platform: Linux  PlatformVersion: 5.14.0-427.37.1.el9_4.x86_64  CompilerName: GCC  CompilerVersion: 8.4.0
ProgramName: mris_fix_topology  ProgramArguments: mris_fix_topology -all-info  ProgramVersion: 7.3.2  TimeStamp: 2026/03/10-08:37:49-GMT  BuildTime: Aug  4 2022 06:17:15  BuildStamp: freesurfer-linux-ubuntu22_x86_64-7.3.2-20220804-6354275  User: oesteban  Machine: dna063  Platform: Linux  PlatformVersion: 5.14.0-427.37.1.el9_4.x86_64  CompilerName: GCC  CompilerVersion: 8.4.0
ProgramName: mris_topo_fixer  ProgramArguments: mris_topo_fixer -all-info  ProgramVersion: 7.3.2  TimeStamp: 2026/03/10-08:37:49-GMT  BuildTime: Aug  4 2022 06:17:15  BuildStamp: freesurfer-linux-ubuntu22_x86_64-7.3.2-20220804-6354275  User: oesteban  Machine: dna063  Platform: Linux  PlatformVersion: 5.14.0-427.37.1.el9_4.x86_64  CompilerName: GCC  CompilerVersion: 8.4.0
ProgramName: mris_jacobian  ProgramArguments: mris_jacobian -all-info  ProgramVersion: 7.3.2  TimeStamp: 2026/03/10-08:37:49-GMT  BuildTime: Aug  4 2022 06:17:15  BuildStamp: freesurfer-linux-ubuntu22_x86_64-7.3.2-20220804-6354275  User: oesteban  Machine: dna063  Platform: Linux  PlatformVersion: 5.14.0-427.37.1.el9_4.x86_64  CompilerName: GCC  CompilerVersion: 8.4.0
ProgramName: mris_label2annot  ProgramArguments: mris_label2annot -all-info  ProgramVersion: 7.3.2  TimeStamp: 2026/03/10-08:37:49-GMT  BuildTime: Aug  4 2022 06:17:15  BuildStamp: freesurfer-linux-ubuntu22_x86_64-7.3.2-20220804-6354275  User: oesteban  Machine: dna063  Platform: Linux  PlatformVersion: 5.14.0-427.37.1.el9_4.x86_64  CompilerName: GCC  CompilerVersion: 8.4.0
ProgramName: mris_left_right_register  ProgramArguments: mris_left_right_register -all-info  ProgramVersion: 7.3.2  TimeStamp: 2026/03/10-08:37:49-GMT  BuildTime: Aug  4 2022 06:17:15  BuildStamp: freesurfer-linux-ubuntu22_x86_64-7.3.2-20220804-6354275  User: oesteban  Machine: dna063  Platform: Linux  PlatformVersion: 5.14.0-427.37.1.el9_4.x86_64  CompilerName: GCC  CompilerVersion: 8.4.0
ProgramName: mris_place_surface  ProgramArguments: mris_place_surface -all-info  ProgramVersion: 7.3.2  TimeStamp: 2026/03/10-08:37:49-GMT  BuildTime: Aug  4 2022 06:17:15  BuildStamp: freesurfer-linux-ubuntu22_x86_64-7.3.2-20220804-6354275  User: oesteban  Machine: dna063  Platform: Linux  PlatformVersion: 5.14.0-427.37.1.el9_4.x86_64  CompilerName: GCC  CompilerVersion: 8.4.0
ProgramName: mrisp_paint  ProgramArguments: mrisp_paint -all-info  ProgramVersion: 7.3.2  TimeStamp: 2026/03/10-08:37:49-GMT  BuildTime: Aug  4 2022 06:17:15  BuildStamp: freesurfer-linux-ubuntu22_x86_64-7.3.2-20220804-6354275  User: oesteban  Machine: dna063  Platform: Linux  PlatformVersion: 5.14.0-427.37.1.el9_4.x86_64  CompilerName: GCC  CompilerVersion: 8.4.0
ProgramName: mris_register  ProgramArguments: mris_register -all-info  ProgramVersion: 7.3.2  TimeStamp: 2026/03/10-08:37:49-GMT  BuildTime: Aug  4 2022 06:17:15  BuildStamp: freesurfer-linux-ubuntu22_x86_64-7.3.2-20220804-6354275  User: oesteban  Machine: dna063  Platform: Linux  PlatformVersion: 5.14.0-427.37.1.el9_4.x86_64  CompilerName: GCC  CompilerVersion: 8.4.0
ProgramName: mris_smooth  ProgramArguments: mris_smooth -all-info  ProgramVersion: 7.3.2  TimeStamp: 2026/03/10-08:37:49-GMT  BuildTime: Aug  4 2022 06:17:15  BuildStamp: freesurfer-linux-ubuntu22_x86_64-7.3.2-20220804-6354275  User: oesteban  Machine: dna063  Platform: Linux  PlatformVersion: 5.14.0-427.37.1.el9_4.x86_64  CompilerName: GCC  CompilerVersion: 8.4.0
ProgramName: mris_sphere  ProgramArguments: mris_sphere -all-info  ProgramVersion: 7.3.2  TimeStamp: 2026/03/10-08:37:49-GMT  BuildTime: Aug  4 2022 06:17:15  BuildStamp: freesurfer-linux-ubuntu22_x86_64-7.3.2-20220804-6354275  User: oesteban  Machine: dna063  Platform: Linux  PlatformVersion: 5.14.0-427.37.1.el9_4.x86_64  CompilerName: GCC  CompilerVersion: 8.4.0
ProgramName: mris_surface_stats  ProgramArguments: mris_surface_stats -all-info  ProgramVersion: 7.3.2  TimeStamp: 2026/03/10-08:37:49-GMT  BuildTime: Aug  4 2022 06:17:15  BuildStamp: freesurfer-linux-ubuntu22_x86_64-7.3.2-20220804-6354275  User: oesteban  Machine: dna063  Platform: Linux  PlatformVersion: 5.14.0-427.37.1.el9_4.x86_64  CompilerName: GCC  CompilerVersion: 8.4.0
ProgramName: mri_stats2seg  ProgramArguments: mri_stats2seg -all-info  ProgramVersion: 7.3.2  TimeStamp: 2026/03/10-08:37:49-GMT  BuildTime: Aug  4 2022 06:17:15  BuildStamp: freesurfer-linux-ubuntu22_x86_64-7.3.2-20220804-6354275  User: oesteban  Machine: dna063  Platform: Linux  PlatformVersion: 5.14.0-427.37.1.el9_4.x86_64  CompilerName: GCC  CompilerVersion: 8.4.0
ProgramName: mris_thickness  ProgramArguments: mris_thickness -all-info  ProgramVersion: 7.3.2  TimeStamp: 2026/03/10-08:37:49-GMT  BuildTime: Aug  4 2022 06:17:15  BuildStamp: freesurfer-linux-ubuntu22_x86_64-7.3.2-20220804-6354275  User: oesteban  Machine: dna063  Platform: Linux  PlatformVersion: 5.14.0-427.37.1.el9_4.x86_64  CompilerName: GCC  CompilerVersion: 8.4.0
ProgramName: mris_thickness_diff  ProgramArguments: mris_thickness_diff -all-info  ProgramVersion: 7.3.2  TimeStamp: 2026/03/10-08:37:49-GMT  BuildTime: Aug  4 2022 06:17:15  BuildStamp: freesurfer-linux-ubuntu22_x86_64-7.3.2-20220804-6354275  User: oesteban  Machine: dna063  Platform: Linux  PlatformVersion: 5.14.0-427.37.1.el9_4.x86_64  CompilerName: GCC  CompilerVersion: 8.4.0
ProgramName: mris_topo_fixer  ProgramArguments: mris_topo_fixer -all-info  ProgramVersion: 7.3.2  TimeStamp: 2026/03/10-08:37:49-GMT  BuildTime: Aug  4 2022 06:17:15  BuildStamp: freesurfer-linux-ubuntu22_x86_64-7.3.2-20220804-6354275  User: oesteban  Machine: dna063  Platform: Linux  PlatformVersion: 5.14.0-427.37.1.el9_4.x86_64  CompilerName: GCC  CompilerVersion: 8.4.0
ProgramName: mri_surf2surf  ProgramArguments: mri_surf2surf -all-info  ProgramVersion: 7.3.2  TimeStamp: 2026/03/10-08:37:49-GMT  BuildTime: Aug  4 2022 06:17:15  BuildStamp: freesurfer-linux-ubuntu22_x86_64-7.3.2-20220804-6354275  User: oesteban  Machine: dna063  Platform: Linux  PlatformVersion: 5.14.0-427.37.1.el9_4.x86_64  CompilerName: GCC  CompilerVersion: 8.4.0
ProgramName: mri_surf2vol  ProgramArguments: mri_surf2vol -all-info  ProgramVersion: 7.3.2  TimeStamp: 2026/03/10-08:37:49-GMT  BuildTime: Aug  4 2022 06:17:15  BuildStamp: freesurfer-linux-ubuntu22_x86_64-7.3.2-20220804-6354275  User: oesteban  Machine: dna063  Platform: Linux  PlatformVersion: 5.14.0-427.37.1.el9_4.x86_64  CompilerName: GCC  CompilerVersion: 8.4.0
ProgramName: mri_surfcluster  ProgramArguments: mri_surfcluster -all-info  ProgramVersion: 7.3.2  TimeStamp: 2026/03/10-08:37:49-GMT  BuildTime: Aug  4 2022 06:17:15  BuildStamp: freesurfer-linux-ubuntu22_x86_64-7.3.2-20220804-6354275  User: oesteban  Machine: dna063  Platform: Linux  PlatformVersion: 5.14.0-427.37.1.el9_4.x86_64  CompilerName: GCC  CompilerVersion: 8.4.0
ProgramName: mris_volmask  ProgramArguments: mris_volmask -all-info  ProgramVersion: 7.3.2  TimeStamp: 2026/03/10-08:37:49-GMT  BuildTime: Aug  4 2022 06:17:15  BuildStamp: freesurfer-linux-ubuntu22_x86_64-7.3.2-20220804-6354275  User: oesteban  Machine: dna063  Platform: Linux  PlatformVersion: 5.14.0-427.37.1.el9_4.x86_64  CompilerName: GCC  CompilerVersion: 8.4.0
ProgramName: mri_tessellate  ProgramArguments: mri_tessellate -all-info  ProgramVersion: 7.3.2  TimeStamp: 2026/03/10-08:37:49-GMT  BuildTime: Aug  4 2022 06:17:15  BuildStamp: freesurfer-linux-ubuntu22_x86_64-7.3.2-20220804-6354275  User: oesteban  Machine: dna063  Platform: Linux  PlatformVersion: 5.14.0-427.37.1.el9_4.x86_64  CompilerName: GCC  CompilerVersion: 8.4.0
ProgramName: mri_vol2surf  ProgramArguments: mri_vol2surf -all-info  ProgramVersion: 7.3.2  TimeStamp: 2026/03/10-08:37:49-GMT  BuildTime: Aug  4 2022 06:17:15  BuildStamp: freesurfer-linux-ubuntu22_x86_64-7.3.2-20220804-6354275  User: oesteban  Machine: dna063  Platform: Linux  PlatformVersion: 5.14.0-427.37.1.el9_4.x86_64  CompilerName: GCC  CompilerVersion: 8.4.0
ProgramName: mri_vol2vol  ProgramArguments: mri_vol2vol -all-info  ProgramVersion: 7.3.2  TimeStamp: 2026/03/10-08:37:49-GMT  BuildTime: Aug  4 2022 06:17:15  BuildStamp: freesurfer-linux-ubuntu22_x86_64-7.3.2-20220804-6354275  User: oesteban  Machine: dna063  Platform: Linux  PlatformVersion: 5.14.0-427.37.1.el9_4.x86_64  CompilerName: GCC  CompilerVersion: 8.4.0
ProgramName: mri_voldiff  ProgramArguments: mri_voldiff -all-info  ProgramVersion: 7.3.2  TimeStamp: 2026/03/10-08:37:49-GMT  BuildTime: Aug  4 2022 06:17:15  BuildStamp: freesurfer-linux-ubuntu22_x86_64-7.3.2-20220804-6354275  User: oesteban  Machine: dna063  Platform: Linux  PlatformVersion: 5.14.0-427.37.1.el9_4.x86_64  CompilerName: GCC  CompilerVersion: 8.4.0
ProgramName: mri_watershed  ProgramArguments: mri_watershed -all-info  ProgramVersion: 7.3.2  TimeStamp: 2026/03/10-08:37:49-GMT  BuildTime: Aug  4 2022 06:17:15  BuildStamp: freesurfer-linux-ubuntu22_x86_64-7.3.2-20220804-6354275  User: oesteban  Machine: dna063  Platform: Linux  PlatformVersion: 5.14.0-427.37.1.el9_4.x86_64  CompilerName: GCC  CompilerVersion: 8.4.0
ProgramName: tkregister2  ProgramArguments: tkregister2_cmdl -all-info  ProgramVersion: 7.3.2  TimeStamp: 2026/03/10-08:37:49-GMT  BuildTime: Aug  4 2022 06:17:15  BuildStamp: freesurfer-linux-ubuntu22_x86_64-7.3.2-20220804-6354275  User: oesteban  Machine: dna063  Platform: Linux  PlatformVersion: 5.14.0-427.37.1.el9_4.x86_64  CompilerName: GCC  CompilerVersion: 8.4.0
mri_motion_correct.fsl 7.3.2
mri_convert -all-info 
ProgramName: mri_convert  ProgramArguments: mri_convert -all-info  ProgramVersion: 7.3.2  TimeStamp: 2026/03/10-08:37:49-GMT  BuildTime: Aug  4 2022 06:17:15  BuildStamp: freesurfer-linux-ubuntu22_x86_64-7.3.2-20220804-6354275  User: oesteban  Machine: dna063  Platform: Linux  PlatformVersion: 5.14.0-427.37.1.el9_4.x86_64  CompilerName: GCC  CompilerVersion: 8.4.0
Program nu_correct, built from:
Package MNI N3, version 1.12.0, compiled by nicks@terrier (x86_64-unknown-linux-gnu) on 2015-06-19 at 01:25:34
#######################################
GCADIR /opt/freesurfer/average
GCA RB_all_2020-01-02.gca
GCASkull RB_all_withskull_2020_01_02.gca
AvgCurvTif folding.atlas.acfb40.noaparc.i12.2016-08-02.tif
GCSDIR /opt/freesurfer/average
GCS DKaparc.atlas.acfb40.noaparc.i12.2016-08-02.gcs
#######################################
#--------------------------------------------
#@# WhiteSurfs lh Tue Mar 10 09:37:49 CET 2026
cd /out/sourcedata/freesurfer/sub-v1s8x0051346_ses-1/mri
mris_place_surface --adgws-in ../surf/autodet.gw.stats.lh.dat --seg aseg.presurf.mgz --threads 16 --wm wm.mgz --invol brain.finalsurfs.mgz --lh --i ../surf/lh.white.preaparc --o ../surf/lh.white --white --nsmooth 0 --rip-label ../label/lh.cortex.label --rip-bg --rip-surf ../surf/lh.white.preaparc --aparc ../label/lh.aparc.annot
   Update not needed
#--------------------------------------------
#@# WhiteSurfs rh Tue Mar 10 09:37:49 CET 2026
cd /out/sourcedata/freesurfer/sub-v1s8x0051346_ses-1/mri
mris_place_surface --adgws-in ../surf/autodet.gw.stats.rh.dat --seg aseg.presurf.mgz --threads 16 --wm wm.mgz --invol brain.finalsurfs.mgz --rh --i ../surf/rh.white.preaparc --o ../surf/rh.white --white --nsmooth 0 --rip-label ../label/rh.cortex.label --rip-bg --rip-surf ../surf/rh.white.preaparc --aparc ../label/rh.aparc.annot
   Update not needed
#@# white curv lh Tue Mar 10 09:37:49 CET 2026
cd /out/sourcedata/freesurfer/sub-v1s8x0051346_ses-1/mri
mris_place_surface --curv-map ../surf/lh.white 2 10 ../surf/lh.curv
   Update not needed
#@# white area lh Tue Mar 10 09:37:49 CET 2026
cd /out/sourcedata/freesurfer/sub-v1s8x0051346_ses-1/mri
mris_place_surface --area-map ../surf/lh.white ../surf/lh.area
   Update not needed
#@# pial curv lh Tue Mar 10 09:37:49 CET 2026
cd /out/sourcedata/freesurfer/sub-v1s8x0051346_ses-1/mri
mris_place_surface --curv-map ../surf/lh.pial 2 10 ../surf/lh.curv.pial
   Update not needed
#@# pial area lh Tue Mar 10 09:37:49 CET 2026
cd /out/sourcedata/freesurfer/sub-v1s8x0051346_ses-1/mri
mris_place_surface --area-map ../surf/lh.pial ../surf/lh.area.pial
   Update not needed
#@# thickness lh Tue Mar 10 09:37:49 CET 2026
cd /out/sourcedata/freesurfer/sub-v1s8x0051346_ses-1/mri
mris_place_surface --thickness ../surf/lh.white ../surf/lh.pial 20 5 ../surf/lh.thickness
   Update not needed
#@# area and vertex vol lh Tue Mar 10 09:37:49 CET 2026
cd /out/sourcedata/freesurfer/sub-v1s8x0051346_ses-1/mri
mris_place_surface --thickness ../surf/lh.white ../surf/lh.pial 20 5 ../surf/lh.thickness
   Update not needed
#@# white curv rh Tue Mar 10 09:37:49 CET 2026
cd /out/sourcedata/freesurfer/sub-v1s8x0051346_ses-1/mri
mris_place_surface --curv-map ../surf/rh.white 2 10 ../surf/rh.curv
   Update not needed
#@# white area rh Tue Mar 10 09:37:49 CET 2026
cd /out/sourcedata/freesurfer/sub-v1s8x0051346_ses-1/mri
mris_place_surface --area-map ../surf/rh.white ../surf/rh.area
   Update not needed
#@# pial curv rh Tue Mar 10 09:37:49 CET 2026
cd /out/sourcedata/freesurfer/sub-v1s8x0051346_ses-1/mri
mris_place_surface --curv-map ../surf/rh.pial 2 10 ../surf/rh.curv.pial
   Update not needed
#@# pial area rh Tue Mar 10 09:37:49 CET 2026
cd /out/sourcedata/freesurfer/sub-v1s8x0051346_ses-1/mri
mris_place_surface --area-map ../surf/rh.pial ../surf/rh.area.pial
   Update not needed
#@# thickness rh Tue Mar 10 09:37:49 CET 2026
cd /out/sourcedata/freesurfer/sub-v1s8x0051346_ses-1/mri
mris_place_surface --thickness ../surf/rh.white ../surf/rh.pial 20 5 ../surf/rh.thickness
   Update not needed
#@# area and vertex vol rh Tue Mar 10 09:37:49 CET 2026
cd /out/sourcedata/freesurfer/sub-v1s8x0051346_ses-1/mri
mris_place_surface --thickness ../surf/rh.white ../surf/rh.pial 20 5 ../surf/rh.thickness
   Update not needed

#-----------------------------------------
#@# Curvature Stats lh Tue Mar 10 09:37:49 CET 2026
/out/sourcedata/freesurfer/sub-v1s8x0051346_ses-1/surf

 mris_curvature_stats -m --writeCurvatureFiles -G -o ../stats/lh.curv.stats -F smoothwm sub-v1s8x0051346_ses-1 lh curv sulc 

             Toggling save flag on curvature files                       [ ok ]
                 Outputting results using filestem   [ ../stats/lh.curv.stats ]
             Toggling save flag on curvature files                       [ ok ]
                                   Setting surface [ sub-v1s8x0051346_ses-1/lh.smoothwm ]
                                Reading surface...                       [ ok ]
                                   Setting texture                     [ curv ]
                                Reading texture...                       [ ok ]
                                   Setting texture                     [ sulc ]
                                Reading texture...Gb_filter = 0
                       [ ok ]
      Calculating Discrete Principal Curvatures...
      Determining geometric order for vno faces... [####################] [ ok ]
                      Determining KH curvatures... [####################] [ ok ]
                    Determining k1k2 curvatures... [####################] [ ok ]
                                   deltaViolations                      [ 230 ]
Gb_filter = 0

WARN:    S lookup   min:                          -0.009266
WARN:    S explicit min:                          0.000000	vertex = 1010

#-----------------------------------------
#@# Curvature Stats rh Tue Mar 10 09:37:51 CET 2026
/out/sourcedata/freesurfer/sub-v1s8x0051346_ses-1/surf

 mris_curvature_stats -m --writeCurvatureFiles -G -o ../stats/rh.curv.stats -F smoothwm sub-v1s8x0051346_ses-1 rh curv sulc 

             Toggling save flag on curvature files                       [ ok ]
                 Outputting results using filestem   [ ../stats/rh.curv.stats ]
             Toggling save flag on curvature files                       [ ok ]
                                   Setting surface [ sub-v1s8x0051346_ses-1/rh.smoothwm ]
                                Reading surface...                       [ ok ]
                                   Setting texture                     [ curv ]
                                Reading texture...                       [ ok ]
                                   Setting texture                     [ sulc ]
                                Reading texture...Gb_filter = 0
                       [ ok ]
      Calculating Discrete Principal Curvatures...
      Determining geometric order for vno faces... [####################] [ ok ]
                      Determining KH curvatures... [####################] [ ok ]
                    Determining k1k2 curvatures... [####################] [ ok ]
                                   deltaViolations                      [ 208 ]
Gb_filter = 0

WARN:    S lookup   min:                          -0.025829
WARN:    S explicit min:                          0.000000	vertex = 385
#-----------------------------------------
#@# Relabel Hypointensities Tue Mar 10 09:37:53 CET 2026
/out/sourcedata/freesurfer/sub-v1s8x0051346_ses-1/mri

 mri_relabel_hypointensities aseg.presurf.mgz ../surf aseg.presurf.hypos.mgz 

reading input surface ../surf/lh.white...
relabeling lh hypointensities...
2152 voxels changed to hypointensity...
reading input surface ../surf/rh.white...
relabeling rh hypointensities...
2030 voxels changed to hypointensity...
4182 hypointense voxels neighboring cortex changed
#-----------------------------------------
#@# APas-to-ASeg Tue Mar 10 09:38:08 CET 2026
/out/sourcedata/freesurfer/sub-v1s8x0051346_ses-1/mri

 mri_surf2volseg --o aseg.mgz --i aseg.presurf.hypos.mgz --fix-presurf-with-ribbon /out/sourcedata/freesurfer/sub-v1s8x0051346_ses-1/mri/ribbon.mgz --threads 16 --lh-cortex-mask /out/sourcedata/freesurfer/sub-v1s8x0051346_ses-1/label/lh.cortex.label --lh-white /out/sourcedata/freesurfer/sub-v1s8x0051346_ses-1/surf/lh.white --lh-pial /out/sourcedata/freesurfer/sub-v1s8x0051346_ses-1/surf/lh.pial --rh-cortex-mask /out/sourcedata/freesurfer/sub-v1s8x0051346_ses-1/label/rh.cortex.label --rh-white /out/sourcedata/freesurfer/sub-v1s8x0051346_ses-1/surf/rh.white --rh-pial /out/sourcedata/freesurfer/sub-v1s8x0051346_ses-1/surf/rh.pial 

SUBJECTS_DIR /out/sourcedata/freesurfer
outvol aseg.mgz
16 avail.processors, using 16
Loading aseg.presurf.hypos.mgz
Loading /out/sourcedata/freesurfer/sub-v1s8x0051346_ses-1/mri/ribbon.mgz
Loading /out/sourcedata/freesurfer/sub-v1s8x0051346_ses-1/surf/lh.white
Loading /out/sourcedata/freesurfer/sub-v1s8x0051346_ses-1/surf/lh.pial
Loading /out/sourcedata/freesurfer/sub-v1s8x0051346_ses-1/label/lh.cortex.label
Loading /out/sourcedata/freesurfer/sub-v1s8x0051346_ses-1/surf/rh.white
Loading /out/sourcedata/freesurfer/sub-v1s8x0051346_ses-1/surf/rh.pial
Loading /out/sourcedata/freesurfer/sub-v1s8x0051346_ses-1/label/rh.cortex.label
Done loading
224 128 208   0  48 112 192  80  64  32 240  96 160  16 176 144  33 225  17 209 193 241   1  65  49  81 177  97 161  34 210  18   2 194 226 242  66  50 113  82 145 178  98 129  35 211 195 227 243  67  19 
  3 162  51  83 179 
146  36 212 196 228 244  68  99 
 20   4  52 163  84  37 213 197 229 245 180 114  69  21 147   5 100  38  53 214 198 230 246 164  85  70 181  22   6 130  39 
215 148 101  54 199 
231 247  23  86  71 182 115 165  40   7 216  55 200 232 248  24  87 149 102 183  72  41   8 217 201 233 249  56 166  25  42  88  73 184 131 218 116   9 103 234 250 150 202  57  26  43 167 219 
185  74 235 251  10 203  58  89  27  44 104 151 220 186 236 252 168 204  59 
132  11 117  75  28  45  90 221 187 237 105 253 205  60 152  29  46  12 169  76 133 222  91 188 238 254 206  61  30  13 106  47 118 170 153  77 223 189 239 
255  92 207 134  62  31  14 107 190  78 171  15  63 154  93 135 119 
191  79 
172 108 155  94 136 120 173 109 156  95 174 137 121 110 157 175 138 122 111 158 139 
159 
123 140 141 124 142 125 143 126 127 
nrelabeled = 150169
ndotcheck = 0
Starting Surf2VolSeg free
free done
#VMPC# mri_surf2volseg VmPeak  1910856
mri_surf2volseg done

 mri_brainvol_stats sub-v1s8x0051346_ses-1 

ComputeBrainVolumeStats2 VoxelVol=1, KeepCSF=1
  #CBVS2 MaskVol              1443567.0
  #CBVS2 BrainSegVol          1143454.0
  #CBVS2 BrainSegVolNotVent   1125895.0
  #CBVS2 SupraTentVol          988087.0
  #CBVS2 SupraTentVolNotVent   970528.0
  #CBVS2 lhCtxGM               251512.5
  #CBVS2 rhCtxGM               250843.9
  #CBVS2 lhCerebralWM          207619.0
  #CBVS2 rhCerebralWM          205014.0
  #CBVS2 SubCortGMVol           56339.0
  #CBVS2 CerebellumVol         155367.0
  #CBVS2 CerebellumGMVol       130685.0
  #CBVS2 VentChorVol            14508.0
  #CBVS2 3rd4th5thCSF            3051.0
  #CBVS2 AllCSF                 17559.0
  #CBVS2 CCVol                   4150.0
#-----------------------------------------
#@# AParc-to-ASeg aparc Tue Mar 10 09:38:15 CET 2026
/out/sourcedata/freesurfer/sub-v1s8x0051346_ses-1/mri

 mri_surf2volseg --o aparc+aseg.mgz --label-cortex --i aseg.mgz --threads 16 --lh-annot /out/sourcedata/freesurfer/sub-v1s8x0051346_ses-1/label/lh.aparc.annot 1000 --lh-cortex-mask /out/sourcedata/freesurfer/sub-v1s8x0051346_ses-1/label/lh.cortex.label --lh-white /out/sourcedata/freesurfer/sub-v1s8x0051346_ses-1/surf/lh.white --lh-pial /out/sourcedata/freesurfer/sub-v1s8x0051346_ses-1/surf/lh.pial --rh-annot /out/sourcedata/freesurfer/sub-v1s8x0051346_ses-1/label/rh.aparc.annot 2000 --rh-cortex-mask /out/sourcedata/freesurfer/sub-v1s8x0051346_ses-1/label/rh.cortex.label --rh-white /out/sourcedata/freesurfer/sub-v1s8x0051346_ses-1/surf/rh.white --rh-pial /out/sourcedata/freesurfer/sub-v1s8x0051346_ses-1/surf/rh.pial 

SUBJECTS_DIR /out/sourcedata/freesurfer
outvol aparc+aseg.mgz
16 avail.processors, using 16
Loading aseg.mgz
Loading /out/sourcedata/freesurfer/sub-v1s8x0051346_ses-1/surf/lh.white
Loading /out/sourcedata/freesurfer/sub-v1s8x0051346_ses-1/surf/lh.pial
Loading /out/sourcedata/freesurfer/sub-v1s8x0051346_ses-1/label/lh.cortex.label
Ripping lh vertices labeled not in lh.cortex.label
  ripped 8077 vertices from lh hemi
Loading /out/sourcedata/freesurfer/sub-v1s8x0051346_ses-1/label/lh.aparc.annot
Loading /out/sourcedata/freesurfer/sub-v1s8x0051346_ses-1/surf/rh.white
Loading /out/sourcedata/freesurfer/sub-v1s8x0051346_ses-1/surf/rh.pial
Loading /out/sourcedata/freesurfer/sub-v1s8x0051346_ses-1/label/rh.cortex.label
Ripping rh vertices labeled not in rh.cortex.label
  ripped 7711 vertices from rh hemi
Loading /out/sourcedata/freesurfer/sub-v1s8x0051346_ses-1/label/rh.aparc.annot
Done loading
  0 160 112  32 240 144  96 208  48 192  64 128 176  80 224  16   1  17  49 209 193 225  65  33 241  18   2  50 210 194 226  34 242  19 
  3  51  66 211 195 227  35 243  20   4  52 212 196 228  21   5  36 244  53  22   6 213 197 229  37  54 245  23   7 214 198 230  55  38 246  24   8  56 215 199 
231  39 
247  25   9  57 216 200 232  40  10  26 248  58  67  11 217 201 233  27  41  59 
249  12  28 218 202 234  60  42 250  13  29 219 
203  61 235  43 251  14  30 220  62 204 236  15  31 252  44 221  63 237 205  45 253 222 206 238 254  46 255 223 207 239 
 47  68 145  69  81 129  97 177  70 113 161 146  71 130  98  82 147 178  72 114 162 131  99 
179 
148  73  83 115 100 132 163  74 180 149 116  84  75 101 181 133 150 117 164  76 182  85 151 102 118  77 134 183 165 184 152  78 103 185  86 119 
135 186 187 188 189 190 191  79 
153 166 136 120 104  87 154 167 137 121 105 155  88 138 168 122 156 106 139 
169 123  89 140 157 170 107 124 141 171 158 125 108  90 142 172 143 126 159 
109 173 127  91 110 174  92 111 175  93  94  95 
nrelabeled = 501501
ndotcheck = 27797
Starting Surf2VolSeg free
free done
#VMPC# mri_surf2volseg VmPeak  1895044
mri_surf2volseg done
#-----------------------------------------
#@# AParc-to-ASeg aparc.a2009s Tue Mar 10 09:38:48 CET 2026
/out/sourcedata/freesurfer/sub-v1s8x0051346_ses-1/mri

 mri_surf2volseg --o aparc.a2009s+aseg.mgz --label-cortex --i aseg.mgz --threads 16 --lh-annot /out/sourcedata/freesurfer/sub-v1s8x0051346_ses-1/label/lh.aparc.a2009s.annot 11100 --lh-cortex-mask /out/sourcedata/freesurfer/sub-v1s8x0051346_ses-1/label/lh.cortex.label --lh-white /out/sourcedata/freesurfer/sub-v1s8x0051346_ses-1/surf/lh.white --lh-pial /out/sourcedata/freesurfer/sub-v1s8x0051346_ses-1/surf/lh.pial --rh-annot /out/sourcedata/freesurfer/sub-v1s8x0051346_ses-1/label/rh.aparc.a2009s.annot 12100 --rh-cortex-mask /out/sourcedata/freesurfer/sub-v1s8x0051346_ses-1/label/rh.cortex.label --rh-white /out/sourcedata/freesurfer/sub-v1s8x0051346_ses-1/surf/rh.white --rh-pial /out/sourcedata/freesurfer/sub-v1s8x0051346_ses-1/surf/rh.pial 

SUBJECTS_DIR /out/sourcedata/freesurfer
outvol aparc.a2009s+aseg.mgz
16 avail.processors, using 16
Loading aseg.mgz
Loading /out/sourcedata/freesurfer/sub-v1s8x0051346_ses-1/surf/lh.white
Loading /out/sourcedata/freesurfer/sub-v1s8x0051346_ses-1/surf/lh.pial
Loading /out/sourcedata/freesurfer/sub-v1s8x0051346_ses-1/label/lh.cortex.label
Ripping lh vertices labeled not in lh.cortex.label
  ripped 8077 vertices from lh hemi
Loading /out/sourcedata/freesurfer/sub-v1s8x0051346_ses-1/label/lh.aparc.a2009s.annot
Loading /out/sourcedata/freesurfer/sub-v1s8x0051346_ses-1/surf/rh.white
Loading /out/sourcedata/freesurfer/sub-v1s8x0051346_ses-1/surf/rh.pial
Loading /out/sourcedata/freesurfer/sub-v1s8x0051346_ses-1/label/rh.cortex.label
Ripping rh vertices labeled not in rh.cortex.label
  ripped 7711 vertices from rh hemi
Loading /out/sourcedata/freesurfer/sub-v1s8x0051346_ses-1/label/rh.aparc.a2009s.annot
Done loading
  0  80  64  16 208 144 160  48  96 128 112 240 224 192  32 176 209   1 193  33 241  65 225  49 210   2  17 194 242  34  50 226 211   3  18  66 243 227 212   4  51  35 195   5 244 228 213  52  19 
196  36   6 245 229  20   7 197  37  53 214  21 246 230   8 198 215  38  22   9 247 231  54 199 
 23  39 
 10 248 232 200  24 216  11  40  67  55  25 249 233 217  41  56  26 250  12 201 234  57  27  42  13 251 202  58 235 218  28  43  59 
252 203  29 236  14  60 204  44 219 
 30 253 237  61 205  45  31 254  15 238 220  46 255  62 206 221  47 207 222 239 
 63 223  68  69 145  70 177 146 161  81  71 129  97 113  72 147 178  73 162  82 148 130  98 179 
114  74 149  83 163 131 150 180  75  99 
115  84 151  76 132 164 181 116 100 152  85  77 133 182 153 117 101  78 165  86 154 183 134 118  79 
184 155  87 102 166 185 186 156 187 188 135 189 190 191 119 
 88 167 103 157 136 168 120  89 158 104 169 137 121 159 
 90 170 105 138 122 171  91 139 
123 106 172 140 124 141 107  92 173 142 125 108 174 143  93 126 175 109 127  94 110  95 111 
nrelabeled = 501501
ndotcheck = 27797
Starting Surf2VolSeg free
free done
#VMPC# mri_surf2volseg VmPeak  1895120
mri_surf2volseg done
#-----------------------------------------
#@# AParc-to-ASeg aparc.DKTatlas Tue Mar 10 09:39:19 CET 2026
/out/sourcedata/freesurfer/sub-v1s8x0051346_ses-1/mri

 mri_surf2volseg --o aparc.DKTatlas+aseg.mgz --label-cortex --i aseg.mgz --threads 16 --lh-annot /out/sourcedata/freesurfer/sub-v1s8x0051346_ses-1/label/lh.aparc.DKTatlas.annot 1000 --lh-cortex-mask /out/sourcedata/freesurfer/sub-v1s8x0051346_ses-1/label/lh.cortex.label --lh-white /out/sourcedata/freesurfer/sub-v1s8x0051346_ses-1/surf/lh.white --lh-pial /out/sourcedata/freesurfer/sub-v1s8x0051346_ses-1/surf/lh.pial --rh-annot /out/sourcedata/freesurfer/sub-v1s8x0051346_ses-1/label/rh.aparc.DKTatlas.annot 2000 --rh-cortex-mask /out/sourcedata/freesurfer/sub-v1s8x0051346_ses-1/label/rh.cortex.label --rh-white /out/sourcedata/freesurfer/sub-v1s8x0051346_ses-1/surf/rh.white --rh-pial /out/sourcedata/freesurfer/sub-v1s8x0051346_ses-1/surf/rh.pial 

SUBJECTS_DIR /out/sourcedata/freesurfer
outvol aparc.DKTatlas+aseg.mgz
16 avail.processors, using 16
Loading aseg.mgz
Loading /out/sourcedata/freesurfer/sub-v1s8x0051346_ses-1/surf/lh.white
Loading /out/sourcedata/freesurfer/sub-v1s8x0051346_ses-1/surf/lh.pial
Loading /out/sourcedata/freesurfer/sub-v1s8x0051346_ses-1/label/lh.cortex.label
Ripping lh vertices labeled not in lh.cortex.label
  ripped 8077 vertices from lh hemi
Loading /out/sourcedata/freesurfer/sub-v1s8x0051346_ses-1/label/lh.aparc.DKTatlas.annot
Loading /out/sourcedata/freesurfer/sub-v1s8x0051346_ses-1/surf/rh.white
Loading /out/sourcedata/freesurfer/sub-v1s8x0051346_ses-1/surf/rh.pial
Loading /out/sourcedata/freesurfer/sub-v1s8x0051346_ses-1/label/rh.cortex.label
Ripping rh vertices labeled not in rh.cortex.label
  ripped 7711 vertices from rh hemi
Loading /out/sourcedata/freesurfer/sub-v1s8x0051346_ses-1/label/rh.aparc.DKTatlas.annot
Done loading
 16 112  80 176  48 240  32 192  96  64 128   0 208 144 224 160   1  33 209  65 241  49  17 193 225   2  34  18 210 242  50 194 226   3  35  19 
 66 211   4 243 195 227  51  36  20   5  37 212 244 228 196  21  52   6  38  22 213 245 229 197   7  53  39 
 23   8 214  40 230 198 246  24  54   9  41 215 231  25 199 
247  55  10  42  26 216 232 200  67 248  56  11  43  27 217 233  12 201 249  57  28  44  13 218 234 202 250  58  29  45  14 219 
235 203 251  59 
 46  15  30 220 236 204 252  60  31  47 221 237 205 253  61 222 238 206 254  62 223 239 
207 255  63  68  69 145  70 161 129  97 177 113  71 146  81  72 130 162  98 147  73 114 178 131  82  99 
163  74 148 115 132 179 
100  75 149 133  83 116 164 180  76 101 150 134 117  77 181 102  84 151 165 135  78 118 103 182 152 136  85 166  79 
183 104 137 119 
153 184 185 138 167  86 105 186 187 154 188 189 190 191 120 139 
106 168 140  87 155 121 141 107 169 142 156 122  88 108 170 143 123 157 109 171  89 124 110 172 158 125 111  90 173 159 
126 174  91 127 175  92  93  94  95 
nrelabeled = 501501
ndotcheck = 27797
Starting Surf2VolSeg free
free done
#VMPC# mri_surf2volseg VmPeak  1895008
mri_surf2volseg done
#-----------------------------------------
#@# WMParc Tue Mar 10 09:39:52 CET 2026
/out/sourcedata/freesurfer/sub-v1s8x0051346_ses-1/mri

 mri_surf2volseg --o wmparc.mgz --label-wm --i aparc+aseg.mgz --threads 16 --lh-annot /out/sourcedata/freesurfer/sub-v1s8x0051346_ses-1/label/lh.aparc.annot 3000 --lh-cortex-mask /out/sourcedata/freesurfer/sub-v1s8x0051346_ses-1/label/lh.cortex.label --lh-white /out/sourcedata/freesurfer/sub-v1s8x0051346_ses-1/surf/lh.white --lh-pial /out/sourcedata/freesurfer/sub-v1s8x0051346_ses-1/surf/lh.pial --rh-annot /out/sourcedata/freesurfer/sub-v1s8x0051346_ses-1/label/rh.aparc.annot 4000 --rh-cortex-mask /out/sourcedata/freesurfer/sub-v1s8x0051346_ses-1/label/rh.cortex.label --rh-white /out/sourcedata/freesurfer/sub-v1s8x0051346_ses-1/surf/rh.white --rh-pial /out/sourcedata/freesurfer/sub-v1s8x0051346_ses-1/surf/rh.pial 

SUBJECTS_DIR /out/sourcedata/freesurfer
outvol wmparc.mgz
16 avail.processors, using 16
Loading aparc+aseg.mgz
Loading /out/sourcedata/freesurfer/sub-v1s8x0051346_ses-1/surf/lh.white
Loading /out/sourcedata/freesurfer/sub-v1s8x0051346_ses-1/surf/lh.pial
Loading /out/sourcedata/freesurfer/sub-v1s8x0051346_ses-1/label/lh.cortex.label
Ripping lh vertices labeled not in lh.cortex.label
  ripped 8077 vertices from lh hemi
Loading /out/sourcedata/freesurfer/sub-v1s8x0051346_ses-1/label/lh.aparc.annot
Loading /out/sourcedata/freesurfer/sub-v1s8x0051346_ses-1/surf/rh.white
Loading /out/sourcedata/freesurfer/sub-v1s8x0051346_ses-1/surf/rh.pial
Loading /out/sourcedata/freesurfer/sub-v1s8x0051346_ses-1/label/rh.cortex.label
Ripping rh vertices labeled not in rh.cortex.label
  ripped 7711 vertices from rh hemi
Loading /out/sourcedata/freesurfer/sub-v1s8x0051346_ses-1/label/rh.aparc.annot
Done loading
  0 208 224  32 160 240  48  96  64 128 176 192 144 112  16  80  17  49   1 193  33  65 225 209 241  18  50   2 242  34 194  66 226 210  19 
  3  51 243  35  20 195   4  52  67 227 211 244  36   5  21  53 196  68 228 245 212  54  37  22   6 197 246 229 213  55 247  38   7  23  69 198 214 230  56 248  39 
 24  57   8 199 
215 231 249  70  58  40   9  25 200 216 232 250  59 
 41  26  10 201 217  60 233 251  71  42  11  27 177 202 218  61 234 252  43  28  12 253 203 219 
 62 235  81  44  29  13 254 204  63 220 236  45  30 255  14 221 205 237  46  15  31 222  72 206 238 223  47 207 239 
 73 129 178  82  74 179 
161 113 145  97  83 180  75 130 181  76  84 182 183 184  77 185 131 186 162 187 188 114  85 189 190 191 146  78  98  86  79 
132 163 115  87 147  88 164  99 
133 116  89 165 148  90 166 117 149 134 167 100  91 168 118 150  92 135 169 119 
170 101 151  93 120 171 136 121 152 122 172  94 123 124 173 125 126 153 102  95 174 127 137 175 154 138 103 155 156 139 
104 157 140 158 105 159 
141 106 142 107 108 143 109 110 111 
nrelabeled = 408483
ndotcheck = 3591
Starting Surf2VolSeg free
free done
#VMPC# mri_surf2volseg VmPeak  1895044
mri_surf2volseg done

 mri_segstats --seed 1234 --seg mri/wmparc.mgz --sum stats/wmparc.stats --pv mri/norm.mgz --excludeid 0 --brainmask mri/brainmask.mgz --in mri/norm.mgz --in-intensity-name norm --in-intensity-units MR --subject sub-v1s8x0051346_ses-1 --surf-wm-vol --ctab /opt/freesurfer/WMParcStatsLUT.txt --etiv 

setting seed for random number genererator to 1234

7.3.2
cwd 
cmdline mri_segstats --seed 1234 --seg mri/wmparc.mgz --sum stats/wmparc.stats --pv mri/norm.mgz --excludeid 0 --brainmask mri/brainmask.mgz --in mri/norm.mgz --in-intensity-name norm --in-intensity-units MR --subject sub-v1s8x0051346_ses-1 --surf-wm-vol --ctab /opt/freesurfer/WMParcStatsLUT.txt --etiv 
sysname  Linux
hostname dna063
machine  x86_64
user     oesteban
whitesurfname  white
UseRobust  0
atlas_icv (eTIV) = 1504899 mm^3    (det: 1.294509 )
Loading mri/wmparc.mgz
Getting Brain Volume Statistics
Loading mri/norm.mgz
Loading mri/norm.mgz
Voxel Volume is 1 mm^3
Generating list of segmentation ids
Found 390 segmentations
Computing statistics for each segmentation

Reporting on  70 segmentations
Using PrintSegStat
mri_segstats done
#--------------------------------------------
#@# ASeg Stats Tue Mar 10 09:44:25 CET 2026
/out/sourcedata/freesurfer/sub-v1s8x0051346_ses-1

 mri_segstats --seed 1234 --seg mri/aseg.mgz --sum stats/aseg.stats --pv mri/norm.mgz --empty --brainmask mri/brainmask.mgz --brain-vol-from-seg --excludeid 0 --excl-ctxgmwm --supratent --subcortgray --in mri/norm.mgz --in-intensity-name norm --in-intensity-units MR --etiv --surf-wm-vol --surf-ctx-vol --totalgray --euler --ctab /opt/freesurfer/ASegStatsLUT.txt --subject sub-v1s8x0051346_ses-1 

setting seed for random number genererator to 1234

7.3.2
cwd 
cmdline mri_segstats --seed 1234 --seg mri/aseg.mgz --sum stats/aseg.stats --pv mri/norm.mgz --empty --brainmask mri/brainmask.mgz --brain-vol-from-seg --excludeid 0 --excl-ctxgmwm --supratent --subcortgray --in mri/norm.mgz --in-intensity-name norm --in-intensity-units MR --etiv --surf-wm-vol --surf-ctx-vol --totalgray --euler --ctab /opt/freesurfer/ASegStatsLUT.txt --subject sub-v1s8x0051346_ses-1 
sysname  Linux
hostname dna063
machine  x86_64
user     oesteban
whitesurfname  white
UseRobust  0
atlas_icv (eTIV) = 1504899 mm^3    (det: 1.294509 )
Computing euler number
orig.nofix lheno =  -32, rheno = -30
orig.nofix lhholes =   17, rhholes = 16
Loading mri/aseg.mgz
Getting Brain Volume Statistics
Loading mri/norm.mgz
Loading mri/norm.mgz
Voxel Volume is 1 mm^3
Generating list of segmentation ids
Found  50 segmentations
Computing statistics for each segmentation

Reporting on  45 segmentations
Using PrintSegStat
mri_segstats done

Started at Tue Mar 10 09:37:48 CET 2026 
Ended   at Tue Mar 10 09:45:05 CET 2026
#@#%# recon-all-run-time-hours 0.121
recon-all -s sub-v1s8x0051346_ses-1 finished without error at Tue Mar 10 09:45:05 CET 2026
