
Tue Mar 10 09:07:52 CET 2026
cd /out/sourcedata/freesurfer/sub-v1s8x0051346_ses-1
setenv SUBJECTS_DIR /out/sourcedata/freesurfer
/opt/freesurfer/bin/recon-all -autorecon-hemi rh -noparcstats -noparcstats2 -noparcstats3 -nohyporelabel -nobalabels -rh-only -openmp 16 -subjid sub-v1s8x0051346_ses-1 -sd /out/sourcedata/freesurfer

subjid sub-v1s8x0051346_ses-1
setenv SUBJECTS_DIR /out/sourcedata/freesurfer
FREESURFER_HOME /opt/freesurfer
Actual FREESURFER_HOME /opt/freesurfer
build-stamp.txt: freesurfer-linux-ubuntu22_x86_64-7.3.2-20220804-6354275
Linux dna063 5.14.0-427.37.1.el9_4.x86_64 #1 SMP PREEMPT_DYNAMIC Fri Sep 13 12:41:50 EDT 2024 x86_64 x86_64 x86_64 GNU/Linux
cputime      unlimited
filesize     unlimited
datasize     unlimited
stacksize    8192 kbytes
coredumpsize 0 kbytes
memoryuse    67108864 kbytes
vmemoryuse   unlimited
descriptors  1024 
memorylocked unlimited
maxproc      2061970 
maxlocks     unlimited
maxsignal    2061970 
maxmessage   819200 
maxnice      0 
maxrtprio    0 
maxrttime    unlimited

               total        used        free      shared  buff/cache   available
Mem:           503Gi        49Gi       347Gi        10Gi       106Gi       439Gi
Swap:             0B          0B          0B

########################################
program versions used
7.3.2 (freesurfer-linux-ubuntu22_x86_64-7.3.2-20220804-6354275)
7.3.2

ProgramName: lta_convert  ProgramArguments: lta_convert -all-info  ProgramVersion: 7.3.2  TimeStamp: 2026/03/10-08:07:52-GMT  BuildTime: Aug  4 2022 06:17:15  BuildStamp: freesurfer-linux-ubuntu22_x86_64-7.3.2-20220804-6354275  User: oesteban  Machine: dna063  Platform: Linux  PlatformVersion: 5.14.0-427.37.1.el9_4.x86_64  CompilerName: GCC  CompilerVersion: 8.4.0
ProgramName: mri_and  ProgramArguments: mri_and -all-info  ProgramVersion: 7.3.2  TimeStamp: 2026/03/10-08:07:52-GMT  BuildTime: Aug  4 2022 06:17:15  BuildStamp: freesurfer-linux-ubuntu22_x86_64-7.3.2-20220804-6354275  User: oesteban  Machine: dna063  Platform: Linux  PlatformVersion: 5.14.0-427.37.1.el9_4.x86_64  CompilerName: GCC  CompilerVersion: 8.4.0
ProgramName: mri_annotation2label  ProgramArguments: mri_annotation2label -all-info  ProgramVersion: 7.3.2  TimeStamp: 2026/03/10-08:07:52-GMT  BuildTime: Aug  4 2022 06:17:15  BuildStamp: freesurfer-linux-ubuntu22_x86_64-7.3.2-20220804-6354275  User: oesteban  Machine: dna063  Platform: Linux  PlatformVersion: 5.14.0-427.37.1.el9_4.x86_64  CompilerName: GCC  CompilerVersion: 8.4.0
ProgramName: mri_aparc2aseg  ProgramArguments: mri_aparc2aseg -all-info  ProgramVersion: 7.3.2  TimeStamp: 2026/03/10-08:07:52-GMT  BuildTime: Aug  4 2022 06:17:15  BuildStamp: freesurfer-linux-ubuntu22_x86_64-7.3.2-20220804-6354275  User: oesteban  Machine: dna063  Platform: Linux  PlatformVersion: 5.14.0-427.37.1.el9_4.x86_64  CompilerName: GCC  CompilerVersion: 8.4.0
ProgramName: mri_surf2volseg  ProgramArguments: mri_surf2volseg -all-info  ProgramVersion: 7.3.2  TimeStamp: 2026/03/10-08:07:52-GMT  BuildTime: Aug  4 2022 06:17:15  BuildStamp: freesurfer-linux-ubuntu22_x86_64-7.3.2-20220804-6354275  User: oesteban  Machine: dna063  Platform: Linux  PlatformVersion: 5.14.0-427.37.1.el9_4.x86_64  CompilerName: GCC  CompilerVersion: 8.4.0
ProgramName: mri_binarize  ProgramArguments: mri_binarize -all-info  ProgramVersion: 7.3.2  TimeStamp: 2026/03/10-08:07:52-GMT  BuildTime: Aug  4 2022 06:17:15  BuildStamp: freesurfer-linux-ubuntu22_x86_64-7.3.2-20220804-6354275  User: oesteban  Machine: dna063  Platform: Linux  PlatformVersion: 5.14.0-427.37.1.el9_4.x86_64  CompilerName: GCC  CompilerVersion: 8.4.0
ProgramName: mri_ca_label  ProgramArguments: mri_ca_label -all-info  ProgramVersion: 7.3.2  TimeStamp: 2026/03/10-08:07:52-GMT  BuildTime: Aug  4 2022 06:17:15  BuildStamp: freesurfer-linux-ubuntu22_x86_64-7.3.2-20220804-6354275  User: oesteban  Machine: dna063  Platform: Linux  PlatformVersion: 5.14.0-427.37.1.el9_4.x86_64  CompilerName: GCC  CompilerVersion: 8.4.0
ProgramName: mri_ca_normalize  ProgramArguments: mri_ca_normalize -all-info  ProgramVersion: 7.3.2  TimeStamp: 2026/03/10-08:07:52-GMT  BuildTime: Aug  4 2022 06:17:15  BuildStamp: freesurfer-linux-ubuntu22_x86_64-7.3.2-20220804-6354275  User: oesteban  Machine: dna063  Platform: Linux  PlatformVersion: 5.14.0-427.37.1.el9_4.x86_64  CompilerName: GCC  CompilerVersion: 8.4.0
ProgramName: mri_ca_register  ProgramArguments: mri_ca_register -all-info  ProgramVersion: 7.3.2  TimeStamp: 2026/03/10-08:07:52-GMT  BuildTime: Aug  4 2022 06:17:15  BuildStamp: freesurfer-linux-ubuntu22_x86_64-7.3.2-20220804-6354275  User: oesteban  Machine: dna063  Platform: Linux  PlatformVersion: 5.14.0-427.37.1.el9_4.x86_64  CompilerName: GCC  CompilerVersion: 8.4.0
ProgramName: mri_cc  ProgramArguments: mri_cc -all-info  ProgramVersion: 7.3.2  TimeStamp: 2026/03/10-08:07:52-GMT  BuildTime: Aug  4 2022 06:17:15  BuildStamp: freesurfer-linux-ubuntu22_x86_64-7.3.2-20220804-6354275  User: oesteban  Machine: dna063  Platform: Linux  PlatformVersion: 5.14.0-427.37.1.el9_4.x86_64  CompilerName: GCC  CompilerVersion: 8.4.0
ProgramName: mri_compute_overlap  ProgramArguments: mri_compute_overlap -all-info  ProgramVersion: 7.3.2  TimeStamp: 2026/03/10-08:07:52-GMT  BuildTime: Aug  4 2022 06:17:15  BuildStamp: freesurfer-linux-ubuntu22_x86_64-7.3.2-20220804-6354275  User: oesteban  Machine: dna063  Platform: Linux  PlatformVersion: 5.14.0-427.37.1.el9_4.x86_64  CompilerName: GCC  CompilerVersion: 8.4.0
ProgramName: mri_compute_seg_overlap  ProgramArguments: mri_compute_seg_overlap -all-info  ProgramVersion: 7.3.2  TimeStamp: 2026/03/10-08:07:52-GMT  BuildTime: Aug  4 2022 06:17:15  BuildStamp: freesurfer-linux-ubuntu22_x86_64-7.3.2-20220804-6354275  User: oesteban  Machine: dna063  Platform: Linux  PlatformVersion: 5.14.0-427.37.1.el9_4.x86_64  CompilerName: GCC  CompilerVersion: 8.4.0
ProgramName: mri_concat  ProgramArguments: mri_concat -all-info  ProgramVersion: 7.3.2  TimeStamp: 2026/03/10-08:07:52-GMT  BuildTime: Aug  4 2022 06:17:15  BuildStamp: freesurfer-linux-ubuntu22_x86_64-7.3.2-20220804-6354275  User: oesteban  Machine: dna063  Platform: Linux  PlatformVersion: 5.14.0-427.37.1.el9_4.x86_64  CompilerName: GCC  CompilerVersion: 8.4.0
ProgramName: mri_concatenate_lta  ProgramArguments: mri_concatenate_lta -all-info  ProgramVersion: 7.3.2  TimeStamp: 2026/03/10-08:07:52-GMT  BuildTime: Aug  4 2022 06:17:15  BuildStamp: freesurfer-linux-ubuntu22_x86_64-7.3.2-20220804-6354275  User: oesteban  Machine: dna063  Platform: Linux  PlatformVersion: 5.14.0-427.37.1.el9_4.x86_64  CompilerName: GCC  CompilerVersion: 8.4.0
mri_convert -all-info 
ProgramName: mri_convert  ProgramArguments: mri_convert -all-info  ProgramVersion: 7.3.2  TimeStamp: 2026/03/10-08:07:52-GMT  BuildTime: Aug  4 2022 06:17:15  BuildStamp: freesurfer-linux-ubuntu22_x86_64-7.3.2-20220804-6354275  User: oesteban  Machine: dna063  Platform: Linux  PlatformVersion: 5.14.0-427.37.1.el9_4.x86_64  CompilerName: GCC  CompilerVersion: 8.4.0
ProgramName: mri_diff  ProgramArguments: mri_diff -all-info  ProgramVersion: 7.3.2  TimeStamp: 2026/03/10-08:07:52-GMT  BuildTime: Aug  4 2022 06:17:15  BuildStamp: freesurfer-linux-ubuntu22_x86_64-7.3.2-20220804-6354275  User: oesteban  Machine: dna063  Platform: Linux  PlatformVersion: 5.14.0-427.37.1.el9_4.x86_64  CompilerName: GCC  CompilerVersion: 8.4.0
ProgramName: mri_edit_wm_with_aseg  ProgramArguments: mri_edit_wm_with_aseg -all-info  ProgramVersion: 7.3.2  TimeStamp: 2026/03/10-08:07:52-GMT  BuildTime: Aug  4 2022 06:17:15  BuildStamp: freesurfer-linux-ubuntu22_x86_64-7.3.2-20220804-6354275  User: oesteban  Machine: dna063  Platform: Linux  PlatformVersion: 5.14.0-427.37.1.el9_4.x86_64  CompilerName: GCC  CompilerVersion: 8.4.0
ProgramName: mri_em_register  ProgramArguments: mri_em_register -all-info  ProgramVersion: 7.3.2  TimeStamp: 2026/03/10-08:07:52-GMT  BuildTime: Aug  4 2022 06:17:15  BuildStamp: freesurfer-linux-ubuntu22_x86_64-7.3.2-20220804-6354275  User: oesteban  Machine: dna063  Platform: Linux  PlatformVersion: 5.14.0-427.37.1.el9_4.x86_64  CompilerName: GCC  CompilerVersion: 8.4.0
ProgramName: mri_fill  ProgramArguments: mri_fill -all-info  ProgramVersion: 7.3.2  TimeStamp: 2026/03/10-08:07:52-GMT  BuildTime: Aug  4 2022 06:17:15  BuildStamp: freesurfer-linux-ubuntu22_x86_64-7.3.2-20220804-6354275  User: oesteban  Machine: dna063  Platform: Linux  PlatformVersion: 5.14.0-427.37.1.el9_4.x86_64  CompilerName: GCC  CompilerVersion: 8.4.0
ProgramName: mri_fuse_segmentations  ProgramArguments: mri_fuse_segmentations -all-info  ProgramVersion: 7.3.2  TimeStamp: 2026/03/10-08:07:52-GMT  BuildTime: Aug  4 2022 06:17:15  BuildStamp: freesurfer-linux-ubuntu22_x86_64-7.3.2-20220804-6354275  User: oesteban  Machine: dna063  Platform: Linux  PlatformVersion: 5.14.0-427.37.1.el9_4.x86_64  CompilerName: GCC  CompilerVersion: 8.4.0
ProgramName: mri_fwhm  ProgramArguments: mri_fwhm -all-info  ProgramVersion: 7.3.2  TimeStamp: 2026/03/10-08:07:52-GMT  BuildTime: Aug  4 2022 06:17:15  BuildStamp: freesurfer-linux-ubuntu22_x86_64-7.3.2-20220804-6354275  User: oesteban  Machine: dna063  Platform: Linux  PlatformVersion: 5.14.0-427.37.1.el9_4.x86_64  CompilerName: GCC  CompilerVersion: 8.4.0
ProgramName: mri_gcut  ProgramArguments: mri_gcut -all-info  ProgramVersion: 7.3.2  TimeStamp: 2026/03/10-08:07:52-GMT  BuildTime: Aug  4 2022 06:17:15  BuildStamp: freesurfer-linux-ubuntu22_x86_64-7.3.2-20220804-6354275  User: oesteban  Machine: dna063  Platform: Linux  PlatformVersion: 5.14.0-427.37.1.el9_4.x86_64  CompilerName: GCC  CompilerVersion: 8.4.0
ProgramName: mri_info  ProgramArguments: mri_info -all-info  ProgramVersion: 7.3.2  TimeStamp: 2026/03/10-08:07:52-GMT  BuildTime: Aug  4 2022 06:17:15  BuildStamp: freesurfer-linux-ubuntu22_x86_64-7.3.2-20220804-6354275  User: oesteban  Machine: dna063  Platform: Linux  PlatformVersion: 5.14.0-427.37.1.el9_4.x86_64  CompilerName: GCC  CompilerVersion: 8.4.0
ProgramName: mri_label2label  ProgramArguments: mri_label2label -all-info  ProgramVersion: 7.3.2  TimeStamp: 2026/03/10-08:07:52-GMT  BuildTime: Aug  4 2022 06:17:15  BuildStamp: freesurfer-linux-ubuntu22_x86_64-7.3.2-20220804-6354275  User: oesteban  Machine: dna063  Platform: Linux  PlatformVersion: 5.14.0-427.37.1.el9_4.x86_64  CompilerName: GCC  CompilerVersion: 8.4.0
ProgramName: mri_label2vol  ProgramArguments: mri_label2vol -all-info  ProgramVersion: 7.3.2  TimeStamp: 2026/03/10-08:07:52-GMT  BuildTime: Aug  4 2022 06:17:15  BuildStamp: freesurfer-linux-ubuntu22_x86_64-7.3.2-20220804-6354275  User: oesteban  Machine: dna063  Platform: Linux  PlatformVersion: 5.14.0-427.37.1.el9_4.x86_64  CompilerName: GCC  CompilerVersion: 8.4.0
ProgramName: mri_log_likelihood  ProgramArguments: mri_log_likelihood -all-info  ProgramVersion: 7.3.2  TimeStamp: 2026/03/10-08:07:52-GMT  BuildTime: Aug  4 2022 06:17:15  BuildStamp: freesurfer-linux-ubuntu22_x86_64-7.3.2-20220804-6354275  User: oesteban  Machine: dna063  Platform: Linux  PlatformVersion: 5.14.0-427.37.1.el9_4.x86_64  CompilerName: GCC  CompilerVersion: 8.4.0
ProgramName: mri_mask  ProgramArguments: mri_mask -all-info  ProgramVersion: 7.3.2  TimeStamp: 2026/03/10-08:07:52-GMT  BuildTime: Aug  4 2022 06:17:15  BuildStamp: freesurfer-linux-ubuntu22_x86_64-7.3.2-20220804-6354275  User: oesteban  Machine: dna063  Platform: Linux  PlatformVersion: 5.14.0-427.37.1.el9_4.x86_64  CompilerName: GCC  CompilerVersion: 8.4.0
ProgramName: mri_matrix_multiply  ProgramArguments: mri_matrix_multiply -all-info  ProgramVersion: 7.3.2  TimeStamp: 2026/03/10-08:07:52-GMT  BuildTime: Aug  4 2022 06:17:15  BuildStamp: freesurfer-linux-ubuntu22_x86_64-7.3.2-20220804-6354275  User: oesteban  Machine: dna063  Platform: Linux  PlatformVersion: 5.14.0-427.37.1.el9_4.x86_64  CompilerName: GCC  CompilerVersion: 8.4.0
ProgramName: mri_normalize  ProgramArguments: mri_normalize -all-info  ProgramVersion: 7.3.2  TimeStamp: 2026/03/10-08:07:52-GMT  BuildTime: Aug  4 2022 06:17:15  BuildStamp: freesurfer-linux-ubuntu22_x86_64-7.3.2-20220804-6354275  User: oesteban  Machine: dna063  Platform: Linux  PlatformVersion: 5.14.0-427.37.1.el9_4.x86_64  CompilerName: GCC  CompilerVersion: 8.4.0
ProgramName: mri_normalize_tp2  ProgramArguments: mri_normalize_tp2 -all-info  ProgramVersion: 7.3.2  TimeStamp: 2026/03/10-08:07:52-GMT  BuildTime: Aug  4 2022 06:17:15  BuildStamp: freesurfer-linux-ubuntu22_x86_64-7.3.2-20220804-6354275  User: oesteban  Machine: dna063  Platform: Linux  PlatformVersion: 5.14.0-427.37.1.el9_4.x86_64  CompilerName: GCC  CompilerVersion: 8.4.0
ProgramName: mri_or  ProgramArguments: mri_or -all-info  ProgramVersion: 7.3.2  TimeStamp: 2026/03/10-08:07:52-GMT  BuildTime: Aug  4 2022 06:17:15  BuildStamp: freesurfer-linux-ubuntu22_x86_64-7.3.2-20220804-6354275  User: oesteban  Machine: dna063  Platform: Linux  PlatformVersion: 5.14.0-427.37.1.el9_4.x86_64  CompilerName: GCC  CompilerVersion: 8.4.0
ProgramName: mri_relabel_hypointensities  ProgramArguments: mri_relabel_hypointensities -all-info  ProgramVersion: 7.3.2  TimeStamp: 2026/03/10-08:07:52-GMT  BuildTime: Aug  4 2022 06:17:15  BuildStamp: freesurfer-linux-ubuntu22_x86_64-7.3.2-20220804-6354275  User: oesteban  Machine: dna063  Platform: Linux  PlatformVersion: 5.14.0-427.37.1.el9_4.x86_64  CompilerName: GCC  CompilerVersion: 8.4.0
ProgramName: mri_relabel_nonwm_hypos  ProgramArguments: mri_relabel_nonwm_hypos -all-info  ProgramVersion: 7.3.2  TimeStamp: 2026/03/10-08:07:52-GMT  BuildTime: Aug  4 2022 06:17:15  BuildStamp: freesurfer-linux-ubuntu22_x86_64-7.3.2-20220804-6354275  User: oesteban  Machine: dna063  Platform: Linux  PlatformVersion: 5.14.0-427.37.1.el9_4.x86_64  CompilerName: GCC  CompilerVersion: 8.4.0
ProgramName: mri_remove_neck  ProgramArguments: mri_remove_neck -all-info  ProgramVersion: 7.3.2  TimeStamp: 2026/03/10-08:07:52-GMT  BuildTime: Aug  4 2022 06:17:15  BuildStamp: freesurfer-linux-ubuntu22_x86_64-7.3.2-20220804-6354275  User: oesteban  Machine: dna063  Platform: Linux  PlatformVersion: 5.14.0-427.37.1.el9_4.x86_64  CompilerName: GCC  CompilerVersion: 8.4.0
7.3.2

ProgramName: mri_robust_register  ProgramArguments: mri_robust_register -all-info  ProgramVersion: 7.3.2  TimeStamp: 2026/03/10-08:07:52-GMT  BuildTime: Aug  4 2022 06:17:15  BuildStamp: freesurfer-linux-ubuntu22_x86_64-7.3.2-20220804-6354275  User: oesteban  Machine: dna063  Platform: Linux  PlatformVersion: 5.14.0-427.37.1.el9_4.x86_64  CompilerName: GCC  CompilerVersion: 8.4.0
7.3.2

ProgramName: mri_robust_template  ProgramArguments: mri_robust_template -all-info  ProgramVersion: 7.3.2  TimeStamp: 2026/03/10-08:07:52-GMT  BuildTime: Aug  4 2022 06:17:15  BuildStamp: freesurfer-linux-ubuntu22_x86_64-7.3.2-20220804-6354275  User: oesteban  Machine: dna063  Platform: Linux  PlatformVersion: 5.14.0-427.37.1.el9_4.x86_64  CompilerName: GCC  CompilerVersion: 8.4.0
ProgramName: mris_anatomical_stats  ProgramArguments: mris_anatomical_stats -all-info  ProgramVersion: 7.3.2  TimeStamp: 2026/03/10-08:07:52-GMT  BuildTime: Aug  4 2022 06:17:15  BuildStamp: freesurfer-linux-ubuntu22_x86_64-7.3.2-20220804-6354275  User: oesteban  Machine: dna063  Platform: Linux  PlatformVersion: 5.14.0-427.37.1.el9_4.x86_64  CompilerName: GCC  CompilerVersion: 8.4.0
ProgramName: mris_ca_label  ProgramArguments: mris_ca_label -all-info  ProgramVersion: 7.3.2  TimeStamp: 2026/03/10-08:07:52-GMT  BuildTime: Aug  4 2022 06:17:15  BuildStamp: freesurfer-linux-ubuntu22_x86_64-7.3.2-20220804-6354275  User: oesteban  Machine: dna063  Platform: Linux  PlatformVersion: 5.14.0-427.37.1.el9_4.x86_64  CompilerName: GCC  CompilerVersion: 8.4.0
ProgramName: mris_calc  ProgramArguments: mris_calc -all-info  ProgramVersion: 7.3.2  TimeStamp: 2026/03/10-08:07:52-GMT  BuildTime: Aug  4 2022 06:17:15  BuildStamp: freesurfer-linux-ubuntu22_x86_64-7.3.2-20220804-6354275  User: oesteban  Machine: dna063  Platform: Linux  PlatformVersion: 5.14.0-427.37.1.el9_4.x86_64  CompilerName: GCC  CompilerVersion: 8.4.0
ProgramName: mris_convert  ProgramArguments: mris_convert -all-info  ProgramVersion: 7.3.2  TimeStamp: 2026/03/10-08:07:52-GMT  BuildTime: Aug  4 2022 06:17:15  BuildStamp: freesurfer-linux-ubuntu22_x86_64-7.3.2-20220804-6354275  User: oesteban  Machine: dna063  Platform: Linux  PlatformVersion: 5.14.0-427.37.1.el9_4.x86_64  CompilerName: GCC  CompilerVersion: 8.4.0
ProgramName: mris_curvature  ProgramArguments: mris_curvature -all-info  ProgramVersion: 7.3.2  TimeStamp: 2026/03/10-08:07:52-GMT  BuildTime: Aug  4 2022 06:17:15  BuildStamp: freesurfer-linux-ubuntu22_x86_64-7.3.2-20220804-6354275  User: oesteban  Machine: dna063  Platform: Linux  PlatformVersion: 5.14.0-427.37.1.el9_4.x86_64  CompilerName: GCC  CompilerVersion: 8.4.0
ProgramName: mris_curvature_stats  ProgramArguments: mris_curvature_stats -all-info  ProgramVersion: 7.3.2  TimeStamp: 2026/03/10-08:07:52-GMT  BuildTime: Aug  4 2022 06:17:15  BuildStamp: freesurfer-linux-ubuntu22_x86_64-7.3.2-20220804-6354275  User: oesteban  Machine: dna063  Platform: Linux  PlatformVersion: 5.14.0-427.37.1.el9_4.x86_64  CompilerName: GCC  CompilerVersion: 8.4.0
ProgramName: mris_diff  ProgramArguments: mris_diff -all-info  ProgramVersion: 7.3.2  TimeStamp: 2026/03/10-08:07:52-GMT  BuildTime: Aug  4 2022 06:17:15  BuildStamp: freesurfer-linux-ubuntu22_x86_64-7.3.2-20220804-6354275  User: oesteban  Machine: dna063  Platform: Linux  PlatformVersion: 5.14.0-427.37.1.el9_4.x86_64  CompilerName: GCC  CompilerVersion: 8.4.0
ProgramName: mris_divide_parcellation  ProgramArguments: mris_divide_parcellation -all-info  ProgramVersion: 7.3.2  TimeStamp: 2026/03/10-08:07:52-GMT  BuildTime: Aug  4 2022 06:17:15  BuildStamp: freesurfer-linux-ubuntu22_x86_64-7.3.2-20220804-6354275  User: oesteban  Machine: dna063  Platform: Linux  PlatformVersion: 5.14.0-427.37.1.el9_4.x86_64  CompilerName: GCC  CompilerVersion: 8.4.0
ProgramName: mri_segment  ProgramArguments: mri_segment -all-info  ProgramVersion: 7.3.2  TimeStamp: 2026/03/10-08:07:52-GMT  BuildTime: Aug  4 2022 06:17:15  BuildStamp: freesurfer-linux-ubuntu22_x86_64-7.3.2-20220804-6354275  User: oesteban  Machine: dna063  Platform: Linux  PlatformVersion: 5.14.0-427.37.1.el9_4.x86_64  CompilerName: GCC  CompilerVersion: 8.4.0
ProgramName: mri_segstats  ProgramArguments: mri_segstats -all-info  ProgramVersion: 7.3.2  TimeStamp: 2026/03/10-08:07:52-GMT  BuildTime: Aug  4 2022 06:17:15  BuildStamp: freesurfer-linux-ubuntu22_x86_64-7.3.2-20220804-6354275  User: oesteban  Machine: dna063  Platform: Linux  PlatformVersion: 5.14.0-427.37.1.el9_4.x86_64  CompilerName: GCC  CompilerVersion: 8.4.0
ProgramName: mris_euler_number  ProgramArguments: mris_euler_number -all-info  ProgramVersion: 7.3.2  TimeStamp: 2026/03/10-08:07:52-GMT  BuildTime: Aug  4 2022 06:17:15  BuildStamp: freesurfer-linux-ubuntu22_x86_64-7.3.2-20220804-6354275  User: oesteban  Machine: dna063  Platform: Linux  PlatformVersion: 5.14.0-427.37.1.el9_4.x86_64  CompilerName: GCC  CompilerVersion: 8.4.0
ProgramName: mris_fix_topology  ProgramArguments: mris_fix_topology -all-info  ProgramVersion: 7.3.2  TimeStamp: 2026/03/10-08:07:52-GMT  BuildTime: Aug  4 2022 06:17:15  BuildStamp: freesurfer-linux-ubuntu22_x86_64-7.3.2-20220804-6354275  User: oesteban  Machine: dna063  Platform: Linux  PlatformVersion: 5.14.0-427.37.1.el9_4.x86_64  CompilerName: GCC  CompilerVersion: 8.4.0
ProgramName: mris_topo_fixer  ProgramArguments: mris_topo_fixer -all-info  ProgramVersion: 7.3.2  TimeStamp: 2026/03/10-08:07:52-GMT  BuildTime: Aug  4 2022 06:17:15  BuildStamp: freesurfer-linux-ubuntu22_x86_64-7.3.2-20220804-6354275  User: oesteban  Machine: dna063  Platform: Linux  PlatformVersion: 5.14.0-427.37.1.el9_4.x86_64  CompilerName: GCC  CompilerVersion: 8.4.0
ProgramName: mris_jacobian  ProgramArguments: mris_jacobian -all-info  ProgramVersion: 7.3.2  TimeStamp: 2026/03/10-08:07:52-GMT  BuildTime: Aug  4 2022 06:17:15  BuildStamp: freesurfer-linux-ubuntu22_x86_64-7.3.2-20220804-6354275  User: oesteban  Machine: dna063  Platform: Linux  PlatformVersion: 5.14.0-427.37.1.el9_4.x86_64  CompilerName: GCC  CompilerVersion: 8.4.0
ProgramName: mris_label2annot  ProgramArguments: mris_label2annot -all-info  ProgramVersion: 7.3.2  TimeStamp: 2026/03/10-08:07:52-GMT  BuildTime: Aug  4 2022 06:17:15  BuildStamp: freesurfer-linux-ubuntu22_x86_64-7.3.2-20220804-6354275  User: oesteban  Machine: dna063  Platform: Linux  PlatformVersion: 5.14.0-427.37.1.el9_4.x86_64  CompilerName: GCC  CompilerVersion: 8.4.0
ProgramName: mris_left_right_register  ProgramArguments: mris_left_right_register -all-info  ProgramVersion: 7.3.2  TimeStamp: 2026/03/10-08:07:52-GMT  BuildTime: Aug  4 2022 06:17:15  BuildStamp: freesurfer-linux-ubuntu22_x86_64-7.3.2-20220804-6354275  User: oesteban  Machine: dna063  Platform: Linux  PlatformVersion: 5.14.0-427.37.1.el9_4.x86_64  CompilerName: GCC  CompilerVersion: 8.4.0
ProgramName: mris_place_surface  ProgramArguments: mris_place_surface -all-info  ProgramVersion: 7.3.2  TimeStamp: 2026/03/10-08:07:52-GMT  BuildTime: Aug  4 2022 06:17:15  BuildStamp: freesurfer-linux-ubuntu22_x86_64-7.3.2-20220804-6354275  User: oesteban  Machine: dna063  Platform: Linux  PlatformVersion: 5.14.0-427.37.1.el9_4.x86_64  CompilerName: GCC  CompilerVersion: 8.4.0
ProgramName: mrisp_paint  ProgramArguments: mrisp_paint -all-info  ProgramVersion: 7.3.2  TimeStamp: 2026/03/10-08:07:52-GMT  BuildTime: Aug  4 2022 06:17:15  BuildStamp: freesurfer-linux-ubuntu22_x86_64-7.3.2-20220804-6354275  User: oesteban  Machine: dna063  Platform: Linux  PlatformVersion: 5.14.0-427.37.1.el9_4.x86_64  CompilerName: GCC  CompilerVersion: 8.4.0
ProgramName: mris_register  ProgramArguments: mris_register -all-info  ProgramVersion: 7.3.2  TimeStamp: 2026/03/10-08:07:52-GMT  BuildTime: Aug  4 2022 06:17:15  BuildStamp: freesurfer-linux-ubuntu22_x86_64-7.3.2-20220804-6354275  User: oesteban  Machine: dna063  Platform: Linux  PlatformVersion: 5.14.0-427.37.1.el9_4.x86_64  CompilerName: GCC  CompilerVersion: 8.4.0
ProgramName: mris_smooth  ProgramArguments: mris_smooth -all-info  ProgramVersion: 7.3.2  TimeStamp: 2026/03/10-08:07:52-GMT  BuildTime: Aug  4 2022 06:17:15  BuildStamp: freesurfer-linux-ubuntu22_x86_64-7.3.2-20220804-6354275  User: oesteban  Machine: dna063  Platform: Linux  PlatformVersion: 5.14.0-427.37.1.el9_4.x86_64  CompilerName: GCC  CompilerVersion: 8.4.0
ProgramName: mris_sphere  ProgramArguments: mris_sphere -all-info  ProgramVersion: 7.3.2  TimeStamp: 2026/03/10-08:07:52-GMT  BuildTime: Aug  4 2022 06:17:15  BuildStamp: freesurfer-linux-ubuntu22_x86_64-7.3.2-20220804-6354275  User: oesteban  Machine: dna063  Platform: Linux  PlatformVersion: 5.14.0-427.37.1.el9_4.x86_64  CompilerName: GCC  CompilerVersion: 8.4.0
ProgramName: mris_surface_stats  ProgramArguments: mris_surface_stats -all-info  ProgramVersion: 7.3.2  TimeStamp: 2026/03/10-08:07:52-GMT  BuildTime: Aug  4 2022 06:17:15  BuildStamp: freesurfer-linux-ubuntu22_x86_64-7.3.2-20220804-6354275  User: oesteban  Machine: dna063  Platform: Linux  PlatformVersion: 5.14.0-427.37.1.el9_4.x86_64  CompilerName: GCC  CompilerVersion: 8.4.0
ProgramName: mri_stats2seg  ProgramArguments: mri_stats2seg -all-info  ProgramVersion: 7.3.2  TimeStamp: 2026/03/10-08:07:52-GMT  BuildTime: Aug  4 2022 06:17:15  BuildStamp: freesurfer-linux-ubuntu22_x86_64-7.3.2-20220804-6354275  User: oesteban  Machine: dna063  Platform: Linux  PlatformVersion: 5.14.0-427.37.1.el9_4.x86_64  CompilerName: GCC  CompilerVersion: 8.4.0
ProgramName: mris_thickness  ProgramArguments: mris_thickness -all-info  ProgramVersion: 7.3.2  TimeStamp: 2026/03/10-08:07:52-GMT  BuildTime: Aug  4 2022 06:17:15  BuildStamp: freesurfer-linux-ubuntu22_x86_64-7.3.2-20220804-6354275  User: oesteban  Machine: dna063  Platform: Linux  PlatformVersion: 5.14.0-427.37.1.el9_4.x86_64  CompilerName: GCC  CompilerVersion: 8.4.0
ProgramName: mris_thickness_diff  ProgramArguments: mris_thickness_diff -all-info  ProgramVersion: 7.3.2  TimeStamp: 2026/03/10-08:07:52-GMT  BuildTime: Aug  4 2022 06:17:15  BuildStamp: freesurfer-linux-ubuntu22_x86_64-7.3.2-20220804-6354275  User: oesteban  Machine: dna063  Platform: Linux  PlatformVersion: 5.14.0-427.37.1.el9_4.x86_64  CompilerName: GCC  CompilerVersion: 8.4.0
ProgramName: mris_topo_fixer  ProgramArguments: mris_topo_fixer -all-info  ProgramVersion: 7.3.2  TimeStamp: 2026/03/10-08:07:52-GMT  BuildTime: Aug  4 2022 06:17:15  BuildStamp: freesurfer-linux-ubuntu22_x86_64-7.3.2-20220804-6354275  User: oesteban  Machine: dna063  Platform: Linux  PlatformVersion: 5.14.0-427.37.1.el9_4.x86_64  CompilerName: GCC  CompilerVersion: 8.4.0
ProgramName: mri_surf2surf  ProgramArguments: mri_surf2surf -all-info  ProgramVersion: 7.3.2  TimeStamp: 2026/03/10-08:07:52-GMT  BuildTime: Aug  4 2022 06:17:15  BuildStamp: freesurfer-linux-ubuntu22_x86_64-7.3.2-20220804-6354275  User: oesteban  Machine: dna063  Platform: Linux  PlatformVersion: 5.14.0-427.37.1.el9_4.x86_64  CompilerName: GCC  CompilerVersion: 8.4.0
ProgramName: mri_surf2vol  ProgramArguments: mri_surf2vol -all-info  ProgramVersion: 7.3.2  TimeStamp: 2026/03/10-08:07:52-GMT  BuildTime: Aug  4 2022 06:17:15  BuildStamp: freesurfer-linux-ubuntu22_x86_64-7.3.2-20220804-6354275  User: oesteban  Machine: dna063  Platform: Linux  PlatformVersion: 5.14.0-427.37.1.el9_4.x86_64  CompilerName: GCC  CompilerVersion: 8.4.0
ProgramName: mri_surfcluster  ProgramArguments: mri_surfcluster -all-info  ProgramVersion: 7.3.2  TimeStamp: 2026/03/10-08:07:52-GMT  BuildTime: Aug  4 2022 06:17:15  BuildStamp: freesurfer-linux-ubuntu22_x86_64-7.3.2-20220804-6354275  User: oesteban  Machine: dna063  Platform: Linux  PlatformVersion: 5.14.0-427.37.1.el9_4.x86_64  CompilerName: GCC  CompilerVersion: 8.4.0
ProgramName: mris_volmask  ProgramArguments: mris_volmask -all-info  ProgramVersion: 7.3.2  TimeStamp: 2026/03/10-08:07:52-GMT  BuildTime: Aug  4 2022 06:17:15  BuildStamp: freesurfer-linux-ubuntu22_x86_64-7.3.2-20220804-6354275  User: oesteban  Machine: dna063  Platform: Linux  PlatformVersion: 5.14.0-427.37.1.el9_4.x86_64  CompilerName: GCC  CompilerVersion: 8.4.0
ProgramName: mri_tessellate  ProgramArguments: mri_tessellate -all-info  ProgramVersion: 7.3.2  TimeStamp: 2026/03/10-08:07:52-GMT  BuildTime: Aug  4 2022 06:17:15  BuildStamp: freesurfer-linux-ubuntu22_x86_64-7.3.2-20220804-6354275  User: oesteban  Machine: dna063  Platform: Linux  PlatformVersion: 5.14.0-427.37.1.el9_4.x86_64  CompilerName: GCC  CompilerVersion: 8.4.0
ProgramName: mri_vol2surf  ProgramArguments: mri_vol2surf -all-info  ProgramVersion: 7.3.2  TimeStamp: 2026/03/10-08:07:52-GMT  BuildTime: Aug  4 2022 06:17:15  BuildStamp: freesurfer-linux-ubuntu22_x86_64-7.3.2-20220804-6354275  User: oesteban  Machine: dna063  Platform: Linux  PlatformVersion: 5.14.0-427.37.1.el9_4.x86_64  CompilerName: GCC  CompilerVersion: 8.4.0
ProgramName: mri_vol2vol  ProgramArguments: mri_vol2vol -all-info  ProgramVersion: 7.3.2  TimeStamp: 2026/03/10-08:07:52-GMT  BuildTime: Aug  4 2022 06:17:15  BuildStamp: freesurfer-linux-ubuntu22_x86_64-7.3.2-20220804-6354275  User: oesteban  Machine: dna063  Platform: Linux  PlatformVersion: 5.14.0-427.37.1.el9_4.x86_64  CompilerName: GCC  CompilerVersion: 8.4.0
ProgramName: mri_voldiff  ProgramArguments: mri_voldiff -all-info  ProgramVersion: 7.3.2  TimeStamp: 2026/03/10-08:07:52-GMT  BuildTime: Aug  4 2022 06:17:15  BuildStamp: freesurfer-linux-ubuntu22_x86_64-7.3.2-20220804-6354275  User: oesteban  Machine: dna063  Platform: Linux  PlatformVersion: 5.14.0-427.37.1.el9_4.x86_64  CompilerName: GCC  CompilerVersion: 8.4.0
ProgramName: mri_watershed  ProgramArguments: mri_watershed -all-info  ProgramVersion: 7.3.2  TimeStamp: 2026/03/10-08:07:52-GMT  BuildTime: Aug  4 2022 06:17:15  BuildStamp: freesurfer-linux-ubuntu22_x86_64-7.3.2-20220804-6354275  User: oesteban  Machine: dna063  Platform: Linux  PlatformVersion: 5.14.0-427.37.1.el9_4.x86_64  CompilerName: GCC  CompilerVersion: 8.4.0
ProgramName: tkregister2  ProgramArguments: tkregister2_cmdl -all-info  ProgramVersion: 7.3.2  TimeStamp: 2026/03/10-08:07:52-GMT  BuildTime: Aug  4 2022 06:17:15  BuildStamp: freesurfer-linux-ubuntu22_x86_64-7.3.2-20220804-6354275  User: oesteban  Machine: dna063  Platform: Linux  PlatformVersion: 5.14.0-427.37.1.el9_4.x86_64  CompilerName: GCC  CompilerVersion: 8.4.0
mri_motion_correct.fsl 7.3.2
mri_convert -all-info 
ProgramName: mri_convert  ProgramArguments: mri_convert -all-info  ProgramVersion: 7.3.2  TimeStamp: 2026/03/10-08:07:52-GMT  BuildTime: Aug  4 2022 06:17:15  BuildStamp: freesurfer-linux-ubuntu22_x86_64-7.3.2-20220804-6354275  User: oesteban  Machine: dna063  Platform: Linux  PlatformVersion: 5.14.0-427.37.1.el9_4.x86_64  CompilerName: GCC  CompilerVersion: 8.4.0
Program nu_correct, built from:
Package MNI N3, version 1.12.0, compiled by nicks@terrier (x86_64-unknown-linux-gnu) on 2015-06-19 at 01:25:34
#######################################
GCADIR /opt/freesurfer/average
GCA RB_all_2020-01-02.gca
GCASkull RB_all_withskull_2020_01_02.gca
AvgCurvTif folding.atlas.acfb40.noaparc.i12.2016-08-02.tif
GCSDIR /opt/freesurfer/average
GCS DKaparc.atlas.acfb40.noaparc.i12.2016-08-02.gcs
#######################################
#--------------------------------------------
#@# Tessellate rh Tue Mar 10 09:07:53 CET 2026
/out/sourcedata/freesurfer/sub-v1s8x0051346_ses-1/scripts

 mri_pretess ../mri/filled.mgz 127 ../mri/norm.mgz ../mri/filled-pretess127.mgz 


Iteration Number : 1
pass   1 (xy+):   1 found -   1 modified     |    TOTAL:   1
pass   2 (xy+):   0 found -   1 modified     |    TOTAL:   1
pass   1 (xy-):   1 found -   1 modified     |    TOTAL:   2
pass   2 (xy-):   0 found -   1 modified     |    TOTAL:   2
pass   1 (yz+):   7 found -   7 modified     |    TOTAL:   9
pass   2 (yz+):   0 found -   7 modified     |    TOTAL:   9
pass   1 (yz-):   4 found -   4 modified     |    TOTAL:  13
pass   2 (yz-):   0 found -   4 modified     |    TOTAL:  13
pass   1 (xz+):   4 found -   4 modified     |    TOTAL:  17
pass   2 (xz+):   0 found -   4 modified     |    TOTAL:  17
pass   1 (xz-):   0 found -   0 modified     |    TOTAL:  17
Iteration Number : 1
pass   1 (+++):   0 found -   0 modified     |    TOTAL:   0
pass   1 (+++):   0 found -   0 modified     |    TOTAL:   0
pass   1 (+++):   0 found -   0 modified     |    TOTAL:   0
pass   1 (+++):   0 found -   0 modified     |    TOTAL:   0
Iteration Number : 1
pass   1 (++):   1 found -   1 modified     |    TOTAL:   1
pass   2 (++):   0 found -   1 modified     |    TOTAL:   1
pass   1 (+-):   0 found -   0 modified     |    TOTAL:   1
pass   1 (--):   0 found -   0 modified     |    TOTAL:   1
pass   1 (-+):   1 found -   1 modified     |    TOTAL:   2
pass   2 (-+):   0 found -   1 modified     |    TOTAL:   2
Iteration Number : 2
pass   1 (xy+):   0 found -   0 modified     |    TOTAL:   0
pass   1 (xy-):   0 found -   0 modified     |    TOTAL:   0
pass   1 (yz+):   0 found -   0 modified     |    TOTAL:   0
pass   1 (yz-):   1 found -   1 modified     |    TOTAL:   1
pass   2 (yz-):   0 found -   1 modified     |    TOTAL:   1
pass   1 (xz+):   0 found -   0 modified     |    TOTAL:   1
pass   1 (xz-):   0 found -   0 modified     |    TOTAL:   1
Iteration Number : 2
pass   1 (+++):   0 found -   0 modified     |    TOTAL:   0
pass   1 (+++):   0 found -   0 modified     |    TOTAL:   0
pass   1 (+++):   0 found -   0 modified     |    TOTAL:   0
pass   1 (+++):   0 found -   0 modified     |    TOTAL:   0
Iteration Number : 2
pass   1 (++):   0 found -   0 modified     |    TOTAL:   0
pass   1 (+-):   0 found -   0 modified     |    TOTAL:   0
pass   1 (--):   0 found -   0 modified     |    TOTAL:   0
pass   1 (-+):   0 found -   0 modified     |    TOTAL:   0
Iteration Number : 3
pass   1 (xy+):   0 found -   0 modified     |    TOTAL:   0
pass   1 (xy-):   0 found -   0 modified     |    TOTAL:   0
pass   1 (yz+):   0 found -   0 modified     |    TOTAL:   0
pass   1 (yz-):   0 found -   0 modified     |    TOTAL:   0
pass   1 (xz+):   0 found -   0 modified     |    TOTAL:   0
pass   1 (xz-):   0 found -   0 modified     |    TOTAL:   0
Iteration Number : 3
pass   1 (+++):   0 found -   0 modified     |    TOTAL:   0
pass   1 (+++):   0 found -   0 modified     |    TOTAL:   0
pass   1 (+++):   0 found -   0 modified     |    TOTAL:   0
pass   1 (+++):   0 found -   0 modified     |    TOTAL:   0
Iteration Number : 3
pass   1 (++):   0 found -   0 modified     |    TOTAL:   0
pass   1 (+-):   0 found -   0 modified     |    TOTAL:   0
pass   1 (--):   0 found -   0 modified     |    TOTAL:   0
pass   1 (-+):   0 found -   0 modified     |    TOTAL:   0

Total Number of Modified Voxels = 20 (out of 236062: 0.008472)
Ambiguous edge configurations... 

mri_pretess done


 mri_tessellate ../mri/filled-pretess127.mgz 127 ../surf/rh.orig.nofix 

7.3.2
  7.3.2
slice 40: 1152 vertices, 1259 faces
slice 50: 6285 vertices, 6466 faces
slice 60: 13531 vertices, 13841 faces
slice 70: 22834 vertices, 23154 faces
slice 80: 32224 vertices, 32516 faces
slice 90: 42342 vertices, 42692 faces
slice 100: 52630 vertices, 53002 faces
slice 110: 63078 vertices, 63441 faces
slice 120: 73023 vertices, 73383 faces
slice 130: 83012 vertices, 83370 faces
slice 140: 92350 vertices, 92658 faces
slice 150: 100143 vertices, 100429 faces
slice 160: 106649 vertices, 106925 faces
slice 170: 113697 vertices, 113943 faces
slice 180: 119188 vertices, 119384 faces
slice 190: 123282 vertices, 123436 faces
slice 200: 124518 vertices, 124548 faces
slice 210: 124518 vertices, 124548 faces
slice 220: 124518 vertices, 124548 faces
slice 230: 124518 vertices, 124548 faces
slice 240: 124518 vertices, 124548 faces
slice 250: 124518 vertices, 124548 faces
using the conformed surface RAS to save vertex points...
writing ../surf/rh.orig.nofix
using vox2ras matrix:
-1.00000   0.00000   0.00000   128.00000;
 0.00000   0.00000   1.00000  -128.00000;
 0.00000  -1.00000   0.00000   128.00000;
 0.00000   0.00000   0.00000   1.00000;

 rm -f ../mri/filled-pretess127.mgz 


 mris_extract_main_component ../surf/rh.orig.nofix ../surf/rh.orig.nofix 


counting number of connected components...
   124518 voxel in cpt #1: X=-30 [v=124518,e=373644,f=249096] located at (28.400015, -17.968880, 38.533562)
For the whole surface: X=-30 [v=124518,e=373644,f=249096]
One single component has been found
nothing to do
done

#--------------------------------------------
#@# Smooth1 rh Tue Mar 10 09:07:57 CET 2026
/out/sourcedata/freesurfer/sub-v1s8x0051346_ses-1/scripts

 mris_smooth -nw -seed 1234 ../surf/rh.orig.nofix ../surf/rh.smoothwm.nofix 

setting seed for random number generator to 1234
smoothing surface tessellation for 10 iterations...
smoothing complete - recomputing first and second fundamental forms...
#--------------------------------------------
#@# Inflation1 rh Tue Mar 10 09:07:59 CET 2026
/out/sourcedata/freesurfer/sub-v1s8x0051346_ses-1/scripts

 mris_inflate -no-save-sulc ../surf/rh.smoothwm.nofix ../surf/rh.inflated.nofix 

Not saving sulc
Reading ../surf/rh.smoothwm.nofix
avg radius = 46.1 mm, total surface area = 66708 mm^2
step 000: RMS=0.151 (target=0.015)   step 005: RMS=0.115 (target=0.015)   step 010: RMS=0.084 (target=0.015)   step 015: RMS=0.069 (target=0.015)   step 020: RMS=0.060 (target=0.015)   step 025: RMS=0.053 (target=0.015)   step 030: RMS=0.047 (target=0.015)   step 035: RMS=0.041 (target=0.015)   step 040: RMS=0.038 (target=0.015)   step 045: RMS=0.036 (target=0.015)   step 050: RMS=0.035 (target=0.015)   step 055: RMS=0.035 (target=0.015)   step 060: RMS=0.034 (target=0.015)   writing inflated surface to ../surf/rh.inflated.nofix
inflation took 0.2 minutes

inflation complete.
Not saving sulc
mris_inflate utimesec    47.291003
mris_inflate stimesec    1.597353
mris_inflate ru_maxrss   198784
mris_inflate ru_ixrss    0
mris_inflate ru_idrss    0
mris_inflate ru_isrss    0
mris_inflate ru_minflt   472905
mris_inflate ru_majflt   3
mris_inflate ru_nswap    0
mris_inflate ru_inblock  0
mris_inflate ru_oublock  8760
mris_inflate ru_msgsnd   0
mris_inflate ru_msgrcv   0
mris_inflate ru_nsignals 0
mris_inflate ru_nvcsw    4882
mris_inflate ru_nivcsw   171
#--------------------------------------------
#@# QSphere rh Tue Mar 10 09:08:10 CET 2026
/out/sourcedata/freesurfer/sub-v1s8x0051346_ses-1/scripts

 mris_sphere -q -p 6 -a 128 -seed 1234 ../surf/rh.inflated.nofix ../surf/rh.qsphere.nofix 

doing quick spherical unfolding.
limitting unfolding to 6 passes
using n_averages = 128
setting seed for random number genererator to 1234
version: 7.3.2
available threads: 16
scaling brain by 0.315...
inflating...
projecting onto sphere...
surface projected - minimizing metric distortion...
vertex spacing 1.02 +- 0.59 (0.00-->6.71) (max @ vno 46394 --> 47356)
face area 0.03 +- 0.03 (-0.06-->0.64)
Entering MRISinflateToSphere()
inflating to sphere (rms error < 2.00)
000: dt: 0.0000, rms radial error=176.873, avgs=0
005/300: dt: 0.9000, rms radial error=176.613, avgs=0
010/300: dt: 0.9000, rms radial error=176.056, avgs=0
015/300: dt: 0.9000, rms radial error=175.324, avgs=0
020/300: dt: 0.9000, rms radial error=174.491, avgs=0
025/300: dt: 0.9000, rms radial error=173.600, avgs=0
030/300: dt: 0.9000, rms radial error=172.679, avgs=0
035/300: dt: 0.9000, rms radial error=171.742, avgs=0
040/300: dt: 0.9000, rms radial error=170.798, avgs=0
045/300: dt: 0.9000, rms radial error=169.853, avgs=0
050/300: dt: 0.9000, rms radial error=168.908, avgs=0
055/300: dt: 0.9000, rms radial error=167.968, avgs=0
060/300: dt: 0.9000, rms radial error=167.031, avgs=0
065/300: dt: 0.9000, rms radial error=166.098, avgs=0
070/300: dt: 0.9000, rms radial error=165.170, avgs=0
075/300: dt: 0.9000, rms radial error=164.246, avgs=0
080/300: dt: 0.9000, rms radial error=163.328, avgs=0
085/300: dt: 0.9000, rms radial error=162.414, avgs=0
090/300: dt: 0.9000, rms radial error=161.506, avgs=0
095/300: dt: 0.9000, rms radial error=160.603, avgs=0
100/300: dt: 0.9000, rms radial error=159.704, avgs=0
105/300: dt: 0.9000, rms radial error=158.811, avgs=0
110/300: dt: 0.9000, rms radial error=157.923, avgs=0
115/300: dt: 0.9000, rms radial error=157.039, avgs=0
120/300: dt: 0.9000, rms radial error=156.161, avgs=0
125/300: dt: 0.9000, rms radial error=155.288, avgs=0
130/300: dt: 0.9000, rms radial error=154.420, avgs=0
135/300: dt: 0.9000, rms radial error=153.557, avgs=0
140/300: dt: 0.9000, rms radial error=152.698, avgs=0
145/300: dt: 0.9000, rms radial error=151.844, avgs=0
150/300: dt: 0.9000, rms radial error=150.994, avgs=0
155/300: dt: 0.9000, rms radial error=150.149, avgs=0
160/300: dt: 0.9000, rms radial error=149.309, avgs=0
165/300: dt: 0.9000, rms radial error=148.473, avgs=0
170/300: dt: 0.9000, rms radial error=147.641, avgs=0
175/300: dt: 0.9000, rms radial error=146.814, avgs=0
180/300: dt: 0.9000, rms radial error=145.992, avgs=0
185/300: dt: 0.9000, rms radial error=145.174, avgs=0
190/300: dt: 0.9000, rms radial error=144.360, avgs=0
195/300: dt: 0.9000, rms radial error=143.551, avgs=0
200/300: dt: 0.9000, rms radial error=142.746, avgs=0
205/300: dt: 0.9000, rms radial error=141.945, avgs=0
210/300: dt: 0.9000, rms radial error=141.149, avgs=0
215/300: dt: 0.9000, rms radial error=140.357, avgs=0
220/300: dt: 0.9000, rms radial error=139.569, avgs=0
225/300: dt: 0.9000, rms radial error=138.786, avgs=0
230/300: dt: 0.9000, rms radial error=138.007, avgs=0
235/300: dt: 0.9000, rms radial error=137.232, avgs=0
240/300: dt: 0.9000, rms radial error=136.461, avgs=0
245/300: dt: 0.9000, rms radial error=135.695, avgs=0
250/300: dt: 0.9000, rms radial error=134.933, avgs=0
255/300: dt: 0.9000, rms radial error=134.175, avgs=0
260/300: dt: 0.9000, rms radial error=133.421, avgs=0
265/300: dt: 0.9000, rms radial error=132.671, avgs=0
270/300: dt: 0.9000, rms radial error=131.926, avgs=0
275/300: dt: 0.9000, rms radial error=131.184, avgs=0
280/300: dt: 0.9000, rms radial error=130.447, avgs=0
285/300: dt: 0.9000, rms radial error=129.714, avgs=0
290/300: dt: 0.9000, rms radial error=128.985, avgs=0
295/300: dt: 0.9000, rms radial error=128.259, avgs=0
300/300: dt: 0.9000, rms radial error=127.538, avgs=0

spherical inflation complete.
epoch 1 (K=10.0), pass 1, starting sse = 14473.11
taking momentum steps...
taking momentum steps...
taking momentum steps...
taking momentum steps...
pass 1 complete, delta sse/iter = 0.00/13 = 0.00037
epoch 2 (K=40.0), pass 1, starting sse = 2335.47
taking momentum steps...
taking momentum steps...
taking momentum steps...
taking momentum steps...
pass 1 complete, delta sse/iter = 0.01/13 = 0.00061
epoch 3 (K=160.0), pass 1, starting sse = 213.49
taking momentum steps...
taking momentum steps...
taking momentum steps...
taking momentum steps...
pass 1 complete, delta sse/iter = 0.15/15 = 0.00990
epoch 4 (K=640.0), pass 1, starting sse = 8.12
taking momentum steps...
taking momentum steps...
taking momentum steps...
taking momentum steps...
pass 1 complete, delta sse/iter = 0.10/22 = 0.00450
final distance error %100000.00
writing spherical brain to ../surf/rh.qsphere.nofix
spherical transformation took 0.0157 hours
FSRUNTIME@ mris_sphere  0.0157 hours 16 threads
#VMPC# mris_sphere VmPeak  2039816
mris_sphere done
#@# Fix Topology rh Tue Mar 10 09:09:07 CET 2026

 mris_fix_topology -mgz -sphere qsphere.nofix -inflated inflated.nofix -orig orig.nofix -out orig.premesh -ga -seed 1234 sub-v1s8x0051346_ses-1 rh 

reading spherical homeomorphism from 'qsphere.nofix'
reading inflated coordinates from 'inflated.nofix'
reading original coordinates from 'orig.nofix'
using genetic algorithm with optimized parameters
setting seed for random number genererator to 1234

*************************************************************
Topology Correction Parameters
retessellation mode:           genetic search
number of patches/generation : 10
number of generations :        10
surface mri loglikelihood coefficient :         1.0
volume mri loglikelihood coefficient :          10.0
normal dot loglikelihood coefficient :          1.0
quadratic curvature loglikelihood coefficient : 1.0
volume resolution :                             2
eliminate vertices during search :              1
initial patch selection :                       1
select all defect vertices :                    0
ordering dependant retessellation:              0
use precomputed edge table :                    0
smooth retessellated patch :                    2
match retessellated patch :                     1
verbose mode :                                  0

*************************************************************
INFO: assuming .mgz format
writing corrected surface to 'orig.premesh'
7.3.2
  7.3.2
before topology correction, eno=-30 (nv=124518, nf=249096, ne=373644, g=16)
using quasi-homeomorphic spherical map to tessellate cortical surface...

Correction of the Topology
Finding true center and radius of Spherical Surface...done
Surface centered at (0,0,0) with radius 100.0 in 11 iterations
marking ambiguous vertices...
1727 ambiguous faces found in tessellation
segmenting defects...
25 defects found, arbitrating ambiguous regions...
analyzing neighboring defects...
25 defects to be corrected 
0 vertices coincident
reading input surface /out/sourcedata/freesurfer/sub-v1s8x0051346_ses-1/surf/rh.qsphere.nofix...
reading brain volume from brain...
reading wm segmentation from wm...
Reading original properties of orig.nofix
Reading vertex positions of inflated.nofix
Computing Initial Surface Statistics
      -face       loglikelihood: -9.0745  (-4.5373)
      -vertex     loglikelihood: -5.8499  (-2.9250)
      -normal dot loglikelihood: -3.6726  (-3.6726)
      -quad curv  loglikelihood: -6.2997  (-3.1499)
      Total Loglikelihood : -24.8968
CORRECTING DEFECT 0 (vertices=199, convex hull=79, v0=10750)
After retessellation of defect 0 (v0=10750), euler #=-22 (123460,369908,246426) : difference with theory (-22) = 0 
CORRECTING DEFECT 1 (vertices=24, convex hull=49, v0=19526)
After retessellation of defect 1 (v0=19526), euler #=-21 (123478,369980,246481) : difference with theory (-21) = 0 
CORRECTING DEFECT 2 (vertices=27, convex hull=59, v0=41245)
After retessellation of defect 2 (v0=41245), euler #=-20 (123496,370057,246541) : difference with theory (-20) = 0 
CORRECTING DEFECT 3 (vertices=24, convex hull=62, v0=48399)
After retessellation of defect 3 (v0=48399), euler #=-19 (123505,370105,246581) : difference with theory (-19) = 0 
CORRECTING DEFECT 4 (vertices=6, convex hull=31, v0=50041)
After retessellation of defect 4 (v0=50041), euler #=-18 (123508,370124,246598) : difference with theory (-18) = 0 
CORRECTING DEFECT 5 (vertices=6, convex hull=30, v0=64810)
After retessellation of defect 5 (v0=64810), euler #=-17 (123509,370136,246610) : difference with theory (-17) = 0 
CORRECTING DEFECT 6 (vertices=38, convex hull=35, v0=65012)
After retessellation of defect 6 (v0=65012), euler #=-16 (123516,370172,246640) : difference with theory (-16) = 0 
CORRECTING DEFECT 7 (vertices=16, convex hull=21, v0=68561)
After retessellation of defect 7 (v0=68561), euler #=-15 (123523,370198,246660) : difference with theory (-15) = 0 
CORRECTING DEFECT 8 (vertices=6, convex hull=27, v0=68865)
After retessellation of defect 8 (v0=68865), euler #=-14 (123525,370212,246673) : difference with theory (-14) = 0 
CORRECTING DEFECT 9 (vertices=48, convex hull=29, v0=70133)
After retessellation of defect 9 (v0=70133), euler #=-13 (123533,370249,246703) : difference with theory (-13) = 0 
CORRECTING DEFECT 10 (vertices=51, convex hull=65, v0=85585)
After retessellation of defect 10 (v0=85585), euler #=-12 (123547,370315,246756) : difference with theory (-12) = 0 
CORRECTING DEFECT 11 (vertices=82, convex hull=126, v0=85776)
After retessellation of defect 11 (v0=85776), euler #=-11 (123593,370507,246903) : difference with theory (-11) = 0 
CORRECTING DEFECT 12 (vertices=16, convex hull=21, v0=90727)
After retessellation of defect 12 (v0=90727), euler #=-10 (123596,370522,246916) : difference with theory (-10) = 0 
CORRECTING DEFECT 13 (vertices=33, convex hull=34, v0=92257)
After retessellation of defect 13 (v0=92257), euler #=-9 (123608,370568,246951) : difference with theory (-9) = 0 
CORRECTING DEFECT 14 (vertices=16, convex hull=57, v0=93711)
After retessellation of defect 14 (v0=93711), euler #=-8 (123615,370608,246985) : difference with theory (-8) = 0 
CORRECTING DEFECT 15 (vertices=27, convex hull=24, v0=96213)
After retessellation of defect 15 (v0=96213), euler #=-7 (123620,370630,247003) : difference with theory (-7) = 0 
CORRECTING DEFECT 16 (vertices=20, convex hull=30, v0=96305)
After retessellation of defect 16 (v0=96305), euler #=-6 (123628,370663,247029) : difference with theory (-6) = 0 
CORRECTING DEFECT 17 (vertices=133, convex hull=105, v0=96438)
After retessellation of defect 17 (v0=96438), euler #=-5 (123669,370833,247159) : difference with theory (-5) = 0 
CORRECTING DEFECT 18 (vertices=19, convex hull=66, v0=97137)
After retessellation of defect 18 (v0=97137), euler #=-4 (123682,370896,247210) : difference with theory (-4) = 0 
CORRECTING DEFECT 19 (vertices=33, convex hull=34, v0=97167)
After retessellation of defect 19 (v0=97167), euler #=-3 (123685,370920,247232) : difference with theory (-3) = 0 
CORRECTING DEFECT 20 (vertices=94, convex hull=95, v0=98566)
After retessellation of defect 20 (v0=98566), euler #=-2 (123713,371045,247330) : difference with theory (-2) = 0 
CORRECTING DEFECT 21 (vertices=119, convex hull=91, v0=107340)
After retessellation of defect 21 (v0=107340), euler #=-1 (123722,371116,247393) : difference with theory (-1) = 0 
CORRECTING DEFECT 22 (vertices=18, convex hull=17, v0=107854)
After retessellation of defect 22 (v0=107854), euler #=0 (123726,371132,247406) : difference with theory (0) = 0 
CORRECTING DEFECT 23 (vertices=27, convex hull=67, v0=113475)
After retessellation of defect 23 (v0=113475), euler #=1 (123735,371188,247454) : difference with theory (1) = 0 
CORRECTING DEFECT 24 (vertices=12, convex hull=33, v0=118716)
After retessellation of defect 24 (v0=118716), euler #=2 (123736,371202,247468) : difference with theory (2) = 0 
computing original vertex metric properties...
storing new metric properties...
computing tessellation statistics...
vertex spacing 0.89 +- 0.21 (0.05-->7.92) (max @ vno 108637 --> 113266)
face area -nan +- -nan (1000.00-->-1.00)
performing soap bubble on retessellated vertices for 0 iterations...
vertex spacing 0.89 +- 0.21 (0.05-->7.92) (max @ vno 108637 --> 113266)
face area -nan +- -nan (1000.00-->-1.00)
tessellation finished, orienting corrected surface...
91 mutations (36.4%), 159 crossovers (63.6%), 38 vertices were eliminated
building final representation...
782 vertices and 0 faces have been removed from triangulation
after topology correction, eno=2 (nv=123736, nf=247468, ne=371202, g=0)
writing corrected surface to /out/sourcedata/freesurfer/sub-v1s8x0051346_ses-1/surf/rh.orig.premesh...

0.000 % of the vertices (0 vertices) exhibit an orientation change
removing intersecting faces
000: 140 intersecting
001: 25 intersecting
terminating search with 0 intersecting
topology fixing took 0.8 minutes
FSRUNTIME@ mris_fix_topology rh  0.0126 hours 16 threads
#VMPC# mris_fix_topology VmPeak  1839880

 mris_euler_number ../surf/rh.orig.premesh 

euler # = v-e+f = 2g-2: 123736 - 371202 + 247468 = 2 --> 0 holes
      F =2V-4:          247468 = 247472-4 (0)
      2E=3F:            742404 = 742404 (0)

total defect index = 0
Tue Mar 10 09:09:53 CET 2026

setenv SUBJECTS_DIR /out/sourcedata/freesurfer
cd /out/sourcedata/freesurfer/sub-v1s8x0051346_ses-1/scripts
/opt/freesurfer/bin/defect2seg --s sub-v1s8x0051346_ses-1 --rh-only --cortex

freesurfer-linux-ubuntu22_x86_64-7.3.2-20220804-6354275
defect2seg 7.3.2
Linux dna063 5.14.0-427.37.1.el9_4.x86_64 #1 SMP PREEMPT_DYNAMIC Fri Sep 13 12:41:50 EDT 2024 x86_64 x86_64 x86_64 GNU/Linux
pid 723448
mri_label2label --label-cortex /out/sourcedata/freesurfer/sub-v1s8x0051346_ses-1/surf/rh.orig.nofix /out/sourcedata/freesurfer/sub-v1s8x0051346_ses-1/mri/aseg.presurf.mgz 0 /out/sourcedata/freesurfer/sub-v1s8x0051346_ses-1/label/rh.nofix.cortex.label

 Generating cortex label... RemoveHipAmgy=0
 NucAccIsMedialWall=0
 mris->useRealRAS=0
12 non-cortical segments detected
only using segment with 6643 vertices
erasing segment 1 (vno[0] = 52027)
erasing segment 2 (vno[0] = 56412)
erasing segment 3 (vno[0] = 72319)
erasing segment 4 (vno[0] = 76771)
erasing segment 5 (vno[0] = 77943)
erasing segment 6 (vno[0] = 78925)
erasing segment 7 (vno[0] = 81750)
erasing segment 8 (vno[0] = 89703)
erasing segment 9 (vno[0] = 91823)
erasing segment 10 (vno[0] = 100578)
erasing segment 11 (vno[0] = 106368)
mri_label2vol --defects /out/sourcedata/freesurfer/sub-v1s8x0051346_ses-1/surf/rh.orig.nofix /out/sourcedata/freesurfer/sub-v1s8x0051346_ses-1/surf/rh.defect_labels /out/sourcedata/freesurfer/sub-v1s8x0051346_ses-1/mri/orig.mgz 2000 0 /out/sourcedata/freesurfer/sub-v1s8x0051346_ses-1/mri/rh.surface.defects.mgz /out/sourcedata/freesurfer/sub-v1s8x0051346_ses-1/label/rh.nofix.cortex.label
mri_label2vol supposed to be reproducible but seed not set
Contraining to label /out/sourcedata/freesurfer/sub-v1s8x0051346_ses-1/label/rh.nofix.cortex.label
Changing input type 0 to MRI_INT
Converting defects to volume: offset=2000, merge=0
Writing to /out/sourcedata/freesurfer/sub-v1s8x0051346_ses-1/mri/rh.surface.defects.mgz
mris_defects_pointset -s /out/sourcedata/freesurfer/sub-v1s8x0051346_ses-1/surf/rh.orig.nofix -d /out/sourcedata/freesurfer/sub-v1s8x0051346_ses-1/surf/rh.defect_labels -o /out/sourcedata/freesurfer/sub-v1s8x0051346_ses-1/surf/rh.defects.pointset --label /out/sourcedata/freesurfer/sub-v1s8x0051346_ses-1/label/rh.nofix.cortex.label
Reading in surface /out/sourcedata/freesurfer/sub-v1s8x0051346_ses-1/surf/rh.orig.nofix
Reading in defect segmentation /out/sourcedata/freesurfer/sub-v1s8x0051346_ses-1/surf/rh.defect_labels
Reading in label /out/sourcedata/freesurfer/sub-v1s8x0051346_ses-1/label/rh.nofix.cortex.label
#VMPC# mris_defects_pointset 1749956
mris_defects_pointset done
 
Started at Tue Mar 10 09:09:53 CET 2026 
Ended   at Tue Mar 10 09:10:08 CET 2026
Defect2seg-Run-Time-Sec 15
Defect2seg-Run-Time-Min 0.30
Defect2seg-Run-Time-Hours 0.00
 
tkmeditfv sub-v1s8x0051346_ses-1 brain.finalsurfs.mgz -defect
defect2seg Done

 mris_remesh --remesh --iters 3 --input /out/sourcedata/freesurfer/sub-v1s8x0051346_ses-1/surf/rh.orig.premesh --output /out/sourcedata/freesurfer/sub-v1s8x0051346_ses-1/surf/rh.orig 

iters = 3
standard remeshing without target
   adjusted l: 0.70873
remeshing to edge length 0.70873 with 3 iterations

avg qual before   : 0.890555  after: 0.971358

Removing intersections
Remeshed surface quality stats nv0 = 123736  nv = 128873  1.04152
Area    257742  0.30106  0.03348 0.077368   0.5377
Corner  773226 60.00000  8.77021 15.799962 146.9261
Edge    386613  0.84171  0.08197 0.464524   1.2671
Hinge   386613  9.63176 10.32319 0.000072 126.9322
mris_remesh done
/out/sourcedata/freesurfer/sub-v1s8x0051346_ses-1/scripts

 mris_remove_intersection ../surf/rh.orig ../surf/rh.orig 

intersection removal took 0.00 hours
writing corrected surface to ../surf/rh.orig

 rm -f ../surf/rh.inflated 

#--------------------------------------------
#@# AutoDetGWStats rh Tue Mar 10 09:10:36 CET 2026
cd /out/sourcedata/freesurfer/sub-v1s8x0051346_ses-1/mri
mris_autodet_gwstats --o ../surf/autodet.gw.stats.rh.dat --i brain.finalsurfs.mgz --wm wm.mgz --surf ../surf/rh.orig.premesh
7.3.2

cd /out/sourcedata/freesurfer/sub-v1s8x0051346_ses-1/mri
setenv SUBJECTS_DIR /out/sourcedata/freesurfer
mris_autodet_gwstats --o ../surf/autodet.gw.stats.rh.dat --i brain.finalsurfs.mgz --wm wm.mgz --surf ../surf/rh.orig.premesh 

border white:    224920 voxels (1.34%)
border gray      256113 voxels (1.53%)
Reading in intensity volume brain.finalsurfs.mgz
Reading in wm volume wm.mgz
Reading in surf ../surf/rh.orig.premesh
Auto detecting stats
MRIclipBrightWM(): nthresh=22657, wmmin=5, clip=110 
Binarizing thresholding at 5
computing class statistics... low=30, hi=110.000000
CCS WM (102.0): 102.1 +- 6.3 [70.0 --> 110.0]
CCS GM (83.0) : 82.4 +- 9.4 [30.0 --> 110.0]
white_mean = 102.066 +/- 6.29164, gray_mean = 82.399 +/- 9.44232
using class modes intead of means, discounting robust sigmas....
MRIScomputeClassModes(): min=0 max=181 nbins=182
intensity peaks found at WM=105+-4.3,    GM=81+-5.2
white_mode = 105, gray_mode = 81
std_scale = 1
Applying sanity checks, max_scale_down = 0.2
setting MIN_GRAY_AT_WHITE_BORDER to 71.6 (was 70.000000)
setting MAX_BORDER_WHITE to 111.3 (was 105.000000)
setting MIN_BORDER_WHITE to 81.0 (was 85.000000)
setting MAX_CSF to 62.1 (was 40.000000)
setting MAX_GRAY to 98.7 (was 95.000000)
setting MAX_GRAY_AT_CSF_BORDER to 71.6 (was 75.000000)
setting MIN_GRAY_AT_CSF_BORDER to 52.7 (was 40.000000)
When placing the white surface
  white_border_hi   = 111.292;
  white_border_low  = 81;
  white_outside_low = 71.5577;
  white_inside_hi   = 120;
  white_outside_hi  = 111.292;
When placing the pial surface
  pial_border_hi   = 71.5577;
  pial_border_low  = 52.6731;
  pial_outside_low = 10;
  pial_inside_hi   = 98.7084;
  pial_outside_hi  = 66.8365;
#VMPC# mris_autodet_gwstats VmPeak  1324036
mris_autodet_gwstats done
#--------------------------------------------
#@# WhitePreAparc rh Tue Mar 10 09:10:39 CET 2026
cd /out/sourcedata/freesurfer/sub-v1s8x0051346_ses-1/mri
mris_place_surface --adgws-in ../surf/autodet.gw.stats.rh.dat --wm wm.mgz --threads 16 --invol brain.finalsurfs.mgz --rh --i ../surf/rh.orig --o ../surf/rh.white.preaparc --white --seg aseg.presurf.mgz --nsmooth 5
7.3.2
7.3.2

cd /out/sourcedata/freesurfer/sub-v1s8x0051346_ses-1/mri
setenv SUBJECTS_DIR /out/sourcedata/freesurfer
mris_place_surface --adgws-in ../surf/autodet.gw.stats.rh.dat --wm wm.mgz --threads 16 --invol brain.finalsurfs.mgz --rh --i ../surf/rh.orig --o ../surf/rh.white.preaparc --white --seg aseg.presurf.mgz --nsmooth 5 

Reading in input surface ../surf/rh.orig
Smoothing surface before ripping with 5 iterations
Area    257742  0.26537  0.06352 0.002227   0.6818
Corner  773226 60.00000  9.66102 6.168450 140.6091
Edge    386613  0.78664  0.11585 0.045499   1.3914
Hinge   386613  6.46439  6.70497 0.000057 142.4501
Not reading in aparc
Reading in input volume brain.finalsurfs.mgz
Reading in wm volume wm.mgz
MRIclipBrightWM(): nthresh=22657, wmmin=5, clip=110 
MRIfindBrightNonWM(): 91 bright non-wm voxels segmented.
Masking bright non-wm for white surface
MRImask(): AllowDiffGeom = 1
MRImask(): AllowDiffGeom = 1
Reading in seg volume aseg.presurf.mgz
Ripping frozen voxels
INFO: rip surface needed but not specified, so using input surface
Freezing midline and others
Entering: MRISripMidline(): inhibiting deformation at non-cortical midline structures...
  which=1, fix_mtl=0, using annot = 0
#FML0# MRISripMidline(): nripped=0
#FML# MRISripMidline(): nmarked=6485, nmarked2=4, nripped=6485
Ripping segs (eg, WMSA, BG, frozen)
Starting MRISripSegs() d = (-2 2 0.5) segnos: 247 
MRISripSegs(): -2 2 0.5 ripped 0
vertex 64437: xyz = (14.8733,-6.71846,64.129) oxyz = (14.8733,-6.71846,64.129) wxzy = (14.8733,-6.71846,64.129) pxyz = (0,0,0) 
CBVO Creating mask 128873
n_averages 4
Iteration 0 =========================================
n_averages=4, current_sigma=2
Freezing midline and others
Ripping frozen voxels
INFO: rip surface needed but not specified, so using input surface
Freezing midline and others
Entering: MRISripMidline(): inhibiting deformation at non-cortical midline structures...
  which=1, fix_mtl=0, using annot = 0
#FML0# MRISripMidline(): nripped=6485
#FML# MRISripMidline(): nmarked=6485, nmarked2=4, nripped=6485
Ripping segs (eg, WMSA, BG, frozen)
Starting MRISripSegs() d = (-2 2 0.5) segnos: 247 247 
MRISripSegs(): -2 2 0.5 ripped 0
Computing target border values 
Entering MRIScomputeBorderValues_new(): 
  inside_hi   = 120.0000000;
  border_hi   = 111.2916410;
  border_low  =  81.0000000;
  outside_low =  71.5576860;
  outside_hi  = 111.2916410;
  sigma = 2;
  max_thickness = 10;
  step_size=0.5;
  STEP_SIZE=0.1;
  which = 1
  thresh = 0
  flags = 0
  CBVfindFirstPeakD1=0
  CBVfindFirstPeakD2=0
  nvertices=128873
  Gdiag_no=-1
  vno start=0, stop=128873
Replacing 255s with 0s
#SI# sigma=2 had to be increased for 71 vertices, nripped=6485
mean border=88.7, 69 (69) missing vertices, mean dist 0.3 [0.6 (%35.0)->0.9 (%65.0))]
%60 local maxima, %35 large gradients and % 0 min vals, 0 gradients ignored
nFirstPeakD1 0
MRIScomputeBorderValues_new() finished in 0.0131 min


Finding expansion regions
mean absolute distance = 0.78 +- 0.96
4467 vertices more than 2 sigmas from mean.
Averaging target values for 5 iterations...
Positioning Surface: tspring = 0.3, nspring = 0.3, spring = 0, niters = 100 l_repulse = 5, l_surf_repulse = 0, checktol = 0
Positioning pial surface
Entering MRISpositionSurface()
  max_mm = 0.3
  MAX_REDUCTIONS = 2, REDUCTION_PCT = 0.5
  parms->check_tol = 0, niterations = 100
tol=1.0e-04, sigma=2.0, host=dna06, nav=4, nbrs=2, l_repulse=5.000, l_tspring=0.300, l_nspring=0.300, l_intensity=0.200, l_curv=1.000
mom=0.00, dt=0.50
complete_dist_mat 0
rms 0
smooth_averages 0
remove_neg 0
ico_order 0
which_surface 0
target_radius 0.000000
nfields 0
scale 0.000000
desired_rms_height 0.000000
momentum 0.000000
nbhd_size 0
max_nbrs 0
niterations 100
nsurfaces 0
SURFACES 3
flags 0 (0)
use curv 0
no sulc 0
no rigid align 0
mris->nsize 2
mris->hemisphere 1
randomSeed 0

000: dt: 0.0000, sse=1711319.0, rms=8.010
001: dt: 0.5000, sse=974256.6, rms=5.853 (26.932%)
002: dt: 0.5000, sse=628917.1, rms=4.489 (23.294%)
003: dt: 0.5000, sse=452822.6, rms=3.597 (19.877%)
004: dt: 0.5000, sse=355720.9, rms=2.986 (16.972%)
005: dt: 0.5000, sse=303602.6, rms=2.588 (13.340%)
006: dt: 0.5000, sse=273547.4, rms=2.339 (9.630%)
007: dt: 0.5000, sse=259823.2, rms=2.201 (5.875%)
008: dt: 0.5000, sse=252167.8, rms=2.115 (3.944%)
rms = 2.0727/2.1146, sse=249420.9/252167.8, time step reduction 1 of 3 to 0.250  0 0 1
009: dt: 0.5000, sse=249420.9, rms=2.073 (1.983%)
010: dt: 0.2500, sse=193213.5, rms=1.360 (34.384%)
011: dt: 0.2500, sse=184627.9, rms=1.257 (7.589%)
rms = 1.2245/1.2568, sse=183621.8/184627.9, time step reduction 2 of 3 to 0.125  0 0 1
012: dt: 0.2500, sse=183621.8, rms=1.224 (2.570%)
rms = 1.2081/1.2245, sse=182458.8/183621.8, time step reduction 3 of 3 to 0.062  0 0 1
013: dt: 0.1250, sse=182458.8, rms=1.208 (1.337%)
  maximum number of reductions reached, breaking from loop
positioning took 1.1 minutes
Iteration 1 =========================================
n_averages=2, current_sigma=1
Freezing midline and others
Ripping frozen voxels
INFO: rip surface needed but not specified, so using input surface
Freezing midline and others
Entering: MRISripMidline(): inhibiting deformation at non-cortical midline structures...
  which=1, fix_mtl=0, using annot = 0
#FML0# MRISripMidline(): nripped=6485
#FML# MRISripMidline(): nmarked=6678, nmarked2=47, nripped=6678
Ripping segs (eg, WMSA, BG, frozen)
Starting MRISripSegs() d = (-2 2 0.5) segnos: 247 247 247 
MRISripSegs(): -2 2 0.5 ripped 0
Computing target border values 
Entering MRIScomputeBorderValues_new(): 
  inside_hi   = 120.0000000;
  border_hi   = 111.2916410;
  border_low  =  81.0000000;
  outside_low =  71.5576860;
  outside_hi  = 111.2916410;
  sigma = 1;
  max_thickness = 10;
  step_size=0.5;
  STEP_SIZE=0.1;
  which = 1
  thresh = 0
  flags = 0
  CBVfindFirstPeakD1=0
  CBVfindFirstPeakD2=0
  nvertices=128873
  Gdiag_no=-1
  vno start=0, stop=128873
Replacing 255s with 0s
#SI# sigma=1 had to be increased for 87 vertices, nripped=6678
mean border=90.9, 80 (12) missing vertices, mean dist -0.2 [0.4 (%71.4)->0.3 (%28.6))]
%72 local maxima, %23 large gradients and % 0 min vals, 0 gradients ignored
nFirstPeakD1 0
MRIScomputeBorderValues_new() finished in 0.0090 min


Finding expansion regions
mean absolute distance = 0.38 +- 0.68
3106 vertices more than 2 sigmas from mean.
Averaging target values for 5 iterations...
Positioning Surface: tspring = 0.3, nspring = 0.3, spring = 0, niters = 100 l_repulse = 5, l_surf_repulse = 0, checktol = 0
Positioning pial surface
Entering MRISpositionSurface()
  max_mm = 0.3
  MAX_REDUCTIONS = 2, REDUCTION_PCT = 0.5
  parms->check_tol = 0, niterations = 100
tol=1.0e-04, sigma=1.0, host=dna06, nav=2, nbrs=2, l_repulse=5.000, l_tspring=0.300, l_nspring=0.300, l_intensity=0.200, l_curv=1.000
mom=0.00, dt=0.50
000: dt: 0.0000, sse=495216.2, rms=3.516
014: dt: 0.5000, sse=308243.4, rms=2.178 (38.048%)
015: dt: 0.5000, sse=269302.4, rms=1.790 (17.841%)
016: dt: 0.5000, sse=255996.9, rms=1.624 (9.243%)
rms = 1.6226/1.6243, sse=255741.8/255996.9, time step reduction 1 of 3 to 0.250  0 0 1
017: dt: 0.5000, sse=255741.8, rms=1.623 (0.104%)
018: dt: 0.2500, sse=222543.1, rms=1.105 (31.913%)
019: dt: 0.2500, sse=218783.0, rms=1.029 (6.895%)
rms = 1.0129/1.0286, sse=217847.3/218783.0, time step reduction 2 of 3 to 0.125  0 0 1
020: dt: 0.2500, sse=217847.3, rms=1.013 (1.525%)
rms = 0.9992/1.0129, sse=217330.7/217847.3, time step reduction 3 of 3 to 0.062  0 0 1
021: dt: 0.1250, sse=217330.7, rms=0.999 (1.354%)
  maximum number of reductions reached, breaking from loop
positioning took 0.6 minutes
Iteration 2 =========================================
n_averages=1, current_sigma=0.5
Freezing midline and others
Ripping frozen voxels
INFO: rip surface needed but not specified, so using input surface
Freezing midline and others
Entering: MRISripMidline(): inhibiting deformation at non-cortical midline structures...
  which=1, fix_mtl=0, using annot = 0
#FML0# MRISripMidline(): nripped=6678
removing 3 vertices from ripped group in thread:0
removing 1 vertices from ripped group in thread:0
removing 2 vertices from ripped group in thread:0
#FML# MRISripMidline(): nmarked=6714, nmarked2=47, nripped=6714
Ripping segs (eg, WMSA, BG, frozen)
Starting MRISripSegs() d = (-2 2 0.5) segnos: 247 247 247 247 
MRISripSegs(): -2 2 0.5 ripped 0
Computing target border values 
Entering MRIScomputeBorderValues_new(): 
  inside_hi   = 120.0000000;
  border_hi   = 111.2916410;
  border_low  =  81.0000000;
  outside_low =  71.5576860;
  outside_hi  = 111.2916410;
  sigma = 0.5;
  max_thickness = 10;
  step_size=0.5;
  STEP_SIZE=0.1;
  which = 1
  thresh = 0
  flags = 0
  CBVfindFirstPeakD1=0
  CBVfindFirstPeakD2=0
  nvertices=128873
  Gdiag_no=-1
  vno start=0, stop=128873
Replacing 255s with 0s
#SI# sigma=0.5 had to be increased for 94 vertices, nripped=6714
mean border=92.7, 91 (9) missing vertices, mean dist -0.2 [0.3 (%71.9)->0.2 (%28.1))]
%82 local maxima, %12 large gradients and % 0 min vals, 0 gradients ignored
nFirstPeakD1 0
MRIScomputeBorderValues_new() finished in 0.0053 min


Finding expansion regions
mean absolute distance = 0.29 +- 0.47
3062 vertices more than 2 sigmas from mean.
Averaging target values for 5 iterations...
Positioning Surface: tspring = 0.3, nspring = 0.3, spring = 0, niters = 100 l_repulse = 5, l_surf_repulse = 0, checktol = 0
Positioning pial surface
Entering MRISpositionSurface()
  max_mm = 0.3
  MAX_REDUCTIONS = 2, REDUCTION_PCT = 0.5
  parms->check_tol = 0, niterations = 100
tol=1.0e-04, sigma=0.5, host=dna06, nav=1, nbrs=2, l_repulse=5.000, l_tspring=0.300, l_nspring=0.300, l_intensity=0.200, l_curv=1.000
mom=0.00, dt=0.50
000: dt: 0.0000, sse=355110.8, rms=2.602
022: dt: 0.5000, sse=259119.8, rms=1.569 (39.695%)
023: dt: 0.5000, sse=239366.6, rms=1.410 (10.115%)
rms = 1.4322/1.4103, sse=240946.4/239366.6, time step reduction 1 of 3 to 0.250  0 1 1
   RMS increased, rejecting step
024: dt: 0.2500, sse=220273.7, rms=1.097 (22.227%)
025: dt: 0.2500, sse=212519.3, rms=0.937 (14.559%)
rms = 0.9108/0.9371, sse=211321.3/212519.3, time step reduction 2 of 3 to 0.125  0 0 1
026: dt: 0.2500, sse=211321.3, rms=0.911 (2.811%)
rms = 0.9001/0.9108, sse=211495.8/211321.3, time step reduction 3 of 3 to 0.062  0 1 1
027: dt: 0.1250, sse=211495.8, rms=0.900 (1.168%)
  maximum number of reductions reached, breaking from loop
positioning took 0.5 minutes
Iteration 3 =========================================
n_averages=0, current_sigma=0.25
Freezing midline and others
Ripping frozen voxels
INFO: rip surface needed but not specified, so using input surface
Freezing midline and others
Entering: MRISripMidline(): inhibiting deformation at non-cortical midline structures...
  which=1, fix_mtl=0, using annot = 0
#FML0# MRISripMidline(): nripped=6714
removing 1 vertices from ripped group in thread:0
removing 2 vertices from ripped group in thread:0
#FML# MRISripMidline(): nmarked=6753, nmarked2=47, nripped=6753
Ripping segs (eg, WMSA, BG, frozen)
Starting MRISripSegs() d = (-2 2 0.5) segnos: 247 247 247 247 247 
MRISripSegs(): -2 2 0.5 ripped 0
Computing target border values 
Entering MRIScomputeBorderValues_new(): 
  inside_hi   = 120.0000000;
  border_hi   = 111.2916410;
  border_low  =  81.0000000;
  outside_low =  71.5576860;
  outside_hi  = 111.2916410;
  sigma = 0.25;
  max_thickness = 10;
  step_size=0.5;
  STEP_SIZE=0.1;
  which = 1
  thresh = 0
  flags = 0
  CBVfindFirstPeakD1=0
  CBVfindFirstPeakD2=0
  nvertices=128873
  Gdiag_no=-1
  vno start=0, stop=128873
Replacing 255s with 0s
#SI# sigma=0.25 had to be increased for 143 vertices, nripped=6753
mean border=93.4, 99 (5) missing vertices, mean dist -0.1 [0.2 (%58.0)->0.2 (%42.0))]
%86 local maxima, % 8 large gradients and % 0 min vals, 0 gradients ignored
nFirstPeakD1 0
MRIScomputeBorderValues_new() finished in 0.0035 min


Finding expansion regions
mean absolute distance = 0.23 +- 0.37
2846 vertices more than 2 sigmas from mean.
Averaging target values for 5 iterations...
Positioning Surface: tspring = 0.3, nspring = 0.3, spring = 0, niters = 100 l_repulse = 5, l_surf_repulse = 0, checktol = 0
Positioning pial surface
Entering MRISpositionSurface()
  max_mm = 0.3
  MAX_REDUCTIONS = 2, REDUCTION_PCT = 0.5
  parms->check_tol = 0, niterations = 100
tol=1.0e-04, sigma=0.2, host=dna06, nav=0, nbrs=2, l_repulse=5.000, l_tspring=0.300, l_nspring=0.300, l_intensity=0.200, l_curv=1.000
mom=0.00, dt=0.50
000: dt: 0.0000, sse=226509.0, rms=1.244
028: dt: 0.5000, sse=207627.4, rms=0.871 (29.944%)
rms = 1.0759/0.8712, sse=216006.5/207627.4, time step reduction 1 of 3 to 0.250  0 1 1
   RMS increased, rejecting step
029: dt: 0.2500, sse=201840.8, rms=0.734 (15.728%)
rms = 0.7111/0.7342, sse=200815.9/201840.8, time step reduction 2 of 3 to 0.125  0 0 1
030: dt: 0.2500, sse=200815.9, rms=0.711 (3.146%)
rms = 0.7010/0.7111, sse=200348.9/200815.9, time step reduction 3 of 3 to 0.062  0 0 1
031: dt: 0.1250, sse=200349.0, rms=0.701 (1.410%)
  maximum number of reductions reached, breaking from loop
positioning took 0.4 minutes


Writing output to ../surf/rh.white.preaparc
#ET# mris_place_surface  2.65 minutes
#VMPC# mris_place_surfaces VmPeak  3015208
mris_place_surface done
#--------------------------------------------
#@# CortexLabel rh Tue Mar 10 09:13:24 CET 2026
cd /out/sourcedata/freesurfer/sub-v1s8x0051346_ses-1/mri
mri_label2label --label-cortex ../surf/rh.white.preaparc aseg.presurf.mgz 0 ../label/rh.cortex.label

 Generating cortex label... RemoveHipAmgy=0
 NucAccIsMedialWall=0
 mris->useRealRAS=0
3 non-cortical segments detected
only using segment with 7458 vertices
erasing segment 1 (vno[0] = 61914)
erasing segment 2 (vno[0] = 75047)
#--------------------------------------------
#@# CortexLabel+HipAmyg rh Tue Mar 10 09:13:38 CET 2026
cd /out/sourcedata/freesurfer/sub-v1s8x0051346_ses-1/mri
mri_label2label --label-cortex ../surf/rh.white.preaparc aseg.presurf.mgz 1 ../label/rh.cortex+hipamyg.label

 Generating cortex label... RemoveHipAmgy=1
 NucAccIsMedialWall=0
 mris->useRealRAS=0
7 non-cortical segments detected
only using segment with 5520 vertices
erasing segment 1 (vno[0] = 61914)
erasing segment 2 (vno[0] = 66782)
erasing segment 3 (vno[0] = 69301)
erasing segment 4 (vno[0] = 75047)
erasing segment 5 (vno[0] = 112730)
erasing segment 6 (vno[0] = 117271)
#--------------------------------------------
#@# Smooth2 rh Tue Mar 10 09:13:52 CET 2026
/out/sourcedata/freesurfer/sub-v1s8x0051346_ses-1/scripts

 mris_smooth -n 3 -nw -seed 1234 ../surf/rh.white.preaparc ../surf/rh.smoothwm 

smoothing for 3 iterations
setting seed for random number generator to 1234
smoothing surface tessellation for 3 iterations...
smoothing complete - recomputing first and second fundamental forms...
#--------------------------------------------
#@# Inflation2 rh Tue Mar 10 09:13:55 CET 2026
/out/sourcedata/freesurfer/sub-v1s8x0051346_ses-1/scripts

 mris_inflate ../surf/rh.smoothwm ../surf/rh.inflated 

Reading ../surf/rh.smoothwm
avg radius = 46.0 mm, total surface area = 79229 mm^2
step 000: RMS=0.171 (target=0.015)   step 005: RMS=0.116 (target=0.015)   step 010: RMS=0.085 (target=0.015)   step 015: RMS=0.071 (target=0.015)   step 020: RMS=0.060 (target=0.015)   step 025: RMS=0.049 (target=0.015)   step 030: RMS=0.040 (target=0.015)   step 035: RMS=0.033 (target=0.015)   step 040: RMS=0.029 (target=0.015)   step 045: RMS=0.025 (target=0.015)   step 050: RMS=0.023 (target=0.015)   step 055: RMS=0.021 (target=0.015)   step 060: RMS=0.020 (target=0.015)   writing inflated surface to ../surf/rh.inflated
writing sulcal depths to ../surf/rh.sulc

inflation complete.
inflation took 0.2 minutes
mris_inflate utimesec    55.246048
mris_inflate stimesec    1.922591
mris_inflate ru_maxrss   199428
mris_inflate ru_ixrss    0
mris_inflate ru_idrss    0
mris_inflate ru_isrss    0
mris_inflate ru_minflt   513405
mris_inflate ru_majflt   8
mris_inflate ru_nswap    0
mris_inflate ru_inblock  0
mris_inflate ru_oublock  10080
mris_inflate ru_msgsnd   0
mris_inflate ru_msgrcv   0
mris_inflate ru_nsignals 0
mris_inflate ru_nvcsw    10474
mris_inflate ru_nivcsw   276
#--------------------------------------------
#@# Curv .H and .K rh Tue Mar 10 09:14:08 CET 2026
/out/sourcedata/freesurfer/sub-v1s8x0051346_ses-1/surf

 mris_curvature -w -seed 1234 rh.white.preaparc 

setting seed for random number generator to 1234
total integrated curvature = 21.702*4pi (272.721) --> -21 handles
ICI = 144.3, FI = 1435.7, variation=22525.428
writing Gaussian curvature to ./rh.white.preaparc.K...done.
writing mean curvature to ./rh.white.preaparc.H...done.
rm -f rh.white.H
ln -s rh.white.preaparc.H rh.white.H
rm -f rh.white.K
ln -s rh.white.preaparc.K rh.white.K

 mris_curvature -seed 1234 -thresh .999 -n -a 5 -w -distances 10 10 rh.inflated 

setting seed for random number generator to 1234
normalizing curvature values.
averaging curvature patterns 5 times.
sampling 10 neighbors out to a distance of 10 mm
170 vertices thresholded to be in k1 ~ [-0.30 1.01], k2 ~ [-0.15 0.07]
total integrated curvature = 0.568*4pi (7.144) --> 0 handles
ICI = 1.5, FI = 8.9, variation=156.733
103 vertices thresholded to be in [-0.01 0.03]
writing Gaussian curvature to ./rh.inflated.K...thresholding curvature at 99.90% level
curvature mean = 0.000, std = 0.001
118 vertices thresholded to be in [-0.19 0.21]
done.
writing mean curvature to ./rh.inflated.H...curvature mean = -0.017, std = 0.023
done.
#--------------------------------------------
#@# Sphere rh Tue Mar 10 09:14:50 CET 2026
/out/sourcedata/freesurfer/sub-v1s8x0051346_ses-1/scripts

 mris_sphere -seed 1234 ../surf/rh.inflated ../surf/rh.sphere 

setting seed for random number genererator to 1234
version: 7.3.2
available threads: 16
reading original vertex positions...
projecting onto sphere...
surface projected - minimizing metric distortion...
scaling brain by 0.287...
MRISunfold() max_passes = 1 -------
tol=5.0e-01, sigma=0.0, host=dna06, nav=1024, nbrs=2, l_area=1.000, l_dist=1.000
using quadratic fit line minimization
complete_dist_mat 0
rms 0
smooth_averages 0
remove_neg 0
ico_order 0
which_surface 0
target_radius 0.000000
nfields 0
scale 1.000000
desired_rms_height -1.000000
momentum 0.900000
nbhd_size 7
max_nbrs 8
niterations 25
nsurfaces 0
SURFACES 3
flags 0 (0)
use curv 0
no sulc 0
no rigid align 0
mris->nsize 2
mris->hemisphere 1
randomSeed 1234

singular matrix in quadratic form
singular matrix in quadratic form
singular matrix in quadratic form
singular matrix in quadratic form
singular matrix in quadratic form
singular matrix in quadratic form
singular matrix in quadratic form
singular matrix in quadratic form
singular matrix in quadratic form
singular matrix in quadratic form
--------------------
  mrisRemoveNegativeArea()
pass 1: epoch 1 of 3 starting distance error %20.76
pass 1: epoch 2 of 3 starting distance error %20.72
unfolding complete - removing small folds...
starting distance error %20.66
removing remaining folds...
final distance error %20.69
MRISunfold() return, current seed 1234
-01: dt=0.0000,  13 negative triangles  VmPeak 2447580
177: dt=0.9900,  13 negative triangles
178: dt=0.9900,   2 negative triangles
179: dt=0.9900,   1 negative triangles
180: dt=0.9900,   1 negative triangles
writing spherical brain to ../surf/rh.sphere
spherical transformation took 0.0501 hours
FSRUNTIME@ mris_sphere  0.0501 hours 16 threads
#VMPC# mris_sphere VmPeak  2447580
mris_sphere done
#--------------------------------------------
#@# Surf Reg rh Tue Mar 10 09:17:50 CET 2026
/out/sourcedata/freesurfer/sub-v1s8x0051346_ses-1/scripts

 mris_register -curv ../surf/rh.sphere /opt/freesurfer/average/rh.folding.atlas.acfb40.noaparc.i12.2016-08-02.tif ../surf/rh.sphere.reg 

using smoothwm curvature for final alignment

cwd /out/sourcedata/freesurfer/sub-v1s8x0051346_ses-1/scripts
cmdline mris_register -curv ../surf/rh.sphere /opt/freesurfer/average/rh.folding.atlas.acfb40.noaparc.i12.2016-08-02.tif ../surf/rh.sphere.reg 

0 inflated.H
1 sulc
2 smoothwm (computed)
7.3.2
  7.3.2
reading surface from ../surf/rh.sphere...
reading template parameterization from /opt/freesurfer/average/rh.folding.atlas.acfb40.noaparc.i12.2016-08-02.tif...
MRISregister() -------
max_passes = 4 
min_degrees = 0.500000 
max_degrees = 64.000000 
nangles = 8 
tol=5.0e-01, sigma=0.0, host=dna06, nav=1024, nbrs=1, l_extern=10000.000, l_parea=0.200, l_nlarea=1.000, l_corr=1.000, l_dist=5.000
using quadratic fit line minimization
complete_dist_mat 0
rms 0
smooth_averages 0
remove_neg 0
ico_order 0
which_surface 0
target_radius 0.000000
nfields 0
scale 0.000000
desired_rms_height -1.000000
momentum 0.950000
nbhd_size -10
max_nbrs 10
niterations 25
nsurfaces 0
SURFACES 3
flags 16 (10)
use curv 16
no sulc 0
no rigid align 0
mris->nsize 1
mris->hemisphere 1
randomSeed 0

tol=5.0e-01, sigma=0.0, host=dna06, nav=1024, nbrs=1, l_extern=10000.000, l_parea=0.200, l_nlarea=1.000, l_corr=1.000, l_dist=5.000
using quadratic fit line minimization
--------------------
1 Reading rh.sulc
tol=1.0e+00, sigma=0.5, host=dna06, nav=1024, nbrs=1, l_extern=10000.000, l_parea=0.200, l_nlarea=1.000, l_corr=0.050, l_spring=0.500, l_dist=5.000
using quadratic fit line minimization
curvature mean = 0.000, std = 5.553
curvature mean = 0.034, std = 0.811
curvature mean = 0.012, std = 0.868
Starting MRISrigidBodyAlignGlobal()
Starting new MRISrigidBodyAlignGlobal_findMinSSE()
  new MRISrigidBodyAlignGlobal_findMinSSE min @ (11.50, -1.50, 2.50) sse = 200691.9, elapsed since starting=0.1061 min
MRISrigidBodyAlignGlobal() done   0.11 min
curvature mean = 0.014, std = 0.821
curvature mean = 0.005, std = 0.951
curvature mean = 0.011, std = 0.832
curvature mean = 0.002, std = 0.981
curvature mean = 0.010, std = 0.834
curvature mean = 0.000, std = 0.993
2 Reading smoothwm
curvature mean = -0.022, std = 0.278
curvature mean = 0.037, std = 0.242
curvature mean = 0.058, std = 0.374
curvature mean = 0.031, std = 0.304
curvature mean = 0.033, std = 0.566
curvature mean = 0.030, std = 0.331
curvature mean = 0.017, std = 0.706
curvature mean = 0.029, std = 0.344
curvature mean = 0.004, std = 0.813
MRISregister() return, current seed 0
-01: dt=0.0000,   1 negative triangles  VmPeak 1588400
104: dt=0.9900,   1 negative triangles
expanding nbhd size to 1
105: dt=0.9900,   1 negative triangles
106: dt=0.9900,   1 negative triangles
writing registered surface to ../surf/rh.sphere.reg...
registration took 0.05 hours
#VMPC# mris_register VmPeak  1588400
FSRUNTIME@ mris_register  0.0514 hours 16 threads

 ln -sf rh.sphere.reg rh.fsaverage.sphere.reg 

#--------------------------------------------
#@# Jacobian white rh Tue Mar 10 09:20:56 CET 2026
/out/sourcedata/freesurfer/sub-v1s8x0051346_ses-1/scripts

 mris_jacobian ../surf/rh.white.preaparc ../surf/rh.sphere.reg ../surf/rh.jacobian_white 

reading surface from ../surf/rh.white.preaparc...
writing curvature file ../surf/rh.jacobian_white
#--------------------------------------------
#@# AvgCurv rh Tue Mar 10 09:20:56 CET 2026
/out/sourcedata/freesurfer/sub-v1s8x0051346_ses-1/scripts

 mrisp_paint -a 5 /opt/freesurfer/average/rh.folding.atlas.acfb40.noaparc.i12.2016-08-02.tif#6 ../surf/rh.sphere.reg ../surf/rh.avg_curv 

averaging curvature patterns 5 times...
reading surface from ../surf/rh.sphere.reg...
reading template parameterization from /opt/freesurfer/average/rh.folding.atlas.acfb40.noaparc.i12.2016-08-02.tif...
writing curvature file to ../surf/rh.avg_curv...
#-----------------------------------------
#@# Cortical Parc rh Tue Mar 10 09:20:57 CET 2026
/out/sourcedata/freesurfer/sub-v1s8x0051346_ses-1/scripts

 mris_ca_label -l ../label/rh.cortex.label -aseg ../mri/aseg.presurf.mgz -seed 1234 sub-v1s8x0051346_ses-1 rh ../surf/rh.sphere.reg /opt/freesurfer/average/rh.DKaparc.atlas.acfb40.noaparc.i12.2016-08-02.gcs ../label/rh.aparc.annot 

setting seed for random number generator to 1234
using ../mri/aseg.presurf.mgz aseg volume to correct midline
7.3.2
  7.3.2
reading atlas from /opt/freesurfer/average/rh.DKaparc.atlas.acfb40.noaparc.i12.2016-08-02.gcs...
reading color table from GCSA file....
average std = 0.7   using min determinant for regularization = 0.004
0 singular and 309 ill-conditioned covariance matrices regularized
input 0: MEAN CURVATURE, flags 0, avgs 5, name mean_curvature
labeling surface...
1168 labels changed using aseg
relabeling using gibbs priors...
000:   2631 changed, 128873 examined...
001:    565 changed, 11491 examined...
002:    134 changed, 3264 examined...
003:     51 changed, 798 examined...
004:     12 changed, 312 examined...
005:      4 changed, 83 examined...
006:      3 changed, 30 examined...
007:      0 changed, 17 examined...
176 labels changed using aseg
000: 89 total segments, 52 labels (150 vertices) changed
001: 40 total segments, 3 labels (3 vertices) changed
002: 37 total segments, 0 labels (0 vertices) changed
10 filter iterations complete (10 requested, 3 changed)
rationalizing unknown annotations with cortex label
relabeling unknown label...
relabeling corpuscallosum label...
1763 vertices marked for relabeling...
1763 labels changed in reclassification.
writing output to ../label/rh.aparc.annot...
classification took 0 minutes and 9 seconds.
#--------------------------------------------
#@# WhiteSurfs rh Tue Mar 10 09:21:06 CET 2026
cd /out/sourcedata/freesurfer/sub-v1s8x0051346_ses-1/mri
mris_place_surface --adgws-in ../surf/autodet.gw.stats.rh.dat --seg aseg.presurf.mgz --threads 16 --wm wm.mgz --invol brain.finalsurfs.mgz --rh --i ../surf/rh.white.preaparc --o ../surf/rh.white --white --nsmooth 0 --rip-label ../label/rh.cortex.label --rip-bg --rip-surf ../surf/rh.white.preaparc --aparc ../label/rh.aparc.annot
7.3.2
7.3.2

cd /out/sourcedata/freesurfer/sub-v1s8x0051346_ses-1/mri
setenv SUBJECTS_DIR /out/sourcedata/freesurfer
mris_place_surface --adgws-in ../surf/autodet.gw.stats.rh.dat --seg aseg.presurf.mgz --threads 16 --wm wm.mgz --invol brain.finalsurfs.mgz --rh --i ../surf/rh.white.preaparc --o ../surf/rh.white --white --nsmooth 0 --rip-label ../label/rh.cortex.label --rip-bg --rip-surf ../surf/rh.white.preaparc --aparc ../label/rh.aparc.annot 

Reading in input surface ../surf/rh.white.preaparc
Not smoothing input surface
Area    257742  0.33777  0.11914 0.001942   2.6752
Corner  773226 60.00000 13.89771 0.683722 176.6094
Edge    386613  0.89383  0.19751 0.029060   3.3541
Hinge   386613 10.11609 11.15913 0.000020 179.9060
Reading in aparc ../label/rh.aparc.annot
Reading in input volume brain.finalsurfs.mgz
Reading in wm volume wm.mgz
MRIclipBrightWM(): nthresh=22657, wmmin=5, clip=110 
MRIfindBrightNonWM(): 91 bright non-wm voxels segmented.
Masking bright non-wm for white surface
MRImask(): AllowDiffGeom = 1
MRImask(): AllowDiffGeom = 1
Reading in seg volume aseg.presurf.mgz
Ripping frozen voxels
Ripping vertices not in label ../label/rh.cortex.label
MRISripNotLabel() ripped 7711/128873 vertices (121162 unripped)
Reading in ripping surface ../surf/rh.white.preaparc
Reading in aparc ../label/rh.aparc.annot for ripsurf
Ripping BG
MRISripBasalGanglia(): 1 -2 2 0.5 ripped 576
Ripping segs (eg, WMSA, BG, frozen)
Starting MRISripSegs() d = (-2 2 0.5) segnos: 247 
MRISripSegs(): -2 2 0.5 ripped 0
vertex 64437: xyz = (15.1325,-6.77053,63.5043) oxyz = (15.1325,-6.77053,63.5043) wxzy = (15.1325,-6.77053,63.5043) pxyz = (0,0,0) 
CBVO Creating mask 128873
n_averages 4
Iteration 0 =========================================
n_averages=4, current_sigma=2
Computing target border values 
Entering MRIScomputeBorderValues_new(): 
  inside_hi   = 120.0000000;
  border_hi   = 111.2916410;
  border_low  =  81.0000000;
  outside_low =  71.5576860;
  outside_hi  = 111.2916410;
  sigma = 2;
  max_thickness = 10;
  step_size=0.5;
  STEP_SIZE=0.1;
  which = 1
  thresh = 0
  flags = 0
  CBVfindFirstPeakD1=0
  CBVfindFirstPeakD2=0
  nvertices=128873
  Gdiag_no=-1
  vno start=0, stop=128873
Replacing 255s with 0s
#SI# sigma=2 had to be increased for 143 vertices, nripped=8287
mean border=88.6, 62 (62) missing vertices, mean dist 0.4 [1.2 (%12.7)->0.6 (%87.3))]
%56 local maxima, %37 large gradients and % 0 min vals, 0 gradients ignored
nFirstPeakD1 0
MRIScomputeBorderValues_new() finished in 0.0121 min


Finding expansion regions
mean absolute distance = 0.67 +- 0.93
2582 vertices more than 2 sigmas from mean.
Averaging target values for 5 iterations...
Positioning Surface: tspring = 0.3, nspring = 0.3, spring = 0, niters = 100 l_repulse = 5, l_surf_repulse = 0, checktol = 0
Positioning pial surface
Entering MRISpositionSurface()
  max_mm = 0.3
  MAX_REDUCTIONS = 2, REDUCTION_PCT = 0.5
  parms->check_tol = 0, niterations = 100
tol=1.0e-04, sigma=2.0, host=dna06, nav=4, nbrs=2, l_repulse=5.000, l_tspring=0.300, l_nspring=0.300, l_intensity=0.200, l_curv=1.000
mom=0.00, dt=0.50
complete_dist_mat 0
rms 0
smooth_averages 0
remove_neg 0
ico_order 0
which_surface 0
target_radius 0.000000
nfields 0
scale 0.000000
desired_rms_height 0.000000
momentum 0.000000
nbhd_size 0
max_nbrs 0
niterations 100
nsurfaces 0
SURFACES 3
flags 0 (0)
use curv 0
no sulc 0
no rigid align 0
mris->nsize 2
mris->hemisphere 1
randomSeed 0

000: dt: 0.0000, sse=1077722.0, rms=6.090
001: dt: 0.5000, sse=494016.8, rms=3.605 (40.808%)
002: dt: 0.5000, sse=316079.2, rms=2.369 (34.286%)
003: dt: 0.5000, sse=269527.7, rms=1.909 (19.404%)
004: dt: 0.5000, sse=251817.6, rms=1.687 (11.629%)
rms = 1.6654/1.6871, sse=251255.3/251817.6, time step reduction 1 of 3 to 0.250  0 0 1
005: dt: 0.5000, sse=251255.3, rms=1.665 (1.284%)
006: dt: 0.2500, sse=220519.3, rms=1.205 (27.630%)
007: dt: 0.2500, sse=216573.0, rms=1.127 (6.535%)
rms = 1.1059/1.1265, sse=216085.0/216573.0, time step reduction 2 of 3 to 0.125  0 0 1
008: dt: 0.2500, sse=216085.0, rms=1.106 (1.833%)
rms = 1.0912/1.1059, sse=215614.0/216085.0, time step reduction 3 of 3 to 0.062  0 0 1
009: dt: 0.1250, sse=215614.0, rms=1.091 (1.328%)
  maximum number of reductions reached, breaking from loop
positioning took 0.7 minutes
Iteration 1 =========================================
n_averages=2, current_sigma=1
Computing target border values 
Entering MRIScomputeBorderValues_new(): 
  inside_hi   = 120.0000000;
  border_hi   = 111.2916410;
  border_low  =  81.0000000;
  outside_low =  71.5576860;
  outside_hi  = 111.2916410;
  sigma = 1;
  max_thickness = 10;
  step_size=0.5;
  STEP_SIZE=0.1;
  which = 1
  thresh = 0
  flags = 0
  CBVfindFirstPeakD1=0
  CBVfindFirstPeakD2=0
  nvertices=128873
  Gdiag_no=-1
  vno start=0, stop=128873
Replacing 255s with 0s
#SI# sigma=1 had to be increased for 110 vertices, nripped=8287
mean border=90.7, 96 (24) missing vertices, mean dist -0.2 [0.4 (%69.9)->0.3 (%30.1))]
%70 local maxima, %24 large gradients and % 0 min vals, 0 gradients ignored
nFirstPeakD1 0
MRIScomputeBorderValues_new() finished in 0.0091 min


Finding expansion regions
mean absolute distance = 0.38 +- 0.69
2453 vertices more than 2 sigmas from mean.
Averaging target values for 5 iterations...
Positioning Surface: tspring = 0.3, nspring = 0.3, spring = 0, niters = 100 l_repulse = 5, l_surf_repulse = 0, checktol = 0
Positioning pial surface
Entering MRISpositionSurface()
  max_mm = 0.3
  MAX_REDUCTIONS = 2, REDUCTION_PCT = 0.5
  parms->check_tol = 0, niterations = 100
tol=1.0e-04, sigma=1.0, host=dna06, nav=2, nbrs=2, l_repulse=5.000, l_tspring=0.300, l_nspring=0.300, l_intensity=0.200, l_curv=1.000
mom=0.00, dt=0.50
000: dt: 0.0000, sse=460139.7, rms=3.291
010: dt: 0.5000, sse=294553.1, rms=1.982 (39.768%)
011: dt: 0.5000, sse=259558.1, rms=1.579 (20.335%)
012: dt: 0.5000, sse=250513.0, rms=1.445 (8.472%)
rms = 1.4773/1.4452, sse=251858.1/250512.9, time step reduction 1 of 3 to 0.250  0 1 1
   RMS increased, rejecting step
013: dt: 0.2500, sse=231379.1, rms=1.130 (21.815%)
014: dt: 0.2500, sse=222922.0, rms=0.967 (14.411%)
rms = 0.9390/0.9671, sse=221831.4/222922.0, time step reduction 2 of 3 to 0.125  0 0 1
015: dt: 0.2500, sse=221831.4, rms=0.939 (2.908%)
rms = 0.9279/0.9390, sse=221695.9/221831.4, time step reduction 3 of 3 to 0.062  0 0 1
016: dt: 0.1250, sse=221695.9, rms=0.928 (1.183%)
  maximum number of reductions reached, breaking from loop
positioning took 0.6 minutes
Iteration 2 =========================================
n_averages=1, current_sigma=0.5
Computing target border values 
Entering MRIScomputeBorderValues_new(): 
  inside_hi   = 120.0000000;
  border_hi   = 111.2916410;
  border_low  =  81.0000000;
  outside_low =  71.5576860;
  outside_hi  = 111.2916410;
  sigma = 0.5;
  max_thickness = 10;
  step_size=0.5;
  STEP_SIZE=0.1;
  which = 1
  thresh = 0
  flags = 0
  CBVfindFirstPeakD1=0
  CBVfindFirstPeakD2=0
  nvertices=128873
  Gdiag_no=-1
  vno start=0, stop=128873
Replacing 255s with 0s
#SI# sigma=0.5 had to be increased for 121 vertices, nripped=8287
mean border=92.6, 108 (18) missing vertices, mean dist -0.2 [0.3 (%72.3)->0.2 (%27.7))]
%81 local maxima, %12 large gradients and % 0 min vals, 0 gradients ignored
nFirstPeakD1 0
MRIScomputeBorderValues_new() finished in 0.0055 min


Finding expansion regions
mean absolute distance = 0.30 +- 0.48
2882 vertices more than 2 sigmas from mean.
Averaging target values for 5 iterations...
Positioning Surface: tspring = 0.3, nspring = 0.3, spring = 0, niters = 100 l_repulse = 5, l_surf_repulse = 0, checktol = 0
Positioning pial surface
Entering MRISpositionSurface()
  max_mm = 0.3
  MAX_REDUCTIONS = 2, REDUCTION_PCT = 0.5
  parms->check_tol = 0, niterations = 100
tol=1.0e-04, sigma=0.5, host=dna06, nav=1, nbrs=2, l_repulse=5.000, l_tspring=0.300, l_nspring=0.300, l_intensity=0.200, l_curv=1.000
mom=0.00, dt=0.50
000: dt: 0.0000, sse=361460.2, rms=2.619
017: dt: 0.5000, sse=258777.9, rms=1.555 (40.616%)
018: dt: 0.5000, sse=243466.6, rms=1.366 (12.178%)
rms = 1.3742/1.3660, sse=243550.0/243466.6, time step reduction 1 of 3 to 0.250  0 1 1
   RMS increased, rejecting step
019: dt: 0.2500, sse=225055.0, rms=1.053 (22.881%)
020: dt: 0.2500, sse=216951.5, rms=0.886 (15.863%)
rms = 0.8614/0.8863, sse=215851.4/216951.6, time step reduction 2 of 3 to 0.125  0 0 1
021: dt: 0.2500, sse=215851.4, rms=0.861 (2.808%)
rms = 0.8513/0.8614, sse=215092.3/215851.4, time step reduction 3 of 3 to 0.062  0 0 1
022: dt: 0.1250, sse=215092.3, rms=0.851 (1.176%)
  maximum number of reductions reached, breaking from loop
positioning took 0.5 minutes
Iteration 3 =========================================
n_averages=0, current_sigma=0.25
Computing target border values 
Entering MRIScomputeBorderValues_new(): 
  inside_hi   = 120.0000000;
  border_hi   = 111.2916410;
  border_low  =  81.0000000;
  outside_low =  71.5576860;
  outside_hi  = 111.2916410;
  sigma = 0.25;
  max_thickness = 10;
  step_size=0.5;
  STEP_SIZE=0.1;
  which = 1
  thresh = 0
  flags = 0
  CBVfindFirstPeakD1=0
  CBVfindFirstPeakD2=0
  nvertices=128873
  Gdiag_no=-1
  vno start=0, stop=128873
Replacing 255s with 0s
#SI# sigma=0.25 had to be increased for 145 vertices, nripped=8287
mean border=93.3, 147 (14) missing vertices, mean dist -0.1 [0.3 (%58.3)->0.2 (%41.7))]
%85 local maxima, % 8 large gradients and % 0 min vals, 0 gradients ignored
nFirstPeakD1 0
MRIScomputeBorderValues_new() finished in 0.0036 min


Finding expansion regions
mean absolute distance = 0.23 +- 0.38
2969 vertices more than 2 sigmas from mean.
Averaging target values for 5 iterations...
Positioning Surface: tspring = 0.3, nspring = 0.3, spring = 0, niters = 100 l_repulse = 5, l_surf_repulse = 0, checktol = 0
Positioning pial surface
Entering MRISpositionSurface()
  max_mm = 0.3
  MAX_REDUCTIONS = 2, REDUCTION_PCT = 0.5
  parms->check_tol = 0, niterations = 100
tol=1.0e-04, sigma=0.2, host=dna06, nav=0, nbrs=2, l_repulse=5.000, l_tspring=0.300, l_nspring=0.300, l_intensity=0.200, l_curv=1.000
mom=0.00, dt=0.50
000: dt: 0.0000, sse=231016.2, rms=1.235
023: dt: 0.5000, sse=214665.0, rms=0.851 (31.138%)
rms = 1.0384/0.8506, sse=219718.2/214665.0, time step reduction 1 of 3 to 0.250  0 1 1
   RMS increased, rejecting step
024: dt: 0.2500, sse=207232.5, rms=0.713 (16.178%)
rms = 0.6859/0.7130, sse=206295.3/207232.5, time step reduction 2 of 3 to 0.125  0 0 1
025: dt: 0.2500, sse=206295.3, rms=0.686 (3.797%)
rms = 0.6752/0.6859, sse=205455.0/206295.3, time step reduction 3 of 3 to 0.062  0 0 1
026: dt: 0.1250, sse=205455.0, rms=0.675 (1.564%)
  maximum number of reductions reached, breaking from loop
positioning took 0.4 minutes


Writing output to ../surf/rh.white
#ET# mris_place_surface  2.23 minutes
#VMPC# mris_place_surfaces VmPeak  2954576
mris_place_surface done
#--------------------------------------------
#@# T1PialSurf rh Tue Mar 10 09:23:26 CET 2026
cd /out/sourcedata/freesurfer/sub-v1s8x0051346_ses-1/mri
mris_place_surface --adgws-in ../surf/autodet.gw.stats.rh.dat --seg aseg.presurf.mgz --threads 16 --wm wm.mgz --invol brain.finalsurfs.mgz --rh --i ../surf/rh.white --o ../surf/rh.pial.T1 --pial --nsmooth 0 --rip-label ../label/rh.cortex+hipamyg.label --pin-medial-wall ../label/rh.cortex.label --aparc ../label/rh.aparc.annot --repulse-surf ../surf/rh.white --white-surf ../surf/rh.white
7.3.2
7.3.2

cd /out/sourcedata/freesurfer/sub-v1s8x0051346_ses-1/mri
setenv SUBJECTS_DIR /out/sourcedata/freesurfer
mris_place_surface --adgws-in ../surf/autodet.gw.stats.rh.dat --seg aseg.presurf.mgz --threads 16 --wm wm.mgz --invol brain.finalsurfs.mgz --rh --i ../surf/rh.white --o ../surf/rh.pial.T1 --pial --nsmooth 0 --rip-label ../label/rh.cortex+hipamyg.label --pin-medial-wall ../label/rh.cortex.label --aparc ../label/rh.aparc.annot --repulse-surf ../surf/rh.white --white-surf ../surf/rh.white 

Reading in input surface ../surf/rh.white
Not smoothing input surface
Area    257742  0.34155  0.13440 0.000093   1.9302
Corner  773226 60.00000 15.56540 0.046796 179.7265
Edge    386613  0.90069  0.21889 0.018971   2.9782
Hinge   386613 10.29967 11.67649 0.000018 179.9392
Reading white surface coordinates from ../surf/rh.white
Reading repulsion surface coordinates from ../surf/rh.white
Reading in aparc ../label/rh.aparc.annot
Reading in input volume brain.finalsurfs.mgz
Reading in wm volume wm.mgz
MRIclipBrightWM(): nthresh=22657, wmmin=5, clip=110 
MRIfindBrightNonWM(): 91 bright non-wm voxels segmented.
Masking bright non-wm for pial surface mid_gray = 75.6907
MRImask(): AllowDiffGeom = 1
MRImask(): AllowDiffGeom = 1
MRImask(): AllowDiffGeom = 1
Reading in seg volume aseg.presurf.mgz
Ripping frozen voxels
Ripping vertices not in label ../label/rh.cortex+hipamyg.label
MRISripNotLabel() ripped 5858/128873 vertices (123015 unripped)
INFO: rip surface needed but not specified, so using input surface
Ripping segs (eg, WMSA, BG, frozen)
Starting MRISripSegs() d = (-2 2 0.5) segnos: 247 
MRISripSegs(): -2 2 0.5 ripped 0
vertex 64437: xyz = (15.1202,-6.79751,63.5039) oxyz = (15.1202,-6.79751,63.5039) wxzy = (15.1202,-6.79751,63.5039) pxyz = (15.1202,-6.79751,63.5039) 
CBVO Creating mask 128873
n_averages 16
Iteration 0 =========================================
n_averages=16, current_sigma=2
Computing target border values 
Entering MRIScomputeBorderValues_new(): 
  inside_hi   =  98.7083590;
  border_hi   =  71.5576860;
  border_low  =  52.6730540;
  outside_low =  10.0000000;
  outside_hi  =  66.8365330;
  sigma = 2;
  max_thickness = 10;
  step_size=0.5;
  STEP_SIZE=0.1;
  which = 2
  thresh = 0
  flags = 0
  CBVfindFirstPeakD1=0
  CBVfindFirstPeakD2=0
  nvertices=128873
  Gdiag_no=-1
  vno start=0, stop=128873
Replacing 255s with 0s
#SI# sigma=2 had to be increased for 195 vertices, nripped=5858
mean border=69.3, 106 (106) missing vertices, mean dist 1.8 [2.2 (%0.0)->2.9 (%100.0))]
%17 local maxima, %42 large gradients and %36 min vals, 0 gradients ignored
nFirstPeakD1 0
MRIScomputeBorderValues_new() finished in 0.0119 min


Averaging target values for 5 iterations...
Positioning Surface: tspring = 0.3, nspring = 0.3, spring = 0, niters = 100 l_repulse = 0, l_surf_repulse = 5, checktol = 0
Positioning pial surface
Entering MRISpositionSurface()
  max_mm = 0.3
  MAX_REDUCTIONS = 2, REDUCTION_PCT = 0.5
  parms->check_tol = 0, niterations = 100
tol=1.0e-04, sigma=2.0, host=dna06, nav=16, nbrs=2, l_surf_repulse=5.000, l_tspring=0.300, l_nspring=0.300, l_intensity=0.200, l_curv=1.000
mom=0.00, dt=0.50
complete_dist_mat 0
rms 0
smooth_averages 0
remove_neg 0
ico_order 0
which_surface 0
target_radius 0.000000
nfields 0
scale 0.000000
desired_rms_height 0.000000
momentum 0.000000
nbhd_size 0
max_nbrs 0
niterations 100
nsurfaces 0
SURFACES 3
flags 0 (0)
use curv 0
no sulc 0
no rigid align 0
mris->nsize 2
mris->hemisphere 1
randomSeed 0

000: dt: 0.0000, sse=15139142.0, rms=24.662
001: dt: 0.5000, sse=11056875.0, rms=21.027 (14.739%)
002: dt: 0.5000, sse=8108758.0, rms=17.949 (14.640%)
003: dt: 0.5000, sse=6120859.5, rms=15.531 (13.472%)
004: dt: 0.5000, sse=4794365.5, rms=13.680 (11.918%)
005: dt: 0.5000, sse=3834664.2, rms=12.165 (11.075%)
006: dt: 0.5000, sse=3052559.8, rms=10.772 (11.446%)
007: dt: 0.5000, sse=2407086.0, rms=9.469 (12.100%)
008: dt: 0.5000, sse=1882868.6, rms=8.259 (12.780%)
009: dt: 0.5000, sse=1474684.1, rms=7.175 (13.119%)
010: dt: 0.5000, sse=1164449.6, rms=6.225 (13.246%)
011: dt: 0.5000, sse=947288.7, rms=5.460 (12.292%)
012: dt: 0.5000, sse=797937.2, rms=4.862 (10.946%)
013: dt: 0.5000, sse=705089.4, rms=4.448 (8.524%)
014: dt: 0.5000, sse=642748.3, rms=4.144 (6.818%)
015: dt: 0.5000, sse=606201.4, rms=3.953 (4.612%)
016: dt: 0.5000, sse=579659.9, rms=3.808 (3.682%)
017: dt: 0.5000, sse=561759.6, rms=3.705 (2.694%)
018: dt: 0.5000, sse=543868.2, rms=3.600 (2.837%)
019: dt: 0.5000, sse=532755.8, rms=3.532 (1.898%)
020: dt: 0.5000, sse=520948.7, rms=3.458 (2.073%)
rms = 3.4286/3.4584, sse=516587.9/520948.7, time step reduction 1 of 3 to 0.250  0 0 1
021: dt: 0.5000, sse=516587.9, rms=3.429 (0.861%)
022: dt: 0.2500, sse=415854.4, rms=2.740 (20.099%)
023: dt: 0.2500, sse=394760.1, rms=2.574 (6.041%)
rms = 2.5314/2.5740, sse=389732.7/394760.1, time step reduction 2 of 3 to 0.125  0 0 1
024: dt: 0.2500, sse=389732.7, rms=2.531 (1.654%)
025: dt: 0.1250, sse=380430.8, rms=2.452 (3.138%)
rms = 2.4364/2.4520, sse=378682.2/380430.8, time step reduction 3 of 3 to 0.062  0 0 1
026: dt: 0.1250, sse=378682.2, rms=2.436 (0.637%)
  maximum number of reductions reached, breaking from loop
positioning took 1.8 minutes
Iteration 1 =========================================
n_averages=8, current_sigma=1
Computing target border values 
Entering MRIScomputeBorderValues_new(): 
  inside_hi   =  98.7083590;
  border_hi   =  71.5576860;
  border_low  =  52.6730540;
  outside_low =  10.0000000;
  outside_hi  =  66.8365330;
  sigma = 1;
  max_thickness = 10;
  step_size=0.5;
  STEP_SIZE=0.1;
  which = 2
  thresh = 0
  flags = 0
  CBVfindFirstPeakD1=0
  CBVfindFirstPeakD2=0
  nvertices=128873
  Gdiag_no=-1
  vno start=0, stop=128873
Replacing 255s with 0s
#SI# sigma=1 had to be increased for 9104 vertices, nripped=5858
mean border=67.8, 1436 (13) missing vertices, mean dist 0.2 [0.2 (%39.8)->0.5 (%60.2))]
%33 local maxima, %30 large gradients and %31 min vals, 0 gradients ignored
nFirstPeakD1 0
MRIScomputeBorderValues_new() finished in 0.0046 min


Averaging target values for 5 iterations...
Positioning Surface: tspring = 0.3, nspring = 0.3, spring = 0, niters = 100 l_repulse = 0, l_surf_repulse = 5, checktol = 0
Positioning pial surface
Entering MRISpositionSurface()
  max_mm = 0.3
  MAX_REDUCTIONS = 2, REDUCTION_PCT = 0.5
  parms->check_tol = 0, niterations = 100
tol=1.0e-04, sigma=1.0, host=dna06, nav=8, nbrs=2, l_surf_repulse=5.000, l_tspring=0.300, l_nspring=0.300, l_intensity=0.200, l_curv=1.000
mom=0.00, dt=0.50
000: dt: 0.0000, sse=588236.2, rms=3.520
027: dt: 0.5000, sse=541221.8, rms=3.233 (8.153%)
rms = 3.2486/3.2326, sse=541459.0/541221.8, time step reduction 1 of 3 to 0.250  0 1 1
   RMS increased, rejecting step
028: dt: 0.2500, sse=476522.5, rms=2.792 (13.627%)
029: dt: 0.2500, sse=451069.1, rms=2.600 (6.883%)
030: dt: 0.2500, sse=441994.2, rms=2.526 (2.826%)
rms = 2.4878/2.5264, sse=437295.9/441994.2, time step reduction 2 of 3 to 0.125  0 0 1
031: dt: 0.2500, sse=437295.9, rms=2.488 (1.530%)
032: dt: 0.1250, sse=428928.9, rms=2.415 (2.921%)
rms = 2.3969/2.4151, sse=426848.6/428928.9, time step reduction 3 of 3 to 0.062  0 0 1
033: dt: 0.1250, sse=426848.6, rms=2.397 (0.754%)
  maximum number of reductions reached, breaking from loop
positioning took 0.5 minutes
Iteration 2 =========================================
n_averages=4, current_sigma=0.5
Computing target border values 
Entering MRIScomputeBorderValues_new(): 
  inside_hi   =  98.7083590;
  border_hi   =  71.5576860;
  border_low  =  52.6730540;
  outside_low =  10.0000000;
  outside_hi  =  66.8365330;
  sigma = 0.5;
  max_thickness = 10;
  step_size=0.5;
  STEP_SIZE=0.1;
  which = 2
  thresh = 0
  flags = 0
  CBVfindFirstPeakD1=0
  CBVfindFirstPeakD2=0
  nvertices=128873
  Gdiag_no=-1
  vno start=0, stop=128873
Replacing 255s with 0s
#SI# sigma=0.5 had to be increased for 10861 vertices, nripped=5858
mean border=67.0, 1626 (6) missing vertices, mean dist 0.1 [0.2 (%39.0)->0.4 (%61.0))]
%46 local maxima, %18 large gradients and %31 min vals, 0 gradients ignored
nFirstPeakD1 0
MRIScomputeBorderValues_new() finished in 0.0029 min


Averaging target values for 5 iterations...
Positioning Surface: tspring = 0.3, nspring = 0.3, spring = 0, niters = 100 l_repulse = 0, l_surf_repulse = 5, checktol = 0
Positioning pial surface
Entering MRISpositionSurface()
  max_mm = 0.3
  MAX_REDUCTIONS = 2, REDUCTION_PCT = 0.5
  parms->check_tol = 0, niterations = 100
tol=1.0e-04, sigma=0.5, host=dna06, nav=4, nbrs=2, l_surf_repulse=5.000, l_tspring=0.300, l_nspring=0.300, l_intensity=0.200, l_curv=1.000
mom=0.00, dt=0.50
000: dt: 0.0000, sse=477383.2, rms=2.760
rms = 2.9311/2.7596, sse=501308.1/477383.2, time step reduction 1 of 3 to 0.250  0 1 1
   RMS increased, rejecting step
034: dt: 0.2500, sse=445146.4, rms=2.508 (9.125%)
035: dt: 0.2500, sse=431995.0, rms=2.398 (4.386%)
rms = 2.3669/2.3978, sse=428145.4/431995.0, time step reduction 2 of 3 to 0.125  0 0 1
036: dt: 0.2500, sse=428145.4, rms=2.367 (1.288%)
rms = 2.3172/2.3669, sse=422660.6/428145.4, time step reduction 3 of 3 to 0.062  0 0 1
037: dt: 0.1250, sse=422660.6, rms=2.317 (2.102%)
  maximum number of reductions reached, breaking from loop
positioning took 0.3 minutes
Iteration 3 =========================================
n_averages=2, current_sigma=0.25
Computing target border values 
Entering MRIScomputeBorderValues_new(): 
  inside_hi   =  98.7083590;
  border_hi   =  71.5576860;
  border_low  =  52.6730540;
  outside_low =  10.0000000;
  outside_hi  =  66.8365330;
  sigma = 0.25;
  max_thickness = 10;
  step_size=0.5;
  STEP_SIZE=0.1;
  which = 2
  thresh = 0
  flags = 0
  CBVfindFirstPeakD1=0
  CBVfindFirstPeakD2=0
  nvertices=128873
  Gdiag_no=-1
  vno start=0, stop=128873
Replacing 255s with 0s
#SI# sigma=0.25 had to be increased for 9117 vertices, nripped=5858
mean border=66.5, 4020 (6) missing vertices, mean dist 0.1 [0.2 (%43.2)->0.3 (%56.8))]
%49 local maxima, %13 large gradients and %30 min vals, 0 gradients ignored
nFirstPeakD1 0
MRIScomputeBorderValues_new() finished in 0.0020 min


Averaging target values for 5 iterations...
Positioning Surface: tspring = 0.3, nspring = 0.3, spring = 0, niters = 100 l_repulse = 0, l_surf_repulse = 5, checktol = 0
Positioning pial surface
Entering MRISpositionSurface()
  max_mm = 0.3
  MAX_REDUCTIONS = 2, REDUCTION_PCT = 0.5
  parms->check_tol = 0, niterations = 100
tol=1.0e-04, sigma=0.2, host=dna06, nav=2, nbrs=2, l_surf_repulse=5.000, l_tspring=0.300, l_nspring=0.300, l_intensity=0.200, l_curv=1.000
mom=0.00, dt=0.50
000: dt: 0.0000, sse=435985.0, rms=2.428
rms = 2.6083/2.4275, sse=456894.0/435985.0, time step reduction 1 of 3 to 0.250  0 1 1
   RMS increased, rejecting step
038: dt: 0.2500, sse=423920.2, rms=2.324 (4.280%)
rms = 2.2757/2.3236, sse=417963.4/423920.2, time step reduction 2 of 3 to 0.125  0 0 1
039: dt: 0.2500, sse=417963.4, rms=2.276 (2.061%)
rms = 2.2324/2.2757, sse=413252.2/417963.4, time step reduction 3 of 3 to 0.062  0 0 1
040: dt: 0.1250, sse=413252.2, rms=2.232 (1.905%)
  maximum number of reductions reached, breaking from loop
positioning took 0.2 minutes
Pinning medial wall to white surface
removing intersecting faces
000: 21 intersecting
001: 2 intersecting
terminating search with 0 intersecting


Writing output to ../surf/rh.pial.T1
#ET# mris_place_surface  3.03 minutes
#VMPC# mris_place_surfaces VmPeak  2363640
mris_place_surface done
#@# white curv rh Tue Mar 10 09:26:33 CET 2026
cd /out/sourcedata/freesurfer/sub-v1s8x0051346_ses-1/mri
mris_place_surface --curv-map ../surf/rh.white 2 10 ../surf/rh.curv
insurf  ../surf/rh.white, nbrs 2, curvature_avgs 10
writing curvature file ../surf/rh.curv
#@# white area rh Tue Mar 10 09:26:35 CET 2026
cd /out/sourcedata/freesurfer/sub-v1s8x0051346_ses-1/mri
mris_place_surface --area-map ../surf/rh.white ../surf/rh.area
writing curvature file ../surf/rh.area
#@# pial curv rh Tue Mar 10 09:26:35 CET 2026
cd /out/sourcedata/freesurfer/sub-v1s8x0051346_ses-1/mri
mris_place_surface --curv-map ../surf/rh.pial 2 10 ../surf/rh.curv.pial
insurf  ../surf/rh.pial, nbrs 2, curvature_avgs 10
writing curvature file ../surf/rh.curv.pial
#@# pial area rh Tue Mar 10 09:26:37 CET 2026
cd /out/sourcedata/freesurfer/sub-v1s8x0051346_ses-1/mri
mris_place_surface --area-map ../surf/rh.pial ../surf/rh.area.pial
writing curvature file ../surf/rh.area.pial
#@# thickness rh Tue Mar 10 09:26:38 CET 2026
cd /out/sourcedata/freesurfer/sub-v1s8x0051346_ses-1/mri
mris_place_surface --thickness ../surf/rh.white ../surf/rh.pial 20 5 ../surf/rh.thickness
0 of 128873 vertices processed
25000 of 128873 vertices processed
50000 of 128873 vertices processed
75000 of 128873 vertices processed
100000 of 128873 vertices processed
125000 of 128873 vertices processed
0 of 128873 vertices processed
25000 of 128873 vertices processed
50000 of 128873 vertices processed
75000 of 128873 vertices processed
100000 of 128873 vertices processed
125000 of 128873 vertices processed
thickness calculation complete, 422:2017 truncations.
53814 vertices at 0 distance
101786 vertices at 1 distance
62082 vertices at 2 distance
24639 vertices at 3 distance
9101 vertices at 4 distance
3430 vertices at 5 distance
1452 vertices at 6 distance
580 vertices at 7 distance
273 vertices at 8 distance
183 vertices at 9 distance
99 vertices at 10 distance
46 vertices at 11 distance
31 vertices at 12 distance
39 vertices at 13 distance
34 vertices at 14 distance
31 vertices at 15 distance
29 vertices at 16 distance
24 vertices at 17 distance
28 vertices at 18 distance
20 vertices at 19 distance
25 vertices at 20 distance
writing curvature file ../surf/rh.thickness
#@# area and vertex vol rh Tue Mar 10 09:27:04 CET 2026
cd /out/sourcedata/freesurfer/sub-v1s8x0051346_ses-1/mri
mris_place_surface --thickness ../surf/rh.white ../surf/rh.pial 20 5 ../surf/rh.thickness
/out/sourcedata/freesurfer/sub-v1s8x0051346_ses-1/surf
mris_calc -o rh.area.mid rh.area add rh.area.pial
Saving result to 'rh.area.mid' (type = MRI_CURV_FILE)                       [ ok ]
mris_calc -o rh.area.mid rh.area.mid div 2
Saving result to 'rh.area.mid' (type = MRI_CURV_FILE)                       [ ok ]
mris_convert --volume sub-v1s8x0051346_ses-1 rh /out/sourcedata/freesurfer/sub-v1s8x0051346_ses-1/surf/rh.volume
masking with /out/sourcedata/freesurfer/sub-v1s8x0051346_ses-1/label/rh.cortex.label
Total face volume 250815
Total vertex volume 250564 (mask=0)
#@# sub-v1s8x0051346_ses-1 rh 250564
 
vertexvol Done

#-----------------------------------------
#@# Curvature Stats rh Tue Mar 10 09:27:06 CET 2026
/out/sourcedata/freesurfer/sub-v1s8x0051346_ses-1/surf

 mris_curvature_stats -m --writeCurvatureFiles -G -o ../stats/rh.curv.stats -F smoothwm sub-v1s8x0051346_ses-1 rh curv sulc 

             Toggling save flag on curvature files                       [ ok ]
                 Outputting results using filestem   [ ../stats/rh.curv.stats ]
             Toggling save flag on curvature files                       [ ok ]
                                   Setting surface [ sub-v1s8x0051346_ses-1/rh.smoothwm ]
                                Reading surface...                       [ ok ]
                                   Setting texture                     [ curv ]
                                Reading texture...                       [ ok ]
                                   Setting texture                     [ sulc ]
                                Reading texture...Gb_filter = 0
                       [ ok ]
      Calculating Discrete Principal Curvatures...
      Determining geometric order for vno faces... [####################] [ ok ]
                      Determining KH curvatures... [####################] [ ok ]
                    Determining k1k2 curvatures... [####################] [ ok ]
                                   deltaViolations                      [ 208 ]
Gb_filter = 0

WARN:    S lookup   min:                          -0.025829
WARN:    S explicit min:                          0.000000	vertex = 385
#-----------------------------------------
#@# Cortical Parc 2 rh Tue Mar 10 09:27:08 CET 2026
/out/sourcedata/freesurfer/sub-v1s8x0051346_ses-1/scripts

 mris_ca_label -l ../label/rh.cortex.label -aseg ../mri/aseg.presurf.mgz -seed 1234 sub-v1s8x0051346_ses-1 rh ../surf/rh.sphere.reg /opt/freesurfer/average/rh.CDaparc.atlas.acfb40.noaparc.i12.2016-08-02.gcs ../label/rh.aparc.a2009s.annot 

setting seed for random number generator to 1234
using ../mri/aseg.presurf.mgz aseg volume to correct midline
7.3.2
  7.3.2
reading atlas from /opt/freesurfer/average/rh.CDaparc.atlas.acfb40.noaparc.i12.2016-08-02.gcs...
reading color table from GCSA file....
average std = 1.4   using min determinant for regularization = 0.021
0 singular and 0 ill-conditioned covariance matrices regularized
input 0: MEAN CURVATURE, flags 0, avgs 5, name mean_curvature
labeling surface...
0 labels changed using aseg
relabeling using gibbs priors...
000:   8640 changed, 128873 examined...
001:   1963 changed, 33677 examined...
002:    532 changed, 10552 examined...
003:    224 changed, 3058 examined...
004:    107 changed, 1325 examined...
005:     49 changed, 636 examined...
006:     29 changed, 316 examined...
007:     18 changed, 166 examined...
008:     11 changed, 90 examined...
009:      2 changed, 58 examined...
010:      2 changed, 13 examined...
011:      0 changed, 9 examined...
3 labels changed using aseg
000: 220 total segments, 133 labels (1606 vertices) changed
001: 96 total segments, 9 labels (41 vertices) changed
002: 87 total segments, 0 labels (0 vertices) changed
10 filter iterations complete (10 requested, 29 changed)
rationalizing unknown annotations with cortex label
relabeling Medial_wall label...
1264 vertices marked for relabeling...
1264 labels changed in reclassification.
writing output to ../label/rh.aparc.a2009s.annot...
classification took 0 minutes and 12 seconds.
#-----------------------------------------
#@# Cortical Parc 3 rh Tue Mar 10 09:27:20 CET 2026
/out/sourcedata/freesurfer/sub-v1s8x0051346_ses-1/scripts

 mris_ca_label -l ../label/rh.cortex.label -aseg ../mri/aseg.presurf.mgz -seed 1234 sub-v1s8x0051346_ses-1 rh ../surf/rh.sphere.reg /opt/freesurfer/average/rh.DKTaparc.atlas.acfb40.noaparc.i12.2016-08-02.gcs ../label/rh.aparc.DKTatlas.annot 

setting seed for random number generator to 1234
using ../mri/aseg.presurf.mgz aseg volume to correct midline
7.3.2
  7.3.2
reading atlas from /opt/freesurfer/average/rh.DKTaparc.atlas.acfb40.noaparc.i12.2016-08-02.gcs...
reading color table from GCSA file....
average std = 0.9   using min determinant for regularization = 0.009
0 singular and 325 ill-conditioned covariance matrices regularized
input 0: MEAN CURVATURE, flags 0, avgs 5, name mean_curvature
labeling surface...
1745 labels changed using aseg
relabeling using gibbs priors...
000:   1864 changed, 128873 examined...
001:    428 changed, 8769 examined...
002:    109 changed, 2477 examined...
003:     42 changed, 678 examined...
004:     17 changed, 242 examined...
005:     14 changed, 104 examined...
006:     13 changed, 81 examined...
007:      7 changed, 65 examined...
008:     11 changed, 45 examined...
009:      8 changed, 57 examined...
010:      5 changed, 48 examined...
011:      6 changed, 35 examined...
012:      5 changed, 27 examined...
013:      2 changed, 21 examined...
014:      4 changed, 12 examined...
015:      9 changed, 20 examined...
016:      2 changed, 29 examined...
017:      2 changed, 15 examined...
018:      4 changed, 13 examined...
019:      6 changed, 17 examined...
020:      7 changed, 25 examined...
021:      5 changed, 34 examined...
022:      3 changed, 26 examined...
023:      3 changed, 20 examined...
024:      5 changed, 15 examined...
025:      2 changed, 21 examined...
026:      6 changed, 9 examined...
027:      5 changed, 19 examined...
028:      5 changed, 26 examined...
029:      1 changed, 29 examined...
030:      0 changed, 7 examined...
299 labels changed using aseg
000: 47 total segments, 14 labels (48 vertices) changed
001: 33 total segments, 0 labels (0 vertices) changed
10 filter iterations complete (10 requested, 2 changed)
rationalizing unknown annotations with cortex label
relabeling unknown label...
relabeling corpuscallosum label...
1089 vertices marked for relabeling...
1089 labels changed in reclassification.
writing output to ../label/rh.aparc.DKTatlas.annot...
classification took 0 minutes and 9 seconds.
#-----------------------------------------
#@# WM/GM Contrast rh Tue Mar 10 09:27:29 CET 2026
/out/sourcedata/freesurfer/sub-v1s8x0051346_ses-1/scripts

 pctsurfcon --s sub-v1s8x0051346_ses-1 --rh-only 

Log file is /out/sourcedata/freesurfer/sub-v1s8x0051346_ses-1/scripts/pctsurfcon.log
Tue Mar 10 09:27:29 CET 2026
setenv SUBJECTS_DIR /out/sourcedata/freesurfer
cd /out/sourcedata/freesurfer/sub-v1s8x0051346_ses-1/scripts
/opt/freesurfer/bin/pctsurfcon
pctsurfcon 7.3.2
Linux dna063 5.14.0-427.37.1.el9_4.x86_64 #1 SMP PREEMPT_DYNAMIC Fri Sep 13 12:41:50 EDT 2024 x86_64 x86_64 x86_64 GNU/Linux
FREESURFER_HOME /opt/freesurfer
mri_vol2surf --mov /out/sourcedata/freesurfer/sub-v1s8x0051346_ses-1/mri/rawavg.mgz --hemi rh --noreshape --interp trilinear --projdist -1 --o /out/sourcedata/freesurfer/sub-v1s8x0051346_ses-1/surf/tmp.pctsurfcon.731844/rh.wm.mgh --regheader sub-v1s8x0051346_ses-1 --cortex
srcvol = /out/sourcedata/freesurfer/sub-v1s8x0051346_ses-1/mri/rawavg.mgz
srcreg unspecified
srcregold = 0
srcwarp unspecified
surf = white
hemi = rh
ProjDist = -1
reshape = 0
interp = trilinear
float2int = round
GetProjMax = 0
INFO: float2int code = 0
Done loading volume
Computing registration from header.
  Using /out/sourcedata/freesurfer/sub-v1s8x0051346_ses-1/mri/orig.mgz as target reference.
-------- original matrix -----------
-1.00000   0.00000   0.00000   0.00000;
 0.00000   0.00000   1.00000   0.00000;
 0.00000  -1.00000   0.00000   0.00000;
 0.00000   0.00000   0.00000   1.00000;
-------- original matrix -----------
Loading label /out/sourcedata/freesurfer/sub-v1s8x0051346_ses-1/label/rh.cortex.label
Reading surface /out/sourcedata/freesurfer/sub-v1s8x0051346_ses-1/surf/rh.white
Done reading source surface
Mapping Source Volume onto Source Subject Surface
Projecting -1 -1 1
 1 -1 -1 -1
using old
Done mapping volume to surface
Number of source voxels hit = 74818
Masking with /out/sourcedata/freesurfer/sub-v1s8x0051346_ses-1/label/rh.cortex.label
Writing to /out/sourcedata/freesurfer/sub-v1s8x0051346_ses-1/surf/tmp.pctsurfcon.731844/rh.wm.mgh
Dim: 128873 1 1
mri_vol2surf --mov /out/sourcedata/freesurfer/sub-v1s8x0051346_ses-1/mri/rawavg.mgz --hemi rh --noreshape --interp trilinear --o /out/sourcedata/freesurfer/sub-v1s8x0051346_ses-1/surf/tmp.pctsurfcon.731844/rh.gm.mgh --projfrac 0.3 --regheader sub-v1s8x0051346_ses-1 --cortex
srcvol = /out/sourcedata/freesurfer/sub-v1s8x0051346_ses-1/mri/rawavg.mgz
srcreg unspecified
srcregold = 0
srcwarp unspecified
surf = white
hemi = rh
ProjFrac = 0.3
thickness = thickness
reshape = 0
interp = trilinear
float2int = round
GetProjMax = 0
INFO: float2int code = 0
Done loading volume
Computing registration from header.
  Using /out/sourcedata/freesurfer/sub-v1s8x0051346_ses-1/mri/orig.mgz as target reference.
-------- original matrix -----------
-1.00000   0.00000   0.00000   0.00000;
 0.00000   0.00000   1.00000   0.00000;
 0.00000  -1.00000   0.00000   0.00000;
 0.00000   0.00000   0.00000   1.00000;
-------- original matrix -----------
Loading label /out/sourcedata/freesurfer/sub-v1s8x0051346_ses-1/label/rh.cortex.label
Reading surface /out/sourcedata/freesurfer/sub-v1s8x0051346_ses-1/surf/rh.white
Done reading source surface
Reading thickness /out/sourcedata/freesurfer/sub-v1s8x0051346_ses-1/surf/rh.thickness
Done
Mapping Source Volume onto Source Subject Surface
Projecting 0.3 0.3 1
 1 0.3 0.3 0.3
using old
Done mapping volume to surface
Number of source voxels hit = 88787
Masking with /out/sourcedata/freesurfer/sub-v1s8x0051346_ses-1/label/rh.cortex.label
Writing to /out/sourcedata/freesurfer/sub-v1s8x0051346_ses-1/surf/tmp.pctsurfcon.731844/rh.gm.mgh
Dim: 128873 1 1
mri_concat /out/sourcedata/freesurfer/sub-v1s8x0051346_ses-1/surf/tmp.pctsurfcon.731844/rh.wm.mgh /out/sourcedata/freesurfer/sub-v1s8x0051346_ses-1/surf/tmp.pctsurfcon.731844/rh.gm.mgh --paired-diff-norm --mul 100 --o /out/sourcedata/freesurfer/sub-v1s8x0051346_ses-1/surf/rh.w-g.pct.mgh
ninputs = 2
Checking inputs
nframestot = 2
Allocing output
Done allocing
Combining pairs
nframes = 1
Multiplying by 100.000000
Writing to /out/sourcedata/freesurfer/sub-v1s8x0051346_ses-1/surf/rh.w-g.pct.mgh
mri_segstats --in /out/sourcedata/freesurfer/sub-v1s8x0051346_ses-1/surf/rh.w-g.pct.mgh --annot sub-v1s8x0051346_ses-1 rh aparc --sum /out/sourcedata/freesurfer/sub-v1s8x0051346_ses-1/stats/rh.w-g.pct.stats --snr

7.3.2
cwd 
cmdline mri_segstats --in /out/sourcedata/freesurfer/sub-v1s8x0051346_ses-1/surf/rh.w-g.pct.mgh --annot sub-v1s8x0051346_ses-1 rh aparc --sum /out/sourcedata/freesurfer/sub-v1s8x0051346_ses-1/stats/rh.w-g.pct.stats --snr 
sysname  Linux
hostname dna063
machine  x86_64
user     oesteban
whitesurfname  white
UseRobust  0
Constructing seg from annotation

Reading annotation /out/sourcedata/freesurfer/sub-v1s8x0051346_ses-1/label/rh.aparc.annot
Seg base 2000
Loading /out/sourcedata/freesurfer/sub-v1s8x0051346_ses-1/surf/rh.w-g.pct.mgh
Vertex Area is 0.683089 mm^3
Generating list of segmentation ids
Found  36 segmentations
Computing statistics for each segmentation

Reporting on  35 segmentations
Using PrintSegStat
mri_segstats done
Cleaning up

Started at Tue Mar 10 09:07:52 CET 2026 
Ended   at Tue Mar 10 09:27:32 CET 2026
#@#%# recon-all-run-time-hours 0.328
recon-all -s sub-v1s8x0051346_ses-1 finished without error at Tue Mar 10 09:27:32 CET 2026



#New# invocation of recon-all 




Tue Mar 10 09:34:51 CET 2026
cd /out/sourcedata/freesurfer/sub-v1s8x0051346_ses-1
setenv SUBJECTS_DIR /out/sourcedata/freesurfer
/opt/freesurfer/bin/recon-all -autorecon-hemi rh -nohyporelabel -rh-only -openmp 16 -subjid sub-v1s8x0051346_ses-1 -sd /out/sourcedata/freesurfer -notessellate -nosmooth1 -noinflate1 -noqsphere -nofix -nowhite -nosmooth2 -noinflate2 -nocurvHK -nocurvstats -nosphere -nosurfreg -nojacobian_white -noavgcurv -nocortparc -nopial -nocortparc2 -nocortparc3 -nopctsurfcon

subjid sub-v1s8x0051346_ses-1
setenv SUBJECTS_DIR /out/sourcedata/freesurfer
FREESURFER_HOME /opt/freesurfer
Actual FREESURFER_HOME /opt/freesurfer
build-stamp.txt: freesurfer-linux-ubuntu22_x86_64-7.3.2-20220804-6354275
Linux dna063 5.14.0-427.37.1.el9_4.x86_64 #1 SMP PREEMPT_DYNAMIC Fri Sep 13 12:41:50 EDT 2024 x86_64 x86_64 x86_64 GNU/Linux
cputime      unlimited
filesize     unlimited
datasize     unlimited
stacksize    8192 kbytes
coredumpsize 0 kbytes
memoryuse    67108864 kbytes
vmemoryuse   unlimited
descriptors  1024 
memorylocked unlimited
maxproc      2061970 
maxlocks     unlimited
maxsignal    2061970 
maxmessage   819200 
maxnice      0 
maxrtprio    0 
maxrttime    unlimited

               total        used        free      shared  buff/cache   available
Mem:           503Gi        50Gi       346Gi        10Gi       106Gi       439Gi
Swap:             0B          0B          0B

########################################
program versions used
7.3.2 (freesurfer-linux-ubuntu22_x86_64-7.3.2-20220804-6354275)
7.3.2

ProgramName: lta_convert  ProgramArguments: lta_convert -all-info  ProgramVersion: 7.3.2  TimeStamp: 2026/03/10-08:34:51-GMT  BuildTime: Aug  4 2022 06:17:15  BuildStamp: freesurfer-linux-ubuntu22_x86_64-7.3.2-20220804-6354275  User: oesteban  Machine: dna063  Platform: Linux  PlatformVersion: 5.14.0-427.37.1.el9_4.x86_64  CompilerName: GCC  CompilerVersion: 8.4.0
ProgramName: mri_and  ProgramArguments: mri_and -all-info  ProgramVersion: 7.3.2  TimeStamp: 2026/03/10-08:34:51-GMT  BuildTime: Aug  4 2022 06:17:15  BuildStamp: freesurfer-linux-ubuntu22_x86_64-7.3.2-20220804-6354275  User: oesteban  Machine: dna063  Platform: Linux  PlatformVersion: 5.14.0-427.37.1.el9_4.x86_64  CompilerName: GCC  CompilerVersion: 8.4.0
ProgramName: mri_annotation2label  ProgramArguments: mri_annotation2label -all-info  ProgramVersion: 7.3.2  TimeStamp: 2026/03/10-08:34:51-GMT  BuildTime: Aug  4 2022 06:17:15  BuildStamp: freesurfer-linux-ubuntu22_x86_64-7.3.2-20220804-6354275  User: oesteban  Machine: dna063  Platform: Linux  PlatformVersion: 5.14.0-427.37.1.el9_4.x86_64  CompilerName: GCC  CompilerVersion: 8.4.0
ProgramName: mri_aparc2aseg  ProgramArguments: mri_aparc2aseg -all-info  ProgramVersion: 7.3.2  TimeStamp: 2026/03/10-08:34:51-GMT  BuildTime: Aug  4 2022 06:17:15  BuildStamp: freesurfer-linux-ubuntu22_x86_64-7.3.2-20220804-6354275  User: oesteban  Machine: dna063  Platform: Linux  PlatformVersion: 5.14.0-427.37.1.el9_4.x86_64  CompilerName: GCC  CompilerVersion: 8.4.0
ProgramName: mri_surf2volseg  ProgramArguments: mri_surf2volseg -all-info  ProgramVersion: 7.3.2  TimeStamp: 2026/03/10-08:34:51-GMT  BuildTime: Aug  4 2022 06:17:15  BuildStamp: freesurfer-linux-ubuntu22_x86_64-7.3.2-20220804-6354275  User: oesteban  Machine: dna063  Platform: Linux  PlatformVersion: 5.14.0-427.37.1.el9_4.x86_64  CompilerName: GCC  CompilerVersion: 8.4.0
ProgramName: mri_binarize  ProgramArguments: mri_binarize -all-info  ProgramVersion: 7.3.2  TimeStamp: 2026/03/10-08:34:51-GMT  BuildTime: Aug  4 2022 06:17:15  BuildStamp: freesurfer-linux-ubuntu22_x86_64-7.3.2-20220804-6354275  User: oesteban  Machine: dna063  Platform: Linux  PlatformVersion: 5.14.0-427.37.1.el9_4.x86_64  CompilerName: GCC  CompilerVersion: 8.4.0
ProgramName: mri_ca_label  ProgramArguments: mri_ca_label -all-info  ProgramVersion: 7.3.2  TimeStamp: 2026/03/10-08:34:51-GMT  BuildTime: Aug  4 2022 06:17:15  BuildStamp: freesurfer-linux-ubuntu22_x86_64-7.3.2-20220804-6354275  User: oesteban  Machine: dna063  Platform: Linux  PlatformVersion: 5.14.0-427.37.1.el9_4.x86_64  CompilerName: GCC  CompilerVersion: 8.4.0
ProgramName: mri_ca_normalize  ProgramArguments: mri_ca_normalize -all-info  ProgramVersion: 7.3.2  TimeStamp: 2026/03/10-08:34:51-GMT  BuildTime: Aug  4 2022 06:17:15  BuildStamp: freesurfer-linux-ubuntu22_x86_64-7.3.2-20220804-6354275  User: oesteban  Machine: dna063  Platform: Linux  PlatformVersion: 5.14.0-427.37.1.el9_4.x86_64  CompilerName: GCC  CompilerVersion: 8.4.0
ProgramName: mri_ca_register  ProgramArguments: mri_ca_register -all-info  ProgramVersion: 7.3.2  TimeStamp: 2026/03/10-08:34:51-GMT  BuildTime: Aug  4 2022 06:17:15  BuildStamp: freesurfer-linux-ubuntu22_x86_64-7.3.2-20220804-6354275  User: oesteban  Machine: dna063  Platform: Linux  PlatformVersion: 5.14.0-427.37.1.el9_4.x86_64  CompilerName: GCC  CompilerVersion: 8.4.0
ProgramName: mri_cc  ProgramArguments: mri_cc -all-info  ProgramVersion: 7.3.2  TimeStamp: 2026/03/10-08:34:51-GMT  BuildTime: Aug  4 2022 06:17:15  BuildStamp: freesurfer-linux-ubuntu22_x86_64-7.3.2-20220804-6354275  User: oesteban  Machine: dna063  Platform: Linux  PlatformVersion: 5.14.0-427.37.1.el9_4.x86_64  CompilerName: GCC  CompilerVersion: 8.4.0
ProgramName: mri_compute_overlap  ProgramArguments: mri_compute_overlap -all-info  ProgramVersion: 7.3.2  TimeStamp: 2026/03/10-08:34:51-GMT  BuildTime: Aug  4 2022 06:17:15  BuildStamp: freesurfer-linux-ubuntu22_x86_64-7.3.2-20220804-6354275  User: oesteban  Machine: dna063  Platform: Linux  PlatformVersion: 5.14.0-427.37.1.el9_4.x86_64  CompilerName: GCC  CompilerVersion: 8.4.0
ProgramName: mri_compute_seg_overlap  ProgramArguments: mri_compute_seg_overlap -all-info  ProgramVersion: 7.3.2  TimeStamp: 2026/03/10-08:34:51-GMT  BuildTime: Aug  4 2022 06:17:15  BuildStamp: freesurfer-linux-ubuntu22_x86_64-7.3.2-20220804-6354275  User: oesteban  Machine: dna063  Platform: Linux  PlatformVersion: 5.14.0-427.37.1.el9_4.x86_64  CompilerName: GCC  CompilerVersion: 8.4.0
ProgramName: mri_concat  ProgramArguments: mri_concat -all-info  ProgramVersion: 7.3.2  TimeStamp: 2026/03/10-08:34:51-GMT  BuildTime: Aug  4 2022 06:17:15  BuildStamp: freesurfer-linux-ubuntu22_x86_64-7.3.2-20220804-6354275  User: oesteban  Machine: dna063  Platform: Linux  PlatformVersion: 5.14.0-427.37.1.el9_4.x86_64  CompilerName: GCC  CompilerVersion: 8.4.0
ProgramName: mri_concatenate_lta  ProgramArguments: mri_concatenate_lta -all-info  ProgramVersion: 7.3.2  TimeStamp: 2026/03/10-08:34:51-GMT  BuildTime: Aug  4 2022 06:17:15  BuildStamp: freesurfer-linux-ubuntu22_x86_64-7.3.2-20220804-6354275  User: oesteban  Machine: dna063  Platform: Linux  PlatformVersion: 5.14.0-427.37.1.el9_4.x86_64  CompilerName: GCC  CompilerVersion: 8.4.0
mri_convert -all-info 
ProgramName: mri_convert  ProgramArguments: mri_convert -all-info  ProgramVersion: 7.3.2  TimeStamp: 2026/03/10-08:34:51-GMT  BuildTime: Aug  4 2022 06:17:15  BuildStamp: freesurfer-linux-ubuntu22_x86_64-7.3.2-20220804-6354275  User: oesteban  Machine: dna063  Platform: Linux  PlatformVersion: 5.14.0-427.37.1.el9_4.x86_64  CompilerName: GCC  CompilerVersion: 8.4.0
ProgramName: mri_diff  ProgramArguments: mri_diff -all-info  ProgramVersion: 7.3.2  TimeStamp: 2026/03/10-08:34:51-GMT  BuildTime: Aug  4 2022 06:17:15  BuildStamp: freesurfer-linux-ubuntu22_x86_64-7.3.2-20220804-6354275  User: oesteban  Machine: dna063  Platform: Linux  PlatformVersion: 5.14.0-427.37.1.el9_4.x86_64  CompilerName: GCC  CompilerVersion: 8.4.0
ProgramName: mri_edit_wm_with_aseg  ProgramArguments: mri_edit_wm_with_aseg -all-info  ProgramVersion: 7.3.2  TimeStamp: 2026/03/10-08:34:51-GMT  BuildTime: Aug  4 2022 06:17:15  BuildStamp: freesurfer-linux-ubuntu22_x86_64-7.3.2-20220804-6354275  User: oesteban  Machine: dna063  Platform: Linux  PlatformVersion: 5.14.0-427.37.1.el9_4.x86_64  CompilerName: GCC  CompilerVersion: 8.4.0
ProgramName: mri_em_register  ProgramArguments: mri_em_register -all-info  ProgramVersion: 7.3.2  TimeStamp: 2026/03/10-08:34:51-GMT  BuildTime: Aug  4 2022 06:17:15  BuildStamp: freesurfer-linux-ubuntu22_x86_64-7.3.2-20220804-6354275  User: oesteban  Machine: dna063  Platform: Linux  PlatformVersion: 5.14.0-427.37.1.el9_4.x86_64  CompilerName: GCC  CompilerVersion: 8.4.0
ProgramName: mri_fill  ProgramArguments: mri_fill -all-info  ProgramVersion: 7.3.2  TimeStamp: 2026/03/10-08:34:51-GMT  BuildTime: Aug  4 2022 06:17:15  BuildStamp: freesurfer-linux-ubuntu22_x86_64-7.3.2-20220804-6354275  User: oesteban  Machine: dna063  Platform: Linux  PlatformVersion: 5.14.0-427.37.1.el9_4.x86_64  CompilerName: GCC  CompilerVersion: 8.4.0
ProgramName: mri_fuse_segmentations  ProgramArguments: mri_fuse_segmentations -all-info  ProgramVersion: 7.3.2  TimeStamp: 2026/03/10-08:34:51-GMT  BuildTime: Aug  4 2022 06:17:15  BuildStamp: freesurfer-linux-ubuntu22_x86_64-7.3.2-20220804-6354275  User: oesteban  Machine: dna063  Platform: Linux  PlatformVersion: 5.14.0-427.37.1.el9_4.x86_64  CompilerName: GCC  CompilerVersion: 8.4.0
ProgramName: mri_fwhm  ProgramArguments: mri_fwhm -all-info  ProgramVersion: 7.3.2  TimeStamp: 2026/03/10-08:34:51-GMT  BuildTime: Aug  4 2022 06:17:15  BuildStamp: freesurfer-linux-ubuntu22_x86_64-7.3.2-20220804-6354275  User: oesteban  Machine: dna063  Platform: Linux  PlatformVersion: 5.14.0-427.37.1.el9_4.x86_64  CompilerName: GCC  CompilerVersion: 8.4.0
ProgramName: mri_gcut  ProgramArguments: mri_gcut -all-info  ProgramVersion: 7.3.2  TimeStamp: 2026/03/10-08:34:51-GMT  BuildTime: Aug  4 2022 06:17:15  BuildStamp: freesurfer-linux-ubuntu22_x86_64-7.3.2-20220804-6354275  User: oesteban  Machine: dna063  Platform: Linux  PlatformVersion: 5.14.0-427.37.1.el9_4.x86_64  CompilerName: GCC  CompilerVersion: 8.4.0
ProgramName: mri_info  ProgramArguments: mri_info -all-info  ProgramVersion: 7.3.2  TimeStamp: 2026/03/10-08:34:51-GMT  BuildTime: Aug  4 2022 06:17:15  BuildStamp: freesurfer-linux-ubuntu22_x86_64-7.3.2-20220804-6354275  User: oesteban  Machine: dna063  Platform: Linux  PlatformVersion: 5.14.0-427.37.1.el9_4.x86_64  CompilerName: GCC  CompilerVersion: 8.4.0
ProgramName: mri_label2label  ProgramArguments: mri_label2label -all-info  ProgramVersion: 7.3.2  TimeStamp: 2026/03/10-08:34:51-GMT  BuildTime: Aug  4 2022 06:17:15  BuildStamp: freesurfer-linux-ubuntu22_x86_64-7.3.2-20220804-6354275  User: oesteban  Machine: dna063  Platform: Linux  PlatformVersion: 5.14.0-427.37.1.el9_4.x86_64  CompilerName: GCC  CompilerVersion: 8.4.0
ProgramName: mri_label2vol  ProgramArguments: mri_label2vol -all-info  ProgramVersion: 7.3.2  TimeStamp: 2026/03/10-08:34:51-GMT  BuildTime: Aug  4 2022 06:17:15  BuildStamp: freesurfer-linux-ubuntu22_x86_64-7.3.2-20220804-6354275  User: oesteban  Machine: dna063  Platform: Linux  PlatformVersion: 5.14.0-427.37.1.el9_4.x86_64  CompilerName: GCC  CompilerVersion: 8.4.0
ProgramName: mri_log_likelihood  ProgramArguments: mri_log_likelihood -all-info  ProgramVersion: 7.3.2  TimeStamp: 2026/03/10-08:34:51-GMT  BuildTime: Aug  4 2022 06:17:15  BuildStamp: freesurfer-linux-ubuntu22_x86_64-7.3.2-20220804-6354275  User: oesteban  Machine: dna063  Platform: Linux  PlatformVersion: 5.14.0-427.37.1.el9_4.x86_64  CompilerName: GCC  CompilerVersion: 8.4.0
ProgramName: mri_mask  ProgramArguments: mri_mask -all-info  ProgramVersion: 7.3.2  TimeStamp: 2026/03/10-08:34:51-GMT  BuildTime: Aug  4 2022 06:17:15  BuildStamp: freesurfer-linux-ubuntu22_x86_64-7.3.2-20220804-6354275  User: oesteban  Machine: dna063  Platform: Linux  PlatformVersion: 5.14.0-427.37.1.el9_4.x86_64  CompilerName: GCC  CompilerVersion: 8.4.0
ProgramName: mri_matrix_multiply  ProgramArguments: mri_matrix_multiply -all-info  ProgramVersion: 7.3.2  TimeStamp: 2026/03/10-08:34:51-GMT  BuildTime: Aug  4 2022 06:17:15  BuildStamp: freesurfer-linux-ubuntu22_x86_64-7.3.2-20220804-6354275  User: oesteban  Machine: dna063  Platform: Linux  PlatformVersion: 5.14.0-427.37.1.el9_4.x86_64  CompilerName: GCC  CompilerVersion: 8.4.0
ProgramName: mri_normalize  ProgramArguments: mri_normalize -all-info  ProgramVersion: 7.3.2  TimeStamp: 2026/03/10-08:34:51-GMT  BuildTime: Aug  4 2022 06:17:15  BuildStamp: freesurfer-linux-ubuntu22_x86_64-7.3.2-20220804-6354275  User: oesteban  Machine: dna063  Platform: Linux  PlatformVersion: 5.14.0-427.37.1.el9_4.x86_64  CompilerName: GCC  CompilerVersion: 8.4.0
ProgramName: mri_normalize_tp2  ProgramArguments: mri_normalize_tp2 -all-info  ProgramVersion: 7.3.2  TimeStamp: 2026/03/10-08:34:51-GMT  BuildTime: Aug  4 2022 06:17:15  BuildStamp: freesurfer-linux-ubuntu22_x86_64-7.3.2-20220804-6354275  User: oesteban  Machine: dna063  Platform: Linux  PlatformVersion: 5.14.0-427.37.1.el9_4.x86_64  CompilerName: GCC  CompilerVersion: 8.4.0
ProgramName: mri_or  ProgramArguments: mri_or -all-info  ProgramVersion: 7.3.2  TimeStamp: 2026/03/10-08:34:51-GMT  BuildTime: Aug  4 2022 06:17:15  BuildStamp: freesurfer-linux-ubuntu22_x86_64-7.3.2-20220804-6354275  User: oesteban  Machine: dna063  Platform: Linux  PlatformVersion: 5.14.0-427.37.1.el9_4.x86_64  CompilerName: GCC  CompilerVersion: 8.4.0
ProgramName: mri_relabel_hypointensities  ProgramArguments: mri_relabel_hypointensities -all-info  ProgramVersion: 7.3.2  TimeStamp: 2026/03/10-08:34:51-GMT  BuildTime: Aug  4 2022 06:17:15  BuildStamp: freesurfer-linux-ubuntu22_x86_64-7.3.2-20220804-6354275  User: oesteban  Machine: dna063  Platform: Linux  PlatformVersion: 5.14.0-427.37.1.el9_4.x86_64  CompilerName: GCC  CompilerVersion: 8.4.0
ProgramName: mri_relabel_nonwm_hypos  ProgramArguments: mri_relabel_nonwm_hypos -all-info  ProgramVersion: 7.3.2  TimeStamp: 2026/03/10-08:34:51-GMT  BuildTime: Aug  4 2022 06:17:15  BuildStamp: freesurfer-linux-ubuntu22_x86_64-7.3.2-20220804-6354275  User: oesteban  Machine: dna063  Platform: Linux  PlatformVersion: 5.14.0-427.37.1.el9_4.x86_64  CompilerName: GCC  CompilerVersion: 8.4.0
ProgramName: mri_remove_neck  ProgramArguments: mri_remove_neck -all-info  ProgramVersion: 7.3.2  TimeStamp: 2026/03/10-08:34:51-GMT  BuildTime: Aug  4 2022 06:17:15  BuildStamp: freesurfer-linux-ubuntu22_x86_64-7.3.2-20220804-6354275  User: oesteban  Machine: dna063  Platform: Linux  PlatformVersion: 5.14.0-427.37.1.el9_4.x86_64  CompilerName: GCC  CompilerVersion: 8.4.0
7.3.2

ProgramName: mri_robust_register  ProgramArguments: mri_robust_register -all-info  ProgramVersion: 7.3.2  TimeStamp: 2026/03/10-08:34:51-GMT  BuildTime: Aug  4 2022 06:17:15  BuildStamp: freesurfer-linux-ubuntu22_x86_64-7.3.2-20220804-6354275  User: oesteban  Machine: dna063  Platform: Linux  PlatformVersion: 5.14.0-427.37.1.el9_4.x86_64  CompilerName: GCC  CompilerVersion: 8.4.0
7.3.2

ProgramName: mri_robust_template  ProgramArguments: mri_robust_template -all-info  ProgramVersion: 7.3.2  TimeStamp: 2026/03/10-08:34:51-GMT  BuildTime: Aug  4 2022 06:17:15  BuildStamp: freesurfer-linux-ubuntu22_x86_64-7.3.2-20220804-6354275  User: oesteban  Machine: dna063  Platform: Linux  PlatformVersion: 5.14.0-427.37.1.el9_4.x86_64  CompilerName: GCC  CompilerVersion: 8.4.0
ProgramName: mris_anatomical_stats  ProgramArguments: mris_anatomical_stats -all-info  ProgramVersion: 7.3.2  TimeStamp: 2026/03/10-08:34:51-GMT  BuildTime: Aug  4 2022 06:17:15  BuildStamp: freesurfer-linux-ubuntu22_x86_64-7.3.2-20220804-6354275  User: oesteban  Machine: dna063  Platform: Linux  PlatformVersion: 5.14.0-427.37.1.el9_4.x86_64  CompilerName: GCC  CompilerVersion: 8.4.0
ProgramName: mris_ca_label  ProgramArguments: mris_ca_label -all-info  ProgramVersion: 7.3.2  TimeStamp: 2026/03/10-08:34:51-GMT  BuildTime: Aug  4 2022 06:17:15  BuildStamp: freesurfer-linux-ubuntu22_x86_64-7.3.2-20220804-6354275  User: oesteban  Machine: dna063  Platform: Linux  PlatformVersion: 5.14.0-427.37.1.el9_4.x86_64  CompilerName: GCC  CompilerVersion: 8.4.0
ProgramName: mris_calc  ProgramArguments: mris_calc -all-info  ProgramVersion: 7.3.2  TimeStamp: 2026/03/10-08:34:51-GMT  BuildTime: Aug  4 2022 06:17:15  BuildStamp: freesurfer-linux-ubuntu22_x86_64-7.3.2-20220804-6354275  User: oesteban  Machine: dna063  Platform: Linux  PlatformVersion: 5.14.0-427.37.1.el9_4.x86_64  CompilerName: GCC  CompilerVersion: 8.4.0
ProgramName: mris_convert  ProgramArguments: mris_convert -all-info  ProgramVersion: 7.3.2  TimeStamp: 2026/03/10-08:34:51-GMT  BuildTime: Aug  4 2022 06:17:15  BuildStamp: freesurfer-linux-ubuntu22_x86_64-7.3.2-20220804-6354275  User: oesteban  Machine: dna063  Platform: Linux  PlatformVersion: 5.14.0-427.37.1.el9_4.x86_64  CompilerName: GCC  CompilerVersion: 8.4.0
ProgramName: mris_curvature  ProgramArguments: mris_curvature -all-info  ProgramVersion: 7.3.2  TimeStamp: 2026/03/10-08:34:51-GMT  BuildTime: Aug  4 2022 06:17:15  BuildStamp: freesurfer-linux-ubuntu22_x86_64-7.3.2-20220804-6354275  User: oesteban  Machine: dna063  Platform: Linux  PlatformVersion: 5.14.0-427.37.1.el9_4.x86_64  CompilerName: GCC  CompilerVersion: 8.4.0
ProgramName: mris_curvature_stats  ProgramArguments: mris_curvature_stats -all-info  ProgramVersion: 7.3.2  TimeStamp: 2026/03/10-08:34:51-GMT  BuildTime: Aug  4 2022 06:17:15  BuildStamp: freesurfer-linux-ubuntu22_x86_64-7.3.2-20220804-6354275  User: oesteban  Machine: dna063  Platform: Linux  PlatformVersion: 5.14.0-427.37.1.el9_4.x86_64  CompilerName: GCC  CompilerVersion: 8.4.0
ProgramName: mris_diff  ProgramArguments: mris_diff -all-info  ProgramVersion: 7.3.2  TimeStamp: 2026/03/10-08:34:51-GMT  BuildTime: Aug  4 2022 06:17:15  BuildStamp: freesurfer-linux-ubuntu22_x86_64-7.3.2-20220804-6354275  User: oesteban  Machine: dna063  Platform: Linux  PlatformVersion: 5.14.0-427.37.1.el9_4.x86_64  CompilerName: GCC  CompilerVersion: 8.4.0
ProgramName: mris_divide_parcellation  ProgramArguments: mris_divide_parcellation -all-info  ProgramVersion: 7.3.2  TimeStamp: 2026/03/10-08:34:51-GMT  BuildTime: Aug  4 2022 06:17:15  BuildStamp: freesurfer-linux-ubuntu22_x86_64-7.3.2-20220804-6354275  User: oesteban  Machine: dna063  Platform: Linux  PlatformVersion: 5.14.0-427.37.1.el9_4.x86_64  CompilerName: GCC  CompilerVersion: 8.4.0
ProgramName: mri_segment  ProgramArguments: mri_segment -all-info  ProgramVersion: 7.3.2  TimeStamp: 2026/03/10-08:34:51-GMT  BuildTime: Aug  4 2022 06:17:15  BuildStamp: freesurfer-linux-ubuntu22_x86_64-7.3.2-20220804-6354275  User: oesteban  Machine: dna063  Platform: Linux  PlatformVersion: 5.14.0-427.37.1.el9_4.x86_64  CompilerName: GCC  CompilerVersion: 8.4.0
ProgramName: mri_segstats  ProgramArguments: mri_segstats -all-info  ProgramVersion: 7.3.2  TimeStamp: 2026/03/10-08:34:51-GMT  BuildTime: Aug  4 2022 06:17:15  BuildStamp: freesurfer-linux-ubuntu22_x86_64-7.3.2-20220804-6354275  User: oesteban  Machine: dna063  Platform: Linux  PlatformVersion: 5.14.0-427.37.1.el9_4.x86_64  CompilerName: GCC  CompilerVersion: 8.4.0
ProgramName: mris_euler_number  ProgramArguments: mris_euler_number -all-info  ProgramVersion: 7.3.2  TimeStamp: 2026/03/10-08:34:51-GMT  BuildTime: Aug  4 2022 06:17:15  BuildStamp: freesurfer-linux-ubuntu22_x86_64-7.3.2-20220804-6354275  User: oesteban  Machine: dna063  Platform: Linux  PlatformVersion: 5.14.0-427.37.1.el9_4.x86_64  CompilerName: GCC  CompilerVersion: 8.4.0
ProgramName: mris_fix_topology  ProgramArguments: mris_fix_topology -all-info  ProgramVersion: 7.3.2  TimeStamp: 2026/03/10-08:34:51-GMT  BuildTime: Aug  4 2022 06:17:15  BuildStamp: freesurfer-linux-ubuntu22_x86_64-7.3.2-20220804-6354275  User: oesteban  Machine: dna063  Platform: Linux  PlatformVersion: 5.14.0-427.37.1.el9_4.x86_64  CompilerName: GCC  CompilerVersion: 8.4.0
ProgramName: mris_topo_fixer  ProgramArguments: mris_topo_fixer -all-info  ProgramVersion: 7.3.2  TimeStamp: 2026/03/10-08:34:51-GMT  BuildTime: Aug  4 2022 06:17:15  BuildStamp: freesurfer-linux-ubuntu22_x86_64-7.3.2-20220804-6354275  User: oesteban  Machine: dna063  Platform: Linux  PlatformVersion: 5.14.0-427.37.1.el9_4.x86_64  CompilerName: GCC  CompilerVersion: 8.4.0
ProgramName: mris_jacobian  ProgramArguments: mris_jacobian -all-info  ProgramVersion: 7.3.2  TimeStamp: 2026/03/10-08:34:51-GMT  BuildTime: Aug  4 2022 06:17:15  BuildStamp: freesurfer-linux-ubuntu22_x86_64-7.3.2-20220804-6354275  User: oesteban  Machine: dna063  Platform: Linux  PlatformVersion: 5.14.0-427.37.1.el9_4.x86_64  CompilerName: GCC  CompilerVersion: 8.4.0
ProgramName: mris_label2annot  ProgramArguments: mris_label2annot -all-info  ProgramVersion: 7.3.2  TimeStamp: 2026/03/10-08:34:51-GMT  BuildTime: Aug  4 2022 06:17:15  BuildStamp: freesurfer-linux-ubuntu22_x86_64-7.3.2-20220804-6354275  User: oesteban  Machine: dna063  Platform: Linux  PlatformVersion: 5.14.0-427.37.1.el9_4.x86_64  CompilerName: GCC  CompilerVersion: 8.4.0
ProgramName: mris_left_right_register  ProgramArguments: mris_left_right_register -all-info  ProgramVersion: 7.3.2  TimeStamp: 2026/03/10-08:34:51-GMT  BuildTime: Aug  4 2022 06:17:15  BuildStamp: freesurfer-linux-ubuntu22_x86_64-7.3.2-20220804-6354275  User: oesteban  Machine: dna063  Platform: Linux  PlatformVersion: 5.14.0-427.37.1.el9_4.x86_64  CompilerName: GCC  CompilerVersion: 8.4.0
ProgramName: mris_place_surface  ProgramArguments: mris_place_surface -all-info  ProgramVersion: 7.3.2  TimeStamp: 2026/03/10-08:34:51-GMT  BuildTime: Aug  4 2022 06:17:15  BuildStamp: freesurfer-linux-ubuntu22_x86_64-7.3.2-20220804-6354275  User: oesteban  Machine: dna063  Platform: Linux  PlatformVersion: 5.14.0-427.37.1.el9_4.x86_64  CompilerName: GCC  CompilerVersion: 8.4.0
ProgramName: mrisp_paint  ProgramArguments: mrisp_paint -all-info  ProgramVersion: 7.3.2  TimeStamp: 2026/03/10-08:34:51-GMT  BuildTime: Aug  4 2022 06:17:15  BuildStamp: freesurfer-linux-ubuntu22_x86_64-7.3.2-20220804-6354275  User: oesteban  Machine: dna063  Platform: Linux  PlatformVersion: 5.14.0-427.37.1.el9_4.x86_64  CompilerName: GCC  CompilerVersion: 8.4.0
ProgramName: mris_register  ProgramArguments: mris_register -all-info  ProgramVersion: 7.3.2  TimeStamp: 2026/03/10-08:34:51-GMT  BuildTime: Aug  4 2022 06:17:15  BuildStamp: freesurfer-linux-ubuntu22_x86_64-7.3.2-20220804-6354275  User: oesteban  Machine: dna063  Platform: Linux  PlatformVersion: 5.14.0-427.37.1.el9_4.x86_64  CompilerName: GCC  CompilerVersion: 8.4.0
ProgramName: mris_smooth  ProgramArguments: mris_smooth -all-info  ProgramVersion: 7.3.2  TimeStamp: 2026/03/10-08:34:51-GMT  BuildTime: Aug  4 2022 06:17:15  BuildStamp: freesurfer-linux-ubuntu22_x86_64-7.3.2-20220804-6354275  User: oesteban  Machine: dna063  Platform: Linux  PlatformVersion: 5.14.0-427.37.1.el9_4.x86_64  CompilerName: GCC  CompilerVersion: 8.4.0
ProgramName: mris_sphere  ProgramArguments: mris_sphere -all-info  ProgramVersion: 7.3.2  TimeStamp: 2026/03/10-08:34:51-GMT  BuildTime: Aug  4 2022 06:17:15  BuildStamp: freesurfer-linux-ubuntu22_x86_64-7.3.2-20220804-6354275  User: oesteban  Machine: dna063  Platform: Linux  PlatformVersion: 5.14.0-427.37.1.el9_4.x86_64  CompilerName: GCC  CompilerVersion: 8.4.0
ProgramName: mris_surface_stats  ProgramArguments: mris_surface_stats -all-info  ProgramVersion: 7.3.2  TimeStamp: 2026/03/10-08:34:51-GMT  BuildTime: Aug  4 2022 06:17:15  BuildStamp: freesurfer-linux-ubuntu22_x86_64-7.3.2-20220804-6354275  User: oesteban  Machine: dna063  Platform: Linux  PlatformVersion: 5.14.0-427.37.1.el9_4.x86_64  CompilerName: GCC  CompilerVersion: 8.4.0
ProgramName: mri_stats2seg  ProgramArguments: mri_stats2seg -all-info  ProgramVersion: 7.3.2  TimeStamp: 2026/03/10-08:34:51-GMT  BuildTime: Aug  4 2022 06:17:15  BuildStamp: freesurfer-linux-ubuntu22_x86_64-7.3.2-20220804-6354275  User: oesteban  Machine: dna063  Platform: Linux  PlatformVersion: 5.14.0-427.37.1.el9_4.x86_64  CompilerName: GCC  CompilerVersion: 8.4.0
ProgramName: mris_thickness  ProgramArguments: mris_thickness -all-info  ProgramVersion: 7.3.2  TimeStamp: 2026/03/10-08:34:51-GMT  BuildTime: Aug  4 2022 06:17:15  BuildStamp: freesurfer-linux-ubuntu22_x86_64-7.3.2-20220804-6354275  User: oesteban  Machine: dna063  Platform: Linux  PlatformVersion: 5.14.0-427.37.1.el9_4.x86_64  CompilerName: GCC  CompilerVersion: 8.4.0
ProgramName: mris_thickness_diff  ProgramArguments: mris_thickness_diff -all-info  ProgramVersion: 7.3.2  TimeStamp: 2026/03/10-08:34:51-GMT  BuildTime: Aug  4 2022 06:17:15  BuildStamp: freesurfer-linux-ubuntu22_x86_64-7.3.2-20220804-6354275  User: oesteban  Machine: dna063  Platform: Linux  PlatformVersion: 5.14.0-427.37.1.el9_4.x86_64  CompilerName: GCC  CompilerVersion: 8.4.0
ProgramName: mris_topo_fixer  ProgramArguments: mris_topo_fixer -all-info  ProgramVersion: 7.3.2  TimeStamp: 2026/03/10-08:34:51-GMT  BuildTime: Aug  4 2022 06:17:15  BuildStamp: freesurfer-linux-ubuntu22_x86_64-7.3.2-20220804-6354275  User: oesteban  Machine: dna063  Platform: Linux  PlatformVersion: 5.14.0-427.37.1.el9_4.x86_64  CompilerName: GCC  CompilerVersion: 8.4.0
ProgramName: mri_surf2surf  ProgramArguments: mri_surf2surf -all-info  ProgramVersion: 7.3.2  TimeStamp: 2026/03/10-08:34:51-GMT  BuildTime: Aug  4 2022 06:17:15  BuildStamp: freesurfer-linux-ubuntu22_x86_64-7.3.2-20220804-6354275  User: oesteban  Machine: dna063  Platform: Linux  PlatformVersion: 5.14.0-427.37.1.el9_4.x86_64  CompilerName: GCC  CompilerVersion: 8.4.0
ProgramName: mri_surf2vol  ProgramArguments: mri_surf2vol -all-info  ProgramVersion: 7.3.2  TimeStamp: 2026/03/10-08:34:51-GMT  BuildTime: Aug  4 2022 06:17:15  BuildStamp: freesurfer-linux-ubuntu22_x86_64-7.3.2-20220804-6354275  User: oesteban  Machine: dna063  Platform: Linux  PlatformVersion: 5.14.0-427.37.1.el9_4.x86_64  CompilerName: GCC  CompilerVersion: 8.4.0
ProgramName: mri_surfcluster  ProgramArguments: mri_surfcluster -all-info  ProgramVersion: 7.3.2  TimeStamp: 2026/03/10-08:34:51-GMT  BuildTime: Aug  4 2022 06:17:15  BuildStamp: freesurfer-linux-ubuntu22_x86_64-7.3.2-20220804-6354275  User: oesteban  Machine: dna063  Platform: Linux  PlatformVersion: 5.14.0-427.37.1.el9_4.x86_64  CompilerName: GCC  CompilerVersion: 8.4.0
ProgramName: mris_volmask  ProgramArguments: mris_volmask -all-info  ProgramVersion: 7.3.2  TimeStamp: 2026/03/10-08:34:51-GMT  BuildTime: Aug  4 2022 06:17:15  BuildStamp: freesurfer-linux-ubuntu22_x86_64-7.3.2-20220804-6354275  User: oesteban  Machine: dna063  Platform: Linux  PlatformVersion: 5.14.0-427.37.1.el9_4.x86_64  CompilerName: GCC  CompilerVersion: 8.4.0
ProgramName: mri_tessellate  ProgramArguments: mri_tessellate -all-info  ProgramVersion: 7.3.2  TimeStamp: 2026/03/10-08:34:51-GMT  BuildTime: Aug  4 2022 06:17:15  BuildStamp: freesurfer-linux-ubuntu22_x86_64-7.3.2-20220804-6354275  User: oesteban  Machine: dna063  Platform: Linux  PlatformVersion: 5.14.0-427.37.1.el9_4.x86_64  CompilerName: GCC  CompilerVersion: 8.4.0
ProgramName: mri_vol2surf  ProgramArguments: mri_vol2surf -all-info  ProgramVersion: 7.3.2  TimeStamp: 2026/03/10-08:34:51-GMT  BuildTime: Aug  4 2022 06:17:15  BuildStamp: freesurfer-linux-ubuntu22_x86_64-7.3.2-20220804-6354275  User: oesteban  Machine: dna063  Platform: Linux  PlatformVersion: 5.14.0-427.37.1.el9_4.x86_64  CompilerName: GCC  CompilerVersion: 8.4.0
ProgramName: mri_vol2vol  ProgramArguments: mri_vol2vol -all-info  ProgramVersion: 7.3.2  TimeStamp: 2026/03/10-08:34:51-GMT  BuildTime: Aug  4 2022 06:17:15  BuildStamp: freesurfer-linux-ubuntu22_x86_64-7.3.2-20220804-6354275  User: oesteban  Machine: dna063  Platform: Linux  PlatformVersion: 5.14.0-427.37.1.el9_4.x86_64  CompilerName: GCC  CompilerVersion: 8.4.0
ProgramName: mri_voldiff  ProgramArguments: mri_voldiff -all-info  ProgramVersion: 7.3.2  TimeStamp: 2026/03/10-08:34:51-GMT  BuildTime: Aug  4 2022 06:17:15  BuildStamp: freesurfer-linux-ubuntu22_x86_64-7.3.2-20220804-6354275  User: oesteban  Machine: dna063  Platform: Linux  PlatformVersion: 5.14.0-427.37.1.el9_4.x86_64  CompilerName: GCC  CompilerVersion: 8.4.0
ProgramName: mri_watershed  ProgramArguments: mri_watershed -all-info  ProgramVersion: 7.3.2  TimeStamp: 2026/03/10-08:34:51-GMT  BuildTime: Aug  4 2022 06:17:15  BuildStamp: freesurfer-linux-ubuntu22_x86_64-7.3.2-20220804-6354275  User: oesteban  Machine: dna063  Platform: Linux  PlatformVersion: 5.14.0-427.37.1.el9_4.x86_64  CompilerName: GCC  CompilerVersion: 8.4.0
ProgramName: tkregister2  ProgramArguments: tkregister2_cmdl -all-info  ProgramVersion: 7.3.2  TimeStamp: 2026/03/10-08:34:51-GMT  BuildTime: Aug  4 2022 06:17:15  BuildStamp: freesurfer-linux-ubuntu22_x86_64-7.3.2-20220804-6354275  User: oesteban  Machine: dna063  Platform: Linux  PlatformVersion: 5.14.0-427.37.1.el9_4.x86_64  CompilerName: GCC  CompilerVersion: 8.4.0
mri_motion_correct.fsl 7.3.2
mri_convert -all-info 
ProgramName: mri_convert  ProgramArguments: mri_convert -all-info  ProgramVersion: 7.3.2  TimeStamp: 2026/03/10-08:34:51-GMT  BuildTime: Aug  4 2022 06:17:15  BuildStamp: freesurfer-linux-ubuntu22_x86_64-7.3.2-20220804-6354275  User: oesteban  Machine: dna063  Platform: Linux  PlatformVersion: 5.14.0-427.37.1.el9_4.x86_64  CompilerName: GCC  CompilerVersion: 8.4.0
Program nu_correct, built from:
Package MNI N3, version 1.12.0, compiled by nicks@terrier (x86_64-unknown-linux-gnu) on 2015-06-19 at 01:25:34
#######################################
GCADIR /opt/freesurfer/average
GCA RB_all_2020-01-02.gca
GCASkull RB_all_withskull_2020_01_02.gca
AvgCurvTif folding.atlas.acfb40.noaparc.i12.2016-08-02.tif
GCSDIR /opt/freesurfer/average
GCS DKaparc.atlas.acfb40.noaparc.i12.2016-08-02.gcs
#######################################
#--------------------------------------------
#@# AutoDetGWStats rh Tue Mar 10 09:34:51 CET 2026
cd /out/sourcedata/freesurfer/sub-v1s8x0051346_ses-1/mri
mris_autodet_gwstats --o ../surf/autodet.gw.stats.rh.dat --i brain.finalsurfs.mgz --wm wm.mgz --surf ../surf/rh.orig.premesh
  Update not needed
#--------------------------------------------
#@# WhitePreAparc rh Tue Mar 10 09:34:51 CET 2026
cd /out/sourcedata/freesurfer/sub-v1s8x0051346_ses-1/mri
mris_place_surface --adgws-in ../surf/autodet.gw.stats.rh.dat --wm wm.mgz --threads 16 --invol brain.finalsurfs.mgz --rh --i ../surf/rh.orig --o ../surf/rh.white.preaparc --white --seg aseg.presurf.mgz --nsmooth 5
   Update not needed
#--------------------------------------------
#@# CortexLabel rh Tue Mar 10 09:34:51 CET 2026
cd /out/sourcedata/freesurfer/sub-v1s8x0051346_ses-1/mri
mri_label2label --label-cortex ../surf/rh.white.preaparc aseg.presurf.mgz 0 ../label/rh.cortex.label
   Update not needed
#--------------------------------------------
#@# CortexLabel+HipAmyg rh Tue Mar 10 09:34:51 CET 2026
cd /out/sourcedata/freesurfer/sub-v1s8x0051346_ses-1/mri
mri_label2label --label-cortex ../surf/rh.white.preaparc aseg.presurf.mgz 1 ../label/rh.cortex+hipamyg.label
   Update not needed
#@# white curv rh Tue Mar 10 09:34:51 CET 2026
cd /out/sourcedata/freesurfer/sub-v1s8x0051346_ses-1/mri
mris_place_surface --curv-map ../surf/rh.white 2 10 ../surf/rh.curv
   Update not needed
#@# white area rh Tue Mar 10 09:34:51 CET 2026
cd /out/sourcedata/freesurfer/sub-v1s8x0051346_ses-1/mri
mris_place_surface --area-map ../surf/rh.white ../surf/rh.area
   Update not needed
#@# pial curv rh Tue Mar 10 09:34:51 CET 2026
cd /out/sourcedata/freesurfer/sub-v1s8x0051346_ses-1/mri
mris_place_surface --curv-map ../surf/rh.pial 2 10 ../surf/rh.curv.pial
   Update not needed
#@# pial area rh Tue Mar 10 09:34:51 CET 2026
cd /out/sourcedata/freesurfer/sub-v1s8x0051346_ses-1/mri
mris_place_surface --area-map ../surf/rh.pial ../surf/rh.area.pial
   Update not needed
#@# thickness rh Tue Mar 10 09:34:51 CET 2026
cd /out/sourcedata/freesurfer/sub-v1s8x0051346_ses-1/mri
mris_place_surface --thickness ../surf/rh.white ../surf/rh.pial 20 5 ../surf/rh.thickness
   Update not needed
#@# area and vertex vol rh Tue Mar 10 09:34:51 CET 2026
cd /out/sourcedata/freesurfer/sub-v1s8x0051346_ses-1/mri
mris_place_surface --thickness ../surf/rh.white ../surf/rh.pial 20 5 ../surf/rh.thickness
   Update not needed
#-----------------------------------------
#@# Parcellation Stats rh Tue Mar 10 09:34:51 CET 2026
/out/sourcedata/freesurfer/sub-v1s8x0051346_ses-1/scripts

 mris_anatomical_stats -th3 -mgz -noglobal -cortex ../label/rh.cortex.label -f ../stats/rh.aparc.stats -b -a ../label/rh.aparc.annot -c ../label/aparc.annot.ctab sub-v1s8x0051346_ses-1 rh white 

computing statistics for each annotation in ../label/rh.aparc.annot.
reading volume /out/sourcedata/freesurfer/sub-v1s8x0051346_ses-1/mri/wm.mgz...
reading input surface /out/sourcedata/freesurfer/sub-v1s8x0051346_ses-1/surf/rh.white...
reading input pial surface /out/sourcedata/freesurfer/sub-v1s8x0051346_ses-1/surf/rh.pial...
reading input white surface /out/sourcedata/freesurfer/sub-v1s8x0051346_ses-1/surf/rh.white...
INFO: using TH3 volume calc
INFO: assuming MGZ format for volumes.
INFO: not computing global stats
INFO: using ../label/rh.cortex.label as mask to calc cortex NumVert, SurfArea and MeanThickness.
Using TH3 vertex volume calc
Total face volume 250815
Total vertex volume 250564 (mask=0)
Saving annotation colortable ../label/aparc.annot.ctab

table columns are:
    number of vertices
    total surface area (mm^2)
    total gray matter volume (mm^3)
    average cortical thickness +- standard deviation (mm)
    integrated rectified mean curvature
    integrated rectified Gaussian curvature
    folding index
    intrinsic curvature index
    structure name

 1295    866   2255  2.808 0.444     0.098     0.016        8     0.9  bankssts
 1210    829   2639  3.020 0.705     0.132     0.026       17     1.3  caudalanteriorcingulate
 3522   2504   7419  2.693 0.520     0.117     0.022       33     3.4  caudalmiddlefrontal
 2322   1451   3077  1.889 0.548     0.125     0.026       26     2.6  cuneus
  521    334   1524  3.064 0.652     0.114     0.035        4     0.7  entorhinal
 4547   3225  11438  2.907 0.630     0.124     0.030       59     5.7  fusiform
 7805   5315  16342  2.726 0.555     0.116     0.021       93     7.0  inferiorparietal
 4394   3174  11690  2.958 0.725     0.122     0.029       61     4.8  inferiortemporal
 1379    902   2464  2.407 0.821     0.103     0.020       12     1.1  isthmuscingulate
 7545   5034  11908  2.166 0.547     0.133     0.029       84     9.2  lateraloccipital
 4152   2908   9312  2.892 0.706     0.130     0.035       70     5.6  lateralorbitofrontal
 4382   2940   6211  1.989 0.595     0.134     0.032       53     6.0  lingual
 2870   2036   6787  2.862 0.731     0.118     0.033       54     3.7  medialorbitofrontal
 4484   3253  12687  3.078 0.727     0.121     0.029       60     5.2  middletemporal
  996    627   1897  2.674 0.601     0.089     0.016        7     0.6  parahippocampal
 2338   1455   4181  2.674 0.555     0.104     0.019       18     1.9  paracentral
 1774   1278   4197  2.919 0.490     0.105     0.021       17     1.6  parsopercularis
 1176    913   3468  2.901 0.720     0.123     0.026       15     1.3  parsorbitalis
 2082   1479   4658  2.809 0.589     0.111     0.022       21     1.9  parstriangularis
 1999   1305   1754  1.494 0.357     0.127     0.028       20     2.5  pericalcarine
 5591   3536   7903  1.989 0.586     0.101     0.020       45     4.5  postcentral
 1995   1381   3919  2.528 0.750     0.128     0.024       26     2.1  posteriorcingulate
 6736   4385  12813  2.657 0.563     0.107     0.022       57     6.3  precentral
 5383   3801  10332  2.473 0.613     0.118     0.023       58     5.2  precuneus
  834    601   2508  3.197 0.719     0.129     0.027       12     1.0  rostralanteriorcingulate
 7380   5502  16990  2.563 0.628     0.135     0.032      114     9.9  rostralmiddlefrontal
10068   7046  22766  2.882 0.577     0.117     0.026      102    10.1  superiorfrontal
 7974   5412  13246  2.202 0.535     0.116     0.022       75     7.7  superiorparietal
 4690   3180  10788  2.891 0.616     0.104     0.022       49     4.4  superiortemporal
 4726   3216   9462  2.697 0.507     0.115     0.023       50     4.6  supramarginal
  440    362   1593  3.117 0.671     0.183     0.045       11     1.0  frontalpole
  665    477   3645  4.075 0.759     0.132     0.037        9     1.0  temporalpole
  481    299    784  2.545 0.470     0.146     0.026        7     0.5  transversetemporal
 3406   2276   7910  3.344 0.865     0.104     0.026       24     3.7  insula

 mris_anatomical_stats -th3 -mgz -noglobal -cortex ../label/rh.cortex.label -f ../stats/rh.aparc.pial.stats -b -a ../label/rh.aparc.annot -c ../label/aparc.annot.ctab sub-v1s8x0051346_ses-1 rh pial 

computing statistics for each annotation in ../label/rh.aparc.annot.
reading volume /out/sourcedata/freesurfer/sub-v1s8x0051346_ses-1/mri/wm.mgz...
reading input surface /out/sourcedata/freesurfer/sub-v1s8x0051346_ses-1/surf/rh.pial...
reading input pial surface /out/sourcedata/freesurfer/sub-v1s8x0051346_ses-1/surf/rh.pial...
reading input white surface /out/sourcedata/freesurfer/sub-v1s8x0051346_ses-1/surf/rh.white...
INFO: using TH3 volume calc
INFO: assuming MGZ format for volumes.
INFO: not computing global stats
INFO: using ../label/rh.cortex.label as mask to calc cortex NumVert, SurfArea and MeanThickness.
Using TH3 vertex volume calc
Total face volume 250815
Total vertex volume 250564 (mask=0)
Saving annotation colortable ../label/aparc.annot.ctab

table columns are:
    number of vertices
    total surface area (mm^2)
    total gray matter volume (mm^3)
    average cortical thickness +- standard deviation (mm)
    integrated rectified mean curvature
    integrated rectified Gaussian curvature
    folding index
    intrinsic curvature index
    structure name

 1295    756   2255  2.808 0.444     0.122     0.038       45     1.7  bankssts
 1210    925   2639  3.020 0.705     0.174     0.055      116     2.0  caudalanteriorcingulate
 3522   2899   7419  2.693 0.520     0.130     0.026       71     3.7  caudalmiddlefrontal
 2322   1806   3077  1.889 0.548     0.134     0.031       56     2.7  cuneus
  521    674   1524  3.064 0.652     0.272     0.077       18     2.3  entorhinal
 4547   4474  11438  2.907 0.630     0.160     0.037       99     7.3  fusiform
 7805   6602  16342  2.726 0.555     0.136     0.055      248     9.1  inferiorparietal
 4394   4528  11690  2.958 0.725     0.170     0.054      140     7.6  inferiortemporal
 1379   1145   2464  2.407 0.821     0.155     0.049       47     2.9  isthmuscingulate
 7545   5996  11908  2.166 0.547     0.124     0.031      195     9.8  lateraloccipital
 4152   3573   9312  2.892 0.706     0.153     0.040      123     6.7  lateralorbitofrontal
 4382   3493   6211  1.989 0.595     0.133     0.033       87     5.9  lingual
 2870   2724   6787  2.862 0.731     0.156     0.037       56     4.6  medialorbitofrontal
 4484   4635  12687  3.078 0.727     0.171     0.040      187     7.4  middletemporal
  996    825   1897  2.674 0.601     0.153     0.044       14     2.1  parahippocampal
 2338   1627   4181  2.674 0.555     0.108     0.020       27     1.9  paracentral
 1774   1630   4197  2.919 0.490     0.137     0.025       23     1.9  parsopercularis
 1176   1418   3468  2.901 0.720     0.178     0.029       19     1.7  parsorbitalis
 2082   1802   4658  2.809 0.589     0.151     0.035       76     2.9  parstriangularis
 1999   1126   1754  1.494 0.357     0.103     0.029       74     2.2  pericalcarine
 5591   4425   7903  1.989 0.586     0.114     0.020       46     4.6  postcentral
 1995   1700   3919  2.528 0.750     0.160     0.044      118     3.4  posteriorcingulate
 6736   5073  12813  2.657 0.563     0.111     0.026      102     5.8  precentral
 5383   4468  10332  2.473 0.613     0.140     0.031       98     6.6  precuneus
  834    956   2508  3.197 0.719     0.183     0.047       14     1.3  rostralanteriorcingulate
 7380   7436  16990  2.563 0.628     0.175     0.038      139    12.3  rostralmiddlefrontal
10068   8436  22766  2.882 0.577     0.140     0.033      185    12.1  superiorfrontal
 7974   6434  13246  2.202 0.535     0.127     0.025      100     7.8  superiorparietal
 4690   4227  10788  2.891 0.616     0.141     0.030       58     6.2  superiortemporal
 4726   3685   9462  2.697 0.507     0.126     0.027       72     4.9  supramarginal
  440    649   1593  3.117 0.671     0.222     0.043        7     0.9  frontalpole
  665   1241   3645  4.075 0.759     0.288     0.055       13     1.8  temporalpole
  481    341    784  2.545 0.470     0.113     0.028        5     0.5  transversetemporal
 3406   2326   7910  3.344 0.865     0.136     0.035      102     5.2  insula
#-----------------------------------------
#@# Parcellation Stats 2 rh Tue Mar 10 09:35:07 CET 2026
/out/sourcedata/freesurfer/sub-v1s8x0051346_ses-1/scripts

 mris_anatomical_stats -th3 -mgz -noglobal -cortex ../label/rh.cortex.label -f ../stats/rh.aparc.a2009s.stats -b -a ../label/rh.aparc.a2009s.annot -c ../label/aparc.annot.a2009s.ctab sub-v1s8x0051346_ses-1 rh white 

computing statistics for each annotation in ../label/rh.aparc.a2009s.annot.
reading volume /out/sourcedata/freesurfer/sub-v1s8x0051346_ses-1/mri/wm.mgz...
reading input surface /out/sourcedata/freesurfer/sub-v1s8x0051346_ses-1/surf/rh.white...
reading input pial surface /out/sourcedata/freesurfer/sub-v1s8x0051346_ses-1/surf/rh.pial...
reading input white surface /out/sourcedata/freesurfer/sub-v1s8x0051346_ses-1/surf/rh.white...
INFO: using TH3 volume calc
INFO: assuming MGZ format for volumes.
INFO: not computing global stats
INFO: using ../label/rh.cortex.label as mask to calc cortex NumVert, SurfArea and MeanThickness.
Using TH3 vertex volume calc
Total face volume 250815
Total vertex volume 250564 (mask=0)
Saving annotation colortable ../label/aparc.annot.a2009s.ctab

table columns are:
    number of vertices
    total surface area (mm^2)
    total gray matter volume (mm^3)
    average cortical thickness +- standard deviation (mm)
    integrated rectified mean curvature
    integrated rectified Gaussian curvature
    folding index
    intrinsic curvature index
    structure name

  953    701   2084  2.488 0.655     0.150     0.039       16     1.8  G_and_S_frontomargin
 1095    749   2033  2.407 0.471     0.133     0.033       13     1.3  G_and_S_occipital_inf
 1548    912   2714  2.459 0.653     0.107     0.022       13     1.4  G_and_S_paracentral
 1310    922   3034  2.790 0.509     0.128     0.025       15     1.4  G_and_S_subcentral
 1196    930   3187  2.638 0.723     0.151     0.039       27     2.1  G_and_S_transv_frontopol
 2774   1957   6524  3.031 0.596     0.128     0.031       44     3.9  G_and_S_cingul-Ant
 1545   1040   3298  3.047 0.572     0.110     0.023       14     1.3  G_and_S_cingul-Mid-Ant
 1671   1137   3390  2.828 0.569     0.119     0.023       16     1.7  G_and_S_cingul-Mid-Post
  486    338   1373  2.934 0.673     0.135     0.030        7     0.6  G_cingul-Post-dorsal
  301    211    872  2.935 0.775     0.128     0.031        4     0.3  G_cingul-Post-ventral
 2140   1351   2844  1.832 0.545     0.127     0.027       25     2.5  G_cuneus
 1176    886   3628  3.055 0.436     0.122     0.026       18     1.4  G_front_inf-Opercular
  418    326   1333  2.951 0.565     0.125     0.031        7     0.6  G_front_inf-Orbital
  823    604   2449  3.154 0.566     0.127     0.027       11     0.9  G_front_inf-Triangul
 3911   3066  12109  2.854 0.580     0.149     0.036       75     5.6  G_front_middle
 6134   4394  16760  3.045 0.539     0.132     0.031       80     7.4  G_front_sup
  502    332   1746  4.221 0.702     0.095     0.028        4     0.5  G_Ins_lg_and_S_cent_ins
  605    411   2320  3.895 0.839     0.105     0.029        6     0.7  G_insular_short
 2179   1506   5170  2.638 0.622     0.136     0.027       35     2.5  G_occipital_middle
 1922   1240   3162  2.150 0.536     0.123     0.026       21     2.1  G_occipital_sup
 2388   1668   6458  2.964 0.660     0.133     0.034       39     3.4  G_oc-temp_lat-fusifor
 2695   1771   4098  2.000 0.644     0.139     0.035       37     3.9  G_oc-temp_med-Lingual
  975    605   2720  2.923 0.732     0.102     0.027        8     0.9  G_oc-temp_med-Parahip
 3001   2280   8793  2.936 0.750     0.146     0.042       70     4.7  G_orbital
 3047   1968   7630  2.957 0.557     0.120     0.025       45     3.0  G_pariet_inf-Angular
 2085   1448   5371  2.856 0.519     0.124     0.026       31     2.0  G_pariet_inf-Supramar
 2427   1717   5398  2.439 0.537     0.132     0.025       30     2.7  G_parietal_sup
 2139   1255   3115  1.992 0.500     0.105     0.023       21     2.0  G_postcentral
 2430   1529   5881  2.872 0.476     0.112     0.025       29     2.3  G_precentral
 2218   1638   5664  2.681 0.619     0.138     0.029       36     2.8  G_precuneus
  873    646   2684  2.856 0.660     0.122     0.033       19     1.1  G_rectus
  606    382   1230  2.894 1.141     0.103     0.037        6     0.6  G_subcallosal
  352    215    643  2.483 0.451     0.148     0.025        6     0.3  G_temp_sup-G_T_transv
 1661   1168   5447  3.158 0.657     0.134     0.035       33     2.5  G_temp_sup-Lateral
  918    625   2138  3.187 0.857     0.098     0.026        5     1.0  G_temp_sup-Plan_polar
  718    502   1276  2.478 0.482     0.091     0.013        4     0.4  G_temp_sup-Plan_tempo
 2292   1668   7575  3.051 0.742     0.129     0.034       45     2.8  G_temporal_inf
 2418   1806   8677  3.289 0.736     0.130     0.034       39     3.1  G_temporal_middle
  343    230    472  2.427 0.335     0.081     0.012        1     0.1  Lat_Fis-ant-Horizont
  302    209    462  2.699 0.469     0.085     0.013        1     0.1  Lat_Fis-ant-Vertical
 1317    857   1870  2.720 0.488     0.103     0.019        7     1.1  Lat_Fis-post
 3439   2221   4517  1.875 0.532     0.137     0.030       41     4.6  Pole_occipital
 1511   1213   7148  3.519 0.816     0.153     0.046       29     2.9  Pole_temporal
 2237   1514   2572  1.892 0.769     0.127     0.028       22     2.8  S_calcarine
 2923   1916   3200  1.944 0.615     0.100     0.018       16     2.4  S_central
 1243    856   1844  2.406 0.414     0.101     0.017        8     0.9  S_cingul-Marginalis
  632    438   1116  3.156 0.542     0.112     0.025        4     0.7  S_circular_insula_ant
 1054    691   1591  2.938 0.608     0.079     0.013        4     0.6  S_circular_insula_inf
 1463    951   2223  2.923 0.471     0.092     0.017        6     1.2  S_circular_insula_sup
  790    568   1869  2.960 0.505     0.102     0.022        6     0.7  S_collat_transv_ant
  352    269    460  2.084 0.393     0.175     0.042        6     0.7  S_collat_transv_post
 1933   1320   3084  2.452 0.431     0.098     0.018       13     1.4  S_front_inf
 1927   1333   2715  2.264 0.489     0.116     0.023       14     1.9  S_front_middle
 2532   1727   3970  2.475 0.413     0.095     0.017       14     1.8  S_front_sup
  321    232    481  2.598 0.365     0.123     0.016        2     0.3  S_interm_prim-Jensen
 3252   2222   4338  2.166 0.501     0.118     0.022       29     3.3  S_intrapariet_and_P_trans
  969    662   1158  2.029 0.408     0.108     0.016        6     0.7  S_oc_middle_and_Lunatus
 1341    898   1779  2.164 0.445     0.103     0.021        9     1.2  S_oc_sup_and_transversal
  832    564   1224  2.272 0.389     0.116     0.023        7     0.8  S_occipital_ant
 1318    926   2080  2.611 0.534     0.111     0.021       10     1.1  S_oc-temp_lat
 2099   1419   3226  2.490 0.510     0.098     0.017       11     1.6  S_oc-temp_med_and_Lingual
  362    263    542  2.359 0.544     0.109     0.019        2     0.3  S_orbital_lateral
  799    533   1190  2.464 0.661     0.095     0.014        5     0.4  S_orbital_med-olfact
 1463   1016   3057  2.946 0.679     0.118     0.026       16     1.6  S_orbital-H_Shaped
 2424   1611   3189  2.140 0.484     0.105     0.020       16     2.0  S_parieto_occipital
 1634   1036   1800  2.029 0.731     0.107     0.017       19     1.2  S_pericallosal
 2428   1575   3000  2.108 0.506     0.097     0.018       14     1.9  S_postcentral
 1572   1052   2499  2.770 0.494     0.094     0.014        7     1.0  S_precentral-inf-part
 1296    877   1828  2.469 0.420     0.096     0.015        7     0.9  S_precentral-sup-part
  392    273    722  2.954 0.715     0.116     0.022        5     0.4  S_suborbital
 1058    722   1652  2.475 0.481     0.099     0.016        5     0.7  S_subparietal
 1277    886   2035  2.936 0.709     0.115     0.019        8     1.2  S_temporal_inf
 6203   4156  10497  2.678 0.479     0.097     0.017       42     4.5  S_temporal_sup
  192    156    326  2.813 0.542     0.159     0.026        2     0.2  S_temporal_transverse
#-----------------------------------------
#@# Parcellation Stats 3 rh Tue Mar 10 09:35:15 CET 2026
/out/sourcedata/freesurfer/sub-v1s8x0051346_ses-1/scripts

 mris_anatomical_stats -th3 -mgz -noglobal -cortex ../label/rh.cortex.label -f ../stats/rh.aparc.DKTatlas.stats -b -a ../label/rh.aparc.DKTatlas.annot -c ../label/aparc.annot.DKTatlas.ctab sub-v1s8x0051346_ses-1 rh white 

computing statistics for each annotation in ../label/rh.aparc.DKTatlas.annot.
reading volume /out/sourcedata/freesurfer/sub-v1s8x0051346_ses-1/mri/wm.mgz...
reading input surface /out/sourcedata/freesurfer/sub-v1s8x0051346_ses-1/surf/rh.white...
reading input pial surface /out/sourcedata/freesurfer/sub-v1s8x0051346_ses-1/surf/rh.pial...
reading input white surface /out/sourcedata/freesurfer/sub-v1s8x0051346_ses-1/surf/rh.white...
INFO: using TH3 volume calc
INFO: assuming MGZ format for volumes.
INFO: not computing global stats
INFO: using ../label/rh.cortex.label as mask to calc cortex NumVert, SurfArea and MeanThickness.
Using TH3 vertex volume calc
Total face volume 250815
Total vertex volume 250564 (mask=0)
Saving annotation colortable ../label/aparc.annot.DKTatlas.ctab

table columns are:
    number of vertices
    total surface area (mm^2)
    total gray matter volume (mm^3)
    average cortical thickness +- standard deviation (mm)
    integrated rectified mean curvature
    integrated rectified Gaussian curvature
    folding index
    intrinsic curvature index
    structure name

 1300    889   2805  3.000 0.694     0.131     0.026       18     1.4  caudalanteriorcingulate
 3660   2600   7652  2.694 0.518     0.116     0.022       34     3.5  caudalmiddlefrontal
 2894   1836   4047  1.947 0.548     0.119     0.024       30     3.0  cuneus
  470    296   1444  3.090 0.678     0.115     0.036        4     0.6  entorhinal
 4275   3005  10127  2.870 0.613     0.121     0.028       52     5.1  fusiform
 7734   5264  16155  2.713 0.556     0.117     0.022       93     7.2  inferiorparietal
 4758   3466  13128  2.976 0.725     0.124     0.030       69     5.6  inferiortemporal
 1390    906   2460  2.412 0.810     0.103     0.021       12     1.1  isthmuscingulate
 7572   5034  11792  2.143 0.548     0.133     0.029       86     9.2  lateraloccipital
 4709   3398  11003  2.840 0.742     0.138     0.037       84     7.2  lateralorbitofrontal
 4269   2870   6090  1.991 0.597     0.134     0.032       51     6.0  lingual
 2120   1493   5069  2.828 0.774     0.116     0.031       36     2.4  medialorbitofrontal
 5443   3900  14490  3.053 0.687     0.120     0.027       67     6.0  middletemporal
 1030    653   1945  2.661 0.598     0.088     0.015        6     0.6  parahippocampal
 2375   1480   4281  2.679 0.558     0.103     0.019       18     1.8  paracentral
 2008   1439   4594  2.883 0.500     0.105     0.020       18     1.7  parsopercularis
 1071    791   2972  2.869 0.618     0.106     0.026       12     1.0  parsorbitalis
 1968   1396   4361  2.794 0.593     0.113     0.023       20     1.9  parstriangularis
 1994   1299   1759  1.503 0.365     0.125     0.028       20     2.5  pericalcarine
 6238   3974   8797  2.000 0.591     0.103     0.020       50     5.1  postcentral
 2026   1406   3951  2.525 0.752     0.128     0.025       26     2.1  posteriorcingulate
 6544   4254  12628  2.674 0.561     0.108     0.022       57     6.2  precentral
 5487   3881  10589  2.466 0.619     0.118     0.024       59     5.4  precuneus
 1187    831   3155  3.086 0.785     0.122     0.025       15     1.3  rostralanteriorcingulate
 5132   3809  11909  2.624 0.618     0.134     0.031       76     6.6  rostralmiddlefrontal
12839   9148  29449  2.816 0.613     0.123     0.028      158    14.9  superiorfrontal
 6592   4483  11136  2.223 0.536     0.117     0.022       63     6.6  superiorparietal
 6243   4247  15985  3.001 0.724     0.106     0.023       64     6.2  superiortemporal
 4461   3024   8984  2.719 0.496     0.114     0.022       47     4.2  supramarginal
  469    295    779  2.515 0.422     0.145     0.026        7     0.4  transversetemporal
 2904   1931   7029  3.489 0.785     0.097     0.022       18     2.7  insula
/out/sourcedata/freesurfer/sub-v1s8x0051346_ses-1/label
#--------------------------------------------
#@# BA_exvivo Labels rh Tue Mar 10 09:35:23 CET 2026

 mri_label2label --srcsubject fsaverage --srclabel /out/sourcedata/freesurfer/fsaverage/label/rh.BA1_exvivo.label --trgsubject sub-v1s8x0051346_ses-1 --trglabel ./rh.BA1_exvivo.label --hemi rh --regmethod surface 


srclabel = /out/sourcedata/freesurfer/fsaverage/label/rh.BA1_exvivo.label
srcsubject = fsaverage
trgsubject = sub-v1s8x0051346_ses-1
trglabel = ./rh.BA1_exvivo.label
regmethod = surface

srchemi = rh
trghemi = rh
trgsurface = white
srcsurfreg = sphere.reg
trgsurfreg = sphere.reg
usehash = 1
Use ProjAbs  = 0, 0
Use ProjFrac = 0, 0
DoPaint 0

SUBJECTS_DIR    /out/sourcedata/freesurfer
FREESURFER_HOME /opt/freesurfer
Loading source label.
Found 3962 points in source label.
Starting surface-based mapping
Reading source registration 
 /out/sourcedata/freesurfer/fsaverage/surf/rh.sphere.reg
Rescaling ...  original radius = 100
Reading target surface 
 /out/sourcedata/freesurfer/sub-v1s8x0051346_ses-1/surf/rh.white
Reading target registration 
 /out/sourcedata/freesurfer/sub-v1s8x0051346_ses-1/surf/rh.sphere.reg
Rescaling ...  original radius = 99.9999
Building target registration hash (res=16).
Building source registration hash (res=16).
INFO: found  3962 nlabel points
Performing mapping from target back to the source label 128873
Number of reverse mapping hits = 122
Checking for and removing duplicates
Writing label file ./rh.BA1_exvivo.label 4084
mri_label2label: Done


 mri_label2label --srcsubject fsaverage --srclabel /out/sourcedata/freesurfer/fsaverage/label/rh.BA2_exvivo.label --trgsubject sub-v1s8x0051346_ses-1 --trglabel ./rh.BA2_exvivo.label --hemi rh --regmethod surface 


srclabel = /out/sourcedata/freesurfer/fsaverage/label/rh.BA2_exvivo.label
srcsubject = fsaverage
trgsubject = sub-v1s8x0051346_ses-1
trglabel = ./rh.BA2_exvivo.label
regmethod = surface

srchemi = rh
trghemi = rh
trgsurface = white
srcsurfreg = sphere.reg
trgsurfreg = sphere.reg
usehash = 1
Use ProjAbs  = 0, 0
Use ProjFrac = 0, 0
DoPaint 0

SUBJECTS_DIR    /out/sourcedata/freesurfer
FREESURFER_HOME /opt/freesurfer
Loading source label.
Found 6687 points in source label.
Starting surface-based mapping
Reading source registration 
 /out/sourcedata/freesurfer/fsaverage/surf/rh.sphere.reg
Rescaling ...  original radius = 100
Reading target surface 
 /out/sourcedata/freesurfer/sub-v1s8x0051346_ses-1/surf/rh.white
Reading target registration 
 /out/sourcedata/freesurfer/sub-v1s8x0051346_ses-1/surf/rh.sphere.reg
Rescaling ...  original radius = 99.9999
Building target registration hash (res=16).
Building source registration hash (res=16).
INFO: found  6687 nlabel points
Performing mapping from target back to the source label 128873
Number of reverse mapping hits = 156
Checking for and removing duplicates
Writing label file ./rh.BA2_exvivo.label 6843
mri_label2label: Done


 mri_label2label --srcsubject fsaverage --srclabel /out/sourcedata/freesurfer/fsaverage/label/rh.BA3a_exvivo.label --trgsubject sub-v1s8x0051346_ses-1 --trglabel ./rh.BA3a_exvivo.label --hemi rh --regmethod surface 


srclabel = /out/sourcedata/freesurfer/fsaverage/label/rh.BA3a_exvivo.label
srcsubject = fsaverage
trgsubject = sub-v1s8x0051346_ses-1
trglabel = ./rh.BA3a_exvivo.label
regmethod = surface

srchemi = rh
trghemi = rh
trgsurface = white
srcsurfreg = sphere.reg
trgsurfreg = sphere.reg
usehash = 1
Use ProjAbs  = 0, 0
Use ProjFrac = 0, 0
DoPaint 0

SUBJECTS_DIR    /out/sourcedata/freesurfer
FREESURFER_HOME /opt/freesurfer
Loading source label.
Found 3980 points in source label.
Starting surface-based mapping
Reading source registration 
 /out/sourcedata/freesurfer/fsaverage/surf/rh.sphere.reg
Rescaling ...  original radius = 100
Reading target surface 
 /out/sourcedata/freesurfer/sub-v1s8x0051346_ses-1/surf/rh.white
Reading target registration 
 /out/sourcedata/freesurfer/sub-v1s8x0051346_ses-1/surf/rh.sphere.reg
Rescaling ...  original radius = 99.9999
Building target registration hash (res=16).
Building source registration hash (res=16).
INFO: found  3980 nlabel points
Performing mapping from target back to the source label 128873
Number of reverse mapping hits = 36
Checking for and removing duplicates
Writing label file ./rh.BA3a_exvivo.label 4016
mri_label2label: Done


 mri_label2label --srcsubject fsaverage --srclabel /out/sourcedata/freesurfer/fsaverage/label/rh.BA3b_exvivo.label --trgsubject sub-v1s8x0051346_ses-1 --trglabel ./rh.BA3b_exvivo.label --hemi rh --regmethod surface 


srclabel = /out/sourcedata/freesurfer/fsaverage/label/rh.BA3b_exvivo.label
srcsubject = fsaverage
trgsubject = sub-v1s8x0051346_ses-1
trglabel = ./rh.BA3b_exvivo.label
regmethod = surface

srchemi = rh
trghemi = rh
trgsurface = white
srcsurfreg = sphere.reg
trgsurfreg = sphere.reg
usehash = 1
Use ProjAbs  = 0, 0
Use ProjFrac = 0, 0
DoPaint 0

SUBJECTS_DIR    /out/sourcedata/freesurfer
FREESURFER_HOME /opt/freesurfer
Loading source label.
Found 4522 points in source label.
Starting surface-based mapping
Reading source registration 
 /out/sourcedata/freesurfer/fsaverage/surf/rh.sphere.reg
Rescaling ...  original radius = 100
Reading target surface 
 /out/sourcedata/freesurfer/sub-v1s8x0051346_ses-1/surf/rh.white
Reading target registration 
 /out/sourcedata/freesurfer/sub-v1s8x0051346_ses-1/surf/rh.sphere.reg
Rescaling ...  original radius = 99.9999
Building target registration hash (res=16).
Building source registration hash (res=16).
INFO: found  4522 nlabel points
Performing mapping from target back to the source label 128873
Number of reverse mapping hits = 78
Checking for and removing duplicates
Writing label file ./rh.BA3b_exvivo.label 4600
mri_label2label: Done


 mri_label2label --srcsubject fsaverage --srclabel /out/sourcedata/freesurfer/fsaverage/label/rh.BA4a_exvivo.label --trgsubject sub-v1s8x0051346_ses-1 --trglabel ./rh.BA4a_exvivo.label --hemi rh --regmethod surface 


srclabel = /out/sourcedata/freesurfer/fsaverage/label/rh.BA4a_exvivo.label
srcsubject = fsaverage
trgsubject = sub-v1s8x0051346_ses-1
trglabel = ./rh.BA4a_exvivo.label
regmethod = surface

srchemi = rh
trghemi = rh
trgsurface = white
srcsurfreg = sphere.reg
trgsurfreg = sphere.reg
usehash = 1
Use ProjAbs  = 0, 0
Use ProjFrac = 0, 0
DoPaint 0

SUBJECTS_DIR    /out/sourcedata/freesurfer
FREESURFER_HOME /opt/freesurfer
Loading source label.
Found 5747 points in source label.
Starting surface-based mapping
Reading source registration 
 /out/sourcedata/freesurfer/fsaverage/surf/rh.sphere.reg
Rescaling ...  original radius = 100
Reading target surface 
 /out/sourcedata/freesurfer/sub-v1s8x0051346_ses-1/surf/rh.white
Reading target registration 
 /out/sourcedata/freesurfer/sub-v1s8x0051346_ses-1/surf/rh.sphere.reg
Rescaling ...  original radius = 99.9999
Building target registration hash (res=16).
Building source registration hash (res=16).
INFO: found  5747 nlabel points
Performing mapping from target back to the source label 128873
Number of reverse mapping hits = 121
Checking for and removing duplicates
Writing label file ./rh.BA4a_exvivo.label 5868
mri_label2label: Done


 mri_label2label --srcsubject fsaverage --srclabel /out/sourcedata/freesurfer/fsaverage/label/rh.BA4p_exvivo.label --trgsubject sub-v1s8x0051346_ses-1 --trglabel ./rh.BA4p_exvivo.label --hemi rh --regmethod surface 


srclabel = /out/sourcedata/freesurfer/fsaverage/label/rh.BA4p_exvivo.label
srcsubject = fsaverage
trgsubject = sub-v1s8x0051346_ses-1
trglabel = ./rh.BA4p_exvivo.label
regmethod = surface

srchemi = rh
trghemi = rh
trgsurface = white
srcsurfreg = sphere.reg
trgsurfreg = sphere.reg
usehash = 1
Use ProjAbs  = 0, 0
Use ProjFrac = 0, 0
DoPaint 0

SUBJECTS_DIR    /out/sourcedata/freesurfer
FREESURFER_HOME /opt/freesurfer
Loading source label.
Found 4473 points in source label.
Starting surface-based mapping
Reading source registration 
 /out/sourcedata/freesurfer/fsaverage/surf/rh.sphere.reg
Rescaling ...  original radius = 100
Reading target surface 
 /out/sourcedata/freesurfer/sub-v1s8x0051346_ses-1/surf/rh.white
Reading target registration 
 /out/sourcedata/freesurfer/sub-v1s8x0051346_ses-1/surf/rh.sphere.reg
Rescaling ...  original radius = 99.9999
Building target registration hash (res=16).
Building source registration hash (res=16).
INFO: found  4473 nlabel points
Performing mapping from target back to the source label 128873
Number of reverse mapping hits = 92
Checking for and removing duplicates
Writing label file ./rh.BA4p_exvivo.label 4565
mri_label2label: Done


 mri_label2label --srcsubject fsaverage --srclabel /out/sourcedata/freesurfer/fsaverage/label/rh.BA6_exvivo.label --trgsubject sub-v1s8x0051346_ses-1 --trglabel ./rh.BA6_exvivo.label --hemi rh --regmethod surface 


srclabel = /out/sourcedata/freesurfer/fsaverage/label/rh.BA6_exvivo.label
srcsubject = fsaverage
trgsubject = sub-v1s8x0051346_ses-1
trglabel = ./rh.BA6_exvivo.label
regmethod = surface

srchemi = rh
trghemi = rh
trgsurface = white
srcsurfreg = sphere.reg
trgsurfreg = sphere.reg
usehash = 1
Use ProjAbs  = 0, 0
Use ProjFrac = 0, 0
DoPaint 0

SUBJECTS_DIR    /out/sourcedata/freesurfer
FREESURFER_HOME /opt/freesurfer
Loading source label.
Found 12256 points in source label.
Starting surface-based mapping
Reading source registration 
 /out/sourcedata/freesurfer/fsaverage/surf/rh.sphere.reg
Rescaling ...  original radius = 100
Reading target surface 
 /out/sourcedata/freesurfer/sub-v1s8x0051346_ses-1/surf/rh.white
Reading target registration 
 /out/sourcedata/freesurfer/sub-v1s8x0051346_ses-1/surf/rh.sphere.reg
Rescaling ...  original radius = 99.9999
Building target registration hash (res=16).
Building source registration hash (res=16).
INFO: found  12256 nlabel points
Performing mapping from target back to the source label 128873
Number of reverse mapping hits = 329
Checking for and removing duplicates
Writing label file ./rh.BA6_exvivo.label 12585
mri_label2label: Done


 mri_label2label --srcsubject fsaverage --srclabel /out/sourcedata/freesurfer/fsaverage/label/rh.BA44_exvivo.label --trgsubject sub-v1s8x0051346_ses-1 --trglabel ./rh.BA44_exvivo.label --hemi rh --regmethod surface 


srclabel = /out/sourcedata/freesurfer/fsaverage/label/rh.BA44_exvivo.label
srcsubject = fsaverage
trgsubject = sub-v1s8x0051346_ses-1
trglabel = ./rh.BA44_exvivo.label
regmethod = surface

srchemi = rh
trghemi = rh
trgsurface = white
srcsurfreg = sphere.reg
trgsurfreg = sphere.reg
usehash = 1
Use ProjAbs  = 0, 0
Use ProjFrac = 0, 0
DoPaint 0

SUBJECTS_DIR    /out/sourcedata/freesurfer
FREESURFER_HOME /opt/freesurfer
Loading source label.
Found 6912 points in source label.
Starting surface-based mapping
Reading source registration 
 /out/sourcedata/freesurfer/fsaverage/surf/rh.sphere.reg
Rescaling ...  original radius = 100
Reading target surface 
 /out/sourcedata/freesurfer/sub-v1s8x0051346_ses-1/surf/rh.white
Reading target registration 
 /out/sourcedata/freesurfer/sub-v1s8x0051346_ses-1/surf/rh.sphere.reg
Rescaling ...  original radius = 99.9999
Building target registration hash (res=16).
Building source registration hash (res=16).
INFO: found  6912 nlabel points
Performing mapping from target back to the source label 128873
Number of reverse mapping hits = 218
Checking for and removing duplicates
Writing label file ./rh.BA44_exvivo.label 7130
mri_label2label: Done


 mri_label2label --srcsubject fsaverage --srclabel /out/sourcedata/freesurfer/fsaverage/label/rh.BA45_exvivo.label --trgsubject sub-v1s8x0051346_ses-1 --trglabel ./rh.BA45_exvivo.label --hemi rh --regmethod surface 


srclabel = /out/sourcedata/freesurfer/fsaverage/label/rh.BA45_exvivo.label
srcsubject = fsaverage
trgsubject = sub-v1s8x0051346_ses-1
trglabel = ./rh.BA45_exvivo.label
regmethod = surface

srchemi = rh
trghemi = rh
trgsurface = white
srcsurfreg = sphere.reg
trgsurfreg = sphere.reg
usehash = 1
Use ProjAbs  = 0, 0
Use ProjFrac = 0, 0
DoPaint 0

SUBJECTS_DIR    /out/sourcedata/freesurfer
FREESURFER_HOME /opt/freesurfer
Loading source label.
Found 5355 points in source label.
Starting surface-based mapping
Reading source registration 
 /out/sourcedata/freesurfer/fsaverage/surf/rh.sphere.reg
Rescaling ...  original radius = 100
Reading target surface 
 /out/sourcedata/freesurfer/sub-v1s8x0051346_ses-1/surf/rh.white
Reading target registration 
 /out/sourcedata/freesurfer/sub-v1s8x0051346_ses-1/surf/rh.sphere.reg
Rescaling ...  original radius = 99.9999
Building target registration hash (res=16).
Building source registration hash (res=16).
INFO: found  5355 nlabel points
Performing mapping from target back to the source label 128873
Number of reverse mapping hits = 361
Checking for and removing duplicates
Writing label file ./rh.BA45_exvivo.label 5716
mri_label2label: Done


 mri_label2label --srcsubject fsaverage --srclabel /out/sourcedata/freesurfer/fsaverage/label/rh.V1_exvivo.label --trgsubject sub-v1s8x0051346_ses-1 --trglabel ./rh.V1_exvivo.label --hemi rh --regmethod surface 


srclabel = /out/sourcedata/freesurfer/fsaverage/label/rh.V1_exvivo.label
srcsubject = fsaverage
trgsubject = sub-v1s8x0051346_ses-1
trglabel = ./rh.V1_exvivo.label
regmethod = surface

srchemi = rh
trghemi = rh
trgsurface = white
srcsurfreg = sphere.reg
trgsurfreg = sphere.reg
usehash = 1
Use ProjAbs  = 0, 0
Use ProjFrac = 0, 0
DoPaint 0

SUBJECTS_DIR    /out/sourcedata/freesurfer
FREESURFER_HOME /opt/freesurfer
Loading source label.
Found 4727 points in source label.
Starting surface-based mapping
Reading source registration 
 /out/sourcedata/freesurfer/fsaverage/surf/rh.sphere.reg
Rescaling ...  original radius = 100
Reading target surface 
 /out/sourcedata/freesurfer/sub-v1s8x0051346_ses-1/surf/rh.white
Reading target registration 
 /out/sourcedata/freesurfer/sub-v1s8x0051346_ses-1/surf/rh.sphere.reg
Rescaling ...  original radius = 99.9999
Building target registration hash (res=16).
Building source registration hash (res=16).
INFO: found  4727 nlabel points
Performing mapping from target back to the source label 128873
Number of reverse mapping hits = 1010
Checking for and removing duplicates
Writing label file ./rh.V1_exvivo.label 5737
mri_label2label: Done


 mri_label2label --srcsubject fsaverage --srclabel /out/sourcedata/freesurfer/fsaverage/label/rh.V2_exvivo.label --trgsubject sub-v1s8x0051346_ses-1 --trglabel ./rh.V2_exvivo.label --hemi rh --regmethod surface 


srclabel = /out/sourcedata/freesurfer/fsaverage/label/rh.V2_exvivo.label
srcsubject = fsaverage
trgsubject = sub-v1s8x0051346_ses-1
trglabel = ./rh.V2_exvivo.label
regmethod = surface

srchemi = rh
trghemi = rh
trgsurface = white
srcsurfreg = sphere.reg
trgsurfreg = sphere.reg
usehash = 1
Use ProjAbs  = 0, 0
Use ProjFrac = 0, 0
DoPaint 0

SUBJECTS_DIR    /out/sourcedata/freesurfer
FREESURFER_HOME /opt/freesurfer
Loading source label.
Found 8016 points in source label.
Starting surface-based mapping
Reading source registration 
 /out/sourcedata/freesurfer/fsaverage/surf/rh.sphere.reg
Rescaling ...  original radius = 100
Reading target surface 
 /out/sourcedata/freesurfer/sub-v1s8x0051346_ses-1/surf/rh.white
Reading target registration 
 /out/sourcedata/freesurfer/sub-v1s8x0051346_ses-1/surf/rh.sphere.reg
Rescaling ...  original radius = 99.9999
Building target registration hash (res=16).
Building source registration hash (res=16).
INFO: found  8016 nlabel points
Performing mapping from target back to the source label 128873
Number of reverse mapping hits = 2126
Checking for and removing duplicates
Writing label file ./rh.V2_exvivo.label 10142
mri_label2label: Done


 mri_label2label --srcsubject fsaverage --srclabel /out/sourcedata/freesurfer/fsaverage/label/rh.MT_exvivo.label --trgsubject sub-v1s8x0051346_ses-1 --trglabel ./rh.MT_exvivo.label --hemi rh --regmethod surface 


srclabel = /out/sourcedata/freesurfer/fsaverage/label/rh.MT_exvivo.label
srcsubject = fsaverage
trgsubject = sub-v1s8x0051346_ses-1
trglabel = ./rh.MT_exvivo.label
regmethod = surface

srchemi = rh
trghemi = rh
trgsurface = white
srcsurfreg = sphere.reg
trgsurfreg = sphere.reg
usehash = 1
Use ProjAbs  = 0, 0
Use ProjFrac = 0, 0
DoPaint 0

SUBJECTS_DIR    /out/sourcedata/freesurfer
FREESURFER_HOME /opt/freesurfer
Loading source label.
Found 1932 points in source label.
Starting surface-based mapping
Reading source registration 
 /out/sourcedata/freesurfer/fsaverage/surf/rh.sphere.reg
Rescaling ...  original radius = 100
Reading target surface 
 /out/sourcedata/freesurfer/sub-v1s8x0051346_ses-1/surf/rh.white
Reading target registration 
 /out/sourcedata/freesurfer/sub-v1s8x0051346_ses-1/surf/rh.sphere.reg
Rescaling ...  original radius = 99.9999
Building target registration hash (res=16).
Building source registration hash (res=16).
INFO: found  1932 nlabel points
Performing mapping from target back to the source label 128873
Number of reverse mapping hits = 370
Checking for and removing duplicates
Writing label file ./rh.MT_exvivo.label 2302
mri_label2label: Done


 mri_label2label --srcsubject fsaverage --srclabel /out/sourcedata/freesurfer/fsaverage/label/rh.entorhinal_exvivo.label --trgsubject sub-v1s8x0051346_ses-1 --trglabel ./rh.entorhinal_exvivo.label --hemi rh --regmethod surface 


srclabel = /out/sourcedata/freesurfer/fsaverage/label/rh.entorhinal_exvivo.label
srcsubject = fsaverage
trgsubject = sub-v1s8x0051346_ses-1
trglabel = ./rh.entorhinal_exvivo.label
regmethod = surface

srchemi = rh
trghemi = rh
trgsurface = white
srcsurfreg = sphere.reg
trgsurfreg = sphere.reg
usehash = 1
Use ProjAbs  = 0, 0
Use ProjFrac = 0, 0
DoPaint 0

SUBJECTS_DIR    /out/sourcedata/freesurfer
FREESURFER_HOME /opt/freesurfer
Loading source label.
Found 1038 points in source label.
Starting surface-based mapping
Reading source registration 
 /out/sourcedata/freesurfer/fsaverage/surf/rh.sphere.reg
Rescaling ...  original radius = 100
Reading target surface 
 /out/sourcedata/freesurfer/sub-v1s8x0051346_ses-1/surf/rh.white
Reading target registration 
 /out/sourcedata/freesurfer/sub-v1s8x0051346_ses-1/surf/rh.sphere.reg
Rescaling ...  original radius = 99.9999
Building target registration hash (res=16).
Building source registration hash (res=16).
INFO: found  1038 nlabel points
Performing mapping from target back to the source label 128873
Number of reverse mapping hits = 22
Checking for and removing duplicates
Writing label file ./rh.entorhinal_exvivo.label 1060
mri_label2label: Done


 mri_label2label --srcsubject fsaverage --srclabel /out/sourcedata/freesurfer/fsaverage/label/rh.perirhinal_exvivo.label --trgsubject sub-v1s8x0051346_ses-1 --trglabel ./rh.perirhinal_exvivo.label --hemi rh --regmethod surface 


srclabel = /out/sourcedata/freesurfer/fsaverage/label/rh.perirhinal_exvivo.label
srcsubject = fsaverage
trgsubject = sub-v1s8x0051346_ses-1
trglabel = ./rh.perirhinal_exvivo.label
regmethod = surface

srchemi = rh
trghemi = rh
trgsurface = white
srcsurfreg = sphere.reg
trgsurfreg = sphere.reg
usehash = 1
Use ProjAbs  = 0, 0
Use ProjFrac = 0, 0
DoPaint 0

SUBJECTS_DIR    /out/sourcedata/freesurfer
FREESURFER_HOME /opt/freesurfer
Loading source label.
Found 752 points in source label.
Starting surface-based mapping
Reading source registration 
 /out/sourcedata/freesurfer/fsaverage/surf/rh.sphere.reg
Rescaling ...  original radius = 100
Reading target surface 
 /out/sourcedata/freesurfer/sub-v1s8x0051346_ses-1/surf/rh.white
Reading target registration 
 /out/sourcedata/freesurfer/sub-v1s8x0051346_ses-1/surf/rh.sphere.reg
Rescaling ...  original radius = 99.9999
Building target registration hash (res=16).
Building source registration hash (res=16).
INFO: found  752 nlabel points
Performing mapping from target back to the source label 128873
Number of reverse mapping hits = 6
Checking for and removing duplicates
Writing label file ./rh.perirhinal_exvivo.label 758
mri_label2label: Done


 mri_label2label --srcsubject fsaverage --srclabel /out/sourcedata/freesurfer/fsaverage/label/rh.FG1.mpm.vpnl.label --trgsubject sub-v1s8x0051346_ses-1 --trglabel ./rh.FG1.mpm.vpnl.label --hemi rh --regmethod surface 


srclabel = /out/sourcedata/freesurfer/fsaverage/label/rh.FG1.mpm.vpnl.label
srcsubject = fsaverage
trgsubject = sub-v1s8x0051346_ses-1
trglabel = ./rh.FG1.mpm.vpnl.label
regmethod = surface

srchemi = rh
trghemi = rh
trgsurface = white
srcsurfreg = sphere.reg
trgsurfreg = sphere.reg
usehash = 1
Use ProjAbs  = 0, 0
Use ProjFrac = 0, 0
DoPaint 0

SUBJECTS_DIR    /out/sourcedata/freesurfer
FREESURFER_HOME /opt/freesurfer
Loading source label.
Found 541 points in source label.
Starting surface-based mapping
Reading source registration 
 /out/sourcedata/freesurfer/fsaverage/surf/rh.sphere.reg
Rescaling ...  original radius = 100
Reading target surface 
 /out/sourcedata/freesurfer/sub-v1s8x0051346_ses-1/surf/rh.white
Reading target registration 
 /out/sourcedata/freesurfer/sub-v1s8x0051346_ses-1/surf/rh.sphere.reg
Rescaling ...  original radius = 99.9999
Building target registration hash (res=16).
Building source registration hash (res=16).
INFO: found  541 nlabel points
Performing mapping from target back to the source label 128873
Number of reverse mapping hits = 133
Checking for and removing duplicates
Writing label file ./rh.FG1.mpm.vpnl.label 674
mri_label2label: Done


 mri_label2label --srcsubject fsaverage --srclabel /out/sourcedata/freesurfer/fsaverage/label/rh.FG2.mpm.vpnl.label --trgsubject sub-v1s8x0051346_ses-1 --trglabel ./rh.FG2.mpm.vpnl.label --hemi rh --regmethod surface 


srclabel = /out/sourcedata/freesurfer/fsaverage/label/rh.FG2.mpm.vpnl.label
srcsubject = fsaverage
trgsubject = sub-v1s8x0051346_ses-1
trglabel = ./rh.FG2.mpm.vpnl.label
regmethod = surface

srchemi = rh
trghemi = rh
trgsurface = white
srcsurfreg = sphere.reg
trgsurfreg = sphere.reg
usehash = 1
Use ProjAbs  = 0, 0
Use ProjFrac = 0, 0
DoPaint 0

SUBJECTS_DIR    /out/sourcedata/freesurfer
FREESURFER_HOME /opt/freesurfer
Loading source label.
Found 721 points in source label.
Starting surface-based mapping
Reading source registration 
 /out/sourcedata/freesurfer/fsaverage/surf/rh.sphere.reg
Rescaling ...  original radius = 100
Reading target surface 
 /out/sourcedata/freesurfer/sub-v1s8x0051346_ses-1/surf/rh.white
Reading target registration 
 /out/sourcedata/freesurfer/sub-v1s8x0051346_ses-1/surf/rh.sphere.reg
Rescaling ...  original radius = 99.9999
Building target registration hash (res=16).
Building source registration hash (res=16).
INFO: found  721 nlabel points
Performing mapping from target back to the source label 128873
Number of reverse mapping hits = 288
Checking for and removing duplicates
Writing label file ./rh.FG2.mpm.vpnl.label 1009
mri_label2label: Done


 mri_label2label --srcsubject fsaverage --srclabel /out/sourcedata/freesurfer/fsaverage/label/rh.FG3.mpm.vpnl.label --trgsubject sub-v1s8x0051346_ses-1 --trglabel ./rh.FG3.mpm.vpnl.label --hemi rh --regmethod surface 


srclabel = /out/sourcedata/freesurfer/fsaverage/label/rh.FG3.mpm.vpnl.label
srcsubject = fsaverage
trgsubject = sub-v1s8x0051346_ses-1
trglabel = ./rh.FG3.mpm.vpnl.label
regmethod = surface

srchemi = rh
trghemi = rh
trgsurface = white
srcsurfreg = sphere.reg
trgsurfreg = sphere.reg
usehash = 1
Use ProjAbs  = 0, 0
Use ProjFrac = 0, 0
DoPaint 0

SUBJECTS_DIR    /out/sourcedata/freesurfer
FREESURFER_HOME /opt/freesurfer
Loading source label.
Found 1523 points in source label.
Starting surface-based mapping
Reading source registration 
 /out/sourcedata/freesurfer/fsaverage/surf/rh.sphere.reg
Rescaling ...  original radius = 100
Reading target surface 
 /out/sourcedata/freesurfer/sub-v1s8x0051346_ses-1/surf/rh.white
Reading target registration 
 /out/sourcedata/freesurfer/sub-v1s8x0051346_ses-1/surf/rh.sphere.reg
Rescaling ...  original radius = 99.9999
Building target registration hash (res=16).
Building source registration hash (res=16).
INFO: found  1523 nlabel points
Performing mapping from target back to the source label 128873
Number of reverse mapping hits = 217
Checking for and removing duplicates
Writing label file ./rh.FG3.mpm.vpnl.label 1740
mri_label2label: Done


 mri_label2label --srcsubject fsaverage --srclabel /out/sourcedata/freesurfer/fsaverage/label/rh.FG4.mpm.vpnl.label --trgsubject sub-v1s8x0051346_ses-1 --trglabel ./rh.FG4.mpm.vpnl.label --hemi rh --regmethod surface 


srclabel = /out/sourcedata/freesurfer/fsaverage/label/rh.FG4.mpm.vpnl.label
srcsubject = fsaverage
trgsubject = sub-v1s8x0051346_ses-1
trglabel = ./rh.FG4.mpm.vpnl.label
regmethod = surface

srchemi = rh
trghemi = rh
trgsurface = white
srcsurfreg = sphere.reg
trgsurfreg = sphere.reg
usehash = 1
Use ProjAbs  = 0, 0
Use ProjFrac = 0, 0
DoPaint 0

SUBJECTS_DIR    /out/sourcedata/freesurfer
FREESURFER_HOME /opt/freesurfer
Loading source label.
Found 1586 points in source label.
Starting surface-based mapping
Reading source registration 
 /out/sourcedata/freesurfer/fsaverage/surf/rh.sphere.reg
Rescaling ...  original radius = 100
Reading target surface 
 /out/sourcedata/freesurfer/sub-v1s8x0051346_ses-1/surf/rh.white
Reading target registration 
 /out/sourcedata/freesurfer/sub-v1s8x0051346_ses-1/surf/rh.sphere.reg
Rescaling ...  original radius = 99.9999
Building target registration hash (res=16).
Building source registration hash (res=16).
INFO: found  1586 nlabel points
Performing mapping from target back to the source label 128873
Number of reverse mapping hits = 491
Checking for and removing duplicates
Writing label file ./rh.FG4.mpm.vpnl.label 2077
mri_label2label: Done


 mri_label2label --srcsubject fsaverage --srclabel /out/sourcedata/freesurfer/fsaverage/label/rh.hOc1.mpm.vpnl.label --trgsubject sub-v1s8x0051346_ses-1 --trglabel ./rh.hOc1.mpm.vpnl.label --hemi rh --regmethod surface 


srclabel = /out/sourcedata/freesurfer/fsaverage/label/rh.hOc1.mpm.vpnl.label
srcsubject = fsaverage
trgsubject = sub-v1s8x0051346_ses-1
trglabel = ./rh.hOc1.mpm.vpnl.label
regmethod = surface

srchemi = rh
trghemi = rh
trgsurface = white
srcsurfreg = sphere.reg
trgsurfreg = sphere.reg
usehash = 1
Use ProjAbs  = 0, 0
Use ProjFrac = 0, 0
DoPaint 0

SUBJECTS_DIR    /out/sourcedata/freesurfer
FREESURFER_HOME /opt/freesurfer
Loading source label.
Found 3667 points in source label.
Starting surface-based mapping
Reading source registration 
 /out/sourcedata/freesurfer/fsaverage/surf/rh.sphere.reg
Rescaling ...  original radius = 100
Reading target surface 
 /out/sourcedata/freesurfer/sub-v1s8x0051346_ses-1/surf/rh.white
Reading target registration 
 /out/sourcedata/freesurfer/sub-v1s8x0051346_ses-1/surf/rh.sphere.reg
Rescaling ...  original radius = 99.9999
Building target registration hash (res=16).
Building source registration hash (res=16).
INFO: found  3667 nlabel points
Performing mapping from target back to the source label 128873
Number of reverse mapping hits = 729
Checking for and removing duplicates
Writing label file ./rh.hOc1.mpm.vpnl.label 4396
mri_label2label: Done


 mri_label2label --srcsubject fsaverage --srclabel /out/sourcedata/freesurfer/fsaverage/label/rh.hOc2.mpm.vpnl.label --trgsubject sub-v1s8x0051346_ses-1 --trglabel ./rh.hOc2.mpm.vpnl.label --hemi rh --regmethod surface 


srclabel = /out/sourcedata/freesurfer/fsaverage/label/rh.hOc2.mpm.vpnl.label
srcsubject = fsaverage
trgsubject = sub-v1s8x0051346_ses-1
trglabel = ./rh.hOc2.mpm.vpnl.label
regmethod = surface

srchemi = rh
trghemi = rh
trgsurface = white
srcsurfreg = sphere.reg
trgsurfreg = sphere.reg
usehash = 1
Use ProjAbs  = 0, 0
Use ProjFrac = 0, 0
DoPaint 0

SUBJECTS_DIR    /out/sourcedata/freesurfer
FREESURFER_HOME /opt/freesurfer
Loading source label.
Found 2719 points in source label.
Starting surface-based mapping
Reading source registration 
 /out/sourcedata/freesurfer/fsaverage/surf/rh.sphere.reg
Rescaling ...  original radius = 100
Reading target surface 
 /out/sourcedata/freesurfer/sub-v1s8x0051346_ses-1/surf/rh.white
Reading target registration 
 /out/sourcedata/freesurfer/sub-v1s8x0051346_ses-1/surf/rh.sphere.reg
Rescaling ...  original radius = 99.9999
Building target registration hash (res=16).
Building source registration hash (res=16).
INFO: found  2719 nlabel points
Performing mapping from target back to the source label 128873
Number of reverse mapping hits = 755
Checking for and removing duplicates
Writing label file ./rh.hOc2.mpm.vpnl.label 3474
mri_label2label: Done


 mri_label2label --srcsubject fsaverage --srclabel /out/sourcedata/freesurfer/fsaverage/label/rh.hOc3v.mpm.vpnl.label --trgsubject sub-v1s8x0051346_ses-1 --trglabel ./rh.hOc3v.mpm.vpnl.label --hemi rh --regmethod surface 


srclabel = /out/sourcedata/freesurfer/fsaverage/label/rh.hOc3v.mpm.vpnl.label
srcsubject = fsaverage
trgsubject = sub-v1s8x0051346_ses-1
trglabel = ./rh.hOc3v.mpm.vpnl.label
regmethod = surface

srchemi = rh
trghemi = rh
trgsurface = white
srcsurfreg = sphere.reg
trgsurfreg = sphere.reg
usehash = 1
Use ProjAbs  = 0, 0
Use ProjFrac = 0, 0
DoPaint 0

SUBJECTS_DIR    /out/sourcedata/freesurfer
FREESURFER_HOME /opt/freesurfer
Loading source label.
Found 1228 points in source label.
Starting surface-based mapping
Reading source registration 
 /out/sourcedata/freesurfer/fsaverage/surf/rh.sphere.reg
Rescaling ...  original radius = 100
Reading target surface 
 /out/sourcedata/freesurfer/sub-v1s8x0051346_ses-1/surf/rh.white
Reading target registration 
 /out/sourcedata/freesurfer/sub-v1s8x0051346_ses-1/surf/rh.sphere.reg
Rescaling ...  original radius = 99.9999
Building target registration hash (res=16).
Building source registration hash (res=16).
INFO: found  1228 nlabel points
Performing mapping from target back to the source label 128873
Number of reverse mapping hits = 458
Checking for and removing duplicates
Writing label file ./rh.hOc3v.mpm.vpnl.label 1686
mri_label2label: Done


 mri_label2label --srcsubject fsaverage --srclabel /out/sourcedata/freesurfer/fsaverage/label/rh.hOc4v.mpm.vpnl.label --trgsubject sub-v1s8x0051346_ses-1 --trglabel ./rh.hOc4v.mpm.vpnl.label --hemi rh --regmethod surface 


srclabel = /out/sourcedata/freesurfer/fsaverage/label/rh.hOc4v.mpm.vpnl.label
srcsubject = fsaverage
trgsubject = sub-v1s8x0051346_ses-1
trglabel = ./rh.hOc4v.mpm.vpnl.label
regmethod = surface

srchemi = rh
trghemi = rh
trgsurface = white
srcsurfreg = sphere.reg
trgsurfreg = sphere.reg
usehash = 1
Use ProjAbs  = 0, 0
Use ProjFrac = 0, 0
DoPaint 0

SUBJECTS_DIR    /out/sourcedata/freesurfer
FREESURFER_HOME /opt/freesurfer
Loading source label.
Found 1025 points in source label.
Starting surface-based mapping
Reading source registration 
 /out/sourcedata/freesurfer/fsaverage/surf/rh.sphere.reg
Rescaling ...  original radius = 100
Reading target surface 
 /out/sourcedata/freesurfer/sub-v1s8x0051346_ses-1/surf/rh.white
Reading target registration 
 /out/sourcedata/freesurfer/sub-v1s8x0051346_ses-1/surf/rh.sphere.reg
Rescaling ...  original radius = 99.9999
Building target registration hash (res=16).
Building source registration hash (res=16).
INFO: found  1025 nlabel points
Performing mapping from target back to the source label 128873
Number of reverse mapping hits = 327
Checking for and removing duplicates
Writing label file ./rh.hOc4v.mpm.vpnl.label 1352
mri_label2label: Done


 mris_label2annot --s sub-v1s8x0051346_ses-1 --ctab /opt/freesurfer/average/colortable_vpnl.txt --hemi rh --a mpm.vpnl --maxstatwinner --noverbose --l rh.FG1.mpm.vpnl.label --l rh.FG2.mpm.vpnl.label --l rh.FG3.mpm.vpnl.label --l rh.FG4.mpm.vpnl.label --l rh.hOc1.mpm.vpnl.label --l rh.hOc2.mpm.vpnl.label --l rh.hOc3v.mpm.vpnl.label --l rh.hOc4v.mpm.vpnl.label 

Reading ctab /opt/freesurfer/average/colortable_vpnl.txt
Number of ctab entries 9

7.3.2
cwd /out/sourcedata/freesurfer/sub-v1s8x0051346_ses-1/label
cmdline mris_label2annot --s sub-v1s8x0051346_ses-1 --ctab /opt/freesurfer/average/colortable_vpnl.txt --hemi rh --a mpm.vpnl --maxstatwinner --noverbose --l rh.FG1.mpm.vpnl.label --l rh.FG2.mpm.vpnl.label --l rh.FG3.mpm.vpnl.label --l rh.FG4.mpm.vpnl.label --l rh.hOc1.mpm.vpnl.label --l rh.hOc2.mpm.vpnl.label --l rh.hOc3v.mpm.vpnl.label --l rh.hOc4v.mpm.vpnl.label 
sysname  Linux
hostname dna063
machine  x86_64
user     oesteban

subject sub-v1s8x0051346_ses-1
hemi    rh
SUBJECTS_DIR /out/sourcedata/freesurfer
ColorTable /opt/freesurfer/average/colortable_vpnl.txt
AnnotName  mpm.vpnl
nlables 8
LabelThresh 0 0.000000
Loading /out/sourcedata/freesurfer/sub-v1s8x0051346_ses-1/surf/rh.orig
 1 1376057 FG1
 2 16711935 FG2
 3 16711680 FG3
 4 1705837 FG4
 5 25600 hOc1
 6 255 hOc2
 7 16776960 hOc3v
 8 65535 hOc4v
Mapping unhit to unknown
Found 113622 unhit vertices
Writing annot to /out/sourcedata/freesurfer/sub-v1s8x0051346_ses-1/label/rh.mpm.vpnl.annot

 mri_label2label --srcsubject fsaverage --srclabel /out/sourcedata/freesurfer/fsaverage/label/rh.BA1_exvivo.thresh.label --trgsubject sub-v1s8x0051346_ses-1 --trglabel ./rh.BA1_exvivo.thresh.label --hemi rh --regmethod surface 


srclabel = /out/sourcedata/freesurfer/fsaverage/label/rh.BA1_exvivo.thresh.label
srcsubject = fsaverage
trgsubject = sub-v1s8x0051346_ses-1
trglabel = ./rh.BA1_exvivo.thresh.label
regmethod = surface

srchemi = rh
trghemi = rh
trgsurface = white
srcsurfreg = sphere.reg
trgsurfreg = sphere.reg
usehash = 1
Use ProjAbs  = 0, 0
Use ProjFrac = 0, 0
DoPaint 0

SUBJECTS_DIR    /out/sourcedata/freesurfer
FREESURFER_HOME /opt/freesurfer
Loading source label.
Found 876 points in source label.
Starting surface-based mapping
Reading source registration 
 /out/sourcedata/freesurfer/fsaverage/surf/rh.sphere.reg
Rescaling ...  original radius = 100
Reading target surface 
 /out/sourcedata/freesurfer/sub-v1s8x0051346_ses-1/surf/rh.white
Reading target registration 
 /out/sourcedata/freesurfer/sub-v1s8x0051346_ses-1/surf/rh.sphere.reg
Rescaling ...  original radius = 99.9999
Building target registration hash (res=16).
Building source registration hash (res=16).
INFO: found  876 nlabel points
Performing mapping from target back to the source label 128873
Number of reverse mapping hits = 52
Checking for and removing duplicates
Writing label file ./rh.BA1_exvivo.thresh.label 928
mri_label2label: Done


 mri_label2label --srcsubject fsaverage --srclabel /out/sourcedata/freesurfer/fsaverage/label/rh.BA2_exvivo.thresh.label --trgsubject sub-v1s8x0051346_ses-1 --trglabel ./rh.BA2_exvivo.thresh.label --hemi rh --regmethod surface 


srclabel = /out/sourcedata/freesurfer/fsaverage/label/rh.BA2_exvivo.thresh.label
srcsubject = fsaverage
trgsubject = sub-v1s8x0051346_ses-1
trglabel = ./rh.BA2_exvivo.thresh.label
regmethod = surface

srchemi = rh
trghemi = rh
trgsurface = white
srcsurfreg = sphere.reg
trgsurfreg = sphere.reg
usehash = 1
Use ProjAbs  = 0, 0
Use ProjFrac = 0, 0
DoPaint 0

SUBJECTS_DIR    /out/sourcedata/freesurfer
FREESURFER_HOME /opt/freesurfer
Loading source label.
Found 2688 points in source label.
Starting surface-based mapping
Reading source registration 
 /out/sourcedata/freesurfer/fsaverage/surf/rh.sphere.reg
Rescaling ...  original radius = 100
Reading target surface 
 /out/sourcedata/freesurfer/sub-v1s8x0051346_ses-1/surf/rh.white
Reading target registration 
 /out/sourcedata/freesurfer/sub-v1s8x0051346_ses-1/surf/rh.sphere.reg
Rescaling ...  original radius = 99.9999
Building target registration hash (res=16).
Building source registration hash (res=16).
INFO: found  2688 nlabel points
Performing mapping from target back to the source label 128873
Number of reverse mapping hits = 54
Checking for and removing duplicates
Writing label file ./rh.BA2_exvivo.thresh.label 2742
mri_label2label: Done


 mri_label2label --srcsubject fsaverage --srclabel /out/sourcedata/freesurfer/fsaverage/label/rh.BA3a_exvivo.thresh.label --trgsubject sub-v1s8x0051346_ses-1 --trglabel ./rh.BA3a_exvivo.thresh.label --hemi rh --regmethod surface 


srclabel = /out/sourcedata/freesurfer/fsaverage/label/rh.BA3a_exvivo.thresh.label
srcsubject = fsaverage
trgsubject = sub-v1s8x0051346_ses-1
trglabel = ./rh.BA3a_exvivo.thresh.label
regmethod = surface

srchemi = rh
trghemi = rh
trgsurface = white
srcsurfreg = sphere.reg
trgsurfreg = sphere.reg
usehash = 1
Use ProjAbs  = 0, 0
Use ProjFrac = 0, 0
DoPaint 0

SUBJECTS_DIR    /out/sourcedata/freesurfer
FREESURFER_HOME /opt/freesurfer
Loading source label.
Found 1698 points in source label.
Starting surface-based mapping
Reading source registration 
 /out/sourcedata/freesurfer/fsaverage/surf/rh.sphere.reg
Rescaling ...  original radius = 100
Reading target surface 
 /out/sourcedata/freesurfer/sub-v1s8x0051346_ses-1/surf/rh.white
Reading target registration 
 /out/sourcedata/freesurfer/sub-v1s8x0051346_ses-1/surf/rh.sphere.reg
Rescaling ...  original radius = 99.9999
Building target registration hash (res=16).
Building source registration hash (res=16).
INFO: found  1698 nlabel points
Performing mapping from target back to the source label 128873
Number of reverse mapping hits = 9
Checking for and removing duplicates
Writing label file ./rh.BA3a_exvivo.thresh.label 1707
mri_label2label: Done


 mri_label2label --srcsubject fsaverage --srclabel /out/sourcedata/freesurfer/fsaverage/label/rh.BA3b_exvivo.thresh.label --trgsubject sub-v1s8x0051346_ses-1 --trglabel ./rh.BA3b_exvivo.thresh.label --hemi rh --regmethod surface 


srclabel = /out/sourcedata/freesurfer/fsaverage/label/rh.BA3b_exvivo.thresh.label
srcsubject = fsaverage
trgsubject = sub-v1s8x0051346_ses-1
trglabel = ./rh.BA3b_exvivo.thresh.label
regmethod = surface

srchemi = rh
trghemi = rh
trgsurface = white
srcsurfreg = sphere.reg
trgsurfreg = sphere.reg
usehash = 1
Use ProjAbs  = 0, 0
Use ProjFrac = 0, 0
DoPaint 0

SUBJECTS_DIR    /out/sourcedata/freesurfer
FREESURFER_HOME /opt/freesurfer
Loading source label.
Found 2183 points in source label.
Starting surface-based mapping
Reading source registration 
 /out/sourcedata/freesurfer/fsaverage/surf/rh.sphere.reg
Rescaling ...  original radius = 100
Reading target surface 
 /out/sourcedata/freesurfer/sub-v1s8x0051346_ses-1/surf/rh.white
Reading target registration 
 /out/sourcedata/freesurfer/sub-v1s8x0051346_ses-1/surf/rh.sphere.reg
Rescaling ...  original radius = 99.9999
Building target registration hash (res=16).
Building source registration hash (res=16).
INFO: found  2183 nlabel points
Performing mapping from target back to the source label 128873
Number of reverse mapping hits = 22
Checking for and removing duplicates
Writing label file ./rh.BA3b_exvivo.thresh.label 2205
mri_label2label: Done


 mri_label2label --srcsubject fsaverage --srclabel /out/sourcedata/freesurfer/fsaverage/label/rh.BA4a_exvivo.thresh.label --trgsubject sub-v1s8x0051346_ses-1 --trglabel ./rh.BA4a_exvivo.thresh.label --hemi rh --regmethod surface 


srclabel = /out/sourcedata/freesurfer/fsaverage/label/rh.BA4a_exvivo.thresh.label
srcsubject = fsaverage
trgsubject = sub-v1s8x0051346_ses-1
trglabel = ./rh.BA4a_exvivo.thresh.label
regmethod = surface

srchemi = rh
trghemi = rh
trgsurface = white
srcsurfreg = sphere.reg
trgsurfreg = sphere.reg
usehash = 1
Use ProjAbs  = 0, 0
Use ProjFrac = 0, 0
DoPaint 0

SUBJECTS_DIR    /out/sourcedata/freesurfer
FREESURFER_HOME /opt/freesurfer
Loading source label.
Found 1388 points in source label.
Starting surface-based mapping
Reading source registration 
 /out/sourcedata/freesurfer/fsaverage/surf/rh.sphere.reg
Rescaling ...  original radius = 100
Reading target surface 
 /out/sourcedata/freesurfer/sub-v1s8x0051346_ses-1/surf/rh.white
Reading target registration 
 /out/sourcedata/freesurfer/sub-v1s8x0051346_ses-1/surf/rh.sphere.reg
Rescaling ...  original radius = 99.9999
Building target registration hash (res=16).
Building source registration hash (res=16).
INFO: found  1388 nlabel points
Performing mapping from target back to the source label 128873
Number of reverse mapping hits = 49
Checking for and removing duplicates
Writing label file ./rh.BA4a_exvivo.thresh.label 1437
mri_label2label: Done


 mri_label2label --srcsubject fsaverage --srclabel /out/sourcedata/freesurfer/fsaverage/label/rh.BA4p_exvivo.thresh.label --trgsubject sub-v1s8x0051346_ses-1 --trglabel ./rh.BA4p_exvivo.thresh.label --hemi rh --regmethod surface 


srclabel = /out/sourcedata/freesurfer/fsaverage/label/rh.BA4p_exvivo.thresh.label
srcsubject = fsaverage
trgsubject = sub-v1s8x0051346_ses-1
trglabel = ./rh.BA4p_exvivo.thresh.label
regmethod = surface

srchemi = rh
trghemi = rh
trgsurface = white
srcsurfreg = sphere.reg
trgsurfreg = sphere.reg
usehash = 1
Use ProjAbs  = 0, 0
Use ProjFrac = 0, 0
DoPaint 0

SUBJECTS_DIR    /out/sourcedata/freesurfer
FREESURFER_HOME /opt/freesurfer
Loading source label.
Found 1489 points in source label.
Starting surface-based mapping
Reading source registration 
 /out/sourcedata/freesurfer/fsaverage/surf/rh.sphere.reg
Rescaling ...  original radius = 100
Reading target surface 
 /out/sourcedata/freesurfer/sub-v1s8x0051346_ses-1/surf/rh.white
Reading target registration 
 /out/sourcedata/freesurfer/sub-v1s8x0051346_ses-1/surf/rh.sphere.reg
Rescaling ...  original radius = 99.9999
Building target registration hash (res=16).
Building source registration hash (res=16).
INFO: found  1489 nlabel points
Performing mapping from target back to the source label 128873
Number of reverse mapping hits = 37
Checking for and removing duplicates
Writing label file ./rh.BA4p_exvivo.thresh.label 1526
mri_label2label: Done


 mri_label2label --srcsubject fsaverage --srclabel /out/sourcedata/freesurfer/fsaverage/label/rh.BA6_exvivo.thresh.label --trgsubject sub-v1s8x0051346_ses-1 --trglabel ./rh.BA6_exvivo.thresh.label --hemi rh --regmethod surface 


srclabel = /out/sourcedata/freesurfer/fsaverage/label/rh.BA6_exvivo.thresh.label
srcsubject = fsaverage
trgsubject = sub-v1s8x0051346_ses-1
trglabel = ./rh.BA6_exvivo.thresh.label
regmethod = surface

srchemi = rh
trghemi = rh
trgsurface = white
srcsurfreg = sphere.reg
trgsurfreg = sphere.reg
usehash = 1
Use ProjAbs  = 0, 0
Use ProjFrac = 0, 0
DoPaint 0

SUBJECTS_DIR    /out/sourcedata/freesurfer
FREESURFER_HOME /opt/freesurfer
Loading source label.
Found 6959 points in source label.
Starting surface-based mapping
Reading source registration 
 /out/sourcedata/freesurfer/fsaverage/surf/rh.sphere.reg
Rescaling ...  original radius = 100
Reading target surface 
 /out/sourcedata/freesurfer/sub-v1s8x0051346_ses-1/surf/rh.white
Reading target registration 
 /out/sourcedata/freesurfer/sub-v1s8x0051346_ses-1/surf/rh.sphere.reg
Rescaling ...  original radius = 99.9999
Building target registration hash (res=16).
Building source registration hash (res=16).
INFO: found  6959 nlabel points
Performing mapping from target back to the source label 128873
Number of reverse mapping hits = 95
Checking for and removing duplicates
Writing label file ./rh.BA6_exvivo.thresh.label 7054
mri_label2label: Done


 mri_label2label --srcsubject fsaverage --srclabel /out/sourcedata/freesurfer/fsaverage/label/rh.BA44_exvivo.thresh.label --trgsubject sub-v1s8x0051346_ses-1 --trglabel ./rh.BA44_exvivo.thresh.label --hemi rh --regmethod surface 


srclabel = /out/sourcedata/freesurfer/fsaverage/label/rh.BA44_exvivo.thresh.label
srcsubject = fsaverage
trgsubject = sub-v1s8x0051346_ses-1
trglabel = ./rh.BA44_exvivo.thresh.label
regmethod = surface

srchemi = rh
trghemi = rh
trgsurface = white
srcsurfreg = sphere.reg
trgsurfreg = sphere.reg
usehash = 1
Use ProjAbs  = 0, 0
Use ProjFrac = 0, 0
DoPaint 0

SUBJECTS_DIR    /out/sourcedata/freesurfer
FREESURFER_HOME /opt/freesurfer
Loading source label.
Found 1012 points in source label.
Starting surface-based mapping
Reading source registration 
 /out/sourcedata/freesurfer/fsaverage/surf/rh.sphere.reg
Rescaling ...  original radius = 100
Reading target surface 
 /out/sourcedata/freesurfer/sub-v1s8x0051346_ses-1/surf/rh.white
Reading target registration 
 /out/sourcedata/freesurfer/sub-v1s8x0051346_ses-1/surf/rh.sphere.reg
Rescaling ...  original radius = 99.9999
Building target registration hash (res=16).
Building source registration hash (res=16).
INFO: found  1012 nlabel points
Performing mapping from target back to the source label 128873
Number of reverse mapping hits = 45
Checking for and removing duplicates
Writing label file ./rh.BA44_exvivo.thresh.label 1057
mri_label2label: Done


 mri_label2label --srcsubject fsaverage --srclabel /out/sourcedata/freesurfer/fsaverage/label/rh.BA45_exvivo.thresh.label --trgsubject sub-v1s8x0051346_ses-1 --trglabel ./rh.BA45_exvivo.thresh.label --hemi rh --regmethod surface 


srclabel = /out/sourcedata/freesurfer/fsaverage/label/rh.BA45_exvivo.thresh.label
srcsubject = fsaverage
trgsubject = sub-v1s8x0051346_ses-1
trglabel = ./rh.BA45_exvivo.thresh.label
regmethod = surface

srchemi = rh
trghemi = rh
trgsurface = white
srcsurfreg = sphere.reg
trgsurfreg = sphere.reg
usehash = 1
Use ProjAbs  = 0, 0
Use ProjFrac = 0, 0
DoPaint 0

SUBJECTS_DIR    /out/sourcedata/freesurfer
FREESURFER_HOME /opt/freesurfer
Loading source label.
Found 1178 points in source label.
Starting surface-based mapping
Reading source registration 
 /out/sourcedata/freesurfer/fsaverage/surf/rh.sphere.reg
Rescaling ...  original radius = 100
Reading target surface 
 /out/sourcedata/freesurfer/sub-v1s8x0051346_ses-1/surf/rh.white
Reading target registration 
 /out/sourcedata/freesurfer/sub-v1s8x0051346_ses-1/surf/rh.sphere.reg
Rescaling ...  original radius = 99.9999
Building target registration hash (res=16).
Building source registration hash (res=16).
INFO: found  1178 nlabel points
Performing mapping from target back to the source label 128873
Number of reverse mapping hits = 44
Checking for and removing duplicates
Writing label file ./rh.BA45_exvivo.thresh.label 1222
mri_label2label: Done


 mri_label2label --srcsubject fsaverage --srclabel /out/sourcedata/freesurfer/fsaverage/label/rh.V1_exvivo.thresh.label --trgsubject sub-v1s8x0051346_ses-1 --trglabel ./rh.V1_exvivo.thresh.label --hemi rh --regmethod surface 


srclabel = /out/sourcedata/freesurfer/fsaverage/label/rh.V1_exvivo.thresh.label
srcsubject = fsaverage
trgsubject = sub-v1s8x0051346_ses-1
trglabel = ./rh.V1_exvivo.thresh.label
regmethod = surface

srchemi = rh
trghemi = rh
trgsurface = white
srcsurfreg = sphere.reg
trgsurfreg = sphere.reg
usehash = 1
Use ProjAbs  = 0, 0
Use ProjFrac = 0, 0
DoPaint 0

SUBJECTS_DIR    /out/sourcedata/freesurfer
FREESURFER_HOME /opt/freesurfer
Loading source label.
Found 3232 points in source label.
Starting surface-based mapping
Reading source registration 
 /out/sourcedata/freesurfer/fsaverage/surf/rh.sphere.reg
Rescaling ...  original radius = 100
Reading target surface 
 /out/sourcedata/freesurfer/sub-v1s8x0051346_ses-1/surf/rh.white
Reading target registration 
 /out/sourcedata/freesurfer/sub-v1s8x0051346_ses-1/surf/rh.sphere.reg
Rescaling ...  original radius = 99.9999
Building target registration hash (res=16).
Building source registration hash (res=16).
INFO: found  3232 nlabel points
Performing mapping from target back to the source label 128873
Number of reverse mapping hits = 641
Checking for and removing duplicates
Writing label file ./rh.V1_exvivo.thresh.label 3873
mri_label2label: Done


 mri_label2label --srcsubject fsaverage --srclabel /out/sourcedata/freesurfer/fsaverage/label/rh.V2_exvivo.thresh.label --trgsubject sub-v1s8x0051346_ses-1 --trglabel ./rh.V2_exvivo.thresh.label --hemi rh --regmethod surface 


srclabel = /out/sourcedata/freesurfer/fsaverage/label/rh.V2_exvivo.thresh.label
srcsubject = fsaverage
trgsubject = sub-v1s8x0051346_ses-1
trglabel = ./rh.V2_exvivo.thresh.label
regmethod = surface

srchemi = rh
trghemi = rh
trgsurface = white
srcsurfreg = sphere.reg
trgsurfreg = sphere.reg
usehash = 1
Use ProjAbs  = 0, 0
Use ProjFrac = 0, 0
DoPaint 0

SUBJECTS_DIR    /out/sourcedata/freesurfer
FREESURFER_HOME /opt/freesurfer
Loading source label.
Found 3437 points in source label.
Starting surface-based mapping
Reading source registration 
 /out/sourcedata/freesurfer/fsaverage/surf/rh.sphere.reg
Rescaling ...  original radius = 100
Reading target surface 
 /out/sourcedata/freesurfer/sub-v1s8x0051346_ses-1/surf/rh.white
Reading target registration 
 /out/sourcedata/freesurfer/sub-v1s8x0051346_ses-1/surf/rh.sphere.reg
Rescaling ...  original radius = 99.9999
Building target registration hash (res=16).
Building source registration hash (res=16).
INFO: found  3437 nlabel points
Performing mapping from target back to the source label 128873
Number of reverse mapping hits = 999
Checking for and removing duplicates
Writing label file ./rh.V2_exvivo.thresh.label 4436
mri_label2label: Done


 mri_label2label --srcsubject fsaverage --srclabel /out/sourcedata/freesurfer/fsaverage/label/rh.MT_exvivo.thresh.label --trgsubject sub-v1s8x0051346_ses-1 --trglabel ./rh.MT_exvivo.thresh.label --hemi rh --regmethod surface 


srclabel = /out/sourcedata/freesurfer/fsaverage/label/rh.MT_exvivo.thresh.label
srcsubject = fsaverage
trgsubject = sub-v1s8x0051346_ses-1
trglabel = ./rh.MT_exvivo.thresh.label
regmethod = surface

srchemi = rh
trghemi = rh
trgsurface = white
srcsurfreg = sphere.reg
trgsurfreg = sphere.reg
usehash = 1
Use ProjAbs  = 0, 0
Use ProjFrac = 0, 0
DoPaint 0

SUBJECTS_DIR    /out/sourcedata/freesurfer
FREESURFER_HOME /opt/freesurfer
Loading source label.
Found 268 points in source label.
Starting surface-based mapping
Reading source registration 
 /out/sourcedata/freesurfer/fsaverage/surf/rh.sphere.reg
Rescaling ...  original radius = 100
Reading target surface 
 /out/sourcedata/freesurfer/sub-v1s8x0051346_ses-1/surf/rh.white
Reading target registration 
 /out/sourcedata/freesurfer/sub-v1s8x0051346_ses-1/surf/rh.sphere.reg
Rescaling ...  original radius = 99.9999
Building target registration hash (res=16).
Building source registration hash (res=16).
INFO: found  268 nlabel points
Performing mapping from target back to the source label 128873
Number of reverse mapping hits = 57
Checking for and removing duplicates
Writing label file ./rh.MT_exvivo.thresh.label 325
mri_label2label: Done


 mri_label2label --srcsubject fsaverage --srclabel /out/sourcedata/freesurfer/fsaverage/label/rh.entorhinal_exvivo.thresh.label --trgsubject sub-v1s8x0051346_ses-1 --trglabel ./rh.entorhinal_exvivo.thresh.label --hemi rh --regmethod surface 


srclabel = /out/sourcedata/freesurfer/fsaverage/label/rh.entorhinal_exvivo.thresh.label
srcsubject = fsaverage
trgsubject = sub-v1s8x0051346_ses-1
trglabel = ./rh.entorhinal_exvivo.thresh.label
regmethod = surface

srchemi = rh
trghemi = rh
trgsurface = white
srcsurfreg = sphere.reg
trgsurfreg = sphere.reg
usehash = 1
Use ProjAbs  = 0, 0
Use ProjFrac = 0, 0
DoPaint 0

SUBJECTS_DIR    /out/sourcedata/freesurfer
FREESURFER_HOME /opt/freesurfer
Loading source label.
Found 694 points in source label.
Starting surface-based mapping
Reading source registration 
 /out/sourcedata/freesurfer/fsaverage/surf/rh.sphere.reg
Rescaling ...  original radius = 100
Reading target surface 
 /out/sourcedata/freesurfer/sub-v1s8x0051346_ses-1/surf/rh.white
Reading target registration 
 /out/sourcedata/freesurfer/sub-v1s8x0051346_ses-1/surf/rh.sphere.reg
Rescaling ...  original radius = 99.9999
Building target registration hash (res=16).
Building source registration hash (res=16).
INFO: found  694 nlabel points
Performing mapping from target back to the source label 128873
Number of reverse mapping hits = 11
Checking for and removing duplicates
Writing label file ./rh.entorhinal_exvivo.thresh.label 705
mri_label2label: Done


 mri_label2label --srcsubject fsaverage --srclabel /out/sourcedata/freesurfer/fsaverage/label/rh.perirhinal_exvivo.thresh.label --trgsubject sub-v1s8x0051346_ses-1 --trglabel ./rh.perirhinal_exvivo.thresh.label --hemi rh --regmethod surface 


srclabel = /out/sourcedata/freesurfer/fsaverage/label/rh.perirhinal_exvivo.thresh.label
srcsubject = fsaverage
trgsubject = sub-v1s8x0051346_ses-1
trglabel = ./rh.perirhinal_exvivo.thresh.label
regmethod = surface

srchemi = rh
trghemi = rh
trgsurface = white
srcsurfreg = sphere.reg
trgsurfreg = sphere.reg
usehash = 1
Use ProjAbs  = 0, 0
Use ProjFrac = 0, 0
DoPaint 0

SUBJECTS_DIR    /out/sourcedata/freesurfer
FREESURFER_HOME /opt/freesurfer
Loading source label.
Found 291 points in source label.
Starting surface-based mapping
Reading source registration 
 /out/sourcedata/freesurfer/fsaverage/surf/rh.sphere.reg
Rescaling ...  original radius = 100
Reading target surface 
 /out/sourcedata/freesurfer/sub-v1s8x0051346_ses-1/surf/rh.white
Reading target registration 
 /out/sourcedata/freesurfer/sub-v1s8x0051346_ses-1/surf/rh.sphere.reg
Rescaling ...  original radius = 99.9999
Building target registration hash (res=16).
Building source registration hash (res=16).
INFO: found  291 nlabel points
Performing mapping from target back to the source label 128873
Number of reverse mapping hits = 2
Checking for and removing duplicates
Writing label file ./rh.perirhinal_exvivo.thresh.label 293
mri_label2label: Done


 mris_label2annot --s sub-v1s8x0051346_ses-1 --hemi rh --ctab /opt/freesurfer/average/colortable_BA.txt --l rh.BA1_exvivo.label --l rh.BA2_exvivo.label --l rh.BA3a_exvivo.label --l rh.BA3b_exvivo.label --l rh.BA4a_exvivo.label --l rh.BA4p_exvivo.label --l rh.BA6_exvivo.label --l rh.BA44_exvivo.label --l rh.BA45_exvivo.label --l rh.V1_exvivo.label --l rh.V2_exvivo.label --l rh.MT_exvivo.label --l rh.perirhinal_exvivo.label --l rh.entorhinal_exvivo.label --a BA_exvivo --maxstatwinner --noverbose 

Reading ctab /opt/freesurfer/average/colortable_BA.txt
Number of ctab entries 15

7.3.2
cwd /out/sourcedata/freesurfer/sub-v1s8x0051346_ses-1/label
cmdline mris_label2annot --s sub-v1s8x0051346_ses-1 --hemi rh --ctab /opt/freesurfer/average/colortable_BA.txt --l rh.BA1_exvivo.label --l rh.BA2_exvivo.label --l rh.BA3a_exvivo.label --l rh.BA3b_exvivo.label --l rh.BA4a_exvivo.label --l rh.BA4p_exvivo.label --l rh.BA6_exvivo.label --l rh.BA44_exvivo.label --l rh.BA45_exvivo.label --l rh.V1_exvivo.label --l rh.V2_exvivo.label --l rh.MT_exvivo.label --l rh.perirhinal_exvivo.label --l rh.entorhinal_exvivo.label --a BA_exvivo --maxstatwinner --noverbose 
sysname  Linux
hostname dna063
machine  x86_64
user     oesteban

subject sub-v1s8x0051346_ses-1
hemi    rh
SUBJECTS_DIR /out/sourcedata/freesurfer
ColorTable /opt/freesurfer/average/colortable_BA.txt
AnnotName  BA_exvivo
nlables 14
LabelThresh 0 0.000000
Loading /out/sourcedata/freesurfer/sub-v1s8x0051346_ses-1/surf/rh.orig
 1 1530880 BA1_exvivo
 2 16749699 BA2_exvivo
 3 16711680 BA3a_exvivo
 4 3368703 BA3b_exvivo
 5 1376196 BA4a_exvivo
 6 13382655 BA4p_exvivo
 7 10036737 BA6_exvivo
 8 2490521 BA44_exvivo
 9 39283 BA45_exvivo
10 3993 V1_exvivo
11 8508928 V2_exvivo
12 10027163 MT_exvivo
13 16422433 perirhinal_exvivo
14 16392598 entorhinal_exvivo
Mapping unhit to unknown
Found 90581 unhit vertices
Writing annot to /out/sourcedata/freesurfer/sub-v1s8x0051346_ses-1/label/rh.BA_exvivo.annot

 mris_label2annot --s sub-v1s8x0051346_ses-1 --hemi rh --ctab /opt/freesurfer/average/colortable_BA.txt --l rh.BA1_exvivo.thresh.label --l rh.BA2_exvivo.thresh.label --l rh.BA3a_exvivo.thresh.label --l rh.BA3b_exvivo.thresh.label --l rh.BA4a_exvivo.thresh.label --l rh.BA4p_exvivo.thresh.label --l rh.BA6_exvivo.thresh.label --l rh.BA44_exvivo.thresh.label --l rh.BA45_exvivo.thresh.label --l rh.V1_exvivo.thresh.label --l rh.V2_exvivo.thresh.label --l rh.MT_exvivo.thresh.label --l rh.perirhinal_exvivo.thresh.label --l rh.entorhinal_exvivo.thresh.label --a BA_exvivo.thresh --maxstatwinner --noverbose 

Reading ctab /opt/freesurfer/average/colortable_BA.txt
Number of ctab entries 15

7.3.2
cwd /out/sourcedata/freesurfer/sub-v1s8x0051346_ses-1/label
cmdline mris_label2annot --s sub-v1s8x0051346_ses-1 --hemi rh --ctab /opt/freesurfer/average/colortable_BA.txt --l rh.BA1_exvivo.thresh.label --l rh.BA2_exvivo.thresh.label --l rh.BA3a_exvivo.thresh.label --l rh.BA3b_exvivo.thresh.label --l rh.BA4a_exvivo.thresh.label --l rh.BA4p_exvivo.thresh.label --l rh.BA6_exvivo.thresh.label --l rh.BA44_exvivo.thresh.label --l rh.BA45_exvivo.thresh.label --l rh.V1_exvivo.thresh.label --l rh.V2_exvivo.thresh.label --l rh.MT_exvivo.thresh.label --l rh.perirhinal_exvivo.thresh.label --l rh.entorhinal_exvivo.thresh.label --a BA_exvivo.thresh --maxstatwinner --noverbose 
sysname  Linux
hostname dna063
machine  x86_64
user     oesteban

subject sub-v1s8x0051346_ses-1
hemi    rh
SUBJECTS_DIR /out/sourcedata/freesurfer
ColorTable /opt/freesurfer/average/colortable_BA.txt
AnnotName  BA_exvivo.thresh
nlables 14
LabelThresh 0 0.000000
Loading /out/sourcedata/freesurfer/sub-v1s8x0051346_ses-1/surf/rh.orig
 1 1530880 BA1_exvivo
 2 16749699 BA2_exvivo
 3 16711680 BA3a_exvivo
 4 3368703 BA3b_exvivo
 5 1376196 BA4a_exvivo
 6 13382655 BA4p_exvivo
 7 10036737 BA6_exvivo
 8 2490521 BA44_exvivo
 9 39283 BA45_exvivo
10 3993 V1_exvivo
11 8508928 V2_exvivo
12 10027163 MT_exvivo
13 16422433 perirhinal_exvivo
14 16392598 entorhinal_exvivo
Mapping unhit to unknown
Found 107545 unhit vertices
Writing annot to /out/sourcedata/freesurfer/sub-v1s8x0051346_ses-1/label/rh.BA_exvivo.thresh.annot

 mris_anatomical_stats -th3 -mgz -noglobal -f ../stats/rh.BA_exvivo.stats -b -a ./rh.BA_exvivo.annot -c ./BA_exvivo.ctab sub-v1s8x0051346_ses-1 rh white 

computing statistics for each annotation in ./rh.BA_exvivo.annot.
reading volume /out/sourcedata/freesurfer/sub-v1s8x0051346_ses-1/mri/wm.mgz...
reading input surface /out/sourcedata/freesurfer/sub-v1s8x0051346_ses-1/surf/rh.white...
reading input pial surface /out/sourcedata/freesurfer/sub-v1s8x0051346_ses-1/surf/rh.pial...
reading input white surface /out/sourcedata/freesurfer/sub-v1s8x0051346_ses-1/surf/rh.white...
INFO: using TH3 volume calc
INFO: assuming MGZ format for volumes.
INFO: not computing global stats
Using TH3 vertex volume calc
Total face volume 250815
Total vertex volume 250564 (mask=0)
Saving annotation colortable ./BA_exvivo.ctab

table columns are:
    number of vertices
    total surface area (mm^2)
    total gray matter volume (mm^3)
    average cortical thickness +- standard deviation (mm)
    integrated rectified mean curvature
    integrated rectified Gaussian curvature
    folding index
    intrinsic curvature index
    structure name

  919    499   1477  2.175 0.481     0.115     0.026       11     0.9  BA1_exvivo
 2981   1903   4001  2.060 0.491     0.092     0.018       17     2.2  BA2_exvivo
 1034    705    991  1.759 0.391     0.115     0.023        7     1.0  BA3a_exvivo
 1776   1134   2131  1.688 0.489     0.106     0.019       15     1.5  BA3b_exvivo
 1565    939   2814  2.715 0.554     0.090     0.017        8     1.2  BA4a_exvivo
 1297    769   1908  2.531 0.467     0.090     0.021        7     1.1  BA4p_exvivo
 7345   5036  16650  2.868 0.543     0.116     0.026       72     7.5  BA6_exvivo
 3303   2318   7223  2.877 0.486     0.109     0.020       31     3.0  BA44_exvivo
 3673   2667   8953  2.791 0.607     0.114     0.025       40     3.6  BA45_exvivo
 3672   2292   4298  1.726 0.583     0.126     0.031       40     5.0  V1_exvivo
 7883   5218  10809  1.938 0.556     0.137     0.030       95    10.4  V2_exvivo
 2033   1388   3243  2.352 0.403     0.118     0.023       18     2.0  MT_exvivo
  308    211    612  2.836 0.491     0.098     0.020        1     0.4  perirhinal_exvivo
  503    328   1654  3.184 0.749     0.121     0.035        5     0.8  entorhinal_exvivo

 mris_anatomical_stats -th3 -mgz -f ../stats/rh.BA_exvivo.thresh.stats -noglobal -b -a ./rh.BA_exvivo.thresh.annot -c ./BA_exvivo.thresh.ctab sub-v1s8x0051346_ses-1 rh white 

computing statistics for each annotation in ./rh.BA_exvivo.thresh.annot.
reading volume /out/sourcedata/freesurfer/sub-v1s8x0051346_ses-1/mri/wm.mgz...
reading input surface /out/sourcedata/freesurfer/sub-v1s8x0051346_ses-1/surf/rh.white...
reading input pial surface /out/sourcedata/freesurfer/sub-v1s8x0051346_ses-1/surf/rh.pial...
reading input white surface /out/sourcedata/freesurfer/sub-v1s8x0051346_ses-1/surf/rh.white...
INFO: using TH3 volume calc
INFO: assuming MGZ format for volumes.
INFO: not computing global stats
Using TH3 vertex volume calc
Total face volume 250815
Total vertex volume 250564 (mask=0)
Saving annotation colortable ./BA_exvivo.thresh.ctab

table columns are:
    number of vertices
    total surface area (mm^2)
    total gray matter volume (mm^3)
    average cortical thickness +- standard deviation (mm)
    integrated rectified mean curvature
    integrated rectified Gaussian curvature
    folding index
    intrinsic curvature index
    structure name

  620    326    882  1.999 0.467     0.103     0.026        7     0.5  BA1_exvivo
 1728   1075   2378  2.033 0.462     0.082     0.015        8     1.1  BA2_exvivo
  939    643    826  1.723 0.355     0.126     0.025        7     1.1  BA3a_exvivo
 1400    917   1383  1.512 0.332     0.094     0.016        8     1.0  BA3b_exvivo
  991    591   1881  2.838 0.579     0.098     0.023        6     0.9  BA4a_exvivo
 1057    637   1504  2.510 0.492     0.090     0.019        5     0.9  BA4p_exvivo
 4406   2996  10027  2.850 0.550     0.116     0.026       45     4.5  BA6_exvivo
  813    590   2105  2.929 0.514     0.111     0.024       10     1.0  BA44_exvivo
  901    690   2592  3.058 0.528     0.129     0.026       11     0.9  BA45_exvivo
 3508   2178   3913  1.690 0.557     0.127     0.031       40     4.8  V1_exvivo
 4148   2729   5746  1.923 0.593     0.139     0.032       53     5.7  V2_exvivo
  302    219    672  2.497 0.484     0.111     0.020        2     0.3  MT_exvivo
   32     21     40  2.386 0.322     0.083     0.012        0     0.0  perirhinal_exvivo
  483    313   1391  3.112 0.593     0.106     0.026        3     0.5  entorhinal_exvivo

Started at Tue Mar 10 09:34:51 CET 2026 
Ended   at Tue Mar 10 09:37:44 CET 2026
#@#%# recon-all-run-time-hours 0.048
recon-all -s sub-v1s8x0051346_ses-1 finished without error at Tue Mar 10 09:37:44 CET 2026
