global_signal	global_signal_derivative1	global_signal_derivative1_power2	global_signal_power2	csf	csf_derivative1	csf_derivative1_power2	csf_power2	white_matter	white_matter_derivative1	white_matter_derivative1_power2	white_matter_power2	csf_wm	tcompcor	std_dvars	dvars	framewise_displacement	rmsd	t_comp_cor_00	t_comp_cor_01	t_comp_cor_02	t_comp_cor_03	t_comp_cor_04	t_comp_cor_05	c_comp_cor_00	c_comp_cor_01	c_comp_cor_02	c_comp_cor_03	c_comp_cor_04	c_comp_cor_05	c_comp_cor_06	c_comp_cor_07	c_comp_cor_08	c_comp_cor_09	w_comp_cor_00	w_comp_cor_01	w_comp_cor_02	w_comp_cor_03	w_comp_cor_04	w_comp_cor_05	w_comp_cor_06	w_comp_cor_07	w_comp_cor_08	w_comp_cor_09	w_comp_cor_10	w_comp_cor_11	w_comp_cor_12	w_comp_cor_13	w_comp_cor_14	w_comp_cor_15	w_comp_cor_16	w_comp_cor_17	w_comp_cor_18	w_comp_cor_19	w_comp_cor_20	w_comp_cor_21	w_comp_cor_22	w_comp_cor_23	w_comp_cor_24	w_comp_cor_25	w_comp_cor_26	w_comp_cor_27	w_comp_cor_28	w_comp_cor_29	w_comp_cor_30	w_comp_cor_31	w_comp_cor_32	w_comp_cor_33	w_comp_cor_34	w_comp_cor_35	a_comp_cor_00	a_comp_cor_01	a_comp_cor_02	a_comp_cor_03	a_comp_cor_04	a_comp_cor_05	a_comp_cor_06	a_comp_cor_07	a_comp_cor_08	a_comp_cor_09	a_comp_cor_10	a_comp_cor_11	a_comp_cor_12	a_comp_cor_13	a_comp_cor_14	a_comp_cor_15	a_comp_cor_16	a_comp_cor_17	a_comp_cor_18	a_comp_cor_19	a_comp_cor_20	a_comp_cor_21	a_comp_cor_22	a_comp_cor_23	a_comp_cor_24	a_comp_cor_25	a_comp_cor_26	a_comp_cor_27	a_comp_cor_28	edge_comp_00	edge_comp_01	edge_comp_02	edge_comp_03	edge_comp_04	edge_comp_05	edge_comp_06	edge_comp_07	edge_comp_08	edge_comp_09	edge_comp_10	edge_comp_11	edge_comp_12	edge_comp_13	edge_comp_14	edge_comp_15	edge_comp_16	edge_comp_17	edge_comp_18	edge_comp_19	edge_comp_20	edge_comp_21	edge_comp_22	edge_comp_23	cosine00	cosine01	cosine02	cosine03	trans_x	trans_x_derivative1	trans_x_derivative1_power2	trans_x_power2	trans_y	trans_y_derivative1	trans_y_power2	trans_y_derivative1_power2	trans_z	trans_z_derivative1	trans_z_power2	trans_z_derivative1_power2	rot_x	rot_x_derivative1	rot_x_derivative1_power2	rot_x_power2	rot_y	rot_y_derivative1	rot_y_power2	rot_y_derivative1_power2	rot_z	rot_z_derivative1	rot_z_derivative1_power2	rot_z_power2	motion_outlier00	motion_outlier01	motion_outlier02	motion_outlier03	motion_outlier04
813.2571882251805	n/a	n/a	661387.2541999266	1006.7511527006292	n/a	n/a	1013547.8834640456	759.81511960639	n/a	n/a	577319.0159824727	795.4858132774837	701.7249639274604	n/a	n/a	n/a	n/a	0.1231212831	-0.0067143233	0.0384264185	-0.0811768731	0.1318160244	-0.0454190769	-0.0438472244	0.0204770199	-0.0822760165	0.0577979072	0.1934907084	-0.0759537731	0.0160675398	-0.0484638033	0.115282947	-0.0073818112	-0.1325317585	0.0241441288	-0.0654975122	0.0380486839	-0.0734410961	0.0589290168	-0.0046760511	0.0238527795	-0.1354032385	0.0189386275	-0.0514936299	0.0671819175	-0.0904095884	0.03578653	-0.0114282252	0.019922954	-0.1104646142	0.0427292838	-0.0413187865	0.0490477948	-0.0853526458	-0.1131088775	0.1004205325	-0.122277879	0.0980847343	-0.1773461431	0.1624660202	0.0217904721	0.023765415	0.0035416566	-0.0041772765	-0.0084130402	-0.133678584	0.0232710569	0.0390597366	-0.0188180813	0.0712422225	-0.0926054787	0.1269979038	-0.0785204068	0.0225870919	-0.0182218533	0.1830662441	-0.0649232592	0.022565416	-0.1206845949	0.0537144397	-0.0268433573	0.0411246003	-0.0343030501	0.0200218198	-0.0657482748	0.0549524735	-0.0029938641	0.0191312341	-0.1286649832	0.0795685315	-0.0889010693	0.157732474	-0.0025062141	0.0463178985	-0.0812374006	0.0551307184	0.0115289594	-0.0189403733	0.1469780462	-0.0684354941	0.12206589	-0.0836214403	0.0812537737	-0.1188038547	0.0483786517	-0.1004046939	0.1536883156	-0.1120454781	0.0423985854	-0.0476970973	0.0049236731	-0.0479213933	0.0541341045	-0.0564884653	0.1487468077	-0.0074290233	-0.013428724	0.095661153	-0.0843456098	0.0192999128	-0.0662437075	0.089668471	0.1290883846	0.1290552057	0.1289999139	0.1289225186	0.0058085111210459	n/a	n/a	3.3738801443313896e-05	-0.1462479026289429	n/a	0.0213884490233647	n/a	-0.0223392438244474	n/a	0.0004990418146481	n/a	0.0017290006660518	n/a	n/a	2.989443303207568e-06	9.313851931924688e-07	n/a	8.674783780981725e-13	n/a	0.0004989993630306	n/a	n/a	2.4900036430494453e-07	0.0	0.0	0.0	0.0	0.0
812.5688897187579	-0.6882985064225977	0.4737548339435787	660268.200538775	1004.0426869037724	-2.7084657968567853	7.335786972743061	1008101.7171249468	759.7041533096977	-0.1109662966922542	0.0123135190015933	577150.4005560047	794.0581651009804	700.6854547607803	0.8752799999999998	20.02166	0.0821636940551226	0.0480742238344355	0.1214011187	-0.0190923892	0.0211643439	-0.0995636443	0.1165085728	-0.0701149372	0.0048400527	0.0657169192	-0.0668072728	-0.0352680598	0.1507535258	-0.0067514444	0.091824961	-0.0445922544	0.0614145914	-0.07415233	-0.0841465568	0.0343771964	-0.0814777631	0.0732912317	0.0241587215	-0.0263874324	0.1008292826	0.0755685926	0.0220979932	0.1299527407	0.0784436849	-0.0790875986	-0.0893527779	0.1499662278	0.0903710532	0.0437680085	-0.0035870651	-0.0271041562	-0.0819366332	-0.0238728648	-0.0079919519	-0.1239791437	-0.0029407607	-0.0265182679	0.1100379095	-0.0315576455	0.040432589	-0.0481812758	-0.0470243588	-0.0497258356	-0.107103979	-0.0689002252	0.0082234687	-0.0995523476	0.0040204104	-0.0720618861	0.0678451933	-0.0267890979	0.0586274531	-0.0407216578	0.0823476424	-0.087768617	0.0811514081	0.0985636142	-0.0672462025	-0.1205664646	0.0886944972	-0.0824627677	0.0481490458	-0.0601779933	0.00832547	0.0897248557	0.00712301	-0.1472739763	-0.107533342	-0.1623659242	-0.0246942971	0.0213505952	-0.0104845072	0.075980625	-0.0201048872	-0.1213550621	-0.0035345394	-0.0380825252	0.0147228433	0.1273707661	-0.0921104015	0.0825148985	-0.0770099206	0.0361846316	-0.1561453059	0.0171804789	-0.0506389451	0.1552499335	-0.1717490694	0.0299655844	-0.0355948989	-0.0087959362	-0.0297792784	0.0275511489	-0.0446765345	0.0083997426	0.0074437124	-0.0901057908	0.0669526138	-0.1147336742	-0.0572348606	-0.0361307817	0.0409446136	0.1289999139	0.1287014744	0.1282045865	0.1275100165	-7.147718531541614e-05	-0.0058799883063613	3.457426248294581e-05	5.10898802061434e-09	-0.1033856371405761	0.0428622654883668	0.0106885899669628	0.0018371738027952	-0.0360045896944001	-0.0136653458699527	0.0012963304790621	0.0001867416777454	0.0013860002532982	-0.0003430004127535	1.1764928314913993e-07	1.9209967021426747e-06	8.097709418564136e-07	-1.216142513360552e-07	6.557289782750232e-13	1.47900261280292e-14	0.0004469995022267	-5.19998608039e-05	2.703985523624976e-09	1.998085549909176e-07	0.0	0.0	0.0	0.0	0.0
810.8487855383414	-1.720104180416456	2.958758391486168	657475.7530090032	998.5597260215064	-5.482960882265957	30.06286003645868	997121.526432146	760.5773823251837	0.8732290154860038	0.7625289134866555	578477.9545046288	794.2899167137041	697.4834313745695	0.866765	19.82687	0.0390172898591579	0.0231293635059722	0.092811101	0.0053962203	0.0421071993	-0.0779027393	0.0808354853	-0.0987410451	-0.0201413557	0.0888190263	-0.0697102634	-0.0840302521	0.0752073635	0.0131580959	0.0688795648	0.0246984072	0.0885921769	0.0097697355	-0.1181992042	-0.0010636543	-0.032150345	0.0238547274	-0.0021743117	0.0692029332	0.0788130468	0.0240190368	-0.0204137168	0.0196512177	0.0193457827	-0.0366619709	-0.0770053538	0.081679005	0.1430567423	0.1104400842	0.1275194451	0.047265118	-0.1113041996	-0.0792917436	-0.0115292016	-0.0152718598	-0.0253771428	-0.0364180789	-0.0597494558	-0.0860407549	-0.1412254412	-0.001909142	0.0552459989	0.03797797	-0.0475850453	-0.0590556427	-0.1989722516	-0.1803982509	-0.1384323066	-0.1560395021	0.0809656746	-0.0357408466	0.0476607757	-0.0554635616	0.0755238903	-0.0439267425	0.0353338559	0.0887959878	-0.0399980799	-0.1478466749	0.0557793736	-0.0153420222	0.0427169679	-0.0582541231	-0.043375555	-0.0152651371	0.0689354006	-0.1078234246	-0.0413880755	-0.2746952079	-0.0453923119	0.0793258855	-0.0745643478	-0.0010273232	-0.0309128103	-0.0551420704	0.0212056102	-0.0571827159	0.1557348893	0.1121752091	-0.0748904269	0.0627789417	-0.0702964423	-0.032402957	-0.1472770555	0.0221890585	-0.0788680334	0.0950359028	-0.1490353788	0.0927826691	-0.0854290629	-0.010994086	-0.0032399862	0.0406395264	-0.025683228	-0.0815071499	-0.008214258	-0.0395827352	-0.0080230128	-0.1003433256	0.0193720007	-0.0430094016	-0.0946495366	0.1288230331	0.1279949812	0.1266188352	0.124700488	-1.7477605169347044e-05	5.399958014606909e-05	2.9159546559517393e-09	3.054666824555865e-10	-0.1001981100318403	0.0031875271087357	0.0100396612539527	1.0160329068925567e-05	-0.0168741255913218	0.0191304641030783	0.0002847361144717	0.0003659746567991	0.0013860528309596	5.2577661400002313e-08	2.7644104782932925e-15	1.921142450211121e-06	-0.0002712326326899	-0.0002720424036317	7.35671410358942e-08	7.400706937374346e-08	0.0003861885021759	-6.081100005079999e-05	3.6979777271783965e-09	1.4914155921286516e-07	0.0	0.0	0.0	0.0	0.0
811.3386171466385	0.489831608297095	0.2399350044869187	658270.3516734197	992.9720391044932	-5.5876869170132295	31.22224508256081	985993.4704433352	760.5288746950655	-0.0485076301182516	0.0023529901796891	578404.1692449426	792.7740983621477	690.3988468432193	0.864109	19.766125	0.0404708757575887	0.0248524055783019	0.0927086763	0.0254436278	0.0394359476	-0.033801583	0.0343263593	-0.0911800024	-0.0391139167	0.0594648228	0.0183295751	-0.1259837081	-0.053550709	0.0288189096	0.0807322375	0.0334718764	0.0478328391	-0.0527669819	-0.0334935608	0.0028945866	-0.1023892351	-0.0811016	0.1386064032	0.1527631123	0.0729410709	0.0329737599	-0.0114579938	-0.0237714396	-0.0348641654	-0.0900702114	0.0348643695	-0.0845134846	0.0278591355	-0.012035889	0.0538733698	0.0867075548	0.0035358208	-0.0583198276	0.0889385416	-0.0602224269	-0.0418554395	-0.0023340164	0.0088767164	0.0360185331	0.0041001111	-0.0628744085	0.1181172677	0.0963075977	0.1569301335	0.163338186	0.07416446	0.0526528923	-0.0309174188	-0.0725521375	0.0322733154	-0.0217027327	-0.0193930427	-0.0394403554	0.1253636234	-0.1261138611	-0.06640892	0.0033186917	0.0226931686	-0.0783655724	-0.0027505139	0.0364900448	0.0394834271	-0.1128744542	0.0274348586	-0.0344358169	-0.0536318574	-0.0767361852	0.0514904351	-0.0636369546	0.0859098254	-0.0077394337	-0.0902476474	0.0390724706	-0.1089157618	-0.0433324644	-0.0302047223	-0.0677735109	0.0536222587	0.106899368	-0.0750509499	-0.027173611	-0.0500815539	-0.0674420446	-0.1923859877	-0.0160768589	-0.0566677118	0.082653894	-0.1262723941	0.060376458	-0.0617726009	0.0243041101	-0.0270008428	0.0433490617	-0.0389390267	-0.1686646318	0.0094441312	-0.1320360099	-0.0376948033	-0.1038019408	0.0187235771	0.0344301529	-0.0123067614	0.1285578634	0.1269376627	0.1242524367	0.1205247148	-8.204237872178055e-06	9.273367297168988e-06	8.599534102820327e-11	6.73095190632807e-11	-0.0780477119187992	0.0221503981130411	0.0060914453357598	0.0004906401365662	-0.0164106017507563	0.0004635238405654	0.0002693078498219	2.1485435077259066e-07	0.0012430741808154	-0.0001429786501441	2.0442894397057533e-08	1.545233419009878e-06	-0.0004362907538966	-0.0001650581212067	1.903496219356636e-07	2.724418337628569e-08	0.0003372716647931	-4.891683738280001e-05	2.3928569795353012e-09	1.1375217587230923e-07	0.0	0.0	0.0	0.0	0.0
813.321258043323	1.9826408966845293	3.930864925206034	661491.4687851736	997.7208103148404	4.748771210347172	22.550828008222148	995446.8153353016	760.7256148869812	0.1967401919157509	0.0387067031150465	578703.4611451757	794.5359611301054	698.3397801592348	0.93875	21.473499	0.044402203008139	0.0205621519807004	0.0874154935	-0.0249089085	0.100900307	-0.0711681811	-0.0640049451	-0.0408056127	-0.1054307622	0.114324397	0.1108181932	-0.0261981276	-0.0990341202	0.0972491722	-0.0034554456	-0.1124965497	0.0772216855	0.0360461384	-0.0449121194	0.0123653271	-0.0843139933	0.0344154558	0.1033110674	-0.0357657418	0.0150783645	0.0369596976	0.0342462299	-0.1181294275	0.1656158919	-0.197984255	-0.1206899704	0.1405476572	-0.0136765215	-0.1569479496	0.1973877702	-0.046385225	0.0202623486	0.125161905	0.0157410903	0.046266958	0.0576824455	0.1377485502	0.1029202705	0.0114242132	-0.1289895464	-0.0383603232	-0.1053205866	-0.0448808869	0.0695545286	0.0291407855	-0.0471915659	0.0532714216	-0.1521712415	0.0335193374	0.0778837256	-0.0263065808	-0.1156597569	-0.0034615252	0.1406592898	0.0270788048	-0.0650319257	0.0734272749	0.0653413755	-0.0862739568	0.1262512075	-0.0220932199	-0.0190155414	-0.1488150561	-0.0322333383	0.0161702533	-0.0222696136	-0.0783101417	-0.2014746034	0.0333224012	-0.091408122	0.0454533843	0.0331631091	-0.0857015904	0.0238240858	-0.2469443197	0.0224705181	-0.1663447945	0.0674555629	0.0848724342	-0.1086836482	-0.0536749059	-0.0885814361	-0.1086383498	-0.0972687385	0.0435807192	0.0341412658	0.0575532388	-0.1947526695	0.1207913781	-0.0447379639	0.0418967082	0.0147261507	0.0678877146	-0.0550892642	-0.0868749063	0.0098759713	-0.1016776919	-0.1364823528	-0.0046104592	0.0956980677	-0.0353639145	-0.0028501533	0.1282045865	0.1255324169	0.1211199807	0.1150284477	-0.0040664299674375	-0.0040582257295653	1.6469196072105987e-05	1.6535852680073745e-05	-0.0778971268113224	0.0001505851074767	0.0060679623654592	2.26758745937994e-08	-0.0257098100023682	-0.0092992082516118	0.0006609943303578	8.647527410684681e-05	0.0010095448038066	-0.0002335293770087	5.453596992611822e-08	1.0191807108929066e-06	-0.0001897606237144	0.0002465301301822	3.6009094312478116e-08	6.077710508765249e-08	0.0004750958359918	0.0001378241711987	1.8995502166608572e-08	2.2571605337674733e-07	0.0	0.0	0.0	0.0	0.0
814.0288333790031	0.707575335680076	0.5006628556627722	662642.9415723808	1001.1060268938048	3.385216578964446	11.459691286495747	1002213.2770830996	761.6975679460407	0.9719530590595014	0.9446927490151226	580183.1850149133	795.0339616454994	701.6171746266729	1.206018	27.587143	0.2027035319807513	0.1537445325953047	0.0914194403	0.1076302182	-0.0265730438	0.0282769712	-0.1537903776	0.0827675931	-0.079942797	-0.0396894891	0.1384040343	-0.0637859283	-0.0202041691	-0.0375361838	-0.0937844799	0.0445071505	-0.0734600204	-0.089236816	-0.0543800259	-0.0305238551	0.1120987832	0.0150490994	0.1827186559	-0.0497522299	0.0166586771	-0.0209023247	-0.0403657751	0.131288004	0.0672480109	-0.0285195229	-0.0496764716	-0.0475265152	-0.1010788033	0.0439706939	-0.1287291247	-0.0611811591	0.0688032552	0.0188304035	-0.0561039382	0.0670236498	-0.0857688488	0.0402260601	0.0274034423	0.0353812413	-0.0006928291	0.0682746611	-0.0752955291	0.0035346184	0.002497427	-0.2555410323	0.0729405556	-0.021997031	-0.1639177299	0.2224367654	-0.0456897159	-0.1132361384	-0.0224194035	0.1477204623	0.0179511258	0.0020277442	-0.1228642437	0.0222833654	-0.0657150755	-0.0897184709	-0.1077058137	-0.043538896	-0.0389159271	0.0014671363	0.0234622144	0.0296571885	0.0181249802	-0.0308050765	-0.0511642715	0.0070583753	0.0502177891	-0.1252627687	-0.1271285837	0.0448802859	0.0692914984	-0.0506469382	-0.0549858319	0.1512677286	-0.2677079868	0.10527028	0.1411599838	-0.0842891852	-0.0197712632	-0.058767279	0.0391277728	0.0604432126	0.0203548873	-0.009053235	-0.0298846523	0.0443018983	0.0433864656	0.161038052	0.0174903078	0.0628789013	0.1194696976	-0.0460161006	0.0216786176	0.041429743	-0.1239201267	0.1380054451	-0.0948972196	0.0238550274	-0.014065834	0.1277634447	0.1237830955	0.1172407796	0.1082719048	5.299503088451729e-05	0.004119424998322	1.6969662316800352e-05	2.808473298450941e-09	-0.0596478783960492	0.0182492484152731	0.0035578693971498	0.0003330350677223	0.1271833258079979	0.1528931358103661	0.0161755983635833	0.023376310977927	0.0013330809693166	0.0003235361655099	1.0467565039291409e-07	1.777104870754086e-06	-0.0003722117468656	-0.0001824511231512	1.385415845047415e-07	3.328841233913436e-08	0.0004322486695172	-4.284716647459999e-05	1.8358796749020854e-09	1.8683891229938961e-07	0.0	0.0	0.0	0.0	0.0
813.5380564476409	-0.4907769313622339	0.2408619963573308	661844.1692886049	1003.5825866037164	2.476559709911612	6.133347996757489	1007178.008134206	762.235250520769	0.537682574728251	0.2891025511664012	581002.5771364595	795.9065261714715	697.6586675533325	0.974137	22.282951	0.1374093717723668	0.0715081556294656	0.0770390977	0.1713298522	-0.0110073097	0.1302728794	-0.2036752152	0.0773919221	-0.121689036	-0.0959893272	0.1295494548	0.0006402879	-0.0348749066	-0.1783356157	-0.1085933776	0.1031784194	-0.0796603386	-0.0298461322	-0.1103961123	0.0998962123	0.1643117007	-0.0250539977	-0.0110512171	-0.1251910246	-0.0235635193	0.036721918	-0.1697211081	0.0020389857	-0.0183820425	0.030844471	0.014645658	-0.1039916396	-0.1227886759	-0.1009957307	0.001050591	-0.1769712163	0.0916333137	-0.0247577695	0.0459144538	0.0622541853	-0.1722031485	0.0779931175	0.0296069295	-0.0112069022	0.0760059185	-0.05404667	0.0836953958	0.0838383496	-0.0638173402	0.0543484572	0.0209160376	0.0984941137	-0.0080486135	0.066580023	-0.0934086266	-0.1648204311	0.0025768997	0.1939897567	0.0109682226	0.1143842068	-0.0053384683	-0.0380090841	0.0002899599	-0.0204991308	-0.1371359708	-0.0071054076	0.0093360343	0.0775203195	0.0831968717	-0.0482053334	0.0309790009	0.057156853	0.0099858471	0.0207954385	-0.1388301122	-0.1345532256	0.0941216162	-0.0377257302	-0.0230418031	0.0075882851	-0.1754737085	0.0636882579	-0.1551841657	0.0883691171	0.2162371037	-0.1549611903	-0.0646519765	-0.0247505151	0.1032198661	0.0880834081	0.0047086041	-0.0853395121	0.0350628144	0.0749439576	0.0476486529	0.0670094435	0.047395099	0.003044165	0.1209634041	0.0745025863	0.0166323181	0.0224716866	0.0243970156	0.0741723251	0.0498841357	0.1514190549	0.0750141637	0.1272347401	0.1216944932	0.1126387502	0.1003291122	-0.0178946043979522	-0.0179475994288367	0.0003221163252579	0.0003202168665592	-0.0497105499996735	0.0099373283963756	0.00247113878127	9.87504956574148e-05	0.1722081181322323	0.0450247923242344	0.0296556359506448	0.0020272319238404	0.0008984165631591	-0.0004346644061574	1.889331459802521e-07	8.071523209586092e-07	0.0004351728923319	0.0008073846391975	1.893754462205114e-07	6.518699556120773e-07	0.0003843046824138	-4.794398710340005e-05	2.2986258993709902e-09	1.4769008892517165e-07	0.0	0.0	0.0	0.0	0.0
813.9322761041356	0.3942196564946698	0.1554091375667755	662485.7500840587	1002.0836496274334	-1.498936976283062	2.246812058868609	1004171.6408506366	762.4446272818625	0.2093767610934946	0.0438386280860023	581321.8096709782	795.031307220459	691.6319329549328	1.004263	22.97208	0.0858438488956321	0.0555136533848436	0.0650457866	0.1738914252	-0.0005558674	0.0667687684	-0.0673453656	-0.0053256776	-0.0534430671	-0.1223051278	0.0571153426	0.053150397	0.1079876363	-0.1646597807	-0.0851578524	0.0109712303	0.0662972872	0.0394786115	-0.1084723779	0.0966259591	0.1259430029	-0.1237344583	-0.1053552429	-0.1080423619	-0.0513979482	-0.0506175998	-0.1249670553	-0.0574407634	-0.0483573788	0.1056579655	0.0328097509	-0.0807462553	0.0109090268	-0.0091859129	0.0055957038	0.0291341663	-0.107551475	-0.0145624086	0.0835783866	0.0312456307	-0.0095544688	-0.1411207018	-0.141980985	0.0191522547	0.1041589749	0.0575169109	-0.0268393136	0.0759051924	0.0155494398	-0.0266407034	-0.0452354159	0.0427211737	-0.0445360045	0.0367808915	-0.0888652235	-0.1536056482	0.0423000719	0.081587871	-0.011126775	0.1518230344	0.1285358889	-0.0914376641	-0.0453878618	-0.0229635923	-0.048556624	-0.0086602832	-0.1183940471	0.0856529457	-0.0039436832	-0.0236429	-0.0621249164	0.0870152299	0.1729847595	-0.0663985982	-0.0178641386	0.0506755363	-0.0233634828	-0.0329670345	-0.0341043464	0.1301246524	-0.0611684668	0.035825257	-0.0250753273	0.0886316654	0.2115508933	0.0014181645	-0.0924567044	0.0335542908	0.0842621619	0.1236898135	-0.0019678951	-0.0182017502	0.08516204	-0.0065280098	0.0298458325	-0.0289854035	0.0122803599	-0.1313946919	0.134346369	0.0568553388	0.0149231989	0.0406860861	0.1510117351	0.0544811599	0.073781297	0.1262979596	0.0533267004	0.1266188352	0.1192723348	0.1073422654	0.0912870929	-0.0184370513021718	-0.0005424469042196	2.942486438974284e-07	0.0003399248607189	-0.0967525999566731	-0.0470420499569995	0.009361065598376	0.0022129544641568	0.1742266146083153	0.0020184964760829	0.0303549132378744	4.0743280239594366e-06	0.0010150258660161	0.000116609302857	1.359772951279556e-08	1.030277508681734e-06	-0.0001202782185347	-0.0005554511108666	1.4466849853881051e-08	3.0852593656294e-07	0.0004370613798568	5.275669744300005e-05	2.7832691250922478e-09	1.9102264976233005e-07	0.0	0.0	0.0	0.0	0.0
815.6456638107234	1.7133877065878096	2.9356974330862338	665277.8488932356	998.3967383518692	-3.686911275564171	13.593314753882222	996796.0471516508	762.463400819399	0.0187735375365036	0.0003524457116345	581350.4375890834	795.8713438281014	699.0967657593719	0.943509	21.58235	0.0414707124176523	0.0244677212195949	0.0266350389	0.1586782833	-0.0178593415	0.0314552414	-0.1110777554	0.0814904449	-0.0592837483	-0.1373373572	0.0201597817	0.0357390507	0.0417061811	-0.0891909374	-0.1125565537	0.0431451955	0.0626692989	-0.0248326657	-0.1458818079	0.070596516	0.1508184236	-0.0515854451	-0.014363258	-0.0022071751	-0.0545719869	-0.0188304575	-0.0882058848	-0.1180375345	-0.1901602351	0.0877997921	0.1833914028	0.0827687343	0.0413318737	-0.1071754195	0.0495661496	0.1207553405	-0.0929398187	-0.0323799498	0.0420042582	0.1353850508	0.0329538862	-0.0057715041	-0.1284389806	0.1111205769	-0.1472399604	0.0779533083	-0.0171589453	0.0171966886	0.1095541404	0.0538162215	-0.0191668545	0.0910038852	0.068271082	-0.0044664405	-0.087718768	-0.1522811419	0.0394921082	0.0825276717	-0.0566514793	0.0665429944	0.1143912651	-0.0317225017	-0.0517035581	-0.0652169788	-0.1106250239	0.0857403768	-0.0836553555	0.0611567094	-0.0578334277	-0.0417026792	-0.1533136316	0.0438394483	0.0998868806	0.086709218	-0.0271742218	-0.0564722057	0.0412275462	-0.070397281	-0.0464100942	0.1171070642	0.1290798994	-0.0106502179	0.2003131634	0.0551383885	0.2237924182	-0.0309814786	-0.0411830095	-0.0002397093	0.1155479207	0.0785496584	-0.0210619561	-0.0134841494	0.1131317013	0.0119532153	0.0038805375	0.0775478604	0.0593361078	-0.1523314883	0.0330749331	0.1609950896	-0.0298930374	0.0781990751	0.1261881387	0.0608747541	0.004855255	0.0568550348	-0.0993607728	0.1259161521	0.1165232592	0.1013839798	0.0812449131	-0.0205590662638286	-0.0021220149616567	4.502947497495301e-06	0.0004226752056404	-0.1014154843117296	-0.0046628843550565	0.0102851004581826	2.174249050863071e-05	0.1549950743784762	-0.019231540229839	0.0240234730815893	0.0003698521396119	0.0007060263199539	-0.0003089995460622	9.548071946664574e-08	4.984731644676467e-07	-0.000120345301767	-6.708323230001052e-08	1.4482991657390294e-08	4.500160055817173e-15	0.0004370425517293	-1.8828127500017736e-08	3.544983851569241e-16	1.910061920220579e-07	0.0	0.0	0.0	0.0	0.0
813.1157649734248	-2.5298988372985605	6.400388126964608	661157.2472483178	1003.306453704834	4.909715352964781	24.10530484713809	1006623.8400457702	761.772442562621	-0.6909582567780035	0.4774233126096974	580297.2542478218	796.0622077815789	702.155268275238	1.093649	25.016741	0.0170313617191605	0.011318537679913	-0.0318114991	0.101908143	-0.1583483124	0.0290086424	0.053624557	0.1369968258	0.097376815	-0.1216308404	-0.0978826629	0.0152781628	-0.0424173417	-0.0467855116	-0.0543579903	0.0056994113	-0.111597111	-0.1433468965	-0.0275280093	0.1400980326	0.0977302225	0.1311576705	-0.0880957881	0.0917092768	-0.1514419988	0.1011441192	-0.1167255525	0.0436902507	0.0256314831	0.1350931529	0.1161847619	0.0481523666	-0.0768376078	-0.0702449925	-0.095487051	0.1012953444	0.2330988017	-0.0929793581	0.0607236068	-0.0368517771	-0.0132440021	-0.0112787464	0.0100341544	0.0377474509	0.0970843127	0.0998883188	-0.0871911417	-0.1938280678	-0.127377905	0.0062616902	0.2140769064	-0.0844650236	0.0381326781	0.013929203	-0.0828455966	-0.0152767614	0.2129697254	0.0703996922	-0.0765729648	-0.0131972093	-0.0202934667	-0.010372653	-0.0353429944	0.0590240856	-0.0377281084	-0.005717333	0.0855608896	0.0391518441	-0.2256876156	-0.1459854972	0.0003845888	0.0154527538	0.0249843126	0.1171043091	0.0175013777	-0.1267714005	0.1271709185	-0.0586228975	0.1682374501	0.0403359434	0.0101626263	0.0614019616	-0.0036135319	0.0358217615	0.2000892229	0.0427829001	0.122739618	0.0903300542	0.1094907304	-0.0571609851	-0.0220325545	-0.0056370867	0.0711521945	-0.0218158549	0.0781874437	0.0828453041	-0.0102694924	0.034406262	-0.0083249987	0.0235588461	-0.0911220755	0.0812216415	0.0281227442	0.0660214087	-0.0473062917	-0.0876064337	-0.0846791806	0.1251271724	0.1134548014	0.0948006283	0.0703125971	-0.0208121097699773	-0.0002530435061487	6.403101600402755e-08	0.0004331439130775	-0.0968082088770643	0.0046072754346652	0.0093718293059853	2.1226986930870307e-05	0.1524767396581197	-0.0025183347203565	0.02324915613677	6.34200976375309e-06	0.0008990269406629	0.000193000620709	3.7249239594059316e-08	8.082494400376936e-07	-0.0001203036295209	4.167224610000862e-08	1.4472963275901962e-08	1.7365760950196837e-15	0.000437054419934	1.1868204699983908e-08	1.4085428280072012e-16	1.910165659838452e-07	0.0	0.0	0.0	0.0	0.0
813.108699490854	-0.0070654825708516	4.992104395900774e-05	661145.7571877078	1006.9053118051576	3.598858100323582	12.951779626264663	1013858.3069414416	762.6203132800277	0.8478707174067495	0.718884753435836	581589.7422273277	796.2221026354913	691.3455113097028	0.986376	22.562927	0.0347019492892679	0.0184336955989226	-0.0469468056	0.130943542	-0.1984387337	0.1880959078	0.03389767	0.0594946574	0.1492801707	-0.1389617661	0.014001484	0.0184391128	-0.1521041331	-0.1752059855	0.0320109189	-0.0040450224	-0.0397463885	0.0144469816	0.0071906713	0.1882097304	0.0668168279	0.1045659976	-0.0048002231	-0.1269336708	-0.126435375	0.0123869988	0.0573552906	0.0614247866	-0.0604125609	-0.1373190865	0.0208469472	-0.1016619093	-0.0430024027	0.0883765612	-0.0782712912	0.0431745004	-0.0268421161	-0.0207757398	-0.1308107302	-0.072089647	0.0217698968	-0.0743848208	0.0226310169	0.0911076877	-0.0492181462	0.0261130137	0.0405223898	0.0626228528	-0.0726056072	0.0457853394	-0.045732765	0.0518235611	0.106791303	0.0510766377	-0.1401740635	0.0293226587	0.1287140132	0.1939370971	0.0164401615	0.0066035327	-0.0011693591	-0.090072139	-0.0298512528	0.1178048107	0.0640704819	-0.0162651853	0.0518156267	-0.0349146615	-0.0227998832	0.0071325691	0.0133295402	-0.1330516877	0.0313996968	0.0879394	-0.1148195035	0.0143005807	-0.0037143934	0.0457241415	-0.1005909554	-0.0078224038	-0.0241771088	-0.0235038683	0.0495223047	0.0288727434	0.19315173	-0.049509719	0.1373100385	0.1613395036	-0.0046656026	-0.0337396563	0.0610412536	-0.0567381301	0.0055556181	0.0222781535	0.0188442702	-0.1132569941	-0.025464337	0.005083445	-0.0252480922	-0.0402877676	-0.1520854513	0.0964083721	0.0458364446	0.0576183313	-0.0008383909	-0.0602831591	-0.0136093946	0.1242524367	0.1100753719	0.0876327994	0.0586099215	-0.0184488916841019	0.0023632180858754	5.584799721408593e-06	0.0003403616043717	-0.0848078183068992	0.0120003905701651	0.007192366045976	0.0001440093738365	0.1406379880131893	-0.0118387516449303	0.0197790436723979	0.0001401560405103	0.0008990103878096	-1.6552853300067297e-08	2.7399695237354877e-16	8.082196773895674e-07	-6.335434277215946e-05	5.694928674874054e-05	4.013772748092273e-09	3.243221261190275e-09	0.0003240284797701	-0.0001130259401638	1.2774863149933497e-08	1.0499445570212213e-07	0.0	0.0	0.0	0.0	0.0
813.0694787487994	-0.0392207420545673	0.0015382666073109	661081.9772728443	1003.8233192380796	-3.0819925670779185	9.498678183523538	1007661.2562461556	761.045161753618	-1.5751515264097409	2.481102331150936	579189.7382285906	793.3549454849285	685.2119434571075	1.123589	25.701603	0.0384947287026645	0.0248912412599467	-0.064025707	0.0963174376	-0.1689660024	0.0523426728	0.0536696829	-0.0135963857	0.093592572	-0.0900677962	0.0638981949	-0.0849450219	0.0954320021	-0.0680625677	0.1420375512	-0.0602256031	-0.0642646586	-0.0157336247	0.0250254144	0.1829559395	-0.1467446791	-0.030789448	0.1588402402	0.0321501477	-0.255282372	0.0713953408	0.05730787	-0.0986895037	0.0062090804	0.0725149283	0.0526293682	0.0249030537	0.0100811534	0.0126553451	-0.0325651007	-0.0501067147	-0.0826420148	0.0036831106	0.044218147	-0.0191234896	-0.0151025315	0.036023118	0.0145199957	-0.052182152	-0.0654782637	-0.101962995	-0.0810808348	-0.0171708501	-0.025911918	-0.0305509545	0.0327581627	-0.0849164386	0.2965890618	0.0191417409	-0.1388034061	0.0470581206	0.0646560566	-0.0228834625	0.1487473786	-0.1950294356	0.0012172335	-0.1624352876	-0.0216872001	0.1602521669	-0.0582072352	-0.1832504465	-0.1145927267	-0.0139438261	-0.1753440883	-0.006392971	-0.0751601629	0.0483188877	0.1646554964	0.133549169	0.0224861369	0.1101405706	-0.0304469077	-0.0870439908	-0.0309456218	-0.01429355	0.0138091292	-0.0448283879	-0.0752121495	-0.0099132232	0.146588082	0.0260439813	0.1832323816	0.1080116285	-0.0127543513	-0.1105562299	-0.0400217729	-0.0025565885	0.1191953737	-0.077128621	0.1263216477	0.0294194453	-0.1236321289	-0.0334236756	0.0356989177	-0.1997220572	-0.0934427677	0.0759210648	0.0100892042	0.2140706117	-0.0173066314	-0.2653111411	-0.0645262553	0.1232925447	0.1063942335	0.0799246852	0.0462651033	-0.0184272338867259	2.165779737599988e-05	4.69060187179867e-10	0.000339562948716	-0.0792237162503965	0.0055841020565026	0.0062763972165233	3.118219577743767e-05	0.1426054024166205	0.0019674144034312	0.0203363007984062	3.870719434828568e-06	0.0004340049997579	-0.0004650053880517	2.162300109171121e-07	1.8836033981485481e-07	-2.290512057556704e-05	4.0449222196592416e-05	5.246445485812644e-10	1.6361395763093047e-09	0.0004370049584289	0.0001129764786587	1.2763684730142286e-08	1.909733336914446e-07	0.0	0.0	0.0	0.0	0.0
814.977951810629	1.908473061829568	3.642269427729126	664189.0619374479	992.5649177614322	-11.258401476647464	126.7516038093778	985185.1159707586	763.7540419909009	2.708880237282869	7.338032139941696	583320.2366574388	795.8295400320006	700.3857173528339	1.742389	39.856392	0.5717934187845075	0.3367990265064437	-0.1685698075	-0.1781954377	0.1504661632	-0.1045621175	0.0384229154	-0.155628147	-0.0608504238	0.0520518081	-0.0144855154	-0.1579049661	-0.0487635599	0.3253604611	0.2293685948	0.0305721163	0.1308141984	0.104441512	0.139158211	-0.1337530038	-0.1163910384	0.0128520464	0.1803561211	0.2808010891	-0.0732361942	-0.1283568903	0.2313344788	-0.108135837	0.09960313	0.0278824562	-0.1790152684	0.0992715105	0.0277967294	-0.0034679488	0.166893036	-0.1142946755	0.0588804496	-0.0663323917	0.1291394674	-0.1169008291	-0.0804203667	0.0518614127	-0.1145178218	-0.0433904374	0.2017552983	0.1137999886	0.0016003308	0.1077408747	-0.1066883742	-0.0708308763	-0.06102677	0.0191939331	0.1695979675	0.070243592	0.0560170888	0.141673506	-0.1455950001	-0.2928848314	0.0286836468	-0.3161485177	-0.1660289675	-0.0192036934	0.1411289592	0.0349110118	-0.0198677152	-0.0412081624	-0.0955451737	0.0495424548	-0.2738763797	0.3353726741	-0.0273671091	0.2407191733	-0.0920079935	-0.0298082961	0.0312752579	0.1124758658	0.060410866	-0.0417787943	0.1234122073	0.1657424603	-0.2251647853	-0.0720592883	-0.1296538064	-0.2319601003	-0.2233143411	-0.0047892552	0.0339863064	-0.0920805295	-0.202799016	-0.2229522457	-0.1158901035	0.0532662732	0.4031771829	0.0372430426	0.3026308579	0.0894940946	0.006691165	-0.2654166106	0.0152533909	-0.1777510306	0.2493050054	0.0084009326	0.2651855169	-0.0361065921	-0.0976089662	-0.1411773869	0.0739274311	0.1222481541	0.1024214758	0.0717238087	0.033413395	0.0029523187289726	0.0213795526156985	0.0004570852700474	8.716185877442388e-06	-0.0676325322828006	0.0115911839675958	0.004574159422984	0.0001343555457706	-0.151976930287276	-0.2945823327038965	0.0230969873395435	0.0867787507412691	-0.0028111865906776	-0.0032451915904355	1.053126845863329e-05	7.902770047605548e-06	-0.0006176469207213	-0.0005947418001457	3.81487718676504e-07	3.53717808840587e-07	-0.0006078686409362	-0.0010448735993651	1.0917608386501796e-06	3.695042846336228e-07	1.0	0.0	0.0	0.0	0.0
822.7662515800401	7.788299769411196	60.65761329821049	676944.3047390699	1015.4131608442826	22.848243082850445	522.0422119730232	1031063.887215777	768.7968103461586	5.042768355257749	25.429512684788943	591048.5355984274	804.9304753821086	723.2332987432284	1.630516	37.297333	0.1775317764094264	0.0899956877456597	-0.073083869	-0.3080488365	0.2309091218	0.0124363042	-0.0070406755	0.0668397532	-0.0703783438	0.2570428338	0.0456025856	0.1502422041	-0.0007413913	0.1623002828	0.0147941529	-0.126716012	-0.2499192883	0.0780127954	0.1567142463	-0.3392074526	0.0572398641	-0.0992239059	-0.0648671	-0.142348862	0.1549009144	-0.0351272792	-0.0180227022	-0.0206138204	-0.0099238275	-0.0821869802	-0.007284251	0.0337762159	-0.0212535577	0.0692950263	0.0736432529	-0.0419127314	0.1105738535	0.0632674408	-0.0585583274	-0.0687402506	-0.0011442554	0.0586658859	0.0593680865	-0.0099780397	-0.0472824449	-0.0475979685	-0.1143875304	0.0120717168	-0.1389365061	0.1335021736	0.1028124558	-0.0495329434	0.0770212475	0.0060987596	0.2079583296	0.1145966091	-0.2892415262	-0.0194751667	-0.1725945142	0.1550674354	-0.063589136	0.0863462935	-0.0554152251	-0.0586326862	0.0950628102	-0.1168523228	-0.1053053315	0.1708174133	0.1030159263	0.0179687598	0.0126736147	-0.0554409728	-0.133548526	0.1002561559	-0.0210083102	0.0397575869	-0.004852315	0.158696647	0.118498178	-0.050434743	-0.0511908996	0.1015228722	0.013141153	-0.2007819763	-0.2891169556	-0.109453744	-0.1273574071	0.025680582	0.0756633892	-0.0434494343	0.1317296572	0.0038654254	0.0671468781	-0.036815916	0.0451878971	0.0926921605	0.1754449476	-0.1664097072	-0.0381518776	0.1281279898	0.1040694251	0.026993598	-0.0084127535	0.0047556866	0.0175020971	0.1839980705	-0.0825275471	0.1211199807	0.098167988	0.063080731	0.0201956026	-0.0183916676917306	-0.0213439864207032	0.0004555657563271	0.000338253440483	0.005497131644276	0.0731296639270766	3.0218456314500564e-05	0.0053479477460871	-0.1296125299736843	0.0223644003135916	0.0167994079261792	0.0005001664013865	-0.0025099805590864	0.0003012060315911	9.072507346691885e-08	6.300002406991679e-06	0.0001040229894095	0.0007216699101308	1.0820782325688947e-08	5.20807459188197e-07	-0.0004168700676971	0.000190998573239	3.648045497937183e-08	1.7378065334178473e-07	0.0	1.0	0.0	0.0	0.0
819.2736389061789	-3.492612673861231	12.198343289616098	671209.295406572	1020.0636783316116	4.650517487329012	21.627312899952944	1040529.9078514175	766.4603648631784	-2.336445482980253	5.458977494938826	587461.4909061965	802.0867098133098	720.0298651185661	1.172021	26.809473	0.1561628185586201	0.0789607122413934	-0.0246802013	-0.287450871	0.0803803496	0.0475258981	-0.0167130402	0.095339044	0.0556729813	0.2317510542	-0.0126885282	0.0831284131	0.0717053214	0.0024054639	-0.0829737807	-0.0213207783	-0.2277390907	-0.0951091535	0.0850737332	-0.3077502943	0.004108071	0.0268167056	0.0154836423	-0.0637549858	0.0389801961	-0.1361694444	0.087182738	-0.0515036311	-0.0555768662	0.0921300282	0.0740189135	0.0295182038	-0.0218827615	0.0118984593	-0.0219468687	-0.0370641249	-0.0710788941	-0.1179162198	0.1904526153	-0.0087938104	0.0691284933	-0.0486984844	0.0165816161	-0.0935368648	0.0093489235	0.0360903765	-0.0850847483	0.0668516455	0.1051580676	-0.0516435398	0.1454331346	0.0413618365	-0.1459560584	0.1883765411	0.1749846487	0.1160242842	-0.1372559545	0.0435165515	-0.1490060388	0.0151377584	-0.0262767458	0.1112853718	-0.0120989995	0.1133187892	-0.130687956	-0.0049783192	-0.2031831405	-0.0049618272	0.1138765035	0.0203233069	0.0270692392	0.0237912542	0.2208456233	-0.120378546	-0.0402585709	-0.0155434015	-0.1195307546	0.0234650275	0.0603588274	0.0020107673	0.2004313271	-0.0652118466	-0.1106875158	-0.116163469	-0.2102091835	-0.0909147089	0.0004117854	0.0423216534	0.1972943048	-0.0512638173	-0.0240062998	0.0942976941	0.0388236704	-0.0322565532	-0.0767310002	-0.1138900115	0.1579195508	-0.0549454867	0.0323834434	-0.0942787657	0.0208949975	-0.0333478595	-0.1279002689	0.0743254632	-0.120437098	0.0481424532	0.0338918912	0.1199087977	0.0936454286	0.0540487397	0.0067565429	-0.0025048417629278	0.0158868259288028	0.000252391238092	6.27423225730725e-06	-0.0336372387866106	-0.0391343704308866	0.0011314638331874	0.0015314989490218	-0.0816855712040336	0.0479269587696507	0.0066725325429292	0.0022969933769077	-0.0014989629660514	0.001011017593035	1.022156573426285e-06	2.246889973593611e-06	0.0001563113682419	5.228837883239999e-05	2.4433243841654863e-08	2.7340745609205754e-09	-0.0004158827709789	9.87296718200014e-07	9.747548097685182e-13	1.729584791970882e-07	0.0	0.0	0.0	0.0	0.0
817.8562081310104	-1.4174307751685546	2.0091100023949298	668888.7771784345	1014.1872554180052	-5.876422913606461	34.532346259559056	1028575.789052306	765.7606105477756	-0.6997543154027426	0.4896561019247609	586389.3126665021	801.0468642652527	714.7594819490023	1.054425	24.11952	0.0743197473758478	0.0438135014250142	-0.0540794625	-0.2418378046	0.0764892601	0.0435114767	-0.0700436899	-0.064826201	-0.032140521	0.1610145247	0.0580056737	0.1071645421	0.0427477331	0.0751349662	-0.2176472206	0.0295222027	-0.0929901269	0.1594464983	0.0667407558	-0.1145121312	-0.0856219532	-0.0178647689	-0.1556925991	-0.1017385726	-0.0306480696	-0.0651076542	0.047726436	0.0228211345	-0.0904449228	0.0563338507	0.0042519437	0.127338429	-0.0229770586	0.1075152157	0.0357957403	-0.0540619583	0.0542886407	0.0622157592	-0.2023514033	0.1385674012	0.0207367822	0.0935108244	-0.0517852771	0.0769166074	-0.10682205	0.0979601792	0.1141651934	-0.1355885892	0.1894827921	-0.1129229664	0.0740556355	-0.0263996915	0.1022996942	-0.1636004167	0.1163206192	0.0988467283	-0.0884233506	-0.0127601568	-0.0259247493	0.1645978849	0.074118379	-0.002672842	0.1031579449	0.0708849192	-0.191638196	-0.0594711431	0.0613949012	-0.0603429519	0.1208711073	0.2018705277	0.1419555048	0.1014923522	-0.1075973052	0.1443976709	-0.0096300276	-0.104543684	-0.0531925529	0.0052512558	-0.0343074739	0.1403616941	0.1394705705	0.0272460297	0.1529797635	-0.1137092619	-0.1602534533	-0.0378699815	-0.0263741477	-0.0088153917	0.1411129305	0.1708973658	0.053191928	0.0752087571	0.1048629781	-0.0460630509	0.013926668	-0.1495084708	0.1301681149	0.0520093257	-0.1006851733	0.0960526752	0.042864609	-0.0573261384	-0.2044296547	-0.0022912111	0.0117169729	0.0201675916	0.0983947295	0.1186154352	0.0888661936	0.0446835199	-0.0067565429	-0.0076400146874249	-0.005135172924497	2.637000096448809e-05	5.836982442406819e-05	-0.0339468192927654	-0.0003095805061547	0.0011523865400956	9.584008979105935e-08	-0.0495144894206376	0.0321710817833959	0.0024516846625864	0.0010349785031139	-0.0008879805112337	0.0006109824548177	3.732995600950629e-07	7.885093883308633e-07	0.0001136487990498	-4.26625691921e-05	1.2916049525461821e-08	1.8200948100707198e-09	-0.0003354495517527	8.04332192262e-05	6.469502755089949e-09	1.1252640177108737e-07	0.0	0.0	0.0	0.0	0.0
819.6158548866879	1.7596467556775224	3.09635670476643	671770.1495816362	1008.2662598160672	-5.920995601937989	35.05818891816901	1016600.8506834812	766.266641126791	0.5060305790153734	0.2560669468986341	587164.5653037343	800.5252699260869	710.0547076079805	1.107017	25.322523	0.0379045513444327	0.0197150381491503	-0.1188880355	-0.1389531256	-0.0640098656	-0.0265318264	0.0932251121	0.0281318786	0.0830651545	0.046961067	-0.0634446454	0.0221516338	0.0849734575	0.0701899902	-0.028811952	-0.1517163344	-0.0612550806	0.185771121	0.1981686483	0.0008759333	-0.1124738664	0.0061123545	-0.1921893586	-0.0900718015	0.0222469821	-0.0898613001	0.1133492681	-0.0164016505	-0.0849277671	0.022344158	-0.0983447635	-0.1117649765	-0.0557157938	0.0346933511	-0.0740822896	-0.0425651401	-0.0305821185	-0.0001956153	-0.2258258764	-0.0598853566	0.0060833224	0.1000769803	0.0479101798	-0.0132083923	-0.0981775443	0.026095287	0.0513964418	-0.0505473707	-0.0529720895	-0.0391154704	0.0130978178	-0.0144484521	-0.0223218038	-0.0485298091	-0.020176876	0.146045156	0.0023975162	-0.1157662673	-0.0647949473	0.0719880326	0.0642452637	-0.0183445455	0.1262692007	0.1299104447	0.0175564689	-0.0984876697	0.0294755346	0.0329677483	0.2072365692	0.0531704399	0.1389291773	-0.1082019215	0.0322554658	0.0822339764	-0.0335520053	0.0159045454	-0.0661906611	-0.0527487511	0.0683288803	0.0673486383	0.0076601528	0.1311363332	0.0469421858	-0.133314656	-0.0800328485	0.0711753468	0.0645907969	0.1030585681	0.0189711368	0.0311238155	0.1611192173	0.0391421014	0.0845730579	-0.0299927116	-0.0311361663	-0.1084970283	0.1130352702	0.0300230775	-0.0035027387	0.0379186487	0.0223476211	-0.0653122359	-0.1583255335	0.0870835994	0.1550213081	-0.0028635061	-0.0174280854	0.1172407796	0.0838433825	0.0350428114	-0.0201956026	-0.0113839191326121	-0.0037439044451871	1.4016820494692472e-05	0.0001295936148178	-0.0337567638547966	0.0001900554379688	0.0011395191059485	3.612106950151299e-08	-0.0430874232799709	0.0064270661406667	0.0018565260449073	4.130717917650439e-05	-0.0011129248244922	-0.0002249443132584	5.0599944067338145e-08	1.238601664970994e-06	0.0003652276537895	0.0002515788547397	1.333912390925829e-07	6.329192015213906e-08	-0.0004097968901667	-7.4347338414e-05	5.52752672924584e-09	1.6793349119029837e-07	0.0	0.0	0.0	0.0	0.0
819.5405504885597	-0.0753043981281962	0.0056707523774498	671646.7138950914	1013.3055553909176	5.039295574850371	25.39449989070653	1026788.148586096	768.1719271894814	1.9052860626903796	3.630114980682208	590088.1097220018	803.2372020742453	718.4756367825483	1.005906	23.009657	0.0592138581041322	0.0287678328863107	-0.1705794358	-0.1518072614	-0.0102775423	-0.0774939322	0.1507055396	0.0986641696	0.0897784387	0.0142178663	-0.2105269481	0.1674423975	-0.1008949465	0.1722457416	-0.0314531537	-0.0116286582	0.0182548116	0.014271185	0.1533956405	-0.1430473212	0.0835557015	0.1177779648	-0.2286495513	0.0875992611	-0.0285598447	0.0812622045	0.0689525243	0.0269569435	0.0231391606	-0.046901136	0.0247804918	-0.1102305131	-0.2356872849	0.0556393979	-0.0151596616	-0.0342726682	0.0322351498	0.0832609101	0.0261592074	0.1335304876	0.0538611159	-0.0860241587	-0.0774451702	0.0266487955	0.0400369188	-0.0853511059	0.0481115711	0.0160164946	0.0710285592	0.143231489	-0.1604091118	-0.0226033323	-0.162120446	-0.1069998735	0.0553092381	0.1550767009	0.0380176036	-0.1173599105	-0.2398562433	0.0219369152	-0.0396364135	0.0741288765	0.0047630122	0.0705529652	0.1299194949	0.0331615249	0.1785353821	0.0845175388	0.0012312678	-0.0544871116	0.1105377158	-0.0265327676	-0.031404607	0.1288344785	-0.1344582026	-0.0424906775	-0.0597591465	-0.0430412778	-0.157770921	0.0041361719	-0.0166197655	-0.1752501342	0.0471243903	-0.1703234239	-0.0971365401	0.1441451472	0.0547876156	0.0774168991	0.1051653901	-0.0638013621	0.1024689932	0.0288006693	0.057099606	0.088205347	0.0165028823	-0.1741139025	0.0659540969	0.049744627	-0.0389792588	0.1150416513	-0.0952681243	0.0578158574	-0.1442629814	-0.0361473899	-0.0738190272	0.0019330074	-0.0363406756	0.1157857731	0.0785907625	0.0251860523	-0.033413395	-0.0183712730125762	-0.0069873538799641	4.882311424384938e-05	0.0003375036721026	-0.037644565295011	-0.0038878014402144	0.0014171132962503	1.5115000038533186e-05	-0.0637037729051996	-0.0206163496252287	0.0040581706823572	0.0004250338718696	-0.0010229926046655	8.993221982669984e-05	8.087804162957864e-09	1.046513869200304e-06	0.0001460843857805	-0.000219143268009	2.1340647768865957e-08	4.80237719136644e-08	-0.0001644253148279	0.0002453715753388	6.020720998424443e-08	2.7035684156254034e-08	0.0	0.0	0.0	0.0	0.0
817.3457763110094	-2.194774177550244	4.817033690441348	668054.1180534466	1016.7615626626764	3.4560072717588355	11.943986262449949	1033804.0753082476	766.99649293118	-1.1754342583013797	1.381645695588514	588283.6201687297	803.2353101420337	711.5852985976531	1.049482	24.006435	0.1206592828730075	0.0694078373924225	-0.088504161	-0.0776414995	-0.1130887972	-0.0020054132	0.170838545	0.0387573139	0.178489992	-0.0038652302	-0.2017300116	0.1186518491	-0.1294002989	0.0418919407	-0.0270565666	-0.0219105658	0.0522256153	-0.0245646096	0.1592210953	-0.0826290098	-0.0530771196	0.0930786842	-0.0347946233	0.1306637888	0.0615681606	-0.0315505311	0.1214057652	0.1564419348	-0.1805112497	-0.1602676098	-0.0380227536	-0.1336677859	-0.0515258506	0.0550632187	-0.0434037249	-0.007774779	-0.1617626372	0.1368316713	0.0317180615	0.0826875181	0.0289021568	-0.1084144315	-0.1144763628	0.1354049735	0.0924121532	0.1278293379	0.061280598	-0.1826989633	0.024580182	0.0486520654	0.1082089478	-0.0205697597	0.1246066608	-0.0966923189	0.0451664367	0.1962086762	0.1362800019	-0.0562477926	-0.1087329386	-0.0233204997	-0.0610122543	-0.0004265911	0.0923955235	0.0290069913	0.1695361004	0.216085479	0.1350497905	-0.0465641684	0.1163284578	0.0368149449	0.0924448979	0.1102011885	0.1210070433	0.1384962182	0.0243624591	0.0389476196	-0.0979403212	0.1906090419	0.0485382194	-0.0880571507	0.1030616219	0.0650453719	-0.0470836116	-0.0823330073	-0.0838320078	0.0569419617	0.1110287834	0.0585379528	-0.02260963	-0.1239709713	0.0634591635	-0.0566925031	0.012495146	0.0220965234	-0.0006901529	-0.164942539	-0.0147002146	0.1915336242	-0.0036744582	-0.0433409994	-0.1552458718	0.024961603	-0.1465457183	-0.0150453251	0.0850865294	0.0392043544	-0.1075037521	0.1142514127	0.0731227308	0.0151740128	-0.0462651033	0.0076790324734048	0.026050305485981	0.0006786184159129	5.896753972760544e-05	-0.0081900301805006	0.0294545351145103	6.707659435751068e-05	0.0008675696388119	-0.0609242424531899	0.0027795304520097	0.003711763318495	7.725789533649262e-06	6.90006555199943e-05	0.0010919932601854	1.1924492802905446e-06	4.761090462188919e-09	0.0001459996869581	-8.469882240000662e-08	2.13159085918632e-08	7.173890515947864e-15	-9.005037425666403e-06	0.0001554202774022	2.415546262778724e-08	8.109069903765259e-11	0.0	0.0	0.0	0.0	0.0
817.577480601479	0.2317042904695654	0.0536868782220047	668432.9367866617	1019.2432616683076	2.481699005631185	6.158829954550813	1038856.8264562502	765.7304467564358	-1.2660461747442469	1.60287291658454	586343.1170898107	800.2071518333162	700.5843498134698	1.079138	24.684811	0.1245613952138844	0.0688886116661689	-0.0335899836	0.0450461376	-0.1123821894	0.0422490168	0.0526329429	-0.0145079833	0.1443262879	-0.0357448838	0.0170516135	-0.0416598311	-0.0909541981	-0.1046035921	0.1130705538	0.0450717482	-0.0652239268	0.0244117977	-0.0035816427	0.0825248767	-0.0356104328	0.0433499914	-0.0560149386	-0.0043696479	0.0128348969	-0.0317724653	0.0816703511	0.0134850826	0.002991683	0.0924730895	0.1387276221	-0.1509202616	0.0871022707	-0.0278927783	-0.0123310082	-0.1042775892	0.1269272223	-0.0198319501	0.0185668044	0.1019744118	0.0383918686	0.1968996704	-0.0266755127	-0.01170327	-0.0768443738	-0.056967118	0.0582571254	0.0363175932	0.0282542661	0.0906861298	-0.2154964951	0.0458332111	-0.0232364445	-0.0539590428	-0.0388997018	0.0644643928	0.0646001843	0.0360400595	0.0449074659	-0.0473789357	0.0271313147	-0.0691426858	0.0283474251	0.1546402303	0.0509085722	0.166595572	0.0581068706	0.1561098072	0.171667023	-0.004879362	0.0186966696	0.0147742207	-0.092410618	-0.0441618338	0.0177245346	0.0270973294	0.0085678714	-0.139497317	-0.1361819985	-0.0344239849	0.0200718132	-0.1254261547	-0.0244066231	-0.0238052204	0.0008337713	0.0168710095	0.1055226617	0.0063436698	0.0038669605	-0.1187143483	0.0418307642	-0.1237774141	0.0004270118	0.0062557648	0.0061620397	-0.0459346831	-0.1089486882	0.248443547	-0.0744924457	-0.1329127969	-0.0765308836	0.0997832455	-0.0542658735	0.0108239749	0.0301425824	0.211735063	0.1099447225	0.1126387502	0.0674542747	0.0050684204	-0.0586099215	0.0035045294153377	-0.0041745030580671	1.742647578181157e-05	1.2281726422967202e-05	-0.0018216296459456	0.006368400534555	3.318334566987892e-06	4.0556525368520405e-05	-0.0014567851011761	0.0594674573520138	2.12222283100866e-06	0.0035363784839135	0.0007779935550706	0.0007089928995506	5.026709316131753e-07	6.052739717313907e-07	-8.006417602413052e-05	-0.0002260638629822	6.410272282422956e-09	5.11048701464487e-08	-0.0001649689602778	-0.0001559639228521	2.432474523142628e-08	2.7214757855138352e-08	0.0	0.0	0.0	0.0	0.0
818.8708898120176	1.2934092105385844	1.6729073859060442	670549.5341815255	1012.4369840070236	-6.806277661283957	46.32541560249301	1025028.6465852382	765.4204184792259	-0.3100282772098808	0.0961175326697267	585868.4170249132	798.5576735672544	694.8618621775128	1.113585	25.472761	0.0589808501113697	0.0361891588947297	-0.0892727026	0.0638794929	0.0693597338	0.0513465853	-0.14909776	-0.0025418423	-0.0629659375	-0.101371258	0.1220457812	0.0496043844	-0.1167870356	0.0149429237	0.0815420074	0.0763675134	0.1031284763	0.0018068527	0.028606942	0.0968081902	-0.1433920978	-0.1922193626	0.0434255323	-0.0081825713	0.0348258527	-0.1549266807	0.0263509378	-0.0671612475	0.1029675247	0.0702957659	-0.0055993958	-0.1813175727	-0.2316780376	-0.0315613255	-0.1645408917	0.0437900062	0.0102318315	0.0459496965	-0.0158869553	0.0264359183	0.1241168748	-0.0902280073	0.0878364114	-0.0321097973	0.0780188549	0.0288292072	0.0160175344	-0.0555295528	0.0244875721	-0.0661116636	0.0368571133	0.0772038735	-0.0275328625	0.0379917677	-0.093935359	-0.0318167922	-0.1789936778	-0.045761127	0.086978888	-0.026006041	-0.0401134172	-0.0851290791	0.1663693327	0.220913663	-0.0872271632	0.086844804	0.0010131681	0.039394439	0.0653384292	-0.0788118469	0.0779803976	0.0894607421	0.0525043423	0.0324075336	0.0364769461	-0.0493052756	0.1091647726	-0.0194750793	-0.0599121424	-0.0058648592	-0.0940276962	0.0861183033	-0.0697364177	-0.0958817746	-0.0010688469	-0.0937248863	0.0278818209	-0.1255884833	0.0855153956	-0.0770392741	0.0014692412	-0.1702004782	0.0284578354	-0.0442839312	0.0220942962	0.053420875	-0.0565509563	0.1280969093	-0.1008799359	0.0840716667	0.0822143102	-0.0115422742	-0.0973764867	-0.0348752889	0.1116794815	0.0340114667	0.1693547286	0.1109488906	0.0616009311	-0.0050684204	-0.0703125971	-0.0075170213847428	-0.0110215508000805	0.0001214745820387	5.650561049868056e-05	-0.0007804033192542	0.0010412263266913	6.090293407029729e-07	1.0841522633952657e-06	-0.0019216683535674	-0.0004648832523913	3.692809261102442e-06	2.161164383539132e-07	0.0001390150254328	-0.0006389785296378	4.082935613380849e-07	1.932517729608203e-08	0.0001159819982183	0.0001960461742424	1.3451823910709744e-08	3.843410243509342e-08	-0.0002590080510417	-9.403909076390004e-05	8.843350591701027e-09	6.70851705044199e-08	0.0	0.0	0.0	0.0	0.0
822.7232904351495	3.852400623131871	14.840990561106826	676873.6126244393	1018.706055507187	6.269071500163364	39.30125747416052	1037762.027527012	769.2319311410856	3.811512661859752	14.527628771517207	591717.7638870439	803.4447103032725	715.4013388750279	1.16863	26.731909	0.0856123253001489	0.0356013481231927	-0.0493696632	0.0334839222	0.0306000017	-0.1375055981	-0.1079107996	0.0979442798	-0.0358546933	-0.1715481866	-0.0002203351	0.1770197904	0.0175309219	0.0109688471	-0.085161111	-0.0356258978	0.1678224602	0.1001162172	0.0267966271	-0.0074882619	0.1449189118	-0.1168933041	-0.176579432	0.0238854009	0.022872838	-0.0708487026	-0.0795167799	-0.0375858173	0.023388992	0.0377332859	0.2128606186	-0.0204427195	0.1818776336	-0.125853811	0.0504034457	0.042478865	0.0857203525	0.0413700365	-0.0693735251	-0.0594961257	0.0057128357	0.08927365	0.1584473456	-0.0496974241	-0.0258195435	-0.0490462844	0.1424807468	-0.035346992	0.0644248463	-0.1590569301	0.0125617346	-0.0188928853	0.0529504872	-0.0233449925	-0.1010918616	-0.0469589263	-0.0690679849	-0.0849289096	-0.1186221029	0.2098247222	0.077017415	0.0251382957	0.0158574825	0.0080675766	-0.0035461835	0.1655887015	-0.1982836148	0.158397405	-0.0616676783	-0.0351071506	-0.0162115655	0.0256026908	0.017231711	0.0739779908	-0.0289398219	0.0577646063	0.0345760017	-0.0698021936	-0.1116819516	0.0541289777	-0.0183972533	-0.0286681033	0.1380786308	-0.066839901	0.0455197185	0.1185134475	-0.019458938	-0.0766614667	0.2191548517	0.025038074	0.0687327892	-0.0814830854	0.0355976096	-0.099274387	-0.0561804245	0.0151854188	-0.0637340467	0.0312942787	-0.0432765599	0.1139712348	0.0860982316	-0.0350590962	0.0173619137	-0.0739168693	0.0659664463	0.0082304851	0.0534968299	0.1091829923	0.0555787436	-0.0151740128	-0.0812449131	-0.0156741084614964	-0.0081570870767536	6.65380695777406e-05	0.0002456776760627	0.016111854937435	0.0168922582566891	0.0002595918695249	0.0002853483890106	0.0139418812741567	0.0158635496277241	0.0001943760534626	0.0002516522067912	-0.0002740005179	-0.0004130155433328	1.70581839034488e-07	7.507628380946822e-08	-0.0001149987690447	-0.000230980767263	1.3224716881796253e-08	5.335211484540417e-08	-9.015754857860214e-06	0.0002499922961838	6.249614815126869e-08	8.128383565703004e-11	0.0	0.0	0.0	0.0	0.0
821.1614769583146	-1.5618134768349137	2.439261336423161	674306.1712403606	1008.300104251578	-10.405951255609011	108.28382153411076	1016669.100233743	769.0308519446331	-0.2010791964524969	0.0404328432459818	591408.4512426882	803.4731421037154	718.2886290299265	1.115172	25.509071	0.1648831351410167	0.0895484740535964	-0.0473408402	0.0073197461	0.0183152048	-0.1293685676	0.0154362801	0.048746276	-0.0292593459	-0.0439570943	-0.162300236	-0.0543426694	0.0510041669	0.0809313039	-0.0362002751	0.1453698535	-0.0422039078	-0.1074130539	0.0754949325	-0.0847404363	0.1709684205	0.0359175416	-0.0300299656	0.1695207242	0.068246223	0.007244373	0.0428827855	0.0718804441	0.1318575671	0.0669072164	0.0738585956	0.0936503126	0.0830356904	-0.0966673145	-0.0161353985	0.0612969236	-0.0901591266	0.0293665802	0.0322014015	-0.1220717312	0.0284499735	0.0525747204	-0.1495787329	-0.0966859222	-0.0923074644	0.0495142911	0.0030813696	-0.1986880384	-0.0567632197	0.024324941	0.086861706	-0.0036755832	0.0404503151	-0.0697618078	-0.0318758238	-0.0280473183	0.0658283644	-0.0829212992	-0.1880416449	-0.0646171771	-0.0691240313	0.1006665656	-0.1360538806	-0.098419884	-0.0275198245	0.1114508819	0.053431053	0.0615998806	-0.1333514144	0.0071841245	-0.0272092045	-0.0157773422	0.0173254101	0.0691607744	0.226582729	0.0058371535	0.0056895672	-0.0506889058	0.0986270889	-0.0277022747	0.0955587273	0.0334790194	0.0788130276	-0.0402019147	0.0151205495	0.1015123753	0.0296738938	-0.1020131135	0.0275988687	-0.0570319685	-0.1068743247	-0.1018336456	0.0588544573	-0.1062060798	-0.1361031203	0.0174030128	-0.0277150262	0.1047690875	-0.0040209236	0.2330339728	-0.030979241	0.0102214032	0.0148550716	-0.1357008084	-0.1187719857	-0.0376998295	-0.1765065027	0.1073422654	0.0494042187	-0.0251860523	-0.0912870929	-0.0184479809559547	-0.0027738724944583	7.694368615512317e-06	0.0003403280013512	-0.046190632185457	-0.062302487122892	0.0021335745016921	0.0038815999016981	-0.021713600902224	-0.0356554821763807	0.000471480464141	0.0012713134092302	0.0007780006507246	0.0010520011686246	1.1067064587875245e-06	6.052850125279011e-07	0.0001159965601407	0.0002309953291854	1.3455201964475031e-08	5.3358842105471316e-08	-9.04512399357507e-06	-2.9369135714856463e-08	8.625461326376575e-16	8.181426805914743e-11	0.0	0.0	0.0	0.0	0.0
818.6453429463589	-2.5161340119556144	6.330930366119856	670180.1975277617	1013.3658514732172	5.065747221639185	25.661794913545123	1026910.3489320384	767.8987753645705	-1.1320765800626305	1.2815973831263014	589668.5292064071	803.4553941038357	704.8917434107077	1.116008	25.528206	0.0300365823885904	0.0217348439337068	0.0345920033	0.0710327661	0.0288951934	0.0225565482	0.0453460528	-0.1333741804	0.0286954502	-0.0090542116	-0.1227633072	-0.1146289111	-0.1304726367	-0.036881776	0.0528732315	0.1341846027	0.0521529214	-0.0561134185	0.0016476424	-0.0405968593	0.03061895	0.0170670209	0.0305194624	0.0467356613	0.1136337565	0.1133180776	0.0529670921	0.1255401368	-0.0372230209	-0.0157896434	-0.1236756705	-0.2242328559	0.1568502378	0.0288322985	0.0663713818	0.0587925449	0.2020956321	-0.0813886736	-0.0656720383	0.0412780882	-0.07374509	-0.057383797	-0.1478369422	-0.0368222351	0.0310375453	0.0670352959	-0.2098744277	0.0630284373	0.0387382597	0.0062956446	-0.0856178537	-0.0960668921	0.0265439803	0.0961747549	0.0553265511	-0.0047388642	0.0484318369	-0.0018315795	-0.00548631	-0.0094305149	-0.1189889565	0.0411214541	-0.0862944227	-0.0449530194	0.0870593109	0.200488857	0.1072891772	-0.0594246656	0.178070404	0.027823331	-0.1033032082	0.1714750425	-0.0686423964	-0.1426771039	0.0491694036	0.030321259	0.0107382244	-0.050346663	-0.031615024	0.1073932758	-0.0719011809	0.1475801076	-0.1797790736	0.0016405195	-0.0129688368	0.0052800438	-0.0481249733	-0.1271117964	-0.053221315	-0.0223334851	-0.0683673285	-0.2343265168	-0.0107535408	-0.1296877656	-0.1107248353	-0.0496379345	-0.0732282595	0.040332485	0.0955395149	0.0263258959	-0.0200431953	0.0439770946	0.0242390619	-0.0960605019	-0.0915309219	0.0641819697	-0.0613138743	0.1054279714	0.0430942802	-0.0350428114	-0.1003291122	-0.0184000775643227	4.790339163199958e-05	2.2947349298487275e-09	0.000338562854373	-0.0255271918233574	0.0206634403620996	0.0006516375223864	0.000426977767598	-0.0257368470547731	-0.004023246152549	0.0006623852963207	1.6186509604001132e-05	0.0007730002091527	-5.000441571900043e-06	2.5004415913986177e-11	5.975293233501178e-07	1.4996479153150943e-05	-0.0001010000809875	2.2489438699089082e-10	1.0201016359491468e-08	-9.00579690682956e-06	3.9327086745510106e-08	1.5466197518888769e-15	8.110437792706087e-11	0.0	0.0	0.0	0.0	0.0
819.2724151120242	0.627072165665254	0.3932195009521118	671207.290163489	1010.4214713356712	-2.944380137545977	8.669374394375266	1020951.5497361426	766.8349058530705	-1.063869511500002	1.1318183374992523	588035.7728346875	801.9317227092985	697.4464751421395	0.8957819999999999	20.49062	0.0611262174814365	0.0360110154002753	0.0228702487	0.1025083195	0.0813169183	0.0942022245	-0.0068890623	-0.1811530344	-0.0642359551	0.0641053588	0.0278821245	-0.2632741458	-0.0390319926	-0.0270925616	0.0470636042	0.1188240831	0.0006306523	-0.0700397234	-0.081810141	-0.1055380954	-0.0707129061	-0.1177110323	0.1256103814	0.024436796	0.067456803	0.075789921	0.0201882843	0.0522854598	0.0087008844	-0.0304283184	-0.0667279439	-0.0754063284	0.1064565786	-0.0771914651	-0.2496138764	-0.0004699048	-0.1193726763	-0.0342474431	-0.0163289173	-0.0451002528	-0.0327172657	-0.021797259	-0.0038609663	0.0490468356	-0.0692219696	-0.2679551004	0.1697040315	-0.0462610778	-0.1645651178	0.0964555676	0.095064364	0.0432407857	-0.196754131	0.0393687933	0.0437583881	-0.0561332596	-0.0330927402	-0.0067812333	0.101563862	-0.0859566711	-0.152280983	-0.008304034	-0.1328318473	-0.0073962348	-0.1108000452	0.0345107785	0.0128710403	-0.0900246303	0.16254635	-0.0601403386	-0.0592432958	-0.126865466	0.0236603752	0.0488354173	0.1838019155	0.1011298855	0.0433272791	0.0820446806	-0.1573894064	0.119977019	0.0546412238	0.1341985777	-0.0190459585	-0.0226970657	0.0181768273	-0.0379420772	-0.0585860493	-0.1099824886	-0.0840445453	-0.002126807	-0.0952811655	-0.2697337892	-0.0064015385	-0.1155577227	-0.0725179909	-0.0912280441	-0.0470809459	0.0027685299	0.0253992674	-0.0056205063	0.0442206951	0.0521720414	0.0615662972	-0.1491565809	0.0058890567	0.1056285112	-0.0865917189	0.1034414224	0.0366662233	-0.0446835199	-0.1082719048	-0.0184479737080067	-4.789614368400086e-05	2.294040579798455e-09	0.0003403277339313	-0.0001809400419432	0.0253462517814142	3.273929877840698e-08	0.0006424324793668	-0.0018570978660719	0.0238797491887012	3.4488124841688047e-06	0.0005702424213152	0.0009090002041552	0.0001359999950025	1.8495998640680036e-08	8.262813711541953e-07	0.0001159959670038	0.0001009994878506	1.3455064361146658e-08	1.0200896546093404e-08	-9.052721406424134e-06	-4.692449959457432e-08	2.201908662201205e-15	8.195176486232976e-11	0.0	0.0	0.0	0.0	0.0
819.805024464494	0.5326093524697626	0.2836727223382598	672080.2781372295	1003.4661488966508	-6.955322439020392	48.37651023074058	1006944.3119814752	768.1179581593148	1.283052306244258	1.6462232205587093	590005.1976468348	803.3843618713463	699.9814293186756	0.938704	21.472441	0.0612354431079188	0.031926262335752	0.0652223716	0.0809238412	0.0630259203	0.0251962356	-0.069763113	-0.1164986442	-0.12356797	0.0149845361	0.0576008074	-0.1636509807	-0.1602711677	-0.010622313	-0.0685812264	-0.0025488143	0.0570842509	0.043302398	-0.0453097557	0.0244417799	-0.0534341135	-0.1106780145	0.0548707855	-0.0679385183	0.0347870758	0.1337970198	-0.0270534734	0.0511048866	0.0293914105	-0.0660125424	0.016405889	-0.0214018073	0.2004487972	0.0954978117	0.0417551898	0.0216794397	-0.1046814548	0.0247094327	-0.0441304285	0.1380037616	-0.01224176	-0.0601467927	0.1121155025	-0.0378262667	-0.1543418128	0.0048418134	0.0180344249	0.1176387	-0.03606237	0.0113052491	0.1118956277	0.0148142776	0.0066967366	0.0267187645	0.0272421311	-0.0667071349	-0.0663172206	-0.018746442	0.1476411496	0.0666787941	-0.128661169	-0.0319296752	-0.0484665521	0.0249525998	-0.0137081638	0.0071680366	0.0689368408	-0.1357870723	0.0189354399	-0.1342035754	-0.0366393025	-0.0370203623	-0.0585896917	0.0083500551	0.0209248262	0.114414382	-0.0622297603	0.1280294148	-0.0758732361	0.0745080959	0.0286445084	-0.0272060901	0.0720674107	0.0134345421	0.0014849754	-0.0148067959	-0.0691235325	-0.1172236141	-0.0383050155	0.0211568771	-0.027187012	-0.2317537631	-0.1028599715	-0.1456146125	-0.0492741189	-0.0477153777	-0.0259606997	-0.0486673523	0.0880435768	-0.0308961346	0.0358981749	0.0370174984	0.0454940417	-0.0440761632	-0.0089417734	-0.0303859674	0.0254655228	0.1013839798	0.0301376669	-0.0540487397	-0.1150284477	-0.0089261775238185	0.0095217961841882	9.0664602573221e-05	7.967664518672256e-05	-0.0101239675355344	-0.0099430274935912	0.0001024947186605	9.886379573831048e-05	-0.0244429427719126	-0.0225858449058407	0.0005974574513509	0.0005101203901106	0.0009140224102622	5.022206106999991e-06	2.5222554181188e-11	8.354369664615214e-07	0.0001153231977852	-6.727692185999997e-07	1.3299439947404358e-08	4.5261842149565423e-13	-0.0003870532365668	-0.0003780005151603	1.4288438946150953e-07	1.4981020793683525e-07	0.0	0.0	0.0	0.0	0.0
823.0760987117121	3.2710742472181664	10.699926730813894	677454.2642704921	1019.9146110912984	16.448462194647618	270.5519085687519	1040225.8139175144	769.8108474671134	1.6928893077986231	2.865874208458901	592608.7408780353	804.1968726796553	702.3389203822793	1.065277	24.367737	0.0530802476450217	0.0269726221581582	-0.0153026459	0.0982251766	0.0756039337	-0.0695590059	-0.0932900473	-0.0575110592	-0.0870033606	-0.1496964469	0.0355328679	0.0348218985	0.0521241636	-0.0415890267	-0.0501108031	-0.1004608833	0.1442011417	-0.0004681388	-0.0112492682	0.047740514	0.0108682663	-0.1640663085	-0.0352671268	-0.0906381166	0.0759232797	0.0492060523	0.1002826965	0.001275683	-0.0102324808	-0.0375865803	0.0314252355	0.1346345705	0.1413751029	-0.0870789215	0.0659510273	-0.0156364742	0.0822207922	0.0257236493	-0.045284714	0.0536435597	-0.0061697227	-0.0172482136	0.1169873424	0.2546097941	-0.0391513728	0.0179278956	0.005576545	0.1320261258	0.0465025198	0.0193391564	0.0385013732	-0.0335286842	-0.0181850976	-0.0360652446	-0.0855994999	-0.1177231406	-0.0751977235	-0.1000822429	0.0233282455	0.1107633624	0.0759270546	0.0395080413	-0.0270526222	0.1039377746	0.0090257106	0.1273615173	-0.1231905401	-0.0446780096	0.0465886811	-0.0150776438	-0.0512628239	0.1099781669	-0.1522737071	0.0099972473	-0.0782655635	0.0709846094	0.1827195412	0.1090556146	0.0464623503	0.0847137178	-0.0303702	-0.0053146011	0.0782607197	-0.0225388857	0.0213852778	0.0553299467	-0.0710631786	-0.1058414106	0.0701931575	0.0590856615	-0.0804952262	-0.1591211348	-0.0918541951	-0.0239696781	-0.0432405292	-0.0422060103	-0.0083873039	0.0212902384	-0.0131947011	0.1543007581	0.1319686509	-0.0112932588	0.1095409949	0.0455686133	-0.0100265569	-0.2295223056	0.1619907554	0.0992570537	0.0235265052	-0.063080731	-0.1205247148	-0.0184027373230009	-0.0094765597991824	8.980518562747997e-05	0.0003386607409793	-0.0281819710019988	-0.0180580034664644	0.0007942234895575	0.0003260914891948	-0.0248568650250575	-0.0004139222531449	0.0006178637388739	1.713316316485519e-07	0.0007310105036366	-0.0001830119066255	3.349335796673732e-08	5.343763564270356e-07	0.0001699554926872	5.4632294902e-05	2.8884869494548893e-08	2.9846876462590943e-09	-0.0001220621955698	0.0002649910409969	7.022025180867372e-08	1.4899179587320105e-08	0.0	0.0	0.0	0.0	0.0
824.3296386919337	1.2535399802216034	1.5713624820139778	679519.353225974	1009.8381615630852	-10.076449528213177	101.53483509462752	1019773.1125491118	770.8451953430578	1.034347875944377	1.0698755284706445	594202.3151834769	805.469049826798	719.178956788103	1.209757	27.672674	0.090484720524793	0.0496366625805275	-0.0563413977	-0.0418369096	-0.089140876	-0.1128566622	0.1147201107	0.060105375	0.0118229132	-0.01815052	-0.1223039414	-0.0259668611	-0.0327719174	0.1174008921	-0.0433555581	-0.0348146874	-0.0680377317	-0.0406488695	0.1078962457	-0.0149927498	0.0392876449	0.1259537421	-0.0721489847	0.1426377901	0.0429440235	0.004487149	-0.0348440516	-0.0281996317	0.0757679574	0.0810438738	0.0955579358	0.1729410257	-0.0258099425	0.0578899063	-0.0375990719	-0.0818232395	-0.0419152684	0.062462991	0.0027035726	0.0550030601	-0.0394399404	-0.0305321059	-0.0161650497	0.0292200524	0.1510650982	-0.2359692666	-0.0600629705	0.1393620907	-0.1109726791	0.155233659	-0.0836650787	0.049577581	-0.1111194298	0.0116037132	-0.0151922236	0.0674104771	0.0548031919	-0.0695571889	-0.104021599	0.0357760397	-0.0224438195	0.1032560218	-0.0192115286	-0.0516072979	0.1508227619	-0.0401063299	0.1075096759	-0.0176242521	-0.2748605957	-0.0698489878	0.0355952353	0.0028948862	-0.037595049	0.042641372	0.0765855032	-0.0382738234	0.0029259692	0.107290745	-0.0151815174	0.16504374	0.0586103826	0.0860301152	-0.0407433157	-0.0374584796	-0.0327762018	0.1763773612	0.1096892826	0.0354341515	0.0106530297	-0.0451349252	0.0236226536	-0.0197108558	-0.1199593037	-0.082627573	-0.0145538445	-0.040003612	-0.0715170798	0.0152787967	0.0540429432	0.0635370955	-0.0361884924	0.0073073748	0.1598796692	-0.0058221756	-0.0663679254	-0.1857213706	-0.0719978672	0.0970621018	0.016850859	-0.0717238087	-0.124700488	0.0043629967226337	0.0227657340456346	0.0005182786466365	1.903574040171241e-05	-0.0104874790542908	0.017694491947708	0.0001099872169141	0.0003130950452875	-0.0645318186126644	-0.0396749535876068	0.0041643556134578	0.0015741019421787	0.0006910004104894	-4.001009314720007e-05	1.6008075536476256e-09	4.774815672965193e-07	0.0001159968892336	-5.39586034536e-05	1.3455278311872066e-08	2.9115308866628534e-09	-9.040073293729194e-06	0.000113022122276	1.27740001237871e-08	8.172292515599579e-11	0.0	0.0	0.0	0.0	0.0
822.4183443808136	-1.911294311120173	3.6530459437203366	676371.9331740785	1025.532474896139	15.694313333053856	246.311470996072	1051716.8570666	770.5835652910516	-0.2616300520061259	0.0684502841127281	593799.0310966684	805.780493917544	708.9696278703947	1.180461	27.002531	0.076273064527738	0.0429924527931852	-0.1156468638	0.0103094459	-0.1376758201	0.1467750322	0.1104324963	-0.0797998436	0.2192234322	-0.0376352419	-0.1055682761	0.0385782177	-0.0347591207	-0.0443540172	0.0413195595	-0.0139344232	-0.0093420405	-0.0056994819	0.141257553	0.0630994392	-0.0015322192	0.0840369389	0.0858517231	0.0449698165	-0.0723389271	0.1514254612	0.1046568015	0.0767402782	-0.0575160546	-0.0842959988	0.0765349169	-0.0422563163	-0.1208951258	-0.01901697	0.0311040805	0.2105123457	0.1076406386	-0.1080529204	-0.1292689442	0.0248625131	-0.0609569588	0.0645068428	-0.0721249373	0.1135617922	-0.0507206201	-0.120050865	0.0068625731	0.0063322868	0.0946930084	0.0122512483	-0.1477305085	0.0647514324	0.0462487138	-0.0384361366	-0.0788394212	0.1463191102	0.112673645	0.0654368953	-0.0698111505	-0.0718904353	-0.00085437	-0.0827795663	-0.0545142014	0.0006827376	0.1418163145	0.1348172966	0.0733168886	-0.181480727	0.1066847139	0.1003279849	-0.0687498675	-0.0391434207	0.0148526759	0.0227483146	0.0196089554	-0.1493219093	0.0309568507	-0.1058422401	-0.0212196568	-0.0278187832	0.0291444493	-0.0249215219	-0.0467774657	-0.0670373287	0.0345873817	-0.0384412057	0.1121556808	0.0815918999	-0.1848688651	0.0205309409	-0.0111685451	-0.072870405	-0.0454628625	-0.1132484559	-0.1622296462	-0.1104914568	0.029768164	-0.0458329763	-0.011034548	-0.0117136338	0.0966466936	-0.0859357351	0.1991658889	-0.0151928241	0.0961635243	-0.1454168765	-0.091275112	0.0948006283	0.0101290257	-0.0799246852	-0.1275100165	0.0146121473217135	0.0102491505990798	0.0001050450880026	0.0002135148493514	-0.0280302697537848	-0.017542790699494	0.0007856960224699	0.0003077495055262	-0.0286020149108381	0.0359298037018262	0.0008180752569598	0.0012909507940517	0.0005019996875682	-0.0001890007229211	3.5721273264736194e-08	2.520036863185704e-07	5.3997741042977054e-05	-6.199914819062294e-05	2.9157560377444083e-09	3.843894376362824e-09	-9.013553858792856e-06	2.6519434936338665e-08	7.032804293426996e-16	8.124415316535958e-11	0.0	0.0	0.0	0.0	0.0
824.0558429098052	1.637498528991614	2.6814014324497	679068.0322337894	1011.7589351244208	-13.773539771718331	189.7103978431067	1023656.1428041018	768.205418844311	-2.378146446740629	5.6555805221450814	590139.5655417633	805.7210920875066	719.9750425013764	1.604319	36.698105	0.2493947729914203	0.1480577700127429	0.06951503	-0.1215290659	-0.1418721315	-0.1034546586	-0.0120729376	-0.1020747732	0.128088069	0.0686197031	0.047328513	-0.1090315893	-0.1510367819	0.1122058721	0.0328360915	-0.1243285282	0.1870648052	0.1171208772	0.0152711342	-0.0325258012	-0.3153271091	0.009284372	0.0176523776	-0.0628381108	0.0149635458	0.0545768549	-0.2314538655	-0.0680063196	0.098113968	0.1881410166	0.0289405104	-0.0054102498	-0.0273783121	-0.1027259525	0.0123097708	-0.0225613772	-0.0982412294	0.2170182233	0.2003206082	0.064775937	-0.0397764726	-0.0007668083	-0.0790105331	0.0002722027	0.0658584156	-0.068241926	0.0545250738	0.0980026158	0.0098170388	0.0236766197	-0.0389453465	-0.0877767857	-0.0379593204	0.1352387349	0.1417289248	0.2160124699	-0.0375649955	-0.0547901558	0.3051648203	0.2037146208	0.0193084522	-0.0337638681	-0.002140965	-0.0335205036	0.1155342316	-0.0842237933	-0.0042922558	0.2407327938	-0.1458630617	-0.3025659597	-0.3494645701	0.1089990614	-0.0197110091	-0.0590163415	-0.019345526	0.0397812664	-0.1125442048	0.0216794534	-0.1342991929	-0.0712732938	-0.0249880736	-0.0509131532	-0.0092301211	0.0226091214	-0.125116273	0.0404143906	0.1018275478	0.0190154753	-0.0499313307	0.1662349644	0.3034054122	-0.0158518369	-0.2272016856	-0.1637417012	0.2495832644	0.3182928593	-0.1028619661	-0.2011915088	0.2110170988	-0.1418515929	-0.1143955966	0.0687376333	-0.05908795	-0.169594695	-0.0960867924	0.081796671	-0.0262029847	0.0924741833	0.0033794295	-0.0876327994	-0.1289225186	0.0319516392227967	0.0173394919010832	0.0003006579793877	0.0010209072490237	0.0398995024114441	0.0679297721652289	0.0015919702926808	0.0046144539464199	-0.1488995020840207	-0.1202974871731825	0.0221710617208692	0.014471485420182	0.0013160011135777	0.0008140014260095	6.625983215454995e-07	1.7318589309377466e-06	0.0001159939758956	6.199623485262295e-05	1.3454602444069036e-08	3.843533135901581e-09	-9.576328035183182e-06	-5.627741763903266e-07	3.167147736118105e-13	9.170605863743537e-11	0.0	0.0	1.0	0.0	0.0
823.7403482564375	-0.3154946533676366	0.0995368763035651	678548.1613456369	1016.3722329888462	4.613297864425476	21.28251718591266	1033012.5159907336	769.1456123120857	0.9401934677747475	0.8839637568463055	591584.9729389333	805.1514610311544	721.0419739137049	1.209614	27.669392	0.2013134782916332	0.1259882043098147	0.1120535455	-0.1179697198	-0.1241052019	-0.0571578987	-0.1042756454	-0.0772307922	0.1055946079	0.0876435198	0.1457376346	-0.2012374917	0.1492646179	0.1037253729	0.0724126469	0.0774905318	-0.0058332426	0.0212911715	-0.0695573638	0.0235847538	-0.1979440515	0.0244462125	0.0738516722	-0.1414315148	0.0876806356	-0.1573478725	-0.1598826145	0.1863837699	0.0223560327	0.0508791836	-0.0138316258	0.1779542469	-0.0246832544	0.2248401621	-0.0270827365	0.0945184955	-0.0195609124	0.0619038666	0.2182907776	0.1148677068	0.1987731228	0.0580901384	-0.0785345698	0.0007714002	-0.0360986584	-0.084061326	-0.0203767651	-0.1150599143	-0.0117314075	-0.0660823593	0.0463047495	0.0986558783	0.0318386088	0.0108890278	0.0328952541	0.0856287539	-0.0610034239	0.0743606347	0.1995091423	-0.0753803947	0.0892521081	0.0727304322	-0.0092307292	-0.0051366697	-0.1890014912	-0.1594927015	0.1587823085	0.1056781769	-0.0662362862	-0.0936647898	0.0567300583	-0.1399747066	0.1104562302	-0.077627859	0.0883424075	0.1223709094	-0.0064290224	0.1819008487	0.179684162	0.1114331777	0.1371586513	-0.1173828044	-0.1268015849	0.1047687592	-0.0600531029	-0.017454904	0.1006690826	-0.0419682149	0.0271749398	0.1570429652	0.028343083	0.0443619321	-0.1224338791	-0.1680532163	0.1717388398	0.0706021805	-0.1055580555	-0.0724268449	-0.0273916398	-0.0901948739	-0.2187043455	0.0898386195	-0.0528343778	0.0458236554	-0.1987693172	0.139068245	-0.0272017817	0.090084361	-0.0033794295	-0.0948006283	-0.1289225186	0.0171277019273361	-0.0148239372954606	0.0002197491169397	0.0002933581733116	0.017381970322603	-0.022517532088841	0.0003021328922958	0.0005070392513719	-0.02960495699066	0.1192945450933607	0.0008764534784188	0.0142311884890318	0.0021240033843473	0.0008080022707695	6.528676695688297e-07	4.511390376718783e-06	3.099038771359197e-05	-8.500358818200804e-05	9.604041306387523e-10	7.225610003816416e-09	-9.032910707374494e-06	5.434173278086882e-07	2.953023921627353e-13	8.159347584740078e-11	0.0	0.0	0.0	0.0	0.0
823.8395821736167	0.0992339171791627	0.0098473703187209	678711.6571559993	1026.931605126247	10.559372137400716	111.50033993611451	1054588.52160717	771.0109063953907	1.8652940833050025	3.4793220172126493	594457.817780642	805.4214262844117	709.7749179019979	1.364517	31.212744	0.0753546943514834	0.0387496322284778	0.0649569826	0.0078503133	-0.0118752077	0.2006080569	-0.1083584802	0.0933016439	0.0183469415	0.0524402081	0.1273669385	0.0485957553	0.0672961598	-0.1426591729	0.0526621633	0.1292460672	-0.0890519411	-0.1387663318	-0.0902284923	-0.0021188466	0.0957842887	0.0460984911	0.0836924464	-0.1937689508	0.0008408803	-0.0849152564	0.04756713	-0.1775096476	0.1100228577	0.0928287845	0.0175642184	-0.0920971595	0.126180536	0.0659920355	-0.0083879033	-0.06898602	0.1285514636	-0.0648609872	0.0589905216	-0.0436661393	0.1819129466	-0.1032235743	-0.1477524658	0.1170452379	0.1280988252	-0.0170324985	0.0284380991	-0.0633655051	-0.0786530214	-0.0305341855	-0.0647990749	0.0301186848	0.1092370088	-0.0850876211	-0.0237115876	-0.0792169361	-0.0568962031	0.2015229253	-0.0614742573	-0.1688758318	0.0944040492	0.0243037923	-0.0546311152	0.1072635591	-0.0317412113	-0.0638876704	0.0568143917	-0.0258813246	0.10646877	-0.0511643744	0.0854809934	0.0268674431	-0.058887162	-0.1346155997	0.1185749242	0.0120730947	0.0622237174	-0.1272647379	0.1254076884	0.1005343665	-0.0193990874	-0.0170809865	0.1393839134	0.0660265253	0.0341133363	-0.1949110417	0.0530100646	0.0385804458	0.0984421182	-0.0804128807	-0.1683539391	0.0106952525	-0.0751588627	-0.0025004464	-0.1738233471	-0.017037459	0.0141475587	-0.1518497391	-0.1063888224	-0.110907255	0.0440282194	-0.1393089602	0.117670574	0.0747190698	0.1242435706	0.0948941043	0.0435672949	0.0876327994	-0.0101290257	-0.1013839798	-0.1275100165	0.0134044334244265	-0.0037232685029095	1.386272834475869e-05	0.0001796788354298	0.0444309272155578	0.0270489568929548	0.0019741072932341	0.0007316460689969	-0.0197392810734484	0.0098656759172116	0.0003896392172965	9.733156130344892e-05	0.0018799984939264	-0.0002440048904208	5.9538386549315376e-08	3.534394337165532e-06	-1.538818619573057e-05	-4.637857390932254e-05	2.3679627439447277e-10	2.150972117862493e-09	-0.0004129853071453	-0.0004039523964379	1.6317753858794293e-07	1.705568639178978e-07	0.0	0.0	0.0	0.0	0.0
823.1539265270568	-0.6856556465598942	0.4701236656594665	677582.3867569112	1020.6427025282678	-6.288902597979131	39.55029588686867	1041711.5262242062	771.2820385517025	0.2711321563117508	0.0735126461862596	594875.9829924699	807.0768420059162	711.1577487172132	1.136803	26.003864	0.0418146964945411	0.0227949137578674	0.0725892625	0.0211198449	0.1026191797	0.1221563405	0.0518355699	0.1203204911	-0.0967546292	0.0205685322	0.0185407204	0.1530825986	-0.0309161545	-0.1464067182	0.1358945999	-0.0206509988	-0.0350846766	0.0272907219	-0.084058496	-0.012344632	0.0450966996	-0.0746265857	-0.0188051516	-0.1639082466	-0.0620147464	0.109764768	0.0613517117	-0.1028125581	0.0912407221	0.1079920762	-0.1174809397	-0.0453147462	0.0635622965	0.0277773734	0.0598415528	0.041090486	0.0301484436	0.1399791583	-0.1089583923	-0.2152234255	-0.013076618	0.0155276566	0.0009130443	-0.131217865	0.0708310148	-0.1960709953	-0.0873950184	-0.0107866802	0.2463706199	0.0192924055	0.0177395635	-0.0608778743	-0.0148382938	-0.1371706926	0.0554269629	-0.1218266881	-0.0368362701	0.0728988665	-0.0341310566	0.0329726032	0.0798246717	-0.0839917923	-0.0531353726	0.077711651	0.1884694718	-0.1243567148	0.1044441828	-0.0548580659	0.0461698545	-0.0721077537	-0.0771254397	0.1192043027	-0.073290502	-0.068618755	0.1609321579	-0.0113079976	-0.0455336263	-0.0046391096	0.0496644866	-0.0516373534	-0.0576656334	-0.0553206515	0.0846107881	0.0526456489	0.006796383	-0.0773590294	-0.0799487992	0.1362044823	0.061945495	-0.0396634366	0.0684072043	0.034473753	-0.1494884248	-0.0140689361	-0.0206706645	0.0733836104	-0.1174679056	-0.1164157936	-0.093032541	-0.0377079056	0.0983624369	-0.0212838145	-0.0133086067	0.0887320438	-0.0385786846	0.0540370085	0.1609919539	0.0851211787	-0.016850859	-0.1073422654	-0.124700488	0.0129500838223464	-0.00045434960208	2.0643356091034437e-07	0.0001677046710057	0.0366360530411782	-0.0077948741743796	0.001342200382436	6.076006339441007e-05	-0.0246354010529614	-0.0048961199795129	0.0006069029850402	2.397199085378637e-05	0.0014999634672532	-0.0003800350266731	1.444266214984997e-07	2.249890403094242e-06	-0.0001603463263566	-0.0001449581401608	2.5710944376057274e-08	2.1012862398898265e-08	-0.0004613791950826	-4.83938879373e-05	2.3419683896879507e-09	2.128707616550679e-07	0.0	0.0	0.0	0.0	0.0
823.8417583591759	0.6878318321190591	0.4731126292762614	678715.2428163387	1015.7421625310724	-4.9005399971954375	24.015292264112254	1031732.1407432996	772.5953630892185	1.313324537515996	1.7248213408416044	596903.5950669614	806.9832687430473	707.7809860083165	1.062053	24.29401	0.0263834390773227	0.0175799806026786	0.039980126	0.1487722088	0.1017936726	-0.0133393361	-0.0039655927	-0.0318342524	-0.1272536562	-0.1097557361	-0.0212998067	0.0496011063	0.0719330779	-0.0932473801	-0.0698677125	0.0296043781	-0.0154833144	0.0799785459	-0.0247076694	0.0460551389	0.1544072238	-0.0549840517	-0.0823458133	-0.0149074258	0.0156467709	0.1104251021	0.0602265696	-0.0959047726	-0.0524966025	-0.110601469	-0.0711970886	0.1862734495	0.0289022848	0.0601567953	0.0260304793	0.2225199559	0.0448830652	-0.1744754645	0.0424379569	-0.0227787628	0.088231163	-0.0070391486	0.2219466934	0.0364244486	0.1570592554	0.1083714707	0.0087214186	-0.0758267015	0.0369568231	-0.0461879624	0.0598091387	0.1942401587	-0.0060684912	0.0520624273	-0.0384972099	-0.1349902786	0.0555097027	-0.0157774955	-0.0719994003	0.064752827	0.0616769746	-0.0110962342	-0.0563165714	-0.0767979023	0.0610730772	0.0297756884	-0.0039338116	-0.2848991977	-0.0748269621	-0.0164166886	-0.0078317707	0.0737304895	0.0851912715	-0.0093937654	-0.0010209877	0.1099499264	0.0996061037	0.0717835407	0.2756037786	0.0380088378	-0.037432538	-0.0036513188	0.0588093754	0.0381438836	0.103159135	0.0690294411	-0.1099552198	-0.0111171415	0.006761753	0.0564010064	-0.0313182986	0.0239420043	-0.03482764	0.068828323	-0.0521449519	-0.1041301092	-0.0632445484	-0.1374488134	-0.1216421778	-0.064453519	0.1287780803	-0.0989221305	-0.023093408	-0.0132917659	0.0722382654	-0.0523015138	-0.0222305359	0.0825512202	-0.0235265052	-0.1126387502	-0.1205247148	0.0128693217637305	-8.076205861590018e-05	6.522510111878096e-09	0.0001656194426584	0.0366035748004378	-3.2478240740402287e-05	0.0013398216881712	1.0548361215915267e-09	-0.0102950891727431	0.0143403118802183	0.0001059888610747	0.0002056445448219	0.0014069970357887	-9.296643146450008e-05	8.64275737924359e-09	1.9796406587181886e-06	-1.5324975158437226e-05	0.0001450213511981	2.348548636067181e-10	2.1031192303340865e-08	-0.0004619891503749	-6.099552922999565e-07	3.7204545860472543e-13	2.1343397506412197e-07	0.0	0.0	0.0	0.0	0.0
824.518914019748	0.6771556605721116	0.4585397886448528	679831.4395763045	1021.2874815444316	5.545319013359176	30.750562959922785	1043028.1199593676	771.2468208242625	-1.348542264955995	1.8185662403726448	594821.6586315321	805.6051088601105	706.9165416823021	1.050945	24.039915	0.0783908557436475	0.0445765252493653	-0.0378086649	0.1101847345	0.0026157424	-0.1100546565	-0.0218406288	-0.0051508535	0.0070751823	-0.1451441725	0.0238523001	-0.0298510794	0.0793891167	-0.0354308264	-0.0145606897	-0.0467084828	-0.0691212267	-0.0482553367	0.0182685917	0.1224839905	0.0585218652	-0.0219060365	0.0464187211	0.0696334927	0.0143198034	0.0493969465	0.0167000338	0.131487752	0.1837573922	-0.1602197498	0.0692507681	0.0606504735	0.0464460468	-0.0161876081	-0.0666301334	-0.0056325656	0.0007223996	-0.0219846007	0.0088152289	0.0322881679	0.0569792937	-0.1420206661	0.2265714091	-0.2263878081	0.0008269247	0.0337522553	-0.2165128001	-0.0382110383	0.1364153594	0.0679034539	0.0681685564	0.0669449991	0.0341251182	-0.165680551	-0.1503153136	-0.0501958702	0.0303315977	-0.0524069382	0.0089940196	-0.0220819475	0.0244220458	0.0681417461	-0.1323280976	0.0442280512	-0.0072564988	0.0695044388	-0.1216181424	-0.0612920545	-0.0958051461	-0.007604658	-0.0024503557	-0.1167069931	-0.0722599049	0.0535802936	-0.0001503508	0.0658938394	-0.0439650016	0.052471057	0.0563179034	-0.3269225866	-0.0377774508	0.109395902	-0.0597624445	-0.0011869125	0.0592567642	0.0824933647	0.0373627573	-0.0830010057	-0.0158995881	-0.0462087575	-0.0911701155	0.068725934	-0.0226885611	0.0617401848	-0.0288448586	0.1726977568	-0.0853014394	-0.110063188	-0.061560894	-0.0263094086	0.0425297888	-0.0735433136	-0.1745830452	0.0060860388	0.0221146425	-0.1204132168	0.1910090859	0.0799246852	-0.0301376669	-0.1172407796	-0.1150284477	0.0104360875431837	-0.0024332342205468	5.920628772039997e-06	0.0001089119232089	0.0046737524828301	-0.0319298223176077	2.1843962270760528e-05	0.0010195135532339	-0.0394169050918904	-0.0291218159191473	0.001553692407023	0.0008480801624287	0.0016149976863674	0.0002080006505786	4.3264270641162426e-08	2.6082175269720547e-06	-1.5445756239351738e-05	-1.2078108091451156e-07	2.3857138580547307e-10	1.4588069506877792e-14	-0.0005519873844422	-8.999823406729998e-05	8.099682135232515e-09	3.0469007258334106e-07	0.0	0.0	0.0	0.0	0.0
829.0691094795401	4.550195459792121	20.704278722312832	687355.5882931977	1026.9968315628937	5.709350018462146	32.59667763331371	1054722.4920402227	772.9092179651474	1.6623971408848774	2.763564254022215	597388.6592154957	805.5967061066431	718.6433909549764	1.120685	25.635189	0.1370655315216873	0.0738832655337113	-0.1408985318	0.0395322233	-0.0277289771	-0.0804430049	-0.0329718033	0.1635954841	0.0090505254	-0.1264206659	0.1484195307	0.1354262804	0.0155171493	0.1091902969	0.1213831703	-0.1544223379	-0.1045852444	-0.070193862	0.1372593539	0.1672874859	0.0738307019	0.0466978606	0.118272368	-0.0024197924	0.0158812578	-0.0143437455	0.201844288	-0.0615994166	0.0954002744	0.0021935124	0.0947419435	-0.0941028157	-0.1379221302	-0.1823818884	0.0340188115	0.0812417962	0.024403318	0.083105526	0.1067040587	-0.0498901381	0.0845337342	0.0311937199	-0.0334426717	0.0529242367	-0.0029426556	0.233659419	-0.0224079168	0.1655874888	-0.0846432032	-0.0238686437	0.0160989681	-0.0088792501	-0.073111652	0.0241641085	-0.2166535671	0.0074227992	-0.0806689433	0.0291338174	-0.0503415576	-0.1271392888	-0.0160634459	0.0730802911	0.0642141445	0.1258623135	0.1136647555	-0.1439044361	-0.1411122165	-0.0651269253	-0.0595221519	0.098807381	0.0067686967	-0.032587872	0.0446710284	0.0582725861	-0.0569380784	-0.1104970903	0.0512885309	-0.0235502017	-0.0256121896	-0.1338085563	-0.192023409	-0.0035086069	0.058010697	-0.0470775664	0.0292977837	-0.044198175	0.1160869643	-0.0234244743	-0.0723394857	-0.1660381766	0.0097789543	0.0880146021	-0.0359593523	0.2430904368	-0.029328359	0.0827280117	-0.0947965485	0.0106458078	-0.1592907001	-0.0233595628	-0.0221384023	-0.0804077713	0.0456250055	0.0434522899	-0.0073908067	0.0077848469	0.0820025215	0.0772433738	-0.0366662233	-0.1211199807	-0.1082719048	0.0129725026946516	0.0025364151514679	6.433401820595935e-06	0.0001682858261627	0.0633841186336923	0.0587103661508622	0.0040175464949699	0.0034469070935683	-0.0755208809654703	-0.0361039758735799	0.0057034034618007	0.00130349707388	0.0013748900280295	-0.0002401076583378	5.765168759250965e-08	1.8903225891749595e-06	-0.0004788171343452	-0.0004633713781058	2.292658481425493e-07	2.1471303404771298e-07	-0.0004611709339704	9.081645047179996e-05	8.247627676296896e-09	2.1267863033913106e-07	0.0	0.0	0.0	0.0	0.0
828.7540873442576	-0.3150221352824474	0.0992389457179125	686833.3372898134	1025.2775091376186	-1.7193224252750952	2.956069602053835	1051193.9707434396	772.2548613416348	-0.6543566235126264	0.428182590734845	596377.5708657876	807.2266908650885	733.9254207287804	1.092869	24.998894	0.0135196607474351	0.0072934231719177	-0.0786578677	-0.0607269871	-0.0716972229	-0.0434710847	-0.0435580162	0.1886219103	0.0478926356	0.0219941121	0.1377011465	0.109495612	-0.0298485291	0.1445096449	-0.0428466514	-0.1474577636	-0.1412914944	-0.0511515555	0.0695442708	0.0986539212	-0.0293368439	0.0832879911	0.1237051339	-0.1643743116	-0.0412373403	0.0526920192	0.0366916614	-0.1715333604	-0.2945584262	-0.0349224454	-0.0445158863	0.0589603002	-0.1666161288	0.0912674911	0.1399254804	-0.0039630158	-0.1455908212	-0.054409144	-0.1312291734	-0.0790526296	-0.0829704996	-0.1940371227	0.0295665294	-0.1097946266	0.0504723215	-0.0157979717	-0.0891120992	0.0384189297	-0.1176009491	0.0628596513	0.0139889728	-3.71401e-05	-0.0821176432	0.1030736927	-0.0890096024	0.0683344867	-0.0574348297	0.1200081041	0.0785828847	0.0666547276	-0.0270498956	0.0279824885	0.1028368962	-0.0947043238	0.1318196664	-0.238654238	-0.1136503383	-0.1387868992	0.0374966624	0.0844348853	-0.0937693235	-0.0485035237	0.1402563039	-0.0450435458	-0.1462768486	-0.1354936784	-0.0831839135	-0.0100541547	0.1450098998	0.0451758376	0.0952034755	0.1319209017	0.0671247494	-0.0184781531	0.0034290532	-0.1056964508	0.0880793872	0.0278383218	-0.0687190437	0.0172487033	0.2164652652	0.0980327861	-0.1093687585	0.1941959133	-0.1400325211	0.0462299924	0.0631606647	-0.0664083164	0.0239372227	0.0597749436	-0.0318655567	-0.0160368596	0.0246068721	-0.0323576626	-0.000751438	-0.0008442686	-0.0351496642	0.0745091236	-0.0430942802	-0.1242524367	-0.1003291122	0.0092355977841833	-0.0037369049104683	1.3964458309882098e-05	8.529626643121148e-05	0.061262632944036	-0.0021214856896562	0.0037531101952356	4.500701531416453e-06	-0.0769793455095708	-0.0014584645441005	0.0059258196350818	2.1271188263983005e-06	0.0013619156318379	-1.297439619160016e-05	1.6833495653660868e-10	1.8548141882444264e-06	-0.000367814610247	0.0001110025240981	1.3528758751115256e-07	1.2321560356171465e-08	-0.0004612501257448	-7.91917744000139e-08	6.271337132622696e-15	2.1275167849959387e-07	0.0	0.0	0.0	0.0	0.0
826.4449312303161	-2.309156113941526	5.33220195855353	683011.2243562819	1024.6845992852834	-0.5929098523351968	0.3515420929961448	1049978.528012442	773.504590905231	1.249729563596247	1.5618239821264668	598309.3521514687	809.9110420952159	726.3478840720323	1.169662	26.755501	0.0887935637317555	0.0541016580742472	-0.022640887	-0.0539184931	-0.088519583	0.006839325	-0.014046572	0.0137643318	0.0567994378	0.0232386615	0.0127783941	0.0682880413	-0.02952597	0.0381569609	-0.187271928	0.0414171738	0.0298059418	0.1914616414	0.0737260942	0.050191211	0.0515330916	0.0997991727	-0.1309809546	0.016940178	-0.1464048976	-0.0796843076	-0.1325066432	-0.0752142331	0.032961883	0.0669254225	-0.1417180929	0.0108921779	0.0929177429	-0.0604702161	0.0980714272	-0.0446049571	-0.1625671821	-0.0530236653	-0.0744331906	0.0262330991	-0.2181441215	0.1902920705	0.1466708348	-0.0347698849	-0.0010279104	0.2011044108	0.0195181914	-0.0141099241	-0.1839929243	0.1762720784	-0.0668683803	0.0612679214	-0.0250557951	0.0152572158	-0.016969404	0.0994183423	0.0974531589	0.0616283374	-0.0406212941	0.1342879922	0.0026574986	-0.07571653	0.1534478563	-0.141153387	-0.127023299	-0.1379917188	0.0049526829	-0.0009300646	-0.0679375567	0.1606997278	0.0115867041	-0.0036151947	-0.1377691494	-0.0065555193	0.1150540833	0.1057721787	0.1557037358	-0.1983641088	0.0031435459	-0.0964072297	0.0399588615	0.0848828859	0.127952882	-0.0141075251	0.0726806969	0.0564525277	0.042893332	0.0657907347	0.0113788419	0.1780400736	0.1150208065	0.2152417275	0.0992225456	-0.0212372693	-0.0646723475	0.0352605556	-0.0181044583	-0.0175537335	-0.0860515284	0.0064018509	0.1099903404	-0.110953293	-0.0843738828	0.0360619146	0.1163707148	-0.085023698	-0.1987760677	0.0717238087	-0.0494042187	-0.1266188352	-0.0912870929	-0.0040555998628519	-0.0132911976470352	0.0001766559348925	1.644789024756435e-05	0.0632260665956465	0.0019634336516105	0.0039975354971571	3.855071704276551e-06	-0.0310006925582158	0.045978652951355	0.000961042939089	0.0021140365272211	0.0011639966148762	-0.0001979190169617	3.91719372750857e-08	1.3548881194432525e-06	-1.5268884685504247e-05	0.0003525457255614	2.3313883953922606e-10	1.2428848861168149e-07	-0.0004619909728567	-7.408471118999912e-07	5.488544432105583e-13	2.134356590010801e-07	0.0	0.0	0.0	0.0	0.0
826.0842117592573	-0.3607194710588146	0.130118536800951	682415.1249179135	1019.1846733408526	-5.499925944430856	30.249185394223648	1038737.3983729004	772.7573271136981	-0.7472637915328733	0.5584031741360854	597153.886607907	808.6790325175303	720.2415089654029	1.05478	24.12763	0.1707579426388691	0.0875698055175526	0.0068908063	-0.0682540046	-0.121907365	-0.029077508	-0.0152587535	-0.0639148596	0.1414963351	0.0493119494	0.0034641988	0.010456263	0.0769616463	0.0074945414	-0.0626908214	0.0472223419	0.1743363403	0.027746977	0.0453111641	0.0543719185	-0.0719707806	0.0890839455	0.0016714966	0.012001195	0.0442300906	-0.0282798327	-0.1014502159	0.0519439333	-0.069719554	-0.0842330447	-0.0221154108	0.0172829941	0.0760495514	-0.0321393862	-0.0008071421	0.0395518519	-0.0345431632	-0.0661718385	0.0975881112	-0.0715541317	-0.0523285728	0.0984578306	0.1769379666	-0.0937945469	-0.0410986297	0.0204556331	0.0284944782	0.1108605198	0.1286218524	-0.0578629831	-0.1093765557	-0.2136240636	0.1105852765	0.1112432072	-0.0406142619	0.1093640777	0.0930183008	-0.002650334	-0.0127555473	-0.0674951586	0.1253798058	0.0160672608	0.1003848542	-0.1500736595	-0.1043155863	0.0084174886	0.0046467149	0.0414296627	-0.011039297	0.0001544567	-0.0963343865	-0.114268678	0.0045928463	-0.0401311389	-0.0637267029	-0.01450479	-0.0702915361	0.0412170074	-0.0073373216	-0.0138763911	-0.1828348895	0.0022518498	-0.0480713048	0.0368345639	0.0002354958	-0.0026603393	0.0929358174	-0.007963124	-0.0661624707	0.1215786174	-0.085944837	0.2028475915	0.1300295361	-0.0036362152	-0.042209253	0.0125319127	-0.0678255175	0.1036165895	0.0448016465	0.0671084913	-0.076978017	-0.0125264734	-0.0344319471	0.031291945	-0.03449983	-0.0350241913	0.03418432	0.0688893378	-0.0555787436	-0.1282045865	-0.0812449131	0.0041238882726162	0.0081794881354681	6.690402615826343e-05	1.700645448502142e-05	-0.0005018373307592	-0.0637279039264057	2.518407065435187e-07	0.0040612457388531	-0.0637849286756164	-0.0327842361174006	0.0040685171261534	0.0010748061378014	0.00212895473567	0.0009649581207938	9.31144174885902e-07	4.532448266531719e-06	-0.000122257603814	-0.0001069887191284	1.494692169034099e-08	1.1446586020756155e-08	-0.0007113704221263	-0.0002493794492695	6.2190109718009e-08	5.060478774761502e-07	0.0	0.0	0.0	0.0	0.0
825.9345927176182	-0.1496190416390845	0.0223858576209981	682167.9514476178	1028.878729229131	9.694055888278513	93.9747195650673	1058591.4394601516	772.9947839870126	0.2374568733144997	0.0563857666842983	597520.9360711284	809.0043402427484	717.342602097701	0.95864	21.928473	0.0983651976675168	0.0584194699937179	0.0136687474	-0.0548050142	-0.076012585	0.0657200796	-0.1166063852	-0.0663054021	0.1357649594	0.046235992	0.0999846575	0.0348006188	0.0133893475	-0.0468039004	-0.0138059848	0.0778274442	0.1201308982	0.0238404128	-0.0051591658	0.0291686385	-0.0556589564	0.1419630733	0.1303238255	-0.0554910293	-0.0082433839	-0.2463038642	-0.1211063754	-0.0464322594	-0.0119685546	-0.1553425441	-0.0277427985	0.0417484753	0.0528043298	0.0490098293	-0.0623290679	0.0850355863	0.1108422538	-0.1578486204	-0.0541287784	-0.0011859772	0.0532498134	0.0239029257	-0.0171213181	0.0685742051	0.0556492343	0.0420171583	0.2404227549	-0.0602086386	-0.1043280173	0.0883150928	-0.0579376962	-0.0108823453	-0.0430671046	0.0558697038	0.0007908072	0.0893890697	-0.0102642209	0.1308213933	0.0424549881	-0.1130011731	0.0533926885	-0.0299588848	0.123532354	-0.0857681586	-0.1023698662	0.1608432025	0.0167000342	-0.0382098493	0.0103912706	-0.0462787926	0.0440394783	-0.1023434619	0.0493159087	-0.0318126936	-0.0591833152	0.1480688876	0.0724994576	-0.0678316012	0.1144315866	0.0424248002	-0.014027246	-0.1722037319	0.0137622904	0.0180884354	-0.0057369078	-0.1454967074	0.0619209401	-0.0766720854	-0.0460042779	0.091176746	-0.0521160921	0.145907422	0.1216800678	0.0272607978	0.0492484864	0.0033289752	-0.1285406935	0.1725786202	-0.08091142	-0.0411636806	-0.0185006196	-0.0473807405	0.0496115881	0.0780431375	0.0358475555	0.0403414072	-0.0296654136	0.0660076536	-0.0616009311	-0.1289999139	-0.0703125971	0.010767348754527	0.0066434604819108	4.413556717471048e-05	0.0001159357992016	0.0541940099612645	0.0546958472920237	0.0029369907156816	0.0029916357109923	-0.0639010160153645	-0.0001160873397481	0.0040833398477958	1.347627044979207e-08	0.0017469965592828	-0.0003819581763871	1.4589204850903536e-07	3.0519969781459417e-06	-1.540356548601629e-05	0.0001068540383279	2.372698296819923e-10	1.1417785506998214e-08	-0.0004619865857648	0.0002493838363614	6.219229783837939e-08	2.134316054266169e-07	0.0	0.0	0.0	0.0	0.0
828.3214233919822	2.3868306743639778	5.696960668084801	686116.3804501194	1028.6075313032163	-0.2711979259147483	0.0735483150204613	1058033.453453697	774.3631654118675	1.3683814248548742	1.872467723887856	599638.3119466873	810.8981419818132	723.3834942486752	0.953486	21.810579	0.0556957567132279	0.0309910499524699	0.0044509272	-0.0941282374	0.0110564801	0.0542859767	-0.1634864388	0.0290008261	0.0200931084	0.0392611053	0.1448801814	0.0631575341	-0.0243556335	0.0131216107	0.0195054486	0.1318734831	0.0156649038	-0.0622508801	0.0046213274	-0.0339464872	0.0010634846	0.0219784464	0.0265910197	-0.0206520276	0.0522925717	-0.1783641636	-0.1461362011	0.0100634746	-0.0747360902	0.1061696062	0.0892145809	0.0285111513	-0.0118226767	0.1187984015	0.1078748009	0.0283185747	-0.0357697026	-0.0347475186	-0.071662298	-0.1094069881	-0.1990752425	-0.1112391656	-0.0166410692	0.0917857368	-0.0088775042	-0.0892348935	0.0333816058	-0.09961136	0.00432606	0.0269294054	0.0789742308	0.0583232479	0.0833287912	-0.0284096428	0.011574845	-0.0029864551	-0.1271091097	0.1192789173	-0.0211096879	-0.0148124566	0.0450553658	0.0139634488	0.0911874908	-0.0128815122	-0.1181849348	0.0330546866	0.0804304133	0.0551412971	-0.1023679595	-0.1148998656	0.0974060777	-0.014676198	0.071111746	-0.1199419869	0.0436077377	-0.0365280842	-0.0201575212	0.0840200773	0.0167364906	0.03944835	-0.0466131035	0.0146870254	0.0832449862	0.0006238162	-0.019494534	-0.1266406642	0.018703398	-0.0261271676	0.0726328017	0.0577746986	-0.0473833974	0.1417214061	0.0492644295	0.0945740405	0.0077797529	-0.025113843	-0.0232059629	0.0595583609	0.0897118702	-0.0354944659	-0.1517589104	0.0043914544	0.035392386	0.0054462565	0.0321088357	-0.025604948	0.120057539	0.063080731	-0.0674542747	-0.1289999139	-0.0586099215	0.0021875775452855	-0.0085797712092414	7.361247400292934e-05	4.785495516637333e-06	0.0540214097273406	-0.0001726002339239	0.0029183127089292	2.979084075058604e-08	-0.0710758770823929	-0.0071748610670283	0.0050517803030314	5.147863133115973e-05	0.0014263876667499	-0.0003206088925329	1.0279006197117265e-07	2.034581775856224e-06	-0.0004893294245562	-0.0004739258590701	2.3944328573650185e-07	2.246057198954117e-07	-0.0004611508533072	8.357324576000261e-07	6.984487406861795e-13	2.1266010950595866e-07	0.0	0.0	0.0	0.0	0.0
827.5086417226602	-0.8127816693220211	0.6606140419858912	684770.552125682	1032.3041719799198	3.6966406767035096	13.66515229265898	1065651.903487148	774.2971183766804	-0.0660470351871254	0.0043622108570093	599536.027526431	811.6740125440697	724.5484068453259	1.05602	24.155989	0.0366250541781214	0.0287137809015584	0.0413230865	-0.0694839989	0.0314765925	0.0841273298	0.0858617035	0.1792658951	-0.0422974676	0.1054450196	-0.1080960802	0.1555969159	0.0440495668	-0.0514855327	-0.0309778181	-0.0312633817	-0.126505536	-0.0900377265	-0.0641586289	-0.1469193331	0.0273904282	0.0910679199	-0.0337671105	-0.0439951326	-0.0515926962	-0.035240498	-0.0906008878	-0.1499419179	0.1316227298	0.0949795553	-0.0917912987	0.0467301141	-0.2047602771	-0.0589546569	-0.0960213457	-0.1129762913	-0.0758763233	0.0302236629	-0.0404067491	0.0545612931	-0.1070282896	0.0021952218	-0.028702995	-0.0656985218	-0.158167805	0.1226630133	-0.0868193992	-0.1207202865	0.1340573617	-0.0655111333	-0.0917094376	0.0710223773	-0.1059605791	-0.1390130255	0.1225545198	-0.044500825	0.0289244763	0.0794101525	-0.1483097115	-0.0213528942	-0.0018635397	-0.0156017053	0.1000665519	-0.0242234694	-0.0640619382	-0.1407607532	-0.1808890759	0.052881819	-0.0312182552	-0.0946172481	0.0366975477	0.0602195077	-0.0770321415	-0.0423276343	-0.0144479068	-0.0086367693	-0.0131704367	-0.1814666189	-0.1244446737	-0.20391332	0.1009011353	-0.0817465911	-0.1209478291	0.018136684	0.0244371082	-0.0337571933	-0.0712624772	0.1575106861	0.1525923477	-0.0494885495	0.0228740174	0.149400356	0.0502415965	0.0360559848	-0.1072818947	0.1224895422	0.040969978	0.0153781932	0.0097455737	-0.0404329285	0.0095922194	0.0787015551	0.0567298848	-0.0261678906	-0.0122049735	-0.0348049865	-0.1068950613	0.0601105761	-0.0731227308	-0.1282045865	-0.0462651033	0.0071498865266335	0.004962308981348	2.4624510426367023e-05	5.112087734373526e-05	0.0563721232885683	0.0023507135612277	0.0031778162840615	5.525854246939818e-06	-0.0428644535490221	0.0282114235333707	0.0018373613780562	0.0007958844177792	0.0014203839999338	-6.003666816100034e-06	3.6044015238740717e-11	2.017490707267941e-06	-0.000505328020478	-1.5998595921800003e-05	2.553564082802141e-07	2.5595507146903567e-10	-0.0004611409540016	9.899305599965318e-09	9.79962513615047e-17	2.1265097945750578e-07	0.0	0.0	0.0	0.0	0.0
826.9515392780187	-0.5571024446414867	0.3103631338255208	683848.8483142845	1025.3859337735769	-6.918238206342949	47.8620198797033	1051416.3131807102	773.6243695848387	-0.6727487918416273	0.4525909369243691	598494.6652155392	810.6723237891499	717.8423895738042	1.043038	23.859034	0.0459227637508964	0.03109865828628	0.0017016186	0.0403775031	0.0997118086	-0.0202682104	0.1637108736	0.0110301261	-0.1053994088	-0.0043916362	-0.138492681	0.1142133371	0.0631760322	0.0190627933	0.0344349467	0.0167167329	-0.0068490905	0.0142272906	-0.0806734797	0.0215428681	-0.0271514352	0.0183902932	-0.0899068448	0.1222820297	-0.0830167271	0.071764747	-0.0410289513	-0.1245404911	-0.0520734289	-0.0790708174	-0.0124529184	0.0328289844	0.0263299756	0.0101412046	-0.1236687227	-0.0731480016	-0.0426671728	-0.0019837248	0.1847514127	0.0136528989	-0.1072208394	-0.002519405	0.0308371523	0.0962071495	0.0135531264	0.1126894311	0.0233024435	0.0076881123	0.1713030222	-0.0443862346	0.1102859837	0.0687991188	-0.0716163899	0.0355815366	0.056706361	-0.0734532657	0.1231085327	-0.0729747069	-0.0550010234	-0.0277423768	0.0199235573	-0.143207508	0.1162020166	-0.078729016	-0.0669716863	-0.1008402715	-0.0373803627	0.0411709772	-0.0109479483	-0.0766211499	-0.0288451557	0.0789058172	0.0103971736	0.0525683763	-0.082733877	-0.0863696184	-0.0928594282	0.0568803489	-0.1150163082	-0.1039643692	0.044693154	0.0244550036	-0.0745820721	-0.0082675788	0.0476677712	0.1027079866	-0.1394538032	0.1045254238	-0.0222068877	-0.0139838315	0.0233639227	0.1334344991	0.130416383	0.0321758609	-0.016699392	0.0019752118	0.040894381	0.0629669283	0.0251277376	-0.029603248	-0.0027785341	0.1311733098	0.0882252187	-0.0860409178	-0.0584820842	0.1294701734	0.0360392211	0.0570992244	-0.0785907625	-0.1266188352	-0.033413395	-0.0039211406712098	-0.0110710271978433	0.0001225676432153	1.537534416341564e-05	0.0568019673326176	0.0004298440440493	0.0032264634928557	1.847659022046605e-07	-0.0716586087621209	-0.0287941552130988	0.0051349562097227	0.000829103374436	0.0013078840976772	-0.0001124999022566	1.2656228007744555e-08	1.7105608129569034e-06	-0.0005053017098208	2.6310657200026916e-08	2.55329817947824e-07	6.922506822973282e-16	-0.0004611694870059	-2.8533004299991643e-08	8.141323343833417e-16	2.1267729574528497e-07	0.0	0.0	0.0	0.0	0.0
827.2618601539583	0.3103208759396239	0.0962990460439354	684362.1852653873	1027.8935159730518	2.507582199474882	6.287968487123288	1056565.0801794424	772.6589064767709	-0.9654631080678656	0.932119013040063	597001.7857578794	808.9940132897748	715.846625919325	0.969406	22.174738	0.0320224051547966	0.0172312336692077	-0.0407413468	0.1076951808	0.0800986777	-0.0829428629	0.0600861105	-0.0502774698	-0.0589690702	-0.0946706728	-0.0621163103	-0.0120670533	0.1092603147	0.0554770768	0.0774468235	0.0204878306	0.0386619935	-0.0065331499	-0.1010257635	0.0872657437	-0.010524836	-0.090427606	-0.0319688915	0.1105840676	0.0799077469	-0.1525312097	-0.0138693204	-0.0474709944	-0.0626394631	-0.1404637142	-0.1332473365	-0.0100489806	-0.0213838045	-0.040097916	-0.1220297687	-0.0901306736	0.0164933189	-0.2861373581	0.011904818	0.0304079454	-0.0197130269	-0.0418997836	-0.1171379977	0.1821219561	-0.0243769542	0.0402756784	-0.1233445219	0.0580048455	-0.0254931519	-0.0558341111	-0.059071967	-0.1080467123	-0.0330206538	-0.1230718653	-0.054402989	-0.0951020896	0.0512086053	-0.1215596956	0.0376914028	-0.0771429631	0.0167817235	-0.013415368	0.1093534642	-0.0334044133	-0.1236453908	0.0947387896	-0.0513286823	-0.0187129661	0.1306282437	-0.0006136541	0.040139621	-0.065369153	-0.0211990022	-0.0909420634	-0.1815707479	0.0407504826	-0.0323786435	-0.0352367566	0.0543044784	-0.0084978598	0.1221858369	-0.0206725942	-0.0615049848	-0.0059588567	0.0767111272	0.0698211414	-0.114942132	-0.0645737299	-0.1006609345	-0.0220008291	-0.0620479086	0.0881579879	0.1259496576	0.1029642818	-0.0481722133	-0.0738897761	0.045851438	-0.0204525635	0.0971329221	-0.0553774011	-0.060623532	0.058709847	-0.0602175986	-0.0285368591	0.0192991042	0.1238747552	0.0206847416	0.0540487397	-0.0838433825	-0.1242524367	-0.0201956026	-0.0039026796072789	1.8461063930899635e-05	3.408108814607634e-10	1.5230908117070587e-05	0.0647387603363114	0.0079367930036938	0.0041911070898823	6.299268318348284e-05	-0.063114813623514	0.0085437951386069	0.0039834796987309	7.299643537048308e-05	0.0015469018142655	0.0002390177165883	5.71294688430849e-08	2.3929052229778954e-06	-0.0004338570085897	7.144470123109998e-05	1.8823190390240305e-07	5.104345334001138e-09	-0.000461164785854	4.70115190000361e-09	2.2100829186907558e-17	2.126729597117657e-07	0.0	0.0	0.0	0.0	0.0
828.4696683121514	1.2078081581930746	1.4588005469977472	686361.9913132461	1020.6413369927524	-7.252178980299391	52.59409996229631	1041708.7387783532	775.5730895191941	2.9141830424232467	8.49246280474721	601513.617186348	809.4035040747692	713.7607087467952	0.944703	21.609669	0.0374372136946321	0.0221438321367973	-0.0504805357	0.0822557428	0.1339522565	-0.0386194129	-0.0088401537	-0.0124063979	-0.1115874199	-0.0681588631	0.0370775254	0.0406265375	-0.0521046289	0.0551885766	0.1505377855	0.0270774737	0.0750459075	-0.0255460172	0.0379119596	0.0080526585	0.0859725909	-0.1690808913	0.1347064585	0.1328813348	-0.0260609127	0.0934801616	-0.0319923463	-0.0064343015	-0.0465006273	-0.0589038437	-0.1373933449	0.1268517313	-0.0643572323	-0.063116457	-0.1037208101	-0.089864713	0.0902514794	0.1551598197	0.0882035319	0.1183784835	0.0239519117	0.1072488057	-0.1323443103	-0.0910810063	0.023752311	-0.1669031629	0.0348228688	0.0075724388	0.0631357185	-0.1981520227	-0.0794899955	-0.023155725	0.1373231726	-0.0827028539	-0.0582223738	-0.1014220357	-0.1203700402	-0.0827218306	-0.005051785	-0.0958396084	-0.0460183099	-0.0855311033	-0.0072740878	-0.1045363156	0.0281838881	0.0303376643	0.0341817374	0.0032522677	-0.0144185862	0.0613777915	-0.0503048214	-0.0300794821	-0.1146487027	0.0188275014	-0.0328486735	-0.073604119	0.0166981451	0.0222987575	-0.1730114326	0.012837279	0.0993041404	-0.1374678808	-0.1813899712	-0.0271384593	0.0282642155	-0.0419530724	-0.118240968	-0.0482420057	-0.1354359555	-0.042686148	-0.0292085669	0.0479892872	0.0917972647	0.1002077512	0.0234914306	0.0178256733	0.0576027793	0.0307106169	0.0848345115	-0.0168564236	-0.0945429401	0.0150124038	0.0003691636	0.0044850632	-0.0902342332	0.1147730934	0.0237286471	0.0509612127	-0.0888661936	-0.1211199807	-0.0067565429	-0.0039579389061827	-5.525929890380036e-05	3.0535901153395516e-09	1.566528038507471e-05	0.0647802715369039	4.151120059249502e-05	0.004196483580395	1.723179774630359e-09	-0.0821221253356299	-0.0190073117121159	0.0067440434696409	0.0003612778985215	0.0013289347747019	-0.0002179670395635	4.7509630336119926e-08	1.7660676354119898e-06	-0.0002853069672907	0.000148550041299	8.140006558461655e-08	2.2067114769934617e-08	-0.0004613103346518	-1.455487978000163e-07	2.1184452541030023e-14	2.128072248565557e-07	0.0	0.0	0.0	0.0	0.0
828.2688279017503	-0.2008404104010424	0.0403368704500591	686029.2512737393	1025.9603384033708	5.319001410618398	28.291776006160507	1052594.615976759	775.820439917925	0.2473503987308731	0.0611822197523219	601897.3549944427	811.3633184196535	722.5611046638795	1.025014	23.446741	0.0504693694499279	0.0324439350255817	-0.0447369243	0.0838556823	0.1093967777	-0.0277304727	-0.1537616066	0.0636623718	-0.1320630131	-0.0412381086	0.0863586928	0.0156716621	-0.1148739661	0.0417480087	0.0247433207	0.0999101599	-0.0127377249	-0.0602116547	0.0029140585	-0.0037023287	0.1916783836	-0.0191903232	0.0649294632	0.068845797	0.1086835072	-0.0835636846	-0.0936500896	0.0626202457	0.0539708211	-0.0700008388	0.0514022723	-0.0740746588	-0.0566404301	-0.1099260637	0.0018597016	-0.021606263	-0.1047931713	-0.0683813275	-0.0800050584	0.0030549561	0.021025479	-0.0522137116	-0.012977871	-0.0766431797	-0.0171148311	-0.0390143373	-0.0383556137	0.0597936297	0.0074502281	-0.1044865768	-0.0056729066	-0.0770492168	0.1497802278	0.0902265588	-0.0423232676	-0.1152479543	-0.1295919629	0.030869943	-0.0560006593	0.0275399018	-0.1668373926	0.0654544677	0.0310949969	-0.112386346	-0.0117141466	0.0919132486	0.0400648835	0.0849910741	-0.0319877175	0.0143321371	0.0922479798	-0.0493560359	0.0202032636	0.0010249213	-0.0972428938	-0.0170243808	-0.0108405136	-0.019768204	-0.0154540756	-0.1161335546	-0.0850655039	0.1250702452	-3.14225e-05	-0.0329141268	0.0703814504	-0.0958873821	-0.0898639421	-0.1500952283	-0.0120011801	-0.0271891865	0.0346009936	-0.0232563657	0.03311359	0.1465144405	0.0387090391	0.0588547489	0.1525355287	0.1188994587	0.1321308178	0.0292895628	-0.0081394024	-0.021679432	-0.0626427774	0.0244364395	-0.1077593992	-0.0807213279	0.0003905474	0.0478387595	-0.0936454286	-0.1172407796	0.0067565429	-0.0039230593542498	3.487955193290024e-05	1.2165831430398847e-09	1.539039469696686e-05	0.0908486589568724	0.0260683874199685	0.0082534788342621	0.0006795608226775	-0.0630810958389034	0.0190410294967265	0.0039792246522369	0.0003625608042952	0.0012559269465138	-7.300782818810006e-05	5.330142976743138e-09	1.577352494979477e-06	-0.0003187901491548	-3.348318186410001e-05	1.0162715919813965e-07	1.1211234677443956e-09	-0.000461299885078	1.044957380000322e-08	1.0919359260171374e-16	2.1279758397297602e-07	0.0	0.0	0.0	0.0	0.0
826.6842156125939	-1.5846122891564391	2.51099610694561	683406.7923430096	1022.6875740870956	-3.272764316275129	10.710986269883811	1045889.8741921488	774.7934359222533	-1.0270039956717485	1.0547372071257364	600304.8683482107	810.9771535363736	717.9417495965745	0.867737	19.84911	0.0491929542502725	0.0283109859427166	-0.0186617021	0.0919033061	0.0809772839	0.027856949	-0.1141456254	-0.002592794	-0.1224287004	-0.0411615672	0.0375476365	-0.0822038408	-0.0792671243	-0.0397365954	-0.099751419	0.0738225401	-0.1126424815	0.053971276	-0.0614611104	-0.018189377	0.1495842761	-0.0408972815	0.0329081139	0.0439293004	0.0420837148	-0.1278454434	-0.0376245167	0.103376171	0.0812221203	-0.0827564007	0.0854832309	0.0463286126	-0.1779553399	-0.019037827	-0.0053646124	-0.0187535859	0.0996823275	0.1548794207	-0.0994705861	-0.1648514167	-0.128489518	-0.0721452644	-0.0255864768	-0.0396976554	-0.0459383284	0.0429804899	0.0635768991	-0.1489030469	-0.0426461128	0.0044936654	0.0602516428	-0.1355246345	-0.1389512589	0.1072189303	-0.028353908	-0.1065349827	-0.0459984267	0.0565410197	-0.0028665766	0.0969339548	-0.1677650852	0.0397149518	-0.0019992158	-0.0959107215	-0.0501671778	0.076326367	-0.0069516963	0.0648102962	-0.0742886378	0.1069791401	0.0656819672	-0.0592882601	0.0225684732	0.0911948797	0.0667982741	-0.1535317777	-0.1753699859	0.0460952884	0.0076070795	-0.2150119913	-0.030848594	-0.0182225164	-0.0215211155	-0.0170485684	0.0860874975	-0.0716911325	-0.1119246502	-0.0923820293	0.0011558774	-0.0042600454	0.0210599716	-0.0098649387	-0.0215534405	0.094168458	0.0743438321	0.0267628004	0.2202453353	0.1242468704	0.15952792	0.0382603316	-0.008760759	0.0142308287	-0.0744923033	0.0117539843	-0.0282356666	-0.1704190276	-0.0018005211	0.0446835199	-0.098167988	-0.1126387502	0.0201956026	0.0069120630719794	0.0108351224262292	0.0001173998779913	4.7776615911021306e-05	0.0675766581949659	-0.0232720007619064	0.0045666047327992	0.0005415860194621	-0.0631573748723113	-7.627903340789999e-05	0.0039888540007616	5.818490937643523e-09	0.0013149825618507	5.9055615336900055e-05	3.487565702819905e-09	1.72917913797143e-06	-7.780374875832052e-05	0.0002409864003964	6.053423320847862e-09	5.807444517605233e-08	-0.0004614489099192	-1.490248411999671e-07	2.220840329467541e-14	2.1293509646561798e-07	0.0	0.0	0.0	0.0	0.0
826.3817205383936	-0.3024950742003511	0.0915032699154759	682906.7480399956	1019.4463148511146	-3.2412592359810333	10.505761434832351	1039270.788863518	773.2741161642966	-1.519319757956623	2.308332526917372	597952.8587296741	809.3750504317691	714.4974069646381	0.913613	20.8985	0.0351375390911891	0.0246485367415111	0.003815867	0.0601263773	0.1094005093	0.0270624912	0.004577229	-0.0610767677	-0.1307512898	-0.0065828136	-0.0840507504	-0.0898418054	-0.0113856071	-0.0406014982	-0.1031828724	0.0087456471	-0.0566163147	0.0975484591	-0.1281957913	0.0327862694	-0.029971222	-0.0887588132	-0.0045691495	0.0350540532	-0.1527295942	-0.0138653914	-0.0115935867	0.0597528164	-0.1199657222	0.0055420687	-0.0112163869	-0.0190372537	-0.023354736	0.0352733747	0.067091563	-0.0177319705	-0.1086275852	0.0271986179	-0.0088604828	-0.1026322469	-0.0231991191	0.0339710815	-0.118457762	-0.1334872849	-0.1220596116	-0.0178074081	0.0498213089	0.0300383623	0.026712158	-0.2189311596	-0.0406891629	0.1017733507	0.0160874294	-0.0972802637	0.0211926075	-0.1063775148	0.0528734291	-0.0027281358	0.0482737786	0.0691897427	-0.0898474965	-0.0934558269	-0.0020353658	0.0145937365	-0.1264715102	0.0178022153	0.0621812456	-0.0366162435	-0.0001700857	0.207866484	0.0585184238	-0.0280460304	0.1207938276	-0.0567670596	0.0491619847	-0.1309447633	-0.1609096636	-0.0111729286	-0.1739330533	0.0335436399	0.0186565994	-0.1278788871	0.0178019278	-0.0101013289	0.0701018383	0.0318305161	-0.1773636676	-0.030351643	0.000478163	0.0442684638	0.0425367884	-0.018429766	-0.0060197037	0.1017575762	0.1088813706	-0.1136146708	0.1477945667	0.0454691735	0.1311022494	-0.0290423786	0.0634547191	0.0352683729	0.0165758317	-0.027092331	-0.0279378885	-0.071891339	0.0080791464	0.0414976565	-0.1024214758	-0.1073422654	0.033413395	0.0053893334359571	-0.0015227296360223	2.3187055444206075e-06	2.904491488392516e-05	0.0804906067271105	0.0129139485321446	0.0064787377712983	0.0001667700666908	-0.0631648949085246	-7.520036213307102e-06	0.0039898039488049	5.655094464945022e-11	0.0013148873134497	-9.524840099994249e-08	9.072257893045846e-15	1.7289286470709698e-06	-0.000491303330919	-0.0004134995821606	2.413789629721044e-07	1.709819044470565e-07	-0.0004611769227447	2.719871745000065e-07	7.397702309249697e-14	2.1268415407227097e-07	0.0	0.0	0.0	0.0	0.0
826.7199078409909	0.3381873025973618	0.1143706516380795	683465.8060206166	1016.5284912802956	-2.917823570818996	8.513694390426917	1033330.173584594	773.9813929219805	0.7072767576838714	0.5002404119598098	599047.1965894492	809.696522263456	712.7766893065262	0.938817	21.475021	0.0449894070330019	0.0230077147080814	0.0082092078	0.0414193242	0.0804802076	0.0692491631	0.1548219045	-0.0525936594	-0.0778124175	-0.0055431473	-0.1830477903	-0.0559191866	-0.019536303	-0.0400159856	-0.0332198703	0.0528786154	-0.0373276641	0.1721616296	-0.0917875453	-0.0016737064	-0.0511663144	-0.0642063609	-0.1353654545	0.0206578175	-0.1949128395	0.0115457241	0.024093468	0.1182626359	-0.1777009866	-0.0276032613	-0.0865431912	0.0177513602	-0.0263312667	0.0753872149	-0.0468884308	-0.0958590081	0.1098459485	-0.0176211132	0.0348238202	0.061531894	0.0144843476	0.0829008847	0.0733263785	-0.0066518244	0.0950905863	-0.0721006008	0.1277500618	0.2121369081	0.0288456522	-0.055744052	0.2098839219	-0.1454279777	-0.0357871609	0.0645139502	0.0749938789	-0.0555286301	0.117759807	-0.0732205052	-0.0050583305	0.0541566387	-0.0221203069	-0.1553263523	0.0185526836	0.0764425156	-0.0807029545	-0.0833735927	0.0607360723	0.0621683142	-0.0017209926	0.1227847649	-0.0938470824	-0.0226039147	-0.053853487	-0.0388951672	-0.1690668785	-0.0459158922	-0.1235007185	0.1209700135	0.0132783803	0.1796315198	0.0623463427	0.0538943217	-0.0578425441	-0.0091379618	0.0686491087	0.0768683624	-0.1578569934	0.1328883513	-0.0157468419	-0.0088514325	0.0387407539	0.0402358874	0.0261872758	-0.0176731572	0.1239598514	-0.0639026958	0.0637113954	0.0616245793	0.0126616253	-0.0652296557	0.0194735426	-0.0124256291	0.0519828339	-0.0071208244	0.0129064586	0.0259593595	-0.0308165414	0.0382833527	-0.1063942335	-0.1013839798	0.0462651033	0.0174318738484942	0.012042540412537	0.0001450227795875	0.0003038702258698	0.091126701524999	0.0106360947978884	0.0083040757308262	0.0001131265125496	-0.0631315348552732	3.336005325139946e-05	0.0039855906931825	1.1128931529362075e-09	0.0015879283179513	0.0002730410045015	7.455139013924274e-08	2.521516342951645e-06	-0.0003188663424085	0.0001724369885105	1.0167574432097477e-07	2.973451500657031e-08	-0.0004612471651191	-7.024237440002778e-08	4.9339911613536775e-15	2.127489473304063e-07	0.0	0.0	0.0	0.0	0.0
828.044521206155	1.3246133651640548	1.7546005671712417	685657.7290995304	1023.4599334464584	6.93144216616281	48.04489050285979	1047470.2353702292	775.5503471686121	1.5689542466316198	2.4616174280233936	601478.3409933548	812.0167184309526	714.4418349253291	0.958231	21.919123	0.1123731232920323	0.0558785414779545	0.0507505318	0.0505229181	0.0418416669	0.017803575	0.2253279451	-0.0381877248	-0.0014067588	-0.0090160134	-0.1994949049	-0.0448589857	0.075413749	-0.0712151079	0.1287040738	-0.0138414881	0.0447990021	0.05843785	-0.0703409295	-0.0191691961	0.0246812707	-0.0094861753	-0.0837218384	0.1020862446	0.0585006325	0.1077140243	0.0481117081	0.0593792149	-0.2495368204	0.1178061769	0.0523112412	0.0270036212	0.0345292048	0.0478032213	-0.0914915801	-0.1031789567	-0.0291948514	-0.0101704848	0.0151183145	-0.1118648281	-0.0186673938	0.1232943443	-0.1010164537	-0.0960458052	0.066482362	-0.0441163212	-0.0173876731	0.0082151673	0.0335183338	0.1254738778	-0.0125831781	0.0368364277	-0.0940407592	0.0526043761	0.0561363952	-0.0531186887	0.1480812656	-0.1071108682	-0.0469814221	-0.0598167595	0.0225541592	-0.0606613263	-0.0177852076	-0.0150206181	0.0420749144	-0.0545213322	0.0813608288	0.1510610832	0.0545644607	0.0528473634	-0.0814665378	-0.029331196	0.01438378	-0.0240055214	-0.0056230617	-0.1375020087	-0.0051523372	0.106086265	-0.030788007	0.0777404835	0.0483748073	0.0201062593	0.009249479	0.0410196003	0.0022321168	0.1104980037	-0.0858382318	0.1751903087	-0.0902246782	-0.0754492072	-0.0549017437	0.0112826367	-0.010635842	-0.0859805878	0.1169413216	-0.0129976474	0.0510339618	0.0334064004	-0.0327051206	0.0634207055	-0.0398744771	-0.0207622259	-0.0032867979	0.0396038022	0.0408526248	0.0513621664	0.0382342644	0.0350428114	-0.1100753719	-0.0948006283	0.0586099215	0.0237240957040398	0.0062922218555456	3.959205587940572e-05	0.0005628327169744	0.0624074147842463	-0.0287192867407526	0.0038946854200529	0.0008247974308975	-0.0858096536309318	-0.0226781187756586	0.0073632966562604	0.0005142970712028	0.0023520099697902	0.0007640816518388	5.838207706768619e-07	5.531950897992497e-06	9.956677321509844e-06	0.00032882301973	9.913542328466844e-11	1.0812457830436244e-07	-0.0004620124119517	-7.65246832599997e-07	5.856027148043279e-13	2.1345546879742734e-07	0.0	0.0	0.0	0.0	0.0
827.3286464225132	-0.715874783641766	0.5124767058541454	684472.6891913079	1026.0943015863088	2.6343681398503804	6.939895496258753	1052869.5157478948	775.0901839868196	-0.4601631817924954	0.2117501538773931	600764.7933127219	810.9838303337413	713.5708755936397	0.984418	22.518137	0.0490552286417391	0.0264134470139067	0.0400122755	0.1000545248	0.0505130204	0.0618031587	0.1028328448	-0.1075527953	-0.0176418806	0.0076375835	-0.0580253037	-0.1182510598	-0.010848463	-0.0709091818	0.1374785913	0.0339390386	0.0145915089	-0.093471614	-0.016632896	-0.0425079748	0.069271939	-0.0122032067	0.0784273508	0.1303384527	-0.0855530008	0.032494117	0.0932479661	0.1206017742	-0.0305697651	0.0688499038	-0.1117237366	-0.101918772	0.1228661689	-0.0753397864	0.0328297676	-0.1987910433	-0.0248019958	0.1581423467	-0.0408187079	0.0948311989	0.2610017317	0.0440715816	0.0709565652	0.0676316333	-0.0562500234	0.1100185786	0.0187184261	0.0521120352	-0.0998520556	-0.017745391	-0.0032676201	-0.0122333344	0.0632661151	0.0080708062	0.0384368281	-0.0378522001	0.0455741834	-0.0223109338	0.0042481714	-0.0767973671	-0.1107036374	-0.0586160481	-0.1254304854	-0.0729062079	0.0996344178	0.0154909756	0.0110081709	0.1046970695	0.1117993719	0.1081354879	0.037661944	0.0233077776	-0.057088312	-0.0905647537	-0.117502337	0.1298847592	0.112552404	0.0565292089	-0.0706181712	0.0364014316	-0.0263673125	0.047302484	0.0739360508	0.0395037508	0.016614242	-0.0307677259	-0.1023367747	0.03350869	-0.1646404413	-0.0594580935	-0.0597615023	-0.0650419362	-0.0284603124	-0.0448595896	0.0948957139	-0.0585519129	0.1606950325	0.0412900012	-0.0298656806	0.005850187	-0.0362735329	-0.0347719893	0.0549562442	-0.0023557381	-0.1027562243	0.059802861	0.0202119844	0.0317782535	-0.1134548014	-0.0876327994	0.0703125971	0.0161851521358187	-0.007538943568221	5.683567012482226e-05	0.0002619591496595	0.042037628442614	-0.0203697863416323	0.0017671622050792	0.0004149281956037	-0.0815069153480365	0.0043027382828953	0.0066433772495519	1.851355673109284e-05	0.0022959433584196	-5.60666113706e-05	3.1434649105818926e-09	5.271355905071072e-06	-0.0002700299913567	-0.0002799866686782	7.291619623209948e-08	7.839253463752166e-08	-0.0004611904830207	8.219289310000175e-07	6.755671676148315e-13	2.1269666162886657e-07	0.0	0.0	0.0	0.0	0.0
828.4677701031292	1.1391236806159668	1.2976027597400672	686358.8460996513	1023.146863417192	-2.947438169116822	8.687391760766722	1046829.504120438	775.2893342230474	0.1991502362277515	0.0396608165895692	601073.551760016	812.2680455357576	715.2158755116118	1.150831	26.324751	0.2447338186950991	0.1461680936160325	0.1178036641	0.07228411	0.0187083877	0.0124458679	0.0001477656	-0.0697948445	-0.0893353114	0.0538448143	-0.0626016739	-0.1947572014	-0.0406508981	-0.073332011	-0.0535671761	-0.0511607415	-0.0729220202	0.1095661534	-0.0855728598	-0.0819350726	0.006523229	-0.0912773479	-0.107228281	0.0910834882	-0.1606286245	-0.0048700862	-0.0578634245	0.0228578995	0.2300671226	-0.1385794434	-0.045821052	-0.1918204368	0.0672545606	0.0393898392	0.1342105574	0.0229039398	-0.1454452815	0.1066540239	-0.1331473131	0.1296313544	0.01729082	-0.0675770144	-0.1904859476	-0.0635377749	-0.1101545162	-0.0035981016	-0.0594650616	0.0684906304	-0.0477533821	0.1453868145	0.0070130894	0.0824122571	0.0281337601	0.1712877001	0.1165443382	-0.043998873	0.053634913	-0.0328566198	0.1135528504	0.1863488375	-0.1521226794	-0.0435758442	-0.1432236682	-0.0202288071	-0.0072563928	-0.0294373522	-0.0443774008	-0.0443527034	-0.0390575782	-0.0058762968	0.1791965644	-0.034166958	0.1093443559	0.0523311289	-0.0776628679	0.2685800513	0.0019581408	-0.2609566983	-0.1193837723	0.0359020083	-0.0716751266	-0.007400251	0.0527546689	0.0844071462	0.0328851366	0.0667105236	-0.1172662316	-0.0146144949	0.0500590198	0.0678767302	0.1031900701	-0.2026404397	0.0089232771	0.118694233	0.1767595799	-0.0732938749	-0.0029106292	-0.1437991679	-0.0987375057	-0.1570987537	0.0193123172	-0.1604828709	0.0608142873	-0.0223725634	0.2687868613	0.1177884962	-0.3162087236	0.0284919163	-0.1165232592	-0.0799246852	0.0812449131	-0.0040168386377104	-0.0202019907735291	0.0004081204312137	1.613499264140314e-05	0.1808246156950588	0.1387869872524448	0.0326975416412657	0.0192618278306102	-0.0704900942194513	0.0110168211285852	0.0049688533830671	0.0001213703477792	0.002662986337035	0.0003670429786154	1.3472054815086518e-07	7.091496231235087e-06	0.0002746618511719	0.0005446918425286	7.543913248917494e-08	2.966892033172012e-07	0.0001216350866461	0.0005828255696668	3.3968564465743e-07	1.4795094303404257e-08	0.0	0.0	0.0	0.0	0.0
829.8495373355277	1.381767232398488	1.909280684530177	688650.2546159893	1030.179922718647	7.033059301455069	49.46392313778366	1061270.6731725975	775.5369039140985	0.247569691051126	0.0612907519271499	601457.4893326657	811.9291819002345	712.9254514488335	1.201996	27.495138	0.2864983548876543	0.1856207942737933	0.114235252	0.0708191502	-0.0031400787	-0.0791308687	0.1490186763	-0.0374661075	-0.029884292	-0.0432983137	-0.0830829928	-0.0575260865	0.1487795619	-0.1080276412	0.0182909945	-0.2148176213	0.0371942437	-0.0039326077	-0.0348126295	0.0101794786	0.0328324439	-0.1256828158	-0.1550293376	-0.004944219	-0.0803594779	0.0401088393	0.1162968342	-0.0357375785	-0.0435641293	0.1255414484	-0.1617319239	-0.01245298	0.0275738584	0.000528183	0.0890812973	0.0574946223	0.1437362843	0.0542761023	0.0980792988	-0.0178025587	0.0741711348	0.0958565825	0.1299769662	-0.0591179513	-0.0390893726	0.0540796628	-0.0195696502	-0.0818793564	-0.2059794751	0.1098541372	-0.1370320337	0.0173095967	0.0427187333	0.0534995333	0.0052764384	-0.0876626173	0.0788173016	-0.1398507867	0.0237482675	0.0569738352	0.1083010508	-0.0777616957	-0.0830547517	0.024840585	0.1292846966	-0.1203677501	-0.0719056889	0.0956400903	0.12035126	0.1240743811	0.0938878033	0.0721508451	-0.0111002757	0.0164930786	0.0788624359	0.0764464593	0.2522724034	-0.0707437712	0.0606869132	-0.0447103531	-0.0307570427	-0.1325163921	-0.1420004265	0.121574092	-0.0283267908	0.1490238725	-0.0340190717	0.1492828065	-0.0938588622	-0.0473907388	-0.0792203754	-0.019600557	0.006064649	-0.0881099313	0.0952720445	0.018298426	-0.0281671737	-0.0975084064	-0.0948017592	0.2477160807	0.032648553	0.0743959095	-0.0040883412	0.037157844	-0.0167713967	-0.0104204596	0.1430433859	0.0251860523	-0.1192723348	-0.0717238087	0.0912870929	0.0188283555997657	0.0228451942374761	0.000521902899748	0.0003545069745912	0.0043401462767036	-0.1764844694183552	1.883686970318412e-05	0.0311467679458783	-0.0974261193907608	-0.0269360251713095	0.0094918487395427	0.0007255494520294	0.0035870090788986	0.0009240227418635	8.538180274811245e-07	1.286663413210098e-05	1.168651536342935e-05	-0.0002629753358084	1.3657464133967023e-10	6.91560272435779e-08	0.0001039798431079	-1.7655243538200002e-05	3.1170762439315287e-10	1.0811807772743498e-08	0.0	0.0	0.0	0.0	0.0
830.9257903482456	1.0762530127179843	1.1583205473845375	690437.6690658567	1029.6792479270746	-0.5006747915724645	0.2506752469161308	1060239.353611666	776.5457944606133	1.008890546514749	1.017860134846829	603023.370894465	811.4793584103755	726.0159840928349	1.107758	25.339491	0.0847135405581771	0.0533250269238827	0.0756666065	-0.0200467433	-0.0178835578	-0.0077201798	0.1020424606	0.1602549694	0.015614374	0.0265550464	0.0007604789	0.0379241706	0.043691432	-0.0170382686	0.1524927645	-0.2012091705	0.0420810091	-0.2034679179	-0.0973813608	-0.0680603973	0.0726918837	-0.01721922	0.039482966	0.001209002	0.0024393494	0.0711271605	0.0948687336	0.0323569125	-0.0592831022	0.2056385987	0.0799376922	-0.0121614406	-0.0018373891	-0.0107562611	0.102239247	0.1129573366	0.0550032009	-0.0190366371	0.0842438799	0.0176735121	0.1173708054	0.0495047251	0.0613203335	0.1448290252	-0.0596274635	-0.0432987476	-0.1135042003	-0.0277843391	-0.0950500123	0.071617979	-0.0561193193	-0.1929020458	-0.0456378134	-0.0125653503	0.0274337976	-0.0694389925	-0.0266986261	0.0026982717	-0.051282628	-0.1355663275	0.0689835793	0.0483720872	-0.1174300245	0.0253718958	0.2004260407	0.0097916097	-0.121492609	0.1588711537	0.081895286	0.0592699917	-0.0567945422	-0.0344980337	0.0745090377	-0.0475212362	0.1033254476	-0.1656694008	0.0550930081	-0.0511305114	0.0758174163	0.1405521038	0.0389185135	-0.1011959941	0.1091666865	0.0910671901	-0.058384468	-0.0664181364	0.0082023833	0.135665684	-0.0306027672	-0.1469287867	-0.0792245635	-0.0415090805	-0.0589915054	-0.0707630107	-0.0221907031	0.1427476626	0.164634069	-0.0454437911	-0.0475520657	0.1337447117	-0.0174579881	-0.0112627109	-0.0438615227	0.1192919352	-0.0507563374	0.0007043549	-0.0338347574	0.0218629269	-0.1216944932	-0.063080731	0.1003291122	0.0213229412768214	0.0024945856770557	6.222957700171446e-06	0.0004546678246947	0.0537042548337183	0.0493641085570147	0.0028841469872449	0.0024368152136287	-0.1082983153892556	-0.0108721959984948	0.0117285251161506	0.0001182046458296	0.003230004733121	-0.0003570043457775	1.274521029040921e-07	1.0432930575984064e-05	1.1035507560652746e-05	-6.510078027766042e-07	1.2178242712122392e-10	4.23811159276022e-13	2.1982190176037065e-05	-8.199765293186294e-05	6.723615086334251e-09	4.832166849354605e-10	0.0	0.0	0.0	0.0	0.0
827.624455788926	-3.301334559319685	10.898809872558497	684962.2398199158	1025.9337134243042	-3.745534502770397	14.029028711443486	1052539.9843405825	776.8615653499156	0.3157708893023709	0.0997112545308102	603513.8917179212	815.4225474060731	726.3449480352818	1.118389	25.582655	0.0602911481384231	0.0357836278436626	0.1127245843	-0.0932288362	-0.0675273825	0.0846662368	0.0971556856	0.1171752448	0.049247541	0.233745108	-0.1031584427	-0.1599094956	-0.0606789406	-0.0894737893	-0.0566957131	-0.065702209	-0.1498799203	-0.1286676575	-0.0474501796	-0.2098591479	-0.0357277862	0.1910534372	0.1207677788	0.0019235964	-0.0800774053	0.219273582	-0.081656708	0.0362043624	0.0324351659	0.08944641	0.028377899	0.0299301406	-0.012005829	-0.0819613098	0.0469373043	0.1207490492	-0.0796690321	-0.0196084201	-0.1078545086	-0.0929332492	0.1588629282	-0.0543075974	-0.0858367507	0.2078402326	-0.0759930757	0.0221370972	-0.0077533967	-0.0193720584	0.0038306454	-0.0552438099	-0.0097526768	0.0412190035	-0.0018225615	0.1390624794	0.1910368261	0.1038466505	0.1162857814	0.083507651	0.0381366028	-0.0260284077	-0.1486561797	0.0882134625	-0.2600834258	-0.0533783357	0.0160778735	-0.0584385756	-0.2849509536	-0.0785939393	-0.0500703573	-0.0575634143	0.0220731231	0.0251385385	0.1492372279	0.1353977762	0.0375280416	-0.0465461658	0.0879422208	0.0298161401	-0.0138921552	0.0969731222	0.0518880171	-0.0156005469	0.0304919542	0.0903295069	-0.0705343719	-0.0872526993	0.033939413	0.1097809187	0.0109380442	-0.1550308083	-0.0455853909	-0.0718648387	-0.0545199239	-0.0728326383	-0.0354027906	0.0534715136	0.1414888707	-0.0152539333	-0.0301160587	0.0581942802	-0.0171647415	0.0426065844	-0.093732272	-0.0702324442	0.0016298611	0.0295685116	-0.2292744053	0.0185248178	-0.1237830955	-0.0540487397	0.1082719048	0.0182052381009327	-0.0031177031758887	9.7200730929465e-06	0.0003314306943116	0.0809294012440773	0.0272251464103589	0.0065495679857248	0.0007412085970654	-0.0973532243617114	0.0109450910275442	0.0094776502936217	0.0001197950176012	0.0032050066901958	-2.4998042925199887e-05	6.249021500901362e-10	1.0272067884199836e-05	9.967935294064034e-06	-1.0675722665887122e-06	9.935973402664744e-11	1.1397105443893604e-12	-0.0003320163451248	-0.0003539985353008	1.25314962995138e-07	1.1023485343003033e-07	0.0	0.0	0.0	0.0	0.0
825.052858795449	-2.571596993476988	6.61311109685988	680712.2198065431	1032.0358473407337	6.102133916429466	37.23603833403881	1065097.990196306	775.2055881585685	-1.6559771913471195	2.7422604582618946	600943.7039122721	813.5007568706166	714.3779068401517	1.058858	24.220905	0.0583436262181618	0.0304025201864422	0.1391177547	-0.0464609162	-0.0802400497	0.1631273866	-0.0286824142	-0.0238579896	0.0318758912	0.1486847551	0.0345904469	-0.1072780913	-0.1322240641	-0.1901881366	-0.1025512885	-0.0206782608	-0.0486012144	-0.0593662994	-0.1097214819	-0.0729730486	-0.0531797945	0.1529912564	0.0181438009	-0.0775955197	-0.0673671916	-0.0887771107	0.1073476807	0.2343358163	0.0387987447	-0.0402739941	-0.0574185136	-0.1384608235	-0.0536594239	-0.1489903425	0.0108513879	0.0481837108	0.0415354396	-0.08423931	0.0215283282	-0.1393488925	0.0526519782	-0.0331541171	-0.0061026921	-0.0492969336	0.0506193749	-0.1147986673	0.0550670974	-0.0001631874	0.0640029582	-0.1169150469	0.0834742314	0.0530006138	0.0371805508	-0.0432319862	0.1568389491	0.0395970062	0.0700636303	0.1687358504	0.0759524462	0.0266803492	-0.0940254592	0.0941762462	-0.1066077397	0.1752246327	-0.0202505855	0.0816192232	-0.0601937426	0.0165858041	0.0338070726	0.1238718969	0.1284355519	0.0514899119	0.0378307585	-0.0319398859	-0.0312081497	-0.0225869744	0.088984528	0.1243470801	0.0479723254	-0.0825697714	-0.0769259707	-0.1284921163	-0.0350913996	0.0989869398	-0.0719631219	-0.1236815574	0.0586817891	0.0538729333	0.101972232	-0.0450598656	-0.0947888051	-0.1524451286	-0.0720652697	-0.0106957579	0.0606751223	-0.0568382389	0.1405765608	0.0144597649	0.0460987948	-0.1149360877	0.0077263132	0.0077855526	-0.1351431124	-0.0053874728	0.0256832779	-0.1340948667	0.1059634537	0.0151740128	-0.1255324169	-0.0446835199	0.1150284477	0.0182179487988065	1.2710697873802995e-05	1.6156184043909995e-10	0.0003318936584359	0.103252549200576	0.0223231479564987	0.0106610889164173	0.0004983229346877	-0.0887489017082217	0.0086043226534897	0.0078763675544155	7.403436832535611e-05	0.0030120026838154	-0.0001930040063804	3.725054647888556e-08	9.072160167311172e-06	1.1033103948676626e-05	1.0651686546125916e-06	1.2172938274230376e-10	1.1345842627691985e-12	2.1983378046180457e-05	0.0003539997231709	1.253158040051308e-07	4.832689103212889e-10	0.0	0.0	0.0	0.0	0.0
826.7805122595682	1.7276534641192711	2.984786492083318	683566.015452194	1022.7076265949848	-9.328220745748808	87.01570228141846	1045930.8894955468	775.0966175667382	-0.108970591830257	0.0118745898838364	600774.7665633985	811.8812528352763	712.0751356308637	1.103783	25.248566	0.077067115587779	0.0413451321871924	0.1325707898	-0.0398763122	-0.1135577184	-0.0077571916	-0.0109706804	-0.1355051108	0.0018355873	0.0560698447	0.0166282587	-0.0824868145	0.0336770841	-0.0969628322	-0.1370271426	0.0073502053	0.1264096243	0.0567884561	-0.1007233048	0.0457428784	-0.1387334655	0.0526128711	-0.0908049923	-0.1098088199	0.0371790607	0.0786262099	-0.0141678014	0.0260439939	0.161302325	-0.0691667019	0.0146018192	-0.0169726659	0.0037968976	0.1242639603	0.0815451456	-0.1695445291	0.139319111	0.0886106303	0.0653452065	-0.0108135015	-0.1032057033	-0.1056247126	0.0475956673	0.0191935174	0.0662351192	0.0983877833	0.037884936	0.035731485	0.0211075645	-0.0058971798	0.0594546508	-0.1133211545	0.0200371741	-0.1619090369	0.0953677591	0.0154643312	0.0575968038	-0.0350448017	0.132521499	0.0907146021	0.1596688466	0.062709339	-0.0219613052	0.1372723797	-0.0848060773	0.0156728109	0.0764836216	-0.0711671461	-0.0714839863	-0.047890769	0.0855654958	0.1226380837	-0.197590094	0.0079242134	-0.1226283764	-0.0261503371	-0.1086555859	0.0788699329	0.0577767005	0.0615543578	-0.1775662973	-0.02087095	-0.006300664	0.1156865647	-0.0613138506	0.1373256667	0.1066806953	0.0502956207	0.1439709065	0.11560971	-0.1322413326	-0.0888324639	0.0444105822	-0.0095065187	0.1602052357	-0.0932767794	-0.0748375617	0.0277400732	0.0166754711	-0.124244453	0.047022679	0.0065934109	-0.0298225843	-0.0358197362	0.0457751174	0.0117682998	0.1644976911	0.0118128082	-0.1269376627	-0.0350428114	0.1205247148	0.0198726389039904	0.0016546901051839	2.7379993441935064e-06	0.0003949217770083	0.1098079304850898	0.0065553812845138	0.0120577815974183	4.29730237853538e-05	-0.1009609684565759	-0.0122120667483542	0.0101931171516897	0.0001491345742662	0.0037029808648176	0.0006909781810022	4.774508466211094e-07	1.3712067285205302e-05	0.0002549087118299	0.0002438756078812	6.497845136677901e-08	5.947531211943623e-08	0.0002200291381573	0.0001980457601111	3.922212309799111e-08	4.841282163824421e-08	0.0	0.0	0.0	0.0	0.0
829.6225022166949	2.841989957126657	8.076906916408777	688273.4961842899	1028.308223188416	5.600596593431078	31.3666822023518	1057417.801876917	777.3806541955519	2.284036628813624	5.216823321762304	604320.6815175042	813.7337928330603	713.2971110484305	1.043822	23.876965	0.0826958370125863	0.0392606655116115	0.0641045942	0.0082620184	-0.1328699754	-0.0036456507	-0.0227578086	-0.1929277072	0.0792762759	0.0272016044	0.1018194959	-0.1320831922	0.1918493706	-0.0589759221	-0.0524280766	-0.0256691023	0.0042005329	0.0266701312	0.0322973826	0.0748162606	-0.081599475	0.034684845	-0.0606926629	-0.066108917	0.0918795286	0.1141985997	0.0057010556	-0.0253333071	0.1366583692	-0.0016533193	0.2384735718	-0.0763047905	0.0722549752	0.2044743549	0.0309561923	-0.197576096	0.0433430211	-0.0093493321	0.0413544329	-0.0377839119	0.0819374383	-0.0020475544	0.0145425838	0.1718770641	-0.1231159171	0.0551169582	0.0244624654	-0.0441404494	-0.032515268	-0.1364848229	-0.0437261807	0.0089502043	0.014449725	0.1209735781	-0.028838038	0.0663379116	0.0344193102	-0.082831849	0.1175385475	-0.0133076635	0.1910281989	0.0432670616	-0.1414371869	-0.0333601999	-0.0401756157	-0.0445517214	0.0278517592	0.0622056173	0.1003669066	-0.058820551	0.1359836691	0.0302049647	-0.0742470783	0.1855011014	0.0174666502	-0.0050744538	-0.099510165	-0.0332942338	0.0266636899	0.0537511204	-0.1234454585	0.0253869209	0.0451726996	0.0840274159	-0.0183766018	0.0707973696	0.1207348051	-0.0116459679	-0.0561700406	0.1086293578	-0.0637386155	-0.03163505	0.067396489	-0.1209271472	0.0992104362	0.0324052338	-0.0122624124	0.0620348908	-0.0532862147	0.0595058334	0.0524395258	-0.0250636066	-0.0228817353	0.0911649899	0.2335711458	0.1044730982	0.0161509227	0.0084435077	-0.1279949812	-0.0251860523	0.124700488	0.0217099316379574	0.0018372927339669	3.37564459028793e-06	0.0004713211317247	0.0810229717226036	-0.0287849587624862	0.0065647219467618	0.000828573850958	-0.0875821927543398	0.013378775702236	0.0076706404876583	0.0001789916392907	0.0033710040452153	-0.0003319768196023	1.1020860875325803e-07	1.1363668272857918e-05	1.1037058635698926e-05	-0.0002438716531942	1.2181666332785626e-10	5.9473383231672695e-08	2.1981414675860617e-05	-0.0001980477234814	3.922290077618068e-08	4.831825911521404e-10	0.0	0.0	0.0	0.0	0.0
830.7188623584069	1.0963601417120117	1.2020055603347823	690093.8282780458	1034.4509096697343	6.142686481318378	37.73259720777156	1070088.6845165407	776.4805958462641	-0.9000583492877468	0.8101050321225836	602922.1157257693	814.5450356748806	720.9439037962751	0.891331	20.388798	0.0426669632062966	0.0231621408102203	0.0278606497	-0.0470094017	-0.0993793597	-0.0269841492	-0.0626490174	-0.1503019344	0.0730085589	0.0367464558	0.1381744466	-0.0397689371	0.2508149224	0.0583027337	0.0127686024	0.0038774024	0.0109481692	0.0443616208	0.0256104182	0.0485936593	-0.1192304413	-0.012384775	-0.0141538242	0.0157336161	0.0891738974	0.1383628419	-0.0287233975	0.1338766791	-0.1595422401	0.022652695	0.0716400859	0.0377764123	-0.0763810889	0.1097503657	0.1144434024	-0.0792363142	0.1341646758	-0.1012641706	-0.0110998262	-0.0622171839	-0.0670914637	-0.0496303016	-0.0794187501	-0.1405841189	-0.0865348672	0.1151442705	-0.0544677314	-0.1644386367	0.058578371	0.1098444978	-0.0405766613	0.0222997111	0.0684421951	0.1402489965	-0.0033110626	0.0966532305	-0.0566501658	-0.0490631217	0.0972861972	-0.0746661537	0.1770781811	0.0510928257	-0.1528394388	-0.041223109	-0.0457807093	0.0155254477	0.1199113455	0.0911859021	-0.0021504735	-0.0362752883	0.1149673099	0.0149768775	0.0036090771	0.1594870179	-0.0978153932	-0.1125549045	0.0816014503	-0.0293888656	0.0548054436	-0.0701337564	0.016222317	-0.0435431598	-0.0504820467	0.0535154656	-0.0449288528	0.0265518902	0.1303214566	-0.0470428146	-0.0651313251	0.0954099826	-0.1189274846	0.0091793388	0.0174206064	-0.1147616096	0.0649420321	-0.0689489943	-0.0032281213	0.0376578178	-0.1289500053	0.0750936635	0.0421718471	0.0053299387	-0.0044412612	0.0568677291	0.0176410195	0.0959287092	-0.0379102413	0.0050684204	-0.1287014744	-0.0151740128	0.1275100165	0.0153380530897635	-0.0063718785481939	4.060083623293362e-05	0.0002352558725844	0.0806060715979271	-0.0004169001246765	0.0064973387784501	1.738057139552838e-07	-0.0974750999303424	-0.0098929071760025	0.0095013951064302	9.78696123930036e-05	0.0029900066481435	-0.0003809973970718	1.4515901657548685e-07	8.940139755942329e-06	1.0826561529286847e-05	-2.1049710641207922e-07	1.1721443454743396e-10	4.43090318078582e-14	-0.0001165162382944	-0.0001384976529702	1.9181599878270742e-08	1.3576033786277404e-08	0.0	0.0	0.0	0.0	0.0
830.3425843196864	-0.3762780387205566	0.1415851624233887	689468.8073346955	1036.366880937056	1.9159712673217653	3.670945897202572	1074056.3119032022	777.5255704736521	1.044974627388001	1.0919719718846914	604546.0127403782	813.5967712192167	721.5721657758946	0.979985	22.416721	0.0569428942051409	0.0346735018799145	0.0401756317	-0.1019953108	-0.0058160331	0.0246000231	-0.1117556272	-0.0160687329	0.0201261162	0.1006150686	0.1487642082	0.0313174906	0.0794893113	0.0393890965	0.0109668269	0.0466190103	0.0063063851	-0.1362603383	-0.0168728039	-0.0540735731	-0.0319127772	0.0106901294	0.152066297	-0.0814763152	0.0609052887	0.1540982632	0.1166005947	0.0748545975	-0.0385083062	0.0749168134	0.0957177096	0.064849466	0.1156852215	-0.0935053452	-0.0579083363	-0.1019207928	-0.0643158062	-0.0794930753	0.0025319949	0.1067285415	-0.1871885179	-0.0197518316	0.0150539951	-0.014117121	0.1889815811	0.0155431475	0.09892451	-0.2265147687	-0.024572404	0.0506412824	0.037363029	0.0338931106	-0.0883960842	-0.1773920571	0.060192172	0.0289136864	-0.1230752069	0.0439437502	0.0462684195	-0.1583465682	0.1072777421	0.0918898173	-0.1791398492	0.0776780074	0.0356454448	0.0270174933	0.1091866113	-0.0086710065	-0.0811133652	-0.0322914468	-0.0358355108	0.1378059024	0.0006957286	0.0098285228	-0.09069131	-0.0424855827	-0.0153670844	-0.0288470016	-0.0795722747	-0.0661874227	0.0774012161	0.2814578041	0.0240233157	0.0326249385	-0.1073888942	-0.1009263621	0.1034710842	-0.058082893	0.0458977983	-0.0445406517	-0.1347529506	-0.0446714981	-0.0550406846	-0.0495997059	-0.019392917	-0.04323098	0.0254495948	-0.0326595758	-0.0150411988	-0.0252367405	-0.006919103	0.1018377003	-0.0251871563	0.0033767809	-0.0086009861	-0.0492063621	-0.0141051989	0.0016898595	-0.1290552057	-0.0050684204	0.1289225186	0.0137804864813944	-0.001557566608369	2.4260137395064204e-06	0.0001899018076638	0.080798214434651	0.0001921428367239	0.0065283514558278	3.691886970430912e-08	-0.109380468601401	-0.0119053686710586	0.011964086911462	0.0001417378031938	0.0026959742170319	-0.0002940324311116	8.645507054539782e-08	7.268276978900767e-06	-0.000548642208703	-0.0005594687702322	3.010082731705062e-07	3.1300530486522735e-07	-0.0001042611178585	1.2255120435899992e-05	1.5018797689841363e-10	1.0870380697104029e-08	0.0	0.0	0.0	0.0	0.0
830.5157301238721	0.1731458041857649	0.0299794695071352	689756.3779831884	1035.2963495490965	-1.0705313879595906	1.1460374526066874	1071838.5313896849	776.3660693664953	-1.1595011071568706	1.3444428174980088	602744.2736635817	812.4900946393815	725.3689396438803	0.91122	20.84375	0.142023329044506	0.0812172019286799	0.0676655392	-0.1378434499	0.034809263	0.0013369059	-0.1214766284	0.0877364653	-0.0302167008	0.0630960152	0.0953634103	0.1407707113	-0.0740144828	-0.0046979293	-0.0007157966	-0.0576447868	0.0788709422	-0.1284908726	-0.0328210448	-0.0916969611	-0.0926911166	-0.0617066769	0.060352384	-0.0474030431	-0.0697967115	0.0332893658	0.1210781949	-0.0299948233	0.0025992727	0.0564346416	0.0890314654	-0.057194409	0.0251436149	-0.0151812529	0.0564222477	0.1975818329	-0.0077672255	-0.0505274575	-0.0746112241	0.2571188835	-0.0975912537	-0.0766073116	-0.0032524577	-0.0181452511	0.1726322902	0.0336685987	-0.1858712126	0.0744271973	0.120433871	0.0436758479	0.0456927605	-0.0599287276	-0.0802400529	-0.0704793606	0.0693217245	-0.0161175851	-0.1558253196	0.0281380175	0.025775218	-0.025563968	0.1051569486	0.0486436858	0.0087999767	0.2017653048	0.1387616566	0.1462690795	0.0396797248	-0.1604952394	-0.1374984047	-0.0292634008	-0.0149364319	0.0934563572	0.0227274876	-0.102968222	-0.0004500564	-0.0740599118	-0.0638783382	-0.1347121164	-0.0337708159	-0.0329183316	0.1624714304	0.0997191803	-0.0006865278	0.0275186231	-0.1667835398	-0.0943981235	0.0551712322	-0.0240183251	0.1334672125	-0.0512583936	-0.0093957134	-0.0692636799	-0.0928133661	0.062253531	-0.0179017384	-0.0267079437	-0.0842522815	-0.0263338514	0.1057263854	-0.071388592	0.0194208278	0.0629590332	0.0455571737	-0.0059822671	0.0699311498	-0.0253771174	0.0965265502	-0.0016898595	-0.1290552057	0.0050684204	0.1289225186	0.0290575418436986	0.0152770553623042	0.0002333884205429	0.0008443407379982	0.150821182232903	0.070022967798252	0.0227470290101305	0.004903216019275	-0.1477066400153219	-0.0383261714139209	0.0218172515046158	0.0014688954152492	0.0025810095552157	-0.0001149646618162	1.3216873466513308e-08	6.661610324114745e-06	-0.0004229711283545	0.0001256710803484	1.789045754214789e-07	1.5793220435959138e-08	2.3045829377378374e-05	0.0001273069472358	1.620705881451872e-08	5.31110251691236e-10	0.0	0.0	0.0	0.0	0.0
832.0340719874911	1.5183418636189572	2.305362014817888	692280.6969480854	1035.8546694605805	0.5583199114839772	0.3117211235594761	1072994.8962432884	778.0569744688091	1.6909051023138773	2.859160065031104	605372.6555195571	812.2649459313427	723.3263429419256	0.98923	22.628199	0.0948164811498618	0.0461546627499382	0.0190737693	-0.1118863877	-0.0094527683	-0.0751620334	-0.1770300802	-0.032617721	0.0202349086	-0.012682879	0.1503337258	0.1161804606	0.0733233722	-0.0742939063	-0.0972041462	-0.060635406	0.0397448492	0.0562103883	0.064614291	0.0599724067	-0.0923237621	-0.1406233139	-0.0201816947	-0.1277270058	0.116372157	0.0630745671	0.0513766459	-0.002142211	0.0571511378	-0.0490995506	0.210473563	-0.0471162741	-0.0588439667	-0.1013914376	-0.0736445336	0.1940364213	-0.016042205	0.1392710421	0.101796971	0.0553104226	-0.1822532995	0.04179224	-0.0216521672	-0.1452918909	0.0129889404	0.069998459	0.0984792218	-0.0499365907	-0.1900679441	0.0959908158	0.0208638675	-0.0032267491	0.1173783239	-0.0112893537	-0.0688479376	-0.000916766	-0.142911756	0.0027294453	0.0153994737	0.1202370333	0.2070864741	0.0665073228	0.0549592663	0.1843010791	0.0648464595	0.1288182582	0.1236810258	-0.1517939906	-0.0195070121	0.0261976874	-0.1082036088	-0.0340163165	0.0759918596	0.0910473582	0.1903468194	-0.0133860648	-0.0072428519	0.0426582332	-0.0532701817	-0.0761704763	-0.0483422538	0.0038743441	-0.0841366691	0.010792751	-0.1152873667	-0.0047452242	0.0626856271	-0.0764390934	0.1354031302	0.1257600592	0.0071662534	0.0028945266	-0.0618348382	0.0320676963	0.0303842412	-0.0829895228	-0.0884643905	-0.0076135438	-0.0287371508	0.0148497607	0.0211554634	0.0698606148	0.0690196308	0.0286825613	0.0093368638	-0.1302719929	0.0235682561	-0.0050684204	-0.1287014744	0.0151740128	0.1275100165	0.0111837671277754	-0.0178737747159231	0.0003194718225955	0.0001250766471683	0.1273640127848523	-0.0234571694480507	0.01622159175266	0.0005502387985145	-0.1180611505264579	0.029645489488864	0.0139384352636309	0.0008788550470343	0.0022749695644024	-0.0003060399908132	9.36604759770045e-08	5.175486518957247e-06	-0.0004231677540167	-1.966256621999964e-07	1.790709480395383e-07	3.8661651035587095e-14	-0.0001475185040876	-0.0001705643334649	2.9092191850352345e-08	2.1761709048243258e-08	0.0	0.0	0.0	0.0	0.0
833.6682730209538	1.634201033462773	2.6706130177707954	695002.7894417397	1025.002983629211	-10.851685831369425	117.75908538274388	1050631.1164487847	780.0131663848917	1.9561919160826164	3.826686812546978	608420.5397337849	813.8291559665985	730.5195947489789	0.90578	20.719328	0.0701142453590414	0.0379884314000123	-0.0011456814	-0.1512984801	-0.0299591843	-0.1212683177	-0.114435312	-0.0231848429	0.033879747	0.0369973958	0.0948748866	-0.0286597631	0.0935325019	0.1323351909	-0.1043871671	-0.0145687318	0.0388047531	0.0684260481	0.131709421	0.0163611722	0.0312964637	0.0793967956	0.0006218542	-0.1187009538	0.1647265054	-0.0419585193	-0.0139272941	0.0098822301	0.0517388645	-0.2245614834	0.1425220692	0.0279267651	-0.0798541299	0.0582051652	0.1308287098	0.0443412299	-0.1947181874	-0.0145282718	0.0325988849	0.0574857006	-0.0999639745	0.1596023704	-0.0529976271	-0.0094235922	0.1145850638	-0.0459177385	-0.095844055	0.0897815376	-0.2181750602	-0.2652988632	-0.0528858428	0.051546301	0.1097586252	-0.091984038	-0.0516931349	0.0744465079	-0.1113985926	0.0235521541	-0.0744645185	0.0849346196	0.1796329831	0.1604133982	0.0599671806	-0.0671313961	0.0005958443	-0.0220263808	0.1558766338	-0.1058505879	-0.0757621396	0.1121412649	-0.0500121979	-0.2196026956	0.1285053387	0.0942401593	0.1365766066	0.1279186807	-0.0401106071	-0.0413633683	-0.0658709133	0.0812360473	-0.2847951488	-0.0135564331	-0.0235071789	0.000840033	-0.1362141205	0.0266055941	0.0727107293	-0.0881931959	0.0800622932	0.1594829674	0.0278073243	0.0628702083	-0.0008936024	0.020718448	0.0069346305	-0.0891511273	-0.0957756144	0.0518279821	-0.0703188747	0.141254537	0.0302612943	0.0612824809	0.1713803429	0.0763754902	-0.0617525435	-0.1035792222	-0.0538180118	-0.0084435077	-0.1279949812	0.0251860523	0.124700488	0.0146074809511134	0.003423713823338	1.1721816344115707e-05	0.0002133784997371	0.104986961702906	-0.0223770510819462	0.0110222621276074	0.000500732415124	-0.147680914198645	-0.0296197636721871	0.0218096524185475	0.0008773303999962	0.0021729343681537	-0.0001020351962487	1.0411181273510793e-08	4.721643768303519e-06	-0.0004148597304438	8.308023572899982e-06	1.721085959439024e-07	6.902325568786177e-11	-0.0003310496198974	-0.0001835311158098	3.3683670470390225e-08	1.0959385083421303e-07	0.0	0.0	0.0	0.0	0.0
832.5109865622313	-1.157286458722524	1.33931194754252	693074.5427468197	1033.5600126282245	8.557028999013482	73.22274528995769	1068246.2997040555	778.9871097207855	-1.0260566641062496	1.0527922779568453	606820.9171111431	814.9634721929377	735.8634987855787	1.014459	23.205311	0.0457124846372871	0.0220171284773792	0.0337537874	-0.1900671048	-0.0129740988	-0.0498130582	0.0012491241	0.1220242146	0.025898382	0.1157792696	-0.086646169	0.170664248	-0.0553936538	0.1766816677	-0.0792142704	0.1068324697	0.1250110282	-0.1539093951	0.0020685141	-0.1618562729	-0.0114214168	0.1299359891	-0.0831468211	-0.0175172954	0.0561157829	0.0134824706	-0.0608016029	-0.1366333471	-0.0356311918	-0.0731511614	0.0344594163	0.0742525572	0.0936461558	-0.1257754629	-0.0343980547	0.1296625652	0.1485391759	-0.013246561	0.1475741773	-0.0370974223	0.0800850129	-0.1465620697	-0.0360650416	-0.006931645	-0.0205055971	-0.041116548	0.1294327309	0.1157784716	-0.1112465233	0.0038720264	0.037027704	0.0049325111	-0.0210037476	-0.1590193068	0.0975469553	0.0686784461	0.0242754027	0.0545866685	-0.1793332903	-0.0487630002	0.0317087924	0.1420020086	0.1072719235	-0.0096653781	-0.0509393604	0.0775531487	-0.0388687072	-0.1081234969	-0.016856211	-0.0728211759	-0.1470574998	-0.0385365671	-0.0122316883	-0.1163570149	0.0056366633	-0.0390379962	0.1537358668	0.0133951177	-0.1245372941	0.1484788341	-0.0310879814	-0.100193785	0.0337196566	0.0234546813	-0.1445691562	0.0098935288	0.0550798533	-0.030117248	0.1564903163	-0.0062114261	-0.0088918255	0.0329123503	-0.0329051443	0.0293132595	-0.1566675456	-0.0157747556	-0.0399980444	-0.0453158261	0.1040662022	-0.0159157932	0.0137062674	0.0687604873	0.1019871903	-0.0286564975	-0.0236487828	-0.0723821193	-0.0446305728	-0.0118128082	-0.1269376627	0.0350428114	0.1205247148	0.0115177473149543	-0.0030897336361591	9.546453942412934e-06	0.0001326585032111	0.1167092108613729	0.0117222491584668	0.0136210398998844	0.0001374111253331	-0.1395504048144289	0.0081305093842161	0.0194743154838709	6.610518284682625e-05	0.002483400188921	0.0003104658207673	9.638902586471341e-08	6.167276498332859e-06	-0.0005089749677336	-9.411523728979998e-05	2.590555177794192e-07	8.857677890115358e-09	-0.0003818684110092	-5.081879111179999e-05	2.582549530064761e-09	1.458234833266913e-07	0.0	0.0	0.0	0.0	0.0
832.2832048673525	-0.2277816948787858	0.0518845005218523	692695.3331042716	1033.3519599851495	-0.2080526430750069	0.0432859022904962	1067816.27320515	778.521202640257	-0.4659070805284955	0.217069407686586	606095.2629604321	815.1936671674744	727.0705794046013	1.050194	24.02273	0.0902048104256236	0.049593432020211	0.0608326871	-0.1008148916	0.0835734969	-0.0564640304	0.2091628635	0.0823124027	-0.0344612801	0.0689143085	-0.191244141	0.1587856739	0.000237815	0.0745108466	0.0702508989	-0.0434576089	0.0819051971	-0.0070018855	0.0152862003	-0.1326274952	-0.091769453	0.0142926782	-0.1369737948	0.0018842208	0.0009671171	0.0401149412	0.0181277513	-0.226762931	0.0175879797	-0.0243159159	0.112696717	-0.0546576925	-0.1034692041	0.0454007307	-0.0678083452	-0.0420765351	-0.0367520631	-0.0813542746	-0.0760349959	-0.0313066554	0.0215978247	-0.0381977542	0.1074136509	0.0380913219	0.0875272326	-0.2054763527	-0.0892062397	0.0423596672	0.000561086	-0.0643082656	-0.10594332	0.060972529	0.009420195	0.1113841267	0.1422407462	0.0268978969	0.0579376575	-0.0916951667	-0.1235039498	-0.0321939817	0.0386991196	-0.0390906165	0.2294214955	0.0338243668	0.010943413	-0.1035251826	-0.0805230867	-0.0552501593	0.058968551	-0.1669431134	-0.1403573737	-0.0593652614	0.0367741031	0.0621300672	0.0113131073	-0.0632506692	0.029615823	-0.0104160493	0.0015648218	-0.019573322	-0.1119570006	0.1472456081	0.0441265199	-0.0144258486	-0.1453560887	0.1178517546	-0.0997184072	0.0701589358	0.0492133082	-0.0895708599	0.1566232784	0.0222148006	0.022312116	-0.0649203203	-0.2031042694	0.0789503186	-0.2032179736	-0.0238768484	0.0673323277	0.0090795141	-0.0043005576	0.0986301545	0.0738338602	0.1958734585	0.0483206594	0.0387071535	-0.1009771924	-0.0151740128	-0.1255324169	0.0446835199	0.1150284477	0.0067649811820018	-0.0047527661329525	2.258878591454027e-05	4.576497039283847e-05	0.1487991935737369	0.0320899827123639	0.0221412000081944	0.0010297669904798	-0.147671851252781	-0.0081214464383521	0.0218069756524234	6.595789225102215e-05	0.0017408945223246	-0.0007425056665964	5.513146649277645e-07	3.030713737859797e-06	-0.0004419159185984	6.705904913519999e-05	1.952896791106677e-07	4.496916070917166e-09	-0.0004771159981167	-9.52475871075e-05	9.0721028498008e-09	2.276396756588949e-07	0.0	0.0	0.0	0.0	0.0
832.6125992843864	0.3293944170338818	0.1085006819730908	693243.7404871022	1026.3786436348908	-6.973316350258756	48.6271409207861	1053453.1201097982	777.6698035037879	-0.8513991364691265	0.7248804895803742	604770.32328162	814.6720034754309	727.2003775381489	1.049722	24.011944	0.0579725181434921	0.0350808198482692	-0.0190754555	0.0122582681	0.1033360256	-0.2057715849	0.0780668219	-0.0409252651	-0.0724986915	-0.0551345201	-0.1125509437	-0.0428731813	0.0719699968	0.2013309332	-0.0287949647	-0.0079856157	0.0276361043	-0.019428583	-0.0120980951	-0.0739897232	-0.1044494264	-0.0603793591	-0.0467787149	0.1232709955	0.085459388	-0.0973384326	-0.0331355345	-0.1670389228	-0.0644798483	-0.0346280335	-0.0844122203	0.0016950298	-0.1088327162	-0.111689832	0.0252177183	0.0339054934	-0.0049302014	-0.0715885581	-0.0607391072	0.1597055736	0.1898833371	0.0119194537	0.0831130725	-0.047257023	-0.05641838	0.1372291439	0.1139862809	-0.0608728731	-0.0247135029	-0.0709798635	0.0726024936	-0.1046074542	-0.041161208	0.0352377863	0.0280586784	-0.0382690826	0.0018544876	-0.2091178299	0.00354602	-0.0496957287	-0.0536797141	0.0894120264	0.2068808962	-0.0653456635	-0.0742541184	0.0053355193	-0.0496418597	-0.1106646095	0.1014934347	-0.128270529	-0.0233688824	-0.0246493622	0.1335280987	-0.0141814455	-0.1086073397	0.0534272251	0.0469003595	-0.0644054389	0.1458852887	0.0406243296	0.1226378204	0.0396436604	-0.0160280282	-0.0425078743	-0.0790594996	0.1392044821	-0.1015696702	-0.1780905017	-0.0789908198	-0.046276934	0.0850159304	-0.0083542803	0.0862822168	-0.0257169185	-0.1554751578	-0.067578647	-0.1329349178	-0.0632583697	0.0805218765	-0.0363101079	-0.1355408315	0.0514076595	0.0096701742	0.0890541576	-0.0346443457	0.064495831	-0.0869030767	-0.0185248178	-0.1237830955	0.0540487397	0.1082719048	0.0071193667089062	0.0003543855269043	1.2558910167930914e-07	5.068538233588189e-05	0.1506250778738689	0.001825884300132	0.022687914084509	3.333853477468532e-06	-0.1260006138283103	0.0216712374244707	0.0158761546851109	0.0004696425315077	0.0012443540553173	-0.0004965404670073	2.465524353758276e-07	1.54841701498461e-06	-0.0006217934999102	-0.0001798775813117	3.8662715653057595e-07	3.2355944258583215e-08	-0.0004711138285961	6.002169520599992e-06	3.6026038954019536e-11	2.219482394944755e-07	0.0	0.0	0.0	0.0	0.0
831.751709805588	-0.8608894787984127	0.7411306947058027	691810.906764519	1030.0454510460215	3.666807411130776	13.445476590323585	1060993.631220602	777.929299737782	0.2594962339941276	0.067338295457135	605173.9953905159	813.6952077429485	724.5390810102996	0.950468	21.741547	0.0851363840948162	0.0373342792738866	-0.0612064426	0.001798905	0.0392419845	-0.2474454891	0.0241816333	-0.0392181384	-0.0548343664	-0.048435791	-0.036595814	-0.1112400279	-0.0231013477	0.2589798313	-0.0095020503	-0.0465867242	-0.0053575883	-0.1231321852	0.0817415905	0.0073501696	-0.1023277737	-0.1342350764	0.0029757974	0.1792624819	0.2459592452	-0.0437201244	-0.011432444	-0.1064820288	0.0847930421	0.2135553507	0.0089089169	-0.0105496298	0.0753113978	0.0439884516	-0.081374937	0.0765071626	-0.0147897905	-0.2084373712	-0.2219031256	-0.0310966996	0.0394606617	-0.0211022288	0.0699503388	-0.0165921385	0.007172183	0.0111822984	-0.0730737276	-0.0010303978	0.1108107015	0.0309987231	0.042575259	0.0460318867	-0.0070345394	0.0360334041	-0.0352792149	0.0168128272	-0.0486341422	-0.2285543992	0.0655287145	-0.0264006719	-0.15787649	0.1436247407	0.0857914586	-0.0127144119	-0.0809390746	0.0897823942	-0.085060011	-0.0134245543	0.0901351936	-0.1741990365	0.0010323522	-0.0531797245	0.009443245	-0.0488924534	0.1917751418	-0.0648612003	-0.0267651906	-0.1655114637	0.0155233305	0.0213295583	0.0862256752	0.1618404084	0.0671247331	-0.0659734468	-0.1035009172	0.1600763064	0.0079533503	-0.2151742564	-0.0278118435	-0.0942029533	0.0549579526	-0.067434428	0.0683515454	0.0599186405	-0.1344926801	0.177640923	-0.0792331367	0.1003060363	0.1168993557	-0.0057958476	-0.0511183606	-0.0574091106	-0.0550060534	0.0805041849	0.029423146	0.0147152115	-0.0113538011	-0.0218629269	-0.1216944932	0.063080731	0.1003291122	-0.0041750371237867	-0.0112944038326928	0.0001275635579359	1.743093498499712e-05	0.1638933865861958	0.0132683087123268	0.0268610421666922	0.0001760480160856	-0.1477047594607867	-0.0217041456324764	0.0218166959673688	0.0004710699376357	0.0015888801548896	0.0003445260995723	1.1869823328650239e-07	2.5245401466019997e-06	-0.0003720201561399	0.0002497733437703	1.3839899657435558e-07	6.238672325819646e-08	-0.0006542049035999	-0.0001830910750038	3.3522341746047125e-08	4.2798405589415444e-07	0.0	0.0	0.0	0.0	0.0
831.8985278955355	0.1468180899474873	0.0215555515358284	692055.160714759	1031.625428444098	1.5799773980763805	2.4963285784322085	1064251.024612469	779.2016787723747	1.2723790345927457	1.618948407671167	607155.256201687	813.1278831229722	717.4924350103877	1.096185	25.074759	0.1480255582250968	0.1131893487787171	-0.1189981821	0.1174382379	0.002054748	-0.1351573584	-0.0392321219	0.0311647774	0.0040894527	-0.1482769959	0.0348790101	-0.0113920684	-0.0865066248	0.1149338052	-0.0047509831	0.0373444587	0.020862645	-0.0460301127	0.0886303978	0.0716255268	0.0421253018	-0.0137634392	-0.0294102085	0.0382294103	0.0950219525	0.0369147154	-0.0378536649	0.0064993193	0.0340719016	0.0334939413	-0.0440345495	0.0003555086	-0.139582393	0.0086466274	-0.0956982038	-0.0846976497	-0.0877277641	-0.0064853712	-0.0277618206	0.0001986588	0.0550075826	0.1715661002	0.0612444228	0.1115582983	-0.0536470026	0.0045714785	-0.0372343086	0.147923447	0.0678383179	0.1363481214	0.1013575567	0.0265942927	0.152353817	-0.084648372	-0.151461332	-0.021402606	-0.006860625	-0.059300745	-0.0097065265	-0.0223436208	-0.1170391804	0.0516826743	0.0030503769	0.0144400934	-0.0630528571	-0.0375644511	-0.0030393765	0.0325152596	0.0143204874	-0.0944989257	-0.0767398029	-0.0308824881	-0.1385223949	0.1192353408	0.0160674411	0.0827021538	0.0428291903	0.0479868906	-0.0111611832	-0.038178632	0.14374332	-0.0310974445	-0.023520788	-0.0795244659	0.0973800567	0.1225740211	0.0447277854	-0.1322419141	0.038475654	-0.0491068497	-0.0108449222	-0.0445575238	0.0096137292	0.0777733875	-0.0498667629	0.1350955633	-0.1335378174	-0.0634273061	-0.0711950385	-0.056602347	0.1593251717	-0.0912736932	-0.1540484633	-0.0329289364	-0.1128937088	0.1254172144	-0.0865386033	-0.0251860523	-0.1192723348	0.0717238087	0.0912870929	-0.0038863672767206	0.0002886698470661	8.33302806051656e-08	1.5103850609564692e-05	0.1693268604981881	0.0054334739119923	0.0286715856861728	2.9522638752301008e-05	-0.0346332361316683	0.1130715233291184	0.0011994610449518	0.0127851693879673	0.0019148768116082	0.0003259966567185	1.0627382019170469e-07	3.6667532036347855e-06	-0.0004879891980056	-0.0001159690418657	2.381334573701487e-07	1.3448818671248488e-08	-0.0005115327794458	0.0001426721241541	2.0355335010642933e-08	2.616657844475455e-07	0.0	0.0	0.0	0.0	0.0
832.9883418499332	1.089813954397755	1.187694455200072	693869.5776579012	1036.5547237869137	4.929295342815749	24.297952576705036	1074445.695404965	778.1596909675045	-1.0419878048702458	1.0857385854983137	605532.5046466421	812.4060231778905	719.2875409811123	0.981802	22.45829	0.124688954675805	0.0775887923085823	-0.1517585683	0.1824558352	-0.0327668293	-0.0553204959	-0.1084529046	0.1643339505	0.0056637567	-0.2359458666	0.0666161162	0.0869232353	-0.0695725171	0.0411361631	0.0005629791	-0.004840268	-0.0998337704	-0.0679998916	0.0370883683	0.2105059467	0.1051901292	0.0148155264	0.0361009724	-0.0936211887	0.0788331267	-0.042599143	0.0641536379	0.1200793028	0.0474507778	0.1180984716	-0.1547966611	0.138987898	0.0127083386	0.1696950098	-0.1751726053	0.0253180241	-0.002161777	0.0065566256	-0.0170107747	0.0887075531	0.0498123516	0.0807014124	-0.1345318963	-0.0534014768	-0.0076318974	0.0451377657	-0.1538194056	0.1173592913	-0.1181868595	0.080141293	-0.0813147235	0.1307049447	-0.1585577773	-0.2411259997	-0.2449884711	-0.0610879662	0.0121318087	0.0791886689	-0.038458932	0.0161817421	-0.0803139836	0.0484721908	-0.0928990926	0.0859494202	0.0079357123	-0.0724321424	0.0519716878	0.1216703291	-0.0169031398	-0.0085473153	-0.0274672757	-0.0678281149	-0.2668287991	-0.09799203	0.0115466516	0.0513799275	-0.0609507428	0.0671047426	0.0215783728	0.0524814	0.1265375759	0.050675319	-0.044358196	-0.0779229945	0.2225934389	0.0162571906	0.082753407	-0.0853071377	0.0637567161	-0.0824391769	-0.0383121611	-0.0014696057	-0.0581505422	0.0476474751	-0.0103286645	0.1036350045	-0.0217584055	-0.1575941819	-0.1907453242	0.0923335626	0.1025653034	-0.092002898	-0.1646246337	-0.004167846	-0.0804708244	0.099244275	-0.013980197	-0.0284919163	-0.1165232592	0.0799246852	0.0812449131	0.0035720764741427	0.0074584437508633	5.562838318479181e-05	1.2759730337123742e-05	0.1387713439844589	-0.0305555165137292	0.019257485911253	0.0009336395894207	0.0340767554621592	0.0687099915938275	0.0011612252628277	0.0047210629448238	0.001676895382256	-0.0002379814293522	5.663516071651618e-08	2.811978123031496e-06	-0.0005108470259149	-2.2857827909300024e-05	2.6096468388609855e-07	5.224802967311751e-10	-0.0004130719803596	9.846079908619996e-05	9.694528956693036e-09	1.706284609582018e-07	0.0	0.0	0.0	0.0	0.0
832.2842814803821	-0.7040603695511436	0.4957010039724929	692697.125199316	1034.2257989615448	-2.3289248253688584	5.423890842219367	1069623.0032376456	778.5380940594378	0.3784030919332508	0.1431888999846443	606121.563901702	813.7560929963083	726.5523090417846	0.993467	22.725126	0.0687842596779546	0.0335280925299972	-0.184766329	0.0797758848	-0.0994142379	-0.0301383465	0.0264955491	0.1795187836	0.0938715169	-0.1663156409	0.0049708438	0.0393976231	-0.0966181124	0.0297226558	0.027563718	-0.0747481171	-0.2071796674	-0.077111586	0.0820584492	0.1753640715	0.0770013424	0.031892499	-0.0340814035	-0.0048231802	0.0006464269	-0.0612463598	0.0349064096	-0.0959198912	-0.0372530265	0.1135554524	-0.1807624894	0.0963596026	0.0350037125	0.035379588	-0.0889620544	0.038839083	-0.0803155731	0.1839987492	0.0279389645	-0.1461293125	0.1349260277	0.0416339702	-0.0345504077	-0.0083195401	0.085754046	-0.0735895914	-0.0818339152	-0.0769912669	0.0847206674	0.0386427318	0.1871342245	-0.0134263278	0.0492773229	0.1258617136	-0.1783487549	0.0186632031	0.0672822569	0.0453324273	-0.0029331848	0.0330485741	-0.1021270514	0.0315771583	0.0388558592	0.0457789059	0.1142864449	-0.1147323738	-0.0051861613	0.0383889596	-0.0545016961	-0.0241225799	0.0697518564	0.0309778017	0.0173620932	-0.0280229863	0.0145214882	0.129377079	-0.096810392	0.1292647572	0.0672070682	0.103694455	0.1056552885	0.0444118606	0.005018018	-0.1023434287	0.1549273879	0.0393741939	0.1320048304	0.0209648385	-0.0088545317	-0.0962650644	0.0533728069	0.0491442476	-0.0887462234	0.0939841936	0.0047192189	-0.1043221556	-0.0358908749	-0.0624525101	-0.0623402846	0.1015404817	-0.0126223289	0.0565569799	-0.0845577269	-0.0737603929	-0.2945539808	0.0116042086	0.0619656738	-0.0317782535	-0.1134548014	0.0876327994	0.0703125971	0.0081655275583756	0.0045934510842329	2.1099792863240407e-05	6.667584030659138e-05	0.1259889224129864	-0.0127824215714724	0.0158732085707855	0.0001633903012308	0.01611923248727	-0.0179575229748892	0.0002598296559786	0.0003224726313936	0.0012593432281014	-0.0004175521541545	1.7434980143914681e-07	1.5859453661648548e-06	-0.0007622606201238	-0.0002514135942089	5.810412529915202e-07	6.320879535303743e-08	-0.0004130204477759	5.1532583700004537e-08	2.6556071827979724e-15	1.7058589028100494e-07	0.0	0.0	0.0	0.0	0.0
830.786637900525	-1.49764357985714	2.24293629228731	690206.437714058	1032.8287827357774	-1.397016225767402	1.9516543350573965	1066735.2944474677	779.107873084831	0.5697790253932453	0.3246481377780765	607009.0779027691	813.8828559171399	719.7699463067578	0.956867	21.887915	0.0404867406911502	0.0220548246195359	-0.1815814181	0.0902247817	-0.1382519873	0.1081466096	0.0410071733	0.0851502913	0.1761302583	-0.1535442376	-0.0277788339	-0.021083699	-0.1628626954	-0.0807892558	0.0016640184	-0.0185685001	-0.0937166611	0.0686027644	0.1292883065	0.1420251884	0.0568082735	0.1475864727	-0.0449531198	-0.0944476272	-0.1055018826	-0.1217767251	0.0682830862	-0.0460048858	0.0681063549	-0.0450508838	0.0304255847	0.0866185186	0.1286132292	-0.0756060915	0.0919786187	-0.2280438243	0.0114719917	-0.0235651315	-0.0995761517	0.0191537045	0.0810402006	-0.1722853635	-0.0087868562	-0.0400797863	-0.0568921666	-0.0265963515	0.1232684964	0.0828989423	0.0790192249	0.0528310406	0.1326404065	-0.0046541942	-0.0637241096	0.1023935703	-0.1588096513	0.1002152413	0.0867080473	0.1162360848	-0.0025779665	0.0661499699	-0.1123289055	-0.0733056922	0.0351324048	0.0393102799	0.1170006822	0.0077535706	-0.052261769	-0.0340675886	0.0211165222	0.0250907059	-0.0292310474	0.0680392215	-0.1549303681	-0.084410168	-0.1565954527	0.1349244123	-0.0193341385	-0.0134767827	0.0940365855	0.0414103842	0.0636436046	0.0207056584	0.0872721546	-0.1190797138	0.1768754812	-0.0439137904	0.148095709	0.0660041536	-0.0938813512	-0.0669458391	0.088840447	-0.0236621755	-0.0627523859	0.0323977522	-0.0928780868	-0.1344324288	0.064503697	-0.1537113002	-0.0551863671	0.0006587144	0.0042118097	0.0232592196	-0.0691664475	-0.1060012686	-0.0610367636	-0.0145647652	-0.0611775039	-0.0350428114	-0.1100753719	0.0948006283	0.0586099215	0.0138081724590932	0.0056426449007176	3.1839441475594334e-05	0.00019066562666	0.1350088721379876	0.0090199497250011	0.0182273955559714	8.135949304154918e-05	0.0264304338374614	0.0103112013501914	0.0006985678328364	0.0001063208732841	0.0012594071608959	6.393279450007777e-08	4.087402212589173e-15	1.5861063969158714e-06	-0.0004522606845529	0.0003099999355709	2.045397267922577e-07	9.609996005396217e-08	-0.0004132154737153	-1.950259393999681e-07	3.8035117038840037e-14	1.7074702771775976e-07	0.0	0.0	0.0	0.0	0.0
829.7850628824458	-1.0015750180791656	1.0031525168402808	688543.2505828246	1030.796144217499	-2.032638518278418	4.131619345989082	1062540.690933663	778.5949162419134	-0.5129568429175606	0.2631247226959509	606210.0435977522	814.0140495720646	711.6654443443088	0.89219	20.408459	0.0282626149541685	0.019696854438108	-0.1424342866	0.0769116886	-0.1429259583	0.1182052898	0.023310978	-0.0396623511	0.1269999593	-0.1104093223	0.0271995699	-0.075152681	-0.200621254	-0.0668455876	0.0483518093	-0.0289353326	-0.0202981374	0.1161813419	0.1040197992	0.1414938925	0.0465824991	0.0816536251	0.1150429394	0.024276712	-0.0571374792	0.0885668817	0.0029752495	0.0365774319	0.1876552692	0.0276625245	-0.1403227313	0.0017171608	-0.110376922	-0.0172880574	0.0238382874	0.0411796021	0.1384162138	0.0397047568	0.0014978239	0.0989354488	-0.1173866899	-0.1208279058	0.1311619154	0.064270051	-0.006257731	-0.1099576705	0.159395896	-0.0771654215	0.1450257607	-0.0871173253	-0.0745648398	0.0452376777	-0.0906791237	0.0563241362	-0.1402056331	0.1112972429	0.0566582529	0.1074936732	0.0770303122	0.0329136498	-0.1434121104	-0.0856055975	0.0236703685	-0.0031670308	0.1041482818	0.0019236199	-0.0328480626	-0.1412951554	0.0416813396	-0.0288275953	-0.076490755	0.1360863876	-0.0741926351	-0.0179647051	0.0443316051	-0.045672702	-0.0390990649	0.0110385698	0.0395394381	-0.0048193738	-0.0962216398	-0.0332141554	-0.1334376545	-0.1020453931	0.1345251485	-0.076658714	0.1213282277	0.0532298544	-0.1145107216	-0.0149255284	0.1249389999	-0.0589510067	-0.0832568485	-0.0040987047	-0.0443308014	-0.1420550593	0.0754000979	-0.1427573923	-0.0133192159	-0.0754855503	0.0100937899	0.0886490128	-0.0240188326	-0.1265941671	-0.029213044	-0.13238019	0.0556263746	-0.0382833527	-0.1063942335	0.1013839798	0.0462651033	0.0171770214633113	0.0033688490042181	1.1349143613221285e-05	0.000295050066351	0.1279922543003522	-0.0070166178376354	0.016382017160886	4.92329258794234e-05	0.0261930028274264	-0.0002374310100349	0.0006860733971175	5.637348452623879e-08	0.0012593343690677	-7.279182820006323e-08	5.298650252707519e-15	1.585923053115142e-06	-0.0008047606391092	-0.0003524999545563	6.47639686259448e-07	1.2425621796219358e-07	-0.0004129938780542	2.215956610999905e-07	4.910463701834184e-14	1.705639433102474e-07	0.0	0.0	0.0	0.0	0.0
830.9700644997853	1.1850016173394806	1.4042288330971848	690511.2480947773	1033.2940833982357	2.4979391807366937	6.2397001506595045	1067696.6627858	778.6124034776046	0.0174872356911919	0.0003058034121192	606237.2748491722	814.6362386130761	711.0931389950728	0.89783	20.537472	0.047413946671286	0.0292392422863938	-0.1234698428	0.0295968242	-0.1012675711	0.1235654413	-0.0512906908	-0.0843570191	0.1121337553	-0.0728480878	0.0560769032	0.0069395996	-0.072925121	-0.0265272713	0.0314551169	0.0201125239	0.0312680746	0.1282337633	0.1164073156	0.0807570269	0.0394264592	0.0890183307	0.1606904791	0.002595625	-0.0616587264	-0.0676798154	-0.1154869414	-0.042588476	-0.0437104107	0.0863956847	-0.0473319949	-0.049035784	0.0355117077	-0.0947949091	0.0018331933	0.1961728375	-0.137791877	0.1693530329	-0.0923708584	-0.0653762045	-0.0126257992	0.0722433008	0.0289257768	0.0725506503	-0.0497337236	0.0904485537	0.0077411757	-0.0930795098	0.1317622143	0.0697536775	-0.030340581	-0.2658531059	-0.1001513124	-0.0515437228	-0.1284705492	0.1360987331	-0.0273468454	0.0898030002	0.0510359809	0.0030319677	-0.064304926	-0.1245438232	0.0427080637	-0.1263356173	0.0564575915	0.024018276	-0.0531044688	0.0244138668	-0.0242450693	0.0105958326	-0.0388510014	0.1219853661	-0.0075409173	-0.0318939525	0.1609254744	-0.0349199425	0.0431356703	0.0337653915	0.0484205744	-0.0296459795	0.0354149811	0.0260710054	0.1645565237	-0.1014495143	0.090858463	-0.1511931158	0.0918791982	-0.0023974343	-0.1574811219	0.1005859761	0.1239211972	-0.0039682439	0.010477086	-0.0717521467	-0.0927395754	0.0376221241	0.0586482103	-0.0641676789	0.0225940654	-0.0191180384	0.1244868643	0.0464844603	-0.0528471353	-0.1185397844	0.1311864168	-0.0415000072	0.0931021905	-0.0414976565	-0.1024214758	0.1073422654	0.033413395	0.0169992791065851	-0.0001777423567261	3.159234537458329e-08	0.0002889754901435	0.1330876641474532	0.005095409847101	0.0177123263482253	2.5963201509934077e-05	0.0045443077338376	-0.0216486950935888	2.0650732779816224e-05	0.0004686659992551	0.0012599187266138	5.8435754610002e-07	3.41473741684037e-13	1.5873951976721394e-06	-0.0003957603687936	0.0004090002703156	1.5662626950764629e-07	1.672812211182339e-07	-0.0004132512376699	-2.573596156999923e-07	6.62339717932477e-14	1.7077658543570416e-07	0.0	0.0	0.0	0.0	0.0
831.1751258588798	0.2050613590945431	0.0420501609937011	690852.0898465248	1032.7918070958665	-0.5022763023691823	0.2522814839216582	1066658.9168043456	778.8069473688781	0.1945438912734971	0.0378473256318342	606540.2612700305	816.6175321153373	720.580081374809	0.968869	22.162447	0.10445639271922	0.0656046578472054	-0.0458743554	-0.0658205593	-0.0709084388	0.0485227069	-0.1086744989	-0.097790364	0.0988237614	0.0421692836	0.0858405663	0.0292011611	-0.1201283983	0.0437152775	-0.1077251186	-0.0511525227	0.0586163366	0.2159313268	0.0471293009	0.0198018991	-0.0985395989	-0.003425271	0.0660648914	0.0709678912	0.0099114148	-0.1199509758	-0.124951599	-0.0485757618	-0.1194558932	0.0809273482	-0.0610434436	-0.0704763187	0.03240995	0.0488202338	0.1806733898	0.1620420015	0.1739721976	0.0400556319	0.0358296378	0.0016319067	-0.0091979624	0.0592923651	0.0740516861	0.0045756454	-0.0376339846	-0.1279881541	0.0060879971	-0.0387090643	-0.0128361754	-0.0553101057	0.0044593951	0.2071745806	0.0545650969	-0.0993174073	0.0046746011	0.1337819005	-0.045706227	0.0509754742	0.1308219723	0.129036322	-0.0688781342	-0.1072827831	0.1218061627	-0.1155297495	-0.0207740091	0.0927120878	-0.028431066	0.1094901934	0.0368640593	-0.0121462046	0.0605753855	0.0459035238	0.0527605842	-0.029528379	0.1329611448	-0.108337242	0.105935518	-0.0021931912	0.0795193755	0.0002260186	0.0288689266	-0.1218845619	0.091476235	-0.062903366	-0.0121863565	-0.1242771512	0.0439580505	-0.0484227316	-0.0994902853	0.1514451424	0.1530627272	-0.005454809	0.0250229071	-0.044615698	0.0447461271	0.0334431855	0.002432254	0.1340333297	0.0413305162	0.0168268369	0.0358626017	0.0036093488	-0.0020433636	-0.0714949616	0.0546424383	-0.1007070905	-0.0342212229	-0.0446835199	-0.098167988	0.1126387502	0.0201956026	0.0168343478683823	-0.0001649312382028	2.7202313335109198e-08	0.0002833952681537	0.1587476406482437	0.0256599765007904	0.0252008134113839	0.0006584343940211	-0.0469762473006341	-0.0515205550344717	0.0022067678104503	0.00265436759106	0.0018019180870204	0.0005419993604066	2.937633066811635e-07	3.246908792331258e-06	-0.0003958722914298	-1.1192263620003795e-07	1.5671487112188054e-07	1.2526676493966042e-14	-0.0004131439217976	1.0731587230000023e-07	1.1516696447509954e-14	1.7068790011830145e-07	0.0	0.0	0.0	0.0	0.0
832.8437164178586	1.668590558978735	2.7841944535129683	693628.6559767104	1035.8397533637433	3.047946267876796	9.289976451864089	1072963.9946486603	780.241875649755	1.4349282808768749	2.0590191712602635	608777.3845174478	816.5308466299177	716.2257376440289	0.950703	21.746922	0.0634280424649978	0.0344134347197726	-0.0463826753	-0.0259236244	-0.0462738401	0.0386116846	-0.1298101345	-0.1390053806	0.0500518021	-0.0148185978	0.1618902848	0.0033698863	0.0525639166	-0.0294279102	0.0358575389	0.0611484068	0.0116513592	0.1373526677	0.0623576913	0.0377265106	-0.0307760364	-0.0814269956	0.0714260889	-0.0075524099	0.0483459214	-0.1372447617	-0.0456967121	-0.0051804676	-0.0564659399	-0.0344556501	0.0239628551	-0.0433401755	0.153416051	-0.1166798476	0.0664511271	-0.1685584987	-0.0472675987	0.1083822204	0.0835140436	-0.0239247985	-0.0901366377	-0.0977626796	0.006664117	0.0214112938	-0.0382611269	0.0728931568	-0.0396543886	-0.1527003729	0.1135885218	0.1963220346	-0.0810871933	0.1275192862	-0.0098511154	0.031509784	-0.0756057004	0.0634263591	-0.1175909188	0.037180465	0.0885404784	-0.0096665795	0.0345855662	-0.1351562602	0.0913907206	-0.0979909508	-0.0679112018	0.0410672244	0.0976927059	0.0785700276	0.0050372515	0.0701025081	0.0356099539	0.1772489638	0.0525387196	0.029817547	0.0985192076	0.0327858091	0.0363113839	0.0147439715	0.0207366331	-0.1907325757	0.081486908	-0.0057870203	0.1144978828	-0.0471257279	0.0241024952	-0.0811011847	0.0546237613	-0.0425305806	-0.0963231211	0.1460976331	0.1121083265	0.0356812724	0.0722888254	-0.0974648519	0.046147642	0.1088099803	-0.0288181413	0.0959616265	0.0909013509	0.0156284073	0.0754498935	-0.07559148	0.0001367019	-0.0474516486	0.1094606821	-0.0377911818	0.0514141724	-0.0478387595	-0.0936454286	0.1172407796	0.0067565429	0.024168246267493	0.0073338983991107	5.37860657284785e-05	0.0005841041276461	0.1365772471086614	-0.0221703935395823	0.0186533444277803	0.0004915263496999	-0.0226565063020842	0.0243197409985499	0.0005133172778163	0.0005914498022365	0.001993919631683	0.0001920015446625	3.6864593152824377e-08	3.975715497610871e-06	-0.0003959126351618	-4.034373199998231e-08	1.5674681468076057e-07	1.6276167116863965e-15	-0.0004131056196371	3.830216049996492e-08	1.4670554989650733e-15	1.7065625297575237e-07	0.0	0.0	0.0	0.0	0.0
834.2422186976731	1.3985022798145792	1.9558086266465755	695960.0794576163	1041.0099770096708	5.170223645927536	26.731212548908218	1083701.7722336757	781.1179779012526	0.8761022514976275	0.7675551550792122	610145.2954005417	817.8127857870306	724.6482875077029	1.097212	25.098246	0.0969527199984804	0.0563256244518299	-0.063408151	-0.0103498496	0.0321834269	0.1131617277	-0.1918030668	-0.0092606083	0.0218099345	0.0012872204	0.1270275809	0.1283588325	0.0102009016	-0.0369742646	-0.0449843667	0.2394198096	0.0098756204	0.046971953	0.0763406094	-0.0077000429	0.1031679394	0.0682154879	-0.0306346922	-0.1378695978	-0.0178026727	-0.0892051117	-0.0787319944	-0.0411573224	-0.0588696667	-0.2136525847	-0.1043474351	0.1409687463	0.2236192283	-0.0262967849	-0.0979374584	0.0243591355	0.1221759984	0.069342622	0.017641444	0.0891117846	-0.0410375301	-0.0789241336	-0.1361291865	-0.0516485994	0.0648797009	-0.0923488337	0.0194995787	-0.0436064246	0.1343936878	0.0309894974	-0.1526249495	-0.1022831259	-0.0133473804	0.1702669407	-0.0679578298	0.034056815	-0.1276847382	0.1477242751	-0.1066729775	0.0490014834	0.1310432722	0.0092175284	0.0910107756	-0.1637159697	-0.0774071791	-0.073927725	0.0711968837	-0.0842243021	-0.0544243898	0.0525837614	0.0788535449	0.0531913323	-0.0788706273	-0.051097009	-0.1021648288	0.1981015753	-0.0066386413	0.0512011173	-0.0931212128	0.0560929405	0.0952605726	0.0457359755	-0.0951156594	-0.0633558397	0.0819927091	-0.1357914217	0.003774636	-0.0680610866	0.1074152391	0.1863092895	0.0238425722	0.0937080402	0.065916512	0.009867506	0.0285073014	-0.0858594642	-0.1139937598	-0.0077321641	-0.1135277496	0.0312537613	0.0124200861	-0.0747643451	0.1372353931	-0.1305671771	-0.0143311968	0.0858877218	0.0045028904	-0.0509612127	-0.0888661936	0.1211199807	-0.0067565429	0.0234642483535623	-0.0007039979139306	4.95613062818777e-07	0.0005505709507976	0.1707708129017078	0.0341935657930464	0.02916267053911	0.0011691999416433	0.0070354932846541	0.0296919995867383	4.9498165758412936e-05	0.0008816148394588	0.0013469186960109	-0.000647000935672	4.186102107605728e-07	1.8141899736637035e-06	-0.0003957783340324	1.3430112940000273e-07	1.5664048968946198e-07	1.803679335811628e-14	-0.0004132335169309	-1.2789729379996534e-07	1.6357717761354654e-14	1.707619395150804e-07	0.0	0.0	0.0	0.0	0.0
833.1129752111267	-1.129243486546443	1.2751908519075663	694077.2294651354	1038.2501200841475	-2.7598569255233087	7.61681024935897	1077963.311854747	780.6451744511821	-0.4728034500705007	0.2235431023985684	609406.8883939165	817.6235281889103	728.0909398038083	1.093058	25.003233	0.0509852659355508	0.0295539556680842	-0.0385328767	-0.0535377407	0.0331451422	0.0534340227	0.0043487919	0.0896929022	0.0272497718	0.0187975059	-0.129551425	0.1579273019	-0.0006646052	0.0152638974	-0.0849856479	0.2645150915	0.0969553477	-0.0149738108	-0.0152479634	-0.0414363568	0.0692845676	0.1149484997	-0.0742531955	-0.0295625589	0.0450699874	-0.0968847234	-0.0152529624	-0.0298384524	0.057696647	0.005180186	0.0195286408	0.1129239254	0.1228019377	-0.0688016993	-0.1793466725	0.0061350981	0.042974559	0.0757853675	-0.1034846657	-0.0639835856	-0.0911622116	0.0537954337	-0.1531788436	0.1881968935	0.072093546	-0.0175332328	-0.016966148	0.157043944	0.0167669509	-0.0463415388	-0.0186513286	0.0143404219	0.0739258571	-0.0361343692	0.0221299326	0.001041633	0.0600420614	0.0766489586	-0.2346902293	-0.0192362834	0.0663643336	0.022411415	0.0850445805	0.0059906775	-0.1695329641	0.0419176035	-0.0494695917	-0.0242516753	-0.1405172053	0.0290402474	-0.0535852246	0.0248604036	-0.2112094936	-0.0817430028	0.0043931625	0.1163747699	0.0030680801	0.0650941877	-0.1834137719	0.0508297153	0.0147922944	0.0288391207	-0.0426142072	-0.0474587545	0.0543205289	0.0471425986	0.005919245	0.0558544029	0.2005638264	0.0481349639	-0.1072256874	0.1297868614	0.0648116662	0.00288258	-0.1719533567	-0.0563414955	-0.079962928	-0.0480476908	0.1987393913	-0.1044221742	-0.0889895064	-0.1439318075	0.1126008254	-0.1808705323	-0.007741584	0.0877813018	0.0826902844	-0.0540487397	-0.0838433825	0.1242524367	-0.0201956026	0.0243023549910503	0.0008381066374879	7.024227358014386e-07	0.000590604458111	0.1535154706806594	-0.0172553422210484	0.0235669997383044	0.0002977468351654	-0.0073986358384203	-0.0144341291230744	5.473981226955726e-05	0.0002083440835415	0.001715923192273	0.0003690044962621	1.361643182616462e-07	2.9443924017803634e-06	-0.0003958550293019	-7.669526950001724e-08	1.5670120422360814e-07	5.882164363680275e-15	-0.0004131609493837	7.25675471999871e-08	5.266048906622354e-15	1.707019700956403e-07	0.0	0.0	0.0	0.0	0.0
831.6910239169649	-1.4219512941617722	2.0219454829683388	691709.9592640495	1040.2811509124504	2.031030828302846	4.1250862255165455	1082184.8729437324	779.8230934997479	-0.8220809514342591	0.6758170907110567	608124.0571555165	818.0763631668301	720.5820172911345	1.067933	24.428513	0.0594491830274586	0.0419793819525014	-0.0239202888	0.0296672442	0.0589892035	0.1592489679	0.1204381442	0.0938893579	0.0679484613	-0.0138188332	-0.1602291291	0.1289940574	-0.0274257605	-0.1230006052	0.1555494661	0.1150985457	0.0914968021	-0.0941898217	-0.070299513	-0.0814615606	0.1428325326	0.0968462085	0.0976386048	0.0164815637	-0.1409054658	-0.0330021929	0.0831415996	-0.1257380054	-0.0776518517	-0.0560171158	0.0742489662	-0.144121757	-0.0966794905	0.116287932	-0.0307613566	-0.0363574013	-0.0691887872	-0.0646106362	0.2898017949	-0.2840287505	-0.0096000162	0.0214170526	0.1362239441	-0.0425095493	-0.1409176992	-0.0123601598	-0.0409002751	0.0843491303	0.0221644915	0.0247046269	-0.0718023943	-0.0364906748	-0.1579033695	-0.1443649274	0.0455614145	-0.0153599708	0.1086067138	0.0734432886	-0.1733007035	-0.2091654327	0.0295532864	-0.0977160308	0.0869451599	0.0172059312	0.0157611572	0.0625575326	-0.1220126589	0.054338148	0.0324669795	-0.0588475972	-0.102162832	0.0303442592	0.0904166493	-0.027367754	-0.098023111	-0.0371352393	-0.1323274228	0.1582406941	0.0638956561	-0.0931593967	-0.1940841993	-0.1459706735	0.1315918023	-0.0421117479	0.0540612937	-0.1104213956	-0.0509872538	0.0932385992	-0.0288082947	-0.0825780949	-0.0745079751	0.0617983223	0.0557971354	-0.0645747033	-0.1289079646	0.0846380815	-0.081028706	0.0252911162	0.0809224213	0.000231981	-0.010658934	0.0149483999	-0.0024296995	-0.1443204187	-0.0203125175	0.0656194772	0.0776372275	-0.0570992244	-0.0785907625	0.1266188352	-0.033413395	0.0333623400388489	0.0090599850477986	8.208332906633423e-05	0.0011130457328677	0.1128083424904815	-0.0407071281901779	0.0127257221354497	0.0016570702854915	-0.0098529517814824	-0.0024543159430621	9.70806588082172e-05	6.0236667483688055e-06	0.0018604198195711	0.0001444966272981	2.0879275300526022e-08	3.4611619050529647e-06	-0.0003958849783474	-2.994904549997925e-08	1.5672491608112139e-07	8.969453263598275e-16	-0.0004131324487989	2.8500584800018623e-08	8.122833339430525e-16	1.7067842025057572e-07	0.0	0.0	0.0	0.0	0.0
830.8942526905635	-0.7967712264014608	0.6348443872212879	690385.25915421	1029.411900953813	-10.869249958637283	118.1405946633366	1059688.861825343	779.3644288958925	-0.4586646038553681	0.2103732188298017	607408.9130282206	816.1488443064624	710.2804780240361	0.982515	22.474602	0.0743253047554781	0.0409433243988006	0.0131935701	0.0557456859	0.1092417391	0.1316006869	0.0776204787	0.0162137109	-0.0522840522	0.0435007927	-0.0405532649	-0.0831266285	-0.1020800659	-0.0938999171	0.2232841544	0.0223442503	-0.0022487379	0.0318854925	-0.0613843408	-0.0452081674	-0.0304661601	-0.0347087628	0.0790005065	0.0678927845	-0.0729532506	-0.0662518565	-0.0716661143	0.01336345	-0.1277786225	-0.1774658806	0.0526919585	-0.055271626	0.0381599997	0.0733639525	-0.114995625	0.0805166014	0.0618624152	0.0926603397	-0.0398937761	-0.0530525473	0.0786144116	0.0050835662	0.0981557365	-0.0784994287	-0.1832228332	-0.0094922563	0.0816134466	0.2141329821	-0.0950773655	0.0879513673	0.0396832052	0.1646338354	0.0544862805	-0.0846660341	0.0748687224	-0.0625101483	0.0083824781	0.0416334395	0.0077116382	-0.0687110531	-0.1097166757	-0.1819478793	0.05498378	0.0093808861	-0.0145725426	0.0567238142	-0.0087745591	0.0166102817	0.0503093818	-0.112578079	-0.0333061053	-0.2428575963	0.0061137807	0.0814969591	-0.0211692528	0.0079319349	0.083709261	0.1771469068	-0.0003132885	0.0958900767	-0.1779764042	-0.1016909124	0.0769585553	-0.0420295208	0.0283736433	-0.1252208257	-0.1339117525	0.0602984562	-0.0614570583	-0.0754097768	0.0243197052	-0.0190974143	0.0468151909	-0.0630018203	-0.0069378479	0.0627718913	-0.1202234062	0.1266868389	-0.0736005522	-0.0149331615	-0.0551830234	0.0484211855	0.037601528	-0.0334295651	-0.0163712515	-0.0181088448	0.0647437129	-0.0601105761	-0.0731227308	0.1282045865	-0.0462651033	0.02810421825302	-0.0052581217858288	2.764784471460849e-05	0.0007898470836133	0.1489254966048605	0.036117154114379	0.0221788035390043	0.0013044488213218	-0.0066874984180955	0.0031654533633869	4.472263509202982e-05	1.0020094995777438e-05	0.0015829830540631	-0.000277436765508	7.697115885554106e-08	2.505835349450939e-06	-0.0003950753697976	8.096085498000144e-07	1.5608454782071037e-07	6.554660039092824e-13	-9.568731301903366e-05	0.0003174451357798	1.0077141423029777e-07	9.156061872802527e-09	0.0	0.0	0.0	0.0	0.0
831.7893121868436	0.8950594962801688	0.8011315018813094	691873.4598682624	1029.8950641411395	0.4831631873264541	0.2334466655874582	1060683.843142282	780.1830656632134	0.8186367673208679	0.6701661568095608	608685.6159476499	817.2749205502597	710.8277974158499	0.864315	19.770823	0.0526340290843292	0.0302552147795515	0.0145543288	0.0422551942	0.1434613231	0.1442612989	0.0117330353	0.0377808	-0.1427279743	0.0910291274	0.0201818396	-0.0514353055	-0.1143918441	-0.0432401724	0.1720278823	0.0322681636	-0.07709452	0.073761419	-0.0464296888	-0.06798113	0.0201127237	-0.1109738616	0.0971256248	0.039494868	-0.0771746425	0.0569727126	0.045126855	-0.0130009241	0.0588222932	-0.0233413638	-0.0315494706	-0.0236339228	-0.0110631351	0.0873645309	-0.0792602379	0.0304756187	-0.0898570525	0.0151829982	-0.0868267604	-0.0450487799	0.0209464602	0.0765655857	-0.0517796716	-0.0465903706	0.11253277	-0.0796145374	0.0900205898	-0.0703308667	-0.05864191	0.1071907979	0.1437760787	0.0643289397	0.0610069045	0.0243194151	0.0909350898	-0.0826167139	-0.0902012084	0.0267131338	0.0115008581	-0.0337184541	-0.1560268173	-0.1564765976	-0.0219862264	0.0138486337	0.0257944005	-0.0503852264	0.0350845328	-0.0229424837	-4.5929e-06	-0.0111794816	0.0643353336	-0.1315351979	-0.0058629791	0.167261518	0.1039614952	-0.0362090301	-0.0493181282	-0.0463044642	-0.0031803062	0.0768962259	-0.0060529969	-0.0064957875	0.0252816207	-0.0412215441	0.0227489348	-0.1421456022	-0.150698416	0.0435200704	-0.0549613146	-0.0577615322	0.0486890028	-0.0351870985	0.0517854202	-0.0322575995	0.0351266636	0.0243667093	-0.1262642648	0.1375436048	-0.0108969072	0.0129820322	-0.0364298801	0.032166608	0.0652050182	-0.0068994172	-0.0154964425	0.0415155733	0.0805791895	-0.063080731	-0.0674542747	0.1289999139	-0.0586099215	0.0280242226849054	-7.999556811459987e-05	6.399290917977588e-09	0.0007853570570931	0.1491418353614193	0.0002163387565587	0.0222432870549727	4.680245758940695e-08	-0.017238169100068	-0.0105506706819725	0.0002971544739225	0.0001113166518394	0.0016728309739351	8.984791987200007e-05	8.072648705325345e-09	2.7983634673566554e-06	-0.0008243452738925	-0.0004292699040949	6.795451305889009e-07	1.842726505616447e-07	-0.0004123099706058	-0.0003166226575867	1.0024990729730669e-07	1.699995118609557e-07	0.0	0.0	0.0	0.0	0.0
831.7240652725695	-0.0652469142740983	0.0042571598222915	691764.9207535295	1035.969139477438	6.074075336298392	36.894391191028426	1073232.057949623	781.0709719450577	0.8879062818443799	0.7883775653387114	610071.8632151972	819.3503114316746	714.2643294100459	0.854376	19.543478	0.0621959915443554	0.0321677189453454	0.0194556409	0.0257169695	0.1410429062	0.1099982261	0.0193946355	0.0501975876	-0.1639052938	0.076852176	-0.0039738643	0.0452920858	-0.0655936587	-0.0535918428	0.0436972053	-0.0374458661	-0.0947224811	0.1018843043	-0.0374742278	-0.056893725	0.0928281355	-0.1231773899	0.0269931308	0.0551477914	-0.1555561368	-0.1121872883	0.0864242272	0.038362404	0.0474854547	-0.0551768522	0.078123248	-0.0107319828	-0.0658100601	0.232749954	0.0726422999	0.060137555	0.0386640397	-0.0341535965	-0.062368541	0.1122565872	-0.0727342496	0.1158303662	0.0325519199	-0.030953312	0.1322935609	-0.0533072985	0.1154917062	-0.0377185533	0.0822247682	-0.0025444178	0.0285532284	0.0413812365	-0.047877346	0.0391442288	0.0972602488	-0.104487734	-0.0670058289	0.0200042776	-0.0469689042	0.0782517611	-0.104657182	-0.1709845904	-0.0231134215	0.022900309	0.0711404725	0.0189735404	-0.0081769627	0.0513040445	-0.0570585641	0.0262128721	0.1472558131	-0.0578214573	0.0013596	0.1177843059	0.0473417746	-0.0379490149	-0.1702374328	-0.0317011243	0.1621301041	0.0377778615	-0.0311373733	-0.0051569168	-0.0305928442	-0.0464489682	0.0137804476	-0.0978096243	-0.1776899875	0.0810628897	0.005907493	-0.0240933083	0.0886996311	-0.043506448	0.0149067056	-0.017010286	0.0685549037	0.041887245	-0.094806026	0.1829751036	-0.0494834191	-0.0065192401	0.0098976433	-0.090521912	0.0286667864	0.0488912072	-0.0615458053	-0.0526331982	0.0520870495	-0.0660076536	-0.0616009311	0.1289999139	-0.0703125971	0.0230353504753253	-0.0049888722095801	2.4888845923520647e-05	0.000530627371521	0.169297869837024	0.0201560344756046	0.0286617687313539	0.0004062657257817	-0.0299746233523237	-0.0127364542522557	0.0008984780451136	0.0001622172669198	0.0016159200459118	-5.6910928023299993e-05	3.238853728473232e-09	2.611197594779594e-06	-0.0003958340830449	0.0004285111908476	1.5668462129999681e-07	1.836218406816283e-07	-0.0004131804638732	-8.704932673999992e-07	7.577585285887267e-13	1.7071809572647274e-07	0.0	0.0	0.0	0.0	0.0
832.9245249916801	1.2004597191105404	1.4411035372069576	693763.2643326159	1034.23196215669	-1.7371773207478327	3.0177850437206186	1069635.7515464772	781.2320830454469	0.161111100389121	0.0259567866685934	610323.567579528	818.2303476464979	713.8252995616086	0.8832879999999999	20.204821	0.0596534264040055	0.0349907216886057	0.0411583804	0.0209325192	0.1188710513	0.026463185	0.0551290373	0.0512643105	-0.118721044	0.0053901763	-0.0392629209	0.1191196676	-0.0183081103	-0.0687891152	0.0522513662	-0.0928804814	0.0451959089	0.1124976707	0.0076824361	-0.0011169198	-0.0141276333	-0.1826534942	-0.0682313593	-0.0822135123	-0.119046984	-0.1050046818	0.139362771	-0.0363908403	-0.0443573956	-0.0792026564	0.04343147	0.1029435947	-0.0293865267	-0.0587372151	-0.0428835844	-0.0651755637	-0.0527653491	-0.1060134522	0.0162797973	0.0933236054	0.0066839291	0.0541506938	-0.1329118295	-0.0637762453	0.0266120027	-0.0664014375	-0.1181257854	-0.1562938714	-0.0260585697	-0.0141075098	-0.0833355152	-0.0057572818	-0.0196991295	0.0361255402	0.0482945716	-0.1044431304	-0.0221172328	-0.0440704201	-0.0600984669	0.0758125179	0.0915531151	-0.1481767295	0.0382189004	0.0876745529	0.1341685796	0.0259295588	0.0190785641	-0.0247968013	-0.0152765555	0.0328474396	-0.0094754486	0.0062239486	0.0869708274	0.0163003062	0.0386409762	0.1033843096	-0.0225045529	-0.0158767778	0.1021177004	-0.1035092144	0.1999265185	0.0215510515	-0.1246422582	-0.0073656769	-0.016629888	-0.0033679183	-0.1595024801	0.1246949977	0.0549485048	-0.0172187283	0.0486297792	-0.0291954895	0.0097040592	-0.070353524	0.0236745183	0.0243961292	-0.0420331351	0.0816338814	-0.0618530027	-0.0055697618	-0.1043082117	-0.1202065461	0.027678961	0.0294053245	-0.0082325507	-0.0872939957	0.0202937802	-0.0688893378	-0.0555787436	0.1282045865	-0.0812449131	0.0226299989065381	-0.0004053515687871	1.643098943182438e-07	0.0005121168505099	0.1404092333179392	-0.0288886365190847	0.0197147528009314	0.0008345533199317	-0.0407713162859622	-0.0107966929336385	0.0016623002316899	0.0001165685783032	0.0017679654542007	0.0001520454082889	2.3117806181738317e-08	3.125701847247088e-06	-0.0003956545048473	1.7957819760004105e-07	1.5654248720596214e-07	3.2248329053279394e-14	-0.0001741505427098	0.0002390299211634	5.713530321138122e-08	3.032841152611788e-08	0.0	0.0	0.0	0.0	0.0
834.2229606732149	1.2984356815347835	1.6859352190826984	695927.9481143842	1039.7887827975692	5.556820640879096	30.878255634899965	1081160.7128316504	782.4376584179945	1.205575372547628	1.453411978893352	612208.6893106343	819.10316904977	719.3237643850158	0.941906	21.545685	0.0459986028737728	0.0241180050655563	0.0129733679	-0.0303303562	0.0743145878	-0.0017826809	0.081684222	0.0833500502	-0.041724708	0.0117695901	-0.0614756832	0.0957454304	0.0990167909	-0.0681507339	0.0158572544	-0.107351935	0.0275860424	0.0025780707	0.0178074479	-0.1202615425	0.0682279929	-0.1030642572	-0.0180902976	-0.0841668412	-0.0833887997	-0.0015398319	-0.1303028719	-6.96734e-05	0.1219063545	-0.0455016258	-0.0933346201	-0.1176988919	0.0460128042	0.0264214248	-0.0790627938	0.0390951775	0.0734449667	-0.1241519165	0.0816344758	-0.0101388111	-0.1075338928	0.2350323338	0.0707038254	0.0976207792	-0.0097778337	0.0576845883	-0.158339977	-0.0880966843	0.011189703	-0.0689830388	-0.0101572729	-0.0279112822	-0.0224304001	0.0270701151	0.0339141023	-0.0666808744	-0.0476604748	-0.0510322072	-0.1329593163	0.0779246899	0.1113467172	-0.07369574	-0.0656686506	0.0238535962	0.0459891148	0.0135193186	-0.1145890785	0.0653421467	0.0591244485	-0.0586326342	-0.048716044	-0.0426824438	-0.0350032968	-0.0800832522	0.1521594071	0.0992203181	-0.105501635	-0.1388115206	0.0593589163	-0.0275138897	-0.0500448121	-0.0949876767	-0.3043087422	-0.0227997327	-0.0159707996	0.0496237461	-0.0941795284	0.1368925085	0.1171784881	-0.0699421475	-0.0433919362	0.0406433531	-0.0181989147	-0.1378441072	-0.0567995243	0.1184823687	0.0831385055	0.0254720563	0.0646166369	-0.057084249	-0.1092410719	-0.177129282	0.020191634	0.0657508098	0.056860567	-0.149665691	-0.030034486	-0.0717238087	-0.0494042187	0.1266188352	-0.0912870929	0.0400324597665786	0.0174024608600405	0.0003028456439852	0.0016025978349627	0.1414050889623155	0.0009958556443762	0.0199953991844403	9.917284644361202e-07	-0.0506165424781883	-0.0098452261922261	0.0025620343724462	9.692847877609486e-05	0.0017024696766256	-6.549577757510006e-05	4.28969688016698e-09	2.898402999829675e-06	-0.0006130875417114	-0.0002174330368641	3.758763338017277e-07	4.72771255199451e-08	-0.0001019781536064	7.217238910340001e-05	5.2088537488925725e-09	1.0399543812970514e-08	0.0	0.0	0.0	0.0	0.0
834.7277204840668	0.5047598108519651	0.2547824666513115	696770.3673445263	1038.1437365319118	-1.6450462656573563	2.7061772161532134	1077742.4177004397	783.1426990694994	0.7050406515048735	0.4970823202744164	613312.4871058605	820.4056656367194	722.3621483665827	0.932061	21.320488	0.0551033420285851	0.0269777371595609	0.0206900029	0.001469951	0.0938889613	0.0054955141	0.1203400594	0.0192520457	-0.0567545605	0.0252959543	-0.1427285598	0.0573852737	0.0972038482	-0.0002951055	0.0572192073	-0.0017144808	-0.0341362298	0.0092326119	-0.0007422224	-0.1158269989	0.117446438	-0.0480331093	-0.0801350518	0.0695975268	-0.0136404801	0.0541257612	-0.0336069612	0.0101040693	0.0726368999	-0.0133120083	0.0234033234	-0.0270961448	-0.0003740106	0.2009689044	-0.1683068599	0.0315343669	-0.0994862419	0.116534457	0.0771331117	-0.0585232439	0.0317581695	-0.1651786937	0.063883855	-0.0438049914	0.0291908388	0.1513698559	0.0712911798	-0.0231663317	0.0334459312	-0.0364394921	-0.3003222909	-0.0715392915	0.2359711026	0.099886254	0.0684405044	-0.0519878887	0.01959346	-0.0870501953	-0.1487763139	-0.0298924724	0.033758989	-0.0587648242	-0.0879888265	-0.0721223738	0.0233970415	-0.0530977643	0.0909986134	0.0584304277	-0.0348645834	-0.0114667386	-0.0493337992	-0.0070838823	0.0974418149	-0.0167656986	0.0937355949	0.0750274566	-0.1376170769	-0.0161839809	-0.1324318537	-0.0196764362	-0.0771158868	0.0382151453	-0.0691892924	-0.0092131215	0.0008702547	0.0890708065	-0.1297818443	0.1029767428	0.0119193915	-0.0115015333	-0.0044399919	0.0044031874	-0.0203299823	-0.0766968351	0.0185483864	-0.0168503126	0.0820302631	-0.0297561447	-0.0212909254	-0.0395560276	-0.1301509127	-0.1430295183	0.0720342529	0.0009764921	-0.0402090929	0.0143711191	-0.0069182526	-0.0745091236	-0.0430942802	0.1242524367	-0.1003291122	0.0399560145373101	-7.644522926850139e-05	5.843873077913742e-09	0.0015964830977057	0.1514610282725641	0.0100559393102486	0.0229404430853824	0.0001011219154114	-0.0581546247393163	-0.0075380822611279	0.0033819603785706	5.682268417553256e-05	0.0019999037939394	0.0002974341173137	8.846705414223923e-08	3.999615185013205e-06	-0.000472913448464	0.0001401740932474	2.2364712973811238e-07	1.964877641773081e-08	-0.000413027447604	-0.0003110492939976	9.67516632964054e-08	1.7059167247427497e-07	0.0	0.0	0.0	0.0	0.0
832.6509156609854	-2.0768048230813747	4.3131182731740605	693307.5473510775	1036.6755836423763	-1.4681528895355314	2.15547290705153	1074696.2657202615	781.4876275948385	-1.655071474660872	2.739261586236113	610722.912083809	820.7797568875568	722.1886132663111	1.012717	23.165457	0.0493031059442515	0.0276070529990342	0.0011766045	0.0905120339	0.0593016036	-0.0914336794	0.0577576034	-0.0936543338	-0.0526647682	-0.0540534242	-0.2013329252	-0.0560134107	0.0248944435	0.0382853549	-0.0502194585	0.2132350964	-0.0164489718	0.0007690123	-0.005645019	-0.0275401649	0.0230388871	-0.046840063	-0.1333923319	0.1377858357	0.0323520345	0.0717858542	0.0693880514	0.0504449655	-0.0726281031	0.005587094	-0.0376019743	-0.038790437	0.0316718155	-0.2037840492	0.0692764045	-0.0995995765	0.0579734517	-0.0320628725	-0.0216902317	-0.0781810543	0.0430294828	-0.1390586038	0.0336649071	0.0072959054	-0.0641851414	-0.126723051	0.0556729678	-0.1187583938	-0.074207064	-0.1503283926	-0.0900769615	0.0656505456	-0.111015057	-0.078039237	0.0507494831	-0.0359359745	0.1189967867	-0.1329432044	-0.0623755979	0.0307988329	-0.1027684717	0.0412923993	-0.06504311	-0.0614183604	-0.0785347356	0.0745736651	0.148233887	-0.0214381656	0.078181656	0.0356224903	-0.0568067141	0.0979492723	0.1101295709	-0.0648833483	-0.1572989299	0.0370904984	0.1542302279	-0.0034337234	-0.0307812341	-0.192375832	-0.0170519649	0.0145166573	0.0938371748	0.0055527404	0.0446597384	0.1688797469	-0.0896149012	-0.0891016904	-0.000504781	0.0333339263	-0.0630528183	-0.0725222677	0.0050001546	-0.0105592566	0.0540235705	-0.0146168587	0.1292583862	-0.0011587844	0.0273812803	-0.0807844927	-0.0572510681	-0.1710713544	-0.0467388764	-0.0392224324	-0.088046702	-0.0215860258	-0.1232384012	-0.0772433738	-0.0366662233	0.1211199807	-0.1082719048	0.0400479640590845	9.194952177440235e-05	8.454714554541292e-09	0.0016038394252777	0.1378401981971677	-0.0136208300753964	0.0189999202390344	0.0001855270119428	-0.059499042232872	-0.0013444174935557	0.003540136026629	1.8074583969786008e-06	0.0023569729322551	0.0003570691383157	1.274983695375167e-07	5.555321403383204e-06	-0.0005051395873534	-3.2226138889400035e-05	2.5516600271156324e-07	1.0385240277189012e-09	-0.0001174045477386	0.0002956228998653	8.73928989248283e-08	1.3783827829705206e-08	0.0	0.0	0.0	0.0	0.0
832.3294197085617	-0.3214959524237883	0.1033596474248788	692772.262912391	1032.3792184877002	-4.296365154676096	18.458753542314952	1065806.8507652746	780.4194421579715	-1.0681854368669974	1.141020127534738	609054.5056981595	816.6455640608942	712.782709883963	0.9986330000000002	22.843302	0.0467284507164041	0.0259754275301844	-0.0647996038	0.0859753959	-0.0479255035	-0.06017422	0.0354032464	-0.0366597129	0.0224077595	-0.1031046734	-0.0551605488	-0.1283925277	-0.065458388	0.0430904914	-0.0945366609	-0.0442992786	-0.1116439606	0.0003585351	0.035065167	0.1152301718	-0.0767988889	-0.042445488	-0.1722321627	0.10550039	-0.0077478875	-0.1466160658	0.011502904	0.2000733709	0.0090551992	-0.0442798232	-0.0630289449	-0.0138530616	-0.0927210505	0.003980553	0.1111142959	0.086911818	-0.0114032731	0.0001583776	0.1586572263	0.0312952786	-0.0520020013	-0.0805341916	-0.0341457929	0.0640749789	-0.0192904811	-0.026951583	-0.1891321888	0.1168951045	0.0589133847	0.1254035662	0.1640922749	-0.1356488059	-0.0756166754	-0.0025064874	-0.0523083954	-0.0018559146	0.09475756	-0.1020082169	0.0321195978	0.1187960658	-0.1076935863	0.0640969819	0.0151801627	0.2092020584	-0.0208934672	0.0630157782	0.1203980291	0.0852465541	-0.0981734233	0.0037067846	0.0722459725	-0.0906905418	0.0761463473	-0.1385943937	-0.0831006672	0.0391078076	0.0304583804	0.1016600631	0.0914437485	-0.0120954234	-0.0180989277	-0.0327586116	-0.0072727639	-0.0307646759	0.0379445201	0.1441949388	0.0333316826	-0.0319335614	0.0769470734	-0.0583176063	-0.0232963993	-0.0723502096	-0.0590785352	0.0658063756	0.1847939124	0.0325633101	0.0946178332	0.0858146642	-0.0409246237	-0.087883169	-0.0945009344	-0.0927903495	-0.0012375134	0.0356092347	0.0716127467	-0.0812698795	0.0698332475	-0.0799246852	-0.0301376669	0.1172407796	-0.1150284477	0.0399612956911425	-8.666836794200133e-05	7.511406001730125e-09	0.0015969051533149	0.1597091344874144	0.0218689362902466	0.025507007638719	0.0004782503744668	-0.0635648624133224	-0.0040658201804504	0.0040404917336246	1.653089373975774e-05	0.0021079678537506	-0.0002490050785045	6.200352912103234e-08	4.44352847244591e-06	-0.0003956829103313	0.0001094566770221	1.565649655282476e-07	1.1980764144720318e-08	-0.0001730833097673	-5.5678762028700006e-05	3.100124541048605e-09	2.995783212000313e-08	0.0	0.0	0.0	0.0	0.0
832.7385619260995	0.4091422175378056	0.167397354171753	693453.5125187482	1034.6522614029814	2.273042915281166	5.166724094709905	1070505.3020263033	780.3327307820477	-0.0867113759237554	0.0075188627145908	608919.1707297678	815.7459342052786	712.0474576065309	1.034661	23.667429	0.0375264358791563	0.0170703469412741	-0.0534169871	0.0217739454	-0.1311847358	-0.0155514505	0.0620676359	-0.1542139396	0.1187364431	-0.0604190002	-0.0086148559	-0.1340735694	0.0637341499	0.0002742105	0.0003905587	-0.0766125124	-0.0116365613	0.1175892629	0.0589639707	0.1420448225	-0.0545321539	-0.0215151874	-0.0666787535	0.0350752211	0.0200791742	-0.0100074045	0.0771125417	0.1688139027	-0.0370795285	0.0586590672	0.0451330359	0.0848146958	0.0961658063	-0.1551934198	0.0179308038	-0.0099889596	-0.1085329361	-0.0781158374	0.0245091515	-0.0984298677	-0.0351489974	-0.0375693282	-0.1426911884	0.0269723607	-0.121520288	-0.1219946278	-0.0762621823	-0.0049020552	-0.0486110972	-0.1686443781	0.0563486848	0.0576491054	-0.0551663939	0.1825026073	-0.118872884	0.0692408932	0.0925158516	-0.0962326689	0.0965833994	0.0226061599	0.0329114746	0.0127813642	-0.0914714229	0.0585476389	-0.0476469219	-0.0572333118	-0.0083624244	0.0876453121	0.0383075101	0.1994030391	-0.0005757339	-0.1487526772	0.0454843326	-0.0913370548	0.0844478868	-0.015475346	0.0890176471	0.0288176023	-0.1357773411	-0.0772861176	0.0996298077	0.004249144	0.1190134962	-0.0140809097	0.0200358794	0.1164993626	0.0787995179	0.0557321124	-0.1374933146	0.052554515	0.0159123882	-0.0447476995	-0.0074493564	-0.0759403511	0.0163824066	-0.0265634224	0.2093043388	-0.0077022443	0.0356533141	-0.0325101076	-0.0836332707	-0.1025469112	0.0078990528	0.0377862429	0.1441515246	-0.0224093712	0.0549687534	-0.0825512202	-0.0235265052	0.1126387502	-0.1205247148	0.0354788216800301	-0.0044824740111123	2.009257326029805e-05	0.0012587467878033	0.1487805423497405	-0.0109285921376738	0.0221356497818829	0.0001194341261116	-0.0591778749688174	0.004386987444505	0.0035020208858249	1.9245658838244543e-05	0.0023239780394693	0.0002160101857187	4.666040033422743e-08	5.400873927935573e-06	-0.0004631191706272	-6.74362602959e-05	2.1447936620242563e-07	4.547649202696378e-09	-0.0001019621100646	7.112119970270001e-05	5.058225047151337e-09	1.0396271888825604e-08	0.0	0.0	0.0	0.0	0.0
835.1626753235919	2.42411339749242	5.8763257639022415	697496.6942536593	1039.5989851518111	4.946723748829754	24.4700758472363	1080766.0499286756	782.5138847341022	2.181153952054501	4.757432562562969	612327.9798016559	818.5425964754803	717.7302343826226	1.04986	24.015079	0.070250858203994	0.0329499073316564	0.0027367289	-0.0639222092	-0.0504582896	-0.0333249416	-0.1463497738	-0.1635067372	0.0463005751	-0.0158259983	0.1611118716	-0.0440148849	0.1703114366	0.0342411415	0.0381591149	0.150538253	0.0581686914	-0.0004582757	-0.0082675417	-0.0015634445	0.0357319779	0.0073712052	0.1152454527	0.0717495709	0.0040081435	-0.0256626897	-0.1174282663	0.1314201937	-0.1027961399	0.1601331775	0.1117481818	-0.0532493768	-0.0775344469	0.0021173327	0.0735100346	-0.1901682857	0.0275502338	-0.0991318542	0.0346150389	0.0507327058	-0.0066320261	-0.0468089051	0.0214184531	0.0990547849	0.0301455922	-0.0132512005	-0.0400445387	0.0635584508	0.1105425667	-0.0232787019	-0.0753825605	0.0409725341	0.1361442071	-0.0371395087	-0.0572498718	0.0369100307	-0.0934637586	0.0053518087	0.0903691845	-0.1176211797	0.1305819338	-0.0083002766	-0.1013642493	-0.087095797	-0.1384869322	0.0603474773	0.1166560526	0.1707879668	-0.0264378966	0.1180710691	-0.0350308975	0.0928584141	0.1011064694	0.0137924359	-0.0554328274	-0.1436098161	0.070167979	-0.0247928689	-0.0903451229	-0.0205820283	0.0294524351	0.0263451862	-0.0043706328	0.0208450891	-0.0421000918	-0.0391772341	0.0793674909	-0.1041974567	-0.0615433411	0.114574993	-0.1337489994	0.0636503874	0.0390406558	-0.1229751772	0.0857487535	-0.0068475888	0.0868022	-0.0319139068	-0.128810564	0.0422085246	-0.1394760734	-0.0325348002	-0.0276295026	0.0980812207	-0.0437959655	0.0252858174	0.0520757071	-0.0851211787	-0.016850859	0.1073422654	-0.124700488	0.0399517099668003	0.0044728882867701	2.0006729625926047e-05	0.0015961391292713	0.1414198840225538	-0.0073606583271867	0.0199995835969525	5.417929100958312e-05	-0.0736422095546345	-0.0144643345858171	0.0054231750280887	0.0002092169750104	0.0027528797261852	0.0004289016867158	1.839566568677437e-07	7.578346786841501e-06	-0.0006030685728637	-0.0001399494022364	3.636917035758598e-07	1.9585835186353665e-08	-0.0004121705611966	-0.000310208451132	9.622928315371445e-08	1.6988457151712017e-07	0.0	0.0	0.0	0.0	0.0
836.989812696313	1.827137372721154	3.338430978794361	700551.9465574091	1044.9799770008433	5.380991849032171	28.95507327935066	1091983.1523326829	783.4469251469347	0.9330404128324972	0.8705644119786368	613789.0845221868	820.4895327124057	727.271009939893	1.045617	23.918032	0.0854193851082123	0.0391056103069498	0.0560391265	-0.1098788199	0.0199347358	-0.0073390566	-0.0924660325	0.0737494903	-0.008007403	0.098495727	0.1055222112	0.0507321368	0.0496298792	0.1077753262	0.0955975419	0.0297366323	-0.0531285096	-0.1660540915	-0.0333010212	-0.1278533025	0.0866119815	-0.0702643605	0.075607618	-0.2186846288	-0.0952701447	0.0384856884	0.1442256569	0.1320673674	0.018054052	0.0835923016	0.0490366815	0.1995867312	-0.0929395854	-0.0585517666	0.119612768	-0.0864347822	-0.0852188485	-0.0922400363	0.0716017449	0.1417102038	0.1200639075	-0.0601631847	0.0826690485	-0.0549944911	0.0249207273	0.1040463418	0.1403543442	0.0246835866	0.0267757197	0.0247020846	0.0225424351	-0.10422241	0.0566146363	-0.0035736163	0.0714438786	-0.0237942954	-0.1345492169	0.0599086206	-0.0517446925	-0.0978064361	0.046899665	0.0931039612	-0.1851176939	0.1085413215	0.0391765287	-0.0755306491	0.0082706642	0.0621960493	-0.0667360875	0.1192832786	-0.1649774334	-0.0022791286	0.1599249018	-0.019766287	-0.25332478	0.0625171294	-0.0479986344	-0.0802901524	0.0661093533	-0.0135795774	0.1133145427	-0.0347744129	0.0379397626	0.0385129528	-0.0850249488	-0.1039884234	0.0269780294	-0.03801955	0.0679693472	-0.0732351742	-0.1082824386	0.016904905	-0.0605277876	0.0075417901	-0.0050636395	-0.0011957806	0.1184991657	-0.1355432154	-0.0610537008	-0.044326958	-0.1630735633	-0.0515298958	0.0922244417	0.0476626241	-0.0311902826	0.0494251576	-0.0354573885	-0.0876327994	-0.0101290257	0.1013839798	-0.1275100165	0.0400116706073703	5.9960640569997614e-05	3.5952784175644436e-09	0.0016009337847927	0.1665791988526308	0.025159314830077	0.0277486294903843	0.0006329911227189	-0.0976734278810198	-0.0240312183263853	0.0095400985140287	0.0005774994542503	0.0024339598934239	-0.0003189198327613	1.0170985972849556e-07	5.924160762796082e-06	-0.0003957622385495	0.0002073063343141	1.5662774946171134e-07	4.2975916246790845e-08	-0.0002150189020485	0.0001971516591481	3.88687767048486e-08	4.623312823814244e-08	0.0	0.0	0.0	0.0	0.0
835.7175058042316	-1.272306892081474	1.618764827638019	698423.7495076458	1042.5413249937956	-2.438652007047722	5.947023611477881	1086892.4143198188	782.7771423500674	-0.6697827968673664	0.4486089949794718	612740.0545857376	820.1743195116028	726.0999823254629	0.998736	22.845644	0.0608427451893353	0.0357365953967718	0.0832777239	-0.0393925529	0.1006023667	0.0422559648	0.0435305818	0.0739930214	-0.0992035238	0.1115300226	0.0222602886	0.0502495681	0.0240833299	-0.0005031634	0.0743800217	-0.0419290304	-0.1200558186	-0.0186833157	-0.0770337266	-0.1123969812	0.0726264816	-0.0129354688	0.03119175	-0.0659376214	0.0403285872	0.0684334248	-0.0473350633	0.0652792365	0.0687286242	0.1381681373	-0.2333370289	-0.0778509276	-0.0091728765	0.0188886863	0.1111644754	0.1463877259	-0.0215821268	-0.001488425	-0.0203955534	0.077074123	-0.1008539374	-0.0270583089	0.1013621242	0.1633938307	0.0467112909	-0.0544043428	0.0313939353	0.0385804245	-0.1237786039	8.54137e-05	-0.0012540637	-0.0266691418	0.1234552206	0.0976378625	0.1101933091	-0.0611639353	-0.0476429363	0.0651230984	-0.0353863598	0.0268924666	-0.0315145796	0.0201851942	-0.0903992008	-0.0738412989	0.0518635993	-0.1843382401	0.0765472748	0.0218679258	0.088788837	0.0397055426	-0.0322569969	0.0150043558	-0.006425013	-0.1366712269	0.132414769	-0.0256633294	0.1311571223	-0.0776241593	-0.0176265908	0.0657288151	-0.1667443727	0.1260820022	0.0130527302	0.057581465	-0.0677442049	-0.0323129564	-0.0926605791	0.0796362091	0.0108962813	-0.0294105267	0.0308823488	0.0007286612	-0.0872370292	-0.0114753454	0.0171427233	0.0480167096	0.0343777989	-0.0549345525	-0.1316024545	0.124063135	0.0933860334	0.0638925991	0.0482587123	0.1415622403	-0.0628266827	0.1376556893	-0.0130713536	-0.090084361	-0.0033794295	0.0948006283	-0.1289225186	0.0430115076646302	0.0029998370572599	8.999022370109757e-06	0.0018499897915845	0.1801320051804396	0.0135528063278087	0.0324475392903259	0.000183678559359	-0.1029223243601364	-0.0052488964791165	0.0105930048516931	2.7550914248482603e-05	0.0030409788888651	0.0006070189954412	3.6847206082644404e-07	9.24755260252322e-06	-0.0002268202562956	0.0001689419822539	5.144742866600167e-08	2.8541393367877063e-08	-0.0002101557732406	4.863128807899999e-06	2.3650021802226864e-11	4.41654490263545e-08	0.0	0.0	0.0	0.0	0.0
835.0824258539362	-0.635079950295335	0.4033265432671252	697362.6579700949	1034.1613165800236	-8.380008413771975	70.2245410148891	1069489.6287105277	782.011293192626	-0.7658491574413802	0.586524931953672	611541.6626808032	818.1412883842615	723.9584547224904	0.992437	22.701561	0.0619668831553564	0.0342227071068895	0.0913723739	0.0336259464	0.0951111915	-0.1150333895	0.0056949069	-0.0426223077	-0.1856551683	-0.0023552612	-0.0174644231	-0.0592240051	0.0337517535	0.0078798538	-0.1351013569	0.0241143835	-0.0251716142	0.0410272292	-0.0818183719	0.0288395501	-0.0431609998	-0.0749895476	-0.0704210052	-0.0691383943	0.0779856904	0.142248715	-0.0443023526	0.1308508677	-0.030909532	0.0214055727	-0.1004466545	-0.0203697306	-0.1761165736	-0.1555665327	0.0786454423	0.0240545406	-0.0786222687	0.0808420786	-0.0166573502	-0.0992435333	-0.0594084714	0.027562836	-0.0545433867	0.1180793481	0.1096016037	0.0275052576	0.1509656159	0.0530455125	-0.0579734862	-0.0239259122	-0.0513330386	0.0340455275	-0.035602186	-0.1304150607	0.0525279262	-0.100426665	0.0297818663	-0.0561152549	0.0715124682	0.0891200574	-0.0245555987	0.0720449207	-0.0166666134	0.015116799	-0.090103605	-0.0992544285	0.1086277075	-0.1613497485	0.0719961864	0.1149038059	-0.0509849949	0.1079685394	0.0748650579	-0.0142932246	-0.076844468	-0.0880947808	0.0937042925	0.1197706776	-0.0436771953	-0.0353308863	-0.1390002648	-0.0077942402	-0.028286448	0.0841621217	-0.0394770489	0.0968701679	-0.0980433216	-0.0809193169	-0.030644852	0.0595091023	-0.0144728602	-0.0381953021	-0.0607178497	0.1108754049	0.03015294	-0.116704771	0.0590663361	-0.0723555681	-0.0394006713	0.0538658933	0.0201911128	0.1349277693	-0.0151472441	0.0448014568	-0.1088885485	0.0647296877	0.1592863234	-0.0924741833	0.0033794295	0.0876327994	-0.1289225186	0.0399720945398485	-0.0030394131247817	9.23803214309528e-06	0.0015977683419025	0.1527068709063002	-0.0274251342741393	0.0233193884219934	0.0007521379899545	-0.102832403037496	8.99213226404072e-05	0.010574503114466	8.085844265400208e-09	0.0034259520838696	0.0003849731950044	1.4820436087197264e-07	1.1737147680970454e-05	-0.0002672082578543	-4.038800155869998e-05	7.140025306553006e-08	1.631190669905552e-09	-0.0004130428653533	-0.0002028870921127	4.1163172145947216e-08	1.7060440861926434e-07	0.0	0.0	0.0	0.0	0.0
835.5658671090229	0.4834412550866318	0.2337154471197378	698170.3182776533	1034.6937531715582	0.5324365915346334	0.283488724005018	1070591.1628522454	781.8961245570729	-0.1151686355531182	0.0132638146151669	611361.5495973696	818.8868615752081	723.5679008677854	1.003207	22.947912	0.0604675119577984	0.0288909794923197	-8.88359e-05	0.0670287968	0.0271296316	-0.2078938845	-0.0199851581	-0.040874213	-0.0827927938	-0.0722844856	-0.0223385784	-0.1110733279	0.0785263143	0.1066068726	-0.1234021801	-0.0562586394	0.0366101062	-0.0752264124	-0.0051710821	0.0582544299	-0.090215885	-0.0836764933	-0.0873976119	-0.050860264	0.0980626406	0.1105309308	-0.1534962084	0.0255779086	0.0416827717	0.0331449876	-0.0476276224	0.0610429513	-0.0475804612	-0.0344293254	0.0106701134	-0.1330253494	-0.0444311793	-0.1430216182	-0.0796463431	-0.0914390934	0.1777257628	-0.0146684226	-0.014477889	-0.0660513121	0.1418024276	0.1876253769	0.0890448843	0.1752152648	0.002973271	0.0589540265	0.0119588853	-0.0951142386	-0.0300415399	-0.0382607765	-0.0659196008	-0.0478955865	0.0020383692	-0.1680693098	0.0789775225	0.0976995618	0.0129370786	0.1263588743	-0.0646389521	0.0009938021	-0.0851320854	-0.0371788594	-0.0253753444	0.0041096427	0.0743496118	-0.0465574704	-0.0982304568	-0.0244626531	-0.0739685892	-0.0497298328	-0.1395964579	-0.1618431008	-0.0312054311	-0.127126629	0.1817814707	-0.0314981963	0.0149336739	0.0197509747	-0.0495722976	0.030264739	-0.0004522507	0.1514969493	-0.0100830116	-0.1381679486	0.0393690439	0.0194368423	-0.0596574547	-0.0049616355	-0.0427857453	0.0584485784	0.0186853306	0.1520028842	0.1181385801	-0.0408555848	-0.0231687218	0.0222183363	0.1159359929	0.0645906611	-0.0672570968	0.0543301641	0.0406387865	-0.0351298476	0.0047881528	-0.0948006283	0.0101290257	0.0799246852	-0.1275100165	0.0400675613801411	9.546684029260176e-05	9.113917595453134e-09	0.0016054094749513	0.1744958318014084	0.0217889608951082	0.0304487953160654	0.0004747588168885	-0.1118153900954936	-0.0089829870579976	0.0125026814622074	8.069405648415246e-05	0.0031559418827639	-0.0002700102011057	7.290550870114058e-08	9.95996916738335e-06	-0.0004549403641918	-0.0001877321063375	2.0697073497096765e-07	3.5243343749914426e-08	-0.0002787832295085	0.0001342596358448	1.8025649817178308e-08	7.772008905518899e-08	0.0	0.0	0.0	0.0	0.0
836.6230107296747	1.0571436206518	1.117552634684797	699938.0620823853	1042.0379311427598	7.344177971201589	53.93695007268269	1085843.049940283	783.775912962098	1.879788405025124	3.5336044476669	614304.6817395702	820.3173906730883	728.8361464023164	1.009733	23.097206	0.0497273107108717	0.0295272804587855	-0.0664775217	0.0184097721	-0.0861594603	-0.175239807	0.0478384843	0.0811413705	0.0294643407	-0.0874555155	-0.0285992625	-0.0500675383	0.0620187313	0.1121890317	-0.0673514616	-0.1195749612	-0.1293413447	-0.0941537862	0.0623684095	0.0536359921	0.016152143	0.0590077601	-0.1178877319	-0.0024050199	-0.011097054	0.1487950868	-0.1527739459	-0.0040171222	0.1160404191	-0.0170206307	0.0633007678	-0.0791730197	-0.0449225931	-0.0493651955	-0.0566268696	0.0496042729	-0.0163446826	-0.15093151	-0.0182582207	0.0197161178	0.1856325796	0.0557341681	-0.0901470286	-0.1619994609	-0.1094583036	-0.0289860221	-0.0361629415	-0.0511983646	-0.1521221869	-0.0607595634	0.1028465117	-0.0427916917	-0.0391287017	0.0087536674	-0.1019439371	0.0173201143	0.0656576672	-0.0927600543	-0.0545410821	-0.0048006692	-0.0366386974	0.151153754	-0.0569923581	0.0761134976	-0.0488152081	-0.0933911669	0.0158169671	-0.0521588809	-0.0579408074	-0.1496185676	0.1307552335	-0.1768140904	0.0306015046	0.0908448547	-0.0658068398	-0.0028360169	0.1377884476	-0.1516770457	-0.0632189057	0.0572211265	0.0103663971	-0.0715561469	-0.0846923587	-0.0071212871	0.0030481863	0.1978086053	0.0863552324	-0.0272709138	0.0475334593	-0.0971347882	-0.0314088349	0.0474347309	-0.0362937815	0.1717681166	0.0618971897	-0.0200401721	-0.0158600452	0.0264045777	-0.0680072044	-0.0369544616	0.023443122	0.1630277261	0.0229539383	0.0775492001	0.0973858345	0.1556260735	0.0338014193	-0.0970621018	0.016850859	0.0717238087	-0.124700488	0.0401033974258098	3.5836045668702354e-05	1.2842221691693207e-09	0.0016082824850924	0.1982380484013077	0.0237422165998993	0.0392983238339592	0.0005636928490765	-0.1112832776509549	0.0005321124445386	0.0123839678847395	2.8314365363294976e-07	0.0028389101822759	-0.0003170317004879	1.0050909911431283e-07	8.059411023029785e-06	-0.0006269241790983	-0.0001719838149065	3.930339263380774e-07	2.9578432589793264e-08	-0.0002981106265293	-1.93273970208e-05	3.7354827559962864e-10	8.88699456496918e-08	0.0	0.0	0.0	0.0	0.0
837.022296050747	0.3992853210722842	0.1594287676237971	700606.3240860642	1041.463344668554	-0.5745864742057165	0.3301496163401565	1084645.8982882116	784.3632979763669	0.5873850142688752	0.3450211549876468	615225.7832123629	820.2634412802283	723.6012035549803	1.071984	24.521175	0.0798501832409367	0.0404523178880396	-0.0600248182	-0.0194047294	-0.1097470505	-0.0512310869	0.0486020682	-0.0699364073	0.1140159009	-0.0464449271	0.0010748306	-0.0307333522	0.0581925845	0.0797973973	0.0823230442	-0.0535655345	0.0027320227	0.0101444101	0.1449790881	0.0587453538	0.0014218209	0.093807395	0.0168311216	0.0469225494	0.0015581337	0.1628196024	0.1151877163	-0.0987807459	-0.098712798	-0.000191526	0.1117870336	0.0898278324	0.0140222624	0.0801660291	-0.0648489412	0.0150933706	-0.0925399022	0.0723619068	0.0462863544	0.1667436118	0.0465945054	-0.092135367	0.1838913107	-0.006185757	-0.0395914402	-0.1075006233	0.055420674	-0.049178512	-0.0846783671	-0.0543340071	-0.0712632556	-0.1163660801	-0.0377059998	0.0582268807	-0.0970141848	0.1323222538	0.0191543662	-0.0413551178	0.0014971661	-0.0467684107	0.0438658946	0.055988079	-0.0135164917	-0.1076786735	0.1410895844	-0.0958607484	-0.0606878624	-0.0555634108	0.0135243464	0.0330413261	0.0302338377	-0.0458603104	-0.0037263085	0.0428669509	-0.0609367164	-0.1037086207	-0.0614673825	0.0608710034	-0.1857781575	0.0011993601	0.0788042584	0.0217493901	0.0976257313	0.0059272278	-0.0259040443	0.0287541794	0.1016315876	0.0223874655	-0.1653972287	0.0193695396	0.0166377854	0.0190446392	-0.0603699913	0.0580954375	-0.0881325837	-0.004205919	0.1264130627	-0.0224970228	0.1188410105	0.0584704914	0.0581188688	0.1642489409	0.0543245914	0.0675222194	0.1677747294	0.076844697	0.0589085801	-0.0992570537	0.0235265052	0.063080731	-0.1205247148	0.040068401228666	-3.49961971438037e-05	1.224733814527974e-09	0.0016054767770213	0.1669928883480906	-0.0312451600532171	0.0278866247588378	0.0009762600267511	-0.1255077016245707	-0.0142244239736157	0.0157521831670822	0.0002023342373811	0.0032399143086691	0.0004010041263931	1.6080430938437325e-07	1.049704472751877e-05	-0.0004551692860277	0.0001717548930706	2.0717907894296618e-07	2.9499743293693253e-08	-0.0004122636674047	-0.0001141530408753	1.303091674110074e-08	1.699613314619731e-07	0.0	0.0	0.0	0.0	0.0
836.5564962113007	-0.4657998394462765	0.216969490428177	699826.7713533279	1046.8936477219763	5.430303053422222	29.488191252006704	1095986.3096406255	783.5202068585181	-0.8430911178487577	0.7108026329954678	613903.914555615	822.3094499025791	730.3823071142906	1.046111	23.929338	0.1147070646603251	0.0752191157121846	-0.0033632499	-0.060644627	-0.0673222998	0.0199908601	-0.0927021529	-0.1132325797	0.1585426906	0.048526762	0.0534302319	-0.0034298526	0.0117527678	0.0052223269	-0.0639729473	0.0821159229	0.095998014	-0.0095939716	-0.0006997968	-0.0044094045	-0.0704886248	0.104938922	0.0901167649	-0.0409752934	0.0190278954	0.0948469859	-0.1034845872	0.0443668875	-0.1128594127	-0.1041673365	-0.0014625044	-0.1317421934	0.0649885843	-0.0143118069	0.1080009548	-0.0295234696	-0.0753707967	-0.0880986193	0.0196786426	0.0483633347	0.0612677285	0.2500550927	-0.0617775523	-0.1201296549	0.0567909588	0.1589726285	0.1013464017	-0.1164329071	0.085194966	-0.0105199883	-0.060605873	0.0701021475	-0.1570807551	0.0683095486	0.0138866752	0.1403145044	0.0315385232	0.1036756375	0.1033899676	-0.0308960811	0.0320495873	0.044181385	-0.0525017888	-0.204344604	-0.0391086988	0.0628890341	0.0143084931	-0.0236507201	0.1000601193	0.0028618423	-0.0367413295	0.1515918061	0.0560865376	0.1615214647	-0.0658108407	0.1326703676	-0.0457583433	-0.1157104651	0.1096000312	0.0749823601	0.0390309416	-0.0780909961	-0.1116015657	0.0013212706	-0.0094266187	-0.1081162349	0.0710384158	-0.117427223	-0.0528745092	0.107147856	-0.1002436869	0.1450372245	0.006683936	-0.1016712762	0.0648768445	-0.0714500609	0.0466380092	0.018539659	-0.1200587971	-0.0244836693	0.0061510453	0.1518472958	-0.0392078795	0.048855589	-0.0045228459	0.0899802545	-0.1591223218	-0.1013839798	0.0301376669	0.0540487397	-0.1150284477	0.0450587385396374	0.0049903373109713	2.4903466477273254e-05	0.0020302899187834	0.1729435814144579	0.0059506930663673	0.0299094823524592	3.541074797011195e-05	-0.0805891937133793	0.0449185079111913	0.0064946181433725	0.0020176723529677	0.002114897620331	-0.0011250166883381	1.2656625490392257e-06	4.472791944481726e-06	-0.0004549908146196	1.7847140809998518e-07	2.0701664138820724e-07	3.1852043509191453e-14	-0.0004640190350944	-5.175536768970004e-05	2.6786180846960467e-09	2.1531366492993806e-07	0.0	0.0	0.0	0.0	0.0
835.1064925678884	-1.4500036434122876	2.1025105659089083	697402.8539290406	1043.4121893260103	-3.4814583959660013	12.120552562842162	1088708.996834098	783.0210516003594	-0.4991552581586802	0.2491559717474587	613121.9672493328	821.1897421382347	723.0771060479102	0.991022	22.669189	0.0885841028243101	0.0523715777603087	0.0591209942	-0.0910543317	-0.0164684863	0.117983291	-0.087482985	-0.0395866893	0.0644156466	0.1478490806	0.1051273106	-0.0474670173	-0.0197538133	-0.0660059008	-0.0506203608	0.0581385744	0.0369863333	-0.0804493996	-0.0759120834	-0.0919502528	-0.0639341438	0.0674664968	0.116828282	-0.0936741299	0.0972178298	0.0693230603	-0.0153026641	-0.0507266922	-0.0277607401	-0.0936840219	0.02920245	-0.0683944332	0.0224356148	-0.0838919737	-0.1341903305	-0.0430877857	0.1033840107	0.0885343554	-0.0142105148	0.0056731077	0.0386931864	-0.1303779947	0.0364657246	-0.020959945	-0.1137007779	0.1079905901	-0.2330336074	0.0237262727	0.0921310373	0.0694105137	0.0257538439	0.1883857275	0.1511108979	-0.0426292644	0.1002004954	0.0481272417	-0.0329654061	0.1379809977	0.0730552159	-0.0557999155	-0.0270906619	0.0422790618	-0.0274975497	0.0991539594	-0.0812029544	0.063708329	-0.0463124943	-0.126341424	0.0784129817	-0.0801422163	-0.0778829696	0.0215053505	-0.0337047784	0.1651391762	-0.022412173	0.0793840941	0.0840621771	0.0552429119	-0.0617973246	-0.0964701222	0.0155303506	-0.046364956	-0.0402510845	0.0285156559	-0.0567286694	-0.1435937154	0.0392209974	-0.0395707942	0.0371960657	-0.0159369831	-0.1755857538	0.0647071708	-0.0556627681	0.0382259815	-0.0268451849	-0.1089462972	0.0309340492	-0.0053890151	0.0929482893	-0.1102719393	0.0280893401	0.1262151621	0.0183456694	0.0247912553	0.1064763208	0.0019800815	-0.0324299384	-0.1034414224	0.0366662233	0.0446835199	-0.1082719048	0.0479763570331499	0.0029176184935124	8.512497673686142e-06	0.0023017308341722	0.1668905962526281	-0.0060529851618298	0.0278524711175577	3.6638629369331855e-05	-0.1132602558725821	-0.0326710621592027	0.0128278855603227	0.0010673983026104	0.0028389469819425	0.0007240493616115	5.242474780500212e-07	8.05961996628043e-06	-0.0004548553341559	1.354804637000327e-07	2.0689337501007547e-07	1.8354956044375877e-14	-0.0002493551369743	0.0002146638981201	4.608058915611668e-08	6.217798433547191e-08	0.0	0.0	0.0	0.0	0.0
835.8746105672267	0.7681179993383012	0.5900052609074744	698686.3645909128	1043.6970499527356	0.2848606267252762	0.0811455766583171	1089303.532080043	782.0184927677763	-1.0025588325831905	1.0051242127905695	611552.9230307845	821.619436300819	726.8094694038037	0.974125	22.282681	0.0551251781038912	0.0319915625779533	0.0848572552	-0.072111915	0.0729592375	0.1056219	0.0042467603	0.0859415746	-0.0784524565	0.1467827333	0.0287767032	0.0269397957	-0.0094094731	-0.0728116892	0.0084014871	-0.0617162614	-0.0028876916	-0.0543902471	-0.1230687411	-0.0240425201	-0.1443112178	0.0032370105	-0.0480481215	-0.1698013446	0.0284999417	-0.0051645521	0.1011960308	-0.0307045803	0.1456005494	-0.0178310125	-0.0074955599	0.0020235157	-0.1217339696	0.0372394307	0.0461160784	0.0077368855	0.0586965371	-0.130892786	0.0197799946	-0.2071177897	-0.0189581579	0.087514298	-0.1425469288	0.0150574123	-0.1300589232	-0.023372769	0.0174467095	-0.0130446865	0.070179918	0.1878117965	0.0360092104	-0.1624230474	0.0857487075	0.02998252	0.1188669578	-0.059679938	-0.0397403003	0.0658920639	0.0109717051	-0.0302272938	0.0371653145	0.0435013321	0.0596088896	0.1460094086	-0.0586035891	-0.1039990132	0.0199829278	-0.0599316988	0.1197521039	-0.0588852919	-0.0443644375	-0.0436998583	-0.2036897767	-0.0178067437	0.0675263901	-0.1015266081	-0.0840405284	-0.0576387775	0.1021521475	-0.0294321775	-0.0137263707	-0.1828376603	0.1260113321	0.0344128613	-0.0514702802	-0.0943709698	-0.0697368337	0.0742553401	0.0913452271	-0.0595754624	-0.0014467266	0.0678524189	-0.1131690862	0.0139152079	0.0053491683	0.063301343	-0.0337392089	0.0334030732	0.0896470289	-0.0208769204	0.1623622641	0.240962884	-0.0365359532	0.0678776489	0.0843901421	-0.0584904266	-0.1370104264	-0.1054279714	0.0430942802	0.0350428114	-0.1003291122	0.0576782294280207	0.0097018723948708	9.412632796635613e-05	0.0033267781499513	0.1947391586925135	0.0278485624398854	0.0379233399282679	0.0007755424299681	-0.1182142692267902	-0.0049540133542081	0.013974613448824	2.45422483136722e-05	0.0028390041940767	5.721213419988477e-08	3.2732282997056248e-15	8.059944813985094e-06	-0.0004539975351951	8.577989607999668e-07	2.061137619632261e-07	7.35819057149503e-13	2.1444502292398884e-06	0.0002514995872035	6.325204236355097e-08	4.5986667856870095e-12	0.0	0.0	0.0	0.0	0.0
834.7181313930485	-1.15647917417823	1.337444080307961	696754.3588763025	1034.439891846712	-9.257158106023551	85.69497619991758	1070065.8898438374	783.9137311490628	1.895238381286504	3.5919285219014867	614520.737884045	820.5996386735565	719.2827477740135	0.985922	22.552544	0.1068672596245056	0.0451580357000519	0.0898820306	0.0094326648	0.1031484207	0.0512677291	0.0644687203	-0.0452943578	-0.146001585	0.0533911445	-0.0443601609	-0.0317251366	0.06174635	-0.0852221745	-0.0711926639	-0.0281250069	-0.0179475199	0.0986192024	-0.1189290451	-0.0487506805	-0.0419748001	0.0590776574	0.0077772809	0.064275722	-0.1476648	0.2202233147	-0.0595088794	-0.2192085594	-0.022021032	-0.1285560688	-0.1001631414	0.1536329125	-0.0799213062	0.0165103125	0.0764234153	-0.0491665478	-0.0189409957	-0.0067287548	-0.1253741555	0.006126752	-0.052070837	-0.0216666478	-0.1247959846	0.0824361583	-0.0363694735	0.0556276821	-0.0964649045	-0.0497415553	-0.0738717109	-0.0717614957	0.1293216254	0.1086405127	0.0777900278	-0.0849513288	0.1246973029	-0.0831135635	0.0594593293	-0.0089849158	0.0538023248	-0.0040518103	0.0431024952	-0.0897718691	0.0424660911	-0.1069373129	-0.0017098886	-0.1571469855	0.0041888897	-0.2628218349	-0.0856710798	0.0396521973	0.0780880508	0.1038980309	-0.0315960997	0.1518992579	-0.0433063349	-0.148400796	-0.022428644	-0.0828675435	-0.078030342	0.0227136726	0.003841524	0.0292092368	0.010295619	0.0484772826	0.0009452885	0.0043015047	-0.1376936417	0.0628429893	-0.0214857262	0.0467612931	0.0305608509	0.0444946079	-0.0470943583	0.056516549	0.0221740414	-0.128212506	-0.0908852254	0.0307382238	-0.0090067083	-0.0004755889	0.1941482281	0.2563012032	-0.0299025066	0.0390143866	-0.0482705745	-0.0766888561	-0.1243839087	-0.1073422654	0.0494042187	0.0251860523	-0.0912870929	0.0399576960250129	-0.0177205334030077	0.0003140173040871	0.0015966174716273	0.1677003909399701	-0.0270387677525433	0.0281234211214188	0.0007310949615759	-0.1017552307612277	0.0164590384655625	0.0103541269872707	0.0002708999472108	0.0031679464215593	0.0003289422274826	1.0820298902121461e-07	1.0035884529870375e-05	-0.0002851548966475	0.0001688426385476	8.13133150820464e-08	2.8507836591715515e-08	-0.0004130490838084	-0.0004151935340376	1.7238567070666488e-07	1.706095456349587e-07	0.0	0.0	0.0	0.0	0.0
836.259111981107	1.5409805880585736	2.3746211727733475	699329.3023714297	1037.1441790998474	2.7042872531353623	7.3131695474704035	1075668.0482406963	785.240471559708	1.3267404106452432	1.7602401172391084	616602.5981753126	822.7908714651733	717.635899338735	1.091023	24.95668	0.0311353613841884	0.0200862303901867	0.0271212772	0.1313484898	0.0286687144	-0.1141181294	0.0091216394	-0.1008475858	-0.0774520911	-0.1078975773	-0.0451126176	-0.0755661184	0.138648975	-0.0242200262	-0.1199441625	0.0163122554	0.0467684009	-0.0536302943	-0.0226610474	0.0135642692	0.089880322	0.0026312145	0.0014551215	0.1847796343	0.1664688625	0.1651240475	-0.0210259192	-0.1292994487	-0.0465096279	0.0074472378	-0.0312787944	0.0337080005	0.0481859231	0.1531157194	0.0064069618	0.0047536618	0.21747441	0.140506433	0.0581411158	0.0103846605	-0.18328947	-0.0678009951	-0.1484937779	-0.0887302906	-0.0159634028	0.1781812734	0.1199026348	0.0648406123	-0.0454339487	-0.0274638754	0.1547434367	-0.0051250594	-0.0198692939	0.0927818287	-0.0491884687	-0.101465028	0.061864663	-0.1235698421	0.0051642881	0.0135181726	0.0374243727	0.1346744285	-0.0711319759	-0.1326362146	-0.0149718336	0.0655128615	-0.1018917161	-0.0739305866	-0.0463655618	-0.1319623493	0.1041787052	0.2518664148	-0.108733682	0.0848637568	-0.0009035959	-0.1343669955	-0.0645587896	0.1396761321	-0.0196707508	0.1665727265	-0.0361800905	-0.0931401868	0.0116257753	0.0391479343	0.0818227223	0.1493297883	-0.0643103973	-0.0597887713	0.0142749861	0.0501017148	-0.1073138808	0.0811581658	-0.0093790186	0.0199219985	0.0108489654	-0.0074343364	0.0018483902	-0.0263089401	0.1144748722	-0.1104492004	0.1689452101	0.1972182112	-0.1326746019	0.0156512416	0.0084464994	-0.0893063524	-0.0550071232	-0.1091829923	0.0555787436	0.0151740128	-0.0812449131	0.039990811289897	3.311526488410099e-05	1.0966207683441724e-09	0.0015992649876241	0.166459299728416	-0.0012410912115541	0.0277086984660746	1.540307395396842e-06	-0.0851354185417321	0.0166198122194956	0.0072480394902759	0.0002762181582112	0.0032409887178503	7.30422962909997e-05	5.3351770474621905e-09	1.0504007869232933e-05	-9.36706501029061e-05	0.0001914842465445	8.774190690701061e-09	3.6666216674750815e-08	-0.0004133493947379	-3.00310929499982e-07	9.018665437714317e-14	1.708577221301883e-07	0.0	0.0	0.0	0.0	0.0
836.3650392847928	0.105927303685803	0.0112205936661443	699506.478937853	1046.745433965005	9.60125486515767	92.18409498571384	1095676.0035265868	783.3943144505517	-1.846157109156252	3.4082960716881687	613706.65191345	820.9113927163369	725.5877675065816	1.1392	26.058699	0.1143833009326818	0.066528636111668	-0.0536435537	0.0648775956	-0.1017667085	-0.0386061718	0.0028782874	0.0458382173	0.0361868138	-0.0631875071	0.0762741455	-0.0515054383	0.0212825116	-0.0175862485	0.0086500029	-0.0767162521	-0.1278287318	-0.1311449534	0.0174744088	0.1151245808	-0.0254593184	0.0634678545	0.1542648095	0.1047352709	0.0491743105	-0.0542307145	0.0695180187	-0.1402932027	0.1647876959	0.1472377667	0.0498086665	-0.0171817377	-0.005176774	0.2111945096	0.0746065436	0.0027776947	0.1251991799	-0.0401482815	-0.0300709974	0.0371847494	0.043164873	0.0175796312	-0.1247665809	-0.0891887107	-0.1320826995	0.0219722256	0.1767361134	0.0322795656	-0.0073907441	-0.0257483179	0.0906337236	0.0126147642	-0.1386796833	-0.0835709153	-0.1134771093	0.0169132525	0.0063288907	0.0203012459	0.0606286024	-0.1366023749	-0.0628041251	0.0782209776	-0.0175455616	0.0024175392	0.0021362957	0.0658200073	-0.0629268537	0.017918899	-0.0419567523	-0.1052418738	0.2424648282	0.0399447792	-0.129727437	-0.1514170041	0.0437667005	-0.1574550929	-0.2262963281	-0.175242872	-0.0121955331	0.1003180012	-0.0491569356	-0.1319769869	0.0635238991	0.0182114813	0.0446390458	0.0162500367	0.1229033691	-0.0198806788	-0.0820517332	-0.1141008373	-0.056459959	0.0199937505	-0.0197783934	0.1435763814	0.0624557642	0.035297694	-0.0392727359	0.1893192943	0.0747964092	0.052073819	0.1022249163	0.0143344914	0.0181801809	0.0666021188	0.0481869175	0.010890063	-0.2138527317	-0.1109488906	0.0616009311	0.0050684204	-0.0703125971	0.0399384529222288	-5.235836766820379e-05	2.7413986648788075e-09	0.001595080021821	0.1844785360102747	0.0180192362818586	0.0340323302484942	0.0003246928761814	-0.1355501524834323	-0.0504147339417002	0.0183738438382817	0.0025416453984124	0.0039209944545695	0.0006800057367192	4.6240780197102193e-07	1.537419751276477e-05	-0.0001519577835384	-5.82871334354939e-05	2.3091167977903232e-08	3.3973899241270713e-09	-0.0002337028180635	0.0001796465766744	3.2272892510831084e-08	5.4617007170821384e-08	0.0	0.0	0.0	0.0	0.0
838.5040870006787	2.1390477158859085	4.575525130836723	703089.1039168418	1041.0325496137634	-5.712884351241655	32.63704761066179	1083748.7693553327	784.5143774783973	1.1200630278455035	1.2545411863464375	615462.8084703172	820.3489800655481	732.7330249283167	1.247571	28.537634	0.2806067748070748	0.1425094060393305	0.0306245752	-0.0722404764	-0.1418684873	-0.0477580763	-0.0181057533	0.0853204246	0.0670113636	0.0304396152	0.0823279465	-0.0085167505	-0.1473270669	-0.0077436319	-0.0428138196	-0.2722059394	-0.0632613237	0.0781033826	0.0811414966	0.0389625332	-0.1482693762	-0.0176613645	-0.0537150352	-0.0495209687	-0.0924424598	-0.1146803748	0.0141970721	-0.0336090576	-0.0471533096	0.0935401638	0.0161747471	-0.1392532909	0.0991495852	-0.1343187773	0.1163228918	0.0776982304	0.1051430338	0.0454240749	-0.1215495691	-0.0008999896	-0.0418330216	-0.2183307121	-0.0148075971	-0.1955758368	0.137801655	0.0286310162	-0.0453156288	0.0403915198	-0.0925844292	-0.1917904442	-0.0550268869	-0.0107615506	-0.0210556549	-0.0962183338	-0.0067110264	0.1055803069	-0.0354640296	-0.0204731352	0.126811574	0.1616277957	-0.021876213	-0.0034903743	0.0752484869	0.1260040777	0.1320705282	0.0596853957	-0.1515847472	-0.0312734596	-0.1120235622	0.0231522939	0.1354234822	-0.080244908	0.1625002045	-0.3022708917	-0.0704683081	-0.0952717682	0.0175365199	-0.0729562993	-0.1732684727	0.0822215597	-0.137784771	0.1578476071	-0.0300276582	0.0830530675	-0.1112615879	0.0039275065	0.1160167225	0.0745838578	0.0204343132	-0.0336168073	0.2067972456	-0.2118083482	-0.0083363231	0.3780677033	0.1261885137	-0.0655424551	-0.1026182804	-0.009082136	0.0394113526	0.0605355784	0.0112363135	-0.2184487163	0.1959910939	0.0693949809	-0.0113680103	0.0946453262	0.007466674	-0.1126387502	0.0674542747	-0.0050684204	-0.0586099215	0.0398173284015541	-0.0001211245206746	1.4671149508675352e-08	0.0015854196410372	0.2686950062753794	0.0842164702651047	0.0721970063973261	0.0070924138639132	-0.2257800125864477	-0.0902298601030154	0.0509766140835364	0.0081414276542097	0.0050989858174878	0.0011779913629183	1.3876636511101143e-06	2.5999656366941728e-05	0.0003510279632561	0.0005029857467945	1.2322063098772588e-07	2.5299466147842084e-07	0.0002061064705893	0.0004398092886528	1.9343221038528202e-07	4.2479877218778e-08	0.0	0.0	0.0	0.0	0.0
840.6327509381679	2.1286639374891365	4.531210158766754	706663.4219498718	1044.5081662895266	3.475616675763149	12.079911276842882	1090997.3094455092	785.5438844381742	1.0295069597769952	1.0598845802292718	617079.1943782157	821.4935886603741	734.2090561413319	1.245507	28.490427	0.1760362730358377	0.113504800855908	0.0427184146	-0.051276537	-0.1580266368	-0.1363705323	0.0557052148	-0.0192160268	0.121231746	-0.0520274088	-0.0214855541	-0.0732574439	0.2122056703	-0.0188057512	-0.0289410055	-0.1547472483	0.0695826072	0.0009357705	0.0400262123	0.0564328814	-0.1203426683	0.0516805011	-0.0516186452	-0.0288464833	0.1190559789	0.0053818652	0.0307575826	-0.0654312558	-0.184410671	-0.0065111694	0.007859391	-0.0129583156	-0.0158830651	-0.0210617106	-0.0104245927	-0.0924537672	0.1329320717	0.1909245387	0.0525390088	-0.0818000106	-0.0497329167	0.165818359	0.1016124316	0.0978780565	-0.032421131	-0.0647669457	-0.2001409642	-0.0721510354	-0.0339587634	-0.1061985061	-0.0062721006	-0.0072902176	-0.0250354945	0.0595938916	-0.0901049888	0.0787546902	0.0333648864	-0.0841645739	0.072757165	0.0353990694	0.1897763984	0.0601689652	0.047653915	-0.0566829553	0.0747201498	-0.070172781	-0.2495000997	0.0688373968	0.0813267167	0.0293381212	0.1283356109	-0.1036505747	-0.0621792177	0.0382877815	0.1233987489	-0.0796511899	0.1487882029	0.2575030381	-0.031053792	-0.033978011	0.0244189175	-0.0133965336	-0.0980188637	0.1126531672	-0.0640722293	0.1520283819	0.1517227573	0.0973956442	-0.0988648061	0.0929553293	0.0463290856	0.0016686803	0.1166365939	0.0584487885	-0.0707531507	0.1024037669	0.0506395174	-0.1006770059	0.1877689695	0.2435062558	-0.0106296175	-0.0700595422	-0.0388525536	-0.0885302141	-0.0002381069	-0.000668461	0.1580017815	-0.1142514127	0.0731227308	-0.0151740128	-0.0462651033	0.043490796030511	0.0036734676289569	1.349436442099423e-05	0.0018914493393675	0.1600526154599606	-0.1086423908154188	0.025616839715574	0.0118031690820901	-0.1955496578329842	0.0302303547534635	0.0382396686785972	0.0009138743485202	0.0055090219108888	0.000410036093401	1.681295978915539e-07	3.0349322414652888e-05	0.0004170378622556	6.600989899950002e-05	1.739205785547208e-07	4.357306765924194e-09	1.235126622982927e-05	-0.0001937552043594	3.754107921638027e-08	1.5255377748012094e-10	0.0	0.0	0.0	0.0	0.0
838.9226026292353	-1.7101483089326166	2.924607238545088	703791.1332022097	1053.1388564937372	8.630690204210623	74.4888134010572	1109101.4510569363	785.9337472224581	0.3898627842838778	0.1519929905695774	617691.8550231347	824.790771211146	741.113210432238	1.181927	27.036066	0.0523992637761518	0.0255973954923501	0.113207067	-0.0702219668	-0.1443659018	0.0006858511	-0.0595573845	-0.0260679807	0.1870668298	0.1100732564	0.0623636793	0.0431985369	0.0231181597	0.0380122539	-0.078320335	0.0507091471	0.117496054	-0.1757829043	-0.0172572653	-0.0541849658	0.0519900604	0.2309316954	0.0874648612	0.1600010391	0.0550799346	-0.0226878593	-0.1613008177	0.0455358987	0.0237468106	-0.0066615502	0.1014945283	-0.0983296367	0.105602601	0.0107513558	0.0666016958	-0.1282303237	-0.08201054	-0.0280474275	-0.1154123553	0.0630284854	0.0420857576	0.1443583645	0.1620030771	-0.026210832	0.2359547836	-0.0865396825	-0.1175336718	-0.0087797517	0.0280736308	0.0133414942	0.1036611954	-0.0729386752	-0.012313532	-0.1017421346	0.0369687572	0.1050621674	0.0454042954	0.1440739449	-0.0050203562	-0.0549823803	0.0229329017	0.0941097842	0.0244468855	-0.2395632655	0.0389079695	0.1841974848	-0.0234811958	0.124410387	0.0097007852	0.0027581986	0.075368602	-0.0581693764	0.0026972642	-0.0330423652	-0.0499785548	0.024072596	-0.0458126893	-0.0955124668	0.0944687101	0.008252963	-0.127248431	0.2219097336	-0.0789589286	0.1601996216	-0.0693393317	-0.1131015148	0.1294010541	-0.0311271455	-0.0465296076	0.0651463608	-0.0737976061	-0.0115892783	0.1459316985	0.0245162943	0.0431946184	0.0216522859	0.0320894394	0.0096367505	0.0708499895	0.1728972395	-0.0251360296	-0.1770532005	0.0392734228	-0.0529908993	-0.1947035165	0.0154731802	-0.233914863	-0.1157857731	0.0785907625	-0.0251860523	-0.033413395	0.0397369565222192	-0.0037538395082917	1.4091311054012418e-05	0.0015790257136487	0.1804737907526714	0.0204211752927107	0.032570789148639	0.0004170244003356	-0.2072623216284199	-0.0117126637954357	0.0429576699668025	0.0001371864931849	0.0055009687824922	-8.053128396600696e-06	6.48528769721365e-11	3.0260657545953716e-05	0.0005465681625012	0.0001295303002455	2.9873675625993813e-07	1.6778098681715275e-08	0.0002049995411819	0.000192648274952	3.711335784200864e-08	4.2024811884789524e-08	0.0	0.0	0.0	0.0	0.0
836.5652682031441	-2.357334426091142	5.557025596434457	699841.4479637984	1051.275458848181	-1.863397645556233	3.4722507854645137	1105180.0903764537	784.1345624157249	-1.7991848067332512	3.2370659687797665	614867.0119749004	823.9359276616541	740.1649753883627	1.065164	24.365173	0.117624409686279	0.0662034862540131	0.1431102487	-0.1120706235	-0.0721835312	0.0714777905	-0.0712990032	0.0711267777	0.0801880521	0.1533223049	-4.99248e-05	0.0539230851	-0.1354797286	-0.1053960324	-0.1258938596	0.0878195165	0.1035265249	-0.1426031146	-0.1917140235	-0.0936839973	0.0062836822	0.1931234058	0.0032821086	-0.020556527	0.0159806978	-0.1492047332	0.1969616766	0.0545003594	-0.0214941723	0.1264189312	0.0943094015	0.0643073127	-0.0381577247	-0.0767772607	-0.1412262146	-0.0003345728	-0.0091280384	0.0968663448	-0.1097580077	-0.0048399631	-0.2366411189	0.046361789	0.1087883902	-0.1329555366	-0.1180171887	0.0791879433	0.0566495836	0.163386305	0.005430047	-0.0528656495	0.0733167354	0.0087004563	0.1095681326	-0.0264899803	0.1609505331	0.0209327671	0.0852439304	0.210199818	0.0229220441	-0.0043851927	0.0099249554	0.1170435516	0.0120332715	0.0890790257	-0.0414206037	0.1560199663	-0.20045986	0.0448091942	-0.1320415774	0.0563124642	0.0073443192	-0.0345351911	-0.0871860867	0.103829411	0.0141947546	0.0502064463	0.1081413575	0.096552323	-0.0772944142	-0.0885995841	0.0321202702	0.0491667446	-0.0175737032	0.1376243077	-0.0745135718	-0.1075728125	0.0702874219	0.0232797169	0.1514316778	0.023585116	-0.0712545451	-0.0348145826	0.0646078761	0.1553701682	0.0341268514	-0.1108341568	-0.003717914	-0.0209637442	0.095352673	0.0070696588	-0.0542242681	-0.0837689608	-0.0251789777	-0.1974507557	-0.154498909	-0.0338584676	-0.0582598397	-0.1172407796	0.0838433825	-0.0350428114	-0.0201956026	0.0398672506563144	0.0001302941340951	1.6976561379616995e-08	0.0015893976748934	0.2368397387432281	0.0563659479905567	0.0560930618479605	0.0031771200928741	-0.1813166884658628	0.0259456331625571	0.0328757415162267	0.0006731758802059	0.0052180122149486	-0.0002829565675435	8.006441911605576e-08	2.7227651475352792e-05	0.0001280418936406	-0.0004185262688605	1.6394726527070726e-08	1.7516423772637525e-07	0.0002071673927591	2.1678515772e-06	4.699580460768526e-12	4.29183286226032e-08	0.0	0.0	0.0	0.0	0.0
834.5548644629356	-2.010403740208517	4.0417231986443936	696481.8217987488	1040.8405047329989	-10.434954115182109	108.88826738595604	1083348.956292844	782.9966812636384	-1.1378811520864929	1.2947735162736844	613083.8028698717	822.3250798627365	725.2889632689538	1.087923	24.885761	0.0406880605108163	0.0210142181439787	0.1798292787	-0.0482466599	-0.0767068725	0.0988968761	0.1251074784	0.0157081085	-0.01857877	0.1717103374	-0.1044441799	-0.0684146619	0.0149276374	-0.1704923741	-0.0603094077	0.0350380602	0.0575626298	-0.0378803421	-0.159268978	-0.0361060384	-0.1514871325	0.1160224764	-0.1059873939	0.0534129596	-0.1313340201	-0.0539305985	0.1817782751	0.0396554167	0.0710457054	0.0607004388	0.0674978515	0.0470978411	0.1739925832	0.0477027143	-0.1972864847	0.1874503987	-0.0940421975	-0.0261209458	0.0401709128	0.0742725986	-0.1013178832	0.0694309549	0.0015048292	0.0074576385	0.0165852266	0.0979722755	-0.0370983956	0.0130374712	0.0256001193	-0.0364445125	-0.1047781314	-0.0658817433	-0.0176495201	0.050951161	0.1638126719	-0.010302102	0.1763191825	0.0084780082	0.0307289066	-0.0773195626	0.0739590836	-0.0262167926	0.0130370165	0.1422439146	-0.1499212421	0.0024388033	-0.0859768115	-0.0275941009	-0.1242764725	0.1386963341	0.026651018	-0.0025407621	-0.1063425006	-0.0445066006	0.2044190149	0.0532098262	-0.0946957353	-0.0331930604	-0.0442192852	-0.0476358896	0.1320296274	0.1381003887	0.0317693559	0.1398735998	-0.033677951	0.0574218888	0.0547020115	0.1534378536	0.1135649638	-0.0088586877	-0.0658096324	-0.0647199573	0.1437308602	-0.0180277633	-0.0616422599	0.042236143	-0.0618559552	-0.0378942446	0.1674269794	-0.0993656699	0.1428774601	-0.0883337779	-0.1854448433	-0.1320969614	0.011202391	0.0273455739	0.0226133076	-0.1186154352	0.0888661936	-0.0446835199	-0.0067565429	0.0398830925147706	1.5841858456204505e-05	2.5096447934641816e-10	0.0015906610685417	0.2229884401638031	-0.013851298579425	0.0497238444466859	0.0001918584723363	-0.1708219295843278	0.010494758881535	0.029180131626913	0.0001101399639815	0.0051900229447862	-2.798927016240023e-05	7.833992442238276e-10	2.693633816740721e-05	8.088523592086894e-05	-4.715665771973108e-05	6.5424213899746275e-09	2.2237503672958726e-09	-4.4209903186771815e-05	-0.0002513772959458	6.319054491705843e-08	1.954515539783736e-09	0.0	0.0	0.0	0.0	0.0
835.6550818268075	1.100217363871934	1.210478247765308	698319.4157829684	1038.3774543005572	-2.463050432441605	6.066617432750778	1078227.7375997058	783.8974602941782	0.9007790305398656	0.8114028618603404	614495.2282556627	822.2883921746709	717.9783102940705	1.021384	23.363707	0.0729975682689169	0.0368854732477971	0.1362608379	0.0210899249	-0.0141856794	0.1127899885	0.1331764045	0.0205613916	-0.0289255756	0.0772562108	-0.0597927674	-0.0422560671	0.0269124943	-0.148744225	0.0935463446	-0.0966100597	0.0778161719	-0.0859496709	-0.1454116065	0.0480311601	-0.0667019683	-0.0281902532	0.0281563985	0.0379136965	-0.0692154028	-0.1540536872	0.0453175083	0.0373071052	-0.010840413	-0.0697926097	-0.0206715262	-0.0564595451	0.0585567229	0.0042505508	-0.0038422389	-0.1002031393	-0.0431877412	0.0864236731	0.0340464539	-0.082272479	0.0404586379	-0.1494960478	0.1055858757	0.2546488077	0.086719636	0.0413632376	-0.042044776	-0.2206637628	-0.1394297076	0.0906105264	-0.0230462086	-0.0153006394	-0.0176154543	-0.0793495198	0.0914056144	-0.0766123099	0.0640935177	0.0007849908	0.0722487302	-0.1798544931	0.0713697787	-0.1299565226	0.0504171596	0.1046224544	-0.0120546457	0.0316205846	0.0008966469	0.1175665926	0.000763172	-0.0240242155	0.05036517	-0.0415586593	-0.0290188121	-0.0142525967	-0.0735668023	0.0399214294	-0.0611094569	0.091780215	0.1443404301	-0.0700323496	-0.0527586737	0.2905236226	0.1443687999	0.1242925076	-0.0311038388	-0.064558076	0.0168585588	0.1435941649	-0.0366011023	-0.1231347903	-0.100128168	-0.0641334168	0.1605892339	-0.0495018459	-0.0653351658	0.103860025	-0.1139631875	0.0023385037	0.0350348093	0.0684251381	0.05026623	-0.050577812	-0.200398961	-0.0936791308	0.1065459979	-0.0297542387	0.0241559184	-0.1199087977	0.0936454286	-0.0540487397	0.0067565429	0.0498473610920768	0.0099642685773061	9.92866482806916e-05	0.0024847594078438	0.1947604545824077	-0.0282279855813953	0.037931634669146	0.0007968191699834	-0.181176915468292	-0.0103549858839642	0.0328250746986046	0.000107225732657	0.0055560274401606	0.0003660044953744	1.3395929063426918e-07	3.086944091581755e-05	1.5716523307673924e-05	-6.516871261319501e-05	2.470091048806577e-10	4.246961103661203e-09	-0.0001020432597242	-5.783335653742819e-05	3.3446971283852877e-09	1.0412826855140541e-08	0.0	0.0	0.0	0.0	0.0
837.1247745656053	1.4696927387977894	2.159996746474947	700777.8881915156	1034.183775562885	-4.193678737672144	17.58694135480343	1069536.0816375038	784.8784118974005	0.9809516032222518	0.962266047864306	616034.1214625855	822.1897860230165	719.0835899485742	0.972077	22.235844	0.1086699745837039	0.0591477682955076	0.1489271544	0.0281622167	0.063088922	0.1099958477	0.0109310702	0.0514197534	-0.0974367927	0.0852923402	0.0541710499	-0.0237414825	-0.1438176348	-0.0479099141	0.201482392	-0.0672007981	0.0700618211	0.0291030502	-0.1197495679	-0.003023374	-0.0202639161	-0.0415503004	0.0751485821	-0.017094876	0.0082997951	-0.0463528277	0.0583710155	-0.1237807576	-0.0263207197	-0.0849612355	0.0609891082	-0.0634836355	0.0124377688	-0.1902907456	-0.0982756484	-0.0776549684	0.0648106806	-0.0083242943	-0.0043158603	0.1488631006	0.0194104742	0.0940963768	-0.0379839669	-0.076714532	0.0883389218	-0.0382229959	-0.0301733641	-0.0464399135	-0.1287549843	0.0978444173	0.0523823621	0.0294919335	0.0200100981	0.0471785141	0.1198371282	-0.0876101374	-0.0753518435	0.0478136988	0.0803486555	-0.1319502569	0.0010817217	-0.0902952512	0.0934749981	0.0188900338	0.1509604142	-0.016740967	0.1002228849	0.1168038346	0.0013533151	-0.0791338505	-0.0029380237	-0.1296060717	-0.0999107539	0.1520095788	-0.0887244061	0.0588888336	0.2029048109	-0.1313330334	-0.0233763395	0.0455591249	0.0003879497	0.1571101203	-0.006704068	0.109594207	-0.0182579357	-0.1676272496	-0.0550277847	0.0656252206	-0.0849122406	-0.0783113663	0.067572855	-0.0709743421	0.0916051177	-0.0168443593	0.0883255023	-0.005701571	-0.1709868216	0.051616009	-0.1019898831	0.087318191	0.0922446067	-0.0177478447	-0.0912850136	-0.0294604252	0.0178223952	-0.0475845842	-0.1020270464	-0.1211199807	0.098167988	-0.063080731	0.0201956026	0.0399418735931647	-0.009905487498912	9.811868259110382e-05	0.0015953532661323	0.2390565654822012	0.0442961108997934	0.0571480415001459	0.0019621454408468	-0.1684750979346176	0.0127018175336744	0.0283838586240789	0.0001613361686587	0.0048360155591537	-0.0007200118810068	5.18417108791094e-07	2.338704648837667e-05	1.6031321993237313e-05	3.147986855633889e-07	2.5700328485085437e-10	9.909821243243736e-14	1.2961233609815222e-05	0.000115004493334	1.3226033487013552e-08	1.679935766882037e-10	0.0	0.0	0.0	0.0	0.0
838.2066080069935	1.0818334413881985	1.1703635949058326	702590.3177065897	1044.918742093173	10.73496653028792	115.23950640640189	1091855.177577579	786.0528629991534	1.1744511017528794	1.379335390408552	617879.1034291658	824.0860828315588	728.3242655931894	0.958428	21.923613	0.0470946779397539	0.0267248364253801	0.1226222963	0.0376710669	0.0993984915	0.0306609222	-0.0356081295	0.0438111312	-0.1565173636	0.0149073192	0.032944075	0.1709536605	-0.1584503681	-0.061574549	0.0144262032	-0.1226028174	0.1589799474	0.0362328788	-0.0868927818	-0.0180468296	0.0635687429	-0.0029307884	-0.0024258673	0.0766465318	-0.1175573266	-0.0915706634	-0.1561194002	-0.0478682799	-0.0804357898	-0.0580252401	0.1290252793	0.0708946391	-0.0609948087	0.0132539223	0.1321608091	0.0348304525	0.0590237003	0.1213709047	-0.0827184613	0.1051006706	0.1197013194	-0.0269170774	-0.0738120893	-0.0260052297	-0.0242763183	-0.1138640657	-0.1365852035	0.0211792805	-0.0873057185	0.0109571687	0.10298531	-0.2304638169	-0.0378247324	-0.1103575668	0.0759066933	-0.1488484336	-0.0809296203	0.025829695	-0.0019329317	0.0258435811	0.008901606	-0.1006322993	0.1356067451	-0.0705499721	0.2080226084	0.082159623	0.0835694749	0.0406669711	-0.1624020103	-0.0565655253	0.1383334828	-0.0097523498	-0.0145749768	0.0104114099	-0.1304173639	-0.0213283587	0.1024639095	0.0022925669	-0.036288934	0.1010439415	0.1635637544	-0.0499067008	-0.0166855744	0.0872550868	-0.015631763	-0.0617537805	-0.1107812013	0.0282479637	-0.0343267741	0.0015934391	0.1239200659	-0.0256184073	0.0401625945	0.0052618994	0.0674745439	-0.120343738	-0.1057652672	-0.0432098776	-0.1009261132	0.0437589466	-0.0146880272	0.0076886043	-0.1419536191	-0.0761428238	-0.1187069986	-0.1102807031	0.1357208396	-0.1222481541	0.1024214758	-0.0717238087	0.033413395	0.0399410558596571	-8.177335076020587e-07	6.686880894551661e-13	0.0015952879431842	0.2185111432878272	-0.0205454221943739	0.0477471197409533	0.000422114373145	-0.1814685315961739	-0.0129934336615563	0.0329308279596715	0.0001688293183172	0.0046080139311413	-0.0002280016280124	5.198474237630489e-08	2.123379238959229e-05	1.5930809948105917e-05	-1.0051204513139569e-07	2.5379070560267045e-10	1.0102671216495722e-14	-3.003671333897361e-05	-4.299794694878883e-05	1.8488234418108583e-09	9.022041482076751e-10	0.0	0.0	0.0	0.0	0.0
838.2190047540992	0.0123967471056403	0.0001536793388012	702611.0999309525	1043.457443552569	-1.461298540604048	2.1353934247715203	1088803.4365052627	785.7749983595294	-0.2778646396239992	0.0772087579533749	617442.3480469184	823.569584864887	729.0566657795425	0.875899	20.035812	0.035479851659005	0.0234046726032469	0.1254866462	0.0525249471	0.0612267778	-0.0326933269	0.0116522046	-0.0031073825	-0.0945804784	-0.0173187409	0.0013859723	0.1009623704	-0.0044196546	-0.0494868214	-0.0457728209	-0.1759598058	0.1303390472	0.0271225336	-0.101084413	0.0212693679	0.0648774652	-0.0619963229	-0.0275394988	0.1123145067	-0.0084581288	-0.1315717808	-0.0284498183	0.0858789103	0.0655344507	0.0505489492	0.0560414621	0.0368016324	-0.0583218635	0.1935275965	0.1551104048	-0.0289274004	-0.0245191114	0.0489503844	0.0360722421	0.0367356871	0.0042918195	-0.0380570515	0.1323693989	0.0267114665	-0.0370600663	-0.0516758689	-0.0306449457	-0.0815953987	-0.0812213118	0.0101966047	-0.1004457413	0.1060240917	-0.0540164811	0.0610072166	0.0544208573	-0.1182706364	0.0085859083	-0.0350472493	0.047634272	0.0800234178	0.0693376756	-0.0546311798	0.0492126044	-0.0914679278	0.1147988751	0.087560789	0.0178347048	0.018560899	-0.1308187915	0.0049653473	0.1380323311	0.023764881	0.1295598591	-0.0100977795	0.0811834758	0.0835893275	-0.0900350911	0.066464264	0.0592568094	-0.0363177951	-0.003591255	-0.1394705284	0.0303888734	0.0889386812	0.0087996454	0.0108159207	-0.1305721168	-0.006271768	-0.0008594528	0.0059013686	0.1430052956	0.0136481414	0.0951114036	-0.0771512669	0.0245978327	-0.1530417353	-0.0974764172	-0.1106432482	-0.1354561164	-0.0880566688	-0.0136102122	0.0395838502	-0.0768925012	-0.1143359775	-0.0652808485	-0.1346343349	-0.028671725	-0.1232925447	0.1063942335	-0.0799246852	0.0462651033	0.0499280453687873	0.0099869895091301	9.973995945547664e-05	0.0024928097143476	0.2208368021843938	0.0023256588965666	0.048768893199029	5.408689303179408e-06	-0.1787018371135218	0.002766694482652	0.0319343465877476	7.654598360337566e-06	0.0042000131959799	-0.0004080007351614	1.6646459989224288e-07	1.764011084640529e-05	1.593697196811128e-05	6.1620200053624785e-09	2.5398707551236474e-10	3.79704905464874e-17	-3.003343510725584e-05	3.278231717768892e-09	1.0746803195385985e-17	9.020072243417475e-10	0.0	0.0	0.0	0.0	0.0
839.2882645904958	1.069259836396668	1.1433165977310291	704404.7910793262	1044.3444725698675	0.8870290172985733	0.7868204775296727	1090655.377387235	785.0436467307673	-0.7313516287621269	0.5348752048930159	616293.5272723417	821.2183531453787	727.1058389696025	0.927468	21.215424	0.069966074324564	0.0368186131373765	0.0423809136	0.071075472	0.0481011352	-0.0778770499	-0.0110960541	-0.0342200649	-0.0333462648	-0.1008897202	0.0028186601	0.0033365255	0.0981595104	-0.0394709947	0.0033497223	-0.1116544691	0.0942845397	-0.0123540919	-0.1049323153	0.0656461148	0.0096993057	-0.1326403924	-0.047782275	0.0059781201	0.0872723307	0.0436212239	0.0769788701	-0.0048589438	0.0290422811	-0.0229013822	0.0374536174	0.0173289651	0.014810412	0.0444430264	-0.0054330385	-0.0411159995	-0.0454195517	0.0328224267	-0.0894964537	-0.0535228583	-0.0350541975	-0.0367855621	0.0045543211	0.0205656279	0.0083461069	0.0449327609	-0.0669493552	-0.005687429	0.0004416639	-0.1230401852	-0.0678545592	0.0833698533	-0.1640294328	0.1045251334	-0.0573753934	-0.1334822749	0.0060620682	-0.0836436027	0.0609021536	0.0151993365	0.1206527034	0.000356676	-0.0024081511	-0.0102898292	0.0259221129	0.0790169325	-0.1521966823	-0.059121297	0.0657237811	0.0985357402	-0.0208267643	-0.0174401127	0.0585079002	-0.0200003648	0.0271439202	0.1706986187	-0.0658980741	0.1063911691	-0.0290294819	0.0368738432	-0.013373414	0.009803465	-0.0283420697	0.0344886243	0.0327243325	0.0569332412	-0.1135810124	-0.0664164835	-0.0472164555	-0.0040962864	0.0742161525	0.0305440925	0.1034525384	-0.0682685039	-0.0909052491	-0.1711689392	-0.0799151589	-0.1647896407	-0.0322978306	-0.0731836349	-0.1782427025	0.003937959	-0.073016615	0.084333744	0.096741018	0.0010985979	0.0670199323	-0.1242524367	0.1100753719	-0.0876327994	0.0586099215	0.0400740120480946	-0.0098540333206927	9.7101972685322e-05	0.0016059264416308	0.240925060093005	0.0200882579086111	0.058044884580818	0.0004035381058028	-0.1783304916551031	0.0003713454584187	0.0318017642539507	1.3789744948820546e-07	0.0039410089541341	-0.0002590042418457	6.708319729411748e-08	1.5531551576565154e-05	-0.0005160571889293	-0.0005319941608974	2.663150222456113e-07	2.830177872289408e-07	-2.7983085113637143e-05	2.050349993618697e-06	4.203935096332193e-12	7.830530524770605e-10	0.0	0.0	0.0	0.0	0.0
841.4655390409127	2.177274450416917	4.740524032438287	708064.2533934138	1043.0311991321155	-1.3132734377520592	1.7246871223051117	1087914.0823629787	785.768203071926	0.7245563411587455	0.5249818915133483	617431.6689588835	821.9718772057988	733.8990266197607	0.93732	21.440792	0.0223498804566669	0.0116896395013174	0.0133884294	0.079876316	0.0371110053	-0.1314171244	-0.0790206307	0.004817507	-0.0602250847	-0.1349016513	0.0534348296	-0.042935964	0.0408509158	0.0421539723	0.0678828833	0.0140091841	0.0916978131	-0.072421432	-0.0851010517	0.0924702055	0.0370946802	-0.1543994506	0.0806866556	0.0221972156	0.1498849875	0.0138919222	0.0918010097	-0.1454590568	-0.0497596536	-0.1312942997	0.0805903748	-0.0536419089	-0.0366373166	0.0699191936	-0.0270484829	0.0767881302	-0.0897379305	0.1107598116	-0.1200296102	-0.08253121	0.0714654929	0.1068549458	-0.0567409629	0.1320214891	0.1163898301	0.0145183873	0.0706605107	0.006837477	0.1110755811	-0.0332193148	-0.0619243917	-0.2144329291	-0.055761774	0.0479071729	-0.1191773707	-0.1304819757	-0.073795391	-0.0493591275	0.0601273899	-0.0833784954	0.0530343356	0.0458970163	0.0627503439	-0.0454100753	0.0248760353	0.1006344351	-0.072956899	-0.0418446085	0.155515163	0.0958471512	-0.1290329725	-0.0139870337	0.0017182205	0.1573679674	0.0264116255	0.1118364869	-0.2094652823	-0.0025872372	-0.0390887435	0.0377572775	0.0205754843	0.0250419507	0.1129972262	0.031050523	0.0508318423	-0.0112441732	-0.0442050325	-0.1776058959	-0.0712995569	-0.055311829	0.0272719916	0.0242095715	0.1079374466	-0.094699962	-0.1244191684	-0.0480848574	0.0030954222	-0.1365448424	0.0008073964	-0.0477807103	-0.1689497998	-0.0169313717	-0.1158554357	0.1650866788	0.0365161673	0.0301662128	0.0175303732	-0.1251271724	0.1134548014	-0.0948006283	0.0703125971	0.0479531389706835	0.0078791269225889	6.208064106226524e-05	0.0022995035371416	0.2416700477341749	0.0007449876411698	0.0584044119718383	5.550065854958879e-07	-0.1765667292673285	0.0017637623877745	0.031175809884162	3.110857760528331e-06	0.0040460066944857	0.0001049977403516	1.1024525478942062e-08	1.6370170171823102e-05	-0.0003820588520577	0.0001339983368716	1.459689664356475e-07	1.7955554284354806e-08	-2.8227077993107225e-05	-2.439928794700819e-07	5.953252523210193e-14	7.96767932028958e-10	0.0	0.0	0.0	0.0	0.0
842.0986026251389	0.6330635842261927	0.4007695016733137	709130.0565432117	1036.5764276173488	-6.454771514766662	41.66407530784311	1074490.690291945	787.5197073191365	1.7515042472105051	3.0677671279964382	620187.2894160184	821.8020908839118	733.9412692782073	0.938673	21.471737	0.051863902388228	0.0365092477668389	-0.0065954751	0.0356165145	0.0744280351	-0.0955867467	-0.1623034688	0.0399878272	-0.1180852931	-0.0432073084	0.0967908028	-0.0469371566	-0.1191467007	0.1672258467	0.1048687791	0.0763988485	0.1176455518	-0.0516037333	0.0121802179	-0.0137448202	0.0992340252	-0.0719420504	0.1808420173	-0.03234375	0.0552812594	-0.0292887346	0.0058439726	0.0694227787	-0.0116853882	0.0802600013	0.0315608631	0.1821193878	-0.0923377617	-0.0727097617	0.0223408672	-0.0845024954	0.055816782	-0.0533332142	-0.1620810252	-0.0762549916	0.0722122694	0.0324206116	-0.0189194659	-0.0526974777	0.0302268527	-0.034895563	0.0546987974	0.0721467497	0.0405350306	0.1736130218	-0.1759321763	0.0079140424	0.1186880602	0.0801576649	-0.0586171479	-0.0803328409	-0.180170885	0.0184264881	0.0164390324	-0.0519170394	-0.13028312	0.0471557841	0.0431437369	-0.02122702	0.0248919071	-0.0033032665	0.0457413607	0.0470281911	-0.0354612235	0.1163254672	-0.2221326016	-0.0699207018	0.0040959807	0.0939376042	-0.0503509497	-0.03435688	0.0492134996	-0.0041116844	-0.0304100544	0.1636933964	0.0419223436	-0.0718719556	-0.0028882548	0.0048191024	0.0083361752	-0.0987395723	-0.0332628818	-0.2071423074	-0.0365731912	-0.0749848722	0.0682880548	-0.0294214287	0.0200294402	-0.022223539	-0.078202514	0.0474345516	0.0030952575	-0.1160724657	-0.0399170548	0.0732187231	-0.2115857359	-0.0077749846	0.0638378791	0.1465662629	0.0819673213	-0.0841359679	0.0316084297	-0.1259161521	0.1165232592	-0.1013839798	0.0812449131	0.0400546824091918	-0.0078984565614916	6.238561605377126e-05	0.0016043775829012	0.2465354702188591	0.0048654224846842	0.0607797380760339	2.3672335954470745e-05	-0.2113078855733121	-0.0347411563059835	0.0446510225054639	0.0012069479414767	0.0040440006763706	-2.006018115100275e-06	4.02410867811046e-12	1.6353941470485872e-05	-0.0004670586888566	-8.499983679889997e-05	2.181438188364463e-07	7.224972255839628e-09	-2.8055592185737e-05	1.7148580737022526e-07	2.940738212941799e-14	7.871162528923871e-10	0.0	0.0	0.0	0.0	0.0
842.1822277238331	0.0836250986941422	0.006993157131605	709270.9046938783	1042.7724222230518	6.195994605702936	38.39034915389988	1087374.3245489306	787.2317100796304	-0.2879972395061259	0.0829424099631488	619733.7653548992	823.2896873274453	744.7463436203275	0.986501	22.565775	0.0317630443205444	0.0172522001553806	0.0208717316	0.0184242291	0.0310701473	-0.1101543954	-0.1627951023	0.1430421316	-0.1402596968	-0.0817215	0.1091919481	0.0456414052	-0.0984582793	0.1135204534	-0.1265291529	0.0692339763	-0.0114118082	-0.0417532389	-0.0381281335	-0.0468474424	0.0685672563	0.0282038757	0.0210894229	-0.0328757421	0.2019433478	-0.0800981022	-0.0427922866	0.051922313	-0.0949478913	-0.0107418676	-0.1478693363	0.0875073676	-0.1587176453	-0.114908119	-0.0070704289	0.1351056035	0.0456287252	-0.0166182392	0.1239936887	0.0841874805	0.0395472956	-0.0681116546	0.0562712969	-0.1006643838	-0.0854333351	0.0144738101	-0.001069465	0.0058705987	0.0247602274	0.03146949	-0.1245975779	0.0125881847	0.0241618562	-0.000932473	-0.0252543642	-0.112284587	-0.0888908811	0.071928946	-0.0320572176	0.0738325356	-0.0970431238	0.1797031129	0.1341381066	-0.005945083	0.0055343104	-0.0406988697	0.113889959	0.0840549958	-0.0267453032	0.040893244	-0.1068747315	0.0422991336	0.0700314851	-0.0552808678	0.0315859786	-0.1413334241	0.1068717016	0.0677777573	0.0659803274	-0.0945708798	0.0872523262	-0.1374168221	-0.0876483303	0.025121596	0.0147542717	-0.0251370816	-0.0147198675	-0.1806815142	0.1161745527	-0.047736288	0.1544584072	0.0236933822	-0.0812396093	-0.0380932493	-0.0264235544	0.0795816006	0.0653837453	0.0070661062	-0.0266671052	0.0625015545	-0.0470375823	-0.0512824807	0.1095042082	0.139985746	-0.0425527596	-0.1934557272	0.0658180906	-0.1266188352	0.1192723348	-0.1073422654	0.0912870929	0.0399602228942654	-9.445951492639826e-05	8.922599960130455e-09	0.0015968194137593	0.256719965866381	0.0101844956475219	0.0659051408744358	0.0001037239515943	-0.2132978846989388	-0.0019899991256266	0.0454959876170417	3.960096519995014e-06	0.0038310077208104	-0.0002129929555601	4.5365999118269305e-08	1.4676620156908895e-05	-0.0002910567073846	0.0001760019814719	8.471400691356468e-08	3.0976697482070226e-08	-2.894245580292677e-05	-8.868636171897697e-07	7.865270754949223e-13	8.376657479043693e-10	0.0	0.0	0.0	0.0	0.0
841.0068348158014	-1.175392908031654	1.381548488251108	707292.4962068927	1036.7356057915806	-6.036816431471152	36.44315262728009	1074820.7163160357	787.6154789177011	0.3837688380707504	0.1472785210741738	620338.1426307597	823.8592087033695	743.5610727077079	0.958386	21.922653	0.0658832756977425	0.0293867955738507	-0.0353385633	0.0005279736	-0.0080009982	-0.049937	-0.0152165688	0.1205736495	-0.079155092	-0.0317105373	-0.0664870965	-0.0559557913	-0.0654573976	0.0947515715	-0.1849225657	0.0739625184	-0.1755128903	-0.0155185787	0.0504531112	-0.0130593028	0.0397311641	0.0654754015	-0.0909812408	0.0104482096	0.034563458	-0.0333827558	0.1122940842	0.0564263988	0.0332921043	0.0739816269	-0.1393349555	0.0553391816	0.0127060332	-0.0252767116	0.0176791988	0.0653277234	-0.0431845308	-0.0310906597	-0.006974537	0.060657734	-0.0889342547	-0.0602327013	0.0360301458	0.0969084693	-0.1922904171	-0.0855608301	0.0538785624	0.0833575671	0.0094287778	0.0211903569	0.0769854808	0.1457378894	0.0088393326	0.1259632351	0.0141346369	-0.0032076863	0.0790054473	0.0030564078	-0.0679436275	0.1177051558	-0.1743909804	0.1012134712	0.0129041513	0.088563622	-0.1019249063	-0.0807494409	0.1066154637	0.0087531499	-0.0444186379	0.0650926547	-0.0491564466	0.0674231641	0.0208343139	-0.0258722283	0.106544392	0.0210545327	0.1029508617	0.0366761736	0.0419306554	-0.0434293721	-0.0180190246	-0.0211181817	0.1067928775	-0.0177132163	0.0500552071	0.0417810432	0.0097049703	-0.0719238185	0.1449566768	-0.0512597184	0.062345014	0.0625684661	-0.0466716075	-0.0140821395	0.0191308158	0.0905730727	0.125299604	0.0694088464	-0.1600000594	0.014804861	-0.0346250764	-0.0060645888	0.0991592395	-0.1932524116	0.1422255377	-0.1011461949	-0.0462745098	-0.1272347401	0.1216944932	-0.1126387502	0.1003291122	0.0498961085632458	0.0099358856689803	9.872182402705004e-05	0.0024896216497552	0.2597216532383442	0.0030016873719631	0.0674553371608586	9.010127079003087e-06	-0.195637949659158	0.0176599350397807	0.0382742073468392	0.0003118733056092	0.0040440119266833	0.0002130042058728	4.53707917195446e-08	1.6354032463156772e-05	1.5065206951492272e-05	0.000306121914336	2.2696046049129107e-10	9.371062643679381e-08	-0.0002155316879343	-0.0001865892321313	3.481554154737548e-08	4.6453908503808484e-08	0.0	0.0	0.0	0.0	0.0
841.587320026602	0.5804852108005889	0.3369630799582041	708269.2172295583	1042.5347627371796	5.799156945598952	33.63022127968857	1086878.7315154674	788.1120410461828	0.4965621284816279	0.2465739474422048	621120.58924198	825.0201010323096	739.8619620015215	0.929519	21.262341	0.1136810255210864	0.0586066473830457	-0.0198563404	0.0386247493	-0.0457985243	-0.1212037093	0.0088213032	0.0694376429	0.0225101473	-0.0972857928	-0.0847483273	-0.0487861247	-0.0075885023	0.0519336688	-0.1068767534	0.0524318721	-0.0451161181	-0.059260662	0.0342346169	0.0727480545	0.058809231	0.0138755656	-0.1660603639	0.0290989707	0.1215527607	0.0062228689	0.0176652085	-0.0934583035	0.1220042897	-0.0163786868	-0.0446588268	-0.0411465165	-0.0159306848	-0.0450794917	0.149991393	0.0540207723	-0.2116598898	-0.0609555941	0.1610624463	-0.0200454894	-0.0189545499	-0.0019524192	-0.0026431172	0.0798230501	0.0890668567	-0.0446193576	0.119000848	0.0107368865	0.1647980742	-0.0466967871	0.0664701908	0.1420945346	0.1279596499	-0.0875865285	-0.0362989211	0.0037589227	0.1181204082	-0.0620463533	-0.0261238475	0.0814003872	-0.0634943512	0.1288931696	0.0255625331	0.0652079357	-0.0786497532	-0.0669119828	0.0915430566	0.125814181	0.0401997717	-0.0317094024	-0.1601522983	0.1374246402	0.0389304821	0.0508298189	0.0570772233	0.109225648	-0.1268382278	-0.1112569653	0.065951482	-0.0945688091	-0.1525687543	-0.0034237425	0.1815297353	-0.0173620134	0.0592801247	0.0916544558	0.0231927035	-0.1262645862	0.1422655219	-0.0978499648	0.0704514531	0.1390972001	-0.0229301282	-0.1973491486	0.0481453225	0.1520165367	0.157494121	0.1465538975	-0.1748759269	-0.1742971116	0.0609239198	0.0757322197	0.1465430815	-0.2738966937	-0.0011375016	0.0582625412	0.0286532334	-0.1277634447	0.1237830955	-0.1172407796	0.1082719048	0.0398636621825119	-0.0100324463807338	0.0001006499803823	0.0015891115626014	0.2408027330600077	-0.0189189201783364	0.0579859562491693	0.0003579255407142	-0.1956973836516695	-5.943399251148729e-05	0.0382974659681087	3.532399465855527e-09	0.0031978730573352	-0.000846138869348	7.159509862216807e-07	1.022639209083038e-05	-0.0006087040295361	-0.0006237692364875	3.705205955734853e-07	3.890880603883138e-07	-0.0004390280814887	-0.0002234963935544	4.9950637931823257e-08	1.927456563356486e-07	0.0	0.0	0.0	0.0	0.0
841.6280836533912	0.0407636267891575	0.0016616732690057	708337.8311940796	1043.2220098322089	0.6872470950293064	0.4723085696262205	1088312.1617983533	786.8852524185684	-1.226788627614383	1.5050103368439804	619188.400473834	824.4311402796385	744.6732709307845	1.002497	22.931688	0.1402761302030666	0.0846910903246677	-0.0885777401	-0.0038296395	-0.0850955282	-0.0300953255	0.0709574344	0.0977762745	0.1067359051	-0.0632626899	-0.1089427	-0.0419008922	-0.0478895412	0.0594934991	-0.0290286559	-0.0237505231	-0.0894413514	-0.0651841815	0.0353586555	0.0738403107	-0.0660546631	0.0207920798	-0.0963695945	0.0568765437	-0.0885755482	0.0405425838	-0.0205029933	-0.0380693093	0.1064235875	-0.0946846994	-0.0442917064	-0.0037362094	-0.0537138896	-0.0652627557	-0.0760709837	-0.0423418971	0.0496798996	-0.2233870501	0.0850658006	0.052312146	-0.0686107463	-0.0214410937	-0.0088741551	-0.0511986715	-0.0881714236	-0.180137634	0.0667052718	-0.1567269502	0.0443973267	0.1413341627	-0.0349336006	-0.1457216511	0.1838882444	0.0201590481	-0.0515513877	0.0481737349	0.1343453812	-0.0268741647	-0.0371277753	-0.025489381	-0.0577189258	0.023372942	0.0796739267	0.0449623867	0.002550827	-0.0740390956	0.1370177694	-0.0493293474	-0.0024993994	-0.0972155244	0.0062525151	-0.027825201	0.067629138	0.001438714	-0.0063667496	0.0076582979	0.0149333176	-0.0879814937	0.0499264852	-0.0593047213	0.014947853	-0.0484583973	-0.1871691289	-0.0243544392	0.0384722755	0.0503997262	0.0983207125	0.0083472949	0.0124749908	-0.1136495362	0.0193942828	0.0433057772	-0.0552814964	0.0125493828	0.0090763662	0.0359473247	0.0886394786	0.0886408589	-0.0490539375	0.0489191228	-0.0942791013	0.1345050485	0.1941527118	-0.2237303829	0.0972247873	0.1694388628	0.0889237875	-0.1282045865	0.1255324169	-0.1211199807	0.1150284477	0.0399374338052496	7.3771622737695e-05	5.442252321352797e-09	0.0015949986189486	0.2435815421500535	0.0027788090900457	0.0593319676761982	7.721779958921152e-06	-0.2259702713212164	-0.0302728876695468	0.0510625635209841	0.000916447727853	0.0046340090094188	0.0014361359520835	2.062486472867068e-06	2.1474039499374605e-05	-9.407177259057596e-05	0.0005146322569455	8.849498398333038e-09	2.6484635988884384e-07	-0.0002467830541031	0.0001922450273855	3.6958150554490095e-08	6.090187579245359e-08	0.0	0.0	0.0	0.0	0.0
838.6616024312463	-2.966481222144921	8.800010841338425	703353.2833925458	1046.8846629119116	3.66265307970275	13.41502758225604	1095967.4974401868	786.7194149937084	-0.1658374248600012	0.0275020514841965	618927.4379280427	823.582166529884	735.2194834223397	1.124966	25.73311	0.0417353017310677	0.021897602220881	0.0199481776	-0.0066016228	-0.2178424679	0.0610288886	0.0909945837	-0.0377284952	0.2196304269	0.0108897684	-0.0458008941	-0.020067533	-0.0960728878	-0.0540211763	-0.0370490051	-0.0662560376	0.0598239621	0.0124841514	0.0024955345	0.0269474125	-0.03870765	0.2399779497	-0.0720685638	-0.0980861078	0.0114430976	0.0470223085	0.0045678316	0.0333869897	-0.0573992908	0.0524124448	-0.1232441671	-0.1385614286	0.0249896156	0.0513907378	-0.0986961154	0.0168916061	0.037412403	0.0527178912	-0.0284798143	0.1101448195	0.1418476583	0.0464324754	-0.0270075167	-0.054543445	0.075696512	-0.0070835054	-0.0022709365	-0.0054867542	0.0567311454	0.013843475	0.0129134014	0.1219240074	0.0114393603	0.0697663719	0.0058470353	0.1269366679	0.181115174	0.1309768426	0.0388851645	0.058661688	0.0123904035	0.0486779866	0.0866420861	0.0197186745	0.1056809126	-0.0273737892	0.0334346942	0.035840887	0.1543276386	0.0266824023	-0.087801202	0.0207124329	-0.0253691125	0.0055845145	0.084068354	-0.0299364141	0.0091273316	-0.0210381647	-0.0496000279	0.1358208668	0.0719983224	0.0223086536	-0.1724047628	0.0470930217	0.0175125425	0.0125588283	0.1419324636	0.0343049197	-0.08095428	-0.0067828938	0.176270644	-0.0175368737	-0.0109652818	-0.158653299	-0.1076209106	-0.1319976854	0.1174526587	0.1138031133	0.1611153821	-0.1001089312	0.2163643429	-0.0732984431	0.0967272861	0.1883356435	-0.0785641707	0.1636967095	0.1733365538	-0.1285578634	0.1269376627	-0.1242524367	0.1205247148	0.0437699034905847	0.003832469685335	1.4687823889012517e-05	0.001915804451575	0.2588441729365627	0.0152626307865091	0.0670003058632131	0.0002329478985252	-0.2260862096900027	-0.0001159383687863	0.0511149742119918	1.3441705356832024e-08	0.0046380250172444	4.016007825600326e-06	1.6128318855283058e-11	2.1511276060584915e-05	0.0001359296751763	0.0002300014477668	1.8476876593534433e-08	5.2900665974858975e-08	-3.0315251886833816e-05	0.0002164678022162	4.6858309396340544e-08	9.190144969621812e-10	0.0	0.0	0.0	0.0	0.0
838.0113783323237	-0.6502240989225356	0.4227913788196234	702263.070214441	1050.7700323940307	3.885369482119131	15.096096012582684	1104117.6609773524	788.4178886162276	1.6984736225192592	2.8848126463936947	621602.7670900703	826.348394031367	722.214527415974	1.870965	42.797508	0.3035557620044449	0.1305630425004404	-0.2244741327	-0.0955919013	0.037217879	0.1618032983	0.0845167024	-0.3341954628	0.1282029369	0.1099940567	-0.0470182664	0.0023719072	0.0305538124	0.1000530072	0.0524136531	0.1346908023	-0.025443878	0.3474120739	0.2663059645	-0.111975166	-0.1687433001	-0.1704999971	-0.0015417156	0.0242991289	-0.2977258532	0.0360701867	-0.1554588525	0.1958565576	0.0830735201	-0.0906296757	0.1724808516	0.2037467615	0.0236840512	-0.0457748842	-0.0520550637	0.0823155256	0.1170035958	0.0481209264	-0.0364475499	-0.2308610451	0.0698594781	0.0496845085	-0.0195221756	0.0989092302	0.1140714605	0.1493575433	-0.0307613681	0.1193838886	0.0424439807	0.0264932076	-0.0994624595	0.1696102161	-0.1572139777	-0.017781329	0.008980254	0.2776125474	-0.0989670975	-0.1257778033	-0.10517187	0.1651311091	0.0389865113	-0.3777900781	-0.287552755	-0.0200954793	-0.1693364246	0.1858373838	-0.019546167	-0.1502912328	-0.1143945805	0.0491802163	-0.187118043	-0.2502040389	-0.1518069406	-0.0799059958	-0.0683338331	-0.1579552529	0.0151157501	-0.0699120153	0.199233888	0.0176152811	-0.0073017442	-0.0364649419	-0.0046039876	-0.252867786	-0.062920277	0.0532046858	-0.0165245892	0.2563764352	-0.0749725659	0.4451016866	-0.158084697	-0.3185980985	0.0775987766	0.1929691085	-0.2686830022	0.2655710018	0.0894409158	0.0861207784	-0.2513422955	-0.2418490337	-0.0504917075	0.111832525	0.0498179831	0.1051915597	-0.2155119881	-0.0202853669	-0.0009622359	-0.1288230331	0.1279949812	-0.1266188352	0.124700488	-0.0038000940462836	-0.0475699975368682	0.0022629046656576	1.4440714760600064e-05	0.2337526303416268	-0.0250915425949359	0.0546402921916292	0.0006295855097934	-0.2996308669375551	-0.0735446572475523	0.0897786564217508	0.0054088166096599	0.0030728716744649	-0.0015651533427794	2.449704986413842e-06	9.44254032772872e-06	0.001061949299159	0.0009260196239827	1.1277363139842914e-06	8.575123440010613e-07	-0.0006861335776264	-0.0006558183257395	4.300976763758477e-07	4.70779286346403e-07	0.0	0.0	0.0	1.0	0.0
841.7089944039842	3.697616071660491	13.67236461340196	708474.0312605663	1053.5598703494743	2.789837955443545	7.78319581763342	1109988.4004108012	790.654690547737	2.236801931509376	5.003282880804076	625134.8396851377	827.7551793658043	733.8619211480208	1.718982	39.320961	0.3327945329278181	0.2226591117640159	-0.3899238372	-0.0657794	0.2448632039	0.1679855423	-0.025399094	-0.1214252642	0.0092565921	-0.03591183	0.0171360175	0.0945163268	0.1594171038	0.0088389443	0.2507163271	0.1963762478	-0.2277384513	0.2350853378	0.3555103765	-0.07637864	0.0335214246	-0.1975526437	0.1588955597	-0.0885133313	-0.1194040099	0.0536076785	-0.1604264106	-0.0286677715	-0.0501139971	0.1283371279	-0.1112164802	-0.0776916146	0.0739715987	0.0758573993	-0.1942823844	-0.0772509708	-0.0363790959	-0.1267227839	0.0562773313	0.0373037449	-0.1404047909	-0.1517034279	0.0310261859	0.0720070767	-0.1729241677	0.0205634013	0.0019635682	0.037606133	-0.0845622275	-0.0848574448	0.0387707328	-0.1325942752	-0.0277752889	-0.1605902633	-0.1169258158	0.144576292	-0.2303708562	-0.0976865306	-0.1743965474	-0.0931405924	-0.0597016198	-0.237408507	-0.1495567581	-0.0068647919	-0.1130773971	-0.1181614837	0.0043847973	-0.1245679442	0.0489003388	-0.2527952179	0.1588515039	0.146240009	0.0843079968	-0.151900325	0.0268849143	0.0094156724	0.130225823	0.1919506083	-0.1157627678	-0.1139440199	-0.0041115296	0.0624117822	0.0209765769	-0.4738163637	-0.0039079264	-0.0599643537	-0.1136685761	0.095207357	-0.0318295193	0.0861364127	-0.2787598415	0.0095924794	-0.2233946342	0.0879176773	0.207174043	0.0209271171	-0.2024110626	-0.1334302201	0.1641035473	0.208169404	-0.2085775172	0.0261489753	-0.0915662241	-0.0741396391	0.2616155405	-0.0091962727	-0.0316295995	-0.1289999139	0.1287014744	-0.1282045865	0.1275100165	0.0222220631302008	0.0260221571764843	0.0006771526641176	0.0004938200897626	0.2436733535758577	0.0099207232342309	0.0593767032429049	9.84207494902089e-05	-0.240777752048082	0.058853114889473	0.0579739258813276	0.0034636891321935	-0.0010039923445408	-0.0040768640190057	1.662082022946331e-05	1.0080006278965325e-06	0.0010500032230202	-1.19460761388e-05	1.102506768352808e-06	1.427087351140067e-10	-1.4972920218305234e-05	0.000671160657408	4.504566280524659e-07	2.2418833986373363e-10	0.0	0.0	0.0	0.0	1.0
842.3421310212632	0.6331366172789785	0.4008619761394677	709540.2656934429	1057.0067251536473	3.446854804172972	11.880808041050296	1117263.217020038	790.5122144294508	-0.1424761182862539	0.0202994442819186	624909.561162154	826.7102138319619	733.7764309420318	1.450236	33.173519	0.238731599904159	0.1132054408737073	-0.2409754074	0.0319320644	0.0782045683	0.107786407	0.0307467694	0.0197651021	0.0641626015	-0.052247004	0.0113482976	0.153746036	0.0818410815	-0.0498731922	0.1684416373	0.1710770284	-0.2258507127	0.0533097859	0.1650475194	-0.0237459873	0.2232736067	-0.0337124378	-0.0024077172	-0.1883387256	-0.0212926514	0.049376658	0.0343310073	0.018319232	-0.0431650039	-0.0294692066	-0.0514438581	-0.1647362464	0.1606791393	0.0777906098	0.1026395521	0.0071226371	-0.0607553462	0.0131903196	0.1638628779	-0.0955423783	0.0596209655	0.0576938246	-0.0930995845	-0.1031829155	0.0468506735	-0.0423621535	0.0244527958	-0.031929527	0.0703811982	-0.0212442756	0.1334188361	0.0190135492	-0.0328165283	-0.0405393368	-0.1215008995	0.0692071134	-0.084848913	0.059724527	-0.1858873373	-0.0251889553	0.00224379	-0.029593192	-0.1471456127	-0.0127068433	0.0040442763	-0.1570665053	0.0291089558	0.0058672041	0.1515098445	-0.0526169412	0.1006170754	0.0968464472	0.0469991755	-0.0357799936	-0.0637011139	0.1611839533	-0.1256073422	-0.0299663328	-0.0616141894	-0.0239218677	-0.0449909253	-0.1125852333	0.0507703456	-0.2659268162	0.1061199318	0.0205259037	0.007577099	0.0344069625	0.0065169362	-0.029238922	-0.1005335136	0.1424537616	-0.2714070378	-0.186595813	0.0853235274	-0.1321674809	-0.1015776104	0.0969294977	0.1827373908	-0.0190191312	0.2320518167	-0.3024582115	0.0165681598	0.2114898314	-0.2224753269	0.1382525052	-0.060034483	-0.1290883846	0.1290552057	-0.1289999139	0.1289225186	0.0407591989819025	0.0185371358517017	0.0003436254055844	0.0016613123016463	0.2215154124712341	-0.0221579411046236	0.0490690779623009	0.0004909743539959	-0.1783885217500511	0.0623892302980308	0.0318224646921684	0.0038924160571807	0.0005639999274056	0.0015679922719464	2.4585997648836337e-06	3.1809591811352215e-07	2.2559997203686063e-08	-0.0010499806630229	5.08953473830323e-16	1.1024593927222111e-06	7.999999780835588e-05	9.497291802666112e-05	9.019855158498892e-09	6.399999649336946e-09	0.0	0.0	0.0	0.0	0.0
