
Tue Mar 10 09:29:21 CET 2026
cd /out/sourcedata/freesurfer/sub-v1s8x0051347_ses-1
setenv SUBJECTS_DIR /out/sourcedata/freesurfer
/opt/freesurfer/bin/recon-all -autorecon-hemi rh -noparcstats -noparcstats2 -noparcstats3 -nohyporelabel -nobalabels -rh-only -openmp 16 -subjid sub-v1s8x0051347_ses-1 -sd /out/sourcedata/freesurfer

subjid sub-v1s8x0051347_ses-1
setenv SUBJECTS_DIR /out/sourcedata/freesurfer
FREESURFER_HOME /opt/freesurfer
Actual FREESURFER_HOME /opt/freesurfer
build-stamp.txt: freesurfer-linux-ubuntu22_x86_64-7.3.2-20220804-6354275
Linux dna060 5.14.0-427.37.1.el9_4.x86_64 #1 SMP PREEMPT_DYNAMIC Fri Sep 13 12:41:50 EDT 2024 x86_64 x86_64 x86_64 GNU/Linux
cputime      unlimited
filesize     unlimited
datasize     unlimited
stacksize    8192 kbytes
coredumpsize 0 kbytes
memoryuse    67108864 kbytes
vmemoryuse   unlimited
descriptors  1024 
memorylocked unlimited
maxproc      2061970 
maxlocks     unlimited
maxsignal    2061971 
maxmessage   819200 
maxnice      0 
maxrtprio    0 
maxrttime    unlimited

               total        used        free      shared  buff/cache   available
Mem:           503Gi        44Gi       414Gi        10Gi        44Gi       444Gi
Swap:             0B          0B          0B

########################################
program versions used
7.3.2 (freesurfer-linux-ubuntu22_x86_64-7.3.2-20220804-6354275)
7.3.2

ProgramName: lta_convert  ProgramArguments: lta_convert -all-info  ProgramVersion: 7.3.2  TimeStamp: 2026/03/10-08:29:21-GMT  BuildTime: Aug  4 2022 06:17:15  BuildStamp: freesurfer-linux-ubuntu22_x86_64-7.3.2-20220804-6354275  User: oesteban  Machine: dna060  Platform: Linux  PlatformVersion: 5.14.0-427.37.1.el9_4.x86_64  CompilerName: GCC  CompilerVersion: 8.4.0
ProgramName: mri_and  ProgramArguments: mri_and -all-info  ProgramVersion: 7.3.2  TimeStamp: 2026/03/10-08:29:21-GMT  BuildTime: Aug  4 2022 06:17:15  BuildStamp: freesurfer-linux-ubuntu22_x86_64-7.3.2-20220804-6354275  User: oesteban  Machine: dna060  Platform: Linux  PlatformVersion: 5.14.0-427.37.1.el9_4.x86_64  CompilerName: GCC  CompilerVersion: 8.4.0
ProgramName: mri_annotation2label  ProgramArguments: mri_annotation2label -all-info  ProgramVersion: 7.3.2  TimeStamp: 2026/03/10-08:29:21-GMT  BuildTime: Aug  4 2022 06:17:15  BuildStamp: freesurfer-linux-ubuntu22_x86_64-7.3.2-20220804-6354275  User: oesteban  Machine: dna060  Platform: Linux  PlatformVersion: 5.14.0-427.37.1.el9_4.x86_64  CompilerName: GCC  CompilerVersion: 8.4.0
ProgramName: mri_aparc2aseg  ProgramArguments: mri_aparc2aseg -all-info  ProgramVersion: 7.3.2  TimeStamp: 2026/03/10-08:29:21-GMT  BuildTime: Aug  4 2022 06:17:15  BuildStamp: freesurfer-linux-ubuntu22_x86_64-7.3.2-20220804-6354275  User: oesteban  Machine: dna060  Platform: Linux  PlatformVersion: 5.14.0-427.37.1.el9_4.x86_64  CompilerName: GCC  CompilerVersion: 8.4.0
ProgramName: mri_surf2volseg  ProgramArguments: mri_surf2volseg -all-info  ProgramVersion: 7.3.2  TimeStamp: 2026/03/10-08:29:21-GMT  BuildTime: Aug  4 2022 06:17:15  BuildStamp: freesurfer-linux-ubuntu22_x86_64-7.3.2-20220804-6354275  User: oesteban  Machine: dna060  Platform: Linux  PlatformVersion: 5.14.0-427.37.1.el9_4.x86_64  CompilerName: GCC  CompilerVersion: 8.4.0
ProgramName: mri_binarize  ProgramArguments: mri_binarize -all-info  ProgramVersion: 7.3.2  TimeStamp: 2026/03/10-08:29:21-GMT  BuildTime: Aug  4 2022 06:17:15  BuildStamp: freesurfer-linux-ubuntu22_x86_64-7.3.2-20220804-6354275  User: oesteban  Machine: dna060  Platform: Linux  PlatformVersion: 5.14.0-427.37.1.el9_4.x86_64  CompilerName: GCC  CompilerVersion: 8.4.0
ProgramName: mri_ca_label  ProgramArguments: mri_ca_label -all-info  ProgramVersion: 7.3.2  TimeStamp: 2026/03/10-08:29:21-GMT  BuildTime: Aug  4 2022 06:17:15  BuildStamp: freesurfer-linux-ubuntu22_x86_64-7.3.2-20220804-6354275  User: oesteban  Machine: dna060  Platform: Linux  PlatformVersion: 5.14.0-427.37.1.el9_4.x86_64  CompilerName: GCC  CompilerVersion: 8.4.0
ProgramName: mri_ca_normalize  ProgramArguments: mri_ca_normalize -all-info  ProgramVersion: 7.3.2  TimeStamp: 2026/03/10-08:29:21-GMT  BuildTime: Aug  4 2022 06:17:15  BuildStamp: freesurfer-linux-ubuntu22_x86_64-7.3.2-20220804-6354275  User: oesteban  Machine: dna060  Platform: Linux  PlatformVersion: 5.14.0-427.37.1.el9_4.x86_64  CompilerName: GCC  CompilerVersion: 8.4.0
ProgramName: mri_ca_register  ProgramArguments: mri_ca_register -all-info  ProgramVersion: 7.3.2  TimeStamp: 2026/03/10-08:29:21-GMT  BuildTime: Aug  4 2022 06:17:15  BuildStamp: freesurfer-linux-ubuntu22_x86_64-7.3.2-20220804-6354275  User: oesteban  Machine: dna060  Platform: Linux  PlatformVersion: 5.14.0-427.37.1.el9_4.x86_64  CompilerName: GCC  CompilerVersion: 8.4.0
ProgramName: mri_cc  ProgramArguments: mri_cc -all-info  ProgramVersion: 7.3.2  TimeStamp: 2026/03/10-08:29:21-GMT  BuildTime: Aug  4 2022 06:17:15  BuildStamp: freesurfer-linux-ubuntu22_x86_64-7.3.2-20220804-6354275  User: oesteban  Machine: dna060  Platform: Linux  PlatformVersion: 5.14.0-427.37.1.el9_4.x86_64  CompilerName: GCC  CompilerVersion: 8.4.0
ProgramName: mri_compute_overlap  ProgramArguments: mri_compute_overlap -all-info  ProgramVersion: 7.3.2  TimeStamp: 2026/03/10-08:29:21-GMT  BuildTime: Aug  4 2022 06:17:15  BuildStamp: freesurfer-linux-ubuntu22_x86_64-7.3.2-20220804-6354275  User: oesteban  Machine: dna060  Platform: Linux  PlatformVersion: 5.14.0-427.37.1.el9_4.x86_64  CompilerName: GCC  CompilerVersion: 8.4.0
ProgramName: mri_compute_seg_overlap  ProgramArguments: mri_compute_seg_overlap -all-info  ProgramVersion: 7.3.2  TimeStamp: 2026/03/10-08:29:21-GMT  BuildTime: Aug  4 2022 06:17:15  BuildStamp: freesurfer-linux-ubuntu22_x86_64-7.3.2-20220804-6354275  User: oesteban  Machine: dna060  Platform: Linux  PlatformVersion: 5.14.0-427.37.1.el9_4.x86_64  CompilerName: GCC  CompilerVersion: 8.4.0
ProgramName: mri_concat  ProgramArguments: mri_concat -all-info  ProgramVersion: 7.3.2  TimeStamp: 2026/03/10-08:29:21-GMT  BuildTime: Aug  4 2022 06:17:15  BuildStamp: freesurfer-linux-ubuntu22_x86_64-7.3.2-20220804-6354275  User: oesteban  Machine: dna060  Platform: Linux  PlatformVersion: 5.14.0-427.37.1.el9_4.x86_64  CompilerName: GCC  CompilerVersion: 8.4.0
ProgramName: mri_concatenate_lta  ProgramArguments: mri_concatenate_lta -all-info  ProgramVersion: 7.3.2  TimeStamp: 2026/03/10-08:29:21-GMT  BuildTime: Aug  4 2022 06:17:15  BuildStamp: freesurfer-linux-ubuntu22_x86_64-7.3.2-20220804-6354275  User: oesteban  Machine: dna060  Platform: Linux  PlatformVersion: 5.14.0-427.37.1.el9_4.x86_64  CompilerName: GCC  CompilerVersion: 8.4.0
mri_convert -all-info 
ProgramName: mri_convert  ProgramArguments: mri_convert -all-info  ProgramVersion: 7.3.2  TimeStamp: 2026/03/10-08:29:21-GMT  BuildTime: Aug  4 2022 06:17:15  BuildStamp: freesurfer-linux-ubuntu22_x86_64-7.3.2-20220804-6354275  User: oesteban  Machine: dna060  Platform: Linux  PlatformVersion: 5.14.0-427.37.1.el9_4.x86_64  CompilerName: GCC  CompilerVersion: 8.4.0
ProgramName: mri_diff  ProgramArguments: mri_diff -all-info  ProgramVersion: 7.3.2  TimeStamp: 2026/03/10-08:29:21-GMT  BuildTime: Aug  4 2022 06:17:15  BuildStamp: freesurfer-linux-ubuntu22_x86_64-7.3.2-20220804-6354275  User: oesteban  Machine: dna060  Platform: Linux  PlatformVersion: 5.14.0-427.37.1.el9_4.x86_64  CompilerName: GCC  CompilerVersion: 8.4.0
ProgramName: mri_edit_wm_with_aseg  ProgramArguments: mri_edit_wm_with_aseg -all-info  ProgramVersion: 7.3.2  TimeStamp: 2026/03/10-08:29:21-GMT  BuildTime: Aug  4 2022 06:17:15  BuildStamp: freesurfer-linux-ubuntu22_x86_64-7.3.2-20220804-6354275  User: oesteban  Machine: dna060  Platform: Linux  PlatformVersion: 5.14.0-427.37.1.el9_4.x86_64  CompilerName: GCC  CompilerVersion: 8.4.0
ProgramName: mri_em_register  ProgramArguments: mri_em_register -all-info  ProgramVersion: 7.3.2  TimeStamp: 2026/03/10-08:29:21-GMT  BuildTime: Aug  4 2022 06:17:15  BuildStamp: freesurfer-linux-ubuntu22_x86_64-7.3.2-20220804-6354275  User: oesteban  Machine: dna060  Platform: Linux  PlatformVersion: 5.14.0-427.37.1.el9_4.x86_64  CompilerName: GCC  CompilerVersion: 8.4.0
ProgramName: mri_fill  ProgramArguments: mri_fill -all-info  ProgramVersion: 7.3.2  TimeStamp: 2026/03/10-08:29:21-GMT  BuildTime: Aug  4 2022 06:17:15  BuildStamp: freesurfer-linux-ubuntu22_x86_64-7.3.2-20220804-6354275  User: oesteban  Machine: dna060  Platform: Linux  PlatformVersion: 5.14.0-427.37.1.el9_4.x86_64  CompilerName: GCC  CompilerVersion: 8.4.0
ProgramName: mri_fuse_segmentations  ProgramArguments: mri_fuse_segmentations -all-info  ProgramVersion: 7.3.2  TimeStamp: 2026/03/10-08:29:21-GMT  BuildTime: Aug  4 2022 06:17:15  BuildStamp: freesurfer-linux-ubuntu22_x86_64-7.3.2-20220804-6354275  User: oesteban  Machine: dna060  Platform: Linux  PlatformVersion: 5.14.0-427.37.1.el9_4.x86_64  CompilerName: GCC  CompilerVersion: 8.4.0
ProgramName: mri_fwhm  ProgramArguments: mri_fwhm -all-info  ProgramVersion: 7.3.2  TimeStamp: 2026/03/10-08:29:21-GMT  BuildTime: Aug  4 2022 06:17:15  BuildStamp: freesurfer-linux-ubuntu22_x86_64-7.3.2-20220804-6354275  User: oesteban  Machine: dna060  Platform: Linux  PlatformVersion: 5.14.0-427.37.1.el9_4.x86_64  CompilerName: GCC  CompilerVersion: 8.4.0
ProgramName: mri_gcut  ProgramArguments: mri_gcut -all-info  ProgramVersion: 7.3.2  TimeStamp: 2026/03/10-08:29:21-GMT  BuildTime: Aug  4 2022 06:17:15  BuildStamp: freesurfer-linux-ubuntu22_x86_64-7.3.2-20220804-6354275  User: oesteban  Machine: dna060  Platform: Linux  PlatformVersion: 5.14.0-427.37.1.el9_4.x86_64  CompilerName: GCC  CompilerVersion: 8.4.0
ProgramName: mri_info  ProgramArguments: mri_info -all-info  ProgramVersion: 7.3.2  TimeStamp: 2026/03/10-08:29:21-GMT  BuildTime: Aug  4 2022 06:17:15  BuildStamp: freesurfer-linux-ubuntu22_x86_64-7.3.2-20220804-6354275  User: oesteban  Machine: dna060  Platform: Linux  PlatformVersion: 5.14.0-427.37.1.el9_4.x86_64  CompilerName: GCC  CompilerVersion: 8.4.0
ProgramName: mri_label2label  ProgramArguments: mri_label2label -all-info  ProgramVersion: 7.3.2  TimeStamp: 2026/03/10-08:29:21-GMT  BuildTime: Aug  4 2022 06:17:15  BuildStamp: freesurfer-linux-ubuntu22_x86_64-7.3.2-20220804-6354275  User: oesteban  Machine: dna060  Platform: Linux  PlatformVersion: 5.14.0-427.37.1.el9_4.x86_64  CompilerName: GCC  CompilerVersion: 8.4.0
ProgramName: mri_label2vol  ProgramArguments: mri_label2vol -all-info  ProgramVersion: 7.3.2  TimeStamp: 2026/03/10-08:29:21-GMT  BuildTime: Aug  4 2022 06:17:15  BuildStamp: freesurfer-linux-ubuntu22_x86_64-7.3.2-20220804-6354275  User: oesteban  Machine: dna060  Platform: Linux  PlatformVersion: 5.14.0-427.37.1.el9_4.x86_64  CompilerName: GCC  CompilerVersion: 8.4.0
ProgramName: mri_log_likelihood  ProgramArguments: mri_log_likelihood -all-info  ProgramVersion: 7.3.2  TimeStamp: 2026/03/10-08:29:21-GMT  BuildTime: Aug  4 2022 06:17:15  BuildStamp: freesurfer-linux-ubuntu22_x86_64-7.3.2-20220804-6354275  User: oesteban  Machine: dna060  Platform: Linux  PlatformVersion: 5.14.0-427.37.1.el9_4.x86_64  CompilerName: GCC  CompilerVersion: 8.4.0
ProgramName: mri_mask  ProgramArguments: mri_mask -all-info  ProgramVersion: 7.3.2  TimeStamp: 2026/03/10-08:29:21-GMT  BuildTime: Aug  4 2022 06:17:15  BuildStamp: freesurfer-linux-ubuntu22_x86_64-7.3.2-20220804-6354275  User: oesteban  Machine: dna060  Platform: Linux  PlatformVersion: 5.14.0-427.37.1.el9_4.x86_64  CompilerName: GCC  CompilerVersion: 8.4.0
ProgramName: mri_matrix_multiply  ProgramArguments: mri_matrix_multiply -all-info  ProgramVersion: 7.3.2  TimeStamp: 2026/03/10-08:29:21-GMT  BuildTime: Aug  4 2022 06:17:15  BuildStamp: freesurfer-linux-ubuntu22_x86_64-7.3.2-20220804-6354275  User: oesteban  Machine: dna060  Platform: Linux  PlatformVersion: 5.14.0-427.37.1.el9_4.x86_64  CompilerName: GCC  CompilerVersion: 8.4.0
ProgramName: mri_normalize  ProgramArguments: mri_normalize -all-info  ProgramVersion: 7.3.2  TimeStamp: 2026/03/10-08:29:21-GMT  BuildTime: Aug  4 2022 06:17:15  BuildStamp: freesurfer-linux-ubuntu22_x86_64-7.3.2-20220804-6354275  User: oesteban  Machine: dna060  Platform: Linux  PlatformVersion: 5.14.0-427.37.1.el9_4.x86_64  CompilerName: GCC  CompilerVersion: 8.4.0
ProgramName: mri_normalize_tp2  ProgramArguments: mri_normalize_tp2 -all-info  ProgramVersion: 7.3.2  TimeStamp: 2026/03/10-08:29:21-GMT  BuildTime: Aug  4 2022 06:17:15  BuildStamp: freesurfer-linux-ubuntu22_x86_64-7.3.2-20220804-6354275  User: oesteban  Machine: dna060  Platform: Linux  PlatformVersion: 5.14.0-427.37.1.el9_4.x86_64  CompilerName: GCC  CompilerVersion: 8.4.0
ProgramName: mri_or  ProgramArguments: mri_or -all-info  ProgramVersion: 7.3.2  TimeStamp: 2026/03/10-08:29:21-GMT  BuildTime: Aug  4 2022 06:17:15  BuildStamp: freesurfer-linux-ubuntu22_x86_64-7.3.2-20220804-6354275  User: oesteban  Machine: dna060  Platform: Linux  PlatformVersion: 5.14.0-427.37.1.el9_4.x86_64  CompilerName: GCC  CompilerVersion: 8.4.0
ProgramName: mri_relabel_hypointensities  ProgramArguments: mri_relabel_hypointensities -all-info  ProgramVersion: 7.3.2  TimeStamp: 2026/03/10-08:29:21-GMT  BuildTime: Aug  4 2022 06:17:15  BuildStamp: freesurfer-linux-ubuntu22_x86_64-7.3.2-20220804-6354275  User: oesteban  Machine: dna060  Platform: Linux  PlatformVersion: 5.14.0-427.37.1.el9_4.x86_64  CompilerName: GCC  CompilerVersion: 8.4.0
ProgramName: mri_relabel_nonwm_hypos  ProgramArguments: mri_relabel_nonwm_hypos -all-info  ProgramVersion: 7.3.2  TimeStamp: 2026/03/10-08:29:21-GMT  BuildTime: Aug  4 2022 06:17:15  BuildStamp: freesurfer-linux-ubuntu22_x86_64-7.3.2-20220804-6354275  User: oesteban  Machine: dna060  Platform: Linux  PlatformVersion: 5.14.0-427.37.1.el9_4.x86_64  CompilerName: GCC  CompilerVersion: 8.4.0
ProgramName: mri_remove_neck  ProgramArguments: mri_remove_neck -all-info  ProgramVersion: 7.3.2  TimeStamp: 2026/03/10-08:29:21-GMT  BuildTime: Aug  4 2022 06:17:15  BuildStamp: freesurfer-linux-ubuntu22_x86_64-7.3.2-20220804-6354275  User: oesteban  Machine: dna060  Platform: Linux  PlatformVersion: 5.14.0-427.37.1.el9_4.x86_64  CompilerName: GCC  CompilerVersion: 8.4.0
7.3.2

ProgramName: mri_robust_register  ProgramArguments: mri_robust_register -all-info  ProgramVersion: 7.3.2  TimeStamp: 2026/03/10-08:29:21-GMT  BuildTime: Aug  4 2022 06:17:15  BuildStamp: freesurfer-linux-ubuntu22_x86_64-7.3.2-20220804-6354275  User: oesteban  Machine: dna060  Platform: Linux  PlatformVersion: 5.14.0-427.37.1.el9_4.x86_64  CompilerName: GCC  CompilerVersion: 8.4.0
7.3.2

ProgramName: mri_robust_template  ProgramArguments: mri_robust_template -all-info  ProgramVersion: 7.3.2  TimeStamp: 2026/03/10-08:29:21-GMT  BuildTime: Aug  4 2022 06:17:15  BuildStamp: freesurfer-linux-ubuntu22_x86_64-7.3.2-20220804-6354275  User: oesteban  Machine: dna060  Platform: Linux  PlatformVersion: 5.14.0-427.37.1.el9_4.x86_64  CompilerName: GCC  CompilerVersion: 8.4.0
ProgramName: mris_anatomical_stats  ProgramArguments: mris_anatomical_stats -all-info  ProgramVersion: 7.3.2  TimeStamp: 2026/03/10-08:29:21-GMT  BuildTime: Aug  4 2022 06:17:15  BuildStamp: freesurfer-linux-ubuntu22_x86_64-7.3.2-20220804-6354275  User: oesteban  Machine: dna060  Platform: Linux  PlatformVersion: 5.14.0-427.37.1.el9_4.x86_64  CompilerName: GCC  CompilerVersion: 8.4.0
ProgramName: mris_ca_label  ProgramArguments: mris_ca_label -all-info  ProgramVersion: 7.3.2  TimeStamp: 2026/03/10-08:29:21-GMT  BuildTime: Aug  4 2022 06:17:15  BuildStamp: freesurfer-linux-ubuntu22_x86_64-7.3.2-20220804-6354275  User: oesteban  Machine: dna060  Platform: Linux  PlatformVersion: 5.14.0-427.37.1.el9_4.x86_64  CompilerName: GCC  CompilerVersion: 8.4.0
ProgramName: mris_calc  ProgramArguments: mris_calc -all-info  ProgramVersion: 7.3.2  TimeStamp: 2026/03/10-08:29:21-GMT  BuildTime: Aug  4 2022 06:17:15  BuildStamp: freesurfer-linux-ubuntu22_x86_64-7.3.2-20220804-6354275  User: oesteban  Machine: dna060  Platform: Linux  PlatformVersion: 5.14.0-427.37.1.el9_4.x86_64  CompilerName: GCC  CompilerVersion: 8.4.0
ProgramName: mris_convert  ProgramArguments: mris_convert -all-info  ProgramVersion: 7.3.2  TimeStamp: 2026/03/10-08:29:21-GMT  BuildTime: Aug  4 2022 06:17:15  BuildStamp: freesurfer-linux-ubuntu22_x86_64-7.3.2-20220804-6354275  User: oesteban  Machine: dna060  Platform: Linux  PlatformVersion: 5.14.0-427.37.1.el9_4.x86_64  CompilerName: GCC  CompilerVersion: 8.4.0
ProgramName: mris_curvature  ProgramArguments: mris_curvature -all-info  ProgramVersion: 7.3.2  TimeStamp: 2026/03/10-08:29:21-GMT  BuildTime: Aug  4 2022 06:17:15  BuildStamp: freesurfer-linux-ubuntu22_x86_64-7.3.2-20220804-6354275  User: oesteban  Machine: dna060  Platform: Linux  PlatformVersion: 5.14.0-427.37.1.el9_4.x86_64  CompilerName: GCC  CompilerVersion: 8.4.0
ProgramName: mris_curvature_stats  ProgramArguments: mris_curvature_stats -all-info  ProgramVersion: 7.3.2  TimeStamp: 2026/03/10-08:29:21-GMT  BuildTime: Aug  4 2022 06:17:15  BuildStamp: freesurfer-linux-ubuntu22_x86_64-7.3.2-20220804-6354275  User: oesteban  Machine: dna060  Platform: Linux  PlatformVersion: 5.14.0-427.37.1.el9_4.x86_64  CompilerName: GCC  CompilerVersion: 8.4.0
ProgramName: mris_diff  ProgramArguments: mris_diff -all-info  ProgramVersion: 7.3.2  TimeStamp: 2026/03/10-08:29:21-GMT  BuildTime: Aug  4 2022 06:17:15  BuildStamp: freesurfer-linux-ubuntu22_x86_64-7.3.2-20220804-6354275  User: oesteban  Machine: dna060  Platform: Linux  PlatformVersion: 5.14.0-427.37.1.el9_4.x86_64  CompilerName: GCC  CompilerVersion: 8.4.0
ProgramName: mris_divide_parcellation  ProgramArguments: mris_divide_parcellation -all-info  ProgramVersion: 7.3.2  TimeStamp: 2026/03/10-08:29:21-GMT  BuildTime: Aug  4 2022 06:17:15  BuildStamp: freesurfer-linux-ubuntu22_x86_64-7.3.2-20220804-6354275  User: oesteban  Machine: dna060  Platform: Linux  PlatformVersion: 5.14.0-427.37.1.el9_4.x86_64  CompilerName: GCC  CompilerVersion: 8.4.0
ProgramName: mri_segment  ProgramArguments: mri_segment -all-info  ProgramVersion: 7.3.2  TimeStamp: 2026/03/10-08:29:21-GMT  BuildTime: Aug  4 2022 06:17:15  BuildStamp: freesurfer-linux-ubuntu22_x86_64-7.3.2-20220804-6354275  User: oesteban  Machine: dna060  Platform: Linux  PlatformVersion: 5.14.0-427.37.1.el9_4.x86_64  CompilerName: GCC  CompilerVersion: 8.4.0
ProgramName: mri_segstats  ProgramArguments: mri_segstats -all-info  ProgramVersion: 7.3.2  TimeStamp: 2026/03/10-08:29:21-GMT  BuildTime: Aug  4 2022 06:17:15  BuildStamp: freesurfer-linux-ubuntu22_x86_64-7.3.2-20220804-6354275  User: oesteban  Machine: dna060  Platform: Linux  PlatformVersion: 5.14.0-427.37.1.el9_4.x86_64  CompilerName: GCC  CompilerVersion: 8.4.0
ProgramName: mris_euler_number  ProgramArguments: mris_euler_number -all-info  ProgramVersion: 7.3.2  TimeStamp: 2026/03/10-08:29:21-GMT  BuildTime: Aug  4 2022 06:17:15  BuildStamp: freesurfer-linux-ubuntu22_x86_64-7.3.2-20220804-6354275  User: oesteban  Machine: dna060  Platform: Linux  PlatformVersion: 5.14.0-427.37.1.el9_4.x86_64  CompilerName: GCC  CompilerVersion: 8.4.0
ProgramName: mris_fix_topology  ProgramArguments: mris_fix_topology -all-info  ProgramVersion: 7.3.2  TimeStamp: 2026/03/10-08:29:21-GMT  BuildTime: Aug  4 2022 06:17:15  BuildStamp: freesurfer-linux-ubuntu22_x86_64-7.3.2-20220804-6354275  User: oesteban  Machine: dna060  Platform: Linux  PlatformVersion: 5.14.0-427.37.1.el9_4.x86_64  CompilerName: GCC  CompilerVersion: 8.4.0
ProgramName: mris_topo_fixer  ProgramArguments: mris_topo_fixer -all-info  ProgramVersion: 7.3.2  TimeStamp: 2026/03/10-08:29:21-GMT  BuildTime: Aug  4 2022 06:17:15  BuildStamp: freesurfer-linux-ubuntu22_x86_64-7.3.2-20220804-6354275  User: oesteban  Machine: dna060  Platform: Linux  PlatformVersion: 5.14.0-427.37.1.el9_4.x86_64  CompilerName: GCC  CompilerVersion: 8.4.0
ProgramName: mris_jacobian  ProgramArguments: mris_jacobian -all-info  ProgramVersion: 7.3.2  TimeStamp: 2026/03/10-08:29:21-GMT  BuildTime: Aug  4 2022 06:17:15  BuildStamp: freesurfer-linux-ubuntu22_x86_64-7.3.2-20220804-6354275  User: oesteban  Machine: dna060  Platform: Linux  PlatformVersion: 5.14.0-427.37.1.el9_4.x86_64  CompilerName: GCC  CompilerVersion: 8.4.0
ProgramName: mris_label2annot  ProgramArguments: mris_label2annot -all-info  ProgramVersion: 7.3.2  TimeStamp: 2026/03/10-08:29:21-GMT  BuildTime: Aug  4 2022 06:17:15  BuildStamp: freesurfer-linux-ubuntu22_x86_64-7.3.2-20220804-6354275  User: oesteban  Machine: dna060  Platform: Linux  PlatformVersion: 5.14.0-427.37.1.el9_4.x86_64  CompilerName: GCC  CompilerVersion: 8.4.0
ProgramName: mris_left_right_register  ProgramArguments: mris_left_right_register -all-info  ProgramVersion: 7.3.2  TimeStamp: 2026/03/10-08:29:21-GMT  BuildTime: Aug  4 2022 06:17:15  BuildStamp: freesurfer-linux-ubuntu22_x86_64-7.3.2-20220804-6354275  User: oesteban  Machine: dna060  Platform: Linux  PlatformVersion: 5.14.0-427.37.1.el9_4.x86_64  CompilerName: GCC  CompilerVersion: 8.4.0
ProgramName: mris_place_surface  ProgramArguments: mris_place_surface -all-info  ProgramVersion: 7.3.2  TimeStamp: 2026/03/10-08:29:21-GMT  BuildTime: Aug  4 2022 06:17:15  BuildStamp: freesurfer-linux-ubuntu22_x86_64-7.3.2-20220804-6354275  User: oesteban  Machine: dna060  Platform: Linux  PlatformVersion: 5.14.0-427.37.1.el9_4.x86_64  CompilerName: GCC  CompilerVersion: 8.4.0
ProgramName: mrisp_paint  ProgramArguments: mrisp_paint -all-info  ProgramVersion: 7.3.2  TimeStamp: 2026/03/10-08:29:21-GMT  BuildTime: Aug  4 2022 06:17:15  BuildStamp: freesurfer-linux-ubuntu22_x86_64-7.3.2-20220804-6354275  User: oesteban  Machine: dna060  Platform: Linux  PlatformVersion: 5.14.0-427.37.1.el9_4.x86_64  CompilerName: GCC  CompilerVersion: 8.4.0
ProgramName: mris_register  ProgramArguments: mris_register -all-info  ProgramVersion: 7.3.2  TimeStamp: 2026/03/10-08:29:21-GMT  BuildTime: Aug  4 2022 06:17:15  BuildStamp: freesurfer-linux-ubuntu22_x86_64-7.3.2-20220804-6354275  User: oesteban  Machine: dna060  Platform: Linux  PlatformVersion: 5.14.0-427.37.1.el9_4.x86_64  CompilerName: GCC  CompilerVersion: 8.4.0
ProgramName: mris_smooth  ProgramArguments: mris_smooth -all-info  ProgramVersion: 7.3.2  TimeStamp: 2026/03/10-08:29:21-GMT  BuildTime: Aug  4 2022 06:17:15  BuildStamp: freesurfer-linux-ubuntu22_x86_64-7.3.2-20220804-6354275  User: oesteban  Machine: dna060  Platform: Linux  PlatformVersion: 5.14.0-427.37.1.el9_4.x86_64  CompilerName: GCC  CompilerVersion: 8.4.0
ProgramName: mris_sphere  ProgramArguments: mris_sphere -all-info  ProgramVersion: 7.3.2  TimeStamp: 2026/03/10-08:29:21-GMT  BuildTime: Aug  4 2022 06:17:15  BuildStamp: freesurfer-linux-ubuntu22_x86_64-7.3.2-20220804-6354275  User: oesteban  Machine: dna060  Platform: Linux  PlatformVersion: 5.14.0-427.37.1.el9_4.x86_64  CompilerName: GCC  CompilerVersion: 8.4.0
ProgramName: mris_surface_stats  ProgramArguments: mris_surface_stats -all-info  ProgramVersion: 7.3.2  TimeStamp: 2026/03/10-08:29:21-GMT  BuildTime: Aug  4 2022 06:17:15  BuildStamp: freesurfer-linux-ubuntu22_x86_64-7.3.2-20220804-6354275  User: oesteban  Machine: dna060  Platform: Linux  PlatformVersion: 5.14.0-427.37.1.el9_4.x86_64  CompilerName: GCC  CompilerVersion: 8.4.0
ProgramName: mri_stats2seg  ProgramArguments: mri_stats2seg -all-info  ProgramVersion: 7.3.2  TimeStamp: 2026/03/10-08:29:21-GMT  BuildTime: Aug  4 2022 06:17:15  BuildStamp: freesurfer-linux-ubuntu22_x86_64-7.3.2-20220804-6354275  User: oesteban  Machine: dna060  Platform: Linux  PlatformVersion: 5.14.0-427.37.1.el9_4.x86_64  CompilerName: GCC  CompilerVersion: 8.4.0
ProgramName: mris_thickness  ProgramArguments: mris_thickness -all-info  ProgramVersion: 7.3.2  TimeStamp: 2026/03/10-08:29:21-GMT  BuildTime: Aug  4 2022 06:17:15  BuildStamp: freesurfer-linux-ubuntu22_x86_64-7.3.2-20220804-6354275  User: oesteban  Machine: dna060  Platform: Linux  PlatformVersion: 5.14.0-427.37.1.el9_4.x86_64  CompilerName: GCC  CompilerVersion: 8.4.0
ProgramName: mris_thickness_diff  ProgramArguments: mris_thickness_diff -all-info  ProgramVersion: 7.3.2  TimeStamp: 2026/03/10-08:29:21-GMT  BuildTime: Aug  4 2022 06:17:15  BuildStamp: freesurfer-linux-ubuntu22_x86_64-7.3.2-20220804-6354275  User: oesteban  Machine: dna060  Platform: Linux  PlatformVersion: 5.14.0-427.37.1.el9_4.x86_64  CompilerName: GCC  CompilerVersion: 8.4.0
ProgramName: mris_topo_fixer  ProgramArguments: mris_topo_fixer -all-info  ProgramVersion: 7.3.2  TimeStamp: 2026/03/10-08:29:21-GMT  BuildTime: Aug  4 2022 06:17:15  BuildStamp: freesurfer-linux-ubuntu22_x86_64-7.3.2-20220804-6354275  User: oesteban  Machine: dna060  Platform: Linux  PlatformVersion: 5.14.0-427.37.1.el9_4.x86_64  CompilerName: GCC  CompilerVersion: 8.4.0
ProgramName: mri_surf2surf  ProgramArguments: mri_surf2surf -all-info  ProgramVersion: 7.3.2  TimeStamp: 2026/03/10-08:29:21-GMT  BuildTime: Aug  4 2022 06:17:15  BuildStamp: freesurfer-linux-ubuntu22_x86_64-7.3.2-20220804-6354275  User: oesteban  Machine: dna060  Platform: Linux  PlatformVersion: 5.14.0-427.37.1.el9_4.x86_64  CompilerName: GCC  CompilerVersion: 8.4.0
ProgramName: mri_surf2vol  ProgramArguments: mri_surf2vol -all-info  ProgramVersion: 7.3.2  TimeStamp: 2026/03/10-08:29:21-GMT  BuildTime: Aug  4 2022 06:17:15  BuildStamp: freesurfer-linux-ubuntu22_x86_64-7.3.2-20220804-6354275  User: oesteban  Machine: dna060  Platform: Linux  PlatformVersion: 5.14.0-427.37.1.el9_4.x86_64  CompilerName: GCC  CompilerVersion: 8.4.0
ProgramName: mri_surfcluster  ProgramArguments: mri_surfcluster -all-info  ProgramVersion: 7.3.2  TimeStamp: 2026/03/10-08:29:21-GMT  BuildTime: Aug  4 2022 06:17:15  BuildStamp: freesurfer-linux-ubuntu22_x86_64-7.3.2-20220804-6354275  User: oesteban  Machine: dna060  Platform: Linux  PlatformVersion: 5.14.0-427.37.1.el9_4.x86_64  CompilerName: GCC  CompilerVersion: 8.4.0
ProgramName: mris_volmask  ProgramArguments: mris_volmask -all-info  ProgramVersion: 7.3.2  TimeStamp: 2026/03/10-08:29:21-GMT  BuildTime: Aug  4 2022 06:17:15  BuildStamp: freesurfer-linux-ubuntu22_x86_64-7.3.2-20220804-6354275  User: oesteban  Machine: dna060  Platform: Linux  PlatformVersion: 5.14.0-427.37.1.el9_4.x86_64  CompilerName: GCC  CompilerVersion: 8.4.0
ProgramName: mri_tessellate  ProgramArguments: mri_tessellate -all-info  ProgramVersion: 7.3.2  TimeStamp: 2026/03/10-08:29:21-GMT  BuildTime: Aug  4 2022 06:17:15  BuildStamp: freesurfer-linux-ubuntu22_x86_64-7.3.2-20220804-6354275  User: oesteban  Machine: dna060  Platform: Linux  PlatformVersion: 5.14.0-427.37.1.el9_4.x86_64  CompilerName: GCC  CompilerVersion: 8.4.0
ProgramName: mri_vol2surf  ProgramArguments: mri_vol2surf -all-info  ProgramVersion: 7.3.2  TimeStamp: 2026/03/10-08:29:21-GMT  BuildTime: Aug  4 2022 06:17:15  BuildStamp: freesurfer-linux-ubuntu22_x86_64-7.3.2-20220804-6354275  User: oesteban  Machine: dna060  Platform: Linux  PlatformVersion: 5.14.0-427.37.1.el9_4.x86_64  CompilerName: GCC  CompilerVersion: 8.4.0
ProgramName: mri_vol2vol  ProgramArguments: mri_vol2vol -all-info  ProgramVersion: 7.3.2  TimeStamp: 2026/03/10-08:29:21-GMT  BuildTime: Aug  4 2022 06:17:15  BuildStamp: freesurfer-linux-ubuntu22_x86_64-7.3.2-20220804-6354275  User: oesteban  Machine: dna060  Platform: Linux  PlatformVersion: 5.14.0-427.37.1.el9_4.x86_64  CompilerName: GCC  CompilerVersion: 8.4.0
ProgramName: mri_voldiff  ProgramArguments: mri_voldiff -all-info  ProgramVersion: 7.3.2  TimeStamp: 2026/03/10-08:29:21-GMT  BuildTime: Aug  4 2022 06:17:15  BuildStamp: freesurfer-linux-ubuntu22_x86_64-7.3.2-20220804-6354275  User: oesteban  Machine: dna060  Platform: Linux  PlatformVersion: 5.14.0-427.37.1.el9_4.x86_64  CompilerName: GCC  CompilerVersion: 8.4.0
ProgramName: mri_watershed  ProgramArguments: mri_watershed -all-info  ProgramVersion: 7.3.2  TimeStamp: 2026/03/10-08:29:21-GMT  BuildTime: Aug  4 2022 06:17:15  BuildStamp: freesurfer-linux-ubuntu22_x86_64-7.3.2-20220804-6354275  User: oesteban  Machine: dna060  Platform: Linux  PlatformVersion: 5.14.0-427.37.1.el9_4.x86_64  CompilerName: GCC  CompilerVersion: 8.4.0
ProgramName: tkregister2  ProgramArguments: tkregister2_cmdl -all-info  ProgramVersion: 7.3.2  TimeStamp: 2026/03/10-08:29:21-GMT  BuildTime: Aug  4 2022 06:17:15  BuildStamp: freesurfer-linux-ubuntu22_x86_64-7.3.2-20220804-6354275  User: oesteban  Machine: dna060  Platform: Linux  PlatformVersion: 5.14.0-427.37.1.el9_4.x86_64  CompilerName: GCC  CompilerVersion: 8.4.0
mri_motion_correct.fsl 7.3.2
mri_convert -all-info 
ProgramName: mri_convert  ProgramArguments: mri_convert -all-info  ProgramVersion: 7.3.2  TimeStamp: 2026/03/10-08:29:21-GMT  BuildTime: Aug  4 2022 06:17:15  BuildStamp: freesurfer-linux-ubuntu22_x86_64-7.3.2-20220804-6354275  User: oesteban  Machine: dna060  Platform: Linux  PlatformVersion: 5.14.0-427.37.1.el9_4.x86_64  CompilerName: GCC  CompilerVersion: 8.4.0
Program nu_correct, built from:
Package MNI N3, version 1.12.0, compiled by nicks@terrier (x86_64-unknown-linux-gnu) on 2015-06-19 at 01:25:34
#######################################
GCADIR /opt/freesurfer/average
GCA RB_all_2020-01-02.gca
GCASkull RB_all_withskull_2020_01_02.gca
AvgCurvTif folding.atlas.acfb40.noaparc.i12.2016-08-02.tif
GCSDIR /opt/freesurfer/average
GCS DKaparc.atlas.acfb40.noaparc.i12.2016-08-02.gcs
#######################################
#--------------------------------------------
#@# Tessellate rh Tue Mar 10 09:29:21 CET 2026
/out/sourcedata/freesurfer/sub-v1s8x0051347_ses-1/scripts

 mri_pretess ../mri/filled.mgz 127 ../mri/norm.mgz ../mri/filled-pretess127.mgz 


Iteration Number : 1
pass   1 (xy+):   2 found -   2 modified     |    TOTAL:   2
pass   2 (xy+):   0 found -   2 modified     |    TOTAL:   2
pass   1 (xy-):   0 found -   0 modified     |    TOTAL:   2
pass   1 (yz+):   3 found -   3 modified     |    TOTAL:   5
pass   2 (yz+):   0 found -   3 modified     |    TOTAL:   5
pass   1 (yz-):   8 found -   8 modified     |    TOTAL:  13
pass   2 (yz-):   0 found -   8 modified     |    TOTAL:  13
pass   1 (xz+):   0 found -   0 modified     |    TOTAL:  13
pass   1 (xz-):   0 found -   0 modified     |    TOTAL:  13
Iteration Number : 1
pass   1 (+++):   0 found -   0 modified     |    TOTAL:   0
pass   1 (+++):   0 found -   0 modified     |    TOTAL:   0
pass   1 (+++):   0 found -   0 modified     |    TOTAL:   0
pass   1 (+++):   0 found -   0 modified     |    TOTAL:   0
Iteration Number : 1
pass   1 (++):   0 found -   0 modified     |    TOTAL:   0
pass   1 (+-):   0 found -   0 modified     |    TOTAL:   0
pass   1 (--):   0 found -   0 modified     |    TOTAL:   0
pass   1 (-+):   0 found -   0 modified     |    TOTAL:   0
Iteration Number : 2
pass   1 (xy+):   0 found -   0 modified     |    TOTAL:   0
pass   1 (xy-):   0 found -   0 modified     |    TOTAL:   0
pass   1 (yz+):   0 found -   0 modified     |    TOTAL:   0
pass   1 (yz-):   0 found -   0 modified     |    TOTAL:   0
pass   1 (xz+):   0 found -   0 modified     |    TOTAL:   0
pass   1 (xz-):   0 found -   0 modified     |    TOTAL:   0
Iteration Number : 2
pass   1 (+++):   0 found -   0 modified     |    TOTAL:   0
pass   1 (+++):   0 found -   0 modified     |    TOTAL:   0
pass   1 (+++):   0 found -   0 modified     |    TOTAL:   0
pass   1 (+++):   0 found -   0 modified     |    TOTAL:   0
Iteration Number : 2
pass   1 (++):   0 found -   0 modified     |    TOTAL:   0
pass   1 (+-):   0 found -   0 modified     |    TOTAL:   0
pass   1 (--):   0 found -   0 modified     |    TOTAL:   0
pass   1 (-+):   0 found -   0 modified     |    TOTAL:   0

Total Number of Modified Voxels = 13 (out of 283575: 0.004584)
Ambiguous edge configurations... 

mri_pretess done


 mri_tessellate ../mri/filled-pretess127.mgz 127 ../surf/rh.orig.nofix 

7.3.2
  7.3.2
slice 40: 1992 vertices, 2161 faces
slice 50: 7987 vertices, 8216 faces
slice 60: 16222 vertices, 16558 faces
slice 70: 25834 vertices, 26160 faces
slice 80: 36157 vertices, 36540 faces
slice 90: 47096 vertices, 47433 faces
slice 100: 58833 vertices, 59267 faces
slice 110: 71336 vertices, 71760 faces
slice 120: 82631 vertices, 83066 faces
slice 130: 94211 vertices, 94587 faces
slice 140: 104494 vertices, 104813 faces
slice 150: 113317 vertices, 113566 faces
slice 160: 121170 vertices, 121472 faces
slice 170: 128342 vertices, 128578 faces
slice 180: 134426 vertices, 134667 faces
slice 190: 139007 vertices, 139143 faces
slice 200: 140476 vertices, 140490 faces
slice 210: 140476 vertices, 140490 faces
slice 220: 140476 vertices, 140490 faces
slice 230: 140476 vertices, 140490 faces
slice 240: 140476 vertices, 140490 faces
slice 250: 140476 vertices, 140490 faces
using the conformed surface RAS to save vertex points...
writing ../surf/rh.orig.nofix
using vox2ras matrix:
-1.00000   0.00000   0.00000   128.00000;
 0.00000   0.00000   1.00000  -128.00000;
 0.00000  -1.00000   0.00000   128.00000;
 0.00000   0.00000   0.00000   1.00000;

 rm -f ../mri/filled-pretess127.mgz 


 mris_extract_main_component ../surf/rh.orig.nofix ../surf/rh.orig.nofix 


counting number of connected components...
   140476 voxel in cpt #1: X=-14 [v=140476,e=421470,f=280980] located at (27.934502, -18.213673, 42.486256)
For the whole surface: X=-14 [v=140476,e=421470,f=280980]
One single component has been found
nothing to do
done

#--------------------------------------------
#@# Smooth1 rh Tue Mar 10 09:29:25 CET 2026
/out/sourcedata/freesurfer/sub-v1s8x0051347_ses-1/scripts

 mris_smooth -nw -seed 1234 ../surf/rh.orig.nofix ../surf/rh.smoothwm.nofix 

setting seed for random number generator to 1234
smoothing surface tessellation for 10 iterations...
smoothing complete - recomputing first and second fundamental forms...
#--------------------------------------------
#@# Inflation1 rh Tue Mar 10 09:29:28 CET 2026
/out/sourcedata/freesurfer/sub-v1s8x0051347_ses-1/scripts

 mris_inflate -no-save-sulc ../surf/rh.smoothwm.nofix ../surf/rh.inflated.nofix 

Not saving sulc
Reading ../surf/rh.smoothwm.nofix
avg radius = 47.0 mm, total surface area = 76655 mm^2
step 000: RMS=0.144 (target=0.015)   step 005: RMS=0.109 (target=0.015)   step 010: RMS=0.079 (target=0.015)   step 015: RMS=0.065 (target=0.015)   step 020: RMS=0.054 (target=0.015)   step 025: RMS=0.046 (target=0.015)   step 030: RMS=0.040 (target=0.015)   step 035: RMS=0.035 (target=0.015)   step 040: RMS=0.031 (target=0.015)   step 045: RMS=0.028 (target=0.015)   step 050: RMS=0.027 (target=0.015)   step 055: RMS=0.026 (target=0.015)   step 060: RMS=0.025 (target=0.015)   writing inflated surface to ../surf/rh.inflated.nofix
inflation took 0.2 minutes

inflation complete.
Not saving sulc
mris_inflate utimesec    61.169850
mris_inflate stimesec    1.882981
mris_inflate ru_maxrss   222316
mris_inflate ru_ixrss    0
mris_inflate ru_idrss    0
mris_inflate ru_isrss    0
mris_inflate ru_minflt   517454
mris_inflate ru_majflt   2
mris_inflate ru_nswap    0
mris_inflate ru_inblock  0
mris_inflate ru_oublock  9888
mris_inflate ru_msgsnd   0
mris_inflate ru_msgrcv   0
mris_inflate ru_nsignals 0
mris_inflate ru_nvcsw    6335
mris_inflate ru_nivcsw   626
#--------------------------------------------
#@# QSphere rh Tue Mar 10 09:29:43 CET 2026
/out/sourcedata/freesurfer/sub-v1s8x0051347_ses-1/scripts

 mris_sphere -q -p 6 -a 128 -seed 1234 ../surf/rh.inflated.nofix ../surf/rh.qsphere.nofix 

doing quick spherical unfolding.
limitting unfolding to 6 passes
using n_averages = 128
setting seed for random number genererator to 1234
version: 7.3.2
available threads: 16
scaling brain by 0.303...
inflating...
projecting onto sphere...
surface projected - minimizing metric distortion...
vertex spacing 0.98 +- 0.54 (0.00-->6.03) (max @ vno 55802 --> 55820)
face area 0.03 +- 0.03 (-0.05-->0.71)
Entering MRISinflateToSphere()
inflating to sphere (rms error < 2.00)
000: dt: 0.0000, rms radial error=176.987, avgs=0
005/300: dt: 0.9000, rms radial error=176.728, avgs=0
010/300: dt: 0.9000, rms radial error=176.169, avgs=0
015/300: dt: 0.9000, rms radial error=175.435, avgs=0
020/300: dt: 0.9000, rms radial error=174.600, avgs=0
025/300: dt: 0.9000, rms radial error=173.704, avgs=0
030/300: dt: 0.9000, rms radial error=172.776, avgs=0
035/300: dt: 0.9000, rms radial error=171.830, avgs=0
040/300: dt: 0.9000, rms radial error=170.876, avgs=0
045/300: dt: 0.9000, rms radial error=169.924, avgs=0
050/300: dt: 0.9000, rms radial error=168.973, avgs=0
055/300: dt: 0.9000, rms radial error=168.025, avgs=0
060/300: dt: 0.9000, rms radial error=167.081, avgs=0
065/300: dt: 0.9000, rms radial error=166.142, avgs=0
070/300: dt: 0.9000, rms radial error=165.209, avgs=0
075/300: dt: 0.9000, rms radial error=164.280, avgs=0
080/300: dt: 0.9000, rms radial error=163.357, avgs=0
085/300: dt: 0.9000, rms radial error=162.438, avgs=0
090/300: dt: 0.9000, rms radial error=161.525, avgs=0
095/300: dt: 0.9000, rms radial error=160.617, avgs=0
100/300: dt: 0.9000, rms radial error=159.713, avgs=0
105/300: dt: 0.9000, rms radial error=158.815, avgs=0
110/300: dt: 0.9000, rms radial error=157.922, avgs=0
115/300: dt: 0.9000, rms radial error=157.033, avgs=0
120/300: dt: 0.9000, rms radial error=156.150, avgs=0
125/300: dt: 0.9000, rms radial error=155.271, avgs=0
130/300: dt: 0.9000, rms radial error=154.398, avgs=0
135/300: dt: 0.9000, rms radial error=153.529, avgs=0
140/300: dt: 0.9000, rms radial error=152.665, avgs=0
145/300: dt: 0.9000, rms radial error=151.805, avgs=0
150/300: dt: 0.9000, rms radial error=150.951, avgs=0
155/300: dt: 0.9000, rms radial error=150.101, avgs=0
160/300: dt: 0.9000, rms radial error=149.256, avgs=0
165/300: dt: 0.9000, rms radial error=148.415, avgs=0
170/300: dt: 0.9000, rms radial error=147.580, avgs=0
175/300: dt: 0.9000, rms radial error=146.749, avgs=0
180/300: dt: 0.9000, rms radial error=145.922, avgs=0
185/300: dt: 0.9000, rms radial error=145.100, avgs=0
190/300: dt: 0.9000, rms radial error=144.283, avgs=0
195/300: dt: 0.9000, rms radial error=143.470, avgs=0
200/300: dt: 0.9000, rms radial error=142.662, avgs=0
205/300: dt: 0.9000, rms radial error=141.859, avgs=0
210/300: dt: 0.9000, rms radial error=141.059, avgs=0
215/300: dt: 0.9000, rms radial error=140.265, avgs=0
220/300: dt: 0.9000, rms radial error=139.475, avgs=0
225/300: dt: 0.9000, rms radial error=138.689, avgs=0
230/300: dt: 0.9000, rms radial error=137.907, avgs=0
235/300: dt: 0.9000, rms radial error=137.130, avgs=0
240/300: dt: 0.9000, rms radial error=136.358, avgs=0
245/300: dt: 0.9000, rms radial error=135.589, avgs=0
250/300: dt: 0.9000, rms radial error=134.825, avgs=0
255/300: dt: 0.9000, rms radial error=134.065, avgs=0
260/300: dt: 0.9000, rms radial error=133.310, avgs=0
265/300: dt: 0.9000, rms radial error=132.559, avgs=0
270/300: dt: 0.9000, rms radial error=131.812, avgs=0
275/300: dt: 0.9000, rms radial error=131.069, avgs=0
280/300: dt: 0.9000, rms radial error=130.331, avgs=0
285/300: dt: 0.9000, rms radial error=129.596, avgs=0
290/300: dt: 0.9000, rms radial error=128.866, avgs=0
295/300: dt: 0.9000, rms radial error=128.140, avgs=0
300/300: dt: 0.9000, rms radial error=127.418, avgs=0

spherical inflation complete.
epoch 1 (K=10.0), pass 1, starting sse = 16447.53
taking momentum steps...
taking momentum steps...
taking momentum steps...
taking momentum steps...
pass 1 complete, delta sse/iter = 0.00/13 = 0.00025
epoch 2 (K=40.0), pass 1, starting sse = 2665.71
taking momentum steps...
taking momentum steps...
taking momentum steps...
taking momentum steps...
pass 1 complete, delta sse/iter = 0.00/13 = 0.00020
epoch 3 (K=160.0), pass 1, starting sse = 229.69
taking momentum steps...
taking momentum steps...
taking momentum steps...
taking momentum steps...
pass 1 complete, delta sse/iter = 0.15/18 = 0.00826
epoch 4 (K=640.0), pass 1, starting sse = 6.15
taking momentum steps...
taking momentum steps...
taking momentum steps...
taking momentum steps...
pass 1 complete, delta sse/iter = 0.17/21 = 0.00797
final distance error %100000.00
writing spherical brain to ../surf/rh.qsphere.nofix
spherical transformation took 0.0248 hours
FSRUNTIME@ mris_sphere  0.0248 hours 16 threads
#VMPC# mris_sphere VmPeak  1739420
mris_sphere done
#@# Fix Topology rh Tue Mar 10 09:31:12 CET 2026

 mris_fix_topology -mgz -sphere qsphere.nofix -inflated inflated.nofix -orig orig.nofix -out orig.premesh -ga -seed 1234 sub-v1s8x0051347_ses-1 rh 

reading spherical homeomorphism from 'qsphere.nofix'
reading inflated coordinates from 'inflated.nofix'
reading original coordinates from 'orig.nofix'
using genetic algorithm with optimized parameters
setting seed for random number genererator to 1234

*************************************************************
Topology Correction Parameters
retessellation mode:           genetic search
number of patches/generation : 10
number of generations :        10
surface mri loglikelihood coefficient :         1.0
volume mri loglikelihood coefficient :          10.0
normal dot loglikelihood coefficient :          1.0
quadratic curvature loglikelihood coefficient : 1.0
volume resolution :                             2
eliminate vertices during search :              1
initial patch selection :                       1
select all defect vertices :                    0
ordering dependant retessellation:              0
use precomputed edge table :                    0
smooth retessellated patch :                    2
match retessellated patch :                     1
verbose mode :                                  0

*************************************************************
INFO: assuming .mgz format
writing corrected surface to 'orig.premesh'
7.3.2
  7.3.2
before topology correction, eno=-14 (nv=140476, nf=280980, ne=421470, g=8)
using quasi-homeomorphic spherical map to tessellate cortical surface...

Correction of the Topology
Finding true center and radius of Spherical Surface...done
Surface centered at (0,0,0) with radius 100.0 in 11 iterations
marking ambiguous vertices...
628 ambiguous faces found in tessellation
segmenting defects...
12 defects found, arbitrating ambiguous regions...
analyzing neighboring defects...
12 defects to be corrected 
0 vertices coincident
reading input surface /out/sourcedata/freesurfer/sub-v1s8x0051347_ses-1/surf/rh.qsphere.nofix...
reading brain volume from brain...
reading wm segmentation from wm...
Reading original properties of orig.nofix
Reading vertex positions of inflated.nofix
Computing Initial Surface Statistics
      -face       loglikelihood: -9.3199  (-4.6600)
      -vertex     loglikelihood: -6.0359  (-3.0179)
      -normal dot loglikelihood: -3.6432  (-3.6432)
      -quad curv  loglikelihood: -6.1992  (-3.0996)
      Total Loglikelihood : -25.1982
CORRECTING DEFECT 0 (vertices=6, convex hull=18, v0=13481)
After retessellation of defect 0 (v0=13481), euler #=-9 (140041,419838,279788) : difference with theory (-9) = 0 
CORRECTING DEFECT 1 (vertices=23, convex hull=57, v0=57300)
After retessellation of defect 1 (v0=57300), euler #=-8 (140050,419886,279828) : difference with theory (-8) = 0 
CORRECTING DEFECT 2 (vertices=10, convex hull=22, v0=83249)
After retessellation of defect 2 (v0=83249), euler #=-7 (140052,419899,279840) : difference with theory (-7) = 0 
CORRECTING DEFECT 3 (vertices=36, convex hull=56, v0=83886)
After retessellation of defect 3 (v0=83886), euler #=-6 (140068,419973,279899) : difference with theory (-6) = 0 
CORRECTING DEFECT 4 (vertices=24, convex hull=30, v0=97011)
After retessellation of defect 4 (v0=97011), euler #=-5 (140074,420000,279921) : difference with theory (-5) = 0 
CORRECTING DEFECT 5 (vertices=25, convex hull=57, v0=102468)
After retessellation of defect 5 (v0=102468), euler #=-4 (140089,420066,279973) : difference with theory (-4) = 0 
CORRECTING DEFECT 6 (vertices=31, convex hull=74, v0=105150)
After retessellation of defect 6 (v0=105150), euler #=-3 (140109,420155,280043) : difference with theory (-3) = 0 
CORRECTING DEFECT 7 (vertices=69, convex hull=106, v0=111498)
After retessellation of defect 7 (v0=111498), euler #=-2 (140130,420264,280132) : difference with theory (-2) = 0 
CORRECTING DEFECT 8 (vertices=30, convex hull=21, v0=113278)
After retessellation of defect 8 (v0=113278), euler #=-1 (140135,420283,280147) : difference with theory (-1) = 0 
CORRECTING DEFECT 9 (vertices=142, convex hull=165, v0=118598)
After retessellation of defect 9 (v0=118598), euler #=0 (140211,420594,280383) : difference with theory (0) = 0 
CORRECTING DEFECT 10 (vertices=22, convex hull=44, v0=133119)
After retessellation of defect 10 (v0=133119), euler #=1 (140225,420654,280430) : difference with theory (1) = 0 
CORRECTING DEFECT 11 (vertices=18, convex hull=49, v0=139892)
After retessellation of defect 11 (v0=139892), euler #=2 (140232,420690,280460) : difference with theory (2) = 0 
computing original vertex metric properties...
storing new metric properties...
computing tessellation statistics...
vertex spacing 0.89 +- 0.21 (0.10-->6.06) (max @ vno 119181 --> 123291)
face area -nan +- -nan (1000.00-->-1.00)
performing soap bubble on retessellated vertices for 0 iterations...
vertex spacing 0.89 +- 0.21 (0.10-->6.06) (max @ vno 119181 --> 123291)
face area -nan +- -nan (1000.00-->-1.00)
tessellation finished, orienting corrected surface...
48 mutations (36.1%), 85 crossovers (63.9%), 23 vertices were eliminated
building final representation...
244 vertices and 0 faces have been removed from triangulation
after topology correction, eno=2 (nv=140232, nf=280460, ne=420690, g=0)
writing corrected surface to /out/sourcedata/freesurfer/sub-v1s8x0051347_ses-1/surf/rh.orig.premesh...

0.000 % of the vertices (0 vertices) exhibit an orientation change
removing intersecting faces
000: 62 intersecting
terminating search with 0 intersecting
topology fixing took 0.6 minutes
FSRUNTIME@ mris_fix_topology rh  0.0098 hours 16 threads
#VMPC# mris_fix_topology VmPeak  1855972

 mris_euler_number ../surf/rh.orig.premesh 

euler # = v-e+f = 2g-2: 140232 - 420690 + 280460 = 2 --> 0 holes
      F =2V-4:          280460 = 280464-4 (0)
      2E=3F:            841380 = 841380 (0)

total defect index = 0
Tue Mar 10 09:31:48 CET 2026

setenv SUBJECTS_DIR /out/sourcedata/freesurfer
cd /out/sourcedata/freesurfer/sub-v1s8x0051347_ses-1/scripts
/opt/freesurfer/bin/defect2seg --s sub-v1s8x0051347_ses-1 --rh-only --cortex

freesurfer-linux-ubuntu22_x86_64-7.3.2-20220804-6354275
defect2seg 7.3.2
Linux dna060 5.14.0-427.37.1.el9_4.x86_64 #1 SMP PREEMPT_DYNAMIC Fri Sep 13 12:41:50 EDT 2024 x86_64 x86_64 x86_64 GNU/Linux
pid 2839620
mri_label2label --label-cortex /out/sourcedata/freesurfer/sub-v1s8x0051347_ses-1/surf/rh.orig.nofix /out/sourcedata/freesurfer/sub-v1s8x0051347_ses-1/mri/aseg.presurf.mgz 0 /out/sourcedata/freesurfer/sub-v1s8x0051347_ses-1/label/rh.nofix.cortex.label

 Generating cortex label... RemoveHipAmgy=0
 NucAccIsMedialWall=0
 mris->useRealRAS=0
13 non-cortical segments detected
only using segment with 7386 vertices
erasing segment 1 (vno[0] = 67419)
erasing segment 2 (vno[0] = 73107)
erasing segment 3 (vno[0] = 97011)
erasing segment 4 (vno[0] = 98358)
erasing segment 5 (vno[0] = 99269)
erasing segment 6 (vno[0] = 99331)
erasing segment 7 (vno[0] = 99377)
erasing segment 8 (vno[0] = 99446)
erasing segment 9 (vno[0] = 101415)
erasing segment 10 (vno[0] = 101416)
erasing segment 11 (vno[0] = 102351)
erasing segment 12 (vno[0] = 114397)
mri_label2vol --defects /out/sourcedata/freesurfer/sub-v1s8x0051347_ses-1/surf/rh.orig.nofix /out/sourcedata/freesurfer/sub-v1s8x0051347_ses-1/surf/rh.defect_labels /out/sourcedata/freesurfer/sub-v1s8x0051347_ses-1/mri/orig.mgz 2000 0 /out/sourcedata/freesurfer/sub-v1s8x0051347_ses-1/mri/rh.surface.defects.mgz /out/sourcedata/freesurfer/sub-v1s8x0051347_ses-1/label/rh.nofix.cortex.label
mri_label2vol supposed to be reproducible but seed not set
Contraining to label /out/sourcedata/freesurfer/sub-v1s8x0051347_ses-1/label/rh.nofix.cortex.label
Changing input type 0 to MRI_INT
Converting defects to volume: offset=2000, merge=0
Writing to /out/sourcedata/freesurfer/sub-v1s8x0051347_ses-1/mri/rh.surface.defects.mgz
mris_defects_pointset -s /out/sourcedata/freesurfer/sub-v1s8x0051347_ses-1/surf/rh.orig.nofix -d /out/sourcedata/freesurfer/sub-v1s8x0051347_ses-1/surf/rh.defect_labels -o /out/sourcedata/freesurfer/sub-v1s8x0051347_ses-1/surf/rh.defects.pointset --label /out/sourcedata/freesurfer/sub-v1s8x0051347_ses-1/label/rh.nofix.cortex.label
Reading in surface /out/sourcedata/freesurfer/sub-v1s8x0051347_ses-1/surf/rh.orig.nofix
Reading in defect segmentation /out/sourcedata/freesurfer/sub-v1s8x0051347_ses-1/surf/rh.defect_labels
Reading in label /out/sourcedata/freesurfer/sub-v1s8x0051347_ses-1/label/rh.nofix.cortex.label
#VMPC# mris_defects_pointset 1494780
mris_defects_pointset done
 
Started at Tue Mar 10 09:31:48 CET 2026 
Ended   at Tue Mar 10 09:32:06 CET 2026
Defect2seg-Run-Time-Sec 18
Defect2seg-Run-Time-Min 0.36
Defect2seg-Run-Time-Hours 0.00
 
tkmeditfv sub-v1s8x0051347_ses-1 brain.finalsurfs.mgz -defect
defect2seg Done

 mris_remesh --remesh --iters 3 --input /out/sourcedata/freesurfer/sub-v1s8x0051347_ses-1/surf/rh.orig.premesh --output /out/sourcedata/freesurfer/sub-v1s8x0051347_ses-1/surf/rh.orig 

iters = 3
standard remeshing without target
   adjusted l: 0.709719
remeshing to edge length 0.709719 with 3 iterations

avg qual before   : 0.893135  after: 0.97145

Removing intersections
Remeshed surface quality stats nv0 = 140232  nv = 146669  1.0459
Area    293334  0.30216  0.03341 0.072077   0.5045
Corner  880002 60.00000  8.75183 13.983903 149.8263
Edge    440001  0.84323  0.08190 0.460409   1.2324
Hinge   440001  9.23620  9.80266 0.000005 123.8691
mris_remesh done
/out/sourcedata/freesurfer/sub-v1s8x0051347_ses-1/scripts

 mris_remove_intersection ../surf/rh.orig ../surf/rh.orig 

intersection removal took 0.00 hours
writing corrected surface to ../surf/rh.orig

 rm -f ../surf/rh.inflated 

#--------------------------------------------
#@# AutoDetGWStats rh Tue Mar 10 09:32:44 CET 2026
cd /out/sourcedata/freesurfer/sub-v1s8x0051347_ses-1/mri
mris_autodet_gwstats --o ../surf/autodet.gw.stats.rh.dat --i brain.finalsurfs.mgz --wm wm.mgz --surf ../surf/rh.orig.premesh
7.3.2

cd /out/sourcedata/freesurfer/sub-v1s8x0051347_ses-1/mri
setenv SUBJECTS_DIR /out/sourcedata/freesurfer
mris_autodet_gwstats --o ../surf/autodet.gw.stats.rh.dat --i brain.finalsurfs.mgz --wm wm.mgz --surf ../surf/rh.orig.premesh 

border white:    262413 voxels (1.56%)
border gray      288233 voxels (1.72%)
Reading in intensity volume brain.finalsurfs.mgz
Reading in wm volume wm.mgz
Reading in surf ../surf/rh.orig.premesh
Auto detecting stats
MRIclipBrightWM(): nthresh=25943, wmmin=5, clip=110 
Binarizing thresholding at 5
computing class statistics... low=30, hi=110.000000
CCS WM (101.0): 101.1 +- 6.9 [70.0 --> 110.0]
CCS GM (80.0) : 79.2 +- 9.6 [30.0 --> 110.0]
white_mean = 101.118 +/- 6.90257, gray_mean = 79.2029 +/- 9.63571
using class modes intead of means, discounting robust sigmas....
MRIScomputeClassModes(): min=0 max=179 nbins=180
intensity peaks found at WM=105+-5.2,    GM=78+-6.1
white_mode = 105, gray_mode = 78
std_scale = 1
Applying sanity checks, max_scale_down = 0.2
setting MIN_GRAY_AT_WHITE_BORDER to 68.4 (was 70.000000)
setting MAX_BORDER_WHITE to 111.9 (was 105.000000)
setting MIN_BORDER_WHITE to 78.0 (was 85.000000)
setting MAX_CSF to 58.7 (was 40.000000)
setting MAX_GRAY to 98.1 (was 95.000000)
setting MAX_GRAY_AT_CSF_BORDER to 68.4 (was 75.000000)
setting MIN_GRAY_AT_CSF_BORDER to 49.1 (was 40.000000)
When placing the white surface
  white_border_hi   = 111.903;
  white_border_low  = 78;
  white_outside_low = 68.3643;
  white_inside_hi   = 120;
  white_outside_hi  = 111.903;
When placing the pial surface
  pial_border_hi   = 68.3643;
  pial_border_low  = 49.0929;
  pial_outside_low = 10;
  pial_inside_hi   = 98.0974;
  pial_outside_hi  = 63.5464;
#VMPC# mris_autodet_gwstats VmPeak  1599524
mris_autodet_gwstats done
#--------------------------------------------
#@# WhitePreAparc rh Tue Mar 10 09:32:47 CET 2026
cd /out/sourcedata/freesurfer/sub-v1s8x0051347_ses-1/mri
mris_place_surface --adgws-in ../surf/autodet.gw.stats.rh.dat --wm wm.mgz --threads 16 --invol brain.finalsurfs.mgz --rh --i ../surf/rh.orig --o ../surf/rh.white.preaparc --white --seg aseg.presurf.mgz --nsmooth 5
7.3.2
7.3.2

cd /out/sourcedata/freesurfer/sub-v1s8x0051347_ses-1/mri
setenv SUBJECTS_DIR /out/sourcedata/freesurfer
mris_place_surface --adgws-in ../surf/autodet.gw.stats.rh.dat --wm wm.mgz --threads 16 --invol brain.finalsurfs.mgz --rh --i ../surf/rh.orig --o ../surf/rh.white.preaparc --white --seg aseg.presurf.mgz --nsmooth 5 

Reading in input surface ../surf/rh.orig
Smoothing surface before ripping with 5 iterations
Area    293334  0.26867  0.06232 0.005624   0.6106
Corner  880002 60.00000  9.38946 16.072298 143.7807
Edge    440001  0.79149  0.11266 0.085507   1.3225
Hinge   440001  6.21537  6.29601 0.000014 132.4677
Not reading in aparc
Reading in input volume brain.finalsurfs.mgz
Reading in wm volume wm.mgz
MRIclipBrightWM(): nthresh=25943, wmmin=5, clip=110 
MRIfindBrightNonWM(): 117 bright non-wm voxels segmented.
Masking bright non-wm for white surface
MRImask(): AllowDiffGeom = 1
MRImask(): AllowDiffGeom = 1
Reading in seg volume aseg.presurf.mgz
Ripping frozen voxels
INFO: rip surface needed but not specified, so using input surface
Freezing midline and others
Entering: MRISripMidline(): inhibiting deformation at non-cortical midline structures...
  which=1, fix_mtl=0, using annot = 0
#FML0# MRISripMidline(): nripped=0
#FML# MRISripMidline(): nmarked=6195, nmarked2=0, nripped=6195
Ripping segs (eg, WMSA, BG, frozen)
Starting MRISripSegs() d = (-2 2 0.5) segnos: 247 
MRISripSegs(): -2 2 0.5 ripped 0
vertex 73335: xyz = (58.7961,-7.00579,8.81066) oxyz = (58.7961,-7.00579,8.81066) wxzy = (58.7961,-7.00579,8.81066) pxyz = (0,0,0) 
CBVO Creating mask 146669
n_averages 4
Iteration 0 =========================================
n_averages=4, current_sigma=2
Freezing midline and others
Ripping frozen voxels
INFO: rip surface needed but not specified, so using input surface
Freezing midline and others
Entering: MRISripMidline(): inhibiting deformation at non-cortical midline structures...
  which=1, fix_mtl=0, using annot = 0
#FML0# MRISripMidline(): nripped=6195
#FML# MRISripMidline(): nmarked=6195, nmarked2=0, nripped=6195
Ripping segs (eg, WMSA, BG, frozen)
Starting MRISripSegs() d = (-2 2 0.5) segnos: 247 247 
MRISripSegs(): -2 2 0.5 ripped 0
Computing target border values 
Entering MRIScomputeBorderValues_new(): 
  inside_hi   = 120.0000000;
  border_hi   = 111.9025730;
  border_low  =  78.0000000;
  outside_low =  68.3642880;
  outside_hi  = 111.9025730;
  sigma = 2;
  max_thickness = 10;
  step_size=0.5;
  STEP_SIZE=0.1;
  which = 1
  thresh = 0
  flags = 0
  CBVfindFirstPeakD1=0
  CBVfindFirstPeakD2=0
  nvertices=146669
  Gdiag_no=-1
  vno start=0, stop=146669
Replacing 255s with 0s
#SI# sigma=2 had to be increased for 40 vertices, nripped=6195
mean border=86.7, 12 (12) missing vertices, mean dist 0.2 [0.7 (%38.0)->0.8 (%62.0))]
%57 local maxima, %39 large gradients and % 0 min vals, 0 gradients ignored
nFirstPeakD1 0
MRIScomputeBorderValues_new() finished in 0.0158 min


Finding expansion regions
mean absolute distance = 0.77 +- 1.00
3812 vertices more than 2 sigmas from mean.
Averaging target values for 5 iterations...
Positioning Surface: tspring = 0.3, nspring = 0.3, spring = 0, niters = 100 l_repulse = 5, l_surf_repulse = 0, checktol = 0
Positioning pial surface
Entering MRISpositionSurface()
  max_mm = 0.3
  MAX_REDUCTIONS = 2, REDUCTION_PCT = 0.5
  parms->check_tol = 0, niterations = 100
tol=1.0e-04, sigma=2.0, host=dna06, nav=4, nbrs=2, l_repulse=5.000, l_tspring=0.300, l_nspring=0.300, l_intensity=0.200, l_curv=1.000
mom=0.00, dt=0.50
complete_dist_mat 0
rms 0
smooth_averages 0
remove_neg 0
ico_order 0
which_surface 0
target_radius 0.000000
nfields 0
scale 0.000000
desired_rms_height 0.000000
momentum 0.000000
nbhd_size 0
max_nbrs 0
niterations 100
nsurfaces 0
SURFACES 3
flags 0 (0)
use curv 0
no sulc 0
no rigid align 0
mris->nsize 2
mris->hemisphere 1
randomSeed 0

000: dt: 0.0000, sse=2364634.0, rms=8.854
001: dt: 0.5000, sse=1259994.0, rms=6.261 (29.286%)
002: dt: 0.5000, sse=769714.6, rms=4.667 (25.458%)
003: dt: 0.5000, sse=541679.3, rms=3.693 (20.875%)
004: dt: 0.5000, sse=425973.0, rms=3.081 (16.561%)
005: dt: 0.5000, sse=369965.9, rms=2.728 (11.457%)
006: dt: 0.5000, sse=341020.9, rms=2.530 (7.278%)
007: dt: 0.5000, sse=329213.2, rms=2.436 (3.707%)
008: dt: 0.5000, sse=321894.2, rms=2.377 (2.425%)
rms = 2.3579/2.3769, sse=320799.7/321894.2, time step reduction 1 of 3 to 0.250  0 0 1
009: dt: 0.5000, sse=320799.7, rms=2.358 (0.802%)
010: dt: 0.2500, sse=216884.6, rms=1.334 (43.411%)
011: dt: 0.2500, sse=203856.5, rms=1.145 (14.192%)
rms = 1.1015/1.1449, sse=201450.5/203856.5, time step reduction 2 of 3 to 0.125  0 0 1
012: dt: 0.2500, sse=201450.5, rms=1.101 (3.796%)
rms = 1.0731/1.1015, sse=199829.8/201450.5, time step reduction 3 of 3 to 0.062  0 0 1
013: dt: 0.1250, sse=199829.8, rms=1.073 (2.576%)
  maximum number of reductions reached, breaking from loop
positioning took 1.3 minutes
Iteration 1 =========================================
n_averages=2, current_sigma=1
Freezing midline and others
Ripping frozen voxels
INFO: rip surface needed but not specified, so using input surface
Freezing midline and others
Entering: MRISripMidline(): inhibiting deformation at non-cortical midline structures...
  which=1, fix_mtl=0, using annot = 0
#FML0# MRISripMidline(): nripped=6195
removing 3 vertices from ripped group in thread:0
removing 3 vertices from ripped group in thread:0
removing 4 vertices from ripped group in thread:0
removing 3 vertices from ripped group in thread:0
removing 4 vertices from ripped group in thread:0
#FML# MRISripMidline(): nmarked=6315, nmarked2=0, nripped=6315
Ripping segs (eg, WMSA, BG, frozen)
Starting MRISripSegs() d = (-2 2 0.5) segnos: 247 247 247 
MRISripSegs(): -2 2 0.5 ripped 0
Computing target border values 
Entering MRIScomputeBorderValues_new(): 
  inside_hi   = 120.0000000;
  border_hi   = 111.9025730;
  border_low  =  78.0000000;
  outside_low =  68.3642880;
  outside_hi  = 111.9025730;
  sigma = 1;
  max_thickness = 10;
  step_size=0.5;
  STEP_SIZE=0.1;
  which = 1
  thresh = 0
  flags = 0
  CBVfindFirstPeakD1=0
  CBVfindFirstPeakD2=0
  nvertices=146669
  Gdiag_no=-1
  vno start=0, stop=146669
Replacing 255s with 0s
#SI# sigma=1 had to be increased for 79 vertices, nripped=6315
mean border=89.2, 19 (0) missing vertices, mean dist -0.2 [0.4 (%72.3)->0.3 (%27.7))]
%69 local maxima, %27 large gradients and % 0 min vals, 0 gradients ignored
nFirstPeakD1 0
MRIScomputeBorderValues_new() finished in 0.0108 min


Finding expansion regions
mean absolute distance = 0.38 +- 0.70
3359 vertices more than 2 sigmas from mean.
Averaging target values for 5 iterations...
Positioning Surface: tspring = 0.3, nspring = 0.3, spring = 0, niters = 100 l_repulse = 5, l_surf_repulse = 0, checktol = 0
Positioning pial surface
Entering MRISpositionSurface()
  max_mm = 0.3
  MAX_REDUCTIONS = 2, REDUCTION_PCT = 0.5
  parms->check_tol = 0, niterations = 100
tol=1.0e-04, sigma=1.0, host=dna06, nav=2, nbrs=2, l_repulse=5.000, l_tspring=0.300, l_nspring=0.300, l_intensity=0.200, l_curv=1.000
mom=0.00, dt=0.50
000: dt: 0.0000, sse=637687.0, rms=3.874
014: dt: 0.5000, sse=372405.2, rms=2.363 (39.010%)
015: dt: 0.5000, sse=332319.2, rms=2.042 (13.580%)
016: dt: 0.5000, sse=321922.4, rms=1.951 (4.462%)
rms = 2.0447/1.9508, sse=331615.6/321922.4, time step reduction 1 of 3 to 0.250  0 1 1
   RMS increased, rejecting step
017: dt: 0.2500, sse=267722.9, rms=1.362 (30.190%)
018: dt: 0.2500, sse=246587.6, rms=1.045 (23.240%)
019: dt: 0.2500, sse=241917.4, rms=0.961 (8.068%)
rms = 0.9372/0.9610, sse=240844.6/241917.4, time step reduction 2 of 3 to 0.125  0 0 1
020: dt: 0.2500, sse=240844.5, rms=0.937 (2.477%)
rms = 0.9173/0.9372, sse=239974.8/240844.6, time step reduction 3 of 3 to 0.062  0 0 1
021: dt: 0.1250, sse=239974.8, rms=0.917 (2.128%)
  maximum number of reductions reached, breaking from loop
positioning took 0.8 minutes
Iteration 2 =========================================
n_averages=1, current_sigma=0.5
Freezing midline and others
Ripping frozen voxels
INFO: rip surface needed but not specified, so using input surface
Freezing midline and others
Entering: MRISripMidline(): inhibiting deformation at non-cortical midline structures...
  which=1, fix_mtl=0, using annot = 0
#FML0# MRISripMidline(): nripped=6315
removing 1 vertices from ripped group in thread:0
removing 3 vertices from ripped group in thread:0
removing 4 vertices from ripped group in thread:0
removing 3 vertices from ripped group in thread:0
removing 4 vertices from ripped group in thread:0
#FML# MRISripMidline(): nmarked=6388, nmarked2=0, nripped=6388
Ripping segs (eg, WMSA, BG, frozen)
Starting MRISripSegs() d = (-2 2 0.5) segnos: 247 247 247 247 
MRISripSegs(): -2 2 0.5 ripped 0
Computing target border values 
Entering MRIScomputeBorderValues_new(): 
  inside_hi   = 120.0000000;
  border_hi   = 111.9025730;
  border_low  =  78.0000000;
  outside_low =  68.3642880;
  outside_hi  = 111.9025730;
  sigma = 0.5;
  max_thickness = 10;
  step_size=0.5;
  STEP_SIZE=0.1;
  which = 1
  thresh = 0
  flags = 0
  CBVfindFirstPeakD1=0
  CBVfindFirstPeakD2=0
  nvertices=146669
  Gdiag_no=-1
  vno start=0, stop=146669
Replacing 255s with 0s
#SI# sigma=0.5 had to be increased for 108 vertices, nripped=6388
mean border=91.2, 22 (0) missing vertices, mean dist -0.2 [0.3 (%72.0)->0.2 (%28.0))]
%81 local maxima, %14 large gradients and % 0 min vals, 0 gradients ignored
nFirstPeakD1 0
MRIScomputeBorderValues_new() finished in 0.0071 min


Finding expansion regions
mean absolute distance = 0.28 +- 0.47
3756 vertices more than 2 sigmas from mean.
Averaging target values for 5 iterations...
Positioning Surface: tspring = 0.3, nspring = 0.3, spring = 0, niters = 100 l_repulse = 5, l_surf_repulse = 0, checktol = 0
Positioning pial surface
Entering MRISpositionSurface()
  max_mm = 0.3
  MAX_REDUCTIONS = 2, REDUCTION_PCT = 0.5
  parms->check_tol = 0, niterations = 100
tol=1.0e-04, sigma=0.5, host=dna06, nav=1, nbrs=2, l_repulse=5.000, l_tspring=0.300, l_nspring=0.300, l_intensity=0.200, l_curv=1.000
mom=0.00, dt=0.50
000: dt: 0.0000, sse=440751.5, rms=2.853
022: dt: 0.5000, sse=305208.6, rms=1.804 (36.762%)
023: dt: 0.5000, sse=297752.5, rms=1.745 (3.267%)
rms = 1.8351/1.7454, sse=307166.8/297752.5, time step reduction 1 of 3 to 0.250  0 1 1
   RMS increased, rejecting step
024: dt: 0.2500, sse=253402.0, rms=1.202 (31.114%)
025: dt: 0.2500, sse=236738.6, rms=0.916 (23.841%)
rms = 0.8670/0.9157, sse=234534.7/236738.6, time step reduction 2 of 3 to 0.125  0 0 1
026: dt: 0.2500, sse=234534.7, rms=0.867 (5.313%)
rms = 0.8415/0.8670, sse=233364.6/234534.7, time step reduction 3 of 3 to 0.062  0 0 1
027: dt: 0.1250, sse=233364.5, rms=0.841 (2.948%)
  maximum number of reductions reached, breaking from loop
positioning took 0.6 minutes
Iteration 3 =========================================
n_averages=0, current_sigma=0.25
Freezing midline and others
Ripping frozen voxels
INFO: rip surface needed but not specified, so using input surface
Freezing midline and others
Entering: MRISripMidline(): inhibiting deformation at non-cortical midline structures...
  which=1, fix_mtl=0, using annot = 0
#FML0# MRISripMidline(): nripped=6388
removing 4 vertices from ripped group in thread:0
removing 3 vertices from ripped group in thread:0
removing 4 vertices from ripped group in thread:0
removing 1 vertices from ripped group in thread:0
removing 3 vertices from ripped group in thread:0
#FML# MRISripMidline(): nmarked=6422, nmarked2=0, nripped=6422
Ripping segs (eg, WMSA, BG, frozen)
Starting MRISripSegs() d = (-2 2 0.5) segnos: 247 247 247 247 247 
MRISripSegs(): -2 2 0.5 ripped 0
Computing target border values 
Entering MRIScomputeBorderValues_new(): 
  inside_hi   = 120.0000000;
  border_hi   = 111.9025730;
  border_low  =  78.0000000;
  outside_low =  68.3642880;
  outside_hi  = 111.9025730;
  sigma = 0.25;
  max_thickness = 10;
  step_size=0.5;
  STEP_SIZE=0.1;
  which = 1
  thresh = 0
  flags = 0
  CBVfindFirstPeakD1=0
  CBVfindFirstPeakD2=0
  nvertices=146669
  Gdiag_no=-1
  vno start=0, stop=146669
Replacing 255s with 0s
#SI# sigma=0.25 had to be increased for 147 vertices, nripped=6422
mean border=91.9, 49 (0) missing vertices, mean dist -0.1 [0.2 (%57.4)->0.2 (%42.6))]
%86 local maxima, %10 large gradients and % 0 min vals, 0 gradients ignored
nFirstPeakD1 0
MRIScomputeBorderValues_new() finished in 0.0041 min


Finding expansion regions
mean absolute distance = 0.22 +- 0.36
3572 vertices more than 2 sigmas from mean.
Averaging target values for 5 iterations...
Positioning Surface: tspring = 0.3, nspring = 0.3, spring = 0, niters = 100 l_repulse = 5, l_surf_repulse = 0, checktol = 0
Positioning pial surface
Entering MRISpositionSurface()
  max_mm = 0.3
  MAX_REDUCTIONS = 2, REDUCTION_PCT = 0.5
  parms->check_tol = 0, niterations = 100
tol=1.0e-04, sigma=0.2, host=dna06, nav=0, nbrs=2, l_repulse=5.000, l_tspring=0.300, l_nspring=0.300, l_intensity=0.200, l_curv=1.000
mom=0.00, dt=0.50
000: dt: 0.0000, sse=257457.7, rms=1.294
028: dt: 0.5000, sse=241629.7, rms=1.014 (21.676%)
rms = 1.2953/1.0138, sse=256824.0/241629.7, time step reduction 1 of 3 to 0.250  0 1 1
   RMS increased, rejecting step
029: dt: 0.2500, sse=227246.5, rms=0.747 (26.279%)
030: dt: 0.2500, sse=223915.4, rms=0.684 (8.517%)
rms = 0.6657/0.6837, sse=222830.6/223915.4, time step reduction 2 of 3 to 0.125  0 0 1
031: dt: 0.2500, sse=222830.6, rms=0.666 (2.646%)
rms = 0.6542/0.6657, sse=222122.9/222830.6, time step reduction 3 of 3 to 0.062  0 0 1
032: dt: 0.1250, sse=222122.9, rms=0.654 (1.719%)
  maximum number of reductions reached, breaking from loop
positioning took 0.5 minutes


Writing output to ../surf/rh.white.preaparc
#ET# mris_place_surface  3.41 minutes
#VMPC# mris_place_surfaces VmPeak  3211208
mris_place_surface done
#--------------------------------------------
#@# CortexLabel rh Tue Mar 10 09:36:18 CET 2026
cd /out/sourcedata/freesurfer/sub-v1s8x0051347_ses-1/mri
mri_label2label --label-cortex ../surf/rh.white.preaparc aseg.presurf.mgz 0 ../label/rh.cortex.label

 Generating cortex label... RemoveHipAmgy=0
 NucAccIsMedialWall=0
 mris->useRealRAS=0
6 non-cortical segments detected
only using segment with 8137 vertices
erasing segment 0 (vno[0] = 34672)
erasing segment 1 (vno[0] = 35660)
erasing segment 3 (vno[0] = 83919)
erasing segment 4 (vno[0] = 85731)
erasing segment 5 (vno[0] = 146657)
#--------------------------------------------
#@# CortexLabel+HipAmyg rh Tue Mar 10 09:36:34 CET 2026
cd /out/sourcedata/freesurfer/sub-v1s8x0051347_ses-1/mri
mri_label2label --label-cortex ../surf/rh.white.preaparc aseg.presurf.mgz 1 ../label/rh.cortex+hipamyg.label

 Generating cortex label... RemoveHipAmgy=1
 NucAccIsMedialWall=0
 mris->useRealRAS=0
8 non-cortical segments detected
only using segment with 5395 vertices
erasing segment 0 (vno[0] = 34672)
erasing segment 1 (vno[0] = 35660)
erasing segment 3 (vno[0] = 48270)
erasing segment 4 (vno[0] = 53824)
erasing segment 5 (vno[0] = 68177)
erasing segment 6 (vno[0] = 83919)
erasing segment 7 (vno[0] = 85731)
#--------------------------------------------
#@# Smooth2 rh Tue Mar 10 09:36:50 CET 2026
/out/sourcedata/freesurfer/sub-v1s8x0051347_ses-1/scripts

 mris_smooth -n 3 -nw -seed 1234 ../surf/rh.white.preaparc ../surf/rh.smoothwm 

smoothing for 3 iterations
setting seed for random number generator to 1234
smoothing surface tessellation for 3 iterations...
smoothing complete - recomputing first and second fundamental forms...
#--------------------------------------------
#@# Inflation2 rh Tue Mar 10 09:36:53 CET 2026
/out/sourcedata/freesurfer/sub-v1s8x0051347_ses-1/scripts

 mris_inflate ../surf/rh.smoothwm ../surf/rh.inflated 

Reading ../surf/rh.smoothwm
avg radius = 46.9 mm, total surface area = 89949 mm^2
step 000: RMS=0.164 (target=0.015)   step 005: RMS=0.111 (target=0.015)   step 010: RMS=0.082 (target=0.015)   step 015: RMS=0.068 (target=0.015)   step 020: RMS=0.056 (target=0.015)   step 025: RMS=0.046 (target=0.015)   step 030: RMS=0.039 (target=0.015)   step 035: RMS=0.032 (target=0.015)   step 040: RMS=0.028 (target=0.015)   step 045: RMS=0.024 (target=0.015)   step 050: RMS=0.022 (target=0.015)   step 055: RMS=0.020 (target=0.015)   step 060: RMS=0.019 (target=0.015)   writing inflated surface to ../surf/rh.inflated
writing sulcal depths to ../surf/rh.sulc

inflation complete.
inflation took 0.3 minutes
mris_inflate utimesec    82.191500
mris_inflate stimesec    1.679508
mris_inflate ru_maxrss   224796
mris_inflate ru_ixrss    0
mris_inflate ru_idrss    0
mris_inflate ru_isrss    0
mris_inflate ru_minflt   281129
mris_inflate ru_majflt   1
mris_inflate ru_nswap    0
mris_inflate ru_inblock  0
mris_inflate ru_oublock  11472
mris_inflate ru_msgsnd   0
mris_inflate ru_msgrcv   0
mris_inflate ru_nsignals 0
mris_inflate ru_nvcsw    22685
mris_inflate ru_nivcsw   281
#--------------------------------------------
#@# Curv .H and .K rh Tue Mar 10 09:37:11 CET 2026
/out/sourcedata/freesurfer/sub-v1s8x0051347_ses-1/surf

 mris_curvature -w -seed 1234 rh.white.preaparc 

setting seed for random number generator to 1234
total integrated curvature = 19.302*4pi (242.556) --> -18 handles
ICI = 148.4, FI = 1498.7, variation=23503.035
writing Gaussian curvature to ./rh.white.preaparc.K...done.
writing mean curvature to ./rh.white.preaparc.H...done.
rm -f rh.white.H
ln -s rh.white.preaparc.H rh.white.H
rm -f rh.white.K
ln -s rh.white.preaparc.K rh.white.K

 mris_curvature -seed 1234 -thresh .999 -n -a 5 -w -distances 10 10 rh.inflated 

setting seed for random number generator to 1234
normalizing curvature values.
averaging curvature patterns 5 times.
sampling 10 neighbors out to a distance of 10 mm
178 vertices thresholded to be in k1 ~ [-0.32 0.48], k2 ~ [-0.10 0.07]
total integrated curvature = 0.606*4pi (7.615) --> 0 handles
ICI = 1.7, FI = 10.7, variation=184.693
129 vertices thresholded to be in [-0.02 0.02]
writing Gaussian curvature to ./rh.inflated.K...thresholding curvature at 99.90% level
curvature mean = 0.000, std = 0.001
143 vertices thresholded to be in [-0.15 0.22]
done.
writing mean curvature to ./rh.inflated.H...curvature mean = -0.015, std = 0.024
done.
#--------------------------------------------
#@# Sphere rh Tue Mar 10 09:38:01 CET 2026
/out/sourcedata/freesurfer/sub-v1s8x0051347_ses-1/scripts

 mris_sphere -seed 1234 ../surf/rh.inflated ../surf/rh.sphere 

setting seed for random number genererator to 1234
version: 7.3.2
available threads: 16
reading original vertex positions...
projecting onto sphere...
surface projected - minimizing metric distortion...
scaling brain by 0.279...
MRISunfold() max_passes = 1 -------
tol=5.0e-01, sigma=0.0, host=dna06, nav=1024, nbrs=2, l_area=1.000, l_dist=1.000
using quadratic fit line minimization
complete_dist_mat 0
rms 0
smooth_averages 0
remove_neg 0
ico_order 0
which_surface 0
target_radius 0.000000
nfields 0
scale 1.000000
desired_rms_height -1.000000
momentum 0.900000
nbhd_size 7
max_nbrs 8
niterations 25
nsurfaces 0
SURFACES 3
flags 0 (0)
use curv 0
no sulc 0
no rigid align 0
mris->nsize 2
mris->hemisphere 1
randomSeed 1234

singular matrix in quadratic form
singular matrix in quadratic form
--------------------
  mrisRemoveNegativeArea()
pass 1: epoch 1 of 3 starting distance error %19.83
pass 1: epoch 2 of 3 starting distance error %19.81
unfolding complete - removing small folds...
starting distance error %19.79
removing remaining folds...
final distance error %19.79
MRISunfold() return, current seed 1234
-01: dt=0.0000, 128 negative triangles  VmPeak 1614040
086: dt=0.9900, 128 negative triangles
087: dt=0.9900,   8 negative triangles
088: dt=0.9900,   5 negative triangles
089: dt=0.9900,   3 negative triangles
090: dt=0.9900,   1 negative triangles
091: dt=0.9900,   1 negative triangles
092: dt=0.9900,   1 negative triangles
writing spherical brain to ../surf/rh.sphere
spherical transformation took 0.0405 hours
FSRUNTIME@ mris_sphere  0.0405 hours 16 threads
#VMPC# mris_sphere VmPeak  1614040
mris_sphere done
#--------------------------------------------
#@# Surf Reg rh Tue Mar 10 09:40:26 CET 2026
/out/sourcedata/freesurfer/sub-v1s8x0051347_ses-1/scripts

 mris_register -curv ../surf/rh.sphere /opt/freesurfer/average/rh.folding.atlas.acfb40.noaparc.i12.2016-08-02.tif ../surf/rh.sphere.reg 

using smoothwm curvature for final alignment

cwd /out/sourcedata/freesurfer/sub-v1s8x0051347_ses-1/scripts
cmdline mris_register -curv ../surf/rh.sphere /opt/freesurfer/average/rh.folding.atlas.acfb40.noaparc.i12.2016-08-02.tif ../surf/rh.sphere.reg 

0 inflated.H
1 sulc
2 smoothwm (computed)
7.3.2
  7.3.2
reading surface from ../surf/rh.sphere...
reading template parameterization from /opt/freesurfer/average/rh.folding.atlas.acfb40.noaparc.i12.2016-08-02.tif...
MRISregister() -------
max_passes = 4 
min_degrees = 0.500000 
max_degrees = 64.000000 
nangles = 8 
tol=5.0e-01, sigma=0.0, host=dna06, nav=1024, nbrs=1, l_extern=10000.000, l_parea=0.200, l_nlarea=1.000, l_corr=1.000, l_dist=5.000
using quadratic fit line minimization
complete_dist_mat 0
rms 0
smooth_averages 0
remove_neg 0
ico_order 0
which_surface 0
target_radius 0.000000
nfields 0
scale 0.000000
desired_rms_height -1.000000
momentum 0.950000
nbhd_size -10
max_nbrs 10
niterations 25
nsurfaces 0
SURFACES 3
flags 16 (10)
use curv 16
no sulc 0
no rigid align 0
mris->nsize 1
mris->hemisphere 1
randomSeed 0

tol=5.0e-01, sigma=0.0, host=dna06, nav=1024, nbrs=1, l_extern=10000.000, l_parea=0.200, l_nlarea=1.000, l_corr=1.000, l_dist=5.000
using quadratic fit line minimization
--------------------
1 Reading rh.sulc
tol=1.0e+00, sigma=0.5, host=dna06, nav=1024, nbrs=1, l_extern=10000.000, l_parea=0.200, l_nlarea=1.000, l_corr=0.050, l_spring=0.500, l_dist=5.000
using quadratic fit line minimization
curvature mean = 0.000, std = 5.693
curvature mean = 0.028, std = 0.801
curvature mean = 0.015, std = 0.860
Starting MRISrigidBodyAlignGlobal()
Starting new MRISrigidBodyAlignGlobal_findMinSSE()
  new MRISrigidBodyAlignGlobal_findMinSSE min @ (11.50, -7.50, 10.50) sse = 263467.5, elapsed since starting=0.1317 min
MRISrigidBodyAlignGlobal() done   0.13 min
curvature mean = -0.010, std = 0.817
curvature mean = 0.009, std = 0.941
curvature mean = -0.015, std = 0.823
curvature mean = 0.004, std = 0.973
curvature mean = -0.016, std = 0.824
curvature mean = 0.001, std = 0.987
2 Reading smoothwm
curvature mean = -0.019, std = 0.264
curvature mean = 0.032, std = 0.240
curvature mean = 0.062, std = 0.358
curvature mean = 0.030, std = 0.297
curvature mean = 0.031, std = 0.552
curvature mean = 0.029, std = 0.324
curvature mean = 0.017, std = 0.693
curvature mean = 0.029, std = 0.337
curvature mean = 0.005, std = 0.799
MRISregister() return, current seed 0
-01: dt=0.0000,   1 negative triangles  VmPeak 1614024
132: dt=0.9900,   1 negative triangles
expanding nbhd size to 1
133: dt=0.9900,   1 negative triangles
writing registered surface to ../surf/rh.sphere.reg...
registration took 0.09 hours
#VMPC# mris_register VmPeak  1614024
FSRUNTIME@ mris_register  0.0856 hours 16 threads

 ln -sf rh.sphere.reg rh.fsaverage.sphere.reg 

#--------------------------------------------
#@# Jacobian white rh Tue Mar 10 09:45:35 CET 2026
/out/sourcedata/freesurfer/sub-v1s8x0051347_ses-1/scripts

 mris_jacobian ../surf/rh.white.preaparc ../surf/rh.sphere.reg ../surf/rh.jacobian_white 

reading surface from ../surf/rh.white.preaparc...
writing curvature file ../surf/rh.jacobian_white
#--------------------------------------------
#@# AvgCurv rh Tue Mar 10 09:45:36 CET 2026
/out/sourcedata/freesurfer/sub-v1s8x0051347_ses-1/scripts

 mrisp_paint -a 5 /opt/freesurfer/average/rh.folding.atlas.acfb40.noaparc.i12.2016-08-02.tif#6 ../surf/rh.sphere.reg ../surf/rh.avg_curv 

averaging curvature patterns 5 times...
reading surface from ../surf/rh.sphere.reg...
reading template parameterization from /opt/freesurfer/average/rh.folding.atlas.acfb40.noaparc.i12.2016-08-02.tif...
writing curvature file to ../surf/rh.avg_curv...
#-----------------------------------------
#@# Cortical Parc rh Tue Mar 10 09:45:37 CET 2026
/out/sourcedata/freesurfer/sub-v1s8x0051347_ses-1/scripts

 mris_ca_label -l ../label/rh.cortex.label -aseg ../mri/aseg.presurf.mgz -seed 1234 sub-v1s8x0051347_ses-1 rh ../surf/rh.sphere.reg /opt/freesurfer/average/rh.DKaparc.atlas.acfb40.noaparc.i12.2016-08-02.gcs ../label/rh.aparc.annot 

setting seed for random number generator to 1234
using ../mri/aseg.presurf.mgz aseg volume to correct midline
7.3.2
  7.3.2
reading atlas from /opt/freesurfer/average/rh.DKaparc.atlas.acfb40.noaparc.i12.2016-08-02.gcs...
reading color table from GCSA file....
average std = 0.7   using min determinant for regularization = 0.004
0 singular and 309 ill-conditioned covariance matrices regularized
input 0: MEAN CURVATURE, flags 0, avgs 5, name mean_curvature
labeling surface...
1774 labels changed using aseg
relabeling using gibbs priors...
000:   3081 changed, 146669 examined...
001:    705 changed, 13008 examined...
002:    159 changed, 3999 examined...
003:     40 changed, 1010 examined...
004:     11 changed, 246 examined...
005:      5 changed, 70 examined...
006:      4 changed, 33 examined...
007:      2 changed, 24 examined...
008:      0 changed, 9 examined...
188 labels changed using aseg
000: 98 total segments, 61 labels (211 vertices) changed
001: 39 total segments, 2 labels (2 vertices) changed
002: 37 total segments, 0 labels (0 vertices) changed
10 filter iterations complete (10 requested, 8 changed)
rationalizing unknown annotations with cortex label
relabeling unknown label...
relabeling corpuscallosum label...
1841 vertices marked for relabeling...
1841 labels changed in reclassification.
writing output to ../label/rh.aparc.annot...
classification took 0 minutes and 11 seconds.
#--------------------------------------------
#@# WhiteSurfs rh Tue Mar 10 09:45:48 CET 2026
cd /out/sourcedata/freesurfer/sub-v1s8x0051347_ses-1/mri
mris_place_surface --adgws-in ../surf/autodet.gw.stats.rh.dat --seg aseg.presurf.mgz --threads 16 --wm wm.mgz --invol brain.finalsurfs.mgz --rh --i ../surf/rh.white.preaparc --o ../surf/rh.white --white --nsmooth 0 --rip-label ../label/rh.cortex.label --rip-bg --rip-surf ../surf/rh.white.preaparc --aparc ../label/rh.aparc.annot
7.3.2
7.3.2

cd /out/sourcedata/freesurfer/sub-v1s8x0051347_ses-1/mri
setenv SUBJECTS_DIR /out/sourcedata/freesurfer
mris_place_surface --adgws-in ../surf/autodet.gw.stats.rh.dat --seg aseg.presurf.mgz --threads 16 --wm wm.mgz --invol brain.finalsurfs.mgz --rh --i ../surf/rh.white.preaparc --o ../surf/rh.white --white --nsmooth 0 --rip-label ../label/rh.cortex.label --rip-bg --rip-surf ../surf/rh.white.preaparc --aparc ../label/rh.aparc.annot 

Reading in input surface ../surf/rh.white.preaparc
Not smoothing input surface
Area    293334  0.33446  0.10902 0.000793   1.4251
Corner  880002 60.00000 12.96755 0.670681 178.0216
Edge    440001  0.88787  0.18090 0.037599   2.7855
Hinge   440001  9.70255 10.41273 0.000001 179.9359
Reading in aparc ../label/rh.aparc.annot
Reading in input volume brain.finalsurfs.mgz
Reading in wm volume wm.mgz
MRIclipBrightWM(): nthresh=25943, wmmin=5, clip=110 
MRIfindBrightNonWM(): 117 bright non-wm voxels segmented.
Masking bright non-wm for white surface
MRImask(): AllowDiffGeom = 1
MRImask(): AllowDiffGeom = 1
Reading in seg volume aseg.presurf.mgz
Ripping frozen voxels
Ripping vertices not in label ../label/rh.cortex.label
MRISripNotLabel() ripped 8423/146669 vertices (138246 unripped)
Reading in ripping surface ../surf/rh.white.preaparc
Reading in aparc ../label/rh.aparc.annot for ripsurf
Ripping BG
MRISripBasalGanglia(): 1 -2 2 0.5 ripped 217
Ripping segs (eg, WMSA, BG, frozen)
Starting MRISripSegs() d = (-2 2 0.5) segnos: 247 
MRISripSegs(): -2 2 0.5 ripped 0
vertex 73335: xyz = (59.7772,-7.33232,7.91858) oxyz = (59.7772,-7.33232,7.91858) wxzy = (59.7772,-7.33232,7.91858) pxyz = (0,0,0) 
CBVO Creating mask 146669
n_averages 4
Iteration 0 =========================================
n_averages=4, current_sigma=2
Computing target border values 
Entering MRIScomputeBorderValues_new(): 
  inside_hi   = 120.0000000;
  border_hi   = 111.9025730;
  border_low  =  78.0000000;
  outside_low =  68.3642880;
  outside_hi  = 111.9025730;
  sigma = 2;
  max_thickness = 10;
  step_size=0.5;
  STEP_SIZE=0.1;
  which = 1
  thresh = 0
  flags = 0
  CBVfindFirstPeakD1=0
  CBVfindFirstPeakD2=0
  nvertices=146669
  Gdiag_no=-1
  vno start=0, stop=146669
Replacing 255s with 0s
#SI# sigma=2 had to be increased for 128 vertices, nripped=8640
mean border=86.6, 60 (60) missing vertices, mean dist 0.3 [1.4 (%12.6)->0.6 (%87.4))]
%53 local maxima, %41 large gradients and % 0 min vals, 0 gradients ignored
nFirstPeakD1 0
MRIScomputeBorderValues_new() finished in 0.0162 min


Finding expansion regions
mean absolute distance = 0.67 +- 0.98
3070 vertices more than 2 sigmas from mean.
Averaging target values for 5 iterations...
Positioning Surface: tspring = 0.3, nspring = 0.3, spring = 0, niters = 100 l_repulse = 5, l_surf_repulse = 0, checktol = 0
Positioning pial surface
Entering MRISpositionSurface()
  max_mm = 0.3
  MAX_REDUCTIONS = 2, REDUCTION_PCT = 0.5
  parms->check_tol = 0, niterations = 100
tol=1.0e-04, sigma=2.0, host=dna06, nav=4, nbrs=2, l_repulse=5.000, l_tspring=0.300, l_nspring=0.300, l_intensity=0.200, l_curv=1.000
mom=0.00, dt=0.50
complete_dist_mat 0
rms 0
smooth_averages 0
remove_neg 0
ico_order 0
which_surface 0
target_radius 0.000000
nfields 0
scale 0.000000
desired_rms_height 0.000000
momentum 0.000000
nbhd_size 0
max_nbrs 0
niterations 100
nsurfaces 0
SURFACES 3
flags 0 (0)
use curv 0
no sulc 0
no rigid align 0
mris->nsize 2
mris->hemisphere 1
randomSeed 0

000: dt: 0.0000, sse=1380340.2, rms=6.525
001: dt: 0.5000, sse=593087.8, rms=3.759 (42.395%)
002: dt: 0.5000, sse=377580.7, rms=2.516 (33.071%)
003: dt: 0.5000, sse=335161.6, rms=2.184 (13.187%)
004: dt: 0.5000, sse=317299.5, rms=2.020 (7.487%)
rms = 2.0868/2.0205, sse=325240.0/317299.5, time step reduction 1 of 3 to 0.250  0 1 1
   RMS increased, rejecting step
005: dt: 0.2500, sse=269100.3, rms=1.512 (25.145%)
006: dt: 0.2500, sse=251029.6, rms=1.265 (16.336%)
007: dt: 0.2500, sse=246598.0, rms=1.200 (5.161%)
rms = 1.1728/1.2000, sse=245219.6/246598.0, time step reduction 2 of 3 to 0.125  0 0 1
008: dt: 0.2500, sse=245219.6, rms=1.173 (2.272%)
rms = 1.1461/1.1728, sse=243716.0/245219.6, time step reduction 3 of 3 to 0.062  0 0 1
009: dt: 0.1250, sse=243716.0, rms=1.146 (2.276%)
  maximum number of reductions reached, breaking from loop
positioning took 1.0 minutes
Iteration 1 =========================================
n_averages=2, current_sigma=1
Computing target border values 
Entering MRIScomputeBorderValues_new(): 
  inside_hi   = 120.0000000;
  border_hi   = 111.9025730;
  border_low  =  78.0000000;
  outside_low =  68.3642880;
  outside_hi  = 111.9025730;
  sigma = 1;
  max_thickness = 10;
  step_size=0.5;
  STEP_SIZE=0.1;
  which = 1
  thresh = 0
  flags = 0
  CBVfindFirstPeakD1=0
  CBVfindFirstPeakD2=0
  nvertices=146669
  Gdiag_no=-1
  vno start=0, stop=146669
Replacing 255s with 0s
#SI# sigma=1 had to be increased for 118 vertices, nripped=8640
mean border=89.0, 62 (18) missing vertices, mean dist -0.2 [0.4 (%69.9)->0.2 (%30.1))]
%66 local maxima, %28 large gradients and % 0 min vals, 0 gradients ignored
nFirstPeakD1 0
MRIScomputeBorderValues_new() finished in 0.0112 min


Finding expansion regions
mean absolute distance = 0.38 +- 0.71
2922 vertices more than 2 sigmas from mean.
Averaging target values for 5 iterations...
Positioning Surface: tspring = 0.3, nspring = 0.3, spring = 0, niters = 100 l_repulse = 5, l_surf_repulse = 0, checktol = 0
Positioning pial surface
Entering MRISpositionSurface()
  max_mm = 0.3
  MAX_REDUCTIONS = 2, REDUCTION_PCT = 0.5
  parms->check_tol = 0, niterations = 100
tol=1.0e-04, sigma=1.0, host=dna06, nav=2, nbrs=2, l_repulse=5.000, l_tspring=0.300, l_nspring=0.300, l_intensity=0.200, l_curv=1.000
mom=0.00, dt=0.50
000: dt: 0.0000, sse=592017.2, rms=3.677
010: dt: 0.5000, sse=351942.0, rms=2.201 (40.137%)
011: dt: 0.5000, sse=314219.7, rms=1.871 (15.006%)
rms = 1.8209/1.8707, sse=309094.2/314219.7, time step reduction 1 of 3 to 0.250  0 0 1
012: dt: 0.5000, sse=309094.2, rms=1.821 (2.661%)
013: dt: 0.2500, sse=250586.9, rms=1.077 (40.843%)
014: dt: 0.2500, sse=243476.7, rms=0.947 (12.064%)
rms = 0.9265/0.9472, sse=242506.9/243476.7, time step reduction 2 of 3 to 0.125  0 0 1
015: dt: 0.2500, sse=242506.9, rms=0.926 (2.192%)
rms = 0.9044/0.9265, sse=241425.5/242506.9, time step reduction 3 of 3 to 0.062  0 0 1
016: dt: 0.1250, sse=241425.5, rms=0.904 (2.385%)
  maximum number of reductions reached, breaking from loop
positioning took 0.6 minutes
Iteration 2 =========================================
n_averages=1, current_sigma=0.5
Computing target border values 
Entering MRIScomputeBorderValues_new(): 
  inside_hi   = 120.0000000;
  border_hi   = 111.9025730;
  border_low  =  78.0000000;
  outside_low =  68.3642880;
  outside_hi  = 111.9025730;
  sigma = 0.5;
  max_thickness = 10;
  step_size=0.5;
  STEP_SIZE=0.1;
  which = 1
  thresh = 0
  flags = 0
  CBVfindFirstPeakD1=0
  CBVfindFirstPeakD2=0
  nvertices=146669
  Gdiag_no=-1
  vno start=0, stop=146669
Replacing 255s with 0s
#SI# sigma=0.5 had to be increased for 116 vertices, nripped=8640
mean border=91.1, 84 (14) missing vertices, mean dist -0.2 [0.3 (%72.4)->0.2 (%27.6))]
%80 local maxima, %14 large gradients and % 0 min vals, 0 gradients ignored
nFirstPeakD1 0
MRIScomputeBorderValues_new() finished in 0.0065 min


Finding expansion regions
mean absolute distance = 0.29 +- 0.48
3448 vertices more than 2 sigmas from mean.
Averaging target values for 5 iterations...
Positioning Surface: tspring = 0.3, nspring = 0.3, spring = 0, niters = 100 l_repulse = 5, l_surf_repulse = 0, checktol = 0
Positioning pial surface
Entering MRISpositionSurface()
  max_mm = 0.3
  MAX_REDUCTIONS = 2, REDUCTION_PCT = 0.5
  parms->check_tol = 0, niterations = 100
tol=1.0e-04, sigma=0.5, host=dna06, nav=1, nbrs=2, l_repulse=5.000, l_tspring=0.300, l_nspring=0.300, l_intensity=0.200, l_curv=1.000
mom=0.00, dt=0.50
000: dt: 0.0000, sse=444166.0, rms=2.889
017: dt: 0.5000, sse=308763.2, rms=1.814 (37.196%)
018: dt: 0.5000, sse=298588.8, rms=1.729 (4.718%)
rms = 1.8060/1.7288, sse=307138.4/298588.8, time step reduction 1 of 3 to 0.250  0 1 1
   RMS increased, rejecting step
019: dt: 0.2500, sse=256294.6, rms=1.198 (30.677%)
020: dt: 0.2500, sse=240651.9, rms=0.913 (23.839%)
021: dt: 0.2500, sse=237869.5, rms=0.860 (5.763%)
rms = 0.8531/0.8602, sse=236791.2/237869.5, time step reduction 2 of 3 to 0.125  0 0 1
022: dt: 0.2500, sse=236791.2, rms=0.853 (0.824%)
rms = 0.8372/0.8531, sse=236112.8/236791.2, time step reduction 3 of 3 to 0.062  0 0 1
023: dt: 0.1250, sse=236112.8, rms=0.837 (1.864%)
  maximum number of reductions reached, breaking from loop
positioning took 0.7 minutes
Iteration 3 =========================================
n_averages=0, current_sigma=0.25
Computing target border values 
Entering MRIScomputeBorderValues_new(): 
  inside_hi   = 120.0000000;
  border_hi   = 111.9025730;
  border_low  =  78.0000000;
  outside_low =  68.3642880;
  outside_hi  = 111.9025730;
  sigma = 0.25;
  max_thickness = 10;
  step_size=0.5;
  STEP_SIZE=0.1;
  which = 1
  thresh = 0
  flags = 0
  CBVfindFirstPeakD1=0
  CBVfindFirstPeakD2=0
  nvertices=146669
  Gdiag_no=-1
  vno start=0, stop=146669
Replacing 255s with 0s
#SI# sigma=0.25 had to be increased for 149 vertices, nripped=8640
mean border=91.8, 115 (10) missing vertices, mean dist -0.1 [0.2 (%57.3)->0.2 (%42.7))]
%84 local maxima, %10 large gradients and % 0 min vals, 0 gradients ignored
nFirstPeakD1 0
MRIScomputeBorderValues_new() finished in 0.0042 min


Finding expansion regions
mean absolute distance = 0.22 +- 0.36
3468 vertices more than 2 sigmas from mean.
Averaging target values for 5 iterations...
Positioning Surface: tspring = 0.3, nspring = 0.3, spring = 0, niters = 100 l_repulse = 5, l_surf_repulse = 0, checktol = 0
Positioning pial surface
Entering MRISpositionSurface()
  max_mm = 0.3
  MAX_REDUCTIONS = 2, REDUCTION_PCT = 0.5
  parms->check_tol = 0, niterations = 100
tol=1.0e-04, sigma=0.2, host=dna06, nav=0, nbrs=2, l_repulse=5.000, l_tspring=0.300, l_nspring=0.300, l_intensity=0.200, l_curv=1.000
mom=0.00, dt=0.50
000: dt: 0.0000, sse=259310.3, rms=1.289
024: dt: 0.5000, sse=246605.5, rms=0.996 (22.744%)
rms = 1.2603/0.9956, sse=259592.6/246605.5, time step reduction 1 of 3 to 0.250  0 1 1
   RMS increased, rejecting step
025: dt: 0.2500, sse=232734.5, rms=0.745 (25.137%)
026: dt: 0.2500, sse=229820.6, rms=0.684 (8.227%)
rms = 0.6527/0.6840, sse=228815.9/229820.6, time step reduction 2 of 3 to 0.125  0 0 1
027: dt: 0.2500, sse=228815.9, rms=0.653 (4.580%)
rms = 0.6479/0.6527, sse=226088.5/228815.9, time step reduction 3 of 3 to 0.062  0 0 1
028: dt: 0.1250, sse=226088.5, rms=0.648 (0.728%)
  maximum number of reductions reached, breaking from loop
positioning took 0.5 minutes


Writing output to ../surf/rh.white
#ET# mris_place_surface  2.98 minutes
#VMPC# mris_place_surfaces VmPeak  3140968
mris_place_surface done
#--------------------------------------------
#@# T1PialSurf rh Tue Mar 10 09:48:55 CET 2026
cd /out/sourcedata/freesurfer/sub-v1s8x0051347_ses-1/mri
mris_place_surface --adgws-in ../surf/autodet.gw.stats.rh.dat --seg aseg.presurf.mgz --threads 16 --wm wm.mgz --invol brain.finalsurfs.mgz --rh --i ../surf/rh.white --o ../surf/rh.pial.T1 --pial --nsmooth 0 --rip-label ../label/rh.cortex+hipamyg.label --pin-medial-wall ../label/rh.cortex.label --aparc ../label/rh.aparc.annot --repulse-surf ../surf/rh.white --white-surf ../surf/rh.white
7.3.2
7.3.2

cd /out/sourcedata/freesurfer/sub-v1s8x0051347_ses-1/mri
setenv SUBJECTS_DIR /out/sourcedata/freesurfer
mris_place_surface --adgws-in ../surf/autodet.gw.stats.rh.dat --seg aseg.presurf.mgz --threads 16 --wm wm.mgz --invol brain.finalsurfs.mgz --rh --i ../surf/rh.white --o ../surf/rh.pial.T1 --pial --nsmooth 0 --rip-label ../label/rh.cortex+hipamyg.label --pin-medial-wall ../label/rh.cortex.label --aparc ../label/rh.aparc.annot --repulse-surf ../surf/rh.white --white-surf ../surf/rh.white 

Reading in input surface ../surf/rh.white
Not smoothing input surface
Area    293334  0.33686  0.12096 0.001214   2.4588
Corner  880002 60.00000 14.20216 0.460023 177.2003
Edge    440001  0.89234  0.19845 0.032437   3.6015
Hinge   440001  9.80830 10.65189 0.000014 179.9359
Reading white surface coordinates from ../surf/rh.white
Reading repulsion surface coordinates from ../surf/rh.white
Reading in aparc ../label/rh.aparc.annot
Reading in input volume brain.finalsurfs.mgz
Reading in wm volume wm.mgz
MRIclipBrightWM(): nthresh=25943, wmmin=5, clip=110 
MRIfindBrightNonWM(): 117 bright non-wm voxels segmented.
Masking bright non-wm for pial surface mid_gray = 73.5951
MRImask(): AllowDiffGeom = 1
MRImask(): AllowDiffGeom = 1
MRImask(): AllowDiffGeom = 1
Reading in seg volume aseg.presurf.mgz
Ripping frozen voxels
Ripping vertices not in label ../label/rh.cortex+hipamyg.label
MRISripNotLabel() ripped 5665/146669 vertices (141004 unripped)
INFO: rip surface needed but not specified, so using input surface
Ripping segs (eg, WMSA, BG, frozen)
Starting MRISripSegs() d = (-2 2 0.5) segnos: 247 
MRISripSegs(): -2 2 0.5 ripped 0
vertex 73335: xyz = (59.8937,-7.36402,7.87776) oxyz = (59.8937,-7.36402,7.87776) wxzy = (59.8937,-7.36402,7.87776) pxyz = (59.8937,-7.36402,7.87776) 
CBVO Creating mask 146669
n_averages 16
Iteration 0 =========================================
n_averages=16, current_sigma=2
Computing target border values 
Entering MRIScomputeBorderValues_new(): 
  inside_hi   =  98.0974270;
  border_hi   =  68.3642880;
  border_low  =  49.0928570;
  outside_low =  10.0000000;
  outside_hi  =  63.5464320;
  sigma = 2;
  max_thickness = 10;
  step_size=0.5;
  STEP_SIZE=0.1;
  which = 2
  thresh = 0
  flags = 0
  CBVfindFirstPeakD1=0
  CBVfindFirstPeakD2=0
  nvertices=146669
  Gdiag_no=-1
  vno start=0, stop=146669
Replacing 255s with 0s
#SI# sigma=2 had to be increased for 166 vertices, nripped=5665
mean border=65.8, 117 (117) missing vertices, mean dist 1.9 [0.4 (%0.0)->2.7 (%100.0))]
%17 local maxima, %50 large gradients and %29 min vals, 0 gradients ignored
nFirstPeakD1 0
MRIScomputeBorderValues_new() finished in 0.0122 min


Averaging target values for 5 iterations...
Positioning Surface: tspring = 0.3, nspring = 0.3, spring = 0, niters = 100 l_repulse = 0, l_surf_repulse = 5, checktol = 0
Positioning pial surface
Entering MRISpositionSurface()
  max_mm = 0.3
  MAX_REDUCTIONS = 2, REDUCTION_PCT = 0.5
  parms->check_tol = 0, niterations = 100
tol=1.0e-04, sigma=2.0, host=dna06, nav=16, nbrs=2, l_surf_repulse=5.000, l_tspring=0.300, l_nspring=0.300, l_intensity=0.200, l_curv=1.000
mom=0.00, dt=0.50
complete_dist_mat 0
rms 0
smooth_averages 0
remove_neg 0
ico_order 0
which_surface 0
target_radius 0.000000
nfields 0
scale 0.000000
desired_rms_height 0.000000
momentum 0.000000
nbhd_size 0
max_nbrs 0
niterations 100
nsurfaces 0
SURFACES 3
flags 0 (0)
use curv 0
no sulc 0
no rigid align 0
mris->nsize 2
mris->hemisphere 1
randomSeed 0

000: dt: 0.0000, sse=20210272.0, rms=26.642
001: dt: 0.5000, sse=14388298.0, rms=22.432 (15.803%)
002: dt: 0.5000, sse=10227340.0, rms=18.854 (15.949%)
003: dt: 0.5000, sse=7497881.5, rms=16.079 (14.718%)
004: dt: 0.5000, sse=5738418.5, rms=14.000 (12.930%)
005: dt: 0.5000, sse=4499841.5, rms=12.327 (11.954%)
006: dt: 0.5000, sse=3485875.2, rms=10.763 (12.683%)
007: dt: 0.5000, sse=2641220.0, rms=9.260 (13.965%)
008: dt: 0.5000, sse=1970099.4, rms=7.862 (15.098%)
009: dt: 0.5000, sse=1473683.0, rms=6.639 (15.553%)
010: dt: 0.5000, sse=1133018.1, rms=5.646 (14.955%)
011: dt: 0.5000, sse=923258.2, rms=4.935 (12.608%)
012: dt: 0.5000, sse=795676.8, rms=4.443 (9.958%)
013: dt: 0.5000, sse=720254.2, rms=4.123 (7.204%)
014: dt: 0.5000, sse=673318.9, rms=3.909 (5.194%)
015: dt: 0.5000, sse=649095.9, rms=3.791 (3.008%)
016: dt: 0.5000, sse=630156.3, rms=3.697 (2.490%)
017: dt: 0.5000, sse=620743.2, rms=3.647 (1.361%)
rms = 3.5983/3.6466, sse=611749.9/620743.2, time step reduction 1 of 3 to 0.250  0 0 1
018: dt: 0.5000, sse=611749.9, rms=3.598 (1.324%)
019: dt: 0.2500, sse=458191.6, rms=2.709 (24.723%)
020: dt: 0.2500, sse=429668.5, rms=2.511 (7.303%)
021: dt: 0.2500, sse=421972.1, rms=2.453 (2.309%)
rms = 2.4261/2.4529, sse=418473.1/421972.1, time step reduction 2 of 3 to 0.125  0 0 1
022: dt: 0.2500, sse=418473.1, rms=2.426 (1.094%)
023: dt: 0.1250, sse=404789.6, rms=2.320 (4.374%)
rms = 2.2973/2.3199, sse=401981.3/404789.6, time step reduction 3 of 3 to 0.062  0 0 1
024: dt: 0.1250, sse=401981.3, rms=2.297 (0.977%)
  maximum number of reductions reached, breaking from loop
positioning took 2.0 minutes
Iteration 1 =========================================
n_averages=8, current_sigma=1
Computing target border values 
Entering MRIScomputeBorderValues_new(): 
  inside_hi   =  98.0974270;
  border_hi   =  68.3642880;
  border_low  =  49.0928570;
  outside_low =  10.0000000;
  outside_hi  =  63.5464320;
  sigma = 1;
  max_thickness = 10;
  step_size=0.5;
  STEP_SIZE=0.1;
  which = 2
  thresh = 0
  flags = 0
  CBVfindFirstPeakD1=0
  CBVfindFirstPeakD2=0
  nvertices=146669
  Gdiag_no=-1
  vno start=0, stop=146669
Replacing 255s with 0s
#SI# sigma=1 had to be increased for 8938 vertices, nripped=5665
mean border=64.0, 1289 (25) missing vertices, mean dist 0.2 [0.2 (%41.3)->0.5 (%58.7))]
%34 local maxima, %36 large gradients and %25 min vals, 0 gradients ignored
nFirstPeakD1 0
MRIScomputeBorderValues_new() finished in 0.0062 min


Averaging target values for 5 iterations...
Positioning Surface: tspring = 0.3, nspring = 0.3, spring = 0, niters = 100 l_repulse = 0, l_surf_repulse = 5, checktol = 0
Positioning pial surface
Entering MRISpositionSurface()
  max_mm = 0.3
  MAX_REDUCTIONS = 2, REDUCTION_PCT = 0.5
  parms->check_tol = 0, niterations = 100
tol=1.0e-04, sigma=1.0, host=dna06, nav=8, nbrs=2, l_surf_repulse=5.000, l_tspring=0.300, l_nspring=0.300, l_intensity=0.200, l_curv=1.000
mom=0.00, dt=0.50
000: dt: 0.0000, sse=709759.9, rms=3.801
025: dt: 0.5000, sse=620696.8, rms=3.352 (11.805%)
rms = 3.4544/3.3524, sse=637138.8/620696.7, time step reduction 1 of 3 to 0.250  0 1 1
   RMS increased, rejecting step
026: dt: 0.2500, sse=518056.9, rms=2.753 (17.884%)
027: dt: 0.2500, sse=478958.0, rms=2.489 (9.592%)
028: dt: 0.2500, sse=466698.8, rms=2.398 (3.658%)
rms = 2.3658/2.3978, sse=462529.6/466698.8, time step reduction 2 of 3 to 0.125  0 0 1
029: dt: 0.2500, sse=462529.6, rms=2.366 (1.333%)
030: dt: 0.1250, sse=445755.2, rms=2.232 (5.643%)
rms = 2.2012/2.2323, sse=441973.7/445755.2, time step reduction 3 of 3 to 0.062  0 0 1
031: dt: 0.1250, sse=441973.7, rms=2.201 (1.394%)
  maximum number of reductions reached, breaking from loop
positioning took 0.6 minutes
Iteration 2 =========================================
n_averages=4, current_sigma=0.5
Computing target border values 
Entering MRIScomputeBorderValues_new(): 
  inside_hi   =  98.0974270;
  border_hi   =  68.3642880;
  border_low  =  49.0928570;
  outside_low =  10.0000000;
  outside_hi  =  63.5464320;
  sigma = 0.5;
  max_thickness = 10;
  step_size=0.5;
  STEP_SIZE=0.1;
  which = 2
  thresh = 0
  flags = 0
  CBVfindFirstPeakD1=0
  CBVfindFirstPeakD2=0
  nvertices=146669
  Gdiag_no=-1
  vno start=0, stop=146669
Replacing 255s with 0s
#SI# sigma=0.5 had to be increased for 10206 vertices, nripped=5665
mean border=62.7, 1494 (16) missing vertices, mean dist 0.1 [0.2 (%35.5)->0.3 (%64.5))]
%50 local maxima, %20 large gradients and %25 min vals, 0 gradients ignored
nFirstPeakD1 0
MRIScomputeBorderValues_new() finished in 0.0039 min


Averaging target values for 5 iterations...
Positioning Surface: tspring = 0.3, nspring = 0.3, spring = 0, niters = 100 l_repulse = 0, l_surf_repulse = 5, checktol = 0
Positioning pial surface
Entering MRISpositionSurface()
  max_mm = 0.3
  MAX_REDUCTIONS = 2, REDUCTION_PCT = 0.5
  parms->check_tol = 0, niterations = 100
tol=1.0e-04, sigma=0.5, host=dna06, nav=4, nbrs=2, l_surf_repulse=5.000, l_tspring=0.300, l_nspring=0.300, l_intensity=0.200, l_curv=1.000
mom=0.00, dt=0.50
000: dt: 0.0000, sse=560471.4, rms=2.984
rms = 3.2516/2.9837, sse=608704.4/560471.4, time step reduction 1 of 3 to 0.250  0 1 1
   RMS increased, rejecting step
032: dt: 0.2500, sse=488230.6, rms=2.513 (15.777%)
033: dt: 0.2500, sse=457378.2, rms=2.281 (9.245%)
034: dt: 0.2500, sse=450454.6, rms=2.228 (2.307%)
rms = 2.2383/2.2280, sse=451686.3/450454.6, time step reduction 2 of 3 to 0.125  0 1 1
   RMS increased, rejecting step
rms = 2.1889/2.2280, sse=445711.3/450454.6, time step reduction 3 of 3 to 0.062  0 0 1
035: dt: 0.1250, sse=445711.3, rms=2.189 (1.757%)
  maximum number of reductions reached, breaking from loop
positioning took 0.4 minutes
Iteration 3 =========================================
n_averages=2, current_sigma=0.25
Computing target border values 
Entering MRIScomputeBorderValues_new(): 
  inside_hi   =  98.0974270;
  border_hi   =  68.3642880;
  border_low  =  49.0928570;
  outside_low =  10.0000000;
  outside_hi  =  63.5464320;
  sigma = 0.25;
  max_thickness = 10;
  step_size=0.5;
  STEP_SIZE=0.1;
  which = 2
  thresh = 0
  flags = 0
  CBVfindFirstPeakD1=0
  CBVfindFirstPeakD2=0
  nvertices=146669
  Gdiag_no=-1
  vno start=0, stop=146669
Replacing 255s with 0s
#SI# sigma=0.25 had to be increased for 8921 vertices, nripped=5665
mean border=62.0, 3200 (13) missing vertices, mean dist 0.1 [0.2 (%40.0)->0.3 (%60.0))]
%54 local maxima, %15 large gradients and %24 min vals, 0 gradients ignored
nFirstPeakD1 0
MRIScomputeBorderValues_new() finished in 0.0027 min


Averaging target values for 5 iterations...
Positioning Surface: tspring = 0.3, nspring = 0.3, spring = 0, niters = 100 l_repulse = 0, l_surf_repulse = 5, checktol = 0
Positioning pial surface
Entering MRISpositionSurface()
  max_mm = 0.3
  MAX_REDUCTIONS = 2, REDUCTION_PCT = 0.5
  parms->check_tol = 0, niterations = 100
tol=1.0e-04, sigma=0.2, host=dna06, nav=2, nbrs=2, l_surf_repulse=5.000, l_tspring=0.300, l_nspring=0.300, l_intensity=0.200, l_curv=1.000
mom=0.00, dt=0.50
000: dt: 0.0000, sse=473806.8, rms=2.408
rms = 2.9651/2.4078, sse=557399.9/473806.8, time step reduction 1 of 3 to 0.250  0 1 1
   RMS increased, rejecting step
036: dt: 0.2500, sse=446379.1, rms=2.193 (8.923%)
037: dt: 0.2500, sse=439867.5, rms=2.142 (2.329%)
rms = 2.1477/2.1419, sse=440270.9/439867.5, time step reduction 2 of 3 to 0.125  0 1 1
   RMS increased, rejecting step
rms = 2.1163/2.1419, sse=436875.4/439867.5, time step reduction 3 of 3 to 0.062  0 0 1
038: dt: 0.1250, sse=436875.3, rms=2.116 (1.195%)
  maximum number of reductions reached, breaking from loop
positioning took 0.3 minutes
Pinning medial wall to white surface
removing intersecting faces
000: 16 intersecting
terminating search with 0 intersecting


Writing output to ../surf/rh.pial.T1
#ET# mris_place_surface  3.63 minutes
#VMPC# mris_place_surfaces VmPeak  2456944
mris_place_surface done
#@# white curv rh Tue Mar 10 09:52:40 CET 2026
cd /out/sourcedata/freesurfer/sub-v1s8x0051347_ses-1/mri
mris_place_surface --curv-map ../surf/rh.white 2 10 ../surf/rh.curv
insurf  ../surf/rh.white, nbrs 2, curvature_avgs 10
writing curvature file ../surf/rh.curv
#@# white area rh Tue Mar 10 09:52:42 CET 2026
cd /out/sourcedata/freesurfer/sub-v1s8x0051347_ses-1/mri
mris_place_surface --area-map ../surf/rh.white ../surf/rh.area
writing curvature file ../surf/rh.area
#@# pial curv rh Tue Mar 10 09:52:43 CET 2026
cd /out/sourcedata/freesurfer/sub-v1s8x0051347_ses-1/mri
mris_place_surface --curv-map ../surf/rh.pial 2 10 ../surf/rh.curv.pial
insurf  ../surf/rh.pial, nbrs 2, curvature_avgs 10
writing curvature file ../surf/rh.curv.pial
#@# pial area rh Tue Mar 10 09:52:45 CET 2026
cd /out/sourcedata/freesurfer/sub-v1s8x0051347_ses-1/mri
mris_place_surface --area-map ../surf/rh.pial ../surf/rh.area.pial
writing curvature file ../surf/rh.area.pial
#@# thickness rh Tue Mar 10 09:52:46 CET 2026
cd /out/sourcedata/freesurfer/sub-v1s8x0051347_ses-1/mri
mris_place_surface --thickness ../surf/rh.white ../surf/rh.pial 20 5 ../surf/rh.thickness
0 of 146669 vertices processed
25000 of 146669 vertices processed
50000 of 146669 vertices processed
75000 of 146669 vertices processed
100000 of 146669 vertices processed
125000 of 146669 vertices processed
0 of 146669 vertices processed
25000 of 146669 vertices processed
50000 of 146669 vertices processed
75000 of 146669 vertices processed
100000 of 146669 vertices processed
125000 of 146669 vertices processed
thickness calculation complete, 234:998 truncations.
69435 vertices at 0 distance
126306 vertices at 1 distance
64395 vertices at 2 distance
21335 vertices at 3 distance
7309 vertices at 4 distance
2712 vertices at 5 distance
1047 vertices at 6 distance
421 vertices at 7 distance
159 vertices at 8 distance
53 vertices at 9 distance
30 vertices at 10 distance
23 vertices at 11 distance
18 vertices at 12 distance
18 vertices at 13 distance
9 vertices at 14 distance
14 vertices at 15 distance
7 vertices at 16 distance
9 vertices at 17 distance
15 vertices at 18 distance
11 vertices at 19 distance
12 vertices at 20 distance
writing curvature file ../surf/rh.thickness
#@# area and vertex vol rh Tue Mar 10 09:53:20 CET 2026
cd /out/sourcedata/freesurfer/sub-v1s8x0051347_ses-1/mri
mris_place_surface --thickness ../surf/rh.white ../surf/rh.pial 20 5 ../surf/rh.thickness
/out/sourcedata/freesurfer/sub-v1s8x0051347_ses-1/surf
mris_calc -o rh.area.mid rh.area add rh.area.pial
Saving result to 'rh.area.mid' (type = MRI_CURV_FILE)                       [ ok ]
mris_calc -o rh.area.mid rh.area.mid div 2
Saving result to 'rh.area.mid' (type = MRI_CURV_FILE)                       [ ok ]
mris_convert --volume sub-v1s8x0051347_ses-1 rh /out/sourcedata/freesurfer/sub-v1s8x0051347_ses-1/surf/rh.volume
masking with /out/sourcedata/freesurfer/sub-v1s8x0051347_ses-1/label/rh.cortex.label
Total face volume 268874
Total vertex volume 268636 (mask=0)
#@# sub-v1s8x0051347_ses-1 rh 268636
 
vertexvol Done

#-----------------------------------------
#@# Curvature Stats rh Tue Mar 10 09:53:22 CET 2026
/out/sourcedata/freesurfer/sub-v1s8x0051347_ses-1/surf

 mris_curvature_stats -m --writeCurvatureFiles -G -o ../stats/rh.curv.stats -F smoothwm sub-v1s8x0051347_ses-1 rh curv sulc 

             Toggling save flag on curvature files                       [ ok ]
                 Outputting results using filestem   [ ../stats/rh.curv.stats ]
             Toggling save flag on curvature files                       [ ok ]
                                   Setting surface [ sub-v1s8x0051347_ses-1/rh.smoothwm ]
                                Reading surface...                       [ ok ]
                                   Setting texture                     [ curv ]
                                Reading texture...                       [ ok ]
                                   Setting texture                     [ sulc ]
                                Reading texture...Gb_filter = 0
                       [ ok ]
      Calculating Discrete Principal Curvatures...
      Determining geometric order for vno faces... [####################] [ ok ]
                      Determining KH curvatures... [####################] [ ok ]
                    Determining k1k2 curvatures... [####################] [ ok ]
                                   deltaViolations                      [ 285 ]
Gb_filter = 0

WARN:    S lookup   min:                          -0.104914
WARN:    S explicit min:                          0.000000	vertex = 298
#-----------------------------------------
#@# Cortical Parc 2 rh Tue Mar 10 09:53:25 CET 2026
/out/sourcedata/freesurfer/sub-v1s8x0051347_ses-1/scripts

 mris_ca_label -l ../label/rh.cortex.label -aseg ../mri/aseg.presurf.mgz -seed 1234 sub-v1s8x0051347_ses-1 rh ../surf/rh.sphere.reg /opt/freesurfer/average/rh.CDaparc.atlas.acfb40.noaparc.i12.2016-08-02.gcs ../label/rh.aparc.a2009s.annot 

setting seed for random number generator to 1234
using ../mri/aseg.presurf.mgz aseg volume to correct midline
7.3.2
  7.3.2
reading atlas from /opt/freesurfer/average/rh.CDaparc.atlas.acfb40.noaparc.i12.2016-08-02.gcs...
reading color table from GCSA file....
average std = 1.4   using min determinant for regularization = 0.021
0 singular and 0 ill-conditioned covariance matrices regularized
input 0: MEAN CURVATURE, flags 0, avgs 5, name mean_curvature
labeling surface...
1 labels changed using aseg
relabeling using gibbs priors...
000:   9660 changed, 146669 examined...
001:   2124 changed, 37974 examined...
002:    654 changed, 11376 examined...
003:    311 changed, 3755 examined...
004:    147 changed, 1784 examined...
005:     73 changed, 869 examined...
006:     34 changed, 425 examined...
007:     29 changed, 202 examined...
008:     22 changed, 153 examined...
009:     16 changed, 110 examined...
010:      4 changed, 81 examined...
011:      2 changed, 27 examined...
012:      2 changed, 14 examined...
013:      1 changed, 10 examined...
014:      1 changed, 7 examined...
015:      3 changed, 7 examined...
016:      4 changed, 13 examined...
017:      2 changed, 16 examined...
018:      2 changed, 14 examined...
019:      3 changed, 15 examined...
020:      1 changed, 13 examined...
021:      1 changed, 7 examined...
022:      0 changed, 8 examined...
0 labels changed using aseg
000: 269 total segments, 181 labels (1987 vertices) changed
001: 96 total segments, 12 labels (26 vertices) changed
002: 84 total segments, 0 labels (0 vertices) changed
10 filter iterations complete (10 requested, 39 changed)
rationalizing unknown annotations with cortex label
relabeling Medial_wall label...
1474 vertices marked for relabeling...
1474 labels changed in reclassification.
writing output to ../label/rh.aparc.a2009s.annot...
classification took 0 minutes and 14 seconds.
#-----------------------------------------
#@# Cortical Parc 3 rh Tue Mar 10 09:53:39 CET 2026
/out/sourcedata/freesurfer/sub-v1s8x0051347_ses-1/scripts

 mris_ca_label -l ../label/rh.cortex.label -aseg ../mri/aseg.presurf.mgz -seed 1234 sub-v1s8x0051347_ses-1 rh ../surf/rh.sphere.reg /opt/freesurfer/average/rh.DKTaparc.atlas.acfb40.noaparc.i12.2016-08-02.gcs ../label/rh.aparc.DKTatlas.annot 

setting seed for random number generator to 1234
using ../mri/aseg.presurf.mgz aseg volume to correct midline
7.3.2
  7.3.2
reading atlas from /opt/freesurfer/average/rh.DKTaparc.atlas.acfb40.noaparc.i12.2016-08-02.gcs...
reading color table from GCSA file....
average std = 0.9   using min determinant for regularization = 0.009
0 singular and 325 ill-conditioned covariance matrices regularized
input 0: MEAN CURVATURE, flags 0, avgs 5, name mean_curvature
labeling surface...
1802 labels changed using aseg
relabeling using gibbs priors...
000:   2179 changed, 146669 examined...
001:    529 changed, 10016 examined...
002:    134 changed, 3001 examined...
003:     61 changed, 790 examined...
004:     23 changed, 369 examined...
005:      5 changed, 139 examined...
006:      1 changed, 32 examined...
007:      0 changed, 6 examined...
156 labels changed using aseg
000: 56 total segments, 23 labels (101 vertices) changed
001: 33 total segments, 0 labels (0 vertices) changed
10 filter iterations complete (10 requested, 9 changed)
rationalizing unknown annotations with cortex label
relabeling unknown label...
relabeling corpuscallosum label...
1324 vertices marked for relabeling...
1324 labels changed in reclassification.
writing output to ../label/rh.aparc.DKTatlas.annot...
classification took 0 minutes and 12 seconds.
#-----------------------------------------
#@# WM/GM Contrast rh Tue Mar 10 09:53:51 CET 2026
/out/sourcedata/freesurfer/sub-v1s8x0051347_ses-1/scripts

 pctsurfcon --s sub-v1s8x0051347_ses-1 --rh-only 

Log file is /out/sourcedata/freesurfer/sub-v1s8x0051347_ses-1/scripts/pctsurfcon.log
Tue Mar 10 09:53:51 CET 2026
setenv SUBJECTS_DIR /out/sourcedata/freesurfer
cd /out/sourcedata/freesurfer/sub-v1s8x0051347_ses-1/scripts
/opt/freesurfer/bin/pctsurfcon
pctsurfcon 7.3.2
Linux dna060 5.14.0-427.37.1.el9_4.x86_64 #1 SMP PREEMPT_DYNAMIC Fri Sep 13 12:41:50 EDT 2024 x86_64 x86_64 x86_64 GNU/Linux
FREESURFER_HOME /opt/freesurfer
mri_vol2surf --mov /out/sourcedata/freesurfer/sub-v1s8x0051347_ses-1/mri/rawavg.mgz --hemi rh --noreshape --interp trilinear --projdist -1 --o /out/sourcedata/freesurfer/sub-v1s8x0051347_ses-1/surf/tmp.pctsurfcon.2844083/rh.wm.mgh --regheader sub-v1s8x0051347_ses-1 --cortex
srcvol = /out/sourcedata/freesurfer/sub-v1s8x0051347_ses-1/mri/rawavg.mgz
srcreg unspecified
srcregold = 0
srcwarp unspecified
surf = white
hemi = rh
ProjDist = -1
reshape = 0
interp = trilinear
float2int = round
GetProjMax = 0
INFO: float2int code = 0
Done loading volume
Computing registration from header.
  Using /out/sourcedata/freesurfer/sub-v1s8x0051347_ses-1/mri/orig.mgz as target reference.
-------- original matrix -----------
-1.00000   0.00000   0.00000   0.00000;
 0.00000   0.00000   1.00000   0.00000;
 0.00000  -1.00000   0.00000  -0.00001;
 0.00000   0.00000   0.00000   1.00000;
-------- original matrix -----------
Loading label /out/sourcedata/freesurfer/sub-v1s8x0051347_ses-1/label/rh.cortex.label
Reading surface /out/sourcedata/freesurfer/sub-v1s8x0051347_ses-1/surf/rh.white
Done reading source surface
Mapping Source Volume onto Source Subject Surface
Projecting -1 -1 1
 1 -1 -1 -1
using old
Done mapping volume to surface
Number of source voxels hit = 86207
Masking with /out/sourcedata/freesurfer/sub-v1s8x0051347_ses-1/label/rh.cortex.label
Writing to /out/sourcedata/freesurfer/sub-v1s8x0051347_ses-1/surf/tmp.pctsurfcon.2844083/rh.wm.mgh
Dim: 146669 1 1
mri_vol2surf --mov /out/sourcedata/freesurfer/sub-v1s8x0051347_ses-1/mri/rawavg.mgz --hemi rh --noreshape --interp trilinear --o /out/sourcedata/freesurfer/sub-v1s8x0051347_ses-1/surf/tmp.pctsurfcon.2844083/rh.gm.mgh --projfrac 0.3 --regheader sub-v1s8x0051347_ses-1 --cortex
srcvol = /out/sourcedata/freesurfer/sub-v1s8x0051347_ses-1/mri/rawavg.mgz
srcreg unspecified
srcregold = 0
srcwarp unspecified
surf = white
hemi = rh
ProjFrac = 0.3
thickness = thickness
reshape = 0
interp = trilinear
float2int = round
GetProjMax = 0
INFO: float2int code = 0
Done loading volume
Computing registration from header.
  Using /out/sourcedata/freesurfer/sub-v1s8x0051347_ses-1/mri/orig.mgz as target reference.
-------- original matrix -----------
-1.00000   0.00000   0.00000   0.00000;
 0.00000   0.00000   1.00000   0.00000;
 0.00000  -1.00000   0.00000  -0.00001;
 0.00000   0.00000   0.00000   1.00000;
-------- original matrix -----------
Loading label /out/sourcedata/freesurfer/sub-v1s8x0051347_ses-1/label/rh.cortex.label
Reading surface /out/sourcedata/freesurfer/sub-v1s8x0051347_ses-1/surf/rh.white
Done reading source surface
Reading thickness /out/sourcedata/freesurfer/sub-v1s8x0051347_ses-1/surf/rh.thickness
Done
Mapping Source Volume onto Source Subject Surface
Projecting 0.3 0.3 1
 1 0.3 0.3 0.3
using old
Done mapping volume to surface
Number of source voxels hit = 101481
Masking with /out/sourcedata/freesurfer/sub-v1s8x0051347_ses-1/label/rh.cortex.label
Writing to /out/sourcedata/freesurfer/sub-v1s8x0051347_ses-1/surf/tmp.pctsurfcon.2844083/rh.gm.mgh
Dim: 146669 1 1
mri_concat /out/sourcedata/freesurfer/sub-v1s8x0051347_ses-1/surf/tmp.pctsurfcon.2844083/rh.wm.mgh /out/sourcedata/freesurfer/sub-v1s8x0051347_ses-1/surf/tmp.pctsurfcon.2844083/rh.gm.mgh --paired-diff-norm --mul 100 --o /out/sourcedata/freesurfer/sub-v1s8x0051347_ses-1/surf/rh.w-g.pct.mgh
ninputs = 2
Checking inputs
nframestot = 2
Allocing output
Done allocing
Combining pairs
nframes = 1
Multiplying by 100.000000
Writing to /out/sourcedata/freesurfer/sub-v1s8x0051347_ses-1/surf/rh.w-g.pct.mgh
mri_segstats --in /out/sourcedata/freesurfer/sub-v1s8x0051347_ses-1/surf/rh.w-g.pct.mgh --annot sub-v1s8x0051347_ses-1 rh aparc --sum /out/sourcedata/freesurfer/sub-v1s8x0051347_ses-1/stats/rh.w-g.pct.stats --snr

7.3.2
cwd 
cmdline mri_segstats --in /out/sourcedata/freesurfer/sub-v1s8x0051347_ses-1/surf/rh.w-g.pct.mgh --annot sub-v1s8x0051347_ses-1 rh aparc --sum /out/sourcedata/freesurfer/sub-v1s8x0051347_ses-1/stats/rh.w-g.pct.stats --snr 
sysname  Linux
hostname dna060
machine  x86_64
user     oesteban
whitesurfname  white
UseRobust  0
Constructing seg from annotation

Reading annotation /out/sourcedata/freesurfer/sub-v1s8x0051347_ses-1/label/rh.aparc.annot
Seg base 2000
Loading /out/sourcedata/freesurfer/sub-v1s8x0051347_ses-1/surf/rh.w-g.pct.mgh
Vertex Area is 0.673716 mm^3
Generating list of segmentation ids
Found  36 segmentations
Computing statistics for each segmentation

Reporting on  35 segmentations
Using PrintSegStat
mri_segstats done
Cleaning up

Started at Tue Mar 10 09:29:21 CET 2026 
Ended   at Tue Mar 10 09:53:55 CET 2026
#@#%# recon-all-run-time-hours 0.409
recon-all -s sub-v1s8x0051347_ses-1 finished without error at Tue Mar 10 09:53:55 CET 2026



#New# invocation of recon-all 




Tue Mar 10 10:04:00 CET 2026
cd /out/sourcedata/freesurfer/sub-v1s8x0051347_ses-1
setenv SUBJECTS_DIR /out/sourcedata/freesurfer
/opt/freesurfer/bin/recon-all -autorecon-hemi rh -nohyporelabel -rh-only -openmp 16 -subjid sub-v1s8x0051347_ses-1 -sd /out/sourcedata/freesurfer -notessellate -nosmooth1 -noinflate1 -noqsphere -nofix -nowhite -nosmooth2 -noinflate2 -nocurvHK -nocurvstats -nosphere -nosurfreg -nojacobian_white -noavgcurv -nocortparc -nopial -nocortparc2 -nocortparc3 -nopctsurfcon

subjid sub-v1s8x0051347_ses-1
setenv SUBJECTS_DIR /out/sourcedata/freesurfer
FREESURFER_HOME /opt/freesurfer
Actual FREESURFER_HOME /opt/freesurfer
build-stamp.txt: freesurfer-linux-ubuntu22_x86_64-7.3.2-20220804-6354275
Linux dna060 5.14.0-427.37.1.el9_4.x86_64 #1 SMP PREEMPT_DYNAMIC Fri Sep 13 12:41:50 EDT 2024 x86_64 x86_64 x86_64 GNU/Linux
cputime      unlimited
filesize     unlimited
datasize     unlimited
stacksize    8192 kbytes
coredumpsize 0 kbytes
memoryuse    67108864 kbytes
vmemoryuse   unlimited
descriptors  1024 
memorylocked unlimited
maxproc      2061970 
maxlocks     unlimited
maxsignal    2061971 
maxmessage   819200 
maxnice      0 
maxrtprio    0 
maxrttime    unlimited

               total        used        free      shared  buff/cache   available
Mem:           503Gi        47Gi       410Gi        10Gi        45Gi       441Gi
Swap:             0B          0B          0B

########################################
program versions used
7.3.2 (freesurfer-linux-ubuntu22_x86_64-7.3.2-20220804-6354275)
7.3.2

ProgramName: lta_convert  ProgramArguments: lta_convert -all-info  ProgramVersion: 7.3.2  TimeStamp: 2026/03/10-09:04:00-GMT  BuildTime: Aug  4 2022 06:17:15  BuildStamp: freesurfer-linux-ubuntu22_x86_64-7.3.2-20220804-6354275  User: oesteban  Machine: dna060  Platform: Linux  PlatformVersion: 5.14.0-427.37.1.el9_4.x86_64  CompilerName: GCC  CompilerVersion: 8.4.0
ProgramName: mri_and  ProgramArguments: mri_and -all-info  ProgramVersion: 7.3.2  TimeStamp: 2026/03/10-09:04:00-GMT  BuildTime: Aug  4 2022 06:17:15  BuildStamp: freesurfer-linux-ubuntu22_x86_64-7.3.2-20220804-6354275  User: oesteban  Machine: dna060  Platform: Linux  PlatformVersion: 5.14.0-427.37.1.el9_4.x86_64  CompilerName: GCC  CompilerVersion: 8.4.0
ProgramName: mri_annotation2label  ProgramArguments: mri_annotation2label -all-info  ProgramVersion: 7.3.2  TimeStamp: 2026/03/10-09:04:00-GMT  BuildTime: Aug  4 2022 06:17:15  BuildStamp: freesurfer-linux-ubuntu22_x86_64-7.3.2-20220804-6354275  User: oesteban  Machine: dna060  Platform: Linux  PlatformVersion: 5.14.0-427.37.1.el9_4.x86_64  CompilerName: GCC  CompilerVersion: 8.4.0
ProgramName: mri_aparc2aseg  ProgramArguments: mri_aparc2aseg -all-info  ProgramVersion: 7.3.2  TimeStamp: 2026/03/10-09:04:00-GMT  BuildTime: Aug  4 2022 06:17:15  BuildStamp: freesurfer-linux-ubuntu22_x86_64-7.3.2-20220804-6354275  User: oesteban  Machine: dna060  Platform: Linux  PlatformVersion: 5.14.0-427.37.1.el9_4.x86_64  CompilerName: GCC  CompilerVersion: 8.4.0
ProgramName: mri_surf2volseg  ProgramArguments: mri_surf2volseg -all-info  ProgramVersion: 7.3.2  TimeStamp: 2026/03/10-09:04:00-GMT  BuildTime: Aug  4 2022 06:17:15  BuildStamp: freesurfer-linux-ubuntu22_x86_64-7.3.2-20220804-6354275  User: oesteban  Machine: dna060  Platform: Linux  PlatformVersion: 5.14.0-427.37.1.el9_4.x86_64  CompilerName: GCC  CompilerVersion: 8.4.0
ProgramName: mri_binarize  ProgramArguments: mri_binarize -all-info  ProgramVersion: 7.3.2  TimeStamp: 2026/03/10-09:04:00-GMT  BuildTime: Aug  4 2022 06:17:15  BuildStamp: freesurfer-linux-ubuntu22_x86_64-7.3.2-20220804-6354275  User: oesteban  Machine: dna060  Platform: Linux  PlatformVersion: 5.14.0-427.37.1.el9_4.x86_64  CompilerName: GCC  CompilerVersion: 8.4.0
ProgramName: mri_ca_label  ProgramArguments: mri_ca_label -all-info  ProgramVersion: 7.3.2  TimeStamp: 2026/03/10-09:04:00-GMT  BuildTime: Aug  4 2022 06:17:15  BuildStamp: freesurfer-linux-ubuntu22_x86_64-7.3.2-20220804-6354275  User: oesteban  Machine: dna060  Platform: Linux  PlatformVersion: 5.14.0-427.37.1.el9_4.x86_64  CompilerName: GCC  CompilerVersion: 8.4.0
ProgramName: mri_ca_normalize  ProgramArguments: mri_ca_normalize -all-info  ProgramVersion: 7.3.2  TimeStamp: 2026/03/10-09:04:00-GMT  BuildTime: Aug  4 2022 06:17:15  BuildStamp: freesurfer-linux-ubuntu22_x86_64-7.3.2-20220804-6354275  User: oesteban  Machine: dna060  Platform: Linux  PlatformVersion: 5.14.0-427.37.1.el9_4.x86_64  CompilerName: GCC  CompilerVersion: 8.4.0
ProgramName: mri_ca_register  ProgramArguments: mri_ca_register -all-info  ProgramVersion: 7.3.2  TimeStamp: 2026/03/10-09:04:00-GMT  BuildTime: Aug  4 2022 06:17:15  BuildStamp: freesurfer-linux-ubuntu22_x86_64-7.3.2-20220804-6354275  User: oesteban  Machine: dna060  Platform: Linux  PlatformVersion: 5.14.0-427.37.1.el9_4.x86_64  CompilerName: GCC  CompilerVersion: 8.4.0
ProgramName: mri_cc  ProgramArguments: mri_cc -all-info  ProgramVersion: 7.3.2  TimeStamp: 2026/03/10-09:04:00-GMT  BuildTime: Aug  4 2022 06:17:15  BuildStamp: freesurfer-linux-ubuntu22_x86_64-7.3.2-20220804-6354275  User: oesteban  Machine: dna060  Platform: Linux  PlatformVersion: 5.14.0-427.37.1.el9_4.x86_64  CompilerName: GCC  CompilerVersion: 8.4.0
ProgramName: mri_compute_overlap  ProgramArguments: mri_compute_overlap -all-info  ProgramVersion: 7.3.2  TimeStamp: 2026/03/10-09:04:00-GMT  BuildTime: Aug  4 2022 06:17:15  BuildStamp: freesurfer-linux-ubuntu22_x86_64-7.3.2-20220804-6354275  User: oesteban  Machine: dna060  Platform: Linux  PlatformVersion: 5.14.0-427.37.1.el9_4.x86_64  CompilerName: GCC  CompilerVersion: 8.4.0
ProgramName: mri_compute_seg_overlap  ProgramArguments: mri_compute_seg_overlap -all-info  ProgramVersion: 7.3.2  TimeStamp: 2026/03/10-09:04:00-GMT  BuildTime: Aug  4 2022 06:17:15  BuildStamp: freesurfer-linux-ubuntu22_x86_64-7.3.2-20220804-6354275  User: oesteban  Machine: dna060  Platform: Linux  PlatformVersion: 5.14.0-427.37.1.el9_4.x86_64  CompilerName: GCC  CompilerVersion: 8.4.0
ProgramName: mri_concat  ProgramArguments: mri_concat -all-info  ProgramVersion: 7.3.2  TimeStamp: 2026/03/10-09:04:00-GMT  BuildTime: Aug  4 2022 06:17:15  BuildStamp: freesurfer-linux-ubuntu22_x86_64-7.3.2-20220804-6354275  User: oesteban  Machine: dna060  Platform: Linux  PlatformVersion: 5.14.0-427.37.1.el9_4.x86_64  CompilerName: GCC  CompilerVersion: 8.4.0
ProgramName: mri_concatenate_lta  ProgramArguments: mri_concatenate_lta -all-info  ProgramVersion: 7.3.2  TimeStamp: 2026/03/10-09:04:00-GMT  BuildTime: Aug  4 2022 06:17:15  BuildStamp: freesurfer-linux-ubuntu22_x86_64-7.3.2-20220804-6354275  User: oesteban  Machine: dna060  Platform: Linux  PlatformVersion: 5.14.0-427.37.1.el9_4.x86_64  CompilerName: GCC  CompilerVersion: 8.4.0
mri_convert -all-info 
ProgramName: mri_convert  ProgramArguments: mri_convert -all-info  ProgramVersion: 7.3.2  TimeStamp: 2026/03/10-09:04:00-GMT  BuildTime: Aug  4 2022 06:17:15  BuildStamp: freesurfer-linux-ubuntu22_x86_64-7.3.2-20220804-6354275  User: oesteban  Machine: dna060  Platform: Linux  PlatformVersion: 5.14.0-427.37.1.el9_4.x86_64  CompilerName: GCC  CompilerVersion: 8.4.0
ProgramName: mri_diff  ProgramArguments: mri_diff -all-info  ProgramVersion: 7.3.2  TimeStamp: 2026/03/10-09:04:00-GMT  BuildTime: Aug  4 2022 06:17:15  BuildStamp: freesurfer-linux-ubuntu22_x86_64-7.3.2-20220804-6354275  User: oesteban  Machine: dna060  Platform: Linux  PlatformVersion: 5.14.0-427.37.1.el9_4.x86_64  CompilerName: GCC  CompilerVersion: 8.4.0
ProgramName: mri_edit_wm_with_aseg  ProgramArguments: mri_edit_wm_with_aseg -all-info  ProgramVersion: 7.3.2  TimeStamp: 2026/03/10-09:04:00-GMT  BuildTime: Aug  4 2022 06:17:15  BuildStamp: freesurfer-linux-ubuntu22_x86_64-7.3.2-20220804-6354275  User: oesteban  Machine: dna060  Platform: Linux  PlatformVersion: 5.14.0-427.37.1.el9_4.x86_64  CompilerName: GCC  CompilerVersion: 8.4.0
ProgramName: mri_em_register  ProgramArguments: mri_em_register -all-info  ProgramVersion: 7.3.2  TimeStamp: 2026/03/10-09:04:00-GMT  BuildTime: Aug  4 2022 06:17:15  BuildStamp: freesurfer-linux-ubuntu22_x86_64-7.3.2-20220804-6354275  User: oesteban  Machine: dna060  Platform: Linux  PlatformVersion: 5.14.0-427.37.1.el9_4.x86_64  CompilerName: GCC  CompilerVersion: 8.4.0
ProgramName: mri_fill  ProgramArguments: mri_fill -all-info  ProgramVersion: 7.3.2  TimeStamp: 2026/03/10-09:04:00-GMT  BuildTime: Aug  4 2022 06:17:15  BuildStamp: freesurfer-linux-ubuntu22_x86_64-7.3.2-20220804-6354275  User: oesteban  Machine: dna060  Platform: Linux  PlatformVersion: 5.14.0-427.37.1.el9_4.x86_64  CompilerName: GCC  CompilerVersion: 8.4.0
ProgramName: mri_fuse_segmentations  ProgramArguments: mri_fuse_segmentations -all-info  ProgramVersion: 7.3.2  TimeStamp: 2026/03/10-09:04:00-GMT  BuildTime: Aug  4 2022 06:17:15  BuildStamp: freesurfer-linux-ubuntu22_x86_64-7.3.2-20220804-6354275  User: oesteban  Machine: dna060  Platform: Linux  PlatformVersion: 5.14.0-427.37.1.el9_4.x86_64  CompilerName: GCC  CompilerVersion: 8.4.0
ProgramName: mri_fwhm  ProgramArguments: mri_fwhm -all-info  ProgramVersion: 7.3.2  TimeStamp: 2026/03/10-09:04:00-GMT  BuildTime: Aug  4 2022 06:17:15  BuildStamp: freesurfer-linux-ubuntu22_x86_64-7.3.2-20220804-6354275  User: oesteban  Machine: dna060  Platform: Linux  PlatformVersion: 5.14.0-427.37.1.el9_4.x86_64  CompilerName: GCC  CompilerVersion: 8.4.0
ProgramName: mri_gcut  ProgramArguments: mri_gcut -all-info  ProgramVersion: 7.3.2  TimeStamp: 2026/03/10-09:04:00-GMT  BuildTime: Aug  4 2022 06:17:15  BuildStamp: freesurfer-linux-ubuntu22_x86_64-7.3.2-20220804-6354275  User: oesteban  Machine: dna060  Platform: Linux  PlatformVersion: 5.14.0-427.37.1.el9_4.x86_64  CompilerName: GCC  CompilerVersion: 8.4.0
ProgramName: mri_info  ProgramArguments: mri_info -all-info  ProgramVersion: 7.3.2  TimeStamp: 2026/03/10-09:04:00-GMT  BuildTime: Aug  4 2022 06:17:15  BuildStamp: freesurfer-linux-ubuntu22_x86_64-7.3.2-20220804-6354275  User: oesteban  Machine: dna060  Platform: Linux  PlatformVersion: 5.14.0-427.37.1.el9_4.x86_64  CompilerName: GCC  CompilerVersion: 8.4.0
ProgramName: mri_label2label  ProgramArguments: mri_label2label -all-info  ProgramVersion: 7.3.2  TimeStamp: 2026/03/10-09:04:00-GMT  BuildTime: Aug  4 2022 06:17:15  BuildStamp: freesurfer-linux-ubuntu22_x86_64-7.3.2-20220804-6354275  User: oesteban  Machine: dna060  Platform: Linux  PlatformVersion: 5.14.0-427.37.1.el9_4.x86_64  CompilerName: GCC  CompilerVersion: 8.4.0
ProgramName: mri_label2vol  ProgramArguments: mri_label2vol -all-info  ProgramVersion: 7.3.2  TimeStamp: 2026/03/10-09:04:00-GMT  BuildTime: Aug  4 2022 06:17:15  BuildStamp: freesurfer-linux-ubuntu22_x86_64-7.3.2-20220804-6354275  User: oesteban  Machine: dna060  Platform: Linux  PlatformVersion: 5.14.0-427.37.1.el9_4.x86_64  CompilerName: GCC  CompilerVersion: 8.4.0
ProgramName: mri_log_likelihood  ProgramArguments: mri_log_likelihood -all-info  ProgramVersion: 7.3.2  TimeStamp: 2026/03/10-09:04:00-GMT  BuildTime: Aug  4 2022 06:17:15  BuildStamp: freesurfer-linux-ubuntu22_x86_64-7.3.2-20220804-6354275  User: oesteban  Machine: dna060  Platform: Linux  PlatformVersion: 5.14.0-427.37.1.el9_4.x86_64  CompilerName: GCC  CompilerVersion: 8.4.0
ProgramName: mri_mask  ProgramArguments: mri_mask -all-info  ProgramVersion: 7.3.2  TimeStamp: 2026/03/10-09:04:00-GMT  BuildTime: Aug  4 2022 06:17:15  BuildStamp: freesurfer-linux-ubuntu22_x86_64-7.3.2-20220804-6354275  User: oesteban  Machine: dna060  Platform: Linux  PlatformVersion: 5.14.0-427.37.1.el9_4.x86_64  CompilerName: GCC  CompilerVersion: 8.4.0
ProgramName: mri_matrix_multiply  ProgramArguments: mri_matrix_multiply -all-info  ProgramVersion: 7.3.2  TimeStamp: 2026/03/10-09:04:00-GMT  BuildTime: Aug  4 2022 06:17:15  BuildStamp: freesurfer-linux-ubuntu22_x86_64-7.3.2-20220804-6354275  User: oesteban  Machine: dna060  Platform: Linux  PlatformVersion: 5.14.0-427.37.1.el9_4.x86_64  CompilerName: GCC  CompilerVersion: 8.4.0
ProgramName: mri_normalize  ProgramArguments: mri_normalize -all-info  ProgramVersion: 7.3.2  TimeStamp: 2026/03/10-09:04:00-GMT  BuildTime: Aug  4 2022 06:17:15  BuildStamp: freesurfer-linux-ubuntu22_x86_64-7.3.2-20220804-6354275  User: oesteban  Machine: dna060  Platform: Linux  PlatformVersion: 5.14.0-427.37.1.el9_4.x86_64  CompilerName: GCC  CompilerVersion: 8.4.0
ProgramName: mri_normalize_tp2  ProgramArguments: mri_normalize_tp2 -all-info  ProgramVersion: 7.3.2  TimeStamp: 2026/03/10-09:04:00-GMT  BuildTime: Aug  4 2022 06:17:15  BuildStamp: freesurfer-linux-ubuntu22_x86_64-7.3.2-20220804-6354275  User: oesteban  Machine: dna060  Platform: Linux  PlatformVersion: 5.14.0-427.37.1.el9_4.x86_64  CompilerName: GCC  CompilerVersion: 8.4.0
ProgramName: mri_or  ProgramArguments: mri_or -all-info  ProgramVersion: 7.3.2  TimeStamp: 2026/03/10-09:04:00-GMT  BuildTime: Aug  4 2022 06:17:15  BuildStamp: freesurfer-linux-ubuntu22_x86_64-7.3.2-20220804-6354275  User: oesteban  Machine: dna060  Platform: Linux  PlatformVersion: 5.14.0-427.37.1.el9_4.x86_64  CompilerName: GCC  CompilerVersion: 8.4.0
ProgramName: mri_relabel_hypointensities  ProgramArguments: mri_relabel_hypointensities -all-info  ProgramVersion: 7.3.2  TimeStamp: 2026/03/10-09:04:00-GMT  BuildTime: Aug  4 2022 06:17:15  BuildStamp: freesurfer-linux-ubuntu22_x86_64-7.3.2-20220804-6354275  User: oesteban  Machine: dna060  Platform: Linux  PlatformVersion: 5.14.0-427.37.1.el9_4.x86_64  CompilerName: GCC  CompilerVersion: 8.4.0
ProgramName: mri_relabel_nonwm_hypos  ProgramArguments: mri_relabel_nonwm_hypos -all-info  ProgramVersion: 7.3.2  TimeStamp: 2026/03/10-09:04:00-GMT  BuildTime: Aug  4 2022 06:17:15  BuildStamp: freesurfer-linux-ubuntu22_x86_64-7.3.2-20220804-6354275  User: oesteban  Machine: dna060  Platform: Linux  PlatformVersion: 5.14.0-427.37.1.el9_4.x86_64  CompilerName: GCC  CompilerVersion: 8.4.0
ProgramName: mri_remove_neck  ProgramArguments: mri_remove_neck -all-info  ProgramVersion: 7.3.2  TimeStamp: 2026/03/10-09:04:00-GMT  BuildTime: Aug  4 2022 06:17:15  BuildStamp: freesurfer-linux-ubuntu22_x86_64-7.3.2-20220804-6354275  User: oesteban  Machine: dna060  Platform: Linux  PlatformVersion: 5.14.0-427.37.1.el9_4.x86_64  CompilerName: GCC  CompilerVersion: 8.4.0
7.3.2

ProgramName: mri_robust_register  ProgramArguments: mri_robust_register -all-info  ProgramVersion: 7.3.2  TimeStamp: 2026/03/10-09:04:00-GMT  BuildTime: Aug  4 2022 06:17:15  BuildStamp: freesurfer-linux-ubuntu22_x86_64-7.3.2-20220804-6354275  User: oesteban  Machine: dna060  Platform: Linux  PlatformVersion: 5.14.0-427.37.1.el9_4.x86_64  CompilerName: GCC  CompilerVersion: 8.4.0
7.3.2

ProgramName: mri_robust_template  ProgramArguments: mri_robust_template -all-info  ProgramVersion: 7.3.2  TimeStamp: 2026/03/10-09:04:00-GMT  BuildTime: Aug  4 2022 06:17:15  BuildStamp: freesurfer-linux-ubuntu22_x86_64-7.3.2-20220804-6354275  User: oesteban  Machine: dna060  Platform: Linux  PlatformVersion: 5.14.0-427.37.1.el9_4.x86_64  CompilerName: GCC  CompilerVersion: 8.4.0
ProgramName: mris_anatomical_stats  ProgramArguments: mris_anatomical_stats -all-info  ProgramVersion: 7.3.2  TimeStamp: 2026/03/10-09:04:00-GMT  BuildTime: Aug  4 2022 06:17:15  BuildStamp: freesurfer-linux-ubuntu22_x86_64-7.3.2-20220804-6354275  User: oesteban  Machine: dna060  Platform: Linux  PlatformVersion: 5.14.0-427.37.1.el9_4.x86_64  CompilerName: GCC  CompilerVersion: 8.4.0
ProgramName: mris_ca_label  ProgramArguments: mris_ca_label -all-info  ProgramVersion: 7.3.2  TimeStamp: 2026/03/10-09:04:00-GMT  BuildTime: Aug  4 2022 06:17:15  BuildStamp: freesurfer-linux-ubuntu22_x86_64-7.3.2-20220804-6354275  User: oesteban  Machine: dna060  Platform: Linux  PlatformVersion: 5.14.0-427.37.1.el9_4.x86_64  CompilerName: GCC  CompilerVersion: 8.4.0
ProgramName: mris_calc  ProgramArguments: mris_calc -all-info  ProgramVersion: 7.3.2  TimeStamp: 2026/03/10-09:04:00-GMT  BuildTime: Aug  4 2022 06:17:15  BuildStamp: freesurfer-linux-ubuntu22_x86_64-7.3.2-20220804-6354275  User: oesteban  Machine: dna060  Platform: Linux  PlatformVersion: 5.14.0-427.37.1.el9_4.x86_64  CompilerName: GCC  CompilerVersion: 8.4.0
ProgramName: mris_convert  ProgramArguments: mris_convert -all-info  ProgramVersion: 7.3.2  TimeStamp: 2026/03/10-09:04:00-GMT  BuildTime: Aug  4 2022 06:17:15  BuildStamp: freesurfer-linux-ubuntu22_x86_64-7.3.2-20220804-6354275  User: oesteban  Machine: dna060  Platform: Linux  PlatformVersion: 5.14.0-427.37.1.el9_4.x86_64  CompilerName: GCC  CompilerVersion: 8.4.0
ProgramName: mris_curvature  ProgramArguments: mris_curvature -all-info  ProgramVersion: 7.3.2  TimeStamp: 2026/03/10-09:04:00-GMT  BuildTime: Aug  4 2022 06:17:15  BuildStamp: freesurfer-linux-ubuntu22_x86_64-7.3.2-20220804-6354275  User: oesteban  Machine: dna060  Platform: Linux  PlatformVersion: 5.14.0-427.37.1.el9_4.x86_64  CompilerName: GCC  CompilerVersion: 8.4.0
ProgramName: mris_curvature_stats  ProgramArguments: mris_curvature_stats -all-info  ProgramVersion: 7.3.2  TimeStamp: 2026/03/10-09:04:00-GMT  BuildTime: Aug  4 2022 06:17:15  BuildStamp: freesurfer-linux-ubuntu22_x86_64-7.3.2-20220804-6354275  User: oesteban  Machine: dna060  Platform: Linux  PlatformVersion: 5.14.0-427.37.1.el9_4.x86_64  CompilerName: GCC  CompilerVersion: 8.4.0
ProgramName: mris_diff  ProgramArguments: mris_diff -all-info  ProgramVersion: 7.3.2  TimeStamp: 2026/03/10-09:04:00-GMT  BuildTime: Aug  4 2022 06:17:15  BuildStamp: freesurfer-linux-ubuntu22_x86_64-7.3.2-20220804-6354275  User: oesteban  Machine: dna060  Platform: Linux  PlatformVersion: 5.14.0-427.37.1.el9_4.x86_64  CompilerName: GCC  CompilerVersion: 8.4.0
ProgramName: mris_divide_parcellation  ProgramArguments: mris_divide_parcellation -all-info  ProgramVersion: 7.3.2  TimeStamp: 2026/03/10-09:04:00-GMT  BuildTime: Aug  4 2022 06:17:15  BuildStamp: freesurfer-linux-ubuntu22_x86_64-7.3.2-20220804-6354275  User: oesteban  Machine: dna060  Platform: Linux  PlatformVersion: 5.14.0-427.37.1.el9_4.x86_64  CompilerName: GCC  CompilerVersion: 8.4.0
ProgramName: mri_segment  ProgramArguments: mri_segment -all-info  ProgramVersion: 7.3.2  TimeStamp: 2026/03/10-09:04:00-GMT  BuildTime: Aug  4 2022 06:17:15  BuildStamp: freesurfer-linux-ubuntu22_x86_64-7.3.2-20220804-6354275  User: oesteban  Machine: dna060  Platform: Linux  PlatformVersion: 5.14.0-427.37.1.el9_4.x86_64  CompilerName: GCC  CompilerVersion: 8.4.0
ProgramName: mri_segstats  ProgramArguments: mri_segstats -all-info  ProgramVersion: 7.3.2  TimeStamp: 2026/03/10-09:04:00-GMT  BuildTime: Aug  4 2022 06:17:15  BuildStamp: freesurfer-linux-ubuntu22_x86_64-7.3.2-20220804-6354275  User: oesteban  Machine: dna060  Platform: Linux  PlatformVersion: 5.14.0-427.37.1.el9_4.x86_64  CompilerName: GCC  CompilerVersion: 8.4.0
ProgramName: mris_euler_number  ProgramArguments: mris_euler_number -all-info  ProgramVersion: 7.3.2  TimeStamp: 2026/03/10-09:04:00-GMT  BuildTime: Aug  4 2022 06:17:15  BuildStamp: freesurfer-linux-ubuntu22_x86_64-7.3.2-20220804-6354275  User: oesteban  Machine: dna060  Platform: Linux  PlatformVersion: 5.14.0-427.37.1.el9_4.x86_64  CompilerName: GCC  CompilerVersion: 8.4.0
ProgramName: mris_fix_topology  ProgramArguments: mris_fix_topology -all-info  ProgramVersion: 7.3.2  TimeStamp: 2026/03/10-09:04:00-GMT  BuildTime: Aug  4 2022 06:17:15  BuildStamp: freesurfer-linux-ubuntu22_x86_64-7.3.2-20220804-6354275  User: oesteban  Machine: dna060  Platform: Linux  PlatformVersion: 5.14.0-427.37.1.el9_4.x86_64  CompilerName: GCC  CompilerVersion: 8.4.0
ProgramName: mris_topo_fixer  ProgramArguments: mris_topo_fixer -all-info  ProgramVersion: 7.3.2  TimeStamp: 2026/03/10-09:04:00-GMT  BuildTime: Aug  4 2022 06:17:15  BuildStamp: freesurfer-linux-ubuntu22_x86_64-7.3.2-20220804-6354275  User: oesteban  Machine: dna060  Platform: Linux  PlatformVersion: 5.14.0-427.37.1.el9_4.x86_64  CompilerName: GCC  CompilerVersion: 8.4.0
ProgramName: mris_jacobian  ProgramArguments: mris_jacobian -all-info  ProgramVersion: 7.3.2  TimeStamp: 2026/03/10-09:04:00-GMT  BuildTime: Aug  4 2022 06:17:15  BuildStamp: freesurfer-linux-ubuntu22_x86_64-7.3.2-20220804-6354275  User: oesteban  Machine: dna060  Platform: Linux  PlatformVersion: 5.14.0-427.37.1.el9_4.x86_64  CompilerName: GCC  CompilerVersion: 8.4.0
ProgramName: mris_label2annot  ProgramArguments: mris_label2annot -all-info  ProgramVersion: 7.3.2  TimeStamp: 2026/03/10-09:04:00-GMT  BuildTime: Aug  4 2022 06:17:15  BuildStamp: freesurfer-linux-ubuntu22_x86_64-7.3.2-20220804-6354275  User: oesteban  Machine: dna060  Platform: Linux  PlatformVersion: 5.14.0-427.37.1.el9_4.x86_64  CompilerName: GCC  CompilerVersion: 8.4.0
ProgramName: mris_left_right_register  ProgramArguments: mris_left_right_register -all-info  ProgramVersion: 7.3.2  TimeStamp: 2026/03/10-09:04:00-GMT  BuildTime: Aug  4 2022 06:17:15  BuildStamp: freesurfer-linux-ubuntu22_x86_64-7.3.2-20220804-6354275  User: oesteban  Machine: dna060  Platform: Linux  PlatformVersion: 5.14.0-427.37.1.el9_4.x86_64  CompilerName: GCC  CompilerVersion: 8.4.0
ProgramName: mris_place_surface  ProgramArguments: mris_place_surface -all-info  ProgramVersion: 7.3.2  TimeStamp: 2026/03/10-09:04:00-GMT  BuildTime: Aug  4 2022 06:17:15  BuildStamp: freesurfer-linux-ubuntu22_x86_64-7.3.2-20220804-6354275  User: oesteban  Machine: dna060  Platform: Linux  PlatformVersion: 5.14.0-427.37.1.el9_4.x86_64  CompilerName: GCC  CompilerVersion: 8.4.0
ProgramName: mrisp_paint  ProgramArguments: mrisp_paint -all-info  ProgramVersion: 7.3.2  TimeStamp: 2026/03/10-09:04:00-GMT  BuildTime: Aug  4 2022 06:17:15  BuildStamp: freesurfer-linux-ubuntu22_x86_64-7.3.2-20220804-6354275  User: oesteban  Machine: dna060  Platform: Linux  PlatformVersion: 5.14.0-427.37.1.el9_4.x86_64  CompilerName: GCC  CompilerVersion: 8.4.0
ProgramName: mris_register  ProgramArguments: mris_register -all-info  ProgramVersion: 7.3.2  TimeStamp: 2026/03/10-09:04:00-GMT  BuildTime: Aug  4 2022 06:17:15  BuildStamp: freesurfer-linux-ubuntu22_x86_64-7.3.2-20220804-6354275  User: oesteban  Machine: dna060  Platform: Linux  PlatformVersion: 5.14.0-427.37.1.el9_4.x86_64  CompilerName: GCC  CompilerVersion: 8.4.0
ProgramName: mris_smooth  ProgramArguments: mris_smooth -all-info  ProgramVersion: 7.3.2  TimeStamp: 2026/03/10-09:04:00-GMT  BuildTime: Aug  4 2022 06:17:15  BuildStamp: freesurfer-linux-ubuntu22_x86_64-7.3.2-20220804-6354275  User: oesteban  Machine: dna060  Platform: Linux  PlatformVersion: 5.14.0-427.37.1.el9_4.x86_64  CompilerName: GCC  CompilerVersion: 8.4.0
ProgramName: mris_sphere  ProgramArguments: mris_sphere -all-info  ProgramVersion: 7.3.2  TimeStamp: 2026/03/10-09:04:00-GMT  BuildTime: Aug  4 2022 06:17:15  BuildStamp: freesurfer-linux-ubuntu22_x86_64-7.3.2-20220804-6354275  User: oesteban  Machine: dna060  Platform: Linux  PlatformVersion: 5.14.0-427.37.1.el9_4.x86_64  CompilerName: GCC  CompilerVersion: 8.4.0
ProgramName: mris_surface_stats  ProgramArguments: mris_surface_stats -all-info  ProgramVersion: 7.3.2  TimeStamp: 2026/03/10-09:04:00-GMT  BuildTime: Aug  4 2022 06:17:15  BuildStamp: freesurfer-linux-ubuntu22_x86_64-7.3.2-20220804-6354275  User: oesteban  Machine: dna060  Platform: Linux  PlatformVersion: 5.14.0-427.37.1.el9_4.x86_64  CompilerName: GCC  CompilerVersion: 8.4.0
ProgramName: mri_stats2seg  ProgramArguments: mri_stats2seg -all-info  ProgramVersion: 7.3.2  TimeStamp: 2026/03/10-09:04:00-GMT  BuildTime: Aug  4 2022 06:17:15  BuildStamp: freesurfer-linux-ubuntu22_x86_64-7.3.2-20220804-6354275  User: oesteban  Machine: dna060  Platform: Linux  PlatformVersion: 5.14.0-427.37.1.el9_4.x86_64  CompilerName: GCC  CompilerVersion: 8.4.0
ProgramName: mris_thickness  ProgramArguments: mris_thickness -all-info  ProgramVersion: 7.3.2  TimeStamp: 2026/03/10-09:04:00-GMT  BuildTime: Aug  4 2022 06:17:15  BuildStamp: freesurfer-linux-ubuntu22_x86_64-7.3.2-20220804-6354275  User: oesteban  Machine: dna060  Platform: Linux  PlatformVersion: 5.14.0-427.37.1.el9_4.x86_64  CompilerName: GCC  CompilerVersion: 8.4.0
ProgramName: mris_thickness_diff  ProgramArguments: mris_thickness_diff -all-info  ProgramVersion: 7.3.2  TimeStamp: 2026/03/10-09:04:00-GMT  BuildTime: Aug  4 2022 06:17:15  BuildStamp: freesurfer-linux-ubuntu22_x86_64-7.3.2-20220804-6354275  User: oesteban  Machine: dna060  Platform: Linux  PlatformVersion: 5.14.0-427.37.1.el9_4.x86_64  CompilerName: GCC  CompilerVersion: 8.4.0
ProgramName: mris_topo_fixer  ProgramArguments: mris_topo_fixer -all-info  ProgramVersion: 7.3.2  TimeStamp: 2026/03/10-09:04:00-GMT  BuildTime: Aug  4 2022 06:17:15  BuildStamp: freesurfer-linux-ubuntu22_x86_64-7.3.2-20220804-6354275  User: oesteban  Machine: dna060  Platform: Linux  PlatformVersion: 5.14.0-427.37.1.el9_4.x86_64  CompilerName: GCC  CompilerVersion: 8.4.0
ProgramName: mri_surf2surf  ProgramArguments: mri_surf2surf -all-info  ProgramVersion: 7.3.2  TimeStamp: 2026/03/10-09:04:00-GMT  BuildTime: Aug  4 2022 06:17:15  BuildStamp: freesurfer-linux-ubuntu22_x86_64-7.3.2-20220804-6354275  User: oesteban  Machine: dna060  Platform: Linux  PlatformVersion: 5.14.0-427.37.1.el9_4.x86_64  CompilerName: GCC  CompilerVersion: 8.4.0
ProgramName: mri_surf2vol  ProgramArguments: mri_surf2vol -all-info  ProgramVersion: 7.3.2  TimeStamp: 2026/03/10-09:04:00-GMT  BuildTime: Aug  4 2022 06:17:15  BuildStamp: freesurfer-linux-ubuntu22_x86_64-7.3.2-20220804-6354275  User: oesteban  Machine: dna060  Platform: Linux  PlatformVersion: 5.14.0-427.37.1.el9_4.x86_64  CompilerName: GCC  CompilerVersion: 8.4.0
ProgramName: mri_surfcluster  ProgramArguments: mri_surfcluster -all-info  ProgramVersion: 7.3.2  TimeStamp: 2026/03/10-09:04:00-GMT  BuildTime: Aug  4 2022 06:17:15  BuildStamp: freesurfer-linux-ubuntu22_x86_64-7.3.2-20220804-6354275  User: oesteban  Machine: dna060  Platform: Linux  PlatformVersion: 5.14.0-427.37.1.el9_4.x86_64  CompilerName: GCC  CompilerVersion: 8.4.0
ProgramName: mris_volmask  ProgramArguments: mris_volmask -all-info  ProgramVersion: 7.3.2  TimeStamp: 2026/03/10-09:04:00-GMT  BuildTime: Aug  4 2022 06:17:15  BuildStamp: freesurfer-linux-ubuntu22_x86_64-7.3.2-20220804-6354275  User: oesteban  Machine: dna060  Platform: Linux  PlatformVersion: 5.14.0-427.37.1.el9_4.x86_64  CompilerName: GCC  CompilerVersion: 8.4.0
ProgramName: mri_tessellate  ProgramArguments: mri_tessellate -all-info  ProgramVersion: 7.3.2  TimeStamp: 2026/03/10-09:04:00-GMT  BuildTime: Aug  4 2022 06:17:15  BuildStamp: freesurfer-linux-ubuntu22_x86_64-7.3.2-20220804-6354275  User: oesteban  Machine: dna060  Platform: Linux  PlatformVersion: 5.14.0-427.37.1.el9_4.x86_64  CompilerName: GCC  CompilerVersion: 8.4.0
ProgramName: mri_vol2surf  ProgramArguments: mri_vol2surf -all-info  ProgramVersion: 7.3.2  TimeStamp: 2026/03/10-09:04:00-GMT  BuildTime: Aug  4 2022 06:17:15  BuildStamp: freesurfer-linux-ubuntu22_x86_64-7.3.2-20220804-6354275  User: oesteban  Machine: dna060  Platform: Linux  PlatformVersion: 5.14.0-427.37.1.el9_4.x86_64  CompilerName: GCC  CompilerVersion: 8.4.0
ProgramName: mri_vol2vol  ProgramArguments: mri_vol2vol -all-info  ProgramVersion: 7.3.2  TimeStamp: 2026/03/10-09:04:00-GMT  BuildTime: Aug  4 2022 06:17:15  BuildStamp: freesurfer-linux-ubuntu22_x86_64-7.3.2-20220804-6354275  User: oesteban  Machine: dna060  Platform: Linux  PlatformVersion: 5.14.0-427.37.1.el9_4.x86_64  CompilerName: GCC  CompilerVersion: 8.4.0
ProgramName: mri_voldiff  ProgramArguments: mri_voldiff -all-info  ProgramVersion: 7.3.2  TimeStamp: 2026/03/10-09:04:00-GMT  BuildTime: Aug  4 2022 06:17:15  BuildStamp: freesurfer-linux-ubuntu22_x86_64-7.3.2-20220804-6354275  User: oesteban  Machine: dna060  Platform: Linux  PlatformVersion: 5.14.0-427.37.1.el9_4.x86_64  CompilerName: GCC  CompilerVersion: 8.4.0
ProgramName: mri_watershed  ProgramArguments: mri_watershed -all-info  ProgramVersion: 7.3.2  TimeStamp: 2026/03/10-09:04:00-GMT  BuildTime: Aug  4 2022 06:17:15  BuildStamp: freesurfer-linux-ubuntu22_x86_64-7.3.2-20220804-6354275  User: oesteban  Machine: dna060  Platform: Linux  PlatformVersion: 5.14.0-427.37.1.el9_4.x86_64  CompilerName: GCC  CompilerVersion: 8.4.0
ProgramName: tkregister2  ProgramArguments: tkregister2_cmdl -all-info  ProgramVersion: 7.3.2  TimeStamp: 2026/03/10-09:04:00-GMT  BuildTime: Aug  4 2022 06:17:15  BuildStamp: freesurfer-linux-ubuntu22_x86_64-7.3.2-20220804-6354275  User: oesteban  Machine: dna060  Platform: Linux  PlatformVersion: 5.14.0-427.37.1.el9_4.x86_64  CompilerName: GCC  CompilerVersion: 8.4.0
mri_motion_correct.fsl 7.3.2
mri_convert -all-info 
ProgramName: mri_convert  ProgramArguments: mri_convert -all-info  ProgramVersion: 7.3.2  TimeStamp: 2026/03/10-09:04:00-GMT  BuildTime: Aug  4 2022 06:17:15  BuildStamp: freesurfer-linux-ubuntu22_x86_64-7.3.2-20220804-6354275  User: oesteban  Machine: dna060  Platform: Linux  PlatformVersion: 5.14.0-427.37.1.el9_4.x86_64  CompilerName: GCC  CompilerVersion: 8.4.0
Program nu_correct, built from:
Package MNI N3, version 1.12.0, compiled by nicks@terrier (x86_64-unknown-linux-gnu) on 2015-06-19 at 01:25:34
#######################################
GCADIR /opt/freesurfer/average
GCA RB_all_2020-01-02.gca
GCASkull RB_all_withskull_2020_01_02.gca
AvgCurvTif folding.atlas.acfb40.noaparc.i12.2016-08-02.tif
GCSDIR /opt/freesurfer/average
GCS DKaparc.atlas.acfb40.noaparc.i12.2016-08-02.gcs
#######################################
#--------------------------------------------
#@# AutoDetGWStats rh Tue Mar 10 10:04:00 CET 2026
cd /out/sourcedata/freesurfer/sub-v1s8x0051347_ses-1/mri
mris_autodet_gwstats --o ../surf/autodet.gw.stats.rh.dat --i brain.finalsurfs.mgz --wm wm.mgz --surf ../surf/rh.orig.premesh
  Update not needed
#--------------------------------------------
#@# WhitePreAparc rh Tue Mar 10 10:04:00 CET 2026
cd /out/sourcedata/freesurfer/sub-v1s8x0051347_ses-1/mri
mris_place_surface --adgws-in ../surf/autodet.gw.stats.rh.dat --wm wm.mgz --threads 16 --invol brain.finalsurfs.mgz --rh --i ../surf/rh.orig --o ../surf/rh.white.preaparc --white --seg aseg.presurf.mgz --nsmooth 5
   Update not needed
#--------------------------------------------
#@# CortexLabel rh Tue Mar 10 10:04:00 CET 2026
cd /out/sourcedata/freesurfer/sub-v1s8x0051347_ses-1/mri
mri_label2label --label-cortex ../surf/rh.white.preaparc aseg.presurf.mgz 0 ../label/rh.cortex.label
   Update not needed
#--------------------------------------------
#@# CortexLabel+HipAmyg rh Tue Mar 10 10:04:00 CET 2026
cd /out/sourcedata/freesurfer/sub-v1s8x0051347_ses-1/mri
mri_label2label --label-cortex ../surf/rh.white.preaparc aseg.presurf.mgz 1 ../label/rh.cortex+hipamyg.label
   Update not needed
#@# white curv rh Tue Mar 10 10:04:00 CET 2026
cd /out/sourcedata/freesurfer/sub-v1s8x0051347_ses-1/mri
mris_place_surface --curv-map ../surf/rh.white 2 10 ../surf/rh.curv
   Update not needed
#@# white area rh Tue Mar 10 10:04:00 CET 2026
cd /out/sourcedata/freesurfer/sub-v1s8x0051347_ses-1/mri
mris_place_surface --area-map ../surf/rh.white ../surf/rh.area
   Update not needed
#@# pial curv rh Tue Mar 10 10:04:00 CET 2026
cd /out/sourcedata/freesurfer/sub-v1s8x0051347_ses-1/mri
mris_place_surface --curv-map ../surf/rh.pial 2 10 ../surf/rh.curv.pial
   Update not needed
#@# pial area rh Tue Mar 10 10:04:00 CET 2026
cd /out/sourcedata/freesurfer/sub-v1s8x0051347_ses-1/mri
mris_place_surface --area-map ../surf/rh.pial ../surf/rh.area.pial
   Update not needed
#@# thickness rh Tue Mar 10 10:04:00 CET 2026
cd /out/sourcedata/freesurfer/sub-v1s8x0051347_ses-1/mri
mris_place_surface --thickness ../surf/rh.white ../surf/rh.pial 20 5 ../surf/rh.thickness
   Update not needed
#@# area and vertex vol rh Tue Mar 10 10:04:00 CET 2026
cd /out/sourcedata/freesurfer/sub-v1s8x0051347_ses-1/mri
mris_place_surface --thickness ../surf/rh.white ../surf/rh.pial 20 5 ../surf/rh.thickness
   Update not needed
#-----------------------------------------
#@# Parcellation Stats rh Tue Mar 10 10:04:00 CET 2026
/out/sourcedata/freesurfer/sub-v1s8x0051347_ses-1/scripts

 mris_anatomical_stats -th3 -mgz -noglobal -cortex ../label/rh.cortex.label -f ../stats/rh.aparc.stats -b -a ../label/rh.aparc.annot -c ../label/aparc.annot.ctab sub-v1s8x0051347_ses-1 rh white 

computing statistics for each annotation in ../label/rh.aparc.annot.
reading volume /out/sourcedata/freesurfer/sub-v1s8x0051347_ses-1/mri/wm.mgz...
reading input surface /out/sourcedata/freesurfer/sub-v1s8x0051347_ses-1/surf/rh.white...
reading input pial surface /out/sourcedata/freesurfer/sub-v1s8x0051347_ses-1/surf/rh.pial...
reading input white surface /out/sourcedata/freesurfer/sub-v1s8x0051347_ses-1/surf/rh.white...
INFO: using TH3 volume calc
INFO: assuming MGZ format for volumes.
INFO: not computing global stats
INFO: using ../label/rh.cortex.label as mask to calc cortex NumVert, SurfArea and MeanThickness.
Using TH3 vertex volume calc
Total face volume 268874
Total vertex volume 268636 (mask=0)
Saving annotation colortable ../label/aparc.annot.ctab

table columns are:
    number of vertices
    total surface area (mm^2)
    total gray matter volume (mm^3)
    average cortical thickness +- standard deviation (mm)
    integrated rectified mean curvature
    integrated rectified Gaussian curvature
    folding index
    intrinsic curvature index
    structure name

 1716   1118   2640  2.546 0.436     0.086     0.013        9     0.9  bankssts
 1393    912   2864  2.753 0.526     0.109     0.017       11     1.1  caudalanteriorcingulate
 2908   2112   5824  2.496 0.489     0.129     0.028       31     3.4  caudalmiddlefrontal
 2501   1543   3412  2.036 0.454     0.119     0.024       26     2.7  cuneus
  496    330   1529  3.534 0.865     0.084     0.017        2     0.3  entorhinal
 4806   3255  11753  3.029 0.649     0.111     0.024       70     4.6  fusiform
 6350   4418  12761  2.551 0.485     0.114     0.020       67     5.3  inferiorparietal
 5040   3346  11187  2.904 0.788     0.109     0.024       49     4.8  inferiortemporal
 1366    914   2984  2.862 0.716     0.123     0.026       15     1.4  isthmuscingulate
 7777   5046  13112  2.338 0.544     0.122     0.024       80     7.8  lateraloccipital
 4817   3454   9824  2.654 0.673     0.135     0.038       72     7.9  lateralorbitofrontal
 5967   4004   9351  2.183 0.689     0.127     0.031       70     7.9  lingual
 3179   2173   6496  2.619 0.598     0.113     0.026       50     3.0  medialorbitofrontal
 5577   3822  14402  2.968 0.631     0.104     0.021       58     4.8  middletemporal
 1192    743   2684  2.947 0.727     0.086     0.019        7     0.8  parahippocampal
 2852   1703   4510  2.399 0.581     0.095     0.019       20     2.4  paracentral
 3188   2266   7073  2.802 0.488     0.117     0.023       31     3.0  parsopercularis
 1503   1064   3604  2.785 0.625     0.127     0.027       20     1.7  parsorbitalis
 3175   2286   6759  2.555 0.525     0.125     0.029       40     3.8  parstriangularis
 2547   1721   2825  1.759 0.490     0.117     0.026       22     2.7  pericalcarine
 5026   3489   9237  2.430 0.584     0.109     0.020       46     4.2  postcentral
 1881   1284   3886  2.724 0.577     0.116     0.023       20     1.9  posteriorcingulate
12686   8252  20283  2.255 0.601     0.103     0.020       99    11.2  precentral
 7464   4998  13511  2.498 0.568     0.112     0.022       71     6.8  precuneus
 1108    783   2630  2.841 0.716     0.122     0.025       14     1.2  rostralanteriorcingulate
 8040   5644  14824  2.280 0.642     0.126     0.028      132     9.3  rostralmiddlefrontal
 9724   6721  20326  2.663 0.572     0.120     0.025      102    10.2  superiorfrontal
 7974   5369  13111  2.207 0.461     0.112     0.020       75     7.1  superiorparietal
 5932   3974  12923  2.883 0.614     0.101     0.018       49     4.4  superiortemporal
 4797   3244   9639  2.785 0.567     0.108     0.021       43     4.3  supramarginal
  467    355   1231  2.483 0.728     0.161     0.038       15     0.7  frontalpole
  624    463   2902  3.944 0.770     0.124     0.034        8     0.7  temporalpole
  596    361    912  2.353 0.369     0.110     0.026        5     0.6  transversetemporal
 3577   2450   7627  3.145 0.686     0.120     0.032       34     4.6  insula

 mris_anatomical_stats -th3 -mgz -noglobal -cortex ../label/rh.cortex.label -f ../stats/rh.aparc.pial.stats -b -a ../label/rh.aparc.annot -c ../label/aparc.annot.ctab sub-v1s8x0051347_ses-1 rh pial 

computing statistics for each annotation in ../label/rh.aparc.annot.
reading volume /out/sourcedata/freesurfer/sub-v1s8x0051347_ses-1/mri/wm.mgz...
reading input surface /out/sourcedata/freesurfer/sub-v1s8x0051347_ses-1/surf/rh.pial...
reading input pial surface /out/sourcedata/freesurfer/sub-v1s8x0051347_ses-1/surf/rh.pial...
reading input white surface /out/sourcedata/freesurfer/sub-v1s8x0051347_ses-1/surf/rh.white...
INFO: using TH3 volume calc
INFO: assuming MGZ format for volumes.
INFO: not computing global stats
INFO: using ../label/rh.cortex.label as mask to calc cortex NumVert, SurfArea and MeanThickness.
Using TH3 vertex volume calc
Total face volume 268874
Total vertex volume 268636 (mask=0)
Saving annotation colortable ../label/aparc.annot.ctab

table columns are:
    number of vertices
    total surface area (mm^2)
    total gray matter volume (mm^3)
    average cortical thickness +- standard deviation (mm)
    integrated rectified mean curvature
    integrated rectified Gaussian curvature
    folding index
    intrinsic curvature index
    structure name

 1716    949   2640  2.546 0.436     0.100     0.026       22     1.8  bankssts
 1393   1146   2864  2.753 0.526     0.129     0.026       32     1.5  caudalanteriorcingulate
 2908   2495   5824  2.496 0.489     0.148     0.033       58     3.8  caudalmiddlefrontal
 2501   1940   3412  2.036 0.454     0.128     0.027       66     2.7  cuneus
  496    557   1529  3.534 0.865     0.307     0.090       41     2.4  entorhinal
 4806   4208  11753  3.029 0.649     0.141     0.033       86     7.0  fusiform
 6350   5428  12761  2.551 0.485     0.128     0.025       75     6.9  inferiorparietal
 5040   4127  11187  2.904 0.788     0.135     0.033      168     7.1  inferiortemporal
 1366   1170   2984  2.862 0.716     0.181     0.051       93     2.5  isthmuscingulate
 7777   6169  13112  2.338 0.544     0.126     0.041      170     8.9  lateraloccipital
 4817   4053   9824  2.654 0.673     0.164     0.046      113     9.5  lateralorbitofrontal
 5967   4826   9351  2.183 0.689     0.131     0.031      125     7.6  lingual
 3179   2806   6496  2.619 0.598     0.145     0.032       67     4.1  medialorbitofrontal
 5577   5576  14402  2.968 0.631     0.136     0.026       74     6.2  middletemporal
 1192   1071   2684  2.947 0.727     0.157     0.036       17     2.1  parahippocampal
 2852   2046   4510  2.399 0.581     0.102     0.019       20     2.4  paracentral
 3188   2757   7073  2.802 0.488     0.131     0.043       43     3.5  parsopercularis
 1503   1505   3604  2.785 0.625     0.218     0.040     8201     2.8  parsorbitalis
 3175   2955   6759  2.555 0.525     0.155     0.031       42     4.3  parstriangularis
 2547   1556   2825  1.759 0.490     0.097     0.021       29     2.1  pericalcarine
 5026   4126   9237  2.430 0.584     0.121     0.024       49     4.9  postcentral
 1881   1565   3886  2.724 0.577     0.141     0.032       39     2.6  posteriorcingulate
12686   9614  20283  2.255 0.601     0.105     0.020      141     9.8  precentral
 7464   5721  13511  2.498 0.568     0.126     0.029      142     8.6  precuneus
 1108   1047   2630  2.841 0.716     0.154     0.035       13     1.6  rostralanteriorcingulate
 8040   7179  14824  2.280 0.642     0.155     0.032      120    12.0  rostralmiddlefrontal
 9724   8144  20326  2.663 0.572     0.137     0.030      145    11.6  superiorfrontal
 7974   6412  13111  2.207 0.461     0.125     0.023       86     7.8  superiorparietal
 5932   4708  12923  2.883 0.614     0.126     0.027       95     6.8  superiortemporal
 4797   3558   9639  2.785 0.567     0.118     0.026       94     4.7  supramarginal
  467    610   1231  2.483 0.728     0.220     0.041        7     0.9  frontalpole
  624    959   2902  3.944 0.770     0.250     0.052       14     1.5  temporalpole
  596    431    912  2.353 0.369     0.114     0.028        6     0.7  transversetemporal
 3577   2333   7627  3.145 0.686     0.141     0.044       98     6.1  insula
#-----------------------------------------
#@# Parcellation Stats 2 rh Tue Mar 10 10:04:21 CET 2026
/out/sourcedata/freesurfer/sub-v1s8x0051347_ses-1/scripts

 mris_anatomical_stats -th3 -mgz -noglobal -cortex ../label/rh.cortex.label -f ../stats/rh.aparc.a2009s.stats -b -a ../label/rh.aparc.a2009s.annot -c ../label/aparc.annot.a2009s.ctab sub-v1s8x0051347_ses-1 rh white 

computing statistics for each annotation in ../label/rh.aparc.a2009s.annot.
reading volume /out/sourcedata/freesurfer/sub-v1s8x0051347_ses-1/mri/wm.mgz...
reading input surface /out/sourcedata/freesurfer/sub-v1s8x0051347_ses-1/surf/rh.white...
reading input pial surface /out/sourcedata/freesurfer/sub-v1s8x0051347_ses-1/surf/rh.pial...
reading input white surface /out/sourcedata/freesurfer/sub-v1s8x0051347_ses-1/surf/rh.white...
INFO: using TH3 volume calc
INFO: assuming MGZ format for volumes.
INFO: not computing global stats
INFO: using ../label/rh.cortex.label as mask to calc cortex NumVert, SurfArea and MeanThickness.
Using TH3 vertex volume calc
Total face volume 268874
Total vertex volume 268636 (mask=0)
Saving annotation colortable ../label/aparc.annot.a2009s.ctab

table columns are:
    number of vertices
    total surface area (mm^2)
    total gray matter volume (mm^3)
    average cortical thickness +- standard deviation (mm)
    integrated rectified mean curvature
    integrated rectified Gaussian curvature
    folding index
    intrinsic curvature index
    structure name

 1004    693   1710  2.046 0.596     0.129     0.028       16     1.2  G_and_S_frontomargin
 1502    978   3364  2.788 0.633     0.126     0.023       17     1.5  G_and_S_occipital_inf
 1260    843   2442  2.313 0.549     0.112     0.024       13     1.2  G_and_S_paracentral
 1554   1076   3707  3.041 0.401     0.125     0.025       18     1.7  G_and_S_subcentral
 1271    951   2831  2.383 0.672     0.156     0.038       33     2.0  G_and_S_transv_frontopol
 2981   2065   5829  2.611 0.528     0.106     0.021       23     2.7  G_and_S_cingul-Ant
 1475    966   2736  2.677 0.543     0.108     0.021       10     1.3  G_and_S_cingul-Mid-Ant
 1510   1034   2914  2.700 0.499     0.113     0.024       13     1.5  G_and_S_cingul-Mid-Post
  620    421   2014  3.412 0.447     0.131     0.030        8     0.8  G_cingul-Post-dorsal
  315    204    776  2.962 0.712     0.118     0.022        4     0.3  G_cingul-Post-ventral
 2317   1415   3158  1.981 0.474     0.118     0.027       26     2.6  G_cuneus
 2122   1572   5771  2.869 0.472     0.131     0.030       30     2.5  G_front_inf-Opercular
  590    432   1496  2.644 0.529     0.135     0.037       10     0.8  G_front_inf-Orbital
 1371   1013   3537  2.668 0.527     0.147     0.037       25     2.1  G_front_inf-Triangul
 3951   2927   9834  2.525 0.609     0.139     0.033       77     5.2  G_front_middle
 7190   4812  17046  2.785 0.587     0.127     0.029      106     8.6  G_front_sup
  666    459   1547  3.362 0.520     0.135     0.044        9     1.2  G_Ins_lg_and_S_cent_ins
  813    590   2512  3.373 0.731     0.143     0.040       13     1.3  G_insular_short
 2118   1418   4856  2.615 0.398     0.120     0.020       26     1.7  G_occipital_middle
 1516    969   2527  2.221 0.413     0.116     0.022       14     1.5  G_occipital_sup
 1980   1330   5593  3.138 0.566     0.111     0.026       44     2.0  G_oc-temp_lat-fusifor
 3866   2545   6296  2.109 0.701     0.129     0.034       50     5.5  G_oc-temp_med-Lingual
 1321    842   3836  3.276 0.803     0.097     0.025       11     1.2  G_oc-temp_med-Parahip
 3214   2316   8558  2.794 0.717     0.142     0.041       68     5.4  G_orbital
 2384   1686   6771  2.942 0.496     0.143     0.030       42     2.9  G_pariet_inf-Angular
 1986   1379   4802  3.008 0.544     0.119     0.025       21     2.1  G_pariet_inf-Supramar
 2384   1671   4924  2.335 0.491     0.118     0.023       27     2.3  G_parietal_sup
 1592   1137   3631  2.460 0.457     0.125     0.024       23     1.5  G_postcentral
 4874   3127   7807  2.195 0.640     0.108     0.022       41     4.6  G_precentral
 3499   2328   7663  2.619 0.504     0.119     0.025       44     3.5  G_precuneus
  905    635   2426  2.759 0.584     0.131     0.033       21     1.1  G_rectus
  727    549   1339  2.718 0.795     0.185     0.068       19     2.1  G_subcallosal
  544    309    920  2.507 0.399     0.102     0.022        5     0.4  G_temp_sup-G_T_transv
 2043   1406   5947  3.081 0.666     0.116     0.024       27     1.9  G_temp_sup-Lateral
  814    588   2074  3.242 0.776     0.113     0.031        6     1.0  G_temp_sup-Plan_polar
 1062    698   2101  2.791 0.460     0.086     0.013        9     0.6  G_temp_sup-Plan_tempo
 2599   1691   7013  3.044 0.870     0.109     0.027       33     2.7  G_temporal_inf
 3111   2159   9606  3.182 0.606     0.118     0.026       43     3.3  G_temporal_middle
  464    309    622  2.259 0.445     0.083     0.011        2     0.2  Lat_Fis-ant-Horizont
  518    351    725  2.753 0.279     0.092     0.014        2     0.3  Lat_Fis-ant-Vertical
 1383    913   1924  2.560 0.542     0.095     0.018        6     1.1  Lat_Fis-post
 3645   2336   5293  2.055 0.485     0.135     0.031       45     4.8  Pole_occipital
 1904   1428   7639  3.523 0.953     0.130     0.031       27     2.2  Pole_temporal
 2929   2026   3550  1.959 0.651     0.117     0.023       24     3.0  S_calcarine
 4574   2994   5987  2.032 0.542     0.094     0.017       28     3.4  S_central
 1140    768   1637  2.249 0.525     0.098     0.017        6     0.8  S_cingul-Marginalis
  857    563   1437  2.978 0.531     0.085     0.013        3     0.5  S_circular_insula_ant
 1377    892   1981  2.787 0.641     0.083     0.015        4     1.0  S_circular_insula_inf
 1898   1291   2892  2.757 0.496     0.107     0.020       11     1.6  S_circular_insula_sup
  921    637   1793  2.958 0.581     0.105     0.021        6     0.8  S_collat_transv_ant
  642    429    788  2.312 0.455     0.125     0.023        5     0.6  S_collat_transv_post
 2229   1516   3227  2.352 0.455     0.116     0.023       17     2.3  S_front_inf
 1776   1249   2575  1.994 0.593     0.111     0.020       17     1.5  S_front_middle
 2181   1472   3533  2.432 0.450     0.099     0.016       12     1.6  S_front_sup
  497    348    741  2.578 0.585     0.110     0.019        3     0.4  S_interm_prim-Jensen
 3411   2321   4670  2.114 0.392     0.108     0.021       25     3.0  S_intrapariet_and_P_trans
 1081    709   1311  2.253 0.367     0.095     0.016        5     0.7  S_oc_middle_and_Lunatus
 1320    871   1675  2.163 0.355     0.096     0.016        7     0.9  S_oc_sup_and_transversal
  665    448    928  2.257 0.345     0.099     0.015        5     0.4  S_occipital_ant
 1104    750   1827  2.757 0.520     0.108     0.021        8     1.0  S_oc-temp_lat
 2498   1662   3917  2.796 0.480     0.098     0.017       13     1.8  S_oc-temp_med_and_Lingual
  695    480    941  2.123 0.497     0.119     0.024        7     0.6  S_orbital_lateral
  947    647   1323  2.334 0.599     0.094     0.016        5     0.7  S_orbital_med-olfact
 1497   1019   2685  2.641 0.616     0.111     0.024       12     1.5  S_orbital-H_Shaped
 2838   1871   3842  2.153 0.540     0.102     0.017       18     2.1  S_parieto_occipital
 1851   1175   2533  2.483 0.618     0.110     0.017       17     1.3  S_pericallosal
 1852   1265   2640  2.173 0.486     0.101     0.015       12     1.2  S_postcentral
 1884   1291   2807  2.409 0.429     0.110     0.020       12     1.7  S_precentral-inf-part
 2175   1394   3392  2.461 0.493     0.099     0.020       13     1.8  S_precentral-sup-part
  328    242    497  2.320 0.650     0.147     0.020        3     0.3  S_suborbital
 1772   1203   2772  2.523 0.513     0.109     0.019       13     1.4  S_subparietal
 1704   1100   2155  2.483 0.347     0.088     0.012        8     0.9  S_temporal_inf
 6325   4199   9943  2.543 0.430     0.088     0.014       35     3.6  S_temporal_sup
  313    215    520  2.824 0.453     0.124     0.020        3     0.3  S_temporal_transverse
#-----------------------------------------
#@# Parcellation Stats 3 rh Tue Mar 10 10:04:31 CET 2026
/out/sourcedata/freesurfer/sub-v1s8x0051347_ses-1/scripts

 mris_anatomical_stats -th3 -mgz -noglobal -cortex ../label/rh.cortex.label -f ../stats/rh.aparc.DKTatlas.stats -b -a ../label/rh.aparc.DKTatlas.annot -c ../label/aparc.annot.DKTatlas.ctab sub-v1s8x0051347_ses-1 rh white 

computing statistics for each annotation in ../label/rh.aparc.DKTatlas.annot.
reading volume /out/sourcedata/freesurfer/sub-v1s8x0051347_ses-1/mri/wm.mgz...
reading input surface /out/sourcedata/freesurfer/sub-v1s8x0051347_ses-1/surf/rh.white...
reading input pial surface /out/sourcedata/freesurfer/sub-v1s8x0051347_ses-1/surf/rh.pial...
reading input white surface /out/sourcedata/freesurfer/sub-v1s8x0051347_ses-1/surf/rh.white...
INFO: using TH3 volume calc
INFO: assuming MGZ format for volumes.
INFO: not computing global stats
INFO: using ../label/rh.cortex.label as mask to calc cortex NumVert, SurfArea and MeanThickness.
Using TH3 vertex volume calc
Total face volume 268874
Total vertex volume 268636 (mask=0)
Saving annotation colortable ../label/aparc.annot.DKTatlas.ctab

table columns are:
    number of vertices
    total surface area (mm^2)
    total gray matter volume (mm^3)
    average cortical thickness +- standard deviation (mm)
    integrated rectified mean curvature
    integrated rectified Gaussian curvature
    folding index
    intrinsic curvature index
    structure name

 1583   1034   3136  2.707 0.523     0.107     0.017       12     1.2  caudalanteriorcingulate
 3027   2194   6037  2.509 0.482     0.130     0.028       32     3.4  caudalmiddlefrontal
 3111   1962   4230  2.018 0.454     0.115     0.022       30     3.0  cuneus
  454    300   1389  3.519 0.873     0.087     0.018        2     0.3  entorhinal
 4343   2904   9670  2.964 0.557     0.107     0.023       60     3.8  fusiform
 6392   4420  12830  2.563 0.491     0.115     0.021       68     5.4  inferiorparietal
 5423   3657  13218  2.970 0.844     0.114     0.025       59     5.6  inferiortemporal
 1368    914   2972  2.871 0.715     0.123     0.026       15     1.5  isthmuscingulate
 7801   5063  13026  2.320 0.546     0.122     0.024       80     7.9  lateraloccipital
 4901   3446  10368  2.626 0.686     0.131     0.035       73     7.4  lateralorbitofrontal
 5889   3951   9228  2.185 0.688     0.126     0.031       68     7.8  lingual
 2670   1913   5869  2.668 0.639     0.134     0.037       56     3.8  medialorbitofrontal
 6760   4600  16340  2.907 0.615     0.101     0.019       65     5.4  middletemporal
 1279    804   2867  2.943 0.722     0.086     0.019        7     0.9  parahippocampal
 2883   1738   4686  2.424 0.594     0.095     0.020       20     2.3  paracentral
 3558   2529   7898  2.812 0.475     0.117     0.023       35     3.4  parsopercularis
 1345    938   3004  2.766 0.523     0.111     0.023       14     1.2  parsorbitalis
 3021   2176   6170  2.472 0.544     0.126     0.028       36     3.7  parstriangularis
 2521   1685   2817  1.775 0.506     0.118     0.026       23     2.7  pericalcarine
 5488   3811  10110  2.413 0.585     0.111     0.020       53     4.6  postcentral
 1884   1298   3913  2.734 0.581     0.121     0.025       21     2.0  posteriorcingulate
12206   7988  19405  2.244 0.604     0.104     0.021       96    10.9  precentral
 7684   5136  13938  2.490 0.558     0.113     0.022       75     7.1  precuneus
 1433   1013   3069  2.780 0.694     0.124     0.026       17     1.6  rostralanteriorcingulate
 5629   3946  10540  2.315 0.658     0.125     0.028       86     6.5  rostralmiddlefrontal
12907   8891  26378  2.577 0.602     0.121     0.026      159    13.8  superiorfrontal
 6563   4440  10908  2.216 0.460     0.112     0.021       61     5.9  superiorparietal
 7587   5110  17440  2.928 0.697     0.101     0.020       63     5.9  superiortemporal
 4613   3124   9129  2.783 0.569     0.106     0.020       40     4.1  supramarginal
  598    363    928  2.361 0.378     0.107     0.024        5     0.5  transversetemporal
 3325   2272   7122  3.173 0.666     0.118     0.030       31     4.2  insula
/out/sourcedata/freesurfer/sub-v1s8x0051347_ses-1/label
#--------------------------------------------
#@# BA_exvivo Labels rh Tue Mar 10 10:04:41 CET 2026

 mri_label2label --srcsubject fsaverage --srclabel /out/sourcedata/freesurfer/fsaverage/label/rh.BA1_exvivo.label --trgsubject sub-v1s8x0051347_ses-1 --trglabel ./rh.BA1_exvivo.label --hemi rh --regmethod surface 


srclabel = /out/sourcedata/freesurfer/fsaverage/label/rh.BA1_exvivo.label
srcsubject = fsaverage
trgsubject = sub-v1s8x0051347_ses-1
trglabel = ./rh.BA1_exvivo.label
regmethod = surface

srchemi = rh
trghemi = rh
trgsurface = white
srcsurfreg = sphere.reg
trgsurfreg = sphere.reg
usehash = 1
Use ProjAbs  = 0, 0
Use ProjFrac = 0, 0
DoPaint 0

SUBJECTS_DIR    /out/sourcedata/freesurfer
FREESURFER_HOME /opt/freesurfer
Loading source label.
Found 3962 points in source label.
Starting surface-based mapping
Reading source registration 
 /out/sourcedata/freesurfer/fsaverage/surf/rh.sphere.reg
Rescaling ...  original radius = 100
Reading target surface 
 /out/sourcedata/freesurfer/sub-v1s8x0051347_ses-1/surf/rh.white
Reading target registration 
 /out/sourcedata/freesurfer/sub-v1s8x0051347_ses-1/surf/rh.sphere.reg
Rescaling ...  original radius = 100
Building target registration hash (res=16).
Building source registration hash (res=16).
INFO: found  3962 nlabel points
Performing mapping from target back to the source label 146669
Number of reverse mapping hits = 18
Checking for and removing duplicates
Writing label file ./rh.BA1_exvivo.label 3980
mri_label2label: Done


 mri_label2label --srcsubject fsaverage --srclabel /out/sourcedata/freesurfer/fsaverage/label/rh.BA2_exvivo.label --trgsubject sub-v1s8x0051347_ses-1 --trglabel ./rh.BA2_exvivo.label --hemi rh --regmethod surface 


srclabel = /out/sourcedata/freesurfer/fsaverage/label/rh.BA2_exvivo.label
srcsubject = fsaverage
trgsubject = sub-v1s8x0051347_ses-1
trglabel = ./rh.BA2_exvivo.label
regmethod = surface

srchemi = rh
trghemi = rh
trgsurface = white
srcsurfreg = sphere.reg
trgsurfreg = sphere.reg
usehash = 1
Use ProjAbs  = 0, 0
Use ProjFrac = 0, 0
DoPaint 0

SUBJECTS_DIR    /out/sourcedata/freesurfer
FREESURFER_HOME /opt/freesurfer
Loading source label.
Found 6687 points in source label.
Starting surface-based mapping
Reading source registration 
 /out/sourcedata/freesurfer/fsaverage/surf/rh.sphere.reg
Rescaling ...  original radius = 100
Reading target surface 
 /out/sourcedata/freesurfer/sub-v1s8x0051347_ses-1/surf/rh.white
Reading target registration 
 /out/sourcedata/freesurfer/sub-v1s8x0051347_ses-1/surf/rh.sphere.reg
Rescaling ...  original radius = 100
Building target registration hash (res=16).
Building source registration hash (res=16).
INFO: found  6687 nlabel points
Performing mapping from target back to the source label 146669
Number of reverse mapping hits = 22
Checking for and removing duplicates
Writing label file ./rh.BA2_exvivo.label 6709
mri_label2label: Done


 mri_label2label --srcsubject fsaverage --srclabel /out/sourcedata/freesurfer/fsaverage/label/rh.BA3a_exvivo.label --trgsubject sub-v1s8x0051347_ses-1 --trglabel ./rh.BA3a_exvivo.label --hemi rh --regmethod surface 


srclabel = /out/sourcedata/freesurfer/fsaverage/label/rh.BA3a_exvivo.label
srcsubject = fsaverage
trgsubject = sub-v1s8x0051347_ses-1
trglabel = ./rh.BA3a_exvivo.label
regmethod = surface

srchemi = rh
trghemi = rh
trgsurface = white
srcsurfreg = sphere.reg
trgsurfreg = sphere.reg
usehash = 1
Use ProjAbs  = 0, 0
Use ProjFrac = 0, 0
DoPaint 0

SUBJECTS_DIR    /out/sourcedata/freesurfer
FREESURFER_HOME /opt/freesurfer
Loading source label.
Found 3980 points in source label.
Starting surface-based mapping
Reading source registration 
 /out/sourcedata/freesurfer/fsaverage/surf/rh.sphere.reg
Rescaling ...  original radius = 100
Reading target surface 
 /out/sourcedata/freesurfer/sub-v1s8x0051347_ses-1/surf/rh.white
Reading target registration 
 /out/sourcedata/freesurfer/sub-v1s8x0051347_ses-1/surf/rh.sphere.reg
Rescaling ...  original radius = 100
Building target registration hash (res=16).
Building source registration hash (res=16).
INFO: found  3980 nlabel points
Performing mapping from target back to the source label 146669
Number of reverse mapping hits = 608
Checking for and removing duplicates
Writing label file ./rh.BA3a_exvivo.label 4588
mri_label2label: Done


 mri_label2label --srcsubject fsaverage --srclabel /out/sourcedata/freesurfer/fsaverage/label/rh.BA3b_exvivo.label --trgsubject sub-v1s8x0051347_ses-1 --trglabel ./rh.BA3b_exvivo.label --hemi rh --regmethod surface 


srclabel = /out/sourcedata/freesurfer/fsaverage/label/rh.BA3b_exvivo.label
srcsubject = fsaverage
trgsubject = sub-v1s8x0051347_ses-1
trglabel = ./rh.BA3b_exvivo.label
regmethod = surface

srchemi = rh
trghemi = rh
trgsurface = white
srcsurfreg = sphere.reg
trgsurfreg = sphere.reg
usehash = 1
Use ProjAbs  = 0, 0
Use ProjFrac = 0, 0
DoPaint 0

SUBJECTS_DIR    /out/sourcedata/freesurfer
FREESURFER_HOME /opt/freesurfer
Loading source label.
Found 4522 points in source label.
Starting surface-based mapping
Reading source registration 
 /out/sourcedata/freesurfer/fsaverage/surf/rh.sphere.reg
Rescaling ...  original radius = 100
Reading target surface 
 /out/sourcedata/freesurfer/sub-v1s8x0051347_ses-1/surf/rh.white
Reading target registration 
 /out/sourcedata/freesurfer/sub-v1s8x0051347_ses-1/surf/rh.sphere.reg
Rescaling ...  original radius = 100
Building target registration hash (res=16).
Building source registration hash (res=16).
INFO: found  4522 nlabel points
Performing mapping from target back to the source label 146669
Number of reverse mapping hits = 125
Checking for and removing duplicates
Writing label file ./rh.BA3b_exvivo.label 4647
mri_label2label: Done


 mri_label2label --srcsubject fsaverage --srclabel /out/sourcedata/freesurfer/fsaverage/label/rh.BA4a_exvivo.label --trgsubject sub-v1s8x0051347_ses-1 --trglabel ./rh.BA4a_exvivo.label --hemi rh --regmethod surface 


srclabel = /out/sourcedata/freesurfer/fsaverage/label/rh.BA4a_exvivo.label
srcsubject = fsaverage
trgsubject = sub-v1s8x0051347_ses-1
trglabel = ./rh.BA4a_exvivo.label
regmethod = surface

srchemi = rh
trghemi = rh
trgsurface = white
srcsurfreg = sphere.reg
trgsurfreg = sphere.reg
usehash = 1
Use ProjAbs  = 0, 0
Use ProjFrac = 0, 0
DoPaint 0

SUBJECTS_DIR    /out/sourcedata/freesurfer
FREESURFER_HOME /opt/freesurfer
Loading source label.
Found 5747 points in source label.
Starting surface-based mapping
Reading source registration 
 /out/sourcedata/freesurfer/fsaverage/surf/rh.sphere.reg
Rescaling ...  original radius = 100
Reading target surface 
 /out/sourcedata/freesurfer/sub-v1s8x0051347_ses-1/surf/rh.white
Reading target registration 
 /out/sourcedata/freesurfer/sub-v1s8x0051347_ses-1/surf/rh.sphere.reg
Rescaling ...  original radius = 100
Building target registration hash (res=16).
Building source registration hash (res=16).
INFO: found  5747 nlabel points
Performing mapping from target back to the source label 146669
Number of reverse mapping hits = 1860
Checking for and removing duplicates
Writing label file ./rh.BA4a_exvivo.label 7607
mri_label2label: Done


 mri_label2label --srcsubject fsaverage --srclabel /out/sourcedata/freesurfer/fsaverage/label/rh.BA4p_exvivo.label --trgsubject sub-v1s8x0051347_ses-1 --trglabel ./rh.BA4p_exvivo.label --hemi rh --regmethod surface 


srclabel = /out/sourcedata/freesurfer/fsaverage/label/rh.BA4p_exvivo.label
srcsubject = fsaverage
trgsubject = sub-v1s8x0051347_ses-1
trglabel = ./rh.BA4p_exvivo.label
regmethod = surface

srchemi = rh
trghemi = rh
trgsurface = white
srcsurfreg = sphere.reg
trgsurfreg = sphere.reg
usehash = 1
Use ProjAbs  = 0, 0
Use ProjFrac = 0, 0
DoPaint 0

SUBJECTS_DIR    /out/sourcedata/freesurfer
FREESURFER_HOME /opt/freesurfer
Loading source label.
Found 4473 points in source label.
Starting surface-based mapping
Reading source registration 
 /out/sourcedata/freesurfer/fsaverage/surf/rh.sphere.reg
Rescaling ...  original radius = 100
Reading target surface 
 /out/sourcedata/freesurfer/sub-v1s8x0051347_ses-1/surf/rh.white
Reading target registration 
 /out/sourcedata/freesurfer/sub-v1s8x0051347_ses-1/surf/rh.sphere.reg
Rescaling ...  original radius = 100
Building target registration hash (res=16).
Building source registration hash (res=16).
INFO: found  4473 nlabel points
Performing mapping from target back to the source label 146669
Number of reverse mapping hits = 1218
Checking for and removing duplicates
Writing label file ./rh.BA4p_exvivo.label 5691
mri_label2label: Done


 mri_label2label --srcsubject fsaverage --srclabel /out/sourcedata/freesurfer/fsaverage/label/rh.BA6_exvivo.label --trgsubject sub-v1s8x0051347_ses-1 --trglabel ./rh.BA6_exvivo.label --hemi rh --regmethod surface 


srclabel = /out/sourcedata/freesurfer/fsaverage/label/rh.BA6_exvivo.label
srcsubject = fsaverage
trgsubject = sub-v1s8x0051347_ses-1
trglabel = ./rh.BA6_exvivo.label
regmethod = surface

srchemi = rh
trghemi = rh
trgsurface = white
srcsurfreg = sphere.reg
trgsurfreg = sphere.reg
usehash = 1
Use ProjAbs  = 0, 0
Use ProjFrac = 0, 0
DoPaint 0

SUBJECTS_DIR    /out/sourcedata/freesurfer
FREESURFER_HOME /opt/freesurfer
Loading source label.
Found 12256 points in source label.
Starting surface-based mapping
Reading source registration 
 /out/sourcedata/freesurfer/fsaverage/surf/rh.sphere.reg
Rescaling ...  original radius = 100
Reading target surface 
 /out/sourcedata/freesurfer/sub-v1s8x0051347_ses-1/surf/rh.white
Reading target registration 
 /out/sourcedata/freesurfer/sub-v1s8x0051347_ses-1/surf/rh.sphere.reg
Rescaling ...  original radius = 100
Building target registration hash (res=16).
Building source registration hash (res=16).
INFO: found  12256 nlabel points
Performing mapping from target back to the source label 146669
Number of reverse mapping hits = 2535
Checking for and removing duplicates
Writing label file ./rh.BA6_exvivo.label 14791
mri_label2label: Done


 mri_label2label --srcsubject fsaverage --srclabel /out/sourcedata/freesurfer/fsaverage/label/rh.BA44_exvivo.label --trgsubject sub-v1s8x0051347_ses-1 --trglabel ./rh.BA44_exvivo.label --hemi rh --regmethod surface 


srclabel = /out/sourcedata/freesurfer/fsaverage/label/rh.BA44_exvivo.label
srcsubject = fsaverage
trgsubject = sub-v1s8x0051347_ses-1
trglabel = ./rh.BA44_exvivo.label
regmethod = surface

srchemi = rh
trghemi = rh
trgsurface = white
srcsurfreg = sphere.reg
trgsurfreg = sphere.reg
usehash = 1
Use ProjAbs  = 0, 0
Use ProjFrac = 0, 0
DoPaint 0

SUBJECTS_DIR    /out/sourcedata/freesurfer
FREESURFER_HOME /opt/freesurfer
Loading source label.
Found 6912 points in source label.
Starting surface-based mapping
Reading source registration 
 /out/sourcedata/freesurfer/fsaverage/surf/rh.sphere.reg
Rescaling ...  original radius = 100
Reading target surface 
 /out/sourcedata/freesurfer/sub-v1s8x0051347_ses-1/surf/rh.white
Reading target registration 
 /out/sourcedata/freesurfer/sub-v1s8x0051347_ses-1/surf/rh.sphere.reg
Rescaling ...  original radius = 100
Building target registration hash (res=16).
Building source registration hash (res=16).
INFO: found  6912 nlabel points
Performing mapping from target back to the source label 146669
Number of reverse mapping hits = 1746
Checking for and removing duplicates
Writing label file ./rh.BA44_exvivo.label 8658
mri_label2label: Done


 mri_label2label --srcsubject fsaverage --srclabel /out/sourcedata/freesurfer/fsaverage/label/rh.BA45_exvivo.label --trgsubject sub-v1s8x0051347_ses-1 --trglabel ./rh.BA45_exvivo.label --hemi rh --regmethod surface 


srclabel = /out/sourcedata/freesurfer/fsaverage/label/rh.BA45_exvivo.label
srcsubject = fsaverage
trgsubject = sub-v1s8x0051347_ses-1
trglabel = ./rh.BA45_exvivo.label
regmethod = surface

srchemi = rh
trghemi = rh
trgsurface = white
srcsurfreg = sphere.reg
trgsurfreg = sphere.reg
usehash = 1
Use ProjAbs  = 0, 0
Use ProjFrac = 0, 0
DoPaint 0

SUBJECTS_DIR    /out/sourcedata/freesurfer
FREESURFER_HOME /opt/freesurfer
Loading source label.
Found 5355 points in source label.
Starting surface-based mapping
Reading source registration 
 /out/sourcedata/freesurfer/fsaverage/surf/rh.sphere.reg
Rescaling ...  original radius = 100
Reading target surface 
 /out/sourcedata/freesurfer/sub-v1s8x0051347_ses-1/surf/rh.white
Reading target registration 
 /out/sourcedata/freesurfer/sub-v1s8x0051347_ses-1/surf/rh.sphere.reg
Rescaling ...  original radius = 100
Building target registration hash (res=16).
Building source registration hash (res=16).
INFO: found  5355 nlabel points
Performing mapping from target back to the source label 146669
Number of reverse mapping hits = 1746
Checking for and removing duplicates
Writing label file ./rh.BA45_exvivo.label 7101
mri_label2label: Done


 mri_label2label --srcsubject fsaverage --srclabel /out/sourcedata/freesurfer/fsaverage/label/rh.V1_exvivo.label --trgsubject sub-v1s8x0051347_ses-1 --trglabel ./rh.V1_exvivo.label --hemi rh --regmethod surface 


srclabel = /out/sourcedata/freesurfer/fsaverage/label/rh.V1_exvivo.label
srcsubject = fsaverage
trgsubject = sub-v1s8x0051347_ses-1
trglabel = ./rh.V1_exvivo.label
regmethod = surface

srchemi = rh
trghemi = rh
trgsurface = white
srcsurfreg = sphere.reg
trgsurfreg = sphere.reg
usehash = 1
Use ProjAbs  = 0, 0
Use ProjFrac = 0, 0
DoPaint 0

SUBJECTS_DIR    /out/sourcedata/freesurfer
FREESURFER_HOME /opt/freesurfer
Loading source label.
Found 4727 points in source label.
Starting surface-based mapping
Reading source registration 
 /out/sourcedata/freesurfer/fsaverage/surf/rh.sphere.reg
Rescaling ...  original radius = 100
Reading target surface 
 /out/sourcedata/freesurfer/sub-v1s8x0051347_ses-1/surf/rh.white
Reading target registration 
 /out/sourcedata/freesurfer/sub-v1s8x0051347_ses-1/surf/rh.sphere.reg
Rescaling ...  original radius = 100
Building target registration hash (res=16).
Building source registration hash (res=16).
INFO: found  4727 nlabel points
Performing mapping from target back to the source label 146669
Number of reverse mapping hits = 2087
Checking for and removing duplicates
Writing label file ./rh.V1_exvivo.label 6814
mri_label2label: Done


 mri_label2label --srcsubject fsaverage --srclabel /out/sourcedata/freesurfer/fsaverage/label/rh.V2_exvivo.label --trgsubject sub-v1s8x0051347_ses-1 --trglabel ./rh.V2_exvivo.label --hemi rh --regmethod surface 


srclabel = /out/sourcedata/freesurfer/fsaverage/label/rh.V2_exvivo.label
srcsubject = fsaverage
trgsubject = sub-v1s8x0051347_ses-1
trglabel = ./rh.V2_exvivo.label
regmethod = surface

srchemi = rh
trghemi = rh
trgsurface = white
srcsurfreg = sphere.reg
trgsurfreg = sphere.reg
usehash = 1
Use ProjAbs  = 0, 0
Use ProjFrac = 0, 0
DoPaint 0

SUBJECTS_DIR    /out/sourcedata/freesurfer
FREESURFER_HOME /opt/freesurfer
Loading source label.
Found 8016 points in source label.
Starting surface-based mapping
Reading source registration 
 /out/sourcedata/freesurfer/fsaverage/surf/rh.sphere.reg
Rescaling ...  original radius = 100
Reading target surface 
 /out/sourcedata/freesurfer/sub-v1s8x0051347_ses-1/surf/rh.white
Reading target registration 
 /out/sourcedata/freesurfer/sub-v1s8x0051347_ses-1/surf/rh.sphere.reg
Rescaling ...  original radius = 100
Building target registration hash (res=16).
Building source registration hash (res=16).
INFO: found  8016 nlabel points
Performing mapping from target back to the source label 146669
Number of reverse mapping hits = 3307
Checking for and removing duplicates
Writing label file ./rh.V2_exvivo.label 11323
mri_label2label: Done


 mri_label2label --srcsubject fsaverage --srclabel /out/sourcedata/freesurfer/fsaverage/label/rh.MT_exvivo.label --trgsubject sub-v1s8x0051347_ses-1 --trglabel ./rh.MT_exvivo.label --hemi rh --regmethod surface 


srclabel = /out/sourcedata/freesurfer/fsaverage/label/rh.MT_exvivo.label
srcsubject = fsaverage
trgsubject = sub-v1s8x0051347_ses-1
trglabel = ./rh.MT_exvivo.label
regmethod = surface

srchemi = rh
trghemi = rh
trgsurface = white
srcsurfreg = sphere.reg
trgsurfreg = sphere.reg
usehash = 1
Use ProjAbs  = 0, 0
Use ProjFrac = 0, 0
DoPaint 0

SUBJECTS_DIR    /out/sourcedata/freesurfer
FREESURFER_HOME /opt/freesurfer
Loading source label.
Found 1932 points in source label.
Starting surface-based mapping
Reading source registration 
 /out/sourcedata/freesurfer/fsaverage/surf/rh.sphere.reg
Rescaling ...  original radius = 100
Reading target surface 
 /out/sourcedata/freesurfer/sub-v1s8x0051347_ses-1/surf/rh.white
Reading target registration 
 /out/sourcedata/freesurfer/sub-v1s8x0051347_ses-1/surf/rh.sphere.reg
Rescaling ...  original radius = 100
Building target registration hash (res=16).
Building source registration hash (res=16).
INFO: found  1932 nlabel points
Performing mapping from target back to the source label 146669
Number of reverse mapping hits = 317
Checking for and removing duplicates
Writing label file ./rh.MT_exvivo.label 2249
mri_label2label: Done


 mri_label2label --srcsubject fsaverage --srclabel /out/sourcedata/freesurfer/fsaverage/label/rh.entorhinal_exvivo.label --trgsubject sub-v1s8x0051347_ses-1 --trglabel ./rh.entorhinal_exvivo.label --hemi rh --regmethod surface 


srclabel = /out/sourcedata/freesurfer/fsaverage/label/rh.entorhinal_exvivo.label
srcsubject = fsaverage
trgsubject = sub-v1s8x0051347_ses-1
trglabel = ./rh.entorhinal_exvivo.label
regmethod = surface

srchemi = rh
trghemi = rh
trgsurface = white
srcsurfreg = sphere.reg
trgsurfreg = sphere.reg
usehash = 1
Use ProjAbs  = 0, 0
Use ProjFrac = 0, 0
DoPaint 0

SUBJECTS_DIR    /out/sourcedata/freesurfer
FREESURFER_HOME /opt/freesurfer
Loading source label.
Found 1038 points in source label.
Starting surface-based mapping
Reading source registration 
 /out/sourcedata/freesurfer/fsaverage/surf/rh.sphere.reg
Rescaling ...  original radius = 100
Reading target surface 
 /out/sourcedata/freesurfer/sub-v1s8x0051347_ses-1/surf/rh.white
Reading target registration 
 /out/sourcedata/freesurfer/sub-v1s8x0051347_ses-1/surf/rh.sphere.reg
Rescaling ...  original radius = 100
Building target registration hash (res=16).
Building source registration hash (res=16).
INFO: found  1038 nlabel points
Performing mapping from target back to the source label 146669
Number of reverse mapping hits = 98
Checking for and removing duplicates
Writing label file ./rh.entorhinal_exvivo.label 1136
mri_label2label: Done


 mri_label2label --srcsubject fsaverage --srclabel /out/sourcedata/freesurfer/fsaverage/label/rh.perirhinal_exvivo.label --trgsubject sub-v1s8x0051347_ses-1 --trglabel ./rh.perirhinal_exvivo.label --hemi rh --regmethod surface 


srclabel = /out/sourcedata/freesurfer/fsaverage/label/rh.perirhinal_exvivo.label
srcsubject = fsaverage
trgsubject = sub-v1s8x0051347_ses-1
trglabel = ./rh.perirhinal_exvivo.label
regmethod = surface

srchemi = rh
trghemi = rh
trgsurface = white
srcsurfreg = sphere.reg
trgsurfreg = sphere.reg
usehash = 1
Use ProjAbs  = 0, 0
Use ProjFrac = 0, 0
DoPaint 0

SUBJECTS_DIR    /out/sourcedata/freesurfer
FREESURFER_HOME /opt/freesurfer
Loading source label.
Found 752 points in source label.
Starting surface-based mapping
Reading source registration 
 /out/sourcedata/freesurfer/fsaverage/surf/rh.sphere.reg
Rescaling ...  original radius = 100
Reading target surface 
 /out/sourcedata/freesurfer/sub-v1s8x0051347_ses-1/surf/rh.white
Reading target registration 
 /out/sourcedata/freesurfer/sub-v1s8x0051347_ses-1/surf/rh.sphere.reg
Rescaling ...  original radius = 100
Building target registration hash (res=16).
Building source registration hash (res=16).
INFO: found  752 nlabel points
Performing mapping from target back to the source label 146669
Number of reverse mapping hits = 65
Checking for and removing duplicates
Writing label file ./rh.perirhinal_exvivo.label 817
mri_label2label: Done


 mri_label2label --srcsubject fsaverage --srclabel /out/sourcedata/freesurfer/fsaverage/label/rh.FG1.mpm.vpnl.label --trgsubject sub-v1s8x0051347_ses-1 --trglabel ./rh.FG1.mpm.vpnl.label --hemi rh --regmethod surface 


srclabel = /out/sourcedata/freesurfer/fsaverage/label/rh.FG1.mpm.vpnl.label
srcsubject = fsaverage
trgsubject = sub-v1s8x0051347_ses-1
trglabel = ./rh.FG1.mpm.vpnl.label
regmethod = surface

srchemi = rh
trghemi = rh
trgsurface = white
srcsurfreg = sphere.reg
trgsurfreg = sphere.reg
usehash = 1
Use ProjAbs  = 0, 0
Use ProjFrac = 0, 0
DoPaint 0

SUBJECTS_DIR    /out/sourcedata/freesurfer
FREESURFER_HOME /opt/freesurfer
Loading source label.
Found 541 points in source label.
Starting surface-based mapping
Reading source registration 
 /out/sourcedata/freesurfer/fsaverage/surf/rh.sphere.reg
Rescaling ...  original radius = 100
Reading target surface 
 /out/sourcedata/freesurfer/sub-v1s8x0051347_ses-1/surf/rh.white
Reading target registration 
 /out/sourcedata/freesurfer/sub-v1s8x0051347_ses-1/surf/rh.sphere.reg
Rescaling ...  original radius = 100
Building target registration hash (res=16).
Building source registration hash (res=16).
INFO: found  541 nlabel points
Performing mapping from target back to the source label 146669
Number of reverse mapping hits = 338
Checking for and removing duplicates
Writing label file ./rh.FG1.mpm.vpnl.label 879
mri_label2label: Done


 mri_label2label --srcsubject fsaverage --srclabel /out/sourcedata/freesurfer/fsaverage/label/rh.FG2.mpm.vpnl.label --trgsubject sub-v1s8x0051347_ses-1 --trglabel ./rh.FG2.mpm.vpnl.label --hemi rh --regmethod surface 


srclabel = /out/sourcedata/freesurfer/fsaverage/label/rh.FG2.mpm.vpnl.label
srcsubject = fsaverage
trgsubject = sub-v1s8x0051347_ses-1
trglabel = ./rh.FG2.mpm.vpnl.label
regmethod = surface

srchemi = rh
trghemi = rh
trgsurface = white
srcsurfreg = sphere.reg
trgsurfreg = sphere.reg
usehash = 1
Use ProjAbs  = 0, 0
Use ProjFrac = 0, 0
DoPaint 0

SUBJECTS_DIR    /out/sourcedata/freesurfer
FREESURFER_HOME /opt/freesurfer
Loading source label.
Found 721 points in source label.
Starting surface-based mapping
Reading source registration 
 /out/sourcedata/freesurfer/fsaverage/surf/rh.sphere.reg
Rescaling ...  original radius = 100
Reading target surface 
 /out/sourcedata/freesurfer/sub-v1s8x0051347_ses-1/surf/rh.white
Reading target registration 
 /out/sourcedata/freesurfer/sub-v1s8x0051347_ses-1/surf/rh.sphere.reg
Rescaling ...  original radius = 100
Building target registration hash (res=16).
Building source registration hash (res=16).
INFO: found  721 nlabel points
Performing mapping from target back to the source label 146669
Number of reverse mapping hits = 275
Checking for and removing duplicates
Writing label file ./rh.FG2.mpm.vpnl.label 996
mri_label2label: Done


 mri_label2label --srcsubject fsaverage --srclabel /out/sourcedata/freesurfer/fsaverage/label/rh.FG3.mpm.vpnl.label --trgsubject sub-v1s8x0051347_ses-1 --trglabel ./rh.FG3.mpm.vpnl.label --hemi rh --regmethod surface 


srclabel = /out/sourcedata/freesurfer/fsaverage/label/rh.FG3.mpm.vpnl.label
srcsubject = fsaverage
trgsubject = sub-v1s8x0051347_ses-1
trglabel = ./rh.FG3.mpm.vpnl.label
regmethod = surface

srchemi = rh
trghemi = rh
trgsurface = white
srcsurfreg = sphere.reg
trgsurfreg = sphere.reg
usehash = 1
Use ProjAbs  = 0, 0
Use ProjFrac = 0, 0
DoPaint 0

SUBJECTS_DIR    /out/sourcedata/freesurfer
FREESURFER_HOME /opt/freesurfer
Loading source label.
Found 1523 points in source label.
Starting surface-based mapping
Reading source registration 
 /out/sourcedata/freesurfer/fsaverage/surf/rh.sphere.reg
Rescaling ...  original radius = 100
Reading target surface 
 /out/sourcedata/freesurfer/sub-v1s8x0051347_ses-1/surf/rh.white
Reading target registration 
 /out/sourcedata/freesurfer/sub-v1s8x0051347_ses-1/surf/rh.sphere.reg
Rescaling ...  original radius = 100
Building target registration hash (res=16).
Building source registration hash (res=16).
INFO: found  1523 nlabel points
Performing mapping from target back to the source label 146669
Number of reverse mapping hits = 324
Checking for and removing duplicates
Writing label file ./rh.FG3.mpm.vpnl.label 1847
mri_label2label: Done


 mri_label2label --srcsubject fsaverage --srclabel /out/sourcedata/freesurfer/fsaverage/label/rh.FG4.mpm.vpnl.label --trgsubject sub-v1s8x0051347_ses-1 --trglabel ./rh.FG4.mpm.vpnl.label --hemi rh --regmethod surface 


srclabel = /out/sourcedata/freesurfer/fsaverage/label/rh.FG4.mpm.vpnl.label
srcsubject = fsaverage
trgsubject = sub-v1s8x0051347_ses-1
trglabel = ./rh.FG4.mpm.vpnl.label
regmethod = surface

srchemi = rh
trghemi = rh
trgsurface = white
srcsurfreg = sphere.reg
trgsurfreg = sphere.reg
usehash = 1
Use ProjAbs  = 0, 0
Use ProjFrac = 0, 0
DoPaint 0

SUBJECTS_DIR    /out/sourcedata/freesurfer
FREESURFER_HOME /opt/freesurfer
Loading source label.
Found 1586 points in source label.
Starting surface-based mapping
Reading source registration 
 /out/sourcedata/freesurfer/fsaverage/surf/rh.sphere.reg
Rescaling ...  original radius = 100
Reading target surface 
 /out/sourcedata/freesurfer/sub-v1s8x0051347_ses-1/surf/rh.white
Reading target registration 
 /out/sourcedata/freesurfer/sub-v1s8x0051347_ses-1/surf/rh.sphere.reg
Rescaling ...  original radius = 100
Building target registration hash (res=16).
Building source registration hash (res=16).
INFO: found  1586 nlabel points
Performing mapping from target back to the source label 146669
Number of reverse mapping hits = 266
Checking for and removing duplicates
Writing label file ./rh.FG4.mpm.vpnl.label 1852
mri_label2label: Done


 mri_label2label --srcsubject fsaverage --srclabel /out/sourcedata/freesurfer/fsaverage/label/rh.hOc1.mpm.vpnl.label --trgsubject sub-v1s8x0051347_ses-1 --trglabel ./rh.hOc1.mpm.vpnl.label --hemi rh --regmethod surface 


srclabel = /out/sourcedata/freesurfer/fsaverage/label/rh.hOc1.mpm.vpnl.label
srcsubject = fsaverage
trgsubject = sub-v1s8x0051347_ses-1
trglabel = ./rh.hOc1.mpm.vpnl.label
regmethod = surface

srchemi = rh
trghemi = rh
trgsurface = white
srcsurfreg = sphere.reg
trgsurfreg = sphere.reg
usehash = 1
Use ProjAbs  = 0, 0
Use ProjFrac = 0, 0
DoPaint 0

SUBJECTS_DIR    /out/sourcedata/freesurfer
FREESURFER_HOME /opt/freesurfer
Loading source label.
Found 3667 points in source label.
Starting surface-based mapping
Reading source registration 
 /out/sourcedata/freesurfer/fsaverage/surf/rh.sphere.reg
Rescaling ...  original radius = 100
Reading target surface 
 /out/sourcedata/freesurfer/sub-v1s8x0051347_ses-1/surf/rh.white
Reading target registration 
 /out/sourcedata/freesurfer/sub-v1s8x0051347_ses-1/surf/rh.sphere.reg
Rescaling ...  original radius = 100
Building target registration hash (res=16).
Building source registration hash (res=16).
INFO: found  3667 nlabel points
Performing mapping from target back to the source label 146669
Number of reverse mapping hits = 1630
Checking for and removing duplicates
Writing label file ./rh.hOc1.mpm.vpnl.label 5297
mri_label2label: Done


 mri_label2label --srcsubject fsaverage --srclabel /out/sourcedata/freesurfer/fsaverage/label/rh.hOc2.mpm.vpnl.label --trgsubject sub-v1s8x0051347_ses-1 --trglabel ./rh.hOc2.mpm.vpnl.label --hemi rh --regmethod surface 


srclabel = /out/sourcedata/freesurfer/fsaverage/label/rh.hOc2.mpm.vpnl.label
srcsubject = fsaverage
trgsubject = sub-v1s8x0051347_ses-1
trglabel = ./rh.hOc2.mpm.vpnl.label
regmethod = surface

srchemi = rh
trghemi = rh
trgsurface = white
srcsurfreg = sphere.reg
trgsurfreg = sphere.reg
usehash = 1
Use ProjAbs  = 0, 0
Use ProjFrac = 0, 0
DoPaint 0

SUBJECTS_DIR    /out/sourcedata/freesurfer
FREESURFER_HOME /opt/freesurfer
Loading source label.
Found 2719 points in source label.
Starting surface-based mapping
Reading source registration 
 /out/sourcedata/freesurfer/fsaverage/surf/rh.sphere.reg
Rescaling ...  original radius = 100
Reading target surface 
 /out/sourcedata/freesurfer/sub-v1s8x0051347_ses-1/surf/rh.white
Reading target registration 
 /out/sourcedata/freesurfer/sub-v1s8x0051347_ses-1/surf/rh.sphere.reg
Rescaling ...  original radius = 100
Building target registration hash (res=16).
Building source registration hash (res=16).
INFO: found  2719 nlabel points
Performing mapping from target back to the source label 146669
Number of reverse mapping hits = 1165
Checking for and removing duplicates
Writing label file ./rh.hOc2.mpm.vpnl.label 3884
mri_label2label: Done


 mri_label2label --srcsubject fsaverage --srclabel /out/sourcedata/freesurfer/fsaverage/label/rh.hOc3v.mpm.vpnl.label --trgsubject sub-v1s8x0051347_ses-1 --trglabel ./rh.hOc3v.mpm.vpnl.label --hemi rh --regmethod surface 


srclabel = /out/sourcedata/freesurfer/fsaverage/label/rh.hOc3v.mpm.vpnl.label
srcsubject = fsaverage
trgsubject = sub-v1s8x0051347_ses-1
trglabel = ./rh.hOc3v.mpm.vpnl.label
regmethod = surface

srchemi = rh
trghemi = rh
trgsurface = white
srcsurfreg = sphere.reg
trgsurfreg = sphere.reg
usehash = 1
Use ProjAbs  = 0, 0
Use ProjFrac = 0, 0
DoPaint 0

SUBJECTS_DIR    /out/sourcedata/freesurfer
FREESURFER_HOME /opt/freesurfer
Loading source label.
Found 1228 points in source label.
Starting surface-based mapping
Reading source registration 
 /out/sourcedata/freesurfer/fsaverage/surf/rh.sphere.reg
Rescaling ...  original radius = 100
Reading target surface 
 /out/sourcedata/freesurfer/sub-v1s8x0051347_ses-1/surf/rh.white
Reading target registration 
 /out/sourcedata/freesurfer/sub-v1s8x0051347_ses-1/surf/rh.sphere.reg
Rescaling ...  original radius = 100
Building target registration hash (res=16).
Building source registration hash (res=16).
INFO: found  1228 nlabel points
Performing mapping from target back to the source label 146669
Number of reverse mapping hits = 732
Checking for and removing duplicates
Writing label file ./rh.hOc3v.mpm.vpnl.label 1960
mri_label2label: Done


 mri_label2label --srcsubject fsaverage --srclabel /out/sourcedata/freesurfer/fsaverage/label/rh.hOc4v.mpm.vpnl.label --trgsubject sub-v1s8x0051347_ses-1 --trglabel ./rh.hOc4v.mpm.vpnl.label --hemi rh --regmethod surface 


srclabel = /out/sourcedata/freesurfer/fsaverage/label/rh.hOc4v.mpm.vpnl.label
srcsubject = fsaverage
trgsubject = sub-v1s8x0051347_ses-1
trglabel = ./rh.hOc4v.mpm.vpnl.label
regmethod = surface

srchemi = rh
trghemi = rh
trgsurface = white
srcsurfreg = sphere.reg
trgsurfreg = sphere.reg
usehash = 1
Use ProjAbs  = 0, 0
Use ProjFrac = 0, 0
DoPaint 0

SUBJECTS_DIR    /out/sourcedata/freesurfer
FREESURFER_HOME /opt/freesurfer
Loading source label.
Found 1025 points in source label.
Starting surface-based mapping
Reading source registration 
 /out/sourcedata/freesurfer/fsaverage/surf/rh.sphere.reg
Rescaling ...  original radius = 100
Reading target surface 
 /out/sourcedata/freesurfer/sub-v1s8x0051347_ses-1/surf/rh.white
Reading target registration 
 /out/sourcedata/freesurfer/sub-v1s8x0051347_ses-1/surf/rh.sphere.reg
Rescaling ...  original radius = 100
Building target registration hash (res=16).
Building source registration hash (res=16).
INFO: found  1025 nlabel points
Performing mapping from target back to the source label 146669
Number of reverse mapping hits = 590
Checking for and removing duplicates
Writing label file ./rh.hOc4v.mpm.vpnl.label 1615
mri_label2label: Done


 mris_label2annot --s sub-v1s8x0051347_ses-1 --ctab /opt/freesurfer/average/colortable_vpnl.txt --hemi rh --a mpm.vpnl --maxstatwinner --noverbose --l rh.FG1.mpm.vpnl.label --l rh.FG2.mpm.vpnl.label --l rh.FG3.mpm.vpnl.label --l rh.FG4.mpm.vpnl.label --l rh.hOc1.mpm.vpnl.label --l rh.hOc2.mpm.vpnl.label --l rh.hOc3v.mpm.vpnl.label --l rh.hOc4v.mpm.vpnl.label 

Reading ctab /opt/freesurfer/average/colortable_vpnl.txt
Number of ctab entries 9

7.3.2
cwd /out/sourcedata/freesurfer/sub-v1s8x0051347_ses-1/label
cmdline mris_label2annot --s sub-v1s8x0051347_ses-1 --ctab /opt/freesurfer/average/colortable_vpnl.txt --hemi rh --a mpm.vpnl --maxstatwinner --noverbose --l rh.FG1.mpm.vpnl.label --l rh.FG2.mpm.vpnl.label --l rh.FG3.mpm.vpnl.label --l rh.FG4.mpm.vpnl.label --l rh.hOc1.mpm.vpnl.label --l rh.hOc2.mpm.vpnl.label --l rh.hOc3v.mpm.vpnl.label --l rh.hOc4v.mpm.vpnl.label 
sysname  Linux
hostname dna060
machine  x86_64
user     oesteban

subject sub-v1s8x0051347_ses-1
hemi    rh
SUBJECTS_DIR /out/sourcedata/freesurfer
ColorTable /opt/freesurfer/average/colortable_vpnl.txt
AnnotName  mpm.vpnl
nlables 8
LabelThresh 0 0.000000
Loading /out/sourcedata/freesurfer/sub-v1s8x0051347_ses-1/surf/rh.orig
 1 1376057 FG1
 2 16711935 FG2
 3 16711680 FG3
 4 1705837 FG4
 5 25600 hOc1
 6 255 hOc2
 7 16776960 hOc3v
 8 65535 hOc4v
Mapping unhit to unknown
Found 129101 unhit vertices
Writing annot to /out/sourcedata/freesurfer/sub-v1s8x0051347_ses-1/label/rh.mpm.vpnl.annot

 mri_label2label --srcsubject fsaverage --srclabel /out/sourcedata/freesurfer/fsaverage/label/rh.BA1_exvivo.thresh.label --trgsubject sub-v1s8x0051347_ses-1 --trglabel ./rh.BA1_exvivo.thresh.label --hemi rh --regmethod surface 


srclabel = /out/sourcedata/freesurfer/fsaverage/label/rh.BA1_exvivo.thresh.label
srcsubject = fsaverage
trgsubject = sub-v1s8x0051347_ses-1
trglabel = ./rh.BA1_exvivo.thresh.label
regmethod = surface

srchemi = rh
trghemi = rh
trgsurface = white
srcsurfreg = sphere.reg
trgsurfreg = sphere.reg
usehash = 1
Use ProjAbs  = 0, 0
Use ProjFrac = 0, 0
DoPaint 0

SUBJECTS_DIR    /out/sourcedata/freesurfer
FREESURFER_HOME /opt/freesurfer
Loading source label.
Found 876 points in source label.
Starting surface-based mapping
Reading source registration 
 /out/sourcedata/freesurfer/fsaverage/surf/rh.sphere.reg
Rescaling ...  original radius = 100
Reading target surface 
 /out/sourcedata/freesurfer/sub-v1s8x0051347_ses-1/surf/rh.white
Reading target registration 
 /out/sourcedata/freesurfer/sub-v1s8x0051347_ses-1/surf/rh.sphere.reg
Rescaling ...  original radius = 100
Building target registration hash (res=16).
Building source registration hash (res=16).
INFO: found  876 nlabel points
Performing mapping from target back to the source label 146669
Number of reverse mapping hits = 5
Checking for and removing duplicates
Writing label file ./rh.BA1_exvivo.thresh.label 881
mri_label2label: Done


 mri_label2label --srcsubject fsaverage --srclabel /out/sourcedata/freesurfer/fsaverage/label/rh.BA2_exvivo.thresh.label --trgsubject sub-v1s8x0051347_ses-1 --trglabel ./rh.BA2_exvivo.thresh.label --hemi rh --regmethod surface 


srclabel = /out/sourcedata/freesurfer/fsaverage/label/rh.BA2_exvivo.thresh.label
srcsubject = fsaverage
trgsubject = sub-v1s8x0051347_ses-1
trglabel = ./rh.BA2_exvivo.thresh.label
regmethod = surface

srchemi = rh
trghemi = rh
trgsurface = white
srcsurfreg = sphere.reg
trgsurfreg = sphere.reg
usehash = 1
Use ProjAbs  = 0, 0
Use ProjFrac = 0, 0
DoPaint 0

SUBJECTS_DIR    /out/sourcedata/freesurfer
FREESURFER_HOME /opt/freesurfer
Loading source label.
Found 2688 points in source label.
Starting surface-based mapping
Reading source registration 
 /out/sourcedata/freesurfer/fsaverage/surf/rh.sphere.reg
Rescaling ...  original radius = 100
Reading target surface 
 /out/sourcedata/freesurfer/sub-v1s8x0051347_ses-1/surf/rh.white
Reading target registration 
 /out/sourcedata/freesurfer/sub-v1s8x0051347_ses-1/surf/rh.sphere.reg
Rescaling ...  original radius = 100
Building target registration hash (res=16).
Building source registration hash (res=16).
INFO: found  2688 nlabel points
Performing mapping from target back to the source label 146669
Number of reverse mapping hits = 0
Checking for and removing duplicates
Writing label file ./rh.BA2_exvivo.thresh.label 2688
mri_label2label: Done


 mri_label2label --srcsubject fsaverage --srclabel /out/sourcedata/freesurfer/fsaverage/label/rh.BA3a_exvivo.thresh.label --trgsubject sub-v1s8x0051347_ses-1 --trglabel ./rh.BA3a_exvivo.thresh.label --hemi rh --regmethod surface 


srclabel = /out/sourcedata/freesurfer/fsaverage/label/rh.BA3a_exvivo.thresh.label
srcsubject = fsaverage
trgsubject = sub-v1s8x0051347_ses-1
trglabel = ./rh.BA3a_exvivo.thresh.label
regmethod = surface

srchemi = rh
trghemi = rh
trgsurface = white
srcsurfreg = sphere.reg
trgsurfreg = sphere.reg
usehash = 1
Use ProjAbs  = 0, 0
Use ProjFrac = 0, 0
DoPaint 0

SUBJECTS_DIR    /out/sourcedata/freesurfer
FREESURFER_HOME /opt/freesurfer
Loading source label.
Found 1698 points in source label.
Starting surface-based mapping
Reading source registration 
 /out/sourcedata/freesurfer/fsaverage/surf/rh.sphere.reg
Rescaling ...  original radius = 100
Reading target surface 
 /out/sourcedata/freesurfer/sub-v1s8x0051347_ses-1/surf/rh.white
Reading target registration 
 /out/sourcedata/freesurfer/sub-v1s8x0051347_ses-1/surf/rh.sphere.reg
Rescaling ...  original radius = 100
Building target registration hash (res=16).
Building source registration hash (res=16).
INFO: found  1698 nlabel points
Performing mapping from target back to the source label 146669
Number of reverse mapping hits = 312
Checking for and removing duplicates
Writing label file ./rh.BA3a_exvivo.thresh.label 2010
mri_label2label: Done


 mri_label2label --srcsubject fsaverage --srclabel /out/sourcedata/freesurfer/fsaverage/label/rh.BA3b_exvivo.thresh.label --trgsubject sub-v1s8x0051347_ses-1 --trglabel ./rh.BA3b_exvivo.thresh.label --hemi rh --regmethod surface 


srclabel = /out/sourcedata/freesurfer/fsaverage/label/rh.BA3b_exvivo.thresh.label
srcsubject = fsaverage
trgsubject = sub-v1s8x0051347_ses-1
trglabel = ./rh.BA3b_exvivo.thresh.label
regmethod = surface

srchemi = rh
trghemi = rh
trgsurface = white
srcsurfreg = sphere.reg
trgsurfreg = sphere.reg
usehash = 1
Use ProjAbs  = 0, 0
Use ProjFrac = 0, 0
DoPaint 0

SUBJECTS_DIR    /out/sourcedata/freesurfer
FREESURFER_HOME /opt/freesurfer
Loading source label.
Found 2183 points in source label.
Starting surface-based mapping
Reading source registration 
 /out/sourcedata/freesurfer/fsaverage/surf/rh.sphere.reg
Rescaling ...  original radius = 100
Reading target surface 
 /out/sourcedata/freesurfer/sub-v1s8x0051347_ses-1/surf/rh.white
Reading target registration 
 /out/sourcedata/freesurfer/sub-v1s8x0051347_ses-1/surf/rh.sphere.reg
Rescaling ...  original radius = 100
Building target registration hash (res=16).
Building source registration hash (res=16).
INFO: found  2183 nlabel points
Performing mapping from target back to the source label 146669
Number of reverse mapping hits = 28
Checking for and removing duplicates
Writing label file ./rh.BA3b_exvivo.thresh.label 2211
mri_label2label: Done


 mri_label2label --srcsubject fsaverage --srclabel /out/sourcedata/freesurfer/fsaverage/label/rh.BA4a_exvivo.thresh.label --trgsubject sub-v1s8x0051347_ses-1 --trglabel ./rh.BA4a_exvivo.thresh.label --hemi rh --regmethod surface 


srclabel = /out/sourcedata/freesurfer/fsaverage/label/rh.BA4a_exvivo.thresh.label
srcsubject = fsaverage
trgsubject = sub-v1s8x0051347_ses-1
trglabel = ./rh.BA4a_exvivo.thresh.label
regmethod = surface

srchemi = rh
trghemi = rh
trgsurface = white
srcsurfreg = sphere.reg
trgsurfreg = sphere.reg
usehash = 1
Use ProjAbs  = 0, 0
Use ProjFrac = 0, 0
DoPaint 0

SUBJECTS_DIR    /out/sourcedata/freesurfer
FREESURFER_HOME /opt/freesurfer
Loading source label.
Found 1388 points in source label.
Starting surface-based mapping
Reading source registration 
 /out/sourcedata/freesurfer/fsaverage/surf/rh.sphere.reg
Rescaling ...  original radius = 100
Reading target surface 
 /out/sourcedata/freesurfer/sub-v1s8x0051347_ses-1/surf/rh.white
Reading target registration 
 /out/sourcedata/freesurfer/sub-v1s8x0051347_ses-1/surf/rh.sphere.reg
Rescaling ...  original radius = 100
Building target registration hash (res=16).
Building source registration hash (res=16).
INFO: found  1388 nlabel points
Performing mapping from target back to the source label 146669
Number of reverse mapping hits = 317
Checking for and removing duplicates
Writing label file ./rh.BA4a_exvivo.thresh.label 1705
mri_label2label: Done


 mri_label2label --srcsubject fsaverage --srclabel /out/sourcedata/freesurfer/fsaverage/label/rh.BA4p_exvivo.thresh.label --trgsubject sub-v1s8x0051347_ses-1 --trglabel ./rh.BA4p_exvivo.thresh.label --hemi rh --regmethod surface 


srclabel = /out/sourcedata/freesurfer/fsaverage/label/rh.BA4p_exvivo.thresh.label
srcsubject = fsaverage
trgsubject = sub-v1s8x0051347_ses-1
trglabel = ./rh.BA4p_exvivo.thresh.label
regmethod = surface

srchemi = rh
trghemi = rh
trgsurface = white
srcsurfreg = sphere.reg
trgsurfreg = sphere.reg
usehash = 1
Use ProjAbs  = 0, 0
Use ProjFrac = 0, 0
DoPaint 0

SUBJECTS_DIR    /out/sourcedata/freesurfer
FREESURFER_HOME /opt/freesurfer
Loading source label.
Found 1489 points in source label.
Starting surface-based mapping
Reading source registration 
 /out/sourcedata/freesurfer/fsaverage/surf/rh.sphere.reg
Rescaling ...  original radius = 100
Reading target surface 
 /out/sourcedata/freesurfer/sub-v1s8x0051347_ses-1/surf/rh.white
Reading target registration 
 /out/sourcedata/freesurfer/sub-v1s8x0051347_ses-1/surf/rh.sphere.reg
Rescaling ...  original radius = 100
Building target registration hash (res=16).
Building source registration hash (res=16).
INFO: found  1489 nlabel points
Performing mapping from target back to the source label 146669
Number of reverse mapping hits = 516
Checking for and removing duplicates
Writing label file ./rh.BA4p_exvivo.thresh.label 2005
mri_label2label: Done


 mri_label2label --srcsubject fsaverage --srclabel /out/sourcedata/freesurfer/fsaverage/label/rh.BA6_exvivo.thresh.label --trgsubject sub-v1s8x0051347_ses-1 --trglabel ./rh.BA6_exvivo.thresh.label --hemi rh --regmethod surface 


srclabel = /out/sourcedata/freesurfer/fsaverage/label/rh.BA6_exvivo.thresh.label
srcsubject = fsaverage
trgsubject = sub-v1s8x0051347_ses-1
trglabel = ./rh.BA6_exvivo.thresh.label
regmethod = surface

srchemi = rh
trghemi = rh
trgsurface = white
srcsurfreg = sphere.reg
trgsurfreg = sphere.reg
usehash = 1
Use ProjAbs  = 0, 0
Use ProjFrac = 0, 0
DoPaint 0

SUBJECTS_DIR    /out/sourcedata/freesurfer
FREESURFER_HOME /opt/freesurfer
Loading source label.
Found 6959 points in source label.
Starting surface-based mapping
Reading source registration 
 /out/sourcedata/freesurfer/fsaverage/surf/rh.sphere.reg
Rescaling ...  original radius = 100
Reading target surface 
 /out/sourcedata/freesurfer/sub-v1s8x0051347_ses-1/surf/rh.white
Reading target registration 
 /out/sourcedata/freesurfer/sub-v1s8x0051347_ses-1/surf/rh.sphere.reg
Rescaling ...  original radius = 100
Building target registration hash (res=16).
Building source registration hash (res=16).
INFO: found  6959 nlabel points
Performing mapping from target back to the source label 146669
Number of reverse mapping hits = 1701
Checking for and removing duplicates
Writing label file ./rh.BA6_exvivo.thresh.label 8660
mri_label2label: Done


 mri_label2label --srcsubject fsaverage --srclabel /out/sourcedata/freesurfer/fsaverage/label/rh.BA44_exvivo.thresh.label --trgsubject sub-v1s8x0051347_ses-1 --trglabel ./rh.BA44_exvivo.thresh.label --hemi rh --regmethod surface 


srclabel = /out/sourcedata/freesurfer/fsaverage/label/rh.BA44_exvivo.thresh.label
srcsubject = fsaverage
trgsubject = sub-v1s8x0051347_ses-1
trglabel = ./rh.BA44_exvivo.thresh.label
regmethod = surface

srchemi = rh
trghemi = rh
trgsurface = white
srcsurfreg = sphere.reg
trgsurfreg = sphere.reg
usehash = 1
Use ProjAbs  = 0, 0
Use ProjFrac = 0, 0
DoPaint 0

SUBJECTS_DIR    /out/sourcedata/freesurfer
FREESURFER_HOME /opt/freesurfer
Loading source label.
Found 1012 points in source label.
Starting surface-based mapping
Reading source registration 
 /out/sourcedata/freesurfer/fsaverage/surf/rh.sphere.reg
Rescaling ...  original radius = 100
Reading target surface 
 /out/sourcedata/freesurfer/sub-v1s8x0051347_ses-1/surf/rh.white
Reading target registration 
 /out/sourcedata/freesurfer/sub-v1s8x0051347_ses-1/surf/rh.sphere.reg
Rescaling ...  original radius = 100
Building target registration hash (res=16).
Building source registration hash (res=16).
INFO: found  1012 nlabel points
Performing mapping from target back to the source label 146669
Number of reverse mapping hits = 531
Checking for and removing duplicates
Writing label file ./rh.BA44_exvivo.thresh.label 1543
mri_label2label: Done


 mri_label2label --srcsubject fsaverage --srclabel /out/sourcedata/freesurfer/fsaverage/label/rh.BA45_exvivo.thresh.label --trgsubject sub-v1s8x0051347_ses-1 --trglabel ./rh.BA45_exvivo.thresh.label --hemi rh --regmethod surface 


srclabel = /out/sourcedata/freesurfer/fsaverage/label/rh.BA45_exvivo.thresh.label
srcsubject = fsaverage
trgsubject = sub-v1s8x0051347_ses-1
trglabel = ./rh.BA45_exvivo.thresh.label
regmethod = surface

srchemi = rh
trghemi = rh
trgsurface = white
srcsurfreg = sphere.reg
trgsurfreg = sphere.reg
usehash = 1
Use ProjAbs  = 0, 0
Use ProjFrac = 0, 0
DoPaint 0

SUBJECTS_DIR    /out/sourcedata/freesurfer
FREESURFER_HOME /opt/freesurfer
Loading source label.
Found 1178 points in source label.
Starting surface-based mapping
Reading source registration 
 /out/sourcedata/freesurfer/fsaverage/surf/rh.sphere.reg
Rescaling ...  original radius = 100
Reading target surface 
 /out/sourcedata/freesurfer/sub-v1s8x0051347_ses-1/surf/rh.white
Reading target registration 
 /out/sourcedata/freesurfer/sub-v1s8x0051347_ses-1/surf/rh.sphere.reg
Rescaling ...  original radius = 100
Building target registration hash (res=16).
Building source registration hash (res=16).
INFO: found  1178 nlabel points
Performing mapping from target back to the source label 146669
Number of reverse mapping hits = 464
Checking for and removing duplicates
Writing label file ./rh.BA45_exvivo.thresh.label 1642
mri_label2label: Done


 mri_label2label --srcsubject fsaverage --srclabel /out/sourcedata/freesurfer/fsaverage/label/rh.V1_exvivo.thresh.label --trgsubject sub-v1s8x0051347_ses-1 --trglabel ./rh.V1_exvivo.thresh.label --hemi rh --regmethod surface 


srclabel = /out/sourcedata/freesurfer/fsaverage/label/rh.V1_exvivo.thresh.label
srcsubject = fsaverage
trgsubject = sub-v1s8x0051347_ses-1
trglabel = ./rh.V1_exvivo.thresh.label
regmethod = surface

srchemi = rh
trghemi = rh
trgsurface = white
srcsurfreg = sphere.reg
trgsurfreg = sphere.reg
usehash = 1
Use ProjAbs  = 0, 0
Use ProjFrac = 0, 0
DoPaint 0

SUBJECTS_DIR    /out/sourcedata/freesurfer
FREESURFER_HOME /opt/freesurfer
Loading source label.
Found 3232 points in source label.
Starting surface-based mapping
Reading source registration 
 /out/sourcedata/freesurfer/fsaverage/surf/rh.sphere.reg
Rescaling ...  original radius = 100
Reading target surface 
 /out/sourcedata/freesurfer/sub-v1s8x0051347_ses-1/surf/rh.white
Reading target registration 
 /out/sourcedata/freesurfer/sub-v1s8x0051347_ses-1/surf/rh.sphere.reg
Rescaling ...  original radius = 100
Building target registration hash (res=16).
Building source registration hash (res=16).
INFO: found  3232 nlabel points
Performing mapping from target back to the source label 146669
Number of reverse mapping hits = 1436
Checking for and removing duplicates
Writing label file ./rh.V1_exvivo.thresh.label 4668
mri_label2label: Done


 mri_label2label --srcsubject fsaverage --srclabel /out/sourcedata/freesurfer/fsaverage/label/rh.V2_exvivo.thresh.label --trgsubject sub-v1s8x0051347_ses-1 --trglabel ./rh.V2_exvivo.thresh.label --hemi rh --regmethod surface 


srclabel = /out/sourcedata/freesurfer/fsaverage/label/rh.V2_exvivo.thresh.label
srcsubject = fsaverage
trgsubject = sub-v1s8x0051347_ses-1
trglabel = ./rh.V2_exvivo.thresh.label
regmethod = surface

srchemi = rh
trghemi = rh
trgsurface = white
srcsurfreg = sphere.reg
trgsurfreg = sphere.reg
usehash = 1
Use ProjAbs  = 0, 0
Use ProjFrac = 0, 0
DoPaint 0

SUBJECTS_DIR    /out/sourcedata/freesurfer
FREESURFER_HOME /opt/freesurfer
Loading source label.
Found 3437 points in source label.
Starting surface-based mapping
Reading source registration 
 /out/sourcedata/freesurfer/fsaverage/surf/rh.sphere.reg
Rescaling ...  original radius = 100
Reading target surface 
 /out/sourcedata/freesurfer/sub-v1s8x0051347_ses-1/surf/rh.white
Reading target registration 
 /out/sourcedata/freesurfer/sub-v1s8x0051347_ses-1/surf/rh.sphere.reg
Rescaling ...  original radius = 100
Building target registration hash (res=16).
Building source registration hash (res=16).
INFO: found  3437 nlabel points
Performing mapping from target back to the source label 146669
Number of reverse mapping hits = 1638
Checking for and removing duplicates
Writing label file ./rh.V2_exvivo.thresh.label 5075
mri_label2label: Done


 mri_label2label --srcsubject fsaverage --srclabel /out/sourcedata/freesurfer/fsaverage/label/rh.MT_exvivo.thresh.label --trgsubject sub-v1s8x0051347_ses-1 --trglabel ./rh.MT_exvivo.thresh.label --hemi rh --regmethod surface 


srclabel = /out/sourcedata/freesurfer/fsaverage/label/rh.MT_exvivo.thresh.label
srcsubject = fsaverage
trgsubject = sub-v1s8x0051347_ses-1
trglabel = ./rh.MT_exvivo.thresh.label
regmethod = surface

srchemi = rh
trghemi = rh
trgsurface = white
srcsurfreg = sphere.reg
trgsurfreg = sphere.reg
usehash = 1
Use ProjAbs  = 0, 0
Use ProjFrac = 0, 0
DoPaint 0

SUBJECTS_DIR    /out/sourcedata/freesurfer
FREESURFER_HOME /opt/freesurfer
Loading source label.
Found 268 points in source label.
Starting surface-based mapping
Reading source registration 
 /out/sourcedata/freesurfer/fsaverage/surf/rh.sphere.reg
Rescaling ...  original radius = 100
Reading target surface 
 /out/sourcedata/freesurfer/sub-v1s8x0051347_ses-1/surf/rh.white
Reading target registration 
 /out/sourcedata/freesurfer/sub-v1s8x0051347_ses-1/surf/rh.sphere.reg
Rescaling ...  original radius = 100
Building target registration hash (res=16).
Building source registration hash (res=16).
INFO: found  268 nlabel points
Performing mapping from target back to the source label 146669
Number of reverse mapping hits = 28
Checking for and removing duplicates
Writing label file ./rh.MT_exvivo.thresh.label 296
mri_label2label: Done


 mri_label2label --srcsubject fsaverage --srclabel /out/sourcedata/freesurfer/fsaverage/label/rh.entorhinal_exvivo.thresh.label --trgsubject sub-v1s8x0051347_ses-1 --trglabel ./rh.entorhinal_exvivo.thresh.label --hemi rh --regmethod surface 


srclabel = /out/sourcedata/freesurfer/fsaverage/label/rh.entorhinal_exvivo.thresh.label
srcsubject = fsaverage
trgsubject = sub-v1s8x0051347_ses-1
trglabel = ./rh.entorhinal_exvivo.thresh.label
regmethod = surface

srchemi = rh
trghemi = rh
trgsurface = white
srcsurfreg = sphere.reg
trgsurfreg = sphere.reg
usehash = 1
Use ProjAbs  = 0, 0
Use ProjFrac = 0, 0
DoPaint 0

SUBJECTS_DIR    /out/sourcedata/freesurfer
FREESURFER_HOME /opt/freesurfer
Loading source label.
Found 694 points in source label.
Starting surface-based mapping
Reading source registration 
 /out/sourcedata/freesurfer/fsaverage/surf/rh.sphere.reg
Rescaling ...  original radius = 100
Reading target surface 
 /out/sourcedata/freesurfer/sub-v1s8x0051347_ses-1/surf/rh.white
Reading target registration 
 /out/sourcedata/freesurfer/sub-v1s8x0051347_ses-1/surf/rh.sphere.reg
Rescaling ...  original radius = 100
Building target registration hash (res=16).
Building source registration hash (res=16).
INFO: found  694 nlabel points
Performing mapping from target back to the source label 146669
Number of reverse mapping hits = 75
Checking for and removing duplicates
Writing label file ./rh.entorhinal_exvivo.thresh.label 769
mri_label2label: Done


 mri_label2label --srcsubject fsaverage --srclabel /out/sourcedata/freesurfer/fsaverage/label/rh.perirhinal_exvivo.thresh.label --trgsubject sub-v1s8x0051347_ses-1 --trglabel ./rh.perirhinal_exvivo.thresh.label --hemi rh --regmethod surface 


srclabel = /out/sourcedata/freesurfer/fsaverage/label/rh.perirhinal_exvivo.thresh.label
srcsubject = fsaverage
trgsubject = sub-v1s8x0051347_ses-1
trglabel = ./rh.perirhinal_exvivo.thresh.label
regmethod = surface

srchemi = rh
trghemi = rh
trgsurface = white
srcsurfreg = sphere.reg
trgsurfreg = sphere.reg
usehash = 1
Use ProjAbs  = 0, 0
Use ProjFrac = 0, 0
DoPaint 0

SUBJECTS_DIR    /out/sourcedata/freesurfer
FREESURFER_HOME /opt/freesurfer
Loading source label.
Found 291 points in source label.
Starting surface-based mapping
Reading source registration 
 /out/sourcedata/freesurfer/fsaverage/surf/rh.sphere.reg
Rescaling ...  original radius = 100
Reading target surface 
 /out/sourcedata/freesurfer/sub-v1s8x0051347_ses-1/surf/rh.white
Reading target registration 
 /out/sourcedata/freesurfer/sub-v1s8x0051347_ses-1/surf/rh.sphere.reg
Rescaling ...  original radius = 100
Building target registration hash (res=16).
Building source registration hash (res=16).
INFO: found  291 nlabel points
Performing mapping from target back to the source label 146669
Number of reverse mapping hits = 27
Checking for and removing duplicates
Writing label file ./rh.perirhinal_exvivo.thresh.label 318
mri_label2label: Done


 mris_label2annot --s sub-v1s8x0051347_ses-1 --hemi rh --ctab /opt/freesurfer/average/colortable_BA.txt --l rh.BA1_exvivo.label --l rh.BA2_exvivo.label --l rh.BA3a_exvivo.label --l rh.BA3b_exvivo.label --l rh.BA4a_exvivo.label --l rh.BA4p_exvivo.label --l rh.BA6_exvivo.label --l rh.BA44_exvivo.label --l rh.BA45_exvivo.label --l rh.V1_exvivo.label --l rh.V2_exvivo.label --l rh.MT_exvivo.label --l rh.perirhinal_exvivo.label --l rh.entorhinal_exvivo.label --a BA_exvivo --maxstatwinner --noverbose 

Reading ctab /opt/freesurfer/average/colortable_BA.txt
Number of ctab entries 15

7.3.2
cwd /out/sourcedata/freesurfer/sub-v1s8x0051347_ses-1/label
cmdline mris_label2annot --s sub-v1s8x0051347_ses-1 --hemi rh --ctab /opt/freesurfer/average/colortable_BA.txt --l rh.BA1_exvivo.label --l rh.BA2_exvivo.label --l rh.BA3a_exvivo.label --l rh.BA3b_exvivo.label --l rh.BA4a_exvivo.label --l rh.BA4p_exvivo.label --l rh.BA6_exvivo.label --l rh.BA44_exvivo.label --l rh.BA45_exvivo.label --l rh.V1_exvivo.label --l rh.V2_exvivo.label --l rh.MT_exvivo.label --l rh.perirhinal_exvivo.label --l rh.entorhinal_exvivo.label --a BA_exvivo --maxstatwinner --noverbose 
sysname  Linux
hostname dna060
machine  x86_64
user     oesteban

subject sub-v1s8x0051347_ses-1
hemi    rh
SUBJECTS_DIR /out/sourcedata/freesurfer
ColorTable /opt/freesurfer/average/colortable_BA.txt
AnnotName  BA_exvivo
nlables 14
LabelThresh 0 0.000000
Loading /out/sourcedata/freesurfer/sub-v1s8x0051347_ses-1/surf/rh.orig
 1 1530880 BA1_exvivo
 2 16749699 BA2_exvivo
 3 16711680 BA3a_exvivo
 4 3368703 BA3b_exvivo
 5 1376196 BA4a_exvivo
 6 13382655 BA4p_exvivo
 7 10036737 BA6_exvivo
 8 2490521 BA44_exvivo
 9 39283 BA45_exvivo
10 3993 V1_exvivo
11 8508928 V2_exvivo
12 10027163 MT_exvivo
13 16422433 perirhinal_exvivo
14 16392598 entorhinal_exvivo
Mapping unhit to unknown
Found 98272 unhit vertices
Writing annot to /out/sourcedata/freesurfer/sub-v1s8x0051347_ses-1/label/rh.BA_exvivo.annot

 mris_label2annot --s sub-v1s8x0051347_ses-1 --hemi rh --ctab /opt/freesurfer/average/colortable_BA.txt --l rh.BA1_exvivo.thresh.label --l rh.BA2_exvivo.thresh.label --l rh.BA3a_exvivo.thresh.label --l rh.BA3b_exvivo.thresh.label --l rh.BA4a_exvivo.thresh.label --l rh.BA4p_exvivo.thresh.label --l rh.BA6_exvivo.thresh.label --l rh.BA44_exvivo.thresh.label --l rh.BA45_exvivo.thresh.label --l rh.V1_exvivo.thresh.label --l rh.V2_exvivo.thresh.label --l rh.MT_exvivo.thresh.label --l rh.perirhinal_exvivo.thresh.label --l rh.entorhinal_exvivo.thresh.label --a BA_exvivo.thresh --maxstatwinner --noverbose 

Reading ctab /opt/freesurfer/average/colortable_BA.txt
Number of ctab entries 15

7.3.2
cwd /out/sourcedata/freesurfer/sub-v1s8x0051347_ses-1/label
cmdline mris_label2annot --s sub-v1s8x0051347_ses-1 --hemi rh --ctab /opt/freesurfer/average/colortable_BA.txt --l rh.BA1_exvivo.thresh.label --l rh.BA2_exvivo.thresh.label --l rh.BA3a_exvivo.thresh.label --l rh.BA3b_exvivo.thresh.label --l rh.BA4a_exvivo.thresh.label --l rh.BA4p_exvivo.thresh.label --l rh.BA6_exvivo.thresh.label --l rh.BA44_exvivo.thresh.label --l rh.BA45_exvivo.thresh.label --l rh.V1_exvivo.thresh.label --l rh.V2_exvivo.thresh.label --l rh.MT_exvivo.thresh.label --l rh.perirhinal_exvivo.thresh.label --l rh.entorhinal_exvivo.thresh.label --a BA_exvivo.thresh --maxstatwinner --noverbose 
sysname  Linux
hostname dna060
machine  x86_64
user     oesteban

subject sub-v1s8x0051347_ses-1
hemi    rh
SUBJECTS_DIR /out/sourcedata/freesurfer
ColorTable /opt/freesurfer/average/colortable_BA.txt
AnnotName  BA_exvivo.thresh
nlables 14
LabelThresh 0 0.000000
Loading /out/sourcedata/freesurfer/sub-v1s8x0051347_ses-1/surf/rh.orig
 1 1530880 BA1_exvivo
 2 16749699 BA2_exvivo
 3 16711680 BA3a_exvivo
 4 3368703 BA3b_exvivo
 5 1376196 BA4a_exvivo
 6 13382655 BA4p_exvivo
 7 10036737 BA6_exvivo
 8 2490521 BA44_exvivo
 9 39283 BA45_exvivo
10 3993 V1_exvivo
11 8508928 V2_exvivo
12 10027163 MT_exvivo
13 16422433 perirhinal_exvivo
14 16392598 entorhinal_exvivo
Mapping unhit to unknown
Found 117956 unhit vertices
Writing annot to /out/sourcedata/freesurfer/sub-v1s8x0051347_ses-1/label/rh.BA_exvivo.thresh.annot

 mris_anatomical_stats -th3 -mgz -noglobal -f ../stats/rh.BA_exvivo.stats -b -a ./rh.BA_exvivo.annot -c ./BA_exvivo.ctab sub-v1s8x0051347_ses-1 rh white 

computing statistics for each annotation in ./rh.BA_exvivo.annot.
reading volume /out/sourcedata/freesurfer/sub-v1s8x0051347_ses-1/mri/wm.mgz...
reading input surface /out/sourcedata/freesurfer/sub-v1s8x0051347_ses-1/surf/rh.white...
reading input pial surface /out/sourcedata/freesurfer/sub-v1s8x0051347_ses-1/surf/rh.pial...
reading input white surface /out/sourcedata/freesurfer/sub-v1s8x0051347_ses-1/surf/rh.white...
INFO: using TH3 volume calc
INFO: assuming MGZ format for volumes.
INFO: not computing global stats
Using TH3 vertex volume calc
Total face volume 268874
Total vertex volume 268636 (mask=0)
Saving annotation colortable ./BA_exvivo.ctab

table columns are:
    number of vertices
    total surface area (mm^2)
    total gray matter volume (mm^3)
    average cortical thickness +- standard deviation (mm)
    integrated rectified mean curvature
    integrated rectified Gaussian curvature
    folding index
    intrinsic curvature index
    structure name

  634    461   1523  2.466 0.432     0.145     0.030       12     0.8  BA1_exvivo
 2202   1552   4027  2.248 0.550     0.108     0.018       22     1.6  BA2_exvivo
 1609   1080   1898  2.074 0.577     0.107     0.018       10     1.3  BA3a_exvivo
 1745   1186   3051  2.377 0.571     0.102     0.018       13     1.4  BA3b_exvivo
 2431   1455   3181  1.963 0.586     0.097     0.020       19     2.0  BA4a_exvivo
 2291   1448   3924  2.252 0.558     0.093     0.019       17     1.8  BA4p_exvivo
10495   6873  18776  2.474 0.597     0.111     0.023       83    10.5  BA6_exvivo
 4950   3458  10025  2.682 0.473     0.115     0.024       48     4.8  BA44_exvivo
 5340   3791  10973  2.563 0.547     0.123     0.027       62     6.0  BA45_exvivo
 4764   3022   6049  1.891 0.559     0.120     0.029       50     5.7  V1_exvivo
 8981   5955  13133  2.098 0.562     0.129     0.029      101    11.3  V2_exvivo
 1911   1245   3371  2.436 0.406     0.112     0.020       20     1.6  MT_exvivo
  396    297   1340  3.591 0.748     0.115     0.025        4     0.4  perirhinal_exvivo
  648    426   1949  3.195 1.396     0.089     0.024        4     0.6  entorhinal_exvivo

 mris_anatomical_stats -th3 -mgz -f ../stats/rh.BA_exvivo.thresh.stats -noglobal -b -a ./rh.BA_exvivo.thresh.annot -c ./BA_exvivo.thresh.ctab sub-v1s8x0051347_ses-1 rh white 

computing statistics for each annotation in ./rh.BA_exvivo.thresh.annot.
reading volume /out/sourcedata/freesurfer/sub-v1s8x0051347_ses-1/mri/wm.mgz...
reading input surface /out/sourcedata/freesurfer/sub-v1s8x0051347_ses-1/surf/rh.white...
reading input pial surface /out/sourcedata/freesurfer/sub-v1s8x0051347_ses-1/surf/rh.pial...
reading input white surface /out/sourcedata/freesurfer/sub-v1s8x0051347_ses-1/surf/rh.white...
INFO: using TH3 volume calc
INFO: assuming MGZ format for volumes.
INFO: not computing global stats
Using TH3 vertex volume calc
Total face volume 268874
Total vertex volume 268636 (mask=0)
Saving annotation colortable ./BA_exvivo.thresh.ctab

table columns are:
    number of vertices
    total surface area (mm^2)
    total gray matter volume (mm^3)
    average cortical thickness +- standard deviation (mm)
    integrated rectified mean curvature
    integrated rectified Gaussian curvature
    folding index
    intrinsic curvature index
    structure name

  408    299    908  2.373 0.352     0.129     0.025        6     0.4  BA1_exvivo
 1192    840   2162  2.187 0.474     0.100     0.017       11     0.7  BA2_exvivo
 1543   1022   1750  2.025 0.480     0.099     0.017        8     1.0  BA3a_exvivo
 1413    948   2090  2.257 0.509     0.093     0.016        8     1.0  BA3b_exvivo
 1428    827   2156  2.262 0.511     0.109     0.023       14     1.4  BA4a_exvivo
 1807   1142   2971  2.204 0.547     0.096     0.019       14     1.6  BA4p_exvivo
 7437   4807  12474  2.401 0.605     0.107     0.023       57     7.1  BA6_exvivo
 1513   1096   3637  2.796 0.484     0.123     0.025       15     1.6  BA44_exvivo
 1614   1181   3726  2.654 0.509     0.131     0.029       21     2.0  BA45_exvivo
 4524   2890   5726  1.891 0.564     0.118     0.028       46     5.3  V1_exvivo
 4914   3273   6543  1.916 0.540     0.141     0.034       65     7.2  V2_exvivo
  248    162    512  2.420 0.391     0.118     0.021        3     0.2  MT_exvivo
   31     26    119  3.575 0.586     0.110     0.035        0     0.0  perirhinal_exvivo
  641    438   1980  3.447 0.931     0.087     0.019        3     0.4  entorhinal_exvivo

Started at Tue Mar 10 10:04:00 CET 2026 
Ended   at Tue Mar 10 10:07:32 CET 2026
#@#%# recon-all-run-time-hours 0.059
recon-all -s sub-v1s8x0051347_ses-1 finished without error at Tue Mar 10 10:07:32 CET 2026
