global_signal	global_signal_derivative1	global_signal_power2	global_signal_derivative1_power2	csf	csf_derivative1	csf_power2	csf_derivative1_power2	white_matter	white_matter_derivative1	white_matter_power2	white_matter_derivative1_power2	csf_wm	tcompcor	std_dvars	dvars	framewise_displacement	rmsd	t_comp_cor_00	t_comp_cor_01	t_comp_cor_02	t_comp_cor_03	t_comp_cor_04	t_comp_cor_05	t_comp_cor_06	c_comp_cor_00	c_comp_cor_01	c_comp_cor_02	c_comp_cor_03	c_comp_cor_04	c_comp_cor_05	c_comp_cor_06	c_comp_cor_07	c_comp_cor_08	c_comp_cor_09	c_comp_cor_10	c_comp_cor_11	c_comp_cor_12	c_comp_cor_13	c_comp_cor_14	c_comp_cor_15	c_comp_cor_16	w_comp_cor_00	w_comp_cor_01	w_comp_cor_02	w_comp_cor_03	w_comp_cor_04	w_comp_cor_05	w_comp_cor_06	w_comp_cor_07	w_comp_cor_08	w_comp_cor_09	w_comp_cor_10	w_comp_cor_11	w_comp_cor_12	w_comp_cor_13	w_comp_cor_14	w_comp_cor_15	w_comp_cor_16	w_comp_cor_17	w_comp_cor_18	w_comp_cor_19	w_comp_cor_20	w_comp_cor_21	w_comp_cor_22	w_comp_cor_23	w_comp_cor_24	w_comp_cor_25	w_comp_cor_26	w_comp_cor_27	w_comp_cor_28	w_comp_cor_29	w_comp_cor_30	w_comp_cor_31	w_comp_cor_32	a_comp_cor_00	a_comp_cor_01	a_comp_cor_02	a_comp_cor_03	a_comp_cor_04	a_comp_cor_05	a_comp_cor_06	a_comp_cor_07	a_comp_cor_08	a_comp_cor_09	a_comp_cor_10	a_comp_cor_11	a_comp_cor_12	a_comp_cor_13	a_comp_cor_14	a_comp_cor_15	a_comp_cor_16	a_comp_cor_17	a_comp_cor_18	a_comp_cor_19	a_comp_cor_20	a_comp_cor_21	a_comp_cor_22	a_comp_cor_23	a_comp_cor_24	a_comp_cor_25	a_comp_cor_26	a_comp_cor_27	a_comp_cor_28	a_comp_cor_29	a_comp_cor_30	a_comp_cor_31	a_comp_cor_32	a_comp_cor_33	a_comp_cor_34	a_comp_cor_35	edge_comp_00	edge_comp_01	edge_comp_02	edge_comp_03	edge_comp_04	edge_comp_05	edge_comp_06	edge_comp_07	edge_comp_08	edge_comp_09	edge_comp_10	edge_comp_11	edge_comp_12	edge_comp_13	edge_comp_14	edge_comp_15	edge_comp_16	edge_comp_17	edge_comp_18	edge_comp_19	edge_comp_20	edge_comp_21	edge_comp_22	edge_comp_23	cosine00	cosine01	cosine02	cosine03	trans_x	trans_x_derivative1	trans_x_power2	trans_x_derivative1_power2	trans_y	trans_y_derivative1	trans_y_power2	trans_y_derivative1_power2	trans_z	trans_z_derivative1	trans_z_power2	trans_z_derivative1_power2	rot_x	rot_x_derivative1	rot_x_power2	rot_x_derivative1_power2	rot_y	rot_y_derivative1	rot_y_derivative1_power2	rot_y_power2	rot_z	rot_z_derivative1	rot_z_derivative1_power2	rot_z_power2
822.1955456353865	n/a	676005.5152626708	n/a	1211.118963772193	n/a	1466809.1444086304	n/a	795.4158813801217	n/a	632686.4243517158	n/a	889.6845776755146	750.0325982626807	n/a	n/a	n/a	n/a	-0.0325326579	0.1001137062	-0.0104315075	0.0072954547	-0.0011120973	0.0368699087	0.0386786098	0.0981451949	-0.0091751101	0.0388004251	-0.0392451591	0.0934523723	-0.0479585487	0.0214844595	-0.0238742293	0.0877558194	-0.1196317223	0.0729661276	-0.1190989378	-0.1621528562	0.075332543	-0.0775992454	0.1003732571	-0.1632312446	-0.0744781777	0.0544430392	0.1772199519	-0.0249073805	0.0711330052	-0.2135352376	0.1241159577	-0.0749553671	0.0863012296	-0.0291931261	0.0672190468	-0.0585915029	0.1370137036	-0.0793984431	0.1538395768	-0.0063231355	0.0318543944	-0.0968237819	0.1146637453	-0.0529738676	0.0037983208	0.0576952235	-0.0757515906	0.0187994508	0.0184362137	0.0729724715	-0.0951915817	0.1249751624	-0.141033308	-0.0006694207	-0.1362494603	0.0872196863	0.0496721412	0.0763513872	-0.0640375897	0.0096731057	-0.067486523	0.0737727911	-0.0040414438	0.0166634481	-0.0606223207	0.0156581534	-0.2386240035	0.246283698	-0.056358134	0.1518312073	-0.1281138769	0.0725732807	-0.0759421037	0.0413609909	-0.0728368929	0.1967117633	-0.0919166516	0.1191812472	-0.0653290845	0.0462155739	0.0214141968	-0.1325402385	0.029694449	0.1229385972	-0.001217567	-0.0066239188	-0.0684127042	0.0817236949	0.1292931278	-0.1190222961	0.0075918997	0.0563694048	0.0339143053	0.0954999356	-0.0602402141	0.0687076838	-0.0260266183	0.0155203397	-0.1373072	0.0359114021	-0.1272034174	0.1047347532	-0.1224127444	0.1965147647	-0.0348509806	0.0955724322	-0.0350308619	0.2396811049	-0.2595790346	0.1736782435	-0.0674933397	0.0371233467	-0.0089101074	0.0260768479	-0.234881939	0.089254759	-0.1138014251	0.1290883846	0.1290552057	0.1289999139	0.1289225186	-0.0237015737928487	n/a	0.0005617646002578	n/a	-0.06513367791473	n/a	0.0042423959986997	n/a	0.0813176079368673	n/a	0.006612553360574	n/a	0.00056854848935	n/a	3.23247384742167e-07	n/a	0.0008029654108625	n/a	n/a	6.447534510415835e-07	-0.0001217286516265	n/a	n/a	1.4817864626805802e-08
820.5524768791229	-1.643068756263574	673306.3673124635	2.699674937809528	1201.11563265234	-10.003331119852874	1442678.7630018312	100.06663349341694	794.3098404255319	-1.1060409545898438	630928.122596834	1.2233265932300128	887.1577034713758	748.532114082026	0.95961	33.129814	0.1504857882293795	0.0818848680820185	-0.0289150999	0.0852403513	0.0513003209	0.0306150308	0.0711366552	0.0405268311	0.0274533292	0.1225020336	0.0271870915	0.0732030789	0.0967338066	-0.0839677456	-0.0028714907	0.0492428051	-0.0156456899	0.0428581526	-0.1838727047	0.2659308046	-0.0634473346	0.0504772877	0.0028234773	-0.0561977685	0.0288096433	0.0670065216	-0.0440161319	0.0650694819	-0.0921234456	-0.0962522612	-0.0398646641	-0.0917625564	-0.0552196025	-0.1026579277	-0.0355378771	-0.101843087	0.0025857343	0.0535392723	-0.0991530379	0.1344643513	0.0857087599	-0.0249391827	-0.0079389005	-0.086397371	-0.0473086871	0.0537646597	0.0392725399	-0.1029621509	0.1307314743	0.125555546	0.0140037321	0.1420994481	-0.0616629914	0.087619434	0.0746946657	-0.1350971761	-0.0506585692	0.0409725295	0.0261273768	0.0671230692	-0.0117020769	-0.032330051	0.0197899952	0.0149062702	0.1215559994	-0.0085079221	-0.0324431823	0.0486441699	-0.1957665046	0.0004973174	0.157738687	-0.0527810004	0.0589720943	0.0753316307	-0.040693768	-0.0374925486	0.022775427	-0.0802750985	-0.0096169446	-0.0277953398	-0.0001864456	0.0620862767	-0.0247743782	-0.0795284244	0.0377228693	0.0398691195	0.185720402	0.0232039901	0.1303536726	-0.034971036	-0.0072564626	0.0450386036	-0.2605066836	-0.1324554978	-0.1049112632	0.1087283642	-0.0694414	0.0589346012	-0.0636509733	0.060530379	-0.2416377763	0.0093347174	-0.1791649161	0.0374658521	-0.0166271765	-0.0317576765	-0.037883356	0.1962957657	0.0406277404	0.1897749562	-0.1304287142	0.1035602724	-0.0014343198	0.1723080731	0.0362621381	-0.0094096999	0.0369750252	-0.0105163699	-0.1742150757	0.1289999139	0.1287014744	0.1282045865	0.1275100165	-0.0410219886967695	-0.0173204149039208	0.0016828035566378	0.0002999967724439	0.0074380628170871	0.0725717407318171	5.5324778470933685e-05	0.005266657552846	0.1068674099834439	0.0255498020465766	0.0114206433165694	0.0006527923846192	0.000423068229228	-0.0001454802601219	1.7898672658211558e-07	2.116450608516477e-08	0.0004389332735075	-0.000364032137355	1.3251939702724964e-07	1.926624185920098e-07	-0.0003130928650908	-0.0001913642134643	3.6620262194810183e-08	9.802714217076589e-08
820.3029184671238	-0.2495584119990326	672896.8780456808	0.0622794009994789	1193.679352552371	-7.436280099969053	1424870.3967098475	55.29826172519576	795.9992812948024	1.68944086927047	633614.8558218419	2.8542104507613617	887.569340387411	747.2780451927757	0.973281	33.601807	0.0357652380518051	0.0215038398843642	-0.0330707502	0.0505888498	-0.0357963116	0.0416499715	-0.0326052742	-0.0439088392	0.1095368251	-0.0600132893	0.048162516	0.0629666758	0.0885530727	0.0901212005	-0.024284573	0.0419307635	-0.0162092403	0.0214828629	-0.0155157303	-0.1531902855	-0.1429276152	0.0394438187	0.0207118108	0.2152357935	-0.0778853352	0.1354914013	-0.0637848087	-0.0574439881	0.0390922742	-0.0080135131	-0.0101033928	-0.1253642204	-0.1653602377	0.0750748446	-0.1296982232	0.0864812071	-0.1430963054	-0.0516034169	-0.2334458398	-0.1233056732	-0.1417837354	0.0381410761	-0.1341241995	0.0514850651	0.0505975489	0.0502707789	-0.1032957912	0.1271675867	0.0968856402	0.025568094	-0.0003831324	0.0578094805	0.0112366593	-0.1256383549	0.0494417254	0.094645144	-0.0022731685	0.0176749718	-0.0306729143	0.0149101544	0.0581956091	0.0778417246	-0.0058450912	0.0447513421	0.0129176733	-0.0590408371	-0.0035829141	0.0484525713	0.0221578088	-0.1324934662	0.1700297821	-0.1720005792	0.1429646415	0.1225389341	0.0288512856	-0.1373652611	0.2026903154	-0.004562409	0.1481637886	-0.12766679	-0.1167162421	-0.0089522056	0.11853633	0.0229286982	-0.0314282861	-0.0125142628	-0.1104701569	0.0037155265	-0.1194400043	-0.1845593545	0.1063935409	-0.078419831	0.0326397854	-0.1288308761	-0.0036537527	0.1013575432	-0.0540304938	0.0527469389	-0.0673541711	0.0463264581	-0.225478885	0.0505252461	-0.0950733207	-0.1075607637	-0.0246825312	-0.171884323	0.0018448888	0.1012649222	-0.1250630377	0.1108345783	0.0900712764	-0.0309381076	0.007577817	-0.0233293025	0.0142286093	-0.0557339941	0.30872483	-0.2116958826	-0.0178901236	0.1288230331	0.1279949812	0.1266188352	0.124700488	-0.0409515484052889	7.044029148060155e-05	0.0016770293167907	4.961834663872107e-09	-0.0038412288338491	-0.0112792916509362	1.4755038953993716e-05	0.0001272224201468	0.0944015411427656	-0.0124658688406783	0.0089116509701292	0.0001553978859529	0.0004141187044976	-8.949524730399985e-06	1.714943014147706e-07	8.009399290004093e-11	0.0004388875668397	-4.5706667799964163e-08	2.0890994813762803e-15	1.9262229632647212e-07	-0.0005430903790668	-0.0002299975139759	5.2898856435140297e-08	2.949471598349205e-07
822.821935101344	2.519016634220179	677035.9368839205	6.34544480347796	1194.1494217492584	0.4700691968873798	1425992.8414640883	0.2209650498623462	798.2347530608481	2.235471766045748	637178.7209941131	4.997334016787696	888.9449121856006	753.4403730919325	0.967222	33.392605	0.059135727882457	0.0363256477503879	-0.0400797742	0.1265013532	0.0235147945	0.1231993918	-0.0500591757	-0.0584643396	0.0136402411	-0.0184799392	0.1585083267	0.1142333537	-0.0023321771	-0.0286359497	0.0027414528	0.1483788859	-0.1533646945	0.0079032222	-0.0149005572	-0.0910859265	-0.0270104963	0.0081002805	-0.0033705799	0.1291565717	0.0061740743	0.1393210787	-0.1484184788	-0.1089967999	0.0546363122	-0.1315440439	-0.0386612423	-0.0472594771	-0.1190390656	0.030556359	0.1430656878	0.2123875534	-0.1456268404	-0.0571876559	0.0079201011	-0.0482033452	0.0717236551	0.0634076107	-0.1530908813	-0.052768644	0.0231874589	0.0588436215	0.1325623089	-0.0759147644	-0.116133927	0.1284438405	0.0490685443	0.0825467097	0.0424440928	0.0316986023	0.03270333	-0.0643459461	0.1379705837	-0.0329901009	-0.0263625981	0.0702623095	0.0152121237	0.1405188293	-0.1161315931	-0.003959805	0.1510199589	0.0417247934	-0.0445739551	0.1134924035	0.0852521124	0.0292156372	0.122141989	-0.1562410313	0.1320134101	0.0005556882	-0.0248137587	-0.2498709788	0.1858518804	0.0942198052	0.065084215	-0.1520324135	0.0786664159	0.0913679341	-0.0502022612	0.0655934927	-0.0116930837	0.1680810451	0.0191847879	0.005015091	0.0997000176	0.2107387527	-0.0406047043	-0.0762707045	-0.0493488147	0.0493665735	0.0720671805	0.1285478884	-0.0373033224	0.0438355656	-0.0477230781	0.0759099012	-0.3001703546	0.0416501874	-0.1988819169	-0.0365385081	-0.0549112651	-0.1339805439	-0.0292441618	-0.0333790591	0.0573527065	0.0752292621	0.126098371	-0.1450283724	-0.0753631134	-0.1801320771	-0.0344125668	0.0463852274	0.0934385356	-0.0529638792	0.1760397798	0.1285578634	0.1269376627	0.1242524367	0.1205247148	-0.0308829514634823	0.0100685969418065	0.0009537566910958	0.0001013766443765	-0.0099815683930302	-0.0061403395591811	9.96317075847395e-05	3.7703769902044354e-05	0.0655567018504612	-0.0288448392923044	0.0042976811575102	0.0008320247537988	0.0006951190765726	0.000281000372075	4.831905306151442e-07	7.896120910628848e-08	0.0004383109989565	-5.765678832000075e-07	3.324305239377376e-13	1.9211653180624494e-07	-0.0005431524808919	-6.210182510000151e-08	3.856636680751178e-15	2.9501461749902577e-07
822.5172491694002	-0.3046859319438226	676534.6251811972	0.0928335171244757	1196.8361965552308	2.686774805972391	1432416.881384791	7.218758858007979	796.9060697352633	-1.3286833255848478	635059.2839809043	1.7653993796872107	889.4049991959424	757.9588627784615	1.026932	35.454048	0.1104114996211402	0.062222051521191	-0.0192097075	0.0915045837	0.0650511534	-0.0041696084	-0.0096750285	-0.0874660916	-0.0859635641	0.0419518397	0.0241777751	0.042401975	-0.0430421696	0.0523715854	-0.0724339905	0.025973706	-0.1415337107	-0.0234274904	-0.0852862978	-0.1958223045	0.1735214098	-0.0265202685	-0.0187930748	0.1727897899	-0.030889475	-0.1306407444	-0.0533367386	-0.0980941017	-0.0590802716	0.1384099985	0.0595242101	0.1250930988	-0.0289973452	-0.0077758921	0.1555998146	-0.0950715328	-0.0316715795	-0.1219943945	0.0656522442	0.0560305242	-0.0472612078	0.0832003479	0.0143998796	0.0096778158	-0.165318062	0.0654257144	0.0809009731	0.1959819818	-0.1046640367	0.0121669655	0.0014151651	-0.0483716549	0.0783272889	0.0599292869	0.0626577363	-0.1469145224	0.06211331	-0.0065201422	-0.0314611456	0.0098583665	-0.0503474999	-0.0055175966	-0.0984163003	0.0500961397	-0.0313732965	0.0248595517	-0.0478284878	0.1539226894	0.0647376002	0.0739778879	-0.0505055166	-0.0745396525	0.0270552836	-0.1056765616	-0.0979753594	-0.0785829695	-0.0906013509	0.0317040857	-0.0480153511	0.0699256359	0.0478674167	-0.1025086827	-0.0184116179	0.1310169449	-0.1585537337	0.0581574285	0.0830378112	0.0763630059	-0.1713311972	-0.1110761032	-0.0567620527	-0.0016688128	0.1445551748	-0.0784804749	0.145616672	0.0324099078	-0.0642023049	0.0632636384	-0.0276215364	-0.0256016887	-0.0056895014	0.0530166798	-0.1592513897	-0.0638553984	0.0774110712	-0.0789671361	-0.0065127992	-0.0709002807	0.0365891735	-0.1764696592	0.1799958338	-0.3075831909	0.1533619601	-0.2331715233	-0.0006826257	-0.0588800969	-0.1420612453	0.090323778	-0.0947312457	0.1282045865	0.1255324169	0.1211199807	0.1150284477	-0.0166963793191712	0.0141865721443111	0.0002787690823696	0.0002012588292057	-0.0204058588344508	-0.0104242904414205	0.0004163990747715	0.000108665831207	0.1101340523675347	0.0445773505170735	0.0121295094908948	0.001987140179122	0.0001071710543422	-0.0005879480222304	1.1485634888818788e-08	3.45682876844639e-07	0.0004389580187709	6.470198144000079e-07	4.186346402262207e-13	1.926841422432738e-07	-0.0007790231692138	-0.0002358706883219	5.56349816094469e-08	6.068770981719129e-07
821.2131402261217	-1.304108943278493	674391.0216800479	1.7007001359389475	1199.8949189150244	3.058722359793592	1439747.8164380929	9.35578247430128	795.8396737118985	-1.0663960233647458	633360.786253861	1.1372004786481436	887.6563935514636	745.9501978447402	1.028308	35.501575	0.0855516179217533	0.0403565826481713	-0.034089888	0.0301046102	-0.019034703	-0.0476560727	0.0209230753	0.0474555045	0.0176738506	0.0604916231	-0.0682845068	0.0044579141	0.0008433366	-0.0414154465	-0.0308178126	0.0907247764	0.034078047	0.0029713589	-0.0688489674	-0.0123645747	0.0266803531	-0.0486145098	-0.0423548094	-0.0731636494	-0.021343641	-0.2307102697	-0.0072256248	0.0247737144	0.072919883	-0.1025645882	0.1636511402	-0.0193227051	-0.0482841805	-0.136563361	-0.088058856	0.0560722492	0.1409350879	0.1216421362	0.1240289771	-0.0357511031	0.1059290537	-0.1174982691	0.0772340927	-0.0546380852	-0.0504646509	-0.1302059747	0.0896292366	0.0205447177	0.1158380679	-0.012030765	0.0888807408	0.0196452556	0.1735056595	0.0960436426	0.2061881705	0.1733950661	-0.0420135709	0.1004938543	-0.0207120686	0.0117730164	-0.0628333337	-0.0570821175	-0.0471255581	0.0395218466	0.0372057115	0.0153791172	-0.0686791738	-0.0095494439	-0.1506302603	0.1523291658	0.0279890207	-0.0441808818	-0.2449399519	0.079360477	-0.0517347274	0.0698985852	-0.0769796989	-0.0598323676	-0.1354235837	-0.0169749187	0.1063505136	0.0443461564	-0.1500570538	-0.0320116245	-0.1013149435	-0.0612813262	-0.0013843848	-0.0643305629	-0.0511768126	0.0034515274	-0.1080409881	-0.0004507078	0.031867227	-0.1312196177	0.0422775699	-0.0125932351	-0.028876078	0.0369610824	0.0346206595	-0.0182137328	-0.0179080632	-0.0716196794	-0.0433555205	0.0097475572	0.1096518412	0.0275090791	-0.0586915803	-0.2115971691	-0.0639346997	-0.1272036731	0.0962465872	0.1376483971	-0.0747675543	-0.077521169	-0.2259225409	0.0375783164	-0.2864445448	0.0809593341	-0.2204334879	0.1277634447	0.1237830955	0.1172407796	0.1082719048	-0.0104329862494978	0.0062633930696734	0.0001088472020822	3.92300927452328e-05	-0.0447108576302639	-0.0243049987958131	0.0019990607900337	0.0005907329664644	0.1382813657071366	0.0281473133396018	0.0191217361018308	0.0007922712482377	0.0004746598563579	0.0003674888020157	2.253019792377023e-07	1.3504801960693436e-07	0.0003657923642266	-7.316565454430004e-05	5.353213004895852e-09	1.3380405372648558e-07	-0.0008750869669871	-9.606379777329995e-05	9.228253242629472e-09	7.657771997906818e-07
820.4668739411513	-0.7462662849703747	673165.8912347651	0.5569133680834846	1199.990347496549	0.0954285815246294	1439976.8340848885	0.0091066141718028	797.1502674995585	1.3105937876599685	635448.5489746176	1.717656076252902	888.5571167210755	748.0555090322229	1.001733	34.58408	0.0716057115263107	0.053018673623547	-0.0177819387	-0.0029596949	-0.0204676521	-0.0523749267	0.0578612761	-0.0304340652	0.0731909011	0.0058470053	-0.0139430721	-0.044707519	0.0155934067	0.0332712865	-0.003815997	0.1131674329	-0.0482348359	0.0419616596	-0.023468991	-0.0419875124	-0.158843679	0.0386272587	0.1016624602	0.0074877253	0.0064912246	-0.059458954	-0.0042924587	-0.1102705778	-0.0794872387	-0.0583897247	-0.0259196024	0.1930084988	-0.0070025253	0.0722973561	-0.2043211796	-0.0719725367	-0.0942766312	-0.0044745882	-0.0351227544	0.1908788245	0.1929629259	0.0873193053	-0.0241118107	-0.1335449954	-0.0185788859	-0.0789655612	0.0364329099	-0.0225188294	0.022291955	0.0735779221	-0.026039087	-0.0331172159	-0.0313584154	-0.0953855318	-0.0549774085	0.019317979	0.098095652	-0.086562309	-0.0550936111	-0.0515723944	-0.0199468939	-0.0594253995	0.0127182573	0.0261297096	-0.0036158049	-0.0684225533	-0.000884379	0.0487104414	-0.0137823109	0.023922595	0.0844295137	-0.0641167329	0.0673382692	0.0407310233	0.056981802	-0.061447489	-0.0507916521	-0.0500760796	0.1235346681	-0.1463389113	0.0134475888	0.1222157658	-0.215896698	-0.2799457449	0.0259127743	-0.0633457776	0.0372823268	0.023888575	0.0359652352	0.0358352235	-0.1116658622	-0.0316369452	0.0941220659	0.0691601952	0.0026189146	-0.0345230734	-0.0130281688	-0.0015319534	-0.0254774833	-0.0066802312	-0.0524376987	0.0121111028	0.0183315993	-0.0096943879	0.1489608563	-0.0302224968	-0.0123222508	-0.0583585015	-0.0684383529	-0.2351018872	-0.0519253378	0.0959838005	0.0212854233	0.1865300081	0.0097687755	0.0744146638	-0.0293728034	-0.0512259803	0.1280111018	0.1272347401	0.1216944932	0.1126387502	0.1003291122	-0.0076212090870058	0.0028117771624919	5.808282794785977e-05	7.90609081151156e-06	-0.0447827751274587	-7.191749719479695e-05	0.0020054969481165	5.1721264027636275e-09	0.1458990831176905	0.0076177174105539	0.0212865424545827	5.802961854705632e-05	-0.000500845678805	-0.0009755055351629	2.5084639397764124e-07	9.516110491334562e-07	0.0004391755462418	7.33831820152e-05	5.385091402675973e-09	1.928751604167834e-07	-0.0007018896950438	0.0001731972719432	2.99972950086014e-08	4.926491440086785e-07
820.3315252622413	-0.135348678910077	672943.8113390752	0.0183192648827031	1189.819550822552	-10.170796673997074	1415670.5635195794	103.44510498378996	793.945902073637	-3.2043654259215373	630350.0954195211	10.267957782841314	886.2636171714898	740.1568594816155	1.052554	36.338657	0.0730190671934178	0.0370618899099527	-0.0304134098	-0.0223591573	-0.0488022658	0.0261837678	-0.1029648893	-0.0286710377	-0.0103664697	-0.0651793581	0.0079752389	0.0016009108	0.0560642888	-0.0237374355	-0.0361311617	0.087151728	-0.0334626714	-0.1399849709	0.0913568794	-0.0701993626	-0.0086814763	0.0643884248	-0.0008168928	0.0801597989	0.0046862625	-0.1322958099	0.0718524013	0.003880017	-0.0774710592	-0.0320717092	-0.0829105374	-0.1758730257	0.1712957655	0.0650911858	-0.024532466	-0.0463529915	0.221804756	-0.0970608447	-0.1058720076	-0.0170427302	0.0331231012	0.0189545656	-0.0903134052	0.0646178304	0.1419609458	0.0091990375	-0.0258782076	-0.0753783929	0.034526204	-0.0175996351	0.2036661952	-0.0241820646	-0.2307671707	0.049281859	-0.183364688	-0.0399987819	0.1321502679	0.0012567981	-0.0909633118	-0.0551504152	-0.0057053805	0.0757251646	-0.0225764589	0.014726008	-0.0828400989	-0.0160376373	-0.0187961086	0.0767553186	-0.1225591122	-0.0727146072	0.0234182501	0.0134446225	0.0564741685	-0.1171341664	-0.0488163003	0.0407377024	0.0028128847	0.0777051622	-0.2325138271	0.1606496581	0.0801947431	-0.0185743774	-0.0528062509	0.1142028985	0.1039343463	0.0283621189	0.0240605943	-0.0283430883	0.0232421362	0.0763318338	0.0499693442	-0.0054258947	0.0392426725	0.1730208891	-0.1602518078	-0.0152480045	-0.0626561574	0.0120444119	0.024280278	-0.0180110807	-0.0422114298	-0.0642930993	-0.032868299	-0.0371501137	0.0826472181	0.0106699054	-0.1387153448	-0.0424554344	-0.0264125163	-0.1455285916	0.0637036152	-0.0328468148	0.0757760744	0.0606843164	0.0134118542	-0.1142349342	-0.0056565873	0.0575270137	0.2407961494	0.1266188352	0.1192723348	0.1073422654	0.0912870929	-0.0158077926055	-0.0081865835184942	0.0002498863070585	6.702014970528087e-05	-0.0447468236508115	3.595147664720022e-05	0.0020022782268368	1.2925086731141826e-09	0.1333997824168591	-0.0124993007008314	0.0177955019488653	0.0001562325180098	-0.0001149725720244	0.0003858731067806	1.3218692317905845e-08	1.4889805453651236e-07	0.0002950106771884	-0.0001441648690534	2.0783509469183972e-08	8.703129965515835e-08	-0.0001859830409289	0.0005159066541149	2.661596757600311e-07	3.4589691513160893e-08
820.9161800672175	0.5846548049762532	673903.3746961523	0.3418212409818207	1202.713831793993	12.894280971441049	1446520.5611885893	166.2624817704667	795.4487964548963	1.5028943812593525	632738.787781543	2.258691521220932	887.9525584781821	736.8210384891681	1.038073	35.838711	0.0777874476012485	0.0420746855023192	-0.0019642919	-0.0304353853	-0.0740104497	-0.0488419204	0.0840649297	0.0279285684	0.0255826145	0.0186193083	-0.0537080361	0.0002006589	-0.0719525939	-0.0533827495	-0.0200852645	-0.0077140662	0.0384146355	0.0194549935	-0.0326534209	0.0195928375	-0.1154768225	-0.1097465154	0.1248428566	-0.1744670784	0.1205007335	-0.0282381722	0.1104707622	0.0380668878	0.034894911	0.1117687648	0.139707147	-0.1681556355	0.0061446608	-0.1473022668	-0.0520653561	0.0859176115	0.0752650189	-0.0430127268	-0.0912882	0.0600125113	-0.1159152097	0.0443509276	0.1174640051	0.0512944366	-0.1774457736	0.1109721629	-0.0380458049	-0.0112897627	-0.0765776095	-0.0217414915	-0.233343854	0.0094140662	-0.0168532876	0.0163101985	-0.0031408942	-0.0230746858	-0.0613263924	0.0442095593	0.0285743416	-0.0729540341	-0.0209313285	-0.0250303348	0.0173050103	0.0409118467	0.098651573	-0.1010374621	-0.021022969	0.0794626566	-0.0338978543	-0.0273847232	0.008082184	0.1270337302	-0.0190248027	0.107067186	-0.177565753	0.1259990369	0.0130495379	-0.0942986252	-0.1380570643	-0.0103007389	-0.1151055744	-0.0219300399	0.1824106784	-0.0780914602	0.0864092039	0.0911605379	-0.0374091826	-0.0773140106	-0.2009370503	0.0370140017	0.0843619995	0.1273634809	-0.050577138	0.0674156169	0.0109870394	-0.0482024959	-0.0038624607	0.0333300089	-0.0236856027	-0.0137604216	-0.0051361402	-0.0859810426	0.0677292102	-0.0241507852	0.0304342099	-0.0214492373	0.0643795668	-0.1077313684	0.0674870772	-0.0685522549	0.0919127368	0.1714826049	-0.0251787878	0.1622547064	0.0309453478	0.0621256791	-0.0378696005	0.1380576929	-0.1415476897	0.1259161521	0.1165232592	0.1013839798	0.0812449131	-0.0091386399543722	0.0066691526511277	8.351474021564792e-05	4.447759708404495e-05	-0.054816631513006	-0.0100698078621945	0.0030048630904326	0.0001014010303815	0.1694011089564853	0.0360013265396262	0.028696735715687	0.0012960955126127	-0.0003489322029504	-0.000233959630926	1.2175368225581917e-07	5.4737108903030154e-08	0.0004390538881435	0.0001440432109551	2.0748446622255445e-08	1.9276831669392505e-07	-0.0003089234100138	-0.0001229403690849	1.5114334350731435e-08	9.54336732545544e-08
822.1275642294438	1.2113841622262953	675893.7318658383	1.4674515884927033	1197.0567753153637	-5.657056478629329	1432944.9233284171	32.00228800240206	798.216493728313	2.7676972734167293	637149.570859922	7.660148197278398	889.6249975035419	744.3127781379912	1.003243	34.63623	0.0729812893917057	0.0383359163466034	-0.0082310737	-0.0166840179	0.024827456	-0.0597629912	-0.008446363	-0.0099551832	-0.0824693914	0.0256622418	0.0033718569	0.0175750917	-0.0415312902	-0.1186111882	0.0528937707	0.0920850923	-0.1163716562	0.0341674289	0.1347503485	0.0292107897	0.0041533801	0.0382427613	0.148200951	-0.0375608465	-0.0804448846	0.0298956714	-0.0345485967	0.0622687144	-0.2078663862	-0.0190668218	0.0452738688	0.0399423454	0.173345476	-0.0909752755	0.1074399334	0.0555799785	-0.0871635622	0.1185829142	0.0566154107	0.1313081328	-0.2066709083	-0.0303635727	0.0048598768	-0.0784511605	-0.0088390009	-0.1474154176	0.065523086	-0.0993485579	-0.0079898007	-0.1863570634	-0.0264585438	-0.1396604549	0.0237428171	-0.165646856	0.0003259906	0.0425752654	0.0194416587	-0.0115925645	-0.0845732308	-0.0308839227	-0.0367787536	-0.0242836264	0.0328554266	-0.0941568615	0.120464103	0.0688130429	0.0101704346	0.0434555302	0.0592384196	-0.2931748351	-0.0662636806	-0.0774327693	-0.0850816625	0.0326902362	0.1565079186	0.0456396692	-0.1596509109	0.0424084403	-0.0369089374	-0.0702342277	0.1973130546	-0.1050532565	0.0042652114	-0.0074009152	0.2033301445	-0.081040569	-0.0284635668	0.1829955192	-0.0409759278	-0.103019301	0.1498381281	0.1152199309	-0.0600316365	-0.0605102072	0.0978761405	-0.0732988336	0.0232057769	-0.0692276289	-0.0744338836	-0.0761302658	0.0072532789	-0.0853492189	0.0782681661	-0.0336275639	0.0516031235	0.0050864976	0.0455423084	-0.0783210459	-0.0696228978	-0.0744067469	0.0669236515	0.0384964779	0.1817568916	0.0880019537	0.0106124896	-0.1053717181	0.0328353853	0.0085095994	-0.0247723404	0.1251271724	0.1134548014	0.0948006283	0.0703125971	-0.0192163997063943	-0.0100777597520221	0.0003692700176759	0.0001015612416194	-0.044818643572313	0.009997987940693	0.002008710811662	9.99597628622427e-05	0.1918009274874705	0.0223998185309851	0.0367875957850539	0.000501751870221	-0.0005259990424985	-0.0001770668395481	2.7667499270933885e-07	3.1352665667552594e-08	6.081261958890138e-06	-0.0004329726261846	1.874652950251979e-07	3.6981747012644313e-11	-0.0003089984076412	-7.49976273999877e-08	5.624644115627384e-15	9.54800159247972e-08
817.8542354447961	-4.273328784647674	668885.5504349921	18.26133890169837	1191.1466157382592	-5.910159577104423	1418830.2601847083	34.929986226839134	796.1647037749594	-2.051789953353591	633878.2355370689	4.209842012682731	885.1814984942293	726.3917370863594	1.040623	35.92672	0.0624423470585482	0.0343260597152302	0.1201660437	-0.0967472005	0.0625199559	-0.0177045626	0.2368023254	0.0052563346	-0.1450085754	0.0041007258	-0.2039005374	-0.0635453989	-0.0888980183	-0.0439943731	0.181262307	-0.0615049065	-0.0964703916	-0.2051145226	0.2871023325	-0.005947294	0.0873406714	0.1824021984	-0.1096121462	0.0269187112	0.0553607981	0.1571990747	0.0940843938	0.0773127244	-0.0343637878	0.0440520482	-0.1676104792	0.0073968722	0.0205944671	0.1277808293	-0.0299447343	-0.1125997989	-0.1980410058	-0.0733707605	0.0876074585	-9.77148e-05	0.0796717251	0.1274554256	0.1211614638	0.118217206	-0.1000269588	-0.0892618604	0.0069721782	-0.068910552	0.0522310111	0.0174656169	-0.0012246544	-0.0837543981	0.037891649	0.1001343755	0.0258093691	-0.0902022864	-0.0118791962	-0.0500338102	0.0777484336	-0.1069998716	0.0096578755	-0.1489319267	0.1199619154	-0.0337313441	0.1346388548	-0.0567604975	-0.0100469631	0.0509643041	0.181076428	-0.1098578381	-0.0267976638	0.1414008134	-0.0957897226	-0.1089577259	0.1268374393	-0.1335307236	-0.0316835141	-0.0172934747	0.0415833566	0.1072837179	-0.00922331	-0.0805344542	0.1286182767	-0.0894120695	-0.0721911875	-0.0214757035	0.0746296254	-0.0280275978	0.0602361311	-0.0669921982	-0.1334641591	-0.0164923701	-0.1387593298	0.2018418202	0.000338713	-0.1152867032	0.1352927195	-0.0342995995	-0.139461238	-0.0932470787	0.0552680278	-0.2117884551	0.0912530708	-0.0493849001	0.0448114121	0.0966424438	0.0724218887	0.0438380211	0.2106582384	-0.1021496254	0.1639041327	0.0029196768	-0.0249707409	0.135761902	-0.0680143857	0.0871450014	0.1378927358	-0.139736756	0.0383616432	0.1242524367	0.1100753719	0.0876327994	0.0586099215	-0.0183191989201958	0.0008972007861984	0.0003355930490777	8.049692507552055e-07	-0.0643754803658538	-0.0195568367935408	0.0041442024723344	0.0003824698653691	0.2025371702879539	0.0107362428004834	0.0410213053482516	0.0001152669094709	-0.0005769463994926	-5.094735699409994e-05	3.328671478874748e-07	2.595633184684264e-09	0.000143214795077	0.0001371335331181	1.880560590545573e-08	2.05104775289471e-08	-0.0007459588510955	-0.0004369604434543	1.909344291437785e-07	5.564546075277183e-07
820.7819034192255	2.9276679744293688	673682.9329804868	8.571239768499362	1198.453965208584	7.307349470324652	1436291.9067241775	53.39735628145398	796.4532034042034	0.2884996292439155	634337.7052128173	0.0832320360738766	886.9724009316632	726.6363108347009	1.062055	36.666668	0.1012536814006362	0.0494003682044172	0.08614754	-0.1509914555	-0.0135142811	0.0615717533	0.0077470417	-0.2325098841	-0.0410104631	-0.2468795866	-0.0622796967	-0.144695549	-0.0972422221	0.3714678864	0.164612314	-0.2729239891	-0.0821336978	0.1297223174	0.0732151205	-0.0408731393	-0.022301178	0.0943293588	-0.0367658376	0.0104263604	0.1638921531	-0.0350577427	-0.0507127295	0.0726245291	-0.0818250152	0.0675884432	0.1746531088	0.0794037906	-0.0871051759	0.2143836448	-0.1455181677	-0.1274467555	0.0708237038	-0.0348195677	-0.0109481067	-0.0438767645	0.0620911325	0.0129481365	0.0964333876	0.1668913259	-0.0237655436	0.0618590327	0.1902063868	-0.2241040535	0.0545900159	-0.0638270219	-0.0323111495	0.0138199391	0.0529302234	0.1790200758	-0.0416814046	0.0165660341	-0.0793050917	-0.1404110347	0.0496163317	-0.2194363939	0.1338683994	0.0539136469	0.0642096586	-0.064466393	-0.0210210066	-0.1361536239	-0.1884700494	-0.0846326218	0.1744330719	0.1067336229	0.1400940643	0.1408486613	-0.0591751744	-0.1062277879	0.2468364802	0.0309476409	0.0637942441	0.0101953439	-0.0808337259	0.1074945371	-0.2866656872	-0.0039898848	0.0206156673	0.0689907665	-0.1749079309	-0.0635447923	0.080849192	-0.0810560414	0.026650939	0.0150658375	0.093901965	0.0157522159	0.0159302605	0.0132887942	0.0277335793	-0.0807263059	0.0364020972	-0.1095470198	-0.0240304442	-0.0682290843	-0.0007501654	-0.0887030822	0.09302411	-0.0654341314	-0.0229984028	0.0407208272	-0.041449934	-0.0142013631	0.0832595484	-0.01131975	-0.2229830919	0.002699781	0.0252426088	-0.1424194225	0.319109603	0.0445267926	-0.1334564592	0.0976844735	0.205051607	0.1232925447	0.1063942335	0.0799246852	0.0462651033	-0.0309393183044903	-0.0126201193842945	0.0009572414171465	0.0001592674132738	-0.0448480898041623	0.0195273905616915	0.0020113511590822	0.0003813189821488	0.1645379325078337	-0.0379992377801202	0.0270727312339524	0.0014439420718701	-0.0007379817412245	-0.0001610353417319	5.44617050380745e-07	2.593238128670984e-08	0.0001191140811021	-2.41007139749e-05	5.808444140999401e-10	1.4188164316797656e-08	-0.0003089562333117	0.0004370026177837	1.9097128794989399e-07	9.545395410215362e-08
825.695779181381	4.913875762155499	681773.5197579479	24.146175005899284	1199.5178944867357	1.063929278151818	1438843.1791938916	1.1319455089086483	798.958673436591	2.5054700323876204	638334.9618595572	6.277380083192424	889.7063876931542	738.8245353617045	1.100521	37.994656	0.101790639734079	0.0581317330306687	-0.0938240172	0.0326755475	-0.0921484677	0.0275493606	-0.085200177	-0.1269237614	-0.1074453558	-0.1005063687	0.1454848166	0.050615314	-0.1821335889	0.1590076824	0.0796601571	0.0549356642	0.0662831472	-0.054001941	0.0111737463	0.1663348343	0.0988500573	0.0845480673	-0.1678079734	-0.1142999048	-0.0650918169	0.1111044908	0.118299241	-0.1378298242	0.1581262482	0.1207070108	0.0050854682	0.1075721345	0.0739395723	-0.1482784147	0.0222303452	0.0636683634	0.0606802414	-0.0657774579	0.0240087014	-0.0484000228	-0.0791114444	-0.1228065653	-0.0387203775	0.015469675	0.015479155	0.1619089713	-0.0144200523	-0.1333886274	-0.1928526279	-0.0269544949	0.0457955238	-0.0512934057	0.0710155032	-0.0235843635	0.0710567806	0.0585396764	-0.0254972661	-0.0382388724	-0.0316687841	-0.1178575724	-0.0183994319	0.1148273078	-0.1883944601	-0.1096363635	0.0077656598	-0.1455241071	0.0278033882	-0.021512312	0.0734603061	-0.0543970673	-0.1354635127	0.0922690665	0.02311236	0.1042612744	-0.0556079542	0.0565940148	0.014178382	-0.2434922488	0.1135282628	0.068373838	-0.0444457592	-0.0431880985	0.0245089201	0.2980024807	-0.018132217	-0.095287432	-0.0416650617	0.156184668	0.1501088966	0.1614729566	0.0652613294	0.0580440077	0.1257655657	0.0393160578	-0.0762372637	-0.0718531963	-0.0656048046	-0.0041157128	0.0895285962	-0.0957654607	-0.0051381095	0.0415427044	0.1682322382	0.028624962	-0.1131865487	0.0178753587	0.1041756122	-0.168491178	-0.1535314547	0.0708276898	-0.1804292978	-0.0387902439	-0.0228873325	0.0963553701	0.0824271397	0.0252357361	0.0050683797	-0.1582824141	0.1208227219	0.1222481541	0.1024214758	0.0717238087	0.033413395	-0.0127353924199411	0.0182039258845492	0.0001621902200898	0.0003313829176101	-0.0715811860420672	-0.0267330962379049	0.005123866195189	0.000714658434465	0.1183371017419787	-0.0462008307658549	0.0140036696486914	0.0021345167634551	-0.000668959473887	6.902226733750008e-05	4.475067777031718e-07	4.764073388409331e-09	0.0002631034968019	0.0001439894156998	2.0732951833569814e-08	6.922345002938741e-08	-0.0003089121794336	4.40538781000489e-08	1.940744175653968e-15	9.542673460241669e-08
825.4242267464814	-0.2715524348996041	681325.1541000267	0.0737407248999037	1201.8707541558977	2.352859669161944	1444493.3096952662	5.535948622768853	801.11955853726	2.16088510066902	641792.5470709343	4.669424418293361	893.7086806028361	763.0983515868095	1.081192	37.327339	0.0822867506315953	0.0378928780868704	0.0490216632	0.1022613752	0.0830713887	-0.1006039955	0.1036869708	-0.0366827941	-0.1277586651	0.1202500711	0.031502742	0.0432062907	-0.1473544143	-0.0976806906	0.0800789034	-0.0889706096	-0.046596415	0.0083226472	0.0781493699	-0.185590915	-0.0168866553	-0.0105285192	-0.1890679891	-0.2422808636	-0.0791064626	-0.0225519163	0.076182022	-0.113852321	0.1365705514	0.0966672424	-0.146141556	0.128818375	0.0139009005	0.130564768	0.0686683689	0.0008620939	0.0542978492	-0.0319973143	0.0844543706	0.0347585709	-0.1275488164	-0.0601479927	-0.0174111572	-0.0952236139	-0.0346876699	-0.0397952364	-0.0967904796	0.0041517005	0.0343389089	-0.0956640682	-0.0877304274	-0.0333608247	-0.0430928299	-0.1279511102	-0.0291669629	0.0291147009	-0.00251106	0.0869241439	-0.1644033126	0.0040697607	-0.083148707	-0.1123572682	-0.1124448314	-0.0549144009	-0.0124522616	0.0434365839	0.0081069227	0.018082586	0.102344168	0.0165983658	-0.1926666188	0.1387694313	0.0800423853	-0.1928722807	-0.071690187	-0.0227284452	-0.0977024949	0.0186706296	0.076464882	-0.1065315794	0.0623377055	-0.0711067246	-0.1209053888	-0.0216772913	-0.1166427007	0.0082464305	-0.1649241486	-0.0803607489	0.1030484233	0.0702364851	0.1024780495	0.1132766418	-0.1164724153	-0.0255340348	-0.0651171743	-0.0690099664	0.077924826	0.0465387823	0.0053599661	-0.1623826352	0.1313780785	0.0377856735	0.0306750244	-0.0497143815	-0.0723762133	0.0933001886	0.1494383855	-0.0821799339	0.0691842209	-0.0015747574	-0.064646673	-0.171743415	-0.0067882713	-0.0739146775	0.0346756846	-0.0471905332	0.0735777266	0.0208416442	-0.2043362165	0.1211199807	0.098167988	0.063080731	0.0201956026	-0.0029402925206056	0.0097950998993355	8.645320106729233e-06	9.594398203796231e-05	-0.0476384201291324	0.0239427659129348	0.0022694190723997	0.0005732560395615	0.1378658751833938	0.019528773441415	0.0190069995400831	0.0003813729921261	-0.0006689490343696	1.0439517399954586e-08	4.474928105840203e-07	1.0898352354395455e-16	0.000134754620269	-0.0001283488765329	1.6473434107257612e-08	1.815880768384239e-08	-0.0007609550909415	-0.0004520429115079	2.0434279384453919e-07	5.790526504297865e-07
824.3297196149796	-1.094507131501814	679519.4866405108	1.197945860908329	1204.6434120809224	2.77265792502476	1451165.7502699671	7.687631969202606	800.2122749166285	-0.9072836206314604	640339.6849272458	0.8231635682661319	892.6832492643953	758.009559382208	1.062247	36.673294	0.0808543878316339	0.0344381565634519	-0.0307737867	-0.0306666511	0.1248918729	-0.1397349043	-0.1851639881	0.1010484367	-0.0384002563	0.157523629	-0.1061247084	-0.0050070329	-0.1007331689	-0.0131853143	-0.0229656502	0.1069196184	0.0185851422	0.1022178645	-0.0631261654	0.1235826915	0.1458258708	-0.0057321363	-0.0192597976	-0.0297550763	-0.0467033212	-0.0145150757	0.1193828696	-0.0512671239	0.0670862463	-0.110275614	-0.0175775627	0.2220638033	0.0971880741	-0.0866643208	0.0965064376	0.0044117104	-0.0559489495	-0.0186889566	0.0775197929	-0.1901658847	-0.05372405	-0.0076228577	0.0942925127	0.0403218338	0.0379937155	-0.0103667961	-0.0743243499	0.138540119	-0.1229313583	-0.0208294985	-0.0796347585	0.1229733189	-0.1619639019	-0.0336975008	0.0274013236	0.003720148	0.0201582024	0.0422546939	0.1090285605	-0.0131614399	-0.1543558914	-0.1245678699	-0.0182321082	-0.1493798325	-0.0746739454	0.0849356177	-0.0410354948	-0.1028101471	0.0603099807	-0.1069991722	-0.0447235843	-0.0864953217	-0.071488729	-0.021171456	-0.0821585783	0.092480432	-0.0054835194	-0.1087642889	0.1931298771	-0.002229659	-0.0152355002	0.120816886	0.1260360172	0.1684522102	0.0621308437	-0.0208335686	0.0454768089	-0.009319721	-0.0633196097	-0.146294767	-0.0225702967	-0.1056687854	0.0162108517	0.0661434096	0.173625487	-0.1187520363	-0.0169055778	-0.1324658688	0.0645960752	-0.1715394485	0.100791945	0.0357425103	0.0380376471	-0.0376577825	0.064169361	0.0644524535	0.1070642406	-0.0397321491	0.0988085262	0.068398131	-0.0918909781	-0.0846464729	-0.0744070489	-0.1299726401	-0.0397004735	-0.2003150578	0.1744476878	0.1097837117	0.0318471022	0.1199087977	0.0936454286	0.0540487397	0.0067565429	-0.0098377834284377	-0.006897490907832	9.678198278484342e-05	4.757538082362648e-05	-0.0610023371959158	-0.0133639170667834	0.0037212851433642	0.0001785942793678	0.1557968678515422	0.0179309926681484	0.0242726640323509	0.0003215204980651	-0.0002869762051319	0.0003819728292377	8.235534231190635e-08	1.4590324227585312e-07	0.0001540443342431	1.92897139741e-05	3.7209306520258874e-10	2.372965691239992e-08	-0.0003089778903759	0.0004519772005656	2.042833898311166e-07	9.546733674114168e-08
821.725266917133	-2.6044526978465683	675232.4142900335	6.783173855320268	1204.4877981314985	-0.1556139494239232	1450790.8558476656	0.0242157012553113	797.6532095239518	-2.5590653926767573	636250.6426638613	6.548815683995846	892.0584907634192	746.6697522394152	0.992663	34.270939	0.0518130661501803	0.0247366545475859	-0.0962442551	-0.0939584431	0.0486703046	-0.1589276238	-0.0617923661	0.0439720422	-0.0649774791	0.0829203582	-0.0367824363	-0.1108004321	-0.0036935472	0.0454462663	-0.0014708739	0.0735155991	0.1093139586	0.1450259212	-0.041924377	-0.1718716239	0.1206993216	-0.0558461632	0.0742448215	-0.0780983206	0.0868960119	0.2337710225	0.1014774089	0.1085593341	-0.0451316881	0.0580749669	-0.1391340131	-0.0083289976	0.0564194353	0.0535630177	0.1461704309	0.1286176401	-0.0073882575	0.2077483996	-0.015089119	-0.0719047638	-0.0597921506	0.0364250236	0.0996596973	0.0851285728	0.0404567498	-0.0250198836	0.0401496871	-0.1278960975	-0.0134648093	-0.0783512917	-0.0766094431	0.0402502161	0.1607221969	-0.1024962693	-0.0129774212	-0.1065038377	-0.0676210344	-0.0041119856	0.113341815	-0.042290511	-0.1503692172	-0.0396916958	0.0767279232	-0.1803157397	-0.0886419195	0.0617723722	0.1285926866	-0.0698304398	-0.0237193647	-0.0429564173	0.012791561	0.1215724198	-0.0530564759	-0.0142466964	0.1154333407	0.0974609431	0.0336836531	0.1292088365	0.0451084153	0.0030179096	0.046000038	0.0688646195	0.1475463589	0.0747597207	0.0782509515	-0.0294019893	0.0061654895	-0.0841979184	-0.0858023939	0.1901794697	-0.0646406195	0.0381532179	0.1095944995	-0.0954643099	-0.0862839529	-0.147442577	-0.07485453	-0.1187807148	0.0871090142	-0.1198068148	0.1792205124	-0.0087898568	0.0467208829	0.0882678199	0.0810987647	0.0662090909	-0.014089691	0.0718642384	-0.0298781466	0.0496064737	0.0899774136	0.0061902182	-0.0920276635	-0.053599046	0.1284796292	0.0824561801	0.1144681548	0.0586805292	-0.04524834	0.1186154352	0.0888661936	0.0446835199	-0.0067565429	-0.0196072220134055	-0.0097694385849678	0.0003844431550829	9.544193026545764e-05	-0.072708689632094	-0.0117063524361781	0.0052865535480161	0.00013703868736	0.1688321727390516	0.0130353048875093	0.0285043025517889	0.0001699191735103	-0.0002019487718559	8.502743327600001e-05	4.0783306454106354e-08	7.229664409504633e-09	0.0001900539303876	3.600959614449999e-05	1.2966910144899882e-09	3.612049645577471e-08	-0.0005339802657859	-0.00022500237541	5.0626068940142575e-08	2.851349242487804e-07
819.6591079144844	-2.0661590026486465	671841.0531871683	4.26901302422605	1201.3991315454468	-3.0886665860516587	1443359.8732781538	9.539861279792008	798.0244690915372	0.3712595675854118	636843.0532688298	0.1378336665237069	891.3750256356535	731.4785337182643	0.970351	33.500648	0.0500704620652654	0.028840245335189	-0.0610333971	-0.2090895829	-0.0221526752	-0.139360019	-0.0235500257	-0.0136026888	-0.027925546	-0.0149485297	-0.0443845091	-0.211862871	-0.0147263177	-0.0028784525	0.0092250111	0.1015947519	0.208927808	0.0668887341	0.0777422639	-0.0214216536	0.0427895027	0.0854620129	0.1358525595	0.0474458208	0.1157604569	0.034422215	0.086429641	0.0668898932	0.0757298598	-0.0484865224	-0.1637233027	0.0583705974	0.0854314765	0.0360915844	-0.0046703521	-0.2291221535	0.0764292829	0.1361737523	0.0002081307	-0.016656731	0.0747371916	-0.0369357098	0.0882253345	0.0564373151	0.074693691	0.1036046283	-0.0075023344	-0.0638754335	0.0245928381	0.1404088756	0.0592501635	-0.1178735987	0.156011718	-0.111423484	-0.0823535917	0.0882804736	-0.1173668689	-0.1400524654	-0.0003557683	-0.1071990005	-0.0839065938	0.0221847473	0.1317521286	-0.0788967992	-0.2151086707	0.0917077537	0.0359894799	-0.0885713207	-0.0855675277	-0.034776498	-0.1211134236	0.1401048592	-0.06377992	0.1302431492	0.1072353683	-0.1334593189	0.0933075748	0.0240977452	0.1729088928	0.0519550923	0.0675316999	-0.0495533945	0.024090428	-0.0473763003	-0.004017382	-0.0776656275	-0.0060267307	0.0725747282	0.2001155084	-0.0303375888	-0.1707901811	0.0439346888	0.0412960673	0.1012163375	-0.1110838404	-0.1801497291	-0.0531241947	-0.1204843192	0.0957295006	-0.1946278952	0.2155386116	-0.0216905521	0.099918841	0.0326951956	0.070147578	-0.0665686334	-0.0203899313	0.0590667907	-0.0776811153	0.2046164611	-0.0366337873	0.0389335556	-0.1886530221	0.0118525923	-0.0658682602	0.0128282683	0.1458248048	0.0612179966	0.0159999719	0.1172407796	0.0838433825	0.0350428114	-0.0201956026	-0.0309003094910593	-0.0112930874776538	0.0009548291266432	0.0001275338247779	-0.0726337924520379	7.489718005609936e-05	0.0052756678059657	5.609587580355767e-09	0.1915602451448421	0.0227280724057905	0.036695327519952	0.0005165652752828	-0.0003949183777754	-0.0001929696059195	1.5596052510475354e-07	3.7237268808727143e-08	0.00029161038735	0.0001015564569623	1.03137139507558e-08	8.503661801041705e-08	-0.0005589423029393	-2.496203715340005e-05	6.231032988477243e-10	3.1241649801508824e-07
820.6428969504225	0.9837890359381164	673454.7643151818	0.9678408672320482	1198.27359215299	-3.125539392456858	1435859.60165123	9.768996493799586	796.6833150336083	-1.3411540579288612	634704.3044529397	1.7986942070990513	889.3848857777185	723.9727971446591	1.008898	34.831455	0.1409963015702762	0.0754792964479744	-0.0521578484	-0.1842282132	-0.0646504781	0.0291060039	-0.0082732989	-0.0687034646	-0.0965934593	-0.1061788236	0.0275342151	-0.2087245466	-0.0760277076	-0.0493725132	0.0104378105	0.0519945807	0.1440172699	0.054827898	0.1360261465	0.0969685847	0.0692962027	0.0246548216	-0.196976646	0.0534135854	-0.1237203655	0.001642021	0.1940304191	0.2085835465	0.1831499957	0.1094802322	0.0380450106	0.1163109918	0.0407857215	0.1252686406	0.0323362083	-0.0406104141	0.0454844137	0.1000520204	-0.1820110973	0.1228007741	-0.1276708081	0.0292905441	-0.0738247578	0.0051011301	-0.0051476295	-0.1920164093	-0.0370556789	0.194266413	-0.006200061	0.0165548373	0.0789452618	-0.0103633449	-0.0678212844	-0.0073099126	-0.0255731599	-0.0996793443	0.0323002403	0.0203813248	0.0889051876	-0.1399100222	-0.023859131	0.1253099771	0.129822875	-0.0422896258	-0.1918103666	0.0216185836	-0.0241843057	-0.1701897591	-0.1198284857	0.0424320882	-0.1225493866	0.1126587612	0.1007248903	-0.0138808499	0.1296800881	0.1384663239	0.0165445297	-0.1075828246	0.1216633378	-0.0781617349	0.1313633666	-0.0668883673	-0.0850293488	-0.0557591386	-0.0028498593	-0.0574238684	-0.0624853612	-0.0824155177	-0.1670205261	-0.1350893533	-0.0416679572	-0.1001386603	-0.1366626327	-0.1117869632	-0.0867358261	-0.1058142847	-0.0813677329	-0.089876588	0.1465515686	-0.0733639695	0.2004050788	-0.0368469183	0.0354657941	0.0816271115	-0.1521595038	-0.1183122134	-0.1243985873	0.1233848791	-0.0994273211	0.0973923596	0.0843864434	-0.1506641928	-0.1077896955	0.0719086164	-0.1681854994	0.1197412281	-0.1676726037	-0.0552623896	0.0989796274	0.1157857731	0.0785907625	0.0251860523	-0.033413395	-0.0310394707874621	-0.0001391612964027	0.0009634487467657	1.9365866416507094e-08	-0.037962267664227	0.0346715247878108	0.0014411337662104	0.0012021146311117	0.1247271332189896	-0.0668331119258525	0.0155568577610275	0.0044666648496935	-0.0008128393519121	-0.0004179209741367	6.607078120168828e-07	1.746579406233683e-07	0.0003858383990336	9.422801168360002e-05	8.878918185844662e-09	1.4887127016881153e-07	-0.0008338433883232	-0.0002749010853838	7.557060674524625e-08	6.952947962503149e-07
824.202640307598	3.5597433571755346	679309.9922900158	12.671772768955346	1203.6269411933154	5.353349040325384	1448717.8135663767	28.658345947552707	798.3782881067154	1.6949730731071213	637407.8909202096	2.872933718558199	894.5689989224863	734.6631220791019	1.153559	39.825756	0.2343494630781638	0.1620371933633967	-0.0827257756	-0.0371894545	-0.1137688101	0.1634708484	-0.0793729161	0.07500769	0.1061879235	-0.0477510137	0.1905511504	-0.0129511679	0.1285350979	-0.1182748908	-0.0264907763	-0.1229209023	0.125629087	0.0420829818	-0.2379833446	0.1538503138	0.0887101688	-0.0018442963	-0.2227648199	-0.0448150013	0.151858387	0.2631744323	0.0617101959	0.0174384318	-0.0559641406	-0.0976617817	0.0625474343	-0.1122587799	-0.1008424958	0.1204572046	0.1611180545	0.0264462363	-0.034899986	-0.1054316563	-0.0652121073	0.0155507328	-0.0959856899	-0.0211186235	0.1403126741	-0.1279886744	0.0408064814	-0.0456489457	-0.0717812529	0.0739076338	-0.0516394592	0.0562804439	0.1823480337	-0.1226065449	-0.1472416546	-0.0376476266	0.020474547	0.0477491598	-0.101042365	-0.0742232245	-0.0106895226	0.1708541274	0.0927584387	0.2445164478	0.0632923964	0.0760443602	-0.0257290456	0.0346962088	0.1154285805	-0.2008319342	-0.0789208442	0.0869101516	-0.1384279212	-0.1587659651	0.2095508076	-0.2154890432	0.1198517273	0.1796361214	0.0468574819	-0.0605314862	0.0003248535	0.0610471614	-0.0539641871	-0.2155225672	0.0620912394	-0.0333484443	0.0463782625	0.1429942397	0.0637821849	-0.0367143461	0.1099596318	0.0718085078	-0.0431202062	-0.1156644519	-0.063112399	-0.0273817447	0.1038852735	0.1251225408	-0.0769628916	0.016536855	0.0649297763	0.2238865247	0.1228851154	0.0816102389	0.1363593512	0.1073951538	-0.2500842534	-0.0481468377	-0.0936289354	0.022536064	-0.1223680927	-0.1452325658	-0.1389052415	0.0645775077	-0.1354502716	-0.0953309087	-0.0245225706	0.0208263517	0.1244196753	0.0906824526	0.0384290049	0.1142514127	0.0731227308	0.0151740128	-0.0462651033	-0.0197627001873286	0.0112767706001334	0.0003905643186942	0.000127165555168	-0.0411945648921516	-0.0032322972279245	0.0016969921766536	1.044774536964904e-05	-0.0262866651155562	-0.1510137983345457	0.0006909887628973	0.0228051672874268	-0.0001869752780769	0.0006258640738352	3.495975461193408e-08	3.9170583891759285e-07	0.000160028893307	-0.0002258095057266	5.09899328764914e-08	2.5609246693063196e-08	-0.0003089850295738	0.0005248583587494	2.7547629674911386e-07	9.547174850072209e-08
826.149062926114	1.9464226185159528	682522.2741736962	3.7885610098705	1201.2863675454505	-2.3405736478648578	1443088.9368505431	5.478285001079407	801.8102537926208	3.431965685905311	642899.6830869869	11.778388469231512	894.4842460550361	753.3406266900661	1.063232	36.707279	0.0678335505855936	0.0444347509742625	0.0388739898	0.1084182689	-0.0828248608	-0.064765724	-0.0245764259	-0.01797774	0.1851601223	0.0190853063	0.1700080787	0.0714944196	0.0715479764	-0.0631334172	-0.0813182089	-0.3133249455	-0.0439748826	-0.0380012469	-0.02770966	0.0776674236	-0.005723531	-0.061981539	0.0449027158	0.1975524856	0.1039584602	-0.0087081862	-0.1251592422	-0.0288333974	0.0652910408	0.0291367047	0.026842178	0.1228227459	-0.0137072127	-0.0409866788	-0.117038204	0.0038174971	0.0132938851	0.230739987	0.0100245134	-0.0865237699	-0.1339755317	-0.011487985	-0.0964178891	0.0340816238	0.2021881958	0.1270803605	-0.0960465389	-0.0196345268	0.0336378555	0.0970360188	0.0329703141	-0.1481905804	0.1577684718	0.2013119609	-0.0731166231	-0.1870822321	-0.15011642	0.1367339805	0.039901941	0.1453419975	0.0488831187	0.0202091489	-0.1003653332	0.1530056861	-0.0169069491	0.1878863286	-0.0405609519	0.0202406328	0.1383537082	0.0500947099	-0.1359823954	-0.0571836054	0.1279380804	0.0653291277	0.1335637	0.024082405	-0.1274995802	-0.0562848212	-0.0848774825	0.0910152526	-0.1410036877	0.0402971929	-0.007678054	-0.0987677197	-0.1372248182	-0.2783693975	-0.17268256	0.0747288453	0.1019305007	0.0477392949	-0.0887412687	0.1050422838	0.0572136069	-0.1393737813	0.0527920443	0.070006738	0.0172696854	0.1610913968	0.0420031327	0.075618104	0.2012333627	0.1791559587	0.0060699507	0.0710877211	-0.1181557635	-0.173350407	0.1353250275	0.0914884478	0.1135455991	-0.0049044167	-0.0480675767	0.0415869031	-0.0725303029	-0.0998231879	-0.0953049827	0.0145765655	0.0009241207	-0.1378565466	0.1003591344	0.1126387502	0.0674542747	0.0050684204	-0.0586099215	-0.0119074629842117	0.0078552372031169	0.0001417876747203	6.170475151723183e-05	9.78162262015303e-05	0.0412923811183531	9.568014108308944e-09	0.0017050607384233	-0.015801369214941	0.0104852959006151	0.0002496832690668	0.0001099414301234	-0.0001999908803433	-1.301560226640001e-05	3.999635222048815e-08	1.694059023571171e-10	7.502429975603242e-05	-8.500459355096759e-05	7.2257809247652e-09	5.6286455538830065e-09	-0.000242992498121	6.599253145280002e-05	4.3550142075488e-09	5.904535414308418e-08
824.0791761639657	-2.0698867621482577	679106.4885870804	4.284431208116598	1201.287858432397	0.0014908869463852	1443092.5188170944	2.222743886901837e-06	799.8606469174649	-1.9496068751558369	639777.0544872255	3.8009669676549063	896.6640575548955	756.0893103172743	1.001023	34.55957	0.0337528409630287	0.0172040768350871	0.0232178495	0.0756347218	-0.0319826296	-0.1435872698	0.1099488541	0.0239390132	0.2371194342	0.1177214228	-0.0299471384	-0.0196204353	0.1428894936	-0.0125412341	-0.0647117606	-0.2809187512	-0.0387022922	-0.0739310713	0.0404585988	0.2024675528	-0.0961101923	-0.0590447584	-0.1134950288	-0.0089053262	-0.0422092675	-0.1899898925	-0.0392612224	0.0349363088	-0.0560053161	-0.0107050182	-0.106089382	0.0236657475	0.01806996	-0.1772068311	-0.167414952	0.1387782057	-0.0052066962	-0.0420186232	-0.02581072	0.0476049411	0.1296901914	0.1022910944	-0.015447247	0.074572808	0.0324308017	0.0861840119	-0.0809185672	0.1196261955	0.1621160356	-0.0857770096	-0.0441960348	0.0287474841	-0.049486194	0.0326271818	0.1207378695	-0.0249445042	0.1274540362	-0.0423718255	-0.0287183741	0.1645486666	-0.003457095	-0.1200523948	0.0881117562	0.2090582327	-0.0315655225	-0.0239344277	-0.0422404041	-0.0569299214	-0.0036134984	-0.0655760246	0.0158219513	0.0229305297	0.2310404126	-0.1230340508	-0.1760446091	0.0283872802	-0.0158790549	0.0290189115	-0.1076095215	0.0810925047	-0.0316713554	0.0820194655	-0.0660860516	0.0182187138	0.0697332168	-0.0509625884	-0.1579697794	-0.0506823643	-0.0639179272	-0.0746326522	-0.2178182982	0.0036014781	0.08106766	-0.0389719822	-0.0184296653	0.046989868	0.0105034638	0.1335793057	-0.0027251865	0.113781853	0.1609561197	0.1630487076	0.0050465067	0.1970453033	-0.0302533881	-0.1294322518	0.0561805721	0.1060400326	0.0466067599	-0.1567687093	-0.0240348366	0.0647659428	0.0751923363	0.0409120427	-0.0633673845	-0.1291255089	0.0177409494	0.0275819524	0.079897781	0.1109488906	0.0616009311	-0.0050684204	-0.0703125971	-0.0194892280477887	-0.007581765063577	0.0003798300098987	5.748316147927675e-05	6.350087701889606e-06	-9.146613849964068e-05	4.032361382168962e-11	8.366054492035453e-09	-0.0030703520958823	0.0127310171190587	9.427061992688833e-06	0.0001620787968857	-0.0002639667386142	-6.397585827089998e-05	6.967843909461738e-08	4.092910441498282e-09	0.0002120407837569	0.0001370164840008	1.877351688796e-08	4.496129397624042e-08	-0.0003089720086871	-6.59795105661e-05	4.3532958145421025e-09	9.54637021521414e-08
824.1548040800797	0.0756279161139446	679231.1410882745	0.0057195816957378	1201.5730396930437	0.2851812606468229	1443777.7697171809	0.0813283514241111	799.0099603368881	-0.8506865805768484	638416.9167175555	0.7236676583735309	893.3655660043578	741.8964993152169	1.037206	35.808777	0.0412245234219366	0.0216049209971989	0.107283911	-0.0137855848	-0.0412790562	0.0918665753	0.0374167962	0.0550744946	0.0403822849	-0.1107968608	-0.0193327368	-0.0723198873	0.162177591	-0.0988336483	-0.1679359123	-0.0731837102	0.0120779824	0.1206538537	-0.0370189459	-0.0915337866	-0.0271524593	-0.1051574976	0.0135596826	-0.1205471605	-0.0745078349	-0.1663014891	-0.034445226	-0.0472293836	-0.0660458109	0.0231865293	0.0700814449	-0.009223223	-0.037002681	0.0485911166	-0.1000889609	-0.1134581592	-0.0050669447	0.0800076108	-0.0330883605	-0.0109916896	0.1399394265	-0.0737711531	-0.1240245934	-0.0604204244	-0.0302446975	-0.020182958	0.0834353216	0.1837770313	0.0110184373	0.0263895673	-0.1266327346	0.1015592423	0.014900441	-0.0295394371	0.0225729437	0.1384512531	0.0157848917	0.0591260012	0.046241385	0.0538996082	0.1107321422	0.0145507605	0.0349876201	0.1544848019	-0.1391463131	0.07537207	0.1030081492	0.0842017061	-0.0375131687	0.0487041116	0.0534690196	-0.0702523654	-0.1243158382	-0.0829548229	0.0109506813	0.0375696738	0.0913851498	-0.0395937509	0.0444704485	-0.138546799	-0.0014780939	0.1322109737	-0.0432913201	0.0291928453	0.0851276182	-0.0759085275	-0.1172673175	-0.1995209899	0.0215684723	0.0291266099	-0.0071401606	0.1195067804	0.1374422743	0.1690108586	0.0461665688	0.0761745168	0.1303735147	0.0802298679	-0.0106255983	0.0985125965	0.2043304306	0.0721147549	-0.0359006783	0.0238464883	-0.1445091865	0.0224572608	-0.0049051594	0.0360862473	-0.0382012494	-0.0406102593	0.1372222774	0.0154319403	0.0276611878	0.0991788621	0.1064285686	0.0331075071	-0.117542499	-0.1505752709	-0.1149629419	0.1091829923	0.0555787436	-0.0151740128	-0.0812449131	-0.0246594725913098	-0.0051702445435211	0.0006080895884815	2.6731428639809718e-05	-0.0083783919591411	-0.0083847420468429	7.019745182100024e-05	7.030389919209678e-05	-0.0048630163604599	-0.0017926642645776	2.3648928122100653e-05	3.213645165493548e-06	-0.0001084565850016	0.0001555101536126	1.1762830830209286e-08	2.4183407876614448e-08	0.0001440330608759	-6.800772288099999e-05	4.625050371458889e-09	2.074552262528072e-08	-0.0006029915835334	-0.0002940195748463	8.6447510392799e-08	3.635988498121173e-07
825.9809811904859	1.8261771104062063	682244.5812883978	3.3349228385715617	1197.6281575367864	-3.944882156257336	1434313.2037249575	15.562095226757526	801.1285516454818	2.11859130859375	641806.9562615874	4.488429132848978	896.0492069855693	751.4346068543591	1.00246	34.609184	0.053098257406711	0.0225980056398119	0.1230632834	0.0403881015	0.0546297201	0.1026206746	-0.1149517899	0.1724276547	-0.0353940568	-0.0080355185	-0.0008936858	0.0567609211	0.0692430588	-0.1636869243	-0.0287326409	-0.1058431561	-0.0331662949	0.0275262738	0.1080247399	0.0040253453	0.0374497307	-0.2359566249	0.0116043641	0.0461596803	-0.0224244099	-0.0262738102	-0.0818098402	0.0294628169	-0.0141323727	-0.0648396486	-0.079355992	-0.0117289896	-0.0458109467	-0.0283781545	0.0089844277	0.1157519658	0.0126235272	-0.0127774417	-0.0275701071	0.0638261578	0.1095708862	-0.2199805101	-0.1256020879	0.071265685	0.0385820938	0.1331177222	-0.1327329283	0.0462409893	0.1121516333	-0.0516114582	-0.0482533363	-0.1008281815	-0.193127597	0.0957059767	0.0574727804	0.1035938772	0.0544758214	-0.0075925155	0.0023767799	0.1154684355	0.1173657834	-0.0698296176	0.0221128106	0.0873739555	0.0148893511	0.2028745426	-0.0334202517	-0.0806568288	0.0352366015	-0.052468304	0.0355492027	-0.0222663483	-0.0025688891	-0.1441386379	-0.1603239107	-0.0153357126	0.1106537905	0.0707660094	-0.040443527	-0.0184518481	0.0294047944	-0.0508453763	-0.0513941427	-0.0054507656	0.0558388048	-0.0483037488	0.0066938103	-0.0384922144	0.1020791327	-0.0590536374	0.1736727938	-0.1451823215	0.1413554074	-0.0304121549	-0.028698933	0.0657846753	0.1359898137	0.0058886153	-0.0729263317	0.1241905082	0.0856970999	-0.042581073	-0.0289938499	0.0281157116	-0.1949528263	0.1707526847	-0.0177250865	0.0212758524	-0.0202259595	0.0217807453	0.117195963	0.0032663348	0.1527484189	-0.18393858	0.0518103698	0.0839737751	-0.1094404558	-0.0474522696	0.087500266	0.1073422654	0.0494042187	-0.0251860523	-0.0912870929	-0.0143260971461813	0.0103333754451285	0.0002052370594418	0.0001067786480899	-0.0160532814039697	-0.0076748894448286	0.000257707843835	5.890392799034145e-05	0.007950550560956	0.0128135669214159	6.321125422231776e-05	0.0001641874972496	0.000146017743113	0.0002544743281146	2.1321181303814063e-08	6.475718366937712e-08	7.596496023754007e-05	-6.806810063835994e-05	4.633266324513897e-09	5.770675183891044e-09	-0.0004800055003796	0.0001229860831537	1.5125576649513404e-08	2.3040528039467017e-07
824.5108108118941	-1.4701703785917744	679818.077145687	2.1614009420886813	1199.1648441400744	1.5366866032879898	1437996.3234214887	2.3614057167247795	799.6891366674545	-1.4394149780273438	639502.7153039387	2.0719154789694585	896.1671394477919	751.988532852565	0.961796	33.205303	0.0889779343072483	0.0589362913903177	0.1676141597	0.0018951979	0.0024284349	0.0197597223	-0.0662972237	0.1745663806	0.0485271254	-0.0393852274	-0.1469162454	0.0961252485	0.1278867699	-0.1375783166	-0.0582704499	-0.0019157679	0.105142319	-0.1016993304	-0.0223622924	0.0344474352	0.0096481681	-0.0787479214	-0.0115214016	0.1641717392	-0.084703883	0.0152842883	-0.1040950877	0.0959923689	-0.0942506181	0.010091575	-0.017786001	0.1145880538	-0.0597001638	-0.092175915	0.0215595237	-0.0418973642	-0.0130517605	0.0477677016	0.02584967	0.1825398019	0.0526220535	-0.1441763353	0.0411909316	0.0060507474	0.0942719262	0.0370229019	-0.0993967774	0.0312042276	-0.0768749081	-0.1623262508	0.1044782663	0.0379378009	-0.1047820976	0.0464482433	-0.0387701148	0.1704050262	0.0408060375	0.1621762255	0.1242481895	0.0880126244	0.1226721097	-0.1442468206	0.0667118454	0.0903407055	0.0439524423	0.0951581647	0.049318688	-0.1459188967	0.0410938549	0.0892794657	-0.0494558395	-0.1417116233	-0.0488758453	0.032049758	-0.0957502858	-0.0648747114	-0.0911527343	-0.0032884762	-0.0426828915	-0.0580130976	-0.0375578218	-0.0904677545	0.0380264716	0.0219316382	0.1388196792	-0.1087792386	0.1676817269	0.0752739662	0.0495720597	-0.0683108284	0.0688506793	0.022725468	-0.0843959462	0.0409911181	-0.0663493441	0.0615110216	0.1515626354	0.0323347992	-0.1021370157	0.1196732362	0.0486388781	-0.033049297	0.0587560879	0.1139022989	-0.1062518242	0.076225713	0.1380903712	0.0423588787	-0.0699754161	0.1471762801	0.0598549609	0.0422772154	0.0303205214	0.0732010492	0.189973922	0.020021799	-0.0927897396	-0.065841428	-0.0118190875	0.1054279714	0.0430942802	-0.0350428114	-0.1003291122	-0.0208182894021007	-0.0064921922559194	0.0004334011736296	4.214856028781984e-05	0.0334119674577522	0.0494652488617219	0.0011163595693978	0.002446810844952	0.004352292882082	-0.0035982576788739	1.8942453331421643e-05	1.29474583235757e-05	0.0002570002359066	0.0001109824927935	6.604912125604804e-08	1.2317113706681472e-08	7.099911960994909e-05	-4.965840627590978e-06	2.4659573138633158e-11	5.040874985387858e-09	-7.509123586130369e-06	0.0004724963767934	2.2325282608295642e-07	5.638693703177941e-11
824.9095166439159	0.3987058320218466	680475.710649699	0.1589663404882329	1199.3835847324	0.2187405923257301	1438520.9833255424	0.0478474467310112	801.2340531856456	1.544916518191144	641976.007984298	2.386767048179847	895.1110413260191	743.1414432872797	0.998495	34.472282	0.0653309064194204	0.0320177238878126	0.1522055239	-0.0409843093	0.1214929547	0.1529554611	0.071712402	0.0463510858	-0.0268281368	-0.0822270156	-0.1226798896	0.0654183064	0.0965349656	0.0141435872	-0.042303285	-0.048595916	0.0358953949	-0.1239442599	0.1369541169	0.0210590481	-0.0691043214	-0.1404598464	0.127439331	-0.0928510764	-0.0767018882	-0.0399457139	-0.1074605383	-0.0519758159	-0.0703975806	-0.0878476955	0.091265123	0.106889818	-0.1786938086	0.0550937292	0.0964477128	-0.0645148287	-0.0173334269	-0.0643836079	0.1105041379	0.1451928961	-0.0571834448	-0.0241429592	-0.0397436063	-0.0632562853	-0.1482114331	0.0331982324	-0.100793635	-0.0575960033	-0.0199979524	-0.1476032293	-0.0591151915	0.1283220052	-0.0151549446	-0.0586086821	-0.0168947697	-0.0334448297	0.0484059656	-0.0752413857	-0.031150038	0.0478350261	0.1517611444	-0.0706106743	0.0886316601	0.0121874909	0.0352392737	-0.0052637492	-0.0321768237	0.0084472787	0.1275300892	0.0301993259	-0.0642880008	-0.0999017781	-0.0920231829	0.0788824888	-0.053237639	0.1505433898	-0.0424688155	0.136646068	-0.0105309223	-0.1421925615	-0.0337207817	-0.0663636552	-0.1226984604	-0.0089402915	-0.0732061283	0.1859054394	0.0801744951	-0.0270436371	0.0735801649	-0.0267043507	0.1630643297	0.0486439605	-0.0535391832	0.0686226003	-0.0166227783	0.0640106869	0.1521683993	-0.0884918332	-0.1157730172	0.1560878739	0.0339960761	-0.0014417562	0.0012062059	-0.0638240465	0.0109567627	0.1012473043	-0.0180413968	0.1036318583	0.064420033	-0.0452721288	-0.0522918841	-0.0959512666	0.0085252017	-0.1144877491	-0.1359407789	0.0214284432	-0.0052768331	0.0918914896	0.1370909986	0.1034414224	0.0366662233	-0.0446835199	-0.1082719048	-0.0123473464147849	0.0084709429873158	0.0001524569634867	7.175687509435474e-05	0.0190565324144387	-0.0143554350433134	0.0003631514276625	0.0002060785152827	-0.0154541953565967	-0.0198064882386787	0.0002388321541198	0.0003922969763489	0.0003940132704976	0.000137013034591	1.552464573282149e-07	1.877257164783456e-08	8.593907904352882e-05	1.493995943357973e-05	2.2320238787700799e-10	7.385525306849894e-09	-0.0003095169325638	-0.0003020078089776	9.12087166834926e-08	9.580073154370393e-08
824.9703505193087	0.0608338753927455	680576.0792359511	0.0037007603953	1200.4319862423083	1.0484015099082171	1441036.9535936534	1.0991457259778294	799.5025199727809	-1.731533212864747	639204.2794428269	2.998207267253713	896.297633670544	748.604371563015	0.983204	33.944397	0.0359678083296689	0.0277942363927381	0.1404763147	-0.0055861652	0.0307837259	0.0347215564	-0.1075244022	0.1849020878	0.0709065046	-0.051129776	-0.0884053003	0.1131092488	0.0753329065	-0.0811003835	-0.0364844036	-0.0088712017	0.009331027	-0.076131305	-0.0588008661	0.0173852761	0.0568500559	-0.0512171826	0.0711753424	0.0055304697	-0.1491685164	0.1686497568	-0.1965677899	0.0027557716	-0.0051477467	0.0249115391	0.0595415767	-0.0005556167	-0.0611203082	0.0888161245	-0.0991219922	-0.0056822247	-0.1138706017	0.1059139007	0.1164541753	-0.0613948152	0.0391318561	-0.0332984941	-0.0306577705	0.2634962115	0.0520227764	-0.0073571296	0.0667625755	0.0874588813	-0.0841158039	-0.0235246619	-0.1978440282	-0.1533363062	0.0031403395	-0.1703944485	-0.0172001314	0.1837499679	0.0151735794	0.040528325	-0.0458578834	0.0952410756	0.1270197408	-0.085636161	-0.0278570233	-0.0134459532	0.0228667174	0.0696073384	0.0868639927	-0.191654361	0.1050690252	0.0747857584	0.0187617833	-0.0168526484	-0.2185718582	0.0312752752	-0.0082456687	-0.1304882528	-0.0008346741	0.0648574193	-0.0099058223	-0.0718013808	0.098478609	0.0744461747	0.1459438936	-0.0321167063	-0.1340345332	-0.0194665926	-0.0249560424	0.116490885	-0.2118885524	-0.0264144795	-0.0290542234	-0.0853647494	0.1530736002	-0.0004483753	-0.1277914259	0.049365396	0.1493796145	-0.011716499	-0.1031263171	0.1094895685	0.0607139384	0.0251017896	0.0115030269	0.0227727112	0.0713001838	0.0762834307	0.0164580945	-0.0510683352	0.0713277116	0.0290653305	-0.0483794538	-0.0295356628	0.0939010741	0.0479562915	-0.0927286031	-0.044246569	0.0480834202	-0.0375212642	-0.1685730813	0.1013839798	0.0301376669	-0.0540487397	-0.1150284477	-0.0130162263431401	-0.0006688799283552	0.0001694221482158	4.474003585564584e-07	-0.0077340741890736	-0.0267906066035123	5.981590356209447e-05	0.0007177366021841	-0.0153721034661273	8.209189046940076e-05	0.0002363015649733	6.739078480840091e-09	0.0003269976724376	-6.701559805999998e-05	1.0692747777960797e-07	4.491090383339473e-09	-1.5050521643411583e-05	-0.0001009896006869	1.0198899446907674e-08	2.2651820173880047e-10	-0.0003089975331641	5.193993997000394e-07	2.697757364087613e-13	9.547947550149908e-08
823.3588884322271	-1.611462087081577	677919.8591603526	2.5968100581013123	1202.1221015184449	1.6901152761365663	1445097.5469591224	2.8564896466301826	799.3567255710034	-0.1457944017774934	638971.1747155964	0.0212560075896571	896.6393968143309	747.5803718709843	1.008598	34.821087	0.038070452883858	0.0177241690087369	0.0639499725	-0.0060490481	-0.0859160496	-0.053414916	0.0556840264	0.0507234561	0.1382289275	-0.016694111	-0.1699123313	0.0688475829	0.0434950819	-0.0569741116	-0.0517568146	-0.0213335189	0.1476829822	-0.1027890761	-0.0542635485	0.1207028756	-0.0621848061	0.0532157863	-0.0279754617	-0.0352073617	-0.0015861472	0.02582143	-0.1100961438	0.0810178234	-0.0117117454	-0.1104049594	-0.1888424695	-0.1311925139	-0.0272937064	-0.085975618	-0.0120355007	0.2072410025	0.1624668402	0.0504645165	0.0527543079	-0.0797054893	0.0107947261	0.1407382933	-0.0635178661	0.0213523071	-0.0626060919	-0.1578407904	-0.0451388768	0.0396220835	-0.0070319485	0.117798816	-0.0663390911	0.0942071721	0.068699016	-0.1553684094	-0.1387641252	0.1029189319	0.0868293378	-0.0725184563	0.0806594663	0.0615194969	0.069318117	-0.0799414615	0.0417336433	-0.0083197522	0.1051981013	-0.0891987282	0.1779874062	-0.2840861419	-0.0947327454	-0.0974486149	0.0183506792	0.0228991713	-0.0076626231	0.0677108166	0.0416480091	-0.0444469647	0.1652750668	0.2460722192	-0.0568677799	0.1211058749	0.0336387853	0.0288074843	0.015221366	0.01222833	0.0584323823	0.0816914732	-0.0344306038	0.0674754164	-0.0547955647	0.0348832972	-0.0038808018	0.1097739067	0.048644375	-0.0273776568	-0.076949489	0.0097365532	0.0540047728	0.0663661817	-0.0253390701	0.1725138971	-0.0074492026	-0.0430623303	0.144145843	0.0963121112	0.1642442482	-0.0856442002	-0.0020626876	0.0649331578	0.0592258535	-0.0565131958	-0.1308898445	-0.0783733522	0.0628754929	-0.0778140376	-0.0489671608	0.1605333471	0.0767853451	0.1835129085	-0.1572133341	0.0992570537	0.0235265052	-0.063080731	-0.1205247148	-0.0109410769301376	0.0020751494130025	0.0001197071643911	4.3062450862846215e-06	-0.0001608122024521	0.0075732619866215	2.58605644574952e-08	5.735429711800623e-05	-0.0009768947866888	0.0143952086794385	9.543234242597555e-07	0.0002072220329245	0.0004570208318499	0.0001300231594122	2.0886804074477452e-07	1.6906021983556374e-08	0.0001349296683761	0.0001499801900195	2.249405739828881e-08	1.8206015408084323e-08	-0.0003095308398282	-5.333066641000279e-07	2.844159979735e-13	9.58093408047508e-08
823.328531375149	-0.0303570570780493	677869.8705763598	0.0009215509144399	1202.9657996615074	0.843698143062511	1447126.71515525	0.7118265566071293	800.2727607564723	0.9160351854688996	640436.4916087859	0.8391204610170415	895.1565450089471	725.9309939357913	1.016233	35.084698	0.0592062020372752	0.0289591248427106	-0.0693111427	-0.0796389292	-0.1208875408	0.1362229246	0.0933055331	0.0685721445	0.0383880438	-0.0874607864	-0.0252339003	-0.0752453216	0.0110049573	0.1073585055	-0.1715399878	0.0328668504	0.0305826762	-0.2523327878	-0.1025567172	0.0725632676	0.0594527462	-0.0092053919	0.1063860511	0.0248284593	0.0562262661	0.0233305088	0.0627179516	-0.0413923044	0.0012250723	0.1492983229	0.0717702312	-0.2226778194	-0.1209106891	-0.0122407114	0.1490817265	0.0199170447	-0.0002461098	-0.1053338355	0.0406677951	-0.0385981951	0.1038403407	-0.0020270199	-0.0292671325	-0.033709416	0.0067126553	-0.064655344	-0.0880177925	-0.0167339372	0.1807956771	0.0087772616	-0.0815945307	-0.0152478213	0.0493471695	0.0384217213	-0.0927571013	0.0270761543	-0.0575708734	-0.0518138836	-0.1074511443	-0.0212463281	0.0227869672	0.1116783182	0.0874739015	0.068123431	0.045336007	-0.2447584134	0.1707202431	-0.0321648918	0.0335466463	0.0300600532	-0.0148057981	-0.0591900413	-0.0481025022	0.0046378961	-0.0965908731	-0.0062576471	0.0382498671	0.0547358349	-0.0717310046	-0.1104288876	0.011156139	-0.0426558174	0.0602896836	-0.0019173352	-0.0161980434	0.0260645108	-0.0588814159	-0.10395632	0.1345506242	-0.0670140213	-0.1027675284	0.188642592	0.0825198947	-0.0192564778	0.051663831	0.0339967259	-0.0177667647	-0.0143234307	0.1409212156	0.1781783243	-0.0020736436	-0.0695656016	0.1208212651	-0.139576393	0.0959757884	-0.0195335577	-0.0749099243	0.013203688	0.033059668	-0.0677330213	-0.1339277581	-0.0097781935	0.0155162365	-0.0253237885	-0.1121919566	-0.0932771569	0.1330604471	-0.0144078435	-0.0973014645	0.0970621018	0.016850859	-0.0717238087	-0.124700488	-0.0156863223981247	-0.004745245467987	0.0002460607103779	2.2517354551452103e-05	0.0244096201148522	0.0245704323173043	0.0005958295541513	0.0006037061442592	-0.0123413162519341	-0.0113644214652453	0.0001523080868302	0.0001291500752397	0.0002369976782851	-0.0002200231535647	5.6167899512527766e-08	4.841018810459955e-08	-1.50366166846716e-05	-0.0001499662850607	2.2489886654928613e-08	2.2609984132174434e-10	-0.000308998222719	5.326171092000318e-07	2.836809850125986e-13	9.547990164350073e-08
825.2847748153791	1.9562434402300823	681094.9595420711	3.826888397443228	1200.552547081969	-2.4132525795384936	1441326.418305003	5.823788012649193	799.8903956311814	-0.382365125290903	639824.6450230079	0.146203089038728	893.1925257321651	733.3621975410674	0.996265	34.395321	0.1486691916839451	0.0671303524081568	-0.0999033373	-0.0809501632	-0.0866620508	0.1344604493	-0.1194515378	0.0432918093	-0.0392169572	-0.0640580628	0.1247829705	-0.0517878575	0.0329397011	-0.0050367872	0.0163494629	-0.0047254245	-0.0428400812	-0.0955358619	0.0392275508	-0.04680651	-0.0461786504	0.1877129209	0.0750706165	-0.0039542273	-0.1462428356	-0.0103057571	0.0551379252	0.014413757	-0.0210461706	-0.0831749193	0.1277151269	-0.1606411473	0.0390576135	0.0573894898	0.0037938109	0.0520725619	-0.0994813627	-0.1656347618	-0.1761883602	-0.0523841075	-0.1874838008	-0.1394920162	0.0490708471	-0.0459798499	0.0317799774	0.0137435029	-0.1965034536	-0.0600703104	-0.0815878292	0.0155968941	0.0274854799	0.082910053	0.1358002349	-0.0530304719	0.0783106921	-0.0750885867	0.0482573815	-0.085371134	0.1089860859	-0.0594083486	0.0014751238	0.183326205	-0.0009999549	0.0941950633	-0.0064439398	-0.0247146825	0.1104694762	0.0870015543	0.0397295152	-0.0540679437	-0.0063362848	-0.0943769901	0.0049182124	0.0821713494	-0.0440520659	0.1932170213	-0.1236502979	-0.0800974229	0.1041650473	0.144490666	-0.0465365225	-0.0006956272	0.0172114906	-0.084476035	0.1082579351	0.0994903246	0.0707616187	0.0075053865	0.0292043578	-0.0863990469	0.079972645	-0.0843896472	0.0988513301	-0.1072117371	0.1023278206	0.018880861	-0.0509225987	-0.0492973201	0.0092919622	0.1345376196	-0.0679487674	-0.048274238	0.1505972834	-0.0285083676	0.0520116726	0.085131443	-0.2137703172	-0.0622009824	-0.0351301802	0.1034269786	0.0616968937	0.00087244	0.1210081959	-0.0204615889	-0.1228416082	-0.1289118042	-0.06723957	-0.0485854164	-0.0096014869	0.0948006283	0.0101290257	-0.0799246852	-0.1275100165	0.0199628513387324	0.035649173736857	0.0003985154335723	0.0012708635881206	-0.0233996247943082	-0.0478092449091604	0.0005475424405144	0.002285723898784	0.00176890650269	0.0141102227546241	3.1290302152589672e-06	0.0001990983861851	0.0005849842828913	0.0003479866046061	3.422066112298485e-07	1.2109467698535176e-07	0.0001920457172688	0.0002070823339534	4.2883093035617134e-08	3.6881557521287866e-08	0.0001579438443874	0.0004669420671064	2.1803489403359777e-07	2.4946257979871225e-08
826.0663967139109	0.7816218985317391	682385.6917799044	0.6109327922643603	1205.200042896701	4.64749581473211	1452507.14339821	21.59921734795248	800.6918619845776	0.8014663533962221	641107.4578483299	0.642348315626238	896.86584023567	744.4116962522716	1.007633	34.787781	0.1081475696294181	0.0696103296596298	-0.1026304119	-0.0545631849	0.0916811869	0.0512083526	0.0518440562	-0.007222959	-0.0794612528	0.0447337617	0.1752865353	-0.0642677675	-0.0253140175	-0.0952277395	0.126243552	-0.0611530059	0.0884066065	-0.1774188826	-0.0430890103	-0.0560039929	-0.0646260112	0.08963304	0.1449149905	0.0009881159	-0.0943415937	0.0124740321	0.0330686263	-0.0978354955	0.0472756749	-0.0098364654	0.0431673053	-0.0794230758	0.0669142789	-0.0118254115	0.0485685543	0.0782447349	-0.0339444888	0.0620103947	0.1890019787	-0.0962013452	-0.0171490855	0.1472297848	0.0548667685	-0.0438409902	-0.0849415428	0.0174444322	-0.0612052098	0.01436841	0.0917527746	-0.0643001942	0.0683095518	0.0322181917	0.0807186065	-0.2054717709	-0.1110559756	-0.0992200407	0.1887472969	-0.1203241474	0.0143438767	0.0598203155	-0.0477947972	0.0794798095	0.083491606	-0.0666864324	0.1102817062	0.001190169	0.2257450803	0.0257047136	0.1653465556	-0.0692703696	0.0560562542	0.0944138387	0.0270874083	0.049847452	-0.0273377912	0.1015583	-0.0352910304	-0.0053630983	-0.0322186454	-0.0048708029	-0.0233738362	0.0440420416	-0.1044179558	0.0307525149	-0.0239114898	0.0829134125	-0.0136895267	0.0817701951	0.0262521805	-0.0595488824	-0.0635999358	-0.1688395978	-0.0308732311	0.1299302171	-0.1141462548	0.0238758601	-0.0061136668	-0.0977645833	0.0447993824	0.1567784432	-0.1162606011	-0.0210246445	0.1183263052	3.85406e-05	0.1488436375	0.0682271558	0.0263493772	0.0077199471	-0.0481702468	0.0994843718	0.069972145	-0.0026775325	0.0167265111	0.1289922416	-0.0230340091	0.0248600344	-0.1900498279	-0.0300696133	0.3116224484	0.0924741833	0.0033794295	-0.0876327994	-0.1289225186	0.012793026093135	-0.0071698252455973	0.0001636615166196	5.140639405240581e-05	0.0440808303675908	0.067480455161899	0.0019431196058963	0.004553611828857	-0.0154752425020063	-0.0172441490046963	0.0002394831304959	0.0002973606748961	0.0005850040460116	1.976312029999816e-08	3.422297338499422e-07	3.9058092399219944e-16	0.0001039768909645	-8.80688263043e-05	7.756118166616964e-09	1.081119385464352e-08	-7.903037053250936e-05	-0.0002369742149199	5.61567785369074e-08	6.245799466505724e-09
824.2392466844193	-1.8271500294915768	679370.335774899	3.33847723027107	1202.5103446558903	-2.689698240810685	1446031.1290044282	7.234476626620094	798.7280882977425	-1.9637736868351112	637966.5590357663	3.8564070931059655	895.695260453459	747.0340672437843	1.060891	36.626488	0.0451932145556131	0.0252256373148595	-0.0596892707	-0.1111761132	0.180251735	-0.0786789899	0.0419924957	-0.0367113801	0.0872784061	0.0921960336	0.0298330221	-0.0445867199	0.0760693056	0.1035920279	0.1428399357	-0.1643690069	0.0443076592	-0.0526378761	0.0124267044	-0.1960044526	0.1688100906	-0.0101314139	0.026097749	0.0508585673	-0.0406435354	-0.1744817438	0.1219863966	-0.0100995313	-0.0483321713	0.0843060887	0.0685548755	0.0544001425	-0.01708774	0.0635250425	-0.1105825875	-0.0508500109	0.1533894321	0.1298317724	0.0953346055	-0.2646831819	0.0758759491	0.0424626256	-0.0724695474	-0.1261123504	-0.0558854147	0.0293696425	0.1206936585	-0.0307393149	-0.0704341898	0.0523916965	0.1029745797	-0.0034797504	0.0603036955	0.0839560381	0.1248169463	-0.0593310972	0.0208959283	-0.0086874656	0.0109511368	0.0881774517	-0.0765527205	-0.0158249253	0.0906688981	-0.0548323476	-0.2014791643	0.0191168004	0.0059326503	0.2094335196	0.019064472	0.1921879311	-0.0176909474	-0.0220115805	-0.0833867043	0.0610018058	0.0624280615	0.087885891	0.0538268188	0.0424554031	0.0582859473	0.1682410756	-0.1104918208	0.0909521659	-0.1141546623	0.161673995	-0.0427005004	0.0626598475	-0.1597249809	0.1289698759	-0.0469388214	0.0157218236	-0.018403635	0.0616956507	-0.1328477385	-0.0388271454	0.0030713851	0.0090149586	-0.0241224214	-0.1380181211	0.1109001569	0.0265251412	0.1266026297	0.0933724282	-0.2077287125	-0.0431127751	0.1533034837	-0.033258357	-0.1184449858	0.0381843242	-0.0002558421	-0.0205772257	0.0788535442	0.1139041918	0.1369522996	0.0436474723	0.2308955478	-0.0192529516	-0.0103384611	-0.1673429015	-0.2038321834	0.090084361	-0.0033794295	-0.0948006283	-0.1289225186	-0.0076501902685777	-0.0204432163617127	5.852541114544095e-05	0.0004179250952117	0.0384122984952028	-0.005668531872388	0.0014755046756845	3.21322535882786e-05	-0.0085944320223774	0.0068808104796289	7.386426178726607e-05	4.7345552856570896e-05	0.0003830047712913	-0.0002019992747203	1.46692654831901e-07	4.080370698752724e-08	0.0001369865968872	3.300970592270001e-05	1.089640685103136e-09	1.8765327726736237e-08	-7.002623433783914e-05	9.004136194670217e-06	8.107446861217026e-11	4.903673495537962e-09
826.752164355539	2.512917671119681	683519.1412665681	6.314755221825559	1204.7599770682198	2.249632412329447	1451446.6023454175	5.060845990603208	800.8882117575788	2.160123459836313	641421.9277322524	4.666133361735206	894.4758106836167	744.3161265763276	1.055926	36.455055	0.0832605873206359	0.0572477855298446	0.1055867576	-0.09186373	0.0819606274	0.0579813221	-0.0308659221	-0.059738535	0.0289861025	-0.0924184563	-0.0355943009	0.0021497804	0.0452618578	0.0320965719	0.0748212457	0.0333941506	0.0572257529	0.1514703936	-0.0301480352	-0.0381754477	0.0259803663	-0.0164018101	0.0380791846	0.0269696121	-0.1290435742	-0.0913544945	0.0271519425	0.1380705641	-0.0961172958	0.0051316423	-0.0029074809	-0.0092846209	0.0297677923	-0.0738828029	-0.1045803469	-0.0694655382	-0.0609111946	-0.0748480166	0.1364077636	-0.0320366063	-0.0196559	-0.1261183729	-0.0350638457	-0.1810254156	-0.0275346484	-0.1859473685	-0.0690867449	-0.0824118674	-0.085571993	-0.088005281	-0.0181869042	0.1304857112	-0.0187395658	-0.1179924857	-0.024287621	-0.0385805281	-0.0936540139	0.1422572325	0.0397118234	-0.0630640004	0.1252124009	-0.0222183745	0.0534401032	-0.0854257314	-0.0074416134	0.0583871958	0.0253768857	0.1058657724	-0.0672097313	-0.0029765585	0.0831013936	-0.062681806	-0.0673665636	0.2146985426	0.0081855668	-0.0165083021	-0.1826520719	-0.1844775263	0.0500837989	0.1331138294	0.0225656992	0.0198044554	-0.0561720168	-0.1243478843	0.0312815533	-0.0311495763	-0.023450926	-0.0762866794	0.0463397818	0.1166939915	0.0652032014	0.0176831398	0.0791575498	-0.0475123931	0.0602943969	0.00520352	0.1025077402	-0.125533835	-0.0736639328	-0.0110049357	-0.0143966826	0.1331502806	-0.0363675109	-0.1334889997	0.1039792986	0.0573598391	-0.0383598358	-0.0847569335	-0.0533058237	0.1534168564	-0.1275941592	0.0666382866	0.1854582934	0.0582336921	-0.1325400322	-0.0749461414	0.1142427959	0.0323131277	0.0817802643	0.0876327994	-0.0101290257	-0.1013839798	-0.1275100165	-0.0179826212627176	-0.0103324309941398	0.0003233746674783	0.0001067591302486	-0.0168221773503489	-0.0552344758455517	0.0002829856508065	0.0030508473219328	-0.0133872059643564	-0.004792773941979	0.000179217283532	2.2970682058912925e-05	0.0006080058859444	0.0002250011146531	3.696711573430347e-07	5.0625501595137455e-08	0.0001699782156816	3.299161879440001e-05	1.0884469106750081e-09	2.889259380630053e-08	-7.005163166964661e-05	-2.5397331807470962e-08	6.45024462938776e-16	4.9072310995798375e-09
827.8437434254679	1.0915790699289118	685325.263528692	1.191544865906868	1205.8699409083315	1.1099638401117318	1454122.3143862628	1.232019726355582	803.1231180556277	2.2349062980489407	645006.7427553937	4.99480616105882	899.5992261669736	753.2850499857672	1.006776	34.758194	0.1124723569700553	0.053932555313419	0.1581215296	0.0197642811	0.0519996009	-0.0153132898	-0.0308254842	0.0147081447	-0.1089403214	-0.0199220269	-0.0245596618	0.1207814233	-0.0392136272	-0.1404912774	0.1418244077	0.0431502861	-0.0035439665	0.0311285175	0.0049415286	-0.045908624	-0.0132829946	-0.0563880775	0.0389910008	0.0493667534	-0.1159354918	-0.008246768	-0.199207531	0.1828068604	-0.0255552727	0.0523761348	-0.0134718696	-0.0506718555	-0.0620440403	0.0103295523	-0.1098851449	-0.0233111702	-0.0817200995	-0.0388149699	-0.0902385552	-0.0604741379	-0.0570282841	0.0447312571	-0.0142138581	0.0356414182	0.1830846903	-0.0811284021	0.1183160029	0.0503393554	-0.0814736817	0.086367168	-0.0144903872	-0.0193443328	-0.0456266552	-0.0938084546	-0.0002130333	0.024341209	0.0196981824	0.0107534368	-0.1926428856	-0.0327917125	0.141239778	-0.0808013201	-0.0852912146	-0.0878821739	0.0817724737	0.0806582732	0.0044831559	-0.0482983957	0.0373028888	0.058723292	0.1786643989	0.0119420528	-0.0152171327	0.033385893	0.1051428658	-0.0516907516	-0.0267482356	-0.0182673212	0.0296042621	0.0501329186	-0.0263506053	-0.0158733337	-0.0677936584	0.0366799027	0.1641902286	0.0892498646	0.0497670488	0.0134347675	-0.2594380656	-0.0484155327	0.0020944394	-0.0076438926	-0.1597933913	-0.0449158384	-0.0859300708	-0.0112828851	0.1754907591	-0.0058410945	-0.022987425	-0.0337057276	-0.096767815	-0.0475518918	-0.0098478279	-0.01668292	0.0814591823	0.0834079587	-0.0716510225	-0.0016230501	0.0902654196	0.1197719063	0.0796402327	0.1257922651	-0.0008591425	0.0119529408	0.1274661634	-0.1951897648	-0.0667553421	0.0202573916	-0.1553783919	0.0851211787	-0.016850859	-0.1073422654	-0.124700488	0.0102317182179803	0.0282143394806978	0.0001046880576921	0.000796048952332	0.0078474318805064	0.0246696092308553	6.158218711918822e-05	0.0006085896196031	-0.004297875661237	0.0090893303031194	1.8471735199453376e-05	8.261592535920462e-05	0.0002850160603395	-0.0003229898256048	8.123415465144953e-08	1.043224274442837e-07	-8.994907771930905e-05	-0.0002599272934009	6.756219785472228e-08	8.0908365825543e-09	0.0003570128084322	0.0004270644401018	1.8238403599950374e-07	1.2745814538464674e-07
828.9740063288028	1.1302629033349376	687197.903168826	1.2774942306551225	1206.762808950324	0.8928680419924149	1456276.477065676	0.7972133404113687	802.0430171236079	-1.0801009320198318	643273.0013167401	1.1666180233501091	899.1311685259896	757.746418432199	1.013399	34.986839	0.0485967769193261	0.0242087647045043	0.1016653897	0.0998178996	-0.0553011236	-0.0410454744	0.0186720741	-0.1129952632	-0.0784261126	-0.1418566649	-0.0958075169	0.1291093163	-0.0340308348	0.0908328154	-0.0290373516	0.063178926	-0.0400605002	-0.1581350283	-0.0217098375	-0.0487213806	-0.1141491746	0.0273988727	-0.1363494616	-0.1136843563	-0.00926079	0.1656144192	-0.0458389963	-0.070155142	0.06744957	-0.0255426869	0.1074655583	-0.038471789	-0.0543801574	0.1042979633	-0.0322982796	-0.0869380794	-0.0337340909	-0.2293732935	0.0302698334	-0.0243089728	-0.154926592	-0.0470683652	-0.0559776584	0.0715424624	-0.0784246235	-0.0583794104	0.0573740466	0.0174802448	0.0778587398	-0.0977705336	0.0099359687	-0.0725040259	0.2133606585	0.0571170894	0.0100349664	-0.0448081888	-0.0432338796	-0.0142739556	-0.0685245997	-0.0775173017	0.1245192563	-0.006862185	-0.0825316693	0.0029626724	0.1263743343	-0.2518966063	0.0975618146	0.0181666499	0.0346496817	0.0167916272	0.0615759028	0.0513883759	-0.0287323128	-0.0616635665	-0.0788222752	-0.0169327628	-0.1117245565	0.0306103592	0.0383341288	-0.0365185561	0.0371001384	0.0259997642	0.0648871657	0.0705983998	-0.1024190463	-0.0338933973	0.0107121399	-0.1617778727	0.0158218865	-0.0160845778	-0.0635643583	-0.025388149	-0.1471845164	-0.1798525234	0.1403329952	-0.0054260357	0.0896716509	0.0870960149	0.0644994009	-0.0038202363	-0.1290807004	0.0362107873	0.1255741954	0.003974295	0.1392364106	-0.0871277364	-0.0375299263	0.0944946841	0.1051587571	0.088097277	0.0031013535	-0.014802486	-0.0723055557	0.0154415936	0.0785637085	0.029868265	0.0606725146	-0.06397218	0.0594647594	0.0825512202	-0.0235265052	-0.1126387502	-0.1205247148	0.0103690384028993	0.000137320184919	0.0001075169574008	1.885683318618837e-08	0.0203738313411747	0.0125263994606683	0.0004150930035186	0.0001569106834482	-0.0212307912779152	-0.0169329156166782	0.0004507464982864	0.0002867236312815	0.0001739853052899	-0.0001110307550496	3.0270886456819715e-08	1.232782856688428e-08	6.204123700670472e-05	0.000151990314726	2.310105577051272e-08	3.849115089322107e-09	0.0004739945717978	0.0001169817633656	1.3684732960125236e-08	2.246708540937798e-07
829.6823256685068	0.7083193397039622	688372.7615267022	0.501716286998657	1212.452892561604	5.690083611279988	1470042.016681	32.37705150335711	802.960323739559	0.9173066159511336	644745.2814999374	0.8414514276677205	898.8873426425425	760.4527987208561	1.025093	35.39056	0.0555331979571514	0.0363556154565043	-0.016908453	0.152511529	-0.0432325999	-0.0564791018	-0.0091692182	-0.0168592281	-0.0122734042	0.0131526248	0.0319019919	0.0952745277	-0.1325721579	0.1494649143	-0.0980648347	-0.0005742392	0.0706228283	-0.0390084201	0.0076993237	-0.0164713741	-0.027645982	0.0051581545	0.052892711	-0.0351708811	0.0123949961	-0.0234393481	0.0498394214	-0.1973280952	0.0556580185	0.0353989609	-0.0397230342	0.0097467184	-0.0018541863	0.0069510268	-0.0280779049	-0.1397685388	0.0279949178	0.0131806434	-0.0185964407	-0.0304510583	0.0232746342	0.110799711	0.2194388554	0.0780263315	-0.0095986169	-0.0511161494	0.0422505836	-0.0252536384	-0.0163003829	-0.1435407499	0.1516695521	0.0820963016	-0.04115868	0.1024243123	0.0230926871	0.206259569	-0.0549853176	-0.0141580894	-0.2083405326	-0.0204866101	-0.0134681839	-0.038113596	-0.219496954	-0.0047992158	-0.1318657767	-0.1679324476	0.017095481	0.0798419455	0.1290722661	0.1017847461	0.0136592715	0.086629395	-0.0680668964	0.0614793657	0.046781687	0.0361563289	0.0536465592	-0.0361294098	-0.1169909297	-0.0190261221	-0.0888915641	0.0310067139	0.0130271284	-0.1033016922	-0.0232577249	-0.0731920448	0.0266204436	-0.0472069761	0.024401054	-0.1625480052	-0.0603448896	-0.0438312798	-0.2104494303	0.0543155044	-0.0128121393	0.0133699175	-0.017010016	0.0861209227	0.1853602099	-0.0320115547	-0.0678770562	0.0841672336	-0.03710038	-0.1134750635	0.1177244805	-0.0272005645	0.0069315437	0.0499072248	0.2002290134	0.0154187344	-0.0302923557	-0.0770880307	-0.0201220747	-0.1498554609	0.0007357028	0.097432303	-0.0244199828	-0.0378540709	0.0182482404	0.0799246852	-0.0301376669	-0.1172407796	-0.1150284477	0.0064383986277363	-0.0039306397751629	4.145297688963667e-05	1.5449929042093433e-05	0.0556210067275912	0.0352471753864165	0.0030936963893907	0.0012423633727208	-0.0212596471039105	-2.8855825995301176e-05	0.0004519725949828	8.32658693871099e-10	0.0001740038710365	1.8565746599997652e-08	3.0277347135686924e-08	3.446869468153245e-16	-3.247894613522817e-05	-9.452018314193288e-05	8.934065021184534e-09	1.0548819420550526e-09	0.0002420027812948	-0.000231991790503	5.382019086078785e-08	5.85653461544188e-08
828.5835042531713	-1.0988214153354647	686550.6235204652	1.2074085027998338	1212.822009724782	0.3691171631780889	1470937.227272859	0.1362474801526399	802.1794464435983	-0.7808772959607495	643491.8642965577	0.609769351346972	900.7493150876692	756.2071979816772	0.988639	34.132027	0.0419168438509702	0.0231883815112594	-0.070123529	0.0985608643	-0.0810721003	0.0066350525	0.0743790729	0.036639456	0.0616640144	0.0769071835	0.0384454579	-0.0146213192	0.0262883772	0.1626579597	-0.1118556879	-0.0559136897	0.0805081129	0.0131731475	-0.0019658421	-0.0333801998	0.0165149414	0.1803353198	0.0233603177	-0.0416053352	0.0341854061	0.0335255135	0.095748127	-0.2186591719	-0.1527112734	0.0871194272	-0.1193139628	0.055451583	0.0142572379	0.0024435343	0.0802024792	-0.0057427364	-0.0855064628	0.0741461629	-0.0694991652	-0.0421239685	-0.1056362276	0.1264940035	-0.1561028595	-0.1326199093	0.0521207974	-0.1219087391	-0.0052705553	0.0923601225	0.0375221673	0.1874728643	-0.0685446191	-0.0529404244	-0.2219264286	0.2060937357	0.0967887238	0.0117613605	-0.1556063902	-0.1864005316	-0.0700559339	0.0650954945	-0.0577984196	-0.0170834369	-0.0431651255	-0.0383639466	-0.2236462743	-0.119814875	-0.0406706878	0.0125873107	-0.0331938549	-0.0892186606	0.0950559275	-0.0079357055	0.240708028	0.0411859095	0.0599826991	-0.0091749191	-0.0313327009	0.1210619808	-0.0529045958	-0.1722167745	0.1317529658	-0.0609496284	-0.0330127472	0.0515170263	-0.1671368049	0.0832117246	0.0008311789	0.186872581	-0.0401965319	0.0834042748	-0.0763111077	0.164480721	-0.1281176194	0.1482775021	-0.0066791033	0.0002477731	-0.0490094989	0.0501382759	0.1544303811	-0.0902251277	-0.0701318885	0.0686921462	-0.0113345938	-0.1694205488	0.0409923521	0.0793322682	0.0956801222	0.0630226218	-0.0792723584	-0.0339943338	0.0827164658	0.0823590063	0.1296429673	0.071232579	0.1402687466	0.1965188665	0.0395765645	0.0689018133	-0.0527492129	0.0772433738	-0.0366662233	-0.1211199807	-0.1082719048	0.0162214648373719	0.0097830662096355	0.00026313592147	9.570838446211384e-05	0.045773698301005	-0.0098473084265862	0.0020952314561514	9.696948324831564e-05	-0.0211957011710808	6.394593282970165e-05	0.0004492577481337	4.089082325460715e-09	0.0005420072480065	0.00036800337697	2.9377185689157965e-07	1.3542648546132394e-07	-7.49435809928034e-05	-4.2464634857575234e-05	1.8032452135871931e-09	5.616540332024884e-09	0.000208020327484	-3.39824538108e-05	1.1548071670031555e-09	4.3272456646550603e-08
828.2533923956443	-0.330111857527072	686003.682014893	0.1089738384799739	1210.2967614769038	-2.525248247878153	1464818.2508414814	6.376878713411682	801.9293636565512	-0.250082787047063	643090.7042946012	0.0625414003772266	898.3069424300505	745.922440298109	0.977343	33.742023	0.0762607593421254	0.0437023055900713	-0.1382199078	0.0446735879	-0.0623043528	0.1170931161	-0.0027205207	0.0700883524	-0.0492510727	0.0202950345	0.0991807294	-0.0984213059	0.0304776414	0.1174941642	-0.122481174	0.0100539589	0.1108198111	0.1706413996	0.034913148	0.0039514779	0.1286647825	-0.021796748	-0.0974534704	0.0024339851	0.0080455605	0.0935317362	0.0871158194	-0.1436859972	-0.0542985313	-0.0540109277	0.1641976027	-0.0067897926	0.1018678089	-0.1491094293	0.0829060739	0.154584008	0.1669734286	-0.0860864126	0.126942553	0.038570386	0.0919008181	0.0402338716	-0.0205277888	0.1486476926	0.0374938984	0.0220394258	0.0563902781	0.0653614133	-0.0603262233	0.1349536436	0.0493754728	0.0005941866	0.0264488252	-0.0966743645	0.139099034	-0.0778266258	0.080746561	0.0707098971	-0.0149746118	0.0291620676	-0.0912684141	0.084292144	-0.0236199927	-0.0250045798	-0.1749444454	-0.0548387473	0.0414610195	0.0250876208	-0.0826370768	-0.0614010099	-0.0005157527	-0.0637915707	-0.0850935152	-0.0978337909	-0.1009319995	-0.0512117038	-0.0031135761	-0.0535613417	-0.0669072924	-0.0393719969	0.0621126387	-0.0238256728	0.1241281889	0.1516045226	-0.0474367742	0.014741323	0.1544494559	0.1723537167	-0.1629767014	0.2718203136	0.0833348712	-0.1720998716	0.0842885432	-0.0072993148	0.0198040439	0.0450913273	-0.0881666456	0.0209267226	0.1604979189	-0.0728388092	-0.077436548	0.0478887815	-0.0321651205	-0.1978671404	-0.0587693352	0.0235833848	-0.001032523	-0.0251612051	-0.1389695525	-0.1098170676	0.0210489239	-0.1339572049	0.0804204168	0.0421135817	-0.0072683246	0.0293154926	-0.0576188727	-0.0913330806	-0.0373068074	0.0745091236	-0.0430942802	-0.1242524367	-0.1003291122	0.0202740098634279	0.004052545026056	0.0004110354759423	1.6423121188211245e-05	0.0283586266054669	-0.0174150716955381	0.0008042117029482	0.0003032847221607	-0.0556364972508589	-0.0344407960797781	0.0030954198263448	0.0011861684346088	0.0007859944889303	0.0002439872409238	6.177873366288035e-07	5.952977373360843e-08	6.207150937576067e-05	0.0001370150903685	1.877313498870578e-08	3.852872276185145e-09	0.0001819757279613	-2.604459952269998e-05	6.783211642978241e-10	3.3115165567045074e-08
830.754667183175	2.501274787530747	690153.3170466279	6.256375562736983	1213.659732158919	3.3629706820152023	1472969.945464059	11.309571808093796	804.9571750722033	3.027811415652081	647956.0537002218	9.16764196875306	899.3617988627408	749.0357876559141	0.994823	34.345512	0.0345282013863154	0.0174625934461956	-0.0807818812	0.1454578328	-0.1468729343	0.134789578	0.0017432646	0.0023642278	-0.0926052348	-0.0218591376	0.131770122	0.0260897517	-0.110531502	-0.0406978932	-0.0468828454	0.045965738	0.089100717	0.1783233912	0.0780426179	-0.051628788	-0.0571553578	0.2084088014	0.0062843397	-0.1346318177	0.1396395814	-0.0618111058	-0.1049147486	-0.1429813576	-0.0844637922	-0.0988205625	-0.0368316454	-0.0118091116	0.0469803094	0.1158141239	0.0176513706	0.0307948808	0.1593697517	-0.1306683996	-0.0464038697	0.075044496	-0.0496560407	0.0156113999	-0.0251263592	0.0664657216	0.0005500263	0.1766119575	0.2019247723	0.0294163299	0.1184064302	0.0517055613	0.0611980602	0.0206300777	0.0491575927	-0.0828742551	-0.1624684808	-0.0186301467	-0.0161662046	0.0660537682	0.176769764	-0.0557592986	-0.0317929989	0.0862276421	-0.1585351684	-0.047955139	9.52465e-05	0.0085379454	0.0912550068	0.1114518827	-0.0944971278	-0.1400031207	0.084999892	0.0713052582	-0.014716641	-0.1815030566	-0.0196273794	-0.1276314241	0.0042903605	-0.0503222423	-0.1436272087	0.0549775585	0.0231035353	0.0819214605	0.0765889208	-0.0786111376	-0.1499096531	0.0638854132	0.118676176	0.1149902037	0.104885823	-0.0074192089	0.138850029	-0.1064765487	-0.0869013294	-0.0554946086	-0.0098434564	0.0340722184	-0.0511904707	0.1065160011	0.1022339966	-0.1030403042	-0.1501942475	0.0409086733	0.0084458109	-0.1142827296	-0.0455565912	0.0287956749	-0.0888386227	-0.1472281214	0.0001305073	-0.0849047851	-0.0183841207	0.1851909367	0.0076903058	-0.1021352101	-0.0866903464	-0.0266491547	0.1037061082	0.0092312984	-0.0054361302	0.0717238087	-0.0494042187	-0.1266188352	-0.0912870929	0.0103503312215025	-0.0099236786419254	0.0001071293563948	9.84793977882064e-05	0.024871670658797	-0.0034869559466698	0.0006186000013596	1.2158861774016567e-05	-0.0427216117774449	0.012914885473414	0.0018251361128627	0.0001667942667914	0.0007569902746504	-2.900421427990004e-05	5.73034275915288e-07	8.412444459943574e-10	6.211996778038298e-05	4.8458404622309104e-08	2.3482169785394282e-15	3.8588903970358204e-09	0.0003169766817629	0.0001350009538015	1.822525752734173e-08	1.0047421678141879e-07
830.7156933865261	-0.038973796648861	690088.563238657	0.0015189568252267	1214.3201437354985	0.6604115765794631	1474573.4114818017	0.4361434504801721	803.0629802460367	-1.894194826166654	644910.1502416462	3.5879740394765203	902.6493621935456	767.4375257430802	1.112649	38.41338	0.0417949653621154	0.0236487600414	-0.1275311485	0.1330770618	0.158610268	-0.0350337261	0.1568028254	-0.0565537237	-0.0751166656	0.1958390537	0.091050965	0.0173914531	-0.1050696676	0.1171040655	0.0602158197	0.0187628133	-0.0102696903	-0.0389461689	-0.1216532663	-0.030360754	0.0272225348	0.1075582232	0.1003679944	-0.0361996121	0.0792439322	-0.177206968	-0.0207353088	-0.1139202315	-0.0318812429	0.0155587449	-0.0149551097	0.016507318	0.0023743774	-0.044019425	0.0173501835	-0.1409195036	0.0308101926	0.0004533389	-0.1376397559	0.0608342257	-0.0211885779	0.0249317352	0.0627617657	-0.0566480297	-0.045570251	0.1771054866	-0.0712659029	-0.1345871337	-0.1343537826	-0.0663828566	-0.089982916	0.0389771333	-0.028574782	-0.0086134074	0.0260034841	-0.1200784683	-0.0174405664	0.0835670972	0.0846484375	0.0922149444	-0.1570691348	0.0028591475	-0.104023212	-0.1052990661	0.057168275	-0.0410106901	-0.0791071624	0.1335968567	-0.0257019931	-0.0207304868	0.0548428152	0.0431639601	0.0631354857	0.0046567329	-0.0540778338	-0.001834855	-0.0467072501	-0.1144971161	0.0117280788	0.0232247257	-0.0044018401	-0.0482777002	-0.036237857	0.0003612893	0.0115402014	0.0228941418	0.0104743242	-0.0626348565	0.1282831058	-0.2004021954	-0.0550684745	-0.1068005499	0.0759802826	0.2032437043	-0.0639452262	0.0295010167	-0.0636649034	-0.0380181902	0.0446966727	-0.102858238	-0.1349323494	-0.0046876185	-0.0608992183	0.0820474382	-0.0083765147	0.0604069489	0.1150718336	-0.0081261733	0.0252242725	-0.2407962758	-0.0343814365	-0.0918367825	-0.1211366647	0.1119839142	0.107969242	-0.0427252529	-0.0980960594	0.0607063285	-0.0141406104	0.0688893378	-0.0555787436	-0.1282045865	-0.0812449131	0.0131214945357527	0.0027711633142502	0.0001721736188517	7.679346114246156e-06	0.0455717150297232	0.0207000443709262	0.0020767812107502	0.0004284918369583	-0.0479964562160972	-0.0052748444386523	0.0023036598093037	2.7823983851981127e-05	0.0009159998113992	0.0001590095367488	8.390556544833701e-07	2.5284032777067983e-08	-8.726769602507289e-07	-6.299264474063371e-05	3.9680732914196875e-09	7.615650769524523e-13	0.0002780005984866	-3.89760832763e-05	1.5191350675610724e-09	7.728433275890779e-08
827.0516293152734	-3.66406407125271	684014.3975530484	13.425365518244986	1212.9741944047742	-1.345949330724352	1471306.396291911	1.811579600877331	803.5288313196061	0.4658510735694108	645658.582761852	0.2170172227457726	901.452235741816	761.698277210015	1.054918	36.420258	0.0694267530211688	0.0331742911155511	0.0292320951	-0.0703698886	0.1872797126	-0.0372561938	0.0722623066	-0.0825147598	0.0898246989	0.0873972066	-0.1134731653	-0.0255271269	0.0612340574	-0.0384926744	0.1669760058	0.1561551529	-0.00312524	0.04057503	0.0657394796	0.1550625882	-0.0541665148	0.0297847928	0.0994127823	-0.0201785298	0.011525064	-0.037480258	-0.0220718106	0.1744140483	-0.0381447306	0.1392685267	-0.1677002366	0.0572469614	0.055990972	-0.1145871534	-0.0350249891	-0.0288893593	-0.0730412366	-0.1464694509	0.1296706326	0.0785692938	0.0137505662	0.0748612731	0.0757751284	0.0209808138	-0.0704586566	0.2834903598	-0.0392864014	-0.040172513	0.0478334383	0.0990986245	0.0132996927	-0.1301132132	-0.0374002652	0.0342449869	0.0528560407	-0.0949760701	0.0641060461	0.0471794872	0.0594495674	0.0345655277	-0.035517718	-0.1176630626	0.14974459	-0.0588689021	0.0834380892	0.0420494368	-0.1379764048	0.0303421258	0.0229543874	-0.0355093564	-0.1516489756	0.0428955178	0.1034309462	0.004751953	-0.0191862488	-0.2230381728	-0.0403013996	-0.0560489585	-0.0085058403	0.08188976	0.0405277912	0.001099077	0.1263351088	-0.0791699059	0.105462369	0.1070968866	-0.0568942681	0.0288545006	0.0414892204	0.0545528572	-0.0651596869	0.0202703957	0.0305513421	0.0426388052	0.14184983	0.0120831071	0.0568259519	-0.1363163076	-0.0954016524	-0.0655670579	-0.1270032739	-0.0097457041	-0.0630945732	0.0227419291	-0.0091086874	0.0200772689	-0.0022095521	0.0370512346	0.0385418887	-0.0854757381	0.0441738398	0.008214176	-0.1391649408	-0.0269517344	-0.024194829	0.067332445	0.0020194166	0.1312965803	-0.0096908937	0.0660076536	-0.0616009311	-0.1289999139	-0.0703125971	0.0103905820632093	-0.0027309124725434	0.0001079641956122	7.457882932693109e-06	0.0278176609232332	-0.01775405410649	0.0007738222592399	0.0003152064372161	-0.0305474557880742	0.017449000428023	0.0009331470551243	0.0003044676159371	0.0008030373934187	-0.0001129624179805	6.448690552287e-07	1.2760507876001194e-08	-0.0001077233203803	-0.00010685064342	1.1417059999278521e-08	1.160431375375676e-08	0.0006880432573683	0.0004100426588817	1.681349821027742e-07	4.734035240099807e-07
829.0352960785547	1.983666763281235	687299.5221440567	3.9349338277466512	1204.501892491391	-8.472301913383262	1450824.8090153425	71.77989971151769	802.8638489905824	-0.6649823290237009	644590.3600159726	0.4422014979137856	898.4961590335747	747.5644527084056	1.01705	35.112888	0.0839270939410438	0.0453896149435523	0.1352177966	3.07592e-05	0.0320175088	0.1003142855	0.0435112004	-0.0987433454	-0.0789491479	-0.1233513365	-0.0278702888	0.1032141987	0.0657126624	-0.0083637794	0.13143367	0.0907109766	-0.1418007773	0.0712206507	0.0421791816	-0.0628799536	0.0786467299	0.0187825111	-0.1220180468	-0.0197260649	-0.0489898231	0.0236604233	0.0863062472	0.0992555062	0.1483266069	0.1189890813	-0.0357350299	-0.0047087596	-0.0493673801	-0.0765839682	0.1495252179	-0.019989484	0.031260174	0.0549903688	-0.1518573984	0.0043858773	0.0734805314	0.0828819374	0.0109799152	-0.0314985354	-0.0692829549	-0.0439640427	-0.0260550805	-0.0526637465	0.0786754709	0.0077052695	0.0846104935	-0.172694177	-0.0388096926	-0.0574937479	0.0290694003	0.0016545828	-0.0967723996	0.2075883686	-0.0135462244	-0.063157813	0.1122845857	-0.0172738364	0.0291203823	-0.0637456259	0.0513338223	0.0564663015	-0.079832549	0.0727380901	-0.1608771791	0.019415237	-0.0719652271	0.0553690151	0.007785782	-0.0447827624	-0.16827355	-0.0423427026	0.0110204518	-0.0776301848	0.0444212529	-0.0717771926	0.0319741532	-0.0474505361	0.0400157997	0.0631494833	-0.1113186675	-0.0138905001	-0.1707383264	-0.1209893732	0.0921148825	0.1165390836	-0.0823915716	-0.0536286205	-0.082776617	-0.0910482849	-0.0316857595	0.0397881912	0.1141396643	0.0106988734	-0.0631808752	-0.0954314732	-0.0659420502	-0.0429501152	-0.0526703554	-0.0453835221	-0.1112125691	-0.0274689878	0.1130540416	-0.1084077929	0.0071578601	0.075050324	0.1185764523	-0.0986900333	-0.1486519385	0.1020592681	-0.0734355261	0.0362866759	0.0576834955	0.0183567182	0.0545452609	0.063080731	-0.0674542747	-0.1289999139	-0.0586099215	0.0155295168401323	0.005138934776923	0.0002411658932879	2.6408650641468656e-05	0.0637702662432957	0.0359526053200624	0.0040666468567408	0.0012925898293001	-0.0550093228772397	-0.0244618670891654	0.0030260256034124	0.0005983829414879	0.00085898301668	5.5945623261299945e-05	7.378518229446731e-07	3.129912762095305e-09	6.27349201327565e-05	0.000170458240513	2.9056011758807017e-08	3.9356702040633366e-09	0.0005469733860448	-0.0001410698713234	1.9900708595228842e-08	2.991798850413139e-07
831.7201002572144	2.6848041786597605	691758.3251718708	7.208173477748911	1211.8899817789409	7.388089287549974	1468677.3279361615	54.58386332081068	803.3809434606674	0.5170944700849986	645420.940315752	0.2673866909924856	899.211440343353	761.3524068264686	0.996488	34.403008	0.0564662287019994	0.0283171799277424	0.1021401153	0.1227883999	-0.0303745163	0.0067186349	-0.1029884954	-0.0502094234	-0.0579836851	-0.0676456604	-0.014479418	0.1666058674	-0.0709495181	0.0359855543	0.0039231342	0.0851103761	-0.1234153484	0.015306663	0.0326689706	-0.0472838026	0.001943045	-0.069459334	0.0935755482	0.0666240554	0.0495573001	0.0527803634	-0.0894606558	0.0467512289	0.0104593019	0.0445431774	-0.2155703471	-0.0431807184	0.0426138121	0.0119619569	-0.0379811264	-0.0745095174	0.0356879362	-0.0478863143	-0.0170749121	-0.1017376746	0.0300996791	-0.0410505206	0.1262998282	0.0049067011	0.0278022092	-0.1095767045	-0.0941131855	0.063110923	0.174309121	-0.0222768904	0.1257978862	-0.0472025191	0.1504941955	0.1579981778	-0.0357320796	0.0001552509	0.1042702428	0.1380912288	0.1262547128	-0.0528367218	0.0816742683	-0.040079111	-0.1522682688	-0.0459453976	0.0062759147	-0.0124660363	-0.0780751175	0.0624906863	-0.0535452303	-0.0360210649	-0.0234273325	0.0316467162	0.0481973306	0.0567916301	0.008086116	-0.1584830555	-0.0264706082	0.0802945227	-0.0774714173	0.1486287046	-0.0105406456	0.0801504526	0.1426763127	-0.0700708427	0.1495773089	-0.0919153935	-0.054074916	-0.139487469	0.0671041971	-0.0806348809	-0.0310270746	-0.0863391303	0.0445574298	-0.1127466496	0.0486781698	0.0473902041	0.0359879002	0.0979339976	-0.032824824	-0.1206779342	-0.0626912051	-0.0013169014	-0.1187950133	0.1137200061	-0.0577028493	0.0172974308	-0.0066076909	-0.1117582031	0.0434246042	0.1229194005	0.0868774665	-0.0208133519	-0.1022465978	0.0344425568	-0.044206521	-0.0067662971	0.0350883699	0.1303592943	-0.0481074766	0.0601105761	-0.0731227308	-0.1282045865	-0.0462651033	0.0251513715175093	0.009621854677377	0.0006325914892117	9.258008743256166e-05	0.0438004193658656	-0.01996984687743	0.0019184767366256	0.000398794784308	-0.0612539622731773	-0.0062446393959376	0.0037520478941638	3.899552118529598e-05	0.001017990546233	0.000159007529553	1.036304752219762e-06	2.5283394454548222e-08	6.21496488799611e-05	-5.85271252795394e-07	3.425424393486901e-13	3.862578855902451e-09	0.0002939684318255	-0.0002530049542193	6.401150685951014e-08	8.641743890994363e-08
830.0746870741876	-1.6454131830267895	689023.9861213105	2.707384542878352	1212.6676704578829	0.7776886789420132	1470562.8789737483	0.6047996813545737	802.6900170508851	-0.6909264097822643	644311.2634731502	0.4773793037346093	902.1553562816596	766.5910911805114	1.03245	35.644573	0.0357747172438884	0.0159040633866375	-0.0736877141	0.1501648683	0.0147365066	-0.1063507689	-0.008685541	0.0747630424	0.0900468212	0.1288080391	-0.0022845984	0.0850512702	-0.0659657849	0.1472584568	-0.1043129433	0.0197646149	0.011185059	0.0927159792	0.0712575217	-0.0432940024	0.040892865	0.0013910094	-0.1078282897	0.0343361801	0.0659272339	-0.079368471	0.0026483186	-0.0412214134	-0.0222433274	-0.060579761	0.0471250727	0.2149466236	0.3057136696	-0.0168054792	-0.0758860892	0.011061785	0.0382539591	-0.1159586781	-0.0083129936	-0.1680875299	-0.0910820221	-0.101993404	-0.118634605	0.0028659012	0.0071496346	0.0124702215	0.1492071173	0.0556841028	0.0396502054	0.0409671423	-0.0622335324	0.0674654431	-0.0984802019	0.0833562666	-0.1260316303	0.1521467567	0.0318981691	-0.0744967594	0.0502653721	0.0723206061	-0.1209698548	-0.0740391085	-0.1056087274	-0.0104685269	-0.13545543	-0.1072361786	-0.1660957927	-0.0250948134	-0.085055205	0.022627767	-0.0368629681	-0.0216599258	0.0609811579	-0.0699322446	0.0514306937	0.0396588519	-0.0206322946	0.1079793382	0.1276607732	0.017488899	-0.0375036131	0.1466685321	-0.0799264271	-0.0541642148	0.025136913	-0.021291577	0.055043768	0.0915519699	-0.032030755	-0.0324364464	0.1625572188	-0.0327372712	0.0561988521	0.1327451309	0.0230414179	0.0440547828	-0.1329853501	0.0767622903	-0.0027883985	-0.0935153026	0.008292882	0.0208668803	-0.1487457982	0.0687886331	0.0009352348	0.0019169253	0.1838405584	-0.0007132936	-0.1388810242	-0.0001943846	0.0621791381	0.0739348166	0.0076611701	0.0772391526	-0.033820718	0.0801884564	-0.0157874347	0.0586195805	0.06940262	0.0570992244	-0.0785907625	-0.1266188352	-0.033413395	0.0168030531549447	-0.0083483183625646	0.0002823425953278	6.969441948273329e-05	0.0437945726491335	-5.846716732101076e-06	0.0019179645935202	3.4184096545430686e-11	-0.067523466266131	-0.0062695039929536	0.0045594184965933	3.930668031766231e-05	0.0010690280805173	5.103753428429983e-05	1.1428210369345028e-06	2.604829905821081e-09	-0.0001167396983257	-0.0001788893472056	3.2001398543667565e-08	1.3628157165175442e-08	0.0004870625137683	0.0001930940819428	3.7285324481332775e-08	2.3722989231829547e-07
826.0093305230918	-4.065356551095874	682291.4141112063	16.527123887538142	1207.0594516266558	-5.608218831227077	1456992.519761243	31.45211845893001	801.8820037841797	-0.8080132667054158	643014.7479929312	0.6528854391719575	899.2695572391192	740.2024131709554	1.078948	37.249878	0.0758088061649817	0.0391538369425268	-0.0926274379	-0.1456896092	0.0622659229	-0.0135501824	-0.0772979453	-0.0088139356	0.1595426278	0.0803679168	-0.0437379883	-0.1249308362	0.1821632715	0.0598726224	0.1509371304	0.1154411083	-0.0524760196	-0.0340884283	0.0473909778	0.0261530082	-0.0252389658	0.0399087399	0.008972917	0.0365846931	0.0535761335	-0.0047524769	0.0492297117	0.082713312	-0.1124903328	0.0119959758	-0.0447010868	-0.068855195	-0.0545309786	-0.1714095189	0.0503506434	0.0724556575	-0.0603530927	0.1399829742	-0.0652172359	0.0817143083	-0.0812831367	0.1166041301	0.0403264992	-0.0069286047	-0.0796863441	-0.098397705	0.0459782156	-0.1051904782	-0.1654743194	-0.1428501028	-0.068906026	0.0953040011	-0.0731517708	0.2179870565	-0.063897546	0.1494642725	-0.0147616073	-0.0413629776	-0.0471363712	0.0404058871	-0.0637494517	0.0152216812	0.2439752039	-0.070192428	-0.0123519716	-0.0541539271	-0.2425229031	0.0374798983	0.0273027388	-0.0722150744	0.0887501124	0.0193268655	0.0815049618	0.1287542764	-0.0074140478	0.0946828545	0.0017161092	0.0964682103	-0.1169161132	-0.054916859	-0.0634081481	-0.0074610198	0.0105149595	-0.0470997934	0.1271017239	-0.0098588403	0.139064514	0.0015201386	0.0596608636	0.0597319414	-0.019220556	0.0522527954	-0.0295354594	-0.0442301385	0.0747848748	0.009884008	-0.1221246044	-0.1677575082	-0.0747458449	-0.0027907407	-0.0779165781	-0.0366433172	-0.0730093419	0.1460145379	-0.0550316987	-0.0901643343	-0.0720630726	-0.0586239206	-0.0731807923	-0.0862538322	0.0579158571	0.0139238515	-0.0366844227	0.0611633736	0.0061015287	0.0543723218	0.1807972762	0.0013844931	-0.0146460053	0.0540487397	-0.0838433825	-0.1242524367	-0.0201956026	0.0202860245448022	0.0034829713898574	0.0004115227918323	1.2131089702565874e-05	0.0124954644863919	-0.0312991081627416	0.0001561366327306	0.0009796341717829	-0.0499803332387784	0.0175431330273525	0.0024980337106593	0.0003077615164153	0.0012990873498979	0.0002300592693805	1.6876279426647486e-06	5.2927267427935475e-08	-0.0003561833565424	-0.0002394436582167	5.733326546019584e-08	1.2686658347781045e-07	0.0004872314578716	1.6894410329997564e-07	2.854211003983284e-14	2.3739449353968474e-07
830.421550821324	4.412220298232228	689599.9520684928	19.46768796013249	1208.2352403339587	1.1757887073028996	1459832.395984859	1.3824790842210235	806.0996606705037	4.217656886323994	649796.6629331012	17.788629610756203	902.406644648703	748.320623459091	1.055395	36.436729	0.1134053813206135	0.0703947975193251	-0.0841421616	-0.0517929137	-0.0823654045	0.0737255602	-0.1228461249	-0.1142243392	0.0723474346	-0.1172963703	0.1016630933	0.0030104164	0.0110143075	-0.0164024634	0.1104003433	0.1505665287	-0.1102552908	0.0466113736	-0.1697859683	0.1513890089	0.0193563392	0.0139919381	0.0101663068	0.1587629365	0.0724901687	-0.0143083764	-0.0785302109	-0.0616077181	-0.0016117654	-0.040122261	0.0781050596	0.1233036789	0.0047547822	-0.0708923881	0.0615618226	0.2042700338	-0.0457759802	0.102809034	0.0012127367	-0.0224774741	0.0714623807	-0.2205353807	0.0485587806	-0.0249563915	0.1166667283	-0.0135272948	0.1474704824	-0.2136605128	0.0236398437	-0.0165293284	0.0108437936	0.0207068213	0.0020519063	0.1352041894	0.0559893624	-0.1200329249	0.0884438205	-0.091687566	-0.0224842777	-0.0567522009	0.0312261436	0.1552655521	-0.0047656989	-0.049271517	0.0772251946	0.0336350686	-0.1187793891	-0.0877080464	0.0232664821	-0.0018586119	0.1038995037	-0.0643456793	0.1277124111	0.0829487268	-0.0705822159	-0.037463186	0.0526833948	-0.1310064936	0.0115319037	0.0568155673	0.1645533201	0.0660694076	-0.0398277233	0.00632059	-0.0605711839	-0.0755532672	0.0787917275	-0.0084398087	-0.0288356375	0.08647808	-0.0113305958	0.1222458402	0.1661168224	-0.0545135338	0.0272745105	0.0495214686	-0.1352119221	-0.0427675189	0.0238794887	0.0765095915	-0.0320173784	-0.108916945	0.0215801345	-0.1029576455	-0.0147459694	-0.2033042515	0.0885520973	-0.2240148634	0.0047929834	-0.0014403454	-0.14706545	-0.0092495252	-0.2111321777	0.1143243934	0.0763639639	-0.148572232	-0.0572868825	-0.0007955391	-0.0511384343	0.0509612127	-0.0888661936	-0.1211199807	-0.0067565429	0.010308136939912	-0.0099778876048902	0.0001062576871719	9.955824105582147e-05	0.078643078212039	0.0661476137256471	0.0061847337506648	0.0043755068015974	-0.0717536818213346	-0.0217733485825561	0.0051485908549173	0.0004740787084975	0.0009890874379627	-0.0003099999119351	9.78293959935618e-07	9.60999453998317e-08	-0.0003562591565282	-7.579998580003154e-08	5.7456378472849826e-15	1.2692058661018452e-07	0.0004871765416422	-5.4916229400004107e-08	3.0157922515138758e-15	2.373409827264542e-07
831.6268141687895	1.2052633474654613	691603.1580445303	1.4526597367436491	1215.5226802969337	7.287439962974986	1477495.3863162417	53.10678121396487	804.6371135305851	-1.46254713991857	647440.8844708317	2.1390441364839887	904.5560086522662	761.0389637834766	1.057522	36.510147	0.0791128962708602	0.0426665557771391	-0.1673126042	0.1025402587	0.0752157602	0.0680498446	0.0896850499	0.0063972915	-0.1224533629	0.1302437796	0.1650724865	0.0192463489	-0.0121927561	-0.000810659	-0.0176419424	0.0438197925	-0.089165394	-0.0385077652	0.0615550826	-0.1367835767	-0.0724110562	-0.1250489977	-0.0005138944	0.0895732114	-0.0224757164	0.1534609043	0.0145709991	-0.0369347518	0.1545731811	0.0074106271	0.0730524844	0.0519852234	0.0379608663	0.0354004018	0.0580320635	0.0016239537	-0.1284447614	-0.0052804822	0.1024086919	0.0842219839	0.0658416748	-0.0043474407	0.0598457116	-0.0907238971	0.1820235562	0.0921548555	0.0085418993	-0.0948844002	0.0828837386	0.1289528769	0.0694774083	0.1404618495	-0.0643190637	-0.1028125255	-0.1539207922	-0.079136637	-0.0415470642	-0.1275044592	-0.0394823782	0.1040154208	-0.1452443219	0.096048281	-0.0720157784	0.032657878	0.0429309799	0.0714218058	-0.0034234916	-0.0158407671	0.0491527072	0.207159206	-0.0939987565	0.0013505156	-0.0247322362	0.0101912809	0.0291562776	-0.0655232409	-0.0536641856	-0.0965387327	0.0723516019	-0.0907339009	-0.0436850156	-0.0157540974	-0.1472572705	-0.065958654	0.1116672967	0.030626666	0.0468797253	-0.06345408	0.074273234	0.0347743389	0.1663898295	0.1296843211	-0.0149578723	-0.1035986846	-0.0961179769	0.0543184328	-0.1723036845	0.0471864121	0.0367833249	-0.0178565956	0.0603727172	-0.0864637932	-0.0950750241	-0.0077047374	-0.1690821679	0.1668340901	0.1363342873	-0.0162079984	-0.0119447827	-0.0581936895	-0.0210266979	-0.0968027467	-0.0879771338	-0.0419710891	0.0458122498	-0.2096342852	0.0160195189	-0.0808533676	0.024086884	0.0478387595	-0.0936454286	-0.1172407796	0.0067565429	0.0142314255807889	0.0039232886408769	0.0002025334740615	1.539219375963372e-05	0.0477956298927324	-0.0308474483193066	0.002284422236843	0.0009515650678122	-0.0786357765226313	-0.0068820947012967	0.0061835853493172	4.7363227477616205e-05	0.0012774752892353	0.0002883878512725	1.6319431146068132e-06	8.316755276162722e-08	0.0001043110002492	0.0004605701567774	2.1212486931395885e-07	1.0880784772988605e-08	0.0004869332575046	-2.432841375999816e-07	5.91871716077668e-14	2.371039972640411e-07
830.6394508169833	-0.9873633518061524	689961.8972535396	0.97488638848988	1217.9671817865587	2.444501489625054	1483444.0559090923	5.975587532779109	805.5933835455712	0.956270014986103	648980.6996124018	0.9144523415615216	905.2671583580352	764.7679451527891	0.983793	33.964737	0.044955662361936	0.02216810800408	-0.1654555244	0.0113743712	0.0818123122	-0.0250922332	-0.0598763538	-0.028503027	0.0549978286	0.1594261755	0.1068222139	-0.0994094042	0.0315034558	0.0896035513	-0.0230222228	-0.1138935377	-0.0806708767	0.1167686645	0.0308576873	0.0186148514	-0.1153297411	-0.0844809411	0.0176118375	0.1297013669	0.116211869	0.0774365597	0.0368471654	-0.0859293669	-0.0117042039	0.0917805148	0.0177090972	-0.0708222459	-0.0011179705	0.0848557365	0.1008784811	0.0699589241	-0.1260377099	0.2518009582	-0.0579492487	0.1304924264	-0.0031977253	-0.160160039	0.0285241767	-0.0038250736	-0.2346518522	-0.0883387231	0.1311453763	-0.0311862576	0.062321165	0.2635395607	0.0667049763	0.0697125371	0.0152947324	0.0330076869	0.0683044272	0.0027797015	0.0119446393	0.0767098911	-0.2044799615	0.0911494296	-0.1409893836	0.0832596315	0.0310017759	-0.0007234248	-0.0726959398	0.0434846408	-0.1035663943	0.0433926015	0.1014409349	0.0583105773	0.1080520533	0.1151757505	0.0157775475	-0.051709234	0.1596464993	-0.0679748234	0.1668208468	-0.0356622193	0.0480793921	-0.244930808	-0.0403313205	-0.028610616	0.0076869471	-0.1014850284	-0.0316961137	0.0274025551	0.0005660609	0.0915509879	-0.1363371833	-0.005523176	0.0479766875	0.1902804898	0.0911735998	-0.2047903997	0.0220904587	0.0487658567	-0.1850670926	-0.0601918429	0.013061103	0.0024613274	0.106659096	0.0507620019	-0.1242055187	0.1670656072	-0.0232156069	-0.0141915657	-0.0335206221	-0.0971550112	-0.0390267557	0.09784042	0.1072964561	-0.0888815932	-0.0345710284	0.0308474844	-0.0796197508	0.1004250656	-0.0570731784	0.0533925192	0.0492145345	0.0446835199	-0.098167988	-0.1126387502	0.0201956026	0.0266155063895467	0.0123840808087578	0.000708385180372	0.0001533654574778	0.040343435953801	-0.0074521939389314	0.0016275928245584	5.5535194503445904e-05	-0.0795087049991281	-0.0008729284764967	0.0063216341706383	7.620041250790162e-07	0.0013440356067524	6.656031751710008e-05	1.806431712218292e-06	4.43027586797718e-09	-0.0001922543158714	-0.0002965653161206	8.795098672571143e-08	3.696172197118004e-08	0.0003651297083873	-0.0001218035491173	1.4836104577570513e-08	1.3331970394699473e-07
828.4032779803174	-2.236172836665901	686251.9909685351	5.000468955442422	1213.8807425821635	-4.086439204395219	1473506.4572118248	16.69898537121823	802.8728437220797	-2.720539823491549	644604.8031863789	7.40133693120343	902.98750914093	758.8596789790936	1.020361	35.227211	0.038436478178637	0.0210524410951639	-0.0186786923	-0.0166149818	0.1828442346	0.0341941449	0.0335935389	0.1139898611	0.0598651301	0.1113176308	0.0088001391	-0.0731987804	0.1252950726	-0.1284001615	0.0907370405	-0.065332573	-0.038410481	0.198880664	-0.0156983124	0.0370587665	-0.0197167588	-0.1237392302	0.0274277808	-0.0779334686	0.0035823444	0.1002776303	-0.0200754894	-0.0920768123	-0.0319715821	-0.118625114	0.0177781541	-0.2315592789	0.100212486	-0.1000489447	-0.0610022034	-0.2258092881	-0.1211092401	0.0372641789	-0.0355900982	0.0086907566	0.0986518159	-0.0494812922	-0.1074145395	0.2162328067	-0.1173183056	-0.152017954	-0.0178723295	0.1315670303	-0.1496894678	-0.0447615432	0.0035041637	0.0503528772	-0.1227770602	-0.034520013	-0.003632277	-0.2218472668	-0.1040053848	-0.0987944153	0.0683347702	0.0909402143	-0.0609129367	-0.0123748842	0.0912297085	0.0520462131	0.0438122003	0.1758700102	-0.0385019376	0.111841531	-0.1669483934	-0.0366844582	0.2231001973	0.1574600456	-0.0555623318	-0.1233979234	-0.0349689995	0.053626383	-0.0128245099	0.0764898143	0.062062646	-0.018118408	0.0133567792	-0.1065799114	0.0525603678	0.0092752573	-0.0615140189	-0.1054173785	0.0984334846	-0.0676885361	-0.121000495	-0.0766164749	-0.0606677495	0.0022517687	-0.0148722184	0.1680109979	0.0805805818	0.0577193213	-0.0513418015	-0.0865043264	-0.1511761759	-0.0025422086	0.0488361975	-0.0774272722	-0.1500273331	0.0255318212	-0.0149335523	0.1027169208	0.0439311186	0.0123922151	-0.0501180495	-0.0137527591	0.0141722949	0.0682492302	-0.1545279694	-0.0749094572	-0.0499106316	-0.1563995546	0.0895557605	0.1498348163	0.0420586924	0.0414976565	-0.1024214758	-0.1073422654	0.033413395	0.0242552924615608	-0.0023602139279859	0.0005883192123958	5.57060978585863e-06	0.0380613153070896	-0.0022821206467113	0.0014486637229056	5.208074646146451e-06	-0.0589175544246884	0.0205911505744397	0.0034712782193861	0.0004239954819792	0.0014270278507813	8.29922440289e-05	2.036408486905496e-06	6.8877125689524875e-09	-0.0001331525910628	5.910172480859998e-05	3.493013875351482e-09	1.7729612506737248e-08	0.0004870956001398	0.0001219658917525	1.4875678750982546e-08	2.3726212367555194e-07
828.250947556324	-0.1523304239933622	685999.6321279486	0.0232045580739975	1211.0332650206142	-2.84747756154934	1466601.5689864892	8.108128463526976	803.0527538543051	0.1799101322254728	644893.7254729832	0.0323676556773871	901.0069554550048	742.8140692088027	1.050865	36.280323	0.1195495553069063	0.0575842675558129	0.0827876331	-0.1099706026	0.0033255116	0.0027817772	0.0213085075	-0.1924802089	0.1517171516	-0.1036525478	-0.0595440327	-0.0344759869	0.0574891866	-0.0090709216	0.0930201433	-0.0798561017	-0.1230213948	0.0872297178	-0.0182386109	0.0231493153	-0.0063140832	-0.1065251358	0.0537591881	0.0892225072	0.1917271085	-0.0202762773	-0.0286967851	0.0704085781	0.0574440673	0.0514323651	0.0246287119	-0.1125851936	-0.120786253	0.0237746322	-0.0579663399	-0.0526214845	-0.0111418631	0.0026660089	-0.1919649565	0.0475504942	0.0097557492	-0.1863342571	0.0824784852	-0.0650491531	0.0140326603	-0.0470769633	0.0845869733	-0.0621233693	0.0800869276	-0.053316969	-0.0212993669	-0.1197408877	0.0387806035	0.1250827122	0.039774991	0.025201978	0.0921944506	-0.2823905667	0.1936379593	-0.1037840114	0.0923441022	0.008378471	0.1156686729	0.0747573032	0.0452690957	0.0489230366	-0.200986665	0.0340892853	-0.0408174185	0.0345812881	0.0269945975	0.0175834643	0.0264133114	0.056648823	0.0292110339	-0.1078962016	0.105700845	-0.0698340607	-0.0208493768	0.0653084092	-0.0047999857	-0.1924381005	-0.0282761501	0.02418251	-0.0391230759	-0.0379228208	-0.0239450455	-0.0434810115	0.0583747086	-0.0449668521	0.0383523178	-0.0040688056	0.0939080019	-0.0036050126	-0.0781515654	0.020764868	-0.0227928223	-0.0633775355	-0.1715126358	0.0285414914	0.0404491662	-0.0770543636	-0.1159909409	-0.0845162014	-0.0720379018	-0.2605710318	0.019513373	0.0713818174	0.0682465822	-0.0799003624	-0.026105064	0.0419997642	-0.0545394	-0.088615144	-0.0424122004	0.149720211	-0.0760787509	0.1197735141	-0.0347055697	0.0382833527	-0.1063942335	-0.1013839798	0.0462651033	0.0163829221035314	-0.0078723703580294	0.0002684001366503	6.197421505397997e-05	0.0745002978739535	0.0364389825668639	0.0055502943833078	0.0013277994505082	-0.0358359977359654	0.023081556688723	0.0012842187337321	0.0005327582591747	0.0008250570424913	-0.00060197080829	6.807191233644908e-07	3.6236885403331593e-07	-0.0003838776621472	-0.0002507250710844	6.286306127027745e-08	1.4736205949559982e-07	0.0002966585656484	-0.0001904370344913	3.626626410587866e-08	8.800630457256607e-08
832.072982976286	3.822035419961935	692345.4489990547	14.607954751443604	1220.681698275688	9.648433255073767	1490063.8085052178	93.0922642776134	808.128725011298	5.075971156992864	653072.0361883861	25.765483186623477	905.6070235072232	750.6288664897453	1.073454	37.060207	0.2164472816431714	0.119734246577117	0.0195287867	-0.0779975645	0.0272936822	-0.0760802943	-0.1069960285	-0.135992667	-0.1744572884	-0.0781198166	-0.0745544174	-0.022587039	-0.3018081914	0.0802959791	0.0686468707	-0.0109988675	-0.1470986205	0.1362497093	-0.1284531861	0.0080843471	0.1972033118	-0.125521131	0.0054926383	-0.1156630371	-0.1477855566	0.0469568446	-0.0175584801	0.0156738422	0.1799281316	-0.0110984186	-0.0774489463	0.2048407991	0.0519505695	0.2841369626	0.085405025	0.1262306649	0.1259719879	-0.0661291757	-0.1913527156	-0.0010731742	0.1848442139	0.1278079134	0.0971780829	0.0365880301	0.0111478332	-0.0853224301	-0.0580682109	-0.0495688429	-0.0347337443	-0.0920679327	-0.0761327944	0.080716073	0.0215489658	-0.0707924772	0.1533709854	-0.0022864808	-0.0779333342	0.0648357037	-0.0901882583	-0.2080424	-0.0519933612	-0.0440147558	-0.1711447082	-0.0875312702	-0.0029057412	0.0616532216	-0.1603968931	-0.0349568524	0.0925428093	0.0175486453	0.0004832605	-0.0462221329	-0.1375474547	-0.1528036523	0.0044518612	0.0407797744	0.0565596849	0.085920256	0.0719248681	-0.0069343488	-0.0037484225	-0.0694459353	-0.0632011334	0.0832234767	0.1765071814	0.0875875938	-0.1915079521	-0.0874496147	0.0527467814	0.0935272605	-0.1034833936	-0.1991230517	0.0515827015	-0.0540156055	-0.0296672174	-0.1546579387	-0.0143026335	-0.0893822251	-0.0797087495	-0.1967607565	-0.0522775266	-0.0149290671	-0.0726669319	-0.1052118871	-0.0211026515	0.0365800021	0.007239371	0.0079763863	-0.0455468384	0.0124964114	-0.092192666	0.1213364872	0.0850344497	-0.0404573851	0.0420193638	0.099659131	-0.1465857318	-0.0737380206	0.1469386808	0.0350428114	-0.1100753719	-0.0948006283	0.0586099215	0.0102707678382358	-0.0061121542652956	0.0001054886719869	3.735842976277119e-05	0.0191381252036109	-0.0553621726703426	0.000366267836309	0.0030649701627808	0.0649926272742078	0.1008286250101732	0.0042240416000041	0.0101664116214421	0.0004419692831785	-0.0003830877593128	1.953368472733171e-07	1.4675623133530184e-07	0.000125607621332	0.0005094852834792	2.595752540818808e-07	1.57772745366831e-08	0.0004869721168036	0.0001903135511552	3.6219247753302926e-08	2.3714184254417907e-07
829.7919546626692	-2.28102831361673	688554.6880228933	5.203090167521183	1211.3636938109437	-9.318004464744265	1467401.9986832938	86.82520720499402	807.0926850501527	-1.0360399611453204	651398.6022614649	1.073378801089997	903.976707615592	759.822034182334	1.049644	36.238167	0.0653627886043674	0.0447244023307103	0.0971144065	-0.0087569534	-0.0634016034	-0.2023674407	-0.1058634863	0.1213384895	-0.1961084777	0.0876720435	-0.1056495859	0.0466697861	-0.2141926506	-0.2422371217	0.0242510481	0.1488661694	0.111139643	0.0375198925	-0.0480888031	-0.0440035323	-0.0184955148	0.1452619621	-0.0515620226	0.0466441406	-0.0511655282	-0.0695658944	-0.054567356	0.1496380463	0.1507913347	-0.1718675211	-0.1659103274	0.0224589294	-0.2662538384	-0.0353504329	0.0204038887	0.0170489528	0.2593716772	0.020076825	0.0728258095	-0.0423376825	-0.0297955887	-0.0360858982	-0.0504055727	-0.0579260746	-0.0031968666	0.1560921154	0.0746609073	0.0130306583	-0.080716476	-0.091952379	-0.0830118791	0.0024573523	-0.0578416976	-0.0232602018	-0.0640478759	-0.1981041305	-0.1055371389	0.0651260207	-0.0445482571	-0.1101031704	-0.0765487076	-0.1440704911	-0.1059838152	-0.118558351	0.1447846304	0.217624866	0.1120322354	-0.1565262929	-0.1697998578	-0.0891045401	-0.1241888123	-0.1420934072	-0.0218635238	0.1306078171	0.0347554315	0.0632277387	0.1223975868	-0.0786907148	-0.164369933	0.0700143857	-0.015629272	0.1018738236	0.0111516142	0.0713583462	-0.2269573335	0.0018655159	0.0495999552	-0.2249237673	-0.0554142443	0.0487153184	0.0155545401	0.1732179803	-0.1146887047	0.0033474397	0.0155423091	-0.1618822117	0.1118502262	0.0545771994	-0.0516434813	-0.1232982241	-0.1447647535	-0.1549308729	0.0776355859	0.0799959391	0.03053828	-0.038931233	0.0081546999	0.1851428035	0.1665402087	-0.0255385768	-0.0043707333	-0.0603734703	-0.0348048096	-0.0666211571	-0.0616541147	-0.0706554386	-0.0370691424	-0.1696939644	0.0726830174	0.0317782535	-0.1134548014	-0.0876327994	0.0703125971	0.0213803808196928	0.011109612981457	0.000457120683995	0.0001234235005977	0.0190616709833051	-7.645422030580148e-05	0.0003633473006757	5.8452478025680285e-09	0.0534539377829332	-0.0115386894912746	0.0028573234645016	0.000133141355176	-0.0004100304256218	-0.0008519997088002	1.6812494993559448e-07	7.259035037957958e-07	0.0001249001629983	-7.074583337000049e-07	5.004972939215876e-13	1.5600050717001912e-08	0.0004870255878962	5.347109260000951e-08	2.8591577438387917e-15	2.371939232656393e-07
829.6060724836842	-0.1858821789850253	688246.2355018039	0.034552184464221	1212.0524137109742	0.6887199000304918	1469071.0535825985	0.4743351006980106	804.096561675376	-2.99612337477663	646571.2804981618	8.976755276882903	902.38609137232	748.3688725383685	1.000727	34.549339	0.0483081074597612	0.0300515739535798	0.0576719974	-0.034081413	-0.1321535774	-0.1237210986	-0.0292661216	-0.0305647273	-0.1284608033	-0.0333445504	-0.1297411277	0.0083606931	-0.0997298012	-0.0354057168	-0.094969077	0.1293884323	-0.0330271541	0.0728124983	-0.0160249493	0.0181445695	-0.0457377252	-0.001169164	-0.0602861359	0.081083581	0.0086561986	-0.1078033827	-0.042241912	0.2148883114	0.0034977978	-0.088854093	0.0318226049	0.0950570398	-0.0264094209	-0.0214028196	0.0250970042	-0.0494673254	0.0982274778	-0.0024037696	-0.0744650846	0.017590837	0.0194634623	0.097213224	0.0361664374	-0.2405857151	-0.0522614432	0.0703539778	0.0784717079	0.0155667269	-0.1695760149	0.0533291852	0.0486473795	-0.089695339	0.0605303213	-0.1180286617	0.2077753193	0.0840743341	0.0339461496	-0.1511150672	0.0246718038	-0.1190329659	0.0183352871	-0.0512877957	-0.0151543376	0.0020707569	0.0638132818	-0.0376280618	-0.0532060928	0.0212405447	-0.1583235863	0.0139207032	-0.1321672932	-0.0944145224	-0.060110392	0.0674855156	0.138887241	-0.0060131807	0.1966066269	-0.0402108463	0.0798167094	-0.0472861423	-0.0439058919	-0.0097082045	-0.1343733717	0.079740396	0.178887059	0.1090965104	0.1380493981	0.0562080576	0.0183747247	-0.0680629342	-0.0069106652	0.027657289	-0.0540177881	0.037924904	0.1616532906	-0.1373677639	0.0364223611	0.0990204391	0.0052030589	-0.1298843927	-0.0273474311	-0.0654675931	0.0382878542	0.1483011877	-0.0645761874	-0.1690562464	-0.1535411804	0.0902426181	-0.0145940996	-0.0096510093	0.0402930637	0.0003445493	0.0016971163	-0.0236525566	0.1446098703	-0.0811441764	-0.1000046969	-0.0081362575	-0.0706759104	0.0284919163	-0.1165232592	-0.0799246852	0.0812449131	0.0203446946089371	-0.0010356862107557	0.0004139065987309	1.0726459271495044e-06	0.0190690729940854	7.4020107803003665e-06	0.0003636295448537	5.478976359168284e-11	0.0300357080994544	-0.0234182296834787	0.0009021437610356	0.0005484134815081	-0.0001190030742055	0.0002910273514163	1.4161731670359742e-08	8.469691927238658e-08	1.0966739071971432e-05	-0.0001139334239263	1.2980825087576498e-08	1.2026936587270479e-10	0.0005590006036485	7.197501575230002e-05	5.180402892543836e-09	3.124816748793874e-07
830.7334435365673	1.1273710528830634	690118.054210123	1.270965490878667	1209.9533468260802	-2.0990668848940004	1463987.101495633	4.406081787258603	803.997217787073	-0.0993438883029966	646411.5262093542	0.0098692081431582	902.7164368898397	754.210124663163	0.958573	33.094013	0.0449901198961098	0.0240965277088695	0.0883129854	0.014854489	-0.1387658181	-0.1496491424	-0.0468810908	0.0165093597	-0.0875882917	-0.0443935818	-0.0640422418	0.0091030265	-0.0935220008	-0.0989172758	-0.0483353591	0.0492365169	0.0468533327	-0.0571313429	0.0697713575	0.0031349506	-0.1902966946	0.0798535138	-0.242322674	0.0702952903	0.145017194	-0.0597626541	0.0449454132	0.0233213432	-0.0876997316	-0.0648759545	0.1901874997	0.0740805336	0.0028771369	0.1261471541	0.0070896643	0.0026593047	-0.1263098386	-0.0405539682	-0.0421082888	0.0248721769	0.0915750473	0.0973325581	0.0459727944	0.0114017681	-0.0408313643	0.006298695	-0.0201648382	-0.0893641173	0.0983563285	0.0506993114	-0.0807925247	-0.10338418	-0.0882920824	-0.1073067123	-0.2323531436	-0.0535410863	0.0006541123	0.2939789152	0.0311173696	-0.1186008661	0.0210375147	-0.0460160889	-0.0207085839	-0.0195851457	0.1179737898	-0.0543556998	0.1019226541	-0.0424849278	-0.0673493033	-0.0141570682	-0.0686535953	-0.1059114461	-0.0112829699	-0.207481054	0.1005356946	0.0110163897	-0.0122533983	0.0085545413	-0.0014663834	-0.1310162238	-0.1073645924	-0.0574976995	0.0280657543	-0.1400021035	-0.0710251377	-0.0388422074	-0.1103853593	0.1482440205	0.0069970542	0.087358458	0.0705896042	0.0498845231	-0.0781184504	0.072647712	0.0409601711	-0.1285361533	0.0726621099	0.1429031136	-0.0589836822	-0.0729587812	-0.053147369	-0.0406909927	0.1421928316	0.0895435172	-0.0217933867	-0.123220618	-0.0519746923	0.0438915989	0.0146240475	0.062493075	-0.0048785196	-0.0325647054	0.0660444207	0.0064402929	-0.0743035594	0.0235371302	-0.0462917504	-0.1189097509	-0.0749637471	0.0251860523	-0.1192723348	-0.0717238087	0.0912870929	0.0199842908131273	-0.0003604037958097	0.0003993718793036	1.298908960341111e-07	0.002726712656738	-0.0163423603373474	7.434961912415202e-06	0.0002670727413957	0.0169491231663982	-0.0130865849330562	0.0002872727761097	0.00017125870521	-0.0001790445566767	-6.004148247119999e-05	3.205695327555603e-08	3.604979617339415e-09	0.000182956415196	0.000171989676124	2.9580448693248244e-08	3.3473049861371134e-08	0.0004870163456458	-7.198425800270002e-05	5.1817334001992834e-09	2.3718492092618938e-07
830.1886633195024	-0.5447802170648401	689213.2167042221	0.2967854849052143	1215.491831098284	5.538484272203732	1477420.391466659	30.6748080334481	804.6311095217441	0.6338917346710105	647431.222410193	0.4018187312842227	902.4265886509962	746.6170540141856	1.014064	35.009792	0.0465324560934248	0.0275685363699039	-0.0737329636	0.0180846206	-0.1725692966	-0.0702626468	0.0464192615	0.0136747505	-0.0723633968	0.01614553	-0.0876130168	-0.0135739267	-0.1082224167	0.0274154641	-0.2300379462	0.0951161583	-0.0084821678	-0.0616266684	8.2982e-05	0.1131822648	-0.0828827046	-0.1198146787	-0.0352058451	-0.0019762644	0.0447374848	0.0407542161	0.0923767461	-0.0530546514	0.0275243525	0.0832676981	0.0842541896	-0.0911183738	0.0414257315	0.0907493816	-0.1737303382	0.0374075139	0.1270872974	-0.0129167897	-0.0078744604	0.1313207684	-0.0433500596	0.058617906	-0.1255589255	-0.0903111907	0.1047499255	-0.0097926985	-0.049496972	0.003708345	0.02909093	0.0534783612	-0.1048714275	0.0475975946	-0.1444147752	0.0373110175	0.1891904217	-0.0307374871	-0.015813814	0.0932731951	0.0361846839	-0.1156725815	-0.0769915971	0.0009851374	-0.0360996789	0.1223288268	0.0061002446	-0.141696594	0.0057625762	0.0198930062	-0.048089813	-0.072526999	-0.0709421928	-0.087208588	-0.0364714242	-0.0300523484	-0.0445872595	-0.0986257805	-0.0330685573	-0.1169377525	-0.0347184094	-0.059848723	0.0690783976	0.0267535632	-0.0807468545	-0.0044002445	0.0488430281	-0.04051918	-0.0559616031	-0.0555512918	-0.1628624411	0.1106495661	0.1197108299	0.0089753751	0.0343495449	0.0612311529	-0.0898036293	-0.1358929391	-0.0927348721	0.1157840883	0.0303516456	-0.0720941737	-0.0475952059	-0.0036659363	0.1010463793	0.0040294521	-0.0878763587	-0.0353144875	-0.0505274518	0.0828025531	-0.0650423002	-0.0821650899	-0.0341872667	-0.0022860245	0.0727929073	-0.019454712	-0.0720901872	0.0543413563	-0.0022234306	-0.0935992819	-0.0460015395	0.0218629269	-0.1216944932	-0.063080731	0.1003291122	0.0311147925899177	0.0111305017767904	0.0009681303179135	0.0001238880698031	0.0282461112164327	0.0255193985596947	0.000797842798851	0.0006512397028485	0.0172809350764779	0.0003318119100797	0.0002986307171174	1.1009914367073921e-07	-0.0001700226865706	9.021870106099998e-06	2.890771394868448e-08	8.139414021134077e-11	0.0001249691429225	-5.798727227349998e-05	3.3625237457210204e-09	1.5617286682784238e-08	0.0003630106110882	-0.0001240057345576	1.5377422203169956e-08	1.3177670376262837e-07
828.2868081720953	-1.9018551474071048	686059.0365919175	3.6170530017189	1213.5860655361548	-1.9057655621290903	1472791.1384635242	3.6319423777972086	802.8750587625707	-1.7560507591733767	644608.3599830014	3.0837142687933925	900.811579401192	751.0108124040689	1.034885	35.728649	0.0520365419058228	0.025065362797301	-0.1300454497	-0.1102371547	-0.0135778608	-0.0955402306	0.0155490119	0.0233461275	-0.0827434555	0.0527880307	-0.01461033	-0.1758062999	-0.0918135444	0.0198930392	-0.0825869775	0.0863523093	-0.0294923246	-0.1303119684	0.2002191977	-0.0513934122	-0.0107695446	-0.0428888698	0.0370420441	-0.1214307347	0.0173545895	-0.0367054385	0.2630792822	0.0433714772	-0.048591209	-0.2132676504	0.0727075391	-0.1462386697	0.0483123461	0.0743806251	-0.0607998383	0.1394666839	0.0586716835	0.0957827645	0.0929832129	0.0823333629	-0.0259774487	0.035660884	0.0536268158	-0.0355244782	0.0150172611	-0.0027391349	-0.0175845221	0.1395091213	-0.0367702069	-0.0808337968	-0.1565413948	-0.1584347472	0.1643855688	0.1681931406	-0.1017749074	0.0400950963	0.0346235575	0.08350848	-0.0302314633	-0.1219981166	-0.2047147891	0.0643782586	0.0461501063	0.0865530589	0.0031255134	-0.0676868907	0.0575373804	0.0827951302	0.0131457706	-0.0777199377	-0.121027342	-0.1171544371	-0.0437300792	-0.0321802463	0.0682437065	0.1112860731	0.1333483221	0.1208831412	-0.0907404931	0.0514055618	0.1954455533	0.0442945734	0.0382932851	-0.2345244349	-0.172799956	-0.1385447768	0.0200581297	-0.155100446	-0.0182447727	-0.070741889	-0.017331216	-0.0621272358	-0.0145663964	-0.0339504984	-0.1010588269	-0.1434556504	-0.0832006852	-0.0711227377	0.0053097404	-0.0734788974	-0.0020187121	-0.0610950993	-0.0574645023	0.0400776026	-0.0040443415	0.0312481275	-0.098792142	0.1575400555	-0.0018650829	0.0658295427	-0.1405630653	-0.020591333	0.2150153786	-0.1993213995	-0.0600836523	0.177923893	-0.0710668996	0.0124727803	-0.1500392568	0.0185248178	-0.1237830955	-0.0540487397	0.1082719048	0.0267105471635034	-0.0044042454264143	0.0007134533297737	1.9397377776091287e-05	0.0346163979013312	0.0063702866848984	0.0011982950036632	4.05805524477951e-05	0.0327897759010298	0.0155088408245518	0.0010751694036397	0.0002405241437212	1.8997687718939083e-05	0.0001890203742895	3.6091213866632886e-10	3.5728701896557444e-08	0.0001250003495101	3.120658760000011e-08	9.738511096364805e-16	1.5625087377647162e-08	3.699881256617681e-05	-0.000326011798522	1.0628369277556427e-07	1.3689121313070826e-09
829.3861947417397	1.0993865696443663	687881.460028183	1.2086508295144072	1212.7112823142145	-0.8747832219403335	1470668.6542521864	0.7652456853883108	804.8554693181464	1.9804105555757587	647792.3264913338	3.922025968635885	903.0647469984171	748.0136251020738	1.028813	35.518986	0.0782020997783243	0.0391482843714172	0.0179100879	-0.1444764081	-0.0027730347	-0.0514098408	-0.0222644172	-0.0427538212	0.0490624655	-0.0520338419	-0.0131939815	-0.1198281245	0.0092090465	-0.1134403725	0.1257911342	-0.0522084695	-0.0884076296	0.057858104	-0.0777354164	0.008694329	-0.0050566016	0.020984312	-0.0023305381	-0.0379364752	0.0443575016	0.0239636189	0.0623132631	0.0885863985	-0.0658490018	-0.0420583308	0.0987781074	0.0773322869	0.0304200304	-0.2191044749	0.0521224905	-0.1017230262	-0.1078274173	-0.0329361563	0.0439123577	0.090091816	0.1056876263	0.2461744259	0.0057662047	0.069307583	0.1787768973	0.0080360327	-0.0544763546	0.0679309774	0.1083311672	0.0299093412	-0.0832049042	0.0812626963	0.0915663035	0.0146778848	-0.0063075077	0.1046095048	-0.0799191955	-0.0624821081	0.0185433788	-0.093520874	-4.59256e-05	0.0271115613	0.1336369869	0.0335900659	0.1007617116	0.1422327059	-0.1075417468	0.0635827445	-0.023571352	-0.0126669274	-0.0797944618	0.009613661	0.0535304908	0.0028363117	-0.0280772545	0.0701657025	-0.1857068391	0.1195456264	0.0012242086	-0.0764136549	-0.0907435516	-0.0085931618	-0.012677695	0.1187198655	0.0065969339	-0.1101986249	0.0794900294	0.0828406793	-0.0734767853	-0.0105340123	-0.0598467483	-0.0913925128	-0.0124755016	0.1151245919	0.0756768861	-0.0990266984	0.010967594	-0.054533232	-0.1395956013	-0.0108775266	0.0265435964	0.0094122185	0.0314101595	-0.0197299232	-0.1019326348	-0.0967301415	-0.0043515145	0.0484704019	-0.0498061722	-0.0019039707	-0.1255026432	0.1646800861	0.1617638446	-0.0475989061	-0.1305076815	-0.0680367997	0.086073486	-0.0758714058	0.0183202902	0.0151740128	-0.1255324169	-0.0446835199	0.1150284477	0.0245328005893554	-0.0021777465741479	0.000601858304757	4.7425801412133405e-06	0.0475771070408939	0.0129607091395627	0.0022635811143806	0.0001679799814003	0.01062353568512	-0.0221662402159098	0.000112859510453	0.0004913422053094	0.0002480034151396	0.0002290057274206	6.150569392090477e-08	5.244362319146605e-08	-1.3939612302893424e-05	-0.0001389399618129	1.9304312988596077e-08	1.943127911549777e-10	0.0004870012003066	0.0004500023877404	2.0250214897208225e-07	2.371701691000692e-07
831.0440783713954	1.6578836296556574	690634.2601961619	2.748578129480217	1211.3550848136272	-1.3561975005873137	1467381.14150383	1.8392716605992767	806.8544990052568	1.999029687110351	651014.1825650239	3.996119689948508	905.3698388375442	753.0371084233678	1.007431	34.7808	0.0631805065838556	0.0470435568317598	0.0507092915	-0.0169219069	-0.0799844452	-0.0098948936	-0.0220012494	-0.0242847814	0.0185478502	-0.0924543732	-0.010175994	0.0271245303	-0.0166815371	-0.0709275492	0.0803226442	0.0199801936	-0.0741392341	-0.0803476235	0.0273323698	0.0422578729	-0.0738589038	0.0312944861	-0.0911476123	0.0077413816	0.0656204301	-0.0041966042	-0.0297205783	0.0235975009	0.2205324862	0.0691186872	0.049616325	0.0036681273	-0.1399991523	0.0621308908	0.0090816967	0.01498361	-0.0762374682	0.092621678	0.143064019	0.0412160257	-0.1869004993	-0.0581928929	-0.1264308851	0.061098831	-0.0829479768	0.0422179793	-0.1852936377	0.0224649701	0.1405078833	0.0398428172	0.0865965665	0.1214845711	0.0024771062	0.0253178336	0.0967908028	0.1140414431	0.1968148732	0.0980233883	-0.0512641488	-0.026159269	0.076518992	0.0652589494	0.0189150728	0.1303828353	0.1614598147	0.0352658348	0.0890721859	-0.1259504337	0.0749119807	-0.0022988326	-0.1663512741	0.1053951155	0.0056394538	0.0940913735	0.0221059577	0.0160463123	0.0214784213	0.0448497078	0.0503335134	-0.0848559335	-0.0393181586	0.0731763754	-0.0225795966	0.186575115	-0.0370931208	0.0036995204	-0.0495258967	-0.0568234148	0.010838981	-0.0501831545	0.0679458153	-0.1649508501	0.0705487402	-0.0252670981	-0.119753845	-0.0126819901	0.0331406108	0.1128698086	-0.0712123528	0.0582717924	0.0439745543	-0.0219340271	0.0711949896	0.0628829623	-0.0515346926	-0.0597790489	-0.0188513035	-0.1044137802	0.028331197	0.1801927054	-0.0567180055	-0.065208672	0.1348793536	0.0291678297	0.0525174484	-0.2887762769	0.0926462699	-0.0040916835	0.0240866219	0.0118128082	-0.1269376627	-0.0350428114	0.1205247148	0.0308564611679287	0.0063236605785732	0.0009521211958078	3.998868311300199e-05	0.0492139719824535	0.0016368649415596	0.0024220150382897	2.6793268369069223e-06	-0.0357946819469674	-0.0464182176320874	0.0012812592556845	0.0021546509281398	0.0003030328595359	5.502944439629998e-05	9.182891395850449e-08	3.0282397505654716e-09	-0.000134926220807	-0.0001209866085041	1.4637759437325952e-08	1.8205085061259322e-08	0.0004870204160389	1.9215732299999233e-08	3.6924436782523366e-16	2.371888856387033e-07
832.4315667252321	1.3874883538367158	692942.3132806245	1.9251239320325195	1217.3878308059575	6.03274599233032	1482033.130594435	36.39402420797753	807.001387738167	0.1468887329101562	651251.2398113273	0.0215762998559512	904.7947438529484	756.91717404727	0.984616	33.993126	0.0225933297347701	0.0160267682766489	-0.0147251881	0.0718085671	-0.1491326632	-0.0322426761	0.0432729214	-0.0905998893	0.0392014182	-0.0445249921	0.0468539518	0.0113139976	-0.019579479	0.0394190998	-0.1286183398	0.0001691665	-0.0304565671	-0.0878389083	-0.0784154448	0.031224336	-0.0365773036	-0.0017243396	-0.0662513079	-0.1415517242	0.0119028302	-0.09928796	-0.0404002786	0.040402264	0.0477066376	-0.0541929277	0.0946291195	0.0288533609	0.0546078207	-0.022146292	0.1132462959	-0.08788706	0.0541133466	0.0145315002	-0.1706594204	0.0453003355	0.0376974388	0.0626242627	-0.1139618451	-0.0149314267	0.0109849578	0.1536710948	-0.1345256942	0.113697088	-0.0657223958	-0.1073362981	0.3101228103	0.0725582611	0.1653287534	-0.0193045228	-0.1272810036	0.0343604767	-0.0835708525	-0.0412479501	-0.2138719864	-0.0530567303	0.0245305565	0.0739076943	-0.059245103	0.1402153704	0.0529988154	-0.0018968343	-0.0036101415	-0.0200396422	-0.0736651664	0.1180527458	-0.1410381113	0.0516735494	0.0132001801	-0.0628231144	-0.0373419887	-0.021146027	0.0080854285	0.2677283551	0.0833333254	0.0678443684	-0.0705249711	-0.0010800175	-0.0060551312	0.1451143	0.0711208583	-0.1691806913	0.0705214492	0.1867420928	-0.0670900714	-0.1137556055	-0.0836708422	-0.0419799569	-0.0637495703	-0.0934662972	0.0535451513	-0.0172546267	-0.054717094	0.1698770563	-0.0691228011	0.0462097434	0.0716148569	0.0605056563	0.1218681579	0.0327077078	0.0524269034	-0.06184604	0.0261532884	-0.1751673011	-0.0005022823	-0.0476870341	-0.0009770456	0.0942464816	0.0966412557	-0.055791087	-0.0120498766	-0.0093031895	-0.0241578973	0.0513978309	0.0480108462	0.0084435077	-0.1279949812	-0.0251860523	0.124700488	0.032457254834739	0.0016007936668102	0.0010534733914071	2.562540363699958e-06	0.0492471170033184	3.31450208648984e-05	0.0024252785331385	1.0985924081345504e-09	-0.0521538352243524	-0.0163591532773849	0.0027200225286089	0.0002676218959529	0.0002480418772262	-5.499098230969999e-05	6.152477285789728e-08	3.024008135385737e-09	-0.0001719396104278	-3.70133896208e-05	1.3699910112211451e-09	2.9563229634063627e-08	0.0004870207995026	3.83463699975186e-10	1.4704440919865946e-19	2.371892591481517e-07
833.4706685497229	1.0391018244907857	694673.355332722	1.0797326016600792	1215.944480322357	-1.4433504836003976	1478520.9792264071	2.083260618509502	805.9591191880246	-1.042268550142353	649570.1018023364	1.0863237306158426	906.5366685401144	763.0802484794143	1.007604	34.786789	0.0393374582195115	0.0184855912913028	-0.1138531674	0.0526974446	-0.0604488492	-0.0191379893	-0.003528251	0.0526457804	-0.0150435273	0.0825967478	0.0665076802	-0.0399536571	-0.0328109113	-0.0029594693	-0.1035136848	-0.0341429629	0.0731944142	-0.1881118158	0.0112264493	-0.0052419653	-0.0417417222	-0.0133807124	-0.1515730584	-0.1027984308	-0.0127983054	-0.0059542201	-0.0857209914	-0.1145204851	0.1477705064	0.1431447018	-0.0172043039	-0.0633144196	-0.1348040297	-0.0225294822	-0.1279603123	-0.0572156675	-0.0477250538	-0.0438311877	-0.0008112642	-0.0444042603	0.0731526228	-0.0236670379	0.0761139961	0.0113509019	-0.0547675449	-0.0882824047	0.0068349276	-0.0917038003	-0.2771349973	0.0762725872	-0.0206929513	-0.1563413734	-0.0700866193	-0.1721226901	-0.0782544316	0.1585325481	0.0450490202	-0.0857981538	0.1695962286	0.0465756179	-0.090598182	0.0254594375	-0.0377608423	0.0802029458	0.1049219646	-0.0711612775	0.1052885201	-0.0808796564	0.0403668485	0.0983724466	0.0098057739	0.0688296824	-0.0986829506	0.1932380471	-0.0143832875	-0.0826487413	0.0109209632	-0.0248513262	0.0475646104	0.0023590461	-0.0903070596	-0.2205338019	0.0806112099	-0.0835280791	0.0591508791	-0.0104745801	-0.0514356157	0.1380776514	-0.0103322461	0.0324189237	0.1655791948	-0.0010269091	0.1020665299	0.1422334213	0.0249353015	-0.0158867071	-0.107305204	0.0482258096	0.0325705362	0.1367351763	-0.009336579	-0.0163769873	0.1092491125	0.0860653496	-0.012660396	0.0608255574	-0.0850459498	-0.1084874713	0.0113685789	-0.154296436	-0.0582457986	0.0273854356	-0.0267647367	-0.0285108346	0.0245087823	-0.0480599177	-0.0526122597	-0.2224617615	0.0896992699	0.0050684204	-0.1287014744	-0.0151740128	0.1275100165	0.0382989025869733	0.0058416477522343	0.0014668059393664	3.412484846118406e-05	0.0413287559793218	-0.0079183610239966	0.0017080660707983	6.270044130634851e-05	-0.048029126837811	0.0041247083865414	0.0023067970248025	1.7013219274004967e-05	0.0002479911310755	-5.0746150700011015e-08	6.149960109210583e-08	2.5751718108682287e-15	6.103608276708528e-05	0.0002329756931948	5.4277673619637314e-08	3.725403399550484e-09	0.0002909924177134	-0.0001960283817891	3.8427126466892354e-08	8.467658716668987e-08
831.2500956199013	-2.2205729298215147	690976.7214680951	4.930944136656105	1215.0725468226842	-0.8719334996728776	1476401.2940421642	0.760268027851792	805.666673782024	-0.2924454060006383	649098.7892429902	0.0855243154908781	905.6291119909328	758.178724313446	1.075419	37.128036	0.0759929264202462	0.0419473560033926	-0.0009574763	-0.0591423484	0.1733515651	0.0389392944	0.1310543746	-0.002647771	0.0097786114	0.0605445417	-0.0147865173	-0.0902966625	0.1138263444	-0.0921307024	0.0543083656	-0.1014290525	-0.076158188	-0.1088562375	-0.0156467164	0.0514788503	-0.0141573735	0.0554659048	-0.0357280301	-0.093239027	-0.1063260851	-0.10652865	0.0636355745	0.115588006	-0.0179626955	-0.0180845502	-0.1053505122	-0.0857883463	-0.0619821551	0.0708730342	0.0645946078	-0.0128042535	-0.1019252082	-0.1158896747	0.1308667829	0.0040108998	-0.0333648306	0.0590422253	-0.1504374514	0.0789572067	0.0145414986	-0.0636434205	0.0023104356	0.0212773741	-0.150042429	0.0779061253	-0.0309180096	0.1122494634	0.1556082844	0.170746674	0.0176540249	-0.0262545954	-0.0363691696	-0.01201029	0.0128724621	0.0409903371	-0.021106371	-0.0234812837	0.1302567203	0.0704725327	0.0714949688	0.0718000897	0.0650484283	0.0958417421	0.0535796262	0.0312928515	0.0322772047	0.0333012236	-0.0075825472	-0.0328279944	0.0317164942	0.0397056627	-0.1024273079	0.0639696757	0.0904641296	0.1177197206	-0.073112745	0.0605510298	0.0087267101	0.0562890376	-0.1782460207	0.2155689455	-0.0270847201	-0.090315152	0.0846647647	-0.0393516742	0.0124379577	0.0281653954	0.0771784633	-0.0114917994	-0.1251452989	0.0307018088	0.0218586495	-0.0557023077	-0.0899840318	0.1259830708	0.0870212397	-0.0679275267	-0.1069804578	0.0879385524	-0.0195947764	0.1014410302	-0.0425739569	0.0432245781	0.0034736504	-0.0974146168	-0.1896485011	-0.0281646925	0.0547153161	0.001748141	0.1877391033	0.1229296371	0.1363231244	0.0184309034	0.0040438668	0.0016898595	-0.1290552057	-0.0050684204	0.1289225186	0.0361261790778826	-0.0021727235090907	0.0013051008147672	4.720727446955412e-06	0.0571102748782834	0.0157815188989616	0.003261583496673	0.0002490563387582	-0.0479865409226363	4.258591517469768e-05	0.0023027081097198	1.8135601712665455e-09	0.0003329599074434	8.496877636790003e-05	1.108622999647175e-07	7.219692957458206e-09	-0.0005860222287259	-0.0006470583114929	4.186844584721532e-07	3.434220525608711e-07	-0.0001369024563661	-0.0004278948740795	1.830940232635112e-07	1.874228255907191e-08
833.475415041932	2.22531942203068	694681.2674793209	4.952046530066958	1214.0634248202905	-1.009122002393724	1473949.999486373	1.018327215715119	806.8285023303742	1.161828548350286	650972.2321726747	1.3498455757617327	903.6870938243884	764.660015878126	1.072328	37.02132	0.0900148273239903	0.0418946834801822	0.1167552934	0.0672078482	-0.0854147166	-0.0028258679	0.0594150359	-0.0658250216	-0.0076914386	-0.1023305863	0.0131956317	0.077914596	0.021790407	-0.0438788683	-0.0220461561	0.0583488374	-0.0182011819	0.0409565833	-0.0743357392	0.0415934448	-0.0714408839	0.0143572989	0.0741652255	0.1949424254	0.1227176083	0.0158944477	0.0598693094	0.0641449427	0.0259430325	-0.0376060903	0.0571786123	0.000460578	-0.0902448675	-0.0746692818	-0.0391598292	-0.157799906	-0.0022236842	0.02043324	0.0861639883	-0.064561214	-0.0139981182	0.1230412033	-0.0704599486	-0.0048006989	0.1079772238	0.1044618887	0.0749365276	0.1282625631	0.1068679412	-0.0353292928	-0.0376570336	-0.0150548917	0.0082098318	-0.0755563376	0.1578039149	-0.0179914842	0.049018751	-0.0977052252	0.0013643951	-0.0450950758	0.1137657781	0.0212353429	-0.0177445524	0.0669736897	0.0284773353	0.0816327828	0.0378646714	-0.0866292099	-0.0729748302	-0.0068139649	0.1018175181	-0.0525063642	0.0670878121	-0.0417703603	-0.0542862497	-0.0059614121	-0.0638886491	-0.0952845219	0.0101450238	-0.0028078974	-0.0284299773	0.0983129057	-0.1136801524	0.0101724157	-0.0809186282	-0.078821376	-0.0230863579	0.0099763732	-0.0430510969	-0.115836818	-0.1285086327	0.0661030429	0.0648925385	0.1239971554	-0.0305670079	0.005669494	0.0555692743	0.1109858514	-0.1629182492	0.0727295846	0.0191916946	-0.0007444875	0.1278729796	-0.0173920555	-0.0517146572	-0.0117768752	0.1078990289	-0.1192692858	0.026501494	0.0511788984	0.1100226865	-0.074327988	0.0801390441	-0.014444839	0.0814581739	0.1982861803	0.0439526876	0.0654782308	-0.1036897279	-0.0016898595	-0.1290552057	0.0050684204	0.1289225186	0.0259654889960785	-0.010160690081804	0.0006742066188054	0.0001032396229384	0.0493340626586444	-0.0077762122196389	0.002433849738407	6.046947648486289e-05	-0.0581823956545335	-0.0101958547318972	0.0033851911641006	0.0001039554537139	0.0005530263988019	0.0002200664913585	3.0583819777179817e-07	4.8429260618840756e-08	-0.0001258840939846	0.0004601381347413	2.1172710304320281e-07	1.5846805118323608e-08	0.0004205343233471	0.0005574367797132	3.107357633770226e-07	1.7684911711300325e-07
834.4236375266614	0.9482224847293992	696262.8068632253	0.8991258805463956	1216.903095044588	2.839670224297606	1480853.1427290975	8.063726982762416	808.0672125309071	1.2387102005328643	652972.6199674702	1.534402960904169	907.2771792911268	762.5783974404509	1.06413	36.738304	0.1506901258165414	0.0829407588981926	-0.0386837653	0.1027129244	-0.0603687451	-0.0202245098	-0.0080603729	-0.0162186996	0.0683715895	-0.0039103317	0.0175263274	0.0646899204	0.0363638062	0.0349719419	-0.107519246	-0.0651621345	-0.0814106793	-0.0585535347	0.1221592423	0.0913146039	-0.0006263182	-0.1676191059	0.0536008974	-0.1121222101	-0.0024944001	-0.0010369246	-0.079014616	-0.0551308176	-0.0940931925	0.0896108242	-0.0177968497	-0.0035426701	0.1762822253	-0.0759606825	-0.2714984166	0.1336098217	-0.0778168628	0.0208651825	0.076405705	-0.0547437115	0.1046000772	-0.0884174485	0.1520410485	-0.0152527724	-0.134542117	0.0476077566	-0.143540236	0.0131578672	-0.0785003809	-0.1047451835	0.1219490055	0.072148062	-0.0361724592	0.012146316	-0.0133399443	-0.1214326473	-0.0060739213	0.0097349929	-0.2226426316	0.0764913084	0.0190173509	-0.0056757913	-0.0896715535	0.1131941967	-0.0374237487	-0.0843642898	0.0583683687	0.0857021993	0.1711037216	-0.0039117085	-0.0696219715	0.0470853975	-0.0161873052	0.0270147232	-0.1891115172	0.0786286459	0.1420695147	-0.1126533705	0.0524649048	0.1305892481	-0.0043144846	0.2054096187	0.0588007689	-0.0437018712	0.1874492335	-0.1613834012	0.0357923576	0.1392843557	-0.0561756899	-0.0411418951	-0.0938500415	0.1088013295	-0.081794843	0.0131557429	-0.0176488576	0.0576924858	-0.0345515297	0.1537199744	0.0973125621	0.0045176515	0.1344361124	0.1310464007	-0.0096497064	-0.0452173556	0.2374660596	-0.1725085056	0.1777435854	0.0310060738	-0.1288510535	0.1058856318	0.0097129344	-0.1403991801	0.124215354	0.172605095	-0.0205088756	-0.0659348501	-0.0415953947	0.2859111647	0.0363314689	-0.0050684204	-0.1287014744	0.0151740128	0.1275100165	0.0194706279217768	-0.0064948610743016	0.0003791053516682	4.2183220374479406e-05	0.1269051235687328	0.0775710609100883	0.0161049103879953	0.0060172694907166	-0.083253057868589	-0.0250706622140554	0.0069310716444706	0.0006285381038512	0.0004949958779553	-5.8030520846600047e-05	2.450209191927382e-07	3.367541349727682e-09	-0.0004610041781127	-0.000335120084128	1.1230547078602481e-07	2.12524852237366e-07	-1.7385904040117584e-05	-0.0004379202273872	1.9177412555487237e-07	3.0226965929217697e-10
835.2703384282052	0.846700901543727	697676.5382579684	0.7169024166749601	1213.2530757359095	-3.6500193086785657	1471983.0257826447	13.322640953726356	808.4433537746997	0.376141243792631	653580.6562624844	0.1414822352818674	905.1130223218736	762.8759579301136	1.067486	36.854164	0.2927496850811268	0.1994570127002836	0.0223044967	0.1440237829	-0.1178207722	0.0333710434	0.0388654547	-0.0347825332	0.076899494	-0.0420581747	0.0811831846	0.0268233955	0.0409382356	0.0104252441	-0.1872347323	-0.0365550721	-0.0325475182	-0.0236388253	-0.0024604733	-0.0856315279	-0.0163237837	0.0483306407	0.1467883656	0.0536689783	-0.0055135062	0.0732197761	-0.0288395573	0.0022487078	0.0990905514	-0.0413823236	0.0605808106	-0.0046460821	0.1068109881	0.0462402239	-0.0427289087	0.1373215226	0.0456033301	-0.0691309698	0.0406430703	0.1508839038	-0.0073922418	-0.0784645164	-0.0684658367	0.1247202218	0.1159261547	-0.1471164129	0.0176419301	0.0058161746	0.0007599113	-0.0695721728	-0.1560690233	-0.1563644373	-0.0750010653	-0.00411324	0.1168045872	0.0140294071	-0.0994267431	-0.0052607335	-0.0004544006	0.0441614889	0.0695699609	0.039886898	-0.1485103076	0.1259155495	-0.0792348689	-0.0082557763	-0.0257156604	-0.0292794055	-0.092084232	-0.0613400657	0.0033544288	-0.0141333982	0.0028324083	0.0302211018	0.1449605835	0.0308574734	-0.2537662674	0.1633703603	0.0405636862	-0.1498404458	-0.052816853	-0.0142512179	0.0743330575	-0.0367619908	0.069664557	0.0685710784	-0.0822124278	-0.0683904978	-0.0085444172	0.1832665871	-0.0830699499	0.0654637095	-0.0654132403	0.0711890285	-0.020807099	0.0625321135	-0.0352406596	0.2050302701	-0.0678833233	-0.0236592607	0.0986125803	0.0788659348	0.0916297493	0.0322218955	0.038605717	0.3098858349	-0.2482891927	-0.1221144458	0.0035336961	0.0218432193	0.1380895833	0.1227011663	-0.1071347663	0.0528767476	-0.0100316775	-0.0205994308	0.0300878197	0.0092998829	-0.0132727685	-0.0084435077	-0.1279949812	0.0251860523	0.124700488	0.0484212979072964	0.0289506699855196	0.0023446220910271	0.0008381412926104	-0.0695420495133305	-0.1964471730820632	0.0048360966505145	0.0385914918119341	-0.0976304467687043	-0.0143773889001153	0.0095317041362568	0.0002067093115851	0.0008529996438179	0.0003580037658626	7.276083923534644e-07	1.281666963718034e-07	9.510951115565548e-08	0.0004610992876238	2.1261255304722721e-07	9.045819112267754e-15	0.000223000104742	0.0002403860087821	5.778543321819632e-08	4.9729046714942986e-08
834.0454864118205	-1.2248520163846024	695631.8734039303	1.5002624620414262	1220.2752902955938	7.022214559684244	1489071.7841059957	49.31149732224138	806.9444260292864	-1.4989277454133116	651159.3066997345	2.2467843859698338	908.8591294455124	780.3661337368493	1.084838	37.453236	0.1557909985733903	0.1236374426170027	-0.1630628136	0.0803992813	0.0167961442	-0.1244680616	0.0330607712	0.0636099114	0.1374785485	0.2074507196	0.0549078414	-0.0469405643	0.0443441453	0.0562742492	-0.0074608895	-0.132187883	-0.0773296187	-0.0407587941	-0.1521041414	-0.0029464307	-0.0153647455	0.140016614	-0.0090031932	-0.0056272222	-0.1197235546	-0.0285131554	-0.009039226	-0.1393036613	0.1531722793	-0.156457959	-0.0705809987	-0.0879673539	-0.0468494471	-0.0193681013	-0.0516164233	-0.031947307	-0.013866327	-0.0869452673	0.030259497	0.1468150565	-0.1162804077	0.0451581436	0.1350674504	-0.1105377024	-0.0081590558	0.0551979813	0.1934643842	-0.1010169163	0.0597720037	-0.1288829042	0.0009198734	-0.0071048543	-0.0369526276	0.0007844601	-0.0171110037	0.0810870307	0.0024606956	0.1037020347	0.0024436752	0.1559943696	-0.1670072367	-0.0019020096	-0.0294981218	0.1130411642	0.0392585474	-0.125851807	0.0041054328	-0.0931123239	0.0827669054	0.0102178743	0.1604123551	0.0362372583	0.0756888191	0.1083364767	0.056181569	0.0879380503	-0.0232093527	-0.091814664	-0.0316116871	0.1242186798	0.0660577212	-0.1916750866	-0.0846526854	0.0549946407	-0.068076389	0.0956078614	-0.1065888093	-0.0230192666	0.0222901158	-0.0052999444	0.001629802	-0.1897486884	-0.1129717015	0.0248887928	-0.1613108452	0.0342645095	-0.153117306	0.0202787375	0.0422041497	0.1233336965	0.0136739092	-0.008811115	0.0609154256	0.0885712655	0.2105196248	0.1349613137	0.0033509531	0.0609327996	0.050361227	-0.0491603519	-0.0097718769	-0.0797831273	-0.090752787	-0.055718394	0.0290809257	-0.0175167561	0.0346449092	-0.1149634795	-0.0547723396	-0.0118128082	-0.1269376627	0.0350428114	0.1205247148	0.0547132901316445	0.006291992224348	0.0029935441170295	3.958916615125693e-05	0.052909388764661	0.1224514382779915	0.00279940341945	0.0149943547363487	-0.0831816975658057	0.0144487492028985	0.0069191948099291	0.0002087663535282	0.0009800068244975	0.0001270071806796	9.60413376061674e-07	1.6130823944180566e-08	-7.991277129648644e-05	-8.00078808076421e-05	6.401260991329864e-09	6.386051016284547e-09	0.0001780387888662	-4.496131587580001e-05	2.021519925283466e-09	3.1697810340943344e-08
828.5325302307099	-5.512956181110667	686466.1536505022	30.39268585484631	1214.5050317864668	-5.770258509126961	1475022.4722346468	33.2958832621521	805.6433228837683	-1.301103145518141	649061.1637071997	1.6928693952772007	904.9583261604276	757.7145248347738	1.118761	38.624382	0.0853290706782456	0.0487374822397885	-0.0340656547	-0.1062399659	0.16727295	0.0303003977	0.1908686126	0.1095487256	0.1249818053	0.091653457	-0.086933949	-0.0875779517	0.2298526524	-0.0371486804	0.016393798	0.0059514034	-0.1475263956	0.0735793144	-0.0166951921	-0.057087849	0.1746376899	0.0904991519	0.1125750588	-0.150454353	-0.1175969535	0.0344806796	0.1009574653	-0.1137106317	-0.1627170792	-0.1464880405	0.0036292007	0.0125983248	0.0041773978	0.015053923	-0.0438482071	-0.0457346235	-0.0462623397	0.1135902439	0.1102680999	0.0311633376	-0.1217618753	0.0529001149	0.0540443329	0.0140213754	-0.1755078997	0.0546397535	-0.1250131859	-0.010308705	0.1437753884	0.1060940757	0.1006054712	-0.0797726852	-0.0135115639	-0.1493835419	0.0115100329	-0.0028733993	-0.2516222961	-0.0512951682	0.0479534595	0.1303126668	-0.0725789032	-0.0734935976	0.2143698812	0.0580640669	-0.0120462336	-0.0528504893	0.0064640326	0.078193252	0.0540732836	-0.2242063	0.0597447326	-0.0290384434	-0.1280276728	-0.1500425893	0.0872963362	0.2331434363	-0.0542027759	-0.0801033829	0.0487747588	0.0177281431	0.0004786152	0.031708272	-7.73833e-05	0.0231529503	0.0439460498	0.0706359461	0.0486434581	0.0492553028	0.0788916733	0.0158963576	-0.0997946719	-0.0219491656	-0.0786855374	-0.1802451487	0.0110353505	0.0244877727	-0.0106395797	-0.0962713228	-0.1014400027	0.0769332229	0.1276732605	-0.0506068336	-0.0703748865	-0.0407752338	0.0449952907	0.1800831633	-0.0318195643	0.2253005699	-0.0673020777	-0.0809274083	0.1661583423	-0.0789080145	-0.1312281268	0.0816656682	0.0830121742	-0.0838398031	0.1259463046	0.1023557292	0.0704993647	-0.0151740128	-0.1255324169	0.0446835199	0.1150284477	0.0426030642798593	-0.0121102258517852	0.0018150210860338	0.0001466575701812	0.0513706981218291	-0.0015386906428319	0.002638948625524	2.367568894338449e-06	-0.0415212215176978	0.0416604760481079	0.0017240118363217	0.0017355952645549	0.0009050725888459	-7.493423565160004e-05	8.191563910802197e-07	5.615139672689526e-09	-0.0002927783132966	-0.0002128655420001	4.53117389710021e-08	8.571914073680204e-08	0.0004906325739249	0.0003125937850586	9.771487445732473e-08	2.4072032259617244e-07
829.9275570281384	1.3950267974284998	688779.7499146939	1.9460997655436163	1210.960053522784	-3.5449782636828786	1466424.2512279036	12.566870889984076	805.6346189620647	-0.0087039217036135	649047.1392701512	7.575825302263517e-05	903.7498776035428	745.2209363933293	1.055499	36.440308	0.0903886579080651	0.0473512574487821	0.0812081232	-0.1707594209	-0.0213397678	0.0561496189	0.1384775952	-0.1593909201	0.1915369265	-0.1720097223	-0.0201402184	-0.1225412584	0.1371968405	-0.0388300038	0.0337794158	-0.1114881667	-0.0209377743	-0.0165764933	-0.0924848823	-0.059933967	0.1028921304	0.1368710104	-0.0771078315	0.0610962315	-0.0199034604	-0.000179502	0.030764713	0.0453184746	-0.1202648635	0.1784449491	-0.0747367918	-0.0156733758	-0.0007926312	-0.0101384388	-0.0052716701	-0.0772473223	-0.181638343	0.0349187024	-0.0111420113	-0.206074491	-0.0466583967	-0.1247412782	-0.1084276174	-0.0454965511	0.0505313102	0.175857802	-0.0314003917	-0.0210913431	-0.0730815895	-0.0429106805	-0.1762085479	-0.0695696487	0.0629452796	-0.0448789692	-0.0381950248	-0.0347544702	0.0453708664	0.0568324131	-0.1573683643	-0.0337257432	0.0957036413	0.0318585778	0.1873856872	0.0666352522	-0.0649595434	0.0156008673	0.0401506484	0.0099843597	0.1611718231	-0.0952046434	0.1119737345	0.0400015902	0.1110209418	0.0246799123	-0.0511868295	-0.0743664988	-0.0977108563	0.0170484219	0.0067084534	0.1616810864	0.0733840754	0.0612293142	0.0396866844	0.0214797863	-0.1055020533	0.0768364687	-0.0278821267	0.0188452809	-0.0160988614	0.0151509383	0.127636769	0.0934048339	0.0355823365	0.0001612037	-0.1034032542	0.0065524129	0.0248655304	-0.0786291283	-0.1293989391	0.1174118428	0.096984978	0.0207740692	0.0690851941	-0.2340332178	0.0703805633	-0.0945873855	0.0352965781	0.0914813942	-0.0209585155	0.0704973586	-0.0036158746	0.018592591	-0.0898260209	0.0660216656	0.0986442873	0.0947139622	-0.0206627928	0.0182037763	-0.0266257277	-0.0185248178	-0.1237830955	0.0540487397	0.1082719048	0.0427083343803076	0.0001052701004483	0.0018240018255401	1.108179404839518e-08	0.092624762392532	0.0412540642707029	0.008579346608273	0.0017018978188512	-0.0609620368196317	-0.0194408153019339	0.0037163699331981	0.0003779452996039	0.0006920161845254	-0.0002130564043205	4.788863996450924e-07	4.539303142198038e-08	-0.0002929608834223	-1.8257012570000637e-07	3.333185079811612e-14	8.582607921557445e-08	0.0001121013836715	-0.0003785311902534	1.432858619946557e-07	1.2566720221064844e-08
833.1500072493861	3.2224502212477546	694138.9345796522	10.384185428419702	1214.2691882140657	3.30913469128177	1474449.661446046	10.950372405044494	808.120123599438	2.4855046373733103	653058.134166371	6.177733302404231	904.9902312535736	747.1345362938956	0.998957	34.488262	0.0419066597339026	0.0208236564149908	0.0649490273	-0.0888415892	0.035277302	0.1101071306	0.0152228707	-0.0222324517	0.059847896	-0.1355857642	-0.0008192306	0.0074267116	0.0298379176	0.0086597107	0.04118041	-0.1041114574	-0.1145712138	-0.0740054011	0.0036178794	0.0881855299	0.1969450916	-0.0347505911	-0.0183752668	-0.185064647	0.0283894906	0.0996258856	0.052889967	0.1127499041	-0.0354109068	0.0058276714	-0.0439844548	0.0589962089	0.0554633508	0.0515234495	0.1682015308	0.0771366565	-0.099590381	-0.0515427499	0.0545845283	0.0181163752	0.0615398106	-0.2495177275	0.0057058314	0.1785137041	-0.0821263225	-0.0382982969	0.1307726794	0.0568279235	0.0328416247	0.0714956131	0.0501604349	0.172803872	-0.0779378242	0.0236150804	-0.065678937	-0.0445767856	0.1047671368	-0.0330717229	0.0296869167	-0.0469964655	0.1076678186	0.0659094679	0.0504133909	3.841e-07	-0.0311799867	0.0600264907	-0.0876047583	-0.0780782431	0.2078429418	0.0202045917	0.0189642855	0.0704280693	-0.0333629907	-0.0907116485	-0.0893764717	0.0520717763	0.03075913	0.021112477	0.0773924549	-0.042972093	0.0900263444	0.0484774072	0.0471653086	-0.0065783937	0.0506149285	0.1421307348	0.1083592787	-0.0242445263	0.0608218992	0.0972819311	-0.127179839	0.1012358766	0.1915316336	-0.0080268617	0.1245919966	0.0106063307	0.0416368408	-0.078421269	-0.0848787405	0.0493556783	0.1017647165	0.0902530766	-0.0127861142	-0.2176886528	0.0640523824	-0.0352342971	-0.0307239266	0.0536360625	-0.0859770535	0.0357962575	0.0082977391	0.063232597	-0.049090223	0.0482341528	-0.0703435675	-0.0308895605	-0.0029685672	-0.0165904325	-0.1142316481	-0.0218629269	-0.1216944932	0.063080731	0.1003291122	0.0451247072934961	0.0024163729131885	0.0020362392083237	5.838858055591097e-06	0.0745283362506228	-0.0180964261419092	0.0055544729042858	0.0003274806391095	-0.0662561846806966	-0.0052941478610649	0.0043898820084425	2.802800157481812e-05	0.0006070283290955	-8.49878554299e-05	3.6848339232447466e-07	7.222935570573583e-09	-0.0002139180514848	7.904283193749999e-05	6.247769280699868e-09	4.5760932751053546e-08	0.0002700649526589	0.0001579635689874	2.4952489127237082e-08	7.29350786546539e-08
834.0257696685746	0.8757624191885043	695598.9844712584	0.7669598148629015	1217.316635590747	3.047447376681248	1481859.7912859754	9.28693551364142	808.957814155741	0.8376905563029595	654412.7450836343	0.7017254681191618	907.7230289189432	754.9061236575533	0.961749	33.203678	0.0478786780522701	0.0297834794605152	0.0943679005	-0.0199360643	0.0344175861	0.1534089795	0.0462558167	0.0763458476	-0.033905436	-0.049436423	0.0108924512	0.0776765508	-0.0092070198	-0.0645181049	-0.0117018652	-0.1274577688	0.1038780648	0.0104221733	0.0290446325	-0.1215750396	0.0126982859	0.0091368892	0.044365794	-0.0786308202	-0.0781766639	0.1092501272	-0.0016253826	-0.0041720283	-0.0645505444	0.1065985846	0.0134633522	0.0536568302	0.0119521042	0.1073480826	0.0777912397	0.0642875706	0.0332372369	-0.0177191861	0.0633467214	0.0406920683	-0.0076500483	-0.0038587373	-0.0848891316	0.2352436117	0.0632118657	-0.0464091399	-0.0958868315	-0.0163154662	-0.0489222623	-0.0863457592	0.0742435719	-0.109544411	0.0388168626	0.0603192614	-0.0077738982	-0.0404086358	-0.0013150041	-0.0725763506	0.1631121204	0.0189381944	0.0992799368	-0.0435321135	-0.0265690156	-0.0430111974	-0.0615806873	0.0707911857	0.0674882331	-0.069021764	0.1279397103	-0.0604894186	-0.0624142746	0.0224589665	-0.1010966653	0.0144709303	-0.035289556	0.090576077	-0.01028772	-0.0341314974	-0.1117147186	-0.0590668388	0.0329064798	-0.0894429188	0.0275756238	-0.0401540993	-0.1442530135	0.0381853332	-0.0272230184	0.0977550239	-0.0001182807	0.0457025979	0.0037413278	0.0978264593	0.0153189616	0.0677718376	0.0456996507	0.0555091487	0.0959542133	-0.0549929813	-0.044441492	0.0609203399	0.0225645693	0.0915863338	0.0826104767	-0.2184449462	-0.0034574183	0.0281884104	-0.0079597241	0.0874626696	-0.0103202951	0.0393847586	0.1092087708	-0.1183848257	-0.0929427966	0.084668959	-0.0598621765	0.1688513708	-0.130778977	-0.0945720057	0.0083945066	-0.0251860523	-0.1192723348	0.0717238087	0.0912870929	0.0427044642445366	-0.0024202430489595	0.0018236712664129	5.857576416036804e-06	0.0745668414441667	3.8505193543897365e-05	0.0055602138429594	1.482649929852995e-09	-0.095123076850875	-0.0288668921701783	0.0090483997495774	0.0008332974635647	0.0005260134981788	-8.101483091670005e-05	2.766902002662984e-07	6.563402828461498e-09	-0.0002879747709074	-7.405671942260002e-05	5.4843976916377035e-09	8.292946867916952e-08	9.40757502064331e-05	-0.0001759892024524	3.0972199379855374e-08	8.850246776903199e-09
835.6659719258608	1.6402022572862052	698337.6166347937	2.690263444806763	1215.6382478986468	-1.6783876921001593	1477776.3497540918	2.816985244993299	809.6461397536258	0.688325597884841	655526.8716179477	0.4737921287035239	905.9283505015428	760.486721586109	0.953594	32.922138	0.0374882734748674	0.0193922667887552	0.0769220395	0.0137211587	0.0924912844	0.1613340041	0.0214783341	-0.0733230033	-0.0072176434	-0.0912648988	0.0073245875	0.0552658288	0.0437523346	0.0363647135	0.0033897241	-0.0462401752	0.0467400099	-0.0527797979	-0.0563864806	-0.0636378287	0.0320357446	-0.0089208798	0.0635982811	0.0919208913	-0.2087114614	-0.0148260846	-0.0622906688	0.0765599618	-0.0379766059	-0.1225332231	0.0149921052	-0.0200510893	-0.0178817614	0.1034126036	0.0035564489	0.1300599512	-0.1107362793	0.0569921591	-0.0489710633	-0.154942357	-0.0099603492	0.1830155808	0.0487244876	0.0541657198	0.0513406888	0.0143241909	-0.0851018959	-0.0656945701	-0.1768208746	-0.0299679786	0.1522473644	-0.0131887437	-0.0898477069	0.073007365	0.0167266551	0.1092838747	0.0685839936	0.0678457588	-0.0199212745	0.0212566879	0.1334881952	-0.0019172444	-0.0390045247	-0.0349958488	-0.1127175453	0.048908064	-0.0162496517	-0.0219160671	0.1093802882	0.0704421085	0.1283141586	-0.191795241	-0.15762731	0.0597808448	-0.0247087359	0.0893727328	0.0581398966	-0.0139633177	-0.0295403115	-0.0592153613	-0.0194227804	0.0705727033	0.1224159857	-0.0723733148	0.0775757277	0.105193569	-0.1199554349	0.0167519169	0.0232218282	0.0967752488	-0.0791047847	-0.0864320542	-0.1880698548	-0.0630829392	-0.0154478372	0.0695375811	0.062060075	-0.0813055391	0.0020176695	-0.0068928332	0.0667411442	0.1881236071	-0.0012666666	-0.2378759134	0.0073695727	0.0713818874	-0.0621995812	-0.0447940875	0.0081971887	0.0366766823	0.0096579697	-0.0107989916	-0.0890326487	-0.1185430402	0.0176948835	-0.0346395986	-0.054261263	-0.0053932659	0.1213623876	-0.0284919163	-0.1165232592	0.0799246852	0.0812449131	0.0465884625412229	0.0038839982966863	0.0021704848419549	1.508544276866208e-05	0.0661276147388036	-0.008439226705363	0.0043728614310436	7.122054738451365e-05	-0.1079367294982276	-0.0128136526473525	0.0116503375747735	0.000164189694167	0.000601004663689	7.49911655102e-05	3.6120660577592793e-07	5.623674904578211e-09	-0.0001279753580241	0.0001599994128833	2.5599812123000705e-08	1.6377692261396578e-08	8.203841209062393e-05	-1.2037338115809177e-05	1.4489750891431235e-10	6.730301058351031e-09
838.9656911187465	3.299719192885618	703863.430874356	10.888146751897716	1221.7900493879963	6.151801489349509	1492770.9247835225	37.84466156436284	809.851581329995	0.2054415763692532	655859.5837826936	0.0422062413010836	909.1588837223172	785.6149115307173	1.011426	34.918713	0.0467541176436856	0.024724516434732	-0.029457083	0.0848801583	0.1379016187	0.0048045781	-0.1203123865	-0.1470200609	-0.0070702025	-0.027423194	0.0969465554	0.1085526046	-0.0879831474	0.1155630597	0.0736123523	0.0063388944	0.2386630632	-0.0111602301	-0.1030541656	-0.0358896145	-0.0846078855	-0.1885413398	0.0451383478	-0.0115520934	-0.1755547642	-0.0377853032	-0.0313056805	-0.0333440683	-0.0508466507	-0.0537294056	0.0389983101	-0.0561544095	0.0698901216	0.0771520885	-0.0740041859	0.1226798503	-0.0528932276	0.166704638	-0.1446283071	-0.1334539212	0.0072855769	-0.1116990044	0.1186745292	-0.0634317379	0.0802828456	0.0731590329	0.0304357872	-0.0745927742	0.04173167	0.0547649951	-0.0296897775	0.0041208601	-0.0618060712	-0.0407743598	0.0010506543	-0.0574398417	0.0007043688	-0.0100165577	0.1107581083	0.0401910975	0.0451818202	0.0582536361	-0.0960504034	-0.1702281285	-0.0480532546	-0.0013932956	0.0347864983	-0.0761844546	0.0177211596	0.1411731706	0.1255319429	-0.0549419293	0.0012837136	0.0097982957	-0.0065535102	0.1531735871	0.0990030266	-0.0523327384	0.0042366412	0.0526070937	0.1224920686	-0.0379717764	0.1462185296	-0.2347539892	-0.0334023983	-0.0658534404	-0.0792077094	0.1101817254	-0.0273811405	-0.0047520586	0.002394678	-0.0962391942	0.0156844206	-0.0169703578	0.0242420017	0.0551195696	-0.0245975494	-0.1072330181	0.0473762038	0.0197718854	-0.0785255922	0.2238538384	0.0696216948	0.0483510824	0.0837454337	0.0531642125	0.0481132203	-0.0392043021	0.1334425275	0.1198432487	-0.0261471426	-0.0117638436	-0.0346970474	-0.0796832014	0.131951106	0.0029835083	-0.0724879599	0.07479725	0.0715488319	-0.0317782535	-0.1134548014	0.0876327994	0.0703125971	0.0466163036409028	2.784109967990389e-05	0.0021730797651408	7.751268313863444e-10	0.0743155879753914	0.0081879732365877	0.0055228066161281	6.704290572307797e-05	-0.1280739152429717	-0.0201371857447441	0.0164029277656639	0.0004055062497183	0.0006780313781887	7.702671449970008e-05	4.59726549808468e-07	5.933114746618305e-09	-0.0002639197866203	-0.0001359444285961	1.8480887666347312e-08	6.965365376970467e-08	0.0002370896202482	0.0001550512081575	2.4040877151123986e-08	5.6211488029435695e-08
837.6393014549632	-1.3263896637832886	701639.5993419586	1.7593095401911454	1216.450754782311	-5.339294605685382	1479752.438810454	28.508066886301016	808.2211504997091	-1.6304308302859454	653221.4281150735	2.6583046923469174	908.6012475671998	791.5628464512957	1.048959	36.214512	0.0720630462565224	0.0402459640318386	-0.0680963294	0.052753594	0.1964390608	-0.1146707173	-0.2176881054	0.1746569508	-0.0034189904	0.1805435052	0.0212951154	0.0585545471	-0.0258049416	0.0236907306	0.0926419866	-0.0427108177	0.1829280807	-0.0706815881	-0.101299347	0.0100673786	0.207873635	-0.0984006196	-0.1410445537	0.2217349433	-0.035961158	-0.0637616689	-0.0635487518	-0.0592104189	-0.0393252596	-2.48869e-05	-0.1850112279	-0.0572644348	-0.0332338966	0.0088359555	0.1616653747	-0.0910777582	0.0863830481	0.0723539362	0.0241658908	-0.0573533153	0.053420588	0.1125098214	0.0098024116	-0.1076334948	0.0375237015	-0.0690331483	0.1339423889	0.1379847549	-0.0324847527	-0.0951689345	-0.0886865157	0.0849724455	0.0562826014	-0.0021084486	-0.0512575357	-0.0410604666	0.058022681	0.1066550122	0.0839075745	0.1625429533	-0.0940651649	-0.0540180295	-0.0196926949	-0.2113212104	0.0388578668	0.0718247501	0.1639351181	0.0247469603	-0.0113419815	0.1763068488	0.1640837612	-0.090386875	0.0438467202	-0.0672355459	0.1494181291	-0.1651051551	0.0196223455	0.0802937164	-0.120210631	0.1565052138	0.009051616	-0.0890476324	0.0190982777	0.1429151133	0.1073355776	-0.1314035332	0.0145228606	-0.1731011912	0.0518243378	0.0017983029	-0.0964440246	0.0693845796	0.037376978	0.0105011029	0.0778927654	0.0533422906	0.0170777531	-0.1423953156	0.1228119406	0.0201492164	-0.072040777	0.071663122	-0.1152719061	0.1621058227	0.173668043	0.1171342197	0.0917424528	-0.062705758	0.0356429811	0.0483490988	-0.1194447708	-0.070246243	-0.0154404554	-0.0486576164	-0.0616537142	-0.0653175541	-0.0758034125	-0.2054019969	0.0059728406	-0.0350428114	-0.1100753719	0.0948006283	0.0586099215	0.0566995775135268	0.0100832738726239	0.0032148420902124	0.0001016724119903	0.1063382974175084	0.032022709442117	0.0113078334976544	0.0010254539200142	-0.1279378960408053	0.0001360192021664	0.0163681052433479	1.8501223357986643e-08	0.0011020111172997	0.000423979739111	1.2144285026521332e-06	1.797588191766317e-07	-0.0002259437414948	3.7976045125499966e-05	1.4421800033740094e-09	5.105057432066901e-08	0.0001026245296924	-0.0001344650905558	1.8080860578179492e-08	1.0531794094586288e-08
833.5144185536336	-4.124882901329556	694746.2859368019	17.01465894968094	1218.1619841496747	1.711229367363785	1483918.6196274722	2.9283059477282603	806.6407700396599	-1.5803804600492413	650669.3318901755	2.4976023985054514	906.0143414892676	760.4926338318329	1.07758	37.202652	0.1196589270032776	0.074550837544056	0.0912443671	-0.0634577289	-0.0161281522	-0.0021216143	-0.0090756081	0.2143949092	-0.0099556983	0.0384497405	-0.2112006648	0.0365207228	0.0959123821	-0.0146203128	-0.018554037	0.0383531943	-0.0147885463	0.1088349903	-0.0044812307	0.0300121547	0.1952533451	0.0780647759	0.04487315	0.0624500905	0.0562665351	-0.0668223312	-0.0027514798	-0.0181766154	-0.077524194	0.0894546247	0.0424753863	0.0569542808	0.0322205975	0.0449450362	0.0168838338	0.0199053811	0.0492320309	-0.1162572402	0.1357855473	-0.0820229188	0.0776765749	-0.1222116	-0.0293613945	-0.1440024309	0.0155804607	0.0633150912	-0.1439762343	-0.0299710832	0.0774942291	0.0181842089	-0.0722407453	0.0023212922	0.0093267253	-0.1106123061	0.0561462934	0.0878813168	-0.0797782688	-0.0083195852	0.1045658045	0.0455762839	0.0023566433	-0.1739426921	0.0321510306	0.0152009827	-0.0722017216	-0.0673689268	0.0371975289	0.029317667	-0.0384049389	-0.0208948508	-0.0115031783	-0.1493393177	-0.1044000202	-0.0968672212	-0.0645786268	-0.0482850237	0.0119740721	-0.1528746411	0.0473655191	0.1343315349	0.0856687446	0.0605331586	-0.0747438993	0.0818869165	0.1009726579	0.015546182	-0.0563168541	0.0768586132	0.1187765158	-0.0539464957	0.0695071819	0.140542162	0.0091637466	-0.021007278	-0.061682278	-0.002580635	0.1896972383	-0.0124416729	0.1803608709	0.0783396201	0.0249223585	-0.1939331637	-0.0884722951	-0.0028617188	0.0712822328	-0.005274785	-0.0040786169	-0.0261560338	-0.0409157718	-0.1198952434	-0.0276745672	-0.0582568195	0.0057242952	0.1227067157	-0.1170331767	-0.1637109026	-0.0869086004	-0.1226204921	0.0073385834	-0.0382833527	-0.1063942335	0.1013839798	0.0462651033	0.0621142611204703	0.0054146836069434	0.0038581814345419	2.931879856330266e-05	0.0968788517905068	-0.0094594456270016	0.0093855119242469	8.94811115701997e-05	-0.0912881230466169	0.0366497729941883	0.0083335214093742	0.0013432058605255	2.098814401634649e-05	-0.0010810229732833	4.4050218925090096e-10	1.168610668766382e-06	-0.00033400023497	-0.0001080564934751	1.1676205782155937e-08	1.115561569600152e-07	-7.099649905192913e-05	-0.0001736210287443	3.014426162223916e-08	5.040502877630574e-09
833.5602170556194	0.0457985019858142	694822.6354578114	0.0020975027841446	1214.4214380020485	-3.740546147626219	1474819.4290789634	13.991685482521348	807.4005335544018	0.7597635147419624	651895.6215839328	0.5772405983330601	906.2161701035052	757.9434009813394	0.982887	33.933434	0.12581338344124	0.0612804880417369	0.1201869592	-0.0582564539	-0.0480710606	0.0358438256	0.0633765207	0.0815551356	-0.0575507	-0.1288599356	-0.0354668095	0.0152910509	0.0746586188	0.0246124941	-0.003816578	-0.0049629035	0.1156898337	-0.010454997	0.0098647741	-0.2842864264	-0.1369740924	-0.005477199	-0.0522030405	-0.0120705902	0.0412282895	0.0927234422	0.048819208	-0.0850003866	-0.1023523132	0.0467654243	0.0507392657	0.1449472953	-0.041723291	-0.1047323445	-0.0653728318	-0.0790250031	0.0227342035	-0.0422278477	-0.1078269385	-0.0060485107	-0.0260527458	-0.0631262488	-0.2729178572	0.0051726488	-0.010493952	-0.1361941237	0.0865233802	0.047199925	0.0593773438	-0.0255033053	0.1313325032	0.040257608	0.1478578121	-0.0093258357	-0.1236942494	-0.0087498938	0.0450805278	0.0343441467	0.0811926287	-0.0283275317	0.1404822312	-0.0738973683	0.0509981004	-0.0398253955	-0.1319085699	-0.1040303155	0.14606766	0.0855136778	-0.1169815341	0.161498924	0.1273792623	0.0881418704	0.0194811671	-0.0050934317	-0.0112621437	-0.0607106041	-0.1373834344	-0.0102152759	0.0930628214	-0.107773519	0.0261462109	0.0799652932	-0.0374791102	0.0386368298	-0.1861156939	-0.0691877557	0.0462168885	0.0514697405	0.0446019962	-0.0901453507	0.1004338729	-0.0079298694	0.0317353349	-0.077989568	0.0789027936	0.0106875355	0.1966425386	0.0098730042	0.2220182295	0.0933437766	0.0270004159	-0.1527797458	-0.1263558181	0.0411914482	0.0489461096	-0.0131332995	-0.0147475071	-0.0128308977	-0.0336198982	-0.0365802757	-0.1170625086	-0.0950477293	0.0859673058	0.0031544841	0.0014605246	0.1017259081	0.0104024528	0.1690509411	0.1028547796	-0.0414976565	-0.1024214758	0.1073422654	0.033413395	0.0468981547652873	-0.0152161063551829	0.0021994369203888	0.0002315298926122	0.1169153163910863	0.0200364646005794	0.0136691912068278	0.0004014599136902	-0.0989836997599482	-0.0076955767133312	0.0097977728181675	5.922190095076686e-05	0.000480697441074	0.0004597092970576	2.310700298550917e-07	2.1133263780124199e-07	-0.0006097385395134	-0.0002757383045434	7.60316125924688e-08	3.71781086567934e-07	-0.0009928536128938	-0.0009218571138418	8.498205383408641e-07	9.857582966362715e-07
834.4833307309653	0.9231136753459168	696362.4292678457	0.8521388576106467	1216.5176936558314	2.0962556537829187	1479915.298977703	4.394287766016852	809.245477879301	1.8449443248991884	654878.2434680982	3.403819561977722	907.7800221029092	760.1456381575199	0.9456230000000002	32.646946	0.1403600750685597	0.0758910924391124	0.1248974124	-0.0437246466	-0.023869302	0.0806050027	0.0248038951	0.1692404998	-0.0803913338	-0.041598066	-0.0455969661	0.0505362382	0.0304584287	-0.0166630214	-0.0087488086	-0.0297391311	0.1975764549	0.0213492759	0.1207970884	-0.0888260045	-0.0093041188	0.0468334611	-0.0262582192	0.0408215401	0.0165173026	0.0322593074	-0.0546109735	-0.1427178577	0.0277368838	0.179624378	-0.0779089497	0.0124847271	-0.0622239601	-0.1205177782	-0.0289945423	-0.0773169509	0.1695838131	0.1774665996	-0.0481002804	0.1042734794	0.0480266142	-0.0693567787	0.1178709576	0.1271931663	-0.0031339041	-0.0942077244	0.0065923212	0.2044226093	-0.0532548768	-0.0232668601	-0.0231027127	-0.0597801807	-0.0382005995	-0.0663063566	-0.0258278353	-0.163609431	0.0583894946	-0.0857330097	-0.0535768135	0.0332520588	0.1141196729	-0.1061798315	-0.0044779825	-0.0250166205	-0.1651071995	-0.0018697874	0.0215159728	0.0091625455	-0.0526091298	0.0336873516	-0.049776201	0.0744091623	0.0143132649	0.073633252	-0.0631041047	-0.1281102881	0.0574527346	-0.1895949674	-0.0435816481	-0.0852855208	-0.0154073643	-0.3438525881	-0.0017532536	0.1226512839	0.0306346947	-0.0047092948	0.0969826752	-0.0295635364	-0.0917424039	-0.0971358965	-0.1863459432	-0.0466513352	-0.0670183335	-0.0876721076	-0.0170391395	0.0191848009	0.1956740267	-0.0264464608	0.2110907062	0.0171171169	0.0295742667	-0.1568754599	-0.1175687807	0.0342829108	-0.0685911248	-0.0038091295	-0.0349581629	-0.0320114539	-0.0750950227	0.0444453058	0.0064379947	-0.0449404225	0.0021588014	-0.0276625692	-0.068147592	-0.0658839086	0.0488059382	0.0213096482	-0.0181442001	-0.0446835199	-0.098167988	0.1126387502	0.0201956026	0.0608762660811805	0.0139781113158931	0.0037059197719866	0.0001953875959595	0.1125509912582884	-0.0043643251327979	0.0126677256332233	1.904733386477141e-05	-0.1279963314260968	-0.0290126316661485	0.0163830608585392	0.0008417327961956	0.000892018571999	0.000411321130925	7.956971327911352e-07	1.6918507274542098e-07	-0.0002859407652491	0.0003237977742642	1.0484499861851455e-07	8.176212123124092e-08	0.0001321276209913	0.0011249812338851	1.2655827765936422e-06	1.7457708228820623e-08
834.6893743373599	0.2060436063945872	696706.3516316934	0.0424539677360875	1220.9059266972365	4.388233041405101	1490611.2818444378	19.256589225679463	810.0275422765853	0.78206439728433	656144.6192466452	0.6116247214997023	907.849676465177	756.7594706026849	0.9343	32.256004	0.0431413708973481	0.0209071349171479	0.1544081739	-0.0368035724	-0.0696660556	0.0662328841	-0.0200854302	0.1687308421	-0.0490927106	-0.056621701	-0.0856579013	0.0495335346	-0.0005826623	0.0555990506	-0.0424542901	-0.0219032073	0.1829635633	0.0734894316	0.0693684251	0.0522033863	-0.0290132978	0.0109424961	0.0389919407	0.0034182981	0.013328609	0.0357342914	0.0013183676	0.0474679283	0.0393464782	0.0190355722	-0.068938392	0.0228847961	0.1271982202	-0.0737095204	-0.043541331	0.0171307516	0.0752343493	-0.0720492566	-0.0639895253	0.0748873699	-0.0257823932	-0.0797474495	-0.0912871971	-0.1389499307	-0.0764399055	0.0848059083	0.0134552768	0.0621950976	0.0731539256	-0.1230166	-0.019741879	-0.0184815223	0.0481558362	-0.0492944788	0.0034132431	0.132631623	-0.0195019401	-0.1905153206	0.1337151742	0.0078832252	0.0932562638	-0.1042522223	0.022803974	-0.0158347341	-0.1193246635	-0.0388655922	0.0806157715	-0.014569458	-0.1415164314	0.0502526798	-0.0785474535	0.1108546197	0.0781587075	0.0304710751	-0.0335943496	0.0409519271	0.0500279055	-0.0038627881	-0.0266910202	-0.0389574811	0.1896571542	0.0005476624	-0.0463249497	-0.053056532	0.0396925078	-0.0281233964	0.0110586284	0.0007455596	0.1437689663	-0.0957736312	0.0689773648	-0.0115536698	0.0399500484	0.1332825423	0.195190984	0.0144104315	0.2153297351	0.0048508943	0.2133438856	0.0135751334	-0.0408875826	-0.114563878	-0.090091116	0.0697609972	-0.0338310306	-0.0537789632	-0.0369322442	-0.0984711354	-0.0617079552	0.0507326608	0.0146845954	0.1737811592	-0.005322936	-0.0127622962	-0.0092632266	0.1130482929	0.063658831	0.0147038073	0.0933605526	-0.0478387595	-0.0936454286	0.1172407796	0.0067565429	0.0626311733897466	0.001754907308566	0.0039226638801765	3.0796996616587e-06	0.098629221144904	-0.0139217701133843	0.0097277232636503	0.0001938156830899	-0.1280874852294644	-9.115380336760516e-05	0.0164064038724082	8.309015868380024e-09	0.0007080198272933	-0.0001839987447057	5.012920758404344e-07	3.3855538053273363e-08	-0.0001198837391669	0.0001660570260822	2.7574935911264464e-08	1.4372110916637314e-08	0.000329542643644	0.0001974150226527	3.897269116896607e-08	1.085983539798764e-07
835.7786062236946	1.0892318863346873	698525.8786212216	1.186426102208221	1223.691468719253	2.7855420220164437	1497420.8106162825	7.759244356419455	808.8732154521537	-1.1543268244316778	654275.8786759062	1.3324704176025215	909.9735298259192	765.0796939229047	0.9504	32.811867	0.0516574309899135	0.0258840152902888	0.1431119775	0.0064257667	-0.0222690745	0.1034276389	0.0998057274	0.0470316339	-0.1546023645	-0.0882839952	-0.0277611003	0.0083565698	-0.0551906297	-0.030465008	-0.0169321972	-0.0550579779	0.1957945323	0.1094048294	0.0242472241	-0.0344991281	-0.016386263	0.0052581616	0.0337385105	0.0662480832	0.0025113035	-0.0501695461	-0.0162469574	0.0436321	0.0319766627	0.1624466091	-0.2092584646	-0.0798204252	0.1672256773	0.1263084156	-0.1024189525	0.0359893571	0.0443252028	-0.1721104639	-0.0343331177	-0.0771572299	-0.0340413971	-0.012389278	-0.0086319257	-0.0291314513	-0.0372480109	-0.0109626756	0.1345730334	0.053168216	0.1199163345	0.006894877	-0.0103367525	0.074619231	-0.0105945362	-0.0260616441	0.0133260715	0.0390855929	-0.0154789044	0.0507752791	-0.0671037496	-0.031219575	0.0979771648	-0.1023560991	-0.0199270421	-0.0344465322	-0.0862577328	-0.0078594552	0.1200659124	-0.0340802118	-0.0717571562	0.0321824618	0.0023890156	0.2184222609	0.1578435996	-0.0682906776	0.0579790268	-0.1328394511	0.0360685145	-0.0390374868	0.0146970555	0.0302702623	0.0762383206	0.0811446588	-0.0021959075	-0.0622817972	0.1132013092	0.2663360243	-0.1733718002	-0.0284689294	-0.0163014131	-0.04679211	0.0582401077	-0.1352569331	0.0091648901	0.0037372958	0.1257853316	0.0107405578	0.2156925873	0.016309591	0.2642127159	0.0124586726	-0.041821005	-0.1434360569	-0.1069675543	0.0464810546	-0.1243056708	0.0195423673	0.0756925863	-0.1408302097	-0.0219081175	0.0239351184	-0.0740046569	-0.0169325801	0.0139829533	0.0138038776	-0.0270117815	0.1701101984	0.1736692367	-0.0086545185	-0.0756274231	-0.0509612127	-0.0888661936	0.1211199807	-0.0067565429	0.05662915032255	-0.0060020230671965	0.0032068606662539	3.602428089916005e-05	0.107681086968256	0.009051865823352	0.0115952164906651	8.193627488396806e-05	-0.128064868584218	2.261664524638718e-05	0.016400610565493	5.115126422009276e-10	0.0005689893771742	-0.0001390304501191	3.23748911337084e-07	1.932946606031956e-08	-0.0003160190560871	-0.0001961353169202	3.846906254338729e-08	9.986804381018164e-08	-6.691009839907176e-05	-0.000396452742043	1.5717477667347045e-07	4.4769612677734654e-09
836.677333906374	0.8987276826793504	700028.961072678	0.8077114476141952	1218.5072186692316	-5.184250050021319	1484759.8419490266	26.87644858114605	810.5394519237761	1.666236471622483	656974.2031248955	2.7763439793649414	909.4929017738882	772.6336315653309	0.979015	33.79977	0.0791622026902795	0.0380244877875018	0.1074247433	0.0551980578	-0.0696169975	-0.03796166	-0.0368315309	0.0138568843	-0.0004038588	-0.0516628002	-0.031973085	0.0340516392	-0.0264339915	0.0344642201	-0.0610144442	-0.111458116	0.0736982044	-0.0131820975	0.0372235661	0.0910540888	-0.0473293887	0.0289279131	0.0488160247	0.0232802908	0.0006826192	0.1247405998	-0.0135957205	-0.0812980442	-0.2117724632	0.0200621638	-0.100618686	-0.0194835238	-0.1482652032	-0.1265376188	0.0308835911	-0.0129683476	0.1239038815	-0.0763791644	0.0386970494	-0.008789591	-0.305718071	-0.0081846809	0.0275422069	-0.040592892	0.0936799541	-0.030641653	0.0879878916	-0.0425811318	0.0643778472	-0.0395703454	0.0845194214	-0.0937819413	-0.0299451179	0.0386743848	-0.0633425568	0.0326367314	0.0427972981	0.1005521227	-0.0657957412	0.0074530952	0.0778140147	-0.0885058764	-0.0626677525	-0.0691921163	-0.1222864315	-0.0341578507	0.0986809795	-0.0520837292	0.0315982861	-0.0724594815	-0.0422046898	0.0070843246	0.2194252086	0.0676946689	-0.0123487517	0.0701394657	-0.1965825501	0.0662726103	-0.1415424164	-0.0830656186	-0.032880867	0.1096217373	0.1052487398	0.0811337071	0.0475473972	-0.0582714177	0.2305665615	-0.0958865792	0.0291779599	-0.0040047757	0.1199695663	0.005341787	-0.028100593	0.0112092228	-0.0017198959	-0.0291613198	0.0757285982	0.0872469477	0.1335967708	-0.0227689134	-0.0526896318	0.1233247629	0.0493832898	-0.0180245277	-0.0077224001	-0.0524767511	0.1083150764	0.0151542669	0.1211568175	-0.0310402119	0.0996143154	0.1949289716	-0.0827634981	0.0552530611	0.1562721797	0.0075978066	0.0712766627	0.018310793	0.0716285923	-0.0540487397	-0.0838433825	0.1242524367	-0.0201956026	0.0625596640999361	0.0059305137773861	0.0039137115722968	3.517099366376641e-05	0.096567528470814	-0.011113558497442	0.0093252875549614	0.000123511182476	-0.1094427649414697	0.0186221036427483	0.0119777187980337	0.0003467827440812	8.100864852960866e-05	-0.0004879807286445	6.562401136593667e-09	2.381251915285063e-07	-0.000131994694777	0.00018402436131	3.386496555559022e-08	1.7422599449273393e-08	0.0001310053471003	0.0001979154454993	3.91705235672148e-08	1.7162400968870084e-08
837.003719802392	0.3263858960179959	700575.2269630411	0.10652775311947	1224.3294569890302	5.822238319798544	1498982.6192510535	33.89845905253057	808.7821272992073	-1.7573246245688097	654128.5294386313	3.088189836115908	909.0248074920024	778.242968226398	1.039425	35.885384	0.053057558120999	0.0276876254535545	-0.0784840892	0.0666471173	-0.1512576393	-0.0168344859	-0.0179768575	0.0201977285	-0.0177224557	0.0166388832	0.0037918057	-0.0061950094	-0.0833826425	0.0920974471	-0.1472720981	-0.0290178819	0.1075788598	0.0037071329	0.1289228637	0.0836293893	0.1052431661	-0.0197557904	0.0831800495	0.0047514983	0.0379635359	-0.0017113974	-0.0048269319	-0.1489044094	0.0636744456	-0.1384853528	-0.0348686532	0.0754363095	-0.0145898691	-0.028438218	-0.0232091081	-0.1222734724	0.0407995423	-0.1226131031	0.0634725814	-0.0646554823	-0.0448961491	0.0423817955	0.01500086	0.020438231	-0.0655720682	-0.2252122781	-0.2116377147	-0.2236372963	0.037849165	0.1368670514	0.0742110781	-0.0710483192	0.0301916012	0.0264080116	-0.0096251178	-0.0327606081	0.121932777	-0.0475325076	0.0483167387	-0.0022247694	-0.0613431056	0.0282488178	-0.0933574328	-0.0140541431	-0.1498545745	-0.1056646298	0.1293519051	-0.1136851428	0.0548699158	-0.1600678154	-0.0224516676	-0.0003202666	0.0178687948	-0.012854399	-0.0700119802	-0.1255413934	-0.0223204301	0.1232081337	0.1328067892	0.0991758822	-0.1442791427	-0.0760762029	-0.1238452985	-0.1161093761	-0.016563265	-0.1760156416	0.1595537232	-0.1174583655	0.0338754007	0.0429798885	0.15618224	-0.0903210231	0.0021717222	-0.1550523518	0.1597808499	-0.0349421105	-0.0558817528	0.0794911838	0.1432147462	-0.0032908457	-0.0557439697	0.146132794	0.1243663493	-0.125663517	-0.0765189118	0.058217383	0.0032341784	0.1261077772	0.0590688971	-0.099715204	0.111772835	0.043503117	-0.0091420392	-0.0406826403	-0.0486409365	0.0222463519	0.1478609342	0.0149994511	-0.0445224608	-0.0570992244	-0.0785907625	0.1266188352	-0.033413395	0.0607346202352658	-0.0018250438646702	0.0036886940951219	3.330785107970701e-06	0.0752494715868721	-0.0213180568839418	0.0056624829741034	0.0004544595493069	-0.1021753028626974	0.0072674620787723	0.0104397925150839	5.281600506639355e-05	0.0004190154219624	0.0003380067734327	1.7557392384232812e-07	1.1424857888644633e-07	-0.0002429733909936	-0.0001109786962165	1.2316271013936385e-08	5.9036068730928826e-08	0.0001270509108774	-3.954436222900002e-06	1.5637565840983637e-11	1.6141933954777042e-08
836.0727172497843	-0.9310025526076516	699017.5885294378	0.8667657529619629	1220.486460406081	-3.842996582949127	1489587.2000345644	14.768622736558664	808.2848182028913	-0.4973090963160302	653324.3473372811	0.2473163372786666	908.5216765612925	762.1486931051381	1.02388	35.348709	0.0697680342187709	0.0343892421539955	-0.1592112521	-0.0718138111	-0.0305334471	0.0549521204	-0.1179033213	0.0930036738	-0.1108095763	0.0495598281	0.1498366754	-0.1554684071	-0.0386211341	0.0313411954	0.0308936682	0.0663180382	0.1170738946	-0.1108562138	0.0243956103	0.0033799465	-0.0825746868	0.0082475487	0.0839645328	0.0700996737	-0.0820835329	0.0334495164	0.0049585157	-0.0297224541	-0.0927592854	0.225488156	0.007543942	-0.016457873	-0.0189825769	0.0749979237	0.0791442536	0.0190599199	0.0598926534	0.07652372	0.0784235451	-0.2042824593	-0.0238061105	0.0923486423	-0.0368407538	-0.0004160811	0.0279786412	-0.0260299539	0.0140748878	-0.1784086237	0.032337703	-0.2077656453	0.0112769377	0.1058415778	-0.0238118903	0.0059843142	0.1562883986	-0.0550604289	0.0573674678	-0.0231627502	0.0361476041	0.0058400381	-0.0819069536	0.148527993	0.0829082085	-0.1592275565	-0.0294100922	-0.0485241783	0.0697030602	-0.000423343	0.0699054141	-0.0393714408	-0.0200955924	0.0577420264	-0.0500293158	-0.0710318267	0.0387404141	-0.0997893907	-0.014768802	0.0164237733	-0.1834713912	-0.0509461921	-0.1735016194	-0.0018880041	-0.1742045601	-0.0355958711	0.2051555787	-0.0349788627	-0.0526758738	-0.0435010526	0.0516961965	0.0750396772	-0.0405449171	-0.049717947	0.0505590399	-0.058347896	-0.0334041048	-0.0567380496	-0.0508213563	-0.1129239563	0.1040726939	0.0477304835	-0.1131416032	0.0909643075	0.1178326712	0.1254468448	-0.1181558693	0.0832140072	-0.0641768606	0.0240872724	-0.0219651811	-0.056984974	0.1167997568	0.0891106695	-0.0509153753	-0.0146077813	-0.0203617592	-0.0561946879	0.0466867399	0.0869592082	-0.1128565406	-0.0601105761	-0.0731227308	0.1282045865	-0.0462651033	0.0645011167814288	0.0037664965461629	0.0041603940660515	1.418649623225774e-05	0.0472459150657869	-0.0280035565210852	0.0022321764904035	0.0007841991778296	-0.111574430599532	-0.0093991277368346	0.0124488535636097	8.834360221333351e-05	0.000564996502871	0.0001459810809085	3.192210482564599e-07	2.1310475983243213e-08	2.4080794786662807e-05	0.0002670541857802	7.131793814275912e-08	5.798846775573666e-10	0.0002859927124823	0.0001589418016048	2.5262496297411387e-08	8.179183159298351e-08
836.9025225618774	0.8298053120930717	700405.8322704337	0.6885768559778802	1224.7489174864345	4.2624570803534425	1500009.9108841931	18.168540361855197	809.7156826587434	1.4308644558520882	655639.4867435148	2.0473730910208925	908.9207642400702	771.3750075722149	0.983918	33.969051	0.1071754611886327	0.0656624153805152	-0.0567138754	-0.1141997895	0.0281501805	-0.0486119174	-0.2153155198	-0.0120767966	-0.0086554424	-0.0116328356	0.0733800052	-0.1058477926	-0.0546817487	-0.0909957079	0.2379981019	0.0032203298	0.1212571906	-0.0593633066	-0.0295744725	0.0687841019	0.0533906525	0.0634416017	0.19066313	-0.063095893	0.0885985581	-0.0663714271	-0.0167596044	0.0391296411	0.0062749067	0.0397962268	-0.0513690319	0.0541800922	-0.1355631613	-0.0919344684	0.0399252888	0.0776793189	0.1321970401	0.0657207696	-0.0950466225	0.0311987851	0.0344433024	-0.1188696502	0.0394213998	-0.0108565804	-0.1181373626	-0.0580253866	-0.1168557256	0.0235677971	-0.0413875378	0.2207674812	-0.0410418249	0.0918756977	0.1581048987	0.02299735	-0.2445659605	0.1006755146	0.0493836208	-0.1523410031	-0.0370918685	-0.0366099636	-0.0147291845	0.0501239339	0.0905434945	-0.1810413845	0.0037518511	0.0376416852	-0.0233583656	0.1434572788	0.0404139733	-0.0307792727	-0.1138963794	0.0562278933	0.0802781243	0.285396104	-0.1157837562	0.1270548179	0.1864760625	0.15797587	-0.1207071099	-0.1054063602	-0.0706636847	-0.0056301354	-0.0862931906	-0.0372304516	-0.1385513556	0.040605121	0.0277377969	-0.060454908	0.0044862122	-0.0311895439	-0.0430456524	-0.0928726385	0.1167005966	-0.0888806017	0.0511311121	-0.082744252	-0.0225178603	-0.1746191313	0.0529834154	0.0256879878	-0.1239915357	0.2383818434	0.1057401398	0.1138023852	-0.0166168984	-0.170842134	0.0463424672	-0.0238374111	-0.0231892455	0.0452123917	0.0998500164	-0.0064660061	0.0402436661	-0.0302200651	0.0155534382	-0.0814552504	-0.134469007	0.1369113021	-0.0456484682	-0.063080731	-0.0674542747	0.1289999139	-0.0586099215	0.0465469667347235	-0.0179541500467052	0.0021666201122034	0.0003223515038996	0.1096089310494932	0.0623630159837062	0.0120141177658125	0.003889145762584	-0.1105375688853413	0.0010368617141906	0.0122185541350815	1.0750822143544618e-06	0.00031599824464	-0.0002489982582309	9.985489061556129e-08	6.200013260207175e-08	6.150884691491498e-05	3.7428052128252176e-05	1.4008590861151623e-09	3.783338248802446e-09	5.599035396094214e-05	-0.0002300023585213	5.290108492538723e-08	3.1349197366715893e-09
838.553978158198	1.651455596320602	703172.7742849396	2.727305586618636	1222.140389578683	-2.6085279077515224	1493627.131839535	6.804417845518535	809.3820910352341	-0.3335916235092782	655099.369288568	0.111283371275556	908.8335607028372	779.3278930876444	0.997627	34.442337	0.0803430552812722	0.0598952745460303	-0.0799387033	-0.0486091757	0.0746088477	-0.0408184902	-0.1924788701	-0.0638904845	-0.0072966161	0.0068656398	0.0633972327	-0.0223335489	-0.0790344034	0.0282246091	0.1212285714	0.0450052429	0.0039083864	-0.0062630991	0.0014825468	0.0108068547	0.0841156906	-0.0537762506	0.2587433588	0.0020019156	0.0527907921	-0.0675554431	0.0656898349	-0.036340576	-0.1460646803	-0.0727332278	-0.0883364206	0.0425815026	-0.0110760769	-0.1100141179	0.1025962587	-0.0802771723	0.0293075468	-0.1254983283	-0.1566580033	-0.0682209277	0.1301799648	-0.0869445735	-0.0046328274	0.046996051	0.1569670783	-0.0133320141	-0.1024552411	-0.1105417558	-0.1329783097	0.2256099551	-0.1825769729	-0.0411636819	0.1058593636	-0.0906367605	0.0624947031	0.0122379979	-0.026231781	0.1544231468	-0.1984552261	-0.0739018735	-0.0627710903	0.0712943552	-0.0678048765	-0.1903597292	-0.081843962	0.1054534697	0.0027409648	0.1129414391	-0.0488498393	-0.0399520225	0.0807603191	-0.221940018	0.0042244765	0.0991522713	-0.1040711171	0.0006737435	-0.1698454623	0.2025263681	0.0374560246	0.0718593518	-0.0992182791	-0.0746788699	0.1097602185	0.0612088215	0.0431803111	0.0260988842	-0.2222123218	0.0483578385	0.0155538181	-0.0354662761	-0.0275784794	0.094695395	-0.0454911116	-0.0047159139	-0.1418404734	-0.0711294473	-0.0402731165	-0.1629683056	0.0025833731	-0.076534301	-0.0571605872	0.2545446952	-0.0331172172	0.0690352514	-0.1080225285	0.0824602796	-0.0434323646	0.0679574505	-0.036955701	-0.1017095807	0.0179547937	0.0384164588	0.1960202793	-0.0634754069	0.0005382703	-0.0358263865	0.1039131699	-0.024244181	-0.0648568441	-0.0660076536	-0.0616009311	0.1289999139	-0.0703125971	0.0533137110505492	0.0067667443158257	0.0028423517859814	4.578882863575947e-05	0.0498559985184527	-0.0597529325310404	0.0024856205882719	0.003570412946059	-0.1065648146263669	0.0039727542589744	0.0113560597163519	1.5782776402199285e-05	0.0004479962114541	0.0001319979668141	2.0070060547722666e-07	1.7423463243056242e-08	6.152710295959096e-05	1.825604467597941e-08	3.3328316721135613e-16	3.785584398600107e-09	0.0001209866146108	6.499626064985786e-05	4.224513898464261e-09	1.4637760914982244e-08
837.4407761379559	-1.1132020202420565	701307.053538542	1.2392187378709956	1224.400283584021	2.259894005338083	1499156.054440631	5.107120915363003	810.42652755088	1.0444365156458844	656791.1565581772	1.0908476352145156	909.2757543394794	781.26568522341	1.058099	36.530087	0.0932054615107487	0.0453870976214651	0.0625914148	-0.0328032522	0.1652772096	-0.0751291778	0.0001158735	0.1167760065	-0.0742219411	0.1140192567	-0.094838757	0.0752048281	-0.0439155864	-0.1497078445	0.2269448561	-0.0960170689	0.1839923104	0.0858802207	-0.0028523739	-0.0238219176	-0.1551045424	-0.0380575486	0.0050351377	0.0023487849	0.1237677999	0.0756428862	0.0776750096	0.1559133191	-0.004092168	0.1041330589	0.108317549	0.1457583155	-0.1881730668	-0.0885580073	-0.059223322	0.1426311276	-0.0466890496	-0.0089098486	0.0538054476	-0.0927325739	0.0107080016	0.0118685625	0.086933962	-0.0402745313	-0.0495997015	-0.1166264869	0.124197966	0.065062892	0.1398727151	0.0057664648	0.0270042986	0.1286040942	-0.1666035967	-0.1541613648	-0.0655213715	-0.0279745439	-0.1998894412	0.0240984938	0.0601959893	-0.0143359805	-0.026429524	-0.1134073885	0.0965126183	-0.2180045571	0.1538211315	0.0767689529	0.0844837083	-0.0031369889	-0.0624571961	0.0306096103	-0.072442663	-0.0207212208	0.1736309218	-0.085872415	-0.043589933	-0.0184970994	0.1030773194	-0.108567635	-0.0643805799	-0.020215157	-0.2261831693	0.0738632677	-0.1682835549	-0.1475473198	-0.0472506278	0.0010255942	0.1134998315	0.1534571282	-0.0980935965	0.0775273132	-0.0593658185	-0.0180836896	0.1113952854	-0.0322113213	-0.1491955716	-0.0978434956	0.1326129176	-0.0936381329	-0.1190188064	0.0005269225	-0.1235488432	0.1329308138	0.081933658	0.0017825782	-0.1246076627	0.0286435412	0.255632346	0.0610352512	-0.0616389694	0.0183646492	0.0069574436	0.0224421354	-0.1390332539	-0.0678319271	-0.194388729	-0.1214027383	-0.1025235115	-0.0434278656	-0.1101864845	-0.0688893378	-0.0555787436	0.1282045865	-0.0812449131	0.0674242309326444	0.0141105198820951	0.0045460269168585	0.000199106771343	0.0793938849764828	0.02953788645803	0.0063033889716589	0.0008724867364074	-0.1280467440088557	-0.0214819293824888	0.0163959686512694	0.0004614732899942	0.0007300117823634	0.0002820155709093	5.329172023893881e-07	7.953278223529844e-08	-9.591130210240272e-05	-0.0001574384050619	2.4786851388464402e-08	9.198977870978361e-09	0.0002430351544022	0.0001220485397914	1.4895846065212948e-08	5.9066086275301195e-08
838.3887277187208	0.9479515807648796	702895.6587658154	0.8986121994746339	1219.779547153559	-4.620736430462102	1487862.143654141	21.35120515979965	810.0473681510763	-0.3791593998037115	656176.7386484853	0.1437618504595107	910.4866246400182	775.6781353143859	1.169895	40.389744	0.1768076375954422	0.1025022854303538	0.0915064725	-0.0422582263	0.0819827695	0.1197945416	0.0400754731	-0.255880045	0.067138276	-0.1073027977	-0.0824125331	0.0724303373	0.0907026252	0.1980599497	0.1186997317	0.0732812073	-0.070849099	-0.0570067872	0.0857803731	0.2596346346	-0.130226012	-0.0634880177	-0.0353214231	0.03568782	-0.1412615459	-0.0235453516	-0.0651193713	0.0807269363	-0.1500662939	0.1820684749	0.2113579666	0.0738468114	-0.0735305162	0.0759589815	0.1048718925	0.0362391883	0.0671297127	-0.0807076195	0.0802313945	0.1041532003	0.0032612171	0.1021462091	0.1431546986	0.0078042131	0.1844556945	0.072543236	-0.0781505954	0.1394331531	-0.0384293281	0.1325855801	0.0767409982	-0.0400032968	-0.0974331686	0.1338805509	-0.0586728257	0.1326015905	0.0344545166	-0.0726809781	-0.0191838367	-0.0350839359	0.1430813641	-0.011028099	0.1125371492	-0.0733627284	-0.0088513528	-0.2117421005	-0.2687271333	0.0644717778	0.0591516956	0.1620718471	-0.271362416	-0.1878933445	-0.0080345674	-0.1189114907	0.0687556443	-0.0686988012	-0.029294895	-0.0577225536	-0.2019482683	-0.0929570802	0.0798949902	0.1280807111	0.0970824179	0.0680811027	0.0399472845	0.0764053566	-0.0231283878	0.0096792556	-0.0140976657	-0.1319716927	0.0747302393	-0.0736776313	-0.0117920789	-0.0176626344	-0.1653010266	0.0884855964	0.0303734308	-0.1118250742	-0.030738473	-0.1196294238	-0.002465477	0.0586522131	0.0067466496	-0.0850047286	-0.2661677213	-0.1377375667	-0.1709113113	-0.0146302112	0.4289140381	-0.1476826503	-0.068241015	-0.0323800233	-0.0196333612	0.2861230058	0.0357166579	-0.0405195094	-0.1011879983	0.0563629467	0.0146689031	-0.0717238087	-0.0494042187	0.1266188352	-0.0912870929	0.0724086969853203	0.0049844660526759	0.0052430193991119	2.4844901830278587e-05	0.1142948634711871	0.0349009784947043	0.0130633158158973	0.0012180782998878	-0.2164400190085729	-0.0883932749997171	0.0468462818284313	0.0078133710651756	0.0011600954455382	0.0004300836631747	1.3458214427584748e-06	1.8497195732985483e-07	-0.0003892152826656	-0.0002933039805631	8.60272250142164e-08	1.5148853626046292e-07	0.0004902258716311	0.0002471907172289	6.110325068413805e-08	2.4032140521647175e-07
845.190667211197	6.801939492476208	714347.2639409084	46.266380859307496	1225.2497682499709	5.470221096411933	1501236.9945966073	29.92331884363017	813.6747456002743	3.6273774491979793	662066.591627671	13.157867158950038	913.953692303882	797.4106626081773	1.188835	41.043644	0.2440347170366907	0.1463439494121097	-0.0518702041	0.2375650755	0.0476650674	0.1112441133	-0.1240443538	-0.2933532736	0.0117481993	-0.0506041761	0.2610063953	0.2066913031	0.0036094281	0.1562427745	0.1058045539	0.0542650703	-0.0583627821	0.1911052276	0.1718638278	0.1997776493	-0.0889494635	-0.0084741697	-0.0881430706	-0.0661789727	-0.1487124696	-0.1249604486	-0.2233947158	-0.0286730987	-0.0639663159	-0.1037899925	0.1634216188	-0.0278277221	0.0848497615	-0.1205655839	0.0473501408	0.0111843966	0.0478936248	-0.0366580651	-0.2196197517	-0.0087566354	-0.1057809545	0.0903704038	0.0909478332	-0.0206973272	0.0453631038	-0.0062005693	0.1056552704	0.0020742198	0.0857403303	-0.0819708444	-0.0330056752	-0.1156012969	-0.0253966254	-0.0586204265	0.038366976	-0.2050929364	0.0291492066	-0.038872143	-0.1017351984	0.1124019457	0.1356358621	0.2068725684	-0.1957524981	-0.0740931012	0.1200556783	-0.0441815665	-0.2569082443	-0.0777244692	-0.0979590644	-0.0984975663	-0.0425783182	0.0513091533	0.1304833964	-0.0909090297	0.1062823411	0.1174347202	-0.1212572204	-0.0606077015	0.0507438089	0.0240210462	0.0577055523	-0.0321641128	0.1108733094	-0.0072454499	0.0081384575	-0.0204453306	0.0168545347	-0.136401281	-0.1914489501	-0.0245987582	-0.0234201736	0.1531877045	0.0843872466	0.0629935889	-0.0994168241	0.2597337052	-0.1252601661	0.016589634	-0.0659019371	-0.2023409639	0.0713633425	-0.0035937139	0.0634242296	0.067428604	-0.1021704344	0.0697666593	-0.1620869514	-0.0765560015	0.1562115523	0.0521587346	-0.1064455182	-0.1422209961	0.194443363	0.1690325302	-0.0722242387	0.0825761704	0.032370929	0.0748394487	0.0680204299	-0.0745091236	-0.0430942802	0.1242524367	-0.1003291122	0.0787696511764721	0.0063609541911517	0.006204657946463	4.046173822193153e-05	0.0884520091970983	-0.0258428542740888	0.0078237579310035	0.0006678531170317	-0.320801938045328	-0.104361919036755	0.1029138834536384	0.0108914101450342	0.0026906665516263	0.0015305711060881	7.239686492040565e-06	2.3426479107917507e-06	-0.0003161075239113	7.31077587543e-05	5.3447443900769284e-09	9.992396667333313e-08	0.0010359267974826	0.0005457009258515	2.977895004751844e-07	1.073144329742556e-06
843.0827763758255	-2.1078908353715637	710788.5678215701	4.443203773843427	1223.0450491080608	-2.204719141910118	1495839.1921477388	4.860786494704888	812.6586066712724	-1.0161389290018406	660414.0109968939	1.0325383230330076	915.262191424118	810.3600889814487	1.071525	36.993591	0.082972820178995	0.0484657223354697	-0.1247431373	0.27207671	0.1400182876	-0.043954105	0.1296894375	-0.0141865053	0.0143132365	0.2233660681	0.0589697591	0.2359555057	0.0314145837	-0.0132663834	-0.1057331619	0.0122020212	-0.1439940358	-0.0199328883	-0.018969282	-0.0133094858	0.0553054155	0.2637456038	-0.1193562807	-0.073368757	0.0444945912	-0.0274060764	-0.2102479351	0.0502682304	0.1231951026	-0.0406738427	-0.0241762805	-0.0703355782	0.0552950807	-0.071715787	0.0353696006	0.0089223763	0.0920677995	-0.0522034123	0.1449249178	-0.0534543745	-0.1232979944	0.0363303882	0.1653162632	0.1198420326	-0.0453519492	-0.0761938324	0.0329772971	-0.0732113996	0.07213413	0.2204464274	-0.02862648	-0.0110175714	-0.0958012778	0.0815189099	0.1073477731	-0.0342123437	-0.208735241	-0.0132960512	-0.082810827	0.2443836269	-0.1120630218	-0.0256494311	-0.1540780045	0.0543574562	0.1167742157	-0.0407518355	-0.0975933518	-0.0050486299	-0.1034626059	-0.1322648227	-0.0811386673	0.1082989254	-0.1232453067	0.0532275731	0.0477536577	-0.0645112694	-0.0291468963	-0.0794262792	0.0905837238	0.0288921958	-0.098762254	0.1381371957	0.0132111787	0.0859449252	-0.0844199111	0.1741722399	0.1230126944	-0.0027736618	0.1003603164	0.0294755436	-0.1361641587	0.0112187286	0.0284932288	-0.163705591	-0.1509805312	0.1926513943	-0.1109560631	0.0943007294	-0.0215941163	-0.1796977061	-0.0089308661	-0.1038642795	0.0380560935	0.0700291761	0.0740380026	0.1079996073	0.1500739764	0.1992724852	-0.0567658845	0.0650079606	0.0563482304	0.0950223271	0.1043416581	0.0625005045	-0.1712908142	0.0554880476	-0.0112078618	-0.0698611489	0.1339865377	-0.0772433738	-0.0366662233	0.1211199807	-0.1082719048	0.0762158407283095	-0.0025538104481625	0.005808854377923	6.521947805144429e-06	0.1312102589212145	0.0427582497241161	0.0172161320461721	0.0018282679194698	-0.2996499674477917	0.0211519705975362	0.0897901029914626	0.000447405860159	0.0025626733739398	-0.0001279931776865	6.567294821499997e-06	1.6382253534288053e-08	-0.0003793514271077	-6.324390319639999e-05	3.9997912915156125e-09	1.4390750524864866e-07	0.0008969880901819	-0.0001389387073007	1.930396438638962e-08	8.045876339281723e-07
838.17998338454	-4.902792991285423	702545.6845465078	24.03737911539747	1227.3568348131682	4.311785705107468	1506404.7999625988	18.591495966769106	809.573473179594	-3.085133491678448	655409.2084760708	9.518048661476053	913.769060720582	769.6884343026792	1.119473	38.648964	0.1016237733281943	0.0466406405430093	-0.1749392084	0.0181069931	0.0136220292	0.2041970515	0.0577509481	0.0659224192	0.0825526533	0.1277360586	-0.0268388471	-0.0604478526	0.194138517	0.1647858761	0.0091384161	0.171897857	-0.1145001369	0.0440995435	0.0082627121	0.020244281	-0.1815222002	0.1188157067	0.1157734026	-0.01879132	-0.0352754007	0.1153584064	0.0792218316	-0.1312983571	0.1464089947	-0.0650045121	0.1079151787	-0.0947862918	0.0542273247	0.0237247221	0.0915497388	-0.15021421	-0.0228832212	0.1345681428	-0.0190321343	-0.0511524825	0.042653078	0.0299164202	-0.0412526114	0.0198025635	0.0526461627	-0.0359840905	-0.1072061262	-0.0719576262	0.0215892485	0.0016041196	-0.1849262129	-0.1461200448	-0.0462533861	0.0852618473	0.0411858835	0.1052378555	0.143920864	0.0456611511	0.0685704101	0.1769162148	-0.1094635209	0.0962335453	0.0965420123	0.0030641048	0.0012519982	-0.1232078358	-0.136482185	-0.1387497464	-0.0506701091	-0.0402476659	0.0933952275	-0.0367818597	-0.2324221825	0.0521582801	0.0964205139	-0.0530858561	0.0193559498	-0.0105313085	-0.0078905106	-0.1231647553	-0.0099283602	0.0316522417	0.0825336406	0.0834357822	-0.0241107324	-0.0854958218	-0.0952794174	-0.1400945306	0.0904139476	-0.1924017471	0.1242890323	-0.0260947561	0.0751453547	0.1840497351	0.0279718623	0.1876431889	-0.1845580476	-0.0633175655	-0.0705938237	-0.0374262219	-0.0528945489	-0.2152481902	0.1189224242	0.0086349975	0.0264464867	0.0484964299	-0.0030026038	0.0543193359	0.0488338134	0.0052639443	-0.0504595497	-0.1273089792	0.0365314539	-0.0016006807	0.0203624874	0.0073049813	0.0952835338	0.0531727918	-0.1518068839	-0.0799246852	-0.0301376669	0.1172407796	-0.1150284477	0.0820386214680013	0.0058227807396917	0.00673033541237	3.390477554252571e-05	0.0990524613975907	-0.0321577975236237	0.0098113901089211	0.0010341239415703	-0.280077867919168	0.0195720995286237	0.0784436120981469	0.0003830670799583	0.0028461829020906	0.0002835095281508	8.10075711215287e-06	8.037765255228946e-08	-0.0006461964459596	-0.0002668450188519	7.120626408607087e-08	4.175698467708184e-07	0.0005659207264595	-0.0003310673637223	1.0960559932209989e-07	3.202662686364483e-07
838.5808142791097	0.4008308945697081	703217.7820770148	0.1606654060415524	1219.7271624113384	-7.629672401829794	1487734.3507240156	58.21190095924321	809.0884846626444	-0.4849885169495564	654624.1760136941	0.2352138615729302	910.5749200190832	778.4580408704868	1.035863	35.762405	0.1390771372286841	0.094239891385473	-0.1649564663	0.0196588192	-0.061458863	0.0774569628	-0.0122466105	0.0665214261	0.1174283195	0.0028065968	0.1492234072	-0.0732772238	0.1149909251	-0.1153343352	-0.0911949199	0.2158990718	-0.0510818087	-0.0757822852	0.190184233	-0.069856123	0.1363834936	-0.2114729559	-0.166854027	-0.0358811501	0.1360238631	0.0254870992	-0.1057143118	-0.0479856552	0.182518865	0.1026127835	0.1123995289	-0.0619612857	0.0969770353	-0.0839384661	0.0555224813	-0.0637253446	-0.1059855538	0.0533773966	-0.0025100625	0.0489439026	0.030853884	0.0470473384	-0.0095731517	-0.1786602024	-0.0165365651	0.0729169652	-0.0119384885	-0.0606587767	-0.0353464329	0.0351689973	0.04493124	0.0451644067	-0.061610676	0.0073907721	-0.0203834768	0.0522025622	0.0944750726	-0.0541539721	0.0960957264	0.080473343	-0.0489025	0.2193734765	0.0687474585	0.0837304687	0.0545196852	0.0413678321	0.0149452167	0.1081199741	0.0464970441	0.0139206695	-0.1368051822	0.0865634273	0.0078536087	0.0713774311	-0.0671849763	-0.1495611447	0.0388549711	0.043032968	0.1193372434	-0.0456346223	0.1086149385	0.0842490433	-0.0149639256	0.0577571318	0.0196973027	-0.1493517381	0.0797388056	-0.0689766886	-0.0945968245	0.0853788901	0.0685744227	0.0729702394	-0.2165355672	0.11203666	-0.0385471358	0.1381993639	-0.1579824113	0.0130931139	0.0397273969	-0.0344981057	0.0765166847	-0.1598639344	0.016903795	-0.0919600681	0.0296384505	-0.1249601453	0.1183728108	0.1476656947	0.0436264155	0.0721127962	-0.019187464	-0.0007087078	0.0530266771	0.0072802621	0.0736560468	-0.0682280776	-0.1087152233	-0.0580974064	-0.0516846358	-0.0825512202	-0.0235265052	0.1126387502	-0.1205247148	0.0749524481283003	-0.0070861733397009	0.0056178694804255	5.021385260028909e-05	0.1914864839682621	0.0924340225706713	0.0366670735425275	0.0085440485285953	-0.2774346902273663	0.0026431776918017	0.0769700073415546	6.986388310438287e-06	0.0024710920095964	-0.0003750908924942	6.106295719891174e-06	1.4069317763209572e-07	-0.000396942125566	0.0002492543203936	6.212771623487542e-08	1.575630510488541e-07	0.0004519906668171	-0.0001139300596424	1.298005849012082e-08	2.042955628897667e-07
841.4742162510274	2.893401971917683	708078.8566152808	8.371774971097137	1221.7570107825716	2.029848371233129	1492690.1933963648	4.120284410197787	809.9748618754935	0.8863772128490837	656059.2768702247	0.7856645634581098	912.491684690798	793.3952432628362	1.062941	36.697243	0.1312499208438381	0.0837881539096179	0.0314698442	0.1158537573	0.005359612	0.1311983393	-0.1212315707	-0.0379023225	0.0916274023	-0.0406075045	0.1992859646	0.0136700608	0.1274615999	-0.0824698899	-0.1443013004	0.0889121342	-0.0868070189	0.133342861	0.1112973152	-0.0723649156	0.1089504029	0.0694012231	-0.0406356389	-0.0196287035	-0.0768788627	-0.0249954345	-0.1281044217	-0.0108630058	-0.0528167018	0.0390106731	0.0660655041	-0.1087331487	-0.0565747103	0.075405565	-0.0356025758	-0.054518539	-0.0068870824	0.0066516346	0.0239777015	-0.0332524503	0.0518336806	0.0677326158	0.0386256187	0.0005096892	-0.188377047	0.1658532811	-0.128196359	0.1482775335	-0.0569846728	-0.0294213166	0.0190505113	0.1647322416	-0.0019007355	0.1271743202	0.0902311756	-0.03560192	-0.0111357541	0.1274103453	0.0931753675	0.1174587205	0.111312669	0.1462505347	-0.010360235	0.0837067442	-0.0943958291	0.1944077123	0.0015638848	0.2046138659	-0.0472831304	-0.0889212092	-0.1187648395	0.0259797641	-0.1425273627	0.0515687415	0.0710195574	-0.0752787123	0.0806357316	-0.1017196464	-0.04112159	0.0432551006	-0.1339610816	-0.014328617	0.0810577881	-0.0216162655	-0.1078143985	0.0560327129	-0.0392685229	-0.0117831171	-0.1133155664	-0.0077618689	-0.0158523597	-0.0158205461	-0.0521524176	0.1728025337	0.0982690472	0.2292046074	-0.0147974331	0.0310633625	-0.0832421051	-0.2211241712	0.1616375604	-0.1046399073	-0.0260390212	-0.0758648654	0.0198428468	-0.093662165	-0.1542800813	-0.0668506456	-0.0309975916	0.0293688886	-0.0062797568	0.0143972653	-0.0120418185	-0.1312161571	0.090911369	-0.0917519204	-0.0277801546	-0.1709505778	-0.0353927981	-0.0851211787	-0.016850859	0.1073422654	-0.124700488	0.0733586162852049	-0.0015938318430954	0.0053814865832799	2.540299944064889e-06	0.1234876364617605	-0.0679988475065015	0.0152491963589119	0.0046238432622124	-0.3206340012820874	-0.0431993110547211	0.1028061627781616	0.0018661804756025	0.0028400934254195	0.0003690014158231	8.06613066511107e-06	1.3616204487945252e-07	-0.0003968584221292	8.37034367999717e-08	7.006265332126857e-15	1.574966072148783e-07	0.0004520641563476	7.348953049996897e-08	5.400711093105871e-15	2.043620014542673e-07
843.0748335388108	1.6006172877833933	710775.1749464936	2.561975701951066	1225.4992261614118	3.742215378840229	1501848.353322219	14.004175941628311	814.7915516305477	4.816689755054199	663885.2726085155	23.20050019644408	914.0782337991276	790.3852535550038	1.047788	36.174084	0.0866823017613836	0.0526288505316003	0.0899519512	0.1487192588	0.055743639	0.0746926357	-0.177585288	0.1096358759	-0.0886635832	0.0468304241	0.0645262754	0.1898810374	-0.0357243021	-0.1789807373	0.0282711364	-0.0860182252	-0.0641630385	0.1155136174	0.2134312974	-0.0118642527	-0.0055947521	-0.0765413742	0.0467968343	-0.1103379317	0.1278391501	-0.0623469796	-0.1540824316	-0.0487791506	0.0955257917	-0.1371066096	-0.144611493	0.0325881759	0.0218865957	0.0895970234	0.0866926076	-0.032034944	-0.200797584	0.0674433946	-0.1223942539	-0.0240262993	0.0741320853	-0.0638370305	0.0041973028	0.0434710533	-0.0497056694	0.1240636748	-0.0088948567	0.0702515288	0.0690473834	-0.1078799884	0.0265355747	0.102880423	-0.0233589539	-0.0155706326	0.0645116607	0.0753393238	-0.2661861936	-0.0009024602	-0.0382309001	0.0769884559	0.0595068144	-0.0326737922	-0.1361249291	0.0190338444	0.0599273102	0.2802667614	-0.1109663458	0.0398365026	0.0851769882	-0.1797160624	0.0356168942	0.167471838	-0.0862716292	-0.095923365	-0.0801074624	0.0858594698	0.1443358251	0.0275070471	0.0627112471	-0.0833794046	0.0609396501	-0.0652313247	-0.0007229436	-0.1371798239	0.0357799104	-0.1275423439	0.0337910287	-0.0092496344	0.0701832992	0.0322090723	0.1404824419	-0.1030087686	-0.1466349108	-0.0831152532	-0.0987713745	0.1119999264	0.0433303456	0.0652188178	-0.0849811739	-0.1531912969	0.0787261696	-0.0538473298	-0.0557867905	0.0048803291	0.0425340707	-0.0605312159	0.0772861349	-0.0568651545	-0.0435011714	0.0501717443	0.0510563434	0.0779375098	0.0739479378	-0.2339287024	0.0589892072	-0.0919178589	-0.1089219013	-0.0179910381	0.0349301935	-0.0876327994	-0.0101290257	0.1013839798	-0.1275100165	0.081010400768136	0.007651784482931	0.006562685032614	5.854980577322505e-05	0.144799724256174	0.0213120877944134	0.020966960144664	0.0004542050861567	-0.2786221911401583	0.0420118101419291	0.0776303253957429	0.0017649921914014	0.0025260943470966	-0.0003139990783228	6.381152650433399e-06	9.859542118763067e-08	-0.0003969293870165	-7.096488729995983e-08	5.036015229495999e-15	1.5755293827729441e-07	0.0004520018127156	-6.234363199997131e-08	3.8867284509478466e-15	2.043056386981884e-07
839.0226628615342	-4.052170677276649	703959.0287952597	16.4200871977807	1225.157561452765	-0.3416647086467037	1501011.050384886	0.1167347731346369	811.7636088919132	-3.027942738634465	658960.156721223	9.168437228449184	914.0286895629008	795.0536695833636	1.127344	38.9207	0.1716537499389489	0.1085819831546837	-0.0112252566	0.0631467117	-0.0872828911	-0.1826388071	0.0344245653	0.0534780933	0.1615869498	0.1526261355	-0.2213865988	0.0620317626	-0.023527104	0.1405780231	-0.1223420849	-0.0133992817	-0.1165292523	0.064033318	-0.0044268175	0.097665964	0.1063461891	0.0775985416	-0.0431570951	0.1480752574	-0.0246613076	0.0936505445	0.0594347229	-0.0561741893	0.0133164005	-0.2765633652	0.0055517328	0.1097445187	-0.1240021132	0.0265368625	-0.0442902294	0.0417054953	0.1071809003	0.1645740266	0.0636770597	0.0028497366	0.1019503792	0.0518547557	-0.1413625981	0.0721669659	-0.1581600136	0.0585953443	-0.1270468933	-0.0358231361	0.0412639239	-0.0620775779	-0.047528114	-0.1276834031	-0.0521829577	0.1066774503	-0.0888973656	-0.025711584	0.0818463536	-0.0691667273	-0.0953685591	-0.0010608814	-0.1230803572	-0.1657448371	-0.0579997753	0.0870588047	-0.0224621328	-0.1228163758	-0.2161085044	-0.2511127297	0.0295637716	-0.1562277647	0.0803246379	-0.1170303179	-0.0681943712	-0.0308438282	-0.1048708572	-0.0239741283	0.1494579306	0.0614236146	-0.0352969217	0.0997934609	-0.0401448647	-0.013319351	-0.1930461975	0.0628366483	-0.1900538335	-0.0156958171	-0.047912492	0.0327589994	-0.0003063367	0.0361491801	0.0140069416	0.0348108421	-0.0355275914	0.0478215683	0.193640799	-0.036470944	-0.0863921034	0.1017621815	-0.0724903365	0.0038862225	-0.0341361926	-0.1082928223	-0.0029116009	0.0580106259	0.0924451286	-0.0068051709	0.2301113449	-0.0260433769	0.1201882782	-0.1458674465	0.0349628613	0.2283466531	0.0657414994	-0.1464972841	-0.0199429807	0.0409117044	0.0423556809	0.0842458401	0.0624625115	-0.090084361	-0.0033794295	0.0948006283	-0.1289225186	0.0785566665138333	-0.0024537342543026	0.0061711498537656	6.020811790738374e-06	0.1098457940234993	-0.0349539302326746	0.012066098464653	0.0012217772387106	-0.1858245013201767	0.0927976898199816	0.0345307452908923	0.0086114112359255	0.0021201199900289	-0.0004059743570677	4.494908772120144e-06	1.6481517859653237e-07	-0.0006931564249037	-0.0002962270378872	8.775045797542464e-08	4.804658293852787e-07	0.0003252352950307	-0.0001267665176849	1.6069750005956062e-08	1.0577799713370649e-07
837.512064154685	-1.5105987068491231	701426.4576046413	2.281908453134243	1226.5034604753766	1.3458990226115477	1504310.7385580738	1.8114441790667188	811.166242721233	-0.5973661706802886	657990.6733304822	0.3568463418732317	912.2726339820036	765.2605989352028	1.079293	37.261784	0.0425070995052477	0.0288245417401718	-0.1098462988	-0.1012502968	0.0119884864	0.049385209	0.1199657026	0.0299964703	-0.0111669528	0.0519682056	0.0155138501	-0.1442476881	0.0886006143	0.085898906	0.0374380989	0.1608503621	0.018421636	-0.0121277941	-0.2467690129	-0.1439569331	-0.2378641185	-0.0665037998	-0.2270865669	-0.0484219651	0.0401780304	-0.0377385287	0.0446398687	0.1072995449	0.0397942539	-0.10796105	0.073847219	0.078923171	0.1286826755	-0.0605669373	0.027218576	-0.0954855387	-0.0697451525	0.0490722438	-0.0517395017	0.1147456434	-0.1456699814	-0.0076967765	-0.0512007455	0.156252281	0.0277114143	-0.0119663493	0.0652055047	-0.0709197699	-0.0931593321	0.0314312172	0.0946926924	0.1439703237	0.0284347745	-0.0293730191	-0.0067185833	0.0856275681	-0.0682900661	0.141216305	0.1820670138	-0.0222450455	-0.0841057234	0.0869183425	0.1517801479	0.0113417597	0.1391015828	-0.0850228442	-0.0570869135	-0.0863289507	-0.196139055	0.0743655143	0.1017829504	0.040272371	-0.1029253448	0.0144711569	-0.0152016907	-0.0081113822	-0.1155553059	-0.0140562738	0.0207566974	-0.083574612	0.0356086665	0.1283320743	0.1010394826	-0.0245759804	0.0235197971	-0.1199570242	-0.0526713447	0.1457156913	0.1227823857	0.1461472032	-0.0940537919	-0.1016392264	0.0533539577	-0.0449409525	0.0409838333	-0.0260451797	-0.1106297495	-0.0605807179	-0.1230702402	0.0771476021	-0.0720538831	-0.1906839492	0.0750469333	0.0261178077	0.0394402489	-0.0323462781	-0.0068240642	-0.0169444543	-0.1337662946	0.0387893287	0.1553488196	0.0478731656	0.0088946554	-0.0627080747	-0.047391749	0.0431127596	0.083645049	0.0205799459	0.0849950099	-0.0924741833	0.0033794295	0.0876327994	-0.1289225186	0.0764829665691735	-0.0020736999446598	0.0058496441752213	4.300231460482086e-06	0.1097842537282502	-6.154029524910176e-05	0.0120525823666688	3.787207939346617e-09	-0.2078367671144505	-0.0220122657942738	0.0431961217645863	0.0004845398453977	0.0021360567651863	1.593677515739989e-05	4.56273850409816e-06	2.5398080241751825e-10	-0.0003972122112623	0.0002959442136414	8.75829775878266e-08	1.5777754077588604e-07	0.0002699244144082	-5.531088062250004e-05	3.0592935152364493e-09	7.285918949360968e-08
836.8370317462009	-0.675032408484185	700296.217701792	0.4556687525039596	1217.5553577968053	-8.948102678571331	1482441.0492997067	80.06854154625543	811.3207788670317	0.1545361457987155	658241.4062214069	0.0238814203583218	910.564620042765	773.481947049339	1.027173	35.462379	0.0536238425766609	0.0226931013145326	-0.0421124795	-0.2105644377	0.0699293935	-0.103784886	-0.0649762945	-0.0921507885	0.1544825943	-0.0491577355	-0.0218582937	-0.1063155306	0.0751051083	0.0225616083	0.1509025558	0.1387646597	-0.0536405737	-0.2424356982	-0.0362919244	-0.0206473705	0.0638469726	-0.1497604087	-0.0729681462	-0.0609373538	0.1949367483	-0.2163013618	0.020141981	0.1097882996	0.0523531329	-0.0009540131	0.0555529197	-0.0506595202	0.0769360749	0.0575535581	-0.027514155	0.0535455991	-0.0900812468	-0.0291929967	0.0498487147	-0.0062769235	0.0625162215	0.0445719231	0.0153706362	-0.0888362929	-0.0277358285	-0.0252853241	-0.0014329606	0.0005928597	0.1625556412	0.0035473471	0.0648117557	-0.1122168468	0.064668838	0.0156828026	0.0410433121	0.0332524893	0.0548677059	0.0985262722	0.0788606494	-0.0441181544	0.0248726683	0.1083820619	0.1594769953	-0.0207078814	0.1854007672	-0.0697643745	0.0038400663	0.0674631105	-0.0173422582	0.0916375433	-0.0579956413	-0.0634083122	-0.01901806	-0.0900705124	-0.0670085624	-0.0330971522	0.0524656428	0.1024277544	0.0639332618	0.1969723785	0.1169769597	-0.0054430614	0.0035067448	-0.1064929194	-0.0765159603	-0.0762239054	-0.1602580711	0.1224669466	-0.0304562839	0.1052419664	0.06454355	-0.0187392788	-0.1191294954	0.0821478149	0.0498099212	-0.0372236579	-0.0780456865	-0.1398259205	-0.1257981423	0.1096437752	0.0111385157	-0.0194736165	-0.0009351532	0.1364631088	0.1186887609	-0.1873261196	0.0015150538	-0.1050371238	0.0150731139	0.0384687648	-0.0566425983	0.0644488569	0.0016550188	0.0027508331	0.0597601343	0.0988282957	-0.0459113083	-0.0703996271	0.021057987	-0.0948006283	0.0101290257	0.0799246852	-0.1275100165	0.0896420419492187	0.0131590753800451	0.0080356956848254	0.0001731612648577	0.1098235080219041	3.92542936539092e-05	0.0120612029142372	1.5408995702673362e-09	-0.2216827759785573	-0.0138460088641067	0.0491432531655592	0.0001917119614649	0.0019180338543983	-0.000218022910788	3.678853866617999e-06	4.7533989628472275e-08	-0.0005568887602898	-0.0001596765490275	2.5496600309331623e-08	3.101250913371104e-07	0.0001160337934466	-0.0001538906209615	2.3682323219946832e-08	1.3463841221608234e-08
839.3710505846987	2.5340188384977864	704543.7605596607	6.421251473861671	1224.8907567648064	7.335398968001073	1500357.36600786	53.8080780197512	811.9591315249179	0.6383526578862302	659277.6312666989	0.4074941158304144	912.4808527554586	773.1523355896519	1.005733	34.722179	0.0320115572363496	0.0181788303751717	-0.0335516325	-0.1146824908	-0.0558432035	0.061573804	0.0103922396	-0.093722101	0.0281699427	-0.1221592569	0.032263332	-0.0466407309	5.80353e-05	-0.0820023543	0.0331414118	0.0315888317	-0.0484279519	-0.0835947559	-0.1050165617	0.0469125621	0.1576397468	0.0064177799	-0.0618436856	0.0022521177	0.1447980585	-0.047259845	-0.0790721056	0.1637574215	0.0728681274	-0.0751880579	-0.0065566234	-0.0394921775	0.1756599665	0.0149851652	-0.0072965303	-0.0762100331	-0.0803416159	-0.0719947467	0.0553187839	0.0813712829	0.0394141601	0.0284647187	-0.0677732155	-0.1445093444	-0.0684032312	-0.0873545708	0.0395001234	-0.0162259807	0.0963220326	-0.096421514	-0.182554091	-0.0296158461	0.1553294206	0.004228387	-0.0510795061	-0.0367995839	0.028312341	-0.0917981369	-0.2590057015	-0.0796709609	0.0469685219	0.13109896	-0.0178661549	0.0104802841	0.0918475718	0.0194667973	0.0200338067	-0.0905399479	0.0137520379	0.0369588513	0.0432724544	0.0429191096	-0.0389122079	-0.0089747391	0.0994638571	0.0459320126	-0.0050141611	0.0133531352	0.081683967	0.158500806	0.1749998344	0.0391097838	-0.1719111028	0.005238236	0.0736716496	0.106231633	-0.0189291704	-0.0412582002	-0.0442417115	-0.1232479034	0.0169781225	0.2614714525	-0.0881851199	-0.0226275795	0.0402254431	-0.0277774745	-0.0852939073	-0.038774166	-0.0640922575	0.0663899829	0.0230031785	-0.103766282	0.0735909976	-0.0570259535	0.0332471247	-0.0640230579	-0.033957102	-0.1817056168	-0.1057291178	0.0705322063	-0.022659514	0.0354950087	-0.1098423202	-0.029667179	0.0041886585	0.0430617911	-0.0116528263	-0.0742948897	-0.1168491227	-0.0970621018	0.016850859	0.0717238087	-0.124700488	0.0863399091028469	-0.0033021328463717	0.0074545799038878	1.0904081335087468e-05	0.1098632419579956	3.9733936091496114e-05	0.012069931933521	1.5787856773230972e-09	-0.2333089606086886	-0.0116261846301313	0.0544330711003066	0.0001351681690539	0.0019491165377178	3.108268331950014e-05	3.799055277605024e-06	9.661332023403322e-10	-0.0005986261273718	-4.173736708199991e-05	1.7420078109376099e-09	3.583532403721585e-07	0.0003840838595202	0.0002680500660735	7.185083792206133e-08	1.475204111439327e-07
840.936404115616	1.5653535309173776	707174.0357669026	2.4503316767555017	1224.5093757227849	-0.3813810420215304	1499423.2112330042	0.1454514992134283	814.4261493277043	2.4670178027863585	663289.952708752	6.086176839264832	914.8229022184012	786.6248013212543	1.01568	35.065594	0.0730608422346283	0.040500401029853	-0.0541279844	0.0555246685	-0.0558626306	-0.0741579407	0.1326598931	-0.0569245669	0.0065949257	0.0237248084	0.0306715962	-0.0265543007	-0.1288578715	0.0128207594	-0.0349340321	-0.075680573	-0.1306103811	-0.1273295262	-0.0451256348	0.0202135731	0.0872922868	0.0303969157	0.054087078	0.0474036191	0.1262470662	0.1189603806	0.0298198251	0.0476991335	0.1114093081	-0.0844373821	-0.016491324	0.0764046939	0.0257705744	0.0914916197	-0.0546161133	0.0422871464	-0.0494578773	-0.0052499267	-0.0385545315	0.0057913128	-0.0204310394	-0.052953695	0.1047283136	-0.1743870506	0.0063169654	-0.054533266	0.0796776846	0.1585255084	-0.2070523044	0.0092636345	0.0078121446	-0.0960037061	-0.0276600036	0.1589079159	-0.0131641276	-0.0564187308	0.1059547844	0.0104089135	-0.0776698337	-0.0553156056	-0.0730844269	-0.0291706708	-0.1061355013	0.1035612637	-0.0166738553	0.0691738291	-0.0541922762	-0.086553163	0.1470329576	0.1878107893	-0.0699102399	-0.0782464305	0.0717483473	0.0881644868	0.074453346	0.0133911406	0.0133006787	0.0173795937	0.0684460056	0.1145727812	0.0554432269	0.0104921667	-0.0064037486	-0.0604152347	-0.0317329609	0.047269516	0.1292893982	0.0479827136	-0.0683032539	0.0909573229	-0.1354996527	-0.0213641748	-0.1046681682	0.1043414426	0.0901181068	-0.0679105355	-0.1058391223	0.1516180413	-0.0425004418	0.052008784	0.0334671512	0.0328809237	-0.0716512587	-0.1214774722	0.0591534179	0.0703616442	-0.0249618891	-0.0838883824	0.0007812931	-0.0546293313	-0.0478299762	0.0796302811	-0.1853574511	-0.0981561783	0.0516897282	0.1290562278	0.0003580868	-0.120726972	0.0557563149	-0.0992570537	0.0235265052	0.063080731	-0.1205247148	0.0858088602384441	-0.0005310488644028	0.0073631604954208	2.820128963835093e-07	0.107519666830953	-0.0023435751270425	0.0115604787554391	5.492344376092735e-06	-0.2013495038224704	0.0319594567862182	0.040541622689555	0.0010214068780701	0.0017020102472187	-0.0002471062904991	2.8968388816374603e-06	6.10615188042256e-08	-0.0003979423795732	0.0002006837477985	4.027396663049208e-08	1.583581374603808e-07	6.733866867860566e-05	-0.0003167451908415	1.00327515921278e-07	4.534496299407027e-09
838.954899731157	-1.981504384459072	703845.3237829156	3.926359625630525	1229.1127268855732	4.603351162788385	1510718.0953920898	21.19084192794518	812.4389249111744	-1.987224416529898	660057.0067108248	3.9490608816525934	914.7093803863388	781.8519241161468	1.006716	34.756104	0.0808626607636222	0.0538105738080683	-0.1043636989	-0.0443412473	0.0574799738	-0.0890637188	0.2106624348	0.0211883349	-0.1194669836	0.1177592459	-0.0636478053	-0.203783578	-0.0308665063	0.0741494067	-0.0540879473	-0.06145984	-0.0623619174	-0.063534404	-0.0533340357	-0.0360810327	-0.087203104	-0.069204709	-0.0112730494	-0.0046215531	-0.1643180934	0.1016368774	0.0972156148	-0.0938887162	0.0462141565	0.1064142295	0.0135096065	-0.0974124048	0.0909897095	0.0377399367	-0.0622893303	-0.0624869086	-0.001291077	0.0873787756	0.046830821	0.1846231824	0.1399050203	-0.035371013	0.0398810649	0.0281006536	0.1774093904	-0.0320269279	0.0679608712	-0.0013098582	-0.0442534742	-0.1248343609	0.1446273605	0.1004095836	0.0579929761	-0.0832667401	0.0290595545	-0.1257269148	0.1541552921	0.0813190235	-0.0821812906	-0.070567924	-0.2083683891	-0.0904283653	0.0302380451	0.1201273502	-0.0108335811	0.0098007088	-0.0066944886	-0.036035809	0.2083852238	0.1639332764	0.1494142408	0.0688071995	0.033951087	-0.0241208744	-0.0407932219	0.0296770506	-0.0990433171	-0.111472502	-0.120110525	-0.0478379574	0.1252914565	-0.0633564513	0.0516531606	0.023520976	0.0983377157	-0.0888552882	0.0624171196	-0.0809399568	-0.1191871795	0.147901749	-0.0640177071	-0.0130229889	0.0283274406	-0.0425070929	0.0224548047	-0.1826316286	-0.1044204847	0.0274095891	0.0142415206	0.1152490107	0.056934363	-0.0115937552	-0.103234259	-0.0711471989	-0.0630297189	0.0826639382	0.138646413	-0.0052205525	-0.0769671074	-0.0025643838	-0.0444319914	-0.0393168272	0.0079599959	0.0821762023	0.0268005978	-0.0344553077	-0.0909887277	-0.0386102606	-0.0931776302	-0.1013839798	0.0301376669	0.0540487397	-0.1150284477	0.0764082250069719	-0.0094006352314721	0.005838216848716	8.837194275519625e-05	0.107432269327873	-8.739750307999727e-05	0.0115416924929366	7.638323544618133e-09	-0.1562425109954901	0.0451069928269803	0.0244117222421758	0.0020346408018932	0.0017020673504725	5.710325379996301e-08	2.897033265544476e-06	3.2607815945429894e-15	-0.0008333669734865	-0.0004354245939132	1.895945769845622e-07	6.945005124980487e-07	0.0001572096755533	8.987100687469433e-05	8.076797876671356e-09	2.4714882087573852e-08
836.8965385746013	-2.058361156555634	700395.8162781491	4.236850650817047	1226.797075544085	-2.3156513414883197	1505031.064563519	5.362241135336653	811.6712515810702	-0.7676733301041168	658810.220643181	0.5893223417531442	913.4852412333954	773.1318050339595	1.018885	35.176262	0.0487857609452305	0.0263936065651979	-0.0864906263	-0.2155272504	-0.0164965816	-0.1415904722	0.0105932364	-0.0155067099	-0.0192123732	0.0074188881	-0.0745861803	-0.2081853435	-0.0411288894	0.047509266	-0.0399116663	0.1275515293	-0.0810052119	0.1130447875	0.0029429423	0.0140540528	-0.0145901807	-0.0772232194	-0.1042443141	-0.0086718332	-0.0980384337	0.0469442318	0.2458608305	0.1652554353	-0.0159383961	-0.1083378634	0.0002071057	-0.0792507106	-0.1065807033	-0.0507415998	0.0676897175	-0.1227971158	-0.0420844133	-0.0319525921	0.0535587809	-0.090900744	0.013731111	-0.1787179346	-0.0694464637	-0.0468777856	0.0302047312	0.0187784454	0.0317660422	0.0023460716	0.0210585465	-0.0499265315	-0.0058237554	-0.0020334096	-0.1740043843	0.0347888619	0.0185848152	-0.1355394133	-0.0022300674	-0.076604431	-0.0287212217	-0.1631248218	-0.139991314	0.017103207	0.1199291872	0.095718215	-0.0332963806	0.0908400199	-0.0571099191	-0.0330788999	-0.1245464674	0.1277016665	0.0634976105	-0.0715521609	-0.0050074855	-0.0533712734	-0.0744015541	0.0124147288	-0.0413562317	0.0139020404	0.078243603	0.0989327534	0.0283384976	-0.1415774523	0.0130118044	0.0443450924	-0.049967025	0.0971591751	0.1250860714	0.0096911188	0.0306996874	-0.0683082864	0.1850803235	0.0454832026	0.0202618721	-0.1692659805	-0.0366155088	-0.2044989486	-0.0972267681	-0.059546513	0.0446197295	0.1140211157	0.0587327988	-0.0462980964	-0.247788972	0.0338351549	-0.0014031713	-0.076615268	-0.1480135429	0.1385448566	0.052384117	-0.0008846564	0.1049057426	0.0131145008	-0.0175406756	0.033977102	0.0186060827	-0.0275061563	0.0550382974	-0.0276251406	0.0006367983	-0.1034414224	0.0366662233	0.0446835199	-0.1082719048	0.0764797627773532	7.153777038129694e-05	0.0058491541144802	5.117652591127165e-09	0.1099786295221747	0.0025463601943016	0.0120952989515757	6.483950239124177e-06	-0.1336250171956479	0.0226174937998422	0.0178556452205371	0.0005115510257859	0.0019329694240791	0.0002309020736066	3.736370794424688e-06	5.331576759582775e-08	-0.0008400745263192	-6.7075528327000845e-06	4.4991265003462925e-11	7.057252097704283e-07	-7.618808162150679e-05	-0.0002333977571748	5.447451305423008e-08	5.804623781165381e-09
839.2635152689015	2.366976694300206	704363.2480615138	5.60257867136033	1224.6857775924798	-2.1112979516051382	1499855.2538372967	4.457579040452052	809.0496218255225	-2.6216297555477013	654561.2905760211	6.8729425751731	910.545021279966	760.7956887251305	1.008694	34.824421	0.1171821424625058	0.0575132151047082	-0.0514998266	-0.1723198663	-0.1168967806	0.014908096	0.002983416	-0.0647796951	-0.239512139	-0.1077162376	0.0096222843	-0.0884937566	-0.1374710581	-0.1178996403	-0.0157355384	0.0405008376	-0.0681433501	0.0312711216	-0.16159698	-0.0269276002	0.0203234245	-0.0256945234	-0.0736991592	0.1841694869	-0.1897906951	-0.0157512736	0.227827156	0.0478534057	-0.0182611579	-0.0460636903	0.1132254101	0.079069082	-0.0938702306	0.0350051929	-0.1158796247	0.0389469274	0.0012535379	-0.0729871153	-0.1621826249	-0.0526628367	0.1218464586	0.1096733465	0.0844441242	0.1182909726	0.0257184129	0.0604375632	-0.0247850886	-0.1116847615	0.0356930426	-0.0416140508	-0.1531429968	0.1664962865	-0.0022138257	-0.0087993433	-0.0555947444	-0.0545434362	0.0891245557	-0.0310076644	-0.0508958837	-0.278929715	-0.0688615353	0.0668166335	-0.0034454077	-0.0077327203	-0.0305965866	0.1104771738	0.0063805191	-0.073296564	0.0035683164	-0.067811291	0.1366648724	-0.1270691047	0.0547625216	-0.0849874761	-0.1728591469	0.0084550978	-0.104656763	-0.1493470166	-0.0194571448	-0.0469228975	-0.1857772219	-0.0100487987	-0.0905029429	-0.1237538546	0.0223933592	0.0332399661	-0.1204170062	0.0541189115	-0.059521039	-0.0860746704	-0.0187397796	-0.0439865215	-0.0211867731	0.1788610399	-0.0470553161	-0.2606706327	-0.0570693903	-0.0089859488	-0.0635090566	0.1442337255	-0.1209917603	-0.0204552562	0.019047286	-0.0309231458	-0.1335896483	0.0459313365	-0.0851255394	-0.0861943886	0.0373048881	0.0913683156	0.1140336166	-0.125970548	0.1072122975	0.0207604668	-0.0034355251	-0.0827393118	-0.0252088812	0.1318838781	0.1069303369	-0.1054279714	0.0430942802	0.0350428114	-0.1003291122	0.0865123064517234	0.0100325436743702	0.0074843791675969	0.0001006519325781	0.0725372196903322	-0.0374414098318425	0.0052616482404035	0.0014018591701959	-0.1003657168682892	0.0332593003273587	0.0100732771224855	0.0011061810582654	0.0016469864834341	-0.000285982940645	2.712564476614623e-06	8.17862423399616e-08	-0.0003980637955742	0.000442010730745	1.9537348609372893e-07	1.584547853469385e-07	-7.717218281019561e-05	-9.841011886888192e-07	9.684551495787469e-13	5.955545799690251e-09
840.2502905664634	0.9867752975618488	706020.5507970261	0.973725487878275	1225.7007614365198	1.014983844039989	1502342.3565860644	1.0301922036621929	812.4885914579351	3.4389696324125225	660137.7112492993	11.82651213265552	914.7133966478368	778.7789314604929	0.998725	34.480236	0.1231943834638746	0.0772578088301578	-0.083978397	-0.0566946697	-0.0327452266	-0.0772272058	0.1027071548	-0.0235772556	-0.1825508716	0.0253441398	0.0069369758	-0.1453706747	-0.1845315562	-0.1483538667	0.0109468331	-0.0678155068	-0.0808271109	-0.0493829774	-0.1284065342	0.0122532842	-0.0855747153	-0.067920953	-0.0322817446	0.0664804541	-0.0240156814	0.0033058597	0.0985590848	-0.0472330152	0.132941468	0.0382677974	-0.0185669595	-0.1166232899	-0.0692256646	-0.0453874977	0.1405725417	0.1257371522	-0.0946362427	-0.0586519835	0.0019265134	0.0960088102	-0.0038933602	0.0761285858	-0.0645746556	0.191676849	-0.0097042703	0.123013969	0.1787977076	-0.0048049012	-0.0228866592	-0.088803279	0.0060596731	-0.0330025819	0.0447255275	-0.0722943024	0.0572716883	0.0241369468	-0.0041675265	-0.1332692743	0.0760466943	-0.1616061123	-0.1443484595	0.0057762914	-0.0233814749	0.0317958295	0.1939975905	0.0282911134	0.128448505	0.0665887246	0.0464612974	0.1246264095	0.0417284591	0.0657186808	0.0712462318	0.0323752895	-0.1281995528	0.0519235203	0.0490352362	0.0214506978	0.0203415201	-0.1819345165	0.0878345626	0.0047350435	0.0910646798	0.1728250239	0.0257239077	0.0812878302	-0.0274573472	-0.0094926429	-0.0469859337	-0.1119219302	-0.0268921197	0.0457341287	-0.0584660581	-0.0475211992	0.0946859345	-0.2061835629	-0.0722763479	0.0673094977	-0.0595895768	0.1398163117	-0.0595600126	-0.0656182951	-0.0325251309	-0.0875898349	-0.0780572278	0.0155799041	0.1345099452	-0.0552422328	0.0079684999	0.0497509353	-0.1390741393	-0.1534445221	-0.0028284143	0.0442553362	-0.0035997281	0.0217178305	-0.0129087523	0.0272536937	-0.0325661428	-0.1073422654	0.0494042187	0.0251860523	-0.0912870929	0.076459325735982	-0.0100529807157414	0.005846028492001	0.000101062421271	0.1334185434311905	0.0608813237408583	0.0178005077313004	0.0037065355804391	-0.1480246901677517	-0.0476589732994624	0.0219113088992588	0.0022713777359588	0.0015549857356726	-9.200074776150014e-05	2.4179806381452567e-06	8.464137588675173e-09	-0.0003980607482925	3.047281699978393e-09	9.285925759023208e-18	1.5845235933118507e-07	-7.71905019232447e-05	-1.8319113049094542e-08	3.3558990290550583e-16	5.958373587162444e-09
841.0833133446752	0.8330227782117845	707421.1399868571	0.6939269490196799	1228.3041986451112	2.6034372085914583	1508731.2044092088	6.777885299078484	813.2730969368143	0.7845054788792822	661413.130201197	0.6154488463916119	914.67095421336	794.7638929763239	1.025032	35.388481	0.056249615933657	0.0488865906124871	0.0621970299	0.0090517994	-0.1070297611	-0.2248917137	0.0487606228	-0.1206413446	-0.0671508195	-0.0203501531	-0.0571668153	-0.0759957751	-0.2138515129	-0.1181776227	-0.0970485157	-0.1020723616	-0.2184956708	0.1035161058	0.0463875582	-0.0399990628	-0.0421387138	-0.0577660254	0.0943089286	0.1232166144	-0.0393910778	0.026079428	0.1307825916	-0.0379804071	-0.1069440055	-0.0937696869	-0.1756394394	0.0129856841	-0.0512990813	0.1585571467	0.038309993	-0.0487747062	-0.0221956386	0.0859461462	-0.0141187014	0.1283892754	-0.0702981996	-0.144654375	0.0251678319	0.0311168106	0.023379553	0.1268402061	0.0689176429	0.0427905786	0.0355671458	0.033254016	-0.0051584904	-0.0098684168	-0.0149277598	-0.037595874	0.1632191333	0.0302820308	0.0888818794	0.1122074342	0.03903563	-0.165390619	-0.1109956456	-0.1175112082	-0.0937073939	0.1517687242	-0.0842290492	0.1455155647	0.033694977	0.1080613494	0.0197801231	-0.0276103597	0.023854592	-0.1103698275	0.0718924394	-0.0136090888	0.1378429811	-0.0597419031	-0.0373613667	0.1320424955	0.0714866796	-0.1159158482	0.0881064212	0.0131391617	0.1417811729	0.0250892432	-0.0552139894	0.0484011646	-0.0584744213	0.0009318727	0.1592953364	-0.1160768052	0.0018799424	0.0253252663	0.0664529425	-0.0935531228	-0.0574695096	-0.255957865	-0.0085927824	0.2109786262	-0.0975737751	-0.0155646303	0.0615832228	0.110552578	-0.2023375038	-0.042738068	0.0050337114	0.0893282034	0.0042736693	-0.0459794711	-0.0298404425	0.0544861455	-0.0778081084	-0.1016826461	0.0259722396	0.0026801966	0.0349418195	0.0304052484	0.0946723267	-0.0831529925	0.0431447287	-0.1091829923	0.0555787436	0.0151740128	-0.0812449131	0.0764593140380327	-1.1697949303668409e-08	0.0058460267031665	1.368420179111962e-16	0.0845854820838951	-0.0488330613472954	0.0071547037793649	0.0023846678805487	-0.1479599036717971	6.478649595459407e-05	0.0218921330945674	4.197290058074634e-09	0.0017019863981493	0.0001470006624767	2.8967576994852274e-06	2.160919476858868e-08	-0.0003980658984421	-5.150149599971941e-09	2.6524040902091128e-17	1.5845645950251624e-07	-7.716118670039057e-05	2.9315222854135566e-08	8.59382290987632e-16	5.95384873301253e-09
840.0680357557391	-1.015277588936101	705714.3046985057	1.0307885825959024	1230.7221744508672	2.4179758057559866	1514677.070685071	5.846606997221312	811.2516889369234	-2.0214079998909256	658129.3028030108	4.086090302023032	914.2098995232648	786.4260535393333	0.969154	33.45932	0.0592122638082948	0.0344460878089995	0.0984526147	0.0241657654	-0.1071069387	-0.2305577537	0.0618681871	-0.0099589462	-0.0207279922	0.040799058	-0.1263172578	-0.0740687581	-0.1645107228	-0.0498272545	0.0104819915	-0.1937138494	-0.101338074	0.106442398	-0.0067541883	0.0156763413	-0.2517789898	0.0125761957	-0.0690940061	0.016031855	-0.0756855639	-0.0146214393	0.1258148043	0.0624499004	0.161960295	0.0892445233	-0.1072443189	0.0207801473	-0.0026091861	-0.058633055	-0.1541132836	0.0819008847	-0.0412034613	0.0001183005	0.070520124	0.0640221994	-0.06449014	0.1050549396	-0.1712541171	0.0636800626	-0.0877873848	0.132922233	0.1416053586	-0.1295867118	-0.0966529333	0.0342681427	0.0471590606	-0.04151564	-0.1499091443	0.049891965	-0.2329409069	0.0606560629	-0.0120460597	-0.0272379909	-0.0788097871	-0.1531694119	-0.0855603963	-0.1889546086	-0.0225049951	0.2131247031	0.0686751415	0.066032973	-0.0282206375	-0.054146425	0.0039670217	0.0216897209	0.0213749616	0.1865652709	0.1360616329	0.0891287606	0.1110259783	0.0424764681	0.0297778343	0.0241505011	-0.1168111581	-0.0594074709	-0.1883020937	0.1414004309	0.0378602932	0.0382410334	0.1131482117	0.0260268487	-0.1150319866	0.1007782361	0.0609042458	0.0481399174	0.0736283023	0.0126516425	0.0074532411	0.0192395626	0.0620317754	-0.2029811665	0.0299602426	0.2099832619	-0.0982687424	0.0580942881	0.0203423949	0.045769273	-0.1910081201	0.0547994429	0.0285957748	-0.0006861402	-0.0803859488	-0.0092658488	0.0606434235	-0.0331087875	0.0138539146	0.0352522796	-0.006072469	0.1088153098	0.0767406093	-0.1421361247	-0.0187676035	0.1002437124	0.099043506	-0.1109488906	0.0616009311	0.0050684204	-0.0703125971	0.0764718934483426	1.2579410309895844e-05	0.0058479504875746	1.5824156374471383e-10	0.1007100353714918	0.0161245532875966	0.0101425112245271	0.0002600012187245	-0.1654364258781058	-0.0174765222063087	0.0273692110073219	0.0003054288284276	0.0017990717455832	9.708534743390002e-05	3.2366591457557823e-06	9.425564686361077e-09	-0.0003971975431285	8.683553136e-07	7.540409506573546e-13	1.577658882673166e-07	0.0003368572886337	0.000414018475334	1.7141129791796493e-07	1.1347283290564785e-07
839.2278094970526	-0.8402262586864708	704303.3162332212	0.7059801657862642	1225.5003286376036	-5.221845813263599	1501851.0554908745	27.267673697498577	811.8150177001953	0.5633287632718975	659043.6229635684	0.3173392955294455	912.4893020298616	780.2958383621444	1.014262	35.016628	0.1318198752055731	0.0884821945559152	0.0611697125	0.0146411011	-0.1956113154	-0.102045636	0.1347394174	-0.0391441283	0.0827684624	-0.1102198615	-0.052050037	-0.1010218698	-0.091818036	-0.0857897439	-0.2351058467	-0.0051570898	-0.0094516535	0.0153108265	-0.0392322908	0.0766795936	-0.0136243134	0.0966633163	0.1321081688	-0.0483975821	0.0986873943	0.0339295286	0.1432512018	-0.0796331087	-0.1238966474	-0.0523562526	-0.0198141889	-0.1149026945	-0.0846038463	0.0957585535	-0.1831813509	-0.0382994567	0.1268559553	-0.1424188482	0.0417764777	0.0045278713	-0.0155186698	-0.1182708146	0.1538876184	0.0392854491	-0.0257040002	0.0005963019	0.0330129407	0.0699696177	-0.2086232608	0.0116662726	0.0461470129	0.0513505898	0.0610745055	-0.0628441632	0.0257947943	0.1402324767	-0.0747237725	0.00788516	-0.0260308879	-0.1720263293	-0.0082255924	-0.0104429789	-0.0405184763	0.2416504592	-0.0989099215	-0.0216506177	0.1083632086	0.0339481921	-0.0641894489	0.0049900398	0.0080216782	-0.089044699	-0.0566759884	-0.0947956264	0.0326189765	-0.0223851374	0.0736956019	-0.0519031625	0.0608091505	0.0062368549	-0.1693964647	-0.0380738477	0.2046377256	-0.0937405231	0.0153669679	0.0877613422	0.2651994726	-0.1041821953	0.0689103466	0.0964151198	-0.1231032243	0.0604653058	0.0853231238	0.0746285208	-0.167483365	-0.1065752957	-0.0185457808	0.1756625874	-0.0698610387	-0.0128659215	0.043473288	0.0773354482	-0.0988311667	-0.0956396485	0.0955520982	0.0684805997	-0.1605691397	-0.0232604292	0.0652168156	0.0424957993	-0.1418018555	-0.0643116369	-0.1275697861	0.1272072054	-0.2114180468	0.1113521661	-0.0340775629	-0.0162957908	-0.0298796844	-0.1126387502	0.0674542747	-0.0050684204	-0.0586099215	0.076459967412461	-1.1926035881598684e-05	0.0058461266167145	1.422303318491793e-10	0.1195135336445503	0.0188034982730584	0.014283484724207	0.0003535715473049	-0.2300478114341189	-0.064611385556013	0.0529219955456279	0.0041746311434677	0.0026940588432449	0.0008949870976617	7.257953050866049e-06	8.010019049809137e-07	-0.0003971449615154	5.258161309997216e-08	2.764826036195164e-15	1.5772412045706856e-07	0.0002640356610961	-7.28216275376e-05	5.302989437224942e-09	6.971483033045457e-08
841.4280649502317	2.2002554531791247	708001.1884858913	4.841124059244476	1228.2741377981083	2.773809160504697	1508657.3575836865	7.694017258899775	812.4286171121801	0.613599411984751	660040.2579028093	0.3765042383880321	914.775645089555	786.7834176220781	1.057826	36.520641	0.1624749207315746	0.1149457825350707	0.0502340548	0.0897083441	-0.1051028456	-0.0229996506	-0.0106046754	-0.0255279127	0.0355854894	-0.0858144784	0.1242674892	0.0408525063	0.0214489885	-0.0531377689	-0.0982282079	-0.0153649742	0.0235539261	0.1046060563	-0.1142507192	-0.0019034567	0.0351319982	0.0856943031	0.0078048437	-0.1415913472	0.1754344101	-0.0477333071	-0.0136297797	0.0022285006	0.0574017942	0.1008189445	0.1010357736	-0.0883437289	0.08958419	-0.0403222008	-0.1052327459	0.0026994865	0.0213002792	0.1362618192	-0.0963120357	-0.0263480074	-0.0065135528	0.0959409592	-0.1499035899	-0.1432362414	-0.0724487315	0.0674623297	0.009894985	-0.0626195482	-0.0632052967	0.1108821365	0.0057072817	-0.0328115744	0.0564932471	-0.0747341372	-0.0148928127	0.0165939313	-0.0252863914	0.1130703541	0.0935869485	-0.0049475926	0.0858736261	0.1006160554	-0.0106952209	0.0977023169	0.04309365	-0.042434018	0.12454167	0.13175096	-0.1373301309	-0.1802223391	0.0422140076	0.041719889	-0.0430752477	-0.036672905	0.1405528419	0.0702828674	0.0775643609	-0.0516691847	-0.0141390379	-0.0119866423	-0.1374314236	-0.0044956057	-0.0845784061	0.1282089276	0.0195595539	-0.0442471431	-0.1320692681	0.0388578195	-0.0897723053	0.0017157793	-0.0356644469	0.0181488324	0.0432955027	-0.0737564921	0.2102938408	0.0637885275	0.0544297616	0.1072926698	-0.0535358718	-0.1225866677	-0.0405859433	0.0748169755	0.0677769558	0.0546503443	0.1027100061	-0.0175190673	-0.1723023777	0.0792543651	-0.1300574352	0.0170966814	-0.1096042687	-0.0771042325	-0.039820444	0.0377156787	-0.0221341167	0.0491519426	0.0584644595	0.0945363069	0.0508454332	-0.1142514127	0.0731227308	-0.0151740128	-0.0462651033	0.1013390196504531	0.024879052237992	0.0102695969037149	0.0006189672402607	0.1326027986629014	0.0130892650183511	0.0175835022132339	0.0001713288587206	-0.3420117998893204	-0.1119639884552015	0.1169720712635325	0.0125359347107964	0.0026000866170389	-9.3972226206e-05	6.760450416104792e-06	8.830779298111633e-09	-0.0004319988077043	-3.485384618889998e-05	1.2147905941594976e-09	1.866229698579368e-07	0.0003860618891018	0.0001220262280057	1.4890400321299085e-08	1.4904378221685054e-07
842.759789543108	1.3317245928762986	710244.0628707437	1.7734903912715434	1225.125614137578	-3.1485236605303726	1500932.7704159776	9.913201240919577	815.4897722284844	3.0611551163043487	665023.5686092654	9.37067064607629	916.2233287295596	799.5964712432926	0.9929	34.279148	0.0629449401065135	0.0363836869757119	0.1127461564	0.0889481584	-0.0309771834	-0.0718946505	-0.0683215301	0.0018131348	0.0143861405	-0.0196616217	0.0179465914	0.1390448811	-0.0357051901	-0.0700035582	0.0940514236	-0.1016515936	-0.0864926171	-0.0565279816	-0.0547067408	-0.0745575737	-0.0683990228	0.1840262545	-0.0847197841	0.0101600643	0.039306207	-0.0139443071	-0.1272870332	0.1234304003	-0.0212665555	-0.0128203499	0.0572207329	-0.0275200909	0.0092043376	0.0535391808	0.0442040836	-0.0038581522	0.0240519665	-0.0117155618	0.1270444039	0.0506237562	0.123120149	-0.0842499167	-0.1337694256	0.0755687933	0.00286699	-0.0828048188	0.0193342164	0.0071217009	-0.103233503	0.0467247469	0.1524760126	-0.2411824124	-0.0073912948	-0.1600225484	0.1410114468	-0.1220137437	-0.0371956011	0.0386721015	0.0014035429	-0.0023575323	0.0971319583	-0.04569395	-0.1190016247	0.0222168156	0.1931642783	-0.0257342918	0.024988305	0.0729098259	-0.0417394823	0.0399802378	0.038932176	0.0819667416	-0.0360427332	-0.0309615766	0.1916588804	0.115381566	-0.0643383554	-0.0550615827	-0.0853334144	-0.0007088862	0.1970668137	-0.0801078729	-0.0256849614	0.0342213779	-0.0652815869	-0.0498485885	0.0464091808	0.2572698899	0.143541147	-0.0422550375	-0.1195653229	-0.1136722298	0.1228406599	-0.0089653993	0.0112061506	0.0224697479	0.1144424348	0.1076367233	-0.0296216771	-0.0579922485	-0.0662882954	0.0355835758	0.1391423888	0.1394696366	0.0851843205	0.0731333802	-0.1063952645	-0.0240008299	-0.050356713	-0.0096191954	0.0186625799	-0.1583882025	-0.1979975038	-0.0896761073	0.0665176143	0.1055749186	-0.0118762173	0.056864556	-0.0888572162	-0.1157857731	0.0785907625	-0.0251860523	-0.033413395	0.0973334247531596	-0.0040055948972934	0.0094737955741789	1.604479048122365e-05	0.1014167019153973	-0.031186096747504	0.0102853474273965	0.0009725726303446	-0.3379467533305345	0.0040650465587859	0.1142080080866491	1.6524603525097275e-05	0.0023720413483356	-0.0002280452687033	5.626580158213772e-06	5.2004644577960366e-08	-0.0002190811677811	0.0002129176399231	4.533392139046545e-08	4.7996558076330494e-08	0.0003532607596697	-3.2801129432099966e-05	1.0759140920213747e-09	1.2479316432241357e-07
840.3312059826447	-2.4285835604632666	706156.5357482461	5.898018110152437	1223.1809664848156	-1.9446476527623415	1496171.6767707276	3.781654493394085	812.7956641988551	-2.6941080296293194	660636.791740458	7.258218075313174	915.1299291352876	790.2540670921767	0.992303	34.258533	0.0920634405678248	0.0845976821814636	0.1100804857	0.0702576004	-0.0492687955	-0.1575265803	0.0268275065	0.0760326809	0.1647450574	0.0881748989	-0.1696469614	0.1188694311	-0.0119065469	0.0591078436	-0.1004480362	-0.0740961331	0.081373876	-0.0307293594	0.0015300275	-0.0442152445	0.137646283	0.074628591	-0.0186024233	0.1096392987	0.0090876611	-0.1604304732	0.0864460115	-0.1015626654	-0.0622255833	0.0227008622	-0.154564798	-0.0756619749	0.0253603935	-0.1149686215	-0.1344442115	0.1928864184	-0.1994250794	0.0545670489	0.0388650981	0.1211221752	0.0260099178	0.0066389983	0.1076094569	-0.0064789425	0.1547271085	0.0739132658	-0.0268299121	0.0689128524	0.0088303225	0.0142839923	0.0863906379	-0.0561230221	0.1840472072	0.0142473388	-0.0188077313	0.0594979428	-0.165630866	-0.0365795908	0.0514272427	0.0554165218	-0.0234915192	-0.2062584414	-0.0552343847	0.1115320833	-0.0030238279	-0.1059212742	-0.0375749585	0.1076873423	-0.0588121129	-0.0343969467	-0.0407758246	-0.1031055169	0.134119569	0.1652399014	0.115506186	0.1245633452	0.1393967514	0.0086048628	-0.0164920956	0.0541658146	0.0630012312	-0.1538258269	0.1160436742	-0.0536667535	0.0192825736	-0.0027145594	-0.0584924897	0.0410080577	-0.0343518899	-0.0109335842	0.0620607704	-0.0154302204	0.1612886644	-0.0401730636	-0.1425590174	0.0321783545	0.077867394	0.1374489627	0.0312425391	-0.0689492431	-0.0203469262	0.0276187592	0.007099273	0.1144541716	0.1496191857	-0.0412620454	-0.0634663969	0.198498967	-0.0433637826	-0.0629070635	-0.0252517152	0.0020539165	-0.0722869329	-0.0326113379	0.0465896779	-0.1233633701	-0.0483305193	0.0038599746	0.0350500836	-0.1172407796	0.0838433825	-0.0350428114	-0.0201956026	0.0936461043389158	-0.0036873204142438	0.0087695928578551	1.3596331837299069e-05	0.1858671757743764	0.0844504738589791	0.0345466070303429	0.0071318825350061	-0.3405712459469114	-0.0026244926163769	0.1159887735658316	6.887961493417012e-06	0.0023760374742311	3.996125895499789e-06	5.645554078950504e-06	1.5969022172683987e-11	-0.0001970804298674	2.20007379137e-05	4.840324687473165e-10	3.884069583671917e-08	0.0003532345499144	-2.620975530001884e-08	6.869512728868655e-16	1.2477464725322878e-07
840.4202072213435	0.0890012386987564	706306.124705966	0.007921220489913	1225.3963843324132	2.215417847597564	1501596.2987349513	4.908076239453824	815.8916388978349	3.0959746989798305	665679.166423395	9.585059336723251	918.5472861386456	789.3407576803987	0.998443	34.470501	0.0314218870733431	0.0151072005094433	0.1469224964	-0.0124728643	-0.0341503003	0.0312151829	-0.0117751746	0.0459329314	0.0868848789	-0.0784027513	-0.1005515608	0.0480219343	0.1638386441	-0.0158819201	-0.0568589276	0.0106396112	0.0291748327	0.0919431382	-0.1496560034	-0.1428405254	-0.0738628657	0.1198498965	0.0389855237	-0.1596388382	-0.1207405633	-0.0497943252	-0.0839704517	-0.0731769509	-0.0115075886	0.0617318408	-0.0131860488	0.0459488198	-0.2042101395	0.0880091445	-0.1593822977	0.02978944	0.050114756	0.0687534878	0.0576545084	0.1157899944	-0.0445321354	0.099765152	-0.0916734183	-0.051424148	0.1269423739	-0.1166202532	-0.0139322687	-0.0489837237	-0.026047129	-0.0577775943	0.0122481522	0.0680769225	-0.0539573481	-0.0668306563	-0.0367118889	-0.1752359172	-0.1884274847	-0.0671218516	0.0747220791	0.0526786857	0.0926097077	-0.1167699858	0.0770821528	0.0398078561	0.0223992096	-0.0327523299	0.0605959104	0.0001542473	-0.0652383202	-0.0617618721	0.0376273831	-0.0673767827	-0.0265170118	0.0494270199	0.1348754802	-0.0377027379	-0.0691586516	-0.0881110006	-0.0366754341	-0.1218116291	-0.0219070392	-0.0973292242	-0.1564229722	0.1103863666	-0.0054854011	-0.0849864713	-0.0675399448	-0.0483748876	-0.0791323806	0.2041134902	0.0113376543	-0.120028137	-0.0717627172	0.0120082554	0.0016992646	0.0565222322	0.1564102477	0.0139172723	-0.0521624196	-0.0797599289	-0.0174899782	-0.0214445119	0.0041230126	0.0085329084	0.0181792272	-0.1116699535	-0.0449134137	0.0277019407	-0.2306792211	0.0033711865	0.0146122637	-0.0022644768	-0.0055293845	0.0427348774	0.073830377	-0.0596091745	0.0349752658	0.083352861	0.0450148982	-0.1186154352	0.0888661936	-0.0446835199	-0.0067565429	0.090341299913021	-0.0033048044258948	0.0081615504699744	1.092173229341386e-05	0.1761490297690358	-0.0097181460053406	0.0310284806885726	9.444236178111746e-05	-0.3490605918396241	-0.0084893458927127	0.1218432967754286	7.206899368611831e-05	0.002432562436992	5.6524962760900153e-05	5.917360009864458e-06	3.195071415121149e-09	-0.000338570069724	-0.0001414896398566	2.001931818675037e-08	1.1462969211291425e-07	0.0003534117622848	1.7721237039998797e-07	3.140422422278253e-14	1.2489987372124797e-07
841.6590759695748	1.2388687482313117	708390.0001619585	1.534795775344217	1221.038084675495	-4.358299656918234	1490934.0042280012	18.9947758994936	814.1370596378407	-1.754579259994216	662819.151875749	3.078548379601851	914.3223235079936	780.0907698923311	0.969115	33.457966	0.048134436748606	0.031073652169318	0.1774611795	0.0424522573	0.0360285526	0.1173364089	0.047959388	0.0380892334	-0.0905714674	-0.0728567252	-0.097097023	0.1355374549	0.0613742708	-0.0247869787	0.0033539626	0.0223557832	-0.0206757185	-0.0827417441	0.0961387735	-0.0937520911	0.0125902194	0.0465415123	0.0554428907	-0.0501822321	0.0092899431	-0.0139012339	0.0110046163	0.0638542769	-0.0546948933	0.0048700574	0.0489585738	0.0382656471	0.1576952466	0.1108219188	-0.0272198629	0.161300312	0.1721413982	-0.0380260741	-0.013322399	0.0327128704	0.0086381839	-0.0359448447	-0.1303236686	0.0156521851	-0.1595199027	0.0314287614	-0.1099136132	-0.0043916521	-0.0491731166	0.0278758594	0.0250802775	0.056974906	0.0409583922	0.0465263354	0.0972091373	-0.0198499081	-0.2243111836	-0.1473369754	-0.0798454914	-0.0056224573	0.1684676132	-0.1100878057	-0.0264746147	-0.0181662476	-0.1082077601	-0.0502232131	0.0108673501	0.1354635784	-0.0172483972	-0.0096376012	-0.0368787357	0.1088936008	-0.1184530856	-0.0796260835	-0.1060294516	0.1401611349	0.1330601241	0.0492942573	0.064795175	-0.0135353286	0.0704292322	-0.0171529817	-0.1750078185	0.0007932497	0.0354898109	0.0646231522	0.077825877	0.0009744917	-0.0480188117	0.0906100889	-0.0303166635	0.0965897562	0.0869127938	0.0243542977	-0.1260979746	0.0736352355	0.1701165642	0.0103488234	-0.02379962	-0.0670205847	0.0091582937	-0.0018697081	0.0416040272	-0.0741212039	-0.0828460474	-0.0890697669	-0.0571752648	-0.0356496658	-0.1877593641	-0.0522851956	0.0482311924	-0.0091542034	-0.0825911303	-0.1411691975	0.0257739808	-0.020907211	-0.0309733231	0.0012684308	-0.0159745066	-0.1199087977	0.0936454286	-0.0540487397	0.0067565429	0.0896065246636226	-0.0007347752493984	0.0080293292622924	5.39894667128498e-07	0.1829418512330676	0.0067928214640318	0.0334677209325818	4.614242344221136e-05	-0.3789410486621349	-0.0298804568225107	0.1435963183611585	0.0008928416999219	0.0024680970631319	3.553462613990017e-05	6.091503113040311e-06	1.2627096549024763e-09	-0.0004249497435615	-8.637967383749999e-05	7.46144805227288e-09	1.8058228455298466e-07	0.0004460251265607	9.26133642759e-05	8.577235242500548e-09	1.9893841352348846e-07
844.0152710578745	2.356195088299728	712361.7777788974	5.551655294127763	1225.002193364882	3.964108689387104	1500630.3737487718	15.714157701274338	814.1291199542106	-0.0079396836300702	662806.2239574175	6.303857614560548e-05	914.644555463253	800.8759342087412	0.983348	33.949371	0.0549069621386372	0.0322458380407381	0.1194029648	0.0670407523	0.0866806497	0.0181601565	-0.0271115752	-0.2249885286	-0.0440994502	-0.1352204645	-0.0546092912	0.0821905231	-0.0028227869	0.1154386218	0.0628866951	-0.0740988351	-0.004469187	0.036179871	-0.1034366208	-0.1550220336	0.0593852152	-0.1920376041	-0.0448649221	-0.0559296756	0.0475680217	-0.0591784285	-0.0969488945	-0.0374874884	-0.1474598481	-0.042558949	-0.1376302514	-0.0369200779	0.0660520174	0.1042193512	0.0083330849	0.0733745985	-0.0423339978	-0.0162809822	0.0607101192	0.0535586965	0.0745887285	0.1531529199	-0.2018200485	-0.1391687819	0.0362407038	-0.0945469537	-0.0337898356	-0.1488686074	-0.107516232	-0.0686128506	0.0751670626	0.0062379763	-0.0010747937	0.0759998503	0.0667389076	0.0740107009	0.0011862346	0.0260562	0.115012393	-0.042548918	0.1647188562	-0.0500497233	-0.062349534	-0.0170823175	0.0275971455	-0.0394350703	-0.0176400395	0.1940274387	0.1154065685	-0.0114504088	0.1207143541	-0.014751795	0.0301368512	0.0659505651	0.1143875151	0.0328354223	0.0459594301	0.1228168069	0.0486210945	0.1373761445	0.111865805	-0.056733524	-0.1578575538	0.0555267095	0.0722207651	-0.1362623512	0.083553086	-0.1376201432	-0.009898913	0.1484867923	0.11195496	-0.0592080185	0.0537399557	0.0692564138	-0.0195014443	0.0451822392	0.1008010896	-0.0626010466	-0.0743784448	-0.0586305858	-0.0637823123	0.1074161547	0.011544031	-0.0255342697	-0.0382501621	-0.0105889524	-0.0376974081	-0.064109593	-0.1930526197	-0.1505332391	-0.1057864492	-0.0309437811	0.084165104	0.0520056983	0.1752501534	0.0599282142	0.1026120187	0.0068184742	0.0119777246	-0.1211199807	0.098167988	-0.063080731	0.0201956026	0.0930385015591639	0.0034319768955413	0.0086561627723745	1.1778465411529375e-05	0.1557835239589451	-0.0271583272741225	0.0242685063370672	0.0007375747403283	-0.3665806416439565	0.0123604070181784	0.1343813668280948	0.000152779661655	0.0023580844790725	-0.0001100125840594	5.560562410442623e-06	1.2102768651426613e-08	-0.0004620827936701	-3.713305010860001e-05	1.378863410367799e-09	2.1352050820596425e-07	0.0003540457417128	-9.197938484789998e-05	8.460207236998092e-09	1.253483872249667e-07
845.5301779006201	1.5149068427455177	714921.2817406543	2.2949427421971924	1231.2195454074028	6.217352042520815	1515901.5689932115	38.65546642063775	816.2817360086644	2.1526160544538016	666315.872541319	4.633755877892252	919.6362800973808	800.0130569490682	0.999902	34.520855	0.0427843400189892	0.0235508880957424	-0.0334094433	0.0810875401	0.1313827256	-0.0289857821	-0.1593391742	-0.0974446011	-0.123971753	0.051769883	0.0506536477	0.1753913753	-0.0833147422	0.0487610347	0.0671891779	0.0872103022	-0.0141488419	-0.2030948073	-0.0986393386	-0.0103657579	0.0003931042	-0.1407491656	0.1652234516	-0.0243722076	0.0932882809	0.1166316933	0.02676646	-0.1610042446	-0.0135172238	-0.0389240573	0.0054932203	0.1085898621	-0.0928601371	-0.0065420464	0.0917832263	0.1112616582	-0.0237733607	-0.0203565843	-0.0349633502	-0.097148487	0.0547979265	-0.0111056491	0.1012751518	-0.0968202717	0.1315716221	-0.0789768852	0.055384625	0.1512351021	0.0240483067	-0.0407571957	-0.0294063607	0.0687032	0.1571733601	0.0152213673	-0.038377625	-0.0311882722	-0.0439361443	0.0322466812	0.1184263141	0.0743122292	-0.0058883886	0.0392569456	-0.1104820998	-0.2061150581	0.1160374716	-0.0693532499	0.0662187213	0.029516621	-0.0008932007	0.0876041435	-0.0416116854	-0.1311414353	-0.001868611	-0.0263251645	-0.0705928256	0.1564106658	-0.0218540614	0.1617961771	0.0828412226	-0.1330908749	-0.0824238688	-0.0407615571	-0.0675249754	-0.0222366249	0.0180491864	-0.086370465	0.0773011944	-0.0373743958	0.0377806572	-0.1185396601	-0.1306028191	-0.0006293811	0.1391498348	0.1099731996	-0.089924862	0.0294730878	0.030719539	-0.120261378	-0.0548581821	-0.0157910789	-0.087742313	0.1003538904	0.0562262469	0.1644745784	0.0808670513	-0.0069526964	0.052504997	-0.0890192372	-0.0772977975	-0.0953816609	0.0188096229	-0.2290806572	0.0033031607	0.0479098748	0.0800146522	0.0985231401	0.0051922158	-0.2084823191	-0.0913401629	-0.1222481541	0.1024214758	-0.0717238087	0.033413395	0.0900950017122994	-0.0029434998468645	0.0081171093335392	8.6641913484914e-06	0.1686953019711126	0.0129117780121675	0.0284581049071248	0.0001667140114354	-0.3813061126132737	-0.0147254709693172	0.1453943515162465	0.0002168394952682	0.0025240664079021	0.0001659819288295	6.37091123149981e-06	2.7550000697994392e-08	-0.000384053989765	7.802880390509999e-05	6.088494238860548e-09	1.4749746705441473e-07	0.0003539846506347	-6.109107810001613e-08	3.732119823422271e-15	1.253051328849706e-07
842.405284031138	-3.1248938694820936	709646.6625635822	9.764961695526772	1228.3181260761462	-2.901419331256648	1508765.4188472154	8.418234135789772	813.5107601246935	-2.770975883970891	661799.7568386567	7.678307349548262	918.7717002588612	808.643804362295	1.042715	35.998955	0.0150469506073258	0.0080594411983417	0.0347093028	0.0641929215	0.2521398299	-0.0579428612	0.0750642702	0.078981041	-0.0272839065	0.1775971064	-0.1320126735	0.1207729161	0.028018473	-0.0022636636	0.0687648292	0.0928197229	0.1157276677	-0.0006927995	-0.0050197154	-0.0303951697	0.0843988792	-0.0258170939	-0.053252857	0.0084137458	0.0392542243	0.0963496545	0.019180326	-0.0504127108	0.0791971493	0.0259228423	0.0526509728	0.0762928972	-0.0236506271	-0.0023754632	-0.0874491763	0.0638283477	-0.1061115702	-0.1454415125	-0.0276908425	0.0663405874	-0.0921161165	0.0324908739	0.0441425591	-0.0628062985	-0.0266215646	-0.0021657836	0.098274537	0.1230571324	-0.0444336354	0.1728928129	-0.0645071723	-0.0291487076	0.0940820994	0.1126848107	-0.0808629583	-0.1283562392	0.061833061	0.1527210364	-0.0257382261	0.140781185	-0.063950788	-0.1349404134	0.0819550926	-0.1370304045	0.0986181051	-0.0742883471	0.0962123675	0.0641624413	0.0525378804	0.0499876084	-0.0841222682	-0.0623330428	0.0612132273	-0.1125632606	0.1025872943	-0.0892451127	-0.0503931469	-0.0564563491	0.2577427524	0.049934439	-0.0562314764	0.0382355839	0.0726026582	-0.0728631508	-0.0280318554	0.0533704579	0.0429009757	-0.1022816772	-0.2134427065	-0.0252423011	0.0543254295	-0.0131581449	0.0494848503	0.0803883384	-0.0340631202	0.0496802503	0.0838087482	-0.0984864796	-0.0384547878	-0.0231141196	-0.0451896612	0.0549738559	-0.0433982061	0.0836736648	0.0817917233	0.1050772801	0.0969354983	0.1006850947	-0.0109027083	-0.1007508398	-0.1204143042	0.0451824761	-0.1181538348	0.011940223	-0.0205354158	-0.0211682642	-0.0719591107	-0.0037810251	-0.0053046764	-0.1232925447	0.1063942335	-0.0799246852	0.0462651033	0.0940913321237957	0.0039963304114963	0.0088531787808304	1.59706567578502e-05	0.1729931721059614	0.0042978701348488	0.0299266375952827	1.8471687696025312e-05	-0.381156253775103	0.0001498588381707	0.1452800897918707	2.2457671377872723e-08	0.0026210760439975	9.70096360954002e-05	6.870039628417585e-06	9.410869495361976e-09	-0.0004190366901104	-3.498270034539997e-05	1.223789323456047e-09	1.755917476586794e-07	0.0003540501386501	6.548801540000273e-08	4.288680161030993e-15	1.2535150067815502e-07
840.5891032703516	-1.816180760786324	706590.040536854	3.2985125558503903	1225.9757094419092	-2.342416634236997	1503016.4401415926	5.486915688350182	813.7658920288086	0.2551319041150464	662214.9270294425	0.0650922884973692	917.0101157780086	793.2821168389004	1.024215	35.360249	0.0201116975096886	0.014181759888842	0.1099304903	-0.0582863688	0.0713754719	-0.0223073435	-0.0912217049	0.032469314	0.1734377644	-0.0161129984	-0.1339407745	0.0337804628	0.1205381661	0.0318902653	0.0515175586	-0.01908853	0.0093658937	0.0536108183	0.0101971166	0.0430575309	-0.0768763168	0.0848542282	0.000607896	0.0414610224	0.1752085165	0.0859339104	-0.1595514608	0.0416787093	-0.0333752705	0.08646046	0.0747821729	0.0881318028	0.0016664392	0.059030059	0.0713793351	0.0108389722	-0.0306177025	0.0133195793	0.0277303998	0.0316332711	-0.020269423	-0.0640239428	0.0677166002	-0.0509785063	-0.0100055455	-0.0284881448	-0.1346242013	0.0305209959	-0.0415668936	-0.1171616547	-0.086183129	-0.0874680941	0.0480165668	0.1251290371	-0.1783732719	0.0035797694	-0.0750242965	-0.0221263986	-0.0365854398	0.042925614	0.0614538238	-0.0948821716	0.1201263349	-0.0901971799	-0.0425308771	0.0027775648	-0.0678161864	0.0492032402	0.0505947961	-0.0181872746	-0.1222562136	-0.0873309387	-0.0409893998	0.0074636086	0.0445516301	-0.041621397	-0.1184390433	0.0030734799	0.0049466031	0.0335687557	-0.0609790629	0.0312567806	0.0531008743	-0.0335895212	-0.0883337694	-0.0110126813	0.0530712316	0.0078588208	-0.0320798676	0.0695196671	-0.0086998805	-0.044294908	0.0075032537	-0.1176499747	0.1144835157	0.0314698431	0.0889662532	-0.1207008604	-0.0403736604	-0.0640758437	0.056353235	0.0709507606	-0.0428618153	-0.0341033375	-0.0097722473	-0.0088289638	0.0096556191	0.0356587294	-0.0468920294	-0.1680885365	-0.080588604	0.102251151	0.0713534289	0.0018459161	-0.2694926161	0.0017180998	-0.0671877157	0.0356031022	0.0138733706	-0.1242524367	0.1100753719	-0.0876327994	0.0586099215	0.0806221928224459	-0.0134691393013497	0.0064999379754996	0.0001814177135191	0.170381168654913	-0.0026120034510483	0.0290297426322139	6.822562028288724e-06	-0.3812084382207885	-5.218444568549918e-05	0.1453198733707327	2.723216371502814e-09	0.0025840662877501	-3.7009756247399946e-05	6.677398579486583e-06	1.369722057491959e-09	-0.0003765428776723	4.249381243809998e-05	1.8057240955244203e-09	1.417845387257367e-07	0.0003539863011035	-6.383754659996167e-08	4.075232355902276e-15	1.253063013689378e-07
842.1381314836465	1.5490282132948323	709196.6324987675	2.3994884055833805	1227.7196678218984	1.743958379989181	1507295.5827567126	3.041390831134488	813.3046092581242	-0.46128277068442	661464.3874405101	0.2127817945302952	916.6728879677576	778.6255338288987	1.005712	34.721458	0.0354989916730961	0.0176118670278411	0.0045887496	-0.0403216381	-0.0052479065	0.0778186277	-0.0164865197	-0.1213751435	0.0409397235	-0.1160277184	-0.0181009874	0.0837416595	-0.0025521157	0.0975481834	0.0474764695	-0.0009061528	0.0208149927	-0.0246868716	-0.155256089	0.0598442318	0.0239133743	0.086075903	0.0779265269	-0.1579695234	-0.0765901751	-0.0627652172	-0.047162603	0.0360045022	-0.0222704656	0.0691284411	-0.0491770022	0.1219580971	0.0267717559	-0.2389437011	0.0524556376	-0.0095262215	0.0074934537	-0.0842827384	-0.2420003513	-0.0509344201	0.0138183209	0.0839902789	-0.0538725467	0.1566442746	-0.168926705	-0.1188890136	0.0004228279	-0.0726551764	0.0532724342	-0.0415787115	0.0175268517	-0.0194656682	0.0627456696	0.0520707235	0.1367938597	0.0584074376	0.0277516772	0.0751805803	0.0301447908	-0.0077730903	0.1495975893	0.0077509243	-0.0231095229	-0.0712920607	-0.0269171582	-0.1216436917	-0.1132402052	-0.080049594	-0.0870377539	-0.0579373225	0.0570095874	0.1042056947	-0.0551751329	0.0129018816	-0.2285265903	-0.073052057	-0.0330013547	0.1399727536	0.1410668052	0.0488352307	-0.1274498375	-0.1898716552	0.0517365376	-0.1164231587	0.0117566256	0.0035496183	-0.0405292558	0.1184437966	0.0292803514	-0.0333634228	-0.1290399412	0.1794475288	-0.0498529763	-0.0999841218	-0.099583164	0.0346868867	-0.0184994853	-0.0553839344	-0.0029157826	-0.0213667278	-0.0188932549	0.0376112976	0.0562166776	0.0393787201	-0.0382688635	-0.0218263442	0.0337295652	-0.0007459785	-0.0067475823	0.0030246532	0.061712811	-0.0045576064	0.0633533922	0.1105669235	-0.0731283359	-0.0162479168	0.0246954676	-0.0679009818	-0.008436876	-0.1251271724	0.1134548014	-0.0948006283	0.0703125971	0.0916707315236209	0.011048538701175	0.0084035230180757	0.0001220702074313	0.162432754826213	-0.0079484138287	0.0263843998404326	6.31772823922696e-05	-0.3866216981407646	-0.005413259919976	0.1494763374732484	2.930338296121964e-05	0.0026231008248411	3.9034537091e-05	6.88065793728206e-06	1.523695085908655e-09	-0.0005590360198923	-0.0001824931422199	3.330374695732914e-08	3.12521271537024e-07	0.0003542342062574	2.479051538999524e-07	6.145696533015906e-14	1.254818728828102e-07
842.9880938383234	0.8499623546769044	710628.92635317	0.7224360043679078	1228.3924963241234	0.672828502225002	1508948.1250254114	0.4526981934063395	817.7251355597314	4.420526301607197	668674.3973261811	19.541052783201	920.845546637034	786.7861798754086	0.98741	34.089588	0.0400304490510896	0.0194584626446716	-0.0983487503	0.0529214638	0.0092162853	0.0780302647	0.1334659333	0.0484732406	-0.0825098326	0.0122800714	0.0405519969	0.0339427776	-0.0486424272	0.0101364099	0.0015841677	0.0241841844	0.0040897752	-0.0584588638	0.0047020731	-0.0947363681	0.0628296471	-0.0542280418	0.0412157522	-0.1232512591	0.0116481974	0.100852822	-0.0523460264	-0.0417312864	-0.019019738	-0.0532413119	-0.0417103538	0.0522599752	0.1511345437	0.0302413831	0.0336872642	0.0115269418	0.0058850358	0.0806997438	-0.0100236046	-0.1368440261	-0.066007211	0.0798290467	0.1509070037	-0.0294816771	-0.1498311995	0.0564243398	0.0142120355	0.2040491527	0.0460170368	-0.0031758947	-0.0467203875	-0.1180560778	-0.1649915046	-0.0193651487	0.0362420749	0.0032466106	0.096295256	-0.0927544042	0.1250082513	0.0607902382	-0.0389453086	0.0297501158	-0.0638400751	-0.0203311119	0.0375860046	-0.0790878171	-0.0181392028	-0.0568983955	0.0276243278	-0.0993899755	-0.0694693925	-0.0012733794	-0.0030779145	-0.0294579587	-0.0566355072	0.0029915925	-0.0056939023	0.0119473245	-0.0056744346	0.0425199481	0.0319333395	0.0731519433	-0.035433582	-0.1332630169	-0.0256447928	0.1682455054	-0.0539913761	-0.0877526672	-0.0743010174	-0.0186173601	-0.0908289009	-0.046007017	-0.0083572862	-0.0248507676	0.2237758652	0.0407776624	-0.0442563778	0.038254145	0.0413936365	0.0128633028	-0.0477147023	-0.0609313942	0.1125226698	-0.0580396149	-0.0917074042	0.1063890169	0.1035638491	0.0582718897	-0.0593083465	-0.0145979989	0.0045636604	-0.0862355753	0.082261763	0.0027518919	0.011826143	-0.0932171984	-0.0402856649	0.1068561986	-0.0010449347	-0.1259161521	0.1165232592	-0.1013839798	0.0812449131	0.0902389177345099	-0.001431813789111	0.0081430622738956	2.050090726688407e-06	0.1728939229548984	0.0104611681286853	0.0298923085947343	0.0001094360386166	-0.3978454778288878	-0.0112237796881232	0.158281024228896	0.0001259732304875	0.0024680691095292	-0.0001550317153118	6.091365129412259e-06	2.403483275254998e-08	-0.0003765639418482	0.000182472078044	3.3296059265732114e-08	1.4180040230025456e-07	0.00035346425071	-7.699555473999597e-07	5.928315449719715e-13	1.2493697652998176e-07
840.0750757843463	-2.913018053977112	705726.1329540751	8.485674182796599	1229.731176677503	1.3386803533796865	1512238.7668926362	1.7920650885247622	815.340644024788	-2.384491534943322	664780.3657987561	5.6857998802163605	920.0100829108228	776.5865128086261	0.936445	32.330078	0.0389750372953074	0.0208985688698933	-0.0957726876	-0.0223398156	-0.0013817101	0.088932863	0.199666025	0.068362422	-0.0342698605	0.0776930117	-0.0400367037	-0.1256592179	0.0299246779	0.0244822262	-0.0291237298	-0.0485245681	0.049579956	-0.0420830734	0.1111298759	0.040277095	0.0205029502	-0.0460686861	-0.0329759896	-0.079107742	-0.1289071315	0.0847167585	-0.0234067225	-0.1078117224	0.1825139523	0.0181948686	-0.0529102933	0.0333919594	6.19842e-05	-0.0996047967	-0.0565571488	-0.0314823618	0.0278689734	-0.049197702	0.0171695433	0.093109254	-0.0967263029	-0.0432763527	0.0332341662	0.0234924268	0.2063507458	-0.0987362475	-0.1762577443	-0.0420508291	0.088456059	-0.0275876203	-0.112704989	0.1526721841	-0.0224015147	0.015304341	0.0653765557	-0.0402947869	-0.0349962539	-0.0597028448	0.0205463079	0.0611839909	-0.0834744148	-0.0063865542	0.0364054682	0.0182212657	-0.0406190964	-0.0508105832	0.0249346717	-0.0723281033	0.0410831492	-0.041262995	-0.0943342107	0.0639692131	-0.0525841955	0.1159212383	-0.1032840119	-0.1018630278	-0.2097788625	-0.0070379408	0.0381097338	-0.0403148418	0.0041663288	-0.1195883244	-0.0989610063	-0.0487295677	-0.0246470891	0.0381981534	-0.1022278246	-0.1430502673	-0.0608205272	0.0289558738	0.0275072486	-0.0567292519	0.0335996114	-0.0583129254	0.003945102	0.0355877486	-0.0370995726	0.0153313106	0.0844204539	0.0460968782	-0.0403666958	-0.1090809539	0.0678497913	-0.0598108617	-0.0604507709	0.0115582494	0.0502518111	0.1811551624	-0.0064943495	-0.0754230276	-0.0098236751	-0.018871414	-0.0125233052	0.0138035835	0.0027555661	-0.0924488503	-0.0522454224	0.0088294033	-0.0661014355	-0.1266188352	0.1192723348	-0.1073422654	0.0912870929	0.0861720835954571	-0.0040668341390528	0.0074256279911824	1.6539139914565348e-05	0.1833688061208818	0.0104748831659834	0.0336241190581975	0.000109723177341	-0.3812678710179966	0.0165776068108912	0.1453651894705956	0.0002748170475765	0.0025480848377794	8.001572825019985e-05	6.492736340521272e-06	6.40251676740983e-09	-0.0004530493728747	-7.648543102649997e-05	5.850021159309485e-09	2.0525373426215893e-07	0.0003540773550209	6.131043108999808e-07	3.758968960441404e-13	1.2537077333859646e-07
840.0846295562113	0.0095537718650575	705742.1848165968	9.12745568495656e-05	1224.301731654576	-5.429445022926984	1498914.7301323935	29.4788732569866	814.4273454382064	-0.913298586581618	663291.9009975236	0.8341143082519814	916.667982560775	766.3880486621081	0.951214	32.839947	0.0166461594864231	0.007513314835748	-0.0739826944	-0.0377857355	-0.1409933941	0.1413222053	0.0834312325	0.1247854988	0.0002482845	-0.0449964677	0.0347601607	-0.1172946594	0.047433152	-0.0810825015	-0.1089092885	0.0207926285	0.0141732225	0.0085971831	-0.0077454112	0.0344081897	0.0002662403	-0.0241402973	0.0563252754	-0.0931263377	-0.0258440835	0.0155631363	0.0171687416	0.0807952343	-0.0686154205	0.0574298864	-0.1146081795	-0.0017621206	-0.0551124916	-0.0120662488	0.079908811	-0.0692173995	0.048204426	-0.0634834597	0.0629103271	0.1306349917	0.0900529899	-0.0211158669	0.0795685604	-0.0834640057	0.0389369144	0.0420765066	-0.0561818697	-0.054346755	0.0027235021	0.1276001563	-0.0555600087	0.021849711	0.0107389717	-0.0252910297	0.1191564371	-0.0063606794	0.1394730819	-0.0573228841	0.0044249211	-0.0175726482	-0.0274660451	0.1101113999	0.057987751	0.0419801537	-0.06455363	0.0178671021	0.0353744161	0.0040530232	0.050507429	-0.0675438422	-0.1019918052	-0.0684069408	-0.0154950428	0.1282662805	-0.0363054199	-0.1447276991	0.0567715305	-0.0209617491	-0.1298767171	-0.0015011168	0.1228754527	-0.0832106893	0.0412936011	-0.029067165	0.058955587	0.0212635359	0.0545998748	-0.0260116424	0.0915356081	0.0373837113	-0.1355148398	-0.0445266864	-0.0812958031	0.0608049318	0.0500800282	0.0186841383	-0.0407900128	0.0528284175	0.1167042279	0.0289716596	-0.0285124416	-0.0557699848	0.0647273647	-0.1934910521	-0.0777056719	0.017373273	-0.0400985156	0.0953973286	-0.0211325638	0.0010839577	-0.0217976456	0.0918899291	-0.0064926355	0.0525418575	0.0190028056	-0.03564673	0.016536621	0.0598671557	-0.0361428467	-0.1272347401	0.1216944932	-0.1126387502	0.1003291122	0.0876198069221629	0.0014477233267057	0.0076772305650771	2.0959028306881063e-06	0.1813618418673854	-0.0020069642534963	0.0328921176855305	4.027905514812324e-06	-0.3873350025391175	-0.0060671315211209	0.1500284041919781	3.681008489457914e-05	0.0025271108460351	-2.097399174430005e-05	6.386289228148239e-06	4.399083296899666e-10	-0.0005189834462784	-6.593407340369997e-05	4.347302035604496e-09	2.6934381751100484e-07	0.0004096560975749	5.557874255399998e-05	3.088996623883808e-09	1.6781811828029597e-07
840.5080982210552	0.423468664843881	706453.863175175	0.1793257101046592	1224.4602617536273	0.1585300990511768	1499302.9326137614	0.0251317923051759	812.9261735956719	-1.501171842534518	660848.9637169006	2.25351690081848	917.826294976681	773.6690472841773	0.917899	31.689764	0.0231484635678923	0.0115376739263373	-0.1097773735	-0.0489097719	-0.0912419424	0.1085539384	0.0160634375	0.1117997414	-0.0023490455	-0.0193176151	0.0950283759	-0.0693564108	0.0375591764	0.0119923639	-0.0704190076	0.0071674863	0.0053966591	-0.0262079997	0.1408674611	-0.0676091305	-0.0618409974	0.0479170035	0.0272602217	0.1703842348	0.1024677084	-0.2122135998	0.0343178522	0.099537587	-0.1082602111	0.0933104709	0.0736190308	-0.14793344	-0.0017629674	0.0743842457	0.0591043188	0.0108889664	0.1100521342	0.1325022483	-0.0455110306	-0.0481442219	-0.0703599655	0.028914647	0.0130198488	0.0582582343	0.1002969292	0.0584847306	-0.0380945456	0.0226942114	0.1046424968	-0.0157504692	0.0445049554	0.0546363148	-0.0180847837	-0.1537916352	-0.0300550992	0.0605395894	0.094186999	-0.0869425981	-0.1296532783	0.01052688	-0.0290102154	0.1070949723	0.060392297	0.0202178711	-0.0616192459	-0.0069901634	0.0738584329	0.0406462596	0.0089289893	-0.0255751784	-0.041939097	0.0202479538	-0.0335065546	-0.1364110556	0.0167522463	-0.1138337648	0.0693121766	0.025875902	-0.2176174227	0.0177082896	0.0053020496	0.0734297568	-0.0372322501	0.0027406759	0.0702838822	-0.0831394237	-0.0600968242	0.0614834549	-0.1454214761	-0.1321223511	0.0298257187	-0.0036713159	0.0048280018	-0.139666931	-0.1520855546	0.0220793038	-0.0691369056	0.0019154268	0.108660278	0.0564143895	0.0392843943	-0.0936589878	0.0733237462	-0.0684422843	-0.0885017592	0.0425449447	0.0560397692	0.0696588638	0.0413304263	0.0839009451	0.0075260092	0.0738985095	0.0433815125	-0.131175106	0.0904739669	-0.003792767	-0.0488215585	0.0491528598	0.0754874251	-0.1277634447	0.1237830955	-0.1172407796	0.1082719048	0.0913565389992214	0.0037367320770585	0.0083460172179162	1.3963166615717967e-05	0.1809359444102938	-0.0004258974570916	0.0327378159796449	1.8138864395711082e-07	-0.3912922352106847	-0.0039572326715671	0.1531096133361738	1.5659690416918627e-05	0.0026290733290559	0.0001019624830208	6.912026569553074e-06	1.0396347943766961e-08	-0.0003760352096378	0.0001429482366405	2.0434198358656967e-08	1.414024788873442e-07	0.0003539947899928	-5.566130758209996e-05	3.0981811617491387e-09	1.253123113420466e-07
840.7481348373175	0.2400366162622731	706857.4262324282	0.0576175771466417	1227.5722904635552	3.1120287099279267	1506933.7283139392	9.684722691415676	812.9539986468376	0.0278250511656779	660894.2039158824	0.0007742334723725	917.4936501512384	781.6591332515251	0.961934	33.210056	0.0332129801465999	0.0205470449453197	-0.0615516086	-0.1154870331	-0.0671971373	0.024781362	-0.2394736007	0.0612056121	0.0875881251	-0.0226403546	0.076913448	-0.0865988751	0.0216535107	0.0019372418	0.0144552767	0.0288632487	0.0980888128	0.0033448061	0.0887995723	0.1121676078	0.0615778541	0.01663774	-0.0112690797	0.0831949324	-0.0365535268	-0.1129036263	0.0577441403	-0.0196522219	0.0413682746	-0.0700398142	0.0582201622	0.0041119796	-0.0217047846	-0.0644017758	0.0495642585	-0.179820877	-0.0657522143	0.012663645	0.1033619917	-0.1810241462	-0.0110784145	-0.0044497493	-0.0626619014	0.0050520709	0.093942877	0.0540401223	0.1553065755	0.0077622688	0.0360538885	-0.0381792295	0.0617004175	0.0043010463	-0.0150282563	0.0048023096	0.088873268	0.1506457087	-0.0626028134	-0.0173742965	-0.1412042124	0.01053194	-0.0192415166	0.1313548398	0.0359562268	0.0056200558	-0.085262373	0.0378480186	-0.0011281792	-0.1396006558	0.0423568327	0.0101896521	0.057439636	-0.0533382689	-0.0225421949	-0.0284111509	-0.0029128682	-0.0832176889	-0.0227934782	0.0240535876	-0.0602222956	0.0221651481	-0.0611137135	0.1015232814	-0.0851400559	0.1275297003	-0.0240247774	-0.0662436956	0.0686607818	0.0324046925	0.0951527482	-0.0554310118	-0.0487314158	-0.0055073433	-0.1834408245	0.0335925697	-0.0939229677	-0.0068820088	-0.0098174122	-0.085351124	0.1209099481	0.0442219815	0.03781276	0.0001714694	0.0093382499	0.0471511051	0.010484202	-0.0516388298	-0.116800437	-0.0288959719	0.0932634206	0.1239818063	0.1543692813	0.0360512724	0.0126200744	-0.0355812257	0.0443191034	-0.0642773769	-0.0543527306	0.0331074677	-0.0304722716	-0.1282045865	0.1255324169	-0.1211199807	0.1150284477	0.0765029318604604	-0.014853607138761	0.0058526985832462	0.0002206296450326	0.1808600952565484	-7.584915374539425e-05	0.0327103740562077	5.753094123892454e-09	-0.3811118859075861	0.0101803493030985	0.1452462695800369	0.000103639511933	0.0024680691095292	-0.0001610042195266	6.091365129412259e-06	2.5922358705401793e-08	-0.0003765639418482	-5.287322104000243e-07	2.7955775031449563e-13	1.4180040230025456e-07	0.00035346425071	-5.305392827999991e-07	2.8147193059393744e-13	1.2493697652998176e-07
843.5556221474793	2.8074873101618323	711586.0876566209	7.88198499671972	1227.3010719700862	-0.2712184934689503	1506267.921258923	0.073559471199567	815.402591786486	2.448593139648437	664881.3866921187	5.9956083635333925	918.1299229334164	777.5899918125324	0.950896	32.828968	0.0317441803333458	0.0163138937078769	-0.0414995308	-0.0280190403	-0.1050538117	0.1434549095	-0.1461167941	-0.0083165994	-0.0430816754	-0.0904047348	0.1501578523	-0.0026713243	-0.0377780343	-0.1092062766	-0.0340745567	0.0308440328	0.0646741406	0.0264697506	0.0633478976	0.2148039701	0.0680929821	0.1124312741	0.0929218736	0.0739901659	-0.1706315741	-0.0255088955	-0.1383212989	0.0836200539	0.0050191976	-0.0555797979	0.0103344524	-0.0190705296	0.1310306718	0.0862972459	0.0038023903	-0.1713417724	0.0512213772	0.1332233704	0.0709787339	-0.0552077166	-0.1776398925	-0.0427219022	0.0717290244	0.0604998254	0.0538111979	0.0291843762	-0.0643833551	0.0137909741	-0.0395647963	0.0882908299	-0.1223322279	0.1653434046	0.0393740445	0.027772927	-0.0867013404	-0.0766053554	0.1070055923	-0.0846644529	0.0104982627	-0.0114979406	0.0532722356	0.1451399995	-0.0626973573	-0.033106287	-0.126067904	0.1651895789	-0.0199504593	-0.1250813232	0.0308324568	-0.0403285904	0.0110353097	0.043026427	-0.0441698108	0.1282256309	0.0487526205	-0.0661386478	-0.0944991643	-0.018117716	-0.0961071726	0.0603765892	0.049672422	0.0976981094	-0.0861194768	-0.0038309956	-0.0443859472	0.1837046591	0.0511284405	0.0825427583	-0.0050423576	-0.1392290572	0.013045726	-0.057712896	0.0678902417	0.0483566492	0.0587558381	0.0286477654	-0.0327696112	-0.0205337331	0.1076408181	0.0586427438	-0.0023033983	-0.0402496973	-0.0097925515	-0.0917215508	-0.0724181454	-0.007350376	-0.0408918951	-0.0828132777	0.1190874892	0.1294745571	0.0371144958	0.0766355394	-0.0023167074	-0.0624460612	-0.0296262769	0.066878263	0.0212379848	0.0686343156	0.0050716259	-0.1285578634	0.1269376627	-0.1242524367	0.1205247148	0.086548543028627	0.0100456111681666	0.007490650300378	0.0001009143037419	0.1731764106022808	-0.0076836846542675	0.0299900691890897	5.903900986622711e-05	-0.3810811059790495	3.077992853661726e-05	0.1452228093342155	9.474040007192655e-10	0.0026295942931086	0.0001615251835793	6.914766146349319e-06	2.6090384930358865e-08	-0.0004940346722532	-0.0001174707304049	1.3799372501884191e-08	2.440702573883268e-07	0.0003541504283731	6.861776630999569e-07	4.70839785337318e-13	1.2542252591685024e-07
845.3850171164893	1.829394969009968	714675.8271650468	3.346685952638982	1229.3340244149804	2.032952444894136	1511262.1435843315	4.132895643201044	816.6320055697827	1.22941378329665	666887.8325209256	1.511458250559782	921.360989521952	804.8012260134776	1.016294	35.0868	0.0738085082025938	0.0444781101755089	-0.0988643886	0.0740048467	0.1303046728	-0.0325834548	-0.0060921551	0.0090319415	-0.1365635839	0.1259847195	0.1367686532	-0.0083980431	-0.0362710823	0.0175711844	0.1054969706	-0.0825526283	-0.0002731826	-0.0472780811	0.0921424678	-0.0138547761	-0.0702534418	0.0273152515	0.0139263732	0.0266099733	-0.0597703016	0.0741354978	-0.0844229087	-0.1154423716	-0.0801927064	0.0932594663	0.0703646279	-0.0950459292	0.0517508153	0.0403783826	0.2137434269	-0.0503422925	0.1435526271	0.0126915844	-0.0009390404	0.0459173253	0.0920595187	-0.0508773374	-0.0504603845	0.0116921724	-0.1319756043	0.0423433727	0.0727045185	-0.1050443464	0.0671127261	0.0336315079	-0.1311590553	0.0147085964	-0.0763360874	0.0047520816	-0.1320442139	0.1489259699	-0.0732120836	0.1435000277	0.0369343734	0.0912795543	-0.0846661031	0.05872384	-0.0766551657	-0.1339864164	0.001337084	0.0766945549	0.0140996668	-0.0117004812	0.0109380254	0.0938258183	0.0320878114	0.1072852823	-0.0466897058	-0.1451270412	-0.0185555876	0.0205484079	0.0107232752	-0.089452214	-0.2125579087	-0.0677958381	-0.0290793685	-0.0339830204	0.077434936	-0.020139615	0.0473872856	0.0425003602	-0.0163003508	0.0270361155	0.1451917797	-0.0805892574	0.150879634	0.2301209168	0.042940065	-0.006929002	0.1165680214	0.0262932815	-0.0484793068	-0.0428215073	0.093930595	0.0294370764	0.0395697036	0.0179779195	-0.0130415978	0.0889444611	-0.0245282723	0.0837689326	0.1173031122	-0.0578587611	0.1832807805	0.0894230789	0.1804236063	0.0121029848	0.1569910621	0.0683830114	-0.0600585168	0.1269501844	0.0504773616	-0.0506943347	0.0091279413	-0.1288230331	0.1279949812	-0.1266188352	0.124700488	0.0765029063877875	-0.0100456366408394	0.0058526946857785	0.0001009148155197	0.1808612715838506	0.0076848609815697	0.0327107995589273	5.905708830605373e-05	-0.4231750119768591	-0.0420939059978096	0.1790770907616148	0.0017718969221524	0.0024680691095292	-0.0001615251835793	6.091365129412259e-06	2.6090384930358865e-08	-0.0003765639418482	0.0001174707304049	1.3799372501884191e-08	1.4180040230025456e-07	0.00035346425071	-6.861776630999569e-07	4.70839785337318e-13	1.2493697652998176e-07
842.5377501010997	-2.847267015389548	709869.8603454232	8.106929456925304	1229.159225578595	-0.1747988363854347	1510832.4018249712	0.0305546332017019	813.3978443551571	-3.234161214625601	661616.0532016164	10.459798762188544	918.5889472244248	806.2356016783949	0.997155	34.426025	0.0212653091791744	0.0120583644907161	0.0294036868	0.0170906662	0.1701429815	-0.0600992619	-0.0458046926	0.0682789748	0.1217960354	0.1397274137	0.0003532141	0.0038459371	0.1121912536	0.1079438162	0.1192210124	-0.0298591644	0.0761718545	0.055827377	0.0596465076	0.025129173	0.0694453889	-0.1136996939	-0.0318632659	0.0504952852	0.0258029196	0.0961244355	0.0858843414	-0.0486017791	0.0428219528	0.0149862771	0.0144864651	-0.0180820504	-0.1201911546	-0.108364952	0.0484648548	0.0610900106	-0.0936439381	-0.1138661042	-0.0741975058	-0.2121646286	0.1927316651	-0.1112373751	-0.0239469437	-0.0464828044	-0.0756535601	-0.0252737977	-0.0411628348	0.042638785	0.0579718136	-0.1415523217	0.1245048403	-0.2037396759	-0.060302681	-0.0037123987	-0.1378808758	-0.0971632065	-0.0565044924	0.0091771266	0.0308316651	0.1256125975	-0.002543043	-0.0715764771	0.0879973393	-0.078146971	-0.0144374272	0.0222987839	-0.0093056097	-0.0240811458	-0.0366748153	0.1167141747	0.017678523	-0.0208343953	0.1539778945	-0.0356912678	-0.1014813227	0.1603705566	0.1576761045	-0.0871040988	0.1109232111	0.0488361523	-0.0605176882	-0.026008203	0.1875250272	0.1020259259	-0.0592545557	-0.1284453846	-0.1115048241	-0.0503608052	0.0900367608	0.0834556987	0.1425381267	-0.0105022772	-0.1245108832	0.0540894286	0.0820996153	0.0583847146	0.0210939697	-0.1130606059	-0.0064067565	-0.0309484178	0.1253489778	0.0719088952	-0.0639249353	0.0622643105	0.076210333	-0.0327224525	0.1009232003	-0.1271793073	0.1576806256	0.0087234784	-0.0253638165	0.0542704444	0.0277159729	0.001024052	-0.0584648334	-0.0231515892	0.0950379595	-0.0860131504	-0.0232893868	-0.1289999139	0.1287014744	-0.1282045865	0.1275100165	0.0765330165379651	3.0110150177592443e-05	0.0058573026204004	9.066211437171701e-10	0.1809708272263464	0.0001095556424957	0.0327504403069881	1.200243880266534e-08	-0.416358909181703	0.006816102795156	0.1733547412549776	4.645925731413477e-05	0.0026300953616244	0.0001620262520951	6.917401611238183e-06	2.6252506368017225e-08	-0.0005000346956023	-0.0001234707537541	1.5245027032605604e-08	2.5003469680608484e-07	0.0003541580566876	6.938059775999966e-07	4.813667345534872e-13	1.254279291167373e-07
843.344795446749	0.8070453456492714	711230.4440071189	0.651322189934152	1226.126875454322	-3.032350124272853	1503387.1147113787	9.195147276177584	814.6976951436793	1.2998507885222352	663732.3344724234	1.6896120724218766	918.0056858831148	793.3451888372351	0.912029	31.487118	0.0837230461381646	0.0383640756891325	0.0693721487	-0.0010539504	0.0444440904	0.0376552686	-0.0626239306	-0.0674713472	0.0580865557	-0.0491901518	0.0447372007	0.0394747132	0.0891435491	0.0419583119	0.0441132616	0.0568708353	0.078344083	0.0915715296	0.0646784285	0.0244584267	-0.0377620468	-0.0820147096	-0.1585602798	0.063539819	-0.0187820639	-0.0004425922	-0.0299746866	0.0922309737	-0.0011996871	-0.1050823398	0.0220866748	0.0758286109	-0.0940033746	-0.0682927864	-0.1438183897	-0.0227784242	0.0072852638	-0.0139052907	-0.0069992809	-0.068542991	-0.124765545	-0.0098750325	0.0807309005	0.0925960055	-0.0604507446	-0.0878382032	-0.0299149616	-0.0883328265	0.0544937123	0.0563766579	0.112054102	0.0269753129	-0.0844365002	-0.0719735237	0.047080249	0.0337029386	0.1865040925	0.0849959554	-0.0649739123	0.0004159259	0.0966521993	0.0096965316	0.0499461265	-0.0421521237	-0.0536289694	0.0102102449	-0.0699073058	-0.1049792847	-0.0446222496	0.0057840588	0.0725002833	0.0615905038	0.0751881597	0.0737814013	-0.0142994183	0.066565796	-0.0075256916	-0.0549686511	0.0836724071	-0.0478638691	0.0743005298	0.2999684077	0.0955395379	0.0307637864	0.0023460993	-0.0586411916	0.0036623648	-0.0122629485	0.0668982349	0.0365960896	0.0598422582	-0.1044513257	-0.0801660976	-0.0083430889	-0.0980565713	0.0619125516	-0.0055731638	-0.0754437457	-0.0012478163	0.0305042045	0.0640131496	-0.0057760741	-0.020345486	0.0217914003	0.0652653795	-0.0615001886	0.017899151	-0.0778891889	0.1480640384	0.0506134744	-0.0134018172	0.0849344633	-0.058059208	-0.0490237069	-0.0127150823	0.0393080691	0.0565111633	-0.097470391	0.0532484998	-0.1290883846	0.1290552057	-0.1289999139	0.1289225186	0.0834938153166007	0.0069607987786356	0.0069712171961226	4.845271963665492e-05	0.2034840933349784	0.022513266108632	0.0414057762403582	0.000506847150878	-0.43384825984635	-0.017489350664647	0.188224312571706	0.0003058773866709	0.0030140847951471	0.0003839894335226	9.084707152336936e-06	1.4744788505708398e-07	-0.0007201659672717	-0.0002201312716693	4.8457776766787154e-08	5.186390204163832e-07	0.0002230861501547	-0.0001310719065329	1.7179844682169276e-08	4.9767430390845364e-08
