global_signal	global_signal_derivative1	global_signal_derivative1_power2	global_signal_power2	csf	csf_derivative1	csf_derivative1_power2	csf_power2	white_matter	white_matter_derivative1	white_matter_derivative1_power2	white_matter_power2	csf_wm	tcompcor	std_dvars	dvars	framewise_displacement	rmsd	t_comp_cor_00	t_comp_cor_01	t_comp_cor_02	t_comp_cor_03	t_comp_cor_04	c_comp_cor_00	c_comp_cor_01	c_comp_cor_02	c_comp_cor_03	c_comp_cor_04	c_comp_cor_05	c_comp_cor_06	c_comp_cor_07	c_comp_cor_08	c_comp_cor_09	c_comp_cor_10	c_comp_cor_11	c_comp_cor_12	c_comp_cor_13	w_comp_cor_00	w_comp_cor_01	w_comp_cor_02	w_comp_cor_03	w_comp_cor_04	w_comp_cor_05	w_comp_cor_06	w_comp_cor_07	w_comp_cor_08	w_comp_cor_09	w_comp_cor_10	w_comp_cor_11	w_comp_cor_12	w_comp_cor_13	w_comp_cor_14	w_comp_cor_15	w_comp_cor_16	w_comp_cor_17	w_comp_cor_18	w_comp_cor_19	w_comp_cor_20	w_comp_cor_21	w_comp_cor_22	w_comp_cor_23	w_comp_cor_24	w_comp_cor_25	w_comp_cor_26	w_comp_cor_27	w_comp_cor_28	w_comp_cor_29	w_comp_cor_30	w_comp_cor_31	w_comp_cor_32	w_comp_cor_33	w_comp_cor_34	w_comp_cor_35	w_comp_cor_36	w_comp_cor_37	w_comp_cor_38	w_comp_cor_39	w_comp_cor_40	w_comp_cor_41	a_comp_cor_00	a_comp_cor_01	a_comp_cor_02	a_comp_cor_03	a_comp_cor_04	a_comp_cor_05	a_comp_cor_06	a_comp_cor_07	a_comp_cor_08	a_comp_cor_09	a_comp_cor_10	a_comp_cor_11	a_comp_cor_12	a_comp_cor_13	a_comp_cor_14	a_comp_cor_15	a_comp_cor_16	a_comp_cor_17	a_comp_cor_18	a_comp_cor_19	a_comp_cor_20	a_comp_cor_21	a_comp_cor_22	a_comp_cor_23	a_comp_cor_24	a_comp_cor_25	a_comp_cor_26	a_comp_cor_27	a_comp_cor_28	a_comp_cor_29	a_comp_cor_30	a_comp_cor_31	a_comp_cor_32	a_comp_cor_33	a_comp_cor_34	a_comp_cor_35	a_comp_cor_36	a_comp_cor_37	a_comp_cor_38	a_comp_cor_39	edge_comp_00	edge_comp_01	edge_comp_02	edge_comp_03	edge_comp_04	edge_comp_05	edge_comp_06	edge_comp_07	edge_comp_08	edge_comp_09	edge_comp_10	edge_comp_11	edge_comp_12	edge_comp_13	edge_comp_14	edge_comp_15	edge_comp_16	edge_comp_17	edge_comp_18	edge_comp_19	edge_comp_20	edge_comp_21	edge_comp_22	edge_comp_23	cosine00	cosine01	cosine02	cosine03	trans_x	trans_x_derivative1	trans_x_power2	trans_x_derivative1_power2	trans_y	trans_y_derivative1	trans_y_power2	trans_y_derivative1_power2	trans_z	trans_z_derivative1	trans_z_power2	trans_z_derivative1_power2	rot_x	rot_x_derivative1	rot_x_derivative1_power2	rot_x_power2	rot_y	rot_y_derivative1	rot_y_power2	rot_y_derivative1_power2	rot_z	rot_z_derivative1	rot_z_power2	rot_z_derivative1_power2
815.4296388528912	n/a	n/a	664925.4959197566	1334.0807707962715	n/a	n/a	1779771.503008374	752.5424842517302	n/a	n/a	566320.1906037657	834.8561591753039	758.9611359132165	n/a	n/a	n/a	n/a	-0.0853188957	0.0028524531	-0.0134802542	0.0938263209	-0.0237885965	-0.0455640535	-0.1389405311	0.170294234	-0.0464434077	0.1369045229	-0.1746523009	0.0359572759	-0.0590603936	0.2462283079	-0.0859600369	0.0523767774	-0.0697193758	0.1711738706	-0.1297795539	-0.0213272187	-0.1689731662	0.1220376212	-0.1106287707	0.1094150501	-0.0002286611	0.0142295366	-0.0283829693	0.0394462701	-0.0840723464	0.0648326424	-0.1881560638	0.0503350901	-0.0152779874	0.0204474528	-0.1138068798	0.1072532477	-0.1368432327	0.0930581236	0.0170514431	-0.1098969805	0.0172550583	0.0490244696	-0.0654316276	0.0154707637	0.0730488391	-0.0203362596	-0.0545614227	-0.0058851581	0.1669634189	0.0333916825	0.0568332	-0.1093763336	-0.057439851	-0.071432326	0.098613803	0.0031817157	-0.0263115041	-0.0027565361	-0.0793792275	0.1879683802	0.0540458468	-0.0436643359	0.1276095036	-0.0400687746	0.1053101911	0.1879943798	-0.0163777394	0.140015839	-0.0753764618	0.17138258	0.0498949874	-0.0406469019	0.0413535253	-0.0491981508	0.181285196	-0.0483012522	0.0303783973	-0.1699573207	0.0428950453	-0.036850132	0.0367490704	0.1051254119	-0.1445998612	0.1003406924	-0.0917443338	0.1158382496	0.0392543349	-0.1195094472	-0.0917462231	-0.0358415502	0.1128865642	0.0902836243	-0.0431079226	-0.0024496218	-0.1312966068	0.1556048035	0.0596784143	0.051876359	-0.0004215647	-0.1344581575	-0.0045931445	0.0458279365	-0.0676581779	0.0125489411	-0.01918038	0.0210886449	-0.08958259	0.0427756567	-0.0740633961	0.1261334599	-0.030888309	0.0654497465	-0.1022684142	0.0245506403	-0.0386809636	0.0338379848	-0.0611108412	0.1724542944	-0.0253593622	0.0501822498	-0.1514842966	0.014880237	-0.1174330023	0.1946468918	-0.0039504287	0.1290883846	0.1290552057	0.1289999139	0.1289225186	-0.0581547382282963	n/a	0.0033819735784016	n/a	-0.0475381097987792	n/a	0.0022598718832407	n/a	0.0388420255922454	n/a	0.0015087029521086	n/a	-0.0016710006345536	n/a	n/a	2.792243120678534e-06	1.1425004740051037e-06	n/a	1.3053073331018866e-12	n/a	-0.0007689997978012	n/a	5.913606890182865e-07	n/a
813.0597419762581	-2.3698968766331063	5.616411205875353	661066.1440224994	1321.6571252178994	-12.423645578372088	154.34696945700435	1746777.5566392422	751.9161393099992	-0.6263449417310767	0.3923079860321058	565377.880554854	832.2376611575226	743.370772079223	0.948791	26.684961	0.0832614164014212	0.0599019350558549	-0.040300213	-0.1540733114	0.0074283805	-0.0370261082	-0.1208760257	-0.1165953278	0.0147020977	-0.0554995855	-0.0954855815	0.108005842	-0.0390113816	-0.1487929707	0.1132757114	0.1314120982	-0.0076669189	0.1407638273	0.0723590522	-0.1497265812	0.1947459929	0.1150625888	-0.1266319332	-0.1060219388	-0.3013499129	-0.0540511543	0.1325366957	0.0715587539	-0.0945016711	-0.0309153881	0.1375265042	0.1643991132	-0.0127026382	0.1049339846	0.0597603163	0.120727957	-0.0929189212	0.0142113123	-0.0880423245	-0.1141639862	0.1573110686	-0.0472041902	-0.1212898832	0.0996389344	0.0222598455	0.0019817587	0.0320757242	-0.0166729732	-0.1183990887	-0.0997476389	-0.0546241111	0.1115741992	0.0613293616	0.0200622538	0.1252613679	0.0305045356	-0.1072550205	0.0482896339	0.0367824001	-0.0827053842	-0.0194678407	0.020408408	-0.0956524412	-0.1281089257	0.0357382402	0.0880954437	-0.0773736056	0.1835032281	-0.2694859031	0.0715583301	-0.0352380609	0.1020158962	0.0854705365	0.0801618253	-0.1107338726	-0.050455913	0.064999087	-0.1657818234	0.2209465098	-0.0772699142	-0.0363801004	-0.0621165409	-0.0142828299	0.0384631082	-0.1246391008	-0.0347843482	0.0103786476	-0.0554089401	-0.0026455521	0.0779209231	-0.0231864642	-0.1412980097	-0.0272152022	-0.069736826	0.0972875637	0.043240506	0.0898136903	-0.1022535956	-0.1538503672	0.1012762565	-0.0357135332	0.0050054889	0.0783444598	0.1071960383	0.0751728182	0.0184916892	-0.07775618	-0.0154464551	0.0675670602	0.0261785541	-0.1505943098	0.0981599581	-0.0345629834	0.003297194	0.0219888813	-0.034013295	0.0569269764	-0.0139790378	-0.0139567345	0.2398954663	0.050036794	0.1231371623	-0.2299449098	0.1367357567	-0.1151143806	0.2206557982	0.0227201386	0.1289999139	0.1287014744	0.1282045865	0.1275100165	-0.0580796891053836	7.50491229127015e-05	0.003373250286578	5.6323708499657766e-09	0.0096099893256678	0.0571480991244469	9.235189483944904e-05	0.0032659052335376	0.0212579918253794	-0.017584033766866	0.0004519022164478	0.0003091982435142	-0.0017200005356074	-4.899990105380002e-05	2.4009903032821932e-09	2.958401842489742e-06	1.0581397404951789e-06	-8.43607335099248e-08	1.1196597104152045e-12	7.116733358332549e-15	-0.0006489993718446	0.0001200004259566	4.2120018465468534e-07	1.4400102229765454e-08
813.4208241919943	0.3610822157361326	0.130380366520915	661653.4372291833	1315.2092242878714	-6.447900930028027	41.57542640345629	1729775.3036519045	752.0330495221634	0.1169102121642708	0.0136679977082948	565553.7075736047	831.5896206966585	750.7974407285293	0.981522	27.605526	0.0200046404236078	0.0118553921543842	0.1149942649	-0.079534072	-0.0217855097	-0.0924515953	0.0637946547	-0.0299377467	0.1405688061	-0.1634964283	0.0190693119	0.0522771321	0.0706927433	-0.0219144762	0.1826052224	-0.1959668232	-0.1224111715	0.0215757289	-0.0401172673	0.0561418377	-0.1565429753	-0.133436259	-0.1167611694	-0.1934631028	-0.1311048941	-0.1401375444	0.1021198524	0.0790427733	0.0901239141	-0.0308595304	-0.0086773527	-0.0075290434	0.0155172287	-0.0979225172	-0.2085432351	-0.0491811194	0.0680465339	-0.0290972186	0.0392619074	-0.1185934845	-0.0610688943	-0.1486365583	0.0455288331	-0.1168622622	-0.0486417883	-0.1482091178	-0.0550652046	-0.0063557447	-0.0673228461	-0.2025681749	-0.0168810184	-0.0270815219	-0.0159280421	-0.0538245628	0.0338398506	-0.0870434446	-0.151829456	-0.0148657957	0.1542521409	0.1016873606	-0.2000022454	-0.160021216	-0.0557741931	-0.0371052536	-0.1884881014	0.1625803521	-0.0034858306	0.0129446876	-0.2270334684	0.0306798682	-0.0684748837	-0.0209301741	0.1272587205	0.047323197	0.1164647292	-0.1552024844	-0.1927535753	0.0443328497	-0.0422881553	-0.0140598505	-0.0007153859	-0.0251542912	0.0111090829	0.0157587812	0.1633807473	0.0390357575	0.0079347309	-0.0860305808	-0.0984367263	0.0619380447	-0.0177285345	-0.0794778718	0.0526384669	0.0587383946	-0.1050020833	0.0245470556	-0.1188635649	0.0511070152	-0.097196795	0.2253875787	-0.0980989154	0.0909564083	-0.1687751516	-0.0645750594	0.1256722627	-0.0112154467	0.0023569546	-0.0101502446	0.0369597372	-0.1330099808	-0.1228494221	0.106451893	0.0295595855	0.0065972368	-0.0539363753	-0.0348447935	-0.0988540244	0.0318276325	-0.0009717162	0.1034288376	0.1603730068	0.0273097677	-0.1428157531	0.0030625353	-0.0132268327	-0.094166973	-0.109094274	0.1288230331	0.1279949812	0.1266188352	0.124700488	-0.0582449414711589	-0.0001652523657752	0.0033924732069787	2.7308344394332426e-08	0.0095139296502395	-9.605967542829912e-05	9.05148573897063e-05	9.227461243390176e-09	0.0321997335594801	0.0109417417341007	0.0010368228413015	0.0001197217121757	-0.0016220006900602	9.799984554720004e-05	9.603969727275066e-09	2.6308862385557645e-06	1.0895954216660897e-06	3.1455681170910816e-08	1.187218182915704e-12	9.89459877925993e-16	-0.0007269998035823	-7.80004317377e-05	5.285287144087027e-07	6.084067351267598e-09
814.7155931024934	1.2947689104991014	1.67642653159503	663761.4976443475	1325.7155863767975	10.506362088926153	110.38364434362472	1757521.815962376	753.2976004556554	1.2645509334919325	1.599089063395318	567457.2748522481	833.1287675632432	754.9014432856106	0.950349	26.72876	0.0405207765328592	0.0260874161469019	0.0613628282	0.1051843738	-0.0789043305	0.0433963674	0.0517243845	0.1339960268	0.0359842029	0.0003991308	0.1660945757	0.0521445788	0.1367120124	-0.0386550521	0.0334313324	0.1116438732	-0.0139068322	0.0418893419	-0.0057936264	-0.072842927	0.0077225902	-0.2228915417	-0.0316920113	0.0562930527	-0.018496891	0.0157344126	0.0076822752	0.1006229266	0.0738450073	0.0010264414	0.1192499846	0.0758940535	-0.1238200038	0.095386078	-0.0948469512	0.0129272882	0.0514332357	0.0034194213	-0.0728634625	0.0882952975	-0.0326124004	0.0430209326	0.0482680439	-0.0504970085	-0.0589827315	-0.1666489292	-0.0021768928	0.094349827	-0.0462002129	0.1059469149	-0.0988447325	-0.0996439622	-0.171567195	0.1041433878	-0.0357642	0.0912944815	-0.1087690715	0.0628913189	-0.1298508149	-0.0835334512	0.127869205	-0.0280730624	0.2086624616	0.133863886	-0.1058178814	0.0153264187	0.1677591592	0.0833278559	-0.0999083749	-0.0756969538	0.1081871549	0.0159553865	0.0295693106	0.1273567811	-0.033682723	-0.0692972921	0.0426060613	-0.0622136052	-0.0181197877	-0.0115637186	-0.048657606	-0.103539608	0.0661593791	0.0229072299	0.1930844784	-0.0636965774	0.0972171952	-0.007639779	-0.0581074409	-0.025902312	-0.0362978148	0.1004288871	-0.0586084851	0.1345546298	-0.0232376302	0.2268534983	-0.0350129247	0.0667829266	-0.0181777175	-0.2037525385	-0.0709431313	0.0133808478	0.1335648405	-0.1340776167	-0.0523143913	0.026380483	-0.0043582628	0.0430433171	-0.0682934568	-0.1092536149	-0.0141158131	0.0545267377	-0.031879054	-0.1455163506	0.0121514404	0.01385387	-0.023021626	0.0461412819	0.1193398613	0.0227835569	0.0923546147	0.0533052086	-0.11545892	0.0299805788	0.1246906103	0.0958607957	0.0210896268	0.1285578634	0.1269376627	0.1242524367	0.1205247148	-0.0580797225492517	0.0001652189219071	0.003373254171398	2.7297292156176828e-08	-0.0076370117973141	-0.0171509414475536	5.832394919231474e-05	0.0002941547925374	0.0129982694628409	-0.0192014640966392	0.0001689550090286	0.0003686962234545	-0.001624000742061	-2.000052000799982e-06	4.000208005904011e-12	2.637378410214678e-06	1.026989825181346e-06	-6.260559648474363e-08	1.0547081010260117e-12	3.919460711210544e-15	-0.0006489994198444	7.800038373790002e-05	4.2120024695836773e-07	6.084059863259657e-09
815.3425112030384	0.6269181005450264	0.3930263047909838	664783.4105748768	1324.174537075553	-1.541049301244584	2.3748329488664206	1753438.204639255	753.9531729792611	0.6555725236057697	0.4297753337068374	568445.3870454957	834.5166058344025	759.0706972377186	0.945184	26.583513	0.0301493449400745	0.0210661507420338	-0.0951247534	0.113119465	-0.0206957115	0.0935515054	-0.0147180883	0.0228167117	-0.1079117253	0.0516349592	-0.0587152025	0.0254628905	0.1226358525	-0.1267701739	0.1776049166	0.0029452349	-0.1149210886	-0.04818782	-0.0696051813	0.0054446071	0.0514266462	-0.013239103	-0.0079450941	0.2255223923	-0.1059237828	-0.0128616129	-0.0039913448	0.0534105761	-0.1077958212	0.1175893998	0.0369623589	-0.023154459	0.0377947323	0.1105619657	-0.0201852757	0.0142359016	0.059417878	-0.0617149623	-0.0005177398	0.1569818464	0.0263297133	0.0065782186	-0.0338369336	0.1057246022	-0.0688439442	0.0541344459	-0.0211838336	-0.0733515102	0.0253812126	0.0488581258	-0.1129660672	0.0216203538	-0.0695715422	0.084893192	0.0040876908	0.1352119198	0.0554774501	-0.0288993439	-0.0462582393	-0.0300221559	-0.1440793164	0.0016325769	-0.0707371139	0.0775241273	0.1487440574	-0.0525001885	0.0327594427	-0.0007555707	-0.1391887241	0.0806673499	0.0059789478	0.0268668894	-0.1225175909	-0.0484844339	-0.0177078916	-0.0365327858	0.0494821137	-0.0166690225	0.0613756511	-0.0376370756	-0.0752772903	0.0980615555	0.0788315018	-0.0100405006	0.0726599869	-0.0512558362	0.1481882041	0.002290594	0.1540380029	-0.0209483881	-0.0444376965	0.0690436011	-0.2093699758	0.0491918638	-0.0393068522	-0.0391497897	0.0751598834	0.0345413947	0.1034604733	-0.0526150859	0.1061830968	0.0459822084	0.0164770473	0.0089806049	-0.1339706432	0.0740258275	0.0828106262	0.08556028	-0.0400300818	0.0280075486	-0.0617185072	0.03516369	-0.0079065421	-0.0710942548	-0.0135770371	0.0292539574	0.002794449	-0.046405595	0.1083051531	0.0906987121	0.0199057638	-0.0318740628	-0.1008491159	-0.0229885265	0.0978574058	0.041051997	-0.0601766594	0.1282045865	0.1255324169	0.1211199807	0.1150284477	-0.0582345039991736	-0.0001547814499218	0.0033912574560297	2.3957297239925023e-08	-0.0095486750980029	-0.0019116633006888	9.11771961272207e-05	3.654456575200399e-06	-0.0074292480740183	-0.0204275175368592	5.5193726945304616e-05	0.0004172834727186	-0.0016630005867094	-3.899984464840012e-05	1.5209878825993431e-09	2.7655709513958088e-06	1.1344354142739377e-06	1.0744558909259163e-07	1.2869437091588809e-12	1.1544554615454043e-14	-0.000762999782659	-0.0001140003628146	5.821686683376812e-07	1.2996082721860444e-08
816.0894099837816	0.7468987807432086	0.5578577886756916	666001.9250876767	1322.8770102968642	-1.2975267786887343	1.6835757414143635	1750003.5843719698	755.0994518969154	1.1462789176542856	1.3139553570586804	570175.1822550221	836.2800897980435	752.8017697584182	0.943804	26.544691	0.044419857723949	0.0294303663681457	-0.0813206745	-0.0719733855	0.0869738115	-0.054725612	-0.0576035153	-0.1139732204	-0.0650964037	-0.0874347241	-0.1024413856	-0.1032203117	0.0139485797	-0.0864839674	0.0984532985	-0.0759441262	0.006029196	-0.0151514745	0.0189859528	-0.0183506201	0.0554066773	0.1757858627	0.0037978862	0.0167951575	-0.053077642	0.0155174441	0.0388641051	0.0314180309	-0.0377518785	-0.0278188332	-0.1356408524	0.052227518	0.0490883766	-0.2007731978	0.0171126705	0.120579079	0.0738328036	0.1468031631	0.1024106342	-0.0389511131	0.0791836323	-0.0991048067	0.0937290309	-0.0290288821	0.1461442572	0.0698835537	-0.1593042972	-0.0230592172	-0.0730506001	0.1158516708	0.1267840635	-0.1052769257	0.1175413044	0.0163734818	0.0061795897	-0.0457593074	-0.1071948267	0.0948087414	-0.1106318966	-0.0555265652	0.0710261056	0.1012274321	0.1022465115	-0.0984041935	0.1184541277	0.0269847223	-0.1215084853	-0.0669533196	-0.064380705	-0.0078986701	-0.0515321849	0.0748758276	-0.0826568404	0.0179494984	-0.1031404691	0.0879311921	-0.0079987012	0.0928321383	-0.0356743811	-0.0839984511	0.1386512142	-0.03263166	-0.0046881242	-0.2352916968	0.0010342772	-0.0104729547	-0.0003112755	-0.076515134	-0.051128028	0.0490447275	0.0182992643	0.0629566599	0.0819358002	0.0535859987	0.0255767717	0.029331484	-0.140258268	-0.1832963686	-0.0034174106	-0.1674586199	0.0877342598	-0.0062457378	-0.101733375	0.1234210835	0.0349289982	0.0645757312	0.0592561733	0.0112398517	0.0864863794	0.0289051102	-0.0696592935	0.0005411176	-0.0614076659	-0.0698451746	0.0684837534	0.0053034408	0.0458219545	0.0127588122	0.0089404773	0.0705735644	0.0598124471	-0.0215152614	0.0041853735	0.0902737452	-0.0616376622	0.0335027865	-0.0553834884	0.1277634447	0.1237830955	0.1172407796	0.1082719048	-0.0580304333201269	0.0002040706790467	0.0033675311913216	4.1644842046581845e-08	0.0175970778609269	0.0271457529589298	0.0003096571492435	0.0007368919037072	-0.0185977067801417	-0.0111684587061234	0.0003458746974801	0.0001247344698703	-0.0017189997489322	-5.5999162222800016e-05	3.135906169655472e-09	2.954960136828967e-06	1.1025092125915847e-06	-3.1926201682352946e-08	1.2155265638493162e-12	1.0192823538622757e-15	-0.0007009993634865	6.200041917249998e-05	4.914001076084781e-07	3.8440519775657025e-09
816.3905757689427	0.3011657851610607	0.0907008301516782	666493.5722043457	1322.7554298449477	-0.1215804519165431	0.0147818062882308	1749681.9271842923	754.7762199972763	-0.3232318996391541	0.1044788609443362	569687.1422733768	834.3061028364483	757.3654124624588	0.943413	26.533691	0.0345086925564421	0.0245328728242913	0.0795468199	-0.0599155956	0.0887304863	-0.1075282607	0.0719260466	-0.0708490343	0.096993943	-0.1110197706	0.1148341791	-0.0962187122	0.0748674768	-0.1055023756	0.0214120892	0.0380000753	0.038829808	0.1013234232	0.0114154411	0.0450703741	-0.0328887735	-0.0830389352	-0.1012183151	-0.182568361	0.1095064598	-0.0648235092	0.1913888202	0.0647200307	-0.0141569826	0.0727969693	-0.0216805947	-0.1061537935	0.0069323374	-0.0694333183	0.1123831688	0.0556973974	-0.1005559853	-0.0556458157	-0.094502654	0.1020791507	0.1087014589	-0.0135676685	0.0952587802	-0.0649982066	0.0280806583	-0.0244181409	0.1457469176	-0.0647158455	-0.0461222857	-0.0460061114	0.008956693	0.0949485578	-0.0389363484	-0.0398528448	0.151677228	0.0368183576	0.1768959006	0.0974341713	-0.0675297003	0.1727072676	0.0785470512	-0.1012799929	0.0392258703	-0.1091208862	-0.1536939258	0.1074148931	0.0695206024	-0.1018383367	-0.1335674668	0.0038985876	0.0610201854	0.0431964219	0.0707690436	-0.0981535927	-0.0659933597	-0.0198510503	-0.0052150251	0.0086353698	0.1260331129	-0.0288313468	0.0291274058	-0.0633754144	-0.1916505706	0.0557963424	0.0754376982	-0.0180757879	0.0863210207	0.0153060542	-0.0549852045	-0.0073583549	0.0995521324	-0.0187902588	0.0345195378	-0.094284684	0.0177546342	-0.1848498409	-0.0078599188	-0.0921680964	0.0263970017	-0.139098086	0.058868958	0.0225414531	0.0403757217	-0.0143234167	0.1472335208	0.0410629134	0.0737485916	-0.0176838825	0.0683227139	-0.0972539571	-0.027988065	0.0027567452	0.0038031858	-0.0423902303	0.0179335578	-0.0458723853	-0.1173849679	-0.0481686822	0.0260010178	-0.0405064403	0.0854673577	-0.1209253886	0.0007533899	0.0241470023	0.0108451926	-0.13963192	-0.0396890493	0.1272347401	0.1216944932	0.1126387502	0.1003291122	-0.058174155215795	-0.0001437218956681	0.0033842323350714	2.0655983294432687e-08	0.0203173349508603	0.0027202570899334	0.0004127940995054	7.399798635332936e-06	0.0053979836013837	0.0239956903815254	2.913822696080734e-05	0.000575793156886	-0.0017000262582337	1.89734906985001e-05	3.5999334928606977e-10	2.8900892786840748e-06	-6.584710048951337e-05	-6.694960970210495e-05	4.335840642876071e-09	4.482250239264185e-09	-0.0007680567268722	-6.705736338570004e-05	5.899111356936373e-07	4.496689984241824e-09
818.1877384285236	1.7971626595809769	3.229793624992169	669431.1753147822	1328.643319488331	5.887889643383232	34.667244452659524	1765293.070420971	756.6910028782021	1.9147828809258272	3.6663934810866095	572581.2738368192	837.0680096723132	763.7009440580154	0.978379	27.517132	0.0237862736396389	0.0112267043109781	0.0677014522	0.1318166399	0.0328235428	0.0964874861	0.1231385008	0.1454738417	0.0447399981	0.0860750722	0.1236189311	0.0004330454	0.102686539	0.0186183278	0.1205478376	-0.1051157821	0.1204805742	-0.0253222255	0.0229936149	-0.011261821	0.131574818	-0.1500374681	0.1003058166	0.068020531	0.1874312087	-0.0107419262	0.0220775042	0.0174796873	0.1191311252	0.0778124113	0.0943302242	0.028393942	-0.1295523729	-0.0846596513	-0.0433650003	-0.1738027793	0.0385405791	-0.1030633293	-0.0695581938	-0.0219341707	-0.08533611	-0.0452600099	-0.0556120816	-0.0115884884	-0.0819737194	-0.0272796885	-0.0952991958	-0.0782115586	-0.0404067003	0.2002371001	0.0443372481	-0.005863888	0.0805736364	0.0563721284	0.0356544572	-0.0943958764	0.1155816865	-0.0471508143	0.0111011243	-0.1276077473	0.1790858526	-0.0274232412	-0.0355898186	0.1392366613	-0.0852453262	-0.099869512	0.1183995866	-0.1418875128	0.0179717367	-0.0609477448	0.137471645	0.0124985082	0.0414303087	-0.0603623627	0.0010390842	-0.1039303093	0.0473138716	0.0914322131	-0.0609167606	0.1039592674	0.0827682832	-0.0247423104	0.1804090973	-0.0074769522	0.0307365083	-0.1548725727	-0.1231837772	-0.0516265484	-0.000345086	-0.0408352327	-0.0684245267	0.0624947438	0.1124736242	-0.0604726827	0.0820103932	0.1372745417	-0.0183356777	-0.0311136019	0.1226339206	0.1533706417	-0.0411270455	-0.1044787109	0.1225678556	-0.1248064439	-0.0435790345	0.0572908318	0.0493045833	0.0758779435	-0.0825369973	-0.0104026648	0.0759116797	0.0039029791	-0.0647813142	-0.1255008282	0.0367595004	0.09812563	-0.0810131086	0.031640389	0.0012739625	-0.1109070897	0.029247053	-0.0234388721	-0.0163466801	0.0486884352	0.0540552011	-0.0698768396	0.0289707445	0.1266188352	0.1192723348	0.1073422654	0.0912870929	-0.0580699830701405	0.0001041721456544	0.0033721229337664	1.0851835930261325e-08	0.0151979748121817	-0.0051193601386786	0.0002309784383917	2.620784822949137e-05	0.0129568973797802	0.0075589137783965	0.0001678811897101	5.713717750923246e-05	-0.0016420363884987	5.798986973499999e-05	3.362824991882268e-09	2.696283501153853e-06	-0.0001089667797034	-4.311967921388664e-05	1.1873759078929306e-08	1.8593067355084875e-09	-0.0006490897242829	0.0001189670025893	4.213174701696511e-07	1.415314770508253e-08
819.5511052518041	1.363366823280444	1.8587690948218087	671664.0141194536	1328.205852265571	-0.4374672227600058	0.1913775709893525	1764130.7859925115	757.950592363953	1.2595894857508938	1.586565672614201	574489.1004648672	839.1231515645327	765.3455864768615	1.047916	29.472855	0.1033164513144611	0.0528456196749825	-0.1030318382	0.1059655479	0.0597436318	-0.0283735596	-0.1667759583	0.0494765607	-0.1240886201	0.0185287371	-0.0899139531	-0.1467107686	0.1089012291	-0.082263455	-0.0582545082	0.0371403443	0.0120153818	-0.1036164139	0.0549862961	-0.0046654071	0.1335224185	0.1618306875	0.037202514	0.127658489	0.0441164123	-0.1319467318	-0.1730809385	0.0048318225	0.0687921348	-0.0790155413	-0.0969163967	-0.0663548793	0.098649485	-0.1178816814	-0.0113431517	-0.0005427404	0.0283300404	-0.1755635019	0.1483277779	0.0610543947	0.1162493158	0.0488564479	-0.0229732969	-0.0598673735	-0.2235330467	0.0049807115	0.1304777023	0.0499088391	0.1873266739	0.0577363999	0.0557483869	0.0135904652	-0.1444560497	-0.0799290728	0.051722799	0.026756568	-0.0633001834	-0.1704837922	-0.1618312231	-0.2491801657	0.0582149043	0.0127525421	-0.0203585959	0.056333369	0.1735632131	-0.0004065911	-0.0748655445	-0.1314319256	0.0715239914	-0.0759456811	0.1209448784	0.0788095016	-0.091680548	0.1191371379	-0.0479341401	0.0808864396	-0.1026849363	0.2007117217	-0.020607692	-0.0160450146	0.0296109928	0.146311143	0.0062257777	-0.0663652687	0.1310716687	-0.0203274588	0.0508765801	0.0425625076	0.1422254271	0.0165536115	0.0162627648	0.2169393602	-0.040231657	-0.1941562976	0.0940326044	-0.1079904526	0.1173954652	0.0299895293	-0.0890419021	0.0325746454	-0.2374569864	0.1925419084	0.2091742939	0.0607688252	-0.1109615347	0.0883287498	0.0605582395	0.0261340262	0.1079316169	0.0618105703	-0.0717923438	-0.0212010256	-0.0948642429	-0.0847286288	0.1091798965	-0.0815243626	-0.0197901162	0.021601913	0.082816888	0.0243393924	0.0410600952	-0.0138753558	0.2168104797	0.0130751138	0.1684865694	-0.0594912543	0.1088602969	0.1259161521	0.1165232592	0.1013839798	0.0812449131	-0.0443571965200675	0.013712786550073	0.0019675608831198	0.0001880405149678	-0.0142923692455809	-0.0294903440577626	0.000204271818652	0.0008696803926452	0.0014321658083531	-0.0115247315714271	2.051098902615688e-06	0.0001328194377934	-0.0009139997917816	0.000728036596717	5.300372861594172e-07	8.353956193768082e-07	8.578311516682646e-07	0.000109824610855	7.358742847725012e-13	1.2061445149467178e-08	-0.0007830002994147	-0.0001339105751318	6.130894688835099e-07	1.7932042132129462e-08
817.858160958444	-1.6929442933600285	2.8660603804202864	668891.9714463282	1324.8419949962836	-3.3638572692873367	11.315535728137258	1755206.3117057327	756.6418205140129	-1.308771849940058	1.7128837551955218	572506.8445507598	837.5413017168246	758.9164085408584	1.022209	28.749857	0.1132611657697089	0.0594528958234614	0.009700494	-0.0443789029	0.1194416759	-0.1043909319	0.0988994457	-0.1341240327	-0.0542372946	-0.091956512	0.149060687	-0.1439871591	-0.0677893774	-0.0267952482	0.084252274	0.0489601795	-0.0126178325	-0.0537403155	-0.0190661358	-0.1063572855	0.1172781281	-0.0427436685	-0.1324624353	-0.0533470513	0.1862754694	-0.0019790992	0.0160578537	-0.0146541865	-0.0245339418	0.0152549635	-0.1836597385	0.0498408182	-0.0400506636	-0.1801598326	0.0950070492	0.0720755783	0.0217261643	-0.0197438297	0.0094958383	-0.1530556211	-0.0194707683	0.1002647447	0.0632533446	0.1168188904	-0.0111618453	0.0292276945	-0.0997793333	-0.0603411235	-0.0681626586	-0.0096452126	-0.0563167655	0.0159516499	-0.0839334059	0.1819918684	-0.0356880551	-0.1193343978	-0.1093304488	-0.1268872555	-0.0334100975	0.0728373838	-0.0947822935	0.0463422943	-0.0357457922	-0.1295841279	-0.0085209611	0.0846066328	0.1021197781	-0.1608415605	0.1139858199	0.0392545553	0.0925331677	0.0389452773	-0.0338056006	-0.0818185526	-0.0506814758	-0.0290073961	0.0242350363	0.0249379106	0.0485210973	0.0031333489	0.0894145448	0.0954436508	0.0540487839	-0.1997524171	0.0350410198	-0.0131446728	-0.0988916447	0.074843166	-0.1476281158	0.1806069056	-0.0328571539	-0.0835182189	-0.0520224091	0.0965773432	-0.1355614531	0.0219587184	0.1244323138	0.0015853021	-0.0096099703	-0.00050013	-0.0290359615	0.0526763316	-0.1398539861	0.0645680149	0.0966069536	0.0647332278	0.0866604713	-0.0032859926	0.0656508118	-0.1138216826	0.084201042	-0.0159510138	0.0166068266	-0.0242241969	-0.0112471049	-0.100300103	-0.1072806662	-0.046895752	-0.0092194285	-0.0547067638	-0.0288462812	-0.023168076	0.073608488	-0.0373824194	-0.0536547451	0.0439954549	0.0635340834	0.1251271724	0.1134548014	0.0948006283	0.0703125971	-0.0494347567770177	-0.0050775602569501	0.0024437951776028	2.578161816296017e-05	0.024056249057395	0.0383486183029759	0.0005787031187114	0.0014706165257473	-0.0193710055667963	-0.0208031713751494	0.0003752358566688	0.0004327719392638	-0.0017670399534068	-0.0008530401616252	7.276775173455475e-07	3.1224301969359064e-06	-0.0001028295299891	-0.0001036873611407	1.0573912237779216e-08	1.0751068860336101e-08	-0.000759091505488	2.3908793926699992e-05	5.762199137040383e-07	5.716304270294063e-10
818.848070561845	0.9899096034009744	0.9799210229054746	670512.1626628563	1333.914011281007	9.072016284723531	82.30147947028895	1779326.589491787	758.1625765961223	1.5207560821094148	2.3126990612727774	574810.4925508711	838.7060524642958	764.1625587136988	1.045804	29.41345	0.0925623585188946	0.0578147595543562	0.1484193408	0.0699579955	0.0525237081	0.1512917215	-0.0435138095	-0.0009216425	0.1679027385	0.1986063593	-0.0067242445	-0.0492427082	-0.071561958	-0.0381222346	0.0449105698	-0.0123477199	-0.0327840862	-0.0152085906	0.1361050975	0.1186862533	0.0081178515	-0.0472582419	0.2264790838	0.0212207062	-0.035906574	0.0331562571	0.1516674605	-0.0114666307	-0.03251651	-0.02677802	-0.0572768689	-0.0318370203	0.0234804561	-0.1191929645	0.2079150252	0.0602570752	0.0564242121	-0.0424718777	0.0546422254	-0.1696650446	0.116394496	0.1254744387	-0.1113526261	-0.1011208151	0.0221595915	-0.023534982	0.0482193109	0.0932427345	0.1083277104	0.0101322209	-0.0876660403	0.0148173512	0.0295428329	0.0781459127	-0.0188184869	0.1313559682	-0.0932711496	-0.0083105696	0.1244442587	0.0815099717	0.1491768564	-0.0538932838	-0.0422849999	0.0254607052	-0.1103849638	-0.2131631866	-0.0342827015	-0.0579630842	-0.068957218	0.0465443771	-0.0440957486	0.0589275374	-0.0407462175	-0.0304473614	-0.0412568648	0.1805470082	-0.0624235685	-0.0989409254	0.0660353186	0.1243324183	-0.0027839764	0.0948325811	-0.1404433631	-0.1889989271	-0.0367837891	0.036827026	0.011223409	0.0458893672	-0.0112502469	0.1455047775	0.1480078389	-0.0851709744	0.0878987737	-0.0429141273	0.0682199485	-0.044718551	0.03147308	0.0140407503	-0.0763379157	-0.0284722009	0.1313436349	-0.1922553886	0.1531311423	-0.135403455	0.074182251	0.0762268475	0.0470764227	0.0407194229	-0.1131069666	0.1327307896	-0.0040806098	0.061925542	0.029494757	0.0702601038	-0.0484630335	-0.0441652113	0.0157596828	-0.0080596763	0.0240689708	0.026964876	-0.029633132	-0.2032565978	0.0239672863	-0.0119108567	0.0257107462	-0.0284232728	-0.0577988818	0.1242524367	0.1100753719	0.0876327994	0.0586099215	-0.0580746879684426	-0.0086399311914249	0.0033726693826319	7.464841099255689e-05	0.0131078122499417	-0.0109484368074533	0.0001718147419797	0.0001198682685267	0.0369032163260243	0.0562742218928206	0.0013618473752053	0.0031667880496424	-0.0016470006577993	0.0001200392956075	1.4409432489944772e-08	2.712611166791327e-06	1.0344498038161731e-06	0.0001038639797929	1.070086396615319e-12	1.07877262984233e-08	-0.0006489994083445	0.0001100920971435	4.21200232031511e-07	1.2120269853453854e-08
818.0126791775153	-0.8353913843296823	0.697878765012263	669144.7432951767	1329.2508827744016	-4.663128506605517	21.744767469117	1766907.909356526	756.9081847637058	-1.2543918324165588	1.5734988692333722	572910.0001622882	838.5056060239577	759.2444810061531	1.053674	29.634794	0.102014357551697	0.0443572607028399	-0.0377873684	0.1250137786	-0.002098636	-0.1337159939	-0.0206474476	0.1413343606	-0.0408276019	-0.0804423509	-0.0633150977	-0.1381586858	-0.0266901124	0.0700345227	0.0899274638	-0.0408520509	0.074278775	-0.0464777637	-0.0654739089	-0.0130121696	-0.0119682043	-0.0501127944	0.0392057486	0.052813047	0.0386342789	-0.1468758	0.0204695077	-0.0527913223	-0.0661045818	-0.0084707842	0.0149889163	-0.0089985616	0.0317085408	0.1045199395	-0.0144240598	0.0423237888	-0.0609573412	0.1384092216	0.0596042073	-0.0275554855	0.0024986665	0.0598784978	-0.0478477336	-0.0601922818	0.0955552932	0.0630685283	-0.0205212307	0.0516333893	0.1803879215	-0.1162157233	0.2527181076	0.0329762152	-0.1225208414	0.0438941972	-0.0177507577	-0.2124340773	0.1800985515	-0.0658021767	0.1276080617	-0.0120927692	0.0402300519	-0.0127135829	0.0561962487	0.150071806	0.0214120619	0.1263476406	-0.0697928525	-0.1482959975	0.0301491786	0.0199092376	-0.0977303687	-0.0450981963	0.0064619377	0.0226697258	0.1322354836	-0.0449002468	0.0300592544	-0.0588527087	-0.0576587289	0.0112936526	-0.0197353062	-0.1469974795	-0.0332031077	0.0574052116	-0.2505839169	0.0170211791	-0.0208315692	-0.043321294	0.0333141135	0.1049204192	-0.001541385	0.1102512324	0.0355063428	-0.1137370512	0.0393310979	-0.1956161869	-0.1306462123	-0.0212515394	0.1370122915	0.0266208541	0.0282089448	0.0806993097	-0.064100301	-0.0617530273	-0.0892618682	0.0872255189	0.0906774843	-0.0331675712	0.1159319086	-0.0057482048	0.0398552211	0.0033392615	0.0528365965	0.0553106039	-0.0550441089	0.0562907806	-0.0721207802	0.0459220579	-0.0765757492	-0.0915504326	-0.0926321671	-0.0841579682	0.168965351	-0.0612048332	0.0287455799	-0.122985842	-0.0421274843	0.1232925447	0.1063942335	0.0799246852	0.0462651033	-0.0419092624803312	0.0161654254881113	0.0017563862816452	0.0002613209812116	-0.0099378890505335	-0.0230457013004752	9.87616387807136e-05	0.0005311043484307	0.0154947774928047	-0.0214084388332196	0.0002400881295515	0.0004583212532757	-0.00130005365389	0.0003469470039093	1.2037222352163984e-07	1.6901395029927405e-06	-0.0001128396621572	-0.000113874111961	1.2732789355751032e-08	1.2967313374910046e-08	-0.001016074131072	-0.0003670747227275	1.03240663983372e-06	1.3474385206547112e-07
818.8997972605456	0.8871180830302592	0.7869784932392818	670596.8779533627	1331.915466988922	2.664584214520346	7.100009036271009	1773998.811204318	757.7373891356131	0.8292043719072808	0.6875798903901481	574165.9508940555	838.9700594009441	754.2285529519147	0.969834	27.276785	0.1213005282698764	0.0587647416860296	-0.0955513738	0.0069441285	0.0710802045	0.0782150399	0.0949562018	-0.0644107112	-0.0484981178	0.1329618728	-0.0084571421	-0.1307764971	-0.0825646724	0.0518221483	-0.0143541615	-0.0084053156	-0.1009848026	-0.0016155553	0.0716263963	0.1808392437	-0.1496235838	0.0965770575	-0.0277414487	0.0982511967	0.0530560624	0.1045356055	0.0921452574	0.014628667	0.0046872688	0.0520722072	-0.0090684199	-0.1274612141	0.1069324539	-0.0162786179	-0.0298561958	-0.0899694513	-0.0316289742	0.1268571988	0.0524644319	-0.0414132744	-0.0934078482	-0.0259477454	-0.0266435039	0.1621090947	0.0514956099	-0.0734547782	0.1151394905	0.0987834912	0.0623648469	-0.1057050886	0.0118867003	-0.0450802524	0.0866762139	-0.0396389718	0.0182509434	-0.0701052118	0.2399599359	0.1267675605	-0.0786401729	0.020552132	-0.0389315419	0.0383060091	0.0538382937	-0.05618233	0.0868694447	-0.0946965407	0.0586005111	-0.0921237317	-0.001145695	0.0220368549	-0.1963353795	-0.1355646167	-0.0596677475	-0.0865548635	0.0467564005	0.0862551972	-0.0915685959	0.0267288949	-0.1510278164	-0.0073883246	0.0023323326	-0.0003718097	-0.0125119541	0.154495453	-0.0971313014	-0.0036076744	-0.0784167353	0.0061673373	-0.0137722913	-0.1123854974	-0.0842070799	-0.0671770939	-0.0227184794	0.0240261105	0.0448756284	-0.1489968129	-0.0138102408	0.0818933162	0.1062900516	0.115916274	-0.1189107513	0.0456161933	0.039396691	0.0913234265	-0.0015181871	0.1102713064	0.09944614	0.0305284369	-0.0798114898	0.0278854773	0.0582200747	-0.0019104437	0.1118088009	0.0834994996	0.0387379986	-0.0302809585	0.0675769306	-0.0516135949	-0.0562018366	-0.0779967388	-0.1609519714	-0.0502499946	0.1291131713	-0.0005064644	-0.1217964319	-0.0123762617	0.1030393012	0.1222481541	0.1024214758	0.0717238087	0.033413395	-0.0419366663393958	-2.7403859064599467e-05	0.0017586839836618	7.509714916324304e-10	0.0137637381434814	0.0237016271940148	0.0001894404876823	0.000561767131644	-0.0328794192750052	-0.0483741967678099	0.0010810562118615	0.0023400629129307	-0.0018030004540998	-0.0005029468002097	2.529554838412764e-07	3.250810637484085e-06	1.0850746945401113e-06	0.0001139247368517	1.1773870927313158e-12	1.2978845666738233e-08	-0.0006489996591538	0.0003670744719182	4.212005575817487e-07	1.3474366793402544e-07
820.5280717986788	1.6282745381331551	2.65127797153274	673266.3166096577	1325.8520704135774	-6.063396575344541	36.76477802989991	1757883.71261997	759.514857585558	1.7774684499449904	3.159394090549847	576862.8188932105	839.7378756024918	761.9856700632024	1.001517	28.167887	0.0603520125404287	0.0332409923640207	0.0770345304	-0.0755141672	0.1410215791	-0.0786164164	0.0278773162	-0.0678872835	0.098167473	-0.0690457362	-0.0417459788	-0.1144396906	0.1438465311	0.1731259868	-0.1463563548	0.0056863509	0.0042271374	-0.012397968	-0.017336377	-0.044314377	-0.2086003265	0.0262819488	0.1184221817	-0.1516860543	0.1489305832	-0.0804987949	0.0250596022	-0.1822423965	0.0756156355	0.1862287742	0.0083630751	0.0247179502	-0.0135264304	0.0013646537	0.0905224617	-0.0894688613	-0.1289963158	0.0395185693	0.0851003883	0.1284279064	-0.2242244894	-0.0145944076	-0.060189519	0.076150973	-0.0487974527	-0.0124618831	0.1124628567	-0.0314996731	0.0580219213	-0.0233652781	-0.1220059492	-0.0786884003	0.0024663556	-0.0493185573	0.0100733834	0.064132223	0.0097557727	0.0454434461	-0.1072628776	0.2075327332	0.0011300701	-0.0077860243	-0.1286964164	-0.0763363067	-0.0880601145	-0.006149816	-0.11970857	-0.1609788676	0.1060917185	0.1115994714	0.1687214963	-0.1957618278	0.1624296286	-0.0793837038	0.1025234321	0.0813882095	0.0993300147	0.0176675593	-0.0769327984	-0.0404459114	-0.1471920554	0.1252647993	0.0647735357	0.0383967709	0.0706869465	0.101468269	-0.1147693777	0.0100128457	0.018397745	-0.1694861845	-0.0141335118	-0.0493785133	-0.1239101362	-0.0587444538	-0.0986419136	-0.0467832054	-0.0095645747	0.0485275327	0.007197756	-0.0477514142	0.0292429183	-0.0717566567	-0.0104265538	-0.0039987226	0.176848558	0.0852588464	0.0697082522	-0.0760364301	0.0414739681	0.0173960363	0.0827182438	0.0330173545	0.131915848	0.1370911838	0.0114165745	0.1331052125	-2.71759e-05	0.0228521257	-0.0227811301	-0.0985034439	-0.0802588058	-0.0943390529	0.0383194142	0.0690363809	-0.0202997419	-0.0068170305	0.136208448	0.1211199807	0.098167988	0.063080731	0.0201956026	-0.0420289068966468	-9.224055725100266e-05	0.001766429014927	8.5083204019755e-09	0.0213979515001199	0.0076342133566384	0.0004578723284014	5.828121357467766e-05	-0.007592859986758	0.0252865592882471	5.76515227785107e-05	0.000639410080638	-0.0018021029657288	8.974883710000277e-07	8.054853760802833e-13	3.247575099088537e-06	-0.0002066104167346	-0.0002076954914291	4.268786430324508e-08	4.3137417159992025e-08	-0.0009871866661195	-0.0003381870069656	9.745375137641332e-07	1.1437045168041837e-07
821.6111263443464	1.0830545456676646	1.1730071488913911	675044.8429328256	1333.9339419808357	8.081871567258304	65.3166480296582	1779379.7615685316	759.9647978467646	0.4499402612065069	0.2024462386545796	577546.4939662737	840.8730552163782	762.5321338633165	1.000485	28.138849	0.0900724850150384	0.0494149776687813	0.101115734	0.0835957314	0.0609706684	0.1022879154	0.0784418604	0.1334853865	0.1077598545	0.065726075	0.0958384177	-0.0545397207	0.1812890518	0.1502114491	-0.1408751595	0.1305152172	0.0754684045	-0.0684041531	0.0955894925	0.0282133744	0.013126447	-0.030621529	0.1616861472	-0.0205508568	0.0686734794	0.0458625158	-0.0998980182	-0.004521823	-0.1011681217	0.1410653404	0.2444982633	-0.0872201808	-0.1508815467	0.0323135586	0.0252491912	-0.1153070495	0.0983600272	-0.1412976783	0.2154330271	0.0056365794	-0.0329119801	-0.1572865441	0.0475491552	-0.0821375364	0.0928101895	0.1983166069	0.0567790931	0.0046691785	-0.1047246847	0.0177094698	0.0516698242	0.0068660524	-0.0899907609	0.0301349322	-0.1847305035	0.0211505891	-0.0375738561	0.0508792444	0.0922942402	0.0693538959	0.0303381531	0.0627240517	-0.0150097999	0.1101895462	-0.1335731473	-0.1291337623	-0.0075230319	-0.0669656796	0.1442859909	0.0377506913	0.2440898848	-0.0771050927	-0.0177118277	-0.0149244113	-0.0259285688	-0.0640778666	0.0326777281	0.0656259543	-0.1126615366	0.0727597109	0.0884157907	0.0386330149	-0.0792391192	0.0884936099	-0.0098574115	-0.1076463682	0.0370870791	-0.171006268	0.1824315803	-0.0562343375	-0.0078309412	-0.1775933283	-0.0763824033	0.0409791102	-0.0598649275	0.0652621525	-0.0269205655	-0.1773868177	-0.0437298446	0.0444347592	0.1984357351	-0.1424392314	-0.0868950595	-0.1369666153	0.0453234787	0.0999053028	0.0672590195	-0.0010385124	-0.1048919484	0.0229027367	0.1150506132	0.0369668285	-0.0703765383	0.0125130613	0.0238716399	0.0515672072	-0.01273662	0.0963322386	-0.1052774551	-0.1718345449	-0.075711452	0.0390160711	0.0926581774	-0.0930764178	-0.046126551	-0.1070734709	-0.0398567523	0.1199087977	0.0936454286	0.0540487397	0.0067565429	-0.0419312350776692	9.767181897760158e-05	0.0017582284751387	9.539784222393373e-09	0.0167635995979367	-0.0046343519021831	0.0002810182714799	2.1477217553269027e-05	0.0355052996263225	0.0430981596130805	0.0012606263015549	0.0018574513620345	-0.0015890015935707	0.000213101372158	4.5412194815665026e-08	2.524926064370224e-06	9.473037907437032e-07	0.0002075577205253	8.973844719573898e-13	4.3080207349676697e-08	-0.000562999725187	0.0004241869409325	3.169686905606375e-07	1.7993456085767226e-07
820.8387192171222	-0.7724071272242554	0.5966127701868271	673776.2029660055	1333.9135744374269	-0.0203675434088381	0.0004148368245109	1779325.4240684328	758.9615051315665	-1.0032927151980855	1.0065962723695472	576022.5662715728	840.6999521072262	764.8736009669176	0.963424	27.096497	0.1049279861744263	0.0654352272048156	0.0304192777	0.1148200635	-0.0049817142	-0.0327101678	-0.1875349318	0.1220569982	-0.0031695152	0.0225266561	-0.1728597194	-0.1191656416	-0.0416635793	0.0705618513	-0.1151446739	-0.0097835363	0.0523118325	-0.0892899972	-0.0202719207	-0.159616093	-0.145613481	0.0405402615	0.1299676403	0.02226845	-0.0784186513	-0.1006997253	-0.1298555241	-0.1142476695	-0.001752202	0.0885225041	-0.1600844883	-0.0296184876	0.0061246966	0.0209106478	-0.1080057392	-0.0696730713	-0.0258169884	0.0070518197	-0.0188115615	0.0272663356	-0.1258674085	0.1889393158	-0.0476885459	0.0060440621	0.0408642964	-0.0049517984	-0.0013233089	0.1650764816	0.1179936758	0.1978260249	-0.1143346789	0.0152602866	0.0659608152	-0.1740653462	0.0819220144	0.0260947339	0.0741382095	0.0699990333	0.1602198694	0.1708667956	-0.1037309655	0.0893049645	-0.0634767452	0.1144429603	0.0299191111	-0.0084364887	-0.1670738482	-0.00577589	0.0911675017	0.0931888031	0.0284620751	-0.0067251735	-0.1306712314	0.0008834814	0.0264975551	0.0116415839	-0.0432769498	0.0480347772	-0.0940532642	0.1109579256	-0.1439105064	-0.0032439211	-0.0442510375	-0.0170570721	-0.0473222482	0.0873114532	-0.1261403241	0.1895619726	-0.0527393266	-0.122596669	-0.0665531301	0.1321785387	-0.0150958411	-0.0242894783	0.0557948193	0.0455902001	0.1021555515	0.0956854953	0.1035859436	-0.022153797	0.2058825283	0.0344092183	-0.1641006571	-0.0869154191	-0.0781003544	0.0344844058	-0.0169954461	-0.0735927091	0.119343267	0.176444531	0.0655948421	-0.1052166141	-0.1186434498	0.0907219479	0.0509565313	0.048019699	0.1634317388	0.0573724643	-0.0556232829	-0.0760654131	-0.0942350612	0.1643446894	0.259475751	0.0472135821	0.0017138954	0.0531658235	-0.1334168272	0.1186154352	0.0888661936	0.0446835199	-0.0067565429	-0.0324453524123953	0.0094858826652739	0.0010527008931645	8.998196993934385e-05	-0.0100824926894063	-0.026846092287343	0.0001016566588319	0.0007207126711005	0.0258486841844813	-0.0096566154418412	0.000668154474069	9.32502217916059e-05	-0.0004970002117838	0.0010920013817869	1.192467017824499e-06	2.47009210513142e-07	1.612766353797923e-07	-7.860271553639109e-07	2.601015311942648e-14	6.178386889694817e-13	-0.0006490002318441	-8.600050665709999e-05	4.212013009336955e-07	7.396087145277899e-09
819.5031929724978	-1.3355262446243614	1.7836303500804496	671585.483292119	1330.251732066938	-3.6618423704887846	13.40908954630692	1769569.6706670888	757.6662176453698	-1.2952874861966848	1.6777696718977269	574058.0973610409	838.9112233321599	756.7990673942362	1.031592	29.013756	0.1354868704264421	0.0862313569532358	-0.1249149661	0.0510112575	-0.0530820094	-0.1062306676	0.1067241286	-0.0050744324	-0.1331877865	-0.1025603607	0.1389287818	-0.0078574157	-0.1548421687	0.065036282	-0.0769059431	-0.0118792738	-0.0168950358	-0.0759836129	0.0619333417	0.0739170995	-0.1777995921	-0.025001354	-0.1387283826	0.0855137642	0.0655239959	0.0012136882	-0.1177560845	-0.1486531397	-0.1941274477	-0.1677593074	0.0713376675	-0.0189342646	0.1468842079	0.061820247	-0.1186443277	-0.1128592921	-0.0005081736	0.034284812	-0.06459133	0.1044504637	-0.0461048655	0.1136828186	-0.1031819679	0.1759916667	0.148849027	-0.1565519939	-0.1048041907	-0.0705332469	-0.0560706915	-0.059034188	-0.128554606	0.0315373087	0.0650903732	-0.0197236228	0.0155609193	0.0525719593	-0.0514259333	-0.2505029537	0.1462058686	0.083149316	0.1225135959	-0.0060537852	-0.0031924463	-0.0026351137	0.036533168	0.1441420853	0.1424425546	-0.0537689098	0.1103162701	0.0450323938	-0.1436238404	-0.139633871	-0.181764844	0.1163999599	-0.0250890637	0.1450281167	-0.0406426238	-0.0486784147	0.1290419185	0.0411978835	-0.0656617801	-0.0821392612	0.1233018191	0.2868280112	-0.0019305752	0.1050744353	-0.0341728276	0.0814777912	-0.0090603262	0.0959022535	0.1046047745	0.0578533527	0.0816241873	0.06451137	-0.129266261	0.1916363482	0.0766593673	0.0270664674	-0.0372264065	-0.0215108843	0.1035894222	0.1056203138	-0.0805608531	0.0338479418	-0.1438595089	-0.0750764006	-0.0827001536	-0.1070900225	0.0685192742	-0.0413298438	0.3217628158	-0.1656139794	0.0765129404	-0.0168930809	-0.0141130431	-0.1358918363	0.2490247189	-0.2680208621	0.1979976092	0.0319400376	-0.0865319695	0.1098861029	0.0377721991	-0.0093189977	0.17060174	0.1185524806	-0.0661082641	0.1172407796	0.0838433825	0.0350428114	-0.0201956026	-0.0278073430021663	0.004638009410229	0.0007732483248401	2.1511131289372777e-05	0.0602663900914706	0.0703488827808768	0.0036320377746573	0.0049489653085175	0.0054117193318603	-0.0204369648526209	2.9286706126830494e-05	0.0004176695323872	0.0003040001311531	0.0008010003429369	6.416015493850314e-07	9.241607974110201e-08	-9.864808192538989e-08	-2.599247173051822e-07	9.731444067558436e-15	6.756085866617887e-14	-0.0006490002318442	-1.0007186052041206e-16	4.212013009338254e-07	1.0014377268016806e-32
820.5948184235033	1.091625451005484	1.191646125282927	673375.8560235023	1335.2223988915705	4.970666824632417	24.70752868150132	1782818.85450176	760.137081362493	2.4708637171231658	6.105167508595708	577808.3824622892	841.0134125000168	755.0616541530997	1.046693	29.438463	0.0634909390719494	0.0333663150352249	-0.053486661	-0.1000379334	-0.0094688209	0.162277328	-0.0372266603	-0.1168405841	-0.0353994681	0.1623125814	-0.0139012959	0.0469288963	-0.0666212207	0.158548435	-0.0244574774	-0.0680956761	0.0754329184	-0.0986214275	-0.0010186249	-0.0492608235	-0.0920123043	0.1086505484	0.020594838	0.0611577168	0.0874343543	0.0566958807	0.0235463271	-0.1525615806	0.0177656477	-0.0366983037	-0.1110088343	-0.1005178614	0.0020398835	0.2104533993	0.0989704315	-0.0376572978	0.0875192853	0.1022659983	-0.0018417005	0.0739265528	0.0923261824	-0.0772054833	0.0643145788	0.1441847319	-0.0163238638	0.1067587243	0.0333019693	-0.1850544273	0.0269669048	0.0428002509	-0.0545213325	-0.0604486293	0.1646264724	-0.0449900141	-0.1128941564	-0.0340264596	-0.0836723602	0.0456068664	0.1028515051	-0.2370204835	-0.1839461521	-0.0485389188	-0.0507650104	-0.0922409192	0.0879390667	-0.1707397608	0.0251451702	0.0163163153	0.1377077771	0.0995654887	-0.1032154174	-0.0133960231	0.0275786702	-0.050400358	0.1793718161	0.0794531751	-0.0053642206	-0.0069628998	0.0757866299	0.0948682654	-0.0708393491	-0.0355505274	-0.0405633614	0.0428871193	-0.2403899929	0.1000257034	0.2158070029	0.1041689061	0.0841503787	-0.1012336452	-0.045236018	0.0107562603	-0.0078419614	0.094304919	-0.095734006	0.0912895072	-0.0642707704	-0.0153362573	-0.0177768598	-0.1009240282	-0.1199639487	-0.0344065015	-0.0149472977	0.116611145	-0.0036465616	-0.1104801818	-0.1278977908	-0.0560271183	-0.0969317873	0.1694021206	0.2225881377	-0.0909738831	0.024553474	0.0829478564	-0.2464461538	-0.0762007352	0.1236653899	-0.1084100823	-0.1030904658	0.0460507919	-0.1412365344	0.0995064008	-0.0076453345	0.0209450654	0.0748834749	0.0394449808	-0.1148178594	0.1157857731	0.0785907625	0.0251860523	-0.033413395	-0.0231884084160753	0.004618934586091	0.0005377022848707	2.133455671058764e-05	0.047055730735579	-0.0132106593558916	0.0022142417950593	0.0001745215206174	-0.0145724990986479	-0.0199842184305082	0.00021235772998	0.0003993689862782	0.0002880100612301	-1.5990069923000022e-05	2.5568233614242995e-10	8.294979536976594e-08	8.54658207436465e-05	8.55644688255719e-05	7.304406515385117e-09	7.321278325402264e-09	-0.0002370122366036	0.0004119879952406	5.6174800299840876e-08	1.697341082223687e-07
818.9144454674984	-1.6803729560049303	2.823653271272748	670620.8689953403	1331.3908843508193	-3.8315145407511855	14.680503675987774	1772601.686932457	760.7343955526546	0.5973141901616827	0.3567842417685068	578716.8205768628	842.1119717094513	757.6931298852604	1.056044	29.701469	0.1193630511549608	0.0673249192658481	0.1367645871	-0.1232902657	-0.1301829849	-0.0200274175	-0.1017369591	-0.0250527825	0.122834655	-0.0386249614	-0.0113452609	-0.0385841318	-0.1811440902	0.1021025863	-0.0093979388	-0.0142136593	0.0786835872	0.188422147	-0.005106048	-0.0450389326	-0.0199771604	0.0030266286	0.1197142299	-0.1489953887	0.0418728611	-0.0236719394	-0.0310633998	-0.0939140265	-0.1065691903	-0.0005241544	0.0090227132	0.0372354192	-0.0139777806	0.0149021626	0.1232961874	0.0369368351	0.0825926001	-0.0090175412	0.0726991871	-0.0287347155	-0.0104476528	-0.0470570074	0.1692075794	-0.177682905	0.0702817235	0.0646150586	-0.1062766862	-0.0649817538	-0.0277489484	-0.1708067679	-0.0011237246	0.0538761657	0.1191838768	-0.1370049257	-0.0657727475	0.1221795116	0.1059001468	-0.1644494615	-0.1417396052	-0.1636440086	-0.0380558524	-0.1209299939	0.0558024205	-0.0437456686	-0.1070642033	-0.0138034533	-0.1047055485	0.0547435942	0.1976309148	0.0825190239	-0.0809276823	0.1635150278	0.1404817452	-0.0491549272	0.0078509697	0.1226620523	0.0239742562	-0.0278012038	-0.0923857287	0.0574607575	0.0254558432	0.0269322292	-0.0273142295	0.050712375	0.100827772	-0.0085911285	0.0610847208	-0.227901731	-0.023929748	0.0038230196	0.1692350655	-0.0946368125	0.0134948521	-0.0555385658	0.1155472456	-0.0244956121	0.0510811245	-0.0891920184	-0.1373452547	-0.0231861863	-0.1472001248	0.0875224982	-0.1086711909	-0.0573738099	0.0845895015	-0.168193159	-0.1879572861	-0.1323433183	0.0898208898	0.1061873776	0.1314530394	-0.0458885645	-0.0480911157	0.090652246	-0.115847675	-0.0540325668	0.153220601	0.0824604597	-0.0024880521	-0.0091659925	0.0710679267	-0.0128240525	0.0996691534	-0.0883165025	0.2009293447	-0.0825232191	0.1579852033	0.1142514127	0.0731227308	0.0151740128	-0.0462651033	-0.0108004515035702	0.0123879569125051	0.0001166497526809	0.000153461476466	0.0597045836330636	0.0126488528974846	0.0035646373067974	0.0001599934796222	0.0358845547250865	0.0504570538237343	0.0012877012678177	0.0025459142805712	0.000324999989442	3.69899282119e-05	1.3682547891215151e-09	1.056249931373001e-07	8.417499031132537e-08	-8.538164575333518e-05	7.085428993911721e-15	7.290025431548019e-09	0.0005179999398559	0.0007550121764595	2.683239376907161e-07	5.700433866021111e-07
818.2597717339982	-0.6546737335002035	0.4285976973350955	669549.0540381748	1335.3417388527257	3.950854501906406	15.609251295234117	1783137.559522221	759.56768035312	-1.1667151995346785	1.361224356825245	576943.0610370194	842.1111399030206	747.1328749223189	1.130339	31.791027	0.1561837322927835	0.0866293978192062	-0.0988244544	-0.0047709891	-0.2634495356	0.0117284592	0.0304651045	0.1559294643	-0.0568687707	0.0048701259	0.0276260794	0.1340044742	0.0028708657	0.1475979036	-0.022619136	-0.1716748247	0.0991066538	0.1513076603	0.0290934911	-0.0190863675	0.0088747427	-0.0374603226	-0.0445033966	0.1330541135	0.0550791841	0.1106872107	-0.0887227397	-0.0504954344	0.105865116	0.0047803685	0.05808571	-0.0912310988	0.0245913551	-0.0119791554	-0.1101974577	0.1580859915	-0.0368609046	0.038583348	0.105099747	-0.1481948193	0.1088674317	0.0499780963	-0.0171724992	0.0541604711	-0.074156462	0.1567374272	-0.1456491608	0.235683022	-0.0346878807	-0.0199214249	-0.0103639894	0.0010887281	-0.0031026959	-0.184635541	-0.0492110518	0.0228576418	-0.1390273561	0.0838405043	0.0584666108	0.0172843527	0.0843517731	-0.0401516647	0.007204531	0.1334623876	0.0541020983	0.0045094191	0.0448619884	0.0765339999	0.1488535955	-0.0053192951	-0.0548523174	-0.1302365098	-0.0124686242	0.1483929119	-0.0065117177	-0.0603098527	-0.070855039	0.0996951221	-0.1525573124	-0.0959206879	-0.011113111	-0.1291858354	-0.077371397	-0.200536701	-0.0666820563	-0.0622550446	0.0265904253	0.1503419435	-0.0734723488	0.112049931	-0.0766104811	-0.1596979736	-0.0172628826	-0.0495760599	0.1705169607	-0.0406817481	-0.2365067195	0.0663223115	-0.0890676493	-0.0853344143	0.0445700833	-0.0244505379	0.1318410928	-0.0128283989	-0.1527783193	-0.1025867978	-0.083423491	0.0257074135	-0.0599332243	-0.0674891008	-0.0536122721	0.1334373369	0.0423513233	0.0719353272	0.1151973801	0.0111201898	0.1942629915	0.1719412519	-0.1161667954	-0.0760206924	0.1103252888	0.1206194573	0.0359635582	-0.2459007217	-0.0304270987	-0.0260151725	0.0712638144	0.1126387502	0.0674542747	0.0050684204	-0.0586099215	0.013609988221674	0.0244104397252442	0.0001852317793941	0.0005958695675797	-0.0184328648115581	-0.0781374484446217	0.0003397705051611	0.0061054608494359	0.0238531384990778	-0.0120314162260086	0.0005689722162561	0.0001447549764034	9.999999714056784e-05	-0.0002249999923014	5.062499653564452e-08	9.999999428113578e-09	-4.449999702060836e-09	-8.862499001338622e-08	1.9802497348341528e-17	7.854388854872804e-15	-8.900000079083225e-05	-0.0006069999406467	7.921000140768141e-09	3.684489279451365e-07
819.7512311320303	1.4914593980321342	2.2244511359783763	671992.0809424793	1333.8465493560598	-1.4951894966659438	2.2355916309401582	1779146.6172290675	761.013783980389	1.4461036272690535	2.091215700800713	579141.9794081502	843.0510217888249	744.1954582642744	1.01156	28.45034	0.1058330416342846	0.0539265550005032	-0.1021400385	-0.1437880654	-0.1269316472	0.0310689428	-0.0765399206	-0.0857913904	-0.062646385	-0.0188507708	-0.1325193052	0.1486960769	-0.0712549428	-0.013875582	-0.1494549877	0.0703359696	-0.0928476582	0.0094580944	-0.0085240324	-0.0518372195	0.0890479221	0.1907855605	-0.0033567088	0.0339399953	-0.0504693346	0.1414708341	-0.0016849563	-0.0932429434	0.1002278661	0.0083092883	-0.0663450027	0.0695553439	0.2033274436	-0.0966310219	-0.1135402628	-0.0609800753	0.0613844522	0.0417362116	0.0332042871	0.0712472816	-0.0231991463	0.1536895186	0.0311843687	-0.0688511032	-0.0028766316	-0.0205881786	-0.0631495561	-0.0976340361	-0.0067582606	-0.0001037271	0.0258902068	-0.221033462	-0.006412855	-0.0184811643	0.0242640861	0.0322600938	0.0045950402	0.0758595804	-0.0736742627	0.0248862839	0.0456956348	-0.018347038	-0.1199108691	-0.0643504514	0.157475231	-0.0278644736	-0.1348761655	0.0967495501	-0.0189225162	-0.0698160793	-0.1310777731	-0.1926918179	-0.0531542069	-0.0220186211	0.0141725072	0.1490960918	-0.028541429	0.1710566838	0.0029761527	-0.0847685446	0.0104286515	0.0108940059	0.0991206568	-0.1271166609	0.0566560255	-0.0157802173	0.0132584985	-0.1065947104	-0.1357552929	-0.1131917476	0.1278020525	-0.0304552004	-0.0901418074	0.0166352249	-0.0050234796	0.0274147171	0.0572821359	0.0706788988	0.1174954891	-0.0036015799	0.0313586487	-0.0240401944	0.0498253337	0.1552591726	-0.0172710685	-0.0469280134	-0.0226080011	0.016709143	-0.0481767099	-0.0049318033	-0.1597356032	0.0882224531	0.2024349343	0.11605154	0.2139503326	-0.0516036534	0.1167276548	-0.0212175337	-0.1195178086	-0.2223258637	-0.1038949155	0.1099317821	-0.1193945871	-0.1126271641	-0.102315748	-0.0741085234	-0.0078147059	0.1109488906	0.0616009311	-0.0050684204	-0.0703125971	-0.0108848647309542	-0.0244948529526282	0.0001184802802111	0.0005999978211708	0.0087204971326286	0.0271533619441867	7.604707024018364e-05	0.000737305064872	-0.0160310789953683	-0.039884217494446	0.0002569954937557	0.0015907508051442	-0.0001820000013962	-0.0002819999985367	7.952399917473706e-08	3.31240005082168e-08	7.73500019590756e-09	1.2184999897968396e-08	5.983022803068999e-17	1.4847422251348982e-16	-8.499999946702403e-05	4.000001323808226e-06	7.224999909394084e-09	1.600001059046756e-11
822.2924590106584	2.541227878628092	6.457839131116634	676164.8881457953	1332.0786253327776	-1.7679240232821485	3.1255553520981385	1774433.4640684626	761.576716485748	0.5629325053589582	0.3168930055897135	579999.0950932134	842.5517837894366	763.3646166262301	1.085105	30.518814	0.0837590702767136	0.0539648854736988	0.1172153087	-0.1024852727	0.0006131476	-0.0843992232	0.0710056253	-0.0732608101	0.123540008	-0.1205700794	-0.0050371523	0.0308764854	-0.0663267179	0.0998610157	-0.0290236823	-0.0642625631	0.0601971255	-0.0116434301	-0.1426351375	0.0036728296	0.0682378005	-0.0002578332	0.0084931181	-0.2402145195	-0.0837741949	0.033333384	-0.0911457701	-0.0282104436	0.0393167539	-0.0969750657	0.0334532208	-0.0677784614	0.057409502	0.08504564	0.0771611355	-0.0534517855	-0.0374694525	-0.1267844001	-0.0856366241	-0.1184948264	-0.0284591123	-0.0610117826	-0.0478348409	0.0351178723	0.0738639556	-0.0077257191	0.0600142311	-0.0750024072	0.013105294	-0.0317189876	-0.0174322076	0.0215402776	-0.0425425385	-0.026417285	0.0028574775	0.0774225938	0.0123910475	0.1331133885	-0.0182724108	0.0264573997	0.0686707488	0.2207214907	0.1394700674	-0.0835036174	-0.1519208316	0.0839098918	-0.0977349703	0.1177216212	0.0404867284	-0.0623312721	-0.0687674539	-0.1553839448	0.065579448	-0.0504253671	0.064717028	0.0500543117	-0.1439324574	-0.1206326154	0.0555619865	0.1146894183	0.0058429649	0.0617548689	-0.0195327002	0.0152360319	0.0278097136	0.0320705685	-0.0440318189	-0.0353932443	0.1467632481	0.0079932961	-0.1121577085	-0.0287744428	0.1045694316	0.0583748005	-0.0444933892	-0.06502215	0.0731031991	0.0019887854	0.0302127234	0.0478393662	0.0295036596	-0.1358391398	0.0232043558	-0.0219840399	0.1511675141	-0.1050075303	-0.0713123122	-0.0651934976	0.011201898	-0.0839982912	0.0028569146	-0.0215632031	0.1796859691	0.1002457219	-0.1164865109	0.1422185156	-0.0558723622	-0.1160921829	0.0090581704	-0.0844141348	0.1325887821	0.1447624116	0.0383912188	0.0220303132	-0.2022334563	-0.1083233362	-0.1257075165	0.1091829923	0.0555787436	-0.0151740128	-0.0812449131	-0.0107985474682266	8.631726272759904e-05	0.0001166086274235	7.450669844785359e-09	0.0559849300396564	0.0472644329070277	0.0031343123915452	0.0022339266180229	0.0087272635003898	0.024758342495758	7.616512820523602e-05	0.0006129755231372	-0.0002080014639801	-2.60014625839e-05	6.760760565019518e-10	4.3264609017864846e-08	8.899656879068907e-05	8.898883379049316e-05	7.920389256515852e-09	7.919012539392017e-09	3.300925638258509e-05	0.0001180092558496	1.0896110069312347e-09	1.3926184466178505e-08
823.0156873993075	0.7232283886490904	0.5230593021479598	677354.8217053546	1340.082296675178	8.003671342400366	64.05875495716089	1795820.5618622198	761.4404863399353	-0.1362301458126467	0.0185586526281349	579791.6142375972	843.5193366690285	763.6052283343147	1.116075	31.389835	0.140807090493848	0.0703143001993327	-0.0392952489	0.0936823643	-0.0542757066	0.0771952801	0.0341186867	0.1721801526	-0.032888955	0.0779375496	0.0485266395	0.1505352101	0.0603994425	0.1084847135	-0.0664434674	-0.1029116996	0.0392390029	-0.0927799794	-0.116566507	0.068662028	0.1769307207	-0.0440647462	0.0485110067	0.0787898836	-0.0232819186	0.147100606	-0.1428874393	-0.086737446	-0.0912585308	-0.0883443343	0.2013561936	-0.0645778473	-0.0067395201	0.000515702	-0.1007635868	0.0616530617	0.1283889311	0.0211122647	-0.0017919971	-0.0423501383	0.0315401368	0.0216896636	-0.0405478131	-0.1602398845	-0.1239707496	-0.0592423743	-0.0087954835	-0.0294003703	0.021897748	0.0208689767	-0.0262564199	0.0445442173	0.1052755619	0.0694398907	-0.0050909141	0.0129782907	0.0440958178	-0.0352534423	0.1244590468	0.0449676194	-0.0605489064	-0.0396796504	0.1235956864	0.1698337363	0.0159999262	-0.0653837114	0.0546568298	0.1527553093	0.115997973	-0.0566346685	0.0443605867	-0.0925007821	-0.0113946378	0.0024109222	-0.0841662841	-0.1371874697	0.0334206897	-0.0162090842	-0.1014290496	0.0147296515	0.1475139366	-0.0933258425	0.018918218	0.0169043425	-0.1603687333	-0.0648770722	0.1368369104	0.0202293991	0.0843567747	0.0945477077	0.1959282113	0.0508023257	0.0327295175	0.0180927364	-0.0177470583	0.1670071468	0.1684303059	0.171074208	-0.1836329706	0.045871928	0.0245603283	-0.0224650239	-0.0077876558	-0.0334717887	-0.1560459552	-0.1520917912	-0.1635906158	-0.0596609837	-0.0891430225	0.0164420054	0.1614733234	-0.1155202432	-0.1477461512	-0.0995268808	-0.0441722706	0.1922132164	-0.0576831126	-0.0396852382	0.0095887201	-0.0536771096	-0.0255895676	0.0450336129	-0.1073265309	-0.0240886669	-0.1352665692	-0.0011183805	-0.1238664534	0.1073422654	0.0494042187	-0.0251860523	-0.0912870929	-0.0272509873453969	-0.0164524398771703	0.0007426163112989	0.0002706827779119	0.0261706799108054	-0.029814250128851	0.0006849044869938	0.0008888895107456	0.0280120868277862	0.0192848233273964	0.0007846770084474	0.0003719044107688	0.0009580002110149	0.001166001674995	1.3595599060911455e-06	9.177644043045928e-07	-1.0394307903283106e-07	-8.91005118697219e-05	1.0804163678825364e-14	7.938901215446452e-09	-0.0002170000999613	-0.0002500093563438	4.708904338321419e-08	6.250467825948374e-08
823.2941624716564	0.2784750723488969	0.0775483659197233	677813.2779599061	1339.1140525963656	-0.968244078812404	0.9374965961552808	1793226.4458610618	763.7491076318765	2.308621291941222	5.3297322696043565	583312.6994084878	846.2282059399884	764.6994744775129	1.048192	29.480621	0.1042654795099448	0.0627743720196264	-0.0688666517	-0.0994852477	0.0421825292	0.0458365995	-0.1246347189	-0.0880453123	-0.0682534348	0.0657802525	-0.106529234	0.1561963195	-0.0392383003	-0.0550320581	-0.1474109371	0.0296279547	-0.0286969494	-0.0447846529	0.1014710977	0.1116804062	-0.056009571	0.1668999214	0.0425948256	-0.0465433211	0.0565591928	0.1725822403	-0.0730687928	0.1271056783	0.0766931902	-0.1018398166	0.0503090033	0.1691354912	-0.0202333249	0.0785415034	0.0918360381	0.0560930458	-0.0820630291	-0.129062124	-0.0558008539	-0.0099328709	-0.0702111596	0.1644652373	0.0930920327	-0.0461759827	-0.1186959171	0.0690087253	-0.0568656096	0.0043894235	-0.0696766999	0.0068607185	0.0208519613	0.0156948051	0.0521156858	-0.0215566563	0.2226749206	-0.062110597	0.0589745451	0.117018335	0.1543175796	-0.0844062702	0.0276633129	0.0536005167	-0.0561535095	-0.0963726513	0.1151931452	-0.118760021	-0.0732160217	0.1459652811	0.1504345171	-0.2107366275	0.047798155	0.0720523168	-0.0322743797	0.0048993057	-0.060995861	-0.075029099	0.1039758346	-0.0154793083	0.0085779091	0.0022347625	-0.0925567959	0.0910419921	-0.0757317701	-0.0082552498	-0.0136848742	-0.2331033149	-0.06808619	0.0661105223	-0.1480985854	-0.0267916921	-0.0458555247	-0.062963898	0.0398420471	-0.0424810278	-0.0402387169	-0.0386962745	0.0789530939	-0.0666478428	0.0379436376	0.1140523895	-0.042733305	0.0173887143	-0.092667885	0.1466636814	-0.0155199984	-0.1566838728	-0.1720819508	-0.0595244789	-0.0486899286	0.1155184544	-0.0109234908	-0.1483513854	-0.0046869675	-0.0623347658	0.1296698702	-0.0457032355	-0.1902091148	-0.0274753242	-0.042700881	0.0524120836	-0.0564681986	-0.0772885479	-0.132472361	0.1300324516	0.0760840143	-0.0763398669	0.0006050588	0.1054279714	0.0430942802	-0.0350428114	-0.1003291122	-0.0043548726603575	0.0228961146850394	1.8964915887929205e-05	0.0005242320676704	0.0263169061529282	0.0001462262421228	0.000692579549462	2.138211388535581e-08	-0.0207498175733178	-0.048761904401104	0.0004305549293259	0.0023777233208224	0.0011849993881111	0.0002269991770962	5.1528626402352016e-08	1.4042235498236815e-06	1.2146245254029966e-07	2.2540553157313078e-07	1.4753127377104548e-14	5.0807653663765634e-14	0.0002050000010445	0.0004220001010058	4.2025000428245016e-08	1.7808408524890546e-07
821.6717314151482	-1.6224310565081623	2.632282533122192	675144.4342067675	1339.7353907785598	0.6213381821942221	0.3860611366524203	1794890.9173045803	763.1323980560649	-0.616709575811683	0.3803307008978259	582371.0569628002	844.9621845325634	755.4857646228157	1.103636	31.040001	0.1268421518027577	0.0848850947906634	0.1302340484	-0.046306336	-0.1428131754	-0.1141606882	-0.0500915382	0.010274099	0.0861977591	-0.0610017798	-0.0042253384	0.0866905027	-0.263991477	0.0249654686	-0.0664862582	-0.0025858416	0.2301329331	0.0363073132	-0.0117513524	-0.0565569444	-0.0801114932	-0.0972277437	0.0655692874	-0.1158077667	0.055690219	-0.0447101042	-0.2623129516	0.0431085892	0.032863432	-0.1140772535	-0.0978530477	-0.0429563152	-0.1259572761	0.2279596582	-0.0983378147	0.1064795692	0.0248515604	-0.0894920197	-0.1548375789	-0.0646053242	0.0077602385	-0.0392269872	-0.0684216198	0.0487814449	-0.0107418836	0.1114437107	-0.0311972322	0.0751207411	-0.1071522643	0.0471140224	-0.0092454433	-0.0584065077	-0.0231352201	0.0560199909	-0.0728086193	0.0983340461	0.2064129302	0.0573218321	-0.0792683739	0.110452451	-0.0045571149	-0.1177330237	-0.1253050179	0.0071381805	-0.1269811011	0.0708281182	-0.0207939617	0.1370248263	0.2555284661	-0.0808569469	0.0328693458	0.2190080691	0.0367485894	0.1320257503	0.1638376901	-0.1078215613	-0.1003088413	-0.1924143214	0.0918776222	-0.0085543386	-0.0322851096	0.0218736742	0.0403619911	-0.0704180799	0.159879947	0.0377317731	-0.0026787711	0.1206229128	-0.034945603	-0.0811317118	0.0858558954	0.0377468708	-0.0979321733	-0.016970494	-0.0167700278	-0.0382497274	0.1823879508	-0.0692506748	0.102776157	0.0502363056	0.0098563892	0.0017003616	-0.0114345094	-0.1212554337	-0.0102293118	-0.1933245191	-0.2186668838	-0.1447744196	0.0594883815	-0.0381243552	-0.0007565109	-0.0631614044	0.0238507178	-0.029665962	-0.1225268458	-0.0365721672	-0.1962779197	0.0710893443	0.1430748348	0.0429844057	0.2004526294	-0.1848012126	-0.0214227128	-0.0500758476	-0.11797276	-0.0375854495	-0.0714320078	0.1034414224	0.0366662233	-0.0446835199	-0.1082719048	-0.0053398610598094	-0.0009849883994519	2.8514116138068768e-05	9.702021470548165e-07	0.0445699521143012	0.018253045961373	0.0019864806314711	0.0003331736868679	0.058999150770262	0.0797489683435798	0.0034808997916121	0.0063598979518652	0.0011859575229716	9.581348604998426e-07	9.18022410905053e-13	1.406495246292933e-06	0.0001568586729829	0.0001567372105303	2.460464328995636e-08	2.4566553164838297e-08	0.0006044076376207	0.0003994076365762	3.653085924142354e-07	1.5952646015538586e-07
822.8697834257068	1.1980520105586263	1.435328620003567	677114.6804750697	1338.300015078988	-1.4353756995717504	2.060303398921092	1791046.9303604197	762.62159467194	-0.5108033841248698	0.2609200972334193	581591.6966599728	844.518226588634	752.8496902547419	1.124459	31.625662	0.120080923689495	0.0707957520590517	-0.1532292826	-0.0372952759	-0.1630368619	0.0026531864	0.0256047668	0.0644294163	-0.1265140707	-0.0067729931	0.0735610374	0.2202997674	-0.0025081236	0.1163847818	-0.1338665709	0.0267961055	0.0643921756	0.029653337	0.0465721879	0.0246961303	-0.0132912178	-0.0315478097	-0.1347894932	0.0421347743	0.0740229712	0.0548152378	-0.2021664875	0.0322227249	-0.1072367034	-0.1665474985	0.0389976048	0.0649286557	-0.0702614213	0.0665741587	-0.0013935837	-0.0376582705	-0.0770923656	-0.1009264334	0.0414286784	0.0932100932	-0.0328694017	-0.0326616829	0.1633528971	-0.0506247793	0.0140774182	-0.1268622393	0.0989937432	-0.055692607	-0.0781109844	-0.010629537	0.067644275	-0.0206716578	-0.0348175345	-0.024369641	-0.1273450739	-0.0286447025	-0.1017252142	0.0787381143	0.0108166318	-0.0517470328	-0.0969076814	0.0301148805	0.0752685857	0.0330370231	0.0974900548	0.0362357829	0.1408147718	0.1803447898	0.1696673545	-0.0166449544	0.0872075577	-0.0526632302	0.0053046551	0.1991850743	-0.1018596054	-0.0697198478	-0.0007604762	-0.0055300663	0.0184074537	-0.056615906	0.0582708334	0.1433147407	-0.0493738876	0.2033292547	-0.0348720178	0.0328443828	0.0587114099	-0.0944826021	-0.0534791469	-0.113130597	-0.0986475904	0.0284273579	0.107367982	-0.0377667083	0.0233940824	0.024233082	-0.0057304656	-0.0569693003	-0.1233993936	-0.0717950099	0.0010867095	0.0496261142	-0.0775569638	0.1121453214	-0.1579170111	-0.1380449584	-0.1873320074	-0.0695910967	-0.0877264068	-0.0616378053	0.0361664167	-0.0004500475	-0.039144673	-0.1036267971	0.0688051949	-0.0095473986	-0.0429328779	0.1341347815	-0.0774315284	0.0573137879	-0.0694379425	-0.189049851	-0.1308358385	0.0269187954	-0.0051089146	0.0054128355	0.2776530246	0.1013839798	0.0301376669	-0.0540487397	-0.1150284477	0.0153981817881714	0.0207380428479808	0.0002371040023815	0.0004300664211646	-0.0072648909533938	-0.051834843067695	5.277864056470308e-05	0.0026868509558525	0.0148926007329777	-0.0441065500372843	0.0002217895565918	0.0019453877561914	0.0011219538734609	-6.400364951069997e-05	4.096467150688525e-09	1.2587804941739171e-06	0.0001528393412122	-4.019331770699987e-06	2.3359864222179295e-08	1.615502788295829e-11	0.00060441441107	6.773449300035393e-09	3.65316780309095e-07	4.587961542014996e-17
822.6846942805018	-0.1850891452049836	0.0342579916727115	676810.1062034027	1336.1345796281364	-2.1654354508516462	4.689110691805072	1785255.6148780568	763.417121800706	0.7955271287660253	0.6328634126027162	582805.701858474	845.5426749345478	756.2558456135306	1.056307	29.708866	0.0824688116062749	0.0468639945454293	-0.0106671167	-0.179544655	-0.0209738809	0.0431908984	-0.0892178689	-0.1302772357	0.0023227509	-0.0323405074	-0.0517181941	0.1935213182	-0.0530426044	0.0737961167	-0.1647533853	0.0601370023	0.0020117181	-0.0463146522	0.1480133528	-0.0551015271	0.0344497628	0.166702428	-0.0153313442	-0.1015072151	-0.0498559086	0.1118374316	-0.0950259874	0.0569200377	0.0391715872	-0.0727491935	-0.0075976284	0.002393448	-0.1104514953	0.0491888342	-0.0518331366	-0.0719772919	-0.0203928772	0.2236535917	0.0895932642	0.0752477557	0.0442400584	-0.0550947959	0.0246131015	-0.03217398	0.2085379321	0.0619225682	0.064643664	0.0607010672	0.0351312038	-0.063432177	-0.0726671651	-0.0644963526	-0.0059056511	0.1798504894	0.0339175943	-0.0704889041	-0.1738896814	-0.0940620816	0.0735287546	-0.0364991406	-0.0292299057	-0.0566228234	0.0498392358	-0.1454972348	0.0536592113	-0.036032816	-0.0712746904	0.2019042307	0.0862935669	-0.0992848783	0.0706770064	0.0390821794	-0.0226279863	0.0669569374	0.0678127683	-0.0022384788	0.0383634012	0.070401775	-0.1099708887	0.0708110129	0.0574507549	-0.1037879117	-0.1408167326	0.1757295144	-0.1098901288	0.0981380983	-0.0630745425	-0.1399716955	-0.072754471	0.1388077487	0.038319764	0.0644937412	-0.0759573492	0.0769623883	-0.085279201	-0.049217204	0.0457808888	-0.091092836	0.1093799446	0.0044187368	-0.0408943877	0.0206976461	0.0098958366	0.1252635933	0.0577082881	-0.1598800242	-0.2077147064	-0.1185409181	-0.0396162432	0.0649545341	-0.0678602794	-0.1117062279	-0.0890607083	-0.0313561657	0.1556708758	-0.1221593828	-0.1939470448	0.1332308139	0.0036595368	0.0789082215	0.0350650575	-0.0753541382	0.0632514266	0.0387311217	-0.0174594227	-0.1404094364	0.0453176997	0.0992570537	0.0235265052	-0.063080731	-0.1205247148	0.0101356045317686	-0.0052625772564027	0.0001027304792244	2.7694719379608013e-05	0.0359386369179617	0.0432035278713555	0.001291585623521	0.0018665448205309	0.0014869227739211	-0.0134056779590566	2.210939335605219e-06	0.0001797122015419	0.0010059549198609	-0.0001159989535999	1.3455757236294937e-08	1.0119453007923498e-06	0.0001069301711853	-4.59091700269e-05	1.1434061509717564e-08	2.107651892558813e-09	0.0008544468578323	0.0002500324467623	7.300794328594907e-07	6.251622443394237e-08
820.7774203764011	-1.907273904100748	3.6376937452637095	673675.5737997395	1337.9263721636146	1.79179253547818	3.210520490195325	1790046.977330891	762.1279442888809	-1.2891775118250737	1.6619786569954873	580839.0034659957	843.5845963738975	756.6198672615908	1.107266	31.142107	0.0652300196027114	0.0317760491212721	0.097131388	0.0145492541	-0.2077489815	0.0067597611	-0.0255009426	0.0724924319	0.0821008329	-0.0514166243	0.0177261356	0.2235025597	-0.1396419384	-0.0729974595	0.1391281645	-0.1397425998	-0.0161883889	-0.0381880269	-0.0571835429	-0.1404866599	0.068621093	-0.1601301566	-0.0232324562	-0.0102287399	-0.1680838657	0.1617509101	-0.0952667026	0.0563055407	-0.034067802	-0.1194351661	-0.0750230543	-0.0023384273	0.0803570493	-0.0539761109	0.1892564632	0.0326957391	-0.1235094193	0.063692317	-0.1112653144	0.0362489163	-0.1952692899	0.0135742651	-0.117690239	-0.1452810733	0.0902828689	-0.162382046	-0.0081043157	0.1151547955	0.1793168566	0.0729649496	0.1845169763	-0.00093994	-0.1625508699	0.0129603764	-0.0885191485	0.0866217134	0.0731160661	0.0559139479	-0.0070124043	-0.1512225409	-0.0279675795	-0.1225977088	-0.0854867913	0.0765908824	-0.0941312418	0.0582829079	0.0408605435	0.2484079583	-0.0332296898	-0.0145885733	-0.1476824505	-0.0321493224	-0.1365189757	-0.0348548477	-0.071189012	0.1201589166	-0.0528350193	-0.1958634024	-0.0698023076	0.0071551127	-0.0063467455	0.0762442268	0.1087221385	-0.0157291306	0.1588506584	0.0759553459	-0.0538595026	0.0287599981	-0.0287596136	-0.0505888292	0.0290074218	0.1569016243	0.0352232395	-0.1842686673	0.0215196833	-0.0826897646	-0.1258852859	0.0200306593	0.0548050167	-0.0141635557	-0.1460717465	-0.1177483631	0.0882379702	-0.1295985454	-0.0442753462	-0.0943656853	-0.0500864526	0.051261664	-0.0754569385	-0.1330281805	-0.1932144595	0.0233576754	0.0174100763	-0.0559746032	0.0667812262	0.0423371279	0.0707633772	-0.0152472264	0.2145266348	-0.1192776571	0.0091733653	-0.0501421719	0.0828989677	-0.257024172	-0.1063182849	0.2913485681	0.2062773056	0.0970621018	0.016850859	-0.0717238087	-0.124700488	0.0104095318375954	0.0002739273058267	0.0001083583530779	7.503616887752915e-08	0.0214088205588609	-0.0145298163591008	0.0004583375977215	0.0002111155634291	0.0113580687639398	0.0098711459900186	0.0001290057260463	9.743952315626223e-05	0.0006200205908939	-0.000385934328967	1.489453062752086e-07	3.844255331324209e-07	-6.88123495558024e-05	-0.0001757425207411	4.735139451389938e-09	3.088543359643681e-08	0.0006050211085851	-0.0002494257492472	3.660505418335434e-07	6.221320438752713e-08
823.6740847861422	2.8966644097411063	8.390664702660791	678438.9979482889	1336.4444497466848	-1.4819224169298195	2.1960940497991177	1786083.767258719	764.1445978442918	2.0166535554108123	4.06689156255107	583916.9664146143	846.1025291226484	753.535132447921	1.064012	29.925573	0.0637732646914005	0.0396468602324868	-0.0890967231	-0.0104220352	-0.1532738109	0.0835255486	-0.0046134758	-0.0095563626	-0.0943431288	-0.0390747086	-0.0221264883	0.2373303287	0.1012703813	-0.0674123129	-0.0496861072	0.0114032059	-0.2167780154	0.0450943469	0.0012668372	0.0055999001	0.0968372544	0.1469495848	-0.0027765131	0.0028350896	-0.1059057417	0.0739862362	0.0018024522	0.0971428408	0.2205011067	0.0022051952	-0.0912214321	0.1056835397	0.1330200078	0.103243402	0.0847962605	-0.0183012557	-0.1269889725	-0.0573051847	0.0277998779	0.0280869503	0.0629768797	0.0548488184	-0.050891094	-0.0345519786	-0.0347450353	-0.0334764333	-0.0600161141	-0.1416205939	0.0003501101	-0.046030035	0.0711890303	0.1343316105	-0.0328906919	0.0037238009	-0.0347047624	-0.0073730029	0.0179909543	-0.0488053569	-0.046223128	0.1605403382	-0.0605862792	-0.1746505872	-0.1295534146	-0.0137872089	0.1361185335	-0.0330015251	-0.0055693879	0.1747180468	-0.1190144052	-0.1989046307	0.0692759718	-0.1091228675	0.0236766452	-0.133342912	0.1136432121	0.0113235137	0.0719772099	0.1319951744	0.2338380112	-0.0214436296	-0.11490036	0.2026777457	-0.0804859128	-0.1111361524	-0.0401224254	0.0249562473	-0.0245398622	-0.0129838968	-0.0449493106	0.020442423	0.059732624	-0.0267050831	0.006418962	-0.1180430072	-0.0025635754	-0.0561345194	-0.0946546134	0.0163176782	-0.0949753761	0.0928873013	0.0065400147	-0.0285111561	-0.0636036622	0.0685413742	-0.105547598	-0.028572015	0.0329130253	0.1128777986	-0.0883165765	-0.048992573	-0.288994595	0.0153103278	0.1673192687	0.0150059671	0.0285008753	0.0047843258	0.033995239	-0.0306038351	-0.0299198459	-0.0972877297	-0.1354937473	0.0572933209	0.0862781986	-0.0001546133	0.0513345893	-0.0944506966	0.1355670393	0.0948006283	0.0101290257	-0.0799246852	-0.1275100165	0.0166922133012548	0.0062826814636593	0.0002786299848945	3.947208637380941e-05	-0.0160964478671985	-0.0375052684260594	0.0002590956339414	0.0014066451597107	0.0017227241183661	-0.0096353446455737	2.967778388000257e-06	9.283986643898575e-05	0.0004820002099764	-0.0001380203809175	1.90496255486118e-08	2.323242024172937e-07	1.4580512885942198e-07	6.895815468466182e-05	2.1259135601712652e-14	4.755227097513747e-09	0.0006050002410651	-2.0867519999944947e-08	3.6602529168882913e-07	4.3545339094810243e-16
824.9388764318559	1.2647916457136716	1.5996979070670978	680524.1498486528	1337.3170895910566	0.8726398443718608	0.7615002979853455	1788416.998112294	763.8193775964162	-0.3252202478755635	0.1057682096282429	583420.0415917767	845.5192759479826	767.8314232402944	1.032053	29.026699	0.1137563809655434	0.0808377633403011	-0.0364916416	-0.160546229	0.0236554473	-0.1656208849	0.0508775509	-0.1279595931	0.0016584708	-0.1455242174	-0.0779468446	0.0724703529	0.0651707338	-0.1286292957	-0.0856626668	0.0271829998	0.1363801524	-0.0639632763	-0.1498053053	-0.0282516321	0.0969261217	0.0891990803	-0.1409464296	-0.1679796554	-0.0569512419	-0.1046150114	0.047610353	-0.028109588	0.0771777821	-0.0372436799	0.0712381772	-0.1078518322	-0.0741856347	0.1193303081	-0.04727959	-0.0290604106	-0.0308961926	-0.0408296891	-0.0701750197	-0.1425210236	-0.0585820669	0.0856520198	-0.0268385056	0.1203075968	0.1423510368	-0.0335061142	0.0849139388	0.1484722984	0.0831077724	0.0256355178	0.0296083735	-0.0037943537	0.0050848198	0.210700249	-0.1106303515	-0.0005395385	-0.0363122136	-0.176064876	-0.1779772929	0.0103156326	-0.0650869833	0.1532399548	0.0017555419	-0.1268875706	0.0191323761	0.2043490679	-0.0778530999	0.0510820866	-0.1198387147	-0.0942634178	0.0682678828	-0.1429697753	0.0777975916	-0.0123778876	0.0848352916	-0.0584592326	-0.0248055859	-0.1636243706	0.0137700549	0.1654526498	0.0277566396	-0.0444796402	-0.0034704868	0.0410387752	0.0171177988	-0.0039671939	-0.1257174862	0.0481607551	0.1252811152	0.0170253516	0.0476290053	0.0606968607	-0.0660018614	0.1049682006	0.0171716496	-0.0524336078	-0.0490051426	0.0654326546	0.0859503379	-0.0896179197	0.0527023989	0.1394271084	0.0215681165	0.1344906994	0.1070648617	-0.0431344967	0.0398584946	0.0303392528	0.0968868744	-0.148189609	-0.167177808	-0.033915166	0.0124361742	0.035230446	-0.0052399641	0.1543711153	-0.0404411309	-0.1005632097	-0.1835434691	-0.0898080403	0.0489466339	0.000481637	-0.0166495405	-0.0524928862	0.0464161818	-0.0453020644	-0.0823741623	0.0924741833	0.0033794295	-0.0876327994	-0.1289225186	0.016379178137285	-0.0003130351639697	0.0002682774764529	9.79910138815991e-08	0.0556782082508249	0.0717746561180234	0.0031000628740222	0.0051516012608605	-0.0360447840128301	-0.0377675081311962	0.0012992264545315	0.0014263846704399	0.0004040001739518	-7.800003602459997e-05	6.084005619838893e-09	1.632161405530847e-07	1.2221010647905928e-07	-2.3595022380362707e-08	1.4935310125623006e-14	5.56725081129817e-16	0.000605000241065	-1.0007186052041206e-16	3.660252916887081e-07	1.0014377268016806e-32
826.5874504369652	1.6485740051093671	2.71779625032234	683246.8132198824	1339.2374681606414	1.9203785695847275	3.687853850520283	1793556.9961253249	766.0020430169138	2.182665420497642	4.764028337836149	586759.1299060859	847.0535696994681	772.9970992447858	1.074292	30.214685	0.0255049642097115	0.0136036077914987	0.1432951784	-0.0250896332	-0.0320336985	0.076888548	0.2674854712	-0.0406773188	0.1345668626	-0.0006591066	0.141352948	0.0254434935	0.1284073452	-0.0232758578	-0.0849054882	-0.1225251348	-0.1044418715	-0.1092937635	-0.1153914255	0.0179824634	0.0650351359	-0.1861767139	0.1065188576	-0.0505092687	0.2169827567	0.0932374863	0.0472598069	0.2581835923	0.1515656192	-0.000925236	0.0097894367	0.018998216	0.0856670706	0.0082488494	-0.0149707831	0.1009740346	-0.0042482324	-0.0374623833	-0.0266671667	0.0062247472	0.0643950574	0.0698647664	-0.102261362	0.0884859674	0.0473060727	0.0047809699	-0.0016989821	-0.0757396743	0.0536746831	-0.0550638738	0.0807007129	0.1025598421	-0.0193775831	-0.039385981	0.0310073478	0.0144140139	-0.2037016158	-0.0762977391	-0.0442037628	0.0266539886	0.0038309892	-0.0268595108	0.1736717616	-0.0213001271	-0.2053924776	-0.1062088377	0.1345545329	-0.0530347198	-0.0434159064	-0.2994552025	0.1110261402	-0.0164448953	-0.0931007672	-0.1442050784	0.061930883	-0.0978590361	0.0081658137	-0.0402717465	0.029277239	-0.0753288376	-0.0567949108	0.0082774258	0.0500308146	-0.0739695842	-0.0145284181	0.1070918098	-0.0058514387	0.0079567515	-0.0435796344	0.1533186579	-0.0140123319	-0.0030782166	0.0150147234	0.0116646041	0.0479688856	-0.0594815512	-0.0954332559	-0.0538661951	-0.0435534127	-0.0665788207	-0.0557435842	0.0558786459	-0.0002832305	-0.0784455081	0.1260405206	-0.0792340386	0.063130471	0.1515112798	-0.1589554418	-0.1747065159	-0.0380441259	-0.053318787	-0.0245863136	-0.0368898034	-0.0448917839	0.1188247836	0.0769320059	-0.0890189548	0.027601605	-0.0604241675	-0.0400231819	0.0041748627	-0.1136532832	0.3567155906	0.0464702589	0.0269806847	0.1433160991	0.090084361	-0.0033794295	-0.0948006283	-0.1289225186	0.0262120320880967	0.0098328539508117	0.0006870706261874	9.668501681799325e-05	0.0562935104798612	0.0006153022290362	0.0031689593221462	3.7859683305703323e-07	-0.0332877663241788	0.0027570176886513	0.0011080753868531	7.601146535536174e-06	0.0005700239378716	0.0001660237639197	2.7563890186097462e-08	3.249272897466456e-07	-7.982752565016682e-05	-7.994973575664588e-05	6.372433851428041e-09	6.3919602475575e-09	0.0006050225482128	2.2307147800053505e-08	3.660522838459099e-07	4.976088429734318e-16
829.1637995507031	2.57634911373782	6.637574755857648	687512.6064853584	1346.2761660047397	7.038697844098351	49.54326734051477	1812459.5151524213	765.7213247563022	-0.280718260611593	0.0788027418407982	586329.1471865465	848.9983684054669	793.0914550291664	1.060603	29.829693	0.0416507220920607	0.0252793328106626	0.0629307275	0.1762347512	0.0960442923	0.059815369	-0.0722753626	0.1173141201	0.0777831753	0.1060618025	-0.1522644932	-0.0542371815	0.0923746221	-0.2062242279	-0.0478562523	-0.0130356888	-0.1102103119	-0.2610507309	-0.0228138108	-0.0106206284	0.0906135418	0.041344271	0.2350698807	0.1099945101	-0.110742629	-0.0252853915	-0.0257779555	0.1084865728	-0.0305402691	0.1204129119	-0.1200360496	-0.0321677774	0.1379662054	-0.1057814289	-0.0997146889	-0.0173623574	-0.127171739	0.0375970955	-0.2879652647	0.0660721786	0.1219657106	-0.03740635	0.1831132633	0.0074319571	0.0004815463	0.136624543	-0.0335181994	0.0820054801	0.00872505	0.1023424269	-0.042232421	0.0673339723	-0.0502048384	0.122875414	-0.0953604454	-0.0371972368	-0.0780811903	-0.0126607019	0.0183986567	0.2275230837	-0.0859881104	-0.0751787074	0.0669324216	0.1296847825	-0.0157865819	-0.1174109687	-0.1636897601	-0.0734232628	-0.0732563274	-0.1407186128	-0.1601261794	0.0493856432	-0.0759976047	-0.1409052002	-0.0848569045	-0.1339715924	0.1128053574	0.0943060854	0.1950379491	-0.1079622925	0.0751265952	-0.171747673	-0.1641732059	-0.0412637942	0.155424921	0.1164563495	-0.0528397296	-0.0607925836	0.0333283089	-0.0468805535	-0.1564568931	0.0836107792	-0.1107144228	0.0420913557	0.2029392366	-0.020520655	0.1394776689	0.0727649319	0.0402891784	-0.0212242846	0.0921089107	0.0419577959	-0.0518277862	-0.0914334877	-0.014127481	-0.0175566155	0.132716884	0.1675683824	-0.0187474989	0.1049020657	-0.1408112626	-0.1737001969	0.0402911475	0.0337465127	0.0322634856	0.0242252539	-0.0724657848	-0.0870770779	0.1192877625	-0.0768923195	-0.1573954617	0.0247822514	-0.0370975242	0.0449386879	0.1282200874	-2.83598e-05	-0.1540390037	0.0876327994	-0.0101290257	-0.1013839798	-0.1275100165	0.024249923320454	-0.0019621087676427	0.0005880587810478	3.849870816060355e-06	0.0403021447893792	-0.015991365690482	0.001624262874624	0.0002557237766467	-0.0515348484959332	-0.0182470821717544	0.0026558406094987	0.0003329560077827	0.0006430348142574	7.301087638580007e-05	5.330588070622577e-09	4.13493772347049e-07	-0.00011580549146	-3.5977965809833176e-05	1.3410911852292132e-08	1.294414023813525e-09	0.0006050370152608	1.4467047999996116e-08	3.660697898356976e-07	2.0929547783419167e-16
826.5173321191805	-2.646467431522524	7.003789866109424	683130.9002934077	1344.7060109035224	-1.570155101217324	2.465387041878785	1808234.255760064	764.2693564255671	-1.4519683307350988	2.108212033457669	584107.6491711506	847.9749433442419	789.4824798665583	1.001234	28.159924	0.0540459031612833	0.0301971272818315	-0.0220319466	0.1865546429	0.1092621358	-0.1441510389	0.0541461605	0.0816266098	-0.1051653519	-0.040221221	0.0298146521	-0.0224357326	-0.1526377173	-0.2466264088	-0.0123446551	-0.0338200601	0.0228841151	0.0619183206	-0.0435231471	-0.0521604607	0.0667290399	-0.0966843343	-0.0151880523	0.0432882435	-0.1078447145	-0.0501003494	0.0009302674	0.0395806855	0.1119486128	0.0484115631	-0.0056593477	0.081063679	0.0863037267	-0.0549464345	0.2038242711	-0.1688645251	0.0964593357	-0.0686154001	-0.0249610795	-0.0996478367	-0.0833656213	-0.1500385271	-0.0441634978	-0.0041377387	0.0313540232	-0.0027162684	-0.0556987676	0.0147281452	0.0221836706	0.0160640264	-0.1235985588	0.1013755626	0.1488548812	-0.1563356187	0.0169510942	-0.0263344153	0.0899528183	0.0333322078	-0.1806422169	-0.0316396772	0.019695379	-0.0768544023	0.048431029	0.076228833	0.0474237504	0.1031673184	0.0546640266	-0.0039088926	0.0014720025	-0.0781158827	-0.0548249595	0.2118610868	0.0572309203	-0.1584767029	-0.0834751696	0.1732515522	0.0380972478	-0.0500282867	-0.0451083474	0.1446305112	0.0081242627	0.0567918745	0.0650891729	-0.0687783762	0.0598249399	-0.0495790457	-0.0228907806	-0.101782819	0.1173831922	0.010113786	-0.1908988442	-0.1168272035	0.0485286281	0.13102684	0.1139103194	0.033505941	-0.1127390447	0.1981641318	0.03257784	0.0782552271	-0.0518716522	0.0769688081	0.0609142048	-0.0470204907	-0.0689812179	-0.0028472002	0.1501122247	0.1461714031	0.1432530603	-0.0794078579	-0.03396504	-0.1694092435	0.0027134058	-0.0009836932	-0.0608213923	0.0315433207	-0.1962776036	-0.064778824	0.0156432915	-0.0159218059	-0.0258959024	0.0107769259	-0.065364479	-0.1976034983	0.1044240835	0.1147376387	-0.0174162093	0.0851211787	-0.016850859	-0.1073422654	-0.124700488	0.0390972527845718	0.0148473294641178	0.0015285951753007	0.000220443192216	0.0403392140231915	3.706923381230354e-05	0.0016272521880088	1.3741280954312276e-09	-0.034048896492095	0.0174859520038382	0.0011593273523293	0.0003057585174805	0.0005866492201789	-5.638559407849999e-05	3.179335219585372e-09	3.441573075365115e-07	-0.0004928228915177	-0.0003770174000577	2.428744024038667e-07	1.4214211994626784e-07	0.0006051450703149	1.0805505410002495e-07	3.662005561264253e-07	1.1675894716559317e-14
825.7025489964942	-0.8147831226863218	0.6638715370144738	681784.699419308	1345.2729256016437	0.5669146981213089	0.3213922749459748	1809759.2443568052	763.49725673961	-0.7720996859571869	0.5961379250551867	582928.0610489099	846.1970618754925	766.5829647329402	0.978366	27.516745	0.0465199157450195	0.0294958178788575	-0.1135993486	0.0225488026	0.120738401	0.066750862	0.13534385	-0.0506387746	-0.1217741448	0.1110594725	0.0651077207	-0.0617984914	0.0669122789	-0.0936334457	0.1078533878	-0.1042110029	-0.0114392337	0.148269027	-0.2527561063	0.0119139125	0.0297665505	0.0734148132	-0.1306716729	0.0880793879	0.0441673853	-0.0800349266	0.2245397863	-0.0228381355	0.178406914	-0.1672373192	0.202858906	-0.066921106	0.0309613716	0.0264527365	-0.0755530748	-0.0355250887	0.1204091205	0.1331215127	-0.0268456887	0.0087325938	-0.1578275597	-0.0408121998	-0.036000129	-0.0243854272	-0.0050733314	0.0374194016	-0.0527833319	-0.0125625451	0.1787396011	-0.0884738978	0.0151122201	0.06091874	0.0916357022	0.0680039586	-0.0737295512	0.1644166947	-0.0459388692	0.0925096821	0.0478652618	-0.0706679555	0.0368195481	0.0211512266	-0.0505659947	-0.0434660722	0.1180189101	-0.0165301814	0.1228450965	-0.0947449855	-0.1575337657	-0.1520221306	-0.0881048122	-0.0725430757	0.15702598	0.0806188253	-0.0249343729	-0.037374027	0.0002219508	-0.0509186123	-0.2331529383	0.0738484859	-0.0206872871	-0.0168624618	0.1857992619	0.0171342369	-0.0451289675	0.003685389	-0.0045035208	0.0776173957	0.0908574436	-0.057579935	0.050097099	0.0146132546	-0.0488682052	0.1263832888	0.0929387973	-0.1007030083	0.126686489	-0.2841466905	-0.0898019784	-0.0126026043	-0.0071029673	-0.0637343015	-0.02978672	0.1047692696	-0.0305623797	-0.003803331	0.1183304183	0.1619721681	-0.0359595013	-0.095296609	0.01621038	-0.1037526368	-0.1509368401	-0.0332256972	-0.0348625862	0.1206412107	0.0060244265	0.0188605302	-0.0255800315	0.0931184266	0.0993512996	-0.019255574	0.1775469783	-0.0025506311	-0.2297072543	0.0913833637	-0.1035822368	0.0825512202	-0.0235265052	-0.1126387502	-0.1205247148	0.0392332699132538	0.0001360171286819	0.0015392494680862	1.850065929489514e-08	0.0404930768949896	0.000153862871798	0.0016396892764235	2.3673783317957528e-08	-0.0470002350771494	-0.0129513385850544	0.0022090220973073	0.0001677371711447	0.000987069181887	0.000400419961708	1.6033614573431625e-07	9.743055698310714e-07	-0.0002277015411633	0.0002651213503544	5.1847991848142014e-08	7.028933041374053e-08	0.0006051124391877	-3.2631127200050826e-08	3.661610640596879e-07	1.0647904623458964e-15
825.9796095558349	0.2770605593407254	0.0767625535421956	682242.3154020095	1344.0659214432833	-1.2070041583604052	1.45685903829931	1806513.2011851824	764.8277227123489	1.3304659727389208	1.770139704616123	584961.4454293576	847.6327697460737	781.076039945633	0.990855	27.868021	0.0618361660837453	0.0354865467674882	0.018106494	-0.057162612	0.1939646305	-0.0073579	-0.0492325012	-0.0884928277	0.0428739328	0.0341618202	-0.0720562874	-0.0889676478	0.0558260311	-0.2168043231	-0.1154794993	-0.1003641647	-0.0288551009	0.2197219949	-0.0018773759	0.0607001767	-0.0570594479	0.1296262396	0.0113508473	-0.1342793515	-0.0928870974	-0.0966974286	0.1752719616	0.0034065243	0.0398941438	-0.1026789927	0.1705253697	0.1541294037	-0.0230565698	-0.1466633728	-0.1814828075	0.0077475869	-0.0035574866	-0.0196416883	-0.0553654997	0.0906322654	-0.0567011541	-0.1050695222	0.0615372912	0.0881395241	-0.0476329285	0.0760168651	-0.0218042659	0.0580874925	0.0783370031	0.0337085218	0.0349073511	0.0579052455	0.0259249553	-0.0345072922	0.0139793193	-0.173941259	0.1323810199	-0.0800493437	-0.0565160675	-0.0120374634	0.2224185555	0.1019429546	-0.1063293168	-0.1140307788	0.0294625322	-0.0008627739	-0.1269758991	-0.0730874511	-0.2238909197	-0.0719989281	-0.0406500859	0.0348227832	0.1825681219	0.0574748393	-0.25973303	-0.0221606385	-0.0691919779	0.0190643775	-0.108021871	-0.1235233742	-0.0738067521	-0.0148566503	0.1128949974	0.1548165363	-0.1060443135	-0.1151166704	-0.0412496469	0.0319323122	-0.0025172365	0.0590474682	-0.1134669696	0.0072988715	0.1106889084	0.0219326069	-0.0574988783	0.0409769104	0.0017626835	0.0244494762	0.0886409502	-0.0209195364	0.018524795	-0.0515368837	0.0051390587	0.0859575531	0.1507310904	0.0119118976	0.106694986	0.1381668003	0.0609775339	0.0766939652	-0.0917650228	-0.1024571973	-0.1586651038	-0.0072663343	0.0945907471	-0.0518402354	0.0543905965	0.029431439	0.0207010541	0.1119502436	0.0483706274	0.0556288599	0.0803391505	-0.01144886	-0.1155759007	-0.0449082315	-0.1423801863	0.0799246852	-0.0301376669	-0.1172407796	-0.1150284477	0.0390718362081514	-0.0001614337051024	0.0015266083846766	2.606084114308948e-08	0.0616392100275362	0.0211461331325466	0.0037993922128187	0.0004471589464593	-0.0366981111009181	0.0103021239762313	0.0013467513583753	0.0001061337584216	0.0005330871030681	-0.0004539820788189	2.0609972788872999e-07	2.8418185945753905e-07	-0.000231299707095	-3.5981659316999955e-06	5.349955450223279e-08	1.2946798072046495e-11	0.0007520616998344	0.0001469492606467	5.655968003578072e-07	2.1594085204611785e-08
826.1787284243383	0.1991188685033194	0.0396483237940422	682571.2913008565	1340.0230138013317	-4.042907641951615	16.34510220135077	1795661.6775172038	765.1273047806905	0.2995820683415786	0.0897494156718183	585419.7925209636	847.4410308286452	772.5926302047974	1.002654	28.19985	0.0393257091000751	0.0213717323422803	0.1366734387	0.0496765131	0.0630905091	-0.0995416838	0.0587146743	0.0310611904	0.1484423128	-0.1266711082	0.0441733744	-0.098639436	0.065983076	-0.1074422492	-0.0170323184	0.0024553339	-0.1890715733	0.0287890336	-0.0127321969	0.1072853423	-0.133850116	-0.1395648986	-0.0435845275	-0.1015381115	0.027845756	-0.0342575385	0.125812819	0.0717513695	-0.0423273634	0.1598161871	-0.0075787742	-0.0367034837	0.175647627	0.0125255314	-0.0839396287	-0.0552154954	0.0310590083	-0.0007205987	-0.0143854778	0.1046101023	0.0046683531	-0.1062488184	0.0939941171	-0.0452051151	-0.139337363	0.1080929748	0.0164633383	-0.0216193386	-0.118208086	-0.0692736465	-0.0020998646	-0.0046626871	0.0938277898	0.0673679478	0.0405377277	-0.0482196304	-0.0851055398	-0.0486719512	0.0519209241	0.0050786064	0.0325965774	-0.034260163	-0.0276061044	0.0002906979	-0.1802704067	0.0929607031	-0.0132377446	-0.1276921806	-0.1437095507	-0.0188042317	-0.1062516724	-0.0624981134	-0.0655486357	-0.0816441263	0.0260619864	-0.0269396004	0.1058920918	0.1128711982	0.0242503443	-0.1337062912	-0.0810692355	-0.0731467191	-0.1191526174	0.0671397966	0.0675262841	-0.0226279944	0.0544406523	-0.0969537892	0.0005379551	-0.1475396429	0.0019785539	0.0063062104	0.030466297	0.1108958536	-0.1067887023	0.0848995791	-0.0132587109	0.0119409237	-0.1160116051	-0.0235092531	0.0014634627	0.1536379275	0.0379543994	-0.1150416605	0.1035621957	0.0001941036	0.1076702051	0.0668210662	0.0897614396	-0.0782605637	0.0050475512	-0.0759748439	0.0237909769	-0.0328347322	-0.0101246427	-0.1054792574	-0.0078739677	-0.035522007	-0.0259399339	0.1261483468	-0.0249506351	0.057355067	-0.076872084	-0.0138862681	0.005824169	-0.1074839191	-0.181353172	0.0772433738	-0.0366662233	-0.1211199807	-0.1082719048	0.0391402058774446	6.836966929320287e-05	0.0015319557161287	4.6744116792619285e-09	0.0543220466392568	-0.0073171633882794	0.0029508847510775	5.3540880050776514e-05	-0.0219525816923606	0.0147455294085574	0.0004819158429597	0.0002174306375386	0.0004641749647658	-6.891213830229997e-05	4.7488828053953185e-09	2.154583979153317e-07	-0.0004818308046661	-0.0002505310975711	2.3216092432518145e-07	6.276583085018003e-08	0.0007276120030289	-2.444969680549997e-05	5.294192269517281e-07	5.977876738808757e-10
827.1362749511123	0.957546526774081	0.9168953509371058	684154.4173400021	1350.8872544598428	10.864240658511108	118.03172508604588	1824896.374262052	766.5979893829276	1.4706846022371565	2.162913199257463	587672.4773259471	849.4128440026286	773.1226243615788	0.943742	26.542934	0.0585939813547109	0.0277870361346063	0.0597398646	0.123355705	0.0164499932	0.1561396297	0.0376321752	0.1222861019	-0.0178708029	0.178496672	0.0262319336	-0.1099457362	0.0704433608	-0.1360242237	-0.0551457338	0.0405615138	0.0239843978	0.180300704	-0.0502638319	-0.0601312103	0.0447911488	-0.0670266056	0.1301590573	0.129898861	0.0303425596	-0.0019365695	0.2179396908	-0.0193620352	0.043567254	-0.0673966108	-0.1239240576	-0.1013842079	-0.0831452445	-0.1061330808	-0.0333241725	0.098024138	-0.1000612774	0.1191602675	-0.0142442987	0.0345674867	-0.0813583471	-0.0355807064	0.0645201209	-0.0800753538	0.131047501	0.0125559684	-0.0562367052	-0.1495840986	-0.1020248933	0.1724814743	-0.1246008276	0.0643062637	-0.0799858215	0.0300343628	-0.1372817113	-0.1245881272	-0.0271619924	-0.0635133192	0.0840659121	-0.0586085311	-0.0474782011	0.1139893145	0.0517964774	0.1112292835	-0.010964701	-0.1465260481	0.0688710265	-0.1229076506	-0.1245248514	-0.0310108576	-0.0784478792	0.1440992654	0.1209987121	-0.0429561302	0.0247295906	0.0198447115	0.0120115033	-0.0251616207	-0.0927354068	0.0292757699	0.1716772279	0.0125756969	-0.0635998909	-0.1046029893	-0.0801098052	0.1588726903	-0.086817492	0.0520811087	-0.058266347	-0.1128415156	0.0266073053	0.0846391474	0.0308527927	-0.0214479037	0.008226893	0.2109333985	-0.0141281267	-0.065152226	0.11047277	-0.0899219162	0.0961116881	0.0472109613	-0.0704612893	-0.1130929055	-0.0207669796	0.0571730088	0.0900361899	0.1029577068	-0.0766821356	0.0464887418	0.0216213536	-0.0253173027	-0.1096675126	-0.0268317679	-0.0892633991	-0.0095593459	0.0338808816	0.0711179956	0.0102234691	0.1215758982	-0.1264234988	0.0693655333	0.0147355958	-0.0302844959	-0.0615724567	-0.0009488519	-0.0569924096	0.0745091236	-0.0430942802	-0.1242524367	-0.1003291122	0.0419607793873382	0.0028205735098935	0.0017607070067928	7.955634924713499e-06	0.0404480136247116	-0.0138740330145452	0.0016360418061848	0.0001924887920886	-0.0056059404579684	0.0163466412343922	3.142656841828696e-05	0.0002672126796459	0.0005281579153045	6.398295053869997e-05	4.093817959637726e-09	2.7895078349879534e-07	-0.0003132344049368	0.0001685963997293	9.811579243611118e-08	2.8424746001681923e-08	0.0010060873246785	0.0002784753216495	1.0122117048787411e-06	7.754850476784811e-08
827.2104199405208	0.0741449894084098	0.0054974794543732	684277.0788581726	1344.0490746467735	-6.838179813069246	46.76070315586775	1806467.915058848	766.4558713513617	-0.1421180315659285	0.0201975348961742	587454.6027289751	849.495868072091	770.6201145070122	1.007582	28.338457	0.041991744048409	0.0209698283470462	-0.1044319334	0.0874689189	0.0534704742	-0.1544130423	-0.1195009433	0.0665577615	-0.1258700857	-0.0736184378	-0.0961934816	-0.1295398687	0.0815015492	-0.0655722968	0.094069205	0.0899546402	-0.0275646227	0.04512218	-0.1387409641	-0.1856418129	-0.0265953828	0.0809260378	0.0209815192	0.0449693839	-0.1557123508	-0.2122912658	-0.0753428671	0.1411590416	-0.142207045	0.0953502642	0.025422385	0.0093273534	0.0514989634	-0.0672580849	0.1420676572	-0.0333838349	0.2490764888	0.0847636572	-0.0842421914	0.0133045622	0.0597052703	0.0163034594	-0.0888420087	-0.0179922664	-0.1010034693	-0.1443215775	0.0340426738	-0.0550665209	-0.1144239535	-0.0252872028	0.0703577058	0.0627852725	0.0300655189	0.0144448929	0.0267033308	-0.2091910608	0.1480540369	0.0553418001	-0.1019417089	-0.0573448494	-0.0079343921	-0.0499962416	0.0546918431	0.0689126825	0.1081129174	0.1165914968	-0.1234195954	-0.0601986631	-0.0959742555	0.0836532091	0.1324805355	0.1691726263	-0.1650357493	-0.0552147923	-0.1305812143	0.0929976045	-0.0148121922	-0.1021965696	0.0333611047	0.0327917651	-0.0514853991	-0.179863845	0.0341083354	-0.0591079303	0.0281559713	0.0287676741	0.196929818	-0.0427371502	0.1453219864	-0.1140853639	-0.0141573838	-0.0341009199	0.0436963828	0.0316873605	0.0337490036	-0.0646602557	-0.0502388999	-0.0190454411	0.0099212998	0.1730346989	-0.1091972196	0.0183198417	-0.0972420667	-0.0019994903	-0.0952440345	0.1093656529	0.1017229352	0.0023658284	0.2021508704	0.0192493429	-0.0583268453	0.0379191278	-0.122865605	0.0418949652	-0.0728534005	0.0784643272	0.1298327753	0.0435268126	0.0952585756	0.1608860831	0.0431704855	-0.0714337067	-0.0132108471	-0.0535445117	0.0432549212	-0.0594977672	0.1774801225	0.0717238087	-0.0494042187	-0.1266188352	-0.0912870929	0.0436387095497821	0.0016779301624438	0.0019043369711702	2.815449630039012e-06	0.02494105849199	-0.0155069551327216	0.0006220563987008	0.0002404656574882	0.0028487311026452	0.0084546715606136	8.115268895178137e-06	7.148147119784843e-05	0.0005281782174473	2.0302142800026832e-08	4.121770022726813e-16	2.789722293858073e-07	-0.0004412866524674	-0.0001280522475306	1.9473390964588387e-07	1.6397378097638053e-08	0.0008071161304993	-0.0001989711941791	6.514364481121631e-07	3.9589536113096875e-08
827.7200497374547	0.5096297969339503	0.2597225299229393	685120.4807373745	1345.9624480229274	1.9133733761539131	3.660997676574625	1811614.911487872	765.9306412031501	-0.5252301482115627	0.27586670859034	586649.7471338686	848.5800445954513	766.6326119570808	0.986134	27.735218	0.1041192846934512	0.0489188232595829	-0.0924351722	-0.0204827624	0.1382784071	-0.0417201408	0.1359092057	-0.1082297462	-0.1470204311	-0.041351859	0.1883328177	-0.2100408938	0.0309469129	-0.0424828773	0.0855734233	0.1112476425	0.0192268646	-0.0049171721	-0.0782605988	0.0272752039	-0.0515780933	-0.0529554233	-0.2100457518	0.0560638767	0.1627492914	-0.0014766213	0.1452551567	0.0364004536	-0.1032830379	-0.0008322994	0.0240343562	0.0228023924	0.0145054933	-0.0886096541	0.2032372747	0.0488062255	-0.0243992016	0.1000184476	-0.0535051283	0.019690474	0.0185287099	0.1639416952	-0.0854130548	0.0881735147	-0.0678920216	0.0582858513	-0.0047169739	0.0448207114	-0.0735876341	0.1660660622	-0.0323348604	-0.1030344749	-0.0482834005	-0.0258297975	0.1042126481	-0.0528252799	-0.194422699	0.0011626506	-0.0002499365	-0.0600467489	0.0398522586	0.0029564492	-0.0042959243	-0.1088315882	0.0176775912	0.0785122006	0.207912104	-0.1751537012	-0.0533762473	0.0025749388	0.0051807333	-0.0018599008	-0.1143499545	0.0156369855	-0.1588795104	0.0927702507	0.1473172395	-0.05139635	0.0200838086	-0.0236243184	0.0313503356	-0.0199666583	0.0728891791	-0.0495248059	0.017445504	-0.0340584027	0.0260993794	0.1520106053	-0.0671460948	0.0343445913	-0.0640349183	-0.0733413679	-0.0566669459	-0.1704166791	-0.0833025057	0.1062202304	0.0586350478	-0.0664325931	-0.0236594341	-0.123485312	-0.0832114162	-0.0494948152	0.0256394982	0.1111749871	0.0248654207	0.1012662058	0.0987677864	0.022109822	0.0051815766	-0.1287313733	0.1131816758	0.0290226673	-0.1313688324	-0.1020920767	-0.0293482048	-0.0845767023	0.0228039953	-0.0276944904	0.0148087482	0.1073761478	0.0437784122	-0.0342251268	0.0621937937	0.0738325184	0.0692246028	0.007774196	0.1241030511	0.0688893378	-0.0555787436	-0.1282045865	-0.0812449131	0.0563946075491514	0.0127558979993692	0.0031803517606228	0.0001627129337703	0.0524749619926154	0.0275339035006254	0.0027536216361264	0.0007581158419817	-0.0335581260175814	-0.0364068571202266	0.0011261478218118	0.0013254592453725	0.0002542600774991	-0.0002739181399482	7.503114739268169e-08	6.464818700984833e-08	-0.0005168716755343	-7.558502306689998e-05	2.6715632896963465e-07	5.7130957120238034e-09	0.0010060654889488	0.0001989493584495	1.012167768053788e-06	3.958084722746765e-08
828.9246767289125	1.204626991457758	1.4511261885485691	687116.119690132	1348.935413384893	2.9729653619656347	8.838523043447458	1819626.7494838724	767.938936679001	2.0082954758509004	4.0332507183231945	589730.2104676748	850.0075531738784	781.6163940429688	1.025072	28.830364	0.0428153322592171	0.0211757589840877	0.0669787844	-0.0059437333	0.1634201762	0.1196055428	-0.0760652903	-0.0962516899	0.1269365504	0.1665175889	-0.0168773457	-0.0728204188	0.0075883544	-0.0153379413	0.0953860403	-0.0131970915	-0.0828175415	0.0254673114	0.0530226876	0.1114784374	0.0040018093	0.1114183132	0.0984279813	-0.0681322257	-0.0208777158	0.0534578917	0.1963330546	-0.003873685	-0.1325762711	-0.0105132013	0.0813068228	0.0675058112	-0.1046982295	-0.1040044452	0.1287057839	0.0111870475	0.1074074827	-0.1676956725	0.1298257545	0.166523875	-0.0351195397	0.1970794352	0.0646442668	-0.0459664631	0.0871987289	-0.0653682731	0.0360001895	-0.0265440885	-0.0699457644	0.0456126362	-0.0076488923	-0.0563625217	-0.0915880204	0.0163320533	0.0152556622	-0.0120970318	0.0413196522	0.0853737267	0.1088895624	-0.00684752	0.0177899094	0.0769962265	0.0472217567	-0.0908140183	-0.0501646439	-0.1878826906	-0.035875735	-0.0452348911	-0.1704934688	0.1062202471	0.0474588262	0.0217285142	-0.0310480793	-0.0552527674	-0.1892583703	0.0205170588	-0.0310971141	0.0946042503	-0.0356976604	0.1734805536	-0.0683875162	0.1513138683	-0.002093646	0.1701244725	-0.0095508689	-0.0970862812	0.1009017301	0.0788898649	-0.0945064845	0.1316112009	0.0966651228	0.0612144711	0.0697944805	-0.0485596376	-0.0588995228	0.1198966178	-0.0466066398	-0.1196975586	0.0828391041	-0.0366510769	-0.0405259836	-0.1764373588	-0.0594310563	-0.0010481604	0.1386246305	0.0981494933	0.0747240362	0.0396747236	-0.0842925089	0.1539455084	-0.0033816353	0.0346366922	-0.0058143497	0.0231869494	-0.0877920037	-0.0970865304	-0.0242622942	-0.0778656422	0.011067469	0.0732069732	0.0311052003	-0.0926887627	0.0657485297	-0.0385826797	0.0660424417	-0.0193561698	0.0517933036	0.0660076536	-0.0616009311	-0.1289999139	-0.0703125971	0.0616922674561664	0.005297659907015	0.0038059358638831	2.806520049039419e-05	0.0602129117393275	0.0077379497467121	0.003625594740128	5.98758662826419e-05	-0.0227549994278604	0.010803126589721	0.0005177899989619	0.0001167075441135	3.867753148611931e-05	-0.0002155825460129	4.647583414543893e-08	1.4959514418597506e-09	-0.0003529808734241	0.0001638908021101	1.245954970032405e-07	2.6860195016324723e-08	0.0010060069167566	-5.857219220013408e-08	1.0120499165621203e-06	3.4307016991294466e-15
828.0002090458635	-0.924467683048988	0.8546404970019641	685584.3461799936	1347.352456256842	-1.5829571280510208	2.505753269247536	1815358.6413813452	768.0310662947904	0.0921296157894175	0.0084878661055057	589871.7187939128	851.2022496648372	775.5260917765571	0.99191	27.897682	0.089307312326069	0.0454750428813685	0.1202361866	0.0609361136	0.0015059577	-0.0561477679	-0.0209383047	0.0772165144	0.0937308599	-0.0552727439	-0.0426385496	-0.1714564005	0.013643694	0.0488149137	0.0204063325	0.0094569033	0.0245258041	-0.052984532	0.0586547168	0.0799360984	-0.0622926367	-0.1463074901	0.09742834	0.0364855964	0.0993801872	-0.1242506838	0.0928872713	0.0414306275	-0.0998268265	-0.0038980145	-0.0801158895	0.0492884318	0.0047979096	0.1944612467	-0.1564930732	0.1247528071	0.1241807387	0.0001520071	0.0318072075	-0.0515817403	-0.0037974275	-0.029233078	0.0997413079	0.1021061559	-0.0585894036	0.035612842	0.0862650842	-0.0846343321	0.0440232724	0.0176258874	0.0399510108	-0.0743380103	-0.1298332862	0.0217513093	0.0943466078	0.0543859448	-0.0221480195	0.0332297331	0.0124821052	-0.0050290473	0.074593822	0.0966303733	-0.1663646367	0.0863817901	-0.1097051059	0.0141561797	-0.0444191229	-0.2030657448	0.0154278957	0.0057154096	-0.0173286566	0.0995312489	0.0055990612	0.0819790675	0.1912905951	-0.1435917472	0.0144405046	-0.0369049413	0.0449772949	-0.095888861	-0.0496420995	0.0235585314	0.0787473106	-0.062848956	-0.1121051253	-0.1290389493	0.1141827051	-0.0299582833	-0.0407263807	0.0347000652	-0.0286869227	0.0961192153	-0.1500704414	0.0416547295	-0.1928437271	-0.0834348898	0.0321620447	0.0302338847	-0.0450531476	-0.1052586583	-0.0725508148	-0.0939669363	0.0559076756	-0.1283438573	0.0385675727	0.0477795494	0.0624157679	-0.0403012391	0.0784556657	0.0245229465	0.0494574328	0.049892233	-0.026582845	0.0274180753	-0.1122857277	0.011487968	-0.0570190807	0.1358903438	-0.2415462984	0.076573414	-0.055340621	0.0843370537	-0.0480695036	0.1544326464	0.0570341715	0.084141294	0.0972971497	0.063080731	-0.0674542747	-0.1289999139	-0.0586099215	0.0524353640152384	-0.009256903440928	0.0027494673994105	8.569026131466464e-05	0.0233400598421411	-0.0368728518971864	0.0005447583934347	0.0013596072070318	-0.0043754200393948	0.0183795793884656	1.914430052113759e-05	0.0003378089384969	0.0004167369349269	0.0003780594034407	1.42928912529999e-07	1.736696729322673e-07	-0.000470790221773	-0.0001178093483488	2.216434329170705e-07	1.3879042558392465e-08	0.0010060977169567	9.080020010009129e-08	1.012232616065484e-06	8.244676338216615e-15
826.9323330378623	-1.0678760080011216	1.1403591684644114	683817.0834234421	1350.9393083608834	3.586852104041327	12.865508016265697	1825037.014874582	766.9170400744933	-1.1140262202970916	1.2410544195094242	588161.7463566221	851.3102467563974	769.1051203396231	1.01017	28.411245	0.0304558051946305	0.0151092400387289	-0.059246521	0.0651507965	-0.0598112899	0.0301442587	-0.06324595	0.0908107212	-0.0431807277	0.0793145584	-0.0331387758	-0.1646596147	-0.1293018732	0.0118276035	0.108142691	-0.0216673	-0.002370823	0.0481087842	0.1907194069	0.1316708409	-0.0429584477	-0.004010699	0.0179377963	0.0968650706	-0.0480517485	0.02040774	0.020020728	-0.1129601141	0.0031776565	0.1873937088	0.0500352706	-0.0161978601	0.0565567537	-0.038946439	-0.1568029342	-0.098469955	0.0913054363	-0.1014659906	-0.041315199	0.0431271033	0.1679687246	-0.1317559417	-0.0122994884	-0.1259016813	-0.0491004403	-0.0682293056	-0.0012874074	0.0198689599	-0.1212362668	-0.0491272388	0.0632809185	-0.1289275512	-0.0795676454	0.028930144	0.2004396234	0.0406067358	-0.0081241193	-0.3325019803	-0.1200800669	-0.0213837054	-0.0520082607	0.0891768016	-0.0966608435	0.0929878719	0.0558749557	-0.0277787891	0.0050495825	-0.0559810591	0.0255429516	0.1453466353	-0.0797087535	0.0773694291	0.0999729442	-0.0376887201	-0.0025247546	0.0048364877	0.0236589371	0.1251716862	0.0579457543	-0.0627186467	0.0770685474	-0.1285816427	0.0707788811	0.032969177	0.1825346548	-0.1280117358	-0.0215018715	-0.0804828062	0.2561689343	0.0976478414	0.2258764643	-0.0452622676	0.0118467257	-0.0051684652	-0.3086921532	-0.1104958911	0.0633892876	0.1483367782	0.0025497756	0.003092942	0.0125272693	0.0824477405	0.0280798027	-0.0446326051	-0.0925908535	0.0816538198	0.0762132007	0.0005059135	0.0418622792	0.0801785178	-0.0577558407	0.0986082216	0.059517252	-0.0174349718	-0.0425647442	-0.1883216767	0.068828165	0.0523855947	-0.0159547489	0.0047046624	0.1001220619	0.041591364	-0.1608440383	-0.1053547299	0.143017579	-0.0506003253	-0.0406686155	0.0601105761	-0.0731227308	-0.1282045865	-0.0462651033	0.0483313579982365	-0.0041040060170019	0.0023359201659536	1.68428653875878e-05	0.0329581638127507	0.0096181039706095	0.0010862405619081	9.250792398945611e-05	-0.0050118525761888	-0.000636432536794	2.5118666245450308e-05	4.050463738900462e-07	0.000528174578099	0.000111437643172	1.2418348315752271e-08	2.789683849500566e-07	-0.0004067731433627	6.401707841029999e-05	1.654643901611717e-07	4.098186328190497e-09	0.0008596071851346	-0.0001464905318221	7.389245127350305e-07	2.1459475913521695e-08
827.2061712234838	0.2738381856214573	0.0749873519044517	684270.0497102157	1343.7315246193273	-7.2077837415561135	51.95214646504065	1805614.4102557816	767.6219583224457	0.7049182479523779	0.4969097362962501	589243.4708987866	850.6656745568613	758.2547517297102	1.010174	28.411356	0.0727073993130132	0.0382696634112691	-0.1077259558	-0.1103690542	-0.0671663543	-0.1232052998	0.0296562414	-0.0518553528	-0.0655798436	-0.1329488279	-0.0097541999	-0.102414293	0.0946702111	0.0689773308	0.0434403031	-0.0122131643	-0.0158759327	0.0713253591	0.0790036416	0.1449502705	0.1184798252	0.0589159898	-0.1905516981	0.1110960185	0.1315747037	-0.1445716385	-0.0673378883	-0.0687126746	-0.0868737422	-0.1385729732	0.0612969675	0.0103415241	-0.0616795901	-0.1159899289	0.049536394	-0.0851626946	-0.0970362375	0.1667033485	-0.0578033334	-0.1267641277	0.0192788429	-0.0410572179	-0.0933972345	-0.2338487193	-0.1177554782	0.0513918849	0.1949808123	0.0169949673	-0.144355052	-0.0237606755	-0.0979515555	-0.0063902064	-0.0062900105	-0.0844289157	0.0097027413	0.097953176	0.0211837991	-0.0371124013	0.0544938499	0.0398050624	-0.121611393	0.0407824673	0.0435735336	-0.0449593759	0.092561838	0.1606740771	0.0462361201	-0.1578577233	0.0318072015	0.0218065006	0.0103801632	-0.0462118128	0.032631178	0.1146782833	-0.059033268	-0.0812610278	-0.0217566151	0.003754088	0.0929778868	0.059429243	0.1599252739	-0.1567583293	-0.0774830148	0.0022941366	-0.0423364215	0.1212601638	-0.0593373025	0.007970492	-0.1044498719	-0.1302151485	0.0946336607	-0.127628256	-0.0204960571	-0.1541212459	-0.135244682	-0.0320831637	-0.0302870322	0.0953451821	-0.1723592449	0.1905084321	0.0548085922	-0.1175876407	0.138555462	0.1128271192	-0.0175050355	0.0647041004	0.0311723161	-0.0388397147	0.1049492185	-0.0874089937	0.0448146145	0.0661590351	0.1092550202	0.0007590893	-0.1527042228	-0.2051516038	0.1780986383	-0.0244664809	-0.0482608202	0.0457257272	0.0677870775	0.0689839243	-0.0281815993	0.0360070298	-0.154317231	0.1182217288	0.0505528504	0.0570992244	-0.0785907625	-0.1266188352	-0.033413395	0.0443869434085399	-0.0039444145896965	0.0019702007451529	1.5558406455411377e-05	0.0403896091143138	0.0074314453015631	0.001631320524407	5.522637927012432e-05	-0.0320849050704623	-0.0270730524942735	0.0010294411333805	0.0007329501713576	0.0008971199241438	0.0003689453460448	1.3612066836811728e-07	8.048241582957775e-07	-0.0002370485453324	0.0001697245980303	5.6192012844206896e-08	2.880643917654692e-08	0.0010061069796091	0.0001464997944745	1.012251254418146e-06	2.146218978107077e-08
829.6493374857029	2.4431662622190515	5.969061384845412	688318.0231904656	1348.0914074843097	4.35988286498241	19.008578596367222	1817350.4429330272	768.4217463325391	0.7997880100933799	0.6396608610891282	590471.980236749	850.378581777365	776.3419037599615	1.017364	28.613577	0.0693261478273598	0.0328790573916144	0.0365225027	-0.1193566452	-0.0093537389	0.1584193592	0.0804051756	-0.1193023249	0.1030183604	0.1201549355	0.0901039764	-0.0849677738	0.1271481293	0.0638156079	0.0046422454	-0.0207719426	-0.0086061141	0.0768080818	0.0773934442	0.0502483533	-0.094316524	-0.0144604977	0.0468049048	-0.0377407295	0.0966013827	-0.0535872568	0.1098626118	-0.0044558569	0.0014995297	-0.0042407076	-0.0660767067	0.0295429001	-0.19610831	-0.0836704655	-0.0068455637	0.1103088757	0.0018872456	-0.0563576601	0.10073199	0.0261476845	0.0681668027	0.162789892	-0.0827581708	-0.0136090716	-0.1987105002	-0.2151750607	0.1009044527	0.0858499361	0.0588024911	-0.1033631568	0.0275890931	-0.0396415487	0.0781377942	-0.1056611868	-0.0020541804	0.1211416411	0.1000962024	-0.0180442206	0.0465285652	0.0647092093	-0.1531846266	0.0053282081	-0.0491181433	-0.118113111	-0.0695557074	-0.1217372803	0.0712524927	-0.1174137665	-0.0792137712	0.1475065869	0.1457894332	-0.0041432407	0.06745982	0.0522506412	0.0194749332	0.0469404356	-0.105544319	-0.0241938374	0.0175754058	0.0398102989	-0.0736266284	0.133955766	-0.0055938416	0.0026471276	-0.0471579755	0.0385468162	0.0759785903	0.0617092161	-0.1400020645	-0.0715887649	0.1038457759	0.0785732563	0.0754245219	-0.0703063644	0.0442956643	-0.1361006836	0.0025774898	0.2738725193	-0.0435760888	0.0676940425	-0.0255177929	-0.0471329026	0.082115713	0.0472083274	0.1135646639	0.0462287788	0.0324803821	-0.0058951104	-0.1206431708	0.0502156304	0.0768020364	0.128684376	0.0574405577	0.0230301119	-0.0789685426	-0.0847538032	0.133191852	0.0109302793	0.0047213121	0.004132429	0.0348391869	0.0497946133	-0.0788840906	0.1374568638	0.0370097043	-0.0529326119	0.1040437083	0.0540487397	-0.0838433825	-0.1242524367	-0.0201956026	0.0486441613942503	0.0042572179857103	0.0023662544377498	1.812390497785608e-05	0.0517965847352286	0.0114069756209147	0.0026828861902337	0.0001301190928161	-0.0451658186209869	-0.0130809135505245	0.0020399511717038	0.0001711102993162	0.0003511947134953	-0.0005459252106485	2.980343356216091e-07	1.2333772678704586e-07	-0.0003297930839218	-9.27445385894e-05	1.0876347820265143e-07	8.601549438160709e-09	0.0011790580437754	0.0001729510641662	1.390177870591473e-06	2.9912070596255574e-08
829.5083939347868	-0.140943550916063	0.0198650845448288	688084.1756082694	1347.748560134013	-0.342847350296779	0.1175443056055223	1816426.181343305	768.5860812301809	0.1643348976417655	0.0270059585829295	590724.5642607661	852.5644589290637	783.6770358978108	1.027726	28.905014	0.0781485551002975	0.0323008191960973	0.1464641134	0.0319744256	-0.0102910636	-0.076227202	-0.0440153786	0.08503134	0.131187309	-0.0834928374	-0.085494477	-0.1359058943	-0.0320245959	0.2106189821	0.0224120581	0.0387596035	-0.0060275016	-0.0330463782	-0.0906581519	0.0304265489	-0.0332571364	-0.063243908	0.0960965474	-0.0171849585	0.0156258218	-0.1259467064	-0.0085683359	-0.03877107	-0.0678922515	0.0135129079	-0.1658757388	-0.0309599732	-0.113880545	0.0759344293	-0.0398312569	0.203923571	-0.0822357719	-0.0006678106	0.0897441314	-0.0814597223	0.1233717693	-0.0412056785	0.0231926279	-0.0102516568	0.0492145506	0.0092108111	-0.2663094356	-0.0292483105	0.0198159118	-0.0010506192	-0.127385501	-0.1238164641	-0.0722857686	-0.0197746687	0.0150436078	0.0599613031	0.096351344	0.0672044808	-0.0697877268	-0.1203191874	-0.1352319796	-0.0350210619	0.1058374886	0.0956034479	-0.091108806	0.0500169403	-0.1371047385	-0.1101688593	0.0847244854	0.1126643896	-0.0163853494	0.0239838617	0.0874864552	0.145129558	0.1853675161	-0.1148567131	0.0107905026	-0.0269571901	0.0255819763	-0.1054291477	0.0929106813	0.080498653	-0.1266840266	-0.0902255682	-0.0748473005	0.0810564252	0.097959865	0.0085679396	-0.0866705552	0.1101485302	-0.049657313	0.0323679092	-0.0589273422	0.0372898354	0.0854072344	0.1072792667	-0.0084755715	0.0499819495	0.0761718951	-0.1245714322	-0.1066903834	0.0314462328	-0.032362711	-0.1469114946	0.0533176628	0.0381897805	0.0141598798	-0.0665860144	0.104683864	0.0829144339	0.0498701086	0.0928120547	0.0148845963	0.0874670708	-0.0631029955	0.0777977082	-0.0356289156	0.1523375594	-0.1335066024	-0.0976826127	0.1212017515	-0.0223514443	-0.0403048755	0.0877094168	0.1016791512	0.0726591334	-0.0132301552	0.0509612127	-0.0888661936	-0.1211199807	-0.0067565429	0.060602121501418	0.0119579601071677	0.0036726171304726	0.0001429928099246	0.0405119029735061	-0.0112846817617225	0.0016412142825347	0.0001273440424633	-0.0205540541802946	0.0246117644406922	0.0004224691432464	0.0006057389488841	0.0005892638949196	0.0002380691814243	5.667693514403629e-08	3.472319378558174e-07	-0.000524703732756	-0.0001949106488342	2.753140071680799e-07	3.799016102896885e-08	0.0010061548982196	-0.0001729031455557	1.0123476792112935e-06	2.989549774309013e-08
829.7852487291285	0.2768547943417161	0.0766485771499939	688543.5590084617	1353.7040670601425	5.955506926129601	35.468062747177655	1832514.7011751707	768.3054139706013	-0.2806672595795589	0.0787741105998995	590293.209136537	852.3800312192311	780.5119961294898	0.985102	27.706192	0.0050583401363786	0.0028617438822644	0.0076106958	0.1156066104	-0.0444150927	0.0153806382	0.1212471829	0.1094693809	-0.096215586	0.0472151255	0.1713769671	-0.1281746632	-0.0278494071	0.055234514	-0.0566369368	0.0667792608	0.0395815999	0.0884124537	0.1590166957	-0.1312915229	-0.1109015128	-0.1369067567	-0.0559218131	0.1252408715	0.0288520964	0.0343407704	-0.1177179756	-0.1076191583	0.0355446662	-0.0562355571	-0.0087250831	-0.0555472389	-0.0112339148	-0.0467064807	0.1243617913	0.0531746231	-0.0547431824	0.0527420147	0.052576137	-0.1121699473	0.1264211102	-0.1780611743	-0.0071519005	0.0025379454	-0.1845919678	0.0663438416	0.1430854454	0.1231980971	0.0828220827	-0.048024088	-0.0163790894	0.0205654181	0.0740714328	-0.103753212	-0.0282479866	-0.001154816	-0.0446862102	-0.0280298947	-0.1436702175	0.0363379246	0.0872355055	0.1247360292	-0.0579922783	0.1214434732	-0.0067797894	0.0203853733	0.1398015333	-0.031375817	0.1103330649	0.0809274411	-0.027171251	0.0412145984	0.0952001811	0.1666847278	-0.0588926168	0.1179795044	-0.0003620631	0.0098939537	-0.001244697	-0.1453044245	0.0962890332	-0.0051490979	-0.1384372626	-0.1162046464	-0.0010691459	0.0230354168	-0.0758588149	0.0928809515	0.1683175542	-0.0852635235	-0.0352533432	-0.0837805301	0.0438340032	0.0180095555	0.0077899808	-0.0929116981	-0.1092159319	0.071177028	-0.0217512245	0.0967525838	-0.0347536	-0.0678553866	0.0544701165	-0.0950528253	-0.0957421738	0.0581322451	0.0286263538	-0.01620014	-0.0243884584	-0.0038255401	0.1388396019	0.103530359	-0.0301764509	-0.1171236987	0.0944805904	0.0086239627	-0.0393936934	0.1147478236	-0.0005379947	-0.0600417926	0.1457404827	0.0925268932	-0.141316801	0.0738628844	0.1330386381	0.0670457712	-0.0863511355	0.0478387595	-0.0936454286	-0.1172407796	0.0067565429	0.0627267190562861	0.0021245975548681	0.0039346412835662	4.5139147701515165e-06	0.0404966041128602	-1.5298860645898693e-05	0.0016399749446737	2.340551370626277e-10	-0.0205717987895042	-1.7744609209599527e-05	0.0004231989054358	3.1487115600140434e-10	0.0005582507881197	-3.101310679990007e-05	9.61812793382008e-10	3.1164394243626613e-07	-0.0004977190513846	2.6984681371400028e-05	2.477242541111861e-07	7.281730287159836e-10	0.0010061387041578	-1.6194061800084772e-08	1.012315092004337e-06	2.6224763758496486e-16
830.443386203617	0.6581374744885125	0.4331449353261173	689636.2176893299	1345.091779550929	-8.612287509213502	74.17149614135491	1809271.895415485	769.7175396078028	1.412125637201484	1.9940988152416972	592465.0907798895	852.0614745374786	780.7576100762515	0.96729	27.205235	0.026341090244139	0.0157524841723272	-0.1209542398	0.0738780959	0.0412825494	0.0840022648	-0.1118347307	-0.0230750258	-0.1291291584	0.0423894848	-0.1137625478	0.0690116536	0.0540620907	0.0497003405	0.2029338493	-0.0183605105	-0.0904092744	-0.1127939514	0.2465418078	-0.1035717143	-0.018624345	0.0928625369	0.0527102094	0.1437983038	-0.0223634034	-0.0526179242	0.0485243922	-0.1413598512	-0.0686380815	0.132095344	-0.1083307372	-0.1030997873	-0.1361084382	0.069277971	0.0386093887	-0.2086362662	-0.1295474335	-0.1010835056	-0.0499485293	-0.0592149452	0.0472981774	0.1549523523	0.0532601375	-0.056332725	0.0229749683	-0.0809396097	-0.0177086768	-0.0093407948	-0.1057973828	-0.3510452992	0.0201612922	0.1630809842	0.0191159578	-0.0132075527	0.0190674319	-0.0125495406	-0.1606770849	0.1635981276	-0.0351617843	-0.0457119202	0.0263133789	0.0378766739	-0.0078782663	0.0195906836	0.1251396456	-0.0873822371	-0.0197909956	-0.0454867578	-0.0049716971	0.2212958362	0.0542815486	-0.0087659431	-0.1090028296	0.0293619867	0.12161316	-0.0640697944	0.0718562633	0.0782002259	0.2093715062	0.2195228895	-0.1068756541	0.013028702	-0.0504305905	0.0500500711	0.1989623862	0.0511223489	-0.0224288905	0.0513997017	-0.0690337405	-0.141287459	0.0477134822	-0.1319455707	0.1141868171	0.1178967742	0.145051926	-0.0502834183	-0.0772878101	-0.1011049319	-0.0445938935	0.0057091015	-0.0723643917	0.0121120531	-0.0333240166	0.0370727007	-0.1225036811	0.0950541211	0.022884913	-0.0106778802	-0.0105883044	0.1807999878	0.0630366498	0.1166175898	0.0707270458	-0.0070888344	0.0444896045	-0.0681242075	-0.0144870465	-0.0547484529	0.0883689789	-0.0319483781	0.0315248312	-0.0934143947	-0.116430391	-0.117632252	-0.0076978382	0.0510518454	-0.1206132398	0.0446835199	-0.098167988	-0.1126387502	0.0201956026	0.0677855712299049	0.0050588521736188	0.0045948836669645	2.559198531452768e-05	0.0405044145798711	7.810467010899158e-06	0.001640607600458	6.100339492834403e-11	-0.0205721366542235	-3.378647192991968e-07	0.00042321280652	1.1415256854712506e-13	0.0007223330017758	0.0001640822136561	2.6922972838286065e-08	5.217649654544379e-07	-0.0005460594486157	-4.8340397231100025e-05	2.981809214224824e-07	2.336794004460543e-09	0.0012191978880464	0.0002130591838886	1.4864434902168024e-06	4.539421583927632e-08
830.0820573802723	-0.3613288233447065	0.1305585185796701	689036.2219846657	1349.0447358052445	3.9529562543154952	15.625863148531993	1819921.6992038416	768.5896081210805	-1.127931486722332	1.2722294387396502	590729.985711716	853.5898451983983	777.6432556478735	0.9765140000000002	27.464674	0.0465623294729909	0.0258266932363291	-0.095106327	-0.0607150893	0.1033602016	-0.1138396705	-0.0313777762	-0.1351163946	-0.0559042393	-0.089715253	-0.0936143326	-0.0218926679	-0.077303436	0.0668479808	0.0537908852	0.0545650698	0.1221590578	-0.1249122987	-0.0426706562	0.0844263328	0.0257110263	0.0485102217	-0.0614482746	-0.05059743	-0.0038836428	-0.0655337732	-0.0562143987	-0.0710724878	0.0708407757	0.2041697695	-0.0502817631	0.1268068359	0.0697521915	0.0983133078	-0.0612792573	-0.0166049526	-0.0766641614	0.0797254789	0.0733335283	0.0301787537	-0.1510186633	-0.1483257188	-0.0026500548	0.001111182	0.0477738864	0.0442836141	0.0106512342	0.0593146624	0.1113781165	0.1111663348	0.0785950846	-0.051994294	-0.0972506561	-0.1358068004	0.0514793304	-0.0264216664	-0.0523035598	-0.0301303601	0.0849251364	0.04088407	0.1203697203	-0.07584673	0.1079989321	-0.0940648	0.0607642366	0.1067574006	-0.0864125942	-0.0368124457	0.0931960049	0.0405479006	-0.0432385897	-0.0373015596	0.0126840154	-0.0831117196	0.1465787947	0.0293028244	0.0391333606	0.0186354932	-0.1652770629	-0.1979390224	-0.1500659873	-0.0273966253	0.1198684981	-0.0239337668	0.0497962356	-0.0536564073	-0.1188744045	-0.1155484009	0.0381561622	0.1337743204	-0.1315521	-0.0559713935	-0.0397523604	-0.0964041825	-0.0298488201	0.1360934661	-0.1078978495	-0.0568624139	0.0128016709	0.0297139741	0.0967022516	-0.0910651752	0.0007690305	0.1109997745	0.0110911579	0.0632838565	0.0367106938	-0.0897036865	0.1291916409	-0.0031120669	0.1432725777	0.1233468856	0.0054531577	0.0616304605	0.0911338726	0.0592152183	0.0345771771	-0.0529926685	0.0236402244	-0.1058585481	-0.0791549585	-0.1904040019	-0.1558793065	0.0157865418	-0.1138943176	0.0219503684	-0.0179611797	0.0414976565	-0.1024214758	-0.1073422654	0.033413395	0.0679777344425502	0.0001921632126452	0.0046209723799418	3.692670029416253e-08	0.0585056450982506	0.0180012305183795	0.0034229105083624	0.0003240443001758	-0.0330045120269346	-0.0124323753727111	0.001089297814136	0.0001545639574079	0.0007998993450699	7.756634329410001e-05	6.016537612018174e-09	6.39838962243255e-07	-0.0005459162224379	1.4322617779998804e-07	2.980245219208668e-07	2.0513738007193788e-14	0.0014602195259596	0.0002410216379132	2.1322410639936794e-06	5.80914299423617e-08
829.9894736080608	-0.0925837722114693	0.0085717548769052	688882.526300186	1350.2855145156764	1.2407787104318686	1.5395318082609708	1823270.9707108648	769.4460056849888	0.856397563908331	0.7334167874681239	592047.1556645838	851.2951079610282	776.9142286576051	0.966137	27.1728	0.0395112819025308	0.0222442648903262	0.0223775752	-0.0792252014	0.0912792717	0.061959536	0.0467766475	-0.0813897593	0.066905242	0.1026614506	0.1646416674	-0.0674080807	0.0241559634	0.191946767	0.027324954	0.0234980655	0.08755778	0.0463368178	0.2451822739	-0.320726528	0.1470725309	-0.0436263889	-0.0751184806	-0.0924473067	0.1079263113	0.0648378787	-0.0548548121	-0.1368111715	-0.0252469432	-0.0217662095	-0.0090054258	0.2005642878	-0.0227275189	-0.187471577	-0.0992345326	0.0111305426	0.0038660154	-0.1278160082	0.0459140697	-0.0206473737	0.1072398084	-0.062633403	0.003361664	0.2474391923	0.0124031832	0.0228474082	0.158165798	0.0427817268	0.0752114787	0.0412811871	-0.2229418361	-0.0036274173	0.1006539422	-0.0066941081	0.0109737961	-0.0291632512	0.0405215999	0.1700550255	0.0572496206	-0.040167221	-0.0461487635	-0.0507947918	0.0564281342	-0.1085522415	-0.0823942238	-0.0555843466	0.1422485228	0.0292742804	0.1348520264	0.2216775981	0.1381630754	-0.0304699033	0.1629270506	0.1221568696	-0.2906210786	0.004240219	-0.1883694217	0.1227895887	0.1057550097	0.0099173868	-0.0609158451	0.0007479718	0.0738211961	-0.0559618678	-0.1016138359	0.0083862379	-0.0812972704	-0.0481405409	-0.0068585608	-0.0288803067	-0.1073010994	-0.011275392	-0.0508150627	0.0389234184	0.1116255023	-0.0203161433	0.0144885829	0.0067162174	0.1128602488	-0.0915788616	0.0733467381	0.1967711077	-0.0409485773	0.0401050842	0.0950784998	0.0514408622	-0.0237795661	-0.0433923718	-0.0476175996	0.0082350972	0.161071184	0.1526143456	-0.034028938	-0.0542097811	0.1477229371	-0.0554543708	-0.0628125429	0.0177081627	-0.0160426527	-0.0559531016	0.0527327798	0.115371353	0.0254434141	0.0798770193	-0.0215959362	0.0262155813	0.0026804433	0.0382833527	-0.1063942335	-0.1013839798	0.0462651033	0.0813120088274814	0.0133342743849311	0.0066116427795604	0.0001778028733726	0.0598918526388985	0.0013862075406479	0.0035870340125195	1.921571345749105e-06	-0.0367159850870564	-0.0037114730601218	0.0013480635609129	1.3775032276009904e-05	0.0004839277920761	-0.0003159715529938	9.983802230131377e-08	2.341861079436491e-07	-0.0005466215272005	-7.053047625999636e-07	2.9879509399900695e-07	4.97454808146191e-13	0.0015651292065398	0.0001049096805801	2.449629433163904e-06	1.1006041079439568e-08
829.4647636828723	-0.5247099251885174	0.2753205055913396	688011.7941914833	1351.774099167745	1.488584652068539	2.215884266374013	1827293.215180768	769.7420024569072	0.2959967719184533	0.0876140889861448	592502.7503463693	853.2562261967079	783.3659927408963	0.994265	27.963926	0.0490701837508693	0.0335823051984454	0.1288555126	0.0220132187	-0.0003999114	0.1010879696	-0.1519079058	0.0481873464	0.1089039853	0.0297312556	-0.0735364351	0.0193339704	-0.0531748894	0.0362811139	0.0514510116	0.0461186404	0.0123419233	0.0344874863	0.1206845274	-0.0033509151	0.0904568449	0.0232581425	0.081510557	-0.0068762726	-0.0620101192	0.0245414735	0.0098188781	-0.0479854942	-0.045422182	0.1121776112	-0.0498021161	-0.0383264909	-0.0619496781	0.1553785778	-0.095396131	0.08039659	-0.001169217	0.012604883	0.038486065	-0.2323089665	-0.0162844721	-0.0426991556	-0.0186054248	-0.0038097258	0.0812306051	-0.1280868735	0.1909064087	-0.0372894009	-0.1172126509	0.0451694134	-0.1211702158	-0.022056468	-0.029752056	0.122751931	0.1444225256	-0.0029701918	0.0588939528	0.0428424932	-0.0428627009	0.0313007583	0.0892455014	-0.1506143611	0.0724503152	0.0613845459	-0.0450384482	-0.0926857411	-0.1014891561	0.0591431495	-0.014995011	0.129625518	0.0149393194	0.006162045	-0.0303638569	0.0405974449	0.0628032753	-0.0382883278	-0.2158051626	-0.0882251549	0.1053912332	0.1019220746	0.0337887146	-0.0740351715	-0.0281071554	-0.0804560467	-0.0666464153	-0.1016293742	-0.1169739943	-0.1124754315	-0.0414627223	0.0530842441	0.0150469652	-0.0112686369	-0.0510533842	0.1872351582	-0.0546966111	0.1081411984	-0.1170926359	-0.1584463254	0.0374922188	-0.0864489498	0.0018080437	0.0542724953	0.222774319	-0.1222869611	0.0528219178	0.0314126067	-0.0620730997	-0.0514041159	-0.0527043604	0.1907873736	-0.0217053192	0.1000101576	0.0341034049	0.0331021457	-0.0125552869	-0.0937235722	-0.0974445238	0.0641177618	0.0927428447	-0.0502733512	0.1737958211	0.1487127404	0.1070761411	0.0209298076	-0.0318044772	-0.0779552216	0.0495275844	0.0350428114	-0.1100753719	-0.0948006283	0.0586099215	0.0844238973744637	0.0031118885469823	0.0071273944478939	9.68385032883961e-06	0.054659496878969	-0.0052323557599295	0.002987660599062	2.737754679846744e-05	-0.0033399386957739	0.0333760463912825	1.115519049152786e-05	0.001113960472713	0.0005629095666006	7.898177452449998e-05	6.238120707038953e-09	3.168671801704753e-07	-0.0005460790884239	5.424387765999832e-07	2.982023708138776e-07	2.942398263592865e-13	0.0014976555587874	-6.747364775240008e-05	2.242972172766799e-06	4.552693141014964e-09
829.7023266081	0.2375629252276212	0.0564361434427043	688405.9507788941	1347.9997057094697	-3.774393458275199	14.246045977870615	1817103.2065928169	767.8581147370516	-1.883887719855693	3.5490329410230816	589606.084367539	851.5471750592706	775.7425080692067	1.030268	28.976503	0.0451683947099338	0.0203178426800311	-0.0322403943	0.093054289	-0.0439544784	-0.1608999949	-0.1221581695	0.0884796888	-0.0275795345	-0.1621075657	-0.0569921635	0.0270423832	0.0375992351	0.1561071165	0.087707027	0.0363494817	0.1211722295	-0.0321879679	-0.0600289738	-0.0318065052	-0.0535154432	-0.076565574	-0.0283833227	0.0069161776	-0.1106518617	-0.1452909727	-0.0453686066	-0.0124082409	-0.1435209873	0.1977243733	0.0320856529	-0.0270869324	0.0069145986	-0.0513113319	0.102165161	0.0923737946	-0.0524897545	-0.078897643	0.0607899923	-0.0473396836	-0.0071976192	-0.0053280613	-0.087455516	-0.0797522395	0.0664255992	-0.0165328696	-0.1447102039	0.1164461363	-0.0015146989	-0.0437452518	0.0103806125	-0.0011741318	0.076562585	-0.001948754	-0.1542201669	-0.105035881	-0.0108440264	0.0365857941	0.1565843553	-0.0569277261	0.098964006	0.0840956701	-0.0281507453	0.1047161844	-0.0116068174	0.164568652	-0.0602677777	-0.0168891068	-0.0150899395	0.2475053633	0.0587447781	-0.0340373824	-0.1094476985	-0.0192475531	-0.0275615968	-0.0413721846	0.0215543681	-0.1328642842	-0.0868323649	-0.0238762442	-0.1577451279	0.0356273176	-0.1512459032	-0.0471840132	0.033843008	0.0063171346	-0.105627411	0.0528406309	0.0681044107	0.1269867301	0.0292546028	-0.0056248926	0.0785700854	-0.0673553425	0.0827524296	0.0442490019	0.1071785856	-0.1036653661	0.08658111	0.0646632604	-0.0584862181	-0.1491252434	-0.0868006517	-0.0638802975	-0.0982759302	0.0520636175	-0.0543980738	-0.1108982516	0.1459454915	0.0367862698	0.0591998048	0.1413335746	0.094238898	0.0476491501	0.0176761365	0.044003931	-0.0736587988	0.0959583601	-0.0035781231	-0.0153496781	0.0447062732	0.0193467862	-0.0289710261	-0.1286649834	-0.0288306208	-0.0472103633	-0.0883841173	0.0317782535	-0.1134548014	-0.0876327994	0.0703125971	0.091251446566531	0.0068275491920673	0.0083268265004844	4.661542797009896e-05	0.0405998554220161	-0.0140596414569528	0.0016483482602886	0.000197673517898	0.0032846324059647	0.0066245711017385	1.0788810042313453e-05	4.388494228199016e-05	0.0007050561191805	0.0001421465525799	2.0205642410350284e-08	4.971041311938674e-07	-0.0007279622029638	-0.0001818831145399	5.299289689439088e-07	3.3081467354734384e-08	0.0015267585508511	2.9102992063700104e-05	2.3309916725969508e-06	8.469841470597913e-10
830.7303014928868	1.027974884786886	1.0567323637526114	690112.8338184627	1351.4744166477471	3.47471093827744	12.073616104584886	1826483.0988533683	769.6447081965924	1.7865934595408817	3.191916189674256	592352.976855018	852.8081763914062	779.211078378606	1.004354	28.247677	0.1024985137837708	0.0716888350707931	-0.138917757	-0.0046329935	0.0471159435	-0.0271980282	0.1094631281	-0.0734427112	-0.1110615763	0.0017731627	0.125936199	0.1137294659	0.0427259582	0.0861885282	0.04223876	-0.032858473	-0.0786549902	-0.1747392029	0.0369154403	0.0955046794	0.0416875994	-0.0066351469	-0.1619596857	0.0208121595	0.1513727202	-0.0146139512	-0.1129433061	0.0304334451	-0.0056072726	0.0674685095	-0.0434036982	0.0273233809	-0.0081327916	-0.0135666268	-0.0914692921	-0.2900198767	-0.0640524113	-0.0872165547	-0.0685600243	-0.0860591769	0.0913136098	0.0445072927	0.00552963	0.031434084	0.068579423	-0.0107325762	-0.2382459832	-0.0745380605	0.0264891669	0.1068065436	0.0725537556	0.1004021261	0.0958135752	0.0031833911	0.036573081	0.0521593615	0.0566487128	0.0742612311	0.0372952261	-0.0274385769	0.126014352	0.0119614016	0.0884830834	-0.0614439797	0.0804242382	0.0490958842	0.1709034936	0.009028767	0.0866249797	-0.0297607926	0.0327460993	-0.0858059229	-0.1617295066	0.0105144593	0.1051865167	-0.074558047	0.0092566848	0.0951721814	0.1266686388	0.0089916183	-0.0196662239	-0.0702074751	0.0642628728	-0.0129967963	0.1159093896	-0.0969548979	-0.0279440826	-0.1131354124	-0.0756929938	0.0646185562	-0.1541669344	-0.0224920859	0.2849375798	-0.0436906516	0.1468446268	0.0626309341	0.1821114904	-0.0007392291	0.0223756076	0.0344228843	0.1940616837	0.0078999787	0.0437826423	0.1010159219	-0.0592902085	0.0436734795	-0.0009178392	-0.0437348026	-0.0372616506	-0.1097837508	0.1399224333	0.0892311163	0.0164040245	-0.1197982637	0.2140884821	-0.0030238569	-0.0370432833	-0.0928515955	-0.0808472319	-0.0180288779	-0.1041208972	-0.0973269574	0.014464407	-0.0079198389	-0.018844553	-0.0055993489	-0.0330969607	0.0284919163	-0.1165232592	-0.0799246852	0.0812449131	0.0886693107860878	-0.0025821357804432	0.0078622466752798	6.6674251886450615e-06	0.059045843213525	0.0184459877915088	0.0034864116007961	0.0003402544656044	-0.066900592516049	-0.0701852249220137	0.0044756892789984	0.0049259657973536	0.0005600352194404	-0.0001450208997401	2.103106136142816e-08	3.136394470136569e-07	-0.0007360933614479	-8.131158484099956e-06	5.418334367676687e-07	6.611573829355069e-11	0.0014542073032792	-7.255124757189996e-05	2.114718880910563e-06	5.263683524239119e-09
830.9368511672608	0.2065496743739459	0.042662767983983	690456.0506277625	1355.8495726858737	4.3751560381265335	19.141990357955063	1838328.0637524663	770.9538809963004	1.3091727997079945	1.713933419495268	594369.8866232578	854.5981651927393	783.312291880725	1.013219	28.497	0.0242260017488742	0.0148484126630378	0.0158827615	-0.0690247495	0.0701099994	0.1607980963	-0.0438910829	-0.1142657645	0.0641944402	0.1458247381	-0.0527122952	0.0569529711	-0.0796111088	0.1044859516	0.0778744316	0.0339969249	-0.045243772	-0.1139729633	0.0059802017	-0.0904921728	-0.0303372234	0.0849313305	0.0179650902	-0.0599913455	0.0585803634	0.0848286879	0.0039307784	0.0561280411	-0.1132276438	0.1108289479	0.1166572694	-0.0476884871	0.1048602934	-0.0489291645	-0.034037082	0.1392331318	-0.0668512819	0.0614025234	0.1370197585	0.0021553624	-0.0653544199	-0.1231570984	-0.0744770668	0.301090279	0.0125421995	-0.0614397267	-0.0706481789	0.0318088055	-0.0204647165	-0.0257070324	0.1158325831	-0.0163195345	-0.1792566976	0.0411031024	-0.1041157389	-0.0653553479	0.0808420297	0.0678435198	0.0350033676	-0.1241467654	-0.0174992265	-0.1150054691	0.0241429703	-0.1156100001	0.0019756275	-0.1548312038	-0.0290686156	0.0309683732	0.0718831723	0.1100250659	-0.0192502826	-0.0277246751	-0.0884236153	-0.0899872903	0.0142925828	-0.0186095224	-0.0783523201	-0.0781544397	-0.0139284516	-0.1523641297	0.0580983965	0.0083968289	0.1045805792	0.1347134632	-0.0745204011	-0.0846815623	-0.0137928821	0.031483036	0.0402462701	0.1109042231	-0.1059461385	-0.032479904	-0.2721625802	-0.1267107247	0.1516869352	0.0636841944	-0.1019113656	-0.1456960542	-0.0603942098	0.0740269545	-0.0777516639	0.1476713384	-0.0245689288	0.0602665865	0.091877423	0.053878253	-0.055245424	-0.0125932685	-0.1353387973	0.1060941401	-0.0095682099	0.0866770511	0.0995481849	0.0336677511	0.0482282171	-0.0177857563	-0.1359706969	-0.1019353646	0.0574324003	-0.0012933197	-0.0327773855	-0.0629982959	0.1012150841	0.0483112536	-0.0805633195	0.0295515666	0.02935293	0.0251860523	-0.1192723348	-0.0717238087	0.0912870929	0.0886981121806655	2.880139457771269e-05	0.0078673551044139	8.29520329621098e-10	0.061348545570965	0.00230270235744	0.0037636440436727	5.3024381469597564e-06	-0.0585455468469575	0.0083550456690915	0.0034275810556092	6.980678813260467e-05	0.0003630347561899	-0.0001970004632504	3.8809182520911576e-08	1.3179423420186018e-07	-0.0007112276762997	2.48656851482e-05	5.058448075346708e-07	6.183022978894142e-10	0.0015031302014358	4.8922898156599946e-05	2.2594004024684286e-06	2.3934499640410503e-09
830.1595217739256	-0.7773293933352079	0.6042409857428823	689164.8315919128	1351.5655640523146	-4.284008633559097	18.35272997240888	1826729.4739320516	769.4802353355079	-1.4736456607924993	2.171631533572562	592099.8325719887	854.0446573276641	786.2267685303714	0.998439	28.08132	0.0629456188487031	0.0382511544835108	0.141788055	0.028412225	-0.0255654214	-0.0663982006	-0.0699248025	0.0769274212	0.1138965915	-0.0736651616	-0.0546785592	0.0311966657	-0.1382139896	0.006222409	0.2314510491	0.0929767208	0.0185313221	0.0086765593	-0.1706837988	0.0938934647	0.0879308351	-0.0516347975	0.0828313363	-0.0391155515	-0.1768116898	-0.0340032778	-0.0383951867	0.0035060654	-0.0007859654	-0.1864777272	-0.1521262795	-0.0689849295	-0.1532035069	-0.1310922398	-0.0655793326	-0.038255626	0.1582338514	-0.1731273222	0.1413358842	0.0364982098	-0.1732944521	-0.0647677214	-0.0931667613	0.1158134128	-0.0483954699	-0.1589841884	-0.157450929	-0.1729794464	0.0340572421	0.0746796001	0.1642991443	0.066632511	0.1391213675	-0.0571882976	-0.0448548273	0.0798825719	-0.0791262897	0.0034509355	0.0049361507	-0.0098558531	-0.0776569419	-0.0003932284	0.0726513584	0.0654975541	-0.0742882075	0.0261311738	-0.1326616861	0.0814886223	-0.0188194138	0.0404770764	-0.0746243731	0.0846701606	0.0258729356	-0.0015691943	0.1007543058	0.09357635	-0.0889793159	0.0593852454	-0.0844936212	0.0464606682	0.1497514262	0.2837731525	0.2923755174	-0.0066688545	0.0480397892	0.0886639315	0.0960483381	0.0171295299	0.0024757937	0.1190979767	0.0038508105	0.1392478759	0.1873600509	0.0695997287	0.0789495778	0.1171821489	-0.1252997325	0.0917593075	-0.1676587451	0.1632238078	0.1826159297	0.0670270743	-0.0550836204	-0.1307457948	0.060406905	0.0202292487	-0.0767672398	-0.092368544	0.0789381126	0.0135731155	-0.0239574507	0.0502175834	-0.0459610843	0.0988000176	-0.0148332821	0.1782505753	0.0285496839	0.0463768635	0.2759387464	-0.0180018238	-0.0298285779	-0.0369382357	0.1002447455	-0.0199218936	-0.1149168653	0.0113485981	0.0732996228	0.0218629269	-0.1216944932	-0.063080731	0.1003291122	0.0913555858113994	0.0026574736307338	0.0083458430589439	7.06216609804596e-06	0.0597785405454089	-0.0015700050255561	0.003573473909739	2.4649157802714266e-06	-0.0205014310533044	0.0380441157936531	0.0004203086752333	0.0014473547465208	0.0005946267313082	0.0002315919751182	5.363484293919527e-08	3.5358094958627425e-07	-0.0007700174056004	-5.878972930069997e-05	5.929268049275709e-07	3.456232271249581e-09	0.001626228984992	0.0001230987835562	2.644620711628111e-06	1.5153310513016188e-08
830.7250672632688	0.5655454893432079	0.3198417005164485	690104.1373795625	1354.049140104063	2.483576051748514	6.168150004818738	1833449.0738165528	768.6882553965596	-0.791979938948316	0.6272322236965783	590881.6339846065	852.8990807598703	780.4824946887991	1.038035	29.194952	0.0555827142721018	0.0285589475646273	-0.065416893	0.1064227631	-0.0957330688	-0.0604310846	0.0329516385	0.1196643024	-0.0740791315	-0.0621435799	0.1188228743	0.0695038287	-0.0040547978	0.0245497632	0.0679123722	0.2088712498	-0.0889110709	0.1041258077	-0.0074942547	0.0817661436	-0.0287592597	-0.0929990021	-0.1264330683	0.0190675555	-0.1154969458	0.0168716375	-0.0514328082	-0.1763790488	0.0555343712	0.0926566417	0.1088309044	-0.0260352822	0.2199084795	0.0632079341	0.1507079237	0.0433205183	0.0316223001	-0.0741474134	0.0055319852	0.1759052403	0.0358680818	-0.0035905925	0.102482055	-0.0491906065	-0.0046783786	-0.0631354881	0.0952955169	-0.080073642	0.1304826751	0.0640135277	0.1332655355	-0.1777865328	0.0527902331	0.1514591936	0.0862329204	-0.0767030793	0.0161798461	0.0506306078	0.0674033294	0.0854071972	-0.0833621573	0.0850813381	0.0663125987	0.1007377241	0.0121952956	0.1016104538	0.0855451499	0.1153846154	-0.0267363838	0.0966998906	-0.0628012134	-0.1696558829	0.0218766827	-0.0804275481	-0.0366429013	0.1241652232	0.0773726639	0.0825626825	0.0840946111	-0.1249627711	-0.0719115277	-0.0092305883	-0.089392732	0.0894626616	-0.0664838771	-0.1362747249	0.1253223303	-0.0320190483	0.0363837167	-0.0511448925	0.0699567499	0.1241814232	0.046206246	-0.0055190001	-0.0056510083	-0.0544050625	-0.0317391275	-0.1152627533	-0.0168319658	-0.0612463702	0.0778182228	-0.058428652	0.0067539133	-0.0481633452	-0.1289791485	0.0301955517	-0.0442440438	-0.0264187353	-0.0086235108	-0.0837554899	0.0100864651	0.0740650286	0.0066978933	-0.0484656076	0.226108802	0.0242753393	-0.006629199	-0.091980085	0.1682903075	0.0170730046	-0.0454409582	0.0358723472	-0.0526966885	-0.0584009716	-0.0044004975	-0.0598384914	-0.0120994526	0.0185248178	-0.1237830955	-0.0540487397	0.1082719048	0.0998089749145947	0.0084533891031953	0.0099618314735021	7.145978733002112e-05	0.0430205752417691	-0.0167579653036397	0.0018507698941327	0.0002808294011179	-0.0341994902104261	-0.0136980591571217	0.001169605130653	0.000187636824672	0.0008546820206242	0.000260055289316	6.762875350122847e-08	7.304813563782654e-07	-0.0008318014918891	-6.178408628870009e-05	6.918937219089326e-07	3.817273318529539e-09	0.0016378556235502	1.1626638558200064e-05	2.682571043595015e-06	1.3517872416302446e-10
831.2572531156139	0.532185852345151	0.2832217814363349	690988.6208573158	1351.143199118839	-2.905940985224106	8.444493009605248	1825587.9445250905	770.0296185205854	1.3413631240257473	1.7992550304961124	592945.6133989582	853.2534527966219	777.1791970890473	0.953071	26.805338	0.0535612455535846	0.0313392950467995	-0.1222272662	0.0029596528	0.0105951548	0.1067258714	0.0015564317	-0.0742104798	-0.1030444525	0.0588944785	-0.0273764559	0.1206802301	0.0364552329	0.0435265951	0.1762453601	0.0857842974	-0.1311684945	-0.0842065753	-0.0428122535	-0.0315032373	-0.0612210542	0.0421285553	-0.0775218791	0.1108471967	-0.0238178145	0.1924952286	-0.0402842601	0.0799029615	-0.0219891676	0.1137694023	-0.0186459546	-0.0062471369	-0.1123600457	0.1268042314	0.041486549	0.1595910842	0.0959847765	0.0051822719	0.0466934988	0.0054932879	-0.1161162436	-0.0927823814	-0.0062001759	-0.0486695444	0.0436064444	0.0076916286	-0.0394401475	-0.1758723821	0.0692516277	-0.1010956515	-0.1899865127	-0.0310428917	0.0298632704	0.0203296667	-0.0110148004	-0.1254547091	-0.007168531	-0.0956074106	0.089898424	0.0663950596	0.010975555	-0.0383517959	-0.3150649795	-0.0409062936	0.1147970488	-0.0703380513	0.095667365	0.1025400041	-0.055403662	0.1068890385	-0.0082273092	-0.026968124	-0.0441235208	-0.1542054228	0.0878126572	-0.0674204971	0.1119332709	-0.1305993839	-0.0474408964	-0.0589207597	0.1110243869	0.139519658	-0.1219581609	-0.1137002983	-0.0774524971	-0.0581515368	0.122564891	-0.1167126194	-0.1113205314	-0.0717126821	0.0349378898	0.1175581358	-0.0931566712	0.0926621004	-0.1413506166	0.0422700604	0.071385378	0.0005618482	0.052899928	0.1640941348	-0.071050503	0.0599431528	-0.017648029	0.0969466452	-0.0857971855	0.0461329783	-0.0549475238	-0.0162834539	-0.0968702673	0.0489154995	0.0243578362	0.0686232849	0.0595053431	0.0471734955	0.0364071687	0.0725281812	-0.0087657174	-0.1971339899	-0.1181206354	0.1097759673	-0.0951533494	-0.2128216744	0.0811060757	0.0274560873	-0.0636832897	-0.0219308278	-0.0442069024	0.0151740128	-0.1255324169	-0.0446835199	0.1150284477	0.0990831790913802	-0.0007257958232144	0.0098174763788545	5.267795769956107e-07	0.0520068742087573	0.0089862989669881	0.0027047149649655	8.07535691240931e-05	-0.0611270018976881	-0.026927511687262	0.0037365103609999	0.0007250908856676	0.0008002954357057	-5.4386584918500046e-05	2.957900619097216e-09	6.404727844113762e-07	-0.0008287330493135	3.068442575600034e-06	6.86798467024452e-07	9.41533983975497e-12	0.0019188333775785	0.0002809777540282	3.6819215309093134e-06	7.894849825878776e-08
832.2188382751667	0.9615851595527828	0.9246460190721508	692588.1947800681	1351.895277618603	0.7520784997639112	0.5656220698071354	1827620.8416474797	771.7942060613308	1.764587540745424	3.113769188953984	595666.29650984	855.3079756887703	785.9497531625676	0.978005	27.506592	0.0270424018751148	0.0127902197028029	0.0033074236	-0.1063646557	0.079721577	-0.0875658111	-0.0830321878	-0.1187218479	0.0111142186	-0.0853104133	-0.0578756679	0.065260197	-0.0048195445	-0.0896311211	-0.009004469	0.0442404982	0.0966296943	-0.0107115732	-0.0590996217	0.1127692628	-0.0533856825	0.137893893	-0.0368427841	-0.175115673	-0.0299042441	-0.0276329281	-0.0563239534	0.101702006	-0.011476273	0.0695201887	0.0471171236	-0.1831868145	-0.1034333634	-0.0052903917	0.031967458	-0.004122733	0.025347754	0.1225108164	-0.0294383832	0.0506931604	0.0389737911	0.1577710431	-0.1172671373	-0.0329345279	-0.0049912797	0.1840750539	-0.0133019317	-0.1995114536	8.71613e-05	-0.0859021761	0.1113146864	-0.1927379379	-0.0802840111	-0.0659250199	-0.0268589058	0.1469602168	0.0373649839	-0.0515192604	-0.0607703695	0.0300139516	0.1699330879	-0.0492426465	0.0892923766	-0.1400133437	0.0379267201	0.0756301639	-0.12882394	0.0717227296	-0.0332017062	-0.0367491253	0.1396584643	-0.0379467112	-0.0548732903	-0.0540308679	0.0819629575	-0.0130862394	-0.0165528178	-0.0323727667	-0.148493519	-0.0352116902	0.1575404056	-0.1067194039	0.0464357387	-0.0256272179	0.0201416797	0.046648963	0.223935885	-0.0050594479	0.002616859	0.0014198064	-0.0006005895	-0.1290707317	0.1724976815	-0.1496480034	0.0223407368	-0.0339374507	0.0865903447	-0.03032726	0.183107641	-0.1359675739	0.047830805	0.1392522549	0.1001381639	0.0897965799	0.0929719632	0.0043777695	-0.0707534529	-0.0770597865	0.0712149653	0.0047416806	-0.0666236625	-0.0210392259	-0.0913259023	0.0426990919	0.1674844329	0.1764768827	-0.006706928	-0.0385588189	0.1014454196	0.1144791897	-0.0975793435	-0.0187751337	0.1247531323	0.1319485173	-0.048540128	-0.0015990401	-0.0464190661	0.0118128082	-0.1269376627	-0.0350428114	0.1205247148	0.1002103064199246	0.0011271273285443	0.0100421055127751	1.270416014751617e-06	0.0567166533373182	0.0047097791285609	0.0032167787657855	2.2182019439827893e-05	-0.0681167693100377	-0.0069897674123496	0.0046398942612368	4.885684847874442e-05	0.0006032722256518	-0.0001970232100539	3.88181452999432e-08	3.6393737824287625e-07	-0.0008379456032006	-9.21255388710001e-06	7.021528339232175e-07	8.48711491227215e-11	0.0018407545814063	-7.807879617219987e-05	3.388377428968283e-06	6.096298411699933e-09
831.6685661993514	-0.5502720758153146	0.3027993574220953	691672.604004085	1351.5334261754515	-0.3618514431514086	0.130936466910757	1826642.6020695544	770.2877571411594	-1.5064489201713511	2.2693883490854305	593343.2288015578	853.4462914567199	785.3245185362464	1.003499	28.223631	0.053930796103249	0.0272897833114443	0.1394037623	0.0302414154	-0.0255250954	-0.0250150514	0.0965822703	0.0492617197	0.0584909853	-0.048149708	0.1486206215	0.0494931339	-0.1080505013	-0.0625577064	0.001857072	0.0735566892	0.0197876865	-0.0340468808	-0.0153377665	-0.0233827571	0.0492653541	-0.1843829901	-0.0239577989	-0.079495268	0.0650932055	0.0846151279	-0.0618355378	0.0538644057	-0.0210957576	-0.0398216167	0.0099678032	0.0135032496	0.0442655847	-0.0655925319	-0.0442662634	0.0383532357	-0.1403750538	0.0736568064	0.0792104258	0.1337099583	0.1043416846	-0.077363719	0.0635128368	0.0509203879	0.0243573505	-0.0078788798	-0.0816974492	0.1412805964	0.045761401	-0.0500869416	0.083859814	0.0698834588	-0.0417385433	0.0589530354	0.1673175373	0.1556416284	0.1534133172	-0.0658434109	0.1243404395	0.0283204196	-0.0261889163	0.0401809776	-0.0605100327	-0.0009490216	-0.1728115916	0.0211066676	0.0981117829	0.0395977558	0.0369628197	-0.0277009897	0.0313098186	0.0296378205	-0.0791764394	-1.60151e-05	0.0162801945	0.1065095269	0.027201795	0.0340532102	0.0468706711	-0.1808342925	-0.0024035461	-0.0690827659	0.0020496949	0.1944475829	0.0647824126	0.0042968837	-0.1685533026	0.0500980699	-0.0278012302	0.0272282191	-0.002572399	0.1568568147	-0.1378864894	-0.0964311962	0.057111522	-0.1766203186	0.0548164579	-0.0129986202	0.0062436273	0.0246836085	0.1129286791	-0.010672779	0.0400738634	-0.1404319146	0.0645853772	-0.0185862221	-0.0580690901	-0.0453399401	-0.066090239	-0.1502804649	1.062e-07	-0.0250652276	-0.0177099883	-0.0400820267	0.0041686838	0.0077157419	-0.0573751983	-0.0944562845	0.2352345211	0.0190489795	-0.0490505277	0.0356205753	0.149684386	0.0198174934	-0.022163275	0.1453546739	0.0320393774	0.0084435077	-0.1279949812	-0.0251860523	0.124700488	0.1053527341024249	0.0051424276825003	0.0110991985828562	2.6444562469745523e-05	0.0750867273862496	0.0183700740489313	0.0056380166295769	0.0003374596205632	-0.0510759717527804	0.0170407975572573	0.0026087548904908	0.0002903887813874	0.0004928549191921	-0.0001104173064596	1.2191981565815304e-08	2.4290597137185137e-07	-0.0009510587337935	-0.0001131131305928	9.045127151248956e-07	1.2794580312526444e-08	0.0017967350821677	-4.401949923860007e-05	3.228256955492172e-06	1.9377163132171123e-09
832.7186973768318	1.0501311774803526	1.1027754899162718	693420.4289609675	1357.656796011955	6.123369836503571	37.49565815460176	1843231.9757574475	771.8017833476164	1.514026206456947	2.2922753538384137	595677.992778561	856.3654969923015	783.8891671818208	1.094812	30.791824	0.0793764827087713	0.0590160290478839	-0.0936312544	0.0534778424	-0.0933638767	0.0932493249	-0.0631732667	0.112165039	-0.0534141471	0.0803767251	-0.0625517614	0.1376708602	-0.0074804123	-0.0155646547	-0.0765942284	0.0976977237	-0.0489350026	0.0378245839	-0.0134780734	0.0153693795	-0.0047378855	0.0513562494	0.021684653	0.1293414891	-0.0545206693	0.1244324676	-0.1278940972	-0.0020834745	0.1713129313	0.0279068447	0.0302375011	0.0203896188	0.0070595628	-0.0391990786	0.0407507175	0.0907472282	0.1097597867	0.0366749885	0.0029516617	0.0956565304	0.0734400227	0.0166590356	0.0912754014	0.1654253612	0.0009336804	0.0469481255	0.0755024117	-0.046678219	-0.0912692439	-0.03180107	-0.0822820214	0.045001593	0.0294060263	0.0059083395	0.1511853911	-0.0136664719	-0.0209086318	0.1661655684	-0.1033835783	0.0710811335	0.0482686204	-0.0716205636	0.052195967	0.1081914997	0.1110980882	-0.0913293433	0.0071788574	0.1219009473	0.0455918862	-0.0428255705	0.074156829	0.0375407453	0.0498604878	-0.1350730851	-0.0484425701	0.0223034406	0.0564001765	0.0965444998	0.0318609903	-0.0764629399	0.0178589742	-0.0431903255	-0.0132028452	-0.0206920297	-0.025691179	0.0085160094	0.0638667175	0.0882135136	-0.0754358975	0.0713965007	0.0155444822	-0.081887558	-0.0604616307	0.1359260886	-0.1305679654	-0.0476385573	0.0003620022	-0.0184057318	-0.1283888114	-0.0037859656	0.0156131029	0.0400024102	-0.0245406868	0.047050756	-0.1386905902	0.0192812591	-0.0442441646	-0.0062880167	-0.0740720554	0.0379845637	-0.121353032	-0.0233457998	0.0581063308	0.0227848613	-0.0391025652	0.0695336652	-0.053677863	-0.09326817	-0.0568893035	0.0729603206	-0.0792210153	0.0203100507	0.0344818024	0.0545333934	0.1248250756	-0.0156879171	-0.0042874667	0.0050684204	-0.1287014744	-0.0151740128	0.1275100165	0.1051887109134668	-0.000164023188958	0.0110646649036368	2.6903606515984063e-08	0.0189431300117348	-0.0561435973745148	0.0003588421746414	0.0031521035261516	-0.0511147521681039	-3.878041532349996e-05	0.0026127178892066	1.5039206126631507e-09	0.0008552749011392	0.0003624199819471	1.3134824331453634e-07	7.314951565186684e-07	-0.0008692387085165	8.182002527700003e-05	7.555759323834328e-07	6.694516536328923e-09	0.0017803734547923	-1.6361627375400005e-05	3.16972963852907e-06	2.6770285037143883e-10
830.3384651483738	-2.380232228457998	5.66550546139013	689461.9667049571	1350.5281340969595	-7.128661914995519	50.81782069830757	1823926.2409874152	769.2476388436777	-2.554144503938687	6.523654147000203	591741.9298665732	853.0760734048548	773.6165748453395	1.016068	28.577141	0.0620972919756223	0.0444921810156128	-0.0288232691	-0.1759736329	-0.1129671977	-0.0788273574	-0.009591822	-0.1013052783	-0.0602617973	-0.070599375	0.0374898167	0.056878358	-0.0785615511	-0.0637614921	-0.0908441686	0.0392609675	0.0480877069	-0.0282899306	-0.0888771235	-0.0453517	-0.1042024874	-0.0442623045	-0.143897384	-0.0319949423	-0.0970611605	-0.0052483275	0.1019612922	-0.1237295145	0.0532702172	-0.0217086479	-0.1144477068	-0.1028069327	-0.1838458741	-0.0313824342	0.0303027769	0.1044772886	0.0169667574	0.0111367896	-0.118555249	0.2686224488	-0.0199405624	0.0706807847	0.0489748473	-0.0257199837	0.0986284483	0.0825631909	-0.0676914507	0.1541548182	-0.0378069609	0.0202870409	0.0168984721	0.0335837458	-0.0507896267	-0.0293547921	-0.0388773436	0.1012849028	0.047600815	-0.1139053626	-0.1442440169	-0.0051550529	0.0586470999	-0.0660668137	-0.074742151	-0.101650364	0.0096949256	0.1094985625	0.0722731491	0.1125724353	0.0048011843	0.0566165057	-0.0595730058	0.1519892731	0.171175438	-0.1268083146	0.0115000272	-0.0499827565	0.1493050851	0.0824904664	-0.1547045113	0.1358897298	-0.0519653834	0.0133314436	-0.0499123155	0.021119771	0.1460581644	0.1286772408	0.0581927164	0.1670975812	-0.0939892599	0.0248514422	0.0807168552	0.0309667417	-0.2334116517	-0.0312734884	0.0547635544	-0.0804213636	0.0137020414	-0.0171482121	0.0766131383	-0.0382906672	0.1471687175	-0.0100721341	0.0703040015	0.1067185851	0.0375278847	-0.0205691112	-0.0836893398	-0.118184147	0.0538428205	-0.1151982349	-0.0785890438	-0.0351468539	0.1124412406	-0.0049726058	-0.0834316018	0.0334041784	-0.0875792059	-0.0574445237	-0.1506149727	0.058501242	-0.0925781592	0.0591709072	0.0796810072	-0.0560386087	0.1341524556	0.1044662384	-0.1703176411	0.0016898595	-0.1290552057	-0.0050684204	0.1289225186	0.1052246725178918	3.5961604424997184e-05	0.0110722317064975	1.293236992819977e-09	0.0607317734436065	0.0417886434318717	0.0036883483056055	0.0017462907198761	-0.0663082379060995	-0.0151934857379955	0.0043967824142118	0.0002308420088706	0.0008002717648581	-5.500313628109999e-05	3.025345000757257e-09	6.404348976290981e-07	-0.0008828013755584	-1.3562667041900072e-05	7.793382686878033e-07	1.8394593728944243e-10	0.0017473552340887	-3.301822070360004e-05	3.0532503140971755e-06	1.090202898431642e-09
829.6480184456915	-0.6904467026822658	0.4767166492448131	688315.8345108625	1352.4829180772138	1.9547839802542055	3.821180409458475	1829210.0436906556	770.4976712527459	1.2500324090682398	1.5625810237209472	593666.6614059046	853.1872305944221	770.2674357368347	1.018876	28.656097	0.0505022395228397	0.0391548999079667	0.1067249171	-0.1265707937	-0.1820749313	0.1988049383	0.0517172924	-0.0040384787	0.1435357519	0.1150635841	0.0495932682	0.1633917854	-0.0082176799	0.0396995741	0.0864090333	-0.2242842623	0.1363927875	0.0721492899	0.0272729409	0.198652422	0.0542248001	-0.0599490002	0.0301086867	-0.0326820426	-0.0914341061	0.1405064648	0.0958244175	0.2296200716	-0.0598966538	0.0167840116	-0.0908536195	-0.0684409256	0.108781645	0.0044248758	-0.0045795408	-0.1558208598	0.1279152832	0.0005830009	-0.0780785409	-0.1955461004	-0.0806612008	0.0028422327	0.012466569	0.0588041935	0.1406381234	0.0331125478	0.1175382163	-0.0992570548	0.0617545439	0.1012908608	0.007358979	-0.0461910785	-0.1047358936	-0.1323284937	-0.007946914	0.2290959954	-0.0306902112	0.0480425106	-0.0360540268	-0.0144808766	-0.0644679097	0.1719419776	-0.1248159751	-0.0071973799	-0.0885108665	-0.125288527	0.0676471084	0.1339796985	-0.1169935981	-0.0173517678	-0.0810920018	0.0221334336	-0.0975941108	-0.0231259313	0.1377883189	-0.0021087295	-0.2790463546	-0.0420451217	-0.0599030404	0.0197955786	0.0788636881	-0.0101377231	0.1187612153	-0.0677491537	-0.0283794453	-0.0596535482	0.0112388545	-0.1149089654	0.1081610952	-0.1021444408	-0.0992531247	-0.0780317314	-0.0062847546	-0.1310816577	-0.0672338263	-0.1738479082	0.1504205114	0.0335172264	-0.0528811085	-0.1641045128	0.0681709927	-0.1400532701	-0.0996786651	-0.0449521743	0.0918399755	-0.0369235231	-0.1094844238	0.0305244465	-0.2112039551	-0.06616404	-0.1175897395	-0.0052487407	-0.0011231279	0.0022254642	-0.2089095396	0.0299798501	0.100454968	0.0766083786	0.0401743145	-0.0648676487	-0.0251589624	0.0059970005	0.1281605999	-0.0019524927	-0.062663777	0.0930712284	-0.0974995575	-0.0016898595	-0.1290552057	0.0050684204	0.1289225186	0.1054306622884553	0.0002059897705634	0.0111156245505823	4.2431785576799937e-08	0.0642753634958666	0.00354359005226	0.0041313223525257	1.2557030458476726e-05	-0.0281318229435783	0.0381764149625211	0.0007913994621288	0.0014574386593906	0.000800354417439	8.265258090000683e-08	6.831449129432171e-15	6.405671935141211e-07	-0.0008967381689042	-1.3936793345799951e-05	8.041393435696574e-07	1.9423420876353383e-10	0.0019048606829119	0.0001575054488232	3.62849422130359e-06	2.4807966408997682e-08
831.4876686055096	1.8396501598181203	3.384312710518836	691371.7430430257	1349.134578437562	-3.34833963965184	11.211378342463815	1820164.110735898	769.5964940677334	-0.901177185012557	0.8121203187871563	592278.7636813468	853.6291833233637	774.8004309812331	1.076149	30.266922	0.0572076172792982	0.0332632489023276	0.0047342454	0.0285948365	-0.2247614775	-0.0516065532	-0.1502306198	0.1426416467	-0.0334440868	-0.1438021302	-0.1091724676	0.147270353	0.1491959688	-0.0518053579	-0.0126679581	-0.0908329624	0.1278082197	-0.0164701466	-0.051037019	-0.1017331651	-0.153254426	-0.0550548198	-0.0099294974	0.0736155365	-0.2142224962	0.0387043034	-0.1202844942	-0.0222403758	0.0931248515	-0.0307945268	-0.0025551501	0.2401748902	-0.0408214028	0.0097662474	-0.0988152677	-0.0631063157	-0.0368393646	0.027463444	0.1048463907	0.0075245176	0.0121660579	0.1386992726	-0.106882803	-0.1164796566	-0.0062504088	0.0348437249	0.0626559002	0.0286100869	-0.0836424746	-0.0205770741	0.0779097012	-0.0651681847	0.0343464481	0.0859451802	-0.0699990635	-0.0181227841	-0.0146513328	0.0141989979	-0.0389022736	0.0230571809	0.0205912902	-0.1069163312	0.1087411253	0.1573145937	0.0324555177	0.0927980033	-0.0856864391	0.2222359757	-0.1002115213	-0.019339666	0.1085501742	-0.0075852883	-0.0811888069	0.1294940804	-0.0339856746	-0.0340292944	0.0962330542	0.1145676665	-0.0579964128	0.0400082297	-0.1638192048	-0.0261658003	0.0830531758	-0.114802224	0.0252323562	0.1166339433	-0.1249667402	-0.0848620446	-0.0161258761	-0.0415486592	0.1359061565	-0.0244668638	0.0045363192	0.0244926984	-0.0443600646	0.0124056917	-0.0877987446	0.0239087381	0.0441414284	-0.0602817059	-0.0017412182	0.0146814976	0.0128307975	-0.0816304882	-0.13639532	-0.0468751392	-0.0997889685	-0.0626504079	0.0614771949	-0.016036145	-0.1834736648	0.0038501071	-0.0580440556	0.0064424102	-0.0700427446	0.1460495632	0.2101754749	0.0694665459	-0.0296547807	-0.0033944105	-0.0143219295	0.0424580165	0.0413244297	0.0942382562	0.0543985404	-0.0763354268	-0.0731478089	-0.0050684204	-0.1287014744	0.0151740128	0.1275100165	0.1053895252487393	-4.113703971599103e-05	0.0111069520321546	1.6922560365950231e-09	0.0342847194385882	-0.0299906440572784	0.0011754419869827	0.0008994387309703	-0.0180662153958195	0.0100656075477588	0.0003263881387281	0.0001013164553054	0.0010344044027791	0.0002340499853401	5.477939563770106e-08	1.0699924684887866e-06	-0.0009670349192947	-7.029675039050003e-05	9.35156535135307e-07	4.941633115464266e-09	0.0018670028459516	-3.7857836960299976e-05	3.4856996267913736e-06	1.4332158193126546e-09
831.1244230558902	-0.3632455496193643	0.131947329318274	690767.8065999864	1351.0346882814056	1.9001098438436657	3.6104174186716	1825294.7289396347	770.6137764282688	1.0172823605354324	1.0348634010565414	593845.5924210378	853.4709762615123	775.5077823455321	1.038795	29.216345	0.0681836780409009	0.0528492951977675	-0.1230242667	-0.0781640852	-0.0488575042	0.0407283165	0.1190577265	-0.0840932454	-0.077600036	0.0109685421	0.0962657266	0.0839240648	0.0758760555	-0.0112939742	-0.0055697725	-0.1549812979	0.0277822319	-0.0661003951	-0.0452861255	-0.194221016	-0.1194012712	-0.0034303503	-0.0745005332	0.0037531599	-0.0556788129	0.0653462548	0.1368547502	-0.1515336675	0.1030099974	-0.210286377	-0.0053165438	-0.0342714165	-0.0665397227	0.205813194	0.1463575061	-0.1398282703	0.1471430188	-0.1225015918	-0.0151353978	-0.0011675614	-0.0278718006	-0.0359490611	0.0084828177	0.0901544401	-0.0692937882	0.1407542241	-0.0642496324	0.2846832431	-0.0612296074	0.0020973745	-0.0478570646	0.1217356248	-0.1270675999	0.1084855233	0.0114551678	-0.0628798914	-0.032504067	0.0428492402	-0.0300120631	0.1237914971	-0.0269372326	0.0257718952	0.1428833715	-0.0696572443	0.0177125362	0.037938108	0.1220181719	0.0743479919	-0.0312495311	-0.1021657697	-0.0507444312	-0.0264433709	0.1175644277	0.2232859315	0.006708131	0.0049501943	0.1634714196	0.0407057003	-0.0130201503	0.38280471	-0.1045735225	0.0023192879	-0.0538300126	-0.0928234878	0.0319926103	0.0287877367	0.0734500736	0.0958269654	0.186767824	0.0935768274	-0.1775882197	-0.0316796697	-0.1053300078	0.1400413516	-0.0166588134	-0.0605506126	-0.0029589702	-0.0354117305	-0.0788493779	-0.0551866373	-0.0322230253	0.0357924123	-0.0393704612	0.1086099959	-0.0561655157	-0.0235215805	-0.0582291954	0.002306077	-0.0818993035	-0.1370343604	-0.0643564394	-0.0110867337	-0.0227098904	-0.1031766464	-0.0155257992	0.1018748298	0.0059343401	0.1032763175	-0.218848726	-0.0635031127	0.0982446917	0.0603280321	0.110388372	0.0306935627	0.1730156506	0.0853921888	-0.1328732598	-0.0084435077	-0.1279949812	0.0251860523	0.124700488	0.0942944754041548	-0.0110950498445845	0.0088914480917447	0.0001231001310538	0.0343971385000401	0.0001124190614519	0.0011831631369909	1.2638045377726432e-08	-0.069366922900059	-0.0513007075042395	0.0048117699926227	0.0026317625904355	0.0010238492199188	-1.0555182860300018e-05	1.1141188521437128e-10	1.0482672251283354e-06	-0.0009550923502785	1.1942569016199964e-05	9.12201397560509e-07	1.4262495470669938e-10	0.0017759905652156	-9.101228073599988e-05	3.1541424877348266e-06	8.283235244768457e-09
831.9443602970132	0.8199372411229433	0.6722970793803037	692131.4186300065	1350.7062245508669	-0.328463730538715	0.1078884222794095	1824407.3050404568	771.704729168143	1.090952739874183	1.1901778806389869	595528.1890204769	854.9434355607517	776.4797508566137	1.046592	29.435635	0.1217269456927877	0.0675138198747287	0.0556926286	-0.1596333853	-0.0700819801	0.0703199859	-0.0983195858	-0.0992462983	0.097089876	0.0023266629	-0.1229690666	0.0987000042	0.0654489228	-0.1325992175	-0.0835464121	-0.146506713	-0.0544802863	0.0058491332	0.0986893245	0.0111351582	-0.0303267486	0.120171497	0.0419383663	-0.0974362934	-0.0248937618	0.2221161164	-0.0438859142	0.1243561177	0.0063845077	-0.0983776165	0.1157521138	-0.0667099394	-0.0049695724	-0.0173749898	-0.1394910646	-0.0462899941	-0.0025410045	0.0135235516	0.0334548995	-0.0578677387	0.2177155798	0.005507263	0.0653446504	0.0584442384	0.0089399774	-0.0298274222	-0.0646237069	0.0196330432	0.0647332119	-0.0184921213	-0.0046182869	0.0857882707	0.0177723724	-0.1762532777	-0.1006558163	-0.0442971125	0.0788396566	-0.1647452515	0.0088108873	0.0078764358	-0.0123043651	0.0589387022	-0.0798350833	-0.1121778126	-0.0178067056	-0.0887791788	-0.1066736788	0.0942612101	-0.0244880463	-0.0900135597	-0.0090861046	-0.0051438813	-0.0737994743	0.1313568575	-0.0256385139	-0.0985604383	-0.0686471275	0.09246122	0.0112571576	-0.0954053264	0.1207632888	-0.0238273229	-0.0427515501	0.0443902432	-0.0428623025	-0.1214379148	-0.0235384196	0.1400960737	0.0909011453	0.1677113772	-0.0051036142	-0.0118855665	-0.0401908364	0.0593751239	0.0537863701	-0.1195767406	-0.0322527363	0.1737595861	0.059389891	0.0388515522	-0.0844471447	-0.0920955721	-0.1725792651	0.0356818987	0.1106534314	-0.0297469246	-0.0662324921	-0.0054364462	-0.0885371158	0.0493301588	-0.1924673455	-0.0857045999	-0.0056451891	-0.0399611664	-0.0471656665	-0.1708850683	0.0184149105	-0.0402964432	-0.0326843197	-0.0760516792	0.0115509073	-0.0209677193	0.0282589936	-0.0057981867	0.1180522195	-0.0565718823	-0.0840542615	-0.0118128082	-0.1269376627	0.0350428114	0.1205247148	0.099523568708264	0.0052290933041092	0.0099049407284285	2.7343416783079676e-05	0.0924616425077999	0.0580645040077597	0.0085491553352401	0.0033714866256671	-0.0463521683607552	0.0230147545393037	0.0021485235117437	0.0005296789265044	0.0006811035786224	-0.0003427456412964	1.1747457462768057e-07	4.639020848122398e-07	-0.0011098246708745	-0.0001547323205959	1.231710800081692e-06	2.3942091037023303e-08	0.0019868844801555	0.0002108939149398	3.947709937482791e-06	4.4476243358677725e-08
832.5395976047226	0.5952373077094535	0.3543074524891986	693122.1815798335	1351.3017423107367	0.5955177598698356	0.3546414023203871	1826016.3987720327	770.8886852538325	-0.8160439143105123	0.6659276700832227	594269.3650523823	854.823012314471	785.0087101125462	1.016857	28.599329	0.063528880318286	0.0391180299341544	0.1157290664	0.0540532703	-0.1074906534	-0.0834208676	0.0281265344	0.0778170637	0.137316616	-0.1454997916	0.0597067293	0.0370472771	-0.0957790288	-0.103376316	-0.0566734488	0.0249300229	-0.0737077344	-0.1794911241	0.1412210811	0.0740137103	0.0223536855	-0.1052594328	0.0504640627	-0.0413153786	-0.0989598061	0.05400102	0.0838473897	-0.1402923389	0.0426828711	-0.158325457	0.1236643725	-0.0276253398	0.1467634247	0.0314966863	0.0050538845	0.0312802835	-0.2628923509	0.071039435	0.0568980954	-0.1412737007	-0.0361416786	0.1857706723	0.0513077657	-0.0198634091	-0.1187898708	-0.0689101981	0.0328852805	-0.09380109	-0.1455390955	0.1909409495	-0.0002647185	0.0296593261	0.1164670414	0.0088334549	-0.0644647201	-0.1012321701	0.0443978543	-0.1044335053	0.0093208665	-0.0374831455	0.0621038111	-0.1831458346	-0.087526574	0.0580570345	-0.152078233	0.0924646542	-0.0231955366	0.0404391805	-0.0507043996	-0.1349518638	-0.1440647278	-0.0862173699	-0.0104478697	0.0506371561	0.0169166002	0.1557970752	0.0873559531	0.0353251707	0.0618032483	0.1057969949	0.1154043958	0.0755895343	-0.089250571	0.0103707792	-0.1174935822	-0.1642925268	-0.1685766522	0.0987531332	-0.1506014365	-0.0514595264	0.0858284069	-0.0744345312	-0.118550016	-0.1423900655	0.0433591721	0.2310290137	0.0360978747	0.0950020222	-0.0287570752	0.0687199668	-0.1397536457	0.0950356011	0.0940621717	-0.1567829855	-0.0099690671	-0.0345538475	-0.0354573991	0.0237150971	0.0211863368	-0.1546213543	-0.0905936213	-0.1321429021	0.1041220237	0.0323143295	-0.109591541	-0.114644885	0.0213279226	-0.0335128013	0.0814406102	-0.0183406654	-0.098482023	0.0074990587	-0.0820033058	0.0137826319	0.0992307624	-0.0680258995	-0.014574654	-0.0151740128	-0.1255324169	0.0446835199	0.1150284477	0.1055691189015988	0.0060455501933348	0.0111448388656599	3.654867714013048e-05	0.0581188157172221	-0.0343428267905778	0.0033777967403724	0.0011794297519676	-0.0301601041548167	0.0161920642059385	0.0009096318826293	0.0002621829432492	0.0006101410039058	-7.096257471659998e-05	5.035687010409035e-09	3.722720446471774e-07	-0.0011098744723765	-4.980150199998187e-08	1.2318213444330142e-06	2.480189601454199e-15	0.0020548408865056	6.795640635009993e-05	4.22237106885512e-06	4.618073164019902e-09
833.7603172603666	1.2207196556439612	1.4901564776755112	695156.2666381071	1357.009474541731	5.707732230994225	32.578207220730306	1841474.7139960248	771.1749319940108	0.2862467401782851	0.0819371962626946	594710.7757359671	855.9726942922691	786.7093506267364	1.037486	29.179506	0.0475794229286165	0.0235868810608307	-0.1130219847	0.096157248	-0.0050712345	0.0786264011	0.0735525251	0.0980651863	-0.1170374886	0.0789621442	0.0236303549	0.0265584647	0.1477174389	0.0033749585	-0.139324529	0.0568615508	-0.0133287086	0.0756142397	0.031992788	-0.0322092517	-0.0080444777	-0.0255534963	0.0160315949	0.0950458488	-0.0228955252	-0.0498296294	0.0693691327	0.0930821285	0.1215641571	0.0260661798	0.1712423825	-0.0012521281	-0.0943508845	-0.0406168784	-0.0234244036	-0.0248694997	-0.1123870291	-0.0398641814	0.0320907888	0.0188861542	-0.0139279721	-0.0493116508	-0.0026992504	-0.069175321	0.0978771418	0.079810033	0.0726057791	-0.0583502293	0.2398076223	-0.0399201903	-0.0403078513	0.0149776057	0.0437341056	-0.0233014056	0.0381856287	0.0715142144	-0.1588369623	0.0439663369	-0.0122768191	-0.1270163479	-0.1996243984	0.0031188344	0.0091133321	0.1180045974	0.1226290213	-0.0350948885	0.0715686776	-0.0302624606	-0.0859041689	-0.0850537487	0.1106259561	-0.0424643641	0.1233000049	-0.0289671401	0.0368763214	-0.0262960226	0.0745732057	-0.0275893186	-0.0364499432	-0.037246803	0.0502756573	0.0948131488	-0.0195218437	0.1535983259	0.0005882237	0.0758373595	-0.0019324157	-0.143561726	0.0945213157	-0.0680047886	-0.0017393347	-0.0308960543	0.0232005102	-0.0356699394	0.0959955512	-0.0588668362	-0.0796869072	-0.008183475	-0.0040389499	-0.0661661933	-0.1141698369	-0.0190804127	0.0618073914	0.0309463665	-0.1267859448	0.0256755532	0.0270250087	0.034508786	-0.1072993523	-0.0237398968	-0.0061899431	-0.1025204637	-0.0266301998	-0.0326131141	-0.1182864932	0.0960158719	0.0726847314	0.0625200166	-0.0370112059	-0.0138894231	0.0617753982	-0.1143072677	-0.1083991969	-0.1361523503	0.0851892805	-0.0290751178	0.1269850715	-0.0185248178	-0.1237830955	0.0540487397	0.1082719048	0.0949843938601446	-0.0105847250414542	0.009022035076979	0.0001120364042031	0.051204877164892	-0.0069139385523301	0.0026219394454716	4.780254630539644e-05	-0.0462233372446689	-0.0160632330898522	0.0021365969060343	0.0002580274572989	0.0005618797893245	-4.826121458129996e-05	2.3291448328622797e-09	3.157088976513445e-07	-0.0013419244529371	-0.0002320499805605	1.800761237390535e-06	5.3847193478174826e-08	0.0020548802162633	3.9329757700167646e-08	4.222532703190307e-06	1.5468298407538958e-15
834.9454777835351	1.1851605231685198	1.4046054656770797	697133.9508711757	1353.8131850418772	-3.1962894998537195	10.21626656687514	1832810.139993232	774.600828140501	3.4258961464902318	11.736764406536617	600006.4429559499	858.4543008935201	783.0502216624703	0.960718	27.02039	0.0591477831946159	0.0298784636142521	-0.1135917425	-0.0600995458	0.1220128464	-0.0568027793	-0.0901669839	-0.095782964	-0.0668232721	-0.0282847357	-0.1382785803	-0.0887908557	0.0666454485	-0.1424109388	-0.1736583403	-0.0455711694	-0.0355760743	-0.0462449557	-0.0664385896	-0.0296135312	-0.0953723243	0.1728970732	0.0342701078	-0.0403466167	0.1474179882	-0.1748277246	-0.1735572068	0.1080031183	0.0338040515	-0.1133259973	-0.0617455662	-0.0435367081	-0.0365945345	-0.0064475223	-0.0005533693	-0.0522577191	0.0134846791	0.1975227724	0.0635008075	0.0736267265	-0.0518147067	0.0386045788	0.0203895164	0.0621114474	-0.1647281662	-0.1192111851	0.0735309834	-0.1322816186	-0.0252953996	0.020369398	0.0966106957	0.0782303614	0.0085561564	0.250680727	0.0340422802	0.1257748199	-0.1069375582	0.0738263583	0.0058726701	0.1136559356	0.0474808206	0.0340654317	-0.0649726231	-0.0823377971	0.1090516401	0.0377265982	-0.1305508482	-0.1065164103	0.0389915182	-0.1864841583	0.16305339	0.0085511421	-0.112417303	0.0442487297	0.070760381	0.1165037404	-0.0327348994	-0.0378999976	0.0255492351	-0.0876723805	0.0761478815	-0.0414798378	0.1324739263	0.0735672633	-0.0541375932	0.1037032808	-0.0073097446	0.0440541615	-0.0618184245	-0.1707779374	0.0269468431	0.1131448364	0.0767213291	0.2119729409	-0.0745316175	-0.0730502483	-0.0475678347	-0.0459326006	-0.2224200991	-0.0788705373	0.0461225332	-0.0529997461	0.0755511261	0.1503440746	0.005317712	0.0210510241	-0.0152231259	-0.0248554598	0.0614302088	0.0403555496	-0.0848787072	-0.1729560116	-0.0942489576	-0.0245909598	0.0327300268	0.0063658054	0.0553033127	-0.0639609715	-0.0847980481	-0.0900112564	0.1684468834	-0.0106498336	-0.0032855892	-0.0632601386	0.0880295114	-0.018897855	0.0591685493	-0.0218629269	-0.1216944932	0.063080731	0.1003291122	0.0965973160856492	0.0016129222255046	0.0093310414749508	2.601518105526724e-06	0.0660643855247968	0.0148595083599048	0.0043645030347689	0.000220804988698	-0.0618497685079404	-0.0156264312632714	0.0038253938644858	0.0002441853540257	0.0008698419368826	0.0003079621475581	9.484068432859697e-08	7.566249951596731e-07	-0.0014151782857583	-7.325383282120014e-05	2.002729580481801e-06	5.3661240229963395e-09	0.0018951177697239	-0.0001597624465394	3.591471361123289e-06	2.552403932425464e-08
835.8020725411707	0.8565947576355484	0.7337545788087039	698565.1044641163	1351.7451707876412	-2.0680142542360045	4.276682955723298	1827215.0067477091	773.4893769071756	-1.111451233325397	1.235323844060546	598285.8161882508	856.7070446345965	793.5731846834886	1.003425	28.221542	0.0670489386314618	0.0337973723549926	0.0934992094	-0.0484965127	0.1438445398	-0.1047720938	0.0892613452	-0.0937433345	0.1068555836	-0.0821913201	0.0725546524	-0.0460464032	0.0494614799	-0.0870847842	-0.1528358036	0.0938079302	-0.0401954775	-0.0587782499	0.1112057497	0.1129379864	0.0976631534	0.0099208589	-0.0046399756	-0.208031532	0.0550820491	0.0107095314	0.0110101152	-0.0148240942	0.0853726557	-0.0383475174	0.0200667397	-0.1086137947	0.0653923991	-0.0042531602	0.1776035155	-0.2053812407	-0.0048841202	-0.0128560705	0.0226096402	-0.0097099232	-0.0096618365	0.0743040856	0.005998744	-0.0112777828	-0.0751581454	0.2450825018	-0.1000017566	-0.0551125575	-0.043124989	0.0973621358	-0.0116702903	-0.0146900868	-0.1155406942	-0.0747721176	-0.0770685907	-0.1213597897	-0.0107057086	-0.0724192554	0.091212928	0.0029873209	-0.1564508235	-0.0840173607	0.0025907486	-0.1230884934	-0.1398275377	0.0516403804	-0.0060175764	-0.021244277	0.0261895343	-0.1647506016	0.0344984552	-0.0459183928	0.0428216012	-0.1870196582	0.0572123183	0.0673386922	0.0026214385	0.1522602579	0.0584264302	0.127158911	0.0660586537	0.0119639722	-0.0781910291	0.0131734056	-0.0949662315	0.0711103857	0.0521204583	0.0483084981	0.1126497489	-0.0186791551	-0.1346910928	-0.0920296376	0.0058376832	-0.1304433742	-0.101591387	0.1115835471	0.0332895534	0.0559112049	0.0182385419	0.0069760588	-0.023527025	-0.0353575809	-0.0582146337	0.0129086375	0.1494297763	-0.0101367685	0.050141531	-0.0164972364	0.0482431313	-0.092454508	0.0335594578	-0.1196090015	0.036189656	0.0313320238	-0.0504850052	-0.0902296879	-0.0986797015	-0.0074029024	-0.0246727976	-0.0045306684	-0.0776633727	-0.0400547224	-0.1403129849	-0.0525237817	0.0553014403	-0.1794346984	0.1468764891	-0.0251860523	-0.1192723348	0.0717238087	0.0912870929	0.1055104895723531	0.0089131734867038	0.0111324634097976	7.944466160408129e-05	0.0583059816890596	-0.0077584038357372	0.0033995875007249	6.0192830078381786e-05	-0.0461910589882847	0.0156587095196557	0.0021336139304591	0.0002451951838209	0.0004340565064501	-0.0004357854304325	1.899089413772393e-07	1.884050507916657e-07	-0.0015140567052946	-9.887841953629996e-05	2.2923677068475397e-06	9.776941849996545e-09	0.0020548269555424	0.0001597091858184	4.222313817223649e-06	2.5507024034808156e-08
836.6006967091379	0.7986241679672048	0.6378005616613102	699900.7257342149	1359.225828280115	7.480657492473711	55.96023651970307	1847494.8522637645	774.5821930646716	1.0928161574960311	1.1942471540843909	599977.5738128762	857.7306111537308	798.6061384027654	0.952469	26.788397	0.0343104672638783	0.0188784595761438	0.1108562939	0.1060661209	0.1173017348	0.1170357619	0.0876695953	0.1053521348	0.1046879533	0.1198334716	0.0483275317	-0.0216863261	0.1845645389	0.0430403387	-0.0979647042	-0.0161670238	0.173110688	-0.0821618507	-0.1295428841	0.0965519615	0.1123628255	-0.0292380469	0.1533339476	0.0176771255	0.1422299585	0.0446871527	0.028390688	0.1162964526	0.0407233024	0.063148574	0.1506252654	0.1122186046	-0.0524299789	0.0070003067	-0.0254058067	-0.1302518161	0.025546645	0.0989958773	-0.1547198067	-0.0110374981	0.0753144893	0.1254676226	-0.1425066774	-0.1342741419	0.0781385111	-0.0539892297	0.1997733471	-0.0143658477	-0.0334694459	0.0823468251	-0.0512118371	-0.0286149251	-0.1399778739	-0.0913709082	-0.1175345495	-0.1596761945	0.0246826575	0.0174570706	0.0205034138	-0.09366712	-0.164715802	0.0892668087	0.0110839097	0.084519217	-0.06609773	-0.1554070839	0.0227723575	-0.0437766915	0.0046692373	-0.1408461284	0.1223262579	-0.1136350941	-0.0175134193	-0.0189797285	-0.0566924932	-0.0989090649	-0.0235161792	-0.0610923561	0.0550854568	0.1026772639	-0.0390901255	-0.1912647271	0.0318834378	-0.0052719423	-0.0280584111	0.039464801	0.0530716608	-0.1344015439	0.0163894429	-0.0940359602	0.0289536406	-0.0297864271	0.0257625091	-0.1452960784	0.0200460906	0.1059974245	-0.0035172456	0.2196551434	0.1618205159	0.0660297956	-0.1127032206	-0.1043853943	-0.1118240553	-0.1107384734	0.0492407208	-0.0069459826	0.0289588356	0.0837708416	-0.1076679446	0.0330196131	0.0930003833	-0.1710120511	-0.1317777168	0.0007236812	-0.0522950048	0.0934485081	-0.0219026904	0.1212603659	-0.0856712777	-0.1025427018	-0.1796493203	-0.0328623202	-0.167485483	-0.0424760351	-0.0860750769	-0.0782539498	0.0302209353	-0.0284919163	-0.1165232592	0.0799246852	0.0812449131	0.1057334182801383	0.0002229287077852	0.0111795557412026	4.969720875478029e-08	0.0583150980615556	9.11637249599584e-06	0.0034006506619288	8.310824748574941e-11	-0.0379162541296125	0.0082748048586722	0.0014376423272213	6.847239544910504e-05	0.0006822670232074	0.0002482105167573	6.160846062892594e-08	4.65488290956287e-07	-0.0015337180726435	-1.9661367348900024e-05	2.3522911263532925e-06	3.86569366028392e-10	0.0023030274179347	0.0002482004623922	5.303935287758971e-06	6.160346953175146e-08
836.3831112194762	-0.2175854896617011	0.0473434453113222	699536.7087331706	1362.9422777989869	3.716449518871968	13.811997026323686	1857611.6526118908	774.5372874749401	-0.0449055897315702	0.0020165119891401	599908.0096890379	859.2683953706648	799.5587128542323	0.943236	26.528715	0.028156624624485	0.0157476130659384	0.0244745161	0.1758111858	0.0769374465	-0.0315032286	-0.1494068008	0.1517605092	-0.030092746	0.0913337748	-0.1552399486	-0.1010535563	-0.1098652103	-0.1492813896	-0.1230028056	0.0480795357	0.0971887902	-0.0417738885	-0.0140242811	-0.0661832055	-0.0222902911	0.0362594194	0.1662978346	0.0784239925	0.0222818414	-0.0554723642	-0.0302484851	0.1407210186	-0.0182624534	-0.2047507983	0.0659077991	0.1685121569	0.1553822273	-0.0434402563	0.0708671541	0.0389128475	0.1484302076	-0.0008409367	0.0525623446	-0.0675773003	-0.1233435206	-0.0396499732	0.1008962313	-0.0595123477	-0.0123069631	0.1277199077	0.0133858519	0.2347358914	-0.137030402	-0.05041308	0.0302675825	-0.1420876666	0.0219394734	0.0533894358	-0.0748601762	0.0040971006	0.0562429289	-0.062935041	-0.0875621744	0.2020178934	-0.0780681434	0.0250520507	-0.0549689557	0.1433016146	0.0468137396	-0.0504830494	-0.1272713662	-0.0782562302	0.0239747582	-0.1528637286	-0.0011413252	0.1022791013	-0.0678237622	0.1206711386	-0.2230823744	0.1499868957	-0.0493463844	-0.130174573	-0.0857727926	-0.0307394873	-0.0866998715	-0.0172985367	-0.0425347901	-0.0425391337	0.0179329633	-0.0683300917	-0.0564586094	0.0027361442	-0.0741706132	-0.049633936	0.0812166963	-0.1721477506	-0.0786510883	0.0512842775	-0.1768806345	-0.0848500092	0.004707438	0.0079735969	0.0238292333	0.0246647693	0.0440432838	0.0420118604	-0.2031149465	-0.0920776231	-0.0676739375	-0.0064845951	0.0370352893	0.0255685928	0.1104576264	0.1392856236	-0.0210825732	-0.2007573076	-0.1083711495	0.0193209546	0.1222761271	-0.0299220692	-0.0013900439	0.0698732908	0.0241036747	-0.0884652814	-0.1666361294	0.0672553303	-0.1463970669	0.0068611644	-0.0016363867	-0.0132417552	0.0618396445	-0.0317782535	-0.1134548014	0.0876327994	0.0703125971	0.1057747056891713	4.128740903300288e-05	0.0111882883636308	1.7046501446584871e-09	0.0585631088699614	0.0002480108084058	0.0034296377205149	6.15093610860987e-08	-0.0295279754787713	0.0083882786508412	0.0008719013358749	7.036321872415826e-05	0.0008439414597952	0.0001616744365877	2.613862344598256e-08	7.122371875612532e-07	-0.0015329357310134	7.823416301000301e-07	2.349891955417587e-06	6.120584261875723e-13	0.0025301515948409	0.0002271241769062	6.40166709287595e-06	5.1585391735318914e-08
835.3549247911963	-1.0281864282799231	1.057167331299026	697817.8503729051	1353.9157122472288	-9.02656555175804	81.47888566018493	1833087.755869921	774.0267858988213	-0.5105015761187133	0.2606118592196904	599117.4652888598	858.3637437916412	787.1481035446739	1.013116	28.494104	0.0546700378677981	0.0250596065677691	-0.104603857	0.0663915257	0.0570248966	-0.1683832685	0.1044627959	-0.0214275843	-0.1525097794	-0.0600408438	0.0711150286	-0.1096997329	-0.0740449021	-0.0117694136	0.0308754489	-0.0599754881	0.0602754557	-0.0019497778	-0.0138140712	-0.0993314243	0.0324264358	-0.0142498977	-0.0084723131	0.0953196038	0.1304870631	-0.0769347589	-0.067520412	0.0910355025	0.0240409082	0.0613514395	0.0152657116	0.0779096773	-0.0688400879	0.0626965935	0.1091066738	-0.0189812907	0.053751793	0.0159046997	-0.0920795544	-0.0581238911	-0.0876869903	0.0143562427	0.2428862869	-0.0977339529	0.0962794619	0.0364148243	-0.0944369176	0.0842187208	0.0021433697	0.0092594974	0.0479723304	-0.0132762578	0.2593693559	-0.0019040518	0.1070008984	-0.0716962132	0.0356606556	-0.024795242	-0.0349276454	-0.0070990362	-0.0663866426	-0.1485935455	0.0480389572	0.0014845465	0.0696883613	0.0951102268	0.0465662711	-0.143286981	0.1620178672	-0.0780500786	0.0168852831	0.1455934593	0.002699573	-0.1293794594	0.012405703	0.015986754	0.1565155055	-0.1539915593	-0.0487258814	0.0847343966	-0.0490614123	0.0001188046	-0.0332041094	0.0620599564	0.0399281322	-0.1821465213	-0.0842167108	-0.0658142993	-0.1018307348	0.0302255736	0.0605367335	-0.0100895563	0.104720689	0.1584602649	0.0545750449	0.0338527016	-0.1678536299	0.0792364565	0.0069424403	-0.0054829881	-0.0097235443	0.0063155425	-0.1087451151	0.0636359051	-0.0884374886	0.0072841066	0.0643334803	0.0191239979	0.1492473681	-0.1123355516	0.0969426726	-0.1576421158	0.0325848434	0.0136104346	-0.0479989922	-0.0690724759	-0.0801321638	0.0011714974	-0.1134006644	0.0629274758	0.0677212791	0.0070019712	0.0541139414	-0.0770898105	0.0054760004	-0.0008637495	0.0744293609	-0.0350428114	-0.1100753719	0.0948006283	0.0586099215	0.0981978136616135	-0.0075768920275578	0.0096428106079209	5.740929279726903e-05	0.04163474738057	-0.0169283614893914	0.0017334521894438	0.0002865694227155	-0.0409750221283502	-0.0114470466495789	0.0016789524384187	0.0001310348769976	0.000945002562269	0.0001010611024738	1.0213346433219906e-08	8.930298426949753e-07	-0.0016703731327183	-0.0001374374017049	2.790146402507148e-06	1.8889039387394066e-08	0.0023942953449942	-0.0001358562498466	5.732650199060896e-06	1.8456920622408957e-08
834.7641284505374	-0.5907963406588124	0.3490403161358434	696831.1501477853	1360.4048546955084	6.489142448279608	42.108969714064266	1850701.3686791076	773.0601021210894	-0.966683777731987	0.9344775261301856	597621.9214914691	856.7503594470918	784.3502837155592	0.986768	27.753069	0.0673706371810073	0.0290651689146251	-0.0654248675	-0.0780354033	0.1014937756	0.1086198514	0.1241960382	-0.1054405417	-0.0285085012	0.1713317833	0.0586404123	-0.0555105133	0.010394827	-0.0400692458	-0.0666102582	-0.0759490188	0.1733547304	0.0575674403	-0.0854694262	0.0358774441	0.0543164503	0.0992344495	-0.0688313574	-3.91986e-05	0.1392239882	0.0172635952	0.1875404942	0.0454122735	-0.0908924209	0.0447073016	-0.1511920572	0.113730798	0.0854409069	0.0238546439	-0.1008924337	-0.0134242763	-0.0917665582	-0.0194925848	0.1015707084	0.0052879325	-0.1536993956	0.0113631649	0.1365319961	-0.0385005052	-0.125639817	-0.0400569387	0.0824493395	0.0933206923	-0.000740592	-0.0542958652	0.0305301666	0.1454743621	0.0584191093	0.0160687562	-0.2294311658	0.1409418666	0.0696015574	-0.0353136802	-0.0335579584	-0.0727390235	0.0548390777	-0.0003447827	0.0961801689	-0.1107331311	0.0297068604	-0.0961890039	0.0855463458	-0.1096849833	-0.0255159919	-0.0499992234	-0.0607698016	0.0197076273	0.0355375511	0.0517464046	-0.0508655826	-0.0599081307	-0.0270473273	-0.028799286	-0.179914313	-0.0146731	-0.1147743762	-0.0013063931	-0.0745549578	0.0049889324	-0.0006442473	0.1295285895	-0.2194177147	-0.0651774395	0.0297709474	-0.0744705063	-0.0113441641	0.1410956429	-0.0125465415	-0.0115329394	0.1269136412	0.0283456906	0.0473507895	0.0180265197	-0.2071588065	-0.0753076111	-0.098520428	0.1297388928	-0.0329849671	0.1265652428	0.0604895894	-0.0101390423	0.048479967	0.0830490534	-0.1149045446	-0.0021234001	0.0878711173	-0.085170446	-0.0651640813	0.0046205392	-0.0483265281	0.0046941511	0.0445374509	0.0942610266	-0.1025317174	0.0154097841	0.1218795621	0.0516488755	-0.0584660013	-0.1226473711	-0.1464591889	0.0237469271	0.0398437333	-0.0382833527	-0.1063942335	0.1013839798	0.0462651033	0.1059645536602005	0.0077667399985869	0.0112284866324055	6.0322250205651183e-05	0.0612605391728209	0.0196257917922509	0.0037528536597447	0.0003851717034727	-0.0551136834299796	-0.0141386613016293	0.00303751810122	0.0001999017434021	0.0007092980328736	-0.0002357045293954	5.5556625177506986e-08	5.031036994383586e-07	-0.0018156074820181	-0.0001452343492997	3.296430528760105e-06	2.1093016216536307e-08	0.0025301453480698	0.0001358500030755	6.40163548235925e-06	1.845522333564052e-08
834.1967821031291	-0.5673463474083746	0.3218818779176241	695884.2712712154	1352.3624559147345	-8.042398780773965	64.68017814899456	1828884.212167732	773.4468665667222	0.3867644456328207	0.1495867364056631	598220.055401881	856.6585510093361	784.5789997325224	1.020344	28.69739	0.0554512224359292	0.035674258557324	0.1115109002	-0.0497425417	0.0848021095	-9.28326e-05	-0.0924923479	-0.0320338864	0.1223949297	0.0010743659	-0.1428771417	-0.0620925199	-0.032235289	-0.0076988765	0.0455574118	-0.1538420966	-0.06926253	0.0151721149	-0.0349000249	-0.0391282583	-0.1875803285	0.0409325819	0.1280756624	-0.0520363052	-0.0190629741	-0.0465230469	0.0501516669	0.0697083013	-0.0649004072	0.0386625508	-0.0568456504	-0.0911180662	0.06467026	0.1417890172	-0.074385433	-0.1302727592	-0.1633854322	0.0875738908	-0.1350075605	0.0002365024	0.0315326799	0.0065438338	0.0251352159	-0.0407747784	-0.0657486833	-0.1451835744	-0.1755834558	0.1783793468	0.0139163348	0.0720380169	-0.0701835637	0.0006952111	0.1991095358	0.0070885822	0.0232659407	0.0026734031	-0.1041569869	0.0675101068	0.0426603367	-0.0921033436	0.0249983352	0.0047720847	-0.1297746594	-0.0415514717	-0.0666699619	-0.0686395258	-0.1404678342	-0.0545340237	-0.0430693124	0.0005816056	-0.090995002	0.0120853122	-0.1233329939	0.0456230672	0.0996522574	-0.0446328048	-0.0045338921	-0.0245258083	0.0268274137	0.0163036088	-0.0977429787	-0.0446123955	-0.0136877713	0.1043263655	0.0594093377	-0.0518164469	-0.0337546502	0.176964791	-0.0303839523	-0.1288100656	-0.0220241324	-0.0101121036	0.1025024852	0.1474214606	0.1167797026	0.1027712428	0.0760894978	0.0257644112	0.0025467181	-0.0730496596	-0.0800985443	-0.0582777374	0.0290604801	-0.0272997731	0.1301949177	-0.0142220638	0.0021606714	0.0495265705	0.0480348992	0.0801959865	-0.0098859909	-0.1525004522	-0.0840352402	0.0506214259	0.1002365555	-0.0892880949	0.1033250915	0.1005744414	0.0358395498	0.0102692426	0.0076864322	0.1056351248	-0.0509479643	0.0675477915	-0.1533014182	-0.0521107517	0.0533844754	-0.0414976565	-0.1024214758	0.1073422654	0.033413395	0.1193450910812288	0.0133805374210283	0.0142432507651867	0.0001790387816755	0.0656583443429354	0.0043978051701144	0.0043110181818554	1.93406903142858e-05	-0.0225622334074131	0.0325514500225665	0.0005090543763305	0.0010595968985716	0.0006949093391151	-1.4388693758500028e-05	2.0703450807589762e-10	4.82898989589385e-07	-0.001903625225806	-8.801774378789989e-05	3.623789000324944e-06	7.747123221512391e-09	0.0025301675069678	2.2158897999922242e-08	6.401747613315653e-06	4.910167605709578e-16
832.9895307119523	-1.2072513911767828	1.4574559214982774	693871.5582757185	1359.946045650798	7.583589736063459	57.510833284927045	1849453.2470812425	771.8808036913767	-1.5660628753454375	2.4525529295352198	595799.9751072457	856.7789924112025	785.3415562186011	1.008727	28.370661	0.0672371039507648	0.0358740052604194	0.1010557092	0.1421731406	-0.0535784387	-0.0708798489	0.0324547889	0.1224312765	0.0514352787	-0.0165435451	0.0758837868	-0.0819271959	-0.2109911055	-0.0797388456	-0.023782476	0.094679361	-0.0396487525	0.0852218892	-0.0124570348	-0.1616637666	0.0307461337	-0.1384555002	0.0003829429	0.0132975583	-0.0504016247	-0.1364399753	0.0096646023	0.0008937932	-0.0496474372	-0.1242979131	0.098762283	0.0649030712	0.0631765185	0.0522351427	-0.0533845665	0.0885987404	0.062455364	0.1386101449	0.0794945197	0.0964184708	0.0330690218	0.0781312097	0.0636850665	-0.1100607369	0.02766955	-0.0179212919	-0.0558837346	-0.1443790306	0.197275209	-0.1260243265	-0.3420693811	0.1170787995	-0.1202130555	-0.099755266	0.0047054867	-0.0799154959	0.0004348152	-0.0014298924	0.027093437	0.0665475532	0.1551754374	-0.0259035262	0.0444080446	0.1180706861	-0.081052938	0.0951008817	0.0175656119	-0.0643016354	-0.0071563981	-0.0558641717	-0.1455250797	0.0346866959	0.0437190262	0.1047190438	-0.0804985928	0.0649344485	-0.0031454584	0.0032656091	-0.1403241706	-0.0248629542	-0.093296113	0.0719163557	-0.1442613776	0.0667709989	-0.1095437307	0.0534248032	0.2162353056	-0.1910479929	-0.172053009	-0.0024941814	-0.0104107899	0.0304042568	-0.1292064694	0.1058453332	0.0757398147	0.0063003356	0.2023846843	0.0087673669	0.140663462	0.184825471	0.0612688368	-0.1298256529	0.1132439831	-0.1483652124	-0.0477539058	-0.0551900704	0.0324619949	0.0373036034	0.0213324347	-0.0595153089	0.0792070545	-0.0952641539	0.1196620183	0.0431742648	0.0832525364	-0.1335021752	0.0283752207	0.0390767036	0.0227486507	0.0853022915	-0.0453560382	0.0146549943	-0.0569193501	0.0333270535	-0.1319678974	0.026292572	0.0353725132	-0.0446835199	-0.098167988	0.1126387502	0.0201956026	0.1076254093827202	-0.0117196816985086	0.0115832287447981	0.0001373509391143	0.039543875214278	-0.0261144691286574	0.0015637180669623	0.0006819654978716	-0.0019529013648593	0.0206093320425538	3.813823740869317e-06	0.0004247445672402	0.0006450484794743	-4.9860859640800045e-05	2.486105324119563e-09	4.160875408721064e-07	-0.0019586665709094	-5.50413451034001e-05	3.836374735997988e-06	3.029549670791586e-09	0.0026011377238445	7.097021687669982e-05	6.7659174584069454e-06	5.036771683525808e-09
833.6009154261466	0.611384714194287	0.3737912687504299	694890.4861993096	1354.4616465963377	-5.484399054460255	30.078632988564536	1834566.3521004624	773.4456623103343	1.5648586189576008	2.44878249732589	598218.1925466717	856.9335177980861	771.309702203108	1.050205	29.537233	0.040935810829176	0.0185177449835984	-0.148424872	0.0797662047	-0.0337865852	0.0777431703	0.0858486501	0.0506905035	-0.1673743184	0.0433203223	0.0441144429	0.0461639078	0.0793784464	0.0321287273	0.0134247381	-0.0448899725	-0.0482772791	0.1871375549	-0.2054106679	0.004877776	-0.0513906601	0.0213317183	-0.0324082282	0.1795924732	0.0771456363	-0.0583176947	0.0173376817	0.0327589878	0.172678213	0.0242955867	-0.0537353465	-0.1271754281	0.025176416	-0.0924846455	0.0874501711	0.1846085774	0.0016202179	0.0124185473	-0.0906809091	-0.0043428498	-0.0047331736	-0.1408546085	-0.2019885163	-0.0361831562	0.0941731505	-0.0184901446	-0.051972801	-0.0079658304	-0.0300619585	0.0569516904	0.032700778	0.0736153953	0.0794835161	0.0164353625	-0.0790061826	0.034041334	0.0468377706	0.0331201032	0.0620891937	0.106537154	0.0527849633	0.214833396	-0.1438769055	0.0843526162	0.1446585736	-0.0447292799	0.1266126454	-0.043261759	-0.0552666618	-0.0474476605	0.0220562757	0.019596112	0.0864412489	-0.1188444532	0.0604420131	0.012793014	-0.0768826004	-0.1350602798	-0.0071271728	-0.079510153	0.1012118224	-0.0365799115	0.0581474376	-0.0831588114	-0.0277572465	0.1622536828	-0.0758542439	0.1815145923	0.0643622933	-0.0376991733	0.0968567802	0.0318853589	0.0224961585	-0.016320569	0.0409360198	-0.0164961799	0.088132086	-0.144883017	0.0454603922	0.0658790329	0.0589815621	-0.0660310649	-0.148926754	0.0695196855	-0.1502166089	0.0145114323	0.0334136945	0.1193655855	-0.0644425913	-0.0210832158	0.0770053339	-0.0577433391	0.03354938	0.0418555853	-0.0863440789	0.0588093086	0.0638299158	0.0444268685	-0.025612511	0.1586911774	0.128147266	0.008490134	-0.0269238894	-0.1256343411	-0.176336747	-0.1142259049	0.0316911684	-0.0478387595	-0.0936454286	0.1172407796	0.0067565429	0.1163219007950573	0.0086964914123371	0.0135307846045751	7.56289628848531e-05	0.0311564298193474	-0.0083874453949305	0.0009707231190879	7.034924025294251e-05	-0.0099015943328026	-0.0079486929679432	9.804157033138855e-05	6.318171989863124e-05	0.0008380489260437	0.0001930004465694	3.724917237598786e-08	7.02326002442999e-07	-0.0020129403241506	-5.427375324119997e-05	4.051928748591523e-06	2.9456402908866636e-09	0.0025303483025758	-7.078942126869997e-05	6.402662532348232e-06	5.011142163557471e-09
835.0889988547971	1.4880834286504978	2.2143922906242213	697373.6360083072	1356.9177752209316	2.45612862459393	6.03256782054967	1841225.8487105228	775.295787785329	1.850125474994684	3.4229642732243044	601083.5585576739	859.8913369348916	781.4175804219782	1.029432	28.953007	0.0705722429003715	0.0395416132576094	-0.0562038549	-0.118513831	0.1047398466	-0.0656009725	-0.0686678319	-0.1325274753	-0.0373203345	-0.0222766544	-0.1503431195	-0.1100082576	-0.0722314659	0.0784750702	-0.1411077139	-0.0436616962	-0.0153293986	0.0820607262	-0.107131805	-0.030925379	-0.0543603699	0.1441069524	0.056437545	-0.0043134517	0.0975057571	-0.0923685136	-0.0653883634	-0.0336771934	-0.0695190542	0.0323563954	0.0362657348	0.0455104904	0.0584355753	-0.0060389784	-0.0061856321	-0.0373983326	-0.070904308	-0.1041644695	-0.002880341	0.0631832831	0.1327283222	0.0284588818	-0.1541288881	-0.0568365299	0.089431775	-0.0124618526	-0.1257015212	0.0191974875	-0.1281098695	-0.084916814	0.0388902515	0.010611155	-0.0454232729	0.0219773858	-0.0527727904	0.0117297544	-0.0809823235	0.0464110369	-0.0548180475	0.0015401579	0.1336383564	0.1224162248	-0.025978472	-0.1266683767	0.0769369313	-0.0064417963	-0.1497874514	-0.1194279415	0.122869751	-0.0719673339	0.0065433634	-0.0355425852	-0.0598473773	0.0697025766	-0.0063831724	0.0028386643	0.0444221243	0.0225833017	0.0247173483	-0.0630867786	-0.007875058	0.0048412603	0.0749987325	0.0657057852	0.1213894715	0.0948077407	0.0528538368	-0.0234850571	0.0315899418	0.103016884	0.1687366353	-0.1068986258	0.0153699257	-0.0306234146	0.0551313664	0.0665042797	-0.008791465	-0.0249235732	-0.0250739204	0.0244291352	-0.151676009	-0.1278159251	0.0024076554	0.1377220059	0.0683257132	-0.0378293247	0.0567157157	-0.0017671862	0.0866579716	0.0518924591	0.0140612909	-0.0908498937	-0.0351904809	0.0545413504	0.1282064951	-0.0006071922	0.080771077	0.0268610786	0.0646757911	-0.0611829959	0.1338459665	0.0153798526	0.0341595454	-0.0639748444	-0.095498057	0.0370610952	-0.0325892995	-0.0509612127	-0.0888661936	0.1211199807	-0.0067565429	0.1034414261658156	-0.0128804746292417	0.0107001286472178	0.0001659066266745	0.0655103666121164	0.034353936792769	0.0042916081336538	0.0011801929731615	-0.0255170295123434	-0.0156154351795408	0.0006511187951338	0.0002438418158464	0.0007441099104991	-9.393901554460004e-05	8.824538641488605e-09	5.536995589029786e-07	-0.0020130425687683	-1.0224461769988216e-07	4.052340383673275e-06	1.0453961848595057e-14	0.0025907549683899	6.0406665814100296e-05	6.712011306236953e-06	3.6489652747763934e-09
834.694163756398	-0.3948350983990849	0.155894754927815	696714.3470089926	1354.3596957747343	-2.558079446197325	6.543770453057216	1834290.185539031	773.6061238975842	-1.689663887744814	2.85496405354892	598466.4349318444	857.0635959070315	776.3703220102398	0.999477	28.110516	0.0473607354932867	0.0260363715039804	0.1102443735	-0.0272914493	0.0319716839	-0.0312885733	0.1654266561	-0.0390824913	0.0936294155	-0.016873684	0.1462385317	-0.0742082157	-0.0752780437	-0.0827138643	-0.0496613415	-0.0582293011	-0.1564854307	-0.0216380021	0.0178172323	0.105152899	0.0816950745	-0.0439090615	-0.0335440538	-0.0807321297	0.1032672226	0.1201967548	0.0191206879	-0.1398402588	-0.1460072519	0.013191557	-0.1203122526	0.1068517116	0.2592501888	0.0897916513	-0.0571183813	-0.00626565	0.2290960635	0.0204289097	-0.0233554688	0.0017037956	0.024641456	0.0375071092	-0.0259744178	0.0073102656	0.0536260843	-0.1748482294	-0.0434201119	0.1122028941	-0.0198689958	0.0580332523	-0.027974994	0.0989961823	-0.1753724361	-0.0839110112	0.0286220764	-0.0682082383	-0.0612933414	0.0483959702	-0.1274952026	-0.090827474	-0.0508018036	-0.0137164999	0.0503295295	-0.070899035	-0.1505658762	-0.0190918143	0.0735783138	-0.0286829125	0.1119494749	-0.0285676308	-0.2018969923	-0.0673760614	-0.1341789	-0.0032795239	-0.0373319451	0.0789843285	-0.0444605764	0.0498279443	0.0263764319	0.0322861304	-0.1636347028	-0.098037684	0.0217131689	-0.1359401841	-0.0087926268	0.085259559	0.112991619	-0.0598631018	0.0758469759	0.1454970656	-0.0366682132	0.1148879496	-0.0642636621	0.0485837173	-0.1149995462	0.023970111	-0.0103020573	-0.0075543432	-0.0743605566	0.0370778324	-0.0915596149	-0.0407071864	-0.0831038393	-0.0467809898	0.1102482153	-0.00833264	-0.0026983633	0.097252146	-0.0217149523	-0.1154237786	0.1600296136	-0.1174895421	0.1194449606	0.0362020538	0.0800696562	-0.1520922131	0.0501716785	0.0011059153	0.0261140218	0.0269830223	0.0635083446	-0.0684611067	0.0928878105	-0.0128465779	-0.0542210935	0.0792172851	0.1702332502	-0.0540487397	-0.0838433825	0.1242524367	-0.0201956026	0.1086991181503549	0.0052576919845393	0.0118154982866648	2.764332500428887e-05	0.0636746060092861	-0.0018357606028303	0.0040544554504378	3.3700169909038857e-06	-0.0034850719435013	0.0220319575688421	1.2145726451379926e-05	0.0004854071543152	0.0006669670090534	-7.714290144569997e-05	5.9510272434609795e-09	4.448449911656382e-07	-0.0022191141914533	-0.000206071622685	4.924467794709434e-06	4.2465513676029136e-08	0.0026722469510007	8.149198261079996e-05	7.140903767132538e-06	6.640943229838923e-09
835.4372806145408	0.7431168581427983	0.5522226648560238	697955.449840619	1358.1887344068782	3.82903863214392	14.661536846450582	1844676.6382697576	774.7603013549713	1.1541774573870498	1.3321256031404352	600253.5245556459	858.2245169462464	790.5406931586444	0.996794	28.035053	0.1085815060590155	0.0562887971073183	0.084496652	0.1316471609	0.0239792474	0.0750658607	-0.0121306568	0.0873342651	0.0178753622	0.068098421	-0.0472789942	-0.0519636449	0.0392621456	0.2327498958	-0.130771773	-0.0380502599	-0.2958571088	-0.0054055129	-0.1651652608	0.026999261	0.1377356414	0.0399370838	0.1576241285	0.1149015576	0.0208976324	0.0189452887	0.084832686	-0.0785482761	-0.1417090633	-0.197105411	-0.0266574984	0.0176368531	-0.0011438602	-0.0626403116	-0.1494413908	-0.0317612891	-0.1542388845	-0.1857032263	-0.0973743624	0.0470306128	-0.0789463966	-0.0574509062	-0.1304756186	-0.0341461669	-0.0231569537	0.224175474	-0.0469832674	-0.0469595941	0.1750656647	-0.199834728	0.0195012421	-0.0713523147	-0.0564903817	0.2105938178	0.2126059267	-0.0947941629	0.082508954	0.049020667	-0.0777744284	-0.0116641327	-0.1577596643	0.0418921882	0.0283448953	0.1025551478	7.52676e-05	-0.1127686978	-0.0660191058	-0.0740117966	0.0231148898	-0.0257038394	-0.1558514353	-0.1552333896	-0.012309448	0.0994170183	-0.1374886816	-0.2796537553	0.1021903523	-0.0334046809	0.0780593547	0.0656609124	-0.007233628	0.2108888929	0.0702677873	0.083130628	0.0326364474	0.1412827308	-0.0154532819	-0.034858608	0.0471575404	0.1427499357	0.0105812098	-0.0598137811	0.1273586754	-0.0065598076	-0.1980490385	-0.2281076807	-0.0082679321	-0.0139786759	0.1583307963	0.0024672523	0.0615931073	0.1829768483	0.1100582932	-0.0938734965	-0.0238480564	-0.2428765495	0.2620662101	-0.0905560414	-0.1120728727	0.214909025	0.0008458673	0.0001165786	0.2584211999	-0.0936664573	-0.0023049355	0.1052744989	-0.0138596152	-0.0261655947	-0.0118610666	0.1228748209	0.0423569242	0.0928825267	0.0484965129	0.0693698269	-0.0149002928	-0.0678956281	0.1512871578	-0.0570992244	-0.0785907625	0.1266188352	-0.033413395	0.1033919463608157	-0.0053071717895392	0.0106898945722777	2.8166072403680837e-05	0.0230454413771497	-0.0406291646321363	0.0005310923682676	0.0016507290187052	-0.0122711561707262	-0.0087860842272249	0.0001505812737663	7.71952760478902e-05	0.0012728940763738	0.0006059270673203	3.671476109115005e-07	1.6202593296675091e-06	-0.0018888984271567	0.0003302157642966	3.567937268115055e-06	1.0904245098998783e-07	0.0025312080744154	-0.0001410388765853	6.407014315985718e-06	1.9891964708443493e-08
837.0442328264229	1.606952211882117	2.582295411272828	700643.0477079749	1356.8851825689817	-1.3035518378965207	1.699247394083397	1841137.3986752587	775.4040589624522	0.6437576074808931	0.4144238571895235	601251.454655446	859.7749596654223	785.9190791369759	1.00742	28.33391	0.0758868297331747	0.039819714614316	-0.0825627332	0.079057251	0.0707357244	-0.0863243744	-0.0736195607	0.0515763508	-0.0918478574	-0.0453231429	-0.1306680198	-0.031242516	0.0262101133	0.0144760867	0.1275729869	0.1210062306	0.1230276236	0.041938384	0.1552723608	0.0955361438	0.1441991731	0.1444391461	0.0549987535	0.0235862521	-0.038940413	-0.1426115468	-0.0303074103	-0.0586689322	-0.0301672873	-0.0858106568	-0.0002397401	-0.1828530995	0.0712699306	0.0957919538	0.1412691501	0.1586406685	-0.1014186287	-0.1809437982	-0.0161783117	0.0583090142	-0.0806342222	-0.1209047274	0.0458465328	0.0593336223	0.0022353472	-0.1973600666	0.0259742696	0.0134431247	-0.0533047457	0.0479053844	-0.0212493677	-0.0748449421	-0.085312446	-0.0507578963	0.0452913651	-0.0793286712	0.0124712581	-0.0279873375	0.1064467594	-0.0733001314	-0.0967700075	0.0298315252	0.108507175	0.0696873951	0.1444724162	0.0560277138	-0.1300276716	-0.0816749834	0.0076044495	0.0074923169	-0.0729244473	-0.0782748649	0.0797790004	0.019553078	-0.0266431237	0.0632938032	-0.1215869467	-0.1608160168	0.1682550392	0.051208361	0.0542242476	0.1252831524	-0.1821680005	0.065444603	0.1078091789	-0.1337256555	0.1202152547	0.0931164651	0.0834630144	0.025439624	-0.1831689891	0.1622572836	-0.0193640905	-0.1423991827	-0.0511016707	0.1194690443	-0.0967731153	-0.0925278491	0.0004657901	0.0809009159	0.1113851578	0.0375697339	0.0067997553	0.0263493591	-0.0770066363	-0.2533268746	0.3168272078	-0.1755959359	0.0330559327	0.2012263054	-0.0299656435	0.0813699793	-0.057095543	-0.1711841167	-0.0530542062	0.0457621867	0.0471807048	-0.2302494727	0.1286339544	-0.1641813843	0.1694400096	-0.0201052433	-0.1250525085	0.0946079458	-0.1416844402	-0.0349469283	-0.1004580498	-0.0601105761	-0.0731227308	0.1282045865	-0.0462651033	0.0905634394963499	-0.0128285068644657	0.008201736573409	0.0001645705883716	0.0523449174858683	0.0292994761087186	0.0027399903866023	0.0008584593002453	0.0114469294216092	0.0237180855923354	0.0001310321931833	0.0005625475841653	0.0014418547158459	0.000168960639472	2.8547697690820945e-08	2.0789450216070607e-06	-0.0018571804338978	3.171799325889994e-05	3.4491191640528208e-06	1.006031096371622e-09	0.0025313446650375	1.3659062209981157e-07	6.407705813213813e-06	1.865699804561353e-14
836.4676402042159	-0.5765926222070448	0.3324590519835959	699678.1131088095	1355.9767157439214	-0.908466825060259	0.8253119722350672	1838672.853639672	775.5698156378437	0.1657566753915489	0.0274752754368593	601508.5389285189	859.1666387259578	777.2343077266918	1.026161	28.861	0.0665510573267873	0.0326147931280864	-0.0635967656	-0.0842140613	0.0343882087	0.0372632715	-0.0426720078	-0.0941316627	-0.0337609978	0.0709206313	-0.0441410217	0.037045024	-0.0552958378	0.0514403467	-0.0134281067	-0.2786934522	0.0471254953	0.1705963001	0.1193137386	0.0129112136	0.1551647439	0.1318232453	0.0368219812	-0.0515253495	0.0541158645	-0.0929352124	-0.0682278533	0.096752594	0.0290077421	-0.0698826723	-0.0132676241	-0.0906260624	0.033083146	0.0273123636	0.0092510436	0.108228799	0.1317862211	0.0652593813	-0.1204072194	-0.0262841624	-0.0187059191	-0.177656439	0.0549776699	-0.1079836963	0.0159222028	-0.0697455275	0.1304506968	0.0709743976	0.0050751616	0.0324333059	-0.0280035612	-0.0021931682	0.0451941153	-0.1093873774	0.1272586009	0.0632498798	-0.0464109919	-0.0430442062	0.1752704897	-0.0245221624	0.1829238012	0.0753327901	0.1046485426	-0.0755706434	0.077917994	-0.0361148627	-0.0327278262	-0.0120320841	0.0526736788	-0.0961561828	-0.0224161828	0.1253161266	0.0817460266	-0.000358327	-0.0238174855	-0.0214136696	-0.1708253339	-0.0679135582	0.0005199731	0.05432649	0.0030539749	-0.1344657116	-0.1373170725	0.007736007	0.07130479	-0.1772172546	0.0436009602	0.002798916	-0.0425705373	-0.0951657862	-0.0818951305	0.1392795574	0.1202505098	-0.0978163303	-0.1306605956	-0.0433149115	-0.0782497895	-0.0275823474	-0.1058950274	-0.0729084546	0.1572698601	-0.1111558605	0.1372955874	0.1282259914	0.0042428243	-0.0849129302	0.0077753273	0.1077763726	0.0816984947	0.1248098662	-0.0385193422	0.0345960882	-0.0535050978	-0.1239920391	-0.0960267901	-0.166541469	-0.1739762837	0.1166217684	-0.0171650601	-0.2227930149	0.0249602714	0.0008691506	0.065780752	0.072318543	-0.0045090731	0.2540682685	0.022726969	-0.063080731	-0.0674542747	0.1289999139	-0.0586099215	0.1009486743179479	0.010385234821598	0.0101906348465511	0.0001078531022997	0.0385154783470937	-0.0138294391387746	0.0014834420723054	0.000191253386893	0.0275273470147539	0.0160804175931447	0.0007577548336706	0.0002585798299699	0.0014991084274775	5.725371163160017e-05	3.277987495594428e-09	2.247326077334063e-06	-0.0017813145025107	7.586593138710009e-05	3.1730813568549424e-06	5.755639545232178e-09	0.0029233443374842	0.0003919996724466	8.545942115500935e-06	1.536637431983201e-07
833.4981676798575	-2.969472524358366	8.817767072919247	694719.1955256799	1353.3629129008882	-2.613802843033227	6.83196530224858	1831591.1740155767	773.8375782292626	-1.7322374085811134	3.000646439687811	598824.5974797301	857.9325708527142	766.4782844217066	1.043481	29.348131	0.0887725214717652	0.0502728285910959	0.1063010097	-0.1495645606	-0.1130362452	-0.054370645	-0.0250966027	-0.0681870694	0.0907823674	-0.060570388	0.0121318398	-0.0442682733	-0.0647459358	0.0196526273	-0.0537983484	-0.1825896758	0.0072985589	-0.0104438605	0.0476108309	0.016336988	0.003871473	-0.0079103689	0.0102326433	-0.1957093265	-0.0444487807	0.1244979971	-0.0062111738	-0.0917428541	-0.0810220654	0.105688486	-0.119689853	-0.080329399	0.0232988059	-0.0376317155	-0.1031272786	0.045974279	0.0349631052	-0.079098531	-0.0563840458	0.0007228223	-0.0746518508	0.0021621545	-0.0434383819	-0.0655254785	0.0074529582	0.0794819752	0.2340899889	-0.0025040927	0.0782998185	0.0576144207	0.0501570915	-0.0751779172	0.2108620143	-0.08478503	0.0274001999	0.0631815025	-0.1904578683	-0.1749067647	0.030808561	-0.0161070016	0.0066528621	-0.0627020832	0.1161098778	-0.103837729	-0.1078820219	0.0255306543	-0.057332988	0.0767427884	0.0923914172	0.0702861235	-0.0815597106	0.0757169895	0.0434949059	-0.1160635444	-0.080352885	-0.1236947136	-0.0237093976	0.1416365741	-0.1188320024	-0.0185776204	-0.007795822	0.0156656568	-0.0569634212	-0.0470772765	-0.037110906	-0.056501326	-0.0955009182	-0.0177556035	0.1842547841	-0.1626431514	0.1225124158	0.0486813991	0.1385131831	-0.1582195478	-0.0520154001	0.1092294423	-0.0008925049	-0.034744393	-0.0878763447	-0.1478511291	0.0516915992	0.2023794456	0.001823475	-0.0321397771	0.1292848877	-0.1462875854	-0.0229618654	0.0679575383	0.1536800712	0.0020729687	-0.0211372376	0.1772920434	-0.0252765631	0.0041336263	-0.0323921769	-0.1549778074	0.0142265797	0.0691384995	-0.011758647	-0.0947669764	-0.0910898823	-0.1265658415	0.0483117538	-0.0203849304	0.0751091752	0.0496307925	-0.0413699826	-0.0660076536	-0.0616009311	0.1289999139	-0.0703125971	0.1037404648099453	0.0027917904919973	0.0107620840389834	7.794094151207027e-06	0.0598144256068025	0.0212989472597088	0.0035777655106717	0.0004536451543718	0.0707023760093079	0.043175028994554	0.0049988259733615	0.0018640831286805	0.0015001613398577	1.052912380199904e-06	1.1086244803782277e-12	2.25048404560365e-06	-0.0020486935948598	-0.0002673790923491	4.197145445619571e-06	7.149157902542868e-08	0.003085047427265	0.0001617030897808	9.517517628474394e-06	2.6147889244657468e-08
834.4205700177525	0.9224023378950506	0.850826072954255	696257.6876687511	1355.571078452335	2.208165551446882	4.875995102596713	1837572.948736427	773.6863203099165	-0.1512579193461078	0.0228789581649136	598590.5222346986	857.6266087970926	764.5991487880442	0.990751	27.865086	0.0682690427609878	0.0414333104638399	0.0737064162	0.0266140303	-0.2105494641	-0.106924537	0.0460401609	0.1198916444	0.0565022584	-0.0979171929	0.0172146867	0.0443563971	-0.038545856	0.0744920505	-0.0815180478	-0.0307992748	-0.1211816694	0.0162340811	0.0826852628	-0.1059149233	0.0854727988	-0.1115717876	-0.0195003704	-0.0163672975	-0.0691335076	0.0135555831	-0.0381522841	-0.1218396873	-0.0483611911	0.0213330877	-0.0434643904	-0.0765057795	0.0676631779	-0.0497111394	-0.001892984	0.0786913756	0.0307985893	0.0502145775	-0.0989381351	-0.0755792281	-0.1875778077	-0.0212509384	0.0300281859	0.101318044	-0.1935701791	0.160332026	0.0634352478	-0.1550406462	-0.090946087	-0.0115114934	-0.0120611448	0.0622920095	0.0238442254	0.1013003603	-0.0614449404	-0.0789873712	0.0412319539	-0.1089043011	-0.1286428777	-0.1524511868	0.0441840539	0.0190261397	0.0443065183	0.0989539887	-0.0860276187	0.0922254053	-0.0093620303	0.0461291795	0.0417186267	0.0739871466	-0.0215496982	0.0021399651	-0.0294247956	-0.1631825923	-0.1120982708	-0.0465597265	0.0166484277	-0.0049732299	0.0304492095	-0.0139222662	0.0661173079	0.1460725473	0.0911073145	-0.1037725997	-0.192686137	-0.0043149652	-0.056972303	0.0878888598	0.0019135989	-0.0974615014	-0.0921959223	0.0009637869	0.0601126888	0.088789779	-0.1030091432	-0.0259080379	0.0920983014	-0.1056757629	-0.0727935383	0.016512297	-0.0663275808	0.1682109925	0.2145939436	-0.1316930682	-0.0593751737	-0.1056806302	-0.0827197538	0.1090902013	0.1047561641	-0.0968042004	-0.0013643202	0.1700087517	-0.0114135596	0.0066736859	-0.0342409102	-0.0611080812	-0.0125515469	0.0346940428	-0.0467551759	0.034983049	-0.1162741199	-0.136210369	0.0538735061	0.027268066	-0.0755132366	-0.1300972401	-0.0881221499	-0.0688893378	-0.0555787436	0.1282045865	-0.0812449131	0.1037888824920969	4.841768215160802e-05	0.0107721321289583	2.344271944934142e-09	0.0234456096086006	-0.0363688159982019	0.0005496966099189	0.001322690777111	0.0895667837178422	0.0188644077085343	0.0080222087455587	0.0003558658781938	0.0015881551011621	8.799376130439992e-05	7.742902028495707e-09	2.5222366253472e-06	-0.0019769734101999	7.172018465990016e-05	3.908423864637422e-06	5.143784887650178e-09	0.0031850815087427	0.0001000340814777	1.0144744217334677e-05	1.0006817457087157e-08
835.5213882175912	1.1008181998386135	1.2118007090959255	698095.9901690506	1356.4823822215865	0.91130376925139	0.8304745598517905	1840044.4532775504	774.9883768625181	1.3020565526015844	1.6953512661727224	600606.9842720004	858.4929354668536	774.5055786051215	0.9665	27.183029	0.049070260997061	0.0346074728605972	-0.0827555494	0.0652555342	-0.0940114542	-0.0273593863	0.1358800636	0.0219692086	-0.1292445804	-0.043118019	0.0607854743	-0.0102682865	-0.0034248224	0.0932356037	-0.010591314	-0.0380382929	-0.179389153	0.0072846686	-0.0178957086	-0.1057122667	0.0324260595	-0.0152131905	-0.0316922072	0.0413736415	0.1150810479	-0.0445881817	-0.0032972682	-0.2134932676	0.0480798594	0.0227284445	0.1161750661	0.0332818539	0.0151635633	0.0539662824	0.0006405738	-0.0599518038	-0.009946329	0.0300527394	-0.054630367	-0.1847492356	0.0661025959	-0.0822936683	-0.0812552132	-0.060863891	0.0818639545	0.0095692856	-0.1329622539	-0.24292718	0.0984284943	-0.0008848836	0.0480186091	-0.0043460022	-0.1269156943	-0.0394707277	0.0223154344	0.0304621784	0.0546074744	0.0636435931	-0.1132350423	0.121009785	-0.0386961056	-0.033589592	0.0502392362	0.0286458474	0.0477695634	0.0682037431	0.0663847807	-0.0324961532	0.0561732162	0.0344124856	-0.0554362706	-0.1580175366	0.1315904168	0.0488110391	0.0407049335	0.0402533072	-0.0129140169	-0.0399241616	0.1055861952	0.031618699	0.0508872049	-0.0573971044	0.1039383735	-0.1276786297	-0.0265224838	0.0313608175	0.0149418568	-0.2384196674	-0.0044603353	-0.0739011306	0.0056836225	-0.1072440205	-0.011377506	0.0032282087	0.1830143636	-0.0239442866	0.0157162904	-0.2191140265	0.1480017193	0.0165617596	-0.0154022132	-0.0182511531	0.0355962555	0.0143570004	-0.1142322477	-0.0947146416	0.0255659199	0.1424202893	0.0425578848	-0.0492903177	0.0952499437	0.173089762	0.0079659704	-0.0144737142	0.0897445926	-0.0241644485	-0.0584241709	-0.0053770366	0.0016317567	-0.0391917679	-0.0192403549	-0.0492852294	0.0161940317	0.0012918536	0.0908108096	-0.0234095319	-0.0395691937	-0.0717238087	-0.0494042187	0.1266188352	-0.0912870929	0.0956248509587283	-0.0081640315333686	0.009144112120879	6.665141087783688e-05	0.0236371344493733	0.0001915248407726	0.0005587141249777	3.668176463300807e-08	0.0567996881437125	-0.0327670955741297	0.0032262045732229	0.0010736825523641	0.0016292203605392	4.106525937710016e-05	1.6863555277085127e-09	2.654358983195481e-06	-0.0020479524714067	-7.097906120680014e-05	4.194109325140811e-06	5.03802712979868e-09	0.0031381736483508	-4.69078603919002e-05	9.84813384720337e-06	2.2003473665459996e-09
834.3132896102252	-1.2080986073659687	1.4595022451195931	696078.6652202355	1359.2466458606114	2.764263639024876	7.641153466035046	1847551.4442833224	774.8500311080921	-0.1383457544259272	0.0191395477676789	600392.5707082114	858.9805136957194	761.7554143242658	0.958044	26.945192	0.0466603697862763	0.0291755635803258	-0.0907962611	-0.0449989093	-0.0197229393	0.1630852604	-0.0295305673	-0.0822958532	-0.0529344413	0.1431268215	-0.0459481631	-0.0300258688	-0.0899197709	0.1073881951	0.0311571194	-0.0318411457	-0.1059802724	-0.0588430044	-0.0470050581	-0.0344128495	0.0172745056	0.0288790894	-0.0159270214	0.1534044	0.0407631731	0.0188275069	0.1296995178	-0.0469893252	-0.0248503707	-0.1102835118	-0.0605625696	0.003770175	-0.0393909967	-0.0369827933	-0.0369625909	0.0265766125	-0.0064715834	-0.1089786575	-0.2231611659	-0.060582146	-0.0116823509	0.0006361601	0.1005893696	0.0140884963	0.0842579259	0.0060675437	0.0737155523	-0.0441519923	-0.125761263	-0.0749823769	0.1423115091	-0.2216510586	-0.0309559895	0.0486606115	0.0018326781	0.1576447782	0.0097088363	0.0575891574	0.1551897532	-0.0324104399	0.148568802	-0.2498186463	0.0086575402	-0.0353240565	0.1135756432	-0.1098203159	0.0544357674	-0.020224604	0.052190327	0.0390413588	-0.2010639142	0.0868323203	0.0947560783	0.0003846954	0.1102181456	-0.08444759	-0.0014109401	-0.0248176046	0.1130835442	0.019238377	0.0401122254	-0.0111642866	0.1359812652	0.0235650995	0.1301427683	-0.0825969254	-0.0163697491	-0.0143200279	-0.2262639959	-0.0095499534	0.1466161125	-0.1310153578	-0.0168307537	-0.0625549046	-0.0036771748	-0.0058961915	-0.0296226439	-0.03854298	0.0427856137	-0.0565539566	0.0568851664	0.0233071803	0.0913896478	0.0908622391	-0.0315174175	-0.0611763063	-0.0304577233	0.1812965361	-0.0358091862	0.0633165462	0.0389854701	0.1381799041	-0.0688949549	0.0539768075	-0.0716657581	0.0064647163	-0.0422666211	-0.0304251014	0.0781674699	0.0651475106	-0.0519243682	-0.0467954342	0.0620405196	-0.0648515133	0.0435142516	0.0610864033	-0.1406728817	-0.0745091236	-0.0430942802	0.1242524367	-0.1003291122	0.0961368713249726	0.0005120203662443	0.0092422980281543	2.6216485544894784e-07	0.0399156381539711	0.0162785037045978	0.0015932581692387	0.0002649896828606	0.0797479179454967	0.0229482298017841	0.0063597304166416	0.0005266212510354	0.0015537852763871	-7.54350841521e-05	5.690451921034409e-09	2.414248685117337e-06	-0.0020480211918061	-6.872039940005946e-08	4.194390802086879e-06	4.72249329370369e-15	0.0032011021620723	6.292851372150009e-05	1.0247055052023951e-05	3.959997839197025e-09
833.370285602946	-0.943004007279228	0.8892565577446824	694506.0329259357	1354.7075296389828	-4.5391162216285466	20.60357607345141	1835232.490860556	773.8066315596877	-1.043399548404409	1.0886826176105246	598776.7030457503	858.5228280802986	765.3111158156778	0.994328	27.965698	0.0528743053788895	0.0336021330672228	0.0321749418	-0.1750545192	-0.0195023103	-0.0723795306	-0.071294546	-0.0832295047	0.048133485	-0.0461896257	-0.0292815396	-0.0391780058	-0.0440379109	0.076687588	-0.0125920879	-0.0304249265	0.0314502936	0.1867855099	-0.0532391504	-0.0143508325	0.058024108	-0.0150481158	-0.0563892838	-0.1565510649	-0.0878751006	0.0510961888	-0.043867029	-0.044109087	-0.1378691243	0.0384112051	-0.099999631	0.1351544816	-0.2063634417	-0.0416548637	0.0033540875	0.0756436075	0.0556759577	0.0056423642	-0.1749376361	-0.0372845136	0.1255353363	0.0701072876	-0.003204527	0.0249557801	-0.1117254544	0.0547180847	-0.0162599367	-0.0002689241	0.2558254931	-0.0677356873	-0.0052775031	-0.2068989973	0.0965480113	-0.0370649345	-0.1649445773	-0.1363167276	-0.0397662369	0.0845890071	-0.0225458797	0.0545159472	0.1620658317	0.0420675226	-0.013180301	-0.1206625594	-0.0633374622	0.0482051223	-0.0720704382	0.0646106293	0.0761632305	0.129299379	-0.0266148235	0.1260878108	0.0837280745	0.0048863696	-0.1125964925	-0.1544754832	0.1034635192	0.018947959	-0.0240986714	-0.0925194486	-0.0242850928	-0.0337429992	-0.0004388672	-0.0310499857	-0.0820212865	0.1109003129	0.0660147661	-0.0012913956	-0.0602424975	0.0508698855	-0.0126758687	0.0143514755	0.2488714054	-0.012134333	0.0606120101	-0.0706094186	0.0906837247	0.1401396069	0.0272225381	-0.1333395009	-0.1219878621	-0.1641479279	-0.0129743951	0.0560962657	0.1248131203	-0.0861195217	-0.0719041409	0.0854886372	0.1253525431	0.0352753851	-0.0038542007	0.1828326328	-0.054871977	0.0793644996	0.0584966558	0.1115880982	0.0535470548	-0.0173381784	0.0772937573	0.0090243874	-0.0269502596	-0.01663517	0.0332565792	-0.066714621	0.1028924378	-0.0175528904	-0.0084588061	-0.0772433738	-0.0366662233	0.1211199807	-0.1082719048	0.1039507926211342	0.0078139212961615	0.010805767286562	6.105736602260773e-05	0.0701364052557664	0.0302207671017952	0.004919115342201	0.0009132947642209	0.0926628932330544	0.0129149752875577	0.0085864117823204	0.0001667965866782	0.0015552482486627	1.462972275599909e-06	2.1402878791739763e-12	2.4187971149683958e-06	-0.0020485475970173	-5.264052111999228e-07	4.196547257245354e-06	2.771024463784353e-13	0.0031645987056916	-3.6503456380699954e-05	1.001468496806495e-05	1.3325023277376643e-09
833.5373529506512	0.167067347705256	0.0279114986692689	694784.5187639785	1356.4601556571426	1.7526260181598443	3.071697959530832	1839984.1538854	773.6583966105974	-0.1482349490903516	0.0219736001318191	598547.3146460804	857.3535708875037	760.1412155314563	1.055492	29.685928	0.068264725526139	0.0390722474469026	0.1132249151	0.0617567938	-0.1562329386	0.0226855234	0.088764192	0.1234796814	0.0718136002	-0.0581214864	0.1632950934	0.0521861343	-0.0314468322	-0.0621978971	0.0492819953	0.0414150977	-0.1560596438	0.0383818702	0.0016596668	-0.1106445945	-0.0822320414	-0.1633337883	-0.0040851672	-0.0466114179	-0.0275987704	0.0885959519	-0.0955225486	-0.1504220896	0.0715509889	0.0728154432	-0.0093010121	0.1044194084	0.0541644637	-0.0720328223	-0.08312273	0.030511438	-0.0085800855	-0.0180359846	0.0277681622	0.119967047	0.012339756	0.041290927	-0.0138696299	-0.1154950884	0.1829262039	0.0134861241	0.1120936694	-0.0258102007	-0.1090537013	-0.0255758181	0.0391702284	0.0994134647	0.0709941734	-0.0165854477	-0.0231581939	-0.0154988405	0.0050766964	0.1249259874	0.0101328345	-0.0957800341	-0.0211724761	0.1494794392	-0.2173232608	0.0940856299	-0.1265144317	0.0224292957	0.0903539736	0.1120561643	-0.004989523	0.0601547784	0.0076407	-0.1211055085	0.027161805	-0.0198126529	-0.1463013507	0.0347970854	-0.0037256708	0.063652845	0.0985245923	-0.0926060649	-0.097640388	-0.015470705	0.0793171188	-0.0478529137	0.0464901446	-0.0718967842	0.0310058482	0.0201092685	-0.0164198319	-0.1628770321	0.1381111035	0.137507547	-0.0069090435	0.0116073784	0.0318150325	0.0144511276	-0.1125034753	-0.0697462768	0.1242717693	-0.0312591779	-0.1219594001	-0.0375975491	-0.1799512614	-0.1572835643	-0.0258862317	-0.0970203033	-0.0789752996	0.1494127645	-0.0237863014	-0.0473952352	0.0557985334	0.1710588753	0.0184354698	0.0359405934	0.1661029088	-0.0426812618	0.0245956196	-0.0468082433	-0.0851289102	0.0926650372	0.0045607828	0.0845196608	0.0549264081	0.0767665502	-0.0198061138	-0.0179490893	-0.0591398416	-0.0799246852	-0.0301376669	0.1172407796	-0.1150284477	0.1037009454773993	-0.0002498471437348	0.0107538860929065	6.242359523248602e-08	0.0393647191206554	-0.0307716861351109	0.001549581111448	0.0009468966675977	0.1125952866181876	0.0199323933851331	0.0126776985686318	0.0003973003060597	0.0014150368497741	-0.0001402113988886	1.96592363782981e-08	2.0023292862186086e-06	-0.0020489088481885	-3.61251171199662e-07	4.1980274681851245e-06	1.3050240869312754e-13	0.0029589553785082	-0.0002056433271833	8.755416932002606e-06	4.2289178015058856e-08
835.6119617872092	2.074608836558013	4.304001824724595	698247.3506818684	1359.5650946744688	3.10493901732616	9.64064630131434	1848417.2466571971	774.1357846998934	0.4773880892960278	0.2278993878017122	599286.2131529197	858.5791746943999	766.5084161768623	1.056654	29.718632	0.0389889319002322	0.020870976471199	-0.1033578095	0.0499951899	-0.0441492553	0.0655082441	-0.0306380292	0.0481130315	-0.0990137681	0.0273943799	-0.0775537395	0.0127520869	0.038945047	0.0605133185	0.0598199141	0.1941998043	-0.0096553904	0.1247043802	-0.0322322458	0.0873588282	0.022242902	0.0978186951	-0.0371647742	0.0756079402	-0.0403574887	0.0559083524	0.0239608338	0.0323104297	0.1363937111	0.1426945126	0.0915964806	0.1091709465	-0.0377980478	-0.1246171193	-0.0402918783	0.1350969466	-0.1560895532	-0.2293044676	-0.0704815651	-0.064220534	-0.0365026	-0.0774544954	-0.0005851659	0.0813188102	-0.056421881	-0.0943055155	0.0415568686	-0.1120163613	-0.0152498416	-0.0065060938	-0.0659405914	0.1044648072	-0.0308723002	0.0013847019	-0.1912064224	0.0044663346	-0.0027085958	-0.0890170839	0.0335911494	0.1091603141	-0.0099867591	-0.0038680158	0.1626317419	0.054666491	0.1137276877	-0.0373077369	0.0026166374	0.0132281345	-0.0782996054	0.0290523816	0.0823861596	-0.1333760864	0.1442570287	-0.0849807424	-0.0526801862	-0.1129949378	-0.0417332016	-0.0762405551	0.0889255761	-0.1348781226	-0.0182563194	0.141239167	-0.1035492678	-0.064200428	0.0794191007	0.1121650455	-0.1811467322	-0.0387971683	0.0247738133	0.1598177607	-0.0800259876	-0.0268876429	-0.0168416994	0.0560567268	-0.0296082634	0.0936285342	0.0039090717	0.1235933883	-0.0485512947	0.0006334388	0.077927846	-0.0294801151	-0.034666726	0.063788548	-0.0977265062	-0.0219621252	0.0065511958	0.1143872711	-0.0257330121	0.078570852	0.0054744899	0.1363166846	0.1064210744	0.121871877	-0.0726564043	0.0739360008	-0.0991122467	-0.1077152392	0.0283262595	0.0593091448	0.0021073754	0.0482776951	-0.0034881476	-0.0244284151	0.053288847	-0.0174462285	0.0357937443	-0.0825512202	-0.0235265052	0.1126387502	-0.1205247148	0.1063097243087867	0.0026087788313873	0.0113017574826102	6.805726991094985e-06	0.0233306238688015	-0.0160340952518539	0.0005443180101074	0.0002570922105455	0.0997409590527667	-0.0128543275654209	0.0099482589127656	0.0001652337371591	0.0013259706999182	-8.906614985589988e-05	7.932779050153615e-09	1.7581982970415614e-06	-0.0020495853189981	-6.764708096003089e-07	4.200799979852544e-06	4.576127562412973e-13	0.0028988633941423	-6.0091984365899954e-05	8.403408977898216e-06	3.6110465850315646e-09
835.5128332469812	-0.09912854022798	0.0098264674877302	698081.6945203979	1352.5434621337113	-7.021632540757537	49.30332353742514	1829373.816960646	775.3099871784651	1.174202478571715	1.3787514606839586	601105.5762186717	859.0654164494883	762.3799732473445	0.95745	26.92848	0.0543164521012267	0.0366145487499326	-0.0358600661	-0.1267791981	0.0387254236	-0.104603399	0.0183516747	-0.0812465591	-0.0239838629	-0.1333637803	-0.0481970269	-0.0386824091	0.0772186061	0.0529981715	0.0070124933	0.0688463826	0.0582273655	0.0518011647	0.0154803841	0.1603026342	0.1321724951	0.0043612801	-0.0850642289	-0.1360859973	0.0368174358	-0.1507576941	-0.1458295688	-0.0111419036	0.0422074173	0.0940663804	0.0339322498	0.0383852679	-0.0513007781	-0.047257634	-0.0044400159	-0.0105729524	-0.0056760072	0.1078199733	-0.1078386926	-0.0192921986	0.0401783969	0.0211376925	0.0392762743	0.0164872453	-0.0231457666	-0.0865372164	-0.0423384451	0.0331512178	0.0068569316	0.0404517421	-0.0621031876	-0.0295458861	-0.1572051671	0.0602518036	-0.0125664295	-0.028165049	-0.0732104671	0.0627780128	-0.1062198143	-0.116760605	-0.0899065475	0.0175351462	-0.1888147305	-0.0818408406	0.0221195438	0.1209483136	-0.0481539059	-0.0076155953	0.0486328838	0.0433609006	0.1438827	-0.0334484411	0.0301720962	-0.110156626	0.0021378514	-0.0217608357	-0.080095828	-0.0510066585	0.1415658549	-0.0357724196	0.0345963812	-0.0927417837	0.1169160968	-0.0463713109	-0.0487474691	0.0205832517	0.0830498885	0.0594850376	-0.0039437309	-0.0403183735	-0.122545268	0.0362996757	-0.0690724549	0.0905652532	-0.0151667154	0.0332843132	-0.0594786411	0.0639435974	0.0390224042	-0.0242109937	-0.1385962358	-0.0708258044	0.0528265219	0.1015493585	0.0734503199	-0.0383682015	-0.0342099641	0.0650264476	0.1537820341	-0.0455342358	0.0378149652	0.1002141302	-0.0597318738	0.1361792147	-0.0524409204	0.1744066221	-0.0040833024	-0.0154432985	0.025025793	0.0545496886	0.0161686767	0.0319306356	-0.0810884522	0.0566745477	0.1520754659	0.0640297785	0.0188068015	-0.0851211787	-0.016850859	0.1073422654	-0.124700488	0.103693187423957	-0.0026165368848296	0.0107522771181398	6.846265269674302e-06	0.0584468614239028	0.0351162375551012	0.0034160356103048	0.0012331501400263	0.0903571750456109	-0.0093837840071557	0.0081644190822231	8.80554022929529e-05	0.0012130069876829	-0.0001129637122353	1.2760800281979674e-08	1.4713859521675432e-06	-0.0020497303017839	-1.449827857998888e-07	4.201394310051118e-06	2.102000817829644e-14	0.002929752572204	3.088917806170002e-05	8.583450134335956e-06	9.5414132132741e-10
836.2328154099603	0.7199821629790222	0.5183743150079513	699285.3215684687	1361.4597747705543	8.916312636843031	79.50063103792672	1853572.7183182884	776.1234903832952	0.8135032048301127	0.6617874642688644	602367.672324749	859.7454393880693	766.5882713889056	0.9712	27.315197	0.1226296098228933	0.0852187425789335	0.1064886559	-0.0362906734	0.0187825006	0.0547575169	0.1471077856	-0.0039161637	0.1048995903	0.0646510442	0.1816472082	0.0156243928	-0.0704636779	-0.0782344897	-0.004953593	0.0797871508	0.0227657572	-0.0639096863	-0.0443987545	0.0285354586	0.0416510124	-0.0750432498	0.0298112356	-0.0392135359	0.0945043012	0.0840904545	-0.0731209547	0.0555345176	0.0781433976	-0.058948968	-0.1491179852	0.0241615845	-0.1022394569	-0.0600131921	0.0351076811	0.0675561551	0.0749936334	0.0419427641	0.0497486435	0.1140807488	0.0454686699	-0.024971994	-0.0807109947	0.014652025	0.0381496147	-0.0620765088	0.0770077101	-0.0268018611	-0.0677049859	-0.0831989127	0.0539394614	0.2048381865	0.0085030292	0.0454745525	0.0081927609	-0.082715439	-0.0152672194	0.0248797135	-0.024469977	-0.0056145964	-0.0822426733	-0.0894352794	-0.1640690232	-0.0413186734	-0.1246211584	-0.0612369986	0.1159604864	0.0518985486	0.0470985255	-0.0296485733	0.0931576867	0.1024777808	0.0200070813	-0.0576548635	-0.0143870121	0.0533248253	-0.0163268925	0.0313651035	0.0803779894	-0.0323404712	0.0146796312	-0.0304779226	0.0600244291	-0.0867920099	0.0069870927	0.0755713991	0.0523458601	0.0234294941	-0.0193735795	0.0224519098	0.0465226301	0.1742304296	-0.0564914966	0.0157178981	-0.0230914807	-0.0784074905	-0.1718993104	-0.0835718904	0.0246872059	0.1712781705	0.0752662615	0.0715828878	-0.0731134659	-0.0808197675	0.1015111212	0.0127485581	-0.0419115025	0.0345867122	-0.0767802427	-0.0989446136	0.0565363827	0.1283161024	-0.1171078356	-0.0329321999	0.0799417664	-0.0177584651	-0.0339072896	-0.0661932935	-0.0619206023	0.0718352709	-0.0540802331	0.1550006327	0.0700519469	0.0613298544	0.1389438392	0.0027160892	-0.0263812932	-0.0876327994	-0.0101290257	0.1013839798	-0.1275100165	0.0978285984233053	-0.0058645890006517	0.0095704346694683	3.439340414656496e-05	0.0444136016967746	-0.0140332597271281	0.0019725680156797	0.000196932378569	0.1622122618388743	0.0718550867932634	0.0263128178908835	0.0051631534980674	0.0006010031387799	-0.000612003848903	3.745487110720861e-07	3.612047728232918e-07	-0.0020516280959894	-1.8977942054998129e-06	4.20917784425309e-06	3.601622846428666e-12	0.0029261207292755	-3.631842928500037e-06	8.562182522295785e-06	1.3190283057295724e-11
836.2603640331923	0.0275486232320645	0.0007589266419822	699331.3964529274	1363.7233370641234	2.2635622935690662	5.123714256867651	1859741.3400533088	776.3357484432576	0.2122580599623234	0.0450534840189692	602697.1943109529	860.3577786556428	753.6767043496199	1.05432	29.652988	0.0858435303392549	0.0424653715547698	-0.0301623895	0.1055111	-0.0731659501	0.1051086747	-0.1606381227	0.150272837	0.0296519691	0.1331118577	-0.1256671283	0.0086591142	0.0254641086	-0.0496519837	0.159777661	0.0165890427	0.0379469791	-0.0437426236	0.0986704178	0.0303018126	-0.0124549689	-0.0281111742	0.1210295886	0.10925526	-0.0354928274	-0.0705502826	0.0149920092	0.0057282598	0.088484064	0.0554077367	0.0505807269	-0.0881302796	-0.1006263698	0.089141101	0.021743646	-0.0108716996	0.0756889291	0.0346466886	0.1730553128	0.0250436381	0.0200859017	0.1071005375	-0.1057448635	0.1960692537	0.1592980568	-0.0967072397	0.1242245933	0.1018942371	-0.0768629221	0.0301614221	0.0469692294	-0.0267316141	0.1439402782	0.0374765422	0.0106064577	-0.1808600682	-0.0046031884	-0.1545904074	-0.0217080582	0.0631483665	0.1089191761	-0.0055851968	0.0464797001	0.1704740397	0.0322518956	-0.1104681078	-0.0397455279	0.0075231667	-0.0765408689	0.0502157935	0.1129776721	0.033699908	0.0373800598	-0.0177200108	0.0972138475	0.0044990889	0.0059943779	-0.024325247	-0.0012424014	0.0409623922	-0.0624846752	-0.1323527532	0.0016574251	0.1632062949	-0.0917240729	-0.0189948631	-0.059667251	0.0949630459	0.0053358646	0.2131396149	0.1247986941	0.0641390605	0.0170419816	-0.0997339933	0.0164854396	0.0259155691	-0.0260603647	-0.1354814649	-0.0175993231	0.1165314378	-0.0622788525	0.1005348107	0.0511833484	-0.0696283761	-0.1068972366	0.1205168384	-0.0603806347	-0.0443956221	-0.0613346712	0.1247887835	-0.1168612965	0.0472328437	-0.0572712754	0.0435851001	-0.0866479896	-0.0593062407	-0.1221957285	-0.1180541467	-0.0252196023	0.0839266834	-0.0465443486	0.0130516919	0.0468134766	0.061875637	-0.0362251827	-0.0481249066	0.1541633768	-0.090084361	-0.0033794295	0.0948006283	-0.1289225186	0.0873876507019133	-0.0104409477213919	0.0076366014951996	0.0001090133893208	0.0284443665351403	-0.0159692351616343	0.0008090819875854	0.0002550164716475	0.181047077404358	0.0188348155654836	0.0327780442366595	0.0003547502773857	0.0001870958902819	-0.000413907248498	1.713192103591851e-07	3.5004872160376775e-08	-0.002052768830054	-1.1407340646000727e-06	4.213859869641267e-06	1.3012742061390029e-12	0.0025291980740232	-0.0003969226552523	6.3968428976426655e-06	1.575475942525362e-07
838.4839344924426	2.2235704592502543	4.944265587250387	703055.3084019268	1353.226657891729	-10.496679172394352	110.18027364817736	1831222.3876288184	775.6639492873973	-0.6717991558602989	0.4513141058146102	601654.562224122	860.0568272310555	761.1754103594285	1.034488	29.095184	0.0461574997351335	0.0331771071786519	-0.0722492328	-0.0128730806	0.0706644477	-0.1348587166	-0.0198898892	-0.0744902643	-0.0970881262	-0.1345075123	-0.0308400444	-0.0383850383	0.076884741	0.0616039161	-0.0347541991	0.1385187255	0.1257028272	-0.0135555025	0.1502366636	0.065893416	0.0102835557	0.0314568442	-0.0746837682	-0.0180203099	-0.0588341344	-0.1663560709	-0.0573140072	0.0946995293	-0.0209279763	3.9855e-06	0.0585047556	0.0882691427	-0.0084254427	-0.0646971943	0.1224052947	-0.0656636865	-0.0050287842	-0.0524103041	0.0376660631	0.1396575747	0.0360360965	-0.0015554542	-0.1092747878	0.1081339133	-0.1031617541	0.047007839	-0.0980928104	-0.0531351985	0.1036267727	0.1150193057	-0.1945826726	-0.108153155	0.0216719454	0.021946877	-0.0587783716	0.0640568217	0.1006311296	-0.0429866242	0.1124189487	0.0433631707	-0.027973501	-0.1278324991	0.0394136256	-0.0457297317	0.0789392621	0.138361427	-0.0358132251	-0.0180985609	-0.0104560965	0.0172441302	0.187738468	0.0440599033	-0.0282799063	0.0030699317	-0.0174517502	0.1228324065	0.0222194945	0.0225530766	0.0070918834	-0.044990416	-0.0207112253	0.1317160412	0.0605467125	0.0061923951	-0.0677495048	0.1252719671	0.0777149256	-0.0468597592	0.0600844993	0.0347336737	-0.0473928436	-0.0652989218	-0.0900433809	-0.0359511112	-0.0159385729	0.1633470279	0.2163405615	0.0654244767	0.099554658	-0.0023046411	0.0568595583	-0.0147852857	0.1014668622	0.0712402391	-0.0218579008	0.1234707054	-0.008969873	-0.1212680451	0.0857383128	-0.0797460609	0.006199558	0.0124819628	-0.0996764745	0.0323087707	-0.0601539897	0.2126280936	0.0516834158	-0.0575300585	0.0801974314	-0.0278977639	-0.0058264873	0.0078941873	-0.0429188076	0.1502858091	0.0506427913	-0.072561343	0.1536871232	-0.0924741833	0.0033794295	0.0876327994	-0.1289225186	0.086330914048105	-0.0010567366538083	0.0074530267203812	1.1166923555019665e-06	0.0223535624370754	-0.0060908040980648	0.0004996817536282	3.709789456100416e-05	0.147800036145199	-0.033247041259159	0.0218448506845221	0.0011053657524882	7.209599542197325e-05	-0.0001149998948599	1.3224975817794212e-08	5.197832555885187e-09	-0.0020529093582635	-1.4052820950004668e-07	4.214436833245856e-06	1.9748177665289004e-14	0.0025290801426106	-1.1793141260025773e-07	6.3962463677472525e-06	1.3907818077892224e-14
838.075432856272	-0.4085016361706266	0.166873586754079	702370.4311572276	1361.901769018477	8.675111126747879	75.25755306142486	1854776.4284556569	776.2108100320206	0.5468607446233591	0.2990566740100148	602503.2216105656	858.7997558188896	764.3033489370091	0.980979	27.590239	0.1152502279099184	0.0546868211504537	-0.0203867494	-0.0422809305	0.2140888306	0.1091371421	-0.0006318451	-0.0795734316	0.0837932774	0.1548063483	0.0546812701	0.0586982593	0.0960883911	-0.1552434587	-0.0063803915	0.1344807696	0.2698753777	-0.236331513	-0.037681995	-0.0471550409	-4.8653e-06	0.0363452901	-0.0164174798	0.0141848028	0.079430696	0.1043298023	0.027474254	0.0221018307	-0.0647993402	0.0828538132	0.0468298265	0.0809657383	-0.001693025	0.0284703087	0.2188795582	-0.0049357344	0.067763735	0.0996968728	0.0289166704	-0.0801658242	0.0047858321	-0.0322951825	-0.0665229913	0.1091014793	0.0219871305	-0.0038426324	-0.0458729691	0.1283021768	0.0178988842	-0.1601267574	0.0520365681	0.0053975005	-0.0392848775	-0.0703897332	0.0978635365	0.1035555783	0.0874003579	-0.1778249066	0.0670600524	-0.0406826461	-0.1041689002	-0.0913139199	-0.0290332376	-0.0945015335	-0.0157393747	-0.1104258712	0.08273287	0.0125726383	-0.0118571086	0.0922053108	0.1011443815	0.0034387789	-0.0925223939	-0.0180778448	-0.0077595741	0.2222088561	0.0681247029	-0.1791772931	-0.0486212908	0.1075664785	-0.0732822961	-0.175182718	-0.0967758813	-0.0269107042	-0.0595233557	0.0052385682	-0.0017131676	-0.1010996126	0.0133007156	0.1229940502	-0.0468008242	-0.0524326183	-0.0333899785	-0.0670962606	0.0499106127	-0.1024826052	-0.0375428147	0.1909094821	-0.0910987957	0.0195028848	0.0859406849	0.2351351925	0.0339316057	0.0759948998	0.1075574854	0.1825115559	0.008042463	-0.1261409652	-0.1387873362	0.0271725101	0.0502474259	-0.0140834884	-0.0604482981	-0.0003406544	-0.0766940792	0.0650013192	-0.1745978322	-0.0878483137	0.0846964186	-0.1332509119	0.0290851643	0.0885554619	-0.0408116835	-0.1710664005	0.0381972782	0.0355549015	0.0479290043	-0.0948006283	0.0101290257	0.0799246852	-0.1275100165	0.0761712320781242	-0.0101596819699807	0.0058020565962994	0.0001032191377311	0.0490072148523523	0.0266536524152769	0.0024017071075846	0.0007104171870743	0.1341612531551419	-0.013638782990057	0.017999241848158	0.0001860164014498	-0.0006727771770873	-0.0007448731725092	5.548360431240295e-07	4.526291300095562e-07	-0.00214720152962	-9.42921713564999e-05	4.610474408802467e-06	8.891013579123539e-09	0.0020722832757843	-0.0004567968668262	4.29435797509531e-06	2.086633775423242e-07
836.0400837316467	-2.0353491246252133	4.142646059112622	698963.0216060189	1358.67512152605	-3.2266474924269914	10.411254040385392	1845998.0858538265	774.6059618291761	-1.6048482028445503	2.5755377541733835	600014.3961013029	858.6370914385936	768.0400572343306	1.090093	30.659109	0.0945971895431362	0.061500234347549	0.1778825291	0.0919903664	0.0947215468	-0.102393605	-0.059520607	0.0259760031	0.1419771525	-0.0337803925	-0.0123718839	-0.0125584552	-0.0547756779	0.0646293345	0.1072373282	0.1739491492	0.0302789501	-0.0992240188	-0.0678839905	0.0293797368	-0.0619311911	-0.1152250004	0.0090099819	-0.0418049966	-0.1154695506	0.002221669	0.0182605656	0.0641396964	-0.0530990568	0.1087991741	0.0874798313	-0.1222745402	0.0372051285	-0.1041431943	0.0009539655	-0.1015375981	0.0111200349	0.0253687267	0.1058925986	-0.1933795745	0.0490687242	0.0107200793	0.0467398099	0.056418472	-0.2127352666	0.0099479747	-0.0303489504	0.0748055794	0.0920386527	0.0285633957	0.0562707308	-0.0203633809	0.00861617	0.2586552049	0.1124355414	0.029742589	-0.0360707488	0.1445069044	0.1013823581	-0.1327169509	-0.0810041246	0.0538548215	-0.0849388105	0.0187304606	-0.1280389914	0.0307292994	-0.0635637218	-0.0201388324	-0.078666723	0.1390915733	0.0012094971	0.0210684376	-0.1352045127	-0.0770029238	0.0400572561	-0.0603619487	0.0368281222	0.0866847847	-0.0337105568	-0.0096626589	0.143184686	0.0067928485	0.0819722034	0.0464018965	-0.0533909208	-0.1630924185	-0.1367635032	0.1230834544	0.0741018608	-0.0423379064	-0.0122345911	-0.1204335593	-0.0149547057	0.1804191165	0.1192097583	-0.1322650179	0.1923289318	-0.0775713883	-0.0998893134	0.131745987	-0.119642797	0.0109846984	0.0309662234	-0.1770871303	0.075458709	0.1496359518	-0.037403557	-0.2123860516	0.0312463606	0.005380553	0.0057544757	-0.0405172919	0.0336508845	0.0399437677	-0.007468535	0.1105022189	-0.1071124912	-0.0963894411	-0.1523556178	0.0410452153	-0.0981678677	-0.0257709286	-0.1319000956	-0.1075716792	-0.0767719777	0.1680150872	0.0123728816	-0.0970621018	0.016850859	0.0717238087	-0.124700488	0.0678379469583916	-0.0083332851197326	0.0046019870475295	6.944364088675692e-05	0.0216981679219827	-0.0273090469303696	0.0004708104911705	0.0007457840442451	0.1882372208643659	0.0540759677092239	0.03543325131874	0.002924210283689	-0.0006728779466246	-1.0076953730004183e-07	1.0154499647664521e-14	4.527647310537381e-07	-0.0020546948571011	9.250667251889996e-05	4.221770955797709e-06	8.557484460519001e-09	0.0020673129221643	-4.97035362000001e-06	4.273782718147498e-06	2.4704415107847203e-11
836.243606943267	0.2035232116202223	0.0414216976682098	699303.3701534852	1359.225409246554	0.5502877205040022	0.3028165753374908	1847493.713141462	774.4384690426735	-0.167492786502521	0.0280538335303791	599754.9423331601	858.3884787459168	756.8269690732905	1.156027	32.513496	0.0926861226487247	0.052060040279933	-0.1535156499	0.1145272226	0.0564657606	-0.0053746008	0.0932224381	0.1007685312	-0.1581798918	-0.0107634585	0.1506367274	0.0448145255	0.1591315598	-0.0372236914	-0.0428726003	-0.0051860099	0.0335180579	0.0317999659	0.0651795314	0.1972408313	-0.2334224946	-0.0513907298	-0.1009368011	0.0051402496	0.0081639181	-0.0268071037	0.0181712568	0.0318211345	0.2624248086	-0.008298828	-0.0040139587	-0.1681961973	-0.0039341237	-0.0329490624	0.0029157131	0.0061644533	0.03878394	-0.139715969	0.1116837324	-0.0201447026	0.0537543195	0.0611840332	0.0787736548	0.0451039353	0.0592115654	-0.1258455633	-0.1612379265	0.0453218786	-0.0333244277	-0.092849378	-0.0204415959	-0.2265579319	-0.0205243768	-0.0957678512	0.1242648877	-0.0725694944	-0.0759497015	0.0210640187	-0.0272898809	0.0559948354	-0.0532766171	0.0502592607	0.0446120131	0.0877203921	0.0728056963	0.0464218716	0.1486919063	-0.0023384218	-0.0790153475	0.0298075459	0.1400840663	-0.109753161	0.1004922291	0.0235157928	0.170546647	0.1260586801	-0.1404612857	0.1220274047	-0.1411161119	-0.0793803419	0.0588937447	0.0222569025	-0.1487927297	0.0536234824	0.1749673011	-0.0660240835	0.1642791678	0.1142082365	-0.1093771868	0.1426462731	-0.0704919584	-0.0482686553	0.0842547107	0.0415605895	-0.0097732859	-0.0617715612	0.0368699869	-0.0105448862	0.0436686935	-0.0235158315	-0.0482615494	0.0661692517	-0.1193237544	0.0447906282	-0.1247012499	0.1921841301	0.0211858934	-0.1342328415	-0.0983787463	-0.0798927543	0.0636736684	-0.0249944829	-0.0514485654	-0.0787094118	0.0575672771	0.0669890456	-0.0698017779	0.037519579	-0.035450244	-0.0817306362	0.0636199866	0.1532559949	0.0282157009	0.0098681194	-0.0266617133	-0.1625033369	0.0111246248	-0.0992570537	0.0235265052	0.063080731	-0.1205247148	0.0677899090548379	-4.803790355370485e-05	0.0045954717696631	2.3076401778350484e-09	-0.0184108045345823	-0.040108972456565	0.0003389577236105	0.0016087296715214	0.1634365084822349	-0.0248007123821309	0.0267114923048636	0.0006150753346611	-0.0004023561408936	0.000270521805731	7.31820473759609e-08	1.618904641147905e-07	-0.0019279516262478	0.0001267432308532	3.716997473151537e-06	1.606384656713288e-08	0.0022246158837095	0.0001573029615452	4.948915830052601e-06	2.474422171089068e-08
836.4746470731302	0.2310401298632314	0.0533795416072188	699689.8351961178	1355.705850224586	-3.519559021968007	12.387295709116394	1837938.3523331676	776.2272889014004	1.7888198587268107	3.199876486975407	602528.8040352181	859.73586022603	759.8964667253953	1.0301	28.971773	0.05662218886718	0.0331552832087839	-0.0184949973	-0.0572367681	0.1385427174	0.0254574738	-0.1466907168	-0.1399705195	-0.0078109182	0.0148403787	-0.0730271399	0.0450563267	0.0518253131	0.0451550389	0.0771922633	0.1119762142	-0.0105626833	-0.0961859778	0.0601563514	-0.010630315	0.0176922576	0.1576392056	-0.0530095716	0.0072569061	0.0383547258	0.0280942088	-0.0075169946	0.0538592108	0.028141978	0.1611966627	0.0627712476	0.0342745497	-0.1757242301	0.0940008341	-0.1064068237	0.0931457834	-0.067736982	-0.0031309878	0.134648968	-0.0115599898	-0.1164113543	0.0224272334	0.0643948809	-0.0806189221	-0.0428690279	0.0538691168	-0.0249685969	0.0547657115	0.0812907541	0.1360795542	0.0342395142	0.2243741335	-0.0568453335	-0.0095003547	0.186343044	0.0396878368	0.0207185828	0.043772586	-0.0249965615	-0.161668105	0.0377501475	-0.0968046182	0.0388620817	-0.1194474502	0.0548418646	-0.032781358	-0.0514187256	0.0047995095	-0.017442045	0.0653471298	0.1264549539	-0.0185009477	-0.0764261523	0.0079337745	0.0470222697	-0.0900184878	0.0211378387	2.29761e-05	-0.1098606367	-0.0094077894	-0.0595048879	-0.0110760237	-0.074266262	0.0040472475	0.0728592177	-0.1506653302	-0.0478139829	-0.0607884906	0.0079317727	0.0600030155	-0.0063698655	0.2020354989	-0.1072213375	0.0992448118	0.076813818	0.0319067351	-0.1446752389	0.0940143734	-0.0071198773	-0.0086544896	0.0245490786	-0.1184295877	0.2219464428	0.0855658761	0.0528524288	0.1773240899	-0.0079267994	-0.1574686364	-0.0053098883	0.0534447829	-0.0757703855	-0.0440517304	-0.0504264819	-0.0598123898	0.0535329274	-0.0736137818	-0.0537414287	0.0637720184	0.0807905703	-0.0218954128	-0.0013445617	0.1588147388	0.0244275969	-0.0977268347	0.012746699	0.0406834704	-0.0092155123	-0.1013839798	0.0301376669	0.0540487397	-0.1150284477	0.0703077748961504	0.0025178658413125	0.0049431832108477	6.339648394848303e-06	0.0113450649983946	0.0297558695329769	0.0001287104998177	0.0008854117716635	0.1695440594670856	0.0061075509848506	0.0287451881005786	3.730217903255064e-05	-0.0004496708641707	-4.731472327710001e-05	2.2386830387885496e-09	2.022038860840241e-07	-0.0017849629463186	0.0001429886799291	3.1860927197303777e-06	2.044576258789517e-08	0.002050101236755	-0.0001745146469545	4.202915080944381e-06	3.0455362001653825e-08
834.1450583151912	-2.32958875793895	5.42698378111554	695797.9783116538	1359.718271340534	4.0124211159482	16.099523211707	1848833.7774172905	775.0001147350216	-1.2271741663787452	1.5059564346273682	600625.1778392966	858.4561764646427	748.2814398989958	1.036834	29.161192	0.1091098825317762	0.0656166327372395	0.1233149853	-0.0070691939	-0.011308632	0.0677184061	-0.0127197144	-0.0051857504	0.1073516867	0.0039116163	0.1332804329	0.0905130216	-0.1097972898	-0.1233219502	0.0400546265	0.1443072787	0.1139792801	0.0013206881	-0.1083697554	0.0381776256	-0.055150165	-0.1158785215	-0.0181512862	-0.0566763729	-0.0509016833	0.1612197924	-0.0169825394	0.1891806254	-0.0996754147	-0.0218620703	0.0177834266	-0.2527278043	-0.043656082	0.0516230628	-0.0235806377	-0.0928111429	-0.0869647499	-0.0140040961	0.0087688669	0.1472474582	0.0016698747	-0.0083853904	-0.0381331247	0.0252634433	-0.1481543332	0.0244613463	-0.0409692308	-0.0279252282	-0.1832479624	-0.0482359833	0.0049144919	0.0140224264	-0.0141187738	-0.1435322684	0.0794474912	-0.0823553362	0.0994102375	-0.0172916306	0.064189165	0.0412239417	0.0647769158	0.1241692048	0.0417556504	-0.0211159696	-0.1445038734	-0.0315693068	0.062917515	0.1071428702	-0.0419678697	0.0088604474	0.020250843	0.1129328248	-0.1846486843	0.1219192641	0.0402089027	-0.0409144654	0.0346032437	0.0033368715	-0.0802876403	-0.0518590347	0.1085429135	-0.0135781487	-0.0975095137	0.0926104457	0.1875584905	-0.0011044507	0.0678098422	0.1642147106	0.0833551447	-0.1347403859	-0.1774809028	-0.1766780009	-0.0107789235	-0.0438593963	-0.0651133215	0.0642094604	-0.0653078248	-0.0949184943	0.063812021	0.1181951375	0.0914910541	0.0035047354	-0.0341292559	-0.1079501177	0.0842537804	0.1223285679	-0.0513205189	-0.1308138046	-0.1267473302	-0.0757163318	-0.0181445106	0.0253125779	-0.0890254378	-0.1103716501	0.071435534	-0.0637262419	0.0343979107	-0.0346012232	-0.0560259733	0.0706500663	-0.0783371322	0.0464835513	-0.0369543643	-0.139471802	0.0148483805	0.1465028656	-0.1154541192	-0.1034414224	0.0366662233	0.0446835199	-0.1082719048	0.0682256472007907	-0.0020821276953596	0.0046547389359667	4.335255739783852e-06	0.0156839617134352	0.0043388967150406	0.0002459866550285	1.8826024703790102e-05	0.2273278646923415	0.0577838052252559	0.0516779580655795	0.0033389681463103	-0.0004727433860483	-2.307252187760001e-05	5.323412657923312e-10	2.2348630905241202e-07	-0.0021821021667143	-0.0003971392203956	4.761569865979243e-06	1.577195603765043e-07	0.0025279905524041	0.000477889315649	6.3907362330443855e-06	2.283781980115649e-07
833.8210671421998	-0.3239911729914411	0.1049702801763699	695257.5720101569	1358.8509932596971	-0.867278080836968	0.7521712695002544	1846476.0218828656	773.9986717587426	-1.0014429762790087	1.0028880347385591	599073.9438842977	858.9204815081904	742.7274073758865	1.029734	28.961493	0.1272074377290178	0.0581475867528159	-0.005337634	0.0368087986	-0.1763267603	0.0606136512	-0.1951495551	0.1050683341	-0.0207813076	-0.0172333905	-0.1031545197	0.0536918018	0.0483832617	-0.147764172	0.0315791909	-0.0386870629	0.1242372222	0.0837047929	0.1076460618	-0.0142676997	-0.1152747189	-0.1204731791	0.0412658333	0.0594436907	-0.1558903369	-0.0952991583	0.0832177698	-0.0115077953	0.1369948405	-0.057906902	-0.1575546128	0.237793182	-0.0018818885	0.0947834704	0.0194531499	-0.0770006164	-0.1093573082	0.1680248139	0.1817730748	0.019552638	-0.0579495743	-0.0688193131	-0.1063132815	0.0331592948	-0.0516312044	0.0883064163	-0.0438269636	-0.0758495064	-0.2427326907	-0.0272459508	-0.0346128792	-0.1264067606	-0.0647464397	-0.1250341291	0.1122581695	0.1752461168	0.046257507	-0.0204165185	0.0788999333	-0.0902952115	0.0555675182	0.1936622993	0.0742052078	0.1391011351	0.0168011467	0.0053156942	-0.0487517852	0.0627274785	-0.1507194359	0.019452656	0.0801679089	0.1461054795	0.093191802	0.1972708988	0.1448636524	0.1465414551	-0.0004608216	0.0959636234	-0.0595234685	-0.0513956207	-0.1542635972	-0.0861054529	0.1011407604	-0.0460418602	-0.0506197454	0.0527052523	-0.1457483574	0.014884322	-0.0909639862	0.0083979258	-0.1200018113	-0.116709191	-0.0060410176	-0.125588058	-0.2119874615	0.0588679086	0.0631022024	-0.068414819	-0.021943624	0.033842924	0.0249930185	-0.0355695668	0.0773574594	-0.0730587241	-0.0992275095	0.1446238318	-0.0877727139	-0.1309936055	0.0052460436	0.0384404457	-0.2236166783	0.0114098496	-0.0415740612	-0.0470850248	-0.010541047	-0.0990650346	0.081786274	0.0569223595	-0.0406987883	-0.0048147923	-0.0789136412	0.0491878851	-0.0113202333	0.1379513352	-0.1169630902	-0.1068684655	0.0331314007	-0.1054279714	0.0430942802	0.0350428114	-0.1003291122	0.0859054179733505	0.0176797707725597	0.007379740837176	0.0003125742945702	-0.0182097618401826	-0.0338937235536178	0.0003315954262761	0.001148784496329	0.2517056913648616	0.02437782667252	0.0633557550654629	0.0005942784332754	-9.105376468559568e-05	0.0003816896213627	1.456869670560046e-07	8.290788063419832e-09	-0.0015396135048515	0.0006424886618627	2.37040974432112e-06	4.127916806222513e-07	0.002528934603785	9.440513809000872e-07	6.395510230221194e-06	8.912330097793613e-13
834.4224941554297	0.6014270132299089	0.361714452242649	696260.8987525682	1349.7819903914335	-9.069002868263624	82.24681302457384	1821911.42158506	773.3624103572093	-0.636261401533261	0.4048285710810696	598089.4177535126	857.4847884322129	740.5583582505823	0.971628	27.327255	0.0745801128670319	0.0431621246511161	-0.1173745906	-0.0094928461	-0.1268776305	-0.0986304802	0.0419090878	-0.0152401089	-0.1226086089	-0.2145422116	0.1158638419	0.0479214166	0.0570563891	-0.0423023656	0.1504043199	-0.1802783391	0.0361802503	-0.0200014596	0.1345708016	0.0346628695	-0.0399997808	-8.00967e-05	-0.1507097105	0.052471124	-0.1440759695	-0.0921608546	0.0189999542	0.0173248267	0.0175846118	0.0712349159	-0.0062533504	0.0205085371	-0.0310153952	0.0260626764	-0.0411856757	-0.0215893412	0.0435423637	-0.0024279149	0.1522477159	-0.1474409661	0.2172588229	0.1426877285	0.0698279182	0.0140279598	0.1094274283	0.0560712444	0.0644115993	-0.0567381755	-0.0169527247	0.1833509533	0.0669702157	0.1087111298	-0.0287669542	0.1278857156	-0.1337680821	0.1803846572	0.1438425225	-0.0874219762	0.0084872155	0.037443183	-0.0629949407	-0.0060248088	-0.0150944554	0.0140500075	0.0537365649	0.1911561886	0.0844863565	0.0424960884	-0.1267355198	0.0302921577	0.0678131335	0.0355426554	-0.0873639224	0.0160080195	0.1064979154	0.0137068268	-0.0464213545	0.1172962766	0.0790258884	0.1480934484	0.0694429716	-0.0142978298	0.0315636338	-0.0597554055	-0.1396160907	-0.1042153322	-0.1260014479	-0.0634545973	0.1193220354	0.089758088	0.2063957403	0.0440179364	-0.0707200051	0.0079491483	0.1379357166	-0.0139746204	0.1021442	0.0549960241	-0.0552570467	-0.144930971	0.0050577697	-0.1462175367	-0.1216043228	0.0302710047	-0.104540439	0.1315718522	-0.0250246462	-0.1247746828	0.0627371282	-0.1669029012	-0.0882811509	-0.0224185975	0.0754014442	-0.0421793096	-0.0852539607	-0.0993420069	0.0849352376	-0.0743633105	0.0693449022	0.0329165503	0.0341656598	0.0140124974	0.0461604629	0.1202894508	0.003594664	-0.1671533862	0.022046332	-0.1073422654	0.0494042187	0.0251860523	-0.0912870929	0.0861630147438603	0.0002575967705098	0.0074240651097506	6.635609617708246e-08	0.0003685322834456	0.0185782941236282	1.3581604394162805e-07	0.000345153012544	0.2231588251152629	-0.0285468662495987	0.0497998612268244	0.0008149235726724	-0.0001204047676321	-2.9351002946504312e-05	8.614813739657048e-10	1.4497308068539997e-08	-0.0020536569766544	-0.0005140434718029	4.217506977761291e-06	2.6424069090317906e-07	0.0025283819640685	-5.526397164998427e-07	6.392715356226886e-06	3.0541065625302653e-13
835.3124535761672	0.8899594207374548	0.7920277705593461	697746.8950994364	1360.8695086339476	11.08751824251408	122.93306077808248	1851965.8195296016	775.1381263877079	1.775716030498529	3.1531674209694533	600839.1149798462	858.8700282174518	747.8910109372063	0.997753	28.062025	0.0586424440733729	0.0302464673594163	-0.0948511787	-0.0957949913	0.0055434741	0.1687714648	0.0295492221	-0.13869174	-0.0022359544	0.175678747	0.0306454438	0.0733793195	-0.0048411204	0.0231708174	0.1935524856	0.0336817533	0.0647925464	0.0066753867	-0.099748923	-0.0399451873	-0.1484534228	0.0800367841	-0.05892794	0.0765503313	0.0047982401	0.142567813	0.0838005391	0.0444015738	-0.1258899426	0.0770469992	0.1361623046	0.086310766	-0.1019148805	0.0092622829	0.0696855662	-0.0461087389	-0.0810473221	0.019857018	0.0245414042	0.0220658964	-0.0211841044	-0.0772032183	0.1898847758	-0.0120893993	-0.0020508529	-0.1619238245	-0.1310281226	0.0471961918	0.0098945741	0.123141242	-0.0863572968	-0.1887367529	0.040140612	-0.0108942928	-0.0165521898	0.1913625668	0.0249570495	-0.1173715618	-0.108761178	0.1308466424	-0.0941107882	0.065645601	-0.03306413	-0.1031591399	0.0619712963	-0.1151308011	0.0833177965	0.0287385705	-0.0947108496	0.1426999101	-0.0240747817	-0.0208019354	-0.0017070544	0.0522717392	0.0617430176	0.0680415681	0.0575291789	-0.1668167821	-0.0692467323	-0.0405450973	0.1187315264	0.0540638631	-0.0004051705	0.0332765072	0.136163193	-0.137787084	-0.1183675158	-0.1401237696	0.0043165028	-0.0375740476	0.0223924482	0.0211854083	-0.1188812711	0.0180567146	-0.0404164257	0.0367842553	0.089887118	0.2218385414	-0.0194460848	-0.1399289432	0.0703643568	-0.0052250266	-0.1215261647	0.1169815805	0.0199592678	0.133757969	-0.0553644732	-0.048013167	-0.1634321585	0.0059279328	-0.0342868178	-0.0220259664	0.0240828964	0.0173608303	-0.1844759783	0.0498915279	0.0668763787	0.0367688149	0.0848566066	-1.78851e-05	0.0365968634	-0.0822398483	0.003639068	-0.03117018	0.0111153076	0.0426187086	-0.0502651042	-0.1091829923	0.0555787436	0.0151740128	-0.0812449131	0.072344824821684	-0.0138181899221763	0.0052337736784801	0.0001909423727253	0.0012172075220036	0.000848675238558	1.4815941516221442e-06	7.202496605414781e-07	0.201338006217739	-0.0218208188975238	0.0405369927477343	0.0004761481373585	3.334482155469476e-05	0.0001537495891867	2.363893617510816e-08	1.1118771245144363e-09	-0.001816960865169	0.0002366961114854	3.3013467855556814e-06	5.6025049192308964e-08	0.0025810314636986	5.264949963009998e-05	6.6617234166021374e-06	2.771969811299898e-09
835.3861413699726	0.0736877938054476	0.0054298909559141	697870.0051930118	1352.8079088053123	-8.06159982863528	64.98939179705239	1830089.2381262025	775.4854670356641	0.34734064795623	0.1206455257226536	601377.709583522	859.0924824734728	747.8193137061787	0.999792	28.119362	0.0769160920197898	0.0390059433331461	0.0839523071	-0.1241536331	0.0019223845	-0.0308091668	-0.0730149642	-0.0694835512	0.1208604467	-0.0739234101	-0.0280564012	0.0784424713	0.1205428546	0.0380153203	0.1049574064	0.0969960935	-0.1003411049	-0.0018459837	0.0769192241	-0.0652631046	-0.1341796442	0.0266845652	0.0092874116	-0.1253718809	-0.0490531532	0.071484095	0.0080176642	-0.0327447619	-0.064570073	0.0668816958	-0.105139414	0.0324116536	-0.0071411387	-0.0471210672	-0.0080117907	-0.0291034064	0.0250894157	0.1824842927	0.1153939338	0.1422918713	-0.0153436565	-0.0791762645	-0.1397496935	-0.1137751162	-0.0715525931	0.0957896309	-0.0572940828	0.0672860874	-0.0320358434	0.0302271393	-0.0519052589	0.1369584924	-0.0017848478	0.1002074763	0.0278780364	0.0177823025	-0.0652258	0.1019776141	0.012522029	0.1307801593	-0.1239917248	0.0627879164	0.2467784149	-0.1032380719	-0.0837393019	0.0015099866	-0.0976788136	0.0389323043	-0.0700098384	0.0492254026	0.0133290031	-0.0254085393	-0.1008290933	0.0172552569	-0.0069734262	0.0259187703	0.1569378113	0.13156095	-0.1288488539	-0.029748584	-0.0074046402	-0.0623172803	-0.1159440316	-0.0856496012	-0.0244106588	0.1430337987	0.0493362942	-0.0665728796	0.0121855125	-0.0318505952	0.0081878676	0.0282928003	0.017272016	-0.0024195056	-0.0139101777	0.0745872676	-0.1010406978	-0.0907702927	-0.0893040362	0.0757336087	0.0874278052	0.0083272962	0.0113912776	-0.0069421324	0.137795587	0.0951289603	-0.0375679207	-0.1160546827	0.0140723773	-0.0232009586	-0.1026422771	-0.0489137594	-0.0494150448	-0.0152588225	0.0862970613	-0.0244616575	0.1556290933	0.0138735827	0.0517200244	0.0767862131	-0.0518600474	-0.1441725179	-0.1172724826	-0.1365169904	0.0440193292	-0.0351780466	-0.158310729	-0.1109488906	0.0616009311	0.0050684204	-0.0703125971	0.0862223205694761	0.013877495747792	0.0074342885643855	0.0001925848882299	0.0122964427711735	0.0110792352491699	0.0001512025048247	0.0001227494537064	0.2230776305886621	0.021739624370923	0.0497636292690515	0.0004726112677888	-0.0004100677987758	-0.0004434126203304	1.966147518683555e-07	1.6815559959283e-07	-0.0019250226768656	-0.0001080618116965	3.7057123064468e-06	1.167735514715142e-08	0.0025281111626876	-5.292030101100012e-05	6.3913460509056486e-06	2.8005582590948603e-09
836.6399427066812	1.253801336708534	1.572017791932107	699966.3937322387	1356.3522305336728	3.544321728360501	12.562216514128368	1839691.3732736693	775.4795321855956	-0.0059348500684563	3.522244533505692e-05	601368.5048387903	859.9302369350702	753.2349214523234	0.97075	27.302542	0.0626784401212169	0.0393032738457792	0.0840331692	0.0858170635	-0.0553535302	-0.0133170355	0.0510430708	0.1021741679	0.0618385537	-0.061089734	0.0529704823	0.0825032746	0.0030162921	-0.0463651249	-0.0185348762	-0.0445385838	-0.1271361884	-0.0712751891	0.0678955585	-0.0692637263	-0.1002957489	-0.1375462721	0.0021553565	0.0124533888	-0.0052571528	0.0204343951	0.001787848	-0.0409405357	0.0277936552	-0.0378996629	-0.0279450735	-0.0118144329	-0.1382234796	-0.0764883264	0.0163134664	-0.1284242223	0.0870290728	0.1296295631	0.0760626709	-0.0348054953	-0.0842270648	0.0458181204	0.1284932919	0.0181396951	0.1478970873	-0.0530161606	0.001286294	-0.0233362642	0.0890430264	-0.0756995672	0.1039130844	0.0427583491	0.0481023631	0.08797277	0.1355096817	-0.0662847321	0.0445919092	0.0123889843	-0.0664482836	0.0475119675	0.0739562752	-0.0133957698	-0.0558546029	0.0865012386	-0.0754191292	0.0649574447	0.0356011353	-0.0100122714	0.0250234098	-0.0063828057	0.0075656146	-0.0165521798	-0.0405631458	-0.0593031274	0.0346551213	0.1021733645	0.0955008085	0.0936230802	-0.0719121826	0.1085686879	0.1078538408	0.0070350743	0.0614999538	0.0903781629	-0.0574869347	-0.0919195596	0.0301538787	-0.0580874703	-0.1932290668	-0.0012831066	-0.0249875268	0.015804244	0.0688070094	0.1011159323	-0.0190266985	-0.2294903807	-0.0676049319	0.0304084671	0.0609931637	0.0141210522	0.0728460734	-0.0420168466	0.0319694365	-0.1213820409	-0.0288735517	0.0974516892	-0.0447416628	-0.0286893313	-0.0435640431	-0.0624303095	0.0006969594	-0.1055163362	0.0975280339	-0.0458900123	0.144753826	-0.1124840175	0.0768746658	-0.0392641883	-0.0699835827	0.0272945898	-1.4128e-06	-0.0521260283	-0.0256080101	0.0722491976	-0.0788073064	0.0915087489	-0.0415679677	-0.1126387502	0.0674542747	-0.0050684204	-0.0586099215	0.0862028593058568	-1.9461263619291454e-05	0.0074309329525053	3.7874078165955725e-10	-0.0183351730254202	-0.0306316157965937	0.000336178569872	0.0009382958863101	0.2228725477193194	-0.0002050828693426	0.0496721725269003	4.2058983297825325e-08	3.324445956462592e-05	0.0004433122583404	1.9652575839488852e-07	1.1051940917440479e-09	-0.0019109646667339	1.4058010131699902e-05	3.651785957505406e-06	1.976276488629771e-10	0.0023490358273265	-0.000179075335361	5.517969318063495e-06	3.2067975734690393e-08
836.6895150020864	0.0495722954052553	0.0024574124717458	700049.3445144265	1361.5352659043233	5.183035370650487	26.863855653414028	1853778.2803011565	775.7487835642612	0.2692513786655581	0.0724963049133037	601786.1752014309	860.8666377438391	764.9057500319047	0.999477	28.110506	0.0437028075453693	0.0253372247209037	-0.1073286117	0.1135220135	0.0829226269	0.0478071801	-0.0758376712	0.0704701662	-0.0776845608	0.0965000599	-0.0895041085	-0.0541047892	-0.0942790465	0.0141372019	0.028734989	-0.0689191349	-0.0938991764	-0.0962703109	0.0494383052	-0.0277632067	-0.1418319592	0.0449817413	0.0373499203	0.1160023737	-0.1095974402	0.0515042328	0.0976112324	-0.0180826329	-0.0017893671	-0.0552993755	-0.1572830391	-0.0656689449	-0.0147484202	0.0253655827	0.0600253303	-0.2055707346	-0.0134038575	-0.0727598956	0.0660700102	0.0465262828	0.1872039324	-0.1911563351	-0.0223930912	0.0022102034	-0.02653178	0.0262043551	0.1129642411	0.0071273587	0.0852876519	0.0457313833	-0.0497802708	0.0991630663	-0.1865995972	-0.0306978717	-0.0157366775	-0.012200341	-0.0532780748	-0.0025729104	0.0412828839	-0.0218758691	0.2148446346	-0.2376180237	-0.0643023224	0.0662710095	0.0738418559	-0.0969966129	0.0136620227	-0.0147061129	-0.0121023594	0.0164825373	-0.1514468578	0.1386765337	0.0024075542	0.0533182079	0.0906201755	0.0375326231	0.00080692	0.279139032	0.0956389273	0.0723836456	0.0596969942	0.0143721361	-0.0461577306	0.082772463	0.0369216205	0.1015571482	-0.043308517	-0.0200978696	0.1647192135	0.0381540768	-0.0743235485	-0.0119196023	-0.0372430799	-0.0475283122	-0.0573404023	0.0465379937	-0.0336496817	-0.0175946865	0.0364154099	-0.1274496695	-0.1368500383	-0.147372565	0.0081510956	0.0173821638	-0.1083592194	0.1044527814	0.0143701445	-0.0186808184	-0.0869000937	0.0811250517	-0.0273161285	-0.1069591487	0.11694666	0.0691778639	0.002448503	-0.0585800829	-0.0546114751	0.0760198806	0.0744663769	-0.0069028189	0.1565302414	-0.0505014198	0.0975700101	0.1042620511	0.0714077265	0.0296201475	-0.1457891955	-0.1142514127	0.0731227308	-0.0151740128	-0.0462651033	0.0862046391412008	1.7798353439957282e-06	0.0074312398094646	3.167813851736392e-12	-0.0180322532173562	0.0003029198080639	0.0003251621560948	9.176041011753053e-08	0.2133379689135068	-0.0095345788058126	0.0455130889801403	9.090819300425134e-05	0.0003885967252712	0.0003553522657065	1.2627523274279562e-07	1.510074148915005e-07	-0.0020520133176837	-0.0001410486509498	4.210758655951266e-06	1.9894721934758546e-08	0.0025299054925931	0.0001808696652665	6.400421801452735e-06	3.2713835813651857e-08
835.5529376000945	-1.1365774019918715	1.2918081907185928	698148.7115321475	1353.8891006275346	-7.646165276788679	58.4638434399689	1833015.6967980345	775.3708518238025	-0.3779317404587345	0.1428324004461683	601199.9578579691	860.1917657424633	747.248754903212	0.9695180000000002	27.267906	0.0896036265205852	0.0491740507654378	-0.0757934918	-0.0540588319	0.0716340642	-0.0934426147	-0.056052361	-0.0675081458	-0.0343552666	-0.0725042343	-0.0853325881	-0.0178586205	0.0375778281	0.1239617697	0.0938181317	-0.0399711161	0.0763602599	-0.0345405315	-0.0775389354	-0.1272112138	0.0145220631	0.0131366524	-0.0892823875	0.0253798808	-0.0230970384	0.041301674	0.0618078047	-0.1163194004	-0.1110458167	-0.0267468111	0.0961192156	0.0200868024	0.0129236634	-0.0243702163	-0.0392500859	0.0709890981	0.1319719918	-0.1457513661	-0.0024170593	0.0021435305	-0.0731545235	0.097349166	-0.0260777222	-0.0542414599	0.0001385596	0.1585532095	-0.0486328553	0.0281901319	-0.0701552622	0.0574166205	0.0477672082	0.0720134846	-0.0854840144	-0.0740856435	0.0116334315	0.0131285855	-0.0480336327	0.1188009119	0.007437942	0.0101436333	0.0598749584	0.0305761878	-0.1965304848	-0.0452323058	0.0623386965	0.0824053144	-0.0506612382	-0.0076429243	0.0471673949	0.0239141546	-0.1419340874	-0.102299945	-0.0040531661	-0.0064747762	-0.0964343614	-0.1655989566	0.0815228793	0.0273226998	-0.1082459307	0.1003168684	-0.0628184556	0.0601739548	0.1719925037	-0.1280910597	0.0573468417	-0.1657569491	0.1390534542	0.1019829476	0.0026982192	-0.0730173802	-0.0369753207	-0.0687518295	-0.1382764122	-0.1206871593	0.0069265257	-0.05182993	-0.1341680448	0.0470374015	-0.003718943	0.0028398123	-0.0409275546	-0.0598241045	-0.0395465214	0.1039320402	0.0195273222	0.0593941592	-0.0142742409	0.0206636105	0.1144503573	-0.0642792672	0.0369222032	-0.0886056317	0.2260364624	0.1252545304	0.0216262502	0.1718981322	0.0574424742	0.2007227674	0.1152117796	-0.1268436023	0.0021282628	-0.089792868	-0.13306331	0.0844367645	0.0731370048	0.1243161721	-0.0910093868	-0.1157857731	0.0785907625	-0.0251860523	-0.033413395	0.0887046303806471	0.0024999912394463	0.0078685114509672	6.249956197308263e-06	-0.0181477425518323	-0.000115489334476	0.0003293405597275	1.3337786377732375e-08	0.1727529314860589	-0.0405850374274478	0.0298435753370269	0.0016471452629873	0.0001669917327595	-0.0002216049925116	4.91087727061106e-08	2.7886238810020273e-08	-0.00148977934353	0.0005622339741537	2.2194424924086776e-06	3.1610704169266374e-07	0.002674128696312	0.0001442232037189	7.150964284439316e-06	2.080033249094333e-08
836.3026246796883	0.7496870795937411	0.5620307173097924	699402.0800461356	1361.1211953618724	7.232094734337807	52.30319424643663	1852650.9084633328	776.4588250746262	1.0879732508237794	1.1836857945080623	602888.307036269	860.0780497391291	754.3144774166658	1.017507	28.617601	0.0812772248857974	0.0480689813000292	0.1098386305	-0.0235035156	0.0606949091	0.0458284655	0.2007671525	-0.055697686	0.0651537274	0.0638086613	0.090988314	-0.1110756698	-0.0088506945	0.0299496067	-0.0249964742	0.0860928538	-0.0798769369	-0.0914177067	-0.0910787624	-0.2058444192	0.0066321764	-0.0859188742	0.0069407207	-0.0182115121	0.0883844665	0.0068102867	0.0051763955	0.036592249	-0.0434367577	-0.0554285704	0.0431756036	-0.0108273928	0.1842723461	0.028901152	0.0310579602	-0.0078736066	-0.013013518	0.0157391256	0.0785053817	0.1249928933	0.1761704577	-0.1253103316	0.0598455478	-0.026561521	-0.0069112886	-0.0980851202	-0.0253425817	-0.0619910904	0.0390240361	-0.0866404875	0.0195436642	-0.0612617264	0.1325643261	0.1335943	-0.2492356441	0.1256973256	0.048781589	0.1889668158	-0.0349040643	0.0593792632	0.1040748813	0.0173643937	0.0052170125	-0.0639730294	-0.0986973026	-0.0554603823	0.0851634322	-0.0637196943	0.0294429145	-0.0711065215	-0.0713074994	-0.0322445627	-0.0229574104	0.1323576462	-0.0455644891	0.0983640944	-0.0166448658	-0.012219102	0.0830014153	-0.2450247572	-0.0264029575	0.1124186374	0.0065601362	-0.0120970452	0.0049107009	0.0212687707	0.0901152345	-0.0110698028	0.0670926099	0.0348156158	0.0582312003	-0.0852067476	-0.011600142	0.2133916395	0.1840297575	-0.0307698574	0.0018817426	-0.0058950566	-0.0424033207	0.0325602847	0.1312835657	-0.0950273942	0.0085074099	-0.0345081775	0.112172106	-0.021104414	0.0214491848	0.0503446051	-0.1355330862	-0.0764985762	0.1247489856	-0.0719348414	0.1097298666	-0.015947229	0.2172403396	0.0423668457	0.1306104168	0.1248663264	-0.0336107868	0.0364146637	0.1709496226	-0.1118622702	0.0295828156	0.0750333632	0.1346423121	-0.0046988478	-0.1056824998	-0.1172407796	0.0838433825	-0.0350428114	-0.0201956026	0.0902758253748032	0.0015711949941561	0.0081497246471019	2.4686537096611955e-06	0.0229789457145415	0.0411266882663738	0.0005280319461518	0.0016914044877594	0.1933394224447511	0.0205864909586921	0.0373801322712699	0.0004238036099923	1.2351714038930702e-06	-0.0001657565613556	2.7475237632435088e-08	1.525648396995178e-12	-0.0016520029600002	-0.0001622236164702	2.729113779849423e-06	2.63165017406706e-08	0.0027060055318177	3.187683550570034e-05	7.322465938227995e-06	1.016132641857478e-09
837.2275302834117	0.9249056037234596	0.8554503757990571	700949.9374644611	1362.6554059557095	1.5342105938370878	2.3538021462419496	1856829.7553803197	776.9134569232966	0.454631848670374	0.2066901178254418	603594.519548507	861.4330069357827	757.7170314523626	1.076316	30.271608	0.0924763282369549	0.0453060791117718	0.0179100604	0.1692551929	0.0047883272	0.1060117969	-0.1423081296	0.1424757119	0.0037937079	0.0886499517	-0.179865967	-0.0647238993	-0.0150468642	-0.0161748421	0.0931056023	-0.067527581	-0.0667226287	-0.0400865163	-0.0041925254	0.0013398499	0.1651385514	-0.0060911148	0.1440366139	0.0740835855	-0.0425152446	-0.0757292507	-0.0152463356	-0.0930400922	-0.0259585849	0.0700743171	0.0952615639	-0.0360204504	0.074140503	-0.0953627215	-0.0629943144	-0.0104317894	0.0193869785	0.0895320936	-0.0784223045	0.0104641314	-0.0698712796	0.1994874809	0.1533390322	0.22167781	-0.007096423	0.0222184284	0.029962449	0.0491430048	-0.0533745055	-0.2044721918	0.0307929973	0.120599211	-0.028868954	-0.1376044095	-0.1401234036	0.1311650116	-0.0147518401	0.0110400078	-0.0287168443	-0.0143584688	-0.0696945354	-0.0038898665	0.0874174521	0.1493578042	0.0254264136	-0.0869106781	-0.1064578606	-0.0142418411	-0.0005259494	0.0472098958	-0.0690529012	-0.0874901254	0.0656692526	-0.1319003861	-0.0564632647	-0.061997643	-0.1097154477	0.0105008721	0.0078833699	0.064476109	-0.1258581652	-0.0783205636	0.0834660338	0.1021836432	0.0509264551	0.1168871824	0.0510687987	0.0332761473	-0.1724746134	0.0127568076	-0.071774961	-0.1373149811	-0.0910184772	-0.0275790219	0.1068901811	-0.0077037134	0.0571386856	0.0548280524	-0.30297553	-0.044156517	0.1223183806	0.0071705035	-0.0404010901	-0.0831595721	-0.0862520136	0.0716034855	-0.0758784914	0.1247652586	-0.0265735114	0.1620708324	-0.0295695275	-0.1701686051	0.2337468192	0.1079093168	0.0988308568	0.0558732938	0.013811605	-0.0151918747	-0.0362858707	-0.0014373679	0.2355889226	-0.107591596	-0.004952529	0.1535990448	-0.0113849792	0.0936123046	-0.0007493857	-0.1186154352	0.0888661936	-0.0446835199	-0.0067565429	0.0990421995145425	0.0087663741397392	0.0098093572846784	7.68493155578899e-05	-0.0125933355064802	-0.0355722812210217	0.0001585920991787	0.0012653871912674	0.2152527123838297	0.0219132899390785	0.0463337301885957	0.0004801922759541	0.0003380132387439	0.00033677806734	1.1341946664127025e-07	1.1425294956614075e-07	-0.0014795435026184	0.0001724594573818	2.189048976140324e-06	2.974226444042489e-08	0.0027212556658382	1.5250134020499632e-05	7.405232398856504e-06	2.3256658764320027e-10
836.4211811587827	-0.8063491246290369	0.650198910790014	699600.3922910532	1355.7757907065616	-6.879615249147946	47.32910597630896	1838127.9946660025	775.1410480248414	-1.772408898455183	3.141433303323114	600843.6443330495	859.3019340494196	757.0457102933669	1.09863	30.899193	0.0842465145133973	0.059768049119161	0.0197198676	-0.0138833208	0.0650415259	-0.1365944317	0.042203829	-0.0576034463	-0.0714204197	-0.1513877048	-0.046379017	-0.0824368194	0.0597426804	0.1077731365	-0.1035857539	-0.0242943884	-0.0435026002	-0.1137758207	-0.0496879412	0.1000145902	0.1982042631	0.0683730242	-0.1765811398	0.0634895621	-0.037734153	-0.0073639949	-0.0920561342	0.107369854	-0.1991701471	-0.0867007356	0.0641578811	-0.2887910724	0.0421203023	-0.1729894437	-0.1129743815	0.0667844251	-0.0948972986	-0.0089813789	0.1329048195	-0.0626749173	-0.1713598461	0.034829736	0.0181607049	-0.128663094	0.1012881574	0.0434435466	0.0368230372	-0.014480588	-0.0497081874	0.1093663441	-0.1355417344	0.0471856983	-0.0237398252	-0.0854678273	0.0981632598	-0.0705995853	-0.0115173422	0.1391428949	-0.2391892866	0.1173619847	-0.0104005177	-0.1203746508	-0.0562256587	-0.0420689737	0.0766023729	0.160124332	0.0182832035	-0.0414884519	-0.0319253764	0.0114085287	-0.0104702537	-0.0697371751	-0.1993508618	0.0209583683	-0.137214678	-0.1976868407	-0.176614135	-0.0555552516	-0.1119237556	0.0958633164	0.3039224548	0.0915814501	-0.1300582612	0.0376583941	-0.0031587893	0.1431482294	-0.0019269664	0.0054206957	-0.0449979373	-0.0885246234	0.1434328884	-0.0381466618	-0.1583984658	0.0218764473	-0.0019931646	0.0490538004	-0.1482295194	0.0218408997	0.0041383783	-0.0113625445	0.0286540775	-0.0275263913	-0.0347661507	0.0516086115	-0.0024939055	-0.1476592432	0.2600415773	-0.1853789978	0.0073631761	-0.0090408368	0.0128367942	-0.0416916365	0.2424715495	-0.1164339066	0.0517817441	0.1370186553	-0.1156221669	0.3275563022	0.0323040695	0.2760508137	-0.1438168716	0.0337099769	0.1697779267	-0.0081450179	0.0552320285	0.1219223321	-0.0037966377	-0.1199087977	0.0936454286	-0.0540487397	0.0067565429	0.099484325135279	0.0004421256207364	0.0098971309476219	1.9547506451162798e-07	-0.0654164144082471	-0.0528230789017668	0.0042793072740315	0.0027902776646622	0.1874237681225707	-0.027828944261259	0.0351276688572631	0.0007744501386962	0.0003050304893491	-3.298274939479999e-05	1.087861757640179e-09	9.304359943255141e-08	-0.0014980901143808	-1.85466117624e-05	2.2442739908054785e-06	3.4397680786519386e-10	0.0027097377124027	-1.1517953435499773e-05	7.342678470017418e-06	1.32663251342341e-10
837.5134956468014	1.092314488018701	1.193150940735557	701428.8553905248	1361.0152137416185	5.239423035056916	27.451553740285025	1852362.4120361437	777.4419504455428	2.300902420701391	5.29415194958952	604415.9863125698	861.3392927792786	750.5638811652036	1.012495	28.476652	0.209076400488099	0.1145286025803225	0.1105067193	-0.026834854	0.0302936346	-0.0399608821	0.043777196	-0.0603791951	0.0706894403	0.0348130175	0.0192023287	0.0052172245	0.0240620223	-0.0895522194	0.0113514127	0.0045174782	0.0413183843	-0.1369887798	-0.0611047923	-0.0048058028	-0.0967085708	-0.0322211109	0.0438382076	-0.0464387474	0.0999273402	-0.0297171124	0.1661751373	0.0417989628	-0.0646202929	-0.1119336457	0.0347804482	0.0292674087	0.0984886945	0.2728754436	-0.0006780916	0.0985770298	-0.1761658014	-0.0803833007	0.132940207	0.0206891763	0.1582112798	0.0237832622	-0.0922011411	-0.1006639586	0.0440517848	0.0133863082	0.0384163032	-0.0450271231	0.0638365173	0.1428567762	0.1033482256	-0.0517000044	0.2092404964	-0.0510627881	0.0213922012	-0.1303974401	-0.0645164843	0.0159365841	-0.2752075763	0.0623815062	-0.0658808321	0.0507167737	0.0156060487	-0.0576632173	-0.0759677445	-0.0292971352	0.0005637769	-0.0954196129	-0.0355721267	-0.123176393	-0.0230421566	0.0156661985	-0.0268838848	0.2120765101	0.1654003602	0.0698520158	0.1946123303	-0.1551054133	0.0780199882	-0.1207243942	-0.0403269025	0.1988135632	-0.0222199212	-0.0311977154	-0.1185929408	-0.1113556505	0.0043446254	0.0217629727	0.1837591275	-0.0419218013	0.1602396725	-0.110087525	0.122839632	-0.0827512641	0.0552227973	0.0470691837	-0.1273963872	0.0174340495	0.1053681	-0.1062526834	0.0731175552	0.1389412333	-0.0793651614	-0.0888703513	0.075575473	-0.1814862899	0.2074148829	-0.2025170248	-0.0332580155	-0.0145407105	-0.0446442411	0.0521784939	-0.0706024425	-0.2083707869	-0.0458330845	0.0149818644	0.2459124877	-0.1176832545	-0.1393024681	-0.000737888	0.0234950668	-0.2639700352	0.0061809794	-0.08507939	0.0160190942	-0.0729351569	-0.0453937656	-0.1211199807	0.098167988	-0.063080731	0.0201956026	0.0862663961794396	-0.0132179289558393	0.007441891109788	0.0001747136458816	0.0171579136670771	0.0825743280753242	0.0002943940014068	0.0068185196570912	0.2592032236546799	0.0717794555321092	0.067186311152978	0.005152290236486	-2.0868752391224035e-05	-0.0003258992417403	1.0621031576691816e-07	4.3550482636621884e-10	-0.0018190347643958	-0.000320944650015	3.308887474080484e-06	1.0300546837325087e-07	0.0028929875791439	0.0001832498667412	8.369377133080884e-06	3.3580513660667555e-08
838.8941838414573	1.3806881946559315	1.9062998908622557	703743.4516830248	1360.6170760476666	-0.3981376939518668	0.1585136233453103	1851278.8276325015	776.553985664904	-0.8879647806388675	0.7884814516550321	603036.0926520479	860.924179782152	754.9053335424413	1.083718	30.479805	0.1407549990413486	0.0734233866656904	-0.063453538	0.0933260962	-0.0455348073	-0.1015014801	-0.0280139319	0.106373857	-0.0256690636	-0.0292222515	-0.027076527	-0.1018844258	0.0178811304	-0.0997916191	-0.0258650402	-0.1592210467	0.1165793609	-0.0216887092	0.1279830691	-0.0533855684	-0.0183732452	-0.0612464534	0.0039789022	0.0488209454	-0.0486093405	-0.2376443176	0.0167040811	0.0923786709	0.0566389781	-0.041598207	0.0925591533	0.0044719673	0.0222876898	-0.0019578228	-0.1218347347	0.0352187314	0.0635369463	0.0107065359	-0.1098313936	0.0746283691	0.0568179245	0.0600126276	0.039341154	0.1436455246	0.0890603431	0.128874475	0.100987232	0.0115172155	-0.0226944418	0.002408876	0.1349009114	-0.1000223939	0.0210638792	-0.2576914257	-0.0434276998	-0.0407860662	-0.0142584105	0.1397885318	0.064024736	-0.0472895707	-0.1560699539	-0.1507906422	-0.0082510127	0.1071650348	0.0251614754	0.0930536059	-0.0075249907	-0.028414884	-0.0355905442	-0.0725412283	0.0309372792	0.17426714	0.0627146572	-0.0751612798	0.0590630021	-0.061031819	-0.137931992	0.0458293161	0.0876961112	-0.0178074909	-0.084853755	-0.0206557214	0.1192908277	0.1479403061	-0.142400136	-0.0398740653	0.1936769738	0.0109827636	-0.0807907076	-0.0770655238	0.0134010397	-0.1116140848	-0.1033594993	-0.1276624663	0.1344272991	0.0430566436	-0.0593993588	0.097345965	0.0152258436	-0.1106396145	0.0230477171	0.1490720487	-0.1649027261	-0.049956295	-0.1253385145	0.024828795	-0.0139052133	0.0136336549	0.1660998725	-0.0182245631	-0.031974325	-0.0136666401	-0.009075643	-0.077361286	-0.1289207873	-0.1882444093	-0.0841412943	0.0089028454	-0.1429467649	-0.2330297091	-0.0795014675	-0.1119298414	0.0146754106	0.1238248668	-0.1781729724	0.2037992075	-0.0189666854	-0.1222481541	0.1024214758	-0.0717238087	0.033413395	0.0983057033156313	0.0120393071361916	0.0096640113043809	0.0001449449163195	-0.0469734704746684	-0.0641313841417454	0.0022065069284345	0.0041128344319361	0.2821777473088502	0.0229745236541702	0.0796242810762973	0.000527828737136	0.0003780537002065	0.0003989224525977	1.5913912318658336e-07	1.4292460023982618e-07	-0.0014529692453622	0.0003660655190336	2.111119627968401e-06	1.3400396422533897e-07	0.0028257798685904	-6.720771055349984e-05	7.98503186573078e-06	4.516876357843013e-09
834.7026660702827	-4.191517771174631	17.568821226072746	696728.5407448378	1361.112493818733	0.4954177710662861	0.2454387678882871	1852627.2208294503	775.3828209886385	-1.1711646762654482	1.371626698931952	601218.519084299	859.9097379176636	740.3150004198206	1.032816	29.048168	0.0521409083924557	0.0299291655123908	-0.1134330072	-0.0659187882	-0.1035209641	-0.0111339429	0.1287263537	-0.0605458149	-0.163498298	-0.0155591246	0.1412541705	-0.0794107977	-0.1861104462	-0.0187866065	0.0719608299	-0.0764736792	-0.0666388299	-0.0366391249	-0.0039168504	0.1235943089	0.1247928146	-0.0536734681	-0.1690359406	0.1170147971	0.0347854822	-0.0550332844	0.0259456397	0.0911363168	-0.130851739	-0.0219817069	-0.1287754338	0.0257090179	-0.0743368159	0.0854137194	0.0445893797	-0.1190901334	0.0463347437	-0.0798829992	-0.0223530081	0.1138481719	0.0177289943	-0.0048734948	0.0654043546	-0.022813358	-0.0222131219	0.0031654949	0.0462276803	0.0416176701	0.155533694	0.0295740915	0.1027013459	0.0261827803	-0.0143980284	-0.0378280829	-0.0630757473	-0.1227376754	-0.1074454972	-0.0681485279	0.0907994989	0.108374665	0.0099849473	-0.0272788875	-0.0202007393	-0.0422816199	0.0810898764	0.0918295951	0.177936758	-0.0815305019	0.0112036128	-0.0029623052	-0.1046738518	0.1914469043	-0.1016428555	0.0132227091	0.0383438672	-0.1431121592	0.0675810498	0.0792442859	-0.0063555971	0.0457326388	-0.0348503658	0.0883930941	-0.0043846198	0.0468861339	-0.0407126193	0.0541692123	0.0124889141	-0.1334006823	0.0092470075	0.0821699315	-0.0807657183	0.1408033188	0.0596094017	-0.112179849	0.0296676859	-0.0160580417	0.0585236376	-0.0191380471	-0.0294495055	0.1011214861	0.0673215421	-0.0581317329	0.015095672	0.0970226513	-0.0747634835	-0.0063842986	0.0011195658	0.0224477612	-0.0037681891	-0.1041110546	0.0465322258	0.0804134352	-0.0545488934	-0.0935017491	-0.1947042672	-0.0700178715	-0.0103266072	0.1063384988	0.1056874742	-0.0536186437	-0.0269606679	-0.0948935347	0.160449926	0.0601419577	-0.0353968649	-0.0617996548	0.0146758298	-0.1232925447	0.1063942335	-0.0799246852	0.0462651033	0.0977602098199525	-0.0005454934956787	0.0095570586240411	2.975631538278745e-07	-0.0348224734588455	0.0121509970158228	0.0012126046577919	0.0001476467284785	0.2596581241447211	-0.022519623164129	0.0674223414343554	0.0005071334274543	0.0003790043361207	9.506359142000372e-07	9.037086413669408e-13	1.4364428679829254e-07	-0.0017429590519393	-0.000289989806577	3.037906256737143e-06	8.409408791862378e-08	0.0028733353204356	4.755545184519962e-05	8.256055863662751e-06	2.2615210002010998e-09
836.7682215808946	2.065555510611944	4.266519567419367	700181.0566476532	1359.624124466234	-1.4883693524989212	2.215243329458058	1848577.759830573	776.9775775612437	1.5947565726052062	2.5432485258675044	603694.1560329385	860.074913911392	744.2234741741323	0.985751	27.724468	0.1142599921154591	0.0474247512590006	-0.017976	-0.1207300343	-0.0209361771	0.1335062811	0.089323981	-0.1145694552	0.0164007143	0.083710891	0.0798122712	0.0269099199	0.0966778997	-0.0656350122	-0.089426871	0.0224312725	-0.0430674497	0.0852719211	0.1495717129	-0.1372089331	-0.01741434	0.0361579765	-0.0906780151	-0.0250709572	0.0609328208	0.080502378	0.1015813933	-0.0271719447	0.1122527948	0.0142374912	-0.1171594594	-0.1401735587	0.0176596371	0.0471894577	-0.0964606803	-0.0335139233	0.0807749758	0.0166152197	0.0507223267	-0.0547676316	0.0765192722	0.0816906621	-0.059389981	-0.0983436531	-0.0955784555	0.0353821013	0.0700770331	0.0249398115	-0.045174661	-0.0055367853	-0.1072092935	-0.1388335229	0.1005187939	0.1149961672	-0.0704967324	-0.0495959802	0.2701925724	0.0522498424	0.1315774037	-0.1073944019	-0.0089356849	-0.0366909007	0.0450087211	-0.1110191373	-0.0095489062	-0.0825068424	0.0647256567	0.0030048634	-0.0536185119	-0.0185411513	-0.0025403698	-0.0377223557	-0.0151901116	0.023569311	0.0612134209	0.0106548903	-0.0936166047	0.1352528322	-0.0178509113	-0.0103970109	-0.0883314241	-0.0350847631	-0.0723553181	-0.090878998	-0.0705504901	-0.0732272029	0.0021547828	0.1124446046	-0.00941954	-0.1129003715	0.096062008	-0.064724248	0.056776831	0.0987394006	-0.013643464	0.0328448904	0.0467990643	0.0138079923	0.17321047	0.1289193627	0.0465824083	0.1684564151	0.1774058651	0.0812519238	0.0676279925	0.0200629613	-0.0552560171	0.110316639	-0.1025233691	-0.0430352119	0.0535043891	0.0567815209	0.0095605319	-0.0015661937	-0.0585256015	-0.0707180433	0.1029596132	0.0973747814	0.1278407521	-0.112139954	-0.0359628582	0.0047132057	-0.0930574207	0.0006288334	-0.0035098269	-0.1848796689	-0.0905334457	-0.1242524367	0.1100753719	-0.0876327994	0.0586099215	0.0878063033750464	-0.009953906444906	0.0077099469123906	9.908025351394312e-05	-0.0099390373726322	0.0248834360862133	9.87844638945796e-05	0.0006191853914566	0.2310542877239214	-0.0286038364207997	0.0533860838756086	0.0008181794579878	-0.0001771538645234	-0.0005561582006441	3.09311944143683e-07	3.1383491715575166e-08	-0.0015122787691981	0.0002306802827412	2.28698707576732e-06	5.3213392845560004e-08	0.0031028731003211	0.0002295377798855	9.627821476696274e-06	5.268759239476428e-08
837.8150578800958	1.046836299201118	1.0958662373250927	701934.0712106283	1356.4368733691565	-3.1872510970774783	10.15856955582159	1839920.991435493	777.3692092722506	0.3916317110068803	0.1533753970661766	604302.8875245642	860.0024898071847	753.6189642676695	1.00691	28.319571	0.0790297120636826	0.0477995604902308	0.1168173487	0.0292976982	0.048520782	0.1495438316	-0.0620524443	-0.0055673451	0.1185331139	0.0610129666	-0.052350688	0.0127856388	0.1167163518	0.060617543	0.1228595356	0.0435221529	-0.099737533	0.0803865548	-0.0612042097	-0.0156823269	0.0255476436	-0.0406581678	0.1469820789	0.0426271897	-0.010853952	0.0458356912	-0.0017292842	0.0654227187	-0.1568315247	-0.0416389767	-0.0128100669	0.0979907714	-0.1010922777	0.0267656303	-0.028497878	-0.0717612589	-0.0811842009	0.0731714545	0.0211116419	-0.0937728019	-0.1191393381	0.0055145486	-0.1255516627	0.1040043699	-0.1562356969	-0.0219827395	-0.0518270781	-0.0628253399	0.0074539294	-0.0577371405	0.0486870263	-0.1215434953	0.0006388316	-0.0701266909	-0.0027319504	-0.0883015381	-0.141632169	-0.0598613046	-0.1328382634	0.1154556334	0.0378616672	0.000105054	-0.0355801426	0.0156992911	-0.0807791651	-0.1548763228	-0.0518121944	0.0079983462	-0.1035476704	0.0930793864	0.1039411319	-0.0717234563	-0.1511764941	0.1491897228	-0.014004559	-0.0168945162	0.1582240229	-0.1132978341	-0.0133146371	0.0464703751	0.0880461904	0.0364767195	0.1075280323	-0.0487203278	0.0093060057	0.1536097626	0.0077837754	-0.1110986333	-0.1257866051	-0.0280696222	-0.1538828071	0.0437499931	0.0261439973	-0.1041106741	-0.1188045796	-0.0979963639	-0.0329274286	-0.0485410368	-0.0547248498	-0.0141741606	-0.1239992072	0.0705014246	-0.0521323859	-0.0643649011	0.0734861985	-0.00280942	-0.0444488298	0.1066370165	-0.1057568209	0.1512439708	0.0086547373	0.0270365467	-0.0905624189	-0.0829727192	0.0006009624	0.0624444364	0.0198143936	-0.060827796	-0.1491094679	0.0971053619	0.0272641236	-0.1769772075	0.06770586	-0.1458534452	0.0263635864	0.0092704355	0.0439678926	-0.1251271724	0.1134548014	-0.0948006283	0.0703125971	0.0904654130078483	0.0026591096328019	0.0081839909506805	7.07086403925986e-06	-0.023269857811087	-0.0133308204384548	0.0005414862825482	0.0001777107735623	0.2740319143822773	0.0429776266583559	0.0750934901000157	0.001847076393185	-0.0003380171450968	-0.0001608632805734	2.5876995036836413e-08	1.1425559037939117e-07	-0.0016540120036248	-0.0001417332344267	2.735755708134925e-06	2.008830974105392e-08	0.0030042265086398	-9.864659168129984e-05	9.025376915214084e-06	9.731150050337098e-09
837.5857387639626	-0.2293191161331833	0.0525872570241044	701549.869780773	1363.1736971618263	6.736823792669838	45.38479481348243	1858242.5286338427	777.1255626952387	-0.2436465770118729	0.0593636544896025	603924.1401943914	862.1963721621723	754.5095425243684	0.956324	26.896832	0.0664027175172304	0.0440805147104713	0.032742579	0.1050333102	0.0071472395	-0.06006348	-0.151774902	0.115975936	0.0191244043	-0.0256041881	-0.1475813385	0.0409131963	-0.0493072909	0.0259267243	-0.0399166947	0.0129649239	0.0697781853	-0.015718569	-0.008538885	0.0919386013	-0.0472971115	0.010868444	0.1354646732	-0.0350119582	-0.0905453703	0.0483540091	-0.0486744135	-0.0153875514	0.089379319	-0.0433834486	-0.0009958739	-0.0134123967	-0.0346758817	0.0691636676	0.1091214039	0.0195440802	0.0496006212	0.0835471712	-0.1001740832	-0.0550448558	0.0233655161	0.1039297225	0.3245539661	-0.0125380869	-0.1130461066	-0.0815143987	-0.0326669271	-0.090235937	0.1445474216	-0.0180011798	-0.1300204685	0.0872852561	-0.0826629835	-0.0198538456	0.0231947234	-0.0470396543	0.0756524071	-0.0397770124	-0.0166473759	-0.0229597001	0.0665610289	0.2373629759	0.0515571114	0.1154396756	0.0034014214	0.0116086025	-0.1450759055	0.0450208838	0.0053898654	-0.0292384931	0.003296132	-0.0441644634	0.0710133811	-0.0075167393	-0.0333151936	0.09835921	0.0194734669	-0.0604010429	-0.0220607024	0.0416772192	0.0172973066	0.0750171198	-0.104270535	-0.0270827959	-0.0022530537	-0.115428526	0.0148427082	-0.0389650432	-0.0900988331	-0.0406807712	-0.1526381702	0.0635676031	0.1324469386	0.0694188842	-0.0033750779	-0.0878919807	0.2062694624	0.0106915889	-0.0371922803	-0.1592982452	-0.083564854	0.0695203432	-0.0777572113	-0.0819025591	-0.0438808881	-0.0056816211	-0.0750554709	0.1087658819	0.1679852482	0.1417413688	-0.0422930134	-0.0392353598	-0.1583102342	0.0259731942	0.1098823808	0.0524859724	0.0789679162	-0.0842059911	-0.1103167719	0.0384515494	-0.0248764696	-0.1094229863	0.0009235462	0.0564441713	-0.0436591257	0.055875394	0.0189041357	-0.1259161521	0.1165232592	-0.1013839798	0.0812449131	0.0994893629052882	0.0090239498974399	0.0098981333313001	8.143167175150564e-05	-0.0258403836090508	-0.0025705257979638	0.0006677254250629	6.60760287799743e-06	0.2667135145240706	-0.0073183998582067	0.0711360988297816	5.3558976484599897e-05	0.0004491368118873	0.0007871539569841	6.196113519957264e-07	2.0172387579228795e-07	-0.0017773387080246	-0.0001233267043997	3.158932883042554e-06	1.5209476018115643e-08	0.0029649103307513	-3.931617788850012e-05	8.790693269395783e-06	1.5457618437601852e-09
837.5743441381074	-0.0113946258551322	0.0001298374983784	701530.7819583808	1357.7138040141697	-5.459893147656658	29.810433183828124	1843386.773610627	776.3225457731378	-0.8030169221009373	0.6448361771804628	602676.6950756856	860.801763117477	748.9071077316203	0.942451	26.506638	0.0181703166405575	0.0080395019814142	-0.0804642754	0.0674181649	-0.0460993686	-0.1210011689	0.0687120809	0.0325227966	-0.1038251402	-0.1169467846	0.0072907607	-0.025364125	-0.0395523775	-0.0494062808	-0.0191513581	-0.0263493011	0.0249325572	-0.036908859	0.1683038704	0.0507059395	0.0145258696	0.0079197439	-0.0561896238	0.0156939159	0.0213492174	-0.0044407891	-0.1272752766	-0.0415670885	0.0480100277	-0.0286105845	-0.1211194872	0.0871727406	0.0582070804	-0.133616881	0.0387220874	-0.0090609748	-0.1358942212	-0.0308877167	0.0392004706	-0.2196240842	0.0050811404	-0.0157643305	0.1507179152	0.0172852039	0.0943801446	-0.0070885108	0.0797633303	-0.0764225879	0.040328464	-0.0584512273	0.0821885068	-0.0646595499	-0.157810163	-0.0054238361	0.0710853768	-0.0971491276	0.0607401559	-0.0975806944	0.1897319263	0.0577025495	0.0316805777	0.0931978796	0.0442223799	0.0345613254	0.0501280618	0.1082560796	0.0470318371	-0.0160610122	0.0544241991	0.0041879234	-0.024401951	0.0190643328	-0.0297314253	-0.0604234779	-0.0449422738	0.0727434678	-0.1215485334	0.0911177866	0.1086007506	0.0253604912	0.0597490139	-0.0054078247	-0.0806344547	-0.0084186426	-0.0481618563	-0.0249424237	-0.2159154275	-0.0324433549	-0.1391869629	0.0663631197	-0.1180416194	0.0725738989	0.0308311647	0.0040639054	-0.129820386	-0.0622929444	-0.0592862573	-0.0717508989	0.0653975536	-0.0853081714	-0.1641548357	-0.0672616096	-0.1409635875	0.0111115431	-0.1091084995	0.0008911496	-0.0321027323	0.0880940074	0.1368351976	-0.0497659966	0.046821024	-0.0012816456	0.0687168355	-0.0086064765	-0.0613317568	-0.0514246349	-0.1364191222	-0.0281764429	0.0487974684	0.0840051565	-0.0484559047	0.0666233245	0.0263345593	-0.0177331008	-0.1436283063	-0.1685595167	-0.0722463623	-0.1266188352	0.1192723348	-0.1073422654	0.0912870929	0.1035795417690508	0.0040901788637626	0.0107287214730865	1.6729563137570336e-05	-0.0308857848895911	-0.0050454012805403	0.000953931708246	2.5456074081677707e-05	0.265854720177586	-0.0008587943464846	0.0706787322407025	7.375277295539367e-07	0.0003570611775342	-9.20756343531e-05	8.477922441525769e-09	1.274926845021095e-07	-0.0017569842137115	2.035449431309999e-05	3.0869935272314176e-06	4.1430543874201974e-10	0.0029138216164221	-5.108871432919987e-05	8.4903564123287e-06	2.6100567318105926e-09
837.5058735672859	-0.068470570821546	0.0046882190686283	701416.0882597027	1363.0214255266128	5.30762151244312	28.170846119348997	1857827.4064446	777.0092609431468	0.6867151700090517	0.4715777247205607	603743.3915914153	860.9599315158184	742.9497855609751	0.93973	26.430107	0.0470324337685366	0.0269928087507197	-0.1257148125	-0.0281486803	0.0495264571	0.1075523012	0.0694043771	-0.074437913	-0.1147728125	0.141698957	0.0932031559	-0.0002283347	0.0773572846	0.0434432876	0.0307926459	-0.0940167411	0.1453168164	-0.0510209415	-0.0959687241	0.0716466431	-0.0296780419	0.1160452113	-0.0736130693	0.022589462	0.0519015566	0.101466618	0.0528320571	-0.0564920851	0.1188019126	0.1611585792	0.0112689298	0.0047918292	0.0547919863	0.1501347505	-0.0648623495	0.1787202891	0.1885804988	0.0151233085	-0.1229144325	-0.0736435969	-0.137232193	0.0248913316	-0.1409563598	-0.1562017393	-0.2014147977	-0.0772981474	-0.1294088918	-0.0213969454	0.0300458298	-0.0409960403	0.1193618094	0.0409649781	-0.0704631064	-0.0150034915	-0.085541209	-0.0182357309	-0.055848846	0.0459879871	0.0597533384	0.1305773975	-0.0475933464	0.0078240809	0.0771239128	-0.0498172377	0.1128453087	-0.0565443506	0.1014251715	-0.0182128532	0.0109199945	0.0250657219	-0.0791430303	-0.1500370988	0.0584937974	-0.0365398345	0.0971072298	-0.0958938427	-0.0133451066	-0.1252992968	-0.1241027953	-0.0478115179	-0.1360638618	-0.1678722427	-0.0592341194	-0.222775104	0.0525840076	-0.0540430025	0.0625867174	0.0313473604	0.024773953	-0.0249320045	0.0404956936	0.1090886127	0.1612970832	-0.0499989775	-0.0672861194	0.0704514135	0.1437166735	-0.0513901671	-0.0893461606	0.1444666678	-0.0943373232	0.0486354411	-0.0726596309	0.1205316535	-0.0414377393	0.0085595853	-0.0436808702	0.1698464857	-0.0409612236	-0.0152396794	0.1059534252	0.0183098393	-0.07196212	0.0361430227	-0.0895630309	0.0458505641	-0.037546068	0.1465915785	0.1436610753	-0.0306594138	-0.1108342994	0.0601990807	-0.0937876294	0.0959430964	-0.074338453	-0.1514890111	-0.059812698	-0.1272347401	0.1216944932	-0.1126387502	0.1003291122	0.1032304207148797	-0.0003491210541711	0.010656519760971	1.218855104655443e-07	-0.0273419382957058	0.0035438465938853	0.0007475815897661	1.2558848680992455e-05	0.2492445685261657	-0.0166101516514202	0.0621228549397945	0.0002758971378831	0.0004530094330836	9.59482555494e-05	9.206067742972967e-09	2.052175464627247e-07	-0.0013603353185362	0.0003966488951752	1.850512178856985e-06	1.5733034604378602e-07	0.0029518107550786	3.79891386564999e-05	8.713186733797695e-06	1.443174655862775e-09
837.4235403453707	-0.082333221915178	0.0067787594309339	701278.1859245747	1360.650412638476	-2.3710128881368746	5.621702115711163	1851369.5454132548	778.3633865506381	1.354125607491255	1.833656160863561	605849.561522578	862.4195130916222	752.2974565964969	1.000606	28.142271	0.0774507539641291	0.0417588115717039	0.0468783176	-0.0885617617	0.1035990821	0.0923156277	-0.1165452246	-0.0932400253	0.0653341534	0.064896831	-0.0919409866	0.036274805	-0.0119264946	-0.0408061245	-0.0047314633	0.0788501137	-0.0277783277	0.2771452502	0.0179396801	0.0081563766	-0.0284067959	0.1325133293	0.0922703661	-0.0736337759	0.0682721685	0.0865420954	0.0996933579	-0.1133363152	0.034109846	-0.1177651226	0.0103848102	0.0036976	-0.106458778	-0.158691448	-0.0883500508	-0.0697965441	0.0883428542	0.0831797804	-0.1513302737	0.0292132797	0.1418500021	-0.1864241581	-0.1539984131	-0.0252787164	0.0591996058	-0.1562166327	-0.0494684747	0.0597257302	-0.023345526	0.074763575	-0.0541093323	-0.0267581476	-0.0480217716	-0.0032606772	0.0158523474	-0.0414332873	0.1108299928	0.0033618131	-0.0302660396	-0.0435898516	-0.0665259808	-0.0734769453	0.0221921757	-0.1195895392	0.0072233112	-0.149391885	-0.0976249966	0.0127345656	0.0266510364	-0.0133852008	-0.0290600247	-0.0257594575	0.1552643619	0.0749968585	-0.0964461163	0.1157899978	0.0312976101	0.0248116142	0.0679835762	0.0288824864	0.1725084399	-0.2107443669	0.1100418087	0.0012429097	0.1123617548	0.0890461717	0.0241886429	0.0374397338	0.0127834564	0.0982233171	0.0270995077	0.1009836076	0.0263283777	0.0795458446	0.0312647754	0.0936567509	0.0219834204	0.0197397964	0.2232744864	0.1286155963	-0.0036643104	0.0622649166	0.0118146302	0.0720655596	0.1167325962	-0.0077513036	-0.0729619675	0.1365509862	0.0046785307	0.1526172403	0.0150728022	-0.0168813632	0.0446343997	-0.0573748905	0.0342844989	0.0231470824	-0.0548686953	0.0043966535	0.1237809721	0.0088061514	-0.0717002793	0.0774614869	-0.1078583913	-0.159015571	0.1321159591	0.0248102497	0.0863351909	-0.1277634447	0.1237830955	-0.1172407796	0.1082719048	0.0990764022385377	-0.004154018476342	0.0098161334805325	1.7255869501790735e-05	0.00089392576308	0.0282358640587858	7.991032698981602e-07	0.0007972640191462	0.2563823808922905	0.0071378123661247	0.0657319252319995	5.094836537400398e-05	-6.284570936643187e-05	-0.00051585514245	2.6610652799214265e-07	3.949583185770023e-09	-0.0015080884015468	-0.0001477530830105	2.2743306268799824e-06	2.1830973539137242e-08	0.0028569577992817	-9.485295579689984e-05	8.162207866876534e-06	8.997083223408633e-09
837.2115478228449	-0.2119925225258612	0.0449408296068777	700923.1758079237	1354.4667943966615	-6.183618241814429	38.23713456050017	1834580.297123168	777.6743548357928	-0.6890317148453278	0.474764704062693	604777.4021692665	861.4066400309822	747.7234707189754	0.934469	26.282139	0.0918593653437953	0.0476124919371703	0.0917648395	-0.0257552868	-0.0061563537	-0.0363033208	-0.0621070229	0.0381966892	0.1390847785	-0.1066484583	-0.0189684358	0.0643614789	0.0879495368	0.108509799	-0.0601441569	0.0153991372	-0.0632208742	0.1653825713	-0.0632615088	-0.0406932752	-0.0529701906	-0.0284906603	0.0988575757	-0.0324623092	0.0227864293	-0.0312972602	-0.0330001053	-0.1350033988	-0.1144604443	-0.0190352435	0.1126151455	0.0592009158	-0.0044507445	-0.032201593	0.0703096575	0.1208614356	0.0509662179	0.0125728858	-0.1345714176	0.0133847497	0.0458748694	0.0103222649	-0.0581263187	0.0780699952	0.0616313189	0.0725697924	-0.0275503571	-0.0914807742	0.010189122	0.1648871826	0.1398931226	0.2167442932	0.1368738312	0.0349725441	0.2372443042	0.1722729101	-0.064627779	-0.0967637223	0.078207757	0.0578518546	-0.0781306114	-0.0060274405	0.0549674022	0.0317752038	-0.0885499611	0.028877788	-0.1121744134	-0.003252038	0.0697400274	-0.0048659088	0.003475897	-0.0571658471	0.0328644626	-0.0423074148	-0.0716051315	-0.0568691285	0.2034910744	-0.0790282625	0.0867402138	0.0836139005	0.0122609487	-0.081757758	0.1435655531	-0.0523679183	-0.1084015037	-0.0751632144	0.0105038994	0.1157195676	0.0202313231	0.0261901288	0.0005313738	0.0873298023	-0.0270014581	-0.0594900335	0.0098596912	-0.0733368573	-0.0068620393	0.0075922432	-0.0540551829	-0.0117287592	0.2391592844	-0.0619461003	0.0213589163	-0.0473930049	0.0771499326	-0.0327827737	-0.0665240438	0.0625456956	0.0936936406	0.032619339	-0.0094036333	-0.0039417928	0.0518931169	0.100687663	-0.0161098475	0.024970831	-0.0089954545	-0.0620454755	-0.0625612497	0.1855170052	0.015931552	0.0990110023	-0.0318417552	-0.1840257087	-0.027995268	-0.0333030015	0.1252060963	-0.1282045865	0.1255324169	-0.1211199807	0.1150284477	0.0934611245391749	-0.0056152776993627	0.0087349818001271	3.1531343640961085e-05	-0.0354685196077184	-0.0363624453707984	0.0012580158831631	0.0013222274333442	0.285787764587468	0.0294053836951775	0.081674646387902	0.0008646765902606	0.0001911304301072	0.0002539761394736	6.450387942192973e-08	3.653084131296327e-08	-0.0014447224476417	6.33659539051e-05	2.087222950719825e-06	4.015244114303258e-09	0.0029491408774721	9.218307819039992e-05	8.697431915176908e-06	8.497719904657385e-09
837.9273617761096	0.7158139532647283	0.5123896156884786	702122.2636130713	1359.4959675005286	5.029173103867151	25.29258210866076	1848229.2856501983	777.2361565068736	-0.4381983289191566	0.1920177754675414	604096.0429815773	861.5193872652463	743.5106149520466	0.877564	24.681673	0.1005404481345522	0.0508752667049036	0.0522217179	-0.0206448319	-0.0316921392	-0.0839874272	-0.0169850161	0.0604761683	0.0729373235	-0.0823954411	-0.0246713075	0.0240966755	0.0442325572	0.0600397582	-0.0761254623	0.078550488	0.0579290279	0.0909320071	-0.1195930991	0.1057153523	0.0660035679	-0.0161247621	0.1096995359	-0.1493799573	-0.011090524	-0.0673218017	-0.0617014234	-0.1763969784	0.1891686259	0.0049512608	0.1134106819	-0.0795486298	-0.0156242907	-0.0501914483	0.0341268665	0.0637396139	-0.0961005818	0.0323670128	-0.0345563428	0.1195671544	0.0262563985	-0.0249246075	0.0859780447	-0.0410783007	-0.0573188911	-0.036758589	-0.0228033897	0.0698722358	-0.1179155251	-0.0043869764	0.0319262804	-0.011885126	-0.039458251	0.0432439726	-0.0688595584	0.0329310444	-0.106219276	-0.0344415022	0.0043650259	-0.1016211952	-0.0013773359	-0.0175082165	-0.1274069508	0.0313590955	-0.0708297009	0.045525434	-0.1053610287	0.0102711782	0.0562706844	-0.0491296521	0.0924706237	-0.1294867235	0.2399014372	-0.0441276734	-0.0299943618	0.0674290104	0.0853290412	0.0020784414	-0.0251819088	-0.0668143375	0.0676947921	-0.0284530984	-0.0675385137	0.0532033935	0.112365362	-0.0042526202	-0.0110602776	0.1705244187	0.068337354	-0.0109326848	0.0749087144	0.068149615	0.0300363908	0.0440985768	0.0453250085	-0.0111146198	0.0324996391	-0.0147574463	-0.0695622431	0.0340305173	-0.0941009268	-0.0526508987	0.0143145489	-0.0349221873	0.0681156441	-0.0706814309	-0.0480541112	0.069082787	0.1173957235	0.0028414836	0.0478209771	0.0231506316	0.0608265686	-0.2763293226	-0.0050291583	0.0896279445	-0.0405047234	-0.1796297611	-0.1033363502	-0.0027382629	0.0334661419	0.2718525774	0.0453894263	-0.0832896311	-0.0550893635	-0.1258513624	0.0892738905	-0.1285578634	0.1269376627	-0.1242524367	0.1205247148	0.0911574069257028	-0.0023037176134721	0.0083096728374181	5.3071148426216026e-06	-0.0006215383868521	0.0348469812208663	3.863099663307107e-07	0.0012143121002074	0.2607908187674042	-0.0249969458200638	0.068011851153373	0.0006248473003312	0.0004815810118151	0.0002904505817079	8.436154041445749e-08	2.3192027094085545e-07	-0.0015898777574039	-0.0001451553097621	2.527711283487654e-06	2.1070063952160218e-08	0.0026168906993392	-0.0003322501781329	6.848116932288007e-06	1.1039018086934378e-07
838.9400499093081	1.0126881331984805	1.0255372551210231	703820.4073418323	1368.471458580843	8.975491080314441	80.5594401328041	1872714.13295038	777.5881658598769	0.3520093530032682	0.1239105846017794	604643.3556853274	862.4065838156768	756.0634228303471	1.038777	29.215824	0.148359459289689	0.0765973340481524	-0.0116480551	0.1463672664	-0.0830275374	-0.0467073836	0.1401288245	0.1467656471	-0.0708898075	0.0449356721	0.0675229662	0.0136116422	-0.2747221084	-0.0173248644	-0.0967856408	-0.1076448199	-0.0533323113	-0.0626720934	-0.0710948795	0.132199984	-0.0121548341	-0.0647179229	0.0661401526	0.0588201928	-0.0088766299	0.1148349034	-0.1109248255	0.0625406961	0.0346305757	0.070171595	0.0608427125	-0.0382100879	0.0310813116	-0.07540922	0.1257930682	0.0008033738	-0.1398133359	-0.0047286781	-0.1249162435	0.0506842844	-0.1336122883	0.0103230379	-0.1251466321	0.0295772071	0.0843121293	0.0246040021	-0.0015972802	0.0558710032	0.0532414031	-0.168924966	-0.1384178721	-0.1250618229	0.0528999514	0.1168899388	0.0152984104	0.0509750628	-0.0640711701	-0.0311587116	-0.0713831557	-0.165777182	0.0838365964	-0.0631681593	0.0737918896	0.12582364	-0.002245483	-0.0150250743	0.053263177	0.0738391769	0.1133367386	-0.0576107477	-0.0526848196	-0.0116673567	-0.0775547124	-0.2389453472	-0.0660789445	0.0677005967	-0.0202715899	-0.1614115661	-0.0725987126	-0.0533199947	0.0048042403	-0.0001483857	-0.0224944395	0.1039682707	0.1030089021	0.1444449112	-0.0228439523	0.0147104371	0.0385610154	0.1351235289	0.0139514538	-0.1708170741	0.0134827	0.0130822178	-0.0387506917	0.0550996834	0.0040496887	-0.0472526946	0.0455292736	-0.2052042638	-0.1230881851	-0.0494166232	0.2252782132	-0.1054256062	-0.1052535716	-0.0650161016	0.0188695221	0.020741121	-0.0631680278	-0.1174996556	0.0148835082	-0.0402274659	-0.203113985	0.3791300659	0.0609792179	-0.0429701197	-0.1079056852	-0.2701667853	-0.0968287867	-0.112106312	0.2860929938	0.0125686478	0.0467783588	0.0545666725	0.0733478279	0.0584009909	0.0970442798	-0.1288230331	0.1279949812	-0.1266188352	0.124700488	0.1160315073937425	0.0248741004680397	0.0134633107080641	0.0006187208740941	-0.0622770808638364	-0.0616555424769843	0.0038784348009208	0.0038014059181312	0.257787683265974	-0.0030031355014301	0.0664544896436381	9.01882283995021e-06	-6.180022641399724e-05	-0.000543381238229	2.952631700593868e-07	3.819267984821321e-09	-0.0021350797160417	-0.0005452019586378	4.558565393852707e-06	2.972451757024936e-07	0.0025289402793414	-8.795041999779983e-05	6.395538936475359e-06	7.735276377789388e-09
838.8157040598142	-0.1243458494939204	0.0154618902863647	703611.7853773617	1361.2080859044554	-7.263372676387689	52.75658263609527	1852887.4531316715	777.5428096802957	-0.0453561795811765	0.0020571830261999	604572.8208855286	861.4077041151321	756.1995720440053	1.02375	28.793175	0.1463910089690259	0.075104845932858	-0.0756603388	-0.0304955526	-0.0363166762	-0.070432823	0.0842408117	-0.0249134977	-0.083967333	0.0061805664	0.0681213036	-0.0540135192	-0.0531672246	-0.0078452615	-0.1560146499	-0.0659334829	-0.054118406	-0.125503115	-0.0790280578	-0.1136501746	0.0678361707	0.0181718529	-0.1051527448	-0.0377285967	0.062109573	-0.0867674039	-0.0735211621	0.2122992543	0.0623058572	0.021759341	-0.1544568478	0.0596778952	0.1642109862	0.0321937463	-0.0770763676	0.0357749073	0.0661552856	-0.1937511074	-0.0077102399	0.0523971333	-0.0832456764	0.1093551816	-0.1115238785	-0.0644353931	0.1339603416	0.1161564462	0.0236558396	0.0434915733	-0.0319327279	-0.110635831	-0.2191568781	0.0413879188	0.0937696549	0.1339443015	-0.0264180256	0.0091328446	0.1009276106	-0.1296230073	0.0158384659	-0.1682939044	-0.0072055592	0.1241368253	0.0354836839	-0.0293220561	0.0374201641	0.0502228259	0.0672794938	-0.0002226255	0.0421381584	-0.1164759348	0.0421978951	0.1346608324	-0.0821097312	-0.1023397724	-0.0565250559	-0.1375901421	-0.2886006946	0.0064990871	-0.0290072416	-0.0390107848	-0.3129620134	0.12533589	-0.0802349023	0.0227095615	-0.0583294311	0.0487652153	-0.0287781431	-0.0227899954	0.1139036123	-0.0140772049	0.1464649688	-0.0904870911	0.0282749171	0.1088969764	-0.0552098761	0.0286082337	-0.0445282001	0.0123430017	0.0873727613	0.057288857	0.015323523	0.0181351407	0.0999852135	0.0729508594	-0.0805218498	-0.2790785296	0.3127173412	-0.2555962053	-0.181332673	-0.1312220831	-0.0582880456	0.0611725717	-0.2368789164	0.41529821	0.0633319838	-0.1780427177	-0.0832890534	0.0928867203	0.0560741223	0.0067638989	-0.1294584575	0.0860944676	-0.0532828405	-0.0178146454	0.034098615	0.0497061246	-0.0153364777	-0.1289999139	0.1287014744	-0.1282045865	0.1275100165	0.1078366130869739	-0.0081948943067686	0.0116287351220697	6.715629269910849e-05	-0.1131982230292294	-0.050921142165393	0.0128138376969751	0.0025929627194281	0.2200517000298845	-0.0377359832360895	0.0484227506860422	0.0014240044307944	-5.149823798700996e-06	5.665040261529624e-05	3.209268116475163e-09	2.652068515766716e-11	-0.0013710093409688	0.0007640703750729	1.879666613023703e-06	5.838035380640424e-07	0.0026989992868687	0.0001700590075272	7.28459715051775e-06	2.8920066041170183e-08
839.0792915023828	0.2635874425686779	0.069478339879896	704054.0574281408	1361.1368684950908	-0.0712174093646353	0.00507191939661	1852693.574776622	779.1513154713925	1.6085057910968317	2.5872908799920444	607076.7724008014	863.2134720085961	749.8352642691709	1.050533	29.546474	0.2127488625613783	0.1276009486312342	0.0389946908	-0.1321047472	-0.0327484843	0.0418662215	-0.0269665863	-0.0580262012	0.0553114654	0.028534597	-0.0218030164	0.0155557942	-0.0121159304	-0.0338845136	-0.1173488824	0.070588682	-0.00260963	0.142464669	0.0625573138	-0.0849296763	0.1504753095	0.0815853637	0.0389766675	-0.0652067127	0.0617459341	-0.0792280043	-0.04341893	-0.01034015	-0.0491380928	-0.0394197334	-0.0053053552	0.1334945544	0.0094402559	0.0890293281	0.0705887598	-0.0572882568	-0.0130493491	-0.0757325715	0.0131795405	-0.0661170934	-0.0905149715	-0.184949677	0.0259013988	0.0266166028	0.041968851	-0.0418356828	0.0617865146	0.0364409577	-0.0753906798	0.0579432189	-0.0122435131	0.0084882538	-0.0189180476	-0.0026312583	-0.09043123	-0.0230507831	-0.0904336991	0.0403034711	0.0496480172	-0.0270075602	0.0634052135	-0.0558009178	-0.170181043	-0.0745389166	-0.0104380907	-0.0293046118	-0.0531904218	0.0174196431	0.0890662987	-0.0537799585	0.011366321	0.0704736076	0.1207658423	0.0675100901	-0.0232058443	0.0081851869	-0.0177117223	-0.0179396744	0.1291127504	0.0356777525	-0.010193479	0.0239772014	0.0100266725	0.0354333428	-0.004312273	-0.0169215036	-0.0850080618	-0.1941794829	0.0436104753	-0.1362735886	-0.0268566063	0.1115881466	-0.1187580326	-0.031857388	-0.0118103875	0.0361730026	-0.0065194036	-0.0520742552	-0.0888766237	0.1314971848	-0.0173737065	-0.0998740585	0.0078962028	0.0421686023	0.100568659	-0.1061885869	-0.0432669629	0.0312746986	0.0937748419	0.0785812241	-0.0339158416	0.0448273982	0.0491856433	-0.2430365241	-0.0446678454	0.0525902431	0.0676713975	-0.0308846408	0.0128399919	-0.17443868	-0.0808131298	0.1311947983	-0.0018240634	0.0272742354	0.004248071	0.1017858243	0.1469550272	-0.1290883846	0.1290552057	-0.1289999139	0.1289225186	0.0979323591868706	-0.0099042539001033	0.0095907469759062	9.809424531771142e-05	0.0008626956824429	0.1140609187116723	7.442438405056209e-07	0.0130098931773507	0.2746826508063122	0.0546309507764277	0.0754505586539824	0.0029845407827364	0.0004530587466714	0.0004582085704701	2.0995509405225354e-07	2.052622279354598e-07	-0.001160895042207	0.0002101142987617	1.3476772990207925e-06	4.414801854416294e-08	0.0026842673726371	-1.4731914231599743e-05	7.205291327804081e-06	2.1702929692721108e-10
