#!ascii label  , from subject sub-v1s8x0051339_ses-1 vox2ras=TkReg
6004
32591  -22.221  -55.104  76.338 0.1000000015
33508  -22.096  -54.239  75.139 0.1000000015
32584  -22.682  -55.100  77.239 0.1000000015
33500  -23.069  -54.334  77.122 0.1000000015
33503  -22.713  -54.430  76.484 0.1000000015
34489  -22.710  -53.790  75.784 0.1000000015
34494  -22.328  -53.423  74.893 0.1000000015
34490  -23.190  -53.095  76.247 0.1000000015
35435  -22.366  -52.380  73.714 0.1000000015
35439  -21.993  -52.265  72.819 0.1000000015
132426  -22.545  -51.512  73.360 0.1000000015
36343  -22.353  -51.297  72.472 0.1000000015
36350  -22.232  -51.016  71.670 0.1000000015
36358  -22.144  -50.777  70.895 0.1000000015
35526  -30.399  -52.889  61.645 0.2000000030
36419  -29.748  -51.249  61.838 0.2000000030
37343  -28.552  -50.446  61.774 0.2000000030
36427  -29.095  -51.834  61.599 0.2000000030
139964  -24.960  -48.107  82.369 0.2000000030
123925  -24.494  -48.757  80.569 0.3000000119
36307  -24.351  -51.344  79.781 0.1000000015
37212  -24.048  -50.735  79.051 0.1000000015
138356  -24.241  -49.445  80.010 0.2000000030
38946  -24.314  -47.855  80.256 0.3000000119
38097  -24.009  -49.808  79.241 0.1000000015
38094  -23.947  -48.830  79.501 0.3000000119
36316  -23.773  -51.755  77.971 0.1000000015
37211  -23.872  -51.040  78.158 0.1000000015
127032  -23.827  -50.200  78.357 0.1000000015
133352  -23.586  -53.156  77.633 0.1000000015
35423  -23.580  -52.212  77.331 0.1000000015
36326  -23.678  -51.309  77.390 0.1000000015
144609  -23.419  -52.886  76.917 0.2000000030
35425  -23.394  -52.263  76.510 0.2000000030
35430  -22.526  -52.572  74.569 0.1000000015
35427  -23.183  -52.184  75.781 0.1000000015
36335  -22.730  -51.744  74.222 0.1000000015
36338  -23.038  -50.951  73.873 0.3000000119
37262  -22.884  -50.569  72.959 0.1000000015
37269  -22.636  -50.288  71.424 0.1000000015
37270  -23.125  -49.516  71.088 0.1000000015
37278  -22.530  -50.127  70.521 0.1000000015
124742  -22.814  -49.428  69.332 0.1000000015
34585  -31.997  -53.230  62.118 0.2000000030
35516  -30.895  -52.339  61.969 0.2000000030
35527  -31.200  -53.075  61.793 0.2000000030
36428  -30.063  -52.091  61.693 0.2000000030
37344  -29.058  -50.985  61.667 0.1000000015
40769  -23.692  -46.091  81.078 0.3000000119
39845  -23.824  -47.949  79.164 0.3000000119
40774  -23.523  -46.261  79.899 0.3000000119
38096  -23.720  -49.347  78.570 0.2000000030
38952  -23.676  -48.591  78.674 0.3000000119
40779  -23.577  -46.737  79.014 0.3000000119
37218  -23.721  -50.511  77.513 0.2000000030
38955  -23.535  -48.862  77.917 0.3000000119
139993  -23.675  -47.319  78.799 0.3000000119
122188  -23.350  -46.749  78.111 0.3000000119
126651  -23.524  -51.619  76.787 0.2000000030
38100  -23.637  -49.706  77.714 0.2000000030
39852  -23.518  -47.907  78.193 0.3000000119
39861  -23.387  -47.458  77.416 0.3000000119
36330  -23.444  -51.523  76.120 0.2000000030
123882  -23.613  -50.070  76.085 0.2000000030
38959  -23.589  -48.717  76.393 0.2000000030
123939  -23.458  -48.315  77.246 0.3000000119
37237  -23.477  -50.782  75.724 0.2000000030
38107  -23.538  -50.037  75.149 0.2000000030
38964  -23.845  -48.301  75.475 0.3000000119
130837  -23.890  -47.684  74.850 0.3000000119
36333  -23.223  -51.401  75.398 0.2000000030
129206  -23.856  -49.132  74.869 0.3000000119
37256  -23.366  -50.163  73.629 0.3000000119
38129  -23.706  -49.319  73.413 0.3000000119
123744  -23.377  -49.853  72.921 0.3000000119
38977  -23.981  -48.480  73.673 0.3000000119
37263  -23.159  -49.897  72.122 0.1000000015
123581  -23.563  -48.742  71.221 0.2000000030
38159  -22.923  -49.496  70.075 0.1000000015
39017  -23.548  -48.354  69.850 0.3000000119
39026  -23.372  -48.429  69.074 0.2000000030
142331  -23.547  -47.953  68.587 0.3000000119
39955  -24.009  -46.981  67.513 0.2000000030
40947  -24.847  -46.711  64.676 0.1000000015
40960  -25.942  -46.701  63.654 0.1000000015
39074  -28.374  -48.495  62.470 0.1000000015
37337  -30.290  -50.745  62.413 0.2000000030
38203  -28.671  -49.709  62.027 0.1000000015
36420  -30.584  -51.568  62.194 0.2000000030
37336  -29.399  -50.336  62.047 0.2000000030
41731  -23.081  -45.248  79.875 0.3000000119
124003  -23.253  -45.961  78.918 0.3000000119
140223  -23.070  -46.169  77.600 0.3000000119
122379  -23.090  -45.712  78.056 0.3000000119
42714  -37.232  -43.999  77.130 0.6000000238
43615  -38.004  -43.450  76.740 0.5000000000
44433  -38.537  -42.270  77.341 0.4000000060
43616  -38.885  -43.164  76.697 0.4000000060
138826  -23.483  -47.645  76.457 0.3000000119
122697  -23.118  -46.592  77.044 0.3000000119
43617  -39.619  -42.930  76.488 0.4000000060
39878  -23.576  -47.245  75.517 0.3000000119
41760  -36.959  -46.495  76.698 0.8999999762
41752  -37.006  -45.370  76.848 0.8000000119
42727  -38.569  -44.387  76.427 0.8000000119
38968  -23.995  -48.376  74.512 0.3000000119
40794  -36.337  -47.105  77.203 0.8999999762
41761  -37.727  -46.120  76.610 0.8000000119
41763  -39.106  -45.146  76.035 0.6999999881
42728  -39.314  -44.011  76.207 0.5000000000
42729  -39.895  -43.684  76.067 0.4000000060
39896  -23.914  -47.576  74.007 0.4000000060
123386  -23.595  -46.689  73.901 0.4000000060
40801  -36.785  -47.122  76.471 0.8999999762
40802  -37.531  -47.021  76.243 0.8999999762
41772  -38.834  -46.134  75.793 0.8000000119
38986  -23.877  -48.597  72.844 0.3000000119
38997  -23.723  -48.631  72.018 0.3000000119
38987  -23.885  -47.920  72.308 0.4000000060
39883  -36.779  -47.372  76.028 0.8999999762
39876  -36.979  -47.286  76.122 0.8999999762
39885  -38.063  -46.986  75.444 0.8999999762
40812  -38.435  -46.757  75.522 0.8999999762
41773  -39.620  -45.790  75.535 0.8999999762
38998  -23.774  -47.941  71.376 0.3000000119
39008  -23.768  -47.620  70.644 0.4000000060
40810  -36.298  -47.197  75.639 0.8999999762
39892  -37.730  -47.031  75.381 0.8999999762
39893  -38.313  -46.725  74.713 0.8999999762
39946  -23.659  -47.774  69.274 0.3000000119
39939  -23.911  -47.022  69.435 0.3000000119
39891  -37.166  -47.179  75.537 0.8999999762
40823  -37.534  -46.854  74.923 0.8999999762
40835  -38.994  -46.871  73.800 0.8999999762
40833  -37.005  -46.267  74.320 0.8999999762
40834  -37.982  -46.516  74.133 0.8999999762
40846  -39.253  -46.565  72.967 1.0000000000
40935  -24.702  -46.541  65.533 0.1000000015
41797  -37.307  -45.879  73.438 1.0000000000
40845  -38.335  -46.344  73.222 1.0000000000
40857  -39.436  -46.338  72.104 1.0000000000
40936  -25.358  -46.027  65.044 0.2000000030
40948  -25.571  -46.305  64.274 0.1000000015
41824  -38.761  -45.885  71.416 1.0000000000
39998  -26.447  -47.286  63.144 0.1000000015
40008  -27.881  -47.833  62.656 0.1000000015
34587  -33.691  -53.697  62.637 0.2000000030
41823  -37.940  -45.493  71.597 1.0000000000
128806  -38.202  -45.490  70.901 1.0000000000
41839  -38.855  -45.646  70.528 1.0000000000
140166  -29.323  -49.423  62.441 0.1000000015
36421  -31.389  -51.866  62.617 0.2000000030
34586  -32.810  -53.372  62.602 0.2000000030
125501  -37.411  -45.150  70.735 1.0000000000
41853  -38.489  -45.240  69.764 1.0000000000
35517  -31.646  -52.581  62.388 0.2000000030
41852  -37.581  -45.066  69.738 1.0000000000
42805  -38.101  -45.005  69.055 1.0000000000
42698  -23.117  -44.138  78.781 0.4000000060
41738  -23.053  -45.014  78.900 0.4000000060
42701  -34.743  -44.460  78.839 0.4000000060
41748  -23.034  -44.857  77.851 0.5000000000
122186  -22.948  -45.602  77.258 0.4000000060
42712  -35.649  -44.986  77.933 0.5000000000
43606  -36.745  -43.124  77.737 0.5000000000
43607  -37.687  -42.566  77.548 0.3000000119
42713  -36.362  -44.781  77.467 0.6999999881
44432  -38.161  -41.577  77.608 0.3000000119
44421  -38.809  -41.425  77.327 0.3000000119
44434  -39.191  -42.082  76.963 0.3000000119
44446  -41.779  -41.597  75.247 0.4000000060
43623  -42.048  -42.284  75.063 0.5000000000
123366  -23.167  -46.696  76.155 0.4000000060
41751  -36.512  -46.043  77.217 0.6999999881
44435  -39.845  -41.958  76.476 0.4000000060
40807  -23.078  -46.241  75.471 0.4000000060
122842  -23.183  -45.741  74.773 0.4000000060
39865  -35.829  -47.830  77.230 0.8000000119
42741  -39.823  -44.695  75.834 0.8000000119
42742  -40.398  -43.938  75.696 0.5000000000
39875  -36.290  -47.543  76.600 0.8000000119
42743  -40.988  -44.155  75.165 0.5000000000
39907  -23.955  -47.150  72.556 0.4000000060
40841  -23.800  -46.136  72.661 0.4000000060
39882  -35.933  -47.670  76.333 0.8999999762
39886  -38.747  -46.686  74.813 0.8999999762
40813  -39.227  -46.499  75.113 0.8999999762
41784  -40.804  -46.140  74.542 0.8999999762
130706  -23.890  -47.047  70.990 0.4000000060
40853  -24.017  -46.234  71.377 0.4000000060
40809  -35.170  -47.113  75.624 0.8999999762
39900  -39.134  -46.878  74.224 0.8999999762
39894  -39.753  -46.938  74.343 1.0000000000
40824  -40.526  -46.823  74.085 0.8999999762
39947  -23.893  -47.150  68.515 0.3000000119
40882  -24.305  -46.206  69.672 0.3000000119
40821  -35.626  -46.544  74.911 0.8999999762
40836  -39.779  -46.949  73.364 1.0000000000
145845  -40.771  -46.995  73.149 1.0000000000
142666  -24.565  -46.256  67.104 0.4000000060
41796  -36.140  -45.611  73.585 0.8999999762
40858  -40.237  -46.511  71.920 1.0000000000
41897  -25.742  -45.275  66.187 0.3000000119
41795  -35.116  -45.354  73.227 0.8999999762
41840  -39.726  -45.948  70.367 1.0000000000
41825  -39.537  -46.208  71.180 1.0000000000
40950  -27.201  -46.258  64.369 0.2000000030
41821  -35.827  -45.071  71.806 1.0000000000
38194  -29.831  -49.069  62.994 0.1000000015
42794  -35.793  -44.728  70.145 1.0000000000
41838  -36.352  -44.937  70.879 1.0000000000
122722  -39.219  -45.479  69.858 1.0000000000
37329  -31.295  -50.978  63.836 0.2000000030
34571  -32.764  -52.854  63.605 0.2000000030
34572  -33.405  -53.305  63.437 0.2000000030
42810  -35.569  -44.301  68.592 1.0000000000
42803  -36.161  -44.592  69.375 1.0000000000
41867  -39.050  -45.159  69.078 1.0000000000
35496  -32.682  -52.489  64.500 0.2000000030
42820  -35.366  -44.079  67.679 1.0000000000
139806  -36.295  -44.281  67.821 1.0000000000
42804  -37.398  -44.850  69.029 1.0000000000
42813  -38.486  -44.822  68.387 1.0000000000
35497  -33.122  -52.806  65.126 0.2000000030
34557  -33.241  -53.030  64.394 0.2000000030
121563  -36.076  -43.938  67.041 1.0000000000
146494  -36.826  -44.161  67.232 1.0000000000
42822  -38.042  -44.555  67.742 1.0000000000
43674  -35.871  -43.743  66.144 1.0000000000
42832  -36.964  -43.975  66.353 1.0000000000
143451  -36.558  -43.772  65.789 0.8999999762
133331  -34.946  -43.555  64.810 0.8999999762
43680  -36.214  -43.640  65.312 1.0000000000
43700  -35.348  -43.381  63.658 0.8999999762
43690  -36.561  -43.627  64.644 1.0000000000
121944  -34.906  -43.393  62.724 0.8000000119
123088  -35.964  -43.698  62.849 0.8000000119
40013  -31.677  -47.183  61.093 0.3000000119
123047  -35.077  -43.561  61.823 0.8000000119
41742  -34.143  -45.476  78.963 0.5000000000
42707  -23.238  -44.140  77.585 0.5000000000
42718  -23.407  -44.137  76.539 0.5000000000
41757  -22.994  -44.786  76.878 0.5000000000
40782  -33.779  -47.237  78.478 0.5000000000
41743  -35.006  -45.600  78.307 0.6000000238
43592  -35.867  -43.673  78.059 0.6000000238
40800  -22.879  -45.688  76.314 0.5000000000
123071  -22.999  -44.770  76.105 0.5000000000
143491  -34.270  -47.349  78.285 0.6000000238
41750  -35.830  -46.184  77.735 0.6999999881
44420  -37.126  -41.722  77.810 0.3000000119
127571  -23.299  -45.014  74.886 0.6999999881
42734  -23.432  -44.485  75.526 0.4000000060
40792  -34.743  -47.382  77.971 0.6999999881
40793  -35.593  -47.363  77.669 0.8000000119
45292  -38.268  -40.835  77.121 0.3000000119
135427  -38.865  -40.930  77.074 0.3000000119
45293  -39.342  -41.357  76.844 0.3000000119
45313  -40.720  -41.340  75.723 0.2000000030
44457  -42.363  -41.566  74.777 0.4000000060
40817  -23.315  -46.079  74.148 0.4000000060
39864  -35.059  -48.123  77.487 0.8000000119
45291  -37.369  -40.828  77.108 0.3000000119
136118  -38.021  -40.901  76.672 0.3000000119
45311  -38.731  -40.899  76.620 0.3000000119
45331  -39.312  -41.177  75.831 0.2000000030
132505  -41.607  -43.165  75.027 0.4000000060
143646  -42.063  -42.876  74.813 0.5000000000
43630  -42.527  -42.671  74.575 0.6000000238
42762  -23.867  -44.689  73.925 0.5000000000
39881  -34.763  -48.053  76.387 0.8000000119
145046  -38.798  -41.761  75.195 0.2000000030
41775  -41.035  -45.164  74.746 0.8000000119
42753  -41.557  -44.406  74.634 0.8000000119
42755  -42.651  -43.758  74.080 0.8000000119
43635  -43.653  -43.296  73.432 0.8000000119
141503  -23.946  -45.891  72.003 0.4000000060
41801  -24.110  -45.284  72.396 0.4000000060
40825  -41.125  -46.603  73.780 0.8999999762
41786  -42.270  -45.618  73.614 0.8000000119
42768  -42.641  -44.709  73.638 0.8000000119
42769  -43.253  -44.142  73.470 0.8000000119
40866  -24.301  -46.024  70.479 0.4000000060
39890  -34.258  -47.222  75.378 0.8999999762
39902  -40.476  -46.970  73.519 1.0000000000
40838  -41.362  -46.905  73.167 0.8000000119
136452  -42.381  -46.345  73.130 0.8000000119
40912  -24.472  -46.266  67.972 0.4000000060
40883  -24.853  -45.404  69.192 0.4000000060
40820  -34.552  -46.433  74.597 0.8999999762
40848  -40.749  -46.849  72.570 1.0000000000
39923  -41.309  -46.755  72.369 1.0000000000
39904  -41.522  -46.885  72.867 1.0000000000
40913  -25.171  -45.653  66.617 0.5000000000
40899  -25.010  -45.386  68.329 0.5000000000
40831  -34.496  -45.786  73.579 0.8999999762
40859  -41.023  -46.596  71.750 1.0000000000
40937  -27.484  -45.979  65.176 0.4000000060
41806  -34.993  -45.098  72.350 0.8999999762
129864  -35.708  -45.216  72.745 0.8999999762
39988  -28.471  -47.164  64.234 0.1000000015
129063  -34.872  -44.893  71.497 0.8999999762
38195  -30.425  -49.655  63.552 0.1000000015
42792  -34.159  -44.692  70.386 1.0000000000
41837  -35.404  -44.762  70.910 0.8999999762
41854  -39.941  -45.607  69.536 1.0000000000
37319  -30.978  -50.257  64.179 0.1000000015
33584  -34.736  -53.837  63.616 0.2000000030
42802  -35.228  -44.459  69.496 1.0000000000
42824  -39.708  -44.768  67.811 1.0000000000
35507  -32.184  -52.075  64.063 0.2000000030
34573  -34.018  -53.568  64.243 0.2000000030
136606  -35.618  -54.049  64.043 0.2000000030
129687  -34.707  -44.155  68.194 1.0000000000
42823  -38.875  -44.652  67.711 1.0000000000
123985  -32.819  -52.428  65.382 0.2000000030
34538  -33.717  -53.298  65.256 0.2000000030
136426  -34.358  -53.665  65.099 0.2000000030
42819  -34.469  -44.087  67.515 1.0000000000
122883  -37.597  -44.230  67.099 1.0000000000
123218  -38.463  -44.378  67.051 1.0000000000
42830  -34.288  -43.968  66.727 0.8999999762
42831  -35.132  -43.872  66.885 0.8999999762
145562  -37.566  -43.925  65.872 1.0000000000
42833  -38.050  -44.071  66.310 1.0000000000
43673  -34.818  -43.704  66.122 0.8999999762
143388  -38.085  -43.868  65.482 1.0000000000
43672  -33.736  -44.056  65.650 0.8999999762
43687  -33.761  -43.911  64.858 0.8999999762
43679  -35.340  -43.628  65.384 0.8999999762
43691  -37.256  -43.749  64.231 0.8999999762
42844  -38.029  -43.827  64.629 1.0000000000
144489  -32.952  -45.148  65.105 0.8000000119
42842  -33.274  -44.583  65.188 0.8000000119
43698  -33.570  -43.688  63.934 0.8000000119
43701  -36.414  -43.676  63.741 1.0000000000
39077  -33.369  -49.016  62.593 0.3000000119
40963  -32.669  -46.304  63.641 0.6000000238
42855  -32.953  -44.518  63.813 0.8000000119
43699  -34.395  -43.296  63.702 0.8000000119
39076  -32.632  -48.435  62.079 0.3000000119
40970  -31.952  -46.125  62.327 0.5000000000
135887  -32.346  -45.934  62.984 0.6000000238
42869  -32.726  -44.598  63.007 0.6999999881
43708  -33.384  -43.694  62.237 0.8000000119
43709  -34.228  -43.451  62.063 0.8000000119
43710  -35.805  -43.598  61.975 0.8999999762
40014  -32.175  -47.741  61.576 0.3000000119
40979  -31.895  -46.963  61.989 0.3000000119
142296  -31.835  -45.569  61.843 0.6000000238
41961  -32.053  -44.857  61.685 0.6000000238
43719  -32.942  -43.760  61.682 0.6000000238
43720  -33.695  -43.345  61.446 0.6999999881
43721  -34.802  -43.316  61.413 0.8000000119
43722  -35.701  -43.428  61.346 0.8999999762
41960  -31.578  -45.398  61.166 0.4000000060
42895  -31.749  -44.619  60.902 0.5000000000
121688  -32.814  -43.560  61.077 0.5000000000
43732  -33.446  -43.060  60.735 0.5000000000
43733  -34.470  -42.973  60.898 0.6000000238
43734  -35.477  -43.082  60.825 0.8999999762
43730  -31.969  -43.626  60.087 0.4000000060
43745  -31.712  -43.552  59.477 0.4000000060
43746  -32.269  -43.089  59.772 0.4000000060
44559  -33.111  -42.772  60.081 0.4000000060
44570  -34.679  -42.379  59.838 0.5000000000
142654  -32.070  -42.346  58.665 0.4000000060
44578  -32.738  -41.849  58.592 0.5000000000
44569  -33.801  -42.257  59.724 0.5000000000
42692  -33.168  -44.004  79.951 0.3000000119
42693  -33.972  -44.282  79.393 0.3000000119
43580  -34.639  -43.159  79.296 0.3000000119
43599  -23.615  -43.710  77.386 0.6000000238
41734  -33.220  -45.096  79.394 0.4000000060
143170  -33.369  -46.263  78.859 0.5000000000
134445  -35.281  -43.440  78.676 0.4000000060
42719  -23.840  -43.933  75.963 0.6999999881
145641  -32.254  -47.710  77.861 0.6000000238
39862  -32.829  -48.141  77.935 0.5000000000
139992  -35.722  -42.612  78.588 0.2000000030
42735  -24.255  -44.127  75.211 0.6000000238
38956  -32.297  -48.299  77.343 0.6999999881
39853  -33.339  -47.773  78.264 0.6999999881
44419  -36.285  -41.409  78.235 0.2000000030
45336  -42.955  -41.123  74.288 0.4000000060
131903  -43.661  -41.431  73.784 0.5000000000
42749  -23.711  -44.606  74.636 0.5000000000
38961  -32.615  -48.960  76.839 0.8000000119
139800  -33.714  -48.900  77.335 0.8000000119
44456  -39.236  -41.877  74.793 0.2000000030
45332  -40.047  -41.463  75.094 0.2000000030
45314  -41.347  -41.299  75.300 0.2000000030
45335  -42.233  -41.111  74.528 0.3000000119
44458  -43.110  -41.936  74.265 0.4000000060
44471  -43.798  -42.394  73.591 0.6999999881
135958  -44.369  -42.482  73.081 0.6000000238
42763  -24.497  -44.519  73.606 0.4000000060
38104  -32.764  -49.297  76.321 0.8000000119
38966  -33.294  -49.148  76.443 0.8000000119
126715  -38.185  -41.658  75.613 0.2000000030
43636  -44.122  -43.146  73.129 0.8000000119
43643  -44.596  -43.061  72.739 0.8000000119
42776  -24.716  -44.678  72.928 0.4000000060
38110  -32.906  -49.578  75.795 0.8000000119
39880  -33.852  -48.693  76.498 0.8000000119
41814  -24.361  -45.329  71.711 0.4000000060
41802  -24.864  -44.702  72.193 0.4000000060
135358  -32.865  -50.010  74.409 0.8999999762
138420  -33.660  -48.056  75.494 0.8000000119
41798  -42.924  -45.468  73.080 0.8000000119
41810  -43.487  -45.818  72.392 0.8999999762
42781  -43.578  -44.814  72.899 0.8999999762
133573  -44.336  -43.794  72.811 0.8000000119
40867  -24.794  -45.484  69.880 0.4000000060
41831  -25.113  -44.978  70.340 0.4000000060
123113  -33.008  -49.562  73.603 0.8999999762
145182  -33.393  -47.881  74.462 0.8999999762
127639  -42.021  -46.809  72.859 0.8999999762
40850  -43.049  -46.724  72.002 0.8999999762
41846  -25.466  -44.880  69.639 0.5000000000
40860  -41.842  -46.635  71.549 1.0000000000
39924  -41.816  -46.715  72.240 1.0000000000
41912  -27.020  -45.307  65.645 0.4000000060
125959  -25.895  -44.714  67.794 0.5000000000
40830  -33.847  -46.428  73.751 0.8999999762
41841  -40.529  -46.074  70.226 1.0000000000
40872  -41.241  -46.437  70.756 1.0000000000
40938  -28.207  -46.403  65.535 0.4000000060
41899  -27.266  -45.048  66.445 0.5000000000
40856  -33.484  -46.309  71.747 0.8999999762
40844  -33.877  -45.962  72.945 0.8999999762
41869  -40.716  -45.522  68.738 1.0000000000
41855  -40.840  -45.834  69.552 1.0000000000
41835  -33.568  -45.662  71.294 0.8999999762
41820  -34.285  -45.218  71.876 0.8999999762
41886  -40.500  -45.072  68.000 1.0000000000
39068  -30.041  -48.927  63.925 0.1000000015
133356  -33.592  -45.178  70.472 0.8999999762
145770  -34.684  -44.696  70.844 0.8999999762
143444  -40.329  -45.574  69.093 1.0000000000
38185  -30.579  -49.569  64.547 0.1000000015
33561  -36.723  -53.884  65.572 0.2000000030
128119  -33.704  -44.786  69.070 0.8999999762
42800  -33.750  -44.840  69.877 0.8999999762
41868  -39.911  -45.231  68.643 1.0000000000
36403  -31.801  -51.533  64.415 0.2000000030
140692  -35.000  -53.763  65.379 0.2000000030
33572  -35.803  -54.010  65.186 0.2000000030
42809  -34.539  -44.338  68.893 1.0000000000
42836  -40.469  -44.381  66.248 1.0000000000
145392  -39.944  -44.408  66.645 1.0000000000
34540  -35.568  -53.622  66.106 0.2000000030
125171  -33.943  -44.354  68.222 1.0000000000
42846  -39.443  -44.034  65.420 1.0000000000
42834  -38.855  -44.200  66.468 1.0000000000
35484  -33.433  -52.867  65.855 0.2000000030
34539  -34.468  -53.468  65.901 0.2000000030
42818  -33.643  -44.487  67.282 0.8999999762
42858  -38.903  -43.804  64.932 1.0000000000
41901  -33.143  -44.971  66.500 0.8999999762
42872  -38.869  -43.932  63.060 1.0000000000
145015  -33.335  -44.588  65.882 0.8999999762
42857  -38.041  -43.895  63.671 1.0000000000
38186  -34.798  -49.277  64.312 0.3000000119
40952  -32.896  -46.315  64.356 0.8000000119
123845  -33.007  -45.367  65.653 0.8999999762
43702  -37.312  -43.837  63.269 0.8999999762
40010  -32.977  -48.122  63.021 0.3000000119
43711  -36.644  -43.708  62.103 1.0000000000
42883  -38.138  -43.803  61.758 1.0000000000
40971  -32.312  -46.707  62.841 0.4000000060
40002  -32.737  -47.271  63.392 0.6000000238
43724  -37.107  -43.497  60.910 0.8999999762
43723  -36.524  -43.555  61.367 0.8999999762
40009  -32.428  -47.551  62.502 0.3000000119
44561  -35.111  -42.676  60.274 0.6000000238
43747  -35.989  -42.794  60.126 0.8999999762
44580  -34.616  -41.951  59.319 0.5000000000
145431  -34.213  -41.594  58.909 0.5000000000
43571  -25.841  -42.339  79.747 0.6000000238
42690  -31.940  -45.040  79.659 0.4000000060
43578  -32.485  -43.697  80.717 0.2000000030
42691  -32.421  -44.631  79.940 0.3000000119
43579  -33.285  -43.034  80.476 0.2000000030
139188  -33.866  -43.316  79.851 0.3000000119
43601  -24.905  -43.425  77.438 0.6999999881
41733  -32.521  -45.599  79.284 0.4000000060
42736  -25.215  -44.022  75.587 0.6999999881
43613  -24.075  -43.562  76.723 0.6999999881
41740  -31.621  -46.166  78.447 0.6000000238
40780  -32.242  -46.694  78.551 0.6000000238
43591  -35.307  -42.365  78.945 0.3000000119
122618  -24.437  -43.795  75.949 0.6999999881
39879  -31.298  -47.659  76.125 0.6999999881
40790  -31.928  -47.074  78.102 0.6000000238
44409  -35.306  -41.658  78.964 0.2000000030
44410  -35.790  -41.804  78.687 0.2000000030
38960  -32.028  -48.732  76.580 0.6999999881
123557  -36.060  -40.997  77.929 0.2000000030
45290  -36.457  -40.944  77.249 0.2000000030
45356  -43.463  -40.949  73.669 0.4000000060
44472  -44.436  -41.770  73.219 0.5000000000
44473  -45.135  -41.712  72.683 0.5000000000
138624  -25.199  -44.312  74.052 0.6000000238
42751  -25.170  -44.197  74.757 0.6000000238
38965  -31.219  -48.382  75.493 0.8000000119
138914  -31.732  -49.075  75.897 0.8000000119
45308  -35.256  -41.778  75.206 0.2000000030
130527  -35.935  -41.400  76.371 0.2000000030
141620  -36.667  -41.164  76.587 0.2000000030
142061  -41.256  -41.288  74.147 0.2000000030
44484  -44.854  -42.256  72.703 0.6000000238
42764  -25.395  -44.344  73.464 0.5000000000
38970  -31.365  -49.308  75.182 0.8000000119
38108  -31.868  -49.709  75.442 0.8000000119
45329  -35.684  -41.873  74.465 0.2000000030
45309  -36.298  -41.741  75.471 0.2000000030
45330  -37.072  -42.007  74.953 0.2000000030
142133  -37.940  -42.550  73.604 0.2000000030
44469  -39.843  -41.948  74.172 0.2000000030
44470  -40.532  -42.018  73.494 0.2000000030
43644  -45.168  -42.948  72.389 0.8000000119
42785  -25.719  -44.320  71.908 0.4000000060
38119  -31.464  -50.015  74.706 0.8000000119
37248  -32.034  -50.299  74.808 0.8000000119
44480  -38.401  -42.756  72.673 0.1000000015
44481  -39.519  -42.707  73.105 0.2000000030
42783  -44.786  -44.031  72.319 0.8000000119
41815  -25.709  -44.469  71.008 0.4000000060
38131  -31.556  -50.675  74.138 0.8000000119
126229  -31.998  -50.969  74.116 0.8000000119
44467  -37.517  -42.470  72.784 0.2000000030
41811  -44.050  -45.628  71.956 0.8999999762
42782  -44.110  -44.722  72.504 0.8999999762
42789  -45.078  -44.852  71.368 0.8999999762
42790  -45.845  -44.241  70.980 0.8999999762
41832  -26.104  -44.580  70.209 0.5000000000
37257  -31.731  -51.170  73.549 0.8000000119
37250  -32.647  -50.517  73.859 0.8999999762
124864  -42.501  -46.668  71.720 1.0000000000
40861  -43.257  -46.631  71.404 0.8999999762
41826  -44.468  -45.935  71.353 0.8999999762
41827  -45.060  -45.777  70.798 0.8999999762
42795  -45.612  -45.210  70.520 0.8999999762
41863  -26.651  -44.606  68.526 0.6000000238
38142  -33.210  -50.228  72.833 0.8999999762
38989  -33.148  -48.454  73.615 0.8999999762
143813  -42.001  -46.554  70.680 1.0000000000
40874  -43.329  -46.645  70.859 1.0000000000
40875  -44.148  -46.604  70.324 1.0000000000
41842  -44.658  -46.351  70.574 1.0000000000
121611  -33.278  -47.870  72.705 0.8999999762
39899  -33.380  -47.330  73.685 0.8999999762
130971  -41.668  -46.306  69.939 1.0000000000
40887  -42.509  -46.537  70.150 1.0000000000
131698  -28.669  -47.045  65.092 0.3000000119
40925  -28.430  -46.272  66.371 0.4000000060
39922  -33.432  -47.156  71.905 0.8999999762
39909  -33.424  -46.791  72.882 0.8999999762
126812  -41.316  -45.419  68.193 1.0000000000
41856  -41.533  -45.893  69.012 1.0000000000
39989  -29.081  -47.599  64.658 0.2000000030
122785  -33.423  -46.648  71.088 0.8999999762
130408  -29.677  -48.368  65.318 0.2000000030
39932  -33.448  -47.086  70.237 0.8999999762
137752  -33.470  -47.699  71.011 0.8999999762
141117  -41.075  -44.945  67.523 1.0000000000
41850  -33.319  -45.405  69.696 1.0000000000
40870  -33.256  -46.028  70.384 0.8999999762
42837  -41.368  -44.670  66.734 1.0000000000
37320  -31.449  -50.871  64.773 0.2000000030
142049  -40.653  -44.359  65.633 1.0000000000
42825  -40.368  -44.592  67.154 1.0000000000
36395  -31.957  -51.402  66.106 0.1000000015
126537  -33.602  -52.714  66.540 0.2000000030
125770  -33.315  -44.981  68.167 1.0000000000
41866  -33.188  -45.635  68.860 1.0000000000
42860  -40.604  -44.295  63.884 1.0000000000
42859  -39.817  -44.124  64.662 1.0000000000
146600  -33.868  -53.212  65.929 0.2000000030
34528  -34.122  -53.129  66.529 0.2000000030
34529  -35.010  -53.414  66.773 0.2000000030
41885  -33.073  -45.487  67.276 1.0000000000
122421  -33.153  -46.182  68.051 1.0000000000
42873  -40.531  -44.423  62.925 1.0000000000
144123  -39.270  -44.006  64.315 1.0000000000
39038  -34.335  -48.637  67.096 0.8000000119
141820  -38.765  -43.982  64.046 1.0000000000
38182  -35.569  -49.689  65.547 0.3000000119
37306  -36.134  -50.293  66.054 0.3000000119
40926  -33.030  -46.155  66.388 0.8999999762
42884  -38.875  -43.826  62.070 1.0000000000
39978  -33.581  -47.366  65.405 0.6999999881
40939  -33.100  -46.454  65.538 0.8999999762
132586  -38.323  -43.833  61.087 0.8999999762
39070  -34.238  -48.833  63.941 0.3000000119
39069  -33.646  -48.499  63.508 0.3000000119
39990  -33.558  -47.517  64.612 0.6000000238
43737  -37.921  -43.439  60.347 0.8999999762
42882  -37.433  -43.695  61.417 0.8999999762
40003  -33.384  -47.736  63.824 0.5000000000
127217  -36.374  -42.679  59.555 0.8999999762
43736  -37.224  -43.245  60.454 0.8999999762
140954  -35.401  -42.012  59.109 0.5000000000
43577  -31.265  -43.682  80.627 0.4000000060
132593  -31.841  -44.178  80.479 0.3000000119
43587  -26.507  -43.116  79.079 0.6000000238
140717  -31.465  -44.484  79.907 0.4000000060
43564  -31.786  -43.226  81.117 0.2000000030
43602  -25.971  -43.500  78.121 0.6999999881
42709  -26.720  -44.134  77.292 0.6000000238
41739  -31.226  -45.323  78.482 0.5000000000
42700  -31.590  -45.330  79.180 0.6000000238
42708  -25.815  -43.916  77.101 0.6999999881
41749  -30.959  -45.572  77.491 0.6000000238
42720  -25.048  -43.714  76.433 0.6999999881
42738  -27.045  -44.338  75.422 0.8000000119
139447  -30.879  -46.221  76.709 0.6999999881
40789  -31.396  -46.662  77.564 0.6000000238
44408  -34.679  -41.701  79.217 0.2000000030
44400  -34.087  -42.394  79.775 0.2000000030
42737  -26.088  -44.232  75.129 0.6999999881
40808  -30.832  -46.760  76.007 0.6999999881
39870  -31.267  -47.167  76.841 0.6999999881
45254  -34.362  -41.499  78.747 0.2000000030
46215  -44.030  -40.776  73.143 0.3000000119
46216  -44.775  -40.888  73.034 0.3000000119
124350  -25.917  -44.256  74.312 0.6999999881
122373  -26.818  -44.288  74.528 0.6999999881
135675  -30.388  -47.063  74.584 0.8000000119
39889  -30.713  -47.916  74.758 0.8000000119
139897  -35.010  -41.482  77.009 0.2000000030
45270  -35.268  -41.101  77.920 0.2000000030
45379  -42.088  -41.216  73.209 0.1000000015
45355  -42.722  -40.877  73.837 0.4000000060
45357  -44.212  -41.129  73.369 0.5000000000
128949  -45.715  -41.694  72.439 0.5000000000
146430  -25.750  -44.280  73.853 0.5000000000
42765  -26.391  -44.199  73.559 0.6999999881
122334  -30.622  -48.381  74.154 0.8000000119
134145  -35.136  -41.622  76.273 0.2000000030
45289  -35.673  -41.186  77.175 0.2000000030
140365  -40.854  -42.338  72.686 0.1000000015
45378  -41.354  -41.562  73.373 0.2000000030
45354  -41.914  -40.985  74.115 0.2000000030
44485  -45.577  -42.161  72.374 0.6999999881
44486  -46.222  -41.777  72.205 0.5000000000
42777  -25.619  -44.305  72.768 0.5000000000
42766  -27.454  -44.142  73.084 0.6999999881
38978  -30.435  -48.948  73.429 0.8000000119
38118  -30.926  -49.292  74.396 0.8000000119
45328  -35.013  -41.836  73.983 0.2000000030
45352  -35.698  -41.858  73.466 0.2000000030
140054  -36.288  -41.988  74.350 0.2000000030
125028  -39.226  -42.939  72.024 0.1000000015
44482  -40.152  -42.785  72.399 0.1000000015
42778  -26.590  -44.153  72.497 0.5000000000
38141  -30.543  -49.886  72.894 0.8000000119
38130  -30.935  -50.031  73.875 0.8000000119
123075  -34.918  -41.656  73.183 0.2000000030
45376  -36.034  -41.797  72.492 0.2000000030
127923  -36.820  -42.248  73.523 0.2000000030
44505  -38.987  -42.683  71.006 0.1000000015
44494  -38.325  -42.650  71.584 0.1000000015
43651  -46.086  -43.252  71.445 0.8999999762
44497  -46.155  -42.364  71.885 0.8000000119
42786  -26.663  -44.215  71.587 0.5000000000
42787  -27.474  -44.290  71.324 0.5000000000
37264  -31.124  -50.728  73.321 0.8000000119
45395  -35.515  -41.381  71.732 0.1000000015
142790  -37.623  -42.445  71.983 0.1000000015
43655  -46.564  -43.734  70.679 0.8999999762
41847  -26.416  -44.608  69.403 0.5000000000
41848  -27.424  -44.774  69.191 0.5000000000
37271  -30.862  -50.660  72.383 0.6999999881
36344  -32.022  -51.581  73.074 0.8000000119
36339  -32.463  -51.351  73.134 0.8999999762
45396  -36.299  -41.616  71.621 0.1000000015
45397  -37.084  -41.928  71.457 0.1000000015
41844  -46.004  -45.517  69.749 0.8999999762
42796  -46.332  -44.681  70.224 0.8999999762
137124  -26.864  -44.623  67.770 0.6000000238
41864  -27.631  -44.976  68.241 0.6000000238
41849  -28.267  -45.302  68.988 0.6000000238
37272  -31.418  -51.226  71.926 0.6999999881
36345  -32.533  -51.631  72.539 0.8999999762
36340  -32.946  -51.369  72.670 0.8999999762
40888  -43.215  -46.537  69.581 1.0000000000
131050  -43.943  -46.616  69.353 1.0000000000
40891  -45.137  -46.394  68.977 1.0000000000
41873  -45.904  -46.195  68.561 1.0000000000
41900  -27.967  -45.581  66.811 0.4000000060
41884  -28.187  -45.506  67.626 0.4000000060
40914  -28.755  -46.182  67.986 0.5000000000
36346  -33.239  -51.695  72.165 0.8999999762
38149  -33.844  -50.216  71.955 0.8999999762
40902  -42.375  -46.311  69.308 1.0000000000
40904  -43.712  -46.505  68.761 1.0000000000
137843  -44.510  -46.505  68.605 1.0000000000
40905  -45.413  -46.427  67.980 1.0000000000
40906  -46.182  -46.113  67.786 1.0000000000
39976  -28.834  -46.993  65.945 0.3000000119
39965  -29.033  -46.932  66.769 0.3000000119
122382  -33.263  -49.164  72.549 0.8999999762
41870  -42.323  -45.842  68.364 1.0000000000
41871  -43.336  -46.147  68.163 1.0000000000
40915  -44.485  -46.317  67.071 1.0000000000
40928  -44.993  -46.265  66.393 1.0000000000
39977  -29.262  -47.689  65.504 0.3000000119
39966  -29.381  -47.622  66.390 0.3000000119
38156  -34.169  -49.578  71.167 0.8999999762
39001  -33.432  -48.327  71.780 0.8999999762
41887  -41.833  -45.284  67.501 1.0000000000
41888  -42.858  -45.684  67.355 1.0000000000
41904  -43.729  -45.890  66.719 1.0000000000
39058  -30.099  -48.937  64.935 0.1000000015
39020  -33.617  -48.273  70.154 0.8999999762
41903  -42.916  -45.377  66.354 1.0000000000
41914  -42.919  -45.183  65.394 1.0000000000
37311  -31.105  -50.167  65.130 0.1000000015
37286  -35.064  -50.949  69.555 0.8000000119
38162  -34.051  -49.148  69.763 0.8999999762
42848  -41.299  -44.430  65.785 1.0000000000
136070  -42.959  -45.022  64.532 1.0000000000
37312  -31.452  -50.841  65.658 0.1000000015
37293  -35.137  -50.459  68.944 0.6999999881
141731  -34.645  -49.974  69.481 0.6999999881
141630  -33.883  -48.423  69.339 0.8999999762
39941  -33.520  -47.580  69.376 0.8999999762
135948  -40.841  -44.420  64.922 1.0000000000
42861  -41.568  -44.471  63.984 1.0000000000
138509  -32.453  -51.954  65.702 0.1000000015
35483  -33.056  -52.370  66.142 0.1000000015
38167  -34.748  -49.745  68.501 0.6999999881
39949  -33.331  -47.125  68.549 0.8999999762
143481  -33.170  -46.354  68.711 1.0000000000
145584  -41.241  -44.467  63.248 1.0000000000
35476  -34.020  -52.814  67.172 0.2000000030
34522  -35.959  -53.177  67.569 0.3000000119
38172  -35.361  -50.490  68.104 0.4000000060
122400  -34.820  -49.569  67.561 0.8000000119
39030  -34.219  -48.948  68.035 0.8000000119
141750  -40.608  -44.532  62.220 1.0000000000
35464  -36.073  -52.256  68.195 0.3000000119
34523  -36.506  -52.678  67.595 0.2000000030
122392  -33.109  -46.497  67.175 1.0000000000
42885  -40.174  -44.468  61.673 1.0000000000
36382  -36.459  -51.608  67.529 0.3000000119
37307  -36.308  -50.703  66.862 0.3000000119
39958  -33.801  -47.906  67.077 0.8000000119
130459  -33.381  -46.979  65.980 0.8999999762
42913  -38.588  -43.807  60.731 0.8999999762
42898  -39.661  -44.397  61.122 1.0000000000
39047  -35.019  -49.182  65.916 0.4000000060
39061  -35.006  -49.130  65.121 0.4000000060
39053  -34.507  -48.604  65.480 0.5000000000
39979  -34.017  -48.070  65.768 0.6000000238
129605  -33.691  -47.564  66.021 0.8999999762
144302  -38.769  -43.890  61.370 0.8999999762
39060  -34.451  -48.647  64.711 0.5000000000
39059  -33.928  -48.182  64.288 0.5000000000
42912  -37.811  -43.640  60.783 0.8999999762
43749  -37.218  -42.901  59.852 0.8999999762
43572  -26.969  -42.424  80.007 0.5000000000
123289  -27.820  -43.421  78.128 0.6000000238
43574  -28.940  -42.638  80.143 0.6000000238
145089  -30.233  -43.325  79.616 0.5000000000
43576  -30.594  -43.147  80.489 0.4000000060
42710  -27.639  -43.983  77.407 0.6000000238
43604  -28.498  -43.552  77.581 0.6000000238
42711  -29.890  -44.080  77.451 0.6000000238
145445  -30.291  -43.789  78.610 0.5000000000
121499  -29.079  -44.053  76.120 0.6999999881
124306  -30.678  -44.608  77.928 0.5000000000
43565  -32.616  -42.795  81.040 0.2000000030
42739  -28.307  -44.131  75.742 0.8000000119
42723  -28.386  -43.959  76.657 0.6999999881
41759  -30.460  -45.399  76.537 0.6999999881
45239  -32.820  -41.745  80.034 0.2000000030
44399  -33.257  -42.179  80.422 0.2000000030
42752  -27.957  -44.254  74.782 0.8000000119
40818  -30.005  -46.194  74.386 0.8000000119
121439  -30.404  -45.824  75.858 0.8000000119
45253  -33.559  -41.694  78.755 0.2000000030
46214  -43.362  -40.766  73.198 0.3000000119
46222  -43.865  -40.601  72.624 0.3000000119
122906  -28.224  -44.305  73.695 0.8000000119
40829  -30.067  -46.909  73.743 0.8000000119
135188  -30.376  -46.448  75.190 0.8000000119
45269  -34.041  -41.716  77.983 0.2000000030
45399  -42.126  -41.559  72.236 0.2000000030
45380  -42.753  -40.906  72.887 0.3000000119
46224  -45.462  -40.537  72.569 0.3000000119
45381  -45.342  -41.323  72.654 0.4000000060
122527  -27.391  -44.236  73.920 0.6999999881
134146  -29.901  -47.251  72.857 0.8000000119
45288  -34.444  -41.999  76.440 0.2000000030
141141  -41.571  -42.366  71.727 0.1000000015
42780  -28.217  -44.493  71.465 0.6999999881
121438  -30.070  -48.167  72.854 0.8000000119
44495  -39.913  -42.966  71.407 0.1000000015
44498  -46.637  -41.951  71.753 0.6999999881
41817  -27.849  -44.497  70.724 0.6000000238
141231  -28.418  -44.571  72.107 0.8000000119
38988  -30.129  -48.846  72.334 0.8000000119
43652  -46.765  -42.674  71.157 0.8000000119
41818  -28.648  -44.984  70.910 0.8000000119
40868  -28.996  -45.735  70.423 0.6000000238
39000  -30.121  -48.939  71.430 0.6999999881
126760  -30.458  -49.732  71.910 0.6999999881
45375  -35.204  -41.550  72.529 0.1000000015
45398  -37.723  -42.238  71.284 0.1000000015
45420  -38.168  -42.290  70.737 0.1000000015
42797  -46.997  -44.107  69.907 0.8999999762
143081  -47.088  -43.272  70.354 0.8000000119
41834  -28.190  -45.054  69.964 0.5000000000
40885  -29.219  -46.678  69.228 0.6000000238
40869  -29.274  -46.595  70.043 0.6999999881
38148  -30.453  -49.540  71.122 0.6999999881
45419  -36.635  -41.434  70.898 0.1000000015
143021  -37.422  -41.816  70.731 0.1000000015
41858  -46.315  -45.690  68.993 0.8999999762
42806  -46.679  -44.953  69.418 0.8999999762
40900  -28.803  -46.036  68.740 0.5000000000
142332  -29.547  -47.349  68.966 0.6999999881
140316  -31.576  -51.043  71.003 0.6999999881
36359  -32.091  -51.658  71.517 0.6999999881
36352  -32.699  -51.891  71.896 0.6999999881
46234  -35.837  -41.168  71.039 0.1000000015
42815  -47.576  -44.514  68.264 0.8999999762
39956  -29.232  -47.055  67.637 0.4000000060
40901  -29.196  -46.830  68.476 0.6000000238
39035  -29.803  -47.983  67.620 0.5000000000
39948  -29.682  -47.650  68.350 0.6000000238
40916  -44.760  -46.501  67.716 1.0000000000
40917  -45.865  -46.263  67.147 1.0000000000
146727  -46.713  -45.611  67.628 1.0000000000
41892  -47.923  -44.688  66.886 0.8999999762
39044  -29.794  -48.247  66.903 0.4000000060
39036  -30.219  -48.794  67.504 0.4000000060
36353  -33.459  -52.020  71.537 0.6999999881
37273  -34.040  -51.424  71.735 0.8000000119
126878  -45.240  -46.107  65.972 1.0000000000
41917  -46.255  -45.629  65.573 1.0000000000
41918  -46.995  -45.359  65.987 1.0000000000
42839  -48.253  -44.366  66.350 1.0000000000
39052  -30.120  -48.985  65.852 0.3000000119
38170  -30.629  -49.502  67.267 0.4000000060
37274  -34.491  -51.461  70.890 0.8000000119
38150  -34.443  -50.556  71.139 0.8000000119
41915  -43.736  -45.595  65.790 1.0000000000
40941  -44.943  -46.003  65.724 1.0000000000
40943  -45.630  -45.972  65.826 1.0000000000
41934  -46.895  -45.131  65.242 1.0000000000
42863  -47.392  -44.495  64.902 1.0000000000
38181  -30.595  -49.571  65.506 0.1000000015
37304  -31.018  -50.197  66.028 0.1000000015
37298  -31.121  -50.099  66.902 0.2000000030
123278  -34.811  -51.588  70.120 0.6999999881
38157  -34.667  -50.763  70.275 0.8000000119
146561  -33.932  -49.147  70.497 0.8999999762
123544  -43.682  -45.399  64.790 1.0000000000
40955  -44.812  -45.767  64.942 1.0000000000
41932  -45.191  -45.736  64.712 1.0000000000
133224  -45.616  -45.551  64.543 1.0000000000
42876  -46.992  -44.235  64.236 1.0000000000
43692  -47.752  -43.830  64.599 1.0000000000
37305  -31.546  -50.730  66.497 0.1000000015
36388  -32.228  -51.153  66.944 0.3000000119
36380  -32.838  -51.696  67.475 0.1000000015
41913  -42.078  -44.640  64.933 1.0000000000
41930  -43.428  -45.064  63.777 1.0000000000
127291  -43.835  -45.276  63.294 1.0000000000
41952  -44.164  -45.265  62.836 1.0000000000
42875  -45.572  -45.023  63.382 1.0000000000
42890  -45.899  -44.434  63.080 1.0000000000
36389  -32.681  -51.803  66.539 0.1000000015
35475  -33.393  -52.296  67.064 0.1000000015
139033  -33.866  -52.539  67.735 0.2000000030
37294  -35.502  -51.188  68.918 0.6000000238
36369  -35.296  -51.721  69.461 0.6999999881
39021  -34.315  -49.014  68.946 0.8000000119
42874  -42.062  -44.596  63.143 1.0000000000
41941  -43.210  -44.941  62.903 1.0000000000
41951  -43.508  -45.041  62.639 1.0000000000
35468  -34.461  -52.815  67.886 0.3000000119
35463  -35.557  -52.569  68.500 0.3000000119
36375  -35.742  -51.965  68.867 0.5000000000
39029  -33.822  -48.149  68.587 0.8000000119
122407  -41.126  -44.640  61.904 1.0000000000
42886  -41.470  -44.609  62.507 1.0000000000
41962  -42.711  -44.792  62.074 1.0000000000
41963  -43.245  -44.880  62.268 1.0000000000
35469  -35.294  -53.018  67.944 0.4000000060
36381  -35.884  -51.417  68.231 0.3000000119
145006  -33.577  -47.684  68.121 0.8000000119
42899  -40.591  -44.521  61.235 1.0000000000
37300  -35.938  -50.847  67.568 0.3000000119
39957  -33.401  -47.292  67.613 0.8999999762
139452  -35.571  -50.127  67.091 0.4000000060
38171  -34.978  -49.312  66.697 0.5000000000
42928  -39.628  -44.146  60.501 0.8999999762
42914  -39.272  -44.130  60.809 1.0000000000
145624  -35.898  -50.234  66.590 0.3000000119
38177  -35.554  -49.783  66.332 0.4000000060
39046  -34.468  -48.644  66.239 0.5000000000
42927  -39.068  -43.891  60.556 0.8999999762
43758  -38.060  -43.132  59.791 0.8000000119
44393  -26.142  -41.792  80.138 0.2000000030
134440  -27.727  -42.069  80.620 0.4000000060
43573  -27.987  -42.573  79.980 0.5000000000
43563  -30.993  -42.889  80.961 0.4000000060
44397  -30.192  -42.472  80.763 0.4000000060
44383  -30.599  -42.232  80.848 0.3000000119
43614  -29.148  -43.861  77.015 0.6999999881
42724  -29.593  -44.251  76.638 0.6999999881
44385  -32.042  -42.464  81.152 0.2000000030
42740  -28.931  -44.331  75.257 0.8000000119
41758  -29.770  -44.791  75.864 0.8000000119
44398  -32.482  -42.065  80.699 0.2000000030
41782  -28.920  -44.495  74.330 0.8000000119
41771  -29.893  -45.565  75.052 0.8000000119
45252  -32.219  -41.639  79.609 0.2000000030
140493  -42.810  -41.224  71.828 0.2000000030
46221  -43.276  -40.711  72.577 0.3000000119
46223  -44.570  -40.527  72.563 0.3000000119
145415  -29.425  -45.419  73.542 0.8000000119
46237  -45.106  -39.977  72.127 0.3000000119
41803  -28.939  -44.982  72.495 0.8000000119
141144  -29.743  -46.443  73.138 0.8000000119
44431  -33.666  -42.334  76.859 0.2000000030
45422  -42.061  -42.132  71.253 0.1000000015
45383  -46.816  -40.986  72.116 0.5000000000
42767  -28.332  -44.393  72.796 0.8000000119
40855  -29.478  -46.459  71.717 0.8000000119
45306  -33.792  -42.423  74.970 0.2000000030
44507  -40.497  -42.985  70.770 0.1000000015
44496  -40.839  -42.749  71.773 0.1000000015
45401  -47.365  -40.980  71.668 0.6999999881
125083  -28.807  -45.052  71.727 0.8000000119
125793  -29.345  -46.556  70.899 0.8000000119
39921  -29.624  -47.417  71.438 0.8000000119
38999  -29.870  -48.270  71.665 0.8000000119
45351  -34.334  -41.680  73.410 0.2000000030
44506  -39.631  -42.817  70.413 0.1000000015
43656  -47.435  -42.471  70.460 0.6999999881
40854  -29.160  -45.690  71.285 0.8000000119
39931  -29.569  -47.410  70.519 0.6999999881
45374  -34.377  -41.452  72.635 0.1000000015
45441  -37.899  -41.778  69.905 0.1000000015
43659  -47.607  -43.312  69.598 0.8000000119
39940  -29.591  -47.403  69.668 0.6999999881
39018  -29.901  -48.193  70.116 0.6999999881
38155  -30.573  -49.701  70.413 0.6999999881
45373  -33.634  -41.575  72.596 0.2000000030
144134  -33.971  -41.548  73.024 0.2000000030
45394  -34.711  -41.246  71.826 0.1000000015
43663  -47.995  -43.791  68.697 0.8000000119
39027  -29.997  -48.157  69.159 0.6999999881
143624  -32.183  -51.533  70.671 0.6999999881
46233  -35.048  -40.979  71.119 0.1000000015
46247  -36.166  -41.038  70.333 0.1000000015
42826  -47.784  -44.614  67.493 0.8999999762
43668  -48.653  -43.479  67.614 0.8999999762
39028  -30.163  -48.512  68.308 0.6000000238
140155  -30.342  -49.009  68.984 0.6000000238
37284  -31.243  -50.135  68.814 0.6000000238
37280  -31.731  -50.863  70.159 0.6999999881
36360  -32.856  -52.028  71.057 0.6999999881
46232  -34.252  -40.882  71.167 0.1000000015
38166  -30.627  -49.427  68.303 0.5000000000
37285  -31.787  -50.694  69.299 0.6000000238
129512  -32.810  -51.797  70.240 0.6999999881
36361  -33.677  -52.117  70.834 0.6999999881
42864  -48.152  -44.002  65.202 1.0000000000
42849  -48.551  -43.917  65.777 1.0000000000
37291  -31.181  -50.052  67.842 0.4000000060
37292  -31.733  -50.618  68.370 0.5000000000
36373  -32.338  -51.105  68.898 0.5000000000
36367  -32.869  -51.629  69.387 0.6000000238
35447  -33.327  -52.080  70.420 0.6999999881
36362  -34.345  -52.003  70.534 0.6999999881
43705  -48.056  -43.174  64.343 1.0000000000
37299  -31.677  -50.619  67.405 0.4000000060
36379  -32.290  -51.121  67.919 0.4000000060
36374  -32.868  -51.629  68.456 0.4000000060
35452  -33.378  -52.024  69.761 0.6000000238
43703  -46.633  -43.995  63.550 1.0000000000
43704  -47.335  -43.560  63.997 1.0000000000
44545  -47.623  -42.877  63.807 1.0000000000
35467  -33.419  -52.124  68.033 0.3000000119
35460  -33.427  -52.004  68.938 0.4000000060
35453  -33.823  -52.268  69.315 0.5000000000
36368  -34.745  -52.121  69.808 0.6999999881
42887  -43.796  -44.988  62.319 1.0000000000
42888  -44.491  -44.976  62.489 1.0000000000
42889  -45.176  -44.783  62.752 1.0000000000
43714  -46.218  -43.648  62.947 1.0000000000
44551  -47.248  -42.423  63.338 1.0000000000
35462  -34.824  -52.691  68.574 0.3000000119
35461  -34.008  -52.470  68.542 0.4000000060
35454  -34.431  -52.392  69.244 0.6000000238
42902  -44.069  -44.551  62.028 1.0000000000
126970  -45.073  -43.403  62.051 1.0000000000
44549  -45.726  -43.071  62.466 1.0000000000
44550  -46.515  -42.722  62.920 1.0000000000
45492  -46.851  -41.801  62.835 1.0000000000
35455  -35.196  -52.302  69.135 0.4000000060
127038  -41.832  -44.590  61.678 1.0000000000
42900  -42.653  -44.626  61.741 1.0000000000
43725  -43.456  -44.064  61.472 1.0000000000
43727  -44.596  -44.012  62.037 1.0000000000
44554  -44.453  -43.146  61.516 1.0000000000
44555  -45.252  -42.393  61.828 1.0000000000
44556  -46.029  -42.041  62.457 1.0000000000
42916  -41.332  -44.336  60.911 1.0000000000
42917  -42.263  -44.252  61.256 1.0000000000
42918  -42.931  -44.329  61.494 1.0000000000
142728  -43.294  -43.451  60.839 1.0000000000
43742  -43.774  -43.393  61.129 1.0000000000
39037  -33.836  -48.148  67.735 0.8000000119
43739  -41.009  -43.922  60.318 1.0000000000
43740  -41.900  -43.815  60.556 1.0000000000
43741  -42.771  -43.751  60.864 1.0000000000
43754  -42.957  -43.022  60.240 1.0000000000
44562  -43.473  -42.852  60.444 1.0000000000
43751  -40.166  -43.293  59.640 1.0000000000
43760  -39.547  -42.962  59.377 0.8999999762
43759  -38.788  -43.205  59.605 0.8000000119
46235  -43.601  -40.707  71.951 0.2000000030
138732  -43.376  -41.297  71.023 0.1000000015
46236  -44.349  -40.260  71.928 0.3000000119
47077  -45.958  -39.754  72.181 0.3000000119
47078  -46.755  -39.842  72.153 0.3000000119
46226  -47.163  -40.370  72.046 0.3000000119
44508  -41.901  -42.689  70.183 0.1000000015
45423  -42.685  -42.009  70.680 0.1000000015
121621  -43.272  -41.869  70.052 0.1000000015
138238  -40.216  -42.892  69.973 0.1000000015
44517  -41.324  -42.866  69.426 0.1000000015
44510  -47.818  -41.641  70.568 0.6999999881
45350  -33.590  -41.884  73.400 0.2000000030
44515  -39.602  -42.500  69.451 0.1000000015
44520  -48.561  -42.034  69.165 0.6999999881
46248  -36.996  -41.336  70.142 0.1000000015
43664  -48.474  -43.272  68.230 0.8000000119
45393  -33.912  -41.243  71.882 0.1000000015
134937  -35.681  -40.777  69.861 0.1000000015
43675  -49.222  -43.353  66.665 0.8999999762
43682  -49.328  -43.246  65.716 1.0000000000
43676  -49.639  -43.089  66.184 0.8999999762
43694  -49.195  -42.985  65.186 1.0000000000
44546  -48.241  -42.468  64.145 1.0000000000
139378  -47.798  -42.223  63.694 1.0000000000
45487  -47.604  -41.547  63.288 1.0000000000
45497  -45.758  -41.516  61.889 1.0000000000
44564  -44.618  -42.108  61.074 1.0000000000
46362  -45.968  -40.829  61.427 1.0000000000
44563  -44.030  -42.608  60.731 1.0000000000
45500  -44.296  -41.808  60.319 1.0000000000
136048  -40.767  -43.473  59.879 1.0000000000
43752  -41.522  -43.337  59.883 1.0000000000
44573  -42.605  -42.483  59.530 1.0000000000
44575  -43.727  -42.157  59.997 1.0000000000
46367  -45.410  -40.663  60.605 0.8999999762
43761  -40.248  -42.629  59.202 1.0000000000
44572  -41.905  -42.608  59.382 1.0000000000
44588  -42.219  -41.956  58.833 0.8999999762
45505  -43.431  -41.688  59.346 0.8999999762
45519  -43.718  -41.129  59.145 0.8999999762
44585  -39.895  -42.256  58.764 0.8000000119
44586  -40.711  -42.106  58.704 0.8000000119
44587  -41.500  -42.038  58.721 0.8999999762
45517  -41.825  -41.509  58.117 0.8000000119
45535  -42.715  -40.933  58.068 0.8999999762
140409  -43.184  -41.175  58.648 0.8999999762
44596  -41.131  -41.569  58.068 0.8000000119
146138  -43.930  -40.711  71.276 0.1000000015
47083  -45.517  -39.628  71.718 0.2000000030
47085  -47.380  -39.619  71.704 0.2000000030
46249  -44.433  -40.424  70.901 0.1000000015
47100  -44.984  -40.006  70.419 0.1000000015
47090  -45.618  -39.407  70.986 0.1000000015
46238  -47.722  -40.284  71.580 0.2000000030
47086  -48.018  -39.726  71.315 0.3000000119
45426  -48.111  -40.889  70.685 0.5000000000
47092  -48.778  -39.636  70.476 0.4000000060
45446  -48.946  -41.193  69.286 0.6999999881
46251  -49.075  -40.281  69.818 0.4000000060
44521  -49.139  -41.893  68.590 0.6999999881
44526  -49.393  -42.370  67.993 0.6999999881
43683  -49.948  -42.794  65.803 1.0000000000
44529  -49.761  -42.727  66.780 0.8999999762
44534  -49.846  -42.651  65.432 1.0000000000
44535  -50.375  -42.338  65.666 1.0000000000
45481  -48.969  -41.984  64.401 1.0000000000
45483  -50.421  -41.680  65.022 0.8999999762
45488  -48.297  -41.719  63.860 1.0000000000
45482  -49.754  -41.468  64.547 0.8999999762
141744  -47.658  -40.770  62.989 1.0000000000
46352  -48.230  -40.908  63.490 1.0000000000
46364  -47.271  -40.320  62.364 1.0000000000
45496  -45.286  -41.460  61.230 1.0000000000
46363  -46.580  -40.322  61.744 1.0000000000
46368  -46.252  -40.046  61.015 0.8999999762
45507  -44.666  -41.082  60.007 0.8999999762
47218  -45.784  -39.724  60.284 0.8999999762
47219  -46.561  -39.242  60.667 0.8999999762
46371  -44.297  -40.727  59.381 0.8999999762
47223  -45.372  -39.373  59.573 0.8999999762
46375  -43.777  -40.536  58.769 0.8999999762
47222  -44.549  -39.802  59.027 0.8999999762
48142  -44.502  -38.937  58.364 0.8999999762
45534  -42.151  -41.060  57.722 0.8999999762
47231  -43.271  -39.947  57.667 0.8999999762
146994  -43.316  -39.453  57.341 0.8999999762
46405  -42.115  -40.263  56.848 0.8000000119
46406  -42.795  -39.882  57.124 0.8000000119
47082  -44.957  -39.824  71.410 0.1000000015
47084  -46.627  -39.342  71.804 0.2000000030
47998  -47.800  -39.016  71.214 0.2000000030
47996  -46.378  -39.026  71.173 0.1000000015
142676  -48.361  -39.860  70.924 0.3000000119
47102  -49.338  -39.368  69.900 0.3000000119
46269  -49.654  -40.589  68.851 0.4000000060
45463  -50.117  -41.217  67.993 0.8000000119
45468  -50.711  -41.515  67.179 0.6000000238
45471  -51.450  -41.238  66.118 0.6000000238
45470  -50.929  -41.932  65.976 0.8999999762
45484  -51.126  -41.122  65.085 0.8000000119
46347  -50.541  -40.911  64.639 0.8999999762
47201  -48.912  -40.283  63.585 0.8999999762
46353  -49.743  -40.595  64.166 0.8999999762
46359  -48.107  -40.142  62.972 1.0000000000
47210  -47.920  -39.504  62.253 1.0000000000
47214  -47.064  -39.529  61.537 0.8999999762
47224  -46.088  -38.909  60.012 0.8999999762
47226  -45.065  -38.985  59.011 0.8999999762
48138  -45.701  -38.593  59.343 0.8999999762
46388  -43.828  -39.835  58.287 0.8999999762
48143  -45.321  -38.327  58.655 0.8999999762
47232  -43.780  -39.250  57.771 0.8999999762
136468  -44.244  -38.466  57.678 0.8999999762
47241  -41.687  -39.995  56.246 0.6999999881
47242  -42.394  -39.649  56.530 0.6999999881
47243  -43.038  -39.210  56.886 0.8000000119
48157  -42.652  -38.854  56.332 0.8999999762
48158  -43.333  -38.390  56.728 0.8999999762
47997  -47.117  -38.881  71.348 0.2000000030
47091  -48.345  -39.225  70.902 0.1000000015
47103  -49.936  -39.200  69.359 0.3000000119
140260  -50.313  -40.433  68.290 0.5000000000
48038  -50.687  -38.453  68.670 0.2000000030
46313  -51.483  -40.406  67.038 0.5000000000
46291  -51.282  -39.814  67.560 0.5000000000
46341  -51.885  -40.622  65.684 0.6999999881
47151  -51.870  -39.718  66.730 0.5000000000
46348  -51.873  -40.466  65.109 0.8000000119
46342  -52.332  -40.007  65.302 0.6999999881
46354  -50.554  -40.032  64.254 0.8999999762
47186  -51.347  -40.348  64.696 0.8999999762
47202  -49.738  -39.737  63.692 0.8999999762
47203  -50.575  -39.202  63.768 0.8999999762
47211  -48.875  -39.298  62.945 1.0000000000
48119  -49.580  -38.512  62.761 1.0000000000
48135  -47.267  -38.732  60.936 0.8999999762
48131  -48.502  -38.345  61.768 0.8999999762
48118  -48.897  -38.605  62.352 1.0000000000
48136  -47.951  -38.117  61.032 0.8999999762
146850  -47.384  -38.214  60.513 0.8999999762
48139  -46.438  -38.205  59.691 0.8999999762
48140  -47.150  -37.892  60.008 0.8999999762
48144  -46.007  -37.856  59.049 0.8999999762
48151  -44.921  -38.033  58.002 0.8999999762
49032  -44.585  -37.786  57.495 0.8999999762
49024  -45.608  -37.551  58.335 0.8999999762
49034  -45.875  -36.727  58.093 0.8999999762
48159  -43.997  -38.007  57.157 0.8999999762
49033  -45.183  -37.192  57.582 0.8999999762
48165  -42.275  -38.485  55.717 0.6999999881
49039  -43.633  -37.399  56.606 0.8999999762
49940  -44.268  -36.582  56.575 0.8999999762
49046  -42.976  -37.112  56.036 0.8000000119
49939  -43.575  -36.616  56.230 0.8000000119
48050  -52.406  -38.180  66.592 0.4000000060
47152  -52.494  -39.106  66.057 0.5000000000
47187  -52.081  -39.749  64.670 0.8999999762
47188  -52.647  -39.209  64.621 0.8000000119
48120  -50.479  -38.470  63.239 0.8999999762
49005  -48.788  -37.619  61.388 0.8999999762
49018  -48.291  -37.352  60.633 0.8999999762
142073  -48.494  -36.721  60.265 0.8999999762
49021  -46.782  -37.483  59.406 0.8999999762
138278  -47.726  -36.442  59.274 0.8999999762
49025  -46.334  -37.135  58.732 0.8999999762
49941  -44.991  -36.539  56.979 0.8999999762
127173  -45.389  -35.961  56.916 0.8999999762
49045  -42.442  -36.980  55.445 0.8000000119
125573  -43.130  -36.232  55.673 0.8000000119
49948  -43.986  -35.942  56.041 0.8999999762
50868  -44.836  -35.818  56.422 0.8999999762
49956  -41.821  -36.872  54.928 0.6999999881
139215  -42.987  -35.596  55.182 0.6999999881
50884  -42.437  -35.274  54.547 0.6000000238
50883  -41.738  -36.097  54.554 0.5000000000
47171  -52.760  -39.430  65.000 0.6000000238
48099  -51.487  -38.549  63.672 0.8999999762
48100  -52.941  -38.460  64.072 0.8999999762
48986  -50.332  -37.758  62.565 0.8999999762
48987  -51.451  -37.377  62.662 0.8999999762
49006  -49.720  -37.236  61.772 0.8999999762
49019  -49.173  -36.790  60.908 0.8999999762
49022  -47.635  -37.031  59.899 0.8999999762
49921  -48.336  -36.342  59.674 0.8999999762
49925  -47.403  -36.069  58.769 0.8999999762
49924  -46.632  -36.370  58.461 0.8999999762
49933  -46.214  -35.947  57.826 0.8999999762
50860  -45.930  -35.642  57.182 0.8999999762
50869  -45.531  -35.342  56.647 0.8999999762
50885  -43.307  -34.973  54.942 0.8000000119
50877  -43.654  -35.456  55.466 0.8000000119
141526  -44.451  -35.146  55.749 0.6999999881
134548  -52.971  -37.938  63.529 0.8000000119
48084  -53.111  -38.759  64.690 0.6999999881
140656  -51.677  -36.811  62.250 0.8999999762
48988  -52.459  -37.114  62.682 0.8999999762
49898  -50.218  -36.505  61.354 0.8999999762
142064  -49.802  -36.112  60.632 0.8999999762
50848  -48.863  -35.746  59.488 0.8999999762
49922  -49.152  -36.221  60.104 0.8999999762
49926  -48.108  -35.845  59.138 0.8999999762
50855  -47.843  -35.228  58.532 0.8999999762
50862  -47.348  -34.879  57.809 0.8999999762
50861  -46.618  -35.261  57.469 0.8999999762
50870  -46.217  -34.908  56.874 0.8999999762
52730  -46.496  -34.046  56.439 0.8000000119
50878  -45.113  -35.081  56.172 0.8999999762
51827  -45.107  -34.502  55.731 0.8000000119
52738  -45.115  -33.794  55.241 0.6999999881
51835  -43.758  -34.308  54.791 0.6999999881
51826  -44.468  -34.380  55.227 0.6999999881
52751  -44.353  -33.556  54.677 0.6999999881
51841  -41.986  -34.293  53.721 0.4000000060
51834  -42.974  -34.387  54.355 0.6000000238
53611  -44.670  -32.684  54.356 0.6999999881
52749  -42.792  -33.764  53.849 0.5000000000
53610  -43.900  -32.878  53.976 0.5000000000
53620  -42.628  -32.543  52.999 0.5000000000
53629  -42.355  -32.237  52.096 0.3000000119
48971  -53.170  -37.374  63.174 0.8000000119
140043  -52.184  -36.412  62.072 0.8000000119
49899  -51.307  -36.274  61.652 0.8999999762
124524  -51.976  -35.927  61.612 0.8999999762
50837  -51.041  -35.283  60.329 0.8999999762
49913  -51.523  -35.617  61.135 0.8999999762
137887  -49.587  -35.670  59.826 0.8999999762
139368  -48.563  -35.264  59.010 0.8999999762
50856  -49.398  -35.043  59.209 0.8999999762
50849  -50.213  -35.178  59.751 0.8999999762
53578  -52.427  -32.737  59.025 0.8999999762
54423  -53.525  -31.467  58.710 0.8999999762
51802  -48.747  -34.634  58.461 0.8999999762
125251  -51.943  -32.573  58.302 0.8000000119
54422  -52.614  -31.897  58.404 0.8000000119
51801  -48.028  -34.587  58.022 0.8999999762
53591  -51.478  -32.401  57.711 0.8000000119
53592  -52.037  -32.057  57.819 0.8000000119
54434  -53.205  -31.171  57.838 0.8000000119
51811  -47.776  -34.258  57.411 0.8999999762
54431  -51.020  -32.129  57.161 0.8000000119
54432  -51.718  -31.802  57.310 0.8000000119
54433  -52.399  -31.485  57.541 0.8000000119
55286  -52.899  -30.826  56.964 0.8000000119
52731  -47.425  -33.813  56.751 0.8000000119
54444  -50.417  -31.664  56.615 0.8000000119
54445  -51.320  -31.463  56.764 0.8000000119
55305  -52.390  -30.802  56.434 0.8000000119
52740  -47.107  -33.358  56.049 0.8000000119
55303  -50.904  -30.987  56.256 0.8000000119
55304  -51.724  -30.879  56.340 0.8000000119
55320  -52.328  -30.539  55.737 0.6999999881
53598  -45.840  -33.156  55.221 0.6999999881
55319  -51.389  -30.585  55.674 0.8000000119
140241  -52.626  -30.385  54.984 0.6999999881
53612  -45.400  -32.529  54.655 0.6999999881
52752  -45.060  -33.120  54.872 0.6999999881
55335  -51.001  -30.330  54.964 0.6999999881
133497  -51.855  -30.363  54.998 0.6999999881
53623  -45.030  -32.119  54.146 0.5000000000
56177  -51.437  -30.068  54.297 0.6999999881
55336  -52.296  -30.203  54.334 0.6999999881
53621  -43.397  -32.241  53.354 0.5000000000
53636  -42.222  -32.107  51.196 0.3000000119
53643  -42.310  -32.332  50.543 0.3000000119
51873  -43.890  -33.762  49.899 0.3000000119
51874  -44.848  -34.179  50.168 0.3000000119
123669  -45.414  -34.899  50.630 0.3000000119
50915  -46.400  -35.628  51.438 0.3000000119
48989  -52.846  -36.439  62.317 0.6999999881
55242  -56.334  -30.165  61.198 0.3000000119
50824  -52.157  -35.535  61.361 0.8999999762
54401  -56.005  -30.718  60.943 0.5000000000
50838  -51.938  -35.138  60.850 0.8999999762
53569  -54.349  -32.073  60.164 0.6999999881
54400  -55.129  -31.641  60.441 0.6999999881
54413  -54.783  -31.378  59.689 0.6999999881
51792  -50.899  -34.695  59.602 0.8999999762
51782  -51.703  -34.672  60.149 0.8999999762
51793  -52.270  -34.166  60.079 0.8999999762
53567  -52.900  -33.015  59.748 0.8999999762
53568  -53.593  -32.529  59.942 0.8000000119
54412  -53.930  -31.736  59.478 0.8999999762
54414  -55.558  -30.993  59.947 0.5000000000
55255  -56.115  -30.538  60.231 0.4000000060
51803  -49.748  -34.310  58.544 0.8999999762
51791  -50.163  -34.653  59.216 0.8999999762
52703  -52.299  -33.515  59.544 0.8999999762
53579  -53.106  -32.159  59.279 0.8999999762
55278  -54.964  -30.633  58.365 0.8999999762
55267  -55.237  -30.762  59.204 0.8000000119
51813  -49.180  -34.064  58.046 0.8999999762
52712  -50.340  -33.787  58.206 0.8999999762
52713  -51.031  -33.573  58.578 0.8999999762
52714  -51.760  -33.241  58.826 0.8999999762
54424  -54.393  -31.123  58.952 0.8999999762
55277  -54.106  -30.922  58.093 0.8000000119
52711  -49.740  -33.833  57.936 0.8999999762
52724  -50.108  -33.264  57.604 0.8999999762
53576  -50.740  -33.318  57.993 0.8000000119
53577  -51.304  -32.999  58.146 0.8000000119
55287  -53.840  -30.609  57.232 0.8000000119
52722  -48.292  -33.642  57.029 0.8000000119
53589  -49.569  -32.844  57.103 0.8000000119
53597  -50.266  -32.498  57.097 0.8000000119
52732  -47.911  -33.150  56.330 0.8000000119
53588  -48.793  -32.802  56.681 0.8000000119
128838  -49.599  -32.203  56.616 0.8000000119
124925  -52.925  -30.577  56.193 0.8000000119
55306  -53.674  -30.471  56.333 0.6999999881
52739  -46.429  -33.487  55.751 0.8000000119
140802  -47.529  -32.765  55.712 0.8000000119
54442  -48.979  -32.062  55.984 0.8000000119
54443  -49.629  -31.465  56.125 0.8000000119
55321  -53.379  -30.431  55.408 0.6999999881
53613  -46.169  -32.285  54.908 0.8000000119
146667  -47.278  -32.442  55.409 0.8000000119
55317  -49.671  -30.782  55.543 0.6999999881
55302  -50.189  -31.008  56.145 0.6999999881
55318  -50.536  -30.653  55.610 0.6999999881
55337  -53.214  -30.304  54.438 0.6999999881
55334  -50.148  -30.290  54.930 0.6999999881
54471  -45.105  -31.533  53.688 0.5000000000
54472  -45.881  -31.192  53.747 0.5000000000
56176  -50.593  -29.944  54.298 0.6999999881
56178  -51.862  -29.885  53.627 0.6999999881
54469  -43.716  -31.476  52.904 0.4000000060
54470  -44.471  -31.173  53.090 0.5000000000
139325  -50.204  -29.628  53.705 0.6999999881
56190  -50.975  -29.637  53.541 0.6999999881
145060  -51.504  -29.534  53.017 0.6999999881
53630  -43.025  -31.842  52.509 0.4000000060
54480  -42.838  -31.638  51.581 0.3000000119
54489  -42.805  -31.706  50.859 0.3000000119
138461  -43.405  -31.514  50.588 0.3000000119
52788  -43.456  -32.820  49.912 0.3000000119
122296  -43.855  -31.958  50.043 0.3000000119
50012  -50.642  -35.847  50.962 0.3000000119
52789  -44.492  -32.941  49.864 0.3000000119
51875  -45.822  -34.223  50.449 0.3000000119
51862  -47.499  -34.244  51.280 0.3000000119
51863  -48.626  -34.223  51.704 0.3000000119
55256  -56.457  -30.062  60.499 0.3000000119
52704  -52.791  -33.757  60.161 0.8999999762
55268  -56.021  -30.417  59.489 0.6000000238
55269  -56.656  -30.035  59.779 0.6000000238
56134  -57.117  -29.539  60.153 0.4000000060
55279  -55.774  -30.298  58.667 0.8000000119
55280  -56.546  -29.981  58.936 0.6999999881
55288  -54.742  -30.402  57.476 0.8000000119
55307  -54.575  -30.266  56.544 0.8000000119
53601  -48.253  -32.498  55.870 0.8000000119
126597  -54.449  -30.311  55.605 0.6999999881
54449  -47.011  -31.930  55.098 0.6999999881
53600  -47.742  -32.187  55.396 0.8000000119
54451  -48.382  -31.780  55.487 0.6999999881
54452  -49.010  -31.295  55.603 0.6999999881
55338  -54.331  -30.330  54.571 0.6999999881
54459  -45.662  -31.865  54.296 0.6999999881
54460  -46.406  -31.526  54.467 0.6999999881
54461  -47.119  -31.052  54.660 0.6999999881
55315  -47.820  -30.579  54.758 0.6999999881
55332  -48.558  -30.341  54.774 0.6999999881
146619  -48.979  -30.713  55.239 0.6999999881
55348  -52.756  -30.050  53.639 0.6999999881
55349  -53.836  -30.237  53.634 0.6999999881
55347  -46.909  -30.287  53.363 0.6000000238
56186  -47.552  -29.779  53.299 0.6999999881
56175  -48.918  -29.891  54.153 0.6999999881
132486  -49.771  -29.888  54.238 0.6999999881
56191  -52.216  -29.652  52.912 0.6999999881
56192  -53.155  -29.852  52.839 0.6999999881
55346  -46.111  -30.411  53.089 0.5000000000
56205  -48.084  -29.376  52.667 0.6999999881
124047  -48.821  -29.273  52.789 0.6999999881
56207  -49.541  -29.196  52.348 0.6999999881
124842  -50.951  -29.330  52.778 0.6999999881
56209  -51.513  -29.259  52.220 0.6999999881
56211  -53.548  -29.680  51.962 0.6999999881
135616  -44.012  -30.921  52.439 0.4000000060
54482  -44.668  -30.680  52.406 0.4000000060
55360  -45.422  -30.395  52.370 0.5000000000
137539  -46.162  -30.047  52.206 0.5000000000
56226  -47.743  -29.408  51.829 0.6999999881
134810  -49.153  -29.308  51.473 0.6999999881
56247  -49.587  -29.618  50.656 0.6999999881
56229  -50.965  -29.245  51.353 0.6999999881
56230  -51.955  -29.287  51.187 0.6999999881
56250  -52.438  -29.331  50.123 0.6999999881
54491  -44.126  -30.680  51.586 0.4000000060
55370  -44.915  -30.453  51.757 0.4000000060
55399  -49.603  -30.223  49.946 0.6000000238
56258  -50.877  -29.718  49.820 0.6999999881
56259  -51.737  -29.676  49.649 0.6999999881
142848  -52.520  -29.810  49.586 0.6999999881
54490  -43.404  -31.193  51.161 0.4000000060
54497  -44.143  -31.027  50.531 0.4000000060
55383  -44.899  -30.489  50.982 0.4000000060
55400  -50.506  -30.512  49.596 0.6000000238
139667  -51.437  -31.032  49.204 0.6999999881
53645  -44.845  -31.868  49.866 0.4000000060
143502  -45.566  -31.496  49.831 0.4000000060
54511  -50.725  -31.609  49.403 0.6000000238
137062  -51.861  -32.178  49.107 0.6000000238
53646  -45.784  -32.435  49.785 0.3000000119
53647  -46.788  -32.524  49.880 0.4000000060
52792  -48.672  -33.133  50.584 0.3000000119
52775  -49.193  -33.612  51.304 0.3000000119
50029  -49.473  -36.103  49.552 0.3000000119
50028  -48.694  -36.655  49.463 0.3000000119
144872  -45.142  -32.666  49.824 0.3000000119
52791  -46.412  -33.425  50.254 0.3000000119
52774  -48.019  -33.570  50.872 0.3000000119
52776  -50.335  -33.824  51.672 0.3000000119
52777  -51.008  -33.943  51.579 0.3000000119
50048  -47.292  -36.415  48.164 0.3000000119
51876  -46.655  -34.271  50.846 0.3000000119
51864  -49.708  -34.048  51.993 0.3000000119
138679  -46.003  -36.938  47.150 0.3000000119
49161  -45.761  -37.358  46.509 0.3000000119
56126  -56.624  -29.629  60.797 0.4000000060
56113  -56.890  -28.993  60.874 0.4000000060
56141  -57.116  -29.598  59.244 0.6999999881
126807  -57.632  -28.770  60.264 0.4000000060
140534  -56.052  -29.835  57.307 0.6999999881
56149  -57.442  -29.122  57.742 0.6999999881
56143  -57.754  -28.817  58.132 0.5000000000
56150  -58.035  -28.691  57.322 0.6000000238
55308  -55.494  -29.983  56.784 0.8000000119
55309  -56.300  -29.739  56.599 0.6999999881
55291  -57.074  -29.331  57.302 0.5000000000
56163  -58.106  -28.843  56.499 0.4000000060
58010  -58.527  -28.044  56.586 0.6999999881
55323  -56.048  -29.950  55.329 0.6999999881
122995  -55.327  -30.087  55.856 0.6999999881
55322  -55.262  -30.159  54.984 0.6999999881
133917  -54.734  -30.177  53.310 0.6999999881
145098  -54.589  -30.278  53.890 0.6999999881
56212  -54.479  -29.749  51.815 0.6999999881
146059  -47.393  -29.581  52.502 0.6000000238
56251  -53.874  -29.641  50.280 0.6999999881
56232  -53.971  -29.569  51.165 0.6999999881
56225  -46.889  -29.678  51.979 0.5000000000
56227  -48.431  -29.362  51.427 0.6999999881
56260  -53.194  -29.683  49.811 0.6999999881
56244  -47.142  -29.738  51.191 0.5000000000
55385  -47.498  -30.175  50.306 0.6000000238
55398  -48.870  -30.456  49.853 0.5000000000
132617  -52.172  -30.497  49.285 0.6999999881
54512  -53.064  -31.441  49.212 0.6999999881
125035  -45.147  -30.918  50.201 0.4000000060
55384  -45.852  -30.414  50.603 0.4000000060
54508  -48.183  -30.519  49.875 0.4000000060
138585  -52.258  -31.497  49.095 0.6999999881
139085  -46.692  -30.775  49.946 0.4000000060
54500  -47.693  -30.982  49.692 0.4000000060
54501  -48.160  -31.833  49.705 0.4000000060
53659  -49.074  -31.924  49.658 0.4000000060
53661  -51.055  -32.563  49.506 0.4000000060
135749  -51.998  -33.153  49.241 0.5000000000
52810  -52.715  -33.250  48.672 0.6000000238
54499  -46.292  -31.570  49.756 0.4000000060
126830  -47.219  -31.711  49.695 0.4000000060
53648  -47.821  -32.672  50.137 0.4000000060
52793  -49.633  -33.223  50.547 0.3000000119
53650  -50.338  -32.947  49.873 0.3000000119
52809  -51.729  -33.824  49.498 0.3000000119
51890  -52.253  -33.807  48.739 0.5000000000
50928  -51.227  -34.743  51.019 0.3000000119
142031  -50.701  -35.083  48.905 0.3000000119
123785  -48.611  -35.469  48.457 0.3000000119
50964  -49.097  -34.970  48.202 0.3000000119
50962  -47.378  -35.545  47.735 0.3000000119
50066  -45.754  -36.451  46.585 0.3000000119
50083  -45.819  -37.088  44.205 0.3000000119
51916  -46.091  -34.552  46.412 0.3000000119
50978  -45.108  -35.318  45.248 0.3000000119
50092  -45.990  -36.560  43.538 0.3000000119
51934  -45.093  -34.453  44.783 0.3000000119
50991  -45.828  -35.690  43.083 0.3000000119
51961  -45.974  -33.871  42.516 0.3000000119
55324  -56.560  -29.773  55.905 0.6000000238
137670  -57.716  -29.270  56.022 0.6000000238
130950  -58.439  -28.543  55.769 0.6999999881
58011  -58.887  -27.066  56.260 0.6000000238
131042  -58.956  -26.453  57.913 0.4000000060
55325  -57.105  -29.590  55.810 0.6000000238
57171  -58.455  -28.497  54.802 0.6999999881
57158  -58.842  -27.708  55.864 0.6999999881
146319  -55.844  -30.014  54.606 0.6000000238
138366  -56.391  -29.809  54.686 0.6000000238
58926  -59.121  -26.429  55.326 0.6000000238
55339  -55.309  -30.147  54.002 0.6999999881
55340  -56.080  -29.929  54.053 0.6000000238
56194  -56.661  -29.608  54.020 0.6999999881
55350  -55.438  -29.939  53.048 0.6999999881
146946  -55.816  -29.885  53.469 0.6999999881
55351  -56.267  -29.589  53.357 0.6999999881
55361  -54.969  -29.908  52.462 0.6999999881
55362  -55.620  -29.623  52.112 0.6999999881
143079  -55.964  -29.607  52.706 0.6000000238
55373  -55.259  -29.737  51.498 0.6999999881
55403  -54.014  -30.273  49.702 0.6999999881
56233  -54.717  -29.754  50.863 0.6999999881
124481  -54.053  -32.024  48.941 0.6999999881
53664  -53.799  -32.460  48.463 0.6999999881
128609  -53.788  -31.972  49.015 0.6999999881
52815  -52.885  -33.311  48.340 0.6999999881
53663  -53.329  -32.632  48.681 0.6999999881
51908  -52.376  -33.872  48.175 0.6000000238
51896  -51.079  -34.783  48.393 0.3000000119
51897  -51.732  -34.363  48.603 0.4000000060
51906  -50.706  -34.495  47.830 0.5000000000
51905  -49.673  -34.469  47.754 0.3000000119
51903  -47.709  -34.732  47.420 0.3000000119
52836  -45.457  -33.604  45.176 0.3000000119
52844  -45.163  -33.795  44.379 0.3000000119
51960  -45.452  -33.737  43.178 0.3000000119
52858  -45.721  -33.035  42.689 0.4000000060
56179  -57.374  -29.400  55.338 0.6999999881
134723  -57.039  -29.509  54.683 0.6999999881
56180  -57.701  -29.079  54.718 0.6999999881
56195  -57.366  -29.107  53.850 0.6999999881
145703  -58.066  -28.731  54.125 0.8000000119
139035  -59.285  -27.030  54.170 0.6999999881
136201  -56.783  -29.250  53.275 0.6999999881
56196  -58.024  -28.513  53.303 0.6999999881
122956  -59.109  -26.711  53.511 0.6999999881
58947  -58.782  -26.215  53.562 0.6000000238
56213  -56.575  -29.303  52.401 0.6000000238
56215  -57.830  -28.850  51.663 0.8999999762
57192  -58.399  -28.222  51.430 0.8999999762
59944  -58.035  -26.196  51.768 0.8000000119
59929  -58.147  -25.991  52.332 0.6000000238
55374  -55.814  -29.731  51.106 0.6999999881
55363  -56.162  -29.529  51.725 0.6000000238
56234  -56.737  -29.474  51.370 0.8000000119
56255  -58.244  -28.581  50.118 0.8999999762
58091  -58.324  -27.447  50.313 0.8999999762
58981  -58.200  -26.911  50.893 0.8999999762
55388  -55.428  -29.892  50.465 0.6999999881
55389  -55.790  -29.942  50.061 0.6999999881
55390  -56.223  -29.967  49.872 0.6999999881
142846  -57.375  -29.309  49.463 0.8999999762
56262  -57.370  -28.764  48.967 0.8999999762
122625  -54.769  -30.875  49.560 0.6999999881
55404  -55.384  -30.651  49.564 0.6999999881
54516  -56.007  -30.999  48.978 0.6999999881
131664  -56.302  -29.974  48.543 0.8000000119
56264  -56.727  -29.235  48.706 0.8999999762
53671  -54.366  -32.230  48.331 0.6999999881
54514  -54.919  -31.513  49.150 0.6999999881
54518  -55.164  -31.719  48.376 0.6999999881
54519  -55.661  -31.230  48.546 0.6999999881
53670  -53.890  -32.501  48.249 0.6999999881
53665  -54.880  -31.808  48.628 0.6999999881
52822  -52.840  -33.455  47.973 0.6999999881
52823  -53.236  -33.147  47.983 0.6999999881
53676  -53.961  -32.486  47.911 0.6999999881
52821  -52.496  -33.475  47.696 0.5000000000
53686  -52.687  -32.482  47.159 0.6999999881
52820  -51.170  -33.888  47.459 0.5000000000
52819  -50.167  -33.849  47.327 0.5000000000
51918  -48.129  -34.001  47.138 0.4000000060
52826  -46.667  -33.693  46.343 0.3000000119
51927  -45.877  -33.836  45.935 0.3000000119
127624  -45.346  -32.951  44.456 0.4000000060
52854  -45.347  -32.792  43.466 0.4000000060
132663  -57.709  -26.053  51.916 0.8999999762
59928  -57.787  -25.877  52.475 0.6999999881
58096  -57.816  -27.426  49.579 1.0000000000
59959  -57.244  -26.440  50.595 0.8999999762
59943  -57.477  -26.257  51.314 0.8999999762
59927  -57.039  -26.056  52.166 0.6999999881
57210  -57.269  -27.774  48.902 0.8999999762
58095  -57.083  -27.198  49.287 1.0000000000
123354  -56.818  -26.150  50.834 0.8999999762
59942  -56.437  -26.076  51.230 0.8999999762
59926  -56.013  -25.992  51.896 0.8999999762
55414  -55.800  -30.771  48.337 0.6999999881
56271  -55.743  -29.941  48.142 0.8000000119
58100  -56.516  -27.180  48.902 0.8999999762
147014  -56.157  -26.618  49.136 1.0000000000
58986  -55.693  -26.115  49.225 1.0000000000
59941  -55.539  -25.798  50.984 0.8999999762
54524  -55.334  -31.460  48.181 0.6999999881
55413  -55.413  -30.987  47.946 0.6999999881
57216  -55.775  -28.949  48.236 0.8999999762
57208  -56.166  -28.313  48.449 0.8999999762
58099  -55.948  -27.542  48.551 1.0000000000
54531  -53.324  -32.221  47.319 0.6999999881
133037  -55.124  -31.670  47.934 0.6999999881
55412  -54.728  -31.164  47.644 0.6999999881
56269  -54.290  -29.909  47.554 0.6999999881
55423  -53.183  -31.406  47.087 0.6999999881
55411  -53.761  -30.833  47.323 0.6999999881
131481  -51.072  -32.756  46.760 0.6000000238
53685  -51.773  -32.326  46.832 0.6999999881
140971  -51.799  -31.480  46.737 0.6999999881
134921  -52.334  -31.052  46.860 0.6999999881
52830  -50.682  -33.259  46.950 0.6000000238
53684  -50.315  -32.601  46.644 0.6000000238
52829  -49.568  -33.103  46.820 0.5000000000
146960  -48.946  -31.987  46.486 0.4000000060
52828  -48.487  -33.314  46.838 0.4000000060
53681  -47.554  -32.256  46.333 0.4000000060
52837  -46.284  -33.111  45.722 0.4000000060
54535  -46.761  -31.875  45.870 0.4000000060
129867  -45.709  -32.814  45.140 0.4000000060
53688  -45.700  -32.158  44.843 0.4000000060
55433  -45.607  -30.879  43.935 0.4000000060
54551  -45.633  -31.517  43.003 0.4000000060
126064  -55.100  -25.905  51.726 0.8000000119
58990  -55.662  -26.664  48.751 1.0000000000
59968  -54.242  -24.987  49.658 0.8999999762
59955  -53.989  -25.057  50.341 0.6999999881
145987  -54.311  -28.888  47.684 0.8999999762
134117  -54.700  -28.193  47.934 0.8999999762
58107  -55.041  -27.261  48.284 1.0000000000
121552  -54.272  -25.186  49.149 1.0000000000
60810  -53.293  -24.838  49.832 0.8999999762
59954  -52.946  -25.137  50.495 0.8000000119
56268  -53.263  -29.901  47.355 0.6999999881
132232  -53.547  -29.017  47.572 0.8999999762
58106  -53.494  -27.362  47.719 0.8999999762
58996  -53.135  -26.581  47.809 1.0000000000
60832  -52.911  -24.967  48.742 1.0000000000
60820  -52.631  -24.774  49.344 0.8999999762
138537  -52.523  -29.930  47.248 0.6999999881
130741  -52.254  -28.119  47.519 0.8000000119
58105  -52.566  -27.260  47.611 1.0000000000
59983  -51.709  -25.616  47.857 1.0000000000
59974  -51.523  -24.951  48.283 1.0000000000
128562  -51.548  -24.646  49.402 0.8999999762
133549  -50.854  -32.226  46.602 0.6000000238
54529  -50.917  -31.512  46.583 0.6999999881
55421  -51.367  -30.726  46.794 0.6999999881
56266  -50.978  -29.388  47.276 0.8000000119
57213  -51.508  -28.587  47.430 0.8999999762
58994  -51.011  -26.243  47.615 1.0000000000
60830  -50.764  -24.590  48.356 0.8000000119
60819  -50.681  -24.274  49.017 0.8000000119
133345  -50.170  -31.900  46.498 0.6000000238
132539  -50.072  -31.270  46.479 0.6000000238
56277  -49.693  -30.008  46.714 0.6999999881
57212  -50.475  -28.569  47.355 0.8000000119
58102  -50.056  -27.850  47.400 0.8000000119
127654  -49.523  -26.389  47.308 1.0000000000
59981  -49.687  -25.435  47.492 1.0000000000
60836  -50.019  -24.682  47.894 1.0000000000
55419  -49.545  -30.759  46.485 0.5000000000
138744  -49.000  -30.264  46.469 0.6000000238
56276  -48.835  -29.622  46.565 0.5000000000
124140  -48.728  -28.115  46.894 0.8000000119
58113  -48.204  -27.466  46.828 0.8999999762
58992  -48.942  -25.866  47.199 1.0000000000
59980  -48.720  -25.149  47.338 1.0000000000
54526  -47.383  -31.395  46.202 0.4000000060
139131  -47.922  -30.898  46.341 0.5000000000
128648  -47.998  -29.223  46.485 0.5000000000
58112  -47.258  -27.592  46.507 0.6999999881
59002  -47.495  -26.681  46.686 0.8000000119
146940  -47.343  -26.019  46.666 0.8000000119
56275  -47.134  -29.505  46.081 0.5000000000
56282  -46.389  -29.070  45.461 0.6000000238
57228  -46.449  -28.183  45.791 0.6000000238
59005  -46.224  -26.354  45.848 0.6000000238
54534  -46.133  -31.576  45.290 0.4000000060
54542  -45.759  -30.430  44.457 0.4000000060
56286  -45.931  -29.662  44.206 0.6000000238
58127  -46.468  -27.426  44.252 0.6000000238
59938  -52.536  -25.510  51.406 0.6999999881
60809  -52.295  -24.895  49.976 0.8999999762
126789  -50.438  -24.380  49.942 0.6999999881
141174  -49.319  -24.779  47.659 0.8999999762
123429  -49.931  -24.219  48.613 0.8000000119
60835  -48.567  -24.456  47.724 0.8999999762
59990  -47.140  -25.416  46.647 0.6999999881
60841  -47.876  -25.030  47.106 0.8000000119
146865  -48.267  -24.758  47.388 0.8999999762
130727  -46.208  -27.058  45.742 0.6000000238
59989  -46.386  -25.516  46.045 0.6000000238
60840  -47.227  -24.701  46.904 0.8000000119
57240  -46.688  -28.117  43.596 0.5000000000
59010  -46.238  -26.631  44.938 0.6000000238
60009  -46.401  -25.680  44.190 0.6000000238
58128  -47.206  -27.293  43.227 0.5000000000
60797  -50.859  -24.990  51.375 0.6000000238
59937  -51.533  -25.391  51.879 0.6000000238
60808  -51.166  -24.821  50.370 0.6999999881
60807  -50.211  -24.516  50.911 0.6999999881
121638  -49.697  -23.988  49.527 0.8000000119
137364  -49.219  -24.314  48.178 0.8999999762
60829  -48.986  -23.760  48.943 0.6999999881
60828  -48.527  -23.951  48.324 0.8999999762
62586  -48.746  -22.980  49.146 0.8000000119
128057  -46.897  -23.982  46.906 0.8000000119
61737  -47.439  -23.652  47.496 0.8000000119
60843  -46.297  -24.768  45.504 0.6999999881
134880  -46.255  -24.079  45.113 0.8000000119
60852  -46.286  -24.689  44.481 0.6000000238
62623  -47.012  -22.853  44.089 0.6000000238
134720  -47.730  -25.848  42.861 0.5000000000
60859  -46.917  -24.036  42.945 0.5000000000
61757  -48.301  -23.788  42.382 0.5000000000
123758  -48.725  -23.123  42.107 0.5000000000
61760  -49.712  -23.099  41.661 0.4000000060
60796  -50.152  -24.546  51.837 0.6000000238
61705  -49.750  -23.468  51.635 0.6000000238
60818  -49.642  -23.998  50.469 0.6999999881
62573  -49.631  -22.709  51.180 0.6999999881
61722  -49.158  -23.364  49.932 0.6999999881
62580  -49.229  -22.656  50.436 0.6999999881
141101  -48.910  -22.613  49.795 0.6999999881
62587  -49.027  -21.955  50.017 0.8000000119
63343  -49.533  -21.950  50.684 0.6999999881
61732  -48.274  -23.355  48.512 0.8999999762
62595  -48.264  -22.616  48.540 0.8999999762
63361  -48.850  -21.383  48.764 0.6999999881
61741  -47.174  -23.165  47.163 0.8000000119
62603  -47.891  -22.153  47.933 0.6999999881
129475  -48.333  -21.504  47.715 0.6999999881
64177  -49.394  -20.905  48.677 0.6999999881
62605  -47.244  -22.639  46.632 0.8000000119
63369  -47.891  -21.639  47.165 0.6999999881
136717  -49.395  -20.811  47.329 0.6000000238
62624  -47.127  -22.320  45.053 0.6000000238
63391  -47.786  -21.743  44.851 0.6000000238
63388  -49.183  -21.069  45.141 0.6000000238
62626  -46.915  -22.772  42.995 0.6000000238
63392  -48.518  -21.372  44.565 0.6000000238
64244  -49.919  -20.707  43.945 0.5000000000
60861  -47.808  -24.378  42.649 0.5000000000
62631  -48.357  -22.493  42.557 0.5000000000
62632  -49.165  -22.360  42.178 0.5000000000
63397  -49.295  -21.147  43.346 0.5000000000
63405  -49.945  -22.113  41.831 0.4000000060
63406  -50.624  -21.774  41.529 0.4000000060
62634  -50.569  -22.538  41.405 0.4000000060
63407  -51.349  -21.619  41.174 0.4000000060
61697  -50.072  -23.615  52.471 0.6000000238
123027  -50.335  -23.044  52.935 0.6000000238
62559  -49.967  -22.857  52.018 0.6999999881
63324  -50.862  -21.875  51.871 0.6999999881
63344  -50.097  -21.294  50.745 0.6999999881
64157  -50.912  -20.981  50.457 0.6999999881
63352  -49.138  -21.330  49.394 0.6999999881
64167  -50.405  -20.826  49.949 0.6999999881
64168  -51.444  -20.501  49.864 0.6999999881
125678  -50.203  -20.610  48.490 0.6999999881
122078  -50.778  -20.473  49.098 0.6000000238
64169  -52.442  -20.246  49.615 0.6000000238
64190  -49.769  -20.769  47.895 0.6000000238
64192  -51.143  -20.521  47.045 0.6000000238
123512  -51.941  -20.368  47.564 0.6000000238
64179  -52.568  -20.198  47.973 0.6000000238
64212  -50.563  -20.659  46.291 0.6000000238
64213  -51.510  -20.514  46.095 0.6999999881
64193  -52.775  -20.142  47.056 0.6999999881
124262  -53.396  -19.999  47.799 0.6999999881
123537  -50.735  -20.358  44.540 0.6000000238
145842  -51.214  -20.224  45.216 0.6000000238
64232  -52.460  -19.983  45.532 0.6000000238
64194  -53.684  -19.804  46.633 0.6000000238
64216  -54.315  -19.708  46.075 0.6000000238
64235  -54.972  -19.740  45.883 0.6000000238
63401  -49.518  -21.522  42.516 0.4000000060
64251  -50.457  -20.490  43.545 0.4000000060
124796  -51.193  -20.162  43.621 0.6000000238
64246  -52.362  -19.846  44.860 0.6000000238
65095  -52.718  -19.709  44.241 0.6000000238
64233  -53.274  -19.812  45.664 0.6000000238
63402  -50.203  -21.240  42.163 0.4000000060
65106  -51.826  -19.794  43.031 0.5000000000
65107  -52.389  -19.583  43.446 0.6999999881
65096  -53.457  -19.617  44.498 0.6000000238
63403  -50.884  -20.980  41.784 0.4000000060
64259  -51.647  -20.762  41.493 0.4000000060
63312  -51.603  -21.888  53.606 0.6000000238
62541  -50.809  -22.468  53.283 0.6999999881
143080  -51.226  -21.957  52.555 0.6000000238
63325  -52.139  -21.574  52.590 0.6999999881
63332  -52.514  -21.231  51.794 0.6999999881
63326  -52.991  -21.229  52.531 0.6999999881
64134  -53.770  -20.941  52.526 0.6999999881
64146  -54.170  -20.506  51.839 0.6999999881
64148  -55.780  -20.041  51.544 0.6000000238
64145  -52.802  -20.782  51.098 0.6999999881
145362  -54.228  -20.172  51.108 0.6999999881
64147  -54.849  -20.090  51.427 0.6999999881
64161  -55.397  -19.811  50.758 0.6000000238
123389  -52.205  -20.554  50.462 0.6999999881
65034  -54.020  -19.856  50.182 0.6999999881
64160  -54.676  -19.878  50.733 0.6000000238
65024  -54.980  -19.629  50.023 0.6000000238
64170  -53.308  -20.065  49.440 0.6999999881
65050  -54.005  -19.788  49.049 0.6000000238
65052  -55.468  -19.545  49.017 0.6000000238
65036  -55.851  -19.618  49.942 0.6000000238
138847  -53.511  -19.988  48.657 0.6999999881
128906  -53.983  -19.847  48.267 0.6000000238
65051  -54.723  -19.644  48.366 0.6000000238
64180  -54.283  -19.718  47.475 0.6000000238
140853  -51.488  -21.993  54.706 0.4000000060
63302  -52.041  -21.511  54.609 0.5000000000
64122  -52.642  -21.351  53.574 0.6999999881
144201  -55.505  -19.549  48.085 0.6000000238
64196  -55.508  -19.588  46.902 0.6000000238
129643  -56.327  -19.833  50.732 0.6000000238
64197  -56.216  -19.626  47.095 0.6000000238
65118  -52.472  -19.478  42.643 0.5000000000
64256  -52.061  -20.101  42.075 0.4000000060
65108  -53.113  -19.313  43.401 0.6000000238
65085  -54.551  -19.756  45.355 0.6000000238
64248  -53.751  -19.761  45.329 0.6000000238
65097  -54.873  -19.517  44.435 0.6000000238
64195  -54.683  -19.638  46.696 0.6000000238
65086  -55.522  -19.665  45.202 0.6000000238
65071  -55.898  -19.590  47.516 0.6000000238
138279  -55.836  -19.666  45.890 0.6000000238
124844  -56.401  -19.475  49.151 0.6000000238
126699  -56.581  -19.654  46.698 0.6000000238
147052  -56.589  -19.660  49.920 0.5000000000
146157  -22.384  -54.516  75.821 0.1000000015
139904  -23.155  -54.855  77.742 0.1000000015
34485  -23.020  -53.864  76.525 0.1000000015
34486  -23.287  -53.604  77.026 0.1000000015
35426  -22.768  -52.818  75.422 0.1000000015
34499  -22.212  -53.202  74.010 0.1000000015
139787  -21.973  -52.951  73.368 0.1000000015
35443  -21.792  -51.856  71.831 0.1000000015
36349  -21.502  -51.988  71.003 0.1000000015
141223  -21.838  -51.375  71.178 0.1000000015
132268  -22.657  -50.589  72.147 0.1000000015
37228  -23.605  -50.823  76.638 0.2000000030
35431  -22.824  -51.943  75.059 0.1000000015
36336  -23.060  -51.198  74.679 0.1000000015
37247  -23.350  -50.488  74.423 0.3000000119
143424  -23.490  -49.227  71.789 0.2000000030
38154  -23.418  -48.909  70.405 0.2000000030
38160  -23.231  -48.958  69.605 0.2000000030
34601  -31.534  -53.773  61.657 0.2000000030
134460  -23.948  -47.181  79.567 0.3000000119
138590  -23.499  -49.200  77.092 0.2000000030
38102  -23.629  -49.976  76.903 0.2000000030
146752  -23.600  -49.469  76.426 0.2000000030
128521  -23.308  -50.780  75.061 0.3000000119
128033  -23.697  -49.290  75.722 0.3000000119
38117  -23.880  -49.023  74.136 0.3000000119
124286  -23.628  -49.709  74.255 0.3000000119
38140  -23.607  -49.271  72.511 0.3000000119
39007  -23.664  -48.229  70.596 0.3000000119
39963  -23.705  -47.630  66.769 0.1000000015
146377  -24.193  -46.872  66.785 0.3000000119
39964  -24.145  -47.062  66.074 0.1000000015
39975  -24.200  -47.287  65.169 0.1000000015
39066  -28.729  -47.965  62.888 0.1000000015
39075  -29.112  -48.666  62.687 0.1000000015
38204  -30.057  -49.884  62.680 0.1000000015
42726  -37.812  -44.847  76.685 0.8000000119
43618  -40.242  -42.795  76.102 0.4000000060
41762  -38.409  -45.629  76.361 0.8000000119
39888  -23.501  -46.759  74.663 0.4000000060
40803  -38.220  -46.672  76.182 0.8000000119
39906  -24.045  -47.810  73.127 0.4000000060
39897  -23.906  -46.966  73.278 0.4000000060
40811  -38.026  -47.212  75.935 0.8999999762
39884  -37.519  -47.253  75.827 0.8999999762
40814  -40.124  -46.474  74.915 0.8999999762
39938  -23.727  -47.697  70.020 0.3000000119
39920  -23.851  -47.190  71.793 0.4000000060
40822  -36.672  -46.824  74.983 0.8999999762
39930  -23.848  -46.929  70.211 0.3000000119
39901  -39.799  -47.068  73.739 1.0000000000
40898  -24.368  -46.259  68.860 0.3000000119
138341  -36.118  -46.192  74.385 0.8999999762
41809  -38.593  -46.021  72.314 1.0000000000
40922  -24.654  -46.385  66.340 0.3000000119
41808  -37.636  -45.654  72.499 1.0000000000
41925  -25.993  -45.781  64.685 0.1000000015
40949  -26.349  -46.129  64.166 0.1000000015
41807  -36.605  -45.327  72.655 1.0000000000
41822  -36.973  -45.182  71.706 1.0000000000
40007  -26.988  -47.897  62.666 0.1000000015
39999  -27.351  -47.230  63.092 0.1000000015
40962  -27.707  -46.831  63.872 0.1000000015
139197  -34.072  -53.612  63.272 0.2000000030
34603  -33.315  -53.881  62.083 0.2000000030
133291  -38.101  -45.307  70.321 1.0000000000
36412  -31.102  -51.128  62.859 0.2000000030
36413  -31.657  -51.632  63.493 0.2000000030
35508  -32.286  -52.758  62.898 0.2000000030
125395  -31.998  -52.213  63.171 0.2000000030
133009  -36.914  -44.817  69.347 1.0000000000
42702  -35.295  -44.473  78.318 0.6999999881
45315  -41.873  -41.198  75.032 0.2000000030
135689  -41.570  -42.234  75.363 0.4000000060
44444  -40.566  -41.891  76.077 0.4000000060
45294  -40.007  -41.327  76.255 0.2000000030
41770  -23.010  -45.276  75.480 0.4000000060
39874  -35.517  -48.128  76.935 0.8000000119
39873  -34.621  -48.577  77.059 0.8000000119
41774  -40.421  -45.299  75.268 0.8000000119
43622  -40.933  -42.797  75.561 0.4000000060
40828  -23.532  -46.004  73.504 0.4000000060
40842  -23.885  -46.560  72.055 0.4000000060
41785  -41.541  -45.664  74.153 0.8000000119
39910  -40.432  -46.985  73.189 1.0000000000
40837  -40.881  -46.907  73.440 0.8999999762
40832  -35.281  -45.839  74.086 0.8999999762
40847  -40.033  -46.767  72.735 1.0000000000
39903  -41.067  -47.004  73.085 1.0000000000
41881  -25.788  -44.965  66.855 0.5000000000
41898  -26.444  -44.922  66.208 0.4000000060
40871  -40.373  -46.384  70.999 1.0000000000
40951  -27.970  -46.606  64.714 0.2000000030
41926  -26.701  -45.761  64.890 0.2000000030
39067  -29.419  -48.366  63.375 0.1000000015
41851  -36.691  -44.940  70.016 1.0000000000
42793  -34.928  -44.585  70.249 1.0000000000
139547  -32.407  -52.460  63.701 0.2000000030
42811  -36.742  -44.581  68.622 1.0000000000
138510  -32.339  -52.001  64.906 0.2000000030
42812  -37.658  -44.725  68.431 1.0000000000
42821  -37.189  -44.464  67.810 1.0000000000
42843  -37.163  -43.751  65.304 1.0000000000
43678  -34.389  -43.694  65.357 0.8999999762
139287  -34.902  -43.329  64.240 0.8999999762
43688  -34.262  -43.465  64.502 0.8999999762
43689  -35.696  -43.531  64.545 0.8999999762
121697  -33.852  -43.489  62.985 0.8000000119
128430  -36.737  -43.808  62.872 0.8999999762
129390  -34.345  -46.636  78.477 0.6000000238
40783  -35.072  -46.654  77.983 0.6999999881
39854  -34.203  -47.955  78.048 0.6999999881
43593  -36.254  -42.288  78.226 0.2000000030
38958  -34.257  -48.616  77.444 0.8000000119
45273  -37.791  -41.040  77.447 0.3000000119
45272  -36.854  -41.073  77.660 0.2000000030
45312  -39.353  -41.142  76.482 0.3000000119
131692  -40.126  -41.114  75.905 0.2000000030
44445  -41.198  -41.674  75.568 0.3000000119
41781  -23.471  -45.256  74.124 0.4000000060
39872  -33.924  -49.057  77.044 0.8000000119
43629  -42.091  -43.583  74.568 0.8000000119
43631  -43.192  -42.994  73.978 0.6999999881
41792  -23.865  -45.138  73.243 0.5000000000
42750  -24.370  -44.361  74.329 0.6000000238
44455  -38.438  -42.256  74.559 0.2000000030
42754  -42.132  -44.635  74.128 0.8000000119
42770  -43.913  -43.980  73.083 0.8999999762
40826  -41.805  -46.474  73.464 0.8999999762
41830  -24.715  -45.244  71.002 0.4000000060
40819  -33.762  -47.095  74.584 0.8999999762
40839  -42.694  -46.456  72.579 0.8999999762
40849  -42.355  -46.684  72.275 1.0000000000
40924  -27.753  -45.689  65.968 0.4000000060
41805  -34.424  -45.422  72.728 0.8999999762
40001  -28.963  -47.715  63.771 0.1000000015
41836  -34.137  -44.933  71.103 0.8999999762
37328  -30.768  -50.394  63.189 0.1000000015
42801  -34.351  -44.537  69.672 1.0000000000
122817  -39.386  -44.479  66.995 1.0000000000
34558  -34.898  -53.871  64.591 0.2000000030
142579  -34.128  -43.810  66.082 0.8999999762
42829  -33.687  -44.241  66.376 0.8999999762
42845  -38.821  -43.938  65.791 1.0000000000
41927  -32.812  -45.524  64.117 0.8000000119
133490  -33.311  -44.265  64.489 0.8000000119
41928  -32.863  -45.810  64.910 0.8000000119
41939  -32.599  -45.318  63.375 0.6000000238
42870  -33.159  -43.949  63.054 0.8000000119
41948  -32.311  -45.226  62.513 0.6000000238
42881  -32.705  -44.302  62.208 0.6000000238
42896  -32.379  -44.185  61.364 0.6000000238
41970  -31.394  -45.221  60.365 0.3000000119
42910  -31.530  -44.308  59.946 0.4000000060
42911  -32.117  -43.924  60.662 0.4000000060
43731  -32.588  -43.330  60.426 0.5000000000
44560  -34.111  -42.622  60.316 0.5000000000
43735  -36.418  -43.230  60.716 0.8999999762
44568  -32.708  -42.390  59.332 0.4000000060
130570  -35.514  -42.444  59.574 0.5000000000
44593  -31.922  -41.971  57.884 0.4000000060
43584  -23.507  -43.572  78.441 0.5000000000
43600  -24.079  -43.323  77.935 0.6999999881
41741  -32.587  -46.337  78.825 0.5000000000
40781  -32.974  -47.001  78.545 0.6000000238
124906  -31.767  -47.514  77.468 0.6999999881
39863  -33.611  -48.440  77.811 0.8000000119
38103  -32.221  -49.276  76.126 0.8000000119
38957  -33.079  -48.738  77.454 0.8000000119
45333  -40.861  -41.249  75.368 0.2000000030
45334  -41.535  -41.124  74.846 0.2000000030
38109  -32.380  -49.684  75.588 0.8000000119
38971  -33.311  -49.090  75.773 0.8000000119
45310  -37.276  -41.451  76.151 0.2000000030
38120  -32.608  -50.054  75.104 0.8000000119
136067  -33.070  -49.696  75.228 0.8000000119
140204  -25.037  -44.728  71.534 0.4000000060
37249  -32.414  -50.540  74.395 0.8000000119
38979  -33.246  -49.059  74.715 0.8999999762
38132  -32.884  -50.250  73.562 0.8999999762
40851  -43.714  -46.369  71.664 0.8999999762
41862  -25.675  -44.791  68.804 0.5000000000
41882  -26.637  -44.666  67.031 0.6000000238
41883  -27.449  -44.988  67.308 0.5000000000
39057  -29.549  -48.233  64.411 0.1000000015
127691  -31.901  -51.467  65.282 0.2000000030
42835  -39.567  -44.232  66.163 1.0000000000
42871  -38.096  -43.839  62.679 1.0000000000
40953  -33.153  -46.787  64.848 0.6999999881
40964  -33.069  -47.008  64.145 0.6000000238
43712  -37.381  -43.798  62.331 1.0000000000
43748  -36.680  -42.883  60.107 0.8999999762
41732  -32.036  -45.928  79.043 0.5000000000
42721  -26.220  -44.188  76.193 0.6999999881
143144  -34.839  -42.176  79.218 0.2000000030
39871  -31.700  -47.989  76.814 0.6999999881
45255  -35.066  -41.304  78.662 0.2000000030
45271  -35.676  -41.259  78.525 0.2000000030
139967  -31.631  -48.413  76.215 0.8000000119
45358  -44.781  -41.388  72.989 0.4000000060
38969  -30.944  -48.701  74.822 0.8000000119
45353  -40.727  -41.381  74.601 0.2000000030
138482  -37.668  -42.341  74.465 0.2000000030
44468  -38.890  -42.552  73.818 0.2000000030
43650  -45.667  -42.801  72.017 0.8999999762
130222  -45.415  -43.667  71.743 0.8999999762
37258  -32.365  -50.987  73.742 0.8000000119
45377  -36.846  -42.146  72.278 0.1000000015
42788  -44.457  -45.021  71.882 0.8999999762
41833  -27.164  -44.545  70.042 0.5000000000
37265  -31.501  -51.259  72.801 0.8000000119
40873  -42.592  -46.620  70.937 1.0000000000
40862  -43.973  -46.662  71.042 1.0000000000
37266  -33.430  -51.039  72.414 0.8999999762
40889  -43.714  -46.633  70.062 1.0000000000
40876  -44.913  -46.449  69.833 1.0000000000
41843  -45.346  -46.026  70.132 1.0000000000
40886  -33.232  -46.445  69.406 0.8999999762
39011  -33.663  -48.712  71.032 0.8999999762
41902  -42.194  -44.721  66.039 1.0000000000
140378  -42.205  -45.127  66.800 1.0000000000
145807  -39.650  -44.144  63.591 1.0000000000
35477  -34.718  -53.119  67.299 0.2000000030
34521  -35.394  -53.284  67.364 0.2000000030
123472  -39.745  -44.223  62.382 1.0000000000
39968  -33.934  -48.052  66.447 0.8999999762
123917  -39.386  -44.164  61.508 1.0000000000
43603  -27.034  -43.858  78.269 0.6000000238
42699  -31.067  -44.584  79.030 0.5000000000
42689  -30.832  -43.871  79.801 0.5000000000
42722  -27.452  -44.194  76.312 0.6999999881
45240  -33.713  -41.779  79.505 0.2000000030
143983  -34.686  -41.323  78.178 0.2000000030
39898  -30.265  -47.869  73.502 0.8000000119
132228  -30.416  -47.613  74.135 0.8000000119
140919  -34.529  -41.611  77.385 0.2000000030
44483  -41.469  -42.008  72.493 0.1000000015
45307  -34.467  -42.074  75.491 0.2000000030
45382  -46.143  -41.238  72.362 0.4000000060
45400  -46.753  -41.472  71.929 0.6999999881
42779  -27.630  -44.184  72.105 0.6999999881
36351  -32.013  -51.640  72.339 0.6999999881
41857  -45.621  -46.131  69.357 1.0000000000
41865  -28.386  -45.529  68.303 0.6000000238
40903  -42.998  -46.351  68.845 1.0000000000
131576  -28.625  -46.233  67.193 0.4000000060
41872  -44.145  -46.395  67.957 1.0000000000
41874  -46.521  -45.676  68.238 1.0000000000
131353  -29.494  -47.554  67.060 0.3000000119
121682  -33.580  -49.226  71.662 0.8999999762
41889  -43.757  -46.125  67.464 1.0000000000
40927  -44.477  -46.023  66.174 1.0000000000
136297  -45.179  -46.434  67.101 1.0000000000
39051  -29.729  -48.328  66.122 0.4000000060
41929  -42.538  -44.697  63.893 1.0000000000
35470  -35.906  -52.827  68.010 0.3000000119
34531  -36.584  -53.243  67.109 0.2000000030
36383  -36.987  -52.126  67.131 0.2000000030
39967  -33.446  -47.246  66.640 0.8999999762
39991  -34.082  -48.015  65.055 0.5000000000
43588  -27.447  -43.148  79.058 0.6000000238
43589  -28.522  -43.129  78.809 0.5000000000
43590  -29.556  -43.191  79.175 0.6000000238
43605  -29.336  -43.555  78.014 0.6000000238
42725  -30.238  -44.728  76.932 0.6999999881
141096  -32.208  -41.668  80.359 0.2000000030
121728  -33.038  -41.621  79.391 0.2000000030
138848  -29.710  -45.977  73.649 0.8000000119
44418  -33.152  -42.223  77.822 0.2000000030
44443  -33.772  -42.566  75.770 0.2000000030
121488  -41.337  -42.801  70.972 0.1000000015
122918  -34.250  -41.959  74.367 0.2000000030
44499  -47.244  -41.749  71.288 0.6999999881
40884  -28.856  -45.856  69.549 0.6000000238
39010  -30.138  -48.961  70.626 0.6999999881
123372  -30.883  -50.380  71.290 0.6999999881
45421  -38.811  -42.343  70.104 0.1000000015
37279  -31.130  -50.371  70.315 0.6999999881
41859  -46.916  -45.068  68.626 0.8000000119
42807  -47.382  -44.369  69.108 0.8000000119
41875  -47.126  -45.139  67.882 0.8999999762
40929  -45.487  -46.210  66.455 1.0000000000
125998  -46.955  -45.489  66.624 1.0000000000
41891  -47.284  -45.254  67.153 1.0000000000
42827  -48.550  -43.974  67.029 0.8999999762
41905  -47.560  -45.001  66.453 1.0000000000
39045  -30.166  -48.942  66.681 0.4000000060
36354  -34.082  -51.959  71.181 0.8000000119
41933  -46.171  -45.428  64.840 1.0000000000
42838  -47.726  -44.651  65.701 1.0000000000
42840  -48.938  -43.662  66.271 0.8999999762
38176  -30.589  -49.568  66.386 0.3000000119
138783  -34.372  -49.854  70.380 0.8999999762
40940  -44.399  -45.712  65.264 1.0000000000
42862  -46.611  -44.878  64.519 1.0000000000
40954  -44.231  -45.509  64.241 1.0000000000
41942  -44.484  -45.448  63.578 1.0000000000
41943  -45.191  -45.453  63.914 1.0000000000
139773  -46.282  -44.666  63.772 1.0000000000
43693  -48.489  -43.406  64.895 1.0000000000
136668  -42.834  -44.766  63.162 1.0000000000
43713  -45.357  -44.060  62.492 1.0000000000
41940  -42.491  -44.685  62.593 1.0000000000
41949  -42.121  -44.725  62.168 1.0000000000
42901  -43.291  -44.722  61.932 1.0000000000
42915  -40.393  -44.317  60.617 1.0000000000
143301  -39.375  -43.692  60.018 0.8999999762
43750  -38.605  -43.616  60.229 0.8999999762
124537  -29.394  -44.867  74.920 0.8000000119
41793  -29.053  -44.816  73.396 0.8000000119
41783  -29.498  -45.301  74.178 0.8000000119
41794  -29.417  -45.659  72.966 0.8000000119
46225  -46.379  -40.470  72.298 0.3000000119
41804  -29.272  -45.686  72.105 0.8000000119
126234  -29.707  -47.074  72.131 0.8000000119
45425  -47.677  -41.158  71.117 0.6999999881
39009  -29.807  -48.223  70.962 0.6999999881
44519  -48.053  -42.302  69.816 0.6999999881
43660  -48.288  -42.906  69.006 0.6999999881
39019  -30.208  -49.019  69.780 0.6999999881
38161  -30.757  -49.746  69.448 0.6999999881
42816  -48.180  -43.960  67.875 0.8999999762
44525  -48.805  -42.574  68.462 0.6999999881
46245  -34.602  -40.691  70.456 0.1000000015
143116  -49.475  -42.679  67.440 0.6999999881
124174  -31.331  -50.359  69.615 0.6999999881
36366  -32.302  -51.247  69.828 0.6999999881
35448  -33.973  -52.220  70.031 0.6999999881
44540  -48.782  -42.728  64.685 1.0000000000
43715  -46.936  -43.217  63.438 1.0000000000
42903  -44.728  -44.535  62.357 1.0000000000
46358  -47.179  -41.082  62.741 1.0000000000
45402  -47.806  -40.694  71.252 0.6000000238
44511  -48.385  -41.486  69.987 0.6000000238
45501  -44.815  -41.406  60.631 1.0000000000
44571  -40.985  -42.735  59.370 1.0000000000
44589  -42.847  -41.827  59.061 0.8999999762
46372  -45.030  -40.230  59.793 0.8999999762
45518  -42.489  -41.411  58.373 0.8999999762
139145  -43.227  -40.511  58.139 0.8999999762
46250  -48.496  -40.302  70.549 0.4000000060
45427  -48.580  -40.825  70.088 0.5000000000
134232  -49.643  -39.889  69.350 0.4000000060
45462  -49.485  -41.340  68.543 0.6000000238
44527  -50.005  -42.102  67.454 0.8999999762
44531  -50.272  -42.557  66.124 1.0000000000
126184  -50.502  -42.113  66.642 0.8000000119
44541  -49.685  -42.299  64.953 1.0000000000
45474  -50.753  -41.751  65.447 0.8999999762
45489  -48.978  -41.157  64.044 1.0000000000
46387  -42.592  -40.502  57.522 0.8000000119
48150  -43.626  -38.800  57.274 0.8999999762
46270  -50.160  -39.872  68.821 0.3000000119
45469  -51.314  -41.071  66.820 0.6000000238
46312  -50.880  -40.641  67.601 0.5000000000
46330  -51.764  -40.562  66.365 0.6000000238
45475  -51.347  -41.199  65.561 0.8000000119
47216  -48.401  -38.925  62.165 1.0000000000
48166  -42.883  -37.983  56.194 0.8000000119
47115  -50.480  -39.161  68.779 0.2000000030
46290  -50.699  -39.850  68.214 0.3000000119
47116  -50.982  -39.089  68.149 0.2000000030
46331  -52.297  -40.019  65.924 0.6000000238
46349  -52.403  -39.799  64.943 0.6999999881
135627  -52.582  -39.518  65.453 0.6000000238
140451  -51.394  -39.457  64.263 0.8999999762
145979  -49.811  -39.010  63.325 0.8999999762
48132  -49.254  -37.976  62.139 0.8999999762
49040  -44.479  -37.246  57.069 0.8999999762
147067  -42.496  -37.694  55.692 0.8000000119
48073  -52.973  -38.922  65.289 0.6000000238
47204  -52.216  -38.937  64.198 0.8999999762
134282  -51.162  -37.941  63.117 0.8999999762
49932  -45.592  -36.343  57.400 0.8999999762
49957  -42.423  -36.165  55.079 0.6999999881
126065  -52.449  -38.225  63.645 0.8999999762
48121  -51.999  -37.787  63.187 0.8999999762
49007  -50.786  -36.959  62.080 1.0000000000
50854  -46.968  -35.586  58.189 0.8999999762
51825  -43.941  -34.857  55.235 0.6999999881
48122  -52.672  -37.679  63.240 0.8999999762
48085  -53.429  -38.049  64.275 0.5000000000
146574  -53.138  -36.855  62.724 0.8000000119
49912  -50.657  -35.836  60.922 0.8999999762
50836  -50.148  -35.655  60.266 0.8999999762
51810  -47.011  -34.552  57.105 0.8999999762
51812  -48.525  -34.106  57.750 0.8999999762
51818  -45.695  -34.616  56.300 0.8000000119
51828  -45.779  -33.923  55.798 0.8000000119
52750  -43.489  -33.672  54.214 0.5000000000
52758  -43.083  -33.067  53.644 0.5000000000
53622  -44.304  -31.978  53.688 0.5000000000
53590  -50.830  -32.790  57.599 0.8000000119
54446  -52.070  -31.200  56.905 0.8000000119
53599  -46.788  -32.807  55.420 0.8000000119
51888  -44.192  -34.600  50.040 0.3000000119
50926  -46.126  -34.962  50.967 0.3000000119
51861  -46.913  -34.900  51.411 0.3000000119
51805  -51.522  -34.008  59.394 0.8999999762
51804  -50.608  -34.160  58.916 0.8999999762
52723  -49.155  -33.492  57.477 0.8999999762
55333  -49.335  -30.308  54.823 0.6999999881
54481  -43.442  -31.178  52.028 0.4000000060
56189  -50.265  -29.323  52.997 0.6999999881
53644  -43.019  -32.100  50.278 0.3000000119
50940  -50.352  -35.747  50.024 0.3000000119
51850  -47.774  -34.850  51.797 0.3000000119
56135  -57.586  -29.091  59.511 0.6999999881
122295  -56.295  -29.921  58.050 0.6999999881
55289  -55.566  -30.183  57.778 0.6999999881
54450  -47.745  -31.404  55.130 0.6999999881
55316  -48.398  -30.979  55.219 0.6999999881
55330  -46.650  -30.855  53.865 0.6999999881
55331  -47.341  -30.431  53.998 0.6999999881
56174  -48.033  -29.917  54.188 0.6999999881
56187  -48.454  -29.561  53.434 0.6999999881
56188  -49.422  -29.475  53.395 0.6999999881
56210  -52.564  -29.445  52.048 0.6999999881
56193  -54.109  -30.039  52.692 0.6999999881
54483  -45.251  -30.837  53.099 0.5000000000
56206  -48.623  -29.240  52.091 0.6999999881
56208  -50.532  -29.172  52.198 0.6999999881
56231  -53.070  -29.432  50.983 0.6999999881
56245  -47.952  -29.556  50.928 0.5000000000
56257  -50.188  -29.903  50.103 0.6999999881
56248  -50.480  -29.496  50.615 0.6999999881
56228  -50.026  -29.270  51.460 0.6999999881
56249  -51.369  -29.354  50.377 0.6999999881
145721  -53.135  -29.444  50.199 0.6999999881
55371  -45.578  -30.254  51.543 0.5000000000
54510  -49.589  -31.157  49.580 0.6000000238
55401  -51.317  -30.201  49.468 0.6999999881
55402  -53.158  -30.431  49.485 0.6999999881
53662  -52.664  -32.899  48.906 0.6000000238
126809  -47.225  -33.205  50.365 0.3000000119
50049  -48.537  -36.099  48.879 0.3000000119
146857  -47.903  -36.302  48.581 0.3000000119
52790  -45.428  -33.351  49.997 0.3000000119
52773  -47.142  -33.737  50.743 0.3000000119
51866  -51.249  -34.209  51.665 0.3000000119
138876  -51.282  -34.717  51.924 0.3000000119
50954  -49.311  -35.477  48.822 0.3000000119
129234  -50.131  -35.430  49.233 0.3000000119
50953  -47.970  -35.802  48.322 0.3000000119
50961  -46.454  -36.143  47.338 0.3000000119
48300  -45.891  -37.890  45.315 0.3000000119
50065  -45.478  -36.785  45.821 0.3000000119
48290  -45.876  -38.003  46.105 0.3000000119
56148  -56.972  -29.577  58.205 0.8000000119
55290  -56.606  -29.584  57.318 0.6999999881
56162  -57.539  -29.117  56.858 0.5000000000
140662  -58.437  -27.982  57.413 0.6000000238
124767  -55.990  -29.940  56.053 0.6999999881
56252  -54.819  -30.073  49.959 0.6999999881
55372  -46.356  -30.008  51.378 0.5000000000
55387  -49.024  -29.928  50.281 0.6999999881
55386  -48.364  -29.977  50.290 0.5000000000
140875  -46.675  -30.164  50.665 0.5000000000
54509  -48.569  -31.132  49.630 0.4000000060
54498  -45.881  -30.962  49.955 0.4000000060
53660  -50.015  -32.129  49.615 0.6000000238
129247  -52.885  -32.307  48.972 0.6999999881
142445  -49.539  -32.571  49.849 0.3000000119
52808  -51.215  -33.464  49.808 0.3000000119
53649  -48.784  -32.574  50.025 0.3000000119
52794  -50.668  -33.595  50.681 0.3000000119
52795  -51.213  -34.012  50.730 0.3000000119
51877  -51.333  -34.264  50.455 0.3000000119
51889  -51.580  -34.309  49.418 0.3000000119
50941  -51.210  -34.805  49.996 0.3000000119
51895  -50.132  -34.972  48.435 0.3000000119
50955  -50.780  -35.231  49.588 0.3000000119
50956  -51.207  -34.819  49.094 0.3000000119
50963  -48.210  -35.121  48.003 0.3000000119
51904  -48.656  -34.492  47.651 0.3000000119
50971  -46.757  -35.125  47.072 0.3000000119
50969  -45.375  -35.919  45.941 0.3000000119
50970  -45.931  -35.549  46.584 0.3000000119
50074  -45.268  -36.268  45.161 0.3000000119
49198  -46.474  -37.286  43.838 0.3000000119
51917  -47.174  -34.276  46.820 0.3000000119
51915  -45.446  -35.142  46.028 0.3000000119
131090  -45.238  -35.822  44.588 0.3000000119
51926  -45.400  -34.458  45.653 0.3000000119
50093  -46.783  -36.870  43.273 0.3000000119
50990  -45.398  -35.191  43.535 0.3000000119
51003  -45.676  -34.709  42.913 0.3000000119
57177  -58.628  -28.183  53.880 0.6999999881
57172  -58.956  -27.773  55.230 0.6999999881
54513  -54.075  -31.370  49.332 0.6999999881
52811  -53.362  -32.847  48.380 0.6999999881
51907  -51.614  -34.371  47.958 0.5000000000
127349  -45.179  -33.540  43.823 0.4000000060
57184  -58.617  -27.859  52.974 0.6999999881
56214  -57.352  -28.874  52.658 0.8000000119
137868  -58.228  -28.387  52.335 0.8000000119
143568  -58.843  -27.161  52.006 0.8000000119
58086  -58.748  -26.728  52.065 0.6000000238
56235  -57.429  -29.297  51.072 0.8999999762
139512  -57.184  -29.190  51.809 0.8999999762
58085  -58.564  -27.324  51.326 0.8999999762
55375  -56.252  -29.719  50.766 0.6999999881
55391  -56.839  -29.771  49.713 0.8000000119
57203  -58.383  -28.015  49.746 0.8999999762
57202  -57.940  -28.678  49.547 0.8999999762
55406  -56.298  -30.414  49.251 0.6999999881
57209  -56.780  -28.459  48.610 0.8999999762
54515  -55.463  -31.384  48.819 0.6999999881
55405  -55.797  -30.756  49.337 0.6999999881
54523  -55.182  -32.015  47.812 0.6999999881
53675  -53.108  -32.954  47.665 0.6999999881
137907  -51.964  -33.885  47.677 0.5000000000
53674  -52.410  -32.932  47.280 0.6999999881
52831  -51.690  -33.252  47.182 0.5000000000
54530  -52.557  -31.839  46.913 0.6999999881
52818  -49.115  -33.836  47.287 0.5000000000
52827  -47.597  -33.533  46.672 0.3000000119
53680  -47.147  -33.000  46.293 0.3000000119
53695  -45.450  -32.089  44.123 0.4000000060
140677  -57.151  -26.156  51.463 0.8999999762
59971  -56.277  -26.397  49.579 0.8999999762
59957  -56.021  -25.906  50.459 0.8999999762
145344  -55.088  -29.201  47.916 0.8000000119
59969  -55.010  -25.511  49.363 1.0000000000
59970  -55.761  -25.868  49.786 0.8999999762
59956  -55.056  -25.418  50.169 0.8999999762
59940  -54.597  -25.517  50.988 0.8000000119
58108  -55.490  -28.221  48.245 0.8999999762
54522  -54.724  -32.060  47.886 0.6999999881
54521  -54.026  -31.785  47.503 0.6999999881
55422  -52.871  -30.594  47.098 0.6999999881
53683  -49.497  -32.279  46.542 0.5000000000
53682  -48.612  -32.509  46.574 0.4000000060
135246  -47.884  -32.923  46.569 0.4000000060
54527  -48.351  -31.626  46.429 0.4000000060
54528  -49.336  -31.518  46.463 0.6000000238
143330  -46.775  -32.509  45.972 0.4000000060
54541  -45.702  -31.304  44.546 0.4000000060
55444  -45.668  -30.985  43.347 0.4000000060
58989  -54.850  -26.281  48.524 1.0000000000
59939  -53.578  -25.498  51.122 0.6999999881
135148  -54.265  -27.502  47.892 0.8999999762
128505  -53.895  -28.173  47.683 0.8999999762
58997  -54.095  -26.658  48.092 1.0000000000
59976  -53.742  -25.344  48.704 0.8999999762
58988  -54.177  -25.934  48.468 1.0000000000
60821  -53.537  -24.896  49.240 0.8999999762
57214  -52.556  -29.059  47.469 0.8999999762
59984  -52.601  -25.911  47.923 1.0000000000
126399  -53.023  -25.389  48.346 1.0000000000
60831  -52.071  -24.803  48.784 0.8999999762
59975  -52.324  -25.202  48.302 1.0000000000
56267  -51.845  -29.582  47.262 0.6999999881
58104  -51.681  -27.557  47.552 0.8999999762
58995  -51.889  -26.584  47.663 1.0000000000
123471  -51.354  -24.589  48.737 0.8999999762
59982  -50.750  -25.294  47.782 1.0000000000
145999  -51.384  -30.042  47.122 0.6999999881
56278  -50.637  -30.055  46.999 0.6999999881
134374  -51.124  -27.034  47.603 1.0000000000
123974  -50.268  -26.052  47.500 1.0000000000
58993  -50.288  -26.975  47.494 1.0000000000
55420  -50.371  -30.710  46.618 0.6999999881
57224  -50.090  -29.322  47.119 0.6999999881
57223  -49.514  -28.493  47.130 0.8000000119
58114  -49.274  -27.416  47.165 0.8000000119
59003  -48.593  -26.605  47.015 0.8999999762
55418  -48.724  -30.854  46.421 0.4000000060
124820  -48.087  -30.130  46.397 0.5000000000
131673  -48.725  -28.847  46.755 0.6000000238
57222  -47.890  -28.342  46.605 0.6999999881
59991  -48.032  -25.815  46.950 0.8000000119
55417  -47.077  -30.535  46.040 0.4000000060
142782  -46.846  -28.764  45.973 0.6000000238
57229  -47.368  -28.827  46.295 0.6000000238
57221  -47.014  -28.255  46.286 0.6000000238
57220  -46.624  -27.717  46.189 0.6000000238
59001  -46.762  -26.179  46.374 0.6999999881
133807  -46.483  -29.913  45.566 0.5000000000
55427  -46.136  -30.674  45.279 0.5000000000
124596  -45.929  -29.773  45.018 0.6000000238
57232  -46.175  -28.432  45.218 0.6000000238
58118  -46.319  -27.532  45.932 0.6000000238
58119  -46.195  -27.663  45.286 0.6000000238
60001  -46.176  -25.610  45.175 0.6000000238
56291  -46.331  -29.572  43.315 0.4000000060
57239  -46.268  -28.257  44.541 0.6000000238
60798  -51.875  -25.176  50.851 0.6000000238
61738  -47.935  -23.814  47.976 0.8999999762
60834  -47.720  -24.359  47.400 0.8000000119
137790  -46.528  -24.029  45.895 0.8000000119
59021  -46.666  -26.553  43.839 0.5000000000
59022  -47.341  -26.449  43.178 0.5000000000
60858  -46.548  -24.152  43.699 0.5000000000
134762  -46.615  -24.876  43.537 0.5000000000
60806  -49.732  -24.039  51.317 0.6000000238
61740  -46.869  -23.216  46.215 0.8000000119
61731  -47.627  -23.030  47.968 0.8000000119
62614  -46.772  -22.791  45.472 0.6999999881
61753  -46.464  -23.657  44.418 0.6000000238
146414  -47.441  -22.110  44.310 0.6000000238
60011  -47.316  -25.012  42.960 0.5000000000
60862  -48.626  -24.573  42.357 0.5000000000
62630  -47.512  -22.596  42.809 0.5000000000
63400  -48.801  -21.761  42.817 0.5000000000
60786  -49.900  -24.048  52.019 0.6000000238
60788  -50.770  -25.027  52.402 0.5000000000
61713  -49.506  -23.398  50.834 0.6000000238
62574  -50.056  -21.996  51.503 0.6000000238
63351  -48.714  -22.115  49.190 0.6999999881
63360  -48.447  -21.797  48.392 0.6999999881
64166  -49.839  -20.784  49.325 0.6999999881
64210  -48.650  -21.031  47.030 0.6999999881
63376  -47.545  -22.006  46.510 0.8000000119
63377  -48.076  -21.362  46.320 0.6999999881
124942  -50.155  -20.634  47.133 0.6000000238
64211  -49.571  -20.770  46.581 0.6000000238
63378  -48.893  -20.956  46.033 0.6999999881
63386  -47.610  -21.807  45.695 0.6000000238
63395  -47.914  -21.669  43.977 0.6000000238
64229  -49.887  -20.808  45.706 0.6000000238
63393  -49.264  -21.052  44.279 0.5000000000
62628  -48.075  -21.959  43.144 0.5000000000
63396  -48.626  -21.439  43.660 0.5000000000
63389  -50.005  -20.746  44.869 0.4000000060
64254  -50.633  -20.609  42.711 0.4000000060
144854  -50.966  -22.126  41.222 0.4000000060
62560  -50.498  -22.417  52.330 0.6000000238
136608  -51.005  -21.381  51.180 0.6999999881
126266  -51.668  -21.578  51.818 0.6999999881
64144  -51.980  -21.084  51.153 0.6999999881
64158  -51.530  -20.888  50.615 0.6999999881
64191  -50.484  -20.575  47.727 0.6000000238
64178  -51.854  -20.230  48.730 0.6000000238
131977  -52.849  -20.138  48.717 0.6000000238
122525  -52.130  -20.425  46.574 0.6000000238
64214  -52.292  -20.288  45.950 0.6999999881
64230  -50.836  -20.493  45.481 0.6999999881
64215  -52.855  -20.030  46.221 0.6000000238
64245  -51.615  -19.992  44.892 0.6999999881
140567  -52.861  -19.933  45.866 0.6000000238
64217  -55.147  -19.630  46.352 0.6000000238
64234  -54.046  -19.726  45.755 0.6000000238
64236  -55.763  -19.619  46.310 0.6000000238
64218  -55.827  -19.592  46.678 0.6000000238
64252  -51.982  -19.824  44.045 0.6000000238
64255  -51.355  -20.373  42.427 0.4000000060
144298  -54.146  -19.642  44.754 0.6999999881
137930  -51.028  -22.537  54.386 0.6000000238
63333  -53.323  -20.902  51.776 0.6999999881
124170  -53.588  -20.422  51.090 0.6999999881
124398  -55.065  -20.319  52.171 0.6000000238
64159  -53.055  -20.293  50.325 0.6999999881
65035  -54.627  -19.672  49.336 0.6000000238
65070  -55.130  -19.569  47.444 0.6000000238
65053  -57.124  -19.512  48.443 0.6000000238
140573  -54.014  -19.298  43.895 0.6999999881
31745  -27.706  -55.423  66.401 0.1000000015
32646  -27.233  -55.050  66.830 0.1000000015
32653  -27.952  -55.585  65.579 0.1000000015
29785  -27.804  -58.227  70.551 0.1000000015
30793  -27.107  -56.398  68.638 0.1000000015
27850  -28.116  -59.802  72.370 0.1000000015
31731  -27.028  -55.802  67.946 0.1000000015
27849  -27.199  -60.277  71.930 0.1000000015
31736  -27.557  -55.771  67.135 0.1000000015
32637  -26.985  -55.322  67.415 0.1000000015
27856  -25.908  -61.009  70.453 0.1000000015
31754  -28.330  -56.510  65.127 0.1000000015
29791  -27.542  -57.706  70.028 0.1000000015
29790  -26.991  -57.588  69.594 0.1000000015
28821  -28.093  -58.734  71.125 0.1000000015
27858  -27.579  -59.381  71.402 0.1000000015
137279  -27.562  -58.727  70.737 0.1000000015
30783  -26.871  -56.914  69.167 0.1000000015
121879  -26.580  -56.106  68.132 0.1000000015
30792  -26.676  -56.588  68.537 0.1000000015
27857  -26.740  -60.155  70.947 0.1000000015
27866  -25.627  -60.606  69.384 0.1000000015
129888  -28.586  -56.683  64.357 0.1000000015
30824  -29.057  -57.139  63.942 0.1000000015
29784  -27.158  -58.339  70.104 0.1000000015
28829  -26.682  -59.157  69.775 0.1000000015
28828  -26.150  -59.652  69.157 0.1000000015
27867  -26.450  -60.086  69.928 0.1000000015
28820  -27.026  -59.265  70.509 0.1000000015
31730  -26.461  -55.555  67.533 0.1000000015
27865  -24.777  -60.927  68.882 0.1000000015
31758  -29.402  -56.807  63.286 0.1000000015
31759  -30.155  -57.025  62.954 0.1000000015
28840  -26.557  -58.442  69.253 0.1000000015
29798  -26.617  -57.536  69.086 0.1000000015
28839  -25.888  -59.209  68.447 0.1000000015
29808  -26.452  -57.184  68.566 0.1000000015
27882  -25.367  -60.194  68.560 0.1000000015
27881  -24.510  -60.491  68.168 0.1000000015
29797  -26.251  -58.164  68.447 0.1000000015
29807  -26.001  -57.828  67.735 0.1000000015
28853  -25.619  -58.846  67.687 0.1000000015
28838  -25.071  -59.777  67.819 0.1000000015
28852  -24.715  -59.289  67.121 0.1000000015
30791  -26.195  -56.750  67.869 0.1000000015
32645  -26.650  -55.005  67.035 0.1000000015
26956  -23.394  -61.112  68.663 0.1000000015
27880  -23.662  -60.623  68.059 0.1000000015
32667  -27.841  -55.174  64.193 0.1000000015
30830  -31.084  -57.050  62.677 0.1000000015
28864  -24.357  -58.807  66.332 0.1000000015
29830  -24.307  -58.108  65.662 0.1000000015
29806  -25.340  -58.426  66.970 0.1000000015
29831  -25.188  -57.865  66.312 0.1000000015
29821  -25.709  -57.488  67.150 0.1000000015
30800  -25.661  -56.629  66.882 0.1000000015
27894  -24.024  -60.005  67.499 0.1000000015
31729  -26.103  -56.043  67.615 0.1000000015
146582  -23.402  -59.852  67.235 0.1000000015
27892  -22.166  -60.114  67.502 0.1000000015
27893  -23.140  -60.210  67.552 0.1000000015
130866  -22.781  -60.652  68.155 0.1000000015
32663  -28.153  -55.881  64.471 0.1000000015
31757  -28.719  -56.422  63.693 0.1000000015
26955  -22.495  -61.151  68.854 0.1000000015
31765  -30.423  -56.380  62.440 0.1000000015
129966  -31.121  -56.317  62.222 0.1000000015
31776  -32.328  -56.032  61.799 0.1000000015
32688  -33.709  -55.493  61.619 0.1000000015
33600  -34.077  -54.160  62.108 0.1000000015
34588  -34.496  -53.911  62.732 0.1000000015
130041  -35.335  -54.082  63.016 0.1000000015
33573  -36.669  -54.205  64.556 0.1000000015
144893  -36.190  -53.747  65.860 0.1000000015
144568  -23.555  -59.107  66.275 0.1000000015
123667  -23.667  -59.468  66.809 0.1000000015
30810  -24.969  -57.172  65.738 0.1000000015
28851  -22.875  -59.746  67.016 0.1000000015
31735  -25.896  -55.642  67.054 0.1000000015
32651  -26.296  -54.728  66.562 0.1000000015
32652  -27.487  -54.840  66.052 0.1000000015
33550  -26.884  -54.598  66.365 0.1000000015
31764  -29.039  -56.159  62.880 0.1000000015
32675  -29.671  -55.663  62.138 0.1000000015
31774  -30.731  -55.712  61.937 0.1000000015
32685  -31.247  -55.104  61.653 0.1000000015
31775  -31.544  -55.845  61.865 0.1000000015
137313  -32.531  -54.692  61.640 0.1000000015
32686  -32.053  -55.265  61.665 0.1000000015
33617  -33.376  -54.538  61.731 0.1000000015
33574  -37.705  -54.326  64.613 0.1000000015
33562  -37.399  -53.990  65.212 0.1000000015
140062  -38.484  -54.386  64.597 0.1000000015
34542  -37.501  -53.554  65.911 0.1000000015
34543  -38.300  -53.234  65.773 0.1000000015
34560  -38.943  -53.215  65.245 0.1000000015
33575  -39.265  -53.986  64.810 0.1000000015
35486  -38.653  -52.692  65.472 0.1000000015
29820  -23.409  -58.699  65.790 0.1000000015
146362  -23.508  -58.090  65.326 0.1000000015
29819  -22.582  -58.774  65.719 0.1000000015
29828  -21.897  -58.420  65.380 0.1000000015
29829  -22.765  -58.267  65.306 0.1000000015
28863  -22.877  -59.247  66.288 0.1000000015
28862  -22.027  -59.059  65.967 0.1000000015
30809  -23.100  -57.663  64.903 0.1000000015
29818  -21.370  -58.812  65.753 0.1000000015
129534  -24.033  -57.488  65.139 0.1000000015
28850  -22.103  -59.526  66.685 0.1000000015
31744  -25.358  -55.918  66.121 0.1000000015
30819  -24.562  -56.586  65.108 0.1000000015
28849  -21.340  -59.700  67.013 0.1000000015
127939  -21.818  -60.668  68.332 0.1000000015
27891  -21.148  -60.245  67.709 0.1000000015
32668  -28.294  -55.606  63.399 0.1000000015
35510  -39.973  -52.610  63.767 0.1000000015
34541  -36.575  -53.552  66.391 0.1000000015
35498  -39.065  -52.420  64.895 0.1000000015
34561  -39.631  -52.906  64.683 0.1000000015
34532  -37.248  -53.236  66.608 0.1000000015
134481  -37.876  -53.173  66.281 0.1000000015
34530  -35.881  -53.466  66.988 0.1000000015
35478  -37.646  -52.830  66.536 0.1000000015
36397  -37.867  -51.742  65.622 0.1000000015
36398  -38.480  -52.105  65.211 0.1000000015
35471  -37.143  -52.781  66.990 0.1000000015
36391  -37.528  -52.071  66.505 0.1000000015
36396  -37.243  -51.251  65.997 0.1000000015
30807  -21.414  -57.733  64.962 0.1000000015
29827  -20.994  -58.307  65.383 0.1000000015
30805  -19.850  -57.457  65.609 0.1000000015
30808  -22.226  -57.755  64.886 0.1000000015
134966  -19.553  -58.001  65.871 0.1000000015
30817  -22.596  -57.083  64.536 0.1000000015
28861  -21.361  -59.258  66.293 0.1000000015
29817  -20.607  -58.899  65.945 0.1000000015
30818  -23.555  -56.932  64.643 0.1000000015
31751  -22.114  -56.430  64.285 0.1000000015
28848  -20.487  -59.784  67.149 0.1000000015
28860  -20.741  -59.406  66.564 0.1000000015
29816  -19.714  -58.638  66.073 0.1000000015
31753  -24.021  -56.051  64.559 0.1000000015
33558  -25.477  -54.512  65.227 0.1000000015
31743  -24.895  -55.756  65.200 0.1000000015
141756  -26.530  -53.872  65.267 0.1000000015
135551  -25.921  -54.587  65.995 0.1000000015
32662  -27.693  -54.959  65.086 0.1000000015
33583  -27.828  -54.864  63.624 0.1000000015
32684  -30.396  -54.951  61.656 0.1000000015
33616  -31.809  -54.504  61.611 0.1000000015
35509  -39.378  -52.153  64.047 0.1000000015
35528  -39.366  -52.175  61.887 0.1000000015
36435  -38.564  -51.772  61.431 0.1000000015
35538  -38.915  -52.190  61.000 0.1000000015
36415  -38.664  -51.877  64.308 0.1000000015
36429  -38.080  -51.517  61.871 0.1000000015
36404  -37.919  -51.638  64.646 0.1000000015
128808  -37.224  -51.104  63.311 0.1000000015
37347  -37.480  -51.278  61.611 0.1000000015
37314  -36.706  -50.714  65.535 0.1000000015
37332  -37.277  -51.158  64.125 0.1000000015
37340  -37.494  -51.282  62.493 0.1000000015
37331  -36.723  -50.701  63.673 0.1000000015
37339  -36.801  -50.817  62.816 0.1000000015
32635  -18.938  -55.790  67.349 0.1000000015
32629  -18.812  -55.764  68.300 0.1000000015
31733  -18.522  -56.462  66.835 0.1000000015
31741  -19.478  -56.715  65.866 0.1000000015
31742  -20.136  -56.755  65.372 0.1000000015
30815  -21.143  -57.107  64.774 0.1000000015
30798  -18.486  -57.345  66.541 0.1000000015
30799  -19.210  -57.417  66.080 0.1000000015
31750  -21.339  -56.455  64.532 0.1000000015
30816  -21.760  -57.120  64.598 0.1000000015
127420  -18.918  -58.165  66.277 0.1000000015
27890  -19.479  -59.772  67.174 0.1000000015
32661  -24.637  -55.108  64.692 0.1000000015
32660  -23.412  -55.430  64.004 0.1000000015
32649  -25.420  -55.141  65.717 0.1000000015
27879  -20.857  -60.734  68.481 0.1000000015
33559  -26.470  -54.275  65.901 0.1000000015
33560  -27.130  -54.156  65.406 0.1000000015
32674  -28.774  -55.520  62.557 0.1000000015
33599  -28.933  -55.050  62.064 0.1000000015
33613  -29.571  -54.696  61.723 0.1000000015
33615  -30.981  -54.346  61.559 0.1000000015
36434  -37.808  -51.406  60.986 0.1000000015
121870  -38.272  -51.824  60.750 0.1000000015
37352  -37.145  -51.170  61.083 0.1000000015
36433  -37.077  -51.137  60.405 0.1000000015
35537  -37.605  -51.689  60.137 0.1000000015
36390  -36.920  -51.391  66.732 0.1000000015
37322  -36.703  -50.654  64.588 0.1000000015
37338  -36.171  -50.563  62.433 0.1000000015
37351  -36.585  -50.807  60.806 0.1000000015
37330  -36.312  -50.467  63.214 0.1000000015
37345  -36.031  -50.524  61.463 0.1000000015
32630  -19.362  -55.347  68.947 0.1000000015
32622  -18.761  -55.784  69.245 0.1000000015
32636  -19.354  -55.194  68.057 0.1000000015
31725  -18.055  -56.231  68.560 0.1000000015
31728  -18.226  -56.297  67.633 0.1000000015
32642  -19.218  -55.987  66.413 0.1000000015
29814  -17.882  -57.797  66.897 0.1000000015
145889  -18.341  -57.976  66.559 0.1000000015
30790  -17.892  -56.984  67.163 0.1000000015
32648  -20.325  -55.344  65.496 0.1000000015
128633  -20.353  -56.118  65.176 0.1000000015
28847  -18.637  -59.383  66.976 0.1000000015
29805  -18.279  -58.607  66.765 0.1000000015
32658  -21.718  -55.585  64.256 0.1000000015
33568  -21.204  -55.034  64.573 0.1000000015
134079  -22.544  -55.796  64.038 0.1000000015
29815  -19.122  -59.052  66.524 0.1000000015
32659  -22.533  -55.072  63.877 0.1000000015
34537  -26.015  -53.960  65.339 0.1000000015
133478  -27.267  -53.794  64.525 0.1000000015
33597  -27.604  -54.080  63.536 0.1000000015
33598  -28.234  -54.830  62.721 0.1000000015
133887  -29.547  -54.000  61.611 0.1000000015
35548  -37.672  -52.456  59.639 0.1000000015
37355  -36.442  -50.642  59.946 0.1000000015
37350  -35.914  -50.346  60.464 0.2000000030
37359  -36.164  -50.736  59.203 0.2000000030
36449  -35.844  -51.059  58.529 0.2000000030
37321  -36.062  -50.203  64.019 0.1000000015
38198  -35.719  -50.174  63.081 0.1000000015
38207  -35.428  -50.273  62.173 0.1000000015
38212  -35.279  -50.148  61.201 0.2000000030
143746  -34.916  -49.903  59.452 0.2000000030
38206  -34.649  -49.939  61.952 0.1000000015
38216  -34.426  -49.587  60.034 0.2000000030
30763  -17.195  -57.113  73.028 0.1000000015
31706  -17.971  -56.627  72.520 0.1000000015
31712  -17.662  -56.541  71.496 0.1000000015
31719  -18.211  -56.129  70.832 0.1000000015
31718  -17.371  -56.630  70.508 0.1000000015
32623  -19.357  -55.385  69.792 0.1000000015
31717  -17.002  -56.862  69.595 0.1000000015
31721  -17.911  -56.255  69.666 0.1000000015
30782  -16.800  -57.244  68.201 0.1000000015
31727  -17.477  -56.761  67.908 0.1000000015
33548  -19.601  -55.111  67.051 0.1000000015
30789  -17.185  -57.565  67.524 0.1000000015
33549  -20.168  -54.712  66.318 0.1000000015
32643  -19.803  -55.401  66.179 0.1000000015
33557  -21.074  -54.358  64.881 0.1000000015
33567  -20.752  -54.989  64.990 0.1000000015
33580  -22.689  -54.269  63.780 0.1000000015
33570  -24.843  -54.216  64.463 0.1000000015
34554  -25.812  -53.464  64.656 0.1000000015
34556  -26.782  -53.467  64.694 0.1000000015
34570  -27.191  -53.319  63.977 0.1000000015
130936  -28.045  -54.018  62.572 0.1000000015
33612  -28.784  -54.244  61.930 0.1000000015
33614  -30.201  -54.173  61.554 0.1000000015
35556  -36.742  -52.198  58.758 0.2000000030
35561  -34.916  -52.590  57.560 0.2000000030
37313  -36.103  -50.200  65.085 0.1000000015
38223  -34.981  -49.929  58.805 0.2000000030
36459  -34.727  -51.021  57.568 0.2000000030
146444  -34.667  -51.875  57.474 0.2000000030
136409  -35.259  -49.775  63.757 0.2000000030
37357  -34.935  -49.970  58.188 0.2000000030
37368  -35.230  -50.644  58.069 0.2000000030
38205  -33.874  -49.513  61.765 0.2000000030
38219  -34.374  -49.389  59.033 0.2000000030
38222  -34.517  -49.403  58.280 0.2000000030
31701  -18.484  -56.618  73.136 0.1000000015
130800  -18.843  -56.271  72.614 0.1000000015
31713  -18.504  -56.151  71.823 0.1000000015
31707  -19.198  -55.865  72.061 0.1000000015
31714  -18.991  -55.793  71.210 0.1000000015
32611  -19.587  -55.518  71.544 0.1000000015
32615  -18.825  -55.788  70.232 0.1000000015
32616  -19.456  -55.421  70.672 0.1000000015
33538  -19.794  -54.722  68.771 0.1000000015
33542  -19.759  -54.615  67.860 0.1000000015
34526  -20.560  -53.798  66.331 0.1000000015
33556  -20.632  -54.481  65.571 0.1000000015
34550  -21.443  -53.594  64.723 0.1000000015
33581  -23.385  -54.189  63.653 0.1000000015
34553  -25.089  -53.443  64.132 0.1000000015
34555  -26.244  -53.485  64.800 0.1000000015
35493  -25.971  -52.928  64.322 0.1000000015
34583  -27.584  -53.331  62.880 0.1000000015
142844  -27.154  -52.822  63.478 0.1000000015
35515  -28.027  -52.817  62.252 0.1000000015
34598  -29.181  -53.421  61.661 0.1000000015
34584  -28.380  -53.430  62.122 0.1000000015
34599  -29.952  -53.466  61.556 0.1000000015
36464  -33.451  -51.336  56.666 0.2000000030
34639  -33.635  -52.321  56.419 0.2000000030
38196  -34.200  -49.507  62.664 0.2000000030
39095  -34.063  -48.779  57.818 0.2000000030
36458  -33.973  -50.626  57.249 0.2000000030
38210  -33.837  -49.251  60.776 0.2000000030
127433  -32.998  -48.592  59.655 0.2000000030
39088  -33.722  -48.763  58.932 0.2000000030
144045  -34.155  -48.906  58.389 0.2000000030
38215  -33.727  -49.120  59.799 0.2000000030
31702  -19.135  -56.457  73.421 0.1000000015
31703  -19.840  -56.005  73.451 0.1000000015
32612  -20.083  -55.308  71.949 0.1000000015
32617  -19.992  -55.080  71.055 0.1000000015
32624  -19.825  -54.979  70.169 0.1000000015
33534  -19.674  -55.025  69.465 0.1000000015
144082  -20.101  -54.794  70.538 0.1000000015
33535  -19.943  -54.683  69.548 0.1000000015
33531  -20.224  -54.409  70.084 0.1000000015
34518  -20.492  -53.387  68.829 0.1000000015
33539  -20.218  -54.005  68.187 0.1000000015
33543  -20.058  -54.237  67.172 0.1000000015
134678  -20.489  -53.490  67.305 0.1000000015
34527  -20.812  -52.906  66.621 0.1000000015
131403  -21.284  -52.926  65.324 0.1000000015
35489  -21.860  -52.719  64.661 0.1000000015
35481  -21.536  -52.253  65.301 0.1000000015
134181  -22.531  -52.866  64.041 0.1000000015
34568  -24.133  -52.997  63.611 0.1000000015
35501  -23.244  -52.529  63.708 0.1000000015
34569  -24.979  -52.696  63.743 0.1000000015
36408  -24.940  -51.763  63.591 0.1000000015
35504  -26.002  -52.343  63.847 0.1000000015
36409  -25.613  -51.565  63.545 0.1000000015
35505  -26.369  -52.342  63.715 0.1000000015
143902  -26.829  -51.090  62.722 0.1000000015
131758  -27.246  -51.961  62.636 0.1000000015
37342  -27.863  -50.633  61.883 0.1000000015
35524  -28.731  -52.703  61.754 0.1000000015
35525  -29.596  -52.722  61.608 0.1000000015
59888  -58.853  -25.937  55.126 0.3000000119
37377  -33.525  -49.962  57.054 0.2000000030
139999  -33.345  -50.617  56.776 0.2000000030
36469  -32.939  -51.854  55.976 0.2000000030
38226  -33.773  -49.234  57.291 0.2000000030
37384  -32.360  -50.518  55.846 0.2000000030
39080  -32.492  -48.492  61.129 0.2000000030
39090  -33.750  -48.348  58.213 0.2000000030
39103  -33.123  -48.483  56.620 0.2000000030
40021  -32.158  -47.967  59.705 0.2000000030
40025  -33.226  -47.658  58.070 0.2000000030
40040  -33.338  -47.844  56.967 0.2000000030
124469  -32.872  -47.802  56.536 0.2000000030
122763  -31.098  -49.093  54.064 0.2000000030
40995  -32.647  -46.688  57.179 0.2000000030
40039  -32.848  -47.138  56.686 0.2000000030
143732  -30.992  -46.214  54.139 0.2000000030
41051  -30.565  -46.808  52.865 0.2000000030
136505  -30.693  -45.975  53.310 0.2000000030
46465  -31.527  -40.652  51.888 0.2000000030
49097  -36.538  -37.031  51.616 0.2000000030
49098  -37.455  -37.177  51.621 0.3000000119
49100  -39.020  -37.256  51.811 0.3000000119
124932  -32.513  -49.780  56.154 0.2000000030
37383  -31.946  -49.868  55.407 0.2000000030
39117  -32.470  -48.205  56.104 0.2000000030
39116  -32.051  -48.557  55.598 0.2000000030
39135  -31.512  -48.580  54.885 0.2000000030
127591  -32.298  -47.488  58.741 0.2000000030
40987  -32.538  -47.046  57.905 0.2000000030
40052  -32.482  -47.426  56.056 0.2000000030
127074  -31.962  -47.927  55.515 0.2000000030
40069  -31.445  -47.676  54.800 0.2000000030
40093  -31.040  -47.436  54.148 0.2000000030
41985  -32.196  -45.922  57.003 0.2000000030
41995  -32.298  -45.731  56.281 0.2000000030
126248  -31.347  -46.800  54.628 0.2000000030
41052  -30.831  -46.826  53.764 0.2000000030
49970  -41.050  -36.252  54.069 0.4000000060
42013  -31.680  -44.989  55.130 0.2000000030
42979  -31.084  -44.207  53.904 0.2000000030
44656  -30.875  -42.843  52.555 0.2000000030
49085  -39.840  -37.105  52.945 0.4000000060
45583  -31.435  -41.742  53.361 0.2000000030
45597  -31.309  -41.278  52.382 0.2000000030
47307  -32.171  -39.524  52.431 0.2000000030
49083  -38.705  -37.695  52.303 0.4000000060
46449  -31.533  -40.978  53.202 0.2000000030
47292  -32.239  -39.695  53.357 0.2000000030
48208  -32.679  -38.877  52.062 0.2000000030
49079  -34.384  -37.606  52.576 0.2000000030
49081  -36.107  -37.173  52.351 0.2000000030
49082  -37.901  -37.620  52.268 0.3000000119
146217  -32.740  -39.254  53.503 0.2000000030
48190  -32.692  -38.867  53.012 0.2000000030
48209  -33.202  -38.264  52.533 0.2000000030
48049  -51.789  -38.113  67.310 0.2000000030
47132  -52.017  -38.850  66.803 0.4000000060
40982  -31.480  -46.674  60.454 0.2000000030
40985  -31.359  -46.071  59.715 0.2000000030
41978  -31.393  -45.615  58.673 0.2000000030
40024  -31.694  -46.679  58.692 0.2000000030
41984  -31.602  -45.402  57.693 0.2000000030
41994  -31.787  -44.917  56.810 0.2000000030
49072  -40.852  -37.123  54.063 0.4000000060
49955  -41.343  -36.760  54.460 0.4000000060
42004  -32.063  -44.980  55.891 0.2000000030
42963  -31.813  -44.266  55.401 0.2000000030
43797  -31.742  -43.569  54.928 0.2000000030
127457  -39.611  -37.818  53.060 0.4000000060
49071  -40.279  -37.695  53.539 0.4000000060
43810  -31.394  -43.513  54.197 0.2000000030
136590  -31.613  -42.871  54.516 0.2000000030
49070  -39.063  -38.106  52.870 0.4000000060
46450  -31.859  -40.496  53.644 0.2000000030
49066  -34.954  -37.567  52.974 0.2000000030
49080  -35.233  -37.305  52.222 0.2000000030
135478  -36.967  -37.356  52.335 0.2000000030
49064  -33.744  -37.853  52.825 0.2000000030
124425  -35.668  -37.442  52.993 0.2000000030
49822  -52.417  -36.378  66.961 0.2000000030
49834  -53.049  -36.484  66.230 0.2000000030
40978  -31.587  -46.278  61.385 0.4000000060
146196  -31.406  -45.924  60.641 0.2000000030
41974  -31.303  -45.149  59.574 0.3000000119
139350  -31.341  -44.889  58.296 0.2000000030
145909  -31.665  -44.228  56.713 0.2000000030
146331  -31.721  -42.955  55.163 0.2000000030
48196  -39.627  -38.455  53.499 0.5000000000
44629  -31.679  -42.268  54.961 0.2000000030
127643  -31.763  -41.290  53.933 0.2000000030
49069  -38.283  -38.125  52.812 0.3000000119
48195  -38.671  -38.573  53.369 0.5000000000
47293  -33.197  -38.946  53.678 0.2000000030
49065  -34.300  -37.870  53.367 0.2000000030
144758  -35.986  -37.756  53.517 0.2000000030
48191  -33.445  -38.285  53.257 0.2000000030
51726  -53.598  -34.855  65.866 0.1000000015
51727  -54.269  -35.001  65.141 0.1000000015
49851  -53.952  -36.602  64.746 0.1000000015
51739  -54.722  -35.081  64.377 0.2000000030
51740  -55.087  -34.325  64.143 0.3000000119
50801  -54.558  -35.766  63.184 0.4000000060
51761  -55.128  -34.220  62.728 0.3000000119
51771  -54.759  -34.136  62.196 0.3000000119
53558  -55.525  -31.743  61.318 0.3000000119
141450  -55.686  -31.115  60.607 0.4000000060
138247  -53.588  -34.710  61.495 0.5000000000
51783  -52.390  -34.674  60.703 0.8000000119
53556  -53.980  -32.857  60.525 0.6000000238
56142  -57.426  -29.165  58.647 0.5000000000
125428  -53.186  -34.016  60.753 0.8000000119
58063  -59.096  -26.419  54.404 0.4000000060
52693  -53.320  -33.311  60.324 0.8000000119
44584  -39.035  -42.579  58.927 0.6999999881
44595  -40.394  -41.668  58.143 0.6999999881
44582  -36.779  -42.624  59.150 0.6000000238
45516  -38.354  -42.195  58.514 0.6999999881
45531  -40.179  -41.278  57.597 0.5000000000
45546  -40.627  -40.851  57.164 0.6000000238
44581  -36.056  -42.430  59.104 0.5000000000
45515  -37.368  -42.108  58.567 0.6000000238
122801  -37.939  -41.483  57.987 0.5000000000
45513  -35.799  -41.623  58.677 0.4000000060
42926  -31.444  -43.990  59.134 0.3000000119
48182  -41.851  -37.854  55.186 0.6000000238
133949  -31.320  -44.655  59.027 0.2000000030
43757  -31.488  -43.422  58.740 0.3000000119
48181  -41.087  -38.474  54.619 0.5000000000
42935  -31.306  -44.114  58.334 0.2000000030
42943  -31.448  -44.005  57.326 0.2000000030
140912  -31.438  -43.013  56.443 0.2000000030
49054  -40.382  -38.452  54.055 0.5000000000
49055  -41.292  -37.506  54.563 0.6000000238
43768  -31.394  -43.155  57.131 0.2000000030
44614  -31.528  -42.464  55.846 0.2000000030
45555  -31.636  -41.724  55.469 0.2000000030
45568  -31.697  -41.482  54.742 0.2000000030
46436  -31.898  -40.728  54.512 0.2000000030
47272  -32.914  -39.562  53.979 0.2000000030
48176  -34.840  -38.306  54.048 0.2000000030
129240  -35.799  -38.164  54.080 0.2000000030
49068  -37.351  -37.864  52.948 0.2000000030
46437  -32.385  -40.106  54.207 0.2000000030
48175  -33.941  -38.544  53.895 0.2000000030
48192  -35.246  -37.816  53.524 0.2000000030
140895  -54.556  -34.246  64.890 0.1000000015
52659  -54.873  -33.534  64.579 0.2000000030
52660  -55.370  -33.567  63.837 0.3000000119
53536  -55.659  -32.647  62.733 0.3000000119
52677  -55.261  -33.384  62.307 0.3000000119
54388  -55.794  -31.801  62.222 0.1000000015
53547  -55.534  -32.491  62.069 0.3000000119
45545  -39.998  -40.862  57.063 0.6000000238
46386  -41.889  -40.673  57.219 0.6999999881
45528  -36.342  -41.109  58.159 0.4000000060
142184  -37.591  -40.973  57.526 0.5000000000
45544  -39.254  -40.744  57.234 0.5000000000
46403  -40.382  -40.514  56.573 0.6000000238
46404  -41.349  -40.415  56.675 0.6000000238
45512  -34.827  -41.474  58.641 0.4000000060
46384  -36.898  -40.778  57.421 0.4000000060
46400  -37.713  -40.300  56.913 0.5000000000
46401  -38.827  -40.276  56.729 0.5000000000
46424  -40.105  -40.181  55.989 0.6000000238
45511  -33.716  -41.375  58.410 0.4000000060
45527  -35.466  -40.939  58.086 0.4000000060
46422  -38.356  -39.805  56.138 0.5000000000
46423  -39.357  -39.983  55.976 0.5000000000
47260  -40.567  -39.920  55.584 0.5000000000
47262  -42.027  -39.356  55.880 0.6999999881
46382  -35.130  -40.558  57.252 0.4000000060
46397  -34.798  -40.206  56.533 0.4000000060
47258  -38.878  -39.669  55.339 0.5000000000
47280  -40.183  -39.432  54.922 0.5000000000
48164  -41.587  -38.907  55.311 0.6000000238
44567  -31.858  -42.885  59.097 0.3000000119
46380  -32.760  -40.762  56.962 0.3000000119
46381  -34.178  -40.492  57.130 0.3000000119
47240  -37.325  -39.684  56.198 0.5000000000
47257  -37.906  -39.604  55.296 0.4000000060
44592  -31.464  -42.619  57.580 0.3000000119
45543  -32.140  -40.965  56.466 0.3000000119
140647  -33.869  -40.308  56.391 0.3000000119
46420  -34.425  -39.963  55.752 0.2000000030
47277  -37.534  -39.147  54.650 0.4000000060
48179  -39.035  -38.899  54.106 0.5000000000
45542  -31.651  -41.660  56.209 0.3000000119
123973  -32.240  -40.298  55.009 0.2000000030
47275  -35.425  -38.807  54.648 0.2000000030
48178  -38.111  -38.900  54.006 0.4000000060
46417  -31.843  -40.947  55.477 0.2000000030
47273  -33.608  -39.289  54.311 0.2000000030
48194  -37.734  -38.421  53.454 0.3000000119
48193  -36.737  -38.129  53.704 0.2000000030
52650  -54.195  -33.399  65.478 0.1000000015
53521  -55.220  -32.841  64.239 0.1000000015
54378  -55.746  -31.880  62.962 0.3000000119
54379  -55.972  -31.088  62.274 0.2000000030
57131  -57.840  -28.636  58.839 0.4000000060
46383  -36.032  -40.613  57.360 0.4000000060
47259  -39.749  -39.824  55.410 0.5000000000
46398  -35.719  -40.156  56.677 0.4000000060
46421  -35.373  -39.801  55.913 0.3000000119
47239  -36.329  -39.658  56.105 0.4000000060
46419  -33.410  -40.103  55.686 0.2000000030
47254  -34.952  -39.458  55.173 0.2000000030
47256  -36.932  -39.283  55.399 0.3000000119
47276  -36.537  -38.740  54.586 0.3000000119
46418  -32.536  -40.420  55.669 0.2000000030
47252  -32.933  -39.812  54.904 0.2000000030
47253  -33.985  -39.648  55.025 0.2000000030
48177  -37.332  -38.632  54.110 0.3000000119
47274  -34.470  -39.036  54.511 0.2000000030
53520  -54.453  -32.710  65.129 0.1000000015
132675  -55.396  -32.098  63.838 0.1000000015
55231  -56.046  -30.384  62.421 0.2000000030
56112  -56.560  -29.581  61.398 0.2000000030
56097  -56.503  -29.530  62.111 0.2000000030
53499  -52.449  -33.044  66.705 0.1000000015
54348  -53.304  -32.037  66.383 0.1000000015
134194  -54.680  -32.014  64.657 0.1000000015
55223  -55.453  -30.377  63.264 0.1000000015
57122  -58.058  -28.387  59.659 0.3000000119
57140  -58.205  -28.315  58.104 0.5000000000
58029  -59.165  -27.049  55.588 0.4000000060
54360  -54.309  -30.975  65.038 0.1000000015
55216  -54.878  -30.706  64.106 0.1000000015
56077  -55.140  -29.353  63.592 0.1000000015
57928  -56.315  -27.885  62.464 0.1000000015
57095  -55.947  -28.708  62.633 0.2000000030
57111  -56.885  -28.401  61.440 0.2000000030
57112  -57.305  -28.143  60.873 0.2000000030
57123  -58.310  -27.645  59.702 0.3000000119
57976  -58.620  -26.966  58.533 0.5000000000
131179  -58.052  -27.784  60.343 0.2000000030
58893  -58.902  -26.391  56.627 0.3000000119
57929  -56.528  -27.183  62.236 0.2000000030
57949  -57.996  -26.842  60.487 0.2000000030
57132  -58.263  -27.812  58.869 0.4000000060
58841  -58.354  -26.086  59.597 0.3000000119
59869  -58.911  -25.922  55.944 0.3000000119
57915  -55.593  -27.759  63.028 0.1000000015
57939  -56.978  -27.437  61.520 0.2000000030
58816  -57.128  -26.298  61.385 0.1000000015
57950  -58.359  -26.937  60.030 0.1000000015
58807  -56.315  -26.241  62.529 0.1000000015
58827  -57.630  -26.113  60.789 0.1000000015
59908  -58.684  -25.924  54.315 0.5000000000
64123  -54.079  -20.902  53.409 0.6000000238
64135  -54.533  -20.637  52.724 0.5000000000
64124  -54.822  -20.605  53.696 0.5000000000
59907  -58.411  -25.852  53.631 0.5000000000
63313  -53.418  -21.138  53.184 0.6000000238
131841  -53.535  -21.071  54.131 0.5000000000
124380  -54.355  -20.832  54.475 0.5000000000
59868  -58.487  -25.555  55.800 0.3000000119
64108  -52.840  -21.170  54.858 0.5000000000
135820  -52.385  -21.453  55.522 0.3000000119
63292  -52.293  -21.551  56.470 0.3000000119
63283  -52.950  -21.173  56.657 0.3000000119
64096  -53.084  -21.280  56.022 0.5000000000
64109  -53.893  -21.056  55.474 0.5000000000
64110  -54.647  -20.732  55.412 0.5000000000
136942  -55.938  -20.201  52.464 0.5000000000
63272  -51.872  -21.318  57.179 0.3000000119
63271  -51.317  -21.234  57.183 0.3000000119
64089  -53.099  -20.766  56.875 0.3000000119
64097  -53.684  -20.959  56.463 0.5000000000
121935  -55.094  -20.529  54.752 0.5000000000
64098  -54.505  -20.649  56.180 0.5000000000
50811  -53.982  -35.161  61.986 0.4000000060
53557  -54.696  -32.392  60.869 0.5000000000
140772  -54.316  -35.508  62.566 0.5000000000
143699  -53.329  -34.383  61.160 0.5000000000
49886  -54.011  -36.208  62.769 0.4000000060
136982  -53.637  -37.252  64.989 0.2000000030
48940  -53.295  -37.375  65.651 0.3000000119
48955  -53.782  -37.368  64.352 0.3000000119
48061  -52.963  -38.229  65.807 0.3000000119
50784  -54.603  -35.879  63.869 0.3000000119
51760  -54.914  -35.017  62.953 0.3000000119
49901  -53.092  -35.855  62.007 0.5000000000
36426  -28.354  -51.181  61.748 0.1000000015
34602  -32.505  -53.916  61.783 0.1000000015
40016  -31.680  -47.394  60.310 0.2000000030
39081  -33.063  -49.106  61.508 0.2000000030
40017  -32.005  -47.906  60.684 0.2000000030
44577  -31.589  -42.742  58.338 0.3000000119
140477  -34.557  -49.401  63.486 0.1000000015
38187  -35.492  -49.677  64.656 0.1000000015
131737  -36.674  -50.854  66.256 0.1000000015
131107  -38.335  -42.826  59.205 0.6999999881
44583  -37.621  -42.743  59.167 0.6999999881
44594  -39.469  -41.757  58.216 0.6999999881
45532  -40.782  -41.264  57.629 0.6999999881
45533  -41.338  -40.958  57.409 0.6999999881
47261  -41.314  -39.697  55.638 0.6000000238
141686  -41.094  -40.147  56.049 0.6000000238
48101  -53.357  -37.802  63.725 0.6999999881
48972  -53.704  -37.241  63.504 0.6000000238
139593  -53.630  -36.817  62.989 0.5000000000
49900  -52.529  -35.897  61.807 0.6999999881
49885  -53.408  -36.361  62.514 0.5000000000
55232  -56.368  -30.305  61.848 0.2000000030
54389  -56.075  -30.966  61.652 0.2000000030
50825  -52.650  -35.270  61.378 0.6999999881
51794  -52.726  -34.269  60.556 0.8000000119
128603  -56.724  -29.041  61.581 0.2000000030
59905  -57.325  -25.724  53.272 0.5000000000
45510  -32.772  -41.458  57.968 0.3000000119
48074  -53.448  -38.102  64.992 0.4000000060
137984  -53.704  -37.559  63.923 0.5000000000
64136  -55.340  -20.385  53.042 0.5000000000
132452  -29.739  -56.431  62.725 0.1000000015
32650  -25.840  -55.132  66.539 0.1000000015
34559  -38.223  -53.796  65.138 0.1000000015
35485  -38.193  -52.540  66.026 0.1000000015
37315  -37.319  -51.163  65.093 0.1000000015
30806  -20.624  -57.487  65.170 0.1000000015
29826  -20.200  -58.174  65.605 0.1000000015
31752  -23.029  -56.343  64.242 0.1000000015
28859  -19.995  -59.324  66.495 0.1000000015
33571  -25.542  -53.931  64.798 0.1000000015
35518  -39.409  -52.129  62.984 0.1000000015
36430  -38.766  -51.797  62.325 0.1000000015
36423  -38.767  -51.794  63.310 0.1000000015
36414  -37.903  -51.547  63.534 0.1000000015
36422  -38.201  -51.606  62.680 0.1000000015
37346  -36.795  -50.974  61.798 0.1000000015
31734  -18.952  -56.761  66.324 0.1000000015
32647  -19.822  -56.018  65.698 0.1000000015
31749  -20.722  -56.638  64.898 0.1000000015
32657  -20.846  -55.753  64.726 0.1000000015
32666  -23.180  -54.740  63.703 0.1000000015
33569  -23.935  -54.602  63.942 0.1000000015
29804  -17.475  -58.422  67.244 0.1000000015
136781  -21.790  -54.491  64.251 0.1000000015
36441  -36.814  -51.192  59.665 0.1000000015
35547  -37.130  -51.853  59.329 0.1000000015
36450  -36.501  -51.422  58.958 0.2000000030
37358  -35.471  -50.407  58.709 0.2000000030
37354  -35.623  -50.267  59.490 0.2000000030
35555  -36.111  -51.931  58.405 0.2000000030
38197  -34.984  -49.825  62.851 0.1000000015
38211  -34.561  -49.672  60.986 0.2000000030
38217  -35.118  -50.046  60.233 0.2000000030
30764  -17.889  -56.963  73.404 0.1000000015
30773  -16.834  -56.970  71.175 0.1000000015
31724  -17.273  -56.715  68.772 0.1000000015
34536  -20.969  -53.704  65.449 0.1000000015
34551  -22.199  -53.561  64.155 0.1000000015
34552  -24.132  -53.815  63.743 0.1000000015
35492  -25.576  -52.989  64.135 0.1000000015
35495  -26.740  -52.841  64.034 0.1000000015
35514  -27.431  -52.555  62.713 0.1000000015
145499  -36.844  -52.810  58.716 0.2000000030
34626  -35.633  -52.690  57.977 0.2000000030
36460  -35.360  -51.615  57.919 0.2000000030
35564  -34.286  -52.497  57.078 0.2000000030
37367  -34.656  -50.206  57.697 0.2000000030
36465  -34.093  -51.586  57.124 0.2000000030
38227  -34.437  -49.505  57.779 0.2000000030
39084  -33.039  -48.923  60.543 0.2000000030
31708  -19.486  -55.959  72.755 0.1000000015
32606  -19.703  -55.652  72.232 0.1000000015
140142  -20.915  -53.102  65.906 0.1000000015
34567  -23.141  -53.460  63.652 0.1000000015
35503  -25.529  -52.382  63.771 0.1000000015
142021  -24.973  -52.239  63.642 0.1000000015
35494  -26.323  -52.928  64.299 0.1000000015
36411  -26.650  -51.667  63.054 0.1000000015
135348  -28.001  -52.048  61.955 0.1000000015
37366  -34.102  -49.868  57.454 0.2000000030
39083  -32.454  -48.429  60.315 0.2000000030
39087  -33.075  -48.140  58.842 0.2000000030
133115  -20.200  -54.161  69.198 0.1000000015
145870  -20.534  -53.258  68.043 0.1000000015
35466  -21.056  -52.073  66.882 0.1000000015
35502  -24.222  -52.154  63.590 0.1000000015
35490  -22.529  -52.135  64.274 0.1000000015
36410  -26.128  -51.684  63.470 0.1000000015
36417  -26.387  -50.950  63.016 0.1000000015
37376  -32.936  -50.193  56.503 0.2000000030
36463  -32.815  -51.025  56.277 0.2000000030
145080  -33.474  -48.863  56.897 0.2000000030
38235  -33.180  -49.325  56.626 0.2000000030
40032  -33.551  -48.084  57.592 0.2000000030
39104  -33.589  -48.512  57.208 0.2000000030
132686  -32.436  -49.030  56.026 0.2000000030
40020  -31.625  -47.116  59.563 0.2000000030
40031  -33.127  -47.398  57.365 0.2000000030
39150  -31.036  -48.191  54.115 0.2000000030
39149  -30.778  -48.692  53.336 0.2000000030
40994  -31.901  -46.282  57.812 0.2000000030
41002  -32.536  -46.407  56.588 0.2000000030
41027  -31.440  -45.830  54.746 0.2000000030
124454  -30.950  -45.585  54.040 0.2000000030
42978  -30.755  -44.958  53.426 0.2000000030
47291  -31.652  -40.315  52.681 0.2000000030
38257  -31.512  -49.473  54.682 0.2000000030
41014  -32.426  -46.522  55.967 0.2000000030
40051  -31.889  -47.122  55.414 0.2000000030
41013  -31.988  -45.715  55.597 0.2000000030
139618  -31.771  -46.416  55.315 0.2000000030
42027  -31.257  -44.953  54.345 0.2000000030
44642  -31.297  -42.675  53.597 0.2000000030
49084  -39.294  -37.558  52.485 0.4000000060
121978  -31.109  -42.124  52.703 0.2000000030
132497  -31.673  -42.081  54.173 0.2000000030
49094  -33.757  -37.829  52.132 0.2000000030
49067  -36.468  -37.555  53.023 0.2000000030
48925  -52.114  -37.273  67.137 0.2000000030
123855  -31.562  -43.682  56.596 0.2000000030
43782  -31.665  -43.467  55.771 0.2000000030
48939  -52.740  -37.350  66.392 0.3000000119
50756  -53.320  -35.647  66.040 0.2000000030
49835  -53.544  -36.543  65.476 0.1000000015
146553  -31.429  -44.668  57.694 0.2000000030
142301  -40.762  -37.869  54.170 0.4000000060
50771  -53.892  -35.757  65.299 0.1000000015
50772  -54.356  -35.847  64.579 0.2000000030
49863  -54.237  -36.627  64.099 0.2000000030
51751  -54.955  -35.098  63.648 0.3000000119
49875  -54.179  -36.589  63.427 0.4000000060
123853  -54.570  -34.795  62.366 0.4000000060
51752  -55.239  -34.304  63.411 0.3000000119
52668  -55.517  -33.502  63.106 0.3000000119
53546  -55.000  -32.829  61.573 0.3000000119
52694  -53.787  -34.031  61.259 0.4000000060
51770  -54.219  -34.477  61.805 0.4000000060
51784  -52.984  -34.661  61.121 0.6999999881
50826  -53.328  -35.267  61.703 0.4000000060
136100  -54.254  -33.223  61.122 0.5000000000
144851  -53.666  -33.506  60.790 0.6000000238
45514  -36.568  -41.895  58.647 0.6000000238
45530  -38.823  -41.374  57.826 0.5000000000
127446  -40.894  -40.551  56.789 0.6000000238
45529  -37.127  -41.347  58.112 0.5000000000
46385  -38.354  -40.831  57.392 0.5000000000
128167  -31.310  -43.318  57.940 0.2000000030
124519  -40.518  -38.975  54.538 0.5000000000
45523  -31.711  -41.672  57.035 0.3000000119
48180  -39.901  -38.970  54.260 0.5000000000
52649  -53.887  -34.101  65.697 0.1000000015
53527  -55.575  -32.785  63.452 0.2000000030
46402  -39.710  -40.431  56.541 0.5000000000
46425  -40.720  -40.303  56.233 0.6000000238
45526  -34.453  -40.898  57.874 0.4000000060
45525  -33.351  -40.938  57.535 0.4000000060
47281  -40.923  -39.339  55.006 0.5000000000
47279  -39.371  -39.347  54.777 0.5000000000
47278  -38.439  -39.354  54.642 0.4000000060
144597  -33.391  -40.550  56.903 0.3000000119
45524  -32.347  -41.260  57.330 0.3000000119
46396  -32.946  -40.457  56.380 0.3000000119
47255  -35.930  -39.289  55.305 0.3000000119
53507  -53.720  -32.587  66.071 0.1000000015
54369  -55.433  -31.309  63.504 0.2000000030
124172  -55.746  -31.068  62.781 0.2000000030
46399  -36.651  -40.229  56.771 0.4000000060
54355  -53.922  -31.768  65.765 0.1000000015
54361  -54.970  -31.440  64.223 0.1000000015
56096  -55.743  -29.576  62.754 0.2000000030
54347  -52.804  -32.041  66.423 0.1000000015
54354  -53.179  -31.452  66.194 0.1000000015
133826  -54.839  -29.997  63.998 0.1000000015
57096  -56.675  -28.634  62.062 0.2000000030
57080  -55.281  -28.488  63.351 0.1000000015
63282  -52.423  -21.281  56.987 0.3000000119
63273  -52.403  -20.907  57.165 0.3000000119
64959  -51.228  -19.736  56.365 0.3000000119
50810  -53.691  -35.768  62.254 0.5000000000
48964  -53.995  -37.139  63.835 0.4000000060
44381  -27.979  -41.670  80.992 0.3000000119
44395  -28.436  -42.114  80.787 0.3000000119
43586  -25.628  -42.952  79.139 0.5000000000
44392  -25.050  -42.039  80.487 0.4000000060
43570  -24.807  -42.476  79.818 0.4000000060
128542  -24.901  -43.074  78.660 0.6000000238
44382  -28.745  -41.738  80.967 0.3000000119
43575  -29.852  -42.737  80.223 0.4000000060
43585  -24.053  -42.930  79.185 0.4000000060
52757  -42.328  -33.327  53.357 0.4000000060
49203  -51.508  -37.298  43.400 0.2000000030
50096  -50.861  -36.873  42.815 0.2000000030
51009  -51.413  -36.311  42.203 0.2000000030
137745  -51.943  -35.828  41.750 0.2000000030
137081  -53.185  -35.588  41.448 0.2000000030
51029  -53.812  -35.496  41.051 0.2000000030
50105  -48.917  -36.394  42.535 0.3000000119
51026  -50.278  -35.422  41.649 0.2000000030
51992  -51.502  -34.517  40.651 0.2000000030
123319  -53.027  -35.285  40.694 0.2000000030
51973  -49.148  -34.259  41.500 0.3000000119
51991  -50.811  -34.262  40.976 0.2000000030
51994  -52.885  -34.778  40.113 0.2000000030
51993  -52.249  -34.320  40.212 0.2000000030
51971  -47.498  -34.026  41.717 0.3000000119
126714  -49.278  -32.887  41.250 0.2000000030
135234  -50.828  -32.942  40.747 0.2000000030
130144  -51.800  -31.991  40.391 0.2000000030
54575  -53.261  -31.865  39.768 0.2000000030
53728  -51.971  -32.760  40.234 0.2000000030
59886  -57.830  -25.336  54.699 0.4000000060
59885  -57.205  -25.327  54.371 0.4000000060
122148  -56.354  -25.096  54.981 0.4000000060
123215  -56.434  -25.635  54.062 0.5000000000
58946  -55.454  -26.118  52.665 0.5000000000
58945  -54.659  -26.197  52.466 0.5000000000
59925  -54.177  -25.934  51.825 0.5000000000
56302  -46.729  -29.643  42.621 0.4000000060
55456  -48.148  -30.843  41.221 0.3000000119
55457  -49.022  -30.779  40.957 0.3000000119
54577  -54.785  -31.231  39.077 0.2000000030
53702  -45.642  -32.229  42.830 0.3000000119
53703  -46.070  -32.416  42.254 0.3000000119
53716  -47.499  -32.524  41.530 0.3000000119
132839  -49.330  -32.193  41.068 0.2000000030
55463  -50.719  -30.742  40.812 0.2000000030
54571  -52.069  -31.324  40.477 0.2000000030
59884  -55.568  -25.429  54.684 0.4000000060
59903  -54.701  -25.742  54.302 0.4000000060
59904  -55.580  -26.002  53.734 0.4000000060
58944  -52.848  -26.073  53.237 0.4000000060
58962  -53.876  -26.364  52.788 0.4000000060
59924  -53.196  -25.930  52.095 0.4000000060
56303  -47.346  -29.472  42.175 0.4000000060
124371  -48.628  -29.967  41.258 0.3000000119
55470  -54.386  -30.702  39.654 0.2000000030
58136  -48.013  -27.691  42.529 0.4000000060
57256  -49.112  -28.665  41.631 0.2000000030
55459  -51.102  -30.005  41.060 0.2000000030
55466  -53.256  -30.445  40.569 0.2000000030
56310  -54.287  -29.201  41.501 0.2000000030
58138  -49.711  -27.198  42.162 0.3000000119
58149  -50.236  -27.839  41.817 0.2000000030
56308  -51.515  -29.208  41.358 0.2000000030
133301  -53.357  -29.130  41.551 0.2000000030
58150  -51.085  -27.764  41.890 0.2000000030
59865  -55.539  -24.914  55.470 0.4000000060
59883  -53.906  -25.192  54.757 0.2000000030
59902  -53.687  -26.055  53.861 0.2000000030
133394  -52.821  -25.960  54.064 0.2000000030
59861  -51.811  -25.515  55.523 0.2000000030
59922  -51.404  -25.518  52.903 0.4000000060
59923  -52.189  -25.792  52.447 0.4000000060
137170  -51.994  -25.810  53.290 0.3000000119
60015  -51.125  -25.573  42.158 0.2000000030
60016  -52.012  -25.462  42.183 0.2000000030
59028  -49.131  -26.564  42.411 0.3000000119
60014  -50.251  -25.638  42.248 0.2000000030
59031  -51.680  -26.245  42.322 0.2000000030
58142  -53.760  -27.264  42.340 0.2000000030
58139  -50.540  -27.093  42.161 0.2000000030
58151  -51.931  -27.709  41.963 0.2000000030
57260  -53.475  -28.210  41.955 0.2000000030
126137  -54.882  -24.817  55.715 0.2000000030
59863  -53.259  -24.948  55.365 0.2000000030
122627  -54.774  -25.133  55.132 0.2000000030
59882  -53.055  -25.436  54.597 0.2000000030
128458  -50.637  -25.291  55.431 0.2000000030
59880  -51.728  -25.552  54.845 0.2000000030
125896  -52.212  -25.825  53.996 0.3000000119
59879  -51.093  -25.128  54.979 0.3000000119
59900  -50.930  -25.055  53.566 0.4000000060
61698  -50.432  -23.799  53.598 0.4000000060
60787  -50.296  -24.410  52.881 0.4000000060
60012  -48.150  -25.169  42.629 0.4000000060
60871  -50.045  -24.086  41.758 0.2000000030
59032  -52.554  -26.169  42.388 0.2000000030
58143  -54.850  -27.183  42.494 0.2000000030
127791  -56.913  -26.630  42.956 0.2000000030
61761  -50.770  -23.452  41.373 0.2000000030
60873  -51.530  -24.106  41.559 0.2000000030
60867  -53.398  -24.680  42.176 0.2000000030
60869  -55.234  -24.759  42.144 0.2000000030
60023  -55.971  -24.984  42.300 0.2000000030
60874  -52.334  -23.873  41.560 0.2000000030
61768  -54.207  -22.996  40.565 0.2000000030
130061  -54.609  -23.463  40.377 0.2000000030
62635  -51.473  -22.576  41.068 0.2000000030
141249  -53.007  -24.218  41.792 0.2000000030
61765  -54.686  -23.595  40.931 0.2000000030
60027  -56.006  -24.743  41.324 0.2000000030
64260  -52.391  -20.445  41.246 0.3000000119
63412  -53.632  -21.317  40.301 0.3000000119
61770  -54.563  -23.292  39.412 0.2000000030
62637  -52.000  -21.889  40.830 0.3000000119
62638  -52.523  -22.428  40.734 0.3000000119
62639  -53.491  -22.260  40.470 0.3000000119
122913  -55.224  -20.370  55.795 0.4000000060
144296  -60.988  -19.662  48.901 0.4000000060
129863  -60.191  -19.636  47.493 0.4000000060
65056  -60.430  -19.597  48.723 0.4000000060
127006  -57.452  -19.642  46.157 0.4000000060
64220  -58.809  -19.626  47.064 0.4000000060
65944  -55.386  -18.641  43.087 0.5000000000
65098  -57.155  -19.400  44.711 0.5000000000
65088  -58.203  -19.539  45.550 0.4000000060
64238  -59.289  -19.587  46.416 0.4000000060
65953  -54.603  -18.537  42.520 0.6000000238
65964  -54.701  -18.318  41.629 0.5000000000
125319  -56.122  -18.319  42.872 0.5000000000
65099  -57.994  -19.428  44.852 0.5000000000
65126  -53.386  -19.208  41.404 0.4000000060
141344  -54.330  -19.834  40.027 0.4000000060
65146  -54.857  -19.535  39.620 0.3000000119
64125  -55.620  -20.365  54.013 0.4000000060
65037  -57.199  -19.561  49.422 0.5000000000
65072  -56.611  -19.604  47.638 0.5000000000
64199  -58.415  -19.589  47.642 0.5000000000
64182  -59.905  -19.590  48.152 0.4000000060
65089  -59.086  -19.503  45.672 0.4000000060
66867  -56.251  -17.848  42.180 0.5000000000
65112  -57.698  -19.048  44.219 0.5000000000
65119  -53.126  -18.988  42.323 0.5000000000
64100  -56.323  -19.689  55.267 0.4000000060
142620  -56.372  -19.938  54.842 0.4000000060
124655  -56.173  -20.211  53.388 0.4000000060
64149  -57.379  -19.973  52.131 0.4000000060
65025  -57.197  -19.799  50.309 0.4000000060
65038  -57.971  -19.667  49.806 0.4000000060
138217  -57.856  -19.515  48.998 0.4000000060
64181  -59.069  -19.607  48.291 0.4000000060
65090  -60.139  -19.561  45.756 0.4000000060
64221  -60.500  -19.716  47.017 0.4000000060
144143  -59.308  -19.111  44.587 0.5000000000
139747  -58.195  -18.606  43.719 0.5000000000
65113  -58.551  -19.023  44.420 0.4000000060
66875  -57.572  -17.500  41.494 0.5000000000
144379  -57.498  -19.574  53.662 0.4000000060
65040  -60.597  -19.346  49.603 0.4000000060
64139  -58.399  -19.421  52.908 0.4000000060
65026  -57.969  -19.898  50.704 0.4000000060
143957  -58.732  -19.650  50.247 0.4000000060
65039  -59.474  -19.465  49.816 0.4000000060
65055  -59.654  -19.527  48.924 0.4000000060
64183  -60.516  -19.650  47.933 0.4000000060
64222  -60.990  -19.798  46.736 0.4000000060
64184  -61.040  -19.677  48.045 0.4000000060
129695  -60.229  -19.080  44.392 0.4000000060
65091  -61.236  -19.714  45.743 0.4000000060
65947  -59.317  -18.632  43.859 0.5000000000
65102  -61.042  -19.482  44.947 0.4000000060
130804  -60.072  -19.427  49.448 0.4000000060
64202  -61.518  -19.848  47.133 0.4000000060
64240  -61.321  -19.833  46.286 0.4000000060
64241  -62.046  -19.976  45.691 0.4000000060
65092  -62.073  -19.794  44.890 0.4000000060
64203  -61.994  -19.980  46.432 0.4000000060
52006  -54.982  -34.528  39.283 0.2000000030
51046  -53.737  -35.124  40.056 0.2000000030
52009  -54.672  -33.679  38.990 0.2000000030
52883  -52.417  -33.533  39.997 0.2000000030
52004  -53.396  -34.335  39.681 0.2000000030
53730  -52.762  -32.723  39.874 0.2000000030
52890  -55.324  -33.324  38.611 0.2000000030
44396  -29.292  -42.209  80.794 0.4000000060
52859  -46.354  -33.178  42.144 0.3000000119
51970  -46.705  -33.959  42.025 0.3000000119
128073  -56.369  -25.998  52.983 0.6000000238
54552  -45.978  -31.683  42.394 0.3000000119
133746  -46.298  -28.903  43.898 0.4000000060
57250  -46.876  -28.867  42.903 0.4000000060
133142  -47.343  -28.094  42.900 0.4000000060
59027  -48.117  -26.738  42.653 0.3000000119
134675  -48.569  -25.897  42.561 0.3000000119
127169  -48.855  -25.259  42.418 0.3000000119
61758  -49.126  -23.920  41.998 0.2000000030
62540  -50.647  -23.202  54.056 0.4000000060
63408  -52.125  -21.204  40.914 0.3000000119
144618  -56.436  -20.010  51.333 0.4000000060
65014  -57.125  -20.007  51.222 0.4000000060
65125  -52.695  -19.653  41.736 0.4000000060
65109  -54.689  -19.000  43.420 0.5000000000
143604  -55.538  -19.490  44.490 0.5000000000
65087  -56.585  -19.615  45.475 0.5000000000
64198  -57.675  -19.628  47.012 0.5000000000
131548  -56.855  -19.665  47.214 0.5000000000
55445  -46.025  -30.851  42.681 0.3000000119
60863  -49.542  -24.875  42.194 0.2000000030
65120  -53.836  -18.823  42.904 0.6000000238
64111  -55.864  -20.161  55.053 0.4000000060
50106  -49.865  -36.605  42.660 0.3000000119
51008  -50.525  -36.162  42.156 0.2000000030
130314  -51.094  -35.743  41.577 0.2000000030
51027  -51.656  -35.321  41.086 0.2000000030
51010  -52.852  -35.857  42.104 0.2000000030
51028  -52.463  -35.499  41.264 0.2000000030
51007  -49.617  -35.899  42.114 0.2000000030
51005  -47.865  -35.293  41.978 0.3000000119
51006  -48.696  -35.653  42.000 0.3000000119
51974  -50.117  -34.456  41.351 0.2000000030
51975  -50.886  -35.005  41.145 0.2000000030
51025  -49.416  -35.117  41.658 0.3000000119
51045  -52.256  -35.028  40.578 0.2000000030
51024  -48.543  -34.860  41.689 0.3000000119
51972  -48.305  -34.099  41.581 0.3000000119
52871  -50.455  -33.598  41.051 0.2000000030
52881  -51.112  -33.683  40.689 0.2000000030
52003  -52.784  -34.141  39.871 0.2000000030
52882  -51.753  -33.666  40.336 0.2000000030
131031  -47.954  -33.318  41.535 0.3000000119
52868  -47.104  -33.263  41.735 0.3000000119
52870  -49.689  -33.559  41.296 0.2000000030
53718  -50.064  -32.751  41.047 0.2000000030
52869  -48.814  -33.442  41.418 0.3000000119
53717  -48.481  -32.522  41.309 0.3000000119
53727  -51.312  -32.407  40.539 0.2000000030
53725  -49.991  -31.992  40.857 0.2000000030
53726  -50.633  -32.171  40.730 0.2000000030
54570  -51.223  -31.533  40.624 0.2000000030
55464  -51.610  -30.685  40.742 0.2000000030
54574  -52.434  -31.961  40.148 0.2000000030
52887  -53.102  -33.531  39.695 0.2000000030
53731  -53.492  -32.781  39.526 0.2000000030
142715  -54.664  -26.283  53.291 0.4000000060
55446  -46.808  -30.319  42.138 0.3000000119
56305  -47.677  -30.125  41.593 0.3000000119
55455  -47.288  -30.989  41.586 0.3000000119
54565  -47.824  -31.707  41.333 0.3000000119
54566  -48.701  -31.577  41.088 0.3000000119
54568  -49.537  -31.440  40.880 0.3000000119
135098  -49.419  -30.193  41.049 0.3000000119
55462  -49.855  -30.763  40.855 0.2000000030
54576  -54.058  -31.485  39.483 0.2000000030
54579  -54.487  -32.047  39.055 0.2000000030
54580  -55.192  -31.882  38.648 0.2000000030
55454  -46.513  -31.240  41.983 0.3000000119
54564  -46.993  -31.806  41.636 0.3000000119
55458  -50.177  -30.066  41.034 0.2000000030
137645  -50.507  -29.307  41.314 0.2000000030
54569  -50.333  -31.431  40.763 0.2000000030
55465  -52.458  -30.584  40.670 0.2000000030
54572  -52.823  -31.172  40.244 0.2000000030
55460  -52.014  -29.948  41.014 0.2000000030
57251  -47.831  -28.599  42.253 0.3000000119
57255  -48.475  -28.766  41.772 0.2000000030
56317  -54.570  -29.609  40.845 0.2000000030
55467  -54.058  -30.253  40.369 0.2000000030
55469  -53.579  -30.937  39.928 0.2000000030
58137  -48.622  -28.145  42.011 0.2000000030
58148  -49.411  -27.947  41.849 0.3000000119
57257  -49.924  -28.603  41.548 0.2000000030
57258  -50.814  -28.518  41.569 0.2000000030
56315  -52.901  -29.924  41.111 0.2000000030
56316  -53.744  -29.783  41.022 0.2000000030
125635  -48.860  -27.373  42.285 0.3000000119
59029  -49.991  -26.420  42.297 0.3000000119
57259  -51.651  -28.423  41.642 0.2000000030
143684  -52.035  -28.858  41.504 0.2000000030
138358  -52.525  -28.467  41.706 0.2000000030
59881  -52.338  -25.561  54.660 0.2000000030
59901  -51.553  -25.505  53.927 0.4000000060
59030  -50.835  -26.320  42.290 0.2000000030
60872  -50.805  -24.295  41.620 0.2000000030
60865  -51.387  -24.853  41.860 0.2000000030
58152  -52.795  -27.591  42.124 0.2000000030
125458  -52.957  -26.855  42.391 0.2000000030
133568  -54.401  -26.575  42.484 0.2000000030
132553  -54.063  -28.661  41.852 0.2000000030
57261  -54.826  -28.559  41.929 0.2000000030
59864  -54.125  -24.935  55.565 0.2000000030
60773  -50.638  -24.534  54.393 0.4000000060
60866  -52.380  -24.654  41.939 0.2000000030
60017  -52.964  -25.339  42.382 0.2000000030
58144  -55.889  -26.906  42.788 0.2000000030
134277  -54.591  -25.806  42.471 0.2000000030
59033  -55.280  -26.329  42.675 0.2000000030
59034  -56.306  -26.043  42.999 0.2000000030
60868  -54.332  -24.633  42.144 0.2000000030
60875  -53.805  -24.155  41.721 0.2000000030
60876  -54.822  -24.099  41.560 0.2000000030
60024  -56.479  -24.990  42.110 0.2000000030
60877  -55.718  -24.534  41.735 0.2000000030
61763  -52.371  -23.186  41.117 0.2000000030
62640  -54.185  -22.160  40.133 0.2000000030
60878  -55.287  -24.003  40.938 0.2000000030
129050  -54.442  -22.818  40.069 0.2000000030
60881  -54.811  -24.084  39.894 0.2000000030
125191  -53.144  -23.678  41.385 0.2000000030
61764  -54.065  -23.589  41.149 0.2000000030
64265  -52.873  -20.845  40.679 0.4000000060
63411  -52.747  -21.647  40.602 0.3000000119
64266  -53.471  -20.464  40.469 0.3000000119
64267  -54.019  -20.509  40.089 0.2000000030
62644  -54.484  -22.311  39.455 0.2000000030
63428  -54.786  -21.816  38.769 0.2000000030
61767  -53.297  -23.054  40.822 0.2000000030
64237  -58.452  -19.559  46.103 0.4000000060
64219  -58.315  -19.578  46.581 0.4000000060
126755  -57.482  -19.569  45.378 0.5000000000
65110  -55.489  -19.212  43.863 0.5000000000
131231  -56.170  -18.902  43.555 0.5000000000
125889  -55.405  -18.182  42.272 0.5000000000
65111  -56.920  -19.047  43.948 0.5000000000
65127  -54.132  -18.802  41.068 0.5000000000
65952  -53.868  -18.603  41.968 0.6000000238
65971  -54.904  -18.413  40.711 0.5000000000
65954  -56.781  -18.085  42.734 0.5000000000
65100  -58.806  -19.405  45.028 0.4000000060
65131  -53.809  -19.674  40.585 0.4000000060
64273  -54.557  -20.365  39.511 0.3000000119
63418  -54.360  -21.336  39.608 0.2000000030
65132  -54.509  -19.132  40.298 0.4000000060
65133  -55.201  -18.766  39.900 0.5000000000
64274  -55.208  -20.070  38.978 0.4000000060
63419  -54.892  -20.930  38.863 0.3000000119
65073  -57.445  -19.589  47.672 0.4000000060
65054  -58.120  -19.553  48.333 0.4000000060
66874  -56.620  -17.618  41.458 0.5000000000
66868  -57.140  -17.695  42.240 0.5000000000
65965  -55.621  -17.903  41.319 0.4000000060
64112  -56.759  -19.713  54.549 0.4000000060
64126  -57.018  -19.961  53.750 0.4000000060
64137  -56.790  -20.092  52.791 0.4000000060
64138  -57.610  -19.736  53.045 0.4000000060
64150  -58.076  -19.727  52.322 0.4000000060
65015  -58.029  -19.926  51.576 0.4000000060
123085  -58.739  -19.561  49.184 0.4000000060
64239  -60.490  -19.680  46.482 0.4000000060
66869  -58.093  -17.640  42.294 0.5000000000
64113  -57.454  -19.387  54.165 0.4000000060
124104  -58.631  -19.802  51.109 0.4000000060
136743  -29.631  -41.961  80.847 0.2000000030
44384  -31.422  -42.442  81.042 0.3000000119
45249  -28.518  -41.038  79.075 0.2000000030
44451  -30.551  -42.807  74.965 0.1000000015
45304  -29.556  -42.469  74.848 0.1000000015
44394  -27.216  -41.695  80.584 0.2000000030
45223  -27.523  -41.308  80.814 0.1000000015
45225  -29.126  -41.453  80.740 0.2000000030
130687  -30.107  -41.706  80.614 0.2000000030
46195  -27.107  -40.834  79.693 0.1000000015
46190  -28.263  -40.892  80.518 0.2000000030
46184  -28.775  -41.051  80.590 0.2000000030
45236  -29.571  -41.272  80.242 0.2000000030
45226  -31.083  -41.834  80.741 0.2000000030
45227  -31.821  -41.946  80.795 0.2000000030
45244  -23.039  -42.005  78.420 0.1000000015
133121  -24.415  -41.499  78.621 0.1000000015
45261  -24.632  -41.575  77.595 0.1000000015
144486  -26.083  -41.353  77.965 0.1000000015
46200  -26.719  -41.022  78.599 0.1000000015
46196  -27.973  -40.833  79.849 0.2000000030
45238  -31.584  -41.556  80.320 0.2000000030
45259  -23.021  -42.046  77.134 0.1000000015
45260  -23.825  -41.725  77.709 0.1000000015
45282  -25.133  -41.606  77.061 0.1000000015
123475  -25.848  -41.575  77.039 0.1000000015
142710  -29.317  -41.251  79.302 0.2000000030
44427  -22.356  -42.459  76.571 0.1000000015
45281  -24.521  -41.710  76.730 0.1000000015
138750  -27.347  -41.608  77.051 0.1000000015
44407  -32.695  -41.873  78.717 0.1000000015
45279  -22.951  -42.111  76.015 0.1000000015
45280  -23.717  -41.868  76.426 0.1000000015
45299  -24.433  -41.821  75.722 0.1000000015
45283  -26.452  -41.751  76.047 0.1000000015
44417  -32.187  -42.452  77.741 0.1000000015
138187  -25.086  -41.840  75.059 0.1000000015
129102  -25.904  -41.828  75.156 0.1000000015
140057  -32.178  -42.910  76.031 0.1000000015
45320  -24.280  -41.903  74.773 0.1000000015
44454  -33.107  -42.796  75.062 0.1000000015
122530  -27.707  -41.930  73.873 0.1000000015
45347  -29.223  -42.180  74.057 0.1000000015
45348  -30.412  -42.605  73.207 0.1000000015
44465  -30.940  -42.748  73.911 0.1000000015
44466  -31.855  -42.802  73.676 0.1000000015
45327  -33.329  -42.463  74.254 0.1000000015
45344  -26.220  -41.891  73.344 0.1000000015
45345  -26.969  -41.905  73.643 0.1000000015
45346  -28.184  -41.948  73.279 0.1000000015
124940  -28.902  -42.000  73.355 0.1000000015
139034  -29.623  -42.299  73.325 0.1000000015
122301  -32.907  -41.976  72.745 0.1000000015
44391  -24.311  -42.116  80.581 0.2000000030
134995  -23.160  -43.277  79.675 0.1000000015
123383  -22.770  -42.777  79.791 0.1000000015
45231  -23.786  -41.860  80.161 0.1000000015
44380  -24.547  -41.868  80.715 0.1000000015
45233  -25.373  -41.649  80.389 0.1000000015
45234  -26.567  -41.240  80.541 0.1000000015
44404  -22.610  -42.499  78.823 0.1000000015
44405  -23.209  -42.183  79.563 0.1000000015
133082  -24.246  -41.586  79.840 0.1000000015
138543  -25.743  -41.072  80.090 0.1000000015
44414  -21.972  -42.789  78.186 0.1000000015
45245  -23.680  -41.758  79.136 0.1000000015
45246  -25.006  -41.247  79.416 0.1000000015
46194  -26.375  -40.863  79.593 0.1000000015
45237  -30.687  -41.475  80.236 0.2000000030
44415  -22.455  -42.432  77.692 0.1000000015
133988  -29.006  -41.556  78.200 0.1000000015
45251  -30.300  -41.501  79.247 0.2000000030
127262  -31.280  -41.589  79.503 0.1000000015
43598  -21.461  -43.307  77.562 0.1000000015
130835  -28.761  -41.771  77.165 0.1000000015
45268  -31.012  -41.849  78.589 0.1000000015
44406  -31.781  -41.969  78.638 0.1000000015
43597  -21.048  -43.989  76.963 0.1000000015
44426  -21.791  -42.827  77.087 0.1000000015
44439  -21.682  -42.867  76.051 0.1000000015
45301  -26.639  -41.850  75.069 0.1000000015
135393  -27.881  -41.818  76.076 0.1000000015
45286  -29.326  -42.038  76.443 0.1000000015
44416  -31.289  -42.348  77.738 0.1000000015
43612  -21.293  -43.396  76.496 0.1000000015
44440  -22.278  -42.485  75.576 0.1000000015
45298  -23.605  -41.949  75.390 0.1000000015
45321  -25.569  -41.880  74.490 0.1000000015
45302  -27.378  -41.842  75.445 0.1000000015
44441  -30.717  -42.679  76.104 0.1000000015
44429  -31.596  -42.741  76.707 0.1000000015
45318  -22.748  -42.242  74.383 0.1000000015
45343  -25.580  -41.903  73.790 0.1000000015
45323  -27.158  -41.888  74.487 0.1000000015
122924  -29.057  -42.109  75.560 0.1000000015
45305  -29.862  -42.504  75.748 0.1000000015
44442  -31.459  -42.892  75.583 0.1000000015
43621  -21.255  -43.445  75.478 0.1000000015
44449  -21.688  -42.896  75.103 0.1000000015
44450  -22.258  -42.510  74.701 0.1000000015
45340  -22.921  -42.155  73.883 0.1000000015
45342  -24.170  -41.981  73.901 0.1000000015
45322  -26.296  -41.893  74.277 0.1000000015
129025  -28.458  -41.982  73.994 0.1000000015
45341  -23.441  -42.056  73.534 0.1000000015
125813  -21.777  -42.892  74.218 0.1000000015
122925  -22.743  -42.190  73.219 0.1000000015
42688  -22.875  -44.161  80.050 0.3000000119
130661  -22.579  -43.519  80.346 0.2000000030
123893  -22.843  -42.869  79.837 0.1000000015
44390  -23.646  -42.198  80.063 0.1000000015
43568  -22.225  -43.083  79.721 0.1000000015
128967  -21.596  -44.247  80.528 0.1000000015
43583  -21.707  -43.269  78.757 0.1000000015
42697  -21.251  -44.035  78.683 0.1000000015
42706  -21.211  -43.809  77.905 0.1000000015
42705  -21.038  -44.679  77.520 0.1000000015
125347  -21.195  -45.825  77.417 0.1000000015
42717  -20.982  -44.846  76.439 0.1000000015
43611  -20.956  -44.210  75.823 0.1000000015
42733  -20.858  -45.030  74.903 0.1000000015
43628  -21.323  -43.436  74.512 0.1000000015
43627  -20.952  -44.047  73.764 0.1000000015
44463  -21.354  -43.315  73.582 0.1000000015
42684  -22.838  -44.517  80.956 0.1000000015
41726  -22.926  -44.996  81.838 0.1000000015
42687  -22.453  -43.760  81.030 0.2000000030
121542  -23.224  -45.454  80.781 0.2000000030
139355  -21.969  -43.534  80.994 0.1000000015
43569  -22.324  -43.372  80.486 0.2000000030
125231  -21.836  -43.556  79.896 0.1000000015
41725  -21.652  -44.803  81.440 0.1000000015
48010  -46.812  -38.505  70.684 0.1000000015
48009  -46.160  -38.945  70.372 0.1000000015
42683  -22.371  -44.188  81.736 0.2000000030
40763  -24.155  -46.611  81.960 0.2000000030
134532  -23.338  -45.574  81.418 0.2000000030
43560  -22.094  -43.766  81.415 0.1000000015
41720  -22.430  -44.796  82.387 0.1000000015
42679  -22.074  -44.264  82.052 0.1000000015
41719  -21.959  -44.585  82.265 0.1000000015
42682  -21.893  -43.986  81.616 0.1000000015
49969  -40.467  -36.647  53.483 0.3000000119
50894  -41.453  -35.357  54.010 0.3000000119
49982  -40.093  -36.055  52.777 0.3000000119
50893  -40.725  -35.680  53.475 0.3000000119
49981  -39.498  -36.806  52.209 0.2000000030
139970  -40.540  -35.197  52.898 0.3000000119
124087  -40.238  -35.205  52.240 0.2000000030
50914  -40.063  -35.168  51.419 0.2000000030
50905  -48.036  -35.422  52.291 0.2000000030
49995  -45.984  -36.349  51.451 0.2000000030
49996  -46.718  -36.271  51.889 0.2000000030
52762  -40.693  -34.392  52.518 0.3000000119
53628  -41.695  -32.667  51.693 0.2000000030
51849  -40.392  -34.601  51.797 0.3000000119
52771  -40.680  -33.901  51.633 0.2000000030
52772  -41.126  -33.184  51.269 0.2000000030
141711  -51.306  -36.152  53.672 0.2000000030
49105  -50.845  -36.331  52.658 0.2000000030
52785  -40.745  -33.744  50.758 0.2000000030
52786  -41.249  -33.273  50.456 0.2000000030
52787  -41.803  -32.943  50.137 0.2000000030
51843  -51.177  -35.086  53.475 0.2000000030
49975  -51.265  -35.248  53.534 0.2000000030
50934  -39.699  -35.768  49.890 0.2000000030
51872  -40.546  -34.330  50.201 0.2000000030
52805  -41.365  -33.632  49.884 0.2000000030
50906  -49.033  -35.279  52.611 0.2000000030
51886  -42.500  -34.513  49.445 0.2000000030
50939  -43.974  -35.301  49.898 0.2000000030
50925  -45.578  -35.691  50.963 0.2000000030
50916  -47.201  -35.535  51.866 0.2000000030
48304  -49.323  -39.143  45.243 0.2000000030
131640  -47.295  -39.629  46.497 0.2000000030
48274  -46.575  -38.725  48.166 0.2000000030
49116  -49.566  -37.026  50.939 0.2000000030
53635  -41.671  -32.642  50.819 0.2000000030
50917  -51.343  -35.079  52.662 0.2000000030
49998  -50.962  -35.762  52.090 0.2000000030
51853  -51.128  -34.581  52.983 0.2000000030
49986  -51.315  -35.645  53.246 0.2000000030
52806  -42.064  -33.558  49.678 0.2000000030
52807  -42.966  -33.622  49.728 0.2000000030
51851  -49.555  -34.551  52.455 0.2000000030
144972  -50.277  -34.549  52.947 0.2000000030
51887  -43.461  -34.507  49.724 0.2000000030
48317  -49.620  -38.603  44.677 0.2000000030
48301  -46.359  -38.486  45.683 0.2000000030
48316  -48.156  -38.682  44.654 0.2000000030
49186  -48.928  -38.237  44.185 0.2000000030
49169  -45.973  -38.049  46.783 0.2000000030
49153  -47.054  -37.715  48.946 0.2000000030
50010  -49.208  -36.890  50.049 0.2000000030
51865  -51.018  -34.180  52.312 0.2000000030
50927  -51.143  -35.267  51.504 0.2000000030
51852  -50.511  -34.299  52.613 0.2000000030
127099  -46.929  -37.921  44.213 0.2000000030
50095  -49.190  -37.085  43.063 0.2000000030
49199  -47.460  -37.388  43.501 0.2000000030
49162  -46.123  -37.660  47.298 0.2000000030
133354  -47.182  -35.551  42.327 0.2000000030
126610  -50.936  -35.314  50.480 0.2000000030
65147  -55.613  -19.278  39.218 0.3000000119
65972  -55.699  -18.142  40.346 0.4000000060
65988  -56.048  -18.555  39.581 0.5000000000
65974  -57.466  -17.864  39.934 0.5000000000
64294  -63.962  -20.451  38.827 0.1000000015
65995  -64.519  -19.810  39.133 0.1000000015
65994  -64.160  -19.483  39.607 0.1000000015
65167  -64.254  -20.154  38.148 0.1000000015
65168  -64.524  -20.053  38.659 0.1000000015
65042  -61.991  -19.317  49.012 0.3000000119
65041  -61.265  -19.404  49.330 0.3000000119
66881  -57.072  -17.597  40.698 0.5000000000
66882  -58.150  -17.609  40.645 0.5000000000
66876  -58.452  -17.544  41.535 0.5000000000
65979  -64.176  -19.917  40.405 0.2000000030
65993  -63.574  -18.852  40.187 0.1000000015
65175  -64.241  -20.068  37.330 0.1000000015
66004  -64.622  -19.409  38.335 0.1000000015
66891  -63.639  -18.449  39.312 0.1000000015
65184  -64.703  -19.553  36.881 0.1000000015
66015  -64.800  -19.057  37.430 0.1000000015
65192  -64.206  -19.660  35.375 0.1000000015
59814  -58.231  -25.220  59.196 0.1000000015
60725  -57.490  -24.596  58.545 0.2000000030
130332  -58.552  -25.118  57.792 0.2000000030
65006  -59.022  -19.152  52.704 0.3000000119
64999  -58.525  -18.992  53.565 0.3000000119
65016  -58.805  -19.607  51.945 0.3000000119
128428  -59.375  -19.504  50.908 0.3000000119
65017  -59.567  -19.148  51.806 0.3000000119
124225  -60.021  -19.321  50.227 0.3000000119
65027  -60.421  -19.066  50.570 0.3000000119
65901  -60.810  -18.558  51.002 0.3000000119
65892  -60.555  -18.173  51.713 0.2000000030
65910  -61.582  -18.680  49.745 0.2000000030
65028  -60.954  -18.875  50.115 0.3000000119
65058  -61.870  -19.365  48.014 0.2000000030
65093  -63.143  -20.139  44.961 0.1000000015
65956  -58.671  -18.069  43.053 0.4000000060
65105  -63.710  -19.853  43.707 0.2000000030
65950  -63.831  -19.509  43.354 0.2000000030
66870  -59.098  -17.703  42.150 0.4000000060
65948  -60.598  -18.738  43.534 0.3000000119
126623  -62.187  -19.732  44.385 0.3000000119
66871  -63.887  -18.934  42.998 0.1000000015
122504  -63.885  -19.961  41.846 0.3000000119
65960  -63.621  -19.375  42.143 0.2000000030
139479  -63.449  -18.291  42.903 0.2000000030
143851  -63.978  -19.950  41.550 0.2000000030
67785  -62.924  -17.845  42.228 0.2000000030
65978  -63.613  -19.355  41.082 0.2000000030
66878  -63.051  -18.312  41.473 0.2000000030
67790  -62.431  -17.134  41.181 0.2000000030
66890  -62.933  -17.779  39.793 0.1000000015
66003  -64.359  -18.996  38.810 0.1000000015
123159  -62.270  -17.074  40.132 0.2000000030
66918  -64.752  -18.156  37.008 0.1000000015
65193  -64.840  -19.399  35.893 0.1000000015
60744  -58.200  -24.979  57.301 0.2000000030
59887  -58.413  -25.577  54.957 0.3000000119
146281  -58.013  -19.092  54.083 0.3000000119
65876  -58.717  -18.457  53.838 0.3000000119
65000  -59.097  -18.647  53.196 0.3000000119
145137  -59.444  -18.769  52.519 0.2000000030
65884  -59.548  -18.224  52.731 0.2000000030
66787  -60.058  -17.753  52.240 0.3000000119
65893  -61.080  -17.783  51.265 0.1000000015
66813  -61.525  -17.199  50.898 0.2000000030
67698  -62.018  -16.596  50.483 0.1000000015
65911  -62.190  -18.263  49.327 0.1000000015
145625  -62.509  -16.597  49.362 0.1000000015
65920  -62.383  -18.614  48.263 0.1000000015
67727  -62.734  -15.939  48.923 0.1000000015
65938  -62.807  -19.266  46.250 0.1000000015
65941  -63.899  -19.296  44.874 0.1000000015
65942  -63.888  -19.391  44.136 0.1000000015
66838  -62.942  -16.556  48.063 0.1000000015
66851  -63.034  -17.294  47.098 0.1000000015
66858  -63.727  -18.291  45.439 0.1000000015
66861  -63.988  -18.369  44.697 0.1000000015
146450  -63.851  -18.860  43.518 0.1000000015
67782  -63.686  -17.743  43.570 0.1000000015
67786  -63.525  -17.020  42.911 0.1000000015
66905  -63.901  -18.040  38.438 0.1000000015
66028  -64.968  -18.794  36.454 0.1000000015
65205  -64.648  -19.131  34.942 0.1000000015
60732  -57.601  -24.756  57.768 0.2000000030
60743  -57.458  -24.856  56.960 0.2000000030
59853  -57.996  -25.150  56.432 0.2000000030
59866  -57.109  -25.067  55.248 0.3000000119
64986  -57.005  -19.280  54.770 0.3000000119
64987  -57.706  -19.001  54.518 0.3000000119
64976  -57.817  -18.589  54.605 0.3000000119
66774  -58.720  -17.875  53.888 0.2000000030
65877  -59.144  -18.036  53.385 0.2000000030
144585  -55.141  -17.038  51.504 0.2000000030
137652  -55.657  -16.977  51.336 0.2000000030
66800  -59.985  -17.077  52.132 0.2000000030
67692  -55.793  -16.878  50.501 0.1000000015
67679  -56.468  -16.879  51.112 0.1000000015
122909  -57.346  -16.766  50.881 0.1000000015
66801  -60.589  -17.206  51.664 0.2000000030
67706  -56.006  -16.712  49.606 0.1000000015
67694  -57.650  -16.409  49.904 0.1000000015
126285  -58.287  -16.555  50.878 0.1000000015
123521  -59.294  -16.266  51.044 0.1000000015
67681  -59.744  -16.581  51.750 0.1000000015
67682  -60.330  -16.456  51.492 0.1000000015
67709  -58.708  -16.110  50.105 0.1000000015
68540  -58.980  -15.684  49.400 0.1000000015
67695  -60.120  -15.955  51.108 0.1000000015
67697  -61.380  -16.208  50.883 0.1000000015
145861  -59.422  -15.600  49.152 0.1000000015
137119  -59.962  -15.590  49.815 0.1000000015
68530  -61.237  -15.459  50.521 0.1000000015
68553  -60.222  -15.539  49.289 0.1000000015
68554  -61.188  -15.237  49.333 0.1000000015
68543  -62.414  -15.313  49.272 0.1000000015
67726  -60.429  -15.695  48.551 0.1000000015
68557  -62.993  -15.093  48.738 0.1000000015
67748  -63.333  -16.127  47.329 0.1000000015
66859  -63.804  -17.251  45.406 0.1000000015
66865  -63.865  -17.248  44.004 0.1000000015
68567  -61.389  -15.278  48.506 0.1000000015
68555  -62.143  -15.000  49.155 0.1000000015
67764  -63.723  -16.212  46.289 0.1000000015
67774  -63.893  -16.719  44.913 0.1000000015
67793  -61.796  -16.271  40.346 0.1000000015
67817  -63.382  -17.181  38.028 0.1000000015
67800  -61.815  -16.404  39.330 0.1000000015
66078  -63.873  -18.644  33.374 0.1000000015
66060  -64.752  -18.438  34.574 0.1000000015
66917  -64.201  -17.596  37.541 0.1000000015
67816  -62.520  -16.818  38.585 0.1000000015
66059  -64.375  -18.920  34.062 0.1000000015
67830  -63.694  -16.730  37.084 0.1000000015
59838  -57.049  -24.828  57.388 0.2000000030
59825  -57.254  -24.714  58.178 0.2000000030
59852  -56.611  -24.846  56.559 0.2000000030
60753  -57.205  -25.033  56.120 0.3000000119
64090  -55.085  -20.084  56.329 0.3000000119
121821  -54.070  -20.418  56.607 0.3000000119
64974  -55.915  -19.561  55.940 0.3000000119
138636  -56.257  -19.164  55.754 0.3000000119
65853  -56.593  -18.879  55.394 0.3000000119
142743  -57.201  -18.856  54.903 0.3000000119
65866  -57.300  -18.227  54.983 0.3000000119
66782  -54.393  -17.206  52.644 0.2000000030
137440  -55.222  -17.210  52.836 0.2000000030
66773  -58.022  -17.821  54.273 0.3000000119
143887  -54.896  -17.144  52.321 0.2000000030
66796  -55.412  -17.112  52.073 0.2000000030
66783  -56.132  -17.206  52.881 0.2000000030
142258  -57.244  -17.149  52.906 0.2000000030
66785  -59.026  -17.511  53.205 0.2000000030
137651  -54.619  -17.075  51.775 0.2000000030
66797  -56.327  -17.038  52.001 0.2000000030
66784  -58.356  -17.370  53.445 0.2000000030
66798  -57.206  -16.930  51.803 0.2000000030
141146  -57.944  -16.874  51.549 0.2000000030
67680  -58.875  -16.847  51.878 0.2000000030
67671  -59.378  -17.145  52.481 0.2000000030
67707  -56.790  -16.377  49.319 0.1000000015
68568  -62.330  -14.826  48.336 0.1000000015
68581  -63.465  -15.343  46.938 0.1000000015
67765  -63.907  -16.211  45.550 0.1000000015
67787  -63.872  -16.311  43.341 0.1000000015
68628  -62.203  -15.724  41.308 0.2000000030
66939  -64.687  -17.643  34.982 0.1000000015
66929  -64.327  -17.180  36.556 0.1000000015
67829  -62.918  -16.388  37.616 0.1000000015
66930  -64.861  -17.846  36.017 0.1000000015
59824  -56.834  -25.017  57.998 0.1000000015
59837  -56.220  -24.953  57.045 0.1000000015
122567  -56.343  -24.854  55.764 0.3000000119
61682  -50.554  -24.031  55.000 0.3000000119
132477  -50.749  -23.423  55.370 0.2000000030
62525  -51.187  -22.699  55.565 0.2000000030
63301  -51.746  -21.957  55.751 0.2000000030
140038  -53.798  -19.706  56.721 0.3000000119
65847  -50.959  -18.738  55.161 0.2000000030
64964  -55.222  -19.550  56.299 0.3000000119
65851  -55.152  -18.887  56.124 0.3000000119
66760  -51.995  -17.838  54.120 0.2000000030
66750  -54.167  -17.974  55.028 0.2000000030
66762  -54.613  -17.743  54.420 0.2000000030
66763  -55.528  -17.924  55.074 0.3000000119
66769  -52.971  -17.727  53.719 0.2000000030
66770  -53.889  -17.509  53.419 0.2000000030
66771  -55.386  -17.621  54.248 0.3000000119
124713  -56.243  -17.754  54.664 0.3000000119
144404  -53.738  -17.276  52.696 0.2000000030
134858  -55.777  -17.411  53.663 0.2000000030
66772  -56.931  -17.485  53.931 0.2000000030
141715  -57.682  -17.412  53.693 0.2000000030
67725  -57.496  -15.936  48.923 0.1000000015
68539  -58.148  -15.674  48.670 0.1000000015
68552  -58.745  -15.573  48.622 0.1000000015
68566  -59.461  -15.649  48.625 0.1000000015
67746  -60.611  -16.042  47.675 0.1000000015
67747  -61.428  -15.421  47.601 0.1000000015
69419  -63.112  -14.856  47.266 0.1000000015
68582  -63.972  -15.316  46.024 0.1000000015
67780  -64.096  -16.222  44.374 0.1000000015
67783  -64.009  -16.276  43.737 0.1000000015
68626  -63.729  -15.741  42.833 0.1000000015
68649  -62.091  -16.054  38.241 0.1000000015
67841  -64.242  -16.785  35.555 0.1000000015
62524  -50.633  -23.561  56.546 0.2000000030
62513  -51.174  -22.740  56.589 0.2000000030
62503  -51.150  -22.488  56.994 0.2000000030
64961  -52.861  -19.655  56.787 0.2000000030
65837  -53.516  -19.081  56.333 0.3000000119
65848  -51.698  -18.750  55.466 0.2000000030
65850  -54.149  -18.581  55.726 0.3000000119
66751  -54.889  -18.203  55.425 0.3000000119
65849  -52.545  -18.860  55.968 0.2000000030
65865  -53.148  -18.469  55.441 0.3000000119
146027  -56.213  -16.457  48.888 0.1000000015
68565  -58.735  -15.591  47.971 0.1000000015
67745  -59.727  -16.029  47.775 0.1000000015
69417  -62.001  -14.732  47.457 0.1000000015
69426  -63.453  -14.415  46.334 0.1000000015
123570  -64.434  -15.099  44.754 0.1000000015
68613  -64.379  -15.214  43.955 0.1000000015
68629  -63.229  -15.161  42.226 0.1000000015
67840  -63.840  -16.285  36.147 0.1000000015
142957  -64.593  -17.824  34.253 0.1000000015
68670  -62.638  -15.471  37.253 0.1000000015
66957  -64.247  -17.409  33.667 0.1000000015
124206  -64.240  -16.718  34.823 0.1000000015
66974  -63.101  -17.238  30.886 0.1000000015
66965  -63.528  -17.307  32.314 0.1000000015
66986  -62.557  -16.770  30.348 0.1000000015
63280  -50.701  -21.856  57.106 0.2000000030
67724  -56.755  -16.077  48.475 0.1000000015
68551  -56.488  -15.857  47.657 0.1000000015
122322  -58.077  -15.537  47.998 0.1000000015
69425  -62.879  -14.370  46.696 0.1000000015
122575  -64.328  -14.245  45.211 0.1000000015
122443  -64.545  -14.325  44.297 0.1000000015
68622  -64.127  -15.165  43.350 0.1000000015
69461  -63.958  -14.599  42.796 0.1000000015
68633  -61.586  -15.471  40.443 0.1000000015
139779  -63.852  -15.872  35.506 0.1000000015
68671  -63.332  -15.918  36.670 0.1000000015
66966  -63.986  -16.889  32.859 0.1000000015
67859  -64.199  -16.089  34.342 0.1000000015
66975  -63.421  -16.768  31.333 0.1000000015
67867  -64.245  -16.371  33.536 0.1000000015
66987  -63.039  -16.255  30.628 0.1000000015
67876  -64.215  -15.940  32.505 0.1000000015
68706  -64.350  -15.555  33.165 0.1000000015
122241  -57.375  -15.704  48.005 0.1000000015
68579  -58.021  -15.565  47.408 0.1000000015
67744  -58.883  -16.054  47.170 0.1000000015
69433  -62.482  -13.870  46.153 0.1000000015
70311  -63.228  -13.823  46.015 0.1000000015
70317  -63.541  -13.289  45.301 0.1000000015
70318  -64.115  -13.571  45.168 0.1000000015
69454  -64.507  -14.310  43.534 0.1000000015
71222  -64.119  -12.972  44.734 0.1000000015
70333  -64.607  -13.592  43.826 0.1000000015
69468  -63.734  -14.042  42.187 0.1000000015
68632  -61.427  -15.580  39.696 0.1000000015
68635  -61.467  -15.502  38.807 0.1000000015
122793  -64.460  -12.936  44.113 0.1000000015
70326  -64.420  -13.579  44.575 0.1000000015
121755  -64.553  -13.479  43.120 0.1000000015
68683  -63.611  -15.451  35.878 0.1000000015
68692  -63.756  -15.157  35.238 0.1000000015
68682  -63.291  -15.182  36.408 0.1000000015
68698  -64.227  -15.444  33.877 0.1000000015
68693  -63.925  -15.083  34.533 0.1000000015
69525  -63.540  -14.588  35.793 0.1000000015
70316  -62.773  -13.257  45.629 0.1000000015
141131  -64.564  -13.000  43.535 0.1000000015
69472  -61.870  -14.735  40.825 0.1000000015
68669  -61.776  -15.326  37.997 0.1000000015
70338  -64.268  -13.670  42.685 0.1000000015
69471  -61.284  -14.821  40.016 0.1000000015
69476  -61.160  -14.792  39.203 0.1000000015
69483  -61.284  -14.650  38.342 0.1000000015
69505  -61.968  -14.691  37.392 0.1000000015
69537  -63.801  -14.383  35.001 0.1000000015
70392  -63.717  -13.763  35.396 0.1000000015
71212  -63.038  -12.791  45.138 0.1000000015
71221  -63.575  -12.465  44.668 0.1000000015
70346  -63.383  -13.420  41.620 0.1000000015
70351  -62.472  -13.771  40.959 0.1000000015
70352  -62.965  -12.811  41.053 0.1000000015
70350  -61.555  -14.003  40.273 0.1000000015
69475  -60.857  -14.031  38.804 0.1000000015
138419  -61.023  -14.007  38.347 0.1000000015
70359  -60.742  -13.406  38.249 0.1000000015
70374  -62.002  -13.831  36.823 0.1000000015
70391  -63.208  -13.808  36.140 0.1000000015
71246  -62.125  -13.147  40.365 0.1000000015
124337  -61.281  -13.309  39.684 0.1000000015
70355  -60.679  -13.314  39.008 0.1000000015
70372  -60.780  -12.645  37.639 0.1000000015
71247  -62.639  -12.340  40.326 0.1000000015
71251  -62.078  -11.896  39.462 0.1000000015
71250  -61.011  -12.573  39.181 0.1000000015
45248  -27.658  -40.983  78.822 0.1000000015
45265  -28.208  -41.460  77.960 0.1000000015
130383  -27.927  -41.661  76.916 0.1000000015
45264  -27.426  -41.437  77.744 0.1000000015
45284  -27.287  -41.730  76.439 0.1000000015
45285  -28.544  -41.874  76.242 0.1000000015
45303  -28.270  -41.908  75.441 0.1000000015
65057  -61.428  -19.565  48.555 0.3000000119
65103  -62.912  -20.114  44.273 0.2000000030
65074  -61.522  -19.620  47.747 0.3000000119
65104  -63.367  -20.073  44.259 0.2000000030
65115  -63.366  -20.164  43.631 0.2000000030
64257  -63.247  -20.224  42.199 0.2000000030
64224  -62.168  -20.012  45.924 0.2000000030
65128  -63.084  -20.408  41.167 0.2000000030
65153  -64.324  -20.138  39.816 0.1000000015
137893  -62.748  -19.873  43.510 0.2000000030
65083  -63.387  -19.776  45.233 0.1000000015
133063  -63.491  -20.012  42.661 0.2000000030
66781  -53.058  -17.406  52.751 0.2000000030
124653  -55.161  -16.879  49.882 0.1000000015
131599  -52.328  -17.709  53.194 0.2000000030
65863  -51.383  -18.197  54.742 0.2000000030
64972  -50.694  -19.446  55.559 0.2000000030
62494  -51.253  -21.963  57.179 0.2000000030
124196  -52.802  -17.216  51.933 0.2000000030
39839  -24.549  -47.361  81.260 0.2000000030
39838  -24.153  -46.887  80.595 0.2000000030
125104  -32.957  -42.870  75.938 0.1000000015
147026  -41.679  -33.536  53.087 0.3000000119
52764  -41.932  -32.901  52.635 0.3000000119
50924  -44.772  -35.256  50.408 0.2000000030
53658  -42.554  -32.809  49.960 0.2000000030
50011  -49.941  -36.363  50.463 0.2000000030
142366  -48.606  -34.895  52.101 0.2000000030
50027  -47.784  -36.890  48.994 0.2000000030
49135  -48.378  -37.305  49.754 0.2000000030
50047  -46.531  -37.047  47.768 0.2000000030
49184  -46.089  -37.668  44.536 0.2000000030
50103  -46.718  -36.176  42.795 0.2000000030
51004  -46.419  -35.270  42.535 0.2000000030
58878  -58.950  -25.608  57.877 0.2000000030
58860  -58.659  -26.010  58.706 0.1000000015
44430  -32.627  -42.717  76.832 0.1000000015
45326  -32.727  -42.459  73.517 0.1000000015
48314  -46.514  -38.293  44.912 0.2000000030
137987  -47.396  -36.735  42.950 0.2000000030
49994  -39.258  -36.593  51.366 0.2000000030
59854  -58.569  -25.498  56.616 0.2000000030
63281  -51.765  -21.779  56.989 0.2000000030
63291  -51.633  -22.103  56.704 0.2000000030
64082  -51.931  -20.700  57.230 0.2000000030
64962  -53.527  -20.208  56.866 0.3000000119
64951  -52.644  -20.384  57.102 0.2000000030
64960  -51.939  -19.961  57.066 0.2000000030
45224  -28.262  -41.232  80.836 0.2000000030
50104  -47.858  -36.134  42.469 0.2000000030
51962  -47.102  -34.779  42.025 0.2000000030
65957  -59.797  -18.159  42.891 0.4000000060
65114  -61.478  -19.315  44.014 0.3000000119
65075  -62.113  -19.777  46.969 0.3000000119
64249  -62.781  -20.154  44.908 0.2000000030
45235  -28.764  -40.909  80.064 0.2000000030
147071  -30.051  -42.464  74.059 0.1000000015
129355  -23.859  -42.484  79.912 0.1000000015
46189  -26.627  -40.915  80.213 0.2000000030
45222  -27.470  -40.924  80.544 0.2000000030
45262  -25.263  -41.353  78.059 0.1000000015
45247  -25.821  -40.965  79.005 0.1000000015
45263  -26.738  -41.547  77.248 0.1000000015
45250  -29.720  -41.625  78.397 0.1000000015
45300  -25.349  -41.733  76.088 0.1000000015
45297  -22.861  -42.183  75.073 0.1000000015
45319  -23.427  -42.043  74.416 0.1000000015
129138  -24.932  -41.909  74.216 0.1000000015
44452  -31.575  -42.913  74.604 0.1000000015
126712  -32.283  -42.950  75.238 0.1000000015
44453  -32.474  -42.826  74.363 0.1000000015
45324  -27.960  -41.906  74.657 0.1000000015
45368  -26.904  -41.890  72.689 0.1000000015
122306  -32.153  -42.511  72.845 0.1000000015
145174  -28.600  -41.987  72.764 0.1000000015
45349  -31.282  -42.783  72.997 0.1000000015
44379  -24.098  -41.906  80.590 0.1000000015
44389  -22.239  -42.839  79.115 0.1000000015
140282  -24.220  -41.761  80.497 0.1000000015
45232  -24.794  -41.564  80.300 0.1000000015
45267  -30.414  -41.944  77.844 0.1000000015
45266  -29.561  -41.878  77.426 0.1000000015
44428  -30.808  -42.501  77.014 0.1000000015
45287  -30.103  -42.318  76.740 0.1000000015
45325  -28.763  -42.047  74.753 0.1000000015
43620  -20.967  -44.123  74.757 0.1000000015
44464  -22.330  -42.463  73.843 0.1000000015
122469  -21.350  -44.367  79.396 0.1000000015
146237  -21.033  -45.468  76.750 0.1000000015
127397  -20.913  -45.157  75.628 0.1000000015
124277  -23.497  -45.739  82.124 0.2000000030
50913  -39.730  -35.918  51.862 0.2000000030
136242  -41.025  -34.763  53.355 0.3000000119
50922  -39.621  -35.821  50.902 0.2000000030
51840  -41.229  -34.009  53.075 0.3000000119
52763  -41.223  -33.448  52.305 0.2000000030
51860  -40.372  -34.432  51.060 0.2000000030
49104  -49.994  -37.024  52.054 0.2000000030
49997  -50.304  -36.414  51.492 0.2000000030
50923  -40.093  -35.069  50.496 0.2000000030
52804  -40.918  -33.774  50.099 0.2000000030
51854  -51.300  -34.864  53.150 0.2000000030
51842  -50.802  -34.820  53.299 0.2000000030
50935  -40.424  -35.126  49.611 0.2000000030
51884  -40.936  -34.279  49.693 0.2000000030
50907  -49.962  -34.944  53.125 0.2000000030
50938  -43.185  -35.292  49.471 0.2000000030
137949  -48.871  -38.802  44.792 0.2000000030
47388  -46.682  -39.274  47.828 0.2000000030
47398  -46.649  -39.215  46.962 0.2000000030
143022  -47.492  -39.324  45.688 0.2000000030
49152  -46.551  -37.919  48.140 0.2000000030
48282  -46.345  -38.504  47.404 0.2000000030
49115  -48.776  -37.550  50.507 0.2000000030
133703  -51.250  -34.511  52.576 0.2000000030
49187  -49.899  -38.105  44.108 0.2000000030
48302  -46.987  -38.831  45.318 0.2000000030
48303  -48.342  -39.256  45.307 0.2000000030
48315  -47.327  -38.515  44.673 0.2000000030
49185  -47.884  -38.112  44.066 0.2000000030
49200  -48.539  -37.592  43.532 0.2000000030
125034  -47.010  -37.179  48.426 0.2000000030
50094  -48.233  -36.924  42.962 0.2000000030
65148  -56.507  -19.069  38.854 0.5000000000
65176  -64.601  -19.753  37.833 0.1000000015
65902  -61.450  -18.148  50.590 0.2000000030
66883  -62.901  -18.033  40.673 0.2000000030
66906  -64.555  -18.536  37.951 0.1000000015
59826  -58.487  -25.099  58.408 0.1000000015
138578  -59.985  -19.283  51.018 0.3000000119
65007  -59.938  -18.520  52.099 0.3000000119
65018  -60.241  -18.861  51.400 0.3000000119
66814  -61.928  -17.472  50.477 0.2000000030
136097  -62.406  -19.211  47.366 0.1000000015
64242  -62.569  -20.063  45.399 0.1000000015
65094  -63.676  -19.881  44.467 0.1000000015
65116  -63.695  -19.874  42.877 0.2000000030
65961  -63.764  -19.840  42.530 0.2000000030
65966  -60.134  -17.880  41.900 0.3000000119
65949  -61.788  -19.217  43.049 0.3000000119
66864  -63.871  -18.485  43.950 0.1000000015
67801  -62.409  -17.120  39.366 0.1000000015
66786  -59.451  -17.605  52.698 0.2000000030
66802  -61.073  -16.959  51.193 0.1000000015
67711  -62.376  -16.155  49.746 0.1000000015
67710  -61.871  -15.734  50.164 0.1000000015
66837  -62.546  -17.251  48.810 0.1000000015
66850  -62.736  -17.627  47.868 0.2000000030
65935  -62.768  -18.405  47.158 0.1000000015
67728  -63.046  -15.607  48.264 0.1000000015
65936  -63.043  -18.173  46.111 0.1000000015
65939  -63.501  -19.051  45.538 0.1000000015
66856  -63.530  -17.229  46.285 0.1000000015
66862  -63.904  -17.460  44.424 0.1000000015
67791  -62.914  -16.468  42.169 0.2000000030
66904  -63.068  -17.557  38.924 0.1000000015
66043  -64.952  -18.572  35.479 0.1000000015
65204  -64.034  -19.423  34.404 0.1000000015
67693  -56.667  -16.735  50.194 0.1000000015
67696  -60.769  -15.844  51.054 0.1000000015
67708  -58.209  -15.909  49.327 0.1000000015
68528  -59.658  -15.791  50.366 0.1000000015
68529  -60.503  -15.547  50.552 0.1000000015
68541  -60.861  -15.256  50.009 0.1000000015
68542  -61.693  -15.258  49.816 0.1000000015
68556  -62.791  -14.927  48.888 0.1000000015
68569  -62.934  -14.968  48.338 0.1000000015
68570  -63.105  -15.238  47.973 0.1000000015
68597  -64.178  -15.709  45.170 0.1000000015
65214  -63.719  -19.190  33.565 0.1000000015
66752  -55.625  -18.524  55.681 0.3000000119
124180  -54.860  -17.431  53.507 0.2000000030
66795  -53.650  -17.116  52.002 0.2000000030
66799  -58.098  -17.070  52.417 0.2000000030
67670  -58.864  -17.163  52.813 0.2000000030
145313  -63.596  -14.832  46.500 0.1000000015
65838  -54.450  -19.369  56.442 0.3000000119
65864  -52.217  -18.215  55.095 0.2000000030
134356  -52.902  -17.934  54.644 0.2000000030
67762  -59.946  -16.574  46.796 0.1000000015
69418  -62.653  -14.626  47.574 0.1000000015
69427  -64.019  -14.538  45.958 0.1000000015
129215  -64.292  -14.945  45.469 0.1000000015
122240  -56.007  -16.301  48.252 0.1000000015
66947  -64.306  -17.058  34.263 0.1000000015
66956  -63.804  -17.806  33.182 0.1000000015
67850  -64.005  -15.916  34.979 0.1000000015
68580  -61.406  -15.438  46.573 0.1000000015
69424  -62.191  -14.408  46.797 0.1000000015
69434  -63.844  -13.928  45.749 0.1000000015
69462  -64.384  -14.214  43.081 0.1000000015
67875  -63.803  -16.343  31.855 0.1000000015
69467  -62.802  -14.463  41.597 0.1000000015
69506  -62.889  -14.604  36.614 0.1000000015
70356  -61.008  -14.082  39.494 0.1000000015
121857  -61.296  -14.013  37.762 0.1000000015
71258  -60.654  -12.587  38.412 0.1000000015
70373  -61.177  -13.345  37.483 0.1000000015
124401  -61.420  -12.847  36.929 0.1000000015
131366  -61.792  -12.651  39.809 0.1000000015
62652  -55.264  -22.223  38.011 0.2000000030
63430  -56.008  -21.031  37.834 0.2000000030
65989  -56.964  -18.384  39.354 0.4000000060
65967  -60.964  -18.568  41.567 0.3000000119
128845  -59.817  -18.247  40.320 0.3000000119
65992  -60.224  -18.813  39.651 0.3000000119
65959  -61.851  -19.221  42.101 0.2000000030
60764  -50.524  -24.736  55.569 0.2000000030
61663  -50.365  -24.304  56.385 0.2000000030
63290  -50.244  -21.450  56.545 0.1000000015
64985  -50.043  -19.861  55.140 0.1000000015
62512  -50.527  -23.326  57.013 0.1000000015
142033  -50.498  -20.366  56.184 0.1000000015
64287  -55.623  -20.606  38.368 0.2000000030
66877  -59.296  -17.717  41.097 0.3000000119
65958  -60.885  -18.540  42.526 0.2000000030
65862  -50.737  -18.525  54.368 0.1000000015
128017  -50.381  -19.092  54.783 0.1000000015
66780  -52.072  -17.542  52.324 0.1000000015
62502  -50.485  -22.829  57.070 0.1000000015
65160  -56.030  -19.831  38.520 0.3000000119
63429  -55.397  -21.393  38.223 0.2000000030
63437  -55.995  -21.690  37.554 0.2000000030
137121  -56.433  -20.473  37.956 0.2000000030
65149  -57.519  -18.950  38.745 0.4000000060
65968  -61.811  -19.332  41.243 0.2000000030
65977  -60.892  -18.777  40.540 0.3000000119
65976  -60.229  -18.139  41.088 0.3000000119
64095  -49.752  -20.911  55.453 0.1000000015
34480  -24.151  -53.235  79.465 0.1000000015
33493  -24.240  -53.952  80.122 0.1000000015
136194  -23.709  -54.467  78.961 0.1000000015
122494  -24.917  -48.820  81.727 0.1000000015
35419  -23.778  -52.498  78.207 0.1000000015
34476  -23.985  -53.970  79.381 0.1000000015
38927  -24.430  -48.487  83.311 0.1000000015
38079  -23.779  -49.164  83.238 0.1000000015
40762  -23.660  -46.065  83.009 0.1000000015
39819  -23.436  -46.645  83.439 0.1000000015
40750  -23.245  -46.197  83.428 0.1000000015
40756  -24.206  -46.873  83.116 0.1000000015
140768  -23.077  -48.188  82.471 0.1000000015
38938  -24.829  -48.033  81.405 0.1000000015
41721  -23.038  -45.375  82.798 0.1000000015
41708  -23.135  -45.861  83.345 0.1000000015
48027  -50.219  -38.343  69.298 0.1000000015
47131  -51.523  -38.972  67.445 0.1000000015
146148  -51.340  -36.639  68.139 0.1000000015
48908  -51.073  -37.004  68.433 0.1000000015
48924  -51.519  -37.233  67.806 0.1000000015
49806  -50.638  -36.611  68.772 0.1000000015
50746  -52.095  -35.283  67.507 0.1000000015
51712  -52.492  -34.704  67.106 0.1000000015
38923  -24.188  -47.812  83.490 0.1000000015
38922  -24.062  -48.355  83.506 0.1000000015
39820  -23.794  -47.484  83.460 0.1000000015
38926  -23.593  -48.216  83.121 0.1000000015
39832  -24.697  -47.439  82.294 0.1000000015
39821  -23.982  -47.147  83.512 0.1000000015
48039  -51.198  -38.076  68.153 0.1000000015
50755  -52.719  -35.523  66.743 0.1000000015
38932  -24.925  -48.610  82.809 0.1000000015
39826  -24.579  -47.762  83.166 0.1000000015
49821  -51.704  -36.317  67.726 0.1000000015
136827  -51.191  -25.588  55.599 0.1000000015
65161  -57.090  -19.801  38.184 0.2000000030
65162  -58.169  -19.563  38.206 0.2000000030
124084  -58.479  -20.723  37.232 0.2000000030
65150  -58.595  -18.865  38.918 0.3000000119
64289  -58.785  -20.076  37.672 0.2000000030
65163  -59.141  -19.531  38.307 0.2000000030
61647  -49.933  -24.173  56.911 0.1000000015
65975  -58.899  -17.988  40.143 0.2000000030
65990  -57.886  -18.314  39.335 0.3000000119
137619  -58.571  -18.310  39.553 0.3000000119
65151  -59.617  -19.090  38.974 0.3000000119
65164  -60.057  -19.677  38.491 0.2000000030
59862  -52.463  -25.297  55.394 0.1000000015
59849  -53.546  -25.062  56.222 0.1000000015
59835  -53.904  -25.337  56.925 0.1000000015
139436  -50.298  -24.497  55.696 0.1000000015
59850  -54.476  -24.930  56.254 0.1000000015
59851  -55.541  -24.739  56.207 0.1000000015
126334  -50.865  -25.897  55.718 0.1000000015
136740  -57.177  -20.537  37.646 0.2000000030
64288  -57.913  -20.309  37.665 0.2000000030
65165  -60.950  -19.823  38.756 0.2000000030
125595  -60.409  -19.342  39.083 0.2000000030
65166  -61.741  -20.043  39.078 0.2000000030
64277  -63.963  -20.432  39.830 0.1000000015
64275  -62.561  -20.491  38.996 0.2000000030
65134  -61.222  -19.402  39.607 0.2000000030
64276  -63.280  -20.447  39.904 0.2000000030
65137  -64.039  -20.242  40.449 0.2000000030
144412  -63.663  -20.333  40.884 0.2000000030
65969  -64.048  -20.086  40.901 0.2000000030
65152  -62.324  -19.991  39.747 0.2000000030
65122  -63.702  -20.069  42.067 0.1000000015
131622  -62.805  -20.010  41.697 0.1000000015
65129  -63.745  -20.204  41.528 0.2000000030
126801  -62.632  -19.922  41.058 0.1000000015
143546  -62.950  -20.351  41.641 0.1000000015
65121  -62.811  -19.881  42.495 0.1000000015
65136  -62.936  -20.340  40.589 0.2000000030
32730  -40.027  -55.809  56.378 0.1000000015
32729  -39.513  -55.284  55.845 0.1000000015
32719  -39.263  -55.520  57.137 0.1000000015
32728  -38.712  -55.276  56.695 0.1000000015
33656  -39.386  -54.692  55.218 0.1000000015
33650  -38.750  -54.980  56.017 0.1000000015
33655  -38.061  -54.622  55.616 0.1000000015
33649  -37.833  -55.108  56.767 0.1000000015
143477  -38.519  -55.463  57.887 0.1000000015
32718  -38.108  -55.404  57.576 0.1000000015
33643  -37.056  -55.122  57.787 0.1000000015
33648  -36.696  -54.682  56.697 0.1000000015
33637  -37.121  -54.722  58.495 0.1000000015
33661  -37.960  -53.981  54.572 0.1000000015
33654  -36.706  -54.377  55.562 0.1000000015
34628  -37.029  -53.594  58.745 0.1000000015
33660  -36.481  -53.922  54.789 0.1000000015
34651  -36.024  -53.535  54.173 0.1000000015
138663  -36.309  -54.446  57.563 0.1000000015
33653  -35.799  -54.062  55.554 0.1000000015
34627  -36.381  -52.997  58.401 0.1000000015
34635  -35.892  -53.674  57.890 0.1000000015
33642  -35.743  -54.148  57.184 0.1000000015
34646  -35.361  -53.751  55.058 0.1000000015
34656  -35.701  -53.039  53.510 0.1000000015
50067  -56.944  -36.789  46.188 0.1000000015
34634  -35.249  -53.424  57.502 0.1000000015
34641  -34.952  -53.764  56.128 0.1000000015
35575  -36.877  -52.784  52.961 0.1000000015
144701  -36.027  -52.608  52.854 0.1000000015
49171  -56.493  -37.380  46.672 0.1000000015
34633  -34.635  -53.312  57.048 0.1000000015
34640  -34.182  -53.117  56.375 0.1000000015
35582  -35.793  -52.264  52.377 0.1000000015
145813  -56.454  -37.770  47.385 0.1000000015
35589  -36.638  -51.994  51.761 0.1000000015
47383  -55.099  -39.005  48.796 0.1000000015
48285  -56.105  -38.219  47.798 0.1000000015
49172  -57.195  -37.070  46.842 0.1000000015
50078  -57.971  -36.037  46.145 0.1000000015
36490  -36.251  -51.492  51.119 0.1000000015
48277  -56.412  -38.265  48.700 0.1000000015
121630  -57.085  -37.438  47.464 0.1000000015
50068  -57.711  -36.602  46.600 0.1000000015
50058  -57.756  -37.054  47.424 0.1000000015
49179  -56.217  -37.027  45.843 0.1000000015
48310  -55.098  -37.951  46.174 0.1000000015
34645  -34.443  -53.400  55.453 0.1000000015
34650  -34.827  -53.322  54.422 0.1000000015
139546  -55.061  -38.326  46.846 0.1000000015
49170  -55.806  -37.540  46.209 0.1000000015
34649  -33.923  -53.040  54.984 0.1000000015
48284  -55.331  -38.471  47.492 0.1000000015
48295  -55.759  -37.961  46.923 0.1000000015
50077  -57.409  -36.246  45.810 0.1000000015
50086  -56.436  -36.069  44.531 0.1000000015
50979  -57.832  -35.623  45.587 0.1000000015
145611  -58.181  -35.197  45.484 0.1000000015
34644  -33.805  -52.971  55.766 0.1000000015
35570  -34.137  -52.850  54.292 0.1000000015
35574  -34.666  -52.885  53.766 0.1000000015
139438  -34.907  -52.114  52.428 0.1000000015
46525  -53.377  -40.367  49.313 0.1000000015
47382  -54.396  -39.430  48.388 0.1000000015
50087  -57.243  -35.843  45.056 0.1000000015
50980  -58.493  -35.471  46.062 0.1000000015
122579  -59.306  -34.944  46.140 0.1000000015
35566  -33.346  -52.522  55.495 0.1000000015
36489  -34.874  -51.455  51.379 0.1000000015
46547  -53.921  -39.928  48.835 0.1000000015
36507  -35.356  -51.105  50.671 0.1000000015
37442  -35.172  -50.278  49.539 0.1000000015
43011  -43.471  -44.413  51.388 0.1000000015
43849  -42.977  -43.845  51.063 0.1000000015
43010  -42.507  -44.357  51.659 0.1000000015
50075  -55.923  -36.655  45.112 0.1000000015
49178  -55.413  -37.310  45.530 0.1000000015
50076  -56.713  -36.460  45.402 0.1000000015
122814  -34.970  -52.545  53.027 0.1000000015
48283  -54.632  -38.733  47.192 0.1000000015
140179  -53.688  -39.283  47.087 0.1000000015
50085  -55.651  -36.396  44.459 0.1000000015
50985  -57.820  -35.075  44.917 0.1000000015
51928  -58.671  -34.754  45.353 0.1000000015
35569  -33.489  -52.504  54.604 0.1000000015
35573  -33.900  -52.436  53.665 0.1000000015
46524  -52.536  -40.660  49.041 0.1000000015
46546  -53.028  -40.108  48.463 0.1000000015
50084  -54.927  -36.425  44.036 0.1000000015
50099  -55.762  -36.013  43.837 0.1000000015
50993  -56.472  -35.564  43.745 0.1000000015
130820  -57.118  -35.390  44.279 0.1000000015
35565  -32.833  -52.001  55.086 0.1000000015
36480  -34.391  -51.772  52.081 0.1000000015
45663  -52.144  -41.267  49.539 0.1000000015
51012  -54.760  -35.749  42.349 0.1000000015
50109  -54.219  -36.023  42.809 0.1000000015
50992  -55.088  -35.962  43.165 0.1000000015
50972  -59.227  -35.672  46.997 0.1000000015
36468  -32.485  -51.316  55.482 0.1000000015
36472  -32.417  -51.421  54.581 0.1000000015
37431  -34.662  -50.664  50.206 0.1000000015
37392  -32.005  -50.781  54.993 0.1000000015
37430  -33.562  -50.552  50.392 0.1000000015
127583  -50.066  -42.304  53.301 0.1000000015
38320  -33.408  -49.490  49.229 0.1000000015
37441  -34.001  -50.129  49.713 0.1000000015
141962  -50.442  -41.020  54.930 0.1000000015
38328  -32.917  -48.790  48.787 0.1000000015
44631  -48.362  -42.094  55.251 0.1000000015
47244  -50.794  -39.806  56.741 0.1000000015
45569  -47.855  -41.702  54.377 0.1000000015
45556  -48.985  -41.265  56.145 0.1000000015
43824  -46.697  -43.409  52.864 0.1000000015
44644  -47.286  -42.136  53.577 0.1000000015
43839  -46.171  -43.321  52.093 0.1000000015
43852  -45.523  -43.288  51.538 0.1000000015
43851  -44.597  -43.393  51.056 0.1000000015
43008  -40.735  -44.129  52.036 0.1000000015
137604  -42.147  -43.755  51.316 0.1000000015
43836  -38.689  -44.136  52.767 0.1000000015
43837  -39.740  -44.113  52.319 0.1000000015
42994  -41.114  -44.725  52.562 0.1000000015
42991  -38.293  -44.864  53.553 0.1000000015
42992  -39.276  -44.704  53.160 0.1000000015
42993  -40.230  -44.684  52.788 0.1000000015
42980  -37.428  -45.188  53.676 0.1000000015
49193  -55.186  -36.838  44.809 0.1000000015
127736  -54.751  -37.689  45.544 0.1000000015
122453  -54.786  -37.313  45.109 0.1000000015
48293  -53.783  -38.686  46.161 0.1000000015
47405  -53.268  -39.205  46.617 0.1000000015
46557  -52.515  -39.929  47.654 0.1000000015
35581  -34.104  -52.085  52.794 0.1000000015
146501  -51.320  -40.722  48.281 0.1000000015
50098  -54.409  -36.311  43.411 0.1000000015
51936  -58.454  -34.536  44.436 0.1000000015
51929  -59.433  -34.367  45.545 0.1000000015
36473  -33.058  -51.936  54.133 0.1000000015
36476  -33.288  -51.787  53.236 0.1000000015
121379  -33.487  -51.597  52.407 0.1000000015
45662  -51.255  -41.525  49.489 0.1000000015
125164  -55.946  -35.628  43.176 0.1000000015
50994  -57.055  -35.091  43.502 0.1000000015
36475  -32.555  -51.372  53.662 0.1000000015
126523  -33.779  -51.383  51.619 0.1000000015
44701  -50.595  -42.353  50.878 0.1000000015
45636  -50.034  -42.073  50.262 0.1000000015
128372  -55.237  -35.553  41.933 0.1000000015
50965  -59.540  -35.949  48.165 0.1000000015
37440  -32.985  -49.942  49.902 0.1000000015
131939  -50.192  -42.511  52.355 0.1000000015
45612  -49.121  -41.710  51.995 0.1000000015
37391  -31.617  -50.244  54.462 0.1000000015
37395  -32.085  -50.791  53.213 0.1000000015
38319  -32.532  -49.215  49.477 0.1000000015
45571  -50.833  -40.220  55.971 0.1000000015
46439  -50.469  -40.247  54.970 0.1000000015
128236  -31.266  -49.802  54.019 0.1000000015
133014  -32.276  -48.462  49.185 0.1000000015
146306  -32.206  -47.872  49.044 0.1000000015
124241  -49.554  -39.545  56.171 0.1000000015
47264  -50.495  -39.226  56.434 0.1000000015
47265  -50.831  -39.013  56.149 0.1000000015
41127  -32.461  -46.810  49.098 0.1000000015
41126  -31.851  -46.634  49.574 0.1000000015
126088  -48.033  -40.900  54.453 0.1000000015
45584  -46.724  -41.987  53.034 0.1000000015
45585  -47.383  -41.204  53.699 0.1000000015
44675  -46.072  -42.532  51.746 0.1000000015
43867  -43.535  -43.189  50.635 0.1000000015
43848  -39.220  -43.513  51.950 0.1000000015
43864  -41.177  -43.105  50.773 0.1000000015
42990  -36.979  -44.683  53.547 0.1000000015
49192  -54.455  -37.056  44.544 0.1000000015
48308  -53.557  -38.311  45.485 0.1000000015
49177  -54.097  -37.679  45.109 0.1000000015
47390  -51.884  -39.744  46.925 0.1000000015
47404  -52.302  -39.268  46.209 0.1000000015
46567  -51.022  -39.965  46.876 0.1000000015
46566  -50.226  -40.201  46.874 0.1000000015
46544  -50.673  -40.701  47.914 0.1000000015
45676  -50.677  -41.205  48.707 0.1000000015
51935  -57.699  -34.812  43.978 0.1000000015
51949  -59.057  -34.192  43.922 0.1000000015
51937  -59.325  -34.086  44.804 0.1000000015
36506  -34.181  -51.086  50.867 0.1000000015
51011  -53.848  -35.788  42.003 0.1000000015
51013  -55.538  -35.598  42.536 0.1000000015
126387  -56.545  -35.329  43.153 0.1000000015
135878  -56.968  -35.070  42.738 0.1000000015
51948  -58.350  -34.483  43.546 0.1000000015
143759  -58.993  -34.390  43.187 0.1000000015
51919  -60.091  -34.299  46.140 0.1000000015
50973  -59.978  -35.040  46.880 0.1000000015
37402  -32.272  -50.640  52.361 0.1000000015
36488  -32.924  -51.101  51.954 0.1000000015
37414  -33.173  -50.925  51.120 0.1000000015
127733  -49.340  -41.919  51.282 0.1000000015
51032  -56.142  -35.436  41.335 0.1000000015
126293  -56.729  -35.251  41.875 0.1000000015
147095  -59.901  -35.436  47.644 0.1000000015
37401  -31.600  -50.218  52.767 0.1000000015
38312  -32.209  -49.548  50.233 0.1000000015
45586  -49.901  -41.315  53.831 0.1000000015
45599  -49.237  -41.053  52.827 0.1000000015
51047  -54.567  -35.390  40.644 0.1000000015
133058  -60.248  -35.538  48.510 0.1000000015
38269  -31.070  -49.594  53.260 0.1000000015
37394  -31.526  -50.309  53.632 0.1000000015
146218  -50.761  -38.711  56.121 0.1000000015
48168  -50.977  -38.356  55.869 0.1000000015
42116  -32.334  -46.113  49.546 0.1000000015
46452  -47.809  -40.315  54.103 0.1000000015
141452  -48.312  -39.656  54.545 0.1000000015
43044  -32.752  -45.616  49.689 0.1000000015
43043  -32.054  -45.264  49.969 0.1000000015
46467  -46.390  -40.718  52.509 0.1000000015
46451  -46.954  -40.370  53.297 0.1000000015
146565  -32.945  -45.094  49.945 0.1000000015
44674  -45.295  -42.453  51.168 0.1000000015
125190  -45.852  -41.800  51.490 0.1000000015
45610  -46.014  -41.002  51.739 0.1000000015
44696  -42.666  -42.851  50.332 0.1000000015
43847  -38.159  -43.564  52.265 0.1000000015
142265  -39.582  -42.984  51.300 0.1000000015
127167  -41.345  -43.623  51.429 0.1000000015
137912  -36.496  -44.946  53.249 0.1000000015
43835  -37.574  -44.201  53.207 0.1000000015
129081  -52.885  -38.413  45.260 0.1000000015
48321  -53.221  -37.942  44.837 0.1000000015
47403  -51.351  -39.532  46.241 0.1000000015
47417  -51.588  -39.061  45.600 0.1000000015
46553  -47.750  -40.462  47.902 0.1000000015
47401  -49.638  -39.952  46.391 0.1000000015
46522  -47.648  -40.694  49.538 0.1000000015
46555  -49.246  -40.802  47.697 0.1000000015
46543  -49.882  -41.056  48.136 0.1000000015
121750  -47.408  -40.119  50.005 0.1000000015
45633  -47.984  -41.203  50.013 0.1000000015
45675  -49.666  -41.474  48.887 0.1000000015
46481  -47.939  -39.965  51.419 0.1000000015
46482  -48.266  -40.750  51.521 0.1000000015
51015  -57.601  -34.924  42.195 0.1000000015
51963  -58.465  -34.586  42.577 0.1000000015
51938  -60.280  -33.569  44.757 0.1000000015
121724  -59.882  -33.871  45.386 0.1000000015
37412  -31.763  -50.060  51.914 0.1000000015
37413  -32.448  -50.480  51.522 0.1000000015
46468  -48.731  -40.544  52.355 0.1000000015
51048  -55.279  -35.303  40.291 0.1000000015
123217  -56.690  -35.369  40.946 0.1000000015
51920  -61.026  -34.004  46.528 0.1000000015
38282  -31.149  -49.592  52.329 0.1000000015
38299  -31.988  -49.798  51.086 0.1000000015
46453  -49.837  -40.270  53.928 0.1000000015
47296  -49.909  -39.254  53.845 0.1000000015
51068  -54.653  -35.038  39.835 0.1000000015
50974  -60.580  -34.524  46.951 0.1000000015
38268  -30.780  -49.065  52.662 0.1000000015
38298  -31.285  -49.393  51.478 0.1000000015
38311  -31.481  -49.114  50.609 0.1000000015
39202  -31.160  -48.196  50.233 0.1000000015
39213  -31.725  -48.027  49.475 0.1000000015
47297  -50.783  -38.359  54.785 0.1000000015
39165  -30.625  -48.336  52.542 0.1000000015
39201  -30.642  -47.908  50.894 0.1000000015
40138  -30.885  -47.260  50.448 0.1000000015
47282  -48.492  -38.914  54.559 0.1000000015
123586  -49.532  -38.405  55.410 0.1000000015
40110  -30.518  -47.482  52.311 0.1000000015
127705  -30.483  -46.756  52.049 0.1000000015
41092  -30.543  -46.247  51.451 0.1000000015
41112  -30.774  -46.409  50.708 0.1000000015
47295  -47.653  -39.538  53.755 0.1000000015
48199  -48.836  -37.910  54.436 0.1000000015
42051  -30.577  -45.328  52.522 0.1000000015
42091  -30.691  -45.575  50.914 0.1000000015
43025  -32.474  -44.603  50.118 0.1000000015
124620  -33.299  -44.704  50.194 0.1000000015
47294  -46.894  -39.612  53.104 0.1000000015
48197  -47.225  -38.948  53.217 0.1000000015
43863  -34.587  -43.642  50.869 0.1000000015
144879  -45.421  -41.838  51.144 0.1000000015
135349  -34.000  -44.565  50.636 0.1000000015
44668  -35.366  -43.726  51.645 0.1000000015
44670  -36.899  -42.644  52.022 0.1000000015
44695  -41.855  -42.877  50.337 0.1000000015
44698  -44.406  -42.468  50.627 0.1000000015
45632  -45.051  -40.873  50.541 0.1000000015
43845  -36.648  -43.374  52.495 0.1000000015
44671  -37.762  -42.857  51.788 0.1000000015
44720  -42.873  -42.204  49.875 0.1000000015
45657  -43.379  -41.626  49.782 0.1000000015
132348  -35.503  -44.935  52.105 0.1000000015
142863  -36.060  -43.705  52.252 0.1000000015
43834  -36.875  -44.053  53.115 0.1000000015
49191  -53.654  -37.348  44.344 0.1000000015
48320  -52.312  -38.169  44.751 0.1000000015
49190  -52.796  -37.576  44.155 0.1000000015
48305  -50.195  -38.940  45.170 0.1000000015
49206  -54.074  -36.768  43.851 0.1000000015
47389  -47.138  -39.835  47.406 0.1000000015
47400  -48.724  -40.166  46.570 0.1000000015
125830  -53.715  -36.429  43.205 0.1000000015
48238  -48.346  -38.266  50.979 0.1000000015
48257  -46.955  -39.051  49.376 0.1000000015
49103  -49.193  -37.710  51.425 0.1000000015
140781  -47.676  -38.862  50.546 0.1000000015
51950  -60.445  -33.689  43.799 0.1000000015
48224  -48.868  -38.488  51.830 0.1000000015
140671  -48.391  -40.096  52.020 0.1000000015
134425  -58.377  -34.885  41.534 0.1000000015
51976  -59.065  -34.619  41.943 0.1000000015
127598  -59.745  -34.112  43.298 0.1000000015
52845  -61.191  -33.444  44.243 0.1000000015
124122  -50.756  -36.930  53.344 0.1000000015
48213  -49.536  -38.651  52.921 0.1000000015
47309  -49.032  -39.727  52.674 0.1000000015
51069  -55.290  -35.017  39.682 0.1000000015
121509  -55.859  -35.261  39.868 0.1000000015
51033  -57.458  -35.152  41.277 0.1000000015
38318  -31.812  -48.806  49.800 0.1000000015
49073  -51.171  -37.189  54.520 0.1000000015
49057  -51.042  -37.159  55.252 0.1000000015
48200  -50.580  -38.145  54.202 0.1000000015
42092  -31.148  -45.718  50.403 0.1000000015
41113  -31.289  -46.524  50.101 0.1000000015
139376  -48.161  -37.535  53.504 0.1000000015
42072  -30.554  -45.501  51.670 0.1000000015
43042  -31.509  -45.180  50.246 0.1000000015
48212  -47.692  -38.192  53.416 0.1000000015
48198  -47.966  -38.729  53.817 0.1000000015
42989  -30.635  -44.555  52.492 0.1000000015
137537  -30.576  -44.900  51.889 0.1000000015
135491  -30.621  -44.849  51.167 0.1000000015
43023  -30.980  -44.797  50.621 0.1000000015
43861  -32.820  -43.845  50.204 0.1000000015
131252  -45.582  -39.787  51.405 0.1000000015
47308  -46.495  -39.171  52.552 0.1000000015
44655  -30.750  -43.023  51.724 0.1000000015
43022  -30.697  -44.121  50.917 0.1000000015
44689  -34.469  -42.375  50.500 0.1000000015
44691  -35.990  -41.890  51.031 0.1000000015
44667  -31.013  -42.215  51.595 0.1000000015
44669  -36.221  -42.728  51.833 0.1000000015
138927  -36.634  -42.043  51.309 0.1000000015
45630  -38.834  -41.881  50.183 0.1000000015
132225  -43.812  -41.054  49.738 0.1000000015
136248  -39.262  -42.468  50.801 0.1000000015
142793  -40.462  -42.137  49.764 0.1000000015
45656  -42.441  -41.579  49.484 0.1000000015
122949  -43.131  -40.914  49.396 0.1000000015
49189  -51.935  -37.715  43.996 0.1000000015
49205  -53.255  -37.009  43.616 0.1000000015
49188  -50.653  -37.938  44.029 0.1000000015
50108  -53.499  -36.100  42.616 0.1000000015
49134  -47.632  -37.641  49.477 0.1000000015
137554  -60.655  -33.971  42.943 0.1000000015
51951  -61.334  -33.662  43.399 0.1000000015
142330  -60.088  -34.275  42.544 0.1000000015
51978  -60.831  -34.320  42.155 0.1000000015
49088  -51.263  -36.425  54.272 0.1000000015
51049  -56.544  -35.400  40.122 0.1000000015
51050  -57.278  -35.363  40.388 0.1000000015
51034  -59.265  -34.854  41.287 0.1000000015
49974  -51.253  -35.810  54.051 0.1000000015
52888  -53.827  -33.620  39.369 0.1000000015
51070  -56.379  -35.158  39.359 0.1000000015
51071  -57.086  -35.341  39.559 0.1000000015
49959  -50.097  -36.407  54.400 0.1000000015
145056  -50.906  -36.601  54.878 0.1000000015
53732  -54.211  -32.844  39.178 0.1000000015
53734  -54.903  -32.738  38.773 0.1000000015
42115  -31.693  -45.879  49.913 0.1000000015
49971  -48.089  -36.814  53.026 0.1000000015
43024  -31.628  -44.367  50.316 0.1000000015
49087  -47.396  -37.606  52.827 0.1000000015
43860  -31.403  -43.458  50.517 0.1000000015
43862  -33.628  -43.479  50.359 0.1000000015
48223  -45.639  -38.534  51.585 0.1000000015
48210  -46.135  -38.442  52.146 0.1000000015
44685  -30.809  -42.958  51.133 0.1000000015
44686  -31.178  -42.772  50.813 0.1000000015
146729  -35.263  -41.803  50.630 0.1000000015
45627  -36.319  -41.330  50.582 0.1000000015
46497  -36.743  -40.695  49.876 0.1000000015
47338  -44.865  -39.480  50.295 0.1000000015
45608  -31.485  -41.253  51.373 0.1000000015
45624  -32.051  -41.058  50.717 0.1000000015
45628  -37.088  -41.474  50.570 0.1000000015
45652  -38.481  -41.175  49.618 0.1000000015
137964  -40.176  -40.624  48.757 0.1000000015
47378  -42.156  -39.853  48.643 0.1000000015
46519  -43.012  -40.129  49.049 0.1000000015
45654  -40.168  -41.402  49.292 0.1000000015
46518  -41.629  -41.193  49.164 0.1000000015
131728  -42.285  -40.679  49.029 0.1000000015
143156  -51.236  -37.725  43.881 0.1000000015
49204  -52.375  -37.174  43.456 0.1000000015
49201  -49.477  -37.661  43.616 0.1000000015
50097  -51.870  -36.759  42.831 0.1000000015
50107  -52.835  -36.529  42.865 0.1000000015
137771  -52.193  -36.283  42.326 0.1000000015
142641  -60.796  -34.753  41.398 0.1000000015
51965  -61.628  -34.007  42.618 0.1000000015
52856  -62.896  -33.627  44.228 0.1000000015
121842  -57.856  -35.411  39.795 0.1000000015
139825  -58.771  -35.088  40.812 0.1000000015
50895  -49.512  -35.610  53.331 0.1000000015
52891  -56.006  -33.445  38.289 0.1000000015
51082  -56.861  -35.079  38.893 0.1000000015
49985  -48.519  -35.956  52.835 0.1000000015
49983  -47.050  -36.918  52.375 0.1000000015
137738  -32.105  -43.620  50.245 0.1000000015
139640  -45.725  -36.979  51.414 0.1000000015
49102  -46.278  -36.988  51.845 0.1000000015
130102  -32.365  -42.031  50.433 0.1000000015
132472  -32.675  -42.970  50.228 0.1000000015
48255  -43.794  -37.910  49.299 0.1000000015
48235  -44.878  -38.615  50.385 0.1000000015
49101  -45.787  -37.717  51.655 0.1000000015
45625  -32.977  -41.343  50.424 0.1000000015
129203  -33.912  -41.497  50.352 0.1000000015
123499  -36.027  -40.575  50.055 0.1000000015
145677  -40.615  -39.482  48.382 0.1000000015
126626  -42.041  -38.988  48.435 0.1000000015
47361  -43.702  -39.586  49.315 0.1000000015
47318  -31.846  -40.077  51.803 0.1000000015
46479  -32.236  -40.227  51.109 0.1000000015
144060  -33.477  -40.817  50.445 0.1000000015
46495  -34.472  -39.981  50.324 0.1000000015
46496  -35.342  -40.037  49.957 0.1000000015
46514  -37.318  -39.919  49.160 0.1000000015
46537  -39.544  -40.164  48.638 0.1000000015
46539  -41.472  -40.399  48.699 0.1000000015
49202  -50.752  -37.466  43.497 0.1000000015
51053  -61.260  -35.571  40.160 0.1000000015
51054  -62.351  -35.546  40.339 0.1000000015
51037  -62.788  -35.026  41.014 0.1000000015
136609  -60.554  -35.197  40.680 0.1000000015
51036  -61.604  -35.143  40.916 0.1000000015
51966  -62.826  -34.251  42.567 0.1000000015
51073  -59.316  -35.554  39.565 0.1000000015
122207  -63.800  -34.334  43.118 0.1000000015
52012  -57.072  -34.652  38.306 0.1000000015
51083  -57.611  -35.264  38.832 0.1000000015
51051  -58.658  -35.387  40.104 0.1000000015
52848  -63.770  -33.761  44.777 0.1000000015
53735  -55.593  -32.620  38.392 0.1000000015
50009  -45.397  -36.545  51.002 0.1000000015
50026  -44.441  -36.040  50.147 0.1000000015
127792  -44.798  -36.829  50.447 0.1000000015
49132  -43.773  -37.008  49.406 0.1000000015
49133  -44.386  -37.385  49.830 0.1000000015
48221  -33.255  -38.394  51.661 0.1000000015
48232  -33.530  -38.654  50.920 0.1000000015
48234  -35.204  -38.322  50.040 0.1000000015
48252  -35.904  -38.216  49.626 0.1000000015
48254  -37.370  -38.378  48.877 0.1000000015
47374  -38.387  -39.106  48.526 0.1000000015
47376  -40.497  -38.809  48.199 0.1000000015
48272  -41.795  -38.143  48.351 0.1000000015
47334  -32.776  -39.715  50.894 0.1000000015
47336  -33.986  -39.240  50.536 0.1000000015
47337  -34.803  -39.179  50.137 0.1000000015
46513  -36.278  -39.725  49.527 0.1000000015
46535  -38.036  -39.666  48.781 0.1000000015
47375  -39.164  -39.287  48.418 0.1000000015
50129  -61.577  -36.168  38.913 0.1000000015
51074  -60.945  -35.869  39.324 0.1000000015
51075  -61.966  -35.956  39.616 0.1000000015
51086  -59.973  -35.843  38.979 0.1000000015
51084  -58.363  -35.359  38.323 0.1000000015
51967  -63.885  -34.668  42.325 0.1000000015
52894  -57.060  -33.288  37.583 0.1000000015
52013  -57.756  -34.871  37.949 0.1000000015
50995  -64.552  -35.083  43.495 0.1000000015
51954  -64.323  -34.485  43.656 0.1000000015
55474  -55.578  -30.993  38.691 0.1000000015
54581  -55.954  -31.769  38.272 0.1000000015
53736  -56.248  -32.551  38.012 0.1000000015
55468  -54.840  -29.960  40.047 0.1000000015
49993  -38.666  -36.889  51.106 0.1000000015
50007  -39.082  -36.504  50.352 0.1000000015
50937  -41.798  -35.072  49.110 0.1000000015
49096  -35.250  -37.145  51.136 0.1000000015
130922  -40.034  -36.258  48.696 0.1000000015
50043  -40.664  -36.299  48.570 0.1000000015
50952  -42.078  -35.859  48.855 0.1000000015
50046  -43.200  -36.621  49.117 0.1000000015
48222  -33.935  -37.985  51.302 0.1000000015
49111  -35.104  -37.636  50.472 0.1000000015
49129  -36.374  -37.541  49.687 0.1000000015
49130  -37.199  -37.800  49.173 0.1000000015
48268  -38.092  -38.382  48.573 0.1000000015
48270  -39.957  -38.008  47.968 0.1000000015
49149  -40.801  -37.039  48.258 0.1000000015
49150  -42.276  -37.488  48.556 0.1000000015
136657  -50.060  -37.233  43.215 0.1000000015
50144  -61.762  -36.393  38.260 0.1000000015
51089  -59.610  -35.693  37.279 0.1000000015
50143  -60.735  -36.165  38.391 0.1000000015
51076  -63.070  -35.827  39.728 0.1000000015
51055  -63.418  -35.478  40.452 0.1000000015
52018  -59.010  -34.969  37.062 0.1000000015
130980  -59.714  -36.003  38.085 0.1000000015
51056  -64.081  -35.701  40.592 0.1000000015
50121  -64.416  -36.301  40.774 0.1000000015
53740  -58.017  -32.694  36.985 0.1000000015
146025  -58.557  -34.594  37.220 0.1000000015
51088  -58.990  -35.547  37.817 0.1000000015
51016  -64.269  -35.169  42.115 0.1000000015
51039  -64.252  -35.564  41.363 0.1000000015
54585  -57.919  -31.434  37.338 0.1000000015
133753  -57.799  -32.130  37.219 0.1000000015
52017  -58.088  -34.242  37.313 0.1000000015
51968  -64.353  -34.824  42.871 0.1000000015
56319  -57.367  -28.801  40.627 0.1000000015
56328  -57.018  -29.719  38.818 0.1000000015
135356  -56.525  -30.748  38.266 0.1000000015
55478  -57.282  -31.053  37.664 0.1000000015
50089  -64.437  -35.579  43.862 0.1000000015
56311  -55.161  -29.060  41.410 0.1000000015
56318  -55.432  -29.415  40.669 0.1000000015
56322  -55.701  -29.710  39.820 0.1000000015
49991  -36.958  -36.948  50.844 0.1000000015
49992  -37.893  -36.970  50.933 0.1000000015
50023  -39.200  -36.453  49.361 0.1000000015
51885  -41.558  -34.295  49.479 0.1000000015
49990  -36.089  -36.915  50.889 0.1000000015
50005  -37.461  -36.974  50.145 0.1000000015
135561  -38.659  -36.838  49.670 0.1000000015
49112  -35.793  -37.187  50.329 0.1000000015
49131  -37.927  -37.564  49.073 0.1000000015
50145  -62.776  -36.503  38.166 0.1000000015
50151  -63.209  -36.803  37.482 0.1000000015
51094  -60.523  -35.663  36.263 0.1000000015
50150  -62.051  -36.554  37.402 0.1000000015
51093  -59.761  -35.187  36.452 0.1000000015
129213  -60.342  -36.122  37.535 0.1000000015
144554  -63.263  -36.412  38.656 0.1000000015
121648  -63.780  -36.373  39.214 0.1000000015
53743  -59.556  -32.620  36.396 0.1000000015
52021  -59.348  -34.293  36.466 0.1000000015
142256  -63.838  -35.870  39.988 0.1000000015
50120  -64.256  -36.336  40.045 0.1000000015
56336  -59.096  -30.163  37.513 0.1000000015
53742  -58.712  -32.649  36.659 0.1000000015
52020  -58.695  -34.168  36.843 0.1000000015
55476  -58.117  -29.501  38.730 0.1000000015
54586  -58.726  -31.071  37.156 0.1000000015
50111  -64.470  -36.441  42.218 0.1000000015
137802  -64.428  -35.747  41.918 0.1000000015
57263  -56.865  -28.143  41.870 0.1000000015
57268  -57.432  -28.367  41.399 0.1000000015
56324  -57.730  -29.155  39.713 0.1000000015
50100  -64.429  -36.145  43.138 0.1000000015
51017  -64.452  -35.498  42.589 0.1000000015
57262  -55.779  -28.353  41.947 0.1000000015
56313  -56.808  -28.663  41.111 0.1000000015
50088  -63.992  -36.353  44.067 0.1000000015
50155  -62.757  -37.154  36.014 0.1000000015
126981  -62.779  -36.801  36.771 0.1000000015
50154  -61.899  -36.621  36.465 0.1000000015
50146  -63.679  -36.807  38.322 0.1000000015
52900  -60.334  -33.520  35.673 0.1000000015
52032  -60.348  -35.054  35.736 0.1000000015
55485  -60.652  -30.687  36.543 0.1000000015
53744  -60.293  -32.652  36.017 0.1000000015
52022  -59.987  -34.344  35.982 0.1000000015
128461  -64.529  -37.124  40.310 0.1000000015
56330  -60.357  -29.174  38.596 0.1000000015
56337  -60.082  -29.756  37.655 0.1000000015
54590  -60.211  -31.598  36.328 0.1000000015
58146  -59.079  -26.562  42.519 0.1000000015
58155  -59.152  -27.033  42.606 0.1000000015
57275  -59.534  -28.306  40.635 0.1000000015
56325  -59.836  -28.534  39.949 0.1000000015
142159  -59.479  -29.545  38.099 0.1000000015
50118  -64.492  -36.339  41.467 0.1000000015
58154  -58.465  -27.306  42.537 0.1000000015
57265  -58.809  -27.669  42.099 0.1000000015
143616  -64.328  -36.854  42.692 0.1000000015
49219  -64.555  -37.125  41.043 0.1000000015
57254  -56.408  -27.503  42.526 0.1000000015
49209  -63.901  -37.202  43.205 0.1000000015
128766  -63.727  -35.904  45.002 0.1000000015
49196  -63.336  -37.147  43.972 0.1000000015
50173  -61.826  -36.717  35.617 0.1000000015
52041  -60.892  -35.155  34.929 0.1000000015
51108  -61.267  -36.014  35.243 0.1000000015
50152  -64.003  -37.333  37.684 0.1000000015
58182  -62.841  -27.353  36.886 0.1000000015
56344  -63.340  -29.028  37.003 0.1000000015
54620  -62.079  -31.478  34.612 0.1000000015
52911  -60.850  -33.514  34.948 0.1000000015
131770  -60.542  -34.334  35.312 0.1000000015
50147  -64.287  -37.228  38.749 0.1000000015
58165  -60.787  -26.899  38.936 0.1000000015
58173  -62.100  -27.270  38.570 0.1000000015
57281  -62.645  -28.171  38.440 0.1000000015
122962  -61.640  -30.367  36.580 0.1000000015
54602  -60.909  -31.867  35.767 0.1000000015
50131  -64.431  -37.130  39.527 0.1000000015
49225  -64.687  -37.855  39.815 0.1000000015
59046  -59.296  -26.487  40.243 0.1000000015
59047  -60.526  -26.663  40.721 0.1000000015
121853  -61.957  -27.414  39.487 0.1000000015
127355  -61.892  -28.649  38.871 0.1000000015
55481  -60.829  -30.081  37.170 0.1000000015
60028  -56.966  -25.214  41.562 0.1000000015
59037  -58.710  -25.841  41.992 0.1000000015
59041  -60.586  -26.872  41.256 0.1000000015
57277  -61.380  -27.677  40.385 0.1000000015
56326  -60.728  -28.477  39.672 0.1000000015
60020  -56.550  -25.446  42.664 0.1000000015
60021  -57.307  -25.410  42.503 0.1000000015
126090  -64.386  -37.874  41.421 0.1000000015
50110  -64.201  -37.481  42.253 0.1000000015
50181  -61.784  -36.663  34.706 0.1000000015
50174  -62.492  -37.408  35.025 0.1000000015
50156  -63.649  -37.452  36.723 0.1000000015
58171  -60.410  -27.079  37.650 0.1000000015
125279  -61.525  -27.246  36.441 0.1000000015
127703  -63.557  -28.720  35.999 0.1000000015
54621  -63.001  -31.117  34.099 0.1000000015
52922  -61.484  -33.440  34.184 0.1000000015
51116  -61.529  -35.786  34.386 0.1000000015
59059  -58.381  -26.782  37.934 0.1000000015
58172  -61.654  -27.169  37.431 0.1000000015
139207  -63.426  -28.791  34.462 0.1000000015
54622  -63.567  -31.222  33.295 0.1000000015
52937  -62.243  -33.337  33.434 0.1000000015
126236  -61.740  -34.151  33.643 0.1000000015
50192  -61.948  -36.445  33.839 0.1000000015
49240  -64.563  -37.790  38.123 0.1000000015
49227  -64.699  -37.836  38.976 0.1000000015
60032  -56.778  -25.616  40.183 0.1000000015
59045  -58.163  -26.342  39.652 0.1000000015
56383  -63.539  -30.173  32.387 0.1000000015
52938  -63.332  -33.236  32.838 0.1000000015
49279  -63.044  -38.307  34.443 0.1000000015
55545  -63.852  -30.130  30.586 0.1000000015
54661  -63.776  -31.340  31.504 0.1000000015
52950  -63.652  -33.476  31.988 0.1000000015
131308  -64.595  -37.946  40.646 0.1000000015
48333  -63.758  -38.310  41.831 0.1000000015
48338  -64.041  -38.617  40.965 0.1000000015
49211  -63.450  -38.033  42.692 0.1000000015
48337  -63.176  -38.722  41.404 0.1000000015
58178  -58.692  -27.017  36.431 0.1000000015
133416  -61.452  -27.473  35.163 0.1000000015
58206  -62.370  -27.409  35.052 0.1000000015
59049  -55.871  -26.106  38.060 0.1000000015
59063  -58.033  -26.841  36.997 0.1000000015
57300  -60.249  -28.101  34.204 0.1000000015
122412  -62.628  -27.906  34.316 0.1000000015
49258  -63.619  -38.045  35.608 0.1000000015
48367  -64.590  -38.328  38.423 0.1000000015
59058  -57.335  -26.590  37.602 0.1000000015
57325  -61.042  -28.929  32.890 0.1000000015
57326  -62.299  -28.918  32.803 0.1000000015
50182  -62.391  -37.404  33.849 0.1000000015
60031  -55.737  -25.380  39.643 0.1000000015
56381  -62.618  -29.378  32.017 0.1000000015
48395  -63.612  -38.962  35.025 0.1000000015
48360  -64.552  -38.334  39.265 0.1000000015
48349  -64.369  -38.452  40.122 0.1000000015
125139  -63.893  -38.894  40.299 0.1000000015
59087  -56.752  -26.063  34.879 0.1000000015
59108  -56.733  -25.921  34.167 0.1000000015
60911  -55.578  -24.738  35.771 0.1000000015
58192  -58.703  -27.214  34.924 0.1000000015
49252  -64.412  -37.976  37.229 0.1000000015
140814  -64.536  -38.345  37.700 0.1000000015
60896  -55.390  -24.853  36.545 0.1000000015
59062  -56.509  -26.248  36.063 0.1000000015
58217  -58.892  -27.937  33.566 0.1000000015
141838  -54.677  -23.562  38.506 0.1000000015
60039  -55.446  -25.585  37.757 0.1000000015
56379  -60.341  -29.144  32.081 0.1000000015
48386  -64.295  -38.717  36.945 0.1000000015
48396  -64.091  -38.811  35.930 0.1000000015
47498  -63.758  -39.328  36.332 0.1000000015
47485  -64.004  -39.177  37.222 0.1000000015
48366  -64.159  -38.847  38.749 0.1000000015
47474  -63.742  -39.230  37.957 0.1000000015
47473  -62.726  -39.353  37.963 0.1000000015
147077  -63.730  -39.017  39.298 0.1000000015
48364  -62.027  -39.101  38.715 0.1000000015
48358  -63.365  -39.068  39.854 0.1000000015
122668  -56.106  -24.121  34.784 0.1000000015
60929  -56.291  -24.599  34.373 0.1000000015
62662  -57.456  -21.488  36.902 0.1000000015
61820  -56.383  -23.772  34.213 0.1000000015
62670  -56.024  -23.025  36.511 0.1000000015
59125  -57.348  -26.007  32.894 0.1000000015
140809  -57.246  -26.338  33.747 0.1000000015
61774  -55.048  -23.140  37.847 0.1000000015
58224  -58.390  -27.576  32.138 0.1000000015
58216  -58.375  -27.542  33.074 0.1000000015
64291  -60.603  -20.163  38.094 0.1000000015
64303  -59.301  -20.506  37.270 0.1000000015
64315  -59.682  -20.642  36.670 0.1000000015
63439  -58.128  -21.182  36.845 0.1000000015
62696  -57.254  -22.375  34.766 0.1000000015
63456  -59.152  -20.844  36.134 0.1000000015
63438  -56.790  -21.158  37.407 0.1000000015
138396  -57.485  -25.147  32.453 0.1000000015
60941  -57.025  -24.113  33.027 0.1000000015
60108  -57.828  -25.796  31.853 0.1000000015
139014  -58.449  -27.499  31.243 0.1000000015
64292  -61.624  -20.377  38.385 0.1000000015
63455  -58.640  -21.127  35.410 0.1000000015
62697  -57.820  -22.050  34.300 0.1000000015
143779  -59.487  -20.697  35.336 0.1000000015
60947  -57.486  -24.356  32.516 0.1000000015
61836  -57.526  -23.534  32.712 0.1000000015
60100  -57.989  -24.659  31.850 0.1000000015
60948  -58.133  -23.759  32.046 0.1000000015
59162  -58.570  -26.710  30.664 0.1000000015
59180  -58.911  -27.118  29.869 0.1000000015
58245  -59.310  -27.386  28.975 0.1000000015
144886  -59.716  -25.726  29.359 0.1000000015
59194  -59.584  -26.753  28.280 0.1000000015
126821  -59.181  -27.048  27.338 0.1000000015
58286  -57.388  -27.816  25.995 0.1000000015
57405  -56.759  -28.310  25.905 0.1000000015
145283  -62.323  -20.567  38.371 0.1000000015
64316  -60.471  -20.486  36.566 0.1000000015
63471  -59.427  -20.744  34.498 0.1000000015
64305  -62.066  -20.629  37.766 0.1000000015
62709  -58.120  -22.084  33.529 0.1000000015
64330  -60.247  -20.517  34.743 0.1000000015
131059  -58.517  -25.129  31.206 0.1000000015
62723  -58.777  -22.416  31.987 0.1000000015
63482  -58.945  -21.548  33.118 0.1000000015
60954  -58.781  -24.035  31.262 0.1000000015
60114  -58.846  -25.675  30.570 0.1000000015
60961  -59.222  -24.707  30.605 0.1000000015
61843  -59.452  -23.232  31.015 0.1000000015
59163  -59.226  -26.203  29.980 0.1000000015
60115  -59.617  -25.291  29.986 0.1000000015
61849  -60.114  -23.407  30.350 0.1000000015
60970  -60.158  -25.030  29.137 0.1000000015
60962  -60.053  -24.329  29.911 0.1000000015
60123  -59.937  -25.697  28.499 0.1000000015
60971  -60.623  -24.828  28.276 0.1000000015
134552  -61.227  -24.190  28.138 0.1000000015
59215  -59.166  -26.306  27.342 0.1000000015
60981  -60.279  -24.796  27.567 0.1000000015
61863  -61.421  -23.858  27.510 0.1000000015
59230  -55.522  -27.471  26.093 0.1000000015
58275  -57.368  -26.912  26.526 0.1000000015
132513  -59.477  -25.047  27.463 0.1000000015
61870  -60.826  -24.115  27.174 0.1000000015
64293  -62.991  -20.643  38.371 0.1000000015
64317  -61.271  -20.491  36.946 0.1000000015
125264  -61.030  -20.364  35.048 0.1000000015
63483  -59.555  -20.891  33.523 0.1000000015
62724  -59.526  -22.371  31.468 0.1000000015
61850  -60.739  -23.618  29.501 0.1000000015
140886  -61.284  -23.832  28.710 0.1000000015
61857  -61.712  -23.512  28.064 0.1000000015
61864  -61.850  -23.358  27.285 0.1000000015
125898  -35.816  -37.035  51.628 0.1000000015
49099  -38.343  -37.290  51.680 0.1000000015
40092  -30.692  -47.689  53.322 0.1000000015
43823  -30.971  -43.501  53.344 0.1000000015
43832  -30.713  -43.699  52.309 0.1000000015
49095  -34.498  -37.530  51.735 0.1000000015
47319  -32.392  -39.547  51.561 0.1000000015
51030  -54.601  -35.570  41.551 0.1000000015
132343  -53.889  -32.186  39.395 0.1000000015
58153  -57.602  -27.239  42.660 0.1000000015
137422  -57.763  -26.450  42.902 0.1000000015
60884  -54.666  -24.274  38.852 0.1000000015
52010  -55.459  -34.071  38.753 0.1000000015
52007  -55.703  -34.782  39.232 0.1000000015
52005  -54.189  -34.443  39.452 0.1000000015
132206  -55.482  -24.636  40.357 0.1000000015
62651  -54.711  -22.724  38.631 0.1000000015
49984  -47.548  -36.147  52.379 0.1000000015
50896  -51.207  -35.439  53.768 0.1000000015
137392  -42.489  -35.340  49.190 0.1000000015
50024  -42.865  -35.982  49.140 0.1000000015
50008  -45.004  -36.078  50.623 0.1000000015
47414  -48.996  -39.656  45.879 0.1000000015
47416  -50.776  -39.287  45.660 0.1000000015
47415  -49.914  -39.470  45.761 0.1000000015
47399  -47.827  -40.195  46.927 0.1000000015
47413  -48.057  -39.808  46.095 0.1000000015
140885  -47.219  -38.300  49.457 0.1000000015
47362  -46.782  -39.256  48.634 0.1000000015
48318  -50.464  -38.424  44.585 0.1000000015
48225  -49.738  -37.757  52.487 0.1000000015
137931  -50.512  -35.395  53.726 0.1000000015
50950  -40.499  -35.666  48.975 0.1000000015
50936  -41.014  -34.952  49.210 0.1000000015
48237  -47.902  -38.073  50.112 0.1000000015
62660  -55.879  -22.548  37.205 0.1000000015
62661  -56.704  -21.895  37.005 0.1000000015
64302  -57.699  -20.956  37.253 0.1000000015
64290  -59.679  -20.057  37.839 0.1000000015
134386  -63.419  -20.561  39.200 0.1000000015
33657  -39.914  -54.885  55.069 0.1000000015
129303  -36.500  -54.225  58.243 0.1000000015
33647  -35.774  -54.201  56.343 0.1000000015
128120  -35.173  -53.851  56.891 0.1000000015
48276  -55.605  -38.609  48.309 0.1000000015
47393  -54.845  -38.910  47.951 0.1000000015
49163  -56.843  -37.838  48.145 0.1000000015
48294  -54.486  -38.483  46.493 0.1000000015
47381  -53.667  -39.713  48.085 0.1000000015
47392  -54.103  -39.276  47.543 0.1000000015
43850  -43.804  -43.874  50.969 0.1000000015
43866  -42.628  -43.422  50.800 0.1000000015
47391  -53.298  -39.546  47.411 0.1000000015
45664  -52.910  -40.890  49.759 0.1000000015
145976  -53.129  -39.819  47.913 0.1000000015
46545  -52.109  -40.482  48.295 0.1000000015
45677  -51.674  -40.980  48.882 0.1000000015
36471  -31.913  -50.908  54.087 0.1000000015
124926  -49.597  -41.959  52.665 0.1000000015
44632  -50.307  -41.906  54.374 0.1000000015
45570  -48.447  -41.095  55.254 0.1000000015
46427  -50.195  -39.882  56.836 0.1000000015
46438  -48.572  -40.154  55.185 0.1000000015
46426  -49.254  -40.401  56.167 0.1000000015
44657  -46.523  -42.592  52.484 0.1000000015
44643  -46.862  -42.630  53.125 0.1000000015
146706  -46.989  -41.653  53.338 0.1000000015
127835  -40.316  -43.430  51.493 0.1000000015
43009  -41.632  -44.225  51.891 0.1000000015
42983  -40.664  -45.254  53.311 0.1000000015
124682  -38.002  -46.043  53.870 0.1000000015
48309  -54.307  -38.160  45.812 0.1000000015
48292  -53.024  -38.810  45.837 0.1000000015
122944  -52.658  -39.546  46.962 0.1000000015
129262  -51.471  -40.290  47.592 0.1000000015
45637  -50.916  -42.024  50.179 0.1000000015
45661  -50.314  -41.723  49.521 0.1000000015
51947  -57.627  -34.675  43.098 0.1000000015
36479  -32.753  -51.226  52.797 0.1000000015
44702  -51.525  -42.304  50.913 0.1000000015
44700  -49.863  -42.226  51.013 0.1000000015
45635  -49.180  -41.817  50.547 0.1000000015
128038  -55.892  -35.441  41.931 0.1000000015
37429  -32.669  -50.272  50.676 0.1000000015
45611  -48.706  -41.165  52.030 0.1000000015
46440  -50.881  -39.325  55.911 0.1000000015
40153  -32.017  -47.344  49.278 0.1000000015
47263  -50.014  -38.779  56.161 0.1000000015
47285  -50.961  -38.556  55.754 0.1000000015
47283  -49.060  -39.233  55.383 0.1000000015
125569  -46.692  -41.255  53.099 0.1000000015
45598  -46.397  -41.693  52.242 0.1000000015
43846  -37.215  -43.421  52.557 0.1000000015
125348  -50.689  -40.354  47.335 0.1000000015
47402  -50.496  -39.733  46.297 0.1000000015
46565  -49.414  -40.415  47.026 0.1000000015
46556  -50.027  -40.613  47.473 0.1000000015
45660  -49.411  -41.736  49.686 0.1000000015
51014  -56.277  -35.376  42.577 0.1000000015
51964  -59.371  -34.428  42.558 0.1000000015
51930  -60.637  -33.703  45.647 0.1000000015
124622  -48.750  -41.482  51.343 0.1000000015
51031  -55.383  -35.475  41.202 0.1000000015
122820  -55.977  -35.422  40.624 0.1000000015
139950  -49.304  -40.203  53.101 0.1000000015
47284  -50.573  -39.316  54.966 0.1000000015
48167  -50.597  -38.390  55.958 0.1000000015
49047  -51.058  -37.865  55.582 0.1000000015
44699  -45.018  -41.770  50.770 0.1000000015
45609  -45.498  -41.297  51.151 0.1000000015
44697  -43.546  -42.323  50.222 0.1000000015
44672  -38.750  -42.898  51.568 0.1000000015
44673  -40.256  -42.709  50.559 0.1000000015
136704  -51.710  -38.562  45.090 0.1000000015
46564  -48.564  -40.541  47.321 0.1000000015
46540  -47.491  -40.431  48.742 0.1000000015
46554  -48.530  -40.825  47.995 0.1000000015
46541  -48.151  -40.962  48.733 0.1000000015
125731  -47.310  -39.432  49.967 0.1000000015
47363  -47.156  -39.869  49.238 0.1000000015
47340  -47.600  -39.711  50.664 0.1000000015
45659  -48.583  -41.537  49.902 0.1000000015
46523  -48.197  -41.219  49.461 0.1000000015
128016  -59.726  -33.844  44.139 0.1000000015
38297  -30.768  -48.907  51.940 0.1000000015
39185  -30.868  -48.654  51.091 0.1000000015
48201  -51.202  -37.749  55.068 0.1000000015
39184  -30.570  -48.100  51.663 0.1000000015
137370  -30.545  -47.170  51.333 0.1000000015
40139  -31.435  -47.324  49.788 0.1000000015
48183  -50.343  -37.669  55.452 0.1000000015
41073  -30.523  -46.101  52.310 0.1000000015
127838  -46.445  -39.941  52.616 0.1000000015
48211  -46.900  -38.351  52.707 0.1000000015
43006  -34.615  -45.090  51.281 0.1000000015
46480  -45.567  -40.491  51.266 0.1000000015
46466  -45.997  -40.099  51.963 0.1000000015
44690  -35.401  -42.623  51.061 0.1000000015
44719  -42.142  -42.392  49.837 0.1000000015
45631  -44.253  -41.552  50.214 0.1000000015
45658  -44.381  -40.680  49.965 0.1000000015
44693  -38.340  -42.298  51.041 0.1000000015
44718  -41.241  -42.499  49.951 0.1000000015
48306  -51.019  -38.745  45.095 0.1000000015
48319  -51.337  -38.195  44.479 0.1000000015
146726  -47.369  -38.747  49.920 0.1000000015
47341  -48.051  -39.105  51.296 0.1000000015
127650  -48.578  -39.378  52.004 0.1000000015
51977  -59.904  -34.564  41.842 0.1000000015
48214  -50.392  -37.735  53.508 0.1000000015
122983  -58.060  -35.195  40.653 0.1000000015
49058  -51.135  -37.409  55.225 0.1000000015
49960  -51.181  -36.626  54.743 0.1000000015
49056  -50.138  -37.038  54.896 0.1000000015
49958  -49.041  -37.021  53.962 0.1000000015
43005  -30.615  -44.276  51.635 0.1000000015
131602  -31.065  -43.997  50.623 0.1000000015
129528  -45.271  -39.996  50.754 0.1000000015
47339  -45.354  -39.121  51.041 0.1000000015
47321  -45.835  -39.253  51.901 0.1000000015
143834  -46.162  -39.624  52.239 0.1000000015
43844  -30.677  -43.559  51.315 0.1000000015
43859  -30.902  -43.443  50.821 0.1000000015
126860  -35.541  -41.028  50.413 0.1000000015
44692  -37.403  -42.139  51.263 0.1000000015
45653  -39.299  -41.373  49.479 0.1000000015
44694  -39.701  -42.093  49.936 0.1000000015
46521  -44.381  -39.910  49.760 0.1000000015
46520  -43.764  -40.392  49.513 0.1000000015
45655  -41.015  -41.696  49.402 0.1000000015
136420  -41.701  -41.907  49.527 0.1000000015
141476  -62.148  -33.747  43.125 0.1000000015
52855  -62.065  -33.504  43.800 0.1000000015
51035  -59.997  -34.909  41.141 0.1000000015
49973  -50.968  -35.970  54.379 0.1000000015
52011  -56.284  -34.470  38.638 0.1000000015
146225  -50.088  -35.864  54.002 0.1000000015
49972  -49.182  -36.296  53.580 0.1000000015
49086  -46.517  -37.661  52.300 0.1000000015
44687  -31.816  -42.759  50.429 0.1000000015
44688  -33.369  -42.276  50.310 0.1000000015
48236  -45.294  -38.175  51.032 0.1000000015
45623  -31.571  -41.965  50.796 0.1000000015
134287  -34.886  -40.621  50.284 0.1000000015
45626  -34.748  -41.338  50.419 0.1000000015
45651  -37.622  -40.909  49.745 0.1000000015
125256  -44.353  -39.004  49.685 0.1000000015
46478  -31.783  -40.614  51.316 0.1000000015
45629  -37.955  -41.679  50.394 0.1000000015
46515  -38.972  -40.679  49.027 0.1000000015
46538  -40.657  -40.105  48.533 0.1000000015
146099  -40.114  -40.113  48.552 0.1000000015
46517  -40.862  -40.935  48.889 0.1000000015
46516  -39.635  -40.876  48.990 0.1000000015
47379  -42.919  -39.284  48.801 0.1000000015
51979  -61.975  -34.543  41.739 0.1000000015
51952  -62.925  -33.880  43.442 0.1000000015
51953  -63.751  -34.010  43.913 0.1000000015
51072  -58.472  -35.475  39.209 0.1000000015
51052  -59.531  -35.243  40.506 0.1000000015
52015  -56.686  -33.860  38.007 0.1000000015
49114  -45.312  -37.332  51.001 0.1000000015
49151  -43.100  -37.326  48.882 0.1000000015
140920  -43.643  -38.753  49.192 0.1000000015
144198  -44.097  -38.458  49.476 0.1000000015
48256  -44.448  -38.182  49.809 0.1000000015
49113  -44.848  -37.751  50.439 0.1000000015
46493  -32.781  -40.492  50.635 0.1000000015
133723  -34.189  -40.728  50.370 0.1000000015
47377  -41.246  -39.492  48.414 0.1000000015
137033  -40.025  -39.508  48.388 0.1000000015
128027  -41.276  -38.684  48.270 0.1000000015
48273  -42.832  -38.281  48.712 0.1000000015
46494  -33.533  -40.025  50.548 0.1000000015
127043  -38.188  -40.384  49.113 0.1000000015
46536  -38.703  -39.895  48.688 0.1000000015
123810  -60.244  -35.560  39.884 0.1000000015
51980  -63.282  -34.700  41.706 0.1000000015
51085  -59.106  -35.664  38.649 0.1000000015
52892  -56.535  -33.145  37.849 0.1000000015
55471  -55.191  -30.410  39.318 0.1000000015
130431  -44.269  -36.667  49.840 0.1000000015
50025  -43.693  -36.127  49.573 0.1000000015
47320  -32.910  -39.033  51.252 0.1000000015
47335  -33.280  -39.293  50.763 0.1000000015
48233  -34.411  -38.358  50.590 0.1000000015
49128  -35.638  -37.676  49.974 0.1000000015
47358  -35.568  -39.039  49.681 0.1000000015
47359  -36.236  -38.836  49.369 0.1000000015
48253  -36.636  -38.250  49.239 0.1000000015
47360  -36.875  -39.025  49.028 0.1000000015
47373  -37.653  -39.061  48.736 0.1000000015
49146  -37.838  -37.942  48.792 0.1000000015
48269  -38.809  -38.457  48.291 0.1000000015
48271  -40.849  -37.921  48.094 0.1000000015
131595  -39.599  -38.642  48.194 0.1000000015
143174  -41.530  -37.376  48.370 0.1000000015
51038  -63.752  -35.143  41.096 0.1000000015
51981  -63.974  -34.996  41.704 0.1000000015
133251  -58.426  -35.001  37.600 0.1000000015
52016  -57.346  -34.086  37.675 0.1000000015
52895  -57.685  -33.392  37.248 0.1000000015
53738  -56.844  -32.557  37.633 0.1000000015
53739  -57.437  -32.662  37.341 0.1000000015
55472  -56.039  -30.075  38.991 0.1000000015
54583  -56.653  -31.757  37.810 0.1000000015
50006  -38.331  -36.890  50.302 0.1000000015
50951  -41.239  -35.677  48.803 0.1000000015
49110  -34.577  -37.615  51.006 0.1000000015
50949  -39.858  -35.969  49.132 0.1000000015
50042  -39.381  -36.758  48.661 0.1000000015
49147  -39.534  -37.399  48.197 0.1000000015
133187  -40.037  -36.796  48.325 0.1000000015
49148  -40.203  -37.417  48.093 0.1000000015
50044  -41.535  -36.562  48.556 0.1000000015
50045  -42.459  -36.686  48.750 0.1000000015
50021  -37.209  -37.318  49.595 0.1000000015
50041  -38.626  -37.624  48.474 0.1000000015
140514  -39.255  -37.976  48.085 0.1000000015
50130  -62.609  -36.207  38.934 0.1000000015
50149  -61.142  -36.319  37.709 0.1000000015
126795  -60.191  -35.824  36.868 0.1000000015
54588  -58.366  -31.957  36.971 0.1000000015
55475  -57.436  -30.145  38.054 0.1000000015
55479  -58.111  -30.463  37.602 0.1000000015
56323  -56.670  -29.441  39.734 0.1000000015
130430  -56.332  -29.175  40.538 0.1000000015
56312  -56.067  -28.810  41.248 0.1000000015
50004  -36.563  -36.999  50.158 0.1000000015
124208  -38.042  -37.142  49.612 0.1000000015
50022  -38.601  -37.042  49.003 0.1000000015
51090  -61.025  -36.208  36.919 0.1000000015
50172  -61.198  -36.154  36.058 0.1000000015
52899  -59.769  -33.498  36.181 0.1000000015
52898  -59.052  -33.444  36.518 0.1000000015
54589  -59.193  -31.761  36.685 0.1000000015
55480  -59.768  -30.646  36.886 0.1000000015
56320  -58.460  -28.585  40.587 0.1000000015
56329  -58.645  -29.707  38.050 0.1000000015
132337  -58.822  -28.811  39.739 0.1000000015
133218  -59.398  -29.076  38.941 0.1000000015
49212  -64.492  -37.085  41.671 0.1000000015
57264  -57.930  -27.869  42.068 0.1000000015
135810  -60.806  -32.707  35.384 0.1000000015
129413  -60.786  -35.589  35.629 0.1000000015
136348  -61.598  -30.766  35.964 0.1000000015
56331  -61.243  -28.707  39.005 0.1000000015
56338  -61.189  -29.277  38.064 0.1000000015
59038  -59.324  -26.332  42.201 0.1000000015
60025  -57.890  -25.494  42.182 0.1000000015
57271  -60.121  -27.621  41.201 0.1000000015
58158  -60.364  -26.979  41.492 0.1000000015
57276  -60.577  -28.006  40.582 0.1000000015
52921  -61.123  -34.266  34.516 0.1000000015
58174  -62.823  -27.629  37.684 0.1000000015
57284  -63.187  -28.281  37.390 0.1000000015
125531  -63.386  -28.123  36.648 0.1000000015
58196  -63.129  -27.487  36.436 0.1000000015
124811  -62.484  -27.340  37.633 0.1000000015
58181  -62.315  -27.237  36.662 0.1000000015
55496  -63.306  -29.631  36.089 0.1000000015
55486  -63.029  -29.641  36.979 0.1000000015
56340  -62.750  -29.171  37.668 0.1000000015
54604  -62.570  -30.815  35.060 0.1000000015
55494  -62.191  -30.578  35.838 0.1000000015
54603  -61.651  -31.188  35.470 0.1000000015
53756  -61.395  -32.016  35.087 0.1000000015
53772  -61.766  -32.142  34.424 0.1000000015
52912  -61.329  -32.745  34.676 0.1000000015
58166  -61.788  -26.992  39.495 0.1000000015
58161  -61.288  -26.756  40.144 0.1000000015
59060  -59.568  -26.849  38.352 0.1000000015
122916  -62.492  -27.712  38.487 0.1000000015
57280  -62.242  -27.987  39.188 0.1000000015
56332  -62.425  -28.633  38.417 0.1000000015
126674  -62.723  -30.098  36.451 0.1000000015
55482  -61.760  -29.777  37.453 0.1000000015
55483  -62.437  -29.750  37.244 0.1000000015
60033  -57.672  -25.966  40.225 0.1000000015
59040  -58.577  -26.119  40.914 0.1000000015
59053  -60.063  -26.694  39.561 0.1000000015
58162  -61.701  -27.062  40.438 0.1000000015
59042  -61.290  -26.870  40.828 0.1000000015
57279  -61.736  -28.097  39.669 0.1000000015
58163  -61.717  -27.472  40.084 0.1000000015
60029  -57.800  -25.649  41.300 0.1000000015
123843  -59.976  -26.605  41.879 0.1000000015
57272  -61.054  -27.326  40.911 0.1000000015
49259  -64.174  -38.231  36.461 0.1000000015
58170  -59.110  -27.021  37.306 0.1000000015
58179  -59.689  -27.187  36.634 0.1000000015
58180  -60.695  -27.238  36.641 0.1000000015
58195  -61.958  -27.287  35.797 0.1000000015
58194  -60.848  -27.409  35.757 0.1000000015
56352  -63.502  -29.206  35.168 0.1000000015
57292  -63.059  -27.594  35.000 0.1000000015
129392  -63.443  -28.297  35.079 0.1000000015
54635  -63.329  -31.827  33.381 0.1000000015
55508  -63.298  -30.558  34.023 0.1000000015
53773  -62.410  -31.908  33.882 0.1000000015
139427  -63.087  -30.523  34.759 0.1000000015
53788  -61.908  -32.631  33.895 0.1000000015
52042  -61.528  -34.958  34.005 0.1000000015
51123  -61.953  -35.710  33.383 0.1000000015
59052  -58.805  -26.651  39.007 0.1000000015
57302  -63.172  -28.206  34.300 0.1000000015
56360  -63.371  -29.710  34.099 0.1000000015
55519  -63.503  -30.596  33.119 0.1000000015
57314  -62.941  -28.554  33.448 0.1000000015
56369  -63.327  -29.774  33.190 0.1000000015
123117  -62.505  -34.080  32.834 0.1000000015
53789  -62.854  -32.548  33.399 0.1000000015
60036  -56.179  -25.914  38.954 0.1000000015
59044  -57.153  -26.122  39.253 0.1000000015
146490  -56.183  -25.149  40.639 0.1000000015
59051  -57.706  -26.506  38.575 0.1000000015
55532  -63.746  -30.825  31.935 0.1000000015
56399  -63.732  -30.125  31.463 0.1000000015
144840  -63.665  -30.771  32.485 0.1000000015
56382  -63.275  -29.654  32.068 0.1000000015
54636  -63.836  -31.843  32.760 0.1000000015
54650  -63.787  -31.453  32.204 0.1000000015
146264  -63.220  -33.967  32.218 0.1000000015
54673  -63.883  -31.245  30.464 0.1000000015
55546  -63.975  -30.613  30.997 0.1000000015
56398  -63.285  -29.650  31.158 0.1000000015
129314  -63.823  -32.030  32.039 0.1000000015
130829  -57.858  -26.742  36.233 0.1000000015
59073  -57.224  -26.496  35.537 0.1000000015
136949  -59.191  -27.238  35.844 0.1000000015
59074  -58.278  -26.868  35.647 0.1000000015
134631  -60.500  -27.703  34.894 0.1000000015
58193  -59.757  -27.516  35.339 0.1000000015
59057  -56.409  -26.361  37.415 0.1000000015
59056  -55.833  -26.027  37.346 0.1000000015
134608  -57.014  -26.601  36.629 0.1000000015
57311  -59.596  -28.273  33.576 0.1000000015
57312  -60.634  -28.433  33.607 0.1000000015
58205  -59.406  -27.801  34.396 0.1000000015
57301  -61.426  -27.859  34.402 0.1000000015
57313  -61.891  -28.427  33.609 0.1000000015
60882  -54.984  -24.907  39.237 0.1000000015
60885  -54.925  -25.007  38.292 0.1000000015
56380  -61.472  -29.313  32.048 0.1000000015
56397  -62.080  -29.550  31.233 0.1000000015
48359  -64.091  -38.816  39.622 0.1000000015
48348  -63.334  -38.958  40.673 0.1000000015
59088  -57.237  -26.424  34.549 0.1000000015
60076  -56.359  -25.381  34.757 0.1000000015
59072  -56.395  -25.917  35.443 0.1000000015
59089  -57.927  -26.797  34.228 0.1000000015
60089  -56.574  -25.201  33.892 0.1000000015
61795  -56.135  -23.274  35.755 0.1000000015
60912  -55.921  -24.727  35.074 0.1000000015
61794  -55.584  -23.985  36.281 0.1000000015
60055  -55.570  -25.290  36.099 0.1000000015
60056  -55.831  -25.332  35.503 0.1000000015
131081  -57.895  -26.728  34.961 0.1000000015
58204  -58.510  -27.365  33.945 0.1000000015
137094  -56.141  -26.181  36.702 0.1000000015
61783  -55.458  -23.567  37.140 0.1000000015
124873  -55.185  -24.989  37.390 0.1000000015
57323  -58.927  -28.260  32.722 0.1000000015
57324  -59.927  -28.702  32.846 0.1000000015
60889  -54.868  -24.209  37.854 0.1000000015
48378  -64.305  -38.795  37.819 0.1000000015
48365  -63.188  -39.174  38.897 0.1000000015
61807  -56.271  -23.469  34.954 0.1000000015
62671  -56.709  -22.582  36.091 0.1000000015
130414  -56.563  -22.386  36.635 0.1000000015
62672  -57.243  -21.965  36.422 0.1000000015
60940  -56.592  -24.347  33.625 0.1000000015
59126  -57.938  -26.820  32.474 0.1000000015
59109  -57.852  -26.855  33.384 0.1000000015
139620  -56.916  -25.738  33.536 0.1000000015
60090  -56.993  -25.003  33.102 0.1000000015
132507  -58.712  -28.209  31.562 0.1000000015
59143  -58.257  -26.741  31.568 0.1000000015
64304  -60.281  -20.441  37.327 0.1000000015
128508  -61.149  -20.445  37.713 0.1000000015
141795  -58.385  -21.238  36.354 0.1000000015
130183  -57.826  -21.507  36.536 0.1000000015
62695  -56.680  -22.966  34.370 0.1000000015
62681  -56.691  -22.764  35.276 0.1000000015
63454  -57.883  -21.771  35.094 0.1000000015
63445  -57.885  -21.657  35.983 0.1000000015
62708  -57.303  -22.534  33.847 0.1000000015
62682  -57.310  -22.201  35.665 0.1000000015
61829  -56.907  -23.367  33.463 0.1000000015
142327  -58.404  -26.013  31.153 0.1000000015
144614  -58.541  -27.967  31.005 0.1000000015
63470  -58.591  -21.386  34.210 0.1000000015
122307  -60.147  -20.555  35.800 0.1000000015
62714  -57.668  -22.726  33.009 0.1000000015
61837  -58.205  -22.947  32.319 0.1000000015
58230  -58.640  -27.681  30.458 0.1000000015
59181  -59.481  -26.510  29.169 0.1000000015
60129  -59.669  -26.122  27.846 0.1000000015
59214  -58.404  -26.858  26.729 0.1000000015
57407  -58.172  -27.959  26.048 0.1000000015
59231  -56.496  -27.658  26.020 0.1000000015
144267  -57.861  -27.386  26.241 0.1000000015
58285  -55.780  -28.101  25.820 0.1000000015
64331  -61.062  -20.336  36.007 0.1000000015
62715  -58.476  -22.233  32.673 0.1000000015
61842  -58.741  -23.076  31.619 0.1000000015
62716  -59.254  -21.814  32.233 0.1000000015
60955  -59.527  -23.930  30.642 0.1000000015
62731  -60.059  -22.736  30.789 0.1000000015
60963  -60.758  -24.345  28.931 0.1000000015
60130  -60.318  -25.231  27.872 0.1000000015
60976  -60.862  -24.462  27.753 0.1000000015
60140  -58.882  -25.837  27.273 0.1000000015
60141  -59.683  -25.573  27.649 0.1000000015
59213  -56.313  -26.799  26.714 0.1000000015
59212  -55.315  -26.725  26.858 0.1000000015
125328  -59.885  -24.385  27.233 0.1000000015
123470  -58.571  -25.098  27.441 0.1000000015
60980  -59.103  -24.527  27.341 0.1000000015
63491  -59.842  -21.159  32.637 0.1000000015
63500  -60.124  -21.538  31.803 0.1000000015
62732  -60.733  -22.679  30.053 0.1000000015
62737  -61.445  -23.197  29.084 0.1000000015
32687  -32.858  -55.365  61.639 0.1000000015
33582  -27.588  -54.422  64.457 0.1000000015
34600  -30.709  -53.626  61.583 0.1000000015
35506  -26.875  -52.345  63.343 0.1000000015
35588  -35.462  -51.840  51.867 0.1000000015
37259  -32.870  -50.852  73.153 0.8999999762
37327  -25.937  -51.055  63.364 0.1000000015
38247  -31.847  -49.096  55.366 0.2000000030
38962  -33.287  -49.105  76.957 0.8000000119
39908  -29.852  -47.851  72.204 0.8000000119
39911  -40.998  -47.008  72.912 1.0000000000
39912  -41.441  -46.853  72.732 1.0000000000
39913  -41.894  -46.749  72.478 1.0000000000
40000  -28.221  -47.385  63.348 0.1000000015
40751  -23.527  -46.465  83.397 0.1000000015
40791  -32.562  -47.433  78.245 0.6000000238
40843  -29.608  -46.421  72.482 0.8000000119
40890  -44.397  -46.557  69.554 1.0000000000
40923  -25.268  -45.853  65.866 0.4000000060
40930  -46.242  -45.872  66.387 1.0000000000
40942  -45.243  -45.930  65.422 1.0000000000
40961  -26.834  -46.643  63.639 0.1000000015
41713  -22.232  -44.831  82.483 0.1000000015
41816  -26.851  -44.402  70.814 0.5000000000
41819  -33.807  -45.740  72.174 0.8999999762
41890  -46.548  -45.814  67.120 1.0000000000
41911  -26.082  -45.411  65.440 0.1000000015
41916  -45.657  -45.773  65.159 1.0000000000
41931  -44.749  -45.613  64.273 1.0000000000
41944  -45.924  -45.217  64.118 1.0000000000
41950  -42.912  -44.794  62.384 1.0000000000
41953  -44.877  -45.253  63.072 1.0000000000
42029  -37.326  -46.039  53.635 0.1000000015
42814  -39.203  -44.904  68.323 1.0000000000
42847  -40.112  -44.264  65.521 1.0000000000
42856  -32.934  -44.938  64.620 0.8000000119
42897  -39.018  -44.023  61.040 1.0000000000
42952  -31.823  -44.266  56.170 0.2000000030
42970  -31.559  -44.252  54.650 0.2000000030
43665  -48.974  -42.926  67.810 0.6999999881
43669  -49.138  -43.224  67.212 0.8999999762
43681  -48.751  -43.491  65.376 1.0000000000
43726  -44.050  -43.903  61.659 1.0000000000
43738  -40.184  -43.908  60.150 1.0000000000
43753  -42.348  -43.218  60.024 1.0000000000
43822  -30.786  -44.178  53.119 0.1000000015
43865  -41.965  -43.310  50.846 0.1000000015
44542  -50.253  -42.169  65.317 1.0000000000
44574  -43.171  -42.348  59.740 0.8999999762
44579  -33.626  -41.827  59.102 0.5000000000
44602  -31.473  -42.379  56.810 0.2000000030
44676  -49.715  -42.250  51.765 0.1000000015
45506  -44.041  -41.463  59.647 0.8999999762
45634  -48.340  -41.301  50.642 0.1000000015
45674  -48.794  -41.423  49.166 0.1000000015
46239  -48.096  -40.285  71.093 0.6000000238
46498  -44.809  -40.200  50.244 0.1000000015
46499  -47.771  -40.605  50.560 0.1000000015
46542  -49.021  -41.192  48.386 0.1000000015
47215  -47.838  -38.847  61.606 1.0000000000
47380  -47.053  -39.911  48.305 0.1000000015
47406  -54.017  -38.998  46.823 0.1000000015
47412  -46.796  -39.075  46.079 0.2000000030
48184  -51.120  -37.972  55.561 0.1000000015
48275  -46.763  -38.523  48.807 0.1000000015
48291  -46.284  -38.572  46.524 0.2000000030
48307  -52.304  -38.722  45.454 0.1000000015
49017  -47.675  -37.730  60.411 0.8999999762
49026  -47.110  -36.785  59.056 0.8999999762
49176  -45.661  -37.451  45.743 0.3000000119
49183  -45.535  -37.158  44.981 0.3000000119
50082  -45.502  -36.486  44.358 0.3000000119
50091  -45.473  -35.849  43.855 0.3000000119
50897  -51.313  -35.462  53.681 0.1000000015
50966  -60.507  -34.958  47.698 0.1000000015
50984  -45.131  -35.188  44.281 0.3000000119
51023  -47.860  -34.628  41.752 0.3000000119
51940  -64.487  -34.601  44.279 0.1000000015
51946  -45.187  -34.392  43.794 0.3000000119
52686  -54.554  -33.701  61.703 0.4000000060
52896  -58.329  -33.426  36.839 0.1000000015
53677  -54.523  -32.229  48.126 0.6999999881
53689  -46.200  -32.337  45.445 0.4000000060
53699  -45.495  -32.004  43.429 0.4000000060
53715  -46.697  -32.513  41.816 0.3000000119
53790  -63.672  -32.445  33.020 0.1000000015
53803  -63.763  -32.640  32.424 0.1000000015
54544  -45.538  -31.448  43.734 0.4000000060
54563  -46.383  -31.919  41.937 0.3000000119
54584  -57.306  -31.925  37.474 0.1000000015
54591  -61.054  -31.019  36.053 0.1000000015
55310  -57.005  -29.512  56.505 0.5000000000
55341  -56.753  -29.695  55.303 0.6000000238
55409  -56.159  -30.621  48.771 0.6999999881
55434  -45.878  -30.328  43.519 0.4000000060
55495  -62.985  -30.307  35.576 0.1000000015
55560  -64.024  -30.571  30.206 0.1000000015
56168  -57.942  -29.008  55.354 0.6999999881
56185  -46.815  -29.910  52.731 0.5000000000
56236  -58.112  -28.780  50.814 0.8999999762
56246  -48.737  -29.563  50.834 0.6999999881
56253  -56.837  -29.629  50.510 0.8000000119
56254  -57.619  -29.250  50.182 0.8999999762
56261  -56.811  -29.830  49.027 0.8999999762
56270  -55.117  -30.285  47.787 0.6999999881
56272  -56.261  -29.137  48.453 0.8999999762
56279  -52.069  -30.341  47.055 0.6999999881
56304  -48.085  -29.332  41.684 0.3000000119
56306  -48.753  -29.220  41.513 0.2000000030
56307  -49.498  -29.423  41.318 0.2000000030
56309  -52.415  -29.285  41.376 0.2000000030
56333  -62.705  -28.618  38.058 0.1000000015
56334  -62.948  -28.221  37.885 0.1000000015
56339  -62.187  -29.270  38.025 0.1000000015
56341  -63.008  -28.733  37.662 0.1000000015
56368  -63.180  -29.337  32.867 0.1000000015
57178  -59.056  -27.688  54.437 0.6999999881
57185  -59.062  -27.439  53.600 0.6999999881
57198  -58.457  -28.059  50.536 0.8999999762
57206  -57.926  -28.078  49.235 0.8999999762
57215  -53.036  -28.159  47.590 0.8999999762
57252  -54.382  -28.002  42.215 0.2000000030
57253  -55.364  -27.773  42.358 0.1000000015
57266  -59.621  -27.291  41.978 0.1000000015
57269  -58.208  -28.267  41.399 0.1000000015
57270  -59.159  -28.000  41.378 0.1000000015
57273  -61.541  -27.179  40.665 0.1000000015
57293  -63.352  -27.749  35.791 0.1000000015
57315  -63.276  -28.917  33.677 0.1000000015
57327  -62.957  -29.134  32.678 0.1000000015
57940  -57.527  -27.146  60.904 0.2000000030
57962  -58.414  -26.936  59.252 0.4000000060
57990  -58.646  -27.018  57.109 0.4000000060
58049  -59.283  -27.045  54.871 0.6000000238
58076  -58.991  -27.105  52.669 0.8000000119
58103  -50.833  -27.768  47.525 1.0000000000
58140  -51.372  -27.026  42.226 0.2000000030
58141  -52.197  -26.950  42.305 0.2000000030
58145  -58.487  -26.732  42.767 0.1000000015
58156  -59.681  -26.712  42.264 0.1000000015
58159  -61.316  -27.027  41.000 0.1000000015
58167  -62.823  -27.906  38.106 0.1000000015
58175  -63.017  -27.885  37.705 0.1000000015
58183  -63.110  -27.688  37.141 0.1000000015
58815  -56.700  -26.548  61.922 0.2000000030
58879  -59.018  -26.035  57.256 0.2000000030
58907  -59.061  -26.393  56.029 0.4000000060
58963  -58.448  -26.270  52.221 0.6000000238
58964  -58.792  -26.458  52.778 0.6000000238
58971  -57.844  -26.514  51.093 0.8999999762
58972  -58.335  -26.575  51.561 0.8000000119
58979  -57.058  -26.768  49.828 0.8999999762
58980  -57.792  -26.884  50.338 0.8999999762
58987  -56.614  -26.843  49.337 1.0000000000
59035  -57.247  -25.895  42.917 0.1000000015
59050  -56.710  -26.289  38.271 0.1000000015
59839  -58.752  -25.468  57.264 0.2000000030
59840  -58.917  -25.888  56.634 0.3000000119
59867  -57.858  -25.252  55.552 0.3000000119
59906  -57.936  -25.545  53.866 0.5000000000
59958  -56.517  -26.210  50.155 0.8999999762
59977  -54.600  -25.612  48.822 1.0000000000
59978  -55.210  -25.940  48.885 1.0000000000
59985  -53.478  -25.932  48.198 1.0000000000
60013  -49.405  -25.769  42.396 0.3000000119
60018  -53.926  -25.231  42.421 0.2000000030
60019  -55.583  -25.469  42.561 0.2000000030
60035  -55.445  -25.539  38.626 0.1000000015
60041  -55.614  -25.562  36.829 0.1000000015
60042  -55.906  -25.802  36.067 0.1000000015
60733  -58.087  -24.719  58.105 0.2000000030
60839  -46.683  -24.726  46.327 0.8000000119
60864  -50.513  -24.909  41.955 0.2000000030
61745  -46.470  -23.397  45.317 0.6000000238
61754  -46.703  -23.438  43.363 0.5000000000
61755  -46.989  -23.097  42.716 0.6000000238
61762  -51.657  -23.437  41.308 0.2000000030
61806  -55.828  -24.056  35.396 0.1000000015
62602  -47.521  -22.437  47.264 0.8000000119
62615  -47.176  -22.431  45.938 0.6999999881
62627  -47.485  -22.286  43.518 0.6000000238
63353  -49.583  -21.300  50.073 0.6999999881
63387  -48.329  -21.369  45.436 0.6999999881
63398  -49.902  -20.786  42.976 0.4000000060
64088  -51.264  -20.478  56.948 0.3000000119
64099  -55.787  -20.029  55.888 0.3000000119
64127  -57.948  -19.336  53.617 0.4000000060
64176  -48.916  -21.080  47.993 0.6999999881
64200  -59.383  -19.620  47.608 0.4000000060
64201  -60.920  -19.763  47.254 0.4000000060
64223  -61.594  -19.915  46.493 0.4000000060
64231  -51.691  -20.267  45.591 0.6000000238
64247  -53.003  -19.815  45.119 0.6000000238
64261  -53.054  -20.010  40.952 0.4000000060
64262  -63.491  -20.318  41.573 0.2000000030
64278  -64.321  -20.219  39.318 0.1000000015
64314  -58.850  -20.907  36.784 0.1000000015
64963  -54.415  -19.953  56.642 0.3000000119
64973  -51.912  -19.316  56.315 0.2000000030
64975  -56.549  -19.239  55.364 0.3000000119
64988  -58.207  -18.772  54.211 0.3000000119
65082  -62.626  -19.879  45.891 0.1000000015
65101  -59.738  -19.420  45.068 0.4000000060
65135  -61.946  -19.578  40.450 0.1000000015
65852  -55.987  -19.043  56.000 0.3000000119
65903  -61.948  -17.990  50.074 0.2000000030
65945  -56.834  -18.548  43.292 0.5000000000
65946  -57.431  -18.697  43.638 0.5000000000
65955  -57.586  -18.125  43.044 0.5000000000
65973  -56.542  -17.958  40.058 0.5000000000
65991  -59.287  -18.521  39.577 0.4000000060
66753  -56.298  -18.417  55.409 0.3000000119
66761  -53.677  -17.817  54.351 0.2000000030
66764  -58.280  -18.325  54.291 0.3000000119
66823  -62.335  -17.207  49.858 0.1000000015
66880  -56.264  -17.759  40.755 0.4000000060
67683  -60.819  -16.466  51.255 0.1000000015
122079  -56.328  -20.094  54.282 0.4000000060
122359  -51.067  -20.411  48.110 0.6000000238
122461  -39.841  -44.408  60.833 1.0000000000
122477  -58.318  -25.634  54.286 0.5000000000
122806  -58.619  -27.469  57.999 0.5000000000
123058  -63.736  -31.188  32.634 0.1000000015
123435  -55.315  -24.354  37.056 0.1000000015
123525  -53.507  -19.797  45.945 0.6000000238
124432  -30.778  -47.368  75.357 0.8000000119
125543  -59.792  -19.638  47.036 0.4000000060
125653  -56.209  -19.387  44.453 0.5000000000
125797  -63.290  -30.004  34.987 0.1000000015
126392  -39.571  -41.207  57.581 0.5000000000
126507  -61.424  -27.072  38.439 0.1000000015
126819  -46.562  -27.037  46.257 0.6999999881
126929  -46.681  -31.212  45.757 0.4000000060
127324  -49.667  -41.819  68.122 0.6999999881
128162  -43.114  -46.604  70.375 1.0000000000
128311  -56.777  -27.965  61.984 0.2000000030
128788  -56.184  -19.534  48.258 0.6000000238
128836  -64.259  -34.190  44.317 0.1000000015
128925  -55.335  -31.342  49.101 0.6999999881
129522  -50.759  -21.047  56.951 0.1000000015
129613  -58.484  -26.059  52.872 0.6000000238
130024  -46.348  -34.529  42.386 0.3000000119
130208  -51.032  -41.620  66.520 0.6999999881
130586  -46.333  -30.116  42.808 0.4000000060
133617  -53.584  -26.179  42.429 0.2000000030
134061  -58.078  -25.750  53.028 0.5000000000
134139  -47.875  -23.101  42.511 0.5000000000
134154  -54.748  -25.154  42.341 0.2000000030
134373  -46.006  -39.382  71.631 0.2000000030
134819  -28.071  -49.163  62.115 0.1000000015
134876  -45.995  -29.004  44.798 0.6000000238
135704  -46.954  -25.745  43.394 0.5000000000
136553  -51.389  -33.087  40.494 0.2000000030
137455  -25.107  -45.450  67.423 0.5000000000
137606  -58.266  -26.021  42.524 0.1000000015
137650  -46.588  -22.900  44.860 0.6000000238
138261  -46.835  -38.533  60.290 0.8999999762
138552  -46.473  -41.084  62.264 1.0000000000
138632  -53.590  -18.051  55.062 0.2000000030
139231  -64.189  -37.276  38.223 0.1000000015
139393  -56.566  -20.083  51.898 0.4000000060
139519  -27.529  -41.926  73.194 0.1000000015
140296  -54.807  -32.086  48.202 0.6999999881
140531  -50.178  -37.682  43.684 0.1000000015
140832  -51.249  -19.121  55.807 0.2000000030
140991  -32.078  -51.320  73.571 0.8000000119
141167  -29.388  -47.961  64.977 0.3000000119
141468  -50.974  -42.585  51.458 0.1000000015
142195  -59.674  -26.383  41.529 0.1000000015
142792  -62.842  -27.263  35.880 0.1000000015
143005  -58.711  -27.679  52.086 0.8000000119
143109  -38.448  -41.043  77.361 0.3000000119
143402  -41.086  -46.151  70.134 1.0000000000
143942  -63.929  -17.514  44.827 0.1000000015
144723  -58.011  -29.882  37.995 0.1000000015
144746  -52.545  -26.565  47.712 1.0000000000
144980  -57.907  -18.267  54.606 0.3000000119
145049  -49.676  -35.935  60.182 0.8999999762
145743  -47.640  -38.973  45.090 0.2000000030
145852  -55.506  -29.020  63.033 0.1000000015
145920  -60.033  -27.341  36.041 0.1000000015
145988  -47.546  -23.652  42.623 0.5000000000
146170  -41.951  -37.038  48.532 0.1000000015
146280  -33.966  -49.094  63.267 0.3000000119
146296  -28.734  -49.063  62.335 0.1000000015
146421  -31.576  -42.153  57.331 0.2000000030
146510  -49.368  -29.273  46.858 0.6000000238
146692  -56.587  -27.792  48.631 0.8999999762
146848  -56.430  -19.663  46.174 0.6000000238
146863  -58.206  -17.921  39.863 0.5000000000
146980  -33.517  -46.356  72.321 0.8999999762
147049  -27.703  -44.196  75.546 0.8000000119
