#!ascii label  , from subject sub-v1s8x0051339_ses-1 vox2ras=TkReg
5057
142988  52.194  20.707  56.979 0.8999999762
98854  52.810  21.311  54.890 0.8999999762
98855  52.683  21.073  54.809 0.8999999762
99560  52.264  21.313  56.481 0.8999999762
98841  52.436  21.036  55.628 0.8999999762
98827  51.796  20.914  58.685 0.8000000119
99549  51.559  21.914  59.079 0.8000000119
99530  51.603  21.313  59.551 0.6999999881
98817  51.436  21.010  60.371 0.6000000238
98801  49.221  21.158  60.885 0.6000000238
98146  48.528  20.260  61.047 0.5000000000
98802  47.900  21.379  60.765 0.4000000060
99572  53.753  22.163  53.433 0.8999999762
139488  53.053  22.685  54.047 0.8999999762
99563  52.487  21.755  55.595 0.8999999762
100188  51.634  22.418  57.149 0.8999999762
99557  52.071  21.341  57.438 0.8999999762
99531  51.258  22.269  60.168 0.6000000238
148454  51.048  21.126  61.029 0.6000000238
98800  50.363  21.685  61.012 0.6000000238
98148  46.435  20.836  61.083 0.3000000119
98806  44.047  21.830  60.721 0.3000000119
128615  49.505  22.216  60.821 0.6000000238
99519  48.499  22.227  60.638 0.6000000238
98803  46.831  21.504  60.774 0.3000000119
98804  45.799  21.468  60.859 0.3000000119
99520  47.409  22.263  60.533 0.4000000060
99521  46.402  22.259  60.501 0.3000000119
134974  53.883  22.620  52.506 0.8999999762
100195  52.854  22.137  54.863 0.8999999762
100191  51.950  22.595  56.214 0.8999999762
99538  40.480  22.817  59.933 0.3000000119
99539  39.605  23.083  59.989 0.3000000119
100189  50.898  23.412  57.775 0.8999999762
100177  50.715  23.593  58.836 0.6999999881
98808  42.336  22.103  60.820 0.3000000119
99537  41.414  22.880  59.685 0.4000000060
100169  39.199  23.592  59.525 0.4000000060
99550  51.054  22.922  59.446 0.6000000238
143454  50.758  23.240  60.198 0.6000000238
99517  50.989  22.048  60.951 0.6000000238
99518  50.175  22.675  60.895 0.6000000238
98807  43.206  21.960  60.739 0.3000000119
125269  41.952  22.507  60.178 0.3000000119
100167  40.877  23.330  59.290 0.4000000060
100180  39.613  23.929  58.962 0.4000000060
100154  49.968  23.569  60.742 0.6000000238
149280  48.674  23.789  60.219 0.6000000238
99522  45.473  22.300  60.465 0.3000000119
99524  43.749  22.456  60.285 0.3000000119
99525  42.862  22.476  60.151 0.3000000119
99536  42.404  23.063  59.507 0.4000000060
125565  48.078  23.031  60.367 0.6000000238
100155  47.032  22.961  60.191 0.5000000000
99523  44.603  22.389  60.383 0.3000000119
99535  43.439  23.008  59.695 0.3000000119
100200  52.622  23.846  53.805 0.8999999762
139790  51.635  24.019  54.988 0.8999999762
100197  51.354  23.686  55.726 0.8999999762
100876  50.512  24.363  56.047 0.8999999762
100206  53.716  23.707  52.559 0.8999999762
148973  52.541  23.113  54.512 0.8999999762
100192  50.978  23.558  56.725 0.8999999762
137212  50.446  24.103  57.435 0.6999999881
100158  50.542  23.861  59.834 0.6000000238
100860  39.179  24.456  58.642 0.4000000060
101481  38.663  24.962  58.348 0.4000000060
100837  49.810  24.161  60.457 0.6000000238
100842  49.352  24.672  60.205 0.5000000000
100160  49.422  23.993  60.447 0.6000000238
129807  41.660  23.399  59.225 0.4000000060
100161  47.709  23.656  59.895 0.5000000000
99532  46.060  22.932  60.121 0.4000000060
99533  45.177  22.957  60.064 0.4000000060
99534  44.328  22.990  59.911 0.3000000119
100162  46.623  23.609  59.666 0.4000000060
141959  53.564  24.902  52.717 0.8999999762
135413  53.248  25.437  53.306 0.8999999762
100878  52.618  25.044  53.867 0.8999999762
100887  53.931  24.654  52.100 0.8999999762
100884  53.135  24.676  53.335 0.8999999762
100879  51.805  24.889  54.552 0.8999999762
100201  52.155  23.987  54.467 0.8999999762
100207  53.209  23.657  53.213 0.8999999762
101507  50.274  25.224  55.548 0.8000000119
101502  49.995  25.051  56.582 0.8000000119
100873  50.315  24.381  56.865 0.8999999762
101499  38.134  25.490  58.101 0.3000000119
100892  53.902  24.639  51.507 0.8999999762
135459  49.553  25.553  58.235 0.6000000238
100859  40.030  24.479  58.502 0.4000000060
100871  49.872  25.029  58.740 0.6000000238
100852  50.238  24.470  59.306 0.6000000238
100841  49.973  24.579  60.158 0.5000000000
100179  40.453  23.884  58.861 0.4000000060
101463  49.397  25.317  59.928 0.6000000238
100843  48.398  24.559  59.813 0.5000000000
100178  41.329  23.922  58.832 0.4000000060
147534  46.070  23.881  59.418 0.4000000060
100163  44.917  23.508  59.517 0.4000000060
100166  42.289  23.994  58.939 0.4000000060
103939  41.647  29.380  55.490 0.4000000060
103940  40.739  29.387  55.504 0.4000000060
142174  41.768  28.382  56.405 0.4000000060
103309  42.092  28.805  55.924 0.4000000060
103310  41.147  28.745  56.087 0.4000000060
103300  40.404  28.286  56.573 0.4000000060
102659  41.904  27.971  56.864 0.5000000000
102660  41.321  27.710  57.056 0.5000000000
101506  51.171  25.732  54.707 0.8999999762
102661  40.624  27.741  57.004 0.4000000060
102653  40.085  27.159  57.256 0.4000000060
102662  39.774  27.758  56.926 0.4000000060
101516  53.332  25.871  52.925 0.8999999762
102051  50.231  26.159  55.372 0.8999999762
102048  49.805  25.732  56.177 0.8000000119
102652  40.964  27.214  57.286 0.5000000000
102042  40.481  26.520  57.508 0.5000000000
102654  39.095  27.115  57.246 0.4000000060
100875  50.983  24.598  55.141 0.8000000119
101503  49.444  25.789  57.201 0.6999999881
102036  49.279  26.330  58.332 0.6000000238
102043  39.505  26.423  57.519 0.4000000060
101498  39.024  25.634  57.867 0.3000000119
102044  38.329  26.277  57.598 0.3000000119
101519  53.574  25.348  52.134 0.8999999762
101520  53.105  26.119  52.565 0.8999999762
101493  49.983  24.892  57.618 0.6999999881
101497  40.001  25.740  57.745 0.4000000060
101480  39.567  25.051  58.168 0.4000000060
100893  53.288  24.904  51.426 0.8999999762
101521  52.143  25.915  52.401 0.8999999762
101464  49.094  26.111  59.620 0.6000000238
137710  48.664  26.199  59.547 0.6000000238
101466  47.512  24.977  59.289 0.5000000000
101473  46.726  25.326  58.848 0.5000000000
100858  40.909  24.532  58.463 0.4000000060
100888  52.874  25.542  51.902 0.8999999762
100889  51.743  25.225  51.998 0.8999999762
100890  50.724  25.435  52.314 0.8999999762
100853  49.780  25.071  59.562 0.6000000238
100854  45.800  24.891  58.861 0.5000000000
100845  45.529  24.104  59.201 0.4000000060
100846  44.677  24.103  59.041 0.4000000060
100847  43.900  24.245  58.897 0.4000000060
100165  43.204  23.734  59.208 0.4000000060
129725  47.343  24.203  59.506 0.5000000000
100164  44.077  23.584  59.368 0.4000000060
131507  43.901  30.137  55.247 0.6000000238
104547  43.010  30.053  55.125 0.5000000000
103938  42.538  29.448  55.531 0.4000000060
103936  44.228  29.753  55.892 0.6000000238
103929  43.808  29.175  56.314 0.5000000000
103930  42.948  28.957  56.089 0.5000000000
103298  42.472  28.408  56.532 0.5000000000
102054  52.145  26.667  54.422 0.8999999762
102055  50.971  26.705  54.738 0.8999999762
102064  53.036  26.685  53.337 0.8999999762
102049  49.442  26.568  56.195 0.8999999762
102041  41.383  26.616  57.539 0.4000000060
102065  52.576  26.718  52.853 0.8999999762
134529  49.160  26.796  57.414 0.6000000238
102019  49.133  26.736  59.115 0.6000000238
101496  40.920  25.859  57.773 0.5000000000
102015  48.753  26.841  59.251 0.6000000238
102016  48.301  26.776  59.233 0.6000000238
102021  47.589  26.878  58.844 0.6000000238
138573  46.813  26.178  58.574 0.5000000000
101478  41.352  25.220  58.110 0.4000000060
102067  48.246  26.492  52.594 0.6000000238
101465  48.347  25.501  59.556 0.5000000000
101474  45.957  25.685  58.566 0.5000000000
101475  45.120  25.283  58.445 0.5000000000
100855  44.505  24.724  58.649 0.5000000000
100857  41.771  24.588  58.458 0.4000000060
135529  49.857  26.067  52.772 0.8000000119
149315  42.497  24.704  58.472 0.4000000060
130990  42.631  30.386  54.630 0.4000000060
103948  42.147  29.953  55.016 0.4000000060
103307  50.348  28.716  55.112 0.8999999762
127579  49.562  29.280  55.603 0.8999999762
103320  51.269  28.134  54.678 0.8999999762
141541  50.826  27.417  54.833 0.8999999762
102667  50.209  27.852  55.214 0.8999999762
103308  49.498  28.389  55.685 0.8999999762
103286  48.752  28.658  57.405 0.6999999881
103915  48.379  29.324  57.671 0.6999999881
126883  43.349  28.551  56.717 0.5000000000
102671  51.781  27.382  54.532 0.8999999762
140580  49.437  27.505  55.834 0.8999999762
141232  49.160  27.326  56.665 0.8000000119
103288  48.025  29.108  58.218 0.6000000238
103292  42.777  27.905  57.120 0.5000000000
130313  52.588  27.349  54.171 0.8999999762
102670  52.635  28.010  53.995 0.8999999762
103273  48.681  28.035  58.179 0.6000000238
103274  48.253  28.258  58.489 0.6000000238
103275  47.727  28.380  58.503 0.6000000238
102651  41.898  27.371  57.289 0.5000000000
102060  52.667  27.238  53.393 0.8999999762
102675  52.621  27.691  53.706 0.8999999762
140601  52.491  28.755  53.891 0.8999999762
102636  49.045  27.252  58.364 0.6000000238
102633  48.173  27.561  58.929 0.6000000238
127074  47.209  27.607  58.516 0.6000000238
102637  46.086  27.432  58.320 0.6000000238
102037  45.306  26.686  58.035 0.5000000000
102039  43.137  26.702  57.667 0.5000000000
101494  42.637  25.952  57.807 0.4000000060
102040  42.259  26.669  57.588 0.5000000000
103324  52.423  28.392  53.591 0.8999999762
143700  51.964  28.268  52.966 0.8999999762
102022  46.736  26.907  58.476 0.6000000238
102023  46.017  26.485  58.402 0.5000000000
135728  45.411  25.987  58.214 0.5000000000
102024  44.661  25.963  57.952 0.5000000000
102025  43.885  26.346  57.780 0.5000000000
101495  41.794  25.921  57.779 0.4000000060
102061  51.829  27.171  52.981 0.8999999762
102678  51.209  27.707  52.763 0.8999999762
143156  44.388  25.298  58.324 0.5000000000
145217  43.321  25.962  57.846 0.5000000000
134118  43.067  25.255  58.191 0.4000000060
101477  42.192  25.262  58.116 0.4000000060
102066  51.297  26.373  52.730 0.8999999762
102062  50.560  26.882  52.951 0.8999999762
126045  48.915  27.285  52.669 0.6999999881
100856  43.806  24.933  58.487 0.4000000060
132423  43.126  24.487  58.725 0.4000000060
104538  45.431  30.521  55.969 0.6000000238
104539  44.907  30.006  56.145 0.6000000238
149132  49.092  29.668  56.251 0.8999999762
103924  48.404  30.011  57.254 0.8000000119
104536  47.446  30.815  57.027 0.6999999881
103927  45.580  29.967  56.722 0.6000000238
103297  44.306  28.805  56.923 0.6000000238
128750  51.227  28.963  54.659 0.8999999762
103923  48.739  29.508  56.990 0.8000000119
103916  47.728  29.704  57.884 0.6000000238
103917  46.928  29.595  57.739 0.6000000238
103918  45.976  29.467  57.450 0.6000000238
103928  44.652  29.482  56.534 0.6000000238
103319  52.164  28.694  54.294 0.8999999762
127673  51.708  29.562  54.373 0.8999999762
103289  47.317  29.058  58.168 0.6000000238
138933  46.331  28.943  57.975 0.6000000238
147101  44.844  28.791  57.257 0.6000000238
103291  43.786  28.120  57.171 0.5000000000
103318  52.353  29.406  53.965 0.8999999762
130950  46.745  28.312  58.278 0.6000000238
144452  45.376  28.736  57.573 0.6000000238
129515  45.046  28.088  57.640 0.6000000238
102649  44.327  27.636  57.524 0.5000000000
102650  43.409  27.465  57.436 0.5000000000
139048  42.692  27.262  57.446 0.5000000000
103328  52.184  28.914  52.878 0.8999999762
104567  52.367  29.956  53.570 0.8999999762
103959  52.080  30.157  54.031 0.8999999762
102648  45.173  27.485  57.841 0.6000000238
102038  44.526  26.847  57.751 0.5000000000
135354  43.835  27.016  57.628 0.5000000000
129295  50.448  28.092  52.465 0.8999999762
103330  49.508  28.093  52.383 0.8000000119
103334  49.197  28.751  51.781 0.8000000119
103335  48.407  28.860  51.636 0.6999999881
103332  47.403  28.002  52.230 0.6000000238
139120  46.818  28.581  51.901 0.4000000060
102680  47.879  27.338  52.553 0.6000000238
102682  46.636  27.709  52.176 0.4000000060
104537  46.423  30.821  56.428 0.6000000238
104545  45.178  30.790  55.319 0.8000000119
103934  50.504  29.714  54.993 0.8999999762
103935  49.451  30.188  55.703 0.8999999762
104535  48.501  30.752  56.841 0.8000000119
142618  48.134  31.046  57.001 0.8000000119
104544  45.889  31.177  55.577 0.6999999881
105159  47.929  31.508  56.652 0.8000000119
105160  47.267  31.346  56.445 0.8999999762
125317  51.148  30.405  54.488 0.8999999762
105173  45.331  31.366  54.737 0.8999999762
105182  45.041  31.832  53.926 0.8999999762
103964  52.254  29.608  52.715 0.8999999762
104580  52.398  30.213  52.890 0.8999999762
104568  52.278  30.580  53.441 0.8999999762
104552  51.643  30.951  54.058 0.8999999762
142087  51.241  32.225  53.646 0.8999999762
105729  50.564  32.553  54.175 0.8999999762
105730  49.775  32.799  54.693 0.8999999762
103965  51.577  29.312  52.275 0.8999999762
103967  51.979  30.182  52.144 0.8999999762
138427  52.406  30.851  52.838 0.8999999762
105180  51.878  31.429  53.360 0.8999999762
105738  50.097  33.324  54.071 0.8999999762
103966  50.385  28.812  51.983 0.8000000119
105737  50.845  32.946  53.511 0.8999999762
103969  49.794  29.451  51.373 0.6999999881
103970  48.828  29.319  51.211 0.6999999881
103336  47.675  28.730  51.782 0.5000000000
103972  47.076  29.345  51.449 0.4000000060
103977  49.348  29.838  50.709 0.8000000119
104586  48.893  30.180  50.079 0.6999999881
103971  47.967  29.333  51.260 0.6000000238
103980  46.594  29.685  50.824 0.4000000060
103338  44.535  28.803  50.984 0.4000000060
104594  48.568  30.372  49.484 0.6000000238
103978  48.387  29.760  50.652 0.6999999881
103979  47.473  29.757  50.749 0.6999999881
103337  45.318  28.591  51.524 0.4000000060
103339  43.997  27.909  51.062 0.4000000060
103341  43.685  28.638  50.541 0.3000000119
104542  50.153  30.766  55.187 0.8999999762
105158  48.494  31.450  56.508 0.8999999762
105164  48.318  32.031  56.205 0.8999999762
105165  47.624  31.914  56.103 0.8999999762
105172  46.336  31.810  55.065 0.8999999762
105170  51.118  31.774  54.162 0.8999999762
105181  45.939  32.127  54.309 0.8999999762
144135  52.008  30.821  51.682 0.8999999762
105196  52.146  31.395  52.444 0.8999999762
105747  51.574  32.319  52.852 0.8999999762
137261  51.349  30.615  51.386 0.8999999762
105208  52.030  31.273  51.704 0.8999999762
133169  51.799  32.026  51.930 0.8999999762
105748  51.121  33.265  52.744 0.8999999762
106275  50.358  33.708  53.324 0.8999999762
104582  50.357  30.230  51.019 0.8000000119
138718  49.916  30.411  50.213 0.6999999881
103981  45.773  29.555  50.643 0.4000000060
103974  45.310  29.182  51.049 0.4000000060
104593  49.426  30.509  49.462 0.6999999881
104595  47.238  30.209  49.491 0.4000000060
103987  46.263  29.769  50.117 0.3000000119
103988  45.564  29.876  49.850 0.4000000060
103982  44.952  29.522  50.419 0.4000000060
140640  47.897  30.394  49.153 0.6000000238
104553  50.723  31.265  54.653 0.8999999762
104554  49.954  31.547  55.262 0.8999999762
104543  49.218  31.221  56.044 0.8999999762
105163  48.867  31.975  56.107 0.8999999762
105723  48.726  32.480  55.663 0.8999999762
148200  49.410  32.215  55.458 0.8999999762
135159  49.099  32.962  55.068 0.8999999762
105724  48.025  32.459  55.617 0.8999999762
105733  46.822  32.472  54.640 0.8999999762
106276  49.546  33.926  53.817 0.8999999762
105741  45.655  32.420  53.536 0.8999999762
106284  49.776  34.372  53.008 0.8999999762
106856  48.736  35.349  51.838 0.8000000119
104585  50.995  30.950  50.396 0.8000000119
104584  51.633  31.242  51.080 0.8999999762
138624  51.659  32.717  51.460 0.8999999762
105764  51.320  33.455  51.938 0.8999999762
106848  49.208  34.930  52.487 0.8999999762
106857  47.851  35.064  51.758 0.8000000119
106865  47.377  35.292  51.014 0.8000000119
105777  51.687  32.580  50.548 0.8000000119
106294  51.436  33.406  51.033 0.8999999762
106295  50.831  34.120  51.560 0.8999999762
106855  49.582  35.277  51.604 0.8999999762
107449  48.262  35.506  51.105 0.8000000119
146218  46.919  35.502  50.421 0.6999999881
105210  51.715  31.937  49.217 0.8000000119
106313  51.527  33.263  50.065 0.8999999762
106314  51.001  34.074  50.605 1.0000000000
106863  49.872  35.386  50.679 0.8000000119
106864  49.098  35.621  51.042 0.8000000119
107456  47.765  35.801  50.313 0.6999999881
104605  50.918  31.162  48.814 0.8999999762
140810  47.076  30.399  48.848 0.4000000060
104597  45.446  30.363  49.097 0.2000000030
103989  44.649  29.937  49.515 0.2000000030
103990  43.790  29.530  49.364 0.2000000030
104607  48.869  30.535  48.672 0.5000000000
104596  46.382  30.178  49.436 0.4000000060
104000  43.427  29.769  48.623 0.3000000119
105171  50.274  32.056  54.782 0.8999999762
105731  48.464  32.940  55.015 0.8999999762
105732  47.687  32.782  54.858 0.8999999762
105740  46.522  32.738  53.907 0.8999999762
105749  46.241  33.050  53.163 0.8000000119
105779  51.729  32.507  49.578 0.8999999762
106326  51.708  33.084  49.094 1.0000000000
106883  50.005  35.359  49.746 0.8000000119
107454  49.274  35.647  50.187 0.8000000119
105223  51.598  31.598  47.418 0.8000000119
105785  51.879  32.375  48.666 0.8999999762
106330  51.225  33.677  48.664 0.8999999762
106896  50.585  34.597  49.222 0.6999999881
133572  46.202  30.496  48.604 0.3000000119
103999  44.119  29.958  48.826 0.2000000030
104615  50.852  31.148  48.030 0.8000000119
104616  49.795  30.737  47.825 0.6000000238
104608  47.850  30.473  48.316 0.6000000238
104620  46.115  30.576  47.725 0.3000000119
104610  45.382  30.561  48.279 0.3000000119
104007  43.060  29.999  47.872 0.2000000030
128646  49.569  30.657  46.896 0.5000000000
104619  46.907  30.560  47.170 0.5000000000
146877  44.723  30.546  47.941 0.3000000119
104622  43.466  30.286  47.213 0.3000000119
123910  48.063  30.579  45.880 0.5000000000
106268  49.348  33.427  54.442 0.8999999762
106269  48.804  33.408  54.630 0.8999999762
106270  48.122  33.555  54.201 0.8999999762
106278  47.127  33.420  53.620 0.8999999762
106286  47.760  34.132  53.214 0.8999999762
106287  46.826  33.714  52.761 0.8999999762
106849  48.314  34.766  52.541 0.8999999762
106858  46.947  34.673  51.509 0.8000000119
107460  49.311  35.707  49.295 0.6999999881
107461  48.567  35.952  49.798 0.8000000119
107463  46.785  36.037  49.758 0.6999999881
144371  51.956  32.147  47.769 0.8000000119
106329  51.795  32.806  48.166 0.8999999762
106336  51.282  33.417  47.636 0.6999999881
106903  49.820  35.014  47.883 0.6999999881
107479  48.579  36.180  48.894 0.6999999881
108008  46.988  36.663  49.053 0.6999999881
108009  46.150  36.635  49.284 0.6999999881
138120  51.513  31.470  46.676 0.6999999881
105792  51.787  32.479  47.292 0.8000000119
128978  50.900  33.494  46.900 0.8000000119
106902  50.580  34.395  48.262 0.6999999881
104626  50.783  31.031  47.007 0.6000000238
139321  51.212  31.150  46.212 0.6000000238
105795  51.684  32.216  46.467 0.8000000119
124533  46.061  30.600  46.690 0.4000000060
104630  45.082  30.665  46.507 0.3000000119
104621  44.365  30.499  47.134 0.3000000119
104637  50.084  30.622  45.234 0.5000000000
123907  47.913  30.528  44.861 0.5000000000
141139  46.445  30.588  45.692 0.3000000119
123908  45.638  30.622  45.883 0.3000000119
140262  44.373  30.533  46.251 0.2000000030
104652  48.670  30.390  44.086 0.5000000000
123909  47.265  30.573  45.505 0.5000000000
104653  47.570  30.414  43.988 0.5000000000
106277  48.921  33.804  54.167 0.8999999762
106285  48.796  34.302  53.412 0.8999999762
106850  47.372  34.409  52.300 0.8000000119
107488  49.168  35.563  47.501 0.6999999881
108019  47.768  36.601  48.549 0.6999999881
139093  46.394  37.012  48.794 0.6999999881
108021  45.676  37.173  48.910 0.6000000238
107489  48.643  35.789  47.019 0.6999999881
108035  47.571  36.728  47.742 0.6999999881
128766  46.189  37.354  48.294 0.6000000238
105797  51.476  32.042  45.506 0.6999999881
106343  50.924  32.931  46.134 0.8000000119
106904  49.613  34.910  46.894 0.8000000119
107494  48.233  35.864  46.380 0.6000000238
104631  43.695  30.430  46.454 0.2000000030
105227  51.213  31.521  45.035 0.6000000238
106346  50.696  32.748  45.104 0.6999999881
123905  45.808  30.585  44.951 0.3000000119
104639  44.853  30.584  45.530 0.2000000030
104641  43.031  30.547  45.871 0.2000000030
104668  49.448  30.224  43.257 0.5000000000
104651  49.767  30.471  44.226 0.5000000000
123906  46.890  30.557  44.817 0.4000000060
123904  45.008  30.530  44.660 0.3000000119
123903  44.233  30.461  44.778 0.2000000030
123902  43.604  30.461  43.957 0.3000000119
104669  48.333  30.193  43.174 0.5000000000
133779  47.259  30.252  43.097 0.5000000000
104654  46.399  30.472  43.920 0.4000000060
106920  49.027  35.045  45.398 0.6999999881
108020  46.973  36.993  48.346 0.6000000238
105802  50.604  32.718  44.140 0.6999999881
106347  50.188  33.756  45.528 0.6999999881
106913  49.001  35.389  46.279 0.6999999881
105231  50.787  31.438  43.975 0.6999999881
104667  50.194  30.422  42.954 0.6000000238
147841  49.955  30.388  43.569 0.6000000238
104673  43.339  30.377  43.194 0.3000000119
104682  49.083  29.980  42.298 0.6000000238
125157  45.590  30.485  43.541 0.4000000060
104656  44.721  30.471  43.840 0.4000000060
104683  48.076  29.958  42.232 0.6000000238
104670  46.247  30.371  42.970 0.6000000238
104684  47.051  29.991  42.251 0.6000000238
106297  46.470  33.970  51.934 0.6999999881
106859  46.061  34.311  51.213 0.6000000238
106923  48.914  34.573  44.714 0.6999999881
145077  48.448  35.501  45.744 0.6999999881
107496  47.014  36.481  46.227 0.6999999881
108036  46.755  37.128  47.622 0.8000000119
108037  45.927  37.485  47.485 0.6000000238
143358  50.107  33.382  43.935 0.6999999881
106922  49.593  34.337  45.037 0.6999999881
108054  46.218  36.787  45.959 0.5000000000
108047  46.475  37.047  46.789 0.5000000000
105811  50.337  32.711  43.344 0.6999999881
108618  45.065  37.655  47.335 0.5000000000
104681  50.290  30.370  41.971 0.6999999881
104680  50.549  30.866  42.442 0.6999999881
104671  45.188  30.476  42.857 0.5000000000
104672  44.113  30.432  43.116 0.3000000119
104046  48.983  29.485  41.235 0.6000000238
104685  46.087  30.234  42.167 0.4000000060
106350  48.675  33.990  43.999 0.6999999881
144511  48.217  35.226  45.043 0.6999999881
107505  46.757  36.109  45.478 0.6000000238
107506  45.883  36.275  45.247 0.5000000000
108055  45.362  36.945  45.721 0.5000000000
105812  49.715  32.902  42.971 0.6999999881
108049  44.917  37.387  46.161 0.5000000000
108640  44.281  37.650  46.359 0.4000000060
104697  50.517  30.865  41.687 0.6999999881
126737  49.769  29.926  41.541 0.6000000238
104698  50.180  30.464  41.104 0.6999999881
104686  44.446  30.428  42.333 0.4000000060
104047  47.911  29.527  41.409 0.5000000000
146455  47.679  35.037  44.503 0.6999999881
107510  47.283  35.508  44.959 0.6000000238
107511  46.390  35.627  44.769 0.6000000238
129790  48.828  33.299  43.116 0.6999999881
143689  47.964  33.721  43.485 0.6999999881
107512  45.498  35.711  44.552 0.5000000000
108064  44.988  36.376  45.008 0.5000000000
105821  50.270  32.287  42.474 0.6999999881
147246  48.548  32.956  42.616 0.6000000238
105823  48.269  32.610  42.141 0.6000000238
141992  50.414  31.172  41.359 0.6999999881
105832  49.083  31.892  41.527 0.6000000238
104699  49.535  29.607  40.616 0.5000000000
104709  49.884  30.217  40.533 0.6000000238
105250  48.749  31.291  40.736 0.6000000238
105251  47.450  31.635  40.696 0.6000000238
104700  46.908  29.658  41.449 0.5000000000
106927  47.593  34.423  43.952 0.6999999881
106924  46.922  35.065  44.291 0.6999999881
106925  45.991  35.093  44.097 0.5000000000
106928  46.514  34.460  43.704 0.5000000000
106371  47.769  33.258  42.766 0.6000000238
107516  45.117  35.206  43.836 0.5000000000
105833  47.828  32.079  41.446 0.5000000000
107514  43.937  36.033  43.914 0.4000000060
104060  49.122  28.941  40.018 0.5000000000
104711  48.866  29.173  39.560 0.6000000238
134245  48.590  30.495  39.885 0.6000000238
139497  47.781  29.165  40.736 0.5000000000
104074  48.300  28.721  39.868 0.6000000238
140819  48.674  28.788  39.483 0.5000000000
104062  46.871  29.183  40.468 0.5000000000
105825  46.128  32.916  42.035 0.4000000060
106372  46.615  33.333  42.670 0.5000000000
105834  46.650  32.288  41.416 0.4000000060
105824  47.152  32.739  42.094 0.5000000000
106929  45.519  34.482  43.486 0.4000000060
106930  44.699  34.677  43.188 0.4000000060
105259  47.189  31.369  39.980 0.5000000000
107520  44.131  35.176  42.602 0.4000000060
107518  43.728  35.831  43.107 0.3000000119
105264  47.400  30.142  38.349 0.4000000060
104715  48.299  28.831  38.790 0.5000000000
105258  47.954  30.176  39.133 0.5000000000
104097  47.100  28.734  37.449 0.4000000060
104722  47.598  29.048  37.922 0.5000000000
134210  48.153  28.554  38.993 0.5000000000
104098  46.885  28.351  37.624 0.5000000000
103429  45.499  27.727  37.691 0.4000000060
104110  45.405  28.062  36.096 0.3000000119
106360  46.025  33.806  43.173 0.4000000060
132735  45.781  33.452  42.552 0.4000000060
106361  45.090  33.909  42.804 0.4000000060
105252  46.345  32.018  40.764 0.4000000060
106382  44.801  33.979  41.426 0.4000000060
106937  44.545  34.444  42.541 0.4000000060
134129  46.624  31.483  38.445 0.4000000060
136404  46.796  31.219  39.271 0.4000000060
106946  44.387  34.722  41.790 0.4000000060
107521  43.655  35.921  42.271 0.3000000119
104723  47.358  29.906  37.562 0.4000000060
149158  43.982  35.458  41.824 0.4000000060
108081  43.365  36.707  41.917 0.3000000119
104731  47.379  30.268  36.831 0.4000000060
104107  46.912  28.984  36.459 0.4000000060
103438  46.180  27.969  36.822 0.5000000000
107523  43.813  36.083  41.562 0.3000000119
108674  42.801  38.054  41.644 0.3000000119
105277  47.695  30.868  35.873 0.4000000060
104116  46.773  29.302  35.785 0.4000000060
105871  47.767  31.854  34.780 0.3000000119
105291  47.580  31.093  35.027 0.3000000119
106373  45.276  33.398  41.933 0.4000000060
105840  45.667  32.618  40.574 0.4000000060
137483  46.934  31.869  37.507 0.4000000060
106398  46.040  32.943  39.088 0.4000000060
105847  45.821  32.806  39.772 0.4000000060
106957  45.017  33.991  40.799 0.4000000060
134622  44.648  34.658  40.930 0.4000000060
105278  47.540  31.033  36.852 0.4000000060
127513  46.422  32.537  38.491 0.4000000060
107526  44.815  35.392  40.366 0.3000000119
107527  44.269  35.533  41.111 0.3000000119
107006  48.109  33.906  37.052 0.4000000060
108673  43.460  37.428  41.279 0.3000000119
105861  48.282  31.627  35.383 0.4000000060
106416  47.827  32.773  36.958 0.4000000060
129579  48.544  34.759  37.095 0.4000000060
106428  49.695  33.612  35.340 0.3000000119
107563  49.459  34.602  36.468 0.3000000119
107005  48.930  34.060  36.561 0.4000000060
106399  45.775  33.610  39.315 0.4000000060
106391  45.409  33.582  40.213 0.4000000060
106405  46.333  33.563  38.499 0.4000000060
106956  45.154  34.565  40.263 0.4000000060
107007  47.083  33.770  37.665 0.4000000060
108095  44.136  36.985  40.776 0.3000000119
108682  43.967  37.761  40.739 0.3000000119
106985  47.527  34.691  37.681 0.4000000060
107024  49.903  34.381  35.845 0.3000000119
107551  49.252  35.480  37.073 0.4000000060
108121  50.273  36.173  36.080 0.3000000119
106970  45.583  34.422  39.546 0.4000000060
106986  46.687  34.488  38.276 0.4000000060
107533  45.471  35.358  39.637 0.4000000060
108093  45.073  36.826  39.924 0.3000000119
109257  44.383  38.387  40.600 0.3000000119
109252  43.535  38.427  41.138 0.3000000119
109251  44.214  39.185  40.986 0.3000000119
107562  49.935  35.313  36.371 0.3000000119
108116  49.131  36.366  37.638 0.3000000119
127900  44.145  39.832  41.439 0.3000000119
129217  50.256  37.019  36.838 0.3000000119
108694  49.886  37.135  37.593 0.3000000119
110323  44.468  40.833  42.164 0.3000000119
109270  50.046  38.417  37.355 0.2000000030
106987  46.041  34.366  38.869 0.4000000060
107543  45.913  34.998  39.101 0.4000000060
108103  45.651  36.264  39.519 0.4000000060
107541  47.032  35.303  38.296 0.4000000060
108680  45.624  37.744  39.821 0.3000000119
108110  47.305  36.040  38.369 0.3000000119
107552  48.055  35.647  37.711 0.3000000119
135719  45.833  36.981  39.544 0.3000000119
109256  45.071  38.278  40.222 0.3000000119
109262  45.776  38.589  40.111 0.3000000119
109795  44.886  39.873  41.144 0.3000000119
109804  45.194  39.120  40.557 0.3000000119
110322  45.143  40.934  41.993 0.3000000119
109265  49.901  38.715  38.349 0.3000000119
107542  46.369  35.807  38.933 0.4000000060
108102  46.329  36.647  39.237 0.3000000119
144513  48.197  37.201  38.518 0.3000000119
108691  47.206  36.779  38.774 0.3000000119
108690  47.799  37.637  38.934 0.3000000119
109261  46.712  38.494  39.730 0.3000000119
108109  49.136  37.164  38.173 0.3000000119
108689  49.911  37.897  38.280 0.3000000119
109803  45.918  40.099  40.852 0.3000000119
110928  46.217  41.453  42.040 0.3000000119
109260  47.911  38.847  39.540 0.3000000119
98159  51.706  20.390  59.285 0.6999999881
143011  51.815  21.406  58.215 0.8000000119
99558  51.405  22.431  58.271 0.8999999762
98805  44.879  21.699  60.750 0.3000000119
125910  49.215  23.101  60.567 0.6000000238
100196  52.224  23.028  55.268 0.8999999762
100168  40.007  23.362  59.375 0.4000000060
135492  41.176  22.535  60.254 0.3000000119
129171  50.345  24.283  58.294 0.6000000238
126910  48.978  25.509  60.000 0.5000000000
101510  53.040  26.089  53.655 0.8999999762
101511  52.467  25.950  54.266 0.8999999762
101479  40.477  25.143  58.107 0.4000000060
101471  49.456  25.796  59.220 0.6000000238
102053  52.890  26.756  53.983 0.8999999762
128122  50.121  27.021  55.303 0.8999999762
102059  52.818  27.283  53.791 0.8999999762
102020  48.679  27.486  58.806 0.6000000238
102679  49.612  26.788  52.870 0.8999999762
139270  52.233  27.908  54.324 0.8999999762
103296  49.101  28.960  56.435 0.8999999762
102647  48.998  27.705  57.516 0.6999999881
103287  48.402  28.734  58.077 0.6000000238
149085  48.095  29.735  57.758 0.6999999881
103290  45.754  28.217  58.056 0.6000000238
102676  52.248  27.781  53.255 0.8999999762
103329  51.330  28.500  52.487 0.8999999762
129909  49.983  27.438  52.752 0.8000000119
103331  48.395  28.189  52.246 0.6999999881
104534  48.839  30.270  56.568 0.8000000119
104530  48.017  30.373  57.441 0.6999999881
103926  46.629  30.165  57.197 0.6000000238
103925  47.404  30.149  57.515 0.6000000238
103919  45.114  29.217  57.109 0.6000000238
103963  52.358  29.332  53.412 0.8999999762
131904  46.796  31.551  55.834 0.8999999762
103968  50.896  29.823  51.700 0.8999999762
125338  52.289  30.770  52.251 0.8999999762
104588  46.974  29.923  50.079 0.4000000060
103983  44.131  29.311  50.169 0.3000000119
104587  47.900  30.138  49.978 0.4000000060
105725  47.216  32.202  55.382 0.8999999762
143849  51.573  32.805  52.200 0.8999999762
134121  51.766  31.885  51.110 0.8999999762
106283  50.610  33.989  52.472 0.8999999762
104606  50.052  30.792  48.717 0.6999999881
130213  51.612  31.757  50.157 0.8999999762
106296  50.081  34.696  52.096 0.8999999762
105211  51.281  31.412  49.406 0.8000000119
142206  50.355  34.827  51.150 0.8000000119
107455  48.608  35.712  50.507 0.8000000119
104592  50.468  30.849  49.503 0.8000000119
105217  51.604  31.695  48.442 0.8999999762
106882  50.518  34.765  50.187 0.8000000119
106327  51.124  33.895  49.636 1.0000000000
107462  47.769  36.332  49.444 0.6999999881
104609  46.965  30.502  48.035 0.3000000119
104617  48.687  30.559  47.667 0.6000000238
106897  49.985  35.238  48.815 0.6999999881
105222  51.812  31.920  46.916 0.6999999881
104611  44.706  30.357  48.649 0.3000000119
104618  47.725  30.549  47.464 0.5000000000
145534  43.976  30.249  48.050 0.2000000030
104627  50.427  30.746  46.116 0.6000000238
124857  48.458  30.593  46.783 0.5000000000
124856  47.618  30.590  46.728 0.5000000000
104629  47.048  30.571  46.279 0.4000000060
104628  49.260  30.571  45.993 0.5000000000
104638  48.973  30.487  45.029 0.5000000000
107478  49.252  35.711  48.385 0.6999999881
106337  50.433  34.237  47.343 0.6999999881
108018  48.490  36.247  47.873 0.6999999881
105225  51.528  31.620  46.037 0.6000000238
128420  51.503  32.855  46.883 0.8000000119
106344  50.272  34.032  46.445 0.6999999881
104636  51.066  30.995  45.491 0.6000000238
104650  50.649  30.885  44.615 0.5000000000
104640  43.916  30.480  45.646 0.2000000030
147586  49.104  35.428  46.919 0.6999999881
107490  48.001  36.326  47.076 0.6999999881
108046  47.245  36.673  46.993 0.8000000119
106919  49.646  34.673  45.884 0.6999999881
107504  47.671  35.869  45.743 0.6999999881
105801  51.217  32.016  44.489 0.6999999881
140329  43.359  30.544  44.997 0.2000000030
104655  45.487  30.512  44.199 0.3000000119
132115  50.136  33.554  44.630 0.6999999881
105810  50.916  32.075  43.574 0.6999999881
104666  50.499  30.937  43.228 0.6999999881
106349  49.538  33.928  44.306 0.6999999881
141393  48.228  34.666  44.464 0.6999999881
106358  49.590  33.420  43.614 0.6999999881
105820  50.700  32.033  42.858 0.6999999881
105238  50.705  31.496  43.002 0.6999999881
108065  44.134  36.454  44.693 0.5000000000
105244  50.550  31.503  42.100 0.6999999881
105249  50.052  31.110  40.814 0.6000000238
106359  47.044  33.777  43.355 0.5000000000
107513  44.656  35.819  44.284 0.5000000000
105822  49.314  32.544  42.356 0.6000000238
104710  49.442  29.642  40.126 0.6000000238
105257  49.528  30.473  40.400 0.6000000238
107517  44.349  35.421  43.508 0.4000000060
104075  47.389  28.553  39.292 0.5000000000
105835  45.749  32.637  41.341 0.4000000060
105846  46.258  32.009  40.008 0.4000000060
138330  46.281  32.214  39.249 0.4000000060
104086  47.671  28.532  38.267 0.5000000000
104088  46.401  28.398  38.555 0.5000000000
104109  46.153  28.091  36.108 0.5000000000
104737  46.699  29.787  35.556 0.4000000060
105855  47.982  31.668  36.364 0.4000000060
104741  47.452  30.533  35.335 0.4000000060
105860  48.827  32.321  35.076 0.3000000119
106381  45.218  33.293  41.059 0.4000000060
108094  44.535  36.273  40.472 0.3000000119
127576  45.051  36.022  39.930 0.3000000119
106429  49.303  32.992  35.456 0.3000000119
106415  48.832  33.263  36.267 0.4000000060
108681  44.658  37.557  40.315 0.3000000119
109255  46.512  39.406  40.327 0.3000000119
91200  43.326  10.490  38.548 0.1000000015
91881  47.179  11.443  47.739 0.1000000015
91169  42.887  10.660  41.203 0.1000000015
91935  43.311  11.301  40.882 0.1000000015
91191  43.049  10.557  39.498 0.1000000015
91947  43.569  11.311  39.048 0.1000000015
91961  44.424  12.095  37.568 0.1000000015
91888  47.727  11.981  47.419 0.1000000015
91889  47.069  11.490  46.967 0.1000000015
92625  46.761  12.159  44.692 0.1000000015
91907  46.525  11.729  45.375 0.1000000015
91908  45.711  11.724  44.776 0.1000000015
91909  44.668  11.491  44.433 0.1000000015
91918  45.215  11.969  43.841 0.1000000015
91919  44.375  11.648  43.504 0.1000000015
92643  44.820  12.235  41.970 0.1000000015
92635  44.952  12.154  42.940 0.1000000015
91928  43.417  11.232  42.297 0.1000000015
135901  43.252  11.160  41.588 0.1000000015
139369  43.921  11.741  41.555 0.1000000015
92651  44.759  12.350  40.979 0.1000000015
91939  44.019  11.864  40.517 0.1000000015
91940  43.386  11.338  39.988 0.1000000015
91946  44.104  11.938  39.554 0.1000000015
92665  44.993  12.520  39.052 0.1000000015
92680  45.423  12.790  37.052 0.1000000015
132281  46.211  13.467  36.680 0.1000000015
92685  45.844  13.122  35.865 0.1000000015
92698  45.068  13.318  33.077 0.1000000015
92691  45.485  13.090  33.956 0.1000000015
94163  44.560  14.214  33.387 0.1000000015
93428  44.287  13.554  33.089 0.1000000015
93429  43.802  13.097  32.959 0.1000000015
92608  48.237  12.549  46.988 0.1000000015
92609  47.638  11.967  46.567 0.1000000015
94083  49.333  14.365  46.236 0.1000000015
93331  49.033  13.835  46.852 0.1000000015
92616  48.753  13.234  46.491 0.1000000015
93339  49.410  13.898  45.815 0.1000000015
93340  48.689  13.225  45.545 0.1000000015
92617  48.176  12.520  46.085 0.1000000015
92618  47.301  12.066  45.676 0.1000000015
93345  48.169  13.254  44.551 0.1000000015
92624  47.699  12.704  45.155 0.1000000015
92633  46.693  12.517  43.724 0.1000000015
92634  45.812  12.380  43.290 0.1000000015
92642  45.699  12.501  42.369 0.1000000015
93367  46.914  13.233  41.102 0.1000000015
93368  46.431  13.180  40.565 0.1000000015
92649  46.464  12.870  41.902 0.1000000015
132387  47.459  13.576  40.149 0.1000000015
92658  44.781  12.517  40.023 0.1000000015
92664  45.749  13.121  39.438 0.1000000015
92657  45.626  12.871  40.369 0.1000000015
93378  46.657  13.460  39.763 0.1000000015
92670  45.928  13.288  38.463 0.1000000015
93377  47.560  13.892  39.410 0.1000000015
93387  46.791  13.754  38.856 0.1000000015
92671  45.134  12.676  38.066 0.1000000015
93395  46.684  13.890  37.925 0.1000000015
92679  46.054  13.389  37.516 0.1000000015
141081  37.833  15.662  40.377 0.1000000015
93420  45.948  14.541  34.280 0.1000000015
93414  46.354  14.364  35.024 0.1000000015
94150  46.319  14.795  34.889 0.1000000015
94158  44.186  14.813  33.846 0.1000000015
94883  44.926  15.383  34.567 0.1000000015
94159  43.633  14.653  34.168 0.1000000015
93422  44.020  14.072  33.463 0.1000000015
95564  47.855  16.151  45.329 0.2000000030
95563  48.991  15.405  45.069 0.2000000030
94811  49.473  14.835  45.564 0.1000000015
93338  49.569  14.394  44.965 0.1000000015
140449  49.203  15.432  44.074 0.1000000015
94095  49.350  14.294  44.188 0.1000000015
92632  47.352  12.745  44.289 0.1000000015
94827  49.118  15.371  43.384 0.1000000015
94100  49.412  14.726  43.736 0.1000000015
93350  48.877  14.236  43.187 0.1000000015
93351  47.697  13.196  43.335 0.1000000015
94832  48.712  15.408  42.691 0.2000000030
139334  49.063  15.032  42.915 0.1000000015
142839  48.399  13.710  43.195 0.1000000015
92641  46.630  12.740  42.747 0.1000000015
96309  48.102  17.296  42.166 0.2000000030
95593  48.112  16.227  42.658 0.2000000030
94109  48.692  14.633  42.101 0.1000000015
93357  48.736  14.196  42.097 0.1000000015
93359  47.525  13.329  41.917 0.1000000015
96310  47.213  17.255  41.825 0.2000000030
96983  48.730  18.167  41.517 0.3000000119
95594  47.548  16.395  42.133 0.2000000030
141612  48.203  15.303  41.844 0.2000000030
93366  48.467  13.823  41.358 0.1000000015
94110  48.442  14.264  41.040 0.2000000030
93375  48.456  13.953  40.586 0.1000000015
127919  48.023  13.668  40.718 0.1000000015
94833  47.252  15.682  41.473 0.2000000030
94115  48.292  14.035  40.139 0.2000000030
95595  46.655  16.606  41.686 0.2000000030
94840  47.924  14.677  40.831 0.2000000030
93385  47.726  13.930  39.543 0.2000000030
93376  48.146  13.880  39.958 0.1000000015
94834  46.239  15.922  41.220 0.2000000030
94841  47.031  14.979  40.673 0.2000000030
126323  47.842  14.322  40.026 0.2000000030
93386  47.040  14.121  38.638 0.1000000015
94116  46.948  14.424  39.727 0.2000000030
140403  38.020  16.137  41.618 0.1000000015
94842  45.948  15.242  40.470 0.2000000030
147954  46.537  14.392  39.191 0.2000000030
94124  47.281  14.097  38.794 0.1000000015
93402  46.578  13.895  36.961 0.1000000015
94117  45.615  14.760  39.633 0.2000000030
124099  46.961  14.098  38.192 0.1000000015
94846  38.331  15.588  39.921 0.1000000015
93390  38.650  14.582  39.770 0.1000000015
94143  46.225  14.485  35.562 0.1000000015
93408  46.456  14.274  35.490 0.1000000015
93389  39.305  14.149  39.414 0.1000000015
94139  45.024  14.882  36.962 0.1000000015
94144  45.188  14.881  35.877 0.1000000015
148580  41.797  13.100  36.301 0.1000000015
92686  41.433  13.198  36.970 0.1000000015
92666  40.378  12.728  38.974 0.1000000015
91949  40.170  12.198  39.609 0.1000000015
94866  43.745  15.498  37.370 0.1000000015
94878  44.536  15.529  35.280 0.1000000015
94151  45.686  15.250  34.995 0.1000000015
93410  42.388  14.752  35.840 0.1000000015
93416  42.277  13.618  35.691 0.1000000015
92681  40.967  13.330  37.670 0.1000000015
92673  40.410  13.502  38.248 0.1000000015
93388  39.833  13.766  38.825 0.1000000015
94874  44.100  15.633  36.240 0.1000000015
141827  44.060  15.544  34.895 0.1000000015
94152  43.777  15.259  34.507 0.1000000015
93415  42.933  14.224  34.889 0.1000000015
96287  48.106  16.833  43.609 0.1000000015
95573  47.566  16.917  44.522 0.2000000030
97631  48.681  18.388  42.329 0.4000000060
96969  48.160  18.067  42.883 0.3000000119
96295  47.833  17.648  43.321 0.3000000119
95572  48.522  15.973  44.340 0.1000000015
95581  48.647  15.966  43.536 0.1000000015
96976  48.908  18.207  41.697 0.3000000119
96294  48.257  17.283  42.904 0.3000000119
128885  48.350  16.583  43.119 0.3000000119
143623  48.552  17.760  42.066 0.3000000119
96302  48.153  17.064  42.707 0.3000000119
95587  48.524  16.053  43.060 0.3000000119
96992  48.731  18.575  40.631 0.3000000119
96984  47.940  17.945  41.363 0.3000000119
96993  47.386  18.758  40.518 0.3000000119
98993  44.409  21.695  42.602 0.2000000030
96985  46.753  18.042  41.348 0.3000000119
96994  46.139  18.862  40.873 0.3000000119
98985  43.694  21.744  43.301 0.2000000030
98986  42.900  21.612  43.736 0.2000000030
97639  44.757  20.195  40.879 0.3000000119
99013  44.978  21.421  40.905 0.3000000119
99001  45.079  21.732  41.280 0.3000000119
98280  43.360  21.179  43.150 0.2000000030
98282  42.226  20.380  44.152 0.2000000030
95575  38.493  16.473  44.360 0.1000000015
95596  45.671  16.734  41.461 0.2000000030
98292  44.576  20.910  41.120 0.3000000119
98293  44.179  20.871  41.940 0.3000000119
98286  43.693  20.813  42.592 0.3000000119
98994  44.029  21.375  42.530 0.3000000119
98281  42.723  20.870  43.607 0.2000000030
97626  42.140  19.338  44.104 0.2000000030
126063  38.067  16.039  43.637 0.1000000015
98287  43.229  20.386  43.056 0.2000000030
97625  42.667  19.911  43.570 0.2000000030
96971  41.858  18.363  43.879 0.2000000030
95582  39.466  16.556  43.080 0.1000000015
95590  37.897  15.944  42.636 0.1000000015
97632  43.801  19.932  42.363 0.2000000030
97633  43.147  19.392  42.977 0.2000000030
96970  42.529  18.880  43.470 0.2000000030
96979  42.045  17.998  43.045 0.2000000030
95588  39.916  16.479  42.202 0.1000000015
95603  38.533  16.267  41.034 0.1000000015
139494  38.320  16.110  40.466 0.1000000015
95604  37.789  16.029  40.920 0.1000000015
96978  42.796  18.393  42.721 0.2000000030
96304  42.231  17.538  42.275 0.2000000030
95602  39.343  16.421  41.145 0.1000000015
95615  38.585  16.016  40.014 0.1000000015
96315  42.440  16.983  41.523 0.2000000030
95600  41.523  16.511  40.898 0.2000000030
95621  39.521  16.390  39.175 0.1000000015
94126  39.117  15.146  39.197 0.1000000015
94131  46.228  14.349  37.627 0.1000000015
93411  41.767  13.973  36.416 0.1000000015
94862  39.902  16.296  38.497 0.1000000015
94853  39.380  15.907  38.922 0.1000000015
93397  39.521  14.626  38.758 0.1000000015
94132  44.935  14.779  38.047 0.1000000015
94857  43.939  15.171  38.443 0.1000000015
94145  42.744  15.492  35.801 0.1000000015
139087  41.671  14.860  36.529 0.1000000015
93403  41.115  14.300  37.058 0.1000000015
93404  40.546  14.168  37.670 0.1000000015
93396  40.008  14.591  38.130 0.1000000015
94867  43.106  15.879  36.586 0.1000000015
94876  42.690  15.800  36.285 0.1000000015
94140  41.243  15.338  36.888 0.1000000015
94141  40.584  15.004  37.465 0.1000000015
94133  40.231  15.530  38.008 0.1000000015
96288  47.394  17.643  43.962 0.3000000119
96961  46.980  18.268  44.397 0.3000000119
96289  46.983  17.615  44.670 0.3000000119
97624  47.791  19.023  43.142 0.4000000060
96960  47.442  18.340  43.596 0.4000000060
97638  49.386  18.643  40.845 0.3000000119
128255  49.914  19.503  40.061 0.3000000119
97646  49.356  19.191  39.799 0.3000000119
99018  48.067  21.287  39.156 0.3000000119
99010  47.415  21.641  39.699 0.3000000119
99674  46.464  22.017  41.461 0.3000000119
97647  48.340  19.095  39.890 0.3000000119
137330  47.185  19.836  39.688 0.3000000119
98299  46.575  20.902  39.674 0.3000000119
99000  45.771  21.701  40.852 0.3000000119
99667  45.103  21.914  42.205 0.3000000119
98300  45.925  20.372  40.021 0.3000000119
99011  46.486  21.474  40.019 0.3000000119
99675  45.368  21.871  41.618 0.3000000119
99668  44.670  21.825  42.744 0.3000000119
98984  44.038  22.181  43.486 0.2000000030
125116  43.133  22.297  43.953 0.2000000030
131045  46.349  19.498  40.219 0.3000000119
98274  42.301  21.273  44.200 0.2000000030
128211  38.963  17.177  45.376 0.1000000015
96282  38.198  17.340  45.596 0.1000000015
95568  37.042  16.397  44.905 0.1000000015
126997  45.720  18.188  41.385 0.2000000030
96986  45.339  18.904  41.104 0.3000000119
97648  45.386  19.719  40.553 0.3000000119
99012  45.628  21.225  40.367 0.3000000119
99002  44.614  21.528  41.686 0.3000000119
97617  41.593  19.847  44.540 0.2000000030
96281  39.644  17.454  45.211 0.1000000015
95566  39.204  16.827  44.935 0.1000000015
143064  38.595  16.791  45.172 0.1000000015
98301  45.083  20.729  40.507 0.3000000119
96963  40.727  18.407  44.761 0.2000000030
96292  39.702  17.084  44.605 0.1000000015
95608  45.231  16.022  40.984 0.3000000119
96296  41.356  17.595  43.454 0.2000000030
96290  41.175  17.884  44.271 0.2000000030
96297  40.638  17.303  43.744 0.1000000015
96298  39.879  17.091  43.843 0.1000000015
95583  38.697  16.306  43.293 0.1000000015
95574  39.212  16.804  43.974 0.1000000015
95597  44.752  16.814  41.179 0.2000000030
96313  44.338  17.539  41.405 0.2000000030
136196  44.782  19.381  41.197 0.2000000030
96305  41.413  17.290  42.514 0.2000000030
96306  40.664  17.078  42.795 0.2000000030
143410  40.111  16.836  43.129 0.1000000015
94843  44.821  15.324  40.399 0.2000000030
96316  41.516  16.838  41.691 0.2000000030
96317  40.715  16.699  41.865 0.2000000030
149093  44.440  14.993  39.793 0.1000000015
95601  40.647  16.560  40.755 0.2000000030
124151  39.803  16.545  40.372 0.1000000015
126452  39.062  16.317  40.285 0.1000000015
148922  42.199  16.424  40.872 0.2000000030
95612  40.924  16.517  39.978 0.2000000030
95613  40.227  16.668  39.705 0.2000000030
95614  39.643  16.538  39.639 0.1000000015
142838  39.184  16.263  39.716 0.1000000015
95610  43.404  16.029  40.617 0.2000000030
95611  42.407  16.019  40.268 0.2000000030
95619  41.489  16.251  39.546 0.2000000030
126779  40.636  16.659  39.132 0.2000000030
95620  40.021  16.742  38.996 0.2000000030
94134  39.608  15.405  38.498 0.1000000015
94850  43.610  15.349  39.296 0.1000000015
94859  42.110  16.008  37.942 0.1000000015
94851  42.382  15.802  39.122 0.1000000015
94852  41.315  16.248  38.621 0.1000000015
95624  40.541  16.419  38.543 0.1000000015
94868  42.242  15.965  37.037 0.1000000015
94860  41.324  15.990  37.794 0.1000000015
94861  40.573  16.046  38.087 0.1000000015
94870  40.929  15.676  37.493 0.1000000015
97616  47.212  19.124  44.212 0.3000000119
142832  47.989  19.551  43.177 0.4000000060
97630  49.224  18.745  41.704 0.3000000119
97637  49.733  19.415  41.039 0.4000000060
97645  49.995  19.861  39.253 0.3000000119
98306  48.769  20.563  38.932 0.3000000119
99682  46.819  21.869  40.391 0.3000000119
99666  45.807  21.963  42.295 0.3000000119
97612  39.734  19.580  45.585 0.2000000030
96955  39.634  18.442  45.450 0.1000000015
123584  38.877  18.915  45.764 0.1000000015
124512  41.682  20.819  44.622 0.2000000030
98275  41.046  20.292  44.998 0.2000000030
96954  40.298  18.915  45.216 0.2000000030
98977  41.770  21.660  44.685 0.2000000030
97618  40.933  19.347  44.881 0.2000000030
96953  46.617  18.068  45.207 0.3000000119
98273  47.727  19.772  43.687 0.5000000000
98285  49.198  19.743  42.212 0.4000000060
137991  48.442  19.995  43.194 0.4000000060
98291  50.465  20.358  40.452 0.3000000119
148525  50.691  21.469  39.272 0.4000000060
99687  49.657  22.045  39.165 0.4000000060
125181  48.862  22.377  40.017 0.4000000060
99673  47.626  22.209  40.823 0.4000000060
99665  47.555  22.371  41.887 0.4000000060
99658  45.306  22.014  43.133 0.3000000119
133278  44.605  22.237  43.457 0.4000000060
99648  43.620  22.652  44.163 0.2000000030
99649  42.540  22.470  44.528 0.2000000030
97613  38.899  19.878  46.116 0.1000000015
98978  41.034  21.241  45.154 0.2000000030
98268  40.358  20.488  45.415 0.2000000030
93241  31.377  13.178  63.785 0.1000000015
93999  31.725  13.867  63.428 0.1000000015
94003  31.641  14.089  62.579 0.1000000015
93251  31.035  13.628  62.085 0.1000000015
97603  46.553  18.787  45.721 0.3000000119
98267  47.626  19.954  44.721 0.5000000000
97610  46.834  18.737  44.978 0.4000000060
142657  49.272  20.358  42.807 0.5000000000
127622  50.010  20.562  41.732 0.4000000060
98290  51.129  21.311  40.934 0.4000000060
99680  50.298  22.439  39.823 0.5000000000
136505  49.697  22.734  40.574 0.5000000000
126366  46.694  22.214  42.375 0.3000000119
100307  43.038  22.813  44.550 0.2000000030
99650  41.933  22.302  44.827 0.2000000030
98269  39.600  20.576  45.869 0.2000000030
98968  40.679  21.802  45.526 0.2000000030
98261  39.559  21.323  46.163 0.2000000030
94705  32.979  14.903  64.763 0.1000000015
93997  32.504  14.316  64.613 0.1000000015
93240  31.873  13.760  64.276 0.1000000015
127704  32.410  14.332  63.900 0.1000000015
93998  33.011  14.751  63.520 0.1000000015
94008  32.023  14.907  61.283 0.1000000015
146117  31.260  14.553  60.420 0.1000000015
129509  31.198  14.623  59.843 0.1000000015
98266  48.368  20.411  45.223 0.5000000000
97609  47.044  19.452  45.296 0.4000000060
95539  45.863  15.910  49.334 0.1000000015
147519  46.177  15.603  50.862 0.2000000030
94782  45.588  15.723  51.410 0.1000000015
98272  48.204  20.417  44.117 0.5000000000
96253  45.189  16.710  49.232 0.2000000030
95531  44.648  16.207  51.002 0.2000000030
145635  44.868  15.893  51.713 0.1000000015
139295  49.099  20.601  43.633 0.5000000000
95557  45.863  16.633  47.171 0.2000000030
140514  45.432  17.160  47.655 0.2000000030
95536  44.719  16.938  50.016 0.2000000030
95518  43.864  15.775  52.672 0.1000000015
94764  43.307  15.145  53.610 0.1000000015
94766  41.622  14.911  53.907 0.1000000015
94041  39.084  14.114  55.538 0.1000000015
93286  38.361  13.815  55.956 0.1000000015
94028  36.944  14.153  56.138 0.1000000015
98279  49.983  20.965  42.942 0.4000000060
96259  45.150  17.395  48.401 0.2000000030
95532  43.871  16.655  51.244 0.2000000030
94774  42.828  15.450  53.096 0.1000000015
98983  51.012  21.427  42.117 0.4000000060
96254  44.692  17.813  49.193 0.2000000030
96247  44.107  17.181  50.468 0.2000000030
98999  51.514  22.049  40.569 0.5000000000
99672  48.640  22.602  41.184 0.5000000000
137936  45.045  22.483  43.837 0.3000000119
99664  48.623  22.807  42.210 0.5000000000
99656  47.497  22.589  43.021 0.5000000000
99657  46.323  22.175  43.183 0.3000000119
99646  45.822  22.516  43.936 0.5000000000
99644  47.876  22.934  44.058 0.5000000000
99645  46.837  22.561  44.041 0.5000000000
99647  44.350  22.695  44.183 0.3000000119
100304  46.192  22.992  44.705 0.5000000000
100305  45.251  22.826  44.554 0.5000000000
100306  43.737  23.059  44.699 0.4000000060
98967  41.271  22.037  45.197 0.2000000030
123326  40.214  21.268  45.634 0.2000000030
98969  40.116  21.875  45.992 0.2000000030
100293  44.598  23.284  45.099 0.3000000119
99636  42.265  22.892  45.112 0.2000000030
99637  41.484  22.622  45.456 0.2000000030
99638  40.754  22.352  45.839 0.2000000030
100294  43.110  23.197  45.243 0.4000000060
100296  41.645  23.155  45.865 0.3000000119
100282  41.075  22.846  45.967 0.2000000030
93237  32.043  13.774  65.081 0.1000000015
92515  31.550  12.553  65.047 0.1000000015
91795  31.559  11.830  64.525 0.1000000015
147544  33.190  18.654  65.641 0.1000000015
96804  33.612  18.069  65.464 0.1000000015
146516  32.995  16.983  65.410 0.1000000015
95425  32.845  16.189  65.436 0.1000000015
93238  31.562  13.167  64.663 0.1000000015
96127  33.589  17.315  65.345 0.1000000015
94693  33.360  15.551  64.915 0.1000000015
94704  33.726  15.165  64.404 0.1000000015
94710  33.885  14.982  63.790 0.1000000015
148895  34.270  16.869  65.263 0.1000000015
95423  34.751  16.103  65.194 0.1000000015
94703  34.622  15.263  64.359 0.1000000015
94001  32.849  14.862  62.877 0.1000000015
94002  32.336  14.768  62.226 0.1000000015
145636  33.448  14.966  63.107 0.1000000015
125578  33.709  15.444  62.092 0.1000000015
94016  31.697  14.972  60.426 0.1000000015
94019  31.126  14.690  58.871 0.1000000015
94740  31.619  15.300  58.400 0.1000000015
94021  31.149  14.660  58.018 0.1000000015
94744  31.861  15.144  57.587 0.1000000015
123675  46.331  18.924  46.494 0.3000000119
96938  45.766  18.668  47.144 0.3000000119
98271  49.169  20.687  44.646 0.5000000000
98260  47.615  20.101  45.794 0.4000000060
97602  46.844  19.679  46.315 0.4000000060
125839  45.299  17.980  47.767 0.3000000119
95520  42.145  16.140  52.485 0.1000000015
95512  41.863  15.471  53.073 0.1000000015
94767  40.657  15.727  53.154 0.1000000015
94760  39.528  15.086  54.301 0.1000000015
94754  38.181  14.724  55.296 0.1000000015
94755  36.825  15.554  55.553 0.1000000015
94043  36.478  14.864  55.841 0.1000000015
126781  35.355  14.094  56.298 0.1000000015
98975  49.996  21.180  43.982 0.5000000000
98966  50.185  21.043  44.990 0.5000000000
98259  48.485  20.486  46.292 0.4000000060
124700  47.693  20.237  46.866 0.5000000000
97596  46.544  19.625  47.214 0.3000000119
96240  43.153  17.317  51.336 0.2000000030
95528  42.978  16.691  51.814 0.2000000030
95519  43.084  15.993  52.409 0.2000000030
95513  39.128  16.060  53.859 0.1000000015
95508  38.754  15.673  54.358 0.1000000015
94762  38.011  15.784  54.773 0.1000000015
139594  50.994  21.499  43.212 0.6000000238
148471  47.046  20.016  47.004 0.4000000060
98245  46.680  20.009  48.073 0.4000000060
126796  46.015  19.512  47.800 0.4000000060
96921  44.837  18.829  49.017 0.2000000030
96914  44.402  18.597  49.676 0.2000000030
131569  43.965  18.237  50.208 0.2000000030
96248  43.542  17.710  50.730 0.2000000030
96234  42.327  16.811  51.960 0.2000000030
96235  41.532  17.138  52.179 0.2000000030
95521  41.168  16.473  52.584 0.2000000030
98991  51.800  21.998  41.622 0.5000000000
97580  45.269  19.682  49.078 0.2000000030
129871  44.117  19.175  50.138 0.2000000030
96915  43.589  18.835  50.568 0.2000000030
96910  43.135  18.380  50.938 0.3000000119
96241  42.456  17.625  51.593 0.2000000030
96242  41.807  17.734  51.852 0.2000000030
99679  51.184  22.333  40.042 0.5000000000
98998  51.834  22.552  41.619 0.5000000000
97581  44.665  19.435  49.660 0.2000000030
97571  44.430  19.934  50.319 0.3000000119
97572  43.862  19.658  50.621 0.3000000119
100317  51.840  23.037  41.788 0.5000000000
124108  49.770  23.054  41.396 0.5000000000
100312  51.116  23.401  43.139 0.6000000238
99663  49.746  23.272  42.344 0.5000000000
99655  48.720  23.122  43.178 0.5000000000
100299  52.374  23.128  43.509 0.6000000238
100301  50.049  23.446  43.899 0.5000000000
125650  51.992  23.474  44.721 0.6999999881
125049  49.689  23.471  44.553 0.5000000000
100302  48.979  23.355  44.114 0.5000000000
100300  50.860  23.576  44.335 0.6000000238
100289  48.972  23.273  45.074 0.5000000000
100303  47.148  23.143  44.800 0.5000000000
126236  43.849  23.380  45.397 0.3000000119
99628  40.679  22.632  46.382 0.3000000119
100273  50.887  23.801  46.265 0.8000000119
100288  49.826  23.577  45.225 0.6000000238
124148  48.078  23.308  44.877 0.5000000000
100292  45.595  23.344  45.287 0.4000000060
100295  42.471  23.345  45.897 0.4000000060
100281  41.999  23.385  46.659 0.4000000060
100267  41.721  23.225  47.605 0.4000000060
100265  43.257  23.998  47.057 0.4000000060
100266  42.548  23.635  47.409 0.4000000060
139630  43.982  24.393  47.546 0.4000000060
123741  43.214  24.007  47.982 0.4000000060
128824  44.822  24.484  47.710 0.4000000060
100956  44.462  24.539  48.243 0.4000000060
100942  44.504  24.698  49.042 0.4000000060
124830  45.101  24.699  48.444 0.4000000060
100941  45.394  25.063  49.130 0.4000000060
100939  47.025  24.855  49.662 0.4000000060
100940  46.223  25.127  49.157 0.4000000060
100919  46.427  25.358  50.115 0.4000000060
101543  46.554  25.537  50.905 0.4000000060
127581  47.729  25.341  51.436 0.5000000000
101527  47.059  25.658  51.457 0.5000000000
101523  47.759  25.856  52.120 0.5000000000
133844  35.023  16.904  65.427 0.1000000015
149168  35.756  17.075  65.561 0.1000000015
94709  34.823  15.222  63.806 0.1000000015
94702  35.480  15.365  64.480 0.1000000015
94714  34.108  15.252  62.897 0.1000000015
94723  33.691  15.802  61.479 0.1000000015
149203  32.045  15.376  60.159 0.1000000015
94736  32.211  15.808  58.939 0.1000000015
148814  33.852  16.517  60.216 0.1000000015
95484  33.281  16.164  60.110 0.1000000015
94739  32.243  15.805  58.097 0.1000000015
95487  33.524  16.619  59.524 0.1000000015
95491  32.669  16.196  58.562 0.1000000015
94024  32.183  14.367  57.213 0.1000000015
94742  33.134  16.037  57.157 0.1000000015
141314  32.755  15.155  56.928 0.1000000015
95496  34.819  16.757  56.419 0.1000000015
94747  34.280  16.109  56.478 0.1000000015
94032  33.602  14.669  56.530 0.1000000015
135630  36.401  16.305  55.565 0.1000000015
94756  35.974  15.736  55.722 0.1000000015
94031  34.508  15.079  56.255 0.1000000015
98265  49.304  20.731  45.677 0.5000000000
95514  38.919  17.112  53.821 0.1000000015
95509  38.442  16.523  54.278 0.1000000015
95502  37.140  16.367  55.266 0.1000000015
98959  50.286  21.076  45.986 0.5000000000
98258  49.401  20.814  46.658 0.4000000060
146787  47.938  20.384  47.494 0.4000000060
97590  45.946  19.898  48.525 0.4000000060
97591  45.422  19.001  48.242 0.3000000119
96229  40.210  17.030  52.810 0.2000000030
96230  39.500  17.678  53.398 0.2000000030
96231  38.873  18.116  54.004 0.2000000030
98244  47.414  20.388  48.422 0.4000000060
124082  46.716  20.315  48.849 0.4000000060
98236  45.936  20.348  49.428 0.3000000119
97570  45.102  20.129  49.877 0.3000000119
96911  42.680  18.561  51.344 0.3000000119
96912  41.829  18.805  51.848 0.2000000030
96900  40.109  18.185  52.983 0.2000000030
98982  51.944  21.895  42.577 0.6000000238
123548  50.332  21.132  46.918 0.6000000238
98948  49.488  21.019  47.552 0.5000000000
98227  44.933  20.411  50.688 0.3000000119
98216  44.087  20.420  51.172 0.3000000119
97566  42.519  19.665  51.677 0.3000000119
96906  40.721  18.612  52.699 0.2000000030
127585  40.286  19.114  53.279 0.2000000030
96901  39.546  18.796  53.704 0.2000000030
139944  52.004  21.801  43.389 0.6000000238
98990  52.144  22.377  42.357 0.6000000238
98981  52.402  22.170  43.162 0.6000000238
99662  52.148  22.799  42.201 0.5000000000
100319  50.984  23.287  41.591 0.5000000000
99654  52.365  22.646  42.867 0.6000000238
100311  52.071  23.085  42.493 0.5000000000
99643  52.748  22.384  43.751 0.6000000238
139410  53.668  21.230  48.024 0.6999999881
99642  53.023  22.803  44.431 0.6999999881
98945  53.601  21.507  47.144 0.6999999881
100285  53.178  22.945  45.222 0.6999999881
100271  52.999  23.352  46.049 0.6999999881
129054  51.654  23.662  45.592 0.6999999881
147748  49.083  23.506  45.719 0.6000000238
100290  47.423  23.491  45.535 0.6000000238
100291  46.518  23.422  45.441 0.5000000000
124147  45.149  23.614  45.805 0.5000000000
100279  44.391  23.681  46.099 0.4000000060
100280  43.393  23.527  46.174 0.4000000060
140696  42.711  23.594  46.642 0.4000000060
100286  52.594  23.362  45.332 0.6999999881
100272  52.009  23.724  46.232 0.8000000119
100261  51.184  23.915  47.106 0.8000000119
100274  49.756  23.793  46.157 0.6999999881
136073  48.292  23.514  45.645 0.6000000238
100277  46.882  23.731  46.189 0.6000000238
100278  45.935  23.731  46.134 0.5000000000
142271  43.899  24.045  46.758 0.4000000060
100276  47.766  23.769  46.264 0.6000000238
145336  45.777  24.113  46.821 0.5000000000
100974  45.191  23.997  46.494 0.4000000060
100264  44.576  24.284  46.932 0.4000000060
141664  45.749  24.847  48.587 0.4000000060
100954  46.347  24.615  48.266 0.4000000060
100898  47.241  25.142  50.665 0.5000000000
101522  48.782  25.852  52.453 0.6999999881
101526  48.476  25.323  51.803 0.6999999881
138563  49.047  26.442  52.708 0.6999999881
95437  36.102  15.582  65.058 0.1000000015
94708  35.690  15.504  63.760 0.1000000015
94712  35.944  16.017  62.805 0.1000000015
95467  34.983  16.288  61.524 0.1000000015
95482  34.472  16.651  60.734 0.1000000015
95486  34.183  16.971  59.819 0.1000000015
96191  34.948  17.264  60.166 0.1000000015
96203  33.793  17.193  58.941 0.1000000015
95490  33.200  16.649  58.712 0.1000000015
95494  32.939  16.382  57.922 0.1000000015
96206  34.221  17.680  58.390 0.1000000015
95493  33.567  16.752  57.433 0.1000000015
96210  34.182  17.479  57.534 0.1000000015
94748  33.613  15.599  56.632 0.1000000015
96226  37.758  17.797  54.956 0.1000000015
95503  36.451  17.015  55.592 0.1000000015
96225  38.315  17.504  54.387 0.2000000030
98974  51.173  21.510  44.163 0.6000000238
126185  48.555  20.606  47.324 0.5000000000
98235  48.121  20.737  48.750 0.4000000060
126903  47.401  20.640  49.186 0.4000000060
144711  46.753  20.601  49.499 0.3000000119
98226  45.640  20.564  50.339 0.3000000119
96897  38.411  18.411  54.780 0.2000000030
98936  48.793  20.871  48.185 0.5000000000
98224  47.194  20.948  49.945 0.4000000060
123429  46.862  21.210  50.736 0.4000000060
98909  46.082  20.969  50.900 0.3000000119
98214  45.459  20.701  51.014 0.3000000119
98217  43.185  20.431  51.772 0.3000000119
97560  41.972  19.798  52.151 0.2000000030
149358  41.208  18.936  52.432 0.2000000030
97562  40.898  19.398  52.945 0.2000000030
97557  40.031  19.500  53.824 0.2000000030
98965  51.316  21.429  45.170 0.6000000238
98935  49.622  21.240  48.368 0.6000000238
123428  48.973  21.208  49.055 0.5000000000
98923  48.073  21.144  49.665 0.4000000060
135683  47.649  21.323  50.516 0.4000000060
98215  44.955  20.747  51.399 0.3000000119
98895  44.436  20.995  51.764 0.3000000119
98209  43.132  20.950  52.639 0.2000000030
143065  42.433  20.660  52.947 0.2000000030
97555  41.304  20.047  53.228 0.2000000030
97556  40.665  19.750  53.601 0.2000000030
97551  39.636  19.424  54.480 0.2000000030
98964  52.471  21.549  45.382 0.6999999881
125048  51.305  21.280  47.121 0.6000000238
124149  51.389  21.263  48.021 0.6000000238
98934  50.511  21.335  48.616 0.6000000238
98922  49.618  21.437  49.552 0.5000000000
143444  46.993  21.645  51.948 0.4000000060
98880  45.815  21.445  52.293 0.4000000060
98882  43.794  21.048  52.011 0.2000000030
98211  41.894  20.250  52.767 0.2000000030
125707  41.997  20.520  53.589 0.2000000030
98202  41.188  20.200  53.992 0.2000000030
98973  52.654  21.791  44.185 0.6999999881
98946  52.349  21.285  47.332 0.6000000238
98920  51.583  21.222  48.986 0.6999999881
98879  46.620  21.683  52.437 0.4000000060
149135  53.113  21.806  44.960 0.6999999881
128405  53.158  21.442  46.706 0.6999999881
125158  52.845  20.898  49.047 0.6999999881
98906  52.095  21.081  49.938 0.6999999881
98963  53.318  21.936  45.271 0.6999999881
144692  53.182  21.208  47.600 0.6999999881
98933  53.241  20.988  48.341 0.6999999881
98956  53.460  21.818  46.276 0.6999999881
98932  54.148  21.323  48.607 0.6999999881
99626  53.685  22.205  46.603 0.6999999881
99618  53.982  22.326  47.311 0.6999999881
99609  54.327  22.234  48.120 0.6999999881
100259  53.480  23.036  46.950 0.6999999881
100249  54.016  23.164  48.099 0.8000000119
100248  54.377  22.899  48.678 0.8000000119
100260  52.465  23.761  47.166 0.8000000119
100275  48.666  23.795  46.315 0.6999999881
100914  53.606  24.423  50.602 0.8000000119
100240  52.777  23.919  48.824 0.8000000119
100252  51.399  23.927  48.023 0.8000000119
100262  50.068  23.939  47.055 0.6999999881
100263  49.060  24.140  46.980 0.6000000238
100972  47.275  24.018  46.903 0.6000000238
100965  46.820  24.305  47.549 0.5000000000
100973  46.447  24.031  46.847 0.5000000000
126364  46.032  24.303  47.452 0.5000000000
100966  45.309  24.339  47.208 0.4000000060
100934  53.253  24.118  49.620 0.8000000119
100251  52.336  23.862  48.145 0.8000000119
100950  50.526  24.090  48.963 0.8000000119
100963  49.364  24.201  47.809 0.8000000119
100971  48.138  24.105  46.943 0.6999999881
100964  47.637  24.277  47.589 0.6000000238
143242  52.768  24.291  50.212 0.8000000119
100935  52.254  24.067  49.626 0.8000000119
100936  51.207  24.123  49.794 0.8000000119
125934  48.470  24.274  47.698 0.8000000119
100952  48.714  24.367  48.638 0.8000000119
127694  47.225  24.515  48.257 0.5000000000
125045  46.888  24.716  48.879 0.4000000060
100915  51.932  24.273  50.488 0.8000000119
100937  50.282  24.239  49.967 0.8000000119
129773  49.416  24.320  49.533 0.8000000119
100938  48.487  24.489  49.532 0.6999999881
143537  47.948  24.381  48.254 0.6000000238
100953  47.723  24.556  49.049 0.5000000000
100894  52.057  24.702  51.406 0.8000000119
100916  50.834  24.457  50.847 0.8000000119
100917  49.700  24.484  50.636 0.8000000119
100918  48.767  24.574  50.348 0.6999999881
125185  47.878  24.689  50.052 0.6000000238
100895  51.012  24.862  51.724 0.8000000119
136138  50.077  24.794  51.633 0.6999999881
100896  49.084  24.864  51.298 0.6999999881
100897  48.174  24.916  50.960 0.6999999881
101525  49.460  25.326  52.169 0.6999999881
95466  35.938  16.432  61.823 0.1000000015
95481  35.382  16.917  61.014 0.1000000015
96190  35.775  17.536  60.456 0.1000000015
96201  35.357  17.859  59.615 0.1000000015
96875  35.495  18.443  58.185 0.1000000015
96876  34.782  18.060  57.881 0.1000000015
96879  36.785  18.831  57.163 0.1000000015
124334  36.066  18.649  57.497 0.1000000015
96884  35.582  18.182  56.867 0.1000000015
96890  37.595  18.812  55.913 0.2000000030
96891  36.945  18.471  56.015 0.1000000015
96220  36.573  17.816  55.869 0.1000000015
96889  38.336  18.912  55.534 0.2000000030
142903  37.900  18.396  55.356 0.1000000015
97552  38.965  19.108  55.059 0.2000000030
123864  48.957  21.485  49.966 0.5000000000
148932  48.327  21.456  50.403 0.5000000000
97550  40.423  19.866  54.246 0.2000000030
98921  50.512  21.398  49.478 0.6999999881
149181  48.104  21.563  50.993 0.5000000000
98881  45.111  21.508  52.811 0.2000000030
140263  44.396  21.346  52.394 0.2000000030
124712  43.803  21.423  52.671 0.2000000030
98205  42.817  20.925  53.498 0.2000000030
135216  42.549  20.799  54.142 0.2000000030
123917  51.008  21.417  50.190 0.6999999881
98907  50.717  21.492  50.887 0.6000000238
123919  50.010  21.627  51.355 0.6999999881
98892  47.395  21.553  51.404 0.4000000060
123921  45.962  21.805  53.198 0.3000000119
126035  45.077  21.721  53.654 0.2000000030
98871  44.308  21.667  53.140 0.2000000030
98872  43.543  21.410  53.368 0.2000000030
123707  52.687  20.714  50.909 0.6999999881
123887  51.608  21.174  50.883 0.6000000238
140460  49.208  21.792  51.948 0.6999999881
98878  47.499  21.747  52.348 0.5000000000
98919  54.064  20.892  49.588 0.6999999881
98890  51.109  21.264  51.738 0.6999999881
123920  50.232  21.510  52.312 0.8000000119
98918  54.312  21.157  50.132 0.6999999881
98905  54.083  20.775  50.597 0.8000000119
98208  53.847  20.648  51.955 0.8000000119
98876  52.664  20.679  52.356 0.8000000119
99590  54.327  21.968  50.540 0.8000000119
98887  54.126  20.774  51.534 0.8000000119
100237  54.430  22.931  49.380 0.8000000119
99577  54.253  21.837  51.404 0.8000000119
100212  54.247  23.070  50.867 0.8000000119
100913  54.002  24.046  49.805 0.8000000119
100209  54.114  23.863  51.689 0.8000000119
95480  36.264  17.139  61.205 0.1000000015
96168  37.014  17.283  61.235 0.1000000015
96189  36.641  17.648  60.642 0.1000000015
96860  36.677  18.550  59.342 0.1000000015
96861  35.784  18.406  59.076 0.1000000015
96872  38.095  18.998  58.906 0.1000000015
96873  37.194  18.968  58.742 0.1000000015
96874  36.300  18.791  58.474 0.1000000015
97532  37.491  19.157  57.304 0.2000000030
97531  38.766  19.390  57.543 0.2000000030
97539  38.240  19.242  56.237 0.2000000030
97530  39.557  19.370  57.324 0.2000000030
97538  38.902  19.418  56.721 0.2000000030
97546  38.943  19.342  55.869 0.2000000030
97536  40.735  19.461  56.367 0.2000000030
97537  39.778  19.479  56.361 0.2000000030
97545  39.640  19.472  55.415 0.2000000030
97543  41.046  19.780  55.613 0.2000000030
97544  40.316  19.768  55.045 0.2000000030
98861  44.190  21.596  54.135 0.2000000030
98862  43.227  21.193  54.173 0.2000000030
98200  42.758  20.895  54.814 0.2000000030
98195  41.063  20.071  54.781 0.2000000030
123922  46.971  21.856  53.193 0.4000000060
142915  45.735  21.853  54.006 0.2000000030
98201  41.903  20.501  54.560 0.2000000030
142192  49.433  21.624  52.879 0.6999999881
140910  51.929  20.902  52.336 0.6000000238
98877  51.311  21.145  52.750 0.8000000119
98874  54.149  20.848  52.345 0.8000000119
98875  53.594  20.728  52.716 0.8000000119
137196  53.441  20.930  53.702 0.8000000119
98866  54.016  21.162  53.194 0.8000000119
96188  37.487  17.726  60.898 0.1000000015
96199  37.101  18.158  60.142 0.1000000015
96859  37.620  18.609  59.573 0.1000000015
133273  38.976  18.766  58.818 0.1000000015
97517  40.119  19.099  57.979 0.2000000030
97518  39.286  19.204  58.118 0.2000000030
97529  40.453  19.251  57.156 0.2000000030
98194  41.604  20.206  55.249 0.2000000030
98192  43.102  20.791  55.609 0.2000000030
123927  48.483  21.666  54.053 0.5000000000
126655  45.179  21.704  54.494 0.2000000030
98848  44.566  21.445  55.153 0.2000000030
98191  43.994  21.117  55.888 0.2000000030
123923  47.908  21.784  53.238 0.4000000060
123924  48.754  21.684  53.322 0.6999999881
98868  52.806  20.875  54.139 0.8000000119
123633  53.205  21.087  54.324 0.8000000119
97516  41.859  18.892  57.966 0.2000000030
96878  40.988  18.944  57.892 0.2000000030
97528  41.415  19.235  57.087 0.2000000030
97535  42.115  19.671  56.622 0.2000000030
98186  42.627  20.206  56.134 0.3000000119
98187  41.869  19.937  55.855 0.2000000030
123926  47.443  21.794  54.027 0.4000000060
98870  46.496  21.859  53.972 0.4000000060
98860  46.017  21.830  54.675 0.3000000119
98858  49.312  21.451  54.866 0.6999999881
123928  49.689  21.485  53.924 0.6999999881
98869  51.733  21.101  53.686 0.8000000119
104546  44.689  30.306  55.564 0.6000000238
97515  42.718  18.740  58.090 0.2000000030
97526  43.359  19.287  57.710 0.2000000030
97527  42.384  19.299  57.419 0.2000000030
97534  42.957  19.846  56.923 0.2000000030
98185  43.477  20.490  56.439 0.3000000119
98857  50.626  21.235  54.894 0.6999999881
98843  50.290  21.046  55.630 0.6999999881
98844  49.006  21.241  55.713 0.6000000238
98845  48.019  21.616  54.996 0.5000000000
98847  45.487  21.605  55.351 0.3000000119
98859  46.917  21.798  54.784 0.5000000000
123925  50.528  21.345  53.282 0.6999999881
124182  52.129  21.009  54.450 0.8000000119
104556  43.514  30.628  54.549 0.5000000000
104555  44.511  30.701  54.895 0.6999999881
105174  44.355  31.219  54.223 0.6999999881
97513  44.068  19.004  58.355 0.2000000030
97525  44.286  19.583  57.772 0.2000000030
98177  43.825  20.045  57.199 0.3000000119
98176  44.529  20.107  57.391 0.2000000030
98184  44.459  20.715  56.807 0.3000000119
98835  48.770  20.913  56.464 0.6000000238
98836  47.943  21.454  56.010 0.5000000000
98846  47.227  21.669  55.545 0.5000000000
98837  45.894  21.423  56.192 0.2000000030
98838  44.950  21.306  56.076 0.2000000030
98856  51.901  20.963  55.037 0.8000000119
105742  44.784  32.173  53.214 0.6000000238
129656  45.639  19.702  57.818 0.2000000030
130044  44.931  19.786  57.716 0.2000000030
98842  51.600  20.848  55.689 0.6999999881
98834  49.937  20.731  56.344 0.6999999881
98182  47.001  20.803  57.101 0.3000000119
98174  46.153  20.386  57.379 0.2000000030
98175  45.176  20.320  57.365 0.2000000030
98180  49.574  20.406  57.022 0.5000000000
98181  47.835  20.991  56.758 0.3000000119
130045  47.027  20.191  57.660 0.2000000030
147397  48.599  20.574  57.068 0.4000000060
129918  46.256  21.127  56.847 0.3000000119
98183  45.446  21.030  56.888 0.3000000119
98173  47.939  20.349  57.542 0.3000000119
97511  46.615  19.618  58.164 0.2000000030
99567  53.326  21.608  54.300 0.8000000119
98171  50.384  19.831  57.694 0.6999999881
97523  48.641  19.637  58.257 0.3000000119
98833  51.228  20.568  56.342 0.6999999881
98172  49.113  20.084  57.654 0.5000000000
147008  47.298  19.278  58.635 0.3000000119
98179  50.838  20.223  57.016 0.6999999881
97509  49.374  18.943  58.798 0.5000000000
97524  47.593  19.717  58.221 0.3000000119
98830  51.808  20.402  57.031 0.8000000119
98170  51.445  19.957  57.874 0.6999999881
97510  48.279  18.775  58.899 0.3000000119
98167  49.823  19.425  58.324 0.6000000238
97508  50.432  18.756  59.125 0.5000000000
97504  49.737  18.124  59.548 0.4000000060
97505  48.848  17.851  59.596 0.4000000060
96863  48.010  17.976  59.378 0.3000000119
143251  47.468  17.659  59.608 0.3000000119
96850  48.527  17.345  60.184 0.3000000119
98829  51.941  20.540  57.707 0.6999999881
126056  49.598  17.546  60.316 0.4000000060
97507  51.217  18.939  59.388 0.6000000238
98166  50.965  19.332  58.527 0.6000000238
98169  51.757  20.163  58.415 0.6999999881
93394  46.719  14.079  37.490 0.1000000015
94125  46.190  14.431  38.612 0.1000000015
94138  46.164  14.359  36.616 0.1000000015
96977  43.578  18.799  42.363 0.2000000030
93409  46.599  13.936  35.890 0.1000000015
96314  43.450  17.330  41.483 0.2000000030
94844  43.874  15.435  40.227 0.2000000030
95598  43.871  16.756  41.061 0.2000000030
96303  43.091  17.857  42.047 0.2000000030
95599  42.979  16.511  41.070 0.2000000030
99574  54.177  21.556  52.397 0.8000000119
130042  54.134  24.115  50.725 0.8000000119
91178  42.907  10.659  40.411 0.1000000015
91953  44.233  12.008  38.572 0.1000000015
92626  46.008  12.153  44.059 0.1000000015
91927  44.160  11.722  42.571 0.1000000015
92650  45.778  12.684  41.331 0.1000000015
92690  46.046  13.779  34.879 0.1000000015
92697  45.750  13.896  33.927 0.1000000015
94157  45.049  14.900  33.897 0.1000000015
92607  48.624  13.212  47.395 0.1000000015
94090  49.536  14.522  45.473 0.1000000015
93344  49.186  13.742  44.841 0.1000000015
94089  49.618  14.777  44.880 0.1000000015
134188  49.358  15.003  43.432 0.1000000015
125614  48.658  13.717  43.872 0.1000000015
94104  48.994  14.695  42.935 0.1000000015
93358  48.383  13.735  42.434 0.1000000015
141040  48.593  14.080  41.296 0.1000000015
95589  38.817  16.357  42.113 0.1000000015
94127  38.557  15.266  39.662 0.1000000015
92672  41.289  12.281  37.537 0.1000000015
148948  40.753  12.181  38.779 0.1000000015
94153  43.166  15.114  35.055 0.1000000015
94875  43.591  15.712  35.755 0.1000000015
96968  48.521  17.743  42.314 0.3000000119
97640  44.369  20.080  41.539 0.2000000030
96962  41.455  18.809  44.460 0.2000000030
94118  44.725  14.832  39.033 0.2000000030
94858  43.031  15.608  38.256 0.1000000015
94146  42.094  15.466  36.439 0.1000000015
94869  41.710  15.883  36.906 0.1000000015
140385  46.679  17.095  45.363 0.3000000119
97654  49.391  19.886  39.093 0.3000000119
98307  47.666  20.647  39.278 0.3000000119
143261  38.945  17.885  45.633 0.1000000015
96280  40.180  18.082  45.136 0.2000000030
96291  40.331  17.560  44.574 0.1000000015
95609  44.291  16.043  40.781 0.2000000030
96988  43.919  18.191  41.770 0.2000000030
133638  44.218  19.117  41.800 0.2000000030
94845  43.090  15.650  39.940 0.2000000030
98298  50.480  20.447  39.658 0.4000000060
99016  50.063  21.434  38.977 0.3000000119
99008  50.689  22.025  39.299 0.4000000060
98297  51.254  21.189  39.939 0.5000000000
126538  31.507  14.318  61.749 0.1000000015
99671  50.755  22.870  40.632 0.5000000000
94694  32.687  15.290  65.394 0.1000000015
93992  32.428  14.493  65.276 0.1000000015
93996  33.116  14.742  64.182 0.1000000015
140554  32.274  14.491  63.101 0.1000000015
133582  31.341  14.475  60.947 0.1000000015
94017  30.767  14.111  60.414 0.1000000015
94737  31.716  15.272  59.502 0.1000000015
94020  30.604  14.117  59.396 0.1000000015
95535  45.504  15.961  50.295 0.2000000030
148294  44.337  17.792  49.896 0.2000000030
145727  44.144  15.904  52.407 0.2000000030
94773  43.482  15.495  53.035 0.1000000015
94761  38.831  14.963  54.846 0.1000000015
141329  39.581  14.457  55.089 0.1000000015
93273  37.629  13.645  56.291 0.1000000015
94029  36.239  14.152  56.196 0.1000000015
94042  37.405  14.552  55.718 0.1000000015
145070  37.634  13.092  56.764 0.1000000015
95527  43.688  16.225  52.013 0.2000000030
139234  41.153  22.983  46.679 0.3000000119
93234  31.649  13.335  65.623 0.1000000015
91790  32.004  11.228  64.931 0.1000000015
95424  33.690  16.369  65.122 0.1000000015
94692  34.258  15.614  64.755 0.1000000015
94715  33.238  15.131  62.457 0.1000000015
94724  32.931  15.326  61.578 0.1000000015
125963  32.385  15.354  60.702 0.1000000015
94759  40.518  14.880  53.992 0.1000000015
145889  39.840  15.572  53.592 0.1000000015
141501  37.499  15.397  55.317 0.1000000015
94030  35.569  14.990  55.988 0.1000000015
98252  47.351  20.205  47.618 0.4000000060
133842  39.650  16.519  53.332 0.1000000015
95510  37.723  16.901  54.721 0.1000000015
96905  41.263  18.174  52.222 0.2000000030
96236  40.791  17.629  52.519 0.2000000030
97565  43.255  19.518  51.098 0.3000000119
100313  49.828  23.382  43.214 0.5000000000
123591  43.844  24.389  48.483 0.4000000060
100920  45.686  25.451  49.863 0.4000000060
94691  35.234  15.547  64.923 0.1000000015
94701  36.269  15.550  64.448 0.1000000015
94713  35.001  15.790  62.984 0.1000000015
94732  33.107  15.753  60.781 0.1000000015
95483  33.752  16.235  60.834 0.1000000015
95468  34.248  16.187  61.357 0.1000000015
94733  32.504  15.729  59.937 0.1000000015
95488  32.872  16.224  59.300 0.1000000015
94743  32.547  15.731  57.493 0.1000000015
95498  33.706  16.310  56.879 0.1000000015
94746  35.090  15.918  56.039 0.1000000015
95504  35.682  16.676  55.910 0.1000000015
98225  46.410  20.789  50.135 0.3000000119
98210  42.493  20.356  52.303 0.2000000030
98972  53.163  22.098  44.511 0.6000000238
98955  53.783  21.796  46.922 0.6999999881
100962  50.334  24.043  47.927 0.8000000119
94721  35.289  16.005  62.177 0.1000000015
94722  34.471  15.744  62.045 0.1000000015
96202  34.548  17.554  59.281 0.1000000015
96207  33.538  17.154  58.129 0.1000000015
95497  34.152  16.839  56.918 0.1000000015
96880  35.325  18.273  57.475 0.1000000015
96209  34.894  17.898  57.144 0.1000000015
96213  35.315  17.493  56.480 0.1000000015
96221  35.981  17.368  56.018 0.1000000015
96219  37.137  17.365  55.300 0.1000000015
98958  51.300  21.368  46.186 0.6000000238
98947  50.390  21.273  47.787 0.6000000238
123863  49.813  21.357  49.011 0.6000000238
98894  45.644  21.058  51.563 0.3000000119
98893  46.487  21.397  51.616 0.4000000060
124294  45.075  21.142  52.058 0.3000000119
98957  52.353  21.425  46.387 0.6000000238
127695  52.467  21.139  48.216 0.6000000238
98908  49.949  21.530  50.339 0.6999999881
142408  53.426  20.707  50.009 0.6999999881
99600  54.420  22.042  49.721 0.8000000119
100239  53.637  23.751  48.883 0.8000000119
100250  53.214  23.614  47.967 0.8000000119
100226  54.268  23.591  49.952 0.8000000119
100949  51.719  23.947  48.887 0.8000000119
100951  49.641  24.211  48.577 0.8000000119
95455  36.583  16.344  62.434 0.1000000015
96205  34.983  18.078  58.732 0.1000000015
96883  36.394  18.403  56.567 0.1000000015
96882  37.122  18.817  56.554 0.1000000015
97520  37.694  19.301  58.166 0.1000000015
97521  36.876  19.118  57.908 0.1000000015
96212  35.966  17.844  56.363 0.1000000015
127487  37.297  18.144  55.533 0.2000000030
123816  38.204  19.304  57.016 0.2000000030
123918  48.957  21.613  50.963 0.6999999881
98891  48.260  21.712  51.708 0.5000000000
98889  52.155  20.818  51.674 0.6999999881
98888  53.127  20.591  51.813 0.8000000119
140886  48.476  21.763  52.561 0.6999999881
98223  53.642  20.600  51.156 0.6999999881
98886  54.300  21.051  51.782 0.8000000119
123819  52.573  20.806  53.149 0.8000000119
96200  36.185  18.112  59.921 0.1000000015
97519  38.481  19.271  58.229 0.2000000030
125933  40.295  19.586  55.746 0.2000000030
143864  41.437  19.591  56.308 0.2000000030
98849  43.611  21.245  54.974 0.2000000030
96846  38.008  18.216  60.415 0.1000000015
98193  42.287  20.474  55.372 0.2000000030
130484  46.395  21.688  55.492 0.4000000060
123929  51.070  21.234  54.221 0.8000000119
129430  46.926  21.426  56.322 0.3000000119
99603  37.996  22.129  49.130 0.1000000015
99621  38.922  21.936  47.719 0.1000000015
124831  39.390  22.257  48.206 0.1000000015
99630  39.241  21.984  46.973 0.1000000015
98262  38.852  20.793  46.339 0.1000000015
99612  38.603  22.064  48.577 0.1000000015
141670  39.597  21.819  46.490 0.1000000015
99611  39.166  22.367  48.988 0.2000000030
99620  39.651  22.307  47.344 0.1000000015
99619  40.111  22.490  47.898 0.1000000015
123557  40.373  22.613  47.028 0.1000000015
99629  40.054  22.281  46.565 0.1000000015
100255  40.574  22.718  48.476 0.2000000030
99610  39.903  22.603  48.954 0.2000000030
100268  40.899  22.744  47.709 0.2000000030
100254  41.346  23.077  48.694 0.2000000030
100253  42.389  23.578  48.505 0.3000000119
100242  42.585  23.914  49.317 0.3000000119
101531  43.590  25.886  50.929 0.3000000119
131135  43.343  25.078  50.352 0.3000000119
102685  45.100  27.172  51.775 0.3000000119
102686  44.372  27.154  51.406 0.3000000119
102075  44.185  26.447  51.183 0.3000000119
131332  44.729  27.951  51.545 0.3000000119
127383  44.215  25.368  50.452 0.3000000119
134017  43.723  24.443  49.197 0.3000000119
135497  46.003  28.254  51.963 0.3000000119
102074  44.846  26.441  51.454 0.3000000119
103973  46.098  29.181  51.486 0.3000000119
100922  43.966  24.808  49.787 0.3000000119
101529  45.346  25.942  51.227 0.3000000119
136338  45.919  27.244  52.033 0.3000000119
102073  45.594  26.472  51.704 0.3000000119
100921  44.833  25.194  49.810 0.3000000119
101528  46.210  25.944  51.465 0.3000000119
101545  45.081  25.578  50.575 0.3000000119
102071  46.878  26.231  51.965 0.3000000119
102072  46.235  26.515  51.921 0.3000000119
102681  47.155  27.298  52.387 0.3000000119
102069  46.662  26.916  52.238 0.3000000119
98165  51.549  19.603  58.824 0.6000000238
98160  51.511  19.742  59.831 0.6000000238
97503  50.758  18.232  60.030 0.5000000000
106867  45.652  34.740  50.587 0.6000000238
146636  46.142  35.407  50.219 0.6000000238
148468  45.277  30.356  42.075 0.4000000060
106866  46.516  34.976  50.818 0.6000000238
101544  45.904  25.682  50.698 0.3000000119
100241  43.167  24.068  48.884 0.3000000119
101530  44.540  25.895  51.005 0.3000000119
98134  48.046  19.515  61.358 0.3000000119
96148  47.972  16.464  62.992 0.2000000030
96158  48.262  16.720  62.289 0.2000000030
97475  47.337  18.027  62.773 0.2000000030
97480  48.851  18.177  61.696 0.2000000030
96828  48.158  17.736  62.168 0.2000000030
97476  46.050  18.894  62.658 0.2000000030
98143  51.151  19.001  60.286 0.5000000000
97494  50.335  18.327  61.078 0.5000000000
133411  47.725  18.931  61.755 0.2000000030
97481  46.772  19.089  62.106 0.2000000030
98144  50.721  19.262  60.847 0.5000000000
98145  49.801  19.720  61.117 0.5000000000
145786  46.076  19.795  61.662 0.2000000030
98135  46.780  19.917  61.423 0.2000000030
97482  45.437  19.754  62.015 0.2000000030
124345  47.791  16.581  63.660 0.2000000030
96159  48.016  16.332  62.316 0.2000000030
142266  48.069  17.041  62.797 0.2000000030
96822  47.734  17.096  63.494 0.2000000030
96823  46.762  18.208  63.269 0.2000000030
130302  50.446  20.502  61.000 0.5000000000
98799  51.143  20.098  60.646 0.5000000000
98147  47.343  20.621  61.043 0.2000000030
98136  45.700  20.484  61.365 0.2000000030
98137  44.749  20.544  61.575 0.2000000030
98793  45.074  21.087  61.125 0.2000000030
139023  43.405  17.584  65.038 0.1000000015
95432  46.487  16.430  64.303 0.2000000030
96142  47.523  16.649  64.163 0.2000000030
96135  47.354  16.751  65.146 0.2000000030
96818  47.639  16.904  64.348 0.2000000030
130262  47.582  16.901  65.056 0.2000000030
96819  46.903  17.922  64.077 0.2000000030
96820  45.749  18.819  63.390 0.2000000030
97477  44.927  19.455  62.750 0.2000000030
98130  44.341  20.101  62.218 0.2000000030
98794  44.348  21.203  61.154 0.2000000030
96103  44.230  17.853  65.892 0.1000000015
96118  44.845  17.282  65.228 0.1000000015
96119  42.506  17.795  65.358 0.1000000015
96117  46.459  16.955  65.457 0.2000000030
147806  46.529  16.641  64.917 0.2000000030
96100  47.440  17.085  65.727 0.2000000030
96134  47.511  17.134  65.714 0.2000000030
96813  47.379  17.569  65.273 0.2000000030
146901  46.671  18.258  64.557 0.2000000030
98138  43.887  20.750  61.720 0.2000000030
96102  45.688  17.581  66.040 0.1000000015
96104  43.071  18.048  65.890 0.1000000015
96120  41.883  17.708  65.238 0.1000000015
95433  39.257  16.738  64.051 0.1000000015
148421  40.735  17.406  65.054 0.1000000015
96101  47.052  17.387  66.090 0.2000000030
96785  46.576  18.012  66.604 0.1000000015
145604  47.457  17.383  65.960 0.2000000030
96800  47.382  17.657  66.113 0.2000000030
97478  43.903  19.791  62.914 0.2000000030
98795  43.534  21.376  61.241 0.2000000030
96105  42.039  17.980  65.971 0.1000000015
96106  41.167  17.958  66.259 0.1000000015
96122  40.412  17.521  65.799 0.1000000015
125784  39.517  17.293  65.592 0.1000000015
96788  42.782  18.287  66.696 0.1000000015
96121  41.258  17.652  65.519 0.1000000015
134324  40.064  17.234  64.975 0.1000000015
96787  43.774  18.240  66.617 0.1000000015
96784  47.227  17.859  66.308 0.2000000030
100738  39.561  25.152  72.318 0.1000000015
101362  39.470  25.926  72.939 0.1000000015
100053  40.974  24.207  72.536 0.1000000015
100751  39.833  24.379  71.714 0.1000000015
97430  39.962  18.865  67.589 0.1000000015
141864  40.419  17.985  66.584 0.1000000015
96777  39.749  18.190  67.008 0.1000000015
96789  41.876  18.321  66.770 0.1000000015
96107  39.681  17.660  66.348 0.1000000015
96773  43.650  18.598  67.435 0.1000000015
96786  45.082  18.241  66.702 0.1000000015
147852  44.287  18.424  67.068 0.1000000015
96771  46.235  18.601  67.282 0.1000000015
99417  41.211  23.295  71.936 0.1000000015
101347  40.041  26.359  73.412 0.1000000015
96770  46.837  18.488  66.839 0.1000000015
98132  42.626  20.665  62.625 0.2000000030
98131  43.454  20.395  62.410 0.2000000030
96814  45.791  18.754  64.108 0.2000000030
98139  43.051  20.976  61.891 0.2000000030
96775  41.730  18.659  67.467 0.1000000015
96790  41.071  18.357  66.949 0.1000000015
149224  40.411  18.373  67.170 0.1000000015
142711  43.067  18.794  67.729 0.1000000015
97427  42.564  18.995  68.002 0.1000000015
96774  42.583  18.602  67.346 0.1000000015
97426  43.601  19.011  68.168 0.1000000015
97425  44.656  18.965  68.181 0.1000000015
98725  42.102  21.141  70.476 0.1000000015
99428  42.629  22.378  71.684 0.1000000015
99429  41.462  22.506  71.332 0.1000000015
96772  44.956  18.627  67.502 0.1000000015
97409  44.584  19.415  68.926 0.1000000015
97399  43.858  19.806  69.317 0.1000000015
98724  43.418  21.104  71.109 0.1000000015
144013  41.870  23.833  72.691 0.1000000015
147041  42.995  20.330  63.785 0.2000000030
97473  43.632  19.909  63.647 0.2000000030
136882  43.476  20.612  70.281 0.1000000015
144924  41.448  21.451  63.369 0.2000000030
98126  42.444  20.625  63.424 0.2000000030
98127  41.797  21.008  62.901 0.2000000030
98125  43.118  20.216  63.125 0.2000000030
97467  44.169  19.761  64.216 0.2000000030
137121  42.184  21.172  62.080 0.2000000030
97472  44.661  19.441  63.608 0.2000000030
97465  46.314  18.689  64.920 0.2000000030
98796  42.681  21.559  61.376 0.2000000030
96776  40.871  18.670  67.639 0.1000000015
97428  41.533  19.056  68.117 0.1000000015
100749  42.346  25.016  72.008 0.1000000015
100748  42.874  24.223  72.316 0.1000000015
101906  40.571  26.249  73.164 0.1000000015
101907  39.991  26.880  73.389 0.1000000015
100726  41.165  24.999  73.171 0.1000000015
100133  41.610  23.346  64.445 0.2000000030
98778  41.512  21.820  64.013 0.2000000030
98119  42.607  20.836  64.284 0.2000000030
98054  44.031  20.389  69.893 0.1000000015
99498  41.156  22.580  64.002 0.2000000030
99507  40.926  21.975  63.310 0.2000000030
98785  41.906  21.132  63.812 0.2000000030
97424  45.891  19.020  68.126 0.1000000015
98791  40.773  21.834  62.475 0.2000000030
98790  41.398  21.465  62.227 0.2000000030
97466  45.105  19.376  64.476 0.2000000030
99514  40.866  21.962  61.571 0.2000000030
98797  41.796  21.729  61.504 0.2000000030
103348  43.334  29.110  49.957 0.1000000015
103349  42.593  28.896  49.831 0.1000000015
100760  42.910  24.306  71.621 0.1000000015
100725  41.590  24.992  72.964 0.1000000015
100052  42.599  23.949  72.673 0.1000000015
100735  42.152  24.675  72.631 0.1000000015
99415  43.047  23.206  72.271 0.1000000015
100736  41.790  24.498  72.836 0.1000000015
100134  40.946  23.990  64.152 0.2000000030
134588  42.667  21.592  71.216 0.1000000015
99416  42.250  23.208  72.327 0.1000000015
99499  40.820  23.266  63.979 0.2000000030
99497  41.945  22.424  64.577 0.2000000030
98777  42.284  21.631  64.563 0.2000000030
100142  40.196  23.702  63.590 0.2000000030
143587  40.488  22.769  63.459 0.2000000030
98787  40.418  22.342  62.825 0.2000000030
100146  39.880  23.006  62.759 0.2000000030
99510  39.581  22.877  61.747 0.2000000030
99509  40.228  22.344  62.093 0.2000000030
147555  39.413  23.090  60.464 0.2000000030
99527  39.859  22.732  60.605 0.2000000030
99526  40.644  22.428  60.739 0.2000000030
103991  42.979  29.346  49.242 0.1000000015
103992  42.137  29.143  49.123 0.1000000015
100082  44.116  22.706  69.315 0.1000000015
100071  43.959  23.169  70.616 0.1000000015
100063  43.406  23.577  71.642 0.1000000015
99439  44.483  22.388  70.469 0.1000000015
98712  44.746  21.892  71.022 0.1000000015
99414  43.464  23.165  71.873 0.1000000015
98713  44.219  21.833  71.479 0.1000000015
98699  43.555  22.556  71.720 0.1000000015
97398  44.629  20.016  69.596 0.1000000015
137348  42.543  23.104  64.816 0.2000000030
144446  45.278  19.204  68.561 0.1000000015
131349  39.050  23.416  61.624 0.2000000030
98118  43.496  20.365  64.537 0.2000000030
100150  39.274  23.102  60.991 0.2000000030
104002  41.863  29.376  48.294 0.2000000030
104003  41.106  29.291  48.186 0.1000000015
100112  45.256  24.170  66.224 0.2000000030
100098  44.704  23.446  67.109 0.1000000015
100081  44.784  22.787  68.113 0.1000000015
125115  43.624  23.076  68.092 0.1000000015
125720  45.592  22.233  68.084 0.1000000015
99450  44.808  22.209  69.243 0.1000000015
99448  46.003  21.375  68.562 0.1000000015
98052  45.517  20.846  69.468 0.1000000015
99438  44.772  21.835  70.136 0.1000000015
98081  46.593  20.271  67.844 0.1000000015
98062  46.270  20.344  68.713 0.1000000015
98722  44.897  21.319  70.225 0.1000000015
98723  44.461  21.116  70.840 0.1000000015
98767  44.173  21.881  65.905 0.2000000030
97408  45.817  19.545  68.772 0.1000000015
98063  45.426  20.091  69.402 0.1000000015
98766  45.311  21.452  66.403 0.2000000030
98106  45.213  20.336  65.933 0.2000000030
98093  45.901  20.657  66.707 0.2000000030
98092  46.526  20.264  67.199 0.2000000030
143306  46.674  19.395  67.515 0.1000000015
139925  46.520  19.527  68.159 0.1000000015
100817  41.816  24.317  64.428 0.2000000030
100132  42.664  23.910  64.773 0.2000000030
99490  43.150  22.415  65.163 0.2000000030
98107  44.103  20.833  65.644 0.2000000030
98105  46.311  19.752  66.419 0.2000000030
97451  47.006  18.650  66.044 0.2000000030
97439  46.823  19.125  66.933 0.2000000030
147543  46.755  18.759  67.122 0.2000000030
98776  43.204  21.299  65.047 0.2000000030
97452  45.716  19.464  65.422 0.2000000030
97438  46.986  18.317  66.599 0.2000000030
100143  39.537  23.819  63.014 0.2000000030
98117  44.505  19.979  65.031 0.2000000030
100151  38.614  23.663  61.112 0.3000000119
100156  38.889  23.440  60.301 0.3000000119
100848  38.911  24.043  59.106 0.3000000119
104004  40.430  29.146  48.088 0.1000000015
104001  42.621  29.569  48.474 0.1000000015
100808  44.741  24.996  65.426 0.1000000015
100815  43.858  25.137  64.833 0.1000000015
101425  45.133  25.502  65.876 0.1000000015
100795  45.199  25.233  66.044 0.2000000030
140595  44.835  24.243  65.519 0.1000000015
100807  45.310  24.807  65.936 0.2000000030
100097  45.671  23.063  67.165 0.2000000030
99489  44.667  23.242  65.699 0.2000000030
100122  45.350  23.897  66.061 0.1000000015
123612  45.464  23.277  66.599 0.2000000030
99478  46.008  22.703  66.900 0.2000000030
148684  46.237  21.963  67.614 0.1000000015
100131  43.847  24.430  64.991 0.2000000030
99488  45.523  22.796  66.407 0.2000000030
141273  46.143  22.269  66.795 0.2000000030
99464  46.436  22.062  67.106 0.1000000015
98744  46.390  21.229  67.830 0.1000000015
100123  43.644  23.573  65.185 0.2000000030
98755  46.338  21.465  66.957 0.2000000030
98754  46.383  21.108  67.334 0.2000000030
100828  40.508  24.633  63.795 0.2000000030
100148  38.661  23.970  61.910 0.3000000119
100829  39.784  24.518  63.285 0.2000000030
101447  40.206  25.315  63.391 0.2000000030
100170  38.349  23.995  59.624 0.3000000119
100833  38.502  24.698  62.110 0.3000000119
100834  38.137  24.474  61.334 0.3000000119
100862  37.717  24.627  59.333 0.2000000030
100838  38.151  24.020  60.457 0.3000000119
101467  37.222  24.997  59.866 0.2000000030
101460  37.282  25.263  60.570 0.2000000030
145348  37.526  25.501  58.434 0.2000000030
101482  37.180  25.340  59.031 0.2000000030
101468  36.836  25.637  59.576 0.2000000030
101483  37.033  25.938  58.417 0.2000000030
102655  38.014  27.124  57.140 0.2000000030
102045  37.227  26.589  57.743 0.2000000030
102664  37.819  27.847  56.627 0.2000000030
102656  37.041  27.450  57.155 0.2000000030
103303  37.664  28.426  56.056 0.2000000030
104008  42.290  29.738  47.700 0.1000000015
104009  41.534  29.588  47.575 0.2000000030
104010  40.735  29.470  47.505 0.1000000015
101434  43.752  25.787  64.710 0.1000000015
148217  43.001  25.357  64.570 0.1000000015
101435  42.768  25.933  64.374 0.1000000015
101436  41.998  25.244  64.348 0.1000000015
100816  42.813  24.730  64.661 0.1000000015
100818  41.195  24.741  64.182 0.2000000030
101455  39.522  25.259  62.948 0.3000000119
100832  39.060  24.431  62.668 0.3000000119
101457  38.215  25.356  61.861 0.3000000119
102663  38.813  27.753  56.779 0.2000000030
141997  36.638  26.038  59.021 0.2000000030
103302  38.581  28.331  56.245 0.2000000030
102026  36.620  26.627  58.423 0.2000000030
103313  38.347  28.799  55.627 0.2000000030
103293  36.206  27.905  57.149 0.2000000030
103312  39.249  28.824  55.836 0.2000000030
102665  36.848  28.135  56.546 0.2000000030
103304  35.917  28.643  56.433 0.2000000030
104560  38.148  30.179  54.219 0.2000000030
103314  37.585  28.887  55.544 0.2000000030
103954  36.356  29.859  54.800 0.2000000030
128542  36.088  29.234  55.590 0.2000000030
104561  37.100  30.412  54.124 0.2000000030
104562  36.174  30.470  54.255 0.2000000030
104563  35.450  30.278  54.594 0.2000000030
103955  35.385  29.756  55.260 0.2000000030
104575  36.456  30.882  53.697 0.2000000030
104576  35.572  30.849  53.956 0.2000000030
104623  42.697  30.123  47.130 0.2000000030
104632  42.436  30.282  46.420 0.2000000030
104624  41.979  29.896  46.971 0.2000000030
104014  41.213  29.793  46.855 0.2000000030
104015  40.384  29.676  46.734 0.2000000030
101993  42.579  26.674  64.189 0.1000000015
101445  41.823  26.114  64.048 0.1000000015
101998  41.705  26.992  63.688 0.1000000015
129901  41.158  26.320  63.636 0.1000000015
102610  41.119  27.729  63.318 0.1000000015
129102  40.526  26.085  63.358 0.2000000030
101446  41.021  25.507  63.863 0.2000000030
101458  37.658  25.250  61.191 0.2000000030
103311  40.158  28.836  55.997 0.3000000119
103301  39.515  28.324  56.438 0.3000000119
101461  36.902  25.682  60.232 0.2000000030
137983  36.281  27.360  58.498 0.2000000030
103949  41.268  29.947  54.994 0.3000000119
103941  39.841  29.376  55.422 0.3000000119
102046  36.564  27.306  57.820 0.2000000030
104557  40.905  30.434  54.495 0.3000000119
103950  40.392  29.908  54.956 0.3000000119
103951  39.515  29.864  54.867 0.3000000119
104571  40.587  30.880  53.963 0.3000000119
104559  39.138  30.355  54.355 0.3000000119
103945  35.324  29.393  56.024 0.2000000030
105186  40.338  31.335  53.432 0.4000000060
104572  39.686  30.905  53.828 0.3000000119
104574  37.894  30.750  53.640 0.2000000030
105201  39.182  31.667  52.928 0.3000000119
105188  38.489  31.237  53.284 0.3000000119
141363  37.194  30.909  53.532 0.2000000030
105191  35.906  31.435  53.262 0.2000000030
105192  34.958  31.392  53.622 0.2000000030
105760  36.145  32.305  52.216 0.3000000119
105205  35.807  31.938  52.718 0.2000000030
105206  35.248  31.804  53.016 0.2000000030
104633  41.703  30.137  46.257 0.2000000030
104020  40.112  29.982  45.898 0.2000000030
104016  39.514  29.522  46.537 0.2000000030
104634  40.929  30.097  46.096 0.2000000030
104040  38.241  29.001  43.509 0.2000000030
103395  37.848  28.123  42.728 0.2000000030
103402  37.405  27.040  42.017 0.2000000030
103411  39.444  27.433  40.863 0.2000000030
103412  38.667  26.966  41.094 0.2000000030
103421  40.574  27.010  39.440 0.2000000030
123563  40.022  26.482  38.751 0.2000000030
102779  39.010  26.463  40.133 0.2000000030
136190  44.045  26.616  36.879 0.3000000119
102790  42.803  26.589  37.559 0.3000000119
103439  45.533  27.529  36.789 0.3000000119
101999  40.098  26.567  62.876 0.2000000030
102000  39.962  25.864  63.038 0.3000000119
102621  39.486  26.938  62.395 0.2000000030
101456  38.839  25.348  62.462 0.3000000119
102007  39.440  26.049  62.635 0.3000000119
102622  38.848  27.272  61.902 0.2000000030
102010  37.863  26.065  61.536 0.2000000030
143867  36.895  26.332  60.575 0.2000000030
102628  37.416  26.801  61.167 0.2000000030
102013  36.599  26.353  59.793 0.2000000030
102017  36.372  26.825  59.075 0.2000000030
102631  36.775  27.065  60.493 0.2000000030
147784  35.973  27.931  58.565 0.2000000030
105176  42.697  30.826  54.064 0.4000000060
143308  41.844  30.477  54.418 0.3000000119
103276  35.744  28.486  58.254 0.2000000030
140317  35.357  29.157  56.689 0.2000000030
105184  42.719  31.494  53.464 0.4000000060
104570  41.305  30.837  54.035 0.4000000060
103931  35.195  29.423  57.206 0.2000000030
103932  34.871  29.814  56.503 0.2000000030
103946  34.794  29.985  55.681 0.2000000030
105198  42.342  31.905  52.884 0.4000000060
144144  41.955  31.517  53.299 0.4000000060
142771  40.778  31.720  52.931 0.4000000060
104564  34.740  30.843  54.441 0.2000000030
105755  41.090  32.129  52.339 0.4000000060
105757  38.844  32.098  52.193 0.3000000119
105203  37.373  31.732  52.609 0.3000000119
105744  34.457  32.060  53.149 0.2000000030
105762  33.753  32.631  52.922 0.2000000030
105770  40.423  32.470  51.791 0.4000000060
105772  38.497  32.586  51.495 0.3000000119
105759  37.025  32.244  52.026 0.3000000119
105776  34.791  32.876  51.840 0.3000000119
134640  34.387  32.562  52.462 0.2000000030
106303  39.945  32.980  51.088 0.4000000060
106304  39.079  33.005  51.094 0.3000000119
106305  37.995  32.975  51.039 0.3000000119
106323  36.751  33.726  50.768 0.3000000119
106308  35.371  33.331  51.287 0.3000000119
106877  36.337  34.356  50.380 0.3000000119
127320  35.498  34.331  50.494 0.3000000119
126656  42.233  30.378  45.693 0.2000000030
104642  41.512  30.331  45.492 0.2000000030
104643  40.729  30.329  45.265 0.2000000030
104644  39.908  30.160  45.023 0.2000000030
104030  39.089  29.842  44.770 0.2000000030
104022  38.462  29.473  45.406 0.2000000030
145662  42.696  30.535  45.203 0.2000000030
140356  41.406  30.467  44.631 0.2000000030
104660  39.744  30.125  44.120 0.2000000030
124093  38.971  29.650  43.887 0.2000000030
104031  38.318  29.405  44.481 0.2000000030
104658  42.111  30.420  44.924 0.2000000030
104039  39.656  29.681  43.280 0.2000000030
104051  39.387  29.041  42.467 0.2000000030
103400  39.022  28.131  41.767 0.2000000030
104080  41.912  28.590  40.226 0.2000000030
104067  40.682  28.993  41.347 0.2000000030
103410  40.244  27.852  40.588 0.2000000030
104076  46.007  29.022  39.626 0.4000000060
104077  44.724  29.221  39.864 0.3000000119
103418  43.180  28.105  39.132 0.2000000030
103419  42.390  27.720  39.300 0.2000000030
103409  41.068  28.217  40.372 0.2000000030
103430  44.533  27.451  37.844 0.2000000030
103431  43.540  26.939  37.879 0.2000000030
103432  42.807  26.979  38.356 0.2000000030
102627  38.153  27.676  61.471 0.2000000030
102008  38.673  26.284  62.114 0.2000000030
137058  38.203  26.826  61.638 0.2000000030
133527  37.349  27.738  60.924 0.2000000030
103268  36.768  27.924  60.283 0.2000000030
102632  36.455  27.285  59.704 0.2000000030
102634  36.132  27.609  59.071 0.2000000030
105183  43.497  31.720  53.369 0.4000000060
105197  43.133  32.055  52.969 0.5000000000
104540  34.518  30.407  56.074 0.2000000030
105193  34.220  31.675  54.085 0.2000000030
105745  33.750  32.373  53.716 0.2000000030
106288  45.940  33.284  52.339 0.5000000000
105769  41.428  32.598  51.690 0.5000000000
106289  33.757  33.030  52.082 0.2000000030
106301  41.873  33.157  51.064 0.5000000000
106302  40.894  33.070  51.081 0.5000000000
106321  38.560  33.472  50.690 0.3000000119
106322  37.645  33.589  50.673 0.3000000119
106878  34.708  34.224  50.645 0.3000000119
147510  40.596  34.241  50.222 0.4000000060
106873  39.877  34.206  50.224 0.4000000060
106874  39.018  34.141  50.218 0.4000000060
106876  37.237  34.260  50.283 0.3000000119
106893  35.754  34.842  49.799 0.3000000119
106890  38.606  34.720  49.724 0.4000000060
106891  37.719  34.752  49.727 0.3000000119
107472  37.280  35.395  49.292 0.3000000119
104659  40.588  30.420  44.349 0.2000000030
124180  42.119  30.414  44.078 0.2000000030
104676  40.462  30.203  43.428 0.2000000030
104050  40.337  29.579  42.427 0.2000000030
104066  41.531  29.323  41.150 0.2000000030
104063  44.271  29.863  40.810 0.3000000119
104079  42.752  28.952  40.120 0.2000000030
104087  47.300  28.444  38.390 0.4000000060
103270  36.327  28.118  59.587 0.2000000030
129040  44.188  31.689  53.574 0.5000000000
133763  35.464  29.212  57.985 0.2000000030
103903  35.653  29.883  58.491 0.2000000030
105743  43.941  32.087  53.020 0.5000000000
103921  34.867  30.040  57.141 0.2000000030
104532  34.609  30.546  56.729 0.2000000030
105161  34.302  31.252  56.167 0.2000000030
105750  45.384  32.657  52.749 0.6000000238
105752  43.624  32.328  52.357 0.5000000000
105753  42.774  32.263  52.294 0.5000000000
105734  33.646  32.437  55.029 0.2000000030
105767  43.253  32.684  51.687 0.5000000000
106279  33.208  32.999  53.521 0.2000000030
106290  32.941  33.594  52.363 0.2000000030
106298  45.573  33.618  51.602 0.6000000238
106315  45.145  34.100  50.994 0.5000000000
106300  42.827  33.208  51.117 0.5000000000
106317  42.400  33.796  50.544 0.5000000000
106871  42.044  34.459  49.959 0.5000000000
106318  41.320  33.860  50.478 0.5000000000
106888  40.311  34.752  49.798 0.4000000060
106887  41.737  35.233  49.477 0.5000000000
132099  40.833  35.318  49.382 0.4000000060
107470  39.101  35.358  49.322 0.4000000060
107471  38.198  35.365  49.294 0.4000000060
107467  42.406  35.950  49.253 0.5000000000
107482  39.581  35.988  48.943 0.4000000060
107484  37.792  35.949  48.797 0.4000000060
107486  35.953  35.975  48.650 0.3000000119
108029  37.358  36.523  48.285 0.4000000060
108030  36.446  36.612  48.250 0.4000000060
104688  42.680  30.305  42.782 0.2000000030
104675  41.372  30.428  43.618 0.2000000030
104687  43.543  30.374  42.539 0.2000000030
104690  41.046  30.189  42.850 0.2000000030
104703  43.862  30.285  41.691 0.2000000030
104048  42.076  30.071  41.933 0.2000000030
104049  41.254  29.820  42.083 0.2000000030
104064  43.271  29.815  40.932 0.2000000030
104704  42.939  30.217  41.837 0.2000000030
139923  45.418  29.648  40.676 0.3000000119
105751  44.505  32.426  52.487 0.5000000000
105765  45.095  32.866  51.921 0.5000000000
105766  44.168  32.746  51.772 0.5000000000
141349  44.263  33.902  50.753 0.5000000000
106299  43.745  33.276  51.200 0.5000000000
145141  32.804  33.608  53.192 0.2000000030
106851  32.237  34.866  53.017 0.1000000015
106316  43.354  33.820  50.634 0.5000000000
106869  43.891  34.467  50.227 0.5000000000
106885  43.538  35.116  49.771 0.5000000000
106886  42.660  35.136  49.621 0.5000000000
107466  43.244  35.834  49.398 0.5000000000
107464  45.746  35.986  49.715 0.5000000000
108013  42.276  36.757  49.008 0.4000000060
107468  41.471  36.100  49.058 0.4000000060
108026  40.129  36.460  48.504 0.4000000060
108027  39.204  36.418  48.352 0.4000000060
108012  43.082  36.594  49.112 0.3000000119
108041  38.765  36.825  47.531 0.4000000060
108028  38.275  36.426  48.260 0.4000000060
108043  36.927  37.047  47.663 0.3000000119
108623  39.538  37.062  46.971 0.4000000060
142382  38.094  37.160  47.022 0.4000000060
108637  37.141  37.983  46.501 0.4000000060
106868  44.766  34.584  50.397 0.5000000000
107457  45.256  35.288  50.076 0.5000000000
106884  44.396  35.169  49.911 0.5000000000
132651  44.034  35.840  49.548 0.5000000000
147201  43.731  36.446  49.292 0.5000000000
108023  43.857  37.088  49.026 0.3000000119
108634  40.224  37.295  46.431 0.4000000060
108635  39.383  37.510  46.170 0.4000000060
125903  37.914  37.683  46.460 0.4000000060
107465  44.858  35.917  49.649 0.5000000000
108010  45.281  36.645  49.340 0.5000000000
108022  44.800  37.191  49.016 0.5000000000
108607  45.218  37.536  48.290 0.4000000060
108608  44.387  37.686  47.921 0.3000000119
108630  44.306  37.821  47.113 0.4000000060
145183  37.583  25.896  58.000 0.2000000030
104657  42.774  30.526  44.467 0.2000000030
104702  44.853  30.215  41.525 0.3000000119
104701  45.894  29.962  41.418 0.3000000119
104089  45.187  28.404  38.847 0.2000000030
100737  40.429  25.019  72.923 0.1000000015
101925  39.426  26.654  73.316 0.1000000015
101346  40.613  25.657  73.238 0.1000000015
97423  46.662  18.950  67.543 0.1000000015
100051  43.170  23.634  72.306 0.1000000015
99515  40.128  22.469  61.290 0.2000000030
100147  39.237  23.554  62.322 0.2000000030
103359  41.445  29.024  48.838 0.1000000015
99427  44.203  22.732  71.368 0.1000000015
148266  45.350  23.463  66.651 0.2000000030
99449  45.307  21.636  69.351 0.1000000015
103315  36.823  28.744  55.886 0.2000000030
103943  38.015  29.278  55.009 0.2000000030
103942  38.945  29.331  55.268 0.2000000030
103953  37.453  29.765  54.636 0.2000000030
103944  37.053  29.308  55.252 0.2000000030
105190  36.849  31.340  53.147 0.2000000030
103294  35.624  28.577  57.308 0.2000000030
104558  40.047  30.394  54.417 0.4000000060
105185  41.211  31.334  53.501 0.4000000060
104573  38.748  30.789  53.811 0.2000000030
105200  40.027  31.710  52.922 0.4000000060
105189  37.676  31.272  53.147 0.2000000030
105202  38.258  31.676  52.695 0.3000000119
105775  35.716  32.763  51.756 0.3000000119
105774  36.552  32.679  51.652 0.3000000119
104052  38.610  28.609  42.601 0.2000000030
104032  37.564  28.897  44.161 0.2000000030
103401  38.236  27.615  41.927 0.2000000030
102772  37.810  26.492  41.253 0.2000000030
103422  39.748  26.712  39.754 0.2000000030
104068  39.827  28.588  41.584 0.2000000030
103420  41.509  27.291  39.300 0.2000000030
104569  41.956  31.053  53.768 0.4000000060
104549  34.433  30.752  55.350 0.2000000030
105199  41.553  31.794  52.876 0.4000000060
105756  39.727  32.079  52.334 0.3000000119
105771  39.426  32.511  51.639 0.3000000119
105758  37.938  32.120  52.066 0.3000000119
145347  38.540  32.988  51.058 0.3000000119
106306  37.125  33.041  51.197 0.3000000119
106320  39.471  33.555  50.643 0.3000000119
106307  36.237  33.224  51.246 0.3000000119
127406  35.020  34.643  50.166 0.3000000119
104065  42.373  29.619  41.028 0.2000000030
104090  44.096  28.315  38.989 0.2000000030
104078  43.664  29.168  40.016 0.2000000030
105167  33.916  31.827  54.725 0.2000000030
138744  33.724  32.203  54.375 0.2000000030
105768  42.351  32.641  51.655 0.5000000000
106875  38.140  34.143  50.205 0.3000000119
106892  36.781  34.803  49.752 0.3000000119
107473  36.347  35.386  49.201 0.3000000119
107485  36.875  36.025  48.789 0.4000000060
103920  35.218  29.962  57.759 0.2000000030
106291  32.500  34.230  52.736 0.1000000015
106870  42.980  34.444  50.119 0.5000000000
106872  41.128  34.641  49.888 0.4000000060
107469  39.962  35.355  49.354 0.4000000060
107481  40.484  35.983  48.979 0.4000000060
107483  38.691  35.949  48.852 0.4000000060
108042  37.793  36.865  47.631 0.4000000060
104689  41.791  30.264  42.776 0.2000000030
127974  44.657  33.405  51.356 0.5000000000
107480  41.025  36.534  48.581 0.3000000119
108011  44.427  36.590  49.338 0.5000000000
95441  45.765  16.246  63.531 0.1000000015
95451  44.598  16.597  63.020 0.1000000015
96852  44.402  17.886  59.457 0.2000000030
96851  45.367  17.787  59.404 0.2000000030
132301  46.468  17.716  59.460 0.2000000030
95450  45.845  16.116  62.847 0.1000000015
95463  44.806  16.607  62.190 0.1000000015
96160  44.877  16.859  61.397 0.1000000015
96197  44.087  17.467  60.165 0.2000000030
96195  46.088  17.070  59.939 0.2000000030
96838  50.522  17.997  60.676 0.2000000030
96193  48.490  16.912  61.194 0.2000000030
96194  47.391  16.998  60.321 0.2000000030
97495  49.321  18.897  61.388 0.3000000119
96826  49.650  17.720  61.317 0.2000000030
95449  47.014  15.974  62.790 0.1000000015
95462  45.971  16.177  61.907 0.1000000015
96182  44.235  17.233  60.940 0.2000000030
95461  47.289  16.060  62.083 0.1000000015
95479  45.581  16.650  61.101 0.2000000030
96181  44.919  17.099  60.651 0.2000000030
96180  45.772  16.805  60.507 0.2000000030
96178  48.346  16.655  61.866 0.2000000030
96179  47.667  16.432  61.405 0.2000000030
96196  45.067  17.280  59.959 0.2000000030
96827  48.791  17.219  61.584 0.1000000015
95440  46.870  16.157  63.542 0.1000000015
95439  47.679  16.315  63.328 0.1000000015
95448  47.765  16.135  62.762 0.2000000030
95478  46.504  16.351  61.221 0.2000000030
100114  42.675  23.780  66.657 0.1000000015
134657  42.666  25.761  66.161 0.1000000015
100796  44.509  24.809  66.305 0.1000000015
102568  41.949  27.276  66.053 0.1000000015
101413  44.609  25.504  66.208 0.1000000015
140316  43.204  26.834  66.180 0.1000000015
146698  38.893  28.023  61.764 0.1000000015
136312  40.793  26.882  63.275 0.1000000015
103243  39.968  28.535  62.473 0.1000000015
103244  39.461  27.843  62.200 0.1000000015
148365  38.939  29.061  61.641 0.1000000015
103260  37.898  28.347  61.138 0.1000000015
103897  38.248  29.686  60.837 0.1000000015
103899  36.842  28.781  60.034 0.1000000015
104515  37.449  30.324  59.962 0.1000000015
136529  36.177  29.773  59.169 0.1000000015
104521  35.516  30.657  58.150 0.1000000015
104518  36.182  30.561  58.791 0.1000000015
105155  35.329  31.510  57.731 0.1000000015
105717  35.502  32.417  57.507 0.1000000015
105721  34.426  32.102  56.649 0.1000000015
105726  34.072  32.231  55.837 0.1000000015
106264  33.792  33.125  55.565 0.1000000015
106860  33.824  34.213  50.823 0.2000000030
107474  35.445  35.478  49.140 0.2000000030
146283  35.224  36.030  48.700 0.2000000030
106310  33.375  33.797  51.562 0.2000000030
131587  34.271  34.705  50.204 0.2000000030
107458  33.913  35.383  49.696 0.2000000030
108609  43.679  37.489  48.410 0.2000000030
108025  42.211  37.176  48.621 0.2000000030
108031  34.671  36.450  48.570 0.2000000030
107475  34.588  35.801  49.139 0.2000000030
108619  43.647  37.776  47.610 0.3000000119
108610  42.831  37.538  48.096 0.2000000030
148637  41.711  36.804  48.787 0.2000000030
146069  43.007  37.829  47.299 0.3000000119
108611  42.031  37.370  48.110 0.2000000030
108039  40.721  36.842  48.039 0.2000000030
108632  42.651  37.624  46.501 0.3000000119
108620  42.274  37.536  47.442 0.3000000119
108622  40.444  37.014  47.264 0.2000000030
147610  33.321  37.276  48.554 0.2000000030
108614  33.758  37.792  48.183 0.3000000119
108056  44.411  37.129  45.524 0.3000000119
108641  43.530  37.562  45.887 0.3000000119
108044  36.056  37.245  47.681 0.2000000030
142258  34.945  38.128  47.516 0.3000000119
108633  41.073  37.235  46.670 0.3000000119
109233  35.804  37.992  47.223 0.3000000119
108057  43.504  37.063  45.010 0.3000000119
108642  42.589  37.348  45.321 0.3000000119
108643  41.576  37.410  45.114 0.3000000119
108644  40.081  37.634  45.610 0.3000000119
108638  36.492  38.211  46.736 0.3000000119
109776  35.647  39.353  46.944 0.3000000119
108636  38.573  37.905  45.951 0.3000000119
109239  36.864  38.784  46.232 0.3000000119
109774  37.010  39.739  46.137 0.3000000119
109770  35.225  39.860  47.197 0.3000000119
110299  36.301  40.761  47.121 0.3000000119
109236  34.228  38.326  47.758 0.3000000119
109771  34.597  39.546  47.429 0.3000000119
110301  34.701  40.368  47.508 0.3000000119
110300  35.508  40.594  47.339 0.3000000119
110302  33.944  39.971  47.695 0.3000000119
110893  34.000  41.013  47.897 0.3000000119
110892  35.009  41.325  47.767 0.3000000119
108631  43.583  37.866  46.798 0.3000000119
108066  43.418  36.585  44.207 0.3000000119
96840  49.378  17.338  61.041 0.2000000030
96839  50.112  17.685  60.898 0.2000000030
97493  50.767  18.452  60.658 0.4000000060
100113  43.882  23.945  66.596 0.1000000015
102620  40.251  27.564  62.752 0.1000000015
103271  35.734  29.105  58.798 0.1000000015
103902  36.215  28.949  59.438 0.1000000015
106311  32.569  34.211  51.920 0.1000000015
105156  34.596  31.341  57.062 0.1000000015
105166  34.094  31.642  55.332 0.1000000015
108612  35.471  36.691  48.260 0.2000000030
108627  35.229  37.467  47.767 0.2000000030
108040  39.788  36.763  47.806 0.2000000030
108024  42.980  37.145  48.771 0.2000000030
108624  38.702  37.330  46.675 0.3000000119
109238  37.792  38.437  45.901 0.3000000119
106894  34.830  35.113  49.666 0.2000000030
142778  46.677  16.659  60.627 0.2000000030
100797  43.025  24.328  66.335 0.1000000015
102567  43.003  27.857  66.140 0.1000000015
101415  42.213  24.854  66.234 0.1000000015
101414  43.513  25.187  66.257 0.1000000015
103259  38.551  28.627  61.493 0.1000000015
103886  38.698  29.431  61.324 0.1000000015
103267  37.420  28.564  60.635 0.1000000015
103887  38.055  29.043  61.004 0.1000000015
103898  37.570  29.490  60.407 0.1000000015
103901  36.832  29.635  59.761 0.1000000015
105146  36.099  31.321  58.398 0.1000000015
105708  36.129  32.088  58.051 0.1000000015
105718  34.845  32.048  57.263 0.1000000015
140712  34.007  35.901  49.328 0.2000000030
108621  41.400  37.200  47.584 0.2000000030
108628  34.488  37.635  47.939 0.2000000030
127317  41.759  37.350  46.021 0.3000000119
108033  32.627  37.132  48.876 0.2000000030
143409  35.090  39.244  47.225 0.3000000119
109775  36.325  39.501  46.540 0.3000000119
109230  32.898  37.938  48.497 0.1000000015
109229  33.507  38.563  48.082 0.2000000030
143589  43.442  36.337  43.504 0.2000000030
126845  40.904  37.380  45.792 0.2000000030
108645  39.297  38.017  45.419 0.2000000030
108646  38.615  38.548  45.393 0.2000000030
109242  38.111  38.977  45.401 0.2000000030
108067  42.778  37.077  44.380 0.2000000030
108649  42.107  37.317  44.522 0.2000000030
109779  37.546  39.252  45.708 0.2000000030
108652  40.044  38.074  44.887 0.2000000030
109778  38.162  39.659  45.384 0.2000000030
110311  37.659  40.077  45.784 0.2000000030
108074  43.310  36.451  42.795 0.2000000030
132976  33.231  41.141  48.217 0.2000000030
110305  37.319  40.499  46.354 0.2000000030
108075  42.892  36.870  43.426 0.2000000030
108651  40.735  38.062  44.265 0.2000000030
109244  40.142  38.590  44.297 0.2000000030
109783  38.665  39.221  45.021 0.2000000030
110304  37.989  40.718  46.120 0.2000000030
110891  36.740  41.428  47.400 0.2000000030
109249  42.296  38.518  42.236 0.2000000030
109797  42.858  38.842  41.731 0.2000000030
110325  42.761  40.096  42.382 0.2000000030
110882  34.388  41.882  48.145 0.2000000030
109787  40.354  39.217  43.895 0.2000000030
136989  39.778  39.159  44.304 0.2000000030
108657  42.115  37.415  43.653 0.2000000030
109245  39.348  38.669  44.769 0.2000000030
109782  39.292  39.588  44.590 0.2000000030
110310  38.322  40.367  45.552 0.2000000030
110889  38.426  41.552  47.167 0.2000000030
111456  37.179  42.039  47.757 0.2000000030
128924  42.411  37.336  42.933 0.2000000030
108082  42.892  37.085  42.536 0.2000000030
110326  42.132  39.810  42.694 0.2000000030
145177  41.515  40.039  43.211 0.2000000030
110901  41.183  41.851  44.866 0.2000000030
110902  40.612  41.879  45.575 0.2000000030
110915  41.869  40.989  43.503 0.2000000030
110908  41.548  41.415  44.163 0.2000000030
110319  42.342  40.546  42.940 0.2000000030
110922  43.143  40.850  42.675 0.2000000030
110914  42.747  41.356  43.381 0.2000000030
124605  42.017  42.084  44.578 0.2000000030
149121  41.647  42.286  45.065 0.2000000030
109796  43.533  39.375  41.499 0.2000000030
103449  45.001  27.109  36.148 0.2000000030
102798  42.343  26.603  37.172 0.2000000030
108650  41.423  37.633  44.291 0.2000000030
108659  40.785  38.563  43.738 0.2000000030
110316  38.745  40.070  44.984 0.2000000030
110904  38.535  41.215  46.532 0.2000000030
124728  41.926  37.696  42.958 0.2000000030
108658  41.391  37.974  43.503 0.2000000030
108666  42.372  37.748  42.347 0.2000000030
110313  41.149  40.687  43.851 0.2000000030
111461  40.801  42.182  46.490 0.2000000030
128185  40.960  42.564  48.056 0.2000000030
141465  41.408  42.383  45.714 0.2000000030
111460  41.589  42.536  46.796 0.2000000030
110921  43.997  41.140  42.567 0.2000000030
142705  43.526  41.411  43.075 0.2000000030
110913  43.535  41.914  43.669 0.2000000030
111471  42.784  42.550  44.867 0.2000000030
103451  43.350  26.950  36.418 0.2000000030
130798  41.871  26.658  37.223 0.2000000030
110315  39.571  40.545  44.731 0.2000000030
110903  39.133  41.281  46.048 0.2000000030
110320  40.694  39.933  43.740 0.2000000030
110314  40.443  40.578  44.298 0.2000000030
110910  39.635  41.264  45.389 0.2000000030
109786  41.028  39.210  43.397 0.2000000030
110896  39.966  41.724  46.153 0.2000000030
108667  41.758  38.199  42.781 0.2000000030
146134  40.126  41.563  45.480 0.2000000030
111462  40.266  42.039  47.097 0.2000000030
134197  39.533  43.054  48.216 0.2000000030
110909  40.324  41.313  44.896 0.2000000030
111995  40.159  42.648  47.934 0.2000000030
123817  40.927  41.174  44.394 0.2000000030
112001  42.337  42.945  47.141 0.2000000030
111465  42.729  42.854  45.592 0.2000000030
111459  42.187  42.819  46.128 0.2000000030
104111  44.288  27.567  36.138 0.2000000030
104733  43.961  29.159  36.833 0.2000000030
105279  44.382  30.276  36.794 0.2000000030
111464  43.542  42.993  45.403 0.2000000030
111470  43.736  42.557  44.468 0.2000000030
141191  46.547  30.400  35.439 0.2000000030
127700  44.386  41.796  43.230 0.2000000030
111478  44.270  42.339  43.843 0.2000000030
105286  45.106  30.738  36.260 0.2000000030
104734  43.197  29.743  37.513 0.2000000030
138548  44.952  32.771  36.040 0.2000000030
105864  44.141  32.713  36.553 0.2000000030
142305  42.900  32.210  37.812 0.2000000030
112008  43.177  43.241  46.368 0.2000000030
111992  43.323  43.487  47.529 0.2000000030
110338  47.154  40.332  40.866 0.2000000030
110331  46.715  40.836  41.454 0.2000000030
110919  46.287  42.150  42.746 0.2000000030
111476  46.509  42.736  43.543 0.2000000030
112012  45.990  43.500  44.886 0.2000000030
112013  44.669  43.306  45.125 0.2000000030
112000  44.134  43.566  46.900 0.2000000030
112548  44.108  43.983  48.173 0.2000000030
109809  47.399  39.263  39.943 0.2000000030
110912  45.427  42.118  43.138 0.2000000030
111477  45.164  42.492  43.679 0.2000000030
111469  44.876  42.897  44.328 0.2000000030
112007  44.403  43.519  46.069 0.2000000030
126988  48.569  32.522  34.702 0.2000000030
105285  45.860  31.004  35.693 0.2000000030
105863  44.980  31.834  36.109 0.2000000030
106444  47.533  32.813  34.793 0.2000000030
106431  45.750  33.018  35.651 0.2000000030
105287  44.215  31.602  36.699 0.2000000030
107575  47.819  35.013  34.730 0.2000000030
138367  47.053  34.634  35.089 0.2000000030
109267  48.531  38.369  39.117 0.2000000030
110337  48.252  40.657  40.834 0.2000000030
110330  47.875  41.090  41.295 0.2000000030
127929  47.395  42.219  42.467 0.2000000030
111475  47.875  43.083  43.709 0.2000000030
129095  47.347  43.802  45.674 0.2000000030
112006  45.993  43.761  46.017 0.2000000030
111999  45.298  43.827  46.871 0.2000000030
107044  49.493  33.765  34.812 0.2000000030
107055  49.479  35.365  34.548 0.2000000030
107587  48.587  35.647  34.530 0.2000000030
109266  49.566  38.585  38.798 0.2000000030
137110  49.203  40.017  39.776 0.2000000030
110329  48.671  41.192  41.091 0.2000000030
111481  48.340  42.864  42.772 0.2000000030
112575  46.801  44.702  43.770 0.2000000030
112562  48.001  44.276  45.278 0.2000000030
113067  47.034  44.633  46.417 0.2000000030
113065  46.293  45.482  47.793 0.2000000030
112528  45.768  44.774  48.323 0.2000000030
109808  48.360  39.634  39.872 0.2000000030
110926  48.455  41.816  41.475 0.2000000030
111474  48.333  43.311  43.443 0.2000000030
112010  48.313  43.909  44.749 0.2000000030
113073  47.404  44.578  45.804 0.2000000030
111998  46.538  44.073  46.866 0.2000000030
112547  45.858  44.319  47.566 0.2000000030
133607  45.092  44.247  48.102 0.2000000030
107574  50.148  35.212  35.587 0.2000000030
108135  49.999  36.172  34.607 0.2000000030
110336  48.921  40.908  40.765 0.2000000030
111487  48.335  42.588  41.888 0.2000000030
140870  47.584  44.336  43.597 0.2000000030
113089  46.868  44.904  45.159 0.1000000015
126684  45.847  45.747  46.433 0.2000000030
139068  45.851  46.118  46.988 0.1000000015
113569  46.043  46.067  48.493 0.2000000030
113054  45.596  45.258  49.033 0.2000000030
142581  50.393  36.529  35.454 0.2000000030
110341  49.200  40.740  40.200 0.2000000030
112038  47.541  43.903  41.803 0.2000000030
124904  45.606  44.785  43.200 0.1000000015
109807  49.445  40.193  39.483 0.2000000030
134040  47.656  43.243  40.462 0.2000000030
112576  44.565  44.937  43.472 0.2000000030
128035  49.738  39.757  38.855 0.2000000030
108697  50.300  37.673  36.552 0.2000000030
130439  42.643  45.788  45.434 0.2000000030
145861  42.977  45.542  45.027 0.2000000030
112594  44.470  44.551  42.637 0.2000000030
113106  43.586  45.023  43.721 0.2000000030
113093  41.312  45.433  44.644 0.2000000030
113588  40.638  46.437  46.549 0.2000000030
113608  41.186  46.130  45.931 0.2000000030
113076  40.835  45.757  45.257 0.2000000030
113589  39.713  46.438  46.431 0.2000000030
104738  45.341  29.400  36.071 0.2000000030
106457  49.032  33.328  34.561 0.2000000030
103441  43.260  26.591  36.831 0.2000000030
108015  32.503  36.360  49.516 0.1000000015
126367  40.769  37.663  44.971 0.2000000030
110306  36.610  40.287  46.583 0.2000000030
138191  32.631  40.042  48.295 0.2000000030
108605  31.795  37.159  49.390 0.2000000030
110898  37.073  40.926  46.921 0.2000000030
110888  39.349  41.629  46.963 0.2000000030
128359  43.312  28.153  36.609 0.2000000030
105862  45.979  31.938  35.476 0.2000000030
110927  47.522  41.699  41.801 0.2000000030
112018  47.403  43.411  44.555 0.2000000030
112005  47.164  43.981  46.355 0.2000000030
107045  48.078  33.694  34.595 0.2000000030
107046  46.811  33.877  35.171 0.2000000030
112546  46.360  44.898  47.797 0.2000000030
138735  49.728  37.106  34.429 0.2000000030
111486  48.709  42.048  41.227 0.2000000030
112037  48.250  43.303  42.489 0.2000000030
113105  45.840  45.054  44.154 0.1000000015
113074  46.530  45.257  45.959 0.2000000030
112054  48.054  43.279  41.458 0.2000000030
112593  46.703  44.577  42.950 0.1000000015
113090  45.549  45.322  45.005 0.1000000015
131829  45.595  44.550  42.505 0.2000000030
137623  44.494  45.223  44.279 0.2000000030
135232  43.722  45.687  45.451 0.1000000015
113107  42.644  45.079  43.873 0.2000000030
113575  40.103  46.879  47.101 0.1000000015
137259  41.715  32.316  30.459 0.1000000015
142486  40.592  32.747  30.307 0.1000000015
139952  26.527  28.535  45.084 0.1000000015
104028  26.819  29.178  45.086 0.1000000015
102755  25.928  27.494  45.076 0.1000000015
103386  26.100  28.129  44.766 0.1000000015
103392  26.230  29.017  44.456 0.1000000015
107057  40.312  34.636  34.144 0.1000000015
107048  39.142  34.767  35.311 0.1000000015
102770  25.585  27.651  43.691 0.1000000015
143556  40.947  34.825  33.835 0.1000000015
107061  40.807  34.144  33.593 0.1000000015
107062  40.013  33.634  33.898 0.1000000015
106459  38.782  33.857  35.032 0.1000000015
107066  42.097  34.227  32.806 0.1000000015
106477  42.584  33.304  32.430 0.1000000015
106479  41.073  32.811  33.011 0.1000000015
105895  40.253  32.564  33.433 0.1000000015
107576  46.736  35.559  35.323 0.1000000015
105907  41.986  32.398  32.486 0.1000000015
125859  45.785  35.809  35.621 0.1000000015
107598  43.359  34.888  32.494 0.1000000015
106476  43.647  33.260  31.706 0.1000000015
105905  43.565  32.789  31.278 0.1000000015
105329  42.410  31.458  31.077 0.1000000015
108128  45.521  36.454  35.314 0.1000000015
108712  44.545  37.074  33.854 0.1000000015
108150  43.487  35.733  32.759 0.1000000015
107597  44.284  34.989  31.972 0.1000000015
106485  44.168  33.198  31.008 0.1000000015
105921  43.662  32.875  30.919 0.1000000015
105928  42.872  32.255  30.816 0.1000000015
105930  40.923  31.898  30.331 0.1000000015
108711  45.390  37.443  33.727 0.1000000015
108717  44.406  36.806  33.172 0.1000000015
108726  44.439  36.335  32.548 0.1000000015
143247  44.600  35.711  32.032 0.1000000015
107070  44.634  33.620  31.095 0.1000000015
107081  44.126  33.726  30.225 0.1000000015
108716  45.120  37.304  33.123 0.1000000015
108725  45.464  37.041  32.140 0.1000000015
108149  45.408  36.211  31.426 0.1000000015
107602  45.428  35.124  30.957 0.1000000015
107069  45.473  34.312  30.309 0.1000000015
106496  42.391  32.995  30.436 0.1000000015
106497  40.882  33.323  30.437 0.1000000015
108747  45.728  36.553  30.270 0.1000000015
108156  46.175  35.765  30.215 0.1000000015
136881  44.743  34.414  29.903 0.1000000015
138014  43.418  34.254  30.160 0.1000000015
107082  41.779  34.077  30.366 0.1000000015
138218  40.290  32.496  29.840 0.1000000015
105341  40.519  31.400  29.893 0.1000000015
136986  40.278  32.412  28.689 0.1000000015
102090  31.882  26.486  50.447 0.1000000015
102091  31.109  26.175  50.325 0.1000000015
102092  30.151  25.977  50.269 0.1000000015
102100  28.808  26.296  49.371 0.1000000015
102101  27.867  25.989  49.258 0.1000000015
102733  27.906  27.236  47.372 0.1000000015
102752  28.086  27.908  46.065 0.1000000015
104646  29.494  30.127  45.377 0.1000000015
136067  28.290  28.908  45.560 0.1000000015
103385  27.046  28.482  45.511 0.1000000015
105241  32.962  32.297  43.889 0.1000000015
105803  32.347  32.650  44.091 0.1000000015
105228  30.068  31.286  45.178 0.1000000015
104647  28.542  30.429  45.416 0.1000000015
104036  27.233  29.855  45.146 0.1000000015
106948  35.380  34.342  41.758 0.1000000015
106377  34.556  33.825  42.745 0.1000000015
106364  33.263  33.723  43.374 0.1000000015
106351  31.974  33.243  43.990 0.1000000015
105798  29.685  31.924  45.158 0.1000000015
105229  28.195  31.312  45.267 0.1000000015
104663  27.066  30.469  44.816 0.1000000015
107535  36.901  35.207  39.570 0.1000000015
148336  36.371  35.117  40.113 0.1000000015
106938  34.632  34.343  42.176 0.1000000015
106931  32.805  34.429  42.985 0.1000000015
106352  31.115  33.245  44.220 0.1000000015
106354  29.097  33.259  44.412 0.1000000015
105236  27.329  31.279  44.727 0.1000000015
104664  26.672  30.651  44.260 0.1000000015
107569  39.314  35.505  37.022 0.1000000015
107570  38.659  35.364  36.751 0.1000000015
107545  37.236  35.322  38.761 0.1000000015
131727  35.986  35.319  39.538 0.1000000015
123684  33.947  34.917  41.840 0.1000000015
106940  32.243  34.906  42.429 0.1000000015
106368  29.600  33.805  43.901 0.1000000015
105807  28.540  32.677  44.693 0.1000000015
135609  27.391  32.046  44.357 0.1000000015
103393  25.777  28.330  44.074 0.1000000015
107581  39.521  35.425  35.756 0.1000000015
107029  38.123  34.796  36.441 0.1000000015
107011  37.164  34.850  37.419 0.1000000015
107546  36.352  35.344  38.784 0.1000000015
104043  26.215  29.879  43.937 0.1000000015
107590  39.998  35.238  34.896 0.1000000015
107049  38.285  34.284  35.694 0.1000000015
107030  37.406  34.420  36.754 0.1000000015
107047  45.769  33.950  35.695 0.1000000015
106458  39.266  33.236  34.554 0.1000000015
108126  47.515  36.203  34.987 0.1000000015
107593  42.308  35.207  33.024 0.1000000015
105908  41.002  31.949  32.807 0.1000000015
137353  39.597  32.677  34.075 0.1000000015
108127  46.504  36.431  35.195 0.1000000015
106432  44.807  33.738  36.152 0.1000000015
129015  41.746  31.460  32.339 0.1000000015
108709  47.261  38.023  34.012 0.1000000015
108714  47.078  38.308  32.973 0.1000000015
108702  46.300  37.156  34.748 0.1000000015
108710  46.176  37.740  33.962 0.1000000015
108138  45.175  36.993  34.575 0.1000000015
108145  42.607  36.078  33.454 0.1000000015
129979  41.165  30.512  30.689 0.1000000015
105322  41.901  30.852  31.342 0.1000000015
108723  46.813  38.442  32.127 0.1000000015
108715  46.155  37.767  32.730 0.1000000015
127899  44.117  36.690  34.651 0.1000000015
108139  43.688  36.737  33.912 0.1000000015
108144  43.486  36.376  33.341 0.1000000015
109308  46.017  38.457  31.085 0.1000000015
108733  46.442  38.570  31.475 0.1000000015
108734  46.115  37.644  31.020 0.1000000015
108148  46.084  36.886  30.933 0.1000000015
109309  45.224  38.337  31.139 0.1000000015
108735  45.810  37.514  30.803 0.1000000015
108748  44.764  36.533  30.331 0.1000000015
108169  44.512  35.659  29.987 0.1000000015
107615  43.958  34.966  29.906 0.1000000015
107083  40.366  34.299  30.208 0.1000000015
105939  40.341  31.728  29.157 0.1000000015
108736  44.977  37.437  30.731 0.1000000015
108737  42.824  37.330  31.363 0.1000000015
108170  42.935  35.695  30.559 0.1000000015
108171  41.174  35.993  30.690 0.1000000015
107626  39.975  35.211  29.573 0.1000000015
107090  40.026  34.292  29.422 0.1000000015
106526  40.574  32.621  26.729 0.1000000015
105947  40.307  31.584  28.193 0.1000000015
102715  33.165  27.494  49.520 0.1000000015
144646  32.016  27.097  49.814 0.1000000015
102097  31.582  26.704  49.823 0.1000000015
102098  30.709  26.381  49.584 0.1000000015
102099  29.757  26.364  49.452 0.1000000015
128208  32.591  27.281  48.771 0.1000000015
102725  31.945  26.984  49.257 0.1000000015
102106  31.777  26.927  48.425 0.1000000015
125817  31.262  26.689  48.980 0.1000000015
102109  28.323  26.649  48.657 0.1000000015
103364  34.882  28.285  47.677 0.1000000015
102728  34.207  27.899  47.272 0.1000000015
102108  29.271  26.793  48.697 0.1000000015
102726  28.711  27.112  47.855 0.1000000015
103368  37.190  28.736  46.676 0.1000000015
103377  34.826  28.136  46.896 0.1000000015
102732  29.294  27.324  47.062 0.1000000015
139266  28.515  27.433  47.072 0.1000000015
104017  38.654  29.355  46.274 0.1000000015
103374  37.004  28.762  45.652 0.1000000015
102740  28.795  27.657  46.289 0.1000000015
104021  39.280  29.779  45.664 0.1000000015
104018  37.805  29.151  46.020 0.1000000015
104023  37.670  29.101  45.096 0.1000000015
102751  29.357  27.934  45.729 0.1000000015
139064  28.567  28.166  45.744 0.1000000015
104661  31.556  30.679  44.452 0.1000000015
104645  30.438  29.788  45.108 0.1000000015
104026  28.854  29.508  45.474 0.1000000015
105815  33.573  32.867  43.599 0.1000000015
105232  32.266  31.911  44.174 0.1000000015
105233  31.411  31.602  44.518 0.1000000015
106961  36.266  34.773  40.731 0.1000000015
106376  35.331  33.705  42.460 0.1000000015
106973  37.671  34.802  39.965 0.1000000015
106974  36.980  34.751  40.382 0.1000000015
106947  36.905  34.242  41.108 0.1000000015
125160  39.858  35.584  36.445 0.1000000015
134549  38.028  35.223  38.794 0.1000000015
107524  34.089  35.259  41.080 0.1000000015
106950  33.218  35.334  41.209 0.1000000015
106933  30.959  34.438  43.227 0.1000000015
106935  29.160  34.100  43.217 0.1000000015
105817  27.297  32.428  43.755 0.1000000015
105242  26.832  31.561  43.854 0.1000000015
107580  40.344  35.659  35.729 0.1000000015
125420  35.427  35.231  38.773 0.1000000015
107530  33.788  35.347  40.362 0.1000000015
106941  31.362  34.860  42.517 0.1000000015
106942  30.448  34.757  42.561 0.1000000015
106356  27.810  33.252  43.609 0.1000000015
107589  40.822  35.241  34.350 0.1000000015
107031  36.640  34.087  36.804 0.1000000015
106993  35.790  35.022  37.996 0.1000000015
107537  34.255  35.266  39.623 0.1000000015
107588  41.500  35.721  34.454 0.1000000015
140545  38.196  33.341  35.409 0.1000000015
107579  41.296  35.797  35.759 0.1000000015
105304  40.072  31.458  33.126 0.1000000015
105883  38.968  32.167  34.520 0.1000000015
105873  37.659  32.414  35.436 0.1000000015
106447  37.083  33.287  36.422 0.1000000015
142014  48.361  36.602  34.583 0.1000000015
108701  47.572  37.230  34.627 0.1000000015
107594  41.961  35.761  33.737 0.1000000015
105896  39.443  31.768  33.908 0.1000000015
109282  48.293  38.998  32.868 0.1000000015
107564  44.515  35.406  36.220 0.1000000015
108140  42.848  36.535  33.961 0.1000000015
108132  41.970  36.076  35.083 0.1000000015
104762  40.751  29.854  31.252 0.1000000015
104757  41.220  30.280  31.724 0.1000000015
105315  39.824  30.570  32.739 0.1000000015
109298  46.936  38.876  32.031 0.1000000015
108122  44.085  36.000  35.980 0.1000000015
142944  43.238  36.564  34.673 0.1000000015
109882  46.532  39.062  31.613 0.1000000015
109299  44.489  38.958  31.868 0.1000000015
104775  40.580  30.574  30.130 0.1000000015
109310  43.879  38.047  31.500 0.1000000015
109311  42.369  38.100  31.919 0.1000000015
109334  40.891  37.787  28.362 0.1000000015
108196  40.600  36.112  27.961 0.1000000015
108780  41.466  37.107  27.559 0.1000000015
108210  41.880  35.981  26.957 0.1000000015
108221  42.644  35.839  26.158 0.1000000015
129167  40.134  30.130  29.472 0.1000000015
104139  40.220  29.650  30.825 0.1000000015
108738  41.591  37.511  31.448 0.1000000015
108159  40.897  37.016  30.954 0.1000000015
108749  40.288  37.568  30.468 0.1000000015
108758  40.089  37.339  29.727 0.1000000015
108182  39.875  36.084  28.986 0.1000000015
107634  40.155  35.109  28.439 0.1000000015
107659  41.985  35.209  26.342 0.1000000015
132128  40.394  39.029  31.191 0.1000000015
108739  40.780  37.743  31.111 0.1000000015
109320  40.053  38.151  29.990 0.1000000015
143269  41.314  34.070  26.177 0.1000000015
104785  39.877  30.189  28.295 0.1000000015
104144  39.976  29.765  29.817 0.1000000015
107119  40.943  33.393  26.125 0.1000000015
105951  40.188  31.692  27.227 0.1000000015
105955  40.153  31.669  26.284 0.1000000015
105966  39.641  32.094  25.735 0.1000000015
102724  33.523  27.831  48.695 0.1000000015
102730  32.995  27.334  47.999 0.1000000015
102114  32.295  27.015  47.767 0.1000000015
102115  31.468  26.869  47.602 0.1000000015
136904  31.113  26.853  48.263 0.1000000015
102116  30.662  26.945  47.687 0.1000000015
102107  30.365  26.747  48.664 0.1000000015
132864  33.658  27.400  46.931 0.1000000015
102736  33.336  27.037  46.248 0.1000000015
102123  31.954  26.770  46.735 0.1000000015
102124  31.034  26.863  46.832 0.1000000015
102731  30.192  27.078  46.953 0.1000000015
103375  36.224  28.547  46.155 0.1000000015
102745  35.291  28.043  45.586 0.1000000015
102735  34.158  27.535  46.375 0.1000000015
102130  32.828  26.702  45.375 0.1000000015
102750  30.560  27.556  45.154 0.1000000015
102739  29.748  27.516  46.288 0.1000000015
103380  36.891  28.619  44.666 0.1000000015
103389  36.066  28.014  44.070 0.1000000015
102758  35.300  27.731  44.517 0.1000000015
102763  30.818  27.989  44.743 0.1000000015
103382  30.006  28.227  45.329 0.1000000015
104033  32.528  29.078  43.699 0.1000000015
104034  31.854  29.061  44.340 0.1000000015
104035  31.042  28.955  44.700 0.1000000015
104677  33.500  30.581  43.355 0.1000000015
127027  32.711  30.279  43.647 0.1000000015
126870  31.312  29.909  44.617 0.1000000015
105826  36.315  32.352  42.551 0.1000000015
105239  34.786  31.856  43.290 0.1000000015
105240  33.801  31.773  43.522 0.1000000015
106384  37.520  33.470  41.349 0.1000000015
105837  36.947  32.930  42.022 0.1000000015
106375  36.184  33.290  42.366 0.1000000015
106362  34.865  33.222  43.031 0.1000000015
106392  39.186  33.641  40.085 0.1000000015
106393  38.314  33.604  40.707 0.1000000015
106960  37.669  34.217  40.657 0.1000000015
141348  40.232  35.159  37.780 0.1000000015
145641  39.810  34.580  39.019 0.1000000015
106958  39.158  34.581  39.498 0.1000000015
106992  38.696  35.078  38.989 0.1000000015
107009  41.444  34.639  37.902 0.1000000015
106990  40.445  34.321  38.809 0.1000000015
107555  40.070  35.444  37.163 0.1000000015
107554  40.964  35.190  37.374 0.1000000015
107568  40.689  35.579  36.532 0.1000000015
106994  34.866  34.671  38.044 0.1000000015
106406  41.925  33.535  38.311 0.1000000015
106988  42.165  34.202  37.906 0.1000000015
107553  41.990  35.006  37.431 0.1000000015
107013  35.287  34.189  37.269 0.1000000015
107567  41.651  35.538  36.685 0.1000000015
137339  37.191  32.525  36.078 0.1000000015
108707  49.286  38.093  34.179 0.1000000015
108708  48.549  38.336  33.669 0.1000000015
106433  43.990  33.673  36.605 0.1000000015
146379  43.079  32.813  37.501 0.1000000015
131366  42.917  33.980  37.584 0.1000000015
107008  42.794  34.659  37.362 0.1000000015
107578  42.251  35.894  35.974 0.1000000015
105296  38.704  31.330  34.256 0.1000000015
105885  37.368  31.736  35.009 0.1000000015
138832  48.485  39.618  33.486 0.1000000015
107027  44.097  34.640  36.552 0.1000000015
107566  42.706  35.413  36.769 0.1000000015
104759  38.996  29.926  32.432 0.1000000015
105305  39.202  30.997  33.530 0.1000000015
109853  47.973  39.379  32.843 0.1000000015
109290  47.575  39.056  32.420 0.1000000015
128424  43.653  35.424  36.451 0.1000000015
108123  43.182  35.938  36.032 0.1000000015
104758  39.589  29.807  32.346 0.1000000015
109867  45.061  39.328  32.119 0.1000000015
109925  43.038  39.843  27.309 0.1000000015
109341  42.657  38.801  27.039 0.1000000015
109938  43.305  39.288  26.570 0.1000000015
109350  43.453  38.888  25.983 0.1000000015
109949  43.098  38.984  25.414 0.1000000015
104135  39.404  29.534  31.902 0.1000000015
138826  41.267  39.268  28.614 0.1000000015
109326  40.926  38.408  28.698 0.1000000015
109342  41.582  38.386  27.743 0.1000000015
108779  42.441  37.767  26.814 0.1000000015
108792  43.099  37.359  26.189 0.1000000015
108791  43.301  37.951  26.024 0.1000000015
104145  39.341  29.863  30.462 0.1000000015
109301  41.852  38.867  32.405 0.1000000015
109895  40.191  39.027  30.306 0.1000000015
109905  40.572  39.585  29.588 0.1000000015
109904  41.212  40.240  28.999 0.1000000015
109327  40.493  37.873  29.249 0.1000000015
108807  43.136  37.251  25.873 0.1000000015
104149  39.442  29.769  29.046 0.1000000015
107687  41.829  35.572  25.514 0.1000000015
107673  42.343  35.237  25.960 0.1000000015
104791  39.495  29.959  27.512 0.1000000015
106540  40.429  32.647  25.889 0.1000000015
104796  38.911  29.990  26.938 0.1000000015
104792  38.283  30.055  27.442 0.1000000015
107688  40.728  35.321  24.964 0.1000000015
106541  39.507  33.051  25.474 0.1000000015
105364  38.932  30.628  26.230 0.1000000015
102131  31.919  26.737  45.575 0.1000000015
143153  31.341  26.903  46.093 0.1000000015
102738  30.617  27.280  46.047 0.1000000015
123340  34.684  27.447  44.859 0.1000000015
102134  33.999  26.846  44.653 0.1000000015
102136  32.759  26.662  44.516 0.1000000015
102748  32.230  26.706  44.873 0.1000000015
102737  31.143  27.073  45.300 0.1000000015
102757  35.341  27.073  43.472 0.1000000015
102759  34.602  26.943  43.992 0.1000000015
123502  34.110  26.598  43.685 0.1000000015
142719  34.353  26.492  43.091 0.1000000015
102140  33.709  26.645  43.466 0.1000000015
102760  32.851  26.784  43.824 0.1000000015
102761  32.253  26.922  44.417 0.1000000015
102762  31.685  27.429  44.461 0.1000000015
133182  31.119  27.337  44.816 0.1000000015
104041  37.516  28.461  43.404 0.1000000015
103396  37.014  27.680  42.772 0.1000000015
102774  35.617  26.292  42.484 0.1000000015
102145  34.701  26.264  42.577 0.1000000015
102146  34.085  26.596  42.852 0.1000000015
102776  33.738  26.945  42.583 0.1000000015
137926  33.183  27.395  42.877 0.1000000015
103397  32.949  28.283  42.986 0.1000000015
103390  32.187  28.067  44.047 0.1000000015
102766  36.497  26.374  42.054 0.1000000015
123568  36.010  26.034  41.790 0.1000000015
102151  35.702  26.075  41.775 0.1000000015
102775  34.364  26.417  42.240 0.1000000015
103415  34.552  27.491  41.718 0.1000000015
135498  34.138  28.102  42.198 0.1000000015
104694  33.953  29.788  42.875 0.1000000015
104042  33.202  29.484  43.154 0.1000000015
102773  37.042  26.181  41.401 0.1000000015
102143  36.582  26.048  41.304 0.1000000015
102150  36.362  26.045  41.391 0.1000000015
102786  36.256  26.503  40.683 0.1000000015
103425  35.966  27.480  40.787 0.1000000015
104071  35.540  28.889  41.722 0.1000000015
104054  35.114  29.439  42.291 0.1000000015
105245  36.017  31.370  42.667 0.1000000015
102148  38.181  26.263  40.392 0.1000000015
102794  37.893  26.810  39.626 0.1000000015
102785  37.177  26.483  40.337 0.1000000015
104083  36.573  28.407  40.726 0.1000000015
104069  36.963  29.636  41.130 0.1000000015
104705  37.272  30.825  41.562 0.1000000015
145986  36.525  31.707  42.377 0.1000000015
102163  38.738  26.356  39.832 0.1000000015
103434  38.480  27.152  39.252 0.1000000015
103423  37.881  27.984  39.647 0.1000000015
104082  37.391  28.863  40.360 0.1000000015
104713  37.762  30.011  40.842 0.1000000015
105842  38.397  32.059  41.166 0.1000000015
106383  38.207  32.926  41.198 0.1000000015
105836  37.658  32.542  41.589 0.1000000015
102783  40.940  26.649  38.319 0.1000000015
129360  39.681  26.529  38.846 0.1000000015
103433  39.237  27.014  38.689 0.1000000015
104092  39.463  28.697  38.997 0.1000000015
104717  39.445  30.019  39.586 0.1000000015
105267  39.806  30.752  39.771 0.1000000015
129727  40.114  32.974  39.683 0.1000000015
146293  39.396  32.666  40.201 0.1000000015
102791  42.032  26.714  38.063 0.1000000015
102799  41.453  26.705  37.530 0.1000000015
102792  40.498  26.629  38.070 0.1000000015
102800  39.994  26.626  38.224 0.1000000015
104102  39.959  27.258  38.182 0.1000000015
104091  40.304  28.660  38.500 0.1000000015
105266  40.423  31.004  39.507 0.1000000015
105848  40.716  32.034  39.528 0.1000000015
106400  40.675  33.592  39.064 0.1000000015
103443  41.160  26.681  37.592 0.1000000015
104101  40.713  27.313  37.787 0.1000000015
104726  41.129  28.709  38.092 0.1000000015
104716  40.775  29.963  38.918 0.1000000015
106989  41.299  34.073  38.479 0.1000000015
104100  41.689  27.203  37.295 0.1000000015
133777  41.963  28.826  37.683 0.1000000015
104725  41.546  30.063  38.539 0.1000000015
105265  41.163  31.121  39.128 0.1000000015
105852  41.568  32.149  39.043 0.1000000015
105853  41.384  33.158  38.734 0.1000000015
106434  36.236  33.065  36.516 0.1000000015
106435  35.496  33.419  36.677 0.1000000015
105281  43.104  31.009  37.980 0.1000000015
105272  42.384  31.653  38.505 0.1000000015
105874  36.833  32.017  35.779 0.1000000015
105851  42.147  32.709  38.424 0.1000000015
109281  49.016  38.885  33.555 0.1000000015
105307  37.937  31.168  33.714 0.1000000015
105316  38.629  30.402  32.289 0.1000000015
105298  37.372  31.578  34.466 0.1000000015
109854  47.241  39.462  32.679 0.1000000015
109866  46.048  39.386  31.759 0.1000000015
111076  43.547  41.365  27.346 0.1000000015
111087  43.769  41.344  26.392 0.1000000015
111096  43.469  41.302  25.785 0.1000000015
105317  38.093  31.275  32.422 0.1000000015
109300  43.181  38.800  32.283 0.1000000015
110468  42.456  41.068  28.164 0.1000000015
110482  43.034  40.826  27.624 0.1000000015
112204  43.356  43.297  26.670 0.1000000015
132082  42.414  43.484  26.523 0.1000000015
111629  42.393  42.923  26.012 0.1000000015
111109  42.547  41.329  25.200 0.1000000015
105323  38.383  30.800  31.468 0.1000000015
105909  37.279  32.131  32.084 0.1000000015
109885  40.329  39.708  31.574 0.1000000015
141354  40.232  39.561  30.905 0.1000000015
110456  41.168  41.111  29.269 0.1000000015
111065  42.177  41.638  28.648 0.1000000015
111599  43.832  42.713  27.855 0.1000000015
112216  41.185  42.980  25.657 0.1000000015
110521  42.261  40.653  24.662 0.1000000015
105332  38.084  31.052  30.584 0.1000000015
111051  40.691  41.696  29.891 0.1000000015
111050  41.505  41.869  29.290 0.1000000015
130547  38.175  30.272  28.770 0.1000000015
108825  41.720  37.070  24.932 0.1000000015
109961  42.410  38.960  24.673 0.1000000015
109371  40.883  37.940  24.133 0.1000000015
108249  41.125  36.148  24.875 0.1000000015
145518  40.509  36.856  24.324 0.1000000015
107132  40.235  34.493  25.156 0.1000000015
147071  37.429  30.328  27.374 0.1000000015
107133  39.133  33.934  25.049 0.1000000015
142484  38.858  32.536  25.451 0.1000000015
106542  38.528  33.292  25.271 0.1000000015
105373  37.611  31.841  25.855 0.1000000015
109277  49.741  38.263  34.882 0.1000000015
109827  49.040  39.633  35.413 0.1000000015
105886  36.751  31.797  35.083 0.1000000015
109828  48.567  40.107  34.638 0.1000000015
105897  36.738  32.029  34.183 0.1000000015
105318  37.499  31.695  33.076 0.1000000015
105898  36.136  32.397  34.700 0.1000000015
109856  45.337  39.572  32.635 0.1000000015
147856  44.408  39.334  32.352 0.1000000015
112716  43.834  44.615  28.689 0.1000000015
112729  43.645  44.245  27.749 0.1000000015
112190  43.093  43.928  26.998 0.1000000015
112730  42.385  44.457  27.428 0.1000000015
112732  39.270  44.450  27.341 0.1000000015
112206  39.877  43.725  26.074 0.1000000015
109302  40.863  39.242  32.013 0.1000000015
111590  41.416  42.660  29.570 0.1000000015
111589  42.689  43.015  29.029 0.1000000015
112178  43.800  43.387  28.420 0.1000000015
112177  44.007  43.809  28.159 0.1000000015
111645  40.735  43.086  24.822 0.1000000015
105324  37.580  31.651  31.105 0.1000000015
110435  39.827  40.861  31.430 0.1000000015
111663  41.120  42.409  24.647 0.1000000015
137948  41.439  38.926  24.104 0.1000000015
110522  41.412  40.751  24.256 0.1000000015
104778  36.986  31.085  28.939 0.1000000015
105325  36.737  31.825  30.399 0.1000000015
104786  37.290  30.645  28.548 0.1000000015
109963  40.412  38.975  23.742 0.1000000015
109962  40.789  39.798  23.748 0.1000000015
110523  40.662  41.122  24.127 0.1000000015
105342  36.310  31.488  29.116 0.1000000015
130789  36.068  31.230  27.191 0.1000000015
105365  37.114  31.149  26.232 0.1000000015
143343  39.730  36.609  23.771 0.1000000015
108250  40.047  35.812  24.078 0.1000000015
109273  49.570  38.479  35.920 0.1000000015
109840  47.568  39.901  33.359 0.1000000015
106460  35.553  32.820  35.215 0.1000000015
142110  46.530  39.792  33.363 0.1000000015
124163  45.533  39.667  33.374 0.1000000015
106468  35.388  33.201  34.071 0.1000000015
113230  39.180  45.503  28.342 0.1000000015
113231  38.370  45.337  28.418 0.1000000015
112721  38.302  44.943  28.171 0.1000000015
112179  38.240  44.513  28.404 0.1000000015
105910  36.795  32.352  33.013 0.1000000015
125218  36.051  32.789  33.540 0.1000000015
109869  42.604  39.451  32.889 0.1000000015
112718  41.343  44.855  28.084 0.1000000015
112719  39.820  44.919  27.914 0.1000000015
112193  39.004  43.926  27.022 0.1000000015
112207  39.134  43.724  26.224 0.1000000015
130782  35.879  32.943  32.331 0.1000000015
105911  35.140  33.315  32.835 0.1000000015
110420  40.033  40.338  31.907 0.1000000015
112163  43.322  43.867  29.316 0.1000000015
112162  43.875  44.235  28.901 0.1000000015
145379  36.494  32.553  31.943 0.1000000015
111039  40.058  41.639  30.877 0.1000000015
112164  42.031  43.366  29.607 0.1000000015
111664  40.345  42.592  24.422 0.1000000015
105924  35.723  32.610  31.241 0.1000000015
139758  42.114  43.898  30.074 0.1000000015
105334  36.361  31.531  29.833 0.1000000015
105931  35.804  32.125  30.289 0.1000000015
123656  34.713  32.915  31.587 0.1000000015
110524  39.947  40.865  24.117 0.1000000015
135970  35.123  32.088  30.102 0.1000000015
105925  33.977  32.485  30.867 0.1000000015
109977  39.903  39.763  23.619 0.1000000015
105335  35.647  31.885  29.702 0.1000000015
105932  34.469  32.357  30.223 0.1000000015
109384  39.526  38.966  23.537 0.1000000015
105358  35.765  31.513  27.779 0.1000000015
105343  35.638  31.897  29.181 0.1000000015
108262  39.069  36.055  23.541 0.1000000015
106558  38.274  34.052  25.146 0.1000000015
105956  36.985  31.975  26.075 0.1000000015
105952  36.016  31.934  27.214 0.1000000015
124765  47.779  40.309  34.254 0.1000000015
136192  40.156  40.554  32.673 0.1000000015
137713  40.500  45.567  28.562 0.1000000015
112705  37.844  45.065  28.780 0.1000000015
109870  41.414  39.659  32.724 0.1000000015
113227  43.986  45.334  29.341 0.1000000015
113740  42.438  45.907  28.894 0.1000000015
106469  34.328  33.641  33.378 0.1000000015
111029  39.751  41.564  31.819 0.1000000015
112703  44.122  44.754  29.535 0.1000000015
111580  40.512  42.564  30.394 0.1000000015
142232  34.180  33.175  32.348 0.1000000015
111665  39.543  42.320  24.503 0.1000000015
112219  38.878  43.214  25.736 0.1000000015
105912  33.582  32.716  31.653 0.1000000015
105926  33.190  32.698  31.196 0.1000000015
105933  33.803  32.623  30.463 0.1000000015
107690  38.269  34.802  24.039 0.1000000015
106544  37.313  33.312  25.863 0.1000000015
105940  35.137  32.329  29.338 0.1000000015
105941  34.395  32.463  29.896 0.1000000015
107152  38.040  34.577  24.825 0.1000000015
105969  36.856  32.690  26.231 0.1000000015
144587  36.600  33.238  26.689 0.1000000015
128948  46.755  40.089  34.203 0.1000000015
109842  44.716  39.556  34.161 0.1000000015
124139  44.721  39.602  33.346 0.1000000015
131101  43.433  39.525  33.145 0.1000000015
110407  40.358  40.776  33.468 0.1000000015
111018  39.772  41.477  32.509 0.1000000015
111567  39.922  42.296  32.380 0.1000000015
113741  41.402  46.078  28.915 0.1000000015
143141  39.080  46.304  29.380 0.1000000015
113202  38.196  46.103  29.500 0.1000000015
112147  41.192  43.950  30.921 0.1000000015
112695  44.305  44.900  30.024 0.1000000015
113718  43.014  46.697  29.705 0.1000000015
112706  37.640  45.511  29.448 0.1000000015
112156  43.404  44.489  30.082 0.1000000015
105913  32.814  32.571  31.847 0.1000000015
141123  32.693  32.655  31.598 0.1000000015
106486  32.475  32.868  31.310 0.1000000015
108827  39.103  37.028  23.415 0.1000000015
105953  35.731  32.315  27.922 0.1000000015
106514  35.473  32.809  28.837 0.1000000015
106498  33.136  33.026  30.630 0.1000000015
107702  38.301  35.572  23.520 0.1000000015
106519  36.178  32.816  27.311 0.1000000015
106505  34.639  33.199  29.432 0.1000000015
106506  33.730  32.992  29.941 0.1000000015
106527  37.075  33.665  26.159 0.1000000015
106528  36.280  33.687  27.197 0.1000000015
123512  35.910  33.532  28.114 0.1000000015
107091  35.323  33.995  29.071 0.1000000015
109829  46.871  40.090  35.179 0.1000000015
109841  45.719  39.649  34.256 0.1000000015
144595  43.716  39.613  35.034 0.1000000015
109845  41.905  39.996  34.203 0.1000000015
110396  40.483  40.823  34.387 0.1000000015
110395  41.082  40.444  33.892 0.1000000015
111004  40.171  41.486  33.754 0.1000000015
109858  42.729  39.689  33.666 0.1000000015
111017  39.913  41.725  33.013 0.1000000015
113731  42.148  46.420  29.303 0.1000000015
112157  42.165  44.356  30.648 0.1000000015
113730  44.134  46.078  29.807 0.1000000015
113213  44.406  45.860  30.220 0.1000000015
145860  31.754  32.836  31.731 0.1000000015
107703  37.847  35.341  23.763 0.1000000015
107691  37.735  35.032  24.354 0.1000000015
107092  34.088  33.876  29.601 0.1000000015
107134  37.646  34.787  25.195 0.1000000015
146762  34.762  33.905  29.377 0.1000000015
107120  36.650  34.292  26.590 0.1000000015
107108  36.110  34.654  27.520 0.1000000015
109820  49.144  39.144  36.796 0.1000000015
110378  47.777  40.335  35.382 0.1000000015
109830  45.924  39.653  35.125 0.1000000015
109833  41.932  39.818  34.991 0.1000000015
112142  40.277  43.331  32.688 0.1000000015
112678  40.756  44.145  32.467 0.1000000015
113733  39.989  46.700  29.523 0.1000000015
112676  42.442  45.027  31.789 0.1000000015
113200  44.195  45.566  30.673 0.1000000015
113191  43.466  45.483  31.249 0.1000000015
124727  31.846  33.596  31.315 0.1000000015
107093  33.222  33.997  30.085 0.1000000015
106487  31.167  33.410  31.723 0.1000000015
109978  39.108  39.579  23.424 0.1000000015
108843  38.474  37.653  22.902 0.1000000015
108263  38.319  36.514  23.163 0.1000000015
107098  35.717  34.603  28.479 0.1000000015
142183  34.687  34.596  29.323 0.1000000015
107084  32.620  34.655  30.471 0.1000000015
108264  37.649  36.149  23.428 0.1000000015
107674  37.199  35.360  25.490 0.1000000015
108251  37.482  35.587  23.954 0.1000000015
107661  36.331  35.326  26.709 0.1000000015
107647  35.903  35.639  27.354 0.1000000015
108235  36.927  36.191  25.056 0.1000000015
108222  36.622  36.056  26.004 0.1000000015
147502  48.736  39.862  36.396 0.1000000015
110363  46.798  40.241  36.280 0.1000000015
109822  46.095  39.858  35.851 0.1000000015
110379  41.717  40.048  35.696 0.1000000015
110381  40.572  40.846  35.307 0.1000000015
112135  41.235  43.983  34.045 0.1000000015
112667  42.219  44.993  32.743 0.1000000015
113190  44.197  45.955  31.635 0.1000000015
113708  44.470  46.448  31.183 0.1000000015
107071  32.038  34.686  31.042 0.1000000015
110525  39.395  40.495  24.195 0.1000000015
110538  39.585  40.155  23.785 0.1000000015
129695  33.854  34.888  29.583 0.1000000015
107618  32.374  35.660  30.634 0.1000000015
108844  37.673  37.250  22.888 0.1000000015
107635  35.668  35.490  28.218 0.1000000015
107627  34.567  35.592  29.273 0.1000000015
107628  33.108  35.272  30.036 0.1000000015
109385  38.811  38.803  23.001 0.1000000015
109399  38.118  38.549  22.816 0.1000000015
108252  37.028  36.337  24.043 0.1000000015
108211  35.962  36.286  26.805 0.1000000015
108197  35.370  36.470  27.729 0.1000000015
107636  35.071  36.078  28.699 0.1000000015
109400  37.672  39.035  22.706 0.1000000015
108860  36.985  37.860  22.690 0.1000000015
108223  36.027  36.860  26.175 0.1000000015
108793  35.378  37.108  26.755 0.1000000015
108265  37.050  37.084  23.218 0.1000000015
108809  36.538  36.881  24.620 0.1000000015
108236  36.310  36.877  25.400 0.1000000015
107437  34.617  35.559  54.760 0.1000000015
108003  31.265  36.666  51.567 0.1000000015
108000  31.627  36.424  52.346 0.1000000015
108004  30.992  37.074  50.857 0.1000000015
138040  42.574  40.614  37.623 0.1000000015
110952  42.076  41.116  38.011 0.1000000015
109824  44.187  39.746  35.971 0.1000000015
110359  41.884  40.678  37.327 0.1000000015
110953  41.316  41.392  37.511 0.1000000015
144170  40.734  41.001  35.948 0.1000000015
110966  40.856  41.435  36.368 0.1000000015
112662  42.146  44.431  34.654 0.1000000015
112127  40.872  43.102  34.651 0.1000000015
111546  40.668  42.283  35.133 0.1000000015
113173  43.014  45.459  33.334 0.1000000015
142310  44.439  46.504  32.684 0.1000000015
113694  44.382  46.496  33.227 0.1000000015
113182  43.358  45.689  32.291 0.1000000015
114226  44.266  47.064  30.950 0.1000000015
114243  40.812  47.283  29.902 0.1000000015
114204  44.489  47.263  32.620 0.1000000015
141642  39.012  42.238  24.774 0.1000000015
107072  31.234  34.581  31.405 0.1000000015
107604  31.638  35.645  31.171 0.1000000015
109927  37.505  39.518  27.088 0.1000000015
109928  36.621  39.605  27.397 0.1000000015
107629  32.926  36.299  29.959 0.1000000015
110539  38.843  39.783  23.623 0.1000000015
109979  38.282  39.510  22.952 0.1000000015
109940  37.790  39.561  26.132 0.1000000015
108183  34.295  36.489  29.107 0.1000000015
108769  33.824  37.137  28.753 0.1000000015
109952  37.384  39.701  25.167 0.1000000015
108781  33.953  37.437  28.025 0.1000000015
108845  36.413  37.842  22.970 0.1000000015
108828  36.364  37.413  23.818 0.1000000015
108810  35.420  37.496  25.691 0.1000000015
108794  34.403  37.741  26.425 0.1000000015
137102  35.883  37.455  24.714 0.1000000015
107436  35.372  35.905  54.907 0.1000000015
109207  34.654  38.038  53.195 0.1000000015
108590  34.386  36.712  53.785 0.1000000015
136054  33.925  38.124  52.904 0.1000000015
107995  33.463  36.477  53.591 0.1000000015
107992  33.933  35.852  54.187 0.1000000015
111947  32.327  44.176  53.440 0.1000000015
109214  33.485  38.686  52.620 0.1000000015
109215  32.525  38.441  52.517 0.1000000015
108591  33.005  36.997  53.214 0.1000000015
107440  32.975  35.702  53.776 0.1000000015
109216  31.777  38.323  52.256 0.1000000015
107996  32.629  36.317  53.277 0.1000000015
107999  32.039  36.156  52.883 0.1000000015
132386  31.580  39.000  51.878 0.1000000015
109220  31.251  38.257  51.662 0.1000000015
109760  30.945  39.899  50.918 0.1000000015
109221  30.861  38.252  51.093 0.1000000015
110288  30.928  39.891  50.053 0.1000000015
145224  31.008  38.842  49.670 0.1000000015
108603  30.820  37.790  50.516 0.1000000015
109226  31.365  38.579  49.324 0.1000000015
109231  32.094  38.499  48.698 0.1000000015
112060  41.833  43.493  40.308 0.1000000015
112044  41.302  43.679  41.085 0.1000000015
112045  40.378  43.752  41.116 0.1000000015
110346  46.154  41.045  37.831 0.1000000015
110947  43.574  41.443  38.688 0.1000000015
132528  42.967  42.589  39.645 0.1000000015
111496  41.726  43.152  39.511 0.1000000015
112061  40.862  43.642  40.369 0.1000000015
110362  47.713  40.419  36.474 0.1000000015
144372  46.201  40.542  37.084 0.1000000015
110348  43.997  40.881  38.144 0.1000000015
110948  42.553  41.600  38.653 0.1000000015
111505  41.103  43.309  39.125 0.1000000015
112073  40.509  43.746  39.586 0.1000000015
110364  45.699  40.166  36.580 0.1000000015
143296  44.027  40.284  37.162 0.1000000015
111519  41.041  42.115  37.759 0.1000000015
111507  41.057  42.835  38.338 0.1000000015
112625  40.099  44.217  39.065 0.1000000015
129648  40.964  42.561  36.547 0.1000000015
112102  40.933  43.511  37.973 0.1000000015
112634  40.603  44.253  38.367 0.1000000015
112126  41.558  43.687  35.046 0.1000000015
112111  41.354  43.410  36.355 0.1000000015
112647  41.374  43.991  36.865 0.1000000015
112661  42.847  45.251  34.277 0.1000000015
112653  42.722  44.944  35.096 0.1000000015
113693  44.720  47.044  33.700 0.1000000015
114227  42.584  47.453  30.258 0.1000000015
114228  41.550  47.843  30.300 0.1000000015
114192  44.585  47.508  33.446 0.1000000015
114214  43.824  47.718  31.518 0.1000000015
114244  39.975  47.272  30.127 0.1000000015
111575  37.256  42.406  31.640 0.1000000015
111647  38.854  42.418  25.330 0.1000000015
111088  38.932  41.345  25.981 0.1000000015
143738  38.769  41.560  27.270 0.1000000015
108160  31.280  36.440  30.981 0.1000000015
109926  38.190  39.698  26.827 0.1000000015
110471  37.874  40.149  28.380 0.1000000015
108173  32.035  36.634  30.271 0.1000000015
110509  39.003  40.590  24.514 0.1000000015
109950  38.501  39.938  24.807 0.1000000015
109951  38.065  39.627  25.237 0.1000000015
110510  36.430  40.104  25.213 0.1000000015
108184  33.453  36.805  29.367 0.1000000015
142784  33.340  37.432  28.369 0.1000000015
109964  38.723  40.062  23.841 0.1000000015
109980  37.999  40.090  23.082 0.1000000015
110540  37.323  40.457  23.217 0.1000000015
110556  37.119  40.447  22.727 0.1000000015
109386  35.930  38.536  22.759 0.1000000015
108846  35.891  38.063  23.279 0.1000000015
140438  33.899  37.645  27.254 0.1000000015
109995  37.450  39.762  22.656 0.1000000015
109401  36.986  38.893  22.500 0.1000000015
108830  35.071  38.069  24.731 0.1000000015
108811  34.515  38.068  25.420 0.1000000015
146547  34.755  37.388  53.546 0.1000000015
110858  33.016  41.832  53.235 0.1000000015
111426  32.481  42.655  53.217 0.1000000015
110865  32.268  41.980  52.675 0.1000000015
132452  32.731  41.224  52.716 0.1000000015
110279  33.277  40.557  52.648 0.1000000015
109750  32.759  39.148  52.434 0.1000000015
108595  33.010  37.780  52.869 0.1000000015
142973  32.170  43.463  52.967 0.1000000015
138256  31.650  42.104  51.986 0.1000000015
110281  31.710  40.553  51.892 0.1000000015
109751  32.071  39.691  52.211 0.1000000015
129146  32.147  37.801  52.572 0.1000000015
138109  31.264  42.182  51.065 0.1000000015
148151  31.077  41.287  50.990 0.1000000015
109755  31.392  39.799  51.570 0.1000000015
135517  31.471  42.204  50.116 0.1000000015
143938  31.037  40.669  50.569 0.1000000015
111450  33.028  42.239  48.718 0.1000000015
110876  31.876  42.220  49.463 0.1000000015
125655  31.268  40.775  49.750 0.1000000015
110292  31.402  40.063  49.230 0.1000000015
111449  33.907  42.481  48.551 0.1000000015
131728  32.876  41.568  48.485 0.1000000015
110297  31.967  40.107  48.607 0.1000000015
109768  31.683  39.321  48.872 0.1000000015
111448  34.756  42.611  48.357 0.1000000015
109767  32.379  39.369  48.446 0.1000000015
111457  36.272  41.986  47.869 0.1000000015
112610  42.841  44.045  41.940 0.1000000015
112597  41.518  44.354  42.609 0.1000000015
112579  41.119  44.673  43.330 0.1000000015
110936  46.251  42.277  38.984 0.1000000015
111492  45.310  43.289  39.952 0.1000000015
112042  43.320  43.670  41.271 0.1000000015
148890  41.622  43.853  41.548 0.1000000015
112580  40.081  44.778  43.375 0.1000000015
110345  47.393  41.238  37.987 0.1000000015
110945  45.602  41.602  38.486 0.1000000015
111501  44.722  42.681  39.510 0.1000000015
111494  43.358  43.071  39.999 0.1000000015
112059  42.844  43.354  40.548 0.1000000015
112611  41.033  44.026  41.825 0.1000000015
112599  39.553  44.396  42.544 0.1000000015
112581  39.019  44.651  43.213 0.1000000015
110353  48.816  40.448  37.839 0.1000000015
110937  45.147  42.144  39.015 0.1000000015
110938  44.150  42.000  39.170 0.1000000015
137234  39.203  44.246  41.858 0.1000000015
112600  38.584  44.528  42.363 0.1000000015
112062  39.998  43.833  40.417 0.1000000015
112613  38.631  44.473  41.423 0.1000000015
112614  38.039  44.800  41.844 0.1000000015
112074  39.802  44.109  39.775 0.1000000015
112620  38.570  44.776  40.688 0.1000000015
137106  40.580  44.944  38.049 0.1000000015
112626  39.450  44.728  39.476 0.1000000015
112654  42.078  44.263  35.451 0.1000000015
112646  41.793  44.207  36.216 0.1000000015
137595  41.014  45.068  37.484 0.1000000015
113152  41.973  45.470  36.505 0.1000000015
113686  44.317  46.453  34.687 0.1000000015
114698  44.320  48.074  33.103 0.1000000015
130766  43.017  48.119  31.388 0.1000000015
114216  41.260  48.206  30.892 0.1000000015
114217  40.293  48.068  31.079 0.1000000015
142177  39.020  46.921  29.991 0.1000000015
111561  36.394  42.562  33.029 0.1000000015
111591  38.261  43.240  29.327 0.1000000015
142338  38.114  42.640  30.137 0.1000000015
111574  37.698  42.589  30.940 0.1000000015
111053  37.957  41.425  29.810 0.1000000015
112194  38.743  43.662  27.558 0.1000000015
111614  38.816  42.873  27.109 0.1000000015
111630  38.826  42.552  26.282 0.1000000015
110458  38.152  41.121  28.939 0.1000000015
110459  37.523  40.472  29.318 0.1000000015
110470  38.418  40.909  28.154 0.1000000015
110526  36.816  40.503  24.025 0.1000000015
110541  36.656  41.002  23.039 0.1000000015
110557  36.432  40.746  22.591 0.1000000015
109996  35.979  39.912  22.343 0.1000000015
109372  35.292  38.605  23.123 0.1000000015
109402  35.549  39.079  22.445 0.1000000015
110558  35.665  40.828  22.445 0.1000000015
112463  33.040  44.403  55.086 0.1000000015
111415  33.392  43.170  54.243 0.1000000015
111414  34.247  42.969  54.210 0.1000000015
110857  34.055  41.787  53.326 0.1000000015
112980  32.628  45.586  54.275 0.1000000015
111928  32.649  44.235  54.322 0.1000000015
111938  32.668  43.383  53.865 0.1000000015
111425  33.418  42.562  53.758 0.1000000015
113003  33.006  45.939  52.146 0.1000000015
112486  32.257  44.865  52.989 0.1000000015
112487  32.037  44.190  52.578 0.1000000015
111948  31.806  43.535  52.194 0.1000000015
113509  34.170  46.241  51.271 0.1000000015
113015  33.307  45.699  51.317 0.1000000015
113016  32.637  45.418  51.850 0.1000000015
112494  31.842  44.117  51.898 0.1000000015
111430  31.592  42.891  51.725 0.1000000015
131905  37.174  46.575  50.404 0.1000000015
113529  35.660  46.508  50.778 0.1000000015
113530  34.831  46.136  50.684 0.1000000015
113014  34.070  45.665  50.643 0.1000000015
113027  32.594  45.011  51.212 0.1000000015
112502  32.014  44.253  51.192 0.1000000015
111965  31.746  43.536  50.810 0.1000000015
113548  37.961  46.233  49.930 0.1000000015
113549  36.974  45.967  49.875 0.1000000015
113025  35.500  45.843  50.141 0.1000000015
113046  34.974  45.199  49.769 0.1000000015
111973  33.211  43.815  49.508 0.1000000015
111439  32.464  42.597  49.260 0.1000000015
113043  37.507  45.466  49.444 0.1000000015
112537  35.671  43.983  48.852 0.1000000015
111972  33.958  43.826  49.277 0.1000000015
111438  33.346  43.086  49.103 0.1000000015
112514  37.984  44.836  49.001 0.1000000015
112535  37.530  44.116  48.693 0.1000000015
112536  36.566  44.054  48.749 0.1000000015
112517  34.825  43.892  49.040 0.1000000015
111444  38.651  42.718  48.082 0.1000000015
111445  37.594  42.701  48.115 0.1000000015
111446  36.634  42.669  48.155 0.1000000015
111443  39.437  42.531  47.868 0.1000000015
111455  38.091  42.078  47.676 0.1000000015
112596  42.429  44.381  42.593 0.1000000015
110944  46.769  41.728  38.511 0.1000000015
111500  45.784  42.828  39.459 0.1000000015
112057  44.846  43.559  40.554 0.1000000015
112041  44.354  43.804  41.228 0.1000000015
110344  48.483  41.062  38.322 0.1000000015
110352  49.514  40.024  38.228 0.1000000015
113095  39.731  45.400  44.535 0.1000000015
113111  38.567  45.019  43.819 0.1000000015
112582  38.134  44.777  43.145 0.1000000015
113125  38.066  45.084  41.236 0.1000000015
113119  37.244  45.456  42.566 0.1000000015
112627  38.926  44.906  40.065 0.1000000015
112642  41.471  44.777  36.873 0.1000000015
113147  40.718  45.673  37.785 0.1000000015
112635  39.964  44.807  38.686 0.1000000015
113675  43.651  46.304  35.368 0.1000000015
113160  42.729  45.824  35.903 0.1000000015
133111  41.686  46.213  36.903 0.1000000015
114170  45.164  48.053  34.962 0.1000000015
113665  44.045  47.135  35.887 0.1000000015
129017  43.100  46.578  35.944 0.1000000015
114179  44.938  47.847  34.149 0.1000000015
114689  44.213  48.717  33.641 0.1000000015
114707  42.526  48.324  31.663 0.1000000015
114701  41.985  48.400  31.988 0.1000000015
114206  40.143  48.035  31.909 0.1000000015
111568  36.915  43.254  32.156 0.1000000015
112149  37.356  43.449  31.202 0.1000000015
138210  38.426  43.681  28.486 0.1000000015
132731  37.277  44.277  30.614 0.1000000015
112158  37.573  44.332  29.979 0.1000000015
110527  35.958  41.406  23.457 0.1000000015
109373  34.789  38.467  23.877 0.1000000015
110542  36.029  41.574  22.846 0.1000000015
111413  35.413  43.012  54.177 0.1000000015
110856  35.160  41.783  53.238 0.1000000015
129533  33.880  43.419  54.616 0.1000000015
111424  34.693  42.410  53.741 0.1000000015
114028  36.428  47.371  51.568 0.1000000015
114029  35.167  47.223  51.963 0.1000000015
113510  33.623  46.271  51.813 0.1000000015
113527  37.947  46.919  50.599 0.1000000015
114046  36.539  46.922  50.940 0.1000000015
113508  34.969  46.702  51.317 0.1000000015
113525  39.631  46.604  50.226 0.1000000015
113526  38.779  46.702  50.419 0.1000000015
133787  40.351  46.517  50.101 0.1000000015
113546  39.885  46.105  49.699 0.1000000015
113042  38.450  45.505  49.412 0.1000000015
113040  40.305  45.518  49.314 0.1000000015
112513  38.928  44.800  48.977 0.1000000015
112534  38.460  44.111  48.651 0.1000000015
112511  40.833  44.823  48.994 0.1000000015
112512  39.876  44.833  48.911 0.1000000015
112533  39.507  43.959  48.540 0.1000000015
111994  41.537  42.636  48.000 0.1000000015
110942  49.001  41.293  39.233 0.1000000015
111499  47.018  42.943  39.572 0.1000000015
112040  45.493  44.087  41.169 0.1000000015
112595  43.351  44.410  42.562 0.1000000015
113109  40.808  45.129  43.987 0.1000000015
113094  40.479  45.444  44.614 0.1000000015
113078  38.636  45.602  45.056 0.1000000015
113611  38.251  46.016  45.662 0.1000000015
139767  37.148  45.410  43.699 0.1000000015
113612  37.276  46.001  45.602 0.1000000015
113126  37.512  45.436  41.820 0.1000000015
113112  36.682  45.826  43.157 0.1000000015
113647  38.763  46.343  39.794 0.1000000015
113644  38.157  46.113  40.465 0.1000000015
144104  36.456  46.480  42.617 0.1000000015
113661  41.130  46.494  37.544 0.1000000015
113653  40.414  46.318  38.227 0.1000000015
114137  39.495  46.867  39.230 0.1000000015
114133  38.278  46.953  40.376 0.1000000015
114650  44.766  48.641  36.721 0.1000000015
114661  45.190  48.882  35.563 0.1000000015
113674  44.678  47.199  35.186 0.1000000015
114690  43.440  48.738  33.260 0.1000000015
115164  44.932  49.439  35.355 0.1000000015
114692  41.587  48.332  32.794 0.1000000015
114193  40.402  48.061  32.874 0.1000000015
112150  36.926  44.228  31.336 0.1000000015
112679  36.463  44.292  32.180 0.1000000015
113192  36.828  45.716  31.719 0.1000000015
140271  36.844  45.573  30.887 0.1000000015
113703  37.282  46.425  32.264 0.1000000015
113719  38.047  46.530  30.284 0.1000000015
114043  39.552  47.194  50.791 0.1000000015
113545  40.780  46.123  49.754 0.1000000015
113543  43.249  45.979  50.248 0.1000000015
128928  42.161  45.546  49.627 0.1000000015
126843  43.791  44.324  48.764 0.1000000015
112510  41.838  44.874  49.150 0.1000000015
112532  40.436  44.180  48.615 0.1000000015
111981  42.224  43.372  48.458 0.1000000015
111982  41.571  42.906  48.332 0.1000000015
110935  47.501  42.251  39.228 0.1000000015
112055  47.110  43.763  40.851 0.1000000015
112608  44.980  44.306  41.866 0.1000000015
112577  42.944  44.689  43.197 0.1000000015
112039  46.547  44.133  41.194 0.1000000015
113607  42.130  46.158  46.025 0.1000000015
113610  39.292  45.979  45.651 0.1000000015
113576  39.179  46.902  47.016 0.1000000015
113591  37.748  46.408  46.292 0.1000000015
114121  36.064  46.583  43.196 0.1000000015
113633  36.033  46.190  43.857 0.1000000015
113592  36.731  46.327  46.232 0.1000000015
113130  37.701  45.790  41.043 0.1000000015
114136  40.223  47.510  38.963 0.1000000015
114147  40.083  46.810  38.648 0.1000000015
114615  39.394  48.212  40.319 0.1000000015
114129  37.182  47.181  41.379 0.1000000015
114130  36.760  47.627  41.993 0.1000000015
114162  44.038  47.799  36.518 0.1000000015
114153  42.962  47.680  37.076 0.1000000015
114145  41.474  47.826  38.144 0.1000000015
114621  39.771  47.812  39.645 0.1000000015
114161  45.115  48.085  35.920 0.1000000015
114674  44.166  49.220  34.140 0.1000000015
114675  43.188  49.051  34.042 0.1000000015
114676  41.901  48.603  34.371 0.1000000015
133409  41.146  48.259  33.695 0.1000000015
147636  39.752  47.877  32.493 0.1000000015
114207  39.229  47.742  32.116 0.1000000015
114231  38.695  47.299  30.763 0.1000000015
113710  37.279  46.355  31.426 0.1000000015
113702  37.810  47.044  31.895 0.1000000015
113709  37.903  46.827  31.069 0.1000000015
126831  38.424  47.503  32.434 0.1000000015
114025  41.776  47.724  51.551 0.1000000015
147928  41.177  47.249  50.963 0.1000000015
113524  41.270  46.696  50.411 0.1000000015
113523  42.556  46.650  50.646 0.1000000015
113521  44.417  46.636  50.699 0.1000000015
113056  43.569  44.755  49.281 0.1000000015
113522  43.680  46.713  50.903 0.1000000015
114041  42.166  47.243  51.066 0.1000000015
113055  44.624  44.953  49.312 0.1000000015
142874  43.740  44.718  43.103 0.1000000015
113613  36.360  46.072  45.478 0.1000000015
114117  35.213  47.286  44.075 0.1000000015
114114  34.486  47.530  45.442 0.1000000015
114608  39.021  48.680  40.945 0.1000000015
115088  37.852  48.829  41.877 0.1000000015
114125  36.219  47.253  42.603 0.1000000015
114642  43.052  48.394  37.740 0.1000000015
114643  42.175  48.240  38.121 0.1000000015
114620  40.548  48.315  39.437 0.1000000015
115096  39.815  49.018  40.683 0.1000000015
114641  44.202  48.943  37.481 0.1000000015
115155  44.785  49.920  35.722 0.1000000015
115140  44.065  50.195  35.935 0.1000000015
114662  42.706  49.211  34.961 0.1000000015
114180  40.023  47.987  33.859 0.1000000015
115156  43.849  49.866  35.241 0.1000000015
114026  40.543  47.626  51.297 0.1000000015
113542  44.549  46.046  50.334 0.1000000015
113036  45.274  45.818  49.800 0.1000000015
114054  45.170  47.250  50.033 0.1000000015
113627  35.521  46.532  44.394 0.1000000015
115087  38.631  49.165  41.580 0.1000000015
115081  36.764  48.904  42.825 0.1000000015
114604  35.440  48.034  43.471 0.1000000015
114118  34.730  47.546  44.673 0.1000000015
114630  43.685  49.255  38.258 0.1000000015
114632  41.808  48.488  38.663 0.1000000015
147076  40.551  49.287  40.470 0.1000000015
115086  39.475  49.436  41.325 0.1000000015
115139  44.991  49.728  36.869 0.1000000015
115128  44.549  49.661  37.980 0.1000000015
115141  42.150  49.905  36.435 0.1000000015
136438  41.272  49.499  36.348 0.1000000015
114663  41.384  48.712  35.215 0.1000000015
115158  40.824  49.022  35.888 0.1000000015
114664  40.266  48.521  35.333 0.1000000015
113541  45.567  46.553  49.617 0.1000000015
113557  45.798  46.444  49.042 0.1000000015
115104  41.996  49.626  39.907 0.1000000015
115095  41.523  49.909  40.636 0.1000000015
115085  40.506  49.756  41.137 0.1000000015
115078  39.082  49.951  42.013 0.1000000015
115080  37.513  49.242  42.541 0.1000000015
115069  35.817  49.702  43.967 0.1000000015
115117  43.379  49.707  39.022 0.1000000015
115105  40.960  49.134  39.919 0.1000000015
115599  44.783  50.158  37.146 0.1000000015
115102  44.030  50.424  39.445 0.1000000015
137020  44.507  50.325  36.633 0.1000000015
115600  43.333  50.342  36.522 0.1000000015
115586  43.763  50.800  37.253 0.1000000015
141949  42.498  50.519  37.038 0.1000000015
115093  42.723  50.344  40.605 0.1000000015
115549  39.944  50.018  41.697 0.1000000015
115535  38.350  50.669  43.235 0.1000000015
115537  36.616  50.059  43.708 0.1000000015
115076  35.544  48.886  43.689 0.1000000015
115536  37.440  50.374  43.497 0.1000000015
115530  35.395  50.033  44.632 0.1000000015
116002  44.466  50.955  38.238 0.1000000015
115129  41.235  50.075  36.920 0.1000000015
115517  33.075  50.158  47.848 0.1000000015
115084  41.498  50.355  41.300 0.1000000015
115548  40.889  50.504  41.828 0.1000000015
126801  39.136  50.583  42.693 0.1000000015
126694  33.324  50.255  47.077 0.1000000015
115555  43.529  50.850  40.881 0.1000000015
115528  36.899  50.741  44.117 0.1000000015
115529  36.098  50.424  44.275 0.1000000015
115523  34.979  50.437  45.259 0.1000000015
115564  44.471  50.751  39.161 0.1000000015
132621  42.970  51.286  37.693 0.1000000015
115142  40.409  49.461  36.495 0.1000000015
115953  36.272  51.087  44.665 0.1000000015
116381  35.958  52.074  45.776 0.1000000015
115938  33.399  51.100  47.346 0.1000000015
115094  42.588  50.660  41.236 0.1000000015
115961  37.763  51.097  43.954 0.1000000015
115952  37.149  51.396  44.617 0.1000000015
115519  33.766  50.649  46.501 0.1000000015
115524  34.083  50.002  45.789 0.1000000015
116389  38.156  51.816  44.641 0.1000000015
115948  34.581  50.953  45.938 0.1000000015
116373  34.702  52.262  46.858 0.1000000015
116380  36.724  52.205  45.601 0.1000000015
102754  26.494  27.798  45.497 0.1000000015
132659  25.412  26.183  43.540 0.1000000015
129926  25.463  27.005  43.204 0.1000000015
103398  25.685  28.334  43.303 0.1000000015
110864  33.597  41.185  52.931 0.1000000015
110863  34.539  41.166  52.852 0.1000000015
116013  44.171  51.165  38.046 0.1000000015
116372  35.537  52.519  46.483 0.1000000015
102149  37.315  26.123  40.839 0.1000000015
133544  35.571  41.861  47.913 0.1000000015
111988  34.340  43.208  48.790 0.1000000015
111454  38.984  42.071  47.577 0.1000000015
112549  43.029  43.671  48.316 0.1000000015
110934  48.604  41.943  39.705 0.1000000015
108606  31.166  37.789  49.703 0.1000000015
109280  49.406  38.548  34.206 0.1000000015
104037  26.663  29.863  44.624 0.1000000015
105922  43.043  32.234  31.180 0.1000000015
129720  44.955  33.977  30.191 0.1000000015
108724  46.238  37.778  31.599 0.1000000015
107068  46.214  34.900  29.761 0.1000000015
108168  45.654  35.851  29.404 0.1000000015
107616  42.326  34.995  30.381 0.1000000015
107617  40.751  35.128  30.415 0.1000000015
136416  40.319  34.025  28.287 0.1000000015
136234  40.509  33.052  27.876 0.1000000015
129337  40.738  34.515  27.474 0.1000000015
131514  27.960  27.585  46.628 0.1000000015
102119  27.246  26.664  47.524 0.1000000015
136116  29.254  31.142  45.348 0.1000000015
129915  30.043  30.649  45.253 0.1000000015
103384  27.773  28.363  45.736 0.1000000015
145444  27.977  29.756  45.447 0.1000000015
104027  27.496  29.110  45.432 0.1000000015
105816  32.774  33.142  43.827 0.1000000015
105804  31.678  32.551  44.328 0.1000000015
105234  30.493  31.774  44.909 0.1000000015
105799  28.803  32.035  45.218 0.1000000015
104648  27.665  30.559  45.221 0.1000000015
106962  35.493  34.850  41.029 0.1000000015
106363  34.095  33.469  43.191 0.1000000015
106365  32.374  33.834  43.532 0.1000000015
106939  33.806  34.301  42.727 0.1000000015
106366  31.485  33.865  43.687 0.1000000015
134854  30.842  32.503  44.636 0.1000000015
105805  30.106  32.435  44.867 0.1000000015
105806  29.385  32.625  44.873 0.1000000015
105235  27.952  32.071  44.886 0.1000000015
107534  37.617  35.149  39.305 0.1000000015
106949  34.718  34.876  41.400 0.1000000015
124747  33.103  34.908  42.200 0.1000000015
106367  30.553  33.864  43.851 0.1000000015
106353  30.107  33.186  44.500 0.1000000015
106355  28.343  33.165  44.209 0.1000000015
124974  39.442  35.314  37.840 0.1000000015
107557  37.785  35.352  38.030 0.1000000015
107529  34.741  35.256  40.489 0.1000000015
143174  32.504  35.206  41.723 0.1000000015
106934  30.030  34.370  43.288 0.1000000015
105808  27.822  32.674  44.314 0.1000000015
104044  25.876  29.078  43.655 0.1000000015
138816  26.369  30.686  43.441 0.1000000015
107026  45.079  34.722  36.157 0.1000000015
108157  43.474  36.501  30.748 0.1000000015
141719  39.997  36.679  29.516 0.1000000015
107107  40.887  33.701  26.922 0.1000000015
102716  32.448  27.260  49.666 0.1000000015
102118  27.914  26.858  48.005 0.1000000015
124979  34.240  28.137  48.131 0.1000000015
102117  29.752  27.054  47.852 0.1000000015
103369  36.288  28.480  47.216 0.1000000015
103370  35.487  28.315  46.567 0.1000000015
103376  34.855  27.896  46.205 0.1000000015
103381  36.124  28.385  45.130 0.1000000015
103383  29.121  28.617  45.527 0.1000000015
104025  29.732  29.171  45.357 0.1000000015
126871  32.163  30.982  44.119 0.1000000015
104662  30.760  30.821  44.850 0.1000000015
104024  30.390  28.801  45.059 0.1000000015
105814  34.374  32.642  43.346 0.1000000015
106385  36.628  33.704  41.744 0.1000000015
106369  28.695  33.628  43.772 0.1000000015
131988  28.331  33.829  43.051 0.1000000015
108768  40.391  37.020  28.771 0.1000000015
107646  41.147  35.224  27.245 0.1000000015
137329  41.237  34.082  25.862 0.1000000015
102729  33.593  27.611  47.685 0.1000000015
102122  32.961  27.023  47.096 0.1000000015
102746  34.448  27.458  45.546 0.1000000015
143128  32.605  26.805  46.195 0.1000000015
102747  33.690  27.012  45.506 0.1000000015
131770  30.054  27.708  45.655 0.1000000015
103391  31.538  28.267  44.450 0.1000000015
147435  32.533  28.183  43.449 0.1000000015
138834  32.069  30.021  44.175 0.1000000015
104693  34.491  30.796  43.131 0.1000000015
104678  32.879  31.321  43.748 0.1000000015
105827  35.559  32.078  43.034 0.1000000015
105246  35.267  31.301  43.018 0.1000000015
105813  35.063  32.559  43.174 0.1000000015
131002  38.761  32.827  40.634 0.1000000015
105306  38.630  31.026  33.691 0.1000000015
109924  43.547  40.056  26.765 0.1000000015
109914  42.043  40.231  28.067 0.1000000015
109369  42.719  38.316  25.342 0.1000000015
110469  41.766  40.863  28.607 0.1000000015
104776  38.649  30.184  29.628 0.1000000015
134251  40.306  39.909  30.385 0.1000000015
108824  42.580  37.565  25.451 0.1000000015
104156  38.710  29.877  28.252 0.1000000015
102749  31.671  26.945  44.842 0.1000000015
139045  33.317  26.710  44.822 0.1000000015
102767  36.159  27.327  43.020 0.1000000015
102139  34.815  26.354  43.015 0.1000000015
102768  33.332  26.894  43.141 0.1000000015
102769  32.647  27.435  43.368 0.1000000015
145429  32.318  27.206  44.013 0.1000000015
102144  35.350  26.109  42.236 0.1000000015
102152  34.990  26.067  42.100 0.1000000015
103405  33.595  27.730  42.544 0.1000000015
102780  34.955  26.487  41.592 0.1000000015
103414  35.242  27.667  41.316 0.1000000015
104056  33.650  28.772  42.632 0.1000000015
104055  34.360  29.107  42.417 0.1000000015
133348  34.650  29.911  42.701 0.1000000015
102157  37.378  26.202  40.664 0.1000000015
136401  36.575  27.273  40.414 0.1000000015
103413  35.954  28.377  41.252 0.1000000015
104070  36.274  29.244  41.527 0.1000000015
104706  36.529  30.221  41.814 0.1000000015
104691  36.136  30.574  42.371 0.1000000015
105254  36.624  31.115  42.175 0.1000000015
131501  38.128  26.279  40.270 0.1000000015
103424  37.159  27.597  40.024 0.1000000015
102793  38.809  26.487  39.361 0.1000000015
130537  37.026  31.911  41.997 0.1000000015
105253  38.137  31.049  41.181 0.1000000015
104081  38.167  29.227  40.071 0.1000000015
104712  38.488  30.358  40.493 0.1000000015
105261  38.685  31.271  40.742 0.1000000015
128127  40.023  29.912  39.243 0.1000000015
105849  39.881  31.789  40.035 0.1000000015
144974  40.867  32.795  39.194 0.1000000015
111627  43.815  42.191  26.835 0.1000000015
111613  43.922  42.818  27.410 0.1000000015
111642  43.599  41.923  26.250 0.1000000015
111064  43.185  41.770  27.875 0.1000000015
112205  41.066  43.205  26.309 0.1000000015
112731  40.567  44.226  27.370 0.1000000015
110445  40.302  40.806  30.500 0.1000000015
105333  37.240  31.243  30.153 0.1000000015
104793  36.839  30.514  27.838 0.1000000015
107150  39.076  34.588  24.486 0.1000000015
105968  37.364  32.671  25.826 0.1000000015
112717  42.962  44.950  28.077 0.1000000015
109859  41.780  39.936  33.417 0.1000000015
123668  40.137  43.059  31.827 0.1000000015
146104  37.281  44.819  30.188 0.1000000015
107135  37.541  34.028  25.684 0.1000000015
109831  44.902  39.572  35.093 0.1000000015
109843  43.766  39.576  33.813 0.1000000015
112686  41.027  44.247  31.739 0.1000000015
129905  37.247  34.535  25.892 0.1000000015
110380  41.124  40.254  34.943 0.1000000015
110991  40.416  41.521  34.764 0.1000000015
111552  40.409  42.358  34.234 0.1000000015
107660  36.918  35.120  26.166 0.1000000015
110354  47.930  40.721  37.444 0.1000000015
110365  44.630  40.189  36.760 0.1000000015
112668  41.277  44.472  33.084 0.1000000015
126944  33.771  35.973  29.651 0.1000000015
109825  43.154  39.739  36.106 0.1000000015
131287  41.664  40.388  36.536 0.1000000015
139553  40.841  42.230  35.842 0.1000000015
134796  42.100  44.750  33.703 0.1000000015
111098  38.908  41.496  24.962 0.1000000015
108198  34.588  36.885  28.365 0.1000000015
108212  34.635  37.270  27.472 0.1000000015
108580  35.265  36.981  53.878 0.1000000015
107446  31.508  35.933  51.932 0.1000000015
108596  31.485  37.436  52.172 0.1000000015
108016  31.697  36.516  49.988 0.1000000015
110366  43.653  40.060  36.750 0.1000000015
110949  41.545  41.944  38.409 0.1000000015
111520  40.954  42.657  37.493 0.1000000015
112119  41.619  43.675  35.726 0.1000000015
113172  43.837  45.894  33.893 0.1000000015
133801  44.472  46.511  34.056 0.1000000015
109939  38.348  39.821  25.862 0.1000000015
129514  36.253  39.116  22.456 0.1000000015
108829  35.535  37.969  23.908 0.1000000015
109208  33.896  37.352  53.284 0.1000000015
112474  32.470  44.885  53.884 0.1000000015
109756  30.998  39.023  51.211 0.1000000015
109224  30.750  38.638  50.568 0.1000000015
110946  44.565  41.477  38.604 0.1000000015
110347  44.991  40.990  38.012 0.1000000015
111503  42.230  42.419  39.199 0.1000000015
125403  41.092  43.361  37.189 0.1000000015
114215  42.257  48.196  30.889 0.1000000015
114706  43.378  48.273  31.993 0.1000000015
133076  38.660  40.349  26.507 0.1000000015
111066  38.552  41.856  28.430 0.1000000015
110496  38.808  40.407  25.427 0.1000000015
109907  36.803  40.013  29.665 0.1000000015
130507  36.732  39.901  22.431 0.1000000015
110866  31.993  41.300  52.234 0.1000000015
110280  32.423  40.535  52.379 0.1000000015
110868  31.433  41.357  51.568 0.1000000015
111975  31.937  43.338  50.218 0.1000000015
110884  32.211  41.749  48.890 0.1000000015
110885  31.724  40.902  48.958 0.1000000015
111987  35.202  43.302  48.556 0.1000000015
111491  46.466  43.433  40.039 0.1000000015
112058  43.830  43.388  40.584 0.1000000015
113140  40.141  45.548  38.411 0.1000000015
113141  39.545  45.464  38.985 0.1000000015
113151  42.369  46.363  36.451 0.1000000015
111052  38.346  42.180  29.294 0.1000000015
111581  37.929  43.687  29.848 0.1000000015
111602  38.677  42.769  27.943 0.1000000015
112493  32.174  44.783  52.046 0.1000000015
113528  36.347  46.280  50.306 0.1000000015
148464  33.047  44.602  50.160 0.1000000015
112518  33.532  44.506  49.807 0.1000000015
112519  32.810  44.178  49.937 0.1000000015
113045  35.783  45.280  49.582 0.1000000015
112516  36.141  44.692  49.144 0.1000000015
132736  35.299  44.597  49.313 0.1000000015
113547  38.998  46.087  49.859 0.1000000015
112515  37.060  44.774  49.053 0.1000000015
111985  37.059  43.381  48.431 0.1000000015
111984  38.029  43.405  48.409 0.1000000015
113096  38.175  45.317  44.421 0.1000000015
113654  39.757  46.177  38.737 0.1000000015
114155  41.422  47.254  37.679 0.1000000015
112688  36.699  44.969  31.473 0.1000000015
113080  36.878  45.710  44.894 0.1000000015
113641  36.671  46.798  41.979 0.1000000015
114132  38.992  47.349  39.930 0.1000000015
114609  38.211  48.357  41.215 0.1000000015
114640  44.957  49.413  37.144 0.1000000015
113183  36.330  45.092  32.302 0.1000000015
113038  42.868  45.096  49.524 0.1000000015
112530  42.654  44.250  48.880 0.1000000015
114195  38.263  47.537  33.319 0.1000000015
115079  38.245  49.561  42.249 0.1000000015
114631  42.720  48.847  38.518 0.1000000015
115127  44.836  49.912  37.643 0.1000000015
146302  48.366  15.059  49.638 0.1000000015
94797  47.666  15.410  48.375 0.1000000015
95538  46.622  15.592  48.861 0.1000000015
95547  46.623  15.955  47.743 0.1000000015
94807  47.642  15.591  47.326 0.1000000015
94796  48.444  15.044  47.870 0.1000000015
94806  48.538  15.156  46.937 0.1000000015
96841  42.266  18.218  60.403 0.1000000015
95526  44.421  16.014  51.969 0.1000000015
126718  43.478  17.440  60.921 0.1000000015
96183  42.626  17.615  61.015 0.1000000015
96842  41.331  18.191  60.356 0.1000000015
96870  40.591  18.771  58.653 0.1000000015
96871  39.802  18.811  58.707 0.1000000015
95548  45.719  16.410  48.283 0.1000000015
95556  46.663  16.222  46.717 0.1000000015
96273  46.063  16.866  46.242 0.1000000015
95555  47.747  15.851  46.363 0.1000000015
95565  46.824  16.438  45.929 0.1000000015
94805  49.110  14.718  46.571 0.1000000015
94812  48.795  15.347  46.001 0.1000000015
96198  43.120  17.894  60.281 0.1000000015
96869  41.425  18.706  58.704 0.1000000015
96939  45.590  17.483  46.924 0.1000000015
96944  46.074  17.913  46.081 0.2000000030
96853  43.551  18.074  59.499 0.1000000015
96868  42.306  18.615  58.722 0.1000000015
96867  43.082  18.485  58.803 0.1000000015
96865  45.709  18.498  58.891 0.1000000015
129657  44.706  18.489  58.892 0.1000000015
96866  43.836  18.463  58.907 0.1000000015
97512  45.018  19.246  58.323 0.1000000015
96864  46.928  18.675  59.017 0.2000000030
130046  45.951  19.181  58.453 0.1000000015
97514  43.369  18.746  58.356 0.1000000015
96855  41.853  18.552  59.595 0.1000000015
96856  40.959  18.495  59.454 0.1000000015
96854  42.736  18.342  59.522 0.1000000015
133543  39.943  25.664  50.705 0.1000000015
102080  41.444  26.597  50.512 0.1000000015
103342  42.398  28.095  50.259 0.1000000015
102691  41.897  27.307  50.395 0.1000000015
103343  41.549  27.958  49.995 0.1000000015
142907  43.037  28.554  50.256 0.1000000015
99601  39.355  22.612  49.830 0.1000000015
99602  38.636  22.365  49.510 0.1000000015
100228  39.292  23.185  50.342 0.1000000015
125296  43.092  24.433  49.677 0.1000000015
129248  39.852  23.868  50.530 0.1000000015
100925  40.350  24.764  50.576 0.1000000015
124626  41.895  23.617  49.448 0.1000000015
123756  40.614  22.929  49.212 0.1000000015
100244  40.170  23.064  50.036 0.1000000015
100943  42.275  24.158  49.908 0.1000000015
101548  41.037  25.667  50.581 0.1000000015
139406  42.756  26.377  50.859 0.1000000015
145817  42.156  26.703  50.636 0.1000000015
130049  43.218  27.894  50.644 0.1000000015
102690  42.657  27.219  50.693 0.1000000015
135301  41.053  23.409  49.703 0.1000000015
100227  40.724  23.898  50.337 0.1000000015
100243  41.540  23.982  50.123 0.1000000015
143097  41.904  24.534  50.258 0.1000000015
101546  42.661  25.553  50.650 0.1000000015
131754  41.981  26.032  50.644 0.1000000015
102687  43.533  26.960  51.037 0.1000000015
100924  41.244  24.659  50.431 0.1000000015
100923  42.529  24.796  50.255 0.1000000015
101547  41.881  25.219  50.469 0.1000000015
99591  38.754  22.736  50.185 0.1000000015
93401  46.656  14.051  36.278 0.1000000015
93421  45.295  14.113  33.449 0.1000000015
94094  49.617  14.711  44.410 0.1000000015
94099  49.608  15.003  44.091 0.1000000015
94788  47.835  15.299  49.486 0.1000000015
94816  49.531  15.069  44.709 0.1000000015
94854  38.996  15.829  39.550 0.1000000015
94879  43.348  15.541  35.381 0.1000000015
95454  36.721  16.043  62.934 0.1000000015
96214  34.608  17.368  56.881 0.1000000015
96311  46.176  17.396  41.660 0.3000000119
96312  45.232  17.531  41.411 0.2000000030
96849  50.281  17.788  60.391 0.2000000030
96896  39.034  18.819  54.365 0.2000000030
96930  45.023  18.213  48.495 0.2000000030
96987  44.762  18.399  41.389 0.2000000030
97561  41.476  19.582  52.527 0.2000000030
97611  40.490  19.738  45.253 0.2000000030
97623  48.554  19.240  42.643 0.4000000060
97653  49.669  20.567  38.884 0.3000000119
97655  48.503  19.801  39.356 0.3000000119
98053  44.923  20.612  70.014 0.1000000015
98304  50.917  21.139  39.498 0.4000000060
98305  50.304  20.786  39.188 0.3000000119
98714  43.375  21.837  71.572 0.1000000015
98786  41.239  21.497  62.850 0.2000000030
98832  52.079  20.776  56.402 0.8999999762
98867  53.551  21.279  53.853 0.8000000119
98904  54.335  21.068  51.018 0.8000000119
98931  54.354  21.377  49.364 0.6999999881
98944  53.985  21.627  47.616 0.6999999881
98976  42.396  21.989  44.283 0.2000000030
98992  44.858  21.808  41.927 0.3000000119
99007  51.208  21.747  39.663 0.4000000060
99009  48.478  21.836  39.372 0.3000000119
99017  49.123  21.356  38.856 0.3000000119
99019  47.187  21.258  39.517 0.3000000119
99465  46.130  22.495  67.204 0.1000000015
99513  41.453  22.204  60.860 0.3000000119
99578  54.090  22.628  51.785 0.8000000119
99608  54.498  22.123  48.921 0.6999999881
99627  53.416  22.510  45.819 0.6999999881
99635  53.295  22.411  44.970 0.6999999881
99670  51.475  22.711  41.001 0.5000000000
99681  47.768  22.018  39.983 0.3000000119
100153  50.578  22.984  60.645 0.6000000238
100159  50.269  23.811  60.466 0.6000000238
100225  54.366  22.795  50.085 0.8000000119
100238  54.153  23.522  49.102 0.8000000119
100287  50.806  23.712  45.390 0.8000000119
100318  51.467  23.307  42.216 0.5000000000
100835  37.625  24.656  60.547 0.2000000030
100844  46.488  24.417  59.243 0.5000000000
100849  37.714  24.362  59.936 0.2000000030
100861  38.384  24.439  58.914 0.3000000119
100955  45.557  24.514  47.960 0.4000000060
101359  41.697  25.341  72.677 0.1000000015
101361  40.079  25.636  73.198 0.1000000015
101472  47.765  26.008  59.151 0.5000000000
101476  43.856  25.622  58.079 0.5000000000
101908  39.543  27.094  73.417 0.1000000015
102011  37.264  25.881  60.935 0.2000000030
102068  47.387  26.629  52.403 0.3000000119
102135  33.415  26.597  44.145 0.1000000015
102155  39.191  26.428  39.484 0.1000000015
102156  38.908  26.387  39.898 0.1000000015
102158  36.685  26.005  40.956 0.1000000015
102159  35.930  26.112  41.226 0.1000000015
102164  38.076  26.277  39.972 0.1000000015
102638  36.066  27.917  57.903 0.2000000030
102784  39.298  26.421  39.287 0.1000000015
102787  35.564  26.695  41.002 0.1000000015
103258  39.271  28.699  61.933 0.1000000015
103299  41.197  28.145  56.692 0.5000000000
103388  36.843  28.280  43.669 0.1000000015
103403  34.800  28.460  41.943 0.1000000015
103404  34.107  27.081  42.036 0.1000000015
103428  46.351  28.077  37.652 0.4000000060
103440  44.788  26.913  36.725 0.3000000119
103442  42.532  26.701  36.941 0.2000000030
103448  45.639  27.675  36.288 0.3000000119
103450  44.128  26.547  36.243 0.2000000030
103937  43.407  29.570  55.678 0.5000000000
103952  38.646  29.775  54.716 0.2000000030
104053  35.884  29.788  42.151 0.1000000015
104061  48.680  29.032  40.537 0.5000000000
104093  38.642  28.271  39.334 0.1000000015
104099  42.558  27.610  36.838 0.2000000030
104108  46.616  28.398  36.741 0.5000000000
104115  47.182  29.887  36.015 0.4000000060
104117  46.199  28.909  35.782 0.5000000000
104134  40.154  29.499  31.716 0.1000000015
104140  39.737  29.596  31.154 0.1000000015
104141  39.273  29.788  31.282 0.1000000015
104148  39.743  29.910  28.981 0.1000000015
104150  38.922  29.797  28.974 0.1000000015
104155  39.403  29.770  28.290 0.1000000015
104531  34.922  30.656  57.468 0.1000000015
104548  34.833  30.201  55.015 0.2000000030
104674  42.784  30.432  43.617 0.3000000119
104692  35.373  30.450  42.645 0.1000000015
104718  38.874  29.622  39.751 0.1000000015
104724  42.400  30.267  38.162 0.1000000015
104730  47.227  29.423  37.051 0.4000000060
104732  44.735  28.793  36.299 0.2000000030
104742  47.121  30.387  35.236 0.4000000060
104743  46.747  31.025  35.224 0.2000000030
104752  39.133  30.516  32.906 0.1000000015
104753  38.691  30.779  32.936 0.1000000015
104763  38.871  29.890  31.817 0.1000000015
104767  41.338  30.344  31.037 0.1000000015
104768  40.637  30.028  30.493 0.1000000015
104769  38.739  30.338  30.685 0.1000000015
104770  37.904  30.716  29.919 0.1000000015
104771  37.055  31.124  29.521 0.1000000015
104777  37.647  30.640  29.227 0.1000000015
104790  39.839  30.371  27.432 0.1000000015
104795  39.523  30.334  26.835 0.1000000015
104797  37.844  30.404  26.637 0.1000000015
105175  43.498  31.232  53.839 0.4000000060
105177  34.253  31.326  54.780 0.2000000030
105187  39.691  31.376  53.326 0.4000000060
105204  36.514  31.826  52.656 0.3000000119
105260  39.211  30.836  40.192 0.1000000015
105271  47.090  30.810  37.632 0.4000000060
105273  41.877  31.110  38.844 0.1000000015
105280  43.588  31.368  37.334 0.2000000030
105284  47.882  31.128  35.183 0.4000000060
105297  37.988  31.377  34.351 0.1000000015
105308  37.277  31.685  33.794 0.1000000015
105312  42.430  31.550  31.720 0.1000000015
105313  41.833  30.878  31.960 0.1000000015
105314  40.947  30.876  32.480 0.1000000015
105330  41.779  30.856  30.918 0.1000000015
105331  41.266  30.989  30.482 0.1000000015
105336  35.035  32.118  29.804 0.1000000015
105350  40.291  30.800  28.951 0.1000000015
105351  36.486  30.963  28.390 0.1000000015
105352  35.880  31.391  28.394 0.1000000015
105355  40.128  30.855  27.793 0.1000000015
105356  36.692  30.726  26.995 0.1000000015
105357  36.058  30.855  27.716 0.1000000015
105362  39.868  30.987  26.988 0.1000000015
105363  39.679  30.906  26.394 0.1000000015
105366  36.479  31.649  26.579 0.1000000015
105371  39.554  31.269  25.952 0.1000000015
105372  38.669  31.648  25.731 0.1000000015
105739  47.267  33.031  54.264 0.8999999762
105754  41.926  32.190  52.271 0.4000000060
105761  35.219  32.318  52.442 0.2000000030
105773  37.611  32.579  51.548 0.3000000119
105831  50.207  31.804  41.580 0.6999999881
105841  39.051  31.938  40.485 0.1000000015
105856  43.491  32.360  37.145 0.2000000030
105870  48.244  31.660  34.945 0.3000000119
105872  47.062  31.567  35.010 0.3000000119
105884  38.489  32.811  34.943 0.1000000015
105906  43.019  32.465  31.793 0.1000000015
105923  36.668  32.297  31.102 0.1000000015
105929  42.025  31.458  30.710 0.1000000015
105948  35.639  32.002  28.570 0.1000000015
105957  36.400  32.428  26.761 0.1000000015
105967  38.051  32.574  25.521 0.1000000015
106309  34.411  33.569  51.260 0.2000000030
106319  40.349  33.625  50.621 0.4000000060
106324  35.903  33.834  50.861 0.3000000119
106325  35.181  33.855  50.895 0.3000000119
106374  44.709  34.008  42.131 0.4000000060
106386  35.956  33.895  41.994 0.1000000015
106417  46.758  32.944  37.794 0.4000000060
106418  42.621  33.276  37.824 0.1000000015
106430  48.677  32.363  35.784 0.4000000060
106443  49.282  32.980  34.933 0.2000000030
106445  46.512  33.218  35.302 0.2000000030
106446  37.682  33.276  35.909 0.1000000015
106467  40.719  33.382  33.391 0.1000000015
106478  41.517  33.571  33.010 0.1000000015
106481  32.392  32.655  32.511 0.1000000015
106494  44.273  33.405  30.577 0.1000000015
106495  43.522  33.131  30.600 0.1000000015
106499  32.516  33.718  30.769 0.1000000015
106504  40.233  33.466  30.055 0.1000000015
106513  40.115  33.328  29.217 0.1000000015
106543  37.795  33.491  25.495 0.1000000015
106559  37.892  34.244  25.313 0.1000000015
106852  31.695  35.301  51.771 0.1000000015
106889  39.484  34.743  49.748 0.4000000060
106932  31.885  34.446  43.128 0.1000000015
106951  31.758  35.185  41.757 0.1000000015
106959  38.421  34.332  40.127 0.1000000015
106971  39.961  34.024  39.456 0.1000000015
106972  38.281  34.890  39.480 0.1000000015
106991  39.312  35.024  38.706 0.1000000015
107010  40.740  34.704  38.130 0.1000000015
107012  36.239  34.631  37.350 0.1000000015
107025  49.574  33.731  35.966 0.3000000119
107028  43.450  34.251  37.134 0.1000000015
107032  35.914  33.885  36.834 0.1000000015
107043  49.871  34.378  35.188 0.2000000030
107050  37.671  34.049  36.225 0.1000000015
107056  48.977  34.390  34.486 0.2000000030
107058  39.551  34.304  34.595 0.1000000015
107060  41.500  34.568  33.360 0.1000000015
107064  43.982  34.150  31.866 0.1000000015
107065  42.981  34.170  32.446 0.1000000015
107073  30.504  34.066  31.655 0.1000000015
107080  45.682  34.615  29.700 0.1000000015
107099  35.246  35.116  28.902 0.1000000015
107106  41.404  34.525  26.611 0.1000000015
107118  41.838  34.589  26.055 0.1000000015
107131  41.548  34.789  25.684 0.1000000015
107151  38.477  34.389  24.715 0.1000000015
107476  33.455  36.027  49.407 0.2000000030
107495  47.649  36.273  46.470 0.6999999881
107528  35.673  35.190  40.265 0.1000000015
107536  35.112  35.309  39.593 0.1000000015
107544  38.638  35.290  38.307 0.1000000015
107556  38.641  35.384  37.529 0.1000000015
107558  36.766  35.217  38.064 0.1000000015
107565  43.359  34.918  36.922 0.1000000015
107571  37.968  35.153  37.181 0.1000000015
107577  44.932  35.930  35.801 0.1000000015
107582  38.760  35.160  35.984 0.1000000015
107586  49.954  35.272  34.916 0.2000000030
107595  41.478  35.250  33.789 0.1000000015
107601  46.349  35.176  29.743 0.1000000015
107603  44.908  34.251  31.244 0.1000000015
107613  46.112  35.176  29.451 0.1000000015
107614  45.303  35.093  29.407 0.1000000015
107619  31.849  36.187  30.929 0.1000000015
107689  39.072  35.227  23.872 0.1000000015
107692  37.375  35.525  24.677 0.1000000015
107991  34.886  36.289  54.334 0.1000000015
108006  31.338  36.445  50.699 0.1000000015
108014  34.020  36.315  48.973 0.2000000030
108032  34.039  37.004  48.428 0.2000000030
108038  41.521  37.042  48.349 0.2000000030
108048  45.582  37.368  46.556 0.5000000000
108087  44.075  36.299  41.029 0.3000000119
108088  43.742  36.690  41.290 0.3000000119
108115  49.958  36.220  37.016 0.3000000119
108117  48.124  36.546  38.186 0.3000000119
108125  50.284  36.044  35.151 0.2000000030
108129  44.567  36.416  35.360 0.1000000015
108130  43.652  36.362  35.405 0.1000000015
108131  42.794  36.277  35.352 0.1000000015
108136  49.300  36.356  34.387 0.2000000030
108137  48.923  37.324  34.261 0.1000000015
108141  42.170  36.211  34.159 0.1000000015
108158  42.046  36.620  31.144 0.1000000015
108167  46.287  35.789  29.740 0.1000000015
108172  40.134  36.026  29.913 0.1000000015
108209  42.474  36.752  26.525 0.1000000015
108220  42.581  36.739  25.651 0.1000000015
108234  42.625  35.936  25.778 0.1000000015
108248  42.064  36.248  25.405 0.1000000015
108592  32.204  36.993  52.821 0.1000000015
108599  31.026  37.564  51.331 0.1000000015
108602  31.151  37.075  50.170 0.1000000015
108613  34.770  37.058  48.195 0.2000000030
108615  32.184  37.695  48.860 0.1000000015
108616  31.691  37.923  49.143 0.1000000015
108625  37.386  37.366  47.010 0.4000000060
108626  36.608  37.633  47.092 0.3000000119
108665  42.956  37.419  41.886 0.3000000119
108687  46.684  37.472  39.353 0.3000000119
108693  50.210  37.823  37.587 0.3000000119
108706  49.911  37.758  34.562 0.1000000015
108746  46.043  36.624  30.526 0.1000000015
108759  33.082  37.383  28.972 0.1000000015
108808  42.741  36.672  25.673 0.1000000015
108826  39.903  37.456  23.796 0.1000000015
108859  37.531  38.190  22.687 0.1000000015
109227  30.826  38.433  49.911 0.1000000015
109234  35.363  38.694  47.174 0.2000000030
109235  34.687  38.815  47.435 0.3000000119
109240  36.065  38.732  46.776 0.3000000119
109247  41.328  38.571  43.242 0.2000000030
109259  49.109  39.218  39.347 0.2000000030
109283  47.947  38.628  32.956 0.1000000015
109291  47.537  38.825  32.444 0.1000000015
109312  41.072  38.368  31.633 0.1000000015
109313  40.373  38.324  30.765 0.1000000015
109351  43.142  38.302  26.362 0.1000000015
109359  43.215  38.384  25.777 0.1000000015
109370  42.034  38.113  24.651 0.1000000015
109383  39.982  38.283  23.738 0.1000000015
109761  30.817  39.308  50.566 0.1000000015
109763  31.174  39.301  49.504 0.1000000015
109764  30.780  39.065  50.002 0.1000000015
109766  33.224  39.455  48.070 0.2000000030
109772  34.018  39.092  47.690 0.3000000119
109781  40.012  39.836  44.259 0.2000000030
109790  43.001  39.604  41.927 0.2000000030
109791  42.434  39.315  42.271 0.2000000030
109792  41.718  39.058  42.783 0.2000000030
109801  48.698  40.384  40.319 0.2000000030
109802  47.725  39.940  40.377 0.2000000030
109813  49.780  39.231  38.976 0.2000000030
109816  49.772  39.320  37.978 0.2000000030
109821  49.028  39.838  37.373 0.1000000015
109823  45.211  39.803  35.918 0.1000000015
109832  42.577  39.734  35.459 0.1000000015
109839  49.129  39.386  34.147 0.1000000015
109844  42.771  39.699  34.532 0.1000000015
109855  46.278  39.575  32.574 0.1000000015
109857  44.345  39.522  32.843 0.1000000015
109860  40.879  40.275  33.077 0.1000000015
109865  46.804  39.195  32.095 0.1000000015
109868  43.749  39.322  32.563 0.1000000015
109871  40.552  39.941  32.342 0.1000000015
109883  46.223  39.029  31.311 0.1000000015
109884  45.617  39.038  31.395 0.1000000015
109906  37.044  39.824  28.828 0.1000000015
109937  43.658  39.846  26.213 0.1000000015
109965  37.961  39.871  24.079 0.1000000015
110284  31.201  40.607  51.277 0.1000000015
110295  33.257  40.448  48.075 0.2000000030
110296  32.488  40.844  48.448 0.1000000015
110307  35.913  40.061  46.908 0.3000000119
110309  38.932  40.789  45.346 0.2000000030
110324  43.669  40.300  41.999 0.2000000030
110332  45.533  40.599  41.511 0.3000000119
110333  44.601  40.398  41.692 0.3000000119
110340  49.309  40.709  39.560 0.2000000030
110343  49.348  40.560  38.775 0.1000000015
110349  43.019  40.942  38.156 0.1000000015
110355  47.025  40.727  37.193 0.1000000015
110356  45.340  40.584  37.309 0.1000000015
110357  44.403  40.514  37.526 0.1000000015
110358  43.460  40.428  37.519 0.1000000015
110360  41.389  40.902  36.981 0.1000000015
110361  48.455  40.240  35.795 0.1000000015
110367  42.316  39.927  36.193 0.1000000015
110368  41.043  40.904  36.457 0.1000000015
110408  39.900  41.100  32.958 0.1000000015
110421  39.733  40.924  32.256 0.1000000015
110457  40.607  40.446  29.746 0.1000000015
110481  43.586  40.665  27.101 0.1000000015
110483  38.374  40.252  27.499 0.1000000015
110484  37.914  39.731  27.579 0.1000000015
110495  43.726  40.646  26.543 0.1000000015
110507  43.737  40.558  25.960 0.1000000015
110508  43.149  40.523  25.376 0.1000000015
110537  40.262  40.409  23.816 0.1000000015
110872  31.231  41.460  50.351 0.1000000015
110877  31.555  41.575  49.549 0.1000000015
110881  35.075  42.054  48.078 0.1000000015
110883  33.569  41.737  48.310 0.1000000015
110890  37.583  41.502  47.288 0.2000000030
110897  37.833  41.075  46.770 0.2000000030
110907  42.814  42.009  44.136 0.2000000030
110918  48.128  42.460  42.215 0.2000000030
110920  45.094  41.454  42.569 0.2000000030
110925  48.998  41.417  40.868 0.2000000030
110933  49.142  41.373  40.112 0.2000000030
110939  43.182  42.028  39.244 0.1000000015
110943  48.037  41.685  38.792 0.1000000015
110954  40.847  41.885  37.008 0.1000000015
110965  41.059  41.320  36.861 0.1000000015
110980  40.655  41.574  35.671 0.1000000015
111040  37.686  41.643  30.583 0.1000000015
111063  43.726  42.113  27.327 0.1000000015
111075  43.779  41.407  26.916 0.1000000015
111097  41.874  41.947  25.123 0.1000000015
111110  41.501  41.492  24.561 0.1000000015
111111  40.105  41.715  24.254 0.1000000015
111112  39.670  41.363  24.383 0.1000000015
111113  39.267  41.448  24.576 0.1000000015
111429  31.921  42.787  52.483 0.1000000015
111432  31.511  43.036  51.123 0.1000000015
111435  31.579  42.859  50.538 0.1000000015
111440  31.924  42.803  49.833 0.1000000015
111447  35.642  42.566  48.197 0.1000000015
111453  39.808  42.193  47.515 0.1000000015
111468  45.911  43.126  44.120 0.2000000030
111482  48.146  42.763  43.043 0.2000000030
111483  47.400  42.574  43.115 0.2000000030
111489  48.848  42.028  40.583 0.2000000030
111490  48.448  42.644  41.018 0.2000000030
111493  44.298  43.138  39.982 0.1000000015
111495  42.499  43.106  39.825 0.1000000015
111498  48.167  42.631  40.078 0.1000000015
111502  43.767  42.597  39.600 0.1000000015
111504  41.490  42.718  38.919 0.1000000015
111536  40.803  41.919  36.282 0.1000000015
111560  40.139  42.429  33.319 0.1000000015
111569  36.731  42.050  32.364 0.1000000015
111573  40.036  42.416  31.373 0.1000000015
111600  43.058  42.497  28.418 0.1000000015
111601  42.182  42.311  29.012 0.1000000015
111628  43.472  42.610  26.391 0.1000000015
111643  42.807  42.085  25.738 0.1000000015
111644  41.627  42.483  25.360 0.1000000015
111646  39.862  43.222  24.750 0.1000000015
111927  33.160  43.714  54.629 0.1000000015
111955  31.687  43.593  51.489 0.1000000015
111964  32.193  43.917  50.377 0.1000000015
111974  32.518  43.419  49.688 0.1000000015
111983  40.567  43.209  48.345 0.2000000030
111986  36.107  43.350  48.457 0.1000000015
111991  44.636  43.867  47.562 0.2000000030
111993  42.241  42.955  48.045 0.1000000015
112002  41.744  42.635  47.608 0.2000000030
112011  48.072  43.844  45.191 0.2000000030
112017  48.153  43.620  44.312 0.2000000030
112027  47.846  44.067  42.903 0.2000000030
112043  42.240  43.689  41.263 0.1000000015
112056  45.941  43.827  40.530 0.1000000015
112072  41.213  43.501  39.759 0.1000000015
112086  40.769  43.702  38.734 0.1000000015
112120  41.165  42.942  35.609 0.1000000015
112136  40.500  43.256  33.722 0.1000000015
112148  40.517  43.737  31.760 0.1000000015
112165  41.105  43.373  30.145 0.1000000015
112166  37.916  44.295  29.193 0.1000000015
112167  37.491  44.938  29.589 0.1000000015
112189  43.912  43.457  27.423 0.1000000015
112191  41.615  43.759  26.937 0.1000000015
112192  39.581  43.993  26.739 0.1000000015
112203  43.867  42.905  26.972 0.1000000015
112208  38.882  43.410  26.610 0.1000000015
112217  40.268  43.400  25.381 0.1000000015
112218  39.413  43.530  25.448 0.1000000015
112500  33.296  45.074  50.476 0.1000000015
112501  32.620  44.537  50.531 0.1000000015
112527  46.132  45.451  48.487 0.2000000030
112529  44.879  44.534  48.664 0.1000000015
112531  41.443  43.945  48.621 0.1000000015
112545  46.774  44.849  47.176 0.2000000030
112552  46.594  44.501  47.172 0.2000000030
112555  47.586  44.112  45.948 0.2000000030
112563  47.130  44.693  44.556 0.1000000015
112573  48.218  43.898  43.992 0.2000000030
112574  47.899  44.335  44.389 0.2000000030
112578  42.052  44.721  43.255 0.1000000015
112583  37.420  45.196  43.136 0.1000000015
112598  40.546  44.352  42.601 0.1000000015
112601  37.764  44.934  42.479 0.1000000015
112607  46.479  44.402  41.996 0.2000000030
112609  43.851  44.143  41.899 0.1000000015
112612  39.446  44.033  41.146 0.1000000015
112619  39.258  44.313  40.355 0.1000000015
112643  41.054  44.284  37.587 0.1000000015
112669  40.691  43.927  33.222 0.1000000015
112670  35.868  44.487  33.012 0.1000000015
112677  41.473  44.586  32.214 0.1000000015
112684  42.774  44.886  30.910 0.1000000015
112685  41.757  44.505  31.371 0.1000000015
112687  37.002  44.915  30.718 0.1000000015
112694  44.366  45.387  30.042 0.1000000015
112696  37.193  45.435  30.154 0.1000000015
112704  43.977  44.490  29.536 0.1000000015
112720  38.779  45.034  27.797 0.1000000015
112733  38.659  44.448  27.724 0.1000000015
113004  32.517  45.448  52.575 0.1000000015
113024  36.245  45.765  49.849 0.1000000015
113026  34.708  45.599  50.235 0.1000000015
113035  45.963  45.976  49.164 0.1000000015
113037  44.036  45.387  49.812 0.1000000015
113039  41.255  45.528  49.433 0.1000000015
113041  39.385  45.487  49.353 0.1000000015
113044  36.619  45.345  49.481 0.1000000015
113047  34.157  45.134  50.027 0.1000000015
113068  46.445  45.497  46.955 0.2000000030
113075  41.725  45.808  45.315 0.2000000030
113077  40.003  45.726  45.147 0.1000000015
113079  37.752  45.643  45.003 0.1000000015
113091  43.397  45.334  44.563 0.2000000030
113092  42.319  45.445  44.678 0.2000000030
113097  37.379  45.440  44.325 0.1000000015
113098  36.647  45.678  44.105 0.1000000015
113108  41.706  45.112  43.944 0.2000000030
113110  39.416  45.072  43.904 0.1000000015
113129  38.186  45.433  40.700 0.1000000015
113132  39.052  45.495  39.607 0.1000000015
113133  38.572  45.486  40.198 0.1000000015
113146  41.318  45.624  37.185 0.1000000015
113161  42.427  44.885  35.874 0.1000000015
113168  43.525  45.759  34.725 0.1000000015
113181  44.274  46.286  32.452 0.1000000015
113189  44.486  46.468  32.105 0.1000000015
113199  44.382  45.866  30.631 0.1000000015
113201  43.785  45.102  30.502 0.1000000015
113203  37.494  45.975  29.932 0.1000000015
113214  43.281  45.989  29.243 0.1000000015
113215  39.606  46.098  28.879 0.1000000015
113216  38.030  45.563  28.934 0.1000000015
113228  43.232  45.416  28.734 0.1000000015
113229  41.990  45.465  28.521 0.1000000015
113497  34.276  46.803  52.001 0.1000000015
113507  35.786  47.052  51.421 0.1000000015
113544  41.829  46.117  49.957 0.1000000015
113577  38.227  46.903  46.939 0.1000000015
113590  38.746  46.424  46.353 0.2000000030
113609  40.281  46.100  45.822 0.2000000030
113614  35.593  46.388  45.238 0.1000000015
113626  36.116  46.019  44.671 0.1000000015
113634  35.611  46.711  43.740 0.1000000015
113638  36.919  46.022  42.240 0.1000000015
113640  37.228  46.314  41.506 0.1000000015
113646  39.291  46.075  39.246 0.1000000015
113660  42.005  46.995  37.046 0.1000000015
113666  42.980  47.134  36.395 0.1000000015
113673  44.846  47.186  34.435 0.1000000015
113716  44.303  46.329  30.493 0.1000000015
113717  43.708  46.880  30.294 0.1000000015
113720  37.182  46.146  30.616 0.1000000015
113732  41.079  46.688  29.359 0.1000000015
113742  40.479  46.313  28.970 0.1000000015
114040  43.398  47.228  51.291 0.1000000015
114042  40.378  46.995  50.593 0.1000000015
114045  37.870  47.425  51.213 0.1000000015
114063  45.441  46.979  49.308 0.1000000015
114113  35.066  46.977  44.924 0.1000000015
114122  35.658  47.295  43.272 0.1000000015
114126  35.889  47.839  42.962 0.1000000015
114128  37.820  47.514  40.911 0.1000000015
114134  37.647  46.652  40.862 0.1000000015
114146  40.730  47.208  38.212 0.1000000015
114152  43.815  48.273  37.108 0.1000000015
114154  42.119  47.713  37.622 0.1000000015
114205  44.127  47.892  32.266 0.1000000015
114208  37.704  47.163  32.727 0.1000000015
114213  44.463  47.138  31.722 0.1000000015
114218  39.384  47.768  31.307 0.1000000015
114219  38.544  47.428  31.573 0.1000000015
114229  40.569  47.763  30.508 0.1000000015
114230  39.616  47.585  30.633 0.1000000015
114242  41.842  47.154  29.723 0.1000000015
114599  34.898  48.287  44.225 0.1000000015
114600  34.398  48.067  44.889 0.1000000015
114603  36.022  48.518  43.113 0.1000000015
114605  37.129  48.467  42.224 0.1000000015
114606  36.416  48.110  42.571 0.1000000015
114610  37.438  48.018  41.543 0.1000000015
114614  40.155  48.621  40.081 0.1000000015
114616  38.608  47.843  40.596 0.1000000015
114619  41.407  48.798  39.305 0.1000000015
114633  40.948  48.061  38.728 0.1000000015
114649  45.185  49.104  36.346 0.1000000015
114673  44.866  48.878  34.549 0.1000000015
114677  40.715  48.289  34.586 0.1000000015
114688  44.632  48.275  33.814 0.1000000015
114691  42.354  48.555  33.448 0.1000000015
114699  43.703  48.418  32.811 0.1000000015
114700  42.967  48.472  32.378 0.1000000015
114702  41.104  48.233  31.517 0.1000000015
114708  41.833  48.375  31.328 0.1000000015
115063  33.257  49.480  47.320 0.1000000015
115074  37.109  49.653  43.143 0.1000000015
115075  36.311  49.311  43.384 0.1000000015
115103  43.254  50.236  39.922 0.1000000015
115115  44.611  50.262  38.391 0.1000000015
115116  44.075  49.938  38.813 0.1000000015
115118  42.390  49.285  39.207 0.1000000015
115126  44.668  50.241  38.019 0.1000000015
115138  44.815  50.065  37.503 0.1000000015
115154  45.081  49.524  36.046 0.1000000015
115157  41.968  49.344  35.767 0.1000000015
115165  44.547  49.564  34.880 0.1000000015
115166  43.910  49.517  34.550 0.1000000015
115520  33.491  49.803  46.527 0.1000000015
115534  39.150  51.097  43.241 0.1000000015
115540  39.928  50.499  42.253 0.1000000015
115541  38.515  50.159  42.597 0.1000000015
115542  37.863  49.959  42.871 0.1000000015
115546  42.931  51.156  41.511 0.1000000015
115547  42.105  50.886  41.765 0.1000000015
115575  44.542  50.669  38.524 0.1000000015
115584  44.588  50.459  37.866 0.1000000015
115585  44.457  50.633  37.583 0.1000000015
115607  44.931  49.904  36.439 0.1000000015
115941  35.095  51.765  46.195 0.1000000015
115942  34.207  51.495  46.671 0.1000000015
115946  36.489  51.680  45.182 0.1000000015
115947  35.556  51.272  45.366 0.1000000015
115954  35.652  50.689  44.809 0.1000000015
116003  44.475  51.114  38.763 0.1000000015
123414  42.188  41.590  43.929 0.2000000030
123588  35.750  40.818  24.630 0.1000000015
123809  42.629  40.148  36.921 0.1000000015
123900  39.217  35.467  36.381 0.1000000015
124035  48.046  20.497  47.995 0.4000000060
124266  33.366  32.826  54.291 0.2000000030
124362  39.997  44.094  41.847 0.1000000015
124483  37.706  43.556  30.484 0.1000000015
124620  43.009  49.858  35.901 0.1000000015
125290  36.832  26.005  41.046 0.1000000015
125443  45.269  30.638  47.413 0.3000000119
125646  33.309  36.660  48.913 0.2000000030
125763  33.124  37.641  27.601 0.1000000015
126096  50.643  23.398  42.495 0.5000000000
126231  44.080  43.232  27.858 0.1000000015
126288  34.857  32.423  30.579 0.1000000015
126305  41.803  37.393  46.855 0.3000000119
126395  34.458  44.530  49.515 0.1000000015
126899  40.096  40.170  31.130 0.1000000015
127190  43.270  47.596  30.870 0.1000000015
127414  45.986  30.015  35.768 0.2000000030
127690  46.799  32.359  35.133 0.2000000030
127693  49.841  30.103  42.396 0.6000000238
127796  36.126  34.324  41.428 0.1000000015
127844  46.381  35.004  38.694 0.4000000060
128164  53.692  20.859  48.913 0.6999999881
128473  41.033  40.542  35.847 0.1000000015
128735  37.782  45.150  43.764 0.1000000015
128901  44.396  45.451  44.968 0.1000000015
128910  42.957  45.539  35.345 0.1000000015
129039  45.119  46.717  50.357 0.1000000015
129400  35.891  41.348  47.580 0.1000000015
129526  37.800  30.363  28.055 0.1000000015
129710  38.673  45.827  28.866 0.1000000015
130041  43.388  33.330  37.236 0.1000000015
130235  35.615  32.913  42.892 0.1000000015
130458  41.040  48.209  32.192 0.1000000015
130483  43.050  30.384  46.613 0.2000000030
130488  38.128  19.376  57.684 0.2000000030
130654  40.433  29.970  32.198 0.1000000015
130676  40.330  33.601  25.600 0.1000000015
130726  42.751  15.871  37.323 0.1000000015
130985  43.806  46.036  33.031 0.1000000015
131499  45.723  23.471  59.639 0.4000000060
131892  43.453  39.734  25.664 0.1000000015
132113  48.316  40.144  36.906 0.1000000015
132154  44.509  46.808  32.974 0.1000000015
132209  50.236  37.650  35.361 0.2000000030
132392  48.935  37.812  38.649 0.3000000119
132514  40.220  36.783  30.254 0.1000000015
132644  41.933  44.788  36.370 0.1000000015
132745  40.530  38.695  29.457 0.1000000015
133319  37.979  31.044  26.056 0.1000000015
133528  37.849  24.974  58.653 0.2000000030
134116  44.609  28.369  57.340 0.6000000238
134181  39.296  38.030  23.349 0.1000000015
134767  38.960  29.257  43.156 0.2000000030
134953  36.710  32.505  36.237 0.1000000015
135238  52.751  24.509  50.853 0.8000000119
135524  40.746  41.951  24.293 0.1000000015
135643  40.437  43.272  30.991 0.1000000015
136188  32.972  39.865  52.479 0.1000000015
136376  40.868  35.630  35.038 0.1000000015
136460  41.941  44.066  41.971 0.1000000015
136678  32.109  38.923  52.292 0.1000000015
136731  50.414  37.008  35.861 0.2000000030
137017  39.408  29.811  29.681 0.1000000015
137235  46.554  28.627  36.052 0.4000000060
137304  47.021  44.277  46.630 0.2000000030
137546  50.315  36.908  34.924 0.2000000030
137661  49.103  28.097  56.573 0.8000000119
137856  40.392  32.282  27.683 0.1000000015
138087  45.385  27.863  51.848 0.3000000119
138127  43.130  37.852  25.796 0.1000000015
138345  38.139  31.850  34.769 0.1000000015
138493  39.039  43.025  24.891 0.1000000015
138677  49.575  39.698  39.289 0.2000000030
138815  44.371  45.977  31.280 0.1000000015
138835  41.617  12.298  36.590 0.1000000015
138900  50.299  30.719  43.774 0.6000000238
138903  40.417  43.740  26.714 0.1000000015
138965  32.821  38.765  48.341 0.1000000015
138994  45.748  15.097  34.464 0.1000000015
139148  41.748  39.905  24.252 0.1000000015
139157  42.564  48.506  32.670 0.1000000015
139163  42.787  39.753  24.965 0.1000000015
139213  38.978  45.285  44.481 0.1000000015
139333  40.013  34.897  38.403 0.1000000015
139355  43.958  37.218  30.906 0.1000000015
139409  53.135  21.663  45.760 0.6999999881
139811  40.118  45.226  44.058 0.1000000015
139873  38.058  29.699  54.595 0.2000000030
140377  47.081  29.942  35.447 0.4000000060
140672  45.541  16.733  64.695 0.2000000030
141018  44.425  33.239  36.330 0.1000000015
141386  42.099  42.553  45.287 0.2000000030
141412  40.081  16.498  41.238 0.2000000030
141705  41.079  42.393  47.463 0.2000000030
141857  42.021  39.334  27.660 0.1000000015
142085  39.791  29.696  30.387 0.1000000015
142104  40.488  42.376  47.614 0.2000000030
142205  49.613  34.562  34.766 0.2000000030
142481  41.397  35.828  35.103 0.1000000015
142487  46.110  14.244  34.511 0.1000000015
142601  42.180  30.372  43.367 0.2000000030
143350  49.325  38.881  34.838 0.1000000015
143356  37.715  31.702  41.543 0.1000000015
143474  38.477  42.762  28.728 0.1000000015
143486  40.450  26.680  37.910 0.1000000015
143956  38.832  43.429  48.410 0.1000000015
144055  43.622  30.404  37.377 0.2000000030
144080  42.673  28.946  37.384 0.2000000030
144353  39.163  31.220  53.460 0.3000000119
144360  39.023  29.785  27.639 0.1000000015
144772  46.298  34.934  29.968 0.1000000015
144832  43.122  33.586  30.342 0.1000000015
144919  40.963  40.447  23.883 0.1000000015
145490  41.661  16.311  40.316 0.2000000030
145551  37.311  47.091  50.869 0.1000000015
145572  47.502  38.137  39.354 0.3000000119
145574  39.337  45.577  44.995 0.1000000015
145633  37.699  19.107  56.578 0.2000000030
145706  49.523  40.297  39.205 0.2000000030
145825  39.689  22.748  61.139 0.2000000030
145833  51.275  21.326  49.645 0.6999999881
145988  45.527  13.195  34.948 0.1000000015
146021  35.878  28.337  58.998 0.2000000030
146148  44.585  36.910  40.360 0.3000000119
146212  44.748  33.666  30.597 0.1000000015
146265  49.156  29.129  40.482 0.5000000000
146284  45.125  24.594  58.801 0.5000000000
146437  54.065  21.744  53.011 0.8999999762
146686  39.127  29.731  28.644 0.1000000015
146912  42.832  49.555  35.469 0.1000000015
146933  40.658  29.809  31.731 0.1000000015
146934  36.827  46.010  31.076 0.1000000015
147132  44.382  37.434  48.608 0.5000000000
147253  37.078  32.621  51.590 0.3000000119
147396  38.895  44.313  40.890 0.1000000015
147399  45.243  35.396  35.957 0.1000000015
147433  38.554  40.899  45.905 0.2000000030
147460  40.645  41.021  29.840 0.1000000015
147730  38.524  44.139  28.053 0.1000000015
147996  44.353  15.254  34.266 0.1000000015
148024  39.811  35.021  24.391 0.1000000015
148177  42.569  36.396  34.652 0.1000000015
148457  40.413  32.017  52.467 0.4000000060
148651  36.460  38.419  22.641 0.1000000015
148911  33.215  33.110  52.802 0.2000000030
148916  46.020  34.896  35.636 0.1000000015
149227  44.843  37.610  46.695 0.4000000060
149232  37.935  37.856  22.772 0.1000000015
149236  49.142  15.408  44.538 0.2000000030
149242  45.274  21.582  40.868 0.3000000119
149255  44.105  46.112  34.368 0.1000000015
149296  49.036  24.310  60.254 0.5000000000
