global_signal	global_signal_derivative1	global_signal_derivative1_power2	global_signal_power2	csf	csf_derivative1	csf_derivative1_power2	csf_power2	white_matter	white_matter_derivative1	white_matter_power2	white_matter_derivative1_power2	csf_wm	tcompcor	std_dvars	dvars	framewise_displacement	rmsd	t_comp_cor_00	t_comp_cor_01	t_comp_cor_02	t_comp_cor_03	t_comp_cor_04	c_comp_cor_00	c_comp_cor_01	c_comp_cor_02	c_comp_cor_03	c_comp_cor_04	c_comp_cor_05	c_comp_cor_06	c_comp_cor_07	c_comp_cor_08	c_comp_cor_09	c_comp_cor_10	c_comp_cor_11	c_comp_cor_12	w_comp_cor_00	w_comp_cor_01	w_comp_cor_02	w_comp_cor_03	w_comp_cor_04	w_comp_cor_05	w_comp_cor_06	w_comp_cor_07	w_comp_cor_08	w_comp_cor_09	w_comp_cor_10	w_comp_cor_11	w_comp_cor_12	w_comp_cor_13	w_comp_cor_14	w_comp_cor_15	w_comp_cor_16	w_comp_cor_17	w_comp_cor_18	w_comp_cor_19	w_comp_cor_20	w_comp_cor_21	w_comp_cor_22	w_comp_cor_23	w_comp_cor_24	w_comp_cor_25	w_comp_cor_26	w_comp_cor_27	w_comp_cor_28	w_comp_cor_29	w_comp_cor_30	w_comp_cor_31	w_comp_cor_32	w_comp_cor_33	w_comp_cor_34	w_comp_cor_35	w_comp_cor_36	w_comp_cor_37	w_comp_cor_38	w_comp_cor_39	a_comp_cor_00	a_comp_cor_01	a_comp_cor_02	a_comp_cor_03	a_comp_cor_04	a_comp_cor_05	a_comp_cor_06	a_comp_cor_07	a_comp_cor_08	a_comp_cor_09	a_comp_cor_10	a_comp_cor_11	a_comp_cor_12	a_comp_cor_13	a_comp_cor_14	a_comp_cor_15	a_comp_cor_16	a_comp_cor_17	a_comp_cor_18	a_comp_cor_19	a_comp_cor_20	a_comp_cor_21	a_comp_cor_22	a_comp_cor_23	a_comp_cor_24	a_comp_cor_25	a_comp_cor_26	a_comp_cor_27	a_comp_cor_28	a_comp_cor_29	a_comp_cor_30	a_comp_cor_31	a_comp_cor_32	a_comp_cor_33	a_comp_cor_34	a_comp_cor_35	a_comp_cor_36	a_comp_cor_37	edge_comp_00	edge_comp_01	edge_comp_02	edge_comp_03	edge_comp_04	edge_comp_05	edge_comp_06	edge_comp_07	edge_comp_08	edge_comp_09	edge_comp_10	edge_comp_11	edge_comp_12	edge_comp_13	edge_comp_14	edge_comp_15	edge_comp_16	edge_comp_17	edge_comp_18	edge_comp_19	edge_comp_20	edge_comp_21	edge_comp_22	edge_comp_23	cosine00	cosine01	cosine02	cosine03	trans_x	trans_x_derivative1	trans_x_derivative1_power2	trans_x_power2	trans_y	trans_y_derivative1	trans_y_power2	trans_y_derivative1_power2	trans_z	trans_z_derivative1	trans_z_derivative1_power2	trans_z_power2	rot_x	rot_x_derivative1	rot_x_power2	rot_x_derivative1_power2	rot_y	rot_y_derivative1	rot_y_derivative1_power2	rot_y_power2	rot_z	rot_z_derivative1	rot_z_derivative1_power2	rot_z_power2	motion_outlier00	motion_outlier01	motion_outlier02	motion_outlier03	motion_outlier04
859.9479588633147	n/a	n/a	739510.4919531812	1255.878921479669	n/a	n/a	1577231.8654169368	818.3408155315162	n/a	669681.6903647871	n/a	882.4568997223706	731.4851191758104	n/a	n/a	n/a	n/a	0.0155407283	-0.0248147073	0.1827375294	-0.1144035787	0.0753999236	-0.14907665	0.0545139982	-0.0839076965	0.2011184474	0.0886350317	-0.1108443034	0.1184115348	-0.1381907549	0.1429501257	-0.0708457831	0.0012029111	-0.0983599156	0.0108947354	0.154385004	-0.1152270602	0.0727761566	-0.1694621297	0.1296831154	0.0207981118	-0.0978661237	0.1489875156	-0.1443337975	0.1081552598	-0.0270090694	0.1191162493	-0.0716656149	0.1152801451	-0.0092705529	0.0577469876	-0.110989839	0.0294506536	-0.05121182	-0.008161128	0.0282407534	-0.0451741047	-0.1070571218	0.0441761182	0.0962612304	-0.0567722179	-0.0764204242	0.1429288954	-0.0661460511	-0.0371372826	0.1120440183	0.0194730277	-0.1285714788	-0.037847405	-0.134796667	0.0887023671	0.0361297224	0.0953680385	-0.0623927806	-0.0473533964	0.0580551272	-0.1240203559	0.0946139609	0.0381627761	-0.0344918836	0.2235363399	-0.0709969208	0.2248107548	-0.2023732193	0.0191268834	-0.0087488407	0.0711226016	-0.0284947615	0.0802950299	-0.0084397745	0.1676396166	-0.0693069903	0.0563498365	-0.0341651569	0.0743233676	-0.1475318604	0.0501045548	-0.0815881083	0.1233594599	-0.0078525454	-0.0690967721	0.0294235646	0.0812676343	-0.2117456095	-0.0908442605	0.0267278481	0.0276623321	0.0557087846	0.0965395872	-0.0730299333	0.0704261542	0.0387556251	0.0529454667	-0.018589673	0.0245516109	-0.1535875741	-0.0009551082	0.105860254	-0.071282149	0.0285483387	-0.1326069037	0.1805008488	-0.0037314725	0.094983885	-0.3155735222	0.0086399993	-0.0458453877	0.1353446818	0.0451069048	-0.2801086993	0.1067095648	-0.0668401861	0.1282199635	-0.1266513401	0.0716205512	-0.0858770567	0.0617781479	0.1290883846	0.1290552057	0.1289999139	0.1289225186	-0.1009505658741147	n/a	n/a	0.0101910167503039	-0.0453017215889275	n/a	0.0020522459789207	n/a	0.0835971320426409	n/a	n/a	0.0069884804857547	-0.0013139355166458	n/a	1.7264265419032653e-06	n/a	0.0011480761657278	n/a	n/a	1.318078882312247e-06	-0.0001147453947485	n/a	n/a	1.3166505615989093e-08	0.0	0.0	0.0	0.0	0.0
858.811982505016	-1.1359763582987623	1.2904422866137186	737558.0212941959	1232.8181277267806	-23.060793752888458	531.8002085132593	1519840.5360517649	820.0727650825756	1.7319495510594152	672519.3400301813	2.9996492474149097	880.0569520877604	707.8706382759513	1.027041	29.287903	0.0996769115883345	0.0509887760127573	0.0696809313	-0.0644346703	0.2522511238	0.0508499078	0.1637020458	0.0119914176	0.0359342874	0.1817783168	-0.0409625992	0.2607600419	-0.1103407035	-0.0969878932	0.0099561071	0.0586038461	-0.04001891	-0.1161659592	-0.0853990024	-0.1543534811	0.0458075614	0.0154944311	0.0866015661	-0.2082769763	0.0492101063	-0.0692395582	-0.1692232	0.1490833048	-0.1168291982	-0.1357342356	0.1833873026	-0.1000091136	-0.0128729942	0.0500392034	-0.0362225885	0.0905824357	-0.055892699	0.0499033158	0.0804731031	0.0411310776	-0.0520131149	0.0259021699	0.1120684871	0.1258647366	0.0165316616	-0.0256351454	0.0181249386	0.0207711034	-0.0085293522	-0.1299571395	-0.059964454	0.1690651892	-0.0057731133	0.0223745518	-0.2198537957	-0.0373462094	0.0909351908	-0.0483102662	-0.1242874811	-0.1399712434	-0.0252856548	0.0326774849	0.0465320964	-0.0411449045	-0.22414086	0.0863229857	0.1113290289	0.1008291092	-0.1544708866	-0.0644620144	-0.0827016314	-0.0145379373	0.003504133	-0.1725169108	-0.1428790132	-0.1512429704	0.0524122698	0.221744247	0.0047449938	-0.1735172939	-0.2306151837	0.0215485741	-0.0697209185	0.0199083681	0.156148602	0.0057051118	-0.0011328304	0.0219497652	-0.0400352566	0.012304866	0.1959983691	0.0759163704	-0.0005780758	0.0030347961	-0.2160033437	-0.0086594818	-0.0138627629	-0.0952127714	-0.0240877192	-0.0274057127	-0.046005333	-0.1539331948	0.1135507289	-0.1261614974	0.052143407	-0.1116190984	0.2531530774	0.0209408355	-0.1665752393	-0.2426329756	-0.0238825941	-0.0659611383	0.0485137399	-0.1374453409	-0.1001535159	0.0933096689	-0.0771522489	0.096086676	-0.0573392557	-0.0891261929	-0.0361372903	0.19081286	0.1289999139	0.1287014744	0.1282045865	0.1275100165	-0.0930932327872255	0.0078573330868891	6.173768323832374e-05	0.0086663499907765	-0.0136040316512122	0.0316976899377153	0.0001850696771671	0.0010047435473875	0.0607826034679277	-0.0228145285747131	0.0005205027140864	0.0036945248843393	-0.0008099681123931	0.0005039674042526	6.560483430936415e-07	2.539831445492043e-07	0.0009530277149916	-0.0001950484507362	3.804389813459186e-08	9.082618255421104e-07	-6.761404995706303e-05	4.713134479143697e-05	2.221363661849313e-09	4.571659751596215e-09	0.0	0.0	0.0	0.0	0.0
863.1360412541875	4.324058749171513	18.697484066286712	745003.8257119504	1234.815800033453	1.997672306672257	3.990694644845256	1524770.0600122565	820.6867635422296	0.6139984596539989	673526.7638534196	0.3769941084574833	880.9676798174459	722.3745278386627	1.035925	29.541267	0.0704069488904039	0.0330559879944701	0.0170060693	0.0088314433	-0.005570606	0.1343260905	0.0610562876	0.1033825927	0.022915049	0.1193590889	-0.0533257876	0.089809856	0.1953586879	0.0205008474	-0.102225973	-0.0913911304	-0.0194035343	-0.026289542	-0.0543107762	0.1375611666	0.0136219853	-0.0048923752	0.0475263118	-0.1512337995	0.0583258531	-0.0438724221	-0.152134376	-0.0874740784	-0.08331488	-0.038730143	-0.0365624898	0.1216264846	0.0917918821	0.0488376847	0.0788441456	0.1658175661	0.0320332356	-0.1637452445	0.1548147996	-0.1844837901	-0.0170648341	-0.107450276	0.0119646163	0.0159936343	0.0249023037	0.1043275035	0.1094407	-0.128195126	-0.0512237147	-0.0218019041	-0.1192547543	0.0004770353	0.000382317	0.0191317925	0.0515892433	-0.0177985702	-0.0265416827	0.0893434101	0.1214942714	0.155663129	-0.0027177088	0.0212688759	0.0046879367	-0.0642655074	-0.1956960547	0.0281039853	0.1800308614	0.0531894707	0.0311363818	0.0801088255	0.1264467617	0.0284239534	-0.0753275032	-0.0499348854	-0.3006458253	-0.1357207255	0.0993503547	-0.0012309529	0.0214475162	0.1258256841	-0.0123683493	0.0191927828	-0.0058274684	-0.108459135	-0.0309538122	0.005993849	-0.1165433688	0.1989881883	0.1455934076	0.0266712249	-0.1311240285	-0.1084438681	0.0777895467	0.0454514782	0.2214831248	0.0397356482	-0.1466907502	-0.0502171012	-0.0224713969	-0.0045201897	-0.0024083139	-0.1117054368	-0.0370774864	-0.0886656849	0.0702713396	-0.1642104067	0.0434786188	-0.0087571074	-0.1649750658	-0.1393911974	0.0945534617	0.0358694667	-0.0662057469	-0.0569371256	0.1211478517	-0.0704202347	-0.0111607315	-0.0135024897	0.0420374807	-0.3316560044	0.0274264247	-0.0725507887	0.1288230331	0.1279949812	0.1266188352	0.124700488	-0.0692197296650789	0.0238735031221466	0.0005699441513231	0.0047913709749066	0.0022886616273041	0.0158926932785163	5.237972044294252e-06	0.0002525776996449	0.0712254897672579	0.0104428862993301	0.0001090538742607	0.0050730703925857	-0.0006239719088543	0.0001859962035387	3.8934094303927893e-07	3.459458773084671e-08	0.0011520153445756	0.000198987629584	3.95960767274592e-08	1.3271393541376384e-06	-4.8640559271646215e-05	1.897349068541681e-05	3.5999334878959855e-10	2.3659040062585286e-09	0.0	0.0	0.0	0.0	0.0
862.5648137575664	-0.5712274966210771	0.3263008528959826	744018.0579326252	1237.9072724553464	3.091472421893513	9.557201735328146	1532414.4151978353	820.4853546670349	-0.2014088751947156	673196.2172230901	0.0405655350072005	882.1818662693773	729.1161097594958	0.91313	26.039532	0.045119114803228	0.0237699450223075	0.015299349	0.0030781848	-0.0595074057	0.0657252128	-0.0310165206	0.0693562882	0.0381508677	-0.0147902428	-0.0172031762	-0.0073910123	0.0789831221	-0.0170352163	0.0311423247	-0.0393148436	-0.1053894552	-0.1320643052	-0.0469568748	0.1826518232	0.0558304433	-0.0884854445	0.0049800895	-0.0446977936	-0.0292022517	-0.0171426848	0.0965000912	-0.0414884359	-0.0006075159	0.175896898	-0.1286082736	0.1066502111	0.0098900422	-0.0430356134	0.044677428	0.1982863099	0.0063228132	-0.0426003082	-0.0954293857	0.1399728384	-0.002118924	-0.0638661241	0.1332723077	0.0017299811	0.1249769016	-0.0396648245	0.0001306854	0.049558265	-0.015547467	-0.1213318177	-0.0938509902	-0.0802169098	0.0152710739	-0.1136806753	-0.0004447646	-0.1617608069	-0.0671384126	-0.0468376049	-0.022920255	-0.0907205715	0.0332035078	0.0236372625	-0.0261072216	-0.07307276	-0.0613190111	0.0926188075	0.0037434381	0.0283129594	-0.0222602573	0.0433856075	-0.0048598456	-0.009463926	0.0314958262	0.2567634332	-0.1390453942	-0.0267233904	0.075535767	-0.1644215725	-0.0548574209	0.0830958762	0.0535091345	0.0638320958	0.0403809037	0.247826127	0.0016773912	0.1057261346	0.0891425517	-0.0009326213	0.0429215161	0.0344957597	0.0724614171	0.0917248291	-0.0190762542	-0.0136982359	0.0893613409	-0.1211854161	-0.0507703269	0.0753500471	-0.0280108792	0.0027798078	0.0508898206	0.0012804751	-0.1009213615	-0.0277078519	0.0514001479	-0.1223324321	0.0528239793	-0.0159957974	-0.0323334829	-0.1497592941	-0.0257635433	-0.0090448895	-0.0129806825	0.0605947301	0.1487225762	-0.0735371593	-0.0949418017	0.0082656056	-0.0870489742	-0.0934849027	-0.0585528354	-0.2181001551	0.1285578634	0.1269376627	0.1242524367	0.1205247148	-0.069377936132426	-0.000158206467347	2.502928631044887e-08	0.0048132980219949	0.0184602411833196	0.0161715795560155	0.0003407805045463	0.0002615199853365	0.0588400075671202	-0.0123854822001377	0.0001534001693299	0.0034621464904987	-0.0006238914733594	8.043549490008296e-08	3.892405705305629e-07	6.469868839821271e-15	0.0009930681867327	-0.0001589471578428	2.526419898633576e-08	9.861844235005729e-07	-0.0002176898975284	-0.0001690493382567	2.8577678765046365e-08	4.7388891485925295e-08	0.0	0.0	0.0	0.0	0.0
862.7745525353303	0.2097387777638459	0.0439903548978719	744379.9285025394	1234.5323654058325	-3.374907049513922	11.389997592858768	1524070.16123452	820.6819122097136	0.1965575426786472	673518.801028192	0.0386348675838682	882.9273023096348	725.3172556337928	0.8952339999999999	25.52919	0.0917121025202949	0.0511741129137957	0.035574496	-0.0449532959	0.0164136325	0.0234026578	-0.0368442941	0.1093266785	-0.0371749663	-0.0312286427	-0.0200457799	0.0638045794	0.0280894208	0.0040919048	0.0649583777	-0.0878211657	0.0038231233	0.0775005485	-0.0658946142	0.0914850005	0.0697070842	-0.0498593496	-0.0182763293	0.0175470191	-0.1635949936	-0.0164303004	0.0315808815	-0.0723661424	0.0433181513	-0.038232083	-0.0639213219	-0.1010851171	0.0986613919	0.0362245864	0.0809077042	-0.1177413694	-0.0363966855	0.1783162287	-0.1144806677	-0.0033360629	-0.0590359123	-0.0704735135	-0.0757592374	0.1222325239	-0.0638628022	-0.2048068022	0.081203039	0.0106720937	0.122024654	-0.0796590936	-0.0179949947	-0.0666131029	-0.0603766865	-0.0404032064	0.015228543	-0.0103218973	-0.0665684404	0.005063799	-0.0910892034	-0.0126313531	0.0760999913	-0.0133847394	-0.0048941669	-0.0206430265	-0.0284949667	-0.0710424964	0.0270679182	-0.0110523221	0.0020843081	-0.0702970719	-0.0918569313	-0.0219117127	0.058980264	0.1959810746	0.0109706261	-0.0793516909	0.0250467069	0.0152656625	-0.0123834548	-0.0173720986	-0.0036300491	0.1464331266	0.0361645475	-0.0589255606	-0.0285974096	0.1787398521	0.0591127683	-0.0750834072	0.0695804996	0.0699211146	0.0609887279	-0.0901029806	0.0499625636	0.0033781854	-0.0420488849	0.0620140744	0.133405838	0.0029333151	-0.0465952639	-0.0253149105	0.0663042096	0.0263512077	0.0292298376	0.0050966604	-0.0286258042	0.0381671217	0.0723873723	-0.0056650394	-0.0435451817	-0.0488643207	0.0012885389	-0.0115659887	-0.1405103784	0.134583553	-0.0012790094	-0.0596265718	0.0479774819	-0.1366489551	0.0181702985	-0.0366422447	-0.0066013798	-0.0874511814	0.1282045865	0.1255324169	0.1211199807	0.1150284477	-0.0694063615676441	-2.8425435218096266e-05	8.080053673381872e-10	0.0048172430260585	-0.0207507497239447	-0.0392109909072643	0.0004305936141057	0.0015375018079295	0.0350308413978126	-0.0238091661693075	0.0005668763936777	0.0012271598490387	-0.000227861292078	0.0003960301812813	5.1920768427455625e-08	1.5683990448577855e-07	0.0009050346719672	-8.803351476550003e-05	7.749899721967513e-09	8.190877574627773e-07	-0.0003068966016516	-8.920670412319997e-05	7.957836060524144e-09	9.418552410530085e-08	0.0	0.0	0.0	0.0	0.0
862.7771179697282	0.0025654343979795	6.581453650336521e-06	744384.3552921504	1236.089070909806	1.5567055039734896	2.4233320261013565	1527916.1912226672	820.0788589120517	-0.6030532976618588	672529.3348344928	0.3636732798208424	882.1554390781436	725.2137347313925	0.838719	23.917576	0.0648102776204207	0.0385104301434438	0.0466066998	-0.0356007161	0.0100205118	0.0549786392	-0.0883406751	0.0935217958	0.01441183	-0.0658876287	-0.029867062	0.0124411069	-0.0020640701	-0.0216156663	0.1111360003	-0.0639238323	0.0302869344	-0.0133444839	-0.0386345318	-0.018450507	0.0480018881	-0.1018985367	-0.2185093747	-0.0683585134	-0.0553706286	0.05076965	0.1281016346	0.0995720628	0.0608963732	0.0822098577	-0.0394506973	0.0697197298	-0.0169633052	0.0265521339	-0.0271719887	-0.0371560687	0.0415822158	0.0704989242	-0.0878134618	-0.0993931598	-0.0927143867	-0.0819544677	-0.0310535416	0.033370525	-0.1086811904	0.0137843996	0.0650272727	-0.1036102154	-0.0391544235	0.0020424134	0.1058094954	-0.13960579	-0.1342233113	0.0288261362	0.1459572742	-0.158536807	-0.0807391286	0.0927337359	-0.0136355679	-0.0017442324	0.074208244	0.003764146	-0.1067069352	-0.0724941986	0.0131845865	-0.0479007784	-0.0464831055	0.0115271799	-0.0241026091	0.1095494086	-0.070330279	-0.0013091885	0.0350785004	0.0604716965	0.0833177837	0.0431891369	-0.0757960234	0.0175974921	-0.2378909141	0.1542752848	0.0565800543	0.1304555347	0.087566779	-0.0431304517	-0.0450792542	-0.0370895177	-0.0027253689	0.0504981538	-0.0342126748	0.17575996	-0.0869085132	-0.0733763817	-0.0123629881	0.0144147655	0.0839714429	-0.1414105414	0.0342069908	-0.0093167862	-0.0278307972	-0.0436002697	0.1106492808	0.0109321594	-0.0105325405	0.0411843893	-0.0668165093	0.0135038335	0.0287853354	0.0202556915	-0.0371289282	-0.1398004579	0.00234267	-0.0013512588	-0.0878674999	0.121212283	0.0147653236	-0.1450563936	0.0823952017	-0.0978745557	-0.0390811616	0.086232877	-0.0432327682	0.0307963058	0.1277634447	0.1237830955	0.1172407796	0.1082719048	-0.0695414134093681	-0.000135051841724	1.8238999953046263e-08	0.0048360081789726	0.0128440503915925	0.0335948001155372	0.0001649696304617	0.0011286105948028	0.0320997370440281	-0.0029311043537845	8.591372732774483e-06	0.0010303931182957	-0.0003408792692378	-0.0001130179771598	1.1619867619609657e-07	1.277306316129308e-08	0.000570072181713	-0.0003349624902541	1.1219986987729501e-07	3.2498229236301973e-07	-0.0004219025604251	-0.0001150059587734	1.3226370553411981e-08	1.7800177049325513e-07	0.0	0.0	0.0	0.0	0.0
864.3972542241304	1.620136254402155	2.624841482828244	747182.6131102159	1232.8954963684082	-3.1935745413977656	10.198918351463949	1520031.3049655035	820.4003338430566	0.3214749310049001	673056.7077697987	0.1033461312646052	881.6974201392568	728.7566074137949	0.831789	23.719944	0.0343209976704251	0.0155747497897724	0.0337854083	-0.0356960054	-0.014999139	-0.0115389019	-0.0940719131	0.0951494697	-0.0128285138	-0.0402239417	-0.0990661609	0.0198376762	0.0096326031	0.0073245954	0.1290789313	-0.0232869718	0.1043527313	0.0158209246	0.0531161368	-0.0256944873	0.1272334877	-0.1088918674	-0.1274086283	-0.0615064412	0.0614778923	0.0286403929	-0.0374674734	-0.0370753645	0.1536178603	-0.1064565828	0.3615333663	-0.030813947	0.0009832835	-0.0265233823	-0.0677792644	-0.0904612586	-0.0580638394	0.0010358102	0.0767861729	-0.019126052	-0.1103413264	0.0302188714	0.0361005339	0.0257892165	0.1355951013	0.0501734066	-0.0189139235	0.0097248553	0.0405764629	0.0319285365	0.0050425858	-0.1351860196	0.1143220086	-0.0224040744	-0.0002902872	-0.0027068331	0.1321888288	0.0723304239	0.1171697424	-0.0424003225	0.0737269335	0.0295060357	-0.1745193156	-0.0609359264	-0.0332213006	0.0829925174	-0.0451559656	-0.0311991312	-0.0078631397	0.0309324108	-0.1647833834	0.0851429205	-0.1475730422	-0.0406054962	0.1820181116	-0.0668580488	-0.0461118517	0.0985365019	-0.0039995391	-0.0532129245	-0.002789607	0.0279340158	0.0015377658	-0.1458799054	0.0508456059	-0.0809321287	-0.0607420148	-0.0962134562	-0.121892862	0.0309021442	-0.1589013174	0.0175103663	0.1442773325	-0.104151103	0.1354009288	-0.0184380018	-0.0913056533	-0.153694318	-0.0269587478	-0.0276191354	0.0722949581	0.0552797824	0.0146753367	0.0784249866	-0.1012692494	0.0786508727	0.01249344	0.0588071088	-0.0852431013	0.0019600397	-0.0017648476	-0.0111401535	-0.1318282218	0.0260506374	0.0215862204	-0.0779485584	0.0543302138	-0.0584394269	-0.0318544856	0.2091062562	-0.0397655839	0.024564753	0.1272347401	0.1216944932	0.1126387502	0.1003291122	-0.062507007804399	0.0070344056049691	4.948286221522083e-05	0.0039071260246591	0.0080726530318742	-0.0047713973597183	6.516772697302772e-05	2.276623276432677e-05	0.0223372452758354	-0.0097624917681926	9.53062455240302e-05	0.0004989525265128	-0.0003779278410541	-3.7048571816300014e-05	1.428294530438131e-07	1.3725966736275394e-09	0.0004670579942041	-0.0001030141875089	1.0611922828118812e-08	2.181431699499571e-07	-0.0003069112609994	0.0001149912994257	1.3222998943610992e-08	9.419452212824181e-08	0.0	0.0	0.0	0.0	0.0
867.5664669028969	3.1692126787664847	10.043909003254235	752671.5744943753	1238.4945269577377	5.599030589329459	31.34914354024699	1533868.6933042705	823.5183517130079	3.1180178699512453	678182.4756081093	9.7220354373353	884.6365414102056	737.7109703474407	0.86755	24.739748	0.0340874876608756	0.0149502183977809	0.0223872115	0.0070010087	-0.0709349238	-0.0667023304	-0.0651721223	0.0565649931	-0.0943759487	-0.0069500472	-0.0631318593	-0.1076651643	0.0433655271	0.0092472836	0.1399917164	0.0075230507	0.0666457767	-0.0498531046	0.0038070728	-0.1899596036	0.0001421514	0.0365833187	-0.0227395485	0.1434210994	-0.092470682	-0.0302166429	0.0215151095	-0.1012900703	0.1818371985	-0.0213570723	0.010795818	-0.1523466259	0.0363831588	0.0129973429	0.00537077	-0.0168468159	0.0183056079	-0.143574848	-0.0114202052	-0.1511336986	0.1716983612	0.1476367431	-0.0657309566	-0.0336595459	0.0559813391	-0.1497776479	0.0907448533	0.0012178502	-0.0233714953	-0.0101106336	-0.0762138691	-0.001919334	0.1432862508	-0.1507530413	-0.0683237925	0.0603832004	-0.0744529044	0.1808489809	-0.0740392438	0.0001402586	0.031218508	0.0625119447	-0.095777559	-0.0068234646	-0.0008559326	0.0038729776	-0.0340384653	-0.1023541598	0.0329041969	0.0235418671	-0.0801884568	0.0895793145	0.0206701402	-0.0302990311	0.0995386136	0.0162015971	0.1399839876	-0.031048894	0.1944728671	0.0027559145	-0.00479283	-0.1408713541	0.0864545745	0.0670092175	-0.0340614382	0.0890861776	0.1955953459	-0.0474681568	0.0598916682	-0.116055916	-0.1368516861	0.022916475	0.0409676597	-0.0651976709	0.0029704569	0.0537999663	-0.125122111	-0.0700966519	-0.0134509075	-0.048785588	0.049996642	0.0490029336	0.0098317061	0.1159104811	-0.1082470584	0.0571658611	-0.0914951227	0.0362427507	0.0277422014	-0.0203769847	0.0051683702	0.0135457623	-0.0957390224	0.0658157464	0.0531034839	-0.0823660597	-0.0515232846	0.0460159484	0.1190724444	0.0764871933	-0.0256483501	0.0918157331	0.1266188352	0.1192723348	0.1073422654	0.0912870929	-0.0661975626750148	-0.0036905548706158	1.3620195253026007e-05	0.0043821173041125	0.0005459222584249	-0.0075267307734493	2.980311122437433e-07	5.66516761359887e-05	0.0176377283605049	-0.0046995169153305	2.2085459237477496e-05	0.0003110894617189	-0.0004498658064974	-7.193796544329996e-05	2.0237924385555613e-07	5.175070872121419e-09	0.0006555923111208	0.0001885343169167	3.5545188655246674e-08	4.298012784007119e-07	-0.000409852680669	-0.0001029414196696	1.0596935883592714e-08	1.679792198515653e-07	0.0	0.0	0.0	0.0	0.0
866.5099512909095	-1.056515611987379	1.1162252383730662	750839.4956861744	1243.1524118030345	4.657884845296849	21.695891232046048	1545427.9189717015	823.3691458095733	-0.1492059034345629	677936.7502711863	0.0222624016197241	885.5514836420411	735.2844216310525	0.905817	25.831007	0.0858777423381943	0.0470107087138391	0.0278418907	0.0145752122	-0.0600967081	-0.1837302216	-0.0583923323	0.0023206852	-0.1090097306	0.0028137588	0.013622526	-0.1543100392	-0.0015452686	0.1379033097	0.091365621	0.0076252754	0.0888616833	0.1725876965	0.1065105514	0.0053467834	0.0274821707	0.036841401	0.020481865	0.1922814845	0.03210675	-0.0208533486	-0.136995449	-0.0644986573	0.1968918828	-0.0299552464	0.24586433	4.95683e-05	0.0209586609	-0.1303578457	0.0715186685	-0.080676803	0.073802333	-0.0845338276	-0.1208367566	0.0155647619	-0.0420736114	-0.1398688458	0.0483962294	-0.0139517158	0.0984781118	0.0255801234	-0.1327949915	0.0717450065	-0.0900732941	0.1106827982	0.0143770797	0.1021067406	0.0729287854	0.1486671851	-0.0495460442	-0.0143674825	0.0057295662	-0.0965796987	0.0198675648	0.1999055549	0.0639859306	-0.0123486007	-0.0532613096	0.0870703851	0.0970937912	0.0877989872	-0.0869014181	-0.1675382491	0.040006913	-0.0366545991	0.0397159699	0.0050885635	-0.0868230187	-0.0199454969	0.0835793379	-0.0528000879	0.035276351	0.0639938823	0.2214772746	0.0879707137	0.0330806471	0.0062425661	-0.0218661529	0.0265010929	0.1018766195	-0.0429981689	0.0075383337	-0.1073341667	-0.0642081568	0.0929605862	-0.1917040463	-0.2324566902	-0.0135912349	-0.1453695721	-0.099911505	-0.0112844532	-0.0520811357	0.1289902173	-0.025516469	0.0084096929	-0.068955797	0.1500108342	-0.0486799897	0.0697659849	-0.1150026297	0.0256346672	0.0163572731	0.0995671633	0.0027954272	0.0774226098	0.0064571075	0.0436836888	-0.0631209534	0.045070175	-0.1322612038	0.0116984535	0.1563547573	-0.0866431347	-0.1192758652	-0.0007375856	0.0772885587	-0.0887857803	0.1259161521	0.1165232592	0.1013839798	0.0812449131	-0.04227480233952	0.0239227603354947	0.0005722984620695	0.0017871589128454	0.0264792869249959	0.025933364666571	0.0007011526360562	0.0006725394029293	0.0478313855768135	0.0301936572163085	0.0009116569360959	0.0022878414461978	-0.0004628997621387	-1.3033955641300004e-05	2.1427618978806506e-07	1.6988399965937614e-10	0.0006550711565165	-5.211546043000287e-07	2.716021215831195e-13	4.291182200998648e-07	-0.0003068485885182	0.0001030040921507	1.0609842999810493e-08	9.415605627561165e-08	0.0	0.0	0.0	0.0	0.0
868.0473509591943	1.53739966828482	2.363597740042275	753506.2035072746	1245.3914976047197	2.239085801685178	5.013505227308157	1550999.9823061265	823.802865293237	0.4337194836637081	678651.1608653473	0.1881125905095136	885.1834156674024	742.081733723733	0.980417	27.958349	0.1004199629290021	0.058355332712877	-0.0258717494	-0.0475032039	-0.0609145903	-0.021360267	0.0875129083	-0.0866875077	-0.0872652707	-0.0090132563	-0.0117746438	0.1133802258	-0.0455100579	0.0399110034	-0.1510044814	-0.0251278015	0.1354216447	0.1078509162	0.0343409991	-0.0534047989	-0.0338059597	0.0339555302	0.0488300852	0.1120341774	-0.0947275652	-0.017109337	-0.0765859402	0.153925856	-0.0888658737	-0.0146485372	-0.052165401	0.026238769	-0.0208915037	-0.0827520123	-0.1435352314	0.0570894737	-0.1452565857	-0.2572580702	-0.0540415838	0.0702208476	0.2307117269	0.0011671438	0.0902364713	0.0103009152	-0.1000348259	0.0271327638	-0.0488258548	0.1241560969	0.0256485693	0.0614648066	0.1518811087	-0.0704636809	-0.021464582	0.0367111799	0.1025037184	-0.1448148289	0.0497052321	0.0652813121	-0.07478705	0.0620523948	-0.0317449784	-0.1322004322	-0.0220151172	0.1817041063	-0.0587999201	-0.1158078634	0.0515250264	-0.0393094212	-0.077242526	0.1037697035	0.0062676454	0.0325470912	-0.0070114592	0.0596413936	-0.0197252109	0.1445004915	0.0033926919	0.0332181794	0.0272627428	0.1201988261	-0.040750035	-0.0255013887	0.1569954693	-0.1238747048	0.0931929691	-0.2214499332	-0.0372690561	-0.0684088595	0.0522574581	-0.1470454514	0.069054132	0.1506092157	-0.1657144668	-0.2107797072	-0.0877393799	-0.0944676501	0.0719215447	-0.02443776	-0.0234568751	0.0309219256	0.0264946652	0.1450368352	0.0382893565	-0.0246924576	0.092624994	0.1099769288	0.0181096016	0.0181246013	0.0546641956	0.06867055	0.0388713171	0.0021741516	-0.026760408	-0.0413191736	0.0839720716	0.0873326935	-0.0140959831	0.0091561063	-0.0248269001	0.0075129094	-0.0793594392	-0.0261097779	0.1251271724	0.1134548014	0.0948006283	0.0703125971	-0.0442173734778634	-0.0019425711383433	3.773582627524759e-06	0.0019551761172808	-0.020769692284233	-0.0472489792092289	0.0004313801175817	0.0022324660363141	0.0256410814042951	-0.0221903041725183	0.0004924095992688	0.0006574650555816	1.6385278162281836e-06	0.0004645382899549	2.6847734045535005e-12	2.157958228342489e-07	0.0006549993020488	-7.18544676999713e-08	5.163064528446219e-15	4.290240856844151e-07	-0.0004230006122738	-0.0001161520237555	1.3491292622521462e-08	1.7892951798400969e-07	0.0	0.0	0.0	0.0	0.0
867.5760059471372	-0.4713450120570996	0.2221661203911074	752688.126095187	1242.3546360394428	-3.036861565276922	9.2225281666562	1543445.0416886962	823.0983672505841	-0.7044980426528582	677490.9221705775	0.4963174921017084	884.4585152723922	737.3646987782249	0.86648	24.709232	0.0535189078380421	0.0270434429352388	-0.01428002	-0.001442086	-0.0741906052	0.0565642515	0.0355390604	-0.0035584193	0.0172889516	0.0134290521	-0.0836002596	0.0469745579	0.0610183761	-0.014760553	-0.0675363382	-0.0484527215	0.0396789877	-0.0115059324	-0.0072066332	-0.0763408541	-0.02295778	-0.0187536637	-0.1072508472	0.0162362565	-0.1454433825	-0.068960149	0.0662301592	-0.0057179015	-0.0292096588	0.1324570336	-0.0706678055	-0.0666556188	0.2563286113	-0.0967847303	-0.0765607975	-0.0204446506	0.1045454134	-0.0556810056	0.0333547665	-0.0073632805	-0.0125031424	-0.0088125468	0.1349850907	-0.0715700845	-0.1191810422	0.0561092743	0.020187987	-0.0424769285	0.1103926759	0.014659491	-0.0072672519	-0.0163036944	0.062057966	-0.0070884193	0.0338187805	0.1895250703	0.0075407695	-0.0401273277	0.1930612245	0.0244250827	-0.0445369049	-0.0245693339	-0.0790836467	-0.0121017546	-0.0861543367	-0.1563446015	0.0272317956	-0.0089935689	-0.0119227808	0.0767733324	0.0153495856	-0.0043826282	0.0492136513	0.0854483552	-0.0676701362	-0.0683135211	-0.0553167889	-0.0189822015	-0.0050248091	0.0146142329	0.2553493432	-0.140355959	0.0620526862	-0.0544826747	-0.0425146864	-0.0101478097	-0.0494767264	-0.1692077795	0.0664201397	0.0237506536	-0.0139940183	-0.003705334	0.0149257874	0.0522867881	0.051327956	0.064831623	0.1889033774	0.0277417998	-0.0096977189	0.0056469119	0.0935654217	0.0932359195	-0.0649874986	-0.0122249023	0.0910499689	0.0603113177	-0.0241421073	-0.0675527708	0.0411877644	0.0291727603	-0.0364727668	0.0364647243	-0.1457262637	-0.0384222227	0.2061658331	0.1610732842	-0.022155035	-0.003173011	0.0091959184	-0.014992509	0.0215509323	-0.1398627049	0.1242524367	0.1100753719	0.0876327994	0.0586099215	-0.0322338288780486	0.0119835445998148	0.0001436053411757	0.0010390197241393	-0.0084881188824113	0.0122815734018217	7.204816216194725e-05	0.0001508370452243	0.0309842283417793	0.0053431469374841	2.8549219195546764e-05	0.0009600224059355	-0.0003603996964911	-0.0003620382243073	1.29887941230877e-07	1.310716758596033e-07	0.0006550553169029	5.601485409995229e-08	3.1376638798389413e-15	4.290974682027587e-07	-0.0003068819934568	0.0001161186188169	1.3483533635967744e-08	9.417655790801944e-08	0.0	0.0	0.0	0.0	0.0
868.2570631913143	0.6810572441770546	0.4638389698460441	753870.3277816059	1241.1323350513255	-1.2223009881172402	1.4940197055523818	1540409.4731099557	823.5871856161682	0.4888183655840521	678295.8523111606	0.238943394532264	885.6542102914402	733.4740186763715	0.852361	24.306597	0.0681657037234746	0.0318055176155658	0.0099080585	-0.005418027	-0.0942080367	0.1102728416	-0.046662202	0.0672886219	0.0045169297	-0.0098568208	-0.0397761231	-0.0244203403	0.080519396	0.0083577597	-0.0115658087	-0.0644787503	-0.0661502846	0.0738532312	0.069244915	0.0235574111	0.0441524353	-0.0141566108	-0.1034142964	-0.0420378598	0.0117252803	0.0496865666	0.0137332243	-0.036826801	-0.0810135707	0.1110475833	0.0065248009	-0.243098549	-0.0087289216	0.0329241412	0.0657054038	-0.0537884798	-0.0147932698	0.0026404035	0.0545926867	0.0888540639	0.1010452922	0.1895894071	0.0028579546	-0.022219823	0.018594642	-0.0175956945	0.0302258824	-0.0398693286	-0.0615748127	0.0649769425	-0.1027998486	-0.0305273241	0.0001635551	0.0181630383	0.1239536277	0.0483499903	-0.1182618605	-0.1606611836	-0.0147251263	0.2011259637	0.0506536761	0.05314939	-0.0323931929	-0.0303749099	0.0377373862	-0.0838032887	-0.0750982873	0.1190977465	0.0680635494	-0.0049468874	0.0435020962	-0.0007349732	0.0215691558	0.0112412007	0.076968473	-0.1080379876	-0.1163972814	0.0251972081	0.0374611945	-0.0752374374	-0.0781835777	-0.1574421822	-0.0191663005	0.0777369261	-0.0355333289	-0.0191883234	0.2010354978	0.0282066816	-0.0212206156	0.0422178184	-0.0332889055	0.0671718793	-0.1805878589	0.1121826955	0.1054104122	-0.0176957619	-0.0511711447	0.1067910996	-0.0215199336	-0.0331829643	0.1154096183	0.0633438884	-0.0557827858	0.0012400734	0.0370261481	0.0933992025	-0.1147012255	-0.0620809158	0.0056253663	0.0300995591	-0.0055074277	0.031893976	-0.1006875217	0.0254531467	0.0939864616	-0.023408191	0.0044880489	-0.0474533522	0.0169700898	-0.005871934	0.0326764954	0.0088676788	0.1232925447	0.1063942335	0.0799246852	0.0462651033	-0.0092382745869343	0.0229955542911143	0.0005287955171555	8.53457173435961e-05	-0.0119853097450288	-0.0034971908626175	0.0001436476496842	1.223034392957534e-05	0.0165654727045065	-0.0144187556372727	0.0002079005141273	0.0002744148859237	-0.0002663352534995	9.40644429916e-05	7.093446725664294e-08	8.848119435319963e-09	0.0005240835819571	-0.0001309717349457	1.7153595354712883e-08	2.746636008769844e-07	-0.0006269298741688	-0.0003200478807119	1.0243064594824257e-07	3.930410671253074e-07	0.0	0.0	0.0	0.0	0.0
868.5905987830325	0.3335355917182596	0.1112459909428495	754449.628294267	1244.5978640782014	3.4655290268758563	12.00989143611912	1549023.843268021	823.0317981677283	-0.5553874484398875	677381.3407952043	0.3084552178845687	886.1719138181804	740.2421287947063	0.8874649999999998	25.307653	0.0782544741554909	0.0391740790447866	0.0129453852	0.0210219194	-0.1050668693	-0.0557085979	-0.1062571809	0.035078854	-0.0087387966	0.0081875509	-0.0509323942	-0.1133374476	0.0419383983	0.0862982562	0.1348411885	0.0005890133	-0.0783576116	-0.0311762961	0.0274192856	-0.1054874047	0.0342007439	0.0474362873	-0.0936212317	-0.0208395059	0.1187319231	0.0511463966	0.0500124614	-0.0953679503	0.1128105083	0.1056855212	-0.097092297	0.0999380474	-0.0774007789	0.0411550405	0.053896816	-0.0327549312	0.0470924739	0.118051564	-0.0768910422	-0.0654487132	0.0334062645	0.0119068891	-0.0769561984	0.032146688	-0.0097869109	0.0952079424	-0.1899937617	-0.0064396837	0.1585424381	-0.066121039	0.0172500442	0.2170531776	0.0777364258	0.0428493478	0.1553326497	0.0122324767	0.0642724831	-0.15577282	-0.2208293422	-0.0001386094	-0.0047318441	0.1104329227	-0.0649752266	-0.015691978	0.0379571362	0.0458466138	-0.1459953129	0.0105574245	0.1152476703	-0.0189118324	-0.0532224731	-0.0410634582	0.1541025154	0.1066242847	0.0589028589	0.0347484069	0.0416890873	-0.1300882078	-0.0084294178	-0.001069014	-0.1457958087	0.0705447855	-0.1461374685	-0.1127563023	-0.1122401248	-0.0728509977	-0.0677227658	0.080910106	0.1614904305	-0.0039418045	0.0500849623	0.0581956113	-0.1870153338	-0.0535209387	-0.0431971143	0.1972829155	0.0251530068	-0.0578218347	-0.0070249144	-0.0319019181	0.0512405144	0.0915071103	-0.1106883634	0.1069767871	-0.0697812935	0.0359862542	-0.180143021	-0.0271416581	0.000381596	0.0122987538	-0.0596487786	0.0066825315	-0.0297156621	-0.0194129957	-0.0374767873	0.0275512983	-0.0250243332	-0.0749138286	0.0536393827	0.1449066646	-0.0094799831	-0.0014827787	0.1222481541	0.1024214758	0.0717238087	0.033413395	-0.0269217945441511	-0.0176835199572168	0.0003127068780772	0.0007247830214774	0.0157353929712229	0.0277207027162517	0.0002476025919588	0.0007684373590828	0.0248938739325339	0.0083284012280274	6.936226701500833e-05	0.0006197049593688	-0.000605788441058	-0.0003394531875585	3.6697963531948205e-07	1.1522846654362618e-07	0.0006556958283721	0.0001316122464149	1.7321783406402674e-08	4.299370193445744e-07	-0.0006463014452752	-1.9371571106400037e-05	3.7525776713031255e-10	4.177055581648124e-07	0.0	0.0	0.0	0.0	0.0
868.51429193041	-0.0763068526225652	0.0058227357571618	754317.0752873814	1245.72724040956	1.1293763313585714	1.2754908978329458	1551836.3574984176	824.5803120827505	1.548513915022227	679932.6910744862	2.397895345017464	887.4136220915227	735.0119864387351	0.954409	27.216675	0.0978663529003115	0.0442749758587343	0.0030038901	0.0139246033	-0.0142211443	-0.150342889	0.0342394651	-0.0405065801	-0.1292321968	0.0158913171	-0.0543080461	-0.0715126654	-0.0796143234	0.0665459085	-0.018267113	-0.0369389614	0.1135441162	0.0054068602	-0.0287916074	0.0932904309	-0.044129505	-0.0097976994	0.1364411525	0.2243108591	-0.0033754187	-0.1150611814	-0.012245197	-0.1307300393	-0.0360198517	-0.000579065	-0.063739112	0.0780703917	0.0092177944	0.0038191197	-0.0732971823	0.0364272787	-0.0318811628	0.0375596219	-0.156893122	-0.0036988875	-0.1889399601	0.1727289973	-0.2051591847	-0.1565378212	0.0032075026	0.1174342043	-0.0243204499	-0.0690119738	0.014971164	0.1053770365	0.1131744566	0.0395025092	0.0140906277	0.0924981725	-0.0343661471	-0.0343831409	-0.0712527856	-0.0319128979	-0.0996214686	-0.0996484906	-0.0034680068	-0.061135446	-0.0437270422	0.1440840605	0.1196869978	-0.02419034	-0.0349164785	-0.1646904845	0.0452715698	-0.0629671344	0.0066485214	-0.0452485775	-0.160185648	-0.0388880524	0.0157537049	0.1236754991	0.0991433348	-0.1040456857	0.0810837924	-0.1535374807	0.0551776357	-0.0266227258	0.0059617878	0.0059935804	-0.2143798888	-0.0392543362	-0.0002711642	0.093837677	-0.081423353	0.0329268833	0.2182248404	-0.037912422	-0.0296773493	-0.1105705688	-0.0440532775	0.1089066277	-0.0161527675	0.174977472	-0.006108639	0.0136341	-0.1064360087	0.1998898755	0.0079940162	-0.0365386498	0.0026338758	0.0592503919	-0.0137542019	0.0948776779	-0.0033519971	0.1319563739	0.0289063442	-0.0478518051	0.0401465572	-0.0907620959	-0.0548343316	0.1598187529	0.1920440561	0.0513868676	0.0505295916	0.1128609305	0.1083246453	0.054524019	0.1211199807	0.098167988	0.063080731	0.0201956026	-0.0175583117230928	0.0093634828210583	8.767481054025391e-05	0.0003082943105652	-0.0085030498734539	-0.0242384428446768	7.230185715044438e-05	0.0005875021115346	0.0438946122700159	0.0190007383374819	0.0003610280573694	0.001926736986335	-3.4891383888009924e-05	0.0005708970571699	1.2174086696204783e-09	3.2592344988535495e-07	0.0003310116385091	-0.0003246841898629	1.054198231469926e-07	1.095687048284791e-07	-0.0006559939761841	-9.692530908900016e-06	9.394515541998216e-11	4.303280967898256e-07	0.0	0.0	0.0	0.0	0.0
870.7611431320634	2.246851201653385	5.04834032237126	758224.9683886577	1248.4709963616524	2.7437559520924424	7.528196724642705	1558679.828756257	825.1942550643657	0.613942981615196	680945.5585912334	0.3769259846745569	887.6092847807316	749.7877885601189	0.910591	25.967123	0.074882519692439	0.041588603914958	-0.0434069556	-0.0107326247	-0.0533300207	-0.0470498565	0.0438405367	-0.0437970295	-0.0284760006	-0.0577367906	-0.0414101556	0.0144448426	-0.0202532891	-0.0540301468	-0.0366867191	0.072396314	0.0642169623	0.0067913459	0.1663666689	-0.0691343741	-0.0463219977	-0.0558057903	-0.1096171132	0.1103990525	0.0043164677	-0.0285010049	0.0017246265	-0.1711089035	0.0067120366	-0.0808883973	-0.0149199313	0.0721536274	-0.3470552207	0.0942684411	0.0383391837	-0.0206439147	-0.0754173191	0.0337997546	0.1506580441	0.1083008365	-0.0631168047	0.0667089681	0.053178982	-0.0837474015	-0.1189271986	0.1639530378	-0.022929426	-0.0219058293	-0.0259786151	0.0840843641	-0.0181163052	0.0979624324	-0.0930293278	0.0324572272	-0.0616094156	0.1631160439	0.218726038	0.0903398811	0.1648853358	0.1326560217	0.0073423935	-0.0685535941	-0.0659263362	0.066755818	0.1074225653	-0.0581408786	0.0114474358	0.0307775266	0.0997787456	-0.0835605923	0.022799229	0.0453324596	-0.0622896774	-0.0278045811	0.2268580897	0.085910563	0.0951059656	-0.0085759666	0.0843608042	-0.1617322977	0.0632010792	0.0976321925	-0.0772611491	0.0756557285	0.0803771741	0.0151686947	-0.2818931746	0.1534991228	0.0834712452	-0.0887156496	-0.0721627094	0.1039731061	0.0299164843	0.2177257955	-0.084343337	-0.1710352258	0.0141255039	-0.1080055192	-0.0009802491	0.0098241371	-0.034576028	0.0790549176	0.0716469002	-0.029556125	0.01873345	0.1220335104	-0.1168071038	-0.0129598454	0.0692750933	0.1644104515	0.0502957409	-0.0476169767	0.098418865	-0.0134229449	-0.093108627	0.069762114	0.0161742529	0.1715336353	0.028591087	-0.0585120647	-0.0451809473	0.1520211399	0.1199087977	0.0936454286	0.0540487397	0.0067565429	-0.009241904983952	0.0083164067391408	6.916262105082653e-05	8.541280773239683e-05	-0.0253037399779714	-0.0168006901045175	0.0006402792568727	0.000282263187988	0.0071054159156247	-0.0367891963543912	0.0013534449684019	5.048693533401279e-05	-0.0001363601178604	-0.0001014687339723	1.8594081742902178e-08	1.0295903973959664e-08	0.0004520427925835	0.0001210311540744	1.4648540256581154e-08	2.0434268632668922e-07	-0.0006189693343431	3.702464184100003e-05	1.37082410345433e-09	3.8312303685714033e-07	0.0	0.0	0.0	0.0	0.0
870.97902579571	0.2178826636466055	0.0474728551177398	758604.463376044	1246.768616072094	-1.702380289558505	2.898098650277299	1554431.9820223243	825.5554850550174	0.3612299906516227	681541.8589044249	0.1304871061461714	887.4863041897323	750.9824155614345	0.870224	24.815989	0.0644228596707575	0.0415979303857601	-0.0497343361	-0.0178064248	-0.0797876048	-0.0124354336	0.0894637732	-0.0297081659	-0.0486776843	0.0158972286	-0.0001273667	0.0892240026	-0.0110462722	-0.0151722922	-0.1837614518	-0.0545352345	-0.0273192855	-0.0776233624	0.0594771664	0.0291795576	-0.1197530671	-0.0427936889	9.73721e-05	0.1582676959	0.0576497115	-0.1720921876	0.0327009198	0.0919202118	-0.1021231139	-0.1043595041	-0.1198101433	-0.0228809014	-0.1972649833	-0.003789904	0.0234599464	-0.1285946579	0.0576470355	-0.0474616806	0.1777943964	0.126249931	-0.0635531775	-0.0205072952	-0.1581866579	-0.1875785309	0.0180404595	0.0171136544	-0.1029166048	-0.087344631	0.1017278981	-0.1802173062	0.0572483719	0.0609932413	-0.0553057921	-0.017046261	0.0401880686	-0.0168922386	0.0267352567	-0.1336402184	-0.0227446759	-0.0520760264	-0.0325023772	-0.0928443312	-0.0250236389	0.0686595182	0.0380817327	-0.1398397988	-0.0261453077	0.0175265346	-0.0131698251	-0.0408257213	0.2050348762	-0.0819603701	-0.013833074	-0.1189027474	0.0781064443	0.0710494644	-0.0491176669	-0.0511693451	0.0049767865	-0.1535897556	-0.0143892574	0.0414087057	-0.0576587836	-0.0816541509	-0.0503210429	0.2276860511	-0.0925999609	-0.0308504114	0.0183609381	-0.1411156301	0.1069887275	-0.0362428565	0.1106315514	-0.0476530584	0.0796159475	0.1032205249	-0.1297728702	-0.0131481453	0.004342189	0.0642775886	-0.067641411	0.024256231	0.1004203106	-0.078042943	0.0536905473	0.1576903649	-0.1305180225	-0.0035359223	0.1287032942	0.1409856801	0.103622129	-0.1015067739	0.2191799953	-0.0759865871	0.0329682909	0.0318603161	-0.0262009899	0.1023118976	-0.0933904937	-0.0292166302	-0.0330666503	0.0365989175	0.1186154352	0.0888661936	0.0446835199	-0.0067565429	-0.0092709438386293	-2.9038854677299747e-05	8.432550809693333e-10	8.595039965901858e-05	0.012946730942744	0.0382504709207154	0.0001676178421038	0.0014630985256564	0.0166009048545845	0.0094954889389598	9.016431018990792e-05	0.0002755900419909	-0.0003448216738663	-0.0002084615560059	1.1890198676795697e-07	4.345622033240099e-08	0.0005746068355887	0.0001225640430051	1.5021944637780504e-08	3.301730155052593e-07	-0.0006209009544601	-1.9316201170000054e-06	3.7311562763991145e-12	3.855179952494632e-07	0.0	0.0	0.0	0.0	0.0
870.7203306385962	-0.2586951571137206	0.0669231843140925	758153.8941873864	1247.4095843657285	0.6409682936346144	0.4108403534448692	1556030.6711674796	825.7224809679592	0.166995912941843	681817.6155758818	0.0278876349392796	888.6908511231721	745.9429866734437	0.912212	26.013357	0.0517680125107325	0.0367735561831579	-0.0195084566	0.0306079664	-0.0435921208	0.0318756386	-0.0306158535	0.0264224582	0.0772709846	-0.0250652362	-0.0252468737	-0.0771240252	0.0012732768	-0.0702951485	0.0324085853	-0.02215138	-0.1000612165	-0.0301589513	0.1047200772	-0.1775250988	-0.0681470088	0.0622929485	-0.0946936807	0.0745520071	0.1182325971	0.1325055899	0.0891099787	-0.0275377946	0.0862970982	0.0691783923	0.0073865141	-0.1029939003	-0.01203705	0.2212196609	-0.050598986	-0.0187956365	0.0106128442	0.0351058537	0.0292348238	0.0450850035	0.1578844754	0.0712412422	0.1241773732	0.0864910865	-0.1167282067	0.1282893201	0.035742671	0.1244309616	0.152117934	-0.1050022589	-0.0136113186	-0.0797100379	-0.097130032	0.0792455685	-0.0706325951	-0.0470364773	-0.1618923209	-0.0040086893	0.1778591883	-0.1057036244	-0.0035601521	0.0888567824	-0.0366918836	-0.0605729985	0.13419422	-0.090863746	-0.0431920405	0.1543181705	0.2546949594	-0.0635616011	0.0088202894	0.0942978762	0.0899984657	-0.1660890136	-0.070988213	-0.0016194729	-0.0258316124	-0.073601279	-0.1409439387	-0.1505757465	-0.0895631297	-0.110150827	-0.1388389789	0.0760780064	0.022028006	-0.0593050693	-0.0316759681	-0.073156022	-0.0585378595	-0.0613958136	-0.0195826097	-0.0897770727	-0.071186224	0.1131075017	0.1078388888	-0.2367212671	0.0865012218	0.0255880276	0.0122030649	-0.0315696203	-0.0244133245	-0.0387538528	0.0533438827	-0.0061309144	-0.0259256483	0.0830269459	-0.2029881106	-0.1259581073	0.0828969178	0.0934098156	0.1091352787	-0.0144695522	0.0694164215	-0.0691789878	0.0196130855	0.0778792056	-0.1434730144	0.1736783358	0.0696831886	-0.075987632	0.0559012669	-0.0840354246	0.1172407796	0.0838433825	0.0350428114	-0.0201956026	-0.0047008792411986	0.0045700645974307	2.0885490424689422e-05	2.2098265640331926e-05	-0.0230273364418422	-0.0359740673845862	0.0005302582236057	0.0012941335241907	0.0166964562249702	9.555137038570056e-05	9.130064382585332e-09	0.0002787716504723	-0.0002413113951108	0.0001035102787554	5.823118941032064e-08	1.0714377808041313e-08	0.0005370847965662	-3.752203902249998e-05	1.4079034124060111e-09	2.8846007870255644e-07	-0.0007024352198487	-8.153426538859995e-05	6.6478364324586485e-09	4.934152380838914e-07	0.0	0.0	0.0	0.0	0.0
871.6736775440279	0.9533469054316585	0.9088703220961192	759815.0001231299	1253.974642571602	6.565058205873584	43.09998924650807	1572452.4042125773	827.2586768025178	1.5361958345586118	684356.9183450526	2.3598976421152296	890.2405427211191	745.0428957315437	0.974366	27.785782	0.2164750446042618	0.1103406864698105	0.0099096862	0.1072527062	0.0004611358	-0.1408352743	-0.1076444825	-0.0069316985	-0.0134817309	0.0336687031	0.0096462242	-0.2888418252	-0.0411106569	0.0616319405	0.0178971865	-0.048212723	-0.1198161797	-0.0205502173	0.009201614	0.0204061944	-0.0623551627	0.1419935286	-0.0872587582	0.18749757	0.0303573463	0.2184845713	-0.0716649823	-0.0588909802	0.0289870028	-0.0580951642	-0.0068853004	0.184836841	0.1534712528	-0.0530521087	0.0139757851	-0.0631080619	-0.1697843168	0.1700455575	0.0878541687	0.047267849	0.1151159701	-0.1551414629	-0.0219736044	-0.0568586227	-0.0060034073	-0.1482612085	-0.0106460539	-0.1219939397	-0.1228616806	0.0331817926	-0.134146033	-0.1020231899	0.0305784157	-0.0320666731	0.0060908082	0.0843375394	0.0304866954	-0.1165150034	-0.0052229336	-0.0872226733	-0.0376128396	0.1085756187	-0.0120126516	0.0540419701	0.1859903911	0.0361450169	-0.020236303	-0.0729496065	0.174212821	-0.0134849299	-0.000381753	0.0064414084	0.0530686794	-0.1448925149	-0.1261623927	0.0116020026	-0.2155719469	0.0310857126	0.2192646408	0.1758335295	0.1522166602	0.1096849464	-0.0619567622	-0.0715364492	0.1236418044	0.0911219814	0.0036147382	-0.0171462426	-0.055024668	0.0677514193	0.1323041365	0.0209735772	0.0054666383	0.033247132	-0.0922860053	0.056134659	0.0745236012	0.0002252791	0.042677675	-0.0159058124	-0.1639616702	-0.0105550085	-0.0408639215	0.0153779344	-0.2151827221	-0.0571791616	-0.193508804	0.0978544299	-0.0409631798	-0.0146798992	0.0262450464	-0.0726038783	0.1046033703	-0.1637286571	-0.1779672353	0.0135145187	0.0050185724	-0.0277112399	0.1445324022	0.1088860325	0.1506356305	-0.175824508	0.1157857731	0.0785907625	0.0251860523	-0.033413395	-0.0302006342112548	-0.0254997549700561	0.0006502375035329	0.000912078306762	0.0663431121000002	0.0893704485418424	0.0044014085231131	0.0079870770725701	0.0605829632865635	0.0438865070615933	0.0019260255020672	0.0036702954405811	-0.0009029025872439	-0.0006615911921331	8.152330820517285e-07	4.377029055080965e-07	0.0006341385217285	9.705372516230003e-05	9.419425567879271e-09	4.0213166474000733e-07	-0.0003067134565287	0.0003957217633199	1.565957139650901e-07	9.407314441578276e-08	0.0	0.0	0.0	0.0	0.0
872.2082940674155	0.5346165233876263	0.2858148270790724	760747.3082399912	1258.0664541666745	4.091811595072386	16.74292212956882	1582731.2030995092	826.2944434351257	-0.9642333673921256	682762.5072517641	0.929745986792358	889.2126308989315	755.021043701011	1.090663	31.102209	0.2323704498331011	0.1333576239969145	-0.0706949522	-0.0014661218	0.0210071195	-0.0426169896	0.1309195452	-0.1627682793	-0.0826600227	-0.0066241232	0.0945329475	0.0130313474	-0.1215768424	-0.0365913044	-0.1656461522	0.0299294592	-0.004115381	0.0919882822	0.0159984259	-0.0393357273	-0.0623821876	0.080177601	0.185607962	-0.0066804098	-0.0664857326	-0.2260179938	0.0320919703	0.092009635	0.0035886853	-0.1240242732	-0.0825655293	-0.065770807	0.0196502633	0.0532862572	0.1052228489	0.1105891867	0.1234638571	0.0627073209	0.0153541501	-0.1103134053	0.0057248153	0.0705508234	-0.098537781	-0.0860510581	0.1252322362	-0.0044314146	0.0046923211	0.1092866989	-0.0429556522	0.0175811606	0.0948990409	-0.0864438945	0.0037280846	-0.0335591721	0.006229431	0.0890586559	-0.1640849758	0.0058397642	-0.0012357022	0.0434574215	-0.123057243	-0.0563815395	0.1196259593	0.1710788311	-0.0270879269	-0.0685527315	0.0253411688	-0.0960114061	-0.1002129788	0.0128023831	-0.0163844329	-0.0865294665	0.0260142144	-0.0275330053	-0.0140777459	0.0554382468	0.064061773	-0.0149720421	-0.0581919866	-0.0983078122	0.0384602372	-0.2254440557	-0.0340877168	-0.0217339847	-0.0967723371	0.1899136933	0.0170460578	0.1163299741	-0.1086187871	0.0391762888	-0.0364480995	-0.0450863739	-0.0023105121	-0.0760896054	-0.0437557788	-0.0321214526	0.0024604633	0.0586291827	0.0348906318	0.0590159076	-0.0947905556	-0.0232469662	0.0736891399	-0.0244377756	0.1030918247	-0.1079295649	-0.006399914	-0.0377720573	0.1551492927	0.2431695488	0.0003390669	-0.0314974463	0.0619436185	-0.0450825055	0.0875666783	0.1289303478	0.0114507075	-0.0441342194	0.0875590181	0.0097995921	0.0210100658	0.0968969612	0.1142514127	0.0731227308	0.0151740128	-0.0462651033	-0.0257179602360793	0.0044826739751754	2.009436596771571e-05	0.0006614134787045	-0.0383030386925469	-0.1046461507925471	0.0014671227730827	0.0109508168756965	0.006763979469845	-0.0538189838167185	0.0028964830190642	4.575141826848465e-05	0.0002110547744882	0.0011139573617321	4.454411783426495e-08	1.2409010037571407e-06	0.0003599675869292	-0.0002741709347993	7.516970148872204e-08	1.2957666363963118e-07	-0.0003070379849705	-3.245284417999813e-07	1.0531870953712385e-13	9.427232421474499e-08	0.0	0.0	0.0	0.0	0.0
870.7454246107536	-1.462869456661906	2.1399870472343	758197.5944805616	1251.855836679007	-6.210617487667378	38.57176957811985	1567143.0358272968	826.79173159284	0.4972881577143653	683584.5674302869	0.2472955118029474	888.8592143822276	738.0262779656342	0.96773	27.596565	0.0446904582356132	0.0243820561352683	-0.0183438233	0.0325302202	0.0184547815	0.1202748769	0.0410985352	-0.0633873679	0.0765780782	0.0721119395	-0.0017511602	0.0105073643	-0.0253640149	-0.0881014299	0.024166469	0.0611495558	-0.0033545315	-0.0305219045	0.1270298923	-0.1457449944	-0.0759148669	0.1144701419	0.0294511022	0.0032232983	-0.0712343383	0.0292906996	0.0785994582	-0.0997199925	-0.1817725513	-0.0575445303	-0.0246028157	0.1350637668	0.1277794526	-0.0390626245	-0.0230027485	0.1110340023	0.1028449583	0.0796066117	-0.0027279203	0.0680672904	0.0395417978	-0.1527461359	-0.1568381783	0.0190734056	0.0927694319	-0.1699651261	-0.0297975403	-0.1432822356	0.045949507	0.1770097054	0.0960641424	-0.0526739046	-0.03185561	0.0937730557	0.0172534286	0.052236192	0.1658899342	0.0866153288	0.0459529141	-0.0066815257	-0.1013945973	0.0474705647	0.101104906	-0.0380719449	-0.0622729106	-0.0897180156	0.071155368	-0.022685351	0.1366404146	-0.045465136	-0.064344305	-0.0587391796	-0.0955537566	-0.0859029749	-0.0269715867	0.107982218	-0.0932907223	0.0555345277	-0.0303667133	0.1149486525	0.2317411189	-0.008874414	-0.0862208966	0.0563205103	0.0460421915	0.103915735	-0.0502813565	-0.0870724229	-0.0441370174	-3.71724e-05	0.147862232	0.0289692639	0.0264853754	0.086965746	0.0455470159	0.1516950039	-0.0089676845	0.1456059885	0.0364224242	-0.0202953552	0.0181174805	-0.0750679078	0.0181037576	-0.0080958546	0.1300774311	-0.0506581484	-0.0749790626	-0.0995309734	0.0209917185	0.1288489744	-0.1060109188	0.0425351192	0.0619271106	0.002256386	-0.0465816056	0.0351980079	0.1134698223	0.0782575948	0.0976680295	-0.1369679801	0.046782501	0.0723285084	0.1126387502	0.0674542747	0.0050684204	-0.0586099215	-0.0257983934153145	-8.043317923520088e-05	6.469496321881951e-09	0.0006655571028113	-0.0174696116800276	0.0208334270125193	0.0003051873322509	0.0004340316810859	0.0098883174933988	0.0031243380235537	9.761488085424062e-06	9.777882285025672e-05	0.0001250143999898	-8.604037449839999e-05	1.5628600204809707e-08	7.402946043824921e-09	0.0001799899935552	-0.000179977593374	3.2391934116696896e-08	3.2396397780000935e-08	-0.0001600107524368	0.0001470272325337	2.1617007106518688e-08	2.560344089539089e-08	0.0	0.0	0.0	0.0	0.0
872.1981177421435	1.4526931313898783	2.110317333987331	760729.556592938	1260.2841024617203	8.428265782713197	71.0356641040541	1588316.0189177438	828.5906291973312	1.798897604491117	686562.4307936291	3.236032591443879	891.8288917183527	749.6297879822647	0.8906929999999998	25.399702	0.0753705775897226	0.0388177661233926	-0.0386128304	0.0453704124	-0.0647271031	0.1134851741	0.0335183122	-0.0891065883	0.058749742	0.0875274507	0.0712433264	-0.077076145	0.0068747082	-0.0405754253	-0.006762693	-0.0491832505	-0.0162592892	-0.1333858381	0.1328582783	0.1344485491	-0.1135165044	0.1289686577	0.0665140193	0.0051608666	0.1363956096	0.00620129	0.2478005791	0.0320336846	-0.0756812795	-0.1976860593	-0.065108972	-0.1107498926	-0.0539388339	-0.1338852852	0.0131005	-0.0743051496	0.0291852648	-0.0629471827	0.0023369598	0.2209498083	-0.0727423143	-0.0460669225	-0.001199855	0.05741789	0.0274737202	0.004773029	0.1257547696	0.0890803543	0.0834463183	0.0051087474	-0.0729255778	-0.0005704865	-0.1202907211	0.0007993838	0.0034023519	-0.0121519114	0.0040907943	0.0375939873	0.0726416321	-0.0239615326	-0.0786981226	0.02804435	0.1564342555	-0.0105744688	-0.0201742271	-0.0592548444	-0.0793709715	-0.1107753917	0.124680703	-0.0775783745	0.1723733212	-0.1253078075	0.0565734694	-0.0430283137	0.0185301109	0.0212743002	-0.0261404425	0.0141491657	-0.1909048878	-0.0862350011	-0.0041283402	0.0501876075	0.1765790566	-0.0065595225	0.0927401317	0.0283945385	0.0918312545	-0.137153011	0.1118303646	-0.137282888	0.0241000634	0.1043720154	0.1722338027	-0.015636508	0.0877665354	-0.0599878201	-0.0205502537	0.0136776661	0.0408375672	0.0112453047	0.024444975	-0.0722176522	-0.0281030974	0.0174048579	0.1378495145	-0.0044478433	-0.0981677889	-0.0385324253	0.0063126974	0.1385473556	-0.0986705577	0.024820244	0.157159191	0.1003414245	-0.0125439814	-0.2095606211	0.061794094	0.088995303	-0.0601054205	-0.0395197361	-0.0063247413	-0.0221996445	0.1109488906	0.0616009311	-0.0050684204	-0.0703125971	-0.0082003832401653	0.0175980101751492	0.0003096899621246	6.724628528558393e-05	0.0087447804920657	0.0262143921720933	7.647118585441281e-05	0.0006871943569523	0.0054788516177737	-0.0044094658756251	1.9443389308302223e-05	3.001781504958149e-05	0.0002109717397098	8.595733971999999e-05	4.45090749561796e-08	7.388664251739488e-09	0.0002570231967866	7.703320323139998e-05	5.934114400090171e-09	6.60609236864033e-08	0.0002199728919489	0.0003799836443857	1.4438757000063814e-07	4.8388073192362436e-08	0.0	0.0	0.0	0.0	0.0
869.4074951013456	-2.790622640797892	7.787574723333801	755869.3925383963	1257.751868211586	-2.532234250134252	6.412210297552977	1581939.7619897348	826.7238474600434	-1.866781737287738	683472.3199591371	3.484874054671025	891.1855637648239	736.0781860592999	0.895885	25.547754	0.0271145423915162	0.0200985247191778	0.0011351827	0.0256612833	0.0709567436	0.088021429	-0.0111016215	-0.0657408467	0.1057760006	-0.0376321952	0.1117669157	-0.057102277	0.0415800259	-0.0641923529	0.0433523173	0.1338970671	-0.1696830356	0.0262829732	0.064222094	0.1039272994	-0.0046897645	0.1504679537	0.1442146677	-0.1186026224	0.1370337165	0.0695357851	0.0190297135	0.0889890623	0.0728639729	-0.0448810172	-0.1001331594	-0.0143313377	0.0699961496	0.0888347194	-0.1955485608	-0.1188430942	-0.0382900298	0.0264075836	-0.1327299217	-2.96242e-05	-0.1253488406	-0.0405704133	0.0180040783	0.1163818338	-0.3289360438	-0.0419624253	-0.0543631716	-0.0368698343	-0.0858667811	0.0387352669	0.0685147157	0.1206325123	0.1305031999	-0.1219809579	-0.0402262233	0.0436348703	0.0079661402	-0.0953016674	0.032147566	0.0682551768	-0.0704858426	0.0715216767	0.2295179886	0.0227700538	0.0352055421	0.0237317066	-0.0318982062	0.0558521863	0.0428971786	0.0006057711	0.0898785425	-0.1639586292	0.0843081286	0.0191572021	0.0298455176	0.0115491067	0.1323070879	-0.0228485543	-0.1907764578	0.0660880221	-0.0261904355	0.1312472866	0.0396606814	-0.0862793785	0.0260790535	-0.2291968741	-0.0194547901	-0.0232208147	-0.1940451349	-0.0341653703	-0.1142521161	-0.059256525	-0.0992228229	0.0141107532	-0.0863663269	0.0991167987	0.100732296	0.0200024685	0.0320778152	-0.0151965371	0.0168992675	-0.1251222494	-0.0356301034	0.0096579897	0.0780976704	-0.1075633159	-0.062092211	-0.1530476106	0.0284993408	0.1464228184	-0.1063464853	0.082935952	0.0762841069	0.1091340716	0.0124388372	-0.1014935913	0.129422474	0.0356077745	0.0091240225	0.055317536	0.0181972111	0.0498653453	0.1091829923	0.0555787436	-0.0151740128	-0.0812449131	0.0113245588328965	0.0195249420730618	0.0003812233629564	0.0001282456327597	0.0064638350913526	-0.002280945400713	4.178116408820128e-05	5.202711921034241e-06	0.0041209075400274	-0.0013579440777463	1.8440121182862507e-06	1.6981878953454672e-05	0.0001589677652471	-5.20039744627e-05	2.5270750387657094e-08	2.704413359917153e-09	0.0002570196377615	-3.5590250999670103e-09	1.2666659662195193e-17	6.605909419505269e-08	0.000246979575261	2.700668331210001e-05	7.29360943520061e-10	6.099891059610397e-08	0.0	0.0	0.0	0.0	0.0
869.5776505417828	0.1701554404371563	0.0289528739103626	756165.2903217669	1253.5046978724822	-4.247170339103832	18.03845588936336	1571274.0275883828	825.9478214298842	-0.776026030159187	682189.803724772	0.6022163994846275	889.69955872119	733.636078741983	0.85575	24.403233	0.0575755505741534	0.0267019445440921	0.0122697304	-0.0216683755	0.1026187181	0.0635663113	-0.0608115387	-0.0213986185	0.0935799593	-0.1028347279	0.123325257	0.0384691416	-0.0783704864	-0.0582074231	0.0437999998	0.1746278581	-0.0383736732	0.0885805738	0.0678673692	0.1556346191	0.0265883605	0.0038295774	0.0443823801	-0.0760603403	0.0318097133	0.0191725286	0.0697153001	-0.0717155418	-0.1591858589	-0.0123887761	-0.0230275398	-0.1162075484	0.0289805856	-0.2617209201	0.0223272332	-0.0049444626	0.091788717	0.1062979234	-0.0175828994	-0.2186602104	0.0244400658	0.0630442238	-0.0372011141	0.1479354807	-0.0857113231	0.0683224821	0.0598021988	0.0382711199	-0.1544898932	0.0741504367	0.1021503615	-0.0708180526	0.0225084158	0.0179537721	-0.0132304249	-0.1196928596	-0.1656118542	0.0054859052	0.0654042683	-0.0821760869	0.0036863879	0.021972935	0.1531982646	-0.0879980613	0.0690896428	0.0190131745	-0.0149083199	0.0161312239	-0.0641987061	-0.0740878933	0.0131520625	-0.1644499632	-0.1057444907	0.056477486	0.0412956302	0.0082111473	-0.1015828646	-0.0708033803	-0.0734300059	0.0509531433	-0.0361463072	-0.20677722	0.0211512129	-0.0707677279	0.0869314492	-0.0784483676	0.0908258489	0.0140031739	0.0883010844	0.2440330866	0.0410700493	-0.06302026	0.161642333	0.118711195	0.0037749553	0.0287766716	0.0515709568	-0.0394544283	0.0090996741	0.0019321	0.0007301746	-0.1595066445	-0.0347755957	0.0053321888	-0.0004026162	-0.1170978279	0.052201314	-0.1196531195	-0.0614922549	0.1687117214	-0.0877972302	0.0058136038	0.0331619306	0.0945859549	0.089681185	-0.0859612224	0.0874312397	-0.0484368811	0.0394562606	0.0789750708	0.0131340882	0.1519058191	0.1073422654	0.0494042187	-0.0251860523	-0.0912870929	0.0204295295955745	0.009104970762678	8.290049258922123e-05	0.0004173656794964	0.0224723149215293	0.0160084798301767	0.0005050049379323	0.0002562714264731	-0.0123427680108889	-0.0164636755509163	0.0002710526126458	0.0001523439221706	0.0001179943017311	-4.0973463516e-05	1.3922655241009869e-08	1.6788247124969831e-09	7.700873241445194e-05	-0.000180010905347	3.24039260438639e-08	5.930344868080661e-09	0.0001479954555164	-9.89841197446e-05	9.79785596161331e-09	2.1902654853506734e-08	0.0	0.0	0.0	0.0	0.0
870.1040642677882	0.526413726005444	0.2771114109269347	757081.0826553233	1249.8269077330144	-3.677790139467788	13.526140309966491	1562067.299293469	825.8137268190587	-0.1340946108255138	681968.3114027829	0.017981364652446	890.5453660086803	734.436449497561	0.8573279999999999	24.448236	0.0367294300517185	0.0228734022590816	0.0185241923	-0.0202529975	0.1014328314	0.0698963267	-0.0787243118	0.032684656	0.0957786519	-0.0838910583	0.0221688326	0.0551926124	-0.1051526024	-0.1139963207	0.0503011653	0.1860055505	-0.0069307133	0.0553515829	-0.1211421214	0.2048335115	0.0246957682	-0.0351977392	0.0418612197	-0.1634223598	-0.1355465093	0.1356918311	0.0104113147	-0.0063495997	-0.1042235977	-0.0928601432	0.0047355769	0.0352658457	-0.1265091021	-0.0042269919	0.080777925	-0.0106652934	-0.0002293284	0.0122123781	0.0493814319	-0.0959965921	0.0917545276	0.2481620234	-0.0497328569	0.0974734042	0.0055616241	0.0541411582	-0.0825135938	-0.0885832281	-0.0400688135	0.1355591275	-0.0415780878	-0.0298060959	0.0806521251	0.0154233805	-0.0472378236	-0.0150986549	-0.0131626646	-0.0692300626	0.1436203974	-0.104068585	0.0539785821	-0.0158263059	0.0898911653	-0.107094143	0.1120040722	0.0751617053	0.1933326568	0.0536792711	-0.0653117521	-0.0772251821	-0.0889156706	-0.0769108729	-0.0731630236	-0.0595544569	0.0964213777	0.0886073291	-0.1764291632	-0.1282916478	-0.1207391612	0.0108544033	-0.1503906863	-0.0963636567	0.0726688861	-0.0774835878	0.0110078227	0.0172264649	-0.0121253343	0.0070178116	0.0696581959	0.0748737746	-0.0147663673	0.0675675687	-0.0703401795	0.0780971577	-0.070220482	-0.0710610754	-0.0590972655	-0.1204521685	0.0171151511	-0.0029002157	0.0095942659	-0.2164967301	-0.0201772052	-0.0013334373	-0.071144929	-0.046941557	0.047784834	-0.0581450077	-0.0325998218	0.0534012358	0.033858171	-0.0514650107	0.0780407703	-0.1295405404	0.0768083137	-0.0650081483	0.0183098553	-0.1156448905	0.0201662001	0.0955918694	-0.0239051579	-0.0280358742	0.1054279714	0.0430942802	-0.0350428114	-0.1003291122	0.0008395070799309	-0.0195900225156436	0.0003837689821634	7.047721372541064e-07	0.0164771126092801	-0.0059952023122492	0.0002714952399388	3.594245076479816e-05	-0.0225369692463175	-0.0101942012354286	0.0001039217388284	0.0005079149828094	0.0001149954882567	-2.9988134743999973e-06	1.3223962319396829e-08	8.992882254242983e-12	6.10085087449086e-05	-1.600022366954334e-05	2.560071574754149e-10	3.7220381392775885e-09	0.0001479964981404	1.0426239999941807e-09	1.0870648053638652e-18	2.1902963461821424e-08	0.0	0.0	0.0	0.0	0.0
874.7136302346319	4.609565966843661	21.248098402683336	765123.9349182483	1256.5380382101043	6.71113047708991	45.03927228052504	1578887.8414688976	828.3828504063712	2.569123587312447	686218.1468473843	6.600396006885176	891.7661427472693	751.7472549108513	0.930018	26.521141	0.0619875099872869	0.0329139907609852	-0.0272725142	0.0051197457	-0.0514908351	0.0095042317	-0.042887622	0.0083847309	0.0441905558	-0.0729294316	0.0419518568	-0.0731745766	0.0420307503	-0.0650796027	-0.0126838257	0.1376381006	0.0555984199	0.0558880073	-0.0937320844	0.0178238692	-0.0647242025	0.1167868007	0.1560615093	-0.155089206	-0.1062735221	0.2307641695	0.1008994656	0.2070037931	0.0864732736	-0.0769035231	0.026765378	0.1552184738	-0.0134991771	0.0031046962	-0.0154344899	0.0207183736	0.1184638159	-0.0542196234	0.1581221259	-0.0586518138	0.0709345281	0.127746352	0.1545403658	-0.1334412653	-0.0418405479	0.0715027542	0.0409257514	0.1171985344	0.0983490655	-0.0496998353	-0.0087977115	-0.0156329383	-0.0097317602	0.06445584	0.0380364481	-0.0641657252	-0.0625692078	0.0786036389	-0.1367231945	0.0495071213	-0.0436706056	0.0619860128	0.0983382425	-0.1025891284	0.0655327596	0.0759310795	0.1753386338	-0.1342336762	-0.1161292715	0.0863466242	-0.0425910756	-0.053177889	0.1044876975	-0.0737507211	-0.0938573376	0.1402014051	-0.0847362689	-0.0015421672	-0.0670101227	-0.044157371	0.0680752224	-0.0953800448	-0.0477538772	0.0586803292	0.0650943004	0.001431181	-0.0790817748	-0.0517403249	0.0244874606	-0.0653338679	-0.2037315796	0.1120659752	-0.0715222222	0.0773673743	0.0706373874	0.0716040481	0.1706391583	-0.0327084673	0.0210114849	0.0020213563	0.0259938094	-0.1753457926	-0.047773754	0.0891826968	-0.0523755759	-0.0854954261	0.0523129323	0.0039377813	-0.0254459953	0.115511394	-0.0231737352	-0.0963295511	-0.0873276782	-0.0292566521	0.0007541441	-0.0591066242	-0.1185638577	-0.0471254707	0.0565522757	-0.0177693139	-0.04776078	0.2745759005	0.1034414224	0.0366662233	-0.0446835199	-0.1082719048	0.0203845558379356	0.0195450487580047	0.0003820089309527	0.0004155301167099	0.0064946285056919	-0.0099824841035882	4.218019942694581e-05	9.964998887839111e-05	-0.0441456108578961	-0.0216086416115786	0.0004669333922976	0.0019488349580167	0.0001250108032882	1.001531503150001e-05	1.5627700938761037e-08	1.0030653518019004e-10	-0.0001459902527047	-0.0002069987614496	4.2848487241671974e-08	2.1313153884782164e-08	0.0001480091319416	1.2633801199998664e-08	1.596129327610877e-16	2.1906703138105963e-08	0.0	0.0	0.0	0.0	0.0
874.5856205857453	-0.1280096488865183	0.0163864702080497	764900.0077353533	1260.4698242595175	3.931786049413176	15.458941538360072	1588784.1778688189	829.7545305719696	1.3716801655983772	688492.5810047096	1.881506476695992	893.3691669452925	755.5818496857012	0.917198	26.155542	0.0457587588885049	0.0278666456575787	-0.0202979352	0.0636867106	-0.0676224245	-0.0943307295	-0.0463136143	-0.0488076357	-0.006674262	-0.0120717313	0.1305790668	-0.1203715132	0.0289282678	0.0781312709	-0.0110672659	-0.0114676668	0.0216260124	0.0640601821	-0.066941527	-0.0002293175	-0.060359798	0.0714902488	0.0746998116	-0.0173129135	0.1745263738	0.1439952943	0.0363285136	-0.0747199453	0.1137995754	0.1408049578	-0.1330940067	0.0689916022	0.106071302	-0.0308380306	0.0205223508	0.0027748375	0.0854557505	-0.1350393626	0.0301889987	-0.0243997184	-0.0610719645	0.0385842218	0.036503206	-0.0394010408	-0.0083508475	-0.094962232	0.186646051	0.0524767918	-0.1069683659	0.0111076075	-0.0472430079	0.1117274367	0.0059747492	0.0460003789	-0.015162157	0.1118701327	0.1720736615	-0.0940658225	-0.0348052615	-0.1121546032	-0.0258320028	0.0316419204	0.1253235542	-0.0420278266	0.1065001172	0.1422136479	-0.0334670342	0.0054801243	0.0576737254	0.0091178559	0.0909810798	0.1526806107	-0.0241918362	-0.0627005641	-0.149045228	-0.0341217051	0.0479651587	-0.1449886162	0.058951371	0.2369491548	-0.0525147562	-0.1143087889	0.1304427468	0.1211733668	-0.1289527152	-0.0208970572	-0.078821128	0.0416224182	0.0572097686	-0.170142456	-0.0402804034	-0.0273461196	0.0642590812	0.0089121813	-0.0648766358	0.0135384173	0.0269020275	0.0119877279	0.0280512861	0.0179362035	-0.0586967651	-0.1358152951	-0.0732954781	0.1156776269	-0.1005253926	-0.0776333873	-0.0244528285	0.0451775323	0.0624413563	-0.018128284	0.0169212671	-0.0420214307	0.0860271923	-0.0142679619	-0.0259205249	0.0429960759	-0.2150790876	-0.1477598086	-0.1113567661	0.0618583209	0.1123145773	-0.0330587293	0.1013839798	0.0301376669	-0.0540487397	-0.1150284477	0.0203970134304256	1.2457592489998476e-05	1.5519161064686643e-10	0.0004160381568809	0.0209272014625128	0.0144325729568208	0.0004379477610525	0.0002082991621539	-0.0340849546156221	0.010060656242274	0.0001012168040252	0.001161784131149	-0.0002809877869717	-0.0004059985902599	7.895413642725346e-08	1.648348552930262e-07	-0.0001650207900714	-1.9030537366700005e-05	3.6216135246536517e-10	2.7231861155789073e-08	0.0001479768176298	-3.231431180001883e-08	1.0442147471088362e-15	2.1897138555843086e-08	0.0	0.0	0.0	0.0	0.0
873.3843375550016	-1.2012830307437523	1.4430809199528956	762800.201086389	1260.0538823076786	-0.4159419518389313	0.1730077072995798	1587735.786318653	828.5444663465933	-1.2100642253763	686485.932713561	1.4642554295355446	892.4504791796732	751.921030720578	0.932697	26.597523	0.1136066780952697	0.0567653763949401	-0.0232377001	-0.0070793489	0.0481337965	-0.1284492629	-0.0301219417	-0.0247622972	-0.0101955936	-0.0577436849	0.0846082296	-0.066288597	-0.0680065189	0.0685523433	-0.075063258	0.1439821399	0.0068601918	0.1051018943	-0.1801931563	0.0462875025	-0.0258795294	0.0071303368	0.1158850038	-0.0024281024	-0.0231457358	-0.1043714003	-0.0986806229	0.1001382319	-0.0852963655	0.0542435184	0.0363912098	0.0598158146	0.1636784961	-0.0775907796	-0.083376467	-0.0633555562	0.0146572888	0.0868125775	0.1416425264	0.1119332917	-0.1489719927	0.07386945	-0.0393680581	-0.0103049684	-0.0186613974	0.1860790872	-0.1207169866	0.0767458811	-0.1880367227	0.0132776103	-0.0540435791	-0.0042009034	-0.0227875798	-0.183248192	0.1318650321	0.039812954	0.0509141377	-0.0242839577	-0.1225303255	-0.027240731	0.0369386974	-0.0356962678	0.0792611008	0.0324184005	0.1136773292	0.1409454361	0.0366375127	-0.0439520465	-0.1818640287	0.0240469788	0.0996908276	0.0090279318	-0.1232751158	0.0268053595	-0.0529083441	-0.0956454336	-0.0464101477	0.0515361846	-0.0698803457	-0.0492880058	0.194063267	-0.0721396735	-0.0498016786	-0.1481468592	-0.0497187451	-0.1273449686	0.1493969156	0.0118813966	-0.0927282522	-0.0663871243	0.074443669	0.1282573653	0.0513177425	0.121478695	-0.0888415634	-0.0416269881	-0.0491447151	-0.0016709851	0.0112729827	0.0774210059	-0.1230066109	-0.0491125582	-0.0133769521	0.0425907893	-0.0623315377	-0.0674677164	0.1756078688	0.0253476251	0.045434622	0.1783538202	0.0553015435	0.015999823	0.0112445504	0.0265021897	-0.037055031	0.0709879817	-0.1378107259	-0.262413375	-0.0172663934	-0.0983338974	-0.2065404218	-0.0918668823	0.0992570537	0.0235265052	-0.063080731	-0.1205247148	0.0312379748200442	0.0108409613896186	0.0001175264438512	0.0009758110708577	-0.0206017533163418	-0.0415289547788546	0.0004244322397074	0.0017246540850241	-0.0367909911803536	-0.0027060365647314	7.322633889663856e-06	0.0013535770320328	0.000124638537918	0.0004056263248896	1.553476513433672e-08	1.6453271544352446e-07	-0.0004229597512874	-0.000257938961216	6.653250771318917e-08	1.7889495120909926e-07	0.0006550260387654	0.0005070492211356	2.570989126542186e-07	4.2905911146069133e-07	0.0	0.0	0.0	0.0	0.0
875.9372220972193	2.552884542217725	6.517219485894207	767266.0170553933	1262.9130281055247	2.859145797846168	8.174714693341398	1594949.3165586658	829.1406056587475	0.5961393121542642	687474.1439521547	0.3553820794957592	891.5976988135195	754.7276386389752	1.081623	30.844423	0.1468296332046954	0.074410786999032	-0.093553891	0.0736135362	-0.0367940346	0.0746522851	0.2297614385	-0.1726224364	-0.02470125	0.1416707449	0.0052152622	0.1211455523	-0.0338806991	-0.1893028337	-0.1486469038	0.0583734663	0.1021477329	-0.1593302929	-0.0733543269	-0.1727320309	-0.1371767626	0.0487416137	0.1281632134	-0.0044190433	-0.1087835059	0.0787956214	0.0191889992	0.0579418101	0.108857629	-0.0958540186	-0.0407829675	-0.14734348	-0.0436790489	0.1969512268	-0.0664397646	0.0602423068	0.0260462115	0.1350110936	-0.2617432474	-0.0140494486	-0.0123714765	-0.1225294334	0.0415335432	-0.0014410703	0.1425042897	-0.0037504637	-0.0454680741	-0.2411008869	0.0297491545	-0.1025367244	-0.1732795679	-0.0573234539	-0.1621492111	0.083652797	-0.0159830661	0.0355393226	0.044038367	0.0526115469	0.0300776899	-0.0098697593	-0.1536473568	-0.0678521587	0.0959551646	0.0552597015	-0.1793882579	-0.0405381588	0.1671339297	-0.0522702072	0.0270783953	0.1011033814	0.0119412787	0.062452103	0.1304875752	-0.2093014655	0.0345258368	0.0984026405	0.1658358809	0.0998678913	-0.0252992398	-0.1067945342	-0.0224240738	0.1621184741	-0.0463962443	0.0831026421	-0.0733231573	0.1173630866	0.0843782863	-0.166408478	-0.0516344176	0.1436294876	0.0997083654	-0.1161807249	-0.1545423973	0.08559604	0.0039480097	-0.0060714988	-0.0532714767	-0.0137400843	0.0593009357	0.0523011612	-0.0251754629	-0.0972727046	-0.0404253553	-0.1204827828	0.2062204677	0.0505866831	0.0271332254	0.1035045652	0.0612266951	-0.1696715326	-0.0573174965	-0.0942137212	0.1505497348	-0.1677652273	0.0680845339	-0.1615071143	-0.0445860711	-0.0692747617	0.11353574	-0.1103977666	0.0344183258	0.0309668558	0.0970621018	0.016850859	-0.0717238087	-0.124700488	0.0204037282142053	-0.0108342466058389	0.0001173808995161	0.0004163121250391	0.0110496730137725	0.0316514263301143	0.0001220952737112	0.0010018127887306	-0.0021960276095214	0.0345949635708322	0.0011968115044672	4.822537261780274e-06	-0.0008544163851612	-0.0009790549230792	7.300273592319321e-07	9.585485424056182e-07	-0.0005116400353808	-8.868028409340001e-05	7.864192786886134e-09	2.617755258044663e-07	0.0003277813119798	-0.0003272447267856	1.0708911120898205e-07	1.0744058848319897e-07	0.0	0.0	0.0	0.0	0.0
877.5143420421033	1.5771199448839752	2.487307320550833	770031.4204895855	1268.4388852883842	5.525857182859454	30.53509760535942	1608937.2057116388	830.7009360545286	1.5603303957810797	690064.04516187	2.43463094399834	895.5657439201109	763.1584585729028	0.982454	28.016428	0.1004094625483007	0.0727118936505506	-0.0685483444	0.0752915404	-0.1064661312	0.0692174474	0.0701856213	-0.0766583719	-0.0108123945	0.0864156114	0.1043373911	-0.0545782426	0.2741751557	-0.0166733681	0.0464384148	-0.1289431025	-0.1644519302	-0.1801314189	-0.0843098555	0.0793240684	-0.1055735244	0.0679091487	0.036800788	0.0353234225	0.0584882318	0.1029971129	0.0418820919	0.0876679092	0.0191612663	0.1924952693	-0.0618543485	-0.0089830224	-0.1730336127	-0.0049986042	0.059273065	-0.0981398722	-0.0005282086	0.1128215362	0.1433507725	1.65905e-05	-0.0794359229	-0.1655614818	0.1037933704	-0.0264623066	0.2811542708	-0.1189527428	0.0080227348	0.0003384569	0.0205924822	-0.0348555587	0.0749858709	-0.0301767789	0.1903322365	-0.0111485595	-0.1353390459	-0.0071351107	-0.0416330763	0.0410887366	-0.0318631988	0.0082631118	-0.0541568399	0.0195232407	0.1430887599	-0.079745848	-0.030098547	-0.0790649649	-0.0884440423	-0.0372262297	0.0640293938	-0.0706279524	0.1486551405	0.2110718689	0.2970621465	0.0403735282	-0.0224081266	-0.1019663274	-0.0451615029	-0.0697007272	0.0654126849	-0.0331984036	-0.028816922	0.1281440108	-0.0890305762	0.167545069	-0.0469919821	-0.0142892763	-0.0853264238	0.0994165347	0.0346743584	0.1197432343	-0.1148292657	-0.018591782	-0.007215004	-0.1675936857	-0.1235494853	0.0649590378	-0.1351312062	-0.111630578	0.0570928018	-0.0003465169	0.0676033919	-0.1162755405	-0.047547664	0.0682105259	0.1198592999	0.0142371318	-0.0707180902	0.1729318942	0.1394599151	-0.1690318513	-0.0725351196	0.0245404437	0.0332729708	0.080616914	-0.0827485098	-0.1656410471	-0.0663335142	0.0356942157	-0.0525999809	0.1462453453	0.2397547661	-0.0280871659	0.0948006283	0.0101290257	-0.0799246852	-0.1275100165	0.0202591517956705	-0.0001445764185347	2.0902340796348944e-08	0.00041043323148	0.0113123070802316	0.000262634066459	0.0001279682914774	6.897665286484285e-08	-0.0698533325990382	-0.0676573049895168	0.0045775109184444	0.0048794880751918	-0.0005329158355294	0.0003215005496318	2.839992877579985e-07	1.0336260341354949e-07	-0.0007370608755452	-0.0002254208401644	5.0814555180423976e-08	5.432587342594569e-07	0.0002278037603002	-9.99775516796e-05	9.995510839847089e-09	5.1894553206910974e-08	0.0	0.0	0.0	0.0	0.0
871.9031099192905	-5.611232122812794	31.48592593608617	760215.0330869304	1258.897692949717	-9.541192338667088	91.03435124343952	1584823.4013141205	828.4262965096583	-2.274639544870297	686290.1287487083	5.173985059087752	892.417392213883	739.137910602968	1.13695	32.422169	0.1303015007465691	0.0745361996526247	0.0305614768	0.0682371744	0.1266241827	-0.1814641213	-0.1279184414	0.0124670511	0.0517707148	-0.0757466475	0.0492532534	-0.1893322848	-0.1411938906	0.0299302582	0.0752340742	0.0575022011	-0.1878544227	0.0383378624	-0.183100385	-0.080219638	-0.02414435	0.0872609718	0.0778986556	0.0406999793	0.0360556831	0.073785778	-0.0098504625	-0.0590191413	-0.0134558447	-0.0310739977	0.1325359397	0.1185987788	-0.1135921583	-0.1158973984	-0.0213873291	-0.0399764617	-0.0592796772	-0.078439006	-0.1050235035	0.0007455055	-0.0462067129	0.1128886612	0.0493500343	-0.1381279474	0.0319960502	-0.0765531701	-0.0876362889	0.1613391961	-0.0473346972	0.1318865699	-0.0488718417	-0.0142720893	-0.1171170807	-0.1382785964	-0.0669558658	-0.1479303682	-0.0849874644	0.005557501	0.0633950651	0.0792689229	-0.0186772824	0.1343055504	0.1030118288	-0.0471818479	0.1519883609	0.2222812661	-0.0388615997	-0.0106502934	-0.0580863193	-0.0111076348	-0.0555555696	-0.0141999951	-0.0697737946	-0.0667891291	0.0086263986	0.0270082356	0.0281994249	0.0793014611	0.1305258653	-0.0331227268	0.182750739	0.1118687235	0.1085656331	0.1836736028	-0.0105624351	0.0183141483	0.1038392663	0.0324818042	0.0891688753	-0.0960107438	-0.0028978949	0.1072828426	0.0495499546	-0.0838847297	0.0704119955	-0.1026865385	-0.0282763026	0.0126624697	0.0421853193	0.0086522452	-0.1373507228	-0.0683885286	-0.0658861724	0.1215747273	-0.1772912061	-0.1240027349	0.137325774	-0.0364997615	0.0039849437	-0.0206688423	-0.1544980881	0.1190045239	-0.0749049256	0.0644185051	-0.1046403743	0.1232681372	-0.1604346679	-0.087833125	-0.08281931	0.0150384531	0.1136780151	-0.1001055883	0.0924741833	0.0033794295	-0.0876327994	-0.1289225186	0.0308120853783862	0.0105529335827156	0.0001113644072012	0.0009493846053649	-0.0154522799513188	-0.0267645870315504	0.0002387729556939	0.0007163431189694	-0.0015290203278652	0.068324312271173	0.0046682116473287	2.337903163025004e-06	-0.0002308457724022	0.0003020700631272	5.3289770635968333e-08	9.12463230376706e-08	-0.0007370485080044	1.2367540800067162e-08	1.5295606544132586e-16	5.432405031515121e-07	0.0004189146868548	0.0001911109265546	3.6523386248557735e-08	1.754895148626552e-07	0.0	0.0	0.0	0.0	0.0
874.9330610159429	3.0299510966524394	9.18060364810532	765507.8612587277	1259.662875401155	0.765182451437795	0.5855041839883535	1586750.5596639055	828.7929208780718	0.3666243684134542	686897.7056976057	0.1344134275145642	892.5634180868825	744.4584614395592	1.066188	30.404251	0.1171494148747047	0.0698645490683613	-0.0317774323	-0.0326455859	0.0666575838	0.0020386124	0.0844633406	-0.0441399703	-0.0858606931	-0.0265887486	0.0202533762	0.0485827896	-0.0377656511	-0.0307258477	-0.1253457064	0.0011499613	0.1162270952	0.0505359025	-0.1452841304	0.0826447016	-0.045597608	-0.1367092642	0.2258807874	0.0317565521	-0.0952013839	-0.1466260707	-0.0288990165	0.037798642	0.0177094199	0.086581908	0.0741042559	-0.0261225529	0.066464158	0.0269983136	0.1110255753	-0.058794458	-0.1075319524	0.0465153085	-0.1673556635	0.0133243287	0.181161746	0.0466078323	0.1089919925	-0.0827105884	-0.0467596804	0.0651165115	0.1427720949	-0.0456804618	-0.0076224479	0.0521894819	-0.0496657627	0.1676693122	0.1127212404	0.0035181301	0.0974041037	-0.0932056398	0.2221376291	-0.0378699281	0.1222086218	-0.2677564186	-0.0195698191	-0.1437313059	0.0550350283	0.0569064132	-0.0519129681	-0.0535590391	0.0844538373	-0.1427624102	-0.1237543772	0.1219191006	-0.0895894757	-0.0021154036	0.0456737989	0.0655685157	0.0190348489	-0.106015494	0.0587887191	-0.0617834691	0.1787508683	-0.1804290473	-0.0692874758	0.0408982729	-0.0863893711	0.0076174017	-0.126198915	-0.1982308122	0.0465650264	0.0579062419	0.1053821372	-0.1067740302	0.1600684358	-0.0020111425	0.0330526827	0.0833906663	0.04914803	-0.1040326408	0.1107712986	-0.0213890453	0.0075741215	0.0699101103	-0.0373551065	-0.0505551043	-0.0009653961	-0.0569947972	0.0674941675	0.0237711486	0.2102235997	0.0958717133	-0.0011935049	0.0777431864	-0.0701622027	0.072763902	-0.1179639013	-0.0103631069	-0.0238075366	-0.084795215	0.0098832046	0.0317692531	0.1252575241	-0.1309121152	-0.052451699	0.0606866705	0.090084361	-0.0033794295	-0.0948006283	-0.1289225186	0.0678640104965211	0.0370519251181349	0.0013728451549598	0.0046055239206719	-0.0207203399291557	-0.0052680599778369	0.0004293324867797	2.775245593008692e-05	-0.0572037565215879	-0.0556747361937227	0.0030996762502406	0.0032722697601811	-2.9784386238794133e-05	0.0002010613861634	8.871096636216694e-10	4.042568100595022e-08	-0.000797007750326	-5.9959242321600014e-05	3.59511073978035e-09	6.352213540797116e-07	0.00054098793007	0.0001220732432151	1.490187670907737e-08	2.926679404814232e-07	0.0	0.0	0.0	0.0	0.0
874.9460065950088	0.0129455790658994	0.0001675880173514	765530.5144565533	1262.4266416243925	2.7637662232375533	7.638403736708769	1593721.0254830422	829.7883107058271	0.995389827755389	688548.6405840303	0.990800909198903	894.7267979462475	756.5201444142981	0.935563	26.679249	0.0726003599655552	0.0369451425321153	-0.0456864757	-0.0230282509	0.0240491906	-0.0507483949	0.0118852003	-0.0274394449	0.0410672935	-0.0978014022	0.091654193	0.0279836769	0.0917540644	7.20411e-05	0.0175682884	-0.0537776148	-0.0010727331	0.0130617502	-0.0528797664	0.0303204301	-0.0230695165	-0.0968673875	0.1268976881	0.0223435262	0.1208219676	0.0131147746	0.0054614328	0.0234090169	-0.050862264	0.1250125637	-0.0132483983	-0.1432842649	0.1034534604	-0.0536352533	0.1229115826	-0.1899062347	0.0327849092	-0.120500691	-0.0291173993	0.020623978	-0.0655053327	-0.1313366577	0.0469396656	0.0865607948	-0.0147980677	-0.0098043816	0.045619826	-0.050392784	0.2238322083	-0.0252521596	-0.0024554619	0.090384956	0.1035029414	-0.1075975089	0.008927827	-0.00769265	0.216271309	0.2363067188	0.0151475055	0.1380979786	0.022898419	-0.0730081897	0.1152979414	-0.0870627498	0.0066180728	0.0215116939	-0.0975444687	0.0126539552	-0.0068497791	0.0220391521	0.0588204982	0.0580447221	0.0899985916	0.1843137345	0.0104331491	-0.1050090175	0.0531594234	0.0496006026	0.0306489072	-0.0056001295	-0.022367849	0.1197037513	-0.0685756531	-0.1215635777	-0.1437626285	-0.1208727865	-0.0047767088	-0.1730313342	-0.0021938976	-0.0524763035	-0.0411775481	0.060500562	0.0952401434	-0.0547961374	0.0661860358	-0.0389904941	-0.0629835757	-0.1486189543	0.0039325303	0.0813813776	-0.0513512229	-0.0364428216	-0.0052858013	0.0118841696	-0.0350269298	0.0077133187	0.1042976582	0.0510078748	0.1241560828	-0.0348937165	-0.0265792613	0.2171552902	-0.0144835978	0.1722318048	0.0047745814	0.0623332613	0.0521418469	0.0119926499	-0.0572808076	-0.1082398725	0.049033471	-0.0903776468	0.0876327994	-0.0101290257	-0.1013839798	-0.1275100165	0.0547327506879185	-0.0131312598086026	0.000172429984161	0.0029956739978658	0.0106513898402909	0.0313717297694466	0.0001134521055298	0.0009841854287271	-0.0678116797249686	-0.0106079232033807	0.0001125280346888	0.0045984239071217	-0.0002477345674613	-0.0002179501812225	6.13724159152374e-08	4.7502281494923155e-08	-0.0007930831762616	3.924574064399951e-06	1.540228158696075e-11	6.289809244691881e-07	0.0006689021184656	0.0001279141883956	1.6362039592905057e-08	4.474300440877676e-07	0.0	0.0	0.0	0.0	0.0
870.9415225622976	-4.004484032711275	16.03589236823956	758539.1357231331	1255.093971660119	-7.332669964273464	53.7680488049582	1575260.8776975716	827.4622122530777	-2.32609845274942	684693.7127067575	5.410734011883246	892.554228103056	740.1639175294321	0.984455	28.073494	0.0352829961047609	0.0161306884306549	-0.0124053999	-0.0834788546	0.2247460404	-0.0141305945	-0.0071557678	0.0178971371	0.0572821466	-0.0526015278	-0.028753998	0.1727909805	-0.1079269853	0.0277952054	0.0112906626	-0.082276536	-0.0663883543	-0.0828437849	0.0355840857	0.0143525805	0.0406156704	-0.0628851309	-0.0202811573	-0.149742845	0.0082043112	-0.0944161635	-0.171086895	0.0808781637	0.1279547732	0.1724313375	0.0885519774	-0.0043525193	-0.1142132176	-0.0186965246	-0.0012731214	0.1951027718	0.1567095518	-0.0467777956	0.1169061871	0.1980904615	-0.0417021651	-0.1912712864	-0.0488672234	-0.013823151	-0.1713665911	-0.1407140082	-0.1287846114	-0.0937831959	0.0075967403	0.1314532105	0.0336762339	0.0911483826	-0.0020152066	-0.1159006336	0.0200218851	-0.0068133138	-0.1870788907	-0.0743712762	0.0985701211	-0.0334787814	0.0348184663	-0.1045929125	-0.0540505153	-0.0303100492	-0.0075308676	0.0791482242	-0.0177246639	0.2247385428	-0.1646213929	-0.1020804443	0.0594310872	0.1355416661	0.0246492382	-0.0232918481	0.0565448162	-0.2414470281	0.1045199483	0.0183242347	-0.1026580606	0.0158234641	0.1403764849	-0.0627461395	0.0835623873	-0.118805986	0.0832637258	0.1308009016	-0.0817686371	0.0306121982	0.0349731456	-0.0482383229	-0.0009600465	-0.1852638793	-0.1151238273	-0.1484248117	-0.0972097439	-0.1168288197	-0.0194590648	0.1873304664	0.0038245274	0.0709009337	0.0014586857	-0.0274377063	0.0971286437	-0.1196979336	-0.0897897595	0.1402196048	0.134116934	-0.0003115428	0.0172125861	-0.1238691058	0.1166592099	0.1754731387	0.1368971709	0.1515156062	0.0511647411	-0.0063915341	-0.0424248825	0.0230161625	-0.0555009152	0.1139886364	-0.0049936238	-0.1082006734	0.0851211787	-0.016850859	-0.1073422654	-0.124700488	0.0497238146005116	-0.0050089360874069	2.508944072772714e-05	0.002472457738426	0.0032862779842304	-0.0073651118560605	1.079962298963742e-05	5.424487265228295e-05	-0.0571836624006394	0.0106280173243291	0.0001129547522462	0.0032699712455503	-6.425126129891407e-05	0.0001834833061623	4.128224578501333e-09	3.3666123640279856e-08	-0.0007370223586657	5.606081759589997e-05	3.1428152695207683e-09	5.432019571731518e-07	0.0006749766114466	6.074492980999999e-06	3.6899464976218245e-11	4.555934259999345e-07	0.0	0.0	0.0	0.0	0.0
872.3340788034371	1.392556241139573	1.9392128847367769	760966.7450418413	1248.3942631437578	-6.69970851636117	44.8860942042024	1558488.236250246	827.6487564288709	0.1865441757931876	685002.4640182565	0.0347987295223596	892.2926789202648	732.8797007894717	0.91392	26.062071	0.0835770844662414	0.0424642321733337	0.0504022545	-0.0965913344	0.1691714048	0.0362782644	-0.0823189758	0.1460147686	0.0518628009	-0.0377482101	-0.0737030974	0.0804908288	-0.0605961873	-0.0126242332	0.0728109961	-0.0712238753	0.0551816271	-0.0989405468	-0.0138882873	-0.0251783565	0.0994007308	-0.1590471778	-0.0641820937	-0.0074748203	-0.1008145114	0.1081256877	-0.0662314112	-0.1304995696	-0.0320967987	0.0049883088	0.0842956859	0.0784730464	-0.1941445982	-0.0452206013	-0.1787509932	0.0537463563	0.0147017083	0.0129161632	0.1020130175	-0.174738246	0.0331307345	-0.0688212605	0.0491384864	-0.1381942129	-0.0140916232	-0.0519496776	0.2550142956	-0.0190547286	-0.059799496	-0.1481892109	0.1157124655	0.1929956522	0.0045883016	0.0268746635	0.1046487275	0.1071528005	-0.0970855709	-0.0706862025	-0.1360122402	0.1130789362	0.1106452308	-0.0271537046	-0.1209085224	-0.0717570758	0.0086138142	-0.088619735	0.0243815061	0.0906324116	-0.089495201	-0.0484952978	-0.0858806986	0.0402703802	-0.0237666586	-0.0938309706	0.0664616439	-0.0772410382	-0.0095678345	-0.0706129734	0.1024620866	-0.0263177887	0.0541544352	0.0247307686	0.0111532993	0.0734447573	0.1318997621	-0.0693809079	-0.0405305403	0.2178195747	0.1517749785	-0.0335981948	-0.1415012327	-0.1276499166	-0.0238774864	0.0094782526	-0.0868497755	0.3076782017	0.0653927546	-0.1025384071	-0.0240432406	-0.0030177637	0.0709839366	-0.0249640938	0.101765685	-0.0497172496	-0.1502311672	0.2226496301	0.1173432391	-0.0162033649	-0.0803349004	-0.0473997625	0.092773594	0.106868777	0.0311935487	0.0320006888	-0.016677869	0.1116997017	0.0993268543	0.1779788705	0.0665365641	0.0227390402	0.0386039783	0.0325245446	0.0825512202	-0.0235265052	-0.1126387502	-0.1205247148	0.0558677130166103	0.0061438984160987	3.774748774734019e-05	0.0031212013577063	0.0129837635683998	0.0096974855841693	0.0001685781164001	9.404122665517332e-05	-0.085078166472762	-0.0278945040721226	0.0007781033574296	0.007238294410367	0.0002663528151155	0.0003306040764144	7.094382211995174e-08	1.0929905534182777e-07	-0.0011449180062466	-0.0004078956475808	1.6637885931544174e-07	1.3108372410276896e-06	0.0006166524075649	-5.832420388170005e-05	3.401712758434115e-09	3.8026019175558753e-07	0.0	0.0	0.0	0.0	0.0
874.6655147169889	2.331435913551786	5.435593418999051	765039.7626351352	1252.5451231512404	4.150860007482606	17.2296388017185	1568869.285529956	830.0305897896069	2.381833360735982	688950.7799864827	5.673130158314862	894.3778899094925	742.8534094532833	0.875486	24.966061	0.0509060226018802	0.0247378266525195	0.0028262927	-0.0951461956	0.0549862232	0.107301837	-0.0812814566	0.1154179058	0.0440983468	-0.0526255302	-0.0403676625	0.0822388777	-0.005776076	-0.0024479206	-0.0058501395	-0.0555605363	0.1431405906	-0.034352966	-0.0174666984	0.0761794609	-0.0004876156	-0.1242676755	-0.1278890534	0.0617338041	-0.0762569552	0.0034911194	-0.2574635285	-0.0312112557	0.0547716415	-0.0409408055	-0.0854651768	-0.0903726995	-0.0449047208	-0.1078965326	-0.0386048367	0.0062341452	0.0096267108	-0.0126320147	0.0744226934	-0.0448866151	0.0348817202	0.1193172508	-0.1398320311	-0.0326980311	-0.074300903	0.0624122076	0.0741381693	-0.0787477026	0.0272790437	-0.0353842733	-0.02110531	-0.0954018882	-0.0204093983	0.0491960607	-0.055134627	0.1350449802	0.0232726453	0.0622895867	-0.0668274868	-0.2216378737	0.0878351466	-0.1115861583	-0.1674020193	-0.0524363092	0.0425731926	-0.1208389774	0.0504743581	0.0414974734	-0.0167096883	-0.1705112328	0.0289708208	-0.0068023139	0.0146689514	-0.0631839367	0.0754637375	-0.0628285203	-0.0137875873	0.0880701849	0.0692817599	0.1058784318	-0.0908828793	-0.1081249636	0.0581171345	-0.0432576964	-0.0493164646	0.0054319242	-0.0316739827	-0.0263416623	0.0162857999	0.0315218736	0.0771078777	-0.0007043783	0.0267619333	-0.0767960754	-0.0452446036	0.0388442721	0.00120664	-0.0127302109	-0.0312895002	0.0443403259	0.1242021373	0.0297715264	0.061932449	-0.0884123005	-0.0536346702	0.2346793049	0.0889007679	0.0012323135	-0.0489740773	-0.0051109356	0.0870740843	0.1399262684	-0.0206326446	0.0007454215	-0.0501835763	-0.0245448314	0.0907388784	-0.039087829	-0.0890385908	-0.002701059	-0.0420090026	0.0262835481	0.0799246852	-0.0301376669	-0.1172407796	-0.1150284477	0.0745624929551524	0.018694779938542	0.0003494947969505	0.0055595653556871	0.0054348058796875	-0.0075489576887123	2.953711494988582e-05	5.698676218596856e-05	-0.0925617599110779	-0.0074835934383158	5.600417075000471e-05	0.008567679397836	0.000317381425144	5.102861002849999e-05	1.0073096902643649e-07	2.6039190414407304e-09	-0.0009988792196804	0.0001460387865662	2.132732718172812e-08	9.977596955093247e-07	0.0007631588416964	0.0001465064341314	2.146413524192754e-08	5.824114176593908e-07	0.0	0.0	0.0	0.0	0.0
874.8704289954372	0.2049142784483137	0.041989861511993	765398.2675306604	1255.4826616185312	2.9375384672907785	8.629132246813056	1576236.7136247514	829.0066310071509	-1.0239587824560203	687251.9942538264	1.0484915881688155	894.0727895966023	742.1611960205851	0.8742839999999998	24.931782	0.0247571287552597	0.0130857314780046	0.0324052215	-0.0519825486	-0.0298514311	0.1227320984	-0.1094234898	0.1225729852	0.0824619616	-0.0455549072	-0.009072456	0.0950152782	0.0552665078	0.0049595153	0.003292142	-0.1662473798	0.0655238386	-0.0059852031	-0.018020031	0.0175893801	0.0279450871	-0.0966707279	-0.1849300104	-0.0775102652	-0.1512761729	-0.05178762	0.0080719896	0.1529251046	-0.0580380771	-0.0526101901	-0.0671417258	-0.0410857638	-0.1371373867	-0.031545646	0.0144561602	-0.001747448	0.037987366	0.0743211533	-0.0879859851	-0.0017536087	-0.0483298977	-0.0482550166	0.2277535056	0.1547925952	0.0289689774	0.0232769578	-0.0962741266	0.0748367909	-0.1157179112	0.1302134771	-0.1238990779	-0.0054060859	-0.0645294052	0.1214579583	0.0778354561	0.1081855926	-0.0863443223	-0.0368015674	-0.1486608774	-0.0164984988	0.0621060502	-0.0491924998	-0.1151213503	-0.0793382765	-0.0508018414	-0.1371506727	0.0234842269	0.0374357448	-0.118605892	0.0273656707	0.0394884433	-0.0728594535	0.0578042703	-0.0297313231	0.1345024256	-0.0313646812	-0.0618871173	0.0821379186	-0.1192053414	0.0161058811	0.011454652	-0.0410989532	0.0717494714	0.1660594891	-0.0304353981	-0.0267536753	0.0064431935	0.0823796958	-0.0306441048	0.239684616	0.021911716	0.0301893831	0.0002810918	-0.0782540098	-0.0966128401	-0.1443180498	0.1319684665	-0.0047179975	-0.0304194936	-0.0027765231	0.1916489108	0.0846706549	-0.0809405806	-0.0044304832	0.0057465839	0.1787383113	0.0514628627	-0.0702235985	-0.0345392132	-0.0411091052	-0.0418447636	0.1355627684	-0.1021896453	-0.0445539329	-0.087704865	-0.0540363071	0.0648410765	-0.1350382804	0.0432637849	0.0130730664	-0.0913676861	-0.0440976537	0.0772433738	-0.0366662233	-0.1211199807	-0.1082719048	0.0834897697259577	0.0089272767708053	7.969627054256002e-05	0.0069705416488934	0.0100299399408072	0.0045951340611196	0.0001005996952161	2.1115257039662423e-05	-0.0955923008991277	-0.0030305409880497	9.184178680249816e-06	0.0091378879911893	0.0003289408075484	1.1559382404399993e-05	1.0820205487059353e-07	1.3361932157115212e-10	-0.0011443734567158	-0.0001454942370353	2.1168573010513133e-08	1.3095906084356688e-06	0.0007701887609623	7.029919265900031e-06	4.9419764885072426e-11	5.931907275126429e-07	0.0	0.0	0.0	0.0	0.0
876.7581474970514	1.8877185016141311	3.5634811413363003	768704.8492024613	1257.965369624946	2.482708006414896	6.163839045116626	1582476.8711756272	829.3710051465738	0.3643741394229209	687856.2641778381	0.1327685134801942	894.2632955019775	748.5384442172473	0.865755	24.688545	0.0262560563591688	0.0117157554034834	-0.0110287002	-0.0433926317	-0.0693867752	0.0980545885	-0.0932914872	0.0862961808	0.0871487641	-0.0054559855	-0.0654172394	-0.0059947513	0.0697088405	0.0178919956	0.0237154744	0.0240684762	0.0927001646	-0.0546325032	0.0462196884	0.03555934	0.0181014907	-0.0980126914	-0.1866639816	-0.1002007355	-0.0132884907	-0.1323452981	0.0456634141	0.0519898117	-0.0356750024	0.0569645942	-0.0017839439	-0.0659112961	0.1307924516	-0.0783642666	0.0825808775	-0.0628492093	0.0144765177	-0.028803023	-0.0335145078	0.0918752676	-0.0553771723	0.0534057618	-0.0666773827	-0.1588338885	-0.0522284692	-0.0869070697	0.0578351669	0.1467552386	-0.0649058314	0.0507753548	-0.0028988555	-0.1846258039	0.018242537	0.1998435308	-0.0514422547	0.0850103666	0.1198069739	-0.0550759765	-0.0279276535	-0.0226071789	0.0383601818	-0.0008496589	-0.1665274438	-0.068919111	-0.0356484398	-0.033100458	-0.034272665	-0.0004127082	-0.0060424039	-0.005426824	-0.0357881724	-0.1157083408	-0.0077681497	0.1377037834	0.0509890889	-0.0533421037	-0.1401822354	0.1142734289	-0.0547073809	0.1225937362	-0.029766049	-0.1417031458	0.0667597173	0.03121554	-0.118280408	0.0342046191	-0.0770965573	0.0147725233	-0.0994706988	-0.0849048315	0.0631190159	-0.0275633128	0.0854891107	-0.0937164918	0.0518248576	-0.0423030541	-0.0360900107	0.1482933199	-0.012112456	0.0175751124	0.146214102	0.1116891001	-0.1252777396	-0.0293637024	0.0145236886	0.0831660802	0.052050303	-0.0127012214	-0.1593230298	-0.0035338074	-0.0006222528	0.0533164563	-0.081790666	-0.059673612	0.0440975311	0.0821898744	-0.0529571267	0.1132681297	0.0679580113	0.0149057843	-0.2287291708	-0.0224409508	0.0745091236	-0.0430942802	-0.1242524367	-0.1003291122	0.0867981172007716	0.0033083474748138	1.0945163014107509e-05	0.0075339131495988	0.0031296056852028	-0.0069003342556044	9.794431744853688e-06	4.761461283906753e-05	-0.1012418079780133	-0.0056495070788856	3.191693023437856e-05	0.0102499036826569	0.0002999568003006	-2.898400724779998e-05	8.997408204657404e-08	8.400726761405218e-10	-0.0010578706563304	8.65028003853999e-05	7.482734474516342e-09	1.1190903255249114e-06	0.0008626593043264	9.24705433641e-05	8.5508013900519e-09	7.441810753409084e-07	0.0	0.0	0.0	0.0	0.0
878.1754881574204	1.4173406603690637	2.0088545475354134	771192.1880005237	1259.3596935709015	1.3943239459554206	1.9441392662646948	1585986.837790995	830.5398866608815	1.1688815143077136	689796.5033346699	1.3662839944902936	894.6141940343415	753.9366167788767	0.89663	25.568996	0.0249507288705387	0.0148383763364481	0.004104507	0.0519896282	-0.1773563504	-0.0268960688	-0.1203873449	0.0704132448	-0.0233439063	0.0327348141	-0.0686406097	-0.1112532175	0.1197214021	0.0355589	0.1291319332	-0.0171629171	0.0839655778	0.0036317255	-0.0852812256	-0.1094284076	0.0571194875	-0.0411413295	-0.0671434867	0.0862157948	-0.0884063427	0.1052844115	0.0633704913	0.0378696516	0.0221828137	-0.0192503838	0.2146278439	-0.1043557907	0.0765247532	0.1034430231	0.0455836711	0.2343316948	-0.0551809994	-0.0958325948	-0.0801036339	0.0197636568	-0.0377105894	-0.1201541654	-0.2032101425	-0.0323739835	-0.0739389958	0.1280547621	0.0431645953	-0.072973325	-0.0967692814	-0.1682240839	0.0085335595	0.0318868619	0.083493447	0.0137513648	0.026414333	-0.0159010584	-0.1253368891	0.0012253414	0.0029453861	0.0734797149	0.0382510316	0.1023277645	-0.1292873386	-0.0913802718	-0.008287966	-0.0072507908	-0.0221784072	-0.1338736074	0.0518179487	0.2192860318	-0.0789354656	0.0787909135	0.0360586313	0.0209585055	-0.033534262	0.0330018282	0.080239934	0.125592585	0.0221674746	-0.079155953	-0.1216605788	-0.0437978449	0.0712264824	-0.1017874976	0.0898521196	0.0046770539	0.0511365187	0.0997616244	-0.0818042692	0.0014318452	0.0770534392	-0.1480595304	-0.0319406914	-0.0542613136	0.1177080728	0.0017493394	-0.1219626077	0.0788295345	0.0117299814	-0.0548724597	0.1285612631	0.1390058402	-0.1427478404	0.1516771191	-0.0637228226	0.0503477327	-0.0193147952	0.0188675345	-0.087980187	-0.0726953419	-0.0640254208	-0.0646890952	-0.0871183817	-0.0652376373	0.0741224192	0.0067179942	-0.1461795099	0.0755042674	0.0414545278	-0.0512112158	0.0521592359	0.0590438611	0.0717238087	-0.0494042187	-0.1266188352	-0.0912870929	0.0772053653755477	-0.0095927518252239	9.202088758033646e-05	0.0059606684427718	0.0031035606849911	-2.6045000211700163e-05	9.632088925422426e-06	6.783420360274614e-10	-0.101740713865567	-0.0004989058875537	2.4890708463575014e-07	0.0103511728578751	9.099350065411168e-05	-0.0002089632996464	8.279817161289822e-09	4.366566059914807e-08	-0.001144960846158	-8.709018982759999e-05	7.5847011642074e-09	1.3109353392348433e-06	0.0008620522706495	-6.070336769000437e-07	3.6848988489078666e-13	7.431341173319588e-07	0.0	0.0	0.0	0.0	0.0
878.8744871933752	0.6989990359547846	0.4885996522657183	772420.3642394183	1264.3284480553548	4.968754484453257	24.68852112677435	1598526.424562062	831.0043573389219	0.4644706780403567	690568.2419162745	0.2157330107592686	896.278225784078	761.8566246797263	1.061331	30.265755	0.0552783144465033	0.0323606129377062	-0.0909927755	-0.0005193902	-0.062950458	-0.14914685	0.0855587919	-0.0614987823	-0.0678210474	-0.0068237736	-0.0631893928	0.0059525619	-0.0601740144	0.1762599938	-0.1020549542	-0.1048907368	0.1588489346	0.0392793109	0.111395176	0.1366678859	-0.0157864444	-0.0537666064	-0.1342654719	0.1168740247	0.0388214835	-0.1122154226	-0.0595830773	0.109519868	-0.1518685881	-0.0557165686	-0.0426018854	0.0109846085	-0.0509814889	0.0077768295	0.2035474013	-0.041037365	-0.0612289482	0.0054269552	-0.1756406458	-0.0762005961	0.1770301734	0.0551371426	0.1873268215	0.0547740088	0.1494611561	0.0912920268	-0.010394037	-0.0860117778	-0.0651976085	-0.073411039	0.0806571912	-0.0264697671	-0.0057551425	-0.0870265594	-0.1292795581	-0.1300061068	-0.0251833656	0.0295223684	-0.0805445158	0.2267812673	-0.016145498	-0.1431695317	-0.1427640519	0.1177190237	0.043400476	-0.0017784636	-0.0472862213	-0.0801493359	-0.0506192344	0.0099799146	0.1284086642	-0.1646086942	-0.1078907416	0.1541390668	-0.0485951634	0.0838178393	-0.0679507544	0.0638196124	0.0324087113	-0.032868136	-0.2049387892	0.0139425592	-0.0156634047	0.2191083631	-0.0188973225	0.0054152232	0.149374932	0.0249848436	0.013702715	0.2109655053	-0.0966342464	0.0298549609	-0.059866589	-0.0563619995	-0.042199991	0.0101263937	-0.164116928	-0.1592429527	0.0310175288	0.1416058733	-0.1094172128	0.240289737	0.0012414753	-0.0579237268	0.0253847626	-0.0837012937	0.0459296768	0.180270497	-0.042689956	0.0206205255	0.1295498764	0.1361541247	0.0476421382	-0.1997246421	0.1099478758	0.0439635531	0.062304897	0.1551442732	-0.1751157043	0.0726666075	-0.0266526101	-0.1639538259	0.0688893378	-0.0555787436	-0.1282045865	-0.0812449131	0.0741533070239199	-0.0030520583516278	9.315060181741045e-06	0.0054987129425837	0.0310791363763769	0.0279755756913858	0.0009659127179014	0.0007826328352644	-0.0982816385006728	0.0034590753648942	1.1965202380017971e-05	0.0096592804663769	-0.0001581022232195	-0.0002490957238736	2.4996312986948613e-08	6.20486796521186e-08	-0.0011450549722482	-9.412609020009213e-08	8.859720856355877e-15	1.3111508894703264e-06	0.0006954100198414	-0.000166642250808	2.7769639754389682e-08	4.835950956958164e-07	0.0	0.0	0.0	0.0	0.0
877.3940433194366	-1.4804438739386114	2.191714063882363	769820.3072524294	1264.0238394700843	-0.3046085852704436	0.0927863902204611	1597756.2667486935	830.2433839567074	-0.7609733822145017	689304.0766038846	0.5790804884389781	894.3436202063239	753.6339907263905	1.073325	30.60779	0.1086277971494574	0.0663643353072216	-0.014968002	0.0381269221	-0.0394743067	0.1218282428	0.0430766207	-0.0177359964	0.0122618445	0.0416916346	-0.0947997318	0.026813594	0.0666881428	0.1373294474	0.0228764261	-0.022474909	0.0795872951	0.1933562246	0.0322597968	-0.2143344726	0.0215952373	-0.0181722414	-0.1488255994	-0.1597050776	-0.0050093011	-0.1374666447	0.1374349876	-0.166951754	-0.0355851618	0.0702219889	-0.0494315413	0.0202822445	0.0321761431	-0.0171704411	-0.0064536178	0.0445635204	-0.1238960814	-0.0835552195	0.0122448091	0.087526298	0.0888186499	-0.1953966398	-0.0485496924	-0.0369270888	0.0137705527	-0.0637211124	-0.1215751491	0.0708308388	-0.0339551395	-0.1232544523	0.0460507778	-0.0268573603	-0.0493558957	0.0095634696	-0.0836901998	-0.023284318	0.0157221409	0.0373103406	0.0530488944	-0.1553181294	-0.0499539192	0.0588034689	-0.1443003584	0.00423594	-0.1763433532	-0.0172587298	-0.0588085594	0.092174181	-0.006142477	0.0585116027	-0.0277912447	0.0366341186	-0.0648847066	0.1364697909	-0.0304387272	-0.0478195532	-0.0468469643	-0.0326228825	0.0962974647	0.0448652684	0.0977756357	0.0135321226	-0.0161731739	0.026969543	0.0768074169	0.0195564706	-0.1096476622	0.1074450164	-0.0620160807	-0.203189562	0.1413219727	0.0115436892	-0.0335890338	0.0956215026	-0.029403779	-0.1342220647	0.0751631939	-0.0241442834	0.0447362695	-0.0582549329	0.1036518679	0.0404800147	0.0616347894	-0.029383249	0.0956877714	-0.0619070436	-0.1075068452	-0.0112506255	-0.0936669428	-0.1036964223	0.1850522524	0.125818478	-0.1960498106	-0.1111455026	0.0307787594	-0.0521392318	-0.0737130823	0.0727211448	-0.1056473402	0.026635469	-0.0871487092	0.1363935914	0.0660076536	-0.0616009311	-0.1289999139	-0.0703125971	0.0742593593389102	0.0001060523149903	1.1247093514803292e-08	0.0055144524494253	-0.024606654042941	-0.0556857904193179	0.0006054874231889	0.0031009072546241	-0.111256910704462	-0.0129752722037892	0.0001683576887624	0.0123781001795006	0.0004709943138632	0.0006290965370827	2.2183564369146654e-07	3.95762452969445e-07	-0.0011442974070523	7.575651959001659e-07	5.739050260392567e-13	1.309416555786617e-06	0.00086276956179	0.0001673595419486	2.80092162812452e-08	7.443713167513087e-07	0.0	0.0	0.0	0.0	0.0
878.9858781320335	1.5918348125968578	2.533938070595273	772616.173955542	1262.9083141297783	-1.1155253403060217	1.244396784864865	1594937.4098981188	831.0498188752246	0.8064349185171977	690643.8014525436	0.6503372778038393	895.2351072249874	757.0648786890858	0.966944	27.574146	0.1181181022345053	0.0767170857581963	-0.0178963181	0.047406811	-0.1079608386	0.0199262057	-0.0150751638	0.0163746739	0.033622049	0.1904120022	-0.0768396781	-0.0344573344	0.100910786	0.1282212146	0.0853054564	-0.0150657813	0.0221188037	0.0565193444	0.0813326831	0.0177936436	-0.0466321709	-0.0790634981	-0.1764484434	-0.0041935076	-0.2199682353	0.0023217963	0.194045579	0.0531004582	0.1235728479	-0.0564654411	0.0760110804	0.1756819784	0.1371823757	-0.0533569835	-0.0121904205	-0.0237477356	-0.2275569426	0.0165333223	0.0588565575	-0.0123851992	-0.020347107	-0.1372722762	-0.1272274432	0.1149351592	0.0090893707	0.0114342426	0.0912473741	0.1410742012	0.1441121343	0.0972055248	-0.0254969453	0.135378193	0.0951037203	-0.0294039557	-0.1160609404	-0.0576456173	0.0455300569	-0.0549710073	-0.0586490726	0.0544821629	-0.0454206023	0.1002124886	-0.1693273006	-0.0688828973	-0.1070090492	-0.0377245638	-0.096676404	-0.2167742105	-0.0558896221	0.058392269	-0.1211685484	0.0060131175	0.0950989262	0.0803884992	-0.0604861628	0.0094407842	-0.2230879493	-0.0661021545	0.0413143852	0.1028531352	-0.0758099988	0.2757250971	0.0967964346	-0.1325641781	0.1313216086	0.1042202447	0.0408415532	-0.0636214761	-0.0820865577	-0.0808963263	-0.000169606	0.0963390009	0.0438388109	0.1152637294	-0.1362208505	0.0160377223	-0.0502745249	0.0711082208	0.0657580197	-0.0562722468	0.033893542	0.0441591413	0.0255973883	0.1071610732	-0.0940258166	-0.0136167595	-0.1808193794	0.1165233925	-0.1907126215	-0.0203431788	-0.0142195437	-0.0181660511	0.0159961624	0.0109484018	-0.0128245279	0.1090169847	-0.0663964426	-0.1213681858	0.0565249628	-0.0585146602	0.076941587	0.0385507879	0.063080731	-0.0674542747	-0.1289999139	-0.0586099215	0.0709163398071979	-0.0033430195317123	1.1175779589409938e-05	0.0050291272516499	0.0453436101131785	0.0699502641561195	0.0020560429780959	0.0048930394555108	-0.1078176948767435	0.0034392158277185	1.182820550962945e-05	0.0116246553285345	-0.0001151439783269	-0.0005861382921901	1.325813574494562e-08	3.43558097571527e-07	-0.0011450358321312	-7.384250789001581e-07	5.452715971487049e-13	1.3111070568643895e-06	0.0006219342246799	-0.0002408353371101	5.800165960093554e-08	3.8680217982818833e-07	0.0	0.0	0.0	0.0	0.0
879.0296680965203	0.0437899644867911	0.0019175609897544	772693.1573938786	1268.302443438814	5.394129309035634	29.096631002597245	1608591.088032866	830.8429920898934	-0.2068267853311454	690300.0775048867	0.0427773191304157	896.1325738453795	761.5165243108564	1.034214	29.492477	0.1207349452273913	0.0689081518276956	-0.0753184163	0.067011352	-0.082915126	0.0680316971	0.194291333	-0.1580839533	-0.0981399634	0.156529451	-0.0418888619	0.0949458968	-0.0144826965	-0.1115131135	0.0106884836	-0.0962952739	0.1291848331	-0.1768079823	-0.0534374357	0.0195005182	-0.0261172984	-0.0918425463	-0.0184303186	-0.0070488172	0.0744652874	-0.2468803389	0.1182363306	0.0780520031	-0.0079936778	-0.0756384082	0.004034561	0.062031833	0.0165740021	0.1129230872	-0.2768113609	-0.0889584481	0.0290566193	-0.0627528986	0.0802806205	-0.1890345875	0.1883902356	0.0679232994	-0.030153178	0.0798139345	0.1125429153	-0.0743181785	0.0078471623	0.0050630652	-0.0561725211	-0.019353668	-0.0572326208	-0.1624521426	-0.0584161717	-0.0044286615	0.0785007565	-0.0002762824	0.0639374556	-0.0728070947	-0.0045501789	0.1447181506	-0.1085902001	-0.0913799029	-0.0755159167	0.1323637014	-0.1664886006	-0.1000270915	-0.0772978958	-0.0471089827	-0.0776595101	-0.0089778084	-0.0782045239	0.0503072906	-0.099279452	-0.1462201111	0.0075728591	0.1448526307	-0.1167554304	-0.0655995995	-0.1177509286	0.1803348231	-0.0583456454	-0.0013744161	-0.0362738427	0.1140438125	-0.0120638326	-0.1073281137	0.127906778	-0.0001368928	0.0598841289	-0.121808673	-0.1691362342	-0.0140920325	-0.0238532071	0.0395846616	0.1567472853	-0.0029699357	-0.1965861717	0.0669093504	0.095412346	-0.0275501148	0.0335630567	0.0875029185	0.1457980036	-0.0677037645	0.1711494421	0.0348302951	-0.0654554043	0.1306912788	0.0513765988	-0.1037904989	-0.1139134155	-0.1291352691	-0.0091665518	-0.0359131434	0.0277875472	-0.1560743529	-0.0159284238	-0.0105138564	-0.0852846893	-0.1162790941	-0.1044326391	-0.1740358185	0.0601105761	-0.0731227308	-0.1282045865	-0.0462651033	0.0479667118493409	-0.022949627957857	0.000526685423404	0.0023008054456377	-0.015295520580409	-0.0606391306935875	0.0002339529498257	0.0036771041712739	-0.0853160896335012	0.0225016052432423	0.0005063222385227	0.0072788351503516	8.980572479248987e-05	0.0002049497031193	8.06506820550443e-09	4.2004380808726046e-08	-0.0011449760953559	5.973677530001116e-08	3.568482323244024e-15	1.3109702589364431e-06	0.0005340520379205	-8.78821867594e-05	7.72327874961406e-09	2.852115792070392e-07	0.0	0.0	0.0	0.0	0.0
880.2469588014534	1.2172907049331343	1.481796660316607	774834.7084792076	1272.1498568003417	3.8474133615277424	14.802589574462203	1618365.25815713	832.9872624037346	2.1442703138411616	693867.7793268681	4.597895178820473	898.3700041829666	760.8974526803705	0.9751240000000002	27.807419	0.0878560354618983	0.0553674405761878	-0.0666803049	0.130420239	-0.0381134724	0.1418484445	-0.0091120671	-0.1061178138	0.0576885716	0.1640111334	0.0031117751	-0.0182496723	0.0680387859	-0.0190813467	0.0595835303	-0.1622320732	0.0205039498	-0.0781197756	-0.0372629107	-0.1604452145	-0.0421767483	0.1259876478	-0.124280947	0.0826799914	0.0053593128	-0.001078836	-0.2069987244	-0.127855516	0.0369451767	0.113243088	-0.0577187827	-0.1525657045	0.0194864298	0.0282133246	-0.0272940583	0.0452851432	0.0376266222	0.0227852523	0.0814644399	-0.1254251613	-0.095068591	0.0221235089	-0.0204511507	0.2746633847	0.0784958911	-0.0798417571	-0.054862025	0.0182030305	0.0293252017	0.0231300738	0.0076483896	-0.0375592249	-0.160395471	0.0430542293	-0.0034212034	-0.0941163658	0.1470843107	0.1232798359	-0.0960427719	-0.0655098805	-0.1285248616	0.1036696335	-0.0179964957	0.0044700045	-0.0170683815	-0.0917578354	-0.1039471195	0.0724805233	0.067112551	-0.0708897224	-0.0839275989	0.2021782434	0.0349075754	0.0133200753	-0.0178605622	-0.0441484196	0.2339815194	0.1081510023	0.0504985849	0.1872864063	-0.0831778307	-0.0119077323	-0.0718482745	0.0193158429	0.0066130064	-0.0271298393	-0.0869557265	-0.1707272523	-0.0840858646	0.1500955376	0.0577286295	0.1153768852	0.148208191	0.0887122658	0.0988059138	0.0432533304	-0.0129127417	-0.1172550224	0.1321702554	-0.1124373721	0.1450262331	0.0123756787	0.0773971491	0.0229903476	0.0192771903	-0.0472351121	-0.2367814241	0.1135025538	0.0481967374	-0.1907130457	-0.0886322795	-0.1147875482	0.0277007748	0.0281000064	0.0353766696	-0.0537595618	-0.0920719016	0.0428934299	0.1294119475	0.0314656477	-0.1270555575	0.0788690305	0.0570992244	-0.0785907625	-0.1266188352	-0.033413395	0.047982113736424	1.540188708309964e-05	2.372181257205516e-10	0.0023022832386151	0.0314874814676358	0.0467830020480448	0.0009914614891747	0.0021886492806273	-0.114642870149666	-0.0293267805161648	0.0008600600554433	0.0131429876761531	5.260133332676538e-06	-8.454559145981333e-05	2.7669002677534785e-11	7.1479570352896624e-09	-0.0011959989747187	-5.102287936279999e-05	2.60333421847084e-09	1.4304135475281818e-06	0.000435003488531	-9.90485493895e-05	9.81061513616422e-09	1.8922803503413985e-07	0.0	0.0	0.0	0.0	0.0
875.7366304028689	-4.510328398584534	20.343062263078124	766914.645829371	1261.3157084515988	-10.834148348742929	117.37877044256912	1590917.3163867586	831.1702685894583	-1.816993814276316	690844.0153870722	3.3014665211183947	896.8166534625191	747.2891846870068	1.147018	32.709259	0.1209692820318659	0.072566540852043	0.0506766754	0.0421664331	0.0423424658	-0.1782863055	-0.0863208756	0.0303363458	-0.0135527118	-0.0417910386	0.0311562168	-0.133733991	-0.1081774559	-0.0427866751	0.1012926917	-0.1192873808	-0.0385281602	0.0977984762	0.1476456285	0.0964733852	0.0523646425	0.1153957117	-0.0329205181	0.1470429271	0.0886243428	-0.1713838093	-0.0023258691	-0.0463157545	-0.0735647411	0.0394533445	0.1478868896	-0.0796567007	-0.0437437655	-0.0109249756	0.1553174007	0.2401961481	-0.0951570671	0.107187236	-0.0533842045	-0.0181035091	-0.2464274931	0.102999942	0.1422614331	0.1053827369	-0.0759014153	-0.1086671688	0.0860932749	0.1023816199	-0.0036150826	0.0304981273	0.1341610087	0.1399841654	0.0118303865	0.1224807104	0.1320721548	-0.0137191801	-0.0234042403	0.1003409913	0.002762585	0.0753753357	-0.0132992861	0.1244502417	0.048767401	0.0998392416	0.1217429646	-0.0333308295	-0.2173542873	0.0210404265	-0.0758676523	-0.0629802857	-0.101477162	-0.1135229452	-0.1309208237	0.1175322939	-0.1214927291	-0.1542553383	0.1932735024	0.0377705265	0.0540068599	-0.1971140059	-0.0886107261	-0.0173008688	0.0572566724	0.0724559513	0.0821783858	0.0146284312	-0.1242456914	-0.0578979039	0.0250588705	0.2161728339	-0.0312802606	0.1159595953	0.1052256995	0.135932129	0.041270395	0.1048904047	0.0247125199	0.225250139	0.0658530845	-0.0582116478	-0.0986929438	0.1955825433	0.1513611245	0.1539652217	-0.0899223486	-0.2081131548	0.0734554132	-0.0454036498	-0.0209899283	0.1418007579	-0.1392826787	-0.0091630007	-0.1743560721	-0.0113944021	-0.1665411937	0.0128476455	0.1766563702	0.1112242807	-0.153541623	-0.1914221857	0.073875897	-0.0138238774	0.0540487397	-0.0838433825	-0.1242524367	-0.0201956026	0.0481739541248202	0.0001918403883962	3.6802734620005926e-08	0.0023207298560202	-0.031846462280697	-0.0633339437483328	0.0010141971597958	0.0040111884307169	-0.0912987544640202	0.0233441156856458	0.0005449477371448	0.0083354625666814	0.0006347502893851	0.0006294901560524	4.029079298744682e-07	3.962578565669045e-07	-0.0011443616336448	5.163734107390002e-05	2.666414993182282e-09	1.3095635485581956e-06	0.0004358636355945	8.601470634999838e-07	7.398529708476452e-13	1.899771088336551e-07	0.0	0.0	0.0	0.0	0.0
877.4853509060794	1.7487205032105066	3.058023398348808	769980.5410547652	1263.9774245633423	2.6617161117435444	7.084732659515172	1597638.9298057796	832.2000227934952	1.0297542040369765	692556.877937494	1.0603937207318266	896.4575840231261	749.5347410958527	1.140649	32.527645	0.0754999673964935	0.045202827810508	-0.0902282121	0.0323083133	0.2151663506	0.1106418327	0.0365764875	-0.0970339958	0.0445999452	-0.1488123204	-0.093422189	0.0812962646	-0.2733396122	-0.0812103382	-0.0866388217	-0.1507534186	0.03418465	0.0487582143	0.1395890592	-0.0999155631	-0.1014599639	0.0507630212	0.0673926229	0.0876829819	-0.0888019646	-0.1434343365	-0.0483971259	-0.1409483723	-0.0352955647	0.1489354653	0.0708068736	0.0339482807	0.0572152903	0.1796022415	-0.1021041994	-0.0152944237	-0.0290908358	0.0040808746	0.1279318197	-0.0414249727	0.0303355051	0.1093536154	-0.0161435372	0.0196776501	-0.0678577672	-0.1461035088	-0.1284553628	-0.1395929482	0.0489052864	-0.0927283296	-0.1147946038	0.0230263323	0.0193741033	-0.0383247582	-0.0341039753	-0.213441991	-0.1595857866	0.0616769518	0.0017300977	-0.0148657485	-0.1478340156	-0.0699599637	0.0038252004	0.1633511322	0.0563864508	-0.1478934448	0.086723314	0.1784156623	-0.0766612718	0.1527764639	-0.253221972	0.0010513256	-0.1639137973	-0.0616751077	-0.048487538	-0.0280806288	0.0952737535	-0.1568810762	0.0337384067	0.0483959674	0.0770847032	0.0237395776	-0.0822190003	-0.133504519	-0.017303784	0.2237125612	0.1321803095	-0.0853923331	-0.0235922133	-0.0426009477	0.0393614288	-0.0336379281	-0.0416725385	-0.1011148363	0.0390604777	-0.0383556602	0.0512369534	-0.210122691	0.1335619009	-0.0365966918	0.0848673596	0.0443562468	0.239066156	-0.1635801775	-0.0454139418	-0.1461247068	0.0089890953	-0.0553688644	0.1079711551	-0.0163445137	-0.0193089876	-0.2443812682	-0.0554045232	-0.1692525745	0.0919883145	0.0319696908	0.0754935027	-0.1858137012	-0.0333972267	-0.038888054	0.0044483771	0.0519810211	0.0509612127	-0.0888661936	-0.1211199807	-0.0067565429	0.0480536479528268	-0.0001203061719933	1.4473575019705366e-08	0.0023091530815742	0.0093475972313257	0.0411940595120227	8.737757399908791e-05	0.00169695053908	-0.0869219851491678	0.0043767693148523	1.915610963543352e-05	0.0075554315022721	0.0004669710231883	-0.0001677792661967	2.1806193649752785e-07	2.814988216553666e-08	-0.0012643269073364	-0.0001199652736916	1.4391666891900513e-08	1.598522528614826e-06	0.0007442957436586	0.0003084321080641	9.51303652848647e-08	5.539761540283085e-07	0.0	0.0	0.0	0.0	0.0
876.6905545391262	-0.7947963669531646	0.6317012649219494	768586.3284181206	1258.3612855518138	-5.616139011528503	31.54101739681235	1583473.1249756136	831.5976549460953	-0.6023678473999325	691554.659711845	0.3628470235812284	897.5747121279541	746.6673163683606	1.086314	30.978195	0.0551870750247887	0.0260249045485238	0.0588742935	0.0469628264	0.0348978357	-0.0263698097	-0.101636401	0.0769675006	0.0627620563	-0.0280805389	-0.102318174	-0.0156154277	-0.0265614135	-0.0712391717	0.00619687	-0.1475310667	-0.0135882589	0.198721641	0.1063081728	-0.0228316608	0.0659648141	0.0679153847	-0.1531283723	0.1291673924	0.1070222878	-0.0106698773	-0.0274220075	0.0438412082	-0.057293582	0.0194331998	0.1000516276	-0.0465036163	0.0961397817	-0.0036866907	-0.1424321732	-0.0669044462	-0.1178248693	0.0487078533	-0.0940060227	0.0092434287	-0.0537698732	0.0738748422	0.0015503143	-0.0195359437	-0.0490637614	0.0551788114	0.0066009924	-0.0441645789	0.0606122332	-0.1911951127	0.0995574274	-0.0537289096	-0.1113415455	-0.1363212099	0.0148345738	0.033221575	-0.0102823202	0.0013037899	0.3110784708	0.0430970143	0.0327091425	0.0863996039	-0.0851098816	0.0890322364	0.1407383684	-0.101760507	-0.1023273567	0.2152171606	0.0530588092	-0.014707776	0.0123736632	0.0271713328	-0.1307902032	0.0640519885	-0.0764015639	0.1148778997	0.0179540361	0.0977105196	0.0103721959	-0.1823775008	0.101055215	0.1570543803	0.0537029607	-0.0240769789	0.0287502336	-0.146806837	0.0750455753	-0.099672381	0.020482778	-0.0363438831	-0.029750817	-0.1746794086	-0.1165835261	0.162792837	0.1531476885	0.03708876	0.0801461934	-0.0570256887	0.0707647659	-0.1192095322	0.0260413692	0.1836244956	0.1723332531	0.0501431677	-0.0758894699	-0.076664698	-0.0225460638	-0.1960338505	0.0194961451	-0.0721996829	0.0611067785	-0.1883291133	0.0265505601	0.1607247094	-0.0192833615	-0.135083554	0.1562195275	0.0393022759	-0.0142028308	-0.1665814477	0.137311546	-0.1396410332	0.0478387595	-0.0936454286	-0.1172407796	0.0067565429	0.0578647022367277	0.0098110542839008	9.625678616165012e-05	0.0033483237649451	0.0032904598943304	-0.0060571373369953	1.0827126316196828e-05	3.668891271922252e-05	-0.1054268461628353	-0.0185048610136675	0.0003424298811351	0.0111148198918421	0.0006588451541964	0.0001918741310081	4.3407693720807813e-07	3.6815682150113536e-08	-0.0012183141575736	4.601274976280003e-05	2.117173140734054e-09	1.484289386544271e-06	0.000565902176625	-0.0001783935670336	3.182426475897157e-08	3.202452735089127e-07	0.0	0.0	0.0	0.0	0.0
874.5575195652322	-2.1330349738940413	4.549838199855153	764850.8550280915	1271.0465743960317	12.685288844217894	160.91655306123894	1615559.394283887	830.444366889713	-1.15328805638228	689637.8464988563	1.330073340994017	895.3762707617975	747.1590337894133	1.152695	32.871151	0.1075907696890294	0.053306424065599	-0.096493081	0.0777240487	0.2480562834	-0.0545164713	-0.0070189866	-0.0788354115	0.0894206882	0.0129946798	-0.1110275077	-0.068718593	-0.1637815871	0.2776395042	0.0166932696	-0.0314682347	-0.1019075699	-0.1131333779	0.1966105685	0.0309397319	-0.0371647411	0.002515004	-0.1156210627	-0.0337054199	0.3436498893	-0.0567101935	0.0661071856	0.2238087941	0.1360768892	-0.1339217731	-0.0526494991	0.1170882483	0.0108765937	0.1702014269	-0.1135790887	0.151252888	0.0220233962	-0.0771490367	0.0210304621	-0.1216525292	-0.0226697231	0.0959446534	-0.0411513921	-0.0439547326	-0.0330883718	-0.1022240144	0.0226554919	0.0104859177	0.0480940604	0.0489661004	-0.128508921	-0.0357404564	0.0652510315	0.0377004753	0.0438111813	0.0080144175	-0.0037344035	0.0728977287	-0.0345808113	0.0628503413	-0.1350062244	0.0563869732	-0.1239985253	0.0980155678	-0.0339456798	0.1826906688	-0.2422478271	0.1401384834	-0.0054919568	0.0866522465	-0.0451757548	-0.1595125475	0.0898804742	-0.1828876647	-0.197851545	0.0581852717	0.1082553754	0.0228842185	-0.2023662696	0.0705570286	-0.0302304651	0.0250642246	-0.0783613418	-0.0794356891	0.0563078491	0.0434938671	-0.0277405636	0.1121251709	0.0951678968	-0.0502929436	-0.1176767663	0.0317238044	-0.1064073277	-0.1921513351	-6.17401e-05	0.0479100171	0.0179571838	0.0753918505	0.1456652057	0.0107241697	-0.0018650309	0.1910354439	0.1367234262	-0.1354819274	-0.0401196955	-0.2883845072	-0.079568771	-0.0865471247	-0.1311619279	-0.1853231654	0.0435870194	-0.0390378238	0.1072384148	0.1227890419	-0.0248794372	0.1751264636	0.1026497993	-0.0952393988	0.1583401699	0.1964189695	-0.0668071886	0.082738339	0.0446835199	-0.098167988	-0.1126387502	0.0201956026	0.0698129002876584	0.0119481980509306	0.0001427594366642	0.0048738410465745	0.0145253339047997	0.0112348740104693	0.0002109853250459	0.0001262223940311	-0.0844255819307449	0.0210012642320904	0.000441053099346	0.0071276788843449	4.133183903419968e-06	-0.0006547119702929	1.708320917948992e-11	4.28647764044916e-07	-0.0011449984352671	7.33157223065e-05	5.375195137323821e-09	1.3110214167641076e-06	0.0011060031519363	0.0005401009753113	2.917090635322176e-07	1.2232429720930305e-06	0.0	0.0	0.0	0.0	0.0
867.4123340319575	-7.1451855332746845	51.05367630491784	752404.1572307681	1241.490103801698	-29.556470594333632	873.5849539937087	1541297.677837551	828.5900626818016	-1.8543042079114684	686561.4919750318	3.4384440954781783	894.159072710412	669.1623507873921	2.101364	59.924145	0.444813366645017	0.2464173646885598	0.6779605445	0.3021238543	0.0565067714	0.0636448304	0.1495904855	0.284428297	-0.1379029701	0.4268323841	0.0210808956	0.0243668925	-0.2363290054	-0.1421430136	0.1305226971	0.0455751988	-0.0597256509	0.3414239136	-0.2011127225	0.017176945	0.4975062825	0.4727607393	-0.0323271785	-0.088126853	-0.1229581406	-0.0818411437	-0.0480903676	-0.0056523808	0.0856822762	-0.060873415	-0.0952940203	0.0705392583	-0.0374880541	-0.0354447759	0.046401351	0.0085369854	-0.0431340521	0.0131339043	0.1116442003	-0.0042521285	0.0286979364	0.0208772959	-0.07692702	-0.0988749952	0.0307380296	0.1690268617	-0.0219344073	0.0465224659	0.2894707244	-0.041426117	-0.0160297284	0.0095275357	0.0157512341	0.0193635215	-0.0208051534	-0.0214446534	0.020746344	-0.0151939964	0.1031742395	0.0097003133	0.2054530164	0.4713209613	0.0139525291	0.3223790559	-0.1756035877	0.0480616722	0.22675924	0.0023381196	-0.0600740189	-0.3455349703	-0.0675551673	0.1634759262	0.0354185628	0.1610627053	-0.0346986685	0.260085994	-0.0414643679	-0.0588425317	-0.0205181267	-0.0985981945	-0.0116805551	-0.1276066208	0.011769232	-0.1815885459	-0.1200540294	0.0479227242	-0.0966800372	0.0537345376	0.0217308465	0.0414188396	-0.0804967128	-0.0115736956	0.0191512469	-0.0356144761	0.0373747003	-0.0530818664	-0.0070978781	-0.0075179502	-0.1431075627	-0.7240126313	-0.2137559034	-0.0165587898	0.0148705505	-0.0163522619	0.1618487448	0.1314079953	0.1903045937	-0.0096766711	-0.1003713849	0.1536680549	0.088996898	-0.1438667673	-0.0027516111	0.112130118	0.1255710296	0.0342977288	-0.1355424938	0.0286884352	-0.1673649579	0.158327323	0.0641288288	0.0409289245	0.0414976565	-0.1024214758	-0.1073422654	0.033413395	0.1243929892988404	0.054580089011182	0.0029789861164685	0.0154736157867014	-0.0426560344375559	-0.0571813683423556	0.0018195372739379	0.0032697088855041	-0.2313759574371303	-0.1469503755063854	0.0215944128614676	0.0535348336799487	0.0031856029229975	0.003181469739094	1.0148065983010215e-05	1.0121749700771356e-05	-0.0008683213769256	0.0002766770583415	7.655019461250584e-08	7.539820136259699e-07	0.0013698870302026	0.0002638838782662	6.963470120886337e-08	1.876590475517299e-06	1.0	0.0	0.0	0.0	0.0
879.5405048456876	12.128170813730094	147.0925272870145	773591.499664207	1257.7176039018705	16.227500100172392	263.331759501095	1581853.5711646625	833.0490050834896	4.458942401688091	693970.6448705919	19.882167341571964	897.4147650553683	750.2910812132469	2.02104	57.633575	0.5584560116793	0.2967626244333259	0.039614306	0.1310393482	-0.0202985631	-0.1192570297	0.1905555214	-0.0319658551	-0.4087176216	-0.1036358308	-0.4093287856	-0.0605801932	0.258337159	-0.3429369085	-0.0084451834	0.2603795594	-0.1980507881	0.0316349898	0.1778220965	0.1885366588	0.019004448	0.1102034199	-0.0675883314	-0.087545104	-0.0260362507	0.0641137828	-0.2454172607	-0.1926090923	0.0630038688	-0.1797383623	-0.1721109036	-0.0291448317	0.1083203962	0.1493371773	-0.0169977042	-0.0600787273	0.0011403743	-0.0099119886	-0.1578691139	0.2148236694	0.1541634634	-0.0422203288	0.04648431	-0.0879354531	-0.0387052955	0.1312648152	-0.038588782	0.0354307561	-0.1977480827	0.0621221365	-0.0081770685	0.0597709684	0.1172610081	-0.0411486263	-0.0139606887	0.0087239092	-0.1164692543	0.0455156073	-0.0518217996	0.0069911669	0.0368080484	-0.0019053444	-0.0964095264	0.1401272079	0.0699116714	0.0301295339	0.4492888786	-0.0353867619	0.4086519338	0.026094651	0.0082642694	-0.1445548916	0.0131427447	0.1984373394	0.0691396644	-0.2027817274	0.0521703973	-0.0520681915	-0.118141562	-0.0016725171	0.0324255077	0.0599034773	-0.0286316255	0.0137154702	0.1576946767	-0.1053864691	0.1727435207	0.1114290727	-0.1841503921	-0.0575805537	-0.0561074733	-0.0770517757	0.0933635055	-0.0498574868	-0.076223574	0.0073610471	-0.0958326714	0.0087557028	-0.1068092696	-0.0695880188	-0.2638406015	-0.0905017017	-0.3433907939	-0.4465493561	-0.0062340504	-0.0167311316	-0.2785483163	0.0826332669	-0.0356797705	-0.0001154033	0.1085176379	-0.019428021	-0.2585339236	0.0758796323	-0.3771219108	-0.0807037241	-0.0078645478	0.0477740543	0.0313830681	0.0203357504	-0.0216191803	-0.0438939122	0.0382833527	-0.1063942335	-0.1013839798	0.0462651033	0.1865740087753948	0.0621810194765543	0.0038664791831436	0.034809860750521	0.0489162142746693	0.0915722487122251	0.0023927960189653	0.0083854767342136	-0.1532189646801498	0.0781569927569804	0.0061085155168147	0.0234760511376569	-0.0016611541517434	-0.0048467570747409	2.7594331158543345e-06	2.349105414155097e-05	-0.0002800487067247	0.0005882726702009	3.460647345052969e-07	7.842727813817703e-08	0.0024657722999316	0.001095885269729	1.2009645244090037e-06	6.080033035109973e-06	0.0	1.0	0.0	0.0	0.0
882.1209818578272	2.5804770121396814	6.658861610181337	778137.4266338171	1283.530567431268	25.81296352939762	666.3090861700117	1647450.717530433	833.7998687030098	0.7508636195201461	695222.2210491564	0.5637961751188948	899.0584147679841	791.0779628264502	1.553169	44.291386	0.2782212559447969	0.1630156183162757	-0.1614356213	-0.1233473987	-0.0906020515	-0.270796627	0.2540146967	-0.2631358473	-0.1138780029	-0.0129708937	0.0433438603	-0.0320388265	0.1686281259	0.105245349	-0.1242991952	0.1074614452	-0.1601121826	-0.0127802641	0.0890186931	-0.1385218112	-0.0824082936	-0.0211399396	0.023551656	-0.0042425558	0.1729016119	-0.0454334845	0.0292944736	-0.1697032431	-0.0362685043	0.0844590246	0.1274536802	0.087330281	-0.0044734978	0.0130341677	0.0957851025	0.0036308239	0.1932540444	0.1463662204	0.0573027875	0.0738992609	0.1842850422	-0.0329891041	0.0434622529	-0.0183309834	-0.0399623612	0.1826630793	-0.0470023205	-0.0832366428	0.0324189629	0.0278287184	0.0624715795	-0.1097410682	0.062374812	0.0034408635	-0.0090959237	0.0038105977	0.0866335466	-0.1020380503	-0.1360248307	0.062931744	-0.1453231914	-0.1293640157	0.0699436141	0.0569465158	-0.1307903123	0.1220223652	-0.1334116484	-0.0417399752	0.2685267036	0.1313626484	0.1168408621	0.1026957008	-0.0786308951	0.0612136582	0.1590534258	-0.0244082604	-0.1444488912	0.0352030167	-0.0057461137	0.0883502229	0.0433831068	-0.1752446841	-0.2092855502	-0.1919329693	-0.0067296629	0.0691568135	-0.0945621584	0.1264912291	0.0268630417	0.1778851549	0.0645129927	0.0857426393	-0.0227008419	-0.022679247	0.0075037171	0.0495003028	0.1486981865	-0.0323402568	-0.1174841936	0.2512031423	-0.3503196227	0.02390507	0.0774368918	0.2904166812	0.267837847	0.131212953	-0.1773162637	-0.2976909943	0.0400061267	-0.1782220741	0.0347214548	0.026273188	-0.1020666588	0.0720755117	-0.0249198369	0.0525540295	-0.0438486301	-0.1101948469	-0.0321839744	0.0428627687	-0.1779826095	0.1731241833	0.0350428114	-0.1100753719	-0.0948006283	0.0586099215	0.1841297050417409	-0.0024443037336538	5.974620742354378e-06	0.0339037482787585	-0.0246273060336221	-0.0735435203082914	0.0006065042024736	0.005408649379336	-0.2729425317370015	-0.1197235670568516	0.0143337325088164	0.074497625631004	-0.0002939640559131	0.0013671900958303	8.64148661688802e-08	1.8692087581364649e-06	-0.000409885283501	-0.0001298365767763	1.685753666898804e-08	1.6800594563069516e-07	0.002618942924245	0.0001531706243133	2.3461240152556663e-08	6.858862040452952e-06	0.0	0.0	1.0	0.0	0.0
875.3388478750494	-6.78213398277785	45.99734136035014	766218.0985992189	1253.5783269751164	-29.952240456151685	897.1367083431297	1571458.621861732	832.183378512595	-1.6164901904147655	692529.175472637	2.6130405357071647	897.5730835721639	740.7989856583157	1.25801	35.874401	0.1500410582659928	0.0764519554345054	0.0936974751	-0.1723977708	-0.0579516041	0.0008171447	0.0786336043	0.1095168245	0.0199439028	0.1178916097	0.0995157694	0.212504567	0.0936745357	0.0012770853	-0.1543066138	0.1156141166	-0.2532762064	0.1494966977	0.1040017761	-0.1175329432	0.0564726538	-0.0073858092	0.1231651032	-0.0639516234	0.1540373901	0.1260718146	-0.0302254645	-0.3164051911	0.0359665038	-0.1059984941	-0.0275217268	-0.0010894466	-0.0383476628	0.0181417538	-0.0565533109	0.0380486326	-0.2366515254	-0.143636652	-0.0443246022	-0.0383216598	-0.0714697612	0.0138193279	0.0217343173	0.1189814008	0.2008284015	0.0081600253	0.0280987739	-0.0778677162	0.0455691493	-0.0568790932	0.011967383	-0.2012637054	-0.0006489037	-0.0520011386	0.0957025851	0.120895346	0.0039279563	-0.1969545257	-0.1019887599	-0.0351654843	0.0686611616	0.0068777901	0.1040652148	-0.1105114959	-0.1726519522	0.140875968	0.0754088433	0.0931561133	0.2048996498	-0.0446151216	0.1960387617	0.0115402897	-0.3388037404	-0.1136630456	0.0423982013	0.0313033064	0.0780488829	-0.0819753642	0.205130216	0.0010648937	-0.1237034189	0.0872475459	0.1839434488	-0.0080160471	-0.0374514706	0.0809608132	0.0478942001	0.0360992244	-0.0888586165	0.0774439576	-0.0900334132	0.2277259438	-0.2265672298	0.0033248901	0.0310304425	0.0763126309	0.1504997108	0.0180228465	-0.1857394545	0.0690160883	-0.1952132144	-0.1716741976	-0.0151554302	0.2815748336	0.1540971151	0.1440414338	0.0264305237	-0.2538675423	-0.2283190232	-0.117840808	0.0522825428	-0.0782525047	-0.004214827	-0.2507267917	-0.0452876886	-0.0622570185	0.1785648102	0.0132022736	0.0977243728	-0.0056593281	0.0755931271	-0.2037154877	0.0317782535	-0.1134548014	-0.0876327994	0.0703125971	0.1617874747804961	-0.0223422302612447	0.0004991752530464	0.0261751869958496	0.0393704778067984	0.0639977838404205	0.0015500345227356	0.0040957163364851	-0.270046845520234	0.0028956862167675	8.384998665977284e-06	0.0729252987754291	-0.0001071650449048	0.0001867990110083	1.1484346849447802e-08	3.4893870513678995e-08	-0.0008261757083409	-0.0004162904248399	1.7329771781338446e-07	6.825663010525878e-07	0.003231960647348	0.000613017723103	3.7579072883838665e-07	1.0445569626006104e-05	0.0	0.0	0.0	0.0	0.0
882.510884036999	7.172036161949563	51.43810270831222	778825.4604437654	1263.1554864781504	9.577159503033954	91.72198414655357	1595561.7830198526	832.9445655178563	0.761187005261263	693796.6492257303	0.5794056569786101	899.51226364091	762.7256788274407	1.233581	35.177784	0.1127944615064049	0.0577731079796746	-0.0058923667	-0.1867657187	-0.1768530917	0.1394148019	-0.1062126836	0.1173330386	-0.0014269218	-0.1274047571	0.0503458194	0.0633949078	0.1758944645	0.0235935522	-0.0455925826	0.1845575749	0.1590149985	-0.0884507118	0.0825654458	0.1017147515	0.0070810619	-0.14496739	0.0763880635	0.0287666625	-0.0149464494	0.1713412094	-0.0137144413	-0.0701658529	-0.1363405057	0.0186091996	-0.104189205	0.045435531	0.0073426419	0.1696306613	0.1654308708	-0.0465509018	0.0545625013	-0.2820144095	-0.0749713746	-0.0147421019	-0.045627486	-0.0592124052	-0.0971504943	0.0396556665	-0.0323156122	0.0575008353	0.0087026909	0.1687351206	0.1086060763	0.0506271979	0.1060127557	0.0814771051	-0.0253415754	0.0027079632	0.0863490878	0.1167947773	-0.1972359476	0.1054685094	0.0060185904	-0.0686938731	0.1690194324	-0.1343449748	0.0237863002	-0.2046378813	0.0358515916	-0.0293081915	0.1191134637	-0.0398358901	0.0070532042	0.0111307995	0.193342292	-0.0590967204	-0.1382724268	0.0824118565	-0.1364372696	0.0302426138	0.0685004923	-0.1213430343	-0.0304302591	0.0351433481	-0.2054533674	0.0312835989	-0.1810061274	-0.0177007646	-0.0062499503	-0.0301723022	-0.084723945	-0.1057193215	0.0774711071	-0.1530949163	-0.014698069	-0.0542776634	-0.03134155	-0.1263211488	0.0138603644	0.0294116272	0.1041799164	0.1484752368	-0.1810198867	0.0957177679	0.2180153058	-0.0635377776	-0.2086223545	-0.1184828875	0.0510009698	-0.0695159817	0.0139523086	0.0212515564	0.0904482583	0.1462119183	0.0626093901	-0.1439841889	0.1166290153	0.0585973137	-0.1480982009	0.1224799405	-0.0452875486	0.0612762031	0.0500652782	-0.0082636136	-0.1877969719	-0.2050381974	0.0284919163	-0.1165232592	-0.0799246852	0.0812449131	0.1910404430547032	0.029252968274207	0.0008557361528517	0.0364964508825372	0.0529963777742068	0.0136258999674084	0.0028086160571864	0.0001856651499218	-0.2948124159346434	-0.0247655704144094	0.000613333477951	0.0869143605892212	0.0005868764248834	0.0006940414697882	3.4442393808392106e-07	4.81693561785765e-07	-0.000803999280786	2.217642755489996e-05	4.917939390977262e-10	6.464148435044053e-07	0.0034187432070125	0.0001867825596645	3.48877245948225e-08	1.1687805115494117e-05	0.0	0.0	0.0	0.0	0.0
879.0112315627593	-3.4996524742396105	12.247567440451428	772660.7452134789	1266.1422483720853	2.986761893934954	8.920746611061913	1603116.193112719	832.7060165327661	-0.2385489850902331	693399.3099698672	0.0569056182875802	899.467563881972	758.8451655222897	0.987588	28.162836	0.079839318746615	0.039769517365432	0.0379504802	-0.1326692127	-0.1953953781	-0.0331800049	-0.0751777187	0.0742320518	0.0018279526	-0.0374642672	0.0995991093	-0.003594502	0.1160412556	-0.007308624	-0.0223737759	0.061393405	-0.1326283803	-0.0732547733	-0.1855049075	-0.0474635712	0.0885386177	-0.0915896456	0.0415948222	0.0216143778	0.0069047087	0.1252226187	0.0779205549	0.0194008492	-0.0106263781	-0.0580954349	-0.0184306385	-0.1270909285	-0.0730765517	-0.003213782	0.1511064464	-0.1005161605	0.0279514079	-0.1644976317	0.0156031118	0.0473147129	0.0436168824	-0.0020003563	-0.1302041281	-0.1052371573	0.059190583	-0.0712999609	-0.0319536209	-0.0871410026	0.051422345	0.2459081067	0.0612570844	-0.1291698826	-0.0454021348	-0.05463501	-0.2072399701	0.0188973361	0.0125776043	-0.0238253867	-0.0710381605	0.0709160582	0.1290084068	-0.0498812818	0.0887374457	-0.0710780386	-0.0625651003	0.022436075	-0.0348487045	0.0701155057	0.1302929835	0.0535723715	0.05770183	-0.019211748	0.0973671101	0.0319182249	0.2221914478	0.1820503204	-0.0095658229	0.1209216817	0.0820804047	-0.0033070647	0.0442414082	0.0216809838	0.0388072981	0.0029914486	-0.1033772905	0.1540520227	0.0433797644	-0.0742668611	0.1255380587	-0.1263618139	-0.0207843786	-0.0798506311	0.0171912392	0.0437298256	-0.1188844924	-0.1097939574	-0.0978071959	0.0640147128	-0.1620540935	0.081390349	0.0597406835	-0.0352435831	-0.157443713	0.1107285007	0.0476687061	-0.0783180044	0.022929947	-0.0950113397	0.1113516156	-0.0173138987	0.0536756114	-0.1108548427	0.073590274	0.0595040361	0.0421474303	-0.0317714948	0.0697369431	0.0702500063	-0.0667785511	0.0677408193	0.055636684	-0.0918375627	0.0251860523	-0.1192723348	-0.0717238087	0.0912870929	0.1734608226428662	-0.017579620411837	0.0003090430538242	0.0300886569919398	0.0828225116353564	0.0298261338611495	0.0068595684335887	0.0008895982611032	-0.289719206418205	0.0050932095164384	2.594078317833904e-05	0.0839372185675944	0.0004259434203759	-0.0001609330045075	1.8142779736152068e-07	2.589943193981101e-08	-0.000916832375541	-0.0001128330947549	1.27313072719908e-08	8.405816048401533e-07	0.0031457022071312	-0.0002730409998813	7.455138761618017e-08	9.895442375950104e-06	0.0	0.0	0.0	0.0	0.0
878.3247030527862	-0.6865285099731864	0.4713213950060034	771454.283992765	1262.774803685778	-3.367444686307408	11.339683715339998	1594600.2048236548	831.6301973329313	-1.0758191998347684	691608.7851160102	1.1573869507331214	898.0328186885353	753.210218878235	0.8999519999999999	25.663734	0.0389980349287826	0.0203698805799227	0.0103649031	-0.1555225874	-0.0802818494	-0.0171492318	-0.0975396175	0.0744791497	0.0639776979	-0.0888791495	0.01321214	0.0649571187	-0.0320318761	0.0837581634	-0.0449218628	0.2062833943	-0.045331346	-0.2022918914	0.0211125557	-0.0593382303	0.0852647725	-0.1416238447	0.0669277503	-0.0720664331	0.0842729092	0.0606804669	0.1038928084	-0.0825355829	-0.0315663694	-0.1265835479	0.073889771	0.0661450302	-0.0310736965	-0.0644573063	-0.0109030408	-0.0020632613	0.1793178552	0.0269427694	-0.1666350272	-0.0080363793	-0.0196710814	0.0672398945	0.0099863274	-0.0059716607	-0.0120950084	-0.0645116901	-0.0545559504	0.0567606529	-0.0524817425	-0.118195891	-0.0036662649	0.0662327798	0.0688592503	-0.0969911019	-0.1119959424	-0.1917640725	-0.0077448819	-0.1070430923	0.0279997966	-0.1387046727	0.1009392155	-0.0318463906	0.0180445128	-0.1381989854	-0.0418379908	0.1903521954	-0.0253881767	-0.00633706	0.0227593275	0.059342589	-0.0241685321	-0.0788533806	-0.0208689419	-0.0601579351	0.0686988252	0.1768222368	0.0772043781	-0.0705529363	-0.0549409807	-0.0436477282	0.0197397949	0.0128200245	-0.0167927212	0.0286970282	0.0715503264	0.011704751	0.0559408083	-0.0067755418	-0.0435728067	-0.0281986865	0.1545538437	0.0537788937	0.2354939563	-0.1525215872	-0.0281577229	-0.0811240801	0.0366618555	-0.1648772656	-0.1303842094	0.0718993449	0.1364025041	-0.0347987869	-0.1053797898	0.0529319413	-0.0648201577	-0.1385674185	0.0744424203	0.0336691475	0.0187472047	0.0310159071	0.0264046053	-0.0695618336	0.1494246752	0.0409552626	0.1116140765	0.0470412901	-0.0055177995	0.1605830947	-0.0821270462	0.1282959665	-0.0131514189	-0.0040437598	0.0218629269	-0.1216944932	-0.063080731	0.1003291122	0.1665414521850579	-0.0069193704578082	4.787768753239024e-05	0.0277360552959079	0.0827537013739743	-6.8810261382099e-05	0.0068481750910929	4.7348520714727855e-09	-0.3050124958499722	-0.0152932894317672	0.0002338847016438	0.0930326226246293	0.0004957050378038	6.976161742789993e-05	2.457234845040668e-07	4.866683266156671e-09	-0.0008047609971701	0.0001120713783708	1.2559993849953428e-08	6.476402625662138e-07	0.0029932039073735	-0.0001524982997577	2.3255731428989336e-08	8.959269631115988e-06	0.0	0.0	0.0	0.0	0.0
879.6842493319235	1.359546279137362	1.848366085116246	773844.3785226698	1260.2855284013822	-2.489275284395717	6.196491441503377	1588319.613097951	833.4303255440138	1.8001282110825514	694606.1075364009	3.240461576335267	898.9889308269422	744.2283331673859	0.936092	26.694328	0.0448400789003998	0.0293864608958581	0.0791437264	-0.0972758586	-0.0644442937	-0.1583576935	-0.0423797743	0.1179816302	-0.1154982565	-0.0427932187	0.0883790902	-0.0597757452	-0.0516745733	0.0243211625	-0.081483536	0.022414751	0.0390965704	0.0497335405	-0.2013116226	0.0062751882	0.0312615568	-0.0135356549	0.219960478	0.0495173112	-0.044569883	0.0647189848	-0.0012402141	0.1080836888	0.0586467275	-0.1457039073	0.1279803376	0.0405903411	0.0682954128	0.082512312	0.0545642721	-0.0768729783	-0.0151479983	-0.0711421379	0.0628740611	0.1256176109	0.0449317887	-0.1272611098	0.0312403048	0.0391764781	-0.0651986677	0.0488222339	-0.0852566501	-0.0863444095	-0.1187029118	-0.1270731093	-0.0343778873	-0.0199208925	-0.210376834	0.1110770569	0.1643861839	0.0010952774	-0.0578217123	0.1008728456	0.0078495951	-0.0401952691	0.1672219844	-0.0312237006	0.0446273104	-0.003687551	0.0602911287	0.0851134811	0.0557389848	-0.1682906332	-0.064265952	0.075687182	0.0797438975	-0.0439118318	0.024550635	-0.1532802272	-0.0500849687	-0.0661860266	-0.0306624501	0.0767183794	-0.0175290611	-0.1404089027	-0.0175716484	-0.0380789607	-0.1065667363	-0.0624283314	0.1316919848	0.0018045522	-0.108312489	-0.0673965612	-0.0451113838	-0.0872221595	-0.0589703483	-0.0610441624	-0.0835954601	0.0285287091	0.1600588491	-0.068302063	0.0323023685	0.0314553308	-0.136918572	0.0527360116	-0.054595186	0.022425421	-0.1424922593	0.0721954107	-0.0561824768	-0.094771765	0.0884649893	0.0677684706	0.0027550001	0.0084788398	0.0174655781	-0.0846792032	0.0380965423	-0.091686754	0.1341193975	-0.1229618067	0.0872170006	0.047438276	0.0671945789	0.0648739476	-0.0219752741	0.0556289302	0.0185248178	-0.1237830955	-0.0540487397	0.1082719048	0.1675560720253628	0.0010146198403049	1.0294534203403476e-06	0.0280750372725685	0.1031467277775419	0.0203930264035676	0.0106392474512143	0.0004158755258966	-0.3065541658032913	-0.0015416699533191	2.376746244966958e-06	0.0939754565713518	6.92019746072344e-05	-0.0004265030631965	4.788913289540314e-09	1.819048629160536e-07	-0.00080589834505	-1.1373478798999215e-06	1.2935601999128465e-12	6.494721425543288e-07	0.0029830290643858	-1.0174842987699991e-05	1.0352742982434767e-10	8.898462398970422e-06	0.0	0.0	0.0	0.0	0.0
880.5060661042239	0.8218167723003944	0.6753828072342383	775290.9324463359	1274.3728338343496	14.087305432967469	198.45217436171475	1624026.119614991	833.9831809337845	0.5528553897706843	695527.9460804336	0.3056490819984952	901.2647041701152	762.858996765523	0.995776	28.396343	0.0632808110747077	0.0417417253698664	-0.0252424631	-0.1723080297	-0.0238652002	-0.0420257309	0.1391444555	-0.0750335841	-0.0818091656	0.0131763723	0.1443310312	0.0689769305	0.0362141485	0.2126645163	0.0122395833	0.0979667559	0.0869323216	-0.0791694517	0.0404935488	-0.0504692664	-0.0020937961	-0.0113866189	0.0396992329	-0.0228916057	0.0869385677	0.0086902264	-0.0936944682	0.0262959976	0.0934552392	0.0433128183	0.03019862	0.003336645	0.0124061568	-0.1163738843	0.0685670352	-0.1067271281	0.2160590295	0.0657365535	0.0830823911	0.0005953189	-0.0514232929	0.0308043444	-0.0734502594	0.0860012834	0.0194676664	0.0057756849	-0.1429143948	0.1466054772	-0.0212884872	-0.0321867665	0.0515575989	-0.0794944874	-0.0833949576	-0.1108990335	0.0542200624	-0.0528133051	-0.0273311269	0.0390833923	0.098861124	-0.0909184171	0.0316965759	-0.1108862376	0.0725014894	0.0388112659	-0.0082341502	0.1581154036	-0.0309398252	-0.0371254368	-0.0420434988	-0.0952439973	0.0928638524	0.0522101646	0.0838873498	0.0635629168	0.002385621	-0.0144237255	0.0370684215	0.0562353163	-0.0146592078	0.0536344499	0.0861341943	-0.0805265755	-0.1247460734	-0.0595311171	0.0091979787	0.0433539927	-0.0105866841	-0.1389132848	0.0209466026	-0.0334179768	-0.0888241807	-0.0562321734	0.1081995222	0.1012837805	-0.1029635917	-0.0840278576	-0.0489617365	-0.0655519551	-0.1068755348	0.1267454171	-0.0195999735	-0.0563669856	0.0686166166	-0.0020128386	0.0372637246	0.0123232327	0.0224543178	0.1344937018	0.0671311904	0.0499497311	0.0567189902	0.0469136877	0.0170730558	0.1666528528	0.0881690372	0.0495458357	0.0124325143	0.026648234	0.058141325	0.1006661902	-0.0611403381	0.1166158621	0.0151740128	-0.1255324169	-0.0446835199	0.1150284477	0.1702494970965204	0.0026934250711576	7.25453861394036e-06	0.0289848912616181	0.0645559684191141	-0.0385907593584278	0.0041674730585296	0.00148924670786	-0.3112373691440453	-0.004683203340754	2.1932393530849474e-05	0.0968686999517067	0.0003647774329961	0.0002955754583888	1.3306257562322426e-07	8.736485160178803e-08	-0.0008559582851819	-5.005994013190004e-05	2.505997606009416e-09	7.326645859715388e-07	0.0029836621319524	6.330675666002018e-07	4.0077454388110097e-13	8.902239717646741e-06	0.0	0.0	0.0	0.0	0.0
877.1167346476986	-3.389331456525269	11.487567722191704	769333.7661990414	1265.1311187161743	-9.241715118175309	85.40929832551002	1600556.7475440388	831.4228266641301	-2.5603542696544537	691263.9166981721	6.555413986137791	898.5948664556151	738.2475949621402	0.979168	27.922716	0.0599491093965795	0.0322606193756328	0.06041329	-0.0844336752	0.0960289998	0.100433742	-0.0188352231	0.0323707747	0.0403217409	-0.0667284747	0.1761902514	0.0886728957	-0.0468143512	-0.09421771	0.1148602544	0.0919386233	-0.0857786743	-0.028673795	0.0475488025	-0.0062896288	0.0689993753	-0.0767026152	0.1334708367	-0.14638566	-0.1789492815	0.0531421581	-0.0770041403	-0.0650521911	-0.0842529244	0.0021047576	-0.1388507158	0.1190757012	-0.0316112892	-0.0567496064	-0.0328422824	-0.1034812682	-0.0619890312	0.1879187979	-0.0169569469	-0.0390859273	-0.2246081922	0.0205352318	0.1455617896	-0.068415044	-0.1703290093	-0.0341654941	-0.0217130052	-0.0815886406	0.0388823692	-0.0086270398	0.0924330078	-0.1726791429	-0.031868075	0.0392113177	-0.0017109228	-0.130023834	0.1228471074	-0.0663853867	0.0273053378	0.1442741525	0.037067278	-0.0430200184	0.1883587356	-0.1152352251	-0.0976097037	-0.0381112826	0.0929089086	0.0562423989	-0.0722832339	-0.0532544651	-0.1703640246	-0.0496769574	-0.0056508193	-0.004625954	0.0091123682	0.0170596941	-0.0647156699	0.0458879525	0.0767293196	0.0776179508	0.1525129039	0.1985805293	0.0326933328	0.0235983618	-0.1898122663	-0.1294835299	-0.1856840172	0.0720073062	-0.0455131337	0.1660728447	-0.004540765	0.0019723733	-0.0630407185	0.0121178007	-0.0923249372	-0.0545429156	-0.1123147734	0.1304980709	-0.080951527	0.003338745	0.0662682949	-0.1484060901	0.0095818388	-0.0350777649	-0.0065657241	0.0191990654	0.0506664864	-0.0107290794	0.0576148893	-0.0001715932	-0.1069864304	-0.0338195455	-0.0302721208	0.0161335233	0.0419855454	0.1117103298	0.1469936731	-0.0293650104	0.0274116747	0.0158885981	0.110071856	0.0122600902	0.0118128082	-0.1269376627	-0.0350428114	0.1205247148	0.165531499825164	-0.0047179972713564	2.225949825252654e-05	0.0274006774343682	0.0860406977988077	0.0214847293796936	0.0074030016777057	0.0004615935965186	-0.2948044097028841	0.0164329594411612	0.0002700421559948	0.0869096399802659	6.92019746072344e-05	-0.0002955754583888	4.788913289540314e-09	8.736485160178803e-08	-0.00080589834505	5.005994013190004e-05	2.505997606009416e-09	6.494721425543288e-07	0.0029830290643858	-6.330675666002018e-07	4.0077454388110097e-13	8.898462398970422e-06	0.0	0.0	0.0	0.0	0.0
880.6889399254335	3.572205277734838	12.760650546276633	775613.0089069838	1262.6656237303755	-2.4654949857988413	6.078665524999229	1594324.4773504182	833.3846226611676	1.961795997037484	694529.9292880966	3.848643533992296	900.172589335064	753.5588799659713	0.9298050000000002	26.515055	0.0609580309202715	0.0309156042779065	0.0068106595	-0.0786134706	0.0520065702	0.0497671333	-0.1738506285	0.1003455636	0.0169942074	-0.1824900902	0.0423174781	0.0124153383	-0.0350135637	-0.0752114466	0.0734756816	-0.0561558624	0.0632581234	-0.0088518736	-0.0359371637	0.0117060589	0.0140994253	-0.0597938403	0.0409706891	0.0075233171	-0.1453100192	0.0918243559	-0.0716631806	0.0408579103	0.0052239989	-0.0116767093	0.0314476761	0.0758773612	0.1167334128	-0.106867002	-0.02162359	0.0530341625	-0.0061836428	0.0610738312	0.0791844711	0.0088693117	-0.0207578306	0.1136608795	-0.0812552706	0.0239873242	0.1154792898	-0.1093532028	0.064985973	0.0976694335	-0.0241946349	-0.091498797	-0.1142299158	0.011726172	0.0028767721	0.0776619018	-0.0389983726	-0.0031402504	0.0974323437	0.0767460309	0.0252031451	-0.1444461205	0.1113652378	-0.0257282478	0.0371006876	-0.1054596616	0.1254039818	-0.0168852645	0.0983325382	-0.0516725314	-0.0592752713	-0.0113990708	-0.1272207735	0.0278720254	0.033704661	-0.0571350387	-0.0853926592	-0.0454216219	-0.072182976	-0.0194336154	-0.002554761	0.1100539861	-0.0460432011	0.0182820665	-0.0271828121	-0.0106077688	0.0072486859	0.0362177175	0.0301177685	0.0355184434	-0.1102931353	0.0182533268	0.1152162762	0.0259159348	0.071799874	0.0242877623	0.0325146903	0.046354992	0.085098883	-0.0740026978	-0.0582357823	0.0172232424	0.0754854103	-0.1449638196	0.0072058003	-0.0659692274	-0.1963429007	-0.0062726316	-0.0005185072	0.014003561	0.1086328778	0.0467110186	0.0437511256	-0.0619818436	0.0063416513	0.0059779505	0.0639348177	0.0278065682	0.0567685014	-0.0335688742	-0.026029401	-0.0914631469	-0.0345589911	0.0793023492	0.0084435077	-0.1279949812	-0.0251860523	0.124700488	0.176428204247685	0.0108967044225209	0.0001187381672717	0.0311269112540628	0.1036961623980516	0.0176554645992439	0.010752894096083	0.0003117154302151	-0.2974122176978824	-0.0026078079949983	6.800662538777176e-06	0.0884540272359726	0.0002390308673919	0.0001698288927846	5.7135755566124086e-08	2.8841852824465442e-08	-0.0008051957440806	7.02600969399998e-07	4.93648122201817e-13	6.483401862855111e-07	0.0025575994800697	-0.0004254295843161	1.8099033121136965e-07	6.5413151004528e-06	0.0	0.0	0.0	0.0	0.0
879.8123050819721	-0.8766348434613747	0.7684886487705489	774069.6921736532	1261.8289200877416	-0.8367036426338927	0.7000729855968248	1592212.2235697962	833.755037387293	0.370414726125432	695147.4623686863	0.1372070693305788	900.6842509429126	755.5532077716875	0.923873	26.345882	0.0726345225309131	0.0344927137877796	0.0232726116	-0.0402151674	-0.0426979109	-0.0600486985	-0.1248167475	0.0733274236	0.0271933835	-0.0492145913	-0.0345669836	-0.0379512632	0.0014954721	-0.0077483353	-0.0157487961	0.0790910815	-0.0575787999	-0.1182451022	-0.1251989389	-0.06913771	0.0547966896	-0.0267160203	0.0255512407	0.0381017022	0.0264849019	0.1976394535	0.1299637715	0.078712125	0.0438570343	0.1582772345	0.0452823611	-0.0171086314	-0.1062273086	-0.1676661304	-0.0067266891	-0.007529696	0.0734582368	0.0323299414	-0.1165634522	0.0115623384	-0.0377312827	0.0723983218	-0.1151866665	0.1244991072	0.07900552	0.0720795282	0.0780742729	-0.0829079559	-0.0752590863	-0.0487393639	-0.1334957647	0.2393008042	-0.1075376138	-0.0564541616	0.0384016378	0.1208406776	0.0945765747	0.1499422367	-0.0546132838	0.0464966561	0.0725668536	-0.002307823	-0.0383790058	-0.0854180481	0.0584837122	0.070241249	-0.0292645119	-0.0196498576	0.0259786993	0.0774517438	-0.0011836623	0.1667143149	0.1153375322	-0.0033674785	0.0789226043	0.0943631709	0.0217605321	-0.0972441252	-0.1099334783	-0.0460785553	-0.0345085866	0.0252473313	0.0382832752	0.1029209124	0.0196168186	0.0175768215	0.1012281162	-0.0812463089	0.0565373315	0.0657248884	0.0973454205	-0.0957036456	-0.0341733434	0.1194167447	0.084565161	0.1357423967	0.1237554356	-0.0846160081	-0.0737665229	0.0106590261	0.0460247394	0.0253960334	-0.0424309679	0.0415491606	-0.1261841626	0.1249066908	0.0419359454	-0.0364503234	0.1219832303	-0.0956292828	-0.0614665128	-0.0880946213	0.0429397388	0.1548449853	0.020251834	0.0018731957	0.00194204	-0.013823531	0.0962955396	-0.0405860763	0.1131451648	0.0639026689	0.0050684204	-0.1287014744	-0.0151740128	0.1275100165	0.1808132219419889	0.0043850176943039	1.922838017935839e-05	0.0326934212290429	0.0827538560455281	-0.0209423063525235	0.0068482006904039	0.0004385801953629	-0.2947705110029517	0.0026417066949306	6.97861426204163e-06	0.0868896541569412	0.0005795943877356	0.0003405635203437	3.359296542946051e-07	1.159835113888938e-07	-0.0011537019830494	-0.0003485062389688	1.2145659860017832e-07	1.331028265692118e-06	0.0027618395565403	0.0002042400764705	4.171400883671648e-08	7.62775773607072e-06	0.0	0.0	0.0	0.0	0.0
881.4274876641476	1.615182582175521	2.6088147737631835	776914.4160099311	1263.2908944282824	1.4619743405407917	2.1373689723996825	1595903.8839454097	834.2355161649407	0.4804787776477042	695948.8964309851	0.2308598557698319	900.8486390592066	752.4994135627263	0.892526	25.451967	0.0496679706420396	0.0282636496080752	-0.0088333499	0.0039865906	-0.0262923907	-0.0967123544	-0.0838228884	0.04928634	-0.0516491482	-0.0544136023	-0.0376380271	-0.0316025381	-0.0180993901	0.0908400717	-0.0406979973	0.0118848196	0.0151088186	-0.1162332132	-0.0960942216	-0.1030630132	-0.0241057765	-0.0968804451	0.1181279079	-0.0103335104	-0.1082459117	0.0159365606	0.0832126011	0.060921766	0.0769226851	-0.0209417081	0.0102656867	-0.0220201716	0.0041570906	0.1219473929	-0.1305172777	-0.0169249839	0.0299952525	0.0741446759	-0.0485665398	-0.083731111	-0.1474098009	-0.1256374774	0.0682844016	-0.1599521238	0.1348254982	0.1421377727	-0.1384592531	-0.0247022622	0.0298957597	0.0451428978	-0.025087566	-0.0365826603	0.1327912374	-0.0195432345	0.0210369648	0.1657405888	0.0717172749	0.0912587229	-0.0035935568	0.0999753246	0.0515713438	-0.0367324404	-0.0106904224	-0.0281326062	0.0064639975	0.0357939244	0.0438984555	-0.089654559	-0.070146154	0.118562967	-0.0358449645	0.0041972129	0.1144163703	-0.0519971212	0.0262889251	0.0459133465	0.043832639	-0.10736551	0.0043134422	-0.1751415764	0.1434814262	0.0354241413	-0.1022567026	0.0630303974	-0.0441712855	-0.0708098039	-0.0487867874	-0.0022808588	-0.0540587155	0.108646551	-0.0837093306	-0.0353881563	0.0220994856	-0.1577507473	-0.0357299817	0.0785670301	0.0396563357	0.0497286136	-0.0401769283	0.0420788411	0.0057296656	0.0968281895	-0.153492214	-0.0360609577	-0.0773577388	-0.0659980822	0.1162817471	-0.0026730383	0.052592007	0.0143705806	-0.0564880283	-0.0984188728	0.0028161937	-0.035684676	0.0855902688	0.0894805071	0.018293492	0.02826575	0.1872021438	-0.050785874	0.0827748567	-0.0032599696	0.0016898595	-0.1290552057	-0.0050684204	0.1289225186	0.1830489130705643	0.0022356911285754	4.9983148223908005e-06	0.033506904576315	0.082644648524905	-0.0001092075206231	0.006830137929805	1.1926282560644864e-08	-0.2842105267274206	0.0105599842755311	0.0001115132678994	0.0807756235026778	0.0002391308835455	-0.0003404635041901	5.718357946525149e-08	1.1591539768540229e-07	-0.000805165696633	0.0003485362864163	1.2147754294893477e-07	6.482917990345042e-07	0.00280810152028	4.626196373970016e-05	2.140169289053332e-09	7.885434148198847e-06	0.0	0.0	0.0	0.0	0.0
881.0024182239099	-0.4250694402377348	0.1806840290240212	776165.2609163771	1268.4979315022476	5.207037073965239	27.11323508964848	1609087.002225481	833.6598196563255	-0.5756965086152377	694988.6949094171	0.3314264700317744	899.9269081406579	756.9704018524427	0.867372	24.734663	0.0627998522420454	0.0284915782657485	-0.0334125904	0.020618135	-0.0237815631	-0.0518401056	0.0444423989	-0.0239199867	-0.0343516061	-0.032030061	-0.0305063431	-0.0025539927	0.0213841233	0.094607934	-0.078345672	0.0430097377	0.0485719498	-0.0588023204	-0.1391655557	0.0315763708	-0.0213883443	-0.0817960126	0.1319570862	0.0531052449	-0.0231116297	-0.0039672938	0.0374327401	0.0761794425	0.0557708548	0.1462474494	0.0399571613	0.0633589876	-0.0506886911	-0.1786933023	0.050978137	0.1179646995	-0.0230197284	0.0662378783	0.039539333	0.1665360926	0.1264627745	-0.0070727226	0.0536792925	0.1303598551	0.0046424005	0.0811737166	-0.0302040503	-0.1414769503	0.137979471	0.0050636515	0.132963472	-0.1159812607	0.2357522528	0.0029472421	-0.0271710075	0.0850823941	-0.1867042191	-0.0758512354	-0.0020788762	-0.0152606358	0.0158501803	-0.0775245472	-0.0204598789	0.023514784	0.0097693793	0.1320211419	0.0090030422	-0.0712922283	-0.0655328995	0.0941043475	0.0332325328	0.0663157798	0.0742599051	0.0774819593	0.0849252951	-0.0941858021	0.0002841006	-0.0742006957	-0.0373529952	-0.1055127468	0.1510693244	-0.0937945957	0.0866076832	-0.0358550403	0.1297361977	0.0539869444	-0.0942719436	-0.1157994878	0.1443865426	0.0395400919	0.1534604951	0.1120983132	-0.1283425376	0.110813288	0.0341655298	0.1678639533	-0.1776960749	-0.0208518796	-0.0080042847	0.0623983754	-0.0712398613	0.0443126631	-0.068991698	-0.0625652866	-0.0064091392	-0.0452363965	0.047580533	0.0618286183	0.0559219691	0.0001878134	0.0904416012	0.1173196071	-0.0686182238	0.095567007	0.1399037191	-0.0707161277	-0.050363589	0.0589732175	0.0036333506	-0.0874578531	0.0247377645	0.1164588257	-0.0016898595	-0.1290552057	0.0050684204	0.1289225186	0.1904937614506252	0.0074448483800608	5.542576740209504e-05	0.0362878731516077	0.082592187298772	-5.246122613299098e-05	0.0068214694027954	2.7521802473768155e-09	-0.2946460338168322	-0.0104355070894116	0.0001088998082131	0.0868162852439898	-0.0001050844701992	-0.0003442153537447	1.1042745877046552e-08	1.1848420975358897e-07	-0.0011071359898586	-0.0003019702932256	9.118605799075485e-08	1.225750100040182e-06	0.0025569464563215	-0.0002511550639584	6.307886615199814e-08	6.537975180495077e-06	0.0	0.0	0.0	0.0	0.0
880.3630326710245	-0.6393855528854147	0.4088138852385873	775039.0692937233	1274.9472519386816	6.449320436433936	41.59373409180442	1625490.495225996	833.1038195900127	-0.5560000663127767	694061.9742154684	0.309136073739812	900.4194773139842	757.8671639800575	0.910452	25.963158	0.0520349265162179	0.0352791954303271	-0.0355333374	-0.0465980768	0.0489455053	0.0150385534	0.0683991396	-0.0498795035	-0.0031958132	0.0247594695	0.0425255969	-0.0011536428	0.0135795387	0.2515010489	0.0452307094	0.0079512748	-0.0983807454	0.0154970409	-0.0603804341	0.0727777777	0.0476830563	-0.0886695582	-0.0426133254	-0.0437302348	0.0330955348	0.0389503299	-0.0725762757	0.1691188155	0.0052401659	0.103477925	0.0926924524	-0.0372069887	0.0659743866	-0.058509704	-0.0699982636	-0.0351410359	-0.0497695162	0.1098230288	-0.0017991051	0.0163743286	0.070639939	0.0158141772	-0.0389085514	-0.2489172487	0.1106469113	-0.0508799131	0.0156870969	0.0228897804	0.0786872394	0.1423418613	-0.1457725676	0.0322474849	0.0082557418	0.1100863551	0.0595728234	-0.0065142272	-0.1232667586	0.0369195431	0.0233109551	0.0051646706	0.001115311	-0.0008644052	-0.0425990732	-0.0126485867	-0.0734111548	0.1705519521	-0.0509489758	0.061305005	-0.1160882607	-0.0366991556	-0.0132025998	0.0515468717	0.1049640634	-0.0669677086	-0.0608759928	-0.0663404444	-0.2701317864	0.0345897931	0.08308764	-0.1326657463	0.0968618687	-0.033260025	-0.0159405543	0.0287504141	0.0153679178	-0.018159304	0.1293424715	-0.0213347427	0.0214760306	0.0290906885	0.0325712	-0.0512667064	0.0497846439	-0.0565404621	0.0612951955	0.0190353421	0.0036661563	0.0951029246	-0.0071417323	0.0444773052	-0.0264511199	-0.0328186671	0.0625761227	-0.0417159893	-0.0291852479	0.0074478829	-0.0428412878	0.0821167742	-0.045630152	0.0076333051	0.0507553592	0.1537441911	-0.0371553657	0.1532414442	0.0572535634	0.1694634191	-0.110797143	-0.1732006304	0.0966537154	-0.0487491046	0.0965714467	0.122211928	-0.0050684204	-0.1287014744	0.0151740128	0.1275100165	0.1905426415087845	4.8880058159311846e-05	2.3892600856577086e-09	0.0363064982331451	0.0825762884835796	-1.5898815192399995e-05	0.0068188434197233	2.5277232452208887e-10	-0.3221184998146285	-0.0274724659977962	0.000754736388	0.1037603279228268	0.0002401011900755	0.0003451856602746	5.764858147567138e-08	1.1915314005928057e-07	-0.0012511955022236	-0.000144059512365	2.0753143102841595e-08	1.5654901847845669e-06	0.0025576549165832	7.084602616997185e-07	5.019159424076336e-13	6.541598672322215e-06	0.0	0.0	0.0	0.0	0.0
881.3202670451401	0.9572343741156146	0.9162976469885123	776725.413104517	1267.0436451453288	-7.903606793352765	62.46700034393197	1605399.5987031618	834.6800742008679	1.5762546108552442	696690.8262679664	2.4845785982424173	901.5784963837116	753.8463406029633	0.911109	25.981913	0.0210852775063115	0.0141523000161587	-0.0159967498	-0.0422011526	0.0503167846	0.0151929983	0.1420877008	-0.056792741	-0.0202319323	0.1077000061	-0.004556907	0.1470060757	-0.0180326893	-0.0362940494	0.1099298579	0.0424081324	0.039190332	-0.111082741	-0.0641509583	0.0648945896	-0.0383757057	0.0154748425	0.1121753176	-0.0543334094	-0.046584559	-0.1017807884	-0.0965382765	-0.0169769983	0.1255488734	0.0553130183	-0.176653754	-0.1861927342	-0.0854657057	-0.0876131788	-0.1649525298	0.1345540835	-0.0251098973	-0.0424763249	-0.005814494	0.110646369	0.0729343323	-0.0856678638	0.1188879751	0.0270862391	0.0683214673	0.0143323492	0.1772644909	-0.0131985287	0.0415644679	0.055486749	-0.0497811129	0.0708046202	-0.0240884832	-0.0008215358	0.0094431352	-0.0495901839	0.0070097314	-0.0208472413	0.1686398276	0.0677468681	-0.0539925182	-0.0709046263	0.0058102879	0.0093103468	-0.1284056542	-0.045363892	0.0916191193	-0.0422797123	0.0106253681	-0.192579003	-0.0566140202	0.0747936029	0.1639457593	-0.0848208045	0.0355753681	-0.0964432906	0.1682399058	-0.0997433077	0.0175352966	0.0615461227	0.0474322497	-0.0654640241	0.1432271486	0.1175597317	0.0296571291	-0.1229701918	0.14969137	-0.0351502497	0.0307086606	-0.0189325543	0.062642241	0.072713681	-0.077638097	-0.0031673713	0.1863722667	-0.0679824081	0.0979313255	0.024048678	-0.014800283	0.0329402418	-0.0147101642	-0.0409281522	0.1036007039	-0.0260271075	0.0628783813	0.1840164568	0.0099764173	0.1403014852	-0.0639229648	-0.0091679632	-0.1605730976	0.02193003	0.0608033091	-0.0144238767	0.0532812272	0.1349826408	-0.0378239294	-0.0418556603	0.0511707802	-0.1099452972	0.0905970671	0.0207708848	-0.0084435077	-0.1279949812	0.0251860523	0.124700488	0.1905962932897154	5.365178093089118e-05	2.878513597056338e-09	0.0363269470157792	0.0792685255346725	-0.0033077629489071	0.006283499140441	1.094129572616267e-05	-0.3220592979391199	5.920187550856326e-05	3.504862063731422e-09	0.1037221913890388	0.0002409052796784	8.040896029000248e-07	5.803535377692813e-08	6.465600894919198e-13	-0.001359165602466	-0.0001079701002423	1.1657542546353875e-08	1.8473311349267643e-06	0.0028021739447572	0.0002445190281739	5.978955513915737e-08	7.852178816676126e-06	0.0	0.0	0.0	0.0	0.0
883.9354032321871	2.615136187047028	6.838937276802869	781341.7970872492	1272.0578103684286	5.014165223099781	25.141852884543272	1618131.072919321	836.0720126054051	1.3919384045372	699016.4102620527	1.9374925220255652	903.417653662718	761.0567343164597	0.932513	26.592281	0.0227197626081196	0.0148645027283097	-0.0450903379	0.02966609	0.0030060732	0.1491640888	0.0015136883	-0.0469968867	0.017195626	-0.0068617647	0.0982423297	-0.0097966627	0.1158358574	-0.0993446833	0.0621766906	-0.1340888105	0.1099457351	-0.0919589072	0.0301890618	0.1127308149	-0.0896583173	0.0853836269	0.031625433	-0.0097983722	0.0098855675	0.0542393843	0.0842329963	-0.032876394	-0.22281302	-0.0672345183	-0.0823192139	-0.0169394259	-0.0033117171	0.0192374776	-0.0051951746	-0.022841976	0.0712792079	0.0369821184	-0.0288674611	-0.0146303248	-0.0017584282	-0.0780526563	0.0263224266	-0.0670064022	-0.0996830234	-0.0110408348	0.1007166443	0.0670022428	0.0028830795	-0.0203166511	-0.0865068573	0.1527896505	-0.0108127512	0.2891796411	-0.1820710974	0.0331974026	-0.137619234	-0.0717500251	0.0195045039	0.0345506548	-0.0679795943	-0.0162398992	0.1267198275	-0.0287339402	-0.0304695706	-0.1729386335	0.0149628688	-0.0690485398	0.0523552463	-0.0670245404	0.0111705949	0.0081041204	0.0575293645	-0.0344796505	-0.1802183945	0.1082975681	-0.0175670257	0.0397556142	-0.0013247499	0.0048559132	-0.0145336578	-0.0371652327	0.1008251801	0.1312576328	0.0247333675	-0.079860842	-0.1072273646	0.0918057364	0.115874082	-0.0415652688	0.0486888165	-0.1310098914	0.2666837004	-0.0407556186	-0.0536354869	-0.0520367134	-0.0846150158	0.0319592748	0.0273312081	0.0079433663	0.0736509631	-0.0813718919	0.027461213	-0.0614098063	0.051132949	0.0527761338	-0.071833586	0.0716918089	0.0662608084	0.0279639899	-0.0938784101	0.0693662538	-0.062974733	-0.0377317089	-0.0335127927	0.0598446343	0.0237986631	-0.075518018	-0.1392413211	-0.1111920261	0.1445014495	-0.0370406841	-0.0118128082	-0.1269376627	0.0350428114	0.1205247148	0.1905038727500425	-9.242053967289944e-05	8.541556153429977e-09	0.0362917255327643	0.0825757616735245	0.003307236138852	0.0068187564159627	1.0937810878128714e-05	-0.3221125000208147	-5.3202081694792014e-05	2.8304614966593234e-09	0.1037564626696593	0.0002400602669411	-8.450127373000075e-07	5.76289317638322e-08	7.140465261992515e-13	-0.0012191954596503	0.0001399701428156	1.9591640879847433e-08	1.4864375688319062e-06	0.0025576510233522	-0.0002445229214049	5.979145909243564e-08	6.541578757254556e-06	0.0	0.0	0.0	0.0	0.0
882.7257889816982	-1.2096142504889258	1.4631666349858856	779204.8185333615	1270.204830489996	-1.8529798784325069	3.4335344298757478	1613420.3114001197	835.2302897735627	-0.8417228318423895	697609.6369552296	0.7084973256447715	903.7221875590662	759.1891671836628	0.907187	25.870052	0.0701874913176408	0.0382684168826089	-0.0024352745	0.024442443	-0.0052664064	0.0483423295	-0.1220747742	0.0259305401	0.0650214583	-0.1021127278	0.1088717904	-0.0465808488	0.0506339401	-0.1335074165	0.0758695236	-0.1624709274	0.0465925111	0.043646109	0.0220756975	-0.0349047239	-0.0306638533	0.0761941463	-0.0252141605	0.0108433578	0.0163691074	0.0711920508	0.0592722419	0.0990186216	-0.1577439242	0.08702467	0.0585111403	-0.0516145089	0.08103551	0.130783126	-0.0258433014	0.0926793933	0.0464006724	-0.0277953993	0.0475446958	-0.029059701	-0.0574012498	0.0659743319	-0.0732946365	-0.1180233339	0.0566512512	-0.1198950953	0.0347621061	-0.0799258047	0.0726044618	-0.020130667	0.1092101027	-0.0034878873	-0.1335944148	-0.053050389	-0.1859214584	0.0263086641	0.0988911961	-0.0715964143	0.0438179538	0.0318299168	0.0237753537	0.01622818	0.1689456106	-0.0789201503	0.1314635567	-0.1130031426	-0.0587716791	0.0622937014	0.0080688449	0.0585257426	-0.0874455425	0.0563259493	-0.016617031	0.0503816423	-0.1328945911	0.0307684921	-0.009027654	0.1236326748	-0.0465117015	-0.0645233228	-0.0320382486	-0.0546669833	0.1309934484	-0.0352776173	-0.0654474697	0.1200515503	0.0215177799	-0.0023156904	-0.0138081945	-0.0511393831	-0.0354693902	-0.1388266907	-0.0662775844	-0.0589162282	-0.1167298266	0.0998627809	-0.1557720385	-0.0176778755	0.0278330599	-0.0196645206	0.071715724	-0.0717743296	0.0470539892	0.0367067758	-0.0883509417	0.0228199319	-0.0293039453	-0.0362014209	0.1901229467	0.0133494464	-0.0256703085	0.0603173828	-0.099702889	-0.1659175287	-0.0120729856	0.0228056967	0.0354920729	-0.0262004841	-0.1791923662	-0.0070944494	0.0020477566	0.0383154845	-0.0151740128	-0.1255324169	0.0446835199	0.1150284477	0.1942106634831191	0.0037067907330766	1.3740297538822669e-05	0.0377177818105533	0.097623149408335	0.0150473877348105	0.009530279300402	0.0002264238776417	-0.3533990255912584	-0.0312865255704437	0.00097884668227	0.1248908712888509	0.000240985992409	9.257254678999824e-07	5.80742485373506e-08	8.569676419186411e-13	-0.0014626761045954	-0.0002434806449451	5.9282824462881885e-08	2.1394213869543737e-06	0.0027161803985254	0.0001585293751731	2.5131562792805182e-08	7.377635957333602e-06	0.0	0.0	0.0	0.0	0.0
884.0664082020949	1.3406192203966611	1.7972598940969515	781573.414111353	1265.678995729403	-4.52583476059317	20.48318028019344	1601943.32023059	834.7447085686157	-0.4855812049470387	696798.7284833031	0.235789106597818	902.3776211959524	762.6733236916458	0.997046	28.432556	0.0356135967983785	0.016922015040294	-0.0110209494	0.0338130837	-0.0492181212	-0.1053073122	-0.0793535743	0.0790769942	0.0315275196	-0.0077134997	-0.1102558328	-0.1662608615	-0.0220203771	0.1431136602	-0.0616984357	-0.0055958628	0.049560795	-0.0683168295	-0.0704484296	0.1451768048	-0.0743381548	-0.0589912231	-0.0328772888	0.1097785477	0.0155030109	0.0418990272	0.1043883993	0.1350619264	0.148981398	-0.0252833047	-0.1005870857	-0.0067156699	0.0704562847	-0.0552094322	0.1692212615	-0.0191111256	-0.0228165925	-0.0300454984	0.1108061582	-0.063222649	0.1699457762	0.0528593588	0.0630462409	0.0867883562	-0.0762504335	-0.0292529638	-0.0258406852	-0.0468646806	-0.0328126744	-0.0235681484	0.004022484	0.097968243	-0.0491618152	-0.17563279	0.0890723303	-0.0022175309	0.040161093	-0.2144545453	0.0171034765	-0.0822479728	0.0306733148	0.0409406045	-0.150729582	-0.0204829113	0.1686320136	-0.0238751851	-0.097144473	-0.1154595539	-0.0995421869	0.0367902249	0.1353888041	-0.1120120584	0.1709466618	-0.0611598264	-0.0523649685	-0.0623136316	-0.0172238659	-0.0921868472	0.1014777364	0.0185629168	-0.1282657605	-0.0507884161	-0.000932591	-0.099081441	-0.11899243	0.0015045343	0.0575106004	0.0133752852	0.1140762773	-0.0793754356	-0.0051351602	0.0612938148	-0.1169878147	0.1769109738	-0.0488314794	-0.1131186618	0.0464059136	-0.0659462817	0.030212912	0.0194459553	-0.0522495687	0.0746549316	-0.029579377	0.0482939474	-0.1063690036	0.0297070584	-0.0287584962	0.0891974298	-0.0126652177	0.0301631889	0.0909830794	0.1492488042	0.0684048652	-0.1054678416	-0.0033975285	-0.1301335506	-0.1570930756	0.0187046631	0.0193240156	-0.145401436	0.1026804333	0.1485957452	-0.0185248178	-0.1237830955	0.0540487397	0.1082719048	0.2004113820384816	0.0062007185553625	3.8448910602816805e-05	0.0401647220505742	0.0941377368276903	-0.0034854125806446	0.0088619134950394	1.2148100857316291e-05	-0.347618347208197	0.0057806783830613	3.341624256839336e-05	0.1208385153157586	0.0002400602669411	-9.257254678999824e-07	5.76289317638322e-08	8.569676419186411e-13	-0.0012191954596503	0.0002434806449451	5.9282824462881885e-08	1.4864375688319062e-06	0.0025576510233522	-0.0001585293751731	2.5131562792805182e-08	6.541578757254556e-06	0.0	0.0	0.0	0.0	0.0
882.63324223035	-1.43316597174487	2.053964702567418	779041.4402900597	1277.778950873222	12.099955143818988	146.40891448243158	1632719.0472946716	835.0948109437587	0.3501023751430239	697383.3432651921	0.1225716730807866	902.4836908155872	765.7216820455302	1.038189	29.605824	0.0748009605401553	0.033923356488446	-0.0679711296	0.0433059372	0.0111774761	0.0413620159	0.1622946523	-0.1565325261	-0.0867632348	0.1163224759	0.141565984	0.0450596382	-0.023638473	-0.0667612687	-0.0137648648	-0.1362146255	-0.0897568308	-0.0365102809	-0.0465180135	0.0718779038	-0.0387879944	-0.0225428865	-0.0605467021	-0.048428521	-0.0239782862	-0.0864641434	-0.1240759533	0.0029140424	0.0194678698	-0.0475207953	-0.0588882668	-0.0020419584	-0.0130403587	0.0384905725	0.0702805737	-0.0523121023	-0.1126112823	0.0208178253	-0.0314658041	0.0542308803	0.156284269	0.0088108988	0.0334202869	0.0920035929	-0.075858825	-0.0415523431	-0.0230210629	0.1775362699	-0.007483446	-0.0652703566	0.0901045714	-0.0057234233	-0.1356328742	-0.1289561101	-0.0576956129	0.1511509334	0.1469068736	-0.1575236473	-0.0874982341	0.0446995409	-0.0838883878	-0.0840802356	0.0546846155	0.1369306883	-0.1171912687	-0.0361143676	-0.0302127771	0.0351772073	0.0165977861	-0.071927739	0.031251976	-0.0430082703	0.0511469639	0.0646242026	0.1160139583	-0.0047940292	-0.1106439641	0.1703232368	0.1304117493	0.084949031	-0.1101917549	-0.0149294746	0.0532353757	0.0853659314	0.0251037783	-0.0373244981	-0.068885837	0.046046061	-0.1417711331	-0.2089073003	-0.0653195422	0.0628680917	-0.0808599334	0.2020092586	-0.0282098559	0.0237568637	0.0085921303	0.026010223	0.0698216747	0.0501945506	-0.0076092475	-0.0206392778	0.0686038137	-0.0656293707	0.1581426454	0.0331519658	-0.0343756548	0.1133222894	0.0431987209	-0.0021979351	-0.1409591846	0.0503510926	-0.0374190523	-0.0937695409	-0.0193839104	-0.0444118528	0.0119391338	-0.1206131586	-0.1754161659	0.1521260157	0.1029597893	-0.0019023945	-0.0218629269	-0.1216944932	0.063080731	0.1003291122	0.1898657832552146	-0.0105455987832669	0.0001112096536976	0.0360490156511161	0.0904347053601526	-0.0037030314675376	0.0081784359335776	1.3712442049574402e-05	-0.3363841200426591	0.0112342271655379	0.0001262078600069	0.113154276216874	-2.312382067745536e-05	-0.0002631840876185	5.34711082723112e-10	6.926586397561145e-08	-0.0016930375018755	-0.0004738420422252	2.245262809801483e-07	2.866375982756834e-06	0.0028069869559847	0.0002493359326324	6.216840730171844e-08	7.879175771068252e-06	0.0	0.0	0.0	0.0	0.0
884.0979492208506	1.464706990500645	2.145366568021456	781629.1838165137	1270.771566085233	-7.00738478798894	49.1034415669388	1614860.3731707155	836.4289049709316	1.3340940271729096	699613.3130708718	1.779806873338432	903.5784228372434	756.8711723969456	0.993392	28.328339	0.1068310104429335	0.067490201051123	-0.011058237	0.022031984	0.0525221268	0.1425015094	-0.0555807793	-0.0061280734	0.0769181727	-0.0679479945	0.125391342	-0.0022310222	0.0899877136	-0.1497023572	-0.0360093949	-0.0788635306	-0.0015874702	0.0387063613	0.0964062805	-0.1352031666	-0.0682200815	0.0297013172	-0.002815804	-0.0872222823	-0.093859086	0.009197862	0.0388300036	-0.085940502	-0.1497304797	-0.0090804228	0.0340786315	-0.115501922	0.0123395608	0.0311021457	-0.0404511652	-0.0503883722	0.0805982617	-0.0694805318	0.1478244088	0.0606073696	-0.1043586562	0.1095644539	-0.0291033707	0.1937896066	-0.0815286717	0.01137931	0.0635532538	-0.0013021442	-0.0178738723	0.1215748669	-0.0825883267	-0.0936663174	0.0322276389	0.0248876174	0.1755873459	0.1325652319	-0.0479332651	-0.029900808	-0.0496323538	0.0726928453	-0.0135375183	0.01607019	0.140150973	-0.1601663463	0.0397002034	-0.2025929389	-0.0215741953	0.0543309758	0.0380428306	-0.0223551416	-0.0331716592	-0.0022846515	-0.1609386586	-0.0755089171	0.0427598562	-0.1701164829	-0.0530633882	0.0852793056	-0.0976938188	0.0158018628	0.0173913972	-0.1381831477	0.0016035632	-0.0365779217	-0.0311336377	0.1019957099	-0.0163800624	-0.0438381838	0.0373420363	-0.0357279401	-0.0370809348	0.1066934106	-0.0569316951	0.0065981607	-0.0004851398	0.0728012512	-0.0810610607	0.0740925231	0.0503871933	-0.0414094778	0.0964653423	-0.1130632762	0.0577422479	-0.0219776443	-0.0398881706	0.082458279	-0.0469907769	-0.0428543839	0.0742945772	0.0521004223	-0.0512684937	0.0716811783	-0.0187328028	-0.1456971998	-0.1202000374	-0.0174190741	-0.0387698643	0.0629017951	-0.1351816322	-0.036783782	-0.1774567106	0.0900757826	-0.0251860523	-0.1192723348	0.0717238087	0.0912870929	0.2029470514269604	0.0130812681717457	0.0001711195769811	0.0411875056828973	0.099931937262383	0.0094972319022303	0.0099863920850128	9.01974138047428e-05	-0.3962440547053987	-0.0598599346627395	0.0035832117778274	0.1570093508893749	0.0003598591192429	0.0003829829399203	1.294985857022757e-07	1.466759322700385e-07	-0.0016459844515051	4.7053050370399934e-05	2.213989549159393e-09	2.709264814596545e-06	0.0028648024798183	5.781552383360032e-05	3.342634796153606e-09	8.207093248373081e-06	0.0	0.0	0.0	0.0	0.0
883.4458403215705	-0.6521088992801651	0.4252460165203885	780476.5527814858	1265.081058356598	-5.690507728634884	32.38187820965335	1600430.0842126503	835.0496054384497	-1.379299532481923	697307.8435429105	1.9024672003048515	902.7783287473438	767.0436140213335	0.991616	28.2777	0.0736193897031578	0.036191648773537	0.0087189773	0.0257531124	-0.0855194234	-0.0687835608	-0.189833521	0.0770914458	0.0618981248	-0.0611816471	-0.0116394435	-0.165464245	-0.0460223906	0.0124320913	-0.097512822	-0.0273364592	0.0927577013	0.0174678506	0.041176537	-0.0090880717	-0.0146451758	0.0138056236	-0.1229880282	0.098540748	-0.0367592643	0.0229946583	0.143768633	-0.0178927629	0.0172751051	0.0438782563	-0.0123208794	0.0208180235	-0.1379024864	-0.0515413755	0.0915582542	0.1372028405	-0.0021745218	-0.1317705421	0.0687711547	-0.0077914618	-0.0928797119	0.0050862484	-0.0098813343	-0.077053003	-0.0128336913	-0.0195388349	-0.1468258119	-0.0499760729	-0.1271106825	-0.0429822272	-0.0683656301	0.0360420244	-0.0936182012	0.1694867683	0.0180292151	-0.2111402396	0.099082418	-0.1327114816	0.0136671204	0.0039988635	0.0238154227	0.0546261609	-0.0721458961	-0.002244604	0.1449971088	-0.078598325	-0.0698249332	-0.0254175003	-0.0265425012	0.0572630732	0.044594287	0.0007693617	-0.0692946935	-0.0484764627	0.0169581096	0.0998226358	0.0175622899	-0.0593277657	0.0284633697	0.1006207619	-0.0838186803	0.00296099	0.1255071905	0.0620122143	-0.0113398436	0.1959272308	-0.1129591866	0.0657649353	0.0195000482	0.1366038443	-0.0349806582	0.0431763826	0.0132186896	0.0028526989	-0.0421714203	-0.2013145832	0.0431603561	-0.0001502922	0.0221225892	-0.0259724348	0.0201105649	0.1125814347	-0.0083409602	0.0877885744	-0.0920007259	0.0309321733	-0.0146566164	-0.082498214	0.0558483551	0.0020594016	-0.0568518389	0.0130361653	0.0987745017	-0.0894905867	-0.04848385	-0.074977419	-0.1434664711	0.0134588732	-0.0476752401	-0.0204296028	0.012201948	-0.1119756695	-0.0284919163	-0.1165232592	0.0799246852	0.0812449131	0.209840424326245	0.0068933728992846	4.751858992859137e-05	0.0440330036814185	0.0914014598780852	-0.0085304773842977	0.0083542268678452	7.276904440401618e-05	-0.3665756235984432	0.0296684311069554	0.0008802158043481	0.1343776878165875	0.0007499732902923	0.0003901141710494	5.624599361518585e-07	1.5218906645356056e-07	-0.0016308730115952	1.5111439909900118e-05	2.2835561615052206e-10	2.6597467799495973e-06	0.0030301190351114	0.000165316555293	2.732956345397649e-08	9.18162136694444e-06	0.0	0.0	0.0	0.0	0.0
882.572831060877	-0.8730092606934932	0.7621451692565995	778934.8021268114	1264.494442422881	-0.5866159337169847	0.3441182536906498	1598946.1949183529	835.1095934971667	0.0599880587169536	697408.033151003	0.0035985671886286	901.5578128311292	758.9892699969972	0.928705	26.483688	0.0114757203408984	0.0058210309314655	-0.0301411129	0.0524356586	-3.82003e-05	-0.0458571625	-0.0035797556	0.0099932318	0.0102718264	-0.0124296554	-0.0868678891	-0.0027764855	-0.0738585472	0.070087049	-0.0647669407	0.0286644498	0.062755836	0.0856628739	-0.0171101259	-0.0863816391	-0.0144255279	0.0059048808	-0.044448625	0.0069484323	-0.0037814205	-0.0970914956	-0.0122375974	0.0491608775	0.0749901983	-0.0210207684	-0.1097449296	0.0281777481	0.1197096044	0.0197501945	0.0795325	-0.0650511385	-0.0120595768	0.0342918377	-0.0096375391	-0.0607874978	-0.0888083168	0.0645233096	0.0014355707	-0.120184949	0.1308601523	0.1850436608	0.2173891187	-0.0968785618	-0.1722250607	0.2178927139	0.050839782	0.0410002328	0.0202896147	-0.121855537	0.0086144249	-0.168704244	0.0291743627	0.0533523489	0.115967812	-0.0145288509	-0.0373540668	0.0235076869	-0.1074660681	0.0648659346	0.0180526114	0.0260713261	-0.0008310532	-0.0720816567	-0.0040775466	0.0832978704	0.0263276269	-0.0250031942	-0.0398067089	-0.0754501028	0.0024020749	-0.07736291	0.0610386501	0.0072109305	-0.0808432484	-0.0042106999	0.1380810915	-0.0131495671	0.0720356109	-0.0040619902	-0.2876665862	-0.0956823891	0.0407309636	0.1027885977	-0.0325931812	0.0225887883	-0.0816981035	0.1494488205	0.029682281	0.1287664078	-0.040597751	0.0933602017	-0.1429857817	0.0474955363	0.0572026181	0.0003567067	-0.0145002493	0.049005293	-0.0261182276	0.0056056063	0.0139303706	-0.0545048569	-0.0303299721	-0.0067683117	-0.0958014412	0.0654001227	0.034542725	0.1770275026	0.0672208102	-0.1147617399	0.0238678851	-0.1102845087	-0.1301033452	0.060115017	-0.0758269353	0.0902807328	0.0162747465	0.0426372898	-0.0317782535	-0.1134548014	0.0876327994	0.0703125971	0.2098072990810493	-3.3125245195692044e-05	1.0972818692747187e-09	0.0440191027476848	0.0951813758702542	0.0037799159921689	0.0090594943125546	1.4287764907854914e-05	-0.370232043193802	-0.0036564195953587	1.3369404257323695e-05	0.1370717658074572	0.00071993250091	-3.0040789382300035e-05	5.183028058665271e-07	9.024490267117103e-10	-0.001630931514466	-5.850287079995146e-08	3.422585891835812e-15	2.65993760487836e-06	0.002980093137201	-5.002589791039966e-05	2.502590461741729e-09	8.880955106392499e-06	0.0	0.0	0.0	0.0	0.0
881.9734770853314	-0.5993539755455686	0.359225188002278	777877.2142819896	1275.2666049986394	10.77216257575833	116.03948655856831	1626304.913824756	834.738462818724	-0.3711306784426824	696788.3013089662	0.1377379804813257	902.9954392732412	757.2573903522411	0.914521	26.079205	0.0506655036880293	0.0248749034378106	0.0007542239	0.024775434	0.0553087402	-0.0399493084	0.0615941453	-0.1157425876	-0.0543459299	0.0789122876	0.0949538136	-0.0024923107	-0.0808383453	0.0255339464	0.0809651909	-0.1135948587	0.0636534166	0.0633923649	0.1796632068	0.1196759837	-0.0305374123	-0.0519155117	0.0547052938	0.0140222668	0.0322016962	-0.1139334833	0.0281936538	-0.0096585245	0.0301861112	-0.0844676266	-0.0104527347	0.0121983757	0.0143741918	-0.0791631745	-0.1978521455	-0.0088770298	-0.0568212566	-0.0689837091	-0.1416056606	-0.1097538678	0.0163932355	-0.0043938809	0.0222728778	-0.009054538	-0.0613065434	-0.1897355262	-0.1164626013	-0.0077661451	-0.0462311402	0.022230252	0.2148669939	0.0516768778	0.1666899706	0.1937951589	0.008167698	0.1043931402	0.0201510799	-0.0079871855	0.1014379423	0.0121255768	-0.0598796924	-0.042256823	0.0342429093	0.0447447272	-0.0127872907	-0.0330787045	-0.1117929401	-0.0274088244	-0.0380039988	-0.0720854306	-0.0401771775	-0.114383241	-0.0425119296	-0.0892089336	0.0422964811	0.0142420175	-0.0231727525	-0.0971638137	0.0971584136	0.0647741461	0.0445295481	-0.0192786607	0.0897656442	0.0826979261	0.114870719	-0.1649946338	-0.1155523973	-0.0851023669	-0.2321824942	0.000678753	0.0004228038	-0.110649082	0.0155995642	-0.1688922449	0.1137724592	0.127168583	0.0620196379	-0.0561270583	0.037522607	-0.0081327459	-0.0606063083	0.0108918675	0.0783464505	0.0347134918	0.0194433214	-0.0156398925	-0.0633868776	0.0324569316	-0.0906771055	0.1019269988	-0.1515581563	0.1288309488	0.0261392303	-0.0620739114	0.0027109435	-0.0197010301	-0.1224355848	-0.1045670172	0.0288036435	0.0085551371	-0.043958021	-0.1340814856	-0.0350428114	-0.1100753719	0.0948006283	0.0586099215	0.2242604951747893	0.0144531960937399	0.0002088948773241	0.0502927696960417	0.1070285993763064	0.0118472235060522	0.0114551210844538	0.0001403567048023	-0.3712445789031591	-0.0010125357093571	1.0252285627233054e-06	0.1378225373649839	0.0009451832541029	0.0002252507531929	8.933713838365473e-07	5.0737901813968784e-08	-0.0017000162520166	-6.90847375506001e-05	4.7727009624352954e-09	2.890055257120568e-06	0.0031528086140351	0.000172715476834	2.9830635938030514e-08	9.940202156733929e-06	0.0	0.0	0.0	0.0	0.0
880.0646989893992	-1.9087780959322345	3.6434338195106863	774513.8744073018	1266.3268743616934	-8.939730636946024	79.91878386115137	1603583.752730656	836.7690451419244	2.030582323200406	700182.4349077279	4.123264571293958	904.1901965367828	751.870430123454	0.959296	27.356031	0.027034301091418	0.0142199890354922	0.0072280458	0.0140657699	0.2075418972	-0.0719005721	-0.0688572469	-0.0017125873	0.0046902738	-0.1117804081	-0.0095305809	-0.063555074	-0.2089714517	-0.1099187695	0.0592412887	-0.039984651	-0.0201337747	-0.0140781629	0.0984456077	-0.0210596479	-0.000866562	0.0841183161	0.0806475418	0.2517053468	0.046686754	0.0095349644	-0.0678718603	0.0047907692	-0.08835101	0.0619949867	-0.0506925062	-0.0681604485	0.0782752173	0.1236246342	0.1234698093	-0.00480115	0.0140296283	0.1224272698	0.1255188293	-0.1882572515	0.019661858	-0.095320801	0.0629563283	-0.0249738402	-0.0428931115	-0.0328327399	-0.1683867556	0.1259892729	-0.1508167823	-0.0491384882	-0.0107223297	-0.0344802346	0.0012124474	0.0532848889	0.0150776307	-0.0301043042	0.022253612	0.0195905297	0.0359527689	-0.0187925045	0.0257423956	-0.0319599935	0.087627861	0.1315413177	0.2074316689	-0.0662742194	-0.0018185226	0.0340969577	0.0459272064	0.0062385871	-0.0609606651	-0.1002487247	0.0337836387	0.0124898613	-0.0940139754	-0.0589232149	0.067756838	0.02155159	0.0899689613	0.1680828137	-0.0121147255	-0.0163306106	-0.2286107771	-0.0659682935	-0.05214507	-0.1223366132	-0.0380203547	-0.0290117229	-0.018563903	0.0854675107	0.0659121069	-0.0246708075	-0.0036223171	0.0380700917	-0.0451183294	-0.2482456033	-0.1218777942	0.0040680119	0.0495296892	-0.0074269387	-0.0411205271	0.026073765	0.0873255874	-0.0897345731	-0.1333054204	-0.0142236003	0.0459254793	-0.1254669405	-0.027754126	0.1192476314	-0.1062499759	0.0498447293	0.0457058482	-0.0470503578	-0.0468025025	-0.10929523	-0.0252164287	-0.0775666532	0.0004819202	0.1000365328	-0.1965691368	-0.0852389818	-0.0382833527	-0.1063942335	0.1013839798	0.0462651033	0.2251640152204714	0.000903520045682	8.163484729493624e-07	0.0506988337502046	0.108253494220591	0.0012248948442845	0.0117188190109675	1.500367379554972e-06	-0.3590777119952477	0.0121668669079114	0.0001480326503548	0.128936803251742	0.0010951111137318	0.0001499278596288	1.1992683514189033e-06	2.2478363092903134e-08	-0.0016342582783686	6.575797364799995e-05	4.3241110982910575e-09	2.6708001204163005e-06	0.003191903166629	3.909455259389983e-05	1.5283840425171994e-09	1.0188245825136236e-05	0.0	0.0	0.0	0.0	0.0
883.2097669971165	3.1450680077173274	9.89145277316704	780059.4925191008	1263.2782511237924	-3.0486232379009834	9.294103646669877	1595871.9397623874	836.1457052298747	-0.623339912049687	699139.6403743644	0.3885526459541115	902.6089280651462	759.6250645309561	0.964173	27.495117	0.0456041770093971	0.0241009862588942	-0.0358631155	-0.0121630572	0.0658235046	-0.0203768369	0.0171715374	-0.0111257542	0.007719341	-0.0644000261	-0.2128586323	0.0303850621	-0.1296057693	-0.0770286158	-0.1392446989	-0.0604600195	-0.0328383616	0.0407072628	-0.0829290435	-0.0376556807	-0.0367878132	0.0198467092	-0.0913319955	0.1736400375	0.067895926	0.0410781273	-0.1635698676	0.0153424244	-0.0604997977	0.109121164	-0.0422632499	0.1154797406	-0.0716732811	-0.0069638921	-0.1456109844	-0.0150807534	0.0010666385	-0.0829015852	0.0770421241	-0.0030318758	-0.0440411639	0.0201591534	0.0797498253	-0.0131970628	0.0363740074	0.0042782603	0.181260229	0.0677448933	-0.018500269	-0.0644710973	0.1205406215	-0.0153314864	0.144170509	0.0477472718	0.0610246304	-0.050200694	-0.0216868956	0.0615490856	-0.1255593504	-0.1392964778	-0.0299299176	-0.0139615829	-0.1556840274	0.1520667061	0.1201066301	-0.0955941079	0.0594640361	0.1411933844	-0.0283178651	0.0024852561	0.0422197026	0.1020812343	-0.0079733242	-0.0677127283	-0.0645615195	-0.0656055482	0.0325334779	0.065935053	0.051465749	0.0123973522	0.0185468864	-0.0249944698	-0.0244627385	-0.0142272409	-0.0651965229	-0.1285417163	0.034896006	-0.0662519098	0.1011498287	-0.0485143891	0.0075432854	0.2011975649	0.1861157151	-0.0973081199	-0.1204899105	0.103928687	0.1932995195	-0.0423900954	0.0446254463	0.018552577	0.0058366559	0.1451803902	0.0374386512	-0.0725398212	-0.0137438016	0.0134709385	0.1165817798	-0.1118306064	-0.0904042501	0.0686158809	-0.071967391	-0.0824193042	0.0350445037	-0.063686148	-0.0876666868	-0.1118804798	-0.0332245198	-0.0075009204	0.1568832614	0.0131497495	0.0228503139	0.0037419359	-0.0414976565	-0.1024214758	0.1073422654	0.033413395	0.219031076700972	-0.0061329385194993	3.76129348839594e-05	0.047974612560787	0.0977186797968414	-0.0105348144237495	0.0095489403812376	0.0001109823149428	-0.3614328537204159	-0.0023551417251682	5.546692545628284e-06	0.1306337077484835	0.0014859611126318	0.0003908499989	2.208080428253937e-06	1.5276372164013e-07	-0.0015832009793781	5.105729899050008e-05	2.6068477802053203e-09	2.506525341103775e-06	0.0031021848176999	-8.971834892909994e-05	8.049382134563728e-09	9.623550643167762e-06	0.0	0.0	0.0	0.0	0.0
884.1428589566058	0.9330919594892748	0.8706606048635345	781708.5950439605	1267.598658146749	4.320407022956488	18.66591684401174	1606806.3581354383	836.353541951456	0.2078367215813159	699487.2471347459	0.0431961028376694	902.816279883958	761.2600169750206	0.923865	26.345673	0.0516733912134788	0.0233710716458012	-0.0745608201	0.0563356032	0.0357279651	0.1122193766	0.0795944391	-0.0373415141	0.0905499406	0.0117101533	-0.1324147243	0.0405922806	0.0272405491	-0.021839603	-0.038282282	-0.100740093	-0.0267866308	0.0360856968	0.0636669082	-0.0399777366	-0.0256679265	0.0085406341	-0.1297715299	0.0028064584	0.0908987639	0.0216138371	0.0831178358	0.015422226	-0.0236144722	-0.1424076959	-0.1507667032	-0.1111345534	-0.0185403966	0.0383571355	-0.0449577532	0.211051796	-0.0270402737	0.1145547997	0.0749129748	0.0385269249	0.0134943269	-0.1816982405	0.0156210529	0.0737874997	0.0014614222	-0.0192570064	0.0549207078	0.0477201323	-0.090351022	0.2304689395	-0.0379565099	0.0270315834	0.1464674845	-0.1700650379	-0.0911450096	-0.1209220238	0.0401447469	0.0175638354	-0.0107872912	-0.0048211462	-0.1195182658	0.010630371	-0.0887506212	0.0244334022	-0.0681338761	-0.0572039354	0.0116390203	0.1336725372	0.1175979864	0.020245733	0.0186291719	-0.1664479923	0.1609071041	0.0376291859	-0.0417929674	0.0529664825	0.1275369817	0.0550759592	-0.0613746359	-0.018478727	0.0729164175	-0.0190801154	0.0874573435	-0.0119504094	0.1304042864	0.0205987802	0.1452875201	0.1280837698	0.1047753191	0.0015496779	-0.0629128848	0.1650188172	0.0707934624	0.0490275252	-0.1754976898	-0.0040888253	-0.0378142825	0.047090508	0.0808380105	0.0320663202	0.0236091202	0.0342923286	-0.0045222757	-0.1079835189	0.0908406211	-0.0739954691	-0.0639322074	-0.1445455614	-0.1405023019	0.0489260408	0.042627535	0.1208115807	0.0225799616	-0.0330826322	0.0532573548	-0.0561209889	-0.0445199501	0.0654261789	-0.0628846111	0.0328886572	0.1720610053	0.0138937145	-0.0446835199	-0.098167988	0.1126387502	0.0201956026	0.2315898584817262	0.0125587817807542	0.0001577229998166	0.0536338625515859	0.1010719143967833	0.0033532345999418	0.0102155318798306	1.1244182282247504e-05	-0.3550027373044031	0.0064301164160127	4.134639712347685e-05	0.126026943493619	0.0011861263901666	-0.0002998347224652	1.4068958134496491e-06	8.99008607957835e-08	-0.0014307440523366	0.0001524569270415	2.324311460293726e-08	2.0470285432965555e-06	0.0029678512988712	-0.0001343335188287	1.8045494280900692e-08	8.808141332211469e-06	0.0	0.0	0.0	0.0	0.0
883.978915169654	-0.1639437869517905	0.026877565280094	781418.7224645183	1270.8469824754554	3.2483243287065307	10.551610944466733	1615052.0528669704	836.1872073665397	-0.1663345849162851	699209.0457634525	0.0276671941392728	903.9699508980224	757.3617675787286	0.89837	25.618624	0.0865999918775886	0.0474827191191085	0.0081425236	0.0174571741	0.010379192	0.1372624577	0.0712934907	-0.0194631844	0.0958253464	0.1069233228	0.0215039686	0.0094505064	0.0614424608	0.1055787093	0.0419417236	-0.0718953676	-0.127151844	0.1162317789	0.0949600579	0.0501077004	-0.058231173	0.0141223078	-0.0544553171	-0.0884988819	0.1062621728	-0.1034700165	0.0250015621	-0.0863979408	-0.0401920483	-0.0647130441	0.0083843876	-0.0950879094	0.063490472	-0.0996829184	0.1012034427	0.0371524927	-0.1444375081	0.1761996049	-0.1077491371	0.0641845965	-0.0104051108	-0.0274328174	0.028657172	-0.3169512564	-0.073616608	-0.0478449659	0.0552401051	0.1224765698	0.0491280988	-0.1491810107	-0.1289028496	0.049855774	-0.0629748501	-0.1271271802	0.0769009581	0.0540671057	-0.0833743624	0.0785003051	-0.0914582601	0.0727256703	-0.0741604501	0.068578098	-0.0053102021	-0.0187560298	-0.0671919609	0.0048034794	-0.0953906914	0.0212303581	0.0251948633	-0.0787371402	0.0704992699	-0.1874048524	-0.0008088771	0.1355287224	-0.0688986058	-0.0618976494	-0.1128029769	0.0177963002	0.0793534302	-0.1418922968	-0.002244378	0.1140039278	-0.0288863551	-0.0024712878	-0.0706283058	0.0157900839	0.1209570026	0.1382770607	-0.0675011729	-0.025263418	0.0718243208	-0.1302796008	-0.0303438703	-0.0066581783	0.1263278465	-0.0358543538	0.1502699974	0.0651432334	0.0482425072	-0.0376019494	0.0267946041	-0.0487028182	0.0440256763	-0.0265888163	0.0743408046	0.0122233077	-0.0572016254	-0.0429704614	-0.12843206	0.0330927506	0.0359902427	0.0763105266	0.0297610019	0.0768219234	-0.0507733927	0.0595154552	-0.0207364232	-0.0968734762	0.0430694406	-0.0420111365	0.0083723116	-0.0451218237	-0.0478387595	-0.0936454286	0.1172407796	0.0067565429	0.2416154294160293	0.010025570934303	0.0001005120725587	0.0583780157318922	0.1139975253164067	0.0129256109196233	0.0129954357782647	0.0001670714176454	-0.3954222946447103	-0.0404195573403071	0.0016337406155863	0.156358791102088	0.0014193864916439	0.0002332601014772	2.0146580126611788e-06	5.441027494120029e-08	-0.0015443154807914	-0.0001135714284548	1.2898469361263777e-08	2.3849103042119733e-06	0.0030856048226062	0.000117753523735	1.3865892352009256e-08	9.52095712129064e-06	0.0	0.0	0.0	0.0	0.0
885.2539723579097	1.275057188255687	1.6257708333224985	783674.5955754587	1273.8160254209097	2.969042945454248	8.815216011951637	1622607.2666191235	835.2289383850408	-0.958268981498918	697607.3795158023	0.9182794409029738	903.1003770352808	768.4898259609561	0.912469	26.020679	0.039436020303082	0.0237218548313508	-0.0392687952	0.0995097984	-0.0083891015	0.0924530287	-0.021862259	-0.0657283901	0.1637548922	0.1432985134	-0.0496058793	-0.0384360913	-0.03096641	0.0016474986	0.1066066762	0.0853693938	0.1059819058	-0.0849125842	0.0641401883	0.0119768712	-0.0366946927	0.0647805152	-0.0792245968	-0.0452127388	-0.069135719	-0.1359150617	0.0582028557	0.0106780388	0.0663767956	-0.0840672902	0.1206468182	0.1403396155	0.0864568218	0.0421327143	-0.0045919276	-0.0491192238	0.0218618983	-0.0620578299	-0.033848162	-0.0106146594	-0.0205223348	0.0678690389	0.1885845308	0.0549869835	-0.1557334991	-0.0143710706	-0.021962363	-0.1430247299	0.0833080845	-0.0141813185	-0.0246846232	0.072629622	-0.0276753819	0.13435991	-0.2260431063	0.0553571698	0.0390848822	0.0673542103	-0.2009529895	-0.0760029135	-0.1129287377	0.1336225206	-0.0916374762	-0.0597711371	-0.0571999015	-0.0229360838	-0.0400253614	-0.1139646908	-0.0541409573	-0.1135314866	-0.1067335021	-0.0538956211	-0.1081729265	-0.027053379	0.0346765355	0.0045784156	0.0577100373	-0.0011440304	-0.1115673566	-0.0172931981	-0.1035782135	0.0262949834	-0.0911613313	0.1065683219	-0.0082713683	0.0200033374	-0.1107360544	-0.0667090122	-0.0407932854	-0.143399478	0.0966177102	-0.1670021917	-0.0585646908	0.0989882065	-0.2080081695	0.0116945381	-0.0139497431	-0.15948402	0.1130604393	-0.0673591879	0.0459579143	-0.0778996488	-0.0383926707	0.0353139629	0.032176434	0.0341445141	-0.1232365803	0.004783853	-0.1050483236	-0.0183954426	-0.0922594611	-0.0666010741	0.0867575358	0.1178157504	-0.0160048593	0.1492880841	-0.0156039608	0.0550027635	0.0249990787	-0.0495093839	-0.218007187	-0.1185107252	-0.0509612127	-0.0888661936	0.1211199807	-0.0067565429	0.2414270618837548	-0.0001883675322744	3.5482327215183706e-08	0.0582870262098223	0.1290316555989505	0.0150341302825438	0.0166491681466061	0.0002260250733525	-0.3908823797412566	0.0045399149034536	2.061082733060083e-05	0.1527890347921879	0.0014230528865329	3.666394889000014e-06	2.0250795178696187e-06	1.3442451482085426e-11	-0.0014900475155419	5.426796524950011e-05	2.945012052320951e-09	2.2202415985725886e-06	0.0027500670310485	-0.0003355377915577	1.1258560956341877e-07	7.56286867525991e-06	0.0	0.0	0.0	0.0	0.0
886.8398829478025	1.5859105898928192	2.51511239913419	786484.9779868721	1269.9111840051548	-3.904841415754845	15.247786482194302	1612674.4152613743	838.1771593375221	2.948220952481279	702540.9504351179	8.69200678464962	904.9080711655604	763.7805701831222	0.945721	26.968916	0.1205295197124551	0.0599354313309322	-0.001169035	0.1503572167	-0.0582467446	-0.0242724964	0.0121134257	-0.0251754867	-0.0051328461	0.213427077	0.0407044337	-0.1111175325	-0.0042244161	-0.0625370649	0.0947311551	0.0308401293	0.1204757883	0.026405327	-0.0302845169	0.0195524061	-0.0967030131	0.1506354252	0.0268076026	0.003005182	-0.0375602249	-0.0800710437	0.0563194533	0.0554234258	0.1065371435	0.0243061483	0.0058976445	-0.0611313482	-0.0845414264	-0.0964685166	-0.0135235203	-0.1346006297	0.0628109956	0.1283548238	0.0009621485	-0.1068621386	0.098586045	-0.1033735962	-0.2282865288	0.0799623453	-0.0318330593	0.211382927	0.1176573738	0.0303466893	-0.0458445354	-0.22866058	0.0261999289	-0.0302633348	0.0626778175	0.0868273446	-0.0370438373	-0.0478413598	-0.0100215889	0.0162440855	-0.1106578102	-0.0385044519	-0.0861878418	0.1112846818	0.0331423337	-0.0103685949	-0.0197666422	-0.0483506419	-0.0424049077	-0.2183358059	-0.0391928622	-0.065753806	0.093606248	0.1038721074	0.0717017186	-0.114841746	0.1284695051	-0.0344810624	-0.0418018309	-0.077826251	-0.1295676199	0.1087328133	-0.0905185464	-0.0223061722	-0.0364892837	-0.1057217836	0.0566568557	-0.0298704989	0.0492621542	0.1953227164	-0.0783225787	0.095170899	0.179164663	-0.0698185831	-0.0712986247	-0.0123807306	0.0824391423	0.1066914356	-0.0270430863	-0.0828623457	0.1167713058	-0.0411158686	-0.0371940354	-0.0761194812	-0.0609531706	0.1493768288	0.0015407592	0.0984760542	-0.0536449502	0.207760371	-0.0370556065	-0.0741381822	-0.0957787361	-0.0018927099	0.1210550384	0.0048432058	-0.0639973098	0.0172774824	0.1134296863	0.0289051054	-0.0025358634	-0.0074790399	-0.0458977711	0.0321808472	-0.0540487397	-0.0838433825	0.1242524367	-0.0201956026	0.2197757247645739	-0.0216513371191808	0.0004687803990484	0.0483013691957937	0.1532054039058437	0.0241737483068932	0.0234718957859527	0.000584370107205	-0.4167613827271026	-0.025879002985846	0.0006697227955414	0.1736900501326065	0.0004940199161298	-0.0009290329704031	2.4405567753289465e-07	8.631022600960073e-07	-0.0014923352641198	-2.2877485779000933e-06	5.233793555683899e-12	2.227064540535513e-06	0.0027048791240188	-4.518790702969997e-05	2.0419469417248076e-09	7.31637107555271e-06	0.0	0.0	0.0	0.0	0.0
885.847284995281	-0.9925979525214644	0.9852506953498033	784725.4123335107	1278.9474300937798	9.03624608862492	81.65374337418918	1635706.5289434835	837.1008965306946	-1.076262806827458	700737.9109724927	1.158341629360118	906.212664410096	778.2285064141962	1.030349	29.382236	0.2063158940267663	0.1076792770680139	-0.0813742591	0.0384844056	0.0200822451	-0.1180888245	0.0563742485	-0.1474829992	-0.0553322614	-0.0922952953	0.1283950602	-0.0291186745	-0.0569759459	-0.083518839	-0.0029288327	-0.0643074615	0.1013505061	0.0827219598	0.0315106362	0.116321336	-0.0644989795	0.0646605425	0.1432909585	0.0946333084	-0.0823319122	-0.043927565	0.0035396219	0.0244432003	0.152325163	-0.0133153633	-0.0426768618	0.0871941482	-0.1891895972	0.0245190432	0.0118979873	0.0935647842	-0.0234456885	-0.076784281	-0.0297928524	0.032322743	-0.0981790446	0.0671401452	-0.0463346497	0.1007439877	-0.1530623248	-0.1252925538	0.0295461559	0.0220012698	0.0902445169	0.0637450139	-0.1453151124	-0.2089523623	0.0763173838	-0.1120546033	0.0658732289	-0.0715047796	0.0656256459	0.0692188469	-0.0242043632	0.0369875388	-0.069918648	-0.0708906508	0.1521825506	0.1160840339	0.1630194731	0.0207100534	0.0049710175	-0.05855756	-0.1080578103	-0.0293126974	-0.0811275353	-0.0107688197	0.0147895378	0.1472674504	0.0837184916	0.030008867	0.1199180181	-0.053463612	-0.1263251071	0.0677547937	-0.0421835657	0.1138469524	-0.0009968638	-0.0639577109	0.0735448747	0.2359579922	0.022400476	-0.0620188817	0.0073043629	-0.0241090702	-0.1268424524	0.1367394208	-0.0183327192	-0.1154157912	0.1015289018	-0.0115888843	-0.0019510116	-0.0328649822	0.1058630759	0.0553342411	-0.0896519516	0.0384335029	0.0770422013	0.0671932111	0.0295029521	-0.0946015515	0.1245494293	0.0139993296	0.1025945317	0.1259579274	0.0215556763	-0.0259231016	-0.1344366981	0.0262946241	-0.029071586	-0.1058382078	-0.0722231366	-0.0403762032	0.105666297	0.065633374	-0.1858032409	-0.1031660572	-0.0570992244	-0.0785907625	0.1266188352	-0.033413395	0.2416448739755736	0.0218691492109996	0.0004782596872129	0.0583922451186708	0.063261993570677	-0.0899434103351667	0.0040020798305363	0.0080898170627201	-0.3982165275492377	0.0185448551778649	0.0003439116535679	0.1585764028133728	0.0015256300863225	0.0010316101701926	2.327547160292399e-06	1.0642195432450112e-06	-0.0018558517512936	-0.0003635164871737	1.3214423644717948e-07	3.444185722779522e-06	0.002828922052707	0.0001240429286882	1.53866481575459e-08	8.002799980291987e-06	0.0	0.0	0.0	0.0	0.0
884.2442211612229	-1.6030638340581618	2.5698136560652536	781887.8426570176	1267.414813325605	-11.532616768174648	133.00124952158308	1606340.3090371783	835.7900086225352	-1.3108879081594296	698544.9385132574	1.718427107758605	902.967225450085	764.6887180443051	0.957834	27.314352	0.0920471916178277	0.048872551927635	-0.0378394678	0.0409576473	0.1043196014	0.0593827488	-0.012692769	-0.0269976785	0.0287399677	-0.0806110432	-0.0849913159	0.0365572202	-0.0211472284	-0.0863589557	-0.0647552893	-0.0051423084	-0.0340167599	0.0465002903	-0.0241477257	0.0342871506	-0.0262915462	0.0234511647	-0.0652160144	-0.0276717286	0.0090248498	0.0666231049	0.0149264384	0.0249573998	-0.0882324167	0.1248071997	0.0378839273	-0.0235486909	-0.0531383383	0.0462278549	-0.0019300804	-0.1407365645	-0.0143284958	-0.0283224685	-0.1098286362	-0.06754975	0.0017980257	0.1116960732	-0.0127957096	0.025014821	0.0336430807	-0.0334385112	-0.2688277758	0.0504909884	-0.1061255486	-0.056403666	-0.1963396361	0.0545696935	0.0945174	0.0165566537	0.0829163479	0.1721000318	-0.0316419479	0.0497899672	0.1907685982	-0.0423959705	-0.0541041634	-0.0312220414	-0.0145923088	0.0401609775	0.0674695626	-0.0448939562	0.0472932848	0.1769872499	-0.0195129219	0.0984554287	0.0637621777	0.0521859037	-0.0786300569	-0.0121927964	0.0087557793	0.0675692252	-0.0830147525	-0.1229071705	0.0050330853	-0.0037484761	-0.0429760968	-0.0171334689	-0.0933690198	0.0215804222	-0.0356751568	-0.0372387557	0.0311135911	-0.0897484789	-0.0944251944	0.0910190691	-0.0321603717	-0.0978445783	-0.0135327189	0.0116902563	-0.0138809638	-0.125976433	-0.0902680347	-0.077305706	0.0856410856	-0.0210317788	0.0311335471	-0.0319336395	0.0770806082	-0.0674883604	-0.0215411057	0.0826495528	0.0664550526	-0.1302056507	0.0321667915	0.0620350329	0.1322422305	0.0079855572	0.0707147008	0.138676982	-0.0994458915	-0.145565803	-0.0640566859	-0.1283315989	0.0115165224	0.0123608313	0.0629444639	-0.0738649216	-0.0601105761	-0.0731227308	0.1282045865	-0.0462651033	0.232394160192527	-0.0092507137830465	8.557570549584822e-05	0.0540070456915899	0.1032254933166996	0.0399634997460226	0.0106555024704759	0.0015970813119503	-0.3959815092370391	0.0022350183121985	4.9953068558629794e-06	0.1568013556576433	0.0017019140334334	0.0001762839471109	2.8965113771975444e-06	3.1076030008998616e-08	-0.0014893255770105	0.000366526174283	1.3434143643460534e-07	2.218090674337659e-06	0.0025597729785698	-0.0002691490741372	7.244122410891201e-08	6.552437701816106e-06	0.0	0.0	0.0	0.0	0.0
885.1312146648497	0.8869935036268544	0.7867574754762425	783457.2671740723	1266.784815315072	-0.6299980105331997	0.3968974932757896	1604743.768312841	836.9954563579385	1.2054477354032542	700561.3939638337	1.453104242788834	904.3568454462762	766.1987909616801	0.891316	25.417479	0.0518929192868101	0.030136318020238	-0.0288723291	0.0495030943	-0.0122942267	0.0849558501	-0.0776763842	0.0213639116	0.067993471	-0.0120069488	-0.116267136	-0.0223533684	0.0151668377	-0.0513686581	-0.0655052397	0.0247792772	-0.0280923115	0.0180757514	-0.0850871981	0.033045586	-0.033340393	0.0030019435	-0.0697547248	0.0046083325	0.0021728901	0.0186628133	-0.0870350153	0.0230735041	-0.1290870465	0.0567938161	0.0677661259	0.0400514882	-0.0234395667	0.0554434758	-0.0246498321	-0.1473163241	0.0595151463	-0.148335317	-0.0243015531	-0.0379198599	-0.0354296026	0.0033036334	0.0043468151	0.0236939825	-0.0713109363	0.0798671598	0.1155443735	-0.1095226347	0.0058210604	0.107384203	-0.0221006159	0.106012983	-0.0615721882	-0.0549770915	-0.2322772346	0.0690087199	-0.0317488465	-0.0516919258	-0.0084914916	-0.0958009869	-0.0227680401	0.0025049731	-0.052730173	-0.0257254406	0.0400014985	-0.0549390806	0.0652373914	0.0731550008	-0.0205422631	0.0198490197	0.088109088	0.0710702398	-0.106807308	-0.029319299	0.0315861818	0.0323697874	-0.0776440863	0.0484563949	-0.0705285005	-0.0250037569	-0.1202498058	0.0280434732	0.0185277794	0.0511415972	0.0438295828	0.0644548523	0.0730006541	-0.0449834201	0.0742232985	0.005212887	-0.0287566377	-0.1881610345	0.2164617988	0.0748523122	-0.0823703238	0.0817172474	0.0939093159	0.0623008371	0.085790862	-0.0126528466	0.0835663035	0.086939487	-0.0691993118	-0.018576891	0.0466278978	-0.0173841226	0.0933672746	-0.1197424479	-0.0098227359	-0.0220078433	0.0087446559	-0.0007640792	0.0876474397	0.062673948	-0.1577227785	-0.1270809963	0.1055460562	0.0491382611	0.1050781273	0.0024218179	-0.0060497982	-0.0415456965	-0.063080731	-0.0674542747	0.1289999139	-0.0586099215	0.2448250353180299	0.0124308751255028	0.0001545266563858	0.0599392979184745	0.106820718819435	0.0035952255027354	0.0114106659691007	1.2925646415519029e-05	-0.3943262573227173	0.0016552519143218	2.739858899866014e-06	0.1554931972141418	0.001926752497586	0.0002248384641526	3.712375186953889e-06	5.05523349625e-08	-0.001488102006697	1.2235703135000508e-06	1.4971243120786125e-12	2.214447582335638e-06	0.0030179422789887	0.0004581693004188	2.099191078463441e-07	9.107975599307508e-06	0.0	0.0	0.0	0.0	0.0
884.2382683001798	-0.8929463646699105	0.7973532101772088	781877.3151265008	1268.1230429729433	1.3382276578713572	1.7908532642918584	1608136.0521189573	835.8978296941561	-1.097626663782307	698725.1816874004	1.2047842930458783	903.451073932368	760.9677885292955	0.900377	25.675865	0.0957336036067396	0.0413784649887049	-0.0161941403	0.0631019933	0.0103484051	0.0687019642	-0.0404219506	-0.0042498724	0.1137707978	-0.0068949038	-0.0914146804	-0.0038424767	0.0107275627	0.0929163689	-0.0783297606	0.0425269012	-0.1195692589	0.1743918212	-0.0339826559	0.0902868106	-0.0190993175	-0.0025575112	-0.1173682964	-0.0864769487	0.059085855	-0.0290482392	0.05307986	-0.009101816	-0.0820452622	-0.0760250259	0.0035359493	0.062339734	-0.0791526724	-0.1995327667	-0.0478837545	0.0491959853	-0.0107832378	0.0110279862	-0.0479912512	-0.0486860901	0.0540151313	0.0273727207	-0.0495050645	-0.0670079321	-0.0383628893	0.0088677431	-0.1746898137	-0.2032733768	0.0383973698	0.0028496315	-0.0565560329	0.0522159014	0.0609379761	-0.0805948974	-0.0023521094	-0.0590026977	-0.0335492486	0.2350735403	0.0671584272	-0.1844158943	-0.046104269	0.054298202	-0.0599787034	-0.0509855967	-0.0184032913	0.0647035685	-0.0140363797	0.0964002512	-0.0482310911	0.0392797185	0.0611612799	-0.1399601791	-0.0869945419	0.0503886113	-0.0175496305	0.155236052	-0.0129471144	-0.0175098338	-0.0028931582	-0.0571348369	0.1668084839	0.004295935	0.0602750622	0.0184935032	0.0294845575	-0.1530822548	-0.160599774	0.0388752258	0.098636679	0.0469871071	0.112619987	-0.0480287576	-0.0236832331	-0.093739985	0.1410989103	-0.0254454361	-0.1511583571	-0.2171138128	0.1089964287	-0.0423874152	0.0401599583	-0.027309424	-0.0816313608	0.0024222155	0.0249955851	-0.1352710788	0.0136948929	-0.0661776098	-0.1505850096	0.0369042446	0.1647408371	0.1105782853	0.0823636549	-0.0155560214	0.0884037866	-0.0750581015	0.0439940702	0.0447864664	-0.0023197799	0.0518653622	0.0066327139	-0.0111356342	-0.0660076536	-0.0616009311	0.1289999139	-0.0703125971	0.2335380374128846	-0.0112869979051453	0.0001273963217107	0.0545400149186618	0.1294490896320752	0.0226283708126401	0.016757066806573	0.0005120431656343	-0.4052256838417065	-0.0108994265189891	0.0001187974984428	0.1642078548449786	0.0016197325389485	-0.0003070199586375	2.623533497728554e-06	9.426125500177227e-08	-0.0017414315359174	-0.0002533295292204	6.417585037502949e-08	3.032583794287635e-06	0.0025599155994473	-0.0004580266795414	2.0978843917172034e-07	6.553167876293628e-06	0.0	0.0	0.0	0.0	0.0
884.285647973367	0.0473796731871516	0.0022448334313212	781961.1072116775	1271.5108904074166	3.387847434473315	11.477510239267422	1616739.944424661	835.6141358042782	-0.2836938898778953	698250.9839559308	0.0804822231540514	903.9638254831264	764.9632642213805	0.8764779999999999	24.994354	0.0482849510135355	0.0252214550690322	-0.0234374401	0.0432678145	0.0203700849	0.0321653071	0.0485430237	-0.0653266587	0.0958149007	0.1383074055	-0.0898265276	0.0149863542	-0.0599260443	0.0209936251	0.1568929642	0.1613750542	-0.0283587032	0.0414981978	0.0773445791	-0.0054308075	0.0087300393	0.0360243315	0.0049175146	-0.1504075749	0.0165469093	-0.1905879396	0.0740962059	-0.1166410707	0.1709355576	0.1150992961	0.0313706768	-0.0171317079	-0.0698125088	0.098224802	0.0314747638	-0.0411854014	0.0178169903	-0.0576954111	-0.0933691891	0.1700356042	-0.0842241256	0.1081149561	0.0001956002	0.0182420317	0.0239922489	-0.0623009125	0.0964890071	0.0694265068	-0.0205129219	0.0420622993	-0.0164338214	-0.0067849406	0.0011824144	0.0918609823	0.1537904887	0.011715365	-0.0187191074	0.0941702856	-0.1042666872	-0.069854097	-0.0940118139	0.086841222	-0.0489508718	-0.0417358343	-0.0896881801	0.0867404532	-0.0558598781	0.0229015681	-0.0189813149	-0.1250517505	-0.0389231775	-0.0259926164	-0.0644264822	0.0490453375	0.118575756	-0.1968973623	0.0377077626	-0.1627812479	-0.1133466549	-0.0496674047	-0.0432545579	-0.0003441289	-0.049613501	0.1181263921	0.0282204124	0.0814874428	-0.0239493498	-0.0832677001	-0.1149032646	-0.056137135	0.0312256827	0.0252123458	0.0046158385	-0.1426158235	0.0003445742	-0.056898345	0.1825887098	0.0842369357	0.0832210224	-0.0128070071	-0.0134382279	-0.0512514296	0.0019871181	0.0859517645	0.0381564076	0.0183026588	0.0218139588	0.0822107192	-0.1233628093	-0.0108860207	0.016170572	0.0325241202	0.0938263345	0.1885956384	-0.0224102774	0.0386953995	0.0346401148	0.0458259825	0.063805451	0.0093243222	-0.104939922	0.0285368356	-0.0688893378	-0.0555787436	0.1282045865	-0.0812449131	0.241438729683125	0.0079006922702404	6.242093834903641e-05	0.0582926601910011	0.1189918804789016	-0.0104572091531735	0.0141590676199052	0.0001093532232732	-0.4246657105502081	-0.0194400267085015	0.0003779146384272	0.1803409657171131	0.0017013968045231	8.166426557460003e-05	2.894751086441416e-06	6.669052271838803e-09	-0.0018688271404245	-0.000127395604507	1.6229640047729428e-08	3.4925148807872136e-06	0.002560596186998	6.805875507002318e-07	4.631994141681406e-13	6.556652832868697e-06	0.0	0.0	0.0	0.0	0.0
885.8647473282603	1.5790993548932877	2.4935547726243965	784756.3505589623	1273.1503385005103	1.6394480930937334	2.6877900499486787	1620911.784423964	836.5117219166256	0.8975861123473123	699751.8609039179	0.805660829078762	904.1848025548492	767.1003267091035	0.90542	25.819681	0.034336462598629	0.0172671695851624	-0.0259655151	0.0939365718	0.0412465089	0.020737718	0.0470547599	-0.0743620204	0.0119062482	0.0492755481	0.020438723	-0.0544565132	-0.0485793095	-0.1776035395	0.1343522644	0.1151261601	0.0949243236	-0.0861243516	0.0554401999	-0.1456974652	-0.0488512747	0.004125193	-0.0351968618	-0.1611158643	0.0370422114	-0.0174406299	0.042694553	-0.0486810559	-0.0489069066	-0.0428272933	0.0792080108	0.0887724954	-0.0425457682	0.0161786217	-0.0111279709	-0.0975609903	0.0515077835	0.0568687139	-0.0360160638	0.007891557	0.0936319192	-0.0766941848	-0.1264795789	0.0128321643	0.019208046	0.0945970341	0.0350266259	0.0965421299	-0.0395842597	0.0303077389	0.0821425605	-0.0364080505	-0.0662710765	-0.1197804034	0.2134635332	-0.0587186388	0.1664842633	0.0416235616	-0.0410916495	0.1305403753	-0.1232401087	0.0527803084	0.0669047625	0.0048164858	-0.0613733472	-0.025251649	0.0405055017	-0.0509997541	-0.0097174372	0.0266975146	-0.0723419193	-0.030037552	-0.065957666	0.0209653762	0.1664625871	0.0236351691	-0.0919738509	0.0476046899	-0.0943569073	-0.0505136155	-0.0154113598	0.0320153208	-0.0894956081	-0.0435459664	-0.0145581422	-0.1537964872	-0.0133366536	0.0863385774	0.1920036088	-0.0791542134	-0.050138632	0.0097378945	0.0147294432	-0.0018573184	-0.038923872	0.0545607672	-0.0141639895	0.105007354	0.0910608535	-0.0516691248	0.0043318367	-0.0505020671	-0.0335595595	0.0495081104	0.0856936644	0.0392373328	0.1293839947	0.0870453948	0.0260191357	0.0077599268	-0.099517995	-0.0606856651	-0.1249110788	-0.0999167118	0.0006010179	0.0423004616	0.1197265724	0.1772568498	0.0347157848	0.2063872944	0.0056650167	0.0188182087	-0.0717238087	-0.0494042187	0.1266188352	-0.0912870929	0.2449356961256796	0.0034969664425545	1.2228774300352934e-05	0.0599934952365712	0.1068236491301348	-0.0121682313487667	0.0114112920134781	0.0001480658541571	-0.4262964322072307	-0.0016307216570226	2.6592531226825494e-06	0.181728648112614	0.0015330748832556	-0.0001683219212674	2.350318597669172e-06	2.8332269179182443e-08	-0.0019079412974498	-3.911415702530013e-05	1.5299172797998352e-09	3.6402399945144255e-06	0.0026939709717109	0.0001333747847129	1.7788833197212432e-08	7.257479596420971e-06	0.0	0.0	0.0	0.0	0.0
887.977333071262	2.112585743001773	4.463018521534354	788503.744048351	1275.0962412011531	1.945902700642819	3.786537320369016	1625870.4243253092	837.7388793696949	1.227157453069367	701806.4300075923	1.5059154146236955	905.7558990657504	778.3324191379145	0.928936	26.490263	0.0529421665181071	0.034036011065827	-0.045632556	0.0625107447	-0.0151004817	0.0570880719	-0.0683954203	-0.0361212708	0.0153408211	-0.0945680911	0.0595780725	-0.0073298691	0.1227043705	-0.1132949769	-0.101642747	0.0032355646	0.0924053117	0.1801663524	-0.0377915951	-0.1104984573	-0.0583745038	0.0687365752	-0.0440156651	-0.0840293313	-0.1565754512	0.0967639038	0.0016601305	-0.0746387332	-0.0318187465	-0.0116763414	0.0782601018	-0.0799387171	-0.0666451175	-0.1189641983	-0.0274007678	-0.0145824159	-0.0608546182	-0.0183618989	0.0024361783	0.0521186897	0.11570097	-0.0197857176	-0.0965297405	0.0816964366	0.0088056206	-0.0811941973	0.0236057235	-0.1281800886	-0.0420337406	-0.0703475745	0.146196156	0.1171558687	-0.1668046167	-0.093786273	-0.0141780337	-0.0209510343	-0.0277020298	0.1465825624	0.0501614772	0.1632781052	-0.0292381709	0.0168442419	0.0955299018	-0.1055971236	0.0683586861	-0.0643944636	0.0788951559	-0.0005324932	-0.0421921457	0.0150066388	-0.0286867528	0.0857631728	-0.067603671	0.1519846346	0.0558002438	-0.0320437347	-0.0006596478	0.1199992195	0.039963308	-0.034012949	0.0538037607	0.0625447887	0.1356694033	-0.0264728297	0.1743547802	0.0581311438	0.0412202625	0.0304650026	0.0549672676	-0.0318592167	-0.0750079416	-0.0432028655	-0.2086649206	0.0282691239	-0.0135368088	-0.0246580859	0.0146397648	-0.1370808184	0.0954630415	-0.0301687488	0.0525386476	-0.1176080319	-0.0168791204	0.0725533808	-0.0102129197	0.0033584736	0.0611996426	0.0095809315	0.1382312818	-0.0175382968	0.1590599946	-0.025535272	-0.1070443946	-0.0085975873	-0.1061593767	0.0331596788	0.0738524565	0.065675029	-0.0034082035	-0.0196336969	-0.0693628128	0.0109105069	-0.0745091236	-0.0430942802	0.1242524367	-0.1003291122	0.2414357669954085	-0.003499929130271	1.224950391692011e-05	0.0582912295846611	0.1068914355969212	6.778646678640143e-05	0.0114257790039707	4.5950050793839045e-09	-0.4521516985516953	-0.0258552663444646	0.0006684947977432	0.2044411585031831	0.0018699480984151	0.0003368732151594	3.4967058907662488e-06	1.1348356309189875e-07	-0.0019076107577065	3.305397432999593e-07	1.0925652190080296e-13	3.6389788029175673e-06	0.002560791035082	-0.0001331799366289	1.7736895520477842e-08	6.557650725356341e-06	0.0	0.0	0.0	0.0	0.0
887.5427196698702	-0.4346134013918572	0.1888888086693996	787732.0792389897	1268.754392026945	-6.341849174208164	40.21905094840477	1609737.707287663	838.6905129200808	0.95163355038585	703401.7764621482	0.905606414219978	906.2204220008292	773.349759360406	0.925297	26.386509	0.1296169190908066	0.0716483085167267	-0.0055894011	0.1311284442	0.0032790887	-0.1073721737	-0.1705834879	0.0536076769	0.0419973095	-0.0172141489	0.018194961	-0.0870851342	-0.0389665926	-0.0315096575	-0.0103656562	0.0517056541	0.0265176164	-0.095904877	-0.1190826191	-0.087682506	-0.0605250437	0.1183400566	-0.0778447126	0.0581958805	-0.0741782773	0.1268980983	-0.0517395309	0.0331577994	-0.1739267112	-0.0010005986	0.1584066962	0.0307778381	-0.0162985963	0.1291321321	-0.0580754659	0.0438664367	0.0451014784	-0.0716227487	-0.1183233704	-0.0249171586	0.0107522033	0.0025032877	-0.0288121518	-0.0864339861	-0.0600575967	-0.0118903454	0.0474771178	0.0438366439	0.184050601	0.1315319936	0.0433203577	-0.0083969097	-0.0143733817	-0.1438661559	0.1677018979	-0.122403146	0.0700523484	-0.2083615532	0.0017988558	-0.110552069	0.0012819156	0.1044220664	-0.0124034048	-0.0686047329	0.134671449	-0.0224577328	0.0788083323	0.0175173976	-0.0013778327	0.0724874344	-0.0207522956	0.1947613857	-0.0695525919	-0.0415862831	0.0042645368	0.1242407252	-0.0715533471	0.1078562333	-0.0170934028	0.0171813494	-0.0211234477	0.1108271791	-0.0310217622	-0.0751263595	-0.0593724816	-0.0294731179	0.075353316	0.0493188073	0.1433982088	-0.0749040418	0.0194922223	0.0806035912	-0.041446019	-0.2196673096	-0.0584317403	-0.0027545743	0.119503856	0.2090227374	0.1222308546	-0.0389970662	-0.0611323761	-0.0868927906	-0.0670968404	0.1389445329	-0.1825503354	0.0819068748	0.0092857756	0.0702995017	0.0626693461	-0.1326938522	0.1968245016	-0.1197819785	0.0385230365	-0.1223935722	0.1013722069	0.0116547803	0.0457755749	0.0351022615	0.0257615123	-0.0012590974	-0.0522122498	-0.0482856378	-0.0772433738	-0.0366662233	0.1211199807	-0.1082719048	0.2278494862993056	-0.0135862806961029	0.0001845870231532	0.0519153884068574	0.1653438016103905	0.0584523660134693	0.0273385727309761	0.0034166790925725	-0.4260499048868809	0.0261017936648144	0.0006813036325205	0.1815185214541202	0.0013418156915523	-0.0005281324068628	1.8004693500959768e-06	2.789238391786943e-07	-0.0018072866035994	0.0001003241541071	1.0064935897305164e-08	3.266284867549855e-06	0.0025597180217235	-1.0730133584999429e-06	1.1513576675193264e-12	6.552156350736069e-06	0.0	0.0	0.0	0.0	0.0
889.6456260512184	2.102906381348248	4.422215248715183	791469.3399520643	1277.0496189030073	8.295226876062316	68.81078892534656	1630855.729140316	838.3763722665191	-0.3141406535617079	702874.941574769	0.098684350220177	906.213679464122	786.5398449153337	0.97684	27.856342	0.1733369540254809	0.0893019490187214	-0.064175992	0.0104763722	-0.0728100546	-0.1001170996	0.0461127921	-0.0570414581	-0.1292493171	-0.0734191075	0.017698624	-0.036195783	0.0761413585	0.0002571377	-0.0465708787	0.0168758301	0.057093058	0.0600112804	-0.1910684049	-0.0061554783	-0.0874640672	-0.0206227527	0.0956017962	0.0159094566	-0.1683821531	-0.1063947185	-0.00525676	0.0428576269	0.1785663359	0.0426628361	0.0894542421	0.1180186024	-0.0609204052	0.142434233	0.0668791169	-0.0442150802	-0.1022560258	0.0634289074	0.1334345786	0.0871510242	-0.0596348841	-0.0274811129	-0.0676702573	0.130775433	0.0713030614	-0.0067532264	0.0725542397	-0.0081899418	-0.1393228546	0.0154146061	0.1267895587	0.0066863998	-0.0993663732	0.0541867376	-0.0568703892	0.0974221984	-0.0809328914	-0.137915227	0.1444073695	0.0338832566	-0.0136734383	-0.0795826889	-0.0121204144	0.061681242	0.0433297671	-0.002067649	0.0582084574	-0.1137876749	-0.0922034004	0.0888451285	0.0269145854	0.1804469955	0.0085006134	-0.0257197708	0.0078946098	-0.1172095243	-0.0362171123	-0.08779409	0.0093952148	-0.0753142158	0.0633835462	0.0808029826	0.0126715935	-0.0098974173	0.0125539765	0.0899791058	-0.1182902252	0.0992281454	-0.199519798	0.0222173044	-0.1742743638	0.0672915857	-0.0355474624	0.1417439221	-0.0090497733	-0.0076775291	-0.0195207384	0.0780099225	0.0254281323	0.0436886531	-0.0812498114	0.0256731016	0.0585892424	0.040129552	-0.005559166	0.0598794064	0.0774469743	0.1146761295	0.1644029643	-8.36135e-05	0.1962363969	-0.1419448245	-0.2096634894	0.0446044161	-0.0002026306	-0.0798115885	0.0142806432	0.0417499526	0.2036170097	-0.0174226488	0.0662647867	0.0457340374	-0.0799246852	-0.0301376669	0.1172407796	-0.1150284477	0.2662586477125472	0.0384091614132416	0.0014752636804684	0.0708936674817143	0.098718548880555	-0.0666252527298355	0.0097453518930825	0.0044389243013144	-0.4509462998355147	-0.0248963949486338	0.0006198304814383	0.2033525653353419	0.002043028898437	0.0007012132068846	4.173967079848701e-06	4.91699961509525e-07	-0.0019728902744038	-0.0001656036708044	2.7424575783892136e-08	3.892296034837102e-06	0.0025610240427098	1.3060209862999009e-06	1.705690816655766e-12	6.558844147337648e-06	0.0	0.0	0.0	0.0	0.0
888.9281307028838	-0.7174953483346371	0.5147995748818422	790193.2215549232	1274.6015385635026	-2.4480803395047133	5.9930973486695125	1624609.082108448	837.1383369888197	-1.238035277699396	700800.5952564066	1.5327313488282204	904.9128728111468	786.6177711406337	0.8838869999999999	25.205635	0.0428002949881482	0.0291234408584056	-0.0687171762	0.021598328	-0.1541732177	-0.026121125	0.0250862831	-0.0231697837	-0.0080815596	-0.0083955479	-0.0470141912	-0.0218747611	0.0641872347	0.0446967694	-0.0839123378	0.0294121382	0.0505563751	-0.0284519473	-0.075179886	-0.042061225	0.0388739353	0.0193946689	-0.0381494443	0.0566831837	0.0230588734	0.0036630124	-0.0637358831	0.0838061212	-0.0853480991	-0.016529121	0.125101495	0.0060840865	-0.07255802	0.0196332669	0.0561046233	0.1127232643	0.1058279679	0.0825972981	-0.0911962173	-0.0953174661	0.0036111643	-0.1339017832	0.0339166565	-0.0081872651	-0.0239568657	0.1337838112	0.0766787774	0.0293169696	0.1402925302	0.0320890475	-0.1185814214	-0.2021540448	0.096459485	-0.0582032188	-0.0163749146	0.2322954267	-0.0738485963	-0.043299208	-0.0381895924	-0.0468699763	0.006860193	0.0017438413	-0.0572080377	0.0136057319	-0.0054386843	0.0661666452	0.0203106128	0.016977425	-0.0409962582	0.0803710913	0.0946602401	0.1654613209	0.0101639155	0.0605550393	0.004171084	0.1365835516	0.0580398268	0.1483555782	-0.0299241945	-0.0044627481	0.0032185991	-0.021991812	-0.1472583575	0.0798143658	0.169014369	-0.0646631762	0.0306118519	0.0506205721	0.0478321133	0.1430947725	0.0079650876	0.074554675	0.0466360752	0.0606068923	0.1121073105	-0.0060499611	-0.0399310562	0.0891394914	0.0332916907	0.0452650149	0.0326811595	0.1049768604	-0.0773463868	0.058174991	0.0758978613	0.0158791023	0.0679270565	0.0435144084	0.097800822	-0.0871335089	0.0582008341	-0.1251353803	-0.0175384171	0.0099233149	-0.0631335905	-0.0164220932	0.0199623479	-0.0172648124	0.0013824907	-0.0551141213	0.070123231	0.1586254409	-0.0825512202	-0.0235265052	0.1126387502	-0.1205247148	0.2633807790004852	-0.002877868712062	8.282128323865544e-06	0.0693694347469024	0.1265307395016748	0.0278121906211197	0.0160100280388406	0.0007735179471455	-0.4509572557632211	-1.0955927706390868e-05	1.2003235190766303e-10	0.2033624465254952	0.0020271458431289	-1.5883055308099636e-05	4.10932026931478e-06	2.52271445920152e-10	-0.0019257292371728	4.7161037231000175e-05	2.2241634327037847e-09	3.708433094902134e-06	0.0027399655447159	0.0001789415020061	3.2020061140199114e-08	7.507411186230299e-06	0.0	0.0	0.0	0.0	0.0
888.58180492953	-0.346325773353783	0.1199415412890958	789577.6240518213	1272.2400137631948	-2.361524800307734	5.576799382468483	1618594.6526201742	837.8710057985261	0.7326688097064107	702027.8223578337	0.5368035847166086	904.7848200151996	781.3338108948011	0.876615	24.998259	0.0221917690632118	0.013151151019806	-0.080976289	-0.0059461318	-0.1321506066	0.037173926	0.0797315152	-0.0297453276	0.0397168222	0.0233261929	-0.0323184769	0.0793787256	0.0796350374	0.0321097155	-0.100916808	0.0242131752	-0.017127912	0.0829698572	-0.0405521544	0.0312539959	-0.0475963383	-0.008190204	-0.0883292857	-0.1453108134	0.1300184894	0.0588819496	-0.1181120605	0.0981867771	0.0633895427	-0.0692989789	0.0020823578	-0.2340478653	0.187190091	-0.0023953573	0.0259776586	0.0096312647	0.0427693289	-0.1518184791	0.0456944956	0.0787241335	-0.0474786308	-0.0464932209	-0.0253296497	-0.0213886891	0.0709126814	0.0809964471	-0.1262362564	-0.1992057815	0.0313101345	-0.0594575555	0.2198992521	-0.0508495716	0.0777083653	0.2386448903	0.0565766985	-0.1378220817	0.0326378679	-0.0549604682	-0.0608776419	-0.0192921413	-0.062525427	-0.0384520792	-0.0861617186	-0.0345542935	-0.1335339649	0.0801764769	0.0392826047	0.0270948537	0.0338862914	0.027588003	0.1317056327	-0.0299151925	0.082727259	0.0006593932	-0.0264015972	0.0418029405	0.0621728876	0.2428468486	0.068237285	-0.0470749222	-0.0658475697	-0.1730309681	0.0827796651	-0.1538077823	-0.0986363514	-0.0437374282	-0.0471817902	-0.186584822	-0.0288668842	0.052325016	-0.0884223874	-0.05654811	-0.0240413202	-0.0186923837	0.071209249	-0.0129424024	0.0103362454	0.0125004832	0.0161174557	0.0911831739	0.0077364388	0.0586065623	-0.0551158912	0.0141269228	0.1287087806	-0.0778607271	0.0375239194	0.0447830754	0.0027059328	-0.0302138926	0.1131738492	0.0313653185	-0.0765739604	-0.0140958931	0.0522468959	-0.0021142195	0.0368623999	0.0981330296	-0.0250615651	0.0420852702	0.150694613	-0.0172197947	-0.0851211787	-0.016850859	0.1073422654	-0.124700488	0.2701367977148123	0.0067560187143271	4.564378886833838e-05	0.0729738894796134	0.1158914707411895	-0.0106392687604852	0.0134308329905559	0.0001131940397578	-0.4479099341646417	0.0030473215985794	9.28616892516851e-06	0.2006233091233736	0.0020031564203834	-2.398942274550037e-05	4.0126356445232364e-06	5.754924036623304e-10	-0.0019257511637833	-2.192661049992342e-08	4.807762480153522e-16	3.708517544812734e-06	0.0027509373951563	1.0971850440400204e-05	1.2038150208651014e-10	7.56765655206933e-06	0.0	0.0	0.0	0.0	0.0
885.3142700133509	-3.267534916179102	10.67678442844957	783781.3566892723	1270.5287688743067	-1.7112448888881318	2.9283590697457544	1614243.3525372616	837.6993589042283	-0.1716468942977371	701740.2159085552	0.0294626563220585	904.9807495833144	763.9216299831616	0.907923	25.891041	0.0513890034665813	0.0268866953410908	-0.007499724	0.0160920605	-0.0025625573	0.0881461319	0.1029363638	0.0069742321	0.045714784	0.1129996213	-0.0709978237	0.0771119138	0.0528829217	0.1683773065	-0.0011102506	-0.0362016496	-0.2350575083	0.0546169794	-0.0008560969	-0.010417868	-0.0091414201	-0.0549264434	0.0048342113	-0.0349135258	0.0860158577	-0.0873197846	-0.0221694441	-0.1179750404	-0.0692468222	-0.0894099764	-0.0027077855	0.0693752993	0.0453057975	0.0763795449	0.1252090133	-0.0696549964	-0.1058090159	0.092839359	0.1455731608	-0.0535304206	-0.001686832	-0.0945767895	0.0927559195	-0.0056111716	0.132295891	-0.0962163658	-0.0938528149	-0.018252709	0.1380239617	0.159192033	-0.0397102163	0.0597304382	-0.0618438737	-0.0248137627	0.0776796056	0.0953690806	-0.1908680881	0.1135144754	-0.0355112627	-0.14878728	-0.0664885997	0.0129766492	-0.0390093629	-0.0138459882	-0.1332875654	0.1204352866	-0.0660298762	0.0772755111	0.0544351745	-0.0503728866	0.0769265702	-0.0889993097	-0.0111024275	-0.0392259133	-0.073479457	-0.0332877737	-0.1054365524	-0.064817042	0.1431348657	-0.0863977607	0.1200286798	0.1217138278	-0.1650908153	-0.0518463651	-0.0020704521	0.1659008737	0.0848923301	0.0013934528	0.0588379687	0.0591297602	-0.0737115235	-0.0400100034	0.074771657	-0.0462765344	-0.0235947848	-0.1523516018	-0.0209898433	-0.0297941389	0.0135131997	0.0058406136	0.0018311554	-0.0148756256	-0.0107763638	-0.0172042238	0.0951602286	-0.0877370161	-0.0681238601	0.004206	-0.0707009408	-0.027592494	0.1301337584	0.0853856028	-0.0281356666	0.06949851	0.0247095238	0.1606632335	0.1152444859	-0.0521689998	-0.0127888793	0.0318980269	0.110954309	0.081838454	-0.0876327994	-0.0101290257	0.1013839798	-0.1275100165	0.2898872317379215	0.0197504340231092	0.0003900796441011	0.0840346071246754	0.1224189727671927	0.0065275020260032	0.0149864048933746	4.260828269947593e-05	-0.4329970781591328	0.0149128560055089	0.000222393274241	0.1874864696943461	0.0021931641735292	0.0001900077531458	4.80996909205202e-06	3.61029462555154e-08	-0.0019249765384075	7.746253758000171e-07	6.000444728333177e-13	3.705534673419321e-06	0.0027641192448739	1.3181849717599798e-05	1.7376116197738588e-10	7.64035519988226e-06	0.0	0.0	0.0	0.0	0.0
885.8248272858899	0.5105572725390175	0.2606687285424806	784685.6246360767	1275.0311379469078	4.502369072601141	20.271327265915257	1625704.4027341867	838.8176880348493	1.118329130620964	703615.1137601298	1.250660044395441	906.5557499905136	766.9017740241586	0.882181	25.156975	0.0468911577361182	0.0229559311077422	0.0091301824	-0.0488314879	-0.0154927417	0.0980595733	0.1039287739	-0.0398337506	0.1174874109	0.1947888729	-0.050577804	0.1253993764	0.0581495076	0.0557601227	0.0459247319	0.0842827631	-0.0791849348	-0.0061734017	0.0225144222	0.1481151244	-0.0505667738	0.0177433252	0.0762511008	-0.1189293686	0.0554569953	-0.0733788494	-0.0008301663	-0.1514995521	0.0699624283	-0.0002048495	0.0009072629	8.10603e-05	0.0886822411	-0.1577324782	-0.0401799327	-0.03714774	0.0381823882	-0.0143533125	0.0887711248	-0.1015839355	0.1269291662	0.0298712769	-0.0152559447	0.066514109	0.1621873271	0.0412456309	-0.0350153372	0.1253900031	0.1153029639	0.0038574922	-0.0336003502	0.1321681138	-0.0326300931	0.1718621168	-0.0796836672	-0.0782969342	-0.0391357533	-0.0991111716	0.0793592118	0.1514868702	-0.0676844004	0.0222172017	-0.0136359709	-0.0763051713	-0.1183070433	0.075731611	-0.0456926401	-0.0719285657	-0.0268259468	-0.2200010092	-0.006854969	-0.0094650651	-0.094840062	0.0068024052	0.0029335631	-0.0971253058	-0.0269112559	-0.1936162727	0.0755767544	0.0430345154	-0.0338741596	-0.0219507722	-0.0057388789	-0.1835995652	0.0083508986	-0.1446554452	0.1301628333	-0.164978457	0.1392700867	0.0154616954	-0.0151256996	-0.0180136399	-0.0558615581	0.0393706809	-0.048337746	-0.0710509645	-0.116524012	0.0052274397	-0.0297392504	0.0062995213	0.0194884829	-0.0520830641	0.029377079	0.0201126914	0.0908840848	0.044347691	-0.015795441	0.0716886996	-0.1593922689	-0.0106096687	-0.0813772622	-0.0278449683	0.0218641426	0.1431784262	0.03391286	0.2075556565	-0.0137206916	-0.0232250111	0.0894890534	-0.0638596231	0.0962748873	-0.1127309312	-0.090084361	-0.0033794295	0.0948006283	-0.1289225186	0.294652338848195	0.0047651071102734	2.270624577237857e-05	0.0868200007887115	0.1300478635310327	0.00762889076384	0.0169124468089861	5.819997428660333e-05	-0.432958735030958	3.8343128174800345e-05	1.470195478229168e-09	0.1874532662396072	0.0023932912289638	0.0002001270554345	5.727842906635055e-06	4.005083831692332e-08	-0.0022239713821841	-0.0002989948437765	8.939791660499339e-08	4.946048708773855e-06	0.0029541736803393	0.0001900544354654	3.6120688440071934e-08	8.727142133609445e-06	0.0	0.0	0.0	0.0	0.0
886.7519872874278	0.9271600015379136	0.8596256684517839	786329.0869582025	1273.9563614939916	-1.0747764529162396	1.1551444237432138	1622964.81099101	837.889066057797	-0.9286219770523304	702058.0870192073	0.8623387762645787	905.5497074205504	765.5575884354265	0.881592	25.140179	0.0716695520747678	0.0321189001920289	0.0302292703	-0.0210017094	-0.0379823135	0.1144933811	0.0563202507	-0.0013856299	0.0294832485	0.0309653192	0.1264678488	0.0264412276	0.0494393738	-0.0853891267	0.1012277612	0.0353087358	0.0254075749	-0.0840130721	0.0611485158	0.2043508202	0.0322219057	-0.0034218866	0.0600392063	-0.0136756171	-0.1391343911	0.0456787679	0.0397499519	-0.0382919566	0.0656587957	0.0500809743	0.0124957163	-0.0007219791	0.0468867852	0.0292992645	-0.0459718846	-0.0246363295	0.0191984345	0.0207983122	-0.0338383672	0.0244581387	0.0564655516	0.1445964867	0.1846977031	-0.0936693723	0.1490552723	-0.1406322079	-0.0898922231	0.0146230493	0.0701818701	-0.0145766541	0.1977433883	0.0744402099	-0.1091688545	-0.0959245307	-0.0022837257	0.0730139438	-0.1087767144	0.002979094	0.0150594986	-0.012045106	-0.0058754495	0.0097225961	0.0731476978	-0.046944657	-0.0757908719	-0.0225787181	0.0244828428	-0.0485856824	-0.0139011535	-0.0353811872	-0.1361066634	-0.0661594197	0.0327153092	0.0417806838	-0.0516239621	-0.015744825	-0.0419545025	-0.0940049849	0.1046062347	-0.0106655941	0.0495252425	-0.0823519459	-0.0572697512	0.2039289738	-0.1356306394	-0.0033905738	-0.027854696	-0.1598052506	-0.0547879781	-0.0136022228	-0.1379117419	-0.0459588532	-0.0862360963	-0.040869882	0.0357641063	-0.0180406591	0.0263673335	-0.0054093454	-0.0540069241	-0.024477612	0.0412498975	-0.0766619414	-0.0014314274	-0.0403066558	0.1064035794	-0.0297615936	-0.0310602062	0.0923155419	-0.0368786316	0.0045451497	-0.0781171626	-0.1089060898	-0.0968690598	0.0046006077	0.0400930429	0.1087761672	0.0835481947	0.0137742551	-0.1617617669	-0.0283364763	0.0759194181	-0.1280893243	-0.0924741833	0.0033794295	0.0876327994	-0.1289225186	0.3046858393487923	0.0100335005005973	0.0001006711322954	0.092833460699678	0.1132185333330113	-0.0168293301980214	0.0128184362900781	0.000283226354914	-0.4502660541293721	-0.017307319098414	0.0002995432943743	0.2027395195012346	0.0023390383650229	-5.4252863940900016e-05	5.471100473049e-06	2.9433732457898084e-09	-0.0019238242504917	0.0003001471316923	9.008830066317479e-08	3.701099746779952e-06	0.0031497617302607	0.0001955880499213	3.8254685272056034e-08	9.92099895741488e-06	0.0	0.0	0.0	0.0	0.0
888.08626186533	1.3342745779021925	1.780288649236074	788697.2085139356	1277.2648738831963	3.3085123892046795	10.946254229520855	1631405.5580558574	839.3907281326495	1.501662074852561	704576.7944750596	2.2549889870504987	908.0279931121556	778.5126118559375	0.952253	27.155201	0.0428179896040158	0.0274621514300554	0.0091062919	-0.0254212417	-0.0226742076	-0.0048967321	-0.1340404047	0.0298240259	0.0768807644	-0.0660367085	0.1108436355	-0.0426342989	0.1886356308	-0.0714491128	0.063546867	-0.0267427911	0.0128557215	0.0881876691	-0.0391356854	-0.1432180217	0.0333992455	0.0308344262	0.0138954115	0.1009848099	-0.0579390796	0.1332896348	0.0749107708	-0.0934639892	0.0375244324	0.0606748348	0.0684519328	-0.1495343937	-0.0233082923	-0.0561753969	-0.1607657826	0.1310186138	0.1700169339	0.0487105634	0.013444512	-0.021929883	-0.0090661434	-0.0645738126	0.2041734962	-0.1490283252	-0.0430866827	0.0087917446	-0.0433612461	0.1570465283	-0.0599500519	-0.0251368804	0.1001460525	-0.2034021647	-0.0532035277	-0.0844801466	-0.1215032496	0.0224183352	0.1353224556	0.0434066221	-0.1045688058	-0.0063862376	0.0202262913	0.043606001	0.0973323373	-0.1973641309	0.0061874666	-0.079369336	-0.0469885693	-0.0460975004	0.0787780556	0.0557859159	-0.0532755842	0.0953050945	0.0421801076	0.1244550214	0.033200461	0.1034813536	0.1805565689	0.1067168543	0.0671905615	0.0307103888	0.1333204805	-0.1344278262	-0.0129634689	-0.0032938964	0.0858123724	-0.0755940501	0.0532366834	0.1171184762	-0.0556284363	0.0089735169	-0.0162100161	0.0255172265	0.0054814036	-0.0597431267	-0.074600802	-0.0474527907	0.1152688903	0.0186763446	-0.0467055238	-0.0192545436	0.0685957331	-0.0948434182	-0.0143207199	0.0675557455	-0.088438093	-0.0743721798	-0.0901163298	-0.0733359517	0.0858370188	-0.0430146532	-0.0219656503	-0.0032756945	-0.0604553485	-0.014561807	0.0392738885	0.1740464541	0.0433218441	0.0486413006	-0.2996243147	-0.080485155	-0.0577610338	-0.0031042921	-0.0948006283	0.0101290257	0.0799246852	-0.1275100165	0.3039761111735259	-0.0007097281752663	5.037140827669419e-07	0.0924014761641797	0.1378926282692703	0.0246740949362589	0.0190143769310071	0.0006088109609235	-0.4480704995207816	0.0021955546085904	4.820460039302983e-06	0.2007671725408027	0.0024968983803743	0.0001578600153514	6.234501521915804e-06	2.4919784446744372e-08	-0.001923759900295	6.435019670012096e-08	4.140947815344257e-15	3.700852153983028e-06	0.0030029138581308	-0.0001468478721298	2.1564297549079416e-08	9.017491639354008e-06	0.0	0.0	0.0	0.0	0.0
886.977194952212	-1.109066913117999	1.230029417773088	786728.5443652943	1272.5212811186111	-4.743592764585173	22.50167231622481	1619310.4108997514	839.5810771332874	0.190349000637866	704896.3850802911	0.0362327420438343	908.0374740421596	769.3303172196014	1.121615	31.984861	0.2816565607040105	0.1628182321228731	-0.004668341	0.0702140908	0.1630797688	-0.2401000601	-0.0845931933	0.0176424518	0.0126476467	0.0271449714	-0.1017592764	-0.0877566781	-0.1321382874	0.0336598886	-0.0774203608	-0.0826589928	-0.0322529235	-0.1919456355	-0.0655435652	0.0908515206	-0.02918393	0.035237618	-0.0311857017	-0.0689328987	0.0265637827	0.0879114346	-0.2412130692	0.0277537657	0.0126401542	-0.0597593701	-0.0824994808	0.117259401	-0.0863620926	-0.0635904593	0.1379442678	-0.1834302042	0.0055931708	-0.0724416103	-0.0392314515	0.1279854675	-0.1012825665	0.0226615955	-0.0680750247	-0.0721898507	-0.0168752844	-0.1739238298	0.1100416294	-0.0412346409	-0.0774747324	-0.212010639	-0.1445532242	-0.1403736309	0.1744671775	0.0477875917	-0.0081173526	-0.1355783344	-0.0596897578	0.0666324261	0.0023241369	0.130047724	0.0074390806	0.037349416	-0.0480798175	0.0519795976	0.179964254	0.1207734691	0.1719816712	0.0451392021	0.0164109773	-0.1573622293	0.0915646512	-0.0506227718	0.0669140066	-0.0432345322	0.0471435954	-0.1509196589	-0.0547970928	0.1438632814	0.0030362376	0.1107613712	-0.0398944577	0.1798493136	0.0532439054	0.0827465925	-0.1200864272	0.0958780344	-0.1043381687	0.024231351	-0.0106713482	-0.0873120771	0.1637655181	0.0486924489	-0.0126933653	-0.1068391081	0.2047596267	0.0922634266	-0.1454448415	-0.1087724996	0.0316713959	0.0566225973	-0.2609325879	0.0201604243	-0.1254455544	-0.1584402287	-0.2081041309	0.1568386693	-0.1236564476	-0.0083127973	-0.1118332589	-0.0538069371	-0.0089485757	-0.1684266728	0.0203381677	0.0940573328	0.2469236829	-0.060818019	0.2299951158	-0.1179763956	-0.2351638796	-0.133519544	-0.2550019147	0.0765485431	-0.0970621018	0.016850859	0.0717238087	-0.124700488	0.3023741942129021	-0.0016019169606237	2.566137948734141e-06	0.0914301533259018	0.1799601853272179	0.0420675570579476	0.0323856683030066	0.0017696793568236	-0.3228792246359475	0.1251912748848341	0.01567285530729	0.1042509937015106	0.001126670129739	-0.0013702282506353	1.2693855812460948e-06	1.8775254588390755e-06	-0.0010907813436977	0.0008329785565973	6.938532757509213e-07	1.1898039397589598e-06	0.0030556232869103	5.270942877949993e-05	2.7782838822611755e-09	9.336833671508509e-06	0.0	0.0	0.0	0.0	0.0
890.9821544955269	4.00495954331484	16.03970094358861	793849.1996294908	1280.8236889438774	8.3024078252663	68.92997569704309	1640509.3221598023	840.6773254456622	1.0962483123747688	706738.3655184718	1.2017603623845288	909.777362516968	785.9691057989869	1.179533	33.636497	0.5156753200538529	0.2702514722818927	-0.045186292	-0.1376943616	0.0124461273	-0.0153979884	0.0509341212	-0.0831090422	-0.0913470119	-0.0562936491	0.060577403	0.0990231045	0.1398783326	0.027320714	0.0201263276	-0.1238612664	0.1028011769	0.0720155562	-0.0600891862	-0.0301688518	-0.0737200235	-0.1186387518	0.035760352	0.019636829	0.0554564076	-0.0021745539	-0.0130511106	0.019437685	-0.0999451382	0.0201360756	0.0953863233	0.0324898531	0.154917049	0.026701755	-0.1321191919	0.0904043905	-0.1547462867	-0.0704778845	0.0905304382	0.0859415099	-0.1350111633	-0.0153677351	-0.0517555813	0.0415384967	0.0886412749	0.1794573999	0.0370510199	0.1093542519	-0.011850376	-0.1247315164	-0.1283333739	0.0217220711	0.0042177519	-0.1440273469	-0.0455827359	-0.0483520021	-0.0896178308	-0.0697707829	0.0077772712	0.0601452521	-0.0098194066	-0.1770681264	0.0013592067	-0.022443177	-0.0290894422	-0.055388763	-0.0444088787	-0.0263467856	0.0246737121	0.0041902984	0.0449053561	0.188185798	-0.058743253	0.0639653414	-0.241446898	0.0580063526	-0.0100786449	-0.0222758549	-0.0133683319	-0.1406633469	-0.0670603577	0.0139815655	0.1125100081	-0.1004546318	0.003640836	0.040791889	0.0816175527	0.1887052679	-0.2567193129	-0.0677387353	-0.0628877412	0.0234602837	0.1285489798	-0.0053566302	0.0879526569	0.0409840146	0.034280714	-0.1023792405	-0.1137350352	0.0460643861	0.0580120126	0.0321932706	0.1571749304	-0.0216179693	0.0659729418	-0.0722234673	-0.0492285856	-0.0591452203	0.0702372902	0.0282795404	0.0517742571	-0.1937861169	-0.2753650058	0.0788070119	-0.0337428769	0.0430522271	-0.2823186094	0.0433817481	0.0200987812	0.0612642599	-0.0521069699	-0.0820834795	-0.0992570537	0.0235265052	0.063080731	-0.1205247148	0.3335712762992671	0.0311970820863649	0.0009732579307033	0.1112697963719219	0.0255522324477937	-0.1544079528794242	0.000652916583066	0.0238418159124144	-0.4828864085827362	-0.1600071839467887	0.0256022989145814	0.2331792835939332	0.0036649871275158	0.0025383169977768	1.3432130644856517e-05	6.443053181202628e-06	-0.0017393034152173	-0.0006485220715196	4.205808772480732e-07	3.025176370186564e-06	0.0028412003333812	-0.0002144229535291	4.5977203000142583e-08	8.072419334405443e-06	0.0	0.0	0.0	1.0	0.0
881.6637215837069	-9.318432911819968	86.83319193208958	777330.9179568322	1253.4958733711535	-27.32781557272392	746.809503976812	1571251.904558511	836.3143098662367	-4.363015579425451	699421.6248870398	19.0359049463092	902.2475026508232	729.1483035525189	1.735309	49.485447	0.3683635459678343	0.1831148952523945	0.504415908	0.0858510749	-0.1922648177	-0.0691702224	0.1167760996	0.423112257	-0.251924167	0.218027491	0.3009456828	-0.2279737795	-0.0414734683	-0.0579376098	-0.3800257	-0.025688459	-0.0157162192	-0.1421911553	0.2671729873	-0.0633875654	0.5045912597	0.1868512909	0.0758213525	0.1078466918	-0.0221733481	-0.0727791601	0.1882632823	0.1032830486	-0.1120459282	0.1408383954	-0.0413554954	-0.0757545053	-0.0086659321	0.0609735268	-0.0335950253	-0.1375962833	-0.0551374723	-0.1081089269	0.0303535344	-0.0128618738	-0.012705945	-0.1071408266	0.0210448626	0.0426695194	0.0332262484	-0.0135417698	0.0002863566	-0.0704749366	-0.2497417147	0.0293401348	-0.0670492333	0.0100067611	0.0827135329	-0.0118725991	-0.0009818088	0.0201184999	0.0142388602	-0.0461298797	-0.0753634897	-0.0505099643	0.447936201	0.3446843736	0.1943867353	0.2401899319	-0.1907463031	-0.1872160681	-0.1066167489	0.0150891325	-0.0836426925	0.3522327658	0.2072439326	-0.0778466038	-0.0297606372	-0.0946479218	0.0343361159	-0.1510193157	0.0202663793	-0.0682034664	0.0305334314	0.1053290169	-0.0058744237	-0.0120745728	-0.018790191	0.0795105546	0.1048910773	0.0110327907	0.0519882412	-0.0654187987	-0.0269824567	-0.0081423162	0.0717262344	0.0253273545	0.0144674973	-0.0374582835	-0.088601151	0.0012948131	-0.0241619812	-0.0761238727	-0.2862634755	-0.3900816497	-0.058317666	0.1747763265	-0.0442048489	0.0507520689	0.0711060725	-0.1322834998	-0.0351221607	0.0079001419	0.3772741788	-0.1651371309	-0.0137290299	0.3481802429	0.2055344208	-0.0866088194	0.0218891612	0.0270338677	0.0847287984	-0.1167684614	0.1749988795	-0.147416531	-0.1693394558	-0.0123950336	-0.1013839798	0.0301376669	0.0540487397	-0.1150284477	0.370693932792264	0.0371226564929969	0.001378091625097	0.1374139918089955	0.116978520353598	0.0914262879058043	0.0136839742241171	0.008358766120235	-0.5796523718995843	-0.0967659633168481	0.0093636516566375	0.3359968722488139	0.0056211423425168	0.0019561552150009	3.159724123483525e-05	3.826543225175606e-06	-0.0021651937423108	-0.0004258903270934	1.8138257071180825e-07	4.688063941741846e-06	0.0033201275563304	0.0004789272229492	2.293712848818327e-07	1.1023246990304476e-05	0.0	0.0	0.0	0.0	1.0
884.3314283976097	2.6677068139027824	7.116659644943335	782042.0752517566	1272.485440669169	18.98956729801557	360.6036661658624	1619219.1967150094	837.6339891187293	1.3196792524926195	701630.6997269556	1.741553329459479	905.2400353932312	757.6973988577283	1.474502	42.048069	0.3046277377105758	0.1958018105494085	0.1289846968	-0.1122335887	0.0359987351	-0.0899538613	0.1116475925	-0.053745183	-0.4841422472	-0.1253793419	-0.03782228	0.0850959078	-0.0994900638	0.0849469313	0.255643633	-0.1643933365	-0.2566246873	-0.0798669504	-0.1026988041	-0.1213963305	0.1956026806	-0.0996998599	0.0829622478	0.0238796378	0.1490349641	0.0434895862	0.0372314551	-0.005523735	-0.0651047052	0.1103953702	0.0039651073	0.1148041258	0.0229195473	0.1567074616	0.0253626884	0.0025703019	-0.0671537328	0.085303486	-0.0172544035	0.1563072561	0.1704112633	0.047814028	0.0643775406	0.0426448266	0.0194023604	0.0222306944	0.2168241994	-0.0797118177	0.0446537211	0.0285432451	0.0838773588	-0.1186508207	-0.0530619376	0.1774215603	0.0538801744	-0.0406085361	0.089313921	0.0630525979	0.0723829065	-0.0611433323	0.1661632737	-0.1823130647	0.0770149996	0.2607246035	-0.0731920127	0.1304750638	-0.0161306366	0.0316496356	0.3038920454	0.1311262742	-0.3312782296	0.0985012838	0.0069440066	-0.0588077443	-0.0511206278	-0.1461446582	-0.2388961032	-0.031314185	-0.1049048829	-0.115784315	-0.1462896463	-0.0347547792	0.0872710761	0.13164304	-0.036087259	-0.0349075171	-0.0775011226	-0.0872447018	0.2074190101	0.0157663052	0.0065900686	0.0226808137	0.0502803038	-0.0722050732	-0.0442839678	0.0077205534	0.0419589911	0.024890592	-0.2189496218	-0.0422976316	-0.0929314797	-0.0243596117	0.0173780791	-0.1055961596	-0.0555177778	-0.0764967336	-0.0401445286	0.0487465092	0.041003305	-0.0270380289	-0.0993462203	0.0585651814	-0.1718980882	-0.1887834162	0.1020447786	-0.0312667229	0.1212706438	-0.1341089884	0.1837340747	0.0233450258	0.049448442	-0.0126531712	-0.1034414224	0.0366662233	0.0446835199	-0.1082719048	0.3476000827394188	-0.0230938500528452	0.0005333259102632	0.1208258175204507	0.1500751671863298	0.0330966468327317	0.0225225558060048	0.0010953880315705	-0.4813512132813855	0.0983011586181987	0.0096631177856802	0.2316989905274619	0.0026411109629889	-0.0029800313795278	6.975467118820154e-06	8.880587022970958e-06	-0.0021751448345641	-9.951092253300282e-06	9.902423703369287e-11	4.731255051330886e-06	0.0033073883839756	-1.273917235480003e-05	1.622865122853013e-10	1.0938817922456733e-05	0.0	0.0	0.0	0.0	0.0
884.2239981935849	-0.1074302040248085	0.0115412487368119	781852.0789814488	1280.5034868662594	8.01804619709037	64.28906481867536	1639689.1798766486	839.1160514575419	1.4820623388125114	704115.747813696	2.1965087761264117	908.2005310640308	770.7830455333371	1.028378	29.326031	0.0312331213087759	0.0158422592747522	0.0240638059	-0.2269419724	0.1384731718	-0.1091750436	-0.0097535304	-0.0505221041	-0.1164509627	-0.1748500287	0.1311015921	0.0865545006	-0.0065725455	0.1530535838	0.2609161054	0.0780450513	0.0274511438	0.0538726166	0.0648407629	-0.1005385331	0.0870373082	-0.111212239	0.1788592376	0.0607387538	0.0852774447	0.0426155541	0.0346118176	-0.1225987543	-0.0201699197	-0.0428049751	-0.0094018561	-0.0063963542	0.1668502045	-0.078775326	0.0863094336	0.1881363372	-0.0912519527	0.1126711922	0.0884981939	-0.0828827101	-0.0225520748	0.1077342248	-0.003907177	0.0574854169	-0.1258286141	0.0817706387	-0.025446895	-0.0979885742	0.0683018588	0.0279451732	-0.0763578172	0.0404376289	-0.060676523	-0.0235804398	-0.1054078766	-0.0066305337	-0.013946229	0.0175284256	-0.1000519464	0.157817859	0.1118844737	-0.1620275033	0.0972371579	-0.0318936239	-0.0187597087	0.1216965098	-0.1792518289	-0.0827989137	0.1549247678	-0.0439220888	-0.2407879585	-0.0164887137	-0.0579715756	0.0553894715	-0.1633128761	0.033613463	0.0915308852	-0.0110218882	0.0179781017	-0.0089496434	-0.0471326426	-0.0794038629	0.114466256	-0.1358718885	-0.0400265101	0.032408114	0.0276175806	0.0975382396	0.0397906946	0.0744727063	0.0640028658	-0.1146372141	-0.066396957	0.0978994263	-0.0826624068	0.0068005623	-0.0224853374	-0.1072600492	-0.2005959294	0.0864690231	-0.0418686515	-0.0381766099	0.1553624098	0.0072766237	-0.1108648717	-0.1084715475	-0.1119718728	-0.0468887166	-0.0154403427	-0.0233667488	-0.1087737647	0.0413895927	-0.0670561164	0.0602123873	0.1174812833	0.0350139381	-0.1356657575	0.1890681777	-0.0082011199	0.0600848584	0.0442433381	-0.105543691	-0.1054279714	0.0430942802	0.0350428114	-0.1003291122	0.3456962789806113	-0.0019038037588074	3.62446875204956e-06	0.1195059173010406	0.1374136819890878	-0.012661485197242	0.0188825199977981	0.0001603132073999	-0.4741825338348491	0.0071686794465364	5.1389965007193856e-05	0.2248490753940378	0.0027282184380449	8.710747505600008e-05	7.443175845688154e-06	7.587712210631675e-09	-0.0021748604959332	2.843386308999316e-07	8.084845702204751e-14	4.730018176770805e-06	0.0034099796284125	0.0001025912444368	1.0524963435111754e-08	1.1627961066188252e-05	0.0	0.0	0.0	0.0	0.0
880.0772916348484	-4.146706558736469	17.195175284268046	774536.03925133	1261.705588595558	-18.797898270701356	353.3609793956369	1591900.9922932636	836.585224822967	-2.5308266345748507	699874.8383920942	6.4050834542734645	904.611849783173	742.9336509986266	0.968554	27.620047	0.0545582569794704	0.0352718035631613	0.1336750359	-0.239293314	0.170592828	-0.0156076832	0.0153717201	0.1460774103	-0.081931134	-0.095397591	0.0142705877	0.2040259813	-0.1948124855	0.0243998433	-0.0478687191	0.0411401252	-0.078583136	-0.0561566766	0.0793371042	-0.0012808138	0.1826148804	-0.180307307	0.0313328834	0.0779328207	0.1365960605	-0.0127038295	-0.1795004529	0.0755337953	0.0174287923	-0.0484429668	-0.0937407786	0.0004118182	-0.0493027513	-0.0434379985	-0.0804026771	-0.1004099262	0.1491509407	0.1090617706	-0.0714062241	-0.1314685019	0.0041768326	-0.0985673626	-0.0247480898	0.0495773497	-0.0401699252	-0.1836266612	0.0608445731	-0.0408416634	0.1929700913	0.0098946578	-0.0884263314	0.0704535271	-0.0726804475	0.0238925921	0.0751650569	-0.0746853159	-0.0389653091	-0.1985506077	0.1469876965	0.1094996996	0.2079655355	-0.1247677076	-0.0062222147	0.1024112169	-0.0267248466	0.0575659976	-0.0236051208	0.119294147	-0.0273773868	-0.0879536881	-0.018779156	-0.0835456222	0.0483558791	-0.1275937783	0.0926216582	0.0290915649	0.0746610213	0.0692153937	-0.0541869615	0.141185155	0.0659741771	0.1531540738	-0.0087253959	0.0105782814	-0.1037224953	-0.0129103457	0.1026801028	-0.0064198372	0.0685008468	0.0713298735	-0.0084464433	0.0115818756	0.119255313	0.1340354385	0.137157868	0.2015686058	0.054131615	-0.0063070296	-0.2370562686	0.0365299292	0.0112383986	0.0265873463	0.129877726	-0.1472421742	-0.0619931891	0.0024352036	0.0191264836	-0.047181928	-0.1096612015	-0.0236902229	-0.1531738738	0.0517403502	0.0953034153	-0.0201001373	-0.0117214006	-0.1220172902	-0.0198140164	-0.0024655511	0.0441076112	0.103508324	0.0050956483	0.0219979544	-0.1073422654	0.0494042187	0.0251860523	-0.0912870929	0.3399282293242862	-0.0057680496563251	3.327039683783214e-05	0.1155512010915445	0.1351061496882835	-0.0023075323008042	0.0182536716835928	5.324705319255183e-06	-0.4398650435710181	0.034317490263831	0.0011776901380081	0.1934812565557336	0.0028620999511084	0.0001338815130634	8.191616130134705e-06	1.7924259540172083e-08	-0.0021742890355669	5.714603663001944e-07	3.265669502519524e-13	4.72753281018644e-06	0.0033011289066721	-0.0001088507217403	1.1848479623405953e-08	1.0897452058466136e-05	0.0	0.0	0.0	0.0	0.0
884.7713384521101	4.694046817261665	22.034075522644365	782820.3213463383	1263.0507072856408	1.3451186900826997	1.8093442904097976	1595297.0891747577	837.6735102827163	1.0882854597492724	701696.909829368	1.1843652419016852	905.8688389752969	756.0608555656949	0.915405	26.104422	0.0360758039341795	0.0177420063310362	0.0781381894	-0.2494324721	0.1150902955	0.0040546835	-0.0640299301	0.1504119572	0.0039023177	-0.0803409563	-0.0618206734	0.1425902088	-0.0222028479	0.0590158869	0.0777000297	0.1331591411	0.0847957487	-0.098106181	0.0307777341	-0.0039924591	0.0885849034	-0.1667582706	-0.0234700025	0.0840942472	-0.0739690923	0.0806513558	-0.0310910181	-0.0188876557	0.048385347	-0.048982283	-0.1179549508	-0.0414364393	0.0022627057	0.1193265564	0.003491677	0.2196115189	0.0879684389	0.1073384932	0.0066847432	0.0409251086	0.0801464235	0.0027275961	-0.1249911362	0.0151964901	-0.0678014208	0.0690507756	-0.08760344	0.069104781	-0.0160906579	0.0490223821	-0.1106798429	0.0730358186	0.0007550664	0.0589302676	0.0723560944	-0.1179123817	0.1291261737	0.0471876896	0.0182216539	0.0184817403	0.1424334004	-0.0674352983	-0.1034627428	-0.0875748922	0.015868335	-0.0228599308	0.0695403522	-0.0123105011	0.0228128213	-0.0723555665	-0.1376811235	-0.0822513152	0.0248608691	-0.0749412558	-0.0971186444	0.0686912262	0.1502361736	-0.0592948938	0.0077823768	0.0860413853	0.0078198903	0.0201079796	-0.1123283803	-0.0503094233	0.1366339762	0.0032914805	0.0616308519	0.0663527773	0.0107515462	0.014918513	0.0820621445	0.1061462942	-0.0955675594	0.1109166731	0.0691053762	-0.059199842	-0.1624628144	0.202808201	-0.2252950472	0.0358289271	0.0254089282	-0.0253988905	0.1418013421	-0.0843107368	-0.1321282814	0.0324970873	-0.0233274817	-0.050965654	-0.1453717521	0.0104316658	-0.0777407882	-0.0590998262	-0.020803627	-0.0817152321	0.0231522543	0.007978548	-0.10600374	0.1581281414	0.0271417807	-0.0386253651	-0.0450167992	-0.0052464289	-0.1091829923	0.0555787436	0.0151740128	-0.0812449131	0.341454590303357	0.0015263609790708	2.329777838430059e-06	0.1165912372392333	0.1239538210216437	-0.0111523286666397	0.0153645497458656	0.0001243744346887	-0.448825405653352	-0.0089603620823339	8.02880886465274e-05	0.2014442447598959	0.0027132540201355	-0.0001488459309728	7.361747377781453e-06	2.2155111167189247e-08	-0.0021743400992055	-5.1063638600076094e-08	2.6074951870791813e-15	4.727754867012984e-06	0.0034409669561833	0.0001398380495111	1.9554680091096712e-08	1.1840253593545363e-05	0.0	0.0	0.0	0.0	0.0
886.8198871116938	2.04854865958373	4.196551610682297	786449.5121767973	1264.093442611112	1.0427353254713123	1.0872969589857642	1597932.231652413	838.6308017237868	0.957291441070538	703301.6215998814	0.9164069031469072	906.8110708287036	765.5866599093007	0.869252	24.788273	0.0404914476484869	0.0214960432964496	0.0804233658	-0.200995561	-0.0212648053	-0.0125690032	-0.009540915	0.1699158755	-0.0633724458	-0.052974109	0.0454800016	0.1166766475	-0.0202621641	0.0700287129	0.0411575393	0.0035244068	0.0625350738	-0.1056791899	0.1299563121	0.0405975635	0.1184700458	-0.2161261942	0.0442365368	0.0802447121	0.0125279806	0.0357367771	0.0563288595	-0.0034247965	0.0955850575	-0.0142143754	-0.1757860594	0.0052562902	0.0876472196	-0.1149359512	-0.0184647698	-0.0123877028	-0.0831715063	-0.0486241132	0.1134238457	0.0179035842	0.0109732122	0.0362477692	0.038532071	-0.1295958411	-0.0828903347	-0.0042801708	-0.046858447	-0.0088593247	-0.0939913005	-0.0811345231	-0.0058807368	-0.0270608321	-0.1332811389	0.0972185201	0.0041209366	0.0358800438	-0.0259468987	0.0757262648	-0.0384467986	0.0671201051	0.198168988	-0.129556435	-0.0440129939	0.0012807382	-0.0500284999	-0.0829328289	-0.0222813092	-0.031977963	-0.0008709163	0.0059842138	0.0037918702	-0.1210085046	0.0821466745	-0.0893108534	-0.0300757476	0.0145200221	0.0224735545	-0.072535662	0.0185187929	0.0549147327	0.0802444772	0.0176465336	0.0945534782	-0.0313351032	-0.0975539531	0.0585276723	-0.0805778115	0.1173504125	0.0103554766	-0.0383503435	0.0337383308	-0.0936289483	-0.0364724097	0.0975883617	0.1113261889	-0.0515733359	0.1205150519	-0.0058596789	-0.2151057956	0.0443758457	0.0447140555	0.0290163593	0.1043154774	-0.0411601385	-0.0415805913	-0.0078015966	-0.0543287193	0.0238343513	-0.0047030831	-0.0026035365	-0.025507733	-0.0420554166	0.0723490333	-0.0063288368	0.0006938342	-0.0995869653	-0.0757135493	0.0127119635	0.0103578401	0.0231756767	0.0671548709	0.0546408625	-0.1109488906	0.0616009311	0.0050684204	-0.0703125971	0.3343611130247836	-0.0070934772785734	5.031741990163711e-05	0.1117973539031721	0.1211771428191639	-0.0027766782024798	0.014683899941816	7.709941840126462e-06	-0.4577525771221857	-0.0089271714688337	7.969439043395855e-05	0.2095374218620025	0.0026428739419272	-7.038007820830017e-05	6.984782672917816e-06	4.953355408606449e-09	-0.0025254504835423	-0.0003511103843368	1.2327850198913558e-07	6.377900144824038e-06	0.0034533589076102	1.239195142689999e-05	1.5356046016664868e-10	1.1925687744770711e-05	0.0	0.0	0.0	0.0	0.0
887.1110135931858	0.2911264814920287	0.0847546282259285	786965.9504383295	1273.107871077443	9.014428466330855	81.25992057459605	1620803.651399339	838.6095152007963	-0.0212865229905219	703265.9189853146	0.000453116061026	907.0913338356354	771.3924096304656	0.834867	23.807734	0.0516908482005277	0.0292726421032889	0.0562026765	-0.2085966087	-0.0576267875	-0.073633251	-0.0484184603	0.0896409624	-0.03031513	-0.061204348	0.0686164947	0.0252208753	0.0075347198	0.0945604919	0.0433352723	-0.0075418036	0.0074821709	-0.1267834659	0.0801267909	-0.0428967943	0.1355131923	-0.0959007125	0.0492165818	0.0730636422	0.0661607438	-0.0409193214	0.0660169537	-0.0290108797	0.1309252699	-0.1744507019	-0.0122999018	0.019384736	0.0399449539	0.0321042403	-0.0278457237	0.0274471118	0.0773935546	-0.0194172794	-0.105178068	-0.0028382569	0.0009340907	0.0079032588	-0.1540324145	0.0393679133	0.0073961677	0.0184599861	-0.0398048476	0.0884758815	0.0232199619	0.0030670474	0.1741053758	0.0026458591	-0.0620148846	-0.0221520015	-0.0307909499	0.0841353989	-0.0351754228	0.0778520975	-0.0258975158	-0.1049139898	0.1636975205	-0.0512881324	-0.0377674179	0.0016947546	-0.0346609154	0.0698830729	-0.1232589742	-0.0336042342	0.0363606309	-0.0472986869	-0.0282809586	-0.0703732998	0.039089873	0.0116926586	0.0934969484	0.1318480632	0.1439477191	-0.000129881	-0.034828123	-0.0145582352	0.0515370973	0.0331371535	-0.0751428958	-0.0721160174	0.045334709	-0.0089569468	-0.05382438	-0.0737346878	-0.0742575023	-0.1148700995	0.0259936333	-0.0599809889	0.0475437101	0.0654203996	-0.0886029547	0.1101875916	0.0070258872	0.1166717215	-0.217020088	0.0563506617	0.0384072338	0.0951043908	0.0782040258	0.0422574934	-0.0782206887	-0.0301046133	-0.0650279716	0.0226376839	-0.0280611643	-0.0062190578	-0.0764066474	0.0004926346	0.0546060358	0.0463987429	-0.1024512773	-0.0925950693	0.0055638024	0.0363740679	-0.100029096	-0.0350506202	0.0689465886	0.1163990891	-0.1126387502	0.0674542747	-0.0050684204	-0.0586099215	0.3231073832033502	-0.0112537298214334	0.0001266464348938	0.1043983810805165	0.1270873648913522	0.0059102220721882	0.0161511983150276	3.4930724942581645e-05	-0.4323282315260996	0.025424345596086	0.0006463973489892	0.1869076997744848	0.0026429643428505	9.040092330010049e-08	6.985260517579175e-06	8.172326933510648e-15	-0.0026350469007565	-0.0001095964172141	1.2011374666188954e-08	6.943472169186436e-06	0.0033809947115313	-7.236419607889975e-05	5.236576874145451e-09	1.143112523940262e-05	0.0	0.0	0.0	0.0	0.0
886.7207807374705	-0.3902328557153396	0.152281681679749	786273.7429916692	1270.77840088706	-2.329470190383063	5.426431367883303	1614877.7441610731	838.4126685948726	-0.1968466059237243	702935.8028603756	0.03874858626369	906.3332377190465	761.5998599891421	0.862198	24.587116	0.139134753535298	0.0692050152373525	0.0450955855	-0.1484184202	-0.0271734795	0.0200233637	0.0161439062	0.0640545095	-0.0583110762	-0.0573258941	-0.0010093849	0.1127527052	-0.0277235399	0.0121671905	0.0318705585	-0.0221601789	-0.0507933544	-0.0067277968	-0.0234695676	0.1053809131	0.0839766201	-0.0693181775	0.0002294959	0.0448797651	-0.0287345831	-0.0362806534	0.0086100838	0.0671792952	0.0341398274	-0.1096010788	-0.08039893	-0.055856501	-0.0422343397	-0.0166793192	0.0846509531	0.0471906904	0.0101895995	-0.1096080579	0.1627296386	0.0063450542	0.0054042622	0.0181218943	0.0081115728	0.017875578	-0.1444320031	-0.0940665186	-0.0656562653	-0.0176810421	-0.0272317806	-0.0811269877	0.0475939158	0.0249144557	0.1325332294	-0.1335879243	-0.1304381654	0.1103382387	0.059677387	0.0290519674	-0.0042344703	0.0440499156	0.1218436013	-0.1192626913	-0.0437835933	0.0508929882	-0.0343904144	-0.0063585414	-0.0098007308	0.0519463526	-0.0337613606	-0.0851573631	-0.0273500234	-0.0964188984	0.1428272371	0.0325375649	0.0181527863	0.0043031221	0.0637541068	0.0277924709	-0.0380297019	0.0483147202	-0.0151383091	-0.1214648737	0.0010496822	-0.0043881594	0.080547278	0.1447682618	-0.1304211947	0.0134875497	-0.0878032787	-0.080252661	-0.1088990054	0.0418695706	0.0022107306	0.0352076527	0.0158466033	0.0674791506	-0.0223534236	-0.0478757956	-0.1535612816	0.0747537783	0.0470869036	0.0332408307	0.0409115983	-0.0810162271	-0.0050640439	0.0579598716	0.0207920454	0.0212173479	-0.0073081309	0.0103388445	0.0028191571	-0.0721355084	0.0687636488	0.027639824	-0.0523243396	-0.146530003	0.0667079153	-0.1523820155	-0.117354679	0.0485611996	0.0867158924	0.1099436206	-0.1142514127	0.0731227308	-0.0151740128	-0.0462651033	0.2921195667081235	-0.0309878164952266	0.0009602447711418	0.0853338412537418	0.1365324442383837	0.0094450793470315	0.0186411083297073	8.920952387172117e-05	-0.3913691810773798	0.0409590504487198	0.0016776438136607	0.1531698358971789	0.0019443150515112	-0.0006986492913392	3.780361019533001e-06	4.881108322889059e-07	-0.0024249637301962	0.0002100831705603	4.413493855266813e-08	5.880449092767068e-06	0.0031348710285445	-0.0002461236829867	6.05768673269868e-08	9.827416365607652e-06	0.0	0.0	0.0	0.0	0.0
888.4291437461532	1.7083630086826815	2.918504169435344	789306.3434575229	1273.9950929015647	3.2166920145048152	10.347107516179047	1623063.4967372664	839.5985595765216	1.185890981648981	704925.7412429698	1.4063374203563843	906.8816323467712	765.9969723445956	0.903406	25.762247	0.0818437628865061	0.0405102165127245	0.0353384088	-0.0796299632	-0.1139212651	0.107539866	-0.0963766853	0.0746375314	0.0516278705	0.0091513947	-0.0023729236	0.0295271152	0.1071985237	0.0266907099	-0.0233622616	0.0087238795	0.029552039	-0.0097614796	0.0495018275	-0.1437373469	0.0431049429	-0.0604214192	-0.0143939542	0.0788243178	-0.1155632151	0.049121174	-0.0393120085	0.0204268612	-0.0652708731	-0.0968431001	-0.0041541208	-0.1339870599	0.0500790451	0.0045665814	-0.1206901451	-0.0261619981	0.0260695325	-0.0199002633	-0.055183664	0.1553021474	-0.0820417409	0.1219364486	0.0010039722	0.0570615567	0.1498399991	0.0182000191	-0.060339858	-0.0045847165	0.0617380346	0.0414509617	-0.1506718285	0.001848768	-0.0170514283	0.0596718943	-0.0722346703	-0.1272945715	0.0320099039	-0.1822720918	-0.1258934037	-0.0067922513	0.0693486657	0.0099587489	-0.0753788946	-0.1410284527	-0.0518775759	-0.0609171181	0.0359291867	-0.0111747269	0.0194186247	-0.0482298049	-0.0081104152	0.0471288092	-0.0158300761	-0.1024237019	-0.0133040644	0.1260024295	0.0548018601	0.0949040239	0.0688196519	-0.0226252414	-0.005485349	-0.0752230194	-0.0537063373	-0.0219744893	-0.0815294422	-0.0070738687	0.125807637	-0.0665171355	-0.1020586325	0.0215014684	0.1607076117	0.1166300749	-0.006208089	-0.0612878215	-0.0824450827	-0.0299346593	-0.0708905189	0.0091275846	-0.0790990387	-0.0201836485	0.1569813653	0.0209447392	-0.0825818287	0.0415376209	0.0013862683	0.0139784152	0.0042644252	-0.0281953075	-0.0602220446	-0.0090082226	0.0001200597	-0.0515979803	0.0824118082	-0.0555389877	-0.1714378499	0.0717844628	0.018223149	-0.0947881555	-0.1240257975	-0.0533599099	0.0371082736	0.1258114031	-0.1157857731	0.0785907625	-0.0251860523	-0.033413395	0.2853008987549401	-0.0068186679531834	4.649423265577059e-05	0.0813966028303765	0.116360140678708	-0.0201723035596757	0.0135396823387687	0.0004069218309037	-0.3820790947530028	0.009290086324377	8.630570391437657e-05	0.145984434647274	0.0018100310068277	-0.0001342840446835	3.276212245677697e-06	1.8032204656560252e-08	-0.0030408234296086	-0.0006158596994123	3.7928316936033147e-07	9.246607130056606e-06	0.002973760671655	-0.0001611103568895	2.595654709706208e-08	8.843252532281997e-06	0.0	0.0	0.0	0.0	0.0
889.9396952720533	1.510551525900155	2.2817659123992864	791992.6612209151	1273.987034863188	-0.0080580383767028	6.49319824804155e-05	1623042.964999498	840.618819460864	1.0202598843424084	706639.9996317766	1.0409302315983846	907.2798977938564	774.2769374686454	0.907438	25.877224	0.1672815332611858	0.095086341170451	-0.0110732156	0.0393432283	-0.1525719489	-0.0277450162	-0.1358652468	0.056934361	0.0859757839	0.0322372899	-0.1151037512	-0.0979019874	-0.0271710363	0.0498592032	-0.0761599972	0.1112678492	0.0135526045	-0.022354859	0.0110547119	0.0392495802	-0.0635005474	-0.0046704712	-0.0632263166	-0.0731616815	-0.0447757041	0.1287542605	-0.1012831112	-0.0403242961	0.1666214928	0.0154347791	-0.0144428222	0.0080580314	0.0849097806	-0.0149534985	0.1354229039	0.0404505297	0.0423387286	-0.0895487867	-0.0200582443	-0.1568413161	-0.0617619565	-0.0616816851	0.1369047107	-0.0193797552	-0.0592082032	0.0821482273	-0.0951763895	0.171449696	0.0207864005	-0.0004519347	-0.0061808942	-0.0255186238	-0.0860946024	0.0181863141	-0.0312311608	0.0041090094	0.0769089939	0.0249022324	0.1212128713	-0.0441630081	-0.0492258783	0.0812378245	-0.1271783695	-0.0936262629	0.0412472253	0.1008402252	0.1289938829	-0.0393161232	0.0201137997	0.0452666484	-0.0257007761	-0.0845076923	0.0792330716	-0.0005181654	-0.0169910708	0.0628540567	0.0340354348	0.0281205947	0.0959912852	0.0951721553	-0.0373950289	-0.0556839541	-0.064593335	0.0045346888	-0.0219719957	-0.0014240274	-0.0795637194	-0.0578006233	0.0026464353	0.0111812758	-0.080624608	-0.0308398431	0.0712866225	-0.0055481351	0.0544613465	-0.0359396472	0.1884953809	-0.0644665628	0.0158162209	-0.0020489037	0.0377328722	0.0956603997	-0.1976861749	0.0535190818	-0.0270991045	0.0297420043	0.0129919482	-0.0198995873	-0.1128166667	-0.0025496877	-0.0589971895	-0.1072739375	0.153353928	-0.0509127742	-0.0455211054	0.1026014051	-0.0541435284	-0.1416497714	-0.048721362	-0.1044414151	-0.0403324913	0.0706567231	-0.1172407796	0.0838433825	-0.0350428114	-0.0201956026	0.2571750333766402	-0.0281258653782998	0.0007910643032782	0.066138997792276	0.1262638138484675	0.0099036731697595	0.0159425506875604	9.808274225341418e-05	-0.3053963280115113	0.0766827667414914	0.0058802467151299	0.0932669171629145	0.0010853730281646	-0.0007246579786631	1.1780346102671931e-06	5.2512918604009e-07	-0.0031590116664257	-0.0001181882368171	1.3968459321934958e-08	9.979354708613678e-06	0.0027652223277025	-0.0002085383439525	4.348824089845121e-08	7.646454521624432e-06	0.0	0.0	0.0	0.0	0.0
890.7158461619555	0.7761508899021692	0.6024102038959291	793374.7186040083	1277.6218109713257	3.6347761081376575	13.211597356288337	1632317.4918696498	840.1354632295161	-0.4833562313478978	705827.5965758736	0.2336332463828425	907.224036396284	773.8968245067676	0.879625	25.084072	0.094530823904939	0.0611729821291113	-0.0487021427	0.108490182	-0.1610133701	-0.0937293612	-0.0080425263	-0.0436468727	-0.0597447582	0.0183355339	-0.1458049836	-0.1175686724	0.0290675695	0.0167571079	0.0208417632	0.1084513815	0.1351511897	0.0280589003	-0.0329024239	-0.0283898127	-0.0248720331	0.0258309077	-0.1319109056	0.0081760651	-0.0035732459	0.0334640532	0.108956363	0.0199304442	0.1014716279	-0.0553988004	-0.0966857293	0.0805154918	-0.0153560172	0.0385535752	0.0815671059	0.0760638428	0.0048024588	-0.0175645189	-0.0486197712	0.0238399191	-0.1250059252	0.119083696	0.0429998187	0.0481493873	0.2085725601	0.0173590072	0.0203051399	-0.0156273627	-0.038939603	-0.019774639	0.0331058454	0.0834053766	0.0073698969	-0.0064077028	0.059056336	0.0109250711	-0.0419844903	-0.1664014573	0.1504975153	-0.0230670046	-0.0551070641	0.0517989967	-0.1326891421	-0.0039256943	0.0210519664	0.0832235816	0.0261089294	-0.1036196207	0.0575739263	0.0484196405	0.0189946601	0.0602184619	-0.0300622533	-0.020665914	-0.0422035889	0.0573223614	-0.013736761	-0.0761461401	-0.0770922906	-0.0498579395	-0.0531213389	-0.0560129153	0.082456709	0.0996205992	-0.109654809	0.0446930539	-0.0586292338	-0.1301670079	-0.1390936676	0.024132199	-0.0901843526	0.1054391433	0.0576548004	0.0743021015	-0.0843973543	-0.0015701277	0.0035456021	0.0699445293	0.0417748164	0.0166521464	-0.0330398475	0.1355670583	-0.1549688637	0.062532288	0.0383432566	-0.0308777602	0.0598872913	-0.0295067386	-0.0173998339	0.0670777091	-0.0184548854	-0.099028718	0.0045692037	0.0405939633	0.0032474418	-0.0473505074	-0.1202912302	0.0061542011	-0.0802771938	-0.0505949153	-0.0201165135	0.0965769801	-0.1186154352	0.0888661936	-0.0446835199	-0.0067565429	0.2573196047512169	0.0001445713745766	2.0900882346992227e-08	0.0662133789893224	0.0702059961422065	-0.0560578177062609	0.0049288818943195	0.0031424789259883	-0.2950665234939649	0.0103298045175463	0.0001067048613707	0.0870642532868145	0.000887334061728	-0.0001980389664365	7.873617371027101e-07	3.921943222727674e-08	-0.0035087927108652	-0.0003497810444395	1.2234677904918762e-07	1.231162628782076e-05	0.0027530697324475	-1.2152595254999888e-05	1.4768557143184579e-10	7.57939295171855e-06	0.0	0.0	0.0	0.0	0.0
890.3420987015227	-0.3737474604328099	0.1396871641799748	792709.0527202319	1282.806792746973	5.1849817756474295	26.88403601379597	1645593.2675177755	840.3751924811642	0.2397292516481002	706230.4641377537	0.0574701140957581	907.8138899503916	779.1409507019107	0.90367	25.769756	0.1666093921835765	0.0800833778474277	-0.0900171301	0.1117914911	-0.0588025015	-0.1496284122	0.04788026	-0.0875749278	-0.0432109005	-0.0158456967	-0.0971482573	-0.1223891233	-0.0510290547	0.0840642392	-0.1028646418	0.0226370599	-0.0167449013	-0.0512487664	0.058945852	0.011284933	-0.0646920194	0.1480035106	-0.0646782595	-0.023567932	0.0477437156	-0.0195620047	-0.0343538913	0.096731585	-0.0403595458	-0.0518122973	-0.0542708497	0.1847286138	-0.0003714268	-0.1516709441	0.0921725443	0.1865217819	0.0208874228	-0.0165214831	-0.1599478175	0.0231836437	0.0181769117	0.1442870628	0.1173332173	0.0854267884	0.0608246441	0.0144608836	-0.0046411701	-0.1799046624	-0.0953298583	-0.1224562083	0.0620331802	-0.071110141	0.0253045285	-0.0060117521	0.0309448302	0.216661644	0.044471721	0.0425959312	0.0825584881	0.0047550835	-0.0834260157	0.029870034	-0.0837182524	0.0905966051	0.0704153248	0.1517645214	0.0616958066	-0.036618096	0.0338147199	0.0496958123	0.0920500933	-0.0882248893	-0.0088480443	0.071010519	-0.1108028195	-0.0095242792	-0.0249491007	0.1173027023	-0.0469703425	-0.0035660108	0.070420211	-0.1353591659	0.15452738	0.1736384828	0.0547303038	-0.0003891123	-0.1915632053	-0.0430880348	0.0221978427	0.0615761678	0.1717984874	-0.0134281836	-0.2068684609	-0.0386704247	-0.0722042123	0.0190858091	0.0096909851	-0.1525206929	0.0923224066	0.0747013437	-0.1197635124	0.1429027959	-0.2077668647	-0.0366281738	0.0252355009	-0.0689432107	0.0327811931	0.0013169313	-0.0114947382	0.0077545252	-0.03927314	0.003644876	0.0484295859	-0.037601507	0.155394483	0.0210056472	-0.1201496617	-0.0032042758	-0.034963167	0.0201399203	0.0442540289	0.0714957891	-0.1199087977	0.0936454286	-0.0540487397	0.0067565429	0.2339621487070218	-0.023357456044195	0.0005455707528565	0.0547382870276065	0.1138358823318554	0.0436298861896489	0.012958608106272	0.0019035669689217	-0.2456643569602974	0.0494021665336674	0.0024405740582202	0.0603509762807164	0.0003351613507585	-0.0005521727109695	1.1233313104226227e-07	3.04894702739407e-07	-0.0032510826404941	0.0002577100703711	6.641448037067752e-08	1.0569538335322089e-05	0.0025585548454668	-0.0001945148869807	3.7836041257114514e-08	6.546202897261642e-06	0.0	0.0	0.0	0.0	0.0
890.5833007352362	0.2412020337135345	0.058178421067545	793138.6155484682	1281.4149923542984	-1.3918003926746678	1.9371083330493597	1642024.3826303666	842.0925769204405	1.7173844392763158	709119.908104508	2.949409312268425	909.1943095903592	772.9123574671363	0.942034	26.863794	0.0712637114897171	0.0462090822471605	-0.0870522615	0.0661467398	-0.0245103672	0.0443452633	0.05028277	-0.0775916229	-0.0357690703	-0.0029466366	-0.1351804345	-0.0317467692	0.0088651	0.0158603172	-0.149615694	-0.034906455	0.0544797376	0.0590415064	-0.0495208604	0.050418478	-0.1499191141	0.1156259903	-0.0077669013	-0.0230445487	-0.1255013944	0.0499347308	-0.1408948383	0.1242255926	-0.1087805888	0.1267904402	-0.1107065099	0.0832527649	0.0775355138	-0.0420360305	-0.0230811406	0.0835208374	-0.1060390178	-0.0442258785	-0.1252187724	-0.0973637557	0.0135028898	-0.0735290652	-0.191962267	0.0470064277	0.0865611392	-0.0166820317	-0.0636951088	0.1190306314	0.0307696455	0.0100489712	0.0412211259	0.046101786	0.0324272878	0.0374666054	0.060219353	0.0770972879	0.0400718775	-0.0573175735	0.0155026647	0.091042834	-0.1189490249	-0.0450867513	-0.0361389181	0.0772886361	0.0505252317	0.026521176	0.1743311918	0.0566339648	-0.0884824627	0.0330898829	0.0940941241	0.0299061714	0.0510689523	0.1523604546	-0.1319225878	0.0990383624	-0.0815173888	-0.0251477881	0.1003489483	0.0997335289	-0.0477849376	0.018853327	5.68397e-05	0.0017669049	0.0662656066	0.0389015068	0.0579105874	-0.1602239471	0.0743394276	0.0593002552	0.0090953337	-0.1631921682	-0.057820922	0.0760675524	-0.1143723214	0.1714062656	0.0252560287	0.1230760749	0.0944964098	0.0438716529	0.0166024289	0.1085231178	-0.1323779731	-0.1059088511	0.1100840319	0.0833073673	0.0512579067	-0.127950514	0.0567192362	0.0017182213	-0.0596925371	-0.0195710819	0.0102542767	0.0485019052	0.014286212	-0.0586747198	-0.1534294496	-0.0710099649	-0.0538195868	-0.0306464108	0.1190435902	0.0670186836	-0.1211199807	0.098167988	-0.063080731	0.0201956026	0.2258713854374576	-0.0080907632695642	6.546045028412926e-05	0.0510178827594365	0.0698019363541249	-0.0440339459777305	0.0048723103187853	0.0019389883983696	-0.234834684725655	0.0108296722346424	0.0001172818007097	0.0551473291501977	0.0003883062928406	5.3144942082100025e-05	1.507817770596098e-07	2.824384868909766e-09	-0.0033640144250601	-0.000112931784566	1.2753587965261532e-08	1.1316593052012436e-05	0.0025586647189743	1.0987350749971233e-07	1.2072187650289335e-14	6.546765144123832e-06	0.0	0.0	0.0	0.0	0.0
888.366228458689	-2.217072276547242	4.91540947943437	789194.5558659156	1275.288800188603	-6.126192165695329	37.53023045102682	1626361.523886487	840.54103651852	-1.5515404019205334	706509.2340716278	2.4072776187917304	907.3326907026452	766.3614824009344	0.8752919999999998	24.960508	0.0583272757675854	0.0286060089670498	-0.0754383169	0.0655775299	0.0120383055	0.1160496841	0.0316256836	-0.0403851468	0.0948501257	0.0273321693	-0.1062500328	0.1134531085	0.0524926783	-0.0333375571	-0.1172967825	-0.0831976919	-0.0586614011	0.0631398343	0.0401713461	-0.1002505184	-0.0696312648	-0.0845601798	0.0120842689	-0.0935146471	-0.0345146087	-0.0994025724	0.1025457637	-0.0842605149	-0.0119950289	0.1964831816	-0.0460982291	0.0285667441	-0.1009656453	0.0505513436	0.0375214998	-0.0801412922	-0.1689608658	-0.0743213348	-0.0620509483	-0.182962538	-0.0318409776	-0.0605284161	-0.0321727206	-0.0086621604	-0.1257139096	0.0977639036	-0.0694892411	0.0098160836	0.0467653812	-0.0388794654	-0.1602585383	-0.126814146	0.0915443535	0.0154443488	-0.139564236	-0.0175952498	-0.0059217861	-0.0412626952	0.0355667782	0.0047768458	-0.1166986562	-0.0250074423	0.0112192841	-0.0353315808	-0.1279709247	-0.0506991716	0.0297941529	0.1483247806	-0.0195240595	0.1818226036	0.0288839774	0.0178299413	-0.0447280928	0.1043304421	0.1220486347	0.0684506665	0.0093914329	-0.2082609222	0.066369424	0.0092482569	-0.0625911185	0.0838856514	0.0355201407	-0.0483212435	-0.0282939018	0.0174223868	-0.1649022129	-0.0528448483	0.0378634426	0.0605584089	0.0881754496	-0.0051032214	0.0607999723	0.0238368047	0.0639033425	-0.0580431809	-0.0371610897	0.0837287074	0.1022576404	0.0167603542	0.072308967	0.07323695	-0.1267983701	-0.1268231081	0.1572946412	0.0157086178	0.0578393388	-0.176407675	0.0785894797	-0.0604237092	-0.0452997015	-0.017486296	-0.0343172665	-0.0683484375	-0.0221409662	0.2251071648	0.0777859401	-0.1423006358	-0.0056744612	0.2014098637	0.0243940358	-0.0067481287	-0.1222481541	0.1024214758	-0.0717238087	0.033413395	0.2241148769191596	-0.001756508518298	3.085322174853455e-06	0.05022747805649	0.0858509651179986	0.0160490287638736	0.0073703882116918	0.0002575713242636	-0.2479061472846453	-0.0130714625589903	0.000170863133431	0.0614574578615162	-1.2011169441668737e-05	-0.0004003174622822	1.4426819135647688e-10	1.602540706081157e-07	-0.0035110290212749	-0.0001470145962147	2.1613291500200613e-08	1.2327324788234582e-05	0.0025569912589429	-1.6734600313999051e-06	2.8004684766929717e-12	6.538204298310396e-06	0.0	0.0	0.0	0.0	0.0
888.9277623967015	0.5615339380125306	0.3153203635398605	790192.5667596066	1272.2398720078795	-3.0489281807235784	9.29596305121039	1618594.2919266257	840.2140675852281	-0.3269689332918233	705959.6793681143	0.1069086833379928	908.365764624632	767.2182125381277	0.943727	26.912054	0.1529880906264155	0.0941454295419707	0.0018983546	-0.0699734136	-0.0397592263	0.0252819927	-0.0206607986	0.0874004434	0.0198933161	-0.0552711517	-0.0384952518	0.0558408328	0.107121818	0.0031720151	0.0723297408	-0.0664599033	-0.0296538867	-0.0081552925	-0.0363881268	-0.0116034431	-0.0175834613	-0.0466049103	-0.0693446621	0.0177898232	-0.115262526	-0.0970264602	0.0498470052	-0.096127847	-0.1210135083	0.0700817231	-0.0760474511	0.1097545325	0.0988410264	0.1034535755	0.0045754854	-0.0319403155	0.2354474297	-0.0934690958	-0.035158319	0.119092687	-0.1076149458	0.0244083067	0.0512091093	0.0754000507	0.0827406553	0.0828375684	-0.0431169486	0.0147738283	0.0824879079	-0.1403644531	-0.0021416109	-0.0130521539	0.0949466982	-0.0652614154	-0.0714404997	-0.0593133208	0.0236803904	0.0674878088	0.0037929798	0.1007252758	0.0549782191	-0.000773711	-0.0819485937	-0.095729105	0.0018960851	-0.1297194441	-0.0086671691	-0.0087283955	-0.0433723572	-0.0363329273	0.1157376779	0.1341056467	-0.1037619476	0.1921236624	-0.0743386825	-0.0306748481	0.0104254164	-0.0806993676	-0.1817638421	-0.0733309038	0.0665400824	0.0042897831	-0.1733130702	0.0691077971	-0.0880224484	0.0021828106	-0.0496837398	-0.0166572325	-0.0070773085	-0.0321503922	0.0713298224	0.1396074897	0.02981989	-0.030111166	-0.023459887	0.141270372	-0.0910607134	0.0029436302	-0.0030339223	0.0244678632	0.1012361563	0.0506191145	-0.0015792434	0.086794004	0.0609762349	0.1069858969	0.1418288723	-0.0287850317	0.0011272063	0.0179549672	0.0658768237	0.0147550877	0.0067203095	-0.0451244994	-0.2243705438	0.0572254878	-0.0978673571	0.0020703296	0.0336817237	-0.0251103845	-0.0161584009	-0.0302259734	-0.1232925447	0.1063942335	-0.0799246852	0.0462651033	0.2254386556872134	0.0013237787680538	1.75239022675007e-06	0.0508225874780579	0.0702024302310491	-0.0156485348869494	0.0049283812103453	0.000244876644108	-0.3246414238313591	-0.0767352765467137	0.0058883026667006	0.1053920540672521	0.0007075910896228	0.0007196022590644	5.006851501135813e-07	5.178274112506868e-07	-0.0039741106048292	-0.0004630815835543	2.1444455302715826e-07	1.579355509941591e-05	0.0025599174248181	2.9261658752001776e-06	8.562446729186022e-12	6.553177221887333e-06	0.0	0.0	0.0	0.0	0.0
890.5961146104537	1.6683522137522004	2.783399109131868	793161.4393592364	1279.7639185781698	7.524046570290238	56.6112767918963	1637795.6872945523	841.4162823976844	1.2022148124563046	707981.3602839399	1.4453204552893475	908.7607246018574	770.1404328768766	0.965898	27.544325	0.136473973808115	0.0880481315068119	-0.0336224787	0.0845258912	0.0574122983	0.0219516525	-0.0805213943	0.0229747831	0.0978522111	-0.013391487	-0.0250796748	-0.0840610743	0.0177085774	-0.0522873607	-0.035575017	-0.1384702806	0.0396496528	-0.0681773252	-0.2222206865	0.0255431813	-0.0466880849	0.0027813113	0.0211942775	-0.0219794436	0.0428993908	0.0485903002	-0.0409088026	-0.0341159032	0.0601198319	0.0582363425	0.1112761009	-0.0118960723	-0.1332866683	0.1307828823	-0.036691851	-0.0416995931	-0.0489924958	0.1027897527	-0.0835888388	0.0457492768	0.0945318891	0.013255196	-0.1293605127	0.0436611938	-0.075195353	0.0016387931	0.0424367057	0.1028360585	-0.1131782895	0.0820250792	0.0571200818	-0.0705093652	0.1197102851	0.0770012115	-0.1834377541	-0.1046719466	-0.0409010791	0.0643169169	0.0542835266	0.0739365847	-0.0418723726	0.0403733034	-0.0115972462	-0.0588057906	0.095018508	0.0161716721	0.0302718291	0.0838214431	-0.0086516199	0.0475763012	-0.0720294649	0.0381235564	0.0152879311	-0.0862188945	0.06856412	-0.0321175711	-0.0013199792	-0.0583398032	0.0286984856	-0.0549456516	-0.0810912944	0.0157167967	-0.0987272653	0.0139448038	0.1551324826	-0.0896259032	-0.0906013992	-0.0341446723	0.015779734	0.0334091152	0.002892688	0.0560587053	-0.0617952732	-0.074026577	0.0171597774	-0.0380821755	-0.2044201058	0.203525063	0.0951046598	-0.0269573282	-0.0326105663	-0.0646634826	0.0354503745	-0.0395367072	-0.0941166979	0.1198307471	0.0162470779	-0.046291781	0.0701859157	0.0278666192	0.1316274256	-0.0254897513	-0.011238519	-0.0776026675	-0.0274614571	0.0298191877	-0.0560981274	-0.0296903026	0.0161695419	-0.1019535252	0.1325732553	-0.0401899703	-0.1242524367	0.1100753719	-0.0876327994	0.0586099215	0.2097566052909627	-0.0156820503962507	0.0002459267046305	0.0439978334631887	0.0698371724477624	-0.0003652577832867	0.0048772306554985	1.3341324825151908e-07	-0.2469908730513665	0.0776505507799925	0.0060296080364362	0.0610044913706762	0.0001928647959251	-0.0005147262936977	3.7196829507230474e-08	2.6494315742377096e-07	-0.0037017627039457	0.0002723479008835	7.417337911564887e-08	1.370304711632338e-05	0.0026283655272086	6.844810239049976e-05	4.685142720860339e-09	6.908305344618541e-06	0.0	0.0	0.0	0.0	0.0
889.8953182358983	-0.7007963745553525	0.4911155585899259	791913.6774181707	1285.6859226954805	5.922004117310735	35.070132765445294	1652988.2918173291	842.57288553853	1.1566031408456183	709929.0674447248	1.3377308254139493	910.6437158780363	777.8865691398266	0.881831	25.146999	0.1221685274994851	0.0583828146734832	-0.0844877564	0.1217016411	0.064300769	-0.0057398942	-0.0445744616	-0.0834100674	0.0868800768	-0.0047344502	-0.0225174477	-0.0962091137	0.0101397809	-0.0594870734	-0.0571363572	-0.1698990557	-0.1276010007	-0.0975059611	-0.0738405035	0.0094756873	-0.1146347737	0.0505052217	0.1031779281	-0.0925420421	0.1188379396	0.0700742716	0.1035701708	-0.0137675037	0.009239588	0.0469863373	0.016632852	-0.1672785696	-0.068319932	-0.1197168173	-0.0552351032	0.0587520343	-0.227543307	0.0316846985	0.0549637466	-0.0028496378	-0.0669168006	0.0028879066	-0.0640982595	-0.0584860576	-0.069163224	0.0296727297	-0.0100354708	0.0201050383	-0.0511119601	-0.0218826343	0.0471913842	-0.121883349	0.0007480544	0.0550247196	0.0120469539	0.0635150992	-0.0300838931	-0.0915645762	0.0547519265	-0.0792583724	-0.0985663729	-0.0012886169	0.0538327695	-0.0017630585	0.0999714175	0.0091155055	-0.052733241	0.1338247641	-0.0033748395	-0.0002226382	0.0407764819	0.0454571236	0.1561745618	-0.0678589814	0.0499164331	0.0093302362	-0.0454030909	-0.2160465972	0.0805586337	-0.1280794072	-0.0121896857	-0.0592583434	0.2617183277	-0.0973454504	0.1085342336	-0.0856339525	-0.0196110146	0.0965314526	-0.0883739425	-0.0197658018	0.0699296838	-0.0103994872	0.1705910224	-0.0082187714	-0.0040016191	-0.0534121072	-0.0668975118	0.0209525061	0.1440388485	0.0082122323	-0.0695664726	-0.0477222468	0.0259202978	-0.0454085045	-0.0742719122	0.0806681993	-0.0167383553	-0.11108767	0.11843686	-0.069839723	0.0718312461	-0.0020708325	0.01705062	0.1096768643	0.1193239663	-0.0444759251	-0.083194309	0.0481977498	0.0643808702	0.0321807855	0.081377929	-0.1630515253	-0.1251271724	0.1134548014	-0.0948006283	0.0703125971	0.1860186219631572	-0.0237379833278055	0.0005634918524711	0.0346029277170719	0.0902561042739336	0.0204189318261712	0.0081461643587071	0.0004169327769218	-0.212164972975728	0.0348259000756384	0.0012128433160783	0.0450139757577914	-0.0003839974157992	-0.0005768622117243	1.474540153404637e-07	3.327700113154512e-07	-0.0039160110051001	-0.0002142483011543	4.5902334547546393e-08	1.5335142192065093e-05	0.0025557617946899	-7.260373251869985e-05	5.271301975646914e-09	6.531918351196538e-06	0.0	0.0	0.0	0.0	0.0
886.494820694179	-3.4004975417193464	11.563383531239316	785873.0671176045	1278.075797539631	-7.610125155849573	57.91400488769449	1633477.7442565635	841.2975366384792	-1.275348900050858	707781.5451539733	1.6265148168609334	909.080282458532	759.9887622036512	0.8726	24.883745	0.0557211107220437	0.0259565024150155	-0.0308172478	0.1111098135	0.1889770932	0.053427003	-0.0536358516	-0.0108751348	0.0876603674	-0.0198385015	-0.0198747085	0.0318375427	-0.1458480123	-0.07590972	-0.002272784	-0.1381643991	-0.179645301	-0.0098383221	-0.0590517081	0.0708707006	-0.0542258211	0.0307295075	-0.0290705108	-0.0478041544	0.0727354086	0.0378151271	-0.0992487449	0.1388242347	0.0719412881	0.1985755629	-0.13957836	-0.0943399131	-0.0456899238	-0.0110877667	-0.132628874	-0.0065845962	-0.1274149479	0.1290440835	0.0165581808	0.063905786	0.0236504056	0.1640718629	-0.0588360846	-0.0513367876	0.0215483698	0.1097811102	-0.071170153	-0.0474726361	0.10520449	0.1433312853	0.0332286652	0.0841939509	-0.0795133241	-0.0249678474	-0.0733760018	0.0140917605	-0.007703106	0.1225828059	-0.1301258348	0.0339990906	-0.0439694258	0.0280449266	0.0435380532	0.0603405836	0.088504125	0.030469091	0.0051441324	0.2135998547	-0.0501561989	-0.0434494776	0.0583022145	0.0713017122	0.1859742583	-0.0574811403	0.0677186527	0.0037541592	-0.042758707	-0.0976550604	0.0013452222	0.0035680708	0.0029694855	0.0140275743	0.0935347299	-0.111031771	-0.0983224522	-0.032761891	0.1359803063	0.0011027906	-0.1422021665	0.0697263163	0.0198219509	-0.0242790103	-0.0605499763	-0.0136298361	-0.0648899836	-0.0058912439	0.0003472855	0.0322141299	0.1365937388	-0.0322780454	-0.0559796559	-0.1043170817	0.0582703344	-0.1061630054	-0.1113477141	0.1027891133	0.0498331006	-0.1339503397	0.0374687751	-0.0727580746	0.0637377388	0.0589002386	0.0462913022	-0.1035385804	0.1089321408	0.0485541593	0.005669398	-0.0422043391	0.0509233889	0.1295400866	0.0353163994	-0.0590472885	-0.1259161521	0.1165232592	-0.1013839798	0.0812449131	0.1811184335075779	-0.0049001884555792	2.4011846900192608e-05	0.0328038869562389	0.0845624079614424	-0.0056936963124911	0.0071508008402374	3.2418177698875864e-05	-0.1969807281122797	0.0151842448634482	0.0002305612920731	0.0388014072476438	-0.0005172433024917	-0.0001332458866925	2.675406339725203e-07	1.7754466320470552e-08	-0.0037101080859465	0.0002059029191535	4.2396012115973774e-08	1.3764902009405604e-05	0.0022960509787255	-0.0002597108159644	6.744970792889445e-08	5.271850096906327e-06	0.0	0.0	0.0	0.0	0.0
889.3305397834984	2.8357190893193547	8.041302753530191	790908.8089916086	1280.4330352899683	2.35723775033739	5.556569811615679	1639508.7578618813	841.6947973334777	0.397260694998522	708450.1318582441	0.1578160597907087	908.9324790976964	763.2310232613157	0.930817	26.543928	0.0891599387110008	0.0406654553779559	-0.0283171606	0.0758919332	0.1064895527	0.0807862056	-0.0400854405	-0.0349073012	0.0616707232	0.0017237358	0.0078416128	-0.0363628046	-0.0018627522	-0.1253077706	0.0486395094	-0.0001661826	0.042070022	-0.0178536848	0.0518892584	0.0540233689	-0.0722561889	-0.00080001	0.0187645914	-0.0664458332	-0.0646855699	0.0473889716	0.0332177741	0.0255621503	-0.0659106371	-0.1247475951	0.0101956905	-0.1673613846	-0.1187814098	0.075169649	0.0941062313	-0.1013098742	-0.1937250016	-0.0316503225	0.1373054482	-0.1973649512	-0.0528930341	-0.1093085627	0.1247893364	-0.0810401098	0.0364964283	0.0350461332	0.0035153933	-0.0098617051	0.0217683014	0.0283903259	0.1211066439	0.0948403088	0.0882913302	0.007042406	0.1836619749	-0.1445847217	0.0396288661	0.0672646123	0.0092890992	-0.1695783725	-0.1120966342	0.0343569393	0.0567662334	-0.0514607393	-0.0190613719	-0.0921929608	0.095748188	-0.0303390522	-0.0640906083	0.0573803333	-0.0378915567	-0.2073273462	0.0361804399	-0.0779120802	0.0250423762	-0.0400821304	-0.0180261846	0.0042222158	0.164703685	-0.0805215349	-0.1273464833	0.0582581591	0.0166354313	-0.1265053807	0.0633848544	0.012298441	-0.0609934628	0.0209207892	0.0568685704	0.1131353476	-0.1709253382	0.1008948595	0.1796390023	0.0018523451	0.0230080653	0.0128281797	0.062263226	0.0242436138	0.0956981612	-0.0250853745	-0.0131549976	-0.0810389477	-0.0040252386	-0.0386531972	-0.007737893	0.0446411873	0.0644698573	-0.0553748222	-0.0354076074	0.0445738975	-0.1127275964	0.0668243007	-0.0933061857	-0.0161329944	-0.053324034	0.0486190456	0.0422516686	0.1614294652	0.1586281029	-0.1544862669	0.02961071	0.0278304695	-0.1266188352	0.1192723348	-0.1073422654	0.0912870929	0.1909003986690294	0.0097819651614514	9.568684241985076e-05	0.0364429622119943	0.0697652430950768	-0.0147971648663656	0.0048671891441151	0.0002189560880824	-0.2217619834622084	-0.0247812553499287	0.0006141106167183	0.0491783773090927	-0.0001869951224823	0.0003302481800093	3.496717583217038e-08	1.0906386039952105e-07	-0.0039152543242872	-0.0002051462383407	4.2084979105339405e-08	1.532921642384962e-05	0.0025566476270405	0.0002605966483149	6.791061311301172e-08	6.536447088851819e-06	0.0	0.0	0.0	0.0	0.0
890.0918299612842	0.7612901777858951	0.5795627347932798	792263.4657638278	1287.787207508815	7.35417221884677	54.08384902445763	1658395.8918233518	841.2124607400516	-0.4823365934261119	707638.4041043329	0.2326485893579064	910.0746442912262	771.5051943632118	0.901522	25.708513	0.0478546159630859	0.0280316889775939	-0.0443888907	0.1453617808	-0.0025657471	0.1036999846	-0.0886372879	-0.0757655057	0.0684714429	-0.0760493313	0.0989289805	-0.1143293289	0.0266466177	-0.1080747195	0.0345969027	-0.0098339646	-0.0522475589	0.0728396792	0.0408979541	0.0201107918	-9.54951e-05	0.0977004641	0.0246969547	-0.070588953	0.014687958	0.0216249777	0.0778913395	-0.0186292299	-0.0632457524	0.0519588743	0.2080131617	-0.0455630447	0.0438444411	0.0039953986	0.1079700457	0.0434085375	-0.0444350883	-0.0310154218	0.007236201	0.0246511544	0.1584699725	0.0807789313	-0.0322967988	-0.0486098825	-0.0752173266	-0.1792386065	-0.095434064	-0.0547430587	0.029318004	0.0226557387	-0.0498911002	0.0325734933	0.0919898827	0.0253967977	0.1797805342	-0.0067618455	0.0946942704	0.0088838972	-0.1483055658	0.1064643009	-0.075917265	0.1018359563	0.1534338367	-0.0180477249	0.0634279055	-0.018240109	-0.0352130174	0.0476320947	0.0077498422	0.1052929222	-0.0808835001	-0.0410827678	-0.0142516663	0.114243572	0.1156310103	-0.0134829114	-0.0761266954	0.0533832833	0.1070748745	0.0338533861	-0.067422414	-0.101614909	-0.0089183622	0.0271933147	0.0455093855	-0.0280027701	0.0165773486	-0.0028943282	-0.0293267646	-0.1709061233	0.0694568309	-0.0478214998	-0.010849244	-0.0100631979	0.1897238111	0.07767446	-0.1193549393	0.0061442355	0.1182716357	-0.0493367486	0.0305271583	-0.1249966417	-0.0576130541	-0.0233212195	-0.0255445005	-0.0184994268	-0.0990269804	-0.0899661408	0.101601458	-0.0439091559	-0.0992076859	0.083755835	-0.0870520543	0.0303034598	0.0452202749	-0.0336516062	0.1150580427	0.115318861	0.0164751193	-0.0197924051	-0.0713113098	-0.0075447625	-0.1272347401	0.1216944932	-0.1126387502	0.1003291122	0.1984881856854627	0.0075877870164333	5.7574511806753934e-05	0.0393975598567067	0.0784343369153788	0.0086690938203019	0.0061519452073551	7.515318766519824e-05	-0.1988673449674678	0.0228946384947406	0.0005241644718048	0.0395482208944098	-0.0003599973933029	-0.0001730022708205	1.2959812318488285e-07	2.992978570908422e-08	-0.003915475326776	-2.2100248879986659e-07	4.884210005573515e-14	1.5330947034591627e-05	0.0025558089677177	-8.386593227998826e-07	7.033494597191576e-13	6.532159479466215e-06	0.0	0.0	0.0	0.0	0.0
888.9850097387803	-1.106820222503984	1.2250510049437688	790294.3475402592	1284.8870754387542	-2.900132070060863	8.410766023795507	1650934.7966295548	840.3050019272953	-0.9074588127563176	706112.4962640317	0.8234814968491052	908.4131121884344	771.3256807729665	0.869309	24.789909	0.1005783953070682	0.0457710508285985	-0.0356210704	0.1316628932	0.0608278572	0.0036747228	-0.1402700531	-0.0525502835	0.1151620902	-0.0840118626	0.0627977864	-0.1350348359	-0.0723101604	-0.0842776235	-0.0489553112	0.0480163191	-0.142775415	0.0382627529	0.0135985187	-0.0879372886	-0.028799274	0.0431003012	0.0273273138	-0.1445124764	-0.0530959619	-0.0743595409	-0.0493445235	0.0168307534	0.0477659922	0.0347980484	0.0933974633	-0.057198491	-0.0016345088	0.1565702055	0.1849368057	0.0512588031	0.1874456524	0.0636139946	0.0089339045	-0.07085226	0.0151844722	0.0427747846	-0.0852028407	-0.1651857239	-0.0210118034	-0.1260085241	0.183637995	-0.0235113276	-0.0998840411	-0.0685468668	0.0463825032	0.0060200081	-0.0379365684	-0.0863613574	-0.0438375174	0.0345624162	0.1158027677	-0.116826646	0.0505742637	-0.0182983853	-0.1023127371	0.1225350244	0.0682102062	-0.0241015081	0.0493174235	0.0654647279	0.023144017	0.0169531464	-0.0715416885	0.1013372987	-0.1114172265	-0.0651394429	0.0337330905	0.0546102523	0.1435439329	-0.086667089	0.0356367038	0.1602529967	0.0344401805	0.0376493946	-0.0528337562	-0.1065041079	-0.1760011857	0.0798125796	-0.2014285101	0.1143118504	0.113146026	0.2199556234	0.0430284486	-0.102030064	-0.0405499727	-0.0531217017	0.0121315298	0.0010277368	0.0851018377	0.0154792735	0.1095811326	-0.0595289958	0.1094922588	-0.0498064844	0.0102108006	-0.1183059572	-0.0280828369	0.055031947	-0.0877865755	-0.0765070026	-0.0365629221	-0.0351538391	0.0575106531	-0.0379501222	-0.0946258696	0.1213318486	-0.0791443689	-0.0662127771	-0.0201218527	-0.0310667161	0.0273211755	0.1105748138	-0.0228176009	0.1993677393	-0.0747307852	0.077888487	-0.1277634447	0.1237830955	-0.1172407796	0.1082719048	0.1873248501920414	-0.0111633354934213	0.0001246200593386	0.0350905994994707	0.0938441354712154	0.0154097985558366	0.0088067217623398	0.0002374618915314	-0.2324393726646931	-0.0335720276972253	0.0011270810437032	0.054028061964756	-0.0006311775601659	-0.000271180166863	3.983851124569783e-07	7.353868289984453e-08	-0.0043472933286099	-0.0004318180018338	1.864667867078219e-07	1.8898959284976145e-05	0.0024501424652029	-0.0001056665025148	1.1165409753710254e-08	6.003198099790543e-06	0.0	0.0	0.0	0.0	0.0
888.5519183443984	-0.4330913943819041	0.187568155887662	789524.5115935104	1281.310983817996	-3.576091620758234	12.788431280057251	1641757.8372526406	841.9633589751359	1.6583570478405818	708902.2978566935	2.75014809812253	908.8400361002366	761.3605015106845	0.977387	27.871952	0.104316052443845	0.0500638796530457	-0.0058716041	0.1201110253	0.0510073103	-0.1505916297	0.0685290418	-0.0711100488	-0.0378068112	0.1363466027	0.0104800386	-0.046230208	-0.083357289	-0.1289092076	0.1240893594	0.1198252818	0.0763015008	-0.0506489287	0.0023296006	-0.0256210894	-0.040543742	0.0711560236	-0.0380574935	0.1031506976	0.064754062	-0.0486095809	-0.0373946627	0.123930053	0.0838137699	-0.0234321239	0.0953201272	0.0840309171	0.0689919502	-0.1303515977	0.144628029	-0.1077313003	-0.0609891312	-0.0453427523	-0.0695093564	-0.0430948597	-0.1135735821	-0.0830152883	0.0500391755	0.0356888959	-0.0912680867	0.0246451365	0.0942093768	-0.062828571	0.0737115011	0.1398897812	-0.0123968767	-0.0851742842	-0.221327619	-0.0109834704	-0.0350435659	-0.0169419942	-0.1769775298	-0.0334448547	-0.1287446809	-0.0338758926	-0.0658182811	0.0517614426	0.0044850879	0.0687767501	0.0231603806	0.0409516535	-0.0172625608	-0.1951491389	-0.0151898226	0.0118345136	0.0460910013	0.0739228043	-0.1271686685	-0.0678203817	0.0313912733	-0.1297432536	0.0694522689	0.1901189788	-0.1736897762	-0.0074788634	-0.0681645833	0.2320667009	0.194890348	-0.0766906089	-0.1617606379	-0.0531160864	-0.0595560543	-0.0329294794	0.1007531462	0.0412641612	0.0410048439	-0.0939119148	0.0026084092	0.0246113516	-0.0043654676	-0.1556598707	0.1145571315	0.0576353053	0.0786869496	-0.0162421743	-0.1304667122	0.0190734852	0.0102190157	0.0844930572	-0.0005770227	0.043582099	0.0963854649	0.1675080964	-0.0494352946	0.0425639186	-0.1617651416	0.0255039357	-0.0135837736	-0.0092754811	-0.025319762	-0.0790029011	-0.0083149034	0.0743888976	0.0196446427	-0.0031116421	-0.1248174621	-0.0491923391	-0.1282045865	0.1255324169	-0.1211199807	0.1150284477	0.179524267642023	-0.0078005825500183	6.084908811965144e-05	0.0322289626724047	0.055874251306335	-0.0379698841648803	0.0031219319590434	0.0014417121034944	-0.2105781472013319	0.0218612254633612	0.0004779131787599	0.0443431560787458	-0.0002059656628326	0.0004252118973333	4.2421854266072267e-08	1.8080515763378488e-07	-0.0040657703685957	0.0002815229600142	7.9255177015157e-08	1.653048869015081e-05	0.0024770948131671	2.695234796420021e-05	7.264290607833273e-10	6.13599871341935e-06	0.0	0.0	0.0	0.0	0.0
889.8588204380436	1.306902093645249	1.707993082374335	791848.7203113864	1288.086724288591	6.77574047059511	45.91065892486045	1659167.4092885128	841.9120202438029	-0.0513387313329758	708815.8498310016	0.0026356653348794	909.5520659930544	767.869444424593	0.877279	25.017172	0.0923227801122198	0.0521266126421119	-0.0333930438	0.0793934248	0.0330160789	-0.1101310695	0.1178983364	-0.1245517754	-0.0630181775	0.1609796605	0.027864687	-0.0799443245	-0.0758140232	0.0691129383	0.0330052265	0.1549949454	0.1072171552	-0.0370491765	-0.0597652539	-0.033286536	-0.0105104575	0.0815806647	0.0520979826	0.0090509227	0.057065942	-0.1347907662	0.0019573564	-0.1022022568	0.0038210515	0.1012738034	0.063372705	0.0997918013	-0.0417941552	-0.0907125719	-0.1606051408	-0.0260559592	0.122402842	-0.1272995197	-0.0084376862	-0.0302507065	0.1279510501	-0.1849992185	0.0242651346	-0.0464512646	0.0050101464	0.0449128	0.0239797437	-0.0628758652	-0.1223690788	0.1285841089	-0.1624785416	0.0097492103	-0.2445269069	0.0161135162	-0.0322026072	-0.0033859538	-0.0269556252	0.0455827621	-0.0197409006	-0.0682037946	-0.0806187368	0.0085142652	0.0142152525	0.1047863645	-0.0244955802	0.0823739163	-0.0532886024	-0.1314706923	-0.0457657865	-0.0592695231	0.0730759721	0.1511887902	-0.1848451061	-0.0626995985	0.0264436712	-0.0586782065	0.0717858494	-0.0336637672	-0.0877570727	0.1484092957	0.0923637706	-0.022412509	-0.0678758523	0.1101985721	0.10649019	-0.0070830105	0.0940807941	0.0866667127	0.1020052673	-0.0379875207	0.0051825317	-0.1777701248	0.0619166573	0.1267162031	-0.065402716	-0.1109072435	0.043370414	-0.0222898249	0.0783197196	0.0019427402	-0.1281387898	0.0375906243	0.0469542084	0.0295756122	0.0087089107	0.0057833133	-0.0150852475	0.1395137908	-0.0213113677	0.0158029052	-0.1438559219	-0.0240066216	0.0315226739	0.1865786324	0.0479447478	0.0246836506	0.0402008507	0.1178682924	0.0535301805	-0.0067840442	-0.0413715677	-0.0232759892	-0.1285578634	0.1269376627	-0.1242524367	0.1205247148	0.1842842636822439	0.0047599960402208	2.2657562302918637e-05	0.0339606898409068	0.1005013654161928	0.0446271141098578	0.0101005244505191	0.0019915793137742	-0.222680502552258	-0.0121023553509261	0.00014646700504	0.0495866062169261	0.00016699217884	0.0003729578416726	2.7886387793730544e-08	1.3909755166508416e-07	-0.0039028066376745	0.0001629637309211	2.6557177595757203e-08	1.5231899651076137e-05	0.0025578395327976	8.074471963049994e-05	6.519709748208042e-09	6.542543075542244e-06	0.0	0.0	0.0	0.0	0.0
889.1204715045933	-0.738348933450311	0.5451591475272118	790535.2128485503	1285.9495089581906	-2.1372153304005224	4.567689368499014	1653666.1395898114	841.7662929717303	-0.1457272720725768	708570.4919833689	0.0212364378257148	911.1047046292211	772.10308889045	1.007101	28.719303	0.1591376208081946	0.1045924583999142	-0.0044835115	-0.1387181367	-0.0387566948	0.0118783676	0.2366727391	-0.0848937008	-0.1319128386	0.0685730823	0.1369367402	0.1246738249	0.0082573503	0.0347586158	-0.0033861731	-0.052187579	0.093288231	0.1160027345	0.0396830183	0.2091441168	0.0079298903	-0.0269849614	0.0545761488	0.1549175074	-0.0555312078	-0.0859406998	-0.0645902969	0.0135271299	-0.1491863354	-0.1737634123	0.0539951791	-0.0308940896	-0.1469405636	-0.1273979997	-0.0396626409	0.0111971351	0.0750167646	-0.0004508881	-0.0120117912	0.0949242927	0.0879871267	-0.0813403937	-0.0005413573	0.0642395804	0.0135336563	-0.0280142941	0.0560124086	0.13379055	0.1003708199	-0.0587588378	-0.1065090955	-0.0064077713	0.0960448556	0.0467513521	0.0843874703	0.0795407174	0.0813674669	0.0141147854	0.1041991759	-0.0924052734	0.0762769678	-0.1674505033	0.0957910785	0.116968644	0.002384793	-0.1588862722	-0.0795941032	-0.123864653	-0.0411022764	-0.2709326221	0.0630283215	0.0599504043	-0.0081804484	0.0639665239	-0.0340964311	0.0687639746	-0.0834062004	0.1036521111	0.0319725305	-0.0120039034	0.008395559	0.0402206171	-0.0979171206	0.0388334626	0.2174057899	0.0233442721	0.0723170747	0.0748297514	0.0943476041	0.0711281202	-0.0108582657	0.0856313487	-0.1044759501	-0.1706987411	0.1427312016	-0.085533072	0.1076065344	-0.0102482021	-0.0569390401	0.0730030609	0.0294494278	-0.0264497791	0.1442732755	0.0518197807	0.1629221595	-0.0058046492	-0.006648346	0.2659753182	-0.0116316935	0.1185754369	0.0645012312	-0.0694984507	0.0449903604	0.0167510717	0.0176973117	-0.0994068755	0.0665298268	-0.1320977071	-0.0046671245	0.1045770969	-0.065886011	-0.1431666336	-0.1288230331	0.1279949812	-0.1266188352	0.124700488	0.2059700511240549	0.0216857874418109	0.0004702733769714	0.0424236619600457	0.1008345131614021	0.0003331477452093	0.0101675990444969	1.109874201380426e-07	-0.3131075407828874	-0.0904270382306293	0.0081770492431637	0.0980363320951074	0.0008858665709309	0.0007188743920909	7.847595814928713e-07	5.16780391604061e-07	-0.0039843266462	-8.152000852549961e-05	6.645511789997529e-09	1.5874858823619338e-05	0.0026912780799921	0.0001334385471944	1.7805845877378757e-08	7.242977703845963e-06	0.0	0.0	0.0	0.0	0.0
890.0439088841141	0.9234373795208056	0.8527365938962526	792178.1597417132	1276.2781232877542	-9.671385670436392	93.5357007863224	1628885.847982912	842.1426725028612	0.3763795311308513	709204.2808502612	0.1416615514542794	909.7567962959714	762.1081365331819	0.977874	27.885834	0.0869071890949604	0.0407282353459252	0.0614820032	-0.1187779076	-0.077653442	0.1216661836	0.0394889138	0.0827148775	-0.0016519181	0.0177724553	0.0711344485	0.1274691404	0.1293499097	0.0633477935	-0.0005929987	-0.0529909063	0.0230066626	0.1769920967	0.011190871	-0.0736430821	-0.0011635684	-0.0065673359	-0.0974407366	0.0759813293	0.0198507318	0.102759192	0.0952310446	-0.0076868821	-0.0467547444	-0.0984858242	-0.0108128041	0.1208255926	0.1183239326	0.0787480524	-0.0908755834	-0.1255271079	0.0946325715	0.2045716417	0.1587474147	0.1876773512	0.0086857248	0.0758169715	0.0345783032	0.0765191519	-0.0105882781	-0.0759359494	0.0209021782	0.0612488532	-0.0589193246	0.0150059398	0.0784173847	0.0852232589	0.1342479364	0.0526196422	0.0138592026	-0.0132202985	-0.0919155055	0.1538776369	0.0760620329	0.0556381687	0.08587245	0.0113184533	-0.0054657373	-0.0767294539	-0.0170496415	-0.1151380409	-0.1120996385	-0.0050641916	0.1076004546	-0.0710087097	-0.0325108571	-0.0141681744	-0.0066245179	-0.0453089181	-0.1951498944	-0.0171670106	-0.181316984	0.0768008916	-0.1385997561	-0.0670848662	0.1604642038	0.07444822	-0.0784391683	-0.009937011	-0.0697614208	-0.0299062229	0.0080670759	-0.0580583598	-0.1042860223	-0.0485798839	-0.1130940825	0.1409215045	-0.1013728043	-0.042800979	-0.0716000252	-0.0506660485	-0.0217043836	-0.1877251294	-0.0495529638	-0.0535159877	0.1465056774	-0.1047877585	0.1197100673	0.1499810411	0.062094009	-0.1407357616	-0.078177781	0.1440237406	-0.1179572763	0.0867629044	0.3138057407	0.0323773647	0.021984387	-0.0909933664	-0.0794295367	0.0281292851	0.0494578663	-0.1452390412	0.0584256279	-0.0194756705	-0.0659977093	-0.0263542437	-0.1289999139	0.1287014744	-0.1282045865	0.1275100165	0.1839778160450293	-0.0219922350790255	0.0004836584037711	0.0338478367966986	0.0851668645880465	-0.0156676485733556	0.0072533948237586	0.0002454752118181	-0.3380361341230866	-0.0249285933401992	0.000621434765921	0.1142684279728813	0.0010593444698006	0.0001734778988696	1.1222107056971145e-06	3.009458139624583e-08	-0.0041676630702578	-0.0001833364240578	3.361224438630156e-08	1.736941546719067e-05	0.002561718160872	-0.00012955991912	1.6785772642406833e-08	6.562399935741422e-06	0.0	0.0	0.0	0.0	0.0
890.8201274002315	0.7762185161174102	0.6025151847635142	793560.4993813647	1278.8564924283792	2.578369140625	6.647987425327301	1635473.928226217	841.4895530537696	-0.653119449091605	708104.6678986328	0.4265650147817216	909.2010455850284	773.3856090875618	0.92669	26.426222	0.1167457859774166	0.0936439647207368	-0.0123465072	-0.0277968269	-0.0720774016	0.048453324	-0.0253597362	0.0145219298	0.1287229264	-0.0075981193	-0.0548256712	0.0147433446	0.0420837566	0.0601118972	0.0145613209	0.1444110047	0.1141220965	0.077523123	0.0285243868	0.0110830626	-0.0236218841	0.0368379065	-0.0675167803	-0.0361908356	-0.0456638689	-0.037576457	0.0325769519	-0.1091078822	0.0298802938	-0.0744451953	-0.0047089613	-0.0518245216	-0.0167933552	0.0013674528	-0.1715005126	-0.0658475927	0.0983701469	0.0010547628	0.0250981529	-0.0299347515	-0.0631296318	-0.0511915548	0.0997716295	-0.0243169824	0.0401666524	0.0026142126	0.039086061	-0.1415483346	-0.0354529725	-0.0375720649	0.0713015053	0.0823177397	0.0268361259	-0.1841845961	0.0822513679	0.0022322985	-0.0687697663	-0.0630467324	-0.1266210801	-0.0785536424	-0.0606135896	0.029561824	-0.0626185207	-0.1158234542	-0.0728165185	-0.0545664841	0.0115409783	-0.0110579507	0.0091809064	-0.0357148011	0.0391914073	-0.0832264863	-0.1047359577	-0.0659476819	0.0412014888	-0.0222336172	0.0735937759	-0.0613334074	-0.0245449025	-0.0407431656	0.132429492	-0.0263016213	-0.0065541728	0.021318712	-0.0349281663	-0.0582920426	0.1137402628	-0.027632065	0.0399096751	-0.0287963334	-0.110939999	-0.0552113367	-0.0452993249	-0.0309463305	-0.1868345739	0.0839326353	-0.0463067513	-0.1344947641	0.0030485522	-0.0003021721	0.0390519862	-0.0103810353	0.0171360837	0.0792528466	0.0230145761	-0.1203158966	-0.0616263119	0.0145540223	-0.0813754706	0.0613738177	0.2370305626	0.0700432733	0.0073422697	0.1115724906	-0.0160878256	-0.0867475751	0.0812227404	0.0307555893	-0.0732548052	-0.1402354299	0.0240807422	0.0183421909	-0.1290883846	0.1290552057	-0.1289999139	0.1289225186	0.1881247660135017	0.0041469499684723	1.719719404101321e-05	0.0353909275876347	0.0838871455031409	-0.0012797190849055	0.0070370531806651	1.6376809362716137e-06	-0.247216460610268	0.0908196735128185	0.0082482130969749	0.0611159783966681	0.0008071307369436	-0.0002522137328569	6.514600265191188e-07	6.361176704166215e-08	-0.0042219409022865	-5.427783202870042e-05	2.946083049735817e-09	1.7824784982399748e-05	0.0026652154642107	0.0001034973033387	1.0711691798382928e-08	7.103373470667858e-06	0.0	0.0	0.0	0.0	0.0
