#!ascii label  , from subject sub-v1s8x0051335_ses-1 vox2ras=TkReg
4941
530  -0.252  -93.559  11.854 0.6999999881
524  -0.536  -93.924  12.365 0.6000000238
536  -0.613  -93.585  11.112 0.6000000238
531  -0.899  -93.975  11.750 0.6999999881
332  -1.239  -94.310  12.511 0.6000000238
322  -1.860  -94.762  13.001 0.6000000238
313  -2.557  -95.115  14.187 0.3000000119
143310  -2.937  -95.386  14.697 0.3000000119
137613  -3.911  -95.939  15.162 0.3000000119
111  -3.230  -95.392  13.973 0.5000000000
102  -3.654  -95.698  14.570 0.3000000119
89  -5.245  -96.049  15.812 0.3000000119
112  -3.979  -95.773  13.814 0.5000000000
504  -7.925  -93.678  14.658 0.4000000060
515  -7.925  -93.600  13.943 0.4000000060
712  -8.424  -93.180  14.171 0.6000000238
737  -0.036  -93.017  11.226 0.8000000119
745  -0.389  -93.109  10.439 0.8000000119
750  -0.147  -92.705  9.747 0.8000000119
537  -0.973  -93.660  10.373 0.8000000119
532  -1.259  -94.032  11.015 0.6999999881
339  -1.640  -94.365  11.674 0.6999999881
340  -2.412  -94.916  11.574 0.8000000119
136248  -1.921  -94.707  12.244 0.6000000238
323  -2.649  -95.103  13.366 0.5000000000
141  -3.146  -95.221  12.026 0.8000000119
137825  -2.497  -95.010  12.482 0.6999999881
126539  -3.496  -95.486  13.224 0.6000000238
126  -4.200  -95.852  13.004 0.5000000000
137991  -3.706  -95.548  12.479 0.6000000238
113  -4.716  -95.904  13.596 0.5000000000
103  -4.456  -95.932  14.564 0.3000000119
142  -3.871  -95.537  11.671 0.8000000119
114  -5.479  -95.872  13.302 0.4000000060
90  -5.865  -95.614  15.582 0.3000000119
143  -4.392  -95.889  12.194 0.8000000119
128  -5.876  -96.076  12.409 0.6000000238
314  -6.392  -94.931  14.264 0.4000000060
315  -6.754  -94.550  14.878 0.3000000119
124216  -4.633  -95.788  11.325 0.8999999762
144  -5.154  -96.040  11.880 0.8000000119
127  -4.959  -95.965  12.733 0.8000000119
130456  -6.193  -95.874  13.078 0.6000000238
129  -6.842  -96.190  12.535 0.6999999881
117  -7.838  -95.348  13.046 0.6000000238
514  -7.414  -93.967  14.119 0.6000000238
146  -7.263  -96.385  11.785 0.8999999762
130  -7.486  -95.921  12.791 0.6000000238
516  -8.513  -93.513  13.460 0.6999999881
148005  -7.375  -96.223  12.343 0.8000000119
325  -7.952  -94.316  13.370 0.6999999881
147  -8.658  -95.980  11.817 0.8999999762
334  -9.514  -95.377  12.439 0.8000000119
517  -9.408  -93.092  13.067 0.6999999881
335  -10.074  -95.387  12.318 0.8000000119
327  -9.631  -94.516  12.626 0.6999999881
995  0.140  -91.563  7.433 1.0000000000
145919  0.499  -91.557  8.128 0.8000000119
990  0.012  -91.923  8.260 0.8999999762
127522  -0.428  -92.860  9.109 0.8000000119
758  -0.533  -92.612  8.426 0.8999999762
751  -0.813  -93.296  9.607 0.8999999762
140149  -1.621  -94.053  10.298 0.8999999762
346  -1.979  -94.468  10.884 0.8999999762
768  -1.350  -93.083  7.893 1.0000000000
347  -2.730  -94.929  10.629 0.8999999762
341  -3.307  -95.191  11.166 0.8000000119
157  -4.163  -95.462  10.741 1.0000000000
301  -7.228  -94.810  15.335 0.3000000119
159  -5.418  -95.940  10.970 0.8999999762
141262  -5.823  -96.163  11.533 0.8000000119
127757  -7.958  -96.262  11.134 0.8999999762
130230  -8.859  -96.004  11.109 0.8999999762
148  -9.548  -95.946  11.656 0.8000000119
163  -9.577  -96.027  10.631 0.8999999762
149  -10.146  -95.876  11.385 0.8000000119
121290  -10.764  -94.459  11.810 0.8000000119
122852  -10.267  -93.921  12.335 0.8000000119
139553  -11.180  -91.404  11.632 0.6999999881
122467  -10.997  -94.889  11.147 0.8999999762
124144  -11.095  -93.803  11.171 0.8000000119
121316  -11.345  -93.185  10.588 0.8000000119
122547  -11.580  -91.860  10.990 0.8000000119
121312  -11.044  -95.242  10.364 0.8999999762
122505  -11.296  -94.379  10.343 0.8999999762
1889  1.402  -90.137  6.596 1.0000000000
2453  -1.052  -89.418  4.667 1.0000000000
3033  -1.380  -88.874  5.495 1.0000000000
1897  0.369  -90.490  5.072 0.8999999762
1392  0.610  -90.679  6.011 1.0000000000
143462  -1.560  -89.323  5.994 1.0000000000
1384  -0.024  -91.340  6.371 1.0000000000
1393  -0.246  -91.069  5.431 1.0000000000
132376  -0.642  -91.967  6.593 1.0000000000
1386  -1.573  -91.824  6.459 1.0000000000
996  -0.737  -92.323  7.477 0.8999999762
135614  -1.312  -92.200  6.690 1.0000000000
1387  -1.983  -91.611  6.754 0.8999999762
776  -1.619  -92.700  7.320 1.0000000000
1377  -2.142  -92.213  7.064 1.0000000000
1884  -2.003  -90.952  7.526 1.0000000000
1001  -2.042  -92.490  7.123 1.0000000000
540  -1.475  -93.812  9.037 0.8999999762
1378  -2.235  -92.120  7.626 0.8999999762
352  -2.289  -94.485  10.096 0.8999999762
146424  -1.324  -93.793  9.756 0.8999999762
760  -1.878  -93.686  8.325 1.0000000000
769  -2.362  -93.258  7.924 1.0000000000
91  -6.906  -95.650  15.792 0.3000000119
541  -1.918  -94.124  9.555 1.0000000000
92  -7.884  -95.740  15.839 0.3000000119
348  -3.647  -95.206  10.266 1.0000000000
349  -4.665  -95.275  9.891 1.0000000000
158  -5.056  -95.605  10.359 1.0000000000
160  -6.304  -96.131  10.669 1.0000000000
161  -7.039  -96.348  10.811 0.8999999762
171  -6.979  -95.348  9.788 1.0000000000
147071  -7.739  -96.044  9.490 0.8999999762
173  -7.669  -96.118  10.106 0.8999999762
174  -8.307  -96.069  9.501 0.8999999762
162  -8.578  -96.106  10.335 0.8999999762
121291  -10.004  -95.978  9.668 0.8999999762
122603  -9.163  -96.063  9.644 0.8999999762
121288  -10.354  -95.714  10.458 0.8999999762
122823  -9.595  -95.963  8.987 0.8999999762
122077  -14.033  -88.475  11.629 0.5000000000
139658  -14.787  -89.284  11.936 0.6000000238
949  -14.938  -90.769  12.695 0.4000000060
122928  -10.705  -95.493  9.582 0.8999999762
121306  -11.013  -95.290  8.770 0.8999999762
123970  -11.875  -91.847  10.261 0.8000000119
122768  -13.195  -89.388  10.238 0.8000000119
139399  -11.439  -95.024  9.540 0.8999999762
139275  -11.730  -92.194  9.759 0.8000000119
122221  -11.374  -93.100  9.204 1.0000000000
121293  -11.994  -91.534  9.260 1.0000000000
121304  -12.918  -90.957  8.469 0.6999999881
139076  -11.151  -93.331  8.188 1.0000000000
122731  -11.254  -92.157  8.055 1.0000000000
122302  -11.926  -91.590  8.103 0.8999999762
139053  -13.026  -91.140  7.830 0.6999999881
139478  -11.874  -91.361  7.619 0.6999999881
1906  0.169  -90.267  4.268 0.8999999762
2451  0.072  -89.956  3.792 1.0000000000
2452  -0.532  -89.898  4.143 1.0000000000
1401  -0.298  -90.601  4.749 0.8999999762
3051  -1.775  -87.982  5.633 1.0000000000
143390  -2.430  -88.260  6.882 1.0000000000
1907  -1.030  -90.186  4.685 1.0000000000
2438  -1.875  -89.198  6.630 1.0000000000
1899  -1.177  -90.757  5.283 0.8999999762
2426  -1.503  -90.209  6.159 0.8999999762
1890  -1.511  -91.205  6.125 0.8999999762
2427  -1.811  -90.005  7.090 1.0000000000
2415  -2.286  -89.027  7.470 1.0000000000
1891  -1.744  -90.855  6.674 1.0000000000
2401  -2.027  -89.851  8.023 1.0000000000
1876  -2.511  -89.870  8.841 1.0000000000
997  -2.769  -92.955  8.050 1.0000000000
1372  -2.293  -91.567  8.536 1.0000000000
546  -2.298  -94.138  8.823 0.8999999762
302  -8.213  -94.956  15.557 0.3000000119
93  -8.908  -95.844  15.937 0.3000000119
353  -3.038  -95.007  9.861 1.0000000000
123106  -5.833  -95.786  10.181 1.0000000000
143141  -7.570  -93.943  10.253 1.0000000000
123270  -7.675  -94.349  9.880 1.0000000000
183  -8.047  -96.053  8.976 0.8999999762
184  -8.845  -95.994  8.777 0.8999999762
139602  -15.345  -89.765  11.123 0.6000000238
145714  -15.211  -90.161  11.869 0.5000000000
121298  -10.191  -95.630  8.006 0.8999999762
138891  -14.643  -88.829  11.101 0.6000000238
741  -15.121  -91.395  11.071 0.6000000238
121302  -11.021  -95.081  8.051 1.0000000000
138960  -14.180  -89.175  9.493 0.6000000238
122044  -14.900  -89.092  10.136 0.6999999881
139659  -15.489  -90.165  10.108 0.6999999881
122445  -10.761  -93.958  7.336 1.0000000000
121315  -10.420  -93.687  6.634 1.0000000000
139054  -14.755  -89.516  9.006 0.6999999881
138947  -15.234  -89.735  9.247 0.6999999881
122176  -15.441  -90.895  9.235 0.6999999881
121313  -10.788  -92.504  7.246 1.0000000000
139282  -14.392  -90.305  7.964 0.6999999881
122007  -15.053  -90.628  7.275 0.6999999881
122071  -15.341  -90.578  8.543 0.6999999881
121295  -14.007  -93.071  8.410 0.5000000000
142694  -10.773  -91.239  7.175 0.8999999762
138890  -13.076  -91.354  6.822 0.6000000238
121324  -14.873  -91.048  6.536 0.6000000238
122830  -15.220  -91.356  6.724 0.6000000238
139130  -15.232  -92.086  7.225 0.6000000238
121308  -10.721  -90.661  6.598 0.8999999762
139436  -11.190  -90.984  7.217 0.8000000119
122143  -12.781  -91.279  6.370 0.6999999881
123258  -14.664  -91.724  6.013 0.6000000238
122532  -14.906  -92.205  6.202 0.6000000238
2465  0.008  -89.288  3.594 1.0000000000
3069  -0.815  -88.159  3.960 1.0000000000
3049  -0.669  -88.970  4.038 1.0000000000
3701  -1.579  -87.354  5.163 1.0000000000
5110  -0.968  -85.585  3.945 1.0000000000
4389  -1.279  -86.622  4.879 1.0000000000
3035  -2.398  -87.679  6.256 1.0000000000
126838  2.112  -83.962  5.315 0.8999999762
5882  2.095  -84.699  4.093 1.0000000000
5905  2.052  -84.437  3.078 1.0000000000
5109  -0.432  -85.097  3.325 1.0000000000
4390  -1.909  -86.629  5.507 1.0000000000
132759  2.047  -83.248  4.064 0.8999999762
6760  1.211  -84.011  2.362 1.0000000000
3014  -3.269  -88.158  7.574 1.0000000000
135338  2.089  -82.969  5.456 0.8000000119
7608  1.808  -83.173  3.327 1.0000000000
5906  0.509  -84.473  2.314 1.0000000000
2402  -2.904  -89.115  8.222 1.0000000000
7593  1.885  -82.616  3.836 0.8999999762
6761  1.128  -83.244  2.374 1.0000000000
6747  -0.202  -83.462  2.957 1.0000000000
3003  -3.777  -88.482  8.461 1.0000000000
7594  1.475  -82.295  3.350 1.0000000000
133798  0.147  -82.868  2.635 1.0000000000
1864  -2.454  -90.790  9.320 1.0000000000
991  -3.020  -92.781  8.668 1.0000000000
542  -2.694  -94.530  9.295 1.0000000000
553  -2.888  -93.953  8.541 1.0000000000
547  -3.252  -94.363  8.867 1.0000000000
354  -4.199  -95.069  9.554 1.0000000000
359  -3.618  -94.760  9.201 1.0000000000
548  -4.246  -94.259  9.008 1.0000000000
7660  -0.382  -82.716  -2.247 1.0000000000
6805  0.313  -82.984  -2.411 1.0000000000
355  -5.376  -94.127  9.945 1.0000000000
138723  -4.443  -94.611  9.297 1.0000000000
7671  0.150  -82.103  -3.698 1.0000000000
7670  0.737  -83.266  -3.519 0.8999999762
5972  0.769  -84.141  -2.375 1.0000000000
5946  0.917  -84.700  -0.937 1.0000000000
170  -5.903  -95.090  9.822 1.0000000000
356  -7.130  -93.476  10.129 1.0000000000
5990  0.438  -84.482  -3.603 0.8000000119
5191  0.625  -84.699  -2.833 1.0000000000
134894  0.745  -85.807  -1.100 1.0000000000
181  -7.590  -93.634  9.850 1.0000000000
182  -7.776  -94.263  9.384 1.0000000000
5225  -0.295  -84.477  -4.673 0.8999999762
5206  0.006  -84.976  -4.039 0.8999999762
4510  -0.394  -85.671  -3.694 0.6999999881
5178  0.384  -85.501  -2.537 0.8999999762
4473  0.262  -86.452  -1.836 0.8999999762
128355  -7.727  -95.520  8.718 0.8999999762
4516  -1.309  -85.621  -4.742 0.6999999881
3817  -1.374  -86.674  -3.821 0.6999999881
3128  -0.401  -87.374  -1.979 0.8999999762
124138  -8.289  -95.813  8.265 1.0000000000
4512  -1.653  -86.293  -4.477 0.6999999881
3129  -0.961  -87.922  -2.055 0.8000000119
123177  -9.585  -95.835  8.165 0.8999999762
3804  -1.728  -87.287  -3.449 0.6999999881
3132  -1.377  -87.598  -2.795 0.8000000119
3119  -0.815  -88.327  -1.343 1.0000000000
2508  -0.681  -89.008  0.029 1.0000000000
124527  -9.503  -95.339  6.879 1.0000000000
122579  -10.502  -95.367  7.610 1.0000000000
3137  -2.426  -87.641  -3.620 0.8000000119
143604  -1.998  -87.809  -3.050 0.8000000119
133841  -1.382  -88.624  -1.658 1.0000000000
139465  -10.433  -94.586  6.727 1.0000000000
121310  -10.085  -94.226  6.200 1.0000000000
3819  -3.016  -87.422  -4.273 0.6000000238
3138  -3.149  -87.966  -3.620 0.6999999881
2525  -2.456  -88.732  -2.424 0.8999999762
2509  -1.401  -89.407  -0.355 1.0000000000
3133  -2.588  -88.295  -3.011 0.6999999881
2521  -2.131  -88.887  -1.850 0.8999999762
2526  -3.059  -88.827  -2.603 1.0000000000
1967  -3.260  -89.559  -1.528 1.0000000000
138881  -10.391  -91.605  6.557 1.0000000000
122377  -11.129  -90.071  5.916 0.8000000119
139386  -11.549  -90.746  6.483 0.6999999881
139248  -13.809  -92.222  5.252 0.5000000000
139211  -14.180  -92.791  5.857 0.6000000238
145596  -13.893  -93.220  6.986 0.5000000000
121322  -10.464  -90.344  5.850 0.8000000119
139055  -11.642  -90.308  5.577 0.6999999881
122203  -12.357  -91.209  5.758 0.6999999881
122170  -12.933  -91.781  5.178 0.6000000238
122201  -12.695  -92.237  4.744 0.5000000000
122242  -13.089  -92.777  4.769 0.5000000000
145818  0.126  -88.072  3.193 1.0000000000
3050  -1.186  -88.297  4.772 1.0000000000
4401  -0.947  -86.525  3.936 1.0000000000
5136  1.911  -85.074  2.757 1.0000000000
5138  0.711  -85.174  2.302 1.0000000000
5094  -0.947  -84.779  4.001 1.0000000000
3687  -2.917  -87.170  6.101 1.0000000000
8439  1.089  -81.781  2.810 1.0000000000
126629  -3.293  -89.251  9.150 1.0000000000
2385  -2.913  -89.961  9.633 1.0000000000
1373  -3.038  -92.062  9.659 1.0000000000
6787  -0.983  -83.234  -0.437 1.0000000000
6775  -0.929  -83.923  0.342 1.0000000000
770  -3.882  -93.838  8.950 1.0000000000
7650  -1.771  -82.522  -2.301 1.0000000000
7643  -0.801  -83.022  -1.454 1.0000000000
5948  0.021  -84.007  -0.036 1.0000000000
6786  0.076  -83.597  -0.857 1.0000000000
5932  0.438  -84.901  -0.019 1.0000000000
554  -4.092  -94.087  8.946 1.0000000000
8483  -0.726  -82.105  -3.600 1.0000000000
6785  0.728  -83.982  -1.229 1.0000000000
5149  0.245  -85.543  0.414 1.0000000000
4442  0.464  -86.290  0.292 1.0000000000
549  -5.305  -94.341  9.074 1.0000000000
7680  0.371  -82.490  -4.388 0.8999999762
147973  0.065  -83.317  -5.020 0.6999999881
5148  0.752  -85.567  -0.051 1.0000000000
3742  0.754  -86.573  -0.101 1.0000000000
365  -6.516  -93.518  8.831 1.0000000000
556  -5.812  -93.759  8.320 1.0000000000
366  -6.460  -93.742  8.508 1.0000000000
8503  -0.164  -81.978  -4.411 0.8999999762
5245  -1.428  -84.455  -5.465 0.6000000238
5227  -1.660  -85.196  -5.324 0.5000000000
5247  -2.682  -85.013  -6.199 0.4000000060
3732  -0.228  -87.636  1.121 1.0000000000
361  -7.218  -93.408  9.506 1.0000000000
362  -7.455  -93.795  9.049 0.8999999762
371  -5.934  -94.680  7.104 1.0000000000
3754  0.484  -87.019  -0.526 0.8999999762
144124  -0.479  -88.704  1.206 1.0000000000
192  -7.312  -95.140  8.407 0.8999999762
367  -6.634  -95.029  7.695 1.0000000000
145623  -6.433  -94.979  6.794 1.0000000000
375  -6.379  -94.722  6.208 1.0000000000
8523  -1.217  -82.236  -5.411 0.8000000119
4518  -2.782  -86.047  -5.282 0.5000000000
126101  0.106  -87.633  -0.797 1.0000000000
203  -7.530  -95.472  7.299 1.0000000000
372  -7.107  -95.058  6.441 1.0000000000
138214  -6.971  -94.575  5.780 1.0000000000
383  -7.181  -94.209  5.227 1.0000000000
2498  -0.495  -89.166  0.877 1.0000000000
2489  -1.100  -89.656  1.957 1.0000000000
204  -8.209  -95.161  6.493 1.0000000000
212  -8.991  -95.026  6.406 1.0000000000
384  -8.005  -94.228  5.178 1.0000000000
125949  -3.434  -86.450  -5.201 0.5000000000
1935  -1.433  -90.265  1.795 1.0000000000
1432  -1.911  -90.755  1.417 1.0000000000
127293  -10.015  -94.786  6.371 1.0000000000
121301  -9.532  -94.455  5.905 1.0000000000
574  -7.434  -93.858  4.619 1.0000000000
1958  -1.798  -89.942  0.157 1.0000000000
122718  -9.195  -94.118  5.198 1.0000000000
575  -8.157  -93.856  4.697 1.0000000000
1964  -2.159  -89.694  -0.663 1.0000000000
1959  -2.578  -90.128  -0.131 1.0000000000
122574  -9.763  -93.618  5.713 1.0000000000
121321  -9.814  -92.218  5.639 1.0000000000
1010  -9.244  -92.108  4.694 1.0000000000
129655  -2.947  -89.797  -0.807 0.8999999762
1398  -9.751  -91.002  5.399 0.8999999762
1404  -9.520  -90.801  4.398 0.8999999762
139448  -12.223  -93.007  4.099 0.5000000000
122959  -11.404  -89.833  5.146 0.6999999881
1411  -12.103  -90.354  4.168 0.6000000238
148707  -11.777  -91.352  3.723 0.6000000238
124002  -13.661  -92.836  5.290 0.5000000000
139200  -12.074  -91.028  5.074 0.6000000238
3713  -0.366  -87.536  3.623 1.0000000000
4400  -0.211  -86.663  3.215 1.0000000000
5108  -0.095  -85.847  2.809 1.0000000000
123549  2.101  -83.531  6.181 0.6000000238
5095  -1.071  -85.287  4.732 1.0000000000
5096  -1.569  -85.903  5.292 1.0000000000
129142  2.235  -82.000  7.659 0.4000000060
7555  2.121  -82.494  6.331 0.5000000000
7595  -0.352  -82.634  3.105 1.0000000000
6731  -0.607  -83.261  3.823 1.0000000000
4374  -2.531  -86.618  6.051 1.0000000000
4363  -3.261  -86.560  6.566 1.0000000000
3677  -3.201  -87.440  6.815 1.0000000000
134168  2.137  -81.632  6.936 0.6999999881
5079  -1.290  -84.982  5.549 1.0000000000
3666  -4.041  -87.422  7.206 1.0000000000
3015  -4.300  -87.728  7.877 1.0000000000
7568  2.029  -82.062  5.492 0.6999999881
8419  1.653  -81.652  4.803 1.0000000000
7611  0.051  -82.172  2.703 1.0000000000
3004  -4.841  -88.091  8.630 1.0000000000
2403  -4.240  -88.755  9.423 1.0000000000
6776  -1.938  -83.177  0.521 1.0000000000
992  -3.933  -93.076  9.790 1.0000000000
8475  -2.982  -82.230  -3.394 0.8999999762
7644  -2.644  -82.584  -1.518 1.0000000000
6788  -2.326  -82.851  -0.341 1.0000000000
7634  -3.514  -82.601  -0.075 1.0000000000
5923  -1.657  -84.626  1.247 1.0000000000
761  -4.210  -93.714  9.105 1.0000000000
7633  -4.328  -82.477  -1.254 1.0000000000
5933  -0.186  -84.789  0.444 1.0000000000
555  -5.038  -94.175  8.590 1.0000000000
8484  -2.188  -82.092  -3.881 0.8999999762
5139  -1.240  -85.596  1.209 1.0000000000
4427  -0.487  -86.298  1.099 1.0000000000
762  -4.892  -93.336  9.668 1.0000000000
6041  -2.448  -84.338  -6.500 0.4000000060
134648  -0.561  -87.014  1.160 1.0000000000
137517  -5.734  -93.749  8.208 1.0000000000
6836  -1.170  -83.632  -5.417 0.6999999881
5260  -3.919  -84.758  -6.693 0.3000000119
3733  -1.038  -87.542  1.305 1.0000000000
777  -5.420  -93.682  8.330 1.0000000000
370  -5.862  -93.988  7.819 1.0000000000
562  -5.433  -94.384  6.856 1.0000000000
7697  -0.821  -82.606  -5.168 0.6999999881
6050  -2.345  -83.509  -6.690 0.4000000060
3092  -1.529  -88.332  1.603 1.0000000000
3082  -2.171  -88.864  2.111 1.0000000000
560  -4.852  -93.664  6.806 1.0000000000
144320  -2.167  -82.774  -6.626 0.5000000000
130708  -0.914  -88.918  1.595 1.0000000000
2478  -1.839  -89.783  2.440 1.0000000000
568  -5.720  -94.383  6.134 1.0000000000
1923  -1.703  -90.342  2.398 1.0000000000
569  -6.356  -94.298  5.477 1.0000000000
573  -6.484  -93.873  4.560 1.0000000000
1421  -1.911  -90.892  2.297 1.0000000000
1433  -2.723  -90.936  1.051 1.0000000000
583  -8.242  -93.473  4.339 1.0000000000
1960  -3.240  -90.225  -0.322 0.8999999762
137675  -8.682  -92.983  4.197 1.0000000000
1968  -4.098  -89.600  -1.680 0.8999999762
1410  -9.169  -90.994  3.579 1.0000000000
796  -11.659  -93.514  3.507 0.5000000000
1917  -11.135  -89.678  3.555 0.8000000119
1918  -12.185  -89.867  3.708 0.6000000238
1019  -11.612  -92.472  3.460 0.5000000000
1415  -9.308  -90.623  2.980 0.8999999762
1926  -11.831  -89.594  2.893 0.8000000119
1416  -12.404  -90.193  3.199 0.6000000238
148070  -11.802  -92.111  1.358 0.6000000238
1948  -12.846  -89.756  1.319 0.5000000000
126389  -12.851  -90.794  1.516 0.6000000238
1439  -13.263  -90.131  1.025 0.4000000060
3723  0.960  -87.259  2.560 1.0000000000
147621  2.013  -86.370  2.748 1.0000000000
4414  0.510  -86.527  2.608 1.0000000000
137479  2.213  -81.774  8.396 0.3000000119
5871  -1.040  -84.148  5.456 1.0000000000
124397  -1.826  -84.936  6.156 1.0000000000
6702  2.169  -83.198  6.841 0.3000000119
7596  -0.695  -82.349  3.577 1.0000000000
5883  -0.943  -84.469  4.779 1.0000000000
4362  -2.707  -86.000  6.213 1.0000000000
133934  2.129  -80.843  8.036 0.5000000000
7612  -0.718  -81.775  3.021 1.0000000000
3678  -4.134  -86.895  6.969 1.0000000000
9200  1.755  -80.980  6.299 0.6999999881
133702  1.297  -81.444  3.424 1.0000000000
3667  -4.592  -87.157  7.634 1.0000000000
3657  -5.265  -87.419  8.208 1.0000000000
8410  1.650  -81.329  5.607 0.6999999881
9211  1.266  -80.887  4.892 0.8000000119
146053  -5.195  -88.422  9.615 1.0000000000
2371  -4.689  -89.683  11.170 1.0000000000
2386  -4.892  -89.014  10.423 1.0000000000
1352  -3.971  -91.298  11.276 1.0000000000
6763  -2.878  -83.097  1.691 1.0000000000
6762  -2.096  -83.605  1.205 1.0000000000
1351  -3.523  -91.982  10.683 1.0000000000
2372  -5.739  -89.403  11.110 1.0000000000
7651  -3.586  -82.256  -2.752 0.8999999762
8485  -3.663  -81.611  -3.964 0.8999999762
135645  -5.460  -82.287  -1.038 1.0000000000
7626  -4.589  -82.371  0.102 1.0000000000
146894  -3.845  -82.563  1.002 1.0000000000
137621  -2.640  -85.853  1.860 1.0000000000
4429  -2.190  -86.530  1.578 1.0000000000
8494  -1.661  -82.046  -4.215 0.8999999762
6052  -3.666  -84.195  -7.094 0.4000000060
3734  -1.971  -87.305  1.514 1.0000000000
3724  -3.512  -87.562  2.107 1.0000000000
772  -5.775  -92.874  9.180 1.0000000000
778  -4.976  -92.978  8.054 1.0000000000
3093  -2.551  -87.904  1.859 1.0000000000
3714  -4.023  -88.160  2.428 1.0000000000
6857  -3.477  -83.579  -7.314 0.4000000060
3070  -3.554  -88.892  2.673 1.0000000000
8544  -2.098  -81.825  -6.623 0.4000000060
2479  -2.751  -89.324  2.608 1.0000000000
2466  -2.349  -90.137  3.110 1.0000000000
567  -5.104  -94.101  6.268 1.0000000000
6860  -3.296  -82.915  -7.384 0.3000000119
1924  -1.877  -90.466  2.913 1.0000000000
1915  -2.850  -90.531  3.699 1.0000000000
143840  -5.486  -93.892  5.170 1.0000000000
1913  -1.849  -90.942  2.927 1.0000000000
1408  -2.310  -91.399  3.397 1.0000000000
1414  -2.285  -91.377  2.469 1.0000000000
1015  -2.450  -91.693  2.945 1.0000000000
1422  -2.499  -91.151  1.842 1.0000000000
1031  -2.877  -91.622  2.303 1.0000000000
802  -6.599  -93.123  3.214 1.0000000000
136760  -6.975  -93.523  3.962 1.0000000000
582  -7.675  -93.500  4.179 1.0000000000
794  -7.296  -93.133  3.579 1.0000000000
795  -7.963  -93.107  3.800 1.0000000000
1965  -3.794  -89.889  -0.860 0.8999999762
803  -7.408  -92.069  2.509 1.0000000000
804  -7.587  -92.622  3.249 1.0000000000
1017  -8.162  -92.374  3.552 1.0000000000
1036  -7.972  -91.577  1.735 1.0000000000
133536  -8.184  -91.551  2.433 1.0000000000
147584  -8.837  -91.051  2.537 1.0000000000
1046  -7.796  -91.499  0.988 1.0000000000
1047  -8.853  -91.269  1.090 0.8000000119
1423  -8.838  -91.094  1.925 1.0000000000
145100  -9.633  -90.485  2.308 0.8000000119
1937  -12.385  -89.695  2.152 0.6000000238
817  -12.424  -92.970  0.461 0.3000000119
822  -12.849  -91.956  0.089 0.5000000000
1424  -9.880  -90.547  1.559 0.6000000238
1936  -11.367  -89.967  1.239 0.5000000000
1049  -13.770  -90.375  0.455 0.4000000060
1949  -13.127  -89.783  0.504 0.5000000000
135023  -1.812  -81.855  5.561 1.0000000000
6713  -1.204  -83.473  5.798 1.0000000000
5848  -2.421  -84.608  7.245 1.0000000000
9191  2.169  -80.877  8.889 0.4000000060
125674  -1.052  -81.810  3.936 1.0000000000
7569  -1.164  -82.629  5.347 1.0000000000
6712  -0.899  -83.521  4.841 1.0000000000
5065  -3.216  -85.826  6.785 1.0000000000
9233  0.128  -80.849  2.895 1.0000000000
4351  -4.030  -86.262  7.064 1.0000000000
4352  -4.604  -86.618  7.660 1.0000000000
130168  1.079  -80.161  3.469 0.8999999762
9232  0.768  -81.120  2.806 1.0000000000
2992  -6.029  -87.995  9.106 1.0000000000
1852  -3.953  -90.289  11.006 1.0000000000
2993  -6.880  -88.470  10.072 1.0000000000
5908  -2.868  -84.206  2.214 1.0000000000
2387  -5.895  -88.685  10.353 1.0000000000
5124  -2.615  -85.039  1.991 1.0000000000
2360  -5.355  -90.030  11.489 1.0000000000
8476  -4.640  -81.640  -3.375 0.8999999762
8467  -5.033  -82.107  -2.402 0.8999999762
6748  -3.489  -83.179  2.254 1.0000000000
133713  -6.242  -81.554  -1.510 1.0000000000
125564  -5.521  -82.295  0.180 1.0000000000
6764  -4.142  -82.583  1.430 1.0000000000
982  -5.241  -93.573  10.338 1.0000000000
8452  -6.739  -82.021  -0.222 1.0000000000
130275  -5.692  -82.343  0.602 1.0000000000
7597  -4.784  -82.829  2.808 1.0000000000
137030  -3.379  -86.065  2.178 1.0000000000
4415  -2.906  -86.832  1.840 1.0000000000
752  -4.937  -93.583  10.121 1.0000000000
763  -5.748  -93.027  9.301 1.0000000000
131977  -4.241  -87.281  2.595 1.0000000000
136486  -6.106  -93.880  10.325 1.0000000000
127350  -1.575  -82.069  -4.843 0.8000000119
6054  -5.431  -84.376  -7.239 0.3000000119
773  -5.567  -92.872  8.811 1.0000000000
145023  -2.113  -81.669  -6.273 0.4000000060
3071  -4.337  -88.798  2.925 1.0000000000
2467  -3.490  -89.653  3.185 1.0000000000
136969  -5.101  -92.140  8.025 1.0000000000
1003  -4.710  -92.618  7.234 1.0000000000
7728  -2.990  -82.252  -7.320 0.4000000060
1908  -3.155  -90.990  4.381 1.0000000000
1403  -3.330  -91.566  4.998 1.0000000000
1006  -4.283  -92.219  6.413 1.0000000000
571  -3.995  -93.183  5.632 1.0000000000
572  -4.602  -93.585  5.516 1.0000000000
131385  -2.682  -91.778  4.158 1.0000000000
125956  -2.941  -92.064  4.885 1.0000000000
786  -4.045  -93.230  4.930 1.0000000000
579  -4.707  -93.335  4.405 1.0000000000
1016  -2.718  -92.027  3.654 1.0000000000
580  -5.667  -93.532  4.053 1.0000000000
581  -6.326  -93.467  3.784 1.0000000000
1041  -3.305  -91.358  1.531 1.0000000000
1024  -3.216  -92.034  2.956 1.0000000000
1444  -3.897  -90.504  -0.053 0.8999999762
1435  -4.446  -90.919  0.671 1.0000000000
1032  -3.827  -91.880  2.151 1.0000000000
134287  -6.036  -92.903  2.720 1.0000000000
1456  -4.528  -90.231  -0.769 0.8999999762
1445  -4.853  -90.593  -0.101 0.8999999762
812  -6.587  -92.484  2.406 1.0000000000
133063  -7.087  -92.771  2.966 1.0000000000
1469  -4.911  -89.906  -1.464 0.8000000119
1035  -7.111  -91.843  1.693 1.0000000000
1438  -10.380  -90.735  0.222 0.6000000238
137736  -13.069  -92.669  0.042 0.3000000119
1057  -8.481  -91.287  0.355 0.8999999762
1436  -9.318  -91.159  0.449 0.6999999881
1961  -12.064  -89.919  0.467 0.5000000000
147602  -12.332  -89.901  0.007 0.5000000000
1453  -13.604  -90.077  0.225 0.4000000060
7547  -2.255  -82.940  7.549 1.0000000000
6692  -2.125  -83.803  7.274 1.0000000000
7570  -1.649  -82.681  6.204 1.0000000000
6703  -1.658  -83.626  6.510 1.0000000000
5849  -3.008  -84.661  7.944 1.0000000000
10022  1.558  -80.555  7.568 0.5000000000
8422  -1.923  -81.187  5.071 1.0000000000
8405  -2.110  -81.866  6.242 1.0000000000
5049  -3.588  -85.535  7.564 1.0000000000
144741  -0.917  -80.662  3.453 1.0000000000
5050  -4.475  -85.881  7.925 1.0000000000
10031  1.121  -80.621  6.474 0.6000000238
10070  0.857  -79.736  3.632 1.0000000000
9213  -1.417  -80.575  4.124 1.0000000000
3668  -5.455  -86.917  8.033 1.0000000000
10041  1.082  -80.519  5.947 0.6999999881
3647  -7.046  -87.569  9.527 1.0000000000
1336  -4.939  -91.575  11.647 1.0000000000
127072  -5.441  -81.195  -2.628 0.8999999762
8468  -6.095  -81.440  -2.101 0.8999999762
6732  -3.898  -83.246  2.942 1.0000000000
5111  -3.915  -85.793  2.861 1.0000000000
964  -5.580  -92.528  11.485 1.0000000000
1839  -6.085  -91.048  11.230 1.0000000000
2361  -5.995  -90.106  11.384 1.0000000000
8451  -6.277  -81.808  -0.706 1.0000000000
739  -6.837  -93.188  11.087 1.0000000000
1338  -6.291  -91.982  11.286 1.0000000000
130146  -2.754  -81.726  -4.617 0.8999999762
146101  -5.819  -82.562  2.468 1.0000000000
979  -6.576  -92.155  10.433 1.0000000000
9291  -2.073  -81.937  -4.685 0.8000000119
8444  -7.327  -81.937  0.419 1.0000000000
3715  -4.832  -87.874  2.818 1.0000000000
984  -6.825  -93.024  10.120 1.0000000000
124167  -2.297  -81.577  -5.594 0.5000000000
146490  -5.388  -89.308  3.915 1.0000000000
764  -6.052  -93.037  9.301 1.0000000000
993  -5.667  -92.380  8.754 1.0000000000
6068  -5.013  -83.833  -7.567 0.4000000060
2468  -4.577  -89.489  3.527 1.0000000000
1379  -4.764  -92.110  7.218 1.0000000000
9350  -2.954  -81.279  -7.254 0.4000000060
2454  -3.780  -90.231  4.032 1.0000000000
2439  -5.059  -90.412  4.953 1.0000000000
6862  -4.763  -83.193  -7.852 0.3000000119
1909  -4.042  -90.811  4.890 1.0000000000
1009  -3.563  -92.546  5.263 1.0000000000
1397  -4.003  -91.596  5.672 1.0000000000
784  -2.975  -92.357  4.469 1.0000000000
792  -3.966  -93.036  4.260 1.0000000000
791  -3.427  -92.620  3.790 1.0000000000
809  -4.470  -92.367  2.323 1.0000000000
588  -5.868  -93.213  3.280 1.0000000000
793  -5.108  -93.134  3.438 1.0000000000
1042  -4.093  -91.571  1.251 1.0000000000
811  -5.795  -92.592  2.119 1.0000000000
1470  -5.795  -90.112  -1.516 0.8999999762
1457  -5.306  -90.386  -0.876 0.8999999762
135640  -9.222  -91.171  -0.199 0.8999999762
132950  -12.463  -90.204  -1.127 0.4000000060
1464  -13.401  -90.295  -0.617 0.4000000060
9187  2.054  -80.152  9.300 0.1000000015
7548  -2.901  -82.581  8.296 1.0000000000
145912  1.951  -80.395  8.478 0.3000000119
6693  -2.662  -83.705  8.180 1.0000000000
8411  -2.444  -81.133  5.816 1.0000000000
5841  -3.368  -84.253  8.962 1.0000000000
138270  0.415  -80.374  6.756 0.6000000238
9206  -2.337  -80.607  5.273 1.0000000000
5039  -3.872  -85.080  8.565 1.0000000000
10071  0.201  -79.629  3.623 1.0000000000
10060  -1.314  -79.769  4.458 1.0000000000
5040  -4.789  -85.364  9.138 1.0000000000
4341  -5.270  -86.291  8.413 1.0000000000
148693  1.131  -79.524  5.102 0.8000000119
5031  -5.711  -85.569  9.686 1.0000000000
4342  -6.047  -86.583  8.866 1.0000000000
3658  -6.119  -87.163  8.697 1.0000000000
5909  -3.457  -84.130  2.730 1.0000000000
3648  -7.751  -87.004  9.789 1.0000000000
2994  -7.930  -87.921  9.982 1.0000000000
131240  -4.523  -80.998  -3.802 0.8999999762
9267  -5.138  -80.778  -3.248 0.8999999762
9258  -5.552  -80.695  -2.322 0.8999999762
135321  -3.785  -84.918  2.972 1.0000000000
2983  -7.100  -88.906  10.417 1.0000000000
9242  -6.270  -80.999  -0.870 1.0000000000
8453  -7.190  -81.554  -0.070 1.0000000000
2984  -8.015  -88.500  10.001 1.0000000000
9275  -3.885  -80.726  -4.191 0.8000000119
8431  -7.210  -82.247  1.359 1.0000000000
4402  -4.287  -86.525  2.897 1.0000000000
2374  -7.137  -89.454  10.352 1.0000000000
9292  -3.136  -81.206  -4.909 0.6999999881
132143  -4.896  -86.934  3.048 1.0000000000
1866  -6.616  -90.448  10.378 1.0000000000
3702  -5.608  -87.482  3.513 1.0000000000
1865  -6.490  -90.736  9.364 1.0000000000
9316  -2.940  -80.895  -6.424 0.3000000119
3053  -6.094  -88.492  4.034 1.0000000000
3036  -6.568  -88.716  4.734 1.0000000000
1380  -5.564  -91.598  8.076 1.0000000000
2440  -5.917  -89.633  4.734 1.0000000000
1901  -5.614  -90.460  5.432 1.0000000000
1892  -5.528  -90.896  6.363 1.0000000000
1389  -5.080  -91.507  7.283 1.0000000000
2455  -4.830  -90.013  4.294 1.0000000000
1900  -4.801  -90.986  5.606 1.0000000000
1396  -3.654  -92.183  5.597 1.0000000000
785  -3.545  -92.871  4.737 1.0000000000
129759  -4.287  -92.982  3.543 1.0000000000
1033  -4.665  -92.003  1.714 1.0000000000
810  -5.086  -92.561  2.148 1.0000000000
800  -4.694  -92.875  2.762 1.0000000000
1053  -5.268  -90.971  0.535 1.0000000000
136551  -5.588  -91.445  0.933 1.0000000000
144617  -5.525  -92.019  1.480 1.0000000000
801  -5.419  -92.927  2.703 1.0000000000
1446  -5.693  -90.704  -0.196 1.0000000000
1055  -6.791  -91.263  0.364 1.0000000000
1044  -6.210  -91.622  0.959 1.0000000000
1034  -6.342  -92.053  1.602 1.0000000000
1459  -7.009  -90.625  -0.999 1.0000000000
1447  -6.520  -90.820  -0.256 0.8999999762
1448  -7.358  -90.948  -0.312 0.8999999762
1056  -7.602  -91.288  0.335 0.8999999762
1970  -7.091  -89.996  -2.295 0.8000000119
1449  -8.277  -91.072  -0.341 0.8999999762
1461  -9.099  -90.904  -1.106 0.6999999881
1462  -10.305  -90.922  -1.147 0.6000000238
1463  -11.404  -90.594  -1.123 0.5000000000
1477  -12.818  -90.284  -1.537 0.5000000000
1465  -13.594  -90.609  -1.109 0.4000000060
10004  1.564  -79.836  9.357 0.2000000030
10005  0.597  -79.739  9.523 0.2000000030
10016  0.290  -80.284  8.343 0.3000000119
10017  -0.649  -80.200  8.688 0.3000000119
146932  -2.585  -82.183  7.429 1.0000000000
7557  -3.178  -81.590  7.620 1.0000000000
7542  -3.330  -82.629  9.258 1.0000000000
10023  0.218  -80.459  7.394 0.5000000000
8406  -2.722  -81.509  6.717 1.0000000000
123921  -3.470  -80.861  6.906 1.0000000000
9207  -2.916  -80.431  5.815 1.0000000000
10050  -1.901  -79.501  5.123 1.0000000000
10042  0.865  -79.914  5.930 0.6999999881
135022  1.118  -78.620  5.534 0.8000000119
10069  1.054  -79.467  3.904 1.0000000000
10935  0.763  -79.077  3.909 1.0000000000
10929  -0.147  -78.509  4.421 1.0000000000
10930  -1.070  -78.927  4.740 1.0000000000
11775  1.082  -78.189  5.127 1.0000000000
3659  -6.953  -86.784  9.409 1.0000000000
4326  -8.599  -86.263  10.493 1.0000000000
10100  -5.211  -80.271  -0.571 1.0000000000
4334  -8.450  -86.855  10.144 1.0000000000
9243  -6.723  -81.145  -0.359 1.0000000000
5112  -4.193  -85.116  3.575 1.0000000000
9284  -3.802  -80.750  -4.499 0.6999999881
8445  -7.806  -81.547  0.953 1.0000000000
128464  -8.682  -88.153  9.843 1.0000000000
8423  -6.644  -82.419  2.669 1.0000000000
4391  -5.231  -86.600  3.695 1.0000000000
2404  -8.040  -89.402  8.730 1.0000000000
10168  -3.233  -80.392  -6.049 0.5000000000
3054  -6.704  -88.077  4.597 1.0000000000
2416  -7.266  -89.924  8.189 1.0000000000
2429  -7.108  -89.847  6.985 1.0000000000
1886  -6.604  -90.520  7.681 1.0000000000
1878  -6.767  -90.430  8.620 1.0000000000
3037  -7.098  -88.316  5.306 1.0000000000
2441  -6.718  -89.160  5.263 1.0000000000
1893  -6.287  -90.475  6.823 1.0000000000
1885  -5.770  -90.965  7.404 1.0000000000
1054  -6.032  -91.128  0.417 1.0000000000
1472  -7.496  -90.443  -1.707 0.8999999762
1460  -7.930  -90.756  -1.057 0.8999999762
134037  -3.615  -81.742  8.674 1.0000000000
10018  -1.280  -80.005  9.221 0.4000000060
9196  -4.066  -80.333  7.020 1.0000000000
8400  -3.974  -80.925  7.667 1.0000000000
6686  -3.218  -83.359  9.143 1.0000000000
10033  -0.228  -80.152  7.029 0.5000000000
10024  -0.499  -80.232  7.809 0.5000000000
9201  -3.397  -80.319  6.438 1.0000000000
7537  -3.603  -83.067  10.001 1.0000000000
10912  0.633  -78.928  6.721 0.5000000000
10051  -2.549  -80.026  5.468 1.0000000000
10052  -3.172  -79.884  5.999 1.0000000000
5833  -3.821  -83.845  9.857 1.0000000000
10923  -1.642  -78.660  5.448 1.0000000000
5842  -4.245  -84.605  9.590 1.0000000000
11776  0.941  -77.941  4.856 0.8999999762
121450  -0.274  -77.414  5.384 1.0000000000
5834  -4.738  -84.153  10.361 1.0000000000
5030  -5.200  -84.800  10.060 1.0000000000
132547  -6.099  -85.168  10.195 1.0000000000
5032  -7.061  -85.659  10.233 1.0000000000
4333  -6.607  -85.886  10.076 1.0000000000
5025  -8.037  -85.864  10.419 1.0000000000
5895  -3.966  -84.157  3.404 1.0000000000
3642  -9.197  -86.668  10.307 1.0000000000
7598  -5.116  -82.789  3.520 1.0000000000
3650  -9.163  -87.492  10.013 1.0000000000
9235  -7.386  -81.193  0.393 1.0000000000
9226  -8.163  -81.264  1.266 1.0000000000
8424  -8.053  -82.020  2.320 1.0000000000
4403  -4.651  -86.035  3.480 1.0000000000
10139  -3.805  -80.074  -4.604 0.5000000000
123151  -8.185  -81.451  1.556 1.0000000000
3703  -6.313  -87.476  4.339 1.0000000000
3025  -8.283  -88.186  7.353 1.0000000000
3006  -8.587  -88.817  8.920 1.0000000000
10152  -3.819  -80.029  -5.597 0.5000000000
3688  -6.870  -87.517  5.052 1.0000000000
3024  -7.665  -88.296  6.270 1.0000000000
2430  -7.760  -88.958  7.016 1.0000000000
10190  -3.938  -80.065  -6.979 0.4000000060
123269  -7.151  -89.088  6.066 1.0000000000
10901  -1.541  -79.002  8.868 0.4000000060
10902  -2.077  -79.166  9.841 0.4000000060
8394  -4.293  -80.964  8.470 1.0000000000
8393  -3.807  -82.271  9.801 1.0000000000
7538  -4.214  -82.772  10.555 1.0000000000
10906  0.771  -78.152  7.483 0.6000000238
10907  -0.376  -79.301  7.463 0.5000000000
10043  -3.664  -79.827  6.641 1.0000000000
12602  1.157  -76.806  6.952 0.8000000119
121455  0.335  -76.593  6.267 0.8999999762
139313  -0.358  -76.284  6.776 1.0000000000
145889  -3.127  -79.350  6.390 1.0000000000
6679  -4.343  -83.483  10.523 1.0000000000
11770  0.914  -77.598  5.522 0.8999999762
122839  0.823  -76.999  5.866 0.8999999762
123562  0.240  -76.968  5.707 1.0000000000
125307  -1.658  -77.261  6.488 1.0000000000
122803  -2.147  -78.416  6.011 1.0000000000
10924  -2.498  -79.237  5.857 1.0000000000
11769  1.134  -77.988  5.797 0.6999999881
121449  -1.391  -77.740  5.798 1.0000000000
6733  -4.316  -83.296  3.704 1.0000000000
5835  -5.593  -84.311  10.246 1.0000000000
145479  -4.910  -83.476  5.199 1.0000000000
5837  -7.407  -85.219  9.920 1.0000000000
5873  -4.848  -84.111  5.128 1.0000000000
5874  -5.153  -84.594  5.778 1.0000000000
5033  -8.320  -85.568  10.185 1.0000000000
10116  -3.981  -80.003  -3.289 0.6999999881
10109  -4.263  -80.022  -2.368 0.8999999762
5884  -4.518  -84.358  4.233 1.0000000000
141849  -5.499  -85.378  5.589 1.0000000000
5034  -9.099  -85.802  10.244 1.0000000000
10124  -3.539  -79.539  -3.565 0.6999999881
9234  -6.832  -80.701  0.210 1.0000000000
133185  -4.687  -85.338  4.103 1.0000000000
5081  -4.980  -85.152  4.931 1.0000000000
5083  -6.102  -86.076  5.918 1.0000000000
5067  -6.472  -85.556  6.872 1.0000000000
145664  -6.684  -80.729  0.969 1.0000000000
5082  -5.586  -86.029  5.014 1.0000000000
4375  -6.306  -86.765  5.003 1.0000000000
135741  -6.926  -86.309  6.505 1.0000000000
4365  -7.644  -86.917  6.657 1.0000000000
4353  -8.398  -86.724  7.770 1.0000000000
3660  -9.278  -87.475  9.210 1.0000000000
121428  -8.576  -81.462  2.815 1.0000000000
4392  -5.782  -86.661  4.235 1.0000000000
4364  -6.921  -86.871  5.757 1.0000000000
3669  -8.169  -87.401  7.276 1.0000000000
3670  -8.854  -87.497  8.092 1.0000000000
10198  -5.400  -79.875  -8.075 0.3000000119
3679  -7.361  -87.585  5.873 1.0000000000
3680  -7.815  -87.678  6.629 1.0000000000
11755  -1.079  -78.171  9.069 0.4000000060
11754  0.202  -77.635  8.818 0.4000000060
9188  -4.235  -81.436  9.463 1.0000000000
11759  0.570  -77.982  8.039 0.5000000000
10035  -4.175  -79.622  7.473 1.0000000000
9197  -4.422  -80.347  7.934 1.0000000000
8387  -4.349  -81.995  10.471 1.0000000000
11753  1.093  -77.193  8.797 0.5000000000
11758  1.116  -77.353  8.054 0.6000000238
12600  1.224  -76.675  7.822 0.8000000119
139337  -1.409  -76.653  6.891 1.0000000000
122188  -3.820  -78.623  7.570 1.0000000000
140625  -2.761  -78.662  6.494 1.0000000000
139168  -3.110  -78.052  7.129 1.0000000000
139311  -2.351  -77.201  7.167 1.0000000000
139755  -3.629  -77.910  7.742 1.0000000000
5843  -6.067  -84.230  10.052 1.0000000000
5836  -6.570  -85.041  10.092 1.0000000000
6723  -4.785  -83.322  4.534 1.0000000000
5861  -5.024  -83.569  5.825 1.0000000000
5862  -5.464  -84.211  6.583 1.0000000000
5052  -7.495  -85.354  8.502 1.0000000000
5041  -8.053  -85.382  9.390 1.0000000000
10989  -2.751  -78.984  -2.662 0.6999999881
126656  -2.735  -79.150  -2.035 0.6999999881
10099  -4.376  -79.862  -1.166 1.0000000000
10090  -3.915  -80.106  0.793 1.0000000000
10091  -5.295  -80.371  0.666 1.0000000000
7583  -5.536  -82.775  4.199 1.0000000000
7571  -5.898  -82.566  4.912 1.0000000000
6714  -5.028  -82.927  5.190 1.0000000000
5066  -5.730  -85.092  6.352 1.0000000000
5051  -6.796  -85.227  7.742 1.0000000000
11870  -3.121  -78.374  -4.136 0.5000000000
10999  -3.395  -79.357  -3.819 0.5000000000
121438  -8.055  -80.690  2.607 1.0000000000
122824  -8.347  -81.228  2.123 1.0000000000
7584  -6.716  -82.394  3.555 1.0000000000
5068  -7.465  -86.032  7.517 1.0000000000
132561  -8.838  -85.583  9.672 1.0000000000
11022  -3.821  -79.343  -4.820 0.5000000000
8412  -7.562  -82.098  3.651 1.0000000000
5053  -8.518  -85.911  8.702 1.0000000000
5042  -9.223  -86.059  9.509 1.0000000000
11042  -3.984  -79.149  -5.994 0.5000000000
11062  -5.050  -79.067  -7.004 0.3000000119
12592  -0.580  -77.135  10.686 0.4000000060
11735  -1.883  -77.685  11.119 0.4000000060
11748  -2.268  -78.488  10.485 0.4000000060
139500  0.206  -74.616  8.713 0.6999999881
122193  -0.063  -75.176  8.131 0.8000000119
139238  -1.277  -75.284  8.437 0.8000000119
9192  -4.943  -80.546  8.911 1.0000000000
146050  -4.692  -81.171  10.240 1.0000000000
13472  1.315  -75.894  8.354 0.6000000238
121465  1.119  -75.554  8.045 0.8000000119
121464  0.898  -74.948  8.334 0.8000000119
122244  -1.087  -76.057  7.394 1.0000000000
123984  -4.891  -79.768  8.304 1.0000000000
13476  1.184  -76.075  7.579 0.8000000119
121459  0.849  -75.653  7.573 0.8000000119
122243  -1.985  -76.459  7.587 1.0000000000
122805  -4.436  -78.966  8.122 1.0000000000
9193  -5.197  -79.721  9.251 1.0000000000
121414  -5.116  -80.395  9.860 1.0000000000
8377  -4.855  -81.755  11.078 1.0000000000
8364  -5.278  -82.212  11.274 1.0000000000
8376  -4.787  -82.499  10.978 1.0000000000
7530  -4.870  -83.172  10.940 1.0000000000
144056  -2.662  -76.800  7.832 1.0000000000
122840  -5.671  -81.552  11.474 1.0000000000
121388  -5.432  -82.759  11.056 1.0000000000
123038  -5.356  -83.286  10.859 1.0000000000
5830  -5.126  -83.680  10.737 1.0000000000
121392  -6.663  -82.460  10.144 1.0000000000
121390  -5.900  -82.959  10.627 1.0000000000
6680  -5.743  -83.609  10.458 1.0000000000
121397  -6.705  -82.024  9.037 1.0000000000
7543  -6.207  -82.617  8.621 1.0000000000
6687  -6.044  -83.519  9.486 1.0000000000
7549  -5.992  -82.474  7.285 1.0000000000
5850  -6.024  -84.076  8.807 1.0000000000
5844  -6.672  -84.675  9.684 1.0000000000
5845  -7.271  -85.043  9.257 1.0000000000
136316  -1.956  -78.436  -1.002 0.6999999881
10974  -2.554  -79.198  -1.057 0.8999999762
10089  -2.962  -79.719  0.422 1.0000000000
10081  -3.461  -79.964  1.804 1.0000000000
121405  -6.709  -81.879  7.699 1.0000000000
6704  -5.528  -83.265  6.734 1.0000000000
5851  -6.655  -84.749  8.603 1.0000000000
130559  -2.906  -78.718  -3.010 0.6999999881
10082  -4.846  -80.265  1.888 1.0000000000
10083  -5.676  -80.364  2.425 1.0000000000
7558  -5.817  -82.487  6.095 1.0000000000
6715  -5.339  -82.937  5.768 1.0000000000
5863  -5.944  -84.666  7.491 1.0000000000
127229  -6.530  -80.451  2.883 1.0000000000
7572  -6.817  -82.236  5.129 1.0000000000
7559  -6.490  -82.021  6.426 1.0000000000
148805  -4.024  -78.886  -5.590 0.5000000000
121439  -9.081  -81.158  3.284 1.0000000000
121422  -8.441  -81.743  3.962 1.0000000000
121416  -7.534  -81.943  5.383 1.0000000000
12591  0.678  -76.760  10.404 0.4000000060
122430  -0.769  -74.675  8.827 0.8000000119
12596  1.281  -76.398  9.331 0.5000000000
123925  1.448  -75.375  9.031 0.6000000238
138715  1.246  -74.791  8.982 0.6999999881
121460  -2.242  -75.592  8.647 1.0000000000
139742  -2.475  -76.272  8.251 1.0000000000
139754  -3.862  -76.916  8.806 1.0000000000
139456  -4.913  -79.141  8.710 1.0000000000
122288  -5.285  -79.244  10.062 1.0000000000
139474  -5.407  -79.968  10.265 1.0000000000
121404  -5.233  -80.836  10.773 1.0000000000
139310  -3.851  -77.508  8.346 1.0000000000
141351  -4.111  -78.202  8.044 1.0000000000
121413  -4.509  -78.249  8.736 1.0000000000
122723  -6.281  -81.697  12.049 1.0000000000
121387  -6.168  -82.161  11.570 1.0000000000
121389  -6.478  -82.493  11.042 1.0000000000
11845  -2.274  -78.139  -2.236 0.6999999881
10074  -5.120  -79.853  3.562 1.0000000000
11858  -2.711  -77.995  -2.824 0.6000000238
10062  -5.498  -79.622  4.260 1.0000000000
10063  -6.714  -80.273  3.754 1.0000000000
142940  -7.565  -81.754  8.436 1.0000000000
11010  -3.478  -78.288  -4.781 0.5000000000
10065  -9.115  -80.762  3.662 1.0000000000
121415  -7.525  -81.770  6.453 1.0000000000
11043  -4.541  -78.813  -6.186 0.4000000060
126088  -5.362  -77.767  -5.934 0.3000000119
121423  -9.152  -81.334  3.918 1.0000000000
121417  -8.718  -81.640  5.083 1.0000000000
11066  -7.576  -79.416  -7.657 0.2000000030
10201  -8.128  -79.998  -7.849 0.1000000015
12583  -1.112  -76.947  11.704 0.3000000119
139302  -1.699  -73.759  10.104 0.8999999762
139144  -2.603  -74.002  10.249 0.8999999762
122097  -3.486  -75.014  9.825 1.0000000000
139296  -4.231  -75.400  10.144 1.0000000000
12582  0.148  -76.492  11.257 0.4000000060
134615  0.994  -73.788  9.733 0.8000000119
139498  -0.229  -74.134  9.257 0.8999999762
122296  -1.244  -74.221  9.499 0.8999999762
139338  -2.703  -74.645  9.723 0.8999999762
139090  -3.696  -75.873  9.488 1.0000000000
139083  -4.873  -76.664  10.515 1.0000000000
13460  1.643  -75.442  10.581 0.6000000238
15208  1.244  -74.322  9.507 0.6999999881
121468  0.739  -74.277  9.124 0.8000000119
139377  -1.909  -74.845  9.144 1.0000000000
139656  -4.451  -76.226  9.993 1.0000000000
139084  -3.031  -76.039  8.839 1.0000000000
139730  -4.124  -76.636  9.351 1.0000000000
139729  -4.644  -77.016  9.784 1.0000000000
122109  -4.946  -77.501  10.371 1.0000000000
139426  -5.096  -78.101  10.778 1.0000000000
139089  -4.760  -77.877  9.575 1.0000000000
122333  -5.074  -78.383  10.131 1.0000000000
139367  -5.608  -79.604  10.830 1.0000000000
123571  -5.735  -80.403  11.119 1.0000000000
143769  -6.077  -80.909  11.923 1.0000000000
139085  -4.324  -77.351  9.081 1.0000000000
139366  -5.025  -78.778  9.375 1.0000000000
7520  -7.161  -82.288  11.761 1.0000000000
121452  -7.200  -82.187  10.337 1.0000000000
121391  -7.631  -82.326  11.033 1.0000000000
121398  -7.353  -81.875  9.500 1.0000000000
121396  -8.102  -81.936  10.101 1.0000000000
10963  -2.209  -79.152  0.086 1.0000000000
10955  -2.558  -79.376  1.489 1.0000000000
10946  -3.388  -79.381  2.751 1.0000000000
10073  -4.223  -79.541  3.337 1.0000000000
140484  -7.856  -81.683  7.415 1.0000000000
8388  -8.751  -81.849  9.056 1.0000000000
11871  -3.277  -77.398  -4.120 0.5000000000
10053  -6.278  -79.735  4.744 1.0000000000
10064  -7.940  -80.410  3.812 1.0000000000
124117  -8.814  -81.644  6.494 1.0000000000
132285  -4.240  -77.886  -5.270 0.5000000000
10055  -8.476  -80.095  4.645 1.0000000000
10056  -9.207  -80.440  4.452 1.0000000000
121425  -9.476  -80.960  4.464 1.0000000000
121418  -9.392  -81.291  5.586 1.0000000000
121406  -9.136  -81.708  7.805 1.0000000000
11909  -6.109  -77.799  -6.326 0.2000000030
8407  -9.854  -80.942  5.962 1.0000000000
8401  -9.677  -81.276  6.793 1.0000000000
10194  -8.026  -79.335  -7.512 0.1000000015
9342  -8.281  -80.564  -6.974 0.1000000015
139509  -3.248  -74.430  10.157 0.8999999762
139157  -4.000  -74.575  10.429 1.0000000000
121437  -4.652  -75.026  10.610 1.0000000000
139006  -4.889  -75.775  10.698 1.0000000000
12581  1.197  -76.117  10.956 0.5000000000
121467  0.251  -73.659  9.717 0.8000000119
13450  2.008  -74.787  11.062 0.6000000238
139425  -5.088  -77.063  10.982 1.0000000000
121403  -5.401  -78.220  11.508 1.0000000000
122704  -5.755  -79.128  11.447 1.0000000000
121395  -5.911  -79.949  11.608 1.0000000000
122729  -6.028  -79.429  12.287 1.0000000000
122763  -6.240  -80.333  12.523 1.0000000000
122870  -6.561  -81.318  12.692 1.0000000000
8365  -6.811  -82.014  12.344 1.0000000000
7507  -7.652  -82.102  12.430 1.0000000000
11824  -1.894  -77.726  -1.108 0.6999999881
10973  -1.951  -78.398  -0.074 0.6999999881
7521  -8.337  -82.238  11.613 1.0000000000
10944  -1.845  -78.489  1.955 1.0000000000
121408  -9.132  -81.948  11.689 1.0000000000
8389  -9.473  -81.915  9.941 1.0000000000
8395  -9.922  -81.657  8.719 1.0000000000
12701  -3.112  -76.899  -3.282 0.5000000000
10945  -2.492  -79.008  2.404 1.0000000000
10932  -4.485  -79.133  4.281 1.0000000000
8378  -9.308  -82.054  10.954 1.0000000000
12736  -4.379  -77.110  -4.941 0.5000000000
10046  -9.476  -80.280  5.253 1.0000000000
9202  -9.928  -80.368  6.138 1.0000000000
136230  -10.011  -81.294  7.796 1.0000000000
12737  -5.195  -76.727  -5.134 0.5000000000
11923  -7.762  -78.071  -6.748 0.1000000015
10195  -8.292  -79.445  -7.069 0.1000000015
11045  -8.615  -78.380  -6.202 0.1000000015
121457  -2.204  -73.367  10.644 0.8999999762
127664  -2.911  -73.504  10.711 0.8999999762
122260  -3.409  -73.944  10.561 0.8999999762
14306  -4.825  -74.347  10.947 1.0000000000
13454  -5.464  -75.637  11.413 1.0000000000
13451  1.524  -75.329  11.353 0.6000000238
139351  -0.724  -73.622  9.908 0.8999999762
16183  -1.274  -73.080  10.617 0.8999999762
139091  -5.221  -76.439  11.230 1.0000000000
140455  -5.851  -76.924  12.413 1.0000000000
14324  1.792  -74.358  10.400 0.6999999881
15182  1.905  -73.794  10.810 0.6000000238
15185  -0.131  -73.037  10.394 0.8999999762
15164  2.051  -73.870  11.328 0.6000000238
122427  -5.369  -77.188  11.708 1.0000000000
121412  -5.841  -77.875  12.477 1.0000000000
124036  -5.816  -78.680  12.101 1.0000000000
122857  -6.407  -79.674  13.143 1.0000000000
121393  -6.846  -80.570  13.246 1.0000000000
146734  -7.046  -81.230  13.125 1.0000000000
122647  -7.917  -81.729  13.004 1.0000000000
11792  -1.900  -78.149  2.774 1.0000000000
10931  -2.877  -78.185  3.954 1.0000000000
146129  -3.322  -78.821  3.521 1.0000000000
8366  -9.749  -81.406  11.268 1.0000000000
12686  -2.466  -77.387  -2.264 0.6000000238
144479  -3.667  -78.615  4.174 1.0000000000
146378  -4.808  -78.910  4.904 1.0000000000
10926  -5.817  -78.957  5.697 1.0000000000
10919  -6.616  -78.897  6.382 1.0000000000
10920  -7.473  -79.034  6.742 1.0000000000
10037  -9.008  -79.486  7.380 1.0000000000
10027  -9.634  -79.461  8.277 1.0000000000
10028  -10.399  -80.191  8.349 1.0000000000
8379  -10.018  -81.633  10.396 1.0000000000
10054  -6.991  -79.813  5.342 1.0000000000
10044  -7.719  -79.559  5.913 1.0000000000
10036  -8.422  -79.437  6.573 1.0000000000
10038  -10.092  -80.043  7.269 1.0000000000
8390  -10.402  -81.392  9.497 1.0000000000
12702  -3.597  -76.379  -3.717 0.5000000000
13572  -3.396  -75.964  -2.957 0.5000000000
10045  -8.948  -79.858  5.436 1.0000000000
130740  -9.534  -79.847  6.254 1.0000000000
8396  -10.488  -81.047  8.348 1.0000000000
12716  -4.673  -76.365  -4.539 0.4000000060
12757  -6.525  -77.079  -5.779 0.3000000119
11889  -8.849  -78.248  -5.464 0.1000000015
14307  -5.680  -74.709  11.483 1.0000000000
14301  -6.328  -74.638  12.180 1.0000000000
13445  -6.529  -75.210  12.800 1.0000000000
138109  -7.057  -74.969  13.346 1.0000000000
137877  1.534  -74.453  12.472 0.4000000060
121451  -3.588  -73.281  11.064 0.8999999762
15186  -4.083  -73.909  10.815 0.8999999762
13455  -6.109  -75.467  12.035 1.0000000000
13446  -6.799  -75.638  13.608 1.0000000000
13440  1.896  -74.619  11.758 0.4000000060
15165  -1.997  -72.842  11.059 0.8999999762
15166  -2.725  -72.969  11.097 0.8999999762
12570  -6.196  -76.167  12.862 1.0000000000
12554  -7.437  -76.228  14.675 1.0000000000
15184  0.594  -73.357  10.156 0.8000000119
16166  0.158  -72.398  11.045 0.8999999762
121421  -6.151  -77.194  13.225 1.0000000000
12553  -6.581  -76.584  13.925 1.0000000000
11715  -6.540  -77.561  14.152 1.0000000000
11705  -7.273  -78.028  14.710 1.0000000000
121411  -6.231  -78.149  13.535 1.0000000000
11704  -6.651  -78.307  14.195 1.0000000000
10848  -7.758  -78.711  14.498 1.0000000000
121402  -6.118  -78.811  12.936 1.0000000000
122752  -6.578  -78.992  13.796 1.0000000000
122806  -7.394  -79.321  14.007 1.0000000000
121400  -7.490  -80.180  13.613 1.0000000000
11810  -1.817  -77.777  0.502 0.8000000119
11790  -1.507  -77.274  2.062 0.8999999762
11782  -1.533  -77.365  3.000 1.0000000000
11783  -2.147  -77.781  3.521 1.0000000000
11778  -2.484  -77.447  4.265 1.0000000000
122740  -8.190  -80.472  13.578 1.0000000000
122867  -8.908  -80.420  13.149 1.0000000000
11803  -1.646  -78.009  1.592 0.8999999762
11771  -3.622  -77.436  5.387 1.0000000000
11772  -4.341  -77.719  5.804 1.0000000000
121399  -7.610  -81.117  13.379 1.0000000000
123251  -9.042  -81.205  12.705 1.0000000000
11823  -1.848  -77.782  -0.296 0.6999999881
11779  -3.279  -77.819  4.645 1.0000000000
141839  -4.935  -78.452  5.558 1.0000000000
10918  -5.685  -78.285  6.399 1.0000000000
122798  -9.558  -80.655  12.191 1.0000000000
125237  -2.040  -76.885  -1.146 0.6999999881
10925  -4.101  -78.317  5.022 1.0000000000
10914  -7.971  -78.751  7.432 1.0000000000
10915  -8.593  -78.939  8.104 1.0000000000
121430  -10.306  -79.299  9.163 1.0000000000
143788  -10.816  -79.799  9.976 1.0000000000
126071  -10.063  -80.462  11.296 1.0000000000
12687  -2.879  -76.586  -2.412 0.6000000238
10009  -10.547  -79.685  10.788 1.0000000000
122791  -10.078  -79.618  11.745 1.0000000000
146809  -4.509  -75.461  -3.578 0.4000000060
12717  -5.550  -76.052  -4.665 0.4000000060
12758  -7.410  -77.027  -5.746 0.1000000015
12740  -7.759  -76.642  -5.218 0.1000000015
11912  -8.437  -77.654  -5.862 0.1000000015
15158  -7.007  -73.754  12.887 1.0000000000
14293  -7.188  -74.435  13.495 1.0000000000
15151  -7.493  -74.294  14.188 1.0000000000
15156  -5.994  -73.235  12.022 1.0000000000
15169  -6.079  -74.031  11.784 1.0000000000
15157  -6.522  -73.904  12.339 1.0000000000
14302  -6.827  -74.478  12.811 1.0000000000
143669  -7.245  -74.890  13.748 1.0000000000
14277  -7.824  -75.162  15.005 1.0000000000
13430  -8.359  -75.848  15.073 1.0000000000
15167  -4.532  -73.475  11.226 0.8999999762
15168  -5.410  -73.760  11.447 1.0000000000
14294  -7.543  -75.069  14.278 1.0000000000
16169  -3.284  -72.540  11.570 0.8999999762
13428  -7.308  -75.308  14.095 1.0000000000
14297  2.053  -73.897  12.206 0.4000000060
17104  -0.600  -71.883  11.560 0.8999999762
13429  -8.037  -75.892  14.903 1.0000000000
13411  -9.465  -76.266  14.804 1.0000000000
16163  2.011  -73.296  11.623 0.6000000238
16181  1.565  -73.103  11.059 0.6999999881
137578  -0.649  -72.547  10.964 0.8999999762
12540  -8.774  -76.718  14.888 1.0000000000
11716  -7.088  -77.118  14.681 1.0000000000
12539  -8.042  -77.372  15.000 1.0000000000
11706  -8.197  -78.182  14.804 1.0000000000
12541  -9.781  -77.088  14.590 1.0000000000
11707  -9.238  -77.956  14.665 1.0000000000
10849  -8.522  -78.695  14.477 1.0000000000
121407  -8.129  -79.224  14.178 1.0000000000
12643  -1.922  -77.138  0.989 0.8000000119
144988  -7.956  -79.775  13.830 1.0000000000
142128  -8.998  -79.603  13.262 1.0000000000
12619  -1.719  -77.033  3.755 0.8999999762
12613  -2.100  -76.702  4.536 1.0000000000
12609  -3.880  -77.032  6.121 1.0000000000
144195  -9.513  -79.659  12.664 1.0000000000
12657  -1.929  -77.115  -0.453 0.6999999881
11773  -4.970  -77.988  6.268 1.0000000000
141341  -2.362  -76.172  -1.235 0.6999999881
11765  -4.589  -77.262  6.495 1.0000000000
11767  -6.176  -78.060  7.028 1.0000000000
10913  -7.007  -78.388  7.173 1.0000000000
121434  -8.917  -78.636  8.868 1.0000000000
121431  -9.722  -78.535  9.230 1.0000000000
127279  -10.695  -78.876  9.908 1.0000000000
13556  -3.128  -75.638  -2.156 0.4000000060
13595  -5.961  -75.525  -3.887 0.3000000119
133196  -7.289  -76.097  -4.763 0.2000000030
140347  -7.006  -75.859  -3.960 0.2000000030
138480  -6.616  -73.279  12.551 1.0000000000
15149  -6.946  -72.978  13.041 1.0000000000
15150  -7.206  -73.596  13.590 1.0000000000
16170  -4.176  -72.724  11.583 0.8999999762
15155  -5.096  -72.906  11.671 0.8999999762
15139  -7.710  -74.286  15.098 1.0000000000
15140  -8.351  -74.975  15.644 1.0000000000
16140  2.071  -72.648  12.990 0.5000000000
16167  -1.419  -72.432  11.301 0.8999999762
16168  -2.342  -72.343  11.620 0.8999999762
124278  -9.514  -75.771  15.029 1.0000000000
16149  1.991  -72.562  12.398 0.6000000238
17102  1.362  -72.065  11.979 0.8999999762
12555  -10.382  -77.617  14.032 1.0000000000
10865  -9.201  -78.831  14.011 1.0000000000
12631  -1.604  -76.847  1.877 0.8000000119
12622  -1.285  -76.572  2.515 0.8000000119
10881  -9.660  -78.979  13.056 1.0000000000
13517  -1.915  -76.309  1.480 0.8000000119
12614  -2.846  -77.121  5.024 1.0000000000
122594  -4.172  -76.609  6.737 1.0000000000
12604  -4.813  -76.804  7.152 1.0000000000
10893  -10.416  -78.626  12.045 1.0000000000
121420  -9.442  -79.226  12.997 1.0000000000
11762  -5.537  -76.896  7.607 1.0000000000
122777  -6.015  -77.439  7.469 1.0000000000
121442  -7.574  -77.326  8.268 1.0000000000
121440  -8.437  -77.669  8.728 1.0000000000
121435  -8.922  -77.296  9.007 1.0000000000
121426  -10.209  -78.961  12.134 1.0000000000
13528  -2.340  -75.847  0.130 0.6999999881
11766  -5.383  -77.517  6.919 1.0000000000
146307  -6.976  -77.523  7.976 1.0000000000
10909  -8.145  -78.166  8.155 1.0000000000
143133  -10.476  -78.218  9.612 1.0000000000
121427  -10.734  -78.789  10.861 1.0000000000
13529  -2.488  -75.677  -0.702 0.6000000238
13557  -3.850  -75.026  -2.493 0.3000000119
13574  -4.578  -74.950  -2.988 0.3000000119
13575  -5.854  -74.964  -3.138 0.2000000030
16154  -6.351  -72.595  12.615 1.0000000000
16153  -5.557  -72.389  12.282 1.0000000000
16151  -3.851  -72.041  12.031 1.0000000000
16152  -4.690  -72.219  12.115 1.0000000000
141796  2.040  -72.148  13.570 0.6999999881
17085  2.049  -72.019  13.231 0.6999999881
17088  -0.085  -71.252  12.155 0.8999999762
17105  -1.620  -71.802  11.904 0.8999999762
17106  -2.343  -71.730  12.157 0.8999999762
16150  -3.027  -71.909  12.078 1.0000000000
14278  -8.824  -75.559  15.389 1.0000000000
17087  0.783  -71.384  12.334 0.8999999762
11718  -10.799  -77.788  13.164 1.0000000000
11725  -10.778  -78.043  12.194 1.0000000000
11717  -10.094  -78.415  13.420 1.0000000000
12607  -2.418  -76.440  5.352 1.0000000000
12608  -3.210  -76.729  5.716 1.0000000000
143365  -3.833  -75.988  7.032 1.0000000000
148800  -4.392  -76.270  7.267 1.0000000000
144278  -5.721  -76.393  8.108 1.0000000000
12617  -0.979  -75.869  2.978 0.8000000119
13495  -0.987  -75.690  3.629 0.8000000119
12612  -1.392  -76.241  4.017 1.0000000000
121446  -6.464  -77.002  8.086 1.0000000000
122897  -7.219  -76.483  8.665 1.0000000000
127128  -9.772  -77.662  9.183 1.0000000000
121432  -10.714  -78.202  10.356 1.0000000000
13503  -1.307  -75.870  2.326 0.8000000119
143175  -9.109  -78.084  9.188 1.0000000000
13518  -2.196  -75.767  1.004 0.8000000119
13544  -3.391  -75.042  -1.663 0.4000000060
14428  -4.714  -74.373  -2.237 0.2000000030
13558  -5.963  -74.818  -2.588 0.2000000030
15138  -7.389  -73.452  14.430 1.0000000000
16143  -7.076  -72.753  13.846 1.0000000000
15122  -8.102  -74.226  16.052 1.0000000000
16141  -5.980  -71.817  12.838 1.0000000000
16142  -6.636  -72.184  13.285 1.0000000000
17065  -6.853  -71.873  14.106 1.0000000000
17091  -3.560  -71.465  12.547 1.0000000000
17092  -4.344  -71.622  12.573 1.0000000000
17077  -6.222  -71.457  13.588 1.0000000000
14261  -9.497  -75.076  15.793 1.0000000000
17071  2.024  -71.503  13.989 0.6999999881
147815  -1.290  -70.738  12.749 0.8999999762
17072  1.722  -71.305  13.480 0.8000000119
18007  1.126  -70.906  12.959 0.8999999762
18008  0.331  -70.754  12.755 0.8999999762
17997  -1.017  -70.226  13.174 0.8999999762
13412  -10.711  -76.012  14.832 1.0000000000
13431  -11.439  -76.542  14.126 1.0000000000
12542  -10.627  -76.857  14.411 1.0000000000
12556  -11.319  -77.135  13.449 1.0000000000
11726  -11.348  -77.404  12.370 1.0000000000
12603  -3.505  -76.356  6.412 1.0000000000
129597  -7.912  -76.071  9.008 1.0000000000
12593  -9.379  -76.160  9.428 1.0000000000
12594  -10.238  -76.832  9.767 1.0000000000
12585  -11.323  -77.390  11.134 1.0000000000
122672  -6.306  -76.069  8.544 1.0000000000
121441  -8.129  -76.871  8.792 1.0000000000
121436  -8.749  -76.496  9.064 1.0000000000
11736  -11.081  -77.920  10.562 1.0000000000
13491  -1.041  -75.476  4.373 1.0000000000
13492  -1.641  -76.035  4.858 1.0000000000
13488  -2.745  -76.143  6.113 1.0000000000
13497  -0.952  -75.186  2.923 0.8000000119
144477  -0.935  -75.250  3.442 0.8000000119
14354  -1.881  -75.216  6.286 1.0000000000
14388  -2.174  -74.972  1.262 0.6000000238
14414  -3.117  -75.122  -0.779 0.4000000060
14427  -4.000  -74.627  -1.681 0.2000000030
14416  -4.696  -74.600  -1.165 0.2000000030
16133  -7.164  -72.593  14.784 1.0000000000
16134  -7.546  -73.376  15.420 1.0000000000
15123  -9.075  -74.718  16.502 1.0000000000
17076  -5.453  -71.267  13.276 1.0000000000
129354  -1.927  -70.410  13.164 0.8999999762
17074  -3.279  -70.867  13.007 1.0000000000
17075  -4.086  -71.030  13.064 1.0000000000
123422  -10.096  -75.366  15.193 1.0000000000
17995  0.698  -70.286  13.370 0.8000000119
17996  -0.139  -70.180  13.239 0.8999999762
14262  -10.696  -74.963  15.813 1.0000000000
14279  -11.255  -75.275  15.068 1.0000000000
13413  -11.916  -75.774  14.311 1.0000000000
12586  -11.806  -76.732  11.457 1.0000000000
12571  -12.114  -76.770  12.507 1.0000000000
139010  -4.266  -75.696  7.588 1.0000000000
139745  -4.714  -75.428  8.160 1.0000000000
139075  -5.456  -75.739  8.389 1.0000000000
121444  -6.985  -75.592  9.139 1.0000000000
13461  -9.129  -75.303  9.662 1.0000000000
13462  -10.091  -75.903  9.928 1.0000000000
139341  -3.121  -75.608  6.743 1.0000000000
122101  -5.163  -74.994  8.672 1.0000000000
13481  -2.421  -75.579  6.377 1.0000000000
122110  -4.060  -75.031  7.953 1.0000000000
14372  -0.998  -74.512  2.991 0.8000000119
141695  -1.301  -75.390  5.088 1.0000000000
14389  -2.625  -74.681  0.735 0.4000000060
15315  -2.763  -73.728  0.854 0.4000000060
14390  -3.274  -74.532  0.171 0.2000000030
14401  -4.065  -74.512  -0.758 0.2000000030
17063  -5.705  -70.831  13.939 1.0000000000
17064  -6.367  -71.192  14.400 1.0000000000
17054  -6.876  -71.669  15.114 1.0000000000
16120  -7.297  -72.485  15.889 1.0000000000
16121  -7.861  -73.429  16.553 1.0000000000
18000  -4.777  -70.683  13.660 1.0000000000
127202  -5.159  -70.427  14.394 1.0000000000
17983  1.977  -70.915  14.561 0.8000000119
18938  -2.250  -69.745  13.758 1.0000000000
17998  -2.843  -70.298  13.439 1.0000000000
14244  -10.143  -74.910  16.895 1.0000000000
17994  1.351  -70.587  13.700 0.8000000119
18936  -0.692  -69.535  13.712 0.8999999762
18925  1.188  -69.642  14.569 0.8000000119
18935  0.321  -69.638  13.787 0.8000000119
13432  -12.111  -76.434  13.451 1.0000000000
121447  -5.988  -75.287  8.933 1.0000000000
14325  -8.256  -74.997  9.628 1.0000000000
13463  -11.075  -76.330  10.516 1.0000000000
13456  -11.639  -75.691  10.897 1.0000000000
13457  -12.479  -75.947  11.755 1.0000000000
121445  -6.468  -74.761  9.485 1.0000000000
121443  -7.368  -74.880  9.611 1.0000000000
14316  -10.745  -75.228  10.298 1.0000000000
122068  -3.363  -74.542  7.735 1.0000000000
14313  -6.892  -74.247  10.081 1.0000000000
14368  -0.875  -74.699  3.598 0.8999999762
121461  -1.582  -74.570  6.510 1.0000000000
139432  -3.040  -75.031  7.249 1.0000000000
139074  -5.586  -74.530  9.263 1.0000000000
14380  -1.672  -74.424  1.820 0.8000000119
15289  -0.878  -74.060  3.674 0.8000000119
14352  -0.659  -74.181  5.388 0.8999999762
139030  -4.711  -74.202  8.883 1.0000000000
14381  -2.289  -74.258  1.277 0.4000000060
139340  -2.708  -74.560  7.371 1.0000000000
139082  -3.978  -74.351  8.347 1.0000000000
15326  -3.868  -74.090  -0.195 0.3000000119
147712  -7.036  -71.775  15.879 1.0000000000
138790  -7.646  -72.799  17.028 1.0000000000
15105  -8.674  -74.299  17.327 1.0000000000
17964  1.578  -70.604  15.634 0.6999999881
16103  -8.248  -73.668  18.059 1.0000000000
130718  1.418  -69.859  15.021 0.8000000119
140154  1.343  -69.787  15.699 0.8000000119
14263  -11.682  -74.743  15.858 1.0000000000
19935  1.089  -69.097  15.139 0.8000000119
19936  0.435  -68.586  14.888 0.8000000119
18927  -0.042  -69.023  14.303 0.8000000119
134809  -0.927  -68.907  14.349 0.8000000119
13433  -12.544  -75.619  13.563 1.0000000000
13448  -12.679  -75.422  12.395 1.0000000000
14314  -7.827  -74.343  10.081 1.0000000000
127880  -8.783  -74.515  10.039 1.0000000000
14315  -9.778  -74.807  10.005 1.0000000000
14308  -11.300  -74.658  10.831 1.0000000000
145489  -12.104  -75.128  11.281 1.0000000000
140182  -10.344  -74.260  10.531 1.0000000000
15173  -11.862  -74.225  11.481 1.0000000000
14309  -12.562  -74.927  11.899 1.0000000000
16272  -1.064  -73.225  3.664 0.8000000119
132792  -0.808  -73.651  4.456 0.8999999762
14351  -0.634  -73.953  5.373 0.8999999762
15190  -8.342  -73.806  10.552 1.0000000000
15191  -9.343  -73.983  10.477 1.0000000000
15172  -10.879  -73.744  11.157 1.0000000000
122197  -1.215  -73.828  6.833 1.0000000000
15304  -1.220  -73.835  3.005 0.8000000119
15305  -1.630  -73.685  2.285 0.6000000238
15201  -5.238  -73.757  9.557 1.0000000000
16320  -3.172  -72.961  0.767 0.2000000030
17985  -5.800  -70.663  14.755 1.0000000000
17986  -6.412  -70.979  15.111 1.0000000000
17053  -6.669  -71.174  15.938 1.0000000000
128645  -4.336  -69.942  14.452 1.0000000000
17043  -7.231  -71.906  16.803 1.0000000000
16102  -7.829  -72.663  18.232 1.0000000000
122821  -9.286  -74.493  19.005 1.0000000000
125531  1.098  -69.432  16.508 0.6999999881
18891  1.015  -69.521  17.308 0.6000000238
130483  -3.185  -69.680  14.217 1.0000000000
15106  -9.619  -74.930  18.020 1.0000000000
122644  -10.587  -74.937  18.318 1.0000000000
19912  0.939  -68.892  16.058 0.6999999881
18929  -2.312  -69.189  14.406 0.8999999762
122607  -8.843  -73.561  19.935 1.0000000000
14245  -11.170  -74.863  17.035 1.0000000000
14280  -12.132  -74.904  14.875 1.0000000000
139409  -10.566  -74.464  19.473 1.0000000000
14234  -11.375  -74.652  17.878 1.0000000000
14264  -12.418  -74.398  15.702 1.0000000000
14246  -11.913  -74.480  16.851 1.0000000000
14281  -12.691  -74.475  14.678 1.0000000000
13414  -12.483  -75.123  14.187 1.0000000000
133660  -12.902  -73.768  15.384 1.0000000000
15141  -12.928  -73.866  14.297 1.0000000000
14295  -12.729  -74.752  13.682 1.0000000000
15159  -11.450  -73.255  11.845 1.0000000000
15160  -12.422  -73.854  12.343 1.0000000000
15170  -8.895  -73.259  11.035 1.0000000000
15171  -9.896  -73.427  10.976 1.0000000000
139244  -0.837  -74.038  6.079 0.8999999762
122293  -2.005  -74.302  7.220 1.0000000000
139009  -2.622  -73.886  7.784 1.0000000000
121453  -6.033  -74.064  9.889 1.0000000000
16186  -7.895  -73.105  11.099 1.0000000000
138106  -1.632  -73.155  2.874 0.6000000238
15314  -2.114  -73.596  1.607 0.3000000119
15319  -3.530  -73.561  0.358 0.2000000030
142453  -5.527  -70.199  15.996 0.8999999762
17975  -5.952  -70.589  15.553 1.0000000000
18917  -3.689  -69.412  14.965 1.0000000000
122520  -4.331  -69.541  15.492 1.0000000000
143682  -5.159  -70.126  15.238 1.0000000000
18883  0.905  -69.218  18.251 0.2000000030
19940  -2.951  -69.018  15.008 1.0000000000
128064  0.871  -68.689  17.860 0.4000000060
19939  -2.105  -68.630  15.006 0.8999999762
19892  0.808  -68.786  16.975 0.6000000238
19937  -0.347  -68.414  14.828 0.8000000119
19938  -1.247  -68.425  14.894 0.8999999762
19923  0.533  -68.307  15.611 0.8000000119
19924  0.033  -67.926  15.369 0.8000000119
122747  -9.846  -74.228  20.077 1.0000000000
140157  -11.147  -74.527  18.742 1.0000000000
15107  -12.160  -73.880  17.234 1.0000000000
16105  -12.737  -73.356  16.256 1.0000000000
16135  -13.117  -73.000  14.702 1.0000000000
17080  -12.830  -72.168  14.068 1.0000000000
16145  -12.887  -73.109  13.782 1.0000000000
15251  -0.795  -73.235  5.335 0.8999999762
16175  -10.441  -72.868  11.560 1.0000000000
17189  -0.954  -72.396  5.235 0.8000000119
142605  -0.759  -73.341  6.218 1.0000000000
122507  -1.664  -73.558  7.536 1.0000000000
15188  -6.455  -73.555  10.482 1.0000000000
16273  -1.454  -72.459  4.038 0.4000000060
139092  -3.342  -73.830  8.253 1.0000000000
16213  -3.955  -73.641  8.736 1.0000000000
15189  -7.358  -73.680  10.605 1.0000000000
16309  -2.011  -72.950  2.110 0.3000000119
19849  -0.461  -67.893  20.792 0.1000000015
19859  -0.019  -68.299  20.062 0.1000000015
19886  0.699  -68.548  18.583 0.3000000119
141288  0.619  -68.105  18.239 0.5000000000
20910  0.388  -68.052  16.508 0.6999999881
20911  0.085  -67.546  15.960 0.8000000119
121478  -9.595  -73.065  20.859 1.0000000000
122624  -11.698  -73.523  18.126 1.0000000000
122323  -11.211  -74.037  19.159 1.0000000000
16104  -12.292  -72.933  17.018 1.0000000000
122678  -13.036  -72.927  15.493 1.0000000000
139414  -12.744  -72.405  15.999 1.0000000000
17175  -0.789  -71.751  6.752 0.8999999762
17162  -0.651  -71.810  7.474 0.8999999762
17097  -11.775  -72.019  12.763 1.0000000000
16144  -12.464  -72.413  13.212 1.0000000000
16228  -0.694  -72.326  7.405 0.8999999762
16212  -1.072  -72.416  8.209 1.0000000000
16174  -9.477  -72.640  11.436 1.0000000000
18093  -0.980  -71.203  6.071 0.6999999881
17181  -0.859  -71.961  5.885 0.8000000119
17174  -0.727  -72.456  6.896 0.8999999762
123234  -1.224  -72.970  7.780 1.0000000000
121469  -3.226  -73.116  8.682 1.0000000000
16196  -3.554  -72.502  9.284 1.0000000000
16173  -8.517  -72.479  11.440 1.0000000000
144406  -1.788  -71.772  4.380 0.5000000000
127667  -2.108  -73.030  8.291 1.0000000000
16198  -4.969  -72.988  9.832 1.0000000000
131619  -1.653  -72.662  3.368 0.4000000060
16295  -2.532  -72.360  2.172 0.2000000030
20835  -0.628  -67.151  21.216 0.1000000015
20843  -0.022  -67.619  20.235 0.1000000015
121507  -4.957  -69.729  16.143 1.0000000000
20860  0.386  -67.776  18.868 0.1000000015
19858  0.167  -68.137  19.657 0.1000000015
124120  -3.587  -68.944  15.682 1.0000000000
139541  -5.561  -69.996  16.722 1.0000000000
20872  0.347  -67.423  18.172 0.3000000119
19926  -1.656  -67.991  15.489 0.8000000119
121492  -6.824  -71.010  17.050 1.0000000000
19925  -0.729  -67.856  15.334 0.6999999881
122437  -7.370  -71.668  18.147 1.0000000000
135296  0.442  -67.987  17.489 0.5000000000
122674  -8.088  -72.309  19.575 1.0000000000
146375  0.161  -67.588  17.010 0.6000000238
123197  -10.450  -73.529  20.277 1.0000000000
121482  -11.094  -73.165  19.098 1.0000000000
17028  -11.653  -72.527  17.741 1.0000000000
122744  -11.949  -71.943  16.463 1.0000000000
121502  -12.958  -72.120  15.057 1.0000000000
146919  -12.367  -71.416  15.471 1.0000000000
124261  -12.379  -71.272  14.445 1.0000000000
17079  -12.028  -71.428  13.393 1.0000000000
17163  -0.703  -71.119  7.425 0.8999999762
17139  -3.152  -71.803  9.602 1.0000000000
17141  -4.745  -72.226  10.044 1.0000000000
17124  -5.250  -71.710  10.540 1.0000000000
16155  -10.019  -72.061  11.957 1.0000000000
16156  -11.037  -72.253  12.225 1.0000000000
17182  -1.312  -71.616  5.219 0.6999999881
16194  -1.628  -72.169  8.853 1.0000000000
16185  -6.851  -72.890  11.089 1.0000000000
18094  -1.704  -70.817  5.594 0.5000000000
144398  -3.917  -73.050  9.083 1.0000000000
16197  -4.287  -72.682  9.537 1.0000000000
134535  -6.081  -72.910  10.674 1.0000000000
18110  -2.401  -71.217  3.947 0.2000000030
121501  -3.399  -68.501  16.510 1.0000000000
121498  -4.250  -69.081  16.468 1.0000000000
139411  -4.516  -68.983  17.326 1.0000000000
139291  -4.968  -69.469  17.020 1.0000000000
139064  -5.653  -69.759  17.620 1.0000000000
21779  -0.006  -66.815  20.848 0.1000000015
122484  -6.224  -70.369  17.339 1.0000000000
21803  0.257  -67.164  19.483 0.2000000030
21788  0.199  -67.252  20.042 0.1000000015
122103  -2.038  -67.393  16.183 0.8000000119
121484  -7.018  -70.787  18.165 1.0000000000
139261  -1.089  -67.275  15.852 0.8000000119
19927  -2.663  -68.356  15.770 1.0000000000
21854  -0.333  -66.977  16.363 0.6000000238
127475  -7.655  -71.369  19.372 1.0000000000
121483  -8.278  -72.034  20.288 1.0000000000
121477  -8.879  -72.487  21.011 1.0000000000
147770  0.161  -66.653  18.078 0.5000000000
20898  -0.006  -67.236  16.638 0.6000000238
122695  -10.548  -72.444  20.088 1.0000000000
122550  -10.874  -72.034  18.402 1.0000000000
139212  -11.212  -71.419  16.963 1.0000000000
121500  -11.556  -70.910  15.870 1.0000000000
139362  -11.789  -70.540  14.887 1.0000000000
19018  -0.935  -70.292  7.306 0.8999999762
18062  -0.701  -70.617  8.195 0.8999999762
17136  -0.577  -70.865  9.086 0.8999999762
18054  -1.117  -71.126  9.715 0.8999999762
17989  -11.649  -70.556  13.918 1.0000000000
18085  -0.846  -70.936  6.780 0.8000000119
17150  -0.634  -71.382  8.560 0.8999999762
17138  -2.042  -71.620  9.508 0.8999999762
17140  -4.000  -72.001  9.803 1.0000000000
17095  -9.705  -71.232  12.247 1.0000000000
17096  -11.173  -71.402  12.706 1.0000000000
18086  -1.308  -70.541  6.438 0.6000000238
16171  -6.840  -72.062  11.335 1.0000000000
16172  -7.574  -72.301  11.448 1.0000000000
17111  -9.095  -71.866  11.867 1.0000000000
18102  -2.039  -71.032  4.747 0.4000000060
18111  -2.993  -70.798  3.577 0.2000000030
123434  -0.732  -66.571  21.767 0.1000000015
123152  -0.254  -66.167  21.858 0.1000000015
140065  -2.787  -67.913  16.521 1.0000000000
122198  -1.362  -66.713  16.434 0.8999999762
139225  -1.989  -66.486  16.701 0.8999999762
21817  0.254  -66.881  18.746 0.4000000060
122585  -0.912  -66.365  16.816 0.6999999881
20877  0.102  -67.053  17.427 0.6000000238
20878  -0.333  -66.566  17.025 0.8000000119
122773  -10.037  -72.386  21.076 1.0000000000
139550  -10.867  -70.543  16.264 1.0000000000
146136  -11.074  -70.058  15.370 1.0000000000
18992  -0.716  -69.851  8.779 0.8999999762
18041  -0.707  -70.651  9.661 0.8999999762
18043  -2.224  -70.546  10.517 0.8999999762
145452  -4.177  -70.950  10.535 1.0000000000
17107  -5.768  -71.080  11.078 1.0000000000
18010  -7.080  -70.190  12.249 1.0000000000
18027  -7.354  -70.776  12.056 1.0000000000
18012  -9.431  -70.397  12.528 1.0000000000
18001  -9.959  -69.814  13.057 1.0000000000
18002  -10.837  -70.113  13.442 1.0000000000
146462  -0.859  -69.864  8.057 0.8000000119
17121  -2.751  -71.158  10.077 0.8999999762
17122  -3.677  -71.341  10.164 1.0000000000
18026  -6.559  -70.783  11.710 1.0000000000
17094  -8.728  -70.996  12.213 1.0000000000
18013  -10.438  -70.674  12.687 1.0000000000
17078  -11.273  -70.763  13.160 1.0000000000
19019  -1.743  -69.812  6.794 0.6000000238
19038  -2.069  -70.090  5.944 0.4000000060
17108  -6.489  -71.485  11.359 1.0000000000
17109  -7.264  -71.457  11.692 1.0000000000
17110  -8.170  -71.714  11.815 1.0000000000
21789  0.304  -66.626  20.130 0.2000000030
122147  -2.561  -67.259  16.983 0.8999999762
121497  -3.246  -67.956  17.198 0.8999999762
128000  -3.923  -68.554  17.261 1.0000000000
122230  -5.124  -69.103  17.881 1.0000000000
122679  -0.145  -66.111  17.652 0.8000000119
122681  -0.824  -65.765  17.393 0.8000000119
139542  -5.858  -69.433  18.584 1.0000000000
122666  -7.306  -70.565  19.264 1.0000000000
122628  -8.123  -71.138  20.616 1.0000000000
17987  -10.304  -69.421  14.868 1.0000000000
18986  -0.640  -69.766  9.647 0.8999999762
18976  -0.894  -69.808  10.663 0.8999999762
18961  -2.022  -69.463  11.455 1.0000000000
18946  -3.744  -69.307  11.975 1.0000000000
18963  -4.564  -69.846  11.483 1.0000000000
18964  -5.393  -69.906  11.797 1.0000000000
18932  -10.353  -69.432  13.829 1.0000000000
17988  -11.063  -69.928  14.354 1.0000000000
19992  -0.789  -69.136  9.230 0.8000000119
18040  -0.638  -70.377  9.529 0.8999999762
18042  -1.080  -70.484  10.314 0.8999999762
18023  -2.679  -70.025  11.055 0.8999999762
18024  -4.351  -70.398  10.897 0.8999999762
140885  -5.814  -70.448  11.557 1.0000000000
18011  -8.058  -70.342  12.345 1.0000000000
129558  -8.808  -69.694  12.883 1.0000000000
145815  -8.770  -70.317  12.458 1.0000000000
19001  -1.386  -69.503  7.642 0.6000000238
18028  -7.906  -71.091  12.100 1.0000000000
22794  0.218  -65.846  20.866 0.2000000030
130540  0.307  -65.802  19.948 0.3000000119
122738  -4.335  -68.083  18.728 0.8999999762
139292  -5.189  -68.635  18.943 0.8999999762
22805  0.198  -65.267  19.143 0.4000000060
122049  -1.896  -65.609  17.019 0.8999999762
122219  -6.777  -69.814  19.280 1.0000000000
121525  -1.423  -65.480  17.085 0.8999999762
139273  -6.459  -70.086  18.320 1.0000000000
139044  -0.249  -64.691  18.350 0.8999999762
121481  -7.568  -70.408  20.070 1.0000000000
147064  -9.420  -72.173  21.292 1.0000000000
121479  -8.793  -72.012  21.254 1.0000000000
122727  -8.244  -71.389  20.493 1.0000000000
18931  -9.804  -69.080  14.195 1.0000000000
19985  -0.938  -68.526  9.571 0.8000000119
19984  -0.692  -68.933  9.993 0.8000000119
18960  -1.047  -69.284  11.229 0.8999999762
18962  -2.988  -69.560  11.520 1.0000000000
18942  -9.527  -69.235  13.557 1.0000000000
18965  -6.191  -70.084  12.089 1.0000000000
18949  -6.670  -69.551  12.600 1.0000000000
18950  -7.648  -69.642  12.708 1.0000000000
18993  -1.017  -69.212  8.410 0.6999999881
20009  -2.131  -69.050  7.112 0.4000000060
23786  0.120  -64.902  21.083 0.2000000030
138889  -2.374  -66.345  17.524 0.8999999762
121499  -3.075  -67.306  17.865 0.8999999762
121491  -3.788  -67.988  17.985 0.8999999762
23799  0.134  -64.808  20.033 0.4000000060
139696  -0.911  -64.174  17.725 0.8999999762
122186  -1.629  -64.049  17.450 0.8999999762
139265  -6.564  -68.883  20.552 1.0000000000
139381  -8.873  -71.460  21.304 1.0000000000
19949  -8.240  -68.551  14.049 1.0000000000
122521  -9.679  -69.338  15.697 1.0000000000
121490  -9.770  -70.536  18.082 1.0000000000
122256  -10.142  -71.471  18.979 1.0000000000
135869  -4.874  -68.205  13.183 1.0000000000
20928  -6.348  -68.239  13.647 1.0000000000
19942  -7.396  -68.210  14.309 1.0000000000
140916  -9.104  -68.856  14.135 1.0000000000
21897  -0.986  -67.243  11.171 0.6000000238
148373  -0.891  -67.604  11.492 0.8000000119
19953  -1.222  -68.241  12.337 0.8999999762
19954  -2.111  -68.501  12.455 1.0000000000
19956  -4.231  -68.603  12.736 1.0000000000
19957  -5.276  -68.746  12.800 1.0000000000
19947  -6.811  -68.635  13.472 1.0000000000
122900  -9.382  -69.030  14.908 1.0000000000
19976  -0.837  -68.603  10.712 0.8000000119
18959  -0.833  -68.913  11.069 0.8000000119
19968  -1.505  -68.868  11.920 1.0000000000
19955  -3.151  -68.613  12.518 1.0000000000
19958  -6.232  -68.840  13.048 1.0000000000
18940  -8.017  -69.102  13.307 1.0000000000
18941  -8.768  -69.059  13.556 1.0000000000
20963  -0.899  -68.212  10.200 0.6000000238
20965  -2.164  -67.195  9.057 0.4000000060
18948  -5.767  -69.414  12.421 1.0000000000
18939  -7.132  -69.096  13.142 1.0000000000
19993  -1.276  -68.538  8.889 0.6999999881
122172  -0.146  -63.973  20.667 0.3000000119
133071  -3.252  -66.638  19.394 0.8999999762
122403  -3.608  -67.391  18.953 0.8999999762
140540  -0.029  -64.330  18.983 0.6000000238
139246  -1.810  -64.770  17.224 0.8999999762
139690  -2.130  -65.159  17.454 0.8999999762
121521  -2.601  -65.729  18.261 0.8999999762
121516  -2.996  -66.612  18.500 0.8999999762
121485  -4.622  -67.742  19.868 0.8999999762
121488  -5.683  -68.420  20.170 0.8999999762
122493  -6.240  -69.078  19.559 0.8999999762
122567  -6.080  -68.316  21.105 0.8999999762
139385  -7.076  -69.519  20.120 1.0000000000
122130  -9.762  -71.025  20.661 1.0000000000
20927  -5.856  -67.690  13.944 1.0000000000
20920  -6.619  -67.826  14.332 1.0000000000
139546  -7.177  -67.765  15.037 1.0000000000
18930  -8.656  -68.557  14.878 1.0000000000
122646  -9.482  -69.790  16.858 1.0000000000
121475  -10.109  -71.596  20.716 1.0000000000
20930  -0.948  -67.356  12.395 0.8000000119
20931  -1.138  -67.595  12.629 0.8000000119
20925  -2.476  -67.508  13.313 0.8999999762
123842  -3.485  -67.364  13.530 0.8999999762
20926  -4.213  -67.280  13.729 1.0000000000
19941  -6.921  -68.313  13.874 1.0000000000
122498  -8.262  -68.343  15.573 1.0000000000
122728  -8.812  -68.999  15.918 1.0000000000
19952  -0.853  -67.919  12.138 0.8000000119
20932  -1.794  -67.904  12.850 0.8999999762
19944  -3.402  -68.011  13.046 1.0000000000
19945  -4.226  -67.821  13.287 1.0000000000
121489  -9.041  -69.367  18.191 1.0000000000
20953  -1.223  -67.497  10.421 0.4000000060
21906  -1.823  -66.993  9.893 0.3000000119
138970  -2.086  -64.272  17.458 0.8999999762
139344  -0.606  -63.724  18.307 0.6000000238
122080  -1.353  -63.460  17.802 0.8000000119
139629  -5.288  -67.745  21.124 0.8999999762
139370  -7.167  -69.240  20.867 1.0000000000
121531  -6.690  -68.516  21.658 1.0000000000
124306  -4.983  -67.586  13.692 1.0000000000
139201  -9.298  -69.992  18.184 1.0000000000
146592  -9.900  -71.003  19.402 1.0000000000
122298  -8.749  -71.464  20.302 1.0000000000
21863  -1.910  -66.894  13.607 0.8999999762
21864  -2.692  -66.842  13.863 0.8999999762
122745  -6.535  -67.255  15.056 1.0000000000
19943  -7.916  -68.169  14.902 1.0000000000
122371  -9.327  -70.605  19.684 1.0000000000
121480  -7.559  -69.782  21.090 1.0000000000
139619  -7.479  -69.204  21.747 1.0000000000
21885  -0.910  -67.156  11.761 0.6999999881
21862  -1.381  -66.587  13.382 0.8000000119
21865  -3.665  -66.787  14.060 0.8999999762
20919  -5.403  -67.133  14.348 1.0000000000
127274  -6.071  -67.328  14.514 1.0000000000
122480  -8.897  -69.096  17.149 1.0000000000
121486  -9.703  -70.276  19.535 1.0000000000
139195  -8.040  -70.335  20.999 1.0000000000
122183  -7.762  -69.433  21.881 1.0000000000
21898  -1.507  -66.776  10.747 0.6000000238
146841  -1.133  -66.389  12.240 0.6999999881
20918  -4.569  -66.898  14.205 1.0000000000
122138  -7.646  -67.934  15.805 1.0000000000
121494  -8.359  -68.320  16.417 1.0000000000
139080  -8.839  -70.533  19.878 1.0000000000
122105  -8.288  -70.874  21.181 1.0000000000
122306  -9.418  -70.004  23.005 1.0000000000
21860  -5.060  -66.438  14.772 1.0000000000
139383  -5.578  -66.168  15.456 1.0000000000
122844  -6.296  -66.764  15.744 1.0000000000
121517  -7.796  -67.554  16.628 1.0000000000
122313  -8.338  -67.782  17.472 1.0000000000
145383  -8.792  -68.523  17.855 1.0000000000
122174  -9.739  -69.962  19.524 1.0000000000
122271  -9.278  -70.570  19.834 1.0000000000
139169  -8.970  -71.074  20.976 1.0000000000
21899  -2.097  -66.256  10.250 0.5000000000
139220  -6.013  -66.119  16.188 1.0000000000
121520  -6.885  -66.740  16.444 1.0000000000
139398  -7.602  -67.022  16.897 1.0000000000
139203  -9.406  -68.787  18.514 1.0000000000
139205  -10.128  -70.858  21.287 1.0000000000
147988  -10.069  -70.889  22.207 1.0000000000
134058  -10.662  -69.630  23.268 1.0000000000
139631  -7.804  -66.715  17.061 1.0000000000
138934  -8.494  -67.016  17.546 1.0000000000
139028  -9.218  -67.627  18.083 1.0000000000
139654  -9.838  -68.327  18.652 1.0000000000
138935  -10.106  -69.584  19.790 1.0000000000
139105  -10.818  -69.283  20.164 1.0000000000
121487  -11.185  -69.739  21.839 1.0000000000
123367  -11.723  -68.863  23.016 1.0000000000
122554  -14.534  -67.939  22.216 1.0000000000
139007  -10.463  -68.395  18.947 1.0000000000
139630  -11.147  -68.568  19.185 1.0000000000
122021  -11.697  -68.960  20.291 1.0000000000
139204  -12.456  -69.112  20.795 1.0000000000
121506  -13.422  -68.775  22.152 1.0000000000
122398  -14.325  -68.899  21.755 1.0000000000
19860  -15.051  -68.561  21.709 1.0000000000
148432  -15.496  -69.087  21.267 1.0000000000
18856  -17.279  -70.199  20.088 1.0000000000
138220  -18.241  -69.794  19.932 1.0000000000
122031  -11.774  -68.313  18.959 1.0000000000
138885  -12.452  -68.787  19.605 1.0000000000
139699  -14.136  -69.314  20.675 1.0000000000
139430  -14.750  -69.430  20.976 1.0000000000
18837  -15.016  -69.238  21.360 1.0000000000
17920  -16.680  -70.542  19.832 1.0000000000
136960  -17.997  -70.752  19.533 1.0000000000
146134  -18.808  -70.335  19.635 1.0000000000
18875  -19.599  -70.420  19.549 1.0000000000
139661  -12.367  -68.178  18.646 1.0000000000
138974  -13.121  -68.574  18.787 1.0000000000
139660  -13.923  -69.050  19.532 1.0000000000
122338  -14.716  -69.666  19.987 1.0000000000
18874  -15.508  -69.995  19.536 1.0000000000
17929  -16.591  -70.762  19.227 1.0000000000
17930  -17.208  -70.999  19.430 1.0000000000
17931  -18.849  -71.036  19.019 1.0000000000
17932  -19.914  -70.920  18.893 1.0000000000
122057  -0.323  -63.518  19.354 0.4000000060
141639  -2.449  -64.872  18.028 0.8999999762
139670  -2.976  -65.174  19.004 0.8999999762
140263  -3.016  -66.087  19.053 0.8999999762
139472  -3.271  -65.967  19.996 0.8999999762
121493  -3.754  -66.794  20.171 0.8999999762
139560  -3.963  -65.781  21.194 0.8999999762
121528  -4.440  -66.928  21.182 0.8999999762
138932  -5.155  -66.888  22.081 0.8999999762
138955  -4.864  -65.769  21.941 0.8999999762
139685  -5.984  -67.744  21.929 0.8999999762
138965  -5.952  -67.060  22.604 0.8999999762
139684  -7.067  -68.289  22.372 1.0000000000
122524  -7.201  -68.941  21.499 1.0000000000
21857  -1.836  -66.244  14.099 0.8999999762
139702  -7.446  -68.072  22.775 1.0000000000
22862  -1.335  -65.861  13.562 0.8999999762
22854  -3.075  -65.538  14.921 0.8999999762
21859  -4.002  -66.129  14.658 0.8999999762
139081  -8.253  -68.475  23.028 1.0000000000
23906  -1.699  -65.289  12.411 0.6999999881
21855  -4.685  -65.727  15.260 1.0000000000
122686  -9.264  -67.475  23.405 1.0000000000
121527  -10.345  -68.226  23.681 1.0000000000
122301  -11.258  -67.034  22.985 1.0000000000
122321  -5.730  -65.235  16.471 1.0000000000
122067  -7.123  -66.404  16.851 1.0000000000
126077  -11.385  -68.285  23.345 1.0000000000
122917  -12.051  -67.318  22.934 1.0000000000
121511  -12.090  -66.433  21.828 1.0000000000
122531  -12.961  -66.872  22.454 1.0000000000
121508  -13.899  -66.528  21.720 1.0000000000
139397  -6.455  -65.931  16.618 1.0000000000
139731  -7.845  -66.048  17.216 1.0000000000
121505  -12.530  -67.969  22.942 1.0000000000
145835  -13.260  -68.213  22.641 1.0000000000
121503  -13.704  -67.480  22.526 1.0000000000
21780  -14.608  -67.100  21.937 1.0000000000
20861  -16.155  -67.494  20.181 0.8999999762
20862  -17.082  -67.578  19.911 0.8999999762
20846  -17.240  -68.420  20.117 1.0000000000
19877  -17.663  -69.083  20.116 1.0000000000
121990  -9.586  -67.166  18.234 1.0000000000
139732  -10.229  -67.464  18.518 1.0000000000
139564  -11.005  -67.526  18.462 1.0000000000
121504  -13.881  -68.279  22.436 1.0000000000
20844  -15.741  -68.249  21.160 0.8999999762
19862  -16.901  -69.244  20.404 1.0000000000
19880  -20.101  -69.732  20.085 1.0000000000
138951  -10.657  -66.555  18.124 1.0000000000
122055  -11.900  -67.557  18.198 1.0000000000
18876  -20.497  -70.584  19.517 0.8999999762
139707  -12.637  -67.776  17.931 1.0000000000
121509  -14.061  -68.652  18.236 1.0000000000
123054  -14.439  -69.328  18.962 1.0000000000
142885  -15.007  -69.762  19.028 1.0000000000
17928  -16.068  -70.334  19.121 1.0000000000
136888  -17.235  -71.129  18.583 1.0000000000
138984  -13.438  -67.959  17.701 1.0000000000
122661  -14.653  -68.569  17.561 1.0000000000
18892  -14.987  -69.245  18.163 1.0000000000
18893  -15.783  -69.567  17.720 1.0000000000
18885  -15.717  -69.972  18.541 1.0000000000
17941  -16.501  -70.535  18.551 1.0000000000
17021  -17.918  -71.385  18.286 1.0000000000
17942  -19.260  -71.142  18.342 1.0000000000
17933  -20.853  -70.854  19.038 1.0000000000
139697  -0.817  -62.956  18.431 0.8000000119
139033  -1.971  -62.995  18.055 0.6999999881
139226  -1.943  -63.496  17.671 0.8000000119
139384  -3.164  -64.188  19.307 0.8999999762
121993  -3.428  -65.085  20.316 0.8999999762
121495  -4.514  -64.941  21.288 0.8999999762
139628  -5.739  -66.057  22.418 0.8999999762
138966  -6.546  -66.535  22.727 1.0000000000
138925  -7.056  -67.174  22.929 1.0000000000
138120  -1.101  -66.012  12.774 0.8999999762
22852  -1.724  -65.375  14.264 0.8999999762
22853  -2.194  -65.547  14.656 0.8999999762
138976  -7.582  -66.564  22.813 1.0000000000
139637  -7.997  -66.988  23.043 1.0000000000
121476  -8.725  -66.449  22.598 1.0000000000
23887  -1.506  -65.265  13.294 0.8999999762
22851  -2.418  -65.060  15.112 0.8999999762
122568  -3.842  -65.441  15.210 0.8999999762
139289  -9.631  -65.808  21.249 1.0000000000
23862  -2.003  -64.879  14.832 0.8999999762
122527  -4.167  -64.956  15.791 0.8999999762
122300  -5.178  -65.475  15.964 1.0000000000
122511  -10.465  -65.661  20.374 1.0000000000
122883  -11.173  -65.978  20.765 1.0000000000
23817  -12.892  -65.572  19.512 1.0000000000
21790  -14.590  -66.610  21.091 1.0000000000
139382  -4.830  -64.543  16.471 1.0000000000
139415  -5.470  -64.416  16.966 1.0000000000
138886  -7.336  -65.257  17.200 1.0000000000
139565  -8.309  -66.189  17.441 1.0000000000
139632  -8.898  -66.672  17.877 1.0000000000
21805  -13.932  -66.292  19.930 1.0000000000
21808  -16.733  -66.714  19.791 0.8999999762
19878  -18.419  -68.673  20.134 1.0000000000
19879  -19.207  -69.391  20.069 1.0000000000
19863  -19.741  -68.772  20.492 0.8999999762
139761  -7.726  -65.381  17.273 1.0000000000
139568  -8.483  -65.855  17.558 1.0000000000
121510  -9.294  -66.236  18.027 1.0000000000
138949  -10.515  -67.037  18.379 1.0000000000
138950  -10.359  -65.819  17.747 1.0000000000
139664  -9.972  -66.126  18.155 1.0000000000
139663  -11.449  -66.791  17.849 1.0000000000
122034  -12.219  -67.004  17.473 1.0000000000
121512  -12.587  -66.503  16.772 1.0000000000
139662  -13.004  -67.279  17.124 1.0000000000
139335  -13.607  -66.775  16.601 1.0000000000
138931  -13.690  -67.511  17.021 1.0000000000
139708  -14.159  -68.018  17.348 1.0000000000
19893  -15.313  -68.757  17.360 1.0000000000
18894  -16.584  -69.829  17.633 1.0000000000
17951  -16.918  -70.665  17.978 1.0000000000
18896  -18.228  -70.504  17.551 1.0000000000
17023  -18.815  -71.333  18.034 1.0000000000
17934  -21.616  -70.624  19.294 0.8999999762
18877  -21.223  -70.578  19.590 0.8000000119
122258  -14.299  -67.470  16.780 1.0000000000
19914  -15.530  -68.118  16.854 1.0000000000
19894  -16.156  -68.824  17.221 1.0000000000
19895  -17.117  -69.155  17.319 1.0000000000
19896  -18.225  -69.356  17.375 1.0000000000
18897  -19.973  -70.628  17.807 1.0000000000
17944  -21.311  -70.625  18.603 1.0000000000
138985  -0.499  -63.046  20.233 0.3000000119
139032  -0.830  -62.447  19.389 0.5000000000
121526  -2.934  -63.109  18.648 0.8999999762
138973  -1.181  -62.107  19.116 0.5000000000
139692  -3.665  -64.434  20.220 0.8999999762
139473  -3.865  -64.875  20.924 0.8999999762
122037  -4.984  -64.113  20.259 0.8999999762
122020  -5.574  -64.921  21.304 0.8999999762
139627  -6.780  -63.369  18.745 0.8999999762
139683  -6.560  -65.375  21.707 1.0000000000
122047  -6.794  -64.281  19.404 0.8999999762
122016  -7.622  -64.645  19.826 1.0000000000
139618  -7.177  -65.962  22.338 1.0000000000
26141  -2.991  -63.051  13.890 0.4000000060
26125  -2.606  -63.097  14.703 0.5000000000
139712  -8.190  -63.924  18.760 1.0000000000
139217  -8.337  -64.812  19.581 1.0000000000
138977  -8.836  -65.100  19.942 1.0000000000
121530  -9.165  -65.320  20.296 1.0000000000
25000  -2.763  -63.670  13.242 0.5000000000
24986  -2.336  -63.637  14.116 0.8999999762
24976  -1.978  -63.963  14.889 0.8999999762
122087  -8.962  -64.175  19.184 1.0000000000
23872  -2.060  -64.082  13.703 0.6999999881
122663  -2.319  -64.352  15.432 0.8999999762
139721  -4.344  -63.711  16.806 1.0000000000
121513  -10.334  -64.917  19.456 1.0000000000
121514  -11.007  -65.325  19.496 1.0000000000
123053  -11.430  -65.481  19.575 1.0000000000
122470  -5.293  -63.649  17.252 1.0000000000
139763  -5.833  -64.108  17.334 1.0000000000
139569  -6.780  -64.376  17.357 1.0000000000
23800  -11.630  -64.734  19.079 1.0000000000
23801  -12.424  -64.654  19.183 1.0000000000
23802  -13.468  -64.680  19.320 0.8999999762
23819  -15.015  -65.292  19.407 0.6999999881
22808  -15.421  -65.956  19.556 0.8999999762
143626  -17.639  -67.317  19.946 1.0000000000
20864  -18.358  -67.837  20.218 1.0000000000
122091  -7.139  -64.463  17.363 1.0000000000
148622  -8.749  -65.508  17.647 1.0000000000
139052  -9.462  -65.463  17.805 1.0000000000
25001  -3.655  -63.453  12.516 0.3000000119
143402  -10.708  -65.593  17.211 1.0000000000
122019  -11.752  -66.305  17.083 1.0000000000
122035  -11.252  -65.674  16.910 1.0000000000
139325  -12.912  -66.030  16.424 1.0000000000
17921  -22.219  -70.369  19.455 0.8999999762
21846  -14.327  -66.381  16.451 1.0000000000
148710  -14.473  -66.996  16.528 1.0000000000
20900  -15.736  -67.406  16.700 1.0000000000
136769  -16.175  -67.979  16.862 1.0000000000
133625  -17.693  -68.272  17.285 1.0000000000
19898  -20.443  -69.119  17.546 1.0000000000
18899  -21.459  -70.163  17.981 1.0000000000
18888  -22.518  -69.970  18.665 0.8999999762
19897  -19.414  -68.948  17.428 1.0000000000
129600  -20.921  -68.473  17.650 1.0000000000
139345  -0.889  -62.187  21.353 0.4000000060
139698  -1.983  -61.931  19.026 0.6999999881
122263  -1.256  -61.458  20.628 0.3000000119
139343  -1.989  -61.193  19.864 0.5000000000
139671  -3.668  -63.511  19.540 0.8999999762
122564  -3.027  -62.160  18.781 0.8999999762
139526  -3.621  -62.487  19.167 0.8999999762
122464  -4.285  -62.805  19.384 0.8999999762
138969  -4.217  -64.139  20.249 0.8999999762
139691  -5.011  -62.115  19.377 0.8999999762
122063  -5.641  -61.518  19.725 0.8999999762
138888  -5.840  -62.883  19.272 0.8999999762
138926  -7.846  -62.825  19.635 0.8999999762
139617  -7.451  -63.787  18.568 0.8999999762
122052  -8.652  -63.669  19.287 1.0000000000
139753  -9.339  -63.793  19.530 1.0000000000
139197  -9.407  -64.582  19.339 1.0000000000
24977  -2.165  -63.699  14.667 0.8999999762
24971  -2.305  -63.610  15.524 0.8999999762
139155  -2.569  -63.532  16.062 0.8999999762
139078  -3.814  -64.080  16.267 1.0000000000
122559  -9.777  -64.083  19.545 1.0000000000
24888  -10.762  -63.933  19.698 0.8999999762
24904  -12.041  -63.990  19.453 0.8999999762
24905  -12.992  -63.947  19.669 0.8000000119
24891  -13.445  -63.468  21.035 0.6999999881
139527  -5.616  -63.271  17.466 1.0000000000
139705  -6.263  -63.218  17.541 1.0000000000
24906  -13.995  -63.841  19.982 0.6999999881
23804  -15.595  -64.380  20.054 0.6999999881
23821  -17.185  -65.120  20.134 0.6999999881
22810  -17.467  -65.909  19.958 0.8999999762
21810  -18.059  -67.105  20.190 0.6999999881
20847  -18.595  -67.488  20.573 0.8999999762
19864  -20.535  -69.331  20.693 0.8000000119
139760  -5.756  -63.847  17.423 1.0000000000
139014  -6.678  -63.607  17.435 1.0000000000
138901  -7.353  -63.915  17.368 1.0000000000
122701  -8.630  -64.816  17.487 1.0000000000
139524  -9.208  -64.570  17.416 1.0000000000
22783  -18.046  -65.756  20.881 0.6999999881
21781  -18.270  -66.598  21.074 0.6999999881
20848  -19.277  -68.039  20.782 0.8000000119
20849  -20.054  -68.558  20.986 0.6999999881
121524  -8.463  -64.197  17.375 1.0000000000
138930  -10.120  -65.176  17.393 1.0000000000
20837  -19.454  -68.061  21.338 0.8000000119
20838  -20.281  -68.641  21.959 0.6999999881
19865  -21.494  -69.676  20.801 0.8000000119
122036  -10.810  -64.534  16.589 1.0000000000
139102  -11.297  -65.197  16.593 1.0000000000
139051  -12.001  -65.705  16.606 1.0000000000
18857  -20.984  -70.148  20.169 0.8999999762
123992  -12.517  -65.399  16.490 1.0000000000
18859  -22.325  -70.014  20.129 0.8000000119
22846  -13.336  -65.429  16.463 1.0000000000
22847  -14.181  -65.657  16.473 1.0000000000
22848  -14.974  -65.879  16.599 1.0000000000
21847  -15.168  -66.751  16.529 1.0000000000
20879  -16.608  -67.260  16.956 1.0000000000
136606  -16.844  -68.164  17.128 1.0000000000
130987  -18.617  -68.154  17.344 1.0000000000
19899  -21.468  -69.290  17.688 1.0000000000
18900  -22.197  -69.698  18.006 0.8999999762
18879  -23.149  -69.075  18.710 0.8999999762
19866  -22.724  -69.348  20.417 0.8999999762
22829  -15.580  -65.310  16.947 1.0000000000
21825  -16.679  -66.226  17.087 1.0000000000
20880  -17.439  -66.802  17.215 1.0000000000
20881  -18.054  -67.398  17.312 1.0000000000
143781  -19.377  -67.924  17.446 1.0000000000
19900  -22.420  -68.785  17.854 1.0000000000
19887  -22.873  -69.046  18.168 1.0000000000
121533  -3.266  -62.191  19.059 0.6999999881
139066  -4.048  -60.947  19.779 0.8000000119
121534  -4.841  -61.287  19.581 0.8999999762
139283  -5.023  -60.952  20.045 0.8000000119
139744  -4.651  -60.680  20.903 0.6999999881
122224  -5.993  -61.256  20.574 0.8000000119
139067  -6.358  -61.477  21.476 0.8000000119
138944  -6.599  -61.974  19.817 0.8999999762
139620  -7.284  -61.942  21.001 0.8000000119
138978  -7.865  -62.380  21.050 0.8999999762
139047  -8.452  -62.957  19.887 0.8999999762
26035  -9.157  -63.041  21.566 1.0000000000
24887  -9.654  -63.351  20.269 1.0000000000
26114  -2.467  -62.942  15.987 0.8000000119
139158  -2.660  -63.184  16.707 0.8999999762
139021  -3.590  -63.366  16.926 0.8999999762
24871  -10.306  -63.548  20.947 1.0000000000
24873  -12.019  -63.279  21.785 0.6999999881
24874  -13.069  -63.025  22.105 0.6999999881
24892  -14.304  -63.212  21.231 0.6999999881
138992  -4.131  -63.199  17.162 1.0000000000
139719  -4.971  -62.901  17.372 1.0000000000
139717  -5.353  -62.282  17.571 1.0000000000
26022  -13.909  -62.743  22.608 0.6999999881
136784  -15.026  -63.024  21.594 0.6999999881
24908  -16.009  -63.674  20.837 0.6999999881
23806  -17.584  -64.746  20.711 0.6999999881
139400  -5.818  -62.191  17.581 1.0000000000
147655  -8.071  -63.676  17.306 1.0000000000
24893  -15.786  -63.156  21.601 0.6999999881
23787  -17.298  -64.386  21.193 0.6999999881
22782  -17.823  -65.085  21.102 0.6000000238
21782  -18.914  -67.492  21.702 0.6000000238
20830  -19.722  -68.063  22.379 0.6000000238
19851  -20.937  -69.055  21.400 0.8000000119
139612  -8.491  -63.656  17.289 1.0000000000
139562  -10.057  -64.543  16.975 1.0000000000
22770  -17.969  -66.192  21.534 0.6000000238
134332  -18.458  -66.995  21.894 0.6000000238
21771  -19.133  -67.508  22.764 0.6000000238
122012  -9.357  -63.909  17.104 0.8999999762
138921  -11.769  -64.896  16.420 1.0000000000
20831  -20.687  -68.269  22.773 0.5000000000
20832  -21.618  -68.109  22.789 0.6999999881
19852  -21.801  -69.196  21.540 0.8000000119
18838  -22.142  -69.688  20.783 0.8000000119
24968  -11.298  -64.127  16.524 1.0000000000
20833  -22.429  -67.727  22.543 0.8000000119
20839  -22.829  -68.063  21.743 0.8000000119
23841  -13.668  -64.406  17.042 1.0000000000
23840  -12.755  -64.785  16.549 1.0000000000
23843  -15.347  -64.756  17.134 1.0000000000
22830  -16.273  -65.487  17.116 1.0000000000
22831  -16.991  -65.309  17.337 1.0000000000
21828  -19.296  -66.340  17.624 1.0000000000
135815  -21.294  -66.809  18.057 1.0000000000
21820  -23.551  -66.378  17.703 1.0000000000
20887  -24.149  -67.636  17.585 0.8999999762
20867  -24.369  -67.595  18.778 0.8999999762
20850  -24.057  -67.502  20.038 0.8000000119
19854  -23.343  -68.294  20.706 0.8999999762
21826  -17.609  -65.941  17.356 1.0000000000
21827  -18.295  -66.551  17.395 1.0000000000
124848  -19.817  -67.286  17.625 1.0000000000
21829  -20.402  -66.623  17.880 1.0000000000
20884  -21.742  -68.292  17.772 1.0000000000
20886  -23.671  -67.755  17.570 0.8999999762
19889  -24.172  -68.085  17.813 0.8999999762
20866  -23.789  -68.102  19.533 0.8999999762
139485  -1.746  -60.927  20.973 0.4000000060
139315  -2.762  -60.731  20.345 0.4000000060
138967  -3.470  -60.564  21.107 0.5000000000
139687  -4.164  -61.029  21.986 0.5000000000
24830  -7.716  -63.660  24.956 0.1000000015
141156  -8.447  -63.637  25.297 0.2000000030
139316  -5.335  -61.084  21.633 0.6000000238
25995  -6.738  -61.943  22.532 0.6000000238
26015  -7.536  -62.218  22.261 0.6000000238
26017  -8.664  -62.743  22.466 0.6999999881
27291  -2.908  -61.927  15.670 0.5000000000
26108  -2.634  -62.192  16.216 0.5000000000
26107  -2.527  -62.564  16.750 0.6999999881
138164  -9.357  -62.807  22.864 0.6999999881
26019  -10.598  -63.184  22.395 0.6999999881
23839  -1.790  -62.606  17.615 0.6999999881
122060  -3.100  -62.577  17.812 0.6999999881
139672  -3.854  -62.338  17.733 0.8000000119
144936  -10.946  -62.887  23.230 0.8000000119
26020  -11.453  -63.034  22.673 0.6999999881
26001  -14.011  -62.822  23.355 0.6000000238
139020  -4.324  -62.776  17.431 0.8999999762
138990  -4.584  -62.218  17.652 0.8000000119
139704  -5.156  -61.667  17.740 1.0000000000
26023  -14.646  -62.817  22.850 0.6999999881
24857  -15.687  -63.547  22.883 0.6999999881
122001  -5.638  -61.576  17.687 1.0000000000
122466  -7.631  -62.967  17.286 1.0000000000
138920  -8.035  -62.765  17.280 0.8999999762
24876  -16.251  -63.535  22.158 0.6999999881
23778  -17.379  -64.749  21.515 0.6000000238
22769  -17.599  -65.534  21.778 0.5000000000
138954  -8.923  -63.141  17.044 0.8999999762
26109  -10.316  -63.068  16.809 1.0000000000
22756  -17.355  -66.017  22.497 0.5000000000
21769  -17.831  -66.445  22.375 0.5000000000
139147  -9.505  -63.461  16.933 1.0000000000
26110  -11.044  -63.399  16.732 1.0000000000
21757  -19.742  -67.302  23.751 0.5000000000
20822  -20.181  -67.759  23.274 0.5000000000
24958  -12.706  -63.951  17.121 1.0000000000
20823  -21.179  -67.700  23.432 0.5000000000
21772  -22.827  -66.962  22.982 0.8000000119
24937  -13.629  -63.585  17.697 1.0000000000
24959  -14.476  -63.872  17.640 1.0000000000
23844  -16.285  -64.592  17.409 1.0000000000
124705  -17.789  -65.109  17.532 1.0000000000
22833  -19.167  -65.317  17.730 1.0000000000
22834  -20.116  -65.737  17.939 1.0000000000
21818  -21.109  -66.069  18.154 1.0000000000
21819  -22.225  -66.428  18.161 1.0000000000
21821  -24.752  -66.289  17.949 0.8999999762
21811  -24.800  -66.728  18.398 0.8999999762
20851  -24.789  -66.838  19.548 0.8999999762
21783  -24.014  -66.979  21.675 0.8000000119
24961  -16.154  -63.532  17.826 1.0000000000
23846  -18.039  -64.212  17.623 1.0000000000
140270  -18.443  -64.949  17.650 1.0000000000
23848  -19.944  -64.746  17.978 1.0000000000
146104  -20.652  -64.659  18.166 1.0000000000
22820  -22.929  -65.485  18.253 1.0000000000
131450  -24.204  -64.629  18.066 0.8999999762
140365  -25.454  -64.998  18.525 0.8999999762
22798  -25.624  -65.414  20.311 0.8999999762
21795  -25.148  -66.281  20.415 0.8999999762
21774  -24.449  -66.161  22.018 0.6999999881
24963  -18.021  -63.379  17.739 1.0000000000
23825  -19.564  -63.743  17.970 1.0000000000
23826  -20.472  -64.021  18.193 1.0000000000
122508  -21.374  -64.502  18.416 1.0000000000
23828  -23.243  -64.561  18.406 1.0000000000
139378  -24.705  -63.658  18.243 0.8999999762
122762  -26.059  -63.863  19.572 0.8999999762
23807  -26.024  -64.427  20.309 0.8999999762
22785  -25.828  -64.786  21.222 0.8000000119
25992  -3.798  -61.916  23.223 0.1000000015
25964  -5.237  -62.683  23.941 0.3000000119
25965  -6.219  -62.587  23.660 0.1000000015
24829  -6.783  -63.357  24.580 0.1000000015
25994  -5.666  -61.769  22.855 0.4000000060
131580  -7.163  -62.624  23.361 0.6000000238
25996  -8.085  -62.659  23.156 0.6000000238
147575  -9.579  -62.771  23.610 0.6999999881
131502  -10.056  -62.761  24.061 0.5000000000
25970  -11.349  -63.071  24.508 0.4000000060
26098  -2.513  -62.080  17.165 0.6000000238
138957  -1.943  -62.351  18.001 0.6999999881
122072  -3.686  -61.493  18.421 0.8000000119
139015  -4.756  -61.633  17.920 0.8000000119
25999  -11.688  -62.887  23.634 0.6000000238
25973  -13.933  -63.181  24.030 0.6000000238
26078  -1.867  -62.206  17.978 0.6999999881
139718  -1.398  -61.844  18.655 0.6999999881
138989  -2.556  -61.743  18.784 0.8000000119
139769  -4.825  -61.072  18.265 0.8999999762
142229  -15.104  -63.306  23.382 0.6999999881
122010  -4.944  -60.350  18.788 0.8999999762
121523  -6.255  -61.480  17.651 0.8999999762
26101  -8.602  -62.510  17.167 0.8999999762
24967  -9.288  -62.943  16.933 0.8999999762
23764  -16.330  -64.275  22.526 0.6000000238
26102  -9.212  -62.329  17.099 1.0000000000
140672  -9.713  -62.822  16.903 0.8999999762
22768  -16.988  -65.113  22.248 0.5000000000
21755  -17.492  -66.787  23.176 0.5000000000
128613  -10.803  -62.793  17.251 1.0000000000
26104  -11.578  -63.122  17.378 1.0000000000
124299  -19.422  -66.914  24.153 0.5000000000
26084  -12.178  -62.896  18.064 1.0000000000
26105  -12.887  -63.214  17.908 1.0000000000
21737  -21.219  -66.452  24.360 0.5000000000
21773  -23.576  -66.416  22.600 0.6999999881
26085  -13.670  -62.836  18.326 1.0000000000
24938  -14.306  -63.202  18.068 1.0000000000
22771  -24.112  -65.520  22.665 0.6000000238
24939  -15.185  -63.227  18.102 1.0000000000
129810  -15.994  -62.805  18.239 1.0000000000
24940  -16.807  -62.848  18.110 1.0000000000
24941  -17.694  -62.831  17.976 1.0000000000
23780  -25.992  -63.968  22.034 0.8000000119
22772  -24.879  -65.444  22.200 0.6999999881
124577  -17.371  -62.183  18.465 1.0000000000
24942  -18.458  -62.798  17.981 1.0000000000
24964  -18.685  -63.526  17.783 1.0000000000
24943  -19.253  -62.863  18.078 1.0000000000
121548  -22.054  -63.718  18.934 1.0000000000
24946  -24.770  -62.318  18.500 1.0000000000
145384  -25.490  -62.084  18.695 0.8999999762
23808  -26.321  -63.489  20.348 0.8000000119
23788  -26.393  -63.774  21.143 0.8000000119
26089  -18.963  -62.154  18.390 1.0000000000
139065  -3.036  -61.202  22.342 0.3000000119
122139  -4.750  -61.507  22.681 0.3000000119
25967  -8.520  -63.130  24.303 0.6000000238
24831  -9.272  -63.453  25.086 0.2000000030
25966  -7.659  -63.079  24.073 0.6000000238
25968  -9.385  -62.886  24.209 0.5000000000
25969  -10.543  -62.996  24.639 0.4000000060
28409  -3.019  -61.075  16.591 0.4000000060
27271  -2.766  -61.341  17.187 0.6000000238
27211  -2.786  -60.835  19.249 0.6999999881
24813  -11.822  -63.373  25.145 0.4000000060
27282  -2.890  -61.585  16.138 0.5000000000
133056  -2.764  -61.659  16.639 0.6000000238
27252  -2.644  -61.341  17.967 0.6999999881
139770  -2.616  -60.859  19.335 0.8000000119
139585  -3.609  -60.297  19.757 0.8000000119
139780  -4.118  -60.239  19.122 0.8999999762
26057  -6.131  -60.458  18.288 0.8999999762
26080  -6.228  -60.696  18.117 0.8999999762
26058  -6.218  -61.122  17.791 0.8999999762
24956  -7.870  -62.028  17.322 0.8999999762
26103  -9.986  -62.394  17.275 1.0000000000
140697  -10.582  -62.336  17.829 1.0000000000
26083  -11.368  -62.580  18.164 1.0000000000
27260  -12.083  -62.524  18.751 1.0000000000
26059  -12.854  -62.576  18.622 1.0000000000
26086  -14.535  -62.592  18.553 1.0000000000
26087  -15.416  -62.389  18.624 1.0000000000
26061  -15.594  -61.687  19.240 1.0000000000
26062  -16.399  -62.114  18.679 1.0000000000
24878  -26.076  -62.467  22.864 0.8000000119
24877  -25.609  -61.711  23.767 0.6999999881
27239  -16.415  -61.492  19.217 1.0000000000
141163  -17.911  -61.645  18.754 1.0000000000
26088  -18.185  -62.176  18.377 1.0000000000
26090  -19.791  -62.221  18.588 1.0000000000
26064  -20.836  -62.337  18.893 1.0000000000
122486  -21.675  -62.869  19.088 1.0000000000
26066  -22.595  -61.343  19.827 1.0000000000
24923  -25.168  -60.585  19.293 1.0000000000
124086  -26.164  -59.986  20.141 0.8000000119
24895  -26.270  -60.993  22.972 0.8000000119
28402  -3.129  -60.522  17.287 0.5000000000
28392  -3.187  -60.110  18.128 0.5000000000
27231  -2.844  -60.810  18.628 0.6999999881
127887  -3.145  -60.404  18.957 0.6000000238
28325  -3.861  -60.006  20.132 0.8000000119
28410  -3.538  -60.548  16.386 0.4000000060
28328  -5.006  -59.900  19.162 0.8999999762
27272  -7.725  -61.483  17.521 1.0000000000
126578  -8.705  -61.321  17.867 1.0000000000
27274  -9.295  -61.761  17.560 1.0000000000
27258  -9.993  -61.918  18.100 1.0000000000
27236  -12.533  -61.970  19.414 1.0000000000
129735  -13.801  -61.981  19.125 1.0000000000
26060  -14.809  -62.016  19.011 1.0000000000
27238  -14.707  -61.536  19.565 1.0000000000
28382  -16.116  -61.116  19.694 1.0000000000
28383  -16.781  -61.050  19.488 1.0000000000
27240  -17.206  -61.456  19.034 1.0000000000
27241  -18.098  -61.007  19.206 1.0000000000
27261  -18.716  -61.422  18.853 1.0000000000
127244  -18.822  -60.671  19.315 1.0000000000
27262  -19.439  -61.618  18.846 1.0000000000
26063  -20.217  -61.534  19.130 1.0000000000
26065  -21.828  -62.067  19.473 1.0000000000
134533  -23.340  -60.575  20.259 0.8999999762
28359  -17.594  -59.904  19.936 0.8999999762
28385  -18.386  -60.160  19.643 1.0000000000
28386  -19.316  -60.145  19.702 1.0000000000
27242  -19.588  -60.907  19.356 1.0000000000
27243  -20.589  -60.883  19.575 1.0000000000
27220  -21.566  -60.934  19.633 1.0000000000
27221  -22.508  -60.918  19.858 0.8999999762
29496  -24.516  -59.474  21.086 0.8999999762
28361  -19.897  -59.705  19.759 1.0000000000
29552  -3.624  -59.855  17.037 0.4000000060
128950  -3.813  -59.908  19.943 0.8000000119
28351  -5.302  -59.666  19.235 0.8999999762
29563  -3.912  -59.856  16.365 0.2000000030
27232  -5.985  -60.119  18.741 0.8999999762
27256  -7.274  -61.000  17.776 1.0000000000
28421  -3.784  -60.869  15.538 0.3000000119
27234  -10.071  -61.670  19.219 1.0000000000
129231  -14.025  -61.327  19.979 1.0000000000
27219  -15.335  -61.115  19.890 1.0000000000
140120  -15.834  -60.660  20.114 0.8999999762
28358  -16.670  -60.432  19.943 0.8999999762
141830  -23.910  -59.683  19.597 0.8999999762
141654  -18.293  -59.510  19.946 0.8999999762
28360  -19.017  -59.495  19.889 0.8999999762
29518  -20.448  -59.528  19.574 1.0000000000
29519  -21.810  -59.891  19.561 0.8999999762
28363  -22.229  -60.595  19.680 0.8999999762
147079  -3.442  -59.808  17.694 0.5000000000
30743  -4.158  -59.285  16.765 0.3000000119
28378  -7.098  -60.102  18.976 0.8000000119
28394  -7.544  -60.617  18.313 1.0000000000
30719  -3.835  -59.106  17.656 0.3000000119
28395  -8.445  -60.869  18.623 0.8000000119
27233  -9.286  -61.418  18.408 1.0000000000
28380  -9.252  -61.100  19.464 0.8999999762
27235  -10.909  -61.858  19.459 1.0000000000
27216  -12.595  -61.373  20.310 0.8000000119
27215  -11.619  -61.620  20.017 1.0000000000
28355  -11.917  -61.130  20.879 0.6999999881
27237  -13.278  -61.510  19.851 1.0000000000
27217  -13.427  -61.107  20.589 0.8000000119
27218  -14.222  -60.837  20.675 0.8000000119
140735  -14.677  -61.070  20.126 0.8999999762
29513  -15.958  -60.021  20.469 0.8000000119
29514  -16.861  -59.516  20.311 0.8999999762
29515  -17.787  -59.147  20.236 0.8999999762
138515  -18.749  -58.393  20.115 1.0000000000
29517  -19.355  -58.926  19.826 1.0000000000
30665  -19.781  -58.854  19.506 1.0000000000
30666  -21.211  -59.053  19.085 0.8999999762
30689  -23.203  -58.875  19.476 0.8999999762
30664  -18.944  -58.259  19.925 1.0000000000
31878  -19.241  -58.132  19.450 0.8999999762
31879  -20.340  -58.538  18.846 0.8999999762
29530  -3.935  -59.069  18.894 0.4000000060
28349  -3.920  -59.692  19.348 0.4000000060
132841  -4.544  -59.245  19.308 0.5000000000
28377  -6.525  -59.953  18.939 0.6999999881
30701  -4.035  -58.763  18.477 0.3000000119
29509  -5.375  -59.022  19.528 0.6000000238
29533  -6.787  -59.458  19.785 0.6999999881
28379  -7.776  -60.334  19.326 0.6999999881
28352  -8.541  -60.625  19.868 0.8000000119
28381  -9.912  -61.209  20.074 0.6999999881
27214  -10.657  -61.460  20.089 0.6999999881
28354  -10.331  -60.965  20.946 0.6999999881
135236  -11.163  -61.205  20.672 0.6999999881
28356  -12.745  -60.924  21.132 0.6999999881
28333  -13.537  -60.536  21.379 0.8000000119
28334  -14.406  -60.178  21.142 0.8000000119
28335  -15.222  -59.781  21.000 0.8000000119
29495  -16.066  -59.131  20.953 0.8000000119
30662  -17.184  -58.549  20.667 0.8999999762
30663  -18.143  -58.396  20.349 0.8999999762
30637  -18.421  -57.880  20.292 0.8999999762
31877  -18.488  -57.676  20.103 0.8999999762
31900  -20.087  -57.891  18.548 0.6999999881
33089  -19.145  -57.528  18.811 0.8000000119
29531  -4.467  -58.947  19.219 0.3000000119
30682  -4.387  -58.684  18.955 0.3000000119
30654  -5.191  -58.467  19.586 0.3000000119
138691  -6.128  -58.897  19.793 0.6999999881
30684  -5.452  -57.665  19.729 0.3000000119
127340  -5.975  -58.371  19.988 0.4000000060
29535  -7.982  -59.982  20.515 0.6999999881
28353  -9.265  -60.742  20.607 0.6999999881
132274  -11.227  -60.854  21.406 0.6999999881
28330  -10.469  -60.600  22.007 0.6999999881
28331  -12.054  -60.682  21.643 0.6999999881
28332  -12.770  -60.512  21.768 0.6999999881
28310  -12.226  -60.191  22.322 0.6000000238
29492  -13.098  -60.071  22.151 0.6999999881
29475  -14.122  -59.134  22.040 0.6999999881
29494  -14.583  -59.488  21.477 0.8000000119
30633  -14.779  -58.800  21.675 0.6999999881
30635  -16.393  -58.134  21.192 0.6999999881
128619  -17.160  -57.744  21.001 0.6999999881
31856  -17.602  -57.140  20.966 0.6999999881
31857  -18.068  -57.308  20.528 0.6999999881
33068  -18.055  -56.989  20.296 0.6999999881
33069  -18.623  -57.520  19.759 0.8000000119
34149  -18.007  -56.304  19.040 0.6999999881
33099  -18.829  -56.757  18.351 0.6999999881
30655  -5.922  -57.625  20.202 0.6000000238
148538  -8.621  -60.384  20.614 0.6999999881
29511  -7.306  -59.163  20.860 0.6000000238
29512  -8.662  -60.015  21.424 0.6999999881
28329  -9.598  -60.467  21.712 0.6999999881
29489  -7.848  -59.245  21.583 0.5000000000
145727  -9.864  -60.271  22.551 0.4000000060
28309  -11.328  -60.449  22.289 0.6000000238
29472  -11.468  -59.805  23.178 0.5000000000
29473  -12.544  -59.566  22.813 0.6000000238
29474  -13.382  -59.367  22.431 0.6000000238
30616  -14.367  -58.471  22.086 0.6000000238
31854  -15.732  -57.601  21.586 0.6000000238
31855  -16.700  -57.116  21.318 0.6999999881
33051  -17.809  -56.776  20.754 0.6999999881
137704  -17.156  -55.857  21.110 0.5000000000
34132  -17.810  -56.308  20.118 0.6999999881
34148  -17.480  -55.595  19.809 0.5000000000
34157  -18.284  -55.990  18.145 0.5000000000
30656  -6.569  -57.788  20.772 0.5000000000
31870  -5.922  -57.058  20.285 0.1000000015
31871  -6.426  -57.072  20.794 0.4000000060
31848  -6.892  -57.194  21.232 0.3000000119
29491  -9.088  -59.653  22.530 0.4000000060
144225  -9.757  -59.794  23.120 0.4000000060
30612  -8.176  -57.738  22.550 0.2000000030
140297  -10.282  -59.306  23.667 0.3000000119
30613  -8.885  -57.991  23.337 0.1000000015
29456  -11.190  -59.052  23.898 0.2000000030
30614  -12.966  -58.932  23.181 0.4000000060
30615  -13.696  -58.524  22.584 0.6000000238
30600  -9.699  -58.264  23.873 0.1000000015
30602  -11.524  -58.295  24.199 0.3000000119
31837  -13.614  -57.631  22.895 0.5000000000
33048  -15.892  -56.649  21.805 0.5000000000
33034  -15.145  -56.225  22.296 0.5000000000
33050  -17.358  -56.478  21.089 0.6000000238
34118  -15.959  -55.590  21.943 0.5000000000
34103  -16.208  -54.862  21.706 0.5000000000
34131  -17.374  -55.664  20.465 0.6000000238
35126  -16.535  -53.977  20.606 0.5000000000
35143  -17.152  -54.806  19.295 0.4000000060
35151  -17.386  -54.751  18.228 0.3000000119
34165  -17.902  -55.283  17.806 0.5000000000
35159  -18.399  -54.720  17.417 0.2000000030
36166  -16.310  -53.482  20.115 0.3000000119
36181  -16.789  -54.012  19.862 0.4000000060
36189  -16.920  -53.959  18.735 0.3000000119
144472  -17.249  -54.087  17.757 0.2000000030
33019  -10.616  -56.575  24.441 0.1000000015
33001  -11.220  -56.262  24.696 0.1000000015
33002  -11.910  -56.629  24.456 0.2000000030
31814  -11.211  -57.281  24.500 0.2000000030
31828  -12.159  -57.545  24.202 0.3000000119
33032  -13.358  -56.824  23.220 0.4000000060
133188  -14.528  -55.900  22.717 0.4000000060
34101  -15.117  -55.216  22.516 0.4000000060
34102  -15.739  -54.796  22.116 0.4000000060
35102  -15.850  -54.196  21.720 0.3000000119
37206  -15.994  -53.494  20.713 0.4000000060
37235  -16.040  -53.017  19.388 0.2000000030
138411  -16.495  -53.323  18.755 0.2000000030
126772  -10.473  -55.867  24.269 0.1000000015
34072  -11.773  -55.667  24.558 0.2000000030
129224  -12.650  -56.815  23.896 0.2000000030
34071  -11.161  -55.586  24.722 0.1000000015
143912  -12.404  -56.120  24.187 0.2000000030
34091  -13.368  -55.281  23.435 0.3000000119
34092  -14.288  -55.224  23.064 0.4000000060
136610  -14.574  -53.938  22.649 0.3000000119
36144  -15.079  -53.628  22.017 0.3000000119
37205  -15.284  -53.036  20.857 0.3000000119
37219  -15.733  -53.047  20.197 0.3000000119
37217  -14.685  -52.461  20.611 0.2000000030
38325  -14.789  -52.196  19.930 0.2000000030
37241  -16.165  -52.879  18.162 0.2000000030
38340  -14.981  -51.987  19.210 0.2000000030
38312  -13.981  -52.236  21.013 0.2000000030
38324  -14.139  -51.855  20.272 0.2000000030
38346  -14.533  -51.433  18.726 0.2000000030
39411  -13.502  -51.167  19.855 0.2000000030
39427  -13.864  -51.046  19.100 0.2000000030
39426  -13.224  -50.680  19.246 0.2000000030
39425  -12.577  -50.473  19.615 0.1000000015
39409  -11.862  -50.561  20.198 0.2000000030
39408  -11.031  -50.499  20.310 0.1000000015
40392  -11.829  -50.050  19.565 0.1000000015
40391  -11.219  -50.002  19.726 0.1000000015
127258  -5.127  -95.919  15.083 0.3000000119
94  -9.891  -95.692  15.990 0.3000000119
33018  -10.057  -56.672  23.849 0.1000000015
33017  -9.731  -57.004  23.240 0.1000000015
321  -1.154  -94.496  13.440 0.5000000000
324  -6.946  -94.463  14.273 0.6000000238
491  -7.761  -94.198  15.228 0.3000000119
136891  -5.170  -95.822  14.169 0.4000000060
115  -5.851  -95.498  13.898 0.4000000060
104  -5.899  -95.153  14.770 0.3000000119
300  -6.433  -94.991  15.193 0.3000000119
116  -7.030  -95.187  13.427 0.6000000238
131  -8.326  -95.726  12.452 0.6000000238
326  -8.793  -94.587  12.856 0.8000000119
122555  -10.926  -93.082  11.866 0.8000000119
139263  -11.449  -93.272  9.995 0.8999999762
1385  -0.894  -91.735  5.880 1.0000000000
172  -7.090  -96.099  9.798 0.8999999762
122210  -13.870  -88.509  11.049 0.6000000238
139276  -11.303  -94.508  8.712 0.8999999762
139675  -13.401  -90.053  8.994 0.6000000238
121299  -11.607  -92.086  8.649 1.0000000000
139388  -14.137  -89.922  8.575 0.6000000238
122089  -12.066  -91.189  7.120 0.6999999881
1851  -3.127  -90.806  10.384 1.0000000000
194  -8.422  -95.561  7.415 1.0000000000
121318  -10.278  -92.916  6.270 1.0000000000
1399  -10.044  -91.006  6.148 1.0000000000
360  -5.645  -94.225  9.920 1.0000000000
5226  -1.034  -84.882  -4.947 0.6999999881
3802  -0.593  -86.662  -2.857 0.8000000119
3803  -1.093  -86.970  -3.149 0.6999999881
3818  -2.173  -86.961  -4.196 0.6000000238
3130  -1.834  -88.279  -2.419 0.8999999762
2497  -0.115  -88.480  0.539 1.0000000000
1957  -0.981  -89.644  0.565 1.0000000000
1902  -10.307  -90.144  5.113 0.8000000119
1911  -11.990  -89.973  4.643 0.6000000238
771  -4.970  -93.903  9.175 1.0000000000
3743  0.385  -87.172  0.300 1.0000000000
561  -5.326  -94.110  7.340 1.0000000000
135599  0.118  -87.864  0.582 1.0000000000
377  -8.554  -94.596  5.795 1.0000000000
121314  -9.019  -94.438  5.570 1.0000000000
788  -9.267  -93.289  4.912 1.0000000000
141477  -11.571  -89.654  4.257 0.8000000119
1026  -11.593  -91.626  3.024 0.6000000238
1434  -3.594  -90.912  0.823 0.8999999762
1916  -10.456  -90.006  2.880 0.8000000119
1927  -12.328  -89.806  2.963 0.5000000000
123305  -11.713  -91.841  2.099 0.5000000000
1037  -12.529  -90.570  2.404 0.6000000238
1425  -12.844  -89.999  2.088 0.5000000000
2373  -6.425  -89.544  10.887 1.0000000000
998  -5.053  -92.699  8.065 1.0000000000
1002  -4.423  -92.879  6.602 1.0000000000
1045  -6.959  -91.645  0.955 1.0000000000
1925  -10.980  -89.931  2.148 0.6999999881
1451  -11.210  -90.475  -0.451 0.6000000238
132938  -6.458  -90.194  10.996 1.0000000000
1853  -6.276  -90.959  10.921 1.0000000000
1363  -5.873  -91.557  9.085 1.0000000000
10151  -3.557  -80.626  -5.214 0.6000000238
128533  -5.868  -80.421  -0.268 1.0000000000
2389  -8.242  -88.973  9.665 1.0000000000
2388  -7.240  -89.816  9.425 1.0000000000
1877  -5.987  -90.919  8.403 1.0000000000
2428  -6.360  -89.955  5.907 1.0000000000
3016  -8.871  -88.275  8.504 1.0000000000
10908  -1.070  -79.517  8.219 0.4000000060
11761  1.100  -77.578  7.281 0.8000000119
139361  -0.066  -75.728  7.364 0.8999999762
127652  -5.689  -83.926  7.521 1.0000000000
11063  -5.964  -78.579  -6.975 0.2000000030
6681  -6.210  -82.896  9.841 1.0000000000
6694  -5.822  -83.307  8.087 1.0000000000
13468  1.582  -74.756  9.733 0.6000000238
10953  -1.782  -78.288  0.804 0.8000000119
139005  -2.834  -75.363  9.314 1.0000000000
121419  -9.283  -81.494  12.082 1.0000000000
16165  1.028  -72.464  11.310 0.8999999762
9181  -10.530  -80.823  10.380 1.0000000000
9189  -10.745  -80.516  9.295 1.0000000000
17103  0.463  -71.844  11.667 0.8999999762
11763  -7.353  -77.998  7.809 1.0000000000
14399  -2.443  -75.330  0.673 0.5000000000
17093  -5.159  -71.728  12.654 1.0000000000
18009  -0.528  -70.703  12.686 0.8999999762
17090  -2.786  -71.335  12.550 1.0000000000
121433  -9.750  -77.158  9.251 1.0000000000
14379  -1.212  -74.946  2.364 0.8000000119
17073  -2.563  -70.814  12.934 1.0000000000
147503  -7.817  -75.441  9.331 1.0000000000
148607  -10.757  -76.862  10.245 1.0000000000
13486  -0.832  -74.793  4.859 0.8999999762
14353  -1.247  -74.855  5.690 1.0000000000
17999  -3.785  -70.347  13.598 1.0000000000
14363  -0.694  -74.254  4.856 0.8999999762
15152  -12.778  -73.937  13.326 1.0000000000
121458  -0.684  -73.314  6.498 1.0000000000
15187  -5.677  -73.323  10.167 1.0000000000
16310  -2.687  -72.836  1.479 0.3000000119
16157  -12.008  -72.805  12.539 1.0000000000
121463  -0.668  -72.912  6.731 1.0000000000
121466  -0.725  -72.548  7.557 1.0000000000
18073  -0.588  -71.310  7.959 0.8999999762
17151  -0.856  -71.763  8.674 0.8999999762
16195  -2.642  -72.379  9.032 1.0000000000
18055  -1.772  -71.032  10.078 0.8999999762
18045  -4.886  -70.971  10.717 1.0000000000
17125  -6.100  -72.082  10.919 1.0000000000
133799  0.121  -65.822  18.399 0.6000000238
17135  -0.585  -71.096  8.514 0.8999999762
142356  -1.538  -66.089  16.823 0.8999999762
139136  -9.645  -72.041  21.205 1.0000000000
122179  -10.278  -70.800  17.285 1.0000000000
139230  -10.210  -69.998  15.997 1.0000000000
136895  -0.747  -69.298  10.413 0.8000000119
18022  -1.522  -69.955  10.916 0.8999999762
18044  -3.408  -70.590  10.603 0.8999999762
137294  -3.671  -69.948  11.229 0.8999999762
18025  -5.156  -70.389  11.178 0.8999999762
19967  -0.932  -68.551  11.717 0.8999999762
19969  -2.592  -69.083  12.005 1.0000000000
18947  -4.839  -69.323  12.214 1.0000000000
20000  -1.829  -68.642  8.001 0.4000000060
122733  -7.770  -70.269  20.742 1.0000000000
20964  -1.484  -67.834  9.519 0.6999999881
19946  -5.604  -68.211  13.370 1.0000000000
19948  -7.437  -68.623  13.660 1.0000000000
22861  -1.052  -66.427  13.001 0.8000000119
21858  -2.893  -66.193  14.399 0.8999999762
139655  -9.004  -68.815  18.186 1.0000000000
139686  -6.564  -67.567  22.577 1.0000000000
139135  -7.893  -70.547  20.299 1.0000000000
20913  -5.862  -66.804  14.958 1.0000000000
122429  -7.006  -67.337  15.852 1.0000000000
122536  -8.610  -68.380  17.319 1.0000000000
139353  -9.511  -70.099  19.294 1.0000000000
122652  -8.820  -70.778  20.085 1.0000000000
139354  -8.357  -70.163  22.055 1.0000000000
145697  -8.883  -68.048  17.895 1.0000000000
122693  -12.104  -69.134  21.780 1.0000000000
122810  -12.673  -68.631  22.605 1.0000000000
121529  -12.843  -69.009  21.761 1.0000000000
20836  -15.077  -67.764  21.755 0.8999999762
19861  -16.138  -69.171  20.821 0.8999999762
18855  -16.417  -69.930  20.336 1.0000000000
122116  -13.331  -69.174  20.689 1.0000000000
18854  -15.507  -69.673  20.569 1.0000000000
146598  -7.737  -68.375  22.783 1.0000000000
136061  -1.568  -65.186  13.905 0.8999999762
122513  -10.322  -66.468  22.457 1.0000000000
139566  -5.980  -64.997  16.831 1.0000000000
147178  -6.757  -65.794  16.823 1.0000000000
138884  -7.306  -65.896  17.029 1.0000000000
22795  -12.925  -66.164  20.747 1.0000000000
21791  -15.357  -67.138  21.013 1.0000000000
20845  -16.571  -68.384  20.424 0.8999999762
20863  -17.804  -67.945  19.987 1.0000000000
121992  -10.049  -66.748  18.302 1.0000000000
17952  -17.760  -71.164  17.900 1.0000000000
18886  -16.311  -70.154  18.042 1.0000000000
17943  -20.206  -70.831  18.375 1.0000000000
23861  -1.886  -64.632  14.446 0.8999999762
139711  -7.810  -65.483  21.500 1.0000000000
138988  -8.229  -65.765  21.643 1.0000000000
139703  -8.541  -65.902  21.700 1.0000000000
23871  -1.796  -64.626  13.810 0.8999999762
121522  -3.149  -64.859  15.474 0.8999999762
140765  -1.996  -64.283  15.014 0.8999999762
22806  -12.045  -65.885  20.081 1.0000000000
123844  -11.860  -65.259  19.317 1.0000000000
139762  -6.822  -65.132  17.094 1.0000000000
23818  -14.041  -65.515  19.357 0.8999999762
22807  -14.612  -66.016  19.559 1.0000000000
21806  -14.960  -66.507  19.969 0.8999999762
21807  -15.795  -66.656  19.879 0.8999999762
20865  -18.961  -68.302  20.424 0.8999999762
139336  -11.052  -66.106  17.508 1.0000000000
19913  -14.823  -68.103  16.967 1.0000000000
18895  -17.420  -70.221  17.582 1.0000000000
132965  -19.141  -70.238  17.553 1.0000000000
20899  -14.997  -67.507  16.602 1.0000000000
18898  -20.721  -70.001  17.696 1.0000000000
140695  -4.868  -63.159  19.532 0.8999999762
122039  -6.191  -63.853  19.435 0.8999999762
25021  -2.944  -64.056  12.289 0.6000000238
26124  -2.309  -63.420  15.230 0.8999999762
122166  -3.013  -64.145  15.925 0.8999999762
121519  -11.085  -64.930  19.108 1.0000000000
24903  -11.240  -64.363  19.310 1.0000000000
23803  -14.524  -64.573  19.618 0.6999999881
23820  -16.099  -65.092  19.716 0.8000000119
22809  -16.468  -65.856  19.733 0.8999999762
22811  -18.034  -66.213  20.261 1.0000000000
121515  -10.708  -65.143  16.812 1.0000000000
21848  -15.999  -66.751  16.747 1.0000000000
124049  -20.876  -67.561  17.807 1.0000000000
147944  -3.652  -62.229  19.177 0.8000000119
138933  -7.276  -62.641  19.466 0.8000000119
24886  -9.005  -63.308  19.878 1.0000000000
24966  -2.498  -62.939  16.597 0.8999999762
24872  -11.099  -63.526  21.429 0.8000000119
24889  -11.584  -63.637  20.197 0.8999999762
24890  -12.534  -63.569  20.757 0.8000000119
144784  -13.851  -62.931  21.867 0.6999999881
139781  -7.188  -63.466  17.363 1.0000000000
24907  -15.054  -63.592  20.657 0.6999999881
22796  -17.945  -65.415  20.501 0.6999999881
23805  -16.746  -64.328  20.568 0.6999999881
21792  -18.342  -66.695  20.588 0.8000000119
21793  -18.766  -67.361  20.966 0.6999999881
19845  -21.230  -68.751  22.211 0.6999999881
23855  -14.797  -65.180  16.761 1.0000000000
144674  -17.332  -67.551  17.199 1.0000000000
19882  -23.860  -68.309  18.525 0.8999999762
20885  -22.763  -67.995  17.758 1.0000000000
122098  -5.397  -60.954  20.505 0.6999999881
26016  -8.177  -62.531  21.772 0.8000000119
122819  -8.664  -62.858  21.199 0.8000000119
26018  -9.815  -63.263  22.056 0.8000000119
24955  -2.192  -62.845  17.143 0.6999999881
139022  -3.015  -62.797  17.703 0.6999999881
139720  -3.686  -62.888  17.448 0.8999999762
26021  -12.371  -62.853  22.903 0.6999999881
128550  -13.265  -62.782  23.113 0.6000000238
26036  -14.517  -62.844  22.109 0.6999999881
26037  -15.240  -62.945  22.276 0.6999999881
24894  -16.507  -63.679  21.445 0.6999999881
138917  -6.838  -62.942  17.349 1.0000000000
23777  -16.795  -64.227  21.791 0.6999999881
21770  -18.379  -66.954  22.473 0.6000000238
20824  -22.062  -67.386  23.277 0.6000000238
19846  -22.059  -68.542  22.089 0.8000000119
19853  -22.485  -68.957  21.310 0.8000000119
24969  -12.022  -64.327  16.572 1.0000000000
20834  -23.188  -67.290  22.185 0.8000000119
20840  -23.457  -67.621  21.479 0.8000000119
23854  -14.022  -65.008  16.656 1.0000000000
23842  -14.627  -64.568  17.112 1.0000000000
24960  -15.367  -64.101  17.547 1.0000000000
22832  -18.426  -65.696  17.534 1.0000000000
21830  -21.993  -67.411  18.019 1.0000000000
21832  -23.978  -67.081  17.385 0.8999999762
22835  -24.277  -66.319  17.636 0.8999999762
22821  -23.937  -65.537  17.739 1.0000000000
20873  -24.419  -67.575  17.913 0.8999999762
21812  -25.379  -66.037  19.329 0.8999999762
126070  -23.858  -67.470  20.953 0.8000000119
21794  -24.458  -66.961  20.683 0.8000000119
25997  -8.939  -62.768  23.479 0.6000000238
28420  -3.224  -61.272  15.940 0.3000000119
138615  -10.171  -62.819  23.250 0.6999999881
26000  -12.682  -62.915  23.680 0.6000000238
145086  -13.422  -62.925  23.713 0.6000000238
24816  -14.006  -63.865  24.475 0.5000000000
24835  -14.594  -63.518  23.854 0.5000000000
24836  -15.158  -63.909  23.574 0.6000000238
23763  -15.824  -64.554  23.253 0.6999999881
122134  -6.929  -62.500  17.358 1.0000000000
139613  -7.035  -62.092  17.382 0.8999999762
21758  -20.733  -67.219  23.949 0.5000000000
21759  -21.685  -66.969  23.884 0.5000000000
23845  -17.264  -64.575  17.538 1.0000000000
22818  -20.851  -65.239  18.159 1.0000000000
22819  -21.823  -65.454  18.356 1.0000000000
122694  -24.807  -65.434  17.982 0.8999999762
22812  -25.739  -64.992  19.279 0.8999999762
22784  -25.222  -65.725  21.399 0.6999999881
24962  -17.195  -63.704  17.740 1.0000000000
23847  -18.942  -64.404  17.727 1.0000000000
24921  -21.104  -63.421  18.583 1.0000000000
23827  -22.386  -64.647  18.596 1.0000000000
130608  -23.860  -63.553  18.370 1.0000000000
121549  -25.756  -64.192  18.838 0.8999999762
22773  -25.418  -64.966  21.969 0.6999999881
24944  -20.167  -63.066  18.320 1.0000000000
24945  -22.883  -63.698  18.911 1.0000000000
134073  -26.007  -63.248  19.089 0.8999999762
25998  -10.801  -62.844  23.905 0.4000000060
138902  -3.317  -61.138  18.730 0.8000000119
139782  -3.899  -61.066  18.663 0.8999999762
25972  -13.038  -63.268  24.198 0.4000000060
129853  -16.402  -65.223  22.916 0.5000000000
23767  -24.772  -63.521  23.527 0.6999999881
24922  -22.551  -62.586  19.352 1.0000000000
24909  -23.556  -61.145  19.472 1.0000000000
129295  -23.665  -62.262  18.793 1.0000000000
27245  -25.605  -61.016  19.039 0.8999999762
24911  -26.502  -61.131  20.327 0.8000000119
24896  -26.731  -61.061  21.632 0.8000000119
24879  -26.517  -62.781  21.826 0.8000000119
146573  -9.876  -63.011  24.656 0.4000000060
28327  -4.175  -60.004  19.458 0.8000000119
129213  -10.723  -62.166  18.696 1.0000000000
123399  -21.146  -61.499  19.432 1.0000000000
24910  -25.012  -59.858  21.129 0.8000000119
26045  -23.544  -60.319  20.328 0.8999999762
143853  -25.921  -60.898  21.139 0.8000000119
28384  -17.465  -60.653  19.516 1.0000000000
27244  -22.029  -61.287  19.633 1.0000000000
28387  -20.095  -60.318  19.720 1.0000000000
28362  -20.955  -60.251  19.723 1.0000000000
29520  -23.327  -60.099  19.685 0.8999999762
27202  -23.837  -61.013  20.905 0.8999999762
28393  -7.004  -60.542  18.106 0.8999999762
28357  -15.100  -60.543  20.514 0.8000000119
29516  -18.606  -58.940  20.110 0.8999999762
29536  -22.559  -59.370  19.479 0.8999999762
31901  -21.010  -58.211  18.658 0.8000000119
29534  -7.221  -59.709  19.917 0.6999999881
29493  -13.893  -59.875  21.849 0.8000000119
129865  -15.209  -59.140  21.279 0.8000000119
30636  -17.818  -57.774  20.642 0.8000000119
29510  -6.626  -58.889  20.347 0.6999999881
30634  -15.496  -58.476  21.389 0.6999999881
31853  -14.953  -58.057  21.854 0.6000000238
33067  -17.594  -56.175  20.726 0.6000000238
33088  -18.400  -56.979  19.462 0.6999999881
143148  -18.930  -56.167  17.830 0.6000000238
29490  -8.297  -59.214  22.258 0.5000000000
29471  -10.489  -60.225  22.940 0.3000000119
29457  -12.084  -59.065  23.617 0.6000000238
31838  -14.306  -57.776  22.325 0.5000000000
31839  -15.071  -57.202  22.128 0.5000000000
33049  -16.650  -56.153  21.451 0.5000000000
34119  -16.651  -55.367  21.389 0.5000000000
34156  -17.627  -55.539  18.656 0.5000000000
35127  -17.034  -54.814  20.390 0.4000000060
30628  -7.194  -57.701  21.447 0.4000000060
30629  -7.640  -57.822  22.012 0.2000000030
31849  -7.506  -57.271  21.633 0.1000000015
29469  -8.425  -58.570  22.945 0.3000000119
29470  -9.255  -58.919  23.393 0.2000000030
138150  -8.277  -57.125  21.979 0.1000000015
30603  -12.494  -58.335  23.734 0.4000000060
30604  -13.136  -58.232  23.188 0.4000000060
31827  -10.293  -57.531  24.215 0.1000000015
147306  -10.867  -57.917  24.352 0.2000000030
31826  -9.623  -57.489  23.569 0.1000000015
31829  -12.924  -57.588  23.547 0.4000000060
33033  -14.242  -56.795  22.624 0.5000000000
35113  -16.567  -54.579  21.149 0.5000000000
35158  -17.743  -54.495  17.454 0.3000000119
36180  -16.532  -53.502  19.475 0.3000000119
33020  -13.042  -56.089  23.631 0.3000000119
33021  -13.819  -56.029  23.118 0.4000000060
35100  -14.659  -54.591  22.808 0.4000000060
35101  -15.225  -54.347  22.359 0.4000000060
36154  -15.603  -53.563  21.327 0.3000000119
37192  -15.029  -53.206  21.494 0.3000000119
37204  -14.588  -52.768  21.297 0.2000000030
37218  -15.206  -52.655  20.257 0.2000000030
37234  -15.418  -52.531  19.675 0.2000000030
38339  -14.340  -51.576  19.549 0.2000000030
40405  -12.062  -49.731  19.077 0.1000000015
40390  -10.676  -50.153  19.751 0.1000000015
40404  -11.368  -49.473  19.219 0.1000000015
129209  -9.062  -57.393  22.823 0.1000000015
934  -11.733  -92.370  14.938 0.3000000119
713  -10.348  -92.339  14.710 0.4000000060
941  -9.985  -91.630  14.247 0.5000000000
703  -9.234  -92.571  14.381 0.5000000000
948  -9.779  -91.638  13.907 0.5000000000
1316  -10.569  -90.993  14.177 0.4000000060
943  -12.170  -91.469  14.740 0.4000000060
1326  -10.526  -90.757  13.816 0.5000000000
1371  1.311  -91.102  8.790 0.6999999881
1362  1.158  -91.429  9.462 0.8000000119
1383  0.853  -90.918  6.995 0.8000000119
1376  1.026  -91.164  7.982 0.8000000119
989  0.722  -91.637  8.732 0.6999999881
975  0.887  -91.952  10.871 0.6999999881
981  0.110  -92.284  9.071 0.6999999881
744  0.287  -92.502  10.498 0.6999999881
136256  0.300  -92.232  9.763 0.6999999881
135406  -9.462  -94.248  15.527 0.3000000119
1318  -12.560  -90.581  14.534 0.4000000060
139558  -10.073  -92.806  12.480 0.6000000238
720  -9.727  -92.069  13.219 0.6000000238
136271  -12.037  -89.871  14.252 0.5000000000
728  -10.469  -91.773  12.351 0.6000000238
135637  1.713  -90.677  9.026 0.6999999881
1361  1.761  -90.948  9.738 0.6999999881
974  1.346  -91.458  10.321 0.6000000238
121305  -11.199  -90.059  12.390 0.6999999881
144111  -10.881  -90.112  13.266 0.5000000000
122901  -12.684  -89.285  13.854 0.6000000238
121317  -11.706  -89.180  13.119 0.6000000238
122713  -12.835  -88.577  12.160 0.6000000238
1883  1.764  -89.993  7.937 0.6999999881
1375  1.415  -90.435  7.534 0.6999999881
1370  1.557  -90.589  8.327 0.6999999881
121326  -12.226  -89.648  11.264 0.6999999881
2414  1.804  -89.444  7.496 0.4000000060
1895  1.729  -89.635  5.975 0.6999999881
1896  1.109  -90.021  5.600 0.6999999881
2436  1.573  -89.355  5.122 0.6999999881
3031  2.307  -88.291  5.816 0.6000000238
2449  1.769  -88.864  4.276 0.8999999762
3065  1.762  -88.381  3.475 0.8999999762
3047  2.326  -88.069  5.129 0.8000000119
5078  2.154  -85.619  5.787 0.6999999881
4373  2.349  -86.243  5.037 0.8999999762
124279  2.152  -87.518  3.613 0.8999999762
3066  1.230  -88.558  2.937 0.8999999762
126643  2.132  -85.365  4.709 0.8999999762
4399  2.201  -86.533  3.453 0.8999999762
5107  2.137  -85.538  3.626 0.8999999762
5870  2.077  -84.823  5.375 0.6999999881
2523  -3.503  -89.254  -2.168 0.6000000238
2528  -4.563  -89.160  -2.888 0.6000000238
142100  -4.716  -89.525  -2.216 0.6999999881
2529  -5.326  -89.177  -3.185 0.5000000000
130176  -5.450  -89.692  -2.127 0.6999999881
1981  -6.622  -89.613  -2.941 0.4000000060
1969  -6.252  -89.834  -2.185 0.6000000238
1471  -6.632  -90.301  -1.618 0.8000000119
1473  -8.403  -90.553  -1.772 0.8000000119
22890  -1.464  -65.973  11.965 0.6000000238
22901  -1.795  -66.091  11.116 0.4000000060
23888  -2.022  -64.472  12.948 0.6000000238
23907  -2.438  -64.732  11.926 0.4000000060
22891  -2.062  -65.391  11.488 0.5000000000
23924  -2.814  -64.961  11.062 0.4000000060
24812  -10.974  -63.278  25.291 0.2000000030
24794  -11.474  -63.523  25.995 0.1000000015
24814  -12.306  -63.751  25.847 0.1000000015
24795  -12.786  -64.264  26.126 0.1000000015
131953  -12.901  -63.935  25.366 0.1000000015
23735  -13.295  -64.757  25.636 0.1000000015
25971  -12.198  -63.180  24.352 0.3000000119
23736  -13.970  -64.534  24.885 0.2000000030
23745  -14.581  -64.242  24.185 0.3000000119
26115  -2.661  -62.701  15.497 0.5000000000
26126  -3.223  -62.594  14.376 0.4000000060
24793  -10.501  -63.608  26.175 0.2000000030
22734  -14.582  -65.360  24.481 0.1000000015
23746  -15.230  -64.992  23.859 0.3000000119
22754  -16.076  -65.969  23.632 0.4000000060
139888  -16.810  -66.976  23.774 0.3000000119
130137  -18.109  -67.149  23.715 0.4000000060
148066  -18.131  -66.977  23.005 0.4000000060
21735  -18.772  -66.906  24.226 0.3000000119
21756  -18.813  -67.221  23.463 0.4000000060
22737  -19.551  -66.283  24.717 0.3000000119
125755  -15.366  -67.209  24.864 0.1000000015
21733  -16.127  -67.068  24.380 0.1000000015
22725  -17.561  -66.872  25.255 0.1000000015
21734  -17.458  -67.176  23.955 0.3000000119
124582  -18.097  -65.879  25.917 0.2000000030
142033  -18.370  -66.262  25.264 0.2000000030
21728  -17.967  -67.021  24.480 0.3000000119
146748  -18.686  -65.551  25.714 0.2000000030
22726  -19.097  -65.800  25.274 0.3000000119
22727  -19.976  -65.463  25.288 0.3000000119
22738  -20.604  -65.921  24.782 0.4000000060
23737  -19.285  -65.055  25.725 0.3000000119
21738  -22.263  -66.123  24.165 0.4000000060
21760  -22.484  -66.651  23.631 0.4000000060
147148  -18.765  -64.347  26.575 0.1000000015
22719  -18.580  -64.922  26.226 0.2000000030
23738  -20.212  -64.571  25.745 0.2000000030
22728  -20.982  -65.135  25.241 0.3000000119
22739  -21.619  -65.622  24.713 0.4000000060
22758  -23.491  -65.710  23.158 0.5000000000
24771  -19.332  -62.939  26.894 0.2000000030
146923  -19.956  -64.005  26.064 0.2000000030
24817  -20.630  -63.701  26.072 0.3000000119
23739  -21.260  -64.330  25.589 0.3000000119
24837  -22.039  -63.929  25.327 0.2000000030
24838  -22.607  -64.294  24.683 0.4000000060
23765  -23.194  -64.677  24.110 0.5000000000
142755  -21.481  -63.617  25.776 0.2000000030
27155  -20.980  -60.892  26.788 0.2000000030
24798  -21.273  -62.908  26.114 0.2000000030
24818  -22.033  -63.055  25.628 0.2000000030
28278  -21.237  -59.875  26.728 0.1000000015
27159  -22.331  -61.445  25.669 0.2000000030
24819  -22.656  -63.178  24.835 0.2000000030
27160  -22.792  -61.543  24.958 0.1000000015
124139  -23.564  -62.540  24.123 0.4000000060
130178  -23.978  -61.676  24.088 0.4000000060
26003  -25.040  -61.399  24.192 0.5000000000
124303  -25.123  -61.109  24.169 0.4000000060
131930  -25.171  -60.724  22.886 0.6000000238
26038  -23.865  -60.892  21.293 0.6999999881
28336  -23.652  -60.895  21.460 0.6999999881
147331  -24.306  -60.035  19.863 0.8000000119
140630  -25.019  -59.996  19.772 0.8000000119
28283  -22.169  -60.590  25.874 0.2000000030
142821  -22.431  -59.997  25.090 0.1000000015
134506  -23.079  -61.057  24.593 0.1000000015
27165  -23.478  -61.454  24.388 0.1000000015
28288  -23.211  -60.644  24.524 0.1000000015
29449  -23.426  -60.092  24.531 0.2000000030
127291  -23.835  -61.084  24.198 0.3000000119
135812  -24.929  -61.026  24.013 0.4000000060
30702  -4.613  -58.237  18.705 0.2000000030
31893  -5.130  -57.628  19.141 0.1000000015
31894  -5.644  -57.072  19.633 0.1000000015
27191  -24.765  -61.320  22.838 0.5000000000
133012  -26.568  -60.065  21.984 0.5000000000
28296  -24.718  -61.099  24.153 0.2000000030
30667  -24.706  -59.110  19.786 0.6999999881
30638  -26.277  -59.456  20.791 0.6999999881
30688  -21.999  -58.543  19.117 0.8000000119
31902  -22.637  -58.071  19.341 0.8000000119
141452  -23.652  -58.278  19.669 0.6000000238
31918  -21.636  -57.671  18.857 0.6000000238
31830  -26.241  -58.046  24.891 0.3000000119
30605  -25.724  -59.454  24.704 0.2000000030
31840  -26.933  -58.886  23.572 0.4000000060
29476  -26.672  -60.122  23.518 0.4000000060
34105  -26.127  -55.379  22.590 0.3000000119
33035  -26.756  -55.932  23.814 0.3000000119
30617  -26.924  -59.634  21.980 0.4000000060
33071  -24.416  -56.607  20.650 0.5000000000
31858  -26.171  -57.292  21.074 0.5000000000
31841  -27.068  -58.123  22.113 0.4000000060
31917  -20.614  -57.432  18.493 0.6000000238
33102  -21.129  -56.815  18.665 0.6000000238
144207  -22.415  -57.394  19.380 0.4000000060
30690  -23.225  -57.518  19.775 0.5000000000
30668  -24.645  -57.769  20.144 0.5000000000
33100  -19.745  -57.195  18.237 0.6000000238
34150  -21.587  -56.022  19.168 0.5000000000
34134  -23.882  -55.643  20.991 0.3000000119
147479  -20.097  -56.037  18.157 0.6000000238
135743  -19.562  -56.461  17.999 0.5000000000
505  -8.605  -93.334  14.712 0.5000000000
17973  1.986  -70.872  15.043 0.6000000238
719  -9.063  -92.608  13.774 0.6000000238
955  -10.326  -91.043  13.216 0.6000000238
2450  1.132  -89.364  4.213 0.8000000119
140141  1.336  -88.882  3.653 0.8999999762
4517  -1.928  -85.916  -5.128 0.5000000000
2542  -4.071  -88.664  -3.334 0.6999999881
3711  1.741  -87.902  2.831 0.8999999762
21736  -20.226  -66.696  24.340 0.4000000060
21761  -23.070  -66.249  23.379 0.5000000000
22755  -16.821  -66.116  23.003 0.4000000060
23766  -23.797  -64.811  23.340 0.5000000000
24859  -24.198  -62.881  23.821 0.5000000000
26039  -25.622  -61.080  21.971 0.6000000238
26025  -25.459  -60.995  23.853 0.5000000000
28364  -22.738  -60.807  20.019 0.8000000119
30683  -4.850  -58.294  19.304 0.2000000030
34166  -18.686  -55.474  17.683 0.5000000000
126873  -23.764  -64.006  23.792 0.5000000000
24833  -12.585  -63.585  24.902 0.2000000030
34158  -19.520  -55.590  17.903 0.5000000000
935  -12.952  -92.013  15.358 0.3000000119
704  -10.001  -93.094  14.991 0.5000000000
980  0.736  -91.884  10.060 0.6999999881
3676  2.483  -87.667  6.159 0.6000000238
24815  -13.389  -64.197  25.203 0.1000000015
22724  -13.942  -65.597  25.174 0.1000000015
22735  -15.320  -66.289  24.296 0.1000000015
22736  -18.749  -66.438  24.805 0.3000000119
143547  -19.326  -64.294  26.213 0.3000000119
23731  -19.740  -63.573  26.445 0.2000000030
23747  -21.910  -64.809  25.086 0.3000000119
22740  -22.502  -65.224  24.470 0.4000000060
22757  -23.094  -65.612  23.862 0.5000000000
25943  -19.673  -62.263  26.948 0.2000000030
24797  -20.312  -62.754  26.566 0.2000000030
24858  -23.269  -63.679  24.207 0.4000000060
25944  -20.271  -61.745  26.849 0.2000000030
27156  -21.759  -61.249  26.269 0.2000000030
25945  -21.122  -61.971  26.463 0.2000000030
28279  -21.658  -60.447  26.406 0.2000000030
25953  -21.907  -62.179  25.987 0.2000000030
25954  -22.472  -62.283  25.326 0.2000000030
29440  -21.845  -59.801  26.032 0.2000000030
25974  -23.037  -62.140  24.541 0.2000000030
28284  -22.612  -60.853  25.160 0.1000000015
27177  -24.384  -61.325  23.971 0.4000000060
28311  -24.731  -60.190  22.584 0.4000000060
29447  -21.557  -59.166  25.086 0.1000000015
29448  -22.173  -59.115  24.637 0.1000000015
126420  -26.209  -60.599  23.588 0.3000000119
29458  -25.239  -60.542  24.284 0.3000000119
30639  -26.478  -58.784  20.768 0.5000000000
33092  -23.578  -56.977  20.175 0.5000000000
33090  -21.981  -56.822  19.218 0.5000000000
31831  -26.942  -57.285  23.646 0.2000000030
33022  -26.453  -56.729  25.059 0.4000000060
33036  -26.773  -56.604  22.462 0.4000000060
33052  -25.448  -56.045  21.512 0.4000000060
33070  -23.252  -56.304  20.343 0.3000000119
34159  -20.765  -56.007  18.603 0.6000000238
34151  -22.389  -56.139  19.831 0.4000000060
34133  -22.841  -55.649  20.444 0.4000000060
736  0.606  -92.547  11.386 0.5000000000
727  0.332  -92.983  12.008 0.5000000000
1360  2.217  -90.399  10.190 0.3000000119
125923  0.042  -93.447  12.755 0.4000000060
513  -0.563  -94.027  13.092 0.4000000060
4387  2.518  -87.017  5.253 0.6000000238
5038  1.849  -85.565  8.642 0.4000000060
133930  2.015  -85.344  8.313 0.4000000060
5046  2.168  -86.249  7.314 0.3000000119
4372  2.444  -86.598  5.835 0.6000000238
6674  1.927  -84.641  10.212 0.3000000119
6667  2.009  -84.264  11.059 0.3000000119
6678  2.116  -84.057  9.529 0.2000000030
5840  2.056  -84.785  8.820 0.4000000060
5847  2.033  -84.489  7.832 0.4000000060
5063  2.070  -85.460  6.751 0.5000000000
124232  2.253  -82.185  11.173 0.1000000015
137475  2.213  -83.326  11.243 0.1000000015
6685  2.100  -83.704  8.458 0.2000000030
136204  -3.712  -88.268  -3.650 0.5000000000
2543  -4.790  -88.724  -3.552 0.4000000060
7536  2.193  -83.019  9.773 0.1000000015
5859  2.042  -83.998  6.938 0.3000000119
124955  2.043  -84.592  6.203 0.6000000238
3834  -4.567  -87.039  -5.163 0.5000000000
3820  -3.732  -87.806  -4.173 0.5000000000
3140  -5.050  -88.130  -4.172 0.4000000060
2544  -5.594  -88.649  -3.817 0.4000000060
3141  -5.871  -87.982  -4.522 0.4000000060
8386  2.212  -80.921  9.680 0.2000000030
124042  2.176  -81.913  9.499 0.1000000015
4530  -4.131  -85.756  -5.744 0.2000000030
4520  -4.385  -86.253  -5.281 0.4000000060
3835  -5.146  -86.829  -5.149 0.4000000060
4521  -4.595  -85.836  -5.340 0.3000000119
3153  -5.273  -87.489  -4.826 0.5000000000
4514  -4.910  -86.471  -4.535 0.4000000060
3154  -5.946  -87.463  -4.812 0.4000000060
129794  -4.540  -85.082  -6.266 0.2000000030
4531  -4.458  -85.502  -5.688 0.2000000030
5250  -4.944  -84.975  -6.204 0.2000000030
126943  -4.777  -84.932  -4.745 0.2000000030
5263  -6.592  -84.788  -6.950 0.2000000030
5262  -5.503  -84.727  -6.768 0.2000000030
20972  -1.966  -67.927  8.623 0.3000000119
20981  -2.305  -67.921  7.934 0.3000000119
20973  -2.527  -67.360  8.286 0.3000000119
122247  -2.360  -60.871  21.564 0.3000000119
4528  -2.967  -85.494  -5.807 0.2000000030
123570  2.144  -82.844  8.949 0.2000000030
2545  -6.404  -88.509  -4.157 0.4000000060
7506  2.223  -82.795  12.171 0.1000000015
3821  -5.029  -86.476  -4.966 0.4000000060
1863  2.113  -90.196  9.415 0.2000000030
125504  2.551  -88.755  10.307 0.2000000030
1818  -13.339  -89.729  13.913 0.4000000060
1474  -9.167  -90.597  -1.859 0.5000000000
147643  0.545  -88.351  8.581 0.2000000030
2400  2.011  -89.062  8.530 0.3000000119
122413  -13.471  -89.239  13.416 0.5000000000
1971  -7.963  -90.124  -2.373 0.4000000060
1972  -8.837  -90.245  -2.406 0.6000000238
3640  -0.470  -87.677  9.017 0.1000000015
4339  1.048  -87.163  7.722 0.1000000015
3656  1.171  -88.306  7.616 0.2000000030
3665  2.277  -87.740  6.732 0.3000000119
3023  2.193  -88.236  6.501 0.5000000000
1320  -13.896  -90.100  13.759 0.3000000119
2531  -7.039  -88.988  -3.738 0.3000000119
1982  -7.507  -89.683  -3.060 0.4000000060
1983  -8.400  -89.775  -3.108 0.3000000119
1984  -9.302  -89.830  -3.072 0.4000000060
4350  1.935  -87.010  7.392 0.2000000030
4361  2.473  -87.082  6.454 0.3000000119
714  -14.800  -92.026  13.834 0.3000000119
507  -14.514  -93.175  14.416 0.3000000119
129878  -14.713  -92.292  12.829 0.3000000119
122056  -15.266  -91.605  8.355 0.5000000000
3142  -6.631  -87.936  -4.749 0.3000000119
3155  -7.709  -87.822  -4.834 0.3000000119
3143  -7.502  -88.016  -4.901 0.3000000119
2532  -7.965  -89.086  -3.798 0.3000000119
3144  -9.109  -88.027  -4.989 0.3000000119
2533  -8.863  -89.158  -3.851 0.4000000060
4340  1.379  -86.308  8.202 0.1000000015
5037  1.981  -86.200  8.016 0.1000000015
722  -14.419  -93.089  13.592 0.3000000119
729  -14.465  -92.806  11.981 0.3000000119
122127  -14.638  -92.419  9.340 0.5000000000
3836  -6.647  -87.718  -4.808 0.3000000119
3824  -8.031  -87.549  -4.454 0.3000000119
3807  -8.557  -87.501  -3.897 0.3000000119
730  -15.129  -91.164  11.915 0.3000000119
3822  -5.711  -87.088  -4.937 0.3000000119
3823  -6.427  -87.455  -4.369 0.3000000119
3806  -7.049  -87.427  -3.346 0.3000000119
3805  -5.179  -86.769  -3.429 0.3000000119
11749  -2.653  -78.397  11.556 0.2000000030
9352  -3.894  -80.665  -8.052 0.2000000030
12568  -1.207  -76.697  12.545 0.2000000030
13443  -0.959  -75.725  12.833 0.2000000030
7740  -4.519  -81.885  -8.370 0.2000000030
8568  -5.080  -81.563  -8.877 0.2000000030
8566  -3.839  -81.146  -8.177 0.2000000030
9354  -5.373  -80.521  -8.662 0.2000000030
12569  -1.376  -77.161  12.923 0.2000000030
13444  -1.242  -76.134  13.319 0.2000000030
13442  -0.042  -75.504  12.459 0.2000000030
12552  -1.348  -76.640  13.823 0.1000000015
14300  -1.315  -75.113  13.439 0.1000000015
14299  -0.774  -74.894  13.024 0.1000000015
15148  -1.619  -73.797  13.995 0.1000000015
13452  0.721  -75.877  11.743 0.3000000119
15136  -1.175  -73.352  14.411 0.1000000015
14298  0.438  -74.808  12.782 0.2000000030
14290  -0.373  -74.264  13.274 0.2000000030
14289  1.058  -74.247  13.215 0.3000000119
15135  -0.218  -73.250  14.164 0.2000000030
141970  1.801  -73.854  12.798 0.3000000119
15145  1.547  -73.496  13.358 0.2000000030
15134  1.174  -73.195  14.088 0.2000000030
129589  -1.179  -72.519  15.517 0.1000000015
16118  -0.620  -72.324  15.290 0.1000000015
16130  0.726  -72.779  14.658 0.1000000015
17051  -0.730  -71.871  15.771 0.1000000015
15133  1.926  -72.696  13.579 0.3000000119
16129  1.568  -72.427  14.362 0.2000000030
16128  2.039  -71.957  14.145 0.4000000060
17050  0.190  -71.720  15.613 0.1000000015
148445  -1.016  -71.484  16.412 0.1000000015
17040  1.013  -71.395  16.139 0.2000000030
17041  0.034  -71.248  16.136 0.1000000015
17049  1.237  -71.742  15.445 0.3000000119
18909  1.292  -70.078  16.435 0.4000000060
17965  1.268  -70.741  16.311 0.3000000119
17196  -2.709  -71.322  3.292 0.1000000015
18095  -2.317  -70.261  5.049 0.1000000015
17228  -3.051  -72.098  1.820 0.1000000015
19039  -2.621  -69.519  5.345 0.2000000030
21917  -2.848  -66.784  8.729 0.1000000015
20982  -2.829  -67.602  7.578 0.1000000015
20001  -2.444  -68.225  7.287 0.2000000030
20010  -2.696  -68.561  6.499 0.1000000015
20011  -3.428  -68.275  6.061 0.1000000015
20022  -2.969  -68.844  5.674 0.1000000015
21908  -3.250  -66.248  9.217 0.2000000030
22924  -4.080  -66.041  9.006 0.1000000015
27292  -3.488  -61.601  15.252 0.2000000030
28442  -4.117  -61.150  14.790 0.2000000030
28422  -4.406  -60.490  15.129 0.2000000030
33007  -25.307  -57.480  25.631 0.2000000030
34077  -25.224  -56.614  26.096 0.1000000015
34093  -26.316  -55.548  25.229 0.1000000015
129731  -25.190  -55.373  26.509 0.1000000015
145578  -25.983  -54.603  25.160 0.1000000015
34104  -26.297  -54.774  23.794 0.1000000015
34121  -24.921  -55.211  21.669 0.1000000015
35076  -25.516  -54.035  25.642 0.1000000015
36169  -22.573  -53.998  21.195 0.1000000015
35114  -23.720  -54.165  21.666 0.1000000015
127387  -24.754  -53.376  22.176 0.1000000015
35129  -22.950  -54.874  20.915 0.1000000015
35115  -24.038  -54.844  21.478 0.1000000015
35128  -22.018  -55.251  19.974 0.3000000119
36135  -25.193  -52.995  24.519 0.1000000015
36157  -23.353  -53.409  21.923 0.1000000015
36145  -24.234  -52.978  22.881 0.1000000015
36156  -22.208  -53.203  21.453 0.1000000015
135460  -21.155  -55.185  19.128 0.3000000119
137010  -22.064  -54.454  20.482 0.2000000030
131288  -20.383  -55.271  18.432 0.2000000030
36168  -21.605  -53.685  20.480 0.1000000015
35144  -20.668  -54.315  18.944 0.2000000030
17039  1.433  -71.155  15.775 0.3000000119
17966  0.863  -70.879  16.697 0.2000000030
22912  -3.660  -65.672  9.675 0.2000000030
19020  -2.338  -69.267  6.196 0.1000000015
21907  -2.484  -66.537  9.488 0.2000000030
22902  -2.469  -65.615  10.666 0.3000000119
26142  -3.759  -62.491  13.792 0.3000000119
963  1.160  -92.062  11.682 0.4000000060
1882  1.908  -89.443  8.300 0.3000000119
2413  1.770  -89.013  7.752 0.4000000060
2425  1.885  -89.415  6.639 0.4000000060
35152  -19.906  -54.607  18.161 0.2000000030
35103  -25.183  -54.305  22.332 0.1000000015
5829  1.263  -85.348  9.507 0.2000000030
146584  2.275  -89.053  9.013 0.2000000030
2991  1.926  -88.912  8.592 0.2000000030
3013  1.929  -88.404  7.090 0.3000000119
135211  1.817  -87.877  7.178 0.2000000030
2547  -8.377  -88.364  -4.732 0.3000000119
707  -14.639  -92.434  15.062 0.3000000119
11714  -1.283  -77.452  13.600 0.1000000015
22903  -3.217  -65.246  10.312 0.2000000030
35092  -25.307  -53.843  23.799 0.1000000015
37209  -23.017  -52.617  22.291 0.1000000015
37179  -24.746  -52.246  25.346 0.1000000015
35145  -21.431  -54.415  19.759 0.3000000119
36183  -21.011  -53.766  19.648 0.1000000015
123239  -13.960  -95.857  12.005 0.3000000119
151  -13.833  -95.826  11.111 0.3000000119
121296  -13.823  -93.479  10.185 0.3000000119
139849  -13.564  -93.626  9.450 0.3000000119
342  -13.667  -95.442  11.524 0.3000000119
350  -13.411  -94.708  10.801 0.3000000119
525  -13.745  -94.492  12.023 0.3000000119
139300  -13.146  -94.557  9.842 0.3000000119
122235  -12.925  -94.331  9.051 0.3000000119
139299  -12.830  -94.204  8.108 0.4000000060
135  -14.558  -96.056  12.389 0.3000000119
152  -14.327  -96.003  11.469 0.3000000119
150  -13.450  -95.507  10.744 0.3000000119
121320  -12.355  -93.827  5.036 0.4000000060
139069  -11.929  -94.775  5.459 0.4000000060
392  -11.912  -94.846  4.521 0.3000000119
164  -13.113  -95.282  10.097 0.3000000119
122283  -12.674  -95.061  9.422 0.3000000119
121309  -12.704  -93.935  6.217 0.4000000060
139077  -12.166  -94.718  6.989 0.4000000060
144232  -13.614  -95.748  10.132 0.3000000119
139188  -12.383  -94.916  8.671 0.3000000119
122711  -12.231  -94.903  7.781 0.3000000119
378  -12.333  -95.329  5.628 0.3000000119
136  -15.582  -96.055  12.278 0.2000000030
125177  -11.448  -92.847  1.631 0.4000000060
604  -12.780  -93.831  0.958 0.3000000119
596  -11.620  -93.820  2.281 0.3000000119
589  -11.569  -93.853  3.106 0.4000000060
393  -12.139  -94.889  3.898 0.3000000119
147977  -9.764  -90.768  -1.657 0.4000000060
1475  -10.576  -90.673  -1.725 0.4000000060
137  -16.365  -95.942  12.669 0.2000000030
148568  -13.730  -90.610  -1.889 0.2000000030
1067  -13.893  -90.944  -1.529 0.1000000015
1062  -13.742  -91.038  -0.598 0.3000000119
1058  -13.797  -90.773  0.090 0.3000000119
1063  -13.843  -91.396  -1.043 0.1000000015
829  -13.734  -92.094  -0.749 0.1000000015
213  -12.112  -95.179  6.352 0.3000000119
35091  -13.861  -54.381  23.176 0.2000000030
36143  -13.902  -53.539  22.851 0.2000000030
37191  -14.511  -53.073  21.896 0.2000000030
36142  -13.136  -53.089  22.877 0.2000000030
584  -11.883  -94.348  3.878 0.4000000060
805  -11.242  -92.961  2.715 0.4000000060
1973  -9.800  -90.412  -2.301 0.3000000119
1974  -10.851  -90.294  -2.301 0.4000000060
125518  -13.889  -53.003  22.348 0.2000000030
954  1.333  -92.170  12.530 0.2000000030
947  1.442  -92.239  13.516 0.2000000030
939  1.155  -92.440  15.168 0.2000000030
702  0.986  -92.758  15.907 0.2000000030
126142  0.883  -92.573  12.061 0.2000000030
145579  1.012  -92.722  13.499 0.2000000030
127782  0.619  -93.168  15.378 0.2000000030
143203  -0.189  -93.492  17.021 0.2000000030
135172  -0.559  -94.119  13.929 0.2000000030
485  -0.168  -93.984  16.450 0.2000000030
297  -0.707  -94.380  15.644 0.2000000030
147729  -1.018  -94.607  14.174 0.2000000030
290  -0.861  -94.520  16.532 0.2000000030
291  -1.555  -94.990  16.691 0.2000000030
312  -1.748  -94.896  13.983 0.3000000119
299  -2.097  -95.118  14.936 0.2000000030
131946  -2.203  -95.210  15.881 0.2000000030
142541  -2.722  -95.364  15.332 0.2000000030
87  -3.665  -95.969  15.886 0.2000000030
75  -4.174  -96.046  16.564 0.2000000030
64  -5.377  -96.187  18.031 0.1000000015
88  -4.521  -96.059  15.611 0.2000000030
133984  -0.542  -94.093  17.106 0.2000000030
147107  -5.345  -96.244  17.093 0.2000000030
1  -7.097  -95.992  19.263 0.1000000015
129530  -5.666  -96.139  16.429 0.2000000030
5  -6.101  -96.335  18.121 0.1000000015
76  -6.496  -96.143  16.441 0.2000000030
65  -6.060  -96.425  17.298 0.2000000030
44  -7.567  -95.955  19.844 0.1000000015
34  -7.717  -95.710  20.080 0.1000000015
14  -6.932  -96.486  17.175 0.2000000030
7  -7.298  -96.251  18.592 0.1000000015
3  -8.225  -96.141  19.619 0.1000000015
15  -7.419  -96.212  16.439 0.2000000030
139899  -8.276  -94.994  20.450 0.1000000015
25  -8.309  -95.609  20.578 0.1000000015
140285  -8.418  -96.428  17.826 0.2000000030
125683  -8.535  -96.352  18.665 0.1000000015
45  -8.108  -95.939  20.301 0.1000000015
124926  -8.919  -96.280  19.345 0.1000000015
0  -8.779  -96.149  20.064 0.1000000015
8  -9.423  -96.367  18.723 0.1000000015
240  -8.983  -95.005  21.542 0.1000000015
126020  -8.871  -95.683  21.080 0.1000000015
16  -9.276  -96.336  17.049 0.2000000030
13  -9.169  -96.389  17.828 0.2000000030
78  -9.610  -96.110  16.508 0.2000000030
9  -9.918  -96.341  18.073 0.2000000030
492  -8.524  -93.971  15.329 0.2000000030
4  -10.341  -96.318  18.784 0.2000000030
26  -9.406  -95.966  21.210 0.1000000015
37  -10.174  -96.191  20.402 0.1000000015
303  -9.194  -95.018  15.697 0.2000000030
67  -10.735  -96.185  17.737 0.2000000030
27  -10.452  -96.062  21.315 0.1000000015
19  -9.841  -95.955  22.040 0.1000000015
79  -10.570  -95.971  16.594 0.2000000030
54  -11.147  -96.130  18.503 0.2000000030
494  -10.392  -94.017  15.501 0.3000000119
138362  -11.332  -95.504  16.329 0.2000000030
138341  -9.670  -94.845  23.032 0.1000000015
28  -11.485  -95.959  21.335 0.1000000015
134430  -10.931  -96.174  19.916 0.2000000030
47  -11.782  -96.042  19.813 0.2000000030
122359  -12.031  -95.244  16.703 0.3000000119
495  -11.665  -94.125  15.825 0.3000000119
242  -10.363  -95.489  22.617 0.1000000015
138666  -10.066  -95.028  23.277 0.1000000015
20  -10.817  -95.879  22.020 0.1000000015
2549  -10.257  -88.552  -4.614 0.3000000119
2534  -9.768  -89.207  -3.823 0.3000000119
131987  -10.648  -89.231  -3.708 0.3000000119
27146  -19.460  -60.974  27.676 0.1000000015
28272  -20.411  -60.114  27.335 0.1000000015
29439  -21.178  -59.145  26.132 0.1000000015
77  -8.310  -96.199  16.456 0.2000000030
304  -10.170  -95.008  15.718 0.2000000030
705  -11.133  -93.209  15.246 0.3000000119
21727  -16.963  -67.290  24.608 0.1000000015
726  0.838  -92.801  12.816 0.2000000030
512  -0.000  -93.673  13.645 0.2000000030
711  0.696  -93.093  14.504 0.2000000030
141754  0.340  -92.963  16.636 0.2000000030
490  0.032  -93.816  15.556 0.2000000030
502  -0.596  -94.211  14.770 0.2000000030
311  -1.218  -94.789  14.849 0.2000000030
86  -2.953  -95.599  15.986 0.2000000030
127767  -7.186  -96.472  17.923 0.2000000030
134757  -9.311  -96.121  20.439 0.1000000015
68  -11.520  -95.906  17.025 0.2000000030
137020  -11.685  -95.966  17.936 0.2000000030
486  -11.792  -94.999  16.034 0.3000000119
27147  -20.076  -60.980  27.218 0.1000000015
1350  1.920  -91.032  10.640 0.2000000030
127432  1.865  -91.687  12.108 0.2000000030
1335  2.182  -91.019  11.585 0.2000000030
1349  2.302  -90.530  10.909 0.2000000030
1836  2.556  -90.159  11.544 0.2000000030
1862  2.435  -89.612  9.851 0.2000000030
123382  1.288  -84.971  10.465 0.1000000015
1985  -10.239  -89.816  -2.989 0.2000000030
2535  -11.530  -89.228  -3.574 0.2000000030
1986  -11.190  -89.734  -2.901 0.2000000030
1976  -12.772  -90.183  -2.287 0.2000000030
1478  -13.387  -90.478  -1.714 0.2000000030
5183  -7.994  -84.614  -2.579 0.1000000015
5182  -6.598  -84.529  -2.236 0.2000000030
129007  -4.779  -85.243  -1.034 0.2000000030
4489  -4.039  -85.667  -1.278 0.2000000030
131070  -4.161  -86.130  -2.072 0.2000000030
4490  -4.882  -86.776  -0.545 0.2000000030
3788  -8.049  -87.566  -2.571 0.2000000030
3789  -9.369  -87.479  -3.129 0.2000000030
3808  -9.495  -87.527  -4.516 0.2000000030
3838  -9.821  -87.785  -5.089 0.2000000030
3827  -11.043  -87.582  -4.734 0.2000000030
131388  -11.020  -88.639  -4.283 0.2000000030
3148  -12.124  -88.054  -4.601 0.2000000030
2550  -11.805  -88.547  -4.116 0.1000000015
2536  -12.460  -89.184  -3.534 0.1000000015
135993  -13.472  -88.260  -4.170 0.1000000015
1987  -12.110  -89.741  -2.897 0.1000000015
137819  -12.907  -89.747  -2.903 0.2000000030
1988  -14.739  -90.199  -2.492 0.1000000015
1483  -14.224  -90.621  -2.127 0.1000000015
135673  -6.114  -87.555  -0.763 0.2000000030
4504  -3.689  -85.680  -3.577 0.2000000030
13530  -5.920  -75.431  0.112 0.1000000015
13505  -5.949  -75.250  1.244 0.1000000015
14430  -6.022  -75.145  -1.695 0.1000000015
12646  -6.101  -76.432  1.481 0.1000000015
13559  -6.488  -75.536  -2.401 0.1000000015
12672  -6.372  -76.533  -0.618 0.1000000015
14402  -5.135  -74.471  -0.577 0.1000000015
14417  -5.647  -74.996  -0.800 0.1000000015
13560  -7.075  -75.912  -2.989 0.1000000015
12673  -7.000  -76.939  -1.407 0.1000000015
12689  -7.498  -76.808  -2.413 0.1000000015
27327  -4.326  -61.979  13.772 0.1000000015
27348  -4.485  -62.383  13.150 0.1000000015
27349  -5.359  -62.042  13.040 0.1000000015
28464  -4.572  -61.446  14.134 0.1000000015
27328  -4.972  -61.752  13.569 0.1000000015
28465  -5.284  -61.089  13.942 0.1000000015
28486  -5.763  -61.487  13.702 0.1000000015
27350  -6.350  -61.661  13.602 0.1000000015
29623  -5.572  -60.398  14.311 0.1000000015
28466  -6.103  -60.804  14.079 0.1000000015
28487  -6.521  -61.170  13.989 0.1000000015
29598  -5.020  -60.044  14.803 0.1000000015
29647  -7.042  -60.337  13.923 0.1000000015
28507  -7.631  -60.707  13.244 0.1000000015
27368  -7.221  -61.272  13.588 0.1000000015
29580  -4.620  -59.910  15.402 0.1000000015
139045  -0.498  -63.176  21.313 0.1000000015
24870  -0.476  -63.730  22.541 0.1000000015
26014  -0.760  -62.848  22.034 0.1000000015
25989  -0.869  -62.966  22.721 0.1000000015
25990  -1.138  -62.183  22.619 0.1000000015
140033  -1.500  -61.934  22.847 0.1000000015
139060  -1.223  -61.627  21.600 0.1000000015
139317  -2.049  -61.519  22.629 0.1000000015
139037  -2.611  -61.989  23.404 0.1000000015
126928  -12.666  -54.498  23.689 0.1000000015
36190  -19.542  -53.863  17.765 0.1000000015
135956  -18.162  -54.129  17.036 0.1000000015
37252  -19.184  -53.152  17.194 0.1000000015
36134  -13.163  -53.780  23.222 0.1000000015
37251  -18.533  -52.545  16.768 0.1000000015
129832  -19.274  -52.251  17.315 0.1000000015
36199  -17.567  -53.679  16.997 0.1000000015
36133  -12.178  -53.524  23.432 0.1000000015
36188  -16.804  -53.415  17.657 0.1000000015
37189  -12.218  -52.592  22.768 0.1000000015
37190  -13.192  -52.530  22.227 0.1000000015
37203  -13.940  -52.562  21.758 0.1000000015
38360  -18.632  -51.660  16.876 0.1000000015
36198  -17.075  -53.014  16.803 0.1000000015
36211  -17.704  -52.835  16.665 0.1000000015
38381  -17.819  -51.982  16.587 0.1000000015
38348  -15.785  -52.338  17.563 0.1000000015
38359  -16.144  -52.116  16.838 0.1000000015
38380  -17.126  -51.391  16.500 0.1000000015
38310  -12.349  -51.625  21.545 0.1000000015
38311  -13.214  -51.963  21.510 0.1000000015
38347  -15.155  -51.903  18.129 0.1000000015
137618  -17.382  -50.715  16.519 0.1000000015
39470  -16.661  -50.699  16.316 0.1000000015
39471  -17.943  -51.119  16.661 0.1000000015
39398  -12.119  -51.188  20.852 0.1000000015
144324  -12.810  -51.442  21.022 0.1000000015
38357  -14.693  -51.382  17.507 0.1000000015
38379  -16.132  -51.430  16.548 0.1000000015
38358  -15.439  -51.794  17.052 0.1000000015
39410  -12.752  -51.037  20.386 0.1000000015
38377  -14.163  -50.821  16.999 0.1000000015
39435  -13.351  -50.516  18.585 0.1000000015
26190  -5.956  -62.455  12.027 0.1000000015
26163  -3.651  -62.978  13.187 0.2000000030
26166  -5.764  -62.331  12.552 0.1000000015
1476  -11.624  -90.408  -1.700 0.3000000119
35160  -19.164  -54.737  17.614 0.1000000015
36201  -18.814  -54.009  17.243 0.1000000015
38341  -15.602  -52.406  18.781 0.1000000015
37250  -16.431  -52.726  17.062 0.1000000015
39436  -14.042  -50.900  18.160 0.1000000015
38323  -13.413  -51.586  20.692 0.1000000015
3837  -8.872  -87.751  -4.884 0.2000000030
3786  -5.437  -87.432  -1.757 0.2000000030
3787  -6.684  -87.854  -1.805 0.2000000030
147964  -14.138  -89.601  -3.061 0.1000000015
1975  -11.875  -90.167  -2.268 0.2000000030
3156  -10.681  -87.862  -5.060 0.1000000015
131589  -8.665  -87.684  -1.568 0.2000000030
3828  -11.971  -87.596  -4.357 0.1000000015
138536  -12.815  -88.026  -4.452 0.1000000015
138736  -13.207  -88.973  -3.629 0.1000000015
3150  -14.376  -88.238  -4.000 0.1000000015
36182  -20.474  -53.406  19.113 0.1000000015
36200  -18.346  -53.413  16.845 0.1000000015
38300  -12.580  -52.081  22.078 0.1000000015
39452  -18.559  -50.730  17.370 0.1000000015
37265  -16.926  -52.243  16.618 0.1000000015
38378  -15.050  -51.141  16.640 0.1000000015
1691  -12.106  -91.285  23.938 0.1000000015
858  -12.993  -92.775  24.529 0.1000000015
128532  -13.770  -91.872  24.093 0.1000000015
867  -13.926  -92.824  24.432 0.1000000015
643  -13.595  -93.597  24.135 0.1000000015
144727  -12.290  -94.518  2.549 0.1000000015
401  -13.694  -95.049  2.917 0.1000000015
395  -14.341  -95.241  3.492 0.1000000015
402  -14.641  -94.969  2.767 0.1000000015
868  -14.883  -92.814  24.313 0.2000000030
1219  -12.901  -91.745  24.081 0.1000000015
427  -14.906  -93.539  23.735 0.2000000030
426  -14.095  -93.877  23.973 0.2000000030
394  -13.517  -95.245  3.712 0.1000000015
387  -12.353  -95.199  4.732 0.2000000030
134696  -13.610  -95.871  5.365 0.1000000015
214  -12.998  -95.844  5.851 0.2000000030
215  -14.477  -95.925  5.832 0.1000000015
216  -15.267  -95.739  5.285 0.1000000015
129355  -15.819  -94.992  3.386 0.1000000015
644  -15.337  -93.114  24.057 0.2000000030
437  -15.399  -93.674  23.153 0.2000000030
448  -15.920  -93.716  22.526 0.2000000030
247  -14.597  -93.931  22.077 0.2000000030
254  -15.114  -93.798  21.441 0.2000000030
186  -12.923  -95.655  8.289 0.2000000030
205  -13.160  -95.920  6.660 0.2000000030
206  -14.041  -95.992  6.633 0.1000000015
208  -15.421  -95.836  6.094 0.1000000015
139945  -16.449  -95.158  4.380 0.1000000015
224  -16.723  -95.389  5.190 0.1000000015
255  -15.990  -94.055  21.121 0.2000000030
48  -12.604  -95.726  19.468 0.2000000030
40  -12.931  -95.468  20.701 0.2000000030
244  -12.366  -95.316  22.236 0.2000000030
234  -13.122  -94.596  23.057 0.2000000030
262  -16.420  -94.400  20.244 0.1000000015
55  -12.400  -95.623  18.247 0.2000000030
122570  -13.222  -94.993  19.294 0.2000000030
259  -13.433  -94.623  20.759 0.2000000030
252  -13.148  -94.957  21.961 0.2000000030
246  -14.144  -94.106  22.587 0.2000000030
261  -15.586  -94.194  20.561 0.2000000030
268  -15.926  -94.873  19.649 0.2000000030
277  -16.157  -95.178  18.832 0.1000000015
139857  -15.564  -94.485  19.828 0.2000000030
58  -16.504  -95.410  18.041 0.1000000015
72  -16.829  -95.541  17.250 0.1000000015
125771  -17.103  -95.619  16.392 0.1000000015
177  -14.203  -96.033  9.704 0.2000000030
187  -13.566  -95.976  8.165 0.2000000030
197  -13.719  -95.996  7.355 0.2000000030
135891  -15.205  -96.018  8.332 0.1000000015
199  -15.050  -95.966  7.456 0.1000000015
142262  -16.092  -95.750  6.269 0.1000000015
269  -16.695  -94.823  19.356 0.1000000015
278  -17.061  -95.090  18.570 0.1000000015
122936  -12.342  -94.267  16.491 0.2000000030
122217  -13.168  -94.434  18.702 0.2000000030
253  -14.129  -94.009  21.689 0.2000000030
466  -14.881  -93.715  20.404 0.2000000030
260  -14.457  -93.774  21.097 0.2000000030
97  -17.002  -95.754  15.504 0.1000000015
98  -17.603  -95.628  14.959 0.1000000015
108  -17.506  -95.767  14.147 0.1000000015
533  -14.171  -93.235  11.078 0.2000000030
134119  -15.070  -96.027  9.269 0.1000000015
122351  -13.420  -93.262  18.807 0.2000000030
267  -13.492  -94.109  20.191 0.2000000030
464  -13.845  -93.290  20.056 0.2000000030
59  -17.454  -95.231  17.725 0.1000000015
121285  -13.022  -93.494  17.369 0.2000000030
126889  -18.110  -95.025  16.867 0.1000000015
123075  -12.914  -93.106  16.591 0.2000000030
139464  -13.582  -92.523  17.583 0.2000000030
122401  -13.456  -92.238  16.451 0.2000000030
100  -18.782  -94.669  15.490 0.1000000015
1304  -13.282  -91.382  14.894 0.2000000030
1305  -13.963  -91.532  15.135 0.2000000030
936  -14.410  -91.833  15.276 0.2000000030
70  -15.257  -95.340  17.610 0.2000000030
144333  -15.582  -95.622  17.046 0.2000000030
944  -14.582  -91.649  14.436 0.2000000030
519  -13.943  -94.167  13.784 0.2000000030
123  -17.947  -95.579  13.601 0.1000000015
721  -14.014  -93.764  12.897 0.2000000030
336  -13.797  -95.508  12.472 0.2000000030
134  -13.944  -95.973  12.896 0.2000000030
122  -17.227  -95.854  13.270 0.1000000015
136293  -14.891  -96.047  10.983 0.2000000030
147349  -16.020  -95.937  10.331 0.1000000015
124365  -15.886  -95.949  9.646 0.1000000015
133421  -15.786  -95.977  8.935 0.1000000015
141453  -15.726  -95.971  7.698 0.1000000015
122102  -13.773  -92.686  18.567 0.2000000030
122697  -15.170  -94.099  19.389 0.2000000030
85  -18.317  -94.965  16.119 0.1000000015
674  -14.161  -92.936  19.691 0.2000000030
56  -15.170  -95.002  18.338 0.2000000030
84  -17.697  -95.486  15.776 0.1000000015
99  -18.145  -95.210  15.250 0.1000000015
122084  -13.996  -92.373  18.079 0.2000000030
121287  -14.090  -92.648  18.942 0.2000000030
121286  -14.424  -92.660  18.334 0.2000000030
1292  -13.795  -91.760  15.991 0.2000000030
121284  -14.471  -92.400  16.780 0.3000000119
122629  -14.709  -92.831  16.587 0.2000000030
121278  -14.711  -93.445  17.019 0.2000000030
306  -14.027  -94.799  15.976 0.2000000030
82  -15.581  -95.796  16.434 0.1000000015
138714  -14.547  -93.322  15.143 0.2000000030
506  -13.957  -94.283  14.698 0.2000000030
328  -13.774  -95.215  14.046 0.2000000030
141058  -14.300  -96.013  15.010 0.2000000030
143618  -16.119  -95.984  14.363 0.1000000015
140  -18.361  -95.063  13.134 0.1000000015
118  -13.962  -95.872  13.735 0.2000000030
119  -14.382  -96.046  13.368 0.2000000030
121  -16.237  -95.945  13.526 0.1000000015
138  -17.150  -95.762  12.296 0.1000000015
167  -15.707  -95.998  10.952 0.1000000015
122463  -14.516  -92.921  19.282 0.2000000030
122344  -14.838  -93.311  18.752 0.2000000030
122329  -14.878  -94.479  18.282 0.2000000030
109  -18.039  -95.413  14.428 0.1000000015
110  -18.615  -94.815  14.743 0.1000000015
330  -19.944  -94.226  13.707 0.1000000015
121281  -14.552  -94.753  17.506 0.2000000030
80  -14.111  -95.163  16.316 0.2000000030
95  -14.675  -95.891  15.579 0.2000000030
144027  -19.550  -94.345  13.029 0.1000000015
127235  -15.137  -96.081  14.881 0.2000000030
106  -14.369  -95.996  14.273 0.2000000030
9355  -6.298  -80.360  -8.578 0.1000000015
9356  -7.404  -80.610  -8.715 0.1000000015
10192  -5.759  -79.287  -7.510 0.1000000015
11922  -6.884  -78.286  -6.866 0.1000000015
132255  -23.380  -59.231  24.543 0.1000000015
31818  -24.433  -58.366  25.123 0.1000000015
706  -12.390  -92.998  15.671 0.2000000030
125001  -14.198  -91.109  14.375 0.2000000030
175  -12.730  -95.431  8.919 0.2000000030
147667  -12.327  -93.685  16.075 0.2000000030
235  -13.753  -94.295  22.992 0.2000000030
121280  -12.693  -94.704  17.271 0.2000000030
142516  -13.554  -94.478  21.681 0.2000000030
1293  -14.220  -91.984  16.347 0.2000000030
518  -13.714  -94.901  13.095 0.2000000030
124  -18.505  -94.954  13.938 0.1000000015
139  -17.798  -95.565  12.779 0.1000000015
122764  -14.212  -92.340  17.406 0.2000000030
121279  -14.618  -92.711  17.374 0.2000000030
316  -13.831  -95.064  15.095 0.2000000030
6013  -4.606  -84.521  -4.021 0.1000000015
5973  -3.619  -84.642  -2.640 0.1000000015
5208  -3.766  -84.729  -3.557 0.1000000015
5993  -6.068  -84.383  -4.163 0.1000000015
5194  -5.855  -84.329  -2.970 0.1000000015
5209  -5.778  -84.630  -5.305 0.1000000015
5168  -5.462  -85.776  -0.399 0.1000000015
136889  -6.123  -84.759  -6.266 0.1000000015
5195  -7.212  -84.485  -3.390 0.1000000015
5210  -7.218  -84.626  -5.312 0.1000000015
124102  -5.953  -85.024  -1.208 0.1000000015
3755  -6.019  -87.299  -0.012 0.1000000015
5161  -7.202  -86.031  -0.381 0.1000000015
125424  -7.608  -84.580  -4.423 0.1000000015
3757  -7.968  -87.484  0.147 0.1000000015
5252  -6.958  -84.787  -6.730 0.1000000015
138744  -6.163  -84.084  -7.620 0.1000000015
23908  -3.260  -64.392  11.476 0.1000000015
23939  -3.993  -65.001  10.060 0.1000000015
23909  -3.912  -64.145  11.116 0.1000000015
25022  -3.797  -63.829  11.771 0.1000000015
23926  -4.458  -64.469  10.644 0.1000000015
23927  -5.363  -64.688  10.387 0.1000000015
26188  -4.437  -63.242  12.019 0.1000000015
25023  -4.528  -63.775  11.358 0.1000000015
25041  -5.179  -63.927  11.053 0.1000000015
26164  -4.256  -62.924  12.632 0.1000000015
136394  -9.763  -87.584  -1.886 0.1000000015
2956  1.067  -88.472  13.677 0.1000000015
2966  1.994  -88.624  13.486 0.1000000015
2355  2.296  -89.167  13.213 0.1000000015
2973  2.667  -88.839  11.804 0.1000000015
2359  2.694  -89.314  11.094 0.1000000015
146846  -5.268  -90.193  14.585 0.1000000015
1313  -3.593  -91.336  14.312 0.1000000015
933  -3.391  -91.743  15.489 0.1000000015
145530  -2.893  -92.110  16.162 0.1000000015
1814  -4.256  -90.098  14.066 0.1000000015
1312  -2.734  -91.460  13.905 0.1000000015
1300  -2.089  -91.785  14.772 0.1000000015
931  -1.421  -92.158  15.768 0.1000000015
921  -1.549  -92.507  16.708 0.1000000015
693  -1.687  -92.999  17.765 0.1000000015
1325  -3.413  -90.746  13.618 0.1000000015
1311  -1.804  -91.392  14.034 0.1000000015
692  -0.629  -93.510  17.580 0.1000000015
1299  -1.128  -91.717  15.043 0.1000000015
132137  -0.803  -92.484  16.563 0.1000000015
912  -0.017  -93.012  17.069 0.1000000015
283  -1.027  -94.528  17.405 0.1000000015
1823  2.423  -89.840  13.238 0.1000000015
1301  -4.422  -91.174  15.061 0.1000000015
1288  -4.197  -91.634  16.055 0.1000000015
922  -2.442  -92.449  16.795 0.1000000015
470  -1.055  -93.876  18.192 0.1000000015
923  -3.445  -92.163  16.690 0.1000000015
480  -1.350  -94.319  18.080 0.1000000015
1298  -0.010  -91.557  15.512 0.1000000015
1287  0.422  -92.080  16.183 0.1000000015
919  0.436  -92.632  16.429 0.1000000015
1296  1.175  -91.766  15.619 0.1000000015
61  -2.438  -95.304  16.767 0.1000000015
3623  1.672  -87.809  12.968 0.1000000015
2974  2.294  -88.433  12.569 0.1000000015
2977  2.601  -88.623  11.052 0.1000000015
653  -16.345  -93.131  23.453 0.1000000015
1308  2.060  -91.232  14.559 0.1000000015
74  -3.319  -95.803  16.886 0.1000000015
125186  -4.694  -96.088  17.310 0.1000000015
1323  2.291  -91.130  13.604 0.1000000015
1809  1.950  -90.501  14.551 0.1000000015
1331  2.305  -91.168  12.603 0.1000000015
2341  -0.103  -89.647  13.761 0.1000000015
1832  2.473  -90.537  13.056 0.1000000015
3636  2.017  -88.253  10.364 0.1000000015
39  -12.110  -95.907  20.649 0.1000000015
10889  0.995  -78.794  11.771 0.1000000015
10888  1.600  -78.997  11.991 0.1000000015
10896  0.542  -79.324  10.754 0.1000000015
126395  1.569  -79.503  10.463 0.1000000015
10863  -0.988  -78.465  13.305 0.1000000015
10891  -1.551  -79.363  12.121 0.1000000015
10007  -1.543  -79.731  10.236 0.1000000015
10864  -1.522  -78.356  13.009 0.1000000015
9976  -2.353  -79.259  12.366 0.1000000015
10897  -2.717  -78.975  11.017 0.1000000015
121474  -2.902  -78.666  12.227 0.1000000015
17937  0.440  -70.050  18.019 0.1000000015
17947  1.081  -70.295  17.036 0.1000000015
17936  0.937  -69.882  17.819 0.1000000015
136816  0.411  -88.752  13.697 0.1000000015
2955  1.708  -89.015  13.915 0.1000000015
2347  2.126  -89.529  13.893 0.1000000015
1804  0.418  -90.996  15.002 0.1000000015
10006  -0.750  -79.937  9.792 0.1000000015
18884  0.719  -69.531  18.566 0.1000000015
953  2.034  -91.748  13.064 0.1000000015
938  1.753  -91.957  14.571 0.1000000015
1309  1.486  -91.777  15.196 0.1000000015
479  -0.694  -93.999  17.703 0.1000000015
284  -1.830  -94.938  17.662 0.1000000015
2340  1.204  -89.482  14.140 0.1000000015
1310  -0.756  -91.173  14.490 0.1000000015
136475  2.259  -90.397  13.977 0.1000000015
1297  0.932  -91.478  15.697 0.1000000015
142365  1.499  -91.176  15.069 0.1000000015
1803  1.158  -90.901  15.084 0.1000000015
147263  2.031  -90.056  14.242 0.1000000015
2  -7.734  -96.197  19.066 0.1000000015
6  -6.661  -96.209  18.547 0.1000000015
10  -6.576  -96.448  17.803 0.1000000015
11  -7.837  -96.455  17.299 0.2000000030
12  -8.677  -96.399  17.139 0.2000000030
29  -12.481  -95.548  21.433 0.2000000030
30  -13.266  -94.973  21.309 0.2000000030
35  -8.705  -95.959  20.721 0.1000000015
36  -9.624  -96.311  19.633 0.1000000015
38  -11.166  -96.082  20.566 0.1000000015
46  -10.429  -96.268  19.594 0.1000000015
49  -13.115  -95.200  20.065 0.2000000030
57  -15.729  -95.284  18.237 0.1000000015
66  -9.892  -96.273  17.294 0.2000000030
69  -14.731  -95.121  17.581 0.2000000030
71  -16.000  -95.557  17.515 0.1000000015
81  -14.482  -95.482  16.197 0.2000000030
83  -16.261  -95.692  16.770 0.1000000015
96  -15.474  -95.961  15.708 0.2000000030
101  -3.320  -95.667  15.257 0.2000000030
105  -13.947  -95.741  14.642 0.2000000030
107  -16.852  -95.885  13.992 0.1000000015
120  -15.393  -96.048  13.016 0.2000000030
125  -3.100  -95.267  12.716 0.6999999881
132  -9.230  -95.683  12.188 0.8000000119
133  -9.991  -95.858  12.137 0.8000000119
145  -6.523  -96.336  11.637 0.8999999762
153  -15.218  -96.054  11.631 0.3000000119
154  -16.292  -95.958  11.716 0.2000000030
165  -14.235  -96.016  10.632 0.2000000030
166  -15.140  -96.010  10.218 0.1000000015
176  -13.439  -95.846  9.079 0.2000000030
185  -12.436  -95.241  8.308 0.3000000119
188  -14.253  -96.044  8.756 0.1000000015
189  -16.206  -95.934  8.296 0.1000000015
193  -7.796  -95.647  7.939 1.0000000000
195  -12.440  -95.403  7.673 0.3000000119
196  -13.017  -95.813  7.519 0.2000000030
198  -14.328  -96.055  7.894 0.1000000015
200  -16.356  -95.851  7.489 0.1000000015
207  -14.867  -95.932  6.688 0.1000000015
217  -16.031  -95.665  5.603 0.1000000015
220  -12.891  -95.663  5.209 0.1000000015
221  -13.373  -95.559  4.548 0.1000000015
227  -15.693  -95.299  4.050 0.1000000015
230  -12.719  -94.349  23.702 0.2000000030
241  -9.526  -95.359  22.471 0.1000000015
243  -11.451  -95.439  22.523 0.1000000015
245  -13.440  -94.519  22.526 0.2000000030
276  -15.611  -94.971  19.066 0.2000000030
292  -10.660  -95.544  15.982 0.2000000030
298  -1.373  -94.949  15.742 0.2000000030
305  -11.109  -95.019  15.791 0.2000000030
307  -19.636  -94.401  15.660 0.1000000015
317  -19.327  -94.499  14.332 0.1000000015
329  -19.074  -94.593  13.454 0.1000000015
333  -8.638  -95.282  12.675 0.8000000119
376  -7.712  -94.651  5.770 1.0000000000
385  -8.687  -94.252  5.098 1.0000000000
386  -11.848  -94.976  5.155 0.3000000119
397  -16.272  -94.975  3.729 0.1000000015
400  -12.677  -94.986  3.184 0.1000000015
425  -13.303  -93.975  24.018 0.1000000015
435  -13.579  -94.158  23.511 0.2000000030
436  -14.441  -93.972  23.262 0.2000000030
438  -16.225  -93.442  23.069 0.1000000015
447  -15.011  -93.831  22.596 0.2000000030
453  -15.544  -93.795  21.916 0.2000000030
454  -16.339  -93.755  21.786 0.2000000030
458  -13.851  -93.751  20.729 0.2000000030
465  -14.234  -93.360  20.328 0.2000000030
484  0.375  -93.199  16.251 0.2000000030
493  -9.197  -93.414  15.130 0.5000000000
496  -14.264  -94.090  15.534 0.2000000030
497  -14.736  -93.032  15.817 0.2000000030
501  0.094  -93.667  14.547 0.2000000030
503  -7.252  -94.130  14.847 0.3000000119
559  -5.087  -94.182  8.493 1.0000000000
590  -11.904  -94.471  3.146 0.4000000060
636  -13.367  -93.188  24.371 0.1000000015
645  -16.029  -93.028  23.845 0.1000000015
652  -15.739  -93.305  23.581 0.2000000030
684  -1.042  -93.440  17.934 0.1000000015
699  0.728  -92.622  16.256 0.2000000030
718  0.555  -93.102  13.617 0.2000000030
738  -6.289  -93.184  11.272 1.0000000000
740  -14.892  -91.871  10.183 0.5000000000
746  -5.708  -93.425  10.964 1.0000000000
747  -6.617  -93.777  10.754 1.0000000000
748  -6.983  -93.440  10.567 1.0000000000
753  -5.995  -93.868  9.841 1.0000000000
754  -6.562  -93.598  10.010 1.0000000000
759  -1.037  -93.244  8.711 1.0000000000
787  -8.752  -93.768  4.692 1.0000000000
799  -4.002  -92.518  2.900 1.0000000000
813  -12.007  -92.235  0.728 0.6000000238
814  -11.856  -93.385  1.169 0.4000000060
828  -13.340  -91.932  -0.367 0.3000000119
866  -13.425  -92.366  24.357 0.1000000015
869  -15.804  -92.704  24.027 0.2000000030
913  -0.731  -92.955  17.337 0.1000000015
920  -0.088  -92.592  16.672 0.1000000015
929  1.105  -92.205  15.825 0.2000000030
930  -0.481  -92.113  15.996 0.1000000015
932  -2.382  -92.098  15.722 0.1000000015
940  -10.142  -91.260  14.050 0.5000000000
942  -10.893  -91.527  14.559 0.5000000000
946  2.054  -91.663  13.980 0.1000000015
962  1.560  -91.538  11.199 0.2000000030
965  -6.290  -92.567  11.347 1.0000000000
966  -6.620  -92.575  11.111 1.0000000000
976  -4.075  -92.854  10.305 1.0000000000
977  -4.531  -92.569  11.183 1.0000000000
978  -6.902  -92.864  10.776 1.0000000000
983  -6.222  -92.736  9.483 1.0000000000
1018  -8.818  -91.821  3.904 1.0000000000
1025  -7.946  -92.076  2.927 1.0000000000
1043  -4.907  -91.522  1.094 1.0000000000
1048  -13.446  -90.686  0.603 0.4000000060
1209  -12.541  -92.324  24.487 0.1000000015
1218  -12.118  -91.872  24.312 0.1000000015
1220  -14.318  -92.352  24.231 0.1000000015
1230  -14.498  -91.631  23.764 0.1000000015
1286  0.905  -92.085  16.137 0.1000000015
1302  -5.420  -90.480  15.054 0.1000000015
1314  -4.539  -90.555  14.349 0.1000000015
1315  -5.690  -90.017  14.885 0.1000000015
1317  -11.466  -90.704  14.434 0.4000000060
1319  -13.491  -90.564  14.359 0.4000000060
1330  2.482  -90.605  12.248 0.1000000015
1337  -5.786  -91.744  11.529 1.0000000000
1353  -6.497  -91.888  11.000 1.0000000000
1354  -6.350  -91.332  10.625 1.0000000000
1364  -6.275  -91.295  9.976 1.0000000000
1388  -4.706  -91.606  6.395 1.0000000000
1394  -0.829  -91.071  5.200 0.8999999762
1395  -1.213  -91.410  5.731 1.0000000000
1402  -2.506  -91.227  3.970 1.0000000000
1407  -2.019  -91.336  2.829 1.0000000000
1409  -8.477  -91.426  3.141 1.0000000000
1437  -9.897  -90.812  0.860 0.6999999881
1440  -13.639  -90.176  0.565 0.4000000060
1443  -2.952  -90.676  0.236 0.8999999762
1450  -10.006  -91.028  -0.568 0.6000000238
1452  -12.660  -89.935  -0.402 0.5000000000
1458  -6.153  -90.485  -0.926 0.8999999762
1810  1.549  -90.392  14.628 0.1000000015
1816  -11.142  -90.146  14.099 0.5000000000
1817  -12.840  -89.887  14.279 0.4000000060
1819  -13.590  -89.667  13.688 0.4000000060
1831  2.590  -90.015  12.447 0.1000000015
1837  -4.685  -90.555  11.531 1.0000000000
1838  -5.478  -90.788  11.564 1.0000000000
1850  2.541  -89.882  10.638 0.2000000030
1874  1.940  -90.056  8.679 0.6999999881
1875  -2.148  -90.570  8.474 1.0000000000
1898  -0.732  -90.443  4.683 0.8999999762
1905  0.829  -89.952  4.659 0.8000000119
1910  -10.537  -89.873  4.324 0.8000000119
1914  -2.141  -90.826  3.380 1.0000000000
1934  -0.956  -89.657  1.313 1.0000000000
1946  -1.476  -90.188  0.989 1.0000000000
1947  -2.182  -90.570  0.562 1.0000000000
1977  -13.538  -90.232  -2.372 0.2000000030
1979  -4.129  -89.307  -2.349 0.6000000238
1980  -5.808  -89.549  -2.794 0.6999999881
2339  1.811  -89.844  14.278 0.1000000015
2354  2.534  -89.326  12.560 0.1000000015
2369  2.637  -89.256  10.279 0.2000000030
2370  -3.728  -89.523  10.295 1.0000000000
2384  2.183  -89.360  9.086 0.2000000030
2417  -7.762  -89.464  7.745 1.0000000000
2424  1.955  -88.868  6.963 0.4000000060
2435  2.037  -89.045  5.850 0.6000000238
2437  -1.275  -89.842  5.350 1.0000000000
2464  0.657  -89.200  3.563 0.8999999762
2480  -11.969  -89.639  3.485 0.8000000119
2487  -0.248  -88.789  1.032 1.0000000000
2488  -0.673  -89.159  1.309 1.0000000000
2517  -0.968  -88.933  -0.944 1.0000000000
2518  -1.789  -89.133  -1.141 0.8999999762
2519  -2.525  -89.380  -1.350 0.8999999762
2522  -2.823  -89.119  -2.006 1.0000000000
2527  -3.787  -88.930  -2.733 0.6999999881
2530  -6.122  -89.151  -3.422 0.4000000060
2537  -13.577  -89.620  -3.087 0.1000000015
2538  -14.721  -89.596  -2.970 0.1000000015
2546  -7.581  -88.460  -4.486 0.3000000119
2548  -9.363  -88.546  -4.628 0.3000000119
2551  -12.647  -88.417  -4.125 0.1000000015
2552  -14.054  -89.006  -3.480 0.1000000015
2981  1.793  -88.637  9.328 0.2000000030
2982  -6.388  -89.009  10.736 1.0000000000
3002  1.695  -88.779  7.710 0.3000000119
3005  -8.280  -88.884  8.043 1.0000000000
3032  2.081  -88.659  5.104 0.6000000238
3034  -1.940  -88.535  6.132 1.0000000000
3048  2.111  -88.191  4.375 0.8000000119
3052  -5.263  -88.616  3.290 1.0000000000
3067  0.568  -88.577  2.993 0.8999999762
3068  -0.167  -88.464  3.547 1.0000000000
3080  1.119  -87.976  2.677 1.0000000000
3081  -1.359  -89.220  1.987 1.0000000000
3083  -3.145  -88.469  2.215 1.0000000000
3091  -0.661  -88.260  1.286 1.0000000000
3102  -0.034  -88.260  1.051 1.0000000000
3108  0.238  -87.796  -0.054 1.0000000000
3109  -0.327  -88.315  -0.576 1.0000000000
3118  -0.340  -87.814  -1.409 1.0000000000
3134  -3.369  -88.521  -3.179 0.6999999881
3139  -4.284  -88.246  -3.915 0.5000000000
3145  -9.816  -88.139  -5.032 0.3000000119
3146  -10.454  -88.064  -5.090 0.3000000119
3147  -11.222  -88.084  -4.944 0.2000000030
3149  -13.222  -87.847  -4.401 0.1000000015
3151  -15.013  -88.190  -3.636 0.1000000015
3152  -4.460  -87.679  -4.572 0.5000000000
3157  -12.558  -87.809  -4.438 0.2000000030
3641  -8.980  -86.854  10.441 1.0000000000
3646  -0.192  -87.868  8.267 0.1000000015
3649  -8.663  -87.617  10.054 1.0000000000
3661  -9.429  -86.990  9.898 1.0000000000
3685  2.610  -87.208  5.863 0.6000000238
3686  -2.138  -87.211  5.888 1.0000000000
3698  2.494  -87.615  5.525 0.6000000238
3699  2.360  -87.545  4.724 0.8999999762
3700  -1.071  -87.411  4.378 1.0000000000
3712  0.414  -87.572  2.827 1.0000000000
3721  2.064  -86.958  2.817 1.0000000000
3722  1.548  -87.391  2.660 1.0000000000
3744  0.079  -87.576  0.865 1.0000000000
3756  -7.326  -87.081  -0.347 0.1000000015
3768  0.121  -87.099  -1.466 0.8999999762
3784  -0.153  -86.740  -2.299 0.8000000119
3785  -0.768  -87.206  -2.525 0.6999999881
3809  -10.345  -87.514  -4.156 0.2000000030
3825  -9.495  -87.584  -4.966 0.2000000030
3826  -10.150  -87.561  -4.990 0.2000000030
3833  -2.906  -86.762  -4.783 0.6000000238
3839  -11.594  -87.951  -4.757 0.2000000030
4327  -9.004  -86.323  10.540 1.0000000000
4328  -9.122  -86.177  10.453 1.0000000000
4343  -9.383  -86.724  9.495 1.0000000000
4344  -9.385  -86.365  10.068 1.0000000000
4354  -9.150  -86.698  8.730 1.0000000000
4388  2.322  -86.832  4.382 0.8999999762
4412  2.123  -86.083  2.917 0.8999999762
4413  1.519  -86.586  2.563 1.0000000000
4416  -3.796  -86.673  2.321 1.0000000000
4426  1.886  -85.771  2.695 1.0000000000
4428  -1.377  -86.625  1.281 1.0000000000
4441  0.889  -86.051  -0.152 1.0000000000
4443  0.042  -86.894  0.891 1.0000000000
4459  0.733  -86.232  -0.577 1.0000000000
4460  -6.798  -86.525  -0.422 0.1000000015
4472  0.498  -86.413  -1.234 0.8999999762
4474  -4.536  -85.908  -0.612 0.1000000015
4475  -5.418  -86.494  -0.107 0.1000000015
4487  0.556  -85.775  -1.774 1.0000000000
4488  0.199  -86.131  -2.294 0.8999999762
4502  -0.136  -86.071  -2.930 0.8000000119
4503  -0.768  -86.348  -3.423 0.6999999881
4511  -0.964  -86.049  -4.146 0.6999999881
4513  -4.484  -85.515  -4.750 0.3000000119
4519  -3.817  -86.410  -5.350 0.4000000060
4529  -3.597  -85.803  -5.676 0.2000000030
5026  -8.809  -85.971  10.535 1.0000000000
5029  1.268  -85.867  8.767 0.1000000015
5047  2.078  -85.410  7.585 0.4000000060
5048  -2.974  -85.168  7.180 1.0000000000
5062  2.303  -86.280  6.543 0.6000000238
5064  -2.389  -85.287  6.608 1.0000000000
5080  -1.973  -85.592  5.966 1.0000000000
5093  2.224  -86.104  4.237 0.8999999762
5097  -5.118  -85.986  4.278 1.0000000000
5121  2.092  -85.175  2.984 0.8999999762
5122  1.104  -85.823  2.368 1.0000000000
5123  0.050  -85.116  2.593 1.0000000000
5125  -3.265  -85.206  2.383 1.0000000000
5137  1.404  -85.190  2.462 1.0000000000
5140  -2.060  -85.280  1.595 1.0000000000
5150  -0.353  -85.521  0.878 1.0000000000
5159  0.834  -85.494  -0.608 1.0000000000
5160  -6.207  -86.051  -0.238 0.1000000015
5167  0.892  -85.137  -1.303 1.0000000000
5169  -6.862  -85.539  -0.714 0.1000000015
5177  0.705  -84.927  -2.051 1.0000000000
5179  -3.483  -84.590  -3.017 0.1000000015
5180  -3.925  -85.095  -1.554 0.2000000030
5181  -4.848  -84.549  -1.979 0.2000000030
5192  0.181  -85.256  -3.283 0.8999999762
5193  -3.467  -84.968  -2.509 0.1000000015
5207  -0.693  -85.263  -4.351 0.6999999881
5228  -2.330  -85.405  -5.613 0.5000000000
5229  -4.814  -85.393  -5.573 0.2000000030
5230  -5.307  -84.944  -5.867 0.2000000030
5231  -7.113  -84.764  -6.203 0.1000000015
5246  -2.023  -84.760  -5.924 0.5000000000
5248  -3.412  -85.190  -6.250 0.3000000119
5249  -4.068  -85.282  -6.260 0.2000000030
5251  -5.865  -84.767  -6.594 0.1000000015
5259  -3.153  -84.602  -6.671 0.4000000060
5261  -4.660  -84.747  -6.680 0.3000000119
5832  1.847  -85.049  9.386 0.3000000119
5860  -1.923  -84.444  6.650 1.0000000000
5872  -1.390  -84.286  6.093 1.0000000000
5892  2.073  -84.772  3.461 1.0000000000
5893  -0.450  -84.157  3.565 1.0000000000
5894  -0.808  -84.053  4.165 1.0000000000
5907  -0.089  -84.319  2.733 1.0000000000
5920  2.004  -84.683  2.878 1.0000000000
5921  1.565  -84.633  2.630 1.0000000000
5922  1.133  -84.691  2.229 1.0000000000
5924  -2.307  -84.366  1.694 1.0000000000
5931  0.735  -85.044  -0.439 1.0000000000
5934  -0.885  -84.736  0.927 1.0000000000
5947  0.498  -84.398  -0.602 1.0000000000
5960  0.835  -84.377  -1.574 1.0000000000
5989  0.727  -83.919  -3.183 0.8000000119
5991  -3.714  -84.534  -3.237 0.1000000015
5992  -4.646  -84.392  -3.172 0.1000000015
6011  0.644  -83.711  -4.015 0.8000000119
6012  0.240  -84.314  -4.234 0.8999999762
6029  -0.851  -84.244  -5.110 0.8999999762
6040  -1.803  -83.983  -6.094 0.6000000238
6051  -2.919  -84.007  -7.048 0.4000000060
6053  -4.475  -84.325  -7.137 0.3000000119
6055  -6.313  -84.509  -7.255 0.1000000015
6067  -4.214  -83.727  -7.458 0.4000000060
6069  -5.715  -83.833  -7.697 0.1000000015
6691  2.114  -83.431  7.549 0.3000000119
6722  2.105  -83.960  4.432 0.8999999762
6730  2.068  -84.007  3.614 1.0000000000
6744  1.956  -83.852  3.109 1.0000000000
6745  1.493  -83.535  2.823 1.0000000000
6746  0.495  -83.545  2.378 1.0000000000
6759  1.737  -84.175  2.819 1.0000000000
6777  -2.917  -82.718  0.917 1.0000000000
6797  0.606  -83.711  -1.970 1.0000000000
6798  0.217  -83.302  -1.653 1.0000000000
6804  0.660  -83.451  -2.771 0.8999999762
6826  0.216  -83.822  -4.682 0.6999999881
6834  0.424  -83.186  -4.583 0.6999999881
6835  -0.324  -83.770  -5.090 0.8999999762
6844  -0.535  -83.121  -5.179 0.6999999881
6845  -1.192  -82.930  -5.429 0.6999999881
6846  -1.662  -83.054  -6.119 0.5000000000
6856  -2.919  -83.411  -7.121 0.4000000060
6861  -4.000  -83.055  -7.691 0.3000000119
7531  -8.623  -82.168  10.776 1.0000000000
7541  2.165  -82.711  8.042 0.3000000119
7546  2.201  -82.564  7.225 0.3000000119
7556  -2.149  -82.367  6.861 1.0000000000
7581  2.018  -82.515  4.604 0.8999999762
7582  -0.913  -82.563  4.413 1.0000000000
7609  1.239  -82.773  2.799 1.0000000000
7610  0.836  -82.550  2.421 1.0000000000
7613  -4.740  -82.630  1.852 1.0000000000
7614  -6.069  -82.412  1.494 1.0000000000
7659  0.432  -82.783  -3.165 1.0000000000
7661  -1.141  -82.330  -2.981 1.0000000000
7689  0.006  -82.792  -5.045 0.8999999762
7698  -1.393  -82.439  -5.778 0.6999999881
7713  -1.828  -82.304  -6.402 0.4000000060
7714  -2.348  -82.251  -6.885 0.4000000060
7715  -2.655  -82.854  -7.034 0.3000000119
7727  -2.660  -81.725  -7.094 0.4000000060
7729  -3.818  -82.253  -7.800 0.2000000030
7730  -4.594  -82.513  -8.096 0.2000000030
8399  2.190  -81.382  7.658 0.5000000000
8402  -10.172  -80.793  7.157 1.0000000000
8404  2.021  -81.635  6.146 0.6999999881
8420  1.341  -81.157  4.145 1.0000000000
8421  -1.476  -81.189  4.350 1.0000000000
8429  1.707  -81.934  3.988 1.0000000000
8430  -1.077  -81.164  3.588 1.0000000000
8432  -7.953  -81.896  1.476 1.0000000000
8440  0.623  -81.789  2.646 1.0000000000
8441  -0.013  -81.455  2.776 1.0000000000
8442  -0.648  -81.047  2.960 1.0000000000
8443  -6.645  -82.259  0.320 1.0000000000
8459  -5.798  -82.060  -1.755 1.0000000000
8493  -0.624  -82.012  -3.858 0.8999999762
8504  -1.107  -82.143  -4.439 0.8999999762
8513  -0.078  -82.193  -4.788 0.8999999762
8514  -0.871  -82.268  -4.845 0.8999999762
8522  -0.561  -82.549  -5.059 0.8000000119
8524  -8.530  -81.477  -6.333 0.1000000015
8543  -1.648  -81.966  -6.114 0.4000000060
8545  -8.328  -81.598  -7.199 0.1000000015
8560  -3.372  -81.588  -7.629 0.4000000060
8561  -3.976  -81.629  -8.151 0.2000000030
8567  -4.448  -81.330  -8.537 0.2000000030
8569  -5.554  -81.309  -9.229 0.2000000030
9195  2.009  -80.825  7.176 0.5000000000
9204  1.231  -80.677  5.577 0.6999999881
9205  1.142  -80.111  4.950 0.8000000119
9208  -9.600  -80.729  5.174 1.0000000000
9212  1.213  -80.216  4.110 0.8999999762
9214  -1.885  -80.759  4.713 1.0000000000
9222  1.100  -80.848  3.022 1.0000000000
9223  0.752  -80.350  3.116 1.0000000000
9224  -0.247  -80.414  3.281 1.0000000000
9225  -7.541  -80.855  1.251 1.0000000000
9249  -6.054  -80.734  -1.605 0.8999999762
9283  -2.976  -81.618  -4.346 0.8999999762
9303  -1.668  -81.990  -5.258 0.8000000119
9304  -2.471  -81.577  -5.186 0.8000000119
9314  -1.867  -81.799  -5.800 0.4000000060
9315  -2.599  -81.299  -6.079 0.4000000060
9339  -2.567  -81.351  -6.698 0.4000000060
9340  -3.096  -80.929  -6.992 0.3000000119
9341  -3.667  -80.597  -7.299 0.2000000030
9351  -3.416  -81.014  -7.637 0.4000000060
9353  -4.608  -80.412  -8.252 0.2000000030
9357  -7.942  -80.551  -8.529 0.1000000015
9358  -4.335  -80.891  -8.432 0.2000000030
9359  -4.975  -80.946  -8.931 0.2000000030
9977  -2.971  -79.069  12.440 0.1000000015
9990  1.796  -79.388  11.414 0.1000000015
9991  -1.049  -79.564  10.980 0.1000000015
9992  -2.037  -79.554  11.416 0.1000000015
9993  -2.728  -79.169  11.855 0.1000000015
9994  -3.092  -79.011  12.350 0.1000000015
10008  -2.213  -79.400  10.663 0.1000000015
10015  1.541  -80.210  8.407 0.3000000119
10019  -1.643  -79.597  9.713 0.1000000015
10025  -1.018  -80.018  8.361 0.4000000060
10026  -1.478  -79.592  8.986 0.4000000060
10032  0.493  -80.021  6.377 0.6999999881
10034  -0.709  -79.980  7.724 0.4000000060
10048  1.034  -80.007  5.525 0.6999999881
10049  1.074  -79.286  5.579 0.8000000119
10057  -9.405  -80.712  4.406 1.0000000000
10058  1.117  -79.426  4.527 1.0000000000
10059  -0.485  -79.220  4.089 1.0000000000
10061  -1.987  -80.252  4.843 1.0000000000
10066  -9.293  -80.758  3.991 1.0000000000
10072  -0.809  -80.014  3.729 1.0000000000
10167  -3.046  -80.984  -5.681 0.5000000000
10169  -3.755  -79.856  -6.245 0.5000000000
10170  -8.500  -79.994  -6.205 0.1000000015
10189  -3.419  -80.475  -6.597 0.3000000119
10191  -4.606  -79.796  -7.462 0.3000000119
10193  -6.745  -79.124  -7.443 0.1000000015
10199  -7.059  -79.888  -8.044 0.2000000030
10200  -7.802  -79.947  -8.105 0.1000000015
10847  -7.085  -78.694  14.320 1.0000000000
10878  -1.746  -79.008  12.832 0.1000000015
10879  -2.529  -78.999  12.597 0.1000000015
10880  -3.151  -78.927  12.521 0.1000000015
10892  -3.111  -78.911  12.421 0.1000000015
10895  1.421  -79.162  11.285 0.1000000015
10898  -2.974  -78.883  12.060 0.1000000015
10917  1.060  -78.893  6.043 0.8000000119
10921  1.123  -78.899  4.996 0.8000000119
10922  -0.716  -78.135  5.058 1.0000000000
10927  1.024  -78.729  4.491 1.0000000000
10928  0.519  -78.512  4.446 1.0000000000
10936  0.269  -78.860  3.939 1.0000000000
10937  -2.632  -78.540  3.207 1.0000000000
10954  -1.892  -78.889  1.096 1.0000000000
10980  -2.061  -78.403  -1.748 0.6999999881
11023  -3.974  -79.003  -5.318 0.5000000000
11024  -3.845  -78.339  -5.218 0.5000000000
11041  -3.864  -79.539  -5.834 0.5000000000
11044  -5.308  -78.378  -6.355 0.2000000030
11061  -4.272  -79.461  -6.613 0.3000000119
11064  -7.607  -78.790  -7.193 0.1000000015
11065  -8.289  -78.667  -6.863 0.1000000015
11713  -1.130  -77.831  13.858 0.1000000015
11724  -1.841  -78.072  12.563 0.1000000015
11745  1.015  -77.020  9.595 0.4000000060
11746  -0.164  -77.372  9.713 0.4000000060
11747  -1.418  -77.841  10.023 0.4000000060
11756  -1.734  -78.594  9.620 0.4000000060
11760  -0.782  -78.662  8.250 0.4000000060
11764  1.100  -77.835  6.453 0.6999999881
11777  0.274  -77.870  4.803 0.8999999762
11791  -1.581  -77.649  2.292 1.0000000000
11802  -1.756  -77.601  1.348 0.8999999762
11811  -6.602  -77.241  0.889 0.1000000015
11859  -2.928  -77.762  -3.440 0.6000000238
11869  -2.967  -78.545  -3.506 0.5000000000
11885  -3.707  -77.593  -4.811 0.5000000000
11886  -4.932  -77.461  -5.457 0.5000000000
11887  -5.690  -77.185  -5.686 0.3000000119
11907  -4.171  -78.560  -5.617 0.5000000000
11908  -4.718  -78.136  -5.804 0.4000000060
11910  -7.099  -77.650  -6.269 0.2000000030
11911  -7.899  -77.540  -6.169 0.1000000015
11924  -8.259  -78.029  -6.429 0.1000000015
12538  -1.237  -76.663  14.506 0.1000000015
12584  -2.083  -77.595  12.138 0.2000000030
12590  1.325  -76.231  10.117 0.5000000000
12598  1.258  -76.566  8.586 0.5000000000
12606  1.060  -77.242  6.169 0.8999999762
12618  -1.220  -76.544  3.153 0.8000000119
12623  -1.344  -77.047  2.578 1.0000000000
12632  -5.982  -75.714  1.820 0.1000000015
12644  -2.091  -76.586  0.364 0.8000000119
12645  -5.845  -75.908  0.904 0.1000000015
12656  -1.906  -77.329  0.196 0.8000000119
12658  -5.946  -76.090  0.018 0.1000000015
12659  -6.191  -76.678  0.371 0.1000000015
12671  -2.059  -77.464  -1.686 0.6000000238
12688  -6.486  -76.011  -1.533 0.1000000015
12700  -2.816  -77.351  -2.825 0.5000000000
12715  -3.926  -76.786  -4.347 0.5000000000
12718  -6.530  -75.937  -4.681 0.4000000060
12719  -7.728  -76.445  -4.447 0.1000000015
12738  -6.055  -76.521  -5.248 0.3000000119
12739  -6.957  -76.479  -5.256 0.2000000030
12741  -8.226  -77.164  -5.435 0.1000000015
12759  -8.015  -77.103  -5.720 0.1000000015
13441  1.179  -75.178  12.139 0.3000000119
13447  -12.583  -76.010  12.747 1.0000000000
13453  -0.445  -76.268  12.128 0.2000000030
13459  1.878  -74.868  10.412 0.6000000238
13469  1.617  -75.560  9.727 0.6000000238
13470  -8.541  -75.710  9.316 1.0000000000
13487  -1.915  -75.736  5.738 1.0000000000
13504  -1.694  -75.373  1.748 0.8000000119
13542  -2.387  -76.741  -1.721 0.6000000238
13543  -2.839  -75.603  -1.407 0.6000000238
13545  -6.075  -75.662  -0.754 0.1000000015
13573  -3.979  -75.541  -3.370 0.4000000060
13576  -6.449  -75.293  -3.192 0.2000000030
13593  -4.209  -75.974  -3.969 0.4000000060
13594  -4.962  -75.748  -4.044 0.3000000119
14235  -11.781  -74.333  17.588 1.0000000000
14288  2.056  -73.281  12.844 0.4000000060
14291  -1.273  -74.336  13.548 0.1000000015
14292  -1.508  -74.604  13.964 0.1000000015
14303  -12.731  -74.725  12.762 1.0000000000
14305  2.052  -74.198  11.505 0.6000000238
14312  2.026  -74.319  10.901 0.6000000238
14362  -0.650  -73.909  5.046 0.8999999762
14373  -1.332  -74.294  2.496 0.8000000119
14391  -5.904  -74.882  -0.085 0.1000000015
14400  -2.781  -75.265  0.125 0.4000000060
14415  -3.568  -74.803  -1.107 0.2000000030
14429  -5.453  -74.458  -1.964 0.2000000030
14444  -5.346  -74.636  -2.693 0.2000000030
15092  -9.974  -74.796  19.164 1.0000000000
15108  -12.535  -74.050  16.320 1.0000000000
15146  0.302  -73.721  13.639 0.3000000119
15147  -0.991  -73.769  13.775 0.2000000030
15154  2.071  -73.248  12.327 0.6000000238
15183  1.260  -73.506  10.401 0.8000000119
15199  1.564  -74.058  10.046 0.6999999881
15200  -4.503  -73.388  9.274 1.0000000000
15250  -0.752  -73.638  5.723 0.8999999762
16115  1.724  -71.783  14.792 0.4000000060
16116  1.260  -72.282  14.969 0.2000000030
16117  0.422  -72.270  15.133 0.1000000015
16131  -0.521  -72.783  14.749 0.1000000015
16132  -1.364  -72.890  14.964 0.1000000015
16158  -12.570  -73.212  13.029 1.0000000000
16164  1.657  -72.718  11.688 0.6999999881
16182  0.766  -72.912  10.664 0.8999999762
16184  -5.452  -72.540  10.380 1.0000000000
16210  -0.568  -71.667  8.034 0.8999999762
16211  -0.532  -72.016  8.101 0.8999999762
16239  -0.800  -72.430  6.382 0.8999999762
16248  -0.738  -73.037  6.234 0.8999999762
16249  -0.861  -72.666  5.862 0.8000000119
16260  -0.942  -72.834  4.542 0.8000000119
16294  -2.103  -72.489  2.763 0.3000000119
16311  -3.440  -72.378  1.193 0.1000000015
17015  -17.876  -71.277  18.872 1.0000000000
17022  -18.468  -71.352  18.358 1.0000000000
17029  -18.311  -71.445  18.013 1.0000000000
17048  1.794  -71.222  15.239 0.6000000238
17052  -1.405  -72.161  15.887 0.1000000015
17062  1.974  -71.317  14.619 0.4000000060
17086  1.555  -71.709  12.734 0.6999999881
17089  -1.016  -71.252  12.258 0.8999999762
17123  -4.467  -71.535  10.308 1.0000000000
17137  -1.206  -71.581  9.196 0.8999999762
17195  -2.133  -71.965  3.507 0.4000000060
17207  -2.689  -71.847  2.759 0.2000000030
17919  -16.098  -70.255  19.796 1.0000000000
17945  -22.019  -70.543  18.856 0.8999999762
17948  0.692  -70.408  17.309 0.1000000015
17953  -18.723  -71.114  17.806 1.0000000000
17954  -19.397  -71.121  17.942 1.0000000000
17955  -20.769  -70.518  18.067 1.0000000000
17974  1.708  -70.449  15.102 0.8000000119
17984  1.547  -70.322  14.451 0.8000000119
17993  1.955  -70.938  14.080 0.8000000119
18053  -0.580  -70.478  9.012 0.8999999762
18103  -2.656  -70.510  4.269 0.2000000030
18120  -3.229  -71.129  2.925 0.1000000015
18858  -21.792  -70.364  20.123 0.8000000119
18872  0.385  -69.215  19.227 0.1000000015
18878  -22.740  -69.712  19.508 0.8999999762
18887  -21.955  -70.307  18.389 0.8999999762
18926  0.748  -69.235  14.383 0.8000000119
18928  -1.577  -69.312  14.013 0.8000000119
18934  1.052  -69.824  13.922 0.8000000119
18937  -1.507  -69.815  13.528 0.8999999762
18975  -0.646  -69.999  10.183 0.8000000119
19876  0.407  -68.327  19.171 0.1000000015
19881  -23.317  -68.870  19.578 0.8999999762
19883  -24.322  -67.972  18.103 0.8999999762
19888  -23.620  -68.510  18.019 0.8999999762
19901  -23.274  -68.340  17.815 0.8999999762
19902  -23.905  -68.119  17.636 0.8999999762
20882  -18.912  -67.245  17.427 1.0000000000
20883  -20.131  -68.180  17.565 1.0000000000
20912  -0.357  -67.335  15.823 0.6000000238
20923  -1.008  -67.004  12.862 0.8000000119
20924  -1.510  -67.266  13.162 0.8999999762
20933  -2.620  -68.121  12.854 0.8999999762
20952  -0.837  -67.889  10.933 0.6000000238
20992  -3.107  -67.909  6.821 0.1000000015
21784  -24.699  -66.464  21.280 0.8000000119
21804  0.323  -66.296  19.338 0.4000000060
21809  -17.578  -66.755  19.930 1.0000000000
21831  -23.118  -67.206  17.773 1.0000000000
21833  -24.423  -66.979  17.682 0.8999999762
21874  -0.961  -66.824  12.376 0.8000000119
21886  -1.151  -66.634  11.646 0.6999999881
22797  -18.153  -66.025  20.625 0.6999999881
22849  -15.782  -66.065  16.819 1.0000000000
22911  -2.850  -65.911  9.921 0.2000000030
23779  -25.081  -64.499  22.761 0.6999999881
23829  -25.193  -64.399  18.259 0.8999999762
23925  -3.603  -64.672  10.748 0.1000000015
24796  -18.860  -63.775  26.873 0.1000000015
24832  -10.141  -63.345  25.280 0.4000000060
24834  -13.323  -63.723  24.671 0.3000000119
24856  -1.093  -63.186  23.445 0.1000000015
24875  -15.821  -63.102  22.321 0.6999999881
24897  -26.557  -62.474  20.877 0.8000000119
24936  -1.487  -62.405  17.814 0.6999999881
24954  -1.799  -62.538  17.646 0.6999999881
24957  -11.793  -63.719  16.829 1.0000000000
24985  -1.965  -64.105  14.295 0.8999999762
26002  -14.656  -63.036  23.459 0.6000000238
26024  -15.272  -63.013  22.935 0.6999999881
26054  -1.652  -61.881  18.656 0.6999999881
26055  -1.313  -61.905  18.538 0.6999999881
26056  -1.984  -61.917  18.134 0.6999999881
26067  -25.301  -61.361  18.842 0.8999999762
26079  -2.395  -61.994  17.977 0.6999999881
26081  -6.795  -61.278  17.661 0.8999999762
26082  -7.374  -62.107  17.376 0.8999999762
26099  -2.610  -61.951  16.932 0.6000000238
26100  -7.195  -61.530  17.551 0.8999999762
27210  -2.598  -61.098  19.120 0.6999999881
27212  -5.548  -59.904  18.952 0.8999999762
27213  -5.158  -60.215  18.793 0.8999999762
27229  -1.951  -61.606  18.692 0.6999999881
27230  -2.568  -60.999  18.756 0.6999999881
27253  -2.829  -60.852  17.878 0.6999999881
27254  -6.275  -60.429  18.396 0.8999999762
27255  -6.611  -60.908  17.866 0.8999999762
27257  -8.043  -61.077  17.797 1.0000000000
27259  -11.520  -62.210  19.150 1.0000000000
27270  -2.599  -61.705  17.552 0.6000000238
27273  -8.478  -61.739  17.380 1.0000000000
27303  -3.050  -62.303  14.997 0.4000000060
27304  -3.789  -61.931  14.435 0.2000000030
27351  -7.210  -60.933  13.776 0.1000000015
28308  -3.453  -60.371  19.589 0.8000000119
28324  -2.957  -60.700  19.489 0.8000000119
28326  -3.924  -59.930  19.933 0.8000000119
28348  -2.993  -60.660  18.935 0.8000000119
28350  -4.604  -59.726  19.327 0.8000000119
28374  -3.131  -60.344  18.672 0.6000000238
28375  -3.563  -59.798  18.825 0.4000000060
28376  -6.034  -59.924  18.927 0.8999999762
28443  -4.842  -60.776  14.490 0.1000000015
29532  -5.979  -59.486  19.295 0.6000000238
29579  -4.040  -60.157  15.766 0.2000000030
30601  -10.581  -58.443  24.190 0.2000000030
30630  -7.886  -58.425  22.310 0.5000000000
30657  -7.010  -58.371  21.035 0.5000000000
33000  -10.825  -55.884  24.639 0.1000000015
33091  -22.768  -56.849  19.829 0.4000000060
33101  -20.293  -56.694  18.264 0.6000000238
34090  -12.541  -55.409  24.032 0.2000000030
34120  -17.107  -55.373  20.879 0.5000000000
36155  -16.138  -53.932  21.098 0.3000000119
36191  -20.096  -53.808  18.470 0.1000000015
39451  -17.897  -50.288  16.874 0.1000000015
121277  -14.542  -93.769  16.330 0.2000000030
121282  -12.910  -95.044  17.970 0.2000000030
121283  -14.613  -92.340  16.045 0.2000000030
121289  -10.439  -95.345  11.775 0.8000000119
121292  -10.276  -95.724  8.748 0.8999999762
121294  -10.607  -95.417  8.214 0.8999999762
121297  -12.604  -94.278  7.287 0.4000000060
121300  -8.885  -95.387  6.886 1.0000000000
121303  -10.193  -95.171  6.891 1.0000000000
121307  -9.125  -94.668  6.035 1.0000000000
121311  -9.911  -95.572  7.450 1.0000000000
121319  -12.564  -90.597  9.645 0.6000000238
121323  -10.989  -89.691  4.940 0.6999999881
121325  -12.705  -88.814  13.148 0.6000000238
121327  -14.414  -92.335  5.721 0.5000000000
121394  -7.245  -81.696  12.910 1.0000000000
121401  -8.431  -81.236  13.192 1.0000000000
121409  -8.503  -79.705  13.719 1.0000000000
121410  -8.978  -79.208  13.543 1.0000000000
121424  -9.335  -81.186  4.522 1.0000000000
121429  -9.354  -80.987  3.841 1.0000000000
121448  -2.260  -77.884  6.514 1.0000000000
121454  -0.664  -76.930  6.144 1.0000000000
121456  0.630  -76.071  6.840 0.8000000119
121462  -2.402  -75.018  6.861 1.0000000000
121496  -6.108  -70.553  16.403 1.0000000000
121518  -11.354  -65.159  19.219 1.0000000000
121532  -5.851  -62.953  17.603 1.0000000000
121550  -26.013  -62.229  18.986 0.8999999762
121994  -14.727  -89.835  8.558 0.6000000238
122002  -5.662  -61.384  17.754 1.0000000000
122053  -12.038  -94.825  6.260 0.4000000060
122059  -3.312  -62.118  17.981 0.8000000119
122070  -10.023  -63.931  16.711 0.8999999762
122076  -3.076  -63.213  17.053 0.8999999762
122079  -4.520  -74.803  8.406 1.0000000000
122092  -12.209  -94.425  5.753 0.4000000060
122099  -12.033  -95.084  7.011 0.3000000119
122104  -3.037  -63.574  16.493 0.8999999762
122107  -3.598  -76.440  8.978 1.0000000000
122140  -10.544  -63.753  16.632 1.0000000000
122177  -3.737  -60.219  19.765 0.8000000119
122199  -8.705  -80.952  2.808 1.0000000000
122207  -26.092  -61.043  19.426 0.8999999762
122226  -0.712  -66.891  16.219 0.8000000119
122259  -11.354  -94.199  9.554 0.8999999762
122284  -0.846  -75.580  7.848 0.8000000119
122311  -9.889  -63.343  16.781 1.0000000000
122337  -13.921  -92.148  17.088 0.2000000030
122341  -4.432  -68.614  18.029 1.0000000000
122367  -10.826  -94.909  7.320 1.0000000000
122382  -0.864  -73.156  7.198 1.0000000000
122412  -2.047  -74.295  9.744 0.8999999762
122434  -12.654  -95.582  18.856 0.2000000030
122495  -3.683  -60.184  19.979 0.8000000119
122522  -6.881  -79.767  13.624 1.0000000000
122556  -11.210  -91.503  7.627 0.8999999762
122593  -1.698  -62.012  18.488 0.6999999881
122620  -25.759  -61.495  18.952 0.8999999762
122668  -3.462  -79.031  6.940 1.0000000000
122705  -11.913  -94.573  4.721 0.3000000119
122720  -8.602  -81.844  12.460 1.0000000000
122753  -5.726  -60.624  18.257 0.8999999762
122761  -6.645  -77.719  7.602 1.0000000000
122829  -11.871  -89.378  13.722 0.5000000000
122843  -8.096  -80.906  1.700 1.0000000000
122853  1.104  -76.175  7.027 0.8000000119
122877  0.951  -76.616  6.509 0.8999999762
122896  -26.294  -62.496  19.760 0.8000000119
122922  -13.041  -93.891  18.075 0.2000000030
123145  -12.258  -95.519  17.470 0.2000000030
123217  2.465  -88.987  9.520 0.2000000030
123235  -3.976  -95.945  17.419 0.1000000015
123267  -14.374  -95.167  16.913 0.2000000030
123538  -11.171  -89.855  13.639 0.5000000000
123585  -0.761  -74.906  4.150 0.8999999762
123806  -8.610  -79.117  14.066 1.0000000000
123868  -9.222  -95.618  7.429 0.8999999762
124041  2.173  -83.754  10.445 0.1000000015
124179  2.100  -84.560  4.785 1.0000000000
124432  -13.647  -66.090  16.406 1.0000000000
124515  -1.964  -83.092  6.870 1.0000000000
124516  -14.422  -94.531  16.850 0.2000000030
124880  -3.524  -59.976  19.116 0.6000000238
125588  1.737  -89.903  7.240 0.6999999881
125865  -0.665  -73.726  5.840 0.8999999762
126134  -11.941  -96.004  18.842 0.2000000030
126978  -0.009  -82.250  -2.897 1.0000000000
126980  -9.533  -81.027  5.063 1.0000000000
127029  -7.636  -86.195  10.342 1.0000000000
127131  -1.386  -83.983  0.950 1.0000000000
127442  -16.295  -95.855  16.002 0.1000000015
127687  -14.625  -90.853  13.711 0.2000000030
127781  -16.172  -95.977  15.198 0.1000000015
127794  -16.679  -95.602  5.998 0.1000000015
127930  -11.087  -96.158  19.234 0.2000000030
128221  -7.210  -87.403  -0.564 0.1000000015
128441  -14.327  -93.269  24.162 0.2000000030
128614  2.108  -88.766  6.347 0.4000000060
128662  -4.749  -71.283  13.069 1.0000000000
128663  -12.552  -95.788  20.122 0.2000000030
128674  -13.870  -87.731  -4.310 0.1000000015
128719  1.189  -80.745  3.579 1.0000000000
128868  -0.478  -85.930  3.506 1.0000000000
128904  2.225  -82.616  10.422 0.1000000015
129218  0.221  -67.735  19.562 0.1000000015
129289  -7.628  -95.335  9.250 0.8999999762
129459  1.167  -87.696  7.485 0.1000000015
129508  -13.070  -95.546  9.535 0.3000000119
129538  0.045  -86.127  0.789 1.0000000000
129729  -0.745  -74.272  4.332 0.8999999762
129874  -2.863  -91.721  14.698 0.1000000015
130003  -9.598  -94.970  6.376 1.0000000000
130035  0.606  -91.885  9.409 0.6999999881
130078  -2.150  -76.331  -0.575 0.6999999881
130311  -0.842  -67.516  11.988 0.8000000119
130428  -7.344  -94.611  13.622 0.6000000238
130689  -1.114  -85.981  4.615 1.0000000000
130925  -16.917  -95.843  14.693 0.1000000015
131291  -19.217  -94.532  15.037 0.1000000015
131412  0.546  -77.467  5.365 0.8999999762
131746  -8.912  -88.257  9.421 1.0000000000
131975  -14.901  -95.505  16.875 0.2000000030
132119  -12.908  -94.962  22.572 0.2000000030
132125  -1.999  -62.953  17.211 0.6999999881
132491  -1.328  -81.827  4.814 1.0000000000
132651  1.492  -75.940  8.983 0.6000000238
132727  -7.837  -96.403  18.219 0.1000000015
132748  1.141  -92.597  14.170 0.2000000030
132802  -2.119  -86.168  5.867 1.0000000000
132900  0.392  -85.713  2.493 1.0000000000
132922  -1.661  -68.859  14.501 0.8999999762
132957  -6.660  -95.645  13.272 0.6000000238
133024  -19.962  -69.831  17.571 1.0000000000
133083  -4.962  -96.143  16.431 0.2000000030
133114  -0.713  -71.204  9.163 0.8999999762
133342  -7.859  -96.121  12.094 0.8000000119
133392  -6.243  -79.669  -7.976 0.1000000015
133615  -8.975  -96.222  16.563 0.3000000119
133719  0.507  -89.888  3.931 0.8000000119
133840  -1.938  -71.187  12.563 0.8999999762
133862  -14.408  -95.999  7.206 0.1000000015
134312  -17.538  -95.350  16.988 0.1000000015
134403  -8.951  -87.572  -4.684 0.3000000119
134407  -7.508  -85.525  10.180 1.0000000000
135102  -0.265  -90.261  4.248 1.0000000000
135339  -3.314  -79.085  -4.149 0.5000000000
135664  -3.554  -74.619  -0.522 0.2000000030
135744  -6.283  -91.993  9.801 1.0000000000
136407  -8.877  -95.805  7.980 0.8999999762
136801  -13.738  -94.205  21.298 0.2000000030
137207  -5.198  -75.206  -3.389 0.3000000119
137276  -9.920  -90.218  3.602 0.8999999762
138407  -4.141  -59.911  19.505 0.8000000119
138727  1.958  -84.776  7.052 0.4000000060
138887  -7.963  -64.910  17.354 1.0000000000
138899  -3.594  -60.840  19.089 0.8000000119
138903  -3.946  -60.213  19.588 0.8000000119
138918  -6.149  -62.139  17.561 1.0000000000
138959  -14.164  -90.870  6.978 0.6000000238
138961  -14.375  -89.672  13.023 0.3000000119
138991  -1.343  -62.070  18.597 0.6999999881
139016  -3.153  -61.279  19.011 0.8000000119
139025  -3.165  -77.350  7.752 1.0000000000
139029  -4.816  -60.186  18.958 0.8999999762
139031  -4.958  -76.196  7.783 1.0000000000
139034  -1.244  -64.802  17.422 0.8999999762
139040  -13.821  -92.921  19.357 0.2000000030
139058  -4.657  -61.081  18.390 0.8999999762
139070  -11.898  -95.011  5.781 0.4000000060
139071  -14.178  -91.343  6.220 0.6000000238
139072  -15.325  -90.982  7.678 0.6000000238
139079  -2.592  -63.107  17.018 0.6999999881
139186  -5.318  -78.810  10.787 1.0000000000
139199  -13.683  -91.680  5.617 0.6000000238
139210  -5.712  -60.995  17.977 0.8999999762
139235  -3.247  -76.749  8.395 1.0000000000
139262  -13.727  -88.746  12.499 0.5000000000
139309  -1.689  -75.868  8.026 1.0000000000
139324  -25.537  -63.210  18.560 0.8999999762
139333  -14.807  -93.638  17.819 0.2000000030
139342  -1.587  -61.432  22.002 0.1000000015
139347  -10.607  -95.466  11.035 0.8999999762
139375  -3.608  -75.323  7.394 1.0000000000
139376  -13.475  -93.645  19.527 0.2000000030
139395  -11.618  -74.208  18.217 1.0000000000
139396  -5.119  -77.601  11.081 1.0000000000
139447  -13.358  -93.016  18.177 0.2000000030
139484  -0.966  -62.284  22.097 0.1000000015
139506  -12.910  -95.200  18.564 0.2000000030
139512  -5.776  -76.296  11.911 1.0000000000
139525  -4.143  -61.735  19.253 0.8999999762
139528  -3.194  -62.986  17.420 0.6999999881
139529  -4.908  -63.957  17.039 1.0000000000
139537  -0.598  -72.830  7.050 1.0000000000
139557  -25.229  -65.770  18.525 0.8999999762
139567  -6.353  -64.478  17.241 1.0000000000
139584  -6.192  -62.407  17.500 1.0000000000
139587  -4.728  -60.477  18.774 0.8999999762
139588  -3.063  -61.043  19.214 0.8000000119
139607  -8.076  -64.052  17.319 1.0000000000
139657  -15.095  -90.114  8.371 0.6999999881
139673  -2.454  -62.175  18.221 0.6999999881
139674  -1.688  -62.438  17.771 0.6999999881
139693  -2.484  -64.092  18.263 0.8999999762
139695  -0.818  -62.221  20.404 0.5000000000
139709  -1.309  -61.730  19.706 0.5000000000
139713  -4.071  -61.809  17.984 0.8000000119
139714  -3.070  -61.680  18.576 0.8000000119
139715  -2.364  -61.382  18.984 0.6999999881
139716  -1.825  -62.295  17.932 0.6999999881
139722  -4.674  -63.333  17.181 1.0000000000
139737  -4.265  -61.376  18.311 0.8000000119
139747  -0.565  -65.187  17.840 0.8999999762
139768  -3.128  -60.776  19.482 0.8000000119
140328  -11.936  -93.976  4.219 0.4000000060
140642  -9.981  -94.490  23.653 0.1000000015
140648  -15.268  -96.036  13.901 0.2000000030
140908  -5.444  -95.549  14.706 0.3000000119
140958  -7.094  -93.325  9.858 1.0000000000
140975  2.086  -83.315  4.782 0.8999999762
141026  -14.929  -89.242  9.481 0.6999999881
141183  -5.148  -60.997  18.243 0.8999999762
141458  -10.340  -94.862  12.237 0.8000000119
141492  -10.909  -89.840  5.468 0.6999999881
141771  -11.857  -91.776  4.203 0.6000000238
141888  -12.484  -95.508  6.939 0.2000000030
142031  -10.474  -71.494  12.334 1.0000000000
142150  -12.236  -63.383  17.456 1.0000000000
142166  -1.970  -77.948  -1.657 0.6999999881
142219  -11.106  -94.497  7.885 1.0000000000
142279  -5.151  -75.083  10.979 1.0000000000
142380  -3.632  -59.405  18.299 0.4000000060
142540  -4.090  -80.274  -7.694 0.2000000030
142546  -13.765  -94.272  22.089 0.2000000030
142566  1.972  -79.813  10.048 0.1000000015
142769  -0.925  -78.915  12.605 0.1000000015
142802  -5.163  -89.459  -2.677 0.6999999881
142843  -12.754  -91.306  7.338 0.6999999881
142865  -7.058  -88.302  -4.568 0.3000000119
143227  2.060  -73.709  11.793 0.6000000238
143418  -2.258  -86.430  -4.798 0.6999999881
143425  -7.430  -58.421  21.627 0.4000000060
143487  -10.756  -88.237  -4.942 0.2000000030
143548  -5.803  -81.830  -9.149 0.2000000030
143631  -1.508  -93.663  18.273 0.1000000015
143696  2.198  -87.255  6.972 0.2000000030
143816  -7.488  -63.325  17.276 1.0000000000
143910  -13.826  -95.593  13.241 0.2000000030
144052  -1.221  -72.184  4.668 0.4000000060
144083  -2.836  -91.589  4.477 1.0000000000
144149  -14.165  -90.006  -2.659 0.1000000015
144494  -3.759  -87.148  -4.902 0.5000000000
144497  2.299  -86.753  6.985 0.3000000119
144748  -14.020  -95.553  15.562 0.2000000030
145057  -12.811  -95.149  4.029 0.2000000030
145081  -0.849  -68.170  11.486 0.8000000119
145204  -1.936  -85.996  1.459 1.0000000000
145207  2.651  -89.547  11.906 0.1000000015
145330  -25.309  -60.988  23.867 0.5000000000
145374  -10.333  -80.593  7.784 1.0000000000
145507  -13.443  -64.913  16.613 1.0000000000
145513  -23.592  -65.079  18.086 0.8999999762
145679  -3.545  -64.509  15.854 0.8999999762
145762  -4.356  -89.884  -1.172 0.8999999762
145810  -1.423  -83.235  0.087 1.0000000000
145876  -7.290  -65.006  17.282 1.0000000000
145956  -7.500  -62.535  17.346 0.8999999762
146027  -10.172  -93.665  6.158 1.0000000000
146094  -14.536  -93.192  19.940 0.2000000030
146095  0.301  -93.369  14.060 0.2000000030
146180  -17.862  -95.115  17.280 0.1000000015
146333  1.496  -91.041  9.250 0.6999999881
146494  -3.095  -80.825  6.260 1.0000000000
146661  -13.033  -89.421  -3.319 0.1000000015
146662  -19.333  -70.887  17.760 1.0000000000
146757  0.561  -82.735  -3.772 0.8999999762
146819  -8.349  -87.977  -4.981 0.3000000119
146918  -17.770  -95.341  16.427 0.1000000015
147133  -22.804  -66.166  23.822 0.5000000000
147208  -2.695  -76.121  -1.777 0.4000000060
147293  -2.846  -73.474  8.254 1.0000000000
147337  -14.999  -95.767  16.151 0.2000000030
147415  -6.925  -76.245  -2.162 0.1000000015
147877  -5.196  -79.521  -7.496 0.3000000119
147909  -5.390  -79.113  5.089 1.0000000000
147999  1.200  -75.301  8.529 0.8000000119
148165  -2.456  -84.217  7.712 1.0000000000
148251  -10.481  -77.613  9.779 1.0000000000
148288  -12.608  -95.579  6.289 0.3000000119
148337  -16.139  -63.241  21.911 0.6999999881
148390  0.692  -83.071  -4.086 0.8999999762
148436  -2.858  -71.984  2.246 0.1000000015
148549  -5.309  -78.401  6.014 1.0000000000
148637  -4.567  -66.361  21.708 0.8999999762
148640  -12.719  -75.338  13.013 1.0000000000
148761  -13.640  -95.952  6.059 0.2000000030
148807  -0.824  -69.436  10.681 0.8999999762
148860  -14.411  -53.414  22.355 0.2000000030
