#!ascii label  , from subject sub-v1s8x0051342_ses-1 vox2ras=TkReg
2331
8880  -34.377  -79.200  18.017 0.1000000015
135721  -33.535  -79.812  17.585 0.1000000015
7524  -33.314  -81.157  16.915 0.1000000015
7492  -32.183  -80.257  17.760 0.1000000015
7508  -31.974  -81.079  17.329 0.1000000015
119093  -31.159  -79.819  18.418 0.1000000015
6774  -31.037  -81.566  17.511 0.1000000015
7490  -29.389  -80.581  18.749 0.1000000015
7473  -28.560  -80.080  18.994 0.1000000015
6772  -28.887  -81.785  18.159 0.1000000015
6751  -27.635  -80.997  18.270 0.1000000015
8193  -27.896  -79.426  18.781 0.1000000015
7488  -27.351  -80.288  18.016 0.1000000015
6771  -27.492  -81.670  17.826 0.1000000015
7507  -27.163  -80.335  17.357 0.1000000015
8230  -28.259  -79.581  15.665 0.1000000015
137670  -26.923  -81.597  17.240 0.1000000015
7523  -27.036  -80.412  16.649 0.1000000015
7506  -26.804  -80.974  16.986 0.1000000015
10283  -34.028  -76.536  19.140 0.1000000015
8196  -33.556  -79.204  18.001 0.1000000015
121367  -33.569  -77.709  18.764 0.1000000015
8195  -32.866  -79.648  17.877 0.1000000015
9573  -32.177  -76.770  19.297 0.1000000015
8864  -31.550  -78.372  18.944 0.1000000015
143825  -31.762  -78.913  18.629 0.1000000015
8855  -30.876  -77.644  19.387 0.1000000015
8194  -30.323  -79.383  18.958 0.1000000015
8853  -29.552  -78.275  19.481 0.1000000015
8179  -28.636  -79.233  19.253 0.1000000015
137704  -27.606  -78.888  18.196 0.1000000015
10367  -33.779  -76.617  13.963 0.1000000015
8936  -32.092  -78.098  14.002 0.1000000015
9653  -31.683  -77.630  14.566 0.1000000015
9652  -31.084  -77.900  14.817 0.1000000015
8915  -30.048  -78.350  15.268 0.1000000015
8914  -29.406  -78.600  15.561 0.1000000015
8913  -28.644  -78.902  15.979 0.1000000015
8895  -28.207  -78.551  16.786 0.1000000015
8220  -27.895  -79.263  16.473 0.1000000015
8219  -27.343  -79.741  16.978 0.1000000015
11046  -36.291  -75.360  19.265 0.1000000015
11811  -34.039  -74.389  19.645 0.2000000030
132025  -34.889  -74.491  19.575 0.2000000030
10284  -34.870  -76.196  19.106 0.1000000015
137087  -33.284  -74.305  19.753 0.1000000015
11043  -32.872  -75.393  19.508 0.1000000015
136336  -34.068  -75.815  19.303 0.1000000015
11042  -32.126  -75.195  19.656 0.1000000015
10282  -32.554  -76.011  19.425 0.1000000015
14877  -40.786  -70.701  13.864 0.1000000015
14110  -40.012  -71.641  14.401 0.1000000015
129844  -31.226  -74.854  19.751 0.1000000015
10280  -30.547  -76.090  19.611 0.1000000015
13331  -39.682  -72.188  13.901 0.1000000015
13330  -38.856  -72.573  14.177 0.1000000015
12636  -37.941  -72.848  14.466 0.1000000015
12623  -36.224  -73.222  15.185 0.1000000015
12622  -35.601  -73.679  15.220 0.1000000015
11879  -34.873  -74.209  15.216 0.1000000015
10279  -29.690  -76.201  19.491 0.1000000015
10278  -28.963  -76.354  19.212 0.1000000015
8863  -28.051  -78.588  18.914 0.1000000015
13329  -37.007  -73.188  14.787 0.1000000015
12634  -36.342  -73.830  14.755 0.1000000015
12633  -35.664  -74.524  14.643 0.1000000015
11109  -33.867  -75.411  14.693 0.1000000015
125619  -33.199  -75.032  15.336 0.1000000015
11084  -31.954  -74.930  16.005 0.1000000015
10333  -31.030  -75.970  15.958 0.1000000015
137142  -28.356  -77.335  18.699 0.1000000015
9587  -27.945  -77.910  18.376 0.1000000015
11111  -35.326  -75.359  14.258 0.1000000015
10354  -33.408  -76.199  14.412 0.1000000015
11108  -32.925  -75.726  14.925 0.1000000015
11091  -31.694  -75.619  15.705 0.1000000015
10331  -29.891  -76.394  16.618 0.1000000015
8896  -28.964  -78.168  16.292 0.1000000015
10353  -32.644  -76.478  14.603 0.1000000015
10352  -31.940  -76.827  14.858 0.1000000015
10340  -30.841  -76.785  15.667 0.1000000015
9641  -29.728  -77.863  15.824 0.1000000015
9627  -28.487  -77.820  17.103 0.1000000015
8894  -27.615  -79.034  17.341 0.1000000015
12579  -34.471  -73.616  19.888 0.1000000015
141395  -35.263  -73.889  19.748 0.2000000030
11813  -36.649  -74.548  19.568 0.1000000015
11814  -37.629  -74.607  19.537 0.2000000030
129862  -38.602  -74.628  19.456 0.2000000030
12564  -33.825  -72.941  20.274 0.1000000015
12577  -32.546  -73.715  20.029 0.1000000015
133134  -40.503  -68.880  13.167 0.1000000015
14897  -41.063  -70.205  13.686 0.1000000015
11809  -31.845  -74.291  19.856 0.1000000015
11807  -30.321  -74.505  19.481 0.1000000015
12574  -29.883  -74.110  19.119 0.1000000015
14109  -39.153  -71.893  14.613 0.1000000015
13320  -37.392  -72.362  15.128 0.1000000015
13319  -36.550  -72.554  15.428 0.1000000015
11040  -29.290  -75.570  19.160 0.1000000015
13318  -35.671  -72.820  15.682 0.1000000015
12621  -34.818  -73.396  15.745 0.1000000015
11864  -33.313  -74.247  15.812 0.1000000015
12606  -31.938  -73.662  16.899 0.1000000015
11861  -30.673  -74.706  16.943 0.1000000015
10322  -29.192  -76.408  17.281 0.1000000015
11058  -28.844  -75.859  18.572 0.1000000015
9628  -29.291  -77.269  16.651 0.1000000015
8879  -27.857  -78.258  17.629 0.1000000015
14022  -36.841  -70.955  21.356 0.1000000015
14038  -36.415  -71.611  20.975 0.1000000015
14037  -35.464  -71.505  20.894 0.1000000015
13262  -36.034  -72.286  20.559 0.1000000015
13263  -36.963  -72.376  20.607 0.2000000030
12567  -37.510  -73.147  20.263 0.2000000030
139288  -35.767  -72.893  20.205 0.2000000030
12582  -38.064  -73.916  19.892 0.2000000030
12583  -39.097  -73.977  19.742 0.2000000030
141302  -33.453  -72.473  20.431 0.1000000015
14036  -34.497  -71.385  20.781 0.1000000015
13259  -32.394  -72.202  20.363 0.1000000015
12576  -31.142  -72.845  19.852 0.1000000015
15686  -41.025  -69.576  13.622 0.1000000015
14857  -41.144  -70.613  15.180 0.1000000015
14856  -40.199  -70.811  15.514 0.1000000015
14842  -39.694  -70.423  16.241 0.1000000015
12562  -31.976  -72.815  20.267 0.1000000015
12575  -30.390  -73.469  19.326 0.1000000015
16446  -40.619  -69.341  12.727 0.1000000015
139101  -39.813  -68.245  13.033 0.1000000015
14097  -40.485  -71.124  14.836 0.1000000015
14096  -39.672  -71.364  15.096 0.1000000015
14094  -36.976  -71.716  15.791 0.1000000015
14084  -36.428  -71.312  16.441 0.1000000015
13306  -34.723  -71.982  16.711 0.1000000015
13295  -32.902  -72.129  17.484 0.1000000015
12599  -31.489  -72.964  17.575 0.1000000015
12598  -30.734  -73.003  18.087 0.1000000015
139128  -29.582  -74.336  18.589 0.1000000015
16445  -40.270  -68.558  12.249 0.1000000015
13317  -35.029  -72.683  16.141 0.1000000015
13305  -33.508  -72.769  16.762 0.1000000015
11848  -30.913  -73.768  17.352 0.1000000015
11846  -29.514  -74.643  17.925 0.1000000015
17209  -40.536  -67.746  11.470 0.1000000015
18015  -40.975  -66.836  11.185 0.1000000015
16459  -41.174  -68.515  10.047 0.1000000015
18016  -41.637  -66.587  10.377 0.1000000015
16342  -36.497  -68.613  21.179 0.1000000015
14771  -36.365  -70.129  21.501 0.1000000015
16367  -36.091  -68.556  20.704 0.1000000015
15537  -35.327  -69.423  21.030 0.1000000015
14772  -38.251  -70.321  21.470 0.1000000015
14039  -37.390  -71.726  21.000 0.1000000015
13264  -37.954  -72.484  20.613 0.2000000030
15562  -35.460  -68.930  20.476 0.1000000015
14790  -34.177  -70.452  20.625 0.1000000015
14020  -35.005  -70.629  21.079 0.1000000015
13265  -38.994  -72.554  20.494 0.2000000030
15580  -35.612  -68.786  19.728 0.1000000015
15561  -34.645  -69.624  20.477 0.1000000015
18803  -39.332  -65.996  13.438 0.1000000015
17197  -39.388  -67.580  13.555 0.1000000015
16432  -40.000  -68.362  13.792 0.1000000015
17188  -39.508  -67.774  14.477 0.1000000015
16433  -41.003  -68.953  14.058 0.1000000015
15674  -41.850  -69.808  14.959 0.1000000015
132488  -42.299  -69.134  15.302 0.1000000015
127361  -35.957  -69.001  19.022 0.1000000015
15598  -34.466  -69.565  19.352 0.1000000015
14789  -33.226  -70.653  20.266 0.1000000015
14034  -32.490  -71.427  20.212 0.1000000015
14841  -38.689  -70.483  16.429 0.1000000015
14828  -38.178  -70.070  17.020 0.1000000015
14839  -36.801  -70.690  16.852 0.1000000015
14063  -32.777  -70.802  18.610 0.1000000015
14062  -32.060  -71.097  18.922 0.1000000015
13278  -31.291  -72.111  19.580 0.1000000015
18804  -40.108  -65.232  13.017 0.1000000015
140110  -38.342  -70.910  16.007 0.1000000015
14840  -37.711  -70.645  16.543 0.1000000015
14838  -35.971  -70.834  17.050 0.1000000015
14074  -34.192  -71.224  17.504 0.1000000015
14073  -33.276  -71.350  17.848 0.1000000015
13288  -31.605  -71.736  18.616 0.1000000015
13287  -30.987  -72.034  19.005 0.1000000015
18003  -39.478  -66.852  12.962 0.1000000015
18004  -40.169  -66.911  12.128 0.1000000015
18813  -40.090  -66.081  12.603 0.1000000015
127797  -40.744  -66.214  11.815 0.1000000015
18826  -41.654  -65.930  11.017 0.1000000015
119407  -41.943  -65.964  10.054 0.1000000015
17234  -41.256  -67.112  8.791 0.1000000015
132380  -37.307  -70.276  21.516 0.1000000015
16382  -36.164  -68.410  20.185 0.1000000015
17126  -37.555  -67.669  20.568 0.1000000015
16343  -37.797  -68.192  21.357 0.1000000015
14024  -38.923  -71.058  21.203 0.1000000015
16383  -37.184  -68.136  19.478 0.1000000015
135102  -38.227  -67.583  19.540 0.1000000015
14040  -38.426  -71.803  20.940 0.1000000015
16392  -38.207  -68.608  18.417 0.1000000015
16384  -37.839  -68.068  19.167 0.1000000015
14041  -39.518  -71.841  20.725 0.2000000030
18802  -38.758  -66.356  14.179 0.1000000015
17189  -40.557  -68.291  14.550 0.1000000015
16422  -41.870  -68.584  15.016 0.1000000015
15601  -37.464  -69.086  18.162 0.1000000015
14814  -34.936  -69.817  18.523 0.1000000015
14025  -40.203  -71.053  20.940 0.1000000015
14042  -41.364  -71.426  20.438 0.2000000030
17187  -38.891  -67.142  14.295 0.1000000015
15658  -42.065  -69.544  15.616 0.1000000015
15619  -40.596  -69.405  17.151 0.1000000015
14827  -37.271  -70.140  17.242 0.1000000015
15616  -36.884  -69.579  17.856 0.1000000015
14824  -34.570  -70.482  17.989 0.1000000015
19630  -40.836  -64.499  12.819 0.1000000015
18814  -41.046  -65.349  12.124 0.1000000015
19642  -41.723  -64.480  12.153 0.1000000015
19643  -42.450  -64.209  11.481 0.1000000015
18815  -42.061  -64.990  11.310 0.1000000015
19655  -42.477  -64.551  10.715 0.1000000015
18835  -42.064  -65.319  9.870 0.1000000015
17146  -39.774  -66.998  19.384 0.1000000015
17922  -39.225  -66.755  20.083 0.1000000015
17907  -39.028  -66.815  20.724 0.1000000015
17938  -41.456  -66.672  18.855 0.1000000015
125908  -38.366  -67.213  20.246 0.1000000015
17887  -39.087  -66.968  21.140 0.1000000015
15540  -38.415  -69.508  21.580 0.1000000015
17153  -38.640  -67.943  18.917 0.1000000015
17104  -38.566  -67.670  21.365 0.1000000015
14773  -39.331  -70.104  21.414 0.1000000015
16398  -39.877  -68.914  17.718 0.1000000015
17155  -40.605  -67.409  18.657 0.1000000015
15541  -39.080  -69.203  21.625 0.1000000015
18790  -38.938  -65.449  14.088 0.1000000015
18789  -38.382  -65.770  14.806 0.1000000015
17176  -38.930  -67.265  15.078 0.1000000015
17177  -39.857  -67.675  15.197 0.1000000015
17178  -41.336  -67.780  15.170 0.1000000015
16408  -42.386  -69.074  16.446 0.1000000015
143594  -41.521  -69.227  17.001 0.1000000015
16399  -40.909  -68.795  17.543 0.1000000015
16393  -39.222  -68.429  18.300 0.1000000015
15542  -39.946  -69.250  21.588 0.1000000015
19618  -39.363  -64.602  14.036 0.1000000015
15639  -42.733  -68.965  15.800 0.1000000015
15638  -41.388  -69.721  16.347 0.1000000015
139193  -38.156  -69.165  17.855 0.1000000015
14792  -42.117  -70.883  20.479 0.1000000015
20491  -40.759  -63.713  13.427 0.1000000015
20501  -41.424  -63.947  12.756 0.1000000015
20502  -42.142  -63.777  12.285 0.1000000015
20504  -43.343  -62.984  11.179 0.1000000015
20517  -42.815  -63.785  10.921 0.1000000015
21373  -42.439  -62.798  10.485 0.1000000015
17924  -41.278  -65.882  19.726 0.1000000015
17909  -40.605  -66.051  20.631 0.1000000015
17939  -42.341  -66.029  18.934 0.1000000015
17888  -39.706  -66.516  20.955 0.1000000015
17156  -42.681  -66.892  18.123 0.1000000015
17940  -43.454  -65.566  17.868 0.1000000015
136090  -39.807  -66.814  21.273 0.1000000015
16345  -39.326  -68.404  21.653 0.1000000015
17160  -42.347  -67.873  17.576 0.1000000015
17106  -40.475  -67.135  21.609 0.1000000015
128752  -39.212  -64.002  14.515 0.1000000015
17169  -43.396  -67.782  16.111 0.1000000015
16401  -42.890  -68.342  16.879 0.1000000015
121967  -43.236  -67.541  17.228 0.1000000015
16346  -40.461  -68.259  21.706 0.1000000015
14774  -40.544  -70.093  21.210 0.1000000015
20487  -40.359  -63.173  14.163 0.1000000015
19617  -38.705  -64.793  14.567 0.1000000015
19609  -38.160  -64.887  15.179 0.1000000015
17972  -39.204  -67.039  15.803 0.1000000015
17168  -40.516  -67.010  15.802 0.1000000015
17179  -42.603  -67.643  15.457 0.1000000015
128418  -41.071  -69.282  21.419 0.1000000015
21338  -41.155  -62.873  13.739 0.1000000015
22281  -42.393  -61.862  13.554 0.1000000015
21332  -41.539  -62.118  14.028 0.1000000015
22282  -43.234  -61.623  13.025 0.1000000015
21340  -42.859  -62.359  12.758 0.1000000015
22294  -43.637  -62.116  12.211 0.1000000015
20527  -43.426  -62.620  10.891 0.1000000015
124780  -44.043  -61.879  11.624 0.1000000015
18757  -42.159  -64.730  17.307 0.1000000015
19596  -42.878  -64.132  17.835 0.1000000015
18735  -43.244  -64.269  18.466 0.1000000015
18733  -41.976  -65.105  20.443 0.1000000015
143339  -41.182  -65.045  17.351 0.1000000015
18725  -42.291  -64.429  20.929 0.1000000015
17961  -39.541  -66.521  16.409 0.1000000015
129815  -40.528  -66.248  16.427 0.1000000015
17963  -42.780  -66.137  16.024 0.1000000015
17941  -43.479  -65.741  17.325 0.1000000015
18714  -41.594  -65.353  21.086 0.1000000015
21330  -39.880  -62.803  14.731 0.1000000015
20478  -39.122  -63.327  15.014 0.1000000015
17971  -38.408  -66.494  15.546 0.1000000015
17973  -42.135  -66.913  15.615 0.1000000015
17974  -43.054  -66.873  15.726 0.1000000015
120913  -41.342  -66.654  21.725 0.1000000015
127611  -40.599  -61.905  14.843 0.1000000015
120769  -41.637  -68.579  21.631 0.1000000015
15543  -42.358  -69.357  21.260 0.1000000015
22267  -41.097  -61.701  14.676 0.1000000015
22268  -41.970  -61.304  14.352 0.1000000015
22269  -42.732  -61.221  13.735 0.1000000015
23277  -43.386  -60.890  13.425 0.1000000015
22295  -44.123  -61.226  12.399 0.1000000015
140953  -44.433  -60.561  12.465 0.1000000015
131073  -45.037  -59.983  11.266 0.1000000015
22316  -44.121  -61.244  10.822 0.1000000015
18734  -43.168  -64.258  19.034 0.1000000015
17925  -42.749  -65.036  19.333 0.1000000015
142879  -42.625  -63.818  20.042 0.1000000015
19551  -42.419  -63.792  20.748 0.1000000015
21322  -38.637  -62.935  15.615 0.1000000015
17959  -37.917  -66.056  16.248 0.1000000015
17951  -38.056  -66.115  16.951 0.1000000015
17954  -41.199  -65.533  16.866 0.1000000015
22259  -41.325  -61.056  15.093 0.1000000015
22258  -40.505  -61.461  15.239 0.1000000015
21323  -39.385  -62.501  15.304 0.1000000015
20477  -38.466  -63.602  15.402 0.1000000015
19608  -37.677  -64.836  15.773 0.1000000015
17960  -38.638  -66.469  16.375 0.1000000015
17890  -41.843  -65.840  21.653 0.1000000015
23259  -41.975  -60.667  14.904 0.1000000015
23260  -42.662  -60.585  14.327 0.1000000015
24288  -42.855  -59.822  14.657 0.1000000015
23261  -43.365  -60.197  13.895 0.1000000015
24289  -43.370  -59.600  14.209 0.1000000015
24299  -43.915  -59.767  13.517 0.1000000015
124742  -43.736  -59.065  13.944 0.1000000015
23279  -44.613  -59.910  12.595 0.1000000015
24309  -45.183  -59.427  11.683 0.1000000015
125736  -41.069  -64.638  17.831 0.1000000015
19582  -42.599  -63.675  18.472 0.1000000015
136629  -42.642  -63.382  18.912 0.1000000015
19568  -42.891  -63.690  19.235 0.1000000015
20448  -41.977  -63.205  19.400 0.1000000015
18745  -39.875  -65.031  17.997 0.1000000015
17952  -38.899  -66.137  16.976 0.1000000015
23246  -41.511  -60.332  15.447 0.1000000015
23245  -40.744  -60.686  15.631 0.1000000015
23247  -42.235  -60.083  15.124 0.1000000015
124259  -42.512  -58.704  15.509 0.1000000015
25338  -44.896  -58.603  12.737 0.1000000015
25346  -45.448  -58.479  11.987 0.1000000015
19595  -42.138  -64.153  17.968 0.1000000015
20447  -40.975  -63.170  19.796 0.1000000015
18756  -39.352  -65.594  17.504 0.1000000015
23244  -39.971  -60.991  15.809 0.1000000015
22250  -39.229  -61.306  16.132 0.1000000015
20469  -37.970  -63.523  15.867 0.1000000015
20476  -37.567  -64.184  15.985 0.1000000015
18754  -37.643  -65.597  17.432 0.1000000015
24262  -41.338  -59.288  16.291 0.1000000015
24274  -42.393  -59.367  15.343 0.1000000015
25310  -43.658  -58.294  14.393 0.1000000015
25326  -44.379  -58.415  13.515 0.1000000015
25327  -45.223  -57.723  12.745 0.1000000015
26344  -45.617  -57.534  11.948 0.1000000015
19579  -38.323  -64.954  18.662 0.1000000015
19603  -36.710  -64.304  17.213 0.1000000015
131827  -37.281  -65.251  17.912 0.1000000015
19578  -37.400  -65.045  18.567 0.1000000015
24261  -40.134  -59.819  16.725 0.1000000015
23232  -39.603  -60.571  16.421 0.1000000015
21315  -38.013  -62.646  16.278 0.1000000015
20468  -37.249  -63.645  16.497 0.1000000015
23234  -40.937  -59.908  16.082 0.1000000015
137790  -43.620  -57.557  14.733 0.1000000015
26316  -44.421  -57.447  13.875 0.1000000015
27334  -44.532  -55.844  14.550 0.1000000015
122787  -45.349  -56.881  13.122 0.1000000015
20463  -36.632  -63.305  17.220 0.1000000015
23231  -38.816  -60.851  16.693 0.1000000015
22244  -38.096  -61.163  17.019 0.1000000015
21314  -37.261  -62.758  16.803 0.1000000015
25296  -41.143  -58.683  16.804 0.1000000015
25298  -42.301  -58.093  15.989 0.1000000015
25309  -42.970  -58.044  15.250 0.1000000015
27343  -43.995  -56.746  14.634 0.1000000015
28357  -44.197  -55.272  15.262 0.1000000015
24248  -40.379  -59.033  17.201 0.1000000015
25297  -41.723  -58.076  16.623 0.1000000015
26291  -42.128  -57.372  16.510 0.1000000015
26292  -42.648  -57.342  15.882 0.1000000015
27332  -42.937  -56.682  15.828 0.1000000015
27319  -42.897  -56.069  16.100 0.1000000015
29244  -43.298  -54.713  16.355 0.1000000015
28342  -42.770  -55.437  16.500 0.1000000015
25281  -41.227  -57.965  17.169 0.1000000015
27299  -41.957  -56.535  16.939 0.1000000015
128126  -42.435  -56.069  16.571 0.1000000015
128889  -41.911  -55.174  17.371 0.1000000015
8208  -33.344  -80.365  17.292 0.1000000015
6776  -32.656  -81.488  16.812 0.1000000015
7491  -31.150  -80.675  18.045 0.1000000015
135971  -31.177  -79.056  18.768 0.1000000015
6753  -30.200  -81.032  18.269 0.1000000015
6773  -29.911  -81.807  17.951 0.1000000015
8181  -29.521  -78.958  19.357 0.1000000015
9589  -32.716  -77.546  18.956 0.1000000015
9574  -33.199  -76.821  19.122 0.1000000015
8865  -32.457  -78.846  18.446 0.1000000015
9572  -31.212  -76.815  19.480 0.1000000015
8854  -30.422  -78.492  19.274 0.1000000015
9570  -29.402  -76.990  19.502 0.1000000015
133454  -29.073  -77.721  19.453 0.1000000015
9655  -33.146  -76.934  14.060 0.1000000015
8244  -30.892  -79.073  14.093 0.1000000015
123106  -30.542  -77.698  15.352 0.1000000015
8934  -30.597  -78.492  14.743 0.1000000015
11045  -35.359  -75.335  19.312 0.1000000015
132055  -33.552  -75.108  19.505 0.1000000015
11812  -35.741  -74.546  19.562 0.2000000030
10281  -31.514  -75.880  19.593 0.1000000015
14878  -41.337  -70.317  14.574 0.1000000015
14095  -38.560  -71.445  15.371 0.1000000015
12620  -34.214  -74.003  15.614 0.1000000015
11898  -34.735  -74.929  14.723 0.1000000015
129437  -32.620  -74.756  15.763 0.1000000015
10342  -32.167  -76.041  15.169 0.1000000015
11863  -32.371  -74.281  16.269 0.1000000015
11862  -31.513  -74.430  16.615 0.1000000015
9629  -30.154  -77.069  16.039 0.1000000015
11082  -30.432  -75.618  16.611 0.1000000015
123362  -28.285  -77.130  18.153 0.1000000015
11081  -29.716  -75.775  17.097 0.1000000015
9612  -28.618  -77.088  17.483 0.1000000015
13261  -35.065  -72.336  20.479 0.1000000015
12580  -36.025  -73.686  19.876 0.2000000030
12581  -37.059  -73.810  19.892 0.2000000030
13260  -33.976  -72.180  20.538 0.1000000015
11808  -30.981  -73.855  19.815 0.1000000015
11059  -29.228  -75.060  18.532 0.1000000015
127624  -37.742  -71.738  15.416 0.1000000015
13307  -35.447  -72.212  16.244 0.1000000015
12608  -33.872  -73.491  16.139 0.1000000015
13304  -32.452  -72.900  17.167 0.1000000015
11074  -29.902  -75.051  17.300 0.1000000015
10321  -28.637  -76.376  17.964 0.1000000015
14035  -33.506  -71.285  20.544 0.1000000015
14855  -39.187  -70.900  15.769 0.1000000015
12591  -30.321  -73.066  18.693 0.1000000015
17208  -39.805  -67.670  12.572 0.1000000015
14083  -35.632  -71.554  16.603 0.1000000015
14075  -35.095  -71.038  17.230 0.1000000015
140960  -34.128  -72.401  16.722 0.1000000015
13294  -31.950  -72.225  17.852 0.1000000015
12597  -30.190  -73.557  18.033 0.1000000015
122385  -41.143  -68.064  10.465 0.1000000015
132428  -37.845  -67.660  21.057 0.1000000015
15539  -36.938  -69.366  21.514 0.1000000015
14770  -35.509  -70.028  21.324 0.1000000015
15579  -34.238  -69.589  19.976 0.1000000015
13266  -40.053  -72.619  20.283 0.2000000030
14802  -33.170  -70.376  19.774 0.1000000015
15600  -36.649  -69.038  18.568 0.1000000015
14813  -34.060  -70.035  18.800 0.1000000015
14812  -33.252  -70.285  19.069 0.1000000015
14054  -32.120  -71.137  19.627 0.1000000015
15618  -39.539  -69.486  17.299 0.1000000015
14825  -35.484  -70.309  17.741 0.1000000015
15615  -35.927  -69.581  18.310 0.1000000015
14775  -41.706  -70.113  20.972 0.1000000015
20503  -42.846  -63.474  11.666 0.1000000015
124880  -42.407  -64.129  10.329 0.1000000015
16394  -40.222  -68.241  18.150 0.1000000015
21339  -42.005  -62.607  13.294 0.1000000015
20526  -42.852  -63.234  10.601 0.1000000015
17964  -43.271  -66.336  16.241 0.1000000015
18770  -43.164  -65.588  16.608 0.1000000015
22296  -44.466  -61.218  11.490 0.1000000015
24325  -44.788  -60.030  10.848 0.1000000015
18768  -37.506  -65.556  16.752 0.1000000015
17750  -43.666  -66.414  33.322 0.5000000000
11701  -43.646  -74.720  30.312 0.5000000000
12486  -44.436  -72.993  29.996 0.5000000000
135558  -43.307  -65.133  33.610 0.5000000000
16963  -43.436  -66.950  32.929 0.5000000000
16984  -43.801  -67.482  32.543 0.5000000000
12485  -43.627  -73.650  29.844 0.5000000000
20216  -43.054  -63.434  33.443 0.5000000000
125954  -43.301  -64.293  33.584 0.5000000000
18564  -42.922  -65.841  33.449 0.5000000000
13175  -43.611  -72.555  29.500 0.5000000000
142829  -42.266  -65.672  33.397 0.5000000000
19356  -42.463  -65.032  33.555 0.5000000000
124207  -42.019  -66.267  33.124 0.5000000000
18563  -41.694  -65.481  33.370 0.4000000060
17772  -41.905  -66.945  32.637 0.4000000060
12495  -41.453  -74.173  28.392 0.5000000000
11724  -41.288  -74.886  27.834 0.5000000000
12506  -40.944  -74.236  27.851 0.5000000000
12505  -40.357  -73.856  27.466 0.5000000000
12512  -38.856  -73.763  26.198 0.5000000000
12504  -39.513  -73.421  27.095 0.5000000000
13206  -38.050  -73.060  25.985 0.4000000060
13969  -37.008  -71.505  26.179 0.4000000060
140933  -45.630  -73.059  32.710 0.1000000015
141541  -44.813  -73.549  30.702 0.5000000000
19357  -43.947  -64.765  33.638 0.5000000000
18565  -44.061  -65.577  33.616 0.5000000000
16964  -44.243  -67.007  33.103 0.5000000000
16223  -44.362  -68.106  31.968 0.4000000060
128968  -44.289  -71.925  29.537 0.5000000000
130205  -43.816  -62.767  33.330 0.5000000000
139549  -43.845  -63.514  33.474 0.5000000000
22002  -43.755  -61.768  33.110 0.5000000000
22018  -44.052  -60.742  32.843 0.5000000000
22001  -43.181  -61.059  32.647 0.5000000000
21080  -42.859  -62.613  33.241 0.5000000000
20215  -42.335  -64.049  33.524 0.5000000000
127031  -41.553  -64.605  33.473 0.4000000060
17748  -41.066  -65.995  33.109 0.4000000060
21079  -41.871  -62.631  33.148 0.3000000119
16241  -41.632  -67.929  31.783 0.6999999881
127854  -42.065  -68.579  31.294 0.5000000000
21105  -42.425  -61.706  32.814 0.3000000119
20214  -41.452  -63.572  33.342 0.3000000119
18562  -40.840  -65.194  33.337 0.4000000060
16982  -41.190  -67.285  32.223 0.5000000000
123656  -41.204  -68.421  31.242 0.6000000238
15451  -42.162  -69.788  30.239 0.6000000238
130727  -43.397  -70.532  29.756 0.6000000238
12496  -42.125  -74.168  28.960 0.3000000119
21078  -40.963  -62.714  32.974 0.3000000119
16981  -40.416  -66.850  32.406 0.4000000060
16261  -40.725  -68.868  30.628 0.5000000000
15450  -41.185  -69.594  30.147 0.6000000238
14713  -41.263  -71.217  29.267 0.6000000238
13186  -42.296  -72.427  29.110 0.5000000000
123791  -41.850  -73.275  28.774 0.5000000000
18561  -39.947  -64.950  33.276 0.4000000060
17770  -39.679  -66.382  32.637 0.4000000060
16240  -40.291  -68.084  31.232 0.5000000000
15449  -40.258  -69.303  29.995 0.5000000000
14712  -40.460  -71.100  28.988 0.5000000000
13940  -40.948  -71.805  28.834 0.5000000000
12494  -40.988  -73.340  28.203 0.5000000000
19354  -39.731  -64.194  33.225 0.4000000060
133359  -38.851  -66.103  32.676 0.4000000060
17000  -38.843  -67.294  31.657 0.5000000000
119404  -39.398  -68.959  29.762 0.5000000000
15480  -39.241  -70.065  28.852 0.4000000060
13183  -39.855  -71.855  28.314 0.5000000000
144266  -40.004  -72.474  28.046 0.5000000000
17788  -38.182  -66.857  32.011 0.4000000060
17017  -38.422  -67.739  30.892 0.5000000000
15468  -38.921  -69.341  29.124 0.5000000000
14710  -38.593  -70.630  28.349 0.4000000060
119097  -38.561  -72.202  27.369 0.4000000060
13195  -39.405  -72.557  27.623 0.5000000000
16258  -37.162  -67.915  29.890 0.5000000000
133508  -37.437  -69.694  28.285 0.4000000060
13957  -37.806  -71.677  27.237 0.4000000060
13193  -37.396  -71.873  26.497 0.4000000060
16294  -37.102  -68.980  28.588 0.3000000119
15478  -36.688  -69.498  27.970 0.4000000060
15485  -36.859  -70.226  27.529 0.3000000119
120942  -36.311  -70.208  26.927 0.3000000119
14729  -36.831  -70.494  25.665 0.3000000119
13866  -45.887  -71.929  33.393 0.1000000015
13129  -45.532  -72.802  33.036 0.1000000015
13867  -46.518  -71.641  33.231 0.1000000015
13148  -46.120  -72.460  32.881 0.1000000015
14678  -47.088  -71.000  32.235 0.4000000060
13902  -46.098  -72.169  31.292 0.4000000060
13168  -45.645  -73.006  31.393 0.4000000060
13167  -45.116  -72.977  30.583 0.5000000000
13915  -46.015  -71.245  30.542 0.4000000060
13177  -45.506  -72.002  30.318 0.5000000000
13176  -44.886  -72.236  29.881 0.5000000000
19358  -44.879  -64.689  33.663 0.5000000000
17751  -44.682  -66.367  33.494 0.5000000000
14690  -45.422  -70.948  29.864 0.5000000000
13927  -44.877  -71.420  29.641 0.5000000000
21081  -44.622  -62.162  33.341 0.5000000000
126580  -44.374  -63.991  33.581 0.5000000000
22019  -44.607  -60.370  33.234 0.5000000000
15454  -45.011  -69.791  30.050 0.6000000238
22999  -44.188  -59.868  32.549 0.4000000060
22998  -43.166  -60.297  32.087 0.2000000030
23013  -43.692  -59.659  31.656 0.2000000030
21104  -41.327  -61.888  32.694 0.3000000119
126093  -41.663  -61.111  32.299 0.3000000119
23012  -42.599  -59.960  31.347 0.3000000119
22029  -41.300  -60.806  31.679 0.4000000060
20240  -40.134  -62.746  32.851 0.4000000060
22016  -40.038  -61.598  31.966 0.3000000119
20239  -39.359  -62.861  32.756 0.4000000060
137781  -38.009  -66.199  32.462 0.4000000060
17787  -37.396  -66.706  31.971 0.4000000060
21102  -39.614  -62.162  32.378 0.3000000119
138290  -37.648  -63.710  32.715 0.3000000119
17768  -36.960  -65.996  32.390 0.3000000119
17016  -37.524  -67.598  30.717 0.4000000060
18600  -36.008  -65.778  32.232 0.3000000119
17031  -36.279  -67.749  29.711 0.3000000119
16281  -36.717  -68.293  29.044 0.4000000060
15477  -36.218  -69.629  27.430 0.3000000119
17785  -35.550  -66.349  31.689 0.2000000030
17801  -35.175  -66.785  30.970 0.2000000030
16280  -35.878  -68.032  28.881 0.3000000119
15484  -35.798  -69.131  27.349 0.3000000119
18614  -33.952  -65.718  31.043 0.1000000015
17029  -34.647  -67.278  29.198 0.2000000030
16292  -35.488  -68.230  28.253 0.4000000060
21141  -34.066  -62.334  29.345 0.1000000015
14666  -47.585  -70.622  33.054 0.1000000015
13868  -47.090  -71.349  33.004 0.1000000015
139341  -46.814  -70.447  31.342 0.5000000000
14691  -45.835  -70.450  30.251 0.4000000060
126802  -45.614  -63.610  33.613 0.5000000000
18566  -45.311  -65.527  33.698 0.4000000060
133081  -45.811  -66.333  33.577 0.4000000060
16986  -45.836  -67.675  32.737 0.4000000060
16245  -45.995  -68.761  31.291 0.5000000000
15455  -45.737  -69.855  30.292 0.5000000000
20217  -44.812  -62.993  33.422 0.5000000000
15435  -45.490  -69.268  30.609 0.4000000060
25055  -44.180  -58.630  33.286 0.4000000060
24030  -44.394  -59.248  33.507 0.4000000060
22003  -45.017  -61.249  33.441 0.5000000000
25067  -44.243  -58.220  32.641 0.4000000060
23000  -44.489  -59.627  33.223 0.5000000000
24040  -44.446  -58.727  32.732 0.4000000060
25079  -44.645  -58.221  31.989 0.3000000119
24051  -44.791  -58.541  31.897 0.2000000030
24050  -44.173  -59.318  31.375 0.2000000030
25080  -45.308  -58.130  31.589 0.1000000015
136461  -44.915  -58.957  31.394 0.3000000119
24052  -45.315  -58.450  31.473 0.1000000015
23026  -43.329  -59.718  30.715 0.3000000119
23024  -41.689  -60.454  30.809 0.3000000119
24060  -44.409  -59.521  30.627 0.2000000030
22041  -41.257  -61.069  30.503 0.2000000030
21117  -39.194  -61.941  31.694 0.2000000030
20237  -37.001  -63.433  32.432 0.2000000030
22057  -40.657  -61.881  30.150 0.2000000030
21116  -38.256  -62.386  31.609 0.2000000030
19373  -36.181  -64.014  32.419 0.2000000030
21129  -39.852  -61.878  30.576 0.2000000030
21127  -37.580  -62.699  30.892 0.1000000015
18599  -35.113  -65.562  32.017 0.2000000030
17784  -34.686  -66.078  31.422 0.2000000030
125651  -37.717  -63.629  29.350 0.1000000015
122479  -35.693  -63.120  30.920 0.1000000015
19405  -33.939  -64.222  31.059 0.1000000015
18613  -33.496  -65.324  30.516 0.1000000015
20285  -37.074  -63.476  29.303 0.1000000015
20284  -36.434  -63.200  29.409 0.1000000015
19404  -33.488  -64.574  30.512 0.1000000015
21143  -35.637  -62.921  29.629 0.1000000015
21142  -34.743  -62.671  29.626 0.1000000015
133349  -35.591  -62.321  29.395 0.1000000015
23062  -37.522  -60.874  28.763 0.1000000015
15424  -47.919  -69.703  32.684 0.3000000119
16226  -47.853  -68.827  32.553 0.3000000119
17735  -48.449  -66.498  34.528 0.3000000119
16968  -48.244  -66.807  33.892 0.3000000119
139231  -47.252  -68.659  32.122 0.3000000119
15438  -47.378  -69.276  31.969 0.3000000119
15456  -46.325  -70.017  30.702 0.4000000060
18568  -47.513  -65.448  34.178 0.3000000119
133758  -47.846  -66.508  33.768 0.3000000119
16225  -46.553  -68.286  32.132 0.5000000000
16246  -46.782  -68.946  31.502 0.5000000000
20219  -46.694  -62.962  33.996 0.4000000060
19360  -47.011  -64.442  34.110 0.5000000000
17752  -46.960  -66.352  33.730 0.4000000060
16966  -46.324  -67.073  33.287 0.4000000060
24029  -44.051  -59.057  33.792 0.4000000060
22973  -44.892  -60.235  34.033 0.4000000060
131619  -45.784  -61.643  33.806 0.5000000000
20218  -45.769  -62.755  33.591 0.5000000000
26028  -42.505  -57.923  33.009 0.4000000060
123648  -44.606  -59.886  33.760 0.5000000000
26043  -42.922  -57.650  32.415 0.4000000060
25066  -43.551  -58.130  33.038 0.4000000060
26042  -41.899  -57.419  32.352 0.4000000060
27077  -41.779  -56.880  31.486 0.3000000119
26057  -43.197  -57.381  31.748 0.3000000119
26058  -44.041  -57.518  31.616 0.3000000119
27079  -43.315  -57.023  30.918 0.3000000119
26069  -44.617  -57.246  30.285 0.1000000015
130965  -45.191  -57.578  30.820 0.1000000015
25087  -45.880  -58.292  31.252 0.1000000015
24061  -45.583  -58.980  30.987 0.1000000015
23041  -42.857  -60.313  30.159 0.2000000030
127666  -46.532  -58.704  30.645 0.1000000015
24074  -45.197  -59.728  30.259 0.1000000015
22042  -42.003  -60.689  30.255 0.2000000030
23042  -44.413  -60.242  29.916 0.2000000030
22059  -42.663  -61.334  29.780 0.2000000030
21145  -41.028  -63.166  29.699 0.1000000015
21146  -41.816  -62.852  29.685 0.1000000015
20288  -40.136  -64.159  29.364 0.1000000015
122433  -41.232  -64.513  29.323 0.1000000015
20286  -38.413  -63.980  29.022 0.1000000015
20308  -37.075  -63.366  28.869 0.1000000015
20310  -39.308  -64.023  28.578 0.1000000015
21167  -37.723  -63.387  28.587 0.1000000015
22088  -37.876  -62.676  28.312 0.1000000015
22101  -39.460  -62.224  27.874 0.1000000015
22089  -38.676  -61.684  28.164 0.1000000015
23077  -39.890  -60.408  28.064 0.1000000015
24110  -40.292  -59.587  27.911 0.1000000015
25139  -39.789  -58.733  27.847 0.1000000015
125836  -40.834  -58.384  26.908 0.1000000015
17721  -48.542  -66.612  35.456 0.3000000119
16937  -48.637  -67.612  35.575 0.2000000030
18534  -47.996  -65.031  35.188 0.3000000119
20188  -47.169  -63.687  34.772 0.4000000060
20187  -46.615  -63.000  35.112 0.3000000119
24018  -43.705  -59.553  34.169 0.3000000119
22974  -45.352  -60.755  34.042 0.4000000060
21057  -46.085  -61.890  34.395 0.4000000060
21045  -45.985  -62.181  35.060 0.3000000119
26027  -41.567  -57.816  33.059 0.3000000119
24028  -43.229  -59.015  33.873 0.3000000119
21954  -45.527  -61.609  34.730 0.4000000060
21044  -45.116  -62.257  35.309 0.3000000119
27076  -39.911  -56.210  31.489 0.3000000119
26041  -40.972  -57.349  32.590 0.3000000119
138153  -41.183  -56.978  32.014 0.3000000119
28114  -39.801  -55.632  30.829 0.3000000119
27085  -40.480  -55.949  30.802 0.3000000119
28119  -40.926  -55.708  30.113 0.3000000119
27087  -42.237  -56.613  30.632 0.3000000119
130269  -42.892  -56.609  30.133 0.2000000030
137774  -43.766  -56.842  30.016 0.1000000015
27121  -43.640  -56.487  28.870 0.1000000015
28147  -43.193  -55.814  28.110 0.1000000015
26078  -45.243  -57.419  30.056 0.1000000015
27123  -45.139  -57.237  28.317 0.1000000015
26079  -45.818  -57.555  29.812 0.1000000015
26080  -46.394  -57.863  29.991 0.1000000015
23027  -46.205  -59.551  30.300 0.1000000015
22061  -44.520  -61.132  29.598 0.2000000030
22062  -45.417  -61.649  29.526 0.2000000030
21148  -44.416  -62.247  29.525 0.2000000030
128733  -43.650  -63.111  29.580 0.1000000015
137259  -45.467  -62.979  29.509 0.1000000015
20290  -42.952  -64.033  29.559 0.1000000015
121871  -40.730  -64.761  28.956 0.1000000015
19422  -43.258  -65.018  29.360 0.1000000015
18629  -42.093  -65.276  28.765 0.1000000015
19451  -40.745  -64.588  28.246 0.1000000015
18661  -42.103  -65.270  28.375 0.1000000015
20324  -41.084  -64.158  27.792 0.1000000015
136559  -40.734  -63.200  27.660 0.1000000015
143011  -39.460  -61.218  28.005 0.1000000015
23078  -40.664  -60.457  27.792 0.1000000015
135327  -41.784  -61.385  27.484 0.1000000015
24111  -41.086  -59.687  27.573 0.1000000015
24112  -41.953  -59.829  27.287 0.1000000015
25140  -40.630  -58.922  27.517 0.1000000015
24120  -42.032  -59.129  26.862 0.1000000015
25164  -42.141  -58.260  25.861 0.1000000015
26143  -41.454  -57.730  25.652 0.1000000015
16921  -48.196  -67.596  37.017 0.2000000030
16175  -48.413  -68.300  36.475 0.2000000030
17707  -46.899  -66.419  37.121 0.2000000030
18520  -47.959  -65.575  36.022 0.3000000119
18517  -44.617  -65.083  36.553 0.2000000030
121826  -46.628  -64.693  36.144 0.3000000119
19314  -47.493  -64.782  35.711 0.3000000119
22972  -44.246  -60.183  34.332 0.3000000119
21981  -44.988  -60.870  34.428 0.3000000119
20186  -45.638  -62.923  35.544 0.3000000119
26026  -40.693  -57.785  33.199 0.3000000119
25052  -41.287  -58.342  33.545 0.3000000119
24027  -42.093  -58.903  33.837 0.3000000119
22971  -43.144  -60.277  34.460 0.3000000119
21980  -43.669  -61.043  34.777 0.3000000119
21953  -44.508  -61.640  35.048 0.3000000119
27067  -39.571  -56.698  32.288 0.3000000119
21979  -42.490  -61.009  34.709 0.3000000119
134191  -43.401  -61.925  35.238 0.3000000119
21043  -44.044  -62.481  35.450 0.2000000030
20185  -44.609  -63.062  35.678 0.2000000030
28116  -38.716  -55.092  30.858 0.2000000030
28113  -39.211  -55.602  31.161 0.2000000030
28117  -39.295  -55.095  30.518 0.3000000119
28118  -40.075  -55.238  30.137 0.3000000119
28126  -40.667  -55.005  29.496 0.3000000119
27095  -41.600  -56.136  30.103 0.3000000119
28127  -41.480  -55.542  29.376 0.2000000030
27097  -42.930  -56.353  29.380 0.1000000015
28145  -41.787  -55.033  28.547 0.2000000030
28146  -42.519  -55.369  28.277 0.1000000015
28171  -42.914  -55.021  27.655 0.1000000015
28185  -43.812  -55.282  26.890 0.1000000015
29966  -44.242  -53.683  26.258 0.1000000015
30890  -45.143  -52.847  25.870 0.1000000015
28173  -44.080  -55.991  27.128 0.1000000015
28186  -44.377  -55.435  26.461 0.1000000015
28197  -44.843  -55.232  25.909 0.1000000015
30004  -45.888  -54.165  24.952 0.1000000015
30892  -46.659  -52.673  25.480 0.1000000015
133328  -48.272  -52.822  25.519 0.1000000015
26100  -45.980  -57.572  29.022 0.1000000015
26099  -45.653  -57.527  28.020 0.1000000015
27158  -45.864  -57.114  26.239 0.1000000015
29104  -45.724  -55.090  24.991 0.1000000015
29127  -46.937  -54.459  24.145 0.1000000015
30006  -47.483  -53.870  24.270 0.1000000015
25100  -46.849  -58.462  30.142 0.1000000015
125287  -46.728  -58.177  29.358 0.1000000015
23028  -47.170  -59.506  30.169 0.1000000015
140381  -46.283  -61.120  29.610 0.2000000030
20291  -43.946  -64.314  29.545 0.1000000015
19423  -44.441  -65.058  29.341 0.1000000015
18649  -43.293  -65.579  28.560 0.1000000015
18662  -42.798  -65.450  28.270 0.1000000015
21179  -41.636  -63.266  27.531 0.1000000015
142501  -42.830  -62.566  27.405 0.1000000015
22103  -42.249  -62.277  27.430 0.1000000015
23081  -43.279  -61.067  27.115 0.1000000015
23091  -43.478  -60.162  26.719 0.1000000015
24130  -43.228  -59.282  26.222 0.1000000015
19309  -41.590  -64.375  36.307 0.2000000030
19311  -43.967  -64.516  36.353 0.2000000030
19313  -45.988  -63.831  35.875 0.3000000119
19327  -47.034  -63.974  35.446 0.3000000119
20181  -40.418  -63.177  35.717 0.2000000030
20163  -43.339  -63.998  36.148 0.2000000030
19312  -44.892  -64.257  36.211 0.3000000119
20165  -45.062  -63.576  35.876 0.3000000119
25051  -40.384  -58.353  33.670 0.3000000119
25037  -40.020  -58.952  34.077 0.3000000119
22969  -41.024  -60.313  34.519 0.3000000119
21978  -41.493  -61.020  34.733 0.3000000119
26039  -39.215  -57.210  33.024 0.3000000119
127229  -39.214  -57.757  33.591 0.3000000119
24015  -40.531  -59.619  34.304 0.3000000119
22968  -40.123  -60.310  34.541 0.3000000119
21951  -41.944  -61.642  35.035 0.3000000119
28111  -37.637  -55.136  31.590 0.2000000030
28104  -38.146  -55.905  32.031 0.3000000119
21042  -42.452  -62.176  35.321 0.2000000030
131894  -43.042  -62.723  35.527 0.2000000030
29026  -38.072  -54.735  30.975 0.2000000030
29033  -38.652  -54.356  30.438 0.2000000030
29032  -37.929  -54.006  30.691 0.2000000030
29034  -39.451  -54.373  29.907 0.3000000119
29912  -38.932  -53.665  29.993 0.3000000119
29035  -40.097  -54.564  29.595 0.3000000119
29043  -41.125  -54.641  28.896 0.2000000030
29041  -39.885  -53.969  29.449 0.3000000119
30831  -40.357  -52.465  29.100 0.2000000030
30839  -41.027  -52.431  28.686 0.2000000030
29931  -41.872  -53.308  28.029 0.2000000030
30859  -42.884  -52.366  27.537 0.1000000015
25142  -46.819  -58.392  27.672 0.1000000015
26145  -46.423  -57.614  25.832 0.1000000015
27178  -46.044  -56.742  25.454 0.1000000015
26156  -46.527  -57.070  24.798 0.1000000015
143068  -47.755  -59.371  29.477 0.1000000015
25143  -47.390  -58.934  28.081 0.1000000015
25156  -47.204  -58.815  27.084 0.1000000015
25168  -47.092  -58.550  25.868 0.1000000015
24075  -47.855  -59.765  29.755 0.1000000015
24096  -48.052  -59.642  29.167 0.1000000015
132362  -48.617  -60.744  28.798 0.1000000015
24124  -48.140  -60.155  27.259 0.1000000015
22063  -47.290  -61.192  29.657 0.1000000015
22064  -48.164  -61.261  29.565 0.1000000015
21169  -48.778  -62.257  28.803 0.1000000015
21168  -48.216  -63.009  28.889 0.1000000015
21149  -47.608  -62.265  29.404 0.1000000015
133026  -46.618  -63.141  29.387 0.1000000015
20294  -46.778  -64.090  29.161 0.1000000015
19439  -46.499  -65.394  28.299 0.1000000015
19424  -45.343  -65.021  29.260 0.1000000015
18650  -44.161  -65.661  28.441 0.1000000015
18664  -44.441  -65.540  27.941 0.1000000015
21180  -42.610  -63.354  27.465 0.1000000015
22104  -43.049  -61.938  27.352 0.1000000015
20179  -38.234  -63.300  35.667 0.3000000119
120266  -39.002  -62.909  35.533 0.3000000119
21039  -39.784  -62.588  35.472 0.3000000119
20182  -41.264  -63.041  35.660 0.2000000030
134323  -42.734  -63.488  35.838 0.2000000030
134102  -38.968  -62.036  35.231 0.3000000119
21040  -40.670  -62.408  35.410 0.3000000119
21041  -41.565  -62.307  35.361 0.3000000119
20164  -44.226  -63.798  36.010 0.2000000030
26024  -38.536  -57.518  33.537 0.3000000119
25035  -38.217  -58.586  34.274 0.3000000119
140263  -39.287  -60.367  34.618 0.3000000119
21950  -41.024  -61.687  35.062 0.3000000119
20183  -42.133  -62.903  35.595 0.2000000030
29017  -36.825  -54.752  31.953 0.2000000030
27055  -37.868  -57.077  33.322 0.3000000119
26022  -37.184  -57.234  33.730 0.3000000119
29898  -36.546  -53.720  31.925 0.2000000030
29905  -37.085  -53.319  31.360 0.2000000030
30822  -37.980  -52.719  30.710 0.2000000030
30823  -38.558  -52.425  30.372 0.2000000030
30824  -39.236  -52.115  29.968 0.3000000119
31720  -40.104  -51.847  29.634 0.2000000030
31735  -40.848  -51.825  29.116 0.2000000030
129727  -48.284  -64.148  28.246 0.1000000015
140078  -45.844  -65.607  27.930 0.1000000015
18665  -45.161  -65.583  27.866 0.1000000015
19454  -43.768  -64.894  27.719 0.1000000015
19304  -36.803  -64.083  35.987 0.1000000015
21035  -35.819  -62.714  35.763 0.2000000030
20178  -37.224  -63.349  35.689 0.3000000119
21037  -37.581  -62.522  35.424 0.3000000119
122266  -36.897  -62.011  35.339 0.3000000119
21948  -37.520  -61.690  35.180 0.3000000119
24012  -37.736  -59.235  34.530 0.3000000119
137715  -37.619  -60.135  34.769 0.3000000119
28093  -36.260  -55.847  33.195 0.3000000119
27041  -36.237  -57.008  33.964 0.3000000119
26011  -36.689  -57.794  34.294 0.3000000119
25034  -37.280  -58.559  34.427 0.3000000119
29004  -35.409  -54.196  33.200 0.2000000030
30794  -37.183  -52.053  32.024 0.1000000015
30812  -38.200  -52.077  30.966 0.2000000030
31656  -38.197  -51.536  33.057 0.1000000015
31690  -38.706  -51.576  31.449 0.2000000030
31705  -38.919  -51.791  30.628 0.2000000030
31691  -39.487  -51.428  31.134 0.2000000030
138830  -40.125  -51.315  30.840 0.3000000119
21946  -36.062  -61.890  35.499 0.3000000119
129610  -36.433  -60.566  35.183 0.3000000119
23998  -35.951  -60.096  35.227 0.3000000119
24010  -36.141  -59.358  34.934 0.3000000119
28078  -35.068  -55.739  34.066 0.3000000119
141935  -36.081  -57.479  34.310 0.3000000119
25033  -36.426  -58.592  34.631 0.3000000119
28091  -35.174  -55.011  33.636 0.2000000030
29877  -35.029  -53.677  33.674 0.2000000030
30743  -35.686  -52.443  34.486 0.1000000015
31655  -37.437  -51.652  33.260 0.1000000015
142886  -38.696  -51.668  33.473 0.1000000015
130029  -38.962  -51.501  32.872 0.1000000015
31674  -40.282  -51.553  32.465 0.1000000015
23996  -34.733  -60.074  35.765 0.3000000119
23986  -34.067  -59.835  36.246 0.2000000030
23997  -35.293  -59.466  35.331 0.3000000119
25032  -35.614  -58.640  34.909 0.3000000119
25024  -34.839  -58.581  35.301 0.3000000119
28077  -34.656  -55.061  34.251 0.2000000030
27039  -34.937  -56.424  34.491 0.3000000119
26010  -35.159  -57.884  34.879 0.3000000119
131651  -34.374  -53.627  35.067 0.2000000030
28060  -34.188  -55.213  35.042 0.2000000030
30712  -35.585  -52.625  36.442 0.1000000015
30724  -35.487  -52.548  35.452 0.1000000015
30700  -36.270  -52.680  37.022 0.1000000015
30725  -36.879  -52.248  35.516 0.1000000015
30745  -37.465  -52.000  34.725 0.1000000015
31637  -38.017  -51.726  33.914 0.1000000015
30726  -37.873  -52.300  35.500 0.1000000015
30746  -38.388  -52.136  34.754 0.1000000015
31638  -38.950  -51.990  34.088 0.1000000015
31639  -39.933  -52.252  34.141 0.1000000015
25023  -34.125  -58.415  35.772 0.2000000030
25999  -33.529  -57.218  36.122 0.2000000030
26001  -34.465  -57.814  35.335 0.2000000030
28059  -33.695  -55.033  35.817 0.2000000030
26000  -34.065  -57.107  35.484 0.2000000030
29815  -33.867  -53.788  36.611 0.1000000015
28967  -34.002  -54.325  35.408 0.2000000030
30699  -35.087  -52.928  37.081 0.1000000015
30714  -37.446  -52.511  36.260 0.1000000015
30715  -38.297  -52.653  36.160 0.1000000015
30727  -38.755  -52.526  35.462 0.1000000015
30728  -39.583  -52.794  35.447 0.1000000015
30748  -40.727  -52.726  34.618 0.1000000015
29800  -37.996  -53.370  37.373 0.1000000015
29818  -38.644  -53.150  36.734 0.1000000015
29819  -39.535  -53.377  36.638 0.1000000015
30717  -39.844  -53.166  35.998 0.1000000015
29801  -39.028  -53.726  37.372 0.1000000015
29802  -40.047  -53.806  37.199 0.1000000015
16242  -42.970  -68.656  31.322 0.4000000060
16983  -42.752  -67.274  32.533 0.5000000000
142082  -42.369  -66.773  32.856 0.5000000000
16222  -43.363  -68.005  31.922 0.4000000060
135729  -41.979  -67.470  32.230 0.5000000000
16221  -42.452  -67.977  31.862 0.6000000238
15434  -44.529  -69.255  30.561 0.5000000000
16985  -44.791  -67.596  32.648 0.4000000060
11700  -42.873  -74.349  29.587 0.5000000000
16263  -42.561  -69.247  30.734 0.5000000000
13926  -44.186  -71.078  29.511 0.5000000000
15433  -43.530  -69.276  30.643 0.6000000238
13925  -43.477  -71.622  29.436 0.5000000000
12484  -42.758  -73.202  29.252 0.3000000119
11711  -41.720  -75.005  28.557 0.5000000000
14703  -44.056  -70.459  29.629 0.5000000000
10915  -43.638  -75.579  30.676 0.5000000000
121035  -43.490  -70.884  29.607 0.5000000000
120555  -41.178  -66.621  32.728 0.4000000060
13196  -40.158  -73.007  27.798 0.5000000000
13207  -38.643  -72.940  26.819 0.4000000060
12519  -38.478  -73.552  25.413 0.4000000060
13194  -37.868  -72.401  26.605 0.4000000060
13980  -36.691  -70.966  25.973 0.3000000119
13956  -37.179  -71.426  26.801 0.4000000060
13160  -46.381  -72.221  32.110 0.2000000030
16243  -43.941  -68.665  31.284 0.4000000060
17771  -40.510  -66.346  32.785 0.3000000119
127503  -40.926  -67.821  31.702 0.4000000060
16262  -41.628  -69.127  30.719 0.6000000238
137689  -42.440  -60.875  32.351 0.3000000119
134209  -40.614  -63.379  33.152 0.4000000060
18586  -40.226  -65.780  33.046 0.4000000060
17002  -40.346  -67.434  31.909 0.5000000000
15471  -41.802  -70.283  29.814 0.6000000238
14702  -42.744  -70.682  29.728 0.6000000238
15452  -43.115  -69.842  30.191 0.6000000238
15453  -44.090  -69.875  29.959 0.6000000238
13924  -42.769  -71.243  29.526 0.5000000000
13174  -42.995  -72.283  29.328 0.5000000000
17769  -38.851  -66.676  32.291 0.4000000060
138655  -39.679  -67.543  31.608 0.4000000060
16260  -39.823  -68.585  30.487 0.5000000000
14700  -41.037  -70.605  29.462 0.6000000238
15470  -40.684  -69.969  29.656 0.5000000000
13941  -41.937  -71.701  29.260 0.5000000000
14701  -41.948  -70.927  29.538 0.5000000000
13185  -41.458  -72.488  28.754 0.5000000000
13942  -42.732  -71.830  29.355 0.5000000000
18585  -39.344  -65.591  32.985 0.4000000060
20213  -39.934  -63.517  33.099 0.4000000060
17001  -39.323  -67.922  31.044 0.5000000000
15469  -39.781  -69.650  29.404 0.5000000000
14711  -39.514  -70.900  28.642 0.4000000060
14699  -40.130  -70.333  29.171 0.5000000000
13184  -40.601  -72.478  28.321 0.5000000000
18584  -38.439  -65.432  32.856 0.4000000060
19375  -38.363  -63.651  32.873 0.3000000119
16999  -37.883  -67.237  31.460 0.5000000000
125622  -38.928  -68.307  30.291 0.5000000000
16283  -38.514  -68.690  29.545 0.5000000000
13939  -38.773  -71.487  27.962 0.4000000060
143285  -39.147  -72.022  27.830 0.5000000000
16259  -38.045  -68.097  30.097 0.5000000000
15479  -38.338  -69.858  28.595 0.4000000060
14719  -38.011  -71.067  27.835 0.4000000060
14709  -37.726  -70.432  28.038 0.4000000060
17015  -36.629  -67.461  30.550 0.4000000060
16282  -37.627  -68.486  29.308 0.4000000060
14718  -37.326  -70.987  27.377 0.4000000060
19359  -46.072  -64.515  33.790 0.5000000000
16965  -45.246  -67.059  33.249 0.4000000060
14704  -44.753  -70.672  29.619 0.5000000000
22987  -44.995  -60.465  33.793 0.5000000000
16244  -44.972  -68.693  31.263 0.5000000000
24039  -44.466  -59.095  32.277 0.3000000119
22997  -42.061  -60.460  31.810 0.3000000119
22017  -40.840  -61.374  32.150 0.4000000060
23011  -41.803  -60.315  31.209 0.3000000119
23025  -42.373  -59.984  30.819 0.3000000119
22028  -40.613  -61.221  31.473 0.3000000119
22039  -39.882  -61.570  31.246 0.3000000119
20238  -38.669  -63.011  32.694 0.3000000119
18583  -37.499  -65.313  32.719 0.3000000119
132602  -38.007  -64.510  32.899 0.3000000119
16998  -36.979  -67.137  31.335 0.3000000119
19374  -37.137  -64.338  32.686 0.3000000119
21100  -37.808  -62.884  32.361 0.2000000030
18582  -36.536  -65.086  32.570 0.3000000119
17802  -36.060  -67.012  31.197 0.3000000119
18581  -35.624  -64.902  32.336 0.2000000030
17014  -35.739  -67.303  30.370 0.3000000119
16293  -36.054  -68.868  28.158 0.4000000060
17800  -34.360  -66.452  30.637 0.2000000030
17013  -34.888  -67.061  30.100 0.3000000119
17046  -35.165  -67.749  28.676 0.2000000030
136636  -34.270  -64.606  31.547 0.2000000030
17799  -33.670  -66.071  30.241 0.2000000030
20281  -33.349  -63.522  29.492 0.1000000015
138698  -46.626  -63.582  33.902 0.4000000060
140089  -46.308  -62.948  33.755 0.4000000060
18567  -46.518  -65.427  33.889 0.5000000000
138500  -46.767  -67.683  32.820 0.4000000060
16224  -45.417  -68.194  32.019 0.5000000000
26045  -44.394  -57.891  32.077 0.3000000119
26059  -44.896  -57.799  31.512 0.2000000030
26060  -45.694  -57.930  31.214 0.1000000015
26068  -44.346  -57.303  30.900 0.1000000015
134531  -43.646  -60.034  30.144 0.2000000030
22040  -40.535  -61.303  30.832 0.2000000030
22058  -41.674  -61.867  29.856 0.2000000030
143893  -38.745  -62.106  31.296 0.2000000030
21099  -36.943  -62.895  32.093 0.2000000030
121346  -38.400  -62.480  30.745 0.1000000015
21144  -39.960  -62.837  29.896 0.1000000015
20268  -38.480  -63.495  29.673 0.1000000015
20267  -37.161  -63.339  30.017 0.1000000015
20256  -36.431  -62.978  31.459 0.2000000030
20255  -35.623  -63.454  31.734 0.2000000030
119744  -36.386  -63.234  30.158 0.1000000015
20287  -39.192  -64.161  29.154 0.1000000015
120543  -35.605  -63.145  30.088 0.1000000015
20254  -34.681  -63.958  31.531 0.1000000015
20266  -34.241  -63.599  30.705 0.1000000015
18628  -33.121  -64.985  29.909 0.1000000015
20309  -38.493  -63.788  28.708 0.1000000015
20283  -34.769  -63.124  30.120 0.1000000015
19418  -33.173  -64.270  29.771 0.1000000015
21166  -37.074  -62.989  28.587 0.1000000015
22086  -36.519  -62.307  28.957 0.1000000015
22087  -37.233  -62.060  28.584 0.1000000015
23063  -38.312  -60.667  28.504 0.1000000015
16212  -48.461  -68.639  33.722 0.3000000119
16211  -48.153  -68.277  33.164 0.3000000119
18521  -48.283  -65.841  35.567 0.3000000119
124852  -48.500  -67.151  34.296 0.3000000119
18548  -47.891  -65.130  34.562 0.3000000119
17734  -48.094  -65.949  34.224 0.3000000119
120674  -48.436  -67.763  33.848 0.3000000119
16967  -47.992  -67.388  33.353 0.3000000119
16987  -47.475  -68.043  32.728 0.3000000119
19339  -47.570  -64.368  34.700 0.3000000119
18547  -47.420  -64.582  34.433 0.3000000119
120575  -47.370  -67.222  33.295 0.3000000119
21083  -46.184  -62.273  33.861 0.4000000060
21058  -46.392  -62.330  34.188 0.4000000060
20199  -46.751  -62.970  34.408 0.4000000060
19338  -47.085  -63.721  34.316 0.4000000060
25054  -43.664  -58.634  33.539 0.4000000060
22004  -45.620  -61.150  33.951 0.4000000060
21983  -46.030  -61.723  34.062 0.4000000060
133809  -42.073  -58.280  33.408 0.4000000060
26056  -42.462  -57.290  31.855 0.3000000119
27086  -41.304  -56.311  30.771 0.3000000119
27098  -44.500  -57.047  29.507 0.1000000015
26070  -45.966  -57.746  30.584 0.1000000015
26071  -46.443  -58.128  30.527 0.1000000015
22060  -43.610  -60.877  29.733 0.2000000030
23043  -45.513  -60.497  29.776 0.2000000030
21147  -43.473  -61.953  29.593 0.1000000015
139978  -42.592  -62.693  29.637 0.1000000015
20289  -41.976  -63.764  29.557 0.1000000015
132375  -42.235  -64.914  29.253 0.1000000015
19419  -39.172  -64.177  28.856 0.1000000015
19437  -40.419  -64.586  28.647 0.1000000015
20323  -39.573  -63.725  28.240 0.1000000015
21178  -39.895  -63.126  27.852 0.1000000015
22102  -41.284  -62.283  27.507 0.1000000015
132435  -40.968  -61.358  27.632 0.1000000015
16922  -48.501  -67.334  36.246 0.2000000030
17709  -48.249  -66.550  36.368 0.2000000030
16190  -48.535  -68.468  35.409 0.2000000030
19328  -47.562  -64.312  35.109 0.3000000119
24017  -42.637  -59.589  34.224 0.3000000119
21982  -45.697  -61.303  34.174 0.4000000060
26040  -40.125  -57.260  32.777 0.3000000119
27068  -40.439  -56.824  32.115 0.3000000119
27096  -42.205  -56.235  29.733 0.1000000015
27122  -44.486  -56.859  28.587 0.1000000015
28129  -42.885  -56.011  28.688 0.1000000015
28172  -43.524  -55.557  27.442 0.1000000015
27143  -43.855  -56.300  27.905 0.1000000015
27099  -45.197  -57.311  29.216 0.1000000015
23044  -46.794  -60.315  29.904 0.1000000015
130713  -44.487  -63.375  29.548 0.1000000015
20292  -44.948  -64.190  29.513 0.1000000015
19452  -42.311  -65.133  27.954 0.1000000015
17708  -47.688  -66.965  37.166 0.2000000030
17706  -45.846  -66.386  37.216 0.2000000030
18518  -46.216  -65.573  36.699 0.2000000030
18519  -47.177  -65.514  36.425 0.3000000119
126948  -45.594  -64.832  36.410 0.2000000030
26025  -39.866  -57.759  33.369 0.3000000119
25038  -40.964  -58.948  33.998 0.3000000119
24016  -41.533  -59.602  34.263 0.3000000119
22970  -42.038  -60.309  34.499 0.3000000119
27075  -38.997  -56.108  31.790 0.3000000119
27066  -38.702  -56.566  32.480 0.3000000119
28128  -42.276  -55.800  28.965 0.1000000015
29054  -41.001  -53.872  28.701 0.2000000030
29056  -42.260  -54.339  27.927 0.1000000015
29078  -43.388  -54.752  27.127 0.1000000015
144146  -43.387  -54.023  26.897 0.1000000015
29089  -43.882  -54.510  26.556 0.1000000015
132523  -44.574  -53.025  26.131 0.1000000015
29090  -44.536  -54.544  26.048 0.1000000015
30891  -45.874  -52.721  25.654 0.1000000015
29980  -45.508  -53.520  25.446 0.1000000015
27156  -44.704  -56.342  26.842 0.1000000015
28187  -44.987  -55.956  26.165 0.1000000015
29103  -45.204  -54.555  25.514 0.1000000015
28198  -45.311  -55.539  25.577 0.1000000015
29981  -46.237  -53.308  25.097 0.1000000015
29126  -46.363  -54.724  24.501 0.1000000015
30912  -47.023  -53.164  24.806 0.1000000015
30893  -47.470  -52.706  25.415 0.1000000015
29982  -47.885  -53.229  24.867 0.1000000015
26113  -46.346  -57.949  28.197 0.1000000015
26112  -45.817  -57.463  27.182 0.1000000015
26127  -46.213  -57.657  26.641 0.1000000015
28199  -46.202  -56.315  24.836 0.1000000015
28217  -46.228  -55.585  24.588 0.1000000015
30007  -48.382  -53.704  24.381 0.1000000015
23029  -47.545  -59.691  30.006 0.1000000015
25120  -47.079  -58.545  28.680 0.1000000015
132908  -46.457  -62.052  29.486 0.1000000015
20293  -45.915  -64.107  29.425 0.1000000015
132747  -42.820  -64.531  27.674 0.1000000015
20160  -40.173  -63.863  36.083 0.2000000030
20162  -41.863  -63.639  35.937 0.2000000030
19310  -43.102  -64.738  36.427 0.2000000030
132852  -39.629  -63.350  35.766 0.3000000119
135070  -42.463  -64.197  36.233 0.2000000030
21977  -40.560  -60.995  34.768 0.3000000119
27056  -38.437  -56.966  33.021 0.3000000119
25049  -38.837  -58.117  33.990 0.3000000119
25036  -39.147  -58.835  34.244 0.3000000119
144316  -39.809  -60.903  34.773 0.3000000119
28103  -37.302  -55.608  32.289 0.3000000119
29025  -37.318  -54.170  31.254 0.2000000030
132136  -37.821  -56.423  32.744 0.3000000119
128720  -39.659  -52.602  29.515 0.3000000119
29042  -40.470  -54.097  29.115 0.2000000030
29956  -42.518  -53.259  27.561 0.1000000015
30841  -42.241  -52.454  27.906 0.2000000030
134950  -42.922  -54.087  27.341 0.1000000015
25155  -46.639  -58.183  26.714 0.1000000015
27208  -47.094  -56.055  23.659 0.1000000015
24114  -48.292  -60.065  28.414 0.1000000015
24123  -47.737  -59.464  27.645 0.1000000015
23045  -48.284  -60.667  29.507 0.1000000015
22065  -48.633  -61.443  29.163 0.1000000015
21150  -48.423  -61.981  29.233 0.1000000015
20295  -47.381  -63.305  29.151 0.1000000015
20312  -47.541  -64.093  28.718 0.1000000015
18651  -45.000  -65.773  28.210 0.1000000015
20180  -39.426  -63.989  36.081 0.3000000119
21038  -38.392  -62.562  35.420 0.3000000119
21975  -38.249  -61.322  34.985 0.3000000119
21949  -39.992  -61.677  35.107 0.3000000119
21976  -39.131  -61.151  34.886 0.3000000119
26013  -38.237  -57.924  33.984 0.3000000119
24013  -38.592  -59.615  34.513 0.3000000119
26012  -37.602  -57.924  34.122 0.3000000119
22967  -38.477  -60.565  34.735 0.3000000119
27065  -36.961  -56.085  32.892 0.3000000119
29005  -35.804  -55.082  33.089 0.3000000119
29016  -36.119  -54.424  32.535 0.2000000030
27054  -36.669  -56.525  33.443 0.3000000119
30811  -37.478  -52.546  31.289 0.2000000030
31707  -40.482  -51.385  30.252 0.2000000030
31721  -40.840  -51.482  29.664 0.2000000030
31736  -41.558  -51.808  28.723 0.2000000030
122102  -37.334  -64.789  36.282 0.1000000015
21931  -35.290  -62.110  35.896 0.2000000030
21036  -36.637  -62.655  35.546 0.3000000119
140813  -37.966  -60.757  34.829 0.3000000119
22966  -36.993  -60.595  34.993 0.3000000119
28092  -35.633  -55.738  33.585 0.3000000119
27040  -35.562  -56.408  34.019 0.3000000119
29897  -35.893  -53.582  32.657 0.2000000030
30793  -36.278  -52.950  32.375 0.2000000030
31689  -37.897  -51.771  31.713 0.1000000015
31670  -36.962  -51.850  32.729 0.1000000015
31673  -39.387  -51.393  32.090 0.2000000030
22948  -35.052  -60.845  35.734 0.3000000119
127976  -35.366  -60.277  35.500 0.3000000119
122639  -35.509  -57.173  34.451 0.3000000119
29003  -34.798  -54.313  33.867 0.2000000030
29851  -35.123  -53.018  33.975 0.2000000030
29878  -35.455  -53.338  33.277 0.2000000030
31654  -36.793  -51.856  33.356 0.1000000015
31636  -37.081  -51.797  33.964 0.1000000015
30742  -34.838  -52.922  34.914 0.1000000015
31657  -39.408  -51.770  33.465 0.1000000015
131922  -34.440  -59.232  35.752 0.3000000119
26009  -34.700  -57.130  34.899 0.3000000119
27029  -34.288  -56.260  35.119 0.2000000030
141439  -34.532  -53.217  35.446 0.1000000015
30723  -34.795  -52.902  35.914 0.1000000015
29817  -37.905  -52.842  36.752 0.1000000015
30747  -39.275  -52.400  34.797 0.1000000015
27021  -33.251  -56.508  36.567 0.2000000030
27028  -33.687  -56.431  35.823 0.2000000030
29816  -34.450  -53.256  36.714 0.1000000015
30716  -39.114  -52.931  36.082 0.1000000015
10926  -42.039  -75.792  28.749 0.3000000119
9433  -42.251  -77.438  28.695 0.3000000119
129833  -42.226  -76.423  28.213 0.3000000119
127755  -39.341  -77.733  25.066 0.2000000030
9488  -38.001  -77.368  23.870 0.2000000030
9432  -41.733  -78.438  28.544 0.4000000060
133432  -41.062  -78.981  27.313 0.3000000119
8729  -41.312  -78.859  27.857 0.3000000119
8727  -40.596  -78.840  27.202 0.3000000119
10939  -41.804  -75.659  27.809 0.4000000060
9453  -42.449  -77.255  27.201 0.4000000060
8746  -40.686  -78.754  25.996 0.3000000119
9490  -39.941  -78.602  24.472 0.2000000030
10940  -42.281  -76.323  27.166 0.4000000060
8762  -41.597  -78.512  25.564 0.4000000060
11733  -41.439  -75.293  27.057 0.4000000060
9479  -42.145  -78.092  25.840 0.4000000060
8761  -41.082  -78.846  25.256 0.3000000119
132190  -41.959  -75.770  26.842 0.4000000060
10184  -42.502  -76.753  26.358 0.4000000060
8776  -41.502  -78.480  24.618 0.3000000119
8760  -40.675  -78.769  24.902 0.4000000060
11723  -40.757  -74.636  27.107 0.4000000060
10194  -42.506  -76.329  25.479 0.4000000060
129545  -41.151  -78.714  23.990 0.3000000119
12513  -39.861  -74.243  26.599 0.4000000060
10946  -41.816  -75.505  26.181 0.4000000060
9492  -42.482  -76.880  24.828 0.4000000060
11731  -40.042  -74.724  25.918 0.4000000060
132841  -42.552  -76.019  24.826 0.4000000060
9514  -41.619  -77.912  23.789 0.3000000119
125742  -39.368  -74.327  25.844 0.4000000060
11744  -42.069  -75.466  25.284 0.4000000060
10954  -42.406  -75.689  25.059 0.4000000060
9515  -42.248  -76.940  24.001 0.4000000060
128686  -41.461  -74.964  24.703 0.4000000060
10962  -42.239  -75.115  24.306 0.4000000060
10963  -42.462  -75.569  24.374 0.4000000060
10203  -42.537  -76.142  24.272 0.4000000060
10224  -41.836  -76.786  23.249 0.3000000119
11743  -40.570  -74.921  25.253 0.4000000060
11757  -42.349  -75.055  23.717 0.4000000060
10981  -42.474  -75.601  23.819 0.4000000060
137316  -42.382  -76.230  23.700 0.3000000119
9542  -40.696  -77.478  22.331 0.2000000030
11742  -39.526  -74.504  25.111 0.3000000119
11756  -40.255  -74.507  24.347 0.4000000060
11766  -41.387  -74.478  23.811 0.4000000060
128312  -42.216  -74.279  22.924 0.4000000060
10999  -42.328  -75.071  23.200 0.4000000060
9531  -41.261  -76.762  22.519 0.2000000030
141639  -41.343  -76.093  22.009 0.2000000030
9541  -40.139  -77.215  21.276 0.3000000119
12529  -38.513  -73.384  24.885 0.3000000119
11755  -39.438  -74.173  24.573 0.3000000119
12539  -40.497  -73.906  23.714 0.3000000119
11777  -42.299  -74.418  22.324 0.3000000119
10263  -41.257  -75.625  21.137 0.2000000030
11017  -41.663  -75.563  21.974 0.2000000030
10262  -40.549  -76.216  20.629 0.2000000030
9555  -39.427  -77.561  20.499 0.2000000030
13215  -38.025  -72.870  25.221 0.3000000119
12538  -39.842  -73.345  23.941 0.3000000119
11767  -42.102  -74.380  23.334 0.4000000060
11018  -41.959  -74.781  21.429 0.1000000015
13222  -37.810  -72.109  25.058 0.3000000119
13224  -40.032  -72.449  23.964 0.3000000119
141267  -42.142  -72.922  22.977 0.2000000030
12549  -42.541  -73.487  22.148 0.2000000030
10286  -40.300  -75.983  19.627 0.1000000015
9575  -39.281  -77.155  19.498 0.2000000030
14003  -41.726  -71.564  23.672 0.2000000030
139392  -42.576  -72.348  22.851 0.2000000030
12556  -42.847  -72.954  21.429 0.1000000015
11798  -42.176  -74.055  20.414 0.1000000015
11049  -40.415  -75.341  19.358 0.1000000015
10285  -39.740  -76.399  19.228 0.1000000015
13981  -37.286  -71.309  25.557 0.2000000030
13992  -39.272  -71.934  24.347 0.3000000119
13993  -40.283  -71.599  24.145 0.3000000119
15491  -35.990  -69.581  26.697 0.2000000030
14730  -37.588  -70.436  25.198 0.1000000015
13982  -37.914  -71.322  24.954 0.3000000119
13994  -41.163  -70.982  24.159 0.2000000030
13233  -43.046  -72.193  22.402 0.1000000015
11818  -41.644  -74.105  19.726 0.1000000015
11832  -40.424  -74.802  19.322 0.1000000015
10307  -39.584  -76.100  18.882 0.1000000015
134576  -36.945  -69.704  25.468 0.2000000030
14731  -38.349  -70.629  24.848 0.2000000030
126694  -39.961  -70.800  24.465 0.2000000030
13995  -42.274  -70.927  23.851 0.1000000015
124280  -43.224  -71.587  22.828 0.1000000015
13250  -43.036  -72.398  20.888 0.1000000015
13269  -42.561  -72.447  20.273 0.1000000015
11817  -41.056  -74.186  19.451 0.1000000015
11064  -39.372  -75.712  18.870 0.1000000015
9593  -37.560  -77.341  18.530 0.1000000015
14737  -39.191  -70.284  24.733 0.1000000015
14739  -41.915  -70.240  24.258 0.2000000030
14740  -42.745  -70.320  23.910 0.1000000015
14012  -43.919  -71.168  21.745 0.1000000015
13268  -42.163  -72.354  20.057 0.1000000015
12585  -40.969  -73.738  19.501 0.1000000015
136168  -39.512  -74.604  19.346 0.1000000015
11063  -38.612  -75.902  18.755 0.1000000015
9592  -36.279  -77.658  18.437 0.1000000015
14749  -44.114  -70.309  22.968 0.1000000015
13267  -41.575  -72.228  20.118 0.1000000015
139363  -40.935  -72.664  20.081 0.1000000015
11047  -37.225  -75.355  19.228 0.1000000015
11061  -36.839  -76.095  18.868 0.1000000015
12569  -39.591  -73.314  20.043 0.1000000015
121234  -41.741  -51.353  31.095 0.2000000030
16307  -35.610  -68.763  26.850 0.2000000030
16308  -36.026  -68.874  26.215 0.1000000015
133019  -38.528  -69.866  24.915 0.1000000015
15501  -38.743  -69.063  24.925 0.1000000015
134428  -41.771  -69.613  24.467 0.1000000015
15509  -39.463  -69.456  24.842 0.1000000015
14741  -43.509  -69.865  23.637 0.1000000015
14777  -43.998  -70.281  21.273 0.1000000015
11062  -37.745  -76.024  18.771 0.1000000015
11815  -38.946  -75.185  19.112 0.1000000015
13279  -40.594  -73.263  19.826 0.1000000015
14793  -42.868  -71.053  20.374 0.1000000015
9452  -42.045  -78.214  27.498 0.3000000119
10172  -42.397  -76.943  27.818 0.4000000060
9478  -40.040  -78.371  25.531 0.3000000119
8747  -41.178  -78.811  26.380 0.3000000119
8748  -41.578  -78.644  26.961 0.3000000119
9491  -42.159  -77.916  25.134 0.4000000060
138017  -42.054  -77.669  24.425 0.3000000119
139839  -41.504  -75.236  25.526 0.4000000060
10236  -41.770  -76.056  22.593 0.2000000030
10248  -40.849  -76.528  21.687 0.2000000030
12540  -41.645  -73.538  23.265 0.3000000119
9556  -39.878  -76.697  20.107 0.2000000030
13223  -38.514  -72.711  24.661 0.3000000119
13232  -40.727  -72.981  23.539 0.3000000119
11786  -42.487  -73.810  21.366 0.2000000030
11034  -41.537  -74.790  20.281 0.1000000015
12541  -42.363  -73.203  22.621 0.4000000060
14002  -40.933  -71.989  23.762 0.2000000030
9595  -39.124  -76.821  18.856 0.1000000015
12570  -42.562  -73.159  20.518 0.1000000015
11050  -41.013  -74.734  19.546 0.1000000015
13234  -43.566  -71.551  22.317 0.1000000015
12586  -41.569  -73.554  19.701 0.1000000015
11816  -40.134  -74.564  19.311 0.1000000015
10306  -38.917  -76.416  18.721 0.1000000015
14738  -40.976  -69.983  24.656 0.1000000015
14005  -43.881  -71.014  22.603 0.1000000015
13270  -43.161  -71.750  20.608 0.1000000015
13280  -41.508  -73.008  19.800 0.1000000015
10304  -37.303  -76.714  18.558 0.1000000015
138795  -43.201  -71.223  20.533 0.1000000015
129072  -36.483  -76.840  18.594 0.1000000015
14750  -44.393  -69.711  22.473 0.1000000015
132227  -41.314  -69.269  24.677 0.1000000015
10889  -42.990  -76.781  32.247 0.3000000119
10120  -42.461  -77.257  31.784 0.2000000030
10119  -41.405  -77.187  31.434 0.3000000119
9371  -41.931  -77.868  31.126 0.2000000030
122477  -45.052  -73.996  31.637 0.4000000060
10891  -44.212  -75.614  31.983 0.2000000030
11689  -44.567  -74.870  31.654 0.4000000060
10122  -43.359  -76.713  31.521 0.3000000119
9391  -41.057  -78.047  30.678 0.2000000030
12477  -44.397  -74.164  30.757 0.4000000060
10136  -42.922  -77.224  31.160 0.2000000030
9411  -41.428  -78.493  30.190 0.2000000030
9390  -40.136  -77.889  30.231 0.1000000015
9410  -40.693  -78.683  30.004 0.2000000030
9408  -39.078  -78.078  29.018 0.1000000015
10148  -42.677  -77.022  30.194 0.3000000119
10147  -39.304  -77.537  29.707 0.1000000015
8693  -40.952  -79.086  29.490 0.2000000030
9430  -38.183  -77.612  28.494 0.1000000015
9451  -38.251  -77.845  28.003 0.1000000015
9431  -39.104  -78.370  28.303 0.1000000015
9468  -38.928  -77.903  27.354 0.1000000015
10181  -36.737  -76.284  26.176 0.1000000015
136127  -37.707  -77.465  28.010 0.1000000015
10183  -38.293  -77.328  26.773 0.1000000015
10191  -36.927  -75.948  25.040 0.1000000015
10182  -37.466  -76.877  26.739 0.1000000015
10914  -42.980  -75.428  29.936 0.3000000119
133920  -41.365  -78.843  29.393 0.2000000030
8709  -40.513  -79.175  28.870 0.2000000030
8692  -39.828  -78.799  28.919 0.2000000030
124148  -40.059  -78.936  28.333 0.2000000030
10192  -37.662  -76.455  25.521 0.1000000015
126362  -42.429  -75.827  29.371 0.2000000030
129304  -42.727  -76.234  29.840 0.3000000119
127412  -39.841  -78.639  27.693 0.2000000030
10193  -38.274  -76.912  25.979 0.1000000015
10200  -36.741  -76.224  24.153 0.1000000015
10157  -42.384  -76.601  29.188 0.3000000119
8728  -40.695  -79.104  28.072 0.3000000119
9469  -39.930  -78.345  26.677 0.2000000030
9477  -39.104  -77.537  26.040 0.1000000015
10223  -37.184  -76.944  23.704 0.1000000015
10201  -37.657  -76.582  24.452 0.1000000015
9489  -38.912  -77.731  24.262 0.1000000015
9512  -35.997  -77.377  23.455 0.1000000015
131519  -37.514  -77.970  23.568 0.1000000015
8795  -36.581  -78.085  23.522 0.1000000015
11712  -42.278  -75.090  29.237 0.2000000030
140359  -39.445  -78.678  23.793 0.1000000015
9513  -38.567  -78.375  23.665 0.1000000015
8797  -39.278  -79.288  23.347 0.1000000015
8105  -34.713  -79.634  24.346 0.1000000015
8120  -36.376  -79.042  23.838 0.1000000015
127791  -37.416  -78.939  23.602 0.1000000015
8796  -38.367  -79.151  23.495 0.1000000015
8775  -40.949  -78.895  24.390 0.3000000119
7412  -37.348  -80.697  24.093 0.1000000015
11688  -44.187  -75.251  31.150 0.3000000119
10903  -43.248  -76.365  30.654 0.2000000030
133170  -41.882  -78.248  29.620 0.3000000119
10202  -38.522  -76.995  25.071 0.1000000015
134017  -36.704  -77.378  23.528 0.1000000015
142550  -40.341  -78.939  27.884 0.2000000030
9412  -42.276  -77.889  30.655 0.2000000030
121021  -42.344  -77.511  29.672 0.3000000119
8119  -35.211  -78.889  23.860 0.1000000015
8121  -37.366  -79.862  23.854 0.1000000015
8798  -40.105  -78.955  23.614 0.2000000030
7436  -38.030  -80.570  22.706 0.1000000015
6699  -37.229  -81.296  22.653 0.1000000015
7445  -38.039  -80.398  22.181 0.2000000030
6698  -36.732  -81.824  23.091 0.1000000015
8123  -39.320  -79.400  23.121 0.2000000030
8137  -38.578  -80.094  22.797 0.2000000030
6708  -36.977  -81.040  21.971 0.2000000030
8149  -38.477  -79.907  22.019 0.1000000015
6697  -36.139  -81.744  22.458 0.1000000015
7457  -37.523  -80.441  21.633 0.2000000030
7458  -37.759  -80.059  21.419 0.1000000015
8815  -39.996  -79.040  23.213 0.2000000030
8138  -39.178  -79.487  22.657 0.1000000015
7443  -37.162  -80.633  21.556 0.1000000015
8799  -40.658  -78.820  23.753 0.2000000030
8150  -38.895  -79.025  21.637 0.1000000015
123488  -37.476  -79.670  20.675 0.1000000015
8829  -39.726  -78.789  22.456 0.1000000015
8800  -41.078  -78.499  23.512 0.2000000030
8816  -40.596  -78.522  22.977 0.2000000030
8830  -40.137  -78.048  22.177 0.2000000030
8164  -38.426  -78.736  20.544 0.1000000015
9540  -39.549  -78.179  21.480 0.1000000015
8817  -41.211  -77.755  23.060 0.2000000030
8842  -39.031  -78.306  20.809 0.1000000015
8183  -37.713  -79.106  20.198 0.1000000015
11677  -44.478  -74.896  32.348 0.2000000030
10888  -42.141  -76.630  32.083 0.1000000015
16205  -48.570  -68.576  34.456 0.2000000030
15401  -48.050  -69.778  34.517 0.1000000015
19308  -40.659  -64.560  36.378 0.1000000015
16908  -46.228  -67.782  38.142 0.1000000015
16910  -47.583  -67.866  37.673 0.1000000015
18516  -43.739  -65.315  36.610 0.1000000015
17687  -47.144  -67.281  37.590 0.1000000015
122496  -39.992  -65.047  36.548 0.2000000030
18514  -41.359  -65.172  36.572 0.1000000015
16907  -44.620  -67.789  37.846 0.1000000015
19307  -39.893  -64.428  36.317 0.2000000030
131123  -42.234  -64.973  36.511 0.1000000015
17705  -42.029  -65.866  36.799 0.1000000015
18495  -43.541  -66.086  36.896 0.1000000015
140092  -45.001  -66.376  37.194 0.1000000015
140234  -45.403  -67.200  37.664 0.1000000015
12468  -45.444  -73.506  32.353 0.2000000030
15416  -48.062  -69.910  33.618 0.1000000015
17686  -46.428  -67.171  37.661 0.1000000015
18496  -44.381  -65.895  36.887 0.1000000015
19326  -38.654  -64.069  36.023 0.2000000030
15383  -48.318  -69.180  35.017 0.1000000015
16160  -46.524  -68.499  38.545 0.1000000015
131467  -45.627  -68.161  38.325 0.1000000015
18515  -42.900  -65.536  36.664 0.1000000015
142742  -44.213  -75.053  32.625 0.1000000015
11659  -43.974  -75.560  32.435 0.1000000015
25019  -33.753  -58.990  36.284 0.1000000015
22933  -33.756  -60.343  36.692 0.1000000015
144025  -34.344  -61.549  36.525 0.1000000015
123516  -34.683  -62.196  36.404 0.1000000015
19303  -35.397  -64.524  36.697 0.1000000015
22934  -34.358  -60.763  36.263 0.1000000015
21930  -34.835  -61.498  36.051 0.1000000015
22919  -32.877  -59.991  37.915 0.1000000015
141182  -33.389  -61.021  37.497 0.1000000015
130311  -33.487  -61.743  37.681 0.1000000015
132909  -34.327  -64.234  37.650 0.1000000015
23975  -32.997  -59.448  37.474 0.1000000015
22920  -33.310  -60.336  37.338 0.1000000015
21023  -34.514  -63.033  36.854 0.1000000015
19302  -34.684  -63.983  37.040 0.1000000015
18508  -35.418  -65.299  37.051 0.1000000015
25012  -33.147  -58.714  36.961 0.1000000015
21011  -33.253  -62.569  38.927 0.1000000015
23974  -32.652  -59.327  38.171 0.1000000015
22911  -32.994  -60.830  38.070 0.1000000015
21907  -33.050  -61.743  38.615 0.1000000015
21014  -33.427  -62.422  38.236 0.1000000015
25011  -32.722  -58.707  37.728 0.1000000015
20149  -33.865  -62.836  37.633 0.1000000015
19286  -34.144  -64.549  38.317 0.1000000015
25995  -33.036  -57.396  36.883 0.1000000015
27011  -32.863  -56.545  37.352 0.1000000015
124654  -32.505  -60.751  39.905 0.1000000015
21906  -32.631  -60.926  39.029 0.1000000015
140471  -32.465  -59.091  39.058 0.1000000015
24991  -32.531  -58.652  38.413 0.1000000015
25988  -32.646  -57.271  37.749 0.1000000015
124846  -33.474  -55.729  36.237 0.1000000015
31708  -41.387  -51.249  30.153 0.1000000015
31723  -42.200  -51.232  29.640 0.1000000015
31724  -43.117  -51.275  29.367 0.1000000015
26991  -32.507  -56.271  38.857 0.1000000015
128277  -33.280  -54.925  37.271 0.1000000015
28966  -33.708  -54.308  36.197 0.1000000015
31692  -40.204  -51.351  31.562 0.1000000015
30840  -41.659  -52.476  28.315 0.1000000015
138796  -42.086  -51.898  28.343 0.1000000015
134081  -42.622  -51.487  31.203 0.1000000015
120212  -45.094  -51.415  29.019 0.1000000015
31738  -43.352  -51.480  28.454 0.1000000015
31739  -44.396  -51.424  28.476 0.1000000015
22910  -32.648  -60.022  38.599 0.1000000015
21900  -32.680  -61.497  39.633 0.1000000015
21006  -33.141  -62.695  39.706 0.1000000015
31757  -43.279  -51.806  27.791 0.1000000015
20176  -35.641  -63.315  36.045 0.1000000015
132546  -36.310  -64.800  36.403 0.1000000015
21024  -35.147  -62.840  36.208 0.1000000015
25018  -33.503  -58.079  36.378 0.1000000015
31737  -42.337  -51.456  28.826 0.1000000015
21915  -34.086  -62.099  36.983 0.1000000015
144040  -35.782  -65.054  36.690 0.1000000015
19294  -34.764  -64.842  37.387 0.1000000015
129527  -32.537  -57.998  38.154 0.1000000015
25976  -32.436  -57.144  38.760 0.1000000015
141476  -42.793  -51.252  30.041 0.1000000015
125910  -43.946  -51.693  27.752 0.1000000015
17058  -34.985  -67.918  27.835 0.1000000015
121060  -35.086  -67.975  26.891 0.1000000015
17045  -34.458  -67.456  28.289 0.1000000015
126879  -41.883  -73.640  32.153 0.1000000015
12466  -41.242  -74.258  31.942 0.1000000015
11676  -41.819  -75.446  32.134 0.1000000015
12447  -40.824  -73.251  31.963 0.1000000015
12465  -40.252  -73.898  31.720 0.1000000015
11674  -39.673  -74.503  31.440 0.1000000015
123573  -42.156  -74.617  32.274 0.1000000015
13144  -41.413  -72.555  32.184 0.1000000015
13145  -42.683  -72.969  32.396 0.1000000015
129511  -43.742  -73.827  32.728 0.1000000015
13143  -40.395  -72.356  32.165 0.1000000015
13884  -40.879  -71.634  32.488 0.1000000015
135310  -42.874  -71.986  32.547 0.1000000015
13883  -39.926  -71.592  32.519 0.1000000015
13885  -41.925  -71.781  32.452 0.1000000015
10046  -40.984  -77.170  36.563 0.1000000015
10822  -40.871  -76.201  36.474 0.1000000015
11614  -37.570  -74.390  35.771 0.1000000015
120767  -36.759  -73.988  35.369 0.1000000015
12398  -37.270  -73.464  35.722 0.1000000015
13089  -36.690  -71.782  35.275 0.1000000015
11657  -42.872  -75.413  32.506 0.1000000015
13108  -35.794  -71.998  34.879 0.1000000015
128140  -39.073  -71.651  32.450 0.1000000015
13847  -35.265  -71.459  34.220 0.1000000015
14641  -36.131  -70.675  33.552 0.1000000015
129052  -36.548  -70.718  33.042 0.1000000015
13882  -38.419  -71.771  32.310 0.1000000015
14662  -39.338  -70.918  33.021 0.1000000015
14663  -40.370  -70.953  32.975 0.1000000015
14664  -41.350  -70.969  32.923 0.1000000015
121516  -40.344  -77.148  30.795 0.1000000015
13127  -34.097  -71.648  33.383 0.1000000015
14677  -36.046  -70.965  32.368 0.1000000015
140792  -38.497  -70.711  33.316 0.1000000015
134846  -39.939  -70.503  33.507 0.1000000015
10821  -40.073  -76.046  36.263 0.1000000015
10820  -39.299  -75.529  36.170 0.1000000015
11595  -38.333  -74.241  36.178 0.1000000015
13146  -43.852  -72.805  32.745 0.1000000015
12448  -43.072  -74.385  32.537 0.1000000015
12377  -37.972  -73.610  36.121 0.1000000015
128184  -37.009  -72.664  35.590 0.1000000015
13067  -37.702  -72.853  35.960 0.1000000015
10871  -42.723  -76.188  32.379 0.1000000015
14625  -37.472  -70.623  34.398 0.1000000015
14643  -38.020  -70.503  33.833 0.1000000015
14645  -41.757  -70.373  33.473 0.1000000015
14626  -38.464  -70.503  34.635 0.1000000015
137098  -39.091  -70.374  33.848 0.1000000015
128923  -40.788  -70.357  33.575 0.1000000015
128678  -41.606  -76.326  36.908 0.1000000015
131255  -41.513  -75.416  36.710 0.1000000015
10815  -42.769  -75.690  37.737 0.1000000015
10028  -42.405  -76.244  38.192 0.1000000015
13147  -44.913  -73.043  33.050 0.1000000015
11597  -40.220  -75.157  36.468 0.1000000015
11598  -40.933  -74.556  36.565 0.1000000015
12450  -44.579  -73.948  32.836 0.1000000015
137556  -39.909  -73.877  36.500 0.1000000015
12449  -44.118  -74.665  32.762 0.1000000015
12378  -38.779  -73.677  36.341 0.1000000015
13068  -38.274  -72.327  36.073 0.1000000015
13838  -38.167  -71.459  35.672 0.1000000015
14608  -37.798  -70.847  35.106 0.1000000015
13849  -36.984  -70.980  34.872 0.1000000015
135256  -38.483  -70.854  35.296 0.1000000015
14627  -39.355  -70.344  34.625 0.1000000015
14644  -40.105  -70.173  34.225 0.1000000015
14609  -39.144  -70.641  35.209 0.1000000015
10800  -42.813  -75.538  38.309 0.1000000015
13887  -44.376  -72.156  32.983 0.1000000015
10823  -42.289  -75.718  37.189 0.1000000015
10783  -42.427  -75.509  38.960 0.1000000015
11547  -41.940  -75.247  39.659 0.1000000015
13863  -43.249  -70.843  33.178 0.1000000015
13886  -43.495  -71.615  32.853 0.1000000015
13865  -45.137  -72.175  33.229 0.1000000015
11599  -42.368  -75.154  37.006 0.1000000015
14665  -42.450  -71.055  32.900 0.1000000015
11658  -43.764  -75.308  32.641 0.1000000015
136270  -41.305  -69.922  34.053 0.1000000015
13069  -39.138  -72.806  36.326 0.1000000015
14610  -40.063  -70.392  35.143 0.1000000015
13823  -38.909  -71.903  36.072 0.1000000015
128280  -38.959  -71.208  35.665 0.1000000015
13839  -39.690  -71.019  35.675 0.1000000015
11578  -43.362  -74.960  37.859 0.1000000015
136531  -42.828  -75.265  37.423 0.1000000015
14646  -42.650  -70.322  33.515 0.1000000015
12467  -44.842  -74.125  32.533 0.1000000015
14628  -40.891  -70.007  34.706 0.1000000015
15396  -42.503  -69.666  34.654 0.1000000015
13825  -40.174  -71.721  36.128 0.1000000015
13070  -40.317  -72.753  36.405 0.1000000015
13824  -39.577  -72.146  36.230 0.1000000015
15414  -42.938  -69.764  34.058 0.1000000015
14648  -44.704  -70.310  33.835 0.1000000015
134644  -43.208  -69.596  34.668 0.1000000015
11600  -42.945  -74.634  37.207 0.1000000015
14611  -40.998  -70.420  35.382 0.1000000015
15376  -41.481  -69.968  35.167 0.1000000015
15377  -42.169  -69.827  35.229 0.1000000015
127495  -41.921  -74.586  36.712 0.1000000015
13840  -40.504  -70.977  35.749 0.1000000015
12379  -41.142  -73.735  36.560 0.1000000015
134638  -40.943  -72.172  36.323 0.1000000015
131682  -40.941  -71.574  36.102 0.1000000015
15415  -43.800  -69.717  34.272 0.1000000015
119242  -45.496  -69.558  35.162 0.1000000015
137330  -43.462  -70.157  36.051 0.1000000015
122959  -43.090  -69.728  35.343 0.1000000015
14596  -42.383  -71.110  36.171 0.1000000015
14613  -42.679  -70.316  35.805 0.1000000015
13841  -41.381  -71.053  35.913 0.1000000015
14612  -41.821  -70.411  35.588 0.1000000015
15380  -45.998  -69.545  35.874 0.1000000015
15378  -44.042  -69.746  35.873 0.1000000015
11561  -43.264  -74.785  38.327 0.1000000015
13826  -41.907  -71.980  36.380 0.1000000015
12380  -42.356  -73.831  36.755 0.1000000015
124076  -46.635  -69.804  36.902 0.1000000015
12308  -41.713  -74.200  41.222 0.1000000015
11529  -41.768  -74.890  40.499 0.1000000015
12321  -41.232  -74.231  39.556 0.1000000015
11615  -38.384  -75.030  35.992 0.1000000015
13090  -37.512  -72.037  35.733 0.1000000015
13848  -36.139  -71.216  34.605 0.1000000015
14623  -35.744  -70.826  33.964 0.1000000015
14624  -36.566  -70.711  34.187 0.1000000015
14642  -37.038  -70.606  33.710 0.1000000015
14660  -37.601  -70.831  33.075 0.1000000015
14661  -38.454  -71.208  32.763 0.1000000015
13901  -38.017  -72.176  31.923 0.1000000015
11596  -39.119  -74.562  36.339 0.1000000015
15413  -42.110  -69.821  34.024 0.1000000015
14647  -43.571  -70.284  33.625 0.1000000015
15397  -43.889  -69.512  35.111 0.1000000015
15379  -44.876  -69.555  35.680 0.1000000015
2124  -28.403  -89.563  24.708 0.1000000015
2111  -28.576  -89.415  25.390 0.1000000015
2186  -25.817  -89.173  20.680 0.1000000015
2670  -26.497  -88.599  21.424 0.1000000015
2671  -27.388  -88.209  22.025 0.1000000015
139054  -27.178  -89.748  23.537 0.1000000015
2704  -26.283  -88.416  20.098 0.1000000015
2724  -26.521  -88.502  18.188 0.1000000015
124270  -26.382  -88.798  17.424 0.1000000015
2139  -29.353  -88.956  24.471 0.1000000015
2112  -29.198  -89.107  25.566 0.1000000015
2615  -29.564  -88.721  25.964 0.1000000015
2641  -29.138  -88.718  23.829 0.1000000015
2657  -27.915  -88.666  22.842 0.1000000015
2155  -28.351  -88.988  23.565 0.1000000015
2137  -27.940  -89.583  23.961 0.1000000015
2614  -28.636  -89.065  25.990 0.1000000015
2687  -26.925  -87.764  21.043 0.1000000015
2154  -27.511  -89.320  23.228 0.1000000015
122720  -26.653  -89.776  22.839 0.1000000015
3232  -26.829  -87.568  20.069 0.1000000015
3267  -26.988  -87.594  18.394 0.1000000015
2725  -26.845  -88.028  17.624 0.1000000015
2743  -26.786  -88.281  16.954 0.1000000015
6681  -30.069  -81.912  23.216 0.1000000015
4843  -28.905  -84.051  23.544 0.1000000015
5970  -30.620  -82.519  23.811 0.1000000015
2616  -30.204  -88.328  25.746 0.1000000015
3165  -29.920  -88.054  26.175 0.1000000015
3728  -29.264  -87.512  26.085 0.1000000015
4308  -29.577  -85.634  25.023 0.1000000015
136535  -28.780  -85.287  24.232 0.1000000015
4844  -29.727  -84.137  24.051 0.1000000015
2628  -30.334  -88.433  24.988 0.1000000015
3749  -29.370  -86.593  25.627 0.1000000015
2642  -29.895  -88.501  24.210 0.1000000015
3164  -29.085  -88.334  26.138 0.1000000015
2658  -28.772  -88.357  23.163 0.1000000015
3250  -26.631  -87.996  19.138 0.1000000015
126436  -30.857  -81.702  23.582 0.1000000015
5969  -29.760  -82.689  23.402 0.1000000015
120104  -30.978  -80.888  23.351 0.1000000015
4287  -30.356  -86.426  25.998 0.1000000015
4309  -30.590  -85.554  25.688 0.1000000015
4828  -30.072  -84.855  24.769 0.1000000015
3729  -30.157  -87.276  26.192 0.1000000015
3166  -30.614  -87.712  26.049 0.1000000015
2672  -28.346  -87.910  22.445 0.1000000015
3216  -27.847  -87.360  21.613 0.1000000015
3233  -27.497  -87.000  20.578 0.1000000015
3251  -27.318  -87.017  19.378 0.1000000015
2659  -29.523  -88.092  23.434 0.1000000015
5382  -30.313  -83.439  24.083 0.1000000015
5391  -28.632  -83.340  23.086 0.1000000015
3179  -30.769  -87.935  25.352 0.1000000015
2643  -30.565  -87.928  24.364 0.1000000015
136416  -28.502  -82.638  22.808 0.1000000015
3192  -30.761  -87.133  23.520 0.1000000015
3773  -31.336  -86.345  23.283 0.1000000015
4856  -31.765  -85.175  22.697 0.1000000015
140226  -30.398  -84.227  24.602 0.1000000015
4288  -31.233  -86.230  26.171 0.1000000015
3731  -31.524  -86.592  25.981 0.1000000015
3193  -31.224  -87.421  24.739 0.1000000015
136599  -32.141  -86.187  25.720 0.1000000015
3763  -31.593  -86.729  24.176 0.1000000015
4289  -31.907  -85.886  26.220 0.1000000015
4829  -30.847  -84.736  25.408 0.1000000015
4807  -31.465  -85.397  26.140 0.1000000015
4290  -32.544  -85.376  25.953 0.1000000015
3180  -31.183  -87.307  25.741 0.1000000015
4345  -31.172  -85.784  22.425 0.1000000015
3751  -32.194  -86.271  24.755 0.1000000015
2125  -29.077  -89.264  24.955 0.1000000015
2138  -28.749  -89.218  24.266 0.1000000015
2174  -26.986  -88.994  22.449 0.1000000015
2627  -29.749  -88.876  25.179 0.1000000015
3730  -30.926  -87.001  26.190 0.1000000015
3750  -31.729  -86.826  25.275 0.1000000015
4322  -29.260  -84.788  24.148 0.1000000015
4323  -31.941  -86.042  23.809 0.1000000015
4333  -31.669  -85.785  23.141 0.1000000015
5381  -29.381  -83.406  23.504 0.1000000015
6682  -30.349  -81.247  23.143 0.1000000015
6752  -28.497  -80.978  18.592 0.1000000015
7435  -37.719  -80.982  22.953 0.1000000015
7444  -37.568  -80.791  22.251 0.2000000030
7489  -27.809  -80.251  18.589 0.1000000015
7509  -32.773  -80.863  17.097 0.1000000015
7522  -26.718  -80.962  16.358 0.1000000015
8163  -38.122  -79.506  21.082 0.1000000015
8180  -29.438  -79.771  19.107 0.1000000015
8192  -27.539  -79.670  18.268 0.1000000015
8207  -27.390  -79.648  17.736 0.1000000015
8229  -27.515  -79.939  16.161 0.1000000015
8710  -41.099  -79.174  28.776 0.2000000030
8774  -40.605  -78.880  24.173 0.4000000060
8852  -28.794  -78.439  19.373 0.1000000015
8858  -38.768  -77.900  20.002 0.2000000030
8933  -29.886  -78.980  14.863 0.1000000015
8935  -31.348  -78.362  14.341 0.1000000015
9372  -42.537  -77.453  31.422 0.2000000030
9409  -39.894  -78.417  29.561 0.1000000015
9470  -42.285  -77.897  26.532 0.4000000060
9480  -42.444  -77.306  25.697 0.4000000060
9569  -28.698  -77.116  19.196 0.1000000015
9571  -30.274  -76.910  19.613 0.1000000015
9588  -31.820  -77.544  19.160 0.1000000015
9611  -28.142  -77.608  17.759 0.1000000015
9642  -31.287  -77.224  15.140 0.1000000015
9654  -32.406  -77.290  14.298 0.1000000015
10121  -43.021  -77.104  31.850 0.2000000030
10171  -37.889  -77.452  27.512 0.1000000015
10225  -42.254  -75.818  23.226 0.2000000030
10300  -28.551  -76.665  18.650 0.1000000015
10301  -33.962  -77.211  18.936 0.1000000015
10305  -38.121  -76.625  18.595 0.1000000015
10308  -40.108  -75.877  19.138 0.1000000015
10332  -30.495  -76.354  16.173 0.1000000015
10341  -31.501  -76.396  15.428 0.1000000015
10890  -43.526  -76.339  32.093 0.3000000119
10904  -43.789  -76.057  31.416 0.3000000119
10947  -42.298  -75.903  26.047 0.4000000060
10998  -42.059  -75.267  22.539 0.2000000030
11033  -40.871  -75.433  20.011 0.1000000015
11041  -29.963  -75.390  19.472 0.1000000015
11044  -34.468  -75.227  19.404 0.2000000030
11048  -38.164  -75.332  19.163 0.1000000015
11060  -35.913  -76.169  18.951 0.1000000015
11065  -39.966  -75.485  19.057 0.1000000015
11073  -29.192  -75.537  17.788 0.1000000015
11083  -31.231  -75.213  16.311 0.1000000015
11092  -32.409  -75.349  15.495 0.1000000015
11660  -44.435  -74.611  32.620 0.1000000015
11732  -40.945  -75.099  26.257 0.4000000060
11741  -38.881  -73.985  24.922 0.3000000119
11806  -29.611  -74.781  19.144 0.1000000015
11810  -32.709  -74.672  19.705 0.1000000015
11819  -42.136  -73.454  19.901 0.1000000015
11831  -39.793  -75.084  19.121 0.1000000015
11847  -30.115  -74.258  17.593 0.1000000015
11878  -34.049  -74.625  15.207 0.1000000015
12451  -45.167  -73.473  32.781 0.1000000015
12520  -38.936  -74.106  25.469 0.3000000119
12530  -39.115  -73.561  24.482 0.3000000119
12531  -39.752  -74.018  24.122 0.3000000119
12550  -43.221  -72.346  21.529 0.1000000015
12563  -32.954  -72.823  20.336 0.1000000015
12565  -35.190  -73.200  20.034 0.2000000030
12566  -36.552  -73.019  20.217 0.2000000030
12568  -38.527  -73.253  20.229 0.2000000030
12578  -33.530  -73.636  19.978 0.1000000015
12584  -40.125  -73.985  19.502 0.1000000015
12590  -29.927  -73.695  18.673 0.1000000015
12607  -32.905  -73.571  16.499 0.1000000015
12609  -34.381  -72.820  16.350 0.1000000015
13205  -37.492  -72.212  25.773 0.4000000060
13241  -42.976  -72.669  22.051 0.1000000015
13242  -43.439  -71.944  21.915 0.1000000015
13251  -43.456  -71.763  21.258 0.1000000015
13258  -31.774  -72.131  20.123 0.1000000015
13277  -30.710  -72.599  19.238 0.1000000015
13281  -42.113  -72.970  19.844 0.1000000015
13293  -31.186  -72.390  18.324 0.1000000015
13296  -33.816  -71.996  17.162 0.1000000015
13308  -36.109  -72.009  16.029 0.1000000015
13321  -38.239  -72.119  14.839 0.1000000015
13837  -37.412  -71.376  35.362 0.1000000015
13861  -34.693  -71.303  33.606 0.1000000015
13862  -35.173  -70.964  33.695 0.1000000015
13864  -44.252  -71.158  33.234 0.1000000015
13903  -46.574  -71.389  31.477 0.4000000060
13955  -36.728  -70.858  26.679 0.3000000119
13991  -38.344  -71.903  24.673 0.3000000119
14004  -43.283  -70.850  23.383 0.1000000015
14021  -35.886  -70.798  21.293 0.1000000015
14023  -37.843  -71.050  21.303 0.1000000015
14026  -43.628  -71.105  20.938 0.1000000015
14033  -31.794  -71.652  19.847 0.1000000015
14043  -42.223  -71.648  20.250 0.1000000015
14044  -42.690  -71.724  20.355 0.1000000015
14053  -31.569  -71.572  19.279 0.1000000015
14072  -32.387  -71.509  18.216 0.1000000015
14085  -37.110  -71.106  16.313 0.1000000015
14086  -37.711  -71.229  15.906 0.1000000015
14111  -40.508  -71.220  14.101 0.1000000015
14651  -47.081  -71.024  33.606 0.1000000015
14679  -47.402  -70.133  32.011 0.5000000000
14689  -44.664  -70.220  29.701 0.5000000000
14724  -36.403  -70.300  26.191 0.3000000119
14736  -38.781  -71.156  24.603 0.3000000119
14757  -44.299  -70.372  22.100 0.1000000015
14769  -34.871  -69.971  21.021 0.1000000015
14791  -41.179  -70.710  20.766 0.1000000015
14811  -32.599  -70.678  19.346 0.1000000015
14823  -33.661  -70.640  18.294 0.1000000015
14826  -36.385  -70.179  17.494 0.1000000015
14843  -40.774  -70.325  15.934 0.1000000015
14844  -41.529  -70.106  15.591 0.1000000015
14858  -41.726  -70.133  15.173 0.1000000015
15395  -41.714  -69.775  34.653 0.1000000015
15398  -44.702  -69.596  34.714 0.1000000015
15402  -48.397  -69.300  34.096 0.3000000119
15417  -48.293  -69.163  33.260 0.3000000119
15436  -46.241  -69.388  30.869 0.5000000000
15437  -46.836  -69.640  31.328 0.4000000060
15467  -38.024  -69.133  28.876 0.4000000060
15472  -42.821  -70.309  29.920 0.6000000238
15473  -43.539  -70.257  29.822 0.6000000238
15499  -36.365  -69.599  25.926 0.1000000015
15500  -37.863  -69.432  25.106 0.1000000015
15510  -40.452  -69.172  24.847 0.1000000015
15538  -36.009  -69.376  21.367 0.1000000015
15560  -33.822  -70.055  20.150 0.1000000015
15578  -33.785  -69.935  19.581 0.1000000015
15581  -36.490  -68.510  19.408 0.1000000015
15599  -35.238  -69.241  19.135 0.1000000015
15617  -38.596  -69.562  17.411 0.1000000015
15636  -39.135  -69.996  16.872 0.1000000015
15637  -40.203  -69.918  16.669 0.1000000015
16301  -35.440  -68.513  27.548 0.4000000060
16341  -35.802  -68.880  21.033 0.1000000015
16344  -38.459  -68.623  21.562 0.1000000015
16391  -37.276  -68.549  18.829 0.1000000015
16397  -38.919  -69.031  17.828 0.1000000015
16400  -41.970  -68.664  17.243 0.1000000015
16409  -43.145  -68.488  16.222 0.1000000015
16423  -42.923  -68.307  15.628 0.1000000015
16434  -41.590  -69.406  14.614 0.1000000015
16909  -46.977  -67.889  38.148 0.1000000015
16950  -48.656  -67.785  34.723 0.2000000030
16980  -39.626  -67.043  32.113 0.4000000060
17030  -35.447  -67.532  29.502 0.3000000119
17057  -34.452  -67.437  27.351 0.1000000015
17102  -36.720  -68.171  20.610 0.1000000015
17103  -37.219  -68.051  21.051 0.1000000015
17105  -39.570  -67.488  21.519 0.1000000015
17127  -38.363  -67.234  20.906 0.1000000015
17143  -36.892  -67.974  20.019 0.1000000015
17144  -37.602  -67.663  19.861 0.1000000015
17145  -38.917  -67.322  19.484 0.1000000015
17147  -40.562  -66.644  19.345 0.1000000015
17154  -39.547  -67.709  18.778 0.1000000015
17157  -43.426  -66.468  17.479 0.1000000015
17159  -41.264  -68.092  17.890 0.1000000015
17161  -43.490  -67.155  16.685 0.1000000015
17162  -43.459  -66.577  16.523 0.1000000015
17170  -43.394  -67.047  16.116 0.1000000015
17180  -43.226  -67.509  15.733 0.1000000015
17217  -41.359  -67.328  10.394 0.1000000015
17749  -42.842  -66.599  33.062 0.5000000000
17786  -36.472  -66.544  31.856 0.3000000119
17812  -34.076  -66.730  29.738 0.2000000030
17889  -40.622  -66.230  21.199 0.1000000015
17908  -39.675  -66.521  20.517 0.1000000015
17923  -40.073  -66.392  19.978 0.1000000015
17926  -43.353  -64.905  18.443 0.1000000015
17953  -39.928  -65.886  16.927 0.1000000015
17955  -43.547  -66.386  16.927 0.1000000015
17962  -41.683  -66.174  16.133 0.1000000015
17981  -38.592  -66.654  14.781 0.1000000015
17992  -39.045  -66.817  13.676 0.1000000015
18497  -45.251  -65.693  36.816 0.2000000030
18513  -40.633  -65.314  36.631 0.2000000030
18535  -48.348  -65.737  34.860 0.3000000119
18560  -38.993  -64.577  33.110 0.4000000060
18597  -33.775  -64.935  31.190 0.1000000015
18598  -34.368  -65.295  31.627 0.2000000030
18630  -42.859  -65.441  28.941 0.1000000015
18631  -43.788  -65.494  29.028 0.1000000015
18632  -44.732  -65.586  28.822 0.1000000015
18648  -42.614  -65.457  28.589 0.1000000015
18663  -43.582  -65.506  28.134 0.1000000015
18726  -42.702  -64.072  19.958 0.1000000015
18743  -37.929  -65.401  18.067 0.1000000015
18744  -38.841  -65.258  18.059 0.1000000015
18746  -43.443  -64.962  17.828 0.1000000015
18755  -38.406  -65.738  17.517 0.1000000015
18758  -43.033  -64.818  17.166 0.1000000015
18759  -43.322  -65.205  17.217 0.1000000015
18769  -42.500  -65.425  16.600 0.1000000015
18771  -43.437  -65.948  16.759 0.1000000015
18776  -37.584  -65.384  16.141 0.1000000015
18777  -37.942  -65.592  15.580 0.1000000015
18827  -42.220  -65.257  10.442 0.1000000015
18828  -42.298  -64.773  10.134 0.1000000015
19353  -39.171  -63.621  33.026 0.4000000060
19355  -40.580  -64.221  33.348 0.4000000060
19391  -34.830  -64.739  32.003 0.2000000030
19420  -39.890  -64.440  28.921 0.1000000015
19421  -41.501  -65.037  28.963 0.1000000015
19425  -46.228  -64.964  29.042 0.1000000015
19436  -39.764  -64.316  28.707 0.1000000015
19438  -41.300  -65.000  28.575 0.1000000015
19450  -40.011  -64.242  28.423 0.1000000015
19453  -43.022  -65.236  27.935 0.1000000015
19455  -44.872  -64.936  27.561 0.1000000015
19580  -39.399  -64.685  18.590 0.1000000015
19581  -41.485  -63.910  18.532 0.1000000015
19583  -42.908  -63.732  18.543 0.1000000015
19584  -43.202  -64.442  17.813 0.1000000015
19593  -36.727  -64.751  18.124 0.1000000015
19594  -37.078  -65.089  17.301 0.1000000015
19604  -37.236  -64.741  16.479 0.1000000015
19629  -40.053  -64.480  13.481 0.1000000015
19663  -42.085  -64.636  9.804 0.1000000015
20157  -34.256  -63.564  37.432 0.1000000015
20158  -35.183  -63.616  36.480 0.1000000015
20159  -35.906  -63.991  36.130 0.1000000015
20161  -40.992  -63.767  36.041 0.2000000030
20177  -36.318  -63.371  35.800 0.2000000030
20184  -43.642  -63.296  35.744 0.2000000030
20236  -36.410  -63.243  32.103 0.2000000030
20265  -33.644  -63.859  30.309 0.1000000015
20269  -39.326  -63.592  29.627 0.1000000015
20282  -34.000  -63.149  29.818 0.1000000015
20311  -46.906  -64.785  28.670 0.1000000015
20322  -38.947  -63.632  28.416 0.1000000015
20325  -41.953  -64.319  27.679 0.1000000015
20326  -43.424  -63.797  27.478 0.1000000015
20430  -42.398  -63.323  20.019 0.1000000015
20449  -42.556  -63.373  19.286 0.1000000015
20456  -42.243  -63.397  18.883 0.1000000015
20485  -38.580  -64.111  15.003 0.1000000015
20486  -39.692  -63.423  14.493 0.1000000015
20490  -39.887  -63.871  14.007 0.1000000015
20492  -41.659  -63.329  13.024 0.1000000015
21046  -46.419  -62.426  34.568 0.4000000060
21082  -45.472  -62.120  33.555 0.5000000000
21101  -38.792  -62.462  32.274 0.3000000119
21103  -40.435  -62.002  32.549 0.4000000060
21115  -37.287  -62.716  31.635 0.2000000030
21126  -36.911  -62.880  30.876 0.1000000015
21128  -39.135  -62.624  30.273 0.1000000015
21165  -36.420  -62.997  29.060 0.1000000015
21176  -38.406  -63.304  28.344 0.1000000015
21177  -39.118  -63.164  28.094 0.1000000015
21181  -43.405  -62.789  27.364 0.1000000015
21310  -36.885  -62.289  17.302 0.1000000015
21324  -40.124  -62.126  15.023 0.1000000015
21331  -40.685  -62.383  14.470 0.1000000015
21350  -42.497  -63.081  12.513 0.1000000015
21351  -43.256  -62.802  11.952 0.1000000015
21352  -43.655  -62.428  11.576 0.1000000015
21364  -43.762  -62.282  11.174 0.1000000015
21375  -43.715  -62.007  10.911 0.1000000015
21901  -32.929  -62.056  39.341 0.1000000015
21929  -33.774  -61.145  36.954 0.1000000015
21945  -35.393  -61.457  35.707 0.3000000119
21947  -36.742  -61.244  35.206 0.3000000119
21952  -42.769  -61.568  35.027 0.3000000119
21974  -37.510  -60.969  34.957 0.3000000119
22100  -38.664  -62.690  28.109 0.1000000015
22248  -37.680  -61.966  16.862 0.1000000015
22249  -38.446  -61.653  16.460 0.1000000015
22256  -38.869  -62.099  15.852 0.1000000015
22257  -39.663  -61.734  15.544 0.1000000015
22305  -44.181  -61.681  11.130 0.1000000015
22317  -44.495  -61.134  11.064 0.1000000015
22949  -35.846  -60.909  35.447 0.3000000119
23010  -41.176  -60.779  31.078 0.3000000119
23064  -39.100  -60.503  28.257 0.1000000015
23065  -48.609  -60.927  29.184 0.1000000015
23079  -41.454  -60.538  27.559 0.1000000015
23080  -42.693  -60.410  27.143 0.1000000015
23233  -40.274  -60.395  16.138 0.1000000015
23278  -44.024  -60.470  13.073 0.1000000015
23289  -44.749  -60.461  11.817 0.1000000015
23985  -33.468  -59.613  36.807 0.1000000015
24011  -36.972  -59.313  34.698 0.3000000119
24014  -39.611  -59.618  34.379 0.3000000119
24019  -44.421  -59.630  33.964 0.5000000000
24049  -43.143  -59.677  31.102 0.3000000119
24062  -47.303  -59.141  30.129 0.1000000015
24076  -48.355  -60.323  29.257 0.1000000015
24095  -39.485  -59.572  28.217 0.1000000015
24113  -47.831  -59.430  28.468 0.1000000015
24121  -42.658  -59.592  26.804 0.1000000015
24263  -41.903  -58.859  16.077 0.1000000015
24273  -41.738  -59.630  15.736 0.1000000015
24275  -43.057  -59.017  14.796 0.1000000015
24300  -44.449  -59.192  13.166 0.1000000015
24310  -45.332  -58.691  11.478 0.1000000015
24318  -45.146  -59.251  11.159 0.1000000015
25022  -33.908  -57.736  35.787 0.2000000030
25050  -39.575  -58.294  33.838 0.3000000119
25053  -42.884  -58.466  33.484 0.4000000060
25101  -47.404  -58.913  29.644 0.1000000015
25121  -47.590  -59.087  28.866 0.1000000015
25141  -41.391  -59.027  27.179 0.1000000015
25153  -41.622  -58.434  26.475 0.1000000015
25347  -45.412  -58.108  11.617 0.1000000015
26023  -37.887  -57.561  33.728 0.3000000119
26044  -43.798  -57.783  32.314 0.3000000119
26274  -41.572  -57.360  17.090 0.1000000015
26303  -43.275  -57.102  15.333 0.1000000015
27000  -32.605  -56.468  38.157 0.1000000015
27012  -33.141  -55.695  37.093 0.1000000015
27053  -36.049  -56.324  33.610 0.3000000119
27078  -42.592  -57.042  31.315 0.3000000119
27144  -44.556  -56.660  27.674 0.1000000015
27145  -45.175  -57.036  27.418 0.1000000015
27157  -45.333  -56.722  26.590 0.1000000015
27177  -45.520  -56.353  25.835 0.1000000015
27197  -46.587  -56.202  24.219 0.1000000015
27318  -42.490  -56.685  16.328 0.1000000015
27333  -43.552  -56.158  15.392 0.1000000015
27344  -44.947  -56.405  13.793 0.1000000015
28040  -33.438  -54.992  36.588 0.1000000015
28112  -38.455  -55.450  31.387 0.2000000030
28326  -42.186  -55.636  16.975 0.1000000015
28343  -43.397  -55.399  15.917 0.1000000015
28988  -34.393  -54.355  34.610 0.2000000030
29055  -41.540  -54.097  28.405 0.2000000030
29230  -42.509  -54.735  16.969 0.1000000015
29829  -34.164  -53.562  35.892 0.1000000015
29850  -34.675  -53.609  34.299 0.2000000030
29910  -37.619  -53.353  30.862 0.2000000030
29911  -38.328  -53.321  30.368 0.2000000030
29918  -38.958  -52.840  29.887 0.3000000119
29919  -39.452  -53.444  29.602 0.3000000119
29920  -40.050  -53.282  29.211 0.2000000030
29929  -40.651  -53.212  28.791 0.2000000030
29930  -41.280  -53.233  28.454 0.2000000030
29965  -43.719  -53.616  26.621 0.1000000015
29979  -44.840  -53.673  25.825 0.1000000015
30005  -46.627  -53.898  24.557 0.1000000015
30021  -48.201  -54.252  23.848 0.1000000015
30713  -36.566  -52.486  36.382 0.1000000015
30744  -36.578  -52.070  34.631 0.1000000015
30767  -35.722  -52.647  33.531 0.2000000030
30768  -36.326  -52.110  33.825 0.1000000015
30792  -35.837  -52.952  32.880 0.2000000030
30810  -36.784  -52.788  31.808 0.1000000015
30876  -45.530  -52.256  26.283 0.1000000015
31671  -37.669  -51.644  32.508 0.1000000015
31672  -38.467  -51.498  32.287 0.2000000030
31693  -40.834  -51.273  30.953 0.3000000119
31706  -39.693  -51.603  30.368 0.2000000030
31722  -41.506  -51.448  29.323 0.2000000030
31756  -42.682  -51.787  28.100 0.1000000015
119056  -29.160  -82.081  22.865 0.1000000015
119371  -37.730  -63.669  28.898 0.1000000015
120156  -38.147  -62.031  35.240 0.3000000119
120379  -36.122  -52.268  35.187 0.1000000015
120563  -42.513  -71.621  23.319 0.1000000015
120933  -37.918  -61.614  28.432 0.1000000015
121223  -40.570  -74.264  19.394 0.1000000015
121387  -30.276  -80.209  18.617 0.1000000015
121576  -31.924  -79.415  18.331 0.1000000015
121659  -34.832  -69.166  19.922 0.1000000015
121706  -31.612  -73.457  20.039 0.1000000015
122335  -43.831  -51.281  29.004 0.1000000015
122940  -40.003  -52.664  34.889 0.1000000015
123281  -41.457  -63.448  19.150 0.1000000015
124359  -47.619  -66.200  36.643 0.2000000030
124640  -41.656  -65.974  9.547 0.1000000015
124752  -40.855  -56.508  31.465 0.3000000119
124833  -40.138  -61.311  27.789 0.1000000015
124878  -45.788  -55.951  25.179 0.1000000015
124909  -37.733  -69.589  17.574 0.1000000015
125047  -36.724  -81.442  22.392 0.1000000015
125347  -40.623  -71.979  20.415 0.2000000030
125625  -36.506  -55.306  32.620 0.3000000119
125888  -38.039  -64.185  15.517 0.1000000015
126674  -41.672  -67.440  18.254 0.1000000015
127426  -48.615  -67.112  34.897 0.3000000119
127465  -33.385  -75.955  19.326 0.1000000015
127557  -40.042  -69.897  24.739 0.1000000015
127790  -43.460  -70.629  20.734 0.1000000015
128335  -37.318  -56.654  33.248 0.3000000119
128986  -42.234  -77.651  27.936 0.3000000119
129290  -28.090  -81.619  18.237 0.1000000015
129354  -36.323  -52.337  32.982 0.1000000015
129732  -36.682  -60.003  34.987 0.3000000119
129765  -40.400  -62.252  27.651 0.1000000015
130274  -41.755  -78.473  26.253 0.3000000119
130897  -39.516  -65.132  13.602 0.1000000015
131100  -47.761  -60.273  29.866 0.1000000015
131465  -41.766  -72.439  23.309 0.2000000030
131539  -34.663  -62.047  29.369 0.1000000015
131608  -33.841  -55.729  35.603 0.2000000030
132445  -42.546  -61.274  27.349 0.1000000015
132663  -36.106  -52.375  35.806 0.1000000015
132742  -40.294  -63.938  28.002 0.1000000015
133197  -40.884  -70.784  14.528 0.1000000015
133353  -46.355  -57.928  27.281 0.1000000015
133643  -27.140  -80.964  17.660 0.1000000015
133686  -29.934  -77.689  19.591 0.1000000015
133836  -37.728  -68.982  21.549 0.1000000015
133950  -43.183  -65.816  18.356 0.1000000015
134241  -28.371  -77.827  19.079 0.1000000015
134361  -34.995  -63.331  30.925 0.1000000015
134538  -41.509  -64.940  28.058 0.1000000015
134642  -46.673  -71.751  32.526 0.1000000015
134911  -39.162  -61.938  30.971 0.2000000030
134914  -45.254  -70.294  29.857 0.5000000000
134949  -40.394  -65.307  17.429 0.1000000015
134985  -37.790  -63.206  30.113 0.1000000015
135267  -33.064  -72.013  20.514 0.1000000015
135369  -35.335  -64.171  32.121 0.2000000030
136016  -39.655  -51.570  32.849 0.1000000015
136195  -42.301  -63.276  33.378 0.5000000000
136409  -34.612  -55.749  34.572 0.2000000030
136680  -38.354  -73.047  36.232 0.1000000015
136720  -40.399  -78.969  29.385 0.2000000030
136791  -32.645  -70.789  19.930 0.1000000015
136910  -33.126  -78.320  18.551 0.1000000015
137103  -33.287  -65.626  29.866 0.1000000015
137255  -46.183  -58.103  30.936 0.1000000015
137721  -32.819  -58.035  37.370 0.1000000015
137850  -40.799  -59.341  16.633 0.1000000015
138641  -39.302  -72.827  24.249 0.3000000119
138671  -27.985  -86.347  19.067 0.1000000015
138779  -30.695  -75.344  19.645 0.1000000015
138872  -30.701  -72.563  18.700 0.1000000015
138920  -29.377  -81.259  18.405 0.1000000015
139166  -37.197  -68.583  21.361 0.1000000015
139181  -29.775  -74.036  18.113 0.1000000015
139182  -40.384  -64.444  18.402 0.1000000015
139218  -36.924  -77.330  18.473 0.1000000015
139406  -37.715  -69.706  21.566 0.1000000015
139997  -45.621  -65.565  28.579 0.1000000015
140050  -34.516  -72.861  20.245 0.1000000015
140321  -44.986  -59.149  12.379 0.1000000015
140349  -36.696  -73.253  35.415 0.1000000015
140455  -35.906  -57.923  34.567 0.3000000119
140510  -43.842  -65.073  29.360 0.1000000015
140767  -41.416  -69.916  14.321 0.1000000015
140947  -38.990  -63.533  35.797 0.3000000119
141420  -34.950  -52.875  36.544 0.1000000015
141456  -33.101  -58.061  36.889 0.1000000015
141729  -38.265  -77.081  24.386 0.2000000030
141810  -36.575  -70.048  25.751 0.2000000030
142034  -40.753  -70.022  34.120 0.1000000015
142453  -46.335  -70.660  30.767 0.4000000060
142587  -36.678  -52.362  32.365 0.2000000030
142627  -43.984  -61.539  29.573 0.1000000015
142926  -30.390  -78.998  14.490 0.1000000015
143043  -42.112  -60.664  27.397 0.1000000015
143089  -32.347  -78.124  18.821 0.1000000015
143242  -40.415  -74.683  26.492 0.4000000060
143591  -29.067  -82.823  23.086 0.1000000015
143662  -32.797  -61.571  39.144 0.1000000015
144061  -42.368  -72.996  20.022 0.1000000015
144097  -43.360  -67.938  16.609 0.1000000015
144167  -48.847  -61.811  28.850 0.1000000015
144278  -39.450  -71.591  35.983 0.1000000015
