global_signal	global_signal_derivative1	global_signal_power2	global_signal_derivative1_power2	csf	csf_derivative1	csf_power2	csf_derivative1_power2	white_matter	white_matter_derivative1	white_matter_derivative1_power2	white_matter_power2	csf_wm	tcompcor	std_dvars	dvars	framewise_displacement	rmsd	t_comp_cor_00	t_comp_cor_01	t_comp_cor_02	c_comp_cor_00	c_comp_cor_01	c_comp_cor_02	c_comp_cor_03	c_comp_cor_04	c_comp_cor_05	c_comp_cor_06	c_comp_cor_07	c_comp_cor_08	w_comp_cor_00	w_comp_cor_01	w_comp_cor_02	w_comp_cor_03	w_comp_cor_04	w_comp_cor_05	w_comp_cor_06	w_comp_cor_07	w_comp_cor_08	w_comp_cor_09	w_comp_cor_10	w_comp_cor_11	w_comp_cor_12	w_comp_cor_13	w_comp_cor_14	w_comp_cor_15	w_comp_cor_16	w_comp_cor_17	w_comp_cor_18	w_comp_cor_19	w_comp_cor_20	w_comp_cor_21	w_comp_cor_22	w_comp_cor_23	w_comp_cor_24	w_comp_cor_25	w_comp_cor_26	w_comp_cor_27	w_comp_cor_28	w_comp_cor_29	w_comp_cor_30	w_comp_cor_31	w_comp_cor_32	w_comp_cor_33	w_comp_cor_34	w_comp_cor_35	w_comp_cor_36	w_comp_cor_37	w_comp_cor_38	w_comp_cor_39	a_comp_cor_00	a_comp_cor_01	a_comp_cor_02	a_comp_cor_03	a_comp_cor_04	a_comp_cor_05	a_comp_cor_06	a_comp_cor_07	a_comp_cor_08	a_comp_cor_09	a_comp_cor_10	a_comp_cor_11	a_comp_cor_12	a_comp_cor_13	a_comp_cor_14	a_comp_cor_15	a_comp_cor_16	a_comp_cor_17	a_comp_cor_18	a_comp_cor_19	a_comp_cor_20	a_comp_cor_21	a_comp_cor_22	a_comp_cor_23	a_comp_cor_24	a_comp_cor_25	a_comp_cor_26	a_comp_cor_27	a_comp_cor_28	a_comp_cor_29	a_comp_cor_30	a_comp_cor_31	a_comp_cor_32	a_comp_cor_33	edge_comp_00	edge_comp_01	edge_comp_02	edge_comp_03	edge_comp_04	edge_comp_05	edge_comp_06	edge_comp_07	edge_comp_08	edge_comp_09	edge_comp_10	edge_comp_11	edge_comp_12	edge_comp_13	edge_comp_14	edge_comp_15	edge_comp_16	edge_comp_17	edge_comp_18	edge_comp_19	edge_comp_20	edge_comp_21	edge_comp_22	edge_comp_23	cosine00	cosine01	cosine02	cosine03	trans_x	trans_x_derivative1	trans_x_power2	trans_x_derivative1_power2	trans_y	trans_y_derivative1	trans_y_power2	trans_y_derivative1_power2	trans_z	trans_z_derivative1	trans_z_power2	trans_z_derivative1_power2	rot_x	rot_x_derivative1	rot_x_power2	rot_x_derivative1_power2	rot_y	rot_y_derivative1	rot_y_derivative1_power2	rot_y_power2	rot_z	rot_z_derivative1	rot_z_derivative1_power2	rot_z_power2	motion_outlier00	motion_outlier01	motion_outlier02	motion_outlier03	motion_outlier04	motion_outlier05	motion_outlier06	motion_outlier07	motion_outlier08	motion_outlier09	motion_outlier10	motion_outlier11
748.2736290725005	n/a	559913.4239653301	n/a	1213.4428584483446	n/a	1472443.5707192894	n/a	700.6448455904064	n/a	n/a	490903.1996524044	800.5622419159988	705.5652253553201	n/a	n/a	n/a	n/a	-0.1088486455	0.0044710636	-0.1320163226	-0.0435419616	0.0600120322	-0.1478896069	0.0306438786	-0.1364351013	0.0727083464	-0.139281054	0.0323866681	-0.1369386541	-0.0543176207	0.0659982503	0.0891507415	-0.0350606808	0.056224928	0.0759451788	-0.0438568059	0.0276036596	-0.0783896741	0.0156642872	-0.0941343843	0.0657394552	-0.1162550374	0.0401890252	-0.0172119083	0.0139869671	-0.0149728966	0.0754335584	-0.1730101091	0.1020636098	-0.08036907	-0.0489543556	0.0272844228	0.0252872601	0.0274528829	-0.0373607523	-0.0197095996	0.0103716469	0.157995534	-0.0259235111	-0.1409881272	0.0239785573	0.0095734865	0.008574132	0.0305276714	-0.0906514008	-0.0372250191	0.0522638099	0.1089119066	-0.0290899285	-0.0525042271	0.0579299849	-0.0910410684	0.0150419369	-0.0759542203	-0.0041815397	0.1488191932	-0.0450067836	0.0722729662	-0.1047851109	0.0998471907	0.0054644389	-0.2380279513	0.0805834913	-0.0616419093	0.0349521115	-0.0438975317	0.0263289017	-0.1675380285	0.1303425337	-0.0086029376	0.0892894879	-0.0113582426	-0.0642895614	0.0589675038	0.0101308265	-0.0469564275	0.022960795	0.0501800609	-0.140915921	-0.0660165888	0.0288980744	0.016515504	0.0180350551	0.0163949244	-0.0634321224	0.0577389762	-0.1077854143	0.0419030679	-0.0935324784	0.1380358204	-0.0166014553	0.0630343955	-0.0137502701	0.1004553874	-0.1086458108	0.0783644413	-0.0965295254	-0.0059152559	0.0315041788	-0.0423101208	0.0591995309	-0.0871246003	0.0866882241	-0.0243528609	0.058792926	-0.1118969111	0.031832864	0.1290883846	0.1290552057	0.1289999139	0.1289225186	0.0759369533598004	n/a	0.0057664208855685	n/a	-0.0794890001416206	n/a	0.0063185011435145	n/a	0.0248879320196735	n/a	0.0006194091602158	n/a	-0.0	n/a	0.0	n/a	0.0001449999963776	n/a	n/a	2.1024998949504016e-08	0.0	n/a	n/a	0.0	0.0	0.0	0.0	0.0	0.0	0.0	0.0	0.0	0.0	0.0	0.0	0.0
740.1625933505659	-8.111035721934627	547840.6645954351	65.78890048249957	1202.183390580488	-11.259467867856529	1445244.9045875983	126.77561666729363	700.2533416280464	-0.3915039623599341	0.1532753525435287	490354.7424612455	802.9107027343997	672.5159046733548	1.008106	44.323242	0.0342184314838433	0.0212732408114421	-0.0910507692	0.0197395318	0.0379619646	-0.0561088208	0.1521974005	-0.1413776534	-0.0630618063	-0.0286408228	-0.2228719401	-0.0477132645	0.0790007722	0.0902327408	-0.0590288987	0.1333636278	-0.0284897643	-0.0750448589	0.0953832708	0.1109368081	0.1239912864	-0.0182297195	0.0436537356	0.0127221229	-0.0930970166	0.009584996	-0.0214498693	-0.0786076833	0.0658875995	0.0998664467	0.0309540649	0.193372112	-0.0755065676	0.0367667025	-0.0429423227	-0.0126227368	-0.0154071172	-0.0213882341	-0.0852683054	0.090672651	-0.0814152261	-0.037389204	-0.0099712146	0.1867414558	-0.1385973442	0.0378968109	0.0120100089	-0.0729016117	0.0997155135	0.0713632878	-0.003276212	-0.2664958433	0.0911498681	-0.0046486344	-0.1189773944	0.0514159842	-0.1469590395	-0.0164386851	-0.035237148	0.1157818591	0.1318411139	-0.0903242138	-0.0068235127	-0.055256159	0.1338658426	-0.0430527458	0.1179102204	-0.0292861158	0.0028511447	0.0978092954	0.0664751275	0.1593731487	0.0794689088	-0.0426298882	-0.0101988439	0.0779714666	0.0945343728	0.0062440464	-0.0730903053	0.0726371241	0.0417175664	-0.0870157452	0.017521305	-0.1276508783	-0.1277495176	-0.0262825981	0.0171273075	0.0831452816	0.0214915119	-0.0547643018	0.0851037972	-0.1098981279	0.0377658838	-0.0076436662	0.1074952692	-0.0127332111	0.0071589514	-0.0527995214	0.0528465318	-0.1609937858	-0.0123265359	-0.1379387936	-0.0581511851	0.059073199	-0.0744100951	-0.0370875206	-0.107258195	-0.0175556716	0.026973831	0.0369012332	-0.0198721505	0.0825740508	0.1289999139	0.1287014744	0.1282045865	0.1275100165	0.0739073602971984	-0.002029593062602	0.0054622979060998	4.1192479997621785e-06	-0.0844290950355457	-0.0049400948939251	0.0071282720885212	2.440453756098491e-05	0.0458862331442802	0.0209983011246066	0.0021055463921712	0.0004409286501196	0.0001120000024658	0.0001120000024658	1.2544000552339205e-08	1.2544000552339205e-08	0.0001579999939662	1.29999975886e-05	1.6899993730360578e-10	2.496399809331924e-08	-8.847999790684898e-09	-8.847999790684898e-09	7.828710029596e-17	7.828710029596e-17	0.0	0.0	0.0	0.0	0.0	0.0	0.0	0.0	0.0	0.0	0.0	0.0
737.4189451756704	-2.743648174895497	543786.7007039983	7.527605307607394	1192.7333691001595	-9.450021480328587	1422612.8897650174	89.3029059786717	699.0502790659514	-1.203062562095056	1.4473595283147205	488671.2926621845	797.4896226693361	647.2357057761242	0.928525	40.824337	0.0748081651785032	0.0523619047189421	-0.076808953	0.0379825823	0.131068932	-0.0264138731	0.0610462055	-0.0580423467	-0.1434710813	0.1346287983	-0.0341041918	-0.0324454831	-0.1192945063	0.053392301	-0.0298569412	0.0545083678	0.0236388357	-0.0855327573	-0.022413251	-0.016955788	-0.0085517324	0.0709208311	0.1000357877	-0.116720831	0.0153976666	-0.0366900427	0.0476597058	-0.1956335513	-0.2147034447	-0.128532841	-0.1770249891	0.0314606664	0.0121125074	0.0189252255	0.0785802162	-0.1108263546	-0.0809612504	-0.0936954846	-0.0201473303	0.1628580877	0.0600397739	-0.0552021879	-0.1721869684	0.0838980897	0.1822600139	0.0102806426	0.0987312144	0.0115778336	-0.0338486841	0.1821129706	-0.074262268	0.1404249691	0.065541985	-0.0616156755	-0.0704867247	0.0454461002	-0.0911680706	0.0375832834	0.0459072159	0.0685815083	0.0044673591	0.0964059673	-0.0890964359	-0.034937531	-0.1087308094	0.0827386507	0.2787812925	-0.0364405868	-0.0954899377	-0.1417623774	-0.2859346354	-0.0315380214	0.0262219969	-0.0551996097	-0.0131288179	0.0530333816	-0.0342590398	0.0241099179	-0.0320306967	-0.082270791	-7.54522e-05	0.0239196837	0.0199586183	0.0858499315	0.0767261522	-0.0043722788	-0.1836649828	-0.0354387444	0.0310856625	-0.0501716006	0.101031045	-0.0719925265	-0.0261220775	0.0868853215	0.0546953765	0.0184470578	0.0568298302	-0.0609652444	0.0152137696	-0.0289000829	0.0140181327	-0.0256295301	-0.012123588	0.0430843702	-0.042703245	0.0030663968	-0.14802424	-0.0197338821	-0.126833216	0.0335032725	0.0697127609	0.0845230996	0.1288230331	0.1279949812	0.1266188352	0.124700488	0.074772559514443	0.0008651992172446	0.0055909356563409	7.485696855206829e-07	-0.0369321916300435	0.0474969034055022	0.0013639867785982	0.0022559558331116	0.0674820397916988	0.0215958066474186	0.0045538256944484	0.0004663788647526	8.09999984832108e-05	-3.10000039825892e-05	6.5609997542801525e-09	9.61000246920546e-10	9.200000178188894e-05	-6.599999218431107e-05	4.355998968329123e-09	8.464000327867568e-09	-3.725999933591707e-09	5.1219998570931915e-09	2.6234882536062677e-17	1.3883075505125404e-17	0.0	0.0	0.0	0.0	0.0	0.0	0.0	0.0	0.0	0.0	0.0	0.0
736.2872718533885	-1.1316733222819266	542118.9466933055	1.2806845083646134	1196.3621435850364	3.628774484876885	1431282.3786033832	13.168004262093504	699.0690650511324	0.0187859851810117	0.0003529132392211	488697.5577114644	798.677707285233	637.3822720749118	0.874063	38.429806	0.1501833369257099	0.0772655877334155	-0.0483463999	0.0402711151	0.1737634958	-0.0146213565	0.0194550316	-0.00081561	-0.1154260747	0.1195352565	0.0825946889	0.0091591407	-0.0400625575	-0.073364988	-0.0705034362	0.0546863184	-0.0992259395	-0.0586036102	0.0048437926	-0.0136323877	0.043377471	0.0381243233	-0.1027379953	-0.0545984483	-0.0635207361	-0.0494550983	-0.0849436398	0.0692035112	-0.1066182672	-0.003956809	0.0386012062	-0.0244584088	-0.0351350007	0.0150096912	-0.0082138332	0.0785870205	0.0157401433	-0.1363844613	0.111496744	-0.0138679995	-0.0753481046	0.2183347886	-0.0166662654	0.1580206919	-0.0678247416	0.0492966925	-0.1174392359	0.0978323899	0.1240421293	0.0376810085	-0.0034121573	0.0584644012	-0.0225445989	-0.0812474898	-0.046679788	0.0291505022	-0.0284189401	0.0368833497	0.0862821286	0.0685546244	-0.0335700823	0.125844832	0.0295246753	0.0739611328	-0.0558915135	0.0692649567	-0.0530721169	0.0210976649	-0.0268291707	-0.0028099687	0.0743740451	-0.0644738125	0.0314906298	-0.0464470262	0.0795998797	0.1217238782	0.1118810589	-0.0395879323	0.022945629	-0.1123992801	-0.003260066	-0.0925147116	-0.0911570736	-0.0830935041	-0.1491271232	-0.0100463048	0.0073472503	-0.0707201744	0.0275948014	-0.0347668235	0.1118244627	-0.0147017924	-0.0537510433	0.1497444881	0.024719658	-0.0265524612	-0.0240619629	0.0417291074	0.0533398992	-0.0552582951	0.0143401784	-0.0988596996	-0.0017939703	0.0352705365	-0.0164213147	0.0699190958	-0.1274530253	0.0444311324	0.0415761417	0.0236438854	-0.0906482233	0.0463787997	0.1285578634	0.1269376627	0.1242524367	0.1205247148	0.071988304438733	-0.00278425507571	0.0051823159759637	7.752076326616937e-06	-0.0926364429949586	-0.0557042513649151	0.0085815105707582	0.0031029636201256	0.1193759097810058	0.051893869989307	0.0142506078360428	0.002692973742467	0.0004759903778912	0.0003949903794079	2.265668398450074e-07	1.5601739982486726e-07	-8.605302285791261e-05	-0.0001780530246398	3.170287958338178e-08	7.405122742984431e-09	-0.0002229795318677	-0.0002229758058677	4.9718210002379855e-08	4.9719871631938644e-08	0.0	0.0	0.0	0.0	0.0	0.0	0.0	0.0	0.0	0.0	0.0	0.0
736.4150954274074	0.1278235740189757	542307.1927733576	0.0163388660749845	1193.976687858118	-2.385455726918281	1425580.331148642	5.690399025087222	699.0400591685652	-0.0290058825671621	0.0008413412235	488657.0043223912	796.5750944125966	629.4345573573316	0.86602	38.076168	0.1145003395454774	0.0693912108667294	-0.0177167358	0.059738203	0.1645207031	0.0224306492	-0.0281561515	0.0998083008	-0.0740718982	0.1024343761	-0.0154261829	-0.0074343579	-0.0809270457	0.0114611117	-0.0294108991	0.0468569664	-0.1278324885	-0.0715992642	-0.0140303879	-0.1141237944	0.0270688339	-0.0081189702	-0.005872154	0.114240163	0.064875045	0.0167618357	0.0364594781	0.126110543	0.1022940929	-0.0359374166	-0.0242774083	-0.012377773	0.1298062815	0.0514185208	-0.0517615504	-0.0817178951	-0.1225669962	-0.0753001209	-0.0353938939	0.1397213281	0.1162982482	-0.0008482405	-0.020921193	0.0093287939	-0.0919146655	-0.151196613	-0.059221098	0.0089492658	0.0588561017	-0.0351791216	0.0800897897	0.0151933833	0.0078126804	0.1540079948	-0.0152954704	0.0332560403	0.0240793852	0.0387631535	0.1353195686	-0.0063072332	-0.1122438238	0.1112047365	-0.0309234207	-0.0061293425	0.0343779092	-0.0719619832	-0.0624912735	-0.0514908526	-0.0169537007	-0.0906650683	-0.0209180652	0.067979587	0.0907268712	0.0036669027	-0.0400079137	-0.0501295934	0.0302931964	0.133038402	0.0640660927	0.0148395095	-0.0570807603	-0.0552062785	0.0047937633	0.0258130894	0.0148289999	-0.002161965	-0.0170466324	0.0488502462	0.0366668486	-0.0218237732	0.0829407311	0.0214073931	-0.0956447975	0.138545394	0.0140535147	-0.0083703384	0.0060051275	0.0618233864	-0.0072095357	0.0875607331	0.0160391934	-0.0251783538	-0.0329767563	-0.0654908267	-0.0247028639	0.1661004649	-0.0470477937	-0.0539399211	0.083636554	-0.0224473798	-0.0675452239	-0.0685292409	0.1282045865	0.1255324169	0.1211199807	0.1150284477	0.0727144636494756	0.0007261592107426	0.0052873932238309	5.273071993463273e-07	-0.0409259106973536	0.051710532297605	0.0016749301664077	0.0026739791505016	0.1313432869213286	0.0119673771403227	0.0172510590192984	0.0001432181156187	0.0011890045699418	0.0007130141920505	1.4137318673424846e-06	5.083892380655698e-07	9.19333666278277e-05	0.0001779863894857	3.1679154842169646e-08	8.451743899526583e-09	-0.0001120546954679	0.0001109248363997	1.2304319330322393e-08	1.2556254776403811e-08	0.0	0.0	0.0	0.0	0.0	0.0	0.0	0.0	0.0	0.0	0.0	0.0
739.3931176163522	2.9780221889448057	546702.1823784289	8.868616157847612	1198.6139281783974	4.637240320279261	1436675.3488232484	21.503997788023703	697.9647274777157	-1.0753316908495665	1.1563382453453872	487154.76080304186	795.8503596632765	640.5051191411312	0.854032	37.549091	0.1147369910544849	0.0579283419093792	-0.006068692	0.0509390158	0.0983864818	0.0518515711	-0.0594524326	0.101361952	-0.0110258819	0.0064709238	-0.0154525197	-0.0483835167	-0.1043507229	-0.0512526371	0.017509932	0.0444079684	-0.1032004128	-0.0676936548	-0.0278190585	0.0660875308	-0.0212026375	0.0769050537	-0.0233187015	0.0211706984	0.0160962471	-0.0815696412	-0.0827301165	-0.0475338978	0.0090276872	-0.0129921073	-0.0114692198	0.0970721115	0.1063723104	-0.0284306655	-0.0808132493	0.0481040468	0.0711063665	-0.0261707339	0.0299975805	0.0996711746	-0.0120533185	0.0721739843	0.126030683	-0.0648616055	0.1426731179	0.1355302137	0.0656372671	0.0425753697	-0.0380071246	-0.035696305	0.0721227494	-0.0489279804	-0.0105189607	0.0271837627	0.0232179105	0.0113055302	0.0203098517	0.0323014612	0.1478246954	-0.02453854	-0.0790800589	0.0135989539	-0.0267517544	-0.0300451497	0.0255969401	0.0123479909	-0.0226381715	-0.0224280558	0.0090708658	0.0026701272	-0.0264933496	-0.0086753938	0.0193111522	-0.0114591362	-0.0012309064	0.1116661471	0.0297107524	-0.0264760549	-0.0710643872	-0.0964761256	0.0193255293	-0.1683685559	-0.1091336699	0.0397410742	-0.0310992497	0.1049094732	-0.0302465278	0.1068184026	0.0312131645	-0.0071667614	0.0823553241	0.0364122071	-0.0571137759	0.1074722766	0.065043567	-0.0020038464	-0.0201687143	0.0829381342	0.0303946435	0.0437925124	-0.0034746995	-0.0120646427	-0.1246291655	-0.0780968262	0.1295626041	0.1646866127	-0.0745347021	0.0751334671	-0.0352628869	-0.0016432189	0.146810967	-0.0372823794	0.1277634447	0.1237830955	0.1172407796	0.1082719048	0.0865940266665461	0.0138795630170704	0.0074985254543264	0.0001926422695448	-0.0479458769628564	-0.0070199662655027	0.0022988071177373	4.927992636879727e-05	0.1533273865495843	0.0219840996282557	0.0235092874661256	0.000483300636465	0.000345982332463	-0.0008430222374788	1.1970377437653785e-07	7.106864928837623e-07	0.0005060112081665	0.0004140778415386	1.7146045885332581e-07	2.56047342790121e-07	6.791246838774672e-05	0.0001799671638556	3.23881800662452e-08	4.612103362516697e-09	0.0	0.0	0.0	0.0	0.0	0.0	0.0	0.0	0.0	0.0	0.0	0.0
741.5263465238993	2.13322890754705	549861.322589082	4.550665571994379	1195.4815867408204	-3.132341437576997	1429176.2242363496	9.81156288156193	698.5604133021478	0.5956858244321666	0.3548416014294299	487986.6510328676	793.6764263052486	656.4416020813711	0.843743	37.096733	0.0904199190497095	0.0498737510161155	0.0171193737	0.0479532475	0.0073035657	0.035914398	-0.0781749433	0.0804903111	0.0561550453	0.0479599395	0.0296968089	-0.0710162986	-0.0242547776	0.0459424243	-0.0149110938	-0.0489140776	-0.0543083378	0.0035458441	-0.0895501422	-0.0198715632	0.0375953602	-0.0877125784	0.1077119257	-0.0942831692	0.0463531015	-0.1602617805	-0.1120851526	0.0384433189	-0.0653357757	-0.0464885842	0.2225372121	0.1252010946	0.1019811502	0.0813869501	-0.0266775315	0.2269098886	-0.0279586872	0.0049481922	-0.0044806188	0.0723383595	0.1037952826	0.1128329665	0.0229009227	-0.0444780729	0.0947750659	0.0073474193	-0.0864511561	7.09856e-05	-0.0071518126	0.0134025343	-0.2061723332	-0.0146287922	-0.1123925269	-0.0254511155	0.053258871	-0.0451169927	0.0592129341	-0.0016506027	0.0658542458	-0.062463022	-0.0054949866	0.0619773443	-0.0787219356	-0.0801119353	-0.0156164772	0.0048361966	-0.0311554048	-0.1029281483	-0.0223273822	-0.0131809952	0.0877871958	-0.0586436639	0.0906384644	0.1212526552	0.0986847275	0.0723594256	0.1109645609	-0.0610615805	-0.1785273052	0.1163289742	-0.0318209136	-0.0499140503	-0.0753337473	0.2113405839	0.0046704176	0.1094710058	0.0555248146	0.1310806686	0.0315859777	0.0064591829	0.0317767361	0.0595259172	-0.0998941368	0.028051463	0.0732081022	0.0213935136	0.024268463	0.1092605026	0.042641685	0.1025576599	0.0551045135	-0.0607711567	-0.0478317775	0.0581955936	0.0874336441	0.1233524039	-0.0120902486	0.0217450781	-0.0142536432	-0.0591409064	0.1676418401	0.1056315634	0.1272347401	0.1216944932	0.1126387502	0.1003291122	0.091956107740529	0.0053620810739828	0.0084559257507877	2.8751913443965544e-05	-0.0411746946217448	0.0067711823411115	0.0016953554771939	4.584891029658154e-05	0.1627691755611167	0.0094417890115323	0.0264938045128456	8.914737973829382e-05	0.0010903188748426	0.0007443365423796	1.188795248838033e-06	5.54036888321618e-07	0.000618821002118	0.0001128097939514	1.2726049611379885e-08	3.8293943266232573e-07	0.0005876634645183	0.0005197509961305	2.7014109797870244e-07	3.453483475296513e-07	0.0	0.0	0.0	0.0	0.0	0.0	0.0	0.0	0.0	0.0	0.0	0.0
744.1075744319776	2.58122790807829	553696.0823270411	6.6627375134422255	1203.0269282641332	7.5453415233128	1447273.790128636	56.93217870342832	700.2758203648693	1.7154070627215106	2.9426213908348404	490386.2245876907	795.720714282796	663.2634361791385	0.8558019999999998	37.626942	0.1284082239738544	0.0582612235885544	0.0105695712	0.0265471279	-0.0319019233	0.0379197305	-0.0320150932	0.0640646592	0.0482130279	-0.0751461152	-0.0159690211	-0.0954566487	-0.0490816174	0.007502279	0.0341966121	0.0279035418	-0.0243475195	-0.0392135744	0.0025788402	-0.0758037411	-0.1751659097	-0.1573366475	0.1764803428	-0.1744477096	0.041356557	0.0811112319	0.0188189935	-0.0073169744	0.0502848126	-0.0427618723	-0.0808555525	-0.1908425888	0.1600754505	-0.2589616332	-0.0414905394	0.0063669702	0.0202976017	0.0930506807	-0.0803595995	0.0733268731	0.0487254248	-0.0997130737	0.1601264419	-0.0366334578	-0.0090622765	0.0161186431	0.06249956	0.0386779565	0.0480355027	-0.0726224882	0.0547034029	0.0370089529	0.027081888	0.0452448383	0.040688364	0.0138448058	0.0534277929	0.014860481	0.0637813975	-0.124662012	0.0157373684	-0.0512318228	-0.0885636809	-0.0709945134	-0.0276964449	-0.0128853307	0.0882957513	-0.0607029732	0.0750477988	-0.0037911888	-0.0591726993	-0.085309805	0.0028862359	0.1199427105	0.1123064052	-0.1722394254	-0.0322740618	0.0449946999	-0.0700130005	-0.065645543	0.0187116224	0.0026821329	0.1506345048	-0.0314691002	0.1223376055	-0.0884773521	-0.052347798	0.1335696001	0.0192414386	-0.0026012806	0.0429728778	0.015440617	-0.0289631025	-0.0418668366	0.0612679745	0.0075651335	-0.0439593223	0.0821610702	0.0379304525	0.0279369373	-0.0112572937	-0.0209924873	-0.1028128932	-0.0233744498	0.1684138118	0.0039368853	-0.0015550529	-0.0768755341	-0.0625955615	-0.0694630777	0.0961048182	0.1086457593	0.1266188352	0.1192723348	0.1073422654	0.0912870929	0.083139988084909	-0.00881611965562	0.0069122576187588	7.77239657822093e-05	-0.0147274478104719	0.0264472468112728	0.0002168977190101	0.0006994568638963	0.1175326228802902	-0.0452365526808264	0.0138139174411205	0.0020463456984451	0.0006121454354043	-0.0004781734394382	3.7472203408632e-07	2.2864983818425346e-07	0.0008812471061037	0.0002624261039857	6.886746005311343e-08	7.765964620161458e-07	0.000805230017617	0.0002175665530986	4.7335205027249436e-08	6.48395381271474e-07	0.0	0.0	0.0	0.0	0.0	0.0	0.0	0.0	0.0	0.0	0.0	0.0
747.0923269084948	2.984752476517201	558146.9449255492	8.908747346075565	1199.578258409026	-3.448669855107255	1438987.9980476317	11.893323769525496	701.5021536868975	1.2263333220281538	1.5038934167166076	492105.27162735554	795.3175832814184	676.449100781843	0.874851	38.464439	0.1430595365303656	0.0667637199556675	0.0150504506	0.0157518029	-0.0978635467	0.0058329537	-0.0456985316	0.0963935745	0.0665511429	-0.0807641562	0.0646602756	-0.0837002516	-0.03053284	0.0510435023	0.0916959454	0.0188480467	-0.0010364191	0.0113141371	-0.0877362732	-0.0539754409	-0.0637666441	-0.120254788	-0.0290591205	0.1228939679	0.1121467817	0.0108447315	-0.1302070822	0.0349375656	-0.0477156083	-0.0111715688	0.093272852	0.0127549083	-0.0057469915	-0.1910091227	0.1079314522	-0.0878571789	0.0200361818	0.1659162386	0.0701161345	-0.0509497513	0.118945954	0.1533374133	-0.0512597343	0.0947945357	0.0367834992	-0.0978366586	0.0017707731	-0.0453441181	-0.0136505149	0.0723145383	0.0202974796	-0.0811975049	0.0356905086	0.039673183	0.0466015145	-0.0382191159	0.04026661	-0.009413978	0.0380130318	-0.1707806581	0.0217376867	-0.0343082245	0.0409597773	0.0017559149	0.0070339067	0.0058442979	-0.0024835129	-0.173836235	-0.0689584197	0.0293204675	-0.0119419191	-0.1067949042	0.0400364136	-0.1398127845	-0.0001462481	-0.1585538786	0.0483025802	-0.0366939681	0.0776854879	0.0936156704	-0.0916217671	0.0757666006	-0.1289357072	-0.0656199541	-0.0178567054	0.0224514398	0.0355989992	0.0300608893	0.0197956255	-0.0041127889	-0.0034150159	0.0340870206	-0.0639964689	-0.106096492	0.0020668197	0.0061370331	-0.0153446461	0.1099372288	0.0279838669	0.0485653457	0.0862800204	-0.1198026834	-0.1075795313	-0.008779709	0.0378194807	0.0586277541	0.0735408727	-0.1113951772	-0.0797110973	-0.0188220146	0.0320112565	-0.0123863127	0.1259161521	0.1165232592	0.1013839798	0.0812449131	0.0862598159298499	0.0031198278449409	0.0074407558442515	9.733325782068584e-06	-0.041117940871274	-0.0263904930608021	0.0016906850614935	0.0006964581239922	0.1001046359603776	-0.0174279869199126	0.0100209381407597	0.0003037347280806	0.0013005236416617	0.0006883782062574	1.6913617425210097e-06	4.7386455485015547e-07	0.0005531129963944	-0.0003281341097093	1.0767199395471495e-07	3.059339867803915e-07	0.0017111422757445	0.0009059122581275	8.206770194256663e-07	2.928007887840066e-06	0.0	0.0	0.0	0.0	0.0	0.0	0.0	0.0	0.0	0.0	0.0	0.0
747.8486886216664	0.7563617131716001	559277.6610731462	0.5720830411518778	1200.297799674187	0.7195412651610695	1440714.807902695	0.5177396322695925	700.7826497562085	-0.7195039306890294	0.5176859062769636	491096.3221993328	797.0433137518397	683.7207601655716	0.874484	38.448318	0.2250173382231922	0.109374949054585	0.0160596297	-0.0003755979	-0.1335265559	0.0013492245	0.0180961188	0.0105725717	-0.030155538	-0.1126757014	0.1063933678	0.0246477586	0.0964675108	0.0738257299	-0.010432706	0.0212716684	-0.0522824977	0.0296404324	0.0009771839	0.0957787823	0.0774173131	0.0063783533	-0.0887754479	0.0400912235	0.0760021644	-0.0045064091	-0.0337424456	0.0620517781	0.096735455	-0.0124546588	0.0053942517	-0.1537255617	-0.0378428258	0.1047255949	0.163224093	-0.0257927841	-0.0154545011	-0.0512874367	0.1204751347	-0.0425937068	0.0583604635	-0.205223281	0.0636747938	-0.0668949737	-0.0373736454	-0.0408895021	0.0919739825	0.119919049	0.0470001466	0.0785630724	0.0851930782	0.0577319152	-0.1714645831	-0.0828458451	0.00207662	0.0051916199	0.0194790495	-0.0141148487	-0.0002049314	-0.0608787476	0.0334070931	-0.0108258977	0.036505456	0.1484218865	0.0296221027	-0.0694588411	-0.051247581	-0.0352578866	-0.0187057653	-0.1435759712	-0.0281451271	0.0693324347	-0.0429535746	-0.0333472004	-0.0107447786	0.0414720681	0.0309835796	-0.0246303242	0.2330483361	0.0040587252	0.0641785804	0.0556442176	0.1609778895	0.0044379197	-0.0739812058	0.0930106964	0.0357228936	-0.043280582	0.0049139974	-0.0096571421	-0.0493983129	0.0304127629	-0.0253266849	-0.1553866722	0.0219012986	0.025522204	-0.0448198252	-0.0001566522	-0.0253199942	0.0779055527	-0.0932479702	-0.1148096911	-0.0338230862	0.0650101232	0.0281137192	-0.0304580943	0.1280946815	-0.098365214	-0.0182080166	-0.040967928	-0.0167692007	-0.1388096038	0.1251271724	0.1134548014	0.0948006283	0.0703125971	0.0776655788630478	-0.008594237066802	0.0060319421401322	7.38609107603951e-05	0.0278667691653282	0.0689847100366022	0.0007765568237136	0.004758890218834	0.0492313556744647	-0.0508732802859129	0.0024237263815456	0.002588090647049	0.0018816020453878	0.0005810784037261	3.540426257207553e-06	3.376521112768726e-07	0.0009962582372065	0.0004431452408121	1.963777044544141e-07	9.925304752018028e-07	0.0008040637036052	-0.0009070785721393	8.227915360342715e-07	6.465184394553109e-07	0.0	0.0	0.0	0.0	0.0	0.0	0.0	0.0	0.0	0.0	0.0	0.0
748.3722796851297	0.5235910634633001	560061.069001118	0.2741476017386295	1204.365098626574	4.067298952387091	1450495.2907897974	16.54292076808913	699.6434883218985	-1.1391614343099263	1.2976887734190483	489501.01075123454	794.4449416773798	685.308894610292	0.911031	40.055161	0.2157580518035194	0.1032942837905484	0.0412384843	0.0123999624	-0.1145942416	0.0229651691	-0.0608352962	-0.0215681824	-0.0927344975	-0.0359410199	0.1034847029	0.0374236977	-0.0630284922	0.0046526688	0.0822500157	-0.0112393155	-0.0455429501	-0.0275194404	0.0804217923	-0.0189502428	-0.0431063667	-0.0914979583	0.0305720472	-0.107892435	0.0675116437	-0.0822682895	0.0457490724	0.0227976415	0.0393048251	0.0499642157	0.0313946186	-0.101614305	-0.0543369732	0.1203857962	0.0725552761	-0.0025856168	0.0046424749	0.1001678728	0.1183797026	0.1098000463	0.0431069173	-0.2036447822	0.0072190326	-0.0926889859	-0.0468006311	0.1111571539	-0.0531609541	-0.2603747582	-0.0178101936	-0.0925043879	-0.0299411646	0.0718140685	0.1226662165	0.037565878	0.0796227174	-0.0178501677	-0.0039473971	0.0104512825	-0.0132296897	-0.0744396132	0.0390104214	0.1044250342	-0.1373092281	0.1110672763	0.0814430327	0.0237766265	-0.0641665027	0.0328967023	-0.0794791855	0.0146548953	-0.0414817703	-0.0723451865	-0.0459979589	0.107787589	0.0753483009	-0.1006545549	-0.0716253834	0.0496133576	-0.0180252495	-0.010227888	0.2046927197	0.0140931725	0.071058412	-0.0694678599	-0.0039985806	-0.0624719896	-0.0581841734	0.1100438447	0.0121342567	0.032474221	-0.0180285481	0.0473137877	-0.0187237116	-0.145257345	0.0711983971	0.0813648926	0.0187786289	0.0224124982	0.0271081061	0.0744200816	-0.1576976577	0.1114654767	0.058875815	0.0652955676	0.0049184952	0.1173923771	0.1269811788	-0.0648310537	-0.1387256238	-0.0376135403	-0.0766570255	-0.1214578213	0.1242524367	0.1100753719	0.0876327994	0.0586099215	0.073799467626344	-0.0038661112367038	0.0054463614219317	1.4946816094567393e-05	0.086141005558332	0.0582742363930038	0.0074202728386005	0.0033958866271876	0.1160172790679965	0.0667859233935318	0.0134600090423413	0.0044603595635266	0.0013569658448123	-0.0005246362005755	1.8413563039871596e-06	2.7524314295429626e-07	0.0004251107912252	-0.0005711474459813	3.26209405050962e-07	1.807191848161156e-07	0.0001632117345564	-0.0006408519690488	4.106912462337241e-07	2.663807029690877e-08	0.0	0.0	0.0	0.0	0.0	0.0	0.0	0.0	0.0	0.0	0.0	0.0
748.0371359970122	-0.335143688117455	559559.5568306126	0.1123212916849699	1199.1804229040831	-5.184675722490965	1438033.6866764156	26.88086234738721	701.31987493591	1.6763866140114487	2.81027207963677	491849.5669801204	796.2986582742501	687.4963133845849	0.946223	41.602467	0.3428303363055051	0.1532167409890783	0.0559741541	0.0153250269	-0.1418975767	0.0375991611	-0.0672913501	-0.0234997566	0.0397321939	-0.0003795111	0.0829507132	0.0773717646	0.0136746484	0.0449804812	0.0894189122	-0.0327365405	0.0154759729	-0.0079755579	0.0150067425	0.0131671217	0.1032006203	-0.0688629576	0.1573506376	-0.0398574541	-0.1145163563	0.0553821505	0.1614324395	-0.1086860792	0.0243272415	0.0367706923	-0.04702998	0.0273853802	0.1217753329	-0.013676731	-0.0249961328	-0.0556186724	-0.1469690879	0.0893343697	-0.0142047661	-0.065286108	-0.0700873841	0.0218715454	-0.0127327912	-0.0424298126	-0.1308700378	-0.0618137226	-0.0567021401	0.0394247798	0.0296939965	-0.1580961604	0.0586582178	-0.0092946127	0.0476575384	-0.0444828436	0.0932096041	-0.0330761158	-0.0027767048	-0.0242875019	-0.0943994417	-0.0652523197	0.0095898014	0.1307883683	-0.0450876808	0.0146228427	0.0089991708	-0.0932893665	0.0773970978	-0.1282678453	0.1146203797	0.0970362046	0.0871257699	0.1222497766	-0.1034469569	0.0998040322	0.0682134626	-0.0378997853	0.0587665809	0.0417140748	0.0524573523	-0.0137269923	-0.0507194865	0.0575553445	0.1422891174	-0.0260776346	0.0933644346	0.0268668644	0.0022506584	-0.1814888131	0.0126583392	0.0409752138	-0.1229576512	0.1303737114	-0.0533309809	-0.1114856269	0.0669924162	-0.0814264904	-0.0592697211	-0.0187235324	-0.0409716448	0.1349930132	0.1200280396	0.0098310632	0.0164920067	-0.0262296997	-0.1884877055	-0.14566452	0.233240955	-0.1208607429	-0.151504814	-0.0366568926	-0.1907025477	-0.155435433	0.1232925447	0.1063942335	0.0799246852	0.0462651033	0.0202045735371996	-0.0535948940891444	0.0004082247918201	0.0028724126724266	0.001279422099401	-0.084861583458931	1.636920908435662e-06	0.0072014883471571	0.1449910101972662	0.0289737311292697	0.0210223930380237	0.0008394770955512	0.0028682196312678	0.0015112537864555	8.226683853189995e-06	2.283888007076086e-06	0.0020507071216155	0.0016255963303903	2.642563429378409e-06	4.2053996986445285e-06	-0.000207940701161	-0.0003711524357174	1.3775413053895878e-07	4.323933519932831e-08	0.0	0.0	0.0	0.0	0.0	0.0	0.0	0.0	0.0	0.0	0.0	0.0
747.9815955752273	-0.05554042178494	559476.4673192629	0.003084738452049	1204.0892640424695	4.908841138386379	1449830.9557823355	24.09672132191448	701.1658653126796	-0.1540096232304222	0.0237189640475766	491633.5706796787	799.7300349191042	690.5898075429184	0.942783	41.451221	0.2311620809127325	0.0992687290215119	0.0488977782	0.0021511299	-0.1457843012	0.0244391762	-0.0649329214	-0.0168128561	0.1496124473	-0.0135445857	0.0346611332	0.1128743523	-0.0066110717	-0.0278766449	0.0727086169	-0.0698846344	-0.0244606472	0.098221348	0.1689647214	0.0335226544	-0.0133284859	0.0907392383	0.0540024272	0.139529125	-0.003855652	0.0846515124	0.1389715374	0.1173505784	0.0995438512	0.044931956	0.0610062075	0.0007679183	-0.0385281819	-0.0868312202	0.1531231836	-0.0363176371	-0.1238742209	0.0261885659	0.0428904924	-0.0842304497	-0.0036982324	-0.0915738681	-0.1205610583	0.087531878	-0.0018217869	0.072878635	0.1070124469	-0.0763765799	-0.0848318097	-0.1076715474	0.0774891377	-0.2201464939	-0.106435272	-0.0981951205	0.0483385199	-0.0635720528	0.0454144797	-0.0764714711	-0.0502752991	0.0129840322	-0.0371549237	-0.0645583098	-0.1071185719	-0.0320421724	0.1099478508	-0.1380531194	-0.0726123067	0.0829521064	0.1181186476	0.0369270896	-0.0158161579	0.1044852976	-0.0066689875	-0.0950581918	-0.1373012149	-0.2673027692	-0.0330260629	-0.012943524	0.068718819	-0.0300559625	0.0968971748	-0.0489399581	-0.0452497146	-0.0114288275	0.0658283201	0.12682263	0.0169585127	-0.1795170185	0.0030468387	0.0442687373	-0.1662101695	0.1345098317	0.1361849312	-0.062380365	0.0497404533	0.0429013668	-0.1205980238	0.0073164247	-0.218315733	0.0556954344	0.0470958051	0.1735734234	0.0623742432	0.0753690959	-0.1197588883	-0.0453951143	0.1976658113	-0.2376385161	0.0734853427	0.1988124036	0.1033385581	-0.0276609069	0.1222481541	0.1024214758	0.0717238087	0.033413395	-0.0152879018379508	-0.0354924753751504	0.0002337199426068	0.0012597158082556	0.0261845597223668	0.0249051376229658	0.0006856311678541	0.0006202658800188	0.1048481203832949	-0.0401428898139713	0.0109931283479098	0.0016114516026166	0.001838058062209	-0.0010301615690588	3.378457440051504e-06	1.0612328583656892e-06	0.0026849460571383	0.0006342389355227	4.0225902733309446e-07	7.208935329742503e-06	-0.0011559717585923	-0.0009480310574313	8.98762885854309e-07	1.3362707066629749e-06	0.0	0.0	0.0	0.0	0.0	0.0	0.0	0.0	0.0	0.0	0.0	0.0
750.9246135282914	2.9430179530641	563887.7752026138	8.661354672057604	1204.570173379466	0.4809093369965467	1450989.3025954368	0.2312737904104581	702.0339364196965	0.8680711070169309	0.7535474468375999	492851.6478849344	798.6491687921675	704.6035740472694	1.124816	49.454632	0.4538970136006928	0.2428479231933394	-0.0432306353	-0.0368907912	-0.1632910514	-0.0235967417	0.0081739072	0.1692028865	0.1272749361	-0.181119805	-0.0890160693	-0.0637959225	0.0288500228	0.0633537154	-0.0732741739	-0.0775370991	-0.0085671544	0.0156137011	-0.0395647598	-0.0067113309	-0.194936794	0.0380383059	-0.0231928243	0.0095870058	0.1208483888	0.0084166249	0.0523517135	0.1154476648	-0.127972527	0.1099806258	0.0475702327	-0.0511850675	-0.1221658615	-0.0108689362	-0.0310664209	0.0458623831	0.0820124133	-0.0906514474	-0.0480898752	-0.1861175076	-0.0458022621	-0.0601757995	-0.124315192	-0.1034393632	-0.1249537665	-0.0480154195	-0.0629346082	-0.0417167421	-0.1000267202	-0.0108827675	0.1106379485	0.0284005581	-0.0333109331	-0.1460809188	-0.0121014542	-0.0639305059	0.1792226426	0.0030239072	0.0810253934	-0.0948013786	0.0686462044	-0.2318994555	-0.0926880854	-0.0504386183	-0.0448499486	0.0764324498	-0.0662208548	0.2014187064	-0.0091729257	-0.0099446207	0.1559508561	-0.0798945163	-0.0172459226	-0.0197780059	-0.0757561087	-0.0854462939	-0.0159981365	-0.050884814	-0.0134209689	-0.039995326	-0.0770664262	0.1546807601	-0.0074618946	-0.0983385621	0.0070529524	-0.0058468055	0.0519283394	-0.1463968886	-0.0057357686	-0.0495218003	-0.0675022801	-0.0087861813	0.3460077875	-0.0449163656	-0.0569142393	0.1985820582	-0.0086272156	0.0996909441	-0.2474845042	-0.1170733311	0.0615962223	0.1707003124	0.3171006037	-0.0466521803	0.2515361389	0.1401437622	-0.1424331781	-0.1249909882	0.1591224894	0.2575176028	-0.0220913339	-0.0367191276	0.1211199807	0.098167988	0.063080731	0.0201956026	-0.0699302070858038	-0.054642305247853	0.0048902338630634	0.0029857815227995	-0.0297390664929508	-0.0559236262153176	0.0008844120758721	0.0031274519690705	-0.1263421707059322	-0.2311902910892271	0.0159623440986869	0.0534489506939215	0.0005794669044225	-0.0012585911577864	3.357818933209948e-07	1.5840517024583625e-06	0.001756682461828	-0.0009282635953102	8.616733023784042e-07	3.0859332716940826e-06	-0.0011000106907232	5.5961067869100085e-05	3.131641117050026e-09	1.2100235197053317e-06	0.0	0.0	0.0	0.0	0.0	0.0	0.0	0.0	0.0	0.0	0.0	0.0
752.8408834345096	1.91626990621819	566769.3957704528	3.672090353477471	1206.8522136540705	2.282040274604469	1456492.2656017302	5.207707814916842	704.8488466849244	2.8149102652279225	7.923719801285533	496811.89667306805	800.9886141887301	700.2618687941565	1.18585	52.138111	0.3895861820405802	0.181574564344893	-0.0254289234	-0.0209191336	-0.1395875774	-0.0648037356	0.0630895254	-0.0417624226	-0.0625195713	-0.1796083581	0.1832120139	-0.015501348	0.0883608383	-0.0624706977	-0.0360968793	0.0641812885	0.107615198	-0.0520861524	-0.0919485964	-0.0280564272	0.1575853868	-0.1346677025	-0.26244326	0.1363384489	-0.0183706022	0.0949005159	-0.0572364296	-0.072296332	-0.029456393	0.1831796228	-0.0724842315	0.0554507715	0.1409433301	0.0656963371	-0.1351257059	-0.0478022936	-0.082971961	0.0321121643	-0.1669212534	-0.0940292808	-0.1145787546	-0.0047978103	0.0998750074	-0.1572467615	-0.0880054454	-0.1096634113	-0.0570205647	-0.0031427541	-0.2070562239	0.0117623392	-0.0893262659	0.0021807588	-0.0815309613	0.0455586453	-0.0126424724	0.0604368724	-0.0387020517	0.0971346315	-0.0678294746	-0.1105593734	0.1161731035	0.0225070965	0.2979204351	0.2101187586	-0.0122232079	-0.0138518149	-0.1209774478	0.1027016412	-0.1450437389	0.0479715625	0.056852274	0.1220205006	-0.0297793493	0.0546888949	-0.0324584681	0.1821272186	0.0343756053	0.2449163962	0.0444956022	0.0674533916	-0.1267112151	0.0706921538	-0.0020407815	-0.0478734452	-0.0004203888	0.1024277786	0.0229106036	-0.0549112951	-0.0110661503	-0.0065216057	0.0043768797	-0.1299484367	0.1390467645	-0.1021138849	0.0995987979	-0.0098264814	-0.0083772188	-0.2214662731	-0.0155390493	-0.0188483593	-0.1055738848	0.1070549493	-0.0103179808	-0.0974232205	0.1498631325	-0.2746789018	-0.0960266318	0.0771764976	0.0735846818	-0.0460997431	-0.0551713373	-0.0669504071	0.1199087977	0.0936454286	0.0540487397	0.0067565429	0.0085390616325042	0.078469268718308	7.291557356370531e-05	0.006157426133186	0.0761827291042465	0.1059217955971973	0.005803808213771	0.0112194267825344	-0.0706597354383404	0.0556824352675918	0.0049927982122162	0.0031005335973295	-0.000256002311622	-0.0008354692160445	6.553718355580759e-08	6.980088109580114e-07	0.0007079993431893	-0.0010486831186387	1.0997362833177894e-06	5.012630699564801e-07	6.090623743262597e-06	0.0011061013144664	1.2234601178644364e-06	3.7095697581994085e-11	0.0	0.0	0.0	0.0	0.0	0.0	0.0	0.0	0.0	0.0	0.0	0.0
746.5592648949493	-6.281618539560327	557350.736000487	39.45873147654802	1201.2790635672725	-5.573150086798023	1443071.388565063	31.06000188997681	706.017125473568	1.1682787886435335	1.364875327994402	498460.1814619598	807.7165171485885	691.0282972073668	1.05559	46.410988	0.1158996393649475	0.0714578675223088	0.0186549725	-0.0238592831	-0.056016114	-0.0333390443	0.1023129162	-0.1727335958	0.0220740682	0.0341864134	-0.2478359095	0.0368385093	0.18201632	0.1549174956	0.0491657785	0.0743058033	0.1574925866	0.109293901	0.1029950911	0.017500977	0.0449773541	0.033650397	-0.082446719	0.0386736058	0.0083553114	0.0406769595	0.054915317	-0.0617090215	-0.1444153138	-0.0585803588	-0.1170187799	-0.11755061	-0.1313827477	0.1234445102	0.0282115975	-0.0138871822	0.0296576385	-0.0159452776	-0.1011940088	-0.1492210824	0.0701884579	0.1234920829	0.0378196197	0.0263460776	0.2579340174	-0.0078618956	0.016875768	-0.0006360849	0.036925528	-0.0370880607	-0.1357172622	0.0307738472	-0.0564391863	0.0995122976	-0.0316959812	0.0147603043	-0.1501018937	-0.0674605748	-0.1304843208	0.1591681238	0.1193617384	-0.1320248758	0.0045384567	-0.0577679768	0.0793413817	-0.1083683522	0.0866416691	0.0604042178	0.0288914831	0.1340355129	0.0168945459	-0.0563030434	0.1424324381	-0.1238374912	-0.0016829266	0.0099083852	-0.1807366454	-0.0063364793	-0.0210011015	0.206386384	-0.1306647054	0.1431194533	0.1181086542	0.1145932474	-0.0983149832	-0.1104577327	0.0294759783	0.0782230173	-0.0088508296	0.0500650277	-0.0320382712	-0.0312007493	0.1241587004	-0.0302987644	0.020275463	-0.0077329673	0.0916809297	-0.2106178386	0.0209650006	-0.0811661038	-0.0198332834	0.0627155985	0.0368057075	0.1021623663	-0.1803239969	-0.1134796776	0.0328139916	0.0836807128	0.0766248465	0.0679863029	-0.0706275134	0.0438989193	0.1186154352	0.0888661936	0.0446835199	-0.0067565429	0.0194628111609347	0.0109237495284304	0.0003788010182862	0.0001193283037598	0.0441853819912267	-0.0319973471130198	0.0019523479817106	0.001023830222271	-0.0075832857218145	0.0630764497165259	5.750622233867566e-05	0.0039786385088414	-0.0001630018414407	9.30004701813e-05	2.65696003130591e-08	8.649087453942871e-09	0.0006029994310499	-0.0001049999121393	1.1024981549281714e-08	3.636083138465031e-07	6.04914592453493e-06	-4.1477818727667527e-08	1.720409446405247e-15	3.659216641631755e-11	0.0	0.0	0.0	0.0	0.0	0.0	0.0	0.0	0.0	0.0	0.0	0.0
741.1098533110547	-5.449411583894516	549243.8146747331	29.69608661068374	1205.033675515191	3.75461194791842	1452106.1591256503	14.097110879451751	702.6265799003188	-3.390545573249142	11.495799284279352	493684.1107824191	805.0993904516131	653.6691997726947	0.958093	42.12434	0.2139050414988299	0.1256103532365099	0.0544070086	0.0081237609	0.1082300979	0.0039637125	0.0262064678	-0.1123685074	-0.1008961693	0.1162995022	-0.225576992	0.0897070284	0.0242088163	0.150488867	0.0908522933	-0.0368668589	0.0581891113	-0.0051460536	0.0816757878	0.053699443	0.1179256964	0.1284988853	0.021841951	0.0793750805	-0.0280925228	0.0599686352	0.1965938251	-0.1491536777	0.1105675983	-0.0071166321	-0.1523258985	-0.0609310715	-0.0847362508	-0.2203624505	-0.0857025156	0.0661450536	0.1873734736	0.0726767798	0.087883165	-0.0797582748	-0.0860560304	0.0068585543	-0.1398792789	-0.0845743789	-0.0002427355	-0.101384164	0.1138092282	0.1765556874	0.041568963	-0.0466989877	0.1061158626	0.0046842347	0.0555684971	0.1247195427	0.0053585617	0.0039088622	-0.0874685715	-0.0495348161	-0.0039883079	0.2106129451	-0.0123076818	-0.0815988773	-0.0440886777	0.0065601959	0.0183526989	-0.0311481072	0.3988910939	0.1809978489	0.0533934717	0.0537853333	-0.0135590725	0.0066142464	-0.0400350122	-0.1269717451	0.0371738773	-0.0422665616	-0.135364733	-0.0639686134	-0.0683477349	0.0106001748	0.0830331362	0.0870607922	-0.1401654269	0.0031887283	0.2646030355	0.0662857101	0.0579048536	-0.1061730844	0.0062530114	0.0814013794	0.0106288157	0.0131429825	0.0560529905	0.1093926972	0.0064056807	-0.0288123671	-0.0142003563	-0.1470143618	0.0612104941	-0.1395626916	-0.077524338	0.0687143307	-0.0164969523	-0.029462288	-0.1086615322	-0.2202524569	-0.0952546073	0.1017527402	0.0698933532	-0.0921733278	-0.0640345778	-0.1297959937	0.1172407796	0.0838433825	0.0350428114	-0.0201956026	0.0193684226823052	-9.438847862949797e-05	0.0003751357972004	8.909184897991192e-09	-0.0506854331511448	-0.0948708151423715	0.0025690131337191	0.009000471565778	0.0559705768613412	0.0635538625831557	0.0031327054741913	0.0040390934492386	-0.0008161261210119	-0.0006531242795712	6.660618453979304e-07	4.26571324565399e-07	0.0007078549992038	0.0001048555681539	1.0994690172877182e-08	5.010586998978118e-07	0.0003557888040929	0.0003497396581683	1.2231782849572485e-07	1.26585673117856e-07	0.0	0.0	0.0	0.0	0.0	0.0	0.0	0.0	0.0	0.0	0.0	0.0
739.5491436839617	-1.560709627093047	546932.935923681	2.435814540100917	1202.0927720148918	-2.9409035002991004	1445027.0325304463	8.648913398071501	701.2155493949601	-1.4110305053586671	1.991007087052736	491703.2467132758	801.4414296798242	639.6845181288877	0.878086	38.606686	0.1121488783488055	0.0456734024762332	0.1015665365	0.0136502098	0.1510109942	0.0468295207	-0.059594959	-0.025809993	-0.1054868725	0.1679066532	0.0474493439	0.1267141296	0.007053729	-0.1766268953	0.0822638963	-0.1325320556	-0.0334171787	0.0268976566	-0.0328537796	0.0556636823	-0.0376371319	0.1651732314	-0.0294113646	0.0638306937	0.0810900735	-0.1182919806	0.1241745031	0.0033191643	0.1159789743	-0.1391794973	0.0155220051	-0.1107070465	0.0333452967	0.2288398497	-0.1232033896	-0.0086596377	0.0614389544	0.03930206	-0.1724702946	0.0113883016	-0.1751215026	-0.0875528338	-0.1435494873	-0.1285468291	0.1643935672	0.0704860685	-0.0792584959	-0.003226829	0.0345823222	-0.0427667815	-0.1373425229	-0.0714309441	-0.0034487297	-0.0287898921	0.0708482545	-0.0218562373	0.0026897751	-0.0069020262	-0.0036923314	0.1643959609	-0.072006637	0.0606861125	-0.0241941399	0.090250514	-0.075678957	0.1096442333	-0.0957995947	0.1304779566	-0.0036700122	0.0366819433	-0.0094017022	0.0584978394	-0.1460340261	-0.087335911	-0.0280172294	0.0661100854	-0.097769735	0.1216534087	-0.0374944357	-0.0325400232	0.0246970463	-0.1692236723	-0.0444147511	0.2375881165	0.1452690617	-0.1685041007	0.1611841858	-0.0156558803	0.0033796449	0.1267177188	0.0046924306	0.1039163399	0.0152752656	0.1671819967	-0.0768972449	-0.0229579166	-0.0222484839	-0.060374029	0.0380965658	-0.1018055391	-0.0148332906	0.0451180659	0.0691981916	-0.0196699964	-0.0533905734	-0.1386085071	-0.0303274401	0.1625952091	-0.039232572	-0.0238308876	-0.1223378379	0.1420368935	0.1157857731	0.0785907625	0.0251860523	-0.033413395	0.0057931837726385	-0.0135752389096667	3.356097822356205e-05	0.0001842871114545	-0.0739219534710571	-0.0232365203199122	0.0054644552049771	0.0005399358765776	0.0885912307925878	0.0326206539312465	0.0078484061733455	0.0010641070629021	-0.0003457343728025	0.0004703917482093	1.195322565371381e-07	2.2126839678349555e-07	0.0009579159162731	0.0002500609170692	6.25304622455393e-08	9.176029026493328e-07	0.0004896654425738	0.0001338766384809	1.7922954330945592e-08	2.397722456509954e-07	0.0	0.0	0.0	0.0	0.0	0.0	0.0	0.0	0.0	0.0	0.0	0.0
739.4198456933677	-0.1292979905939546	546741.7082052038	0.0167179703716343	1202.4440269470217	0.3512549321299048	1445871.6379405698	0.123380027345584	700.7280562715462	-0.4874931234139694	0.2376495453759076	491019.8088460992	800.5918276633984	633.1719592487642	0.85378	37.538033	0.1151505087423203	0.0581417284415357	0.1190509112	0.0147241776	0.1646723132	0.0389301266	-0.0655581276	0.0198940781	-0.0531251921	0.1095935777	-0.0273685857	0.0794255593	0.034843876	0.0674541995	0.0297142661	-0.1401984351	-0.1481115584	0.0310546352	0.1244290667	-0.0966876678	0.0658226505	-0.0346634857	-0.1258308775	-0.0367176488	-0.0241987063	-0.0870878936	0.1190725629	-0.0698113299	0.1178906309	-0.2164116383	0.1047863791	-0.0306090803	-0.0635260164	0.0402383478	0.0136935856	0.0016150825	0.0043231096	-0.0180433472	0.0665182273	-0.0809337814	0.0814342007	0.0411085903	0.1218895436	0.0623157443	0.0093285747	-0.0682075835	0.1390648393	0.0517065752	-0.0411646978	-0.0276753797	0.03429671	0.2170305869	0.0588461127	0.0083306092	0.0583777325	-0.0365893808	0.0265451772	-0.0316442182	0.0550918803	0.1263679188	-0.1484009871	0.0069073436	-0.0233125297	0.1742933889	0.021690836	-0.0280949193	0.0353984423	0.0460487327	0.0043373688	0.0649496258	0.0083113791	0.0103886678	-0.1160264997	0.1262317875	-0.1303307504	0.1055082379	0.0167594486	-0.0360151978	0.052726776	0.0667515853	-0.0507808546	0.0135798573	0.0381990729	0.0842276761	0.0831639394	-0.0764046153	0.0153358914	-0.0187394037	0.0036851416	0.1230864183	-0.0304520934	0.130918734	-0.0089126958	0.1745524146	-0.0953235349	-0.0605730022	-0.070830272	-0.0736985737	-0.0302525674	-0.0235279342	-0.0173586263	-0.019918593	0.0176495458	0.0029458127	-0.0662136361	-0.0420339278	-0.0233405485	0.234910808	0.1881587708	-0.1006197759	-0.0353174624	-0.1691285455	0.1142514127	0.0731227308	0.0151740128	-0.0462651033	0.019405377027283	0.0136121932546445	0.000376568657571	0.0001852918052017	-0.0840462370107388	-0.0101242835396817	0.0070637699556652	0.0001025011171918	0.0792688292479439	-0.0093224015446438	0.0062835472903396	8.690717055957886e-05	0.0006049372466136	0.0009506716194161	3.6594907234044365e-07	9.037765279632302e-07	0.0012590308430058	0.0003011149267327	9.067019910123937e-08	1.5851586636398957e-06	9.961938065559564e-05	-0.0003900460619182	1.521359304178997e-07	9.92402100220446e-09	0.0	0.0	0.0	0.0	0.0	0.0	0.0	0.0	0.0	0.0	0.0	0.0
742.205305672211	2.785459978843278	550868.7157679802	7.758787293737594	1202.0256024039252	-0.4184245430965347	1444865.5488345192	0.1750790982655438	702.3411893912794	1.6131331197332202	2.6021984619802314	493283.14631555695	801.0057438043746	641.7579682847335	0.952923	41.897007	0.3000607575738833	0.1593283294360128	0.1622002614	-0.0027087118	0.0871320347	0.074429762	-0.1441741169	0.0449799598	-0.0190697631	0.0799639695	-0.0644204703	0.1552849112	0.0417508769	-0.0063765509	0.0895879546	-0.2017650383	0.0784315751	0.1208866893	0.1764989396	-0.132122985	0.0132740444	0.028062911	0.1525877933	-0.0536364057	0.0780041391	0.1177153825	0.005564021	0.0785968563	0.0295982023	0.0560773881	0.0934325947	0.1296179571	-0.0436782029	0.0973233126	-0.0161272423	0.0446723846	-0.0403751252	-0.2388382511	0.0156604738	-0.038753568	-0.0030302753	-0.0457493517	-0.028126502	-0.0956711232	0.1971955372	-0.0992003211	-0.0188173138	-0.0676749711	0.0468111326	0.0957049368	-0.0192683051	-0.0002550033	0.0544267732	0.0191824498	0.1075833349	-0.0389487934	0.0673256496	-0.0219532111	-0.0479943659	0.1369668836	-0.2104630125	-0.0762545358	-0.0473296663	0.0507096634	0.0837735177	-0.0560082528	-0.177333329	-0.297020239	-0.0248340225	-0.0060798009	-0.0885078006	0.0948301032	0.1245809489	0.0659257766	-0.1042468881	0.051121278	-0.2032271019	-0.0042817204	-0.1247459637	-0.0299069857	0.0456424315	-0.0159272033	-0.0754331873	-0.0005434194	-0.0209851974	-0.1303284064	-0.034283974	-0.0968810604	-0.0143567791	0.1363620708	-0.1326654043	0.2293082874	0.0124448191	0.1134252978	-0.1624474711	-0.0833310726	-0.0924758725	-0.1119578252	-0.1547942974	0.0986227069	0.1355165942	0.012459736	-0.0335025847	-0.0627882005	-0.0569309516	0.0754651998	0.2245445759	0.187425752	-0.0986122225	0.0476578051	0.0447812031	-0.0437573526	0.1126387502	0.0674542747	0.0050684204	-0.0586099215	-0.0291484613933761	-0.0485538384206591	0.0008496328016011	0.0023574752253794	-0.0045035787996141	0.0795426582111246	2.0282222004333577e-05	0.0063270344752918	0.0785084508064741	-0.0007603784414697	0.0061635768480325	5.781753742520379e-07	0.0026052347469278	0.0020002975003142	6.787248086599959e-06	4.0011900897632375e-06	0.0017464141471865	0.0004873833041806	2.3754248519409655e-07	3.04996237349315e-06	-0.0008367774648621	-0.0009363968455176	8.768390522954911e-07	7.00196525701043e-07	0.0	0.0	0.0	0.0	0.0	0.0	0.0	0.0	0.0	0.0	0.0	0.0
746.1002207695211	3.894915097310104	556665.5394323282	15.170363615254178	1207.6118977162062	5.586295312280981	1458326.495505737	31.206695316012468	702.7612987358553	0.4201093445759625	0.1764918614000447	493873.44300090615	802.0397287024446	656.4532665704664	0.970761	42.681316	0.2190575175868475	0.1102331295756079	0.1265942237	-0.0192081681	0.0407118169	0.0625818569	-0.0647808145	0.0695062421	0.107139331	-0.0377870183	-0.1410984716	-0.0025770779	0.0533029663	0.0595392669	0.0653285887	-0.1369778064	0.0038185015	0.0130112495	-0.0662333917	0.0273549181	-0.0178409519	0.0329702836	-0.0513346957	-0.0472038099	-0.0537923111	-0.1292660661	-0.0651845065	0.0937064311	-0.0009970064	0.0409267847	-0.1598807902	0.1919570501	-0.0780662063	-0.1146498621	0.0131383148	0.0964170186	-0.0164578553	0.0068787052	-0.0482702047	-0.1800467623	0.048451214	0.1415211412	-0.096638462	0.087049576	0.0568561513	-0.1213214519	0.0486259925	-0.0463473549	-0.0903132447	-0.0703773652	-0.0340135999	-0.0704796878	-0.2584607113	0.0364916371	0.0853223911	-0.0590591931	0.0995618219	-0.0832123899	-0.0012344174	0.0863877295	-0.0471103964	-0.1535751039	0.0819347679	-0.1137026478	0.0286825022	-0.0015869418	0.0805075025	-0.1294322731	0.0243161	0.0562293558	0.0751815007	-0.3011479868	0.0009992805	-0.0649548325	0.0620092427	0.0910076243	0.034880992	-0.0741450286	0.0356338496	0.0728194389	-0.1212615189	-0.0140588828	-0.1639252201	-0.0666559919	-0.0186401872	-0.0480808069	0.0809048356	-0.0519752031	-0.015707033	0.1081821995	-0.0906087122	0.1324280002	0.0890908428	0.1031635179	-0.212440037	-0.0076994607	-0.098350213	-0.1301329593	-0.0846041808	0.0596883944	0.0001880866	0.0909930718	-0.0547738557	0.0104509256	0.0532594548	-0.1177787556	0.0979495952	0.0040935496	0.1359715065	-0.1639277767	0.0847263094	0.1695074084	0.1109488906	0.0616009311	-0.0050684204	-0.0703125971	-0.003435679802763	0.0257127815906131	1.1803895707113606e-05	0.0006611471371265	-0.000450999315376	0.0040525794842381	2.034003824696207e-07	1.6423400476067542e-05	0.0270617091573228	-0.0514467416491513	0.0007323361025155	0.0026467672263145	0.0011057053682064	-0.0014995293787214	1.2225843612804508e-06	2.248588357648588e-06	0.0004930400588836	-0.0012533740883029	1.5709466052291256e-06	2.430884996639437e-07	-0.0008327726346295	4.00483023260006e-06	1.603866519194745e-11	6.935102609877586e-07	0.0	0.0	0.0	0.0	0.0	0.0	0.0	0.0	0.0	0.0	0.0	0.0
751.0441449923775	4.943924222856367	564067.3077273313	24.442386721345933	1209.487355353424	1.875457637217778	1462859.6627598195	3.5173413489984906	705.7556075348431	2.9943087989877317	8.96588518369535	498090.97756687546	802.38836309344	668.2293684828338	1.000071	43.969986	0.3793325582190675	0.1779543124624667	0.1199995023	-0.0212745262	-0.009180402	0.0633461867	-0.056392473	0.0373679125	0.0025102529	-0.0957800012	-0.0212300876	0.007489208	0.104443487	-0.0173371559	0.0362585675	-0.0479525093	0.2410332878	-0.1100722067	-0.1112665859	0.0689893358	-0.3259671283	0.1586390816	-0.0677069166	-0.1407108287	-0.0998982694	-0.0174000315	0.0138459603	-0.027968153	-0.0029500965	0.2274059238	0.0930490411	-0.021335753	0.1085510078	0.0355003272	-0.0581601688	-0.0619911402	0.1491147562	0.0068766651	-0.0520177184	-0.0417947339	0.1056676487	-0.1150070045	0.120721609	0.0420755129	0.0488658896	0.0782971149	-0.0467588432	0.0168198432	-0.0805720382	0.0204988962	0.0944034921	0.0732865443	-0.0324824803	-0.0797767292	0.0976577244	0.0431123937	0.0689951843	0.0332334706	-0.0420400671	-0.031520878	0.1392642896	-0.1124020896	-0.0118065117	-0.0646098368	-0.0945165656	0.1961738206	-0.0660508315	0.0550833346	0.1555451505	-0.0756119094	-0.0240461032	-0.0810814119	-0.0434826639	0.0650529948	0.0160867288	0.0538994018	0.0002718643	0.0993839474	-0.0326595834	-0.1947195444	0.2726288596	0.1047629876	-0.0330159334	0.1328652161	-0.0728774153	-0.1343619059	0.0906950572	0.0095779733	-0.0226875891	0.0882688471	0.0091896702	0.0382412643	0.1263837328	-0.0535088828	-0.2324374441	0.0416462891	0.0945331768	0.007568384	0.0425002348	-0.022211047	-0.0258778366	-0.0473094902	0.1381691205	-0.1588697402	-0.0194246299	0.1659119827	0.0488961335	0.1228851974	-0.1029994868	-0.1679609677	-0.0688248518	0.3669335957	0.1091829923	0.0555787436	-0.0151740128	-0.0812449131	0.0322182618831163	0.0356539416858793	0.001038016398769	0.00127120355774	-0.0219065718393949	-0.0214555725240189	0.0004798978897545	0.0004603415923334	-0.0768174098214515	-0.1038791189787742	0.0059009144516768	0.0107908713598063	-0.0001252821317347	-0.0012309874999411	1.5695612531990725e-08	1.5153302250112397e-06	-0.0002860958772734	-0.000779135936157	6.070528070112449e-07	8.185085099283636e-08	0.0015239824298803	0.0023567550645098	5.554294434092592e-06	2.322522446583864e-06	0.0	0.0	0.0	0.0	0.0	0.0	0.0	0.0	0.0	0.0	0.0	0.0
746.8488197789048	-4.195325213472643	557783.1596051431	17.600753646799273	1202.0766065397315	-7.410748813692408	1444988.1679900766	54.91919797964343	705.8943356756536	0.1387281408104854	0.0192454970527338	498286.8131389722	806.8911065803821	693.1332629239955	1.465707	64.442543	0.5848571228488577	0.3945665858971434	-0.1007055793	-0.0144760337	-0.0369594649	-0.1698836282	0.1123737258	0.0180118958	0.1066194318	-0.0718590043	0.1677228917	0.0088289373	0.0205848626	0.0096008505	-0.0748401455	0.0628702659	0.001856701	0.1698968893	-0.0980622156	-0.1268865372	0.011081319	-0.1110502552	0.008865019	-0.0999722738	-0.1736544218	0.0482009742	0.1155868656	-0.212196001	0.0210454424	-0.1106921895	-0.0377474286	0.0257911886	0.0264307997	-0.0629882423	0.1903796716	-0.1326994586	0.1624205692	-0.0406779189	0.067275066	0.1055601845	-0.1901684438	0.0897447799	0.0189239252	0.0313536331	0.0656051018	-0.0214716612	-0.0981615483	0.1106390798	0.0580098788	0.1410805869	0.0723700561	-0.1363030735	-0.0232572703	0.0366456382	-0.13922116	0.0314932736	-0.0853272935	-0.020190489	-0.1173904433	-0.2357499924	-0.1997080088	-0.0172662872	0.172176883	0.1393113635	-0.2514208083	0.0736362634	0.2302946281	-0.1633541227	0.3093146169	0.060977141	-0.1343645271	0.1111795667	-0.1100217478	0.0985168724	-0.1979764159	0.0039876174	-0.0336537073	-0.1431014345	0.0419438679	-0.0274415925	-0.0669552502	0.0601665901	-0.0894139572	-0.0257096768	-0.105988428	0.0216353054	-0.0209685566	0.1913753651	0.020891324	-0.1272297967	-0.104825622	-0.1739023027	-0.0412217305	-0.1362356692	-0.4026841662	-0.4039076375	0.2792541814	0.0674494159	0.0391356576	0.068926073	0.4625391111	0.1210710633	-0.1189807272	0.0314940298	-0.0564447912	-0.1257133295	-0.2295000896	-0.1439532168	-0.0175052931	0.0398194819	0.0121443293	-0.0769398552	0.1073422654	0.0494042187	-0.0251860523	-0.0912870929	0.0729136641227228	0.0406954022396064	0.0053164024158012	0.0016561157634433	-0.0690862927404651	-0.0471797209010702	0.0047729158446212	0.0022259260643028	-0.4632386732958125	-0.386421263474361	0.2145900684368644	0.1493213928651215	-0.0001079964464113	1.7285685323399993e-05	1.1663232437468792e-08	2.9879491709960586e-10	-0.0019961118545692	-0.0017100159772958	2.9241546426069104e-06	3.984462535951692e-06	0.0020078954919375	0.0004839130620571	2.341718516295753e-07	4.031644306542935e-06	1.0	0.0	0.0	0.0	0.0	0.0	0.0	0.0	0.0	0.0	0.0	0.0
749.8391123468228	2.9902925679180044	562258.6944050712	8.941849641745653	1209.5685123001017	7.491905760370173	1463055.9859478814	56.12865192226778	705.4158503188542	-0.4784853567994105	0.2289482366714592	497611.521881072	809.1341850481942	701.8141454109084	1.242557	54.631336	0.3533571166179802	0.1564523768723534	-0.2058073651	-0.0419902539	-0.0256052578	-0.0570558541	0.118655259	-0.0242844595	0.2959622955	0.1257135387	0.0934879622	-0.1137840715	-0.1633820778	-0.1014190144	-0.1168079446	0.0922249455	-0.0579118976	0.1666061725	-0.0758572458	0.0252327493	-0.1326569231	-0.060487521	-0.1555353277	0.0528227509	-0.0012197289	0.0065566814	-0.0873181808	-0.054791122	-0.1103968867	0.0053494402	0.0566715982	0.0912460431	-0.0269233157	0.0073444252	0.0168576592	-0.1224192884	0.1252593103	0.0124161537	-0.0018853199	-0.1540084515	0.0219581634	0.0624363695	0.0311963485	-0.0005389249	-0.0695763125	0.1323570058	-0.0211537776	0.0964898342	0.0573973047	0.1049476868	-0.0659411385	0.1007467495	0.1712396731	0.1328361912	-0.1955624781	-0.1072650445	-0.0073758219	-0.1268740592	-0.0256937612	-0.0494380355	-0.0271682852	0.0489807556	0.1166759567	-0.1951664053	-0.1495098529	0.1761860734	-0.1081899511	0.1089118541	-0.141913832	-0.0213354112	-0.0661584256	-0.1059668228	-0.1152537411	-0.1049220049	-0.1206740028	0.0912183271	-0.014514723	-0.0650246604	0.0936372107	0.1800909909	-0.0670566516	0.0947999452	0.0132846871	-0.0613157681	-0.141275701	-0.0764538988	-0.2133074079	0.1097994084	0.0074284402	-0.2283797205	-0.1022849775	-0.1360800546	-0.1247391597	-0.044254161	-0.1614073193	-0.0183254502	0.0539799394	0.0824241783	0.0191369197	-0.0441487622	-0.0600473312	0.084002626	-0.0292448729	0.220742054	0.2763919072	-0.0218378031	0.1499384134	0.0851448107	0.182186897	-0.0812172015	0.1976694086	0.0062590816	0.1054279714	0.0430942802	-0.0350428114	-0.1003291122	0.11507695561626	0.0421632914935372	0.0132427057139066	0.0017777431495689	0.0164062758104677	0.0854925685509328	0.0002691658859691	0.0073089792774359	-0.5188307892066177	-0.0555921159108052	0.2691853878287618	0.0030904833514404	-0.0025509359401399	-0.0024429394937286	6.507274170697435e-06	5.9679533700189485e-06	-0.0025870404144043	-0.000590928559835	3.491965628287852e-07	6.692778105761173e-06	0.0023762102516279	0.0003683147596904	1.3565576220579726e-07	5.646375159941528e-06	0.0	0.0	0.0	0.0	0.0	0.0	0.0	0.0	0.0	0.0	0.0	0.0
748.0763043156614	-1.7628080311613985	559618.1570785781	3.107492154727126	1208.8812682641803	-0.687244035921367	1461393.9207600132	0.4723043649094891	707.0753430063561	1.6594926875019382	2.7539159798724056	499955.54068755615	808.0800959372375	675.5275026818588	1.013565	44.563271	0.2245413703550998	0.12391294969916	-0.125065023	-0.0134752872	0.0459216483	-0.0184549803	0.1305191216	-0.0773645381	0.0237109601	0.0722295207	0.0760355767	-0.0471556365	-0.1298201197	-0.088265593	-0.1422293345	0.070110804	0.0534203982	0.0148169882	-0.1401148898	0.0222300792	0.0588408408	0.1069737028	0.0747733558	0.0186846466	-0.0911315961	0.2311040036	-0.1755234288	-0.0263727965	0.0425750066	-0.0857648181	0.1662814987	-0.0741198687	0.0989823248	-0.2016335769	0.1410729775	0.0993495993	0.0538090256	-0.111301885	-0.089987945	0.0510406338	-0.0714018694	-0.0560989016	-0.0318766609	-0.0250180781	0.0864051865	-0.0417171176	-0.1751372968	0.0015839583	0.020833093	-0.1050881504	-0.071156927	0.1070636383	0.0360003894	-0.2153272962	-0.0866755287	0.0499474135	-0.0545296292	0.0180820517	-0.0642833594	-0.042685608	0.0700319996	0.0806798696	0.0467259919	-0.0740361893	-0.2472239352	0.047479736	-0.0512888629	-0.1269243446	-0.0775246589	-0.1466316279	0.0899534264	0.12530195	0.2210088455	-0.1248295528	0.0220902654	-0.0164185287	0.1502854167	-0.0826576331	-0.0879592071	-0.1557033669	0.0029543622	0.0193599938	0.0801214605	0.0877150034	0.1098639703	-0.0039185548	0.1496206267	-0.0251086446	-0.0109891715	-0.1410393477	0.0215325767	-0.1156168158	-0.1146192427	-0.0011788328	-0.0592722184	0.0265998441	0.0966721155	0.0399817168	-0.0295639243	0.0119863883	-0.0850469185	-0.0824815343	0.0637898872	-0.0086040123	-0.0020378293	-0.0959079263	0.164386012	0.0032629722	0.0732863681	-0.094703715	0.0820052273	0.0494786492	0.1034414224	0.0366662233	-0.0446835199	-0.1082719048	0.0892989534603998	-0.0257780021558601	0.0079743030891226	0.0006645053951475	-0.0132474005694689	-0.0296536763799366	0.0001754936218479	0.000879340522846	-0.4215182100898147	0.097312579116803	0.1776776014373211	0.009469738054364	-0.0034066248605144	-0.0008556889203745	1.1605092940274756e-05	7.322035284516781e-07	-0.0023469842090371	0.0002400562053672	5.762698173529932e-08	5.5083348774695015e-06	0.0020360131233196	-0.0003401971283083	1.1573408610921405e-07	4.145349438329632e-06	0.0	0.0	0.0	0.0	0.0	0.0	0.0	0.0	0.0	0.0	0.0	0.0
748.9953642211206	0.9190599054591077	560994.055624729	0.8446711098225037	1212.700592473067	3.819324208886656	1470642.7269845277	14.587237412587676	707.2610310602237	0.1856880538675795	0.0344800533491291	500218.16605637065	810.2965623495787	676.0791614405916	0.90095	39.611954	0.1134219193100226	0.0726788795031082	-0.1269816567	-0.0259047277	0.0489935604	-0.0418065492	0.0528693024	0.0624045023	-0.0721766876	-0.0339211076	-0.0168152153	-0.0169941308	-0.1310709613	-0.0102808882	-0.0539496786	0.0943835132	0.0247588755	0.0324966146	0.047270133	-0.0098185505	0.1354516589	-0.0591593884	0.1084480912	-0.1567331889	0.0112230365	0.0432520748	-0.1694770755	0.019286822	0.0911525529	0.0133637868	0.0343226039	0.0213653111	-0.0601898187	0.0129903218	-0.0538971417	0.0615545127	0.1702451445	0.0393158987	0.0363393713	0.0028401615	-0.0258541927	0.0300662522	-0.1155603447	-0.2342415653	-0.1019696395	0.1098441759	0.0759567779	-0.1778765856	-0.1271964795	0.1732714535	0.0186659494	0.0453629245	0.0134308529	0.2182742201	-0.1107013734	0.0293846693	-0.0113317711	0.0207881225	0.0438776545	-0.0473484817	-0.0739426347	0.0091162935	0.0644188905	0.0651174822	-0.0378531553	0.0840869874	-0.0359264868	0.067137503	-0.2363835534	0.0016767049	0.0796751207	0.0619232551	-0.0435795946	0.1400149509	0.152032112	-0.0986224029	0.0454315476	-0.2524002386	-0.1357051994	-0.0099469966	0.0709807734	0.0445094003	-0.1133390751	0.1582341138	-0.0578208426	0.0312561906	-0.1357493122	-0.0869386545	-0.0161169144	-0.147724218	0.0055712579	-0.1016643865	-0.1368152285	0.0186869347	-0.0310821634	0.0406112801	0.0420549929	0.0562527059	-0.048492168	0.0073482439	-0.1465647654	0.1412644188	0.0137199358	0.076545552	0.1489109321	-0.0913640093	0.067817797	0.0626271605	0.0700381404	0.0069343938	0.1188885167	-0.0737711553	0.1013839798	0.0301376669	-0.0540487397	-0.1150284477	0.0892752931142979	-2.3660346101905816e-05	0.0079700779606438	5.598119776619696e-10	0.0522352946350679	0.0654826952045368	0.0027285260056123	0.0042879833712502	-0.4208772336527957	0.0006409764370189	0.17713764580723	4.108507928135617e-07	-0.0042750604317568	-0.0008684355712424	1.827614169517264e-05	7.541803413991136e-07	-0.0024218635475417	-7.487933850460014e-05	5.6069153348864925e-09	5.865423042911269e-06	0.0020338362866193	-2.176836700299757e-06	4.738618019771935e-12	4.136490040769384e-06	0.0	0.0	0.0	0.0	0.0	0.0	0.0	0.0	0.0	0.0	0.0	0.0
750.3927014048638	1.397337183743275	563089.2063216891	1.9525512050715876	1211.271164109035	-1.4294283640319918	1467177.8330020567	2.0432654478991763	710.2319621786521	2.970931118428439	8.826431710446455	504429.4401001383	809.4398434312059	672.4551445043483	0.881299	38.747925	0.1465682235880357	0.0858459744903361	-0.0739112112	-0.0179117757	0.0494792313	-0.0329951027	0.0065724301	0.0254861363	-0.0602862164	0.0100012733	0.0582005597	-0.0031620389	-0.0613035862	-0.059830617	-0.0692850779	0.152502388	0.0995941278	0.0998030144	-0.165490178	-0.0685606402	-0.0108325645	0.1056893107	0.1051904583	0.1519605339	0.0574313729	-0.0190638972	-0.0276280813	0.036816689	0.0250097002	0.223606858	0.0775530995	-0.0387282098	0.0332577906	-0.0056051106	-0.0757296074	0.0400740675	-0.172514794	0.0553637967	0.1013152514	-0.0592248701	0.0744305932	-0.0649475015	-0.001616735	0.1755400958	0.0444422031	0.0017318237	0.0516622663	-0.1106703664	0.0554720932	0.2054085941	0.1125268721	-0.0331745279	0.0435382731	0.0843999529	-0.0487549648	0.0466967492	-0.0208275045	0.0400683568	0.0254417297	-0.0757698129	-0.0772220715	0.0899193048	0.0504259706	-0.0770737051	-0.0247505724	-0.0251962911	-0.0898731872	0.0080128226	0.0399384385	-0.1139482871	0.1819049419	0.0457507163	0.12942254	-0.1689725679	0.1205480733	-0.0849935349	-0.0874948214	0.1053810183	-0.0280035631	0.050251019	0.1670979171	-0.035432414	-0.0391707463	-0.2246651728	-0.0760665445	-0.1043230714	0.0139169291	-0.0879546244	-0.0152191574	-0.0914192265	0.0519302049	-0.0979813383	-0.1362608847	0.0094357247	-0.0370552535	0.0332217193	0.0234315965	0.1231919698	0.0496627779	0.0198373444	-0.1161451779	-0.0249192145	0.135733168	-0.0388497241	-0.0497317765	-0.1412328359	0.1017657407	0.0023665326	0.0122106908	-0.0536338138	0.0032860286	0.1381122741	0.0992570537	0.0235265052	-0.063080731	-0.1205247148	0.0942987969715574	0.0050235038572594	0.008892263110283	2.5235591003901056e-05	-0.0115073398781078	-0.0637426345131757	0.0001324188710702	0.0040631234546802	-0.3599878143469652	0.0608894193058305	0.1295912264783051	0.0037075213834012	-0.0039380563947324	0.0003370040370244	1.550828816809275e-05	1.1357172097074328e-07	-0.0024210234318056	8.401157361001728e-07	7.057944500431353e-13	5.861354457351765e-06	0.0020342454520942	4.0916547489966773e-07	1.6741638584987065e-13	4.138154559365936e-06	0.0	0.0	0.0	0.0	0.0	0.0	0.0	0.0	0.0	0.0	0.0	0.0
750.3005656806585	-0.0921357242053773	562950.9388607161	0.0084889916748493	1214.7523542583317	3.481190149296708	1475623.282176159	12.118684855560437	709.0810872312708	-1.1508749473813396	1.3245131445100011	502795.98826908105	813.1533221076517	679.2560740330773	0.856878	37.67424	0.0947748113323422	0.0502260536445543	-0.0778307107	-0.0282748151	0.0279505303	-0.0460482685	0.0641819764	-0.1036947746	0.0880497641	0.0718101871	0.0592943607	-0.0333430888	0.0010545804	-0.0996458901	-0.0495466239	0.1102343943	-0.0217716664	0.0168960065	0.0570948682	-0.0072438594	-0.06905684	0.0889567008	0.056319495	0.1168027253	-0.0028737618	0.0175100826	-0.0838857726	0.0753052511	-0.0248100293	0.070558883	-0.2479969243	-0.0496260482	0.0139184565	0.0329196772	0.0723933125	0.2023966149	0.0535387484	0.1760299474	-0.0870019631	0.0832030318	-0.0754387683	-0.0106599751	-0.1249423984	0.0958554734	-0.1709049755	0.0263299468	-0.1111507294	-0.112727704	-0.0519519967	-0.0255115807	-0.0670586865	0.0277839961	0.007324218	-0.0387714721	-0.1019717863	0.0139247401	-0.0629573512	-0.0530995893	-0.0454171092	0.0555301155	-0.0124319025	0.0927300582	0.0968349379	-0.1416234589	-0.0106406384	-0.0694495902	-0.0799581508	0.1789110289	0.0916871901	0.0748643154	0.0435246297	0.0262545021	-0.0417776356	-0.156091683	0.0509331589	-0.2187468344	0.1511768895	-0.0584927611	-0.0333565989	-0.1326765073	0.0111786234	-0.0422476488	0.0510978968	0.0097651328	-0.0012755651	-0.0794759608	-0.0594323475	0.1176867996	-0.0264438205	-0.0752451794	0.0248497637	-0.0952764906	-0.130765481	0.0178041477	0.0096943159	0.0542182473	0.0225198397	0.0454819648	0.0349209449	0.0357178158	-0.1788434966	0.0131139589	0.1373236238	-0.0195437261	-0.1970211597	-0.076570674	0.0525128572	-0.0445650825	0.0264334868	0.0590940184	0.0348898756	-0.0345510678	0.0970621018	0.016850859	-0.0717238087	-0.124700488	0.1042003147417318	0.0099015177701744	0.0108577055922759	9.80400541530796e-05	0.0352469857333517	0.0467543256114595	0.001242350003287	0.0021859669633823	-0.3764046206881986	-0.0164168063412333	0.1416804384754266	0.0002695115304455	-0.0041827460943944	-0.0002446896996619	1.7495364890171604e-05	5.987304912067954e-08	-0.0022322653655417	0.0001887580662639	3.562960757968686e-08	4.98300866219702e-06	0.0020348409183578	5.95466263600148e-07	3.5458007108592097e-13	4.140577563023215e-06	0.0	0.0	0.0	0.0	0.0	0.0	0.0	0.0	0.0	0.0	0.0	0.0
747.944986566061	-2.355579114597504	559421.7029293051	5.548752965127959	1215.1009523065052	0.3485980481734714	1476470.3242961755	0.1215205991903538	707.8280699187328	-1.2530173125379631	1.57005238551986	501020.5765648785	809.1146886643725	666.5681461840444	0.912671	40.127258	0.1990488531999445	0.1008894481131126	-0.0133721341	-0.0283095647	0.0763255945	-0.0182451338	-0.0323865988	-0.0323573749	-0.070376513	0.0988677689	-0.0322836702	0.0275958517	-0.077395127	-0.0905709654	-0.0551652142	0.0226328279	-0.007380892	0.0221493508	-0.1043592987	-0.1042799045	-0.0261829666	0.1258868657	-0.0315877735	-0.1055883671	-0.0494755384	0.0062908999	0.1063595312	0.3126102301	-0.0144463451	-0.0818367781	0.0030296692	0.0518328813	0.0304893617	-0.1094734753	0.0015897374	0.1784033896	-0.0792093207	0.1338978752	0.0169534667	0.0096425971	-0.0463621894	0.0652188806	-0.0508237815	-0.0415739801	-0.1020680408	0.0462917758	0.0109691251	0.1295863929	0.0959941192	-0.0158961653	-0.0505582218	-0.1070658489	-0.0425161524	-0.0070012834	0.0006337134	0.0060836574	-0.020400434	0.0760555007	-0.007719688	0.0569572794	-0.0077584015	0.1045184314	-0.0972326252	-0.0480649612	-0.0604352346	0.0262675335	-0.0637341391	0.165696232	0.060231836	0.0685896453	0.1637390396	-0.1706102564	0.1819224167	0.0657726012	0.0433607784	-0.1283900399	0.0340736879	-0.066965932	0.1883880712	0.0073129383	0.0159350279	-0.0102512131	-0.0520088981	-0.0166677879	0.1051768567	-0.0133557727	0.0588049786	-0.0201687891	-0.0292793332	-0.0248828968	0.0590828736	-0.0801813605	-0.1595311964	-0.0353875096	-0.0484621023	0.056393105	-0.0246860496	0.1289787098	0.0974883063	-0.0340190592	-0.0859233638	-0.0614303097	0.1392757504	-0.0473740693	-0.0930599259	0.0109086855	0.0383083587	0.1085367727	-0.1106226205	0.1259713245	-0.0590606274	-0.0646307115	0.0948006283	0.0101290257	-0.0799246852	-0.1275100165	0.126631050633776	0.0224307358920441	0.0160354229846139	0.0005031379126586	-0.0086980908809408	-0.0439450766142925	7.56567849731055e-05	0.001931169758636	-0.2994158377583957	0.0769887829298028	0.0896498439005619	0.0059272726970123	-0.0037770302058941	0.0004057158885002	1.4265957176236427e-05	1.6460538218158745e-07	-0.0029383537257383	-0.0007060883601966	4.985607724051237e-07	8.633922617560149e-06	0.0020329600117786	-1.8809065791998425e-06	3.5378095596772534e-12	4.132926409490846e-06	0.0	0.0	0.0	0.0	0.0	0.0	0.0	0.0	0.0	0.0	0.0	0.0
749.1444613610098	1.1994747949488556	561217.4239878776	1.438739783717599	1214.8546208123475	-0.24633149415763	1475871.7497091128	0.0606792050139305	705.6529389518761	-2.175130966856728	4.731194722979081	497946.07025142014	807.6122816909883	661.4318902960321	0.8653309999999999	38.045879	0.1108674236165617	0.0575245191977879	0.0052818748	-0.0194121013	0.0653883368	0.0260999368	-0.0357716153	0.0734981931	0.0279920095	0.0428908175	-0.0666607048	-0.0688640614	-0.0208701536	-0.0965756906	-0.0195953644	-0.0662788669	-0.0598682133	-0.0478451615	-0.2952169944	-0.0208883666	-0.0288624708	-0.0431461722	0.0273645672	0.1284155958	-0.145252121	-0.1674878893	-0.0008196378	0.0808124958	0.0692941241	-0.0744222561	0.0298958102	-0.1604558531	-0.1237570438	-0.0399135994	0.0915301902	-0.1331225244	0.0798016222	0.095146244	0.2809357728	0.0591709048	-0.0102023911	-0.0093203288	0.1363131403	-0.1368978301	-0.0298007644	0.0152093806	0.008002188	-0.0577548979	-0.1566399989	-0.1285308649	-0.1250651974	-0.0681207194	-0.0188326673	-0.0845950106	0.0030148276	0.0145247352	0.0774444826	0.0255703003	0.0408334034	-0.0066264624	-0.0946635674	0.0573422743	0.0993286182	-0.079164959	0.0631824292	0.0773031657	0.0487842279	0.0605125999	0.1346810893	-0.0964369089	0.0460870759	-0.1112185645	-0.084082701	0.0639665643	-0.1417366244	-0.1172704003	0.0230334098	0.0341847553	0.0015387224	-0.032163889	0.0492223219	0.0212284197	0.0590730271	-0.0724314696	-0.0220590143	0.168898623	0.1014738454	-0.0199134436	-0.026391786	-0.0071419178	0.0622560125	-0.0766238461	-0.1327563033	-0.0243300508	-0.0345221818	0.0403415019	-0.0167197748	0.0640027525	0.1040784564	0.1171965635	-0.1195755336	0.0515292449	0.0197885443	-0.1716605708	-0.0719051461	0.0344459651	0.03999424	-0.0351625251	-0.0695402823	0.0523002833	-0.1152833163	0.0313976923	0.0924741833	0.0033794295	-0.0876327994	-0.1289225186	0.1266858035057225	5.475287194650624e-05	0.0160492928098905	2.99787698639051e-09	0.0148457281774767	0.0235438190584175	0.0002203956451195	0.0005543114158555	-0.256368582640853	0.0430472551175427	0.0657248501652798	0.0018530661731548	-0.0040971015308325	-0.0003200713249383	1.6786240953950014e-05	1.0244565304782277e-07	-0.0023751812552399	0.0005631724704984	3.171632315272713e-07	5.641485995242987e-06	0.0020341481477149	1.188135936300034e-06	1.4116670031275585e-12	4.137758686851959e-06	0.0	0.0	0.0	0.0	0.0	0.0	0.0	0.0	0.0	0.0	0.0	0.0
752.8082405732551	3.6637792122453448	566720.247075	13.42327811608112	1215.773763372095	0.9191425597473426	1478105.8437039466	0.8448230451388973	708.3927574274611	2.739818475585025	7.506605279157052	501820.29877568176	806.4597377970542	673.215836113663	0.8987159999999998	39.513706	0.1655505383735247	0.0864173890753042	0.0393052294	-0.0204535665	0.0029839576	0.0599250268	-0.0681852007	0.0703682052	0.0910108509	0.0379428654	-0.0360016062	-0.0731204822	0.0514815629	-0.0670548109	0.0169931077	-0.0241528391	0.061664609	-0.0167411918	-0.006300414	-0.1015411744	-0.0012691373	-0.1954014276	-0.0213739077	0.0458945919	0.0363809451	-0.0145694477	0.1151967668	0.0283469743	-0.0307968647	-0.0951829965	-0.123431849	-0.0158154227	-0.2058932922	-0.099316859	-0.1246621236	0.0027309272	-0.0923229319	-0.1405648953	-0.0938952208	0.054511928	-0.0009987843	-0.0260579332	0.2068640406	0.1304855301	-0.113107621	0.0538767043	0.0081835762	-0.0005155183	0.0550339695	0.0554054398	-0.1454455179	0.0522813974	-0.0525332165	-0.1002934638	0.0603070941	-0.0181851615	0.0893077129	0.0324708208	0.0215713045	-0.0373673302	0.0599732154	0.0361094629	0.1176309129	-0.1354865846	0.0358849885	-0.0413036193	0.0470790912	0.0905856306	-0.0081469023	0.0405217418	0.0179986998	-0.0856757065	0.0953714122	0.0488619037	-0.0844975098	0.0402791093	-0.0499610069	0.1558802408	-0.1207654801	0.0443648814	-0.1410432207	-0.1430940691	0.2381755604	-0.046599608	0.0632755449	-0.004551529	-0.255090539	-0.1650786368	-0.0316035928	0.0471148824	0.0693654241	-0.0700147013	-0.0614162497	-0.0067748737	0.038117069	0.060445795	-0.0503970574	0.1263098463	0.1244102153	0.0091317258	-0.0790252827	0.0670720973	0.0083986008	-0.1748491039	-0.0847443138	-0.0018504642	-0.0519007399	-0.1085592253	-0.061288543	0.0560226891	0.1308516927	-0.0859450218	0.090084361	-0.0033794295	-0.0948006283	-0.1289225186	0.1075933945390943	-0.0190924089666282	0.0115763385484452	0.0003645200801489	-0.0046128515630101	-0.0194585797404868	2.127839954236472e-05	0.0003786363255168	-0.1964428752637133	0.0599257073771397	0.0385898032418748	0.0035910904046505	-0.0048312270163498	-0.0007341254855173	2.3340754483508195e-05	5.38940228486012e-07	-0.0017689278982677	0.0006062533569722	3.675431328400618e-07	3.1291059092697825e-06	0.0020352461510108	1.0980032958997354e-06	1.205611237806682e-12	4.142226895204275e-06	0.0	0.0	0.0	0.0	0.0	0.0	0.0	0.0	0.0	0.0	0.0	0.0
753.4404973502545	0.6322567769993839	567672.583047399	0.3997486320616486	1218.5734775184926	2.7997141463977187	1484921.3201115122	7.838399301539506	709.8247118629401	1.4319544354790423	2.050493505288103	503851.121571306	808.446351583299	677.4539751531953	0.900879	39.608826	0.2251006117000991	0.1057384287960979	0.1259155734	-0.053646821	-0.0386630501	0.0328524263	-0.0554630013	-0.0336220059	0.0989498471	0.0394836487	0.0678918261	-0.023403442	0.1854620629	0.0055508195	0.0934076091	-0.0555161965	0.0755434223	-0.0333512984	0.0420209134	0.0487755487	0.1828029857	-0.0314661396	0.0443651388	0.0738922763	-0.0432949638	-0.0006686666	-0.1186807562	0.1915406586	0.008814038	0.0514595088	0.0857035253	-0.0756803758	-0.0137818033	0.161221114	0.0213676934	-0.1713923623	-0.058409334	0.0092400448	-0.1159644093	0.1216035504	-0.1025505776	0.1286755408	0.0100014951	0.0405997932	0.0514882959	0.0765455177	0.0977459727	0.0769235878	-0.0991551215	-0.0695673889	0.1988022781	0.0609502862	-0.0539761079	0.0503167928	0.0830471107	-0.0384653048	0.0330741723	-0.0110151076	-0.0549156885	0.0470036709	0.0678510221	0.0684440852	0.1560454504	-0.0244811241	0.1412094304	-0.1573927992	-0.0472750196	0.0508626821	0.0731043805	-0.0060589526	-0.0002447841	0.1394415898	0.0183274111	0.1348711222	0.0350736114	-0.0827985272	-0.0263084004	-0.0150376499	0.1211758515	0.008546196	-0.1602102042	-0.0260778179	-0.079707179	0.1496140458	-0.0730781389	0.0903949298	0.1070942618	-0.0525916849	-0.0609314609	0.1251347817	-0.0001178409	-0.0432696514	-0.011274239	-0.0232811133	0.0035103074	-0.0009744849	-0.0556976167	-0.0180559876	0.1243606398	0.0064474727	-0.004276085	-0.0534225067	0.0592423617	-0.0832655315	-0.1550633124	0.0494911751	-0.1926912225	-0.0685061009	0.0950289839	0.0647205663	-0.0335646984	0.0092864057	0.0876327994	-0.0101290257	-0.1013839798	-0.1275100165	0.0917040383472027	-0.0158893561918916	0.0084096306491852	0.0002524716401928	-0.0106763945527035	-0.0060635429896934	0.0001139854006449	3.676655358785997e-05	-0.1221496292929842	0.074293245970729	0.0149205319364134	0.0055194863968672	-0.0034407047615837	0.0013905222547661	1.1838449256384746e-05	1.9335521409998e-06	-0.0009898040727052	0.0007791238255624	6.070339355591448e-07	9.797121023438011e-07	0.0016278029003837	-0.0004074432506271	1.660100024815778e-07	2.6497422824975858e-06	0.0	0.0	0.0	0.0	0.0	0.0	0.0	0.0	0.0	0.0	0.0	0.0
753.7619785492037	0.3214811989491863	568157.1203064102	0.1033501612778063	1217.5538396888016	-1.0196378296909645	1482437.352540944	1.0396613037368998	707.6625179177772	-2.162193945162926	4.675082656499218	500786.2392657284	806.5540754538763	679.4076421276653	0.884124	38.87215	0.1281108769393999	0.0684892508798479	0.1353565986	-0.0495347267	-0.0435943915	0.0466657822	-0.0905612824	0.010269497	0.0097023135	-0.0333311257	0.0086874553	0.045445566	0.1617097983	0.0071240489	0.1024404649	-0.102046507	0.0330735165	-0.0695841917	0.0019037176	0.2701901018	0.0063967485	-0.0292962523	-0.1087259534	-0.0045673284	0.073425355	0.0762230635	-0.032285813	0.0015951103	-0.1388276463	0.0760610639	-0.0989573607	-0.1024278288	0.0225337019	0.1076532231	-0.0098563905	0.006808657	-0.0110578867	-0.0852767618	-0.0216953313	0.0787296468	0.0538850975	5.20829e-05	-0.0889031912	-0.0360095716	-0.0420639504	0.2905447097	-0.0311546901	0.0047858706	0.0787482028	0.0191376093	0.02499675	0.0125310999	0.1006700862	-0.0146023576	0.1245972087	-0.0502769803	0.0634166662	0.0121985164	-0.020373814	0.0637832429	0.1279822417	-0.0311791189	-0.035983739	0.0754781721	0.026958793	-0.0316270898	-0.0365973722	0.223575744	0.0477500012	-0.1985561758	-0.0943803319	0.0318625407	-0.0787481324	0.0374676349	0.0157742533	0.1554411304	-0.0205326509	-0.0416230568	0.0602688164	-0.1530773155	-0.0538660567	-0.0320859837	0.0985249246	0.0131929971	0.0667553049	-0.038415467	-0.1143394913	0.2762379754	-0.0647639234	0.1397736411	0.0073261891	-0.0596096458	0.0485603016	-0.0416147747	0.0393937204	0.0657351637	-0.0621994737	0.010115273	0.114624282	-0.0141906767	-0.0932397199	0.1503521948	-0.0471623748	-0.0721280462	0.1068626966	0.0154254971	-0.1235948341	0.1213819929	-0.0173695413	0.0532090081	0.0357763104	-0.0833473407	0.0851211787	-0.016850859	-0.1073422654	-0.124700488	0.089216910954434	-0.0024871273927686	0.0079596572002514	6.185802667860423e-06	0.0443829051822746	0.0550592997349781	0.0019698422724187	0.0030315264873061	-0.1033315703622861	0.0188180589306981	0.010677413433536	0.0003541193419192	-0.0042828263197827	-0.000842121558199	1.8342601285423427e-05	7.091687187835124e-07	-0.0009127427730453	7.70612996599001e-05	5.938443905272919e-09	8.33099369746424e-07	0.0015120579406235	-0.0001157449597602	1.3396895709890321e-08	2.28631921580258e-06	0.0	0.0	0.0	0.0	0.0	0.0	0.0	0.0	0.0	0.0	0.0	0.0
756.0506836852315	2.288705136027829	571612.6363009061	5.238171199680164	1217.6226935623758	0.0688538735741985	1482605.0238780954	0.0047408559061717	707.2688740154574	-0.393643902319809	0.1549555218335673	500229.26015109295	805.8236982488729	686.0216910882019	0.911127	40.059376	0.2159993543761089	0.0992269521958933	0.1946540205	-0.0726296349	-0.090508763	0.042756817	-0.0958238577	-0.0153935336	-0.0273504964	-0.0791615915	0.0208722444	0.1519781903	0.1640317542	0.0447667012	0.0128263291	-0.1637491106	0.0387082034	0.0261463456	0.0805877638	0.0844324379	-0.0093285853	-0.0241015547	-0.0429788636	-0.0165773519	-0.0158708168	0.0960366747	0.0680900558	-0.0933943196	0.0511436957	-0.1508847152	-0.0478778178	0.0559875942	-0.0014600763	-0.0191468648	-0.0139157933	-0.0423467954	-0.173849665	0.063237065	0.0739764308	0.1245716808	-0.0685580003	-0.0358585127	-0.0290559099	0.1362074681	-0.0837301458	-0.0181855721	-0.1194592055	-0.0175652824	0.0452706141	0.2242923382	-0.0088124637	-0.0508344329	-0.2382442261	-0.0954469297	0.1282334199	-0.0604138502	0.0774517929	-0.0062105001	-0.0781045467	0.0526911207	0.0170301292	-0.0731804414	0.0548156956	0.1198383927	0.0472495607	-0.0080384139	0.0144285382	-0.1643326718	0.0861767691	0.0247413712	-0.1275521808	0.0111020246	0.0143229359	-0.0590984468	0.0124240744	0.0457564384	-0.0435814704	-0.0449366259	0.0541784938	-0.1544681542	0.0308662779	-0.1917956681	0.1552258546	-0.0206614249	-0.048500777	-0.0337852348	-0.1400290478	-0.1875747238	-0.0745782914	0.1897681967	-0.0639528456	-0.0064793726	0.0246745266	-0.0958244014	-0.0546079412	0.022152726	-0.0734404495	-0.0517248788	0.1297933752	0.0125626066	-0.0072001964	-0.1235241877	-0.0712794723	-0.0478776784	-0.0544821389	0.1604911448	-0.0727171017	-0.0423204564	0.0152184865	0.0662610733	0.241532127	-0.0129797666	0.0825512202	-0.0235265052	-0.1126387502	-0.1205247148	0.0842849601226873	-0.0049319508317467	0.0071039545028829	2.4324139006767004e-05	-0.0036089882733421	-0.0479918934556167	1.3024796357120792e-05	0.0023032218374552	-0.0526272319690406	0.0507043383932455	0.0027696255447232	0.0025709299318967	-0.0027228440690256	0.0015599822507571	7.413879824227887e-06	2.433544622677188e-06	-0.0011920067048776	-0.0002792639318323	7.798834362243555e-08	1.420879984473154e-06	0.0011038806893029	-0.0004081772513206	1.6660866849564026e-07	1.2185525762158454e-06	0.0	0.0	0.0	0.0	0.0	0.0	0.0	0.0	0.0	0.0	0.0	0.0
754.6687848365101	-1.3818988487214483	569524.9748066148	1.9096444280976643	1212.9716627637326	-4.651030798643205	1471300.2546678144	21.632087489927653	707.3354989383997	0.0666249229423101	0.0044388803570687	500323.5080584349	805.3669408678284	690.190023970039	0.878085	38.606636	0.1643665607551436	0.0879399211258824	0.2026576895	-0.1016388756	-0.0995765181	0.0294243267	-0.0612670566	-0.0289913192	-0.0498143784	-0.0767587391	0.0356019268	0.1963316837	0.168517512	0.0256768223	0.0877970962	-0.209504378	0.031975279	-0.0662468384	-0.0904193996	0.0768302283	-0.0776899797	-0.0639597469	-0.0065002953	0.1869057253	-0.0676241529	0.0573123501	-0.0099907687	-0.0845873472	-0.130557116	-0.135912198	0.0602916393	0.0025503462	0.0409303581	-0.0303914938	0.0253542593	0.0994131777	-0.0191686275	-0.0754471353	-0.0815098198	-0.1145792748	0.016621089	0.0210980031	-0.0177653634	-0.0513301584	-0.0909403558	0.050718504	0.1282574196	-0.1704382518	0.0595883056	-0.065580202	0.1990663344	-0.0060538249	0.1235265027	0.0541194959	0.1328420963	-0.0872073961	0.063500655	-0.0129923493	-0.0943837801	0.0894436188	0.1010241818	-0.0807130845	-0.0270213958	0.135191179	-0.0606998841	0.0270490081	-0.0881388337	-0.0749720687	0.1266174089	-0.1719986431	-0.0558358649	-0.0227295595	-0.0188980027	-0.1399693632	-0.1572230777	-0.0292386863	0.060890909	-0.0318917604	-0.0006628437	0.1377933694	0.0141332455	-0.0028361666	0.0888448941	-0.1602210398	0.0638486781	0.0960135019	-0.0085026503	0.0670643995	-0.0997194456	0.1856711626	-0.0822993259	-0.0122168763	0.0616406369	-0.1251403135	-0.0660385953	0.0950451258	-0.077063682	-0.0496494341	0.0601755025	-0.0220376162	-0.0958323095	-0.0729192186	-0.0945189818	0.010557477	-0.0130827239	0.1321601162	-0.1235584911	-0.125024323	-0.0990596142	0.1395606078	0.060888038	-0.1072495312	0.0799246852	-0.0301376669	-0.1172407796	-0.1150284477	0.0890479348583284	0.0047629747356411	0.0079295347025331	2.268592833235547e-05	0.0502326931616892	0.0538416814350313	0.0025233234622764	0.0028989266597513	-0.0836646963149618	-0.0310374643459212	0.0069997814094747	0.0009633241930243	-0.0019640913317043	0.0007587527373213	3.857654759275971e-06	5.757057163925658e-07	-0.0006392642184693	0.0005527424864083	3.055242562808298e-07	4.08658741015165e-07	0.0012868742703443	0.0001829935810414	3.3486650702355466e-08	1.6560453876741746e-06	0.0	0.0	0.0	0.0	0.0	0.0	0.0	0.0	0.0	0.0	0.0	0.0
757.0657577274865	2.396972890976372	573148.5615234933	5.745479040075625	1221.5736758827504	8.602013119017784	1492242.245609695	73.99462969975406	708.5899118612443	1.254412922844608	1.5735517809995527	502099.663191526	809.661677671978	694.0077409934094	1.037914	45.633804	0.3931879210729704	0.1844503268971983	0.0708082539	-0.0995751544	-0.0832761354	0.0260356422	-0.026289834	0.0964270021	-0.0197856959	-0.1900159319	-0.0621085874	0.0612478369	0.045379651	-0.0422810171	-0.0354302302	-0.0800311617	0.0294870816	0.0432553325	0.0385269466	0.0557697029	0.2337995932	0.18797112	-0.1916573323	-0.1279946904	0.1476990881	-0.1129240676	-0.0773063758	0.0152088015	0.0006292579	0.1453935635	0.0789150084	-0.1805216282	0.1270431179	-0.2152405896	-0.2107548183	-0.0247032559	-0.1008735337	-0.0110972417	0.1362441031	0.155590586	0.0588590704	0.0804845786	-0.0555801093	0.0586935775	0.0348966216	-0.0483303928	0.0743447785	0.061661923	-0.1045964395	0.042998193	-0.0662910892	0.1546310647	0.1094400247	0.0365311332	0.0381794504	0.0577398664	0.1030165405	0.0463491856	-0.0320149151	-0.0395100372	-0.1061897033	-0.2238464659	0.0381006947	0.1295737249	0.0381816799	0.0530692103	0.0518542038	-0.0845200257	-0.0833111559	-0.1059057796	0.1662401538	-0.0009450161	0.057471858	-0.0995612441	0.4030706657	0.0739298039	-0.2799324754	0.0223390147	0.206359182	0.001719767	-0.0883447992	-0.0280020943	-0.0832219459	0.0050942946	0.0215640302	0.1401131756	-0.1459153856	0.1210760861	-0.1043562061	0.0686849816	-0.0713916806	-0.0562265718	0.1585177031	-0.0342183086	-0.0101271852	-0.0030032343	-0.096706862	-0.0774855474	-0.1295710265	-0.0176738153	0.0394864337	-0.0279740362	-0.1514714253	-0.1885187365	0.1161611689	0.0420481513	-0.1575920887	0.0503594719	-0.2421218894	-0.0876539125	0.0230446705	0.1043818055	0.0772433738	-0.0366662233	-0.1211199807	-0.1082719048	0.0585604363192118	-0.0304874985391166	0.0034293247018964	0.0009294875671726	-0.0029019569371513	-0.0531346500988405	8.421354065080555e-06	0.0028232910411262	-0.2225413093925752	-0.1388766130776134	0.0495246343861618	0.0192867136599091	-0.0037519422964402	-0.0017878509647358	1.4077070995816962e-05	3.196411072107088e-06	-0.0011072454603748	-0.0004679812419055	2.190064427754142e-07	1.225992509520603e-06	0.0001289232898377	-0.0011579509805066	1.3408504732561963e-06	1.6621214662575604e-08	0.0	0.0	0.0	0.0	0.0	0.0	0.0	0.0	0.0	0.0	0.0	0.0
759.1173085513685	2.051550823882053	576259.0881422736	4.20886078297113	1218.1280116297264	-3.445664253024006	1483835.852716991	11.872602144567482	711.527209086121	2.9372972248767155	8.627714987268455	506270.96926988463	811.0104851094027	715.7167660084946	1.05919	46.569263	0.3865759650422305	0.1980536000238624	-0.0426676491	-0.1174859205	-0.1337858822	-0.026048307	0.0590534151	0.0213933817	0.0697066357	-0.0970883958	0.0677391051	0.0735664962	-0.02615496	-0.0209544355	-0.0584039991	-0.039322676	0.1680494245	-0.0059762261	0.0653979524	0.0913959301	-0.0963203729	-0.1781223481	0.1336599937	0.0564584383	0.1330352423	-0.175977519	-0.0231363177	-0.0702441741	0.1081536589	-0.1595291056	0.0229586596	-0.107632207	0.0685465386	0.0737325146	-0.0440395945	0.0429718699	-0.0125145174	0.0191303953	0.092608333	-0.1707843196	-0.0792744673	-0.076489066	0.0665021792	0.2184799404	-0.1048951428	-0.0445150616	0.0222230866	0.093412286	0.0865060218	-0.0515961718	-0.1157974317	0.0561731032	0.0803770137	0.0538586431	-0.0386372848	0.0128802533	0.0712062865	-0.0108958393	-0.099537658	-0.090796205	-0.0046725265	0.0102910147	0.0219313357	0.0396358258	-0.0431871067	-0.0945651501	0.0627541516	-0.0846644385	-0.0204729426	-0.0133639396	-0.0498572501	-0.0937098054	-0.2334870151	-0.0489191588	0.0460058221	0.0235640894	-0.0108744692	0.04817383	-0.09354432	0.2326806298	0.1837270986	-0.1209326429	0.0652858618	0.0183618626	-0.0431629774	-0.0747140884	0.0625894452	-0.00574673	-0.1012011221	-0.055364374	-0.0977863546	-0.0233838678	0.1113420606	-0.0218530363	0.125768846	0.1091830459	0.0820249998	0.0204463482	-0.1074962558	0.0182414491	0.1225179465	-0.0971759569	0.0132595635	0.086669083	0.0313487246	0.0856222535	-0.2093234784	-0.0123821919	-0.1453378123	-0.3168388472	-0.1787836483	-0.0264162386	0.0745091236	-0.0430942802	-0.1242524367	-0.1003291122	0.1013050494549361	0.0427446131357242	0.010262713045067	0.0018271019521227	0.0173114355762038	0.020213392513355	0.000299685801709	0.0004085812368989	-0.4051170185978563	-0.1825757092052811	0.1641197987576158	0.0333338895918113	-0.0053926023489331	-0.0016406600524929	2.908016009371879e-05	2.691765407846006e-06	-0.0019811931684272	-0.0008739477080524	7.637845964100431e-07	3.925126370622609e-06	0.0004351605330498	0.0003062372432121	9.378124913014689e-08	1.8936468952418609e-07	0.0	0.0	0.0	0.0	0.0	0.0	0.0	0.0	0.0	0.0	0.0	0.0
755.4293224302694	-3.68798612109913	570673.4611874559	13.601241629419802	1217.163651376798	-0.9643602529283726	1481487.3542328996	0.9299906974280748	713.0379421089959	1.510733022874888	2.2823142664046965	508423.1068870318	814.5853462760879	701.0483745791901	0.999634	43.950752	0.1951969631042542	0.0965048409917388	-0.0805683911	-0.1086497086	-0.0641538091	-0.0746303677	0.110058268	-0.1053498445	0.0517431783	-0.0706610422	0.1075215661	0.0546635468	-0.0451675359	-0.0199298398	-0.0741399673	0.0551610108	0.1293289204	0.1053257605	0.1241571749	0.0231626195	-0.0931961446	-0.1679286682	0.0057743628	0.0069459194	-0.0143991558	-0.0120198598	0.1190895752	-0.0145760947	-0.0551867486	-0.0676267123	0.0031178936	0.1245492648	-0.0496971669	0.0909313801	-0.0082914585	0.1363054329	0.0280607302	0.2028977126	-0.1066919019	0.1079704225	0.0252681529	0.0715260296	0.115981848	-0.1383402504	0.1170080755	-0.285353926	0.0449496738	0.1174535266	-0.0561365585	-0.1741281715	0.0302671996	0.0235310424	0.1486152151	-0.0451035728	-0.1075147576	-0.0004363652	-0.047071227	-0.0207733109	-0.1777992882	-0.0436494635	0.0908909437	0.0065736292	-0.105693139	-0.0276897763	-0.0705446637	-0.054952392	-0.1033670883	-0.0100394218	-0.1179186014	0.0816125693	-0.0323642326	-0.0824576347	-0.095749323	0.1075507107	-0.0469858273	-0.0731993353	0.0528802036	0.0314054822	-0.2131684202	0.1697740123	0.0049848359	0.0474320861	-0.1193625362	0.1437167644	0.1686984477	0.0625114898	-0.0146962294	0.0553162084	-0.0928730493	-0.094839656	-0.073370358	-0.0649243874	0.0112866966	-0.0885165817	0.1010256882	-0.0270415854	0.002730688	-0.0374708255	-0.1116574667	-0.0590285305	0.0460865553	-0.1756567962	-0.0786204004	0.119100858	0.0961380517	0.1577617301	0.0226154437	-0.0912126296	0.0813871364	-0.0512247584	-0.1867201507	-0.0803303076	0.0717238087	-0.0494042187	-0.1266188352	-0.0912870929	0.1604693680318831	0.059164318576947	0.0257504180765519	0.0035004165926744	0.0023879901809209	-0.0149234453952829	5.702497104174633e-06	0.0002227092224659	-0.4540519540029706	-0.0489349354051142	0.2061631769339157	0.0023946279031027	-0.0048497868316346	0.0005428155172985	2.352043231229637e-05	2.9464868582003854e-07	-0.0021737868258062	-0.0001925936573789	3.7092316862619565e-08	4.725349164048594e-06	0.0011432366329105	0.0007080760998607	5.0137176319394e-07	1.3069899988285374e-06	0.0	0.0	0.0	0.0	0.0	0.0	0.0	0.0	0.0	0.0	0.0	0.0
753.0154202050829	-2.4139022251864617	567032.2230666376	5.826923952760152	1215.4537432970922	-1.7099080797058832	1477327.8020949136	2.923785641043461	709.4663202521506	-3.571621856845354	12.756482688295456	503342.4595721271	812.5954871496855	694.7451328657249	0.922813	40.573189	0.0834771294514703	0.0500967592135264	-0.0734571892	-0.1134239037	0.0104320256	-0.0778876769	0.1280720943	-0.0713860255	-0.0195829459	-0.0344125481	-0.111942665	0.1048111582	-0.0555154825	-0.013251485	-0.1067363815	-0.0437344597	0.0448056006	0.1618910077	0.0217984916	-0.0089547436	-0.0586761281	0.1263049872	0.1409680928	-0.154873856	-0.0616523143	-0.1035422793	-0.163344343	-0.0509562335	-0.1998787829	-0.0169148829	0.1366877608	0.1171666372	0.0429205398	-0.0416040005	-0.0558989257	-0.1469212148	-0.0712815072	-0.0152651862	0.0169227688	0.0596108188	-0.0273738367	-0.1236619567	0.0586555799	-0.1128260431	-0.0694387056	-0.0651096624	-0.1962735523	-0.0016436591	0.1274930829	0.0089492828	0.0387816759	-0.0418441078	-0.0450684738	0.009810948	-0.0820923585	0.0089766735	-0.0504152575	0.0157047155	-0.1935213264	0.0292897958	0.0248556622	-0.0041966914	-0.113210288	0.0025302271	0.0814540141	0.1007354038	-0.060005689	-0.278452584	-0.1471503263	-0.0429939219	-0.0150137469	-0.0865727658	0.0362137599	0.0513763786	-0.1172927383	0.0427658305	0.0163685507	-0.0426471088	-0.0257526509	-0.1846853639	-0.0959290849	-0.0731267693	-0.0320418945	0.018070714	-0.135652958	0.0268961707	0.2057356773	0.050135634	-0.1062562358	-0.0764405713	-0.0608994347	-0.0469116162	-0.0544941673	-0.0046576945	0.0700582781	-0.0158311635	0.0649031339	-0.1257009862	-0.1056466961	-0.0823405531	0.0693667496	-0.1619999654	-0.0318202677	0.1204966783	0.0929520555	0.1181242428	0.0656766958	0.0195954301	-0.0520043347	-0.0462916358	-0.1575356643	0.0200162151	0.0688893378	-0.0555787436	-0.1282045865	-0.0812449131	0.170467872184389	0.0099985041525058	0.0290592954470731	9.99700852876775e-05	0.0026588946313239	0.0002709044504029	7.069720660483058e-06	7.338922124815138e-08	-0.4185979023457591	0.0354540516572114	0.1752242038482696	0.0012569897789122	-0.0053911290655802	-0.0005413422339456	2.906427260174364e-05	2.930514142532128e-07	-0.0021350706779259	3.871614788029986e-05	1.498940106689247e-09	4.5585267997389625e-06	0.0013182516349116	0.000175015002001	3.063025092544502e-08	1.737787372947106e-06	0.0	0.0	0.0	0.0	0.0	0.0	0.0	0.0	0.0	0.0	0.0	0.0
749.2830372199645	-3.73238298511842	561425.0698655747	13.930682747601487	1218.0524902554507	2.5987469583585607	1483651.8690175049	6.753485753577871	708.7341707597835	-0.7321494923670571	0.5360428791733394	502304.124802558	814.5645472466583	675.9121793466721	0.923201	40.590248	0.0802691633104362	0.0376351289200931	-0.0912031101	-0.1095501117	0.0860375653	-0.0837733127	0.1359927985	-0.0663782089	-0.0194517985	0.0030128477	-0.2382585709	0.0879303091	-0.0770213835	0.0904513474	-0.151197753	-0.0301129099	-0.0569879554	-0.0132018045	0.0924414521	-0.0434036828	0.1975454226	0.0115333485	-0.1889125797	-0.0317688089	-0.0387610317	0.0669846101	-0.0077357002	-0.1109834936	0.0782731337	0.0499668536	0.0170173202	0.0662716983	-0.0428283927	-0.0085337069	0.1898291188	-0.2165641078	-0.0675624146	0.0272452757	-0.1318731559	0.0573157194	0.207410916	-0.0708614108	-0.1212371784	0.0478702798	-0.0679550769	0.1071076173	0.0483367464	0.1566389293	0.0420721196	-0.2551339748	-0.0753835665	0.0582633206	-0.1049275402	0.0242670776	-0.1342190429	0.0114423632	-0.0078528078	0.0303009265	-0.1039996927	0.0709907901	-0.0378411986	-0.0971703584	-0.1121061001	0.0949854519	-0.013194036	-0.0263399772	0.2135843065	0.074673064	-0.1363446692	0.0934333317	0.0043216795	0.0900889384	0.2399997905	0.0593761114	0.010520373	0.0797067858	0.1626720205	0.0861361693	0.0801751809	0.0815161385	0.0287997595	-0.0285145394	0.1911097184	0.0775777085	-0.1632893972	0.2248737796	0.0067136975	-0.079103285	-0.106776697	-0.0736511801	-0.0293360516	-0.0124558255	-0.0300784006	0.073615685	0.1272856869	-0.0101663579	-0.0046794468	-0.0591407295	-0.1870186381	-0.1162901311	0.0194654228	-0.067540303	0.0018887059	0.0985279085	0.1095916642	0.0435123133	0.0905255926	0.0100324232	-0.0032864092	0.0879388122	0.0319023864	-0.0251063166	0.0660076536	-0.0616009311	-0.1289999139	-0.0703125971	0.1624174126650928	-0.0080504595192962	0.026379415936823	6.480989847182679e-05	0.0186531344525491	0.0159942398212252	0.0003479394249048	0.0002558157074588	-0.4066164112179393	0.0119814911278198	0.1653369058717563	0.000143556129646	-0.0059483689809556	-0.0005572399153753	3.538309353359476e-05	3.105163232875828e-07	-0.0018707508411115	0.0002643198368144	6.986497613359114e-08	3.4997087095193844e-06	0.0012549519302595	-6.329970465209986e-05	4.006852609043073e-09	1.5749043472620453e-06	0.0	0.0	0.0	0.0	0.0	0.0	0.0	0.0	0.0	0.0	0.0	0.0
748.2169302962567	-1.066106923707821	559828.5747819535	1.1365839727777534	1217.681969716404	-0.3705205390467654	1482749.3793724214	0.1372854698555056	708.2998092698125	-0.4343614899710246	0.1886699039698485	501688.6198116528	812.1352800288016	661.1378970232055	0.888138	39.048645	0.1405360003075182	0.084036830134052	-0.0645039149	-0.0953670203	0.1434928625	-0.0388463481	0.0505195018	0.0623685277	-0.1028644699	0.0742643393	-0.0452921384	0.1407601685	-0.0856935479	-0.040087186	-0.0929637828	-0.0655486926	-0.0756799157	-0.0502372839	0.0202106225	-0.1699516583	0.0461881374	0.077345376	-0.084581379	-0.1043455865	-0.1137623969	0.0059630798	0.0537849804	-0.1465166106	0.1008330684	0.0091842281	0.0593940802	-0.089882348	0.0045854885	0.0290686995	0.059614062	0.0956216907	-0.0370817021	0.0798565856	-0.0910585058	0.0578334038	0.1247635037	-0.0049171144	-0.0356136948	0.0488741256	0.1662808041	0.0253000106	0.1178886253	-0.0888002418	-0.1939926532	0.0501668554	0.0639405001	-0.0358823158	-0.0443680487	0.0514099088	-0.0696320333	0.0371372797	0.0452357148	0.0852111115	-0.0348399886	0.0597388775	-0.1115127925	0.0713856319	-0.0733879827	0.1320024163	-0.094701105	0.0434916768	0.1009175606	0.0769712591	-0.1288504606	0.1297596953	0.0185762226	0.0819067604	0.0721173232	0.0574551044	0.1067363739	-0.048108925	-0.0135219494	0.0876315846	-0.0140074478	0.0597356539	0.0949571248	0.0500674914	-0.0507774708	0.01968716	0.1138814689	0.029840435	-0.0132905475	0.1030330585	-0.101265953	-0.0517486879	0.0226975309	-0.0007011714	-0.0586052162	0.1589460911	0.1117490619	-0.057333837	0.0202336017	-0.0408263358	-0.0918097717	-0.0308727192	0.0423756841	-0.0909981667	0.0250502144	0.0542454687	0.0642322657	0.0016899871	0.1163246742	0.0693697667	0.0453784792	-0.000292415	-0.1674399786	0.0501891406	0.063080731	-0.0674542747	-0.1289999139	-0.0586099215	0.1674770308899411	0.0050596182248482	0.0280485558757102	2.5599736581217007e-05	-0.0217090705184261	-0.0403622049709752	0.0004712837427739	0.001629107590119	-0.3454521204258896	0.0611642907920497	0.1193371675067433	0.0037410704680944	-0.0064470127968259	-0.0004986438158703	4.156397400243691e-05	2.486456551056938e-07	-0.0018940608243009	-2.3309983189400123e-05	5.433553162901164e-10	3.587466406151405e-06	0.0010979080029263	-0.0001570439273332	2.4662795112235463e-08	1.2054019828896162e-06	0.0	0.0	0.0	0.0	0.0	0.0	0.0	0.0	0.0	0.0	0.0	0.0
749.2021182444073	0.9851879481506104	561303.8139819069	0.9705952931812096	1216.0490974826707	-1.6328722337332238	1478775.407488418	2.6662717316969275	708.3695388809531	0.0697296111405876	0.0048622186698175	501787.4036144141	812.7196812813471	655.0616687051493	0.893552	39.286686	0.1577043534068279	0.1026913161911677	-0.057256114	-0.0539351716	0.1273981549	-0.0072275061	0.0213946578	0.0629630378	-0.0321678271	0.069352032	-0.0117060324	0.0068911496	-0.0493504121	-0.0340837081	-0.10788341	-0.0318909316	-0.113958809	-0.0440862927	0.0276563592	-0.1413906633	-0.0139516957	-0.0478127404	0.1025604144	0.1215056186	-0.0468756736	-0.0506010939	-0.0240025648	-0.0449579146	-0.1000422268	0.2506584846	-0.2448057844	0.0733504002	0.0112387675	0.0245127022	0.109603752	-0.0388969207	0.0877029506	-0.0870798764	0.0032984463	0.0844947904	0.0435530773	-0.2057246139	0.0026975411	-0.0511866439	0.1384958872	-0.0708377762	0.1084394253	0.0643697301	0.003224605	0.1049683952	0.066221309	-0.1768104454	-0.034700921	-0.0158314784	-0.0935241575	0.0343815247	0.0437329248	0.0359249403	0.0451792223	0.0537229736	-0.1427213228	0.1091573586	0.0188429916	-0.0441685807	0.1119865419	-0.0355969781	0.0162876111	-0.0172192014	-0.0722987852	0.0064407149	-0.033458459	0.0169872677	0.0182014177	0.0404193157	-0.0816294896	-0.0590626554	0.0553970307	0.1560523742	-0.1194462572	-0.1005095857	0.0626370415	0.0827255045	-0.0796040772	-0.165461063	-0.0948048632	0.0695472568	-0.023272598	0.1386010864	-0.076884457	-0.0256505295	0.0660127063	0.0565153913	-0.0533783207	0.2021293561	0.1786339459	-0.0624256722	0.0193822516	0.0265163758	-0.0684537978	0.0500404969	0.0647062031	-0.0162317977	0.0022868268	0.0395721394	-0.0515047589	-0.0132630941	0.0145215074	-0.1795540665	0.0661066586	0.0731300517	-0.0048669235	-0.0105319535	0.0601105761	-0.0731227308	-0.1282045865	-0.0462651033	0.167292632091204	-0.000184398798737	0.0279868247520029	3.400291697567768e-08	-0.0199088684345269	0.0018002020838992	0.0003963630423433	3.240727542875025e-06	-0.2991712692214179	0.0462808512044716	0.0895034483275541	0.0021419171882104	-0.0079920634961351	-0.0015450506993092	6.387307892625521e-05	2.387181663435851e-06	-0.0023280922905477	-0.0004340314662467	1.8838331369234705e-07	5.420013713307636e-06	0.0008882121420879	-0.0002096958608383	4.397235405275757e-08	7.889208093523759e-07	0.0	0.0	0.0	0.0	0.0	0.0	0.0	0.0	0.0	0.0	0.0	0.0
749.9013190599521	0.6992008155448275	562351.9883278562	0.4888817804585518	1215.5914316756948	-0.4576658069759105	1477662.5287633657	0.2094579908749114	709.1030221379935	0.7334832570404615	0.5379976883586837	502827.0960052357	809.1772103145205	658.2021658856722	0.888236	39.052952	0.1999215098089371	0.1141402878412601	-0.0212653234	-0.0236017226	0.0851835372	0.0257748147	-0.0147392902	0.0609581304	0.002317958	0.0775818831	-0.0026557322	0.0002509845	-0.010731492	-0.0391581802	-0.0115624222	-0.0434076428	-0.110491576	-0.0509061846	0.065124028	-0.1192799216	0.075569502	0.0298869799	0.1843434206	-0.1104518233	0.1797006395	-0.030476123	-0.2075149163	-0.0826257771	0.1016316641	0.0301606459	-0.1608769124	0.1517478941	-0.0948351443	-0.0172164166	0.0454873947	0.1232791545	0.0973579155	0.1107525197	-0.0375687786	-0.0084341418	0.0141896805	0.0293095404	0.1499224647	0.0269771556	-0.0222905424	0.0900981583	-0.0585156886	0.016177069	-0.0407640845	0.0106898185	0.0549000033	0.0192916917	-0.0469016817	-0.2104964389	0.0148330228	0.0103964782	0.0598301361	0.0644126401	0.04167214	0.0227624425	-0.0323465393	0.1342201529	-0.0738733337	-0.1380315905	0.0461898142	-0.0666392283	0.0807332869	0.0689551172	-0.1464992729	0.0534727501	-0.1265533227	-0.003817747	0.0479322254	0.047861593	0.1244651678	0.0437073354	0.0403224958	-0.1994775158	-0.1297025283	0.0065642261	0.0465698231	-0.0784758999	0.0136657228	-0.2155692435	-0.0551995913	-0.1260493723	0.1941646165	-0.0532278273	-0.0497095998	0.0094676861	0.0801176214	0.0727172318	0.0071892971	0.1917087717	0.2334901962	-0.0451925435	-0.0156347045	0.1202312187	-0.0156644433	-0.0185570831	0.1650251972	0.1203451902	-0.0985959515	0.0228704001	-0.0426434957	-0.0531815245	0.0243951243	0.0049139063	0.0457638501	0.0995746486	-0.0018218114	0.1030620525	0.0570992244	-0.0785907625	-0.1266188352	-0.033413395	0.1651515212172256	-0.0021411108739784	0.0272750249603637	4.5843557746686296e-06	-0.0707988181579537	-0.0508899497234268	0.0050124726525629	0.0025897869828529	-0.239011720282896	0.0601595489385219	0.0571266024325893	0.0036191713284864	-0.0092720048475479	-0.0012799413514127	8.597007389295177e-05	1.6382498630564238e-06	-0.0020760996323507	0.0002519926581969	6.350029978519e-08	4.310189683446712e-06	0.0010908961379383	0.0002026839958503	4.108080217388493e-08	1.1900543837686983e-06	0.0	0.0	0.0	0.0	0.0	0.0	0.0	0.0	0.0	0.0	0.0	0.0
751.045298691041	1.1439796310888823	564069.040685915	1.3086893963462554	1221.2587347294086	5.667303053713795	1491472.897152876	32.118323902633705	708.7619155088898	-0.3411066291037059	0.1163537324184932	502343.4528758307	811.669869397765	662.4210852600387	0.8520729999999999	37.462975	0.0930275385330691	0.0459132000293867	-0.0369310484	-0.0383499393	0.0563118001	0.0149536203	-0.0116661478	0.0508230581	0.0785162542	0.0310354442	0.0299795704	-0.0654961304	0.03356734	-0.0931722549	-0.0448129549	-0.0420238004	-0.1761350575	-0.0627019149	-0.0070759559	-0.2442137289	-0.0353020313	-0.1339381166	-0.0435822338	0.0521382105	0.0543025776	0.076958441	0.0062379564	0.0145793739	-0.0640748604	0.0345334846	-0.0661962117	0.0423674234	-0.0235744769	-0.0059146092	-0.2383324551	0.0160025376	-0.1128604875	-0.0560192869	-0.0555105151	0.0624866198	-0.1591416011	-0.0015074221	-0.0838780364	0.1072373263	0.0320389669	-0.0307411607	0.060277534	-0.1745144548	0.1667476519	-0.1232574847	0.0350802406	0.0416110043	0.0525829593	0.0181445947	-0.0335581957	0.0335075784	0.0395767018	0.0617155645	0.0683536956	0.0095676857	-0.1382943752	0.0998347602	0.0691855042	-0.0626066685	0.1344182468	-0.0782292019	-0.0403525943	-0.044434513	0.0501777072	0.1465255456	-0.115786248	-0.0587516445	0.0576943745	-0.0277570702	0.0592251617	0.0696690889	0.1029698711	0.1156135125	-0.1205439225	-0.0884707152	-0.1151570844	0.0869163647	0.0738930427	-0.144980263	0.1250423939	-0.0590263131	-0.0156669277	0.1099603557	-0.0542562757	0.0015193428	0.0806588348	0.0382715753	0.0176647902	0.1739423279	0.2541668277	-0.111827467	-0.0182080438	0.0149458822	-0.0419691213	0.0675145392	0.1253491922	0.0532173218	-3.4876e-06	-0.0632613983	-0.0600547507	-0.0613217637	-0.0237028466	-0.2275533177	0.1055327998	0.0842539583	0.0139223961	0.0955486536	0.0540487397	-0.0838433825	-0.1242524367	-0.0201956026	0.1648053973882781	-0.0003461238289474	0.0271608190083082	1.1980170496527664e-07	-0.0579942745046793	0.0128045436532744	0.003363335875324	0.0001639563381686	-0.2061269010112738	0.0328848192716222	0.0424882993205114	0.0010814113385272	-0.0090588401604583	0.0002131646870896	8.206258505273216e-05	4.543918382200732e-08	-0.0023840952814131	-0.0003079956490623	9.4861319841369e-08	5.683910310856208e-06	0.0006722154385058	-0.0004186806994324	1.7529352807728738e-07	4.51873595765545e-07	0.0	0.0	0.0	0.0	0.0	0.0	0.0	0.0	0.0	0.0	0.0	0.0
752.8688554290443	1.823556738003276	566811.5134750392	3.325359176717149	1218.939203457279	-2.319531272129552	1485812.781725066	5.380225322386939	710.1574693003763	1.3955537914864635	1.947570384932244	504323.6312031149	808.979800079222	671.1341168805886	1.070135	47.050465	0.3626098454163437	0.1762737682055912	0.0006003767	0.0080158355	0.0359399293	0.0138510159	-0.0370260954	0.0468304835	-0.0269797072	0.0878545916	-0.0318914153	-0.0856696229	0.0589979032	0.0088869976	0.0243201629	-0.0945650786	-0.0329144492	-0.1550011287	0.0215518715	0.1193704609	0.099992904	-0.0187236379	0.1539785001	-0.1363622666	0.0032686703	0.1549935697	0.145791563	0.2319729412	-0.0594743383	0.039782809	-0.072710264	0.1407205304	0.1279619056	0.0732880718	-0.0172823243	-0.1386200592	-0.049583025	-0.0760191174	0.1290405596	-0.1897224161	0.1795024758	-0.043386142	0.0790808619	-6.26665e-05	0.1793055506	0.1027140151	-0.2018055761	0.1034569758	0.0332698585	0.0352504647	-0.168007716	-0.1039537948	0.1543732777	0.1620463087	0.0495556253	-0.0934345924	0.0751150721	0.0311353514	0.1057607468	0.0950398149	0.1992277537	0.0729467791	-0.0667155493	-0.0877949982	0.0351201268	-0.0853987698	0.0222009761	0.0034667696	-0.0773995653	-0.1882956435	-0.24834656	0.0930424912	0.1555958365	0.1782740116	-0.0464041083	0.0797659624	-0.0653615011	-0.0116999711	0.1546901291	0.0483376406	-0.0250606242	0.1566186492	-0.3001769127	-0.0007457765	-0.1089722753	-0.1660641135	-0.0577450811	-0.1018683905	-0.0043266547	0.0240743743	0.1059787947	0.0320187891	0.067921637	0.0755277542	0.142088229	0.1492827703	0.0073178301	0.1353575343	0.0165850738	-0.0398406987	0.0664771526	0.2400032346	-0.2721771747	0.1626481689	-0.1027080266	-0.0184147787	0.0506001545	0.0981855826	-0.0858425665	-0.0891628886	0.1149547933	-0.0187248024	0.0509612127	-0.0888661936	-0.1211199807	-0.0067565429	0.2048367036366158	0.0400313062483377	0.0419580751567147	0.0016025054799482	0.0237141035447052	0.0817083780493845	0.0005623587069289	0.0066762590434611	-0.1136041761040473	0.0925227249072264	0.0129059088282793	0.0085604546242583	-0.0096339667113719	-0.0005751265509135	9.28133145958219e-05	3.307705495657736e-07	-0.0041269741940161	-0.001742878912603	3.037626903996217e-06	1.7031915998074842e-05	0.0013211586992171	0.0006489432607113	4.211273556226143e-07	1.74546030851702e-06	0.0	0.0	0.0	0.0	0.0	0.0	0.0	0.0	0.0	0.0	0.0	0.0
754.5783731311889	1.7095177021445809	569388.5211973117	2.922450773945687	1223.3037873368237	4.364583879544625	1496472.1561126166	19.049592441580813	712.8586033635047	2.701134063128393	7.2961252269925	508167.3883893665	812.7729206820288	676.7312098173169	1.198332	52.686893	0.7749298082454078	0.4078672237187068	-0.0632401089	0.1232825484	-0.046957591	-0.0108802743	0.003806881	0.0607538445	-0.0945469554	-0.1247636086	0.0053091529	-0.0923542242	-0.1022869139	0.049342956	-0.027223995	0.1345134422	0.0753210218	-0.0375665884	-0.1510041624	0.2015734756	0.0204361796	0.1062451466	0.0347293902	0.071945108	0.2758156684	-0.000698618	0.0048116179	-0.061260199	0.0292088694	-0.1560632559	-0.0632510646	0.0433250507	0.0580812169	0.0550178872	-0.091572699	-0.0998576648	0.1289041185	-0.2796138866	0.0337309703	-0.0334296027	0.1175887027	0.1486723172	-0.0564159888	-0.054493661	-0.1216329951	-0.0637009425	0.1237845921	-0.0966141492	-0.0518943614	-0.0495518036	0.0109182747	-0.1952065356	-0.0241002604	-0.0044557615	-0.005817396	0.1358562923	-0.0457234549	0.0863906049	0.1128926066	-0.1940368264	0.0074318219	-0.0497186116	-0.2404266786	-0.0022534117	0.0225129495	-0.064493978	0.0315882312	0.1241186851	0.2118837272	-0.2523151649	0.0884201087	0.1045343088	-0.1588186871	-0.1864710532	0.0234416407	0.1934237589	0.0416176339	0.0153287455	-0.1468240217	0.012945062	-0.1959890242	0.0174113592	-0.0584607323	0.1202668116	-0.0825766155	-0.027438901	0.0025848871	-0.1320025096	0.1115995353	-0.0792289468	0.1080138469	0.2577244972	0.2303402975	0.0179241608	0.0072800893	-0.088362916	0.3179572828	0.1768929613	0.2020334868	-0.124054316	-0.027766381	0.1006707414	-0.0588664839	-0.0448617539	-0.0194104233	0.1298505216	0.1638091739	0.1223611711	-0.0399434306	-0.1142801544	-0.0333776683	-0.1643825833	0.0478387595	-0.0936454286	-0.1172407796	0.0067565429	0.1979035631837575	-0.0069331404528582	0.0391658203208275	4.8068436539059954e-05	-0.1819494857073778	-0.205663589252083	0.0331056153491792	0.0422975119440495	-0.2622047613185287	-0.1486005852144814	0.0687513368581066	0.0220821339260863	-0.0150748600776959	-0.005440893366324	0.0002272514063621	2.9603320623708523e-05	-0.0064397983687198	-0.0023128241747037	5.349155663093851e-06	4.14710030297662e-05	0.0018420910247091	0.0005209323254919	2.7137048774250293e-07	3.393299343313822e-06	0.0	1.0	0.0	0.0	0.0	0.0	0.0	0.0	0.0	0.0	0.0	0.0
755.1866971197235	0.6083239885346075	570306.9475065969	0.3700580750266532	1225.9174852318529	2.6136978950291905	1502873.6805971905	6.831416686480021	714.8989751268334	2.040371763328721	4.163116932589157	511080.5446373968	817.8606901497676	684.2956509196928	1.024694	45.052586	0.392584209940425	0.2131067867533049	-0.120512794	0.1279475262	-0.0645831405	-0.0386698965	0.0889735771	-0.0636253892	0.0056512247	-0.0630528014	0.1478941449	-0.1190168192	-0.0623013006	0.0160478951	-0.0682718132	0.2751254463	-0.0104946599	-0.0331907014	0.0555458113	0.0629156714	0.0209645301	0.0981896185	0.0336292874	0.0177349466	0.0534256504	-0.1022019372	0.2147998674	-0.0578313309	0.07669453	-0.0014422571	-0.0278511109	-0.0178984886	-0.0471912663	0.1230319612	0.0492032748	0.0255015025	-0.0431816545	-0.1208031654	0.043323049	-0.065988788	-0.0403506195	0.0212827927	-0.0290636754	-0.0445406749	-0.0545616017	-0.1853055211	-0.1760640206	0.0361260287	0.0056327459	0.1376929112	0.1164528016	0.1446671323	0.0534406352	-0.1048952466	-0.1223014664	0.0815482158	-0.1319812818	-0.0051924241	0.0765458437	-0.0873877929	0.0725285957	0.0315236959	-0.104571847	-0.0904792818	0.0169053596	-0.1101670639	-0.0632138983	-0.080332068	0.0973811391	0.0065458771	0.0346834249	0.0244069525	-0.2337036631	-0.0733127306	-0.0038025745	0.1601269398	-0.1052837848	0.1212371491	0.0189045657	0.0246375093	0.016827344	0.1123116381	-0.0055803958	0.092393928	0.0381294096	0.0560129658	-0.0047820782	-0.1177521196	0.1500010276	-0.1155280304	0.0833389751	0.3221396555	0.1079756073	-0.0534071478	-0.0348540671	-0.1696132894	0.1688413132	-0.0449354681	0.1952173956	-0.1489081909	-0.1181733549	-0.0615311993	0.0130742663	-0.0711055017	0.1068265683	-0.0266832683	0.0320308764	-0.2190038656	0.0303631431	0.0720470789	0.0216173289	0.0267258644	0.0446835199	-0.098167988	-0.1126387502	0.0201956026	0.3215386473327868	0.1236350841490293	0.1033871017285982	0.0152856340325375	-0.1704552482607937	0.011494237446584	0.0290549916596488	0.0001321174944784	-0.2665811321209403	-0.0043763708024116	0.0710655000028822	1.915262140020075e-05	-0.017159254204573	-0.002084394126877	0.0002944400048571	4.344698876159744e-06	-0.0082480482980067	-0.0018082499292868	3.2697678067660777e-06	6.803030072625122e-05	0.0030110173193931	0.001168926294684	1.3663886824036658e-06	9.06622529768521e-06	0.0	0.0	0.0	0.0	0.0	0.0	0.0	0.0	0.0	0.0	0.0	0.0
751.6181683080702	-3.568528811653323	564929.8709307784	12.734397879599875	1234.4133343354115	8.495849103558612	1523776.2799850684	72.17945199043767	712.1614475269727	-2.737527599860755	7.494057359999386	507173.92734371306	816.9503448672034	671.2900296107288	0.953104	41.904976	0.2340497819480391	0.1356204309761258	-0.0768930839	0.1956597654	-0.002872414	-0.0587503867	0.0621026067	-0.1908243985	-0.0461907126	0.0191876284	-0.0519709595	-0.1182859108	-0.1145549054	0.0539385487	0.0151564393	0.1823676797	-0.1176035078	-0.0519361181	0.0549639862	0.0186800121	-0.1465269891	0.0275636209	-0.0397757267	-0.0828481445	-0.0635473077	-0.0699602948	-0.0510444006	0.0450011007	-0.0699239724	-0.1244265665	-0.1017338744	0.112432344	0.0672428322	-0.0323204238	0.0342310691	-0.0790118784	-0.0444152492	-0.0553402504	0.041346971	-0.1654992542	-0.1138477807	0.0236746962	0.0187979225	-0.1288618511	-0.0962907428	-0.1292643817	0.0820578972	-0.0866501839	-0.077249672	-0.0527386063	-0.0954034926	0.1227052881	0.0037603204	0.0887772724	-0.0743078165	0.0325592031	-0.2088683532	0.0183594554	0.0438260415	0.0165241782	0.1040196165	-0.0497544975	-0.168690961	-0.0710272803	0.0938587028	-0.0002708439	-0.0497760474	-0.1220695054	-0.0423484317	0.1227410799	-0.081122087	-0.1279683166	-0.0611497046	-0.0110014597	0.0081092157	0.0311439876	0.1590731789	0.114258371	0.0995711829	-0.0537897776	-0.1387816611	0.1224935818	0.1039741437	0.0170038079	-0.0448741351	-0.0793801139	0.0177405769	-0.1168272525	0.2001131229	-0.0789303511	0.0663952354	0.2361767947	0.0395023009	-0.0970378774	-0.0335656109	-0.0149047706	0.0897125138	-0.1279503862	0.0476008212	-0.0132998929	-0.1201605492	-0.1022601761	-0.0108009977	0.0219865797	0.021338537	-0.0555477772	-0.064448975	-0.0029519579	-0.0166631477	0.1119794538	0.0389488149	-0.0368347865	0.0414976565	-0.1024214758	-0.1073422654	0.033413395	0.3873018030214155	0.0657631556886286	0.1500026866236393	0.0043247926461268	-0.1884015726955823	-0.0179463244347886	0.0354951525941687	0.0003220705607186	-0.1683545012773635	0.0982266308435768	0.0283432381003497	0.0096484710068803	-0.0170719643643905	8.728984018250077e-05	0.000291451967259	7.619516199086526e-09	-0.0091873858236726	-0.0009393375256658	8.823549871241351e-07	8.440805827302026e-05	0.0029953712656206	-1.5646053772500144e-05	2.44798998651966e-10	8.972249018905554e-06	0.0	0.0	0.0	0.0	0.0	0.0	0.0	0.0	0.0	0.0	0.0	0.0
750.3559551565305	-1.2622131515396404	563034.0594388692	1.5931820399196313	1223.6942541322655	-10.71908020314595	1497427.6275963215	114.89868040147542	710.3932745429906	-1.7681729839820264	3.1264357012839032	504658.6045159129	812.0859747803477	654.1884606347829	0.8981139999999999	39.487251	0.2428262677062493	0.1249973735644597	-0.0736773366	0.1937721029	0.0544788793	-0.0090775159	-0.0199407916	0.0448322636	-0.2027689075	0.0974394495	-0.1002708062	-0.0382724668	-0.1364476404	0.0711076569	0.0350234599	0.104156471	-0.192283625	-0.0739432947	0.1735929617	0.0637756579	-0.0723140086	-0.000194822	-0.0046851252	-0.1601437274	0.0329819382	-0.1847578442	-0.043796263	-0.0918746712	-0.0662377158	0.0222570776	0.1112271249	-0.0001741981	-0.0688210846	-0.102091085	0.0071013783	-0.101855359	0.038704763	0.043262757	0.0043458275	-0.0831248648	0.0076495099	0.0290593286	-0.076572272	-0.0035094937	0.1149536452	0.0151579229	0.0015419678	0.0432273512	0.034112545	-0.1455702605	0.0693754034	-0.0229544127	0.0509757711	0.0003795634	-0.0155024919	0.0208802499	-0.057611538	0.024409794	0.2001386391	0.0087776484	-0.0090941683	-0.0237095146	-0.1934111739	0.0754319388	0.0839950856	0.0521257162	0.1566032792	-0.0146389836	-0.1594443786	0.1692861368	-0.0004763079	-0.0156339744	-0.2088807095	0.0134989409	-0.071416069	-0.0414871319	-0.0287101469	-0.1056437022	0.0568114339	-0.1189540268	-0.0286676791	0.0316633414	0.0109186667	-0.0561199573	-0.0378716284	0.038264796	0.0453258885	0.0609544052	0.1950615202	-0.0666662992	0.0582071468	0.1823987998	-0.0419066866	-0.0409889428	-0.0268846068	-0.0383723873	-0.0536907946	-0.0981924202	-0.0138300746	0.0267693473	-0.0813886755	-0.0231929139	0.0816506289	0.1023925825	0.0306683398	-0.0790060631	-0.1504596338	-0.0259434288	-0.0877279806	0.0500011656	0.017325458	0.0211798888	0.0382833527	-0.1063942335	-0.1013839798	0.0462651033	0.4085649088573859	0.0212631058359704	0.166925284749644	0.0004521196697916	-0.1426672262607411	0.0457343464348412	0.0203539374489334	0.002091630443822	-0.0590347921026008	0.1093197091747627	0.0034851066785972	0.0119507988140547	-0.0164013285644198	0.0006706357999707	0.000269003578678	4.497523762023409e-07	-0.0088650732975879	0.0003223125260847	1.0388536447110047e-07	7.8589524571606e-05	0.0033326050647787	0.0003372337991581	1.1372663529460578e-07	1.1106256517788642e-05	0.0	0.0	0.0	0.0	0.0	0.0	0.0	0.0	0.0	0.0	0.0	0.0
753.9054188651875	3.5494637086569583	568373.3805942938	12.598692619072809	1220.44251556818	-3.251738564085599	1489479.9338063872	10.573803689161474	711.5705116591488	1.1772371161581532	1.385887227660365	506332.5930628628	811.1381023321867	657.3631835991738	0.876873	38.553349	0.2264453965801733	0.1087821934462941	-0.0461884014	0.225984605	0.0152937877	0.0189210528	-0.0808927856	0.1143245791	-0.1032571241	0.0407693683	0.0318476824	-0.1483065305	-0.1018239197	0.0208683471	0.1129847118	0.1414030025	-0.1111488976	-0.1772238025	-0.0846256296	-0.0066826773	-0.0817538015	-0.0690556857	-0.0175525737	-0.0128805921	0.142592642	0.0113692121	0.1200316155	-0.0390909222	0.0119222666	0.0572961238	0.1429121344	-0.0023463212	-0.0418264613	0.0638210311	0.0185219244	0.0677681843	-0.0321163854	0.0015861979	0.0867912323	0.0544755406	-0.1598478219	0.1043437811	0.0231600523	-0.0162556402	0.1139416314	0.1746655354	0.0853814193	-0.1600518739	-0.1047101549	0.0134769768	0.0745799999	-0.0714449148	-0.0708214151	-0.0477256964	0.0327757751	-0.0159103614	-0.0382538664	0.0242896241	0.2814886581	-0.1183964712	0.0311703377	0.0491844768	0.027590332	-0.0500241718	0.0692718131	0.1428483573	-0.0159974167	-0.0854003743	0.0671533519	0.1587180468	0.0049091795	0.0066105146	0.0409062754	-0.0245463948	-0.0497578625	0.0246276849	-0.1313702179	-0.0448390655	-0.0077575876	0.1594010441	0.1077292926	-0.056071664	-0.0659200344	0.0452179442	0.0803414056	0.1580720741	-0.0206984559	-0.0538071376	0.2097624015	-0.0436256909	0.0466026009	0.1269863162	-0.0224207825	-0.0227919103	-0.0257963587	0.001929569	-0.047382534	-0.0532003943	-0.047699805	0.1384596396	-0.0334370588	-0.0459329557	0.0186379965	0.0264667205	0.0670532718	-0.0363834965	-0.1088286214	-0.0081473823	-0.010625458	0.0438380343	0.0210847857	0.0328990074	0.0350428114	-0.1100753719	-0.0948006283	0.0586099215	0.3877385681354326	-0.0208263407219532	0.1503411972197155	0.0004337364678668	-0.1956830681659624	-0.0530158419052212	0.0382918631668446	0.0028106794929194	0.030090644766723	0.0891254368693238	0.0009054469024771	0.0079433434971478	-0.015909356593685	0.0004919719707347	0.000253107627225	2.420364199886818e-07	-0.0084011659208975	0.0004639073766904	2.152100541477693e-07	7.057958883044953e-05	0.0030189288705304	-0.0003136761942482	9.839275483809717e-08	9.113931525321956e-06	0.0	0.0	0.0	0.0	0.0	0.0	0.0	0.0	0.0	0.0	0.0	0.0
756.4675877936348	2.562168928447363	572243.2113823206	6.5647096179011095	1224.587056428688	4.144540860507959	1499613.4587726784	17.177218944420055	713.2511289321852	1.6806172730364324	2.8244744184284145	508727.17292303673	813.2324071733269	679.7630552255712	0.8440569999999998	37.110527	0.1258593236547574	0.093270587043272	-0.0574466671	0.1824074404	-0.0606931436	0.0510591815	-0.0131414568	0.0311750554	-0.0284309292	-0.0017329184	0.0176559245	-0.1102778094	0.0183897751	0.1424003876	0.0590873176	0.1686209288	-0.0290474985	-0.001995275	-0.0547230727	0.0170751863	0.0361397844	-0.0723844216	-0.0901852842	0.1830453475	-0.1289577257	0.1326587441	0.1343428896	0.1078882946	0.1102488608	-0.0316878782	0.1121722725	0.0364178559	0.2349343001	-0.0006771452	0.108587813	0.2452739454	-0.0089931658	-0.1371740495	0.0122320325	0.1405713985	0.0208345248	-0.0625677659	0.1732016381	-0.0052746856	0.0361036275	-0.0015676618	-0.0174294862	0.1266588343	-0.1067062675	-0.0435856018	0.0268724029	0.0056854212	0.062279525	0.0342198347	0.0327071658	0.000285494	-0.0747178759	-0.0845807789	0.143244545	-0.0799265578	0.0539193753	0.0353202968	0.0150552322	-0.0247022227	-0.0408712299	-0.0843353755	-0.0719603559	-0.0114796286	0.0941381479	0.005856097	0.1292625039	0.1494037661	0.1495059488	0.0716773992	-0.1850031762	0.0355550541	0.1087421628	0.014667871	0.043065169	0.046354109	0.1625642675	-0.0786413688	-0.0908935378	0.1049226308	0.1507568961	0.071028896	-0.1332523784	-0.0241030627	0.1882285437	-0.0484475826	0.0254410747	0.072796176	-0.0072784988	-0.0688135382	0.0048626225	0.0238629386	-0.0878734095	-0.0363644881	-0.0238513142	0.103664517	0.0040856822	-0.0267671999	0.0217680569	0.0671260891	0.0347526104	-0.017489776	-0.0570000134	0.0406570935	-0.0038146342	-0.041932375	0.0636195923	0.0609668789	0.0317782535	-0.1134548014	-0.0876327994	0.0703125971	0.3879502069775498	0.0002116388421171	0.1505053630939237	4.4790999492695465e-08	-0.1100800197855704	0.085603048380392	0.0121176107559915	0.0073278818920157	0.0523797400450263	0.0222890952783033	0.0027436371671845	0.0004968037683252	-0.0155582534211814	0.0003511031725036	0.0002420592495177	1.2327343774209278e-07	-0.0084001335371144	1.0323837830988195e-06	1.0658162756054308e-12	7.056224344135409e-05	0.0030219041373226	2.9752667921999904e-06	8.852212484768021e-12	9.131904615167448e-06	0.0	0.0	0.0	0.0	0.0	0.0	0.0	0.0	0.0	0.0	0.0	0.0
755.9331268399794	-0.5344609536554117	571434.8922540684	0.2856485109822521	1225.3755717830763	0.7885153543884371	1501545.2919227013	0.6217564641063226	713.3145478572982	0.0634189251129555	0.0040219600624826	508817.64418486174	812.9241635862277	679.8039569470554	0.8297879999999999	36.483185	0.1588351576654935	0.0793963528704859	-0.037807282	0.1904411325	-0.0698757431	0.0093024659	-0.0393107105	5.35233e-05	-0.0594410262	0.0047913124	0.0737889096	-0.1303513534	0.0136618859	0.0614003544	0.0808730234	0.1252408619	-0.0093169618	-0.0605224487	0.07235562	-0.0037355427	-0.048781305	-0.0715734446	0.0239799192	0.0693599101	-0.0020609696	0.0857759508	0.0767407489	0.0384843188	-0.1298099813	0.0013586728	0.0526555502	-0.0096846012	-0.0362370284	0.0500917094	0.0439621973	0.0195553478	-0.1172393047	0.1088676372	0.1180071272	0.0735046374	-0.0165791919	0.2043247345	-0.0351372366	-0.1175794182	-0.0783736779	0.0975856372	-0.1521068628	0.1066183185	0.0560749491	-0.0375372272	0.1351005709	-0.1128937227	-0.0754922399	-0.0048959547	0.0423183659	0.0245034053	-0.0955374072	-0.0327765753	0.1281305299	-0.0863538713	0.0717399975	0.0159746595	-0.0483446882	0.0115224359	0.0435691116	-0.0198640086	-0.0679337353	0.0182852888	0.1904702866	0.1020064329	-0.0398972385	0.001805657	-0.0201332823	0.0661917275	-0.1139906261	-0.0457819697	-0.1013755903	-0.1018912245	0.0184288092	0.0270903624	-0.0453125581	-0.1210665815	0.0435112206	-0.044619501	0.0588280499	0.1971640072	0.0584566538	0.11803942	0.1903116382	-0.0360197176	0.0355904108	0.0323971796	0.0037604458	-0.0985228401	-0.0091528943	0.031499403	-0.0637888862	-0.029645518	-0.0290262563	0.0816414239	0.041402171	-0.0663702392	0.0411441441	0.0191000513	0.0085151867	-0.0331750468	-0.0609879593	0.1080851865	-0.0168462184	0.0370056535	-0.0472472057	0.0498139822	0.0284919163	-0.1165232592	-0.0799246852	0.0812449131	0.3788632824134197	-0.00908692456413	0.1435373867610706	8.257219803419051e-05	-0.1607714305591514	-0.050691410773581	0.025847452884036	0.0025696191262159	0.0621506807077238	0.0097709406626975	0.0038627071124334	9.547128143395544e-05	-0.0143150559689006	0.0012431974522807	0.0002049208273927	1.5455399053574702e-06	-0.0082831218935259	0.0001170116435885	1.3691724735282249e-08	6.861010830300809e-05	0.0025963955998902	-0.0004255085374324	1.8105751542786018e-07	6.741270111129192e-06	0.0	0.0	0.0	0.0	0.0	0.0	0.0	0.0	0.0	0.0	0.0	0.0
756.4614505849225	0.5283237449431226	572233.9262210452	0.2791259794707257	1226.9001667380992	1.5245949550228488	1505284.0191419756	2.3243897768811226	712.1659900638008	-1.148557793497389	1.3191850050035907	507180.3974035536	813.2962267026456	683.4841867754245	0.833431	36.643318	0.2468476323645301	0.1111074424025185	-0.0374170923	0.1632983205	-0.0777149135	0.0277163402	0.001633937	-0.0251562533	-0.0002324834	0.0217864244	0.092939608	-0.1729274128	0.0286930522	0.1024464465	0.0720905395	0.1312870422	-0.0873011552	0.0468337912	0.0920887063	0.050916321	-0.1529977122	0.0963820085	0.0399272815	0.1393766382	-0.0212015234	-0.0846070227	-0.0266907703	0.0047449991	0.1022287858	-0.0395596553	0.0501079963	0.0671176285	-0.0330002162	0.0133128615	-0.0747703837	-0.0338876773	0.1727731695	-0.1573815185	-0.0285917154	0.0786928054	-0.059813699	-0.0472920616	-0.13355033	-0.0029998995	0.1974574383	-0.0490494975	-0.0428315884	0.0199604938	0.1024180788	-0.049968747	0.0252653164	-0.0226024956	-0.120047183	0.0949427389	0.0118258816	-0.0031638373	-0.0894354101	-0.097684647	0.1295587105	-0.0177109897	0.0657019637	-0.0429669404	-0.0132825251	0.0046958391	-0.0357042776	0.0232433514	-0.0335008137	-0.0529149172	0.0239370088	0.068983782	0.0005219528	-0.0312403445	-0.0181864892	-0.1302912451	0.0090327691	-0.0272793194	-0.0001005634	0.0483108606	-0.0365338616	-0.0729408725	0.0002560941	-0.0765250808	-0.1020196532	0.0585347477	-0.0237678174	-0.0999285933	0.0555503332	0.0646266667	0.1698188273	-0.0234681378	0.0111951917	-0.0082142558	-0.0295200625	-0.1037106839	-0.0080447439	0.0348918183	-0.1071259333	-0.0625401653	-0.0266604436	0.088328198	0.0239839211	-0.0277784498	0.0340657358	0.0196218242	-0.0184604266	-0.027642997	-0.0451112589	0.0286989939	0.0291406794	-0.0329468239	0.0410080989	0.0023525304	0.0251860523	-0.1192723348	-0.0717238087	0.0912870929	0.3891374725270822	0.0102741901136624	0.1514279725247656	0.0001055589824916	-0.0981349080667683	0.0626365224923831	0.009630460181273	0.0039233339499388	0.1165420600470383	0.0543913793393145	0.0135820517600074	0.0029584221464332	-0.0135691074395865	0.0007459485293141	0.000184120676707	5.564392083858702e-07	-0.0075150019438017	0.0007681199497241	5.900082571643071e-07	5.647525421534333e-05	0.0034732379292353	0.000876842329345	7.688524705313406e-07	1.2063381713078714e-05	0.0	0.0	0.0	0.0	0.0	0.0	0.0	0.0	0.0	0.0	0.0	0.0
755.075771172327	-1.3856794125955505	570139.4202114843	1.9201074344911493	1230.0556940321103	3.155527294011108	1513037.0104208165	9.957352503249066	711.5751497075798	-0.5908403562209514	0.3490923265393008	506339.1936813647	811.323700895174	669.4418617682435	0.858477	37.744545	0.241193745331122	0.1368279206715452	0.0265647973	0.1816688709	-0.0470095315	0.0116307463	-0.0829508437	-0.0373756383	-0.0560139365	-0.028682157	0.0390685306	-0.0609062688	-0.0152626408	0.1006033494	0.1462290863	0.0878131683	-0.1014925121	-0.0056298481	0.0311062354	-0.0414517469	-0.0481399186	0.023238484	-0.046376668	-0.0609478199	-0.082035323	0.0585472086	-0.0130043855	0.0436405851	0.0599348729	-0.0950830728	0.0018922809	-0.0670262863	-0.0074740177	-0.0218432429	-0.2186086262	0.0675636885	0.020072364	0.040141984	-0.0922382947	0.0227880842	0.24256904	-0.0376905663	1.93875e-05	0.1065113604	-0.0114119134	-0.026784945	-0.0572610471	-0.1804710447	0.0609144588	0.0359684161	-0.072058777	0.1269963636	-0.1033305976	-0.0919637216	0.0752969564	-0.0654310596	-0.1133815611	-0.0727887674	0.130378696	-0.0400748088	0.0432399737	-0.0429700682	0.0229241538	0.1149975814	0.0071950136	0.0286225518	-0.0597558088	-0.0316976258	-0.0541675805	-0.0315816063	0.0191725484	-0.0139625384	0.0535340484	0.0006331667	0.1042544707	-0.0867467933	0.022221922	0.034893158	0.0334498137	-0.053829312	0.0545620318	-0.0137793049	0.0372329191	0.0339731393	0.013028967	-0.1519103804	-0.0993655437	0.0707881892	0.1747630884	0.0155463802	-0.0379759215	-0.0849737083	0.0022981357	-0.0395689122	-0.0677063638	0.0164476214	-0.0964370627	0.0393131284	-0.0542871504	0.0679363663	0.0345444228	-0.0925411492	0.0099727545	0.0260815568	0.0262953059	-0.0216187185	-0.0210337574	0.1028171064	0.0642861222	-0.017977877	-0.0567888511	-0.0812082948	0.0218629269	-0.1216944932	-0.063080731	0.1003291122	0.3752233607407333	-0.0139141117863488	0.1407925704455704	0.000193602506803	-0.1727700194695671	-0.0746351114027988	0.0298494796275145	0.0055703998541081	0.2293298997248527	0.1127878396778144	0.052592202907811	0.0127210967791883	-0.0132240819792451	0.0003450254603413	0.0001748763441937	1.1904256828379446e-07	-0.0074587634321536	5.623851164809988e-05	3.1627701923934653e-09	5.563315193683176e-05	0.0030773682519416	-0.0003958696772936	1.5671280140061813e-07	9.4701953580581e-06	0.0	0.0	0.0	0.0	0.0	0.0	0.0	0.0	0.0	0.0	0.0	0.0
756.302261836204	1.22649066387703	571993.1112585581	1.5042793485775174	1226.1540149246132	-3.9016791074971024	1503453.6683157485	15.223099857879388	711.8629136674859	0.2877639599061012	0.0828080966208402	506748.80785516254	811.8156541433585	675.6289632932835	0.8190389999999999	36.010551	0.1684153016507201	0.1087715437215831	-0.0048421867	0.1558716721	-0.0593774344	0.0485700997	-0.0512594205	0.0483083396	-0.0309331489	-0.0451383876	0.026452001	-0.0548952555	-0.0805419809	0.1529155515	0.1511664075	0.0425764608	-0.0313376305	0.0644555248	0.1449045191	-0.0091018843	0.056532046	-0.2302134493	0.0301255578	-0.025154026	-0.0102482016	-0.0288081618	-0.1055493	0.0480591764	0.0670357091	0.1570043731	0.0184335492	-0.115767067	0.1798703161	0.0232946737	-0.0548796024	0.0168590157	0.1424573611	-0.1013042983	-0.0427641109	-0.0403415792	-0.0574654783	-0.0268248722	-0.016478351	0.0163674245	-0.1883321118	0.0049047199	0.0997935212	0.0597925402	-0.0772857882	0.0679174249	-0.1218887364	0.0103751301	0.0070968898	-0.1171300492	0.0637047426	-0.0230591064	-0.0195490051	-0.1229985249	0.1090437817	-0.0871008042	-0.037777041	-0.0300262274	0.1493803277	0.0934767903	0.0561818178	0.0151161684	0.048149573	-0.0187559935	-0.0683772853	0.0476669376	0.0409788315	0.125036528	-0.0998443394	0.0663153924	0.1730627938	-0.0497754243	0.0752144211	0.0367085134	-0.0350002476	0.0365079389	-0.0196096119	-0.051411636	0.0219569548	0.0033125302	-0.0853391508	-0.0638229333	-0.181473862	-0.0749692618	0.1580318038	-0.0008002113	-0.0428860298	-0.0700672059	-0.0055832237	-0.015290923	-0.0024556407	0.0560095497	-0.0742230601	-0.007064133	-0.0337183081	0.1285207842	0.0111297677	0.0187371117	0.0702575658	-0.012221257	-0.0650247551	0.0108055075	-0.0303853756	0.0283109388	-0.0015259631	-0.0519981762	-0.032469729	0.0927857236	0.0185248178	-0.1237830955	-0.0540487397	0.1082719048	0.3717379901959958	-0.0034853705447375	0.1381891333549582	1.214780783412392e-05	-0.0734808004759202	0.0992892189936469	0.0053994280385819	0.0098583490083683	0.207715360983677	-0.0216145387411757	0.0431456711885792	0.0004671882849937	-0.0130076890525876	0.0002163929266575	0.0001691999744888	4.682589870739818e-08	-0.0069770708470571	0.0004816925850965	2.3202774653694935e-07	4.867951760485408e-05	0.0032598062076108	0.0001824379556692	3.328360766875704e-08	1.0626336511177908e-05	0.0	0.0	0.0	0.0	0.0	0.0	0.0	0.0	0.0	0.0	0.0	0.0
757.2270364907394	0.9247746545353266	573392.7847925475	0.8552081616709326	1225.6937871479856	-0.460227776627562	1502325.2598531714	0.2118096063795491	713.453092736779	1.5901790692930715	2.52866947241778	509015.315535675	810.9981898062127	679.1712432716695	0.8984579999999999	39.502384	0.2244160660628104	0.1251526106460587	0.0487388654	0.1007448227	-0.0563487742	0.023810288	-0.0519171799	-0.0302207606	-0.0131368211	-0.0374766051	0.0551425912	-0.0302697781	0.0549483856	0.0050140613	0.1505465852	-0.0002770593	0.0008400303	-0.0082900771	-0.0240638692	0.0689218811	-0.0760387406	-0.0268871241	-0.0403117762	0.0726447094	0.0423516635	0.0923140595	-0.100842364	0.0290655287	-0.1330766758	0.0039361772	0.1056046378	0.0203158599	0.1510485402	-0.0401929671	0.025687624	-0.0931220254	0.031070081	0.1846850119	-0.1082692286	-0.0985442102	0.0167075036	0.0094267157	-0.0254718725	0.0483802166	0.1202659469	-0.0765588034	0.1737912153	0.1226827049	0.2552663739	0.103328346	-0.0462278295	-0.0462520886	0.0100689673	-0.2340673893	0.0940242556	-0.0283553116	-0.0376007081	-0.0486720798	0.0020179419	-0.0351146824	0.0805438432	-0.0230897229	0.0050178268	0.0533969854	-0.0355618352	0.0895491492	-0.0731702468	0.0748737901	0.0259593477	-0.0228200674	-0.150686363	0.1204128872	0.1175864292	-0.0995546526	-0.0012688267	-0.2181378894	0.0949719053	-0.0114783875	0.0278022399	0.034103579	-0.1030159849	-0.0850521857	-0.0583785778	-0.0718813927	-0.0700037086	-0.0636704924	0.1389129845	0.0852347469	0.1127130267	0.0432159298	0.0055160161	-0.1119440246	0.0129812439	-0.0647278661	-0.0662741345	0.0695258837	-0.0781475591	0.0916660322	-0.0581975578	-0.0299570379	0.0732155627	0.0144522643	-0.0110918614	-0.0439989837	-0.0569289944	0.0627643293	0.1103659515	0.0850373658	-0.004951825	0.0275695754	-0.0183927804	0.0516470267	0.0151740128	-0.1255324169	-0.0446835199	0.1150284477	0.3604256907501622	-0.0113122994458336	0.1299066785527315	0.0001279681187522	-0.1168737692876931	-0.0433929688117728	0.0136594779475129	0.0018829497422994	0.206098138064938	-0.0016172229187389	0.0424764425138342	2.61540996889461e-06	-0.0107993243375983	0.0022083647149892	0.0001166254061486	4.87687471440977e-06	-0.0064380298475708	0.0005390409994863	2.905651991271896e-07	4.1448228318212495e-05	0.0026453404243571	-0.0006144657832537	3.775681987895831e-07	6.997825960737802e-06	0.0	0.0	0.0	0.0	0.0	0.0	0.0	0.0	0.0	0.0	0.0	0.0
756.7445508685224	-0.4824856222169273	572662.3152692018	0.2327923756460555	1227.2889791246278	1.595191976642127	1506238.238280771	2.5446374423434164	712.8230420620132	-0.6300506747658119	0.3969638527728549	508116.68929454265	812.7491121659656	677.4340330031246	0.866409	38.093296	0.1464103445556747	0.0830062271325748	0.0263078873	0.1061009565	-0.0537312617	0.0351976737	-0.0210257904	-0.0616021773	0.0457737218	0.0473737585	0.0367688566	-0.0685202283	0.0665023458	0.0474908274	0.0990008628	0.0320101243	-0.0287612582	0.0307979351	0.0959246051	0.0779080017	0.0407372887	0.0182208314	-0.0513295473	-0.1429539049	-0.0655517786	-0.0687465401	0.0951599574	-0.1020772727	0.0667369317	0.1476744052	0.1320503469	-0.1127826032	0.0019964992	-0.0036463649	-0.0225653354	-0.0672711729	-2.76215e-05	0.1146272694	0.0705823655	-0.1180768656	0.0600446773	0.0564457045	0.0616858483	0.0357796389	-0.01547314	-0.083369205	-0.1514517981	-0.0804817343	-0.0056681885	-0.0610676753	-0.0330705724	-0.0979483609	-0.070140035	-0.0438413792	0.0522265743	-0.0515145066	-0.0574832305	-0.1058511861	0.0114842343	0.0299117074	0.0497470757	-0.0646541271	-0.0050975907	0.064135142	-0.0695618741	0.0396537322	-0.0010487355	-0.0132211468	-0.0037390676	0.073928449	0.0702066418	0.0565544635	-0.0812878661	0.0954456604	0.0565492237	-0.0156277594	-0.1373422431	0.1063093832	0.097350477	-0.0486160459	0.0480345469	-0.0438218017	-0.0204014235	-0.2314929468	0.024524004	-0.0830669808	0.0656868521	-0.0142633899	0.1071198574	0.0434123694	-0.0317631443	-0.1305822476	0.0138406462	-0.0318090934	-0.030913471	0.0478493912	-0.0818007401	0.0226018572	-0.003462112	-0.0307826379	0.0097658913	0.0620790926	-0.0072626169	-0.0107482464	-0.0492263818	0.0139723103	0.0373879781	-0.0122098627	0.0680599512	-0.0599811986	-0.0454374498	0.0418521613	0.0118128082	-0.1269376627	-0.0350428114	0.1205247148	0.3479478930220807	-0.0124777977280814	0.1210677362585053	0.0001556954361429	-0.0576657688716721	0.0592080004160209	0.0033253408995611	0.0035055873132635	0.2327479571975601	0.0266498191326221	0.0541716115796372	0.0007102128598014	-0.0099574191759768	0.0008419051616215	9.915019664611049e-05	7.088043011649262e-07	-0.0064910570732621	-5.302722569130048e-05	2.8118866645161174e-09	4.213382192834594e-05	0.0025787782660909	-6.65621582662001e-05	4.430520913054671e-09	6.650097345662789e-06	0.0	0.0	0.0	0.0	0.0	0.0	0.0	0.0	0.0	0.0	0.0	0.0
755.7181357687622	-1.0264150997602428	571109.9007298133	1.0535279570158291	1228.1959134518113	0.9069343271835352	1508465.201819729	0.8225298738238515	711.6439905059472	-1.1790515560660424	1.3901625718617558	506437.1692232286	811.8819558412501	668.6999514249828	0.906591	39.859936	0.1863873850698886	0.1090283174811398	0.05368525	0.0726972985	-0.0094667533	0.0076844447	-0.0445709805	-0.0358372191	0.0151228302	-0.0376208662	0.0041554145	-0.0780455761	0.0143954072	0.0725272483	0.0201177971	-0.026317372	0.0269645466	0.0525514285	-0.1335827086	-0.0228582979	-0.0363485792	0.0405099789	0.0196300205	-0.0131020547	-0.0870398939	0.2391536698	0.0071541465	0.0509154103	0.07751352	-0.1158634006	-0.0418425453	-0.0606574151	-0.0695438261	0.1204204299	0.0430705261	-0.0454979039	0.0129279809	0.08636161	-0.1565086874	-0.1280887469	0.0070211504	0.0389303425	0.044001946	0.114662419	0.065663413	-0.0691871279	-0.133804602	-0.1684777441	-0.0752626565	0.1039903899	-0.0803357161	-0.0361750872	-0.027066276	0.043394916	0.0368203826	-0.0406106986	-0.0415928602	-0.0271284558	-0.0054822253	0.0366936497	-0.0167087363	-0.0727661038	0.1156535843	0.0314819775	-0.1295344855	0.0056028581	-0.0076304371	-0.0526213875	0.0598671239	-0.104290994	0.0291316051	-0.0221646187	0.0724581942	-0.0289370531	-0.0403368448	-0.0167169893	-0.0263094807	-0.0889364676	0.0251336565	0.0963069271	0.0595111154	0.1888255961	0.1221707067	0.0480763715	-0.0510099535	-0.1569135739	0.1668902274	-0.030145001	0.0595061264	0.0575122894	0.0015650322	-0.1518234558	-0.0512311619	-0.0534637819	-0.086917929	0.0526729888	-0.0420443356	0.0327244662	-0.0308083475	-0.0932665515	0.1268778867	-0.0041425751	-0.0653047446	-0.1088810055	-0.0318291268	0.1106953043	0.153700365	0.0039731973	0.1594134921	0.0470453809	-0.0467142924	-0.0231521172	0.0084435077	-0.1279949812	-0.0251860523	0.124700488	0.3390543822987837	-0.0088935107232969	0.1149578741560097	7.909453298539822e-05	-0.0981899564915522	-0.04052418761988	0.0096412675558129	0.0016422097822512	0.2162077148617385	-0.0165402423358216	0.0467457759657348	0.0002735796165277	-0.0080209508103575	0.0019364683656192	6.433565190217464e-05	3.749909731044279e-06	-0.0060438871354091	0.000447169937853	1.999609533194559e-07	3.652857170556362e-05	0.0025538276817454	-2.4950584345500085e-05	6.225316591819138e-10	6.522035828049084e-06	0.0	0.0	0.0	0.0	0.0	0.0	0.0	0.0	0.0	0.0	0.0	0.0
755.4727613369297	-0.2453744318324879	570739.0931220455	0.0602086117971162	1228.9828460861966	0.7869326343852663	1510398.835974128	0.6192629710605352	711.5828370200479	-0.0611534858992399	0.0037397488376285	506350.1339415001	815.6494700294479	672.3960580292471	0.903697	39.732719	0.2049929190132559	0.1022212342615953	0.0040266947	0.0491277466	0.0060011539	0.0147400833	0.0090156171	-0.0692925669	-0.0003460091	0.0048653096	-0.0007339149	-0.1168539579	0.011092531	0.0239602314	0.069857057	0.0688629185	-0.0263820435	0.036022718	-0.0777046457	-0.0323305284	0.0564771982	0.0211584169	-0.0089096538	-0.0280206213	-0.1714477963	-0.097757529	-0.0305330552	-0.0858191292	-0.1030490631	0.1409290323	0.0330375888	0.0050137153	-0.0117996851	-0.0204947857	0.0862863532	-0.05607115	0.0024357756	0.0772578944	-0.0762108337	-0.1146944353	0.0474687769	-0.1102892188	0.0239947933	-0.0494352175	-0.0972417024	-0.0114639226	0.2453061607	-0.0717001443	0.1480047977	-0.0961998993	-0.0138394598	-0.074569896	-0.0416451305	0.1087056132	-0.0147077698	0.0079640353	-0.093820856	-0.050607807	-0.0008464825	0.0735493347	-0.0431616641	-0.0399453976	0.1181089198	-0.0078378677	-0.0717457062	0.0329990191	0.0248960248	-0.0929785711	-0.1017226811	-0.0750552738	0.0963754702	-0.0152383694	-0.0917045113	0.0479376689	-0.0251882637	-0.0899506118	0.1308573911	-0.0057546586	0.1057007996	0.0028488941	-0.001648018	0.0533006413	0.0131230839	-0.0504017901	0.16915648	-0.0133430673	-0.0185403711	0.0417371875	0.0481205289	0.0197713282	0.0274600753	-0.1362325473	-0.0050817393	-0.0182945726	-0.0187059088	0.0898956645	0.0144639734	-0.1030788198	-0.0334759127	-0.007032635	0.003231316	0.0828508893	-0.0493402507	0.0395371276	-0.0664482595	0.0670253989	0.0461441461	-0.0145690684	0.1442075241	-0.1581571653	0.089622021	-0.0141529292	0.0050684204	-0.1287014744	-0.0151740128	0.1275100165	0.3353776173892697	-0.003676764909514	0.1124781462457033	1.351860019983363e-05	-0.011316469659576	0.0868734868319762	0.0001280624855561	0.0075470027143455	0.1785112634812478	-0.0376964513804907	0.0318662711896714	0.0014210224466817	-0.0090621961452559	-0.0010412453348984	8.212339897509091e-05	1.0841918474476818e-06	-0.0058907786338493	0.0001531085015598	2.3442213249887442e-08	3.470127291301542e-05	0.0028943981631127	0.0003405704813672	1.1598825277875436e-07	8.377540726630172e-06	0.0	0.0	0.0	0.0	0.0	0.0	0.0	0.0	0.0	0.0	0.0	0.0
755.066496658747	-0.4062646781826515	570125.4143765137	0.1650509887388534	1229.6327717396437	0.6499256534470987	1511996.7533361183	0.4224033550086383	711.5268866409442	-0.0559503791037059	0.0031304449218484	506270.5104129551	813.0825311378339	662.7724035543288	0.905818	39.825974	0.1024653139683512	0.0653690348167619	-0.0002615205	0.0836662924	0.0440742401	0.0154222331	-0.0289071236	-0.0303442906	-0.0501395329	-0.0504461378	-0.0014322184	-0.0138735398	-0.0693050711	0.064567295	0.0780600412	0.0257473575	0.0096971661	-0.0215124412	-0.054276307	0.0889974963	-0.0163967573	0.0353174326	-0.0128932399	-0.1336393197	0.0063276113	0.0266552998	0.0194717734	0.0787008113	0.1883745514	-0.0642872051	0.0555686888	-0.1099986139	-0.1778770142	-0.1086698868	0.1685539515	0.0867566939	-0.070283761	0.0357023743	-0.0559533695	-0.0161109131	-0.0038240993	-0.1075945947	-0.0051583036	-0.1418749428	-0.0074977615	-0.0501021341	0.0573245749	0.0364913628	0.0217043744	0.2810913472	-0.0972446096	-0.0056909844	-0.0260970206	0.1588384859	0.033363957	0.0105641569	-0.0626078665	-0.008115754	0.0549452151	-0.013691183	0.0102434928	-0.1066295286	-0.0197455512	0.0542039026	-0.111807043	0.0546823615	0.0321558896	0.0247719792	-0.0415464779	-0.0732924625	0.0500402298	-0.0222272437	0.0344402916	0.0766545696	0.0361399459	-0.1080478841	-0.0546522527	-0.0921102129	0.0880171384	0.1194013756	0.1733650497	0.0258395725	0.0862192329	0.1080748004	-0.1117798202	-0.0611224597	0.0459200764	0.0070292285	0.0770053506	0.0192727811	0.0413159164	-0.1362870781	-0.0130225842	-0.0200529992	-0.0363483182	0.0656204057	-0.0444016974	0.0441444058	-0.0764080111	-0.0877050176	0.0260202451	0.0630103081	0.066921937	0.02035071	-0.0755897029	-0.0447919005	0.0557304377	0.039210376	-0.0490490863	-0.0541266169	-0.0742825844	0.0153181711	0.0016898595	-0.1290552057	-0.0050684204	0.1289225186	0.3553418270345503	0.0199642096452806	0.1262678140402522	0.0003985696667607	-0.0715578695147911	-0.060241399855215	0.0051205286894958	0.0036290262565159	0.1790720054840733	0.0005607420028254	0.0320667831480879	3.1443159373274496e-07	-0.0091141870106683	-5.199086541239975e-05	8.306840486543477e-05	2.7030500863302644e-09	-0.0059677552217869	-7.697658793760082e-05	5.925395090515192e-09	3.5614102387164815e-05	0.0031994099590633	0.0003050117959506	9.303219566901053e-08	1.0236224086153426e-05	0.0	0.0	0.0	0.0	0.0	0.0	0.0	0.0	0.0	0.0	0.0	0.0
752.5286437007186	-2.537852958028452	566299.3595900431	6.4406976365737645	1227.2997597963113	-2.3330119433323944	1506264.7003960833	5.442944727731596	712.7797537658504	1.2528671249061745	1.5696760326706638	508054.97737850633	816.4430926557003	656.9265434879827	0.925616	40.696419	0.1809724634931136	0.0946325054941514	0.0206034836	0.0479330008	0.0851590027	0.0234772562	0.0273877071	-0.1167202956	-0.0198744319	0.017582409	-0.0060284579	-0.0031199527	-0.0113051817	-0.0700832642	0.0293576673	0.081885038	0.0617762212	0.0039445016	-0.063503175	-0.2114994051	-0.0676602301	0.0572026829	0.0523668175	0.0644256811	-0.0936192708	0.0775784823	-0.1551292712	0.0034325212	0.007037284	-0.0644164459	0.0451769791	-0.0374118037	-0.1149432743	-0.067373504	-0.107783272	-0.0690508998	-0.1273794291	0.067951102	0.1703179301	0.0589095619	-0.1543122487	-0.0783153848	-0.2404357549	0.0060925654	-0.0355325512	0.1104678974	0.0999276891	0.1748083357	-0.1222483	0.0789821293	-0.2075690064	0.0243471662	0.1616807734	-0.0025259083	-0.0168974754	0.0425170716	-0.1081603006	-0.0657421261	-0.0158741915	0.0764900889	-0.0780486374	-0.0105711213	0.1765337027	-0.0557237026	-0.0095972786	0.1623147705	-0.1039173998	-0.0403289531	-0.0684590574	-0.0353427622	-0.0057725708	-0.0906218602	0.0142193188	-0.0417577419	0.0095742008	-0.1057882386	0.0529343517	0.0041310406	0.0027992004	-0.0521078106	-0.0520753273	0.052420022	0.1113459272	0.02630805	0.1292844138	0.0192851307	-0.0508285253	-0.2301422974	0.0423374001	0.0468233982	0.0030406241	-0.1065305695	-0.0896881012	0.0426087075	-0.0875601966	0.0370395111	-0.0360784173	-0.0530144779	0.0226051307	-0.0650927279	0.0767417582	0.0545277782	0.0669410142	-0.0446095503	-0.1423313705	0.0877605108	0.0706327431	-0.1125779214	0.0392020824	0.0377612486	-0.0403335706	-0.0109012804	-0.0016898595	-0.1290552057	0.0050684204	0.1289225186	0.347957775389375	-0.0073840516451753	0.1210746134539227	5.452421869861613e-05	-0.0759234089468918	-0.0043655394321007	0.0057643640261169	1.9057934533226135e-05	0.2406215332126109	0.0615495277285376	0.0578987222455876	0.003788344363606	-0.007626099441829	0.0014880875688393	5.8157392696664594e-05	2.214404612534059e-06	-0.0054348232972725	0.0005329319245144	2.840164361666225e-07	2.953730427257593e-05	0.0033318573594556	0.0001324474003923	1.7542313870678232e-08	1.1101273463758444e-05	0.0	0.0	0.0	0.0	0.0	0.0	0.0	0.0	0.0	0.0	0.0	0.0
751.1054306099371	-1.4232130907814735	564159.367891739	2.025535501771755	1226.6565534475758	-0.6432063487354753	1504686.3001158854	0.4137144070536219	710.3443538054017	-2.435399960448649	5.931172967353281	504589.10098321375	811.1226439330931	645.2088841370497	0.986625	43.378788	0.2970671921127339	0.1535182442822102	0.0685785084	-0.0461629294	0.1505024763	0.0119674102	-0.0420988689	0.0351106278	0.037279773	0.0959594094	-0.075344984	0.0044680122	-0.0445513325	-0.0326271568	0.040869678	-0.1079510957	-0.0156252981	-0.0925713022	-0.0923916796	0.0542465233	0.1411069203	0.0979385055	0.0160268042	0.0946571716	-0.0157254427	0.0936510354	0.0115718195	-0.0540524076	-0.1022584403	0.0452734635	-0.0454143861	0.0852187523	-0.112288064	-0.0289818885	0.0273403937	-0.001115175	0.0143618265	-0.1376943867	0.1174690131	-0.0243278941	0.1534751882	-0.0582132495	0.1139739343	-0.0368231696	-0.1508299217	-0.0418167497	0.0413544757	0.0498534386	-0.0919556804	0.0376802076	-0.1092246838	0.1785121541	-0.1312057547	-0.060300362	0.0412845337	-0.0203013657	0.0508709955	0.009704638	0.0147498366	0.0868947761	-0.0355955196	0.0195806527	-0.0802336347	-0.0937279102	-0.0123905857	0.0447224611	0.0099622425	0.1280133986	0.0185548476	-0.1852267224	0.0072380199	0.0697476244	0.1007698293	0.0098768533	-0.1262773425	0.0679826864	0.0393129304	-0.1457395422	0.0456331864	-0.0662194134	-0.1277021029	-0.0316935789	0.0979542856	-0.0937789817	-0.0240733778	0.1290873524	-0.0417177753	0.0404432927	-0.0510603179	0.0554063359	0.0496818535	-0.0697726701	-0.0647309084	0.0359082725	-0.102793879	0.0440748978	-0.0805443182	0.1402854811	-0.0186988455	-0.1039470364	0.0150476227	0.0803176158	0.0318823497	0.0831998619	0.0093040432	-0.0704908904	-0.0029356905	-0.0031877789	-0.1817557215	0.0368524296	-0.1058779786	-0.1342841933	-0.0050684204	-0.1287014744	0.0151740128	0.1275100165	0.3157657428413927	-0.0321920325479823	0.0997080043521765	0.0010363269595703	-0.0347173169189289	0.0412060920279628	0.0012052920940493	0.0016979420202169	0.1706503234328522	-0.0699712097797587	0.029121532887737	0.004895970198043	-0.0062619144937054	0.0013641849481236	3.921157312647776e-05	1.8610005726869907e-06	-0.0038790066128042	0.0015558166844683	2.420565555669934e-06	1.5046692302178712e-05	0.0031779018369069	-0.0001539555225486	2.3702302923243257e-08	1.009906008501625e-05	0.0	0.0	0.0	0.0	0.0	0.0	0.0	0.0	0.0	0.0	0.0	0.0
753.2532917544207	2.1478611444836133	567390.5215388705	4.613307495982458	1223.894785591252	-2.761767856323786	1497918.446197457	7.62736169222328	709.6827114833875	-0.6616423220142451	0.437770562280402	503649.550978413	811.5099225692285	653.3707737601763	1.008863	44.356525	0.4668119172673055	0.2414385669763915	0.07639812	-0.1465895281	0.0855692702	0.0245216954	-0.0187474495	0.0912325906	0.112520426	0.0606543297	-0.0753002029	0.0468228617	0.095276922	-0.0985150014	-0.0529029643	-0.158802801	0.0618708358	-0.0638378247	0.0287940969	-0.1436886646	0.0421406938	0.063833267	-0.1006515759	-0.0177920034	-0.1182242315	0.1054288885	-0.0346986365	-0.0201973049	0.0548890889	-0.0779740655	-0.0574197433	-0.0188806217	0.0224474891	0.0472042966	-0.0922301008	0.080777673	0.0501496046	-0.0117063864	0.1159037076	-0.0791355308	-0.0438046196	0.0704484122	0.1009882514	0.162681668	-0.0166703154	0.1513903422	-0.0209179234	-0.0276808863	0.1316080339	-0.0513297224	0.1355978938	-0.0031053488	0.0550898873	-0.0343425806	0.0045447593	0.0027369924	0.1320750477	0.0352866403	-0.0370200324	0.096344916	-0.107610984	-0.0307800493	0.1355060322	-0.0609685267	0.0090581953	-0.044612309	0.0287420406	-0.0284262998	0.1842342121	0.159944514	0.0049861718	-0.0141346759	0.0672594383	-0.0588314783	0.0625003388	0.1251989232	0.0737099189	-0.0960687781	0.0331530929	-0.084398099	0.0482936584	0.0797906883	0.0221130936	0.0514450762	0.093519485	-0.0596226618	-0.0069233846	-0.0586107436	-0.1553146451	0.0689267948	-0.0232554651	-0.0291598942	0.0086157725	0.1503100976	-0.0357683799	-0.0699504583	-0.014956832	-0.0474373304	0.1088918501	0.1735750242	0.0485060709	-0.0257221015	0.0625648145	-0.155551066	0.0420186649	-0.0416624951	0.0218301685	-0.121554233	0.0340776479	-0.0703321771	0.1307269444	-0.091375388	-0.0084435077	-0.1279949812	0.0251860523	0.124700488	0.2119078486284848	-0.1038578942129078	0.0449049363103528	0.0107864621903395	-0.0427248348934057	-0.0080075179744767	0.0018254115166687	6.412034411156898e-05	0.1326172709556914	-0.0380330524771607	0.0175873405557352	0.0014465130807304	-0.0039738859573575	0.0022880285363479	1.579176960208313e-05	5.235074583142315e-06	-0.0014640686802878	0.0024149379325164	5.831925217906584e-06	2.1434971005996603e-06	0.001542599253716	-0.0016353025831909	2.6742145385908302e-06	2.37961245756516e-06	0.0	0.0	0.0	0.0	0.0	0.0	0.0	0.0	0.0	0.0	0.0	0.0
754.6805275598571	1.4272358054363394	569542.6986780242	2.0370020443195167	1227.7262851441103	3.831499552858304	1507311.8312337573	14.680388823553384	709.7088868372043	0.026175353816825	0.0006851491474359	503686.7040557037	808.4128339508243	662.4182092747982	0.880954	38.732765	0.1904897864056426	0.0904627820811904	0.0705948776	-0.1609636754	0.042607147	0.0195933424	-0.0516786718	0.100298834	0.1139049081	-0.0098215801	-0.1056692173	-0.0394797796	0.073964334	-0.0712420225	-0.0845364024	-0.1673932858	0.0209416643	-0.0117957222	-0.1776647249	-0.053579419	0.0114486505	0.0583766936	-0.1172262071	0.0221875022	0.1232277599	-0.0631277287	0.012310514	-0.0268230484	0.0160489097	0.0715508085	0.1071060787	0.0664198788	-0.0907128006	0.1034466811	0.1104494092	0.1200447232	0.0419016223	0.1977249709	-0.1079165267	0.0916292807	0.1058681268	0.0746902643	-0.0236006176	-0.0302028185	-0.0422452693	-0.0579424103	-0.0700315504	0.1305304373	0.1809719407	0.0335228826	-0.0675896066	0.0100610277	0.1047021094	0.1171971822	0.0507128509	-0.025332752	0.1768577656	0.0928644295	-0.0735259848	-0.0252590914	0.0296094292	0.0090863321	0.0876197674	-0.1320585023	-0.0139426903	0.0820469049	0.0102747392	0.1096721176	-0.0233897038	0.0733753297	0.1479473546	-0.0045389511	0.0841911932	0.0580262145	-0.1051495416	0.1314986472	-0.0646146025	-0.0086427202	0.0040540922	0.0275976781	0.0788498894	0.0795742494	-0.02244999	0.110070997	0.0398118035	0.0787695275	0.1543175193	0.2116693217	-0.1637443796	0.0495248045	0.0049497017	-0.0601339095	0.0479550925	0.0938347743	0.0124902492	-0.0705226674	0.0207036729	0.0235549697	0.0645430019	0.1652648997	0.0403970363	0.0302845967	0.0965006578	0.0154645125	0.0475853588	-0.1319644327	-0.0661552303	0.0234457074	-0.2225565767	0.010602671	0.1624118155	0.0138101285	-0.0118128082	-0.1269376627	0.0350428114	0.1205247148	0.2219533778116584	0.0100455291831735	0.0492633019220047	0.0001009126565699	0.0260597846349668	0.0687846195283725	0.0006791123752208	0.0047313238836629	0.0857337507395499	-0.0468835202161414	0.0073502760158712	0.0021980644678573	-0.0049351456956845	-0.000961259738327	2.4355663037633244e-05	9.240202845284928e-07	-0.0014870862869891	-2.3017606701299835e-05	5.29810218255723e-10	2.211425624951028e-06	0.0018538442582468	0.0003112450045307	9.68734528453777e-08	3.436738533834628e-06	0.0	0.0	0.0	0.0	0.0	0.0	0.0	0.0	0.0	0.0	0.0	0.0
756.25736834425	1.5768407843929708	571925.2071749707	2.48642685932504	1227.1828425918495	-0.5434425522607853	1505977.729151812	0.2953298076077164	713.5366929768298	3.8278061396255225	14.652099842554843	509134.6122243108	811.8602459735367	668.6452025860972	0.8894189999999998	39.104942	0.3030994557099093	0.13017332298185	0.0793572261	-0.1651910431	-0.0083660395	0.0697555934	-0.0042983525	0.0552386725	0.0402479106	-0.0240516085	-0.0584323816	0.08877876	0.067532776	-0.0454153111	-0.0171521828	-0.0535673478	0.1261995882	0.0651561442	0.0655513039	0.0071808247	0.0081439908	0.0687114302	-0.1461819305	0.006379501	0.068004983	-0.1648350655	0.0364503177	0.1860393759	-0.0227321228	0.1439413337	-0.0399447043	-0.0651612884	-0.1016845187	-0.1303637908	0.1354354112	-0.0154054415	0.0085233523	-0.0986318028	-0.0833163944	0.2025061012	-0.2148878962	-0.0573426505	0.1087676258	0.1106872413	-0.0516693467	-0.1223045651	-0.1563620463	-0.1066297082	0.0786809191	0.0131113916	0.0481728042	-0.0448709592	0.1029230115	0.0548522219	0.0437581966	0.0301428628	0.099813078	0.0055025713	-0.1042108556	-0.0189857953	0.0054467018	0.0029617627	0.1321564505	0.0184830185	0.12542532	-0.0536438213	0.0467681529	0.0519145876	0.0071563532	0.0832187585	0.1527363383	-0.1273902557	0.0893540235	-0.0474881609	-0.0526135116	0.0250870073	-0.1446490931	0.1174137148	0.0142788106	-0.2860942416	0.0674982935	-0.0567648039	-0.1164861886	0.0726629728	-0.1232017604	-0.0425917706	0.0258206446	0.0175055917	-0.1568641104	0.0610759987	-0.0407126468	-0.0074063849	-0.0121063751	0.011355362	-0.0649473813	-0.0795189649	-0.0678951764	-0.0412247658	0.0928121125	0.0072975327	-0.0464687045	-0.0970621061	0.0807251023	-0.0296825265	0.1142216839	-0.0506053497	0.0622556477	-0.1855607585	0.0171693015	-0.0484660582	0.0157887627	0.0339550131	-0.0151740128	-0.1255324169	0.0446835199	0.1150284477	0.2602619788618909	0.0383086010502325	0.0677362976411073	0.0014675489144258	-0.0292721650499032	-0.05533194968487	0.0008568596467087	0.0030616246559289	0.1510642968654068	0.0653305461258568	0.0228204217874397	0.0042680802571027	-0.0030741331515623	0.0018610125441221	9.45029463353436e-06	3.4633676893801816e-06	-0.0021923449427139	-0.0007052586557248	4.973897714747523e-07	4.806376347843214e-06	0.0021701402353788	0.0003162959771319	1.0004314514988665e-07	4.709508641209953e-06	0.0	0.0	0.0	0.0	0.0	0.0	0.0	0.0	0.0	0.0	0.0	0.0
757.6099189485266	1.35255060427653	573972.789289193	1.8293931371288064	1228.472834402685	1.289991810835545	1509145.504865367	1.6640788720227686	710.9412698404782	-2.595423136351656	6.736221256709465	505437.4891623916	808.5229927047512	670.9834116370757	0.899281	39.538555	0.149854339419724	0.0755606046296826	0.1094249248	-0.1368186173	-0.0320022961	0.0188466062	-0.05770585	0.0498756096	0.1015088728	-0.0690707182	-0.0310487053	0.0868015845	0.0429259672	0.000566203	-0.0086073879	-0.1432230074	0.1279005806	-0.0736392397	-0.1569081362	0.0173996089	0.0700823436	-0.1460287476	-0.0422043185	-0.2105106655	0.1056737725	-0.0356912938	-0.0472913058	-0.0164958227	0.0209908638	0.0894702412	-0.0797298457	0.0139458003	-0.1224476281	-0.0244352733	0.1339989779	0.1233313515	-0.1299211774	-0.1376099048	0.0363409107	-0.0082835052	-0.0414694206	0.0135794349	-0.0680746057	-0.0830612348	0.0450911289	-0.110516251	0.1103212136	0.0049287159	0.1240717076	-0.0706336693	0.0463716931	0.0106175941	0.1278146328	-0.0249412347	0.0838632779	-0.0357226694	0.1265731614	0.0583932493	-0.1111270944	-0.026322843	0.0287689451	-0.038091245	0.0271847517	-0.0446474198	0.0079549583	-0.0319054104	0.1107800325	0.0425688076	-0.0348464047	-0.0807527937	-0.0650573244	-0.0420426482	0.0080804544	0.1522626085	0.0712384123	0.1464499162	0.0014781568	-0.036085846	-0.033137228	0.0464357516	0.0100727835	0.0760060003	0.0677881714	-0.1549264728	0.1488735435	0.1387815492	0.0486483638	0.0865816771	-0.131336367	0.0928549555	-0.0337520758	-0.0418450326	0.0584387476	0.0060101403	0.0201938295	0.0035509871	0.0583703935	0.0162309534	0.0031836856	0.0301173094	-0.0593424564	0.0682310053	-0.0907584734	0.0903686295	0.1184774121	-0.0589033708	-0.0461706037	0.142817162	0.0225864336	-0.0140882586	0.0967170368	-0.0668992212	-0.0185248178	-0.1237830955	0.0540487397	0.1082719048	0.2461938126349707	-0.0140681662269201	0.060611393379743	0.0001979133009882	0.0229538423895832	0.0522260074394864	0.0005268788804458	0.0027275558530692	0.1515260278776793	0.0004617310122725	0.0229601371243872	2.1319552769419618e-07	-0.0041691474393223	-0.0010950142877599	1.738179037080769e-05	1.1990562903985389e-06	-0.002251974652103	-5.962970938909983e-05	3.5557022418284998e-09	5.071389833714428e-06	0.001662815537707	-0.0005073246976717	2.573783488677831e-07	2.7649555124398195e-06	0.0	0.0	0.0	0.0	0.0	0.0	0.0	0.0	0.0	0.0	0.0	0.0
758.281921860456	0.6720029119294395	574991.4730203868	0.451587913641646	1228.2639801489056	-0.2088542537794637	1508632.4049312312	0.0436200993217766	713.3895912053514	2.448321364873209	5.994277505694613	508924.7088401384	813.0958144708289	685.4318937599942	0.8975579999999999	39.462803	0.0814107585879522	0.0452854311653148	0.0577087828	-0.1245017677	-0.0746225236	0.0582291554	0.0199401835	-0.0459293635	0.0100102969	-0.0780576952	0.091790331	0.1464308657	0.1312347821	-0.0416180168	-0.0131297089	-0.0593848061	0.1251611194	-0.034208522	0.0825528086	-0.0898510311	0.0264038128	-0.0704095765	0.0406250587	0.0176520144	-0.0291290117	-0.0398680342	-0.2033853399	-0.0308948377	-0.1311130815	-0.1734044998	-0.1502279066	-0.2535069739	0.0011122924	0.1735476325	-0.0287264238	0.023521793	0.0072041101	0.0496536983	0.0065336344	0.0759835726	0.0161135589	-0.03864014	-0.0922722121	-0.0686671043	0.01279692	-0.0522605249	-0.0478563753	-0.0288434906	-0.0785374345	0.0051505397	0.0753773505	-0.0626020958	-0.0060795448	0.0095822786	0.032531542	0.0873466249	0.0624919411	-0.0364433062	-0.1270290033	-0.0088004177	-0.0115057141	0.0656442337	0.1286603323	0.1326583201	0.0407285285	-0.0690215828	0.0063363405	0.0633813948	0.0273809556	0.0212227107	-0.1124876607	-0.0907329873	-0.1076593459	-0.0268053309	0.1341196371	-0.1108968582	-0.0157601515	-0.0327506633	-0.2331660909	-0.1007386549	-0.1088137197	0.0221242352	0.0954825748	0.0290523805	-0.0166720824	0.053667681	0.0858864971	0.0571844717	-0.1174825762	0.0703270884	-0.0511300546	-0.0558689905	0.0445810889	-0.0015103779	0.0539818977	-0.0649933709	0.0299788466	-0.0845471295	0.1162689966	0.0024641616	0.0352370024	0.0595258359	-0.0171611368	-0.0429368827	0.125530781	0.0241425203	0.0747052739	0.0712810718	0.0567876321	0.0277475461	0.0595901321	0.039628663	-0.0218629269	-0.1216944932	0.063080731	0.1003291122	0.2416089286770955	-0.0045848839578752	0.0583748744164938	2.102116090718143e-05	-0.0073857021932042	-0.0303395445827874	5.454859688670133e-05	0.0009204879654909	0.1737651820698289	0.0222391541921496	0.0301943384997607	0.0004945799791822	-0.0044810049466274	-0.0003118575073051	2.0079405331699227e-05	9.725510486255068e-08	-0.0024127698457643	-0.0001607951936613	2.5855094304575018e-08	5.821458328629485e-06	0.0016751063538434	1.2290816136400084e-05	1.5106416129879272e-10	2.80598129668653e-06	0.0	0.0	0.0	0.0	0.0	0.0	0.0	0.0	0.0	0.0	0.0	0.0
755.7835513619283	-2.49837049852772	571208.7765092485	6.241855147913648	1226.9535243208238	-1.3104558280817855	1505414.9508432904	1.717294477353518	712.2625229926105	-1.1270682127409373	1.2702827561710506	507317.9016597989	810.6451490065631	671.8865095852675	0.894244	39.317101	0.1231288447023147	0.0695419403532667	0.1116899616	-0.1155393742	-0.0391322391	0.0164760014	-0.0247755982	-0.1284145292	0.0970037138	0.0086390304	0.0149494657	0.1031203997	0.0542890856	-0.0358827969	0.04476472	-0.0673047968	0.0742978062	0.1078087151	0.0910336567	0.1441416223	0.1659046944	0.1022231455	0.0330193689	0.1402455856	0.0732304081	-0.0916846021	0.062568453	0.1031669255	-0.0148954668	-0.1220585523	-0.0134875928	0.1397689231	0.0174417613	-0.0502209097	-0.082760846	-0.0757717271	0.1840259314	0.1606851861	0.092896614	0.2254243367	-0.0995328269	0.0748687918	0.0945948255	0.0723203823	0.0209222069	0.048632277	-0.0175717584	-0.0505763361	-0.0359927344	0.0069252796	-0.0012418986	0.0394869183	0.0021425047	0.0338330503	0.0728891651	-0.0532997644	0.0132133139	-0.0065951316	-0.1671336412	0.057273984	0.0725129855	0.0835701184	-0.0414953242	-0.0573817136	0.0288465613	-0.0586257046	-0.0181370121	0.0739223235	-0.0933601483	4.55773e-05	-0.0430339695	-0.0149436866	-0.1090169141	-0.2008620278	0.0587141901	0.0047677943	-0.0064041874	-0.1111169542	0.0243496564	0.0155639593	-0.0789834745	-0.1688921223	-0.2725630572	0.0625396752	-0.0163852413	0.0727681151	-0.1833692615	-0.0204199654	-0.106727558	0.0948650645	-0.0639995067	-0.0376115333	0.0269086483	-0.030895904	0.0522809943	-0.0258065381	0.1012841507	0.0357521617	0.0707438871	-0.0177092177	-0.0407506862	-0.0044801251	-0.0364435755	0.1017146993	-0.0014107998	-0.0501298556	-0.0364378556	0.1025503027	0.0468229171	0.1309377128	-0.0573286076	-0.0916146951	-0.0251860523	-0.1192723348	0.0717238087	0.0912870929	0.2828254887435406	0.041216560066445	0.0799902570830226	0.0016988048237108	0.0021448812537556	0.0095305834469598	4.600515592712194e-06	9.083202083946412e-05	0.2109315682970987	0.0371663862272697	0.0444921265042736	0.0013813402651945	-0.0044791611845974	1.843762030000369e-06	2.006288491760398e-05	3.399458423271082e-12	-0.0024387793594156	-2.600951365129989e-05	6.764948003771556e-10	5.9476447639115645e-06	0.0023515593773949	0.0006764530235515	4.575886930719662e-07	5.52983150541389e-06	0.0	0.0	0.0	0.0	0.0	0.0	0.0	0.0	0.0	0.0	0.0	0.0
755.1810154671025	-0.6025358948257917	570298.3661219241	0.3630495045535175	1228.548847282789	1.5953229619651663	1509332.2701598697	2.5450553529733124	711.6930360570017	-0.5694869356087793	0.3243153698290779	506506.9775720327	813.6351440151129	668.8595539201492	0.897409	39.456264	0.1985041686026357	0.0879111535608958	0.0793568097	-0.0874522435	-0.0303564494	0.0443726376	0.0069401457	-0.0763136825	0.0209177601	0.0070094568	0.0103103013	0.1439157575	0.0151626034	0.0499889008	0.0151716915	-0.0582327371	0.0615255866	0.1939580759	-0.0637883637	0.0315106277	-0.0856723663	0.0187434186	0.1242268623	0.0572786075	0.0227764175	0.0318011403	-0.0486554777	-0.0815306182	-0.0495226378	0.0101636907	-0.0755610484	0.0864100319	0.0804337144	0.0034360103	0.0222812236	0.0841769949	-0.0615236496	-0.0759522259	0.0510329879	0.0617358488	0.080924624	0.0673029989	-0.019621796	0.0309919813	-0.0974949749	-0.0922735264	-0.0714593754	0.0058296826	-0.1243929775	-0.1923827002	0.0756104959	0.1077133673	-0.0506491214	0.1822424142	0.0278446178	-0.0248714585	-0.0192241523	-0.0571447006	-0.1239542489	0.0484723936	-0.0511098204	0.0042914146	-0.0245989207	-0.0008338129	-0.0043412168	-0.0650154428	-0.060454144	-0.0743238339	-0.0490102075	-0.1276144183	0.0747587978	-0.0918389451	-0.064573507	-0.0051411288	-0.0248098316	0.0074128899	0.0329919464	0.0133512544	-0.1444570813	-0.0844080107	0.0272885515	0.0554036554	0.0507815715	0.0783412205	-0.0193771747	0.1358030819	-0.1183526264	-0.0385937962	-0.0879606225	0.0841896255	-0.0766099202	0.0073922831	-0.0225440454	-0.0169657659	0.018575107	-0.0868298771	-0.006515095	0.0063877939	0.0954464675	-0.1282524004	-0.0094360603	-0.0972655512	-0.0562816485	-0.0608034632	0.1568921282	-0.0353852398	0.0402182209	0.0316169818	0.1414777499	0.0127039561	0.0534527569	-0.0540388478	-0.0284919163	-0.1165232592	0.0799246852	0.0812449131	0.2970367443955126	0.014211255651972	0.088230827521085	0.0002019597872057	-0.0466967940425462	-0.0488416752963018	0.0021805905738519	0.0023855092457493	0.2669811954126757	0.0560496271155769	0.0712789587039813	0.0031415606997952	-0.0038408260758633	0.000638335108734	1.4751944945031477e-05	4.074717110425749e-07	-0.0030989796126252	-0.0006602002532096	4.358643743380201e-07	9.603674639466636e-06	0.0020620625285629	-0.000289496848832	8.380842548365794e-08	4.25210187170322e-06	0.0	0.0	0.0	0.0	0.0	0.0	0.0	0.0	0.0	0.0	0.0	0.0
756.033100617355	0.852085150252492	571586.0492290916	0.7260491032808118	1221.8525408539324	-6.6963064288565874	1492923.6315912106	44.84051978914607	710.8415662319351	-0.8514698250666015	0.725000862998949	505295.73228307057	808.6655048811411	668.4651947129959	0.972193	42.744259	0.2364438823077521	0.1159189898727968	0.1051363414	-0.0736312942	-0.0418383701	0.0273921065	-0.0493867785	0.0541254181	-0.029335762	-0.0338891754	-0.0256578748	0.1391515493	-0.0114484703	-0.0162681174	0.0305076415	-0.1066568867	0.0153577992	0.0024701435	0.0186356385	-0.0611155702	-0.0508532802	0.0007514333	0.0694871504	0.1270910625	0.1567071679	0.0718861069	-0.0848433927	-0.0007585281	0.1226783118	0.0585109512	-0.1290729495	0.0651894782	-0.0156956972	0.0193464192	0.1599577983	-0.0767547091	0.0829357946	0.0392545439	0.0654041956	-0.0169248143	0.026273213	-0.0274864282	-0.0492371154	-0.0599732691	0.0073947714	0.1495723836	-0.1404538034	0.0186366612	-0.0308563	-0.0898007586	0.0677090034	0.1254070868	0.0181567013	0.0824447363	0.0767583235	-0.0299829177	0.0942580705	0.0253402875	-0.0572243298	0.00414158	-0.0363497938	0.0233144389	0.0199178435	-0.0560318594	-0.0267421885	-0.0320481601	0.0459117327	-0.0119266214	-0.1837227532	-0.015924025	-0.106603516	0.0714305892	-0.0553486967	-0.0561093485	-0.0674141026	-0.0212542693	-0.0257820081	-0.0548468868	0.0587645553	0.0462239175	0.1388266223	0.092065153	0.0301998801	0.0854200364	-0.1227015331	0.0704550909	0.019551919	-0.0990384997	-0.0720650473	0.090943752	-0.0364402224	-0.0278711225	-5.41901e-05	0.0111578344	0.0337324055	0.0264901965	0.1655822127	0.0382831801	0.0180449874	0.1430716875	-0.0774255151	0.1304447625	-0.0284390015	0.0618434821	-0.0027783532	-0.0584091447	-0.0436922147	0.0226742597	0.0185960318	-0.0225685985	-0.0717041499	0.0821225635	-0.0317782535	-0.1134548014	0.0876327994	0.0703125971	0.2989999314044524	0.0019631870089398	0.0894009589798672	3.854103232070101e-06	0.044985128001926	0.0916819220444722	0.0020236617413496	0.0084055748297686	0.2222885691362606	-0.044692626276415	0.0494122079686461	0.0019974308434833	-0.0050769980496762	-0.0012361719738129	2.577590919641594e-05	1.528121148840481e-06	-0.003003866238576	9.51133740492e-05	9.046553923023032e-09	9.023212379256728e-06	0.0026929001202593	0.0006308375916964	3.979560670973141e-07	7.251711057692553e-06	0.0	0.0	0.0	0.0	0.0	0.0	0.0	0.0	0.0	0.0	0.0	0.0
757.4166145715332	1.38351395417817	573679.9280290024	1.914110861405716	1225.9921337991789	4.139592945246477	1503056.7121374635	17.1362297523344	713.375056982771	2.533490750835881	6.418575384570956	508903.9719251717	813.410823164315	683.8278755820758	1.034409	45.479725	0.234688373552616	0.1471632551504756	0.0752494442	-0.1534662404	-0.0940440386	0.0627113875	0.0507321817	-0.0685048246	-0.0041976876	-0.1033623025	0.0975504093	0.2240247433	0.0471439267	0.0052170661	-0.010244462	-0.0968412748	0.1340219187	0.0482128368	0.0815184059	0.0686774794	-0.066646626	-0.0794123061	0.0398015147	0.046111724	-0.1865215393	0.0072221483	-0.0918990587	-0.0060631197	-0.0565770314	-0.0527399996	0.1458032243	-0.0379801129	-0.0483255177	0.0437781459	0.049585495	-0.0215898412	0.0635001518	-0.0202003836	-0.1632214823	-0.0338998802	-0.0101017975	-0.0655789437	0.0132322852	0.0872044244	-0.028594193	0.056144737	0.0149623288	0.048492126	-0.1747798795	0.1404245705	0.1489029854	0.0875355255	-0.0988221244	0.0353032654	0.0277908683	0.0768507185	0.0607874121	-0.08450702	-0.1671556532	0.0240321318	-0.0187688247	0.0126586958	0.0012792144	0.1751576679	0.0053962125	-0.0306768191	-0.0250125704	0.0636652172	0.1082723571	-0.0558129877	0.0130154495	-0.0185819402	-0.0178074995	-0.0469910597	-0.0079639545	-0.0991113687	0.052198727	-0.0103980276	-0.1180329378	0.1840579825	0.0319462223	-0.0958310025	0.0376831135	0.0746573689	-0.1764900114	-0.0333793475	0.0027253984	-0.0052767126	-0.1294300761	0.0649140237	-0.0869162937	0.0624151265	-0.0709033059	-0.1001597203	-0.0269572569	-0.0571418032	-0.0606158706	0.0798461891	0.0362102894	-0.1271733615	-0.1079158258	-0.0691114779	0.0380613441	0.0149141432	0.0840597885	-0.0071429446	0.0444561251	0.0074554416	-0.0546068971	0.0294627385	-0.1127171222	0.0090107528	-0.0350428114	-0.1100753719	0.0948006283	0.0586099215	0.30918268232341	0.0101827509189575	0.0955939310486986	0.0001036884162775	-0.00399998544394	-0.048985113445866	1.599988355173188e-05	0.0023995413393043	0.1970620294793832	-0.0252265396568774	0.0388334434625332	0.00063637830306	-0.0023908962491583	0.0026861018005179	5.716384874239228e-06	7.215142882745504e-06	-0.0027007064950079	0.0003031597435681	9.190583012027629e-08	7.293815572177855e-06	0.002676282273727	-1.6617846532300008e-05	2.761528233710754e-10	7.162486808665361e-06	0.0	0.0	0.0	0.0	0.0	0.0	0.0	0.0	0.0	0.0	0.0	0.0
754.9903114664384	-2.426303105094803	570010.3704081896	5.886946757792683	1227.0600479294585	1.0679141302796324	1505676.361224645	1.1404405896509038	711.1817721404874	-2.1932848422835605	4.810498399390823	505779.51302488416	811.7474704843022	665.7369192588951	0.976992	42.955254	0.1411127046684594	0.0809951214503183	0.116954966	-0.0930757796	-0.0257817065	0.003792932	-0.0285010621	-0.1110234447	0.0299080561	0.0099207363	0.0088807512	0.1182263094	-0.0236010477	-0.0941727517	0.0247076129	-0.0725062783	0.0367637251	0.1327783582	0.0411208888	-0.0911764702	0.0541213704	0.0374552822	-0.0126703592	0.1083371499	-0.0628399803	-0.2175837679	0.110898781	-0.0739040104	-0.1093823941	-0.0668726956	-0.1141093886	0.0548559871	0.0648061955	-0.1588935513	-0.1511628067	0.07088592	-0.0155544103	0.0886513189	0.0778822235	-0.2010143756	-0.0309912662	-0.160559958	0.0514399969	-0.1113411742	0.0036555644	0.2067457663	-0.1183113187	0.0555036489	-0.0887508266	0.0849427629	-0.0862999137	-0.087856073	-0.0109428403	0.0672842718	0.0533358571	-0.0347000034	-0.0199753034	0.0350704256	-0.1552319999	0.0867399876	-0.0549742269	0.0769892687	-0.0113731326	-0.0414790617	-0.0923860782	-0.0454736756	-0.0183437083	0.0064469216	-0.1242647307	0.0597803468	0.0188617954	-0.1043174506	-0.1067715781	-0.0249854904	-0.1527700374	-0.0564920123	0.009718291	0.0231899265	0.0740666705	0.145063982	-0.004206316	-0.0871074768	-0.0718664057	-0.1328003948	0.1155101625	-0.0189601214	-0.1505395859	-0.0401643315	-0.0915847942	0.0953756083	-0.0564252043	0.0236459517	-0.0632838968	-0.0367813723	-0.010076938	-0.0071342402	0.1867554796	-0.0099210215	0.0247218025	0.0021059462	-0.0760467867	-0.0350944028	0.019949986	0.0429233991	-0.0669202464	0.0373212665	-0.0725071111	-0.0099057786	0.1413250016	0.0424767109	-0.0548098432	0.0131073538	-0.0382833527	-0.1063942335	0.1013839798	0.0462651033	0.3188489726323666	0.0096662903089566	0.1016646673487156	9.343716833702836e-05	-0.002909528055909	0.001090457388031	8.465353508121604e-06	1.189097315111392e-06	0.238972421961165	0.0419103924817818	0.0571078184579851	0.0017564809979769	-0.0031239569067117	-0.0007330606575534	9.759106754991732e-06	5.373779276526231e-07	-0.0035929307396305	-0.0008922242446226	7.960641026923692e-07	1.2909151299781771e-05	0.0028199086613448	0.0001436263876177	2.0628539220138484e-08	7.951884858327422e-06	0.0	0.0	0.0	0.0	0.0	0.0	0.0	0.0	0.0	0.0	0.0	0.0
755.304919301108	0.3146078346696868	570485.5211204534	0.0989780896355489	1223.7791484179418	-3.2808995115167363	1497635.404102543	10.76430160467076	710.9893613041847	-0.1924108363026562	0.0370219299266875	505505.8718877325	811.624693617134	667.7585909676213	0.957861	42.114143	0.1433793942536152	0.0722952098615634	0.0819158218	-0.122531279	-0.0285077256	0.0545006596	0.0116588002	-0.0252086529	0.0424531595	0.021697245	0.0033775381	0.1937560073	-0.0043537834	0.0149829688	-0.0344535571	-0.1312176743	0.0872580526	0.1446016583	-0.0453569536	0.0474443592	0.14188595	-0.1465696464	-0.0212499237	-0.0244754747	-0.1133783607	-0.1524883899	0.0472884188	0.085752447	-0.0520561396	0.0729377268	-0.0394550551	-0.0175676014	0.1396937652	-0.011410013	-0.0698823617	0.0613422344	-0.0033520631	-0.092224083	0.004803127	-0.0158083072	0.0594933576	0.0121455614	-0.1052173986	-0.0542852156	0.0755919291	-0.0192443051	-0.0878027505	-0.0009808411	-0.0042113868	0.062578694	0.0820906853	-0.0568885105	-0.1150272922	-0.0738187704	0.0396825811	0.0309659065	0.0487535517	-0.0469318537	-0.1403440897	0.0119411692	-0.0889347668	0.1136266912	-0.0725123808	0.1159691402	0.0539991669	-0.0419714293	0.0373777012	0.0193255678	0.1171585722	-0.1105116866	0.1434736983	-0.0528641285	0.079871427	0.0633374608	0.0139018417	0.0554851632	0.1549065973	0.0767314403	-0.0612692452	0.1150253829	-0.0534890853	-0.0065816706	-0.1587290914	0.0062080212	-0.0886459228	-0.1083814214	-0.1089705674	0.0150698299	-0.1145722703	0.0814762876	-0.0993014558	0.0893773388	-0.0813266968	-0.0441325094	0.0102564145	-0.1184107478	-0.0789405288	0.1009373679	0.079411535	-0.1254775287	-0.02546669	-0.0870584184	0.0473384533	-0.0504101321	0.039290341	-0.0659633895	0.0731345762	-0.0688057275	-0.0523436352	-0.1157221723	-0.0982802159	0.0423490356	-0.0414976565	-0.1024214758	0.1073422654	0.033413395	0.2733645752981886	-0.045484397334178	0.074728191027959	0.0020688304008533	-0.0211111192234056	-0.0182015911674966	0.0004456793548648	0.0003312979210286	0.2461355594886356	0.0071631375274706	0.0605827136447836	5.131053923745775e-05	-0.002806082261813	0.0003178746448986	7.874097660061562e-06	1.010442898694744e-07	-0.0029652579277996	0.0006276728118308	3.939731587117083e-07	8.792754578378378e-06	0.002314850753585	-0.0005050579077597	2.5508349019070644e-07	5.358534011373043e-06	0.0	0.0	0.0	0.0	0.0	0.0	0.0	0.0	0.0	0.0	0.0	0.0
753.9841912588124	-1.3207280422956271	568492.1606682055	1.7443225617060405	1225.5138540109876	1.7347055930458737	1501884.2063728643	3.009203494544636	708.9683427352827	-2.0210185689020363	4.084516055846835	502636.1110008133	809.0987127199618	661.5506278232375	0.998225	43.888817	0.1707392578601449	0.1040579260989077	0.143777687	-0.1398656935	-0.0011790229	0.0220182026	-0.0732542856	-0.0743777587	0.0663677554	0.0715793773	0.0046569916	0.1224140526	0.0229136462	-0.1028043426	0.014657168	-0.2022952236	0.0625316061	0.0370476357	-0.0167014665	-0.0838036288	-0.1511474164	0.1023965736	-0.0614211565	-0.1182342248	-0.0643047938	0.0785557224	0.0462864723	-0.0884912728	0.0343276595	-0.0252461026	-0.0162485277	-0.0026090743	0.1255513017	0.05735236	0.0245318187	-0.1189937801	-0.0173645107	-0.0581345392	0.0365061464	0.0893909325	-0.1280793409	0.0599763033	0.0613298497	-0.0202042184	-0.0333508615	0.0716489738	0.0835546378	-0.0929446539	0.0003757731	-0.0895409003	0.0344939956	-0.0203345205	0.2080392645	-0.1036860847	0.0895785024	-0.0624395414	0.0738418626	0.0472431236	-0.1745310575	0.1091014715	-0.0180451034	0.0366716332	-0.0973729694	-0.0979467355	-0.1115994329	0.0715862823	-0.0628406265	-0.0187177232	0.0260977494	0.128422026	-0.1028806918	0.0756093225	-0.0753799922	-0.0023003717	-0.0215463937	0.0929288487	-0.0010621047	0.0880540773	-0.0213454363	-0.1113985679	0.0296977715	0.1308975442	0.0553655656	0.0273203503	0.0584634193	-0.0880331226	0.0526194163	0.0033650541	-0.134325058	0.099856241	-0.1010699655	0.1176858693	-0.0699352713	-0.0608140823	-0.0501808524	0.0223152953	0.2121051166	0.0447253019	-0.0884163977	0.0373962564	-0.0762342193	-0.1556789802	0.026823634	0.1597943172	-0.1811797785	0.095591055	-0.0682460096	0.0967311105	0.1244876177	0.1070267739	0.1328899625	-0.0270357464	-0.0446835199	-0.098167988	0.1126387502	0.0201956026	0.2984060730587288	0.0250414977605402	0.0890461844383313	0.0006270766100911	0.003372778325442	0.0244838975488476	1.1375633632571342e-05	0.0005994612391824	0.2373282046371585	-0.0088073548514771	0.0563246767162969	7.756949947983721e-05	-0.0011277352135544	0.0016783470482586	1.2717867118905882e-06	2.816848814398356e-06	-0.0030450939582482	-7.983603044860003e-05	6.373791757789792e-09	9.27259721455969e-06	0.0028047978288634	0.0004899470752784	2.400481365738581e-07	7.866890860796843e-06	0.0	0.0	0.0	0.0	0.0	0.0	0.0	0.0	0.0	0.0	0.0	0.0
757.020313188534	3.0361219297216167	573079.7545800662	9.218036372136512	1231.9664397266029	6.452585715615214	1517741.3086126414	41.63586241736151	710.5226913623595	1.55434862707682	2.415999654495595	504842.4949408109	818.9561951890679	693.0230661880348	1.674413	73.61865199999998	0.8542919017264354	0.5063081733387167	-0.2357280161	-0.1986364365	-0.0473869886	0.0518150884	0.2439035761	0.1681845686	0.1166450972	-0.2130967495	-0.1966456433	-0.0102026869	-0.0985207707	-0.0990819131	-0.2868769164	-0.0349202313	-0.0369413217	0.0304669832	0.0715450779	0.0629145394	-0.0362043764	0.0437648808	0.0333488486	0.0768100158	0.0867962317	0.0461244293	-0.0232532291	-0.0655931923	0.1915727419	0.0414227621	-0.0183724297	-0.1354335461	-0.0569306921	-0.1647089089	-0.0697969473	-0.037667052	0.1460119087	-0.0460845642	-0.1551784327	-0.0368382234	0.1547675559	0.2130190979	0.0241072338	-0.0651646727	-0.0027583101	0.0173762834	-0.0396022054	-0.0002253339	-0.0881475583	0.0057271158	-0.1020055326	-0.214983121	0.207635475	-0.2103328312	-0.2359637546	0.1383168624	0.2481113686	-0.036466778	0.0114956954	-0.0527189461	-0.0554560208	-0.2349648752	-0.0450161884	-0.12671067	0.0061935057	-0.0440070765	0.0600787249	0.1189312126	-0.070953831	-0.0309115597	0.1433270246	0.2326241234	-0.1364434559	-0.0075522492	-0.1142414452	-0.0762273149	-0.0393524765	-0.0196922411	-0.0470673387	-0.0953389248	-0.0251822308	0.0202948578	-0.0484457081	-0.0712693534	-0.1022176315	-0.076307565	0.0060852737	-0.0419058977	-0.1726452507	-0.2398613773	-0.0104377299	0.0264996698	0.3701675177	0.0879265642	-0.0440957285	-0.00737751	0.026881631	0.1986370769	-0.0374874672	-0.0025361408	-0.070671173	-0.0304292977	0.371210636	0.068320583	-0.1884900954	0.053325614	-0.0374503619	-0.0144440681	-0.0466923295	-0.158871963	0.1657612987	0.0019264018	-0.0478387595	-0.0936454286	0.1172407796	0.0067565429	0.1777187249189893	-0.1206873481397395	0.0315839451868313	0.0145654360010026	-0.0106838795314558	-0.0140566578568978	0.0001141452818426	0.0001975896301058	-0.2369703767558846	-0.4742985813930431	0.0561549594598258	0.2249591443114531	-0.0048059800377413	-0.0036782448241869	2.3097444123167868e-05	1.352948498665772e-05	-0.0028083834762866	0.0002367104819616	5.603185227049306e-08	7.887017749879607e-06	0.0018147668482768	-0.0009900309805866	9.801613425212652e-07	3.29337871360451e-06	0.0	0.0	1.0	0.0	0.0	0.0	0.0	0.0	0.0	0.0	0.0	0.0
758.2438171810423	1.2235039925083129	574933.686293278	1.4969620196837818	1223.895769877987	-8.070669848615807	1497920.8555252303	65.1357118053563	718.1601115490735	7.637420186713939	58.33018710842558	515753.9458201776	814.3470281481018	668.005674815517	1.404376	61.746006	0.3924348889243182	0.1904109397209212	-0.1348023867	-0.0723820207	0.0115208164	-0.0647530853	0.1062077671	0.0366013082	-0.2390634814	-0.1382450892	0.063177098	0.0013645711	-0.0782221301	-0.2180086337	-0.1542071816	0.1525737138	0.1711543507	-0.0403570168	-0.1037662391	-0.0684077887	0.1598488808	-0.1047131983	0.1140546409	0.061184281	0.2685842704	-0.0864367106	0.1302843541	-0.0448720506	-0.0971213626	-0.0481935903	0.2443782833	-0.0173839777	-0.1222391201	-0.2018591761	-0.0792120698	-0.0422787862	-0.0177845437	-0.034619229	-0.1575795583	-0.0931964763	-0.0854601757	-0.12920968	0.0895710725	0.0950249048	0.1110230888	0.1617812695	0.0191766284	-0.0584935508	0.0359701999	-0.1234971145	0.0719217395	0.0820061488	-0.1459096201	0.0374100603	-0.0653207281	0.2153718491	-0.04769977	0.3130731365	-0.0790881233	-0.1846726393	0.1236313956	0.1200880083	0.0213219271	0.0244040408	0.050412304	0.036255705	0.14760923	-0.1190974119	-0.1154654721	-0.1635705486	0.0917221736	0.0020913117	0.1276299527	-0.0803371682	-0.1681938264	-0.0319484969	-0.2621491723	-0.0629516274	-0.1141094193	0.0527750736	-0.0250235522	-0.170428179	0.1072231244	-0.0854150453	0.110866079	-0.1260394003	0.0084927001	-0.0417065991	-0.0867711145	-0.1412591522	0.1875644305	-0.0798668888	0.0696913083	-0.0800348671	0.1755112303	-0.0598948943	0.1632872845	-0.161145808	-0.1724739842	0.188510934	0.0546061294	-0.1059402585	0.0709488009	-0.2593707249	0.0243434051	-0.1984636224	0.125257167	0.1221100359	-0.173697756	-0.0304230777	0.066315933	-0.0515441977	-0.0509612127	-0.0888661936	0.1211199807	-0.0067565429	0.2888327656177551	0.1111140406987658	0.083424366494401	0.0123463300404069	0.0254295037490948	0.0361133832805505	0.0006466596609252	0.0013041764519679	-0.1653684376091178	0.0716019391467668	0.0273467201572806	0.0051268376895772	-0.0062704420445969	-0.0014644620068556	3.931844343464855e-05	2.1446489695235314e-06	-0.004160803108957	-0.0013524196326704	1.82903886283234e-06	1.7312282511506237e-05	0.0024699957247155	0.0006552288764386	4.293248805191211e-07	6.100878880112848e-06	0.0	0.0	0.0	0.0	0.0	0.0	0.0	0.0	0.0	0.0	0.0	0.0
753.4204000647958	-4.82341711624656	567642.2992337969	23.26535267730028	1213.7906915443375	-10.105078333649544	1473287.8428796811	102.11260812919345	715.0238125950128	-3.136298954060635	9.836371129241831	511259.052577908	822.0475820576202	703.7245877939378	1.724738	75.83130599999998	0.5359287391277139	0.3660374810990014	-0.3540489793	-0.144513175	-0.0901510568	-0.1357962873	0.3581796809	-0.0400957658	0.2179147483	0.1088317427	0.0561635896	0.0217282942	-0.1356795721	-0.0930426135	-0.3298823841	0.1119449893	0.0851850616	0.126802973	0.1182302343	-0.0596225043	0.0123808634	0.0737825288	0.0843819231	-0.0954191242	-0.0049821017	0.0483741031	0.1289924102	0.1856374515	0.1066362969	0.0521267761	-0.0120157882	0.0251818405	0.189089886	0.0804805833	0.0432606881	-0.0259276194	-0.0642404319	0.0323244417	0.0238607394	-0.1498934218	-0.0512847253	0.1069661798	-0.0447915825	0.0447953174	0.0010949066	0.1858735651	0.1958924637	-0.0758178615	-0.0214649849	-0.0264309823	0.0068491948	0.1099338562	-0.0487486408	0.0710288213	-0.3851329147	0.1075584775	-0.0139820826	-0.1287357653	-0.1699870068	-0.1220274446	-0.1305271475	0.0324555557	-0.0504088649	-0.0806187853	0.1213537744	-0.1791117526	-0.0615756282	-0.0333431139	0.1486904265	-0.0264553584	-0.1429524282	-0.0757288494	0.1140231191	0.1718610256	0.1043882151	-0.0001431522	-0.0639099941	-0.0394573593	0.3280923415	-0.028202757	0.0325461939	-0.0544580316	-0.070045917	0.0844554175	0.0729076183	-0.0379959255	0.0709311501	-0.0073481831	-0.1021317419	-0.3614023504	-0.1755262409	0.0051670676	-0.057364933	-0.0788174188	0.0695838908	-0.3984589265	-0.2881378003	-0.2006164882	0.0450852216	0.0147933673	-0.2270537228	0.2988047248	-0.068626614	0.0645260232	-0.1390660487	0.2879765045	-0.0747630277	0.0801779583	-0.0802804862	0.0836491193	-0.0582867351	0.187444461	-0.0540487397	-0.0838433825	0.1242524367	-0.0201956026	0.3369084453203754	0.0480756797026202	0.1135073005281923	0.0023112709788689	0.036551469309856	0.0111219655607611	0.0013360099087093	0.0001236981179347	-0.5077076583481102	-0.3423392207389923	0.2577670663453213	0.1171961420561805	-0.0048959252641574	0.0013745167804395	2.3970084192214706e-05	1.88929637970977e-06	-0.0046830424894821	-0.0005222393805251	2.727339705712402e-07	2.1930886958294705e-05	0.0032610770262577	0.0007910813015422	6.258096256497011e-07	1.0634623371185764e-05	0.0	0.0	0.0	1.0	0.0	0.0	0.0	0.0	0.0	0.0	0.0	0.0
748.3088047466647	-5.111595318131094	559966.0672613819	26.128406696339724	1199.4749211474675	-14.315770396869992	1438740.086461723	204.94128205589925	705.4948949920997	-9.528917602913111	90.80027068310736	497723.0468599138	812.8997774182178	719.1778926252754	1.738019	76.415222	0.4736813631522417	0.2384611648448136	-0.3588608097	-0.1008674277	-0.1103055128	-0.5631000059	0.0893642717	0.2762986231	0.1484135234	0.1764409445	-0.0163695355	0.1324653099	0.0507544612	0.1299629877	-0.3522699842	-0.0948076363	-0.3967137122	0.1952478387	-0.0487951861	0.3698200481	0.0015469485	-0.1974463561	0.1234015403	-0.0006770652	-0.0750430411	0.1345199003	0.0467277608	0.0371253861	-0.1032525038	0.0598339091	0.0162193816	-0.053606907	-0.089704949	0.0618001927	-0.0511884577	0.0112549155	-0.0438028603	0.0660122354	0.0599491738	0.0243792931	-0.119104375	-0.0923630648	0.0087038221	-0.0346885346	0.0997407933	-0.0440153083	0.0770804458	-0.021739672	-0.0156626081	-0.0164201897	-0.0565854967	0.0748062309	-0.0441104473	-0.0580904158	-0.4711633613	-0.6227493671	0.1535603811	-0.0764126979	0.0777774804	0.0364282716	0.1301200349	0.0791435575	-0.0146991151	0.1266015943	0.1773819229	0.2497775301	0.0241127696	-0.0239183596	0.1043246944	-0.048962177	0.0304170923	0.0665149968	-0.007214439	-0.0044417978	0.0818529213	0.0081473422	-0.071695906	0.0162783239	-0.1148812954	0.0142469804	-0.0290859794	-0.1090319688	0.099628655	0.0361911894	0.0610802199	0.0045387826	0.0663614167	-0.0685736625	-0.0560915389	-0.4081434723	-0.3685677693	0.1740722783	-0.0802525579	0.1514199881	-0.040785715	0.552752282	-0.0050023183	-0.1496176244	0.3271643334	-0.0023316232	0.2564606503	0.0113500793	-0.0898440937	-0.0936909576	-0.0289699992	-0.0857002931	-0.0469339783	0.018571482	-0.0554034837	0.0627111959	-0.0437073239	-0.0445104353	-0.0570992244	-0.0785907625	0.1266188352	-0.033413395	0.3571018802818457	0.0201934349614703	0.1275217529008296	0.0004077748155431	0.0033966289188924	-0.0331548403909636	1.1537088012656157e-05	0.0010992434413502	-0.638927626434068	-0.1312199680859578	0.4082285118206719	0.0172186800244797	-0.0021028586582904	0.0027930666058669	4.422014536746901e-06	7.801221064809401e-06	-0.0070571706096229	-0.0023741281201407	5.636484330843288e-06	4.980365701332525e-05	0.0038761446945269	0.0006150676682692	3.7830823655011117e-07	1.5024497692909036e-05	0.0	0.0	0.0	0.0	1.0	0.0	0.0	0.0	0.0	0.0	0.0	0.0
750.2225123245644	1.913707577899686	562833.8179985811	3.6622766937106825	1226.2421942020649	26.767273054597357	1503669.9188414945	716.4869067793735	710.9491477709138	5.454252778814066	29.74887337520096	505448.6907161886	807.3617029480228	632.6643883551467	2.319481	101.980278	1.1245827440150455	0.8424960721711994	0.0895848143	-0.0159047634	0.1666593794	-0.3895129418	-0.3482652717	0.0573216399	-0.0188728867	0.0601466238	-0.075902217	-0.0238134304	0.1399715178	-0.2218611201	0.0047375261	-0.0298729853	-0.0808520632	-0.075782738	-0.2239366697	0.0477053468	0.006574145	0.0106911788	-0.1030555214	-0.0516303695	0.090562095	0.0026561333	0.1489532557	-0.0948580654	0.0887361333	-0.0109806638	-0.0723331266	0.0946946739	0.1571761168	-0.0127968688	-0.0780245678	-0.1198196432	-0.0610628593	0.1021216019	-0.2407826064	0.105709364	-0.1139082344	0.0527312641	-0.0551033664	-0.1668215497	-0.0210602332	0.0005206535	0.0091913937	-0.0645307956	-0.0050499524	0.136057879	0.0443528519	0.0906848428	-0.0325190168	0.0315977614	0.0732111274	-0.226877946	-0.1082126352	0.5370607937	-0.0534507313	-0.077154031	-0.0540183794	-0.0293796909	-0.0864887613	-0.0410196878	-0.1643499145	0.0844619855	-0.0120602434	0.009243643	0.0514516659	0.1719807139	0.0129414789	0.1583953175	0.0042638021	0.0400950772	0.039947083	-0.0865587118	0.0108933423	0.1572766634	0.1130787438	0.0428053203	-0.2113084887	-0.0572101086	-0.0501503322	0.037048429	-0.0376700812	-0.11983682	0.0210496335	0.017343245	-0.040749952	0.0415281214	0.1293194394	0.0329987891	-0.1654219298	-0.0594854783	-0.1434060772	0.1167034924	0.2728453718	-0.1189111385	-0.301763812	0.0751409955	-0.1168108241	0.152925573	-0.0732027268	-0.0230090573	0.0161865455	0.0295076328	-0.0734544486	-0.0679775091	-0.2167185249	0.1251076359	-0.0786889449	-0.0290731686	-0.0601105761	-0.0731227308	0.1282045865	-0.0462651033	0.325386706954788	-0.0317151733270577	0.105876509062881	0.0010058522191653	0.1659883268889217	0.1625916979700293	0.0275521246633835	0.0264360602487772	0.1791981590449154	0.8181257854789834	0.0321119802050867	0.6693298008656036	-0.0033959658139676	-0.0012931071556771	1.1532583809636624e-05	1.6721261160635778e-06	-0.0064472504892232	0.0006099201203996	3.7200255326838413e-07	4.15670388707888e-05	0.0042161191632295	0.0003399744687026	1.1558263936961517e-07	1.777566079855102e-05	0.0	0.0	0.0	0.0	0.0	1.0	0.0	0.0	0.0	0.0	0.0	0.0
749.9539441632597	-0.2685681613046426	562430.9183660297	0.0721288572665565	1201.9812649890205	-24.260929213044392	1444758.9613846058	588.5926862803508	713.4622865078763	2.51313873696256	6.315866311221771	509028.4342690471	812.933752017379	645.9749623339324	1.329265	58.443584	0.3342005074503512	0.2237474281528938	-0.0656004658	0.0074864834	0.1032291449	0.07236231	0.1425840592	0.078293819	-0.0852013549	0.1677560993	0.1073541847	0.1509550686	0.0476338848	0.0532762778	-0.0318299506	0.0374588962	-0.0323977101	-0.0821054909	0.0866934438	-0.1378989544	-0.1017566379	0.0576533672	-0.0234744439	0.0660046728	-0.0761489306	-0.001737114	0.1596017938	-0.0298436507	-0.1436365621	0.0423929899	0.0742022286	-0.0668899451	0.1167869529	-0.0020361427	0.0247764138	-0.0570014863	0.0383983213	-0.0957411947	0.1080390259	0.0469310518	0.00407886	0.0516558533	-0.0224680269	0.0171190986	-0.0457833882	-0.0330985136	0.0074180832	0.065714647	0.0005292637	0.0680442443	-0.0600437835	0.0822210134	-0.0676269934	0.0729309501	-0.0302782689	0.0986786775	0.0244635655	-0.1190328791	0.0613743021	0.0285998469	-0.0409928431	0.1087927726	-0.0937770394	0.2168469205	-0.1009531556	0.0918925522	-0.0172976618	0.0384195976	0.1101321097	0.0634855217	-0.0493302084	-0.0798830629	0.1798208501	-0.0903084128	-0.0760242257	-0.0574110754	-0.0418761862	0.1798041934	-0.0092637115	0.0227679096	-0.0827235406	0.1509026465	-0.0798807864	0.0299487183	-0.0110384863	0.0882732288	-0.1087437952	0.0301178999	0.0017932326	-0.0329980173	0.0700372993	0.0367452249	-0.0492638197	0.0156476982	-0.0858042909	-0.0019860835	-0.1361696442	0.04769702	-0.0425959081	-0.256735077	0.0009142919	0.1126168267	-0.1139799884	-0.0328822104	0.0606440491	-0.017701786	0.0417585552	-0.0600452525	-0.1703472099	0.0324803223	-0.0202207836	0.0564433275	-0.063080731	-0.0674542747	0.1289999139	-0.0586099215	0.3111398875252149	-0.0142468194295731	0.0968080296092033	0.0002029718638588	-0.0262478548797133	-0.192236181768635	0.0006889498857864	0.0369547495809836	0.1634105269181773	-0.015787632126738	0.0267030003076763	0.0002492493281692	-0.0049572588164552	-0.0015612930024876	2.4574414973322813e-05	2.4376358396167466e-06	-0.0061221701861806	0.0003250803030425	1.0567720342626857e-07	3.74809677885586e-05	0.0038638949862516	-0.0003522241769779	1.2406187084775914e-07	1.4929684464780253e-05	0.0	0.0	0.0	0.0	0.0	0.0	0.0	0.0	0.0	0.0	0.0	0.0
750.2284631064372	0.2745189431774406	562842.7468550467	0.0753606501632588	1230.291015751454	28.309750762433623	1513615.983438745	801.441988231111	713.7120867564558	0.2498002485795041	0.062400164190382	509384.9427822548	815.5209158226153	633.4373585741666	0.989667	43.512531	0.0753679927426799	0.0400896105534097	-0.0065609159	0.0453236797	0.1506285222	0.0580136786	-0.0269055455	-0.065115255	0.0225548836	0.1356011391	0.0165895241	-0.2164559456	0.0623164036	-0.1328393201	0.013507254	0.0263070622	-0.0449635027	-0.1042914926	0.0094566588	0.0795251476	-0.0730672244	0.0104712788	-0.0374124372	-0.1410947751	0.0551034855	-0.0198985893	-0.0337143921	-0.0495505717	-0.0565174589	0.031955914	-0.1464253721	0.074129383	-0.0113184148	-0.0381015726	0.0323595407	0.0164799564	-0.0427220405	0.0739631268	-0.025719317	-0.0124135959	-0.0425673718	0.0905954616	0.0058187026	0.2347316726	-0.0108267856	-0.0374110114	0.0759641932	0.141602647	-0.2735013771	0.055935615	0.1112458327	-0.1288181453	-0.028943486	-0.1082337517	0.0181119536	0.057208874	-0.0206971511	0.0747525811	0.0904582111	0.0632136656	0.0271508667	0.0307329834	0.0167350395	-0.1080845498	-0.1722184253	-0.0032794215	0.036480954	-0.0117369972	0.1055545319	0.1354139759	-0.024075057	-0.0523918478	-0.1009087172	-0.0144026288	0.1668830456	0.0437240102	-0.0379963302	-0.0983102053	0.0172705695	-0.0550236504	-0.1012733376	-0.060042087	0.0529008108	-0.0618008469	-0.2408359627	0.1336608916	-0.0125302132	-0.0239730913	0.0268160209	0.0067588874	0.140668759	-0.0042221289	-0.0832392193	0.0389156952	-0.0750793246	0.0504707215	0.0924708071	-0.0706285194	-0.1468843285	-0.1027987217	0.0533102044	-0.0133677117	-0.0283475315	-0.1108995392	-0.0206593666	0.0069926597	-0.0286645641	-0.0263877928	0.056947566	-0.0417196515	0.012886997	0.0048609092	-0.0660076536	-0.0616009311	0.1289999139	-0.0703125971	0.3153733623040295	0.0042334747788146	0.0994603576509486	1.7922308702859654e-05	-0.0432906703076554	-0.017042815427942	0.0018740821356861	0.0002904575577109	0.1919172524326455	0.0285067255144682	0.0368322317812957	0.0008126333995572	-0.0050420950468378	-8.483623038259974e-05	2.542272246134628e-05	7.197185985529539e-09	-0.0064210264124029	-0.0002988562262222	8.931504395183437e-08	4.122958018877565e-05	0.0037358879024274	-0.0001280070838242	1.6385813509175776e-08	1.3956858419503398e-05	0.0	0.0	0.0	0.0	0.0	0.0	0.0	0.0	0.0	0.0	0.0	0.0
752.5855833137296	2.3571202072923825	566385.0602116666	5.556015671626084	1226.6766348991605	-3.614380852293607	1504735.5666075284	13.06374894542666	716.2901427100458	2.57805595358991	6.646372499840381	513071.56854357774	818.0698053851331	640.8896150055655	0.8830639999999998	38.825565	0.0978462271169134	0.0504886822369434	-0.0412316076	0.0540547116	0.114447251	0.0641920312	0.0173455023	0.0148144885	-0.0412112711	0.0911213823	-0.00012258	-0.1061842091	-0.0059391736	0.0168465589	0.011803862	0.122163566	0.1174466371	-0.0543451421	-0.1326192098	-0.09995123	0.1950656334	-0.0709930715	0.0700859139	-0.0853787856	-0.1404283424	0.0510623283	0.0358131171	0.081749864	0.0155072007	-0.1247165099	0.0303858821	0.0817560996	0.0058656835	0.0662684389	-0.0251013854	0.0307910441	0.1947415647	-0.1226767168	0.0733358908	0.014260801	0.1962250988	-0.0871268242	-0.1984615861	0.0439781721	-0.0408335231	-0.1083427363	0.0701428967	-0.0605567407	0.0404107949	-0.1461570295	0.0116604007	-0.0338830974	0.0460011421	-0.1638771755	-0.0169225956	0.0579470271	-0.0451317333	-0.045047729	0.1090805087	0.0624008339	-0.0102564149	0.0670067189	0.0881121192	-0.0224923856	0.0249506359	-0.0331002471	0.0370557799	-0.0124595357	0.0827061947	-0.1971741413	0.0212961454	-0.0019732572	0.0187701327	0.2006547284	0.0464158947	0.1242826291	0.0790355688	-0.1237058132	-0.0735709418	0.0088665264	0.0043025047	0.1728083027	-0.0384964331	-0.0279980934	0.1496664412	-0.0818470418	-0.0983176934	-0.0718552266	0.0384591926	-0.0167003352	0.1005430105	0.0172374013	-0.0618421684	0.0891424086	-0.0443962062	0.0282815363	-0.0137933585	-0.0084562632	-0.0470517822	-0.0785094495	-0.0083582054	0.1108808157	0.0059785999	-0.0361291486	-0.0280601031	0.0696363564	-0.055178743	-0.0999929623	0.0105706692	-0.1483842905	0.0379140394	0.0259653794	-0.0688893378	-0.0555787436	0.1282045865	-0.0812449131	0.3090511035950669	-0.0063222587089626	0.0955125846333287	3.997095518305389e-05	-0.0111138422287666	0.0321768280788887	0.0001235174890859	0.0010353482652183	0.1846166178692385	-0.007300634563407	0.0340832955934764	5.329926502841315e-05	-0.0058941523560678	-0.0008520573092299	3.47410319965396e-05	7.260016582122677e-07	-0.0063677322409476	5.3294171455300215e-05	2.840268711106936e-09	4.0548013892403536e-05	0.0036003092677996	-0.0001355786346277	1.8381566167538458e-08	1.2962226823803693e-05	0.0	0.0	0.0	0.0	0.0	0.0	0.0	0.0	0.0	0.0	0.0	0.0
752.4521497912647	-0.1334335224648839	566184.2377254958	0.0178045049173866	1229.768871307373	3.092236408212557	1512331.4768366104	9.561926004275294	714.3547709292606	-1.935371780785204	3.74566392985969	510302.7387493964	818.2297220907153	641.1672983392154	0.887657	39.027466	0.0730998101548195	0.0357077843929276	-0.0129927964	0.0660757032	0.1110543627	0.0786033827	0.0178011396	-0.0768806723	-0.0906262398	0.046885397	0.0354323829	-0.068546721	0.0329791766	-0.1184841744	0.0598274615	0.0681082526	0.032746361	-0.1313564177	-0.1103522265	-0.0404792151	-0.0250075912	0.0833591818	0.154002691	-0.1069820601	-0.0247376723	0.0224693929	0.056373573	-0.028319357	-0.0147298591	0.1161900752	-0.0694030838	-0.0382146095	-0.1934920761	0.1378889102	-0.0482446473	0.0633102551	-0.0564908352	-0.0488975306	0.0574403224	-0.0257807761	-0.1395151241	0.0329473918	0.0624869097	0.0497531369	0.0881078896	-0.0027817504	0.0025282951	0.0807501849	-0.0659093056	-0.1608557231	-0.1131779814	0.0698489658	-0.0375648978	-0.1006008057	0.0084248724	0.1117627977	-0.0777382525	0.0020539339	0.08107445	0.0792420476	-0.0150155386	0.0440617855	0.0354959548	-0.1626324741	-0.0512066539	0.0947306672	-0.0129893726	-0.020663241	0.1742822151	-0.00030589	-0.0485774276	-0.014601687	0.0524675168	0.0390824262	0.1159040054	-0.0110130698	-0.1454655132	0.0859582238	-0.1053472876	0.0937980053	0.1009649936	0.0664179509	0.1090615499	-0.1025156945	-0.1367666069	0.120510946	-0.0370967401	-0.122177191	0.0425503959	0.002701812	0.1400042542	0.0199717878	-0.0439755092	0.0336526486	-0.0526522368	0.0318063684	0.012837257	-0.0544831259	-0.1020444898	-0.0953216805	0.0424693474	-0.0324486242	0.0212278855	-0.1118917138	0.0271257774	0.0631483199	0.0627603819	-0.0186322593	-0.0297389023	0.0086065052	0.0250104355	0.0786735479	-0.0717238087	-0.0494042187	0.1266188352	-0.0912870929	0.3158555282190036	0.0068044246239367	0.0997647147065057	4.6300194462836256e-05	-0.0329613897353056	-0.021847547506539	0.0010864532132827	0.0004773153320504	0.2092556665789473	0.0246390487097088	0.0437879339953995	0.0006070827213194	-0.0057821502437477	0.0001120021123201	3.343326144127158e-05	1.2544473164164342e-08	-0.0065507354442175	-0.0001830032032699	3.3490172407044415e-08	4.2912134860127445e-05	0.0034991387970969	-0.0001011704707027	1.023546414220591e-08	1.224397232134874e-05	0.0	0.0	0.0	0.0	0.0	0.0	0.0	0.0	0.0	0.0	0.0	0.0
751.9950233120951	-0.4571264791695739	565496.5150861584	0.2089646179579709	1235.4681877220532	5.699316414680197	1526381.6428732146	32.48220759464314	713.706137667881	-0.6486332613795867	0.4207251077679191	509376.4509448042	817.5621357699195	641.3524311499573	0.881438	38.754059	0.1026521841114109	0.0427324783175554	-0.0092309504	0.085294632	0.0843832323	0.0413208267	-0.0219671048	-0.0714266873	0.0513578032	0.1100257958	-0.0504989929	-0.2067294228	0.0140345853	-0.0439655047	-0.000102948	0.0543381446	-0.0534226414	-0.0389582156	-0.0101359841	0.0215459325	-0.0099844313	0.0931785283	-0.0583841222	0.0325343594	-0.0421433264	-0.146441349	-0.1380727906	-0.0213471052	0.0155514539	-0.1731141682	-0.0520895135	0.1447777306	0.1961138567	0.0656306353	-0.0285446673	0.1671948004	-0.0901039355	0.0450337951	-0.0103678681	-0.0192530253	-0.011780349	-0.0378705997	0.0873138541	-0.0585750002	0.110032001	0.0617176377	0.1081536533	-0.0032323593	0.036126966	-0.0585413218	0.0393365047	0.023546407	-0.0518964758	-0.0267864203	-0.0041572178	0.0274115016	-0.0650563617	-0.0249770635	0.1013527693	0.1150444662	-0.0252175303	0.0420311672	0.0456123052	-0.0723424481	-0.0477555393	-0.053637249	-0.0689982509	-0.0002091437	0.0761971897	-0.0321505581	-0.0193092356	-0.0679426169	-0.0429809256	-0.0284749923	0.1265390781	0.1554191195	0.1740888555	0.047859777	0.0610823153	0.0936704281	0.0057666105	-0.2838664669	-0.0232478689	0.0404241007	0.0588242531	0.0116176888	0.0692085364	0.1223871657	0.0562536151	0.0118703297	0.0836561316	0.0193023737	-0.0407465717	0.068819594	-0.0191792469	-4.61185e-05	-0.0170082158	-0.0191622228	0.0093667348	-0.1066373758	0.0773627038	0.0294314176	-0.0246431254	-0.0660366005	-0.0645431905	0.1212798091	0.0014753362	-0.0609276664	0.0794934753	-0.0801177554	0.0082729801	0.115321336	-0.0745091236	-0.0430942802	0.1242524367	-0.1003291122	0.3292343216721605	0.0133787934531569	0.1083952385669276	0.0001789921142622	-0.0620096662838562	-0.0290482765485506	0.0038451987126352	0.000843802370441	0.2309034044642857	0.0216477378853383	0.0533163821931975	0.0004686245555523	-0.0056600813437715	0.0001220688999761	3.2036520818110186e-05	1.4900816341399476e-08	-0.0062505076238128	0.0003002278204047	9.013674414495683e-08	3.906884555534193e-05	0.0038483896012033	0.0003492508041064	1.219761241689671e-07	1.4810102522649694e-05	0.0	0.0	0.0	0.0	0.0	0.0	0.0	0.0	0.0	0.0	0.0	0.0
751.291111465438	-0.7039118466570926	564438.3341669732	0.4954918878641983	1226.7204298999427	-8.747757822110543	1504843.0131339002	76.5232669142962	712.786071185072	-0.9200664828089202	0.8465223327883771	508063.9832754506	813.5745293267116	637.5342082552436	0.898553	39.506569	0.1830039863347998	0.0897489339797039	0.0015100209	0.083188911	0.0756495763	0.1113141474	-0.017093333	0.0445346616	-0.0256960826	0.0814276001	-0.0387442232	-0.152132359	0.0027113959	0.0067627924	0.0884802294	0.0279056587	-0.0961925196	-0.0300478673	0.0302317888	0.0175904513	-0.1447193797	0.0896093283	0.0432673453	-0.0406440925	0.0662755372	0.1379182357	0.0539330801	0.0707096668	-0.0119992583	0.0062103855	-0.0484299395	-0.0911325503	-0.0313751187	-0.0215615853	-0.0787838947	0.0594232043	-0.1352654155	0.003185723	-0.1145892762	-0.0982393464	0.0141681967	0.048860282	-0.1129246924	-0.0678075389	-0.1118724076	0.0352118085	-0.0142098977	0.2472608339	0.0097743138	-0.0039817876	-0.0686008266	0.03826225	-0.0438839827	0.0515631124	0.0395544856	0.0288230517	0.0177284968	-0.0546146599	0.1791181407	0.0479712024	0.0351727363	-0.0758886324	-0.0629845761	-0.0839108235	-0.1398137095	-0.0446012856	-0.0669374976	-0.006729894	-0.0092253374	-0.0153297648	-0.0712137057	-0.0700414832	0.0181238299	0.0849940782	0.1155602825	-0.0484804076	-0.1613675327	0.0631999047	-0.0191214497	0.0579470279	-0.0200129506	0.0145992652	0.1490743062	0.0575666366	-0.0734783633	-0.0138862767	-0.0231477074	0.1180955183	0.0644883802	0.0225674314	0.1081655426	0.0230282981	-0.0282175669	0.0275351299	-0.035227924	0.0477622642	-0.0849855592	0.0589790956	-0.0873807803	-0.0646158653	0.0033191669	0.0179802755	-0.0044119214	0.0184962965	0.0981489882	-0.0815445394	-0.0893953089	-0.1129381266	0.0062385389	-0.0100451732	-0.0137184572	0.0210551613	-0.0772433738	-0.0366662233	0.1211199807	-0.1082719048	0.3284542921199431	-0.0007800295522173	0.1078822220120129	6.08446102332475e-07	-0.0091822980138687	0.0528273682699875	8.431459681549707e-05	0.0027907308383328	0.2687287165582006	0.0378253120939148	0.0722151231030177	0.001430754235002	-0.0067921306407122	-0.0011320492969406	4.613303864050152e-05	1.2815356107039328e-06	-0.0066938501557582	-0.0004433425319454	1.9655260063175826e-07	4.480762990774408e-05	0.0035923559017158	-0.0002560336994875	6.555325527325556e-08	1.2905020924592338e-05	0.0	0.0	0.0	0.0	0.0	0.0	0.0	0.0	0.0	0.0	0.0	0.0
753.1823812389271	1.891269773489057	567283.6994087405	3.5769013561133494	1219.381643811642	-7.338786088300594	1486891.5932647823	53.85778124983434	713.5985257671852	0.8124545821131051	0.6600824479965802	509222.8559771	816.2902514939376	646.7879091386546	1.153851	50.731182	0.7322332320945614	0.4088247815285987	-0.0118951573	-0.0718861345	0.0412523166	0.0362082879	0.1221564545	0.1573848121	-0.0133948529	-0.1779434446	-0.1900192376	-0.0535880458	0.0309478877	0.013425444	-0.1326925581	-0.1150617372	0.0248816267	-0.2174784276	0.2268095352	0.0254660963	-0.1255825391	0.1032002583	0.048009615	0.2080438711	-0.0818298719	0.0968461936	-0.1258541908	-0.0648705217	0.0713451892	0.0372654137	0.1113939792	-0.0519539668	0.0352570069	-0.0582754883	-0.0134102276	-0.0527585843	-0.0790178317	0.049488625	0.1145956972	0.0343578158	0.0218851816	0.1203461148	0.0436042526	-0.1033800669	0.0149569623	-0.1947356713	0.0192446684	-0.1821211986	0.1697361452	0.0291154043	-0.1154444415	0.0619517936	-0.2316524389	0.0161711606	-0.0801072489	0.1054710346	0.1934411377	0.0175927856	0.0684874952	0.0820893451	0.0477060164	-0.2887180128	0.0088133626	-0.0259229145	0.0494331111	0.0442982618	-0.0685074036	-0.2194329862	-0.0910615351	-0.0369301905	-0.1820219158	0.1607559187	-0.0158597944	-0.2150798186	0.0441411351	-0.0778872694	0.166998863	0.1186114953	0.0578662169	-0.0011703137	-0.0035418348	0.016110239	-0.0632307594	-0.0556013063	0.2038260854	0.0654842235	-0.0207370706	0.1133818513	-0.1019975079	-0.0553945338	0.0861251767	0.0686369533	0.1191197335	0.0093267744	-0.15361242	0.133852275	-0.0763711846	0.1055957723	-0.0691846998	0.1803762188	-0.172504905	-0.2467333657	-0.270347295	0.1107623198	-0.1185353665	-0.2160987423	-0.0808156705	-0.0896807933	0.1997015211	0.0772217962	-0.1108280662	0.1575961552	-0.0799246852	-0.0301376669	0.1172407796	-0.1150284477	0.2639833647809979	-0.0644709273389452	0.0696872168810973	0.0041565004719435	0.060821674066517	0.0700039720803857	0.0036992760362536	0.0049005561070314	0.013369214948355	-0.2553595016098455	0.0001787359083353	0.0652084750624287	-0.0025237651970248	0.0042683654436874	6.369390769713627e-06	1.8218943560864733e-05	-0.0044336635033104	0.0022601866524477	5.108443703903191e-06	1.9657372060586653e-05	0.0032729313765433	-0.0003194245251724	1.0203202728167689e-07	1.0712079795561624e-05	0.0	0.0	0.0	0.0	0.0	0.0	1.0	0.0	0.0	0.0	0.0	0.0
758.7890007243938	5.606619485466695	575760.747620324	31.434182054814823	1221.5170120007426	2.135368189100518	1492103.8106072224	4.5597973030224255	717.6715137142692	4.072987947084016	16.589230817091668	515052.40159693046	819.7553632631747	675.4619508011082	1.39845	61.485443	0.5458774972413319	0.2840208901281157	-0.2285875698	-0.0906304086	-0.0476162014	0.0662920269	0.2603610196	0.2540187924	-0.2638920801	-0.2020458646	-0.0013320186	-0.0642929008	-0.0390947487	-0.0599324056	-0.2311064026	0.0646598372	0.100402494	-0.2365065005	0.1323975761	-0.034113196	-0.1433670184	-0.1467689726	-0.1475608787	0.0451927163	0.1532194046	-0.0646981316	-0.0159061984	0.0286701213	0.0286876285	-0.1496478913	0.0194906984	0.0005299723	0.0125779114	0.0832281711	0.0824672506	0.0219721552	-0.0921579237	0.0410242309	0.0846065516	0.0316845774	0.2123567572	-0.1150949486	-0.0667256737	-0.0400930786	-0.0066335054	-0.0024173575	-0.0113537857	0.0203298152	0.0014506463	0.1332953786	0.0875808916	-0.1293803593	0.0339163656	0.0283545918	-0.1660090682	0.3285810743	0.1846625386	0.082283067	0.0872089455	-0.0873717898	0.1079199314	-0.0680755749	-0.116704406	0.1631129802	0.0600932906	-0.0470549555	-0.1323233646	0.0884993112	-0.052716345	0.102356702	-0.0924326467	-0.1328647111	-0.0186160178	-0.010518783	-0.0467982005	-0.012233018	0.0629218525	-0.0385180446	0.1083560607	0.0262860001	0.075855392	-0.0898646873	0.0989986479	0.0805262287	0.1392218433	-0.1253881125	0.0113608232	-0.0229876636	-0.0891241375	-0.2356279654	0.2034609334	0.0235206516	0.1362656141	-0.1565557836	-0.0101133613	-0.1014726089	-0.2122335228	0.1523046858	-0.0274525324	0.1316859613	0.0809400406	-0.1021261986	-0.0866508493	-0.2346092979	-0.0208249384	0.0020524838	0.0319990714	0.2614870019	0.1911700073	0.2147583252	-0.0148929728	-0.1170293137	-0.0825512202	-0.0235265052	0.1126387502	-0.1205247148	0.2610288984253657	-0.0029544663556321	0.0681360858131598	8.728871446562491e-06	-0.0487306050581537	-0.1095522791246706	0.0023746718693337	0.0120017018614097	-0.211216720827764	-0.224585935776119	0.0446125031572335	0.050438842548435	-0.0053163130737724	-0.0027925478767476	2.8263184698363344e-05	7.798323643927529e-06	-0.0052888686068692	-0.0008552051035587	7.313757691530178e-07	2.797213114072656e-05	0.0027449880371515	-0.0005279433393918	2.787241696081655e-07	7.534959324104845e-06	0.0	0.0	0.0	0.0	0.0	0.0	0.0	1.0	0.0	0.0	0.0	0.0
755.0728343805132	-3.716166343880559	570134.9852194219	13.8098922953906	1209.4490858889417	-12.067926111800944	1462767.0913575967	145.63484063988705	712.7178671411158	-4.953646573153378	24.538614371714207	507966.7581421812	811.3759171832164	674.7049239967672	1.601819	70.426926	0.8485965672670585	0.5368831640471061	-0.0552417191	0.0952704858	-0.0919823658	-0.3488240183	-0.1117684737	0.0149984057	-0.2197171763	-0.0034792056	0.2713068122	-0.0764172586	0.0737857982	0.3250931803	0.0287718513	0.0967844786	-0.2051141289	0.0397509918	-0.1172113151	0.1302261984	0.0606154982	0.019248315	-0.1128088306	-0.024790675	-0.0631117465	0.0450184025	-0.1182327576	0.052817176	-0.0333459215	-0.0788886351	-0.1452986401	-0.1449463027	-0.0889674346	-0.0505619846	-0.1218131041	-0.0337242922	-0.0357768375	0.0682500008	-0.0200475172	-0.0220497901	0.1161076081	-0.1794441837	-0.0301153579	0.1940274305	0.1081058814	-0.0955058821	-0.1968230832	-0.0823321947	0.043108221	-0.1305066515	0.1288192333	-0.055188131	0.1564989832	0.2166656708	-0.0760187994	-0.2859120572	-0.1572770077	0.2128832305	0.1408185339	-0.0454099795	0.1189590546	0.0465836249	0.147219508	0.2064979181	0.0132432758	-0.4209926062	0.0072490158	-0.0004370356	-0.0433913424	-0.040814746	0.0396423425	-0.2323634236	0.0013889971	-0.1976982919	-0.0860456354	0.0155761796	-0.0099331762	-0.0466359773	-0.0347645938	-0.1360223537	0.1649976387	0.2176828839	-0.0560639478	-0.0423165466	-0.0447016977	0.0233019907	-0.0371453273	0.0911146283	0.088549578	-0.023795593	0.0141864708	0.0115976049	0.0058326466	-0.0553613513	0.0889725436	0.0042453907	-0.0226004481	-0.0751867858	-0.0294293561	0.0513027566	-0.1491561694	0.1437567025	-0.0947549913	-0.1452353546	0.0097162891	0.0744087385	-0.129132274	-0.1804967944	0.1668884533	-0.3649621382	-0.0935297129	-0.31170098	-0.0851211787	-0.016850859	0.1073422654	-0.124700488	0.3270865663159554	0.0660576678905897	0.1069856218643618	0.0043636154871434	0.0139279522133222	0.0626585572714759	0.0001939878528565	0.0039260947993428	0.2806039233094139	0.4918206441371779	0.0787385617766354	0.2418875459995086	-0.0068591770737433	-0.0015428639999708	4.7048310128965695e-05	2.3804293224062044e-06	-0.0067773208662058	-0.0014884522593365	2.2154901283242277e-06	4.593207812350853e-05	0.0042748657372003	0.0015298777000488	2.340525777106606e-06	1.8274477071089063e-05	0.0	0.0	0.0	0.0	0.0	0.0	0.0	0.0	1.0	0.0	0.0	0.0
757.7929666379979	2.7201322574846927	574250.1802860178	7.39911949820877	1251.5021381062038	42.05305221726212	1566257.6016843996	1768.4592007877743	716.1587579588846	3.440890817768832	11.83972961980586	512883.3666012123	818.3799950945934	664.1104142066991	1.379769	60.664093	0.4397595597601998	0.2957637106860806	0.1295630033	0.1326814239	-0.0526382564	-0.2607365092	-0.3729567914	-0.248237448	-0.0285710939	-0.2966692217	-0.1501064763	-0.0012477478	-0.2911701556	-0.0570358686	0.1133148201	0.0801371754	0.0006243532	0.1925064966	-0.0795457694	-0.0930711653	-0.0106964512	-0.0139718666	-0.0895504924	-0.0700787462	0.0433355462	0.0520480841	-0.0596047049	0.081862588	0.1157360527	-0.0600970272	-0.0235289079	0.1752760781	-0.104733722	-0.0691508302	-0.0978923123	-0.0583515284	0.0667433155	-0.0369087501	0.0982504759	-0.0268899956	0.0642733627	-0.1348792366	-0.0103307321	-0.1093449359	-0.0342984703	0.0156735223	-0.044997826	0.0594058026	0.0816763723	0.0603803064	0.2653022566	0.0636043715	-0.0366775801	-0.1310322532	0.115243844	-0.1366721259	-0.332450625	0.2270267176	-0.0663054604	-0.1426307659	-0.3265792216	-0.2879909009	-0.0399727536	0.0040816181	0.259526248	0.0319013551	-0.0636658681	0.1660850517	0.008957024	-0.0789577612	-0.1329568705	-0.0302751416	-0.016136106	0.0812639802	0.0237368356	-0.02767023	0.1289355814	-0.0681687008	-0.0491148244	-0.018749632	0.132097662	0.0064310886	-0.0329578517	-0.0116015192	0.008889847	0.0505767148	-0.0186697829	-0.0430205828	0.1376082416	0.0959750394	-0.1524742949	-0.0157674668	0.0175570155	0.0697542734	0.0755133939	0.0145689128	0.2611294691	-0.0085705237	-0.0399659413	0.064402406	-0.125610712	0.033540193	-0.1460356202	0.0319289677	0.0248718945	0.0806347545	0.0918851681	-0.0133258364	-0.0635162397	0.1137249335	-0.0249911624	0.0725658519	-0.0876327994	-0.0101290257	0.1013839798	-0.1275100165	0.3210795904526264	-0.0060069758633289	0.1030921034052263	3.6083759022617057e-05	0.0628152569675677	0.0488873047542455	0.0039457565079015	0.0023899685661344	0.5484776876723743	0.2678737643629603	0.3008277738744345	0.0717563536339828	-0.00849414644791	-0.0016349693741667	7.215052387854207e-05	2.6731248544630518e-06	-0.0068702585146873	-9.293764848150068e-05	8.637406505270984e-09	4.720045205863335e-05	0.0036629424642552	-0.0006119232729451	3.744500919718434e-07	1.3417147496443956e-05	0.0	0.0	0.0	0.0	0.0	0.0	0.0	0.0	0.0	0.0	0.0	0.0
753.8424416810792	-3.950524956918685	568278.4268796913	15.606647435237374	1213.207650790557	-38.29448731564685	1471872.803936742	1466.4677587682372	714.9667560394256	-1.1920019194590168	1.4208685759939803	511177.4622415396	813.390871709549	656.2028977624612	1.293803	56.884445	0.2889859026217672	0.1839427223362907	-0.0048300112	0.1190481155	0.0129837651	0.1192041792	0.0904668823	0.067189832	-0.077862856	0.1727962014	0.1620537177	0.0767615506	0.1077740676	0.2130278058	0.1294998082	0.0557675404	-0.0633452508	-0.0082701483	0.1793943837	-0.1046466745	0.0227187745	0.0201606545	-0.0666747398	0.010164556	0.0230242062	0.0008022846	-0.119641863	0.0125170886	0.0012052579	0.066644961	0.0046481247	0.0893814638	0.0462377759	-0.047389431	-0.0093918303	-0.1112414623	-0.1188964999	-0.0390964892	0.0614397699	0.0261578789	0.0443414409	0.0128807794	0.1139479632	-0.1140441284	0.050466592	-0.1282440652	-0.1465074247	-0.0614214375	-0.1861189147	-0.0244565542	-0.0118028483	-0.0245913195	0.151927689	-0.0681184338	0.0588046474	0.0350268643	-0.0220020463	-0.2091731337	0.0686113166	-0.0149523027	0.0637773801	0.0546069813	-0.1336711181	0.1933119858	-0.1346976123	-0.0922502998	-0.0515120464	0.0401496034	-0.1268479539	0.1161511526	0.022554071	-0.0205896819	0.0724167423	0.0041962371	-0.0390371253	0.0740104587	-0.0549103269	0.1229189813	-0.0953286052	-0.0958306771	-0.0453254541	0.116671964	-0.0845717006	-0.1263032473	-0.0653650134	0.217668124	0.1866451472	-0.0310052433	0.1283994036	0.0488985041	-0.0081934708	-0.0177863346	0.0447712325	0.0378908922	0.0043101786	-0.0864879126	-0.1223851086	0.0918622893	0.0558806677	-0.1977021161	0.0249143777	0.0030476862	-0.009540304	0.0681933877	0.0525302559	-0.111895482	0.0375986643	-0.032145611	-0.1031590514	0.0075176402	0.0843363521	-0.1540028053	-0.090084361	-0.0033794295	0.0948006283	-0.1289225186	0.3282297165107621	0.0071501260581356	0.1077347468007352	5.112430264723112e-05	-0.0919029683851562	-0.1547182253527239	0.008446155598003	0.0239377292562962	0.4491829070911066	-0.0992947805812676	0.2017652840228176	0.009859453450682	-0.0080550884240795	0.0004390580238304	6.488444951973957e-05	1.927719482899432e-07	-0.0068021349644822	6.812355020510003e-05	4.640818092546783e-09	4.626904007503127e-05	0.0037122163028124	4.927383855720009e-05	2.427911166161018e-09	1.3780549878866164e-05	0.0	0.0	0.0	0.0	0.0	0.0	0.0	0.0	0.0	0.0	0.0	0.0
754.7493567380274	0.9069150569481508	569646.5914964661	0.8224949205192675	1234.070922366822	20.863271576265102	1522931.041431299	435.27610086499146	715.5335701152424	0.566814075816751	0.3212781965439976	511988.2899618645	815.6272130737924	647.2921942896188	0.985301	43.32058	0.1270148628522344	0.0563033435149696	0.0698115893	0.1557464327	0.0316275941	0.0358063463	-0.113114982	-0.1194681867	-0.0050952202	-0.0437178908	-0.000539281	-0.0233740354	-0.0821378877	0.0664269181	0.1580710006	0.0081326973	-0.0278748276	0.1011271716	-0.0162135842	-0.0525198871	-0.0276532741	0.0154008472	-0.1769344396	-0.0435996773	0.0544419182	0.062040758	0.0157040095	-0.0986001531	0.0780728534	-0.0099865423	0.2336477775	0.114709036	-0.0482872508	0.0277321709	0.0558098715	-0.0204937039	-0.0475071043	-0.0500714411	0.0012263106	-0.1034423414	-0.1044944355	-0.0635274889	-0.1636203414	0.0216864386	-0.0322222138	-0.0804839526	-0.0607671107	-0.0823820158	-0.1077784585	-0.0800430497	-0.0451866928	-0.0975313823	0.0784703638	-0.0131944292	0.098027187	-0.0284653179	-0.1146452142	-0.0420138595	0.0115603001	-0.0322419927	-0.1082759879	-0.0845862923	-0.0362059178	0.0373318971	-0.0418647249	0.1075496218	-0.0764505488	-0.0435961858	-0.0497693497	0.0567297593	0.0899449871	0.0261053319	0.0350796948	-0.045101014	-0.0123422323	0.1694017146	0.0293096147	-0.0344347401	-0.0662076784	0.0786890558	-0.0217802521	0.0628737497	0.029856959	-0.0132339851	0.0817326309	-0.0298708561	0.1177088709	-0.1479374091	0.1394936879	0.0773048033	-0.0558750723	-0.0097224642	0.0119069201	0.1218435595	0.0209369533	-0.0412944808	0.0694644615	0.0364098263	-0.0485354946	-0.0398285675	-0.0026279467	-0.1030752932	-0.0133190081	0.0180553351	0.0362724078	0.0633120966	0.0429856843	-0.0193267892	0.023970366	0.0168970741	0.0195900351	0.0553764448	-0.0924741833	0.0033794295	0.0876327994	-0.1289225186	0.3483076374653251	0.020077920954563	0.1213182103166763	0.0004031229098576	-0.1039832827193123	-0.0120803143341561	0.0108125230850844	0.000145933994412	0.4825200799475269	0.0333371728564202	0.2328256275525677	0.0011113670940588	-0.0073762879266849	0.0006788004973946	5.440962357735743e-05	4.6077011526315726e-07	-0.007208913886491	-0.0004067789220088	1.6546909139064145e-07	5.196843942284278e-05	0.0038570259775509	0.0001448096747384	2.0969841897870155e-08	1.4876649391502475e-05	0.0	0.0	0.0	0.0	0.0	0.0	0.0	0.0	0.0	0.0	0.0	0.0
754.2791688623386	-0.4701878756887936	568937.0645796603	0.2210766384447404	1229.6776931088273	-4.39322925799479	1512107.2289294472	19.300463313301453	715.1443723341539	-0.3891977810884555	0.1514749128041773	511431.4732812109	817.051346057327	655.4622787317394	0.877336	38.573696	0.2927357100377387	0.180273695861128	0.0329415369	0.1555314066	-0.0062839307	0.1224030535	-0.0074833866	-0.0744014765	0.0002939574	0.0752528354	0.09595881	0.0012918327	-0.1086692799	0.211528517	0.1467125132	0.0655735826	-0.0622287224	0.1475656921	0.0528715571	-0.0648888115	0.1241502884	-0.0379767602	0.0473166863	0.0188408563	-0.0057918982	0.0235637394	-0.1193274047	-0.0956362328	0.0296326293	0.0347874216	0.0522327708	-0.1129998608	-0.1221770352	0.1264725664	-0.0487744855	-0.0398508697	-0.1832623444	-0.0821062114	-0.047423519	0.0177549438	-0.0560616905	0.1118022065	0.1003542224	-0.1844519483	-0.0213803313	0.0783497529	0.0726029993	0.0687442558	0.1292226835	0.0937646214	-0.0309305725	-0.1038262946	0.0208976456	-0.0562213412	0.0523966234	0.0040887419	-0.1015732705	-0.2436721205	0.0519691189	0.007004887	-0.0985803063	0.0346080352	0.0133022114	0.0664553324	0.0178719324	-0.0204644778	-0.0271871407	0.0397348885	-0.1229415127	-0.0346841744	0.0172645857	0.1378729997	-0.02489172	0.1128456094	0.0403371499	0.0232892695	-0.1003656106	-0.0456498034	-0.0448282177	0.0052955092	-0.135905178	-0.0516544027	0.0881069554	-0.1024303933	0.0778883592	0.017616145	0.1270427603	0.0302640549	0.1718474225	0.0478254307	-0.1424054514	-0.0411353034	-0.0333113312	0.1244110345	0.0603999544	-0.0864124157	-0.0326484094	0.0483907969	0.0198447421	-0.0100159936	-0.0281721777	-0.0505025184	0.0729463482	0.0027305776	0.0594827916	0.0215007942	-0.0111449354	0.0371626763	0.0040382136	0.0125051843	-0.0556018763	-0.1092573025	-0.0948006283	0.0101290257	0.0799246852	-0.1275100165	0.3612485745123734	0.0129409370470482	0.1305005325872218	0.0001674678516556	-0.0749151436793482	0.029068139039964	0.0056122787524973	0.0008449567072466	0.6047462915808381	0.1222262116333112	0.3657180771807761	0.0149392468102309	-0.0096064281595001	-0.0022301402328152	9.22834619836365e-05	4.973525458021037e-06	-0.0074297204972255	-0.0002208066107344	4.8755559344056966e-08	5.520074666689274e-05	0.0037379643747523	-0.0001190616027986	1.4175665260971658e-08	1.3972377666917351e-05	0.0	0.0	0.0	0.0	0.0	0.0	0.0	0.0	0.0	0.0	0.0	0.0
754.790296276323	0.5111274139844681	569708.3913528995	0.2612512333264499	1236.3757235068642	6.698030398036963	1528624.929677122	44.86361121302719	713.5418542193685	-1.6025181147854255	2.568064308215434	509141.9777228145	813.8109253579656	654.6060245066458	0.815131	35.838757	0.0314379724062937	0.0189652885136708	0.0714433965	0.1413282764	-0.0155364508	0.0877193376	-0.1355633158	-0.0330659404	0.0723995519	-0.0259388602	0.0021746429	0.0313014198	-0.2133131223	0.0808493876	0.1640255556	0.0398393336	-0.0864445384	0.1444567655	-0.0511742763	0.0357891209	-0.0529770516	0.0511043716	0.0459031845	0.0351441162	0.0352682396	0.0813681124	-0.0817826465	-0.0706179389	0.0617095407	-0.0460794011	0.0287207615	0.0184389002	-0.00826845	0.1129639275	-0.0127782393	0.0032218018	0.1106044311	-0.0666079795	-0.0849151905	0.1516315703	0.0729624819	-0.009149374	0.1001778823	0.1042730388	-0.0820688741	0.0598922919	0.1144624474	0.1261635361	0.0600011631	0.045822571	-0.1027848152	-0.0709866032	-0.0120123983	0.0814184769	0.1118059646	-0.0623046415	-0.0745584356	-0.1445834747	0.0468651338	-0.0636328432	-0.1253063397	-0.0273142337	-0.0531201687	-0.0986775053	0.0175399902	-0.0121968793	-0.0364798711	0.0619615899	-0.0894922332	-0.0749787464	-0.0274161514	0.0834390614	0.0099321436	-0.0380492142	-0.0347297378	0.01277264	-0.0165765285	0.0104275512	-0.0260058937	0.0442286483	0.0389699926	-0.0437624884	0.109112289	0.0656157571	-0.1271137628	-0.0717527243	0.0248187108	0.1874498573	0.1651964922	0.0693844508	-0.166173823	-0.0475095839	-0.011003688	0.1129680315	0.0516411814	-0.0679057147	0.0177373863	0.1355598011	-0.0056899189	0.0703587713	-0.0009782645	-0.0899005549	0.0754599495	0.0741148027	0.0480530771	-0.0305339151	-0.053010018	0.095054729	-0.0879030339	0.1121673148	-0.055041397	-0.0178779187	-0.0970621018	0.016850859	0.0717238087	-0.124700488	0.3548176305487942	-0.0064309439635791	0.1258955509482606	4.135704026269553e-05	-0.0763145621958756	-0.0013994185165273	0.0058239124031481	1.9583721843997204e-06	0.602703830324316	-0.0020424612565221	0.3632519070876018	4.171647984394194e-06	-0.0096004522386631	5.975920837000479e-06	9.216868318685132e-05	3.5711629850096497e-11	-0.0071450178934613	0.0002847026037642	8.105557259011535e-08	5.105128069788215e-05	0.0035973399259602	-0.000140624448792	1.9775235598081853e-08	1.294085454290734e-05	0.0	0.0	0.0	0.0	0.0	0.0	0.0	0.0	0.0	0.0	0.0	0.0
757.482898031267	2.692601754944008	573780.3408098469	7.250104210727549	1224.1140736743232	-12.261649832541025	1498455.2653675464	150.34805661585335	714.5007547723383	0.9589005529697944	0.9194902704857773	510511.32857024105	812.2122805210446	662.2737259268196	0.8115	35.6791	0.1749427167976845	0.0967211775814691	0.0589008754	0.1292285489	-0.050103015	0.1215038483	-0.036081739	0.0822804164	0.1166200939	0.0211430808	-0.0146125276	0.0199161639	-0.1464174459	0.1822714634	0.0858970651	-0.024534387	-0.0859230449	0.1031547785	0.0443892619	-0.1141467163	-0.0870831837	-0.1348101994	-0.0369741298	0.0801263258	0.0740570818	-0.0844729189	0.0335270609	0.1719966243	-0.0191654466	0.0628937286	-0.0440340334	0.0138622774	0.0016266078	0.0181189553	-0.0060835784	-0.0634954182	0.0313635477	-0.0430503444	-0.0187482998	-0.0356171298	0.0750917364	0.0315635961	0.0570519142	0.071743825	0.0062774932	0.0415840935	0.0829763922	0.0604555817	0.0478832529	-0.0057825766	-0.0176883078	-0.0369041161	-0.0209715846	-0.0234502814	0.0912186437	-0.0317024623	0.0446714247	-0.1755577524	0.0234603118	-0.1273445901	-0.0759642442	0.0348402507	-0.0198717845	-0.0533492163	0.0810113954	0.0080556181	0.0649116931	0.0723981257	-0.0314021897	0.0951995081	-0.0044686808	-0.0545521122	0.1127071053	-0.0058354881	-0.1158774498	0.011738275	0.0001455188	0.04144622	0.0620787719	0.048987493	-0.0995459364	-0.0419207385	-0.0174992484	-0.0665760018	-0.0743830079	-0.1551384831	0.0009693081	-0.0353726472	0.1447412952	0.0709137303	-0.1164912077	-0.0106965298	-0.0119957576	0.0562699286	0.0730391509	-0.0649515614	-0.0286162335	0.1394194055	0.0384503793	0.0384884979	0.0397296005	0.0146338714	0.0967175748	0.0054698289	0.0634741208	0.006371552	-0.0489569048	0.0729256382	-0.0437496112	0.0617899082	-0.0601687971	-0.0124644022	-0.0992570537	0.0235265052	0.063080731	-0.1205247148	0.3653189011050841	0.0105012705562898	0.1334578995046262	0.0001102766832964	-0.0741749884098226	0.0021395737860529	0.0055019289055973	4.577775985965136e-06	0.5477599031437492	-0.0549439271805667	0.3000409114920495	0.0030188351340234	-0.0087224818043908	0.0008779704342723	7.608168882792858e-05	7.708320834562926e-07	-0.0061184243508269	0.0010265935426343	1.0538943017786462e-06	3.743511653679158e-05	0.003839934854549	0.0002425949285887	5.885229937700481e-08	1.4745099687180249e-05	0.0	0.0	0.0	0.0	0.0	0.0	0.0	0.0	0.0	0.0	0.0	0.0
761.5429716557194	4.060073624452343	579947.6976782238	16.484197835973585	1240.3226557568291	16.208582082505927	1538400.2903836735	262.7181331253322	716.6716897124777	2.170934940139432	4.712958514318199	513618.3108353379	814.7881118743463	678.8948062752096	0.8712649999999998	38.306801	0.1969008782424587	0.1123830494396849	0.0542876098	0.1221021821	-0.1225882686	0.0820473474	-0.0874541354	-0.0256130542	0.1916385058	-0.0643371885	-0.0424001274	-0.0449539455	-0.0901930583	0.0550686339	0.0825748188	-0.0015563155	0.0869229085	0.1168579487	-0.0492918733	-0.0105569419	-0.0885335449	0.0005773823	0.0488571303	0.0401117924	0.1042441951	-0.0301615132	0.082743499	-0.0622172059	-0.0242495188	0.0861779936	0.0333102039	0.0702505527	-0.022462325	0.0065461628	0.1770772183	-0.0385691382	-0.0237855192	0.0082625301	0.0731166957	0.1484761265	0.0774484681	0.0480735898	0.0072356666	0.126106258	0.0144937612	0.0325862523	0.0185358676	-0.0640359534	-0.0393087947	-0.1227468753	-0.3073692102	-0.0608125628	0.0211665682	0.0224656161	0.0911688525	-0.0826042114	-0.0140109161	-0.1109299018	-0.0117467213	-0.1624659577	-0.0205631446	-0.0924546014	0.04735602	-0.2436207452	-0.050096679	-0.0204959104	0.0331842185	-0.0291698528	-0.0950023544	0.0394739597	-0.0073389876	0.0035395389	0.0301481878	0.0085695417	-0.1363601782	-0.0123977621	-0.0304839114	0.0981002178	-0.0548088959	-0.110528954	-0.013628115	-0.0416444874	-0.0678931829	0.1538041626	0.0500976308	0.0971254204	-0.0689761335	-0.0863967686	0.1555823407	0.0502806554	-0.1533270595	-0.0740880766	0.0665062911	0.0570514376	0.0825684804	-0.0278507461	-0.0134977893	0.0693506431	0.0378767812	0.1345383138	0.0187621245	-0.1182092519	-0.0198466384	-0.0098731312	0.0356363884	-0.0142625866	0.0298872016	-0.0064642172	0.0076066042	-0.0306000656	0.032052097	0.0439281811	-0.1013839798	0.0301376669	0.0540487397	-0.1150284477	0.3506404230512316	-0.0146784780538524	0.1229487062775466	0.0002154577179774	-0.0701725028339268	0.0040024855758958	0.0049241801539774	1.601989078525396e-05	0.6048795950797796	0.0571196919360303	0.3658793245438781	0.003262659206867	-0.0102796561798321	-0.0015571743754413	0.0001056713311755	2.424792035531006e-06	-0.006795956732325	-0.000677532381498	4.590501279784861e-07	4.618502790763349e-05	0.0040272325511432	0.0001872976965942	3.508042714949307e-08	1.621860202098737e-05	0.0	0.0	0.0	0.0	0.0	0.0	0.0	0.0	0.0	0.0	0.0	0.0
763.275431953687	1.7324602979675774	582589.3850240874	3.001418684033907	1225.6198985905935	-14.702757166235642	1502144.1358212167	216.17106828929357	717.264024526033	0.5923348135553397	0.350860531349639	514467.6808792817	812.7563128983999	687.4185535340513	0.907124	39.883381	0.2141605675470315	0.1010379724515515	0.0018662483	0.1614235117	-0.1728293046	0.0670900026	0.0026927452	0.0468220488	0.078040751	-0.1086392213	0.0535725921	-0.0455137901	-0.0423031752	0.2540096238	0.1142677008	0.0968254323	0.030757616	0.0789564182	0.0838092782	0.0857312552	-0.0271964203	-0.1261590314	-0.1101038986	-0.0744446173	-0.0152642938	-0.0825183894	-0.0412558182	-0.1047387535	-0.0311152345	-0.0226790969	-0.1192660284	-0.1932913236	0.0698001851	-0.1971507872	0.1888559143	0.1335853968	-0.058832846	-0.1848393071	-0.0347221229	-0.0010043739	-0.0033227942	0.0966912389	0.0492369646	-0.0679635206	0.0457167647	0.1011221529	-0.1140577069	-0.0940644175	0.0829835498	-0.0002760613	-0.0238065557	-0.0060939826	-0.1433288945	0.0236573109	0.0790583013	-0.0398436906	-0.0147573864	-0.1728391209	0.0334525127	-0.2064416675	0.088279802	-0.0576811431	0.0438692282	0.0199977018	-0.1135201215	-0.0264491908	0.2093908448	-0.0054506587	-0.1017885702	0.0468367428	0.0954012188	-0.0178432067	-0.0019862267	0.0474905066	-0.0983080817	0.0946277901	0.0554109518	-0.0979162475	0.0728160445	-0.2133034055	-0.0605963455	-0.1533701042	-0.0198723363	-0.0379886665	0.1072446013	-0.1490710615	-0.0298736571	0.010450306	0.1835160437	0.0057180588	-0.1350944871	-0.135618191	0.1149988729	0.0165635998	0.1135663825	-0.0549164498	-0.0423204907	0.0325319493	-0.0328391178	0.1603655152	-0.0161907563	-0.0573909025	-0.0140484787	0.0481621585	-0.1051790635	0.051873482	-0.0240935035	0.0327207843	-0.0461313623	-0.1482301087	0.0790158062	0.001805274	-0.1034414224	0.0366662233	0.0446835199	-0.1082719048	0.3743434762698712	0.0237030532186395	0.1401330382258116	0.0005618347318856	-0.0459848570796026	0.0241876457543242	0.0021146070806314	0.0005850422071366	0.5550173101248319	-0.0498622849549477	0.3080442145382038	0.0024862474609284	-0.011068457342982	-0.0007888011631499	0.0001225107479534	6.222072749866356e-07	-0.0082889095379561	-0.0014929528056311	2.2289080798417747e-06	6.870602132841961e-05	0.0039808348475418	-4.639770360140034e-05	2.152746899483398e-09	1.5847046083403145e-05	0.0	0.0	0.0	0.0	0.0	0.0	0.0	0.0	0.0	0.0	0.0	0.0
763.9167482835707	0.6413163298836935	583568.7983081442	0.4112866349754903	1232.0026591390535	6.382760548460055	1517830.552125699	40.73963221897811	718.2930065618716	1.0289820358385668	1.0588040300784816	515944.84327569295	816.5099407296635	697.8401145103419	1.178527	51.81612	0.7666475061122806	0.4453872008198421	0.0283242562	0.0090579449	-0.1575369405	0.0638408667	0.0610258116	-0.1193548255	-0.0592909779	-0.1716220127	0.1602132524	0.0138854226	0.1421902373	-0.0881415437	0.0071356477	0.0839690372	0.1526849884	-0.127738265	0.0501830317	0.1041869184	0.0646716597	-0.0843996926	-0.2149864063	-0.0661184184	0.0189609192	0.2536244529	-0.0720458963	-0.059836883	0.0039878075	0.1284541147	-0.0401553613	0.053777327	0.0231071096	0.0190157395	-0.0399778085	0.1572250084	0.2025422537	0.1325248395	0.3136002022	-0.0450675988	-0.1764927624	-0.0746691169	0.0524001396	0.0205923786	0.1909469827	-0.0443917502	0.0539897411	-0.0445502924	0.1640950784	0.0059240877	-0.0440534188	-0.0132580711	-0.0568640745	0.0710042666	0.0576030651	0.0828805141	-0.0459258133	-0.0116002238	-0.0962593502	-0.0592953517	0.2395168587	0.0378914997	0.0841850027	0.034832892	0.0401180784	0.1694939885	-0.0729349704	0.0578620047	0.0905045445	0.1944970839	-0.1688128863	0.2184757624	0.1167606043	-0.1401039907	0.1093421364	0.1578309084	0.0735270815	-0.2192487913	-0.0090303007	0.0289685585	0.2388820198	0.0536742269	-0.1098958909	-0.1552407757	0.0631487552	0.0737087962	-0.0700622442	-0.0254314802	0.0324257897	0.0441276415	0.0871815716	-0.0452217137	0.1112746161	-0.1881452628	0.099567873	0.061029247	0.0076127238	-0.0182115815	0.0877570928	-0.0402124617	0.1078461944	0.0093468944	-0.0366980602	0.1428564299	-0.1631703626	-0.0104272125	0.0695960731	0.0362077116	-0.0814481576	-0.0188602383	0.2027106882	-0.0200795688	-0.1054279714	0.0430942802	0.0350428114	-0.1003291122	0.3115507108300193	-0.0627927654398519	0.0970638454186903	0.0039429313915842	0.0162003131089818	0.0621851701885843	0.000262450144829	0.0038669953913832	0.2753764666537677	-0.2796408434710642	0.0758321983867136	0.0781990013372082	-0.0061472829697367	0.0049211743732453	3.778908791001487e-05	2.421795721188628e-05	-0.0060092301173881	0.002279679420568	5.196938260561254e-06	3.61108466037242e-05	0.0039411141010995	-3.97207464422995e-05	1.577737697933448e-09	1.553238035788532e-05	0.0	0.0	0.0	0.0	0.0	0.0	0.0	0.0	0.0	1.0	0.0	0.0
758.990557915604	-4.926190367966683	576066.6670050398	24.267351541447724	1236.0377805088106	4.035121369757007	1527789.3948451465	16.28220446866967	716.9427355258774	-1.350271035994183	1.823231870644804	514006.8860233282	821.234535000629	680.5153937895716	1.023193	44.986568	0.1954445069501311	0.1092598307168091	-0.0108827726	0.0785917574	-0.0524239635	0.01993242	0.1251222548	-0.2379701633	-0.0579827886	-0.0323577474	-0.1817045231	-0.1199147809	0.1887435809	0.0822320939	0.0809193838	0.0759154602	0.0960981772	-0.0513959487	0.0620751369	0.2068275114	-0.0026503736	-0.0053405738	0.1341178552	0.0085783068	-0.2888043769	-0.1293457168	0.0667693435	0.0206473456	-0.0345696107	0.060608438	0.118645376	0.0210659131	-0.0950764148	-0.0307238424	-0.1067941624	0.0463648667	-0.0460664783	0.0307671026	-0.0486362286	0.1068658554	0.1133835468	0.0603604708	-0.1720614882	0.0583717695	-0.0117106499	0.0439797834	0.0175349305	0.0131809116	-0.0002672542	0.0279542857	0.1029487482	0.1288648727	0.1333510161	-0.1092204635	-0.0126844281	0.0839496449	-0.1859433767	-0.0462447767	-0.0712997189	0.165071768	0.1963283503	-0.0974564727	-0.0785205763	0.0077300948	0.1697303024	0.1039065171	0.0786544167	-0.1727660182	0.1177057854	-0.0653232444	0.1930540726	-0.0093137813	-0.0367049628	0.1337594087	-0.0289505799	-0.0882749032	0.0673361699	0.0053566997	-0.0683536446	-0.0513929935	0.0117583885	0.0179686608	-0.1102195239	-0.0335702916	-0.0557109732	-0.0519346092	-0.0706572303	0.0779988718	0.0765283274	0.0299206242	0.0784999361	-0.102019872	0.0702587611	-0.1070000102	0.1043853726	-0.0010495126	0.0029682707	-0.1677968591	0.0587563939	-0.1748623464	0.118449933	-0.0082946654	-0.0067694412	-0.0252340723	-0.0901334269	-0.0192064005	0.1215637674	-0.0253326021	0.0909810245	0.0580283255	0.0268870811	-0.0293102564	-0.1073422654	0.0494042187	0.0251860523	-0.0912870929	0.3253778079479872	0.0138270971179679	0.1058707179050372	0.0001911886147097	-0.0183642632406275	-0.0345645763496093	0.000337246164371	0.0011947099382279	0.3579269575269066	0.0825504908731389	0.128111706924468	0.0068145835433961	-0.0065970624419167	-0.0004497794721799	4.3521232862547935e-05	2.0230157359451934e-07	-0.0067813778791008	-0.0007721477617126	5.962121659179322e-07	4.598708593915767e-05	0.0040092337193951	6.811961829559978e-05	4.640282396738212e-09	1.6073955016734666e-05	0.0	0.0	0.0	0.0	0.0	0.0	0.0	0.0	0.0	0.0	0.0	0.0
754.2647546662594	-4.725803249344608	568915.3201317524	22.333216351516057	1229.1125395337522	-6.9252409750583865	1510717.6348391094	47.95896256262763	714.4735969644767	-2.4691385614007686	6.096645235396257	510472.52075935743	815.8857393090672	656.4230192880495	1.019963	44.844585	0.2636378948197774	0.1368503877544499	0.0060735409	-0.0017091161	0.088868504	0.0144904548	0.0393043049	-0.1115774918	-0.087837491	0.0754168719	-0.2002466558	0.0498355407	0.0592705489	0.0193731655	0.0625582759	-0.016700938	-0.0608400925	-0.1129432603	-0.039390174	0.110935221	0.0043370852	0.155504294	0.044440081	0.0153403184	-0.1378610739	-0.1527238987	0.0257661375	0.2183763824	0.0654845367	-0.0049546503	-0.0992108415	0.0874746797	-0.0870550408	-0.0640286168	0.2029560428	-0.0291062952	-0.011700038	-0.0531057239	-0.1107317934	-0.0002196382	-0.0760982769	0.0350555395	0.2253803208	0.0007546605	0.0056901185	-0.0405297758	0.1468618542	-0.1146407075	0.0724424897	0.1244687454	0.0071669474	0.1333671036	0.1496037013	0.0379535906	0.031140834	0.0130081356	-0.0659041549	0.0296855438	0.0005204684	0.1663749675	0.1168797141	0.0565838316	-0.0577800911	-0.0422483487	-0.0517380736	0.1028775889	0.1820847525	-0.0394713671	0.0266559257	-0.0668894488	0.0364205954	-0.1436947227	-0.039646621	0.0230961776	-0.0606791089	-0.059035255	0.022466025	0.057337229	0.2177575774	0.0354597102	0.065756768	-0.1325745371	0.0184329238	0.0552428988	-0.0833175718	0.1295939889	-0.0077519285	0.022287147	-0.0046115097	0.0243726732	0.1252031801	-0.028581173	0.0337670458	-0.0462133669	-0.0112781835	0.0257965445	-0.0848425769	-0.1188731239	0.0472707753	-0.1129118044	0.0996414518	-0.0392249355	0.0499103058	0.1763500034	0.000829023	-0.0324248771	0.1138247052	-0.0217753364	-0.118226746	0.0407698599	0.1175938577	0.0898933273	-0.1091829923	0.0555787436	0.0151740128	-0.0812449131	0.3084606817450464	-0.0169171262029408	0.0951479921826187	0.0002861891589662	0.0541333684883511	0.0724976317289785	0.0029304215838956	0.0052559066063106	0.3204543475204886	-0.0374726100064179	0.102690988844782	0.001404196500693	-0.0052761796584434	0.0013208827834733	2.783807178817192e-05	1.7447313276761725e-06	-0.0056063014297909	0.0011750764493098	1.3808046617227614e-06	3.143061572167549e-05	0.0042482850242407	0.0002390513048455	5.71455263483839e-08	1.8047925647187804e-05	0.0	0.0	0.0	0.0	0.0	0.0	0.0	0.0	0.0	0.0	0.0	0.0
755.2725123257051	1.0077576594457014	570436.5678747823	1.0155755001714784	1236.050530428386	6.937990894633913	1527820.9137722943	48.13571765402308	716.0146563864096	1.541059421932914	2.3748641419282075	512676.98816014815	820.988306498189	653.2020047153907	1.020956	44.888229	0.4558151026801418	0.2740845134909831	-0.0050091415	-0.1144159297	0.142937476	-0.0059404956	0.0489349018	0.0329468449	-0.1086147433	0.0939226737	0.0535051107	-0.0878009982	0.2005960399	-0.2218854138	-0.1325253452	-0.0188873058	0.040438812	-0.1894425506	0.0220722747	-0.1508467279	0.0383733797	0.093949651	0.0218158952	-0.0960595264	-0.1195287545	-0.1224778633	0.0548266756	0.0617117449	-0.0145213355	-0.0090283228	0.043524353	-0.0958383621	-0.0637507556	0.1160696513	-0.0985323151	-0.1146823392	0.1428359429	-0.0119999436	-0.1058176624	-0.025701908	0.0164074416	0.0580472671	0.1196784758	-0.1146509937	-0.1269979474	-0.0299075127	-0.0245058824	0.0748201857	0.1389020195	-0.0126702403	0.0384608266	-0.2129601146	-0.0582162758	0.0667858997	-0.0686136148	0.0868691865	0.0674225069	0.1322030748	0.0639540269	0.233517839	0.0437225308	0.062752708	0.1016192939	0.0608101613	-0.136055507	0.008035993	-0.0775303251	-0.009941873	0.0234384684	-0.0083937941	-0.0081092632	0.0728475865	-0.1951308722	0.2145779893	-0.0271295766	-0.1009018251	-0.0660077555	0.0602720339	0.0129406766	-0.0830462118	0.0311832195	-0.0138124933	-0.1525555952	-0.042157329	-0.099862735	-0.0046661605	-0.0572191275	-0.1507112104	-0.1287709101	-0.0111330485	0.1792763709	0.0638047001	0.0227026143	-0.0390970916	-0.1128251054	0.0259013231	-0.1479606455	-0.1414114314	0.0304721292	-0.0116845552	0.0474340713	-0.20435937	-0.0369745189	0.1600875845	0.0508884925	-0.0122060023	0.0506712883	-0.0856382773	-0.0907465659	-0.1040525137	0.0598775604	-0.0955307747	-0.1109488906	0.0616009311	0.0050684204	-0.0703125971	0.2758143483935384	-0.0326463333515079	0.0760735547797521	0.0010657830812977	0.0296315157586235	-0.0245018527297275	0.0008780267261535	0.0006003407871892	0.1996611971049873	-0.1207931504155013	0.0398645936293965	0.0145909851873019	-0.0010750200071001	0.0042011596513433	1.1556680156654989e-06	1.7649742416074957e-05	-0.0045231713678515	0.0010831300619394	1.1731707310768497e-06	2.045907922295161e-05	0.0039750994138553	-0.0002731856103853	7.463037772164346e-08	1.580141535003275e-05	0.0	0.0	0.0	0.0	0.0	0.0	0.0	0.0	0.0	0.0	0.0	0.0
754.5620284605571	-0.7104838651479213	569363.8547945106	0.5047873226355296	1229.234435866551	-6.816094561835143	1511017.2983201577	46.45914507587862	716.1026466377422	0.0879902513325987	0.0077422843295738	512803.000521579	816.7828369450134	641.9555751276242	1.091921	48.008339	0.4129246728946971	0.2317553675892786	0.0432723724	0.0177883205	0.1378129149	0.0290460764	-0.0353607199	-0.0472061971	-0.1588784241	0.0573742866	-0.0480917492	-0.0308881841	0.0339165674	-0.1129573257	0.0592292194	0.0072588794	-0.0935881327	-0.0651434497	0.0349617849	-0.0712839973	0.2356194262	0.1777966784	-0.028334784	-0.0314507918	0.1363414152	0.0395769931	0.0127476002	0.1183533372	-0.3797590389	-0.1871070951	0.092915883	-0.0423867363	0.075159265	0.0706505602	0.1393546563	0.0154299853	0.1222301695	0.1593977727	-0.0290394089	-0.0387525811	-0.0830584395	-0.1561716418	-0.0051709726	0.0130993514	-0.1109483671	-0.0732275839	0.0289404303	-0.0597619988	-0.0679125387	0.0266150967	-0.0061914337	-0.0622472763	-0.0153904266	-0.122342093	0.0431564912	0.0975863573	-0.0450678751	0.0913969194	0.0446107723	0.1355592175	-0.0285618162	0.1449208435	-0.0038661776	0.0952883969	0.0928426377	0.0859911457	-0.1045000312	-0.0108856607	-0.0495526027	-0.0426323373	0.0971389064	-0.0472156961	0.0058797297	-0.0534571619	0.022623243	-0.1325077706	-0.0411336587	-0.3254828688	0.0757157567	-0.0560804621	-0.2222409688	0.0832620485	0.101557791	0.1180835513	0.0501610567	0.054944137	0.0563650876	-0.0649464757	-0.0213348147	0.0468396228	0.1678009695	0.0083206162	-0.0356084622	0.0251149914	-0.0163304034	0.0455750702	0.076253636	-0.1670928091	0.0550106208	0.0951392222	0.067747789	0.0795983626	0.0892921503	0.0699859411	-0.0014567023	0.1766360434	0.0435450599	0.1022760679	-0.0204988442	0.1294305317	-0.0012115019	-0.1429192117	-0.1126387502	0.0674542747	-0.0050684204	-0.0586099215	0.3152484113892484	0.03943406299571	0.0993815608834448	0.0015550453243496	0.0675222923578786	0.0378907765992551	0.0045592599652628	0.0014357109512946	0.3333394115373593	0.133678214432372	0.1111151632840729	0.0178698650138272	-0.0040774345913477	-0.0030024145842476	1.6625472846718788e-05	9.014493335702692e-06	-0.0054628702841088	-0.0009396989162573	8.830340532151444e-07	2.984295174099896e-05	0.0040714182906976	9.631887684229992e-05	9.277326036162137e-09	1.6576446897826967e-05	0.0	0.0	0.0	0.0	0.0	0.0	0.0	0.0	0.0	0.0	0.0	0.0
755.1600054852311	0.5979770246739236	570266.6338844543	0.3575765220378781	1230.993021042966	1.7585851764149538	1515343.8178564878	3.0926218227064144	715.567967883413	-0.5346787543292066	0.2858813703310321	512037.5166607971	814.8481601924007	643.4783434275768	0.956395	42.049671	0.1466134645146343	0.1036715882727102	0.0445391762	-0.0039360058	0.1122565117	0.0618740901	-0.0651444952	0.041077897	0.0156157117	0.0808052145	-0.0145693368	-0.076865206	0.0154075197	-0.0483710487	0.0804030116	-0.035457745	-0.0617309818	-0.1174727187	-0.0681050436	-0.0812151744	0.1406904046	-0.0618984251	0.2238863888	0.1237896257	-0.0187573717	-0.0319717647	-0.0223750042	-0.0336362674	0.0124691319	0.0559262225	0.0621493948	-0.1310736741	0.0665472068	0.0173265945	-0.0142197731	0.0190255852	0.0254195874	0.044737568	-0.0553933281	-0.1751501992	-0.0260957575	0.0584290672	0.0795527978	0.1112670424	0.1139882254	-0.1496805832	-0.0526664159	0.0685182032	-0.1361107109	0.1635655141	0.0454000155	-0.0289680739	0.1969647717	0.0617256198	0.0517752928	0.0045193199	0.0473656392	-2.3312e-05	0.1162206309	0.0650128917	0.0053056158	0.0987738251	0.0263225567	-0.0305616115	0.0378291889	-0.107101448	0.041143257	-0.067542022	-0.0079904745	-0.1056046531	-0.0028625961	0.111533742	-0.0849593351	0.0241416287	0.0254789105	-0.1265067375	-0.0648466143	0.0149864194	-0.0225808636	0.2186202742	-0.055970827	0.0835869838	-0.0819529135	-0.060511303	0.0525237719	-0.139864716	0.1202842726	0.0592426596	-0.031304433	0.0487334095	0.1249759103	0.035087724	-0.0572757141	0.0299731356	-0.0325221511	0.0026728548	-0.0797527788	-0.0105980225	0.106416826	0.0302689382	0.0845471496	0.0929991803	0.1115397545	0.1829752289	0.119396253	-0.0630888681	-0.0297922778	-0.0916009663	-0.0042147722	-0.0187588805	-0.0842602518	0.02806771	-0.1142514127	0.0731227308	-0.0151740128	-0.0462651033	0.3151637780858749	-8.463330337349362e-05	0.0993282070173626	7.1627960399098066e-09	0.0377972073449655	-0.0297250850129131	0.0014286288830783	0.0008835806790249	0.428980190779697	0.0956407792423377	0.1840240040813852	0.0091471586540815	-0.004221187317987	-0.0001437527266392	1.781842237353428e-05	2.0664846416233182e-08	-0.0056780351188461	-0.0002151648347373	4.6295906107529816e-08	3.2240082810849645e-05	0.004007076512954	-6.43417777436003e-05	4.139864363206859e-09	1.6056662180667585e-05	0.0	0.0	0.0	0.0	0.0	0.0	0.0	0.0	0.0	0.0	0.0	0.0
756.3560109485956	1.196005463364486	572074.415298072	1.4304290683976986	1229.3785060018463	-1.6145150411196028	1511371.5110193316	2.6066588180014327	714.4573683149359	-1.1105995684770278	1.2334314015013603	510449.331139504	815.743525654017	650.1857367782231	0.913237	40.152164	0.1476911315998067	0.0752316052164152	0.05722946	-0.0046957561	0.0606680904	0.0493680181	-0.0554730845	0.0731721842	-0.0122709302	0.0066436194	-0.069543187	-0.0750166307	0.0705991068	-0.1145175125	0.0254925906	-0.0641472451	-0.0946169111	-0.1440734202	0.0796782502	-0.1352917765	0.0694240357	-0.0268984065	0.0421144068	0.1753802544	-0.0194104879	-0.0197158444	0.0625541569	-0.0739972671	-0.0736519773	0.0980212977	0.015588935	0.0352006136	-0.0285315163	-0.0787992497	0.1124935748	0.0895003788	0.2089924127	-0.0311051219	-0.0685994921	-0.0632159292	-0.0321166042	0.1255018503	-0.1857160337	-0.0144650152	-0.0195779289	0.0353008105	-0.1136005419	-0.0586169549	0.095984436	0.0469432075	-0.0651507727	0.2401898225	0.0307625136	0.0535890065	0.0372322361	0.075207351	0.0678150916	0.0651862364	0.0994364025	0.1240143261	-0.0464348915	0.0291932215	0.1718225316	-0.0481864659	0.1830404984	0.0429443844	0.0712645936	-0.0826835796	-0.0166392075	0.124667452	0.1059783286	0.1654859439	-0.0669622411	-0.1209789439	-0.1181187526	-0.0667656976	0.0612573246	-0.0136338919	0.0182351082	0.0605973686	-0.0186588659	0.126688996	0.0678057422	0.1979082499	-0.0628476396	-0.0337608533	-0.0778392586	0.1922642397	-0.0389524244	0.0478738276	0.1355847933	0.0173673881	-0.0501632282	-0.0205329793	-0.015047845	0.0303446732	0.0459569978	-0.0898416793	0.0949116165	0.1541348256	0.1099802804	0.0238666361	0.125078244	0.0517231177	0.0038132041	0.1813077877	-0.0276059673	0.0405222992	0.15786081	-0.0133375399	-0.091509568	-0.0261331164	-0.1157857731	0.0785907625	-0.0251860523	-0.033413395	0.3303563957047402	0.0151926176188652	0.1091353481830268	0.000230815630113	0.0268451244536578	-0.0109520828913077	0.0007206607069323	0.000119948119658	0.3776028771393882	-0.0513773136403087	0.1425839328239439	0.0026396283568946	-0.0034728909076266	0.0007482964103604	1.206097125627551e-05	5.599475177582602e-07	-0.005363117944702	0.000314917174144	9.917282657090529e-08	2.876303408878461e-05	0.004347245277436	0.000340168764482	1.1571478832921063e-07	1.8898541502189603e-05	0.0	0.0	0.0	0.0	0.0	0.0	0.0	0.0	0.0	0.0	0.0	0.0
756.3436642544056	-0.0123466941900005	572055.7384577809	0.0001524408574213	1230.4016615093085	1.0231555074622063	1513888.248644867	1.0468471924502454	713.9185984906673	-0.5387698242686838	0.2902729235425084	509679.76527087856	813.1614129954371	661.5393578335007	0.8721489999999998	38.345638	0.1435765030582225	0.0763421348180994	0.0505804586	-0.0369095328	0.0181455909	0.0839133696	-0.0522368776	0.051230872	0.0144221582	0.1228417053	0.0333343701	-0.0530077941	0.0171036524	-0.0402181436	0.0136833292	-0.0449204287	-0.0726932976	-0.1581496383	-0.0040832797	0.0322638211	-0.021776323	0.0934753808	0.0970959834	-0.0710442896	0.0682608256	0.0905702324	0.0438623921	-0.1517411591	-0.0700558854	0.0207886103	0.0859417534	-0.0731543146	0.0753531335	-0.0414345147	-0.0121844933	0.043898067	0.0732801886	-0.119673023	-0.0285124731	0.0833726837	-0.0574724049	-0.1953355872	0.1039373755	0.1049584892	-0.1431342236	0.0049308724	-0.0671340865	0.0990304062	-0.0773049834	-0.1011228655	-0.0305962194	-0.0966937953	-0.1244169351	0.2066644874	0.0517016802	-0.0103597542	0.0822826953	0.0345959668	0.0892712849	0.058141407	0.0652098223	0.1191242326	0.0355068776	-0.0476179632	0.04510942	-0.0528340637	0.011399096	-0.0673855184	-0.0472492788	0.0139417175	0.0194429105	0.0585856905	-0.0163187784	-0.0394345062	-0.0494621489	0.0161859653	-0.0123426127	0.0201797517	0.0472997027	-0.1112697315	0.0781443949	-0.0042826531	0.171173407	0.1575904527	-0.0501318355	0.0169731797	-0.0414493085	0.0226776005	-0.0511434955	0.0494358779	0.0956282811	0.0342329086	-0.0463520241	-0.0722488869	-0.0036748262	0.0294573557	-0.055283406	-0.0700665524	0.0941240545	0.1068845577	0.0844969003	0.1003867752	0.1218206608	0.1843374847	0.0542078407	0.0189268174	-0.0549914597	0.0259998112	0.0461879369	-0.0478826454	-0.0254801683	0.03827327	-0.1172407796	0.0838433825	-0.0350428114	-0.0201956026	0.3249516565024208	-0.0054047392023193	0.1055935790636672	2.921120584508788e-05	0.0822680368663952	0.0554229124127373	0.0067680298898505	0.0030716992203099	0.421287697664809	0.0436848205254207	0.1774833242037155	0.0019083635443382	-0.0040352828230638	-0.0005623919154371	1.628350746211375e-05	3.162846665491225e-07	-0.0055102043765917	-0.0001470864318896	2.1634418446043243e-08	3.036235227181033e-05	0.004275443006408	-7.180227102799967e-05	5.1555661247783224e-09	1.827941290104308e-05	0.0	0.0	0.0	0.0	0.0	0.0	0.0	0.0	0.0	0.0	0.0	0.0
757.8570033346953	1.513339080289711	574347.2375034443	2.2901951719321088	1231.7508462515984	1.3491847422899357	1517210.1472415288	1.8202994688279597	714.4560458034247	0.537447312757422	0.2888496139901741	510447.44138506526	811.9778960036458	660.2008097698338	0.860585	37.837234	0.1135635565840459	0.0603911861574523	0.072146308	-0.0175790361	0.0011235992	0.0616561485	-0.0660464323	0.1055224946	-0.0025955667	-0.0723021021	-0.1158556214	0.0124569091	-0.0055590483	-0.0707161658	0.0300980278	-0.0609564709	-0.0034102673	-0.1755077604	-0.1239883109	0.0215478729	-0.0546051788	-0.2192061618	-0.0245416143	0.0647216033	-0.0951938601	-0.1203437125	0.025842199	0.0413166186	0.16699111	0.1129271225	0.0257512984	0.1065281545	-0.0930429038	-0.0059346246	-0.122095173	-0.0286023835	0.0513226863	0.0630455135	-0.0122625666	0.1021176537	0.023163821	-0.0663562548	-0.1719319164	-0.0487390424	0.0464963638	0.0646273587	-0.1420392013	0.1323821637	-0.01569511	-0.0228660171	-0.0369674034	0.0689942747	-0.1128539975	-0.0039638807	0.0806553326	0.0337977714	0.1230685294	0.0673132673	0.0387042792	-0.0497206713	0.0665362233	-0.0205973145	0.0705322643	-0.0046588546	0.2262795788	0.1862587643	0.1067659029	0.0038792559	-0.003099771	-0.0450162513	0.0456794944	-0.1015442972	-0.0174184777	0.141471566	-0.0575267826	-0.067200342	0.1769349068	0.1206257265	-0.0054154719	0.0694999732	0.0846991171	-0.0124434966	-0.0179777191	-0.032749164	-0.0532460742	0.0501693001	0.0429070654	0.0082660909	-0.0410953029	0.0578515345	0.1004736213	0.0192894074	0.0061461259	-0.040265757	0.0092562145	0.0358689278	-0.0081107874	-0.0160253825	0.1055626371	0.1494944928	0.0562969964	0.1021677909	0.0368582713	0.030883175	0.2264967654	-0.0439459602	-0.0014290517	0.0687675754	0.0291662369	0.1273032622	-0.141916682	0.0875490903	-0.1186154352	0.0888661936	-0.0446835199	-0.0067565429	0.317282658529237	-0.0076689979731838	0.1006682854033804	5.881352991269757e-05	0.0369730252366196	-0.0452950116297755	0.0013670045951477	0.0020516380785415	0.4425879344369505	0.0213002367721414	0.1958840797091663	0.0004537000865492	-0.004379753057476	-0.0003444702344122	1.9182236844470367e-05	1.1865974239599609e-07	-0.0051278010851938	0.0003824032913978	1.4623227727194698e-07	2.629434396931472e-05	0.0042163303280392	-5.911267836880042e-05	3.494308743933245e-09	1.777744143514315e-05	0.0	0.0	0.0	0.0	0.0	0.0	0.0	0.0	0.0	0.0	0.0	0.0
761.7387925643035	3.881789229608216	580245.988097323	15.06828762310235	1233.7883745267247	2.0375282751263057	1522233.7531172975	4.151521471939179	717.411597808121	2.955552004696301	8.735287652464324	514679.4006696011	812.3731727058457	681.3349644213491	0.885576	38.935974	0.1504599178439913	0.1022209593963546	0.0481718779	-0.0394724016	-0.0917113551	0.0525660985	-0.0351739529	0.0537314337	0.0745954697	-0.0332383664	0.0126256667	-0.0192634181	-0.05452276	0.0236214427	0.0308062412	0.0147309156	0.0832564437	-0.0614881173	-0.0217847726	0.1137532665	0.0376529218	-0.0392656374	0.0708898272	0.0010307766	0.0967202856	-0.0890486855	-0.0220972768	-0.1147706537	0.1563692895	-0.0705971154	-0.0318327999	0.1235736966	0.1220391392	0.0817083988	0.1331658221	-0.1172302377	-0.1405827792	0.1623378682	0.037238075	-0.1129961121	-0.0390366831	-0.0449952089	-0.0519273456	0.0764315806	-0.0782178398	-0.0179404288	-0.1037253102	0.03863753	0.0430546358	0.0297470501	0.0649903503	0.1307120941	0.0509831289	-0.1173351942	0.0710844025	-0.0370223139	0.0686772367	-0.0088218365	-0.0279078874	-0.1253457572	0.0612712001	0.0568311078	0.0534229811	-0.07608801	0.0610709573	-0.1027781272	0.117411007	-0.0409572911	-0.0683493739	-0.0405087667	-0.0659087365	-0.0369806126	-0.1214329066	-0.0687564915	0.0842078246	0.0379404395	0.0832447158	0.0352814278	0.0955432239	0.1329567543	0.0866566964	-0.0523153269	0.007873705	0.0806387544	0.0044458737	0.044209738	0.1485792793	-0.107000015	-0.0463488532	0.051351684	0.0196228464	0.0529436889	-0.0316143617	-0.0549394741	0.0585558112	-0.0083362837	-0.0152123102	0.029256497	0.1318392918	0.1287699835	0.0151550233	0.0983958011	0.0844595776	0.0538782627	0.0624165592	-0.0210120346	-0.0093923155	-0.1064025937	0.0422939271	-0.065240949	-0.0660003376	0.1241603037	-0.1199087977	0.0936454286	-0.0540487397	0.0067565429	0.3199380251217434	0.0026553665925064	0.1023603399188013	7.050971740599183e-06	0.0529639603988698	0.0159909351622502	0.002805181101133	0.0002557100073632	0.5423661118984953	0.0997781774615447	0.294160999335891	0.0099556846975475	-0.0038069135766206	0.0005728394808553	1.4492590979858247e-05	3.281450708266838e-07	-0.0051249592556188	2.8418295750006622e-06	8.075995333348445e-12	2.6265207371752803e-05	0.0041513028659158	-6.502746212339993e-05	4.2285708302102124e-09	1.7233315484560733e-05	0.0	0.0	0.0	0.0	0.0	0.0	0.0	0.0	0.0	0.0	0.0	0.0
762.585796406472	0.8470038421685331	581537.0968808932	0.7174155086482573	1229.6531806334606	-4.135193893264159	1512046.944641986	17.09982853488919	716.2142917839573	-1.1973060241637086	1.4335417154987071	512962.9117555955	810.9059445069721	687.8548160643375	0.8672879999999998	38.131939	0.180869560070963	0.0938066322258663	0.0641399044	-0.0118699827	-0.1285823733	0.050950488	-0.0191556088	0.0229767459	0.0868073949	-0.018125688	0.0625658961	0.088382384	0.0083589629	-0.0114650007	0.0177210958	-0.0254291545	0.0281065644	0.0310179799	-0.0064717547	0.0416334556	0.0501333435	-0.0659516181	0.1343600408	-0.1200821888	0.0504597111	0.0124073657	-0.0560270677	-0.0286297366	0.0939395881	0.0420450501	0.0180737372	0.0922946737	0.1137021591	-0.0078740598	-0.0115912404	-0.1028799752	0.0385868704	0.0527563162	-0.0854190868	-0.0151518456	-0.0838734823	-0.0091534016	-0.0319351421	0.0275335183	-0.1149531557	-0.0831787443	0.0399407866	-0.1262924804	0.0818874697	-0.001603326	-0.0852168536	0.0559134624	-0.0696679985	0.0855733863	0.0721344718	-0.0294576409	0.0575489341	-0.0310081439	-0.0780191158	-0.1129706966	0.0931683656	0.0839536963	-0.062588447	-0.0017104994	0.0278040407	-0.0061233861	0.0719065927	-0.0608389076	0.0267684171	0.0468041592	-0.0365381522	0.0759565013	0.0084901441	-0.0109873159	0.0987570341	-0.0092465305	0.1024818016	-0.0282325824	-0.1011901336	-0.0182885155	-0.0049150676	0.0581886846	-0.0077246208	0.0573556398	-0.1020431439	-0.020392771	0.1239477218	-0.0569347542	-0.0132495879	0.0438728415	-0.042783481	0.0438845198	-0.0320140839	-0.115310331	0.0833453179	0.0213090249	0.0520228859	0.0912759995	0.0005167916	0.0037968615	0.0317385279	0.0628446548	0.0150406684	-0.0737238385	0.1086124528	-0.0811939103	0.0460055565	0.0249783221	0.0443517295	0.0117983613	-0.1448933678	0.1384834839	-0.1211199807	0.098167988	-0.063080731	0.0201956026	0.3629579394601308	0.0430199143383873	0.1317384658171439	0.0018507130296821	0.0408113414433302	-0.0121526189555396	0.001665565590404	0.0001476861474785	0.5951327521983814	0.052766640299886	0.35418299273922	0.0027843183285375	-0.003781415887903	2.549768871760007e-05	1.4299106117285232e-05	6.501321299396301e-10	-0.0059620647918272	-0.0008371055362084	7.00745678750753e-07	3.554621658194551e-05	0.0047473073705328	0.0005960045046169	3.552213695237555e-07	2.253692727031505e-05	0.0	0.0	0.0	0.0	0.0	0.0	0.0	0.0	0.0	0.0	0.0	0.0
763.4082670341531	0.8224706276811276	582792.1821760889	0.6764579333981879	1233.576848572789	3.923667939328425	1521711.8413347737	15.395170098113768	715.751117647851	-0.4631741361063177	0.2145302803578337	512299.66241414775	812.1612099962834	704.0887965080298	0.8776469999999998	38.587357	0.1810071326595958	0.1185637319568732	0.0185394292	-0.0345434389	-0.1665345492	0.0325170419	-0.0125617775	0.0109509518	0.1648446422	0.0250387062	0.1150353795	0.0635044934	-0.0951614424	0.0527612866	-0.0170397277	-0.0069709813	-0.0309230464	0.1650969284	-0.0251980906	-0.0419392528	0.0039951286	-0.0068209211	-0.0194615553	-0.1500688704	0.0399346828	-0.0877548094	0.0143299774	0.0462073459	0.1013819388	0.0481968089	-0.0641692475	-0.1590359617	0.1133404909	0.1982040597	0.0537206935	0.1210146961	0.1590975413	0.0247480017	0.0440872763	-0.0145468304	0.0079718159	0.0763082752	-0.0826269853	0.1146148879	-0.0883038726	-0.0374755732	0.0010759977	0.019148588	0.0495745226	-0.036949831	-0.001078883	-0.0174512578	-0.078101022	0.0139164252	0.034502165	-0.0789967305	0.0447738631	-0.0731344541	-0.1000669764	-0.1637821706	-0.0195365714	0.1450662147	-0.0500610335	-0.0581114708	-0.0458511759	-0.0280042806	0.0238489554	-0.0188709491	-0.0079760578	0.0727541018	0.0957781768	0.0147103388	-0.0670692676	-0.0235260296	0.1904478046	0.0048159644	0.01486439	0.0083022548	0.1667687464	-0.0662281637	0.0627115107	0.1311625636	0.0582202418	0.027702495	0.0264656129	-0.0768418332	-0.0452374795	-0.0030974589	-0.0128826085	0.0203228156	-0.1082237692	0.0771402806	-0.0967729691	-0.1472924838	0.0896120663	0.0054118972	0.0589934781	0.0685883376	0.0010744483	-0.041225142	0.0142293192	0.091447586	0.0589915815	-0.134293462	-0.011329445	-0.0805306484	-0.0220498992	-0.034015556	0.0575106271	-0.0841646382	0.0422648385	0.1000757318	-0.1222481541	0.1024214758	-0.0717238087	0.033413395	0.3779657975798898	0.015007858119759	0.1428581441402022	0.0002252358053428	0.0442708336752133	0.003459492231883	0.0019599067142984	1.1968086502459495e-05	0.70764496637495	0.1125122141765686	0.5007613984358041	0.012658998338914	-0.0034917939358887	0.0002896219520143	1.2192624890709098e-05	8.388087508857359e-08	-0.0059641229361588	-2.058144331600585e-06	4.235958089699619e-12	3.557076239761547e-05	0.0054561786368146	0.0007088712662818	5.024984721599629e-07	2.9769885316832027e-05	0.0	0.0	0.0	0.0	0.0	0.0	0.0	0.0	0.0	0.0	0.0	0.0
764.2624716853859	0.8542046512327488	584097.1256266553	0.729665586187662	1235.231827604178	1.654979031389075	1525797.6679263578	2.738955594337522	715.7209211744985	-0.0301964733524755	0.0009118270029267	512256.4370068727	813.0735839472339	704.690441504926	0.8662579999999999	38.086647	0.1182022254369316	0.064444021538474	0.0325438128	-0.0292441121	-0.1715994514	0.0156242799	-0.0178094294	-0.0036204849	0.1425852992	-0.0438319312	0.0789337019	0.0467947667	0.0051339318	0.0639153257	0.0381931199	-0.0410914664	0.0217809045	-0.0077644355	0.0012705444	0.0285732445	0.0320570958	-0.1169916502	0.0392562976	-0.0376816587	0.0685161088	0.1396420888	0.1558496483	0.1546078055	-0.1206907435	-0.0578851067	-0.0556579593	-0.085333308	0.0788397065	-0.189589803	0.0073074255	-0.1665197048	0.103519834	0.0661665657	0.0290613497	0.0721306611	0.072068025	0.113917204	-0.0313604632	-0.13955625	0.011769524	0.0230346776	0.0159020925	-0.0961081962	0.0320191997	0.03021027	0.01813603	0.0100322874	0.0166836558	-0.1333466417	0.0488746174	-0.0394986013	0.0601815412	-0.0307619759	-0.0731606596	-0.1006979357	0.0922907297	0.0387011932	-0.0996290706	0.0266446609	-0.0157164963	-0.0551413793	0.0641311818	0.0752858684	0.068128703	-0.0107719338	-0.0817059207	0.0833562048	0.1051000839	0.008274411	0.0589619696	-0.1640677863	0.0514402539	0.0137451298	-0.0327146873	-0.0379844434	-0.1886227406	0.1425455386	0.0233168242	0.007687373	0.0366539421	-0.0593307025	-0.140355325	0.0055008304	-0.0120210408	0.0187166819	-0.0857525303	0.0282154095	0.0078315813	-0.1525700983	0.0721062079	0.0321299191	0.0128467017	0.14634828	-0.074463429	-0.0586668723	-0.0154266155	0.0348978232	-0.0790988853	-0.1081022044	-0.0227782147	-0.1340914886	-0.0399137306	-0.0007487503	-0.0464518426	0.0333780388	-0.0195754498	0.0222385189	-0.1232925447	0.1063942335	-0.0799246852	0.0462651033	0.3642845127531018	-0.0136812848267879	0.1327032062317648	0.0001871775545116	0.0317482370940496	-0.0125225965811636	0.0010079505585799	0.0001568154251345	0.650288645412985	-0.0573563209619649	0.4228753223530549	0.0032897475542919	-0.0040639639717549	-0.0005721700358662	1.651580316372186e-05	3.273785499431287e-07	-0.0060000241494064	-3.5901213247599775e-05	1.2888971126496335e-09	3.6000289793459995e-05	0.0053714094245881	-8.476921222650043e-05	7.185819341501469e-09	2.885203920655386e-05	0.0	0.0	0.0	0.0	0.0	0.0	0.0	0.0	0.0	0.0	0.0	0.0
763.8620872703591	-0.4003844150267923	583485.2883690296	0.1603076797963467	1233.8103849295094	-1.4214426746686968	1522288.065959904	2.0204992773692987	715.4213904905855	-0.2995306839129625	0.089718630605367	511827.7659714829	814.2359401246355	710.9273715258774	0.8854109999999998	38.928745	0.1171140342606839	0.063700688411536	-0.0089291501	-0.0184451749	-0.1713608315	0.0198520676	0.0393649798	-0.0911092447	0.0911180917	-0.0563012868	0.135435767	0.0333130023	0.005320244	-0.072691049	0.0180679507	-0.0417444236	0.0331726432	0.054700496	-0.114790346	-0.0391319759	-0.1334577545	0.008348078	0.1035532442	-0.1030429266	-0.00449901	0.0541710419	-0.0155087758	0.0334049747	-0.0018605213	-0.0029771759	-0.0311331909	-0.0299525741	-0.0146684714	-0.0086430179	-0.0831453107	-0.0811084125	-0.0170017772	-0.0059111502	0.1139631971	0.0883988597	0.0659632961	0.1607049074	-0.0179782182	0.0385053604	-0.0252665351	-0.0671010127	0.103431804	0.0025549519	0.0030143413	0.0369002055	0.1065726733	0.007795845	-0.1024948913	0.1430307037	0.0135003343	0.0005213835	0.0022581539	-0.0286122559	-0.1006790523	-0.0826479086	0.01190274	0.0788026589	-0.0189497264	-0.0347833684	-0.0707317926	0.1395993585	-0.0187242801	-0.0287254155	0.0277216737	-0.059254035	-0.0985972277	-0.0794496571	-0.0504162375	-0.0071483772	0.0938967047	-0.1403544824	-0.0567336221	0.0614031538	-0.073915189	-0.0653262895	-0.0426487563	-0.0177627899	-0.1142529604	-0.0383821864	-0.0100643405	0.132023501	-0.0710841051	-0.0199874205	0.0054348523	0.0040215884	-0.091709261	-0.0256843117	-0.0108799854	-0.1068355342	0.0917028831	0.0267566696	0.080098854	-0.068920701	0.030315525	-0.05902275	0.0240602639	-0.0384611864	-0.0014462596	-0.1814355562	-0.0127726492	0.0443425437	0.0524467609	-0.009104309	0.112218532	-0.0135070745	0.1622282644	0.1497319061	-0.1242524367	0.1100753719	-0.0876327994	0.0586099215	0.3644826172347279	0.0001981044816261	0.1328475782662772	3.924538564034762e-08	0.0185270672727426	-0.013221169821307	0.0003432522217287	0.0001747993314438	0.6815366724351009	0.0312480270221158	0.46449223587391	0.0009764391927748	-0.0042018331250071	-0.0001378691532521	1.7655401610406927e-05	1.900790341847852e-08	-0.006838915708657	-0.0008388915592506	7.037390481819034e-07	4.677076807011548e-05	0.0048992354783782	-0.0004721739462098	2.2294823547942925e-07	2.400250827259967e-05	0.0	0.0	0.0	0.0	0.0	0.0	0.0	0.0	0.0	0.0	0.0	0.0
760.4639959822518	-3.3980912881072527	578305.4891852944	11.547024402310408	1239.0814196760484	5.271034746539044	1535322.7645864116	27.783807299221927	718.0607275490376	2.6393370584520426	6.9661001081182805	515611.2084482532	818.2678732804304	695.4925088132162	0.910354	40.025421	0.128474449314227	0.0626380909371973	-0.004032785	-0.0284938804	-0.088888156	-0.0922756583	0.0269209903	-0.1524017571	0.1392232616	-0.0394116993	0.0466509395	-0.0952039248	0.0633815554	0.0013211588	-0.019784658	0.0594312452	0.1212796233	0.0534856467	-0.0429950378	0.0571435763	0.0422335393	0.117535435	0.0939718644	0.0624863535	-0.0277221794	-0.0050315004	-0.04561512	-0.094158807	-0.0856367212	0.0384863706	-0.0241986323	-0.0873814012	-0.0353820561	-0.022238689	0.0705826691	0.20255964	-0.2411836007	0.0331419764	-0.0019026185	0.0163337093	0.0630631377	0.0376954555	-0.0124552013	-0.1549739564	-0.0189061032	0.0225721815	0.0392965567	0.0284362226	0.074186474	-0.1124863394	0.0274643585	-0.1136079789	0.0619698666	0.0454664467	-0.0361940401	-0.0600303364	-0.0763872507	0.0239170865	-0.1230432423	0.0187725151	0.0970552523	-0.0723372473	-0.0044295235	-0.1022065837	-0.1153280076	-0.1193706383	-0.0944840692	-0.0605619549	-0.0058535777	-0.1144688586	0.158562598	0.0367589548	-0.0395059352	0.100300437	0.0515338866	-0.0064155912	-0.0851331607	0.0520061496	0.0057841115	-0.015397521	-0.0382959159	-0.0630157601	-0.0039713112	-0.0826411916	0.1547033633	0.1392437126	0.060625861	0.0938201443	-0.0016661627	0.0051499626	-0.070438127	-0.0428334967	-0.004413132	-0.0779278944	0.0459027912	-0.0069042451	0.072249158	0.0045854147	-0.0793604038	-0.1323179844	-0.0515141568	-0.0482584749	-0.026550253	0.0936667408	-0.1259172695	-0.0854291509	-0.0775125005	-0.014938838	-0.0296920177	-0.0155230023	0.1342787499	0.0752436281	-0.1251271724	0.1134548014	-0.0948006283	0.0703125971	0.3889506616631877	0.0244680444284597	0.1512826172082315	0.000598685198153	0.0495671696082666	0.0310401023355239	0.0024569043029746	0.0009634879529998	0.6793663819011826	-0.0021702905339182	0.4615386808575035	4.710161001615215e-06	-0.0044883606971903	-0.0002865275721832	2.0145381748082592e-05	8.209804962119893e-08	-0.0073794755242051	-0.000540559815548	2.922049141853958e-07	5.445665901234214e-05	0.0054880683309734	0.0005888328525952	3.467241282954008e-07	3.011889400543316e-05	0.0	0.0	0.0	0.0	0.0	0.0	0.0	0.0	0.0	0.0	0.0	0.0
757.6346962478879	-2.8292997343639854	574010.3329586294	8.004936986872119	1230.7524533140067	-8.328966362041683	1514751.6013384464	69.37168066002187	716.4139769634991	-1.6467505855384843	2.711787490971341	513248.98638865695	817.441396624273	682.8841780061406	0.932683	41.00713	0.363877223660223	0.1660572837852196	-0.0412023077	-0.007320455	-0.0123768103	-0.0155962053	0.0741295819	-0.1055835411	-0.0862754452	-0.0237856979	-0.0658594591	0.205348129	-0.1587324062	0.0421019178	-0.0559959843	0.0617994562	-0.0059596213	0.1222737305	0.0431554099	-0.0492977773	-0.0814109627	-0.0287392895	-0.1282036907	0.0421657385	-0.077246127	-0.0674742151	0.1362343305	-0.0263176693	-0.0856483635	0.0798929981	-0.0340763799	0.0506386038	0.1040807133	0.0415294196	0.0675307944	0.0616165946	0.0319879472	-0.0219630672	-0.0331607137	0.0354425158	0.0826392153	-0.1000003857	-0.0605019591	0.0224870199	-0.0281710601	0.0937891734	0.0443576059	-0.101304316	-0.0337681971	0.0501562093	-0.1081159029	0.0385661256	0.1291737963	-0.0763093384	-0.0469708121	0.0240219358	-0.0821692346	-0.0777321946	-0.121462216	-0.0081909021	-0.0477647362	0.0325675136	-0.1374711349	0.0872533518	0.048244614	0.1374716871	-0.0206729749	0.0703337093	-0.0187092341	0.0278506597	0.0920271567	-0.0471923464	0.0566851958	0.0003693987	-0.0791195077	0.115803751	0.0483853149	0.06157072	0.0705543381	-0.0003787741	0.0991263099	0.0168867311	0.0768562155	-0.0445386492	-0.0276388908	-0.1000449977	-0.1693775231	-0.002419516	0.0100106345	-0.0345916023	-0.1192909575	0.0234124634	-0.0829811192	0.0055562655	0.0235228495	-0.0251224063	0.0249798473	-0.0123468334	-0.0549606462	-0.1916705328	0.0133276967	-0.0853199988	0.1255990389	-0.1730554705	0.0118840242	-0.0646100591	-0.0952726796	0.0519711901	-0.0260118325	0.0240347562	0.0029960954	-0.0580821009	-0.1259161521	0.1165232592	-0.1013839798	0.0812449131	0.4095117101069121	0.0205610484437244	0.1676998407146876	0.0004227567131051	-0.0419305244795538	-0.0914976940878204	0.0017581688831304	0.0083718280233883	0.8062759204655308	0.1269095385643481	0.6500808599225388	0.0161060309786157	-0.003225231903409	0.0012631287937812	1.040212083076724e-05	1.5954943496794017e-06	-0.008054932375054	-0.0006754568508489	4.562419573587138e-07	6.488193556669309e-05	0.0060476615376298	0.0005595932066564	3.1314455693599244e-07	3.657421007372684e-05	0.0	0.0	0.0	0.0	0.0	0.0	0.0	0.0	0.0	0.0	0.0	0.0
755.6852986915904	-1.9493975562974128	571060.2706585983	3.800150832498325	1235.006080395609	4.25362708160219	1525240.0186141252	18.093343349339563	714.3223548086476	-2.091622154851507	4.374883238665661	510256.4265793714	816.4643965251064	675.1037302609303	0.956569	42.057346	0.4019792963945808	0.207140085415744	-0.0279146706	-0.0602856963	0.0428134895	-0.0510806653	-0.0025227399	-0.0357250467	0.0081176913	0.1181713703	0.0253099595	0.0721665572	-0.0567766998	-0.0136008033	-0.0104901364	-0.0567971351	-0.058348082	0.0743516034	0.1281228847	0.0257432996	0.0208850255	0.0966852045	0.0604588289	0.0838236172	0.0371967633	0.0627418962	0.0082667923	-0.1079655697	0.0252858874	-0.0307281305	0.042277224	0.1054835232	-0.086314589	-0.0575649408	-0.0773132169	0.147939696	0.0036356127	0.0586042222	-0.001366897	0.0216517157	0.1395312259	-0.0708931281	0.101785386	-0.0690385946	-0.0444993898	0.108266438	0.0426198542	0.0089960087	-0.0123021801	0.0242789405	0.0867529347	0.007720123	0.0256573334	0.0037935724	-0.040692215	-0.0633217447	-0.0100393824	0.00788982	-0.0449713207	0.0865263346	-0.1048542369	0.0425787832	-0.151114993	-0.0220675165	-0.1295023359	-0.18218286	-0.0586587416	-0.0228979831	-0.0253585702	0.0530893709	0.0648764183	0.1164057664	-0.0109861102	-0.0534018047	-0.0830101796	-0.007279814	-0.0754058873	-0.1441375689	-0.0225783002	-0.0151157953	0.1416708231	-0.1783107693	0.0799321814	-0.1009740266	-0.0568108097	0.0083055493	-0.0675854903	0.0292649499	-0.0592935157	-0.0208564371	-0.0454597578	0.1121515155	-0.1386146817	-0.0215418363	0.0025019133	-0.0190407398	0.0136450625	0.0736559158	-0.1222626619	-0.1005450413	-0.0069988681	0.0240019557	0.0545409718	0.0432738811	-0.1457685465	-0.0095801522	-0.1199404106	0.020785675	0.0644549691	-0.101408349	-0.0163115818	-0.0192083667	-0.1266188352	0.1192723348	-0.1073422654	0.0912870929	0.3834240089452834	-0.0260877011616287	0.1470139706356727	0.0006805681518984	0.0330463413874753	0.0749768658670291	0.0010920606790975	0.0056215304152424	0.7417657519640528	-0.0645101685014779	0.5502164307867967	0.004161561840089	-0.000679835293361	0.0025453966100479	4.62176026099237e-07	6.479043902443848e-06	-0.0063684815544096	0.0016864508206444	2.844116370452172e-06	4.055755730885532e-05	0.0055514177510333	-0.0004962437865965	2.462578957356328e-07	3.0818239046487624e-05	0.0	0.0	0.0	0.0	0.0	0.0	0.0	0.0	0.0	0.0	0.0	0.0
755.79217354886	0.1068748572695312	571221.80959771	0.0114222351163826	1225.5178561342354	-9.488224261373489	1501894.0157038523	90.02639963411649	712.0914875844891	-2.2308672241584877	4.976768571824595	507074.28669029055	812.5172145913145	663.3484805717287	0.912497	40.119614	0.4217111698395806	0.2326795828176464	-0.0117105314	-0.0998158744	0.067546124	-0.0027473481	-0.0070014145	0.1100485288	-0.0520237145	0.0375724129	-0.0137872734	0.103790952	-0.0308800961	-0.0201460644	-0.0807032635	-0.1051433679	-0.1120630776	0.0422529494	-0.1254616839	0.0229362667	0.0223583219	0.0041189498	-0.0747757128	0.0455565661	-0.0746728027	-0.0475234912	0.1038535983	-0.1826567558	0.0196231175	-0.0280043634	0.0131416262	0.0203142842	-0.0299358887	0.0491607228	-0.1068102485	0.0664474684	-0.0904184765	-0.0664140705	0.1509494561	-0.0918738107	0.045716227	0.0556902135	0.0261379342	0.0185690857	-0.0736445184	0.0305894055	-0.0181925295	-0.1623971202	0.0073023443	0.1131779271	0.0129123971	-0.0930718195	0.0491512685	-0.0763342282	-0.0170356918	0.0173272568	0.1012106635	0.0668639897	-0.0088726087	0.0364580478	-0.1307698354	0.0952820481	-0.1145268845	0.032976103	0.0589070893	0.0718483758	-0.0398660891	-0.0662375009	0.1026050971	0.0232932808	0.1783237987	-0.0073269768	-0.0998618302	-0.0911732687	-0.0255500554	0.1811145717	0.006923207	-0.076199132	0.0324343301	0.0659576448	-0.0114776651	0.1046406887	-0.0235616724	-0.1553726368	0.0827510206	-0.1087249311	-0.0154204149	0.0635063403	-0.1342922843	-0.0182579655	0.0306733358	0.1835810251	-0.1531585726	-0.1054631756	-0.0100305516	-0.0200816332	-0.0585754293	0.0290886785	-0.0795878835	-0.0025070173	0.0821470183	-0.0032068936	0.1266281359	0.0161668893	-0.0186918486	0.0604941178	-0.0045817941	0.1505364641	0.0010715941	-0.1287858141	0.0807065793	-0.1547433035	-0.1272347401	0.1216944932	-0.1126387502	0.1003291122	0.3399701860864468	-0.0434538228588365	0.1155797274276532	0.0018882347210471	0.0453564752864537	0.0123101338989784	0.0020572098504106	0.0001515393966107	0.6073235529463972	-0.1344421990176556	0.3688418979634353	0.0180747048767029	0.0011612658034707	0.0018411010968317	1.3485382663104505e-06	3.389653248754889e-06	-0.0039780453044655	0.0023904362499441	5.714185465046813e-06	1.582484444438001e-05	0.0051528548165269	-0.0003985629345064	1.5885241276235298e-07	2.6551912760204472e-05	0.0	0.0	0.0	0.0	0.0	0.0	0.0	0.0	0.0	0.0	0.0	0.0
757.0892608963518	1.2970873474918108	573184.1489645842	1.6824355870233414	1232.96762976462	7.44977363038447	1520209.1760473847	55.49912714397181	714.0878856686211	1.9963980841320108	3.985605310325963	509921.5084586816	813.3705918967845	671.9067236082249	0.910041	40.011627	0.3924599698936972	0.2195768089337374	-0.0327873334	-0.0681216629	0.0260647434	-0.0168828678	-0.0407340113	0.1102136953	-2.87583e-05	-0.0298001835	-0.0706804495	0.0915807276	-0.1180712601	-0.0663333724	-0.0703155778	-0.1221374728	-0.0828307248	0.1048455121	-0.0094380738	-0.0061026411	-0.0999781322	0.0099955934	-0.0743532887	-0.0100689619	0.1479204255	0.0565256038	0.0136203584	0.0158314044	-0.131468072	0.0564756286	0.1150693633	-0.0385293778	-0.0588245933	0.0790510517	-0.0651674675	0.0409806546	0.0389143875	-0.0228978098	0.0628436259	0.0451300659	-0.0961665634	-0.0122394778	0.0138479795	0.0386060125	-0.001350756	-0.1804928689	0.0644423211	0.1492465438	-0.1132620317	-0.0022704053	0.1207493757	0.0623191479	-0.0043364994	0.0268466299	-0.0199477181	-0.03511114	0.135202547	0.0320415347	-0.0045699165	-0.0445587168	-0.1182424008	-0.0279376584	-0.1717530471	0.0025075221	0.0455297242	0.0575651813	-0.1678851004	-0.0261321335	0.0206205232	0.0157167276	-0.0509443296	-0.0689108761	0.0426680475	-0.0795334245	0.0085248377	0.0556897394	-0.1041798213	-0.0545419053	-0.0114189871	0.0413078168	-0.0187640365	0.1064093859	0.0181221733	0.0331083166	-0.0512292905	0.1541663253	-0.0983239906	0.010159609	-0.0887738517	-0.0495762439	-0.0287092402	0.1315602524	-0.0751901668	-0.0324236312	-0.0106279029	0.0219375666	-0.0056830802	0.1219332772	-0.1706842915	-0.0100902226	-0.0379124875	0.0556620194	-0.2365456544	-0.1146037829	-0.051892911	-0.0009666153	-0.0530453601	0.09911386	0.0479983048	0.020047372	0.0500992942	0.0672818756	-0.1277634447	0.1237830955	-0.1172407796	0.1082719048	0.3581922958641996	0.0182221097777527	0.1283017208164663	0.0003320452847524	0.089134654128145	0.0437781788416913	0.007944986566544	0.0019165289426951	0.7646193560095753	0.1572958030631781	0.5846427595844976	0.0247419696612901	-0.0004183680028748	-0.0015796338063455	1.750317858294487e-07	2.4952429621495725e-06	-0.0057351750431595	-0.0017571297386939	3.087504918602844e-06	3.289223277567957e-05	0.0052793688357089	0.000126514019182	1.6005797049583482e-08	2.7871735303454343e-05	0.0	0.0	0.0	0.0	0.0	0.0	0.0	0.0	0.0	0.0	0.0	0.0
758.5256486735481	1.4363877771962734	575361.1596956268	2.063209846478851	1219.743720270652	-13.223909493967994	1487774.7431396905	174.87178230465685	715.2554587187878	1.1675730501667658	1.363226827475725	511590.37122702366	813.6208688453535	667.1715779706765	1.161752	51.078598	0.7591536794921433	0.35963069371835	-0.0255608399	-0.0446291862	0.0522234931	-0.1144036395	0.050441066	0.2190884165	-0.0250278933	-0.0971787149	-0.0365767545	-0.077462578	0.2597952237	0.0968671992	-0.0938070149	-0.1050310492	0.0619198853	-0.1311305035	0.1381070158	0.0928863769	-0.0439672132	-0.1234516079	-0.091859622	-0.0884817631	-0.0834964149	0.0100290571	-0.1197548603	0.1411780373	0.0370327112	-0.1977366235	0.0834148584	0.1269839097	-0.0481789517	-0.1454103819	0.0179098682	0.0444956978	-0.032689419	-0.1621090204	-0.0756447376	-0.0166732963	-0.134722546	-0.0267767059	-0.1095756051	0.0397839764	0.0042420549	0.037193632	0.0229633349	0.0495895723	-0.1686956882	-0.0176650914	-0.0853038339	-0.155393044	0.0657165829	0.143862683	-0.0729369731	-0.0161562878	0.1595878241	0.1093046425	0.1029163613	0.0511659925	0.0818764784	-0.2701529041	0.0540667846	0.1556119486	-0.2331396189	-0.1531612127	-0.0478676422	-0.0112906882	0.0768819389	0.1211394999	-0.0482621803	-0.1568592783	0.0911867574	0.1562941427	-0.0391852321	-0.0039930878	0.1494365594	-0.1303030486	-0.1502454867	0.0773962725	-0.076849174	-0.1385054362	-0.0115772206	-0.0090759148	-0.0395979405	-0.0690942845	-0.0693008889	-0.1070085366	-0.0606994786	-0.0422244938	0.1081225301	-0.0648902203	0.2930216356	0.0476760836	-0.2009503223	0.0065811779	-0.0441364868	0.188908677	0.0707903958	0.0580134079	-0.066265914	0.0157248109	-0.2037837664	0.0588278844	-0.0459558372	0.0319431314	0.1069759625	-0.0537514797	-0.0215977694	-0.0311308365	-0.2719610953	-0.0234318944	-0.1282045865	0.1255324169	-0.1211199807	0.1150284477	0.2620572106360725	-0.096135085228127	0.0686739816463588	0.0092419546118192	-0.0245839742485713	-0.1137186283767163	0.0006043717898544	0.0129319264398817	0.5193286415772604	-0.2452907144323148	0.2697022379624826	0.0601675345867154	-0.004876506338859	-0.0044581383359842	2.378031407293201e-05	1.9874997422771973e-05	-0.0065400012455396	-0.0008048262023801	6.477452160375742e-07	4.277161629165952e-05	0.0044621483449735	-0.0008172204907353	6.678493304778077e-07	1.9910767852549743e-05	0.0	0.0	0.0	0.0	0.0	0.0	0.0	0.0	0.0	0.0	1.0	0.0
760.2076361614991	1.6819874879510053	577915.6500782542	2.829081909623733	1239.5769669759338	19.83324670528191	1536551.0570572554	393.35767487257567	720.4090075858159	5.153548867028007	26.559065924845655	518989.1382107801	820.0460402544807	688.6411529785084	1.205549	53.004181	0.6436716171049406	0.3311313225894694	-0.0396408611	0.0179151027	-0.0193351115	-0.0251653132	0.0300973209	-0.05944079	-0.193703034	-0.1251186114	0.1063956152	0.0353115578	-0.0206907375	-0.1201944652	-0.0221481457	0.164372158	0.1322649869	0.0740374808	0.0089298419	-0.0344356031	0.0180523819	-0.0443389858	-0.0437530172	-0.0281338504	-0.0252482503	0.0875621843	0.0400629356	0.0150086829	-0.0839167452	-0.0516079477	-0.0498581549	0.020689867	-0.1877607709	0.061334538	-0.0277314982	-0.1376495791	-0.0239649464	0.0792042076	-0.0254721647	0.0643321614	0.0733830299	0.1097416273	0.0728606706	-0.0264138919	0.0775004506	0.0660963515	-0.0608539042	-0.0789459182	-0.1342773148	-0.0317000707	0.0236722913	0.0683005934	-0.109480771	0.0617278359	-0.0419187318	0.0803659496	-0.1268496902	-0.0066864304	-0.0553459255	-0.0718708654	0.0534727699	0.0089466277	0.2081504767	0.0543973093	0.1548615673	0.1395455752	-0.0453500925	0.1193339898	-0.0109436719	0.0278232148	-0.1655353634	-0.0779995987	0.0438959592	0.0214712183	-0.0860451299	0.0347798638	-0.2633821946	-0.0372220597	-0.0684990307	0.009293314	-0.0790955964	-0.0756664502	-0.0768182791	0.081873507	0.0595431423	-0.0791205329	0.0585144943	-0.0076744745	0.0380621694	-0.058690122	-0.0593436384	-0.1678933307	0.1250394219	0.1259278532	-0.0544604085	-9.6812e-05	0.1093896652	-0.1833152473	0.076999698	0.0960830781	-0.1170355375	-0.0125341228	-0.0434891296	-0.098868722	0.0585114412	0.0895424298	0.2092850196	-0.1124337452	-0.0297547014	0.0455891072	-0.0518200626	0.0115784911	-0.1285578634	0.1269376627	-0.1242524367	0.1205247148	0.357728806423637	0.0956715957875645	0.1279698989452799	0.0091530542405391	0.0338043628489543	0.0583883370975256	0.0011427349476237	0.0034091979090142	0.746978416195681	0.2276497746184205	0.5579767542622079	0.0518244198838176	-0.0076324903195996	-0.0027559839807406	5.825490847878161e-05	7.595447702098804e-06	-0.0084544804292796	-0.00191447918374	3.665230544973777e-06	7.147823932907177e-05	0.0050309233725215	0.000568775027548	3.2350503196222815e-07	2.5310189980183105e-05	0.0	0.0	0.0	0.0	0.0	0.0	0.0	0.0	0.0	0.0	0.0	1.0
753.567870782711	-6.63976537878807	567864.5358759887	44.08648428535268	1235.2437192168684	-4.333247759065444	1525827.0458647215	18.777036141445688	718.5154515579114	-1.893556027904424	3.5855544308131795	516264.4541274694	823.3416600720636	673.8469931527901	0.999121	43.928219	0.0838490230228626	0.0520080755567717	-0.0596490512	-0.0154999604	0.0754303358	-0.114511593	0.0919153045	-0.1566462848	0.0712025707	0.0336917171	-0.1671679588	-0.1334712594	0.1716227992	0.0665837939	-0.0293010059	0.0612931933	0.1506363804	0.0372539595	0.0669535243	-0.0099277518	-0.048542691	0.0742562507	-0.0619667537	0.0103613072	0.0455635436	0.0503219806	0.0462548515	0.0489577837	0.0681018403	0.0341600891	-0.0963738051	0.0252375872	-0.0254889112	-0.0444165191	-0.1768247531	0.0113684891	-0.0303702061	0.034389236	-0.0696143078	0.0612652801	0.0032856122	-0.1824242218	0.0625130801	-0.0516281752	0.0791925856	-0.0953341909	0.1083184064	0.0262636902	0.0189467444	-0.0094534812	-0.1150510598	-0.0274465658	-0.0140619098	-0.1449082336	-0.11135268	0.0011981542	-0.1465607854	0.0010892003	-0.036945865	0.1306447585	0.0298705299	-0.2163866732	0.0692126363	-0.0840188794	-0.0224279062	-0.1014554806	-0.0056530323	0.0723078354	0.0045125475	0.0086551574	0.0409614792	0.0593473915	0.0823472916	0.0353153374	0.0911123934	0.0207285089	-0.0674694075	0.1140567724	-0.1194779491	-0.0383261397	0.0070306663	-0.0077817453	0.0021450229	0.0292424696	0.0146334359	-0.0040538261	-0.0560414585	0.0566985369	0.0096866152	-0.0504685185	-0.0175540044	-0.1433736868	0.0718077539	0.1489465458	-0.0864809265	-0.0232207899	-0.0082413111	-0.1020117485	0.0470417783	-0.0325492922	-0.1429545821	-0.0231916491	-0.1000305594	0.0832689961	-0.0729260683	-0.0327259016	0.0206271375	-0.0124989425	-0.0552833035	0.0838297871	-0.000393473	-0.0082865932	-0.1288230331	0.1279949812	-0.1266188352	0.124700488	0.3576753629372717	-5.3443486365323256e-05	0.127931665252309	2.856206234880493e-09	0.0153121665822908	-0.0184921962666635	0.0002344624454438	0.0003419613227648	0.7485438685114048	0.0015654523157238	0.5603179230860192	2.4506409528050178e-06	-0.00668056760932	0.0009519227102795	4.462998358269554e-05	9.061568463460592e-07	-0.0081591306715995	0.00029534975768	8.723147936169352e-08	6.657141331623571e-05	0.005058409523644	2.7486151122500108e-05	7.554885035289139e-10	2.5587506908892324e-05	0.0	0.0	0.0	0.0	0.0	0.0	0.0	0.0	0.0	0.0	0.0	0.0
751.1682976920113	-2.3995730906997323	564253.8114575141	5.7579510176102655	1234.5316495315806	-0.7120696852878154	1524068.3936951652	0.5070432367058886	716.4755294223119	-2.039922135599568	4.161282319309102	513337.1842609821	819.0122100025355	651.2886796634909	0.916121	40.27895	0.2012856867371673	0.098584111824144	-0.0433576911	0.0198178687	0.1758626032	-0.0233724546	0.0205589297	0.0488518204	-0.0965394306	0.1271801709	-0.01335703	0.0662785403	-0.1160458301	0.004451341	-0.0544022514	0.0086013116	0.0169397235	0.0056197753	-0.0963189438	-0.0074607566	0.0061136274	0.0472148404	-0.0121585584	0.1599479594	-0.0592033228	-0.1436321627	-0.1803313776	0.0427040792	0.110835111	-0.0376024041	-0.1207605755	-0.1234118238	0.0992768273	0.0064071989	0.0234389184	-0.1890899991	-0.0681559451	-0.0749158242	0.058835011	-0.0756099389	-0.1128258158	-0.0334668814	-0.0724950794	0.0020110115	0.1415343285	0.0073925314	0.0218775485	0.0490159433	0.0461228149	-0.1082498012	-0.034186296	0.0184451132	-0.0527680957	-0.0951345991	-0.0671886069	0.0237058866	-0.0546930638	-0.0099771359	0.0531908116	0.0466344355	-0.1476594126	-0.0019474837	0.083354837	0.0586027986	-0.0604259858	0.059314024	0.1212414107	0.1632126158	-0.0233878658	-0.2042694705	-0.1313193048	-0.0515110037	-0.0193180451	-0.1323563957	0.0113270083	0.0136560275	0.1187537201	0.2176459736	0.0559145181	-0.0254400148	-0.0186513568	-0.0743309605	-0.0522843923	-0.0557225437	0.019427113	0.0097582249	0.2146605792	-0.0910419464	0.0235729915	-0.0535911078	-0.0168560311	-0.0889695312	0.0289422182	0.2422614293	-0.104881423	-0.0246329332	-0.0118333253	-0.0440175433	-0.0322163861	0.0033113372	-0.0829145351	-0.0987425762	0.0484266955	-0.0710675042	0.0422452781	0.0121879459	-1.96378e-05	-0.0490339918	-0.1155200158	0.059487978	0.0382934686	-0.1699746402	-0.1289999139	0.1287014744	-0.1282045865	0.1275100165	0.3577877437134162	0.0001123807761445	0.1280120695515372	1.2629438846841351e-08	-0.0629333430158141	-0.0782455095981049	0.0039606056631461	0.0061223597722671	0.7804491038949877	0.0319052353835829	0.6091008037704893	0.0010179440448818	-0.0058071888720953	0.0008733787372246	3.3723442596187485e-05	7.627904186362113e-07	-0.0084309409544969	-0.0002718102828973	7.388082988876409e-08	7.10807653782131e-05	0.0043831473241794	-0.0006752621994646	4.5597903802576985e-07	1.9211980465461037e-05	0.0	0.0	0.0	0.0	0.0	0.0	0.0	0.0	0.0	0.0	0.0	0.0
751.9741873952196	0.8058897032083223	565465.1785087008	0.6494582137371978	1235.763690843108	1.2320413115273825	1527111.8996061804	1.5179257933101122	714.1724825772372	-2.3030468450746184	5.304024770608153	510042.3348705343	818.0409692915168	652.83455419676	0.843906	37.103897	0.3047566588964976	0.1547927870061649	-0.0559014473	-0.0049133102	0.1585383623	-0.0445537875	-0.0134465237	0.0678850159	0.0037309059	0.0730220177	0.0254353036	-0.0571799698	-0.0221186752	-0.0650849373	-0.0603781742	0.0126757887	-0.0901052133	0.0338073968	-0.0330946334	-0.0907298211	0.0182529203	0.0730170515	-0.0301034227	-0.0293760097	0.0438760163	0.0826300876	-0.0888803206	0.0363462178	0.0716526722	0.0087293588	0.003680674	-0.0024722381	0.0299982414	-0.01644262	0.0882890889	-0.0024265162	-0.0679176563	-0.0441506325	-0.0775704533	-0.1253812026	-0.0331779712	0.0366396775	0.0889612612	-0.0061823438	0.1275728287	0.1643458324	-0.1455174555	0.0596711361	0.0082441999	-0.0459973809	0.1239939423	0.0767168029	-0.0008538814	-0.060217228	-0.0788397288	-0.0185181929	0.0015218298	0.0212229491	0.0972068642	0.0135337078	-0.1681031361	-0.0428099643	0.1083900039	-0.0413585236	-0.0971441139	-0.0943091562	-0.0404225711	0.0077384229	-0.012469188	-0.0213950483	-0.1225099883	-0.0191410713	0.0854844356	0.0025338706	-0.0439226181	0.0287435084	-0.0544576347	0.0003141609	0.0363784285	-0.0152478824	0.0370479629	0.0150613011	0.0347443735	0.0476789525	-0.0138263421	0.0287052566	0.1048418262	-0.0091288681	-0.0042048338	-0.0564945558	-0.0146337719	-0.017829387	-0.0478930092	0.2016416621	-0.0907504207	-0.0279281754	-0.039591098	-0.0121129232	-0.1106325054	-0.0042128154	-0.0821443715	-0.0102513249	-0.0300384854	-0.0511673211	0.0007564813	0.0399180167	-0.1096683618	-0.0279292729	-0.0308578874	0.0394721684	0.1175653581	-0.0752818097	-0.1290883846	0.1290552057	-0.1289999139	0.1289225186	0.4018300721790382	0.044042328465622	0.161467406907411	0.0019397266966737	-0.0234426116745964	0.0394907313412177	0.0005495560421259	0.0015595178618642	0.8047093907833656	0.0242602868883778	0.6475572036149353	0.0005885615199064	-0.0040301958970797	0.0017769929750156	1.6242478968838046e-05	3.157704033254793e-06	-0.0081357986268941	0.0002951423276027	8.710899354279796e-08	6.619121929737193e-05	0.0062502782655866	0.0018671309414072	3.486177952360138e-06	3.906597839726424e-05	0.0	0.0	0.0	0.0	0.0	0.0	0.0	0.0	0.0	0.0	0.0	0.0
