global_signal	global_signal_derivative1	global_signal_power2	global_signal_derivative1_power2	csf	csf_derivative1	csf_power2	csf_derivative1_power2	white_matter	white_matter_derivative1	white_matter_derivative1_power2	white_matter_power2	csf_wm	tcompcor	std_dvars	dvars	framewise_displacement	rmsd	t_comp_cor_00	t_comp_cor_01	t_comp_cor_02	c_comp_cor_00	c_comp_cor_01	c_comp_cor_02	c_comp_cor_03	c_comp_cor_04	w_comp_cor_00	w_comp_cor_01	w_comp_cor_02	w_comp_cor_03	w_comp_cor_04	w_comp_cor_05	w_comp_cor_06	w_comp_cor_07	w_comp_cor_08	w_comp_cor_09	w_comp_cor_10	w_comp_cor_11	w_comp_cor_12	w_comp_cor_13	w_comp_cor_14	w_comp_cor_15	w_comp_cor_16	w_comp_cor_17	w_comp_cor_18	w_comp_cor_19	w_comp_cor_20	w_comp_cor_21	w_comp_cor_22	w_comp_cor_23	w_comp_cor_24	w_comp_cor_25	a_comp_cor_00	a_comp_cor_01	a_comp_cor_02	a_comp_cor_03	a_comp_cor_04	a_comp_cor_05	a_comp_cor_06	a_comp_cor_07	a_comp_cor_08	a_comp_cor_09	a_comp_cor_10	a_comp_cor_11	a_comp_cor_12	a_comp_cor_13	a_comp_cor_14	a_comp_cor_15	a_comp_cor_16	a_comp_cor_17	a_comp_cor_18	a_comp_cor_19	edge_comp_00	edge_comp_01	edge_comp_02	edge_comp_03	edge_comp_04	edge_comp_05	edge_comp_06	edge_comp_07	edge_comp_08	edge_comp_09	edge_comp_10	edge_comp_11	edge_comp_12	edge_comp_13	edge_comp_14	edge_comp_15	edge_comp_16	edge_comp_17	edge_comp_18	edge_comp_19	edge_comp_20	edge_comp_21	edge_comp_22	edge_comp_23	cosine00	cosine01	cosine02	cosine03	trans_x	trans_x_derivative1	trans_x_power2	trans_x_derivative1_power2	trans_y	trans_y_derivative1	trans_y_derivative1_power2	trans_y_power2	trans_z	trans_z_derivative1	trans_z_derivative1_power2	trans_z_power2	rot_x	rot_x_derivative1	rot_x_power2	rot_x_derivative1_power2	rot_y	rot_y_derivative1	rot_y_power2	rot_y_derivative1_power2	rot_z	rot_z_derivative1	rot_z_power2	rot_z_derivative1_power2	motion_outlier00	motion_outlier01	motion_outlier02	motion_outlier03	motion_outlier04	motion_outlier05	motion_outlier06	motion_outlier07	motion_outlier08	motion_outlier09	motion_outlier10	motion_outlier11	motion_outlier12	motion_outlier13	motion_outlier14	motion_outlier15	motion_outlier16	motion_outlier17	motion_outlier18	motion_outlier19	motion_outlier20	motion_outlier21	motion_outlier22	motion_outlier23	motion_outlier24	motion_outlier25
851.0175976147056	n/a	724230.9514499049	n/a	1242.8103433609008	n/a	1544577.54956484	n/a	838.3528766484224	n/a	n/a	702835.5457846848	873.9964834679284	756.4882641911263	n/a	n/a	n/a	n/a	-0.0952108153	0.0666090995	-0.1981588684	-0.1103781011	0.0003288548	-0.0064034544	0.1025519173	-0.0658716269	0.1357183851	-0.0212564157	0.0200610441	-0.0008329541	0.0346343595	0.1212527672	-0.0478692309	0.0711840107	-0.0733334887	0.0078488436	-0.0055425434	-0.013309864	0.0268833441	-0.0260754471	0.0586218609	-0.0590962147	0.0365897244	-0.0456355523	0.1030597051	-0.0974933191	0.0208293833	-0.172334102	0.050066372	-0.0643594663	0.1467466294	-0.1500790032	0.1320397356	-0.0021810413	0.0396328841	-0.0180892953	0.0415459701	0.026270469	-0.0184616468	0.1537298919	-0.0183763361	0.0240916259	-0.0152642763	0.0578846782	-0.0674904529	0.0363480906	-0.1078266232	0.0003832428	-0.035885188	0.1949352075	-0.0188746979	0.1473434658	-0.1402784362	-0.0039203453	0.0653351259	-0.1516617928	0.0274297039	0.0705970354	-0.1183597526	0.0210977082	-0.1954742261	0.0078595943	-0.0162573934	0.1714531563	-0.0197801644	0.1706845484	-0.1477670056	0.0254274086	-0.0806704729	0.1765018515	-0.0917915821	0.0978288438	0.0043015211	-0.003130365	0.0220079709	-0.0020207253	0.1290883846	0.1290552057	0.1289999139	0.1289225186	-0.1069993296652285	n/a	0.0114488565488082	n/a	0.1169249538378238	n/a	n/a	0.0136714448299772	-0.7920821640230358	n/a	n/a	0.6273941545634153	0.0182079585806398	n/a	0.0003315297556742	n/a	-0.0039648488383241	n/a	1.5720026310759966e-05	n/a	-0.0023626159815713	n/a	5.581954276376118e-06	n/a	0.0	0.0	0.0	0.0	0.0	0.0	0.0	0.0	0.0	0.0	0.0	0.0	0.0	0.0	0.0	0.0	0.0	0.0	0.0	0.0	0.0	0.0	0.0	0.0	0.0	0.0
845.3798599357051	-5.637737679000452	714667.1075849123	31.7840861372214	1240.1077177683512	-2.702625592549566	1537867.151668629	7.304185093503894	836.7189691824507	-1.6339074659716744	2.6696536073579784	700098.6333897428	874.552746228427	749.4771122576512	1.226283	38.546352	0.1999587087415358	0.1194769185906638	-0.116011596	0.0948157569	-0.09552053	-0.1109159745	0.0717369715	-0.0235706046	0.0652162141	-0.0733802801	0.1401254934	-0.016013624	0.0635396981	0.0202448317	0.0759312287	0.0771652791	-0.0419202892	-0.071217677	0.0226847585	0.0150946534	0.1860025087	0.1457233056	0.0503160075	0.0140251165	0.0620024066	-0.1376020057	-0.1382839538	0.0283678779	0.0338594401	-0.0804374561	0.034036763	-0.0029009454	0.0323494105	-0.1401246179	0.0668941227	-0.0766717084	0.1272077885	-0.0265751924	0.0285380357	-0.054365806	0.1128843617	0.055071518	-0.0643958424	-0.0114546013	0.0256686305	-0.085243948	-0.0469941783	-0.0416029512	0.0247882456	0.077964863	-0.1765122909	-0.0121805317	0.1895647598	0.052331528	-0.0329784778	0.0380571277	-0.1389148457	-0.0220205915	0.0655616417	-0.1293568042	0.0222144986	-0.0446345073	-0.0915243065	0.0982535606	-0.097411834	0.0075530964	-0.0258400911	0.022222305	-0.2226773533	-0.0146984256	-0.0767201762	-0.0205319774	0.009382333	-0.0498284597	0.106699338	-0.0076933793	0.0592802525	-0.0726119748	0.1293938236	-0.1370666648	0.1289999139	0.1287014744	0.1282045865	0.1275100165	-0.083213285415141	0.0237860442500875	0.0069244508695817	0.0005657759010671	0.1319175509783008	0.014992597140477	0.0002247779690166	0.0174022402561125	-0.6876580926897944	0.1044240713332413	0.0109043866738098	0.4728736524417658	0.017660199772798	-0.0005477588078417	0.0003118826560151	3.000397115682692e-07	-0.0040628739357624	-9.802509743829946e-05	1.6506944617897453e-05	9.608919727788105e-09	-0.0018732799664968	0.0004893360150745	3.509177832878252e-06	2.394497356489915e-07	0.0	0.0	0.0	0.0	0.0	0.0	0.0	0.0	0.0	0.0	0.0	0.0	0.0	0.0	0.0	0.0	0.0	0.0	0.0	0.0	0.0	0.0	0.0	0.0	0.0	0.0
843.59079265459	-1.7890672811150807	711645.4254515995	3.2007617363565077	1229.573670768738	-10.53404699961311	1511851.4118477092	110.96614619005796	837.2901498484057	0.571180665955012	0.326247353160811	701054.7950331656	873.0402889069142	729.2532927136723	0.8534969999999998	26.828373	0.1242237130320774	0.0609377431154084	-0.0947584466	0.1410699249	-0.0577235839	-0.1333574315	0.0147830797	-0.0425690856	0.0368455591	-0.0771212574	0.1446894329	-0.010227933	0.0217498453	0.0161660078	0.0928280108	0.080691268	-0.0119592341	-0.0496381105	-0.0557004342	-0.0440118723	0.0361325837	0.0631919495	0.0500461631	0.0489481645	-0.028787587	-0.042763928	-0.1245997	0.0503844784	0.0646440345	-0.0880192039	0.0114954272	-0.0590248397	-0.1244586539	-0.0161134527	0.0641086246	-0.212886943	0.1345452841	-0.001064781	0.0393773299	-0.0479143177	0.0777444836	0.0477865786	-0.0308840633	0.0516361919	-0.0032041191	-0.0819575496	0.0193720268	-0.0210486161	-0.0086118235	-0.0301169799	-0.0856357036	-0.0650927628	0.0494497149	0.0013619153	-0.0713755062	0.0793778665	-0.138821672	-0.0018036181	0.0771460556	-0.1117660978	0.0087116278	-0.0140473417	-0.0931957757	0.058441363	-0.1265047557	-0.0004711853	0.02690441	0.0497351415	-0.0690430026	0.0654202098	-0.036665906	0.0381971137	-0.0751286026	0.0049773537	0.0277821692	-0.0210031739	0.0115570365	-0.0227943096	0.0327252603	-0.0217750496	0.1288230331	0.1279949812	0.1266188352	0.124700488	-0.1091834900400954	-0.0259702046249543	0.0119210344973356	0.000674451528262	0.1355521398919279	0.0036345889136271	1.3210236571061117e-05	0.0183743826292807	-0.6734680868163636	0.0141900058734307	0.0002013562666879	0.453559263960093	0.0169041657953814	-0.0007560339774166	0.0002857508212377	5.715873750083674e-07	-0.0034758335984697	0.0005870403372926	1.2081419204250822e-05	3.446163576087269e-07	-0.0021387839241888	-0.000265503957692	4.5743966743684434e-06	7.049235155011543e-08	0.0	0.0	0.0	0.0	0.0	0.0	0.0	0.0	0.0	0.0	0.0	0.0	0.0	0.0	0.0	0.0	0.0	0.0	0.0	0.0	0.0	0.0	0.0	0.0	0.0	0.0
845.0151704846984	1.4243778301083694	714050.6383492838	2.028852202904227	1239.543538316091	9.969867547352806	1536468.1833811745	99.39825891175865	836.9482943039532	-0.3418555444525282	0.1168652132729344	700482.4473382966	873.150156392979	745.4724843399656	0.8889169999999998	27.941765	0.2561520377212991	0.1686758596996979	-0.1103772621	0.0798452094	0.0202009109	-0.0952878392	0.0900057808	0.0009964844	-0.0243805598	-0.0573444457	0.1183326834	-0.0041777105	0.0188185619	0.0746370103	0.030851297	0.0213512055	-0.081456126	-0.1296299632	-0.0334760119	-0.0789159611	0.0746395425	0.0964835187	-0.0333285732	-0.0220558465	0.0631295851	0.0344008901	0.1476231208	0.2146180872	0.1024004171	-0.0433238151	0.1133777134	0.0534778709	-0.1309247484	0.1020253807	0.0361421624	-0.0783307409	0.1015555043	0.0174486652	0.0038178372	0.0341306406	0.1068698444	-0.0157699817	-0.0651171675	-0.0283395396	0.0366816391	-0.188672888	-0.0049255998	0.012449088	-0.0027976061	0.0027729238	-0.0437826345	-0.0498259319	0.1589032654	0.0224171767	0.0047535684	-0.1230048421	-0.1301846253	0.0138499366	0.075869235	-0.047272031	-0.0295858362	-0.0921009068	-0.024273998	0.0663448346	-0.0678811351	0.0475698751	0.0008521811	-0.0374991081	-0.1371475886	-0.0559003997	-0.025185434	-0.0406881158	0.0303240478	-0.1375925074	0.1159074963	-0.0011222246	-0.017455492	-0.0209413018	0.0723406634	-0.0462656071	0.1285578634	0.1269376627	0.1242524367	0.1205247148	-0.1169080628176288	-0.0077245727775334	0.0136674951517706	5.966902459541024e-05	0.1142615268236397	-0.0212906130682882	0.0004532902048235	0.0130556965120693	-0.543104393141661	0.1303636936747025	0.0169946926285116	0.2949623818497719	0.0151865967588103	-0.001717569036571	0.0002306327211147	2.950043395387773e-06	-0.0034630045074073	1.28290910623996e-05	1.1992400218323278e-05	1.6458557748734129e-10	-0.0023438489605708	-0.0002050650363819	5.493627949968819e-06	4.205166914635089e-08	0.0	0.0	0.0	0.0	0.0	0.0	0.0	0.0	0.0	0.0	0.0	0.0	0.0	0.0	0.0	0.0	0.0	0.0	0.0	0.0	0.0	0.0	0.0	0.0	0.0	0.0
841.5756839818832	-3.439486502815157	708249.6318695745	11.83006740304764	1236.605548206965	-2.937990109125849	1529193.2818562486	8.631785881321317	837.2811464531477	0.3328521491945366	0.110790553223422	701039.7182058974	873.0338410884367	725.8196243605975	0.896047	28.165892	0.2052244111529432	0.1086775439922813	-0.0853129578	0.1012778653	0.06152547	-0.0913773499	-0.0257680722	-0.0145054498	0.0084474423	-0.0037560868	0.0929986679	0.0084433821	0.0310175706	0.06184674	0.0283190467	-0.0199671481	-0.0048135598	-0.1342003794	-0.112893696	-0.0406191708	-0.034074987	0.0274934239	-0.1221760907	0.0036821798	-0.0188070546	0.1115292097	-0.0108194241	-0.0383774501	-0.0060613749	-0.0536034945	-0.0108964617	0.0033425975	-0.0460735817	0.0445833657	-0.1470265322	-0.0232412706	0.0848908765	0.0200910077	0.0267207111	0.0114233098	0.0548947791	-0.0591199382	0.0149936545	-0.0052932662	-0.1204756542	-0.1319869994	0.0114581813	-0.0337066158	-0.1491054825	0.0117958636	0.005038137	0.0166621489	-0.0642877367	0.0791740529	0.0064617636	-0.0201476153	-0.1074892412	0.0036543506	0.0850917885	0.0003706584	-0.0463513337	-0.1004173616	-0.0340597565	0.00361327	-0.121178727	0.0497072529	0.0834188479	0.0286615761	-0.0057142459	-0.0339698945	-0.0428984097	-0.029990977	0.0329929928	-0.0216510699	-0.0524358117	0.0355628834	0.0157800809	0.0476687233	-0.1687708424	0.0649082666	0.1282045865	0.1255324169	0.1211199807	0.1150284477	-0.0893065033339013	0.0276015594837275	0.0079756515377281	0.0007618460859337	0.0908753396926442	-0.0233861871309954	0.0005469137485259	0.0082583273642534	-0.4752916201992008	0.0678127729424602	0.0045985721741456	0.2259021242315813	0.0139177528701811	-0.0012688438886292	0.0001937038449554	1.60996481371167e-06	-0.0036430522397112	-0.0001800477323038	1.327182962126479e-05	3.2417185907776785e-08	-0.0020642627495887	0.000279586210982	4.2611806993395e-06	7.816844937132728e-08	0.0	0.0	0.0	0.0	0.0	0.0	0.0	0.0	0.0	0.0	0.0	0.0	0.0	0.0	0.0	0.0	0.0	0.0	0.0	0.0	0.0	0.0	0.0	0.0	0.0	0.0
846.3339146125214	4.758230630638195	716281.0950233547	22.64075873434356	1244.4950689474742	7.88952074050917	1548767.9766345783	62.24453751492435	837.8818014218825	0.6006549687348297	0.3607863914658392	702045.913153979	873.498380715781	741.486788451306	0.834356	26.226719	0.1544989711064217	0.0840539643523424	-0.0824993773	0.0576671155	0.107324892	-0.0604028299	0.0057558134	0.0477907909	-0.015119905	-0.0026032196	0.070591858	0.0015483388	0.0077513371	0.0346888356	0.0051712911	-0.0687215957	0.0551857837	-0.095326236	-0.0675934644	-0.0465693605	-0.0150409103	0.0150042432	-0.1248482149	-0.1255085983	0.0067656206	0.1097329639	-0.0696808522	-0.0040850706	0.0662409803	0.0625261951	0.0334031406	0.0199794207	0.1308544803	0.0060726826	-0.0636708665	0.2071002041	0.0623347193	0.018268006	0.0004673901	0.0297384793	0.0298684118	-0.0489348675	0.052255273	-0.0699297875	-0.0222267523	-0.1322351421	0.0641458233	-0.0007537248	-0.0106564198	0.0744921703	0.1100551467	0.1261165482	-0.1102005225	0.0991420901	0.052600098	-0.053082952	-0.0952763368	-0.0040454808	0.0688841296	0.0336176443	-0.0561011424	-0.1139953986	1.75704e-05	0.0214081418	-0.0538916353	0.0542053384	0.0650964452	-0.0223159121	-0.0568824456	-0.0894254075	0.0547661022	-0.0310685037	0.083764195	-0.0566987064	0.017517495	-0.0052328535	0.0376813512	0.0620820008	-0.1130153745	0.0480722527	0.1277634447	0.1237830955	0.1172407796	0.1082719048	-0.0703559449458453	0.018950558388056	0.0049499589892228	0.0003591236632191	0.083388712336486	-0.0074866273561582	5.604958916997646e-05	0.0069536773451372	-0.4493287996590283	0.0259628205401725	0.0006740680504012	0.2018963702030231	0.0125731010756108	-0.0013446517945702	0.0001580828706575	1.8080884486411253e-06	-0.0033580255283434	0.0002850267113678	1.127633544900597e-05	8.124022619314318e-08	-0.0016519619590861	0.0004123007905026	2.7289783142675857e-06	1.6999194184906885e-07	0.0	0.0	0.0	0.0	0.0	0.0	0.0	0.0	0.0	0.0	0.0	0.0	0.0	0.0	0.0	0.0	0.0	0.0	0.0	0.0	0.0	0.0	0.0	0.0	0.0	0.0
846.9861269600079	0.6522123474865111	717385.4992627146	0.4253809462138656	1236.091655699412	-8.40341324806218	1527922.5812897135	70.61735421770695	838.7405772127846	0.8587757909020866	0.7374958590395043	703485.7558632351	873.4515607358226	752.5115308410551	0.886896	27.87825	0.0936607909548489	0.0571861941982234	-0.0702624216	0.0167778164	0.0907226295	-0.0742647681	-0.0326207383	0.0334657457	-0.0117452608	0.0457765328	0.0611340033	-0.0063166598	0.0016299629	0.0540571527	0.0185475159	-0.0030894352	0.0772135856	-0.0937959739	-0.0984383306	0.0403397892	-0.0259844888	0.1013750884	-0.0746386609	-0.1106466874	0.0403803034	0.0116582058	0.1739140399	-0.1205646547	0.0423489002	0.0399462056	-0.212070523	0.012737911	-0.0069171838	-0.0297055894	-0.1495744138	0.3169671366	0.0556872701	0.0202501492	0.0014854939	0.0454520499	0.0417405755	-0.0282584673	0.0637263489	-0.0046365234	-0.1107049685	-0.1103500915	0.0582625069	0.0313571978	-0.0631515529	0.0334032108	0.0433142414	-0.0233645338	0.0315262959	0.0973675288	-0.1069762201	0.0498611544	-0.0791549985	-0.0065275302	0.072698489	0.0653131074	-0.0649851293	-0.1002791511	-0.0177522711	-0.0027998014	-0.098530499	0.0514486541	0.1083964605	0.0560928222	0.0128983989	0.0012224132	0.0325257173	-0.0098492705	0.0370182928	0.0757595131	-0.0992823923	0.0029279198	0.0499405525	0.0338135359	-0.2133342979	0.1271180885	0.1272347401	0.1216944932	0.1126387502	0.1003291122	-0.0546571587657496	0.0156987861800956	0.0029874050043443	0.0002464518875283	0.0855099920079993	0.0021212796715133	4.499827444775603e-06	0.0073119587332081	-0.4144518285224734	0.0348769711365548	0.00121640311566	0.1717703181656217	0.0118351782400792	-0.0007379228355316	0.0001400714439744	5.445301111989979e-07	-0.0033559332498924	2.092278451000084e-06	1.1262287977733363e-05	4.377629116519311e-12	-0.001572701993735	7.925996535109998e-05	2.473391561098044e-06	6.282142107457569e-09	0.0	0.0	0.0	0.0	0.0	0.0	0.0	0.0	0.0	0.0	0.0	0.0	0.0	0.0	0.0	0.0	0.0	0.0	0.0	0.0	0.0	0.0	0.0	0.0	0.0	0.0
848.5241553185984	1.538028358590509	719993.242159141	2.3655312318286152	1240.6794989585876	4.587843259175543	1539285.619136132	21.048305770762465	840.984683818965	2.2441066061803667	5.036014459902364	707255.2384180845	876.981172783609	742.0427268404659	1.108894	34.856411	0.2064704664944373	0.1382188050460129	-0.0771727541	0.0586781463	0.0556678389	-0.0750376893	0.1054617028	0.0075158365	-0.0195278127	-0.0325977982	0.0518196743	-0.0793547472	0.0245772424	0.0229379255	0.0263694515	0.0301108164	0.022750083	-0.0900975532	0.0780786535	0.0287831544	0.1248528051	0.0510704949	0.0491451173	-0.1101411964	0.0804872631	0.0200339826	-0.0667701647	0.0229906368	-0.0077635429	-0.0572572225	0.0699595393	-0.1466465128	0.1133793599	-0.001555924	-0.1506948672	0.0718157934	0.0714049772	-0.0469404493	-0.0475886312	-0.0163305078	0.0641166707	0.0779868373	-0.0614390833	-0.1318838258	0.0612158496	-0.0564161477	0.0161184284	-0.0152023097	0.1207970456	0.1431163783	0.0777730565	-0.0006326636	0.0935931664	0.0663087866	0.0110609587	0.0942731635	-0.0895974321	-0.0303228467	0.0542157985	0.0175491016	-0.0463892325	-0.0989712628	0.0044007467	0.0800081208	-0.0285327043	-0.0019513156	0.0205891501	-0.0616961352	-0.1730836653	-0.1270436364	0.1365859937	-0.0526507891	0.1209845927	-0.0988378025	0.097211859	-0.0463749118	0.0678696979	0.0094037646	-0.0309148996	-0.0201005968	0.1266188352	0.1192723348	0.1073422654	0.0912870929	-0.0486912249321136	0.005965933833636	0.0023708353853896	3.559236650732274e-05	0.0889936404663274	0.0034836484583281	1.2135806581211772e-05	0.0079198680434499	-0.5381685512348966	-0.1237167227124231	0.0153058274787026	0.2896253895382675	0.0127213876196008	0.0008862093795216	0.0001618337029681	7.853670643520602e-07	-0.0030329956936083	0.0003229375562841	9.199062877446493e-06	1.0428866525874633e-07	-0.0013157656997397	0.0002569362939953	1.7312393766115025e-06	6.601625917203926e-08	0.0	0.0	0.0	0.0	0.0	0.0	0.0	0.0	0.0	0.0	0.0	0.0	0.0	0.0	0.0	0.0	0.0	0.0	0.0	0.0	0.0	0.0	0.0	0.0	0.0	0.0
855.2953985936309	6.771243275032475	731530.2188554379	45.84973548967252	1237.941958173116	-2.7375407854715377	1532500.291805489	7.494129552120124	842.6067081894986	1.6220243705336088	2.6309630586049497	709986.0646859428	879.6345630482402	769.659717610521	1.476628	46.415581	0.777845029078128	0.3671844052349495	-0.1526113556	-0.0326057299	-0.0198394094	-0.1338592422	-0.0490800372	0.0040656717	0.0838611484	-0.0154398708	0.0916102329	-0.0922968893	-0.0412988832	0.0044344105	0.0077050504	0.1445622669	-0.0240033846	0.1374269185	0.0716401668	0.0217094026	-0.208019104	-0.2105556799	-0.1206831334	-0.0042107184	-0.0844720524	0.025677719	0.1135709755	0.0142468357	-0.1930992423	-0.0390683905	-0.0351781611	-0.0171365097	0.0032106099	0.0066922175	0.034059627	0.0111042843	0.1274805817	-0.0454147636	-0.0424581431	-0.0927534916	-0.0215246852	0.0364522429	-0.0448583793	0.1414580621	-0.1137745112	0.2342516934	0.0858149692	0.1205992882	-0.0514815451	-0.0970155517	0.1886315456	0.0097198258	-0.0654409532	-0.1268591345	0.025621225	-0.0046302038	-0.1207703029	-0.0075871562	-0.002192288	-0.0342385144	-0.0492173894	0.1246567167	0.1359592921	-0.1634587592	0.2034649451	-0.0613838503	-0.0405481036	0.0036617651	0.1984723427	-0.0605768283	-0.0094833117	0.0456942103	-0.0304575996	-0.0749790208	0.1316845527	-0.1148977911	0.057800888	0.0601657519	0.0591656432	0.2128299055	0.1259161521	0.1165232592	0.1013839798	0.0812449131	-0.1707163136825613	-0.1220250887504477	0.0291440597573626	0.0148901222845546	0.1424517786760901	0.0534581382097626	0.002857772540854	0.0202925092479817	-0.6571272012651193	-0.1189586500302226	0.0141511604170129	0.4318161586425285	0.0078797407516573	-0.0048416468679435	6.209031431332875e-05	2.34415443938671e-05	0.0011909627460777	0.004223958439686	1.4183922625449365e-06	1.784182490019459e-05	-0.0019182234338641	-0.0006024577341244	3.6795811422253793e-06	3.629553214063063e-07	1.0	0.0	0.0	0.0	0.0	0.0	0.0	0.0	0.0	0.0	0.0	0.0	0.0	0.0	0.0	0.0	0.0	0.0	0.0	0.0	0.0	0.0	0.0	0.0	0.0	0.0
854.8326262745098	-0.4627723191210862	730738.8189433758	0.2141582193447084	1247.840472539266	9.89851436615004	1557105.8449070188	97.9805866568787	844.0384245170179	1.4317163275193252	2.049811642485424	712400.8620611697	881.3558066495419	783.7480716822338	1.305047	41.022171	0.5728461505393969	0.2719959611159804	-0.150926537	-0.0515457125	-0.1411291212	-0.1077923718	0.0603426493	-0.0463266945	0.1741250288	-0.0371884229	0.0553661527	-0.0983101239	-0.0902450054	-0.0827946983	0.0148714454	0.1865576264	-0.1025344399	0.2053075196	0.0397858414	-0.0106653702	-0.2104290482	-0.0126165996	0.189073287	0.1218918442	-0.1476521318	-0.0231644071	-0.0310380939	-0.1049431553	-0.0066446276	0.0268922401	0.0637112972	0.0014106349	-0.0296790955	0.0539159637	0.1008554088	0.2643904064	0.1026707374	-0.0735148931	-0.0603975288	-0.0954481007	-0.0833312661	0.1156547709	-0.0807123722	0.2172065937	0.1149385658	0.1099446774	-0.1585256671	0.0103697148	-0.0325571269	-0.0912669657	0.0502258265	0.0804526494	-0.274192515	-0.2365914863	0.0467972577	-0.0146970199	-0.0936363452	-0.0280504268	0.0115570484	-0.0873477558	-0.0425132155	0.1569855952	0.1546550582	-0.079320494	0.3792264831	-0.2503774195	-0.1823489739	0.0600927186	0.1940833665	0.1075558305	0.079880625	0.0554184721	-0.1608250599	0.0488665814	-0.1048290814	0.0266630145	-0.0094733328	0.0129455397	0.0743372136	0.0255500953	0.1251271724	0.1134548014	0.0948006283	0.0703125971	-0.0988564472875594	0.0718598663950018	0.009772597170318	0.0051638403983075	0.0459153642176204	-0.0965364144584697	0.0093192793164974	0.0021082206712367	-0.8632301513711695	-0.2061029501060503	0.042478426042417	0.7451662942362923	0.007622255433901	-0.0002574853177563	5.809877789963332e-05	6.629868886006301e-08	0.0033750619224552	0.0021840991763774	1.1391042980406989e-05	4.770289212252872e-06	-0.0003928695364004	0.0015253538974636	1.5434647263146522e-07	2.3267045125076992e-06	0.0	1.0	0.0	0.0	0.0	0.0	0.0	0.0	0.0	0.0	0.0	0.0	0.0	0.0	0.0	0.0	0.0	0.0	0.0	0.0	0.0	0.0	0.0	0.0	0.0	0.0
854.1447684803801	-0.6878577941297408	729563.2855224021	0.4731483449450329	1246.5196743011477	-1.3207982381184138	1553811.2984198392	1.744507985816706	842.3458165604939	-1.692607956524057	2.8649216944885443	709546.4746769652	877.7396043369091	770.3604486383543	1.340987	42.151913	0.6687717462951352	0.4499619351702012	-0.0920849909	-0.0989800774	0.044790466	-0.0390045442	0.0532241448	0.030183703	-0.0054543408	0.058424206	0.047588051	-0.0633916153	-0.0768945834	-0.0076632731	-0.0210177182	0.0577789953	-0.0880931917	-0.0143708922	0.0557678054	0.0118422335	-0.12663755	0.0545516335	0.0949478515	0.0549954557	-0.0205316145	0.025841279	0.1070587527	-0.0821332722	-0.1884865979	0.2554307747	0.0809662984	0.1294741775	0.0537053802	-0.0102619001	-0.0514240662	0.0423675363	0.0566993638	-0.0024682042	-0.0659447793	0.0218117671	-0.0625776781	0.0193529733	-0.1466538911	-0.0110411877	0.0398930855	0.0115586366	-0.0607983892	0.1179063394	-0.0895783389	0.0078764634	0.0715147472	-0.0237479892	-0.0272106161	-0.1835854122	0.0556012179	-0.073410735	-0.03966574	0.0012681579	-0.0226812028	0.0803728867	-0.0695016955	0.0389129693	0.1750265752	-0.110793902	0.2238483571	-0.0811107411	-0.0734489598	-0.0138151847	0.0507203938	-0.0184006631	0.0141100315	-0.0655316646	-0.0374093239	-0.0565640244	0.0079245553	0.0321596445	-0.08930395	-0.0689444057	0.0178140068	-0.1364845045	0.1242524367	0.1100753719	0.0876327994	0.0586099215	-0.1193353980827822	-0.0204789507952227	0.014240937235576	0.0004193874256731	0.0747890315677608	0.0288736673501404	0.0008336886662465	0.0055933992428435	-0.4362910717152175	0.426939079655952	0.1822769777374713	0.190349899258413	0.0061669288991229	-0.0014553265347781	3.803101204683718e-05	2.1179753228292325e-06	0.0022538871707551	-0.0011211747517	5.08000737849443e-06	1.2570328238497802e-06	-0.0016659692197986	-0.0012730996833981	2.775453441316356e-06	1.6207828038685965e-06	0.0	0.0	1.0	0.0	0.0	0.0	0.0	0.0	0.0	0.0	0.0	0.0	0.0	0.0	0.0	0.0	0.0	0.0	0.0	0.0	0.0	0.0	0.0	0.0	0.0	0.0
854.5911606843051	0.4463922039250292	730326.0519197478	0.1992659997250448	1256.4699122746786	9.950237973530877	1578716.6404515384	99.0072357298958	843.3603920396909	1.014575479196992	1.029363402987806	711256.750861341	878.5455068977413	762.2276251418459	1.101586	34.626701	0.3419109850288576	0.1922601699661189	-0.0113872902	-0.1188002551	0.0928381172	0.0445185419	-0.019240059	0.027858649	-0.0129948573	0.0967027607	-0.0534216368	-0.0224216642	-0.0886350622	0.0583061306	-0.0304091271	-0.0187770008	-0.0366523063	0.0090670231	0.0228552416	-0.0242620363	-0.2493071386	-0.0094359125	-0.0553893466	0.1096258207	0.0181353501	0.0479887219	0.1582371014	-0.0333169174	-0.0722511438	0.153555812	-0.1628342962	0.1054521201	0.1063345549	-0.0601913029	-0.125908913	-0.266609428	-0.0454567097	0.0252072055	-0.0706095777	0.052743198	-0.0395454808	-0.0255632926	0.0136862126	0.0356665133	-0.0437502354	0.0253179466	-0.02327987	0.0669443025	-0.2437483004	-0.0972161174	0.0197307895	0.037331139	-0.0971205734	-0.0426712512	0.0550397497	-0.0895861744	0.0116048687	0.0266747736	-0.026824524	0.1376602172	-0.065916823	-0.0121440032	0.0949409083	-0.1172038295	0.1051801385	0.020782371	-0.0475189628	0.0728686224	0.1016174198	0.1378696656	-0.0902643143	-0.1635171331	-0.0573984803	-0.0116546483	-0.0253785381	0.1241187229	-0.0621875043	-0.0964691681	-0.0578172841	-0.0914979423	0.1232925447	0.1063942335	0.0799246852	0.0462651033	-0.0749109358126673	0.0444244622701148	0.0056116483043295	0.0019735328479888	0.0749702826620222	0.0001812510942613	3.2851959170954045e-08	0.0056205432824235	-0.2867940885055162	0.1494969832097013	0.0223493479888017	0.0822508492017098	0.0051439216711636	-0.0010230072279593	2.645993015906652e-05	1.0465437884569714e-06	0.0005437931417926	-0.0017100940289625	2.957109810606668e-07	2.924421587893196e-06	-0.0014429047076248	0.0002230645121737	2.0819739952858096e-06	4.9757776591335336e-08	0.0	0.0	0.0	0.0	0.0	0.0	0.0	0.0	0.0	0.0	0.0	0.0	0.0	0.0	0.0	0.0	0.0	0.0	0.0	0.0	0.0	0.0	0.0	0.0	0.0	0.0
851.207035857965	-3.3841248263400985	724553.417894103	11.452300840251402	1247.237434577942	-9.232477696736623	1555601.218212566	85.23864442073919	841.7636011404585	-1.59679089923236	2.549741175871289	708565.9602049529	878.2031521737125	753.1292611545824	1.00755	31.670822	0.2395277407510632	0.1259745437541561	0.0300115172	-0.1044228472	0.0881426535	0.0473262884	0.003366517	0.0189446379	-0.0533335442	0.1111264858	-0.0507344224	0.0031298806	-0.0106169885	0.0178472892	-0.0465053081	-0.099335037	0.0661685994	-0.0268863174	0.0192772129	0.1014002065	-0.0204138663	-0.0523229588	0.1781235265	-0.004016525	-0.0201450998	-0.0128411221	-0.0646697675	0.1107695091	-0.0995281207	-0.1358826629	-0.0109851403	-0.0740313769	0.1053710194	-0.102257408	-0.0299524941	0.0144606012	-0.0516531311	0.0036099862	-0.0264602597	0.0438339377	-0.0175161091	-0.0033590713	0.0639328948	-0.0725114322	-0.0297011478	0.0204608154	-0.0374916587	-0.0026207334	0.066059958	-0.0024091864	-0.0670088614	-0.0527639739	0.0898912512	-0.1354367159	-0.0067889826	-0.0418769072	0.0600569996	0.0063564088	-0.0501041288	0.1414844739	-0.0177428106	-0.0188725767	0.0757619114	-0.0748207015	0.0728721411	0.0348736649	-0.0003454628	-5.09548e-05	0.0439094674	0.0819452722	-0.0103241488	-0.0590025	0.0259554743	0.0535390646	-0.063300668	-0.0215759169	-0.0419763984	-0.047902687	-0.0018331396	-0.1728385391	0.1222481541	0.1024214758	0.0717238087	0.033413395	-0.0519502252471539	0.0229607105655134	0.00269882590323	0.0005271942296732	0.0335494083148688	-0.0414208743471534	0.0017156888316826	0.0011255627982777	-0.2014921138482748	0.0853019746572413	0.0072764268804246	0.0405990719430461	0.0038697431930609	-0.0012741784781026	1.497491238024117e-05	1.623530794060112e-06	0.000470079218201	-7.37139235916e-05	2.2097447138446338e-07	5.4337425312682434e-09	-0.000993913485696	0.0004489912219287	9.87864017048373e-07	2.015931173691169e-07	0.0	0.0	0.0	0.0	0.0	0.0	0.0	0.0	0.0	0.0	0.0	0.0	0.0	0.0	0.0	0.0	0.0	0.0	0.0	0.0	0.0	0.0	0.0	0.0	0.0	0.0
848.0425496098029	-3.1644862481621203	719176.165948695	10.013973214807171	1258.8836829821269	11.646248404184917	1584788.127278644	135.63510189197973	841.9689610444298	0.2053599039712708	0.0421726901590895	708911.7313622364	878.6817230109303	736.0690872332801	0.899835	28.284939	0.2895042866524267	0.1306340400091416	0.0870134517	-0.0451508895	0.084906569	0.097903344	-0.0110189783	0.0201042656	0.0004948648	0.0706421469	-0.0943090206	0.0015775754	0.0260946409	0.0069777342	-0.0310585339	-0.1064327776	0.072654349	-0.0983974414	0.0444575418	0.1556715581	0.031649892	0.0435670385	0.0148622384	0.0455866303	0.0084968228	-0.0527665641	0.0184379431	0.1372916261	0.0653350118	-0.0776698615	-0.2030118069	0.0795724339	0.0512114631	0.0859939626	0.2066127315	-0.1062463076	-0.0839247545	-0.0240579118	-0.0189175932	0.0213540067	-0.0140789667	-0.0438154442	0.054300884	-0.0985290645	-0.0962681335	-0.0269090799	-0.1129879506	-0.096297548	0.02040325	-0.0824511758	-0.0429757253	-0.0833965841	0.0847820982	-0.011266336	0.0046967723	-0.1243123025	0.1014455429	-0.0163225131	-0.0724224103	0.1217986803	0.0324355704	-0.0068501146	0.0415654474	-0.0490229426	0.0315482283	0.0631199159	0.0254591713	-0.1057157669	0.0673947143	0.0099440015	0.0943978403	0.0598008842	0.06036303	0.1017949249	-0.1429606724	-0.0270047416	-0.0819238513	-0.017870658	0.1263497444	-0.1110475929	0.1211199807	0.098167988	0.063080731	0.0201956026	0.0205114450604639	0.0724616703076178	0.0004207193784684	0.0052506936637698	0.0745840569891527	0.0410346486742839	0.0016838423918219	0.0055627815569611	-0.1540313691933548	0.04746074465492	0.0022525222831995	0.0237256626955795	0.0036428011926801	-0.0002269420003807	1.3270000529391558e-05	5.1502671536839e-08	0.0015519938989656	0.0010819146807646	2.408685062426445e-06	1.1705393764539664e-06	0.0002681742934707	0.0012620877791667	7.191745167850911e-08	1.592865562321933e-06	0.0	0.0	0.0	0.0	0.0	0.0	0.0	0.0	0.0	0.0	0.0	0.0	0.0	0.0	0.0	0.0	0.0	0.0	0.0	0.0	0.0	0.0	0.0	0.0	0.0	0.0
847.3853542680778	-0.657195341725128	718061.9386280357	0.4319057171852077	1256.7070478439332	-2.17663513819366	1579312.604100614	4.737740524819334	841.0169188743414	-0.9520421700883616	0.9063842936265568	707309.4578328906	877.4407466167767	728.3004463972002	0.767194	24.115591	0.2374478939325676	0.1310348042885483	0.1172532114	-0.0208531441	0.0978198017	0.1124279492	-0.0380493819	0.0318335183	-0.032570956	0.0480977378	-0.0969673239	0.0439100656	0.0426164465	-0.0842604446	-0.009431654	-0.1956656369	0.1330184335	-0.0969034564	0.0689393662	0.013296157	0.0033684077	-0.1569052197	0.002357746	0.0790518683	-0.1579841137	0.1112175749	-0.0229423258	0.0538869306	0.1211605526	-0.1055071547	-0.0026924084	0.1467357441	-0.1895480148	0.0194451234	0.0848954211	0.1451234131	-0.1043218949	0.0022002718	0.0261888802	0.0025592294	-0.0772471346	-0.0789082224	0.0917534312	-0.1436677952	-0.0505872578	-0.0172988055	0.0402753145	-0.0589122134	0.0765405283	-0.1453398924	-0.0073165825	-0.0537716629	-0.1527493761	0.054288232	-0.0256237278	-0.1250577913	0.1266123524	-0.021360703	-0.0729455793	0.0951900598	0.0482216701	-0.0077332699	0.0136104621	-0.0547702282	0.0191036337	0.0456229371	0.0286794818	-0.1105875861	0.0587888858	-0.0471253255	0.074409612	0.0798504958	0.018190295	0.1109541225	-0.0879771384	-0.0442428842	-0.0903848123	0.0422537241	-0.0287604777	-0.0827415038	0.1199087977	0.0936454286	0.0540487397	0.0067565429	0.0324513197113418	0.0119398746508778	0.0010530881510077	0.0001425606066786	0.060695013199691	-0.0138890437894617	0.0001929055373855	0.0036838846273106	-0.0746291375582117	0.0794022316351431	0.0063047143886409	0.0055695081726824	0.0019106559422731	-0.0017321452504069	3.650606129743508e-06	3.0003271685075283e-06	0.0010386390064232	-0.0005133548925424	1.078770985663772e-06	2.635332456972193e-07	0.000667009027663	0.0003988347341923	4.449010429839407e-07	1.5906914519824266e-07	0.0	0.0	0.0	0.0	0.0	0.0	0.0	0.0	0.0	0.0	0.0	0.0	0.0	0.0	0.0	0.0	0.0	0.0	0.0	0.0	0.0	0.0	0.0	0.0	0.0	0.0
850.2789771848159	2.8936229167380816	722974.3390424566	8.373053584271803	1252.772742207845	-3.934305636088084	1569439.543618964	15.47876083815446	840.6003145912821	-0.4166042830593142	0.1735591286633651	706608.8888909625	876.6690952944815	730.8972506396366	0.7585509999999999	23.843891	0.10658469146267	0.0539769610110779	0.1250137561	-0.0441632408	0.0713843462	0.0939381416	-0.0512858217	0.0239064297	-0.0630504918	0.0552173923	-0.096350243	0.0745123541	0.0499479556	0.003527404	-0.0588255224	-0.1812761712	0.0503117018	-0.0609841089	0.0341888747	-0.1828080791	0.0237986756	-0.1731186029	-0.0629170142	-0.0658128126	-0.040137973	0.0030640046	-0.2432270912	-0.1247704471	-0.037381482	0.0542958597	-0.08161357	0.1103439323	0.0249786477	0.1178384307	0.050463623	-0.0268483752	-0.105673618	0.0173307726	0.0380617158	0.0492983244	-0.0212870665	-0.055075006	0.0716079444	-0.1833521487	0.0176286225	0.0605020877	0.2279211193	0.0374540798	0.0949198897	-0.0144718156	-0.0229676421	0.0767377058	-0.0801447789	-0.0153562061	0.0296529948	3.75123e-05	0.1374301455	-0.0174006517	-0.084886028	0.0840103756	0.0548896562	-0.0073316529	0.0129055412	-0.035537041	0.0121145288	0.0777618476	0.031612605	-0.1254776671	0.0660715537	-0.0798092051	0.0607008812	0.0737894827	0.0547054982	0.1443010034	-0.0566322167	-0.0152905676	0.0130255692	0.01282206	0.0739467205	-0.01943134	0.1186154352	0.0888661936	0.0446835199	-0.0067565429	0.0439683419787115	0.0115170222673697	0.0019332150963569	0.000132641801907	0.0424469116375831	-0.0182481015621078	0.000332993210621	0.0018017403075687	-0.0675838653142193	0.0070452722439924	4.963586099196972e-05	0.0045675788508105	0.0010718714165195	-0.0008387845257536	1.1489083335515194e-06	7.035594806436919e-07	0.0012740314375345	0.0002353924311113	1.6231561038262248e-06	5.54095966244882e-08	0.0009883179785821	0.000321308950919	9.767724267886085e-07	1.0323944194073259e-07	0.0	0.0	0.0	0.0	0.0	0.0	0.0	0.0	0.0	0.0	0.0	0.0	0.0	0.0	0.0	0.0	0.0	0.0	0.0	0.0	0.0	0.0	0.0	0.0	0.0	0.0
853.1847022976824	2.9057251128665484	727924.136234785	8.443238431543316	1252.9537808100383	0.1810386021932117	1569893.1768461696	0.0327749754840719	843.2970957911292	2.6967811998471234	7.27262883984889	711149.9917697529	878.2866662705275	741.5046251332102	0.791168	24.869179	0.0797149523472787	0.0363320902267454	0.1354825006	-0.0832063227	0.0259599119	0.1121563543	-0.0395898569	-0.020328004	-0.0665186178	0.0678925039	-0.1260489615	0.0319013842	0.0357214827	-0.0582823727	-0.1030609682	-0.1296507234	0.1148731541	0.101979682	-0.0389246169	-0.1470866542	0.0335723525	-0.0532762251	-0.0319775387	-0.04908165	0.0274255535	-0.0939744439	-0.1299191076	-0.0255030288	-0.1246994313	0.1327512329	0.1177866287	-0.1205515096	0.040380326	-0.0299918987	-0.0292490737	-0.024534728	-0.1315819701	-0.0040498858	0.0362934039	0.0711799856	-0.0930717145	-0.0344873718	0.1479982562	-0.0502041795	0.0610291696	0.0721326802	0.1334261665	0.024893359	0.1240584338	0.0931375102	-0.0499788134	0.1077683171	0.0462960763	-0.1099224706	0.0089052653	0.0470717219	0.1508050168	-0.0342163915	-0.0952285743	0.0696980726	0.0609705337	0.0201535918	-0.0213004004	0.0124974604	-0.0003282013	0.0611112185	0.0344527698	-0.0940500742	0.0822658877	-0.0624724912	0.0690629155	0.0849383901	0.0522779279	0.1477003717	-0.040817932	-0.0100434643	0.113189008	0.0384036202	0.0517607909	-0.0671807747	0.1172407796	0.0838433825	0.0350428114	-0.0201956026	0.0584789940875367	0.0145106521088251	0.0034197927494901	0.0002105590246233	0.0311927884038993	-0.0112541232336838	0.0001266552897589	0.0009729900484104	-0.071536063297259	-0.0039521979830397	1.561986889714315e-05	0.0051174083520694	0.0006638783245173	-0.0004079930920021	4.407344297638975e-07	1.664583631215156e-07	0.0009729253215711	-0.0003011061159634	9.465836813542284e-07	9.066489307056456e-08	0.0012791783510511	0.000290860372469	1.6362972537978112e-06	8.459975627280545e-08	0.0	0.0	0.0	0.0	0.0	0.0	0.0	0.0	0.0	0.0	0.0	0.0	0.0	0.0	0.0	0.0	0.0	0.0	0.0	0.0	0.0	0.0	0.0	0.0	0.0	0.0
855.6342408544248	2.449538556742368	732109.9541225277	6.0002391409674845	1259.630452187856	6.676671377817684	1586668.8760789826	44.57794068736989	845.2041793231816	1.907083532052411	3.6369675982255	714370.1047453729	880.2780289772476	751.3706303052376	0.861302	27.073734	0.1489841702062109	0.0780879024693766	0.1241570741	-0.113339473	-0.0136555835	0.1228814673	-0.0060331911	0.0177584749	-0.0525474103	0.0063338262	-0.1369195373	-0.0104759927	0.0063883538	0.0049160348	-0.0341936748	-0.0850887288	-0.0349710152	0.174480743	0.0102049365	0.0438475283	0.0853200448	0.0409576248	0.1227794226	-0.1327141207	0.0163552211	-0.0935067763	-0.0031969565	0.0278716215	-0.1449226698	0.0106558157	-0.0484333081	-0.012915693	0.0468459443	-0.0270153194	0.1501951204	0.0039141663	-0.1334625986	-0.015003802	-0.014113165	0.0491593841	-0.0492939929	-0.0787457862	0.0339630647	0.01769728	0.0991706246	0.1138565274	-0.0194323671	0.0326603649	0.0460025588	0.0645618814	0.0734909961	-0.0668626706	0.0942343222	-0.1591966294	0.0373818814	0.0313390162	0.1414577578	-0.0051692139	-0.0956469659	0.0567294512	0.0535012859	0.0266678803	0.0212554256	-0.00718407	0.0065316084	0.0580684172	-0.0353728164	-0.0195909763	-0.0274195739	0.0202103839	0.0444575994	0.0238102974	0.0039345483	0.0670375853	0.0110704645	0.037708164	0.0014703083	-0.0052248052	0.0147347778	-0.0157344491	0.1157857731	0.0785907625	0.0251860523	-0.033413395	0.0055575060591621	-0.0529214880283746	3.0885873597623454e-05	0.0028006838951373	-0.0050283259520824	-0.0362211143559817	0.0013119691251891	2.5284061880385372e-05	-0.0877846405435036	-0.0162485772462445	0.0002640162625271	0.0077061431153521	0.0004952192731316	-0.0001686590513857	2.4524212848099023e-07	2.8445875614324193e-08	0.0009721429737383	-7.823478327999506e-07	9.450619613887452e-07	6.120681314867795e-13	0.0005767599387574	-0.0007024184122937	3.3265202695543977e-07	4.933916259292024e-07	0.0	0.0	0.0	0.0	0.0	0.0	0.0	0.0	0.0	0.0	0.0	0.0	0.0	0.0	0.0	0.0	0.0	0.0	0.0	0.0	0.0	0.0	0.0	0.0	0.0	0.0
857.4564425143411	1.8222016599163453	735231.5508093496	3.320418889401884	1256.1675107955932	-3.462941392262792	1577956.8151783969	11.991963086246963	846.0851086756979	0.8809293525163184	0.77603652412482	715860.0111227676	881.49099664568	763.2961282661844	0.881214	27.699619	0.2632268727524405	0.1225720702379433	0.1295982491	-0.1303370234	-0.0423802137	0.1146380139	-0.0297741833	-0.0004199926	-0.0651358525	0.0837499535	-0.1442598982	-0.0077934777	-0.0132965356	-0.0287995648	-0.0633150471	-0.0420923767	0.0237692933	0.1261320268	0.1054049665	-0.0713394322	-0.0124675536	0.1276190427	-0.1582834041	-0.097174069	-0.0358209448	-0.0473308878	-0.0026332553	-0.0451246168	0.0170682112	0.0896220974	-0.0281247699	-0.0619880197	-0.0554378137	0.0339802469	0.0684389107	-0.0521755184	-0.1298230151	-0.0088194018	-0.0232753585	0.044523436	-0.0611245013	0.019478028	0.0563173281	-0.0160642776	0.0883429684	0.1187706029	0.0488807959	0.0235248764	-0.0340806858	0.03109057	-0.0777598892	0.060256809	0.0706038936	0.015964938	-0.0996399628	0.076587049	0.1469752336	-0.0006385032	-0.0853395561	0.0495081122	0.0537314595	0.0161704775	-0.0096740778	-0.0092626784	-0.0256700736	0.025730611	-0.0140817621	0.0150992062	-0.0262269172	-0.0362782544	8.21327e-05	0.0532122964	-0.0070225599	0.0835006477	0.0189560709	0.0523943919	0.1282521238	-0.024668736	0.0342415099	0.1638521504	0.1142514127	0.0731227308	0.0151740128	-0.0462651033	-0.0154117526548134	-0.0209692587139755	0.0002375221198931	0.0004397098110136	0.0757273211467008	0.0807556470987832	0.0065214745383432	0.0057346271680555	-0.0676909916831647	0.0200936488603389	0.0004037547245225	0.0045820703550502	5.956835566441499e-06	-0.0004892624375651	3.5483889965622406e-11	2.3937773281220057e-07	-0.0001310019769409	-0.0011031449506792	1.7161517962424097e-08	1.2169287822090149e-06	-0.0006589990345851	-0.0012357589733425	4.3427972758409387e-07	1.5271002401965095e-06	0.0	0.0	0.0	0.0	0.0	0.0	0.0	0.0	0.0	0.0	0.0	0.0	0.0	0.0	0.0	0.0	0.0	0.0	0.0	0.0	0.0	0.0	0.0	0.0	0.0	0.0
856.1588421820938	-1.297600332247271	733007.9630465835	1.6837666222482273	1274.2685464541116	18.101035658518413	1623760.3284822744	327.6474919109551	846.144949151564	0.0598404758660535	0.0035808825518757	715961.2749747029	883.462741469376	763.2396658485897	0.839083	26.375311	0.1361902584772681	0.0689426928394492	0.1449145807	-0.1040888765	-0.0332147843	0.1690890362	0.0165252141	0.0199372544	0.0088831706	0.0353888118	-0.1611667802	0.0064531037	-0.0047168545	-0.0353627871	-0.031824178	-0.0501095211	-0.014898118	0.0612655419	-0.0103568189	0.1213911909	0.0191024985	-0.0102051285	-0.062579566	0.0824830358	0.0328693462	0.052994037	0.1238187819	-0.0347606423	0.0637691153	-0.1755876457	0.0533956346	-0.0588659265	-0.1359311033	0.2467957653	-0.0268360775	-0.0106265256	-0.1525248182	-0.02721273	-0.0231686173	0.0067929118	-0.0442630136	-0.0616479876	0.0209697002	0.0368221523	-0.0139356664	0.0616577671	-0.1137111193	-0.1012975755	-0.0254053922	-0.0361146121	-0.0043519829	-0.0272623393	0.035088433	0.0611465339	-0.0026166228	0.0741836299	0.1561975322	0.0001833498	-0.0824981814	0.0278688675	0.0707207732	0.0157027589	-0.0307972591	0.0418671695	-0.0158059625	0.0287029482	-0.0068291287	-0.0159769676	0.0061064107	-0.0075074982	-0.0107648214	0.0108302148	0.018934168	0.0353372462	0.0218086784	0.039522073	0.088881259	-0.0290880113	0.0785262901	0.0602750557	0.1126387502	0.0674542747	0.0050684204	-0.0586099215	0.0041546979393842	0.0195664505941976	1.7261514967523322e-05	0.0003828459888551	0.0388127918719618	-0.036914529274739	0.0013626824715755	0.0015064328128962	-0.0195341632120928	0.0481568284710719	0.0023190801283922	0.0003815835323966	6.005618214933694e-06	4.8782648492194766e-08	3.6067450143543365e-11	2.3797467939130324e-15	5.299936370239955e-05	0.0001840013406432	2.808932552859227e-09	3.385649335853156e-08	-0.0002120001551317	0.0004469988794534	4.494406577586486e-08	1.998079982325953e-07	0.0	0.0	0.0	0.0	0.0	0.0	0.0	0.0	0.0	0.0	0.0	0.0	0.0	0.0	0.0	0.0	0.0	0.0	0.0	0.0	0.0	0.0	0.0	0.0	0.0	0.0
853.5575484980069	-2.6012936840869543	728560.4885979274	6.76672883087068	1251.272924391429	-22.99562206268274	1565683.9313150784	528.7986340497413	844.5178207752316	-1.6271283763323936	2.6475467530660914	713210.3496069462	878.7521284358027	733.4249112084356	0.933184	29.333218	0.08828508306838	0.0521157576393742	0.1746326503	-0.0282127155	-0.0333408989	0.120178485	-0.0588936887	-0.0115378662	-0.0742784523	-0.0325590007	-0.1497312799	0.0597251997	0.0147698411	-0.0503959778	-0.0154123584	-0.0886127872	0.0266101686	0.0234219388	0.0033085638	-0.0210031181	-0.0197620197	-0.065097954	-0.1315092169	0.1082902571	0.1384915832	0.0522037778	-0.022204993	-0.0594223234	0.1641148783	0.0835656026	0.0967471074	-0.1541335526	0.0774435745	-0.1311392442	0.0337675363	0.0484012948	-0.1503991441	0.0196929331	0.0486484699	0.0149879849	-0.0723647055	-0.0665983152	0.0538384816	0.0101456769	0.0435357646	0.0245111518	0.0670989359	0.0188434784	0.0927305794	-0.113334617	0.123907504	0.0923760143	-0.0545672063	0.2118034454	-0.0434019444	0.0869398042	0.1587122991	0.0041827058	-0.0653394609	-0.0091757192	0.0617591289	0.013821075	-0.0483333391	0.049584641	-0.0226239347	0.0181104125	-0.0095124537	0.0246021155	-0.0052057925	0.0636427951	0.0013839576	-0.0387709637	-0.0313296072	-0.0496887607	0.0712164964	0.0116196665	0.0138582156	0.0328589917	-0.1521676544	-0.0022269088	0.1109488906	0.0616009311	-0.0050684204	-0.0703125971	-0.0030531579346018	-0.007207855873986	9.321773373621927e-06	5.19531863001545e-05	-0.0059576673256884	-0.0447704591976502	0.0020043940167684	3.5493799963575166e-05	0.002621926820872	0.0221560900329647	0.0004908923255488	6.874500254007952e-06	-0.0001069898765993	-0.0001129954948142	1.1446833694733442e-08	1.2767981848313512e-08	5.3020438491646615e-05	2.107478924706641e-08	2.811166897846482e-09	4.441467418082657e-16	-0.0003819971448038	-0.0001699969896721	1.4592181863825534e-07	2.8898976497576077e-08	0.0	0.0	0.0	0.0	0.0	0.0	0.0	0.0	0.0	0.0	0.0	0.0	0.0	0.0	0.0	0.0	0.0	0.0	0.0	0.0	0.0	0.0	0.0	0.0	0.0	0.0
858.0583414203163	4.500792922309415	736264.1172809841	20.257136929510526	1266.6352822621664	15.362357870737467	1604364.938271358	236.00203934860943	846.8053969982059	2.2875762229742804	5.233004975917275	717079.3803852891	883.1233161023041	749.7538118654965	0.850765	26.742504	0.0703889341534545	0.0393596380750086	0.1576321677	-0.0753155989	-0.0642255293	0.1441833714	0.0072335801	0.0123375107	-0.0393061917	0.0161927583	-0.1587328911	0.0064956728	-0.0164388164	-0.0180465602	-0.0419581811	-0.0232509776	-0.0776405911	0.057953013	-0.024736376	-0.0348611612	0.0532348812	-0.0847148167	0.0721476092	0.0810165154	0.1013476987	0.0700470787	-0.0740472873	-0.0304282725	0.0129655775	0.0443446959	-0.0533518755	-0.0820466254	-0.1611385116	-0.0973630965	-0.1481659763	-0.0895284126	-0.1502380484	-0.0046715058	-0.0310933103	0.0227923018	-0.041272	-0.0473771404	-0.0221778099	0.043775248	0.0882999578	0.0731145591	0.0163415805	-0.0211082457	0.1244717595	-0.0673956265	0.0638797772	0.0159003112	0.0415816553	0.0717412046	0.0703654789	0.1018092607	0.1588638288	0.003311569	-0.0706574737	-0.0079908451	0.0758827237	0.0120710479	-0.0406743022	0.0602467017	-0.0348626079	0.022179795	-0.0338186614	0.0301918126	-0.044559358	0.0779537847	0.0477606413	0.0011288753	0.0244439413	-0.0876061421	0.0472259114	0.0149966451	-0.0434775863	-0.0148387187	-0.0037810878	0.001799159	0.1091829923	0.0555787436	-0.0151740128	-0.0812449131	0.0279498033646063	0.0310029612992081	0.0007811915081201	0.0009611836093201	-0.0126375175837551	-0.0066798502580667	4.462039947019377e-05	0.0001597068506797	-0.0008331583335206	-0.0034550851543926	1.1937613424104136e-05	6.941528087148234e-07	0.0002320036059329	0.0003389934825321	5.3825673165868354e-08	1.1491658119930897e-07	5.29841745418036e-05	-3.62639498430184e-08	2.807322751876308e-09	1.3150740582169538e-15	-0.0001360061424501	0.0002459910023537	1.8497670784156896e-08	6.051157323897804e-08	0.0	0.0	0.0	0.0	0.0	0.0	0.0	0.0	0.0	0.0	0.0	0.0	0.0	0.0	0.0	0.0	0.0	0.0	0.0	0.0	0.0	0.0	0.0	0.0	0.0	0.0
853.0478788364861	-5.01046258383019	727690.6835874283	25.104735303962304	1265.6661481221518	-0.969134140014603	1601910.798502365	0.939220981341844	844.731619073439	-2.073777924766887	4.300554881250456	713571.5082624337	881.1962968571661	740.8077975743143	0.8444819999999998	26.545027	0.1353945040186746	0.0715476864175776	0.180282861	-0.023665234	-0.0695687364	0.1613480088	-0.0501593374	-0.0076976591	-0.0305381865	-0.001954919	-0.1498360428	0.0696886463	0.0221812464	-0.0828317	-0.0152213108	-0.0504477247	0.0078077406	0.066380359	-0.0369826778	0.0313400372	0.1210397178	0.0092868074	0.05585887	-0.0077703294	-0.046947328	-0.0009721777	0.1629450499	0.0274651608	0.0805743156	0.0193161081	0.0635849702	-0.0476773184	-0.1022947599	0.1040584779	0.0015734973	0.0413470112	-0.1643810609	0.0042135159	0.0445588091	0.0013772223	-0.067333862	-0.0285760713	0.0172618447	0.0009380881	0.044400806	0.0204347553	-0.0916366474	-0.0602840318	0.0522132568	-0.0174055808	-0.0652472112	-0.1486734585	-0.0192456733	0.0926394942	-0.0363730453	0.0293375638	0.1649582755	0.0038793702	-0.0654702263	-0.0228060347	0.0875865981	0.0307277543	-0.0643839552	0.0663703838	-0.0583991911	-0.0140578285	0.007750482	0.0261593752	-0.0186042305	0.0343404127	0.0772784408	0.0291733397	-0.0048060578	-0.0689230461	0.0317861495	0.0294558029	-0.068627416	-0.0494990856	-0.0376176866	0.0846640661	0.1073422654	0.0494042187	-0.0251860523	-0.0912870929	-0.0100190332405247	-0.037968836605131	0.0001003810270747	0.0014416325531471	0.0385651648347646	0.0512026824185197	0.0026217146868517	0.0014872719387325	0.0220376177600414	0.022870776093562	0.0005230723991218	0.0004856565965376	-0.0002349963915149	-0.0004669999974478	5.522330402502417e-08	2.180889976162452e-07	5.3015979634141175e-05	3.1805092337577896e-08	2.810694096567672e-09	1.0115638986018558e-15	-0.000135993766961	1.237548910001723e-08	1.8494304652242773e-08	1.5315273046464527e-16	0.0	0.0	0.0	0.0	0.0	0.0	0.0	0.0	0.0	0.0	0.0	0.0	0.0	0.0	0.0	0.0	0.0	0.0	0.0	0.0	0.0	0.0	0.0	0.0	0.0	0.0
854.5281331817082	1.4802543452220789	730218.3303990152	2.1911529265488454	1266.8315432866414	1.1653951644896097	1604862.1590660135	1.3581458894157643	844.9927768914274	0.2611578179884191	0.0682034058964722	714012.7929986856	882.2075091037702	735.3895033288343	0.812567	25.5418	0.0922589335623707	0.0588347670221454	0.1745153523	-0.008526966	-0.059520217	0.1453033746	-0.0273439667	0.0012237	-0.0358847785	-0.0435609273	-0.1450967384	0.0688291313	0.0405606593	-0.0284250586	-0.0113422429	-0.0626852811	-0.0443397338	0.0689156958	0.141675222	-0.0305188176	0.1187951278	-0.0013713151	0.080326268	0.0162516679	0.0850847683	-0.1596563372	0.1479591236	0.0034754304	0.0166788356	0.0657216713	0.0017249073	0.0854610737	-0.0538655364	0.0951189782	-0.1050599235	-0.151401981	-0.1476515069	0.0020486585	0.0418762978	-0.0075760862	-0.0139335479	-0.0172380899	-0.0033131886	-0.0849657765	0.1177081852	0.0744318095	-0.020063963	0.0010280438	0.0966638113	-0.0417462953	-0.0600033385	-0.0072294861	0.1258802709	0.0223635974	0.0030437363	-0.0583999927	0.1655974836	0.0047749213	-0.0647020716	-0.0360736826	0.1011473234	0.0112325861	-0.0616846792	0.0672145085	-0.0558790324	0.021596121	-0.0048925525	-0.0159996817	-0.0330407638	-0.0723548378	0.0635306574	0.0520383179	0.0368454802	-0.0416996374	0.0250787113	0.0373472392	-0.0655383084	-0.0364189439	0.0801170659	0.1314459413	0.1054279714	0.0430942802	-0.0350428114	-0.1003291122	0.034944067490656	0.0449631007311807	0.0012210878527915	0.0020216804273623	0.0386083393891567	4.317455439210166e-05	1.864042146956545e-09	0.0014906038703883	0.0572409119834702	0.0352032942234288	0.0012392719241812	0.0032765220046993	-0.0004499981406092	-0.0002150017490943	2.0249832655173737e-07	4.622575211360835e-08	2.7030600024957607e-05	-2.5985379609183568e-05	7.306533377092381e-10	6.75239953433373e-10	-0.0001359939193249	-1.52363900006924e-10	1.8494346093347413e-08	2.3214758025319932e-20	0.0	0.0	0.0	0.0	0.0	0.0	0.0	0.0	0.0	0.0	0.0	0.0	0.0	0.0	0.0	0.0	0.0	0.0	0.0	0.0	0.0	0.0	0.0	0.0	0.0	0.0
852.0034861381457	-2.524647043562481	725909.9403915534	6.373842694568778	1261.8524501800537	-4.9790931065876975	1592271.6060254048	24.79136816406913	844.1144807800766	-0.8782961113507781	0.7714040592138984	712529.2566626184	880.1471193212706	726.9237340486367	0.832003	26.152754	0.1378903520709	0.0708248751674399	0.1820386691	0.0139484612	-0.075489979	0.1599112999	-0.0608466047	-0.0517298499	-0.0379081966	-0.010613537	-0.1227916459	0.1046514874	0.0263404189	-0.0805742222	-0.0312231666	-0.0491398849	-0.0074004033	0.0608801451	0.0140296381	-0.030576091	-0.0250978485	0.1165527352	-0.1482700685	0.0262624663	-0.0910613719	-0.0656059339	0.0065909637	0.0482366622	0.1483476596	-0.0183494195	-0.0140464105	0.0789736453	-0.0112690126	-0.0306023788	-0.0877009281	-0.0747891306	-0.1539642177	0.0310690594	0.0867588864	0.0116650923	-0.0659124463	-0.0609868901	0.0630248793	0.0523473312	0.0342841632	0.0002424423	-0.0327416993	-0.0851185362	-0.1199826623	-0.0215862725	-0.1385592681	0.0683744006	-0.0530898791	0.0478694336	-0.0807293588	-0.0323528516	0.1637329787	0.0163929911	-0.0695734662	-0.0536532357	0.0829896687	0.019915053	-0.0673564577	0.0715843606	-0.0330662048	-0.0066246409	0.0005175464	0.035646024	0.0028760382	-0.0335481072	-0.046718688	-0.0372838324	-0.0471663424	-0.0464981863	0.0536301377	0.0624380926	0.0759883805	0.0487530937	-0.1091537844	0.0744372879	0.1034414224	0.0366662233	-0.0446835199	-0.1082719048	-0.0154118590121754	-0.0503559265028314	0.0002375253982111	0.0025357193339585	0.0081376088944153	-0.0304707304947414	0.0009284654168831	6.6220678518467e-05	0.0476889824277222	-0.0095519295557479	9.123935823797212e-05	0.0022742390449915	-0.0008629932425978	-0.0004129951019885	7.447573367694652e-07	1.7056495426657406e-07	2.0787821618073465e-05	-6.242778406884142e-06	4.321335276248425e-10	3.897228223745891e-11	-0.000666991349281	-0.0005309974299561	4.448774600156889e-07	2.819582706199833e-07	0.0	0.0	0.0	0.0	0.0	0.0	0.0	0.0	0.0	0.0	0.0	0.0	0.0	0.0	0.0	0.0	0.0	0.0	0.0	0.0	0.0	0.0	0.0	0.0	0.0	0.0
855.9203869421822	3.916900804036459	732599.7087832548	15.342111908661458	1273.8477228482564	11.995272668202688	1622688.0210056882	143.88656638453045	848.6831265471702	4.568645767093585	20.872524145182133	720263.0492858802	887.0318293573874	740.7994321889429	0.965864	30.36047	0.1281981915028521	0.0661591366968014	0.152362456	-0.0063815858	-0.0487818728	0.1524985243	0.0289217169	0.0215238714	-0.024389578	-0.0138432459	-0.1442839924	-0.0219199962	-0.0416113053	-0.0201786365	0.0290436575	0.0093691959	-0.1001841263	0.0540096506	0.0289633182	0.1076298979	0.0043651173	0.0280744304	0.059119645	0.0672051098	-0.0593381427	0.043152532	-0.1408997432	0.0035060228	-0.1045822889	0.0047990491	0.0673655461	0.0848217748	-0.0074374802	0.01927361	-0.1149715711	-0.0474309272	-0.129169935	-0.0293161269	-0.0752969951	-0.0556225308	-0.0118244148	-0.0020545309	-0.0757644055	-0.0397492707	0.033559995	0.1101143222	-0.050468492	-0.1000596137	-0.0327770067	0.0909789975	0.1089190242	0.0195868804	-0.0529142125	0.0078705988	0.0906622271	0.0655775206	0.1417686849	0.028383579	-0.0489965643	-0.0427388697	0.0754916251	0.00771857	-0.0460458055	0.0458379082	-0.0348411163	0.0043863407	-0.0289484608	0.0221705027	-0.0740011257	0.010935762	-0.0125496906	-0.0366071197	-0.0278648249	-0.1084193013	0.0874429665	0.0099964223	-0.0926344228	-0.029738868	-0.0062734107	-0.0612876533	0.1013839798	0.0301376669	-0.0540487397	-0.1150284477	-0.0254594878500569	-0.0100476288378815	0.0006481855215871	0.0001009548452638	0.047824053369041	0.0396864444746257	0.0015750138750375	0.0022871400806448	0.0174087435973859	-0.0302802388303363	0.0009168928636222	0.0003030643536395	-0.0001510410384447	0.0007119522041531	2.2813395294453343e-08	5.068759409984574e-07	-0.0001419563572111	-0.0001627441788291	2.0151607352645423e-08	2.648566774278199e-08	-0.0005780101450631	8.898120421789999e-05	3.340957277958659e-07	7.917654704067624e-09	0.0	0.0	0.0	0.0	0.0	0.0	0.0	0.0	0.0	0.0	0.0	0.0	0.0	0.0	0.0	0.0	0.0	0.0	0.0	0.0	0.0	0.0	0.0	0.0	0.0	0.0
854.2004659412062	-1.7199210009760009	729658.4360141738	2.958128249598289	1252.862381998698	-20.98534084955827	1569664.1482274516	440.384530572139	846.4161667224972	-2.2669598246729947	5.139106846681415	716420.3272892062	885.0658256588415	739.2611688270647	1.328435	41.757339	0.5375498498842023	0.2607085218775076	0.0510605072	-0.0183484003	0.035978114	0.0302724501	-0.0276482262	-0.0894214611	-0.0172052793	0.0444067657	-0.0184324402	0.0229379108	-0.0782032909	-0.0245782453	-0.0229002764	0.1100952813	0.0542804681	0.0411684634	-0.0618674329	0.2463776527	-0.0855717248	-0.105407219	0.1537094099	-0.0048713147	0.1752085102	0.1041352888	-0.1427241893	0.0428792835	-0.1644585461	-0.037681897	-0.1255965352	0.2173755511	0.0350294445	0.0242978164	0.0445091927	0.0597986797	-0.0251575058	0.0323402247	-0.0363880928	-0.0662887371	-0.0102153969	0.0277930296	-0.0207685711	0.0813516557	-0.2024417606	0.1331235741	-0.1489001583	-0.0127808642	0.1425353124	0.0115794566	0.1731582842	-0.0276609333	0.1453601303	-0.0872270685	0.2303458453	-0.0045493846	0.0471870755	0.058929865	-0.0046303181	0.001984613	-0.0335509597	0.0773035348	0.0639072837	-0.0374533552	0.0060450423	0.0384639139	-0.0018141614	0.0520927562	0.0255113558	0.2114494958	-0.1330536176	0.0065582656	-0.0952757899	-0.1440487774	0.0475491941	-0.238841268	-0.1143937206	0.1332754734	0.0821934085	0.06162358	0.0992570537	0.0235265052	-0.063080731	-0.1205247148	-0.1590615931344388	-0.1336021052843819	0.0253005904104657	0.017849522536419	0.1124914245263255	0.0646673711572845	0.0041818688923939	0.0126543205919619	-0.1594581434813449	-0.1768668870787308	0.0312818957449205	0.0254268995225171	0.0007751176812703	0.000926158719715	6.008074198178464e-07	8.57769974104128e-07	-0.0007818777574026	-0.0006399214001915	6.113328275209191e-07	4.0949939842305e-07	-0.0022601997524327	-0.0016821896073696	5.108502920896838e-06	2.829761875142289e-06	0.0	0.0	0.0	1.0	0.0	0.0	0.0	0.0	0.0	0.0	0.0	0.0	0.0	0.0	0.0	0.0	0.0	0.0	0.0	0.0	0.0	0.0	0.0	0.0	0.0	0.0
858.6649340945148	4.464468153308644	737305.4690435375	19.93147589190709	1280.6136475245155	27.751265525817416	1639971.314226044	770.1327382844222	847.5592350922814	1.143068369784146	1.306605298000985	718356.6569902131	885.431930914814	754.932155250284	1.413255	44.423519	0.4267631545834484	0.2108003547896342	0.1118671341	-0.0186949476	-0.0420584235	0.1525247964	0.011059208	0.0300493796	-0.00959039	-0.1124681096	-0.1144545356	0.0093463913	-0.0030469213	0.0838401229	0.0163445674	-0.0215121488	-0.1737742259	0.0491907745	0.1131944749	0.0548208745	0.1523288096	0.0600530412	0.0032979735	0.0962161156	0.149504827	0.1536642712	-0.0811702884	-0.068997377	-0.1288011752	-0.0125100016	0.0839278441	0.0327270518	0.1258575679	-0.1832491278	-0.06075348	0.0713601769	-0.1119190664	-0.0137423805	-0.023215787	0.0048082738	0.0489772346	-0.0354650559	-0.1160490194	-0.0644163268	0.0931657873	0.0485785772	-0.0854028148	-0.0584195899	-0.0691342871	-0.0066782531	0.2435140455	-0.0881277682	0.1545855551	0.0450473709	0.0644958468	-0.033406606	0.1042394679	0.0487364125	-0.042690536	-0.0576979062	0.0336986189	-0.0017104482	0.038043009	-0.0167004772	-0.0044599165	0.031704416	-0.0567420709	0.0482293507	-0.1473948106	-0.011668014	-0.0439311569	0.0064401467	-0.0395586574	-0.2099150283	0.1458767021	-0.0843861229	-0.2284274147	-0.0577438274	0.2574912883	0.0959517707	0.0970621018	0.016850859	-0.0717238087	-0.124700488	-0.0984334808889713	0.0606281122454674	0.0096891501599194	0.003675767994449	0.0406320125938037	-0.0718594119325218	0.0051637750832878	0.001650960447423	-9.29149830994902e-05	0.1593652284982454	0.0253972760542979	8.633194084378551e-09	-0.0005760767708592	-0.0013511944521295	3.318644459235632e-07	1.82572644746554e-06	-9.60393864293252e-05	0.0006858383709732	9.223563745721254e-09	4.703742710992753e-07	-0.0015990245373912	0.0006611752150415	2.5568794711791413e-06	4.371526649851738e-07	0.0	0.0	0.0	0.0	0.0	0.0	0.0	0.0	0.0	0.0	0.0	0.0	0.0	0.0	0.0	0.0	0.0	0.0	0.0	0.0	0.0	0.0	0.0	0.0	0.0	0.0
843.4413113437076	-15.22362275080718	711393.2456811932	231.758689658894	1239.5516885121665	-41.06195901234901	1536488.388493363	1686.08447793183	838.6532105911609	-8.906024501120442	79.3172724145576	703339.2076348622	876.075432465599	708.7398020933498	1.8899	59.406147	0.1940667211761184	0.1174962647039043	0.1535671539	0.1160091364	-0.1144064386	0.0493523794	-0.2092789651	-0.1962158071	0.0090171383	0.0063708731	0.0164381887	0.2628485242	0.0726435523	-0.1780406858	0.0173101581	0.0058298363	0.1456213411	0.0307501322	-0.1333718066	0.2610446493	-0.1014964918	-0.124171262	-0.0960003031	0.1249758091	-0.13254022	0.0191399224	0.1215777947	0.2070522013	-0.1056216887	0.0655424638	0.0378568404	-0.1598687657	0.0055517197	-0.0703287715	0.100255314	0.1029077671	-0.0658789483	0.114190396	0.2407787032	-0.1233087578	-0.0794110494	-0.0996776669	0.1008942315	0.1397892669	-0.3238546303	0.0839382453	-0.0662704781	-0.0751911262	-0.0001122939	0.0666127624	-0.2434747122	0.009539618	0.0164290431	-0.0158393547	0.0059950018	-0.0114644548	0.1175885887	0.0392876468	-0.0153725701	-0.1350652378	0.0627364238	0.0421726979	-0.0389881155	0.0560765571	-0.0375024084	0.023121136	0.1002062673	0.0534959227	0.1655229994	0.0602079109	-0.3913973756	-0.1521687168	-0.1307740411	-0.0711435732	0.1065871326	-0.2125383001	0.1525137216	0.2194657196	-0.2377212806	0.008442907	0.0948006283	0.0101290257	-0.0799246852	-0.1275100165	-0.0912889197514772	0.0071445611374941	0.0083336668693916	5.104475384739109e-05	0.0600764817868366	0.0194444691930328	0.0003780873821988	0.0036091836638841	0.0935705120389087	0.0936634270220082	0.008772837561507	0.0087554407232235	-0.0017419346106447	-0.0011658578397855	3.0343361877619027e-06	1.3592245025893126e-06	9.128543429604008e-05	0.0001873248207253	8.333030514616651e-09	3.5090588459790243e-08	-0.0014759219214304	0.0001231026159608	2.178345518158804e-06	1.5154254056392234e-08	0.0	0.0	0.0	0.0	1.0	0.0	0.0	0.0	0.0	0.0	0.0	0.0	0.0	0.0	0.0	0.0	0.0	0.0	0.0	0.0	0.0	0.0	0.0	0.0	0.0	0.0
836.2253568071897	-7.215954536517984	699272.8473673116	52.06999987309447	1227.79268506368	-11.75900344848651	1507474.877495881	138.27416210151765	831.6995900708575	-6.953620520303389	48.35283834038437	691724.2081240325	870.4503295821567	703.8507870428401	2.33894	73.521049	2.522742827995572	1.6173195511571068	-0.060844025	0.2998940486	-0.3440340416	-0.222265555	-0.250552121	-0.2878896992	0.1508833758	-0.2021744983	0.3421708719	0.2900146174	0.2198284848	-0.1516600464	0.0831747849	0.1636429679	0.2181445303	0.1927553078	-0.0091514498	-0.0211326972	0.1511697015	-0.0723193572	0.1916819694	-0.0877794934	-0.0508794222	0.0048422812	-0.0522916224	-0.0641680257	0.2511389545	0.2409249424	0.0270644924	0.003857284	0.005141909	0.0180231095	-0.0309996816	0.0409728121	0.2598734527	0.1073112562	0.4121994893	-0.1579587023	0.0261865787	0.280992229	0.1339808587	-0.0126168456	0.1257211862	-0.0364065759	-0.1658197658	-0.0643554212	0.3273318111	0.1811848683	-0.0649578527	-0.0685187078	-0.3271231109	0.0046440119	0.172778949	-0.0184939818	-0.137312097	-0.0170143463	0.0862873716	-0.3527429525	0.0674121571	0.2649227772	-0.2137429838	0.0235423488	-0.1932264122	-0.2164407652	-0.0099410939	0.0159774582	0.0749953872	0.0796008626	-0.0423807954	0.2012633817	-0.0770278934	0.2150885871	-0.3295031542	0.0503115249	-0.1627407119	0.0254350251	0.0805200687	-0.0527923572	0.0924741833	0.0033794295	-0.0876327994	-0.1289225186	-0.1462313076552561	-0.0549423879037789	0.0213835953385661	0.0030186659885693	0.2276787464640079	0.1676022646771713	0.0280905191249165	0.0518376115914219	-1.0179000523370405	-1.1114705643759493	1.2353668154741912	1.0361205165477498	0.0182833092299643	0.0200252438406089	0.0003342793963984	0.0004010103908758	-0.0023481693724036	-0.0024394548066996	5.513899401494316e-06	5.950939753929978e-06	-0.0027857754948952	-0.0013098535734647	7.760545107958596e-06	1.715716383918506e-06	0.0	0.0	0.0	0.0	0.0	1.0	0.0	0.0	0.0	0.0	0.0	0.0	0.0	0.0	0.0	0.0	0.0	0.0	0.0	0.0	0.0	0.0	0.0	0.0	0.0	0.0
860.0544792958134	23.82912248862374	739693.7073567928	567.8270785778336	1267.747779273987	39.955094210306925	1607184.431854125	1596.409553354502	851.1667965911156	19.46720652025806	378.9721297023779	724484.9156191816	888.6137474233017	763.4873427369599	2.309967	72.610313	0.9432452606978275	0.6080450490963735	-0.1820758202	0.1324865202	-0.003125817	-0.1024385624	0.2611465874	0.113737289	-0.0037894967	-0.1903059943	0.079108253	-0.1758347539	-0.0715428554	0.0726349746	0.0687360478	0.156842041	-0.1693737344	0.0648562061	-0.0879475671	-0.1096856902	0.2586042828	-0.0905580942	0.019106063	-0.0698577025	-0.0714313126	-0.0546658807	-0.0021911837	-0.0533554971	-0.149577212	-0.1217065669	-0.0233039651	0.0606079937	-0.1372782987	0.0277003367	0.0443181593	0.0509663864	0.1347553361	-0.0652557033	-0.1659874777	-0.0068626575	0.1099365106	0.1108975899	-0.1819898047	0.0787795022	0.2384126454	-0.0536461948	0.1588307761	-0.0886616876	0.0561374725	0.0644303393	0.0267894636	-0.0826703526	-0.0019649976	-0.0674210497	-0.1325948585	0.0697557939	-0.1596174051	-0.0052091898	0.0922753903	-0.124989298	-0.0390512706	0.0136090492	-0.0720665479	0.134821925	0.0912131208	-0.1540425472	-0.0017721292	-0.1861231728	-0.0564767828	-0.2835535087	0.0502952218	0.0788225105	0.1128402137	-0.1470658862	0.0792459613	-0.0153313207	0.0220683214	0.0430428036	0.104876471	-0.1079828707	0.090084361	-0.0033794295	-0.0948006283	-0.1289225186	-0.1275886897677907	0.0186426178874654	0.0162788737566615	0.000347547201698	0.157621506029244	-0.0700572404347639	0.0049080169373343	0.024844539162927	-0.5885730104931923	0.4293270418438482	0.1843217088583893	0.3464181886810195	0.0111284639482805	-0.0071548452816837	0.0001238427098481	5.119181100483293e-05	-0.0017752398277874	0.0005729295446162	3.151476446162637e-06	3.282482630941263e-07	-0.0020091831105602	0.0007765923843349	4.036816771760362e-06	6.030957314071197e-07	0.0	0.0	0.0	0.0	0.0	0.0	1.0	0.0	0.0	0.0	0.0	0.0	0.0	0.0	0.0	0.0	0.0	0.0	0.0	0.0	0.0	0.0	0.0	0.0	0.0	0.0
848.7328774802328	-11.321601815580609	720347.4973158758	128.1786676705581	1230.4982950528463	-37.24948422114062	1514126.0541279616	1387.524074741004	845.3243476098822	-5.84244898123336	34.13421009831473	714573.252662073	881.8556451907987	732.14095249059	1.299256	40.840153	0.3833275414212403	0.2648241484657312	-0.1178563331	0.1131076043	0.0708891576	-0.173008018	0.009423032	-0.0949014869	-0.0582012277	0.0087849524	0.112440144	0.0062008896	-0.0314999346	-0.0297752081	0.0145760649	0.1277584601	0.0416614695	-0.0733320721	-0.0099085699	0.070449827	0.1377178876	0.0707039035	-0.0160829306	0.1123183097	-0.1102357454	-0.0615884092	0.0790103103	-0.066506331	-0.0326940518	0.016704982	0.2253339359	-0.0450546834	-0.0831114275	0.0044622033	0.0043036389	-0.0914174134	0.1017950948	0.0259335659	-0.0083741842	-0.0252320713	0.0262338508	0.1085653936	-0.0490112088	0.0640417349	-0.046298958	-0.0972739873	0.00485062	-0.1037267959	-0.0149426315	0.0328454224	-0.1618084247	-0.0637947533	0.090179717	-0.0982806169	-0.1060829417	-0.0246743898	-0.1082544595	0.0160752378	0.0918880702	-0.0182071073	-0.0775603227	0.0179620005	-0.0348002446	0.0347007711	0.0170407777	-0.1088931917	0.1086801215	-0.1082375335	0.1274181432	-0.1158310674	-0.010863432	0.0086358676	0.0059066287	-0.0257683625	-0.0982990348	-0.0727936711	-0.0543865609	0.0571671993	-0.080324637	-0.0016905368	0.0876327994	-0.0101290257	-0.1013839798	-0.1275100165	-0.1271018066379241	0.0004868831298666	0.0161548692506242	2.3705518214870722e-07	0.1401333657628924	-0.0174881402663515	0.0003058350499755	0.0196373602000365	-0.4209376494218801	0.1676353610713122	0.0281016142815092	0.1771885047008176	0.0075281202756163	-0.0036003436726641	5.667259488414524e-05	1.2962474561293136e-05	-0.0014411599415469	0.0003340798862404	2.076941977119464e-06	1.116093703904654e-07	-0.0020291026907297	-1.9919580169499868e-05	4.117257729526509e-06	3.9678967412913234e-10	0.0	0.0	0.0	0.0	0.0	0.0	0.0	0.0	0.0	0.0	0.0	0.0	0.0	0.0	0.0	0.0	0.0	0.0	0.0	0.0	0.0	0.0	0.0	0.0	0.0	0.0
850.6928449326005	1.959967452367664	723678.3164195213	3.841472414340591	1260.5068565368651	30.008561484018852	1588877.535376449	900.5137623401399	846.3343809379163	1.0100333280340692	1.0201673237395776	716281.884357566	885.2111884820972	729.0878444098256	0.949313	29.840214	0.169850445002355	0.0992979601457243	-0.1018022466	0.1188076051	0.1370268283	-0.070301991	0.050250555	0.0635437436	-0.0065112923	-0.0743271099	0.0803731635	-0.0273391882	-0.0501694377	0.0835833391	0.0645741842	0.0329420033	-0.0370128899	-0.1452059339	-0.0040131556	-0.0469406686	0.0675478136	0.0382508424	-0.0341262675	0.1334019084	0.008654042	-0.1412391172	0.0409474971	-0.0286832672	-0.0812256832	-0.0347864775	0.2017702277	0.2768932115	0.0686562101	0.002689535	0.0333419685	0.0456313334	0.0886695632	0.0132057966	-0.0757561755	-0.0463283337	0.1053802643	0.0349149881	-0.072032524	-0.0448975167	-0.0132935106	-0.1149844778	0.0316191475	-0.1205530743	-0.0226962026	-0.0291776078	0.0123195263	0.0500880156	0.0093903682	-0.1775964632	-0.0328200189	-0.148900291	-0.095573935	0.0191081864	0.0875735907	0.0080372748	-0.0823578973	-0.0152484375	0.0201745811	0.0167611385	0.0695632719	-0.0784042976	0.032497643	-0.1448663636	0.0307860092	-0.1493949931	0.0253607189	0.0112248394	0.0611216166	-0.0965806972	-0.0166144762	-0.0795253361	-0.1139239585	0.0473220382	-0.0422107377	-0.0483662694	0.0851211787	-0.016850859	-0.1073422654	-0.124700488	-0.1310214114021732	-0.0039196047642491	0.0171666102458175	1.5363301507924257e-05	0.0964105687439484	-0.0437227970189439	0.0019116829791597	0.0092949977655316	-0.3445737323410682	0.0763639170808119	0.0058314478319251	0.1187310570194541	0.0068237605828607	-0.0007043596927556	4.65637084922034e-05	4.961225767787635e-07	-0.0013799248054091	6.123513613780001e-05	1.9041924685833424e-06	3.749741897814901e-09	-0.0018778149968561	0.0001512876938736	3.526189162417675e-06	2.2887966317592117e-08	0.0	0.0	0.0	0.0	0.0	0.0	0.0	0.0	0.0	0.0	0.0	0.0	0.0	0.0	0.0	0.0	0.0	0.0	0.0	0.0	0.0	0.0	0.0	0.0	0.0	0.0
852.2523450558392	1.559500123238763	726334.0596531773	2.432040634381717	1244.9232459068298	-15.58361063003531	1549833.8881991971	242.8489202685495	845.5869351409202	-0.7474457969960895	0.5586752194471194	715017.2648810148	882.1348029609892	738.3983238777013	0.854519	26.860498	0.0497313367306273	0.0422524922996318	-0.0917666617	0.0953229485	0.1160627354	-0.1171246791	-0.0340360635	0.0147871401	-0.0445028737	-0.0197059242	0.1019224542	0.0134813929	-0.0244638237	0.0433148504	-0.0191734033	0.05658597	0.0222158792	-0.0854455437	-0.0366858144	-0.0755317247	0.1050816827	-0.0545538265	-0.091561662	-0.0628836617	-0.0051860041	-0.1129367573	0.123875049	0.0136048509	-0.1020434298	0.084283722	0.0028200203	0.1047881563	0.0735686121	-0.0137526056	-0.0008935579	-0.0025849253	0.0923974829	0.0452933092	-0.0033153546	0.0234559811	0.0308668912	0.0472137765	-0.0261364898	-0.0421632455	-0.0082144517	-0.0574405692	0.1607893307	0.0598479404	0.0273048516	0.0354199084	-0.0340692661	0.0381101219	-0.049104989	0.0124577104	-0.1247610155	-0.0799044148	-0.0883270916	0.021746495	0.0767801335	0.0168872929	-0.0879990277	0.0053516852	0.0067487949	-0.0147646497	0.0309786193	-0.0690457236	0.0534237294	-0.0891336996	0.0851487442	-0.1091030156	0.0175097684	0.0065945304	0.0010270781	-0.0351105174	-0.0341752016	-0.0636035779	-0.035088635	0.0647030987	-0.1292405495	0.0889505396	0.0825512202	-0.0235265052	-0.1126387502	-0.1205247148	-0.131644930554998	-0.0006235191528248	0.0173303877408302	3.887761339393877e-07	0.0955435076394763	-0.000867061104472	7.517949588883778e-07	0.0091285618520546	-0.3428227911059878	0.0017509412350804	3.065795208704896e-06	0.1175274661016997	0.0060042513093203	-0.0008195092735403	3.605103378547454e-05	6.71595449418714e-07	-0.001332840735613	4.708406979609986e-05	1.776464426509403e-06	2.216909628564003e-09	-0.0019410179582846	-6.320296142850001e-05	3.767550714383317e-06	3.99461433333246e-09	0.0	0.0	0.0	0.0	0.0	0.0	0.0	0.0	0.0	0.0	0.0	0.0	0.0	0.0	0.0	0.0	0.0	0.0	0.0	0.0	0.0	0.0	0.0	0.0	0.0	0.0
859.0278258973608	6.775480841521585	737928.8056659464	45.907140633826046	1265.8034895896913	20.88024368286142	1602258.4742574396	435.9845762556742	848.2473259267881	2.660390785867889	7.077679133530767	719523.5259419467	885.0700882303925	754.8541690742555	0.8785589999999999	27.616186	0.1205486449246255	0.0669162533361288	-0.0791002183	0.0177911397	0.1225840905	-0.0346660717	0.0329206834	0.0803313363	-0.0026236095	-0.0380355197	0.0270223815	-0.0260132355	-0.0415291282	0.0950008205	-0.0281728671	0.017644373	0.0129347088	-0.0668689193	-0.004270975	-0.1436896467	0.0509192803	-0.1068781326	0.0030443484	-0.0699381154	0.1030069162	-0.0728897355	-0.0819902545	-0.1866112941	0.0190333228	-0.0510828827	-0.0519012021	-0.0740775207	0.0038590521	-0.2051040565	0.0817984375	-0.0448756471	0.0350666113	0.0261122374	-0.0566205661	0.0484765088	0.0508880372	0.0323886774	0.0057567305	0.0003659053	0.0154703453	-0.0409151236	0.1820680852	0.0686228516	0.0281050178	-0.0071355673	-0.0051576458	0.049962034	-0.0109009366	-0.072936019	-0.0455042107	0.0382685476	-0.0749840819	0.0215982944	0.0580018179	0.0379410878	-0.0857282006	-0.0274841519	0.0124993416	-0.0059659791	0.0427495497	-0.0508123504	0.0294279334	-0.0426087277	0.0479999348	-0.0840373365	-0.0242917494	-0.0129362707	0.0438786634	-0.0111369729	-0.0060676641	0.0126942923	0.0735094162	-0.0219509248	-0.0240194334	0.0607539883	0.0799246852	-0.0301376669	-0.1172407796	-0.1150284477	-0.1196725184996978	0.0119724120553002	0.0143215116840605	0.0001433386504218	0.104027772914705	0.0084842652752286	7.198275726045138e-05	0.0108217775375934	-0.2932539235994511	0.0495688675065366	0.0024570726258805	0.0859978637064727	0.0053068046579772	-0.0006974466513431	2.8162175677928502e-05	4.864318314697039e-07	-0.0014245751983423	-9.173446272929996e-05	2.0294144957320035e-06	8.415211652233326e-09	-0.0017197370706058	0.0002212808876788	2.957495592015818e-06	4.8965231251917776e-08	0.0	0.0	0.0	0.0	0.0	0.0	0.0	0.0	0.0	0.0	0.0	0.0	0.0	0.0	0.0	0.0	0.0	0.0	0.0	0.0	0.0	0.0	0.0	0.0	0.0	0.0
860.5851795944523	1.5573536970914574	740606.8513376156	2.425350537844431	1260.187930615743	-5.615558973948282	1588073.6204695886	31.534502589891083	849.3850916899452	1.1377657631570628	1.2945109318123735	721455.0339851365	884.6259542162533	753.1340934250252	0.8315989999999999	26.140047	0.0617533081730454	0.0369974785868615	-0.0502844332	-0.0186750499	0.0718101239	-0.0458232894	0.0023377823	0.0482372001	-0.0228176413	0.0126660485	0.0254917769	-0.0186351698	-0.0566786097	0.0297895089	-0.0206138539	0.0549122002	0.0217450819	0.0118148194	-0.0772424803	-0.0509452008	-0.0928689634	-0.1054991516	-0.0769611536	-0.0457833549	0.0695264665	0.0046737338	-0.0804290908	0.0344527951	0.0841418437	-0.0220479174	0.0164161119	0.0232583868	-0.0743167322	0.0454027828	0.0264492541	-0.1632952202	0.0178338311	0.0312780003	-0.0355332718	0.0517021961	0.0047643959	0.0374553068	0.0329448932	0.1196499852	-0.0136977332	-0.0353454871	0.0556088127	0.0759826569	0.0022282037	-0.030062441	0.0738690343	0.0947941557	0.0107744656	-0.0247310074	-0.0257689009	-0.0722219787	-0.0552008699	0.021880749	0.053187437	0.0465786797	-0.0746352842	0.0016832411	-0.0022462267	-0.0027467328	-0.0019829728	-0.0404982248	0.0168825841	0.0276469831	0.023588784	0.0534654499	0.0348918645	-0.031681278	0.0225731394	0.0070451049	-0.0536373127	0.00282173	0.0423697423	0.0088769136	-0.0718597315	0.1110574181	0.0772433738	-0.0366662233	-0.1211199807	-0.1082719048	-0.1226103659650448	-0.002937847465347	0.0150333018420822	8.630947729645818e-06	0.0754497351341285	-0.0285780377805764	0.000816704243388	0.0056926625318101	-0.2711947956532441	0.022059127946207	0.0004866051257471	0.0735466171894048	0.0052192890338983	-8.751562407889948e-05	2.7240978019371053e-05	7.658984457919252e-09	-0.0014026395842325	2.193561410979996e-05	1.9673978032559206e-06	4.81171166374055e-10	-0.0017738517320354	-5.411466142960018e-05	3.146549967244989e-06	2.928396581640257e-09	0.0	0.0	0.0	0.0	0.0	0.0	0.0	0.0	0.0	0.0	0.0	0.0	0.0	0.0	0.0	0.0	0.0	0.0	0.0	0.0	0.0	0.0	0.0	0.0	0.0	0.0
863.7011573920289	3.1159777975766474	745979.6892803303	9.709317634990612	1272.384282875061	12.19635225931802	1618961.7633074832	148.75100843337174	850.7700719789017	1.3849802889565126	1.918170400798065	723809.7153749856	888.0609096882625	773.5600315037436	0.858983	27.000841	0.0862231344154301	0.0418496006153874	-0.0642895711	-0.0508535013	0.0593809941	-0.0351706832	0.0705669487	0.1069776776	-0.0110017763	-0.0001075527	0.0203493166	-0.0724630754	-0.071460243	0.0790516239	0.0273869487	0.0423541893	-0.034317944	-0.0211150879	0.0316990078	-0.097534637	0.0353427531	-0.01456268	0.0858388703	-0.0776556132	0.0343679438	0.0683990197	0.0081769256	0.0162721592	0.1919811182	0.0295789932	-0.0057697195	0.1338255461	0.1139597748	0.1507175287	-0.1197760436	0.1522671638	0.0321441681	-1.00686e-05	-0.0942532662	0.024099589	0.0411777464	0.0460256487	-0.0708097261	-0.0290718452	0.0853709003	-0.050730602	0.0213236226	0.1351449569	0.0320919617	-0.0152338921	0.1375710803	-0.099142378	-0.035099362	0.0465495605	0.0074613478	-0.0886091237	-0.0597197189	0.0193220506	0.0468617979	0.0499703159	-0.078096499	-0.0153313852	0.0203498255	0.0118372862	0.0064799584	-0.0263644478	-0.043239871	0.0291457189	-0.0903991525	0.047189534	0.1024943109	-0.0090702479	0.0320095696	-0.031191406	0.0240714334	-0.0002978163	-0.0424896804	-0.0773546634	0.0174783774	0.0735065105	0.0745091236	-0.0430942802	-0.1242524367	-0.1003291122	-0.1222222559068484	0.0003881100581964	0.0149382798389591	1.506294172732154e-07	0.0975365490860724	0.0220868139519438	0.0004878273505477	0.0095133784076198	-0.2513379798166042	0.0198568158366398	0.0003942931351702	0.0631707800982917	0.0047337442423829	-0.0004855447915154	2.2408334552293257e-05	2.3575374456773345e-07	-0.0016102710800804	-0.0002076314958478	2.5929729513432976e-06	4.3110838068036455e-08	-0.0015892001280257	0.0001846516040096	2.5255570469169016e-06	3.409621486335505e-08	0.0	0.0	0.0	0.0	0.0	0.0	0.0	0.0	0.0	0.0	0.0	0.0	0.0	0.0	0.0	0.0	0.0	0.0	0.0	0.0	0.0	0.0	0.0	0.0	0.0	0.0
864.0750108048317	0.3738534128027595	746625.62429737	0.1397663742642705	1263.7577872594195	-8.626495615641488	1597083.7448588242	74.41642660668182	849.2342284683109	-1.5358435105907802	2.358815289023812	721198.7748021673	884.6740469329603	775.2988130676508	0.802879	25.237284	0.0651463581673655	0.0391675229266099	-0.0584519544	-0.0660644422	0.0317603512	-0.0572835045	0.0057508498	0.0490561948	-0.0340655414	0.0671716253	0.0128878891	-0.0230685795	-0.0331130917	0.064314794	-0.0528518021	0.0149612196	0.0268534423	-0.017080699	-0.0062112504	-0.2033526554	-0.1879186302	0.1186464859	0.0419614664	-0.2029100721	0.0060002538	0.0065056796	-0.0990968519	0.2288996147	0.0281869454	-0.0389155499	-0.0949507563	-0.0398972206	-0.0060488168	-0.0022052992	0.0332244413	0.0691773985	0.0160193677	0.0301117517	-0.0227713718	0.0897785522	0.0066780365	0.0483263405	0.0173562568	-0.0239042465	0.0671841696	-0.0622033108	0.0679975298	0.2559307801	-0.0612686711	0.0560555824	-0.0833099918	0.0624537605	0.0585437303	0.0131885178	0.0418696901	-0.0529434332	-0.0555029102	0.0181583495	0.0335209961	0.0470276615	-0.083061818	-0.0060053314	0.0293123167	-0.0142834767	0.0013687826	-0.021775909	-0.0350267231	0.0633125143	-0.0682248927	-0.0063156556	0.0147246868	-0.0375715249	0.0459903845	0.0329817865	0.0037198215	0.0842771757	0.064337849	-0.1164700614	0.0668000021	0.1537941793	0.0717238087	-0.0494042187	-0.1266188352	-0.0912870929	-0.1206319602593026	0.0015902956475458	0.0145520698360019	2.529040246603116e-06	0.0768004581348833	-0.0207360909511891	0.0004299854679359	0.0058983103697279	-0.2488039101712686	0.0025340696453356	6.4215089674113856e-06	0.0619033857165126	0.0041404067144776	-0.0005933375279053	1.714296776129119e-05	3.520494220207732e-07	-0.0013998001554194	0.0002104709246609	1.9594404751121766e-06	4.429801012765626e-08	-0.0015911097139253	-1.909585899599912e-06	2.53163012174745e-06	3.646518307950805e-12	0.0	0.0	0.0	0.0	0.0	0.0	0.0	0.0	0.0	0.0	0.0	0.0	0.0	0.0	0.0	0.0	0.0	0.0	0.0	0.0	0.0	0.0	0.0	0.0	0.0	0.0
865.8710772579198	1.7960664530880877	749732.7224317904	3.225854703908424	1277.0606786727906	13.302891413371071	1630883.9770122084	176.9669199559418	850.9377361918605	1.703507723549592	2.901938564193113	724095.0308753283	888.1492916308963	782.8403996231609	0.7634649999999998	23.998383	0.0623827228408479	0.0303821435649264	-0.0762981024	-0.0942788767	0.015230929	-0.0251150148	0.0347220951	0.0678436585	0.0219289881	0.0754627803	0.018367744	-0.0513093234	-0.0618301787	0.0673812347	-0.0419085675	0.0479772604	-0.0062250724	0.0140806595	0.0241514443	-0.0919504855	-0.1546593732	0.0849473141	-0.0761864069	-0.0600249189	-0.0805962027	0.0310464664	0.04702545	-0.0902648214	0.0852128377	0.0133651948	0.0395673326	-0.0447315888	0.1369089661	0.0001952689	-0.0243713352	-0.0698803732	0.0210830753	0.0078207729	-0.0669080289	0.058846992	-0.0026686897	0.0222241999	-0.0066374666	0.0728668552	-0.0085766658	-0.021290646	-0.0245970646	0.1068837598	-0.1514165564	0.0243442584	-0.0562128921	0.0652027883	-0.1100180526	-0.0309767464	0.0162476147	-0.0630461347	-0.0584290924	0.0154317084	0.0309302222	0.0485019611	-0.0749208841	-0.0178127427	0.0374025979	-0.0253791943	0.0152805174	-0.0112015984	-0.0618890831	0.0588479538	-0.0707635109	-0.0330827361	-0.0499592483	-0.0619195085	0.0588524757	0.0312924138	0.0129670049	0.1583850637	0.0890189003	-0.1230464855	0.0729602513	0.0825058409	0.0688893378	-0.0555787436	-0.1282045865	-0.0812449131	-0.1167035454368772	0.0039284148224253	0.0136197175175372	1.5432443017051562e-05	0.083263970168133	0.0064635120332496	4.177698780396366e-05	0.0069328887281597	-0.2365278737849507	0.0122760363863179	0.0001507010693582	0.0559454350772295	0.004073790160549	-6.661655392859941e-05	1.659576627218585e-05	4.437765257321994e-09	-0.0018418293005015	-0.0004420291450821	3.392335172185845e-06	1.9538976510201225e-07	-0.0018767592068917	-0.0002856494929663	3.5222251206527625e-06	8.159563283196137e-08	0.0	0.0	0.0	0.0	0.0	0.0	0.0	0.0	0.0	0.0	0.0	0.0	0.0	0.0	0.0	0.0	0.0	0.0	0.0	0.0	0.0	0.0	0.0	0.0	0.0	0.0
862.7438353520972	-3.1272419058225296	744326.9254380467	9.779641937532528	1273.946861076355	-3.113817596435638	1622940.6048462975	9.695860023872212	850.7561933650527	-0.1815428268077994	0.0329577979653666	723786.100548995	888.1646956705627	778.610166284448	0.793985	24.957727	0.0701620886780548	0.0364026557622064	-0.0732128204	-0.0634084931	0.0462423512	-0.0330150992	0.0206343949	0.0629552666	0.0274655212	0.0684508425	0.0238091684	-0.0649144463	-0.0476187749	0.0311088311	-0.0226633929	0.0658206508	-0.0503012465	-0.0444769131	-0.0073067938	0.0108362059	-0.130254835	0.1109080308	-0.1167526671	-0.0035718768	-0.0849857718	-0.0056040495	0.0400864851	-0.0483098888	0.1770072191	0.0920211347	-0.1130138418	-0.0936787565	0.1369286475	0.0107446324	0.0200191527	-0.0456812773	0.0384848504	-0.0033082567	-0.059200727	0.0358585298	-0.0285330154	0.0246646435	-0.0359862089	0.0632906139	-0.0831718811	-0.0119828744	-0.037554467	-0.0134610575	-0.1805750577	-0.0098219844	-0.020178724	0.0665022231	-0.1023587347	0.0850200944	-0.0709799214	0.0388374207	-0.0592510316	0.0091402489	0.0304560096	0.0500688384	-0.0805024066	-0.0187020093	0.0114836351	-0.0412306893	0.0105473145	-0.0280040648	-0.0199982217	0.0685945037	-0.0205325211	-0.0007379422	-0.0656578083	-0.0974531312	0.0242774657	0.0457013214	0.0070386906	0.1168899038	0.1508659572	-0.080882274	-0.0162386798	0.0426059347	0.0660076536	-0.0616009311	-0.1289999139	-0.0703125971	-0.0975214234688479	0.0191821219680293	0.0095104280353903	0.0003679538031963	0.0859631418348669	0.0026991716667339	7.2855276864990835e-06	0.0073896617541214	-0.2257079591845041	0.0108199146004465	0.0001170705519609	0.0509440828392337	0.0036310660968063	-0.0004427240637427	1.3184640999376138e-05	1.9600459661685042e-07	-0.0018218955547741	1.993374572740016e-05	3.319303412505625e-06	3.9735421872464415e-10	-0.0015901994075049	0.0002865597993867	2.5287341556289355e-06	8.211651862460297e-08	0.0	0.0	0.0	0.0	0.0	0.0	0.0	0.0	0.0	0.0	0.0	0.0	0.0	0.0	0.0	0.0	0.0	0.0	0.0	0.0	0.0	0.0	0.0	0.0	0.0	0.0
864.4681801353223	1.7243447832250922	747305.234466476	2.97336493143559	1278.4519183476766	4.505057271321675	1634439.3075268543	20.295541017888297	851.1990165059881	0.4428231409353884	0.1960923341478828	724539.7657007613	889.2015976836159	776.9149550260454	0.700507	22.019379	0.07654182409784	0.035647234876471	-0.0841224793	-0.061269143	0.0426760736	-0.0270621683	0.0171706072	0.0803712654	0.0589684195	0.0456219947	0.030227551	-0.0627610875	-0.0484446334	0.0508868111	0.0048520958	0.0256825944	0.0292378225	-0.0610318167	0.0039700453	-0.0079511373	-0.1203281872	0.1675149678	-0.1495702595	0.0083278229	-0.0456151581	0.0411093383	-0.1124470411	-0.1799218975	0.1101227714	0.0029336198	0.0166016624	-0.0354709856	-0.1223118809	-0.0172505173	0.1300552934	-0.0116873555	0.0427149752	-0.0036286016	-0.0731503247	0.0308327318	0.0009925396	0.0029107502	-0.0011187839	0.0376677946	-0.0713980914	-0.0338112604	-0.0150116764	-0.0201742626	-0.1629875184	-0.0126039559	0.0055579536	0.0805846816	-0.1259359387	0.0676307485	-0.0515355071	0.0690064263	-0.0643721863	0.0052437904	0.0279623241	0.0537096149	-0.0731666003	-0.0266733667	0.0228090366	-0.0346849328	0.0321193395	-0.0088485359	-0.0272341635	0.0552077492	-0.0359752151	-0.004888977	-0.048738142	-0.0821935753	0.0294304068	0.0358607847	0.0282337236	0.1012734106	0.1234735523	-0.0878128907	-0.0042427495	-0.0009931294	0.063080731	-0.0674542747	-0.1289999139	-0.0586099215	-0.090975390926772	0.0065460325420759	0.0082765217542789	4.285054204191674e-05	0.1024562490602676	0.0164931072254006	0.0002720225859485	0.0104972829714995	-0.2085302563978857	0.0171777027866184	0.0002950734730253	0.0434848678333679	0.0041277516074485	0.0004966855106422	1.7038333332793678e-05	2.466964964819031e-07	-0.0016481746209464	0.0001737209338276	2.716479581131809e-06	3.0178962849968085e-08	-0.0015341062210999	5.609318640500006e-05	2.3534818976174157e-06	3.1464455610660833e-09	0.0	0.0	0.0	0.0	0.0	0.0	0.0	0.0	0.0	0.0	0.0	0.0	0.0	0.0	0.0	0.0	0.0	0.0	0.0	0.0	0.0	0.0	0.0	0.0	0.0	0.0
862.0354563885586	-2.4327237467637133	743105.1280710305	5.91814482806808	1271.1429478645323	-7.308970483144321	1615804.393905733	53.421049523474935	850.5715347408325	-0.6274817651556077	0.3937333656027972	723471.9357113752	889.5974198233271	777.7738556130532	0.830414	26.102814	0.0676253983959199	0.0333176217242996	-0.0815644517	-0.0593057721	0.0229972595	-0.0521727768	0.0160874026	0.0342781869	0.0399041525	0.0417469603	0.0378130808	-0.0529107634	-0.0325664565	0.017568709	-0.0058428122	0.0192635974	-0.0166803299	-0.0936833188	0.0355985312	0.0705182677	-0.0330940802	-0.0082308512	0.099544718	0.0290522493	-0.0840719421	-0.1073485976	0.03693831	-0.0202139589	0.0968074511	-0.0009269019	-0.2261559615	-0.0423965418	0.1055265509	-0.1411285932	0.0934459554	-0.0111921681	0.0524800499	-0.010589741	-0.056379441	-0.0094137736	-0.0009270015	0.0177104921	-0.0447160622	-0.0193213477	-0.0899317185	0.0134691484	-0.0583574882	0.0123293561	-0.0012414121	-0.0875472645	-0.0934146572	-0.0810737655	-0.017313277	0.082213144	-0.1173090022	0.064673422	-0.0629144776	-0.0035933502	0.0217389946	0.0608552023	-0.0639862065	-0.0118496196	0.009215845	-0.0208149487	0.0194000553	-0.040425204	-0.009249852	0.0866166042	-0.0219108855	0.0824965221	0.0018668919	-0.0496553393	-0.013226264	0.0335878219	-0.0238310913	0.0232008477	0.0319722126	-0.098139943	-0.0245052471	-0.0018082913	0.0601105761	-0.0731227308	-0.1282045865	-0.0462651033	-0.0699521266317049	0.021023264295067	0.004893300020298	0.0004419776416202	0.1060234178683146	0.003567168808047	1.2724693305103454e-05	0.0112409651364792	-0.2088167616702065	-0.0002865052723207	8.20852710676142e-08	0.0436044399544318	0.0038471640653424	-0.0002805875421061	1.4800671345661863e-05	7.872936878514251e-08	-0.0013329583537613	0.0003152162671851	1.776777972862035e-06	9.936129509810842e-08	-0.0012749408299814	0.0002591653911185	1.6254741199536612e-06	6.71666999536051e-08	0.0	0.0	0.0	0.0	0.0	0.0	0.0	0.0	0.0	0.0	0.0	0.0	0.0	0.0	0.0	0.0	0.0	0.0	0.0	0.0	0.0	0.0	0.0	0.0	0.0	0.0
860.7968188397135	-1.2386375488450767	740971.1633245706	1.5342229774089398	1271.2590412775676	0.116093413035287	1616099.5500299602	0.0134776805501817	850.2985536560532	-0.2729810847793033	0.0745186726472851	723007.6303495759	888.7294528067563	756.176366887941	0.841918	26.464424	0.0327434770254736	0.0152414286321196	-0.0744102418	-0.008612691	0.0593558662	-0.0562841601	0.0287047709	0.0533624447	0.0113498293	-0.0102350092	0.0412089335	-0.0461691731	-0.0054920131	0.056250053	0.0103845056	0.0156503013	0.0050762174	-0.1081807954	0.043621994	-0.0586198207	0.0437227796	-0.0731809385	0.1567541297	0.0247340042	-0.0709660888	-0.0306867648	0.0628220305	0.1455873695	0.0366202299	-0.0282549237	0.021755275	-0.0548715606	0.0200513281	-0.0524168956	-0.0424234232	-0.0466866184	0.0533513708	-0.0075672498	-0.0461396191	0.0116808801	0.0401577661	0.0442645699	-0.0578424268	-0.0715719998	0.0023280557	-0.0554564627	0.0136479217	0.0508729305	0.0440992048	-0.1007145274	-0.0501209665	-0.105852574	-0.0292465805	0.0343582837	-0.0815636696	-0.0189080043	-0.064493864	-0.003725171	0.0256736468	0.0541809494	-0.0598468134	-0.0304686975	0.0349075409	-0.0353535209	0.0288340592	-0.0218315489	-0.0251270588	0.0282128952	-0.0910049032	0.0579319864	0.0647541996	-0.0114014189	-0.0153079762	0.0211422898	0.0065346183	0.0532019277	-0.0075389272	-0.081785332	-0.0423622495	-0.086816074	0.0570992244	-0.0785907625	-0.1266188352	-0.033413395	-0.0667306465637551	0.0032214800679497	0.0044529791908168	1.0377933828197833e-05	0.1133634886642767	0.0073400707959621	5.387663928973578e-05	0.0128512805621355	-0.2027539956481447	0.0060627660220617	3.675713183826699e-05	0.0411091827512878	0.0040252586840122	0.0001780946186697	1.6202707473215626e-05	3.1717693199141335e-08	-0.0013322870188752	6.713348861000189e-07	1.7749887006633674e-06	4.5069052929492533e-13	-0.0011313235807473	0.0001436172492341	1.2798930443548924e-06	2.062591427756963e-08	0.0	0.0	0.0	0.0	0.0	0.0	0.0	0.0	0.0	0.0	0.0	0.0	0.0	0.0	0.0	0.0	0.0	0.0	0.0	0.0	0.0	0.0	0.0	0.0	0.0	0.0
862.9886446143529	2.191825774639369	744749.4007333178	4.804100226373471	1273.2473521868387	1.9883109092711493	1621158.8198507957	3.953380271926664	851.2136105796163	0.9150569235631564	0.8373291733608684	724564.6108359867	887.9779394577372	766.4943076086922	0.9513	29.902676	0.1904292236663982	0.1145847322698144	-0.0579102797	-0.0665983114	0.0070892989	-0.0220114302	-0.0013807934	0.0152580773	-0.0061179803	0.0740655427	0.0216538706	-0.0373433486	-0.0208653339	0.019592973	-0.0297552209	-0.0304968006	-0.0437252485	-0.0227321756	-0.0090235912	-0.0067268884	-0.1266563718	-0.0593905623	-0.0413016701	-0.0352574496	-0.17472612	0.1208192672	0.0064079378	-0.1206101031	0.1391661311	-0.2608118999	0.1339646257	-0.0191099564	0.1451104534	0.0618072569	-0.039312477	-0.0811123002	0.0296896586	-0.002629231	-0.0247012942	0.0454770637	-0.0318273277	-0.0531241204	0.0103367819	0.0109057686	-0.041753956	-0.0120896633	-0.0394504842	0.0133411655	-0.2058607166	-0.035606799	0.0182217213	-0.0235050297	-0.2256109998	0.053711366	-0.034647435	-0.0053366518	-0.0437935791	-0.0058833258	0.0069557436	0.0367006819	-0.0438023663	-0.0235178159	0.0374418667	-0.0663491489	0.0280387987	0.0214045112	-0.0375367652	0.0767375617	-0.0407964023	0.0132811468	-0.1047974067	-0.0710090613	-0.0407962348	0.0830822368	0.0286134174	0.0793754322	0.1600930146	-0.038554054	0.0254830614	-0.0623583787	0.0540487397	-0.0838433825	-0.1242524367	-0.0201956026	-0.0643091792219934	0.0024214673417616	0.0041356705322064	5.863504087218468e-06	0.0832227778178378	-0.0301407108464389	0.0009084624503286	0.0069260307477171	-0.132060673437877	0.0706933222102677	0.0049975458051247	0.0174400214688655	0.0025348529527183	-0.0014904057312938	6.425479491904684e-06	2.2213092438737043e-06	-0.0011159833293621	0.000216303689513	1.2454187914141172e-06	4.678728609697956e-08	-0.0011680886252989	-3.676504455160006e-05	1.364431036552674e-06	1.351668500881137e-09	0.0	0.0	0.0	0.0	0.0	0.0	0.0	0.0	0.0	0.0	0.0	0.0	0.0	0.0	0.0	0.0	0.0	0.0	0.0	0.0	0.0	0.0	0.0	0.0	0.0	0.0
860.0118466112451	-2.976798003107774	739620.3763116838	8.861326351306431	1278.8307587941488	5.583406607310053	1635408.1096380183	31.174429342553555	851.3925183436668	0.1789077640504501	0.0320079880375315	724869.220291571	890.8115793723003	765.131219797583	0.908728	28.564501	0.1100118657840091	0.0760192344300881	-0.035813347	-0.0379457123	0.0136975647	-0.0062880612	0.0130506857	0.0364535525	0.0560372419	0.0393011283	0.0196794725	-0.0513761172	-0.0105765006	-0.0168969894	-0.0148997903	-0.0025611668	-0.0505243461	-0.0619635618	-0.0385467208	0.1285169457	-0.0138703371	0.0426897352	0.031731155	-0.0971982733	-0.109643564	-0.0527009132	0.0110801524	-0.0180413171	-0.1035618327	-0.1850045661	-0.1624756636	-0.1766962981	0.0028476952	0.0459197664	-0.140964172	-0.0250583166	0.0267305709	-0.0283431186	-0.0472864541	-0.0159279885	-0.0147312192	-0.0468760377	-0.0768349052	-0.0067515284	-0.0938447284	0.0045926913	-0.0616994004	-0.0416669538	-0.0441292866	0.050309563	-0.049653862	-0.0738355462	0.006014829	0.0550441304	-0.0911548248	0.2045871964	-0.0297632106	-0.0064477849	0.002807214	0.0321162067	-0.0129446193	-0.0472046061	0.0258566	-0.013900874	0.0088423638	0.0171385091	-0.002721088	0.0671748702	-0.0316425285	0.0952678916	-0.0180715951	-0.0675518154	-0.0207624531	0.0335053277	0.0102246251	-0.0032804046	0.0372427906	-0.0637970951	-0.033266393	-0.1891550559	0.0509612127	-0.0888661936	-0.1211199807	-0.0067565429	-0.0515977749475382	0.0127114042744552	0.0026623303795368	0.0001615797986286	0.0928404652889725	0.0096176874711347	9.24999122924214e-05	0.0086193519950729	-0.0576159782220528	0.0744446952158242	0.0055420126457769	0.003319600946484	0.0026907923438347	0.0001559393911164	7.240363437639437e-06	2.4317093701753577e-08	-0.0012240738911764	-0.0001080905618143	1.4983568910597331e-06	1.1683569553331026e-08	-0.0011673570017777	7.316235212000751e-07	1.362722369599421e-06	5.352729767731967e-13	0.0	0.0	0.0	0.0	0.0	0.0	0.0	0.0	0.0	0.0	0.0	0.0	0.0	0.0	0.0	0.0	0.0	0.0	0.0	0.0	0.0	0.0	0.0	0.0	0.0	0.0
855.9477332951641	-4.064113316081034	732646.5221331293	16.517017045947178	1267.343577448527	-11.48718134562182	1606159.7433000305	131.95533526720197	849.0573605796163	-2.33515776405045	5.452961783005098	720898.4015544247	887.3151952094936	730.7638131075354	0.853788	26.837523	0.0798325310088994	0.0378447444378119	-0.0015506257	0.0458663763	-0.0003316369	-0.0320568919	-0.0075243965	-0.0318575089	0.0112927107	0.000908575	0.0418095557	0.0203926697	0.0095801102	0.0028508626	0.0372766816	-0.015123988	0.0132814867	-0.1258275082	0.0567011424	-0.0042491647	-0.1276737888	-0.0485694826	-0.0267402167	0.0857055086	-0.0156941884	0.0711589326	-0.0771804524	0.2949153054	-0.0050461422	-0.0822794224	-0.1234223414	-0.1168654333	-0.2124928337	0.120088541	-0.0630090115	-0.0423222645	0.0358560641	0.0129738929	0.0194736436	-0.0245180748	0.0451906179	-0.0023598062	-0.0297994764	-0.0792471408	-0.0493885181	-0.0546304932	-0.0288118247	0.0322670348	0.0353007113	-0.1010017732	-0.0242484991	0.0259852736	0.0476997443	0.0965671626	0.0432815712	0.0141632266	-0.0275917442	0.002991873	0.0237470395	0.0157755793	0.0025686558	-0.0446979925	0.0182784797	-0.029931715	-0.0153280952	0.0471389055	-0.0117825217	0.0538577555	-0.046237397	0.1241950106	0.0251001209	-0.0270380512	-0.0370589639	-0.0402628086	-0.0135203705	-0.0130861102	-0.1099774877	0.0168320666	-0.1113014004	-0.1880815447	0.0478387595	-0.0936454286	-0.1172407796	0.0067565429	-0.0565442767961599	-0.0049465018486217	0.0031972552384007	2.446788053841789e-05	0.0893796114669243	-0.0034608538220481	1.1977509177585588e-05	0.0079887149459783	-0.0411379194302483	0.0164780587918045	0.0002715264215461	0.0016923284150496	0.0032369284221387	0.000546136078304	1.0477705610049334e-05	2.982646160252729e-07	-0.0014020004560277	-0.0001779265648512	1.9656052787018788e-06	3.1657862479783854e-08	-0.0015422366895509	-0.0003748796877732	2.37849400659692e-06	1.405347803049321e-07	0.0	0.0	0.0	0.0	0.0	0.0	0.0	0.0	0.0	0.0	0.0	0.0	0.0	0.0	0.0	0.0	0.0	0.0	0.0	0.0	0.0	0.0	0.0	0.0	0.0	0.0
856.7610770049992	0.8133437098350669	734039.5430707661	0.6615279903282695	1273.8437885602316	6.50021111170463	1622677.997653484	42.25274449672834	849.3795761699824	0.3222155903661132	0.1038228866749828	721445.664414699	887.9990750483362	735.621575572008	0.747715	23.503292	0.0814496210493622	0.0515905661908455	-0.0026105181	0.0446653129	0.0225832241	-0.0119010121	0.003490089	0.0128427474	0.0013415425	-0.0474082082	0.0264436861	0.0236018319	0.0318339603	0.0325571914	0.0284220419	-0.0585381527	-0.0273868678	-0.0994516192	0.0388347454	-0.0454139594	0.0016087263	-0.0910774626	0.1116890322	-0.066939979	0.1471030655	0.0536025058	0.008792522	0.200215551	-0.0341034399	0.0618768383	-0.037105594	0.0139904155	0.0964044763	0.0894330759	-0.0263098309	0.0059911512	0.0165743474	0.0044487518	0.0220094008	-0.0071512459	0.0512511198	-0.0467908936	-0.0231281059	-0.105132216	-0.0075010233	-0.0531183801	0.0283046217	0.0592753055	0.0937542467	-0.0675980042	0.0752877634	-0.040900707	0.0191633723	0.0562210118	0.1197509051	-0.1349902931	-0.0207650038	-0.0042219392	0.0169935899	0.0122862023	0.0315772789	-0.0494998517	0.0340290316	-0.0324819587	-0.0337608717	0.0544039528	-0.0219510524	0.0078937816	-0.0787431107	0.0642698712	0.1040747801	0.0544182105	-0.0242982092	-0.0207415802	-0.0051497565	-0.028617524	-0.1593761432	0.024997071	-0.0640662548	-0.0859055934	0.0446835199	-0.098167988	-0.1126387502	0.0201956026	-0.0526181274899926	0.0039261493061672	0.0027686673405531	1.5414648374317945e-05	0.0927514716206019	0.0033718601536776	1.1369440895958749e-05	0.0086028354877873	-0.0087587769047559	0.0323791425254924	0.0010484088706861	7.671617286728533e-05	0.0025230082365794	-0.0007139201855593	6.365570561847494e-06	5.096820313490253e-07	-0.0013318841219673	7.011633406040006e-05	1.7739153143486054e-06	4.916300302069618e-09	-0.0014908238278901	5.141286166080003e-05	2.2225556858048907e-06	2.6432823441525613e-09	0.0	0.0	0.0	0.0	0.0	0.0	0.0	0.0	0.0	0.0	0.0	0.0	0.0	0.0	0.0	0.0	0.0	0.0	0.0	0.0	0.0	0.0	0.0	0.0	0.0	0.0
858.2730358179848	1.5119588129856538	736632.6040122198	2.2860194521649877	1270.009361553192	-3.834427007039494	1612923.7784327469	14.702830472313853	850.2901047107786	0.910528540796122	0.829062223604315	722993.2621690668	887.8760863373802	739.7798612587047	0.754741	23.724157	0.0599953234517021	0.0323302910455822	-0.001239573	0.0275932756	0.0056469466	-0.0237104707	-0.0241086	-0.0140764873	-0.0054701698	0.0156525336	0.0246080292	0.0086082014	0.0432548106	-0.0345985258	0.0315453499	-0.0689732412	0.0442144641	-0.0458159469	0.073545616	-0.0003921235	0.0767888868	-0.0080752048	-0.0349637429	-0.0766413779	0.1495189611	0.1222765342	0.0531773661	-0.1529289927	0.0673775365	-0.0804096023	0.0704503821	0.0479842622	-0.1061690451	0.0365452695	0.0769272396	0.1819452459	0.0176310216	-0.011397212	0.0398235604	-0.0188808304	0.0002128804	-0.0367222821	0.0320446985	-0.1153266072	-0.0023813903	-0.0312373132	0.072025054	0.0800786629	0.0262118096	0.0071735697	0.0531492545	-0.003283465	0.0311796511	0.1365255162	0.0315368213	0.0482150028	-0.0107874757	-0.0216771286	0.0021017847	0.0114883156	0.0498664157	-0.0395614393	0.0189481445	-0.0336049327	-0.051022264	0.0732319603	0.0158135288	-0.0476930574	-0.0152731474	-0.0504848928	0.0896662213	0.1028790877	0.0138588689	0.1062189951	-0.0511912637	-0.041904933	-0.0091223527	0.0890970854	0.003790284	0.0363310193	0.0414976565	-0.1024214758	-0.1073422654	0.033413395	-0.0364671708891819	0.0161509566008107	0.0013298545526607	0.0002608533991212	0.0929121337424589	0.0001606621218569	2.581231739958989e-08	0.0086326645965765	0.0151564657238836	0.0239152426286394	0.0005719388299866	0.0002297184532392	0.0023408691153282	-0.0001821391212512	5.479668215097429e-06	3.317465949015936e-08	-0.0013319977121466	-1.135901793001149e-07	1.774217905163777e-06	1.2902728833432252e-14	-0.0017039403584675	-0.0002131165305773	2.9034127452143523e-06	4.541865560534782e-08	0.0	0.0	0.0	0.0	0.0	0.0	0.0	0.0	0.0	0.0	0.0	0.0	0.0	0.0	0.0	0.0	0.0	0.0	0.0	0.0	0.0	0.0	0.0	0.0	0.0	0.0
858.8363076035897	0.5632717856049112	737599.8032581678	0.317275104458545	1276.684794108073	6.675432554880899	1629924.0635067727	44.56139979476373	852.1011323914047	1.8110276806261252	3.2798212599940437	726076.3398227142	890.8213016231355	740.0578798189729	0.7676009999999999	24.128387	0.0588436954334668	0.0393923648111726	-0.0093224609	-0.0048585014	-0.0141073978	-0.0007737979	0.0005449934	-0.0204312924	0.0187932997	0.0078635208	0.0031477753	-0.0214713316	0.0136423919	-0.0177253151	0.0128235665	-0.0544837875	-0.0222407859	0.0271188855	0.0364954809	-0.0069305784	0.0322002702	0.1189387371	-0.0338582321	-0.1035555294	0.0618038629	-0.2191234051	-0.0417173842	0.0010962485	-0.1592978272	-0.0745256716	-0.0841448835	-0.1178818168	-0.0888282088	0.078701064	-0.0198826557	0.1025772306	0.0148264184	-0.0257798914	-0.011129467	-0.0299488985	0.003429597	-0.0150706957	0.0232410137	-0.0486884845	0.0274711221	0.0320242284	0.0054769767	-0.0111681031	0.0173973706	0.0464723471	-0.0429265608	0.0625544679	0.1413241952	-0.121822858	-0.0772097912	0.0904505217	-0.0060664966	-0.0294473092	-0.0148387766	0.0158287741	0.0487481408	-0.044448055	0.019332972	-0.018992149	-0.0406077996	0.0732674449	0.0157541789	-0.0274590275	0.0019994295	-0.0733183219	0.0728393548	0.082288195	0.021669362	0.1085839683	-0.0357388258	-0.027403012	0.073414486	0.0127870046	0.1088028116	-0.0274330041	0.0382833527	-0.1063942335	-0.1013839798	0.0462651033	-0.0118154749940657	0.0246516958951162	0.0001396054493353	0.0006077061105052	0.0926097838634802	-0.0003023498789786	9.141544931842777e-08	0.0085765720672405	0.0199469312370155	0.0047904655131318	2.2948559832506065e-05	0.0003978800657742	0.0023412536859733	3.845706451001581e-07	5.481468822083564e-06	1.4789458107275172e-13	-0.0012983556048808	3.364210726580015e-05	1.685727276725388e-06	1.1317913812836034e-09	-0.0011559833534536	0.0005479570050139	1.3362975134618303e-06	3.002568793438033e-07	0.0	0.0	0.0	0.0	0.0	0.0	0.0	0.0	0.0	0.0	0.0	0.0	0.0	0.0	0.0	0.0	0.0	0.0	0.0	0.0	0.0	0.0	0.0	0.0	0.0	0.0
858.7397568966444	-0.0965507069453224	737433.9700749079	0.0093220390116415	1278.324292818705	1.6394987106320968	1634112.9976104426	2.687956022164308	850.9017091736313	-1.1994232177734148	1.4386160553339324	724033.718674607	889.1603236239263	737.1184036903586	0.695442	21.860176	0.0722982135693293	0.0333535149602036	-0.0077111807	-0.0077341328	-0.0072987049	0.0073126486	0.0088575495	-0.0408831757	0.018609375	0.0175131999	0.0060497751	-0.0064005228	0.050806822	-0.0280070858	-0.019078701	-0.0719151445	0.0286179037	0.0056141458	-0.0546594832	0.0152801286	-0.008657605	0.0665818487	-0.1099327709	0.0480605922	0.0288892408	0.0319947384	0.1270088339	-0.0129658018	-0.0915217818	-0.0715190105	-0.0018450254	0.0309267442	-0.0697071521	0.0023430816	0.0048463509	0.1158032871	0.0069336559	-0.0272070342	0.0333567728	0.0072500533	-0.0142948643	-0.0754486654	0.073298014	0.0109692774	-0.0279998841	0.0075501865	0.002028091	-0.0361187613	-0.0859344431	0.0280250445	-0.0228926688	0.0606898902	0.0808173251	-0.0702932547	0.0004879554	-0.0283667348	-0.0029504982	-0.0371780094	-0.024231236	0.0183670901	0.0523092998	-0.0399308001	0.0076238967	-0.0066424837	-0.0346760285	0.0808024455	0.0269221273	-0.0196160335	0.0428206999	-0.0574161228	0.0294986913	0.0752668611	0.0059861824	0.1093172025	-0.0572805414	0.0236825401	0.1326040084	0.0776528577	0.0872107018	-0.0401854371	0.0350428114	-0.1100753719	-0.0948006283	0.0586099215	0.0037133203232855	0.0155287953173512	1.378874782332513e-05	0.0002411434840081	0.0966339095061101	0.0040241256426298	1.6193587187671484e-05	0.009338112466435	0.0286349255079088	0.0086879942708933	7.548124445107484e-05	0.0008199589588434	0.0019250093859833	-0.0004162442999899	3.705661136123802e-06	1.7325931727416505e-07	-0.0010284266207134	0.0002699289841673	1.0576613141919835e-06	7.286165649364445e-08	-0.0009610106708419	0.0001949726826116	9.235415094719988e-07	3.8014346964802664e-08	0.0	0.0	0.0	0.0	0.0	0.0	0.0	0.0	0.0	0.0	0.0	0.0	0.0	0.0	0.0	0.0	0.0	0.0	0.0	0.0	0.0	0.0	0.0	0.0	0.0	0.0
861.1230330160446	2.383276119400193	741532.8779907518	5.680005061303244	1284.1670956293742	5.842802810669127	1649085.1294971823	34.138344684363055	852.3158617123153	1.414152538683993	1.9998274026663825	726442.3281264065	890.1748064324597	746.3725381341815	0.677529	21.297098	0.0382852811522293	0.0230475179120185	-0.0105175275	-0.0235736821	-0.0018139447	0.0099402326	0.0238549904	0.0056546005	0.0200731995	0.0210924819	-0.0095231369	-0.0312288623	0.0608415379	-0.0122968789	0.0252403971	-0.0466356167	0.0220680903	0.0241699193	0.0070392151	0.0286615325	0.0234756476	0.0150673359	-0.1070257292	0.048902803	-0.0362902664	0.1085774064	0.0426681762	0.0391013451	-0.2219770912	-0.028519392	0.0987971669	-0.1253741424	-0.0852515098	-0.0813922505	-0.0011572875	0.1570846348	9.3921e-06	-0.0512622384	0.0210163388	0.0018670441	-0.0013333459	-0.0561360888	0.0782626238	0.0082903183	-0.0209416074	0.0393441542	0.0538146868	-0.0525773341	-0.0482924102	0.0858199076	0.002513755	0.0335853983	0.0530640802	-0.0218492541	0.0048449415	0.0351714948	-0.0045739133	-0.034335614	-0.028524682	0.0092851571	0.051415931	-0.0399365645	0.0173185815	0.0071337221	-0.0157859739	0.0736784249	0.0117149991	-0.0328117831	0.0268437365	-0.0425452229	0.0068709277	0.0303398553	0.0203487903	0.128808451	-0.041270661	0.0122226032	0.1408080557	0.0475241153	0.0760406865	-0.0814053049	0.0317782535	-0.1134548014	-0.0876327994	0.0703125971	-0.0035505968201761	-0.0072639171434616	1.2606737779444631e-05	5.276449226707533e-05	0.0857558169283123	-0.0108780925777978	0.0001183328981311	0.0073540601370422	0.0476272929099437	0.0189923674020348	0.0003607100195338	0.0022683590299295	0.0019250033693869	-6.016596400129984e-09	3.705637972150918e-06	3.619943224205708e-17	-0.0010464218447934	-1.799522408000003e-05	1.0949986772608225e-06	3.23828089689413e-10	-0.0009559938309396	5.016839902299993e-06	9.139242047945726e-07	2.51686826053094e-11	0.0	0.0	0.0	0.0	0.0	0.0	0.0	0.0	0.0	0.0	0.0	0.0	0.0	0.0	0.0	0.0	0.0	0.0	0.0	0.0	0.0	0.0	0.0	0.0	0.0	0.0
861.5099268301236	0.3868938140790305	742199.354026845	0.1496868233726194	1272.0624851226808	-12.104610506693462	1618142.9660564903	146.52159551875374	852.9973211717236	0.6814594594083019	0.464386994817055	727604.4299261365	889.3664258289097	746.719672793991	0.71376	22.43598	0.0390364953712797	0.021515876601944	-0.0200680897	-0.0420506292	-0.0146015327	-0.0262896998	0.0130268346	-0.0359689793	-0.0011230392	0.0471015504	-0.0037264363	-0.0442522076	0.0407879651	-0.0273110117	-0.0170076314	-0.0284836409	0.0872126599	0.0641822418	-0.1015551489	0.0191096032	-0.0409862864	0.039406287	0.0135879726	0.0765248837	0.0760426167	-0.0430990931	0.0018350473	-0.0345730577	-0.1235287485	-0.0289602849	-0.0316116585	-0.0320017419	0.1567493669	0.0060724364	0.1535480519	0.0769425538	0.0100064035	-0.0483114245	0.0145984303	0.0218366562	-0.0181592082	-0.0302428027	0.1106827982	0.0854884835	-0.0022381957	0.0136296536	0.0468394558	0.0204360403	0.0212314934	0.0226533807	0.0100316499	0.0394403531	0.1479738694	-0.1156790791	0.0077214521	0.0994734213	-0.0030419939	-0.0394928553	-0.033569263	0.0111908935	0.0445962729	-0.0371861129	0.0031740454	0.01596581	-0.0262052408	0.0710727558	0.0240594785	0.0012517104	0.0560751755	0.0014460939	0.024709644	0.0180633903	0.0245781706	0.09604668	-0.0223054986	-0.0086963377	0.1193640485	0.0443964885	0.0678235166	-0.0901692914	0.0284919163	-0.1165232592	-0.0799246852	0.0812449131	0.0056777758363324	0.0092283726565085	3.223713844764009e-05	8.516286188739377e-05	0.0687471417850105	-0.0170086751433018	0.0002892950301303	0.0047261695036083	0.0500307501794381	0.0024034572694944	5.776606846285495e-06	0.0025030759635173	0.0019249062681032	-9.71012837000778e-08	3.705264140982988e-06	9.428659296202994e-15	-0.0010346105075846	1.1811337208799972e-05	1.0704189024044636e-06	1.3950768665998269e-10	-0.0011520051984866	-0.0001960113675469	1.3271159773401506e-06	3.8420456207645113e-08	0.0	0.0	0.0	0.0	0.0	0.0	0.0	0.0	0.0	0.0	0.0	0.0	0.0	0.0	0.0	0.0	0.0	0.0	0.0	0.0	0.0	0.0	0.0	0.0	0.0	0.0
860.1479378571634	-1.361988972960262	739854.4749999306	1.855013962465349	1281.9831341425577	9.92064901987692	1643480.756225975	98.41927697558486	852.693764620049	-0.3035565516745464	0.0921465800645415	727086.6562219115	891.1815539266361	741.2106296250669	0.7748629999999999	24.356638	0.0903689865813164	0.0551909849125518	-0.0022235319	-0.0135212418	-0.0382035118	-6.00191e-05	0.0339402735	-0.0251965878	0.01626901	0.0181811532	-0.0125585701	-0.030566061	0.0586293902	-0.0055623615	0.0067064559	-0.0159966507	0.0107495333	0.0465003752	-0.0864080919	0.1060774787	-0.0388852641	0.1483470794	0.0680440765	-0.0338238678	0.0061694527	-0.0408570157	0.0477316546	-0.0018619014	-0.0328804988	0.0862043258	0.0109496271	-0.0490867249	-0.0414557347	-0.2276963955	0.1079874087	-0.1402400526	-0.0047131242	-0.0558169254	0.0163987492	-0.0012700779	0.0064338924	-0.0395119271	0.0407377095	0.0362473138	0.0118706076	-0.0154359191	-0.0963660437	-0.0397526153	-0.0264274038	0.0617617285	-0.0308433132	-0.0436651323	0.1256186187	-0.0916902233	0.0147107463	0.0682109449	-0.0036678147	-0.0352103966	-0.0195248537	-0.0124287647	0.0502449124	-0.0421679076	0.0047723401	0.0245348046	-0.0133310431	0.0746165528	-0.00144301	0.0244689469	-0.0029336242	0.0606305404	0.0183881044	-0.0120524442	0.0396572598	0.0400931672	-0.0234293184	-0.0018527704	0.0204434964	0.0097401177	0.0343227607	-0.1414491104	0.0251860523	-0.1192723348	-0.0717238087	0.0912870929	0.0074238950406311	0.0017461192042986	5.511421757430704e-05	3.048932275620723e-06	0.0927252451480455	0.023978103363035	0.0005749494408883	0.0085979710877651	0.0984258804993558	0.0483951303199177	0.0023420886386818	0.0096876539520734	0.0022308961683565	0.0003059899002533	4.976897713987714e-06	9.362981905702467e-08	-0.0010512889577094	-1.6678450124799852e-05	1.1052084726017164e-06	2.7817069856543617e-10	-0.0011543295219898	-2.324323503200085e-06	1.3324766453372005e-06	5.402479747528318e-12	0.0	0.0	0.0	0.0	0.0	0.0	0.0	0.0	0.0	0.0	0.0	0.0	0.0	0.0	0.0	0.0	0.0	0.0	0.0	0.0	0.0	0.0	0.0	0.0	0.0	0.0
857.6669632194329	-2.480974637730469	735592.6197980441	6.155235153061833	1275.6201749165853	-6.362959225972418	1627206.8306542195	40.48725011138751	851.654036860503	-1.0397277595460537	1.0810338139706563	725314.598500791	889.8964586272348	724.7655869973462	0.692861	21.779026	0.0756409743012061	0.0361562503797137	0.002846317	0.0210784475	-0.0483560352	-0.0126835799	0.0281913291	-0.0511722655	-0.0061169205	0.0226361077	0.0069732586	0.0124067486	0.0315941857	-0.053363858	0.0355807606	-0.0175277928	0.0030786735	0.0046949164	-0.0696749354	0.0805890405	0.0430005469	0.1101628972	0.1562875649	0.0768995274	-0.0216718161	-0.0392575375	0.0409297706	-0.0640560388	-0.0526253045	0.0244497407	-0.0935106689	0.0371927908	0.1180622598	-0.0049243623	0.0023929682	-0.0448196637	0.0074066494	-0.0263490926	0.0400607845	-0.0314322569	-0.0021313613	-0.0207665707	0.0290606571	0.0045387367	0.0235491534	-0.0516247357	-0.0612855804	-0.070459048	0.0294772828	0.0040061862	0.0004223044	-0.080675253	0.0936442234	-0.1248993562	0.0338437371	0.0613361961	-0.0071926481	-0.0307512153	-0.0158526305	-0.0166578345	0.0417648488	-0.0329776627	0.0070533451	-0.0067004303	-0.0319467725	0.0464457491	0.0158598159	0.0419552481	-0.0126904751	0.0632716366	0.0263482096	-0.0305735163	-0.0150946678	-0.0573352565	0.000388094	-0.01252781	-0.0656483899	0.024694606	-0.0524900943	-0.1390944601	0.0218629269	-0.1216944932	-0.063080731	0.1003291122	0.0037701991624459	-0.0036536958781851	1.4214401724507766e-05	1.3349493570267518e-05	0.0745740877705714	-0.0181511573774741	0.0003294645141418	0.0055612945668128	0.1215950455997827	0.0231691651004268	0.0005368102114508	0.0147853551144132	0.0023250658506218	9.416968226529966e-05	5.4059312097276735e-06	8.867929057947494e-09	-0.0006740083308367	0.0003772806268726	4.542872300372744e-07	1.4234067141345744e-07	-0.0012962183317542	-0.0001418888097644	1.6801819635756416e-06	2.0132434336358098e-08	0.0	0.0	0.0	0.0	0.0	0.0	0.0	0.0	0.0	0.0	0.0	0.0	0.0	0.0	0.0	0.0	0.0	0.0	0.0	0.0	0.0	0.0	0.0	0.0	0.0	0.0
856.1591623769904	-1.5078008424425209	733008.5113220698	2.273463380470375	1283.4377278963725	7.817552979787251	1647212.401387803	61.11413459178053	851.6637573005617	0.0097204400586861	9.44869549345096e-05	725331.15549931	890.7672148889499	721.6226511918206	0.7471999999999999	23.487095	0.0817942992247293	0.0469913022025496	0.006085161	0.046702691	-0.0264384681	0.0044098284	-0.0014469463	-0.0319679269	0.0725455117	-0.0306571191	0.0084381363	-0.0023535403	0.0370712479	-0.0116784826	0.0194971913	-0.0514158817	-0.0407021841	-0.0584177899	0.0023141505	0.0721026324	-0.0204419518	0.0040629936	0.0727567282	0.1543846968	0.0471637395	0.1285760707	0.0632009726	-0.1249617903	-0.0097123966	0.0814511484	0.0540661745	0.168567878	-0.0708110029	-0.0958171791	0.073492975	-0.016550419	0.0038890131	-0.0364355268	0.025722188	-0.0263677311	0.0082946825	-0.0683292904	-0.0182124477	-0.0196062876	-0.0383160618	-0.0400158135	-0.0795946406	-0.0850352045	-0.0293491844	-0.0576768596	0.082097055	-0.0969318084	-0.0050805362	-0.0395378247	0.0898717641	-0.1262844308	-0.0060830883	-0.0331394639	-0.0009568329	-0.0274220259	0.0521353583	-0.0394407513	0.0026843643	-0.0036986579	-0.0170608019	0.0438423244	0.0052969439	-0.0040339945	-0.0170049313	0.0624858073	0.0583600283	0.0183665159	-0.0289566763	-0.0706182309	0.0055862921	-0.0369515538	-0.1235306249	0.0184837721	-0.0576847016	-0.1379634949	0.0185248178	-0.1237830955	-0.0540487397	0.1082719048	0.003511628670779	-0.0002585704916668	1.2331535921437088e-05	6.685869916086239e-08	0.0924103072220532	0.0178362194514818	0.0003181307243214	0.0085396648808742	0.1575334685286833	0.0359384229289006	0.0012915702426165	0.0248167937066776	0.001925117330245	-0.0003999485203767	3.706076735209637e-06	1.599588189515915e-07	-0.0006731000885848	9.082422518999488e-07	4.5306372925286563e-07	8.249039881362902e-13	-0.0011418533673293	0.0001543649644249	1.303829112481261e-06	2.3828542241900683e-08	0.0	0.0	0.0	0.0	0.0	0.0	0.0	0.0	0.0	0.0	0.0	0.0	0.0	0.0	0.0	0.0	0.0	0.0	0.0	0.0	0.0	0.0	0.0	0.0	0.0	0.0
856.1609669179121	0.0018045409217393	733011.6012738142	3.2563679382317844e-06	1278.9754026412963	-4.462325255076166	1635778.080561466	19.91234668209057	850.9109138429627	-0.7528434575989422	0.5667732716495303	724049.383297066	888.964131775671	711.7969208972829	0.732921	23.038252	0.057474293629578	0.030151117577033	0.0164827534	0.0651625795	-0.0312102951	-0.0011569486	0.0030976089	-0.0519786711	0.0259531445	-0.0573933094	0.0191236452	0.0189069708	0.0636253777	-0.042466432	0.0491925888	-0.0654916018	0.0198039818	0.0018306304	8.54952e-05	-0.0364700881	-0.0556024434	0.043547046	0.0144581389	-0.0293785241	0.0312768165	-0.0439913757	0.0578896153	0.1310467987	-0.0634805703	0.0587478513	-0.0060268709	0.1017858794	-0.0887457605	-0.0304930019	0.0145339251	0.0282650148	0.0068763741	-0.0244714434	0.061648049	-0.0329946454	-0.0005572261	-0.0664371469	0.0530918644	0.0070435371	0.0052183187	-0.048122514	-0.0256807857	-0.0099533506	0.0094429257	-0.0584131674	0.0088698227	0.0307159023	-0.0303286451	0.0472384998	0.0792739134	-0.1115873618	-0.0050785378	-0.0371430096	-0.0059591051	-0.0299228815	0.0571122569	-0.0226246661	-0.0151450542	-0.015187953	-0.0217034513	0.051511117	0.0108506428	-0.0205067496	0.0212183091	-0.0001845231	0.0706410836	0.0437527826	-0.0291513185	-0.0271505438	-0.0023529328	-0.0230479581	-0.1175241164	0.0684953611	-0.0822500811	-0.0160423343	0.0151740128	-0.1255324169	-0.0446835199	0.1150284477	0.0038065079360336	0.0002948792652545	1.4489502667086776e-05	8.69537810770925e-08	0.1093445393778864	0.0169342321558331	0.0002867682187076	0.0119562282917621	0.1594551333841636	0.0019216648554802	3.6927958167880736e-06	0.0254259395625614	0.0015029311996951	-0.0004221861305499	2.2588021910169524e-06	1.7824112882869725e-07	-0.0009229300044859	-0.0002498299159011	8.517997931803434e-07	6.24149868791507e-08	-0.0012363076679385	-9.445430060919995e-05	1.5284566498035323e-06	8.921614903573113e-09	0.0	0.0	0.0	0.0	0.0	0.0	0.0	0.0	0.0	0.0	0.0	0.0	0.0	0.0	0.0	0.0	0.0	0.0	0.0	0.0	0.0	0.0	0.0	0.0	0.0	0.0
857.3293207089986	1.1683537910864743	735013.5641473529	1.3650505811461369	1273.1668013890585	-5.80860125223785	1620953.7041592463	33.73984850749911	851.4930440976639	0.5821302547011555	0.3388756334384322	725040.4041467061	889.3901784478867	722.319765601909	0.822509	25.854311	0.0692520793367576	0.0352111303859638	0.0025044287	0.0474461582	-0.0461236917	-0.0171733207	0.0013176607	-0.0409781869	-0.0093962517	-0.0362577354	0.0189191461	0.0039578429	0.0612644847	0.0206888373	0.0660511888	-0.0761329735	-0.0184134192	-0.0319909212	0.1260057394	0.0644495116	0.0449707974	-0.0820218163	0.0513108946	-0.037590463	0.0910737692	0.1354349573	0.1198670692	0.0974943635	0.0364701248	-0.0096853607	0.219207896	-0.0032279469	0.0707376959	-0.0338936768	-0.1711266749	-0.0969379542	0.0221079898	-0.0302671985	0.0397487386	-0.0261806304	0.0296252137	-0.0330255713	-0.0198700992	-0.1242848466	0.0043317207	0.0392212403	-0.0129528602	0.0674948195	0.0058366344	0.0012815302	0.0646464383	-0.0807979535	-0.0053182791	0.1275973389	0.0710051232	-0.0774369228	-0.0045563051	-0.0382639644	-0.0184886582	-0.0271795427	0.0523415448	-0.0175273232	0.0141189264	-0.0146052378	0.0004248152	0.0481013333	0.0078871707	-0.0409259372	0.0116894764	-0.0294573176	0.0538048709	0.0543916255	-0.0209753379	-0.0055794954	0.0194158891	-0.0013497739	-0.1225850722	0.024194336	-0.0618781818	0.06753154	0.0118128082	-0.1269376627	-0.0350428114	0.1205247148	0.0034308809561167	-0.0003756269799168	1.177094413504424e-05	1.4109562804149104e-07	0.0983067799681691	-0.0110377594097172	0.0001218321327868	0.00966422298771	0.163200936270357	0.0037458028861934	1.403103926221493e-05	0.0266345455995211	0.0010497122532418	-0.0004532189464532	1.1018958146059772e-06	2.054074134242391e-07	-0.0006719512068273	0.0002509787976586	4.51518424356665e-07	6.299035687415647e-08	-0.0008586476108318	0.0003776600571066	7.372757195871583e-07	1.4262711873383586e-07	0.0	0.0	0.0	0.0	0.0	0.0	0.0	0.0	0.0	0.0	0.0	0.0	0.0	0.0	0.0	0.0	0.0	0.0	0.0	0.0	0.0	0.0	0.0	0.0	0.0	0.0
862.2491452414354	4.919824532436792	743473.5884695859	24.204673429966896	1275.7504968643188	2.583695475260356	1627539.3302495563	6.675482308880837	853.9755128135977	2.482468715933805	6.162650925590037	729274.1764852471	891.1623055138576	729.8082210725071	0.909819	28.598799	0.089491467780015	0.0516530814362904	-0.0122318112	-0.0134480758	-0.0197163519	-0.0317204236	-0.0214569627	0.0085274571	-0.0121317887	0.0384417637	0.0048789425	-0.0430722918	0.0108898725	-0.0297368103	-0.0020972719	0.0062490716	-0.0165840628	0.1279456068	-0.0199357102	0.0224246885	-0.0250786803	-0.0562995365	-0.0870039234	0.0003699293	0.0250632706	0.1016025068	-0.2127736801	-0.0375659954	0.0237492728	-0.0532468304	0.0521627515	-0.1185575352	-0.0255124522	-0.0042673538	-0.2279359335	-0.0977253331	0.0169928456	-0.0380806344	-0.0053950071	-0.0057265322	-0.0402468507	-0.0230292386	0.0218432788	0.0413274447	0.0043470042	0.1021017269	0.0535405759	0.0298600611	0.005100758	0.0916539183	0.0562776406	0.1378769997	-0.072015417	0.1234939659	0.0583119041	0.1262180438	-0.013296347	-0.0285108267	-0.0211967253	0.0010035757	0.0340967098	-0.0070638622	0.0140516115	-0.0052444676	0.0125938506	0.0602227501	-0.0020871209	-0.0278208118	0.0385411642	-0.0144174823	-0.0331692168	-0.0014963536	-0.0205711349	0.0445812204	0.0441184116	-0.0001476566	0.0940513158	0.10314889	-0.0474199196	0.037970047	0.0084435077	-0.1279949812	-0.0251860523	0.124700488	-0.0352071640435269	-0.0386380449996436	0.0012395443999878	0.0014928985213944	0.0918434063066087	-0.0064633736615603	4.1775199088952666e-05	0.0084352112820008	0.137414534242616	-0.025786402027741	0.0006649385295362	0.018882754221115	0.0010620918684403	1.237961519849986e-05	1.1280391370070075e-06	1.5325487246292874e-10	-0.0006721478234377	-1.9661661039994255e-07	4.517826965520375e-07	3.8658091485162803e-14	-0.0012181443208443	-0.0003594967100124	1.4838755864052206e-06	1.2923788450981146e-07	0.0	0.0	0.0	0.0	0.0	0.0	0.0	0.0	0.0	0.0	0.0	0.0	0.0	0.0	0.0	0.0	0.0	0.0	0.0	0.0	0.0	0.0	0.0	0.0	0.0	0.0
862.8420889264204	0.5929436849850163	744496.4704229088	0.3515822135636102	1284.413118426005	8.662621561686137	1649717.0587848148	75.04101232098957	854.5778138863024	0.6023010727046767	0.3627665821812042	730303.2399866916	892.1602229312925	749.492702086279	0.835331	26.257368	0.0726150476048563	0.0353671916336596	-0.02526239	-0.0595898935	-0.0427698349	-0.0188032892	0.0149773139	-0.009662604	0.0257159335	0.0199746614	-0.0013159917	-0.0571196419	-0.0019005636	-0.0253631004	-0.0238287226	0.0253738552	0.0091593522	0.0659884279	-0.0540835933	0.0554564502	0.0051243207	0.1158358473	-0.0364391045	0.001782229	0.0270194206	-0.0533374559	-0.0192679114	-0.0412541348	0.0064378333	0.2247823469	-0.15403451	-0.0416729155	-0.0588332419	0.2561777547	-0.0998709199	0.0532477345	0.0206909675	-0.0356999228	-0.0196287771	-0.0052498482	-0.0167079643	0.0206209285	0.0045957781	0.0340384006	0.0280745949	0.0314800188	-0.0230035033	-0.0354658118	0.0348875816	0.0642588079	-0.0048295797	0.0719083077	0.1379646277	-0.0032343257	0.0451657996	0.1259118628	-0.0140789218	-0.0134076411	-0.0351497048	-0.0108764959	0.0319656917	0.0040235555	0.0236921728	0.0058677941	0.0195009468	0.0536375888	-0.013973514	0.0173256476	0.0229864917	0.0326226898	-0.0171836611	0.0019496071	-0.0060439186	0.0154823733	0.0549112752	-0.0248822661	0.0622374505	-0.0185908612	0.0978339286	0.0220952934	0.0050684204	-0.1287014744	-0.0151740128	0.1275100165	-0.0575491099021263	-0.0223419458585993	0.003311900050527	0.0004991625447485	0.1065006522588163	0.0146572459522076	0.0002148348589035	0.0113423889315533	0.1373094587742116	-0.0001050754684043	1.1040854060400044e-08	0.0188538874688669	0.0007427516218424	-0.0003193402465978	5.516799717495156e-07	1.0197819309720757e-07	-0.0003779883855279	0.0002941594379097	1.4287521959398838e-07	8.652977491140946e-08	-0.0013148602428495	-9.671592200520008e-05	1.728857458226246e-06	9.353969569315948e-09	0.0	0.0	0.0	0.0	0.0	0.0	0.0	0.0	0.0	0.0	0.0	0.0	0.0	0.0	0.0	0.0	0.0	0.0	0.0	0.0	0.0	0.0	0.0	0.0	0.0	0.0
859.790749037806	-3.051339888614393	739240.1321309914	9.310675115849298	1281.084873898824	-3.328244527180914	1641178.454132366	11.077211632709703	852.2381563645	-2.339657521802337	5.473997319326254	726309.875163562	889.4473885216701	726.2998845504105	0.860236	27.040209	0.1270131831042457	0.064561041700372	-0.0115966305	-0.0017931723	-0.0301665326	-0.006372156	0.0434879816	-0.0616396377	0.0149614307	-0.0297771506	0.0123118936	0.0185719194	0.0233306977	0.0281952233	0.0286818328	0.0064803313	-0.0353048419	0.0705422941	-0.0938629665	0.0363976679	0.0162727185	0.0030386665	-0.1476290467	-0.0247777879	0.0001479441	0.003081867	-0.213885117	0.0077994567	0.0006080126	0.0315407458	0.0457375769	0.0697534583	0.0427438642	-0.1220515982	0.289477282	-0.0085465493	0.0067968457	-0.0075111385	0.0401276576	0.0102543971	0.0417604509	-0.0666618931	0.0124490517	0.1318876482	-0.0228925456	0.0137766509	-0.0495470029	-0.062954213	-0.0324533875	-0.0025431006	0.043196231	0.0669468116	0.0934806636	-0.0845601852	0.0116595783	-0.034984163	-0.018653758	-0.0017535864	-0.0122993035	-0.0280718353	0.0239940396	-0.0065726504	0.0229826551	-0.0088966432	0.0206246248	0.0542126906	0.0025055323	0.0210939768	0.0361204241	0.0850132705	-0.0738080378	-0.0302804259	-0.0347096269	-0.0421152209	0.0638997181	-0.0280356512	0.0240590387	0.0058670762	0.0060737982	0.0505104621	0.0016898595	-0.1290552057	-0.0050684204	0.1289225186	-0.0844837362451329	-0.0269346263430066	0.0071375016899371	0.0007254740962373	0.1115597509009234	0.0050590986421071	2.559447907056992e-05	0.012445578021076	0.1883770994313636	0.051067640657152	0.002607903922288	0.0354859315901738	0.0010707542272981	0.0003280026054557	1.1465146152767512e-06	1.0758570918572762e-07	-0.0002789458601448	9.90425253831e-05	7.781079289192234e-08	9.80942183426201e-09	-0.0017668514612503	-0.0004519912184007	3.1217640861223203e-06	2.0429606151143966e-07	0.0	0.0	0.0	0.0	0.0	0.0	0.0	0.0	0.0	0.0	0.0	0.0	0.0	0.0	0.0	0.0	0.0	0.0	0.0	0.0	0.0	0.0	0.0	0.0	0.0	0.0
862.1668295200444	2.3760804822384216	743331.6419246453	5.64575845807437	1286.1330007870993	5.048126888275192	1654138.0957136287	25.48358508012697	853.7033253514489	1.4651689869489246	2.146720160316938	728809.3677161218	890.6537549266287	723.2698766556255	0.83948	26.387796	0.0580134204974481	0.0280977813545429	-0.007682664	-0.0101095109	-0.053249885	-0.0054646483	0.0268705738	0.0272370282	0.0140719909	-0.0052168435	-0.0045768496	-0.018333715	0.0076626471	0.0112157565	0.0370897107	0.0091389951	-0.0231810874	0.0430665562	0.0004942325	-0.0133233812	-0.0549729579	0.0692691319	0.0726598481	9.68077e-05	0.113438903	0.0964442023	-0.2273293181	0.0286475191	0.0286831533	0.1204315919	-0.0495391323	0.0375973582	-0.1024079891	0.1845757752	0.0672754914	-0.027252071	0.0079534537	-0.0190241298	-0.0008600973	-0.006868157	0.0143404426	-0.0045868284	-0.012876475	0.0251565008	0.0588179983	-0.0491063381	-0.0730827522	-0.0480063197	0.0309477297	-0.0474047848	0.1366829783	0.0471671959	0.0038850057	0.0072435494	0.2164485671	-0.0167128205	-0.0167338979	-0.0004564376	-0.005112375	-0.0243565535	0.0303012547	0.0048193706	0.0236447875	-0.01052007	0.0023931852	0.0487853709	-0.0282632107	0.0148571199	-0.0013317806	0.1059785885	0.0168283066	-0.0039758334	0.0143270871	-0.0756652573	0.0151171207	0.0030943187	-0.1434434089	-0.0065797824	0.0304309638	0.0555136346	-0.0016898595	-0.1290552057	0.0050684204	0.1289225186	-0.0716552203779912	0.0128285158671417	0.0051344706074184	0.0001645708193535	0.0920024720482501	-0.0195572788526733	0.0003824871561212	0.008464454862989	0.1806527609054455	-0.0077243385259181	5.966540566298279e-05	0.03263542002276	0.001198052318335	0.0001272980910369	1.4353293574678683e-06	1.6204803981638905e-08	-0.0005090588310689	-0.000230112970924	2.591408934892349e-07	5.2951979387515674e-08	-0.001766196778177	6.54683073299852e-07	3.119451059242815e-06	4.2860992646533933e-13	0.0	0.0	0.0	0.0	0.0	0.0	0.0	0.0	0.0	0.0	0.0	0.0	0.0	0.0	0.0	0.0	0.0	0.0	0.0	0.0	0.0	0.0	0.0	0.0	0.0	0.0
858.8088742650606	-3.3579552549838354	737552.6825164206	11.275863494473557	1280.3824582417806	-5.750542545318695	1639379.239373265	33.06873956552041	851.8687010535898	-1.8346242978591365	3.365846314295129	725680.2838347304	890.6075855014907	729.7530488636353	0.884115	27.790808	0.0745095775099414	0.0466039423890544	-0.0055515931	0.0145080131	-0.0408092478	-0.0194458605	-0.0127859001	-0.0412494137	-0.0180465698	-0.0088367909	0.0291643275	0.0340161271	0.0102599935	-0.0047809422	-0.0046379296	0.0045302497	-0.0013708794	0.0304953619	0.0624196696	-0.0816655376	-0.0234718116	-0.0233450804	0.0492924391	0.0373466152	0.1188730426	-0.0506858041	0.0534841384	0.1365271481	-0.0591147179	0.2241639543	-0.0234620543	-0.007795909	-0.021298174	-0.0370278969	-0.130045157	-0.0429382637	0.0222924448	0.0138973429	0.0338772443	-0.0095873858	0.0126932058	0.0316285379	-0.0194398866	-0.0682335908	0.0453383593	0.0070942051	-0.0005102741	0.0812195406	0.0373036577	-0.0354742142	-0.0106828967	0.0019705817	0.0559178582	0.0173483605	0.0916221982	-0.0376852488	-0.0158291698	-0.0022084521	-0.0149927676	-0.0314148311	0.0226143352	0.0214847062	0.0213101451	-0.0338075822	0.0022732904	0.0314886621	-0.0149518078	0.0224299558	-0.0031132533	0.0244141379	0.0089860427	0.019569304	-0.0179031137	-0.0658370695	0.0512980037	0.0006904139	-0.1115865366	-0.038062752	0.0554637223	0.1371511573	-0.0050684204	-0.1287014744	0.0151740128	0.1275100165	-0.0663892788640652	0.0052659415139259	0.0044075363480906	2.77301400280892e-05	0.0918243350822933	-0.0001781369659567	3.1732778640292725e-08	0.0084317085133052	0.2010581957115391	0.0204054348060936	0.0004163817696257	0.0404243980627795	0.0004517501791301	-0.0007463021392049	2.0407822434407746e-07	5.569668829818101e-07	-0.0002828989804954	0.0002261598505734	8.003183316533673e-08	5.1148278011427836e-08	-0.0017669360728779	-7.392947009000027e-07	3.122063085637176e-06	5.465566547788244e-13	0.0	0.0	0.0	0.0	0.0	0.0	0.0	0.0	0.0	0.0	0.0	0.0	0.0	0.0	0.0	0.0	0.0	0.0	0.0	0.0	0.0	0.0	0.0	0.0	0.0	0.0
859.3179251693226	0.5090509042620397	738427.2965173095	0.2591328231300003	1284.6918849945068	4.309426752726267	1650433.239370739	18.571158937112862	852.5287868056187	0.6600857520288628	0.4357132000315093	726805.33233226	890.6151254418514	716.7132954665732	0.759719	23.880611	0.0770179242887625	0.0462216392725376	0.00091767	0.0260851524	-0.0373465524	-0.0019254418	0.0173428328	-0.024181831	0.0262165761	-0.03827334	0.0150431686	0.0256935285	0.0296383394	-0.0009408999	0.0173528698	-0.0171776894	-0.0170986167	0.0458313629	-0.0141927992	-0.0734686435	-0.0684162514	0.0114625713	0.0557843353	-0.0031639931	-0.0016971504	-0.0317662322	0.1118651575	0.0712936388	0.0528567477	-0.0086162915	0.0080113111	0.1386822959	0.1212780969	-0.0248488533	-0.0354080915	0.008080614	0.0070000842	-0.0070193539	0.0429847617	-0.0017081257	0.0055573363	-0.019721822	0.0225804998	0.021614603	0.0470056329	-0.0063441049	-0.0006593875	0.0675129433	-0.0351487476	-0.0250400068	-0.0172279454	0.0135798896	-0.0070812283	-0.0808372349	0.0279869029	-0.1242972967	-0.0121689168	0.0001446833	-0.0100254031	-0.0398049836	0.0219294361	0.0145545904	0.0111947017	-0.0200103908	0.0145536959	0.026809785	-0.0139618201	-0.0070459387	0.0161248746	0.0071073812	-0.0285845829	0.0049722449	-0.0232381937	-0.0490441763	0.0108351903	0.0263387839	-0.0382330561	-0.0191118839	0.0652299083	0.1363909833	-0.0084435077	-0.1279949812	0.0251860523	0.124700488	-0.0673488558643384	-0.0009595770002732	0.0045358683862354	9.207880194533152e-07	0.1092995444676034	0.01747520938531	0.0003053829430604	0.0119463904208256	0.2412697025804533	0.0402115068689142	0.0016169652846687	0.0582110693832603	0.0004313621786311	-2.038800049900002e-05	1.8607332915336906e-07	4.15670564347225e-10	-0.0001813283636376	0.0001015706168577	3.28799754594897e-08	1.0316590208874004e-08	-0.0015214620695494	0.0002454740033285	2.314846829077543e-06	6.025748631012049e-08	0.0	0.0	0.0	0.0	0.0	0.0	0.0	0.0	0.0	0.0	0.0	0.0	0.0	0.0	0.0	0.0	0.0	0.0	0.0	0.0	0.0	0.0	0.0	0.0	0.0	0.0
857.8891535820186	-1.428771587304027	735973.7998336722	2.041388248687269	1283.7581658045451	-0.933719189961721	1648035.02826985	0.8718315257027724	852.8420882350715	0.3133014294528493	0.0981577856971987	727339.6274651575	890.7283161345897	719.1104878852703	0.767572	24.127453	0.0570677907269131	0.0288339976372351	-0.0042802199	0.0200031983	-0.0155453885	0.0047399281	-0.0004375387	-0.0094452321	7.0597e-06	-0.0082982661	0.0329550556	0.0094296028	-0.0148779518	0.0124776666	0.0818052757	0.005865232	-0.0420635252	-0.0256916261	-0.0153947907	0.0552895305	-0.1055541671	-0.0942537828	-0.0463596155	0.1447824724	-0.133231298	0.0667340374	-0.0224601795	-0.0935787917	0.0215276618	-0.0553552819	0.0892215642	0.0460112215	0.1152887776	0.0232224497	-0.1318128024	-0.1255988894	0.0241355167	0.0053775889	0.0060981671	-0.0392674805	0.0203489329	-0.0510056345	-0.0183274217	0.0178038813	-0.0742842016	0.0084740557	-0.0171074694	-0.0764113198	-0.0918550416	-0.0538616069	0.0490933892	0.0161668948	-0.183332402	0.031069306	0.0041926176	0.0218891094	-0.0069309008	-0.0018224129	-0.0082492467	-0.0318710324	0.0176917918	0.0081248592	0.0102902043	-0.0090955406	0.0280699675	0.0150368518	0.0060133985	-0.0093678768	0.0376429411	-0.024760218	-0.0911416852	-0.0363345539	-0.0532934141	-0.0062593536	0.0557834352	-0.0130185927	0.0072795017	0.0328618773	-0.0211772389	0.0155307347	-0.0118128082	-0.1269376627	0.0350428114	0.1205247148	-0.0685258929010359	-0.0011770370366974	0.0046957979978842	1.3854161857576274e-06	0.0915245099452448	-0.0177750345223585	0.000315951852271	0.0083767359207172	0.2594124162887894	0.0181427137083361	0.0003291580607026	0.0672948017247881	0.0003150152460041	-0.000116346932627	9.923460521502365e-08	1.353660873171168e-08	1.824718096021805e-05	0.0001995755445978	3.329596129949441e-10	3.983039800151566e-08	-0.001604999701515	-8.353763196559992e-05	2.5760240418632382e-06	6.978535954420022e-09	0.0	0.0	0.0	0.0	0.0	0.0	0.0	0.0	0.0	0.0	0.0	0.0	0.0	0.0	0.0	0.0	0.0	0.0	0.0	0.0	0.0	0.0	0.0	0.0	0.0	0.0
857.5403200470533	-0.3488335349652516	735375.4005064027	0.1216848351163534	1283.0346909205118	-0.7234748840332941	1646178.0181054934	0.5234159078269883	852.6355999140776	-0.2064883209939125	0.042637426706885	726987.466240839	890.2508255850458	711.8167536058796	0.813094	25.558365	0.0779530282781235	0.0354009064019563	0.0154603604	0.0501931432	-0.0272833351	0.00798105	0.0126964571	-0.0432231773	0.0202873107	-0.0410446935	-0.0026592318	0.0134820871	0.0390920309	0.0015822555	-0.0098147305	-0.0093543787	-0.0418663695	0.000478696	0.1013727529	-0.003164774	0.1369781559	-0.0123785247	0.0143947572	0.0826650472	0.0485942515	-0.1213615201	-0.0529960439	-0.1440376134	-0.0538282735	0.0342046779	-0.1661506058	-0.0518498512	0.0124115617	0.0820663802	-0.0518571543	0.0029428374	0.002329596	-0.0151023002	0.0361386023	-0.0069426588	0.0178840734	0.006668291	-0.0368059892	-0.0391716231	0.0258098175	0.0448850608	0.0633159806	-0.0227633059	0.0429639853	-0.0279562972	-0.02544861	0.033581893	0.0709277338	0.0678017229	-0.0276486645	0.1281649456	0.0044530081	-0.0099249368	-0.0075443496	-0.0371581614	0.0158838727	0.0172698827	-0.0030156722	0.0229038626	0.0136476399	-0.003158454	0.0340568334	-0.062456252	0.0378636566	-0.0068021765	0.0005414054	0.0073616521	0.0181103177	-0.0504415104	0.0397665644	-0.0599909714	-0.0438217857	0.0038348133	0.0295334608	0.0607538675	-0.0151740128	-0.1255324169	0.0446835199	0.1150284477	-0.056002815683783	0.0125230772172529	0.0031363153645117	0.0001568274629892	0.1144039381126731	0.0228794281674283	0.0005234682332685	0.0130882610556883	0.2777593945636312	0.0183469782748417	0.0003366116118175	0.0771502812683549	0.0005199617462965	0.0002049465002923	2.703602176117058e-07	4.20030679821027e-08	-5.486371722729366e-05	-7.311089818751171e-05	3.0100274679964394e-09	5.345203433784703e-09	-0.0013989862076229	0.000206013493892	1.957162409119104e-06	4.2441559665630266e-08	0.0	0.0	0.0	0.0	0.0	0.0	0.0	0.0	0.0	0.0	0.0	0.0	0.0	0.0	0.0	0.0	0.0	0.0	0.0	0.0	0.0	0.0	0.0	0.0	0.0	0.0
857.5008219867417	-0.0394980603116437	735307.6597079376	0.0015600967683822	1275.426824951172	-7.607865969339855	1626713.5858050275	57.87962460743945	852.2308265390323	-0.4047733750453517	0.1638414851456049	726297.381703402	890.0988956441807	707.3261905686743	0.739602	23.248262	0.0547776515293202	0.0277599708871863	0.0073784978	0.0361666746	-0.0116068521	-0.0202669197	-0.0029857047	-0.0556094633	-0.0267757562	-0.043523782	-0.0017536829	0.0434039887	0.0291603464	0.0213421097	0.0202072991	0.0116410879	-0.0083380009	0.0111938809	-0.0475766941	-0.0855402958	-0.0463497536	-0.1588223163	-0.0925347086	0.021164991	0.0109453062	-0.0651267215	0.0434861915	-0.0409776601	-0.019137724	0.0401038126	0.112130882	-0.0353081412	-0.1107476522	0.0612363981	0.0188055078	-0.0126396837	-0.0052014134	0.011831643	0.0355912241	0.0055694679	0.0312195995	0.0011794871	0.000526953	0.0161788698	0.0204481687	0.0238000485	0.082580779	0.0464583717	0.0764607478	-0.0152745383	0.0062956959	0.0578847656	-0.0018183324	-0.1316639911	-0.0487115733	-0.061173466	0.0015898675	-0.0032863717	-0.0088103331	-0.0206833724	0.0070608083	0.0222775968	-0.011727384	-0.0118262534	0.0216717681	-0.000196174	0.0247292121	-0.0492228354	0.0304257481	-0.0178360385	-0.0083470737	0.0293343104	-0.0187094184	-0.0559356459	0.018912917	-0.0457152064	-0.040030458	0.0210481924	0.0040168365	0.076051052	-0.0185248178	-0.1237830955	0.0540487397	0.1082719048	-0.0655717303615688	-0.0095689146777857	0.0042996518226102	9.156412811074449e-05	0.1014921825013743	-0.0129117556112988	0.0001667134329659	0.0103006631088922	0.2657264998943844	-0.0120328946692467	0.0001447905541211	0.0706105727461202	0.0001304618915735	-0.0003894998547229	1.7020305152935667e-08	1.517101368292381e-07	-5.409258681021712e-05	7.71130417076542e-07	2.926007947820875e-09	5.946421201406417e-13	-0.0014139969539026	-1.501074627969991e-05	1.9993873856458314e-06	2.2532250387352463e-10	0.0	0.0	0.0	0.0	0.0	0.0	0.0	0.0	0.0	0.0	0.0	0.0	0.0	0.0	0.0	0.0	0.0	0.0	0.0	0.0	0.0	0.0	0.0	0.0	0.0	0.0
859.1417444527954	1.6409224660536663	738124.5370613923	2.6926265395996465	1287.3018678665162	11.875042915344238	1657146.0990126214	141.0166442412674	853.7374913178674	1.506664778835102	2.2700387557822266	728867.7040817257	891.5202938896583	713.756879287751	0.7252929999999999	22.798489	0.0407446295136444	0.0236396223472654	0.0150612132	0.0241677507	-0.0278436877	0.0261752776	0.0021880607	-0.0122943483	0.0242773906	-0.0451251227	-0.0103159953	-0.0059585869	0.0011459663	-0.0125958517	-0.006911687	0.0018598776	-0.0148599907	-0.0009205415	0.0218980249	0.015333689	0.0859294914	-0.0739126652	-0.032441001	0.0140963973	0.0597148999	0.0899364777	-0.0651624147	0.1577527088	0.0929226522	-0.0358106836	0.0563223011	-0.0057821038	0.0336248076	-0.000167567	0.0378432885	0.0624675634	-0.0136268871	-0.0057198016	-0.0020973524	0.0122587619	-0.016939346	-0.014997604	0.0086306213	0.0365278663	0.0117530778	-0.0226983526	-0.0433338628	-0.0397887183	0.0505791461	-0.0030228073	0.0521525673	-0.0285707221	0.0134960065	0.0333820437	0.0648676254	-0.1327632713	0.0098973664	-0.0018762955	-0.0100873343	-0.0223584931	0.0025257821	0.0410988367	-0.0171648847	0.0106552835	0.0184787741	-0.0330558508	-0.0013612414	-0.024042932	0.0280619135	0.021033512	0.0169500471	0.0039309257	0.0077071809	-0.0859987664	-0.004779087	-0.0204387111	-0.1290949419	-0.0293764918	0.0105068434	0.0738768201	-0.0218629269	-0.1216944932	0.063080731	0.1003291122	-0.0575008662589056	0.0080708641026631	0.0033063496205245	6.513884736365738e-05	0.1207219373672217	0.0192297548658473	0.0003697834722005	0.0145737861616953	0.2658768626176453	0.0001503627232609	2.2608948546437188e-08	0.0706905060754022	9.61257894434574e-05	-3.433610213004259e-05	9.240167396127909e-09	1.178967909484715e-09	0.0001774322142147	0.0002315248010249	3.1482190641131193e-08	5.360373348962747e-08	-0.0014140090071851	-1.2053282500128909e-08	1.9994214724005926e-06	1.452816190279138e-16	0.0	0.0	0.0	0.0	0.0	0.0	0.0	0.0	0.0	0.0	0.0	0.0	0.0	0.0	0.0	0.0	0.0	0.0	0.0	0.0	0.0	0.0	0.0	0.0	0.0	0.0
857.8327131636252	-1.309031289170207	735876.9637736664	1.713562916026614	1278.466465886434	-8.835401980082224	1634476.5043961485	78.06432814964089	852.9447764078776	-0.7927149099897406	0.6283969285200425	727514.7916014843	891.0100768158958	717.679471251911	0.769294	24.181591	0.056809219775136	0.0339989669404527	0.0085677099	0.0287622354	-0.0053379343	-0.0046362798	-0.0404617207	0.0040038584	-0.0278097874	-0.0201295011	0.0170757872	0.0217851139	-0.007191114	-0.0472520395	-0.0248435436	-0.0413651819	0.0183889181	-0.0242149703	0.0326599153	-0.0398119962	0.0719061427	-0.1157867103	-0.0508963541	0.0036931974	0.022869614	-0.0380091444	0.1451214006	-0.1123745661	-0.0672141616	-0.0335340265	-0.0476206509	-0.0385592627	0.0125831544	-0.0226175514	-0.1208861765	-0.0046921554	0.004602611	0.0214323886	0.0145473564	-0.0110801471	-0.0472930698	-0.0002368927	-0.0124384207	-0.0583190694	-0.0262004242	0.0374840371	0.0654568914	-0.0041205337	0.0240439999	-0.0175113956	-0.0169247496	-0.0552342135	-0.0688691768	0.0998654721	-0.0869159582	-0.0314416669	0.0139776633	-0.0060882898	-0.0071571482	-0.0120526664	-0.0053686822	0.0480979494	-0.0277756336	-0.0081627506	0.0073169031	-0.0438210784	0.0260880343	-0.0351826228	0.0288285577	-0.0650693049	-0.0017704889	0.0220935518	-0.0429832942	0.0016404096	0.02506615	-0.0044209913	-0.0870782999	0.0227470957	-0.0856405513	0.0924156508	-0.0251860523	-0.1192723348	0.0717238087	0.0912870929	-0.0562679753945332	0.0012328908643724	0.0031660850549997	1.520019883452925e-06	0.1207013837433237	-2.055362389799531e-05	4.22451455340244e-10	0.014568824037553	0.2901157908465706	0.0242389282289252	0.0005875256416869	0.084167172098531	-0.0002909386986025	-0.0003870644880459	8.464532634451632e-08	1.4981891790627908e-07	9.818240539805068e-05	-7.924980881664933e-05	9.639784729747172e-09	6.280532197475469e-09	-0.0012539863628889	0.0001600226442962	1.572481798311332e-06	2.5607246687548172e-08	0.0	0.0	0.0	0.0	0.0	0.0	0.0	0.0	0.0	0.0	0.0	0.0	0.0	0.0	0.0	0.0	0.0	0.0	0.0	0.0	0.0	0.0	0.0	0.0	0.0	0.0
860.7561264689315	2.923413305306326	740901.1092537992	8.546345353642058	1281.953714942932	3.487249056498058	1643405.3272559843	12.160905982046597	853.905308355287	0.9605319474094358	0.9226216219941632	729154.2756373378	892.0594301276603	716.3749422646739	0.724485	22.773106	0.0636209196043509	0.0332328528222682	0.026357223	0.0092287094	-0.0262633227	0.0110205129	-0.0252422056	-0.0053256915	-0.0190339708	-0.0047729572	-0.0146640702	0.0116409574	-0.0073396156	-0.0219168602	-0.0139595354	0.0200405589	0.0007107415	0.0065325148	0.1085904487	-0.0551808782	0.096145729	-0.0651186405	-0.0720203914	-0.076670551	0.0532121557	0.0813296177	-0.037878522	-0.0051165096	-0.0368324586	-0.0310188814	0.0423747839	0.0180486483	-0.1593964979	-0.121927803	-0.0467170123	-0.0199018349	-0.0089197166	0.0109802459	-0.0049735184	-0.0140339321	-0.0049303702	0.0504032706	-0.0273242902	-0.0841105696	0.0520308086	0.0422006724	0.0835386008	0.0437559111	0.0341903169	0.0209918698	0.0287607373	0.0302156812	-0.0056650573	0.1022618526	-0.0676388487	0.0447240536	0.0213577087	-0.0023893075	-0.0161598532	-0.0133083719	-0.007164344	0.0250065701	-0.0267218024	0.0284022952	0.0055601229	-0.0478855817	0.020992678	-0.0380842308	0.018328658	-0.0567741285	0.014522818	0.0275549177	-0.0054747258	0.020285628	0.00545099	0.0393339915	-0.0264645425	-0.031433508	0.0100742193	0.1211019681	-0.0284919163	-0.1165232592	0.0799246852	0.0812449131	-0.0501668955380694	0.0061010798564638	0.0025167174079275	3.72231754149484e-05	0.0914033884294127	-0.029297995313911	0.0008583725294139	0.008354579416378	0.285490911882917	-0.0046248789636536	2.13895054284456e-05	0.0815050607677394	-0.0001840757379713	0.0001068629606311	3.38838773096787e-08	1.1419692354865398e-08	-0.0001068699653286	-0.0002050523707266	1.1421189489336166e-08	4.2046474740619785e-08	-0.0014140103409375	-0.0001600239780486	1.999425244278185e-06	2.5607673550498824e-08	0.0	0.0	0.0	0.0	0.0	0.0	0.0	0.0	0.0	0.0	0.0	0.0	0.0	0.0	0.0	0.0	0.0	0.0	0.0	0.0	0.0	0.0	0.0	0.0	0.0	0.0
860.0405149433847	-0.7156115255468194	739669.6873440823	0.5120998554954461	1282.383895556132	0.4301806132000365	1644508.4555817207	0.1850553599731594	854.1759969312092	0.2706885759221222	0.0732723051347465	729616.633733425	892.0227969383412	718.107783257108	0.695955	21.876278	0.0339709046614357	0.0191725458278375	0.0129484471	-0.0164094403	0.007934284	0.0105283181	-0.0016271724	-0.0181302459	-0.0390547945	0.0160929457	-0.0235769524	-0.0016706159	0.0075545539	0.0020107718	-0.0100897152	0.0535264826	0.0128861299	0.0566776443	0.0166069697	-0.0795353836	0.0373331398	-0.0395457583	0.0107835359	-0.0516144847	-0.0979010471	-0.0510645484	0.0686229394	0.0076492791	-0.088963229	-0.0077325646	0.1475873049	0.0007320163	-0.0391231234	-0.0390753978	0.036680123	0.0567265735	-0.0151074028	0.0014948151	-0.0023595548	0.005234219	-0.0025793232	0.0536573352	0.0052990317	0.012716062	0.0288634188	0.0592035444	0.0692983098	0.025017911	-0.004419367	0.0214203007	-0.0923107805	-0.0056726008	-0.0029416401	-0.0978120144	-0.0719138856	0.0133432365	0.0234608199	0.0069053185	-0.0165049194	-0.0011670804	-0.0228935082	0.0343185013	-0.0216034395	0.0155834679	0.0190740752	-0.0431391155	0.0197662534	-0.0124877257	0.0276751582	-0.0793440913	-0.0589867287	0.0079942761	-0.017510367	0.0246862451	0.0270164464	0.0153330148	0.0669644375	-0.0286294883	0.0173081447	0.113663648	-0.0317782535	-0.1134548014	0.0876327994	0.0703125971	-0.0502696352047138	-0.0001027396666444	0.002527036223615	1.0555439102203234e-08	0.1079438108752555	0.0165404224458427	0.0002735855746869	0.0116518663062729	0.2864919783447348	0.0010010664618178	1.002134060976411e-06	0.0820776536558799	-0.0003190344589562	-0.0001349587209849	1.0178298600147529e-07	1.821385636988009e-08	-5.32964543333847e-05	5.3573510995215295e-05	2.840512044510561e-09	2.870121080354454e-09	-0.001276009051175	0.0001380012897625	1.628199098680524e-06	1.904435597611349e-08	0.0	0.0	0.0	0.0	0.0	0.0	0.0	0.0	0.0	0.0	0.0	0.0	0.0	0.0	0.0	0.0	0.0	0.0	0.0	0.0	0.0	0.0	0.0	0.0	0.0	0.0
863.3142646335797	3.273749690195018	745311.5195198185	10.717437034051976	1288.7590571085611	6.375161552429063	1660899.9072793475	40.64268481956974	854.7702331069828	0.5942361757736307	0.3531166325980693	730632.1514057657	892.4002491756411	722.9077871357737	0.686449	21.577486	0.0682158154971982	0.043803897907178	0.0225149266	-0.0408272707	0.0191591996	0.0269623715	0.0011373776	0.046286873	-0.0159164224	0.0463031508	-0.0284304099	0.0014639331	-0.0427693326	0.0026389801	-0.0467996259	-0.0076167655	0.043697102	0.0341482789	-0.0393038926	-0.0585323753	-0.0401145329	-0.040949259	0.0438878361	0.0583802167	-0.120278834	-0.019728154	-0.081430421	-0.0130206222	-0.0220077507	-0.0713227945	0.0347898464	-0.0804345215	0.0101860222	-0.0842918699	0.222971351	0.1238814717	-0.0223484911	0.0256464316	-0.0300850463	0.0279818398	-0.0264543294	0.0329780261	0.0339311597	0.0335017892	0.0066532893	0.0387322335	0.062852203	0.0241513425	0.0456438133	0.0070643058	-0.0935056027	0.02466088	-0.0629355657	-0.1162837573	-0.0483810142	0.0495292344	0.0326223804	7.08544e-05	-0.0337749892	0.0266573594	-0.0223841336	0.0493169468	-0.0360448442	0.0441141831	0.014822986	-0.0490684105	0.0020147244	-0.0316645944	0.005829655	-0.0313742137	-0.0507453539	-0.0407851468	0.0164108239	0.0127581695	-0.0136280187	0.0155211598	0.1130996969	-0.0147301344	0.029864308	0.0042680565	-0.0350428114	-0.1100753719	0.0948006283	0.0586099215	-0.0354907798262615	0.0147788553784523	0.0012595954526761	0.0002184145662972	0.1091374505658961	0.0011936396906406	1.4247757110726123e-06	0.0119109831160234	0.2472289290610945	-0.0392630492836402	0.0015415870390495	0.0611221433646957	-0.0001840310989537	0.0001350033600025	3.386744538210652e-08	1.8225907211964626e-08	-5.389396684618575e-05	-5.975125128010461e-07	2.9045596624177686e-09	3.5702120295382033e-13	-0.001152004500801	0.000124004550374	1.3271143698657612e-06	1.537712851345793e-08	0.0	0.0	0.0	0.0	0.0	0.0	0.0	0.0	0.0	0.0	0.0	0.0	0.0	0.0	0.0	0.0	0.0	0.0	0.0	0.0	0.0	0.0	0.0	0.0	0.0	0.0
862.9640260117778	-0.35023862180185	744706.9101904563	0.1226670922016593	1286.7358577092489	-2.023199399312261	1655689.1675147563	4.093335809377495	855.5605457394622	0.790312632479413	0.6245940570565397	731983.8474260065	893.0745561037617	734.2347695042507	0.717386	22.549955	0.0530814599587769	0.0273501851358719	0.0031356233	-0.0706560774	0.0263684862	0.0194412026	0.0049092886	0.0108801846	-0.0144336882	0.0245157915	-0.0187265482	-0.0253887039	-0.0448661293	0.0084510777	-0.0752725191	0.0542541351	-0.004306714	0.0280216411	-0.1042661496	-0.0348458674	0.0229783355	0.0680224864	0.0695019087	0.0826340427	-0.1915501185	-0.0548408206	-0.0489264504	-0.0087377429	0.0741034571	-0.0229481556	-0.066658034	0.0160810804	-0.035557118	0.1056090025	-0.0226369662	0.0203169452	-0.0219633819	0.0127476766	-0.0438217149	0.0478075001	-0.0414816326	0.0386465133	0.0112860283	0.0970690177	0.0103390616	0.0207794965	0.0082831037	-0.0734081937	-0.0534349117	0.0225103995	-0.0696099633	-0.0932549423	-0.0283693731	-0.0910658215	-0.0845500566	0.0330750041	0.0312091638	0.0060743782	-0.0311012135	0.0354265503	-0.0353707504	0.053726176	-0.0378619543	0.0262711336	0.0223886423	-0.0674766213	0.0071027865	0.0040669528	0.0285340739	-0.043100018	-0.0784464591	-0.0451801646	-0.0048299762	0.0215698853	0.0114891138	0.025571257	0.1076424801	0.0114875136	0.0054197888	-0.0321786218	-0.0382833527	-0.1063942335	0.1013839798	0.0462651033	-0.0561606138661261	-0.0206698340398646	0.0031540145498201	0.0004272420392355	0.0975180952089971	-0.011619355356899	0.0001350094189098	0.009509778893191	0.2553915787655612	0.0081626497044666	6.662885019782988e-05	0.0652248585043658	-0.0002850351779208	-0.0001010040789671	8.124505265234212e-08	1.0201823967992173e-08	-5.331429734645177e-05	5.796694997339813e-07	2.842414301545874e-09	3.360167289218441e-13	-0.0013030131694851	-0.0001510086686841	1.697843319851606e-06	2.2803618017744306e-08	0.0	0.0	0.0	0.0	0.0	0.0	0.0	0.0	0.0	0.0	0.0	0.0	0.0	0.0	0.0	0.0	0.0	0.0	0.0	0.0	0.0	0.0	0.0	0.0	0.0	0.0
862.306537913447	-0.6574880983308731	743572.565328275	0.4322905994467478	1290.9432847340902	4.207427024841309	1666534.5644000422	17.702442169364986	855.7298456236374	0.1692998841751887	0.0286624507817323	732273.5686910542	893.7045197955307	723.6958050913119	0.7351529999999998	23.108423	0.0913516167748488	0.0520085975061898	0.031872233	-0.0338721808	0.006619966	0.0513130011	0.0100671899	0.0383887996	0.014002688	0.0248530123	-0.0575549243	-0.0207579113	-0.032733782	0.0266903279	-0.0687721854	0.0299468605	-0.0437195882	0.0253274784	-0.0284418791	0.0928017933	0.0933601643	-0.0212963887	0.0391784081	0.0303904956	-0.0152427742	-0.0385153045	-0.0350480445	-0.0179053312	0.0508016414	0.0471739077	-0.077088954	0.218438445	-0.0098359023	0.1112802143	0.1141182358	-0.0526991852	-0.0447654988	-0.0109709173	-0.0460308326	0.0469185278	-0.0357067726	0.0160632591	-0.0328295017	0.0627259773	0.014640388	0.0383628801	-0.0574703873	-0.0836632881	0.0168939331	-0.0130455797	0.0102841469	-0.0692435491	-0.0275675685	-0.0254056868	0.0303809174	-0.0170696474	0.0433167758	0.0080423988	-0.0250650157	0.0110977539	-0.0249046836	0.049360088	-0.0454921309	0.0619485802	0.0182236276	-0.0900296584	-0.0010321897	-0.0231322752	0.0138682011	0.0071703813	-0.0197684932	-0.0718521986	0.0566877845	-0.0426719003	0.0066968083	-0.0074866906	0.0264377449	-0.0181676804	0.0020157257	-0.0545892042	-0.0414976565	-0.1024214758	0.1073422654	0.033413395	-0.0502418980848773	0.0059187157812488	0.0025242483231711	3.503119649920359e-05	0.1151351702327616	0.0176170750237645	0.0003103613323929	0.0132561074245269	0.2979923520544432	0.042600773288882	0.0018148258848107	0.0887994418829392	-0.0006780372281316	-0.0003930020502108	4.597344827323834e-07	1.544506114698922e-07	-5.302058229728068e-05	2.937150491710838e-07	2.811182147142714e-09	8.626853010957219e-14	-0.0014140184578442	-0.0001110052883591	1.99944819912409e-06	1.2322174043686944e-08	0.0	0.0	0.0	0.0	0.0	0.0	0.0	0.0	0.0	0.0	0.0	0.0	0.0	0.0	0.0	0.0	0.0	0.0	0.0	0.0	0.0	0.0	0.0	0.0	0.0	0.0
860.5597637158534	-1.746774197593595	740563.1069266853	3.051220097378748	1281.4570328394573	-9.486251894632916	1642132.127013706	89.98897500842656	854.8367834756541	-0.8930621479833007	0.797560000160547	730745.9263830023	892.2079160099366	718.9620271811456	0.735816	23.129251	0.0243745750241299	0.0138047186469549	0.0353675626	-0.0155345888	0.0236634185	0.0143070141	-0.0079640167	0.0198676452	-0.0521121175	0.0182582403	-0.0216661982	-0.012277267	-0.0186193651	-0.0360367589	-0.0643779614	-0.0251822802	0.0199284986	-0.0049683103	-0.0091430765	0.0154803024	0.0532879882	0.025263147	0.0217194167	0.0120455968	0.0300248814	0.0916309187	-0.0348301637	-0.0656689765	0.1597397282	-0.031605741	-0.0997213578	0.0676311143	-0.1153814083	-0.0773760707	0.0563026271	-0.0914941013	-0.0233309046	0.0083907355	-0.0231139819	0.0314910267	-0.0675002438	0.0099494855	-0.0113381301	-0.0161084514	0.0088214552	0.0204495616	0.018745457	-0.0450704313	0.0923432261	-0.0625048356	0.0729822079	-0.1018998448	-0.0755712641	0.1483534883	-0.0603857842	0.0225265922	0.046363201	0.0050448972	-0.0239630899	0.0242701497	-0.0342801063	0.0547119782	-0.0639678131	0.0278108575	0.0084641931	-0.1003925127	0.0152652188	-0.0265806684	0.0105464115	-0.0532496366	-0.0049581817	-0.0137606756	0.0347072286	-0.0415332093	0.0086248361	-0.0255737308	-0.0225191217	0.0136214015	-0.0903239899	-0.0101859584	-0.0446835199	-0.098167988	0.1126387502	0.0201956026	-0.0503038499584675	-6.195187359019777e-05	0.002530477320644	3.8380346413358436e-09	0.1204164605973545	0.0052812903645929	2.7892027915141864e-05	0.0145001239827942	0.2995650031487287	0.0015726510942855	2.4732314643573942e-06	0.0897391911114978	-0.0005100328729631	0.0001680043551685	2.601335315029937e-07	2.8225463355583493e-08	-5.31855616459076e-05	-1.6497934862691468e-07	2.828703967590637e-09	2.721818547336105e-14	-0.0012330141585281	0.000181004299316	1.5203239151307587e-06	3.276255637091229e-08	0.0	0.0	0.0	0.0	0.0	0.0	0.0	0.0	0.0	0.0	0.0	0.0	0.0	0.0	0.0	0.0	0.0	0.0	0.0	0.0	0.0	0.0	0.0	0.0	0.0	0.0
865.2104010508172	4.65063733496379	748589.0380865159	21.6284276213591	1290.8308751424154	9.37384230295811	1666244.348220934	87.868919520727	856.0520244509675	1.2152409753133495	1.4768106280805415	732825.0685665997	893.5852610013948	727.7271783132495	0.766448	24.092134	0.0435785001836391	0.027418919707936	0.052596343	-0.0464692189	0.0059581565	0.0487236711	-0.0095502373	0.0748266477	-0.0181422488	0.011516034	-0.0485941884	-0.008173127	-0.048046119	-0.0396709107	-0.0559500734	-0.0132195147	0.0381901422	0.0419671472	0.0184281259	-0.013532796	0.0622577192	-0.1317496425	0.051790682	-0.0475825845	0.0931213315	0.0333642446	0.0096518056	-0.1138473469	0.1222666559	-0.1230136374	-0.013044807	-0.013700547	0.2871448502	0.0091880415	-0.0154842056	0.0488146021	-0.0481933637	0.0272529903	-0.0407028479	0.0243315401	-0.0722336471	0.0273237558	-0.0017687668	-0.0238419731	0.0610306077	0.0299128767	0.034731419	0.0971439105	0.1229183005	-0.0795966884	0.0935248305	-0.0712713823	-0.0852331523	0.1304222983	-0.0501697976	-0.0099853706	0.0505585838	0.0206833866	-0.0196843518	0.028826403	-0.0294361953	0.0599706633	-0.0467252415	0.0538642864	-0.0086079224	-0.0927803132	-0.0040152335	-0.0076105943	-0.0076848098	0.0128832453	0.0426165769	-0.0169103673	0.0715687522	-0.0432226075	-0.0305786304	0.0055644925	-0.0883392135	-0.0638069122	-0.0165200304	0.0625524956	-0.0478387595	-0.0936454286	0.1172407796	0.0067565429	-0.0502707767182784	3.3073240189099296e-05	0.002527150991859	1.0938392166058526e-09	0.1259661496106758	0.0055496890133212	3.0799048144578975e-05	0.0158674708477391	0.2829050284702461	-0.0166599746784825	0.0002775547562876	0.0800352551337507	-0.0001360347584434	0.0003739981145197	1.850545550475419e-08	1.3987458966429066e-07	-5.391259630083134e-05	-7.270346549237416e-07	2.906568039896413e-09	5.285793894600841e-13	-0.0012850042743864	-5.199011585829997e-05	1.6512359851913186e-06	2.702972146959454e-09	0.0	0.0	0.0	0.0	0.0	0.0	0.0	0.0	0.0	0.0	0.0	0.0	0.0	0.0	0.0	0.0	0.0	0.0	0.0	0.0	0.0	0.0	0.0	0.0	0.0	0.0
862.6346582951213	-2.575742755695842	744138.5536919407	6.63445074351961	1285.8998339970906	-4.931041145324798	1653538.383073745	24.31516677688609	854.682399069616	-1.3696253813513977	1.8758736852419613	730482.0032793945	892.539723305498	733.5937255769663	0.809898	25.457922	0.0446455588337788	0.0270272466342988	0.032684447	-0.0781946297	0.025614214	0.0185894727	-0.0353532429	0.0381917721	-0.0164829972	0.0614215888	-0.0394374029	0.0156056931	-0.01938117	-0.0013091621	-0.0757893727	-0.012627741	0.0500659358	0.0200668377	0.0333739679	-0.0798511075	0.0237631788	-0.0357859527	-0.0405641949	-0.0756510496	-0.0123542719	-0.1159987519	0.2066576362	0.1395161728	0.1130074028	-0.0444849936	-0.0501400819	0.0520078858	0.0747435806	-0.0758443042	0.0424367282	-0.0619263243	-0.0443533319	0.0337796816	-0.0162411294	0.0311006837	-0.0517115179	0.0391364438	0.0235587034	-0.0243096773	0.0346574314	0.0112018825	0.0064263111	0.0322494058	0.0571919079	0.0145807985	-0.1510614037	-0.0367655895	0.0547441812	-0.0189330265	-0.0965665711	-0.1541271478	0.058706574	0.0126949656	-0.0370630081	0.0306469438	-0.0272136621	0.0648957226	-0.0655632561	0.036787375	-0.0226979372	-0.1084961268	-0.0021914805	0.0192285426	-0.0037704359	-0.0764997919	0.0087194329	-0.0093610894	0.0432556671	-0.0056272595	-0.0209443827	0.0222829316	-0.0120872491	-0.1038421425	0.0039678451	0.037456365	-0.0509612127	-0.0888661936	0.1211199807	-0.0067565429	-0.0437910649101951	0.0064797118080833	0.0019176573659689	4.198666511581416e-05	0.1328842480264853	0.0069180984158095	4.786008569082604e-05	0.0176582233735644	0.2909623172556053	0.0080572887853591	6.491990257067452e-05	0.0846590700627515	-0.0005990342769418	-0.0004629995184984	3.588420649511852e-07	2.1436855412975026e-07	-5.3115119788893495e-05	7.974765119378446e-07	2.8212159501885044e-09	6.359687870925512e-13	-0.0012850164758666	-1.2201480199900557e-08	1.651267343248616e-06	1.4887611906856528e-16	0.0	0.0	0.0	0.0	0.0	0.0	0.0	0.0	0.0	0.0	0.0	0.0	0.0	0.0	0.0	0.0	0.0	0.0	0.0	0.0	0.0	0.0	0.0	0.0	0.0	0.0
863.4382403042881	0.8035820091668029	745525.5948197655	0.6457440454565557	1298.5971211751305	12.697287178039916	1686354.4831243365	161.22110168161683	855.7209972529448	1.0385981833287588	1.078686186413798	732258.4251395743	894.1081337724585	726.649111113909	0.8064409999999999	25.34926	0.0342016833555397	0.0217388488000882	0.0655112348	-0.0365030744	0.0251452822	0.0856693069	-0.0144584852	0.072085753	0.0326158621	-0.0166591478	-0.0658156885	0.0156698885	-0.049189548	-0.0228162113	-0.0561968775	0.0059621003	0.0523948609	0.0772814838	-0.0160677891	0.0113328588	0.0085210306	0.076297425	0.055552546	-0.0342933028	-0.0765059191	0.0483234152	0.1185302164	-0.0283612129	0.0923389242	-0.0703714695	0.1265949154	0.1313720742	0.0055257983	-0.0254760158	0.0963798487	0.0636371701	-0.0734082998	0.0237929274	-0.0287017076	0.0264552351	-0.0592973994	0.0095552488	0.0435368769	0.0686368911	0.0212384208	-0.017436448	-0.0886774362	-0.0307000449	-0.0423266946	0.02132181	-0.0265691489	-0.1221094838	-0.0981714107	0.0170385373	-0.0444885415	-0.1120727668	0.0693142924	0.022809315	-0.0320106569	0.0315068451	-0.02534832	0.0536772713	-0.0766211296	0.0669768275	-0.0096347019	-0.1177945505	-0.0021863141	-0.0050189841	0.0159656455	-0.0432687789	0.0259233902	-0.0334494023	0.0446172812	-0.0195732874	-0.0563562812	0.0790988871	-0.0397687714	-0.0332805492	0.0082521775	0.0752528443	-0.0540487397	-0.0838433825	0.1242524367	-0.0201956026	-0.0408809290696012	0.0029101358405938	0.0016712503615937	8.468890610709133e-06	0.1336578061003166	0.0007735580738313	5.983920935896059e-07	0.0178644091315498	0.3098273506732099	0.0188650334176045	0.0003558894858473	0.0959929872251801	-0.0007480324663762	-0.0001489981894343	5.595525707528607e-07	2.2200460454729325e-08	-5.305080347639546e-05	6.431631249803615e-08	2.814387749491132e-09	4.1365880533450416e-15	-0.0012010198611433	8.399661472330007e-05	1.4424487068606717e-06	7.055431284974511e-09	0.0	0.0	0.0	0.0	0.0	0.0	0.0	0.0	0.0	0.0	0.0	0.0	0.0	0.0	0.0	0.0	0.0	0.0	0.0	0.0	0.0	0.0	0.0	0.0	0.0	0.0
861.0422735881481	-2.395966716140037	741393.7969058473	5.740656504850875	1279.9028245290122	-18.694296646118342	1638151.2402373434	349.47672709307164	855.2116665152616	-0.5093307376831717	0.2594178003488839	731386.9945438111	892.3841859293825	726.3444137222197	0.867855	27.279705	0.0142609105109483	0.0094815628292881	0.0476966734	-0.0575613999	0.0545038758	0.0423972043	-0.0418170282	0.0295946352	-0.0595045406	0.0286993904	-0.0553742874	0.0154121475	-0.0412745278	-0.0113799524	-0.0959279972	-0.015217727	0.0371736926	-0.0044256695	0.0195941103	-0.0607976191	0.1296132311	-0.0048266668	-0.0851878261	-0.1580152591	-0.1752649331	-0.1030330768	0.1459962953	0.0080163808	-0.0194175643	0.0532700022	-0.1083208702	-0.0484195015	-0.1555658561	-0.0693695109	0.0274554313	0.0197783561	-0.0491055989	0.0415257411	-0.0275766179	0.0400758663	-0.0529507332	0.0633973063	-0.0099276256	-0.0746848997	-0.0018404329	0.0574073202	0.1268553454	-0.0589770051	0.0089244555	0.0467947185	-0.1102018103	-0.0650301256	-0.0817754417	0.062076267	-0.2019472722	0.0538595122	0.0745800044	0.0163997287	-0.0369715823	0.0538005778	-0.0324135582	0.046047224	-0.0653768051	0.0412641981	-0.007863353	-0.1279719552	0.0292951816	-0.0095210709	0.0058131757	-0.1490395103	-0.0458186618	0.0094736222	0.0122174459	0.0808035025	-0.0561967307	0.0363647154	0.0834771574	-0.0313233808	-0.009444669	0.0357562845	-0.0570992244	-0.0785907625	0.1266188352	-0.033413395	-0.0376391020859046	0.0032418269836966	0.0014167020058331	1.0509442192223436e-05	0.1355694705303989	0.0019116644300822	3.654460893241819e-06	0.0183790813398926	0.3099293215550887	0.0001019708818787	1.0398060751139976e-08	0.0960561843595975	-0.0005800322545954	0.0001680002117808	3.364374163710229e-07	2.8224071158393654e-08	-5.315514009240907e-05	-1.0433661601361167e-07	2.825468918243634e-09	1.0886129441171846e-14	-0.0011890154452343	1.200441590899987e-05	1.4137577290057206e-06	1.4410600131624916e-10	0.0	0.0	0.0	0.0	0.0	0.0	0.0	0.0	0.0	0.0	0.0	0.0	0.0	0.0	0.0	0.0	0.0	0.0	0.0	0.0	0.0	0.0	0.0	0.0	0.0	0.0
863.5217546338853	2.4794810457372023	745669.8207259839	6.14782625617005	1294.5601313908894	14.65730686187726	1675885.9337867969	214.8366444432342	855.919996039812	0.7083295245503223	0.5017307153496856	732599.0396207917	893.8593848317336	718.4302438178189	0.861349	27.075197	0.0717493233901336	0.0333207713059247	0.0838386448	-0.0399369729	0.0561424629	0.0937772939	-0.0129921362	0.0616066018	-0.0280729025	0.0205684797	-0.0702534216	0.0279676097	-0.0494539557	-0.0355575177	-0.077269392	-0.031878104	0.0582989043	0.0735910657	-0.0346722248	-0.1157401519	0.0431703251	-0.1222749634	-0.057204817	-0.0453920871	-0.0683105242	-0.1428459883	0.0338949474	-0.0267283166	-0.0350184331	-0.0449240771	-0.050886487	-0.0158025755	0.1351672359	-0.0155320054	-0.1385218247	0.008999468	-0.0829737303	0.0430178996	-0.0233145621	0.0441150652	-0.0576640916	0.0087138804	0.0589866347	0.0423345705	0.060671186	0.02570207	0.0825589702	0.0223709516	0.0824598614	0.0282616928	-0.0857192096	0.0134832734	-0.0579206524	-0.084048854	-0.0845947783	-0.0164538812	0.0860118818	0.0298181319	-0.0525318606	0.0503406499	-0.0299097277	0.0334681412	-0.0720071329	0.1080371838	0.0055150884	-0.122221354	0.0172963641	-0.0208561319	0.0176590298	-0.0268417167	-0.0266580489	-0.0723216255	0.0696283538	-0.0215152684	-0.0605705683	0.0352944785	0.0686407474	-0.0301329609	0.0409014325	-0.0539435987	-0.0601105761	-0.0731227308	0.1282045865	-0.0462651033	-0.0301058838203971	0.0075332182655074	0.0009063642406072	5.674937743577576e-05	0.1287787488292195	-0.0067907217011793	4.6113901222868736e-05	0.0165839661500192	0.2931816786430374	-0.0167476429120512	0.0002804835431095	0.0859554966919492	-0.0003002528071562	0.0002797794474391	9.015174820517823e-08	7.827653920938407e-08	0.0003846929147566	0.000437848054849	1.4798863866392872e-07	1.917109191350609e-07	-0.001284942753174	-9.59273079397e-05	1.6510778789343792e-06	9.202048408558028e-09	0.0	0.0	0.0	0.0	0.0	0.0	0.0	0.0	0.0	0.0	0.0	0.0	0.0	0.0	0.0	0.0	0.0	0.0	0.0	0.0	0.0	0.0	0.0	0.0	0.0	0.0
863.2397671268598	-0.2819875070255193	745182.895549235	0.0795169541184673	1278.880534362793	-15.679597028096396	1635535.421172063	245.84976296348933	854.6530163195706	-1.266979720241352	1.6052376115028546	730431.7783041402	891.3836637175053	733.70889262529	0.835087	26.249695	0.0424040374038863	0.0240599604076524	0.044041043	-0.1002073744	0.0680598774	0.0416165909	-0.0307290434	0.0393089093	-0.1001461642	0.0554905612	-0.0463021219	0.041318739	-0.0313456409	0.009627406	-0.0756902189	-0.0178026018	0.0788652905	-0.0160688883	-0.0036045339	-0.0113725714	-0.0174807757	-0.02308163	0.0167919432	0.0039765024	-0.1701221742	-0.0607366731	-0.0683536358	-0.0450485013	0.027488721	0.0073074963	0.0481046778	0.0445602469	0.0115608699	-0.084323132	-0.0536662935	-0.0779990415	-0.0584864838	0.0486835255	-0.002923194	0.0695187579	-0.0601996936	0.0264250672	0.0504482464	0.025146074	0.0090601274	0.0130075146	0.0578105218	-0.0624471858	0.0233278727	-0.0084157004	-0.0501200946	-0.0243386695	-0.1351938406	-0.1272967013	-0.0565454928	-0.0377198051	0.080463994	0.0306726316	-0.0504274432	0.0719044262	-0.0429748661	0.0443738141	-0.0827975264	0.0372246459	0.0117517359	-0.1221473149	-0.0120203797	0.0404588879	-0.0188933571	-0.0634965244	-0.0912630748	-0.0982475235	-0.0419480815	-0.0071200166	-0.0076906844	0.0241911239	0.0477832894	0.0047092606	-0.1174920585	-0.1961508861	-0.063080731	-0.0674542747	0.1289999139	-0.0586099215	-0.0505904146172184	-0.0204845307968213	0.002559390051142	0.0004196160019659	0.1193801424213489	-0.0093986064078706	8.833380241006634e-05	0.0142516184045415	0.2948516278688018	0.0016699492257644	2.788730416631156e-06	0.0869374824568823	-0.000201177448027	9.90753591292e-05	4.047236559465629e-08	9.815926786579952e-09	0.0005026293684775	0.0001179364537209	2.526362820560905e-07	1.3909007116261988e-08	-0.0012849499597925	-7.206618500088871e-09	1.6510963991707476e-06	5.193535020582317e-17	0.0	0.0	0.0	0.0	0.0	0.0	0.0	0.0	0.0	0.0	0.0	0.0	0.0	0.0	0.0	0.0	0.0	0.0	0.0	0.0	0.0	0.0	0.0	0.0	0.0	0.0
865.7138674611869	2.4741003343270904	749460.5003146054	6.121172464317421	1299.0317038536073	20.15116949081425	1687483.367616806	406.0696318475232	858.7850163422813	4.132000022710713	17.073424187681333	737511.7042940124	896.349405049437	721.1847649683494	1.046826	32.905407	0.0670124921770506	0.0370627893282091	0.0979832186	-0.0436074809	0.0286194763	0.1215154689	0.0041182366	0.1111365745	0.0221910749	0.0190490164	-0.1041260609	-0.0386364999	-0.0929730101	0.000998082	-0.0420708372	0.0228006999	0.0131830982	0.1232529071	-0.1220590555	0.1727960841	0.1389508082	0.0440917795	0.1300462118	0.0255301754	-0.0205171497	0.0471065339	-0.0658015136	-0.0242138307	0.0465808244	-0.0957589048	0.019630376	0.0819617442	0.003180149	0.0715205762	-0.0475796549	-0.1147646274	-0.1029999214	0.0047346133	-0.0989561631	0.0364380017	-0.0570004487	-0.0196361331	0.0320013221	0.1487856427	0.0161214243	-0.0033820095	-0.1394527407	-0.0698489485	0.0754004818	0.0659378777	0.023742559	-0.1767090553	0.0489749738	-0.0299383754	0.0416212776	0.0031999498	0.0837965776	0.0562151971	-0.048050286	0.0501246114	-0.0293780278	0.0217844243	-0.0772309051	0.1292141315	0.007832685	-0.1200291525	-0.0062246993	0.0515054009	0.0160613748	0.1190350569	-0.0259647789	-0.147314576	0.1073610329	-0.1156161651	-0.0418243738	-0.0053438537	-0.0845104831	-0.0606596194	0.0110862107	-0.2094291785	-0.0660076536	-0.0616009311	0.1289999139	-0.0703125971	-0.0688482507339784	-0.01825783611676	0.0047400816291287	0.0003333485796664	0.1199706794509154	0.0005905370295665	3.4873398328923017e-07	0.0143929639279142	0.2930814831135677	-0.0017701447552341	3.133412454482885e-06	0.0858967557440484	0.0001498590448832	0.0003510364929102	2.245773333330496e-08	1.232266193546929e-07	0.0004068677331807	-9.57616352968e-05	1.655413523036013e-07	9.170290794717334e-09	-0.0017660313170953	-0.0004810813573027	3.1188666129613603e-06	2.3143927234430425e-07	0.0	0.0	0.0	0.0	0.0	0.0	0.0	0.0	0.0	0.0	0.0	0.0	0.0	0.0	0.0	0.0	0.0	0.0	0.0	0.0	0.0	0.0	0.0	0.0	0.0	0.0
857.0432849072566	-8.670582553930217	734523.192204621	75.17900182451905	1270.2110977172852	-28.820606136322112	1613436.2327641505	830.6273380650078	855.4689623219098	-3.3160540203715527	10.99621426602234	731827.1454961251	894.2054036176474	725.775046596254	2.145666	67.44577	0.5166461793669691	0.3376394487595576	-0.021678776	-0.0828021233	0.1648527555	-0.066231456	-0.0276672352	0.0714917134	-0.2417710272	0.1961911134	0.0214126463	-0.0377569477	-0.1326435404	0.0288569891	-0.1025430719	0.0668544633	0.0553308021	-0.2255539253	0.5121445297	0.2631804376	-0.0033389453	0.1236525481	-0.0618007976	0.1213587635	-0.1393451	-0.1387510648	-0.1759653145	0.0275039958	0.0917807596	0.1738782292	0.0761450862	-0.0967698724	-0.0455240963	-0.1375674931	-0.1025686723	0.1525494161	0.0563467332	0.0782439967	-0.1645550275	0.029550813	-0.0370057389	0.2743735332	-0.1321047523	-0.4326609771	-0.0671862785	0.1340323377	-0.3014319718	-0.3270289894	-0.0542208608	-0.112701212	-0.0268805576	0.2810631132	-0.0166775557	-0.0591478297	-0.0575783096	0.0393208062	0.0161484685	0.0457650294	-0.0083620073	0.2002278317	-0.1265051567	0.1104471729	-0.0101996094	-0.2032827531	-0.0308287248	-0.0897511672	-0.2148620266	-0.0183454205	-0.3984384522	-0.0222944295	0.0492976056	0.268702596	-0.1763845281	-0.0385906281	-0.128488051	-0.1683870558	0.0457734679	0.1805225667	-0.2734599116	-0.2079153078	-0.0688893378	-0.0555787436	0.1282045865	-0.0812449131	-0.0947724897425814	-0.0259242390086029	0.0089818248120076	0.0006720661681751	0.1573642960383097	0.0373936165873943	0.001398282561485	0.0247635216676327	-0.0235675516045361	-0.3166490347181038	0.1002666111879069	0.0005554294886324	-1.4888320629261431e-05	-0.0001647473655124	2.2166209115969147e-10	2.7141694443296573e-08	-0.0016799866029471	-0.0020868543361278	2.822354986081737e-06	4.354961020215401e-06	-0.0022480153965124	-0.0004819840794171	5.053573222956803e-06	2.323086528115494e-07	0.0	0.0	0.0	0.0	0.0	0.0	0.0	1.0	0.0	0.0	0.0	0.0	0.0	0.0	0.0	0.0	0.0	0.0	0.0	0.0	0.0	0.0	0.0	0.0	0.0	0.0
868.7541070035408	11.71082209628412	754733.6984355196	137.14335417081637	1289.7890500386557	19.577952321370503	1663555.793599618	383.2962170978567	857.754286726131	2.285324404221228	5.222707632529112	735742.4163970537	896.5872308380358	760.3263000535087	1.728016	54.317574	0.661526482026697	0.2905363674877244	0.0060414889	-0.1603811234	0.0954366946	0.0078877099	-0.2253985952	0.1692839258	0.0344623933	0.2224164266	-0.0382569783	0.0084383289	-0.1818071993	0.0437078456	-0.1196828298	0.141186616	0.0699034404	-0.1053216848	0.2008974615	0.0138211319	-0.1684928047	-0.1075962467	0.0876999129	-0.1952533348	0.1849006121	-0.0488622198	-0.033667584	0.0865144485	-0.0963695742	0.0567448998	0.2581015899	-0.1455030949	0.0903708296	0.3078593088	0.2087308401	-0.0531790364	-0.0351675879	0.1343040176	-0.1525652738	0.0163287989	-0.0773615977	0.1833312621	-0.108548378	-0.1260325552	-0.1459948124	0.0264734353	-0.096740042	0.4200177468	0.0268151001	0.1602637483	-0.2457802604	0.2793791936	0.0266940851	0.0094095641	0.2945310933	-0.0156757367	0.0368864203	0.0978975991	0.0536525447	0.0985026544	-0.1164921895	0.0432199821	0.1108170475	-0.1331223775	-0.0902667147	0.0431154116	-0.1517977886	0.0199353473	-0.3299719634	0.0958265686	-0.0799203599	0.2111738563	-0.1347860249	0.030116449	-0.0360159393	-0.0949958573	0.1869304615	0.1167327281	0.1121001907	0.2866983923	-0.0717238087	-0.0494042187	0.1266188352	-0.0912870929	-0.1913178698379027	-0.0965453800953212	0.0366025273193126	0.00932101041775	0.0488072793684608	-0.1085570166698489	0.0117846258682578	0.0023821505193509	0.1352166197762088	0.1587841713807449	0.0252124130810697	0.0182835342637038	-0.0010890833937903	-0.001074195073161	1.1861026386297978e-06	1.153895055203449e-06	-0.0048949066639467	-0.0032149200609996	2.396011124874981e-05	1.0335710998617673e-05	-0.0039116985399674	-0.0016636831434549	1.5301385467583086e-05	2.767841601816309e-06	0.0	0.0	0.0	0.0	0.0	0.0	0.0	0.0	1.0	0.0	0.0	0.0	0.0	0.0	0.0	0.0	0.0	0.0	0.0	0.0	0.0	0.0	0.0	0.0	0.0	0.0
864.6500567549523	-4.1040502485884645	747619.7206463423	16.843228442939036	1299.337673187256	9.548623148600427	1688278.3889636728	91.17620403398791	857.3826589894849	-0.3716277366461327	0.1381071746447273	735105.0239358793	895.3062443692378	735.5484682172842	1.715807	53.933804	0.5382169185598882	0.3987632411213289	0.0756119514	0.0230902643	-0.0643853838	0.0981897402	-0.1018949734	0.0573412133	0.1636188332	-0.1134817891	-0.0779043236	0.0446755498	-0.0756601659	-0.040718315	0.0623524848	0.1430969519	-0.0345657191	0.0260766928	-0.1939580449	0.0622008743	-0.0739639001	0.1206537648	0.0399389768	-0.0386258142	0.1426884003	0.1171886612	0.1432181159	-0.0278237685	0.0976113396	0.038208945	0.0402128691	-0.1451173038	0.0538829284	0.1179770492	0.0547942026	0.0080062998	-0.1056069714	0.0490734124	0.0066084588	-0.0741397117	-0.0114741233	0.0045199986	-0.0220378096	0.2691545791	-0.0478935007	-0.1910276586	-0.1467094969	0.163810291	-0.1119006919	0.0714549688	-0.073245325	-0.095178239	0.0714053189	0.1108802356	0.0968531916	0.0840455853	0.0518251312	0.1038127529	0.0956282334	-0.1225956849	-0.0109219735	-0.0741976111	0.0730394997	0.0290752974	0.0125502321	-0.0020337604	0.0034971157	0.1317740215	-0.0017322032	0.0854522579	-0.0108044359	-0.0709692268	0.0592290047	-0.0127538243	-0.0135996313	0.0694954741	0.0878485278	-0.1308506028	0.1427511626	-0.0696857354	-0.0745091236	-0.0430942802	0.1242524367	-0.1003291122	-0.16744499582461	0.0238728740132926	0.0280378266267036	0.0005699141136545	0.1372768932317285	0.0884696138632677	0.0078268725771156	0.0188449454153553	0.5184932381729865	0.3832766183967777	0.1469009662096692	0.2688352380311093	-0.0017821147092108	-0.0006930313154204	3.175932836785494e-06	4.802924041534683e-07	-0.0049891156845354	-9.42090205887005e-05	2.4891275313677136e-05	8.875339560282194e-09	-0.0038469826302456	6.471590972179954e-05	1.4799275357411357e-05	4.1881489711201084e-09	0.0	0.0	0.0	0.0	0.0	0.0	0.0	0.0	0.0	1.0	0.0	0.0	0.0	0.0	0.0	0.0	0.0	0.0	0.0	0.0	0.0	0.0	0.0	0.0	0.0	0.0
854.3521536039618	-10.297903150990464	729917.6023677276	106.04680930717932	1280.8611114819844	-18.476561705271703	1640605.1869068644	341.3833324487129	852.5174965791924	-4.865162410292442	23.66980527852256	726786.0819736534	891.7472896931454	697.9922115310326	1.20057	37.738094	0.2932556811451487	0.1783594845283597	0.0805386966	0.1560727721	-0.0344811045	0.0665486863	-0.0368725274	-0.0396549218	0.0184526837	-0.1733787321	-0.0514255198	0.150283132	-0.0034929885	-0.0368272466	0.1523722216	0.0747201339	-0.1586846237	-0.1322508331	0.0238153689	0.0012322233	0.0102038181	0.1196420655	-0.0304154436	0.0772971557	-0.0324591366	0.0351741992	-0.0312850731	0.071755101	0.0247675752	-0.0810328249	-0.1706107312	0.0355394035	-0.0058243002	-0.0783893952	-0.0308194256	0.0583133644	-0.0860703574	0.0696397852	0.089282018	-0.1399470225	0.101207356	0.0082726859	-0.1388047548	0.0165380487	0.0279688775	-0.1070292444	-0.0224229904	-0.1116527584	-0.0846031675	-0.0480450498	0.0308751292	0.019458549	0.0424756447	0.1086476352	-0.0569029113	-0.0368349188	0.0432061701	0.1137226184	0.1325399898	-0.1764348502	0.0091730015	-0.1024155708	0.091354156	0.0129788973	0.0679084748	0.0208308533	0.0156762665	0.0447680951	-0.0518642574	0.0839958245	0.1046971484	-0.012753994	0.0622811083	0.0407128445	-0.0852794811	0.0220502922	0.0721385569	-0.0748652168	0.0286947038	-0.0209569792	-0.0772433738	-0.0366662233	0.1211199807	-0.1082719048	-0.1686448011598713	-0.0011998053352612	0.0284410689582525	1.4395328425214543e-06	0.0735929873360135	-0.063683905895715	0.0040556398701342	0.0054159277850386	0.6499740231897491	0.1314807850167625	0.0172871968286241	0.4224662308214684	-0.0034987818915638	-0.001716667182353	1.2241474724734764e-05	2.9469462149677888e-06	-0.0048980961327045	9.10195518308999e-05	2.399134572521478e-05	8.284558815497872e-09	-0.0039771195940099	-0.0001301369637642	1.581748026505747e-05	1.6935629337790623e-08	0.0	0.0	0.0	0.0	0.0	0.0	0.0	0.0	0.0	0.0	0.0	0.0	0.0	0.0	0.0	0.0	0.0	0.0	0.0	0.0	0.0	0.0	0.0	0.0	0.0	0.0
849.0809526205019	-5.2712009834599485	720938.464102939	27.785559808029127	1279.229038143158	-1.6320733388263309	1636426.9320286694	2.6636633833077266	851.0545063817224	-1.4629901974700488	2.140340317893452	724293.7728326372	891.042525326515	688.6834992348295	0.931765	29.288616	0.1163830535135671	0.0556738196401913	0.0775980443	0.2165981119	0.001834413	0.0739473018	0.0043183298	-0.0915415376	-0.029485321	-0.2061475322	-0.0309809788	0.1983090691	0.0026564877	0.0019403975	0.1880812577	0.0654700078	-0.1172005622	-0.1016263956	-0.0692000481	-0.0305391153	-0.0014108003	0.0347247695	-0.0004127354	0.007411832	-0.0813204833	-0.0149300285	0.0696290709	-0.0144902378	-0.1440000152	-0.1373834864	-0.0107350373	-0.0433793256	0.0811341144	-0.0353183435	0.0133556722	-0.0060816216	-0.0871471391	0.0941670689	0.1078644547	-0.1485442404	0.1537453469	-0.0455682716	-0.1171992395	0.0352178798	-0.0191665026	-0.0801075939	0.0673636072	-0.0363613313	-0.0978039163	-0.0141091698	-0.0320777116	-0.0785417752	0.0442055244	-0.0977626024	-0.0636182921	-0.0228806794	0.0440088795	0.1259941558	0.1372576	-0.1821853339	0.0204912455	-0.1313567519	0.1027522845	-0.0051306842	0.0759366283	0.0622092589	0.0636910521	0.0177024824	0.0561468744	-0.0228703126	0.0423021613	-0.0445488673	-0.0033260972	0.0662197708	0.0207115386	-0.0143367778	0.0497254274	-0.0090549503	-0.0259426833	-0.0779224239	-0.0799246852	-0.0301376669	0.1172407796	-0.1150284477	-0.199234558227161	-0.0305897570672896	0.039694409191972	0.0009357332374358	0.0539793860633608	-0.0196136012726526	0.0003846933548826	0.0029137741197773	0.6714828140920588	0.0215087909023097	0.0004626280860792	0.4508891696209904	-0.0040932237672285	-0.0005944418756647	1.6754480808604278e-05	3.53361143543767e-07	-0.0048319431450054	6.615298769910034e-05	2.334767455656468e-05	4.3762177815173214e-09	-0.0042099428160724	-0.0002328232220625	1.772361851459961e-05	5.4206652731564375e-08	0.0	0.0	0.0	0.0	0.0	0.0	0.0	0.0	0.0	0.0	0.0	0.0	0.0	0.0	0.0	0.0	0.0	0.0	0.0	0.0	0.0	0.0	0.0	0.0	0.0	0.0
849.5834057906667	0.502453170164813	721791.9633948687	0.2524591882086704	1279.6087520599365	0.379713916778428	1637398.558348388	0.1441826585952149	851.929923384319	0.8754170025965777	0.7663549284351766	725784.5943576116	889.6525761140684	662.8588741986055	0.904963	28.44615	0.1461001498044695	0.072739133751423	0.0872876673	0.271627229	-0.0031927172	0.0609814382	-0.0492229664	-0.0370524455	0.0472678435	-0.284453247	-0.0345923387	0.1965258222	-0.0073303962	-0.0452260056	0.2071062541	0.066370859	-0.1935109018	-0.0837943928	-0.0298969485	-0.0582587615	-0.0270097547	0.0430702166	0.024148782	0.0168367913	0.0122635818	0.0133208308	-0.1445451622	0.0027791946	-0.0560870517	-0.053882663	-0.1194745911	-0.0595874032	0.017595648	0.0642407101	-0.0796505624	0.1526751802	-0.0864644188	0.0927542068	0.1273552919	-0.1815149628	0.1427761211	-0.0369646854	-0.1413610305	0.0553723145	0.0971729086	-0.1275726118	0.0978758748	-0.0906666719	-0.007652951	-0.0517479588	0.1057850381	0.1249237123	-0.0325452457	0.0328845195	0.0256328039	0.0179710142	0.0383246006	0.1365341437	0.1548806745	-0.2154303873	0.0316263164	-0.1325036179	0.1133696312	-0.0007305157	0.0988632998	0.0932780596	0.0456662003	-0.0739124805	0.0453807343	0.0840825111	0.1759743522	0.0335552337	0.0438060444	0.0123203262	-0.069235117	-0.0247588363	0.0095149638	0.0319895028	-0.0578262601	-0.019261562	-0.0825512202	-0.0235265052	0.1126387502	-0.1205247148	-0.2203844206337351	-0.0211498624065741	0.048569292858067	0.000447316679817	0.0427379222490458	-0.0112414638143149	0.0001263705086885	0.0018265299981654	0.7177042216963443	0.0462214076042855	0.0021364185209215	0.5150993498407553	-0.0048898464662954	-0.0007966226990668	2.3910598463941608e-05	6.346077246686316e-07	-0.0044578356126621	0.0003741075323432	1.9872298349518483e-05	1.399564457559932e-07	-0.0043889609042481	-0.0001790180881756	1.92629778190183e-05	3.204747589408262e-08	0.0	0.0	0.0	0.0	0.0	0.0	0.0	0.0	0.0	0.0	0.0	0.0	0.0	0.0	0.0	0.0	0.0	0.0	0.0	0.0	0.0	0.0	0.0	0.0	0.0	0.0
850.9746949142367	1.3912891235700044	724157.9313843782	1.935685425364191	1270.522527249654	-9.086224810282374	1614227.492248848	82.55948130299096	851.3730394703473	-0.5568839139716601	0.3101196936403954	724836.0523369776	889.4601473714603	678.9375557421663	0.8999509999999998	28.28861	0.0555491684273657	0.0283348455479611	0.0608795469	0.2276470391	0.0179783532	0.0183478632	-0.0247680597	-0.0661091089	-0.0562914653	-0.2144496581	-0.006861251	0.1941238188	0.0054736428	-0.0200909523	0.1659956892	0.0246135178	-0.0875320455	-0.0210777823	-0.1693419066	-0.1676920972	-0.042408303	0.0386749361	0.0707676618	0.0080159267	-0.1411448818	0.0032403326	-0.0686401716	0.1132681004	-0.07454109	0.10939145	0.1148099714	0.0654099322	-0.0008109342	0.0343572956	-0.1002052376	-0.0161170131	-0.0676992715	0.1080513098	0.1285019096	-0.1372270531	0.1402212475	-0.0784012412	-0.0576809246	0.0901667751	0.055216834	-0.1041949809	0.1891590728	0.0357477939	0.0016828527	0.0512985674	0.0155558202	0.0009433848	-0.0098913383	-0.1399410155	0.0366759848	-0.0603483692	0.0440169053	0.1312261847	0.1328348585	-0.1847367936	0.0349384931	-0.1520159625	0.1044894441	-0.0303573231	0.0819395038	0.0976353136	0.0688944731	0.0012856182	0.1168636986	-0.0875076494	0.033565747	0.0017162365	-0.0746329194	0.1311123666	0.0835410794	-0.0180791021	0.0055311545	0.0588787007	-0.1010341969	-0.0858576977	-0.0851211787	-0.016850859	0.1073422654	-0.124700488	-0.2202337052878249	0.0001507153459101	0.0485028849448045	2.271511549282675e-08	0.0265542872717929	-0.0161836349772529	0.0002619100410769	0.0007051301725129	0.7013579726583217	-0.0163462490380226	0.000267199857613	0.491903005811391	-0.0050599894484629	-0.0001701429821674	2.560349321855588e-05	2.894863438085021e-08	-0.0047429617928251	-0.000285126180163	2.249568656819869e-05	8.12969386143436e-08	-0.0043910631232412	-2.1022189931000496e-06	1.928143535228876e-05	4.419324694950586e-12	0.0	0.0	0.0	0.0	0.0	0.0	0.0	0.0	0.0	0.0	0.0	0.0	0.0	0.0	0.0	0.0	0.0	0.0	0.0	0.0	0.0	0.0	0.0	0.0	0.0	0.0
858.4429708906426	7.468275976405948	736924.3342715527	55.77514605976222	1292.915563488007	22.393036238352806	1671630.6543095105	501.448071972182	857.616906549025	6.243867078677681	38.98587609619496	735506.758398719	894.6199425416269	678.2673668300691	1.180433	37.105118	0.244965634573533	0.1676055805018038	0.1464973846	0.2215246274	-0.0305526759	0.1272612034	-0.0860480705	0.0664217925	0.0289261967	-0.2416243871	-0.1086170451	0.105419836	-0.101056062	-0.1185460493	0.1474493238	0.052701313	-0.1727747722	0.0098136375	-0.0625735554	-0.0811568463	-0.1323153554	0.067134932	-0.1895386419	0.06418934	0.3120654573	-0.1053485658	-0.0262656	-0.0126349676	0.0956476178	-0.0090429274	0.0028250139	-0.0311187135	-0.0306268897	-0.0643747179	0.026957409	0.0611628746	-0.1280930428	0.0915146193	0.0158232849	-0.167126716	0.0169418763	-0.0554769078	-0.079513315	0.0911902631	0.1338299026	-0.1280334759	-0.0091004463	-0.0006310119	-0.0732492643	0.0095868065	0.1443133821	0.3360517605	0.0440748339	0.0661706513	0.0779516488	0.0823209296	0.0629477403	0.1461874361	0.1128034959	-0.1697585994	0.0671953854	-0.1481809965	0.1197410661	0.0302411138	0.0504118487	0.1087640916	-0.0322685808	-0.0288671849	-0.0463961262	0.1580094561	0.1602912259	0.0513027984	0.0595566916	-0.0511393745	-0.0850121723	-0.0447272385	0.1105541118	0.0489627975	-0.0185816693	0.1073107352	-0.0876327994	-0.0101290257	0.1013839798	-0.1275100165	-0.2122431573676095	0.0079905479202154	0.0450471578493718	6.384885606525895e-05	0.0288536933828424	0.0022994061110495	5.287268463531785e-06	0.000832535621831	0.5562546870195035	-0.1451032856388181	0.0210549635031804	0.3094192768311658	-0.0036989573709971	0.0013610320774657	1.3682285632453776e-05	1.8524083158908703e-06	-0.0050026282736606	-0.0002596664808354	2.502628964442843e-05	6.742668126949279e-08	-0.0045618124630089	-0.0001707493397676	2.0810132947663324e-05	2.9155337031105333e-08	0.0	0.0	0.0	0.0	0.0	0.0	0.0	0.0	0.0	0.0	0.0	0.0	0.0	0.0	0.0	0.0	0.0	0.0	0.0	0.0	0.0	0.0	0.0	0.0	0.0	0.0
854.6094860088659	-3.833484881776712	730357.373576338	14.695606338810617	1247.1270586013793	-45.78850488662761	1555325.900295728	2096.58717975272	850.3452488152556	-7.271657733769416	52.87700619708856	723087.0421826789	888.7201650816487	721.0276309229845	2.182186	68.593712	0.7063965226155741	0.4177523960607567	0.0082422482	0.0991215236	0.0550387162	-0.0630930754	0.1230274762	-0.2300166068	-0.3822313753	-0.0266982523	0.0201506465	0.1623916846	0.082803467	0.4033368236	0.0503729891	-0.1083554989	-0.0122255183	0.1126396648	0.1754657038	-0.0257098304	-0.0226420784	0.187070972	0.0847519874	-0.266571074	-0.0901435342	0.4157021989	0.1152849356	-0.0586497755	-0.1575761758	0.038805711	-0.039110626	-0.0396817177	-0.1027936563	-0.1153020183	0.1252799107	-0.0883740653	-0.0248507676	0.0941611903	0.0827750611	0.1490525259	0.2993067124	-0.0009590134	0.0213255217	-0.2561012021	0.070514123	0.2059021068	-0.0129116055	0.1623262561	-0.3479823039	0.2379334288	0.1067011053	-0.3526629565	-0.0298008559	-0.0060986054	0.1154619796	0.0257129036	0.0178141178	0.1253522208	0.0568102673	0.001248799	-0.0205448929	-0.0557368523	0.0640247209	-0.2504974147	-0.131701994	0.1269456113	0.0037666757	0.1976824915	0.0221704476	-0.4238001271	-0.1421801851	0.0126337025	-0.252285197	0.2416633661	0.217082108	0.240634687	-0.3866921637	-0.0583205394	0.0237182249	-0.0457514723	-0.090084361	-0.0033794295	0.0948006283	-0.1289225186	-0.2341753892752649	-0.0219322319076554	0.0548381129422218	0.0004810227964511	0.1715788085158323	0.1427251151329898	0.0203704584897252	0.0294392875317126	0.2181817544452897	-0.3380729325742138	0.1142933077393289	0.0476032779728246	-0.0005920426180835	0.0031069147529136	3.505144616271652e-07	9.652919281872176e-06	-0.00411215947185	0.0008904688018105	1.690985552192567e-05	7.929346869980053e-07	-0.004637753768299	-7.59413052901e-05	2.150876001537157e-05	5.76708184916417e-09	0.0	0.0	0.0	0.0	0.0	0.0	0.0	0.0	0.0	0.0	1.0	0.0	0.0	0.0	0.0	0.0	0.0	0.0	0.0	0.0	0.0	0.0	0.0	0.0	0.0	0.0
866.6247325186533	12.015246509787405	751038.4270130275	144.36614869095837	1286.0294921875	38.90243358612065	1653871.854776039	1513.3993389225282	854.6428830642109	4.297634248955319	18.46966013779375	730414.4575723064	896.9638629903721	770.3739864048539	2.582971	81.19177999999998	1.071258331878487	0.7388066859867877	-0.1514741608	-0.0911678146	0.4217362926	-0.0397803144	0.2540767654	0.1974047641	-0.1463607998	0.0440077712	0.1081081084	-0.0436866965	-0.0786514001	0.2949123375	-0.0648586133	-0.0702818523	0.0267556746	-0.2121406298	-0.326121452	0.2762692472	0.1340076328	-0.2994051063	-0.0881473022	-0.054764086	-0.1053325859	0.0771004122	-0.087791821	-0.0400027485	-0.0349881017	0.2590708278	-0.0505261653	-0.0987255669	-0.0269421747	0.0649402021	-0.0276244629	-0.0514206684	0.1179057201	0.0510523894	-0.2099466088	0.1040086578	0.2333303468	-0.1981849132	-0.0609900535	0.0494389083	-0.5204763455	0.1010686748	0.161696744	-0.1485776278	0.2961098698	0.1840567211	0.1059593969	-0.0723979916	-0.127658716	-0.0295807445	0.0976511187	0.0681927642	-0.1341163508	0.1053444088	0.0532366991	0.2993058817	-0.1751193516	-0.0877178427	0.0756352313	0.1569173693	-0.1019887078	0.0893863446	0.1418386783	-0.1638433847	0.052353943	0.1426892273	-0.3730399012	-0.0045090511	0.1877263945	0.1820337005	-0.1095329014	-0.2463324101	-0.2044212756	0.0683309104	0.2970578378	-0.0109069333	-0.0924741833	0.0033794295	0.0876327994	-0.1289225186	-0.2518493412178202	-0.0176739519425553	0.06342809067185	0.0003123685772677	0.1139449119744995	-0.0576338965413327	0.003321666030537	0.0129834429648764	-0.211734531370979	-0.4299162858162687	0.1848280128100556	0.044831511774888	0.0102251258422441	0.0108171684603276	0.0001045531984897	0.0001170111334991	-0.0043233603597732	-0.0002112008879232	1.8691444800458253e-05	4.460581505954816e-08	-0.0049300683716148	-0.0002923146033158	2.4305574148796603e-05	8.544782731167364e-08	0.0	0.0	0.0	0.0	0.0	0.0	0.0	0.0	0.0	0.0	0.0	1.0	0.0	0.0	0.0	0.0	0.0	0.0	0.0	0.0	0.0	0.0	0.0	0.0	0.0	0.0
859.4939233375304	-7.130809181122913	738729.8042541406	50.84843957758683	1222.4432638804117	-63.58622830708828	1494367.5334065938	4043.2084303211545	850.0235163252484	-4.619366738962526	21.338549069033284	722539.9783059397	882.129612397547	742.9709287538119	2.38359	74.924553	0.7440613389897974	0.5235074539049024	-0.1280916307	0.0243032736	0.0790540616	-0.2893946549	-0.3990826242	-0.1179183528	-0.1644944658	0.0751375088	0.2726998464	0.1355815121	-0.0846342835	-0.1471037374	-0.1531693415	-0.020015664	0.3778858857	-0.0041196446	-0.0698358034	0.0930667428	-0.1133938296	0.1857505045	-0.0010432846	-0.0879040877	0.2746909978	-0.0639686352	-0.0653068991	-0.1187933216	-0.1672278481	-0.2461856288	0.0226912972	0.1106909002	-0.0700431747	-0.0728244396	-0.2104764979	-0.0740076428	0.212905285	0.2637772961	0.1564792895	0.0932227592	-0.2160940575	0.1516331528	0.3672591523	-0.0342842786	-0.0962985412	-0.1742761361	-0.1297496839	0.1069763005	-0.0103501201	-0.0243167466	0.4558262731	0.0294108655	0.1771049825	-0.0608446463	-0.2640697152	0.1846666127	-0.1301024481	0.0491998458	-0.013968918	0.1128175817	-0.0325031222	0.1957548439	-0.125037333	-0.381893847	-0.2769932821	0.0788031815	0.1246650616	0.3086107127	0.3345406624	0.0530035172	0.2185659017	0.1691695541	0.2818853206	-0.3002432678	0.1509992907	0.01792877	0.1487654436	0.1326278465	0.1568096944	-0.1329029072	-0.0948006283	0.0101290257	0.0799246852	-0.1275100165	-0.2287620822910554	0.0230872589267648	0.0523320902941396	0.0005330215247514	0.2867678439693577	0.1728229319948582	0.0298677658232993	0.0822357963348339	-0.7030158937646434	-0.4912813623936644	0.241357377035375	0.4942313468857003	0.0103433499131891	0.0001182240709449	0.0001069848874266	1.3976930950808387e-08	-0.0048903295110149	-0.0005669691512417	2.3915322726303232e-05	3.21454018459734e-07	-0.0044778658803113	0.0004522024913035	2.005128284205609e-05	2.044870931410921e-07	0.0	0.0	0.0	0.0	0.0	0.0	0.0	0.0	0.0	0.0	0.0	0.0	1.0	0.0	0.0	0.0	0.0	0.0	0.0	0.0	0.0	0.0	0.0	0.0	0.0	0.0
867.2506780482182	7.756754710687801	752123.7385750943	60.16724364177739	1265.515060122808	43.07179624239643	1601528.3673976343	1855.1796315465156	852.579797860079	2.556281534830646	6.534575285316122	726892.3117191332	890.2596132465815	804.6323045289834	2.890159	90.847786	5.320783772262669	2.7893409237887288	-0.0531288817	-0.2116951409	-0.2277456134	0.0015839293	0.5201933294	-0.5333162422	-0.0485823328	0.2128299117	-0.0284367148	-0.099204606	0.5455611681	0.5023184586	-0.0025590666	-0.0718822224	0.0027400928	0.1996000279	-0.0367352995	0.1143375583	-0.1841021784	0.0371866456	0.0230838648	0.1391120826	0.0679760017	-0.2954005713	-0.0383185928	-0.0183329341	0.0983954621	-0.084853361	0.1138991368	0.0045289057	-0.0183860606	0.0942401375	-0.1144252107	0.1207279101	0.0091786592	-0.4172174497	0.2453247658	0.4403858039	0.4559527359	-0.0776436949	0.1313127717	0.0439358889	0.0843456048	0.063226938	-0.2538381846	0.0552717173	0.0413803227	-0.0301924162	-0.0108557111	0.2193578108	-0.0946356581	-0.0425036582	-0.0997752436	0.0745655719	-0.0098386514	-0.4069673633	0.1428517373	-0.0087215977	-0.0424282901	0.0880569016	0.0806272007	0.1355207115	-0.1851436221	0.217723037	-0.5335514164	0.0541142302	0.1390960855	-0.1603228051	0.1026350465	-0.3783002861	0.0150854412	-0.0049448233	-0.1275307905	-0.0840482417	-0.0268585351	0.2474843679	0.0319692681	0.0404423689	-0.0970621018	0.016850859	0.0717238087	-0.124700488	0.4145629782011184	0.6433250604921739	0.171862462894981	0.4138671334572592	0.6865463692639366	0.3997785252945789	0.1598228692867082	0.4713459171494936	-2.6718646156386754	-1.968848721874032	3.8763652896250096	7.138860524302007	0.038279679850123	0.0279363299369338	0.0014653338894279	0.0007804385303452	-0.0153246171704515	-0.0104342876594366	0.0002348438914208	0.0001088743589598	0.0033281458153559	0.0078060116956671	1.1076554568270986e-05	6.09338185928931e-05	0.0	0.0	0.0	0.0	0.0	0.0	0.0	0.0	0.0	0.0	0.0	0.0	0.0	1.0	0.0	0.0	0.0	0.0	0.0	0.0	0.0	0.0	0.0	0.0	0.0	0.0
882.8848537981714	15.634175749953217	779485.6650662186	244.4274513804252	1310.598237546285	45.083177423476855	1717667.7402594285	2032.492886596693	870.394220514815	17.81442265473595	317.3536545215694	757586.0991055924	910.7441563065768	822.1581479562085	2.130505	66.969193	0.6917052612396108	0.3416448641156748	-0.0429199177	-0.2190535946	-0.1845375682	0.0505764218	0.1283526381	0.0078401144	0.3496055318	0.2684502123	-0.1648822994	-0.435987325	0.1850641849	-0.1767763924	-0.0487427988	0.1886199323	0.0572273798	-0.153690955	-0.1347392334	0.0533983343	-0.038241142	0.0262605152	-0.0262008865	-0.145907856	0.0182708135	0.005671809	0.0976075439	0.039164058	-0.0729356742	-0.0358057624	0.0759374741	0.03165034	-0.0944979812	-0.058421262	-0.0700071719	-0.0742238454	-0.0383191205	-0.4745860801	-0.1200370735	-0.0165979908	-0.1868603393	0.1186399711	-0.0684682408	0.0087674941	-0.1482440701	-0.2282350365	0.0288183363	0.0448709574	0.0045107365	0.1865197621	0.0872050468	-0.0065573591	0.0578553256	0.0060763901	-0.1102803505	0.0363096675	0.0164054571	-0.4883023593	0.1470962702	0.0484814326	-0.0405208813	0.0242617521	0.122903063	0.2013847239	-0.0495064142	0.0621349714	0.0183358206	0.0932150915	0.1441175552	0.019114817	-0.0204944259	0.3660950064	-0.1113119967	0.0174074013	0.1692159858	-0.2582254729	0.0634626995	-0.5354972984	-0.1362100854	-0.0538011018	-0.0992570537	0.0235265052	0.063080731	-0.1205247148	0.4148620200345192	0.0002990418334007	0.1721104956671218	8.942601812370746e-08	0.809667351938586	0.1231209826746493	0.0151587763747713	0.655561220795242	-2.5301953408913747	0.1416692747473007	0.0200701834074261	6.40188846306842	0.0358278550516191	-0.0024518247985039	0.0012836351975998	6.011444842558691e-06	-0.0115162362267784	0.0038083809436731	0.0001326236968309	1.4503765412132413e-05	0.0056002593128641	0.0022721134975082	3.136290437132108e-05	5.1624997455589455e-06	0.0	0.0	0.0	0.0	0.0	0.0	0.0	0.0	0.0	0.0	0.0	0.0	0.0	0.0	1.0	0.0	0.0	0.0	0.0	0.0	0.0	0.0	0.0	0.0	0.0	0.0
866.4905063431466	-16.394347455024786	750805.7975828027	268.7746284760777	1294.2767921288807	-16.32144541740422	1675152.414643426	266.38958051330525	858.7406032355257	-11.653617279289278	135.80679569214965	737435.4236453145	900.3742308628649	783.0780785566459	1.639049	51.521011	1.042447610297407	0.5019121640360552	0.0002856902	-0.1077746263	-0.1663069058	0.0523060798	-0.0447045684	-0.1537192353	0.3470140536	0.1916807494	-0.0115805798	-0.1693466664	0.3053410744	-0.1809120396	0.1232484431	0.0332112934	0.0946582709	-0.1115112864	0.0452501462	0.0425673062	-0.0255851359	0.0095116719	0.0390302481	-0.0850510411	0.0178084393	0.059389964	-0.0359768896	0.0500576699	0.0438079156	0.0667210733	0.027642026	-0.0531881217	0.0939956669	-0.0337420731	0.0794851891	-0.0740725751	0.0246701521	-0.3377846872	0.1394495414	-0.124996304	-0.1128769976	0.0289724826	0.0657669015	-0.0768340212	-0.1190264409	-0.0773017726	-0.0693826951	0.0759677576	-0.000714973	-0.0512521917	-0.1149409871	-0.008593676	0.0461334446	0.0895336061	0.0755687255	-0.0911980935	0.0004765675	-0.4017462759	0.0919822044	0.0321809533	0.1073632217	-0.073349048	0.049131446	-0.0769915231	0.0697202032	-0.0498281888	0.086991878	-0.0277065755	-0.1185843608	0.0884719306	-0.0373522159	-0.1014786104	0.0353400121	-0.0561177797	-0.0655452666	0.3152538434	-0.1013695887	0.2347181716	0.1243327241	0.0450221012	-0.1013839798	0.0301376669	0.0540487397	-0.1150284477	0.2316766867030395	-0.1831853333314797	0.0536740871616983	0.0335568663477653	0.7483648681911177	-0.0613024837474682	0.0037579945136086	0.560049975942709	-2.1749883674624755	0.3552069734288992	0.1261719939725187	4.730574398597084	0.0326390619971613	-0.0031887930544577	0.0010653083680545	1.0168401144158272e-05	-0.008988864174207	0.0025273720525714	8.07996791423421e-05	6.387609492118973e-06	0.0024613680241021	-0.003138891288762	6.058332550072275e-06	9.85263852266597e-06	0.0	0.0	0.0	0.0	0.0	0.0	0.0	0.0	0.0	0.0	0.0	0.0	0.0	0.0	0.0	1.0	0.0	0.0	0.0	0.0	0.0	0.0	0.0	0.0	0.0	0.0
870.4964714547167	4.005965111570049	757764.1068151124	16.047756475116437	1303.4033812999726	9.126589171091837	1698860.3743842016	83.29462989789079	863.8368146083152	5.096211372789526	25.971370356149304	746214.0422726407	906.5002082440354	771.5458326200766	1.186624	37.299717	0.346348639089012	0.1850434498092581	0.0105777797	-0.0946438636	-0.1069026886	0.0975063081	0.0513685064	-0.1063615604	0.3851574504	0.1616717847	-0.0780105548	-0.3069096306	0.2804918048	-0.233283593	0.1576108086	-0.0002890227	0.0082783732	-0.1575425451	-0.0143178579	-0.1191599818	-0.0221426482	-0.0942180454	-0.0435892842	-0.0232850221	0.0110725587	0.0899452738	-0.0580995126	-0.0114313311	-0.0374553886	0.1617034464	-0.085088656	0.1161230546	0.0544030493	-0.0962115194	0.0533365541	0.0360991641	0.0120061852	-0.4454332291	0.0289406851	-0.1933032262	-0.1320447619	-0.0109383431	0.0106486451	-0.0955908281	-0.0704286386	-0.1035630016	0.1728737105	0.0189591223	0.0170677693	-0.074455592	0.0633379897	0.0135258503	-0.0511783592	-0.030409252	0.0604035087	-0.1085024067	0.0179099123	-0.4139701845	0.074488046	0.0595211328	0.1554673789	-0.1657028192	0.0159994928	-0.122831049	0.1510889324	-0.1842848351	0.3745400547	-0.0136598945	-0.1285733631	0.1282512012	-0.1371712022	0.1137530961	-0.019863318	-0.0565682928	0.0622091245	0.1740830348	-0.0054066206	0.2116118186	0.0047265209	0.0322207401	-0.1034414224	0.0366662233	0.0446835199	-0.1082719048	0.1816741297346595	-0.05000255696838	0.0330054894148458	0.002500255703376	0.7216335693358076	-0.0267312988553101	0.0007145623384919	0.5207550083923378	-2.033872238212404	0.1411161292500713	0.0199137619345228	4.136636281371135	0.0311996959702609	-0.0014393660269004	0.0009734210286367	2.0717745593950515e-06	-0.009082131809365	-9.326763515800016e-05	8.248511820267959e-05	8.698851767965827e-09	0.0014240286058555	-0.0010373394182465	2.027857470294759e-06	1.0760730686481942e-06	0.0	0.0	0.0	0.0	0.0	0.0	0.0	0.0	0.0	0.0	0.0	0.0	0.0	0.0	0.0	0.0	0.0	0.0	0.0	0.0	0.0	0.0	0.0	0.0	0.0	0.0
856.194471583959	-14.301999870757754	733068.9731709347	204.5472003031548	1251.5430991490682	-51.86028215090437	1566360.1290276544	2689.48886477141	851.8244815323704	-12.012333075944753	144.29614592743633	725604.9473378917	893.434649804257	733.5590700605895	2.422729	76.154831	2.2110112367799424	1.1223100282462852	-0.1087194513	0.0970314098	-0.1795557899	-0.1311589539	-0.1199178196	-0.2415992644	0.1137378808	-0.066030722	0.1880363661	0.0401674188	0.1916131083	-0.0768307584	0.160948939	0.0628378161	0.0781135996	0.0853074009	0.3451267154	-0.0447592947	-0.1007942456	-0.203862267	-0.0451582011	0.1263281658	0.0015083242	0.0576999613	0.0877053898	-0.1961148222	-0.0905998521	-0.1246294049	-0.2500846416	0.0042011389	-0.0419727731	0.1369771033	0.0820903124	-0.1346610453	0.1695038214	-0.0856896131	0.215766497	-0.2548137937	0.0451149065	0.0687892448	0.013789911	-0.0517282483	-0.1120464119	0.3995609074	0.1192631548	0.1482625242	-0.1349367117	-0.3928039021	-0.0186699488	-0.1011652495	0.1880086067	-0.0548860293	-0.0346700075	0.0489797664	-0.1192609732	-0.0958320319	-0.0492239516	-0.1391078745	0.2211014107	0.1800408749	-0.177696385	-0.512493376	-0.0192996691	0.1124031925	0.0253244609	-0.3901000752	-0.1402521243	0.0806478929	-0.033750064	-0.3332307875	0.12273739	0.0888689578	-0.0287168379	-0.1851778093	0.0218886566	-0.3417922939	-0.1111347497	0.0758350854	-0.1054279714	0.0430942802	0.0350428114	-0.1003291122	-0.1945787068344913	-0.3762528365691507	0.0378608731533829	0.141566197026332	0.5289695624523318	-0.1926640068834757	0.0371194195483959	0.2798087980010114	-1.3324889864410778	0.7013832517713263	0.4919384658653197	1.775526898986771	0.0189184289086485	-0.0122812670616123	0.0003579069523715	0.0001508295206386	-0.0071840883760301	0.0018980434333349	5.16111257946108e-05	3.6025688748257364e-06	-0.003210883730317	-0.0046349123361725	1.0309774329614413e-05	2.1482412364004022e-05	0.0	0.0	0.0	0.0	0.0	0.0	0.0	0.0	0.0	0.0	0.0	0.0	0.0	0.0	0.0	0.0	1.0	0.0	0.0	0.0	0.0	0.0	0.0	0.0	0.0	0.0
868.4273520084997	12.23288042454078	754166.0657164947	149.64336348111303	1284.5975426355997	33.054443486531454	1650190.8465454213	1092.5962342043017	859.4767289509144	7.652247418543993	58.55689055461321	738700.2476081636	897.6549531028613	751.0514486757525	2.318571	72.880775	1.5544760385475618	0.8018452549379078	-0.1473887472	0.1177358418	0.0656063666	-0.0946862929	0.2937402458	0.1260479261	-0.084146902	-0.2487224842	0.1344976492	-0.0867864732	-0.1615711295	0.1832875554	0.0426328883	0.0342147533	-0.0171684947	0.1043888035	0.0245920612	-0.1465219143	0.072791609	-0.2337617268	-0.0585776132	0.2490764428	0.1615864137	-0.0947473706	0.0616124095	0.1575983102	0.0385489746	-0.0313231962	-0.0738601176	-0.0788519682	-0.0619969486	-0.1260383783	0.0535599429	0.0469204161	0.1647045459	0.0843001938	-0.1950734505	0.0929280457	0.1976823704	-0.032458526	0.0138176758	0.2105999756	0.1003064498	0.083136804	0.011425278	-0.005959959	0.202620571	-0.4022476744	-0.1220147217	0.1055544484	0.0976162856	0.1692284488	0.0285613332	-0.0162766797	-0.183527821	0.1096102998	-0.0374709095	0.0486211712	-0.008861342	0.1918893769	-0.0178948502	0.1865515827	0.0101823297	0.2648834166	-0.1481064307	-0.4845254203	0.1146329036	0.1890318475	-0.0421789147	0.1579572585	-0.2487192646	-0.1152726669	0.2244600245	0.4089167629	0.1130782309	0.0489512081	0.0097955459	-0.1172491214	-0.1073422654	0.0494042187	0.0251860523	-0.0912870929	-0.44379157615667	-0.2492128693221786	0.1969509630676214	0.0621070542357933	0.3344522527301876	-0.1945173097221442	0.0378369837815406	0.1118583093562972	-0.7410055627324041	0.5914834237086737	0.3498526405221344	0.549089244000367	0.0129374524308743	-0.0059809764777742	0.0001673776754011	3.577207962768829e-05	-0.0068928027647732	0.0002912856112569	4.7510729954065066e-05	8.484730732530625e-08	-0.0073238703571772	-0.0041129866268602	5.363907700873888e-05	1.6916658992730846e-05	0.0	0.0	0.0	0.0	0.0	0.0	0.0	0.0	0.0	0.0	0.0	0.0	0.0	0.0	0.0	0.0	0.0	1.0	0.0	0.0	0.0	0.0	0.0	0.0	0.0	0.0
869.6754615719145	1.2481095634148005	756335.4084603225	1.557777482287484	1257.4105477333069	-27.18699490229278	1581081.2855509748	739.1326918172937	861.2680579370307	1.7913289861162411	3.2088595365002406	741782.6676226244	898.7353899016489	766.8520729712426	1.543531	48.518578	0.7076880154867558	0.3505648995102723	-0.1677841408	0.0475750405	0.0180912435	-0.2032348584	-0.0442692122	0.043971403	-0.0520987538	0.0126693631	0.1347736646	-0.1565166321	-0.1266358373	-0.0644685377	0.0282194739	-0.1177029379	0.0582150287	0.0602401071	0.0097877866	-0.1368398951	0.0133699709	0.1188877292	-0.0044736611	0.1069160353	-0.0341623218	0.0104410698	0.0210419641	-0.034970145	-0.0419991127	0.1033914309	0.1305702372	-0.020753278	-0.1118972751	0.0819096642	-0.0423707891	0.0129588911	0.1765703498	0.0168368279	-0.1441315251	-0.0671233429	-0.0848959836	-0.0318751395	0.1475442541	-0.0490384143	0.1056374079	-0.0187920167	0.0837952753	-0.1035966278	-0.1769611323	-0.0320519244	-0.0569557875	-0.0315331099	-0.0108167993	-0.0416076819	0.0965604873	0.0937109862	-0.1952305312	0.0473177398	-0.0955726959	0.0673240326	0.1610646443	-0.0489604986	-0.1556386324	-0.0007349084	-0.0319724123	-0.0584977922	0.0142031175	-0.0396488857	0.0512500653	-0.0959333218	0.0057367335	-0.0040402824	-0.1790776159	-0.0240438039	0.0811724699	-0.0502367818	0.1147024291	-0.0070958318	0.0406183541	-0.0658860248	-0.1091829923	0.0555787436	0.0151740128	-0.0812449131	-0.233261071889828	0.2105305042668419	0.0544107276591915	0.0443230932268507	0.3562630003238922	0.0218107475937046	0.0004757087105962	0.1269233253997816	-0.70345109619889	0.0375544665335141	0.0014103379566168	0.49484344474342	0.0147545411011677	0.0018170886702934	0.000217696483106	3.3018112357086376e-06	-0.003369034878951	0.0035237678858221	1.135039601558838e-05	1.2416940113151854e-05	-0.0039088809714389	0.0034149893857383	1.5279350448877116e-05	1.1662152504705253e-05	0.0	0.0	0.0	0.0	0.0	0.0	0.0	0.0	0.0	0.0	0.0	0.0	0.0	0.0	0.0	0.0	0.0	0.0	1.0	0.0	0.0	0.0	0.0	0.0	0.0	0.0
868.1580919243578	-1.517369647556734	753698.4725737417	2.302410647326447	1283.3764376004538	25.96588986714687	1647055.080588031	674.2274365928005	860.7432320055111	-0.5248259315195583	0.275442258395372	740878.9114432931	900.4955763502145	760.1570366291912	1.204587	37.864365	0.2481576838699941	0.1321300482466016	-0.1268744735	0.0829491904	0.0855709505	-0.0972210751	0.0662332847	0.1408723253	0.0365378144	-0.0651838968	0.110392674	-0.1243248436	-0.1602075303	0.0228847306	0.0533110822	-0.1760657242	0.0418403993	-0.0423505603	0.0063031096	0.0871316377	0.0895201237	0.0717966617	0.0122574	0.0958661626	0.1408706734	0.0009910221	0.1111898003	-0.0147664779	0.0636308949	0.0361491842	-0.0583088686	0.0173891885	-0.1064738116	0.1058332078	0.1108409428	0.0442650587	0.1371362048	0.0400588711	-0.1991675562	-0.0364212089	0.0249767076	-0.1258679609	0.0961546543	-0.0475629241	0.0670093941	-0.1112693365	-0.11768872	-0.0524579184	0.0530319245	-0.0424943704	-0.0835745904	-0.0306493681	0.1810933451	0.0159513465	0.0950090129	0.0234718083	-0.1881374619	0.0957080395	-0.0902062647	0.1646345294	0.1232441902	-0.1290627826	-0.0749167283	0.1333828453	-0.0117836045	0.0299361629	-0.0350828419	-0.0293069977	0.0639320424	0.1139574335	0.0824435938	-0.0066276715	-0.1049781638	-0.0425759802	-0.0941859319	0.0038953914	-0.1574570605	-0.1057530811	-0.0018834529	0.1337129216	-0.1109488906	0.0616009311	0.0050684204	-0.0703125971	-0.2326070282257859	0.000654043664042	0.0541060295800315	4.2777311447360507e-07	0.2895567131598824	-0.0667062871640097	0.0044497287472073	0.0838430901359544	-0.6252877789957978	0.0781633172030922	0.0061095041561912	0.3909848065614976	0.0135160872165054	-0.0012384538846623	0.0001826846136441	1.5337680244351427e-06	-0.0041227211004053	-0.0007536862214542	1.6996829271727084e-05	5.680429204100597e-07	-0.0038483403607785	6.054061066039984e-05	1.4809723532396795e-05	3.665165539134119e-09	0.0	0.0	0.0	0.0	0.0	0.0	0.0	0.0	0.0	0.0	0.0	0.0	0.0	0.0	0.0	0.0	0.0	0.0	0.0	0.0	0.0	0.0	0.0	0.0	0.0	0.0
868.5752190251349	0.4171271007770656	754422.911104561	0.1739950182026802	1274.2711104075113	-9.105327192942468	1623766.8628191918	82.90698329053757	858.7581719450249	-1.985060060486262	3.9404634437377215	737465.5978823609	897.9129794642066	767.9512293694697	1.027683	32.303677	0.2628191378827118	0.1269397165749866	-0.1406551308	0.0389665467	0.1409079704	-0.1184492402	0.0029806163	0.132374202	-0.0319289146	-0.0054462992	0.1129743527	-0.0797881509	-0.1072042795	-0.0175063797	0.0543087921	-0.3164666259	0.1325145692	-0.0555559693	-0.0162552882	-0.1807287636	-0.0265065135	0.1403879076	0.0668575389	0.0529070637	-0.1203015296	0.0034939385	-0.0479611287	-0.0678735895	-0.0646024614	-0.0161100522	0.0038556327	0.0610297178	0.0922339559	0.1147484532	0.0522336809	-0.0263746238	0.1238189531	0.0472115823	-0.1275764549	-0.0191388147	-0.035986257	-0.17422061	0.2335162674	-0.1564697854	0.0730173633	-0.1121459397	0.0696748975	-0.0374739302	-0.079450633	-0.0312833428	-0.0575792172	-0.0419454101	-0.0399615873	-0.1406665201	0.0777636889	-0.0747062341	-0.1735106801	0.0649078237	-0.1107589555	0.1694629881	0.1625991945	-0.1950223159	-0.1031196354	0.0226698606	0.0207393568	-0.0231617994	-3.33592e-05	0.0472026136	0.0153363793	-0.119373004	0.0870593865	-0.0631805945	-0.1124130136	-0.0467444415	0.0276626029	-0.0966325911	0.0006997167	-0.0068965556	-0.0139100311	0.0265416208	-0.1126387502	0.0674542747	-0.0050684204	-0.0586099215	-0.172762054029306	0.0598449741964799	0.0298467273124248	0.0035814209365773	0.3080475318055846	0.0184908186457021	0.0003419103741882	0.0948932818515126	-0.5500706486422331	0.0752171303535647	0.0056576166986251	0.302577718497687	0.0123603784182758	-0.0011557087982296	0.0001527789546429	1.3356628263053075e-06	-0.0036206802125993	0.0005020408878059	1.3109325201908113e-05	2.520450530290365e-07	-0.0033207657530748	0.0005275746077037	1.1027485186794444e-05	2.783349666937131e-07	0.0	0.0	0.0	0.0	0.0	0.0	0.0	0.0	0.0	0.0	0.0	0.0	0.0	0.0	0.0	0.0	0.0	0.0	0.0	0.0	0.0	0.0	0.0	0.0	0.0	0.0
873.3440022168459	4.768783191711009	762729.7462081381	22.74129312954544	1286.7793968836463	12.508286476135028	1655801.2162442403	156.4572305690624	860.4822723388672	1.7241003938423771	2.9725221680474405	740429.7410094605	898.8758767923119	774.6102768643502	1.042624	32.773296	0.1661402579169194	0.095766989008069	-0.1181550905	0.0269183914	0.0735391748	-0.090244684	0.0020814779	0.1755936905	0.049143877	0.0144992333	0.0911178629	-0.1038419564	-0.137174382	0.0151914742	0.0718648218	-0.3522851255	0.0863851716	0.0596532449	-0.132794478	-0.0363231641	-0.0526229101	0.0301328889	0.1145751837	0.2283006049	0.0874990788	-0.004728466	0.0335544171	0.0744237093	0.0167837471	0.0518542229	0.0131987367	-0.1445901306	0.0672199658	-0.0991463026	0.0370402746	-0.00050489	0.1128494772	0.0543046899	-0.1626861715	0.0158122687	-0.0297002402	-0.276342142	0.295584718	-0.0259654469	0.0659343569	-0.0605535428	-0.0053129219	0.0113318133	-0.0316626632	-0.0574990323	-0.1264509086	0.0153047392	-0.0406370849	0.0680581147	0.1783345682	0.065990794	-0.1767263715	0.0804310975	-0.1317021702	0.2064861326	0.1687444249	-0.1952270685	-0.1034060973	0.1041199359	-0.0046063559	-0.0324229926	-0.0334729291	0.1488447255	0.1407839166	0.1073795684	0.1340461355	-0.0288014187	-0.1045938834	0.0261580122	-0.1463395369	0.0438144884	-0.0359672324	-0.0307201372	-0.1797549613	0.2303741267	-0.1142514127	0.0731227308	-0.0151740128	-0.0462651033	-0.160611816193267	0.0121502378360389	0.0257961555008997	0.0001476282794723	0.2517198266985332	-0.0563277051070513	0.0031728103626269	0.0633628711531396	-0.6257031796230521	-0.075632530980819	0.0057202797425645	0.3915044689903974	0.0122483003672395	-0.0001120780510363	0.0001500208618861	1.2561489524095471e-08	-0.0038171893430491	-0.0001965091304497	1.457093448068762e-05	3.861583835013648e-08	-0.0031887572547007	0.000132008498374	1.0168172829406346e-05	1.7426243642984674e-08	0.0	0.0	0.0	0.0	0.0	0.0	0.0	0.0	0.0	0.0	0.0	0.0	0.0	0.0	0.0	0.0	0.0	0.0	0.0	0.0	0.0	0.0	0.0	0.0	0.0	0.0
878.1477908587507	4.803788641904816	771143.5425901042	23.07638531609372	1290.060968907674	3.2815720240275823	1664257.3034990064	10.768714948880485	862.9968758989675	2.514603560100227	6.323231064468735	744763.6078113778	902.6687073522612	799.2586560941669	1.550923	48.750923	0.6970027340020833	0.4704631155289615	-0.1414318616	0.0103457474	-0.2059745914	-0.1247367176	0.1060832671	0.0956342916	0.2027710688	-0.0941878682	0.1378862758	-0.2002443068	-0.0537297717	-0.2001427077	0.1261460213	-0.2156744031	-0.139651169	0.2508144232	0.0722572645	0.0182976497	0.0804544525	0.0456290963	0.0558548291	-0.0563126937	-0.1753222724	0.0914928876	-0.0592641013	0.1538458667	0.0230521046	-0.0749741185	0.0171811755	-0.1319110074	0.0968776412	0.0484127521	-0.0850712839	-0.0251510416	0.1856402611	-0.1074357357	-0.0830762859	-0.1701322586	-0.1305550592	-0.1760171348	0.0585615251	-0.0062333957	0.3260567358	0.1332201349	-0.0735872555	-0.0983421445	0.0084971	0.1764787	-0.0251314225	-0.0708506477	-0.1185219318	0.0086126895	0.032077615	0.0601599962	-0.190244544	-0.0049876256	-0.2239710312	-0.0701656798	0.3062281051	-0.0515379681	-0.0257368345	0.0786101373	0.1815030237	-0.1902572161	-0.1534077756	0.1981375799	-0.1422215955	-0.0422887453	0.0505835737	-0.0097274265	0.0024105955	0.1473283216	0.1001995377	-0.1618362109	0.0777508747	0.1024844826	0.1777246756	-0.1220209011	-0.1157857731	0.0785907625	-0.0251860523	-0.033413395	-0.1562371254932628	0.0043746907000042	0.0244100393823975	1.9137918720703307e-05	0.1414028843175145	-0.1103169423810187	0.012169827776297	0.0199947756933123	-1.0601973724389424	-0.4344941928158903	0.188785203590732	1.1240184685264376	0.0140311255108289	0.0017828251435894	0.0001968724831006	3.178465492614568e-06	-0.0033228183014839	0.0004943710415652	1.104112146467635e-05	2.444027267382607e-07	-0.0038678992316495	-0.0006791419769487	1.4960644466194794e-05	4.612338248539243e-07	0.0	0.0	0.0	0.0	0.0	0.0	0.0	0.0	0.0	0.0	0.0	0.0	0.0	0.0	0.0	0.0	0.0	0.0	0.0	1.0	0.0	0.0	0.0	0.0	0.0	0.0
879.0626643819731	0.914873523222468	772751.1679103336	0.8369935634934919	1277.6844147046406	-12.376554203033264	1632477.46357914	153.1790939406204	856.9691503480424	-6.027725550925084	36.3334753172751	734396.1246482456	895.8214064744618	821.4877305918188	1.479221	46.497089	0.9091118305230352	0.4439910386867289	-0.1831655489	-0.0245172166	-0.2219860837	-0.187128497	0.0104654895	0.1332476803	0.1834111512	-0.1006254019	0.2228104138	-0.0245743765	-0.0061345322	-0.1566274837	-0.0691090247	-0.1439991321	-0.3977063724	0.1802744767	0.0350051734	0.2500710176	0.0377239095	-0.0860540005	-0.1479954036	-0.2344604835	0.0644677126	-0.0219905699	0.038944694	-0.0721670147	0.0545078038	0.1067279925	-0.0166220047	-0.0225152427	-0.0238972441	0.0144742402	0.0300032628	0.0044636547	0.2180124036	0.0146371702	0.0675781022	-0.0816184488	-0.1746233369	-0.2846870615	-0.2605751996	0.0349472587	0.0705939741	0.2646604678	-0.0762671918	0.099747643	0.0343002972	0.2472150601	-0.0096595689	0.0527662155	0.046601954	0.1614836138	-0.1375870938	0.0444075455	-0.193196037	0.0407924888	-0.3210778994	-0.1268321965	0.1685503494	0.155951187	0.3384857538	0.0981418286	0.0743520926	0.1021300336	-0.1061399325	0.1069310475	-0.0807082	-0.0766568382	-0.2750436648	0.1857118418	0.4922003324	0.0619145317	0.0522089763	0.0389378346	-0.0898551586	0.0439473948	-0.265968041	0.0223890876	-0.1172407796	0.0838433825	-0.0350428114	-0.0201956026	-0.3349588976735305	-0.1787217721802677	0.1121974631306666	0.0319414718512555	-0.1052731508402331	-0.2466760351577476	0.0608490663211463	0.0110824362878304	-0.8987357652487376	0.1614616071902048	0.026069850596444	0.8077259757372339	0.0123693717195849	-0.001661753791244	0.0001530013567372	2.7614256627138112e-06	-0.0034519085322712	-0.0001290902307872	1.191567251516671e-05	1.6664287684718368e-08	-0.0085221035295145	-0.0046542042978649	7.262624856776349e-05	2.1661617646265037e-05	0.0	0.0	0.0	0.0	0.0	0.0	0.0	0.0	0.0	0.0	0.0	0.0	0.0	0.0	0.0	0.0	0.0	0.0	0.0	0.0	1.0	0.0	0.0	0.0	0.0	0.0
873.7024081961832	-5.360256185789922	763355.89808781	28.73234637729912	1256.2681002298991	-21.41631447474151	1578209.5396552398	458.6585256810228	852.6204583219779	-4.348692026064441	18.911122337556453	726961.6459491797	887.800645158513	809.9150077901735	1.610754	50.631607	1.5575038679301745	0.7861122778111732	-0.1417311843	-0.0689871102	-0.097677469	-0.1840572166	-0.0215005793	0.0795536335	-0.0398743279	0.1008987152	0.2029282546	0.0991024361	0.0414851727	-0.0675120917	-0.2603955491	-0.1423571418	-0.2722636183	0.034285937	0.0068863279	0.1021375367	-0.1607464461	-0.0479464523	-0.1251292315	-0.1613751727	-0.0455499457	-0.1414809724	-0.0877482898	0.1783211922	0.0418121158	-0.0667072725	0.0620673197	0.3130856942	-0.004709915	-0.1130612382	-0.0156449199	0.0177937789	0.1660954681	0.1047117292	0.1470514153	0.1803166016	-0.1839689116	-0.2717794415	-0.2121368167	0.0050242338	-0.0062203899	0.0802098713	-0.0828598199	-0.0050919635	0.048469072	0.1213206353	0.0670618823	0.1588560543	0.1051586839	0.0025523324	-0.2442217118	-0.4616988786	-0.0910834559	-0.0095816924	-0.2317898343	-0.0580575002	-0.1103838285	0.3985903079	0.3527521081	0.1742790214	-0.0834871503	0.158722866	0.4758085441	0.1000372468	-0.1803552658	-0.1216650866	0.2009179124	-0.206634106	-0.2449161818	-0.1074589516	-0.2421590264	0.0281746462	0.0491120623	-0.030794653	0.0273648754	-0.0122491678	-0.1186154352	0.0888661936	-0.0446835199	-0.0067565429	-0.7197024675436126	-0.384743569870082	0.5179716417883646	0.1480276145563747	0.2309752656399268	0.3362484164801599	0.113062997585415	0.0533495733374347	-0.6642491975061802	0.2344865677425573	0.0549839504516849	0.4412269963876044	0.0099311687965022	-0.0024382029230826	9.862811366461895e-05	5.944833494129019e-06	-0.0035971586735208	-0.0001452501412496	1.293955052248592e-05	2.109760353302878e-08	-0.0179791567419297	-0.0094570532124152	0.0003232500771508	8.94358554624527e-05	0.0	0.0	0.0	0.0	0.0	0.0	0.0	0.0	0.0	0.0	0.0	0.0	0.0	0.0	0.0	0.0	0.0	0.0	0.0	0.0	0.0	1.0	0.0	0.0	0.0	0.0
877.8750359710153	4.172627774832108	770664.5787811115	17.41082254730035	1262.8631184895833	6.595018259684139	1594823.2560412353	43.494265845567206	853.6633131633433	1.042854841365397	1.0875462201592474	728741.0522410164	887.4441827346456	833.2277867993938	2.054446	64.578392	3.020477589333648	1.6263790656767505	-0.0622485611	-0.1851836547	-0.1024749394	-0.0788222937	-0.0297887998	0.1221797823	-0.049442302	0.1661718432	0.0612791553	0.1059848344	0.2011339952	-0.1245122684	-0.5459510447	-0.0051646629	-0.2918148287	-0.2677646053	-0.0517055049	-0.1899839221	-0.0427207898	-0.0084715514	0.3014125577	0.1587564851	0.030392817	0.0801448579	0.0383507691	-0.1261754687	-0.0208000436	-0.0508775671	0.0087810668	-0.1786549367	-0.0715019195	0.0285477899	0.0512525472	0.0670144489	0.0498564467	0.0449335754	0.2486799716	0.3839334249	-0.2975321564	-0.1025876777	-0.4106442734	-0.0691652121	-0.0008581955	-0.2092631705	0.0818892079	0.0165724795	0.0502076171	-0.2485796839	-0.0627410098	-0.1518938058	-0.0669803021	-0.1886363261	0.2172985056	0.33025064	0.0241618213	-0.1169036543	-0.4706604084	-0.2746648025	-0.4330136776	-0.3247265852	0.1458973371	-0.1018684169	-0.3127854395	-0.2826276505	-0.0355913493	-0.1825038137	0.0824779003	0.1331357255	0.1157178478	-0.0511934195	-0.0701289074	0.1136733266	0.1849450593	-0.0463805301	-0.0051130382	0.0487912485	0.0319396675	0.0047565763	-0.1199087977	0.0936454286	-0.0540487397	0.0067565429	-1.2946703402700308	-0.5749678727264182	1.6761712899749173	0.3305880546675427	0.1176320796188719	-0.1133431860210548	0.0128466778174034	0.0138373061554606	-0.5321287958627252	0.1321204016434549	0.0174558005304278	0.2831610553863138	0.0031884350687602	-0.0067427337277419	1.0166118187699862e-05	4.546445812322952e-05	-0.0183346402544135	-0.0147374815808927	0.0003361590332587	0.0002171933633471	-0.0404998640121494	-0.0225207072702197	0.0016402389850025	0.0005071822559509	0.0	0.0	0.0	0.0	0.0	0.0	0.0	0.0	0.0	0.0	0.0	0.0	0.0	0.0	0.0	0.0	0.0	0.0	0.0	0.0	0.0	0.0	1.0	0.0	0.0	0.0
868.9027447174351	-8.972291253580238	754991.9797774922	80.50201033907244	1239.4861112594604	-23.3770072301229	1536325.8200050993	546.4844670372183	855.3067518603895	1.643438697046122	2.7008907509486546	731549.6397779698	889.794521848741	802.2857309314127	1.987325	62.468567	2.127632693669133	1.1742880532939832	-0.0468364915	-0.1182240809	-0.1339982252	-0.1291731751	-0.0827496528	-0.1482395777	-0.1981036517	0.1738356878	0.05296809	0.0795328782	0.1522060136	0.0229202274	-0.3108715471	0.1622748656	0.0172405699	0.0686183252	-0.0143714426	-0.0798522752	0.2335994241	0.2049453563	-0.3040603643	0.2477173044	0.0051537819	0.2112373688	0.0012801326	0.1304070056	-0.1338182452	0.0507322494	-0.0535574476	-0.0209962242	0.2527183672	0.139318585	0.0674758097	-0.0698976825	0.0450524617	0.0054200802	0.1875319391	0.2781510788	-0.1016675244	0.2355652593	-0.0062911573	0.0908277811	0.0059204379	0.0702945096	0.2627241134	-0.3719737098	-0.2168428307	0.0996346804	-0.0478610975	0.0659913434	0.1561479507	0.1769595413	0.2976882101	-0.089355163	0.0428819818	-0.0939238798	-0.234572982	-0.2010556535	-0.3060771803	-0.2155746529	-0.3181053492	-0.0839891069	0.2566901543	0.3150547048	-0.085492302	0.092694727	0.0070427989	-0.1190398365	-0.201473926	0.1901135554	0.0414790731	-0.2759132516	-0.3857265257	0.1021335194	0.005793062	-0.0926093527	0.0148018015	-0.0163242819	-0.1211199807	0.098167988	-0.063080731	0.0201956026	-0.9101112428839429	0.3845590973860879	0.8283024744237553	0.1478856993824026	0.9568958149328636	0.8392637353139917	0.7043636174131939	0.9156496006360292	-0.5644794987856585	-0.0323507029229332	0.0010465679796078	0.3186371045493082	0.0049415607798359	0.0017531257110757	2.4419022940812388e-05	3.0734497588346785e-06	-0.0236863266279634	-0.0053516863735499	0.0005610420691265	2.8640547040839687e-05	-0.0301754929358526	0.0103243710762968	0.0009105603739216	0.000106592638121	0.0	0.0	0.0	0.0	0.0	0.0	0.0	0.0	0.0	0.0	0.0	0.0	0.0	0.0	0.0	0.0	0.0	0.0	0.0	0.0	0.0	0.0	0.0	1.0	0.0	0.0
876.759663027068	7.856918309632874	768707.5067113378	61.7311653242443	1270.1690753936768	30.68296413421649	1613329.480086428	941.4442880616156	864.2713596314422	8.964607771052783	80.36419248881995	746964.9830791818	902.4996871525454	805.874610272897	1.640304	51.560463	0.9047684603877728	0.4764788147093592	-0.0655751719	-0.1199489995	-0.04264891	-0.0712891854	-0.0680666392	0.0152888282	-0.0450271248	0.0854142493	-0.0321159174	-0.081707043	-0.0320373662	0.0377703902	-0.0964429831	0.2527314185	0.1833488449	0.1714249778	0.0633649232	-0.0496821496	0.1570557501	0.0424516052	-0.1209897354	0.0599155166	-0.0615067837	0.1039108613	-0.1120261814	0.1699114396	-0.0364266545	-0.0790732749	-0.0854362879	0.0891347167	0.0690872056	0.0289833343	-0.0383822983	0.0698040151	-0.0012818666	-0.0385642675	-0.0642083952	0.0698637728	-0.0302421695	0.324682971	0.1252699579	0.1751986876	0.0025608227	0.1613526367	0.198102409	-0.1040456638	-0.0169842661	0.0817292211	0.072687248	-0.0391671311	0.0884166476	0.1473517789	0.0577686	-0.1684977269	0.0244030642	-0.0385611238	0.0052209585	-0.0280903548	-0.206407462	0.1111543185	-0.3391055485	0.0570143066	0.3485183919	0.2472295901	0.1513870168	0.1232251635	-0.079113355	-0.0039167511	0.0986570089	-0.0902310142	-0.1072660655	0.2073619747	0.1853415364	-0.2441904698	-0.0256569701	0.1201072085	0.1219121128	0.024077934	-0.1222481541	0.1024214758	-0.0717238087	0.033413395	-0.8486346757443783	0.0614765671395645	0.7201808128757662	0.0037793683072653	0.7329556286510126	-0.2239401862818509	0.0501492070319501	0.5372239535712011	-0.5787233519827808	-0.0142438531971222	0.0002028873539011	0.3349207181301856	0.0057536970080378	0.0008121362282018	3.310502926030313e-05	6.595652531580083e-07	-0.0175896539422881	0.0060966726856753	0.0003093959258094	3.71694178362593e-05	-0.0249821447743451	0.0051933481615074	0.0006241075575263	2.697086512663332e-05	0.0	0.0	0.0	0.0	0.0	0.0	0.0	0.0	0.0	0.0	0.0	0.0	0.0	0.0	0.0	0.0	0.0	0.0	0.0	0.0	0.0	0.0	0.0	0.0	1.0	0.0
879.6024049465681	2.8427419195001	773700.3907877863	8.08118162088311	1283.8993929545084	13.730317560831509	1648397.651228955	188.5216203212781	864.667396770152	0.3960371387097439	0.1568454152374009	747649.7070372715	902.1816088621202	809.4511868685545	1.267404	39.838943	0.7461443052377325	0.4658256118591524	-0.0144099031	-0.1221175308	-0.0312599495	0.0067314552	-0.0002331318	0.0558515504	-0.0065967024	0.0901228855	-0.0484280394	-0.0335579499	-0.0848553468	0.0083343102	-0.0956576506	0.1655656614	0.065730102	0.1115437073	-0.0271676479	-0.0231798243	-0.0828632639	-0.0210675667	0.0539213263	0.0649085249	0.0478474851	0.100153577	0.0166220013	-0.0028630171	0.0931043962	0.0566146201	0.013991091	0.0630836425	-0.2054508232	-0.1550080273	-0.0660355894	-0.0431924751	-0.0444262364	0.0305440234	-0.0688137215	0.1083379718	-0.0642304945	0.1200214537	0.003492374	0.1971400988	0.012841663	0.0012400294	-0.0615652716	0.0767285347	-0.0024184667	-0.0969330164	0.0535291492	-0.0369922122	-0.0429415785	0.012441691	-0.007391482	-0.0375660035	0.0431947996	0.0047783318	0.0437096756	0.0006039027	-0.1562548131	0.0985092133	-0.1469898996	0.0342550452	0.0683064681	0.0078803747	-0.010240085	0.0403776159	0.0147001859	0.1041515747	0.0505821585	0.0058481136	0.0934263658	0.1514106927	0.1498149619	0.0954063079	-0.0459600171	0.0735732232	-0.1847209394	0.0322333358	-0.1232925447	0.1063942335	-0.0799246852	0.0462651033	-0.8460909472946412	0.0025437284497371	0.7158698910939433	6.470554426002212e-06	0.3053525263451888	-0.4276031023058238	0.1828444131015648	0.0932401653453892	-0.4160116873578943	0.1627116646248865	0.0264750858050015	0.1730657240183623	0.0073496810546556	0.0015959840466177	5.401781160516345e-05	2.547165077058528e-06	-0.0164450924118249	0.0011445615304632	0.0002704410644334	1.3100210970162623e-06	-0.0253073153944098	-0.0003251706200647	0.0006404602124721	1.0573593215326188e-07	0.0	0.0	0.0	0.0	0.0	0.0	0.0	0.0	0.0	0.0	0.0	0.0	0.0	0.0	0.0	0.0	0.0	0.0	0.0	0.0	0.0	0.0	0.0	0.0	0.0	1.0
877.8116670463293	-1.7907379002388095	770553.3228026556	3.206742227351701	1289.260539627075	5.361146672566747	1662192.739039497	28.7418936447735	863.6276336906492	-1.0397630795027908	1.0811072614971269	745852.6896741102	903.5084862466424	795.2332784149544	0.920757	28.942596	0.2339233243367694	0.1202980764628822	0.0237903989	-0.0958617271	-0.0038445579	0.0454080344	0.0433634851	0.0328757563	-0.0196892475	0.0766827332	-0.0748379088	-0.0138297839	-0.0620809883	0.0709956514	-0.0451596852	0.0809652823	0.0647992134	0.0964944731	-0.0716527042	-0.0674898871	-0.0525228173	-0.0462992929	0.0660595719	-0.0222171431	-0.0071104815	0.0469671706	-0.0612957901	0.085628988	0.0297412364	0.0157881789	-0.081644586	0.0312060719	-0.0473335384	-0.1278555457	-0.1046722212	0.0844219697	-0.0728949259	0.0154857447	-0.0751522533	0.0654017066	0.0193269958	0.1041368754	0.0229982316	0.0848415165	0.0418264046	-0.0071921635	-0.0538873623	0.0605388591	0.0916409015	0.0094061214	0.0003911728	-0.0646576987	-0.0030768532	-0.0502529395	0.0171744387	-0.1356583976	0.0593504823	0.0265734681	0.1047266314	0.034321348	-0.1127755148	0.1213621307	-0.0911096757	0.0820086576	0.048548302	-0.027279053	0.0230411291	0.0372842353	-0.0449416699	0.1259651346	0.1163362225	-0.0350681126	0.0984941148	0.1384405253	0.1360635664	0.011235059	-0.0746068738	0.0558884898	-0.0345188513	0.0083349294	-0.1242524367	0.1100753719	-0.0876327994	0.0586099215	-0.8258220530108673	0.0202688942837738	0.6819820632390837	0.0004108280754868	0.2854837143608932	-0.0198688119842955	0.0003947696896672	0.081500951165292	-0.3308297325931093	0.0851819547647849	0.0072559654175498	0.1094483119676282	0.0064177941904728	-0.0009318868641827	4.1188082271266425e-05	8.68413127636452e-07	-0.0167536134043531	-0.0003085209925282	0.0002806835621025	9.518520283058664e-08	-0.0243756499850425	0.0009316654093672	0.0005941723121933	8.680004350115363e-07	0.0	0.0	0.0	0.0	0.0	0.0	0.0	0.0	0.0	0.0	0.0	0.0	0.0	0.0	0.0	0.0	0.0	0.0	0.0	0.0	0.0	0.0	0.0	0.0	0.0	0.0
877.0897640664431	-0.7219029798861811	769286.4542301288	0.5211439123685481	1286.1017049153645	-3.158834711710597	1654057.595386207	9.97823673590777	862.4780065728712	-1.1496271177779818	1.3216425099305096	743868.3118219137	902.1839931843564	808.0005952331917	0.808941	25.427824	0.1663412389400273	0.0872429107215306	0.0395260865	-0.0830476213	0.006049295	0.0319612095	-0.0339399828	0.0539656664	-0.0121872568	0.0529627788	-0.0663421954	0.0159977677	-0.0464561175	0.0570645372	-0.0305178204	0.0692853086	0.0860097473	0.0220497904	0.0139177436	-0.0476117827	-0.0277719864	-0.070282643	0.150621078	-0.0680906702	-0.0518294219	0.0238361204	0.0676128554	-0.0365866553	0.057696057	-0.0252338763	-0.0492588984	-0.0113548047	-0.0707201102	-0.0529636379	-0.0558996102	0.0970723689	-0.0731176685	0.0385462827	-0.0372269238	0.036013532	0.0159583784	0.0964555686	0.0170654625	0.0180915495	-0.0208290924	-0.0117434872	-0.0250784475	0.104827564	0.0625784919	-0.0326049209	-0.0108781988	-0.1446776667	-0.0469196178	0.019714281	-0.0741066209	-0.0073960361	0.0637448155	0.0291884869	0.0874837129	0.0202013203	-0.0724917834	0.0800055888	-0.05165597	0.0176756855	-0.0036126733	-0.039992642	-0.0315221045	0.0166530293	-0.019645326	0.0639278493	0.0471726617	0.0288338787	0.1355785679	0.0924635378	0.1088610389	0.089467469	-0.0229160647	0.0006612251	-0.0771785681	0.03166188	-0.1251271724	0.1134548014	-0.0948006283	0.0703125971	-0.8294923681197446	-0.0036703151088772	0.6880575887689019	1.3471212998452808e-05	0.2629491179981897	-0.0225345963627034	0.0005078080332299	0.0691422386560259	-0.2647506343145878	0.0660790982785215	0.0043664472293025	0.0700928983699765	0.0057217958055652	-0.0006959983849076	3.2738947240583515e-05	4.844137517939882e-07	-0.0170186280053807	-0.0002650146010276	0.0002896336991855	7.023273875781808e-08	-0.0238555183871792	0.0005201315978633	0.000569085757521	2.705368790958303e-07	0.0	0.0	0.0	0.0	0.0	0.0	0.0	0.0	0.0	0.0	0.0	0.0	0.0	0.0	0.0	0.0	0.0	0.0	0.0	0.0	0.0	0.0	0.0	0.0	0.0	0.0
875.0227018266959	-2.0670622397472016	765664.7287120908	4.272746302988717	1291.908711306254	5.807006390889455	1669028.118348986	33.72132322383098	863.3344616320707	0.8564550591994475	0.7335152684283291	745346.3926415372	905.406613866388	798.5173953588754	0.700619	22.022888	0.0470743803291916	0.0255812724218607	0.0567405115	-0.0469848113	0.019246608	0.0565520725	-0.002810439	0.0484770411	0.0076910255	0.0310958287	-0.077406483	0.0010337227	-0.0508933637	0.0659458153	0.0275287173	0.0847781737	-0.0022770492	0.0230912099	-0.0180990782	0.0448092561	0.0151431465	0.0058909101	0.1042684285	-0.0643027572	0.0113896458	0.023969542	0.0569618007	-0.0029574467	0.1185419091	0.0092267704	-0.0704686599	0.0024092985	0.0117953657	-0.110846767	-0.0720849726	0.0536355757	-0.0792634939	0.0095517441	-0.0650826816	-0.0187528064	0.0426485111	0.1034271411	-0.0330091413	0.0207786147	0.0107700927	-0.0136868304	-0.1049515591	0.0713518726	0.0677785256	0.0281876881	-0.0137178313	-0.1327090086	0.0034566765	0.0939991218	-0.0580693555	-0.0373321784	0.0679490123	0.0334062331	0.1090480476	0.0299907283	-0.0389499013	0.0865941137	-0.0198230072	0.0577184707	-0.0119767476	-0.0503646222	-0.0062578089	-0.0011276389	-0.0480253042	0.0532073744	0.101967602	0.0101508094	0.1062942343	0.0798241936	0.0820928657	0.0093262427	-0.0487130666	-0.0003467213	0.0024864727	0.0257245389	-0.1259161521	0.1165232592	-0.1013839798	0.0812449131	-0.829664679364214	-0.0001723112444693	0.688343480184524	2.9691164970582904e-08	0.2639053778059974	0.0009562598078076	9.1443282002836e-07	0.0696460484349262	-0.2560599978454831	0.0086906364691046	7.552716223813215e-05	0.0655667224966288	0.0058859001396684	0.0001641043341031	3.464382045414849e-05	2.6930232471454675e-08	-0.0166034427963637	0.000415185209017	0.0002756743126921	1.7237875778649005e-07	-0.0240213323002152	-0.0001658139130359	0.0005770244054773	2.74942537563096e-08	0.0	0.0	0.0	0.0	0.0	0.0	0.0	0.0	0.0	0.0	0.0	0.0	0.0	0.0	0.0	0.0	0.0	0.0	0.0	0.0	0.0	0.0	0.0	0.0	0.0	0.0
869.5329486065638	-5.489753220132116	756087.548712425	30.13739041795093	1288.7141940434774	-3.1945172627765714	1660784.2739291296	10.204940542177518	861.8354932444964	-1.498968387574223	2.2469062269468663	742760.4174159844	903.8575971166192	789.2977141280847	0.752642	23.658161	0.0933469305521689	0.0553094125363214	0.0571213543	-0.0002565456	0.055783618	0.0602461757	-0.0246713261	-0.0085453777	-0.0038558988	-0.0335329383	-0.0663507231	0.0466152566	-0.0293723593	0.0144645115	0.0398818248	0.0532633073	0.0248461436	-0.0402065445	0.0882884905	0.0756576942	0.0485656372	-0.0211318731	0.0278720037	-0.0128147554	0.0289749329	-0.0162544696	0.1069146835	0.0114746922	0.1000176437	0.007527062	-0.0248868302	-0.0345054919	0.1082796323	0.0018430343	0.0004769429	-0.0528216877	-0.0757724759	0.028236002	-0.0172278084	-0.0401614401	0.0251455658	0.073183182	-0.0347783681	-0.0536825866	-0.0334290938	-0.0354624	-0.1308439082	0.0573082072	0.0279369858	-0.0454620439	-0.0720443306	-0.0882139778	-0.0337447499	0.1021387908	-0.056060836	-0.0027420346	0.0663737338	0.0342736817	0.0909189175	0.0168100942	-0.0289124796	0.0354386906	-0.0074047441	-0.002735535	-0.0198370511	-0.0443660358	-0.0347781168	-0.0219717211	-0.035373744	-0.0202624252	0.0078234704	0.0217945493	0.0986881536	0.0204241896	0.0368807519	0.0709288226	-0.0533810975	-0.0300687562	-0.0283202577	0.0318654249	-0.1266188352	0.1192723348	-0.1073422654	0.0912870929	-0.8409602885988079	-0.0112956092345939	0.7072142070001902	0.0001275907879806	0.2637613815849562	-0.0001439962210411	2.0734911674136038e-08	0.0695700664156048	-0.2128861645074593	0.0431738333380238	0.0018639798850994	0.045320519038697	0.005671044293805	-0.0002148558458633	3.2160743382298254e-05	4.616303450167676e-08	-0.0160688147316503	0.0005346280647134	0.0002582068068801	2.858271675791955e-07	-0.0240465182248086	-2.518592459340233e-05	0.000578235038736	6.343307976245481e-10	0.0	0.0	0.0	0.0	0.0	0.0	0.0	0.0	0.0	0.0	0.0	0.0	0.0	0.0	0.0	0.0	0.0	0.0	0.0	0.0	0.0	0.0	0.0	0.0	0.0	0.0
867.74988902592	-1.783059580643794	752989.8699044965	3.179301468125623	1286.8392143249512	-1.87497971852622	1655955.1635244575	3.515548944884661	862.1909653537957	0.3554721092992849	0.1263604204896828	743373.2607377102	902.9345004526134	759.9879608719871	0.760896	23.917622	0.1237488663446614	0.0707113320135236	0.0953656154	0.0576206147	0.0754898058	0.0927350777	-0.0175605784	-0.0261532573	-0.03641442	-0.0436074092	-0.0678799935	0.0271614635	-0.0277274908	0.0239391135	0.0833812664	0.0060694958	0.039863962	-0.0600513542	-0.0001850707	0.058443547	0.032369046	-0.0741819464	-0.1088549281	-0.015647228	0.0121549386	0.0081533126	0.0669383588	-0.0434814065	0.0422444519	-0.0911682495	0.0820307893	0.0495846385	0.0740055791	0.0478214172	0.0311719555	0.1922456771	-0.0785608166	0.0205742689	-0.0242300441	-0.0523411998	0.0482393256	0.0115854239	0.0112764098	-0.0247300658	-0.0510633612	-0.0460525423	-0.0591475171	-0.0597959492	-0.0082731325	-0.0179561043	0.0730703676	0.0346015948	-0.0925911122	0.0405037051	-0.064552883	-0.0402655352	0.0793785334	0.0417965738	0.1127821976	0.0287373844	0.0128420428	0.0235586336	0.0293882309	0.0009709164	-0.0302112276	-0.0562341358	-0.0219672075	-0.0523480193	-0.015881168	-0.0345677816	-0.0033877743	0.0139639081	0.0253953082	-0.0327389786	-0.0289770567	0.0127069334	-0.0296563903	0.021018855	0.0241143938	-0.0112670063	-0.1272347401	0.1216944932	-0.1126387502	0.1003291122	-0.8521995244155534	-0.0112392358167454	0.7262440294140953	0.0001263204217444	0.2470439749220787	-0.0167174066628775	0.000279471685532	0.0610307255453006	-0.1552621926606008	0.0576239718468585	0.0033205221314075	0.0241063484697775	0.0051766401659264	-0.0004944041278786	2.6797603407482503e-05	2.444354416633995e-07	-0.0158042772211322	0.000264537510518	0.0002497751784823	6.998009447111319e-08	-0.0240420948228417	4.423401966900664e-06	0.0005780223234705	1.9566484960780663e-11	0.0	0.0	0.0	0.0	0.0	0.0	0.0	0.0	0.0	0.0	0.0	0.0	0.0	0.0	0.0	0.0	0.0	0.0	0.0	0.0	0.0	0.0	0.0	0.0	0.0	0.0
867.241151499261	-0.5087375266589333	752107.2148537643	0.2588138710310489	1281.6740330378211	-5.1651812871300535	1642688.3269634338	26.67909772891848	861.376348782325	-0.8146165714707649	0.6636001585147839	741969.2142415695	901.5199885678232	754.7131703372869	0.668029	20.998487	0.0965355393655947	0.0451000297700314	0.0926354024	0.0589784988	0.0804938992	0.0940281706	-0.0248868271	-0.0304025889	-0.0626525273	-0.0617774658	-0.069038358	0.060820372	-0.0149234425	0.0398154558	0.0826194654	0.0084804573	-0.0036087785	-0.0422064084	0.0280838357	0.0161329481	0.0199114988	-0.0140432384	-0.0735841072	-0.0514047395	0.0366479814	-0.0156395837	0.0077898286	-0.0066438259	0.0160444024	-0.0857847333	0.0352331514	-0.0229383896	-0.0125160416	-0.0154104161	0.0806724193	-0.0433056323	-0.0855506218	0.0379845916	0.0014669807	-0.0399758907	0.0683199239	-0.0236389679	-0.0066777857	-0.0195544684	-0.0320255867	-0.0125194353	-0.0436382997	0.0118780719	-0.0306335972	-0.0155539934	0.0035647033	0.0444702211	-0.0021469772	-0.0022553443	-0.0691130175	-0.0037341527	0.0777469421	0.0446066643	0.0955100834	0.0194273877	0.0228204146	0.0061399327	0.0271766935	-0.0300592334	-0.032061086	-0.0600358212	-0.0222510765	-0.0312133701	-0.000403886	-0.0650357566	-0.0587186195	0.0004179326	0.0124656104	-0.0352229698	-0.0256333436	0.0336482089	0.012634367	-0.0061199248	-0.0107375655	-0.0301726348	-0.1277634447	0.1237830955	-0.1172407796	0.1082719048	-0.8393138129091113	0.012885711506442	0.7044476765400307	0.0001660415610272	0.2524466030994858	0.0054026281774071	2.9188391223313262e-05	0.0637292874164693	-0.1309117629114453	0.0243504297491554	0.0005929434289685	0.0171378896685824	0.0047266541593663	-0.0004499860065601	2.2341259542254745e-05	2.0248740609990642e-07	-0.0154013088719673	0.0004029683491649	0.0002372003149697	1.6238349042868632e-07	-0.0242670758657685	-0.0002249810429268	0.0005888909710749	5.0616469676430674e-08	0.0	0.0	0.0	0.0	0.0	0.0	0.0	0.0	0.0	0.0	0.0	0.0	0.0	0.0	0.0	0.0	0.0	0.0	0.0	0.0	0.0	0.0	0.0	0.0	0.0	0.0
867.2545122387854	0.0133607395243871	752130.3889985336	0.0001785093606385	1285.8061359405517	4.132102902730594	1653297.4192223726	17.0742743987546	861.3883907584257	0.0120419761007042	0.0001450091884099	741989.9597333902	902.682466490623	748.9155256665314	0.65742	20.665009	0.0694913387161087	0.0334042146366947	0.1149497973	0.07765751	0.0727521241	0.1047055749	-0.0071037443	-0.0291065381	-0.0415763245	-0.0644110632	-0.0804990943	0.0701648304	-0.006747574	0.0442132253	0.0612678602	0.0377946805	0.0152916501	-0.074472461	0.0167457258	0.0464931627	-0.0234645867	0.0314826893	0.0334334971	-0.0834644448	-0.0433330788	-0.1260641022	0.0182687764	-0.0063040778	-0.0778480869	0.0484466404	-0.0038141739	0.0069707618	0.0058099212	0.0784317908	0.0642561799	-0.0297576372	-0.0938408358	0.0245753188	0.0025097953	-0.0533335756	0.0861024425	0.0308732588	-0.0291216174	-0.0502263454	-0.0497248081	0.0196154447	0.0151955064	-0.0046625177	-0.0035364073	0.0594218577	-0.0042318931	0.0641112221	-0.0093233105	-0.1352183929	-0.0368008745	0.0214172739	0.0831466136	0.0493364614	0.1044286281	0.0176641593	0.040863269	0.0020034463	0.0361005566	-0.0174314589	-0.0369609719	-0.0528046858	-0.0141605693	-0.0324393925	0.0144109719	-0.0299253979	-0.0466651814	-0.0127623568	-0.0113617039	-0.0568242783	-0.0646880657	-0.016503547	0.0253633114	-0.023255531	0.039582898	-0.0104607323	-0.1282045865	0.1255324169	-0.1211199807	0.1150284477	-0.8655388002468669	-0.0262249873377555	0.7491574147327857	0.0006877499608654	0.2489571647047768	-0.0034894383947089	1.2176180310469316e-05	0.0619796698578413	-0.1152339602005412	0.015677802710904	0.000245793497842	0.0132788655834999	0.0045004752508394	-0.0002261789085269	2.025427748341796e-05	5.115689866241981e-08	-0.0153036383883253	9.767048364199908e-05	0.0002342013479206	9.539523374862008e-09	-0.0241089430524826	0.0001581328132859	0.0005812411351078	2.5005986637714018e-08	0.0	0.0	0.0	0.0	0.0	0.0	0.0	0.0	0.0	0.0	0.0	0.0	0.0	0.0	0.0	0.0	0.0	0.0	0.0	0.0	0.0	0.0	0.0	0.0	0.0	0.0
866.2038653956192	-1.0506468431661915	750309.136426312	1.1038587890550835	1284.2129059473673	-1.5932299931844227	1649202.7878017817	2.538381811182436	861.5555348477623	0.1671440893366025	0.0279371466001621	742277.9396268136	902.178823375942	750.8298944481068	0.618001	19.425926	0.135097653086331	0.0691344575418037	0.1209134218	0.086267341	0.0631439605	0.0997568713	-0.0258797993	-0.0542491061	-0.0394309249	-0.071844416	-0.0869618671	0.0748993757	-0.0041455318	0.009877577	0.112130074	0.0096673807	0.0121697118	-0.0277205051	-0.0155437763	-0.0012842371	0.0104988083	0.0479042139	-0.0133164997	-0.0305114653	-0.058746941	-0.1088377048	-0.047679865	-0.0299787386	-0.0115559728	0.071455362	0.0710242197	-0.0949951527	0.0178032877	0.0165015816	0.0046994416	-0.0097561327	-0.1010172085	0.0279265081	0.0169179936	-0.0840641646	0.0766221204	0.0254022782	0.0036040914	-0.0520051327	-0.0073770191	-0.0205182463	0.0280365515	0.0182958961	-0.0021866505	0.0567919204	-0.0474569137	0.0507280955	0.0086500991	-0.072365902	-0.0885441882	0.0701496737	0.0882875362	0.049348794	0.0948598296	0.015197222	0.0639754582	-0.0190194581	0.0560454938	-0.0449264538	-0.0545655315	-0.0612235722	-0.0374924564	-0.0323694755	0.0268858247	-0.0803045305	-0.0795261292	0.015212332	-0.0283857328	-0.0817247633	-0.0748277576	-0.009773431	0.0532482913	-0.0404863914	0.0485983511	-0.0191075336	-0.1285578634	0.1269376627	-0.1242524367	0.1205247148	-0.8898465821407058	-0.0243077818938388	0.7918269397474959	0.0005908682605984	0.2468231737164075	-0.0021339909883693	4.5539175384414046e-06	0.0609216790834398	-0.0796698935332784	0.0355640666672628	0.0012648028379135	0.0063472919356039	0.0040025633403534	-0.000497911910486	1.6020513293540964e-05	2.4791627060381864e-07	-0.0144386119109709	0.0008650264773544	0.0002084735139156	7.48270806524163e-07	-0.0242078409353794	-9.889788289680138e-05	0.0005860195627526	9.780791241469436e-09	0.0	0.0	0.0	0.0	0.0	0.0	0.0	0.0	0.0	0.0	0.0	0.0	0.0	0.0	0.0	0.0	0.0	0.0	0.0	0.0	0.0	0.0	0.0	0.0	0.0	0.0
867.2612216139977	1.0573562183784588	752142.0265154036	1.1180021725435951	1286.3905707677206	2.177664820353357	1654800.700560102	4.742224069804618	861.9208721545316	0.3653373067693337	0.1334713477174702	742907.5898556284	903.5576040810842	749.4298565568124	0.633178	19.902998	0.036256024152683	0.0170389707319869	0.1271744782	0.088652041	0.0713394547	0.1167758676	-0.0285959843	-0.0579244973	-0.0254162995	-0.0669399025	-0.0859724823	0.0737448229	-0.0381045152	-0.000853648	0.1098732753	-0.0012209625	0.010499992	-0.084250688	0.0661529012	0.0040029217	0.0322424446	-0.0250083307	0.0291810388	-0.0006544361	-0.0064343864	-0.0368959738	-0.0261990449	-0.0942400519	-0.0608862068	-0.0167857978	0.0665429984	0.0859521493	0.0337750974	0.0639857403	0.0225812466	-0.1158367318	-0.0965553525	0.0350599586	0.0009925921	-0.1156413358	0.0752385042	0.0266150806	-0.0030735374	-0.090706822	-0.0181627671	0.0073337957	0.048059302	0.0101283817	-0.0092266543	0.0087523155	0.0296127358	0.0550473324	-0.0622225397	-0.0284555172	0.0152465077	0.067288566	0.0901911044	0.0515082267	0.1014598171	0.019506792	0.0691486701	-0.0177125052	0.0631992717	-0.0320729004	-0.0509121485	-0.0613996039	-0.0169272593	-0.0253689544	0.0182276083	-0.0453168813	-0.0610774722	-0.0146575497	-0.0492507203	-0.0696174898	-0.0801143365	-0.047155526	0.0467493845	-0.0254024234	0.02614859	-0.0166466611	-0.1288230331	0.1279949812	-0.1266188352	0.124700488	-0.8832998594569546	0.0065467226837512	0.7802186417166757	4.285957789794287e-05	0.247034458743002	0.0002112850265945	4.464136246304274e-08	0.0610260238064479	-0.069101507991526	0.0105683855417523	0.0001116907729591	0.0047750184067029	0.0038725243982635	-0.0001300389420898	1.499644521514608e-05	1.6910126459860332e-08	-0.0143212787124213	0.0001173331985495	0.0002050990239588	1.3767079481879704e-08	-0.0243390614127516	-0.0001312204773721	0.0005923899104536	1.7218813681787702e-08	0.0	0.0	0.0	0.0	0.0	0.0	0.0	0.0	0.0	0.0	0.0	0.0	0.0	0.0	0.0	0.0	0.0	0.0	0.0	0.0	0.0	0.0	0.0	0.0	0.0	0.0
866.491540005052	-0.7696816089456888	750807.5889003266	0.5924097791492242	1289.9784514745077	3.5878807067870184	1664044.4052685688	12.872887966134517	860.7849338738494	-1.1359382806822396	1.2903557775193224	740950.7023842072	902.4954932916676	756.2559811898292	0.680619	21.394239	0.1474117982135079	0.0693163521166416	0.1249100411	0.0763664541	0.0754804423	0.1400324578	-0.0196666362	-0.0372188113	-0.0282032035	-0.0729388364	-0.071975411	0.0950285796	-0.0171896647	-0.0153043091	0.0540529704	-0.0032125993	0.0251015934	-0.0777089902	-0.0619558519	0.0148306815	0.0327546614	-0.0208321307	0.0012542035	-0.0670544846	-0.0497584485	-0.0780614234	-0.0472419256	-0.1051491994	-0.0240362678	0.0368311946	0.0232802964	-0.0426101265	-0.009897231	0.0121976832	-0.0453419036	-0.0853620976	-0.1053616746	0.0427022024	0.022103499	-0.0743545662	0.0563989853	-0.0252820632	0.0158769136	-0.0217935545	-0.0544105997	-0.0387058752	0.022808457	-0.0188691667	0.0327013178	0.0331708915	-0.0200534698	0.0617034875	-0.0899667251	-0.0397955676	-0.0199474949	0.0923279303	0.0938399514	0.0465087075	0.0877305133	0.0203029675	0.0796660983	-0.0310397775	0.0600061631	-0.0462275187	-0.0485803677	-0.0703170943	-0.0416189913	-0.0327899956	0.0450286103	-0.046968753	-0.0892377598	-0.0132176579	-0.06044905	-0.0899600628	-0.0541244596	-0.0449134099	0.0656608056	-0.0319174223	0.0470644217	-0.0448746487	-0.1289999139	0.1287014744	-0.1282045865	0.1275100165	-0.9212962334382836	-0.037996373981329	0.8487867497475683	0.001443724435729	0.2266501041930411	-0.0203843545499609	0.0004155219104185	0.0513702697307163	-0.059167297973758	0.009934210017768	9.868852867712224e-05	0.0035007691495154	0.003225168448304	-0.0006473559499595	1.040171151993563e-05	4.190697259479667e-07	-0.0135494424681612	0.00077183624426	0.000183587391198	5.957311879535362e-07	-0.024501806411821	-0.0001627449990693	0.0006003385174423	2.6485934722098852e-08	0.0	0.0	0.0	0.0	0.0	0.0	0.0	0.0	0.0	0.0	0.0	0.0	0.0	0.0	0.0	0.0	0.0	0.0	0.0	0.0	0.0	0.0	0.0	0.0	0.0	0.0
866.441119427816	-0.0504205772359682	750720.2134353269	0.0025422346088082	1288.7395758310954	-1.238875643412257	1660849.6943133115	1.5348128598401336	862.0444666426312	1.25953276878181	1.5864227956351722	743120.6624691784	903.1763839683244	739.9692043351249	0.777367	24.435366	0.0917103002755262	0.0445571141724667	0.1425941004	0.1039695819	0.0506129508	0.1339097865	-0.0310709853	-0.0749274739	-0.0062591263	-0.0884165597	-0.0960704667	0.0747853249	0.0055491503	-0.0230012191	0.083786667	0.0068013613	0.034238643	-0.0145809311	-0.0347053462	0.0194674357	-0.0879156755	-0.0258872832	-0.0099316213	-0.0189857991	-0.0251627726	-0.0899962151	-0.0780393849	-0.0586199032	-0.0338171386	-0.0013298389	0.0626058455	0.0397437211	-0.1045296827	0.0275972538	0.0046745616	-0.0396869086	-0.1130297727	0.0121251969	0.0363446698	-0.0837530748	0.0449060006	4.2224e-05	0.0249551245	-0.0076236055	-0.0093680571	-0.0212029428	-0.003058929	-0.002201985	0.0299751583	0.0155503152	0.0572404938	0.0631613337	-0.0284944886	-0.152520786	-0.0335785614	0.0811919056	0.0947879872	0.0473523722	0.0673750331	0.0002177459	0.0963411903	-0.0396429486	0.0842556545	-0.0395989693	-0.0774657911	-0.0804837562	0.0050635909	0.0081163535	0.0895870926	-0.0234201301	-0.0734733701	0.0180145807	-0.1151127482	-0.1189655342	-0.0933710291	-0.0775302037	0.0691712075	-0.0287074054	0.0527560519	-0.0104299888	-0.1290883846	0.1290552057	-0.1289999139	0.1289225186	-0.9291587736344128	-0.0078625401961291	0.863336026621806	6.181953833574736e-05	0.2400460583815515	0.0133959541885103	0.0001794515886206	0.0576221101445192	-0.0302234610477114	0.0289438369260465	0.0008377456960015	0.0009134575977025	0.0027794149304686	-0.0004457535178353	7.725147355711774e-06	1.98696198662634e-07	-0.0133963333134192	0.000153109154742	0.0001794617462442	2.3442413265809912e-08	-0.0247331031185404	-0.0002312967067194	0.0006117263898723	5.349816653924043e-08	0.0	0.0	0.0	0.0	0.0	0.0	0.0	0.0	0.0	0.0	0.0	0.0	0.0	0.0	0.0	0.0	0.0	0.0	0.0	0.0	0.0	0.0	0.0	0.0	0.0	0.0
