
Tue Mar 10 08:08:24 CET 2026
cd /out/sourcedata/freesurfer/sub-v1s8x0051335_ses-1
setenv SUBJECTS_DIR /out/sourcedata/freesurfer
/opt/freesurfer/bin/recon-all -autorecon-hemi lh -noparcstats -noparcstats2 -noparcstats3 -nohyporelabel -nobalabels -lh-only -openmp 16 -subjid sub-v1s8x0051335_ses-1 -sd /out/sourcedata/freesurfer

subjid sub-v1s8x0051335_ses-1
setenv SUBJECTS_DIR /out/sourcedata/freesurfer
FREESURFER_HOME /opt/freesurfer
Actual FREESURFER_HOME /opt/freesurfer
build-stamp.txt: freesurfer-linux-ubuntu22_x86_64-7.3.2-20220804-6354275
Linux dna076 5.14.0-427.37.1.el9_4.x86_64 #1 SMP PREEMPT_DYNAMIC Fri Sep 13 12:41:50 EDT 2024 x86_64 x86_64 x86_64 GNU/Linux
cputime      unlimited
filesize     unlimited
datasize     unlimited
stacksize    8192 kbytes
coredumpsize 0 kbytes
memoryuse    67108864 kbytes
vmemoryuse   unlimited
descriptors  1024 
memorylocked unlimited
maxproc      2061970 
maxlocks     unlimited
maxsignal    2062029 
maxmessage   819200 
maxnice      0 
maxrtprio    0 
maxrttime    unlimited

               total        used        free      shared  buff/cache   available
Mem:           503Gi        47Gi       407Gi       9.0Gi        49Gi       444Gi
Swap:             0B          0B          0B

########################################
program versions used
7.3.2 (freesurfer-linux-ubuntu22_x86_64-7.3.2-20220804-6354275)
7.3.2

ProgramName: lta_convert  ProgramArguments: lta_convert -all-info  ProgramVersion: 7.3.2  TimeStamp: 2026/03/10-07:08:24-GMT  BuildTime: Aug  4 2022 06:17:15  BuildStamp: freesurfer-linux-ubuntu22_x86_64-7.3.2-20220804-6354275  User: oesteban  Machine: dna076  Platform: Linux  PlatformVersion: 5.14.0-427.37.1.el9_4.x86_64  CompilerName: GCC  CompilerVersion: 8.4.0
ProgramName: mri_and  ProgramArguments: mri_and -all-info  ProgramVersion: 7.3.2  TimeStamp: 2026/03/10-07:08:24-GMT  BuildTime: Aug  4 2022 06:17:15  BuildStamp: freesurfer-linux-ubuntu22_x86_64-7.3.2-20220804-6354275  User: oesteban  Machine: dna076  Platform: Linux  PlatformVersion: 5.14.0-427.37.1.el9_4.x86_64  CompilerName: GCC  CompilerVersion: 8.4.0
ProgramName: mri_annotation2label  ProgramArguments: mri_annotation2label -all-info  ProgramVersion: 7.3.2  TimeStamp: 2026/03/10-07:08:24-GMT  BuildTime: Aug  4 2022 06:17:15  BuildStamp: freesurfer-linux-ubuntu22_x86_64-7.3.2-20220804-6354275  User: oesteban  Machine: dna076  Platform: Linux  PlatformVersion: 5.14.0-427.37.1.el9_4.x86_64  CompilerName: GCC  CompilerVersion: 8.4.0
ProgramName: mri_aparc2aseg  ProgramArguments: mri_aparc2aseg -all-info  ProgramVersion: 7.3.2  TimeStamp: 2026/03/10-07:08:24-GMT  BuildTime: Aug  4 2022 06:17:15  BuildStamp: freesurfer-linux-ubuntu22_x86_64-7.3.2-20220804-6354275  User: oesteban  Machine: dna076  Platform: Linux  PlatformVersion: 5.14.0-427.37.1.el9_4.x86_64  CompilerName: GCC  CompilerVersion: 8.4.0
ProgramName: mri_surf2volseg  ProgramArguments: mri_surf2volseg -all-info  ProgramVersion: 7.3.2  TimeStamp: 2026/03/10-07:08:24-GMT  BuildTime: Aug  4 2022 06:17:15  BuildStamp: freesurfer-linux-ubuntu22_x86_64-7.3.2-20220804-6354275  User: oesteban  Machine: dna076  Platform: Linux  PlatformVersion: 5.14.0-427.37.1.el9_4.x86_64  CompilerName: GCC  CompilerVersion: 8.4.0
ProgramName: mri_binarize  ProgramArguments: mri_binarize -all-info  ProgramVersion: 7.3.2  TimeStamp: 2026/03/10-07:08:24-GMT  BuildTime: Aug  4 2022 06:17:15  BuildStamp: freesurfer-linux-ubuntu22_x86_64-7.3.2-20220804-6354275  User: oesteban  Machine: dna076  Platform: Linux  PlatformVersion: 5.14.0-427.37.1.el9_4.x86_64  CompilerName: GCC  CompilerVersion: 8.4.0
ProgramName: mri_ca_label  ProgramArguments: mri_ca_label -all-info  ProgramVersion: 7.3.2  TimeStamp: 2026/03/10-07:08:24-GMT  BuildTime: Aug  4 2022 06:17:15  BuildStamp: freesurfer-linux-ubuntu22_x86_64-7.3.2-20220804-6354275  User: oesteban  Machine: dna076  Platform: Linux  PlatformVersion: 5.14.0-427.37.1.el9_4.x86_64  CompilerName: GCC  CompilerVersion: 8.4.0
ProgramName: mri_ca_normalize  ProgramArguments: mri_ca_normalize -all-info  ProgramVersion: 7.3.2  TimeStamp: 2026/03/10-07:08:24-GMT  BuildTime: Aug  4 2022 06:17:15  BuildStamp: freesurfer-linux-ubuntu22_x86_64-7.3.2-20220804-6354275  User: oesteban  Machine: dna076  Platform: Linux  PlatformVersion: 5.14.0-427.37.1.el9_4.x86_64  CompilerName: GCC  CompilerVersion: 8.4.0
ProgramName: mri_ca_register  ProgramArguments: mri_ca_register -all-info  ProgramVersion: 7.3.2  TimeStamp: 2026/03/10-07:08:24-GMT  BuildTime: Aug  4 2022 06:17:15  BuildStamp: freesurfer-linux-ubuntu22_x86_64-7.3.2-20220804-6354275  User: oesteban  Machine: dna076  Platform: Linux  PlatformVersion: 5.14.0-427.37.1.el9_4.x86_64  CompilerName: GCC  CompilerVersion: 8.4.0
ProgramName: mri_cc  ProgramArguments: mri_cc -all-info  ProgramVersion: 7.3.2  TimeStamp: 2026/03/10-07:08:24-GMT  BuildTime: Aug  4 2022 06:17:15  BuildStamp: freesurfer-linux-ubuntu22_x86_64-7.3.2-20220804-6354275  User: oesteban  Machine: dna076  Platform: Linux  PlatformVersion: 5.14.0-427.37.1.el9_4.x86_64  CompilerName: GCC  CompilerVersion: 8.4.0
ProgramName: mri_compute_overlap  ProgramArguments: mri_compute_overlap -all-info  ProgramVersion: 7.3.2  TimeStamp: 2026/03/10-07:08:24-GMT  BuildTime: Aug  4 2022 06:17:15  BuildStamp: freesurfer-linux-ubuntu22_x86_64-7.3.2-20220804-6354275  User: oesteban  Machine: dna076  Platform: Linux  PlatformVersion: 5.14.0-427.37.1.el9_4.x86_64  CompilerName: GCC  CompilerVersion: 8.4.0
ProgramName: mri_compute_seg_overlap  ProgramArguments: mri_compute_seg_overlap -all-info  ProgramVersion: 7.3.2  TimeStamp: 2026/03/10-07:08:24-GMT  BuildTime: Aug  4 2022 06:17:15  BuildStamp: freesurfer-linux-ubuntu22_x86_64-7.3.2-20220804-6354275  User: oesteban  Machine: dna076  Platform: Linux  PlatformVersion: 5.14.0-427.37.1.el9_4.x86_64  CompilerName: GCC  CompilerVersion: 8.4.0
ProgramName: mri_concat  ProgramArguments: mri_concat -all-info  ProgramVersion: 7.3.2  TimeStamp: 2026/03/10-07:08:24-GMT  BuildTime: Aug  4 2022 06:17:15  BuildStamp: freesurfer-linux-ubuntu22_x86_64-7.3.2-20220804-6354275  User: oesteban  Machine: dna076  Platform: Linux  PlatformVersion: 5.14.0-427.37.1.el9_4.x86_64  CompilerName: GCC  CompilerVersion: 8.4.0
ProgramName: mri_concatenate_lta  ProgramArguments: mri_concatenate_lta -all-info  ProgramVersion: 7.3.2  TimeStamp: 2026/03/10-07:08:24-GMT  BuildTime: Aug  4 2022 06:17:15  BuildStamp: freesurfer-linux-ubuntu22_x86_64-7.3.2-20220804-6354275  User: oesteban  Machine: dna076  Platform: Linux  PlatformVersion: 5.14.0-427.37.1.el9_4.x86_64  CompilerName: GCC  CompilerVersion: 8.4.0
mri_convert -all-info 
ProgramName: mri_convert  ProgramArguments: mri_convert -all-info  ProgramVersion: 7.3.2  TimeStamp: 2026/03/10-07:08:24-GMT  BuildTime: Aug  4 2022 06:17:15  BuildStamp: freesurfer-linux-ubuntu22_x86_64-7.3.2-20220804-6354275  User: oesteban  Machine: dna076  Platform: Linux  PlatformVersion: 5.14.0-427.37.1.el9_4.x86_64  CompilerName: GCC  CompilerVersion: 8.4.0
ProgramName: mri_diff  ProgramArguments: mri_diff -all-info  ProgramVersion: 7.3.2  TimeStamp: 2026/03/10-07:08:24-GMT  BuildTime: Aug  4 2022 06:17:15  BuildStamp: freesurfer-linux-ubuntu22_x86_64-7.3.2-20220804-6354275  User: oesteban  Machine: dna076  Platform: Linux  PlatformVersion: 5.14.0-427.37.1.el9_4.x86_64  CompilerName: GCC  CompilerVersion: 8.4.0
ProgramName: mri_edit_wm_with_aseg  ProgramArguments: mri_edit_wm_with_aseg -all-info  ProgramVersion: 7.3.2  TimeStamp: 2026/03/10-07:08:24-GMT  BuildTime: Aug  4 2022 06:17:15  BuildStamp: freesurfer-linux-ubuntu22_x86_64-7.3.2-20220804-6354275  User: oesteban  Machine: dna076  Platform: Linux  PlatformVersion: 5.14.0-427.37.1.el9_4.x86_64  CompilerName: GCC  CompilerVersion: 8.4.0
ProgramName: mri_em_register  ProgramArguments: mri_em_register -all-info  ProgramVersion: 7.3.2  TimeStamp: 2026/03/10-07:08:24-GMT  BuildTime: Aug  4 2022 06:17:15  BuildStamp: freesurfer-linux-ubuntu22_x86_64-7.3.2-20220804-6354275  User: oesteban  Machine: dna076  Platform: Linux  PlatformVersion: 5.14.0-427.37.1.el9_4.x86_64  CompilerName: GCC  CompilerVersion: 8.4.0
ProgramName: mri_fill  ProgramArguments: mri_fill -all-info  ProgramVersion: 7.3.2  TimeStamp: 2026/03/10-07:08:24-GMT  BuildTime: Aug  4 2022 06:17:15  BuildStamp: freesurfer-linux-ubuntu22_x86_64-7.3.2-20220804-6354275  User: oesteban  Machine: dna076  Platform: Linux  PlatformVersion: 5.14.0-427.37.1.el9_4.x86_64  CompilerName: GCC  CompilerVersion: 8.4.0
ProgramName: mri_fuse_segmentations  ProgramArguments: mri_fuse_segmentations -all-info  ProgramVersion: 7.3.2  TimeStamp: 2026/03/10-07:08:24-GMT  BuildTime: Aug  4 2022 06:17:15  BuildStamp: freesurfer-linux-ubuntu22_x86_64-7.3.2-20220804-6354275  User: oesteban  Machine: dna076  Platform: Linux  PlatformVersion: 5.14.0-427.37.1.el9_4.x86_64  CompilerName: GCC  CompilerVersion: 8.4.0
ProgramName: mri_fwhm  ProgramArguments: mri_fwhm -all-info  ProgramVersion: 7.3.2  TimeStamp: 2026/03/10-07:08:24-GMT  BuildTime: Aug  4 2022 06:17:15  BuildStamp: freesurfer-linux-ubuntu22_x86_64-7.3.2-20220804-6354275  User: oesteban  Machine: dna076  Platform: Linux  PlatformVersion: 5.14.0-427.37.1.el9_4.x86_64  CompilerName: GCC  CompilerVersion: 8.4.0
ProgramName: mri_gcut  ProgramArguments: mri_gcut -all-info  ProgramVersion: 7.3.2  TimeStamp: 2026/03/10-07:08:24-GMT  BuildTime: Aug  4 2022 06:17:15  BuildStamp: freesurfer-linux-ubuntu22_x86_64-7.3.2-20220804-6354275  User: oesteban  Machine: dna076  Platform: Linux  PlatformVersion: 5.14.0-427.37.1.el9_4.x86_64  CompilerName: GCC  CompilerVersion: 8.4.0
ProgramName: mri_info  ProgramArguments: mri_info -all-info  ProgramVersion: 7.3.2  TimeStamp: 2026/03/10-07:08:24-GMT  BuildTime: Aug  4 2022 06:17:15  BuildStamp: freesurfer-linux-ubuntu22_x86_64-7.3.2-20220804-6354275  User: oesteban  Machine: dna076  Platform: Linux  PlatformVersion: 5.14.0-427.37.1.el9_4.x86_64  CompilerName: GCC  CompilerVersion: 8.4.0
ProgramName: mri_label2label  ProgramArguments: mri_label2label -all-info  ProgramVersion: 7.3.2  TimeStamp: 2026/03/10-07:08:24-GMT  BuildTime: Aug  4 2022 06:17:15  BuildStamp: freesurfer-linux-ubuntu22_x86_64-7.3.2-20220804-6354275  User: oesteban  Machine: dna076  Platform: Linux  PlatformVersion: 5.14.0-427.37.1.el9_4.x86_64  CompilerName: GCC  CompilerVersion: 8.4.0
ProgramName: mri_label2vol  ProgramArguments: mri_label2vol -all-info  ProgramVersion: 7.3.2  TimeStamp: 2026/03/10-07:08:24-GMT  BuildTime: Aug  4 2022 06:17:15  BuildStamp: freesurfer-linux-ubuntu22_x86_64-7.3.2-20220804-6354275  User: oesteban  Machine: dna076  Platform: Linux  PlatformVersion: 5.14.0-427.37.1.el9_4.x86_64  CompilerName: GCC  CompilerVersion: 8.4.0
ProgramName: mri_log_likelihood  ProgramArguments: mri_log_likelihood -all-info  ProgramVersion: 7.3.2  TimeStamp: 2026/03/10-07:08:24-GMT  BuildTime: Aug  4 2022 06:17:15  BuildStamp: freesurfer-linux-ubuntu22_x86_64-7.3.2-20220804-6354275  User: oesteban  Machine: dna076  Platform: Linux  PlatformVersion: 5.14.0-427.37.1.el9_4.x86_64  CompilerName: GCC  CompilerVersion: 8.4.0
ProgramName: mri_mask  ProgramArguments: mri_mask -all-info  ProgramVersion: 7.3.2  TimeStamp: 2026/03/10-07:08:24-GMT  BuildTime: Aug  4 2022 06:17:15  BuildStamp: freesurfer-linux-ubuntu22_x86_64-7.3.2-20220804-6354275  User: oesteban  Machine: dna076  Platform: Linux  PlatformVersion: 5.14.0-427.37.1.el9_4.x86_64  CompilerName: GCC  CompilerVersion: 8.4.0
ProgramName: mri_matrix_multiply  ProgramArguments: mri_matrix_multiply -all-info  ProgramVersion: 7.3.2  TimeStamp: 2026/03/10-07:08:24-GMT  BuildTime: Aug  4 2022 06:17:15  BuildStamp: freesurfer-linux-ubuntu22_x86_64-7.3.2-20220804-6354275  User: oesteban  Machine: dna076  Platform: Linux  PlatformVersion: 5.14.0-427.37.1.el9_4.x86_64  CompilerName: GCC  CompilerVersion: 8.4.0
ProgramName: mri_normalize  ProgramArguments: mri_normalize -all-info  ProgramVersion: 7.3.2  TimeStamp: 2026/03/10-07:08:24-GMT  BuildTime: Aug  4 2022 06:17:15  BuildStamp: freesurfer-linux-ubuntu22_x86_64-7.3.2-20220804-6354275  User: oesteban  Machine: dna076  Platform: Linux  PlatformVersion: 5.14.0-427.37.1.el9_4.x86_64  CompilerName: GCC  CompilerVersion: 8.4.0
ProgramName: mri_normalize_tp2  ProgramArguments: mri_normalize_tp2 -all-info  ProgramVersion: 7.3.2  TimeStamp: 2026/03/10-07:08:24-GMT  BuildTime: Aug  4 2022 06:17:15  BuildStamp: freesurfer-linux-ubuntu22_x86_64-7.3.2-20220804-6354275  User: oesteban  Machine: dna076  Platform: Linux  PlatformVersion: 5.14.0-427.37.1.el9_4.x86_64  CompilerName: GCC  CompilerVersion: 8.4.0
ProgramName: mri_or  ProgramArguments: mri_or -all-info  ProgramVersion: 7.3.2  TimeStamp: 2026/03/10-07:08:24-GMT  BuildTime: Aug  4 2022 06:17:15  BuildStamp: freesurfer-linux-ubuntu22_x86_64-7.3.2-20220804-6354275  User: oesteban  Machine: dna076  Platform: Linux  PlatformVersion: 5.14.0-427.37.1.el9_4.x86_64  CompilerName: GCC  CompilerVersion: 8.4.0
ProgramName: mri_relabel_hypointensities  ProgramArguments: mri_relabel_hypointensities -all-info  ProgramVersion: 7.3.2  TimeStamp: 2026/03/10-07:08:24-GMT  BuildTime: Aug  4 2022 06:17:15  BuildStamp: freesurfer-linux-ubuntu22_x86_64-7.3.2-20220804-6354275  User: oesteban  Machine: dna076  Platform: Linux  PlatformVersion: 5.14.0-427.37.1.el9_4.x86_64  CompilerName: GCC  CompilerVersion: 8.4.0
ProgramName: mri_relabel_nonwm_hypos  ProgramArguments: mri_relabel_nonwm_hypos -all-info  ProgramVersion: 7.3.2  TimeStamp: 2026/03/10-07:08:24-GMT  BuildTime: Aug  4 2022 06:17:15  BuildStamp: freesurfer-linux-ubuntu22_x86_64-7.3.2-20220804-6354275  User: oesteban  Machine: dna076  Platform: Linux  PlatformVersion: 5.14.0-427.37.1.el9_4.x86_64  CompilerName: GCC  CompilerVersion: 8.4.0
ProgramName: mri_remove_neck  ProgramArguments: mri_remove_neck -all-info  ProgramVersion: 7.3.2  TimeStamp: 2026/03/10-07:08:24-GMT  BuildTime: Aug  4 2022 06:17:15  BuildStamp: freesurfer-linux-ubuntu22_x86_64-7.3.2-20220804-6354275  User: oesteban  Machine: dna076  Platform: Linux  PlatformVersion: 5.14.0-427.37.1.el9_4.x86_64  CompilerName: GCC  CompilerVersion: 8.4.0
7.3.2

ProgramName: mri_robust_register  ProgramArguments: mri_robust_register -all-info  ProgramVersion: 7.3.2  TimeStamp: 2026/03/10-07:08:24-GMT  BuildTime: Aug  4 2022 06:17:15  BuildStamp: freesurfer-linux-ubuntu22_x86_64-7.3.2-20220804-6354275  User: oesteban  Machine: dna076  Platform: Linux  PlatformVersion: 5.14.0-427.37.1.el9_4.x86_64  CompilerName: GCC  CompilerVersion: 8.4.0
7.3.2

ProgramName: mri_robust_template  ProgramArguments: mri_robust_template -all-info  ProgramVersion: 7.3.2  TimeStamp: 2026/03/10-07:08:24-GMT  BuildTime: Aug  4 2022 06:17:15  BuildStamp: freesurfer-linux-ubuntu22_x86_64-7.3.2-20220804-6354275  User: oesteban  Machine: dna076  Platform: Linux  PlatformVersion: 5.14.0-427.37.1.el9_4.x86_64  CompilerName: GCC  CompilerVersion: 8.4.0
ProgramName: mris_anatomical_stats  ProgramArguments: mris_anatomical_stats -all-info  ProgramVersion: 7.3.2  TimeStamp: 2026/03/10-07:08:24-GMT  BuildTime: Aug  4 2022 06:17:15  BuildStamp: freesurfer-linux-ubuntu22_x86_64-7.3.2-20220804-6354275  User: oesteban  Machine: dna076  Platform: Linux  PlatformVersion: 5.14.0-427.37.1.el9_4.x86_64  CompilerName: GCC  CompilerVersion: 8.4.0
ProgramName: mris_ca_label  ProgramArguments: mris_ca_label -all-info  ProgramVersion: 7.3.2  TimeStamp: 2026/03/10-07:08:24-GMT  BuildTime: Aug  4 2022 06:17:15  BuildStamp: freesurfer-linux-ubuntu22_x86_64-7.3.2-20220804-6354275  User: oesteban  Machine: dna076  Platform: Linux  PlatformVersion: 5.14.0-427.37.1.el9_4.x86_64  CompilerName: GCC  CompilerVersion: 8.4.0
ProgramName: mris_calc  ProgramArguments: mris_calc -all-info  ProgramVersion: 7.3.2  TimeStamp: 2026/03/10-07:08:24-GMT  BuildTime: Aug  4 2022 06:17:15  BuildStamp: freesurfer-linux-ubuntu22_x86_64-7.3.2-20220804-6354275  User: oesteban  Machine: dna076  Platform: Linux  PlatformVersion: 5.14.0-427.37.1.el9_4.x86_64  CompilerName: GCC  CompilerVersion: 8.4.0
ProgramName: mris_convert  ProgramArguments: mris_convert -all-info  ProgramVersion: 7.3.2  TimeStamp: 2026/03/10-07:08:24-GMT  BuildTime: Aug  4 2022 06:17:15  BuildStamp: freesurfer-linux-ubuntu22_x86_64-7.3.2-20220804-6354275  User: oesteban  Machine: dna076  Platform: Linux  PlatformVersion: 5.14.0-427.37.1.el9_4.x86_64  CompilerName: GCC  CompilerVersion: 8.4.0
ProgramName: mris_curvature  ProgramArguments: mris_curvature -all-info  ProgramVersion: 7.3.2  TimeStamp: 2026/03/10-07:08:24-GMT  BuildTime: Aug  4 2022 06:17:15  BuildStamp: freesurfer-linux-ubuntu22_x86_64-7.3.2-20220804-6354275  User: oesteban  Machine: dna076  Platform: Linux  PlatformVersion: 5.14.0-427.37.1.el9_4.x86_64  CompilerName: GCC  CompilerVersion: 8.4.0
ProgramName: mris_curvature_stats  ProgramArguments: mris_curvature_stats -all-info  ProgramVersion: 7.3.2  TimeStamp: 2026/03/10-07:08:24-GMT  BuildTime: Aug  4 2022 06:17:15  BuildStamp: freesurfer-linux-ubuntu22_x86_64-7.3.2-20220804-6354275  User: oesteban  Machine: dna076  Platform: Linux  PlatformVersion: 5.14.0-427.37.1.el9_4.x86_64  CompilerName: GCC  CompilerVersion: 8.4.0
ProgramName: mris_diff  ProgramArguments: mris_diff -all-info  ProgramVersion: 7.3.2  TimeStamp: 2026/03/10-07:08:24-GMT  BuildTime: Aug  4 2022 06:17:15  BuildStamp: freesurfer-linux-ubuntu22_x86_64-7.3.2-20220804-6354275  User: oesteban  Machine: dna076  Platform: Linux  PlatformVersion: 5.14.0-427.37.1.el9_4.x86_64  CompilerName: GCC  CompilerVersion: 8.4.0
ProgramName: mris_divide_parcellation  ProgramArguments: mris_divide_parcellation -all-info  ProgramVersion: 7.3.2  TimeStamp: 2026/03/10-07:08:24-GMT  BuildTime: Aug  4 2022 06:17:15  BuildStamp: freesurfer-linux-ubuntu22_x86_64-7.3.2-20220804-6354275  User: oesteban  Machine: dna076  Platform: Linux  PlatformVersion: 5.14.0-427.37.1.el9_4.x86_64  CompilerName: GCC  CompilerVersion: 8.4.0
ProgramName: mri_segment  ProgramArguments: mri_segment -all-info  ProgramVersion: 7.3.2  TimeStamp: 2026/03/10-07:08:24-GMT  BuildTime: Aug  4 2022 06:17:15  BuildStamp: freesurfer-linux-ubuntu22_x86_64-7.3.2-20220804-6354275  User: oesteban  Machine: dna076  Platform: Linux  PlatformVersion: 5.14.0-427.37.1.el9_4.x86_64  CompilerName: GCC  CompilerVersion: 8.4.0
ProgramName: mri_segstats  ProgramArguments: mri_segstats -all-info  ProgramVersion: 7.3.2  TimeStamp: 2026/03/10-07:08:24-GMT  BuildTime: Aug  4 2022 06:17:15  BuildStamp: freesurfer-linux-ubuntu22_x86_64-7.3.2-20220804-6354275  User: oesteban  Machine: dna076  Platform: Linux  PlatformVersion: 5.14.0-427.37.1.el9_4.x86_64  CompilerName: GCC  CompilerVersion: 8.4.0
ProgramName: mris_euler_number  ProgramArguments: mris_euler_number -all-info  ProgramVersion: 7.3.2  TimeStamp: 2026/03/10-07:08:24-GMT  BuildTime: Aug  4 2022 06:17:15  BuildStamp: freesurfer-linux-ubuntu22_x86_64-7.3.2-20220804-6354275  User: oesteban  Machine: dna076  Platform: Linux  PlatformVersion: 5.14.0-427.37.1.el9_4.x86_64  CompilerName: GCC  CompilerVersion: 8.4.0
ProgramName: mris_fix_topology  ProgramArguments: mris_fix_topology -all-info  ProgramVersion: 7.3.2  TimeStamp: 2026/03/10-07:08:24-GMT  BuildTime: Aug  4 2022 06:17:15  BuildStamp: freesurfer-linux-ubuntu22_x86_64-7.3.2-20220804-6354275  User: oesteban  Machine: dna076  Platform: Linux  PlatformVersion: 5.14.0-427.37.1.el9_4.x86_64  CompilerName: GCC  CompilerVersion: 8.4.0
ProgramName: mris_topo_fixer  ProgramArguments: mris_topo_fixer -all-info  ProgramVersion: 7.3.2  TimeStamp: 2026/03/10-07:08:24-GMT  BuildTime: Aug  4 2022 06:17:15  BuildStamp: freesurfer-linux-ubuntu22_x86_64-7.3.2-20220804-6354275  User: oesteban  Machine: dna076  Platform: Linux  PlatformVersion: 5.14.0-427.37.1.el9_4.x86_64  CompilerName: GCC  CompilerVersion: 8.4.0
ProgramName: mris_jacobian  ProgramArguments: mris_jacobian -all-info  ProgramVersion: 7.3.2  TimeStamp: 2026/03/10-07:08:24-GMT  BuildTime: Aug  4 2022 06:17:15  BuildStamp: freesurfer-linux-ubuntu22_x86_64-7.3.2-20220804-6354275  User: oesteban  Machine: dna076  Platform: Linux  PlatformVersion: 5.14.0-427.37.1.el9_4.x86_64  CompilerName: GCC  CompilerVersion: 8.4.0
ProgramName: mris_label2annot  ProgramArguments: mris_label2annot -all-info  ProgramVersion: 7.3.2  TimeStamp: 2026/03/10-07:08:24-GMT  BuildTime: Aug  4 2022 06:17:15  BuildStamp: freesurfer-linux-ubuntu22_x86_64-7.3.2-20220804-6354275  User: oesteban  Machine: dna076  Platform: Linux  PlatformVersion: 5.14.0-427.37.1.el9_4.x86_64  CompilerName: GCC  CompilerVersion: 8.4.0
ProgramName: mris_left_right_register  ProgramArguments: mris_left_right_register -all-info  ProgramVersion: 7.3.2  TimeStamp: 2026/03/10-07:08:24-GMT  BuildTime: Aug  4 2022 06:17:15  BuildStamp: freesurfer-linux-ubuntu22_x86_64-7.3.2-20220804-6354275  User: oesteban  Machine: dna076  Platform: Linux  PlatformVersion: 5.14.0-427.37.1.el9_4.x86_64  CompilerName: GCC  CompilerVersion: 8.4.0
ProgramName: mris_place_surface  ProgramArguments: mris_place_surface -all-info  ProgramVersion: 7.3.2  TimeStamp: 2026/03/10-07:08:24-GMT  BuildTime: Aug  4 2022 06:17:15  BuildStamp: freesurfer-linux-ubuntu22_x86_64-7.3.2-20220804-6354275  User: oesteban  Machine: dna076  Platform: Linux  PlatformVersion: 5.14.0-427.37.1.el9_4.x86_64  CompilerName: GCC  CompilerVersion: 8.4.0
ProgramName: mrisp_paint  ProgramArguments: mrisp_paint -all-info  ProgramVersion: 7.3.2  TimeStamp: 2026/03/10-07:08:24-GMT  BuildTime: Aug  4 2022 06:17:15  BuildStamp: freesurfer-linux-ubuntu22_x86_64-7.3.2-20220804-6354275  User: oesteban  Machine: dna076  Platform: Linux  PlatformVersion: 5.14.0-427.37.1.el9_4.x86_64  CompilerName: GCC  CompilerVersion: 8.4.0
ProgramName: mris_register  ProgramArguments: mris_register -all-info  ProgramVersion: 7.3.2  TimeStamp: 2026/03/10-07:08:24-GMT  BuildTime: Aug  4 2022 06:17:15  BuildStamp: freesurfer-linux-ubuntu22_x86_64-7.3.2-20220804-6354275  User: oesteban  Machine: dna076  Platform: Linux  PlatformVersion: 5.14.0-427.37.1.el9_4.x86_64  CompilerName: GCC  CompilerVersion: 8.4.0
ProgramName: mris_smooth  ProgramArguments: mris_smooth -all-info  ProgramVersion: 7.3.2  TimeStamp: 2026/03/10-07:08:24-GMT  BuildTime: Aug  4 2022 06:17:15  BuildStamp: freesurfer-linux-ubuntu22_x86_64-7.3.2-20220804-6354275  User: oesteban  Machine: dna076  Platform: Linux  PlatformVersion: 5.14.0-427.37.1.el9_4.x86_64  CompilerName: GCC  CompilerVersion: 8.4.0
ProgramName: mris_sphere  ProgramArguments: mris_sphere -all-info  ProgramVersion: 7.3.2  TimeStamp: 2026/03/10-07:08:24-GMT  BuildTime: Aug  4 2022 06:17:15  BuildStamp: freesurfer-linux-ubuntu22_x86_64-7.3.2-20220804-6354275  User: oesteban  Machine: dna076  Platform: Linux  PlatformVersion: 5.14.0-427.37.1.el9_4.x86_64  CompilerName: GCC  CompilerVersion: 8.4.0
ProgramName: mris_surface_stats  ProgramArguments: mris_surface_stats -all-info  ProgramVersion: 7.3.2  TimeStamp: 2026/03/10-07:08:24-GMT  BuildTime: Aug  4 2022 06:17:15  BuildStamp: freesurfer-linux-ubuntu22_x86_64-7.3.2-20220804-6354275  User: oesteban  Machine: dna076  Platform: Linux  PlatformVersion: 5.14.0-427.37.1.el9_4.x86_64  CompilerName: GCC  CompilerVersion: 8.4.0
ProgramName: mri_stats2seg  ProgramArguments: mri_stats2seg -all-info  ProgramVersion: 7.3.2  TimeStamp: 2026/03/10-07:08:24-GMT  BuildTime: Aug  4 2022 06:17:15  BuildStamp: freesurfer-linux-ubuntu22_x86_64-7.3.2-20220804-6354275  User: oesteban  Machine: dna076  Platform: Linux  PlatformVersion: 5.14.0-427.37.1.el9_4.x86_64  CompilerName: GCC  CompilerVersion: 8.4.0
ProgramName: mris_thickness  ProgramArguments: mris_thickness -all-info  ProgramVersion: 7.3.2  TimeStamp: 2026/03/10-07:08:24-GMT  BuildTime: Aug  4 2022 06:17:15  BuildStamp: freesurfer-linux-ubuntu22_x86_64-7.3.2-20220804-6354275  User: oesteban  Machine: dna076  Platform: Linux  PlatformVersion: 5.14.0-427.37.1.el9_4.x86_64  CompilerName: GCC  CompilerVersion: 8.4.0
ProgramName: mris_thickness_diff  ProgramArguments: mris_thickness_diff -all-info  ProgramVersion: 7.3.2  TimeStamp: 2026/03/10-07:08:24-GMT  BuildTime: Aug  4 2022 06:17:15  BuildStamp: freesurfer-linux-ubuntu22_x86_64-7.3.2-20220804-6354275  User: oesteban  Machine: dna076  Platform: Linux  PlatformVersion: 5.14.0-427.37.1.el9_4.x86_64  CompilerName: GCC  CompilerVersion: 8.4.0
ProgramName: mris_topo_fixer  ProgramArguments: mris_topo_fixer -all-info  ProgramVersion: 7.3.2  TimeStamp: 2026/03/10-07:08:24-GMT  BuildTime: Aug  4 2022 06:17:15  BuildStamp: freesurfer-linux-ubuntu22_x86_64-7.3.2-20220804-6354275  User: oesteban  Machine: dna076  Platform: Linux  PlatformVersion: 5.14.0-427.37.1.el9_4.x86_64  CompilerName: GCC  CompilerVersion: 8.4.0
ProgramName: mri_surf2surf  ProgramArguments: mri_surf2surf -all-info  ProgramVersion: 7.3.2  TimeStamp: 2026/03/10-07:08:24-GMT  BuildTime: Aug  4 2022 06:17:15  BuildStamp: freesurfer-linux-ubuntu22_x86_64-7.3.2-20220804-6354275  User: oesteban  Machine: dna076  Platform: Linux  PlatformVersion: 5.14.0-427.37.1.el9_4.x86_64  CompilerName: GCC  CompilerVersion: 8.4.0
ProgramName: mri_surf2vol  ProgramArguments: mri_surf2vol -all-info  ProgramVersion: 7.3.2  TimeStamp: 2026/03/10-07:08:24-GMT  BuildTime: Aug  4 2022 06:17:15  BuildStamp: freesurfer-linux-ubuntu22_x86_64-7.3.2-20220804-6354275  User: oesteban  Machine: dna076  Platform: Linux  PlatformVersion: 5.14.0-427.37.1.el9_4.x86_64  CompilerName: GCC  CompilerVersion: 8.4.0
ProgramName: mri_surfcluster  ProgramArguments: mri_surfcluster -all-info  ProgramVersion: 7.3.2  TimeStamp: 2026/03/10-07:08:24-GMT  BuildTime: Aug  4 2022 06:17:15  BuildStamp: freesurfer-linux-ubuntu22_x86_64-7.3.2-20220804-6354275  User: oesteban  Machine: dna076  Platform: Linux  PlatformVersion: 5.14.0-427.37.1.el9_4.x86_64  CompilerName: GCC  CompilerVersion: 8.4.0
ProgramName: mris_volmask  ProgramArguments: mris_volmask -all-info  ProgramVersion: 7.3.2  TimeStamp: 2026/03/10-07:08:24-GMT  BuildTime: Aug  4 2022 06:17:15  BuildStamp: freesurfer-linux-ubuntu22_x86_64-7.3.2-20220804-6354275  User: oesteban  Machine: dna076  Platform: Linux  PlatformVersion: 5.14.0-427.37.1.el9_4.x86_64  CompilerName: GCC  CompilerVersion: 8.4.0
ProgramName: mri_tessellate  ProgramArguments: mri_tessellate -all-info  ProgramVersion: 7.3.2  TimeStamp: 2026/03/10-07:08:24-GMT  BuildTime: Aug  4 2022 06:17:15  BuildStamp: freesurfer-linux-ubuntu22_x86_64-7.3.2-20220804-6354275  User: oesteban  Machine: dna076  Platform: Linux  PlatformVersion: 5.14.0-427.37.1.el9_4.x86_64  CompilerName: GCC  CompilerVersion: 8.4.0
ProgramName: mri_vol2surf  ProgramArguments: mri_vol2surf -all-info  ProgramVersion: 7.3.2  TimeStamp: 2026/03/10-07:08:24-GMT  BuildTime: Aug  4 2022 06:17:15  BuildStamp: freesurfer-linux-ubuntu22_x86_64-7.3.2-20220804-6354275  User: oesteban  Machine: dna076  Platform: Linux  PlatformVersion: 5.14.0-427.37.1.el9_4.x86_64  CompilerName: GCC  CompilerVersion: 8.4.0
ProgramName: mri_vol2vol  ProgramArguments: mri_vol2vol -all-info  ProgramVersion: 7.3.2  TimeStamp: 2026/03/10-07:08:24-GMT  BuildTime: Aug  4 2022 06:17:15  BuildStamp: freesurfer-linux-ubuntu22_x86_64-7.3.2-20220804-6354275  User: oesteban  Machine: dna076  Platform: Linux  PlatformVersion: 5.14.0-427.37.1.el9_4.x86_64  CompilerName: GCC  CompilerVersion: 8.4.0
ProgramName: mri_voldiff  ProgramArguments: mri_voldiff -all-info  ProgramVersion: 7.3.2  TimeStamp: 2026/03/10-07:08:24-GMT  BuildTime: Aug  4 2022 06:17:15  BuildStamp: freesurfer-linux-ubuntu22_x86_64-7.3.2-20220804-6354275  User: oesteban  Machine: dna076  Platform: Linux  PlatformVersion: 5.14.0-427.37.1.el9_4.x86_64  CompilerName: GCC  CompilerVersion: 8.4.0
ProgramName: mri_watershed  ProgramArguments: mri_watershed -all-info  ProgramVersion: 7.3.2  TimeStamp: 2026/03/10-07:08:24-GMT  BuildTime: Aug  4 2022 06:17:15  BuildStamp: freesurfer-linux-ubuntu22_x86_64-7.3.2-20220804-6354275  User: oesteban  Machine: dna076  Platform: Linux  PlatformVersion: 5.14.0-427.37.1.el9_4.x86_64  CompilerName: GCC  CompilerVersion: 8.4.0
ProgramName: tkregister2  ProgramArguments: tkregister2_cmdl -all-info  ProgramVersion: 7.3.2  TimeStamp: 2026/03/10-07:08:24-GMT  BuildTime: Aug  4 2022 06:17:15  BuildStamp: freesurfer-linux-ubuntu22_x86_64-7.3.2-20220804-6354275  User: oesteban  Machine: dna076  Platform: Linux  PlatformVersion: 5.14.0-427.37.1.el9_4.x86_64  CompilerName: GCC  CompilerVersion: 8.4.0
mri_motion_correct.fsl 7.3.2
mri_convert -all-info 
ProgramName: mri_convert  ProgramArguments: mri_convert -all-info  ProgramVersion: 7.3.2  TimeStamp: 2026/03/10-07:08:24-GMT  BuildTime: Aug  4 2022 06:17:15  BuildStamp: freesurfer-linux-ubuntu22_x86_64-7.3.2-20220804-6354275  User: oesteban  Machine: dna076  Platform: Linux  PlatformVersion: 5.14.0-427.37.1.el9_4.x86_64  CompilerName: GCC  CompilerVersion: 8.4.0
Program nu_correct, built from:
Package MNI N3, version 1.12.0, compiled by nicks@terrier (x86_64-unknown-linux-gnu) on 2015-06-19 at 01:25:34
#######################################
GCADIR /opt/freesurfer/average
GCA RB_all_2020-01-02.gca
GCASkull RB_all_withskull_2020_01_02.gca
AvgCurvTif folding.atlas.acfb40.noaparc.i12.2016-08-02.tif
GCSDIR /opt/freesurfer/average
GCS DKaparc.atlas.acfb40.noaparc.i12.2016-08-02.gcs
#######################################
#--------------------------------------------
#@# Tessellate lh Tue Mar 10 08:08:24 CET 2026
/out/sourcedata/freesurfer/sub-v1s8x0051335_ses-1/scripts

 mri_pretess ../mri/filled.mgz 255 ../mri/norm.mgz ../mri/filled-pretess255.mgz 


Iteration Number : 1
pass   1 (xy+):   0 found -   0 modified     |    TOTAL:   0
pass   1 (xy-):   2 found -   2 modified     |    TOTAL:   2
pass   2 (xy-):   0 found -   2 modified     |    TOTAL:   2
pass   1 (yz+):   8 found -   8 modified     |    TOTAL:  10
pass   2 (yz+):   0 found -   8 modified     |    TOTAL:  10
pass   1 (yz-):   2 found -   2 modified     |    TOTAL:  12
pass   2 (yz-):   0 found -   2 modified     |    TOTAL:  12
pass   1 (xz+):   2 found -   2 modified     |    TOTAL:  14
pass   2 (xz+):   0 found -   2 modified     |    TOTAL:  14
pass   1 (xz-):   0 found -   0 modified     |    TOTAL:  14
Iteration Number : 1
pass   1 (+++):   0 found -   0 modified     |    TOTAL:   0
pass   1 (+++):   0 found -   0 modified     |    TOTAL:   0
pass   1 (+++):   0 found -   0 modified     |    TOTAL:   0
pass   1 (+++):   0 found -   0 modified     |    TOTAL:   0
Iteration Number : 1
pass   1 (++):   0 found -   0 modified     |    TOTAL:   0
pass   1 (+-):   2 found -   2 modified     |    TOTAL:   2
pass   2 (+-):   0 found -   2 modified     |    TOTAL:   2
pass   1 (--):   0 found -   0 modified     |    TOTAL:   2
pass   1 (-+):   0 found -   0 modified     |    TOTAL:   2
Iteration Number : 2
pass   1 (xy+):   0 found -   0 modified     |    TOTAL:   0
pass   1 (xy-):   0 found -   0 modified     |    TOTAL:   0
pass   1 (yz+):   0 found -   0 modified     |    TOTAL:   0
pass   1 (yz-):   0 found -   0 modified     |    TOTAL:   0
pass   1 (xz+):   0 found -   0 modified     |    TOTAL:   0
pass   1 (xz-):   0 found -   0 modified     |    TOTAL:   0
Iteration Number : 2
pass   1 (+++):   0 found -   0 modified     |    TOTAL:   0
pass   1 (+++):   0 found -   0 modified     |    TOTAL:   0
pass   1 (+++):   0 found -   0 modified     |    TOTAL:   0
pass   1 (+++):   0 found -   0 modified     |    TOTAL:   0
Iteration Number : 2
pass   1 (++):   0 found -   0 modified     |    TOTAL:   0
pass   1 (+-):   0 found -   0 modified     |    TOTAL:   0
pass   1 (--):   0 found -   0 modified     |    TOTAL:   0
pass   1 (-+):   0 found -   0 modified     |    TOTAL:   0

Total Number of Modified Voxels = 16 (out of 310068: 0.005160)
Ambiguous edge configurations... 

mri_pretess done


 mri_tessellate ../mri/filled-pretess255.mgz 255 ../surf/lh.orig.nofix 

7.3.2
  7.3.2
slice 40: 3301 vertices, 3528 faces
slice 50: 12873 vertices, 13253 faces
slice 60: 24011 vertices, 24411 faces
slice 70: 36913 vertices, 37398 faces
slice 80: 49693 vertices, 50113 faces
slice 90: 61066 vertices, 61488 faces
slice 100: 73185 vertices, 73624 faces
slice 110: 85509 vertices, 85971 faces
slice 120: 97681 vertices, 98188 faces
slice 130: 110096 vertices, 110561 faces
slice 140: 120674 vertices, 121100 faces
slice 150: 129503 vertices, 129858 faces
slice 160: 136226 vertices, 136539 faces
slice 170: 142247 vertices, 142530 faces
slice 180: 146168 vertices, 146359 faces
slice 190: 147490 vertices, 147574 faces
slice 200: 147490 vertices, 147574 faces
slice 210: 147490 vertices, 147574 faces
slice 220: 147490 vertices, 147574 faces
slice 230: 147490 vertices, 147574 faces
slice 240: 147490 vertices, 147574 faces
slice 250: 147490 vertices, 147574 faces
using the conformed surface RAS to save vertex points...
writing ../surf/lh.orig.nofix
using vox2ras matrix:
-1.00000   0.00000   0.00000   128.00000;
 0.00000   0.00000   1.00000  -128.00000;
 0.00000  -1.00000   0.00000   128.00000;
 0.00000   0.00000   0.00000   1.00000;

 rm -f ../mri/filled-pretess255.mgz 


 mris_extract_main_component ../surf/lh.orig.nofix ../surf/lh.orig.nofix 


counting number of connected components...
   147490 voxel in cpt #1: X=-84 [v=147490,e=442722,f=295148] located at (-27.441298, -27.336334, 41.541656)
For the whole surface: X=-84 [v=147490,e=442722,f=295148]
One single component has been found
nothing to do
done

#--------------------------------------------
#@# Smooth1 lh Tue Mar 10 08:08:26 CET 2026
/out/sourcedata/freesurfer/sub-v1s8x0051335_ses-1/scripts

 mris_smooth -nw -seed 1234 ../surf/lh.orig.nofix ../surf/lh.smoothwm.nofix 

setting seed for random number generator to 1234
smoothing surface tessellation for 10 iterations...
smoothing complete - recomputing first and second fundamental forms...
#--------------------------------------------
#@# Inflation1 lh Tue Mar 10 08:08:28 CET 2026
/out/sourcedata/freesurfer/sub-v1s8x0051335_ses-1/scripts

 mris_inflate -no-save-sulc ../surf/lh.smoothwm.nofix ../surf/lh.inflated.nofix 

Not saving sulc
Reading ../surf/lh.smoothwm.nofix
avg radius = 47.1 mm, total surface area = 80176 mm^2
step 000: RMS=0.152 (target=0.015)   step 005: RMS=0.118 (target=0.015)   step 010: RMS=0.091 (target=0.015)   step 015: RMS=0.079 (target=0.015)   step 020: RMS=0.071 (target=0.015)   step 025: RMS=0.064 (target=0.015)   step 030: RMS=0.060 (target=0.015)   step 035: RMS=0.055 (target=0.015)   step 040: RMS=0.054 (target=0.015)   step 045: RMS=0.052 (target=0.015)   step 050: RMS=0.051 (target=0.015)   step 055: RMS=0.051 (target=0.015)   step 060: RMS=0.051 (target=0.015)   writing inflated surface to ../surf/lh.inflated.nofix
inflation took 0.1 minutes

inflation complete.
Not saving sulc
mris_inflate utimesec    37.826574
mris_inflate stimesec    1.583400
mris_inflate ru_maxrss   233264
mris_inflate ru_ixrss    0
mris_inflate ru_idrss    0
mris_inflate ru_isrss    0
mris_inflate ru_minflt   482799
mris_inflate ru_majflt   32
mris_inflate ru_nswap    0
mris_inflate ru_inblock  1672
mris_inflate ru_oublock  10384
mris_inflate ru_msgsnd   0
mris_inflate ru_msgrcv   0
mris_inflate ru_nsignals 0
mris_inflate ru_nvcsw    4746
mris_inflate ru_nivcsw   171
#--------------------------------------------
#@# QSphere lh Tue Mar 10 08:08:36 CET 2026
/out/sourcedata/freesurfer/sub-v1s8x0051335_ses-1/scripts

 mris_sphere -q -p 6 -a 128 -seed 1234 ../surf/lh.inflated.nofix ../surf/lh.qsphere.nofix 

doing quick spherical unfolding.
limitting unfolding to 6 passes
using n_averages = 128
setting seed for random number genererator to 1234
version: 7.3.2
available threads: 16
scaling brain by 0.319...
inflating...
projecting onto sphere...
surface projected - minimizing metric distortion...
vertex spacing 0.96 +- 0.54 (0.00-->6.85) (max @ vno 64368 --> 64398)
face area 0.03 +- 0.03 (-0.24-->0.69)
Entering MRISinflateToSphere()
inflating to sphere (rms error < 2.00)
000: dt: 0.0000, rms radial error=175.401, avgs=0
005/300: dt: 0.9000, rms radial error=175.144, avgs=0
010/300: dt: 0.9000, rms radial error=174.591, avgs=0
015/300: dt: 0.9000, rms radial error=173.864, avgs=0
020/300: dt: 0.9000, rms radial error=173.034, avgs=0
025/300: dt: 0.9000, rms radial error=172.144, avgs=0
030/300: dt: 0.9000, rms radial error=171.222, avgs=0
035/300: dt: 0.9000, rms radial error=170.283, avgs=0
040/300: dt: 0.9000, rms radial error=169.338, avgs=0
045/300: dt: 0.9000, rms radial error=168.390, avgs=0
050/300: dt: 0.9000, rms radial error=167.443, avgs=0
055/300: dt: 0.9000, rms radial error=166.497, avgs=0
060/300: dt: 0.9000, rms radial error=165.555, avgs=0
065/300: dt: 0.9000, rms radial error=164.624, avgs=0
070/300: dt: 0.9000, rms radial error=163.698, avgs=0
075/300: dt: 0.9000, rms radial error=162.777, avgs=0
080/300: dt: 0.9000, rms radial error=161.861, avgs=0
085/300: dt: 0.9000, rms radial error=160.950, avgs=0
090/300: dt: 0.9000, rms radial error=160.043, avgs=0
095/300: dt: 0.9000, rms radial error=159.141, avgs=0
100/300: dt: 0.9000, rms radial error=158.244, avgs=0
105/300: dt: 0.9000, rms radial error=157.352, avgs=0
110/300: dt: 0.9000, rms radial error=156.464, avgs=0
115/300: dt: 0.9000, rms radial error=155.580, avgs=0
120/300: dt: 0.9000, rms radial error=154.702, avgs=0
125/300: dt: 0.9000, rms radial error=153.829, avgs=0
130/300: dt: 0.9000, rms radial error=152.961, avgs=0
135/300: dt: 0.9000, rms radial error=152.098, avgs=0
140/300: dt: 0.9000, rms radial error=151.240, avgs=0
145/300: dt: 0.9000, rms radial error=150.386, avgs=0
150/300: dt: 0.9000, rms radial error=149.538, avgs=0
155/300: dt: 0.9000, rms radial error=148.694, avgs=0
160/300: dt: 0.9000, rms radial error=147.855, avgs=0
165/300: dt: 0.9000, rms radial error=147.021, avgs=0
170/300: dt: 0.9000, rms radial error=146.192, avgs=0
175/300: dt: 0.9000, rms radial error=145.367, avgs=0
180/300: dt: 0.9000, rms radial error=144.547, avgs=0
185/300: dt: 0.9000, rms radial error=143.732, avgs=0
190/300: dt: 0.9000, rms radial error=142.920, avgs=0
195/300: dt: 0.9000, rms radial error=142.114, avgs=0
200/300: dt: 0.9000, rms radial error=141.312, avgs=0
205/300: dt: 0.9000, rms radial error=140.514, avgs=0
210/300: dt: 0.9000, rms radial error=139.721, avgs=0
215/300: dt: 0.9000, rms radial error=138.932, avgs=0
220/300: dt: 0.9000, rms radial error=138.148, avgs=0
225/300: dt: 0.9000, rms radial error=137.368, avgs=0
230/300: dt: 0.9000, rms radial error=136.593, avgs=0
235/300: dt: 0.9000, rms radial error=135.822, avgs=0
240/300: dt: 0.9000, rms radial error=135.055, avgs=0
245/300: dt: 0.9000, rms radial error=134.293, avgs=0
250/300: dt: 0.9000, rms radial error=133.535, avgs=0
255/300: dt: 0.9000, rms radial error=132.781, avgs=0
260/300: dt: 0.9000, rms radial error=132.031, avgs=0
265/300: dt: 0.9000, rms radial error=131.286, avgs=0
270/300: dt: 0.9000, rms radial error=130.544, avgs=0
275/300: dt: 0.9000, rms radial error=129.807, avgs=0
280/300: dt: 0.9000, rms radial error=129.075, avgs=0
285/300: dt: 0.9000, rms radial error=128.346, avgs=0
290/300: dt: 0.9000, rms radial error=127.621, avgs=0
295/300: dt: 0.9000, rms radial error=126.901, avgs=0
300/300: dt: 0.9000, rms radial error=126.184, avgs=0

spherical inflation complete.
epoch 1 (K=10.0), pass 1, starting sse = 17010.65
taking momentum steps...
taking momentum steps...
taking momentum steps...
taking momentum steps...
pass 1 complete, delta sse/iter = 0.00/13 = 0.00031
epoch 2 (K=40.0), pass 1, starting sse = 2712.21
taking momentum steps...
taking momentum steps...
taking momentum steps...
taking momentum steps...
pass 1 complete, delta sse/iter = 0.00/13 = 0.00036
epoch 3 (K=160.0), pass 1, starting sse = 256.08
taking momentum steps...
taking momentum steps...
taking momentum steps...
taking momentum steps...
pass 1 complete, delta sse/iter = 0.13/18 = 0.00711
epoch 4 (K=640.0), pass 1, starting sse = 19.05
taking momentum steps...
taking momentum steps...
taking momentum steps...
taking momentum steps...
pass 1 complete, delta sse/iter = 0.13/20 = 0.00633
final distance error %100000.00
writing spherical brain to ../surf/lh.qsphere.nofix
spherical transformation took 0.0118 hours
FSRUNTIME@ mris_sphere  0.0118 hours 16 threads
#VMPC# mris_sphere VmPeak  2448380
mris_sphere done
#@# Fix Topology lh Tue Mar 10 08:09:19 CET 2026

 mris_fix_topology -mgz -sphere qsphere.nofix -inflated inflated.nofix -orig orig.nofix -out orig.premesh -ga -seed 1234 sub-v1s8x0051335_ses-1 lh 

reading spherical homeomorphism from 'qsphere.nofix'
reading inflated coordinates from 'inflated.nofix'
reading original coordinates from 'orig.nofix'
using genetic algorithm with optimized parameters
setting seed for random number genererator to 1234

*************************************************************
Topology Correction Parameters
retessellation mode:           genetic search
number of patches/generation : 10
number of generations :        10
surface mri loglikelihood coefficient :         1.0
volume mri loglikelihood coefficient :          10.0
normal dot loglikelihood coefficient :          1.0
quadratic curvature loglikelihood coefficient : 1.0
volume resolution :                             2
eliminate vertices during search :              1
initial patch selection :                       1
select all defect vertices :                    0
ordering dependant retessellation:              0
use precomputed edge table :                    0
smooth retessellated patch :                    2
match retessellated patch :                     1
verbose mode :                                  0

*************************************************************
INFO: assuming .mgz format
writing corrected surface to 'orig.premesh'
7.3.2
  7.3.2
before topology correction, eno=-84 (nv=147490, nf=295148, ne=442722, g=43)
using quasi-homeomorphic spherical map to tessellate cortical surface...

Correction of the Topology
Finding true center and radius of Spherical Surface...done
Surface centered at (0,0,0) with radius 100.0 in 7 iterations
marking ambiguous vertices...
9350 ambiguous faces found in tessellation
segmenting defects...
51 defects found, arbitrating ambiguous regions...
analyzing neighboring defects...
      -merging segment 37 into 32
      -merging segment 43 into 32
49 defects to be corrected 
0 vertices coincident
reading input surface /out/sourcedata/freesurfer/sub-v1s8x0051335_ses-1/surf/lh.qsphere.nofix...
reading brain volume from brain...
reading wm segmentation from wm...
Reading original properties of orig.nofix
Reading vertex positions of inflated.nofix
Computing Initial Surface Statistics
      -face       loglikelihood: -8.6320  (-4.3160)
      -vertex     loglikelihood: -5.4241  (-2.7120)
      -normal dot loglikelihood: -3.5817  (-3.5817)
      -quad curv  loglikelihood: -6.1422  (-3.0711)
      Total Loglikelihood : -23.7799
CORRECTING DEFECT 0 (vertices=44, convex hull=68, v0=79)
After retessellation of defect 0 (v0=79), euler #=-48 (141947,423999,282004) : difference with theory (-46) = 2 
CORRECTING DEFECT 1 (vertices=207, convex hull=117, v0=184)
After retessellation of defect 1 (v0=184), euler #=-47 (141998,424204,282159) : difference with theory (-45) = 2 
CORRECTING DEFECT 2 (vertices=35, convex hull=37, v0=575)
After retessellation of defect 2 (v0=575), euler #=-46 (142003,424229,282180) : difference with theory (-44) = 2 
CORRECTING DEFECT 3 (vertices=93, convex hull=119, v0=3506)
After retessellation of defect 3 (v0=3506), euler #=-45 (142012,424309,282252) : difference with theory (-43) = 2 
CORRECTING DEFECT 4 (vertices=40, convex hull=26, v0=3819)
After retessellation of defect 4 (v0=3819), euler #=-44 (142015,424324,282265) : difference with theory (-42) = 2 
CORRECTING DEFECT 5 (vertices=340, convex hull=131, v0=5559)
After retessellation of defect 5 (v0=5559), euler #=-43 (142024,424412,282345) : difference with theory (-41) = 2 
CORRECTING DEFECT 6 (vertices=118, convex hull=98, v0=5634)
After retessellation of defect 6 (v0=5634), euler #=-42 (142061,424565,282462) : difference with theory (-40) = 2 
CORRECTING DEFECT 7 (vertices=43, convex hull=91, v0=6345)
After retessellation of defect 7 (v0=6345), euler #=-41 (142077,424648,282530) : difference with theory (-39) = 2 
CORRECTING DEFECT 8 (vertices=8, convex hull=22, v0=7736)
After retessellation of defect 8 (v0=7736), euler #=-40 (142077,424655,282538) : difference with theory (-38) = 2 
CORRECTING DEFECT 9 (vertices=306, convex hull=277, v0=9462)
After retessellation of defect 9 (v0=9462), euler #=-39 (142179,425109,282891) : difference with theory (-37) = 2 
CORRECTING DEFECT 10 (vertices=71, convex hull=41, v0=12764)
After retessellation of defect 10 (v0=12764), euler #=-38 (142183,425139,282918) : difference with theory (-36) = 2 
CORRECTING DEFECT 11 (vertices=7, convex hull=22, v0=13653)
After retessellation of defect 11 (v0=13653), euler #=-37 (142185,425150,282928) : difference with theory (-35) = 2 
CORRECTING DEFECT 12 (vertices=487, convex hull=263, v0=17909)
After retessellation of defect 12 (v0=17909), euler #=-36 (142265,425528,283227) : difference with theory (-34) = 2 
CORRECTING DEFECT 13 (vertices=112, convex hull=144, v0=20546)
After retessellation of defect 13 (v0=20546), euler #=-35 (142284,425649,283330) : difference with theory (-33) = 2 
CORRECTING DEFECT 14 (vertices=16, convex hull=26, v0=28453)
After retessellation of defect 14 (v0=28453), euler #=-34 (142286,425660,283340) : difference with theory (-32) = 2 
CORRECTING DEFECT 15 (vertices=20, convex hull=34, v0=28498)
After retessellation of defect 15 (v0=28498), euler #=-33 (142289,425683,283361) : difference with theory (-31) = 2 
CORRECTING DEFECT 16 (vertices=98, convex hull=65, v0=30982)
After retessellation of defect 16 (v0=30982), euler #=-32 (142304,425752,283416) : difference with theory (-30) = 2 
CORRECTING DEFECT 17 (vertices=87, convex hull=125, v0=35956)
After retessellation of defect 17 (v0=35956), euler #=-31 (142327,425874,283516) : difference with theory (-29) = 2 
CORRECTING DEFECT 18 (vertices=37, convex hull=77, v0=36904)
After retessellation of defect 18 (v0=36904), euler #=-30 (142340,425942,283572) : difference with theory (-28) = 2 
CORRECTING DEFECT 19 (vertices=23, convex hull=61, v0=38469)
After retessellation of defect 19 (v0=38469), euler #=-29 (142348,425991,283614) : difference with theory (-27) = 2 
CORRECTING DEFECT 20 (vertices=132, convex hull=178, v0=55918)
After retessellation of defect 20 (v0=55918), euler #=-28 (142398,426222,283796) : difference with theory (-26) = 2 
CORRECTING DEFECT 21 (vertices=139, convex hull=94, v0=58324)
After retessellation of defect 21 (v0=58324), euler #=-27 (142423,426340,283890) : difference with theory (-25) = 2 
CORRECTING DEFECT 22 (vertices=11, convex hull=23, v0=59473)
After retessellation of defect 22 (v0=59473), euler #=-26 (142425,426351,283900) : difference with theory (-24) = 2 
CORRECTING DEFECT 23 (vertices=66, convex hull=103, v0=62215)
After retessellation of defect 23 (v0=62215), euler #=-25 (142461,426505,284019) : difference with theory (-23) = 2 
CORRECTING DEFECT 24 (vertices=45, convex hull=62, v0=65250)
After retessellation of defect 24 (v0=65250), euler #=-24 (142472,426560,284064) : difference with theory (-22) = 2 
CORRECTING DEFECT 25 (vertices=17, convex hull=32, v0=65715)
After retessellation of defect 25 (v0=65715), euler #=-23 (142475,426578,284080) : difference with theory (-21) = 2 
CORRECTING DEFECT 26 (vertices=34, convex hull=62, v0=69605)
After retessellation of defect 26 (v0=69605), euler #=-22 (142489,426642,284131) : difference with theory (-20) = 2 
CORRECTING DEFECT 27 (vertices=145, convex hull=155, v0=69727)
After retessellation of defect 27 (v0=69727), euler #=-21 (142559,426923,284343) : difference with theory (-19) = 2 
CORRECTING DEFECT 28 (vertices=7, convex hull=28, v0=71867)
After retessellation of defect 28 (v0=71867), euler #=-20 (142560,426936,284356) : difference with theory (-18) = 2 
CORRECTING DEFECT 29 (vertices=90, convex hull=68, v0=71894)
After retessellation of defect 29 (v0=71894), euler #=-19 (142574,427003,284410) : difference with theory (-17) = 2 
CORRECTING DEFECT 30 (vertices=83, convex hull=43, v0=75224)
After retessellation of defect 30 (v0=75224), euler #=-18 (142581,427039,284440) : difference with theory (-16) = 2 
CORRECTING DEFECT 31 (vertices=5, convex hull=28, v0=75308)
After retessellation of defect 31 (v0=75308), euler #=-17 (142583,427052,284452) : difference with theory (-15) = 2 
CORRECTING DEFECT 32 (vertices=593, convex hull=324, v0=83181)
After retessellation of defect 32 (v0=83181), euler #=-14 (142615,427309,284680) : difference with theory (-14) = 0 
CORRECTING DEFECT 33 (vertices=713, convex hull=305, v0=84051)
After retessellation of defect 33 (v0=84051), euler #=-13 (142784,427974,285177) : difference with theory (-13) = 0 
CORRECTING DEFECT 34 (vertices=9, convex hull=28, v0=85478)
After retessellation of defect 34 (v0=85478), euler #=-12 (142785,427984,285187) : difference with theory (-12) = 0 
CORRECTING DEFECT 35 (vertices=93, convex hull=63, v0=87730)
After retessellation of defect 35 (v0=87730), euler #=-11 (142794,428034,285229) : difference with theory (-11) = 0 
CORRECTING DEFECT 36 (vertices=95, convex hull=53, v0=91457)
After retessellation of defect 36 (v0=91457), euler #=-10 (142803,428077,285264) : difference with theory (-10) = 0 
CORRECTING DEFECT 37 (vertices=7, convex hull=35, v0=94876)
After retessellation of defect 37 (v0=94876), euler #=-9 (142804,428093,285280) : difference with theory (-9) = 0 
CORRECTING DEFECT 38 (vertices=155, convex hull=136, v0=95238)
After retessellation of defect 38 (v0=95238), euler #=-8 (142829,428229,285392) : difference with theory (-8) = 0 
CORRECTING DEFECT 39 (vertices=39, convex hull=44, v0=95906)
After retessellation of defect 39 (v0=95906), euler #=-7 (142848,428300,285445) : difference with theory (-7) = 0 
CORRECTING DEFECT 40 (vertices=50, convex hull=57, v0=104682)
After retessellation of defect 40 (v0=104682), euler #=-6 (142865,428372,285501) : difference with theory (-6) = 0 
CORRECTING DEFECT 41 (vertices=344, convex hull=192, v0=107264)
After retessellation of defect 41 (v0=107264), euler #=-5 (142932,428669,285732) : difference with theory (-5) = 0 
CORRECTING DEFECT 42 (vertices=17, convex hull=20, v0=110316)
After retessellation of defect 42 (v0=110316), euler #=-4 (142934,428680,285742) : difference with theory (-4) = 0 
CORRECTING DEFECT 43 (vertices=6, convex hull=28, v0=111117)
After retessellation of defect 43 (v0=111117), euler #=-3 (142935,428693,285755) : difference with theory (-3) = 0 
CORRECTING DEFECT 44 (vertices=36, convex hull=27, v0=111830)
After retessellation of defect 44 (v0=111830), euler #=-2 (142943,428725,285780) : difference with theory (-2) = 0 
CORRECTING DEFECT 45 (vertices=5, convex hull=23, v0=112189)
After retessellation of defect 45 (v0=112189), euler #=-1 (142944,428732,285787) : difference with theory (-1) = 0 
CORRECTING DEFECT 46 (vertices=263, convex hull=90, v0=112207)
After retessellation of defect 46 (v0=112207), euler #=0 (142956,428808,285852) : difference with theory (0) = 0 
CORRECTING DEFECT 47 (vertices=65, convex hull=47, v0=115530)
After retessellation of defect 47 (v0=115530), euler #=1 (142967,428865,285899) : difference with theory (1) = 0 
CORRECTING DEFECT 48 (vertices=93, convex hull=55, v0=121574)
After retessellation of defect 48 (v0=121574), euler #=2 (142981,428937,285958) : difference with theory (2) = 0 
computing original vertex metric properties...
storing new metric properties...
computing tessellation statistics...
vertex spacing 0.90 +- 0.26 (0.12-->12.92) (max @ vno 90472 --> 103231)
face area -nan +- -nan (1000.00-->-1.00)
performing soap bubble on retessellated vertices for 0 iterations...
vertex spacing 0.90 +- 0.26 (0.12-->12.92) (max @ vno 90472 --> 103231)
face area -nan +- -nan (1000.00-->-1.00)
tessellation finished, orienting corrected surface...
207 mutations (35.8%), 371 crossovers (64.2%), 567 vertices were eliminated
building final representation...
4509 vertices and 0 faces have been removed from triangulation
after topology correction, eno=2 (nv=142981, nf=285958, ne=428937, g=0)
writing corrected surface to /out/sourcedata/freesurfer/sub-v1s8x0051335_ses-1/surf/lh.orig.premesh...

0.000 % of the vertices (0 vertices) exhibit an orientation change
removing intersecting faces
000: 647 intersecting
001: 140 intersecting
002: 32 intersecting
terminating search with 0 intersecting
topology fixing took 2.9 minutes
FSRUNTIME@ mris_fix_topology lh  0.0482 hours 16 threads
#VMPC# mris_fix_topology VmPeak  2178860

 mris_euler_number ../surf/lh.orig.premesh 

euler # = v-e+f = 2g-2: 142981 - 428937 + 285958 = 2 --> 0 holes
      F =2V-4:          285958 = 285962-4 (0)
      2E=3F:            857874 = 857874 (0)

total defect index = 0
Tue Mar 10 08:12:13 CET 2026

setenv SUBJECTS_DIR /out/sourcedata/freesurfer
cd /out/sourcedata/freesurfer/sub-v1s8x0051335_ses-1/scripts
/opt/freesurfer/bin/defect2seg --s sub-v1s8x0051335_ses-1 --lh-only --cortex

freesurfer-linux-ubuntu22_x86_64-7.3.2-20220804-6354275
defect2seg 7.3.2
Linux dna076 5.14.0-427.37.1.el9_4.x86_64 #1 SMP PREEMPT_DYNAMIC Fri Sep 13 12:41:50 EDT 2024 x86_64 x86_64 x86_64 GNU/Linux
pid 1063783
mri_label2label --label-cortex /out/sourcedata/freesurfer/sub-v1s8x0051335_ses-1/surf/lh.orig.nofix /out/sourcedata/freesurfer/sub-v1s8x0051335_ses-1/mri/aseg.presurf.mgz 0 /out/sourcedata/freesurfer/sub-v1s8x0051335_ses-1/label/lh.nofix.cortex.label

 Generating cortex label... RemoveHipAmgy=0
 NucAccIsMedialWall=0
 mris->useRealRAS=0
11 non-cortical segments detected
only using segment with 8137 vertices
erasing segment 1 (vno[0] = 91935)
erasing segment 2 (vno[0] = 104634)
erasing segment 3 (vno[0] = 105996)
erasing segment 4 (vno[0] = 107247)
erasing segment 5 (vno[0] = 107309)
erasing segment 6 (vno[0] = 108508)
erasing segment 7 (vno[0] = 108574)
erasing segment 8 (vno[0] = 109743)
erasing segment 9 (vno[0] = 110759)
erasing segment 10 (vno[0] = 110780)
mri_label2vol --defects /out/sourcedata/freesurfer/sub-v1s8x0051335_ses-1/surf/lh.orig.nofix /out/sourcedata/freesurfer/sub-v1s8x0051335_ses-1/surf/lh.defect_labels /out/sourcedata/freesurfer/sub-v1s8x0051335_ses-1/mri/orig.mgz 1000 0 /out/sourcedata/freesurfer/sub-v1s8x0051335_ses-1/mri/lh.surface.defects.mgz /out/sourcedata/freesurfer/sub-v1s8x0051335_ses-1/label/lh.nofix.cortex.label
mri_label2vol supposed to be reproducible but seed not set
Contraining to label /out/sourcedata/freesurfer/sub-v1s8x0051335_ses-1/label/lh.nofix.cortex.label
Changing input type 0 to MRI_INT
Converting defects to volume: offset=1000, merge=0
Writing to /out/sourcedata/freesurfer/sub-v1s8x0051335_ses-1/mri/lh.surface.defects.mgz
mris_defects_pointset -s /out/sourcedata/freesurfer/sub-v1s8x0051335_ses-1/surf/lh.orig.nofix -d /out/sourcedata/freesurfer/sub-v1s8x0051335_ses-1/surf/lh.defect_labels -o /out/sourcedata/freesurfer/sub-v1s8x0051335_ses-1/surf/lh.defects.pointset --label /out/sourcedata/freesurfer/sub-v1s8x0051335_ses-1/label/lh.nofix.cortex.label
Reading in surface /out/sourcedata/freesurfer/sub-v1s8x0051335_ses-1/surf/lh.orig.nofix
Reading in defect segmentation /out/sourcedata/freesurfer/sub-v1s8x0051335_ses-1/surf/lh.defect_labels
Reading in label /out/sourcedata/freesurfer/sub-v1s8x0051335_ses-1/label/lh.nofix.cortex.label
#VMPC# mris_defects_pointset 2186320
mris_defects_pointset done
 
Started at Tue Mar 10 08:12:13 CET 2026 
Ended   at Tue Mar 10 08:12:23 CET 2026
Defect2seg-Run-Time-Sec 10
Defect2seg-Run-Time-Min 0.20
Defect2seg-Run-Time-Hours 0.00
 
tkmeditfv sub-v1s8x0051335_ses-1 brain.finalsurfs.mgz -defect
defect2seg Done

 mris_remesh --remesh --iters 3 --input /out/sourcedata/freesurfer/sub-v1s8x0051335_ses-1/surf/lh.orig.premesh --output /out/sourcedata/freesurfer/sub-v1s8x0051335_ses-1/surf/lh.orig 

iters = 3
standard remeshing without target
   adjusted l: 0.717337
remeshing to edge length 0.717337 with 3 iterations

avg qual before   : 0.889516  after: 0.971174

Removing intersections
Remeshed surface quality stats nv0 = 142981  nv = 148879  1.04125
Area    297754  0.30790  0.03426 0.084075   0.4827
Corner  893262 60.00000  8.79912 21.640462 135.4584
Edge    446631  0.85129  0.08314 0.474565   1.3064
Hinge   446631  9.55962  9.88055 0.000000 152.7507
mris_remesh done
/out/sourcedata/freesurfer/sub-v1s8x0051335_ses-1/scripts

 mris_remove_intersection ../surf/lh.orig ../surf/lh.orig 

intersection removal took 0.00 hours
writing corrected surface to ../surf/lh.orig

 rm -f ../surf/lh.inflated 

#--------------------------------------------
#@# AutoDetGWStats lh Tue Mar 10 08:12:51 CET 2026
cd /out/sourcedata/freesurfer/sub-v1s8x0051335_ses-1/mri
mris_autodet_gwstats --o ../surf/autodet.gw.stats.lh.dat --i brain.finalsurfs.mgz --wm wm.mgz --surf ../surf/lh.orig.premesh
7.3.2

cd /out/sourcedata/freesurfer/sub-v1s8x0051335_ses-1/mri
setenv SUBJECTS_DIR /out/sourcedata/freesurfer
mris_autodet_gwstats --o ../surf/autodet.gw.stats.lh.dat --i brain.finalsurfs.mgz --wm wm.mgz --surf ../surf/lh.orig.premesh 

border white:    279253 voxels (1.66%)
border gray      297218 voxels (1.77%)
Reading in intensity volume brain.finalsurfs.mgz
Reading in wm volume wm.mgz
Reading in surf ../surf/lh.orig.premesh
Auto detecting stats
MRIclipBrightWM(): nthresh=23697, wmmin=5, clip=110 
Binarizing thresholding at 5
computing class statistics... low=30, hi=110.000000
CCS WM (103.0): 103.1 +- 5.0 [70.0 --> 110.0]
CCS GM (91.0) : 88.2 +- 10.6 [30.0 --> 110.0]
white_mean = 103.134 +/- 5.00577, gray_mean = 88.1766 +/- 10.5944
using class modes intead of means, discounting robust sigmas....
MRIScomputeClassModes(): min=0 max=194 nbins=195
intensity peaks found at WM=106+-5.2,    GM=90+-4.3
white_mode = 106, gray_mode = 90
std_scale = 1
Applying sanity checks, max_scale_down = 0.2
setting MIN_GRAY_AT_WHITE_BORDER to 79.4 (was 70.000000)
setting MAX_BORDER_WHITE to 111.0 (was 105.000000)
setting MIN_BORDER_WHITE to 90.0 (was 85.000000)
setting MAX_CSF to 68.8 (was 40.000000)
setting MAX_GRAY to 101.0 (was 95.000000)
setting MAX_GRAY_AT_CSF_BORDER to 79.4 (was 75.000000)
setting MIN_GRAY_AT_CSF_BORDER to 58.2 (was 40.000000)
When placing the white surface
  white_border_hi   = 111.006;
  white_border_low  = 90;
  white_outside_low = 79.4056;
  white_inside_hi   = 120;
  white_outside_hi  = 111.006;
When placing the pial surface
  pial_border_hi   = 79.4056;
  pial_border_low  = 58.2167;
  pial_outside_low = 10;
  pial_inside_hi   = 100.994;
  pial_outside_hi  = 74.1083;
#VMPC# mris_autodet_gwstats VmPeak  1601736
mris_autodet_gwstats done
#--------------------------------------------
#@# WhitePreAparc lh Tue Mar 10 08:12:53 CET 2026
cd /out/sourcedata/freesurfer/sub-v1s8x0051335_ses-1/mri
mris_place_surface --adgws-in ../surf/autodet.gw.stats.lh.dat --wm wm.mgz --threads 16 --invol brain.finalsurfs.mgz --lh --i ../surf/lh.orig --o ../surf/lh.white.preaparc --white --seg aseg.presurf.mgz --nsmooth 5
7.3.2
7.3.2

cd /out/sourcedata/freesurfer/sub-v1s8x0051335_ses-1/mri
setenv SUBJECTS_DIR /out/sourcedata/freesurfer
mris_place_surface --adgws-in ../surf/autodet.gw.stats.lh.dat --wm wm.mgz --threads 16 --invol brain.finalsurfs.mgz --lh --i ../surf/lh.orig --o ../surf/lh.white.preaparc --white --seg aseg.presurf.mgz --nsmooth 5 

Reading in input surface ../surf/lh.orig
Smoothing surface before ripping with 5 iterations
Area    297754  0.27369  0.06317 0.001757   0.5731
Corner  893262 60.00000  9.15813 7.449173 140.4552
Edge    446631  0.79845  0.11339 0.044821   1.3589
Hinge   446631  6.36651  6.23535 0.000030 153.1441
Not reading in aparc
Reading in input volume brain.finalsurfs.mgz
Reading in wm volume wm.mgz
MRIclipBrightWM(): nthresh=23697, wmmin=5, clip=110 
MRIfindBrightNonWM(): 387 bright non-wm voxels segmented.
Masking bright non-wm for white surface
MRImask(): AllowDiffGeom = 1
MRImask(): AllowDiffGeom = 1
Reading in seg volume aseg.presurf.mgz
Ripping frozen voxels
INFO: rip surface needed but not specified, so using input surface
Freezing midline and others
Entering: MRISripMidline(): inhibiting deformation at non-cortical midline structures...
  which=1, fix_mtl=0, using annot = 0
#FML0# MRISripMidline(): nripped=0
removing 4 vertices from ripped group in thread:0
#FML# MRISripMidline(): nmarked=5892, nmarked2=88, nripped=5892
Ripping segs (eg, WMSA, BG, frozen)
Starting MRISripSegs() d = (-2 2 0.5) segnos: 247 
MRISripSegs(): -2 2 0.5 ripped 0
vertex 74440: xyz = (-58.5714,-14.9499,11.217) oxyz = (-58.5714,-14.9499,11.217) wxzy = (-58.5714,-14.9499,11.217) pxyz = (0,0,0) 
CBVO Creating mask 148879
n_averages 4
Iteration 0 =========================================
n_averages=4, current_sigma=2
Freezing midline and others
Ripping frozen voxels
INFO: rip surface needed but not specified, so using input surface
Freezing midline and others
Entering: MRISripMidline(): inhibiting deformation at non-cortical midline structures...
  which=1, fix_mtl=0, using annot = 0
#FML0# MRISripMidline(): nripped=5892
removing 4 vertices from ripped group in thread:0
#FML# MRISripMidline(): nmarked=5892, nmarked2=88, nripped=5892
Ripping segs (eg, WMSA, BG, frozen)
Starting MRISripSegs() d = (-2 2 0.5) segnos: 247 247 
MRISripSegs(): -2 2 0.5 ripped 0
Computing target border values 
Entering MRIScomputeBorderValues_new(): 
  inside_hi   = 120.0000000;
  border_hi   = 111.0057750;
  border_low  =  90.0000000;
  outside_low =  79.4055560;
  outside_hi  = 111.0057750;
  sigma = 2;
  max_thickness = 10;
  step_size=0.5;
  STEP_SIZE=0.1;
  which = 1
  thresh = 0
  flags = 0
  CBVfindFirstPeakD1=0
  CBVfindFirstPeakD2=0
  nvertices=148879
  Gdiag_no=-1
  vno start=0, stop=148879
Replacing 255s with 0s
#SI# sigma=2 had to be increased for 189 vertices, nripped=5892
mean border=96.0, 392 (392) missing vertices, mean dist 0.0 [0.9 (%43.3)->0.8 (%56.7))]
%59 local maxima, %37 large gradients and % 0 min vals, 0 gradients ignored
nFirstPeakD1 0
MRIScomputeBorderValues_new() finished in 0.0136 min


Finding expansion regions
mean absolute distance = 0.82 +- 1.16
4499 vertices more than 2 sigmas from mean.
Averaging target values for 5 iterations...
Positioning Surface: tspring = 0.3, nspring = 0.3, spring = 0, niters = 100 l_repulse = 5, l_surf_repulse = 0, checktol = 0
Positioning pial surface
Entering MRISpositionSurface()
  max_mm = 0.3
  MAX_REDUCTIONS = 2, REDUCTION_PCT = 0.5
  parms->check_tol = 0, niterations = 100
tol=1.0e-04, sigma=2.0, host=dna07, nav=4, nbrs=2, l_repulse=5.000, l_tspring=0.300, l_nspring=0.300, l_intensity=0.200, l_curv=1.000
mom=0.00, dt=0.50
complete_dist_mat 0
rms 0
smooth_averages 0
remove_neg 0
ico_order 0
which_surface 0
target_radius 0.000000
nfields 0
scale 0.000000
desired_rms_height 0.000000
momentum 0.000000
nbhd_size 0
max_nbrs 0
niterations 100
nsurfaces 0
SURFACES 3
flags 0 (0)
use curv 0
no sulc 0
no rigid align 0
mris->nsize 2
mris->hemisphere 0
randomSeed 0

000: dt: 0.0000, sse=952452.7, rms=5.242
001: dt: 0.5000, sse=517866.3, rms=3.508 (33.084%)
002: dt: 0.5000, sse=351311.9, rms=2.500 (28.724%)
003: dt: 0.5000, sse=276098.5, rms=1.925 (22.993%)
004: dt: 0.5000, sse=251146.5, rms=1.611 (16.307%)
005: dt: 0.5000, sse=238369.0, rms=1.440 (10.613%)
006: dt: 0.5000, sse=235615.6, rms=1.335 (7.344%)
007: dt: 0.5000, sse=232770.6, rms=1.268 (4.986%)
rms = 1.2167/1.2680, sse=236065.9/232770.6, time step reduction 1 of 3 to 0.250  0 1 0
008: dt: 0.5000, sse=236065.8, rms=1.217 (4.041%)
009: dt: 0.2500, sse=233779.2, rms=1.076 (11.567%)
rms = 1.0468/1.0760, sse=219291.0/233779.2, time step reduction 2 of 3 to 0.125  0 0 1
010: dt: 0.2500, sse=219291.0, rms=1.047 (2.717%)
rms = 1.0283/1.0468, sse=212365.6/219291.0, time step reduction 3 of 3 to 0.062  0 0 1
011: dt: 0.1250, sse=212365.6, rms=1.028 (1.765%)
  maximum number of reductions reached, breaking from loop
positioning took 0.8 minutes
Iteration 1 =========================================
n_averages=2, current_sigma=1
Freezing midline and others
Ripping frozen voxels
INFO: rip surface needed but not specified, so using input surface
Freezing midline and others
Entering: MRISripMidline(): inhibiting deformation at non-cortical midline structures...
  which=1, fix_mtl=0, using annot = 0
#FML0# MRISripMidline(): nripped=5892
removing 3 vertices from ripped group in thread:0
removing 3 vertices from ripped group in thread:0
removing 3 vertices from ripped group in thread:0
removing 4 vertices from ripped group in thread:0
removing 3 vertices from ripped group in thread:0
#FML# MRISripMidline(): nmarked=6224, nmarked2=244, nripped=6224
Ripping segs (eg, WMSA, BG, frozen)
Starting MRISripSegs() d = (-2 2 0.5) segnos: 247 247 247 
MRISripSegs(): -2 2 0.5 ripped 0
Computing target border values 
Entering MRIScomputeBorderValues_new(): 
  inside_hi   = 120.0000000;
  border_hi   = 111.0057750;
  border_low  =  90.0000000;
  outside_low =  79.4055560;
  outside_hi  = 111.0057750;
  sigma = 1;
  max_thickness = 10;
  step_size=0.5;
  STEP_SIZE=0.1;
  which = 1
  thresh = 0
  flags = 0
  CBVfindFirstPeakD1=0
  CBVfindFirstPeakD2=0
  nvertices=148879
  Gdiag_no=-1
  vno start=0, stop=148879
Replacing 255s with 0s
#SI# sigma=1 had to be increased for 244 vertices, nripped=6224
mean border=97.6, 225 (93) missing vertices, mean dist -0.4 [0.8 (%65.7)->0.3 (%34.3))]
%70 local maxima, %25 large gradients and % 0 min vals, 0 gradients ignored
nFirstPeakD1 0
MRIScomputeBorderValues_new() finished in 0.0098 min


Finding expansion regions
mean absolute distance = 0.61 +- 0.91
5710 vertices more than 2 sigmas from mean.
Averaging target values for 5 iterations...
Positioning Surface: tspring = 0.3, nspring = 0.3, spring = 0, niters = 100 l_repulse = 5, l_surf_repulse = 0, checktol = 0
Positioning pial surface
Entering MRISpositionSurface()
  max_mm = 0.3
  MAX_REDUCTIONS = 2, REDUCTION_PCT = 0.5
  parms->check_tol = 0, niterations = 100
tol=1.0e-04, sigma=1.0, host=dna07, nav=2, nbrs=2, l_repulse=5.000, l_tspring=0.300, l_nspring=0.300, l_intensity=0.200, l_curv=1.000
mom=0.00, dt=0.50
000: dt: 0.0000, sse=457977.4, rms=2.918
012: dt: 0.5000, sse=344344.7, rms=2.060 (29.410%)
rms = 1.6770/2.0601, sse=354082.6/344344.7, time step reduction 1 of 3 to 0.250  0 1 0
013: dt: 0.5000, sse=354082.6, rms=1.677 (18.600%)
014: dt: 0.2500, sse=300133.3, rms=1.496 (10.794%)
015: dt: 0.2500, sse=279093.7, rms=1.355 (9.444%)
016: dt: 0.2500, sse=276511.4, rms=1.245 (8.072%)
017: dt: 0.2500, sse=270162.3, rms=1.150 (7.671%)
rms = 1.0640/1.1498, sse=295278.6/270162.3, time step reduction 2 of 3 to 0.125  0 1 0
018: dt: 0.2500, sse=295278.6, rms=1.064 (7.462%)
rms = 1.0399/1.0640, sse=285478.1/295278.6, time step reduction 3 of 3 to 0.062  0 0 1
019: dt: 0.1250, sse=285478.1, rms=1.040 (2.266%)
  maximum number of reductions reached, breaking from loop
positioning took 0.6 minutes
Iteration 2 =========================================
n_averages=1, current_sigma=0.5
Freezing midline and others
Ripping frozen voxels
INFO: rip surface needed but not specified, so using input surface
Freezing midline and others
Entering: MRISripMidline(): inhibiting deformation at non-cortical midline structures...
  which=1, fix_mtl=0, using annot = 0
#FML0# MRISripMidline(): nripped=6224
removing 4 vertices from ripped group in thread:0
removing 3 vertices from ripped group in thread:0
removing 1 vertices from ripped group in thread:0
removing 2 vertices from ripped group in thread:0
removing 2 vertices from ripped group in thread:0
removing 2 vertices from ripped group in thread:0
removing 4 vertices from ripped group in thread:0
#FML# MRISripMidline(): nmarked=6368, nmarked2=247, nripped=6368
Ripping segs (eg, WMSA, BG, frozen)
Starting MRISripSegs() d = (-2 2 0.5) segnos: 247 247 247 247 
MRISripSegs(): -2 2 0.5 ripped 0
Computing target border values 
Entering MRIScomputeBorderValues_new(): 
  inside_hi   = 120.0000000;
  border_hi   = 111.0057750;
  border_low  =  90.0000000;
  outside_low =  79.4055560;
  outside_hi  = 111.0057750;
  sigma = 0.5;
  max_thickness = 10;
  step_size=0.5;
  STEP_SIZE=0.1;
  which = 1
  thresh = 0
  flags = 0
  CBVfindFirstPeakD1=0
  CBVfindFirstPeakD2=0
  nvertices=148879
  Gdiag_no=-1
  vno start=0, stop=148879
Replacing 255s with 0s
#SI# sigma=0.5 had to be increased for 827 vertices, nripped=6368
mean border=99.2, 226 (38) missing vertices, mean dist -0.3 [0.5 (%71.9)->0.3 (%28.1))]
%83 local maxima, %12 large gradients and % 0 min vals, 0 gradients ignored
nFirstPeakD1 0
MRIScomputeBorderValues_new() finished in 0.0054 min


Finding expansion regions
mean absolute distance = 0.46 +- 0.60
4859 vertices more than 2 sigmas from mean.
Averaging target values for 5 iterations...
Positioning Surface: tspring = 0.3, nspring = 0.3, spring = 0, niters = 100 l_repulse = 5, l_surf_repulse = 0, checktol = 0
Positioning pial surface
Entering MRISpositionSurface()
  max_mm = 0.3
  MAX_REDUCTIONS = 2, REDUCTION_PCT = 0.5
  parms->check_tol = 0, niterations = 100
tol=1.0e-04, sigma=0.5, host=dna07, nav=1, nbrs=2, l_repulse=5.000, l_tspring=0.300, l_nspring=0.300, l_intensity=0.200, l_curv=1.000
mom=0.00, dt=0.50
000: dt: 0.0000, sse=430344.4, rms=2.532
020: dt: 0.5000, sse=320153.0, rms=1.617 (36.131%)
021: dt: 0.5000, sse=318878.8, rms=1.210 (25.176%)
022: dt: 0.5000, sse=312470.2, rms=1.068 (11.707%)
023: dt: 0.5000, sse=298851.0, rms=1.002 (6.242%)
rms = 1.0100/1.0017, sse=302523.0/298851.0, time step reduction 1 of 3 to 0.250  0 1 1
   RMS increased, rejecting step
024: dt: 0.2500, sse=283652.8, rms=0.912 (8.998%)
rms = 0.8946/0.9115, sse=314567.1/283652.8, time step reduction 2 of 3 to 0.125  0 1 1
025: dt: 0.2500, sse=314567.1, rms=0.895 (1.852%)
rms = 0.8770/0.8946, sse=304041.1/314567.1, time step reduction 3 of 3 to 0.062  0 0 1
026: dt: 0.1250, sse=304041.1, rms=0.877 (1.977%)
  maximum number of reductions reached, breaking from loop
positioning took 0.5 minutes
Iteration 3 =========================================
n_averages=0, current_sigma=0.25
Freezing midline and others
Ripping frozen voxels
INFO: rip surface needed but not specified, so using input surface
Freezing midline and others
Entering: MRISripMidline(): inhibiting deformation at non-cortical midline structures...
  which=1, fix_mtl=0, using annot = 0
#FML0# MRISripMidline(): nripped=6368
removing 3 vertices from ripped group in thread:0
removing 4 vertices from ripped group in thread:0
removing 2 vertices from ripped group in thread:0
removing 2 vertices from ripped group in thread:0
removing 4 vertices from ripped group in thread:0
#FML# MRISripMidline(): nmarked=6399, nmarked2=248, nripped=6399
Ripping segs (eg, WMSA, BG, frozen)
Starting MRISripSegs() d = (-2 2 0.5) segnos: 247 247 247 247 247 
MRISripSegs(): -2 2 0.5 ripped 0
Computing target border values 
Entering MRIScomputeBorderValues_new(): 
  inside_hi   = 120.0000000;
  border_hi   = 111.0057750;
  border_low  =  90.0000000;
  outside_low =  79.4055560;
  outside_hi  = 111.0057750;
  sigma = 0.25;
  max_thickness = 10;
  step_size=0.5;
  STEP_SIZE=0.1;
  which = 1
  thresh = 0
  flags = 0
  CBVfindFirstPeakD1=0
  CBVfindFirstPeakD2=0
  nvertices=148879
  Gdiag_no=-1
  vno start=0, stop=148879
Replacing 255s with 0s
#SI# sigma=0.25 had to be increased for 771 vertices, nripped=6399
mean border=99.7, 285 (30) missing vertices, mean dist -0.1 [0.3 (%59.2)->0.3 (%40.8))]
%87 local maxima, % 8 large gradients and % 0 min vals, 0 gradients ignored
nFirstPeakD1 0
MRIScomputeBorderValues_new() finished in 0.0034 min


Finding expansion regions
mean absolute distance = 0.31 +- 0.44
4995 vertices more than 2 sigmas from mean.
Averaging target values for 5 iterations...
Positioning Surface: tspring = 0.3, nspring = 0.3, spring = 0, niters = 100 l_repulse = 5, l_surf_repulse = 0, checktol = 0
Positioning pial surface
Entering MRISpositionSurface()
  max_mm = 0.3
  MAX_REDUCTIONS = 2, REDUCTION_PCT = 0.5
  parms->check_tol = 0, niterations = 100
tol=1.0e-04, sigma=0.2, host=dna07, nav=0, nbrs=2, l_repulse=5.000, l_tspring=0.300, l_nspring=0.300, l_intensity=0.200, l_curv=1.000
mom=0.00, dt=0.50
000: dt: 0.0000, sse=322040.0, rms=1.254
rms = 0.8562/1.2539, sse=331911.7/322040.0, time step reduction 1 of 3 to 0.250  0 1 0
027: dt: 0.5000, sse=331911.7, rms=0.856 (31.717%)
028: dt: 0.2500, sse=307452.2, rms=0.805 (5.956%)
rms = 0.7594/0.8052, sse=282515.9/307452.2, time step reduction 2 of 3 to 0.125  0 0 1
029: dt: 0.2500, sse=282515.9, rms=0.759 (5.685%)
rms = 0.7262/0.7594, sse=268944.4/282515.9, time step reduction 3 of 3 to 0.062  0 0 1
030: dt: 0.1250, sse=268944.3, rms=0.726 (4.372%)
  maximum number of reductions reached, breaking from loop
positioning took 0.3 minutes


Writing output to ../surf/lh.white.preaparc
#ET# mris_place_surface  2.27 minutes
#VMPC# mris_place_surfaces VmPeak  3190236
mris_place_surface done
#--------------------------------------------
#@# CortexLabel lh Tue Mar 10 08:15:14 CET 2026
cd /out/sourcedata/freesurfer/sub-v1s8x0051335_ses-1/mri
mri_label2label --label-cortex ../surf/lh.white.preaparc aseg.presurf.mgz 0 ../label/lh.cortex.label

 Generating cortex label... RemoveHipAmgy=0
 NucAccIsMedialWall=0
 mris->useRealRAS=0
7 non-cortical segments detected
only using segment with 8096 vertices
erasing segment 0 (vno[0] = 28296)
erasing segment 2 (vno[0] = 54814)
erasing segment 3 (vno[0] = 88821)
erasing segment 4 (vno[0] = 89804)
erasing segment 5 (vno[0] = 89807)
erasing segment 6 (vno[0] = 143920)
#--------------------------------------------
#@# CortexLabel+HipAmyg lh Tue Mar 10 08:15:23 CET 2026
cd /out/sourcedata/freesurfer/sub-v1s8x0051335_ses-1/mri
mri_label2label --label-cortex ../surf/lh.white.preaparc aseg.presurf.mgz 1 ../label/lh.cortex+hipamyg.label

 Generating cortex label... RemoveHipAmgy=1
 NucAccIsMedialWall=0
 mris->useRealRAS=0
12 non-cortical segments detected
only using segment with 5658 vertices
erasing segment 0 (vno[0] = 28296)
erasing segment 2 (vno[0] = 50078)
erasing segment 3 (vno[0] = 52178)
erasing segment 4 (vno[0] = 54814)
erasing segment 5 (vno[0] = 61106)
erasing segment 6 (vno[0] = 67548)
erasing segment 7 (vno[0] = 86811)
erasing segment 8 (vno[0] = 88821)
erasing segment 9 (vno[0] = 121737)
erasing segment 10 (vno[0] = 138479)
erasing segment 11 (vno[0] = 143920)
#--------------------------------------------
#@# Smooth2 lh Tue Mar 10 08:15:33 CET 2026
/out/sourcedata/freesurfer/sub-v1s8x0051335_ses-1/scripts

 mris_smooth -n 3 -nw -seed 1234 ../surf/lh.white.preaparc ../surf/lh.smoothwm 

smoothing for 3 iterations
setting seed for random number generator to 1234
smoothing surface tessellation for 3 iterations...
smoothing complete - recomputing first and second fundamental forms...
#--------------------------------------------
#@# Inflation2 lh Tue Mar 10 08:15:35 CET 2026
/out/sourcedata/freesurfer/sub-v1s8x0051335_ses-1/scripts

 mris_inflate ../surf/lh.smoothwm ../surf/lh.inflated 

Reading ../surf/lh.smoothwm
avg radius = 46.8 mm, total surface area = 83814 mm^2
step 000: RMS=0.157 (target=0.015)   step 005: RMS=0.110 (target=0.015)   step 010: RMS=0.084 (target=0.015)   step 015: RMS=0.070 (target=0.015)   step 020: RMS=0.058 (target=0.015)   step 025: RMS=0.049 (target=0.015)   step 030: RMS=0.041 (target=0.015)   step 035: RMS=0.035 (target=0.015)   step 040: RMS=0.031 (target=0.015)   step 045: RMS=0.027 (target=0.015)   step 050: RMS=0.025 (target=0.015)   step 055: RMS=0.023 (target=0.015)   step 060: RMS=0.022 (target=0.015)   writing inflated surface to ../surf/lh.inflated
writing sulcal depths to ../surf/lh.sulc

inflation complete.
inflation took 0.1 minutes
mris_inflate utimesec    40.490268
mris_inflate stimesec    0.400301
mris_inflate ru_maxrss   228236
mris_inflate ru_ixrss    0
mris_inflate ru_idrss    0
mris_inflate ru_isrss    0
mris_inflate ru_minflt   93393
mris_inflate ru_majflt   13
mris_inflate ru_nswap    0
mris_inflate ru_inblock  130
mris_inflate ru_oublock  11640
mris_inflate ru_msgsnd   0
mris_inflate ru_msgrcv   0
mris_inflate ru_nsignals 0
mris_inflate ru_nvcsw    4761
mris_inflate ru_nivcsw   95
#--------------------------------------------
#@# Curv .H and .K lh Tue Mar 10 08:15:42 CET 2026
/out/sourcedata/freesurfer/sub-v1s8x0051335_ses-1/surf

 mris_curvature -w -seed 1234 lh.white.preaparc 

setting seed for random number generator to 1234
total integrated curvature = 24.526*4pi (308.205) --> -24 handles
ICI = 174.4, FI = 1448.7, variation=23787.663
writing Gaussian curvature to ./lh.white.preaparc.K...done.
writing mean curvature to ./lh.white.preaparc.H...done.
rm -f lh.white.H
ln -s lh.white.preaparc.H lh.white.H
rm -f lh.white.K
ln -s lh.white.preaparc.K lh.white.K

 mris_curvature -seed 1234 -thresh .999 -n -a 5 -w -distances 10 10 lh.inflated 

setting seed for random number generator to 1234
normalizing curvature values.
averaging curvature patterns 5 times.
sampling 10 neighbors out to a distance of 10 mm
205 vertices thresholded to be in k1 ~ [-1.50 0.48], k2 ~ [-0.30 0.23]
total integrated curvature = 0.353*4pi (4.440) --> 1 handles
ICI = 1.5, FI = 11.7, variation=194.321
178 vertices thresholded to be in [-0.11 0.01]
writing Gaussian curvature to ./lh.inflated.K...thresholding curvature at 99.90% level
curvature mean = 0.000, std = 0.004
134 vertices thresholded to be in [-0.45 0.21]
done.
writing mean curvature to ./lh.inflated.H...curvature mean = -0.016, std = 0.028
done.
#--------------------------------------------
#@# Sphere lh Tue Mar 10 08:16:21 CET 2026
/out/sourcedata/freesurfer/sub-v1s8x0051335_ses-1/scripts

 mris_sphere -seed 1234 ../surf/lh.inflated ../surf/lh.sphere 

setting seed for random number genererator to 1234
version: 7.3.2
available threads: 16
reading original vertex positions...
projecting onto sphere...
surface projected - minimizing metric distortion...
scaling brain by 0.308...
MRISunfold() max_passes = 1 -------
tol=5.0e-01, sigma=0.0, host=dna07, nav=1024, nbrs=2, l_area=1.000, l_dist=1.000
using quadratic fit line minimization
complete_dist_mat 0
rms 0
smooth_averages 0
remove_neg 0
ico_order 0
which_surface 0
target_radius 0.000000
nfields 0
scale 1.000000
desired_rms_height -1.000000
momentum 0.900000
nbhd_size 7
max_nbrs 8
niterations 25
nsurfaces 0
SURFACES 3
flags 0 (0)
use curv 0
no sulc 0
no rigid align 0
mris->nsize 2
mris->hemisphere 0
randomSeed 1234

singular matrix in quadratic form
--------------------
  mrisRemoveNegativeArea()
pass 1: epoch 1 of 3 starting distance error %18.17
pass 1: epoch 2 of 3 starting distance error %18.13
unfolding complete - removing small folds...
starting distance error %17.97
removing remaining folds...
final distance error %18.02
MRISunfold() return, current seed 1234
-01: dt=0.0000,  70 negative triangles  VmPeak 1617856
183: dt=0.9900,  70 negative triangles
184: dt=0.9900,  42 negative triangles
185: dt=0.9900,  21 negative triangles
186: dt=0.9900,  15 negative triangles
187: dt=0.9900,   7 negative triangles
188: dt=0.9900,   9 negative triangles
189: dt=0.9900,   6 negative triangles
190: dt=0.9900,   1 negative triangles
191: dt=0.9900,   3 negative triangles
192: dt=0.9900,   1 negative triangles
193: dt=0.9900,   1 negative triangles
writing spherical brain to ../surf/lh.sphere
spherical transformation took 0.0434 hours
FSRUNTIME@ mris_sphere  0.0434 hours 16 threads
#VMPC# mris_sphere VmPeak  1617856
mris_sphere done
#--------------------------------------------
#@# Surf Reg lh Tue Mar 10 08:18:58 CET 2026
/out/sourcedata/freesurfer/sub-v1s8x0051335_ses-1/scripts

 mris_register -curv ../surf/lh.sphere /opt/freesurfer/average/lh.folding.atlas.acfb40.noaparc.i12.2016-08-02.tif ../surf/lh.sphere.reg 

using smoothwm curvature for final alignment

cwd /out/sourcedata/freesurfer/sub-v1s8x0051335_ses-1/scripts
cmdline mris_register -curv ../surf/lh.sphere /opt/freesurfer/average/lh.folding.atlas.acfb40.noaparc.i12.2016-08-02.tif ../surf/lh.sphere.reg 

0 inflated.H
1 sulc
2 smoothwm (computed)
7.3.2
  7.3.2
reading surface from ../surf/lh.sphere...
reading template parameterization from /opt/freesurfer/average/lh.folding.atlas.acfb40.noaparc.i12.2016-08-02.tif...
MRISregister() -------
max_passes = 4 
min_degrees = 0.500000 
max_degrees = 64.000000 
nangles = 8 
tol=5.0e-01, sigma=0.0, host=dna07, nav=1024, nbrs=1, l_extern=10000.000, l_parea=0.200, l_nlarea=1.000, l_corr=1.000, l_dist=5.000
using quadratic fit line minimization
complete_dist_mat 0
rms 0
smooth_averages 0
remove_neg 0
ico_order 0
which_surface 0
target_radius 0.000000
nfields 0
scale 0.000000
desired_rms_height -1.000000
momentum 0.950000
nbhd_size -10
max_nbrs 10
niterations 25
nsurfaces 0
SURFACES 3
flags 16 (10)
use curv 16
no sulc 0
no rigid align 0
mris->nsize 1
mris->hemisphere 0
randomSeed 0

tol=5.0e-01, sigma=0.0, host=dna07, nav=1024, nbrs=1, l_extern=10000.000, l_parea=0.200, l_nlarea=1.000, l_corr=1.000, l_dist=5.000
using quadratic fit line minimization
--------------------
1 Reading lh.sulc
tol=1.0e+00, sigma=0.5, host=dna07, nav=1024, nbrs=1, l_extern=10000.000, l_parea=0.200, l_nlarea=1.000, l_corr=0.050, l_spring=0.500, l_dist=5.000
using quadratic fit line minimization
curvature mean = -0.000, std = 5.457
curvature mean = 0.038, std = 0.815
curvature mean = 0.034, std = 0.856
Starting MRISrigidBodyAlignGlobal()
Starting new MRISrigidBodyAlignGlobal_findMinSSE()
  new MRISrigidBodyAlignGlobal_findMinSSE min @ (8.00, -6.00, -0.50) sse = 230760.2, elapsed since starting=0.0524 min
MRISrigidBodyAlignGlobal() done   0.05 min
curvature mean = -0.015, std = 0.824
curvature mean = 0.012, std = 0.944
curvature mean = -0.022, std = 0.833
curvature mean = 0.004, std = 0.978
curvature mean = -0.024, std = 0.835
curvature mean = 0.001, std = 0.991
2 Reading smoothwm
curvature mean = -0.034, std = 0.279
curvature mean = 0.033, std = 0.247
curvature mean = 0.076, std = 0.367
curvature mean = 0.029, std = 0.304
curvature mean = 0.036, std = 0.557
curvature mean = 0.028, std = 0.331
curvature mean = 0.018, std = 0.698
curvature mean = 0.028, std = 0.342
curvature mean = 0.006, std = 0.802
MRISregister() return, current seed 0
-01: dt=0.0000, 189 negative triangles  VmPeak 1680368
111: dt=0.9900, 189 negative triangles
112: dt=0.9900, 173 negative triangles
113: dt=0.9900, 165 negative triangles
114: dt=0.9900, 170 negative triangles
115: dt=0.9900, 159 negative triangles
116: dt=0.9900, 152 negative triangles
117: dt=0.9900, 152 negative triangles
118: dt=0.9900, 149 negative triangles
119: dt=0.9900, 139 negative triangles
120: dt=0.9900, 132 negative triangles
121: dt=0.9900, 137 negative triangles
122: dt=0.9900, 131 negative triangles
123: dt=0.9900, 124 negative triangles
124: dt=0.9900, 122 negative triangles
125: dt=0.9900, 126 negative triangles
126: dt=0.9900, 122 negative triangles
127: dt=0.9900, 120 negative triangles
128: dt=0.9900, 125 negative triangles
129: dt=0.9900, 128 negative triangles
130: dt=0.9900, 132 negative triangles
131: dt=0.9900, 133 negative triangles
132: dt=0.9900, 124 negative triangles
133: dt=0.9900, 117 negative triangles
134: dt=0.9900, 131 negative triangles
135: dt=0.9900, 113 negative triangles
136: dt=0.9900, 112 negative triangles
137: dt=0.9900, 128 negative triangles
138: dt=0.9900, 121 negative triangles
139: dt=0.9900, 117 negative triangles
140: dt=0.9900, 116 negative triangles
141: dt=0.9900, 121 negative triangles
142: dt=0.9900, 120 negative triangles
143: dt=0.9900, 113 negative triangles
144: dt=0.9900, 118 negative triangles
145: dt=0.9900, 117 negative triangles
146: dt=0.9405, 120 negative triangles
147: dt=0.9405, 125 negative triangles
148: dt=0.9405, 114 negative triangles
149: dt=0.9405, 115 negative triangles
150: dt=0.9405, 119 negative triangles
151: dt=0.9405, 117 negative triangles
152: dt=0.9405, 111 negative triangles
153: dt=0.9405, 112 negative triangles
154: dt=0.9405, 114 negative triangles
155: dt=0.9405, 108 negative triangles
156: dt=0.9405, 107 negative triangles
157: dt=0.9405, 110 negative triangles
158: dt=0.9405, 103 negative triangles
159: dt=0.9405, 106 negative triangles
160: dt=0.9405, 108 negative triangles
161: dt=0.9405, 103 negative triangles
162: dt=0.9405, 107 negative triangles
163: dt=0.9405, 110 negative triangles
164: dt=0.9405, 105 negative triangles
165: dt=0.9405, 104 negative triangles
166: dt=0.9405, 104 negative triangles
167: dt=0.9405, 101 negative triangles
168: dt=0.9405, 102 negative triangles
169: dt=0.9405, 106 negative triangles
170: dt=0.9405, 101 negative triangles
171: dt=0.9405, 104 negative triangles
172: dt=0.9405, 100 negative triangles
173: dt=0.9405, 108 negative triangles
174: dt=0.9405, 105 negative triangles
175: dt=0.9405, 107 negative triangles
176: dt=0.9405, 110 negative triangles
177: dt=0.9405, 110 negative triangles
178: dt=0.9405, 106 negative triangles
179: dt=0.9405, 103 negative triangles
180: dt=0.9405, 108 negative triangles
181: dt=0.9405, 114 negative triangles
182: dt=0.8935, 113 negative triangles
183: dt=0.8935, 113 negative triangles
184: dt=0.8935, 113 negative triangles
185: dt=0.8935, 116 negative triangles
186: dt=0.8935, 119 negative triangles
187: dt=0.8935, 117 negative triangles
188: dt=0.8935, 117 negative triangles
189: dt=0.8935, 117 negative triangles
190: dt=0.8935, 120 negative triangles
191: dt=0.8935, 118 negative triangles
192: dt=0.8488, 114 negative triangles
193: dt=0.8488, 120 negative triangles
194: dt=0.8488, 114 negative triangles
195: dt=0.8488, 117 negative triangles
196: dt=0.8488, 119 negative triangles
197: dt=0.8488, 115 negative triangles
198: dt=0.8488, 113 negative triangles
199: dt=0.8488, 119 negative triangles
200: dt=0.8488, 123 negative triangles
201: dt=0.8488, 120 negative triangles
202: dt=0.8064, 115 negative triangles
203: dt=0.8064, 117 negative triangles
204: dt=0.8064, 120 negative triangles
205: dt=0.8064, 117 negative triangles
206: dt=0.8064, 117 negative triangles
207: dt=0.8064, 116 negative triangles
208: dt=0.8064, 113 negative triangles
209: dt=0.8064, 121 negative triangles
210: dt=0.8064, 120 negative triangles
211: dt=0.8064, 115 negative triangles
212: dt=0.7660, 118 negative triangles
213: dt=0.7660, 112 negative triangles
214: dt=0.7660, 121 negative triangles
215: dt=0.7660, 117 negative triangles
216: dt=0.7660, 120 negative triangles
217: dt=0.7660, 118 negative triangles
218: dt=0.7660, 114 negative triangles
219: dt=0.7660, 119 negative triangles
220: dt=0.7660, 116 negative triangles
221: dt=0.7660, 121 negative triangles
222: dt=0.7277, 120 negative triangles
expanding nbhd size to 1
223: dt=0.9900, 113 negative triangles
224: dt=0.9900, 111 negative triangles
225: dt=0.9900, 111 negative triangles
226: dt=0.9900, 111 negative triangles
227: dt=0.9900, 107 negative triangles
228: dt=0.9900, 107 negative triangles
229: dt=0.9900, 104 negative triangles
230: dt=0.9900, 105 negative triangles
231: dt=0.9900, 104 negative triangles
232: dt=0.9405, 104 negative triangles
233: dt=0.9405, 102 negative triangles
234: dt=0.9405, 101 negative triangles
235: dt=0.9405, 101 negative triangles
236: dt=0.9405, 101 negative triangles
237: dt=0.9405, 101 negative triangles
238: dt=0.9405, 100 negative triangles
239: dt=0.9405,  98 negative triangles
240: dt=0.9405, 102 negative triangles
241: dt=0.9405, 101 negative triangles
242: dt=0.9405, 101 negative triangles
243: dt=0.9405, 100 negative triangles
244: dt=0.9405, 101 negative triangles
245: dt=0.9405, 103 negative triangles
246: dt=0.9405, 102 negative triangles
247: dt=0.9405, 104 negative triangles
248: dt=0.9405, 102 negative triangles
249: dt=0.8935, 102 negative triangles
250: dt=0.8935, 107 negative triangles
251: dt=0.8935, 107 negative triangles
252: dt=0.8935, 104 negative triangles
253: dt=0.8935, 104 negative triangles
254: dt=0.8935, 104 negative triangles
255: dt=0.8935, 103 negative triangles
256: dt=0.8935, 107 negative triangles
257: dt=0.8935, 104 negative triangles
258: dt=0.8935, 103 negative triangles
259: dt=0.8488, 103 negative triangles
260: dt=0.8488, 104 negative triangles
261: dt=0.8488, 103 negative triangles
262: dt=0.8488, 103 negative triangles
263: dt=0.8488, 103 negative triangles
264: dt=0.8488, 103 negative triangles
265: dt=0.8488, 106 negative triangles
266: dt=0.8488, 105 negative triangles
267: dt=0.8488, 103 negative triangles
268: dt=0.8488, 103 negative triangles
269: dt=0.8064, 105 negative triangles
270: dt=0.8064, 104 negative triangles
271: dt=0.8064, 103 negative triangles
272: dt=0.8064, 103 negative triangles
273: dt=0.8064, 103 negative triangles
274: dt=0.8064, 106 negative triangles
275: dt=0.8064, 104 negative triangles
276: dt=0.8064, 104 negative triangles
277: dt=0.8064, 105 negative triangles
278: dt=0.8064, 104 negative triangles
279: dt=0.7660, 103 negative triangles
280: dt=0.7660, 102 negative triangles
281: dt=0.7660, 102 negative triangles
282: dt=0.7660, 103 negative triangles
283: dt=0.7660, 102 negative triangles
284: dt=0.7660, 103 negative triangles
285: dt=0.7660, 103 negative triangles
286: dt=0.7660, 103 negative triangles
287: dt=0.7660, 106 negative triangles
288: dt=0.7660, 103 negative triangles
289: dt=0.7277, 103 negative triangles
290: dt=0.7277, 103 negative triangles
291: dt=0.7277, 103 negative triangles
292: dt=0.7277, 106 negative triangles
293: dt=0.7277, 107 negative triangles
294: dt=0.7277, 104 negative triangles
295: dt=0.7277, 104 negative triangles
296: dt=0.7277, 104 negative triangles
297: dt=0.7277, 103 negative triangles
298: dt=0.7277, 105 negative triangles
299: dt=0.6914, 103 negative triangles
300: dt=0.6914, 104 negative triangles
301: dt=0.6914, 104 negative triangles
302: dt=0.6914, 105 negative triangles
303: dt=0.6914, 105 negative triangles
304: dt=0.6914, 103 negative triangles
305: dt=0.6914, 103 negative triangles
306: dt=0.6914, 103 negative triangles
307: dt=0.6914, 105 negative triangles
308: dt=0.6914, 102 negative triangles
309: dt=0.6568, 102 negative triangles
310: dt=0.6568, 102 negative triangles
311: dt=0.6568, 102 negative triangles
312: dt=0.6568, 105 negative triangles
313: dt=0.6568, 104 negative triangles
314: dt=0.6568, 103 negative triangles
315: dt=0.6568, 103 negative triangles
316: dt=0.6568, 104 negative triangles
317: dt=0.6568, 105 negative triangles
318: dt=0.6568, 104 negative triangles
319: dt=0.6239, 104 negative triangles
320: dt=0.6239, 103 negative triangles
321: dt=0.6239, 103 negative triangles
322: dt=0.6239, 103 negative triangles
323: dt=0.6239, 106 negative triangles
324: dt=0.6239, 103 negative triangles
325: dt=0.6239, 103 negative triangles
326: dt=0.6239, 103 negative triangles
327: dt=0.6239, 104 negative triangles
328: dt=0.6239, 103 negative triangles
329: dt=0.5927, 104 negative triangles
330: dt=0.5927, 103 negative triangles
331: dt=0.5927, 103 negative triangles
332: dt=0.5927, 106 negative triangles
333: dt=0.5927, 103 negative triangles
334: dt=0.5927, 104 negative triangles
335: dt=0.5927, 103 negative triangles
336: dt=0.5927, 103 negative triangles
337: dt=0.5927, 106 negative triangles
338: dt=0.5927, 104 negative triangles
339: dt=0.5631, 104 negative triangles
340: dt=0.5631, 103 negative triangles
341: dt=0.5631, 103 negative triangles
342: dt=0.5631, 102 negative triangles
343: dt=0.5631, 102 negative triangles
344: dt=0.5631, 102 negative triangles
345: dt=0.5631, 102 negative triangles
346: dt=0.5631, 103 negative triangles
347: dt=0.5631, 103 negative triangles
348: dt=0.5631, 103 negative triangles
349: dt=0.5350, 103 negative triangles
350: dt=0.5350, 102 negative triangles
351: dt=0.5350, 102 negative triangles
352: dt=0.5350, 102 negative triangles
353: dt=0.5350, 103 negative triangles
354: dt=0.5350, 102 negative triangles
355: dt=0.5350, 102 negative triangles
356: dt=0.5350, 102 negative triangles
357: dt=0.5350, 103 negative triangles
358: dt=0.5350, 102 negative triangles
359: dt=0.5082, 102 negative triangles
360: dt=0.5082, 102 negative triangles
361: dt=0.5082, 102 negative triangles
362: dt=0.5082, 105 negative triangles
363: dt=0.5082, 102 negative triangles
364: dt=0.5082, 103 negative triangles
365: dt=0.5082, 102 negative triangles
366: dt=0.5082, 102 negative triangles
367: dt=0.5082, 105 negative triangles
368: dt=0.5082, 103 negative triangles
369: dt=0.4828, 103 negative triangles
370: dt=0.4828, 103 negative triangles
371: dt=0.4828, 103 negative triangles
372: dt=0.4828, 102 negative triangles
373: dt=0.4828, 102 negative triangles
374: dt=0.4828, 102 negative triangles
375: dt=0.4828, 102 negative triangles
376: dt=0.4828, 103 negative triangles
377: dt=0.4828, 102 negative triangles
378: dt=0.4828, 102 negative triangles
379: dt=0.4587, 102 negative triangles
380: dt=0.4587, 102 negative triangles
381: dt=0.4587, 103 negative triangles
382: dt=0.4587, 103 negative triangles
383: dt=0.4587, 104 negative triangles
384: dt=0.4587, 104 negative triangles
385: dt=0.4587, 102 negative triangles
386: dt=0.4587, 102 negative triangles
387: dt=0.4587, 102 negative triangles
388: dt=0.4587, 105 negative triangles
389: dt=0.4357, 102 negative triangles
390: dt=0.4357, 103 negative triangles
391: dt=0.4357, 103 negative triangles
392: dt=0.4357, 104 negative triangles
393: dt=0.4357, 103 negative triangles
394: dt=0.4357, 103 negative triangles
395: dt=0.4357, 103 negative triangles
396: dt=0.4357, 103 negative triangles
397: dt=0.4357, 106 negative triangles
398: dt=0.4357, 103 negative triangles
399: dt=0.4139, 103 negative triangles
400: dt=0.4139, 103 negative triangles
401: dt=0.4139, 104 negative triangles
402: dt=0.4139, 103 negative triangles
403: dt=0.4139, 103 negative triangles
404: dt=0.4139, 103 negative triangles
405: dt=0.4139, 103 negative triangles
406: dt=0.4139, 106 negative triangles
407: dt=0.4139, 104 negative triangles
408: dt=0.4139, 103 negative triangles
409: dt=0.3932, 103 negative triangles
410: dt=0.3932, 104 negative triangles
411: dt=0.3932, 103 negative triangles
412: dt=0.3932, 103 negative triangles
413: dt=0.3932, 103 negative triangles
414: dt=0.3932, 103 negative triangles
415: dt=0.3932, 104 negative triangles
416: dt=0.3932, 103 negative triangles
417: dt=0.3932, 103 negative triangles
418: dt=0.3932, 103 negative triangles
419: dt=0.3736, 104 negative triangles
420: dt=0.3736, 105 negative triangles
421: dt=0.3736, 105 negative triangles
422: dt=0.3736, 105 negative triangles
423: dt=0.3736, 104 negative triangles
424: dt=0.3736, 103 negative triangles
425: dt=0.3736, 102 negative triangles
426: dt=0.3736, 102 negative triangles
427: dt=0.3736, 104 negative triangles
428: dt=0.3736, 102 negative triangles
429: dt=0.3549, 103 negative triangles
430: dt=0.3549, 103 negative triangles
431: dt=0.3549, 102 negative triangles
432: dt=0.3549, 104 negative triangles
433: dt=0.3549, 103 negative triangles
434: dt=0.3549, 102 negative triangles
435: dt=0.3549, 102 negative triangles
436: dt=0.3549, 105 negative triangles
437: dt=0.3549, 104 negative triangles
438: dt=0.3549, 104 negative triangles
439: dt=0.3372, 103 negative triangles
440: dt=0.3372, 103 negative triangles
441: dt=0.3372, 103 negative triangles
442: dt=0.3372, 103 negative triangles
443: dt=0.3372, 104 negative triangles
444: dt=0.3372, 102 negative triangles
445: dt=0.3372, 102 negative triangles
446: dt=0.3372, 102 negative triangles
447: dt=0.3372, 102 negative triangles
448: dt=0.3372, 104 negative triangles
449: dt=0.3203, 104 negative triangles
450: dt=0.3203, 104 negative triangles
451: dt=0.3203, 103 negative triangles
452: dt=0.3203, 103 negative triangles
453: dt=0.3203, 104 negative triangles
454: dt=0.3203, 104 negative triangles
455: dt=0.3203, 103 negative triangles
456: dt=0.3203, 103 negative triangles
457: dt=0.3203, 102 negative triangles
458: dt=0.3203, 105 negative triangles
459: dt=0.3043, 103 negative triangles
460: dt=0.3043, 103 negative triangles
461: dt=0.3043, 103 negative triangles
462: dt=0.3043, 104 negative triangles
463: dt=0.3043, 104 negative triangles
464: dt=0.3043, 104 negative triangles
465: dt=0.3043, 103 negative triangles
466: dt=0.3043, 102 negative triangles
467: dt=0.3043, 101 negative triangles
468: dt=0.3043, 101 negative triangles
469: dt=0.2891, 101 negative triangles
470: dt=0.2891, 101 negative triangles
471: dt=0.2891, 101 negative triangles
472: dt=0.2891, 103 negative triangles
473: dt=0.2891, 100 negative triangles
474: dt=0.2891, 100 negative triangles
475: dt=0.2891, 100 negative triangles
476: dt=0.2891, 100 negative triangles
477: dt=0.2891, 102 negative triangles
478: dt=0.2891, 101 negative triangles
479: dt=0.2746, 101 negative triangles
480: dt=0.2746, 101 negative triangles
481: dt=0.2746, 101 negative triangles
482: dt=0.2746, 101 negative triangles
483: dt=0.2746, 102 negative triangles
484: dt=0.2746, 101 negative triangles
485: dt=0.2746, 101 negative triangles
486: dt=0.2746, 101 negative triangles
487: dt=0.2746, 102 negative triangles
488: dt=0.2746, 103 negative triangles
489: dt=0.2609, 102 negative triangles
490: dt=0.2609, 102 negative triangles
491: dt=0.2609, 102 negative triangles
492: dt=0.2609, 102 negative triangles
493: dt=0.2609, 104 negative triangles
494: dt=0.2609, 104 negative triangles
495: dt=0.2609, 104 negative triangles
496: dt=0.2609, 103 negative triangles
497: dt=0.2609, 103 negative triangles
498: dt=0.2609, 103 negative triangles
499: dt=0.2478, 103 negative triangles
500: dt=0.2478, 102 negative triangles
501: dt=0.2478, 102 negative triangles
502: dt=0.2478, 102 negative triangles
503: dt=0.2478, 103 negative triangles
504: dt=0.2478, 103 negative triangles
505: dt=0.2478, 104 negative triangles
506: dt=0.2478, 103 negative triangles
507: dt=0.2478, 103 negative triangles
508: dt=0.2478, 103 negative triangles
509: dt=0.2354, 104 negative triangles
510: dt=0.2354, 103 negative triangles
511: dt=0.2354, 103 negative triangles
512: dt=0.2354, 103 negative triangles
513: dt=0.2354, 102 negative triangles
514: dt=0.2354, 102 negative triangles
515: dt=0.2354, 102 negative triangles
516: dt=0.2354, 100 negative triangles
517: dt=0.2354, 100 negative triangles
518: dt=0.2354, 101 negative triangles
519: dt=0.2237, 101 negative triangles
520: dt=0.2237, 104 negative triangles
521: dt=0.2237, 102 negative triangles
522: dt=0.2237, 102 negative triangles
523: dt=0.2237, 103 negative triangles
524: dt=0.2237, 104 negative triangles
525: dt=0.2237, 103 negative triangles
526: dt=0.2237, 102 negative triangles
527: dt=0.2237, 102 negative triangles
528: dt=0.2237, 102 negative triangles
529: dt=0.2125, 101 negative triangles
530: dt=0.2125, 100 negative triangles
531: dt=0.2125, 100 negative triangles
532: dt=0.2125, 100 negative triangles
533: dt=0.2125, 100 negative triangles
534: dt=0.2125, 100 negative triangles
535: dt=0.2125, 102 negative triangles
536: dt=0.2125, 100 negative triangles
537: dt=0.2125, 100 negative triangles
538: dt=0.2125, 100 negative triangles
539: dt=0.2019, 100 negative triangles
540: dt=0.2019, 102 negative triangles
541: dt=0.2019, 100 negative triangles
542: dt=0.2019, 100 negative triangles
543: dt=0.2019, 100 negative triangles
544: dt=0.2019, 101 negative triangles
545: dt=0.2019, 102 negative triangles
546: dt=0.2019, 103 negative triangles
547: dt=0.2019, 102 negative triangles
548: dt=0.2019, 102 negative triangles
549: dt=0.1918, 103 negative triangles
550: dt=0.1918, 101 negative triangles
551: dt=0.1918, 101 negative triangles
552: dt=0.1918, 101 negative triangles
553: dt=0.1918, 102 negative triangles
554: dt=0.1918, 102 negative triangles
555: dt=0.1918, 102 negative triangles
556: dt=0.1918, 102 negative triangles
557: dt=0.1918, 103 negative triangles
558: dt=0.1918, 102 negative triangles
559: dt=0.1822, 102 negative triangles
560: dt=0.1822, 102 negative triangles
561: dt=0.1822, 103 negative triangles
562: dt=0.1822, 102 negative triangles
563: dt=0.1822, 102 negative triangles
564: dt=0.1822, 102 negative triangles
565: dt=0.1822, 103 negative triangles
566: dt=0.1822, 102 negative triangles
567: dt=0.1822, 102 negative triangles
568: dt=0.1822, 102 negative triangles
569: dt=0.1731, 103 negative triangles
570: dt=0.1731, 102 negative triangles
571: dt=0.1731, 102 negative triangles
572: dt=0.1731, 102 negative triangles
573: dt=0.1731, 102 negative triangles
574: dt=0.1731, 103 negative triangles
575: dt=0.1731, 102 negative triangles
576: dt=0.1731, 102 negative triangles
577: dt=0.1731, 102 negative triangles
578: dt=0.1731, 103 negative triangles
579: dt=0.1644, 102 negative triangles
580: dt=0.1644, 102 negative triangles
581: dt=0.1644, 102 negative triangles
582: dt=0.1644, 102 negative triangles
583: dt=0.1644, 103 negative triangles
584: dt=0.1644, 102 negative triangles
585: dt=0.1644, 102 negative triangles
586: dt=0.1644, 102 negative triangles
587: dt=0.1644, 103 negative triangles
588: dt=0.1644, 102 negative triangles
589: dt=0.1562, 102 negative triangles
590: dt=0.1562, 102 negative triangles
591: dt=0.1562, 102 negative triangles
592: dt=0.1562, 103 negative triangles
593: dt=0.1562, 102 negative triangles
594: dt=0.1562, 102 negative triangles
595: dt=0.1562, 102 negative triangles
596: dt=0.1562, 103 negative triangles
597: dt=0.1562, 103 negative triangles
598: dt=0.1562, 103 negative triangles
599: dt=0.1484, 102 negative triangles
600: dt=0.1484, 103 negative triangles
601: dt=0.1484, 102 negative triangles
602: dt=0.1484, 102 negative triangles
603: dt=0.1484, 102 negative triangles
604: dt=0.1484, 102 negative triangles
605: dt=0.1484, 103 negative triangles
606: dt=0.1484, 102 negative triangles
607: dt=0.1484, 102 negative triangles
608: dt=0.1484, 102 negative triangles
609: dt=0.1410, 103 negative triangles
610: dt=0.1410, 102 negative triangles
611: dt=0.1410, 102 negative triangles
612: dt=0.1410, 102 negative triangles
613: dt=0.1410, 103 negative triangles
614: dt=0.1410, 102 negative triangles
615: dt=0.1410, 102 negative triangles
616: dt=0.1410, 102 negative triangles
617: dt=0.1410, 102 negative triangles
618: dt=0.1410, 103 negative triangles
619: dt=0.1339, 102 negative triangles
620: dt=0.1339, 103 negative triangles
621: dt=0.1339, 103 negative triangles
622: dt=0.1339, 104 negative triangles
623: dt=0.1339, 104 negative triangles
624: dt=0.1339, 104 negative triangles
625: dt=0.1339, 104 negative triangles
626: dt=0.1339, 104 negative triangles
627: dt=0.1339, 103 negative triangles
628: dt=0.1339, 103 negative triangles
629: dt=0.1272, 103 negative triangles
630: dt=0.1272, 102 negative triangles
631: dt=0.1272, 102 negative triangles
632: dt=0.1272, 102 negative triangles
633: dt=0.1272, 102 negative triangles
634: dt=0.1272, 102 negative triangles
635: dt=0.1272, 102 negative triangles
636: dt=0.1272, 102 negative triangles
637: dt=0.1272, 102 negative triangles
638: dt=0.1272, 103 negative triangles
639: dt=0.1209, 102 negative triangles
640: dt=0.1209, 102 negative triangles
641: dt=0.1209, 102 negative triangles
642: dt=0.1209, 103 negative triangles
643: dt=0.1209, 103 negative triangles
644: dt=0.1209, 103 negative triangles
645: dt=0.1209, 102 negative triangles
646: dt=0.1209, 102 negative triangles
647: dt=0.1209, 102 negative triangles
648: dt=0.1209, 102 negative triangles
649: dt=0.1148, 102 negative triangles
650: dt=0.1148, 102 negative triangles
651: dt=0.1148, 103 negative triangles
652: dt=0.1148, 103 negative triangles
653: dt=0.1148, 104 negative triangles
654: dt=0.1148, 103 negative triangles
655: dt=0.1148, 103 negative triangles
656: dt=0.1148, 103 negative triangles
657: dt=0.1148, 104 negative triangles
658: dt=0.1148, 102 negative triangles
659: dt=0.1091, 102 negative triangles
660: dt=0.1091, 102 negative triangles
661: dt=0.1091, 103 negative triangles
662: dt=0.1091, 103 negative triangles
663: dt=0.1091, 103 negative triangles
664: dt=0.1091, 102 negative triangles
665: dt=0.1091, 102 negative triangles
666: dt=0.1091, 102 negative triangles
667: dt=0.1091, 102 negative triangles
668: dt=0.1091, 102 negative triangles
669: dt=0.1036, 102 negative triangles
670: dt=0.1036, 102 negative triangles
671: dt=0.1036, 103 negative triangles
672: dt=0.1036, 103 negative triangles
673: dt=0.1036, 103 negative triangles
674: dt=0.1036, 104 negative triangles
675: dt=0.1036, 104 negative triangles
676: dt=0.1036, 104 negative triangles
677: dt=0.1036, 104 negative triangles
678: dt=0.1036, 104 negative triangles
679: dt=0.0984, 103 negative triangles
680: dt=0.0984, 103 negative triangles
681: dt=0.0984, 104 negative triangles
682: dt=0.0984, 103 negative triangles
683: dt=0.0984, 102 negative triangles
684: dt=0.0984, 102 negative triangles
685: dt=0.0984, 102 negative triangles
686: dt=0.0984, 102 negative triangles
687: dt=0.0984, 102 negative triangles
688: dt=0.0984, 102 negative triangles
689: dt=0.0935, 102 negative triangles
690: dt=0.0935, 102 negative triangles
691: dt=0.0935, 102 negative triangles
692: dt=0.0935, 103 negative triangles
693: dt=0.0935, 103 negative triangles
694: dt=0.0935, 103 negative triangles
695: dt=0.0935, 103 negative triangles
696: dt=0.0935, 103 negative triangles
697: dt=0.0935, 104 negative triangles
698: dt=0.0935, 104 negative triangles
699: dt=0.0888, 104 negative triangles
700: dt=0.0888, 105 negative triangles
701: dt=0.0888, 105 negative triangles
702: dt=0.0888, 105 negative triangles
703: dt=0.0888, 106 negative triangles
704: dt=0.0888, 103 negative triangles
705: dt=0.0888, 103 negative triangles
706: dt=0.0888, 103 negative triangles
707: dt=0.0888, 103 negative triangles
708: dt=0.0888, 103 negative triangles
709: dt=0.0844, 102 negative triangles
710: dt=0.0844, 102 negative triangles
711: dt=0.0844, 102 negative triangles
712: dt=0.0844, 102 negative triangles
713: dt=0.0844, 102 negative triangles
714: dt=0.0844, 102 negative triangles
715: dt=0.0844, 102 negative triangles
716: dt=0.0844, 102 negative triangles
717: dt=0.0844, 102 negative triangles
718: dt=0.0844, 102 negative triangles
719: dt=0.0802, 102 negative triangles
720: dt=0.0802, 102 negative triangles
721: dt=0.0802, 102 negative triangles
722: dt=0.0802, 102 negative triangles
723: dt=0.0802, 102 negative triangles
724: dt=0.0802, 103 negative triangles
725: dt=0.0802, 104 negative triangles
726: dt=0.0802, 105 negative triangles
727: dt=0.0802, 104 negative triangles
728: dt=0.0802, 105 negative triangles
729: dt=0.0762, 104 negative triangles
730: dt=0.0762, 103 negative triangles
731: dt=0.0762, 104 negative triangles
732: dt=0.0762, 102 negative triangles
733: dt=0.0762, 102 negative triangles
734: dt=0.0762, 102 negative triangles
735: dt=0.0762, 102 negative triangles
736: dt=0.0762, 102 negative triangles
737: dt=0.0762, 102 negative triangles
738: dt=0.0762, 102 negative triangles
739: dt=0.0724, 102 negative triangles
740: dt=0.0724, 102 negative triangles
741: dt=0.0724, 102 negative triangles
742: dt=0.0724, 102 negative triangles
743: dt=0.0724, 102 negative triangles
744: dt=0.0724, 102 negative triangles
745: dt=0.0724, 102 negative triangles
746: dt=0.0724, 102 negative triangles
747: dt=0.0724, 103 negative triangles
748: dt=0.0724, 102 negative triangles
749: dt=0.0687, 102 negative triangles
750: dt=0.0687, 102 negative triangles
751: dt=0.0687, 103 negative triangles
752: dt=0.0687, 102 negative triangles
753: dt=0.0687, 102 negative triangles
754: dt=0.0687, 103 negative triangles
755: dt=0.0687, 102 negative triangles
756: dt=0.0687, 103 negative triangles
757: dt=0.0687, 104 negative triangles
758: dt=0.0687, 106 negative triangles
759: dt=0.0653, 105 negative triangles
760: dt=0.0653, 105 negative triangles
761: dt=0.0653, 104 negative triangles
762: dt=0.0653, 103 negative triangles
763: dt=0.0653, 103 negative triangles
764: dt=0.0653, 103 negative triangles
765: dt=0.0653, 103 negative triangles
766: dt=0.0653, 103 negative triangles
767: dt=0.0653, 102 negative triangles
768: dt=0.0653, 102 negative triangles
769: dt=0.0620, 102 negative triangles
770: dt=0.0620, 102 negative triangles
771: dt=0.0620, 102 negative triangles
772: dt=0.0620, 102 negative triangles
773: dt=0.0620, 102 negative triangles
774: dt=0.0620, 102 negative triangles
775: dt=0.0620, 102 negative triangles
776: dt=0.0620, 102 negative triangles
777: dt=0.0620, 102 negative triangles
778: dt=0.0620, 102 negative triangles
779: dt=0.0589, 102 negative triangles
780: dt=0.0589, 103 negative triangles
781: dt=0.0589, 103 negative triangles
782: dt=0.0589, 103 negative triangles
783: dt=0.0589, 103 negative triangles
784: dt=0.0589, 104 negative triangles
785: dt=0.0589, 103 negative triangles
786: dt=0.0589, 103 negative triangles
787: dt=0.0589, 102 negative triangles
788: dt=0.0589, 103 negative triangles
789: dt=0.0560, 102 negative triangles
790: dt=0.0560, 102 negative triangles
791: dt=0.0560, 102 negative triangles
792: dt=0.0560, 103 negative triangles
793: dt=0.0560, 102 negative triangles
794: dt=0.0560, 102 negative triangles
795: dt=0.0560, 102 negative triangles
796: dt=0.0560, 103 negative triangles
797: dt=0.0560, 102 negative triangles
798: dt=0.0560, 102 negative triangles
799: dt=0.0532, 102 negative triangles
800: dt=0.0532, 103 negative triangles
801: dt=0.0532, 102 negative triangles
802: dt=0.0532, 102 negative triangles
803: dt=0.0532, 102 negative triangles
804: dt=0.0532, 103 negative triangles
805: dt=0.0532, 102 negative triangles
806: dt=0.0532, 102 negative triangles
807: dt=0.0532, 102 negative triangles
808: dt=0.0532, 103 negative triangles
809: dt=0.0505, 102 negative triangles
810: dt=0.0505, 102 negative triangles
811: dt=0.0505, 102 negative triangles
812: dt=0.0505, 103 negative triangles
813: dt=0.0505, 102 negative triangles
814: dt=0.0505, 102 negative triangles
815: dt=0.0505, 102 negative triangles
816: dt=0.0505, 103 negative triangles
817: dt=0.0505, 102 negative triangles
818: dt=0.0505, 102 negative triangles
819: dt=0.0480, 102 negative triangles
820: dt=0.0480, 103 negative triangles
821: dt=0.0480, 103 negative triangles
822: dt=0.0480, 103 negative triangles
823: dt=0.0480, 103 negative triangles
824: dt=0.0480, 104 negative triangles
825: dt=0.0480, 103 negative triangles
826: dt=0.0480, 103 negative triangles
827: dt=0.0480, 103 negative triangles
828: dt=0.0480, 103 negative triangles
829: dt=0.0456, 102 negative triangles
830: dt=0.0456, 102 negative triangles
831: dt=0.0456, 102 negative triangles
832: dt=0.0456, 103 negative triangles
833: dt=0.0456, 102 negative triangles
834: dt=0.0456, 102 negative triangles
835: dt=0.0456, 102 negative triangles
836: dt=0.0456, 103 negative triangles
837: dt=0.0456, 102 negative triangles
838: dt=0.0456, 102 negative triangles
839: dt=0.0433, 102 negative triangles
840: dt=0.0433, 102 negative triangles
841: dt=0.0433, 103 negative triangles
842: dt=0.0433, 102 negative triangles
843: dt=0.0433, 102 negative triangles
844: dt=0.0433, 102 negative triangles
845: dt=0.0433, 103 negative triangles
846: dt=0.0433, 102 negative triangles
847: dt=0.0433, 102 negative triangles
848: dt=0.0433, 102 negative triangles
849: dt=0.0412, 103 negative triangles
850: dt=0.0412, 102 negative triangles
851: dt=0.0412, 102 negative triangles
852: dt=0.0412, 102 negative triangles
853: dt=0.0412, 103 negative triangles
854: dt=0.0412, 102 negative triangles
855: dt=0.0412, 102 negative triangles
856: dt=0.0412, 102 negative triangles
857: dt=0.0412, 103 negative triangles
858: dt=0.0412, 103 negative triangles
859: dt=0.0391, 103 negative triangles
860: dt=0.0391, 103 negative triangles
861: dt=0.0391, 102 negative triangles
862: dt=0.0391, 103 negative triangles
863: dt=0.0391, 102 negative triangles
864: dt=0.0391, 102 negative triangles
865: dt=0.0391, 102 negative triangles
866: dt=0.0391, 103 negative triangles
867: dt=0.0391, 102 negative triangles
868: dt=0.0391, 102 negative triangles
869: dt=0.0371, 102 negative triangles
870: dt=0.0371, 103 negative triangles
871: dt=0.0371, 102 negative triangles
872: dt=0.0371, 102 negative triangles
873: dt=0.0371, 102 negative triangles
874: dt=0.0371, 103 negative triangles
875: dt=0.0371, 102 negative triangles
876: dt=0.0371, 102 negative triangles
877: dt=0.0371, 102 negative triangles
878: dt=0.0371, 103 negative triangles
879: dt=0.0353, 102 negative triangles
880: dt=0.0353, 102 negative triangles
881: dt=0.0353, 102 negative triangles
882: dt=0.0353, 102 negative triangles
883: dt=0.0353, 103 negative triangles
884: dt=0.0353, 102 negative triangles
885: dt=0.0353, 102 negative triangles
886: dt=0.0353, 103 negative triangles
887: dt=0.0353, 104 negative triangles
888: dt=0.0353, 103 negative triangles
889: dt=0.0335, 103 negative triangles
890: dt=0.0335, 103 negative triangles
891: dt=0.0335, 104 negative triangles
892: dt=0.0335, 103 negative triangles
893: dt=0.0335, 102 negative triangles
894: dt=0.0335, 102 negative triangles
895: dt=0.0335, 103 negative triangles
896: dt=0.0335, 102 negative triangles
897: dt=0.0335, 102 negative triangles
898: dt=0.0335, 102 negative triangles
899: dt=0.0319, 102 negative triangles
900: dt=0.0319, 103 negative triangles
901: dt=0.0319, 102 negative triangles
902: dt=0.0319, 102 negative triangles
903: dt=0.0319, 102 negative triangles
904: dt=0.0319, 103 negative triangles
905: dt=0.0319, 102 negative triangles
906: dt=0.0319, 102 negative triangles
907: dt=0.0319, 102 negative triangles
908: dt=0.0319, 103 negative triangles
909: dt=0.0303, 102 negative triangles
910: dt=0.0303, 102 negative triangles
911: dt=0.0303, 102 negative triangles
912: dt=0.0303, 103 negative triangles
913: dt=0.0303, 102 negative triangles
914: dt=0.0303, 102 negative triangles
915: dt=0.0303, 102 negative triangles
916: dt=0.0303, 102 negative triangles
917: dt=0.0303, 103 negative triangles
918: dt=0.0303, 102 negative triangles
919: dt=0.0287, 102 negative triangles
920: dt=0.0287, 102 negative triangles
921: dt=0.0287, 103 negative triangles
922: dt=0.0287, 102 negative triangles
923: dt=0.0287, 102 negative triangles
924: dt=0.0287, 102 negative triangles
925: dt=0.0287, 103 negative triangles
926: dt=0.0287, 102 negative triangles
927: dt=0.0287, 102 negative triangles
928: dt=0.0287, 102 negative triangles
929: dt=0.0273, 102 negative triangles
930: dt=0.0273, 103 negative triangles
931: dt=0.0273, 102 negative triangles
932: dt=0.0273, 102 negative triangles
933: dt=0.0273, 102 negative triangles
934: dt=0.0273, 103 negative triangles
935: dt=0.0273, 102 negative triangles
936: dt=0.0273, 102 negative triangles
937: dt=0.0273, 102 negative triangles
938: dt=0.0273, 103 negative triangles
939: dt=0.0259, 102 negative triangles
940: dt=0.0259, 102 negative triangles
941: dt=0.0259, 102 negative triangles
942: dt=0.0259, 102 negative triangles
943: dt=0.0259, 103 negative triangles
944: dt=0.0259, 102 negative triangles
945: dt=0.0259, 102 negative triangles
946: dt=0.0259, 102 negative triangles
947: dt=0.0259, 103 negative triangles
948: dt=0.0259, 102 negative triangles
949: dt=0.0246, 102 negative triangles
950: dt=0.0246, 102 negative triangles
951: dt=0.0246, 103 negative triangles
952: dt=0.0246, 102 negative triangles
953: dt=0.0246, 102 negative triangles
954: dt=0.0246, 102 negative triangles
955: dt=0.0246, 102 negative triangles
956: dt=0.0246, 103 negative triangles
957: dt=0.0246, 102 negative triangles
958: dt=0.0246, 103 negative triangles
959: dt=0.0234, 103 negative triangles
960: dt=0.0234, 104 negative triangles
961: dt=0.0234, 103 negative triangles
962: dt=0.0234, 103 negative triangles
963: dt=0.0234, 103 negative triangles
964: dt=0.0234, 103 negative triangles
965: dt=0.0234, 103 negative triangles
966: dt=0.0234, 102 negative triangles
967: dt=0.0234, 102 negative triangles
968: dt=0.0234, 102 negative triangles
969: dt=0.0222, 103 negative triangles
970: dt=0.0222, 102 negative triangles
971: dt=0.0222, 102 negative triangles
972: dt=0.0222, 102 negative triangles
973: dt=0.0222, 102 negative triangles
974: dt=0.0222, 103 negative triangles
975: dt=0.0222, 102 negative triangles
976: dt=0.0222, 102 negative triangles
977: dt=0.0222, 102 negative triangles
978: dt=0.0222, 103 negative triangles
979: dt=0.0211, 102 negative triangles
980: dt=0.0211, 102 negative triangles
981: dt=0.0211, 102 negative triangles
982: dt=0.0211, 104 negative triangles
983: dt=0.0211, 103 negative triangles
984: dt=0.0211, 103 negative triangles
985: dt=0.0211, 103 negative triangles
986: dt=0.0211, 104 negative triangles
987: dt=0.0211, 102 negative triangles
988: dt=0.0211, 102 negative triangles
989: dt=0.0201, 102 negative triangles
990: dt=0.0201, 103 negative triangles
991: dt=0.0201, 102 negative triangles
992: dt=0.0201, 102 negative triangles
993: dt=0.0201, 102 negative triangles
994: dt=0.0201, 103 negative triangles
995: dt=0.0201, 102 negative triangles
996: dt=0.0201, 102 negative triangles
997: dt=0.0201, 102 negative triangles
998: dt=0.0201, 103 negative triangles
999: dt=0.0191, 103 negative triangles
1000: dt=0.0191, 102 negative triangles
1001: dt=0.0191, 102 negative triangles
1002: dt=0.0191, 102 negative triangles
1003: dt=0.0191, 103 negative triangles
1004: dt=0.0191, 102 negative triangles
1005: dt=0.0191, 102 negative triangles
1006: dt=0.0191, 102 negative triangles
1007: dt=0.0191, 103 negative triangles
1008: dt=0.0191, 102 negative triangles
1009: dt=0.0181, 102 negative triangles
1010: dt=0.0181, 102 negative triangles
1011: dt=0.0181, 102 negative triangles
1012: dt=0.0181, 103 negative triangles
1013: dt=0.0181, 102 negative triangles
1014: dt=0.0181, 102 negative triangles
1015: dt=0.0181, 102 negative triangles
1016: dt=0.0181, 103 negative triangles
1017: dt=0.0181, 102 negative triangles
1018: dt=0.0181, 102 negative triangles
1019: dt=0.0172, 102 negative triangles
1020: dt=0.0172, 102 negative triangles
1021: dt=0.0172, 103 negative triangles
1022: dt=0.0172, 102 negative triangles
1023: dt=0.0172, 102 negative triangles
1024: dt=0.0172, 102 negative triangles
1025: dt=0.0172, 102 negative triangles
1026: dt=0.0172, 103 negative triangles
1027: dt=0.0172, 102 negative triangles
1028: dt=0.0172, 102 negative triangles
1029: dt=0.0164, 102 negative triangles
1030: dt=0.0164, 103 negative triangles
1031: dt=0.0164, 102 negative triangles
1032: dt=0.0164, 102 negative triangles
1033: dt=0.0164, 102 negative triangles
1034: dt=0.0164, 103 negative triangles
1035: dt=0.0164, 103 negative triangles
1036: dt=0.0164, 103 negative triangles
1037: dt=0.0164, 103 negative triangles
1038: dt=0.0164, 104 negative triangles
1039: dt=0.0155, 103 negative triangles
1040: dt=0.0155, 103 negative triangles
1041: dt=0.0155, 103 negative triangles
1042: dt=0.0155, 103 negative triangles
1043: dt=0.0155, 102 negative triangles
1044: dt=0.0155, 102 negative triangles
1045: dt=0.0155, 102 negative triangles
1046: dt=0.0155, 103 negative triangles
1047: dt=0.0155, 102 negative triangles
1048: dt=0.0155, 102 negative triangles
1049: dt=0.0148, 102 negative triangles
1050: dt=0.0148, 103 negative triangles
1051: dt=0.0148, 102 negative triangles
1052: dt=0.0148, 102 negative triangles
1053: dt=0.0148, 102 negative triangles
1054: dt=0.0148, 102 negative triangles
1055: dt=0.0148, 103 negative triangles
1056: dt=0.0148, 102 negative triangles
1057: dt=0.0148, 102 negative triangles
1058: dt=0.0148, 102 negative triangles
1059: dt=0.0140, 103 negative triangles
1060: dt=0.0140, 102 negative triangles
1061: dt=0.0140, 102 negative triangles
1062: dt=0.0140, 102 negative triangles
1063: dt=0.0140, 103 negative triangles
1064: dt=0.0140, 103 negative triangles
1065: dt=0.0140, 102 negative triangles
1066: dt=0.0140, 102 negative triangles
1067: dt=0.0140, 102 negative triangles
1068: dt=0.0140, 104 negative triangles
1069: dt=0.0133, 103 negative triangles
1070: dt=0.0133, 103 negative triangles
1071: dt=0.0133, 103 negative triangles
1072: dt=0.0133, 103 negative triangles
1073: dt=0.0133, 104 negative triangles
1074: dt=0.0133, 103 negative triangles
1075: dt=0.0133, 103 negative triangles
1076: dt=0.0133, 103 negative triangles
1077: dt=0.0133, 104 negative triangles
1078: dt=0.0133, 102 negative triangles
1079: dt=0.0127, 102 negative triangles
1080: dt=0.0127, 102 negative triangles
1081: dt=0.0127, 102 negative triangles
1082: dt=0.0127, 103 negative triangles
1083: dt=0.0127, 102 negative triangles
1084: dt=0.0127, 102 negative triangles
1085: dt=0.0127, 102 negative triangles
1086: dt=0.0127, 102 negative triangles
1087: dt=0.0127, 103 negative triangles
1088: dt=0.0127, 102 negative triangles
1089: dt=0.0120, 102 negative triangles
1090: dt=0.0120, 102 negative triangles
1091: dt=0.0120, 102 negative triangles
1092: dt=0.0120, 103 negative triangles
1093: dt=0.0120, 102 negative triangles
1094: dt=0.0120, 102 negative triangles
1095: dt=0.0120, 102 negative triangles
1096: dt=0.0120, 103 negative triangles
1097: dt=0.0120, 102 negative triangles
1098: dt=0.0120, 102 negative triangles
1099: dt=0.0114, 102 negative triangles
1100: dt=0.0114, 102 negative triangles
1101: dt=0.0114, 103 negative triangles
1102: dt=0.0114, 102 negative triangles
1103: dt=0.0114, 102 negative triangles
1104: dt=0.0114, 102 negative triangles
1105: dt=0.0114, 103 negative triangles
1106: dt=0.0114, 102 negative triangles
1107: dt=0.0114, 102 negative triangles
1108: dt=0.0114, 102 negative triangles
1109: dt=0.0108, 102 negative triangles
1110: dt=0.0108, 103 negative triangles
writing registered surface to ../surf/lh.sphere.reg...
1111: dt=0.0108, 102 negative triangles
1112: 102 negative triangles
registration took 0.07 hours
#VMPC# mris_register VmPeak  1680368
FSRUNTIME@ mris_register  0.0674 hours 16 threads

 ln -sf lh.sphere.reg lh.fsaverage.sphere.reg 

#--------------------------------------------
#@# Jacobian white lh Tue Mar 10 08:23:00 CET 2026
/out/sourcedata/freesurfer/sub-v1s8x0051335_ses-1/scripts

 mris_jacobian ../surf/lh.white.preaparc ../surf/lh.sphere.reg ../surf/lh.jacobian_white 

reading surface from ../surf/lh.white.preaparc...
writing curvature file ../surf/lh.jacobian_white
#--------------------------------------------
#@# AvgCurv lh Tue Mar 10 08:23:01 CET 2026
/out/sourcedata/freesurfer/sub-v1s8x0051335_ses-1/scripts

 mrisp_paint -a 5 /opt/freesurfer/average/lh.folding.atlas.acfb40.noaparc.i12.2016-08-02.tif#6 ../surf/lh.sphere.reg ../surf/lh.avg_curv 

averaging curvature patterns 5 times...
reading surface from ../surf/lh.sphere.reg...
reading template parameterization from /opt/freesurfer/average/lh.folding.atlas.acfb40.noaparc.i12.2016-08-02.tif...
writing curvature file to ../surf/lh.avg_curv...
#-----------------------------------------
#@# Cortical Parc lh Tue Mar 10 08:23:01 CET 2026
/out/sourcedata/freesurfer/sub-v1s8x0051335_ses-1/scripts

 mris_ca_label -l ../label/lh.cortex.label -aseg ../mri/aseg.presurf.mgz -seed 1234 sub-v1s8x0051335_ses-1 lh ../surf/lh.sphere.reg /opt/freesurfer/average/lh.DKaparc.atlas.acfb40.noaparc.i12.2016-08-02.gcs ../label/lh.aparc.annot 

setting seed for random number generator to 1234
using ../mri/aseg.presurf.mgz aseg volume to correct midline
7.3.2
  7.3.2
reading atlas from /opt/freesurfer/average/lh.DKaparc.atlas.acfb40.noaparc.i12.2016-08-02.gcs...
reading color table from GCSA file....
average std = 0.8   using min determinant for regularization = 0.006
0 singular and 342 ill-conditioned covariance matrices regularized
input 0: MEAN CURVATURE, flags 0, avgs 5, name mean_curvature
labeling surface...
1506 labels changed using aseg
relabeling using gibbs priors...
000:   3216 changed, 148879 examined...
001:    759 changed, 13608 examined...
002:    197 changed, 4282 examined...
003:     59 changed, 1204 examined...
004:     26 changed, 386 examined...
005:     16 changed, 160 examined...
006:      6 changed, 88 examined...
007:      3 changed, 36 examined...
008:      3 changed, 15 examined...
009:      1 changed, 19 examined...
010:      0 changed, 7 examined...
277 labels changed using aseg
000: 133 total segments, 93 labels (354 vertices) changed
001: 43 total segments, 5 labels (16 vertices) changed
002: 38 total segments, 0 labels (0 vertices) changed
10 filter iterations complete (10 requested, 1 changed)
rationalizing unknown annotations with cortex label
relabeling unknown label...
relabeling corpuscallosum label...
2234 vertices marked for relabeling...
2234 labels changed in reclassification.
writing output to ../label/lh.aparc.annot...
classification took 0 minutes and 8 seconds.
#--------------------------------------------
#@# WhiteSurfs lh Tue Mar 10 08:23:09 CET 2026
cd /out/sourcedata/freesurfer/sub-v1s8x0051335_ses-1/mri
mris_place_surface --adgws-in ../surf/autodet.gw.stats.lh.dat --seg aseg.presurf.mgz --threads 16 --wm wm.mgz --invol brain.finalsurfs.mgz --lh --i ../surf/lh.white.preaparc --o ../surf/lh.white --white --nsmooth 0 --rip-label ../label/lh.cortex.label --rip-bg --rip-surf ../surf/lh.white.preaparc --aparc ../label/lh.aparc.annot
7.3.2
7.3.2

cd /out/sourcedata/freesurfer/sub-v1s8x0051335_ses-1/mri
setenv SUBJECTS_DIR /out/sourcedata/freesurfer
mris_place_surface --adgws-in ../surf/autodet.gw.stats.lh.dat --seg aseg.presurf.mgz --threads 16 --wm wm.mgz --invol brain.finalsurfs.mgz --lh --i ../surf/lh.white.preaparc --o ../surf/lh.white --white --nsmooth 0 --rip-label ../label/lh.cortex.label --rip-bg --rip-surf ../surf/lh.white.preaparc --aparc ../label/lh.aparc.annot 

Reading in input surface ../surf/lh.white.preaparc
Not smoothing input surface
Area    297754  0.30671  0.11415 0.000871   2.1481
Corner  893262 60.00000 15.93828 0.406640 178.7472
Edge    446631  0.85468  0.19653 0.023782   3.7446
Hinge   446631 10.60560 13.16054 0.000070 179.9907
Reading in aparc ../label/lh.aparc.annot
Reading in input volume brain.finalsurfs.mgz
Reading in wm volume wm.mgz
MRIclipBrightWM(): nthresh=23697, wmmin=5, clip=110 
MRIfindBrightNonWM(): 387 bright non-wm voxels segmented.
Masking bright non-wm for white surface
MRImask(): AllowDiffGeom = 1
MRImask(): AllowDiffGeom = 1
Reading in seg volume aseg.presurf.mgz
Ripping frozen voxels
Ripping vertices not in label ../label/lh.cortex.label
MRISripNotLabel() ripped 8499/148879 vertices (140380 unripped)
Reading in ripping surface ../surf/lh.white.preaparc
Reading in aparc ../label/lh.aparc.annot for ripsurf
Ripping BG
MRISripBasalGanglia(): 1 -2 2 0.5 ripped 258
Ripping segs (eg, WMSA, BG, frozen)
Starting MRISripSegs() d = (-2 2 0.5) segnos: 247 
MRISripSegs(): -2 2 0.5 ripped 0
vertex 74440: xyz = (-59.291,-15.3945,10.7667) oxyz = (-59.291,-15.3945,10.7667) wxzy = (-59.291,-15.3945,10.7667) pxyz = (0,0,0) 
CBVO Creating mask 148879
n_averages 4
Iteration 0 =========================================
n_averages=4, current_sigma=2
Computing target border values 
Entering MRIScomputeBorderValues_new(): 
  inside_hi   = 120.0000000;
  border_hi   = 111.0057750;
  border_low  =  90.0000000;
  outside_low =  79.4055560;
  outside_hi  = 111.0057750;
  sigma = 2;
  max_thickness = 10;
  step_size=0.5;
  STEP_SIZE=0.1;
  which = 1
  thresh = 0
  flags = 0
  CBVfindFirstPeakD1=0
  CBVfindFirstPeakD2=0
  nvertices=148879
  Gdiag_no=-1
  vno start=0, stop=148879
Replacing 255s with 0s
#SI# sigma=2 had to be increased for 151 vertices, nripped=8757
mean border=96.0, 517 (517) missing vertices, mean dist 0.5 [1.3 (%15.6)->0.9 (%84.4))]
%57 local maxima, %37 large gradients and % 0 min vals, 0 gradients ignored
nFirstPeakD1 0
MRIScomputeBorderValues_new() finished in 0.0134 min


Finding expansion regions
mean absolute distance = 0.94 +- 1.12
3518 vertices more than 2 sigmas from mean.
Averaging target values for 5 iterations...
Positioning Surface: tspring = 0.3, nspring = 0.3, spring = 0, niters = 100 l_repulse = 5, l_surf_repulse = 0, checktol = 0
Positioning pial surface
Entering MRISpositionSurface()
  max_mm = 0.3
  MAX_REDUCTIONS = 2, REDUCTION_PCT = 0.5
  parms->check_tol = 0, niterations = 100
tol=1.0e-04, sigma=2.0, host=dna07, nav=4, nbrs=2, l_repulse=5.000, l_tspring=0.300, l_nspring=0.300, l_intensity=0.200, l_curv=1.000
mom=0.00, dt=0.50
complete_dist_mat 0
rms 0
smooth_averages 0
remove_neg 0
ico_order 0
which_surface 0
target_radius 0.000000
nfields 0
scale 0.000000
desired_rms_height 0.000000
momentum 0.000000
nbhd_size 0
max_nbrs 0
niterations 100
nsurfaces 0
SURFACES 3
flags 0 (0)
use curv 0
no sulc 0
no rigid align 0
mris->nsize 2
mris->hemisphere 0
randomSeed 0

000: dt: 0.0000, sse=889801.5, rms=4.783
001: dt: 0.5000, sse=491334.9, rms=3.124 (34.696%)
002: dt: 0.5000, sse=349360.9, rms=2.177 (30.316%)
003: dt: 0.5000, sse=298491.6, rms=1.693 (22.233%)
004: dt: 0.5000, sse=267150.0, rms=1.431 (15.466%)
005: dt: 0.5000, sse=258464.0, rms=1.271 (11.155%)
006: dt: 0.5000, sse=250990.4, rms=1.173 (7.736%)
007: dt: 0.5000, sse=245684.0, rms=1.108 (5.584%)
rms = 1.0715/1.1075, sse=253518.2/245684.0, time step reduction 1 of 3 to 0.250  0 1 1
008: dt: 0.5000, sse=253518.2, rms=1.072 (3.248%)
009: dt: 0.2500, sse=233386.0, rms=0.967 (9.787%)
rms = 0.9510/0.9667, sse=241023.8/233386.0, time step reduction 2 of 3 to 0.125  0 1 1
010: dt: 0.2500, sse=241023.8, rms=0.951 (1.622%)
rms = 0.9362/0.9510, sse=233820.5/241023.8, time step reduction 3 of 3 to 0.062  0 0 1
011: dt: 0.1250, sse=233820.5, rms=0.936 (1.553%)
  maximum number of reductions reached, breaking from loop
positioning took 0.8 minutes
Iteration 1 =========================================
n_averages=2, current_sigma=1
Computing target border values 
Entering MRIScomputeBorderValues_new(): 
  inside_hi   = 120.0000000;
  border_hi   = 111.0057750;
  border_low  =  90.0000000;
  outside_low =  79.4055560;
  outside_hi  = 111.0057750;
  sigma = 1;
  max_thickness = 10;
  step_size=0.5;
  STEP_SIZE=0.1;
  which = 1
  thresh = 0
  flags = 0
  CBVfindFirstPeakD1=0
  CBVfindFirstPeakD2=0
  nvertices=148879
  Gdiag_no=-1
  vno start=0, stop=148879
Replacing 255s with 0s
#SI# sigma=1 had to be increased for 202 vertices, nripped=8757
mean border=97.6, 246 (141) missing vertices, mean dist -0.4 [0.7 (%64.8)->0.3 (%35.2))]
%69 local maxima, %25 large gradients and % 0 min vals, 0 gradients ignored
nFirstPeakD1 0
MRIScomputeBorderValues_new() finished in 0.0099 min


Finding expansion regions
mean absolute distance = 0.58 +- 0.87
5221 vertices more than 2 sigmas from mean.
Averaging target values for 5 iterations...
Positioning Surface: tspring = 0.3, nspring = 0.3, spring = 0, niters = 100 l_repulse = 5, l_surf_repulse = 0, checktol = 0
Positioning pial surface
Entering MRISpositionSurface()
  max_mm = 0.3
  MAX_REDUCTIONS = 2, REDUCTION_PCT = 0.5
  parms->check_tol = 0, niterations = 100
tol=1.0e-04, sigma=1.0, host=dna07, nav=2, nbrs=2, l_repulse=5.000, l_tspring=0.300, l_nspring=0.300, l_intensity=0.200, l_curv=1.000
mom=0.00, dt=0.50
000: dt: 0.0000, sse=431935.0, rms=2.727
012: dt: 0.5000, sse=338738.9, rms=1.912 (29.873%)
013: dt: 0.5000, sse=306438.8, rms=1.503 (21.421%)
014: dt: 0.5000, sse=287284.9, rms=1.293 (13.959%)
rms = 1.1415/1.2929, sse=287747.7/287285.0, time step reduction 1 of 3 to 0.250  0 1 0
015: dt: 0.5000, sse=287747.7, rms=1.142 (11.704%)
016: dt: 0.2500, sse=280078.1, rms=1.021 (10.595%)
rms = 0.9750/1.0206, sse=276304.8/280078.1, time step reduction 2 of 3 to 0.125  0 0 1
017: dt: 0.2500, sse=276304.8, rms=0.975 (4.464%)
rms = 0.9436/0.9750, sse=277134.3/276304.8, time step reduction 3 of 3 to 0.062  0 1 1
018: dt: 0.1250, sse=277134.3, rms=0.944 (3.220%)
  maximum number of reductions reached, breaking from loop
positioning took 0.5 minutes
Iteration 2 =========================================
n_averages=1, current_sigma=0.5
Computing target border values 
Entering MRIScomputeBorderValues_new(): 
  inside_hi   = 120.0000000;
  border_hi   = 111.0057750;
  border_low  =  90.0000000;
  outside_low =  79.4055560;
  outside_hi  = 111.0057750;
  sigma = 0.5;
  max_thickness = 10;
  step_size=0.5;
  STEP_SIZE=0.1;
  which = 1
  thresh = 0
  flags = 0
  CBVfindFirstPeakD1=0
  CBVfindFirstPeakD2=0
  nvertices=148879
  Gdiag_no=-1
  vno start=0, stop=148879
Replacing 255s with 0s
#SI# sigma=0.5 had to be increased for 472 vertices, nripped=8757
mean border=99.2, 260 (85) missing vertices, mean dist -0.3 [0.5 (%71.6)->0.3 (%28.4))]
%82 local maxima, %12 large gradients and % 0 min vals, 0 gradients ignored
nFirstPeakD1 0
MRIScomputeBorderValues_new() finished in 0.0055 min


Finding expansion regions
mean absolute distance = 0.46 +- 0.60
4781 vertices more than 2 sigmas from mean.
Averaging target values for 5 iterations...
Positioning Surface: tspring = 0.3, nspring = 0.3, spring = 0, niters = 100 l_repulse = 5, l_surf_repulse = 0, checktol = 0
Positioning pial surface
Entering MRISpositionSurface()
  max_mm = 0.3
  MAX_REDUCTIONS = 2, REDUCTION_PCT = 0.5
  parms->check_tol = 0, niterations = 100
tol=1.0e-04, sigma=0.5, host=dna07, nav=1, nbrs=2, l_repulse=5.000, l_tspring=0.300, l_nspring=0.300, l_intensity=0.200, l_curv=1.000
mom=0.00, dt=0.50
000: dt: 0.0000, sse=418844.7, rms=2.499
019: dt: 0.5000, sse=325511.6, rms=1.567 (37.303%)
020: dt: 0.5000, sse=309622.7, rms=1.166 (25.587%)
021: dt: 0.5000, sse=292451.3, rms=1.029 (11.738%)
rms = 0.9629/1.0290, sse=293157.2/292451.3, time step reduction 1 of 3 to 0.250  0 1 0
022: dt: 0.5000, sse=293157.2, rms=0.963 (6.418%)
023: dt: 0.2500, sse=280965.9, rms=0.880 (8.632%)
rms = 0.8450/0.8798, sse=283735.7/280965.9, time step reduction 2 of 3 to 0.125  0 1 1
024: dt: 0.2500, sse=283735.7, rms=0.845 (3.959%)
rms = 0.8235/0.8450, sse=277364.5/283735.7, time step reduction 3 of 3 to 0.062  0 0 1
025: dt: 0.1250, sse=277364.5, rms=0.824 (2.541%)
  maximum number of reductions reached, breaking from loop
positioning took 0.5 minutes
Iteration 3 =========================================
n_averages=0, current_sigma=0.25
Computing target border values 
Entering MRIScomputeBorderValues_new(): 
  inside_hi   = 120.0000000;
  border_hi   = 111.0057750;
  border_low  =  90.0000000;
  outside_low =  79.4055560;
  outside_hi  = 111.0057750;
  sigma = 0.25;
  max_thickness = 10;
  step_size=0.5;
  STEP_SIZE=0.1;
  which = 1
  thresh = 0
  flags = 0
  CBVfindFirstPeakD1=0
  CBVfindFirstPeakD2=0
  nvertices=148879
  Gdiag_no=-1
  vno start=0, stop=148879
Replacing 255s with 0s
#SI# sigma=0.25 had to be increased for 568 vertices, nripped=8757
mean border=99.7, 283 (57) missing vertices, mean dist -0.1 [0.3 (%59.1)->0.3 (%40.9))]
%86 local maxima, % 8 large gradients and % 0 min vals, 0 gradients ignored
nFirstPeakD1 0
MRIScomputeBorderValues_new() finished in 0.0034 min


Finding expansion regions
mean absolute distance = 0.31 +- 0.43
4776 vertices more than 2 sigmas from mean.
Averaging target values for 5 iterations...
Positioning Surface: tspring = 0.3, nspring = 0.3, spring = 0, niters = 100 l_repulse = 5, l_surf_repulse = 0, checktol = 0
Positioning pial surface
Entering MRISpositionSurface()
  max_mm = 0.3
  MAX_REDUCTIONS = 2, REDUCTION_PCT = 0.5
  parms->check_tol = 0, niterations = 100
tol=1.0e-04, sigma=0.2, host=dna07, nav=0, nbrs=2, l_repulse=5.000, l_tspring=0.300, l_nspring=0.300, l_intensity=0.200, l_curv=1.000
mom=0.00, dt=0.50
000: dt: 0.0000, sse=295315.7, rms=1.225
026: dt: 0.5000, sse=275260.7, rms=0.851 (30.529%)
rms = 0.8540/0.8508, sse=277541.1/275260.7, time step reduction 1 of 3 to 0.250  0 1 1
   RMS increased, rejecting step
027: dt: 0.2500, sse=266282.7, rms=0.761 (10.609%)
rms = 0.7622/0.7606, sse=273609.1/266282.7, time step reduction 2 of 3 to 0.125  0 1 1
   RMS increased, rejecting step
rms = 0.7377/0.7606, sse=265519.3/266282.7, time step reduction 3 of 3 to 0.062  0 0 1
028: dt: 0.1250, sse=265519.3, rms=0.738 (3.001%)
  maximum number of reductions reached, breaking from loop
positioning took 0.3 minutes


Writing output to ../surf/lh.white
#ET# mris_place_surface  2.16 minutes
#VMPC# mris_place_surfaces VmPeak  3135128
mris_place_surface done
#--------------------------------------------
#@# T1PialSurf lh Tue Mar 10 08:25:23 CET 2026
cd /out/sourcedata/freesurfer/sub-v1s8x0051335_ses-1/mri
mris_place_surface --adgws-in ../surf/autodet.gw.stats.lh.dat --seg aseg.presurf.mgz --threads 16 --wm wm.mgz --invol brain.finalsurfs.mgz --lh --i ../surf/lh.white --o ../surf/lh.pial.T1 --pial --nsmooth 0 --rip-label ../label/lh.cortex+hipamyg.label --pin-medial-wall ../label/lh.cortex.label --aparc ../label/lh.aparc.annot --repulse-surf ../surf/lh.white --white-surf ../surf/lh.white
7.3.2
7.3.2

cd /out/sourcedata/freesurfer/sub-v1s8x0051335_ses-1/mri
setenv SUBJECTS_DIR /out/sourcedata/freesurfer
mris_place_surface --adgws-in ../surf/autodet.gw.stats.lh.dat --seg aseg.presurf.mgz --threads 16 --wm wm.mgz --invol brain.finalsurfs.mgz --lh --i ../surf/lh.white --o ../surf/lh.pial.T1 --pial --nsmooth 0 --rip-label ../label/lh.cortex+hipamyg.label --pin-medial-wall ../label/lh.cortex.label --aparc ../label/lh.aparc.annot --repulse-surf ../surf/lh.white --white-surf ../surf/lh.white 

Reading in input surface ../surf/lh.white
Not smoothing input surface
Area    297754  0.30817  0.12619 0.000753   2.5431
Corner  893262 60.00000 17.10770 0.231911 179.4831
Edge    446631  0.85820  0.21436 0.023883   3.7446
Hinge   446631 10.56233 12.62477 0.000023 179.9907
Reading white surface coordinates from ../surf/lh.white
Reading repulsion surface coordinates from ../surf/lh.white
Reading in aparc ../label/lh.aparc.annot
Reading in input volume brain.finalsurfs.mgz
Reading in wm volume wm.mgz
MRIclipBrightWM(): nthresh=23697, wmmin=5, clip=110 
MRIfindBrightNonWM(): 387 bright non-wm voxels segmented.
Masking bright non-wm for pial surface mid_gray = 79.6055
MRImask(): AllowDiffGeom = 1
MRImask(): AllowDiffGeom = 1
MRImask(): AllowDiffGeom = 1
Reading in seg volume aseg.presurf.mgz
Ripping frozen voxels
Ripping vertices not in label ../label/lh.cortex+hipamyg.label
MRISripNotLabel() ripped 6080/148879 vertices (142799 unripped)
INFO: rip surface needed but not specified, so using input surface
Ripping segs (eg, WMSA, BG, frozen)
Starting MRISripSegs() d = (-2 2 0.5) segnos: 247 
MRISripSegs(): -2 2 0.5 ripped 0
vertex 74440: xyz = (-59.4243,-15.4131,10.7989) oxyz = (-59.4243,-15.4131,10.7989) wxzy = (-59.4243,-15.4131,10.7989) pxyz = (-59.4243,-15.4131,10.7989) 
CBVO Creating mask 148879
n_averages 16
Iteration 0 =========================================
n_averages=16, current_sigma=2
Computing target border values 
Entering MRIScomputeBorderValues_new(): 
  inside_hi   = 100.9942250;
  border_hi   =  79.4055560;
  border_low  =  58.2166750;
  outside_low =  10.0000000;
  outside_hi  =  74.1083370;
  sigma = 2;
  max_thickness = 10;
  step_size=0.5;
  STEP_SIZE=0.1;
  which = 2
  thresh = 0
  flags = 0
  CBVfindFirstPeakD1=0
  CBVfindFirstPeakD2=0
  nvertices=148879
  Gdiag_no=-1
  vno start=0, stop=148879
Replacing 255s with 0s
#SI# sigma=2 had to be increased for 179 vertices, nripped=6080
mean border=77.2, 571 (571) missing vertices, mean dist 1.8 [1.3 (%0.0)->3.3 (%100.0))]
%16 local maxima, %34 large gradients and %45 min vals, 0 gradients ignored
nFirstPeakD1 0
MRIScomputeBorderValues_new() finished in 0.0111 min


Averaging target values for 5 iterations...
Positioning Surface: tspring = 0.3, nspring = 0.3, spring = 0, niters = 100 l_repulse = 0, l_surf_repulse = 5, checktol = 0
Positioning pial surface
Entering MRISpositionSurface()
  max_mm = 0.3
  MAX_REDUCTIONS = 2, REDUCTION_PCT = 0.5
  parms->check_tol = 0, niterations = 100
tol=1.0e-04, sigma=2.0, host=dna07, nav=16, nbrs=2, l_surf_repulse=5.000, l_tspring=0.300, l_nspring=0.300, l_intensity=0.200, l_curv=1.000
mom=0.00, dt=0.50
complete_dist_mat 0
rms 0
smooth_averages 0
remove_neg 0
ico_order 0
which_surface 0
target_radius 0.000000
nfields 0
scale 0.000000
desired_rms_height 0.000000
momentum 0.000000
nbhd_size 0
max_nbrs 0
niterations 100
nsurfaces 0
SURFACES 3
flags 0 (0)
use curv 0
no sulc 0
no rigid align 0
mris->nsize 2
mris->hemisphere 0
randomSeed 0

000: dt: 0.0000, sse=16116162.0, rms=23.656
001: dt: 0.5000, sse=13243657.0, rms=21.417 (9.466%)
002: dt: 0.5000, sse=10967825.0, rms=19.460 (9.137%)
003: dt: 0.5000, sse=9252683.0, rms=17.844 (8.308%)
004: dt: 0.5000, sse=7955234.0, rms=16.515 (7.447%)
005: dt: 0.5000, sse=6871699.0, rms=15.316 (7.257%)
006: dt: 0.5000, sse=5858253.0, rms=14.103 (7.922%)
007: dt: 0.5000, sse=4815838.5, rms=12.735 (9.703%)
008: dt: 0.5000, sse=3847528.2, rms=11.316 (11.139%)
009: dt: 0.5000, sse=2945523.5, rms=9.812 (13.296%)
010: dt: 0.5000, sse=2192290.0, rms=8.350 (14.899%)
011: dt: 0.5000, sse=1623368.2, rms=7.047 (15.604%)
012: dt: 0.5000, sse=1271824.8, rms=6.103 (13.392%)
013: dt: 0.5000, sse=1033601.7, rms=5.369 (12.030%)
014: dt: 0.5000, sse=930602.2, rms=5.016 (6.570%)
015: dt: 0.5000, sse=855927.4, rms=4.743 (5.450%)
016: dt: 0.5000, sse=825636.2, rms=4.625 (2.483%)
017: dt: 0.5000, sse=791822.9, rms=4.491 (2.904%)
rms = 4.4647/4.4908, sse=786151.0/791822.9, time step reduction 1 of 3 to 0.250  0 0 1
018: dt: 0.5000, sse=786151.1, rms=4.465 (0.581%)
019: dt: 0.2500, sse=588087.6, rms=3.579 (19.834%)
020: dt: 0.2500, sse=565812.6, rms=3.465 (3.200%)
rms = 3.4538/3.4646, sse=564082.5/565812.6, time step reduction 2 of 3 to 0.125  0 0 1
021: dt: 0.2500, sse=564082.5, rms=3.454 (0.313%)
022: dt: 0.1250, sse=498653.9, rms=3.097 (10.316%)
023: dt: 0.1250, sse=485589.7, rms=3.021 (2.466%)
rms = 2.9991/3.0211, sse=481980.2/485589.7, time step reduction 3 of 3 to 0.062  0 0 1
024: dt: 0.1250, sse=481980.2, rms=2.999 (0.730%)
  maximum number of reductions reached, breaking from loop
positioning took 1.4 minutes
Iteration 1 =========================================
n_averages=8, current_sigma=1
Computing target border values 
Entering MRIScomputeBorderValues_new(): 
  inside_hi   = 100.9942250;
  border_hi   =  79.4055560;
  border_low  =  58.2166750;
  outside_low =  10.0000000;
  outside_hi  =  74.1083370;
  sigma = 1;
  max_thickness = 10;
  step_size=0.5;
  STEP_SIZE=0.1;
  which = 2
  thresh = 0
  flags = 0
  CBVfindFirstPeakD1=0
  CBVfindFirstPeakD2=0
  nvertices=148879
  Gdiag_no=-1
  vno start=0, stop=148879
Replacing 255s with 0s
#SI# sigma=1 had to be increased for 14440 vertices, nripped=6080
mean border=76.5, 2419 (163) missing vertices, mean dist 0.1 [0.1 (%45.8)->0.5 (%54.2))]
%25 local maxima, %28 large gradients and %41 min vals, 0 gradients ignored
nFirstPeakD1 0
MRIScomputeBorderValues_new() finished in 0.0028 min


Averaging target values for 5 iterations...
Positioning Surface: tspring = 0.3, nspring = 0.3, spring = 0, niters = 100 l_repulse = 0, l_surf_repulse = 5, checktol = 0
Positioning pial surface
Entering MRISpositionSurface()
  max_mm = 0.3
  MAX_REDUCTIONS = 2, REDUCTION_PCT = 0.5
  parms->check_tol = 0, niterations = 100
tol=1.0e-04, sigma=1.0, host=dna07, nav=8, nbrs=2, l_surf_repulse=5.000, l_tspring=0.300, l_nspring=0.300, l_intensity=0.200, l_curv=1.000
mom=0.00, dt=0.50
000: dt: 0.0000, sse=624300.9, rms=3.557
rms = 4.0253/3.5567, sse=725368.0/624300.9, time step reduction 1 of 3 to 0.250  0 1 1
   RMS increased, rejecting step
025: dt: 0.2500, sse=572185.0, rms=3.287 (7.574%)
026: dt: 0.2500, sse=554356.2, rms=3.189 (2.995%)
rms = 3.2854/3.1889, sse=572076.9/554356.2, time step reduction 2 of 3 to 0.125  0 1 1
   RMS increased, rejecting step
027: dt: 0.1250, sse=542045.4, rms=3.119 (2.178%)
rms = 3.1033/3.1194, sse=539532.8/542045.4, time step reduction 3 of 3 to 0.062  0 0 1
028: dt: 0.1250, sse=539532.8, rms=3.103 (0.515%)
  maximum number of reductions reached, breaking from loop
positioning took 0.3 minutes
Iteration 2 =========================================
n_averages=4, current_sigma=0.5
Computing target border values 
Entering MRIScomputeBorderValues_new(): 
  inside_hi   = 100.9942250;
  border_hi   =  79.4055560;
  border_low  =  58.2166750;
  outside_low =  10.0000000;
  outside_hi  =  74.1083370;
  sigma = 0.5;
  max_thickness = 10;
  step_size=0.5;
  STEP_SIZE=0.1;
  which = 2
  thresh = 0
  flags = 0
  CBVfindFirstPeakD1=0
  CBVfindFirstPeakD2=0
  nvertices=148879
  Gdiag_no=-1
  vno start=0, stop=148879
Replacing 255s with 0s
#SI# sigma=0.5 had to be increased for 15559 vertices, nripped=6080
mean border=76.4, 2982 (130) missing vertices, mean dist 0.1 [0.1 (%47.5)->0.4 (%52.5))]
%34 local maxima, %19 large gradients and %41 min vals, 0 gradients ignored
nFirstPeakD1 0
MRIScomputeBorderValues_new() finished in 0.0017 min


Averaging target values for 5 iterations...
Positioning Surface: tspring = 0.3, nspring = 0.3, spring = 0, niters = 100 l_repulse = 0, l_surf_repulse = 5, checktol = 0
Positioning pial surface
Entering MRISpositionSurface()
  max_mm = 0.3
  MAX_REDUCTIONS = 2, REDUCTION_PCT = 0.5
  parms->check_tol = 0, niterations = 100
tol=1.0e-04, sigma=0.5, host=dna07, nav=4, nbrs=2, l_surf_repulse=5.000, l_tspring=0.300, l_nspring=0.300, l_intensity=0.200, l_curv=1.000
mom=0.00, dt=0.50
000: dt: 0.0000, sse=549961.6, rms=3.160
rms = 3.4938/3.1599, sse=611712.9/549961.6, time step reduction 1 of 3 to 0.250  0 1 1
   RMS increased, rejecting step
029: dt: 0.2500, sse=521164.1, rms=2.995 (5.208%)
030: dt: 0.2500, sse=510191.8, rms=2.933 (2.089%)
rms = 3.1231/2.9328, sse=542756.9/510191.8, time step reduction 2 of 3 to 0.125  0 1 1
   RMS increased, rejecting step
rms = 2.8918/2.9328, sse=503497.7/510191.8, time step reduction 3 of 3 to 0.062  0 0 1
031: dt: 0.1250, sse=503497.7, rms=2.892 (1.397%)
  maximum number of reductions reached, breaking from loop
positioning took 0.3 minutes
Iteration 3 =========================================
n_averages=2, current_sigma=0.25
Computing target border values 
Entering MRIScomputeBorderValues_new(): 
  inside_hi   = 100.9942250;
  border_hi   =  79.4055560;
  border_low  =  58.2166750;
  outside_low =  10.0000000;
  outside_hi  =  74.1083370;
  sigma = 0.25;
  max_thickness = 10;
  step_size=0.5;
  STEP_SIZE=0.1;
  which = 2
  thresh = 0
  flags = 0
  CBVfindFirstPeakD1=0
  CBVfindFirstPeakD2=0
  nvertices=148879
  Gdiag_no=-1
  vno start=0, stop=148879
Replacing 255s with 0s
#SI# sigma=0.25 had to be increased for 12914 vertices, nripped=6080
mean border=76.0, 6329 (121) missing vertices, mean dist 0.1 [0.1 (%47.0)->0.3 (%53.0))]
%37 local maxima, %16 large gradients and %40 min vals, 0 gradients ignored
nFirstPeakD1 0
MRIScomputeBorderValues_new() finished in 0.0011 min


Averaging target values for 5 iterations...
Positioning Surface: tspring = 0.3, nspring = 0.3, spring = 0, niters = 100 l_repulse = 0, l_surf_repulse = 5, checktol = 0
Positioning pial surface
Entering MRISpositionSurface()
  max_mm = 0.3
  MAX_REDUCTIONS = 2, REDUCTION_PCT = 0.5
  parms->check_tol = 0, niterations = 100
tol=1.0e-04, sigma=0.2, host=dna07, nav=2, nbrs=2, l_surf_repulse=5.000, l_tspring=0.300, l_nspring=0.300, l_intensity=0.200, l_curv=1.000
mom=0.00, dt=0.50
000: dt: 0.0000, sse=509079.4, rms=2.923
rms = 3.4743/2.9233, sse=607300.1/509079.4, time step reduction 1 of 3 to 0.250  0 1 1
   RMS increased, rejecting step
032: dt: 0.2500, sse=492691.4, rms=2.823 (3.430%)
rms = 2.8613/2.8230, sse=498164.7/492691.4, time step reduction 2 of 3 to 0.125  0 1 1
   RMS increased, rejecting step
rms = 2.8048/2.8230, sse=489776.3/492691.4, time step reduction 3 of 3 to 0.062  0 0 1
033: dt: 0.1250, sse=489776.3, rms=2.805 (0.647%)
  maximum number of reductions reached, breaking from loop
positioning took 0.2 minutes
Pinning medial wall to white surface
removing intersecting faces
000: 9 intersecting
001: 3 intersecting
terminating search with 0 intersecting


Writing output to ../surf/lh.pial.T1
#ET# mris_place_surface  2.44 minutes
#VMPC# mris_place_surfaces VmPeak  2420892
mris_place_surface done
#@# white curv lh Tue Mar 10 08:27:54 CET 2026
cd /out/sourcedata/freesurfer/sub-v1s8x0051335_ses-1/mri
mris_place_surface --curv-map ../surf/lh.white 2 10 ../surf/lh.curv
insurf  ../surf/lh.white, nbrs 2, curvature_avgs 10
writing curvature file ../surf/lh.curv
#@# white area lh Tue Mar 10 08:27:56 CET 2026
cd /out/sourcedata/freesurfer/sub-v1s8x0051335_ses-1/mri
mris_place_surface --area-map ../surf/lh.white ../surf/lh.area
writing curvature file ../surf/lh.area
#@# pial curv lh Tue Mar 10 08:27:56 CET 2026
cd /out/sourcedata/freesurfer/sub-v1s8x0051335_ses-1/mri
mris_place_surface --curv-map ../surf/lh.pial 2 10 ../surf/lh.curv.pial
insurf  ../surf/lh.pial, nbrs 2, curvature_avgs 10
writing curvature file ../surf/lh.curv.pial
#@# pial area lh Tue Mar 10 08:27:58 CET 2026
cd /out/sourcedata/freesurfer/sub-v1s8x0051335_ses-1/mri
mris_place_surface --area-map ../surf/lh.pial ../surf/lh.area.pial
writing curvature file ../surf/lh.area.pial
#@# thickness lh Tue Mar 10 08:27:58 CET 2026
cd /out/sourcedata/freesurfer/sub-v1s8x0051335_ses-1/mri
mris_place_surface --thickness ../surf/lh.white ../surf/lh.pial 20 5 ../surf/lh.thickness
0 of 148879 vertices processed
25000 of 148879 vertices processed
50000 of 148879 vertices processed
75000 of 148879 vertices processed
100000 of 148879 vertices processed
125000 of 148879 vertices processed
0 of 148879 vertices processed
25000 of 148879 vertices processed
50000 of 148879 vertices processed
75000 of 148879 vertices processed
100000 of 148879 vertices processed
125000 of 148879 vertices processed
thickness calculation complete, 280:1424 truncations.
66483 vertices at 0 distance
118833 vertices at 1 distance
67010 vertices at 2 distance
27397 vertices at 3 distance
10865 vertices at 4 distance
4147 vertices at 5 distance
1592 vertices at 6 distance
593 vertices at 7 distance
264 vertices at 8 distance
134 vertices at 9 distance
82 vertices at 10 distance
68 vertices at 11 distance
45 vertices at 12 distance
44 vertices at 13 distance
33 vertices at 14 distance
32 vertices at 15 distance
26 vertices at 16 distance
25 vertices at 17 distance
21 vertices at 18 distance
31 vertices at 19 distance
33 vertices at 20 distance
writing curvature file ../surf/lh.thickness
#@# area and vertex vol lh Tue Mar 10 08:28:19 CET 2026
cd /out/sourcedata/freesurfer/sub-v1s8x0051335_ses-1/mri
mris_place_surface --thickness ../surf/lh.white ../surf/lh.pial 20 5 ../surf/lh.thickness
/out/sourcedata/freesurfer/sub-v1s8x0051335_ses-1/surf
mris_calc -o lh.area.mid lh.area add lh.area.pial
Saving result to 'lh.area.mid' (type = MRI_CURV_FILE)                       [ ok ]
mris_calc -o lh.area.mid lh.area.mid div 2
Saving result to 'lh.area.mid' (type = MRI_CURV_FILE)                       [ ok ]
mris_convert --volume sub-v1s8x0051335_ses-1 lh /out/sourcedata/freesurfer/sub-v1s8x0051335_ses-1/surf/lh.volume
masking with /out/sourcedata/freesurfer/sub-v1s8x0051335_ses-1/label/lh.cortex.label
Total face volume 246160
Total vertex volume 245982 (mask=0)
#@# sub-v1s8x0051335_ses-1 lh 245982
 
vertexvol Done

#-----------------------------------------
#@# Curvature Stats lh Tue Mar 10 08:28:20 CET 2026
/out/sourcedata/freesurfer/sub-v1s8x0051335_ses-1/surf

 mris_curvature_stats -m --writeCurvatureFiles -G -o ../stats/lh.curv.stats -F smoothwm sub-v1s8x0051335_ses-1 lh curv sulc 

             Toggling save flag on curvature files                       [ ok ]
                 Outputting results using filestem   [ ../stats/lh.curv.stats ]
             Toggling save flag on curvature files                       [ ok ]
                                   Setting surface [ sub-v1s8x0051335_ses-1/lh.smoothwm ]
                                Reading surface...                       [ ok ]
                                   Setting texture                     [ curv ]
                                Reading texture...                       [ ok ]
                                   Setting texture                     [ sulc ]
                                Reading texture...Gb_filter = 0
                       [ ok ]
      Calculating Discrete Principal Curvatures...
      Determining geometric order for vno faces... [####################] [ ok ]
                      Determining KH curvatures... [####################] [ ok ]
                    Determining k1k2 curvatures... [####################] [ ok ]
                                   deltaViolations                      [ 267 ]
Gb_filter = 0
#-----------------------------------------
#@# Cortical Parc 2 lh Tue Mar 10 08:28:21 CET 2026
/out/sourcedata/freesurfer/sub-v1s8x0051335_ses-1/scripts

 mris_ca_label -l ../label/lh.cortex.label -aseg ../mri/aseg.presurf.mgz -seed 1234 sub-v1s8x0051335_ses-1 lh ../surf/lh.sphere.reg /opt/freesurfer/average/lh.CDaparc.atlas.acfb40.noaparc.i12.2016-08-02.gcs ../label/lh.aparc.a2009s.annot 

setting seed for random number generator to 1234
using ../mri/aseg.presurf.mgz aseg volume to correct midline
7.3.2
  7.3.2
reading atlas from /opt/freesurfer/average/lh.CDaparc.atlas.acfb40.noaparc.i12.2016-08-02.gcs...
reading color table from GCSA file....
average std = 3.0   using min determinant for regularization = 0.088
0 singular and 0 ill-conditioned covariance matrices regularized
input 0: MEAN CURVATURE, flags 0, avgs 5, name mean_curvature
labeling surface...
28 labels changed using aseg
relabeling using gibbs priors...
000:   9193 changed, 148879 examined...
001:   2068 changed, 36049 examined...
002:    640 changed, 11029 examined...
003:    280 changed, 3634 examined...
004:    149 changed, 1639 examined...
005:     79 changed, 851 examined...
006:     34 changed, 444 examined...
007:     19 changed, 199 examined...
008:     18 changed, 118 examined...
009:     15 changed, 95 examined...
010:      9 changed, 86 examined...
011:      5 changed, 52 examined...
012:      5 changed, 28 examined...
013:      4 changed, 29 examined...
014:      3 changed, 16 examined...
015:      2 changed, 14 examined...
016:      0 changed, 12 examined...
2 labels changed using aseg
000: 236 total segments, 151 labels (2341 vertices) changed
001: 95 total segments, 11 labels (43 vertices) changed
002: 84 total segments, 0 labels (0 vertices) changed
10 filter iterations complete (10 requested, 19 changed)
rationalizing unknown annotations with cortex label
relabeling Medial_wall label...
1412 vertices marked for relabeling...
1412 labels changed in reclassification.
writing output to ../label/lh.aparc.a2009s.annot...
classification took 0 minutes and 11 seconds.
#-----------------------------------------
#@# Cortical Parc 3 lh Tue Mar 10 08:28:32 CET 2026
/out/sourcedata/freesurfer/sub-v1s8x0051335_ses-1/scripts

 mris_ca_label -l ../label/lh.cortex.label -aseg ../mri/aseg.presurf.mgz -seed 1234 sub-v1s8x0051335_ses-1 lh ../surf/lh.sphere.reg /opt/freesurfer/average/lh.DKTaparc.atlas.acfb40.noaparc.i12.2016-08-02.gcs ../label/lh.aparc.DKTatlas.annot 

setting seed for random number generator to 1234
using ../mri/aseg.presurf.mgz aseg volume to correct midline
7.3.2
  7.3.2
reading atlas from /opt/freesurfer/average/lh.DKTaparc.atlas.acfb40.noaparc.i12.2016-08-02.gcs...
reading color table from GCSA file....
average std = 1.4   using min determinant for regularization = 0.020
0 singular and 383 ill-conditioned covariance matrices regularized
input 0: MEAN CURVATURE, flags 0, avgs 5, name mean_curvature
labeling surface...
1838 labels changed using aseg
relabeling using gibbs priors...
000:   2146 changed, 148879 examined...
001:    531 changed, 9768 examined...
002:    161 changed, 3079 examined...
003:     62 changed, 917 examined...
004:     31 changed, 359 examined...
005:     23 changed, 167 examined...
006:     14 changed, 135 examined...
007:      6 changed, 85 examined...
008:      9 changed, 39 examined...
009:      8 changed, 42 examined...
010:      9 changed, 45 examined...
011:      8 changed, 48 examined...
012:      5 changed, 41 examined...
013:      4 changed, 33 examined...
014:      5 changed, 23 examined...
015:      4 changed, 30 examined...
016:      3 changed, 27 examined...
017:      4 changed, 18 examined...
018:      3 changed, 16 examined...
019:      2 changed, 15 examined...
020:      2 changed, 10 examined...
021:      2 changed, 10 examined...
022:      2 changed, 10 examined...
023:      2 changed, 10 examined...
024:      2 changed, 9 examined...
025:      0 changed, 11 examined...
341 labels changed using aseg
000: 56 total segments, 23 labels (203 vertices) changed
001: 36 total segments, 3 labels (5 vertices) changed
002: 33 total segments, 0 labels (0 vertices) changed
10 filter iterations complete (10 requested, 8 changed)
rationalizing unknown annotations with cortex label
relabeling unknown label...
relabeling corpuscallosum label...
977 vertices marked for relabeling...
977 labels changed in reclassification.
writing output to ../label/lh.aparc.DKTatlas.annot...
classification took 0 minutes and 8 seconds.
#-----------------------------------------
#@# WM/GM Contrast lh Tue Mar 10 08:28:40 CET 2026
/out/sourcedata/freesurfer/sub-v1s8x0051335_ses-1/scripts

 pctsurfcon --s sub-v1s8x0051335_ses-1 --lh-only 

Log file is /out/sourcedata/freesurfer/sub-v1s8x0051335_ses-1/scripts/pctsurfcon.log
Tue Mar 10 08:28:40 CET 2026
setenv SUBJECTS_DIR /out/sourcedata/freesurfer
cd /out/sourcedata/freesurfer/sub-v1s8x0051335_ses-1/scripts
/opt/freesurfer/bin/pctsurfcon
pctsurfcon 7.3.2
Linux dna076 5.14.0-427.37.1.el9_4.x86_64 #1 SMP PREEMPT_DYNAMIC Fri Sep 13 12:41:50 EDT 2024 x86_64 x86_64 x86_64 GNU/Linux
FREESURFER_HOME /opt/freesurfer
mri_vol2surf --mov /out/sourcedata/freesurfer/sub-v1s8x0051335_ses-1/mri/rawavg.mgz --hemi lh --noreshape --interp trilinear --projdist -1 --o /out/sourcedata/freesurfer/sub-v1s8x0051335_ses-1/surf/tmp.pctsurfcon.1069541/lh.wm.mgh --regheader sub-v1s8x0051335_ses-1 --cortex
srcvol = /out/sourcedata/freesurfer/sub-v1s8x0051335_ses-1/mri/rawavg.mgz
srcreg unspecified
srcregold = 0
srcwarp unspecified
surf = white
hemi = lh
ProjDist = -1
reshape = 0
interp = trilinear
float2int = round
GetProjMax = 0
INFO: float2int code = 0
Done loading volume
Computing registration from header.
  Using /out/sourcedata/freesurfer/sub-v1s8x0051335_ses-1/mri/orig.mgz as target reference.
-------- original matrix -----------
-1.00000   0.00000   0.00000   0.00000;
 0.00000   0.00000   1.00000   0.00002;
 0.00000  -1.00000   0.00000  -0.00001;
 0.00000   0.00000   0.00000   1.00000;
-------- original matrix -----------
Loading label /out/sourcedata/freesurfer/sub-v1s8x0051335_ses-1/label/lh.cortex.label
Reading surface /out/sourcedata/freesurfer/sub-v1s8x0051335_ses-1/surf/lh.white
Done reading source surface
Mapping Source Volume onto Source Subject Surface
Projecting -1 -1 1
 1 -1 -1 -1
using old
Done mapping volume to surface
Number of source voxels hit = 82339
Masking with /out/sourcedata/freesurfer/sub-v1s8x0051335_ses-1/label/lh.cortex.label
Writing to /out/sourcedata/freesurfer/sub-v1s8x0051335_ses-1/surf/tmp.pctsurfcon.1069541/lh.wm.mgh
Dim: 148879 1 1
mri_vol2surf --mov /out/sourcedata/freesurfer/sub-v1s8x0051335_ses-1/mri/rawavg.mgz --hemi lh --noreshape --interp trilinear --o /out/sourcedata/freesurfer/sub-v1s8x0051335_ses-1/surf/tmp.pctsurfcon.1069541/lh.gm.mgh --projfrac 0.3 --regheader sub-v1s8x0051335_ses-1 --cortex
srcvol = /out/sourcedata/freesurfer/sub-v1s8x0051335_ses-1/mri/rawavg.mgz
srcreg unspecified
srcregold = 0
srcwarp unspecified
surf = white
hemi = lh
ProjFrac = 0.3
thickness = thickness
reshape = 0
interp = trilinear
float2int = round
GetProjMax = 0
INFO: float2int code = 0
Done loading volume
Computing registration from header.
  Using /out/sourcedata/freesurfer/sub-v1s8x0051335_ses-1/mri/orig.mgz as target reference.
-------- original matrix -----------
-1.00000   0.00000   0.00000   0.00000;
 0.00000   0.00000   1.00000   0.00002;
 0.00000  -1.00000   0.00000  -0.00001;
 0.00000   0.00000   0.00000   1.00000;
-------- original matrix -----------
Loading label /out/sourcedata/freesurfer/sub-v1s8x0051335_ses-1/label/lh.cortex.label
Reading surface /out/sourcedata/freesurfer/sub-v1s8x0051335_ses-1/surf/lh.white
Done reading source surface
Reading thickness /out/sourcedata/freesurfer/sub-v1s8x0051335_ses-1/surf/lh.thickness
Done
Mapping Source Volume onto Source Subject Surface
Projecting 0.3 0.3 1
 1 0.3 0.3 0.3
using old
Done mapping volume to surface
Number of source voxels hit = 96862
Masking with /out/sourcedata/freesurfer/sub-v1s8x0051335_ses-1/label/lh.cortex.label
Writing to /out/sourcedata/freesurfer/sub-v1s8x0051335_ses-1/surf/tmp.pctsurfcon.1069541/lh.gm.mgh
Dim: 148879 1 1
mri_concat /out/sourcedata/freesurfer/sub-v1s8x0051335_ses-1/surf/tmp.pctsurfcon.1069541/lh.wm.mgh /out/sourcedata/freesurfer/sub-v1s8x0051335_ses-1/surf/tmp.pctsurfcon.1069541/lh.gm.mgh --paired-diff-norm --mul 100 --o /out/sourcedata/freesurfer/sub-v1s8x0051335_ses-1/surf/lh.w-g.pct.mgh
ninputs = 2
Checking inputs
nframestot = 2
Allocing output
Done allocing
Combining pairs
nframes = 1
Multiplying by 100.000000
Writing to /out/sourcedata/freesurfer/sub-v1s8x0051335_ses-1/surf/lh.w-g.pct.mgh
mri_segstats --in /out/sourcedata/freesurfer/sub-v1s8x0051335_ses-1/surf/lh.w-g.pct.mgh --annot sub-v1s8x0051335_ses-1 lh aparc --sum /out/sourcedata/freesurfer/sub-v1s8x0051335_ses-1/stats/lh.w-g.pct.stats --snr

7.3.2
cwd 
cmdline mri_segstats --in /out/sourcedata/freesurfer/sub-v1s8x0051335_ses-1/surf/lh.w-g.pct.mgh --annot sub-v1s8x0051335_ses-1 lh aparc --sum /out/sourcedata/freesurfer/sub-v1s8x0051335_ses-1/stats/lh.w-g.pct.stats --snr 
sysname  Linux
hostname dna076
machine  x86_64
user     oesteban
whitesurfname  white
UseRobust  0
Constructing seg from annotation

Reading annotation /out/sourcedata/freesurfer/sub-v1s8x0051335_ses-1/label/lh.aparc.annot
Seg base 1000
Loading /out/sourcedata/freesurfer/sub-v1s8x0051335_ses-1/surf/lh.w-g.pct.mgh
Vertex Area is 0.616342 mm^3
Generating list of segmentation ids
Found  36 segmentations
Computing statistics for each segmentation

Reporting on  35 segmentations
Using PrintSegStat
mri_segstats done
Cleaning up

Started at Tue Mar 10 08:08:24 CET 2026 
Ended   at Tue Mar 10 08:28:42 CET 2026
#@#%# recon-all-run-time-hours 0.338
recon-all -s sub-v1s8x0051335_ses-1 finished without error at Tue Mar 10 08:28:42 CET 2026



#New# invocation of recon-all 




Tue Mar 10 08:49:30 CET 2026
cd /out/sourcedata/freesurfer/sub-v1s8x0051335_ses-1
setenv SUBJECTS_DIR /out/sourcedata/freesurfer
/opt/freesurfer/bin/recon-all -autorecon-hemi lh -nohyporelabel -lh-only -openmp 16 -subjid sub-v1s8x0051335_ses-1 -sd /out/sourcedata/freesurfer -notessellate -nosmooth1 -noinflate1 -noqsphere -nofix -nowhite -nosmooth2 -noinflate2 -nocurvHK -nocurvstats -nosphere -nosurfreg -nojacobian_white -noavgcurv -nocortparc -nopial -nocortparc2 -nocortparc3 -nopctsurfcon

subjid sub-v1s8x0051335_ses-1
setenv SUBJECTS_DIR /out/sourcedata/freesurfer
FREESURFER_HOME /opt/freesurfer
Actual FREESURFER_HOME /opt/freesurfer
build-stamp.txt: freesurfer-linux-ubuntu22_x86_64-7.3.2-20220804-6354275
Linux dna076 5.14.0-427.37.1.el9_4.x86_64 #1 SMP PREEMPT_DYNAMIC Fri Sep 13 12:41:50 EDT 2024 x86_64 x86_64 x86_64 GNU/Linux
cputime      unlimited
filesize     unlimited
datasize     unlimited
stacksize    8192 kbytes
coredumpsize 0 kbytes
memoryuse    67108864 kbytes
vmemoryuse   unlimited
descriptors  1024 
memorylocked unlimited
maxproc      2061970 
maxlocks     unlimited
maxsignal    2062029 
maxmessage   819200 
maxnice      0 
maxrtprio    0 
maxrttime    unlimited

               total        used        free      shared  buff/cache   available
Mem:           503Gi        46Gi       406Gi       9.1Gi        50Gi       444Gi
Swap:             0B          0B          0B

########################################
program versions used
7.3.2 (freesurfer-linux-ubuntu22_x86_64-7.3.2-20220804-6354275)
7.3.2

ProgramName: lta_convert  ProgramArguments: lta_convert -all-info  ProgramVersion: 7.3.2  TimeStamp: 2026/03/10-07:49:30-GMT  BuildTime: Aug  4 2022 06:17:15  BuildStamp: freesurfer-linux-ubuntu22_x86_64-7.3.2-20220804-6354275  User: oesteban  Machine: dna076  Platform: Linux  PlatformVersion: 5.14.0-427.37.1.el9_4.x86_64  CompilerName: GCC  CompilerVersion: 8.4.0
ProgramName: mri_and  ProgramArguments: mri_and -all-info  ProgramVersion: 7.3.2  TimeStamp: 2026/03/10-07:49:30-GMT  BuildTime: Aug  4 2022 06:17:15  BuildStamp: freesurfer-linux-ubuntu22_x86_64-7.3.2-20220804-6354275  User: oesteban  Machine: dna076  Platform: Linux  PlatformVersion: 5.14.0-427.37.1.el9_4.x86_64  CompilerName: GCC  CompilerVersion: 8.4.0
ProgramName: mri_annotation2label  ProgramArguments: mri_annotation2label -all-info  ProgramVersion: 7.3.2  TimeStamp: 2026/03/10-07:49:30-GMT  BuildTime: Aug  4 2022 06:17:15  BuildStamp: freesurfer-linux-ubuntu22_x86_64-7.3.2-20220804-6354275  User: oesteban  Machine: dna076  Platform: Linux  PlatformVersion: 5.14.0-427.37.1.el9_4.x86_64  CompilerName: GCC  CompilerVersion: 8.4.0
ProgramName: mri_aparc2aseg  ProgramArguments: mri_aparc2aseg -all-info  ProgramVersion: 7.3.2  TimeStamp: 2026/03/10-07:49:30-GMT  BuildTime: Aug  4 2022 06:17:15  BuildStamp: freesurfer-linux-ubuntu22_x86_64-7.3.2-20220804-6354275  User: oesteban  Machine: dna076  Platform: Linux  PlatformVersion: 5.14.0-427.37.1.el9_4.x86_64  CompilerName: GCC  CompilerVersion: 8.4.0
ProgramName: mri_surf2volseg  ProgramArguments: mri_surf2volseg -all-info  ProgramVersion: 7.3.2  TimeStamp: 2026/03/10-07:49:30-GMT  BuildTime: Aug  4 2022 06:17:15  BuildStamp: freesurfer-linux-ubuntu22_x86_64-7.3.2-20220804-6354275  User: oesteban  Machine: dna076  Platform: Linux  PlatformVersion: 5.14.0-427.37.1.el9_4.x86_64  CompilerName: GCC  CompilerVersion: 8.4.0
ProgramName: mri_binarize  ProgramArguments: mri_binarize -all-info  ProgramVersion: 7.3.2  TimeStamp: 2026/03/10-07:49:30-GMT  BuildTime: Aug  4 2022 06:17:15  BuildStamp: freesurfer-linux-ubuntu22_x86_64-7.3.2-20220804-6354275  User: oesteban  Machine: dna076  Platform: Linux  PlatformVersion: 5.14.0-427.37.1.el9_4.x86_64  CompilerName: GCC  CompilerVersion: 8.4.0
ProgramName: mri_ca_label  ProgramArguments: mri_ca_label -all-info  ProgramVersion: 7.3.2  TimeStamp: 2026/03/10-07:49:30-GMT  BuildTime: Aug  4 2022 06:17:15  BuildStamp: freesurfer-linux-ubuntu22_x86_64-7.3.2-20220804-6354275  User: oesteban  Machine: dna076  Platform: Linux  PlatformVersion: 5.14.0-427.37.1.el9_4.x86_64  CompilerName: GCC  CompilerVersion: 8.4.0
ProgramName: mri_ca_normalize  ProgramArguments: mri_ca_normalize -all-info  ProgramVersion: 7.3.2  TimeStamp: 2026/03/10-07:49:30-GMT  BuildTime: Aug  4 2022 06:17:15  BuildStamp: freesurfer-linux-ubuntu22_x86_64-7.3.2-20220804-6354275  User: oesteban  Machine: dna076  Platform: Linux  PlatformVersion: 5.14.0-427.37.1.el9_4.x86_64  CompilerName: GCC  CompilerVersion: 8.4.0
ProgramName: mri_ca_register  ProgramArguments: mri_ca_register -all-info  ProgramVersion: 7.3.2  TimeStamp: 2026/03/10-07:49:30-GMT  BuildTime: Aug  4 2022 06:17:15  BuildStamp: freesurfer-linux-ubuntu22_x86_64-7.3.2-20220804-6354275  User: oesteban  Machine: dna076  Platform: Linux  PlatformVersion: 5.14.0-427.37.1.el9_4.x86_64  CompilerName: GCC  CompilerVersion: 8.4.0
ProgramName: mri_cc  ProgramArguments: mri_cc -all-info  ProgramVersion: 7.3.2  TimeStamp: 2026/03/10-07:49:30-GMT  BuildTime: Aug  4 2022 06:17:15  BuildStamp: freesurfer-linux-ubuntu22_x86_64-7.3.2-20220804-6354275  User: oesteban  Machine: dna076  Platform: Linux  PlatformVersion: 5.14.0-427.37.1.el9_4.x86_64  CompilerName: GCC  CompilerVersion: 8.4.0
ProgramName: mri_compute_overlap  ProgramArguments: mri_compute_overlap -all-info  ProgramVersion: 7.3.2  TimeStamp: 2026/03/10-07:49:30-GMT  BuildTime: Aug  4 2022 06:17:15  BuildStamp: freesurfer-linux-ubuntu22_x86_64-7.3.2-20220804-6354275  User: oesteban  Machine: dna076  Platform: Linux  PlatformVersion: 5.14.0-427.37.1.el9_4.x86_64  CompilerName: GCC  CompilerVersion: 8.4.0
ProgramName: mri_compute_seg_overlap  ProgramArguments: mri_compute_seg_overlap -all-info  ProgramVersion: 7.3.2  TimeStamp: 2026/03/10-07:49:30-GMT  BuildTime: Aug  4 2022 06:17:15  BuildStamp: freesurfer-linux-ubuntu22_x86_64-7.3.2-20220804-6354275  User: oesteban  Machine: dna076  Platform: Linux  PlatformVersion: 5.14.0-427.37.1.el9_4.x86_64  CompilerName: GCC  CompilerVersion: 8.4.0
ProgramName: mri_concat  ProgramArguments: mri_concat -all-info  ProgramVersion: 7.3.2  TimeStamp: 2026/03/10-07:49:30-GMT  BuildTime: Aug  4 2022 06:17:15  BuildStamp: freesurfer-linux-ubuntu22_x86_64-7.3.2-20220804-6354275  User: oesteban  Machine: dna076  Platform: Linux  PlatformVersion: 5.14.0-427.37.1.el9_4.x86_64  CompilerName: GCC  CompilerVersion: 8.4.0
ProgramName: mri_concatenate_lta  ProgramArguments: mri_concatenate_lta -all-info  ProgramVersion: 7.3.2  TimeStamp: 2026/03/10-07:49:30-GMT  BuildTime: Aug  4 2022 06:17:15  BuildStamp: freesurfer-linux-ubuntu22_x86_64-7.3.2-20220804-6354275  User: oesteban  Machine: dna076  Platform: Linux  PlatformVersion: 5.14.0-427.37.1.el9_4.x86_64  CompilerName: GCC  CompilerVersion: 8.4.0
mri_convert -all-info 
ProgramName: mri_convert  ProgramArguments: mri_convert -all-info  ProgramVersion: 7.3.2  TimeStamp: 2026/03/10-07:49:30-GMT  BuildTime: Aug  4 2022 06:17:15  BuildStamp: freesurfer-linux-ubuntu22_x86_64-7.3.2-20220804-6354275  User: oesteban  Machine: dna076  Platform: Linux  PlatformVersion: 5.14.0-427.37.1.el9_4.x86_64  CompilerName: GCC  CompilerVersion: 8.4.0
ProgramName: mri_diff  ProgramArguments: mri_diff -all-info  ProgramVersion: 7.3.2  TimeStamp: 2026/03/10-07:49:30-GMT  BuildTime: Aug  4 2022 06:17:15  BuildStamp: freesurfer-linux-ubuntu22_x86_64-7.3.2-20220804-6354275  User: oesteban  Machine: dna076  Platform: Linux  PlatformVersion: 5.14.0-427.37.1.el9_4.x86_64  CompilerName: GCC  CompilerVersion: 8.4.0
ProgramName: mri_edit_wm_with_aseg  ProgramArguments: mri_edit_wm_with_aseg -all-info  ProgramVersion: 7.3.2  TimeStamp: 2026/03/10-07:49:30-GMT  BuildTime: Aug  4 2022 06:17:15  BuildStamp: freesurfer-linux-ubuntu22_x86_64-7.3.2-20220804-6354275  User: oesteban  Machine: dna076  Platform: Linux  PlatformVersion: 5.14.0-427.37.1.el9_4.x86_64  CompilerName: GCC  CompilerVersion: 8.4.0
ProgramName: mri_em_register  ProgramArguments: mri_em_register -all-info  ProgramVersion: 7.3.2  TimeStamp: 2026/03/10-07:49:30-GMT  BuildTime: Aug  4 2022 06:17:15  BuildStamp: freesurfer-linux-ubuntu22_x86_64-7.3.2-20220804-6354275  User: oesteban  Machine: dna076  Platform: Linux  PlatformVersion: 5.14.0-427.37.1.el9_4.x86_64  CompilerName: GCC  CompilerVersion: 8.4.0
ProgramName: mri_fill  ProgramArguments: mri_fill -all-info  ProgramVersion: 7.3.2  TimeStamp: 2026/03/10-07:49:30-GMT  BuildTime: Aug  4 2022 06:17:15  BuildStamp: freesurfer-linux-ubuntu22_x86_64-7.3.2-20220804-6354275  User: oesteban  Machine: dna076  Platform: Linux  PlatformVersion: 5.14.0-427.37.1.el9_4.x86_64  CompilerName: GCC  CompilerVersion: 8.4.0
ProgramName: mri_fuse_segmentations  ProgramArguments: mri_fuse_segmentations -all-info  ProgramVersion: 7.3.2  TimeStamp: 2026/03/10-07:49:30-GMT  BuildTime: Aug  4 2022 06:17:15  BuildStamp: freesurfer-linux-ubuntu22_x86_64-7.3.2-20220804-6354275  User: oesteban  Machine: dna076  Platform: Linux  PlatformVersion: 5.14.0-427.37.1.el9_4.x86_64  CompilerName: GCC  CompilerVersion: 8.4.0
ProgramName: mri_fwhm  ProgramArguments: mri_fwhm -all-info  ProgramVersion: 7.3.2  TimeStamp: 2026/03/10-07:49:30-GMT  BuildTime: Aug  4 2022 06:17:15  BuildStamp: freesurfer-linux-ubuntu22_x86_64-7.3.2-20220804-6354275  User: oesteban  Machine: dna076  Platform: Linux  PlatformVersion: 5.14.0-427.37.1.el9_4.x86_64  CompilerName: GCC  CompilerVersion: 8.4.0
ProgramName: mri_gcut  ProgramArguments: mri_gcut -all-info  ProgramVersion: 7.3.2  TimeStamp: 2026/03/10-07:49:30-GMT  BuildTime: Aug  4 2022 06:17:15  BuildStamp: freesurfer-linux-ubuntu22_x86_64-7.3.2-20220804-6354275  User: oesteban  Machine: dna076  Platform: Linux  PlatformVersion: 5.14.0-427.37.1.el9_4.x86_64  CompilerName: GCC  CompilerVersion: 8.4.0
ProgramName: mri_info  ProgramArguments: mri_info -all-info  ProgramVersion: 7.3.2  TimeStamp: 2026/03/10-07:49:30-GMT  BuildTime: Aug  4 2022 06:17:15  BuildStamp: freesurfer-linux-ubuntu22_x86_64-7.3.2-20220804-6354275  User: oesteban  Machine: dna076  Platform: Linux  PlatformVersion: 5.14.0-427.37.1.el9_4.x86_64  CompilerName: GCC  CompilerVersion: 8.4.0
ProgramName: mri_label2label  ProgramArguments: mri_label2label -all-info  ProgramVersion: 7.3.2  TimeStamp: 2026/03/10-07:49:30-GMT  BuildTime: Aug  4 2022 06:17:15  BuildStamp: freesurfer-linux-ubuntu22_x86_64-7.3.2-20220804-6354275  User: oesteban  Machine: dna076  Platform: Linux  PlatformVersion: 5.14.0-427.37.1.el9_4.x86_64  CompilerName: GCC  CompilerVersion: 8.4.0
ProgramName: mri_label2vol  ProgramArguments: mri_label2vol -all-info  ProgramVersion: 7.3.2  TimeStamp: 2026/03/10-07:49:30-GMT  BuildTime: Aug  4 2022 06:17:15  BuildStamp: freesurfer-linux-ubuntu22_x86_64-7.3.2-20220804-6354275  User: oesteban  Machine: dna076  Platform: Linux  PlatformVersion: 5.14.0-427.37.1.el9_4.x86_64  CompilerName: GCC  CompilerVersion: 8.4.0
ProgramName: mri_log_likelihood  ProgramArguments: mri_log_likelihood -all-info  ProgramVersion: 7.3.2  TimeStamp: 2026/03/10-07:49:30-GMT  BuildTime: Aug  4 2022 06:17:15  BuildStamp: freesurfer-linux-ubuntu22_x86_64-7.3.2-20220804-6354275  User: oesteban  Machine: dna076  Platform: Linux  PlatformVersion: 5.14.0-427.37.1.el9_4.x86_64  CompilerName: GCC  CompilerVersion: 8.4.0
ProgramName: mri_mask  ProgramArguments: mri_mask -all-info  ProgramVersion: 7.3.2  TimeStamp: 2026/03/10-07:49:30-GMT  BuildTime: Aug  4 2022 06:17:15  BuildStamp: freesurfer-linux-ubuntu22_x86_64-7.3.2-20220804-6354275  User: oesteban  Machine: dna076  Platform: Linux  PlatformVersion: 5.14.0-427.37.1.el9_4.x86_64  CompilerName: GCC  CompilerVersion: 8.4.0
ProgramName: mri_matrix_multiply  ProgramArguments: mri_matrix_multiply -all-info  ProgramVersion: 7.3.2  TimeStamp: 2026/03/10-07:49:30-GMT  BuildTime: Aug  4 2022 06:17:15  BuildStamp: freesurfer-linux-ubuntu22_x86_64-7.3.2-20220804-6354275  User: oesteban  Machine: dna076  Platform: Linux  PlatformVersion: 5.14.0-427.37.1.el9_4.x86_64  CompilerName: GCC  CompilerVersion: 8.4.0
ProgramName: mri_normalize  ProgramArguments: mri_normalize -all-info  ProgramVersion: 7.3.2  TimeStamp: 2026/03/10-07:49:30-GMT  BuildTime: Aug  4 2022 06:17:15  BuildStamp: freesurfer-linux-ubuntu22_x86_64-7.3.2-20220804-6354275  User: oesteban  Machine: dna076  Platform: Linux  PlatformVersion: 5.14.0-427.37.1.el9_4.x86_64  CompilerName: GCC  CompilerVersion: 8.4.0
ProgramName: mri_normalize_tp2  ProgramArguments: mri_normalize_tp2 -all-info  ProgramVersion: 7.3.2  TimeStamp: 2026/03/10-07:49:30-GMT  BuildTime: Aug  4 2022 06:17:15  BuildStamp: freesurfer-linux-ubuntu22_x86_64-7.3.2-20220804-6354275  User: oesteban  Machine: dna076  Platform: Linux  PlatformVersion: 5.14.0-427.37.1.el9_4.x86_64  CompilerName: GCC  CompilerVersion: 8.4.0
ProgramName: mri_or  ProgramArguments: mri_or -all-info  ProgramVersion: 7.3.2  TimeStamp: 2026/03/10-07:49:30-GMT  BuildTime: Aug  4 2022 06:17:15  BuildStamp: freesurfer-linux-ubuntu22_x86_64-7.3.2-20220804-6354275  User: oesteban  Machine: dna076  Platform: Linux  PlatformVersion: 5.14.0-427.37.1.el9_4.x86_64  CompilerName: GCC  CompilerVersion: 8.4.0
ProgramName: mri_relabel_hypointensities  ProgramArguments: mri_relabel_hypointensities -all-info  ProgramVersion: 7.3.2  TimeStamp: 2026/03/10-07:49:30-GMT  BuildTime: Aug  4 2022 06:17:15  BuildStamp: freesurfer-linux-ubuntu22_x86_64-7.3.2-20220804-6354275  User: oesteban  Machine: dna076  Platform: Linux  PlatformVersion: 5.14.0-427.37.1.el9_4.x86_64  CompilerName: GCC  CompilerVersion: 8.4.0
ProgramName: mri_relabel_nonwm_hypos  ProgramArguments: mri_relabel_nonwm_hypos -all-info  ProgramVersion: 7.3.2  TimeStamp: 2026/03/10-07:49:30-GMT  BuildTime: Aug  4 2022 06:17:15  BuildStamp: freesurfer-linux-ubuntu22_x86_64-7.3.2-20220804-6354275  User: oesteban  Machine: dna076  Platform: Linux  PlatformVersion: 5.14.0-427.37.1.el9_4.x86_64  CompilerName: GCC  CompilerVersion: 8.4.0
ProgramName: mri_remove_neck  ProgramArguments: mri_remove_neck -all-info  ProgramVersion: 7.3.2  TimeStamp: 2026/03/10-07:49:30-GMT  BuildTime: Aug  4 2022 06:17:15  BuildStamp: freesurfer-linux-ubuntu22_x86_64-7.3.2-20220804-6354275  User: oesteban  Machine: dna076  Platform: Linux  PlatformVersion: 5.14.0-427.37.1.el9_4.x86_64  CompilerName: GCC  CompilerVersion: 8.4.0
7.3.2

ProgramName: mri_robust_register  ProgramArguments: mri_robust_register -all-info  ProgramVersion: 7.3.2  TimeStamp: 2026/03/10-07:49:30-GMT  BuildTime: Aug  4 2022 06:17:15  BuildStamp: freesurfer-linux-ubuntu22_x86_64-7.3.2-20220804-6354275  User: oesteban  Machine: dna076  Platform: Linux  PlatformVersion: 5.14.0-427.37.1.el9_4.x86_64  CompilerName: GCC  CompilerVersion: 8.4.0
7.3.2

ProgramName: mri_robust_template  ProgramArguments: mri_robust_template -all-info  ProgramVersion: 7.3.2  TimeStamp: 2026/03/10-07:49:30-GMT  BuildTime: Aug  4 2022 06:17:15  BuildStamp: freesurfer-linux-ubuntu22_x86_64-7.3.2-20220804-6354275  User: oesteban  Machine: dna076  Platform: Linux  PlatformVersion: 5.14.0-427.37.1.el9_4.x86_64  CompilerName: GCC  CompilerVersion: 8.4.0
ProgramName: mris_anatomical_stats  ProgramArguments: mris_anatomical_stats -all-info  ProgramVersion: 7.3.2  TimeStamp: 2026/03/10-07:49:30-GMT  BuildTime: Aug  4 2022 06:17:15  BuildStamp: freesurfer-linux-ubuntu22_x86_64-7.3.2-20220804-6354275  User: oesteban  Machine: dna076  Platform: Linux  PlatformVersion: 5.14.0-427.37.1.el9_4.x86_64  CompilerName: GCC  CompilerVersion: 8.4.0
ProgramName: mris_ca_label  ProgramArguments: mris_ca_label -all-info  ProgramVersion: 7.3.2  TimeStamp: 2026/03/10-07:49:30-GMT  BuildTime: Aug  4 2022 06:17:15  BuildStamp: freesurfer-linux-ubuntu22_x86_64-7.3.2-20220804-6354275  User: oesteban  Machine: dna076  Platform: Linux  PlatformVersion: 5.14.0-427.37.1.el9_4.x86_64  CompilerName: GCC  CompilerVersion: 8.4.0
ProgramName: mris_calc  ProgramArguments: mris_calc -all-info  ProgramVersion: 7.3.2  TimeStamp: 2026/03/10-07:49:30-GMT  BuildTime: Aug  4 2022 06:17:15  BuildStamp: freesurfer-linux-ubuntu22_x86_64-7.3.2-20220804-6354275  User: oesteban  Machine: dna076  Platform: Linux  PlatformVersion: 5.14.0-427.37.1.el9_4.x86_64  CompilerName: GCC  CompilerVersion: 8.4.0
ProgramName: mris_convert  ProgramArguments: mris_convert -all-info  ProgramVersion: 7.3.2  TimeStamp: 2026/03/10-07:49:30-GMT  BuildTime: Aug  4 2022 06:17:15  BuildStamp: freesurfer-linux-ubuntu22_x86_64-7.3.2-20220804-6354275  User: oesteban  Machine: dna076  Platform: Linux  PlatformVersion: 5.14.0-427.37.1.el9_4.x86_64  CompilerName: GCC  CompilerVersion: 8.4.0
ProgramName: mris_curvature  ProgramArguments: mris_curvature -all-info  ProgramVersion: 7.3.2  TimeStamp: 2026/03/10-07:49:30-GMT  BuildTime: Aug  4 2022 06:17:15  BuildStamp: freesurfer-linux-ubuntu22_x86_64-7.3.2-20220804-6354275  User: oesteban  Machine: dna076  Platform: Linux  PlatformVersion: 5.14.0-427.37.1.el9_4.x86_64  CompilerName: GCC  CompilerVersion: 8.4.0
ProgramName: mris_curvature_stats  ProgramArguments: mris_curvature_stats -all-info  ProgramVersion: 7.3.2  TimeStamp: 2026/03/10-07:49:30-GMT  BuildTime: Aug  4 2022 06:17:15  BuildStamp: freesurfer-linux-ubuntu22_x86_64-7.3.2-20220804-6354275  User: oesteban  Machine: dna076  Platform: Linux  PlatformVersion: 5.14.0-427.37.1.el9_4.x86_64  CompilerName: GCC  CompilerVersion: 8.4.0
ProgramName: mris_diff  ProgramArguments: mris_diff -all-info  ProgramVersion: 7.3.2  TimeStamp: 2026/03/10-07:49:30-GMT  BuildTime: Aug  4 2022 06:17:15  BuildStamp: freesurfer-linux-ubuntu22_x86_64-7.3.2-20220804-6354275  User: oesteban  Machine: dna076  Platform: Linux  PlatformVersion: 5.14.0-427.37.1.el9_4.x86_64  CompilerName: GCC  CompilerVersion: 8.4.0
ProgramName: mris_divide_parcellation  ProgramArguments: mris_divide_parcellation -all-info  ProgramVersion: 7.3.2  TimeStamp: 2026/03/10-07:49:30-GMT  BuildTime: Aug  4 2022 06:17:15  BuildStamp: freesurfer-linux-ubuntu22_x86_64-7.3.2-20220804-6354275  User: oesteban  Machine: dna076  Platform: Linux  PlatformVersion: 5.14.0-427.37.1.el9_4.x86_64  CompilerName: GCC  CompilerVersion: 8.4.0
ProgramName: mri_segment  ProgramArguments: mri_segment -all-info  ProgramVersion: 7.3.2  TimeStamp: 2026/03/10-07:49:30-GMT  BuildTime: Aug  4 2022 06:17:15  BuildStamp: freesurfer-linux-ubuntu22_x86_64-7.3.2-20220804-6354275  User: oesteban  Machine: dna076  Platform: Linux  PlatformVersion: 5.14.0-427.37.1.el9_4.x86_64  CompilerName: GCC  CompilerVersion: 8.4.0
ProgramName: mri_segstats  ProgramArguments: mri_segstats -all-info  ProgramVersion: 7.3.2  TimeStamp: 2026/03/10-07:49:30-GMT  BuildTime: Aug  4 2022 06:17:15  BuildStamp: freesurfer-linux-ubuntu22_x86_64-7.3.2-20220804-6354275  User: oesteban  Machine: dna076  Platform: Linux  PlatformVersion: 5.14.0-427.37.1.el9_4.x86_64  CompilerName: GCC  CompilerVersion: 8.4.0
ProgramName: mris_euler_number  ProgramArguments: mris_euler_number -all-info  ProgramVersion: 7.3.2  TimeStamp: 2026/03/10-07:49:30-GMT  BuildTime: Aug  4 2022 06:17:15  BuildStamp: freesurfer-linux-ubuntu22_x86_64-7.3.2-20220804-6354275  User: oesteban  Machine: dna076  Platform: Linux  PlatformVersion: 5.14.0-427.37.1.el9_4.x86_64  CompilerName: GCC  CompilerVersion: 8.4.0
ProgramName: mris_fix_topology  ProgramArguments: mris_fix_topology -all-info  ProgramVersion: 7.3.2  TimeStamp: 2026/03/10-07:49:30-GMT  BuildTime: Aug  4 2022 06:17:15  BuildStamp: freesurfer-linux-ubuntu22_x86_64-7.3.2-20220804-6354275  User: oesteban  Machine: dna076  Platform: Linux  PlatformVersion: 5.14.0-427.37.1.el9_4.x86_64  CompilerName: GCC  CompilerVersion: 8.4.0
ProgramName: mris_topo_fixer  ProgramArguments: mris_topo_fixer -all-info  ProgramVersion: 7.3.2  TimeStamp: 2026/03/10-07:49:30-GMT  BuildTime: Aug  4 2022 06:17:15  BuildStamp: freesurfer-linux-ubuntu22_x86_64-7.3.2-20220804-6354275  User: oesteban  Machine: dna076  Platform: Linux  PlatformVersion: 5.14.0-427.37.1.el9_4.x86_64  CompilerName: GCC  CompilerVersion: 8.4.0
ProgramName: mris_jacobian  ProgramArguments: mris_jacobian -all-info  ProgramVersion: 7.3.2  TimeStamp: 2026/03/10-07:49:30-GMT  BuildTime: Aug  4 2022 06:17:15  BuildStamp: freesurfer-linux-ubuntu22_x86_64-7.3.2-20220804-6354275  User: oesteban  Machine: dna076  Platform: Linux  PlatformVersion: 5.14.0-427.37.1.el9_4.x86_64  CompilerName: GCC  CompilerVersion: 8.4.0
ProgramName: mris_label2annot  ProgramArguments: mris_label2annot -all-info  ProgramVersion: 7.3.2  TimeStamp: 2026/03/10-07:49:30-GMT  BuildTime: Aug  4 2022 06:17:15  BuildStamp: freesurfer-linux-ubuntu22_x86_64-7.3.2-20220804-6354275  User: oesteban  Machine: dna076  Platform: Linux  PlatformVersion: 5.14.0-427.37.1.el9_4.x86_64  CompilerName: GCC  CompilerVersion: 8.4.0
ProgramName: mris_left_right_register  ProgramArguments: mris_left_right_register -all-info  ProgramVersion: 7.3.2  TimeStamp: 2026/03/10-07:49:30-GMT  BuildTime: Aug  4 2022 06:17:15  BuildStamp: freesurfer-linux-ubuntu22_x86_64-7.3.2-20220804-6354275  User: oesteban  Machine: dna076  Platform: Linux  PlatformVersion: 5.14.0-427.37.1.el9_4.x86_64  CompilerName: GCC  CompilerVersion: 8.4.0
ProgramName: mris_place_surface  ProgramArguments: mris_place_surface -all-info  ProgramVersion: 7.3.2  TimeStamp: 2026/03/10-07:49:30-GMT  BuildTime: Aug  4 2022 06:17:15  BuildStamp: freesurfer-linux-ubuntu22_x86_64-7.3.2-20220804-6354275  User: oesteban  Machine: dna076  Platform: Linux  PlatformVersion: 5.14.0-427.37.1.el9_4.x86_64  CompilerName: GCC  CompilerVersion: 8.4.0
ProgramName: mrisp_paint  ProgramArguments: mrisp_paint -all-info  ProgramVersion: 7.3.2  TimeStamp: 2026/03/10-07:49:30-GMT  BuildTime: Aug  4 2022 06:17:15  BuildStamp: freesurfer-linux-ubuntu22_x86_64-7.3.2-20220804-6354275  User: oesteban  Machine: dna076  Platform: Linux  PlatformVersion: 5.14.0-427.37.1.el9_4.x86_64  CompilerName: GCC  CompilerVersion: 8.4.0
ProgramName: mris_register  ProgramArguments: mris_register -all-info  ProgramVersion: 7.3.2  TimeStamp: 2026/03/10-07:49:30-GMT  BuildTime: Aug  4 2022 06:17:15  BuildStamp: freesurfer-linux-ubuntu22_x86_64-7.3.2-20220804-6354275  User: oesteban  Machine: dna076  Platform: Linux  PlatformVersion: 5.14.0-427.37.1.el9_4.x86_64  CompilerName: GCC  CompilerVersion: 8.4.0
ProgramName: mris_smooth  ProgramArguments: mris_smooth -all-info  ProgramVersion: 7.3.2  TimeStamp: 2026/03/10-07:49:30-GMT  BuildTime: Aug  4 2022 06:17:15  BuildStamp: freesurfer-linux-ubuntu22_x86_64-7.3.2-20220804-6354275  User: oesteban  Machine: dna076  Platform: Linux  PlatformVersion: 5.14.0-427.37.1.el9_4.x86_64  CompilerName: GCC  CompilerVersion: 8.4.0
ProgramName: mris_sphere  ProgramArguments: mris_sphere -all-info  ProgramVersion: 7.3.2  TimeStamp: 2026/03/10-07:49:30-GMT  BuildTime: Aug  4 2022 06:17:15  BuildStamp: freesurfer-linux-ubuntu22_x86_64-7.3.2-20220804-6354275  User: oesteban  Machine: dna076  Platform: Linux  PlatformVersion: 5.14.0-427.37.1.el9_4.x86_64  CompilerName: GCC  CompilerVersion: 8.4.0
ProgramName: mris_surface_stats  ProgramArguments: mris_surface_stats -all-info  ProgramVersion: 7.3.2  TimeStamp: 2026/03/10-07:49:30-GMT  BuildTime: Aug  4 2022 06:17:15  BuildStamp: freesurfer-linux-ubuntu22_x86_64-7.3.2-20220804-6354275  User: oesteban  Machine: dna076  Platform: Linux  PlatformVersion: 5.14.0-427.37.1.el9_4.x86_64  CompilerName: GCC  CompilerVersion: 8.4.0
ProgramName: mri_stats2seg  ProgramArguments: mri_stats2seg -all-info  ProgramVersion: 7.3.2  TimeStamp: 2026/03/10-07:49:30-GMT  BuildTime: Aug  4 2022 06:17:15  BuildStamp: freesurfer-linux-ubuntu22_x86_64-7.3.2-20220804-6354275  User: oesteban  Machine: dna076  Platform: Linux  PlatformVersion: 5.14.0-427.37.1.el9_4.x86_64  CompilerName: GCC  CompilerVersion: 8.4.0
ProgramName: mris_thickness  ProgramArguments: mris_thickness -all-info  ProgramVersion: 7.3.2  TimeStamp: 2026/03/10-07:49:30-GMT  BuildTime: Aug  4 2022 06:17:15  BuildStamp: freesurfer-linux-ubuntu22_x86_64-7.3.2-20220804-6354275  User: oesteban  Machine: dna076  Platform: Linux  PlatformVersion: 5.14.0-427.37.1.el9_4.x86_64  CompilerName: GCC  CompilerVersion: 8.4.0
ProgramName: mris_thickness_diff  ProgramArguments: mris_thickness_diff -all-info  ProgramVersion: 7.3.2  TimeStamp: 2026/03/10-07:49:30-GMT  BuildTime: Aug  4 2022 06:17:15  BuildStamp: freesurfer-linux-ubuntu22_x86_64-7.3.2-20220804-6354275  User: oesteban  Machine: dna076  Platform: Linux  PlatformVersion: 5.14.0-427.37.1.el9_4.x86_64  CompilerName: GCC  CompilerVersion: 8.4.0
ProgramName: mris_topo_fixer  ProgramArguments: mris_topo_fixer -all-info  ProgramVersion: 7.3.2  TimeStamp: 2026/03/10-07:49:30-GMT  BuildTime: Aug  4 2022 06:17:15  BuildStamp: freesurfer-linux-ubuntu22_x86_64-7.3.2-20220804-6354275  User: oesteban  Machine: dna076  Platform: Linux  PlatformVersion: 5.14.0-427.37.1.el9_4.x86_64  CompilerName: GCC  CompilerVersion: 8.4.0
ProgramName: mri_surf2surf  ProgramArguments: mri_surf2surf -all-info  ProgramVersion: 7.3.2  TimeStamp: 2026/03/10-07:49:30-GMT  BuildTime: Aug  4 2022 06:17:15  BuildStamp: freesurfer-linux-ubuntu22_x86_64-7.3.2-20220804-6354275  User: oesteban  Machine: dna076  Platform: Linux  PlatformVersion: 5.14.0-427.37.1.el9_4.x86_64  CompilerName: GCC  CompilerVersion: 8.4.0
ProgramName: mri_surf2vol  ProgramArguments: mri_surf2vol -all-info  ProgramVersion: 7.3.2  TimeStamp: 2026/03/10-07:49:30-GMT  BuildTime: Aug  4 2022 06:17:15  BuildStamp: freesurfer-linux-ubuntu22_x86_64-7.3.2-20220804-6354275  User: oesteban  Machine: dna076  Platform: Linux  PlatformVersion: 5.14.0-427.37.1.el9_4.x86_64  CompilerName: GCC  CompilerVersion: 8.4.0
ProgramName: mri_surfcluster  ProgramArguments: mri_surfcluster -all-info  ProgramVersion: 7.3.2  TimeStamp: 2026/03/10-07:49:30-GMT  BuildTime: Aug  4 2022 06:17:15  BuildStamp: freesurfer-linux-ubuntu22_x86_64-7.3.2-20220804-6354275  User: oesteban  Machine: dna076  Platform: Linux  PlatformVersion: 5.14.0-427.37.1.el9_4.x86_64  CompilerName: GCC  CompilerVersion: 8.4.0
ProgramName: mris_volmask  ProgramArguments: mris_volmask -all-info  ProgramVersion: 7.3.2  TimeStamp: 2026/03/10-07:49:30-GMT  BuildTime: Aug  4 2022 06:17:15  BuildStamp: freesurfer-linux-ubuntu22_x86_64-7.3.2-20220804-6354275  User: oesteban  Machine: dna076  Platform: Linux  PlatformVersion: 5.14.0-427.37.1.el9_4.x86_64  CompilerName: GCC  CompilerVersion: 8.4.0
ProgramName: mri_tessellate  ProgramArguments: mri_tessellate -all-info  ProgramVersion: 7.3.2  TimeStamp: 2026/03/10-07:49:30-GMT  BuildTime: Aug  4 2022 06:17:15  BuildStamp: freesurfer-linux-ubuntu22_x86_64-7.3.2-20220804-6354275  User: oesteban  Machine: dna076  Platform: Linux  PlatformVersion: 5.14.0-427.37.1.el9_4.x86_64  CompilerName: GCC  CompilerVersion: 8.4.0
ProgramName: mri_vol2surf  ProgramArguments: mri_vol2surf -all-info  ProgramVersion: 7.3.2  TimeStamp: 2026/03/10-07:49:30-GMT  BuildTime: Aug  4 2022 06:17:15  BuildStamp: freesurfer-linux-ubuntu22_x86_64-7.3.2-20220804-6354275  User: oesteban  Machine: dna076  Platform: Linux  PlatformVersion: 5.14.0-427.37.1.el9_4.x86_64  CompilerName: GCC  CompilerVersion: 8.4.0
ProgramName: mri_vol2vol  ProgramArguments: mri_vol2vol -all-info  ProgramVersion: 7.3.2  TimeStamp: 2026/03/10-07:49:30-GMT  BuildTime: Aug  4 2022 06:17:15  BuildStamp: freesurfer-linux-ubuntu22_x86_64-7.3.2-20220804-6354275  User: oesteban  Machine: dna076  Platform: Linux  PlatformVersion: 5.14.0-427.37.1.el9_4.x86_64  CompilerName: GCC  CompilerVersion: 8.4.0
ProgramName: mri_voldiff  ProgramArguments: mri_voldiff -all-info  ProgramVersion: 7.3.2  TimeStamp: 2026/03/10-07:49:30-GMT  BuildTime: Aug  4 2022 06:17:15  BuildStamp: freesurfer-linux-ubuntu22_x86_64-7.3.2-20220804-6354275  User: oesteban  Machine: dna076  Platform: Linux  PlatformVersion: 5.14.0-427.37.1.el9_4.x86_64  CompilerName: GCC  CompilerVersion: 8.4.0
ProgramName: mri_watershed  ProgramArguments: mri_watershed -all-info  ProgramVersion: 7.3.2  TimeStamp: 2026/03/10-07:49:30-GMT  BuildTime: Aug  4 2022 06:17:15  BuildStamp: freesurfer-linux-ubuntu22_x86_64-7.3.2-20220804-6354275  User: oesteban  Machine: dna076  Platform: Linux  PlatformVersion: 5.14.0-427.37.1.el9_4.x86_64  CompilerName: GCC  CompilerVersion: 8.4.0
ProgramName: tkregister2  ProgramArguments: tkregister2_cmdl -all-info  ProgramVersion: 7.3.2  TimeStamp: 2026/03/10-07:49:30-GMT  BuildTime: Aug  4 2022 06:17:15  BuildStamp: freesurfer-linux-ubuntu22_x86_64-7.3.2-20220804-6354275  User: oesteban  Machine: dna076  Platform: Linux  PlatformVersion: 5.14.0-427.37.1.el9_4.x86_64  CompilerName: GCC  CompilerVersion: 8.4.0
mri_motion_correct.fsl 7.3.2
mri_convert -all-info 
ProgramName: mri_convert  ProgramArguments: mri_convert -all-info  ProgramVersion: 7.3.2  TimeStamp: 2026/03/10-07:49:30-GMT  BuildTime: Aug  4 2022 06:17:15  BuildStamp: freesurfer-linux-ubuntu22_x86_64-7.3.2-20220804-6354275  User: oesteban  Machine: dna076  Platform: Linux  PlatformVersion: 5.14.0-427.37.1.el9_4.x86_64  CompilerName: GCC  CompilerVersion: 8.4.0
Program nu_correct, built from:
Package MNI N3, version 1.12.0, compiled by nicks@terrier (x86_64-unknown-linux-gnu) on 2015-06-19 at 01:25:34
#######################################
GCADIR /opt/freesurfer/average
GCA RB_all_2020-01-02.gca
GCASkull RB_all_withskull_2020_01_02.gca
AvgCurvTif folding.atlas.acfb40.noaparc.i12.2016-08-02.tif
GCSDIR /opt/freesurfer/average
GCS DKaparc.atlas.acfb40.noaparc.i12.2016-08-02.gcs
#######################################
#--------------------------------------------
#@# AutoDetGWStats lh Tue Mar 10 08:49:30 CET 2026
cd /out/sourcedata/freesurfer/sub-v1s8x0051335_ses-1/mri
mris_autodet_gwstats --o ../surf/autodet.gw.stats.lh.dat --i brain.finalsurfs.mgz --wm wm.mgz --surf ../surf/lh.orig.premesh
  Update not needed
#--------------------------------------------
#@# WhitePreAparc lh Tue Mar 10 08:49:30 CET 2026
cd /out/sourcedata/freesurfer/sub-v1s8x0051335_ses-1/mri
mris_place_surface --adgws-in ../surf/autodet.gw.stats.lh.dat --wm wm.mgz --threads 16 --invol brain.finalsurfs.mgz --lh --i ../surf/lh.orig --o ../surf/lh.white.preaparc --white --seg aseg.presurf.mgz --nsmooth 5
   Update not needed
#--------------------------------------------
#@# CortexLabel lh Tue Mar 10 08:49:30 CET 2026
cd /out/sourcedata/freesurfer/sub-v1s8x0051335_ses-1/mri
mri_label2label --label-cortex ../surf/lh.white.preaparc aseg.presurf.mgz 0 ../label/lh.cortex.label
   Update not needed
#--------------------------------------------
#@# CortexLabel+HipAmyg lh Tue Mar 10 08:49:30 CET 2026
cd /out/sourcedata/freesurfer/sub-v1s8x0051335_ses-1/mri
mri_label2label --label-cortex ../surf/lh.white.preaparc aseg.presurf.mgz 1 ../label/lh.cortex+hipamyg.label
   Update not needed
#@# white curv lh Tue Mar 10 08:49:30 CET 2026
cd /out/sourcedata/freesurfer/sub-v1s8x0051335_ses-1/mri
mris_place_surface --curv-map ../surf/lh.white 2 10 ../surf/lh.curv
   Update not needed
#@# white area lh Tue Mar 10 08:49:30 CET 2026
cd /out/sourcedata/freesurfer/sub-v1s8x0051335_ses-1/mri
mris_place_surface --area-map ../surf/lh.white ../surf/lh.area
   Update not needed
#@# pial curv lh Tue Mar 10 08:49:30 CET 2026
cd /out/sourcedata/freesurfer/sub-v1s8x0051335_ses-1/mri
mris_place_surface --curv-map ../surf/lh.pial 2 10 ../surf/lh.curv.pial
   Update not needed
#@# pial area lh Tue Mar 10 08:49:30 CET 2026
cd /out/sourcedata/freesurfer/sub-v1s8x0051335_ses-1/mri
mris_place_surface --area-map ../surf/lh.pial ../surf/lh.area.pial
   Update not needed
#@# thickness lh Tue Mar 10 08:49:30 CET 2026
cd /out/sourcedata/freesurfer/sub-v1s8x0051335_ses-1/mri
mris_place_surface --thickness ../surf/lh.white ../surf/lh.pial 20 5 ../surf/lh.thickness
   Update not needed
#@# area and vertex vol lh Tue Mar 10 08:49:30 CET 2026
cd /out/sourcedata/freesurfer/sub-v1s8x0051335_ses-1/mri
mris_place_surface --thickness ../surf/lh.white ../surf/lh.pial 20 5 ../surf/lh.thickness
   Update not needed
#-----------------------------------------
#@# Parcellation Stats lh Tue Mar 10 08:49:30 CET 2026
/out/sourcedata/freesurfer/sub-v1s8x0051335_ses-1/scripts

 mris_anatomical_stats -th3 -mgz -noglobal -cortex ../label/lh.cortex.label -f ../stats/lh.aparc.stats -b -a ../label/lh.aparc.annot -c ../label/aparc.annot.ctab sub-v1s8x0051335_ses-1 lh white 

computing statistics for each annotation in ../label/lh.aparc.annot.
reading volume /out/sourcedata/freesurfer/sub-v1s8x0051335_ses-1/mri/wm.mgz...
reading input surface /out/sourcedata/freesurfer/sub-v1s8x0051335_ses-1/surf/lh.white...
reading input pial surface /out/sourcedata/freesurfer/sub-v1s8x0051335_ses-1/surf/lh.pial...
reading input white surface /out/sourcedata/freesurfer/sub-v1s8x0051335_ses-1/surf/lh.white...
INFO: using TH3 volume calc
INFO: assuming MGZ format for volumes.
INFO: not computing global stats
INFO: using ../label/lh.cortex.label as mask to calc cortex NumVert, SurfArea and MeanThickness.
Using TH3 vertex volume calc
Total face volume 246160
Total vertex volume 245982 (mask=0)
Saving annotation colortable ../label/aparc.annot.ctab

table columns are:
    number of vertices
    total surface area (mm^2)
    total gray matter volume (mm^3)
    average cortical thickness +- standard deviation (mm)
    integrated rectified mean curvature
    integrated rectified Gaussian curvature
    folding index
    intrinsic curvature index
    structure name

 2345   1543   3803  2.591 0.470     0.092     0.017       12     1.6  bankssts
 1007    672   2031  2.552 0.879     0.116     0.018       10     0.8  caudalanteriorcingulate
 3896   2284   5708  2.356 0.848     0.123     0.040       61     7.0  caudalmiddlefrontal
 2354   1505   2849  1.869 0.587     0.131     0.031       26     3.3  cuneus
  671    435   1693  3.203 0.794     0.094     0.021        4     0.6  entorhinal
 5280   3240  10009  2.726 0.680     0.109     0.032       59     6.3  fusiform
 7498   4444  11922  2.513 0.584     0.108     0.024       71     7.6  inferiorparietal
 5564   3555  11839  2.789 0.789     0.111     0.031       68     6.8  inferiortemporal
 1657   1061   2834  2.413 0.784     0.107     0.025       17     1.4  isthmuscingulate
 9102   5559  11276  2.033 0.602     0.123     0.031       98    12.7  lateraloccipital
 4300   2780   8428  2.912 0.686     0.117     0.028       41     4.8  lateralorbitofrontal
 4559   2982   5958  1.947 0.647     0.120     0.032       53     6.3  lingual
 3085   2047   5946  2.662 0.872     0.141     0.041       57     5.9  medialorbitofrontal
 5398   3298  12360  3.010 0.741     0.108     0.027       54     6.0  middletemporal
 1034    655   1942  2.643 0.683     0.088     0.025        9     0.9  parahippocampal
 2373   1460   3394  2.207 0.705     0.116     0.027       19     2.9  paracentral
 2501   1498   4556  2.735 0.401     0.102     0.020       22     2.0  parsopercularis
  904    594   2395  3.151 0.647     0.120     0.026       11     1.0  parsorbitalis
 2138   1316   3829  2.666 0.540     0.104     0.020       19     1.7  parstriangularis
 1696   1288   1463  1.392 0.411     0.153     0.042       22     3.4  pericalcarine
 7292   4249  10271  2.217 0.678     0.098     0.022       55     6.7  postcentral
 1694   1165   3122  2.394 0.809     0.118     0.020       18     1.7  posteriorcingulate
 8666   5331  14299  2.578 0.684     0.109     0.027       63    10.1  precentral
 5458   3377  10020  2.741 0.577     0.110     0.026       51     5.4  precuneus
 1135    775   2970  3.203 0.921     0.116     0.028       13     1.3  rostralanteriorcingulate
 8476   5248  15497  2.658 0.540     0.112     0.025       83     8.6  rostralmiddlefrontal
13392   7921  25917  2.927 0.681     0.105     0.027      114    14.3  superiorfrontal
 7960   4546  12326  2.475 0.713     0.098     0.019       60     6.2  superiorparietal
 6994   3952  13826  3.151 0.742     0.089     0.023       53     6.3  superiortemporal
 6692   4069  11631  2.653 0.633     0.112     0.026       67     7.9  supramarginal
  347    236    951  3.193 0.494     0.144     0.032        5     0.4  frontalpole
  617    411   2613  3.948 0.604     0.114     0.037        7     0.8  temporalpole
  697    401   1069  2.427 0.387     0.108     0.025        7     0.6  transversetemporal
 3598   2419   7235  2.984 0.848     0.122     0.035       36     5.0  insula

 mris_anatomical_stats -th3 -mgz -noglobal -cortex ../label/lh.cortex.label -f ../stats/lh.aparc.pial.stats -b -a ../label/lh.aparc.annot -c ../label/aparc.annot.ctab sub-v1s8x0051335_ses-1 lh pial 

computing statistics for each annotation in ../label/lh.aparc.annot.
reading volume /out/sourcedata/freesurfer/sub-v1s8x0051335_ses-1/mri/wm.mgz...
reading input surface /out/sourcedata/freesurfer/sub-v1s8x0051335_ses-1/surf/lh.pial...
reading input pial surface /out/sourcedata/freesurfer/sub-v1s8x0051335_ses-1/surf/lh.pial...
reading input white surface /out/sourcedata/freesurfer/sub-v1s8x0051335_ses-1/surf/lh.white...
INFO: using TH3 volume calc
INFO: assuming MGZ format for volumes.
INFO: not computing global stats
INFO: using ../label/lh.cortex.label as mask to calc cortex NumVert, SurfArea and MeanThickness.
Using TH3 vertex volume calc
Total face volume 246160
Total vertex volume 245982 (mask=0)
Saving annotation colortable ../label/aparc.annot.ctab

table columns are:
    number of vertices
    total surface area (mm^2)
    total gray matter volume (mm^3)
    average cortical thickness +- standard deviation (mm)
    integrated rectified mean curvature
    integrated rectified Gaussian curvature
    folding index
    intrinsic curvature index
    structure name

 2345   1373   3803  2.591 0.470     0.091     0.023       72     2.1  bankssts
 1007    842   2031  2.552 0.879     0.142     0.041       73     1.2  caudalanteriorcingulate
 3896   2429   5708  2.356 0.848     0.106     0.028       82     4.5  caudalmiddlefrontal
 2354   1675   2849  1.869 0.587     0.121     0.030      115     3.0  cuneus
  671    607   1693  3.203 0.794     0.171     0.042       22     1.4  entorhinal
 5280   3991  10009  2.726 0.680     0.120     0.031       81     6.6  fusiform
 7498   5108  11922  2.513 0.584     0.104     0.022      199     7.3  inferiorparietal
 5564   4572  11839  2.789 0.789     0.126     0.028       97     6.6  inferiortemporal
 1657   1302   2834  2.413 0.784     0.169     0.120     1629     2.9  isthmuscingulate
 9102   6068  11276  2.033 0.602     0.098     0.023      433     8.9  lateraloccipital
 4300   3047   8428  2.912 0.686     0.123     0.034      785     5.3  lateralorbitofrontal
 4559   3462   5958  1.947 0.647     0.121     0.032      203     6.3  lingual
 3085   2404   5946  2.662 0.872     0.142     0.044       79     4.9  medialorbitofrontal
 5398   4661  12360  3.010 0.741     0.123     0.024       75     6.0  middletemporal
 1034    823   1942  2.643 0.683     0.134     0.032       17     1.5  parahippocampal
 2373   1714   3394  2.207 0.705     0.107     0.022       22     2.2  paracentral
 2501   1807   4556  2.735 0.401     0.119     0.025       35     2.7  parsopercularis
  904    901   2395  3.151 0.647     0.207     0.037    11036     1.1  parsorbitalis
 2138   1521   3829  2.666 0.540     0.108     0.022       31     1.9  parstriangularis
 1696    973   1463  1.392 0.411     0.097     0.029       22     1.6  pericalcarine
 7292   5171  10271  2.217 0.678     0.095     0.018      102     5.5  postcentral
 1694   1399   3122  2.394 0.809     0.139     0.031       57     2.2  posteriorcingulate
 8666   5942  14299  2.578 0.684     0.096     0.021      134     7.2  precentral
 5458   3897  10020  2.741 0.577     0.115     0.028       88     6.1  precuneus
 1135   1070   2970  3.203 0.921     0.156     0.036       27     1.8  rostralanteriorcingulate
 8476   6320  15497  2.658 0.540     0.122     0.028      295     9.6  rostralmiddlefrontal
13392   9560  25917  2.927 0.681     0.111     0.027      218    13.7  superiorfrontal
 7960   5348  12326  2.475 0.713     0.098     0.019     1682     5.9  superiorparietal
 6994   4787  13826  3.151 0.742     0.102     0.024      249     6.8  superiortemporal
 6692   4670  11631  2.653 0.633     0.107     0.023      133     6.3  supramarginal
  347    364    951  3.193 0.494     0.172     0.036        8     0.4  frontalpole
  617    910   2613  3.948 0.604     0.200     0.035        8     1.0  temporalpole
  697    488   1069  2.427 0.387     0.100     0.020       11     0.6  transversetemporal
 3598   2286   7235  2.984 0.848     0.136     0.057      116     5.3  insula
#-----------------------------------------
#@# Parcellation Stats 2 lh Tue Mar 10 08:49:46 CET 2026
/out/sourcedata/freesurfer/sub-v1s8x0051335_ses-1/scripts

 mris_anatomical_stats -th3 -mgz -noglobal -cortex ../label/lh.cortex.label -f ../stats/lh.aparc.a2009s.stats -b -a ../label/lh.aparc.a2009s.annot -c ../label/aparc.annot.a2009s.ctab sub-v1s8x0051335_ses-1 lh white 

computing statistics for each annotation in ../label/lh.aparc.a2009s.annot.
reading volume /out/sourcedata/freesurfer/sub-v1s8x0051335_ses-1/mri/wm.mgz...
reading input surface /out/sourcedata/freesurfer/sub-v1s8x0051335_ses-1/surf/lh.white...
reading input pial surface /out/sourcedata/freesurfer/sub-v1s8x0051335_ses-1/surf/lh.pial...
reading input white surface /out/sourcedata/freesurfer/sub-v1s8x0051335_ses-1/surf/lh.white...
INFO: using TH3 volume calc
INFO: assuming MGZ format for volumes.
INFO: not computing global stats
INFO: using ../label/lh.cortex.label as mask to calc cortex NumVert, SurfArea and MeanThickness.
Using TH3 vertex volume calc
Total face volume 246160
Total vertex volume 245982 (mask=0)
Saving annotation colortable ../label/aparc.annot.a2009s.ctab

table columns are:
    number of vertices
    total surface area (mm^2)
    total gray matter volume (mm^3)
    average cortical thickness +- standard deviation (mm)
    integrated rectified mean curvature
    integrated rectified Gaussian curvature
    folding index
    intrinsic curvature index
    structure name

 1103    739   1987  2.577 0.525     0.127     0.032       12     1.4  G_and_S_frontomargin
 2070   1273   3037  2.302 0.718     0.144     0.042       27     4.2  G_and_S_occipital_inf
 1694    975   2528  2.268 0.792     0.113     0.029       15     2.0  G_and_S_paracentral
 1772   1062   3460  2.879 0.566     0.111     0.030       16     2.0  G_and_S_subcentral
  906    555   2250  3.135 0.549     0.131     0.035       12     1.2  G_and_S_transv_frontopol
 2043   1429   4728  3.094 0.724     0.112     0.022       17     1.8  G_and_S_cingul-Ant
 1577   1074   3382  3.014 0.585     0.114     0.023       11     1.7  G_and_S_cingul-Mid-Ant
 1256    855   2346  2.553 0.581     0.108     0.022       10     1.2  G_and_S_cingul-Mid-Post
  565    403   1552  2.999 0.538     0.145     0.030        7     0.7  G_cingul-Post-dorsal
  375    217    849  2.963 0.732     0.103     0.021        4     0.3  G_cingul-Post-ventral
 2146   1330   2472  1.725 0.575     0.122     0.029       22     2.6  G_cuneus
 1447    782   3069  2.870 0.369     0.098     0.022       16     1.3  G_front_inf-Opercular
  436    254   1146  3.140 0.347     0.099     0.019        5     0.4  G_front_inf-Orbital
 1305    753   2756  2.809 0.484     0.117     0.026       17     1.4  G_front_inf-Triangul
 5460   2889   9845  2.554 0.816     0.124     0.039       91     9.1  G_front_middle
 9220   5150  18881  2.992 0.713     0.109     0.031       96    11.3  G_front_sup
  744    503   1483  2.897 0.954     0.139     0.046       10     1.3  G_Ins_lg_and_S_cent_ins
  778    496   2436  3.546 0.850     0.130     0.039       13     1.3  G_insular_short
 3600   1767   5128  2.333 0.571     0.104     0.029       41     4.4  G_occipital_middle
 1544    894   2136  2.175 0.664     0.129     0.034       19     2.2  G_occipital_sup
 2121   1248   4316  2.719 0.726     0.109     0.032       24     2.5  G_oc-temp_lat-fusifor
 3237   2036   4157  1.782 0.649     0.123     0.036       44     4.9  G_oc-temp_med-Lingual
 1483    903   3704  3.001 0.863     0.104     0.037       16     1.7  G_oc-temp_med-Parahip
 2525   1592   6142  2.959 0.764     0.126     0.034       35     3.4  G_orbital
 3164   1711   6224  2.854 0.605     0.118     0.028       44     3.5  G_pariet_inf-Angular
 3394   1906   6273  2.725 0.634     0.109     0.030       36     4.5  G_pariet_inf-Supramar
 3111   1580   5595  2.800 0.764     0.084     0.016       22     2.0  G_parietal_sup
 3100   1539   4297  2.275 0.648     0.088     0.021       22     2.7  G_postcentral
 3546   1893   6336  2.639 0.795     0.106     0.031       30     4.8  G_precentral
 2756   1477   5980  3.008 0.534     0.106     0.031       30     3.0  G_precuneus
  941    569   2027  2.573 0.882     0.138     0.043       18     2.0  G_rectus
  906    602   1117  1.989 0.997     0.176     0.076       28     3.2  G_subcallosal
  500    269    874  2.616 0.398     0.103     0.027        6     0.4  G_temp_sup-G_T_transv
 2896   1358   6307  3.277 0.775     0.097     0.032       36     3.4  G_temp_sup-Lateral
  812    507   2125  3.636 0.492     0.087     0.019        4     0.6  G_temp_sup-Plan_polar
 1156    651   2143  2.812 0.642     0.075     0.015        6     0.6  G_temp_sup-Plan_tempo
 3224   1925   7612  2.853 0.855     0.121     0.042       57     5.2  G_temporal_inf
 3172   1827   7911  3.070 0.784     0.112     0.033       39     4.1  G_temporal_middle
  386    253    466  2.214 0.478     0.090     0.013        2     0.2  Lat_Fis-ant-Horizont
  440    302    596  2.374 0.376     0.087     0.012        2     0.2  Lat_Fis-ant-Vertical
 1012    689   1291  2.378 0.438     0.113     0.021        6     1.0  Lat_Fis-post
 2223   1420   2334  1.633 0.381     0.137     0.038       31     4.0  Pole_occipital
 1893   1240   6289  3.331 0.944     0.125     0.041       28     3.0  Pole_temporal
 2281   1764   2549  1.802 0.631     0.148     0.036       28     3.9  S_calcarine
 3391   2392   3989  1.936 0.605     0.115     0.023       23     3.5  S_central
 1124    759   1657  2.352 0.608     0.103     0.017        6     0.9  S_cingul-Marginalis
  538    362    931  3.295 0.400     0.086     0.015        2     0.4  S_circular_insula_ant
 1463   1011   2622  3.185 0.718     0.095     0.019        6     1.3  S_circular_insula_inf
 1663   1096   2413  2.743 0.409     0.099     0.018        7     1.4  S_circular_insula_sup
 1062    722   1719  2.665 0.524     0.096     0.014        5     0.6  S_collat_transv_ant
  636    455    731  1.966 0.545     0.145     0.035        7     1.0  S_collat_transv_post
 1888   1267   2861  2.449 0.418     0.098     0.018       10     1.4  S_front_inf
 1574   1048   2161  2.440 0.332     0.093     0.015        8     1.1  S_front_middle
 3622   2350   6177  2.720 0.544     0.099     0.021       21     3.1  S_front_sup
  324    219    527  2.829 0.730     0.110     0.015        2     0.2  S_interm_prim-Jensen
 2401   1603   3269  2.250 0.550     0.106     0.019       15     2.1  S_intrapariet_and_P_trans
 1398    958   1576  2.043 0.487     0.120     0.024       10     1.6  S_oc_middle_and_Lunatus
 1398    921   1683  2.130 0.424     0.097     0.016        9     0.9  S_oc_sup_and_transversal
  846    566   1049  2.369 0.510     0.100     0.020        4     0.8  S_occipital_ant
  961    659   1456  2.502 0.492     0.095     0.014        5     0.6  S_oc-temp_lat
 2076   1388   2961  2.570 0.494     0.087     0.015        9     1.3  S_oc-temp_med_and_Lingual
  368    256    580  2.554 0.808     0.108     0.016        2     0.3  S_orbital_lateral
  834    558   1215  2.720 0.707     0.111     0.022        6     0.7  S_orbital_med-olfact
 1573   1085   3056  2.897 0.582     0.120     0.025       13     1.7  S_orbital-H_Shaped
 2078   1403   3051  2.425 0.468     0.119     0.021       16     2.2  S_parieto_occipital
 1473    912   1188  1.636 0.561     0.104     0.019       17     1.1  S_pericallosal
 3397   2274   4639  2.185 0.533     0.102     0.018       24     2.7  S_postcentral
 1956   1328   3026  2.639 0.428     0.109     0.020       12     1.7  S_precentral-inf-part
 1322    926   2023  2.538 0.529     0.110     0.024        8     1.4  S_precentral-sup-part
  848    609   1759  3.065 0.658     0.131     0.021        9     0.8  S_suborbital
 1022    682   1473  2.478 0.566     0.097     0.018        6     0.7  S_subparietal
 1711   1151   2460  2.677 0.568     0.101     0.017        9     1.2  S_temporal_inf
 6796   4470  11156  2.677 0.547     0.094     0.017       36     5.1  S_temporal_sup
  317    225    436  2.405 0.541     0.119     0.021        2     0.3  S_temporal_transverse
#-----------------------------------------
#@# Parcellation Stats 3 lh Tue Mar 10 08:49:54 CET 2026
/out/sourcedata/freesurfer/sub-v1s8x0051335_ses-1/scripts

 mris_anatomical_stats -th3 -mgz -noglobal -cortex ../label/lh.cortex.label -f ../stats/lh.aparc.DKTatlas.stats -b -a ../label/lh.aparc.DKTatlas.annot -c ../label/aparc.annot.DKTatlas.ctab sub-v1s8x0051335_ses-1 lh white 

computing statistics for each annotation in ../label/lh.aparc.DKTatlas.annot.
reading volume /out/sourcedata/freesurfer/sub-v1s8x0051335_ses-1/mri/wm.mgz...
reading input surface /out/sourcedata/freesurfer/sub-v1s8x0051335_ses-1/surf/lh.white...
reading input pial surface /out/sourcedata/freesurfer/sub-v1s8x0051335_ses-1/surf/lh.pial...
reading input white surface /out/sourcedata/freesurfer/sub-v1s8x0051335_ses-1/surf/lh.white...
INFO: using TH3 volume calc
INFO: assuming MGZ format for volumes.
INFO: not computing global stats
INFO: using ../label/lh.cortex.label as mask to calc cortex NumVert, SurfArea and MeanThickness.
Using TH3 vertex volume calc
Total face volume 246160
Total vertex volume 245982 (mask=0)
Saving annotation colortable ../label/aparc.annot.DKTatlas.ctab

table columns are:
    number of vertices
    total surface area (mm^2)
    total gray matter volume (mm^3)
    average cortical thickness +- standard deviation (mm)
    integrated rectified mean curvature
    integrated rectified Gaussian curvature
    folding index
    intrinsic curvature index
    structure name

 1673   1109   3336  2.721 0.810     0.116     0.020       15     1.6  caudalanteriorcingulate
 4143   2443   6085  2.361 0.830     0.121     0.039       62     7.3  caudalmiddlefrontal
 3121   1953   3890  1.959 0.583     0.123     0.028       31     3.8  cuneus
  614    392   1563  3.206 0.800     0.092     0.022        3     0.5  entorhinal
 4697   2899   8623  2.717 0.650     0.105     0.029       45     5.1  fusiform
 7445   4441  11756  2.509 0.587     0.109     0.025       73     7.8  inferiorparietal
 5773   3654  12515  2.779 0.812     0.115     0.035       80     8.0  inferiortemporal
 1638   1051   2811  2.435 0.775     0.107     0.025       16     1.4  isthmuscingulate
 9040   5521  11227  2.033 0.597     0.124     0.031       98    12.6  lateraloccipital
 4831   3134   9325  2.771 0.762     0.126     0.033       60     6.5  lateralorbitofrontal
 4686   3070   6066  1.928 0.643     0.120     0.032       55     6.5  lingual
 2591   1728   5019  2.588 0.900     0.147     0.044       50     5.6  medialorbitofrontal
 7106   4435  15164  2.933 0.714     0.107     0.026       65     7.4  middletemporal
 1109    699   2093  2.656 0.676     0.088     0.025        9     0.9  parahippocampal
 2907   1782   4060  2.194 0.713     0.115     0.027       23     3.5  paracentral
 2320   1383   4153  2.745 0.382     0.100     0.019       20     1.8  parsopercularis
 1029    643   2409  3.076 0.595     0.097     0.019        7     0.8  parsorbitalis
 2558   1579   4632  2.653 0.555     0.105     0.020       23     2.1  parstriangularis
 1685   1279   1459  1.399 0.407     0.154     0.043       22     3.4  pericalcarine
 8233   4851  11602  2.231 0.670     0.100     0.022       63     7.8  postcentral
 1884   1284   3351  2.404 0.778     0.117     0.021       20     1.9  posteriorcingulate
 8563   5234  14188  2.595 0.684     0.108     0.026       62     9.9  precentral
 5347   3264   9834  2.740 0.593     0.110     0.026       51     5.4  precuneus
 1641   1112   3705  3.067 0.888     0.118     0.027       18     1.7  rostralanteriorcingulate
 5744   3525  10546  2.697 0.548     0.110     0.026       55     5.8  rostralmiddlefrontal
14535   8686  28888  2.922 0.652     0.108     0.027      134    15.6  superiorfrontal
 6352   3616  10127  2.528 0.741     0.093     0.017       45     4.4  superiorparietal
 9487   5581  19607  3.089 0.754     0.093     0.024       74     8.7  superiortemporal
 6107   3672  10607  2.667 0.635     0.111     0.025       58     7.0  supramarginal
  687    395   1047  2.408 0.369     0.106     0.024        7     0.5  transversetemporal
 2834   1899   6293  3.260 0.687     0.111     0.026       22     3.0  insula
/out/sourcedata/freesurfer/sub-v1s8x0051335_ses-1/label
#--------------------------------------------
#@# BA_exvivo Labels lh Tue Mar 10 08:50:02 CET 2026

 mri_label2label --srcsubject fsaverage --srclabel /out/sourcedata/freesurfer/fsaverage/label/lh.BA1_exvivo.label --trgsubject sub-v1s8x0051335_ses-1 --trglabel ./lh.BA1_exvivo.label --hemi lh --regmethod surface 


srclabel = /out/sourcedata/freesurfer/fsaverage/label/lh.BA1_exvivo.label
srcsubject = fsaverage
trgsubject = sub-v1s8x0051335_ses-1
trglabel = ./lh.BA1_exvivo.label
regmethod = surface

srchemi = lh
trghemi = lh
trgsurface = white
srcsurfreg = sphere.reg
trgsurfreg = sphere.reg
usehash = 1
Use ProjAbs  = 0, 0
Use ProjFrac = 0, 0
DoPaint 0

SUBJECTS_DIR    /out/sourcedata/freesurfer
FREESURFER_HOME /opt/freesurfer
Loading source label.
Found 4129 points in source label.
Starting surface-based mapping
Reading source registration 
 /out/sourcedata/freesurfer/fsaverage/surf/lh.sphere.reg
Rescaling ...  original radius = 100
Reading target surface 
 /out/sourcedata/freesurfer/sub-v1s8x0051335_ses-1/surf/lh.white
Reading target registration 
 /out/sourcedata/freesurfer/sub-v1s8x0051335_ses-1/surf/lh.sphere.reg
Rescaling ...  original radius = 100
Building target registration hash (res=16).
Building source registration hash (res=16).
INFO: found  4129 nlabel points
Performing mapping from target back to the source label 148879
Number of reverse mapping hits = 344
Checking for and removing duplicates
Writing label file ./lh.BA1_exvivo.label 4473
mri_label2label: Done


 mri_label2label --srcsubject fsaverage --srclabel /out/sourcedata/freesurfer/fsaverage/label/lh.BA2_exvivo.label --trgsubject sub-v1s8x0051335_ses-1 --trglabel ./lh.BA2_exvivo.label --hemi lh --regmethod surface 


srclabel = /out/sourcedata/freesurfer/fsaverage/label/lh.BA2_exvivo.label
srcsubject = fsaverage
trgsubject = sub-v1s8x0051335_ses-1
trglabel = ./lh.BA2_exvivo.label
regmethod = surface

srchemi = lh
trghemi = lh
trgsurface = white
srcsurfreg = sphere.reg
trgsurfreg = sphere.reg
usehash = 1
Use ProjAbs  = 0, 0
Use ProjFrac = 0, 0
DoPaint 0

SUBJECTS_DIR    /out/sourcedata/freesurfer
FREESURFER_HOME /opt/freesurfer
Loading source label.
Found 7909 points in source label.
Starting surface-based mapping
Reading source registration 
 /out/sourcedata/freesurfer/fsaverage/surf/lh.sphere.reg
Rescaling ...  original radius = 100
Reading target surface 
 /out/sourcedata/freesurfer/sub-v1s8x0051335_ses-1/surf/lh.white
Reading target registration 
 /out/sourcedata/freesurfer/sub-v1s8x0051335_ses-1/surf/lh.sphere.reg
Rescaling ...  original radius = 100
Building target registration hash (res=16).
Building source registration hash (res=16).
INFO: found  7909 nlabel points
Performing mapping from target back to the source label 148879
Number of reverse mapping hits = 786
Checking for and removing duplicates
Writing label file ./lh.BA2_exvivo.label 8695
mri_label2label: Done


 mri_label2label --srcsubject fsaverage --srclabel /out/sourcedata/freesurfer/fsaverage/label/lh.BA3a_exvivo.label --trgsubject sub-v1s8x0051335_ses-1 --trglabel ./lh.BA3a_exvivo.label --hemi lh --regmethod surface 


srclabel = /out/sourcedata/freesurfer/fsaverage/label/lh.BA3a_exvivo.label
srcsubject = fsaverage
trgsubject = sub-v1s8x0051335_ses-1
trglabel = ./lh.BA3a_exvivo.label
regmethod = surface

srchemi = lh
trghemi = lh
trgsurface = white
srcsurfreg = sphere.reg
trgsurfreg = sphere.reg
usehash = 1
Use ProjAbs  = 0, 0
Use ProjFrac = 0, 0
DoPaint 0

SUBJECTS_DIR    /out/sourcedata/freesurfer
FREESURFER_HOME /opt/freesurfer
Loading source label.
Found 4077 points in source label.
Starting surface-based mapping
Reading source registration 
 /out/sourcedata/freesurfer/fsaverage/surf/lh.sphere.reg
Rescaling ...  original radius = 100
Reading target surface 
 /out/sourcedata/freesurfer/sub-v1s8x0051335_ses-1/surf/lh.white
Reading target registration 
 /out/sourcedata/freesurfer/sub-v1s8x0051335_ses-1/surf/lh.sphere.reg
Rescaling ...  original radius = 100
Building target registration hash (res=16).
Building source registration hash (res=16).
INFO: found  4077 nlabel points
Performing mapping from target back to the source label 148879
Number of reverse mapping hits = 105
Checking for and removing duplicates
Writing label file ./lh.BA3a_exvivo.label 4182
mri_label2label: Done


 mri_label2label --srcsubject fsaverage --srclabel /out/sourcedata/freesurfer/fsaverage/label/lh.BA3b_exvivo.label --trgsubject sub-v1s8x0051335_ses-1 --trglabel ./lh.BA3b_exvivo.label --hemi lh --regmethod surface 


srclabel = /out/sourcedata/freesurfer/fsaverage/label/lh.BA3b_exvivo.label
srcsubject = fsaverage
trgsubject = sub-v1s8x0051335_ses-1
trglabel = ./lh.BA3b_exvivo.label
regmethod = surface

srchemi = lh
trghemi = lh
trgsurface = white
srcsurfreg = sphere.reg
trgsurfreg = sphere.reg
usehash = 1
Use ProjAbs  = 0, 0
Use ProjFrac = 0, 0
DoPaint 0

SUBJECTS_DIR    /out/sourcedata/freesurfer
FREESURFER_HOME /opt/freesurfer
Loading source label.
Found 5983 points in source label.
Starting surface-based mapping
Reading source registration 
 /out/sourcedata/freesurfer/fsaverage/surf/lh.sphere.reg
Rescaling ...  original radius = 100
Reading target surface 
 /out/sourcedata/freesurfer/sub-v1s8x0051335_ses-1/surf/lh.white
Reading target registration 
 /out/sourcedata/freesurfer/sub-v1s8x0051335_ses-1/surf/lh.sphere.reg
Rescaling ...  original radius = 100
Building target registration hash (res=16).
Building source registration hash (res=16).
INFO: found  5983 nlabel points
Performing mapping from target back to the source label 148879
Number of reverse mapping hits = 300
Checking for and removing duplicates
Writing label file ./lh.BA3b_exvivo.label 6283
mri_label2label: Done


 mri_label2label --srcsubject fsaverage --srclabel /out/sourcedata/freesurfer/fsaverage/label/lh.BA4a_exvivo.label --trgsubject sub-v1s8x0051335_ses-1 --trglabel ./lh.BA4a_exvivo.label --hemi lh --regmethod surface 


srclabel = /out/sourcedata/freesurfer/fsaverage/label/lh.BA4a_exvivo.label
srcsubject = fsaverage
trgsubject = sub-v1s8x0051335_ses-1
trglabel = ./lh.BA4a_exvivo.label
regmethod = surface

srchemi = lh
trghemi = lh
trgsurface = white
srcsurfreg = sphere.reg
trgsurfreg = sphere.reg
usehash = 1
Use ProjAbs  = 0, 0
Use ProjFrac = 0, 0
DoPaint 0

SUBJECTS_DIR    /out/sourcedata/freesurfer
FREESURFER_HOME /opt/freesurfer
Loading source label.
Found 5784 points in source label.
Starting surface-based mapping
Reading source registration 
 /out/sourcedata/freesurfer/fsaverage/surf/lh.sphere.reg
Rescaling ...  original radius = 100
Reading target surface 
 /out/sourcedata/freesurfer/sub-v1s8x0051335_ses-1/surf/lh.white
Reading target registration 
 /out/sourcedata/freesurfer/sub-v1s8x0051335_ses-1/surf/lh.sphere.reg
Rescaling ...  original radius = 100
Building target registration hash (res=16).
Building source registration hash (res=16).
INFO: found  5784 nlabel points
Performing mapping from target back to the source label 148879
Number of reverse mapping hits = 536
Checking for and removing duplicates
Writing label file ./lh.BA4a_exvivo.label 6320
mri_label2label: Done


 mri_label2label --srcsubject fsaverage --srclabel /out/sourcedata/freesurfer/fsaverage/label/lh.BA4p_exvivo.label --trgsubject sub-v1s8x0051335_ses-1 --trglabel ./lh.BA4p_exvivo.label --hemi lh --regmethod surface 


srclabel = /out/sourcedata/freesurfer/fsaverage/label/lh.BA4p_exvivo.label
srcsubject = fsaverage
trgsubject = sub-v1s8x0051335_ses-1
trglabel = ./lh.BA4p_exvivo.label
regmethod = surface

srchemi = lh
trghemi = lh
trgsurface = white
srcsurfreg = sphere.reg
trgsurfreg = sphere.reg
usehash = 1
Use ProjAbs  = 0, 0
Use ProjFrac = 0, 0
DoPaint 0

SUBJECTS_DIR    /out/sourcedata/freesurfer
FREESURFER_HOME /opt/freesurfer
Loading source label.
Found 4070 points in source label.
Starting surface-based mapping
Reading source registration 
 /out/sourcedata/freesurfer/fsaverage/surf/lh.sphere.reg
Rescaling ...  original radius = 100
Reading target surface 
 /out/sourcedata/freesurfer/sub-v1s8x0051335_ses-1/surf/lh.white
Reading target registration 
 /out/sourcedata/freesurfer/sub-v1s8x0051335_ses-1/surf/lh.sphere.reg
Rescaling ...  original radius = 100
Building target registration hash (res=16).
Building source registration hash (res=16).
INFO: found  4070 nlabel points
Performing mapping from target back to the source label 148879
Number of reverse mapping hits = 243
Checking for and removing duplicates
Writing label file ./lh.BA4p_exvivo.label 4313
mri_label2label: Done


 mri_label2label --srcsubject fsaverage --srclabel /out/sourcedata/freesurfer/fsaverage/label/lh.BA6_exvivo.label --trgsubject sub-v1s8x0051335_ses-1 --trglabel ./lh.BA6_exvivo.label --hemi lh --regmethod surface 


srclabel = /out/sourcedata/freesurfer/fsaverage/label/lh.BA6_exvivo.label
srcsubject = fsaverage
trgsubject = sub-v1s8x0051335_ses-1
trglabel = ./lh.BA6_exvivo.label
regmethod = surface

srchemi = lh
trghemi = lh
trgsurface = white
srcsurfreg = sphere.reg
trgsurfreg = sphere.reg
usehash = 1
Use ProjAbs  = 0, 0
Use ProjFrac = 0, 0
DoPaint 0

SUBJECTS_DIR    /out/sourcedata/freesurfer
FREESURFER_HOME /opt/freesurfer
Loading source label.
Found 13589 points in source label.
Starting surface-based mapping
Reading source registration 
 /out/sourcedata/freesurfer/fsaverage/surf/lh.sphere.reg
Rescaling ...  original radius = 100
Reading target surface 
 /out/sourcedata/freesurfer/sub-v1s8x0051335_ses-1/surf/lh.white
Reading target registration 
 /out/sourcedata/freesurfer/sub-v1s8x0051335_ses-1/surf/lh.sphere.reg
Rescaling ...  original radius = 100
Building target registration hash (res=16).
Building source registration hash (res=16).
INFO: found  13589 nlabel points
Performing mapping from target back to the source label 148879
Number of reverse mapping hits = 2662
Checking for and removing duplicates
Writing label file ./lh.BA6_exvivo.label 16251
mri_label2label: Done


 mri_label2label --srcsubject fsaverage --srclabel /out/sourcedata/freesurfer/fsaverage/label/lh.BA44_exvivo.label --trgsubject sub-v1s8x0051335_ses-1 --trglabel ./lh.BA44_exvivo.label --hemi lh --regmethod surface 


srclabel = /out/sourcedata/freesurfer/fsaverage/label/lh.BA44_exvivo.label
srcsubject = fsaverage
trgsubject = sub-v1s8x0051335_ses-1
trglabel = ./lh.BA44_exvivo.label
regmethod = surface

srchemi = lh
trghemi = lh
trgsurface = white
srcsurfreg = sphere.reg
trgsurfreg = sphere.reg
usehash = 1
Use ProjAbs  = 0, 0
Use ProjFrac = 0, 0
DoPaint 0

SUBJECTS_DIR    /out/sourcedata/freesurfer
FREESURFER_HOME /opt/freesurfer
Loading source label.
Found 4181 points in source label.
Starting surface-based mapping
Reading source registration 
 /out/sourcedata/freesurfer/fsaverage/surf/lh.sphere.reg
Rescaling ...  original radius = 100
Reading target surface 
 /out/sourcedata/freesurfer/sub-v1s8x0051335_ses-1/surf/lh.white
Reading target registration 
 /out/sourcedata/freesurfer/sub-v1s8x0051335_ses-1/surf/lh.sphere.reg
Rescaling ...  original radius = 100
Building target registration hash (res=16).
Building source registration hash (res=16).
INFO: found  4181 nlabel points
Performing mapping from target back to the source label 148879
Number of reverse mapping hits = 334
Checking for and removing duplicates
Writing label file ./lh.BA44_exvivo.label 4515
mri_label2label: Done


 mri_label2label --srcsubject fsaverage --srclabel /out/sourcedata/freesurfer/fsaverage/label/lh.BA45_exvivo.label --trgsubject sub-v1s8x0051335_ses-1 --trglabel ./lh.BA45_exvivo.label --hemi lh --regmethod surface 


srclabel = /out/sourcedata/freesurfer/fsaverage/label/lh.BA45_exvivo.label
srcsubject = fsaverage
trgsubject = sub-v1s8x0051335_ses-1
trglabel = ./lh.BA45_exvivo.label
regmethod = surface

srchemi = lh
trghemi = lh
trgsurface = white
srcsurfreg = sphere.reg
trgsurfreg = sphere.reg
usehash = 1
Use ProjAbs  = 0, 0
Use ProjFrac = 0, 0
DoPaint 0

SUBJECTS_DIR    /out/sourcedata/freesurfer
FREESURFER_HOME /opt/freesurfer
Loading source label.
Found 3422 points in source label.
Starting surface-based mapping
Reading source registration 
 /out/sourcedata/freesurfer/fsaverage/surf/lh.sphere.reg
Rescaling ...  original radius = 100
Reading target surface 
 /out/sourcedata/freesurfer/sub-v1s8x0051335_ses-1/surf/lh.white
Reading target registration 
 /out/sourcedata/freesurfer/sub-v1s8x0051335_ses-1/surf/lh.sphere.reg
Rescaling ...  original radius = 100
Building target registration hash (res=16).
Building source registration hash (res=16).
INFO: found  3422 nlabel points
Performing mapping from target back to the source label 148879
Number of reverse mapping hits = 706
Checking for and removing duplicates
Writing label file ./lh.BA45_exvivo.label 4128
mri_label2label: Done


 mri_label2label --srcsubject fsaverage --srclabel /out/sourcedata/freesurfer/fsaverage/label/lh.V1_exvivo.label --trgsubject sub-v1s8x0051335_ses-1 --trglabel ./lh.V1_exvivo.label --hemi lh --regmethod surface 


srclabel = /out/sourcedata/freesurfer/fsaverage/label/lh.V1_exvivo.label
srcsubject = fsaverage
trgsubject = sub-v1s8x0051335_ses-1
trglabel = ./lh.V1_exvivo.label
regmethod = surface

srchemi = lh
trghemi = lh
trgsurface = white
srcsurfreg = sphere.reg
trgsurfreg = sphere.reg
usehash = 1
Use ProjAbs  = 0, 0
Use ProjFrac = 0, 0
DoPaint 0

SUBJECTS_DIR    /out/sourcedata/freesurfer
FREESURFER_HOME /opt/freesurfer
Loading source label.
Found 4641 points in source label.
Starting surface-based mapping
Reading source registration 
 /out/sourcedata/freesurfer/fsaverage/surf/lh.sphere.reg
Rescaling ...  original radius = 100
Reading target surface 
 /out/sourcedata/freesurfer/sub-v1s8x0051335_ses-1/surf/lh.white
Reading target registration 
 /out/sourcedata/freesurfer/sub-v1s8x0051335_ses-1/surf/lh.sphere.reg
Rescaling ...  original radius = 100
Building target registration hash (res=16).
Building source registration hash (res=16).
INFO: found  4641 nlabel points
Performing mapping from target back to the source label 148879
Number of reverse mapping hits = 987
Checking for and removing duplicates
Writing label file ./lh.V1_exvivo.label 5628
mri_label2label: Done


 mri_label2label --srcsubject fsaverage --srclabel /out/sourcedata/freesurfer/fsaverage/label/lh.V2_exvivo.label --trgsubject sub-v1s8x0051335_ses-1 --trglabel ./lh.V2_exvivo.label --hemi lh --regmethod surface 


srclabel = /out/sourcedata/freesurfer/fsaverage/label/lh.V2_exvivo.label
srcsubject = fsaverage
trgsubject = sub-v1s8x0051335_ses-1
trglabel = ./lh.V2_exvivo.label
regmethod = surface

srchemi = lh
trghemi = lh
trgsurface = white
srcsurfreg = sphere.reg
trgsurfreg = sphere.reg
usehash = 1
Use ProjAbs  = 0, 0
Use ProjFrac = 0, 0
DoPaint 0

SUBJECTS_DIR    /out/sourcedata/freesurfer
FREESURFER_HOME /opt/freesurfer
Loading source label.
Found 8114 points in source label.
Starting surface-based mapping
Reading source registration 
 /out/sourcedata/freesurfer/fsaverage/surf/lh.sphere.reg
Rescaling ...  original radius = 100
Reading target surface 
 /out/sourcedata/freesurfer/sub-v1s8x0051335_ses-1/surf/lh.white
Reading target registration 
 /out/sourcedata/freesurfer/sub-v1s8x0051335_ses-1/surf/lh.sphere.reg
Rescaling ...  original radius = 100
Building target registration hash (res=16).
Building source registration hash (res=16).
INFO: found  8114 nlabel points
Performing mapping from target back to the source label 148879
Number of reverse mapping hits = 2790
Checking for and removing duplicates
Writing label file ./lh.V2_exvivo.label 10904
mri_label2label: Done


 mri_label2label --srcsubject fsaverage --srclabel /out/sourcedata/freesurfer/fsaverage/label/lh.MT_exvivo.label --trgsubject sub-v1s8x0051335_ses-1 --trglabel ./lh.MT_exvivo.label --hemi lh --regmethod surface 


srclabel = /out/sourcedata/freesurfer/fsaverage/label/lh.MT_exvivo.label
srcsubject = fsaverage
trgsubject = sub-v1s8x0051335_ses-1
trglabel = ./lh.MT_exvivo.label
regmethod = surface

srchemi = lh
trghemi = lh
trgsurface = white
srcsurfreg = sphere.reg
trgsurfreg = sphere.reg
usehash = 1
Use ProjAbs  = 0, 0
Use ProjFrac = 0, 0
DoPaint 0

SUBJECTS_DIR    /out/sourcedata/freesurfer
FREESURFER_HOME /opt/freesurfer
Loading source label.
Found 2018 points in source label.
Starting surface-based mapping
Reading source registration 
 /out/sourcedata/freesurfer/fsaverage/surf/lh.sphere.reg
Rescaling ...  original radius = 100
Reading target surface 
 /out/sourcedata/freesurfer/sub-v1s8x0051335_ses-1/surf/lh.white
Reading target registration 
 /out/sourcedata/freesurfer/sub-v1s8x0051335_ses-1/surf/lh.sphere.reg
Rescaling ...  original radius = 100
Building target registration hash (res=16).
Building source registration hash (res=16).
INFO: found  2018 nlabel points
Performing mapping from target back to the source label 148879
Number of reverse mapping hits = 791
Checking for and removing duplicates
Writing label file ./lh.MT_exvivo.label 2809
mri_label2label: Done


 mri_label2label --srcsubject fsaverage --srclabel /out/sourcedata/freesurfer/fsaverage/label/lh.entorhinal_exvivo.label --trgsubject sub-v1s8x0051335_ses-1 --trglabel ./lh.entorhinal_exvivo.label --hemi lh --regmethod surface 


srclabel = /out/sourcedata/freesurfer/fsaverage/label/lh.entorhinal_exvivo.label
srcsubject = fsaverage
trgsubject = sub-v1s8x0051335_ses-1
trglabel = ./lh.entorhinal_exvivo.label
regmethod = surface

srchemi = lh
trghemi = lh
trgsurface = white
srcsurfreg = sphere.reg
trgsurfreg = sphere.reg
usehash = 1
Use ProjAbs  = 0, 0
Use ProjFrac = 0, 0
DoPaint 0

SUBJECTS_DIR    /out/sourcedata/freesurfer
FREESURFER_HOME /opt/freesurfer
Loading source label.
Found 1290 points in source label.
Starting surface-based mapping
Reading source registration 
 /out/sourcedata/freesurfer/fsaverage/surf/lh.sphere.reg
Rescaling ...  original radius = 100
Reading target surface 
 /out/sourcedata/freesurfer/sub-v1s8x0051335_ses-1/surf/lh.white
Reading target registration 
 /out/sourcedata/freesurfer/sub-v1s8x0051335_ses-1/surf/lh.sphere.reg
Rescaling ...  original radius = 100
Building target registration hash (res=16).
Building source registration hash (res=16).
INFO: found  1290 nlabel points
Performing mapping from target back to the source label 148879
Number of reverse mapping hits = 102
Checking for and removing duplicates
Writing label file ./lh.entorhinal_exvivo.label 1392
mri_label2label: Done


 mri_label2label --srcsubject fsaverage --srclabel /out/sourcedata/freesurfer/fsaverage/label/lh.perirhinal_exvivo.label --trgsubject sub-v1s8x0051335_ses-1 --trglabel ./lh.perirhinal_exvivo.label --hemi lh --regmethod surface 


srclabel = /out/sourcedata/freesurfer/fsaverage/label/lh.perirhinal_exvivo.label
srcsubject = fsaverage
trgsubject = sub-v1s8x0051335_ses-1
trglabel = ./lh.perirhinal_exvivo.label
regmethod = surface

srchemi = lh
trghemi = lh
trgsurface = white
srcsurfreg = sphere.reg
trgsurfreg = sphere.reg
usehash = 1
Use ProjAbs  = 0, 0
Use ProjFrac = 0, 0
DoPaint 0

SUBJECTS_DIR    /out/sourcedata/freesurfer
FREESURFER_HOME /opt/freesurfer
Loading source label.
Found 1199 points in source label.
Starting surface-based mapping
Reading source registration 
 /out/sourcedata/freesurfer/fsaverage/surf/lh.sphere.reg
Rescaling ...  original radius = 100
Reading target surface 
 /out/sourcedata/freesurfer/sub-v1s8x0051335_ses-1/surf/lh.white
Reading target registration 
 /out/sourcedata/freesurfer/sub-v1s8x0051335_ses-1/surf/lh.sphere.reg
Rescaling ...  original radius = 100
Building target registration hash (res=16).
Building source registration hash (res=16).
INFO: found  1199 nlabel points
Performing mapping from target back to the source label 148879
Number of reverse mapping hits = 106
Checking for and removing duplicates
Writing label file ./lh.perirhinal_exvivo.label 1305
mri_label2label: Done


 mri_label2label --srcsubject fsaverage --srclabel /out/sourcedata/freesurfer/fsaverage/label/lh.FG1.mpm.vpnl.label --trgsubject sub-v1s8x0051335_ses-1 --trglabel ./lh.FG1.mpm.vpnl.label --hemi lh --regmethod surface 


srclabel = /out/sourcedata/freesurfer/fsaverage/label/lh.FG1.mpm.vpnl.label
srcsubject = fsaverage
trgsubject = sub-v1s8x0051335_ses-1
trglabel = ./lh.FG1.mpm.vpnl.label
regmethod = surface

srchemi = lh
trghemi = lh
trgsurface = white
srcsurfreg = sphere.reg
trgsurfreg = sphere.reg
usehash = 1
Use ProjAbs  = 0, 0
Use ProjFrac = 0, 0
DoPaint 0

SUBJECTS_DIR    /out/sourcedata/freesurfer
FREESURFER_HOME /opt/freesurfer
Loading source label.
Found 414 points in source label.
Starting surface-based mapping
Reading source registration 
 /out/sourcedata/freesurfer/fsaverage/surf/lh.sphere.reg
Rescaling ...  original radius = 100
Reading target surface 
 /out/sourcedata/freesurfer/sub-v1s8x0051335_ses-1/surf/lh.white
Reading target registration 
 /out/sourcedata/freesurfer/sub-v1s8x0051335_ses-1/surf/lh.sphere.reg
Rescaling ...  original radius = 100
Building target registration hash (res=16).
Building source registration hash (res=16).
INFO: found  414 nlabel points
Performing mapping from target back to the source label 148879
Number of reverse mapping hits = 105
Checking for and removing duplicates
Writing label file ./lh.FG1.mpm.vpnl.label 519
mri_label2label: Done


 mri_label2label --srcsubject fsaverage --srclabel /out/sourcedata/freesurfer/fsaverage/label/lh.FG2.mpm.vpnl.label --trgsubject sub-v1s8x0051335_ses-1 --trglabel ./lh.FG2.mpm.vpnl.label --hemi lh --regmethod surface 


srclabel = /out/sourcedata/freesurfer/fsaverage/label/lh.FG2.mpm.vpnl.label
srcsubject = fsaverage
trgsubject = sub-v1s8x0051335_ses-1
trglabel = ./lh.FG2.mpm.vpnl.label
regmethod = surface

srchemi = lh
trghemi = lh
trgsurface = white
srcsurfreg = sphere.reg
trgsurfreg = sphere.reg
usehash = 1
Use ProjAbs  = 0, 0
Use ProjFrac = 0, 0
DoPaint 0

SUBJECTS_DIR    /out/sourcedata/freesurfer
FREESURFER_HOME /opt/freesurfer
Loading source label.
Found 703 points in source label.
Starting surface-based mapping
Reading source registration 
 /out/sourcedata/freesurfer/fsaverage/surf/lh.sphere.reg
Rescaling ...  original radius = 100
Reading target surface 
 /out/sourcedata/freesurfer/sub-v1s8x0051335_ses-1/surf/lh.white
Reading target registration 
 /out/sourcedata/freesurfer/sub-v1s8x0051335_ses-1/surf/lh.sphere.reg
Rescaling ...  original radius = 100
Building target registration hash (res=16).
Building source registration hash (res=16).
INFO: found  703 nlabel points
Performing mapping from target back to the source label 148879
Number of reverse mapping hits = 307
Checking for and removing duplicates
Writing label file ./lh.FG2.mpm.vpnl.label 1010
mri_label2label: Done


 mri_label2label --srcsubject fsaverage --srclabel /out/sourcedata/freesurfer/fsaverage/label/lh.FG3.mpm.vpnl.label --trgsubject sub-v1s8x0051335_ses-1 --trglabel ./lh.FG3.mpm.vpnl.label --hemi lh --regmethod surface 


srclabel = /out/sourcedata/freesurfer/fsaverage/label/lh.FG3.mpm.vpnl.label
srcsubject = fsaverage
trgsubject = sub-v1s8x0051335_ses-1
trglabel = ./lh.FG3.mpm.vpnl.label
regmethod = surface

srchemi = lh
trghemi = lh
trgsurface = white
srcsurfreg = sphere.reg
trgsurfreg = sphere.reg
usehash = 1
Use ProjAbs  = 0, 0
Use ProjFrac = 0, 0
DoPaint 0

SUBJECTS_DIR    /out/sourcedata/freesurfer
FREESURFER_HOME /opt/freesurfer
Loading source label.
Found 1873 points in source label.
Starting surface-based mapping
Reading source registration 
 /out/sourcedata/freesurfer/fsaverage/surf/lh.sphere.reg
Rescaling ...  original radius = 100
Reading target surface 
 /out/sourcedata/freesurfer/sub-v1s8x0051335_ses-1/surf/lh.white
Reading target registration 
 /out/sourcedata/freesurfer/sub-v1s8x0051335_ses-1/surf/lh.sphere.reg
Rescaling ...  original radius = 100
Building target registration hash (res=16).
Building source registration hash (res=16).
INFO: found  1873 nlabel points
Performing mapping from target back to the source label 148879
Number of reverse mapping hits = 239
Checking for and removing duplicates
Writing label file ./lh.FG3.mpm.vpnl.label 2112
mri_label2label: Done


 mri_label2label --srcsubject fsaverage --srclabel /out/sourcedata/freesurfer/fsaverage/label/lh.FG4.mpm.vpnl.label --trgsubject sub-v1s8x0051335_ses-1 --trglabel ./lh.FG4.mpm.vpnl.label --hemi lh --regmethod surface 


srclabel = /out/sourcedata/freesurfer/fsaverage/label/lh.FG4.mpm.vpnl.label
srcsubject = fsaverage
trgsubject = sub-v1s8x0051335_ses-1
trglabel = ./lh.FG4.mpm.vpnl.label
regmethod = surface

srchemi = lh
trghemi = lh
trgsurface = white
srcsurfreg = sphere.reg
trgsurfreg = sphere.reg
usehash = 1
Use ProjAbs  = 0, 0
Use ProjFrac = 0, 0
DoPaint 0

SUBJECTS_DIR    /out/sourcedata/freesurfer
FREESURFER_HOME /opt/freesurfer
Loading source label.
Found 2101 points in source label.
Starting surface-based mapping
Reading source registration 
 /out/sourcedata/freesurfer/fsaverage/surf/lh.sphere.reg
Rescaling ...  original radius = 100
Reading target surface 
 /out/sourcedata/freesurfer/sub-v1s8x0051335_ses-1/surf/lh.white
Reading target registration 
 /out/sourcedata/freesurfer/sub-v1s8x0051335_ses-1/surf/lh.sphere.reg
Rescaling ...  original radius = 100
Building target registration hash (res=16).
Building source registration hash (res=16).
INFO: found  2101 nlabel points
Performing mapping from target back to the source label 148879
Number of reverse mapping hits = 600
Checking for and removing duplicates
Writing label file ./lh.FG4.mpm.vpnl.label 2701
mri_label2label: Done


 mri_label2label --srcsubject fsaverage --srclabel /out/sourcedata/freesurfer/fsaverage/label/lh.hOc1.mpm.vpnl.label --trgsubject sub-v1s8x0051335_ses-1 --trglabel ./lh.hOc1.mpm.vpnl.label --hemi lh --regmethod surface 


srclabel = /out/sourcedata/freesurfer/fsaverage/label/lh.hOc1.mpm.vpnl.label
srcsubject = fsaverage
trgsubject = sub-v1s8x0051335_ses-1
trglabel = ./lh.hOc1.mpm.vpnl.label
regmethod = surface

srchemi = lh
trghemi = lh
trgsurface = white
srcsurfreg = sphere.reg
trgsurfreg = sphere.reg
usehash = 1
Use ProjAbs  = 0, 0
Use ProjFrac = 0, 0
DoPaint 0

SUBJECTS_DIR    /out/sourcedata/freesurfer
FREESURFER_HOME /opt/freesurfer
Loading source label.
Found 3877 points in source label.
Starting surface-based mapping
Reading source registration 
 /out/sourcedata/freesurfer/fsaverage/surf/lh.sphere.reg
Rescaling ...  original radius = 100
Reading target surface 
 /out/sourcedata/freesurfer/sub-v1s8x0051335_ses-1/surf/lh.white
Reading target registration 
 /out/sourcedata/freesurfer/sub-v1s8x0051335_ses-1/surf/lh.sphere.reg
Rescaling ...  original radius = 100
Building target registration hash (res=16).
Building source registration hash (res=16).
INFO: found  3877 nlabel points
Performing mapping from target back to the source label 148879
Number of reverse mapping hits = 679
Checking for and removing duplicates
Writing label file ./lh.hOc1.mpm.vpnl.label 4556
mri_label2label: Done


 mri_label2label --srcsubject fsaverage --srclabel /out/sourcedata/freesurfer/fsaverage/label/lh.hOc2.mpm.vpnl.label --trgsubject sub-v1s8x0051335_ses-1 --trglabel ./lh.hOc2.mpm.vpnl.label --hemi lh --regmethod surface 


srclabel = /out/sourcedata/freesurfer/fsaverage/label/lh.hOc2.mpm.vpnl.label
srcsubject = fsaverage
trgsubject = sub-v1s8x0051335_ses-1
trglabel = ./lh.hOc2.mpm.vpnl.label
regmethod = surface

srchemi = lh
trghemi = lh
trgsurface = white
srcsurfreg = sphere.reg
trgsurfreg = sphere.reg
usehash = 1
Use ProjAbs  = 0, 0
Use ProjFrac = 0, 0
DoPaint 0

SUBJECTS_DIR    /out/sourcedata/freesurfer
FREESURFER_HOME /opt/freesurfer
Loading source label.
Found 2919 points in source label.
Starting surface-based mapping
Reading source registration 
 /out/sourcedata/freesurfer/fsaverage/surf/lh.sphere.reg
Rescaling ...  original radius = 100
Reading target surface 
 /out/sourcedata/freesurfer/sub-v1s8x0051335_ses-1/surf/lh.white
Reading target registration 
 /out/sourcedata/freesurfer/sub-v1s8x0051335_ses-1/surf/lh.sphere.reg
Rescaling ...  original radius = 100
Building target registration hash (res=16).
Building source registration hash (res=16).
INFO: found  2919 nlabel points
Performing mapping from target back to the source label 148879
Number of reverse mapping hits = 1107
Checking for and removing duplicates
Writing label file ./lh.hOc2.mpm.vpnl.label 4026
mri_label2label: Done


 mri_label2label --srcsubject fsaverage --srclabel /out/sourcedata/freesurfer/fsaverage/label/lh.hOc3v.mpm.vpnl.label --trgsubject sub-v1s8x0051335_ses-1 --trglabel ./lh.hOc3v.mpm.vpnl.label --hemi lh --regmethod surface 


srclabel = /out/sourcedata/freesurfer/fsaverage/label/lh.hOc3v.mpm.vpnl.label
srcsubject = fsaverage
trgsubject = sub-v1s8x0051335_ses-1
trglabel = ./lh.hOc3v.mpm.vpnl.label
regmethod = surface

srchemi = lh
trghemi = lh
trgsurface = white
srcsurfreg = sphere.reg
trgsurfreg = sphere.reg
usehash = 1
Use ProjAbs  = 0, 0
Use ProjFrac = 0, 0
DoPaint 0

SUBJECTS_DIR    /out/sourcedata/freesurfer
FREESURFER_HOME /opt/freesurfer
Loading source label.
Found 1286 points in source label.
Starting surface-based mapping
Reading source registration 
 /out/sourcedata/freesurfer/fsaverage/surf/lh.sphere.reg
Rescaling ...  original radius = 100
Reading target surface 
 /out/sourcedata/freesurfer/sub-v1s8x0051335_ses-1/surf/lh.white
Reading target registration 
 /out/sourcedata/freesurfer/sub-v1s8x0051335_ses-1/surf/lh.sphere.reg
Rescaling ...  original radius = 100
Building target registration hash (res=16).
Building source registration hash (res=16).
INFO: found  1286 nlabel points
Performing mapping from target back to the source label 148879
Number of reverse mapping hits = 750
Checking for and removing duplicates
Writing label file ./lh.hOc3v.mpm.vpnl.label 2036
mri_label2label: Done


 mri_label2label --srcsubject fsaverage --srclabel /out/sourcedata/freesurfer/fsaverage/label/lh.hOc4v.mpm.vpnl.label --trgsubject sub-v1s8x0051335_ses-1 --trglabel ./lh.hOc4v.mpm.vpnl.label --hemi lh --regmethod surface 


srclabel = /out/sourcedata/freesurfer/fsaverage/label/lh.hOc4v.mpm.vpnl.label
srcsubject = fsaverage
trgsubject = sub-v1s8x0051335_ses-1
trglabel = ./lh.hOc4v.mpm.vpnl.label
regmethod = surface

srchemi = lh
trghemi = lh
trgsurface = white
srcsurfreg = sphere.reg
trgsurfreg = sphere.reg
usehash = 1
Use ProjAbs  = 0, 0
Use ProjFrac = 0, 0
DoPaint 0

SUBJECTS_DIR    /out/sourcedata/freesurfer
FREESURFER_HOME /opt/freesurfer
Loading source label.
Found 1006 points in source label.
Starting surface-based mapping
Reading source registration 
 /out/sourcedata/freesurfer/fsaverage/surf/lh.sphere.reg
Rescaling ...  original radius = 100
Reading target surface 
 /out/sourcedata/freesurfer/sub-v1s8x0051335_ses-1/surf/lh.white
Reading target registration 
 /out/sourcedata/freesurfer/sub-v1s8x0051335_ses-1/surf/lh.sphere.reg
Rescaling ...  original radius = 100
Building target registration hash (res=16).
Building source registration hash (res=16).
INFO: found  1006 nlabel points
Performing mapping from target back to the source label 148879
Number of reverse mapping hits = 520
Checking for and removing duplicates
Writing label file ./lh.hOc4v.mpm.vpnl.label 1526
mri_label2label: Done


 mris_label2annot --s sub-v1s8x0051335_ses-1 --ctab /opt/freesurfer/average/colortable_vpnl.txt --hemi lh --a mpm.vpnl --maxstatwinner --noverbose --l lh.FG1.mpm.vpnl.label --l lh.FG2.mpm.vpnl.label --l lh.FG3.mpm.vpnl.label --l lh.FG4.mpm.vpnl.label --l lh.hOc1.mpm.vpnl.label --l lh.hOc2.mpm.vpnl.label --l lh.hOc3v.mpm.vpnl.label --l lh.hOc4v.mpm.vpnl.label 

Reading ctab /opt/freesurfer/average/colortable_vpnl.txt
Number of ctab entries 9

7.3.2
cwd /out/sourcedata/freesurfer/sub-v1s8x0051335_ses-1/label
cmdline mris_label2annot --s sub-v1s8x0051335_ses-1 --ctab /opt/freesurfer/average/colortable_vpnl.txt --hemi lh --a mpm.vpnl --maxstatwinner --noverbose --l lh.FG1.mpm.vpnl.label --l lh.FG2.mpm.vpnl.label --l lh.FG3.mpm.vpnl.label --l lh.FG4.mpm.vpnl.label --l lh.hOc1.mpm.vpnl.label --l lh.hOc2.mpm.vpnl.label --l lh.hOc3v.mpm.vpnl.label --l lh.hOc4v.mpm.vpnl.label 
sysname  Linux
hostname dna076
machine  x86_64
user     oesteban

subject sub-v1s8x0051335_ses-1
hemi    lh
SUBJECTS_DIR /out/sourcedata/freesurfer
ColorTable /opt/freesurfer/average/colortable_vpnl.txt
AnnotName  mpm.vpnl
nlables 8
LabelThresh 0 0.000000
Loading /out/sourcedata/freesurfer/sub-v1s8x0051335_ses-1/surf/lh.orig
 1 1376057 FG1
 2 16711935 FG2
 3 16711680 FG3
 4 1705837 FG4
 5 25600 hOc1
 6 255 hOc2
 7 16776960 hOc3v
 8 65535 hOc4v
Mapping unhit to unknown
Found 131989 unhit vertices
Writing annot to /out/sourcedata/freesurfer/sub-v1s8x0051335_ses-1/label/lh.mpm.vpnl.annot

 mri_label2label --srcsubject fsaverage --srclabel /out/sourcedata/freesurfer/fsaverage/label/lh.BA1_exvivo.thresh.label --trgsubject sub-v1s8x0051335_ses-1 --trglabel ./lh.BA1_exvivo.thresh.label --hemi lh --regmethod surface 


srclabel = /out/sourcedata/freesurfer/fsaverage/label/lh.BA1_exvivo.thresh.label
srcsubject = fsaverage
trgsubject = sub-v1s8x0051335_ses-1
trglabel = ./lh.BA1_exvivo.thresh.label
regmethod = surface

srchemi = lh
trghemi = lh
trgsurface = white
srcsurfreg = sphere.reg
trgsurfreg = sphere.reg
usehash = 1
Use ProjAbs  = 0, 0
Use ProjFrac = 0, 0
DoPaint 0

SUBJECTS_DIR    /out/sourcedata/freesurfer
FREESURFER_HOME /opt/freesurfer
Loading source label.
Found 1014 points in source label.
Starting surface-based mapping
Reading source registration 
 /out/sourcedata/freesurfer/fsaverage/surf/lh.sphere.reg
Rescaling ...  original radius = 100
Reading target surface 
 /out/sourcedata/freesurfer/sub-v1s8x0051335_ses-1/surf/lh.white
Reading target registration 
 /out/sourcedata/freesurfer/sub-v1s8x0051335_ses-1/surf/lh.sphere.reg
Rescaling ...  original radius = 100
Building target registration hash (res=16).
Building source registration hash (res=16).
INFO: found  1014 nlabel points
Performing mapping from target back to the source label 148879
Number of reverse mapping hits = 108
Checking for and removing duplicates
Writing label file ./lh.BA1_exvivo.thresh.label 1122
mri_label2label: Done


 mri_label2label --srcsubject fsaverage --srclabel /out/sourcedata/freesurfer/fsaverage/label/lh.BA2_exvivo.thresh.label --trgsubject sub-v1s8x0051335_ses-1 --trglabel ./lh.BA2_exvivo.thresh.label --hemi lh --regmethod surface 


srclabel = /out/sourcedata/freesurfer/fsaverage/label/lh.BA2_exvivo.thresh.label
srcsubject = fsaverage
trgsubject = sub-v1s8x0051335_ses-1
trglabel = ./lh.BA2_exvivo.thresh.label
regmethod = surface

srchemi = lh
trghemi = lh
trgsurface = white
srcsurfreg = sphere.reg
trgsurfreg = sphere.reg
usehash = 1
Use ProjAbs  = 0, 0
Use ProjFrac = 0, 0
DoPaint 0

SUBJECTS_DIR    /out/sourcedata/freesurfer
FREESURFER_HOME /opt/freesurfer
Loading source label.
Found 2092 points in source label.
Starting surface-based mapping
Reading source registration 
 /out/sourcedata/freesurfer/fsaverage/surf/lh.sphere.reg
Rescaling ...  original radius = 100
Reading target surface 
 /out/sourcedata/freesurfer/sub-v1s8x0051335_ses-1/surf/lh.white
Reading target registration 
 /out/sourcedata/freesurfer/sub-v1s8x0051335_ses-1/surf/lh.sphere.reg
Rescaling ...  original radius = 100
Building target registration hash (res=16).
Building source registration hash (res=16).
INFO: found  2092 nlabel points
Performing mapping from target back to the source label 148879
Number of reverse mapping hits = 260
Checking for and removing duplicates
Writing label file ./lh.BA2_exvivo.thresh.label 2352
mri_label2label: Done


 mri_label2label --srcsubject fsaverage --srclabel /out/sourcedata/freesurfer/fsaverage/label/lh.BA3a_exvivo.thresh.label --trgsubject sub-v1s8x0051335_ses-1 --trglabel ./lh.BA3a_exvivo.thresh.label --hemi lh --regmethod surface 


srclabel = /out/sourcedata/freesurfer/fsaverage/label/lh.BA3a_exvivo.thresh.label
srcsubject = fsaverage
trgsubject = sub-v1s8x0051335_ses-1
trglabel = ./lh.BA3a_exvivo.thresh.label
regmethod = surface

srchemi = lh
trghemi = lh
trgsurface = white
srcsurfreg = sphere.reg
trgsurfreg = sphere.reg
usehash = 1
Use ProjAbs  = 0, 0
Use ProjFrac = 0, 0
DoPaint 0

SUBJECTS_DIR    /out/sourcedata/freesurfer
FREESURFER_HOME /opt/freesurfer
Loading source label.
Found 1504 points in source label.
Starting surface-based mapping
Reading source registration 
 /out/sourcedata/freesurfer/fsaverage/surf/lh.sphere.reg
Rescaling ...  original radius = 100
Reading target surface 
 /out/sourcedata/freesurfer/sub-v1s8x0051335_ses-1/surf/lh.white
Reading target registration 
 /out/sourcedata/freesurfer/sub-v1s8x0051335_ses-1/surf/lh.sphere.reg
Rescaling ...  original radius = 100
Building target registration hash (res=16).
Building source registration hash (res=16).
INFO: found  1504 nlabel points
Performing mapping from target back to the source label 148879
Number of reverse mapping hits = 31
Checking for and removing duplicates
Writing label file ./lh.BA3a_exvivo.thresh.label 1535
mri_label2label: Done


 mri_label2label --srcsubject fsaverage --srclabel /out/sourcedata/freesurfer/fsaverage/label/lh.BA3b_exvivo.thresh.label --trgsubject sub-v1s8x0051335_ses-1 --trglabel ./lh.BA3b_exvivo.thresh.label --hemi lh --regmethod surface 


srclabel = /out/sourcedata/freesurfer/fsaverage/label/lh.BA3b_exvivo.thresh.label
srcsubject = fsaverage
trgsubject = sub-v1s8x0051335_ses-1
trglabel = ./lh.BA3b_exvivo.thresh.label
regmethod = surface

srchemi = lh
trghemi = lh
trgsurface = white
srcsurfreg = sphere.reg
trgsurfreg = sphere.reg
usehash = 1
Use ProjAbs  = 0, 0
Use ProjFrac = 0, 0
DoPaint 0

SUBJECTS_DIR    /out/sourcedata/freesurfer
FREESURFER_HOME /opt/freesurfer
Loading source label.
Found 1996 points in source label.
Starting surface-based mapping
Reading source registration 
 /out/sourcedata/freesurfer/fsaverage/surf/lh.sphere.reg
Rescaling ...  original radius = 100
Reading target surface 
 /out/sourcedata/freesurfer/sub-v1s8x0051335_ses-1/surf/lh.white
Reading target registration 
 /out/sourcedata/freesurfer/sub-v1s8x0051335_ses-1/surf/lh.sphere.reg
Rescaling ...  original radius = 100
Building target registration hash (res=16).
Building source registration hash (res=16).
INFO: found  1996 nlabel points
Performing mapping from target back to the source label 148879
Number of reverse mapping hits = 47
Checking for and removing duplicates
Writing label file ./lh.BA3b_exvivo.thresh.label 2043
mri_label2label: Done


 mri_label2label --srcsubject fsaverage --srclabel /out/sourcedata/freesurfer/fsaverage/label/lh.BA4a_exvivo.thresh.label --trgsubject sub-v1s8x0051335_ses-1 --trglabel ./lh.BA4a_exvivo.thresh.label --hemi lh --regmethod surface 


srclabel = /out/sourcedata/freesurfer/fsaverage/label/lh.BA4a_exvivo.thresh.label
srcsubject = fsaverage
trgsubject = sub-v1s8x0051335_ses-1
trglabel = ./lh.BA4a_exvivo.thresh.label
regmethod = surface

srchemi = lh
trghemi = lh
trgsurface = white
srcsurfreg = sphere.reg
trgsurfreg = sphere.reg
usehash = 1
Use ProjAbs  = 0, 0
Use ProjFrac = 0, 0
DoPaint 0

SUBJECTS_DIR    /out/sourcedata/freesurfer
FREESURFER_HOME /opt/freesurfer
Loading source label.
Found 2319 points in source label.
Starting surface-based mapping
Reading source registration 
 /out/sourcedata/freesurfer/fsaverage/surf/lh.sphere.reg
Rescaling ...  original radius = 100
Reading target surface 
 /out/sourcedata/freesurfer/sub-v1s8x0051335_ses-1/surf/lh.white
Reading target registration 
 /out/sourcedata/freesurfer/sub-v1s8x0051335_ses-1/surf/lh.sphere.reg
Rescaling ...  original radius = 100
Building target registration hash (res=16).
Building source registration hash (res=16).
INFO: found  2319 nlabel points
Performing mapping from target back to the source label 148879
Number of reverse mapping hits = 154
Checking for and removing duplicates
Writing label file ./lh.BA4a_exvivo.thresh.label 2473
mri_label2label: Done


 mri_label2label --srcsubject fsaverage --srclabel /out/sourcedata/freesurfer/fsaverage/label/lh.BA4p_exvivo.thresh.label --trgsubject sub-v1s8x0051335_ses-1 --trglabel ./lh.BA4p_exvivo.thresh.label --hemi lh --regmethod surface 


srclabel = /out/sourcedata/freesurfer/fsaverage/label/lh.BA4p_exvivo.thresh.label
srcsubject = fsaverage
trgsubject = sub-v1s8x0051335_ses-1
trglabel = ./lh.BA4p_exvivo.thresh.label
regmethod = surface

srchemi = lh
trghemi = lh
trgsurface = white
srcsurfreg = sphere.reg
trgsurfreg = sphere.reg
usehash = 1
Use ProjAbs  = 0, 0
Use ProjFrac = 0, 0
DoPaint 0

SUBJECTS_DIR    /out/sourcedata/freesurfer
FREESURFER_HOME /opt/freesurfer
Loading source label.
Found 1549 points in source label.
Starting surface-based mapping
Reading source registration 
 /out/sourcedata/freesurfer/fsaverage/surf/lh.sphere.reg
Rescaling ...  original radius = 100
Reading target surface 
 /out/sourcedata/freesurfer/sub-v1s8x0051335_ses-1/surf/lh.white
Reading target registration 
 /out/sourcedata/freesurfer/sub-v1s8x0051335_ses-1/surf/lh.sphere.reg
Rescaling ...  original radius = 100
Building target registration hash (res=16).
Building source registration hash (res=16).
INFO: found  1549 nlabel points
Performing mapping from target back to the source label 148879
Number of reverse mapping hits = 63
Checking for and removing duplicates
Writing label file ./lh.BA4p_exvivo.thresh.label 1612
mri_label2label: Done


 mri_label2label --srcsubject fsaverage --srclabel /out/sourcedata/freesurfer/fsaverage/label/lh.BA6_exvivo.thresh.label --trgsubject sub-v1s8x0051335_ses-1 --trglabel ./lh.BA6_exvivo.thresh.label --hemi lh --regmethod surface 


srclabel = /out/sourcedata/freesurfer/fsaverage/label/lh.BA6_exvivo.thresh.label
srcsubject = fsaverage
trgsubject = sub-v1s8x0051335_ses-1
trglabel = ./lh.BA6_exvivo.thresh.label
regmethod = surface

srchemi = lh
trghemi = lh
trgsurface = white
srcsurfreg = sphere.reg
trgsurfreg = sphere.reg
usehash = 1
Use ProjAbs  = 0, 0
Use ProjFrac = 0, 0
DoPaint 0

SUBJECTS_DIR    /out/sourcedata/freesurfer
FREESURFER_HOME /opt/freesurfer
Loading source label.
Found 7035 points in source label.
Starting surface-based mapping
Reading source registration 
 /out/sourcedata/freesurfer/fsaverage/surf/lh.sphere.reg
Rescaling ...  original radius = 100
Reading target surface 
 /out/sourcedata/freesurfer/sub-v1s8x0051335_ses-1/surf/lh.white
Reading target registration 
 /out/sourcedata/freesurfer/sub-v1s8x0051335_ses-1/surf/lh.sphere.reg
Rescaling ...  original radius = 100
Building target registration hash (res=16).
Building source registration hash (res=16).
INFO: found  7035 nlabel points
Performing mapping from target back to the source label 148879
Number of reverse mapping hits = 1246
Checking for and removing duplicates
Writing label file ./lh.BA6_exvivo.thresh.label 8281
mri_label2label: Done


 mri_label2label --srcsubject fsaverage --srclabel /out/sourcedata/freesurfer/fsaverage/label/lh.BA44_exvivo.thresh.label --trgsubject sub-v1s8x0051335_ses-1 --trglabel ./lh.BA44_exvivo.thresh.label --hemi lh --regmethod surface 


srclabel = /out/sourcedata/freesurfer/fsaverage/label/lh.BA44_exvivo.thresh.label
srcsubject = fsaverage
trgsubject = sub-v1s8x0051335_ses-1
trglabel = ./lh.BA44_exvivo.thresh.label
regmethod = surface

srchemi = lh
trghemi = lh
trgsurface = white
srcsurfreg = sphere.reg
trgsurfreg = sphere.reg
usehash = 1
Use ProjAbs  = 0, 0
Use ProjFrac = 0, 0
DoPaint 0

SUBJECTS_DIR    /out/sourcedata/freesurfer
FREESURFER_HOME /opt/freesurfer
Loading source label.
Found 1912 points in source label.
Starting surface-based mapping
Reading source registration 
 /out/sourcedata/freesurfer/fsaverage/surf/lh.sphere.reg
Rescaling ...  original radius = 100
Reading target surface 
 /out/sourcedata/freesurfer/sub-v1s8x0051335_ses-1/surf/lh.white
Reading target registration 
 /out/sourcedata/freesurfer/sub-v1s8x0051335_ses-1/surf/lh.sphere.reg
Rescaling ...  original radius = 100
Building target registration hash (res=16).
Building source registration hash (res=16).
INFO: found  1912 nlabel points
Performing mapping from target back to the source label 148879
Number of reverse mapping hits = 162
Checking for and removing duplicates
Writing label file ./lh.BA44_exvivo.thresh.label 2074
mri_label2label: Done


 mri_label2label --srcsubject fsaverage --srclabel /out/sourcedata/freesurfer/fsaverage/label/lh.BA45_exvivo.thresh.label --trgsubject sub-v1s8x0051335_ses-1 --trglabel ./lh.BA45_exvivo.thresh.label --hemi lh --regmethod surface 


srclabel = /out/sourcedata/freesurfer/fsaverage/label/lh.BA45_exvivo.thresh.label
srcsubject = fsaverage
trgsubject = sub-v1s8x0051335_ses-1
trglabel = ./lh.BA45_exvivo.thresh.label
regmethod = surface

srchemi = lh
trghemi = lh
trgsurface = white
srcsurfreg = sphere.reg
trgsurfreg = sphere.reg
usehash = 1
Use ProjAbs  = 0, 0
Use ProjFrac = 0, 0
DoPaint 0

SUBJECTS_DIR    /out/sourcedata/freesurfer
FREESURFER_HOME /opt/freesurfer
Loading source label.
Found 1151 points in source label.
Starting surface-based mapping
Reading source registration 
 /out/sourcedata/freesurfer/fsaverage/surf/lh.sphere.reg
Rescaling ...  original radius = 100
Reading target surface 
 /out/sourcedata/freesurfer/sub-v1s8x0051335_ses-1/surf/lh.white
Reading target registration 
 /out/sourcedata/freesurfer/sub-v1s8x0051335_ses-1/surf/lh.sphere.reg
Rescaling ...  original radius = 100
Building target registration hash (res=16).
Building source registration hash (res=16).
INFO: found  1151 nlabel points
Performing mapping from target back to the source label 148879
Number of reverse mapping hits = 323
Checking for and removing duplicates
Writing label file ./lh.BA45_exvivo.thresh.label 1474
mri_label2label: Done


 mri_label2label --srcsubject fsaverage --srclabel /out/sourcedata/freesurfer/fsaverage/label/lh.V1_exvivo.thresh.label --trgsubject sub-v1s8x0051335_ses-1 --trglabel ./lh.V1_exvivo.thresh.label --hemi lh --regmethod surface 


srclabel = /out/sourcedata/freesurfer/fsaverage/label/lh.V1_exvivo.thresh.label
srcsubject = fsaverage
trgsubject = sub-v1s8x0051335_ses-1
trglabel = ./lh.V1_exvivo.thresh.label
regmethod = surface

srchemi = lh
trghemi = lh
trgsurface = white
srcsurfreg = sphere.reg
trgsurfreg = sphere.reg
usehash = 1
Use ProjAbs  = 0, 0
Use ProjFrac = 0, 0
DoPaint 0

SUBJECTS_DIR    /out/sourcedata/freesurfer
FREESURFER_HOME /opt/freesurfer
Loading source label.
Found 3405 points in source label.
Starting surface-based mapping
Reading source registration 
 /out/sourcedata/freesurfer/fsaverage/surf/lh.sphere.reg
Rescaling ...  original radius = 100
Reading target surface 
 /out/sourcedata/freesurfer/sub-v1s8x0051335_ses-1/surf/lh.white
Reading target registration 
 /out/sourcedata/freesurfer/sub-v1s8x0051335_ses-1/surf/lh.sphere.reg
Rescaling ...  original radius = 100
Building target registration hash (res=16).
Building source registration hash (res=16).
INFO: found  3405 nlabel points
Performing mapping from target back to the source label 148879
Number of reverse mapping hits = 612
Checking for and removing duplicates
Writing label file ./lh.V1_exvivo.thresh.label 4017
mri_label2label: Done


 mri_label2label --srcsubject fsaverage --srclabel /out/sourcedata/freesurfer/fsaverage/label/lh.V2_exvivo.thresh.label --trgsubject sub-v1s8x0051335_ses-1 --trglabel ./lh.V2_exvivo.thresh.label --hemi lh --regmethod surface 


srclabel = /out/sourcedata/freesurfer/fsaverage/label/lh.V2_exvivo.thresh.label
srcsubject = fsaverage
trgsubject = sub-v1s8x0051335_ses-1
trglabel = ./lh.V2_exvivo.thresh.label
regmethod = surface

srchemi = lh
trghemi = lh
trgsurface = white
srcsurfreg = sphere.reg
trgsurfreg = sphere.reg
usehash = 1
Use ProjAbs  = 0, 0
Use ProjFrac = 0, 0
DoPaint 0

SUBJECTS_DIR    /out/sourcedata/freesurfer
FREESURFER_HOME /opt/freesurfer
Loading source label.
Found 3334 points in source label.
Starting surface-based mapping
Reading source registration 
 /out/sourcedata/freesurfer/fsaverage/surf/lh.sphere.reg
Rescaling ...  original radius = 100
Reading target surface 
 /out/sourcedata/freesurfer/sub-v1s8x0051335_ses-1/surf/lh.white
Reading target registration 
 /out/sourcedata/freesurfer/sub-v1s8x0051335_ses-1/surf/lh.sphere.reg
Rescaling ...  original radius = 100
Building target registration hash (res=16).
Building source registration hash (res=16).
INFO: found  3334 nlabel points
Performing mapping from target back to the source label 148879
Number of reverse mapping hits = 1205
Checking for and removing duplicates
Writing label file ./lh.V2_exvivo.thresh.label 4539
mri_label2label: Done


 mri_label2label --srcsubject fsaverage --srclabel /out/sourcedata/freesurfer/fsaverage/label/lh.MT_exvivo.thresh.label --trgsubject sub-v1s8x0051335_ses-1 --trglabel ./lh.MT_exvivo.thresh.label --hemi lh --regmethod surface 


srclabel = /out/sourcedata/freesurfer/fsaverage/label/lh.MT_exvivo.thresh.label
srcsubject = fsaverage
trgsubject = sub-v1s8x0051335_ses-1
trglabel = ./lh.MT_exvivo.thresh.label
regmethod = surface

srchemi = lh
trghemi = lh
trgsurface = white
srcsurfreg = sphere.reg
trgsurfreg = sphere.reg
usehash = 1
Use ProjAbs  = 0, 0
Use ProjFrac = 0, 0
DoPaint 0

SUBJECTS_DIR    /out/sourcedata/freesurfer
FREESURFER_HOME /opt/freesurfer
Loading source label.
Found 513 points in source label.
Starting surface-based mapping
Reading source registration 
 /out/sourcedata/freesurfer/fsaverage/surf/lh.sphere.reg
Rescaling ...  original radius = 100
Reading target surface 
 /out/sourcedata/freesurfer/sub-v1s8x0051335_ses-1/surf/lh.white
Reading target registration 
 /out/sourcedata/freesurfer/sub-v1s8x0051335_ses-1/surf/lh.sphere.reg
Rescaling ...  original radius = 100
Building target registration hash (res=16).
Building source registration hash (res=16).
INFO: found  513 nlabel points
Performing mapping from target back to the source label 148879
Number of reverse mapping hits = 156
Checking for and removing duplicates
Writing label file ./lh.MT_exvivo.thresh.label 669
mri_label2label: Done


 mri_label2label --srcsubject fsaverage --srclabel /out/sourcedata/freesurfer/fsaverage/label/lh.entorhinal_exvivo.thresh.label --trgsubject sub-v1s8x0051335_ses-1 --trglabel ./lh.entorhinal_exvivo.thresh.label --hemi lh --regmethod surface 


srclabel = /out/sourcedata/freesurfer/fsaverage/label/lh.entorhinal_exvivo.thresh.label
srcsubject = fsaverage
trgsubject = sub-v1s8x0051335_ses-1
trglabel = ./lh.entorhinal_exvivo.thresh.label
regmethod = surface

srchemi = lh
trghemi = lh
trgsurface = white
srcsurfreg = sphere.reg
trgsurfreg = sphere.reg
usehash = 1
Use ProjAbs  = 0, 0
Use ProjFrac = 0, 0
DoPaint 0

SUBJECTS_DIR    /out/sourcedata/freesurfer
FREESURFER_HOME /opt/freesurfer
Loading source label.
Found 470 points in source label.
Starting surface-based mapping
Reading source registration 
 /out/sourcedata/freesurfer/fsaverage/surf/lh.sphere.reg
Rescaling ...  original radius = 100
Reading target surface 
 /out/sourcedata/freesurfer/sub-v1s8x0051335_ses-1/surf/lh.white
Reading target registration 
 /out/sourcedata/freesurfer/sub-v1s8x0051335_ses-1/surf/lh.sphere.reg
Rescaling ...  original radius = 100
Building target registration hash (res=16).
Building source registration hash (res=16).
INFO: found  470 nlabel points
Performing mapping from target back to the source label 148879
Number of reverse mapping hits = 49
Checking for and removing duplicates
Writing label file ./lh.entorhinal_exvivo.thresh.label 519
mri_label2label: Done


 mri_label2label --srcsubject fsaverage --srclabel /out/sourcedata/freesurfer/fsaverage/label/lh.perirhinal_exvivo.thresh.label --trgsubject sub-v1s8x0051335_ses-1 --trglabel ./lh.perirhinal_exvivo.thresh.label --hemi lh --regmethod surface 


srclabel = /out/sourcedata/freesurfer/fsaverage/label/lh.perirhinal_exvivo.thresh.label
srcsubject = fsaverage
trgsubject = sub-v1s8x0051335_ses-1
trglabel = ./lh.perirhinal_exvivo.thresh.label
regmethod = surface

srchemi = lh
trghemi = lh
trgsurface = white
srcsurfreg = sphere.reg
trgsurfreg = sphere.reg
usehash = 1
Use ProjAbs  = 0, 0
Use ProjFrac = 0, 0
DoPaint 0

SUBJECTS_DIR    /out/sourcedata/freesurfer
FREESURFER_HOME /opt/freesurfer
Loading source label.
Found 450 points in source label.
Starting surface-based mapping
Reading source registration 
 /out/sourcedata/freesurfer/fsaverage/surf/lh.sphere.reg
Rescaling ...  original radius = 100
Reading target surface 
 /out/sourcedata/freesurfer/sub-v1s8x0051335_ses-1/surf/lh.white
Reading target registration 
 /out/sourcedata/freesurfer/sub-v1s8x0051335_ses-1/surf/lh.sphere.reg
Rescaling ...  original radius = 100
Building target registration hash (res=16).
Building source registration hash (res=16).
INFO: found  450 nlabel points
Performing mapping from target back to the source label 148879
Number of reverse mapping hits = 75
Checking for and removing duplicates
Writing label file ./lh.perirhinal_exvivo.thresh.label 525
mri_label2label: Done


 mris_label2annot --s sub-v1s8x0051335_ses-1 --hemi lh --ctab /opt/freesurfer/average/colortable_BA.txt --l lh.BA1_exvivo.label --l lh.BA2_exvivo.label --l lh.BA3a_exvivo.label --l lh.BA3b_exvivo.label --l lh.BA4a_exvivo.label --l lh.BA4p_exvivo.label --l lh.BA6_exvivo.label --l lh.BA44_exvivo.label --l lh.BA45_exvivo.label --l lh.V1_exvivo.label --l lh.V2_exvivo.label --l lh.MT_exvivo.label --l lh.perirhinal_exvivo.label --l lh.entorhinal_exvivo.label --a BA_exvivo --maxstatwinner --noverbose 

Reading ctab /opt/freesurfer/average/colortable_BA.txt
Number of ctab entries 15

7.3.2
cwd /out/sourcedata/freesurfer/sub-v1s8x0051335_ses-1/label
cmdline mris_label2annot --s sub-v1s8x0051335_ses-1 --hemi lh --ctab /opt/freesurfer/average/colortable_BA.txt --l lh.BA1_exvivo.label --l lh.BA2_exvivo.label --l lh.BA3a_exvivo.label --l lh.BA3b_exvivo.label --l lh.BA4a_exvivo.label --l lh.BA4p_exvivo.label --l lh.BA6_exvivo.label --l lh.BA44_exvivo.label --l lh.BA45_exvivo.label --l lh.V1_exvivo.label --l lh.V2_exvivo.label --l lh.MT_exvivo.label --l lh.perirhinal_exvivo.label --l lh.entorhinal_exvivo.label --a BA_exvivo --maxstatwinner --noverbose 
sysname  Linux
hostname dna076
machine  x86_64
user     oesteban

subject sub-v1s8x0051335_ses-1
hemi    lh
SUBJECTS_DIR /out/sourcedata/freesurfer
ColorTable /opt/freesurfer/average/colortable_BA.txt
AnnotName  BA_exvivo
nlables 14
LabelThresh 0 0.000000
Loading /out/sourcedata/freesurfer/sub-v1s8x0051335_ses-1/surf/lh.orig
 1 1530880 BA1_exvivo
 2 16749699 BA2_exvivo
 3 16711680 BA3a_exvivo
 4 3368703 BA3b_exvivo
 5 1376196 BA4a_exvivo
 6 13382655 BA4p_exvivo
 7 10036737 BA6_exvivo
 8 2490521 BA44_exvivo
 9 39283 BA45_exvivo
10 3993 V1_exvivo
11 8508928 V2_exvivo
12 10027163 MT_exvivo
13 16422433 perirhinal_exvivo
14 16392598 entorhinal_exvivo
Mapping unhit to unknown
Found 101101 unhit vertices
Writing annot to /out/sourcedata/freesurfer/sub-v1s8x0051335_ses-1/label/lh.BA_exvivo.annot

 mris_label2annot --s sub-v1s8x0051335_ses-1 --hemi lh --ctab /opt/freesurfer/average/colortable_BA.txt --l lh.BA1_exvivo.thresh.label --l lh.BA2_exvivo.thresh.label --l lh.BA3a_exvivo.thresh.label --l lh.BA3b_exvivo.thresh.label --l lh.BA4a_exvivo.thresh.label --l lh.BA4p_exvivo.thresh.label --l lh.BA6_exvivo.thresh.label --l lh.BA44_exvivo.thresh.label --l lh.BA45_exvivo.thresh.label --l lh.V1_exvivo.thresh.label --l lh.V2_exvivo.thresh.label --l lh.MT_exvivo.thresh.label --l lh.perirhinal_exvivo.thresh.label --l lh.entorhinal_exvivo.thresh.label --a BA_exvivo.thresh --maxstatwinner --noverbose 

Reading ctab /opt/freesurfer/average/colortable_BA.txt
Number of ctab entries 15

7.3.2
cwd /out/sourcedata/freesurfer/sub-v1s8x0051335_ses-1/label
cmdline mris_label2annot --s sub-v1s8x0051335_ses-1 --hemi lh --ctab /opt/freesurfer/average/colortable_BA.txt --l lh.BA1_exvivo.thresh.label --l lh.BA2_exvivo.thresh.label --l lh.BA3a_exvivo.thresh.label --l lh.BA3b_exvivo.thresh.label --l lh.BA4a_exvivo.thresh.label --l lh.BA4p_exvivo.thresh.label --l lh.BA6_exvivo.thresh.label --l lh.BA44_exvivo.thresh.label --l lh.BA45_exvivo.thresh.label --l lh.V1_exvivo.thresh.label --l lh.V2_exvivo.thresh.label --l lh.MT_exvivo.thresh.label --l lh.perirhinal_exvivo.thresh.label --l lh.entorhinal_exvivo.thresh.label --a BA_exvivo.thresh --maxstatwinner --noverbose 
sysname  Linux
hostname dna076
machine  x86_64
user     oesteban

subject sub-v1s8x0051335_ses-1
hemi    lh
SUBJECTS_DIR /out/sourcedata/freesurfer
ColorTable /opt/freesurfer/average/colortable_BA.txt
AnnotName  BA_exvivo.thresh
nlables 14
LabelThresh 0 0.000000
Loading /out/sourcedata/freesurfer/sub-v1s8x0051335_ses-1/surf/lh.orig
 1 1530880 BA1_exvivo
 2 16749699 BA2_exvivo
 3 16711680 BA3a_exvivo
 4 3368703 BA3b_exvivo
 5 1376196 BA4a_exvivo
 6 13382655 BA4p_exvivo
 7 10036737 BA6_exvivo
 8 2490521 BA44_exvivo
 9 39283 BA45_exvivo
10 3993 V1_exvivo
11 8508928 V2_exvivo
12 10027163 MT_exvivo
13 16422433 perirhinal_exvivo
14 16392598 entorhinal_exvivo
Mapping unhit to unknown
Found 121163 unhit vertices
Writing annot to /out/sourcedata/freesurfer/sub-v1s8x0051335_ses-1/label/lh.BA_exvivo.thresh.annot

 mris_anatomical_stats -th3 -mgz -noglobal -f ../stats/lh.BA_exvivo.stats -b -a ./lh.BA_exvivo.annot -c ./BA_exvivo.ctab sub-v1s8x0051335_ses-1 lh white 

computing statistics for each annotation in ./lh.BA_exvivo.annot.
reading volume /out/sourcedata/freesurfer/sub-v1s8x0051335_ses-1/mri/wm.mgz...
reading input surface /out/sourcedata/freesurfer/sub-v1s8x0051335_ses-1/surf/lh.white...
reading input pial surface /out/sourcedata/freesurfer/sub-v1s8x0051335_ses-1/surf/lh.pial...
reading input white surface /out/sourcedata/freesurfer/sub-v1s8x0051335_ses-1/surf/lh.white...
INFO: using TH3 volume calc
INFO: assuming MGZ format for volumes.
INFO: not computing global stats
Using TH3 vertex volume calc
Total face volume 246160
Total vertex volume 245982 (mask=0)
Saving annotation colortable ./BA_exvivo.ctab

table columns are:
    number of vertices
    total surface area (mm^2)
    total gray matter volume (mm^3)
    average cortical thickness +- standard deviation (mm)
    integrated rectified mean curvature
    integrated rectified Gaussian curvature
    folding index
    intrinsic curvature index
    structure name

 1372    636   1962  2.367 0.731     0.087     0.024       10     1.4  BA1_exvivo
 5033   3066   7218  2.328 0.603     0.098     0.018       35     4.1  BA2_exvivo
 1107    830   1226  1.870 0.528     0.142     0.031       10     1.5  BA3a_exvivo
 2652   1527   3612  2.154 0.831     0.100     0.024       21     2.7  BA3b_exvivo
 1938   1137   2734  2.309 0.722     0.109     0.025       15     2.2  BA4a_exvivo
 1530   1004   2129  2.294 0.758     0.103     0.021        8     1.5  BA4p_exvivo
12667   7064  21213  2.699 0.796     0.107     0.032      130    17.3  BA6_exvivo
 2451   1508   4475  2.749 0.353     0.099     0.020       20     2.0  BA44_exvivo
 3218   1955   6104  2.669 0.544     0.108     0.021       31     2.7  BA45_exvivo
 3266   2252   2913  1.405 0.419     0.141     0.037       51     5.7  V1_exvivo
 8636   5661  10354  1.852 0.530     0.133     0.035       99    13.3  V2_exvivo
 2586   1465   3733  2.392 0.551     0.108     0.029       24     3.2  MT_exvivo
  712    473   1692  3.189 0.771     0.117     0.036        8     0.9  perirhinal_exvivo
  610    394   1651  3.188 0.876     0.093     0.021        4     0.5  entorhinal_exvivo

 mris_anatomical_stats -th3 -mgz -f ../stats/lh.BA_exvivo.thresh.stats -noglobal -b -a ./lh.BA_exvivo.thresh.annot -c ./BA_exvivo.thresh.ctab sub-v1s8x0051335_ses-1 lh white 

computing statistics for each annotation in ./lh.BA_exvivo.thresh.annot.
reading volume /out/sourcedata/freesurfer/sub-v1s8x0051335_ses-1/mri/wm.mgz...
reading input surface /out/sourcedata/freesurfer/sub-v1s8x0051335_ses-1/surf/lh.white...
reading input pial surface /out/sourcedata/freesurfer/sub-v1s8x0051335_ses-1/surf/lh.pial...
reading input white surface /out/sourcedata/freesurfer/sub-v1s8x0051335_ses-1/surf/lh.white...
INFO: using TH3 volume calc
INFO: assuming MGZ format for volumes.
INFO: not computing global stats
Using TH3 vertex volume calc
Total face volume 246160
Total vertex volume 245982 (mask=0)
Saving annotation colortable ./BA_exvivo.thresh.ctab

table columns are:
    number of vertices
    total surface area (mm^2)
    total gray matter volume (mm^3)
    average cortical thickness +- standard deviation (mm)
    integrated rectified mean curvature
    integrated rectified Gaussian curvature
    folding index
    intrinsic curvature index
    structure name

  936    417   1316  2.330 0.709     0.093     0.025        8     1.0  BA1_exvivo
 2022   1223   2828  2.222 0.522     0.094     0.017       14     1.4  BA2_exvivo
  940    730    966  1.748 0.423     0.148     0.033        9     1.3  BA3a_exvivo
 1543    967   1657  1.665 0.472     0.096     0.019       10     1.2  BA3b_exvivo
 1882   1139   2534  2.184 0.699     0.103     0.023       12     1.9  BA4a_exvivo
 1229    813   1740  2.360 0.644     0.102     0.021        6     1.3  BA4p_exvivo
 7080   3892  11713  2.678 0.720     0.106     0.032       62     9.5  BA6_exvivo
 1619    942   2888  2.760 0.347     0.098     0.020       15     1.4  BA44_exvivo
 1398    799   2740  2.736 0.521     0.119     0.026       17     1.4  BA45_exvivo
 3489   2380   3175  1.435 0.454     0.137     0.036       51     5.8  V1_exvivo
 4186   2808   5039  1.780 0.514     0.137     0.038       52     7.1  V2_exvivo
  637    368    909  2.252 0.593     0.108     0.028        7     0.7  MT_exvivo
  335    216    786  3.091 0.900     0.117     0.045        4     0.6  perirhinal_exvivo
  420    271   1011  3.036 0.844     0.103     0.023        3     0.4  entorhinal_exvivo

Started at Tue Mar 10 08:49:30 CET 2026 
Ended   at Tue Mar 10 08:51:56 CET 2026
#@#%# recon-all-run-time-hours 0.041
recon-all -s sub-v1s8x0051335_ses-1 finished without error at Tue Mar 10 08:51:56 CET 2026
