
Tue Mar 10 06:51:22 CET 2026
cd /out/sourcedata/freesurfer/sub-v1s8x0051339_ses-1
setenv SUBJECTS_DIR /out/sourcedata/freesurfer
/opt/freesurfer/bin/recon-all -autorecon1 -i /work/fmriprep_25_2_wf/sub_v1s8x0051339_ses_1_wf/anat_fit_wf/anat_validate/sub-v1s8x0051339_ses-1_T1w_noise_corrected_ras_valid.nii.gz -noskullstrip -noT2pial -noFLAIRpial -openmp 16 -subjid sub-v1s8x0051339_ses-1 -sd /out/sourcedata/freesurfer

subjid sub-v1s8x0051339_ses-1
setenv SUBJECTS_DIR /out/sourcedata/freesurfer
FREESURFER_HOME /opt/freesurfer
Actual FREESURFER_HOME /opt/freesurfer
build-stamp.txt: freesurfer-linux-ubuntu22_x86_64-7.3.2-20220804-6354275
Linux dna087 5.14.0-427.37.1.el9_4.x86_64 #1 SMP PREEMPT_DYNAMIC Fri Sep 13 12:41:50 EDT 2024 x86_64 x86_64 x86_64 GNU/Linux
cputime      unlimited
filesize     unlimited
datasize     unlimited
stacksize    8192 kbytes
coredumpsize 0 kbytes
memoryuse    67108864 kbytes
vmemoryuse   unlimited
descriptors  1024 
memorylocked unlimited
maxproc      2061970 
maxlocks     unlimited
maxsignal    2062029 
maxmessage   819200 
maxnice      0 
maxrtprio    0 
maxrttime    unlimited

               total        used        free      shared  buff/cache   available
Mem:           503Gi        45Gi       403Gi        21Gi        54Gi       432Gi
Swap:             0B          0B          0B

########################################
program versions used
7.3.2 (freesurfer-linux-ubuntu22_x86_64-7.3.2-20220804-6354275)
7.3.2

ProgramName: lta_convert  ProgramArguments: lta_convert -all-info  ProgramVersion: 7.3.2  TimeStamp: 2026/03/10-05:51:22-GMT  BuildTime: Aug  4 2022 06:17:15  BuildStamp: freesurfer-linux-ubuntu22_x86_64-7.3.2-20220804-6354275  User: oesteban  Machine: dna087  Platform: Linux  PlatformVersion: 5.14.0-427.37.1.el9_4.x86_64  CompilerName: GCC  CompilerVersion: 8.4.0
ProgramName: mri_and  ProgramArguments: mri_and -all-info  ProgramVersion: 7.3.2  TimeStamp: 2026/03/10-05:51:22-GMT  BuildTime: Aug  4 2022 06:17:15  BuildStamp: freesurfer-linux-ubuntu22_x86_64-7.3.2-20220804-6354275  User: oesteban  Machine: dna087  Platform: Linux  PlatformVersion: 5.14.0-427.37.1.el9_4.x86_64  CompilerName: GCC  CompilerVersion: 8.4.0
ProgramName: mri_annotation2label  ProgramArguments: mri_annotation2label -all-info  ProgramVersion: 7.3.2  TimeStamp: 2026/03/10-05:51:22-GMT  BuildTime: Aug  4 2022 06:17:15  BuildStamp: freesurfer-linux-ubuntu22_x86_64-7.3.2-20220804-6354275  User: oesteban  Machine: dna087  Platform: Linux  PlatformVersion: 5.14.0-427.37.1.el9_4.x86_64  CompilerName: GCC  CompilerVersion: 8.4.0
ProgramName: mri_aparc2aseg  ProgramArguments: mri_aparc2aseg -all-info  ProgramVersion: 7.3.2  TimeStamp: 2026/03/10-05:51:22-GMT  BuildTime: Aug  4 2022 06:17:15  BuildStamp: freesurfer-linux-ubuntu22_x86_64-7.3.2-20220804-6354275  User: oesteban  Machine: dna087  Platform: Linux  PlatformVersion: 5.14.0-427.37.1.el9_4.x86_64  CompilerName: GCC  CompilerVersion: 8.4.0
ProgramName: mri_surf2volseg  ProgramArguments: mri_surf2volseg -all-info  ProgramVersion: 7.3.2  TimeStamp: 2026/03/10-05:51:22-GMT  BuildTime: Aug  4 2022 06:17:15  BuildStamp: freesurfer-linux-ubuntu22_x86_64-7.3.2-20220804-6354275  User: oesteban  Machine: dna087  Platform: Linux  PlatformVersion: 5.14.0-427.37.1.el9_4.x86_64  CompilerName: GCC  CompilerVersion: 8.4.0
ProgramName: mri_binarize  ProgramArguments: mri_binarize -all-info  ProgramVersion: 7.3.2  TimeStamp: 2026/03/10-05:51:22-GMT  BuildTime: Aug  4 2022 06:17:15  BuildStamp: freesurfer-linux-ubuntu22_x86_64-7.3.2-20220804-6354275  User: oesteban  Machine: dna087  Platform: Linux  PlatformVersion: 5.14.0-427.37.1.el9_4.x86_64  CompilerName: GCC  CompilerVersion: 8.4.0
ProgramName: mri_ca_label  ProgramArguments: mri_ca_label -all-info  ProgramVersion: 7.3.2  TimeStamp: 2026/03/10-05:51:22-GMT  BuildTime: Aug  4 2022 06:17:15  BuildStamp: freesurfer-linux-ubuntu22_x86_64-7.3.2-20220804-6354275  User: oesteban  Machine: dna087  Platform: Linux  PlatformVersion: 5.14.0-427.37.1.el9_4.x86_64  CompilerName: GCC  CompilerVersion: 8.4.0
ProgramName: mri_ca_normalize  ProgramArguments: mri_ca_normalize -all-info  ProgramVersion: 7.3.2  TimeStamp: 2026/03/10-05:51:22-GMT  BuildTime: Aug  4 2022 06:17:15  BuildStamp: freesurfer-linux-ubuntu22_x86_64-7.3.2-20220804-6354275  User: oesteban  Machine: dna087  Platform: Linux  PlatformVersion: 5.14.0-427.37.1.el9_4.x86_64  CompilerName: GCC  CompilerVersion: 8.4.0
ProgramName: mri_ca_register  ProgramArguments: mri_ca_register -all-info  ProgramVersion: 7.3.2  TimeStamp: 2026/03/10-05:51:22-GMT  BuildTime: Aug  4 2022 06:17:15  BuildStamp: freesurfer-linux-ubuntu22_x86_64-7.3.2-20220804-6354275  User: oesteban  Machine: dna087  Platform: Linux  PlatformVersion: 5.14.0-427.37.1.el9_4.x86_64  CompilerName: GCC  CompilerVersion: 8.4.0
ProgramName: mri_cc  ProgramArguments: mri_cc -all-info  ProgramVersion: 7.3.2  TimeStamp: 2026/03/10-05:51:22-GMT  BuildTime: Aug  4 2022 06:17:15  BuildStamp: freesurfer-linux-ubuntu22_x86_64-7.3.2-20220804-6354275  User: oesteban  Machine: dna087  Platform: Linux  PlatformVersion: 5.14.0-427.37.1.el9_4.x86_64  CompilerName: GCC  CompilerVersion: 8.4.0
ProgramName: mri_compute_overlap  ProgramArguments: mri_compute_overlap -all-info  ProgramVersion: 7.3.2  TimeStamp: 2026/03/10-05:51:22-GMT  BuildTime: Aug  4 2022 06:17:15  BuildStamp: freesurfer-linux-ubuntu22_x86_64-7.3.2-20220804-6354275  User: oesteban  Machine: dna087  Platform: Linux  PlatformVersion: 5.14.0-427.37.1.el9_4.x86_64  CompilerName: GCC  CompilerVersion: 8.4.0
ProgramName: mri_compute_seg_overlap  ProgramArguments: mri_compute_seg_overlap -all-info  ProgramVersion: 7.3.2  TimeStamp: 2026/03/10-05:51:22-GMT  BuildTime: Aug  4 2022 06:17:15  BuildStamp: freesurfer-linux-ubuntu22_x86_64-7.3.2-20220804-6354275  User: oesteban  Machine: dna087  Platform: Linux  PlatformVersion: 5.14.0-427.37.1.el9_4.x86_64  CompilerName: GCC  CompilerVersion: 8.4.0
ProgramName: mri_concat  ProgramArguments: mri_concat -all-info  ProgramVersion: 7.3.2  TimeStamp: 2026/03/10-05:51:22-GMT  BuildTime: Aug  4 2022 06:17:15  BuildStamp: freesurfer-linux-ubuntu22_x86_64-7.3.2-20220804-6354275  User: oesteban  Machine: dna087  Platform: Linux  PlatformVersion: 5.14.0-427.37.1.el9_4.x86_64  CompilerName: GCC  CompilerVersion: 8.4.0
ProgramName: mri_concatenate_lta  ProgramArguments: mri_concatenate_lta -all-info  ProgramVersion: 7.3.2  TimeStamp: 2026/03/10-05:51:22-GMT  BuildTime: Aug  4 2022 06:17:15  BuildStamp: freesurfer-linux-ubuntu22_x86_64-7.3.2-20220804-6354275  User: oesteban  Machine: dna087  Platform: Linux  PlatformVersion: 5.14.0-427.37.1.el9_4.x86_64  CompilerName: GCC  CompilerVersion: 8.4.0
mri_convert -all-info 
ProgramName: mri_convert  ProgramArguments: mri_convert -all-info  ProgramVersion: 7.3.2  TimeStamp: 2026/03/10-05:51:22-GMT  BuildTime: Aug  4 2022 06:17:15  BuildStamp: freesurfer-linux-ubuntu22_x86_64-7.3.2-20220804-6354275  User: oesteban  Machine: dna087  Platform: Linux  PlatformVersion: 5.14.0-427.37.1.el9_4.x86_64  CompilerName: GCC  CompilerVersion: 8.4.0
ProgramName: mri_diff  ProgramArguments: mri_diff -all-info  ProgramVersion: 7.3.2  TimeStamp: 2026/03/10-05:51:22-GMT  BuildTime: Aug  4 2022 06:17:15  BuildStamp: freesurfer-linux-ubuntu22_x86_64-7.3.2-20220804-6354275  User: oesteban  Machine: dna087  Platform: Linux  PlatformVersion: 5.14.0-427.37.1.el9_4.x86_64  CompilerName: GCC  CompilerVersion: 8.4.0
ProgramName: mri_edit_wm_with_aseg  ProgramArguments: mri_edit_wm_with_aseg -all-info  ProgramVersion: 7.3.2  TimeStamp: 2026/03/10-05:51:22-GMT  BuildTime: Aug  4 2022 06:17:15  BuildStamp: freesurfer-linux-ubuntu22_x86_64-7.3.2-20220804-6354275  User: oesteban  Machine: dna087  Platform: Linux  PlatformVersion: 5.14.0-427.37.1.el9_4.x86_64  CompilerName: GCC  CompilerVersion: 8.4.0
ProgramName: mri_em_register  ProgramArguments: mri_em_register -all-info  ProgramVersion: 7.3.2  TimeStamp: 2026/03/10-05:51:22-GMT  BuildTime: Aug  4 2022 06:17:15  BuildStamp: freesurfer-linux-ubuntu22_x86_64-7.3.2-20220804-6354275  User: oesteban  Machine: dna087  Platform: Linux  PlatformVersion: 5.14.0-427.37.1.el9_4.x86_64  CompilerName: GCC  CompilerVersion: 8.4.0
ProgramName: mri_fill  ProgramArguments: mri_fill -all-info  ProgramVersion: 7.3.2  TimeStamp: 2026/03/10-05:51:22-GMT  BuildTime: Aug  4 2022 06:17:15  BuildStamp: freesurfer-linux-ubuntu22_x86_64-7.3.2-20220804-6354275  User: oesteban  Machine: dna087  Platform: Linux  PlatformVersion: 5.14.0-427.37.1.el9_4.x86_64  CompilerName: GCC  CompilerVersion: 8.4.0
ProgramName: mri_fuse_segmentations  ProgramArguments: mri_fuse_segmentations -all-info  ProgramVersion: 7.3.2  TimeStamp: 2026/03/10-05:51:22-GMT  BuildTime: Aug  4 2022 06:17:15  BuildStamp: freesurfer-linux-ubuntu22_x86_64-7.3.2-20220804-6354275  User: oesteban  Machine: dna087  Platform: Linux  PlatformVersion: 5.14.0-427.37.1.el9_4.x86_64  CompilerName: GCC  CompilerVersion: 8.4.0
ProgramName: mri_fwhm  ProgramArguments: mri_fwhm -all-info  ProgramVersion: 7.3.2  TimeStamp: 2026/03/10-05:51:22-GMT  BuildTime: Aug  4 2022 06:17:15  BuildStamp: freesurfer-linux-ubuntu22_x86_64-7.3.2-20220804-6354275  User: oesteban  Machine: dna087  Platform: Linux  PlatformVersion: 5.14.0-427.37.1.el9_4.x86_64  CompilerName: GCC  CompilerVersion: 8.4.0
ProgramName: mri_gcut  ProgramArguments: mri_gcut -all-info  ProgramVersion: 7.3.2  TimeStamp: 2026/03/10-05:51:22-GMT  BuildTime: Aug  4 2022 06:17:15  BuildStamp: freesurfer-linux-ubuntu22_x86_64-7.3.2-20220804-6354275  User: oesteban  Machine: dna087  Platform: Linux  PlatformVersion: 5.14.0-427.37.1.el9_4.x86_64  CompilerName: GCC  CompilerVersion: 8.4.0
ProgramName: mri_info  ProgramArguments: mri_info -all-info  ProgramVersion: 7.3.2  TimeStamp: 2026/03/10-05:51:22-GMT  BuildTime: Aug  4 2022 06:17:15  BuildStamp: freesurfer-linux-ubuntu22_x86_64-7.3.2-20220804-6354275  User: oesteban  Machine: dna087  Platform: Linux  PlatformVersion: 5.14.0-427.37.1.el9_4.x86_64  CompilerName: GCC  CompilerVersion: 8.4.0
ProgramName: mri_label2label  ProgramArguments: mri_label2label -all-info  ProgramVersion: 7.3.2  TimeStamp: 2026/03/10-05:51:22-GMT  BuildTime: Aug  4 2022 06:17:15  BuildStamp: freesurfer-linux-ubuntu22_x86_64-7.3.2-20220804-6354275  User: oesteban  Machine: dna087  Platform: Linux  PlatformVersion: 5.14.0-427.37.1.el9_4.x86_64  CompilerName: GCC  CompilerVersion: 8.4.0
ProgramName: mri_label2vol  ProgramArguments: mri_label2vol -all-info  ProgramVersion: 7.3.2  TimeStamp: 2026/03/10-05:51:22-GMT  BuildTime: Aug  4 2022 06:17:15  BuildStamp: freesurfer-linux-ubuntu22_x86_64-7.3.2-20220804-6354275  User: oesteban  Machine: dna087  Platform: Linux  PlatformVersion: 5.14.0-427.37.1.el9_4.x86_64  CompilerName: GCC  CompilerVersion: 8.4.0
ProgramName: mri_log_likelihood  ProgramArguments: mri_log_likelihood -all-info  ProgramVersion: 7.3.2  TimeStamp: 2026/03/10-05:51:22-GMT  BuildTime: Aug  4 2022 06:17:15  BuildStamp: freesurfer-linux-ubuntu22_x86_64-7.3.2-20220804-6354275  User: oesteban  Machine: dna087  Platform: Linux  PlatformVersion: 5.14.0-427.37.1.el9_4.x86_64  CompilerName: GCC  CompilerVersion: 8.4.0
ProgramName: mri_mask  ProgramArguments: mri_mask -all-info  ProgramVersion: 7.3.2  TimeStamp: 2026/03/10-05:51:22-GMT  BuildTime: Aug  4 2022 06:17:15  BuildStamp: freesurfer-linux-ubuntu22_x86_64-7.3.2-20220804-6354275  User: oesteban  Machine: dna087  Platform: Linux  PlatformVersion: 5.14.0-427.37.1.el9_4.x86_64  CompilerName: GCC  CompilerVersion: 8.4.0
ProgramName: mri_matrix_multiply  ProgramArguments: mri_matrix_multiply -all-info  ProgramVersion: 7.3.2  TimeStamp: 2026/03/10-05:51:22-GMT  BuildTime: Aug  4 2022 06:17:15  BuildStamp: freesurfer-linux-ubuntu22_x86_64-7.3.2-20220804-6354275  User: oesteban  Machine: dna087  Platform: Linux  PlatformVersion: 5.14.0-427.37.1.el9_4.x86_64  CompilerName: GCC  CompilerVersion: 8.4.0
ProgramName: mri_normalize  ProgramArguments: mri_normalize -all-info  ProgramVersion: 7.3.2  TimeStamp: 2026/03/10-05:51:22-GMT  BuildTime: Aug  4 2022 06:17:15  BuildStamp: freesurfer-linux-ubuntu22_x86_64-7.3.2-20220804-6354275  User: oesteban  Machine: dna087  Platform: Linux  PlatformVersion: 5.14.0-427.37.1.el9_4.x86_64  CompilerName: GCC  CompilerVersion: 8.4.0
ProgramName: mri_normalize_tp2  ProgramArguments: mri_normalize_tp2 -all-info  ProgramVersion: 7.3.2  TimeStamp: 2026/03/10-05:51:22-GMT  BuildTime: Aug  4 2022 06:17:15  BuildStamp: freesurfer-linux-ubuntu22_x86_64-7.3.2-20220804-6354275  User: oesteban  Machine: dna087  Platform: Linux  PlatformVersion: 5.14.0-427.37.1.el9_4.x86_64  CompilerName: GCC  CompilerVersion: 8.4.0
ProgramName: mri_or  ProgramArguments: mri_or -all-info  ProgramVersion: 7.3.2  TimeStamp: 2026/03/10-05:51:22-GMT  BuildTime: Aug  4 2022 06:17:15  BuildStamp: freesurfer-linux-ubuntu22_x86_64-7.3.2-20220804-6354275  User: oesteban  Machine: dna087  Platform: Linux  PlatformVersion: 5.14.0-427.37.1.el9_4.x86_64  CompilerName: GCC  CompilerVersion: 8.4.0
ProgramName: mri_relabel_hypointensities  ProgramArguments: mri_relabel_hypointensities -all-info  ProgramVersion: 7.3.2  TimeStamp: 2026/03/10-05:51:22-GMT  BuildTime: Aug  4 2022 06:17:15  BuildStamp: freesurfer-linux-ubuntu22_x86_64-7.3.2-20220804-6354275  User: oesteban  Machine: dna087  Platform: Linux  PlatformVersion: 5.14.0-427.37.1.el9_4.x86_64  CompilerName: GCC  CompilerVersion: 8.4.0
ProgramName: mri_relabel_nonwm_hypos  ProgramArguments: mri_relabel_nonwm_hypos -all-info  ProgramVersion: 7.3.2  TimeStamp: 2026/03/10-05:51:23-GMT  BuildTime: Aug  4 2022 06:17:15  BuildStamp: freesurfer-linux-ubuntu22_x86_64-7.3.2-20220804-6354275  User: oesteban  Machine: dna087  Platform: Linux  PlatformVersion: 5.14.0-427.37.1.el9_4.x86_64  CompilerName: GCC  CompilerVersion: 8.4.0
ProgramName: mri_remove_neck  ProgramArguments: mri_remove_neck -all-info  ProgramVersion: 7.3.2  TimeStamp: 2026/03/10-05:51:23-GMT  BuildTime: Aug  4 2022 06:17:15  BuildStamp: freesurfer-linux-ubuntu22_x86_64-7.3.2-20220804-6354275  User: oesteban  Machine: dna087  Platform: Linux  PlatformVersion: 5.14.0-427.37.1.el9_4.x86_64  CompilerName: GCC  CompilerVersion: 8.4.0
7.3.2

ProgramName: mri_robust_register  ProgramArguments: mri_robust_register -all-info  ProgramVersion: 7.3.2  TimeStamp: 2026/03/10-05:51:23-GMT  BuildTime: Aug  4 2022 06:17:15  BuildStamp: freesurfer-linux-ubuntu22_x86_64-7.3.2-20220804-6354275  User: oesteban  Machine: dna087  Platform: Linux  PlatformVersion: 5.14.0-427.37.1.el9_4.x86_64  CompilerName: GCC  CompilerVersion: 8.4.0
7.3.2

ProgramName: mri_robust_template  ProgramArguments: mri_robust_template -all-info  ProgramVersion: 7.3.2  TimeStamp: 2026/03/10-05:51:23-GMT  BuildTime: Aug  4 2022 06:17:15  BuildStamp: freesurfer-linux-ubuntu22_x86_64-7.3.2-20220804-6354275  User: oesteban  Machine: dna087  Platform: Linux  PlatformVersion: 5.14.0-427.37.1.el9_4.x86_64  CompilerName: GCC  CompilerVersion: 8.4.0
ProgramName: mris_anatomical_stats  ProgramArguments: mris_anatomical_stats -all-info  ProgramVersion: 7.3.2  TimeStamp: 2026/03/10-05:51:23-GMT  BuildTime: Aug  4 2022 06:17:15  BuildStamp: freesurfer-linux-ubuntu22_x86_64-7.3.2-20220804-6354275  User: oesteban  Machine: dna087  Platform: Linux  PlatformVersion: 5.14.0-427.37.1.el9_4.x86_64  CompilerName: GCC  CompilerVersion: 8.4.0
ProgramName: mris_ca_label  ProgramArguments: mris_ca_label -all-info  ProgramVersion: 7.3.2  TimeStamp: 2026/03/10-05:51:23-GMT  BuildTime: Aug  4 2022 06:17:15  BuildStamp: freesurfer-linux-ubuntu22_x86_64-7.3.2-20220804-6354275  User: oesteban  Machine: dna087  Platform: Linux  PlatformVersion: 5.14.0-427.37.1.el9_4.x86_64  CompilerName: GCC  CompilerVersion: 8.4.0
ProgramName: mris_calc  ProgramArguments: mris_calc -all-info  ProgramVersion: 7.3.2  TimeStamp: 2026/03/10-05:51:23-GMT  BuildTime: Aug  4 2022 06:17:15  BuildStamp: freesurfer-linux-ubuntu22_x86_64-7.3.2-20220804-6354275  User: oesteban  Machine: dna087  Platform: Linux  PlatformVersion: 5.14.0-427.37.1.el9_4.x86_64  CompilerName: GCC  CompilerVersion: 8.4.0
ProgramName: mris_convert  ProgramArguments: mris_convert -all-info  ProgramVersion: 7.3.2  TimeStamp: 2026/03/10-05:51:23-GMT  BuildTime: Aug  4 2022 06:17:15  BuildStamp: freesurfer-linux-ubuntu22_x86_64-7.3.2-20220804-6354275  User: oesteban  Machine: dna087  Platform: Linux  PlatformVersion: 5.14.0-427.37.1.el9_4.x86_64  CompilerName: GCC  CompilerVersion: 8.4.0
ProgramName: mris_curvature  ProgramArguments: mris_curvature -all-info  ProgramVersion: 7.3.2  TimeStamp: 2026/03/10-05:51:23-GMT  BuildTime: Aug  4 2022 06:17:15  BuildStamp: freesurfer-linux-ubuntu22_x86_64-7.3.2-20220804-6354275  User: oesteban  Machine: dna087  Platform: Linux  PlatformVersion: 5.14.0-427.37.1.el9_4.x86_64  CompilerName: GCC  CompilerVersion: 8.4.0
ProgramName: mris_curvature_stats  ProgramArguments: mris_curvature_stats -all-info  ProgramVersion: 7.3.2  TimeStamp: 2026/03/10-05:51:23-GMT  BuildTime: Aug  4 2022 06:17:15  BuildStamp: freesurfer-linux-ubuntu22_x86_64-7.3.2-20220804-6354275  User: oesteban  Machine: dna087  Platform: Linux  PlatformVersion: 5.14.0-427.37.1.el9_4.x86_64  CompilerName: GCC  CompilerVersion: 8.4.0
ProgramName: mris_diff  ProgramArguments: mris_diff -all-info  ProgramVersion: 7.3.2  TimeStamp: 2026/03/10-05:51:23-GMT  BuildTime: Aug  4 2022 06:17:15  BuildStamp: freesurfer-linux-ubuntu22_x86_64-7.3.2-20220804-6354275  User: oesteban  Machine: dna087  Platform: Linux  PlatformVersion: 5.14.0-427.37.1.el9_4.x86_64  CompilerName: GCC  CompilerVersion: 8.4.0
ProgramName: mris_divide_parcellation  ProgramArguments: mris_divide_parcellation -all-info  ProgramVersion: 7.3.2  TimeStamp: 2026/03/10-05:51:23-GMT  BuildTime: Aug  4 2022 06:17:15  BuildStamp: freesurfer-linux-ubuntu22_x86_64-7.3.2-20220804-6354275  User: oesteban  Machine: dna087  Platform: Linux  PlatformVersion: 5.14.0-427.37.1.el9_4.x86_64  CompilerName: GCC  CompilerVersion: 8.4.0
ProgramName: mri_segment  ProgramArguments: mri_segment -all-info  ProgramVersion: 7.3.2  TimeStamp: 2026/03/10-05:51:23-GMT  BuildTime: Aug  4 2022 06:17:15  BuildStamp: freesurfer-linux-ubuntu22_x86_64-7.3.2-20220804-6354275  User: oesteban  Machine: dna087  Platform: Linux  PlatformVersion: 5.14.0-427.37.1.el9_4.x86_64  CompilerName: GCC  CompilerVersion: 8.4.0
ProgramName: mri_segstats  ProgramArguments: mri_segstats -all-info  ProgramVersion: 7.3.2  TimeStamp: 2026/03/10-05:51:23-GMT  BuildTime: Aug  4 2022 06:17:15  BuildStamp: freesurfer-linux-ubuntu22_x86_64-7.3.2-20220804-6354275  User: oesteban  Machine: dna087  Platform: Linux  PlatformVersion: 5.14.0-427.37.1.el9_4.x86_64  CompilerName: GCC  CompilerVersion: 8.4.0
ProgramName: mris_euler_number  ProgramArguments: mris_euler_number -all-info  ProgramVersion: 7.3.2  TimeStamp: 2026/03/10-05:51:23-GMT  BuildTime: Aug  4 2022 06:17:15  BuildStamp: freesurfer-linux-ubuntu22_x86_64-7.3.2-20220804-6354275  User: oesteban  Machine: dna087  Platform: Linux  PlatformVersion: 5.14.0-427.37.1.el9_4.x86_64  CompilerName: GCC  CompilerVersion: 8.4.0
ProgramName: mris_fix_topology  ProgramArguments: mris_fix_topology -all-info  ProgramVersion: 7.3.2  TimeStamp: 2026/03/10-05:51:23-GMT  BuildTime: Aug  4 2022 06:17:15  BuildStamp: freesurfer-linux-ubuntu22_x86_64-7.3.2-20220804-6354275  User: oesteban  Machine: dna087  Platform: Linux  PlatformVersion: 5.14.0-427.37.1.el9_4.x86_64  CompilerName: GCC  CompilerVersion: 8.4.0
ProgramName: mris_topo_fixer  ProgramArguments: mris_topo_fixer -all-info  ProgramVersion: 7.3.2  TimeStamp: 2026/03/10-05:51:23-GMT  BuildTime: Aug  4 2022 06:17:15  BuildStamp: freesurfer-linux-ubuntu22_x86_64-7.3.2-20220804-6354275  User: oesteban  Machine: dna087  Platform: Linux  PlatformVersion: 5.14.0-427.37.1.el9_4.x86_64  CompilerName: GCC  CompilerVersion: 8.4.0
ProgramName: mris_jacobian  ProgramArguments: mris_jacobian -all-info  ProgramVersion: 7.3.2  TimeStamp: 2026/03/10-05:51:23-GMT  BuildTime: Aug  4 2022 06:17:15  BuildStamp: freesurfer-linux-ubuntu22_x86_64-7.3.2-20220804-6354275  User: oesteban  Machine: dna087  Platform: Linux  PlatformVersion: 5.14.0-427.37.1.el9_4.x86_64  CompilerName: GCC  CompilerVersion: 8.4.0
ProgramName: mris_label2annot  ProgramArguments: mris_label2annot -all-info  ProgramVersion: 7.3.2  TimeStamp: 2026/03/10-05:51:23-GMT  BuildTime: Aug  4 2022 06:17:15  BuildStamp: freesurfer-linux-ubuntu22_x86_64-7.3.2-20220804-6354275  User: oesteban  Machine: dna087  Platform: Linux  PlatformVersion: 5.14.0-427.37.1.el9_4.x86_64  CompilerName: GCC  CompilerVersion: 8.4.0
ProgramName: mris_left_right_register  ProgramArguments: mris_left_right_register -all-info  ProgramVersion: 7.3.2  TimeStamp: 2026/03/10-05:51:23-GMT  BuildTime: Aug  4 2022 06:17:15  BuildStamp: freesurfer-linux-ubuntu22_x86_64-7.3.2-20220804-6354275  User: oesteban  Machine: dna087  Platform: Linux  PlatformVersion: 5.14.0-427.37.1.el9_4.x86_64  CompilerName: GCC  CompilerVersion: 8.4.0
ProgramName: mris_place_surface  ProgramArguments: mris_place_surface -all-info  ProgramVersion: 7.3.2  TimeStamp: 2026/03/10-05:51:23-GMT  BuildTime: Aug  4 2022 06:17:15  BuildStamp: freesurfer-linux-ubuntu22_x86_64-7.3.2-20220804-6354275  User: oesteban  Machine: dna087  Platform: Linux  PlatformVersion: 5.14.0-427.37.1.el9_4.x86_64  CompilerName: GCC  CompilerVersion: 8.4.0
ProgramName: mrisp_paint  ProgramArguments: mrisp_paint -all-info  ProgramVersion: 7.3.2  TimeStamp: 2026/03/10-05:51:23-GMT  BuildTime: Aug  4 2022 06:17:15  BuildStamp: freesurfer-linux-ubuntu22_x86_64-7.3.2-20220804-6354275  User: oesteban  Machine: dna087  Platform: Linux  PlatformVersion: 5.14.0-427.37.1.el9_4.x86_64  CompilerName: GCC  CompilerVersion: 8.4.0
ProgramName: mris_register  ProgramArguments: mris_register -all-info  ProgramVersion: 7.3.2  TimeStamp: 2026/03/10-05:51:23-GMT  BuildTime: Aug  4 2022 06:17:15  BuildStamp: freesurfer-linux-ubuntu22_x86_64-7.3.2-20220804-6354275  User: oesteban  Machine: dna087  Platform: Linux  PlatformVersion: 5.14.0-427.37.1.el9_4.x86_64  CompilerName: GCC  CompilerVersion: 8.4.0
ProgramName: mris_smooth  ProgramArguments: mris_smooth -all-info  ProgramVersion: 7.3.2  TimeStamp: 2026/03/10-05:51:23-GMT  BuildTime: Aug  4 2022 06:17:15  BuildStamp: freesurfer-linux-ubuntu22_x86_64-7.3.2-20220804-6354275  User: oesteban  Machine: dna087  Platform: Linux  PlatformVersion: 5.14.0-427.37.1.el9_4.x86_64  CompilerName: GCC  CompilerVersion: 8.4.0
ProgramName: mris_sphere  ProgramArguments: mris_sphere -all-info  ProgramVersion: 7.3.2  TimeStamp: 2026/03/10-05:51:23-GMT  BuildTime: Aug  4 2022 06:17:15  BuildStamp: freesurfer-linux-ubuntu22_x86_64-7.3.2-20220804-6354275  User: oesteban  Machine: dna087  Platform: Linux  PlatformVersion: 5.14.0-427.37.1.el9_4.x86_64  CompilerName: GCC  CompilerVersion: 8.4.0
ProgramName: mris_surface_stats  ProgramArguments: mris_surface_stats -all-info  ProgramVersion: 7.3.2  TimeStamp: 2026/03/10-05:51:23-GMT  BuildTime: Aug  4 2022 06:17:15  BuildStamp: freesurfer-linux-ubuntu22_x86_64-7.3.2-20220804-6354275  User: oesteban  Machine: dna087  Platform: Linux  PlatformVersion: 5.14.0-427.37.1.el9_4.x86_64  CompilerName: GCC  CompilerVersion: 8.4.0
ProgramName: mri_stats2seg  ProgramArguments: mri_stats2seg -all-info  ProgramVersion: 7.3.2  TimeStamp: 2026/03/10-05:51:23-GMT  BuildTime: Aug  4 2022 06:17:15  BuildStamp: freesurfer-linux-ubuntu22_x86_64-7.3.2-20220804-6354275  User: oesteban  Machine: dna087  Platform: Linux  PlatformVersion: 5.14.0-427.37.1.el9_4.x86_64  CompilerName: GCC  CompilerVersion: 8.4.0
ProgramName: mris_thickness  ProgramArguments: mris_thickness -all-info  ProgramVersion: 7.3.2  TimeStamp: 2026/03/10-05:51:23-GMT  BuildTime: Aug  4 2022 06:17:15  BuildStamp: freesurfer-linux-ubuntu22_x86_64-7.3.2-20220804-6354275  User: oesteban  Machine: dna087  Platform: Linux  PlatformVersion: 5.14.0-427.37.1.el9_4.x86_64  CompilerName: GCC  CompilerVersion: 8.4.0
ProgramName: mris_thickness_diff  ProgramArguments: mris_thickness_diff -all-info  ProgramVersion: 7.3.2  TimeStamp: 2026/03/10-05:51:23-GMT  BuildTime: Aug  4 2022 06:17:15  BuildStamp: freesurfer-linux-ubuntu22_x86_64-7.3.2-20220804-6354275  User: oesteban  Machine: dna087  Platform: Linux  PlatformVersion: 5.14.0-427.37.1.el9_4.x86_64  CompilerName: GCC  CompilerVersion: 8.4.0
ProgramName: mris_topo_fixer  ProgramArguments: mris_topo_fixer -all-info  ProgramVersion: 7.3.2  TimeStamp: 2026/03/10-05:51:23-GMT  BuildTime: Aug  4 2022 06:17:15  BuildStamp: freesurfer-linux-ubuntu22_x86_64-7.3.2-20220804-6354275  User: oesteban  Machine: dna087  Platform: Linux  PlatformVersion: 5.14.0-427.37.1.el9_4.x86_64  CompilerName: GCC  CompilerVersion: 8.4.0
ProgramName: mri_surf2surf  ProgramArguments: mri_surf2surf -all-info  ProgramVersion: 7.3.2  TimeStamp: 2026/03/10-05:51:23-GMT  BuildTime: Aug  4 2022 06:17:15  BuildStamp: freesurfer-linux-ubuntu22_x86_64-7.3.2-20220804-6354275  User: oesteban  Machine: dna087  Platform: Linux  PlatformVersion: 5.14.0-427.37.1.el9_4.x86_64  CompilerName: GCC  CompilerVersion: 8.4.0
ProgramName: mri_surf2vol  ProgramArguments: mri_surf2vol -all-info  ProgramVersion: 7.3.2  TimeStamp: 2026/03/10-05:51:23-GMT  BuildTime: Aug  4 2022 06:17:15  BuildStamp: freesurfer-linux-ubuntu22_x86_64-7.3.2-20220804-6354275  User: oesteban  Machine: dna087  Platform: Linux  PlatformVersion: 5.14.0-427.37.1.el9_4.x86_64  CompilerName: GCC  CompilerVersion: 8.4.0
ProgramName: mri_surfcluster  ProgramArguments: mri_surfcluster -all-info  ProgramVersion: 7.3.2  TimeStamp: 2026/03/10-05:51:23-GMT  BuildTime: Aug  4 2022 06:17:15  BuildStamp: freesurfer-linux-ubuntu22_x86_64-7.3.2-20220804-6354275  User: oesteban  Machine: dna087  Platform: Linux  PlatformVersion: 5.14.0-427.37.1.el9_4.x86_64  CompilerName: GCC  CompilerVersion: 8.4.0
ProgramName: mris_volmask  ProgramArguments: mris_volmask -all-info  ProgramVersion: 7.3.2  TimeStamp: 2026/03/10-05:51:23-GMT  BuildTime: Aug  4 2022 06:17:15  BuildStamp: freesurfer-linux-ubuntu22_x86_64-7.3.2-20220804-6354275  User: oesteban  Machine: dna087  Platform: Linux  PlatformVersion: 5.14.0-427.37.1.el9_4.x86_64  CompilerName: GCC  CompilerVersion: 8.4.0
ProgramName: mri_tessellate  ProgramArguments: mri_tessellate -all-info  ProgramVersion: 7.3.2  TimeStamp: 2026/03/10-05:51:23-GMT  BuildTime: Aug  4 2022 06:17:15  BuildStamp: freesurfer-linux-ubuntu22_x86_64-7.3.2-20220804-6354275  User: oesteban  Machine: dna087  Platform: Linux  PlatformVersion: 5.14.0-427.37.1.el9_4.x86_64  CompilerName: GCC  CompilerVersion: 8.4.0
ProgramName: mri_vol2surf  ProgramArguments: mri_vol2surf -all-info  ProgramVersion: 7.3.2  TimeStamp: 2026/03/10-05:51:23-GMT  BuildTime: Aug  4 2022 06:17:15  BuildStamp: freesurfer-linux-ubuntu22_x86_64-7.3.2-20220804-6354275  User: oesteban  Machine: dna087  Platform: Linux  PlatformVersion: 5.14.0-427.37.1.el9_4.x86_64  CompilerName: GCC  CompilerVersion: 8.4.0
ProgramName: mri_vol2vol  ProgramArguments: mri_vol2vol -all-info  ProgramVersion: 7.3.2  TimeStamp: 2026/03/10-05:51:23-GMT  BuildTime: Aug  4 2022 06:17:15  BuildStamp: freesurfer-linux-ubuntu22_x86_64-7.3.2-20220804-6354275  User: oesteban  Machine: dna087  Platform: Linux  PlatformVersion: 5.14.0-427.37.1.el9_4.x86_64  CompilerName: GCC  CompilerVersion: 8.4.0
ProgramName: mri_voldiff  ProgramArguments: mri_voldiff -all-info  ProgramVersion: 7.3.2  TimeStamp: 2026/03/10-05:51:23-GMT  BuildTime: Aug  4 2022 06:17:15  BuildStamp: freesurfer-linux-ubuntu22_x86_64-7.3.2-20220804-6354275  User: oesteban  Machine: dna087  Platform: Linux  PlatformVersion: 5.14.0-427.37.1.el9_4.x86_64  CompilerName: GCC  CompilerVersion: 8.4.0
ProgramName: mri_watershed  ProgramArguments: mri_watershed -all-info  ProgramVersion: 7.3.2  TimeStamp: 2026/03/10-05:51:23-GMT  BuildTime: Aug  4 2022 06:17:15  BuildStamp: freesurfer-linux-ubuntu22_x86_64-7.3.2-20220804-6354275  User: oesteban  Machine: dna087  Platform: Linux  PlatformVersion: 5.14.0-427.37.1.el9_4.x86_64  CompilerName: GCC  CompilerVersion: 8.4.0
ProgramName: tkregister2  ProgramArguments: tkregister2_cmdl -all-info  ProgramVersion: 7.3.2  TimeStamp: 2026/03/10-05:51:23-GMT  BuildTime: Aug  4 2022 06:17:15  BuildStamp: freesurfer-linux-ubuntu22_x86_64-7.3.2-20220804-6354275  User: oesteban  Machine: dna087  Platform: Linux  PlatformVersion: 5.14.0-427.37.1.el9_4.x86_64  CompilerName: GCC  CompilerVersion: 8.4.0
mri_motion_correct.fsl 7.3.2
mri_convert -all-info 
ProgramName: mri_convert  ProgramArguments: mri_convert -all-info  ProgramVersion: 7.3.2  TimeStamp: 2026/03/10-05:51:23-GMT  BuildTime: Aug  4 2022 06:17:15  BuildStamp: freesurfer-linux-ubuntu22_x86_64-7.3.2-20220804-6354275  User: oesteban  Machine: dna087  Platform: Linux  PlatformVersion: 5.14.0-427.37.1.el9_4.x86_64  CompilerName: GCC  CompilerVersion: 8.4.0
Program nu_correct, built from:
Package MNI N3, version 1.12.0, compiled by nicks@terrier (x86_64-unknown-linux-gnu) on 2015-06-19 at 01:25:34
#######################################
GCADIR /opt/freesurfer/average
GCA RB_all_2020-01-02.gca
GCASkull RB_all_withskull_2020_01_02.gca
AvgCurvTif folding.atlas.acfb40.noaparc.i12.2016-08-02.tif
GCSDIR /opt/freesurfer/average
GCS DKaparc.atlas.acfb40.noaparc.i12.2016-08-02.gcs
#######################################
/out/sourcedata/freesurfer/sub-v1s8x0051339_ses-1

 mri_convert /work/fmriprep_25_2_wf/sub_v1s8x0051339_ses_1_wf/anat_fit_wf/anat_validate/sub-v1s8x0051339_ses-1_T1w_noise_corrected_ras_valid.nii.gz /out/sourcedata/freesurfer/sub-v1s8x0051339_ses-1/mri/orig/001.mgz 

mri_convert /work/fmriprep_25_2_wf/sub_v1s8x0051339_ses_1_wf/anat_fit_wf/anat_validate/sub-v1s8x0051339_ses-1_T1w_noise_corrected_ras_valid.nii.gz /out/sourcedata/freesurfer/sub-v1s8x0051339_ses-1/mri/orig/001.mgz 
reading from /work/fmriprep_25_2_wf/sub_v1s8x0051339_ses_1_wf/anat_fit_wf/anat_validate/sub-v1s8x0051339_ses-1_T1w_noise_corrected_ras_valid.nii.gz...
TR=0.00, TE=0.00, TI=0.00, flip angle=0.00
i_ras = (1, 0, 0)
j_ras = (0, 1, 0)
k_ras = (0, 0, 1)
writing to /out/sourcedata/freesurfer/sub-v1s8x0051339_ses-1/mri/orig/001.mgz...
#--------------------------------------------
#@# MotionCor Tue Mar 10 06:51:24 CET 2026
Found 1 runs
/out/sourcedata/freesurfer/sub-v1s8x0051339_ses-1/mri/orig/001.mgz
Checking for (invalid) multi-frame inputs...
Only one run found so motion
correction will not be performed. I'll
copy the run to rawavg and continue.

 cp /out/sourcedata/freesurfer/sub-v1s8x0051339_ses-1/mri/orig/001.mgz /out/sourcedata/freesurfer/sub-v1s8x0051339_ses-1/mri/rawavg.mgz 


 mri_info /out/sourcedata/freesurfer/sub-v1s8x0051339_ses-1/mri/rawavg.mgz 

rawavg.mgz ========================================
Volume information for /out/sourcedata/freesurfer/sub-v1s8x0051339_ses-1/mri/rawavg.mgz
          type: MGH
    dimensions: 160 x 240 x 256
   voxel sizes: 1.000000, 1.000000, 1.000000
          type: FLOAT (3)
           fov: 256.000
           dof: 1
        xstart: -80.0, xend: 80.0
        ystart: -120.0, yend: 120.0
        zstart: -128.0, zend: 128.0
            TR: 0.00 msec, TE: 0.00 msec, TI: 0.00 msec, flip angle: 0.00 degrees
       nframes: 1
       PhEncDir: UNKNOWN
       FieldStrength: 0.000000
ras xform present
    xform info: x_r =   1.0000, y_r =   0.0000, z_r =   0.0000, c_r =     5.7174
              : x_a =   0.0000, y_a =   1.0000, z_a =   0.0000, c_a =     3.3730
              : x_s =   0.0000, y_s =   0.0000, z_s =   1.0000, c_s =   -14.4237

talairach xfm : 
Orientation   : RAS
Primary Slice Direction: axial

voxel to ras transform:
                1.0000   0.0000   0.0000   -74.2826
                0.0000   1.0000   0.0000  -116.6270
                0.0000   0.0000   1.0000  -142.4237
                0.0000   0.0000   0.0000     1.0000

voxel-to-ras determinant 1

ras to voxel transform:
                1.0000   0.0000   0.0000    74.2826
                0.0000   1.0000   0.0000   116.6270
                0.0000   0.0000   1.0000   142.4237
                0.0000   0.0000   0.0000     1.0000
/out/sourcedata/freesurfer/sub-v1s8x0051339_ses-1

 mri_convert /out/sourcedata/freesurfer/sub-v1s8x0051339_ses-1/mri/rawavg.mgz /out/sourcedata/freesurfer/sub-v1s8x0051339_ses-1/mri/orig.mgz --conform 

mri_convert /out/sourcedata/freesurfer/sub-v1s8x0051339_ses-1/mri/rawavg.mgz /out/sourcedata/freesurfer/sub-v1s8x0051339_ses-1/mri/orig.mgz --conform 
reading from /out/sourcedata/freesurfer/sub-v1s8x0051339_ses-1/mri/rawavg.mgz...
TR=0.00, TE=0.00, TI=0.00, flip angle=0.00
i_ras = (1, 0, 0)
j_ras = (0, 1, 0)
k_ras = (0, 0, 1)
changing data type from float to uchar (noscale = 0)...
MRIchangeType: Building histogram 0 1447.98 1000, flo=0, fhi=0.999, dest_type=0
Reslicing using trilinear interpolation 
writing to /out/sourcedata/freesurfer/sub-v1s8x0051339_ses-1/mri/orig.mgz...

 mri_add_xform_to_header -c /out/sourcedata/freesurfer/sub-v1s8x0051339_ses-1/mri/transforms/talairach.xfm /out/sourcedata/freesurfer/sub-v1s8x0051339_ses-1/mri/orig.mgz /out/sourcedata/freesurfer/sub-v1s8x0051339_ses-1/mri/orig.mgz 

INFO: extension is mgz

 mri_info /out/sourcedata/freesurfer/sub-v1s8x0051339_ses-1/mri/orig.mgz 

orig.mgz ========================================
Volume information for /out/sourcedata/freesurfer/sub-v1s8x0051339_ses-1/mri/orig.mgz
          type: MGH
    dimensions: 256 x 256 x 256
   voxel sizes: 1.000000, 1.000000, 1.000000
          type: UCHAR (0)
           fov: 256.000
           dof: 1
        xstart: -128.0, xend: 128.0
        ystart: -128.0, yend: 128.0
        zstart: -128.0, zend: 128.0
            TR: 0.00 msec, TE: 0.00 msec, TI: 0.00 msec, flip angle: 0.00 degrees
       nframes: 1
       PhEncDir: UNKNOWN
       FieldStrength: 0.000000
ras xform present
    xform info: x_r =  -1.0000, y_r =   0.0000, z_r =   0.0000, c_r =     5.7174
              : x_a =   0.0000, y_a =   0.0000, z_a =   1.0000, c_a =     3.3730
              : x_s =   0.0000, y_s =  -1.0000, z_s =   0.0000, c_s =   -14.4237

talairach xfm : /out/sourcedata/freesurfer/sub-v1s8x0051339_ses-1/mri/transforms/talairach.xfm
Orientation   : LIA
Primary Slice Direction: coronal

voxel to ras transform:
               -1.0000   0.0000   0.0000   133.7174
                0.0000   0.0000   1.0000  -124.6270
                0.0000  -1.0000   0.0000   113.5763
                0.0000   0.0000   0.0000     1.0000

voxel-to-ras determinant -1

ras to voxel transform:
               -1.0000  -0.0000  -0.0000   133.7174
               -0.0000  -0.0000  -1.0000   113.5763
               -0.0000   1.0000  -0.0000   124.6270
               -0.0000  -0.0000  -0.0000     1.0000
#--------------------------------------------
#@# Talairach Tue Mar 10 06:51:30 CET 2026
/out/sourcedata/freesurfer/sub-v1s8x0051339_ses-1/mri

 mri_nu_correct.mni --no-rescale --i orig.mgz --o orig_nu.mgz --ants-n4 --n 1 --proto-iters 1000 --distance 50 

/usr/bin/bc
/out/sourcedata/freesurfer/sub-v1s8x0051339_ses-1/mri
/opt/freesurfer/bin/mri_nu_correct.mni
--no-rescale --i orig.mgz --o orig_nu.mgz --ants-n4 --n 1 --proto-iters 1000 --distance 50
nIters 1
mri_nu_correct.mni 7.3.2
Linux dna087 5.14.0-427.37.1.el9_4.x86_64 #1 SMP PREEMPT_DYNAMIC Fri Sep 13 12:41:50 EDT 2024 x86_64 x86_64 x86_64 GNU/Linux
Tue Mar 10 06:51:30 CET 2026
tmpdir is ./tmp.mri_nu_correct.mni.33775
cd /out/sourcedata/freesurfer/sub-v1s8x0051339_ses-1/mri
AntsN4BiasFieldCorrectionFs -i orig.mgz -o ./tmp.mri_nu_correct.mni.33775/nu0.mgz --dtype uchar
AntsN4BiasFieldCorrectionFs done
mri_convert ./tmp.mri_nu_correct.mni.33775/nu0.mgz orig_nu.mgz --like orig.mgz --conform
mri_convert ./tmp.mri_nu_correct.mni.33775/nu0.mgz orig_nu.mgz --like orig.mgz --conform 
reading from ./tmp.mri_nu_correct.mni.33775/nu0.mgz...
TR=0.00, TE=0.00, TI=0.00, flip angle=0.00
i_ras = (-1, 0, 0)
j_ras = (0, 0, -1)
k_ras = (0, 1, 0)
INFO: transform src into the like-volume: orig.mgz
writing to orig_nu.mgz...
 
 
Tue Mar 10 06:54:03 CET 2026
mri_nu_correct.mni done

 talairach_avi --i orig_nu.mgz --xfm transforms/talairach.auto.xfm 

talairach_avi log file is transforms/talairach_avi.log...
mv -f /out/sourcedata/freesurfer/sub-v1s8x0051339_ses-1/mri/talsrcimg_to_711-2C_as_mni_average_305_t4_vox2vox.txt /out/sourcedata/freesurfer/sub-v1s8x0051339_ses-1/mri/transforms/talsrcimg_to_711-2C_as_mni_average_305_t4_vox2vox.txt
Started at Tue Mar 10 06:54:03 CET 2026
Ended   at Tue Mar 10 06:54:17 CET 2026
talairach_avi done

 cp transforms/talairach.auto.xfm transforms/talairach.xfm 

lta_convert --src orig.mgz --trg /opt/freesurfer/average/mni305.cor.mgz --inxfm transforms/talairach.xfm --outlta transforms/talairach.xfm.lta --subject fsaverage --ltavox2vox
7.3.2

--src: orig.mgz src image (geometry).
--trg: /opt/freesurfer/average/mni305.cor.mgz trg image (geometry).
--inmni: transforms/talairach.xfm input MNI/XFM transform.
--outlta: transforms/talairach.xfm.lta output LTA.
--s: fsaverage subject name
--ltavox2vox: output LTA as VOX_TO_VOX transform.
 LTA read, type : 1
 1.03611  -0.01713   0.07076  -5.66336;
-0.01586   0.96814   0.32084  -13.41146;
-0.10372  -0.24902   1.10588  -13.37170;
 0.00000   0.00000   0.00000   1.00000;
setting subject to fsaverage
Writing  LTA to file transforms/talairach.xfm.lta...
lta_convert successful.
#--------------------------------------------
#@# Talairach Failure Detection Tue Mar 10 06:54:19 CET 2026
/out/sourcedata/freesurfer/sub-v1s8x0051339_ses-1/mri

 talairach_afd -T 0.005 -xfm transforms/talairach.xfm 

talairach_afd: Talairach Transform: transforms/talairach.xfm OK (p=0.6774, pval=0.4932 >= threshold=0.0050)

 awk -f /opt/freesurfer/bin/extract_talairach_avi_QA.awk /out/sourcedata/freesurfer/sub-v1s8x0051339_ses-1/mri/transforms/talairach_avi.log 


 tal_QC_AZS /out/sourcedata/freesurfer/sub-v1s8x0051339_ses-1/mri/transforms/talairach_avi.log 

TalAviQA: 0.97839
z-score: 0
#--------------------------------------------
#@# Nu Intensity Correction Tue Mar 10 06:54:19 CET 2026

 mri_nu_correct.mni --i orig.mgz --o nu.mgz --uchar transforms/talairach.xfm --n 2 --ants-n4 

/usr/bin/bc
/out/sourcedata/freesurfer/sub-v1s8x0051339_ses-1/mri
/opt/freesurfer/bin/mri_nu_correct.mni
--i orig.mgz --o nu.mgz --uchar transforms/talairach.xfm --n 2 --ants-n4
nIters 2
mri_nu_correct.mni 7.3.2
Linux dna087 5.14.0-427.37.1.el9_4.x86_64 #1 SMP PREEMPT_DYNAMIC Fri Sep 13 12:41:50 EDT 2024 x86_64 x86_64 x86_64 GNU/Linux
Tue Mar 10 06:54:19 CET 2026
tmpdir is ./tmp.mri_nu_correct.mni.37338
cd /out/sourcedata/freesurfer/sub-v1s8x0051339_ses-1/mri
AntsN4BiasFieldCorrectionFs -i orig.mgz -o ./tmp.mri_nu_correct.mni.37338/nu0.mgz --dtype uchar
AntsN4BiasFieldCorrectionFs done
mri_binarize --i ./tmp.mri_nu_correct.mni.37338/nu0.mgz --min -1 --o ./tmp.mri_nu_correct.mni.37338/ones.mgz

7.3.2
cwd /out/sourcedata/freesurfer/sub-v1s8x0051339_ses-1/mri
cmdline mri_binarize --i ./tmp.mri_nu_correct.mni.37338/nu0.mgz --min -1 --o ./tmp.mri_nu_correct.mni.37338/ones.mgz 
sysname  Linux
hostname dna087
machine  x86_64
user     oesteban

input      ./tmp.mri_nu_correct.mni.37338/nu0.mgz
frame      0
nErode3d   0
nErode2d   0
output     ./tmp.mri_nu_correct.mni.37338/ones.mgz
Binarizing based on threshold
min        -1
max        +infinity
binval        1
binvalnot     0
fstart = 0, fend = 0, nframes = 1
Starting parallel 1
Found 16777216 values in range
Counting number of voxels in first frame
Found 16777215 voxels in final mask
Writing output to ./tmp.mri_nu_correct.mni.37338/ones.mgz
Count: 16777215 16777215.000000 16777216 99.999994
mri_binarize done
mri_segstats --id 1 --seg ./tmp.mri_nu_correct.mni.37338/ones.mgz --i orig.mgz --sum ./tmp.mri_nu_correct.mni.37338/sum.junk --avgwf ./tmp.mri_nu_correct.mni.37338/input.mean.dat

7.3.2
cwd 
cmdline mri_segstats --id 1 --seg ./tmp.mri_nu_correct.mni.37338/ones.mgz --i orig.mgz --sum ./tmp.mri_nu_correct.mni.37338/sum.junk --avgwf ./tmp.mri_nu_correct.mni.37338/input.mean.dat 
sysname  Linux
hostname dna087
machine  x86_64
user     oesteban
whitesurfname  white
UseRobust  0
Loading ./tmp.mri_nu_correct.mni.37338/ones.mgz
Loading orig.mgz
Voxel Volume is 1 mm^3
Generating list of segmentation ids
Found   1 segmentations
Computing statistics for each segmentation

Reporting on   1 segmentations
Using PrintSegStat
Computing spatial average of each frame

Writing to ./tmp.mri_nu_correct.mni.37338/input.mean.dat
mri_segstats done
mri_segstats --id 1 --seg ./tmp.mri_nu_correct.mni.37338/ones.mgz --i ./tmp.mri_nu_correct.mni.37338/nu0.mgz --sum ./tmp.mri_nu_correct.mni.37338/sum.junk --avgwf ./tmp.mri_nu_correct.mni.37338/output.mean.dat

7.3.2
cwd 
cmdline mri_segstats --id 1 --seg ./tmp.mri_nu_correct.mni.37338/ones.mgz --i ./tmp.mri_nu_correct.mni.37338/nu0.mgz --sum ./tmp.mri_nu_correct.mni.37338/sum.junk --avgwf ./tmp.mri_nu_correct.mni.37338/output.mean.dat 
sysname  Linux
hostname dna087
machine  x86_64
user     oesteban
whitesurfname  white
UseRobust  0
Loading ./tmp.mri_nu_correct.mni.37338/ones.mgz
Loading ./tmp.mri_nu_correct.mni.37338/nu0.mgz
Voxel Volume is 1 mm^3
Generating list of segmentation ids
Found   1 segmentations
Computing statistics for each segmentation

Reporting on   1 segmentations
Using PrintSegStat
Computing spatial average of each frame

Writing to ./tmp.mri_nu_correct.mni.37338/output.mean.dat
mri_segstats done
mris_calc -o ./tmp.mri_nu_correct.mni.37338/nu0.mgz ./tmp.mri_nu_correct.mni.37338/nu0.mgz mul 1.22905725122222396763
Saving result to './tmp.mri_nu_correct.mni.37338/nu0.mgz' (type = MGH )                       [ ok ]
mri_convert ./tmp.mri_nu_correct.mni.37338/nu0.mgz nu.mgz --like orig.mgz
mri_convert ./tmp.mri_nu_correct.mni.37338/nu0.mgz nu.mgz --like orig.mgz 
reading from ./tmp.mri_nu_correct.mni.37338/nu0.mgz...
TR=0.00, TE=0.00, TI=0.00, flip angle=0.00
i_ras = (-1, 0, 0)
j_ras = (0, 0, -1)
k_ras = (0, 1, 0)
INFO: transform src into the like-volume: orig.mgz
writing to nu.mgz...
mri_make_uchar nu.mgz transforms/talairach.xfm nu.mgz
type change took 0 minutes and 3 seconds.
FIRST_PERCENTILE 0.010000
WM_PERCENTILE    0.900000
MAX_R 50.000000
i1 = 8, i2 = 62
#mri_make_uchar# mapping 21 160 to  3 110  :  b -13.3685 m 0.772516 : thresh 17.3052 maxsat 347.395 : nzero 13585002 nsat 0
 
 
Tue Mar 10 06:57:05 CET 2026
mri_nu_correct.mni done

 mri_add_xform_to_header -c /out/sourcedata/freesurfer/sub-v1s8x0051339_ses-1/mri/transforms/talairach.xfm nu.mgz nu.mgz 

INFO: extension is mgz
#--------------------------------------------
#@# Intensity Normalization Tue Mar 10 06:57:06 CET 2026
/out/sourcedata/freesurfer/sub-v1s8x0051339_ses-1/mri

 mri_normalize -g 1 -seed 1234 -mprage nu.mgz T1.mgz 

using max gradient = 1.000
setting seed for random number genererator to 1234
assuming input volume is MGH (Van der Kouwe) MP-RAGE
reading mri_src from nu.mgz...
normalizing image...
NOT doing gentle normalization with control points/label
talairach transform
 1.03611  -0.01713   0.07076  -5.66336;
-0.01586   0.96814   0.32084  -13.41146;
-0.10372  -0.24902   1.10588  -13.37170;
 0.00000   0.00000   0.00000   1.00000;
processing without aseg, no1d=0
MRInormInit(): 
INFO: Modifying talairach volume c_(r,a,s) based on average_305
MRInormalize(): 
MRIsplineNormalize(): npeaks = 19
Starting OpenSpline(): npoints = 19
building Voronoi diagram...
performing soap bubble smoothing, sigma = 8...

Iterating 2 times
---------------------------------
3d normalization pass 1 of 2
white matter peak found at 110
white matter peak found at 110
gm peak at 71 (71), valley at 32 (32)
csf peak at 36, setting threshold to 59
building Voronoi diagram...
performing soap bubble smoothing, sigma = 8...
---------------------------------
3d normalization pass 2 of 2
white matter peak found at 110
white matter peak found at 110
gm peak at 71 (71), valley at 34 (34)
csf peak at 36, setting threshold to 59
building Voronoi diagram...
performing soap bubble smoothing, sigma = 8...
Done iterating ---------------------------------
writing output to T1.mgz
3D bias adjustment took 1 minutes and 6 seconds.

Started at Tue Mar 10 06:51:22 CET 2026 
Ended   at Tue Mar 10 06:58:12 CET 2026
#@#%# recon-all-run-time-hours 0.114
recon-all -s sub-v1s8x0051339_ses-1 finished without error at Tue Mar 10 06:58:12 CET 2026



#New# invocation of recon-all 




Tue Mar 10 07:04:15 CET 2026
cd /out/sourcedata/freesurfer/sub-v1s8x0051339_ses-1
setenv SUBJECTS_DIR /out/sourcedata/freesurfer
/opt/freesurfer/bin/recon-all -openmp 16 -subjid sub-v1s8x0051339_ses-1 -sd /out/sourcedata/freesurfer -gcareg

subjid sub-v1s8x0051339_ses-1
setenv SUBJECTS_DIR /out/sourcedata/freesurfer
FREESURFER_HOME /opt/freesurfer
Actual FREESURFER_HOME /opt/freesurfer
build-stamp.txt: freesurfer-linux-ubuntu22_x86_64-7.3.2-20220804-6354275
Linux dna087 5.14.0-427.37.1.el9_4.x86_64 #1 SMP PREEMPT_DYNAMIC Fri Sep 13 12:41:50 EDT 2024 x86_64 x86_64 x86_64 GNU/Linux
cputime      unlimited
filesize     unlimited
datasize     unlimited
stacksize    8192 kbytes
coredumpsize 0 kbytes
memoryuse    67108864 kbytes
vmemoryuse   unlimited
descriptors  1024 
memorylocked unlimited
maxproc      2061970 
maxlocks     unlimited
maxsignal    2062029 
maxmessage   819200 
maxnice      0 
maxrtprio    0 
maxrttime    unlimited

               total        used        free      shared  buff/cache   available
Mem:           503Gi        47Gi       401Gi        21Gi        55Gi       431Gi
Swap:             0B          0B          0B

########################################
program versions used
7.3.2 (freesurfer-linux-ubuntu22_x86_64-7.3.2-20220804-6354275)
7.3.2

ProgramName: lta_convert  ProgramArguments: lta_convert -all-info  ProgramVersion: 7.3.2  TimeStamp: 2026/03/10-06:04:15-GMT  BuildTime: Aug  4 2022 06:17:15  BuildStamp: freesurfer-linux-ubuntu22_x86_64-7.3.2-20220804-6354275  User: oesteban  Machine: dna087  Platform: Linux  PlatformVersion: 5.14.0-427.37.1.el9_4.x86_64  CompilerName: GCC  CompilerVersion: 8.4.0
ProgramName: mri_and  ProgramArguments: mri_and -all-info  ProgramVersion: 7.3.2  TimeStamp: 2026/03/10-06:04:15-GMT  BuildTime: Aug  4 2022 06:17:15  BuildStamp: freesurfer-linux-ubuntu22_x86_64-7.3.2-20220804-6354275  User: oesteban  Machine: dna087  Platform: Linux  PlatformVersion: 5.14.0-427.37.1.el9_4.x86_64  CompilerName: GCC  CompilerVersion: 8.4.0
ProgramName: mri_annotation2label  ProgramArguments: mri_annotation2label -all-info  ProgramVersion: 7.3.2  TimeStamp: 2026/03/10-06:04:15-GMT  BuildTime: Aug  4 2022 06:17:15  BuildStamp: freesurfer-linux-ubuntu22_x86_64-7.3.2-20220804-6354275  User: oesteban  Machine: dna087  Platform: Linux  PlatformVersion: 5.14.0-427.37.1.el9_4.x86_64  CompilerName: GCC  CompilerVersion: 8.4.0
ProgramName: mri_aparc2aseg  ProgramArguments: mri_aparc2aseg -all-info  ProgramVersion: 7.3.2  TimeStamp: 2026/03/10-06:04:15-GMT  BuildTime: Aug  4 2022 06:17:15  BuildStamp: freesurfer-linux-ubuntu22_x86_64-7.3.2-20220804-6354275  User: oesteban  Machine: dna087  Platform: Linux  PlatformVersion: 5.14.0-427.37.1.el9_4.x86_64  CompilerName: GCC  CompilerVersion: 8.4.0
ProgramName: mri_surf2volseg  ProgramArguments: mri_surf2volseg -all-info  ProgramVersion: 7.3.2  TimeStamp: 2026/03/10-06:04:15-GMT  BuildTime: Aug  4 2022 06:17:15  BuildStamp: freesurfer-linux-ubuntu22_x86_64-7.3.2-20220804-6354275  User: oesteban  Machine: dna087  Platform: Linux  PlatformVersion: 5.14.0-427.37.1.el9_4.x86_64  CompilerName: GCC  CompilerVersion: 8.4.0
ProgramName: mri_binarize  ProgramArguments: mri_binarize -all-info  ProgramVersion: 7.3.2  TimeStamp: 2026/03/10-06:04:15-GMT  BuildTime: Aug  4 2022 06:17:15  BuildStamp: freesurfer-linux-ubuntu22_x86_64-7.3.2-20220804-6354275  User: oesteban  Machine: dna087  Platform: Linux  PlatformVersion: 5.14.0-427.37.1.el9_4.x86_64  CompilerName: GCC  CompilerVersion: 8.4.0
ProgramName: mri_ca_label  ProgramArguments: mri_ca_label -all-info  ProgramVersion: 7.3.2  TimeStamp: 2026/03/10-06:04:15-GMT  BuildTime: Aug  4 2022 06:17:15  BuildStamp: freesurfer-linux-ubuntu22_x86_64-7.3.2-20220804-6354275  User: oesteban  Machine: dna087  Platform: Linux  PlatformVersion: 5.14.0-427.37.1.el9_4.x86_64  CompilerName: GCC  CompilerVersion: 8.4.0
ProgramName: mri_ca_normalize  ProgramArguments: mri_ca_normalize -all-info  ProgramVersion: 7.3.2  TimeStamp: 2026/03/10-06:04:15-GMT  BuildTime: Aug  4 2022 06:17:15  BuildStamp: freesurfer-linux-ubuntu22_x86_64-7.3.2-20220804-6354275  User: oesteban  Machine: dna087  Platform: Linux  PlatformVersion: 5.14.0-427.37.1.el9_4.x86_64  CompilerName: GCC  CompilerVersion: 8.4.0
ProgramName: mri_ca_register  ProgramArguments: mri_ca_register -all-info  ProgramVersion: 7.3.2  TimeStamp: 2026/03/10-06:04:15-GMT  BuildTime: Aug  4 2022 06:17:15  BuildStamp: freesurfer-linux-ubuntu22_x86_64-7.3.2-20220804-6354275  User: oesteban  Machine: dna087  Platform: Linux  PlatformVersion: 5.14.0-427.37.1.el9_4.x86_64  CompilerName: GCC  CompilerVersion: 8.4.0
ProgramName: mri_cc  ProgramArguments: mri_cc -all-info  ProgramVersion: 7.3.2  TimeStamp: 2026/03/10-06:04:15-GMT  BuildTime: Aug  4 2022 06:17:15  BuildStamp: freesurfer-linux-ubuntu22_x86_64-7.3.2-20220804-6354275  User: oesteban  Machine: dna087  Platform: Linux  PlatformVersion: 5.14.0-427.37.1.el9_4.x86_64  CompilerName: GCC  CompilerVersion: 8.4.0
ProgramName: mri_compute_overlap  ProgramArguments: mri_compute_overlap -all-info  ProgramVersion: 7.3.2  TimeStamp: 2026/03/10-06:04:15-GMT  BuildTime: Aug  4 2022 06:17:15  BuildStamp: freesurfer-linux-ubuntu22_x86_64-7.3.2-20220804-6354275  User: oesteban  Machine: dna087  Platform: Linux  PlatformVersion: 5.14.0-427.37.1.el9_4.x86_64  CompilerName: GCC  CompilerVersion: 8.4.0
ProgramName: mri_compute_seg_overlap  ProgramArguments: mri_compute_seg_overlap -all-info  ProgramVersion: 7.3.2  TimeStamp: 2026/03/10-06:04:15-GMT  BuildTime: Aug  4 2022 06:17:15  BuildStamp: freesurfer-linux-ubuntu22_x86_64-7.3.2-20220804-6354275  User: oesteban  Machine: dna087  Platform: Linux  PlatformVersion: 5.14.0-427.37.1.el9_4.x86_64  CompilerName: GCC  CompilerVersion: 8.4.0
ProgramName: mri_concat  ProgramArguments: mri_concat -all-info  ProgramVersion: 7.3.2  TimeStamp: 2026/03/10-06:04:15-GMT  BuildTime: Aug  4 2022 06:17:15  BuildStamp: freesurfer-linux-ubuntu22_x86_64-7.3.2-20220804-6354275  User: oesteban  Machine: dna087  Platform: Linux  PlatformVersion: 5.14.0-427.37.1.el9_4.x86_64  CompilerName: GCC  CompilerVersion: 8.4.0
ProgramName: mri_concatenate_lta  ProgramArguments: mri_concatenate_lta -all-info  ProgramVersion: 7.3.2  TimeStamp: 2026/03/10-06:04:15-GMT  BuildTime: Aug  4 2022 06:17:15  BuildStamp: freesurfer-linux-ubuntu22_x86_64-7.3.2-20220804-6354275  User: oesteban  Machine: dna087  Platform: Linux  PlatformVersion: 5.14.0-427.37.1.el9_4.x86_64  CompilerName: GCC  CompilerVersion: 8.4.0
mri_convert -all-info 
ProgramName: mri_convert  ProgramArguments: mri_convert -all-info  ProgramVersion: 7.3.2  TimeStamp: 2026/03/10-06:04:15-GMT  BuildTime: Aug  4 2022 06:17:15  BuildStamp: freesurfer-linux-ubuntu22_x86_64-7.3.2-20220804-6354275  User: oesteban  Machine: dna087  Platform: Linux  PlatformVersion: 5.14.0-427.37.1.el9_4.x86_64  CompilerName: GCC  CompilerVersion: 8.4.0
ProgramName: mri_diff  ProgramArguments: mri_diff -all-info  ProgramVersion: 7.3.2  TimeStamp: 2026/03/10-06:04:15-GMT  BuildTime: Aug  4 2022 06:17:15  BuildStamp: freesurfer-linux-ubuntu22_x86_64-7.3.2-20220804-6354275  User: oesteban  Machine: dna087  Platform: Linux  PlatformVersion: 5.14.0-427.37.1.el9_4.x86_64  CompilerName: GCC  CompilerVersion: 8.4.0
ProgramName: mri_edit_wm_with_aseg  ProgramArguments: mri_edit_wm_with_aseg -all-info  ProgramVersion: 7.3.2  TimeStamp: 2026/03/10-06:04:15-GMT  BuildTime: Aug  4 2022 06:17:15  BuildStamp: freesurfer-linux-ubuntu22_x86_64-7.3.2-20220804-6354275  User: oesteban  Machine: dna087  Platform: Linux  PlatformVersion: 5.14.0-427.37.1.el9_4.x86_64  CompilerName: GCC  CompilerVersion: 8.4.0
ProgramName: mri_em_register  ProgramArguments: mri_em_register -all-info  ProgramVersion: 7.3.2  TimeStamp: 2026/03/10-06:04:15-GMT  BuildTime: Aug  4 2022 06:17:15  BuildStamp: freesurfer-linux-ubuntu22_x86_64-7.3.2-20220804-6354275  User: oesteban  Machine: dna087  Platform: Linux  PlatformVersion: 5.14.0-427.37.1.el9_4.x86_64  CompilerName: GCC  CompilerVersion: 8.4.0
ProgramName: mri_fill  ProgramArguments: mri_fill -all-info  ProgramVersion: 7.3.2  TimeStamp: 2026/03/10-06:04:15-GMT  BuildTime: Aug  4 2022 06:17:15  BuildStamp: freesurfer-linux-ubuntu22_x86_64-7.3.2-20220804-6354275  User: oesteban  Machine: dna087  Platform: Linux  PlatformVersion: 5.14.0-427.37.1.el9_4.x86_64  CompilerName: GCC  CompilerVersion: 8.4.0
ProgramName: mri_fuse_segmentations  ProgramArguments: mri_fuse_segmentations -all-info  ProgramVersion: 7.3.2  TimeStamp: 2026/03/10-06:04:15-GMT  BuildTime: Aug  4 2022 06:17:15  BuildStamp: freesurfer-linux-ubuntu22_x86_64-7.3.2-20220804-6354275  User: oesteban  Machine: dna087  Platform: Linux  PlatformVersion: 5.14.0-427.37.1.el9_4.x86_64  CompilerName: GCC  CompilerVersion: 8.4.0
ProgramName: mri_fwhm  ProgramArguments: mri_fwhm -all-info  ProgramVersion: 7.3.2  TimeStamp: 2026/03/10-06:04:15-GMT  BuildTime: Aug  4 2022 06:17:15  BuildStamp: freesurfer-linux-ubuntu22_x86_64-7.3.2-20220804-6354275  User: oesteban  Machine: dna087  Platform: Linux  PlatformVersion: 5.14.0-427.37.1.el9_4.x86_64  CompilerName: GCC  CompilerVersion: 8.4.0
ProgramName: mri_gcut  ProgramArguments: mri_gcut -all-info  ProgramVersion: 7.3.2  TimeStamp: 2026/03/10-06:04:15-GMT  BuildTime: Aug  4 2022 06:17:15  BuildStamp: freesurfer-linux-ubuntu22_x86_64-7.3.2-20220804-6354275  User: oesteban  Machine: dna087  Platform: Linux  PlatformVersion: 5.14.0-427.37.1.el9_4.x86_64  CompilerName: GCC  CompilerVersion: 8.4.0
ProgramName: mri_info  ProgramArguments: mri_info -all-info  ProgramVersion: 7.3.2  TimeStamp: 2026/03/10-06:04:15-GMT  BuildTime: Aug  4 2022 06:17:15  BuildStamp: freesurfer-linux-ubuntu22_x86_64-7.3.2-20220804-6354275  User: oesteban  Machine: dna087  Platform: Linux  PlatformVersion: 5.14.0-427.37.1.el9_4.x86_64  CompilerName: GCC  CompilerVersion: 8.4.0
ProgramName: mri_label2label  ProgramArguments: mri_label2label -all-info  ProgramVersion: 7.3.2  TimeStamp: 2026/03/10-06:04:15-GMT  BuildTime: Aug  4 2022 06:17:15  BuildStamp: freesurfer-linux-ubuntu22_x86_64-7.3.2-20220804-6354275  User: oesteban  Machine: dna087  Platform: Linux  PlatformVersion: 5.14.0-427.37.1.el9_4.x86_64  CompilerName: GCC  CompilerVersion: 8.4.0
ProgramName: mri_label2vol  ProgramArguments: mri_label2vol -all-info  ProgramVersion: 7.3.2  TimeStamp: 2026/03/10-06:04:15-GMT  BuildTime: Aug  4 2022 06:17:15  BuildStamp: freesurfer-linux-ubuntu22_x86_64-7.3.2-20220804-6354275  User: oesteban  Machine: dna087  Platform: Linux  PlatformVersion: 5.14.0-427.37.1.el9_4.x86_64  CompilerName: GCC  CompilerVersion: 8.4.0
ProgramName: mri_log_likelihood  ProgramArguments: mri_log_likelihood -all-info  ProgramVersion: 7.3.2  TimeStamp: 2026/03/10-06:04:15-GMT  BuildTime: Aug  4 2022 06:17:15  BuildStamp: freesurfer-linux-ubuntu22_x86_64-7.3.2-20220804-6354275  User: oesteban  Machine: dna087  Platform: Linux  PlatformVersion: 5.14.0-427.37.1.el9_4.x86_64  CompilerName: GCC  CompilerVersion: 8.4.0
ProgramName: mri_mask  ProgramArguments: mri_mask -all-info  ProgramVersion: 7.3.2  TimeStamp: 2026/03/10-06:04:15-GMT  BuildTime: Aug  4 2022 06:17:15  BuildStamp: freesurfer-linux-ubuntu22_x86_64-7.3.2-20220804-6354275  User: oesteban  Machine: dna087  Platform: Linux  PlatformVersion: 5.14.0-427.37.1.el9_4.x86_64  CompilerName: GCC  CompilerVersion: 8.4.0
ProgramName: mri_matrix_multiply  ProgramArguments: mri_matrix_multiply -all-info  ProgramVersion: 7.3.2  TimeStamp: 2026/03/10-06:04:15-GMT  BuildTime: Aug  4 2022 06:17:15  BuildStamp: freesurfer-linux-ubuntu22_x86_64-7.3.2-20220804-6354275  User: oesteban  Machine: dna087  Platform: Linux  PlatformVersion: 5.14.0-427.37.1.el9_4.x86_64  CompilerName: GCC  CompilerVersion: 8.4.0
ProgramName: mri_normalize  ProgramArguments: mri_normalize -all-info  ProgramVersion: 7.3.2  TimeStamp: 2026/03/10-06:04:15-GMT  BuildTime: Aug  4 2022 06:17:15  BuildStamp: freesurfer-linux-ubuntu22_x86_64-7.3.2-20220804-6354275  User: oesteban  Machine: dna087  Platform: Linux  PlatformVersion: 5.14.0-427.37.1.el9_4.x86_64  CompilerName: GCC  CompilerVersion: 8.4.0
ProgramName: mri_normalize_tp2  ProgramArguments: mri_normalize_tp2 -all-info  ProgramVersion: 7.3.2  TimeStamp: 2026/03/10-06:04:15-GMT  BuildTime: Aug  4 2022 06:17:15  BuildStamp: freesurfer-linux-ubuntu22_x86_64-7.3.2-20220804-6354275  User: oesteban  Machine: dna087  Platform: Linux  PlatformVersion: 5.14.0-427.37.1.el9_4.x86_64  CompilerName: GCC  CompilerVersion: 8.4.0
ProgramName: mri_or  ProgramArguments: mri_or -all-info  ProgramVersion: 7.3.2  TimeStamp: 2026/03/10-06:04:15-GMT  BuildTime: Aug  4 2022 06:17:15  BuildStamp: freesurfer-linux-ubuntu22_x86_64-7.3.2-20220804-6354275  User: oesteban  Machine: dna087  Platform: Linux  PlatformVersion: 5.14.0-427.37.1.el9_4.x86_64  CompilerName: GCC  CompilerVersion: 8.4.0
ProgramName: mri_relabel_hypointensities  ProgramArguments: mri_relabel_hypointensities -all-info  ProgramVersion: 7.3.2  TimeStamp: 2026/03/10-06:04:15-GMT  BuildTime: Aug  4 2022 06:17:15  BuildStamp: freesurfer-linux-ubuntu22_x86_64-7.3.2-20220804-6354275  User: oesteban  Machine: dna087  Platform: Linux  PlatformVersion: 5.14.0-427.37.1.el9_4.x86_64  CompilerName: GCC  CompilerVersion: 8.4.0
ProgramName: mri_relabel_nonwm_hypos  ProgramArguments: mri_relabel_nonwm_hypos -all-info  ProgramVersion: 7.3.2  TimeStamp: 2026/03/10-06:04:15-GMT  BuildTime: Aug  4 2022 06:17:15  BuildStamp: freesurfer-linux-ubuntu22_x86_64-7.3.2-20220804-6354275  User: oesteban  Machine: dna087  Platform: Linux  PlatformVersion: 5.14.0-427.37.1.el9_4.x86_64  CompilerName: GCC  CompilerVersion: 8.4.0
ProgramName: mri_remove_neck  ProgramArguments: mri_remove_neck -all-info  ProgramVersion: 7.3.2  TimeStamp: 2026/03/10-06:04:15-GMT  BuildTime: Aug  4 2022 06:17:15  BuildStamp: freesurfer-linux-ubuntu22_x86_64-7.3.2-20220804-6354275  User: oesteban  Machine: dna087  Platform: Linux  PlatformVersion: 5.14.0-427.37.1.el9_4.x86_64  CompilerName: GCC  CompilerVersion: 8.4.0
7.3.2

ProgramName: mri_robust_register  ProgramArguments: mri_robust_register -all-info  ProgramVersion: 7.3.2  TimeStamp: 2026/03/10-06:04:15-GMT  BuildTime: Aug  4 2022 06:17:15  BuildStamp: freesurfer-linux-ubuntu22_x86_64-7.3.2-20220804-6354275  User: oesteban  Machine: dna087  Platform: Linux  PlatformVersion: 5.14.0-427.37.1.el9_4.x86_64  CompilerName: GCC  CompilerVersion: 8.4.0
7.3.2

ProgramName: mri_robust_template  ProgramArguments: mri_robust_template -all-info  ProgramVersion: 7.3.2  TimeStamp: 2026/03/10-06:04:15-GMT  BuildTime: Aug  4 2022 06:17:15  BuildStamp: freesurfer-linux-ubuntu22_x86_64-7.3.2-20220804-6354275  User: oesteban  Machine: dna087  Platform: Linux  PlatformVersion: 5.14.0-427.37.1.el9_4.x86_64  CompilerName: GCC  CompilerVersion: 8.4.0
ProgramName: mris_anatomical_stats  ProgramArguments: mris_anatomical_stats -all-info  ProgramVersion: 7.3.2  TimeStamp: 2026/03/10-06:04:15-GMT  BuildTime: Aug  4 2022 06:17:15  BuildStamp: freesurfer-linux-ubuntu22_x86_64-7.3.2-20220804-6354275  User: oesteban  Machine: dna087  Platform: Linux  PlatformVersion: 5.14.0-427.37.1.el9_4.x86_64  CompilerName: GCC  CompilerVersion: 8.4.0
ProgramName: mris_ca_label  ProgramArguments: mris_ca_label -all-info  ProgramVersion: 7.3.2  TimeStamp: 2026/03/10-06:04:15-GMT  BuildTime: Aug  4 2022 06:17:15  BuildStamp: freesurfer-linux-ubuntu22_x86_64-7.3.2-20220804-6354275  User: oesteban  Machine: dna087  Platform: Linux  PlatformVersion: 5.14.0-427.37.1.el9_4.x86_64  CompilerName: GCC  CompilerVersion: 8.4.0
ProgramName: mris_calc  ProgramArguments: mris_calc -all-info  ProgramVersion: 7.3.2  TimeStamp: 2026/03/10-06:04:15-GMT  BuildTime: Aug  4 2022 06:17:15  BuildStamp: freesurfer-linux-ubuntu22_x86_64-7.3.2-20220804-6354275  User: oesteban  Machine: dna087  Platform: Linux  PlatformVersion: 5.14.0-427.37.1.el9_4.x86_64  CompilerName: GCC  CompilerVersion: 8.4.0
ProgramName: mris_convert  ProgramArguments: mris_convert -all-info  ProgramVersion: 7.3.2  TimeStamp: 2026/03/10-06:04:15-GMT  BuildTime: Aug  4 2022 06:17:15  BuildStamp: freesurfer-linux-ubuntu22_x86_64-7.3.2-20220804-6354275  User: oesteban  Machine: dna087  Platform: Linux  PlatformVersion: 5.14.0-427.37.1.el9_4.x86_64  CompilerName: GCC  CompilerVersion: 8.4.0
ProgramName: mris_curvature  ProgramArguments: mris_curvature -all-info  ProgramVersion: 7.3.2  TimeStamp: 2026/03/10-06:04:15-GMT  BuildTime: Aug  4 2022 06:17:15  BuildStamp: freesurfer-linux-ubuntu22_x86_64-7.3.2-20220804-6354275  User: oesteban  Machine: dna087  Platform: Linux  PlatformVersion: 5.14.0-427.37.1.el9_4.x86_64  CompilerName: GCC  CompilerVersion: 8.4.0
ProgramName: mris_curvature_stats  ProgramArguments: mris_curvature_stats -all-info  ProgramVersion: 7.3.2  TimeStamp: 2026/03/10-06:04:15-GMT  BuildTime: Aug  4 2022 06:17:15  BuildStamp: freesurfer-linux-ubuntu22_x86_64-7.3.2-20220804-6354275  User: oesteban  Machine: dna087  Platform: Linux  PlatformVersion: 5.14.0-427.37.1.el9_4.x86_64  CompilerName: GCC  CompilerVersion: 8.4.0
ProgramName: mris_diff  ProgramArguments: mris_diff -all-info  ProgramVersion: 7.3.2  TimeStamp: 2026/03/10-06:04:15-GMT  BuildTime: Aug  4 2022 06:17:15  BuildStamp: freesurfer-linux-ubuntu22_x86_64-7.3.2-20220804-6354275  User: oesteban  Machine: dna087  Platform: Linux  PlatformVersion: 5.14.0-427.37.1.el9_4.x86_64  CompilerName: GCC  CompilerVersion: 8.4.0
ProgramName: mris_divide_parcellation  ProgramArguments: mris_divide_parcellation -all-info  ProgramVersion: 7.3.2  TimeStamp: 2026/03/10-06:04:15-GMT  BuildTime: Aug  4 2022 06:17:15  BuildStamp: freesurfer-linux-ubuntu22_x86_64-7.3.2-20220804-6354275  User: oesteban  Machine: dna087  Platform: Linux  PlatformVersion: 5.14.0-427.37.1.el9_4.x86_64  CompilerName: GCC  CompilerVersion: 8.4.0
ProgramName: mri_segment  ProgramArguments: mri_segment -all-info  ProgramVersion: 7.3.2  TimeStamp: 2026/03/10-06:04:15-GMT  BuildTime: Aug  4 2022 06:17:15  BuildStamp: freesurfer-linux-ubuntu22_x86_64-7.3.2-20220804-6354275  User: oesteban  Machine: dna087  Platform: Linux  PlatformVersion: 5.14.0-427.37.1.el9_4.x86_64  CompilerName: GCC  CompilerVersion: 8.4.0
ProgramName: mri_segstats  ProgramArguments: mri_segstats -all-info  ProgramVersion: 7.3.2  TimeStamp: 2026/03/10-06:04:15-GMT  BuildTime: Aug  4 2022 06:17:15  BuildStamp: freesurfer-linux-ubuntu22_x86_64-7.3.2-20220804-6354275  User: oesteban  Machine: dna087  Platform: Linux  PlatformVersion: 5.14.0-427.37.1.el9_4.x86_64  CompilerName: GCC  CompilerVersion: 8.4.0
ProgramName: mris_euler_number  ProgramArguments: mris_euler_number -all-info  ProgramVersion: 7.3.2  TimeStamp: 2026/03/10-06:04:15-GMT  BuildTime: Aug  4 2022 06:17:15  BuildStamp: freesurfer-linux-ubuntu22_x86_64-7.3.2-20220804-6354275  User: oesteban  Machine: dna087  Platform: Linux  PlatformVersion: 5.14.0-427.37.1.el9_4.x86_64  CompilerName: GCC  CompilerVersion: 8.4.0
ProgramName: mris_fix_topology  ProgramArguments: mris_fix_topology -all-info  ProgramVersion: 7.3.2  TimeStamp: 2026/03/10-06:04:15-GMT  BuildTime: Aug  4 2022 06:17:15  BuildStamp: freesurfer-linux-ubuntu22_x86_64-7.3.2-20220804-6354275  User: oesteban  Machine: dna087  Platform: Linux  PlatformVersion: 5.14.0-427.37.1.el9_4.x86_64  CompilerName: GCC  CompilerVersion: 8.4.0
ProgramName: mris_topo_fixer  ProgramArguments: mris_topo_fixer -all-info  ProgramVersion: 7.3.2  TimeStamp: 2026/03/10-06:04:15-GMT  BuildTime: Aug  4 2022 06:17:15  BuildStamp: freesurfer-linux-ubuntu22_x86_64-7.3.2-20220804-6354275  User: oesteban  Machine: dna087  Platform: Linux  PlatformVersion: 5.14.0-427.37.1.el9_4.x86_64  CompilerName: GCC  CompilerVersion: 8.4.0
ProgramName: mris_jacobian  ProgramArguments: mris_jacobian -all-info  ProgramVersion: 7.3.2  TimeStamp: 2026/03/10-06:04:15-GMT  BuildTime: Aug  4 2022 06:17:15  BuildStamp: freesurfer-linux-ubuntu22_x86_64-7.3.2-20220804-6354275  User: oesteban  Machine: dna087  Platform: Linux  PlatformVersion: 5.14.0-427.37.1.el9_4.x86_64  CompilerName: GCC  CompilerVersion: 8.4.0
ProgramName: mris_label2annot  ProgramArguments: mris_label2annot -all-info  ProgramVersion: 7.3.2  TimeStamp: 2026/03/10-06:04:15-GMT  BuildTime: Aug  4 2022 06:17:15  BuildStamp: freesurfer-linux-ubuntu22_x86_64-7.3.2-20220804-6354275  User: oesteban  Machine: dna087  Platform: Linux  PlatformVersion: 5.14.0-427.37.1.el9_4.x86_64  CompilerName: GCC  CompilerVersion: 8.4.0
ProgramName: mris_left_right_register  ProgramArguments: mris_left_right_register -all-info  ProgramVersion: 7.3.2  TimeStamp: 2026/03/10-06:04:15-GMT  BuildTime: Aug  4 2022 06:17:15  BuildStamp: freesurfer-linux-ubuntu22_x86_64-7.3.2-20220804-6354275  User: oesteban  Machine: dna087  Platform: Linux  PlatformVersion: 5.14.0-427.37.1.el9_4.x86_64  CompilerName: GCC  CompilerVersion: 8.4.0
ProgramName: mris_place_surface  ProgramArguments: mris_place_surface -all-info  ProgramVersion: 7.3.2  TimeStamp: 2026/03/10-06:04:15-GMT  BuildTime: Aug  4 2022 06:17:15  BuildStamp: freesurfer-linux-ubuntu22_x86_64-7.3.2-20220804-6354275  User: oesteban  Machine: dna087  Platform: Linux  PlatformVersion: 5.14.0-427.37.1.el9_4.x86_64  CompilerName: GCC  CompilerVersion: 8.4.0
ProgramName: mrisp_paint  ProgramArguments: mrisp_paint -all-info  ProgramVersion: 7.3.2  TimeStamp: 2026/03/10-06:04:15-GMT  BuildTime: Aug  4 2022 06:17:15  BuildStamp: freesurfer-linux-ubuntu22_x86_64-7.3.2-20220804-6354275  User: oesteban  Machine: dna087  Platform: Linux  PlatformVersion: 5.14.0-427.37.1.el9_4.x86_64  CompilerName: GCC  CompilerVersion: 8.4.0
ProgramName: mris_register  ProgramArguments: mris_register -all-info  ProgramVersion: 7.3.2  TimeStamp: 2026/03/10-06:04:15-GMT  BuildTime: Aug  4 2022 06:17:15  BuildStamp: freesurfer-linux-ubuntu22_x86_64-7.3.2-20220804-6354275  User: oesteban  Machine: dna087  Platform: Linux  PlatformVersion: 5.14.0-427.37.1.el9_4.x86_64  CompilerName: GCC  CompilerVersion: 8.4.0
ProgramName: mris_smooth  ProgramArguments: mris_smooth -all-info  ProgramVersion: 7.3.2  TimeStamp: 2026/03/10-06:04:15-GMT  BuildTime: Aug  4 2022 06:17:15  BuildStamp: freesurfer-linux-ubuntu22_x86_64-7.3.2-20220804-6354275  User: oesteban  Machine: dna087  Platform: Linux  PlatformVersion: 5.14.0-427.37.1.el9_4.x86_64  CompilerName: GCC  CompilerVersion: 8.4.0
ProgramName: mris_sphere  ProgramArguments: mris_sphere -all-info  ProgramVersion: 7.3.2  TimeStamp: 2026/03/10-06:04:15-GMT  BuildTime: Aug  4 2022 06:17:15  BuildStamp: freesurfer-linux-ubuntu22_x86_64-7.3.2-20220804-6354275  User: oesteban  Machine: dna087  Platform: Linux  PlatformVersion: 5.14.0-427.37.1.el9_4.x86_64  CompilerName: GCC  CompilerVersion: 8.4.0
ProgramName: mris_surface_stats  ProgramArguments: mris_surface_stats -all-info  ProgramVersion: 7.3.2  TimeStamp: 2026/03/10-06:04:15-GMT  BuildTime: Aug  4 2022 06:17:15  BuildStamp: freesurfer-linux-ubuntu22_x86_64-7.3.2-20220804-6354275  User: oesteban  Machine: dna087  Platform: Linux  PlatformVersion: 5.14.0-427.37.1.el9_4.x86_64  CompilerName: GCC  CompilerVersion: 8.4.0
ProgramName: mri_stats2seg  ProgramArguments: mri_stats2seg -all-info  ProgramVersion: 7.3.2  TimeStamp: 2026/03/10-06:04:15-GMT  BuildTime: Aug  4 2022 06:17:15  BuildStamp: freesurfer-linux-ubuntu22_x86_64-7.3.2-20220804-6354275  User: oesteban  Machine: dna087  Platform: Linux  PlatformVersion: 5.14.0-427.37.1.el9_4.x86_64  CompilerName: GCC  CompilerVersion: 8.4.0
ProgramName: mris_thickness  ProgramArguments: mris_thickness -all-info  ProgramVersion: 7.3.2  TimeStamp: 2026/03/10-06:04:15-GMT  BuildTime: Aug  4 2022 06:17:15  BuildStamp: freesurfer-linux-ubuntu22_x86_64-7.3.2-20220804-6354275  User: oesteban  Machine: dna087  Platform: Linux  PlatformVersion: 5.14.0-427.37.1.el9_4.x86_64  CompilerName: GCC  CompilerVersion: 8.4.0
ProgramName: mris_thickness_diff  ProgramArguments: mris_thickness_diff -all-info  ProgramVersion: 7.3.2  TimeStamp: 2026/03/10-06:04:15-GMT  BuildTime: Aug  4 2022 06:17:15  BuildStamp: freesurfer-linux-ubuntu22_x86_64-7.3.2-20220804-6354275  User: oesteban  Machine: dna087  Platform: Linux  PlatformVersion: 5.14.0-427.37.1.el9_4.x86_64  CompilerName: GCC  CompilerVersion: 8.4.0
ProgramName: mris_topo_fixer  ProgramArguments: mris_topo_fixer -all-info  ProgramVersion: 7.3.2  TimeStamp: 2026/03/10-06:04:15-GMT  BuildTime: Aug  4 2022 06:17:15  BuildStamp: freesurfer-linux-ubuntu22_x86_64-7.3.2-20220804-6354275  User: oesteban  Machine: dna087  Platform: Linux  PlatformVersion: 5.14.0-427.37.1.el9_4.x86_64  CompilerName: GCC  CompilerVersion: 8.4.0
ProgramName: mri_surf2surf  ProgramArguments: mri_surf2surf -all-info  ProgramVersion: 7.3.2  TimeStamp: 2026/03/10-06:04:15-GMT  BuildTime: Aug  4 2022 06:17:15  BuildStamp: freesurfer-linux-ubuntu22_x86_64-7.3.2-20220804-6354275  User: oesteban  Machine: dna087  Platform: Linux  PlatformVersion: 5.14.0-427.37.1.el9_4.x86_64  CompilerName: GCC  CompilerVersion: 8.4.0
ProgramName: mri_surf2vol  ProgramArguments: mri_surf2vol -all-info  ProgramVersion: 7.3.2  TimeStamp: 2026/03/10-06:04:15-GMT  BuildTime: Aug  4 2022 06:17:15  BuildStamp: freesurfer-linux-ubuntu22_x86_64-7.3.2-20220804-6354275  User: oesteban  Machine: dna087  Platform: Linux  PlatformVersion: 5.14.0-427.37.1.el9_4.x86_64  CompilerName: GCC  CompilerVersion: 8.4.0
ProgramName: mri_surfcluster  ProgramArguments: mri_surfcluster -all-info  ProgramVersion: 7.3.2  TimeStamp: 2026/03/10-06:04:15-GMT  BuildTime: Aug  4 2022 06:17:15  BuildStamp: freesurfer-linux-ubuntu22_x86_64-7.3.2-20220804-6354275  User: oesteban  Machine: dna087  Platform: Linux  PlatformVersion: 5.14.0-427.37.1.el9_4.x86_64  CompilerName: GCC  CompilerVersion: 8.4.0
ProgramName: mris_volmask  ProgramArguments: mris_volmask -all-info  ProgramVersion: 7.3.2  TimeStamp: 2026/03/10-06:04:15-GMT  BuildTime: Aug  4 2022 06:17:15  BuildStamp: freesurfer-linux-ubuntu22_x86_64-7.3.2-20220804-6354275  User: oesteban  Machine: dna087  Platform: Linux  PlatformVersion: 5.14.0-427.37.1.el9_4.x86_64  CompilerName: GCC  CompilerVersion: 8.4.0
ProgramName: mri_tessellate  ProgramArguments: mri_tessellate -all-info  ProgramVersion: 7.3.2  TimeStamp: 2026/03/10-06:04:15-GMT  BuildTime: Aug  4 2022 06:17:15  BuildStamp: freesurfer-linux-ubuntu22_x86_64-7.3.2-20220804-6354275  User: oesteban  Machine: dna087  Platform: Linux  PlatformVersion: 5.14.0-427.37.1.el9_4.x86_64  CompilerName: GCC  CompilerVersion: 8.4.0
ProgramName: mri_vol2surf  ProgramArguments: mri_vol2surf -all-info  ProgramVersion: 7.3.2  TimeStamp: 2026/03/10-06:04:15-GMT  BuildTime: Aug  4 2022 06:17:15  BuildStamp: freesurfer-linux-ubuntu22_x86_64-7.3.2-20220804-6354275  User: oesteban  Machine: dna087  Platform: Linux  PlatformVersion: 5.14.0-427.37.1.el9_4.x86_64  CompilerName: GCC  CompilerVersion: 8.4.0
ProgramName: mri_vol2vol  ProgramArguments: mri_vol2vol -all-info  ProgramVersion: 7.3.2  TimeStamp: 2026/03/10-06:04:15-GMT  BuildTime: Aug  4 2022 06:17:15  BuildStamp: freesurfer-linux-ubuntu22_x86_64-7.3.2-20220804-6354275  User: oesteban  Machine: dna087  Platform: Linux  PlatformVersion: 5.14.0-427.37.1.el9_4.x86_64  CompilerName: GCC  CompilerVersion: 8.4.0
ProgramName: mri_voldiff  ProgramArguments: mri_voldiff -all-info  ProgramVersion: 7.3.2  TimeStamp: 2026/03/10-06:04:15-GMT  BuildTime: Aug  4 2022 06:17:15  BuildStamp: freesurfer-linux-ubuntu22_x86_64-7.3.2-20220804-6354275  User: oesteban  Machine: dna087  Platform: Linux  PlatformVersion: 5.14.0-427.37.1.el9_4.x86_64  CompilerName: GCC  CompilerVersion: 8.4.0
ProgramName: mri_watershed  ProgramArguments: mri_watershed -all-info  ProgramVersion: 7.3.2  TimeStamp: 2026/03/10-06:04:15-GMT  BuildTime: Aug  4 2022 06:17:15  BuildStamp: freesurfer-linux-ubuntu22_x86_64-7.3.2-20220804-6354275  User: oesteban  Machine: dna087  Platform: Linux  PlatformVersion: 5.14.0-427.37.1.el9_4.x86_64  CompilerName: GCC  CompilerVersion: 8.4.0
ProgramName: tkregister2  ProgramArguments: tkregister2_cmdl -all-info  ProgramVersion: 7.3.2  TimeStamp: 2026/03/10-06:04:15-GMT  BuildTime: Aug  4 2022 06:17:15  BuildStamp: freesurfer-linux-ubuntu22_x86_64-7.3.2-20220804-6354275  User: oesteban  Machine: dna087  Platform: Linux  PlatformVersion: 5.14.0-427.37.1.el9_4.x86_64  CompilerName: GCC  CompilerVersion: 8.4.0
mri_motion_correct.fsl 7.3.2
mri_convert -all-info 
ProgramName: mri_convert  ProgramArguments: mri_convert -all-info  ProgramVersion: 7.3.2  TimeStamp: 2026/03/10-06:04:15-GMT  BuildTime: Aug  4 2022 06:17:15  BuildStamp: freesurfer-linux-ubuntu22_x86_64-7.3.2-20220804-6354275  User: oesteban  Machine: dna087  Platform: Linux  PlatformVersion: 5.14.0-427.37.1.el9_4.x86_64  CompilerName: GCC  CompilerVersion: 8.4.0
Program nu_correct, built from:
Package MNI N3, version 1.12.0, compiled by nicks@terrier (x86_64-unknown-linux-gnu) on 2015-06-19 at 01:25:34
#######################################
GCADIR /opt/freesurfer/average
GCA RB_all_2020-01-02.gca
GCASkull RB_all_withskull_2020_01_02.gca
AvgCurvTif folding.atlas.acfb40.noaparc.i12.2016-08-02.tif
GCSDIR /opt/freesurfer/average
GCS DKaparc.atlas.acfb40.noaparc.i12.2016-08-02.gcs
#######################################
#-------------------------------------
#@# EM Registration Tue Mar 10 07:04:15 CET 2026
/out/sourcedata/freesurfer/sub-v1s8x0051339_ses-1/mri

 mri_em_register -uns 3 -mask brainmask.mgz nu.mgz /opt/freesurfer/average/RB_all_2020-01-02.gca transforms/talairach.lta 

setting unknown_nbr_spacing = 3
using MR volume brainmask.mgz to mask input volume...

== Number of threads available to mri_em_register for OpenMP = 16 == 
reading 1 input volumes...
logging results to talairach.log
reading '/opt/freesurfer/average/RB_all_2020-01-02.gca'...
GCAread took 0 minutes and 1 seconds.
average std = 7.2   using min determinant for regularization = 5.2
0 singular and 884 ill-conditioned covariance matrices regularized
reading 'nu.mgz'...
MRImask(): AllowDiffGeom = 1
MRImask(): AllowDiffGeom = 1
MRImask(): AllowDiffGeom = 1
MRImask(): AllowDiffGeom = 1
MRImask(): AllowDiffGeom = 1
freeing gibbs priors...done.
accounting for voxel sizes in initial transform
bounding unknown intensity as < 5.9 or > 519.0 
total sample mean = 79.1 (1017 zeros)
************************************************
spacing=8, using 2841 sample points, tol=1.00e-05...
************************************************
register_mri: find_optimal_transform
find_optimal_transform: nsamples 2841, passno 0, spacing 8
resetting wm mean[0]: 98 --> 107
resetting gm mean[0]: 61 --> 61
input volume #1 is the most T1-like
using real data threshold=23.1
skull bounding box = (60, 37, 31) --> (196, 166, 200)
finding center of left hemi white matter
using (105, 80, 116) as brain centroid of Right_Cerebral_White_Matter...
MRImask(): AllowDiffGeom = 1
mean wm in atlas = 107, using box (88,64,95) --> (121, 95,136) to find MRI wm
before smoothing, mri peak at 108
robust fit to distribution - 108 +- 4.3
after smoothing, mri peak at 108, scaling input intensities by 0.991
scaling channel 0 by 0.990741
initial log_p = -4.390
************************************************
First Search limited to translation only.
************************************************
max log p =    -4.125162 @ (-10.526, 31.579, -10.526)
max log p =    -3.720085 @ (5.263, -5.263, 5.263)
max log p =    -3.693644 @ (2.632, -2.632, -2.632)
max log p =    -3.679679 @ (-1.316, 1.316, 1.316)
max log p =    -3.658455 @ (0.658, -0.658, 0.658)
max log p =    -3.655296 @ (-0.987, -0.329, -0.329)
max log p =    -3.655296 @ (0.000, 0.000, 0.000)
max log p =    -3.655296 @ (0.000, 0.000, 0.000)
Found translation: (-4.3, 24.0, -6.3): log p = -3.655
****************************************
Nine parameter search.  iteration 0 nscales = 0 ...
****************************************
Result so far: scale 1.000: max_log_p=-3.400, old_max_log_p =-3.655 (thresh=-3.7)
 0.99144   0.14499   0.03885  -21.30762;
-0.13053   1.10131   0.29510  -1.48393;
 0.00000  -0.23941   0.89348   35.95509;
 0.00000   0.00000   0.00000   1.00000;
iteration took 0 minutes and 11 seconds.
****************************************
Nine parameter search.  iteration 1 nscales = 0 ...
****************************************
Result so far: scale 1.000: max_log_p=-3.400, old_max_log_p =-3.400 (thresh=-3.4)
 0.99144   0.14499   0.03885  -21.30762;
-0.13053   1.10131   0.29510  -1.48393;
 0.00000  -0.23941   0.89348   35.95509;
 0.00000   0.00000   0.00000   1.00000;
reducing scale to 0.2500
iteration took 0 minutes and 11 seconds.
****************************************
Nine parameter search.  iteration 2 nscales = 1 ...
****************************************
Result so far: scale 0.250: max_log_p=-3.285, old_max_log_p =-3.400 (thresh=-3.4)
 1.01323   0.10995   0.02738  -19.55197;
-0.10096   1.14023   0.23936  -4.98653;
-0.00436  -0.17865   0.96214   17.79355;
 0.00000   0.00000   0.00000   1.00000;
iteration took 0 minutes and 10 seconds.
****************************************
Nine parameter search.  iteration 3 nscales = 1 ...
****************************************
Result so far: scale 0.250: max_log_p=-3.273, old_max_log_p =-3.285 (thresh=-3.3)
 0.99423   0.10789   0.02686  -16.80783;
-0.09907   1.11885   0.23487  -2.65634;
-0.00428  -0.17530   0.94410   19.43657;
 0.00000   0.00000   0.00000   1.00000;
iteration took 0 minutes and 11 seconds.
****************************************
Nine parameter search.  iteration 4 nscales = 1 ...
****************************************
Result so far: scale 0.250: max_log_p=-3.273, old_max_log_p =-3.273 (thresh=-3.3)
 0.99423   0.10789   0.02686  -16.80783;
-0.09907   1.11885   0.23487  -2.65634;
-0.00428  -0.17530   0.94410   19.43657;
 0.00000   0.00000   0.00000   1.00000;
reducing scale to 0.0625
iteration took 0 minutes and 11 seconds.
****************************************
Nine parameter search.  iteration 5 nscales = 2 ...
****************************************
Result so far: scale 0.062: max_log_p=-3.241, old_max_log_p =-3.273 (thresh=-3.3)
 0.99327   0.12149   0.05410  -20.52109;
-0.11551   1.11527   0.24985  -0.86348;
-0.02708  -0.19678   0.94135   25.74786;
 0.00000   0.00000   0.00000   1.00000;
iteration took 0 minutes and 10 seconds.
****************************************
Nine parameter search.  iteration 6 nscales = 2 ...
****************************************
Result so far: scale 0.062: max_log_p=-3.240, old_max_log_p =-3.241 (thresh=-3.2)
 0.99211   0.12135   0.05403  -20.34844;
-0.11551   1.11527   0.24985  -0.86348;
-0.02708  -0.19678   0.94135   25.74786;
 0.00000   0.00000   0.00000   1.00000;
min search scale 0.025000 reached
***********************************************
Computing MAP estimate using 2841 samples...
***********************************************
dt = 5.00e-06, momentum=0.80, tol=1.00e-05
l_intensity = 1.0000
Aligning input volume to GCA...
Transform matrix
 0.99211   0.12135   0.05403  -20.34844;
-0.11551   1.11527   0.24985  -0.86348;
-0.02708  -0.19678   0.94135   25.74786;
 0.00000   0.00000   0.00000   1.00000;
nsamples 2841
Quasinewton: input matrix
 0.99211   0.12135   0.05403  -20.34844;
-0.11551   1.11527   0.24985  -0.86348;
-0.02708  -0.19678   0.94135   25.74786;
 0.00000   0.00000   0.00000   1.00000;
 IFLAG= -1  LINE SEARCH FAILED. SEE DOCUMENTATION OF ROUTINE MCSRCH ERROR RETURN OF LINE SEARCH: INFO= 3 POSSIBLE CAUSES: FUNCTION OR GRADIENT ARE INCORRECT OR INCORRECT TOLERANCESoutof QuasiNewtonEMA: 009: -log(p) =   -0.0  tol 0.000010
Resulting transform:
 0.99211   0.12135   0.05403  -20.34844;
-0.11551   1.11527   0.24985  -0.86348;
-0.02708  -0.19678   0.94135   25.74786;
 0.00000   0.00000   0.00000   1.00000;

pass 1, spacing 8: log(p) = -3.240 (old=-4.390)
transform before final EM align:
 0.99211   0.12135   0.05403  -20.34844;
-0.11551   1.11527   0.24985  -0.86348;
-0.02708  -0.19678   0.94135   25.74786;
 0.00000   0.00000   0.00000   1.00000;

**************************************************
 EM alignment process ...
 Computing final MAP estimate using 315638 samples. 
**************************************************
dt = 5.00e-06, momentum=0.80, tol=1.00e-07
l_intensity = 1.0000
Aligning input volume to GCA...
Transform matrix
 0.99211   0.12135   0.05403  -20.34844;
-0.11551   1.11527   0.24985  -0.86348;
-0.02708  -0.19678   0.94135   25.74786;
 0.00000   0.00000   0.00000   1.00000;
nsamples 315638
Quasinewton: input matrix
 0.99211   0.12135   0.05403  -20.34844;
-0.11551   1.11527   0.24985  -0.86348;
-0.02708  -0.19678   0.94135   25.74786;
 0.00000   0.00000   0.00000   1.00000;
dfp_em_step_func: 010: -log(p) = 3.8
after pass:transform: ( 0.99, 0.12, 0.05, -20.35)
                      ( -0.12, 1.12, 0.25, -0.86)
                      ( -0.03, -0.20, 0.94, 25.75)
 IFLAG= -1  LINE SEARCH FAILED. SEE DOCUMENTATION OF ROUTINE MCSRCH ERROR RETURN OF LINE SEARCH: INFO= 3 POSSIBLE CAUSES: FUNCTION OR GRADIENT ARE INCORRECT OR INCORRECT TOLERANCESpass 2 through quasi-newton minimization...
 IFLAG= -1  LINE SEARCH FAILED. SEE DOCUMENTATION OF ROUTINE MCSRCH ERROR RETURN OF LINE SEARCH: INFO= 3 POSSIBLE CAUSES: FUNCTION OR GRADIENT ARE INCORRECT OR INCORRECT TOLERANCESoutof QuasiNewtonEMA: 012: -log(p) =    3.8  tol 0.000000
final transform:
 0.99211   0.12135   0.05403  -20.34844;
-0.11551   1.11527   0.24985  -0.86348;
-0.02708  -0.19678   0.94135   25.74786;
 0.00000   0.00000   0.00000   1.00000;

writing output transformation to transforms/talairach.lta...
#VMPC# mri_em_register VmPeak  891284
FSRUNTIME@ mri_em_register  0.0338 hours 16 threads
registration took 2 minutes and 2 seconds.

Started at Tue Mar 10 07:04:15 CET 2026 
Ended   at Tue Mar 10 07:06:17 CET 2026
#@#%# recon-all-run-time-hours 0.034
recon-all -s sub-v1s8x0051339_ses-1 finished without error at Tue Mar 10 07:06:17 CET 2026



#New# invocation of recon-all 




Tue Mar 10 07:06:19 CET 2026
cd /out/sourcedata/freesurfer/sub-v1s8x0051339_ses-1
setenv SUBJECTS_DIR /out/sourcedata/freesurfer
/opt/freesurfer/bin/recon-all -autorecon2-volonly -openmp 16 -subjid sub-v1s8x0051339_ses-1 -sd /out/sourcedata/freesurfer -nogcareg

subjid sub-v1s8x0051339_ses-1
setenv SUBJECTS_DIR /out/sourcedata/freesurfer
FREESURFER_HOME /opt/freesurfer
Actual FREESURFER_HOME /opt/freesurfer
build-stamp.txt: freesurfer-linux-ubuntu22_x86_64-7.3.2-20220804-6354275
Linux dna087 5.14.0-427.37.1.el9_4.x86_64 #1 SMP PREEMPT_DYNAMIC Fri Sep 13 12:41:50 EDT 2024 x86_64 x86_64 x86_64 GNU/Linux
cputime      unlimited
filesize     unlimited
datasize     unlimited
stacksize    8192 kbytes
coredumpsize 0 kbytes
memoryuse    67108864 kbytes
vmemoryuse   unlimited
descriptors  1024 
memorylocked unlimited
maxproc      2061970 
maxlocks     unlimited
maxsignal    2062029 
maxmessage   819200 
maxnice      0 
maxrtprio    0 
maxrttime    unlimited

               total        used        free      shared  buff/cache   available
Mem:           503Gi        47Gi       400Gi        21Gi        55Gi       431Gi
Swap:             0B          0B          0B

########################################
program versions used
7.3.2 (freesurfer-linux-ubuntu22_x86_64-7.3.2-20220804-6354275)
7.3.2

ProgramName: lta_convert  ProgramArguments: lta_convert -all-info  ProgramVersion: 7.3.2  TimeStamp: 2026/03/10-06:06:19-GMT  BuildTime: Aug  4 2022 06:17:15  BuildStamp: freesurfer-linux-ubuntu22_x86_64-7.3.2-20220804-6354275  User: oesteban  Machine: dna087  Platform: Linux  PlatformVersion: 5.14.0-427.37.1.el9_4.x86_64  CompilerName: GCC  CompilerVersion: 8.4.0
ProgramName: mri_and  ProgramArguments: mri_and -all-info  ProgramVersion: 7.3.2  TimeStamp: 2026/03/10-06:06:19-GMT  BuildTime: Aug  4 2022 06:17:15  BuildStamp: freesurfer-linux-ubuntu22_x86_64-7.3.2-20220804-6354275  User: oesteban  Machine: dna087  Platform: Linux  PlatformVersion: 5.14.0-427.37.1.el9_4.x86_64  CompilerName: GCC  CompilerVersion: 8.4.0
ProgramName: mri_annotation2label  ProgramArguments: mri_annotation2label -all-info  ProgramVersion: 7.3.2  TimeStamp: 2026/03/10-06:06:19-GMT  BuildTime: Aug  4 2022 06:17:15  BuildStamp: freesurfer-linux-ubuntu22_x86_64-7.3.2-20220804-6354275  User: oesteban  Machine: dna087  Platform: Linux  PlatformVersion: 5.14.0-427.37.1.el9_4.x86_64  CompilerName: GCC  CompilerVersion: 8.4.0
ProgramName: mri_aparc2aseg  ProgramArguments: mri_aparc2aseg -all-info  ProgramVersion: 7.3.2  TimeStamp: 2026/03/10-06:06:19-GMT  BuildTime: Aug  4 2022 06:17:15  BuildStamp: freesurfer-linux-ubuntu22_x86_64-7.3.2-20220804-6354275  User: oesteban  Machine: dna087  Platform: Linux  PlatformVersion: 5.14.0-427.37.1.el9_4.x86_64  CompilerName: GCC  CompilerVersion: 8.4.0
ProgramName: mri_surf2volseg  ProgramArguments: mri_surf2volseg -all-info  ProgramVersion: 7.3.2  TimeStamp: 2026/03/10-06:06:19-GMT  BuildTime: Aug  4 2022 06:17:15  BuildStamp: freesurfer-linux-ubuntu22_x86_64-7.3.2-20220804-6354275  User: oesteban  Machine: dna087  Platform: Linux  PlatformVersion: 5.14.0-427.37.1.el9_4.x86_64  CompilerName: GCC  CompilerVersion: 8.4.0
ProgramName: mri_binarize  ProgramArguments: mri_binarize -all-info  ProgramVersion: 7.3.2  TimeStamp: 2026/03/10-06:06:19-GMT  BuildTime: Aug  4 2022 06:17:15  BuildStamp: freesurfer-linux-ubuntu22_x86_64-7.3.2-20220804-6354275  User: oesteban  Machine: dna087  Platform: Linux  PlatformVersion: 5.14.0-427.37.1.el9_4.x86_64  CompilerName: GCC  CompilerVersion: 8.4.0
ProgramName: mri_ca_label  ProgramArguments: mri_ca_label -all-info  ProgramVersion: 7.3.2  TimeStamp: 2026/03/10-06:06:19-GMT  BuildTime: Aug  4 2022 06:17:15  BuildStamp: freesurfer-linux-ubuntu22_x86_64-7.3.2-20220804-6354275  User: oesteban  Machine: dna087  Platform: Linux  PlatformVersion: 5.14.0-427.37.1.el9_4.x86_64  CompilerName: GCC  CompilerVersion: 8.4.0
ProgramName: mri_ca_normalize  ProgramArguments: mri_ca_normalize -all-info  ProgramVersion: 7.3.2  TimeStamp: 2026/03/10-06:06:19-GMT  BuildTime: Aug  4 2022 06:17:15  BuildStamp: freesurfer-linux-ubuntu22_x86_64-7.3.2-20220804-6354275  User: oesteban  Machine: dna087  Platform: Linux  PlatformVersion: 5.14.0-427.37.1.el9_4.x86_64  CompilerName: GCC  CompilerVersion: 8.4.0
ProgramName: mri_ca_register  ProgramArguments: mri_ca_register -all-info  ProgramVersion: 7.3.2  TimeStamp: 2026/03/10-06:06:19-GMT  BuildTime: Aug  4 2022 06:17:15  BuildStamp: freesurfer-linux-ubuntu22_x86_64-7.3.2-20220804-6354275  User: oesteban  Machine: dna087  Platform: Linux  PlatformVersion: 5.14.0-427.37.1.el9_4.x86_64  CompilerName: GCC  CompilerVersion: 8.4.0
ProgramName: mri_cc  ProgramArguments: mri_cc -all-info  ProgramVersion: 7.3.2  TimeStamp: 2026/03/10-06:06:19-GMT  BuildTime: Aug  4 2022 06:17:15  BuildStamp: freesurfer-linux-ubuntu22_x86_64-7.3.2-20220804-6354275  User: oesteban  Machine: dna087  Platform: Linux  PlatformVersion: 5.14.0-427.37.1.el9_4.x86_64  CompilerName: GCC  CompilerVersion: 8.4.0
ProgramName: mri_compute_overlap  ProgramArguments: mri_compute_overlap -all-info  ProgramVersion: 7.3.2  TimeStamp: 2026/03/10-06:06:19-GMT  BuildTime: Aug  4 2022 06:17:15  BuildStamp: freesurfer-linux-ubuntu22_x86_64-7.3.2-20220804-6354275  User: oesteban  Machine: dna087  Platform: Linux  PlatformVersion: 5.14.0-427.37.1.el9_4.x86_64  CompilerName: GCC  CompilerVersion: 8.4.0
ProgramName: mri_compute_seg_overlap  ProgramArguments: mri_compute_seg_overlap -all-info  ProgramVersion: 7.3.2  TimeStamp: 2026/03/10-06:06:19-GMT  BuildTime: Aug  4 2022 06:17:15  BuildStamp: freesurfer-linux-ubuntu22_x86_64-7.3.2-20220804-6354275  User: oesteban  Machine: dna087  Platform: Linux  PlatformVersion: 5.14.0-427.37.1.el9_4.x86_64  CompilerName: GCC  CompilerVersion: 8.4.0
ProgramName: mri_concat  ProgramArguments: mri_concat -all-info  ProgramVersion: 7.3.2  TimeStamp: 2026/03/10-06:06:19-GMT  BuildTime: Aug  4 2022 06:17:15  BuildStamp: freesurfer-linux-ubuntu22_x86_64-7.3.2-20220804-6354275  User: oesteban  Machine: dna087  Platform: Linux  PlatformVersion: 5.14.0-427.37.1.el9_4.x86_64  CompilerName: GCC  CompilerVersion: 8.4.0
ProgramName: mri_concatenate_lta  ProgramArguments: mri_concatenate_lta -all-info  ProgramVersion: 7.3.2  TimeStamp: 2026/03/10-06:06:19-GMT  BuildTime: Aug  4 2022 06:17:15  BuildStamp: freesurfer-linux-ubuntu22_x86_64-7.3.2-20220804-6354275  User: oesteban  Machine: dna087  Platform: Linux  PlatformVersion: 5.14.0-427.37.1.el9_4.x86_64  CompilerName: GCC  CompilerVersion: 8.4.0
mri_convert -all-info 
ProgramName: mri_convert  ProgramArguments: mri_convert -all-info  ProgramVersion: 7.3.2  TimeStamp: 2026/03/10-06:06:19-GMT  BuildTime: Aug  4 2022 06:17:15  BuildStamp: freesurfer-linux-ubuntu22_x86_64-7.3.2-20220804-6354275  User: oesteban  Machine: dna087  Platform: Linux  PlatformVersion: 5.14.0-427.37.1.el9_4.x86_64  CompilerName: GCC  CompilerVersion: 8.4.0
ProgramName: mri_diff  ProgramArguments: mri_diff -all-info  ProgramVersion: 7.3.2  TimeStamp: 2026/03/10-06:06:19-GMT  BuildTime: Aug  4 2022 06:17:15  BuildStamp: freesurfer-linux-ubuntu22_x86_64-7.3.2-20220804-6354275  User: oesteban  Machine: dna087  Platform: Linux  PlatformVersion: 5.14.0-427.37.1.el9_4.x86_64  CompilerName: GCC  CompilerVersion: 8.4.0
ProgramName: mri_edit_wm_with_aseg  ProgramArguments: mri_edit_wm_with_aseg -all-info  ProgramVersion: 7.3.2  TimeStamp: 2026/03/10-06:06:19-GMT  BuildTime: Aug  4 2022 06:17:15  BuildStamp: freesurfer-linux-ubuntu22_x86_64-7.3.2-20220804-6354275  User: oesteban  Machine: dna087  Platform: Linux  PlatformVersion: 5.14.0-427.37.1.el9_4.x86_64  CompilerName: GCC  CompilerVersion: 8.4.0
ProgramName: mri_em_register  ProgramArguments: mri_em_register -all-info  ProgramVersion: 7.3.2  TimeStamp: 2026/03/10-06:06:19-GMT  BuildTime: Aug  4 2022 06:17:15  BuildStamp: freesurfer-linux-ubuntu22_x86_64-7.3.2-20220804-6354275  User: oesteban  Machine: dna087  Platform: Linux  PlatformVersion: 5.14.0-427.37.1.el9_4.x86_64  CompilerName: GCC  CompilerVersion: 8.4.0
ProgramName: mri_fill  ProgramArguments: mri_fill -all-info  ProgramVersion: 7.3.2  TimeStamp: 2026/03/10-06:06:19-GMT  BuildTime: Aug  4 2022 06:17:15  BuildStamp: freesurfer-linux-ubuntu22_x86_64-7.3.2-20220804-6354275  User: oesteban  Machine: dna087  Platform: Linux  PlatformVersion: 5.14.0-427.37.1.el9_4.x86_64  CompilerName: GCC  CompilerVersion: 8.4.0
ProgramName: mri_fuse_segmentations  ProgramArguments: mri_fuse_segmentations -all-info  ProgramVersion: 7.3.2  TimeStamp: 2026/03/10-06:06:19-GMT  BuildTime: Aug  4 2022 06:17:15  BuildStamp: freesurfer-linux-ubuntu22_x86_64-7.3.2-20220804-6354275  User: oesteban  Machine: dna087  Platform: Linux  PlatformVersion: 5.14.0-427.37.1.el9_4.x86_64  CompilerName: GCC  CompilerVersion: 8.4.0
ProgramName: mri_fwhm  ProgramArguments: mri_fwhm -all-info  ProgramVersion: 7.3.2  TimeStamp: 2026/03/10-06:06:19-GMT  BuildTime: Aug  4 2022 06:17:15  BuildStamp: freesurfer-linux-ubuntu22_x86_64-7.3.2-20220804-6354275  User: oesteban  Machine: dna087  Platform: Linux  PlatformVersion: 5.14.0-427.37.1.el9_4.x86_64  CompilerName: GCC  CompilerVersion: 8.4.0
ProgramName: mri_gcut  ProgramArguments: mri_gcut -all-info  ProgramVersion: 7.3.2  TimeStamp: 2026/03/10-06:06:19-GMT  BuildTime: Aug  4 2022 06:17:15  BuildStamp: freesurfer-linux-ubuntu22_x86_64-7.3.2-20220804-6354275  User: oesteban  Machine: dna087  Platform: Linux  PlatformVersion: 5.14.0-427.37.1.el9_4.x86_64  CompilerName: GCC  CompilerVersion: 8.4.0
ProgramName: mri_info  ProgramArguments: mri_info -all-info  ProgramVersion: 7.3.2  TimeStamp: 2026/03/10-06:06:19-GMT  BuildTime: Aug  4 2022 06:17:15  BuildStamp: freesurfer-linux-ubuntu22_x86_64-7.3.2-20220804-6354275  User: oesteban  Machine: dna087  Platform: Linux  PlatformVersion: 5.14.0-427.37.1.el9_4.x86_64  CompilerName: GCC  CompilerVersion: 8.4.0
ProgramName: mri_label2label  ProgramArguments: mri_label2label -all-info  ProgramVersion: 7.3.2  TimeStamp: 2026/03/10-06:06:19-GMT  BuildTime: Aug  4 2022 06:17:15  BuildStamp: freesurfer-linux-ubuntu22_x86_64-7.3.2-20220804-6354275  User: oesteban  Machine: dna087  Platform: Linux  PlatformVersion: 5.14.0-427.37.1.el9_4.x86_64  CompilerName: GCC  CompilerVersion: 8.4.0
ProgramName: mri_label2vol  ProgramArguments: mri_label2vol -all-info  ProgramVersion: 7.3.2  TimeStamp: 2026/03/10-06:06:19-GMT  BuildTime: Aug  4 2022 06:17:15  BuildStamp: freesurfer-linux-ubuntu22_x86_64-7.3.2-20220804-6354275  User: oesteban  Machine: dna087  Platform: Linux  PlatformVersion: 5.14.0-427.37.1.el9_4.x86_64  CompilerName: GCC  CompilerVersion: 8.4.0
ProgramName: mri_log_likelihood  ProgramArguments: mri_log_likelihood -all-info  ProgramVersion: 7.3.2  TimeStamp: 2026/03/10-06:06:19-GMT  BuildTime: Aug  4 2022 06:17:15  BuildStamp: freesurfer-linux-ubuntu22_x86_64-7.3.2-20220804-6354275  User: oesteban  Machine: dna087  Platform: Linux  PlatformVersion: 5.14.0-427.37.1.el9_4.x86_64  CompilerName: GCC  CompilerVersion: 8.4.0
ProgramName: mri_mask  ProgramArguments: mri_mask -all-info  ProgramVersion: 7.3.2  TimeStamp: 2026/03/10-06:06:19-GMT  BuildTime: Aug  4 2022 06:17:15  BuildStamp: freesurfer-linux-ubuntu22_x86_64-7.3.2-20220804-6354275  User: oesteban  Machine: dna087  Platform: Linux  PlatformVersion: 5.14.0-427.37.1.el9_4.x86_64  CompilerName: GCC  CompilerVersion: 8.4.0
ProgramName: mri_matrix_multiply  ProgramArguments: mri_matrix_multiply -all-info  ProgramVersion: 7.3.2  TimeStamp: 2026/03/10-06:06:19-GMT  BuildTime: Aug  4 2022 06:17:15  BuildStamp: freesurfer-linux-ubuntu22_x86_64-7.3.2-20220804-6354275  User: oesteban  Machine: dna087  Platform: Linux  PlatformVersion: 5.14.0-427.37.1.el9_4.x86_64  CompilerName: GCC  CompilerVersion: 8.4.0
ProgramName: mri_normalize  ProgramArguments: mri_normalize -all-info  ProgramVersion: 7.3.2  TimeStamp: 2026/03/10-06:06:19-GMT  BuildTime: Aug  4 2022 06:17:15  BuildStamp: freesurfer-linux-ubuntu22_x86_64-7.3.2-20220804-6354275  User: oesteban  Machine: dna087  Platform: Linux  PlatformVersion: 5.14.0-427.37.1.el9_4.x86_64  CompilerName: GCC  CompilerVersion: 8.4.0
ProgramName: mri_normalize_tp2  ProgramArguments: mri_normalize_tp2 -all-info  ProgramVersion: 7.3.2  TimeStamp: 2026/03/10-06:06:19-GMT  BuildTime: Aug  4 2022 06:17:15  BuildStamp: freesurfer-linux-ubuntu22_x86_64-7.3.2-20220804-6354275  User: oesteban  Machine: dna087  Platform: Linux  PlatformVersion: 5.14.0-427.37.1.el9_4.x86_64  CompilerName: GCC  CompilerVersion: 8.4.0
ProgramName: mri_or  ProgramArguments: mri_or -all-info  ProgramVersion: 7.3.2  TimeStamp: 2026/03/10-06:06:19-GMT  BuildTime: Aug  4 2022 06:17:15  BuildStamp: freesurfer-linux-ubuntu22_x86_64-7.3.2-20220804-6354275  User: oesteban  Machine: dna087  Platform: Linux  PlatformVersion: 5.14.0-427.37.1.el9_4.x86_64  CompilerName: GCC  CompilerVersion: 8.4.0
ProgramName: mri_relabel_hypointensities  ProgramArguments: mri_relabel_hypointensities -all-info  ProgramVersion: 7.3.2  TimeStamp: 2026/03/10-06:06:19-GMT  BuildTime: Aug  4 2022 06:17:15  BuildStamp: freesurfer-linux-ubuntu22_x86_64-7.3.2-20220804-6354275  User: oesteban  Machine: dna087  Platform: Linux  PlatformVersion: 5.14.0-427.37.1.el9_4.x86_64  CompilerName: GCC  CompilerVersion: 8.4.0
ProgramName: mri_relabel_nonwm_hypos  ProgramArguments: mri_relabel_nonwm_hypos -all-info  ProgramVersion: 7.3.2  TimeStamp: 2026/03/10-06:06:19-GMT  BuildTime: Aug  4 2022 06:17:15  BuildStamp: freesurfer-linux-ubuntu22_x86_64-7.3.2-20220804-6354275  User: oesteban  Machine: dna087  Platform: Linux  PlatformVersion: 5.14.0-427.37.1.el9_4.x86_64  CompilerName: GCC  CompilerVersion: 8.4.0
ProgramName: mri_remove_neck  ProgramArguments: mri_remove_neck -all-info  ProgramVersion: 7.3.2  TimeStamp: 2026/03/10-06:06:19-GMT  BuildTime: Aug  4 2022 06:17:15  BuildStamp: freesurfer-linux-ubuntu22_x86_64-7.3.2-20220804-6354275  User: oesteban  Machine: dna087  Platform: Linux  PlatformVersion: 5.14.0-427.37.1.el9_4.x86_64  CompilerName: GCC  CompilerVersion: 8.4.0
7.3.2

ProgramName: mri_robust_register  ProgramArguments: mri_robust_register -all-info  ProgramVersion: 7.3.2  TimeStamp: 2026/03/10-06:06:19-GMT  BuildTime: Aug  4 2022 06:17:15  BuildStamp: freesurfer-linux-ubuntu22_x86_64-7.3.2-20220804-6354275  User: oesteban  Machine: dna087  Platform: Linux  PlatformVersion: 5.14.0-427.37.1.el9_4.x86_64  CompilerName: GCC  CompilerVersion: 8.4.0
7.3.2

ProgramName: mri_robust_template  ProgramArguments: mri_robust_template -all-info  ProgramVersion: 7.3.2  TimeStamp: 2026/03/10-06:06:19-GMT  BuildTime: Aug  4 2022 06:17:15  BuildStamp: freesurfer-linux-ubuntu22_x86_64-7.3.2-20220804-6354275  User: oesteban  Machine: dna087  Platform: Linux  PlatformVersion: 5.14.0-427.37.1.el9_4.x86_64  CompilerName: GCC  CompilerVersion: 8.4.0
ProgramName: mris_anatomical_stats  ProgramArguments: mris_anatomical_stats -all-info  ProgramVersion: 7.3.2  TimeStamp: 2026/03/10-06:06:19-GMT  BuildTime: Aug  4 2022 06:17:15  BuildStamp: freesurfer-linux-ubuntu22_x86_64-7.3.2-20220804-6354275  User: oesteban  Machine: dna087  Platform: Linux  PlatformVersion: 5.14.0-427.37.1.el9_4.x86_64  CompilerName: GCC  CompilerVersion: 8.4.0
ProgramName: mris_ca_label  ProgramArguments: mris_ca_label -all-info  ProgramVersion: 7.3.2  TimeStamp: 2026/03/10-06:06:19-GMT  BuildTime: Aug  4 2022 06:17:15  BuildStamp: freesurfer-linux-ubuntu22_x86_64-7.3.2-20220804-6354275  User: oesteban  Machine: dna087  Platform: Linux  PlatformVersion: 5.14.0-427.37.1.el9_4.x86_64  CompilerName: GCC  CompilerVersion: 8.4.0
ProgramName: mris_calc  ProgramArguments: mris_calc -all-info  ProgramVersion: 7.3.2  TimeStamp: 2026/03/10-06:06:19-GMT  BuildTime: Aug  4 2022 06:17:15  BuildStamp: freesurfer-linux-ubuntu22_x86_64-7.3.2-20220804-6354275  User: oesteban  Machine: dna087  Platform: Linux  PlatformVersion: 5.14.0-427.37.1.el9_4.x86_64  CompilerName: GCC  CompilerVersion: 8.4.0
ProgramName: mris_convert  ProgramArguments: mris_convert -all-info  ProgramVersion: 7.3.2  TimeStamp: 2026/03/10-06:06:19-GMT  BuildTime: Aug  4 2022 06:17:15  BuildStamp: freesurfer-linux-ubuntu22_x86_64-7.3.2-20220804-6354275  User: oesteban  Machine: dna087  Platform: Linux  PlatformVersion: 5.14.0-427.37.1.el9_4.x86_64  CompilerName: GCC  CompilerVersion: 8.4.0
ProgramName: mris_curvature  ProgramArguments: mris_curvature -all-info  ProgramVersion: 7.3.2  TimeStamp: 2026/03/10-06:06:19-GMT  BuildTime: Aug  4 2022 06:17:15  BuildStamp: freesurfer-linux-ubuntu22_x86_64-7.3.2-20220804-6354275  User: oesteban  Machine: dna087  Platform: Linux  PlatformVersion: 5.14.0-427.37.1.el9_4.x86_64  CompilerName: GCC  CompilerVersion: 8.4.0
ProgramName: mris_curvature_stats  ProgramArguments: mris_curvature_stats -all-info  ProgramVersion: 7.3.2  TimeStamp: 2026/03/10-06:06:19-GMT  BuildTime: Aug  4 2022 06:17:15  BuildStamp: freesurfer-linux-ubuntu22_x86_64-7.3.2-20220804-6354275  User: oesteban  Machine: dna087  Platform: Linux  PlatformVersion: 5.14.0-427.37.1.el9_4.x86_64  CompilerName: GCC  CompilerVersion: 8.4.0
ProgramName: mris_diff  ProgramArguments: mris_diff -all-info  ProgramVersion: 7.3.2  TimeStamp: 2026/03/10-06:06:19-GMT  BuildTime: Aug  4 2022 06:17:15  BuildStamp: freesurfer-linux-ubuntu22_x86_64-7.3.2-20220804-6354275  User: oesteban  Machine: dna087  Platform: Linux  PlatformVersion: 5.14.0-427.37.1.el9_4.x86_64  CompilerName: GCC  CompilerVersion: 8.4.0
ProgramName: mris_divide_parcellation  ProgramArguments: mris_divide_parcellation -all-info  ProgramVersion: 7.3.2  TimeStamp: 2026/03/10-06:06:19-GMT  BuildTime: Aug  4 2022 06:17:15  BuildStamp: freesurfer-linux-ubuntu22_x86_64-7.3.2-20220804-6354275  User: oesteban  Machine: dna087  Platform: Linux  PlatformVersion: 5.14.0-427.37.1.el9_4.x86_64  CompilerName: GCC  CompilerVersion: 8.4.0
ProgramName: mri_segment  ProgramArguments: mri_segment -all-info  ProgramVersion: 7.3.2  TimeStamp: 2026/03/10-06:06:19-GMT  BuildTime: Aug  4 2022 06:17:15  BuildStamp: freesurfer-linux-ubuntu22_x86_64-7.3.2-20220804-6354275  User: oesteban  Machine: dna087  Platform: Linux  PlatformVersion: 5.14.0-427.37.1.el9_4.x86_64  CompilerName: GCC  CompilerVersion: 8.4.0
ProgramName: mri_segstats  ProgramArguments: mri_segstats -all-info  ProgramVersion: 7.3.2  TimeStamp: 2026/03/10-06:06:19-GMT  BuildTime: Aug  4 2022 06:17:15  BuildStamp: freesurfer-linux-ubuntu22_x86_64-7.3.2-20220804-6354275  User: oesteban  Machine: dna087  Platform: Linux  PlatformVersion: 5.14.0-427.37.1.el9_4.x86_64  CompilerName: GCC  CompilerVersion: 8.4.0
ProgramName: mris_euler_number  ProgramArguments: mris_euler_number -all-info  ProgramVersion: 7.3.2  TimeStamp: 2026/03/10-06:06:19-GMT  BuildTime: Aug  4 2022 06:17:15  BuildStamp: freesurfer-linux-ubuntu22_x86_64-7.3.2-20220804-6354275  User: oesteban  Machine: dna087  Platform: Linux  PlatformVersion: 5.14.0-427.37.1.el9_4.x86_64  CompilerName: GCC  CompilerVersion: 8.4.0
ProgramName: mris_fix_topology  ProgramArguments: mris_fix_topology -all-info  ProgramVersion: 7.3.2  TimeStamp: 2026/03/10-06:06:19-GMT  BuildTime: Aug  4 2022 06:17:15  BuildStamp: freesurfer-linux-ubuntu22_x86_64-7.3.2-20220804-6354275  User: oesteban  Machine: dna087  Platform: Linux  PlatformVersion: 5.14.0-427.37.1.el9_4.x86_64  CompilerName: GCC  CompilerVersion: 8.4.0
ProgramName: mris_topo_fixer  ProgramArguments: mris_topo_fixer -all-info  ProgramVersion: 7.3.2  TimeStamp: 2026/03/10-06:06:19-GMT  BuildTime: Aug  4 2022 06:17:15  BuildStamp: freesurfer-linux-ubuntu22_x86_64-7.3.2-20220804-6354275  User: oesteban  Machine: dna087  Platform: Linux  PlatformVersion: 5.14.0-427.37.1.el9_4.x86_64  CompilerName: GCC  CompilerVersion: 8.4.0
ProgramName: mris_jacobian  ProgramArguments: mris_jacobian -all-info  ProgramVersion: 7.3.2  TimeStamp: 2026/03/10-06:06:19-GMT  BuildTime: Aug  4 2022 06:17:15  BuildStamp: freesurfer-linux-ubuntu22_x86_64-7.3.2-20220804-6354275  User: oesteban  Machine: dna087  Platform: Linux  PlatformVersion: 5.14.0-427.37.1.el9_4.x86_64  CompilerName: GCC  CompilerVersion: 8.4.0
ProgramName: mris_label2annot  ProgramArguments: mris_label2annot -all-info  ProgramVersion: 7.3.2  TimeStamp: 2026/03/10-06:06:19-GMT  BuildTime: Aug  4 2022 06:17:15  BuildStamp: freesurfer-linux-ubuntu22_x86_64-7.3.2-20220804-6354275  User: oesteban  Machine: dna087  Platform: Linux  PlatformVersion: 5.14.0-427.37.1.el9_4.x86_64  CompilerName: GCC  CompilerVersion: 8.4.0
ProgramName: mris_left_right_register  ProgramArguments: mris_left_right_register -all-info  ProgramVersion: 7.3.2  TimeStamp: 2026/03/10-06:06:19-GMT  BuildTime: Aug  4 2022 06:17:15  BuildStamp: freesurfer-linux-ubuntu22_x86_64-7.3.2-20220804-6354275  User: oesteban  Machine: dna087  Platform: Linux  PlatformVersion: 5.14.0-427.37.1.el9_4.x86_64  CompilerName: GCC  CompilerVersion: 8.4.0
ProgramName: mris_place_surface  ProgramArguments: mris_place_surface -all-info  ProgramVersion: 7.3.2  TimeStamp: 2026/03/10-06:06:19-GMT  BuildTime: Aug  4 2022 06:17:15  BuildStamp: freesurfer-linux-ubuntu22_x86_64-7.3.2-20220804-6354275  User: oesteban  Machine: dna087  Platform: Linux  PlatformVersion: 5.14.0-427.37.1.el9_4.x86_64  CompilerName: GCC  CompilerVersion: 8.4.0
ProgramName: mrisp_paint  ProgramArguments: mrisp_paint -all-info  ProgramVersion: 7.3.2  TimeStamp: 2026/03/10-06:06:19-GMT  BuildTime: Aug  4 2022 06:17:15  BuildStamp: freesurfer-linux-ubuntu22_x86_64-7.3.2-20220804-6354275  User: oesteban  Machine: dna087  Platform: Linux  PlatformVersion: 5.14.0-427.37.1.el9_4.x86_64  CompilerName: GCC  CompilerVersion: 8.4.0
ProgramName: mris_register  ProgramArguments: mris_register -all-info  ProgramVersion: 7.3.2  TimeStamp: 2026/03/10-06:06:19-GMT  BuildTime: Aug  4 2022 06:17:15  BuildStamp: freesurfer-linux-ubuntu22_x86_64-7.3.2-20220804-6354275  User: oesteban  Machine: dna087  Platform: Linux  PlatformVersion: 5.14.0-427.37.1.el9_4.x86_64  CompilerName: GCC  CompilerVersion: 8.4.0
ProgramName: mris_smooth  ProgramArguments: mris_smooth -all-info  ProgramVersion: 7.3.2  TimeStamp: 2026/03/10-06:06:19-GMT  BuildTime: Aug  4 2022 06:17:15  BuildStamp: freesurfer-linux-ubuntu22_x86_64-7.3.2-20220804-6354275  User: oesteban  Machine: dna087  Platform: Linux  PlatformVersion: 5.14.0-427.37.1.el9_4.x86_64  CompilerName: GCC  CompilerVersion: 8.4.0
ProgramName: mris_sphere  ProgramArguments: mris_sphere -all-info  ProgramVersion: 7.3.2  TimeStamp: 2026/03/10-06:06:19-GMT  BuildTime: Aug  4 2022 06:17:15  BuildStamp: freesurfer-linux-ubuntu22_x86_64-7.3.2-20220804-6354275  User: oesteban  Machine: dna087  Platform: Linux  PlatformVersion: 5.14.0-427.37.1.el9_4.x86_64  CompilerName: GCC  CompilerVersion: 8.4.0
ProgramName: mris_surface_stats  ProgramArguments: mris_surface_stats -all-info  ProgramVersion: 7.3.2  TimeStamp: 2026/03/10-06:06:19-GMT  BuildTime: Aug  4 2022 06:17:15  BuildStamp: freesurfer-linux-ubuntu22_x86_64-7.3.2-20220804-6354275  User: oesteban  Machine: dna087  Platform: Linux  PlatformVersion: 5.14.0-427.37.1.el9_4.x86_64  CompilerName: GCC  CompilerVersion: 8.4.0
ProgramName: mri_stats2seg  ProgramArguments: mri_stats2seg -all-info  ProgramVersion: 7.3.2  TimeStamp: 2026/03/10-06:06:19-GMT  BuildTime: Aug  4 2022 06:17:15  BuildStamp: freesurfer-linux-ubuntu22_x86_64-7.3.2-20220804-6354275  User: oesteban  Machine: dna087  Platform: Linux  PlatformVersion: 5.14.0-427.37.1.el9_4.x86_64  CompilerName: GCC  CompilerVersion: 8.4.0
ProgramName: mris_thickness  ProgramArguments: mris_thickness -all-info  ProgramVersion: 7.3.2  TimeStamp: 2026/03/10-06:06:19-GMT  BuildTime: Aug  4 2022 06:17:15  BuildStamp: freesurfer-linux-ubuntu22_x86_64-7.3.2-20220804-6354275  User: oesteban  Machine: dna087  Platform: Linux  PlatformVersion: 5.14.0-427.37.1.el9_4.x86_64  CompilerName: GCC  CompilerVersion: 8.4.0
ProgramName: mris_thickness_diff  ProgramArguments: mris_thickness_diff -all-info  ProgramVersion: 7.3.2  TimeStamp: 2026/03/10-06:06:19-GMT  BuildTime: Aug  4 2022 06:17:15  BuildStamp: freesurfer-linux-ubuntu22_x86_64-7.3.2-20220804-6354275  User: oesteban  Machine: dna087  Platform: Linux  PlatformVersion: 5.14.0-427.37.1.el9_4.x86_64  CompilerName: GCC  CompilerVersion: 8.4.0
ProgramName: mris_topo_fixer  ProgramArguments: mris_topo_fixer -all-info  ProgramVersion: 7.3.2  TimeStamp: 2026/03/10-06:06:19-GMT  BuildTime: Aug  4 2022 06:17:15  BuildStamp: freesurfer-linux-ubuntu22_x86_64-7.3.2-20220804-6354275  User: oesteban  Machine: dna087  Platform: Linux  PlatformVersion: 5.14.0-427.37.1.el9_4.x86_64  CompilerName: GCC  CompilerVersion: 8.4.0
ProgramName: mri_surf2surf  ProgramArguments: mri_surf2surf -all-info  ProgramVersion: 7.3.2  TimeStamp: 2026/03/10-06:06:19-GMT  BuildTime: Aug  4 2022 06:17:15  BuildStamp: freesurfer-linux-ubuntu22_x86_64-7.3.2-20220804-6354275  User: oesteban  Machine: dna087  Platform: Linux  PlatformVersion: 5.14.0-427.37.1.el9_4.x86_64  CompilerName: GCC  CompilerVersion: 8.4.0
ProgramName: mri_surf2vol  ProgramArguments: mri_surf2vol -all-info  ProgramVersion: 7.3.2  TimeStamp: 2026/03/10-06:06:19-GMT  BuildTime: Aug  4 2022 06:17:15  BuildStamp: freesurfer-linux-ubuntu22_x86_64-7.3.2-20220804-6354275  User: oesteban  Machine: dna087  Platform: Linux  PlatformVersion: 5.14.0-427.37.1.el9_4.x86_64  CompilerName: GCC  CompilerVersion: 8.4.0
ProgramName: mri_surfcluster  ProgramArguments: mri_surfcluster -all-info  ProgramVersion: 7.3.2  TimeStamp: 2026/03/10-06:06:19-GMT  BuildTime: Aug  4 2022 06:17:15  BuildStamp: freesurfer-linux-ubuntu22_x86_64-7.3.2-20220804-6354275  User: oesteban  Machine: dna087  Platform: Linux  PlatformVersion: 5.14.0-427.37.1.el9_4.x86_64  CompilerName: GCC  CompilerVersion: 8.4.0
ProgramName: mris_volmask  ProgramArguments: mris_volmask -all-info  ProgramVersion: 7.3.2  TimeStamp: 2026/03/10-06:06:19-GMT  BuildTime: Aug  4 2022 06:17:15  BuildStamp: freesurfer-linux-ubuntu22_x86_64-7.3.2-20220804-6354275  User: oesteban  Machine: dna087  Platform: Linux  PlatformVersion: 5.14.0-427.37.1.el9_4.x86_64  CompilerName: GCC  CompilerVersion: 8.4.0
ProgramName: mri_tessellate  ProgramArguments: mri_tessellate -all-info  ProgramVersion: 7.3.2  TimeStamp: 2026/03/10-06:06:19-GMT  BuildTime: Aug  4 2022 06:17:15  BuildStamp: freesurfer-linux-ubuntu22_x86_64-7.3.2-20220804-6354275  User: oesteban  Machine: dna087  Platform: Linux  PlatformVersion: 5.14.0-427.37.1.el9_4.x86_64  CompilerName: GCC  CompilerVersion: 8.4.0
ProgramName: mri_vol2surf  ProgramArguments: mri_vol2surf -all-info  ProgramVersion: 7.3.2  TimeStamp: 2026/03/10-06:06:19-GMT  BuildTime: Aug  4 2022 06:17:15  BuildStamp: freesurfer-linux-ubuntu22_x86_64-7.3.2-20220804-6354275  User: oesteban  Machine: dna087  Platform: Linux  PlatformVersion: 5.14.0-427.37.1.el9_4.x86_64  CompilerName: GCC  CompilerVersion: 8.4.0
ProgramName: mri_vol2vol  ProgramArguments: mri_vol2vol -all-info  ProgramVersion: 7.3.2  TimeStamp: 2026/03/10-06:06:19-GMT  BuildTime: Aug  4 2022 06:17:15  BuildStamp: freesurfer-linux-ubuntu22_x86_64-7.3.2-20220804-6354275  User: oesteban  Machine: dna087  Platform: Linux  PlatformVersion: 5.14.0-427.37.1.el9_4.x86_64  CompilerName: GCC  CompilerVersion: 8.4.0
ProgramName: mri_voldiff  ProgramArguments: mri_voldiff -all-info  ProgramVersion: 7.3.2  TimeStamp: 2026/03/10-06:06:19-GMT  BuildTime: Aug  4 2022 06:17:15  BuildStamp: freesurfer-linux-ubuntu22_x86_64-7.3.2-20220804-6354275  User: oesteban  Machine: dna087  Platform: Linux  PlatformVersion: 5.14.0-427.37.1.el9_4.x86_64  CompilerName: GCC  CompilerVersion: 8.4.0
ProgramName: mri_watershed  ProgramArguments: mri_watershed -all-info  ProgramVersion: 7.3.2  TimeStamp: 2026/03/10-06:06:19-GMT  BuildTime: Aug  4 2022 06:17:15  BuildStamp: freesurfer-linux-ubuntu22_x86_64-7.3.2-20220804-6354275  User: oesteban  Machine: dna087  Platform: Linux  PlatformVersion: 5.14.0-427.37.1.el9_4.x86_64  CompilerName: GCC  CompilerVersion: 8.4.0
ProgramName: tkregister2  ProgramArguments: tkregister2_cmdl -all-info  ProgramVersion: 7.3.2  TimeStamp: 2026/03/10-06:06:19-GMT  BuildTime: Aug  4 2022 06:17:15  BuildStamp: freesurfer-linux-ubuntu22_x86_64-7.3.2-20220804-6354275  User: oesteban  Machine: dna087  Platform: Linux  PlatformVersion: 5.14.0-427.37.1.el9_4.x86_64  CompilerName: GCC  CompilerVersion: 8.4.0
mri_motion_correct.fsl 7.3.2
mri_convert -all-info 
ProgramName: mri_convert  ProgramArguments: mri_convert -all-info  ProgramVersion: 7.3.2  TimeStamp: 2026/03/10-06:06:19-GMT  BuildTime: Aug  4 2022 06:17:15  BuildStamp: freesurfer-linux-ubuntu22_x86_64-7.3.2-20220804-6354275  User: oesteban  Machine: dna087  Platform: Linux  PlatformVersion: 5.14.0-427.37.1.el9_4.x86_64  CompilerName: GCC  CompilerVersion: 8.4.0
Program nu_correct, built from:
Package MNI N3, version 1.12.0, compiled by nicks@terrier (x86_64-unknown-linux-gnu) on 2015-06-19 at 01:25:34
#######################################
GCADIR /opt/freesurfer/average
GCA RB_all_2020-01-02.gca
GCASkull RB_all_withskull_2020_01_02.gca
AvgCurvTif folding.atlas.acfb40.noaparc.i12.2016-08-02.tif
GCSDIR /opt/freesurfer/average
GCS DKaparc.atlas.acfb40.noaparc.i12.2016-08-02.gcs
#######################################
#--------------------------------------
#@# CA Normalize Tue Mar 10 07:06:19 CET 2026
/out/sourcedata/freesurfer/sub-v1s8x0051339_ses-1/mri

 mri_ca_normalize -c ctrl_pts.mgz -mask brainmask.mgz nu.mgz /opt/freesurfer/average/RB_all_2020-01-02.gca transforms/talairach.lta norm.mgz 

writing control point volume to ctrl_pts.mgz
using MR volume brainmask.mgz to mask input volume...
reading 1 input volume
reading atlas from '/opt/freesurfer/average/RB_all_2020-01-02.gca'...
reading transform from 'transforms/talairach.lta'...
reading input volume from nu.mgz...
resetting wm mean[0]: 98 --> 107
resetting gm mean[0]: 61 --> 61
input volume #1 is the most T1-like
using real data threshold=23.1
skull bounding box = (60, 37, 31) --> (196, 166, 200)
finding center of left hemi white matter
using (105, 80, 116) as brain centroid of Right_Cerebral_White_Matter...
mean wm in atlas = 107, using box (88,64,95) --> (121, 95,136) to find MRI wm
before smoothing, mri peak at 108
robust fit to distribution - 108 +- 4.3
after smoothing, mri peak at 108, scaling input intensities by 0.991
scaling channel 0 by 0.990741
using 246437 sample points...
INFO: compute sample coordinates transform
 0.99211   0.12135   0.05403  -20.34844;
-0.11551   1.11527   0.24985  -0.86348;
-0.02708  -0.19678   0.94135   25.74786;
 0.00000   0.00000   0.00000   1.00000;
INFO: transform used
finding control points in Left_Cerebral_White_Matter....
found 40230 control points for structure...
bounding box (128, 40, 30) --> (198, 144, 201)
Left_Cerebral_White_Matter: limiting intensities to 90.0 --> 132.0
5 of 6952 (0.1%) samples deleted
finding control points in Right_Cerebral_White_Matter....
found 39478 control points for structure...
bounding box (64, 37, 27) --> (135, 134, 200)
Right_Cerebral_White_Matter: limiting intensities to 92.0 --> 132.0
20 of 7001 (0.3%) samples deleted
finding control points in Left_Cerebellum_White_Matter....
found 3105 control points for structure...
bounding box (128, 116, 59) --> (175, 161, 114)
Left_Cerebellum_White_Matter: limiting intensities to 109.0 --> 132.0
31 of 57 (54.4%) samples deleted
finding control points in Right_Cerebellum_White_Matter....
found 2710 control points for structure...
bounding box (81, 116, 54) --> (129, 153, 113)
Right_Cerebellum_White_Matter: limiting intensities to 108.0 --> 132.0
13 of 37 (35.1%) samples deleted
finding control points in Brain_Stem....
found 3475 control points for structure...
bounding box (109, 106, 95) --> (145, 168, 125)
Brain_Stem: limiting intensities to 88.0 --> 132.0
0 of 136 (0.0%) samples deleted
using 14183 total control points for intensity normalization...
bias field = 0.996 +- 0.044
143 of 14114 control points discarded
finding control points in Left_Cerebral_White_Matter....
found 40230 control points for structure...
bounding box (128, 40, 30) --> (198, 144, 201)
Left_Cerebral_White_Matter: limiting intensities to 91.0 --> 132.0
2 of 7036 (0.0%) samples deleted
finding control points in Right_Cerebral_White_Matter....
found 39478 control points for structure...
bounding box (64, 37, 27) --> (135, 134, 200)
Right_Cerebral_White_Matter: limiting intensities to 91.0 --> 132.0
16 of 7165 (0.2%) samples deleted
finding control points in Left_Cerebellum_White_Matter....
found 3105 control points for structure...
bounding box (128, 116, 59) --> (175, 161, 114)
Left_Cerebellum_White_Matter: limiting intensities to 88.0 --> 132.0
9 of 114 (7.9%) samples deleted
finding control points in Right_Cerebellum_White_Matter....
found 2710 control points for structure...
bounding box (81, 116, 54) --> (129, 153, 113)
Right_Cerebellum_White_Matter: limiting intensities to 89.0 --> 132.0
0 of 91 (0.0%) samples deleted
finding control points in Brain_Stem....
found 3475 control points for structure...
bounding box (109, 106, 95) --> (145, 168, 125)
Brain_Stem: limiting intensities to 88.0 --> 132.0
5 of 191 (2.6%) samples deleted
using 14597 total control points for intensity normalization...
bias field = 1.005 +- 0.043
113 of 14456 control points discarded
finding control points in Left_Cerebral_White_Matter....
found 40230 control points for structure...
bounding box (128, 40, 30) --> (198, 144, 201)
Left_Cerebral_White_Matter: limiting intensities to 90.0 --> 132.0
3 of 7028 (0.0%) samples deleted
finding control points in Right_Cerebral_White_Matter....
found 39478 control points for structure...
bounding box (64, 37, 27) --> (135, 134, 200)
Right_Cerebral_White_Matter: limiting intensities to 90.0 --> 132.0
17 of 7195 (0.2%) samples deleted
finding control points in Left_Cerebellum_White_Matter....
found 3105 control points for structure...
bounding box (128, 116, 59) --> (175, 161, 114)
Left_Cerebellum_White_Matter: limiting intensities to 88.0 --> 132.0
47 of 145 (32.4%) samples deleted
finding control points in Right_Cerebellum_White_Matter....
found 2710 control points for structure...
bounding box (81, 116, 54) --> (129, 153, 113)
Right_Cerebellum_White_Matter: limiting intensities to 88.0 --> 132.0
20 of 166 (12.0%) samples deleted
finding control points in Brain_Stem....
found 3475 control points for structure...
bounding box (109, 106, 95) --> (145, 168, 125)
Brain_Stem: limiting intensities to 88.0 --> 132.0
134 of 340 (39.4%) samples deleted
using 14874 total control points for intensity normalization...
bias field = 1.007 +- 0.042
30 of 14466 control points discarded
writing normalized volume to norm.mgz...
writing control points to ctrl_pts.mgz
freeing GCA...done.
normalization took 0 minutes and 55 seconds.
#--------------------------------------
#@# CA Reg Tue Mar 10 07:07:14 CET 2026
/out/sourcedata/freesurfer/sub-v1s8x0051339_ses-1/mri

 mri_ca_register -nobigventricles -T transforms/talairach.lta -align-after -mask brainmask.mgz norm.mgz /opt/freesurfer/average/RB_all_2020-01-02.gca transforms/talairach.m3z 

not handling expanded ventricles...
using previously computed transform transforms/talairach.lta
renormalizing sequences with structure alignment, equivalent to:
	-renormalize
	-regularize_mean 0.500
	-regularize 0.500
using MR volume brainmask.mgz to mask input volume...

== Number of threads available to mri_ca_register for OpenMP = 16 == 
reading 1 input volumes...
logging results to talairach.log
reading input volume 'norm.mgz'...
reading GCA '/opt/freesurfer/average/RB_all_2020-01-02.gca'...
label assignment complete, 0 changed (0.00%)
freeing gibbs priors...done.
average std[0] = 5.0
Starting GCAMregister()
label assignment complete, 0 changed (0.00%)
npasses = 1, nlevels = 6
#pass# 1 of 1 ************************
enabling zero nodes
setting smoothness cost coefficient to 0.156

#GCAMreg# pass 0 level1 5 level2 0 tsec 0 sigma 2
l_jacobian=1.00 l_label=1.00 l_log_likelihood=0.20 l_smoothness=0.16 
tol=2.50e-01, dt=5.00e-02, exp_k=20.0, momentum=0.90, levels=6, niter=500, lbl_dist=10.00, avgs=256, sigma=2.0,type=2, relabel=0, neg=no

blurring input image with Gaussian with sigma=2.000...
GCAMRegisterLevel(): init RMS 0.808509
#FOTS# QuadFit found better minimum quadopt=(dt=201.041,rms=0.74368) vs oldopt=(dt=92.48,rms=0.762366)
#GCMRL#    0 dt 201.041157 rms  0.744  8.018% neg 0  invalid 762 tFOTS 5.2450 tGradient 2.7090 tsec 8.3590
#FOTS# QuadFit found better minimum quadopt=(dt=147.257,rms=0.725497) vs oldopt=(dt=92.48,rms=0.728479)
#GCMRL#    1 dt 147.256637 rms  0.725  2.445% neg 0  invalid 762 tFOTS 5.5390 tGradient 2.7850 tsec 8.7010
#FOTS# QuadFit found better minimum quadopt=(dt=295.936,rms=0.712997) vs oldopt=(dt=369.92,rms=0.713666)
#GCMRL#    2 dt 295.936000 rms  0.713  1.723% neg 0  invalid 762 tFOTS 5.0170 tGradient 2.6140 tsec 8.0510
#FOTS# QuadFit found better minimum quadopt=(dt=129.472,rms=0.707305) vs oldopt=(dt=92.48,rms=0.707752)
#GCMRL#    3 dt 129.472000 rms  0.707  0.798% neg 0  invalid 762 tFOTS 5.0590 tGradient 2.6220 tsec 8.0740
#FOTS# QuadFit found better minimum quadopt=(dt=443.904,rms=0.701943) vs oldopt=(dt=369.92,rms=0.702034)
#GCMRL#    4 dt 443.904000 rms  0.702  0.758% neg 0  invalid 762 tFOTS 4.8400 tGradient 2.8850 tsec 8.1660
#FOTS# QuadFit found better minimum quadopt=(dt=110.976,rms=0.698085) vs oldopt=(dt=92.48,rms=0.698262)
#GCMRL#    5 dt 110.976000 rms  0.698  0.550% neg 0  invalid 762 tFOTS 5.2030 tGradient 3.0360 tsec 8.6960
#FOTS# QuadFit found better minimum quadopt=(dt=887.808,rms=0.692397) vs oldopt=(dt=1479.68,rms=0.693487)
#GCMRL#    6 dt 887.808000 rms  0.692  0.815% neg 0  invalid 762 tFOTS 4.8440 tGradient 2.6520 tsec 7.8650
#FOTS# QuadFit found better minimum quadopt=(dt=110.976,rms=0.689752) vs oldopt=(dt=92.48,rms=0.689759)
#GCMRL#    7 dt 110.976000 rms  0.690  0.382% neg 0  invalid 762 tFOTS 5.2640 tGradient 2.7380 tsec 8.3870
#FOTS# QuadFit found better minimum quadopt=(dt=443.904,rms=0.68852) vs oldopt=(dt=369.92,rms=0.688554)
#GCMRL#    8 dt 443.904000 rms  0.689  0.000% neg 0  invalid 762 tFOTS 5.0900 tGradient 2.8260 tsec 8.3310

#GCAMreg# pass 0 level1 5 level2 1 tsec 86.214 sigma 0.5
l_jacobian=1.00 l_label=1.00 l_log_likelihood=0.20 l_smoothness=0.16 
tol=2.50e-01, dt=5.00e-02, exp_k=20.0, momentum=0.90, levels=6, niter=500, lbl_dist=10.00, avgs=256, sigma=0.5,type=2, relabel=0, neg=no

blurring input image with Gaussian with sigma=0.500...
GCAMRegisterLevel(): init RMS 0.688818
#FOTS# QuadFit found better minimum quadopt=(dt=129.472,rms=0.685806) vs oldopt=(dt=92.48,rms=0.686277)
#GCMRL#   10 dt 129.472000 rms  0.686  0.437% neg 0  invalid 762 tFOTS 4.9420 tGradient 2.7150 tsec 8.0500
#FOTS# QuadFit found better minimum quadopt=(dt=517.888,rms=0.683112) vs oldopt=(dt=369.92,rms=0.683479)
#GCMRL#   11 dt 517.888000 rms  0.683  0.393% neg 0  invalid 762 tFOTS 4.9600 tGradient 2.8060 tsec 8.1350
#FOTS# QuadFit found better minimum quadopt=(dt=129.472,rms=0.68229) vs oldopt=(dt=92.48,rms=0.682364)
#GCMRL#   12 dt 129.472000 rms  0.682  0.000% neg 0  invalid 762 tFOTS 5.0400 tGradient 2.9920 tsec 8.3920
#GCMRL#   13 dt 129.472000 rms  0.682  0.044% neg 0  invalid 762 tFOTS 0.0000 tGradient 2.6190 tsec 2.9030
#GCMRL#   14 dt 129.472000 rms  0.681  0.076% neg 0  invalid 762 tFOTS 0.0000 tGradient 2.6660 tsec 2.9610
#GCMRL#   15 dt 129.472000 rms  0.681  0.117% neg 0  invalid 762 tFOTS 0.0000 tGradient 2.6330 tsec 2.9180
#GCMRL#   16 dt 129.472000 rms  0.680  0.146% neg 0  invalid 762 tFOTS 0.0000 tGradient 2.6730 tsec 2.9670
#GCMRL#   17 dt 129.472000 rms  0.679  0.166% neg 0  invalid 762 tFOTS 0.0000 tGradient 2.9050 tsec 3.2120
#GCMRL#   18 dt 129.472000 rms  0.677  0.181% neg 0  invalid 762 tFOTS 0.0000 tGradient 2.7840 tsec 3.1120
#GCMRL#   19 dt 129.472000 rms  0.676  0.181% neg 0  invalid 762 tFOTS 0.0000 tGradient 2.8900 tsec 3.1870
#GCMRL#   20 dt 129.472000 rms  0.675  0.180% neg 0  invalid 762 tFOTS 0.0000 tGradient 2.7780 tsec 3.1010
#GCMRL#   21 dt 129.472000 rms  0.674  0.163% neg 0  invalid 762 tFOTS 0.0000 tGradient 3.1010 tsec 3.4430
#GCMRL#   22 dt 129.472000 rms  0.673  0.140% neg 0  invalid 762 tFOTS 0.0000 tGradient 2.7290 tsec 3.0750
#GCMRL#   23 dt 129.472000 rms  0.672  0.129% neg 0  invalid 762 tFOTS 0.0000 tGradient 2.8340 tsec 3.1390
#GCMRL#   24 dt 129.472000 rms  0.671  0.129% neg 0  invalid 762 tFOTS 0.0000 tGradient 2.6970 tsec 3.0140
#GCMRL#   25 dt 129.472000 rms  0.670  0.128% neg 0  invalid 762 tFOTS 0.0000 tGradient 2.8260 tsec 3.1430
#GCMRL#   26 dt 129.472000 rms  0.669  0.127% neg 0  invalid 762 tFOTS 0.0000 tGradient 2.6980 tsec 3.0170
#GCMRL#   27 dt 129.472000 rms  0.669  0.113% neg 0  invalid 762 tFOTS 0.0000 tGradient 2.6460 tsec 2.9460
#GCMRL#   28 dt 129.472000 rms  0.668  0.106% neg 0  invalid 762 tFOTS 0.0000 tGradient 2.6910 tsec 3.0220
#FOTS# QuadFit found better minimum quadopt=(dt=295.936,rms=0.667895) vs oldopt=(dt=369.92,rms=0.667895)
#GCMRL#   29 dt 295.936000 rms  0.668  0.000% neg 0  invalid 762 tFOTS 5.5320 tGradient 2.6380 tsec 8.5680
#GCMRL#   30 dt 295.936000 rms  0.668  0.029% neg 0  invalid 762 tFOTS 0.0000 tGradient 2.7270 tsec 3.0560
#GCMRL#   31 dt 295.936000 rms  0.667  0.037% neg 0  invalid 762 tFOTS 0.0000 tGradient 2.5080 tsec 2.8020
#GCMRL#   32 dt 295.936000 rms  0.667  0.029% neg 0  invalid 762 tFOTS 0.0000 tGradient 2.6260 tsec 2.8990
#GCMRL#   33 dt 295.936000 rms  0.667  0.055% neg 0  invalid 762 tFOTS 0.0000 tGradient 2.6720 tsec 2.9620
#GCMRL#   34 dt 295.936000 rms  0.666  0.064% neg 0  invalid 762 tFOTS 0.0000 tGradient 2.6500 tsec 2.9480
#GCMRL#   35 dt 295.936000 rms  0.666  0.065% neg 0  invalid 762 tFOTS 0.0000 tGradient 2.7490 tsec 3.0370
#GCMRL#   36 dt 295.936000 rms  0.666  0.066% neg 0  invalid 762 tFOTS 0.0000 tGradient 2.6340 tsec 2.9410
#GCMRL#   37 dt 295.936000 rms  0.665  0.089% neg 0  invalid 762 tFOTS 0.0000 tGradient 2.5560 tsec 2.8570
#GCMRL#   38 dt 295.936000 rms  0.664  0.093% neg 0  invalid 762 tFOTS 0.0000 tGradient 2.7250 tsec 3.0210
setting smoothness cost coefficient to 0.615

#GCAMreg# pass 0 level1 4 level2 0 tsec 0 sigma 2
l_jacobian=1.00 l_label=1.00 l_log_likelihood=0.20 l_smoothness=0.62 
tol=2.50e-01, dt=5.00e-02, exp_k=20.0, momentum=0.90, levels=6, niter=500, lbl_dist=10.00, avgs=64, sigma=2.0,type=2, relabel=0, neg=no

blurring input image with Gaussian with sigma=2.000...
GCAMRegisterLevel(): init RMS 0.674644
#GCMRL#   40 dt  25.920000 rms  0.674  0.130% neg 0  invalid 762 tFOTS 5.0170 tGradient 2.3740 tsec 7.7850
#FOTS# QuadFit found better minimum quadopt=(dt=36.288,rms=0.67327) vs oldopt=(dt=25.92,rms=0.67332)
#GCMRL#   41 dt  36.288000 rms  0.673  0.000% neg 0  invalid 762 tFOTS 4.9170 tGradient 2.2100 tsec 7.5350
#GCMRL#   42 dt  36.288000 rms  0.672  0.136% neg 0  invalid 762 tFOTS 0.0000 tGradient 2.2800 tsec 2.5970
#GCMRL#   43 dt  36.288000 rms  0.671  0.219% neg 0  invalid 762 tFOTS 0.0000 tGradient 2.0680 tsec 2.3840
#GCMRL#   44 dt  36.288000 rms  0.669  0.306% neg 0  invalid 762 tFOTS 0.0000 tGradient 2.1210 tsec 2.4730
#GCMRL#   45 dt  36.288000 rms  0.666  0.402% neg 0  invalid 762 tFOTS 0.0000 tGradient 2.2130 tsec 2.5500
#GCMRL#   46 dt  36.288000 rms  0.663  0.508% neg 0  invalid 762 tFOTS 0.0000 tGradient 2.1760 tsec 2.5040
#GCMRL#   47 dt  36.288000 rms  0.659  0.553% neg 0  invalid 762 tFOTS 0.0000 tGradient 2.2550 tsec 2.6050
#GCMRL#   48 dt  36.288000 rms  0.656  0.524% neg 0  invalid 762 tFOTS 0.0000 tGradient 1.9920 tsec 2.3110
#GCMRL#   49 dt  36.288000 rms  0.653  0.451% neg 0  invalid 762 tFOTS 0.0000 tGradient 2.0630 tsec 2.3780
#GCMRL#   50 dt  36.288000 rms  0.650  0.365% neg 0  invalid 762 tFOTS 0.0000 tGradient 2.0240 tsec 2.3720
#GCMRL#   51 dt  36.288000 rms  0.648  0.277% neg 0  invalid 762 tFOTS 0.0000 tGradient 2.0600 tsec 2.3720
#GCMRL#   52 dt  36.288000 rms  0.647  0.202% neg 0  invalid 762 tFOTS 0.0000 tGradient 2.1080 tsec 2.4130
#GCMRL#   53 dt  36.288000 rms  0.646  0.153% neg 0  invalid 762 tFOTS 0.0000 tGradient 2.1210 tsec 2.4610
#GCMRL#   54 dt  36.288000 rms  0.645  0.114% neg 0  invalid 762 tFOTS 0.0000 tGradient 2.0260 tsec 2.3330
#GCMRL#   55 dt  36.288000 rms  0.645  0.070% neg 0  invalid 762 tFOTS 0.0000 tGradient 2.1250 tsec 2.4500
#FOTS# QuadFit found better minimum quadopt=(dt=62.208,rms=0.644915) vs oldopt=(dt=103.68,rms=0.644939)
#GCMRL#   56 dt  62.208000 rms  0.645  0.000% neg 0  invalid 762 tFOTS 5.0300 tGradient 2.2560 tsec 7.6780

#GCAMreg# pass 0 level1 4 level2 1 tsec 67.878 sigma 0.5
l_jacobian=1.00 l_label=1.00 l_log_likelihood=0.20 l_smoothness=0.62 
tol=2.50e-01, dt=5.00e-02, exp_k=20.0, momentum=0.90, levels=6, niter=500, lbl_dist=10.00, avgs=64, sigma=0.5,type=2, relabel=0, neg=no

blurring input image with Gaussian with sigma=0.500...
GCAMRegisterLevel(): init RMS 0.645377
#FOTS# QuadFit found better minimum quadopt=(dt=87.6117,rms=0.643311) vs oldopt=(dt=103.68,rms=0.643368)
#GCMRL#   58 dt  87.611650 rms  0.643  0.320% neg 0  invalid 762 tFOTS 5.5730 tGradient 2.0250 tsec 7.9910
#GCMRL#   59 dt   0.450000 rms  0.643  0.000% neg 0  invalid 762 tFOTS 5.3160 tGradient 1.9860 tsec 7.9510
setting smoothness cost coefficient to 2.353

#GCAMreg# pass 0 level1 3 level2 0 tsec 0 sigma 2
l_jacobian=1.00 l_label=1.00 l_log_likelihood=0.20 l_smoothness=2.35 
tol=2.50e-01, dt=5.00e-02, exp_k=20.0, momentum=0.90, levels=6, niter=500, lbl_dist=10.00, avgs=16, sigma=2.0,type=2, relabel=0, neg=no

blurring input image with Gaussian with sigma=2.000...
GCAMRegisterLevel(): init RMS 0.675654
#FOTS# QuadFit found better minimum quadopt=(dt=1.6,rms=0.675056) vs oldopt=(dt=2,rms=0.675075)
#GCMRL#   61 dt   1.600000 rms  0.675  0.089% neg 0  invalid 762 tFOTS 5.0540 tGradient 2.0110 tsec 7.4530
#FOTS# QuadFit found better minimum quadopt=(dt=0.04375,rms=0.675053) vs oldopt=(dt=0.03125,rms=0.675053)
#GCMRL#   62 dt   0.043750 rms  0.675  0.000% neg 0  invalid 762 tFOTS 5.0230 tGradient 1.7660 tsec 7.2360

#GCAMreg# pass 0 level1 3 level2 1 tsec 25.032 sigma 0.5
l_jacobian=1.00 l_label=1.00 l_log_likelihood=0.20 l_smoothness=2.35 
tol=2.50e-01, dt=5.00e-02, exp_k=20.0, momentum=0.90, levels=6, niter=500, lbl_dist=10.00, avgs=16, sigma=0.5,type=2, relabel=0, neg=no

blurring input image with Gaussian with sigma=0.500...
GCAMRegisterLevel(): init RMS 0.675478
#FOTS# QuadFit found better minimum quadopt=(dt=0.4,rms=0.675042) vs oldopt=(dt=0.5,rms=0.675043)
#GCMRL#   64 dt   0.400000 rms  0.675  0.064% neg 0  invalid 762 tFOTS 4.7310 tGradient 1.8390 tsec 6.9580
#FOTS# QuadFit found better minimum quadopt=(dt=0.0375,rms=0.675038) vs oldopt=(dt=0.03125,rms=0.675038)
#GCMRL#   65 dt   0.037500 rms  0.675  0.000% neg 0  invalid 762 tFOTS 4.6270 tGradient 1.7670 tsec 6.7920
#GCMRL#   66 dt   0.037500 rms  0.675  0.000% neg 0  invalid 762 tFOTS 0.0000 tGradient 1.8310 tsec 2.1780
#GCMRL#   67 dt   0.037500 rms  0.675  0.000% neg 0  invalid 762 tFOTS 0.0000 tGradient 1.9370 tsec 2.2920
setting smoothness cost coefficient to 8.000

#GCAMreg# pass 0 level1 2 level2 0 tsec 0 sigma 2
l_jacobian=1.00 l_label=1.00 l_log_likelihood=0.20 l_smoothness=8.00 
tol=2.50e-01, dt=5.00e-02, exp_k=20.0, momentum=0.90, levels=6, niter=500, lbl_dist=10.00, avgs=4, sigma=2.0,type=2, relabel=0, neg=no

blurring input image with Gaussian with sigma=2.000...
GCAMRegisterLevel(): init RMS 0.759873
#FOTS# QuadFit found better minimum quadopt=(dt=2.63222,rms=0.731169) vs oldopt=(dt=2.88,rms=0.731436)
#GCMRL#   69 dt   2.632222 rms  0.731  3.777% neg 0  invalid 762 tFOTS 4.8330 tGradient 1.7330 tsec 6.9540
#FOTS# QuadFit found better minimum quadopt=(dt=2.0481,rms=0.727155) vs oldopt=(dt=2.88,rms=0.727826)
#GCMRL#   70 dt   2.048096 rms  0.727  0.549% neg 0  invalid 762 tFOTS 4.8630 tGradient 1.6380 tsec 6.8850
#FOTS# QuadFit found better minimum quadopt=(dt=1.69231,rms=0.726023) vs oldopt=(dt=0.72,rms=0.726421)
#GCMRL#   71 dt   1.692308 rms  0.726  0.000% neg 0  invalid 762 tFOTS 5.0520 tGradient 1.6680 tsec 7.1410

#GCAMreg# pass 0 level1 2 level2 1 tsec 31.369 sigma 0.5
l_jacobian=1.00 l_label=1.00 l_log_likelihood=0.20 l_smoothness=8.00 
tol=2.50e-01, dt=5.00e-02, exp_k=20.0, momentum=0.90, levels=6, niter=500, lbl_dist=10.00, avgs=4, sigma=0.5,type=2, relabel=0, neg=no

blurring input image with Gaussian with sigma=0.500...
GCAMRegisterLevel(): init RMS 0.726419
#FOTS# QuadFit found better minimum quadopt=(dt=0.01575,rms=0.726032) vs oldopt=(dt=0.01125,rms=0.726032)
#GCMRL#   73 dt   0.015750 rms  0.726  0.053% neg 0  invalid 762 tFOTS 4.7230 tGradient 1.5680 tsec 6.6850
#FOTS# QuadFit found better minimum quadopt=(dt=0.01575,rms=0.726027) vs oldopt=(dt=0.01125,rms=0.726027)
#GCMRL#   74 dt   0.015750 rms  0.726  0.000% neg 0  invalid 762 tFOTS 5.0840 tGradient 1.7440 tsec 7.2510
setting smoothness cost coefficient to 20.000

#GCAMreg# pass 0 level1 1 level2 0 tsec 0 sigma 2
l_jacobian=1.00 l_label=1.00 l_log_likelihood=0.20 l_smoothness=20.00 
tol=2.50e-01, dt=5.00e-02, exp_k=20.0, momentum=0.90, levels=6, niter=500, lbl_dist=10.00, avgs=1, sigma=2.0,type=2, relabel=0, neg=no

blurring input image with Gaussian with sigma=2.000...
GCAMRegisterLevel(): init RMS 0.780887
#GCMRL#   76 dt   0.320000 rms  0.780  0.172% neg 0  invalid 762 tFOTS 4.8310 tGradient 1.4400 tsec 6.6410
#FOTS# QuadFit found better minimum quadopt=(dt=1.1269,rms=0.773382) vs oldopt=(dt=1.28,rms=0.773406)
#GCMRL#   77 dt   1.126904 rms  0.773  0.791% neg 0  invalid 762 tFOTS 4.8800 tGradient 1.4680 tsec 6.7140
#FOTS# QuadFit found better minimum quadopt=(dt=0.112,rms=0.772436) vs oldopt=(dt=0.08,rms=0.772622)
#GCMRL#   78 dt   0.112000 rms  0.772  0.000% neg 0  invalid 762 tFOTS 5.1410 tGradient 1.5790 tsec 7.1140
#GCMRL#   79 dt   0.112000 rms  0.772  0.052% neg 0  invalid 762 tFOTS 0.0000 tGradient 1.3900 tsec 1.6990
#GCMRL#   80 dt   0.112000 rms  0.772  0.044% neg 0  invalid 762 tFOTS 0.0000 tGradient 1.4370 tsec 1.7400
#GCMRL#   81 dt   0.112000 rms  0.771  0.072% neg 0  invalid 762 tFOTS 0.0000 tGradient 1.4250 tsec 1.7360
#GCMRL#   82 dt   0.112000 rms  0.770  0.183% neg 0  invalid 762 tFOTS 0.0000 tGradient 1.4320 tsec 1.7570
#GCMRL#   83 dt   0.112000 rms  0.768  0.259% neg 0  invalid 762 tFOTS 0.0000 tGradient 1.5060 tsec 1.8450
#GCMRL#   84 dt   0.112000 rms  0.766  0.219% neg 0  invalid 762 tFOTS 0.0000 tGradient 1.4470 tsec 1.7950
#GCMRL#   85 dt   0.112000 rms  0.765  0.128% neg 0  invalid 762 tFOTS 0.0000 tGradient 1.4560 tsec 1.7760
#GCMRL#   86 dt   0.112000 rms  0.765  0.050% neg 0  invalid 762 tFOTS 0.0000 tGradient 1.5080 tsec 1.8090
#GCMRL#   87 dt   0.112000 rms  0.765 -0.023% neg 0  invalid 762 tFOTS 0.0000 tGradient 1.5060 tsec 2.0970

#GCAMreg# pass 0 level1 1 level2 1 tsec 51.646 sigma 0.5
l_jacobian=1.00 l_label=1.00 l_log_likelihood=0.20 l_smoothness=20.00 
tol=2.50e-01, dt=5.00e-02, exp_k=20.0, momentum=0.90, levels=6, niter=500, lbl_dist=10.00, avgs=1, sigma=0.5,type=2, relabel=0, neg=no

blurring input image with Gaussian with sigma=0.500...
GCAMRegisterLevel(): init RMS 0.765104
#FOTS# QuadFit found better minimum quadopt=(dt=0.028,rms=0.764681) vs oldopt=(dt=0.02,rms=0.764682)
#GCMRL#   89 dt   0.028000 rms  0.765  0.055% neg 0  invalid 762 tFOTS 4.8300 tGradient 1.5980 tsec 6.7740
#FOTS# QuadFit found better minimum quadopt=(dt=0.028,rms=0.764679) vs oldopt=(dt=0.02,rms=0.764679)
#GCMRL#   90 dt   0.028000 rms  0.765  0.000% neg 0  invalid 762 tFOTS 4.3670 tGradient 1.4590 tsec 6.2320
#GCMRL#   91 dt   0.028000 rms  0.765  0.000% neg 0  invalid 762 tFOTS 0.0000 tGradient 1.2180 tsec 1.4800
resetting metric properties...
setting smoothness cost coefficient to 40.000

#GCAMreg# pass 0 level1 0 level2 0 tsec 0 sigma 2
l_jacobian=1.00 l_label=1.00 l_log_likelihood=0.20 l_smoothness=40.00 
tol=2.50e-01, dt=5.00e-02, exp_k=20.0, momentum=0.90, levels=6, niter=500, lbl_dist=10.00, avgs=0, sigma=2.0,type=2, relabel=0, neg=no

blurring input image with Gaussian with sigma=2.000...
GCAMRegisterLevel(): init RMS 0.720394
#FOTS# QuadFit found better minimum quadopt=(dt=0.212258,rms=0.71563) vs oldopt=(dt=0.32,rms=0.716448)
#GCMRL#   93 dt   0.212258 rms  0.716  0.661% neg 0  invalid 762 tFOTS 4.9080 tGradient 0.9610 tsec 6.2510
#GCMRL#   94 dt   0.020000 rms  0.715  0.000% neg 0  invalid 762 tFOTS 5.1330 tGradient 0.9590 tsec 6.5120

#GCAMreg# pass 0 level1 0 level2 1 tsec 22.758 sigma 0.5
l_jacobian=1.00 l_label=1.00 l_log_likelihood=0.20 l_smoothness=40.00 
tol=2.50e-01, dt=5.00e-02, exp_k=20.0, momentum=0.90, levels=6, niter=500, lbl_dist=10.00, avgs=0, sigma=0.5,type=2, relabel=0, neg=no

blurring input image with Gaussian with sigma=0.500...
GCAMRegisterLevel(): init RMS 0.715854
#FOTS# QuadFit found better minimum quadopt=(dt=0.007,rms=0.715379) vs oldopt=(dt=0.005,rms=0.715383)
#GCMRL#   96 dt   0.007000 rms  0.715  0.066% neg 0  invalid 762 tFOTS 4.7400 tGradient 0.9710 tsec 6.1000
#FOTS# QuadFit found better minimum quadopt=(dt=0.00175,rms=0.715379) vs oldopt=(dt=0.00125,rms=0.715379)
#GCMRL#   97 dt   0.001750 rms  0.715  0.000% neg 0  invalid 762 tFOTS 4.8380 tGradient 0.9930 tsec 6.2380
GCAMregister done in 8.16855 min
Starting GCAmapRenormalizeWithAlignment() without scales
renormalizing by structure alignment....
renormalizing input #0
gca peak = 0.10253 (16)
mri peak = 0.12762 (24)
Left_Lateral_Ventricle (4): linear fit = 1.30 x + 0.0 (888 voxels, overlap=0.501)
Left_Lateral_Ventricle (4): linear fit = 1.30 x + 0.0 (888 voxels, peak = 21), gca=20.9
gca peak = 0.17690 (16)
mri peak = 0.13365 (23)
Right_Lateral_Ventricle (43): linear fit = 1.40 x + 0.0 (1097 voxels, overlap=0.429)
Right_Lateral_Ventricle (43): linear fit = 1.40 x + 0.0 (1097 voxels, peak = 22), gca=22.5
gca peak = 0.28275 (96)
mri peak = 0.15002 (100)
Right_Pallidum (52): linear fit = 1.04 x + 0.0 (1023 voxels, overlap=0.895)
Right_Pallidum (52): linear fit = 1.04 x + 0.0 (1023 voxels, peak = 100), gca=100.3
gca peak = 0.18948 (93)
mri peak = 0.13410 (101)
Left_Pallidum (13): linear fit = 1.04 x + 0.0 (863 voxels, overlap=0.870)
Left_Pallidum (13): linear fit = 1.04 x + 0.0 (863 voxels, peak = 97), gca=97.2
gca peak = 0.20755 (55)
mri peak = 0.11287 (68)
Right_Hippocampus (53): linear fit = 1.18 x + 0.0 (1007 voxels, overlap=0.035)
Right_Hippocampus (53): linear fit = 1.18 x + 0.0 (1007 voxels, peak = 65), gca=65.2
gca peak = 0.31831 (58)
mri peak = 0.10984 (71)
Left_Hippocampus (17): linear fit = 1.18 x + 0.0 (921 voxels, overlap=0.012)
Left_Hippocampus (17): linear fit = 1.18 x + 0.0 (921 voxels, peak = 69), gca=68.7
gca peak = 0.11957 (102)
mri peak = 0.10372 (107)
Right_Cerebral_White_Matter (41): linear fit = 1.07 x + 0.0 (71733 voxels, overlap=0.645)
Right_Cerebral_White_Matter (41): linear fit = 1.07 x + 0.0 (71733 voxels, peak = 109), gca=108.6
gca peak = 0.11429 (102)
mri peak = 0.08579 (107)
Left_Cerebral_White_Matter (2): linear fit = 1.07 x + 0.0 (72770 voxels, overlap=0.521)
Left_Cerebral_White_Matter (2): linear fit = 1.07 x + 0.0 (72770 voxels, peak = 109), gca=108.6
gca peak = 0.14521 (59)
mri peak = 0.04217 (65)
Left_Cerebral_Cortex (3): linear fit = 1.10 x + 0.0 (28670 voxels, overlap=0.689)
Left_Cerebral_Cortex (3): linear fit = 1.10 x + 0.0 (28670 voxels, peak = 65), gca=64.6
gca peak = 0.14336 (58)
mri peak = 0.03633 (66)
Right_Cerebral_Cortex (42): linear fit = 1.14 x + 0.0 (30651 voxels, overlap=0.420)
Right_Cerebral_Cortex (42): linear fit = 1.14 x + 0.0 (30651 voxels, peak = 66), gca=66.4
gca peak = 0.13305 (70)
mri peak = 0.08336 (82)
Right_Caudate (50): linear fit = 1.20 x + 0.0 (963 voxels, overlap=0.040)
Right_Caudate (50): linear fit = 1.20 x + 0.0 (963 voxels, peak = 84), gca=83.7
gca peak = 0.15761 (71)
mri peak = 0.08048 (83)
Left_Caudate (11): linear fit = 1.15 x + 0.0 (1100 voxels, overlap=0.174)
Left_Caudate (11): linear fit = 1.15 x + 0.0 (1100 voxels, peak = 82), gca=82.0
gca peak = 0.13537 (57)
mri peak = 0.04820 (68)
Left_Cerebellum_Cortex (8): linear fit = 1.24 x + 0.0 (27050 voxels, overlap=0.042)
Left_Cerebellum_Cortex (8): linear fit = 1.24 x + 0.0 (27050 voxels, peak = 70), gca=70.4
gca peak = 0.13487 (56)
mri peak = 0.05775 (71)
Right_Cerebellum_Cortex (47): linear fit = 1.24 x + 0.0 (28339 voxels, overlap=0.017)
Right_Cerebellum_Cortex (47): linear fit = 1.24 x + 0.0 (28339 voxels, peak = 69), gca=69.2
gca peak = 0.19040 (84)
mri peak = 0.05972 (89)
Left_Cerebellum_White_Matter (7): linear fit = 1.07 x + 0.0 (10340 voxels, overlap=0.670)
Left_Cerebellum_White_Matter (7): linear fit = 1.07 x + 0.0 (10340 voxels, peak = 89), gca=89.5
gca peak = 0.18871 (83)
mri peak = 0.08276 (92)
Right_Cerebellum_White_Matter (46): linear fit = 1.12 x + 0.0 (9123 voxels, overlap=0.194)
Right_Cerebellum_White_Matter (46): linear fit = 1.12 x + 0.0 (9123 voxels, peak = 93), gca=92.5
gca peak = 0.24248 (57)
mri peak = 0.12170 (69)
Left_Amygdala (18): linear fit = 1.18 x + 0.0 (487 voxels, overlap=0.033)
Left_Amygdala (18): linear fit = 1.18 x + 0.0 (487 voxels, peak = 68), gca=67.5
gca peak = 0.35833 (56)
mri peak = 0.11269 (68)
Right_Amygdala (54): linear fit = 1.21 x + 0.0 (525 voxels, overlap=0.022)
Right_Amygdala (54): linear fit = 1.21 x + 0.0 (525 voxels, peak = 67), gca=67.5
gca peak = 0.12897 (85)
mri peak = 0.08484 (95)
Left_Thalamus (10): linear fit = 1.11 x + 0.0 (6102 voxels, overlap=0.489)
Left_Thalamus (10): linear fit = 1.11 x + 0.0 (6102 voxels, peak = 94), gca=93.9
gca peak = 0.13127 (83)
mri peak = 0.05865 (94)
Right_Thalamus (49): linear fit = 1.08 x + 0.0 (4889 voxels, overlap=0.732)
Right_Thalamus (49): linear fit = 1.08 x + 0.0 (4889 voxels, peak = 89), gca=89.2
gca peak = 0.12974 (78)
mri peak = 0.06711 (90)
Left_Putamen (12): linear fit = 1.15 x + 0.0 (2616 voxels, overlap=0.080)
Left_Putamen (12): linear fit = 1.15 x + 0.0 (2616 voxels, peak = 90), gca=90.1
gca peak = 0.17796 (79)
mri peak = 0.07386 (93)
Right_Putamen (51): linear fit = 1.14 x + 0.0 (2712 voxels, overlap=0.235)
Right_Putamen (51): linear fit = 1.14 x + 0.0 (2712 voxels, peak = 90), gca=90.5
gca peak = 0.10999 (80)
mri peak = 0.10374 (87)
Brain_Stem (16): linear fit = 1.10 x + 0.0 (13948 voxels, overlap=0.415)
Brain_Stem (16): linear fit = 1.10 x + 0.0 (13948 voxels, peak = 88), gca=87.6
gca peak = 0.13215 (88)
mri peak = 0.10109 (92)
Right_VentralDC (60): linear fit = 1.07 x + 0.0 (1573 voxels, overlap=0.510)
Right_VentralDC (60): linear fit = 1.07 x + 0.0 (1573 voxels, peak = 94), gca=93.7
gca peak = 0.11941 (89)
mri peak = 0.10670 (93)
Left_VentralDC (28): linear fit = 1.07 x + 0.0 (1669 voxels, overlap=0.545)
Left_VentralDC (28): linear fit = 1.07 x + 0.0 (1669 voxels, peak = 95), gca=94.8
gca peak = 0.20775 (25)
mri peak = 0.19048 (21)
gca peak = 0.13297 (21)
mri peak = 0.16620 (25)
Fourth_Ventricle (15): linear fit = 1.16 x + 0.0 (448 voxels, overlap=0.473)
Fourth_Ventricle (15): linear fit = 1.16 x + 0.0 (448 voxels, peak = 24), gca=24.5
gca peak Unknown = 0.94777 ( 0)
gca peak Left_Inf_Lat_Vent = 0.19087 (28)
gca peak Third_Ventricle = 0.20775 (25)
gca peak CSF = 0.16821 (33)
gca peak Left_Accumbens_area = 0.32850 (63)
gca peak Left_undetermined = 0.98480 (28)
gca peak Left_vessel = 0.40887 (53)
gca peak Left_choroid_plexus = 0.10898 (46)
gca peak Right_Inf_Lat_Vent = 0.17798 (26)
gca peak Right_Accumbens_area = 0.30137 (64)
gca peak Right_vessel = 0.47828 (52)
gca peak Right_choroid_plexus = 0.11612 (45)
gca peak Fifth_Ventricle = 0.59466 (35)
gca peak WM_hypointensities = 0.10053 (78)
gca peak non_WM_hypointensities = 0.07253 (60)
gca peak Optic_Chiasm = 0.25330 (73)
not using caudate to estimate GM means
estimating mean gm scale to be 1.17 x + 0.0
estimating mean wm scale to be 1.07 x + 0.0
estimating mean csf scale to be 1.29 x + 0.0
saving intensity scales to talairach.label_intensities.txt
GCAmapRenormalizeWithAlignment() took 2.17112 min
noneg pre
Starting GCAMregister()
label assignment complete, 0 changed (0.00%)
npasses = 1, nlevels = 6
#pass# 1 of 1 ************************
enabling zero nodes
setting smoothness cost coefficient to 0.008

#GCAMreg# pass 0 level1 5 level2 0 tsec 0 sigma 2
l_jacobian=1.00 l_label=1.00 l_log_likelihood=0.20 l_smoothness=0.01 
tol=5.00e-02, dt=5.00e-02, exp_k=20.0, momentum=0.90, levels=6, niter=500, lbl_dist=10.00, avgs=256, sigma=2.0,type=2, relabel=0, neg=no

blurring input image with Gaussian with sigma=2.000...
GCAMRegisterLevel(): init RMS 0.730307
#FOTS# QuadFit found better minimum quadopt=(dt=201.674,rms=0.69636) vs oldopt=(dt=92.48,rms=0.706546)
#GCMRL#   99 dt 201.674419 rms  0.696  4.648% neg 0  invalid 762 tFOTS 5.2590 tGradient 2.0950 tsec 7.7180
#FOTS# QuadFit found better minimum quadopt=(dt=207.158,rms=0.686623) vs oldopt=(dt=92.48,rms=0.689759)
#GCMRL#  100 dt 207.157895 rms  0.687  1.398% neg 0  invalid 762 tFOTS 5.1730 tGradient 2.0920 tsec 7.6230
#FOTS# QuadFit found better minimum quadopt=(dt=144.777,rms=0.681945) vs oldopt=(dt=92.48,rms=0.682765)
#GCMRL#  101 dt 144.776699 rms  0.682  0.681% neg 0  invalid 762 tFOTS 4.6890 tGradient 2.1040 tsec 7.1330
#FOTS# QuadFit found better minimum quadopt=(dt=221.952,rms=0.678875) vs oldopt=(dt=369.92,rms=0.679614)
#GCMRL#  102 dt 221.952000 rms  0.679  0.450% neg 0  invalid 762 tFOTS 5.0670 tGradient 2.1400 tsec 7.5960
#FOTS# QuadFit found better minimum quadopt=(dt=129.472,rms=0.676475) vs oldopt=(dt=92.48,rms=0.676852)
#GCMRL#  103 dt 129.472000 rms  0.676  0.353% neg 0  invalid 762 tFOTS 4.5980 tGradient 2.1340 tsec 7.0880
#GCMRL#  104 dt 369.920000 rms  0.674  0.380% neg 0  invalid 762 tFOTS 4.9700 tGradient 2.1510 tsec 7.5040
#FOTS# QuadFit found better minimum quadopt=(dt=129.472,rms=0.671706) vs oldopt=(dt=92.48,rms=0.671883)
#GCMRL#  105 dt 129.472000 rms  0.672  0.326% neg 0  invalid 762 tFOTS 5.3440 tGradient 2.1850 tsec 7.8790
#FOTS# QuadFit found better minimum quadopt=(dt=129.472,rms=0.670727) vs oldopt=(dt=92.48,rms=0.670915)
#GCMRL#  106 dt 129.472000 rms  0.671  0.146% neg 0  invalid 762 tFOTS 5.1040 tGradient 2.1570 tsec 7.6610
#FOTS# QuadFit found better minimum quadopt=(dt=517.888,rms=0.668026) vs oldopt=(dt=369.92,rms=0.668452)
#GCMRL#  107 dt 517.888000 rms  0.668  0.403% neg 0  invalid 762 tFOTS 5.1250 tGradient 2.2600 tsec 7.7900
#GCMRL#  108 dt  92.480000 rms  0.667  0.173% neg 0  invalid 762 tFOTS 5.8660 tGradient 2.2690 tsec 8.5330
#FOTS# QuadFit found better minimum quadopt=(dt=2071.55,rms=0.660018) vs oldopt=(dt=1479.68,rms=0.661291)
#GCMRL#  109 dt 2071.552000 rms  0.660  1.028% neg 0  invalid 762 tFOTS 5.6970 tGradient 2.2380 tsec 8.3260
#GCMRL#  110 dt  92.480000 rms  0.659  0.125% neg 0  invalid 762 tFOTS 5.6140 tGradient 2.2490 tsec 8.2520
#FOTS# QuadFit found better minimum quadopt=(dt=2071.55,rms=0.656655) vs oldopt=(dt=1479.68,rms=0.656883)
#GCMRL#  111 dt 2071.552000 rms  0.657  0.385% neg 0  invalid 762 tFOTS 5.6450 tGradient 2.0950 tsec 8.1180
#GCMRL#  112 dt  92.480000 rms  0.655  0.199% neg 0  invalid 762 tFOTS 5.7880 tGradient 2.1980 tsec 8.3970
#FOTS# QuadFit found better minimum quadopt=(dt=517.888,rms=0.654631) vs oldopt=(dt=369.92,rms=0.654681)
#GCMRL#  113 dt 517.888000 rms  0.655  0.109% neg 0  invalid 762 tFOTS 5.9560 tGradient 2.1280 tsec 8.4700
#FOTS# QuadFit found better minimum quadopt=(dt=129.472,rms=0.65415) vs oldopt=(dt=92.48,rms=0.654242)
#GCMRL#  114 dt 129.472000 rms  0.654  0.074% neg 0  invalid 762 tFOTS 5.4310 tGradient 2.0970 tsec 7.9050
#FOTS# QuadFit found better minimum quadopt=(dt=517.888,rms=0.653459) vs oldopt=(dt=369.92,rms=0.653581)
#GCMRL#  115 dt 517.888000 rms  0.653  0.106% neg 0  invalid 762 tFOTS 5.7700 tGradient 2.1210 tsec 8.2790
#GCMRL#  116 dt  92.480000 rms  0.653  0.000% neg 0  invalid 762 tFOTS 5.0770 tGradient 2.1100 tsec 7.5900
#GCMRL#  117 dt  92.480000 rms  0.653  0.015% neg 0  invalid 762 tFOTS 0.0000 tGradient 2.1680 tsec 2.4790
#GCMRL#  118 dt  92.480000 rms  0.653  0.029% neg 0  invalid 762 tFOTS 0.0000 tGradient 2.1930 tsec 2.5030
#GCMRL#  119 dt  92.480000 rms  0.653  0.044% neg 0  invalid 762 tFOTS 0.0000 tGradient 2.0810 tsec 2.3770
#GCMRL#  120 dt  92.480000 rms  0.652  0.059% neg 0  invalid 762 tFOTS 0.0000 tGradient 2.1380 tsec 2.4440
#GCMRL#  121 dt  92.480000 rms  0.652  0.075% neg 0  invalid 762 tFOTS 0.0000 tGradient 2.1970 tsec 2.5170
#GCMRL#  122 dt  92.480000 rms  0.651  0.084% neg 0  invalid 762 tFOTS 0.0000 tGradient 2.2360 tsec 2.5470
#GCMRL#  123 dt  92.480000 rms  0.651  0.087% neg 0  invalid 762 tFOTS 0.0000 tGradient 2.1920 tsec 2.5190
#GCMRL#  124 dt  92.480000 rms  0.650  0.089% neg 0  invalid 762 tFOTS 0.0000 tGradient 2.1320 tsec 2.4140
#GCMRL#  125 dt  92.480000 rms  0.650  0.089% neg 0  invalid 762 tFOTS 0.0000 tGradient 2.0990 tsec 2.4120
#GCMRL#  126 dt  92.480000 rms  0.649  0.089% neg 0  invalid 762 tFOTS 0.0000 tGradient 2.2430 tsec 2.5600
#GCMRL#  127 dt  92.480000 rms  0.648  0.087% neg 0  invalid 762 tFOTS 0.0000 tGradient 2.1040 tsec 2.4160
#GCMRL#  128 dt  92.480000 rms  0.648  0.088% neg 0  invalid 762 tFOTS 0.0000 tGradient 2.1660 tsec 2.4760
#GCMRL#  129 dt  92.480000 rms  0.647  0.090% neg 0  invalid 762 tFOTS 0.0000 tGradient 2.1930 tsec 2.5290
#GCMRL#  130 dt  92.480000 rms  0.647  0.090% neg 0  invalid 762 tFOTS 0.0000 tGradient 2.2910 tsec 2.5930
#GCMRL#  131 dt  92.480000 rms  0.646  0.090% neg 0  invalid 762 tFOTS 0.0000 tGradient 2.2820 tsec 2.5860
#GCMRL#  132 dt  92.480000 rms  0.645  0.089% neg 0  invalid 762 tFOTS 0.0000 tGradient 2.1490 tsec 2.4610
#GCMRL#  133 dt  92.480000 rms  0.645  0.087% neg 0  invalid 762 tFOTS 0.0000 tGradient 2.1250 tsec 2.4160
#GCMRL#  134 dt  92.480000 rms  0.644  0.082% neg 0  invalid 762 tFOTS 0.0000 tGradient 2.1310 tsec 2.4360
#GCMRL#  135 dt  92.480000 rms  0.644  0.080% neg 0  invalid 762 tFOTS 0.0000 tGradient 2.1540 tsec 2.4460
#GCMRL#  136 dt  92.480000 rms  0.643  0.076% neg 0  invalid 762 tFOTS 0.0000 tGradient 2.1280 tsec 2.4150
#GCMRL#  137 dt  92.480000 rms  0.643  0.076% neg 0  invalid 762 tFOTS 0.0000 tGradient 2.1020 tsec 2.3870
#GCMRL#  138 dt  92.480000 rms  0.642  0.076% neg 0  invalid 762 tFOTS 0.0000 tGradient 2.1010 tsec 2.3810
#GCMRL#  139 dt  92.480000 rms  0.642  0.075% neg 0  invalid 762 tFOTS 0.0000 tGradient 2.1820 tsec 2.4740
#GCMRL#  140 dt  92.480000 rms  0.641  0.072% neg 0  invalid 762 tFOTS 0.0000 tGradient 2.1780 tsec 2.4730
#GCMRL#  141 dt  92.480000 rms  0.641  0.068% neg 0  invalid 762 tFOTS 0.0000 tGradient 2.1010 tsec 2.4060
#GCMRL#  142 dt  92.480000 rms  0.641  0.065% neg 0  invalid 762 tFOTS 0.0000 tGradient 2.1340 tsec 2.4300
#GCMRL#  143 dt  92.480000 rms  0.640  0.064% neg 0  invalid 762 tFOTS 0.0000 tGradient 2.0970 tsec 2.3930
#GCMRL#  144 dt  92.480000 rms  0.640  0.064% neg 0  invalid 762 tFOTS 0.0000 tGradient 2.1180 tsec 2.4130
#GCMRL#  145 dt  92.480000 rms  0.639  0.062% neg 0  invalid 762 tFOTS 0.0000 tGradient 2.1450 tsec 2.4380
#GCMRL#  146 dt  92.480000 rms  0.639  0.063% neg 0  invalid 762 tFOTS 0.0000 tGradient 2.0920 tsec 2.4090
#GCMRL#  147 dt  92.480000 rms  0.639  0.063% neg 0  invalid 762 tFOTS 0.0000 tGradient 2.0700 tsec 2.3830
#GCMRL#  148 dt  92.480000 rms  0.638  0.063% neg 0  invalid 762 tFOTS 0.0000 tGradient 2.2170 tsec 2.5160
#GCMRL#  149 dt  92.480000 rms  0.638  0.061% neg 0  invalid 762 tFOTS 0.0000 tGradient 2.2010 tsec 2.5000
#GCMRL#  150 dt  92.480000 rms  0.637  0.059% neg 0  invalid 762 tFOTS 0.0000 tGradient 2.1550 tsec 2.4580
#GCMRL#  151 dt  92.480000 rms  0.637  0.056% neg 0  invalid 762 tFOTS 0.0000 tGradient 2.1460 tsec 2.4430
#GCMRL#  152 dt  92.480000 rms  0.637  0.055% neg 0  invalid 762 tFOTS 0.0000 tGradient 2.1780 tsec 2.4850
#GCMRL#  153 dt  92.480000 rms  0.636  0.053% neg 0  invalid 762 tFOTS 0.0000 tGradient 2.1700 tsec 2.4910
#GCMRL#  154 dt  92.480000 rms  0.636  0.050% neg 0  invalid 762 tFOTS 0.0000 tGradient 2.1810 tsec 2.4880
#GCMRL#  155 dt  92.480000 rms  0.636  0.048% neg 0  invalid 762 tFOTS 0.0000 tGradient 2.2440 tsec 2.5420
#GCMRL#  156 dt  92.480000 rms  0.635  0.047% neg 0  invalid 762 tFOTS 0.0000 tGradient 2.2170 tsec 2.5210
#GCMRL#  157 dt  92.480000 rms  0.635  0.046% neg 0  invalid 762 tFOTS 0.0000 tGradient 2.2120 tsec 2.5060
#GCMRL#  158 dt  92.480000 rms  0.635  0.047% neg 0  invalid 762 tFOTS 0.0000 tGradient 2.2750 tsec 2.5980
#GCMRL#  159 dt  92.480000 rms  0.635  0.045% neg 0  invalid 762 tFOTS 0.0000 tGradient 2.1440 tsec 2.4460
#GCMRL#  160 dt  92.480000 rms  0.634  0.045% neg 0  invalid 762 tFOTS 0.0000 tGradient 2.2640 tsec 2.5660
#GCMRL#  161 dt  92.480000 rms  0.634  0.044% neg 0  invalid 762 tFOTS 0.0000 tGradient 2.2050 tsec 2.5170
#GCMRL#  162 dt  92.480000 rms  0.634  0.042% neg 0  invalid 762 tFOTS 0.0000 tGradient 2.1770 tsec 2.4760
#GCMRL#  163 dt  92.480000 rms  0.633  0.041% neg 0  invalid 762 tFOTS 0.0000 tGradient 2.1590 tsec 2.4430
#GCMRL#  164 dt  92.480000 rms  0.633  0.039% neg 0  invalid 762 tFOTS 0.0000 tGradient 2.2010 tsec 2.4980
#GCMRL#  165 dt  92.480000 rms  0.633  0.036% neg 0  invalid 762 tFOTS 0.0000 tGradient 2.2440 tsec 2.5600
#GCMRL#  166 dt  92.480000 rms  0.633  0.036% neg 0  invalid 762 tFOTS 0.0000 tGradient 2.2330 tsec 2.5270
#GCMRL#  167 dt  92.480000 rms  0.633  0.034% neg 0  invalid 762 tFOTS 0.0000 tGradient 2.1730 tsec 2.4610
#GCMRL#  168 dt  92.480000 rms  0.632  0.033% neg 0  invalid 762 tFOTS 0.0000 tGradient 2.1920 tsec 2.4860
#GCMRL#  169 dt  92.480000 rms  0.632  0.033% neg 0  invalid 762 tFOTS 0.0000 tGradient 2.2190 tsec 2.5270
#GCMRL#  170 dt  92.480000 rms  0.632  0.032% neg 0  invalid 762 tFOTS 0.0000 tGradient 2.2330 tsec 2.5270
#GCMRL#  171 dt  92.480000 rms  0.632  0.033% neg 0  invalid 762 tFOTS 0.0000 tGradient 2.2710 tsec 2.5750
#GCMRL#  172 dt  92.480000 rms  0.632  0.030% neg 0  invalid 762 tFOTS 0.0000 tGradient 2.2260 tsec 2.5170
#GCMRL#  173 dt  92.480000 rms  0.631  0.029% neg 0  invalid 762 tFOTS 0.0000 tGradient 2.2090 tsec 2.4960
#GCMRL#  174 dt  92.480000 rms  0.631  0.029% neg 0  invalid 762 tFOTS 0.0000 tGradient 2.1910 tsec 2.4790
#GCMRL#  175 dt  92.480000 rms  0.631  0.028% neg 0  invalid 762 tFOTS 0.0000 tGradient 2.1570 tsec 2.4450
#GCMRL#  176 dt  92.480000 rms  0.631  0.026% neg 0  invalid 762 tFOTS 0.0000 tGradient 2.1500 tsec 2.4480
#GCMRL#  177 dt  92.480000 rms  0.631  0.027% neg 0  invalid 762 tFOTS 0.0000 tGradient 2.2230 tsec 2.5340
#GCMRL#  178 dt  92.480000 rms  0.630  0.028% neg 0  invalid 762 tFOTS 0.0000 tGradient 2.2720 tsec 2.5970
#GCMRL#  179 dt  92.480000 rms  0.630  0.027% neg 0  invalid 762 tFOTS 0.0000 tGradient 2.1710 tsec 2.4640
#GCMRL#  180 dt  92.480000 rms  0.630  0.026% neg 0  invalid 762 tFOTS 0.0000 tGradient 2.2700 tsec 2.5680
#GCMRL#  181 dt  92.480000 rms  0.630  0.027% neg 0  invalid 762 tFOTS 0.0000 tGradient 2.2070 tsec 2.5160
#GCMRL#  182 dt  92.480000 rms  0.630  0.027% neg 0  invalid 762 tFOTS 0.0000 tGradient 2.2000 tsec 2.4890
#GCMRL#  183 dt  92.480000 rms  0.630  0.026% neg 0  invalid 762 tFOTS 0.0000 tGradient 2.1420 tsec 2.4490
#GCMRL#  184 dt  92.480000 rms  0.630  0.024% neg 0  invalid 762 tFOTS 0.0000 tGradient 2.2360 tsec 2.5460
#GCMRL#  185 dt  92.480000 rms  0.629  0.025% neg 0  invalid 762 tFOTS 0.0000 tGradient 2.2310 tsec 2.5150
#GCMRL#  186 dt  92.480000 rms  0.629  0.024% neg 0  invalid 762 tFOTS 0.0000 tGradient 2.2090 tsec 2.5200
#GCMRL#  187 dt  92.480000 rms  0.629  0.024% neg 0  invalid 762 tFOTS 0.0000 tGradient 2.1890 tsec 2.5170
#FOTS# QuadFit found better minimum quadopt=(dt=4734.98,rms=0.628667) vs oldopt=(dt=5918.72,rms=0.628686)
#GCMRL#  188 dt 4734.976000 rms  0.629  0.060% neg 0  invalid 762 tFOTS 5.5400 tGradient 2.2180 tsec 8.1140
#GCMRL#  189 dt  92.480000 rms  0.628  0.000% neg 0  invalid 762 tFOTS 5.1630 tGradient 2.2010 tsec 7.7470
#GCMRL#  190 dt  92.480000 rms  0.628  0.004% neg 0  invalid 762 tFOTS 0.0000 tGradient 2.2250 tsec 2.5320
#GCMRL#  191 dt  92.480000 rms  0.628  0.000% neg 0  invalid 762 tFOTS 0.0000 tGradient 2.2160 tsec 2.5260
#GCMRL#  192 dt  92.480000 rms  0.628  0.003% neg 0  invalid 762 tFOTS 0.0000 tGradient 2.2160 tsec 2.5230
#GCMRL#  193 dt  92.480000 rms  0.628  0.008% neg 0  invalid 762 tFOTS 0.0000 tGradient 2.2320 tsec 2.5450
#GCMRL#  194 dt  92.480000 rms  0.628  0.011% neg 0  invalid 762 tFOTS 0.0000 tGradient 2.2860 tsec 2.5820
#GCMRL#  195 dt  92.480000 rms  0.628  0.015% neg 0  invalid 762 tFOTS 0.0000 tGradient 2.2090 tsec 2.4990
#GCMRL#  196 dt  92.480000 rms  0.628  0.014% neg 0  invalid 762 tFOTS 0.0000 tGradient 2.2250 tsec 2.5530

#GCAMreg# pass 0 level1 5 level2 1 tsec 368.252 sigma 0.5
l_jacobian=1.00 l_label=1.00 l_log_likelihood=0.20 l_smoothness=0.01 
tol=5.00e-02, dt=5.00e-02, exp_k=20.0, momentum=0.90, levels=6, niter=500, lbl_dist=10.00, avgs=256, sigma=0.5,type=2, relabel=0, neg=no

blurring input image with Gaussian with sigma=0.500...
GCAMRegisterLevel(): init RMS 0.628415
#FOTS# QuadFit found better minimum quadopt=(dt=295.936,rms=0.627478) vs oldopt=(dt=369.92,rms=0.627556)
#GCMRL#  198 dt 295.936000 rms  0.627  0.149% neg 0  invalid 762 tFOTS 5.4330 tGradient 2.2130 tsec 8.0580
#FOTS# QuadFit found better minimum quadopt=(dt=221.952,rms=0.626948) vs oldopt=(dt=369.92,rms=0.627067)
#GCMRL#  199 dt 221.952000 rms  0.627  0.085% neg 0  invalid 762 tFOTS 5.5460 tGradient 2.2340 tsec 8.1800
#GCMRL#  200 dt  92.480000 rms  0.627  0.000% neg 0  invalid 762 tFOTS 5.4540 tGradient 2.2030 tsec 8.0650
#GCMRL#  201 dt  92.480000 rms  0.627  0.007% neg 0  invalid 762 tFOTS 0.0000 tGradient 2.1610 tsec 2.4710
#GCMRL#  202 dt  92.480000 rms  0.627  0.018% neg 0  invalid 762 tFOTS 0.0000 tGradient 2.1380 tsec 2.4590
#GCMRL#  203 dt  92.480000 rms  0.627  0.026% neg 0  invalid 762 tFOTS 0.0000 tGradient 2.2740 tsec 2.5840
#GCMRL#  204 dt  92.480000 rms  0.626  0.031% neg 0  invalid 762 tFOTS 0.0000 tGradient 2.2190 tsec 2.5210
#GCMRL#  205 dt  92.480000 rms  0.626  0.032% neg 0  invalid 762 tFOTS 0.0000 tGradient 2.1980 tsec 2.4920
#GCMRL#  206 dt  92.480000 rms  0.626  0.028% neg 0  invalid 762 tFOTS 0.0000 tGradient 2.2300 tsec 2.5260
#GCMRL#  207 dt  92.480000 rms  0.626  0.024% neg 0  invalid 762 tFOTS 0.0000 tGradient 2.2200 tsec 2.5350
#GCMRL#  208 dt  92.480000 rms  0.626  0.022% neg 0  invalid 762 tFOTS 0.0000 tGradient 2.1590 tsec 2.5010
#FOTS# QuadFit found better minimum quadopt=(dt=887.808,rms=0.625576) vs oldopt=(dt=1479.68,rms=0.625594)
#GCMRL#  209 dt 887.808000 rms  0.626  0.000% neg 0  invalid 762 tFOTS 5.5980 tGradient 2.2200 tsec 8.2240
setting smoothness cost coefficient to 0.031

#GCAMreg# pass 0 level1 4 level2 0 tsec 0 sigma 2
l_jacobian=1.00 l_label=1.00 l_log_likelihood=0.20 l_smoothness=0.03 
tol=5.00e-02, dt=5.00e-02, exp_k=20.0, momentum=0.90, levels=6, niter=500, lbl_dist=10.00, avgs=64, sigma=2.0,type=2, relabel=0, neg=no

blurring input image with Gaussian with sigma=2.000...
GCAMRegisterLevel(): init RMS 0.627701
#FOTS# QuadFit found better minimum quadopt=(dt=201.282,rms=0.622395) vs oldopt=(dt=103.68,rms=0.62339)
#GCMRL#  211 dt 201.282443 rms  0.622  0.845% neg 0  invalid 762 tFOTS 5.1640 tGradient 1.9090 tsec 7.4480
#FOTS# QuadFit found better minimum quadopt=(dt=159.907,rms=0.614303) vs oldopt=(dt=103.68,rms=0.615233)
#GCMRL#  212 dt 159.907246 rms  0.614  1.300% neg 0  invalid 762 tFOTS 5.5570 tGradient 2.0360 tsec 7.9750
#FOTS# QuadFit found better minimum quadopt=(dt=79.6098,rms=0.611207) vs oldopt=(dt=25.92,rms=0.612019)
#GCMRL#  213 dt  79.609756 rms  0.611  0.504% neg 0  invalid 762 tFOTS 5.3000 tGradient 1.7780 tsec 7.4460
#FOTS# QuadFit found better minimum quadopt=(dt=124.416,rms=0.608001) vs oldopt=(dt=103.68,rms=0.608104)
#GCMRL#  214 dt 124.416000 rms  0.608  0.525% neg 0  invalid 762 tFOTS 5.6060 tGradient 1.8170 tsec 7.8060
#FOTS# QuadFit found better minimum quadopt=(dt=74.005,rms=0.605297) vs oldopt=(dt=103.68,rms=0.605643)
#GCMRL#  215 dt  74.004963 rms  0.605  0.445% neg 0  invalid 762 tFOTS 5.3040 tGradient 1.8430 tsec 7.5370
#FOTS# QuadFit found better minimum quadopt=(dt=124.416,rms=0.602987) vs oldopt=(dt=103.68,rms=0.603059)
#GCMRL#  216 dt 124.416000 rms  0.603  0.382% neg 0  invalid 762 tFOTS 5.3040 tGradient 1.9880 tsec 7.6760
#FOTS# QuadFit found better minimum quadopt=(dt=74.1243,rms=0.600545) vs oldopt=(dt=103.68,rms=0.600842)
#GCMRL#  217 dt  74.124294 rms  0.601  0.405% neg 0  invalid 762 tFOTS 5.3220 tGradient 1.8060 tsec 7.5300
#FOTS# QuadFit found better minimum quadopt=(dt=101.647,rms=0.59894) vs oldopt=(dt=103.68,rms=0.598941)
#GCMRL#  218 dt 101.647059 rms  0.599  0.267% neg 0  invalid 762 tFOTS 5.4820 tGradient 1.9040 tsec 7.7920
#FOTS# QuadFit found better minimum quadopt=(dt=82.944,rms=0.596857) vs oldopt=(dt=103.68,rms=0.596959)
#GCMRL#  219 dt  82.944000 rms  0.597  0.348% neg 0  invalid 762 tFOTS 5.4150 tGradient 1.8100 tsec 7.6240
#FOTS# QuadFit found better minimum quadopt=(dt=75.7701,rms=0.595567) vs oldopt=(dt=103.68,rms=0.595702)
#GCMRL#  220 dt  75.770115 rms  0.596  0.216% neg 0  invalid 762 tFOTS 5.4500 tGradient 1.7540 tsec 7.5980
#FOTS# QuadFit found better minimum quadopt=(dt=124.416,rms=0.593669) vs oldopt=(dt=103.68,rms=0.593716)
#GCMRL#  221 dt 124.416000 rms  0.594  0.319% neg 0  invalid 762 tFOTS 5.6440 tGradient 1.9740 tsec 8.0230
#FOTS# QuadFit found better minimum quadopt=(dt=36.288,rms=0.592581) vs oldopt=(dt=25.92,rms=0.592831)
#GCMRL#  222 dt  36.288000 rms  0.593  0.183% neg 0  invalid 762 tFOTS 5.4510 tGradient 1.8540 tsec 7.7370
#FOTS# QuadFit found better minimum quadopt=(dt=331.776,rms=0.58977) vs oldopt=(dt=414.72,rms=0.589858)
#GCMRL#  223 dt 331.776000 rms  0.590  0.474% neg 0  invalid 762 tFOTS 5.5180 tGradient 2.2250 tsec 8.1290
#FOTS# QuadFit found better minimum quadopt=(dt=36.288,rms=0.587492) vs oldopt=(dt=25.92,rms=0.587984)
#GCMRL#  224 dt  36.288000 rms  0.587  0.386% neg 0  invalid 762 tFOTS 5.6210 tGradient 1.9400 tsec 7.9520
#GCMRL#  225 dt 103.680000 rms  0.586  0.223% neg 0  invalid 762 tFOTS 5.5790 tGradient 2.1940 tsec 8.1930
#FOTS# QuadFit found better minimum quadopt=(dt=62.208,rms=0.585345) vs oldopt=(dt=103.68,rms=0.585646)
#GCMRL#  226 dt  62.208000 rms  0.585  0.143% neg 0  invalid 762 tFOTS 6.1250 tGradient 2.0810 tsec 8.6480
#FOTS# QuadFit found better minimum quadopt=(dt=145.152,rms=0.583995) vs oldopt=(dt=103.68,rms=0.584141)
#GCMRL#  227 dt 145.152000 rms  0.584  0.231% neg 0  invalid 762 tFOTS 6.1420 tGradient 1.8830 tsec 8.4510
#FOTS# QuadFit found better minimum quadopt=(dt=36.288,rms=0.583282) vs oldopt=(dt=25.92,rms=0.583435)
#GCMRL#  228 dt  36.288000 rms  0.583  0.122% neg 0  invalid 762 tFOTS 5.4210 tGradient 1.8990 tsec 7.7560
#FOTS# QuadFit found better minimum quadopt=(dt=580.608,rms=0.58069) vs oldopt=(dt=414.72,rms=0.580805)
#GCMRL#  229 dt 580.608000 rms  0.581  0.444% neg 0  invalid 762 tFOTS 5.6680 tGradient 1.8800 tsec 7.9490
#FOTS# QuadFit found better minimum quadopt=(dt=36.288,rms=0.578134) vs oldopt=(dt=25.92,rms=0.578678)
#GCMRL#  230 dt  36.288000 rms  0.578  0.440% neg 0  invalid 762 tFOTS 5.8660 tGradient 1.8470 tsec 8.1420
#FOTS# QuadFit found better minimum quadopt=(dt=62.208,rms=0.5771) vs oldopt=(dt=103.68,rms=0.577353)
#GCMRL#  231 dt  62.208000 rms  0.577  0.179% neg 0  invalid 762 tFOTS 5.7610 tGradient 1.9380 tsec 8.2070
#FOTS# QuadFit found better minimum quadopt=(dt=82.944,rms=0.576668) vs oldopt=(dt=103.68,rms=0.576677)
#GCMRL#  232 dt  82.944000 rms  0.577  0.075% neg 0  invalid 762 tFOTS 6.1610 tGradient 2.2270 tsec 8.8500
#FOTS# QuadFit found better minimum quadopt=(dt=124.416,rms=0.575854) vs oldopt=(dt=103.68,rms=0.575865)
#GCMRL#  233 dt 124.416000 rms  0.576  0.141% neg 0  invalid 762 tFOTS 5.7130 tGradient 1.9230 tsec 8.0680
#FOTS# QuadFit found better minimum quadopt=(dt=36.288,rms=0.575419) vs oldopt=(dt=25.92,rms=0.575507)
#GCMRL#  234 dt  36.288000 rms  0.575  0.076% neg 0  invalid 762 tFOTS 5.7850 tGradient 1.8950 tsec 8.1380
#FOTS# QuadFit found better minimum quadopt=(dt=497.664,rms=0.574073) vs oldopt=(dt=414.72,rms=0.574099)
#GCMRL#  235 dt 497.664000 rms  0.574  0.234% neg 0  invalid 762 tFOTS 5.5570 tGradient 2.2330 tsec 8.2000
#FOTS# QuadFit found better minimum quadopt=(dt=36.288,rms=0.572423) vs oldopt=(dt=25.92,rms=0.572787)
#GCMRL#  236 dt  36.288000 rms  0.572  0.287% neg 0  invalid 762 tFOTS 5.4490 tGradient 1.9290 tsec 7.9120
#FOTS# QuadFit found better minimum quadopt=(dt=82.944,rms=0.57172) vs oldopt=(dt=103.68,rms=0.571769)
#GCMRL#  237 dt  82.944000 rms  0.572  0.123% neg 0  invalid 762 tFOTS 5.2990 tGradient 1.9340 tsec 7.7110
#FOTS# QuadFit found better minimum quadopt=(dt=36.288,rms=0.571463) vs oldopt=(dt=25.92,rms=0.571519)
#GCMRL#  238 dt  36.288000 rms  0.571  0.000% neg 0  invalid 762 tFOTS 5.7200 tGradient 2.1460 tsec 8.3490
#GCMRL#  239 dt  36.288000 rms  0.571  0.036% neg 0  invalid 762 tFOTS 0.0000 tGradient 2.1390 tsec 2.5370
#GCMRL#  240 dt  36.288000 rms  0.571  0.056% neg 0  invalid 762 tFOTS 0.0000 tGradient 2.0710 tsec 2.4600
#GCMRL#  241 dt  36.288000 rms  0.570  0.084% neg 0  invalid 762 tFOTS 0.0000 tGradient 2.1110 tsec 2.5130
#GCMRL#  242 dt  36.288000 rms  0.570  0.112% neg 0  invalid 762 tFOTS 0.0000 tGradient 2.2100 tsec 2.5730
#GCMRL#  243 dt  36.288000 rms  0.569  0.124% neg 0  invalid 762 tFOTS 0.0000 tGradient 1.8110 tsec 2.1730
#GCMRL#  244 dt  36.288000 rms  0.568  0.137% neg 0  invalid 762 tFOTS 0.0000 tGradient 1.8470 tsec 2.1860
#GCMRL#  245 dt  36.288000 rms  0.568  0.145% neg 0  invalid 762 tFOTS 0.0000 tGradient 1.8590 tsec 2.2100
#GCMRL#  246 dt  36.288000 rms  0.567  0.151% neg 0  invalid 762 tFOTS 0.0000 tGradient 1.7930 tsec 2.1430
#GCMRL#  247 dt  36.288000 rms  0.566  0.161% neg 0  invalid 762 tFOTS 0.0000 tGradient 1.8880 tsec 2.1870
#GCMRL#  248 dt  36.288000 rms  0.565  0.167% neg 0  invalid 762 tFOTS 0.0000 tGradient 1.8260 tsec 2.1550
#GCMRL#  249 dt  36.288000 rms  0.564  0.166% neg 0  invalid 762 tFOTS 0.0000 tGradient 1.8200 tsec 2.1370
#GCMRL#  250 dt  36.288000 rms  0.563  0.163% neg 0  invalid 762 tFOTS 0.0000 tGradient 1.8680 tsec 2.1930
#GCMRL#  251 dt  36.288000 rms  0.562  0.159% neg 0  invalid 762 tFOTS 0.0000 tGradient 1.7890 tsec 2.1030
#GCMRL#  252 dt  36.288000 rms  0.561  0.155% neg 0  invalid 762 tFOTS 0.0000 tGradient 1.8470 tsec 2.1740
#GCMRL#  253 dt  36.288000 rms  0.560  0.152% neg 0  invalid 762 tFOTS 0.0000 tGradient 1.8210 tsec 2.1590
#GCMRL#  254 dt  36.288000 rms  0.559  0.151% neg 0  invalid 762 tFOTS 0.0000 tGradient 1.8160 tsec 2.1650
#GCMRL#  255 dt  36.288000 rms  0.559  0.145% neg 0  invalid 762 tFOTS 0.0000 tGradient 1.8490 tsec 2.1880
#GCMRL#  256 dt  36.288000 rms  0.558  0.140% neg 0  invalid 762 tFOTS 0.0000 tGradient 1.8260 tsec 2.1400
#GCMRL#  257 dt  36.288000 rms  0.557  0.136% neg 0  invalid 762 tFOTS 0.0000 tGradient 1.8710 tsec 2.2090
#GCMRL#  258 dt  36.288000 rms  0.556  0.132% neg 0  invalid 762 tFOTS 0.0000 tGradient 1.8480 tsec 2.1910
#GCMRL#  259 dt  36.288000 rms  0.556  0.128% neg 0  invalid 762 tFOTS 0.0000 tGradient 1.8800 tsec 2.2040
#GCMRL#  260 dt  36.288000 rms  0.555  0.121% neg 0  invalid 762 tFOTS 0.0000 tGradient 1.9340 tsec 2.2480
#GCMRL#  261 dt  36.288000 rms  0.554  0.115% neg 0  invalid 762 tFOTS 0.0000 tGradient 1.9420 tsec 2.2760
#GCMRL#  262 dt  36.288000 rms  0.554  0.111% neg 0  invalid 762 tFOTS 0.0000 tGradient 1.8570 tsec 2.1750
#GCMRL#  263 dt  36.288000 rms  0.553  0.103% neg 0  invalid 762 tFOTS 0.0000 tGradient 1.8180 tsec 2.1370
#GCMRL#  264 dt  36.288000 rms  0.553  0.101% neg 0  invalid 762 tFOTS 0.0000 tGradient 1.8210 tsec 2.1650
#GCMRL#  265 dt  36.288000 rms  0.552  0.095% neg 0  invalid 762 tFOTS 0.0000 tGradient 1.7690 tsec 2.1100
#GCMRL#  266 dt  36.288000 rms  0.552  0.093% neg 0  invalid 762 tFOTS 0.0000 tGradient 1.8020 tsec 2.1620
#GCMRL#  267 dt  36.288000 rms  0.551  0.091% neg 0  invalid 762 tFOTS 0.0000 tGradient 1.8260 tsec 2.1660
#GCMRL#  268 dt  36.288000 rms  0.551  0.087% neg 0  invalid 762 tFOTS 0.0000 tGradient 1.8920 tsec 2.2140
#GCMRL#  269 dt  36.288000 rms  0.550  0.085% neg 0  invalid 762 tFOTS 0.0000 tGradient 1.8000 tsec 2.1310
#GCMRL#  270 dt  36.288000 rms  0.550  0.083% neg 0  invalid 762 tFOTS 0.0000 tGradient 1.9710 tsec 2.2950
#GCMRL#  271 dt  36.288000 rms  0.549  0.080% neg 0  invalid 762 tFOTS 0.0000 tGradient 1.8870 tsec 2.2420
#GCMRL#  272 dt  36.288000 rms  0.549  0.075% neg 0  invalid 762 tFOTS 0.0000 tGradient 1.8700 tsec 2.2260
#GCMRL#  273 dt  36.288000 rms  0.548  0.072% neg 0  invalid 762 tFOTS 0.0000 tGradient 1.8770 tsec 2.2320
#GCMRL#  274 dt  36.288000 rms  0.548  0.072% neg 0  invalid 762 tFOTS 0.0000 tGradient 1.8610 tsec 2.2150
#GCMRL#  275 dt  36.288000 rms  0.548  0.068% neg 0  invalid 762 tFOTS 0.0000 tGradient 1.8940 tsec 2.2380
#GCMRL#  276 dt  36.288000 rms  0.547  0.066% neg 0  invalid 762 tFOTS 0.0000 tGradient 1.8880 tsec 2.2240
#GCMRL#  277 dt  36.288000 rms  0.547  0.062% neg 0  invalid 762 tFOTS 0.0000 tGradient 2.0130 tsec 2.3950
#GCMRL#  278 dt  36.288000 rms  0.547  0.060% neg 0  invalid 762 tFOTS 0.0000 tGradient 1.9170 tsec 2.2650
#GCMRL#  279 dt  36.288000 rms  0.546  0.059% neg 0  invalid 762 tFOTS 0.0000 tGradient 1.8440 tsec 2.1640
#GCMRL#  280 dt  36.288000 rms  0.546  0.057% neg 0  invalid 762 tFOTS 0.0000 tGradient 1.8730 tsec 2.2200
#GCMRL#  281 dt  36.288000 rms  0.546  0.058% neg 0  invalid 762 tFOTS 0.0000 tGradient 1.8280 tsec 2.1720
#GCMRL#  282 dt  36.288000 rms  0.545  0.059% neg 0  invalid 762 tFOTS 0.0000 tGradient 1.8830 tsec 2.2360
#GCMRL#  283 dt  36.288000 rms  0.545  0.056% neg 0  invalid 762 tFOTS 0.0000 tGradient 1.8560 tsec 2.2110
#GCMRL#  284 dt  36.288000 rms  0.545  0.054% neg 0  invalid 762 tFOTS 0.0000 tGradient 1.8630 tsec 2.2340
#GCMRL#  285 dt  36.288000 rms  0.544  0.052% neg 0  invalid 762 tFOTS 0.0000 tGradient 1.9000 tsec 2.2560
#GCMRL#  286 dt  36.288000 rms  0.544  0.052% neg 0  invalid 762 tFOTS 0.0000 tGradient 1.9470 tsec 2.2920
#GCMRL#  287 dt  36.288000 rms  0.544  0.048% neg 0  invalid 762 tFOTS 0.0000 tGradient 1.9430 tsec 2.3020
#GCMRL#  288 dt  36.288000 rms  0.544  0.045% neg 0  invalid 762 tFOTS 0.0000 tGradient 1.9070 tsec 2.2650
#GCMRL#  289 dt  36.288000 rms  0.543  0.042% neg 0  invalid 762 tFOTS 0.0000 tGradient 1.8860 tsec 2.2550
#GCMRL#  290 dt  36.288000 rms  0.543  0.041% neg 0  invalid 762 tFOTS 0.0000 tGradient 1.8820 tsec 2.2390
#GCMRL#  291 dt  36.288000 rms  0.543  0.037% neg 0  invalid 762 tFOTS 0.0000 tGradient 1.8940 tsec 2.2540
#GCMRL#  292 dt  36.288000 rms  0.543  0.039% neg 0  invalid 762 tFOTS 0.0000 tGradient 1.8560 tsec 2.1980
#GCMRL#  293 dt  36.288000 rms  0.543  0.040% neg 0  invalid 762 tFOTS 0.0000 tGradient 1.9050 tsec 2.2500
#GCMRL#  294 dt  36.288000 rms  0.542  0.040% neg 0  invalid 762 tFOTS 0.0000 tGradient 1.8810 tsec 2.2280
#GCMRL#  295 dt  36.288000 rms  0.542  0.037% neg 0  invalid 762 tFOTS 0.0000 tGradient 1.9190 tsec 2.2790
#GCMRL#  296 dt  36.288000 rms  0.542  0.036% neg 0  invalid 762 tFOTS 0.0000 tGradient 1.8280 tsec 2.1740
#GCMRL#  297 dt  36.288000 rms  0.542  0.035% neg 0  invalid 762 tFOTS 0.0000 tGradient 1.8840 tsec 2.2450
#GCMRL#  298 dt  36.288000 rms  0.542  0.037% neg 0  invalid 762 tFOTS 0.0000 tGradient 1.8290 tsec 2.1830
#GCMRL#  299 dt  36.288000 rms  0.541  0.036% neg 0  invalid 762 tFOTS 0.0000 tGradient 1.8010 tsec 2.1510
#GCMRL#  300 dt  36.288000 rms  0.541  0.036% neg 0  invalid 762 tFOTS 0.0000 tGradient 1.7740 tsec 2.1350
#GCMRL#  301 dt  36.288000 rms  0.541  0.034% neg 0  invalid 762 tFOTS 0.0000 tGradient 1.7930 tsec 2.1590
#GCMRL#  302 dt  36.288000 rms  0.541  0.034% neg 0  invalid 762 tFOTS 0.0000 tGradient 1.8030 tsec 2.1640
#GCMRL#  303 dt  36.288000 rms  0.541  0.032% neg 0  invalid 762 tFOTS 0.0000 tGradient 1.7950 tsec 2.1390
#GCMRL#  304 dt  36.288000 rms  0.540  0.032% neg 0  invalid 762 tFOTS 0.0000 tGradient 2.0850 tsec 2.4820
#GCMRL#  305 dt  36.288000 rms  0.540  0.033% neg 0  invalid 762 tFOTS 0.0000 tGradient 1.7140 tsec 2.0770
#GCMRL#  306 dt  36.288000 rms  0.540  0.031% neg 0  invalid 762 tFOTS 0.0000 tGradient 1.8160 tsec 2.2130
#GCMRL#  307 dt  36.288000 rms  0.540  0.032% neg 0  invalid 762 tFOTS 0.0000 tGradient 1.8650 tsec 2.1980
#GCMRL#  308 dt  36.288000 rms  0.540  0.031% neg 0  invalid 762 tFOTS 0.0000 tGradient 1.7780 tsec 2.1290
#GCMRL#  309 dt  36.288000 rms  0.540  0.029% neg 0  invalid 762 tFOTS 0.0000 tGradient 1.8080 tsec 2.1690
#GCMRL#  310 dt  36.288000 rms  0.539  0.030% neg 0  invalid 762 tFOTS 0.0000 tGradient 2.1210 tsec 2.5070
#GCMRL#  311 dt  36.288000 rms  0.539  0.028% neg 0  invalid 762 tFOTS 0.0000 tGradient 1.8210 tsec 2.2050
#GCMRL#  312 dt  36.288000 rms  0.539  0.027% neg 0  invalid 762 tFOTS 0.0000 tGradient 1.8570 tsec 2.2270
#GCMRL#  313 dt  36.288000 rms  0.539  0.028% neg 0  invalid 762 tFOTS 0.0000 tGradient 1.7860 tsec 2.1360
#GCMRL#  314 dt  36.288000 rms  0.539  0.028% neg 0  invalid 762 tFOTS 0.0000 tGradient 1.7840 tsec 2.1400
#GCMRL#  315 dt  36.288000 rms  0.539  0.027% neg 0  invalid 762 tFOTS 0.0000 tGradient 1.8180 tsec 2.1710
#GCMRL#  316 dt  36.288000 rms  0.539  0.028% neg 0  invalid 762 tFOTS 0.0000 tGradient 1.7880 tsec 2.1470
#GCMRL#  317 dt  36.288000 rms  0.538  0.025% neg 0  invalid 762 tFOTS 0.0000 tGradient 1.8320 tsec 2.1910
#GCMRL#  318 dt  36.288000 rms  0.538  0.025% neg 0  invalid 762 tFOTS 0.0000 tGradient 1.9350 tsec 2.3090
#GCMRL#  319 dt  36.288000 rms  0.538  0.024% neg 0  invalid 762 tFOTS 0.0000 tGradient 1.7930 tsec 2.1630
#GCMRL#  320 dt  36.288000 rms  0.538  0.024% neg 0  invalid 762 tFOTS 0.0000 tGradient 1.7510 tsec 2.1360
#FOTS# QuadFit found better minimum quadopt=(dt=580.608,rms=0.537856) vs oldopt=(dt=414.72,rms=0.537881)
#GCMRL#  321 dt 580.608000 rms  0.538  0.036% neg 0  invalid 762 tFOTS 5.4860 tGradient 1.7730 tsec 7.6460
#FOTS# QuadFit found better minimum quadopt=(dt=31.104,rms=0.537808) vs oldopt=(dt=25.92,rms=0.537811)
#GCMRL#  322 dt  31.104000 rms  0.538  0.000% neg 0  invalid 762 tFOTS 5.5200 tGradient 1.8140 tsec 7.7540
#GCMRL#  323 dt  31.104000 rms  0.538  0.003% neg 0  invalid 762 tFOTS 0.0000 tGradient 1.8180 tsec 2.1760

#GCAMreg# pass 0 level1 4 level2 1 tsec 433.12 sigma 0.5
l_jacobian=1.00 l_label=1.00 l_log_likelihood=0.20 l_smoothness=0.03 
tol=5.00e-02, dt=5.00e-02, exp_k=20.0, momentum=0.90, levels=6, niter=500, lbl_dist=10.00, avgs=64, sigma=0.5,type=2, relabel=0, neg=no

blurring input image with Gaussian with sigma=0.500...
GCAMRegisterLevel(): init RMS 0.538285
#FOTS# QuadFit found better minimum quadopt=(dt=145.152,rms=0.535762) vs oldopt=(dt=103.68,rms=0.536036)
#GCMRL#  325 dt 145.152000 rms  0.536  0.469% neg 0  invalid 762 tFOTS 5.2530 tGradient 1.8020 tsec 7.4490
#FOTS# QuadFit found better minimum quadopt=(dt=36.288,rms=0.535454) vs oldopt=(dt=25.92,rms=0.535512)
#GCMRL#  326 dt  36.288000 rms  0.535  0.057% neg 0  invalid 762 tFOTS 5.2170 tGradient 1.7370 tsec 7.3570
#GCMRL#  327 dt 103.680000 rms  0.535  0.000% neg 0  invalid 762 tFOTS 5.1970 tGradient 1.7420 tsec 7.3660
#GCMRL#  328 dt 103.680000 rms  0.535  0.071% neg 0  invalid 762 tFOTS 0.0000 tGradient 1.8690 tsec 2.2460
#GCMRL#  329 dt 103.680000 rms  0.534  0.092% neg 0  invalid 762 tFOTS 0.0000 tGradient 1.7950 tsec 2.1510
#GCMRL#  330 dt 103.680000 rms  0.534  0.083% neg 0  invalid 762 tFOTS 0.0000 tGradient 1.8140 tsec 2.1880
#GCMRL#  331 dt 103.680000 rms  0.534  0.082% neg 0  invalid 762 tFOTS 0.0000 tGradient 1.7880 tsec 2.1370
#GCMRL#  332 dt 103.680000 rms  0.533  0.086% neg 0  invalid 762 tFOTS 0.0000 tGradient 1.7720 tsec 2.1520
#GCMRL#  333 dt 103.680000 rms  0.533  0.087% neg 0  invalid 762 tFOTS 0.0000 tGradient 1.8070 tsec 2.1750
#GCMRL#  334 dt 103.680000 rms  0.532  0.069% neg 0  invalid 762 tFOTS 0.0000 tGradient 1.8110 tsec 2.1600
#GCMRL#  335 dt 103.680000 rms  0.532  0.065% neg 0  invalid 762 tFOTS 0.0000 tGradient 1.8270 tsec 2.1900
#GCMRL#  336 dt 103.680000 rms  0.531  0.078% neg 0  invalid 762 tFOTS 0.0000 tGradient 1.8070 tsec 2.1400
#GCMRL#  337 dt 103.680000 rms  0.531  0.082% neg 0  invalid 762 tFOTS 0.0000 tGradient 1.8550 tsec 2.2300
#GCMRL#  338 dt 103.680000 rms  0.531  0.070% neg 0  invalid 762 tFOTS 0.0000 tGradient 1.8740 tsec 2.2320
#GCMRL#  339 dt 103.680000 rms  0.530  0.063% neg 0  invalid 762 tFOTS 0.0000 tGradient 1.8860 tsec 2.2350
#GCMRL#  340 dt 103.680000 rms  0.530  0.074% neg 0  invalid 762 tFOTS 0.0000 tGradient 1.8390 tsec 2.2070
#GCMRL#  341 dt 103.680000 rms  0.530  0.064% neg 0  invalid 762 tFOTS 0.0000 tGradient 1.8530 tsec 2.2080
#GCMRL#  342 dt 103.680000 rms  0.529  0.059% neg 0  invalid 762 tFOTS 0.0000 tGradient 1.8440 tsec 2.2260
#GCMRL#  343 dt 103.680000 rms  0.529  0.056% neg 0  invalid 762 tFOTS 0.0000 tGradient 1.8460 tsec 2.2180
#GCMRL#  344 dt 103.680000 rms  0.529  0.065% neg 0  invalid 762 tFOTS 0.0000 tGradient 1.9070 tsec 2.2720
#GCMRL#  345 dt 103.680000 rms  0.528  0.063% neg 0  invalid 762 tFOTS 0.0000 tGradient 1.8830 tsec 2.2530
#GCMRL#  346 dt 103.680000 rms  0.528  0.056% neg 0  invalid 762 tFOTS 0.0000 tGradient 1.9280 tsec 2.3020
#GCMRL#  347 dt 103.680000 rms  0.528  0.056% neg 0  invalid 762 tFOTS 0.0000 tGradient 1.8740 tsec 2.2450
#GCMRL#  348 dt 103.680000 rms  0.527  0.063% neg 0  invalid 762 tFOTS 0.0000 tGradient 1.8620 tsec 2.2320
#GCMRL#  349 dt 103.680000 rms  0.527  0.047% neg 0  invalid 762 tFOTS 0.0000 tGradient 1.8360 tsec 2.2080
#GCMRL#  350 dt 103.680000 rms  0.527  0.048% neg 0  invalid 762 tFOTS 0.0000 tGradient 1.8270 tsec 2.2020
#GCMRL#  351 dt 103.680000 rms  0.527  0.052% neg 0  invalid 762 tFOTS 0.0000 tGradient 1.8350 tsec 2.1790
#GCMRL#  352 dt 103.680000 rms  0.526  0.054% neg 0  invalid 762 tFOTS 0.0000 tGradient 1.8220 tsec 2.1740
#GCMRL#  353 dt 103.680000 rms  0.526  0.039% neg 0  invalid 762 tFOTS 0.0000 tGradient 1.8170 tsec 2.1780
#GCMRL#  354 dt 103.680000 rms  0.526  0.039% neg 0  invalid 762 tFOTS 0.0000 tGradient 1.8790 tsec 2.2500
#GCMRL#  355 dt 103.680000 rms  0.526  0.049% neg 0  invalid 762 tFOTS 0.0000 tGradient 1.8450 tsec 2.2120
#GCMRL#  356 dt 103.680000 rms  0.525  0.051% neg 0  invalid 762 tFOTS 0.0000 tGradient 1.8670 tsec 2.2290
#GCMRL#  357 dt 103.680000 rms  0.525  0.038% neg 0  invalid 762 tFOTS 0.0000 tGradient 1.8490 tsec 2.2230
#GCMRL#  358 dt 103.680000 rms  0.525  0.038% neg 0  invalid 762 tFOTS 0.0000 tGradient 1.8800 tsec 2.2520
#GCMRL#  359 dt 103.680000 rms  0.525  0.045% neg 0  invalid 762 tFOTS 0.0000 tGradient 1.8420 tsec 2.2110
#GCMRL#  360 dt 103.680000 rms  0.524  0.049% neg 0  invalid 762 tFOTS 0.0000 tGradient 1.8850 tsec 2.2380
#GCMRL#  361 dt 103.680000 rms  0.524  0.037% neg 0  invalid 762 tFOTS 0.0000 tGradient 1.8790 tsec 2.1930
#GCMRL#  362 dt 103.680000 rms  0.524  0.029% neg 0  invalid 762 tFOTS 0.0000 tGradient 1.8200 tsec 2.1480
#GCMRL#  363 dt 103.680000 rms  0.524  0.034% neg 0  invalid 762 tFOTS 0.0000 tGradient 1.8160 tsec 2.1360
#GCMRL#  364 dt 103.680000 rms  0.524  0.039% neg 0  invalid 762 tFOTS 0.0000 tGradient 1.8360 tsec 2.1820
#GCMRL#  365 dt 103.680000 rms  0.524  0.042% neg 0  invalid 762 tFOTS 0.0000 tGradient 1.8540 tsec 2.1890
#GCMRL#  366 dt 103.680000 rms  0.523  0.039% neg 0  invalid 762 tFOTS 0.0000 tGradient 1.7980 tsec 2.1300
#GCMRL#  367 dt 103.680000 rms  0.523  0.030% neg 0  invalid 762 tFOTS 0.0000 tGradient 1.8480 tsec 2.1830
#GCMRL#  368 dt 103.680000 rms  0.523  0.032% neg 0  invalid 762 tFOTS 0.0000 tGradient 1.8160 tsec 2.1370
#GCMRL#  369 dt 103.680000 rms  0.523  0.038% neg 0  invalid 762 tFOTS 0.0000 tGradient 1.8260 tsec 2.1890
#GCMRL#  370 dt 103.680000 rms  0.523  0.034% neg 0  invalid 762 tFOTS 0.0000 tGradient 1.8090 tsec 2.1450
#GCMRL#  371 dt 103.680000 rms  0.523  0.024% neg 0  invalid 762 tFOTS 0.0000 tGradient 1.8340 tsec 2.1940
#GCMRL#  372 dt 103.680000 rms  0.522  0.025% neg 0  invalid 762 tFOTS 0.0000 tGradient 1.8350 tsec 2.1840
#GCMRL#  373 dt 103.680000 rms  0.522  0.029% neg 0  invalid 762 tFOTS 0.0000 tGradient 1.9860 tsec 2.3800
#GCMRL#  374 dt 103.680000 rms  0.522  0.026% neg 0  invalid 762 tFOTS 0.0000 tGradient 2.0720 tsec 2.4810
#GCMRL#  375 dt 103.680000 rms  0.522  0.033% neg 0  invalid 762 tFOTS 0.0000 tGradient 2.0410 tsec 2.4010
#GCMRL#  376 dt 103.680000 rms  0.522  0.023% neg 0  invalid 762 tFOTS 0.0000 tGradient 1.7560 tsec 2.1070
#GCMRL#  377 dt 103.680000 rms  0.522  0.021% neg 0  invalid 762 tFOTS 0.0000 tGradient 1.7760 tsec 2.1460
#FOTS# QuadFit found better minimum quadopt=(dt=82.944,rms=0.521648) vs oldopt=(dt=103.68,rms=0.521649)
#GCMRL#  378 dt  82.944000 rms  0.522  0.000% neg 0  invalid 762 tFOTS 5.5390 tGradient 1.8540 tsec 7.8120
setting smoothness cost coefficient to 0.118

#GCAMreg# pass 0 level1 3 level2 0 tsec 0 sigma 2
l_jacobian=1.00 l_label=1.00 l_log_likelihood=0.20 l_smoothness=0.12 
tol=5.00e-02, dt=5.00e-02, exp_k=20.0, momentum=0.90, levels=6, niter=500, lbl_dist=10.00, avgs=16, sigma=2.0,type=2, relabel=0, neg=no

blurring input image with Gaussian with sigma=2.000...
GCAMRegisterLevel(): init RMS 0.5354
#FOTS# QuadFit found better minimum quadopt=(dt=19.2,rms=0.534238) vs oldopt=(dt=32,rms=0.534461)
#GCMRL#  380 dt  19.200000 rms  0.534  0.217% neg 0  invalid 762 tFOTS 5.0780 tGradient 1.6400 tsec 7.1090
#FOTS# QuadFit found better minimum quadopt=(dt=38.4,rms=0.533436) vs oldopt=(dt=32,rms=0.53345)
#GCMRL#  381 dt  38.400000 rms  0.533  0.150% neg 0  invalid 762 tFOTS 5.4310 tGradient 1.6100 tsec 7.4340
#GCMRL#  382 dt 128.000000 rms  0.530  0.657% neg 0  invalid 762 tFOTS 5.1560 tGradient 1.6210 tsec 7.1680
#FOTS# QuadFit found better minimum quadopt=(dt=79.7193,rms=0.528082) vs oldopt=(dt=32,rms=0.528444)
#GCMRL#  383 dt  79.719298 rms  0.528  0.349% neg 0  invalid 762 tFOTS 5.0000 tGradient 1.6540 tsec 7.0280
#FOTS# QuadFit found better minimum quadopt=(dt=42.359,rms=0.524218) vs oldopt=(dt=32,rms=0.524365)
#GCMRL#  384 dt  42.358974 rms  0.524  0.732% neg 0  invalid 762 tFOTS 4.6340 tGradient 1.7540 tsec 6.7740
#FOTS# QuadFit found better minimum quadopt=(dt=24.8696,rms=0.523402) vs oldopt=(dt=32,rms=0.523524)
#GCMRL#  385 dt  24.869565 rms  0.523  0.156% neg 0  invalid 762 tFOTS 4.9310 tGradient 1.5920 tsec 6.8970
#FOTS# QuadFit found better minimum quadopt=(dt=179.2,rms=0.519407) vs oldopt=(dt=128,rms=0.520097)
#GCMRL#  386 dt 179.200000 rms  0.519  0.763% neg 0  invalid 762 tFOTS 4.6530 tGradient 1.6160 tsec 6.6450
#FOTS# QuadFit found better minimum quadopt=(dt=24.7479,rms=0.518082) vs oldopt=(dt=32,rms=0.518278)
#GCMRL#  387 dt  24.747875 rms  0.518  0.255% neg 0  invalid 762 tFOTS 4.9600 tGradient 1.8960 tsec 7.2340
#FOTS# QuadFit found better minimum quadopt=(dt=44.8,rms=0.516902) vs oldopt=(dt=32,rms=0.517076)
#GCMRL#  388 dt  44.800000 rms  0.517  0.228% neg 0  invalid 762 tFOTS 4.9540 tGradient 1.5490 tsec 6.8930
#GCMRL#  389 dt  32.000000 rms  0.516  0.114% neg 0  invalid 762 tFOTS 4.9980 tGradient 1.6140 tsec 6.9960
#FOTS# QuadFit found better minimum quadopt=(dt=44.8,rms=0.515646) vs oldopt=(dt=32,rms=0.515684)
#GCMRL#  390 dt  44.800000 rms  0.516  0.129% neg 0  invalid 762 tFOTS 5.0760 tGradient 1.6740 tsec 7.1600
#FOTS# QuadFit found better minimum quadopt=(dt=25.6,rms=0.515086) vs oldopt=(dt=32,rms=0.515151)
#GCMRL#  391 dt  25.600000 rms  0.515  0.109% neg 0  invalid 762 tFOTS 5.5940 tGradient 1.7110 tsec 7.7130
#FOTS# QuadFit found better minimum quadopt=(dt=44.8,rms=0.514482) vs oldopt=(dt=32,rms=0.514522)
#GCMRL#  392 dt  44.800000 rms  0.514  0.117% neg 0  invalid 762 tFOTS 5.6080 tGradient 1.7310 tsec 7.7450
#FOTS# QuadFit found better minimum quadopt=(dt=25.6,rms=0.514011) vs oldopt=(dt=32,rms=0.514068)
#GCMRL#  393 dt  25.600000 rms  0.514  0.092% neg 0  invalid 762 tFOTS 5.5910 tGradient 1.7040 tsec 7.6890
#FOTS# QuadFit found better minimum quadopt=(dt=38.4,rms=0.513474) vs oldopt=(dt=32,rms=0.513495)
#GCMRL#  394 dt  38.400000 rms  0.513  0.104% neg 0  invalid 762 tFOTS 5.5810 tGradient 1.6750 tsec 7.6530
#FOTS# QuadFit found better minimum quadopt=(dt=25.6,rms=0.513047) vs oldopt=(dt=32,rms=0.51307)
#GCMRL#  395 dt  25.600000 rms  0.513  0.083% neg 0  invalid 762 tFOTS 5.5880 tGradient 1.6860 tsec 7.6820
#FOTS# QuadFit found better minimum quadopt=(dt=38.4,rms=0.512616) vs oldopt=(dt=32,rms=0.512622)
#GCMRL#  396 dt  38.400000 rms  0.513  0.084% neg 0  invalid 762 tFOTS 5.5420 tGradient 1.6870 tsec 7.6300
#FOTS# QuadFit found better minimum quadopt=(dt=25.6,rms=0.512203) vs oldopt=(dt=32,rms=0.512233)
#GCMRL#  397 dt  25.600000 rms  0.512  0.081% neg 0  invalid 762 tFOTS 5.3190 tGradient 1.6920 tsec 7.4110
#FOTS# QuadFit found better minimum quadopt=(dt=38.4,rms=0.511792) vs oldopt=(dt=32,rms=0.511795)
#GCMRL#  398 dt  38.400000 rms  0.512  0.080% neg 0  invalid 762 tFOTS 5.1970 tGradient 1.6850 tsec 7.2910
#FOTS# QuadFit found better minimum quadopt=(dt=25.6,rms=0.511394) vs oldopt=(dt=32,rms=0.511418)
#GCMRL#  399 dt  25.600000 rms  0.511  0.078% neg 0  invalid 762 tFOTS 5.2990 tGradient 1.6460 tsec 7.3370
#FOTS# QuadFit found better minimum quadopt=(dt=38.4,rms=0.511001) vs oldopt=(dt=32,rms=0.51101)
#GCMRL#  400 dt  38.400000 rms  0.511  0.077% neg 0  invalid 762 tFOTS 4.9630 tGradient 1.7530 tsec 7.1040
#FOTS# QuadFit found better minimum quadopt=(dt=25.6,rms=0.510682) vs oldopt=(dt=32,rms=0.510702)
#GCMRL#  401 dt  25.600000 rms  0.511  0.062% neg 0  invalid 762 tFOTS 5.5400 tGradient 1.6590 tsec 7.5920
#GCMRL#  402 dt  32.000000 rms  0.510  0.067% neg 0  invalid 762 tFOTS 5.2910 tGradient 1.6310 tsec 7.3230
#FOTS# QuadFit found better minimum quadopt=(dt=25.6,rms=0.510056) vs oldopt=(dt=32,rms=0.510067)
#GCMRL#  403 dt  25.600000 rms  0.510  0.056% neg 0  invalid 762 tFOTS 5.7340 tGradient 1.6990 tsec 7.8440
#FOTS# QuadFit found better minimum quadopt=(dt=38.4,rms=0.509718) vs oldopt=(dt=32,rms=0.509727)
#GCMRL#  404 dt  38.400000 rms  0.510  0.066% neg 0  invalid 762 tFOTS 5.3830 tGradient 1.6790 tsec 7.4660
#FOTS# QuadFit found better minimum quadopt=(dt=25.6,rms=0.509431) vs oldopt=(dt=32,rms=0.509452)
#GCMRL#  405 dt  25.600000 rms  0.509  0.056% neg 0  invalid 762 tFOTS 5.6820 tGradient 1.7540 tsec 7.8280
#FOTS# QuadFit found better minimum quadopt=(dt=38.4,rms=0.509113) vs oldopt=(dt=32,rms=0.509119)
#GCMRL#  406 dt  38.400000 rms  0.509  0.062% neg 0  invalid 762 tFOTS 5.3720 tGradient 1.7130 tsec 7.4830
#FOTS# QuadFit found better minimum quadopt=(dt=25.6,rms=0.508857) vs oldopt=(dt=32,rms=0.508894)
#GCMRL#  407 dt  25.600000 rms  0.509  0.050% neg 0  invalid 762 tFOTS 5.6970 tGradient 1.7310 tsec 7.8300
#GCMRL#  408 dt  32.000000 rms  0.509  0.058% neg 0  invalid 762 tFOTS 5.7870 tGradient 1.6790 tsec 7.8680
#FOTS# QuadFit found better minimum quadopt=(dt=25.6,rms=0.508323) vs oldopt=(dt=32,rms=0.508356)
#GCMRL#  409 dt  25.600000 rms  0.508  0.000% neg 0  invalid 762 tFOTS 5.5060 tGradient 1.7160 tsec 7.6460
#GCMRL#  410 dt  25.600000 rms  0.508  0.047% neg 0  invalid 762 tFOTS 0.0000 tGradient 1.5310 tsec 1.8520
#GCMRL#  411 dt  25.600000 rms  0.508  0.078% neg 0  invalid 762 tFOTS 0.0000 tGradient 1.6360 tsec 2.0130
#GCMRL#  412 dt  25.600000 rms  0.507  0.107% neg 0  invalid 762 tFOTS 0.0000 tGradient 1.8250 tsec 2.1780
#GCMRL#  413 dt  25.600000 rms  0.506  0.142% neg 0  invalid 762 tFOTS 0.0000 tGradient 1.8390 tsec 2.2390
#GCMRL#  414 dt  25.600000 rms  0.506  0.152% neg 0  invalid 762 tFOTS 0.0000 tGradient 1.9660 tsec 2.3830
#GCMRL#  415 dt  25.600000 rms  0.505  0.165% neg 0  invalid 762 tFOTS 0.0000 tGradient 1.6600 tsec 2.0310
#GCMRL#  416 dt  25.600000 rms  0.504  0.173% neg 0  invalid 762 tFOTS 0.0000 tGradient 1.6340 tsec 2.0030
#GCMRL#  417 dt  25.600000 rms  0.503  0.183% neg 0  invalid 762 tFOTS 0.0000 tGradient 1.6620 tsec 2.0310
#GCMRL#  418 dt  25.600000 rms  0.502  0.171% neg 0  invalid 762 tFOTS 0.0000 tGradient 1.6090 tsec 1.9710
#GCMRL#  419 dt  25.600000 rms  0.501  0.172% neg 0  invalid 762 tFOTS 0.0000 tGradient 1.7200 tsec 2.0970
#GCMRL#  420 dt  25.600000 rms  0.500  0.166% neg 0  invalid 762 tFOTS 0.0000 tGradient 1.9210 tsec 2.2610
#GCMRL#  421 dt  25.600000 rms  0.500  0.170% neg 0  invalid 762 tFOTS 0.0000 tGradient 1.6520 tsec 1.9370
#GCMRL#  422 dt  25.600000 rms  0.499  0.148% neg 0  invalid 762 tFOTS 0.0000 tGradient 1.5830 tsec 1.9150
#GCMRL#  423 dt  25.600000 rms  0.499 -0.002% neg 0  invalid 762 tFOTS 0.0000 tGradient 1.6550 tsec 2.4060
#FOTS# QuadFit found better minimum quadopt=(dt=11.2,rms=0.498855) vs oldopt=(dt=8,rms=0.498862)
#GCMRL#  424 dt  11.200000 rms  0.499  0.008% neg 0  invalid 762 tFOTS 5.1260 tGradient 1.6730 tsec 7.2030
#FOTS# QuadFit found better minimum quadopt=(dt=44.8,rms=0.4988) vs oldopt=(dt=32,rms=0.498803)
#GCMRL#  425 dt  44.800000 rms  0.499  0.011% neg 0  invalid 762 tFOTS 5.0230 tGradient 1.7500 tsec 7.1830
#FOTS# QuadFit found better minimum quadopt=(dt=25.6,rms=0.498726) vs oldopt=(dt=32,rms=0.498728)
#GCMRL#  426 dt  25.600000 rms  0.499  0.015% neg 0  invalid 762 tFOTS 4.8570 tGradient 1.6800 tsec 6.9370
#FOTS# QuadFit found better minimum quadopt=(dt=11.2,rms=0.498719) vs oldopt=(dt=8,rms=0.498724)

#GCAMreg# pass 0 level1 3 level2 1 tsec 287.514 sigma 0.5
l_jacobian=1.00 l_label=1.00 l_log_likelihood=0.20 l_smoothness=0.12 
tol=5.00e-02, dt=5.00e-02, exp_k=20.0, momentum=0.90, levels=6, niter=500, lbl_dist=10.00, avgs=16, sigma=0.5,type=2, relabel=0, neg=no

blurring input image with Gaussian with sigma=0.500...
GCAMRegisterLevel(): init RMS 0.499198
#FOTS# QuadFit found better minimum quadopt=(dt=72.7619,rms=0.496109) vs oldopt=(dt=32,rms=0.496652)
#GCMRL#  428 dt  72.761905 rms  0.496  0.619% neg 0  invalid 762 tFOTS 5.2110 tGradient 1.7010 tsec 7.3140
#FOTS# QuadFit found better minimum quadopt=(dt=23.5876,rms=0.495372) vs oldopt=(dt=32,rms=0.495535)
#GCMRL#  429 dt  23.587629 rms  0.495  0.149% neg 0  invalid 762 tFOTS 5.1520 tGradient 1.6420 tsec 7.1810
#FOTS# QuadFit found better minimum quadopt=(dt=25.6,rms=0.495217) vs oldopt=(dt=32,rms=0.495224)
#GCMRL#  430 dt  25.600000 rms  0.495  0.000% neg 0  invalid 762 tFOTS 5.1980 tGradient 1.6560 tsec 7.2750
#GCMRL#  431 dt  25.600000 rms  0.495  0.044% neg 0  invalid 762 tFOTS 0.0000 tGradient 1.6560 tsec 2.0050
#GCMRL#  432 dt  25.600000 rms  0.495  0.069% neg 0  invalid 762 tFOTS 0.0000 tGradient 1.6030 tsec 1.9360
#GCMRL#  433 dt  25.600000 rms  0.494  0.079% neg 0  invalid 762 tFOTS 0.0000 tGradient 1.6450 tsec 2.0040
#GCMRL#  434 dt  25.600000 rms  0.494  0.079% neg 0  invalid 762 tFOTS 0.0000 tGradient 1.6460 tsec 1.9940
#GCMRL#  435 dt  25.600000 rms  0.494  0.070% neg 0  invalid 762 tFOTS 0.0000 tGradient 1.6070 tsec 1.9470
#GCMRL#  436 dt  25.600000 rms  0.493  0.068% neg 0  invalid 762 tFOTS 0.0000 tGradient 1.6080 tsec 1.9480
#GCMRL#  437 dt  25.600000 rms  0.493  0.061% neg 0  invalid 762 tFOTS 0.0000 tGradient 1.6590 tsec 1.9970
#GCMRL#  438 dt  25.600000 rms  0.493  0.065% neg 0  invalid 762 tFOTS 0.0000 tGradient 1.7870 tsec 2.1560
#GCMRL#  439 dt  25.600000 rms  0.492  0.073% neg 0  invalid 762 tFOTS 0.0000 tGradient 1.6720 tsec 2.0240
#GCMRL#  440 dt  25.600000 rms  0.492  0.087% neg 0  invalid 762 tFOTS 0.0000 tGradient 1.6910 tsec 2.0390
#GCMRL#  441 dt  25.600000 rms  0.491  0.098% neg 0  invalid 762 tFOTS 0.0000 tGradient 1.6880 tsec 2.0300
#GCMRL#  442 dt  25.600000 rms  0.491  0.094% neg 0  invalid 762 tFOTS 0.0000 tGradient 1.7190 tsec 2.0560
#GCMRL#  443 dt  25.600000 rms  0.490  0.088% neg 0  invalid 762 tFOTS 0.0000 tGradient 1.7140 tsec 2.0490
#GCMRL#  444 dt  25.600000 rms  0.490  0.089% neg 0  invalid 762 tFOTS 0.0000 tGradient 1.6230 tsec 1.9580
#GCMRL#  445 dt  25.600000 rms  0.490  0.085% neg 0  invalid 762 tFOTS 0.0000 tGradient 1.6830 tsec 2.0310
#GCMRL#  446 dt  25.600000 rms  0.489  0.071% neg 0  invalid 762 tFOTS 0.0000 tGradient 1.7340 tsec 2.0620
#GCMRL#  447 dt  25.600000 rms  0.489  0.076% neg 0  invalid 762 tFOTS 0.0000 tGradient 1.7050 tsec 2.0390
#GCMRL#  448 dt  25.600000 rms  0.488  0.080% neg 0  invalid 762 tFOTS 0.0000 tGradient 1.5830 tsec 1.9020
#GCMRL#  449 dt  25.600000 rms  0.488  0.064% neg 0  invalid 762 tFOTS 0.0000 tGradient 1.6710 tsec 1.9960
#GCMRL#  450 dt  25.600000 rms  0.488  0.063% neg 0  invalid 762 tFOTS 0.0000 tGradient 1.6660 tsec 1.9990
#GCMRL#  451 dt  25.600000 rms  0.488  0.058% neg 0  invalid 762 tFOTS 0.0000 tGradient 1.6550 tsec 1.9790
#GCMRL#  452 dt  25.600000 rms  0.487  0.067% neg 0  invalid 762 tFOTS 0.0000 tGradient 1.6350 tsec 1.9580
#GCMRL#  453 dt  25.600000 rms  0.487  0.069% neg 0  invalid 762 tFOTS 0.0000 tGradient 1.6420 tsec 1.9590
#GCMRL#  454 dt  25.600000 rms  0.487  0.057% neg 0  invalid 762 tFOTS 0.0000 tGradient 1.6360 tsec 1.9680
#GCMRL#  455 dt  25.600000 rms  0.486  0.047% neg 0  invalid 762 tFOTS 0.0000 tGradient 1.6240 tsec 1.9840
#GCMRL#  456 dt  25.600000 rms  0.486  0.045% neg 0  invalid 762 tFOTS 0.0000 tGradient 1.6250 tsec 1.9900
#GCMRL#  457 dt  25.600000 rms  0.486  0.059% neg 0  invalid 762 tFOTS 0.0000 tGradient 1.5890 tsec 1.9230
#GCMRL#  458 dt  25.600000 rms  0.486  0.052% neg 0  invalid 762 tFOTS 0.0000 tGradient 1.6020 tsec 1.9500
#GCMRL#  459 dt  25.600000 rms  0.485  0.048% neg 0  invalid 762 tFOTS 0.0000 tGradient 1.6190 tsec 1.9680
#GCMRL#  460 dt  25.600000 rms  0.485  0.049% neg 0  invalid 762 tFOTS 0.0000 tGradient 1.6290 tsec 1.9970
#GCMRL#  461 dt  25.600000 rms  0.485  0.047% neg 0  invalid 762 tFOTS 0.0000 tGradient 1.6610 tsec 2.0340
#GCMRL#  462 dt  25.600000 rms  0.485  0.047% neg 0  invalid 762 tFOTS 0.0000 tGradient 1.7040 tsec 2.0940
#GCMRL#  463 dt  25.600000 rms  0.484  0.040% neg 0  invalid 762 tFOTS 0.0000 tGradient 1.8540 tsec 2.2440
#GCMRL#  464 dt  25.600000 rms  0.484  0.029% neg 0  invalid 762 tFOTS 0.0000 tGradient 1.6940 tsec 2.0360
#GCMRL#  465 dt  25.600000 rms  0.484  0.029% neg 0  invalid 762 tFOTS 0.0000 tGradient 1.6800 tsec 2.0180
#GCMRL#  466 dt  25.600000 rms  0.484  0.031% neg 0  invalid 762 tFOTS 0.0000 tGradient 1.7150 tsec 2.0430
#GCMRL#  467 dt  25.600000 rms  0.484  0.028% neg 0  invalid 762 tFOTS 0.0000 tGradient 1.6760 tsec 2.0020
#GCMRL#  468 dt  25.600000 rms  0.484  0.025% neg 0  invalid 762 tFOTS 0.0000 tGradient 1.6800 tsec 2.0310
#GCMRL#  469 dt  25.600000 rms  0.484  0.026% neg 0  invalid 762 tFOTS 0.0000 tGradient 1.6870 tsec 2.0030
#GCMRL#  470 dt  25.600000 rms  0.484  0.022% neg 0  invalid 762 tFOTS 0.0000 tGradient 1.6990 tsec 2.0230
#GCMRL#  471 dt  25.600000 rms  0.483  0.024% neg 0  invalid 762 tFOTS 0.0000 tGradient 1.6640 tsec 1.9910
#GCMRL#  472 dt  25.600000 rms  0.483  0.027% neg 0  invalid 762 tFOTS 0.0000 tGradient 1.6920 tsec 2.0100
#GCMRL#  473 dt  25.600000 rms  0.483  0.025% neg 0  invalid 762 tFOTS 0.0000 tGradient 1.7180 tsec 2.0650
#GCMRL#  474 dt  25.600000 rms  0.483  0.028% neg 0  invalid 762 tFOTS 0.0000 tGradient 1.6450 tsec 1.9860
#GCMRL#  475 dt  25.600000 rms  0.483  0.022% neg 0  invalid 762 tFOTS 0.0000 tGradient 1.6370 tsec 1.9700
#GCMRL#  476 dt  25.600000 rms  0.483  0.020% neg 0  invalid 762 tFOTS 0.0000 tGradient 1.5960 tsec 1.9620
#FOTS# QuadFit found better minimum quadopt=(dt=44.8,rms=0.482801) vs oldopt=(dt=32,rms=0.482806)
#GCMRL#  477 dt  44.800000 rms  0.483  0.000% neg 0  invalid 762 tFOTS 5.4870 tGradient 1.6470 tsec 7.5650
setting smoothness cost coefficient to 0.400

#GCAMreg# pass 0 level1 2 level2 0 tsec 0 sigma 2
l_jacobian=1.00 l_label=1.00 l_log_likelihood=0.20 l_smoothness=0.40 
tol=5.00e-02, dt=5.00e-02, exp_k=20.0, momentum=0.90, levels=6, niter=500, lbl_dist=10.00, avgs=4, sigma=2.0,type=2, relabel=0, neg=no

blurring input image with Gaussian with sigma=2.000...
GCAMRegisterLevel(): init RMS 0.510884
#GCMRL#  479 dt   0.000000 rms  0.510  0.086% neg 0  invalid 762 tFOTS 5.2910 tGradient 1.5040 tsec 7.1830
#GCMRL#  480 dt   0.150000 rms  0.510  0.000% neg 0  invalid 762 tFOTS 5.5750 tGradient 1.5960 tsec 7.9730

#GCAMreg# pass 0 level1 2 level2 1 tsec 25.428 sigma 0.5
l_jacobian=1.00 l_label=1.00 l_log_likelihood=0.20 l_smoothness=0.40 
tol=5.00e-02, dt=5.00e-02, exp_k=20.0, momentum=0.90, levels=6, niter=500, lbl_dist=10.00, avgs=4, sigma=0.5,type=2, relabel=0, neg=no

blurring input image with Gaussian with sigma=0.500...
GCAMRegisterLevel(): init RMS 0.510884
#GCMRL#  482 dt   0.000000 rms  0.510  0.086% neg 0  invalid 762 tFOTS 5.0090 tGradient 1.6570 tsec 7.0420
#GCMRL#  483 dt   0.150000 rms  0.510  0.000% neg 0  invalid 762 tFOTS 4.8690 tGradient 1.5870 tsec 7.1240
setting smoothness cost coefficient to 1.000

#GCAMreg# pass 0 level1 1 level2 0 tsec 0 sigma 2
l_jacobian=1.00 l_label=1.00 l_log_likelihood=0.20 l_smoothness=1.00 
tol=5.00e-02, dt=5.00e-02, exp_k=20.0, momentum=0.90, levels=6, niter=500, lbl_dist=10.00, avgs=1, sigma=2.0,type=2, relabel=0, neg=no

blurring input image with Gaussian with sigma=2.000...
GCAMRegisterLevel(): init RMS 0.565097
#GCMRL#  485 dt   1.280000 rms  0.561  0.788% neg 0  invalid 762 tFOTS 3.3760 tGradient 1.0740 tsec 4.7680
#FOTS# QuadFit found better minimum quadopt=(dt=0.256,rms=0.560562) vs oldopt=(dt=0.32,rms=0.560567)
#GCMRL#  486 dt   0.256000 rms  0.561  0.000% neg 0  invalid 762 tFOTS 3.3160 tGradient 1.0600 tsec 4.6940

#GCAMreg# pass 0 level1 1 level2 1 tsec 18.615 sigma 0.5
l_jacobian=1.00 l_label=1.00 l_log_likelihood=0.20 l_smoothness=1.00 
tol=5.00e-02, dt=5.00e-02, exp_k=20.0, momentum=0.90, levels=6, niter=500, lbl_dist=10.00, avgs=1, sigma=0.5,type=2, relabel=0, neg=no

blurring input image with Gaussian with sigma=0.500...
GCAMRegisterLevel(): init RMS 0.560962
#FOTS# QuadFit found better minimum quadopt=(dt=0.448,rms=0.560359) vs oldopt=(dt=0.32,rms=0.560371)
#GCMRL#  488 dt   0.448000 rms  0.560  0.107% neg 0  invalid 762 tFOTS 3.3160 tGradient 1.1000 tsec 4.7250
#FOTS# QuadFit found better minimum quadopt=(dt=0.048,rms=0.560357) vs oldopt=(dt=0.08,rms=0.560358)
#GCMRL#  489 dt   0.048000 rms  0.560  0.000% neg 0  invalid 762 tFOTS 3.7850 tGradient 1.1770 tsec 5.2970
resetting metric properties...
setting smoothness cost coefficient to 2.000

#GCAMreg# pass 0 level1 0 level2 0 tsec 0 sigma 2
l_jacobian=1.00 l_label=1.00 l_log_likelihood=0.20 l_smoothness=2.00 
tol=5.00e-02, dt=5.00e-02, exp_k=20.0, momentum=0.90, levels=6, niter=500, lbl_dist=10.00, avgs=0, sigma=2.0,type=2, relabel=0, neg=no

blurring input image with Gaussian with sigma=2.000...
GCAMRegisterLevel(): init RMS 0.49411
#FOTS# QuadFit found better minimum quadopt=(dt=0.448,rms=0.480975) vs oldopt=(dt=0.32,rms=0.484439)
#GCMRL#  491 dt   0.448000 rms  0.481  2.658% neg 0  invalid 762 tFOTS 4.0510 tGradient 0.7350 tsec 5.1520
#FOTS# QuadFit found better minimum quadopt=(dt=0.448,rms=0.478247) vs oldopt=(dt=0.32,rms=0.479002)
#GCMRL#  492 dt   0.448000 rms  0.478  0.567% neg 0  invalid 762 tFOTS 3.9900 tGradient 0.7380 tsec 5.0910
#FOTS# QuadFit found better minimum quadopt=(dt=0.448,rms=0.476567) vs oldopt=(dt=0.32,rms=0.47704)
#GCMRL#  493 dt   0.448000 rms  0.477  0.351% neg 0  invalid 762 tFOTS 4.1770 tGradient 0.8140 tsec 5.3700
#FOTS# QuadFit found better minimum quadopt=(dt=0.448,rms=0.475484) vs oldopt=(dt=0.32,rms=0.475787)
#GCMRL#  494 dt   0.448000 rms  0.475  0.227% neg 0  invalid 762 tFOTS 4.1690 tGradient 0.7910 tsec 5.3270
#FOTS# QuadFit found better minimum quadopt=(dt=0.571429,rms=0.474477) vs oldopt=(dt=0.32,rms=0.474913)
#GCMRL#  495 dt   0.571429 rms  0.474  0.212% neg 0  invalid 762 tFOTS 4.4450 tGradient 0.7680 tsec 5.5930
#FOTS# QuadFit found better minimum quadopt=(dt=0.448,rms=0.473928) vs oldopt=(dt=0.32,rms=0.474082)
#GCMRL#  496 dt   0.448000 rms  0.474  0.116% neg 0  invalid 762 tFOTS 4.3730 tGradient 0.7800 tsec 5.5270
#FOTS# QuadFit found better minimum quadopt=(dt=0.448,rms=0.473481) vs oldopt=(dt=0.32,rms=0.473605)
#GCMRL#  497 dt   0.448000 rms  0.473  0.094% neg 0  invalid 762 tFOTS 4.3220 tGradient 0.7730 tsec 5.4760
#FOTS# QuadFit found better minimum quadopt=(dt=0.448,rms=0.473136) vs oldopt=(dt=0.32,rms=0.473234)
#GCMRL#  498 dt   0.448000 rms  0.473  0.073% neg 0  invalid 762 tFOTS 4.5360 tGradient 0.7930 tsec 5.7070
#FOTS# QuadFit found better minimum quadopt=(dt=0.448,rms=0.47283) vs oldopt=(dt=0.32,rms=0.472913)
#GCMRL#  499 dt   0.448000 rms  0.473  0.065% neg 0  invalid 762 tFOTS 4.5410 tGradient 0.8500 tsec 5.7670
#FOTS# QuadFit found better minimum quadopt=(dt=0.448,rms=0.472595) vs oldopt=(dt=0.32,rms=0.472662)
#GCMRL#  500 dt   0.448000 rms  0.473  0.000% neg 0  invalid 762 tFOTS 4.4880 tGradient 0.8690 tsec 5.7500
#GCMRL#  501 dt   0.448000 rms  0.472  0.048% neg 0  invalid 762 tFOTS 0.0000 tGradient 0.7780 tsec 1.1210
#GCMRL#  502 dt   0.448000 rms  0.472  0.078% neg 0  invalid 762 tFOTS 0.0000 tGradient 0.8620 tsec 1.2700
#GCMRL#  503 dt   0.448000 rms  0.472  0.094% neg 0  invalid 762 tFOTS 0.0000 tGradient 0.9400 tsec 1.3330
#GCMRL#  504 dt   0.448000 rms  0.471  0.098% neg 0  invalid 762 tFOTS 0.0000 tGradient 0.8130 tsec 1.1960
#GCMRL#  505 dt   0.448000 rms  0.471  0.006% neg 0  invalid 762 tFOTS 0.0000 tGradient 0.8330 tsec 1.4420
#GCMRL#  506 dt   0.448000 rms  0.471  0.008% neg 0  invalid 762 tFOTS 0.0000 tGradient 0.7600 tsec 1.1430
#GCMRL#  507 dt   0.448000 rms  0.471  0.005% neg 0  invalid 762 tFOTS 0.0000 tGradient 0.7820 tsec 1.3650
#FOTS# QuadFit found better minimum quadopt=(dt=0.448,rms=0.470968) vs oldopt=(dt=0.32,rms=0.470973)
#GCMRL#  508 dt   0.448000 rms  0.471  0.008% neg 0  invalid 762 tFOTS 4.1720 tGradient 0.8530 tsec 5.3950
#FOTS# QuadFit found better minimum quadopt=(dt=0.448,rms=0.470958) vs oldopt=(dt=0.32,rms=0.470962)
#GCMRL#  509 dt   0.448000 rms  0.471  0.000% neg 0  invalid 762 tFOTS 4.5270 tGradient 0.8350 tsec 5.7320
#GCMRL#  510 dt   0.448000 rms  0.471  0.008% neg 0  invalid 762 tFOTS 0.0000 tGradient 0.8830 tsec 1.2720
#GCMRL#  511 dt   0.448000 rms  0.471  0.007% neg 0  invalid 762 tFOTS 0.0000 tGradient 0.8070 tsec 1.1910
#GCMRL#  512 dt   0.448000 rms  0.471  0.013% neg 0  invalid 762 tFOTS 0.0000 tGradient 0.8560 tsec 1.1930
#GCMRL#  513 dt   0.448000 rms  0.471  0.017% neg 0  invalid 762 tFOTS 0.0000 tGradient 0.8770 tsec 1.2560

#GCAMreg# pass 0 level1 0 level2 1 tsec 89.046 sigma 0.5
l_jacobian=1.00 l_label=1.00 l_log_likelihood=0.20 l_smoothness=2.00 
tol=5.00e-02, dt=5.00e-02, exp_k=20.0, momentum=0.90, levels=6, niter=500, lbl_dist=10.00, avgs=0, sigma=0.5,type=2, relabel=0, neg=no

blurring input image with Gaussian with sigma=0.500...
GCAMRegisterLevel(): init RMS 0.471276
#FOTS# QuadFit found better minimum quadopt=(dt=0.448,rms=0.467788) vs oldopt=(dt=0.32,rms=0.468576)
#GCMRL#  515 dt   0.448000 rms  0.468  0.740% neg 0  invalid 762 tFOTS 4.4610 tGradient 0.8500 tsec 5.7140
#FOTS# QuadFit found better minimum quadopt=(dt=0.448,rms=0.467474) vs oldopt=(dt=0.32,rms=0.467553)
#GCMRL#  516 dt   0.448000 rms  0.467  0.067% neg 0  invalid 762 tFOTS 4.5340 tGradient 0.8080 tsec 5.7650
#FOTS# QuadFit found better minimum quadopt=(dt=0.448,rms=0.467354) vs oldopt=(dt=0.32,rms=0.467388)
#GCMRL#  517 dt   0.448000 rms  0.467  0.000% neg 0  invalid 762 tFOTS 4.6780 tGradient 0.9480 tsec 6.0030
#GCMRL#  518 dt   0.448000 rms  0.467  0.014% neg 0  invalid 762 tFOTS 0.0000 tGradient 0.8370 tsec 1.2060
#GCMRL#  519 dt   0.448000 rms  0.467  0.015% neg 0  invalid 762 tFOTS 0.0000 tGradient 0.8420 tsec 1.2290
#GCMRL#  520 dt   0.448000 rms  0.467  0.016% neg 0  invalid 762 tFOTS 0.0000 tGradient 0.7960 tsec 1.1680
#GCMRL#  521 dt   0.448000 rms  0.467  0.013% neg 0  invalid 762 tFOTS 0.0000 tGradient 0.8350 tsec 1.1820
#GCMRL#  522 dt   0.448000 rms  0.467  0.001% neg 0  invalid 762 tFOTS 0.0000 tGradient 0.8510 tsec 1.4500
#FOTS# QuadFit found better minimum quadopt=(dt=0.448,rms=0.467054) vs oldopt=(dt=0.32,rms=0.467056)
#GCMRL#  523 dt   0.448000 rms  0.467  0.004% neg 0  invalid 762 tFOTS 4.5440 tGradient 0.7940 tsec 5.7350
#FOTS# QuadFit found better minimum quadopt=(dt=0.448,rms=0.467036) vs oldopt=(dt=0.32,rms=0.467038)
GCAMregister done in 26.9112 min
********************* ALLOWING NEGATIVE NODES IN DEFORMATION********************************
noneg post
Starting GCAMregister()
label assignment complete, 0 changed (0.00%)
npasses = 1, nlevels = 6
#pass# 1 of 1 ************************
enabling zero nodes
setting smoothness cost coefficient to 0.008

#GCAMreg# pass 0 level1 5 level2 0 tsec 0 sigma 2
l_jacobian=1.00 l_label=1.00 l_log_likelihood=0.20 l_smoothness=0.01 
tol=2.50e-01, dt=5.00e-02, exp_k=20.0, momentum=0.90, levels=6, niter=500, lbl_dist=10.00, avgs=256, sigma=2.0,type=2, relabel=0, neg=yes

blurring input image with Gaussian with sigma=2.000...
GCAMRegisterLevel(): init RMS 0.465442
#GCMRL#  525 dt   0.000000 rms  0.465  0.116% neg 0  invalid 762 tFOTS 5.5460 tGradient 2.2270 tsec 8.0960

#GCAMreg# pass 0 level1 5 level2 1 tsec 22.27 sigma 0.5
l_jacobian=1.00 l_label=1.00 l_log_likelihood=0.20 l_smoothness=0.01 
tol=2.50e-01, dt=5.00e-02, exp_k=20.0, momentum=0.90, levels=6, niter=500, lbl_dist=10.00, avgs=256, sigma=0.5,type=2, relabel=0, neg=yes

blurring input image with Gaussian with sigma=0.500...
GCAMRegisterLevel(): init RMS 0.465442
#FOTS# QuadFit found better minimum quadopt=(dt=295.936,rms=0.464609) vs oldopt=(dt=369.92,rms=0.464653)
#GCMRL#  527 dt 295.936000 rms  0.465  0.179% neg 0  invalid 762 tFOTS 5.0390 tGradient 2.1890 tsec 7.6040
#FOTS# QuadFit found better minimum quadopt=(dt=73.984,rms=0.464478) vs oldopt=(dt=92.48,rms=0.46449)
#GCMRL#  528 dt  73.984000 rms  0.464  0.000% neg 0  invalid 762 tFOTS 4.9250 tGradient 2.1970 tsec 7.4960
#GCMRL#  529 dt  73.984000 rms  0.464  0.004% neg 0  invalid 762 tFOTS 0.0000 tGradient 2.2700 tsec 2.5840
#GCMRL#  530 dt  73.984000 rms  0.464  0.012% neg 0  invalid 762 tFOTS 0.0000 tGradient 2.2480 tsec 2.5430
#GCMRL#  531 dt  73.984000 rms  0.464  0.023% neg 0  invalid 762 tFOTS 0.0000 tGradient 2.3840 tsec 2.6950
#GCMRL#  532 dt  73.984000 rms  0.464  0.021% neg 0  invalid 762 tFOTS 0.0000 tGradient 2.2400 tsec 2.5420
setting smoothness cost coefficient to 0.031

#GCAMreg# pass 0 level1 4 level2 0 tsec 0 sigma 2
l_jacobian=1.00 l_label=1.00 l_log_likelihood=0.20 l_smoothness=0.03 
tol=2.50e-01, dt=5.00e-02, exp_k=20.0, momentum=0.90, levels=6, niter=500, lbl_dist=10.00, avgs=64, sigma=2.0,type=2, relabel=0, neg=yes

blurring input image with Gaussian with sigma=2.000...
GCAMRegisterLevel(): init RMS 0.464672
#FOTS# QuadFit found better minimum quadopt=(dt=20.736,rms=0.464074) vs oldopt=(dt=25.92,rms=0.46408)
#GCMRL#  534 dt  20.736000 rms  0.464  0.129% neg 0  invalid 762 tFOTS 5.0800 tGradient 1.7310 tsec 7.1110
#FOTS# QuadFit found better minimum quadopt=(dt=20.736,rms=0.464026) vs oldopt=(dt=25.92,rms=0.464026)
#GCMRL#  535 dt  20.736000 rms  0.464  0.000% neg 0  invalid 762 tFOTS 5.1860 tGradient 1.6850 tsec 7.2420
#GCMRL#  536 dt  20.736000 rms  0.464  0.012% neg 0  invalid 762 tFOTS 0.0000 tGradient 1.7280 tsec 2.0140
#GCMRL#  537 dt  20.736000 rms  0.464  0.008% neg 0  invalid 762 tFOTS 0.0000 tGradient 1.7900 tsec 2.0860

#GCAMreg# pass 0 level1 4 level2 1 tsec 26.853 sigma 0.5
l_jacobian=1.00 l_label=1.00 l_log_likelihood=0.20 l_smoothness=0.03 
tol=2.50e-01, dt=5.00e-02, exp_k=20.0, momentum=0.90, levels=6, niter=500, lbl_dist=10.00, avgs=64, sigma=0.5,type=2, relabel=0, neg=yes

blurring input image with Gaussian with sigma=0.500...
GCAMRegisterLevel(): init RMS 0.464469
#FOTS# QuadFit found better minimum quadopt=(dt=124.416,rms=0.461779) vs oldopt=(dt=103.68,rms=0.461868)
#GCMRL#  539 dt 124.416000 rms  0.462  0.579% neg 0  invalid 762 tFOTS 5.2550 tGradient 1.6990 tsec 7.3370
#FOTS# QuadFit found better minimum quadopt=(dt=36.288,rms=0.461219) vs oldopt=(dt=25.92,rms=0.461287)
#GCMRL#  540 dt  36.288000 rms  0.461  0.000% neg 0  invalid 762 tFOTS 5.3100 tGradient 1.8210 tsec 7.5210
#GCMRL#  541 dt  36.288000 rms  0.461  0.037% neg 0  invalid 762 tFOTS 0.0000 tGradient 1.7760 tsec 2.0680
#GCMRL#  542 dt  36.288000 rms  0.461  0.059% neg 0  invalid 762 tFOTS 0.0000 tGradient 1.7690 tsec 2.0620
#GCMRL#  543 dt  36.288000 rms  0.460  0.087% neg 0  invalid 762 tFOTS 0.0000 tGradient 1.7630 tsec 2.0550
#GCMRL#  544 dt  36.288000 rms  0.460  0.114% neg 0  invalid 762 tFOTS 0.0000 tGradient 1.6070 tsec 1.8950
#GCMRL#  545 dt  36.288000 rms  0.459  0.126% neg 0  invalid 762 tFOTS 0.0000 tGradient 1.7550 tsec 2.0700
#GCMRL#  546 dt  36.288000 rms  0.459  0.115% neg 0  invalid 762 tFOTS 0.0000 tGradient 1.7620 tsec 2.0550
#GCMRL#  547 dt  36.288000 rms  0.458  0.102% neg 0  invalid 762 tFOTS 0.0000 tGradient 1.7380 tsec 2.0560
#GCMRL#  548 dt 103.680000 rms  0.458  0.000% neg 0  invalid 762 tFOTS 4.9820 tGradient 1.7090 tsec 7.0260
setting smoothness cost coefficient to 0.118

#GCAMreg# pass 0 level1 3 level2 0 tsec 0 sigma 2
l_jacobian=1.00 l_label=1.00 l_log_likelihood=0.20 l_smoothness=0.12 
tol=2.50e-01, dt=5.00e-02, exp_k=20.0, momentum=0.90, levels=6, niter=500, lbl_dist=10.00, avgs=16, sigma=2.0,type=2, relabel=0, neg=yes

blurring input image with Gaussian with sigma=2.000...
GCAMRegisterLevel(): init RMS 0.459092
#FOTS# QuadFit found better minimum quadopt=(dt=38.4,rms=0.456266) vs oldopt=(dt=32,rms=0.456334)
#GCMRL#  550 dt  38.400000 rms  0.456  0.616% neg 0  invalid 762 tFOTS 5.6250 tGradient 1.5380 tsec 7.5330
#FOTS# QuadFit found better minimum quadopt=(dt=44.8,rms=0.454053) vs oldopt=(dt=32,rms=0.45426)
iter 0, gcam->neg = 7
after 3 iterations, nbhd size=0, neg = 0
#GCMRL#  551 dt  44.800000 rms  0.454  0.482% neg 0  invalid 762 tFOTS 5.3730 tGradient 1.6070 tsec 9.0820
#FOTS# QuadFit found better minimum quadopt=(dt=23.1419,rms=0.452877) vs oldopt=(dt=32,rms=0.453118)
#GCMRL#  552 dt  23.141869 rms  0.453  0.262% neg 0  invalid 762 tFOTS 5.7270 tGradient 1.6370 tsec 7.7460
#FOTS# QuadFit found better minimum quadopt=(dt=44.8,rms=0.451838) vs oldopt=(dt=32,rms=0.451889)
#GCMRL#  553 dt  44.800000 rms  0.452  0.000% neg 0  invalid 762 tFOTS 5.1360 tGradient 1.5580 tsec 7.0610
iter 0, gcam->neg = 1
after 0 iterations, nbhd size=0, neg = 0
#GCMRL#  554 dt  44.800000 rms  0.452  0.000% neg 0  invalid 762 tFOTS 0.0000 tGradient 1.5400 tsec 2.4870
#GCMRL#  555 dt  44.800000 rms  0.449  0.537% neg 0  invalid 762 tFOTS 0.0000 tGradient 1.5480 tsec 1.8380
iter 0, gcam->neg = 5
after 2 iterations, nbhd size=0, neg = 0
#GCMRL#  556 dt  44.800000 rms  0.449 -0.188% neg 0  invalid 762 tFOTS 0.0000 tGradient 1.5960 tsec 3.4960
#FOTS# QuadFit found better minimum quadopt=(dt=25.6,rms=0.448785) vs oldopt=(dt=32,rms=0.448829)
#GCMRL#  557 dt  25.600000 rms  0.449  0.075% neg 0  invalid 762 tFOTS 5.0920 tGradient 1.6350 tsec 7.0700
#FOTS# QuadFit found better minimum quadopt=(dt=25.6,rms=0.448358) vs oldopt=(dt=32,rms=0.448395)
#GCMRL#  558 dt  25.600000 rms  0.448  0.095% neg 0  invalid 762 tFOTS 5.4130 tGradient 1.7320 tsec 7.6120
#FOTS# QuadFit found better minimum quadopt=(dt=11.2,rms=0.448165) vs oldopt=(dt=8,rms=0.448197)

#GCAMreg# pass 0 level1 3 level2 1 tsec 67.427 sigma 0.5
l_jacobian=1.00 l_label=1.00 l_log_likelihood=0.20 l_smoothness=0.12 
tol=2.50e-01, dt=5.00e-02, exp_k=20.0, momentum=0.90, levels=6, niter=500, lbl_dist=10.00, avgs=16, sigma=0.5,type=2, relabel=0, neg=yes

blurring input image with Gaussian with sigma=0.500...
GCAMRegisterLevel(): init RMS 0.448688
#FOTS# QuadFit found better minimum quadopt=(dt=64.6667,rms=0.444082) vs oldopt=(dt=32,rms=0.444947)
#GCMRL#  560 dt  64.666667 rms  0.444  1.027% neg 0  invalid 762 tFOTS 5.6280 tGradient 1.5960 tsec 7.5910
#FOTS# QuadFit found better minimum quadopt=(dt=22.4,rms=0.442827) vs oldopt=(dt=32,rms=0.443123)
#GCMRL#  561 dt  22.400000 rms  0.443  0.283% neg 0  invalid 762 tFOTS 5.4840 tGradient 1.4190 tsec 7.2780
#FOTS# QuadFit found better minimum quadopt=(dt=25.6,rms=0.442406) vs oldopt=(dt=32,rms=0.442413)
#GCMRL#  562 dt  25.600000 rms  0.442  0.000% neg 0  invalid 762 tFOTS 5.5650 tGradient 1.4920 tsec 7.4290
#GCMRL#  563 dt  25.600000 rms  0.442  0.087% neg 0  invalid 762 tFOTS 0.0000 tGradient 1.3230 tsec 1.5970
#GCMRL#  564 dt  25.600000 rms  0.441  0.175% neg 0  invalid 762 tFOTS 0.0000 tGradient 1.5650 tsec 1.8990
#GCMRL#  565 dt  25.600000 rms  0.441  0.169% neg 0  invalid 762 tFOTS 0.0000 tGradient 1.6520 tsec 1.9920
#GCMRL#  566 dt  25.600000 rms  0.440  0.226% neg 0  invalid 762 tFOTS 0.0000 tGradient 1.6230 tsec 1.9480
#GCMRL#  567 dt  25.600000 rms  0.439  0.185% neg 0  invalid 762 tFOTS 0.0000 tGradient 1.6090 tsec 1.9410
#GCMRL#  568 dt  25.600000 rms  0.438  0.214% neg 0  invalid 762 tFOTS 0.0000 tGradient 1.5190 tsec 1.8370
#GCMRL#  569 dt  25.600000 rms  0.437  0.139% neg 0  invalid 762 tFOTS 0.0000 tGradient 1.4910 tsec 1.7730
#GCMRL#  570 dt  25.600000 rms  0.436  0.194% neg 0  invalid 762 tFOTS 0.0000 tGradient 1.6280 tsec 1.9060
#GCMRL#  571 dt  25.600000 rms  0.436  0.114% neg 0  invalid 762 tFOTS 0.0000 tGradient 1.4570 tsec 1.7420
#GCMRL#  572 dt  25.600000 rms  0.435  0.178% neg 0  invalid 762 tFOTS 0.0000 tGradient 1.5110 tsec 1.8010
iter 0, gcam->neg = 1
after 2 iterations, nbhd size=0, neg = 0
#GCMRL#  573 dt  25.600000 rms  0.435  0.079% neg 0  invalid 762 tFOTS 0.0000 tGradient 1.5930 tsec 3.2230
#GCMRL#  574 dt  25.600000 rms  0.434  0.157% neg 0  invalid 762 tFOTS 0.0000 tGradient 1.3640 tsec 1.6400
iter 0, gcam->neg = 1
after 1 iterations, nbhd size=0, neg = 0
#GCMRL#  575 dt  25.600000 rms  0.434  0.055% neg 0  invalid 762 tFOTS 0.0000 tGradient 1.5470 tsec 2.7420
#GCMRL#  576 dt  25.600000 rms  0.433  0.134% neg 0  invalid 762 tFOTS 0.0000 tGradient 1.4990 tsec 1.8010
iter 0, gcam->neg = 1
after 0 iterations, nbhd size=0, neg = 0
#GCMRL#  577 dt  25.600000 rms  0.433  0.048% neg 0  invalid 762 tFOTS 0.0000 tGradient 1.6190 tsec 2.6280
#GCMRL#  578 dt  25.600000 rms  0.433  0.093% neg 0  invalid 762 tFOTS 0.0000 tGradient 1.7000 tsec 2.0260
iter 0, gcam->neg = 1
after 3 iterations, nbhd size=0, neg = 0
#GCMRL#  579 dt  25.600000 rms  0.432  0.031% neg 0  invalid 762 tFOTS 0.0000 tGradient 1.6350 tsec 3.7610
#FOTS# QuadFit found better minimum quadopt=(dt=11.2,rms=0.43221) vs oldopt=(dt=8,rms=0.432251)
#GCMRL#  580 dt  11.200000 rms  0.432  0.053% neg 0  invalid 762 tFOTS 5.6580 tGradient 1.7250 tsec 7.7130
#FOTS# QuadFit found better minimum quadopt=(dt=11.2,rms=0.432113) vs oldopt=(dt=8,rms=0.432115)
#GCMRL#  581 dt  11.200000 rms  0.432  0.000% neg 0  invalid 762 tFOTS 5.7920 tGradient 1.5970 tsec 7.7980
#GCMRL#  582 dt  11.200000 rms  0.432  0.002% neg 0  invalid 762 tFOTS 0.0000 tGradient 1.5670 tsec 1.8930
#GCMRL#  583 dt  11.200000 rms  0.432  0.006% neg 0  invalid 762 tFOTS 0.0000 tGradient 1.5740 tsec 1.8900
#GCMRL#  584 dt  11.200000 rms  0.432  0.005% neg 0  invalid 762 tFOTS 0.0000 tGradient 1.7250 tsec 2.0590
setting smoothness cost coefficient to 0.400

#GCAMreg# pass 0 level1 2 level2 0 tsec 0 sigma 2
l_jacobian=1.00 l_label=1.00 l_log_likelihood=0.20 l_smoothness=0.40 
tol=2.50e-01, dt=5.00e-02, exp_k=20.0, momentum=0.90, levels=6, niter=500, lbl_dist=10.00, avgs=4, sigma=2.0,type=2, relabel=0, neg=yes

blurring input image with Gaussian with sigma=2.000...
GCAMRegisterLevel(): init RMS 0.438517
#GCMRL#  586 dt   0.000000 rms  0.438  0.133% neg 0  invalid 762 tFOTS 5.5790 tGradient 1.4940 tsec 7.5030

#GCAMreg# pass 0 level1 2 level2 1 tsec 22.363 sigma 0.5
l_jacobian=1.00 l_label=1.00 l_log_likelihood=0.20 l_smoothness=0.40 
tol=2.50e-01, dt=5.00e-02, exp_k=20.0, momentum=0.90, levels=6, niter=500, lbl_dist=10.00, avgs=4, sigma=0.5,type=2, relabel=0, neg=yes

blurring input image with Gaussian with sigma=0.500...
GCAMRegisterLevel(): init RMS 0.438517
#GCMRL#  588 dt   0.000000 rms  0.438  0.133% neg 0  invalid 762 tFOTS 3.9290 tGradient 1.2850 tsec 5.5180
setting smoothness cost coefficient to 1.000

#GCAMreg# pass 0 level1 1 level2 0 tsec 0 sigma 2
l_jacobian=1.00 l_label=1.00 l_log_likelihood=0.20 l_smoothness=1.00 
tol=2.50e-01, dt=5.00e-02, exp_k=20.0, momentum=0.90, levels=6, niter=500, lbl_dist=10.00, avgs=1, sigma=2.0,type=2, relabel=0, neg=yes

blurring input image with Gaussian with sigma=2.000...
GCAMRegisterLevel(): init RMS 0.450755
#GCMRL#  590 dt   1.280000 rms  0.449  0.473% neg 0  invalid 762 tFOTS 4.3760 tGradient 1.0920 tsec 5.8030
#FOTS# QuadFit found better minimum quadopt=(dt=0.384,rms=0.448555) vs oldopt=(dt=0.32,rms=0.448558)
#GCMRL#  591 dt   0.384000 rms  0.449  0.000% neg 0  invalid 762 tFOTS 4.1960 tGradient 1.1770 tsec 5.7270

#GCAMreg# pass 0 level1 1 level2 1 tsec 19.154 sigma 0.5
l_jacobian=1.00 l_label=1.00 l_log_likelihood=0.20 l_smoothness=1.00 
tol=2.50e-01, dt=5.00e-02, exp_k=20.0, momentum=0.90, levels=6, niter=500, lbl_dist=10.00, avgs=1, sigma=0.5,type=2, relabel=0, neg=yes

blurring input image with Gaussian with sigma=0.500...
GCAMRegisterLevel(): init RMS 0.449116
#GCMRL#  593 dt   1.280000 rms  0.448  0.239% neg 0  invalid 762 tFOTS 4.8500 tGradient 1.1050 tsec 6.3470
#FOTS# QuadFit found better minimum quadopt=(dt=0.384,rms=0.448015) vs oldopt=(dt=0.32,rms=0.448016)
#GCMRL#  594 dt   0.384000 rms  0.448  0.000% neg 0  invalid 762 tFOTS 5.7690 tGradient 1.3620 tsec 7.5550
resetting metric properties...
setting smoothness cost coefficient to 2.000

#GCAMreg# pass 0 level1 0 level2 0 tsec 0 sigma 2
l_jacobian=1.00 l_label=1.00 l_log_likelihood=0.20 l_smoothness=2.00 
tol=2.50e-01, dt=5.00e-02, exp_k=20.0, momentum=0.90, levels=6, niter=500, lbl_dist=10.00, avgs=0, sigma=2.0,type=2, relabel=0, neg=yes

blurring input image with Gaussian with sigma=2.000...
GCAMRegisterLevel(): init RMS 0.438178
#FOTS# QuadFit found better minimum quadopt=(dt=2.19835,rms=0.409204) vs oldopt=(dt=1.28,rms=0.414299)
iter 0, gcam->neg = 461
after 13 iterations, nbhd size=1, neg = 0
#GCMRL#  596 dt   2.198347 rms  0.410  6.464% neg 0  invalid 762 tFOTS 5.6580 tGradient 0.7500 tsec 12.8290
#FOTS# QuadFit found better minimum quadopt=(dt=0.064,rms=0.409677) vs oldopt=(dt=0.08,rms=0.409685)
#GCMRL#  597 dt   0.064000 rms  0.410  0.000% neg 0  invalid 762 tFOTS 6.3740 tGradient 0.8000 tsec 7.6000

#GCAMreg# pass 0 level1 0 level2 1 tsec 28.268 sigma 0.5
l_jacobian=1.00 l_label=1.00 l_log_likelihood=0.20 l_smoothness=2.00 
tol=2.50e-01, dt=5.00e-02, exp_k=20.0, momentum=0.90, levels=6, niter=500, lbl_dist=10.00, avgs=0, sigma=0.5,type=2, relabel=0, neg=yes

blurring input image with Gaussian with sigma=0.500...
GCAMRegisterLevel(): init RMS 0.410378
#FOTS# QuadFit found better minimum quadopt=(dt=0.048,rms=0.409594) vs oldopt=(dt=0.08,rms=0.40962)
#GCMRL#  599 dt   0.048000 rms  0.410  0.191% neg 0  invalid 762 tFOTS 6.0350 tGradient 0.8200 tsec 7.2710
#FOTS# QuadFit found better minimum quadopt=(dt=0.00175,rms=0.409601) vs oldopt=(dt=0.00125,rms=0.409601)
label assignment complete, 0 changed (0.00%)
GCAMregister done in 6.40528 min
Starting GCAMcomputeMaxPriorLabels()
Morphing with label term set to 0 *******************************
Starting GCAMregister()
label assignment complete, 0 changed (0.00%)
npasses = 1, nlevels = 6
#pass# 1 of 1 ************************
enabling zero nodes
setting smoothness cost coefficient to 0.008

#GCAMreg# pass 0 level1 5 level2 0 tsec 0 sigma 2
l_jacobian=1.00 l_log_likelihood=0.20 l_smoothness=0.01 
tol=2.50e-01, dt=5.00e-02, exp_k=20.0, momentum=0.90, levels=6, niter=500, lbl_dist=10.00, avgs=256, sigma=2.0,type=2, relabel=0, neg=yes

blurring input image with Gaussian with sigma=2.000...
GCAMRegisterLevel(): init RMS 0.39521

#GCAMreg# pass 0 level1 5 level2 1 tsec 13.914 sigma 0.5
l_jacobian=1.00 l_log_likelihood=0.20 l_smoothness=0.01 
tol=2.50e-01, dt=5.00e-02, exp_k=20.0, momentum=0.90, levels=6, niter=500, lbl_dist=10.00, avgs=256, sigma=0.5,type=2, relabel=0, neg=yes

blurring input image with Gaussian with sigma=0.500...
GCAMRegisterLevel(): init RMS 0.39521
setting smoothness cost coefficient to 0.031

#GCAMreg# pass 0 level1 4 level2 0 tsec 0 sigma 2
l_jacobian=1.00 l_log_likelihood=0.20 l_smoothness=0.03 
tol=2.50e-01, dt=5.00e-02, exp_k=20.0, momentum=0.90, levels=6, niter=500, lbl_dist=10.00, avgs=64, sigma=2.0,type=2, relabel=0, neg=yes

blurring input image with Gaussian with sigma=2.000...
GCAMRegisterLevel(): init RMS 0.395387

#GCAMreg# pass 0 level1 4 level2 1 tsec 13.323 sigma 0.5
l_jacobian=1.00 l_log_likelihood=0.20 l_smoothness=0.03 
tol=2.50e-01, dt=5.00e-02, exp_k=20.0, momentum=0.90, levels=6, niter=500, lbl_dist=10.00, avgs=64, sigma=0.5,type=2, relabel=0, neg=yes

blurring input image with Gaussian with sigma=0.500...
GCAMRegisterLevel(): init RMS 0.395387
#FOTS# QuadFit found better minimum quadopt=(dt=9.072,rms=0.395378) vs oldopt=(dt=6.48,rms=0.39538)
#GCMRL#  604 dt   9.072000 rms  0.395  0.002% neg 0  invalid 762 tFOTS 5.5810 tGradient 1.3160 tsec 7.3050
#GCMRL#  605 dt   6.480000 rms  0.395  0.000% neg 0  invalid 762 tFOTS 5.3900 tGradient 1.3390 tsec 7.1520
setting smoothness cost coefficient to 0.118

#GCAMreg# pass 0 level1 3 level2 0 tsec 0 sigma 2
l_jacobian=1.00 l_log_likelihood=0.20 l_smoothness=0.12 
tol=2.50e-01, dt=5.00e-02, exp_k=20.0, momentum=0.90, levels=6, niter=500, lbl_dist=10.00, avgs=16, sigma=2.0,type=2, relabel=0, neg=yes

blurring input image with Gaussian with sigma=2.000...
GCAMRegisterLevel(): init RMS 0.396046
#FOTS# QuadFit found better minimum quadopt=(dt=9.6,rms=0.395862) vs oldopt=(dt=8,rms=0.39587)
#GCMRL#  607 dt   9.600000 rms  0.396  0.046% neg 0  invalid 762 tFOTS 5.4480 tGradient 1.1970 tsec 7.0290
#FOTS# QuadFit found better minimum quadopt=(dt=6.4,rms=0.395814) vs oldopt=(dt=8,rms=0.395815)
#GCMRL#  608 dt   6.400000 rms  0.396  0.000% neg 0  invalid 762 tFOTS 5.6400 tGradient 1.1700 tsec 7.1460
#GCMRL#  609 dt   6.400000 rms  0.396  0.004% neg 0  invalid 762 tFOTS 0.0000 tGradient 1.1670 tsec 1.4870

#GCAMreg# pass 0 level1 3 level2 1 tsec 23.714 sigma 0.5
l_jacobian=1.00 l_log_likelihood=0.20 l_smoothness=0.12 
tol=2.50e-01, dt=5.00e-02, exp_k=20.0, momentum=0.90, levels=6, niter=500, lbl_dist=10.00, avgs=16, sigma=0.5,type=2, relabel=0, neg=yes

blurring input image with Gaussian with sigma=0.500...
GCAMRegisterLevel(): init RMS 0.395799
#FOTS# QuadFit found better minimum quadopt=(dt=44.8,rms=0.393911) vs oldopt=(dt=32,rms=0.394167)
#GCMRL#  611 dt  44.800000 rms  0.394  0.477% neg 0  invalid 762 tFOTS 5.7380 tGradient 1.1230 tsec 7.2650
iter 0, gcam->neg = 1
after 6 iterations, nbhd size=1, neg = 0
#GCMRL#  612 dt  32.000000 rms  0.393  0.000% neg 0  invalid 762 tFOTS 5.8210 tGradient 1.0900 tsec 10.3240
#GCMRL#  613 dt  32.000000 rms  0.393  0.137% neg 0  invalid 762 tFOTS 0.0000 tGradient 1.1330 tsec 1.4500
iter 0, gcam->neg = 2
after 0 iterations, nbhd size=0, neg = 0
#GCMRL#  614 dt  32.000000 rms  0.392  0.166% neg 0  invalid 762 tFOTS 0.0000 tGradient 1.1100 tsec 2.1260
#GCMRL#  615 dt  32.000000 rms  0.391  0.187% neg 0  invalid 762 tFOTS 0.0000 tGradient 1.1360 tsec 1.4600
iter 0, gcam->neg = 2
after 0 iterations, nbhd size=0, neg = 0
#GCMRL#  616 dt  32.000000 rms  0.391  0.142% neg 0  invalid 762 tFOTS 0.0000 tGradient 1.1290 tsec 2.1300
iter 0, gcam->neg = 10
after 13 iterations, nbhd size=1, neg = 0
#GCMRL#  617 dt  32.000000 rms  0.390  0.143% neg 0  invalid 762 tFOTS 0.0000 tGradient 1.1740 tsec 6.8880
iter 0, gcam->neg = 10
after 11 iterations, nbhd size=1, neg = 0
#GCMRL#  618 dt  32.000000 rms  0.390  0.116% neg 0  invalid 762 tFOTS 0.0000 tGradient 1.0620 tsec 5.8230
iter 0, gcam->neg = 5
after 4 iterations, nbhd size=0, neg = 0
#GCMRL#  619 dt  32.000000 rms  0.389  0.121% neg 0  invalid 762 tFOTS 0.0000 tGradient 1.0560 tsec 3.3670
iter 0, gcam->neg = 6
after 1 iterations, nbhd size=0, neg = 0
#GCMRL#  620 dt  32.000000 rms  0.389  0.092% neg 0  invalid 762 tFOTS 0.0000 tGradient 1.1280 tsec 2.4890
#GCMRL#  621 dt  32.000000 rms  0.389  0.000% neg 0  invalid 762 tFOTS 5.0110 tGradient 1.0900 tsec 6.5130
#GCMRL#  622 dt  32.000000 rms  0.389  0.021% neg 0  invalid 762 tFOTS 0.0000 tGradient 1.0290 tsec 1.3210
#GCMRL#  623 dt  32.000000 rms  0.389  0.032% neg 0  invalid 762 tFOTS 0.0000 tGradient 1.0980 tsec 1.3970
#GCMRL#  624 dt  32.000000 rms  0.388  0.042% neg 0  invalid 762 tFOTS 0.0000 tGradient 1.1280 tsec 1.4280
#GCMRL#  625 dt  32.000000 rms  0.388  0.024% neg 0  invalid 762 tFOTS 0.0000 tGradient 1.0960 tsec 1.3890
setting smoothness cost coefficient to 0.400

#GCAMreg# pass 0 level1 2 level2 0 tsec 0 sigma 2
l_jacobian=1.00 l_log_likelihood=0.20 l_smoothness=0.40 
tol=2.50e-01, dt=5.00e-02, exp_k=20.0, momentum=0.90, levels=6, niter=500, lbl_dist=10.00, avgs=4, sigma=2.0,type=2, relabel=0, neg=yes

blurring input image with Gaussian with sigma=2.000...
GCAMRegisterLevel(): init RMS 0.392362

#GCAMreg# pass 0 level1 2 level2 1 tsec 12.691 sigma 0.5
l_jacobian=1.00 l_log_likelihood=0.20 l_smoothness=0.40 
tol=2.50e-01, dt=5.00e-02, exp_k=20.0, momentum=0.90, levels=6, niter=500, lbl_dist=10.00, avgs=4, sigma=0.5,type=2, relabel=0, neg=yes

blurring input image with Gaussian with sigma=0.500...
GCAMRegisterLevel(): init RMS 0.392362
#FOTS# QuadFit found better minimum quadopt=(dt=6,rms=0.392223) vs oldopt=(dt=2.88,rms=0.392249)
#GCMRL#  628 dt   6.000000 rms  0.392  0.036% neg 0  invalid 762 tFOTS 5.0960 tGradient 1.1150 tsec 6.6040
#FOTS# QuadFit found better minimum quadopt=(dt=4.032,rms=0.39215) vs oldopt=(dt=2.88,rms=0.392164)
#GCMRL#  629 dt   4.032000 rms  0.392  0.000% neg 0  invalid 762 tFOTS 5.0450 tGradient 1.0740 tsec 6.5230
#GCMRL#  630 dt   4.032000 rms  0.392  0.016% neg 0  invalid 762 tFOTS 0.0000 tGradient 0.9820 tsec 1.2810
#GCMRL#  631 dt   4.032000 rms  0.392  0.014% neg 0  invalid 762 tFOTS 0.0000 tGradient 1.0200 tsec 1.3400
iter 0, gcam->neg = 2
after 5 iterations, nbhd size=0, neg = 0
setting smoothness cost coefficient to 1.000

#GCAMreg# pass 0 level1 1 level2 0 tsec 0 sigma 2
l_jacobian=1.00 l_log_likelihood=0.20 l_smoothness=1.00 
tol=2.50e-01, dt=5.00e-02, exp_k=20.0, momentum=0.90, levels=6, niter=500, lbl_dist=10.00, avgs=1, sigma=2.0,type=2, relabel=0, neg=yes

blurring input image with Gaussian with sigma=2.000...
GCAMRegisterLevel(): init RMS 0.398628

#GCAMreg# pass 0 level1 1 level2 1 tsec 12.403 sigma 0.5
l_jacobian=1.00 l_log_likelihood=0.20 l_smoothness=1.00 
tol=2.50e-01, dt=5.00e-02, exp_k=20.0, momentum=0.90, levels=6, niter=500, lbl_dist=10.00, avgs=1, sigma=0.5,type=2, relabel=0, neg=yes

blurring input image with Gaussian with sigma=0.500...
GCAMRegisterLevel(): init RMS 0.398628
resetting metric properties...
setting smoothness cost coefficient to 2.000

#GCAMreg# pass 0 level1 0 level2 0 tsec 0 sigma 2
l_jacobian=1.00 l_log_likelihood=0.20 l_smoothness=2.00 
tol=2.50e-01, dt=5.00e-02, exp_k=20.0, momentum=0.90, levels=6, niter=500, lbl_dist=10.00, avgs=0, sigma=2.0,type=2, relabel=0, neg=yes

blurring input image with Gaussian with sigma=2.000...
GCAMRegisterLevel(): init RMS 0.387573
#FOTS# QuadFit found better minimum quadopt=(dt=1.28511,rms=0.378259) vs oldopt=(dt=1.28,rms=0.378261)
iter 0, gcam->neg = 401
after 14 iterations, nbhd size=1, neg = 0
#GCMRL#  635 dt   1.285106 rms  0.379  2.124% neg 0  invalid 762 tFOTS 5.6220 tGradient 0.3360 tsec 12.1090
#GCMRL#  636 dt   0.000020 rms  0.379  0.000% neg 0  invalid 762 tFOTS 6.6550 tGradient 0.3030 tsec 7.3530

#GCAMreg# pass 0 level1 0 level2 1 tsec 26.701 sigma 0.5
l_jacobian=1.00 l_log_likelihood=0.20 l_smoothness=2.00 
tol=2.50e-01, dt=5.00e-02, exp_k=20.0, momentum=0.90, levels=6, niter=500, lbl_dist=10.00, avgs=0, sigma=0.5,type=2, relabel=0, neg=yes

blurring input image with Gaussian with sigma=0.500...
GCAMRegisterLevel(): init RMS 0.379339
#FOTS# QuadFit found better minimum quadopt=(dt=0.064,rms=0.379252) vs oldopt=(dt=0.08,rms=0.379254)
#GCMRL#  638 dt   0.064000 rms  0.379  0.023% neg 0  invalid 762 tFOTS 5.0350 tGradient 0.3440 tsec 5.7230
#FOTS# QuadFit found better minimum quadopt=(dt=0.028,rms=0.379237) vs oldopt=(dt=0.02,rms=0.379239)
#GCMRL#  639 dt   0.028000 rms  0.379  0.000% neg 0  invalid 762 tFOTS 5.3170 tGradient 0.3610 tsec 6.0640
#GCMRL#  640 dt   0.028000 rms  0.379  0.001% neg 0  invalid 762 tFOTS 0.0000 tGradient 0.3470 tsec 0.7120
GCAMregister done in 3.83863 min
writing output transformation to transforms/talairach.m3z...
GCAMwrite
Calls to gcamLogLikelihoodEnergy 4455 tmin = 1.70023
Calls to gcamLabelEnergy         4008 tmin = 1.3173
Calls to gcamJacobianEnergy      4455 tmin = 1.75383
Calls to gcamSmoothnessEnergy    4455 tmin = 4.81423
Calls to gcamLogLikelihoodTerm 642 tmin = 0.635933
Calls to gcamLabelTerm         601 tmin = 5.98298
Calls to gcamJacobianTerm      642 tmin = 1.26428
Calls to gcamSmoothnessTerm    642 tmin = 0.45995
Calls to gcamComputeGradient    642 tmin = 19.0956
Calls to gcamComputeMetricProperties    6131 tmin = 2.92963
mri_ca_register took 0 hours, 47 minutes and 40 seconds.
#VMPC# mri_ca_register VmPeak  3822688
FSRUNTIME@ mri_ca_register  0.7945 hours 16 threads
#--------------------------------------
#@# SubCort Seg Tue Mar 10 07:54:54 CET 2026

 mri_ca_label -relabel_unlikely 9 .3 -prior 0.5 -align norm.mgz transforms/talairach.m3z /opt/freesurfer/average/RB_all_2020-01-02.gca aseg.auto_noCCseg.mgz 

sysname  Linux
hostname dna087
machine  x86_64

setenv SUBJECTS_DIR /out/sourcedata/freesurfer
cd /out/sourcedata/freesurfer/sub-v1s8x0051339_ses-1/mri
mri_ca_label -relabel_unlikely 9 .3 -prior 0.5 -align norm.mgz transforms/talairach.m3z /opt/freesurfer/average/RB_all_2020-01-02.gca aseg.auto_noCCseg.mgz 

relabeling unlikely voxels with window_size = 9 and prior threshold 0.30
using Gibbs prior factor = 0.500
renormalizing sequences with structure alignment, equivalent to:
	-renormalize
	-renormalize_mean 0.500
	-regularize 0.500

== Number of threads available to for OpenMP = 16 == 
reading 1 input volumes
reading classifier array from /opt/freesurfer/average/RB_all_2020-01-02.gca
reading input volume from norm.mgz
average std[0] = 7.2
reading transform from transforms/talairach.m3z
setting orig areas to linear transform determinant scaled 7.24
Atlas used for the 3D morph was /opt/freesurfer/average/RB_all_2020-01-02.gca
average std = 7.2   using min determinant for regularization = 5.2
0 singular and 0 ill-conditioned covariance matrices regularized
labeling volume...
renormalizing by structure alignment....
renormalizing input #0
gca peak = 0.15521 (20)
mri peak = 0.11338 (23)
Left_Lateral_Ventricle (4): linear fit = 1.16 x + 0.0 (979 voxels, overlap=0.735)
Left_Lateral_Ventricle (4): linear fit = 1.16 x + 0.0 (979 voxels, peak = 23), gca=23.3
gca peak = 0.20380 (13)
mri peak = 0.13658 (23)
Right_Lateral_Ventricle (43): linear fit = 1.60 x + 0.0 (1621 voxels, overlap=0.376)
Right_Lateral_Ventricle (43): linear fit = 1.50 x + 0.0 (1621 voxels, peak = 21), gca=19.5
gca peak = 0.26283 (96)
mri peak = 0.16247 (101)
Right_Pallidum (52): linear fit = 1.05 x + 0.0 (708 voxels, overlap=0.782)
Right_Pallidum (52): linear fit = 1.05 x + 0.0 (708 voxels, peak = 101), gca=101.3
gca peak = 0.15814 (97)
mri peak = 0.21635 (101)
Left_Pallidum (13): linear fit = 1.04 x + 0.0 (809 voxels, overlap=0.622)
Left_Pallidum (13): linear fit = 1.04 x + 0.0 (809 voxels, peak = 101), gca=101.4
gca peak = 0.27624 (56)
mri peak = 0.10922 (68)
Right_Hippocampus (53): linear fit = 1.21 x + 0.0 (1290 voxels, overlap=0.073)
Right_Hippocampus (53): linear fit = 1.21 x + 0.0 (1290 voxels, peak = 67), gca=67.5
gca peak = 0.28723 (59)
mri peak = 0.11199 (71)
Left_Hippocampus (17): linear fit = 1.18 x + 0.0 (1134 voxels, overlap=0.017)
Left_Hippocampus (17): linear fit = 1.18 x + 0.0 (1134 voxels, peak = 70), gca=69.9
gca peak = 0.07623 (103)
mri peak = 0.11951 (107)
Right_Cerebral_White_Matter (41): linear fit = 1.04 x + 0.0 (53437 voxels, overlap=0.569)
Right_Cerebral_White_Matter (41): linear fit = 1.04 x + 0.0 (53437 voxels, peak = 108), gca=107.6
gca peak = 0.07837 (105)
mri peak = 0.10112 (110)
Left_Cerebral_White_Matter (2): linear fit = 1.04 x + 0.0 (60798 voxels, overlap=0.525)
Left_Cerebral_White_Matter (2): linear fit = 1.04 x + 0.0 (60798 voxels, peak = 110), gca=109.7
gca peak = 0.10165 (58)
mri peak = 0.05081 (66)
Left_Cerebral_Cortex (3): linear fit = 1.13 x + 0.0 (37014 voxels, overlap=0.645)
Left_Cerebral_Cortex (3): linear fit = 1.13 x + 0.0 (37014 voxels, peak = 66), gca=65.8
gca peak = 0.11113 (58)
mri peak = 0.04616 (66)
Right_Cerebral_Cortex (42): linear fit = 1.16 x + 0.0 (39770 voxels, overlap=0.461)
Right_Cerebral_Cortex (42): linear fit = 1.16 x + 0.0 (39770 voxels, peak = 68), gca=67.6
gca peak = 0.27796 (67)
mri peak = 0.12425 (82)
Right_Caudate (50): linear fit = 1.22 x + 0.0 (1167 voxels, overlap=0.021)
Right_Caudate (50): linear fit = 1.22 x + 0.0 (1167 voxels, peak = 81), gca=81.4
gca peak = 0.14473 (69)
mri peak = 0.14100 (82)
Left_Caudate (11): linear fit = 1.12 x + 0.0 (1190 voxels, overlap=0.239)
Left_Caudate (11): linear fit = 1.12 x + 0.0 (1190 voxels, peak = 78), gca=77.6
gca peak = 0.14301 (56)
mri peak = 0.05612 (71)
Left_Cerebellum_Cortex (8): linear fit = 1.25 x + 0.0 (24035 voxels, overlap=0.088)
Left_Cerebellum_Cortex (8): linear fit = 1.25 x + 0.0 (24035 voxels, peak = 70), gca=69.7
gca peak = 0.14610 (55)
mri peak = 0.07262 (71)
Right_Cerebellum_Cortex (47): linear fit = 1.26 x + 0.0 (28456 voxels, overlap=0.018)
Right_Cerebellum_Cortex (47): linear fit = 1.26 x + 0.0 (28456 voxels, peak = 70), gca=69.6
gca peak = 0.16309 (85)
mri peak = 0.06899 (89)
Left_Cerebellum_White_Matter (7): linear fit = 1.12 x + 0.0 (8907 voxels, overlap=0.563)
Left_Cerebellum_White_Matter (7): linear fit = 1.12 x + 0.0 (8907 voxels, peak = 95), gca=94.8
gca peak = 0.15172 (84)
mri peak = 0.11046 (92)
Right_Cerebellum_White_Matter (46): linear fit = 1.10 x + 0.0 (6860 voxels, overlap=0.366)
Right_Cerebellum_White_Matter (46): linear fit = 1.10 x + 0.0 (6860 voxels, peak = 92), gca=92.0
gca peak = 0.30461 (58)
mri peak = 0.12409 (71)
Left_Amygdala (18): linear fit = 1.22 x + 0.0 (756 voxels, overlap=0.053)
Left_Amygdala (18): linear fit = 1.22 x + 0.0 (756 voxels, peak = 70), gca=70.5
gca peak = 0.32293 (57)
mri peak = 0.11571 (69)
Right_Amygdala (54): linear fit = 1.24 x + 0.0 (819 voxels, overlap=0.043)
Right_Amygdala (54): linear fit = 1.24 x + 0.0 (819 voxels, peak = 70), gca=70.4
gca peak = 0.11083 (90)
mri peak = 0.08876 (95)
Left_Thalamus (10): linear fit = 1.08 x + 0.0 (5749 voxels, overlap=0.691)
Left_Thalamus (10): linear fit = 1.08 x + 0.0 (5749 voxels, peak = 97), gca=96.8
gca peak = 0.11393 (83)
mri peak = 0.07345 (93)
Right_Thalamus (49): linear fit = 1.11 x + 0.0 (5343 voxels, overlap=0.697)
Right_Thalamus (49): linear fit = 1.11 x + 0.0 (5343 voxels, peak = 92), gca=91.7
gca peak = 0.08575 (81)
mri peak = 0.09183 (92)
Left_Putamen (12): linear fit = 1.12 x + 0.0 (2415 voxels, overlap=0.220)
Left_Putamen (12): linear fit = 1.12 x + 0.0 (2415 voxels, peak = 91), gca=91.1
gca peak = 0.08618 (78)
mri peak = 0.07643 (94)
Right_Putamen (51): linear fit = 1.13 x + 0.0 (2512 voxels, overlap=0.490)
Right_Putamen (51): linear fit = 1.13 x + 0.0 (2512 voxels, peak = 89), gca=88.5
gca peak = 0.08005 (78)
mri peak = 0.10413 (87)
Brain_Stem (16): linear fit = 1.08 x + 0.0 (15392 voxels, overlap=0.491)
Brain_Stem (16): linear fit = 1.08 x + 0.0 (15392 voxels, peak = 84), gca=83.9
gca peak = 0.12854 (88)
mri peak = 0.10355 (93)
Right_VentralDC (60): linear fit = 1.07 x + 0.0 (2037 voxels, overlap=0.502)
Right_VentralDC (60): linear fit = 1.07 x + 0.0 (2037 voxels, peak = 94), gca=93.7
gca peak = 0.15703 (87)
mri peak = 0.10370 (93)
Left_VentralDC (28): linear fit = 1.08 x + 0.0 (1748 voxels, overlap=0.602)
Left_VentralDC (28): linear fit = 1.08 x + 0.0 (1748 voxels, peak = 94), gca=93.5
gca peak = 0.17522 (25)
mri peak = 0.17592 (27)
gca peak = 0.17113 (14)
mri peak = 0.18127 (25)
Fourth_Ventricle (15): linear fit = 1.52 x + 0.0 (331 voxels, overlap=0.177)
Fourth_Ventricle (15): linear fit = 1.52 x + 0.0 (331 voxels, peak = 21), gca=21.4
gca peak Unknown = 0.94777 ( 0)
gca peak Left_Inf_Lat_Vent = 0.16627 (28)
gca peak Third_Ventricle = 0.17522 (25)
gca peak Fourth_Ventricle = 0.17113 (14)
gca peak CSF = 0.20346 (36)
gca peak Left_Accumbens_area = 0.70646 (62)
gca peak Left_undetermined = 1.00000 (28)
gca peak Left_vessel = 0.89917 (53)
gca peak Left_choroid_plexus = 0.11689 (35)
gca peak Right_Inf_Lat_Vent = 0.25504 (23)
gca peak Right_Accumbens_area = 0.31650 (65)
gca peak Right_vessel = 0.77268 (52)
gca peak Right_choroid_plexus = 0.13275 (38)
gca peak Fifth_Ventricle = 0.60973 (33)
gca peak WM_hypointensities = 0.11013 (77)
gca peak non_WM_hypointensities = 0.11354 (41)
gca peak Optic_Chiasm = 0.51646 (76)
not using caudate to estimate GM means
estimating mean gm scale to be 1.19 x + 0.0
estimating mean wm scale to be 1.04 x + 0.0
estimating mean csf scale to be 1.33 x + 0.0
saving intensity scales to aseg.auto_noCCseg.label_intensities.txt
renormalizing by structure alignment....
renormalizing input #0
gca peak = 0.14719 (24)
mri peak = 0.11338 (23)
Left_Lateral_Ventricle (4): linear fit = 0.98 x + 0.0 (979 voxels, overlap=0.851)
Left_Lateral_Ventricle (4): linear fit = 0.98 x + 0.0 (979 voxels, peak = 23), gca=23.4
gca peak = 0.16334 (19)
mri peak = 0.13658 (23)
Right_Lateral_Ventricle (43): linear fit = 1.03 x + 0.0 (1621 voxels, overlap=0.619)
Right_Lateral_Ventricle (43): linear fit = 1.03 x + 0.0 (1621 voxels, peak = 20), gca=19.7
gca peak = 0.21702 (101)
mri peak = 0.16247 (101)
Right_Pallidum (52): linear fit = 1.00 x + 0.0 (708 voxels, overlap=1.002)
Right_Pallidum (52): linear fit = 1.00 x + 0.0 (708 voxels, peak = 100), gca=100.5
gca peak = 0.15835 (100)
mri peak = 0.21635 (101)
Left_Pallidum (13): linear fit = 1.00 x + 0.0 (809 voxels, overlap=1.000)
Left_Pallidum (13): linear fit = 1.00 x + 0.0 (809 voxels, peak = 100), gca=99.5
gca peak = 0.27313 (67)
mri peak = 0.10922 (68)
Right_Hippocampus (53): linear fit = 0.99 x + 0.0 (1290 voxels, overlap=0.979)
Right_Hippocampus (53): linear fit = 0.99 x + 0.0 (1290 voxels, peak = 66), gca=66.0
gca peak = 0.32248 (67)
mri peak = 0.11199 (71)
Left_Hippocampus (17): linear fit = 1.00 x + 0.0 (1134 voxels, overlap=1.001)
Left_Hippocampus (17): linear fit = 1.00 x + 0.0 (1134 voxels, peak = 67), gca=67.0
gca peak = 0.07551 (108)
mri peak = 0.11951 (107)
Right_Cerebral_White_Matter (41): linear fit = 1.00 x + 0.0 (53437 voxels, overlap=0.755)
Right_Cerebral_White_Matter (41): linear fit = 1.00 x + 0.0 (53437 voxels, peak = 108), gca=108.0
gca peak = 0.07449 (109)
mri peak = 0.10112 (110)
Left_Cerebral_White_Matter (2): linear fit = 1.00 x + 0.0 (60798 voxels, overlap=0.725)
Left_Cerebral_White_Matter (2): linear fit = 1.00 x + 0.0 (60798 voxels, peak = 109), gca=109.0
gca peak = 0.08870 (66)
mri peak = 0.05081 (66)
Left_Cerebral_Cortex (3): linear fit = 0.99 x + 0.0 (37014 voxels, overlap=0.975)
Left_Cerebral_Cortex (3): linear fit = 0.99 x + 0.0 (37014 voxels, peak = 65), gca=65.0
gca peak = 0.09956 (68)
mri peak = 0.04616 (66)
Right_Cerebral_Cortex (42): linear fit = 0.99 x + 0.0 (39770 voxels, overlap=0.955)
Right_Cerebral_Cortex (42): linear fit = 0.99 x + 0.0 (39770 voxels, peak = 67), gca=67.0
gca peak = 0.20955 (81)
mri peak = 0.12425 (82)
Right_Caudate (50): linear fit = 1.01 x + 0.0 (1167 voxels, overlap=1.001)
Right_Caudate (50): linear fit = 1.01 x + 0.0 (1167 voxels, peak = 82), gca=82.2
gca peak = 0.14146 (77)
mri peak = 0.14100 (82)
Left_Caudate (11): linear fit = 1.00 x + 0.0 (1190 voxels, overlap=0.972)
Left_Caudate (11): linear fit = 1.00 x + 0.0 (1190 voxels, peak = 77), gca=77.0
gca peak = 0.11427 (69)
mri peak = 0.05612 (71)
Left_Cerebellum_Cortex (8): linear fit = 0.99 x + 0.0 (24035 voxels, overlap=0.989)
Left_Cerebellum_Cortex (8): linear fit = 0.99 x + 0.0 (24035 voxels, peak = 68), gca=68.0
gca peak = 0.12858 (70)
mri peak = 0.07262 (71)
Right_Cerebellum_Cortex (47): linear fit = 0.99 x + 0.0 (28456 voxels, overlap=0.963)
Right_Cerebellum_Cortex (47): linear fit = 0.99 x + 0.0 (28456 voxels, peak = 69), gca=69.0
gca peak = 0.14395 (94)
mri peak = 0.06899 (89)
Left_Cerebellum_White_Matter (7): linear fit = 0.99 x + 0.0 (8907 voxels, overlap=0.985)
Left_Cerebellum_White_Matter (7): linear fit = 0.99 x + 0.0 (8907 voxels, peak = 93), gca=92.6
gca peak = 0.13907 (92)
mri peak = 0.11046 (92)
Right_Cerebellum_White_Matter (46): linear fit = 1.00 x + 0.0 (6860 voxels, overlap=0.929)
Right_Cerebellum_White_Matter (46): linear fit = 1.00 x + 0.0 (6860 voxels, peak = 92), gca=91.5
gca peak = 0.28058 (69)
mri peak = 0.12409 (71)
Left_Amygdala (18): linear fit = 0.99 x + 0.0 (756 voxels, overlap=1.004)
Left_Amygdala (18): linear fit = 0.99 x + 0.0 (756 voxels, peak = 68), gca=68.0
gca peak = 0.30121 (71)
mri peak = 0.11571 (69)
Right_Amygdala (54): linear fit = 0.99 x + 0.0 (819 voxels, overlap=1.004)
Right_Amygdala (54): linear fit = 0.99 x + 0.0 (819 voxels, peak = 70), gca=69.9
gca peak = 0.10395 (95)
mri peak = 0.08876 (95)
Left_Thalamus (10): linear fit = 0.99 x + 0.0 (5749 voxels, overlap=0.916)
Left_Thalamus (10): linear fit = 0.99 x + 0.0 (5749 voxels, peak = 94), gca=93.6
gca peak = 0.10640 (89)
mri peak = 0.07345 (93)
Right_Thalamus (49): linear fit = 1.00 x + 0.0 (5343 voxels, overlap=0.965)
Right_Thalamus (49): linear fit = 1.00 x + 0.0 (5343 voxels, peak = 89), gca=88.6
gca peak = 0.07787 (86)
mri peak = 0.09183 (92)
Left_Putamen (12): linear fit = 1.01 x + 0.0 (2415 voxels, overlap=0.802)
Left_Putamen (12): linear fit = 1.01 x + 0.0 (2415 voxels, peak = 87), gca=87.3
gca peak = 0.08618 (86)
mri peak = 0.07643 (94)
Right_Putamen (51): linear fit = 1.01 x + 0.0 (2512 voxels, overlap=0.987)
Right_Putamen (51): linear fit = 1.01 x + 0.0 (2512 voxels, peak = 87), gca=87.3
gca peak = 0.08222 (84)
mri peak = 0.10413 (87)
Brain_Stem (16): linear fit = 1.00 x + 0.0 (15392 voxels, overlap=0.746)
Brain_Stem (16): linear fit = 1.00 x + 0.0 (15392 voxels, peak = 84), gca=84.0
gca peak = 0.11617 (95)
mri peak = 0.10355 (93)
Right_VentralDC (60): linear fit = 1.01 x + 0.0 (2037 voxels, overlap=0.788)
Right_VentralDC (60): linear fit = 1.01 x + 0.0 (2037 voxels, peak = 96), gca=96.4
gca peak = 0.14519 (93)
mri peak = 0.10370 (93)
Left_VentralDC (28): linear fit = 1.00 x + 0.0 (1748 voxels, overlap=0.885)
Left_VentralDC (28): linear fit = 1.00 x + 0.0 (1748 voxels, peak = 93), gca=92.5
gca peak = 0.12726 (34)
mri peak = 0.17592 (27)
gca peak = 0.15172 (19)
mri peak = 0.18127 (25)
Fourth_Ventricle (15): linear fit = 1.16 x + 0.0 (331 voxels, overlap=0.537)
Fourth_Ventricle (15): linear fit = 1.16 x + 0.0 (331 voxels, peak = 22), gca=22.1
gca peak Unknown = 0.94777 ( 0)
gca peak Left_Inf_Lat_Vent = 0.15108 (33)
gca peak Third_Ventricle = 0.12726 (34)
gca peak CSF = 0.15662 (41)
gca peak Left_Accumbens_area = 0.69747 (70)
gca peak Left_undetermined = 1.00000 (28)
gca peak Left_vessel = 0.89837 (53)
gca peak Left_choroid_plexus = 0.10623 (35)
gca peak Right_Inf_Lat_Vent = 0.26261 (28)
gca peak Right_Accumbens_area = 0.29173 (79)
gca peak Right_vessel = 0.77268 (52)
gca peak Right_choroid_plexus = 0.13289 (38)
gca peak Fifth_Ventricle = 0.77755 (42)
gca peak WM_hypointensities = 0.10110 (80)
gca peak non_WM_hypointensities = 0.08220 (43)
gca peak Optic_Chiasm = 0.51679 (76)
not using caudate to estimate GM means
estimating mean gm scale to be 0.99 x + 0.0
estimating mean wm scale to be 1.00 x + 0.0
estimating mean csf scale to be 1.06 x + 0.0
saving intensity scales to aseg.auto_noCCseg.label_intensities.txt
saving sequentially combined intensity scales to aseg.auto_noCCseg.label_intensities.txt
40857 voxels changed in iteration 0 of unlikely voxel relabeling
208 voxels changed in iteration 1 of unlikely voxel relabeling
6 voxels changed in iteration 2 of unlikely voxel relabeling
0 voxels changed in iteration 3 of unlikely voxel relabeling
38336 gm and wm labels changed (%30 to gray, %70 to white out of all changed labels)
420 hippocampal voxels changed.
0 amygdala voxels changed.
Reclassifying using Gibbs Priors
pass 1: 57449 changed. image ll: -2.094, PF=0.500
pass 2: 13417 changed. image ll: -2.094, PF=0.500
pass 3: 4055 changed.
26495 voxels changed in iteration 0 of unlikely voxel relabeling
234 voxels changed in iteration 1 of unlikely voxel relabeling
14 voxels changed in iteration 2 of unlikely voxel relabeling
0 voxels changed in iteration 3 of unlikely voxel relabeling
6864 voxels changed in iteration 0 of unlikely voxel relabeling
59 voxels changed in iteration 1 of unlikely voxel relabeling
1 voxels changed in iteration 2 of unlikely voxel relabeling
0 voxels changed in iteration 3 of unlikely voxel relabeling
5585 voxels changed in iteration 0 of unlikely voxel relabeling
34 voxels changed in iteration 1 of unlikely voxel relabeling
1 voxels changed in iteration 2 of unlikely voxel relabeling
0 voxels changed in iteration 3 of unlikely voxel relabeling
5501 voxels changed in iteration 0 of unlikely voxel relabeling
28 voxels changed in iteration 1 of unlikely voxel relabeling
0 voxels changed in iteration 2 of unlikely voxel relabeling
 !!!!!!!!! ventricle segment 0 with volume 222 above threshold 100 - not erasing !!!!!!!!!!
 !!!!!!!!! ventricle segment 2 with volume 6240 above threshold 100 - not erasing !!!!!!!!!!
 !!!!!!!!! ventricle segment 1 with volume 155 above threshold 100 - not erasing !!!!!!!!!!
 !!!!!!!!! ventricle segment 1 with volume 7452 above threshold 100 - not erasing !!!!!!!!!!
 !!!!!!!!! ventricle segment 3 with volume 139 above threshold 100 - not erasing !!!!!!!!!!
writing labeled volume to aseg.auto_noCCseg.mgz
mri_ca_label utimesec    1436.374093
mri_ca_label stimesec    3.831673
mri_ca_label ru_maxrss   2092524
mri_ca_label ru_ixrss    0
mri_ca_label ru_idrss    0
mri_ca_label ru_isrss    0
mri_ca_label ru_minflt   3579737
mri_ca_label ru_majflt   10
mri_ca_label ru_nswap    0
mri_ca_label ru_inblock  1142
mri_ca_label ru_oublock  704
mri_ca_label ru_msgsnd   0
mri_ca_label ru_msgrcv   0
mri_ca_label ru_nsignals 0
mri_ca_label ru_nvcsw    2224
mri_ca_label ru_nivcsw   1642
auto-labeling took 23 minutes and 7 seconds.
#--------------------------------------
#@# CC Seg Tue Mar 10 08:18:01 CET 2026

 mri_cc -aseg aseg.auto_noCCseg.mgz -o aseg.auto.mgz -lta /out/sourcedata/freesurfer/sub-v1s8x0051339_ses-1/mri/transforms/cc_up.lta sub-v1s8x0051339_ses-1 

will read input aseg from aseg.auto_noCCseg.mgz
writing aseg with cc labels to aseg.auto.mgz
will write lta as /out/sourcedata/freesurfer/sub-v1s8x0051339_ses-1/mri/transforms/cc_up.lta
reading aseg from /out/sourcedata/freesurfer/sub-v1s8x0051339_ses-1/mri/aseg.auto_noCCseg.mgz
reading norm from /out/sourcedata/freesurfer/sub-v1s8x0051339_ses-1/mri/norm.mgz
44621 voxels in left wm, 61112 in right wm, xrange [125, 136]
searching rotation angles z=[-13  1], y=[-6  8]
searching scale 1 Z rot -12.7  searching scale 1 Z rot -12.5  searching scale 1 Z rot -12.2  searching scale 1 Z rot -12.0  searching scale 1 Z rot -11.7  searching scale 1 Z rot -11.5  searching scale 1 Z rot -11.2  searching scale 1 Z rot -11.0  searching scale 1 Z rot -10.7  searching scale 1 Z rot -10.5  searching scale 1 Z rot -10.2  searching scale 1 Z rot -10.0  searching scale 1 Z rot -9.7  searching scale 1 Z rot -9.5  searching scale 1 Z rot -9.2  searching scale 1 Z rot -9.0  searching scale 1 Z rot -8.7  searching scale 1 Z rot -8.5  searching scale 1 Z rot -8.2  searching scale 1 Z rot -8.0  searching scale 1 Z rot -7.7  searching scale 1 Z rot -7.5  searching scale 1 Z rot -7.2  searching scale 1 Z rot -7.0  searching scale 1 Z rot -6.7  searching scale 1 Z rot -6.5  searching scale 1 Z rot -6.2  searching scale 1 Z rot -6.0  searching scale 1 Z rot -5.7  searching scale 1 Z rot -5.5  searching scale 1 Z rot -5.2  searching scale 1 Z rot -5.0  searching scale 1 Z rot -4.7  searching scale 1 Z rot -4.5  searching scale 1 Z rot -4.2  searching scale 1 Z rot -4.0  searching scale 1 Z rot -3.7  searching scale 1 Z rot -3.5  searching scale 1 Z rot -3.2  searching scale 1 Z rot -3.0  searching scale 1 Z rot -2.7  searching scale 1 Z rot -2.5  searching scale 1 Z rot -2.2  searching scale 1 Z rot -2.0  searching scale 1 Z rot -1.7  searching scale 1 Z rot -1.5  searching scale 1 Z rot -1.2  searching scale 1 Z rot -1.0  searching scale 1 Z rot -0.7  searching scale 1 Z rot -0.5  searching scale 1 Z rot -0.2  searching scale 1 Z rot 0.0  searching scale 1 Z rot 0.3  searching scale 1 Z rot 0.5  searching scale 1 Z rot 0.8  searching scale 1 Z rot 1.0  global minimum found at slice 130.3, rotations (1.23, -5.72)
final transformation (x=130.3, yr=1.229, zr=-5.721):
 0.99479   0.09969   0.02134  -12.63087;
-0.09967   0.99502  -0.00214   54.65390;
-0.02145   0.00000   0.99977   22.82015;
 0.00000   0.00000   0.00000   1.00000;
updating x range to be [125, 130] in xformed coordinates
best xformed slice 127
min_x_fornix = 132
min_x_fornix = 138
min_x_fornix = 136
min_x_fornix = 143
min_x_fornix = 137
cc center is found at 127 87 108
eigenvectors:
 0.00038  -0.00603   0.99998;
-0.08672  -0.99621  -0.00598;
 0.99623  -0.08671  -0.00090;
error in mid anterior detected - correcting...
writing aseg with callosum to /out/sourcedata/freesurfer/sub-v1s8x0051339_ses-1/mri/aseg.auto.mgz...
corpus callosum segmentation took 0.4 minutes
#VMPC# mri_cc VmPeak  555412
mri_cc done
#--------------------------------------
#@# Merge ASeg Tue Mar 10 08:18:24 CET 2026

 cp aseg.auto.mgz aseg.presurf.mgz 

#--------------------------------------------
#@# Intensity Normalization2 Tue Mar 10 08:18:24 CET 2026
/out/sourcedata/freesurfer/sub-v1s8x0051339_ses-1/mri

 mri_normalize -seed 1234 -mprage -aseg aseg.presurf.mgz -mask brainmask.mgz norm.mgz brain.mgz 

setting seed for random number genererator to 1234
assuming input volume is MGH (Van der Kouwe) MP-RAGE
using segmentation for initial intensity normalization
using MR volume brainmask.mgz to mask input volume...
reading mri_src from norm.mgz...
Reading aseg aseg.presurf.mgz
normalizing image...
NOT doing gentle normalization with control points/label
processing with aseg
removing outliers in the aseg WM...
266 control points removed
Building bias image
building Voronoi diagram...
performing soap bubble smoothing, sigma = 0...
Smoothing with sigma 8
Applying bias correction
building Voronoi diagram...
performing soap bubble smoothing, sigma = 8...

Iterating 2 times
---------------------------------
3d normalization pass 1 of 2
white matter peak found at 110
white matter peak found at 110
gm peak at 75 (75), valley at 34 (34)
csf peak at 38, setting threshold to 62
building Voronoi diagram...
performing soap bubble smoothing, sigma = 8...
---------------------------------
3d normalization pass 2 of 2
white matter peak found at 110
white matter peak found at 110
gm peak at 76 (76), valley at 35 (35)
csf peak at 38, setting threshold to 63
building Voronoi diagram...
performing soap bubble smoothing, sigma = 8...
Done iterating ---------------------------------
writing output to brain.mgz
3D bias adjustment took 1 minutes and 35 seconds.
#--------------------------------------------
#@# Mask BFS Tue Mar 10 08:20:00 CET 2026
/out/sourcedata/freesurfer/sub-v1s8x0051339_ses-1/mri

 mri_mask -T 5 brain.mgz brainmask.mgz brain.finalsurfs.mgz 

threshold mask volume at 5
DoAbs = 0
Found 1643106 voxels in mask (pct=  9.79)
Writing masked volume to brain.finalsurfs.mgz...done.
#--------------------------------------------
#@# WM Segmentation Tue Mar 10 08:20:00 CET 2026

 AntsDenoiseImageFs -i brain.mgz -o antsdn.brain.mgz 


 mri_segment -wsizemm 13 -mprage antsdn.brain.mgz wm.seg.mgz 

wsizemm = 13, voxres = 1, wsize = 13
Widening wm low from 89 to 79
assuming input volume is MGH (Van der Kouwe) MP-RAGE
wm mean:  110
wsize:    13
wm low:   79
wm hi:    125
gray low: 30
gray hi:  99
Doing initial trinary intensity segmentation 
Using local statistics to label ambiguous voxels
Autodetecting stats
Computing class statistics for intensity windows...
CCS WM (102.0): 102.1 +- 6.3 [79.0 --> 125.0]
CCS GM (77.0) : 76.1 +- 10.0 [30.0 --> 95.0]
 white_mean 102.057
 white_sigma 6.26443
 gray_mean 76.0666
 gray_sigma 10.0383
setting bottom of white matter range wm_low to 86.1
setting top of gray matter range gray_hi to 96.1
 wm_low 86.1049
 wm_hi  125
 gray_low 30
 gray_hi  96.1431
Redoing initial intensity segmentation...
Recomputing local statistics to label ambiguous voxels...
 wm_low 86.1049
 wm_hi  125
 gray_low 30
 gray_hi  96.1431
using local geometry to label remaining ambiguous voxels...
polvwsize = 5, polvlen = 3, gray_hi = 96.1431, wm_low = 86.1049
MRIcpolvMedianCurveSegment(): wsize=5, len=3, gmhi=96.1431, wmlow=86.1049
    137815 voxels processed (0.82%)
     64179 voxels white (0.38%)
     73636 voxels non-white (0.44%)

Reclassifying voxels using Gaussian border classifier niter=1
MRIreclassify(): wm_low=81.1049, gray_hi=96.1431, wsize=13
    289143 voxels tested (1.72%)
     52259 voxels changed (0.31%)
     58383 multi-scale searches  (0.35%)
Recovering bright white
MRIrecoverBrightWhite()
 wm_low 86.1049
 wm_hi 125
 slack 6.26443
 pct_thresh 0.33
 intensity_thresh 131.264
 nvox_thresh 8.58
       52 voxels tested (0.00%)
       25 voxels changed (0.00%)

removing voxels with positive offset direction...
MRIremoveWrongDirection() wsize=3, lowthr=81.1049, hithr=96.1431
  smoothing input volume with sigma = 0.250
   104777 voxels tested (0.62%)
    17655 voxels changed (0.11%)
thicken = 1
removing 1-dimensional structures...
MRIremove1dStructures(): max_iter=10000, thresh=2, WM_MIN_VAL=5
 2607 sparsely connected voxels removed in 1 iterations
thickening thin strands....
thickness 4
nsegments 20
wm_hi 125
1650 diagonally connected voxels added...
MRIthickenThinWMStrands(): thickness=4, nsegments=20
  20 segments, 5455 filled
MRIfindBrightNonWM(): 263 bright non-wm voxels segmented.
MRIfilterMorphology() WM_MIN_VAL=5, DIAGONAL_FILL=230
white matter segmentation took 0.8 minutes
writing output to wm.seg.mgz...

 mri_edit_wm_with_aseg -keep-in wm.seg.mgz brain.mgz aseg.presurf.mgz wm.asegedit.mgz 

preserving editing changes in input volume...
auto filling took 0.34 minutes
reading wm segmentation from wm.seg.mgz...
0 voxels added to wm to prevent paths from MTL structures to cortex
3023 additional wm voxels added
0 additional wm voxels added
SEG EDIT: 43644 voxels turned on, 51028 voxels turned off.
propagating editing to output volume from wm.seg.mgz
writing edited volume to wm.asegedit.mgz....

 mri_pretess wm.asegedit.mgz wm norm.mgz wm.mgz 


Iteration Number : 1
pass   1 (xy+):  24 found -  24 modified     |    TOTAL:  24
pass   2 (xy+):   0 found -  24 modified     |    TOTAL:  24
pass   1 (xy-):  11 found -  11 modified     |    TOTAL:  35
pass   2 (xy-):   0 found -  11 modified     |    TOTAL:  35
pass   1 (yz+):  23 found -  23 modified     |    TOTAL:  58
pass   2 (yz+):   0 found -  23 modified     |    TOTAL:  58
pass   1 (yz-):  11 found -  11 modified     |    TOTAL:  69
pass   2 (yz-):   0 found -  11 modified     |    TOTAL:  69
pass   1 (xz+):   8 found -   8 modified     |    TOTAL:  77
pass   2 (xz+):   0 found -   8 modified     |    TOTAL:  77
pass   1 (xz-):  15 found -  15 modified     |    TOTAL:  92
pass   2 (xz-):   0 found -  15 modified     |    TOTAL:  92
Iteration Number : 1
pass   1 (+++):   4 found -   4 modified     |    TOTAL:   4
pass   2 (+++):   0 found -   4 modified     |    TOTAL:   4
pass   1 (+++):  11 found -  11 modified     |    TOTAL:  15
pass   2 (+++):   0 found -  11 modified     |    TOTAL:  15
pass   1 (+++):   2 found -   2 modified     |    TOTAL:  17
pass   2 (+++):   0 found -   2 modified     |    TOTAL:  17
pass   1 (+++):   9 found -   9 modified     |    TOTAL:  26
pass   2 (+++):   0 found -   9 modified     |    TOTAL:  26
Iteration Number : 1
pass   1 (++):  39 found -  39 modified     |    TOTAL:  39
pass   2 (++):   0 found -  39 modified     |    TOTAL:  39
pass   1 (+-):  27 found -  27 modified     |    TOTAL:  66
pass   2 (+-):   0 found -  27 modified     |    TOTAL:  66
pass   1 (--):  39 found -  39 modified     |    TOTAL: 105
pass   2 (--):   0 found -  39 modified     |    TOTAL: 105
pass   1 (-+):  23 found -  23 modified     |    TOTAL: 128
pass   2 (-+):   0 found -  23 modified     |    TOTAL: 128
Iteration Number : 2
pass   1 (xy+):   5 found -   5 modified     |    TOTAL:   5
pass   2 (xy+):   0 found -   5 modified     |    TOTAL:   5
pass   1 (xy-):   1 found -   1 modified     |    TOTAL:   6
pass   2 (xy-):   0 found -   1 modified     |    TOTAL:   6
pass   1 (yz+):   2 found -   2 modified     |    TOTAL:   8
pass   2 (yz+):   0 found -   2 modified     |    TOTAL:   8
pass   1 (yz-):   0 found -   0 modified     |    TOTAL:   8
pass   1 (xz+):   1 found -   1 modified     |    TOTAL:   9
pass   2 (xz+):   0 found -   1 modified     |    TOTAL:   9
pass   1 (xz-):   2 found -   2 modified     |    TOTAL:  11
pass   2 (xz-):   0 found -   2 modified     |    TOTAL:  11
Iteration Number : 2
pass   1 (+++):   0 found -   0 modified     |    TOTAL:   0
pass   1 (+++):   0 found -   0 modified     |    TOTAL:   0
pass   1 (+++):   0 found -   0 modified     |    TOTAL:   0
pass   1 (+++):   0 found -   0 modified     |    TOTAL:   0
Iteration Number : 2
pass   1 (++):   0 found -   0 modified     |    TOTAL:   0
pass   1 (+-):   1 found -   1 modified     |    TOTAL:   1
pass   2 (+-):   0 found -   1 modified     |    TOTAL:   1
pass   1 (--):   0 found -   0 modified     |    TOTAL:   1
pass   1 (-+):   2 found -   2 modified     |    TOTAL:   3
pass   2 (-+):   0 found -   2 modified     |    TOTAL:   3
Iteration Number : 3
pass   1 (xy+):   0 found -   0 modified     |    TOTAL:   0
pass   1 (xy-):   0 found -   0 modified     |    TOTAL:   0
pass   1 (yz+):   0 found -   0 modified     |    TOTAL:   0
pass   1 (yz-):   0 found -   0 modified     |    TOTAL:   0
pass   1 (xz+):   0 found -   0 modified     |    TOTAL:   0
pass   1 (xz-):   0 found -   0 modified     |    TOTAL:   0
Iteration Number : 3
pass   1 (+++):   0 found -   0 modified     |    TOTAL:   0
pass   1 (+++):   0 found -   0 modified     |    TOTAL:   0
pass   1 (+++):   0 found -   0 modified     |    TOTAL:   0
pass   1 (+++):   0 found -   0 modified     |    TOTAL:   0
Iteration Number : 3
pass   1 (++):   0 found -   0 modified     |    TOTAL:   0
pass   1 (+-):   0 found -   0 modified     |    TOTAL:   0
pass   1 (--):   0 found -   0 modified     |    TOTAL:   0
pass   1 (-+):   0 found -   0 modified     |    TOTAL:   0

Total Number of Modified Voxels = 260 (out of 662581: 0.039240)
binarizing input wm segmentation...
Ambiguous edge configurations... 

mri_pretess done

#--------------------------------------------
#@# Fill Tue Mar 10 08:21:40 CET 2026
/out/sourcedata/freesurfer/sub-v1s8x0051339_ses-1/mri

 mri_fill -a ../scripts/ponscc.cut.log -xform transforms/talairach.lta -segmentation aseg.presurf.mgz -ctab /opt/freesurfer/SubCorticalMassLUT.txt wm.mgz filled.mgz 

logging cutting plane coordinates to ../scripts/ponscc.cut.log...
INFO: Using transforms/talairach.lta and its offset for Talairach volume ...
using segmentation aseg.presurf.mgz...
reading input volume...done.
searching for cutting planes...voxel to talairach voxel transform
 0.99211   0.12135   0.05403  -20.34843;
-0.11551   1.11527   0.24985  -0.86348;
-0.02708  -0.19678   0.94135   25.74785;
 0.00000   0.00000   0.00000   1.00000;
voxel to talairach voxel transform
 0.99211   0.12135   0.05403  -20.34843;
-0.11551   1.11527   0.24985  -0.86348;
-0.02708  -0.19678   0.94135   25.74785;
 0.00000   0.00000   0.00000   1.00000;
reading segmented volume aseg.presurf.mgz
removing CC from segmentation
Looking for area (min, max) = (350, 1400)
area[0] = 1358 (min = 350, max = 1400), aspect = 0.54 (min = 0.10, max = 0.75)
no need to search
using seed (126, 118, 154), TAL = (2.0, 26.0, 10.0)
talairach voxel to voxel transform
 0.99407  -0.11294  -0.02708   20.82749;
 0.09223   0.84605  -0.22985   8.52554;
 0.04788   0.17361   1.01347  -24.97061;
 0.00000   0.00000   0.00000   1.00000;
segmentation indicates cc at (126,  118,  154) --> (2.0, 26.0, 10.0)
done.
filling took 0.6 minutes
talairach cc position changed to (2.00, 26.00, 10.00)
Erasing brainstem...done.
seed_search_size = 9, min_neighbors = 5
search rh wm seed point around talairach space:(20.00, 26.00, 10.00) SRC: (110.69, 82.92, 156.76)
search lh wm seed point around talairach space (-16.00, 26.00, 10.00), SRC: (146.48, 86.24, 158.48)
compute mri_fill using aseg
Erasing Brain Stem and Cerebellum ...
Define left and right masks using aseg:
Building Voronoi diagram ...
Using the Voronoi diagram for separating WM into two hemispheres ...
Find the largest connected component for each hemisphere ...
Embedding colortable
mri_fill done, writing output to filled.mgz...
 cp filled.mgz filled.auto.mgz

Started at Tue Mar 10 07:06:19 CET 2026 
Ended   at Tue Mar 10 08:22:17 CET 2026
#@#%# recon-all-run-time-hours 1.266
recon-all -s sub-v1s8x0051339_ses-1 finished without error at Tue Mar 10 08:22:17 CET 2026



#New# invocation of recon-all 




Tue Mar 10 09:02:08 CET 2026
cd /out/sourcedata/freesurfer/sub-v1s8x0051339_ses-1
setenv SUBJECTS_DIR /out/sourcedata/freesurfer
/opt/freesurfer/bin/recon-all -parallel -subjid sub-v1s8x0051339_ses-1 -sd /out/sourcedata/freesurfer -cortribbon

subjid sub-v1s8x0051339_ses-1
setenv SUBJECTS_DIR /out/sourcedata/freesurfer
FREESURFER_HOME /opt/freesurfer
Actual FREESURFER_HOME /opt/freesurfer
build-stamp.txt: freesurfer-linux-ubuntu22_x86_64-7.3.2-20220804-6354275
Linux dna087 5.14.0-427.37.1.el9_4.x86_64 #1 SMP PREEMPT_DYNAMIC Fri Sep 13 12:41:50 EDT 2024 x86_64 x86_64 x86_64 GNU/Linux
cputime      unlimited
filesize     unlimited
datasize     unlimited
stacksize    8192 kbytes
coredumpsize 0 kbytes
memoryuse    67108864 kbytes
vmemoryuse   unlimited
descriptors  1024 
memorylocked unlimited
maxproc      2061970 
maxlocks     unlimited
maxsignal    2062029 
maxmessage   819200 
maxnice      0 
maxrtprio    0 
maxrttime    unlimited

               total        used        free      shared  buff/cache   available
Mem:           503Gi        45Gi       403Gi        21Gi        54Gi       432Gi
Swap:             0B          0B          0B

########################################
program versions used
7.3.2 (freesurfer-linux-ubuntu22_x86_64-7.3.2-20220804-6354275)
7.3.2

ProgramName: lta_convert  ProgramArguments: lta_convert -all-info  ProgramVersion: 7.3.2  TimeStamp: 2026/03/10-08:02:08-GMT  BuildTime: Aug  4 2022 06:17:15  BuildStamp: freesurfer-linux-ubuntu22_x86_64-7.3.2-20220804-6354275  User: oesteban  Machine: dna087  Platform: Linux  PlatformVersion: 5.14.0-427.37.1.el9_4.x86_64  CompilerName: GCC  CompilerVersion: 8.4.0
ProgramName: mri_and  ProgramArguments: mri_and -all-info  ProgramVersion: 7.3.2  TimeStamp: 2026/03/10-08:02:08-GMT  BuildTime: Aug  4 2022 06:17:15  BuildStamp: freesurfer-linux-ubuntu22_x86_64-7.3.2-20220804-6354275  User: oesteban  Machine: dna087  Platform: Linux  PlatformVersion: 5.14.0-427.37.1.el9_4.x86_64  CompilerName: GCC  CompilerVersion: 8.4.0
ProgramName: mri_annotation2label  ProgramArguments: mri_annotation2label -all-info  ProgramVersion: 7.3.2  TimeStamp: 2026/03/10-08:02:08-GMT  BuildTime: Aug  4 2022 06:17:15  BuildStamp: freesurfer-linux-ubuntu22_x86_64-7.3.2-20220804-6354275  User: oesteban  Machine: dna087  Platform: Linux  PlatformVersion: 5.14.0-427.37.1.el9_4.x86_64  CompilerName: GCC  CompilerVersion: 8.4.0
ProgramName: mri_aparc2aseg  ProgramArguments: mri_aparc2aseg -all-info  ProgramVersion: 7.3.2  TimeStamp: 2026/03/10-08:02:08-GMT  BuildTime: Aug  4 2022 06:17:15  BuildStamp: freesurfer-linux-ubuntu22_x86_64-7.3.2-20220804-6354275  User: oesteban  Machine: dna087  Platform: Linux  PlatformVersion: 5.14.0-427.37.1.el9_4.x86_64  CompilerName: GCC  CompilerVersion: 8.4.0
ProgramName: mri_surf2volseg  ProgramArguments: mri_surf2volseg -all-info  ProgramVersion: 7.3.2  TimeStamp: 2026/03/10-08:02:08-GMT  BuildTime: Aug  4 2022 06:17:15  BuildStamp: freesurfer-linux-ubuntu22_x86_64-7.3.2-20220804-6354275  User: oesteban  Machine: dna087  Platform: Linux  PlatformVersion: 5.14.0-427.37.1.el9_4.x86_64  CompilerName: GCC  CompilerVersion: 8.4.0
ProgramName: mri_binarize  ProgramArguments: mri_binarize -all-info  ProgramVersion: 7.3.2  TimeStamp: 2026/03/10-08:02:08-GMT  BuildTime: Aug  4 2022 06:17:15  BuildStamp: freesurfer-linux-ubuntu22_x86_64-7.3.2-20220804-6354275  User: oesteban  Machine: dna087  Platform: Linux  PlatformVersion: 5.14.0-427.37.1.el9_4.x86_64  CompilerName: GCC  CompilerVersion: 8.4.0
ProgramName: mri_ca_label  ProgramArguments: mri_ca_label -all-info  ProgramVersion: 7.3.2  TimeStamp: 2026/03/10-08:02:08-GMT  BuildTime: Aug  4 2022 06:17:15  BuildStamp: freesurfer-linux-ubuntu22_x86_64-7.3.2-20220804-6354275  User: oesteban  Machine: dna087  Platform: Linux  PlatformVersion: 5.14.0-427.37.1.el9_4.x86_64  CompilerName: GCC  CompilerVersion: 8.4.0
ProgramName: mri_ca_normalize  ProgramArguments: mri_ca_normalize -all-info  ProgramVersion: 7.3.2  TimeStamp: 2026/03/10-08:02:08-GMT  BuildTime: Aug  4 2022 06:17:15  BuildStamp: freesurfer-linux-ubuntu22_x86_64-7.3.2-20220804-6354275  User: oesteban  Machine: dna087  Platform: Linux  PlatformVersion: 5.14.0-427.37.1.el9_4.x86_64  CompilerName: GCC  CompilerVersion: 8.4.0
ProgramName: mri_ca_register  ProgramArguments: mri_ca_register -all-info  ProgramVersion: 7.3.2  TimeStamp: 2026/03/10-08:02:08-GMT  BuildTime: Aug  4 2022 06:17:15  BuildStamp: freesurfer-linux-ubuntu22_x86_64-7.3.2-20220804-6354275  User: oesteban  Machine: dna087  Platform: Linux  PlatformVersion: 5.14.0-427.37.1.el9_4.x86_64  CompilerName: GCC  CompilerVersion: 8.4.0
ProgramName: mri_cc  ProgramArguments: mri_cc -all-info  ProgramVersion: 7.3.2  TimeStamp: 2026/03/10-08:02:08-GMT  BuildTime: Aug  4 2022 06:17:15  BuildStamp: freesurfer-linux-ubuntu22_x86_64-7.3.2-20220804-6354275  User: oesteban  Machine: dna087  Platform: Linux  PlatformVersion: 5.14.0-427.37.1.el9_4.x86_64  CompilerName: GCC  CompilerVersion: 8.4.0
ProgramName: mri_compute_overlap  ProgramArguments: mri_compute_overlap -all-info  ProgramVersion: 7.3.2  TimeStamp: 2026/03/10-08:02:08-GMT  BuildTime: Aug  4 2022 06:17:15  BuildStamp: freesurfer-linux-ubuntu22_x86_64-7.3.2-20220804-6354275  User: oesteban  Machine: dna087  Platform: Linux  PlatformVersion: 5.14.0-427.37.1.el9_4.x86_64  CompilerName: GCC  CompilerVersion: 8.4.0
ProgramName: mri_compute_seg_overlap  ProgramArguments: mri_compute_seg_overlap -all-info  ProgramVersion: 7.3.2  TimeStamp: 2026/03/10-08:02:08-GMT  BuildTime: Aug  4 2022 06:17:15  BuildStamp: freesurfer-linux-ubuntu22_x86_64-7.3.2-20220804-6354275  User: oesteban  Machine: dna087  Platform: Linux  PlatformVersion: 5.14.0-427.37.1.el9_4.x86_64  CompilerName: GCC  CompilerVersion: 8.4.0
ProgramName: mri_concat  ProgramArguments: mri_concat -all-info  ProgramVersion: 7.3.2  TimeStamp: 2026/03/10-08:02:08-GMT  BuildTime: Aug  4 2022 06:17:15  BuildStamp: freesurfer-linux-ubuntu22_x86_64-7.3.2-20220804-6354275  User: oesteban  Machine: dna087  Platform: Linux  PlatformVersion: 5.14.0-427.37.1.el9_4.x86_64  CompilerName: GCC  CompilerVersion: 8.4.0
ProgramName: mri_concatenate_lta  ProgramArguments: mri_concatenate_lta -all-info  ProgramVersion: 7.3.2  TimeStamp: 2026/03/10-08:02:08-GMT  BuildTime: Aug  4 2022 06:17:15  BuildStamp: freesurfer-linux-ubuntu22_x86_64-7.3.2-20220804-6354275  User: oesteban  Machine: dna087  Platform: Linux  PlatformVersion: 5.14.0-427.37.1.el9_4.x86_64  CompilerName: GCC  CompilerVersion: 8.4.0
mri_convert -all-info 
ProgramName: mri_convert  ProgramArguments: mri_convert -all-info  ProgramVersion: 7.3.2  TimeStamp: 2026/03/10-08:02:08-GMT  BuildTime: Aug  4 2022 06:17:15  BuildStamp: freesurfer-linux-ubuntu22_x86_64-7.3.2-20220804-6354275  User: oesteban  Machine: dna087  Platform: Linux  PlatformVersion: 5.14.0-427.37.1.el9_4.x86_64  CompilerName: GCC  CompilerVersion: 8.4.0
ProgramName: mri_diff  ProgramArguments: mri_diff -all-info  ProgramVersion: 7.3.2  TimeStamp: 2026/03/10-08:02:08-GMT  BuildTime: Aug  4 2022 06:17:15  BuildStamp: freesurfer-linux-ubuntu22_x86_64-7.3.2-20220804-6354275  User: oesteban  Machine: dna087  Platform: Linux  PlatformVersion: 5.14.0-427.37.1.el9_4.x86_64  CompilerName: GCC  CompilerVersion: 8.4.0
ProgramName: mri_edit_wm_with_aseg  ProgramArguments: mri_edit_wm_with_aseg -all-info  ProgramVersion: 7.3.2  TimeStamp: 2026/03/10-08:02:08-GMT  BuildTime: Aug  4 2022 06:17:15  BuildStamp: freesurfer-linux-ubuntu22_x86_64-7.3.2-20220804-6354275  User: oesteban  Machine: dna087  Platform: Linux  PlatformVersion: 5.14.0-427.37.1.el9_4.x86_64  CompilerName: GCC  CompilerVersion: 8.4.0
ProgramName: mri_em_register  ProgramArguments: mri_em_register -all-info  ProgramVersion: 7.3.2  TimeStamp: 2026/03/10-08:02:08-GMT  BuildTime: Aug  4 2022 06:17:15  BuildStamp: freesurfer-linux-ubuntu22_x86_64-7.3.2-20220804-6354275  User: oesteban  Machine: dna087  Platform: Linux  PlatformVersion: 5.14.0-427.37.1.el9_4.x86_64  CompilerName: GCC  CompilerVersion: 8.4.0
ProgramName: mri_fill  ProgramArguments: mri_fill -all-info  ProgramVersion: 7.3.2  TimeStamp: 2026/03/10-08:02:08-GMT  BuildTime: Aug  4 2022 06:17:15  BuildStamp: freesurfer-linux-ubuntu22_x86_64-7.3.2-20220804-6354275  User: oesteban  Machine: dna087  Platform: Linux  PlatformVersion: 5.14.0-427.37.1.el9_4.x86_64  CompilerName: GCC  CompilerVersion: 8.4.0
ProgramName: mri_fuse_segmentations  ProgramArguments: mri_fuse_segmentations -all-info  ProgramVersion: 7.3.2  TimeStamp: 2026/03/10-08:02:08-GMT  BuildTime: Aug  4 2022 06:17:15  BuildStamp: freesurfer-linux-ubuntu22_x86_64-7.3.2-20220804-6354275  User: oesteban  Machine: dna087  Platform: Linux  PlatformVersion: 5.14.0-427.37.1.el9_4.x86_64  CompilerName: GCC  CompilerVersion: 8.4.0
ProgramName: mri_fwhm  ProgramArguments: mri_fwhm -all-info  ProgramVersion: 7.3.2  TimeStamp: 2026/03/10-08:02:08-GMT  BuildTime: Aug  4 2022 06:17:15  BuildStamp: freesurfer-linux-ubuntu22_x86_64-7.3.2-20220804-6354275  User: oesteban  Machine: dna087  Platform: Linux  PlatformVersion: 5.14.0-427.37.1.el9_4.x86_64  CompilerName: GCC  CompilerVersion: 8.4.0
ProgramName: mri_gcut  ProgramArguments: mri_gcut -all-info  ProgramVersion: 7.3.2  TimeStamp: 2026/03/10-08:02:08-GMT  BuildTime: Aug  4 2022 06:17:15  BuildStamp: freesurfer-linux-ubuntu22_x86_64-7.3.2-20220804-6354275  User: oesteban  Machine: dna087  Platform: Linux  PlatformVersion: 5.14.0-427.37.1.el9_4.x86_64  CompilerName: GCC  CompilerVersion: 8.4.0
ProgramName: mri_info  ProgramArguments: mri_info -all-info  ProgramVersion: 7.3.2  TimeStamp: 2026/03/10-08:02:08-GMT  BuildTime: Aug  4 2022 06:17:15  BuildStamp: freesurfer-linux-ubuntu22_x86_64-7.3.2-20220804-6354275  User: oesteban  Machine: dna087  Platform: Linux  PlatformVersion: 5.14.0-427.37.1.el9_4.x86_64  CompilerName: GCC  CompilerVersion: 8.4.0
ProgramName: mri_label2label  ProgramArguments: mri_label2label -all-info  ProgramVersion: 7.3.2  TimeStamp: 2026/03/10-08:02:08-GMT  BuildTime: Aug  4 2022 06:17:15  BuildStamp: freesurfer-linux-ubuntu22_x86_64-7.3.2-20220804-6354275  User: oesteban  Machine: dna087  Platform: Linux  PlatformVersion: 5.14.0-427.37.1.el9_4.x86_64  CompilerName: GCC  CompilerVersion: 8.4.0
ProgramName: mri_label2vol  ProgramArguments: mri_label2vol -all-info  ProgramVersion: 7.3.2  TimeStamp: 2026/03/10-08:02:08-GMT  BuildTime: Aug  4 2022 06:17:15  BuildStamp: freesurfer-linux-ubuntu22_x86_64-7.3.2-20220804-6354275  User: oesteban  Machine: dna087  Platform: Linux  PlatformVersion: 5.14.0-427.37.1.el9_4.x86_64  CompilerName: GCC  CompilerVersion: 8.4.0
ProgramName: mri_log_likelihood  ProgramArguments: mri_log_likelihood -all-info  ProgramVersion: 7.3.2  TimeStamp: 2026/03/10-08:02:08-GMT  BuildTime: Aug  4 2022 06:17:15  BuildStamp: freesurfer-linux-ubuntu22_x86_64-7.3.2-20220804-6354275  User: oesteban  Machine: dna087  Platform: Linux  PlatformVersion: 5.14.0-427.37.1.el9_4.x86_64  CompilerName: GCC  CompilerVersion: 8.4.0
ProgramName: mri_mask  ProgramArguments: mri_mask -all-info  ProgramVersion: 7.3.2  TimeStamp: 2026/03/10-08:02:08-GMT  BuildTime: Aug  4 2022 06:17:15  BuildStamp: freesurfer-linux-ubuntu22_x86_64-7.3.2-20220804-6354275  User: oesteban  Machine: dna087  Platform: Linux  PlatformVersion: 5.14.0-427.37.1.el9_4.x86_64  CompilerName: GCC  CompilerVersion: 8.4.0
ProgramName: mri_matrix_multiply  ProgramArguments: mri_matrix_multiply -all-info  ProgramVersion: 7.3.2  TimeStamp: 2026/03/10-08:02:08-GMT  BuildTime: Aug  4 2022 06:17:15  BuildStamp: freesurfer-linux-ubuntu22_x86_64-7.3.2-20220804-6354275  User: oesteban  Machine: dna087  Platform: Linux  PlatformVersion: 5.14.0-427.37.1.el9_4.x86_64  CompilerName: GCC  CompilerVersion: 8.4.0
ProgramName: mri_normalize  ProgramArguments: mri_normalize -all-info  ProgramVersion: 7.3.2  TimeStamp: 2026/03/10-08:02:08-GMT  BuildTime: Aug  4 2022 06:17:15  BuildStamp: freesurfer-linux-ubuntu22_x86_64-7.3.2-20220804-6354275  User: oesteban  Machine: dna087  Platform: Linux  PlatformVersion: 5.14.0-427.37.1.el9_4.x86_64  CompilerName: GCC  CompilerVersion: 8.4.0
ProgramName: mri_normalize_tp2  ProgramArguments: mri_normalize_tp2 -all-info  ProgramVersion: 7.3.2  TimeStamp: 2026/03/10-08:02:08-GMT  BuildTime: Aug  4 2022 06:17:15  BuildStamp: freesurfer-linux-ubuntu22_x86_64-7.3.2-20220804-6354275  User: oesteban  Machine: dna087  Platform: Linux  PlatformVersion: 5.14.0-427.37.1.el9_4.x86_64  CompilerName: GCC  CompilerVersion: 8.4.0
ProgramName: mri_or  ProgramArguments: mri_or -all-info  ProgramVersion: 7.3.2  TimeStamp: 2026/03/10-08:02:08-GMT  BuildTime: Aug  4 2022 06:17:15  BuildStamp: freesurfer-linux-ubuntu22_x86_64-7.3.2-20220804-6354275  User: oesteban  Machine: dna087  Platform: Linux  PlatformVersion: 5.14.0-427.37.1.el9_4.x86_64  CompilerName: GCC  CompilerVersion: 8.4.0
ProgramName: mri_relabel_hypointensities  ProgramArguments: mri_relabel_hypointensities -all-info  ProgramVersion: 7.3.2  TimeStamp: 2026/03/10-08:02:08-GMT  BuildTime: Aug  4 2022 06:17:15  BuildStamp: freesurfer-linux-ubuntu22_x86_64-7.3.2-20220804-6354275  User: oesteban  Machine: dna087  Platform: Linux  PlatformVersion: 5.14.0-427.37.1.el9_4.x86_64  CompilerName: GCC  CompilerVersion: 8.4.0
ProgramName: mri_relabel_nonwm_hypos  ProgramArguments: mri_relabel_nonwm_hypos -all-info  ProgramVersion: 7.3.2  TimeStamp: 2026/03/10-08:02:08-GMT  BuildTime: Aug  4 2022 06:17:15  BuildStamp: freesurfer-linux-ubuntu22_x86_64-7.3.2-20220804-6354275  User: oesteban  Machine: dna087  Platform: Linux  PlatformVersion: 5.14.0-427.37.1.el9_4.x86_64  CompilerName: GCC  CompilerVersion: 8.4.0
ProgramName: mri_remove_neck  ProgramArguments: mri_remove_neck -all-info  ProgramVersion: 7.3.2  TimeStamp: 2026/03/10-08:02:08-GMT  BuildTime: Aug  4 2022 06:17:15  BuildStamp: freesurfer-linux-ubuntu22_x86_64-7.3.2-20220804-6354275  User: oesteban  Machine: dna087  Platform: Linux  PlatformVersion: 5.14.0-427.37.1.el9_4.x86_64  CompilerName: GCC  CompilerVersion: 8.4.0
7.3.2

ProgramName: mri_robust_register  ProgramArguments: mri_robust_register -all-info  ProgramVersion: 7.3.2  TimeStamp: 2026/03/10-08:02:08-GMT  BuildTime: Aug  4 2022 06:17:15  BuildStamp: freesurfer-linux-ubuntu22_x86_64-7.3.2-20220804-6354275  User: oesteban  Machine: dna087  Platform: Linux  PlatformVersion: 5.14.0-427.37.1.el9_4.x86_64  CompilerName: GCC  CompilerVersion: 8.4.0
7.3.2

ProgramName: mri_robust_template  ProgramArguments: mri_robust_template -all-info  ProgramVersion: 7.3.2  TimeStamp: 2026/03/10-08:02:08-GMT  BuildTime: Aug  4 2022 06:17:15  BuildStamp: freesurfer-linux-ubuntu22_x86_64-7.3.2-20220804-6354275  User: oesteban  Machine: dna087  Platform: Linux  PlatformVersion: 5.14.0-427.37.1.el9_4.x86_64  CompilerName: GCC  CompilerVersion: 8.4.0
ProgramName: mris_anatomical_stats  ProgramArguments: mris_anatomical_stats -all-info  ProgramVersion: 7.3.2  TimeStamp: 2026/03/10-08:02:08-GMT  BuildTime: Aug  4 2022 06:17:15  BuildStamp: freesurfer-linux-ubuntu22_x86_64-7.3.2-20220804-6354275  User: oesteban  Machine: dna087  Platform: Linux  PlatformVersion: 5.14.0-427.37.1.el9_4.x86_64  CompilerName: GCC  CompilerVersion: 8.4.0
ProgramName: mris_ca_label  ProgramArguments: mris_ca_label -all-info  ProgramVersion: 7.3.2  TimeStamp: 2026/03/10-08:02:08-GMT  BuildTime: Aug  4 2022 06:17:15  BuildStamp: freesurfer-linux-ubuntu22_x86_64-7.3.2-20220804-6354275  User: oesteban  Machine: dna087  Platform: Linux  PlatformVersion: 5.14.0-427.37.1.el9_4.x86_64  CompilerName: GCC  CompilerVersion: 8.4.0
ProgramName: mris_calc  ProgramArguments: mris_calc -all-info  ProgramVersion: 7.3.2  TimeStamp: 2026/03/10-08:02:08-GMT  BuildTime: Aug  4 2022 06:17:15  BuildStamp: freesurfer-linux-ubuntu22_x86_64-7.3.2-20220804-6354275  User: oesteban  Machine: dna087  Platform: Linux  PlatformVersion: 5.14.0-427.37.1.el9_4.x86_64  CompilerName: GCC  CompilerVersion: 8.4.0
ProgramName: mris_convert  ProgramArguments: mris_convert -all-info  ProgramVersion: 7.3.2  TimeStamp: 2026/03/10-08:02:08-GMT  BuildTime: Aug  4 2022 06:17:15  BuildStamp: freesurfer-linux-ubuntu22_x86_64-7.3.2-20220804-6354275  User: oesteban  Machine: dna087  Platform: Linux  PlatformVersion: 5.14.0-427.37.1.el9_4.x86_64  CompilerName: GCC  CompilerVersion: 8.4.0
ProgramName: mris_curvature  ProgramArguments: mris_curvature -all-info  ProgramVersion: 7.3.2  TimeStamp: 2026/03/10-08:02:08-GMT  BuildTime: Aug  4 2022 06:17:15  BuildStamp: freesurfer-linux-ubuntu22_x86_64-7.3.2-20220804-6354275  User: oesteban  Machine: dna087  Platform: Linux  PlatformVersion: 5.14.0-427.37.1.el9_4.x86_64  CompilerName: GCC  CompilerVersion: 8.4.0
ProgramName: mris_curvature_stats  ProgramArguments: mris_curvature_stats -all-info  ProgramVersion: 7.3.2  TimeStamp: 2026/03/10-08:02:08-GMT  BuildTime: Aug  4 2022 06:17:15  BuildStamp: freesurfer-linux-ubuntu22_x86_64-7.3.2-20220804-6354275  User: oesteban  Machine: dna087  Platform: Linux  PlatformVersion: 5.14.0-427.37.1.el9_4.x86_64  CompilerName: GCC  CompilerVersion: 8.4.0
ProgramName: mris_diff  ProgramArguments: mris_diff -all-info  ProgramVersion: 7.3.2  TimeStamp: 2026/03/10-08:02:08-GMT  BuildTime: Aug  4 2022 06:17:15  BuildStamp: freesurfer-linux-ubuntu22_x86_64-7.3.2-20220804-6354275  User: oesteban  Machine: dna087  Platform: Linux  PlatformVersion: 5.14.0-427.37.1.el9_4.x86_64  CompilerName: GCC  CompilerVersion: 8.4.0
ProgramName: mris_divide_parcellation  ProgramArguments: mris_divide_parcellation -all-info  ProgramVersion: 7.3.2  TimeStamp: 2026/03/10-08:02:08-GMT  BuildTime: Aug  4 2022 06:17:15  BuildStamp: freesurfer-linux-ubuntu22_x86_64-7.3.2-20220804-6354275  User: oesteban  Machine: dna087  Platform: Linux  PlatformVersion: 5.14.0-427.37.1.el9_4.x86_64  CompilerName: GCC  CompilerVersion: 8.4.0
ProgramName: mri_segment  ProgramArguments: mri_segment -all-info  ProgramVersion: 7.3.2  TimeStamp: 2026/03/10-08:02:08-GMT  BuildTime: Aug  4 2022 06:17:15  BuildStamp: freesurfer-linux-ubuntu22_x86_64-7.3.2-20220804-6354275  User: oesteban  Machine: dna087  Platform: Linux  PlatformVersion: 5.14.0-427.37.1.el9_4.x86_64  CompilerName: GCC  CompilerVersion: 8.4.0
ProgramName: mri_segstats  ProgramArguments: mri_segstats -all-info  ProgramVersion: 7.3.2  TimeStamp: 2026/03/10-08:02:08-GMT  BuildTime: Aug  4 2022 06:17:15  BuildStamp: freesurfer-linux-ubuntu22_x86_64-7.3.2-20220804-6354275  User: oesteban  Machine: dna087  Platform: Linux  PlatformVersion: 5.14.0-427.37.1.el9_4.x86_64  CompilerName: GCC  CompilerVersion: 8.4.0
ProgramName: mris_euler_number  ProgramArguments: mris_euler_number -all-info  ProgramVersion: 7.3.2  TimeStamp: 2026/03/10-08:02:08-GMT  BuildTime: Aug  4 2022 06:17:15  BuildStamp: freesurfer-linux-ubuntu22_x86_64-7.3.2-20220804-6354275  User: oesteban  Machine: dna087  Platform: Linux  PlatformVersion: 5.14.0-427.37.1.el9_4.x86_64  CompilerName: GCC  CompilerVersion: 8.4.0
ProgramName: mris_fix_topology  ProgramArguments: mris_fix_topology -all-info  ProgramVersion: 7.3.2  TimeStamp: 2026/03/10-08:02:08-GMT  BuildTime: Aug  4 2022 06:17:15  BuildStamp: freesurfer-linux-ubuntu22_x86_64-7.3.2-20220804-6354275  User: oesteban  Machine: dna087  Platform: Linux  PlatformVersion: 5.14.0-427.37.1.el9_4.x86_64  CompilerName: GCC  CompilerVersion: 8.4.0
ProgramName: mris_topo_fixer  ProgramArguments: mris_topo_fixer -all-info  ProgramVersion: 7.3.2  TimeStamp: 2026/03/10-08:02:08-GMT  BuildTime: Aug  4 2022 06:17:15  BuildStamp: freesurfer-linux-ubuntu22_x86_64-7.3.2-20220804-6354275  User: oesteban  Machine: dna087  Platform: Linux  PlatformVersion: 5.14.0-427.37.1.el9_4.x86_64  CompilerName: GCC  CompilerVersion: 8.4.0
ProgramName: mris_jacobian  ProgramArguments: mris_jacobian -all-info  ProgramVersion: 7.3.2  TimeStamp: 2026/03/10-08:02:08-GMT  BuildTime: Aug  4 2022 06:17:15  BuildStamp: freesurfer-linux-ubuntu22_x86_64-7.3.2-20220804-6354275  User: oesteban  Machine: dna087  Platform: Linux  PlatformVersion: 5.14.0-427.37.1.el9_4.x86_64  CompilerName: GCC  CompilerVersion: 8.4.0
ProgramName: mris_label2annot  ProgramArguments: mris_label2annot -all-info  ProgramVersion: 7.3.2  TimeStamp: 2026/03/10-08:02:08-GMT  BuildTime: Aug  4 2022 06:17:15  BuildStamp: freesurfer-linux-ubuntu22_x86_64-7.3.2-20220804-6354275  User: oesteban  Machine: dna087  Platform: Linux  PlatformVersion: 5.14.0-427.37.1.el9_4.x86_64  CompilerName: GCC  CompilerVersion: 8.4.0
ProgramName: mris_left_right_register  ProgramArguments: mris_left_right_register -all-info  ProgramVersion: 7.3.2  TimeStamp: 2026/03/10-08:02:08-GMT  BuildTime: Aug  4 2022 06:17:15  BuildStamp: freesurfer-linux-ubuntu22_x86_64-7.3.2-20220804-6354275  User: oesteban  Machine: dna087  Platform: Linux  PlatformVersion: 5.14.0-427.37.1.el9_4.x86_64  CompilerName: GCC  CompilerVersion: 8.4.0
ProgramName: mris_place_surface  ProgramArguments: mris_place_surface -all-info  ProgramVersion: 7.3.2  TimeStamp: 2026/03/10-08:02:08-GMT  BuildTime: Aug  4 2022 06:17:15  BuildStamp: freesurfer-linux-ubuntu22_x86_64-7.3.2-20220804-6354275  User: oesteban  Machine: dna087  Platform: Linux  PlatformVersion: 5.14.0-427.37.1.el9_4.x86_64  CompilerName: GCC  CompilerVersion: 8.4.0
ProgramName: mrisp_paint  ProgramArguments: mrisp_paint -all-info  ProgramVersion: 7.3.2  TimeStamp: 2026/03/10-08:02:08-GMT  BuildTime: Aug  4 2022 06:17:15  BuildStamp: freesurfer-linux-ubuntu22_x86_64-7.3.2-20220804-6354275  User: oesteban  Machine: dna087  Platform: Linux  PlatformVersion: 5.14.0-427.37.1.el9_4.x86_64  CompilerName: GCC  CompilerVersion: 8.4.0
ProgramName: mris_register  ProgramArguments: mris_register -all-info  ProgramVersion: 7.3.2  TimeStamp: 2026/03/10-08:02:08-GMT  BuildTime: Aug  4 2022 06:17:15  BuildStamp: freesurfer-linux-ubuntu22_x86_64-7.3.2-20220804-6354275  User: oesteban  Machine: dna087  Platform: Linux  PlatformVersion: 5.14.0-427.37.1.el9_4.x86_64  CompilerName: GCC  CompilerVersion: 8.4.0
ProgramName: mris_smooth  ProgramArguments: mris_smooth -all-info  ProgramVersion: 7.3.2  TimeStamp: 2026/03/10-08:02:08-GMT  BuildTime: Aug  4 2022 06:17:15  BuildStamp: freesurfer-linux-ubuntu22_x86_64-7.3.2-20220804-6354275  User: oesteban  Machine: dna087  Platform: Linux  PlatformVersion: 5.14.0-427.37.1.el9_4.x86_64  CompilerName: GCC  CompilerVersion: 8.4.0
ProgramName: mris_sphere  ProgramArguments: mris_sphere -all-info  ProgramVersion: 7.3.2  TimeStamp: 2026/03/10-08:02:08-GMT  BuildTime: Aug  4 2022 06:17:15  BuildStamp: freesurfer-linux-ubuntu22_x86_64-7.3.2-20220804-6354275  User: oesteban  Machine: dna087  Platform: Linux  PlatformVersion: 5.14.0-427.37.1.el9_4.x86_64  CompilerName: GCC  CompilerVersion: 8.4.0
ProgramName: mris_surface_stats  ProgramArguments: mris_surface_stats -all-info  ProgramVersion: 7.3.2  TimeStamp: 2026/03/10-08:02:08-GMT  BuildTime: Aug  4 2022 06:17:15  BuildStamp: freesurfer-linux-ubuntu22_x86_64-7.3.2-20220804-6354275  User: oesteban  Machine: dna087  Platform: Linux  PlatformVersion: 5.14.0-427.37.1.el9_4.x86_64  CompilerName: GCC  CompilerVersion: 8.4.0
ProgramName: mri_stats2seg  ProgramArguments: mri_stats2seg -all-info  ProgramVersion: 7.3.2  TimeStamp: 2026/03/10-08:02:08-GMT  BuildTime: Aug  4 2022 06:17:15  BuildStamp: freesurfer-linux-ubuntu22_x86_64-7.3.2-20220804-6354275  User: oesteban  Machine: dna087  Platform: Linux  PlatformVersion: 5.14.0-427.37.1.el9_4.x86_64  CompilerName: GCC  CompilerVersion: 8.4.0
ProgramName: mris_thickness  ProgramArguments: mris_thickness -all-info  ProgramVersion: 7.3.2  TimeStamp: 2026/03/10-08:02:08-GMT  BuildTime: Aug  4 2022 06:17:15  BuildStamp: freesurfer-linux-ubuntu22_x86_64-7.3.2-20220804-6354275  User: oesteban  Machine: dna087  Platform: Linux  PlatformVersion: 5.14.0-427.37.1.el9_4.x86_64  CompilerName: GCC  CompilerVersion: 8.4.0
ProgramName: mris_thickness_diff  ProgramArguments: mris_thickness_diff -all-info  ProgramVersion: 7.3.2  TimeStamp: 2026/03/10-08:02:08-GMT  BuildTime: Aug  4 2022 06:17:15  BuildStamp: freesurfer-linux-ubuntu22_x86_64-7.3.2-20220804-6354275  User: oesteban  Machine: dna087  Platform: Linux  PlatformVersion: 5.14.0-427.37.1.el9_4.x86_64  CompilerName: GCC  CompilerVersion: 8.4.0
ProgramName: mris_topo_fixer  ProgramArguments: mris_topo_fixer -all-info  ProgramVersion: 7.3.2  TimeStamp: 2026/03/10-08:02:08-GMT  BuildTime: Aug  4 2022 06:17:15  BuildStamp: freesurfer-linux-ubuntu22_x86_64-7.3.2-20220804-6354275  User: oesteban  Machine: dna087  Platform: Linux  PlatformVersion: 5.14.0-427.37.1.el9_4.x86_64  CompilerName: GCC  CompilerVersion: 8.4.0
ProgramName: mri_surf2surf  ProgramArguments: mri_surf2surf -all-info  ProgramVersion: 7.3.2  TimeStamp: 2026/03/10-08:02:08-GMT  BuildTime: Aug  4 2022 06:17:15  BuildStamp: freesurfer-linux-ubuntu22_x86_64-7.3.2-20220804-6354275  User: oesteban  Machine: dna087  Platform: Linux  PlatformVersion: 5.14.0-427.37.1.el9_4.x86_64  CompilerName: GCC  CompilerVersion: 8.4.0
ProgramName: mri_surf2vol  ProgramArguments: mri_surf2vol -all-info  ProgramVersion: 7.3.2  TimeStamp: 2026/03/10-08:02:08-GMT  BuildTime: Aug  4 2022 06:17:15  BuildStamp: freesurfer-linux-ubuntu22_x86_64-7.3.2-20220804-6354275  User: oesteban  Machine: dna087  Platform: Linux  PlatformVersion: 5.14.0-427.37.1.el9_4.x86_64  CompilerName: GCC  CompilerVersion: 8.4.0
ProgramName: mri_surfcluster  ProgramArguments: mri_surfcluster -all-info  ProgramVersion: 7.3.2  TimeStamp: 2026/03/10-08:02:08-GMT  BuildTime: Aug  4 2022 06:17:15  BuildStamp: freesurfer-linux-ubuntu22_x86_64-7.3.2-20220804-6354275  User: oesteban  Machine: dna087  Platform: Linux  PlatformVersion: 5.14.0-427.37.1.el9_4.x86_64  CompilerName: GCC  CompilerVersion: 8.4.0
ProgramName: mris_volmask  ProgramArguments: mris_volmask -all-info  ProgramVersion: 7.3.2  TimeStamp: 2026/03/10-08:02:08-GMT  BuildTime: Aug  4 2022 06:17:15  BuildStamp: freesurfer-linux-ubuntu22_x86_64-7.3.2-20220804-6354275  User: oesteban  Machine: dna087  Platform: Linux  PlatformVersion: 5.14.0-427.37.1.el9_4.x86_64  CompilerName: GCC  CompilerVersion: 8.4.0
ProgramName: mri_tessellate  ProgramArguments: mri_tessellate -all-info  ProgramVersion: 7.3.2  TimeStamp: 2026/03/10-08:02:08-GMT  BuildTime: Aug  4 2022 06:17:15  BuildStamp: freesurfer-linux-ubuntu22_x86_64-7.3.2-20220804-6354275  User: oesteban  Machine: dna087  Platform: Linux  PlatformVersion: 5.14.0-427.37.1.el9_4.x86_64  CompilerName: GCC  CompilerVersion: 8.4.0
ProgramName: mri_vol2surf  ProgramArguments: mri_vol2surf -all-info  ProgramVersion: 7.3.2  TimeStamp: 2026/03/10-08:02:08-GMT  BuildTime: Aug  4 2022 06:17:15  BuildStamp: freesurfer-linux-ubuntu22_x86_64-7.3.2-20220804-6354275  User: oesteban  Machine: dna087  Platform: Linux  PlatformVersion: 5.14.0-427.37.1.el9_4.x86_64  CompilerName: GCC  CompilerVersion: 8.4.0
ProgramName: mri_vol2vol  ProgramArguments: mri_vol2vol -all-info  ProgramVersion: 7.3.2  TimeStamp: 2026/03/10-08:02:08-GMT  BuildTime: Aug  4 2022 06:17:15  BuildStamp: freesurfer-linux-ubuntu22_x86_64-7.3.2-20220804-6354275  User: oesteban  Machine: dna087  Platform: Linux  PlatformVersion: 5.14.0-427.37.1.el9_4.x86_64  CompilerName: GCC  CompilerVersion: 8.4.0
ProgramName: mri_voldiff  ProgramArguments: mri_voldiff -all-info  ProgramVersion: 7.3.2  TimeStamp: 2026/03/10-08:02:08-GMT  BuildTime: Aug  4 2022 06:17:15  BuildStamp: freesurfer-linux-ubuntu22_x86_64-7.3.2-20220804-6354275  User: oesteban  Machine: dna087  Platform: Linux  PlatformVersion: 5.14.0-427.37.1.el9_4.x86_64  CompilerName: GCC  CompilerVersion: 8.4.0
ProgramName: mri_watershed  ProgramArguments: mri_watershed -all-info  ProgramVersion: 7.3.2  TimeStamp: 2026/03/10-08:02:08-GMT  BuildTime: Aug  4 2022 06:17:15  BuildStamp: freesurfer-linux-ubuntu22_x86_64-7.3.2-20220804-6354275  User: oesteban  Machine: dna087  Platform: Linux  PlatformVersion: 5.14.0-427.37.1.el9_4.x86_64  CompilerName: GCC  CompilerVersion: 8.4.0
ProgramName: tkregister2  ProgramArguments: tkregister2_cmdl -all-info  ProgramVersion: 7.3.2  TimeStamp: 2026/03/10-08:02:08-GMT  BuildTime: Aug  4 2022 06:17:15  BuildStamp: freesurfer-linux-ubuntu22_x86_64-7.3.2-20220804-6354275  User: oesteban  Machine: dna087  Platform: Linux  PlatformVersion: 5.14.0-427.37.1.el9_4.x86_64  CompilerName: GCC  CompilerVersion: 8.4.0
mri_motion_correct.fsl 7.3.2
mri_convert -all-info 
ProgramName: mri_convert  ProgramArguments: mri_convert -all-info  ProgramVersion: 7.3.2  TimeStamp: 2026/03/10-08:02:08-GMT  BuildTime: Aug  4 2022 06:17:15  BuildStamp: freesurfer-linux-ubuntu22_x86_64-7.3.2-20220804-6354275  User: oesteban  Machine: dna087  Platform: Linux  PlatformVersion: 5.14.0-427.37.1.el9_4.x86_64  CompilerName: GCC  CompilerVersion: 8.4.0
Program nu_correct, built from:
Package MNI N3, version 1.12.0, compiled by nicks@terrier (x86_64-unknown-linux-gnu) on 2015-06-19 at 01:25:34
#######################################
GCADIR /opt/freesurfer/average
GCA RB_all_2020-01-02.gca
GCASkull RB_all_withskull_2020_01_02.gca
AvgCurvTif folding.atlas.acfb40.noaparc.i12.2016-08-02.tif
GCSDIR /opt/freesurfer/average
GCS DKaparc.atlas.acfb40.noaparc.i12.2016-08-02.gcs
#######################################
#@# white curv lh Tue Mar 10 09:02:08 CET 2026
cd /out/sourcedata/freesurfer/sub-v1s8x0051339_ses-1/mri
mris_place_surface --curv-map ../surf/lh.white 2 10 ../surf/lh.curv
   Update not needed
#@# white area lh Tue Mar 10 09:02:08 CET 2026
cd /out/sourcedata/freesurfer/sub-v1s8x0051339_ses-1/mri
mris_place_surface --area-map ../surf/lh.white ../surf/lh.area
   Update not needed
#@# pial curv lh Tue Mar 10 09:02:08 CET 2026
cd /out/sourcedata/freesurfer/sub-v1s8x0051339_ses-1/mri
mris_place_surface --curv-map ../surf/lh.pial 2 10 ../surf/lh.curv.pial
   Update not needed
#@# pial area lh Tue Mar 10 09:02:08 CET 2026
cd /out/sourcedata/freesurfer/sub-v1s8x0051339_ses-1/mri
mris_place_surface --area-map ../surf/lh.pial ../surf/lh.area.pial
   Update not needed
#@# thickness lh Tue Mar 10 09:02:08 CET 2026
cd /out/sourcedata/freesurfer/sub-v1s8x0051339_ses-1/mri
mris_place_surface --thickness ../surf/lh.white ../surf/lh.pial 20 5 ../surf/lh.thickness
   Update not needed
#@# area and vertex vol lh Tue Mar 10 09:02:08 CET 2026
cd /out/sourcedata/freesurfer/sub-v1s8x0051339_ses-1/mri
mris_place_surface --thickness ../surf/lh.white ../surf/lh.pial 20 5 ../surf/lh.thickness
   Update not needed
#@# white curv rh Tue Mar 10 09:02:08 CET 2026
cd /out/sourcedata/freesurfer/sub-v1s8x0051339_ses-1/mri
mris_place_surface --curv-map ../surf/rh.white 2 10 ../surf/rh.curv
   Update not needed
#@# white area rh Tue Mar 10 09:02:08 CET 2026
cd /out/sourcedata/freesurfer/sub-v1s8x0051339_ses-1/mri
mris_place_surface --area-map ../surf/rh.white ../surf/rh.area
   Update not needed
#@# pial curv rh Tue Mar 10 09:02:08 CET 2026
cd /out/sourcedata/freesurfer/sub-v1s8x0051339_ses-1/mri
mris_place_surface --curv-map ../surf/rh.pial 2 10 ../surf/rh.curv.pial
   Update not needed
#@# pial area rh Tue Mar 10 09:02:08 CET 2026
cd /out/sourcedata/freesurfer/sub-v1s8x0051339_ses-1/mri
mris_place_surface --area-map ../surf/rh.pial ../surf/rh.area.pial
   Update not needed
#@# thickness rh Tue Mar 10 09:02:08 CET 2026
cd /out/sourcedata/freesurfer/sub-v1s8x0051339_ses-1/mri
mris_place_surface --thickness ../surf/rh.white ../surf/rh.pial 20 5 ../surf/rh.thickness
   Update not needed
#@# area and vertex vol rh Tue Mar 10 09:02:08 CET 2026
cd /out/sourcedata/freesurfer/sub-v1s8x0051339_ses-1/mri
mris_place_surface --thickness ../surf/rh.white ../surf/rh.pial 20 5 ../surf/rh.thickness
   Update not needed
#--------------------------------------------
#@# Cortical ribbon mask Tue Mar 10 09:02:08 CET 2026
/out/sourcedata/freesurfer/sub-v1s8x0051339_ses-1/mri

 mris_volmask --aseg_name aseg.presurf --label_left_white 2 --label_left_ribbon 3 --label_right_white 41 --label_right_ribbon 42 --save_ribbon sub-v1s8x0051339_ses-1 

SUBJECTS_DIR is /out/sourcedata/freesurfer
loading input data...
Running hemis serially
Processing left hemi
computing distance to left white surface 
computing distance to left pial surface 
Processing right hemi
computing distance to right white surface 
computing distance to right pial surface 
 hemi masks overlap voxels = 120
writing volume /out/sourcedata/freesurfer/sub-v1s8x0051339_ses-1/mri/ribbon.mgz
mris_volmask took 3.75 minutes
 writing ribbon files

Started at Tue Mar 10 09:02:07 CET 2026 
Ended   at Tue Mar 10 09:05:53 CET 2026
#@#%# recon-all-run-time-hours 0.063
recon-all -s sub-v1s8x0051339_ses-1 finished without error at Tue Mar 10 09:05:53 CET 2026



#New# invocation of recon-all 




Tue Mar 10 09:11:43 CET 2026
cd /out/sourcedata/freesurfer/sub-v1s8x0051339_ses-1
setenv SUBJECTS_DIR /out/sourcedata/freesurfer
/opt/freesurfer/bin/recon-all -autorecon3 -openmp 16 -subjid sub-v1s8x0051339_ses-1 -sd /out/sourcedata/freesurfer -nosphere -nosurfreg -nojacobian_white -noavgcurv -nocortparc -nopial -noparcstats -nocortparc2 -noparcstats2 -nocortparc3 -noparcstats3 -nopctsurfcon -nocortribbon -nobalabels

subjid sub-v1s8x0051339_ses-1
setenv SUBJECTS_DIR /out/sourcedata/freesurfer
FREESURFER_HOME /opt/freesurfer
Actual FREESURFER_HOME /opt/freesurfer
build-stamp.txt: freesurfer-linux-ubuntu22_x86_64-7.3.2-20220804-6354275
Linux dna087 5.14.0-427.37.1.el9_4.x86_64 #1 SMP PREEMPT_DYNAMIC Fri Sep 13 12:41:50 EDT 2024 x86_64 x86_64 x86_64 GNU/Linux
cputime      unlimited
filesize     unlimited
datasize     unlimited
stacksize    8192 kbytes
coredumpsize 0 kbytes
memoryuse    67108864 kbytes
vmemoryuse   unlimited
descriptors  1024 
memorylocked unlimited
maxproc      2061970 
maxlocks     unlimited
maxsignal    2062029 
maxmessage   819200 
maxnice      0 
maxrtprio    0 
maxrttime    unlimited

               total        used        free      shared  buff/cache   available
Mem:           503Gi        46Gi       402Gi        21Gi        54Gi       432Gi
Swap:             0B          0B          0B

########################################
program versions used
7.3.2 (freesurfer-linux-ubuntu22_x86_64-7.3.2-20220804-6354275)
7.3.2

ProgramName: lta_convert  ProgramArguments: lta_convert -all-info  ProgramVersion: 7.3.2  TimeStamp: 2026/03/10-08:11:43-GMT  BuildTime: Aug  4 2022 06:17:15  BuildStamp: freesurfer-linux-ubuntu22_x86_64-7.3.2-20220804-6354275  User: oesteban  Machine: dna087  Platform: Linux  PlatformVersion: 5.14.0-427.37.1.el9_4.x86_64  CompilerName: GCC  CompilerVersion: 8.4.0
ProgramName: mri_and  ProgramArguments: mri_and -all-info  ProgramVersion: 7.3.2  TimeStamp: 2026/03/10-08:11:43-GMT  BuildTime: Aug  4 2022 06:17:15  BuildStamp: freesurfer-linux-ubuntu22_x86_64-7.3.2-20220804-6354275  User: oesteban  Machine: dna087  Platform: Linux  PlatformVersion: 5.14.0-427.37.1.el9_4.x86_64  CompilerName: GCC  CompilerVersion: 8.4.0
ProgramName: mri_annotation2label  ProgramArguments: mri_annotation2label -all-info  ProgramVersion: 7.3.2  TimeStamp: 2026/03/10-08:11:43-GMT  BuildTime: Aug  4 2022 06:17:15  BuildStamp: freesurfer-linux-ubuntu22_x86_64-7.3.2-20220804-6354275  User: oesteban  Machine: dna087  Platform: Linux  PlatformVersion: 5.14.0-427.37.1.el9_4.x86_64  CompilerName: GCC  CompilerVersion: 8.4.0
ProgramName: mri_aparc2aseg  ProgramArguments: mri_aparc2aseg -all-info  ProgramVersion: 7.3.2  TimeStamp: 2026/03/10-08:11:43-GMT  BuildTime: Aug  4 2022 06:17:15  BuildStamp: freesurfer-linux-ubuntu22_x86_64-7.3.2-20220804-6354275  User: oesteban  Machine: dna087  Platform: Linux  PlatformVersion: 5.14.0-427.37.1.el9_4.x86_64  CompilerName: GCC  CompilerVersion: 8.4.0
ProgramName: mri_surf2volseg  ProgramArguments: mri_surf2volseg -all-info  ProgramVersion: 7.3.2  TimeStamp: 2026/03/10-08:11:43-GMT  BuildTime: Aug  4 2022 06:17:15  BuildStamp: freesurfer-linux-ubuntu22_x86_64-7.3.2-20220804-6354275  User: oesteban  Machine: dna087  Platform: Linux  PlatformVersion: 5.14.0-427.37.1.el9_4.x86_64  CompilerName: GCC  CompilerVersion: 8.4.0
ProgramName: mri_binarize  ProgramArguments: mri_binarize -all-info  ProgramVersion: 7.3.2  TimeStamp: 2026/03/10-08:11:43-GMT  BuildTime: Aug  4 2022 06:17:15  BuildStamp: freesurfer-linux-ubuntu22_x86_64-7.3.2-20220804-6354275  User: oesteban  Machine: dna087  Platform: Linux  PlatformVersion: 5.14.0-427.37.1.el9_4.x86_64  CompilerName: GCC  CompilerVersion: 8.4.0
ProgramName: mri_ca_label  ProgramArguments: mri_ca_label -all-info  ProgramVersion: 7.3.2  TimeStamp: 2026/03/10-08:11:43-GMT  BuildTime: Aug  4 2022 06:17:15  BuildStamp: freesurfer-linux-ubuntu22_x86_64-7.3.2-20220804-6354275  User: oesteban  Machine: dna087  Platform: Linux  PlatformVersion: 5.14.0-427.37.1.el9_4.x86_64  CompilerName: GCC  CompilerVersion: 8.4.0
ProgramName: mri_ca_normalize  ProgramArguments: mri_ca_normalize -all-info  ProgramVersion: 7.3.2  TimeStamp: 2026/03/10-08:11:43-GMT  BuildTime: Aug  4 2022 06:17:15  BuildStamp: freesurfer-linux-ubuntu22_x86_64-7.3.2-20220804-6354275  User: oesteban  Machine: dna087  Platform: Linux  PlatformVersion: 5.14.0-427.37.1.el9_4.x86_64  CompilerName: GCC  CompilerVersion: 8.4.0
ProgramName: mri_ca_register  ProgramArguments: mri_ca_register -all-info  ProgramVersion: 7.3.2  TimeStamp: 2026/03/10-08:11:43-GMT  BuildTime: Aug  4 2022 06:17:15  BuildStamp: freesurfer-linux-ubuntu22_x86_64-7.3.2-20220804-6354275  User: oesteban  Machine: dna087  Platform: Linux  PlatformVersion: 5.14.0-427.37.1.el9_4.x86_64  CompilerName: GCC  CompilerVersion: 8.4.0
ProgramName: mri_cc  ProgramArguments: mri_cc -all-info  ProgramVersion: 7.3.2  TimeStamp: 2026/03/10-08:11:43-GMT  BuildTime: Aug  4 2022 06:17:15  BuildStamp: freesurfer-linux-ubuntu22_x86_64-7.3.2-20220804-6354275  User: oesteban  Machine: dna087  Platform: Linux  PlatformVersion: 5.14.0-427.37.1.el9_4.x86_64  CompilerName: GCC  CompilerVersion: 8.4.0
ProgramName: mri_compute_overlap  ProgramArguments: mri_compute_overlap -all-info  ProgramVersion: 7.3.2  TimeStamp: 2026/03/10-08:11:43-GMT  BuildTime: Aug  4 2022 06:17:15  BuildStamp: freesurfer-linux-ubuntu22_x86_64-7.3.2-20220804-6354275  User: oesteban  Machine: dna087  Platform: Linux  PlatformVersion: 5.14.0-427.37.1.el9_4.x86_64  CompilerName: GCC  CompilerVersion: 8.4.0
ProgramName: mri_compute_seg_overlap  ProgramArguments: mri_compute_seg_overlap -all-info  ProgramVersion: 7.3.2  TimeStamp: 2026/03/10-08:11:43-GMT  BuildTime: Aug  4 2022 06:17:15  BuildStamp: freesurfer-linux-ubuntu22_x86_64-7.3.2-20220804-6354275  User: oesteban  Machine: dna087  Platform: Linux  PlatformVersion: 5.14.0-427.37.1.el9_4.x86_64  CompilerName: GCC  CompilerVersion: 8.4.0
ProgramName: mri_concat  ProgramArguments: mri_concat -all-info  ProgramVersion: 7.3.2  TimeStamp: 2026/03/10-08:11:43-GMT  BuildTime: Aug  4 2022 06:17:15  BuildStamp: freesurfer-linux-ubuntu22_x86_64-7.3.2-20220804-6354275  User: oesteban  Machine: dna087  Platform: Linux  PlatformVersion: 5.14.0-427.37.1.el9_4.x86_64  CompilerName: GCC  CompilerVersion: 8.4.0
ProgramName: mri_concatenate_lta  ProgramArguments: mri_concatenate_lta -all-info  ProgramVersion: 7.3.2  TimeStamp: 2026/03/10-08:11:43-GMT  BuildTime: Aug  4 2022 06:17:15  BuildStamp: freesurfer-linux-ubuntu22_x86_64-7.3.2-20220804-6354275  User: oesteban  Machine: dna087  Platform: Linux  PlatformVersion: 5.14.0-427.37.1.el9_4.x86_64  CompilerName: GCC  CompilerVersion: 8.4.0
mri_convert -all-info 
ProgramName: mri_convert  ProgramArguments: mri_convert -all-info  ProgramVersion: 7.3.2  TimeStamp: 2026/03/10-08:11:43-GMT  BuildTime: Aug  4 2022 06:17:15  BuildStamp: freesurfer-linux-ubuntu22_x86_64-7.3.2-20220804-6354275  User: oesteban  Machine: dna087  Platform: Linux  PlatformVersion: 5.14.0-427.37.1.el9_4.x86_64  CompilerName: GCC  CompilerVersion: 8.4.0
ProgramName: mri_diff  ProgramArguments: mri_diff -all-info  ProgramVersion: 7.3.2  TimeStamp: 2026/03/10-08:11:43-GMT  BuildTime: Aug  4 2022 06:17:15  BuildStamp: freesurfer-linux-ubuntu22_x86_64-7.3.2-20220804-6354275  User: oesteban  Machine: dna087  Platform: Linux  PlatformVersion: 5.14.0-427.37.1.el9_4.x86_64  CompilerName: GCC  CompilerVersion: 8.4.0
ProgramName: mri_edit_wm_with_aseg  ProgramArguments: mri_edit_wm_with_aseg -all-info  ProgramVersion: 7.3.2  TimeStamp: 2026/03/10-08:11:43-GMT  BuildTime: Aug  4 2022 06:17:15  BuildStamp: freesurfer-linux-ubuntu22_x86_64-7.3.2-20220804-6354275  User: oesteban  Machine: dna087  Platform: Linux  PlatformVersion: 5.14.0-427.37.1.el9_4.x86_64  CompilerName: GCC  CompilerVersion: 8.4.0
ProgramName: mri_em_register  ProgramArguments: mri_em_register -all-info  ProgramVersion: 7.3.2  TimeStamp: 2026/03/10-08:11:43-GMT  BuildTime: Aug  4 2022 06:17:15  BuildStamp: freesurfer-linux-ubuntu22_x86_64-7.3.2-20220804-6354275  User: oesteban  Machine: dna087  Platform: Linux  PlatformVersion: 5.14.0-427.37.1.el9_4.x86_64  CompilerName: GCC  CompilerVersion: 8.4.0
ProgramName: mri_fill  ProgramArguments: mri_fill -all-info  ProgramVersion: 7.3.2  TimeStamp: 2026/03/10-08:11:43-GMT  BuildTime: Aug  4 2022 06:17:15  BuildStamp: freesurfer-linux-ubuntu22_x86_64-7.3.2-20220804-6354275  User: oesteban  Machine: dna087  Platform: Linux  PlatformVersion: 5.14.0-427.37.1.el9_4.x86_64  CompilerName: GCC  CompilerVersion: 8.4.0
ProgramName: mri_fuse_segmentations  ProgramArguments: mri_fuse_segmentations -all-info  ProgramVersion: 7.3.2  TimeStamp: 2026/03/10-08:11:43-GMT  BuildTime: Aug  4 2022 06:17:15  BuildStamp: freesurfer-linux-ubuntu22_x86_64-7.3.2-20220804-6354275  User: oesteban  Machine: dna087  Platform: Linux  PlatformVersion: 5.14.0-427.37.1.el9_4.x86_64  CompilerName: GCC  CompilerVersion: 8.4.0
ProgramName: mri_fwhm  ProgramArguments: mri_fwhm -all-info  ProgramVersion: 7.3.2  TimeStamp: 2026/03/10-08:11:43-GMT  BuildTime: Aug  4 2022 06:17:15  BuildStamp: freesurfer-linux-ubuntu22_x86_64-7.3.2-20220804-6354275  User: oesteban  Machine: dna087  Platform: Linux  PlatformVersion: 5.14.0-427.37.1.el9_4.x86_64  CompilerName: GCC  CompilerVersion: 8.4.0
ProgramName: mri_gcut  ProgramArguments: mri_gcut -all-info  ProgramVersion: 7.3.2  TimeStamp: 2026/03/10-08:11:43-GMT  BuildTime: Aug  4 2022 06:17:15  BuildStamp: freesurfer-linux-ubuntu22_x86_64-7.3.2-20220804-6354275  User: oesteban  Machine: dna087  Platform: Linux  PlatformVersion: 5.14.0-427.37.1.el9_4.x86_64  CompilerName: GCC  CompilerVersion: 8.4.0
ProgramName: mri_info  ProgramArguments: mri_info -all-info  ProgramVersion: 7.3.2  TimeStamp: 2026/03/10-08:11:43-GMT  BuildTime: Aug  4 2022 06:17:15  BuildStamp: freesurfer-linux-ubuntu22_x86_64-7.3.2-20220804-6354275  User: oesteban  Machine: dna087  Platform: Linux  PlatformVersion: 5.14.0-427.37.1.el9_4.x86_64  CompilerName: GCC  CompilerVersion: 8.4.0
ProgramName: mri_label2label  ProgramArguments: mri_label2label -all-info  ProgramVersion: 7.3.2  TimeStamp: 2026/03/10-08:11:43-GMT  BuildTime: Aug  4 2022 06:17:15  BuildStamp: freesurfer-linux-ubuntu22_x86_64-7.3.2-20220804-6354275  User: oesteban  Machine: dna087  Platform: Linux  PlatformVersion: 5.14.0-427.37.1.el9_4.x86_64  CompilerName: GCC  CompilerVersion: 8.4.0
ProgramName: mri_label2vol  ProgramArguments: mri_label2vol -all-info  ProgramVersion: 7.3.2  TimeStamp: 2026/03/10-08:11:43-GMT  BuildTime: Aug  4 2022 06:17:15  BuildStamp: freesurfer-linux-ubuntu22_x86_64-7.3.2-20220804-6354275  User: oesteban  Machine: dna087  Platform: Linux  PlatformVersion: 5.14.0-427.37.1.el9_4.x86_64  CompilerName: GCC  CompilerVersion: 8.4.0
ProgramName: mri_log_likelihood  ProgramArguments: mri_log_likelihood -all-info  ProgramVersion: 7.3.2  TimeStamp: 2026/03/10-08:11:43-GMT  BuildTime: Aug  4 2022 06:17:15  BuildStamp: freesurfer-linux-ubuntu22_x86_64-7.3.2-20220804-6354275  User: oesteban  Machine: dna087  Platform: Linux  PlatformVersion: 5.14.0-427.37.1.el9_4.x86_64  CompilerName: GCC  CompilerVersion: 8.4.0
ProgramName: mri_mask  ProgramArguments: mri_mask -all-info  ProgramVersion: 7.3.2  TimeStamp: 2026/03/10-08:11:43-GMT  BuildTime: Aug  4 2022 06:17:15  BuildStamp: freesurfer-linux-ubuntu22_x86_64-7.3.2-20220804-6354275  User: oesteban  Machine: dna087  Platform: Linux  PlatformVersion: 5.14.0-427.37.1.el9_4.x86_64  CompilerName: GCC  CompilerVersion: 8.4.0
ProgramName: mri_matrix_multiply  ProgramArguments: mri_matrix_multiply -all-info  ProgramVersion: 7.3.2  TimeStamp: 2026/03/10-08:11:43-GMT  BuildTime: Aug  4 2022 06:17:15  BuildStamp: freesurfer-linux-ubuntu22_x86_64-7.3.2-20220804-6354275  User: oesteban  Machine: dna087  Platform: Linux  PlatformVersion: 5.14.0-427.37.1.el9_4.x86_64  CompilerName: GCC  CompilerVersion: 8.4.0
ProgramName: mri_normalize  ProgramArguments: mri_normalize -all-info  ProgramVersion: 7.3.2  TimeStamp: 2026/03/10-08:11:43-GMT  BuildTime: Aug  4 2022 06:17:15  BuildStamp: freesurfer-linux-ubuntu22_x86_64-7.3.2-20220804-6354275  User: oesteban  Machine: dna087  Platform: Linux  PlatformVersion: 5.14.0-427.37.1.el9_4.x86_64  CompilerName: GCC  CompilerVersion: 8.4.0
ProgramName: mri_normalize_tp2  ProgramArguments: mri_normalize_tp2 -all-info  ProgramVersion: 7.3.2  TimeStamp: 2026/03/10-08:11:43-GMT  BuildTime: Aug  4 2022 06:17:15  BuildStamp: freesurfer-linux-ubuntu22_x86_64-7.3.2-20220804-6354275  User: oesteban  Machine: dna087  Platform: Linux  PlatformVersion: 5.14.0-427.37.1.el9_4.x86_64  CompilerName: GCC  CompilerVersion: 8.4.0
ProgramName: mri_or  ProgramArguments: mri_or -all-info  ProgramVersion: 7.3.2  TimeStamp: 2026/03/10-08:11:43-GMT  BuildTime: Aug  4 2022 06:17:15  BuildStamp: freesurfer-linux-ubuntu22_x86_64-7.3.2-20220804-6354275  User: oesteban  Machine: dna087  Platform: Linux  PlatformVersion: 5.14.0-427.37.1.el9_4.x86_64  CompilerName: GCC  CompilerVersion: 8.4.0
ProgramName: mri_relabel_hypointensities  ProgramArguments: mri_relabel_hypointensities -all-info  ProgramVersion: 7.3.2  TimeStamp: 2026/03/10-08:11:44-GMT  BuildTime: Aug  4 2022 06:17:15  BuildStamp: freesurfer-linux-ubuntu22_x86_64-7.3.2-20220804-6354275  User: oesteban  Machine: dna087  Platform: Linux  PlatformVersion: 5.14.0-427.37.1.el9_4.x86_64  CompilerName: GCC  CompilerVersion: 8.4.0
ProgramName: mri_relabel_nonwm_hypos  ProgramArguments: mri_relabel_nonwm_hypos -all-info  ProgramVersion: 7.3.2  TimeStamp: 2026/03/10-08:11:44-GMT  BuildTime: Aug  4 2022 06:17:15  BuildStamp: freesurfer-linux-ubuntu22_x86_64-7.3.2-20220804-6354275  User: oesteban  Machine: dna087  Platform: Linux  PlatformVersion: 5.14.0-427.37.1.el9_4.x86_64  CompilerName: GCC  CompilerVersion: 8.4.0
ProgramName: mri_remove_neck  ProgramArguments: mri_remove_neck -all-info  ProgramVersion: 7.3.2  TimeStamp: 2026/03/10-08:11:44-GMT  BuildTime: Aug  4 2022 06:17:15  BuildStamp: freesurfer-linux-ubuntu22_x86_64-7.3.2-20220804-6354275  User: oesteban  Machine: dna087  Platform: Linux  PlatformVersion: 5.14.0-427.37.1.el9_4.x86_64  CompilerName: GCC  CompilerVersion: 8.4.0
7.3.2

ProgramName: mri_robust_register  ProgramArguments: mri_robust_register -all-info  ProgramVersion: 7.3.2  TimeStamp: 2026/03/10-08:11:44-GMT  BuildTime: Aug  4 2022 06:17:15  BuildStamp: freesurfer-linux-ubuntu22_x86_64-7.3.2-20220804-6354275  User: oesteban  Machine: dna087  Platform: Linux  PlatformVersion: 5.14.0-427.37.1.el9_4.x86_64  CompilerName: GCC  CompilerVersion: 8.4.0
7.3.2

ProgramName: mri_robust_template  ProgramArguments: mri_robust_template -all-info  ProgramVersion: 7.3.2  TimeStamp: 2026/03/10-08:11:44-GMT  BuildTime: Aug  4 2022 06:17:15  BuildStamp: freesurfer-linux-ubuntu22_x86_64-7.3.2-20220804-6354275  User: oesteban  Machine: dna087  Platform: Linux  PlatformVersion: 5.14.0-427.37.1.el9_4.x86_64  CompilerName: GCC  CompilerVersion: 8.4.0
ProgramName: mris_anatomical_stats  ProgramArguments: mris_anatomical_stats -all-info  ProgramVersion: 7.3.2  TimeStamp: 2026/03/10-08:11:44-GMT  BuildTime: Aug  4 2022 06:17:15  BuildStamp: freesurfer-linux-ubuntu22_x86_64-7.3.2-20220804-6354275  User: oesteban  Machine: dna087  Platform: Linux  PlatformVersion: 5.14.0-427.37.1.el9_4.x86_64  CompilerName: GCC  CompilerVersion: 8.4.0
ProgramName: mris_ca_label  ProgramArguments: mris_ca_label -all-info  ProgramVersion: 7.3.2  TimeStamp: 2026/03/10-08:11:44-GMT  BuildTime: Aug  4 2022 06:17:15  BuildStamp: freesurfer-linux-ubuntu22_x86_64-7.3.2-20220804-6354275  User: oesteban  Machine: dna087  Platform: Linux  PlatformVersion: 5.14.0-427.37.1.el9_4.x86_64  CompilerName: GCC  CompilerVersion: 8.4.0
ProgramName: mris_calc  ProgramArguments: mris_calc -all-info  ProgramVersion: 7.3.2  TimeStamp: 2026/03/10-08:11:44-GMT  BuildTime: Aug  4 2022 06:17:15  BuildStamp: freesurfer-linux-ubuntu22_x86_64-7.3.2-20220804-6354275  User: oesteban  Machine: dna087  Platform: Linux  PlatformVersion: 5.14.0-427.37.1.el9_4.x86_64  CompilerName: GCC  CompilerVersion: 8.4.0
ProgramName: mris_convert  ProgramArguments: mris_convert -all-info  ProgramVersion: 7.3.2  TimeStamp: 2026/03/10-08:11:44-GMT  BuildTime: Aug  4 2022 06:17:15  BuildStamp: freesurfer-linux-ubuntu22_x86_64-7.3.2-20220804-6354275  User: oesteban  Machine: dna087  Platform: Linux  PlatformVersion: 5.14.0-427.37.1.el9_4.x86_64  CompilerName: GCC  CompilerVersion: 8.4.0
ProgramName: mris_curvature  ProgramArguments: mris_curvature -all-info  ProgramVersion: 7.3.2  TimeStamp: 2026/03/10-08:11:44-GMT  BuildTime: Aug  4 2022 06:17:15  BuildStamp: freesurfer-linux-ubuntu22_x86_64-7.3.2-20220804-6354275  User: oesteban  Machine: dna087  Platform: Linux  PlatformVersion: 5.14.0-427.37.1.el9_4.x86_64  CompilerName: GCC  CompilerVersion: 8.4.0
ProgramName: mris_curvature_stats  ProgramArguments: mris_curvature_stats -all-info  ProgramVersion: 7.3.2  TimeStamp: 2026/03/10-08:11:44-GMT  BuildTime: Aug  4 2022 06:17:15  BuildStamp: freesurfer-linux-ubuntu22_x86_64-7.3.2-20220804-6354275  User: oesteban  Machine: dna087  Platform: Linux  PlatformVersion: 5.14.0-427.37.1.el9_4.x86_64  CompilerName: GCC  CompilerVersion: 8.4.0
ProgramName: mris_diff  ProgramArguments: mris_diff -all-info  ProgramVersion: 7.3.2  TimeStamp: 2026/03/10-08:11:44-GMT  BuildTime: Aug  4 2022 06:17:15  BuildStamp: freesurfer-linux-ubuntu22_x86_64-7.3.2-20220804-6354275  User: oesteban  Machine: dna087  Platform: Linux  PlatformVersion: 5.14.0-427.37.1.el9_4.x86_64  CompilerName: GCC  CompilerVersion: 8.4.0
ProgramName: mris_divide_parcellation  ProgramArguments: mris_divide_parcellation -all-info  ProgramVersion: 7.3.2  TimeStamp: 2026/03/10-08:11:44-GMT  BuildTime: Aug  4 2022 06:17:15  BuildStamp: freesurfer-linux-ubuntu22_x86_64-7.3.2-20220804-6354275  User: oesteban  Machine: dna087  Platform: Linux  PlatformVersion: 5.14.0-427.37.1.el9_4.x86_64  CompilerName: GCC  CompilerVersion: 8.4.0
ProgramName: mri_segment  ProgramArguments: mri_segment -all-info  ProgramVersion: 7.3.2  TimeStamp: 2026/03/10-08:11:44-GMT  BuildTime: Aug  4 2022 06:17:15  BuildStamp: freesurfer-linux-ubuntu22_x86_64-7.3.2-20220804-6354275  User: oesteban  Machine: dna087  Platform: Linux  PlatformVersion: 5.14.0-427.37.1.el9_4.x86_64  CompilerName: GCC  CompilerVersion: 8.4.0
ProgramName: mri_segstats  ProgramArguments: mri_segstats -all-info  ProgramVersion: 7.3.2  TimeStamp: 2026/03/10-08:11:44-GMT  BuildTime: Aug  4 2022 06:17:15  BuildStamp: freesurfer-linux-ubuntu22_x86_64-7.3.2-20220804-6354275  User: oesteban  Machine: dna087  Platform: Linux  PlatformVersion: 5.14.0-427.37.1.el9_4.x86_64  CompilerName: GCC  CompilerVersion: 8.4.0
ProgramName: mris_euler_number  ProgramArguments: mris_euler_number -all-info  ProgramVersion: 7.3.2  TimeStamp: 2026/03/10-08:11:44-GMT  BuildTime: Aug  4 2022 06:17:15  BuildStamp: freesurfer-linux-ubuntu22_x86_64-7.3.2-20220804-6354275  User: oesteban  Machine: dna087  Platform: Linux  PlatformVersion: 5.14.0-427.37.1.el9_4.x86_64  CompilerName: GCC  CompilerVersion: 8.4.0
ProgramName: mris_fix_topology  ProgramArguments: mris_fix_topology -all-info  ProgramVersion: 7.3.2  TimeStamp: 2026/03/10-08:11:44-GMT  BuildTime: Aug  4 2022 06:17:15  BuildStamp: freesurfer-linux-ubuntu22_x86_64-7.3.2-20220804-6354275  User: oesteban  Machine: dna087  Platform: Linux  PlatformVersion: 5.14.0-427.37.1.el9_4.x86_64  CompilerName: GCC  CompilerVersion: 8.4.0
ProgramName: mris_topo_fixer  ProgramArguments: mris_topo_fixer -all-info  ProgramVersion: 7.3.2  TimeStamp: 2026/03/10-08:11:44-GMT  BuildTime: Aug  4 2022 06:17:15  BuildStamp: freesurfer-linux-ubuntu22_x86_64-7.3.2-20220804-6354275  User: oesteban  Machine: dna087  Platform: Linux  PlatformVersion: 5.14.0-427.37.1.el9_4.x86_64  CompilerName: GCC  CompilerVersion: 8.4.0
ProgramName: mris_jacobian  ProgramArguments: mris_jacobian -all-info  ProgramVersion: 7.3.2  TimeStamp: 2026/03/10-08:11:44-GMT  BuildTime: Aug  4 2022 06:17:15  BuildStamp: freesurfer-linux-ubuntu22_x86_64-7.3.2-20220804-6354275  User: oesteban  Machine: dna087  Platform: Linux  PlatformVersion: 5.14.0-427.37.1.el9_4.x86_64  CompilerName: GCC  CompilerVersion: 8.4.0
ProgramName: mris_label2annot  ProgramArguments: mris_label2annot -all-info  ProgramVersion: 7.3.2  TimeStamp: 2026/03/10-08:11:44-GMT  BuildTime: Aug  4 2022 06:17:15  BuildStamp: freesurfer-linux-ubuntu22_x86_64-7.3.2-20220804-6354275  User: oesteban  Machine: dna087  Platform: Linux  PlatformVersion: 5.14.0-427.37.1.el9_4.x86_64  CompilerName: GCC  CompilerVersion: 8.4.0
ProgramName: mris_left_right_register  ProgramArguments: mris_left_right_register -all-info  ProgramVersion: 7.3.2  TimeStamp: 2026/03/10-08:11:44-GMT  BuildTime: Aug  4 2022 06:17:15  BuildStamp: freesurfer-linux-ubuntu22_x86_64-7.3.2-20220804-6354275  User: oesteban  Machine: dna087  Platform: Linux  PlatformVersion: 5.14.0-427.37.1.el9_4.x86_64  CompilerName: GCC  CompilerVersion: 8.4.0
ProgramName: mris_place_surface  ProgramArguments: mris_place_surface -all-info  ProgramVersion: 7.3.2  TimeStamp: 2026/03/10-08:11:44-GMT  BuildTime: Aug  4 2022 06:17:15  BuildStamp: freesurfer-linux-ubuntu22_x86_64-7.3.2-20220804-6354275  User: oesteban  Machine: dna087  Platform: Linux  PlatformVersion: 5.14.0-427.37.1.el9_4.x86_64  CompilerName: GCC  CompilerVersion: 8.4.0
ProgramName: mrisp_paint  ProgramArguments: mrisp_paint -all-info  ProgramVersion: 7.3.2  TimeStamp: 2026/03/10-08:11:44-GMT  BuildTime: Aug  4 2022 06:17:15  BuildStamp: freesurfer-linux-ubuntu22_x86_64-7.3.2-20220804-6354275  User: oesteban  Machine: dna087  Platform: Linux  PlatformVersion: 5.14.0-427.37.1.el9_4.x86_64  CompilerName: GCC  CompilerVersion: 8.4.0
ProgramName: mris_register  ProgramArguments: mris_register -all-info  ProgramVersion: 7.3.2  TimeStamp: 2026/03/10-08:11:44-GMT  BuildTime: Aug  4 2022 06:17:15  BuildStamp: freesurfer-linux-ubuntu22_x86_64-7.3.2-20220804-6354275  User: oesteban  Machine: dna087  Platform: Linux  PlatformVersion: 5.14.0-427.37.1.el9_4.x86_64  CompilerName: GCC  CompilerVersion: 8.4.0
ProgramName: mris_smooth  ProgramArguments: mris_smooth -all-info  ProgramVersion: 7.3.2  TimeStamp: 2026/03/10-08:11:44-GMT  BuildTime: Aug  4 2022 06:17:15  BuildStamp: freesurfer-linux-ubuntu22_x86_64-7.3.2-20220804-6354275  User: oesteban  Machine: dna087  Platform: Linux  PlatformVersion: 5.14.0-427.37.1.el9_4.x86_64  CompilerName: GCC  CompilerVersion: 8.4.0
ProgramName: mris_sphere  ProgramArguments: mris_sphere -all-info  ProgramVersion: 7.3.2  TimeStamp: 2026/03/10-08:11:44-GMT  BuildTime: Aug  4 2022 06:17:15  BuildStamp: freesurfer-linux-ubuntu22_x86_64-7.3.2-20220804-6354275  User: oesteban  Machine: dna087  Platform: Linux  PlatformVersion: 5.14.0-427.37.1.el9_4.x86_64  CompilerName: GCC  CompilerVersion: 8.4.0
ProgramName: mris_surface_stats  ProgramArguments: mris_surface_stats -all-info  ProgramVersion: 7.3.2  TimeStamp: 2026/03/10-08:11:44-GMT  BuildTime: Aug  4 2022 06:17:15  BuildStamp: freesurfer-linux-ubuntu22_x86_64-7.3.2-20220804-6354275  User: oesteban  Machine: dna087  Platform: Linux  PlatformVersion: 5.14.0-427.37.1.el9_4.x86_64  CompilerName: GCC  CompilerVersion: 8.4.0
ProgramName: mri_stats2seg  ProgramArguments: mri_stats2seg -all-info  ProgramVersion: 7.3.2  TimeStamp: 2026/03/10-08:11:44-GMT  BuildTime: Aug  4 2022 06:17:15  BuildStamp: freesurfer-linux-ubuntu22_x86_64-7.3.2-20220804-6354275  User: oesteban  Machine: dna087  Platform: Linux  PlatformVersion: 5.14.0-427.37.1.el9_4.x86_64  CompilerName: GCC  CompilerVersion: 8.4.0
ProgramName: mris_thickness  ProgramArguments: mris_thickness -all-info  ProgramVersion: 7.3.2  TimeStamp: 2026/03/10-08:11:44-GMT  BuildTime: Aug  4 2022 06:17:15  BuildStamp: freesurfer-linux-ubuntu22_x86_64-7.3.2-20220804-6354275  User: oesteban  Machine: dna087  Platform: Linux  PlatformVersion: 5.14.0-427.37.1.el9_4.x86_64  CompilerName: GCC  CompilerVersion: 8.4.0
ProgramName: mris_thickness_diff  ProgramArguments: mris_thickness_diff -all-info  ProgramVersion: 7.3.2  TimeStamp: 2026/03/10-08:11:44-GMT  BuildTime: Aug  4 2022 06:17:15  BuildStamp: freesurfer-linux-ubuntu22_x86_64-7.3.2-20220804-6354275  User: oesteban  Machine: dna087  Platform: Linux  PlatformVersion: 5.14.0-427.37.1.el9_4.x86_64  CompilerName: GCC  CompilerVersion: 8.4.0
ProgramName: mris_topo_fixer  ProgramArguments: mris_topo_fixer -all-info  ProgramVersion: 7.3.2  TimeStamp: 2026/03/10-08:11:44-GMT  BuildTime: Aug  4 2022 06:17:15  BuildStamp: freesurfer-linux-ubuntu22_x86_64-7.3.2-20220804-6354275  User: oesteban  Machine: dna087  Platform: Linux  PlatformVersion: 5.14.0-427.37.1.el9_4.x86_64  CompilerName: GCC  CompilerVersion: 8.4.0
ProgramName: mri_surf2surf  ProgramArguments: mri_surf2surf -all-info  ProgramVersion: 7.3.2  TimeStamp: 2026/03/10-08:11:44-GMT  BuildTime: Aug  4 2022 06:17:15  BuildStamp: freesurfer-linux-ubuntu22_x86_64-7.3.2-20220804-6354275  User: oesteban  Machine: dna087  Platform: Linux  PlatformVersion: 5.14.0-427.37.1.el9_4.x86_64  CompilerName: GCC  CompilerVersion: 8.4.0
ProgramName: mri_surf2vol  ProgramArguments: mri_surf2vol -all-info  ProgramVersion: 7.3.2  TimeStamp: 2026/03/10-08:11:44-GMT  BuildTime: Aug  4 2022 06:17:15  BuildStamp: freesurfer-linux-ubuntu22_x86_64-7.3.2-20220804-6354275  User: oesteban  Machine: dna087  Platform: Linux  PlatformVersion: 5.14.0-427.37.1.el9_4.x86_64  CompilerName: GCC  CompilerVersion: 8.4.0
ProgramName: mri_surfcluster  ProgramArguments: mri_surfcluster -all-info  ProgramVersion: 7.3.2  TimeStamp: 2026/03/10-08:11:44-GMT  BuildTime: Aug  4 2022 06:17:15  BuildStamp: freesurfer-linux-ubuntu22_x86_64-7.3.2-20220804-6354275  User: oesteban  Machine: dna087  Platform: Linux  PlatformVersion: 5.14.0-427.37.1.el9_4.x86_64  CompilerName: GCC  CompilerVersion: 8.4.0
ProgramName: mris_volmask  ProgramArguments: mris_volmask -all-info  ProgramVersion: 7.3.2  TimeStamp: 2026/03/10-08:11:44-GMT  BuildTime: Aug  4 2022 06:17:15  BuildStamp: freesurfer-linux-ubuntu22_x86_64-7.3.2-20220804-6354275  User: oesteban  Machine: dna087  Platform: Linux  PlatformVersion: 5.14.0-427.37.1.el9_4.x86_64  CompilerName: GCC  CompilerVersion: 8.4.0
ProgramName: mri_tessellate  ProgramArguments: mri_tessellate -all-info  ProgramVersion: 7.3.2  TimeStamp: 2026/03/10-08:11:44-GMT  BuildTime: Aug  4 2022 06:17:15  BuildStamp: freesurfer-linux-ubuntu22_x86_64-7.3.2-20220804-6354275  User: oesteban  Machine: dna087  Platform: Linux  PlatformVersion: 5.14.0-427.37.1.el9_4.x86_64  CompilerName: GCC  CompilerVersion: 8.4.0
ProgramName: mri_vol2surf  ProgramArguments: mri_vol2surf -all-info  ProgramVersion: 7.3.2  TimeStamp: 2026/03/10-08:11:44-GMT  BuildTime: Aug  4 2022 06:17:15  BuildStamp: freesurfer-linux-ubuntu22_x86_64-7.3.2-20220804-6354275  User: oesteban  Machine: dna087  Platform: Linux  PlatformVersion: 5.14.0-427.37.1.el9_4.x86_64  CompilerName: GCC  CompilerVersion: 8.4.0
ProgramName: mri_vol2vol  ProgramArguments: mri_vol2vol -all-info  ProgramVersion: 7.3.2  TimeStamp: 2026/03/10-08:11:44-GMT  BuildTime: Aug  4 2022 06:17:15  BuildStamp: freesurfer-linux-ubuntu22_x86_64-7.3.2-20220804-6354275  User: oesteban  Machine: dna087  Platform: Linux  PlatformVersion: 5.14.0-427.37.1.el9_4.x86_64  CompilerName: GCC  CompilerVersion: 8.4.0
ProgramName: mri_voldiff  ProgramArguments: mri_voldiff -all-info  ProgramVersion: 7.3.2  TimeStamp: 2026/03/10-08:11:44-GMT  BuildTime: Aug  4 2022 06:17:15  BuildStamp: freesurfer-linux-ubuntu22_x86_64-7.3.2-20220804-6354275  User: oesteban  Machine: dna087  Platform: Linux  PlatformVersion: 5.14.0-427.37.1.el9_4.x86_64  CompilerName: GCC  CompilerVersion: 8.4.0
ProgramName: mri_watershed  ProgramArguments: mri_watershed -all-info  ProgramVersion: 7.3.2  TimeStamp: 2026/03/10-08:11:44-GMT  BuildTime: Aug  4 2022 06:17:15  BuildStamp: freesurfer-linux-ubuntu22_x86_64-7.3.2-20220804-6354275  User: oesteban  Machine: dna087  Platform: Linux  PlatformVersion: 5.14.0-427.37.1.el9_4.x86_64  CompilerName: GCC  CompilerVersion: 8.4.0
ProgramName: tkregister2  ProgramArguments: tkregister2_cmdl -all-info  ProgramVersion: 7.3.2  TimeStamp: 2026/03/10-08:11:44-GMT  BuildTime: Aug  4 2022 06:17:15  BuildStamp: freesurfer-linux-ubuntu22_x86_64-7.3.2-20220804-6354275  User: oesteban  Machine: dna087  Platform: Linux  PlatformVersion: 5.14.0-427.37.1.el9_4.x86_64  CompilerName: GCC  CompilerVersion: 8.4.0
mri_motion_correct.fsl 7.3.2
mri_convert -all-info 
ProgramName: mri_convert  ProgramArguments: mri_convert -all-info  ProgramVersion: 7.3.2  TimeStamp: 2026/03/10-08:11:44-GMT  BuildTime: Aug  4 2022 06:17:15  BuildStamp: freesurfer-linux-ubuntu22_x86_64-7.3.2-20220804-6354275  User: oesteban  Machine: dna087  Platform: Linux  PlatformVersion: 5.14.0-427.37.1.el9_4.x86_64  CompilerName: GCC  CompilerVersion: 8.4.0
Program nu_correct, built from:
Package MNI N3, version 1.12.0, compiled by nicks@terrier (x86_64-unknown-linux-gnu) on 2015-06-19 at 01:25:34
#######################################
GCADIR /opt/freesurfer/average
GCA RB_all_2020-01-02.gca
GCASkull RB_all_withskull_2020_01_02.gca
AvgCurvTif folding.atlas.acfb40.noaparc.i12.2016-08-02.tif
GCSDIR /opt/freesurfer/average
GCS DKaparc.atlas.acfb40.noaparc.i12.2016-08-02.gcs
#######################################
#--------------------------------------------
#@# WhiteSurfs lh Tue Mar 10 09:11:44 CET 2026
cd /out/sourcedata/freesurfer/sub-v1s8x0051339_ses-1/mri
mris_place_surface --adgws-in ../surf/autodet.gw.stats.lh.dat --seg aseg.presurf.mgz --threads 16 --wm wm.mgz --invol brain.finalsurfs.mgz --lh --i ../surf/lh.white.preaparc --o ../surf/lh.white --white --nsmooth 0 --rip-label ../label/lh.cortex.label --rip-bg --rip-surf ../surf/lh.white.preaparc --aparc ../label/lh.aparc.annot
   Update not needed
#--------------------------------------------
#@# WhiteSurfs rh Tue Mar 10 09:11:44 CET 2026
cd /out/sourcedata/freesurfer/sub-v1s8x0051339_ses-1/mri
mris_place_surface --adgws-in ../surf/autodet.gw.stats.rh.dat --seg aseg.presurf.mgz --threads 16 --wm wm.mgz --invol brain.finalsurfs.mgz --rh --i ../surf/rh.white.preaparc --o ../surf/rh.white --white --nsmooth 0 --rip-label ../label/rh.cortex.label --rip-bg --rip-surf ../surf/rh.white.preaparc --aparc ../label/rh.aparc.annot
   Update not needed
#@# white curv lh Tue Mar 10 09:11:44 CET 2026
cd /out/sourcedata/freesurfer/sub-v1s8x0051339_ses-1/mri
mris_place_surface --curv-map ../surf/lh.white 2 10 ../surf/lh.curv
   Update not needed
#@# white area lh Tue Mar 10 09:11:44 CET 2026
cd /out/sourcedata/freesurfer/sub-v1s8x0051339_ses-1/mri
mris_place_surface --area-map ../surf/lh.white ../surf/lh.area
   Update not needed
#@# pial curv lh Tue Mar 10 09:11:44 CET 2026
cd /out/sourcedata/freesurfer/sub-v1s8x0051339_ses-1/mri
mris_place_surface --curv-map ../surf/lh.pial 2 10 ../surf/lh.curv.pial
   Update not needed
#@# pial area lh Tue Mar 10 09:11:44 CET 2026
cd /out/sourcedata/freesurfer/sub-v1s8x0051339_ses-1/mri
mris_place_surface --area-map ../surf/lh.pial ../surf/lh.area.pial
   Update not needed
#@# thickness lh Tue Mar 10 09:11:44 CET 2026
cd /out/sourcedata/freesurfer/sub-v1s8x0051339_ses-1/mri
mris_place_surface --thickness ../surf/lh.white ../surf/lh.pial 20 5 ../surf/lh.thickness
   Update not needed
#@# area and vertex vol lh Tue Mar 10 09:11:44 CET 2026
cd /out/sourcedata/freesurfer/sub-v1s8x0051339_ses-1/mri
mris_place_surface --thickness ../surf/lh.white ../surf/lh.pial 20 5 ../surf/lh.thickness
   Update not needed
#@# white curv rh Tue Mar 10 09:11:44 CET 2026
cd /out/sourcedata/freesurfer/sub-v1s8x0051339_ses-1/mri
mris_place_surface --curv-map ../surf/rh.white 2 10 ../surf/rh.curv
   Update not needed
#@# white area rh Tue Mar 10 09:11:44 CET 2026
cd /out/sourcedata/freesurfer/sub-v1s8x0051339_ses-1/mri
mris_place_surface --area-map ../surf/rh.white ../surf/rh.area
   Update not needed
#@# pial curv rh Tue Mar 10 09:11:44 CET 2026
cd /out/sourcedata/freesurfer/sub-v1s8x0051339_ses-1/mri
mris_place_surface --curv-map ../surf/rh.pial 2 10 ../surf/rh.curv.pial
   Update not needed
#@# pial area rh Tue Mar 10 09:11:44 CET 2026
cd /out/sourcedata/freesurfer/sub-v1s8x0051339_ses-1/mri
mris_place_surface --area-map ../surf/rh.pial ../surf/rh.area.pial
   Update not needed
#@# thickness rh Tue Mar 10 09:11:44 CET 2026
cd /out/sourcedata/freesurfer/sub-v1s8x0051339_ses-1/mri
mris_place_surface --thickness ../surf/rh.white ../surf/rh.pial 20 5 ../surf/rh.thickness
   Update not needed
#@# area and vertex vol rh Tue Mar 10 09:11:44 CET 2026
cd /out/sourcedata/freesurfer/sub-v1s8x0051339_ses-1/mri
mris_place_surface --thickness ../surf/rh.white ../surf/rh.pial 20 5 ../surf/rh.thickness
   Update not needed

#-----------------------------------------
#@# Curvature Stats lh Tue Mar 10 09:11:44 CET 2026
/out/sourcedata/freesurfer/sub-v1s8x0051339_ses-1/surf

 mris_curvature_stats -m --writeCurvatureFiles -G -o ../stats/lh.curv.stats -F smoothwm sub-v1s8x0051339_ses-1 lh curv sulc 

             Toggling save flag on curvature files                       [ ok ]
                 Outputting results using filestem   [ ../stats/lh.curv.stats ]
             Toggling save flag on curvature files                       [ ok ]
                                   Setting surface [ sub-v1s8x0051339_ses-1/lh.smoothwm ]
                                Reading surface...                       [ ok ]
                                   Setting texture                     [ curv ]
                                Reading texture...                       [ ok ]
                                   Setting texture                     [ sulc ]
                                Reading texture...Gb_filter = 0
                       [ ok ]
      Calculating Discrete Principal Curvatures...
      Determining geometric order for vno faces... [####################] [ ok ]
                      Determining KH curvatures... [####################] [ ok ]
                    Determining k1k2 curvatures... [####################] [ ok ]
                                   deltaViolations                      [ 253 ]
Gb_filter = 0

WARN:    S lookup   min:                          -0.093487
WARN:    S explicit min:                          0.000000	vertex = 422

#-----------------------------------------
#@# Curvature Stats rh Tue Mar 10 09:11:46 CET 2026
/out/sourcedata/freesurfer/sub-v1s8x0051339_ses-1/surf

 mris_curvature_stats -m --writeCurvatureFiles -G -o ../stats/rh.curv.stats -F smoothwm sub-v1s8x0051339_ses-1 rh curv sulc 

             Toggling save flag on curvature files                       [ ok ]
                 Outputting results using filestem   [ ../stats/rh.curv.stats ]
             Toggling save flag on curvature files                       [ ok ]
                                   Setting surface [ sub-v1s8x0051339_ses-1/rh.smoothwm ]
                                Reading surface...                       [ ok ]
                                   Setting texture                     [ curv ]
                                Reading texture...                       [ ok ]
                                   Setting texture                     [ sulc ]
                                Reading texture...Gb_filter = 0
                       [ ok ]
      Calculating Discrete Principal Curvatures...
      Determining geometric order for vno faces... [####################] [ ok ]
                      Determining KH curvatures... [####################] [ ok ]
                    Determining k1k2 curvatures... [####################] [ ok ]
                                   deltaViolations                      [ 238 ]
Gb_filter = 0

WARN:    S lookup   min:                          -0.228557
WARN:    S explicit min:                          0.000000	vertex = 605
#-----------------------------------------
#@# Relabel Hypointensities Tue Mar 10 09:11:48 CET 2026
/out/sourcedata/freesurfer/sub-v1s8x0051339_ses-1/mri

 mri_relabel_hypointensities aseg.presurf.mgz ../surf aseg.presurf.hypos.mgz 

reading input surface ../surf/lh.white...
relabeling lh hypointensities...
3321 voxels changed to hypointensity...
reading input surface ../surf/rh.white...
relabeling rh hypointensities...
4102 voxels changed to hypointensity...
7397 hypointense voxels neighboring cortex changed
#-----------------------------------------
#@# APas-to-ASeg Tue Mar 10 09:11:59 CET 2026
/out/sourcedata/freesurfer/sub-v1s8x0051339_ses-1/mri

 mri_surf2volseg --o aseg.mgz --i aseg.presurf.hypos.mgz --fix-presurf-with-ribbon /out/sourcedata/freesurfer/sub-v1s8x0051339_ses-1/mri/ribbon.mgz --threads 16 --lh-cortex-mask /out/sourcedata/freesurfer/sub-v1s8x0051339_ses-1/label/lh.cortex.label --lh-white /out/sourcedata/freesurfer/sub-v1s8x0051339_ses-1/surf/lh.white --lh-pial /out/sourcedata/freesurfer/sub-v1s8x0051339_ses-1/surf/lh.pial --rh-cortex-mask /out/sourcedata/freesurfer/sub-v1s8x0051339_ses-1/label/rh.cortex.label --rh-white /out/sourcedata/freesurfer/sub-v1s8x0051339_ses-1/surf/rh.white --rh-pial /out/sourcedata/freesurfer/sub-v1s8x0051339_ses-1/surf/rh.pial 

SUBJECTS_DIR /out/sourcedata/freesurfer
outvol aseg.mgz
16 avail.processors, using 16
Loading aseg.presurf.hypos.mgz
Loading /out/sourcedata/freesurfer/sub-v1s8x0051339_ses-1/mri/ribbon.mgz
Loading /out/sourcedata/freesurfer/sub-v1s8x0051339_ses-1/surf/lh.white
Loading /out/sourcedata/freesurfer/sub-v1s8x0051339_ses-1/surf/lh.pial
Loading /out/sourcedata/freesurfer/sub-v1s8x0051339_ses-1/label/lh.cortex.label
Loading /out/sourcedata/freesurfer/sub-v1s8x0051339_ses-1/surf/rh.white
Loading /out/sourcedata/freesurfer/sub-v1s8x0051339_ses-1/surf/rh.pial
Loading /out/sourcedata/freesurfer/sub-v1s8x0051339_ses-1/label/rh.cortex.label
Done loading
144  96 224  48 176 240 192 208 112  80  64  32 128 160  16   0  17  33 241   1  49 209  18 225  34 242  50   2 193  81  65  19 
 35 226  97 243  51   3  20 177  36 227  52 244   4 161  21 113  37 194 210  82  22  53 245   5  38 145  66  23 211  54   6 246 195  39 
 24 212   7  98  55 247 162 178  25  40  83 228 213   8  56  26 248  41  67 196 229  27 214   9  42  57 249 146  28 230  10 215  43 250  58  29 129 197 179 
 84  68  44  11 231 216  99 
163  59 
251  30  45 198  12 217 232  60 252  31  46 199 
 13 218  69 233 253  47 200  14 219 
114  85 180 234  61 147 254  15 201 220 100 235  70 164 255 221 202  62 236 222 203 181  86  71 237 223 204 148 238  63 205  72 101 239 
 87 206 165 182 207 149 115  88  73 130 102 166 183 150  89 184  74 167 103 151 185  90 116 186  75 152 104 168 131 187  91 188 153  76  92 105 169 189 117  77 190  93 154 170 106 191  78  94 132 155 171 118  95  79 
156 107 119 
172 157 108 120 133 173 158 121 109 174 159 
134 122 110 175 135 123 111 124 136 125 137 126 138 127 139 
140 141 142 143 
nrelabeled = 134051
ndotcheck = 0
Starting Surf2VolSeg free
free done
#VMPC# mri_surf2volseg VmPeak  1986676
mri_surf2volseg done

 mri_brainvol_stats sub-v1s8x0051339_ses-1 

ComputeBrainVolumeStats2 VoxelVol=1, KeepCSF=1
  #CBVS2 MaskVol              1648500.0
  #CBVS2 BrainSegVol          1341741.0
  #CBVS2 BrainSegVolNotVent   1322221.0
  #CBVS2 SupraTentVol         1196417.0
  #CBVS2 SupraTentVolNotVent  1176897.0
  #CBVS2 lhCtxGM               273131.1
  #CBVS2 rhCtxGM               272644.6
  #CBVS2 lhCerebralWM          281155.0
  #CBVS2 rhCerebralWM          279990.0
  #CBVS2 SubCortGMVol           70576.0
  #CBVS2 CerebellumVol         145324.0
  #CBVS2 CerebellumGMVol       111128.0
  #CBVS2 VentChorVol            15588.0
  #CBVS2 3rd4th5thCSF            3932.0
  #CBVS2 AllCSF                 19520.0
  #CBVS2 CCVol                   3884.0
#-----------------------------------------
#@# AParc-to-ASeg aparc Tue Mar 10 09:12:06 CET 2026
/out/sourcedata/freesurfer/sub-v1s8x0051339_ses-1/mri

 mri_surf2volseg --o aparc+aseg.mgz --label-cortex --i aseg.mgz --threads 16 --lh-annot /out/sourcedata/freesurfer/sub-v1s8x0051339_ses-1/label/lh.aparc.annot 1000 --lh-cortex-mask /out/sourcedata/freesurfer/sub-v1s8x0051339_ses-1/label/lh.cortex.label --lh-white /out/sourcedata/freesurfer/sub-v1s8x0051339_ses-1/surf/lh.white --lh-pial /out/sourcedata/freesurfer/sub-v1s8x0051339_ses-1/surf/lh.pial --rh-annot /out/sourcedata/freesurfer/sub-v1s8x0051339_ses-1/label/rh.aparc.annot 2000 --rh-cortex-mask /out/sourcedata/freesurfer/sub-v1s8x0051339_ses-1/label/rh.cortex.label --rh-white /out/sourcedata/freesurfer/sub-v1s8x0051339_ses-1/surf/rh.white --rh-pial /out/sourcedata/freesurfer/sub-v1s8x0051339_ses-1/surf/rh.pial 

SUBJECTS_DIR /out/sourcedata/freesurfer
outvol aparc+aseg.mgz
16 avail.processors, using 16
Loading aseg.mgz
Loading /out/sourcedata/freesurfer/sub-v1s8x0051339_ses-1/surf/lh.white
Loading /out/sourcedata/freesurfer/sub-v1s8x0051339_ses-1/surf/lh.pial
Loading /out/sourcedata/freesurfer/sub-v1s8x0051339_ses-1/label/lh.cortex.label
Ripping lh vertices labeled not in lh.cortex.label
  ripped 8659 vertices from lh hemi
Loading /out/sourcedata/freesurfer/sub-v1s8x0051339_ses-1/label/lh.aparc.annot
Loading /out/sourcedata/freesurfer/sub-v1s8x0051339_ses-1/surf/rh.white
Loading /out/sourcedata/freesurfer/sub-v1s8x0051339_ses-1/surf/rh.pial
Loading /out/sourcedata/freesurfer/sub-v1s8x0051339_ses-1/label/rh.cortex.label
Ripping rh vertices labeled not in rh.cortex.label
  ripped 8943 vertices from rh hemi
Loading /out/sourcedata/freesurfer/sub-v1s8x0051339_ses-1/label/rh.aparc.annot
Done loading
  0  64 144 160  16 208 176  80 128 224 240  32 112  48  96 192 225 209  17   1 241  33 226  18 210   2  34 242 227  19 
211   3 243  35 228  20 212   4  49  36 244  21   5  50 213 245  37   6  22 214  51 246  38  23 215  52 247  39 
229  24 216  53 248 230  40  25 217  54 249 231  41  26   7 218 250 232  42  27   8 219 
251 233  43  28   9 220 252  44 234  29 221  55 253 235  45  30 222  56 236 254  46  31 223  57 237 255  47  10 238  11  58 239 
 12  59 
 13  60  14  15  61  62  63  65 193  66 194 145 113 195 196  97 197 198 199 
200 201 202 203 204 205 206 207  67 129 161  81 146 114  68  98 177 130  69 147 115  99 
162 131  70 148  82 116 100 178 132  71 149 117 101 163 133 150  72 118  83 102 179 
151 134 119 
 73 152 103 164 135 120 180 153 104  84  74 165 136 121 154 105  75 181 166 122 155 106  85  76 137 156 167 107 123  77 182 108 157 124 168 138  86  78 109 158 110 125  79 
183 169 139 
159 
111  87 126 140 170 184 127 141 171  88 185 142 172 186 143 173  89 187 188 174 189  90 175 190 191  91  92  93  94  95 
nrelabeled = 545122
ndotcheck = 31624
Starting Surf2VolSeg free
free done
#VMPC# mri_surf2volseg VmPeak  1970972
mri_surf2volseg done
#-----------------------------------------
#@# AParc-to-ASeg aparc.a2009s Tue Mar 10 09:12:31 CET 2026
/out/sourcedata/freesurfer/sub-v1s8x0051339_ses-1/mri

 mri_surf2volseg --o aparc.a2009s+aseg.mgz --label-cortex --i aseg.mgz --threads 16 --lh-annot /out/sourcedata/freesurfer/sub-v1s8x0051339_ses-1/label/lh.aparc.a2009s.annot 11100 --lh-cortex-mask /out/sourcedata/freesurfer/sub-v1s8x0051339_ses-1/label/lh.cortex.label --lh-white /out/sourcedata/freesurfer/sub-v1s8x0051339_ses-1/surf/lh.white --lh-pial /out/sourcedata/freesurfer/sub-v1s8x0051339_ses-1/surf/lh.pial --rh-annot /out/sourcedata/freesurfer/sub-v1s8x0051339_ses-1/label/rh.aparc.a2009s.annot 12100 --rh-cortex-mask /out/sourcedata/freesurfer/sub-v1s8x0051339_ses-1/label/rh.cortex.label --rh-white /out/sourcedata/freesurfer/sub-v1s8x0051339_ses-1/surf/rh.white --rh-pial /out/sourcedata/freesurfer/sub-v1s8x0051339_ses-1/surf/rh.pial 

SUBJECTS_DIR /out/sourcedata/freesurfer
outvol aparc.a2009s+aseg.mgz
16 avail.processors, using 16
Loading aseg.mgz
Loading /out/sourcedata/freesurfer/sub-v1s8x0051339_ses-1/surf/lh.white
Loading /out/sourcedata/freesurfer/sub-v1s8x0051339_ses-1/surf/lh.pial
Loading /out/sourcedata/freesurfer/sub-v1s8x0051339_ses-1/label/lh.cortex.label
Ripping lh vertices labeled not in lh.cortex.label
  ripped 8659 vertices from lh hemi
Loading /out/sourcedata/freesurfer/sub-v1s8x0051339_ses-1/label/lh.aparc.a2009s.annot
Loading /out/sourcedata/freesurfer/sub-v1s8x0051339_ses-1/surf/rh.white
Loading /out/sourcedata/freesurfer/sub-v1s8x0051339_ses-1/surf/rh.pial
Loading /out/sourcedata/freesurfer/sub-v1s8x0051339_ses-1/label/rh.cortex.label
Ripping rh vertices labeled not in rh.cortex.label
  ripped 8943 vertices from rh hemi
Loading /out/sourcedata/freesurfer/sub-v1s8x0051339_ses-1/label/rh.aparc.a2009s.annot
Done loading
112 144   0  96 192 224 160  32 176 240  48  64 208  16  80 128 225  49 241   1 209  33  17  50 226   2  34  18 210 242  51 227   3  35  19 
211 243  52 228   4  36  20  53 212 244  54 229   5  37  21 213 245  55 230   6  22  38 214 246  56 231   7  57  39 
 23 215 247 232  58   8 216  40  24 248  59 
233   9 217  25  41  60 249 234  10 218  26  42 250 235  11 219 
 61  27  43 251 236  12 220  28  44 252 237  13 221  29  45 253 238  14  30  46 222 254 239 
 15  31  47 223 255  62  63  65 193  66 194 145 195  67 196  97 197 198 199 
200 201 202 203 204 205 206 207 113 129 177  68  81 161 146  69  98  70 114 130 178  82 147  71 162  99 
 72 131 115 148 179 
 83  73 149 100 132 116 180 163  74 150  84 117 181 133 101 151  75  85 152 164 118 182  76 134 102 153  86 183 119 
 77 154 165 103  87 184 135  78 155 120 185 104  88 156  79 
166 186 121 187 157 105  89 136 188 158 189 122 106  90 167 190 159 
191  91 123 107 137  92 168 108 124  93 109  94 169 110 125 138  95 111 126 170 139 
140 127 171 141 142 172 143 173 174 175 
nrelabeled = 545122
ndotcheck = 31624
Starting Surf2VolSeg free
free done
#VMPC# mri_surf2volseg VmPeak  1971068
mri_surf2volseg done
#-----------------------------------------
#@# AParc-to-ASeg aparc.DKTatlas Tue Mar 10 09:12:57 CET 2026
/out/sourcedata/freesurfer/sub-v1s8x0051339_ses-1/mri

 mri_surf2volseg --o aparc.DKTatlas+aseg.mgz --label-cortex --i aseg.mgz --threads 16 --lh-annot /out/sourcedata/freesurfer/sub-v1s8x0051339_ses-1/label/lh.aparc.DKTatlas.annot 1000 --lh-cortex-mask /out/sourcedata/freesurfer/sub-v1s8x0051339_ses-1/label/lh.cortex.label --lh-white /out/sourcedata/freesurfer/sub-v1s8x0051339_ses-1/surf/lh.white --lh-pial /out/sourcedata/freesurfer/sub-v1s8x0051339_ses-1/surf/lh.pial --rh-annot /out/sourcedata/freesurfer/sub-v1s8x0051339_ses-1/label/rh.aparc.DKTatlas.annot 2000 --rh-cortex-mask /out/sourcedata/freesurfer/sub-v1s8x0051339_ses-1/label/rh.cortex.label --rh-white /out/sourcedata/freesurfer/sub-v1s8x0051339_ses-1/surf/rh.white --rh-pial /out/sourcedata/freesurfer/sub-v1s8x0051339_ses-1/surf/rh.pial 

SUBJECTS_DIR /out/sourcedata/freesurfer
outvol aparc.DKTatlas+aseg.mgz
16 avail.processors, using 16
Loading aseg.mgz
Loading /out/sourcedata/freesurfer/sub-v1s8x0051339_ses-1/surf/lh.white
Loading /out/sourcedata/freesurfer/sub-v1s8x0051339_ses-1/surf/lh.pial
Loading /out/sourcedata/freesurfer/sub-v1s8x0051339_ses-1/label/lh.cortex.label
Ripping lh vertices labeled not in lh.cortex.label
  ripped 8659 vertices from lh hemi
Loading /out/sourcedata/freesurfer/sub-v1s8x0051339_ses-1/label/lh.aparc.DKTatlas.annot
Loading /out/sourcedata/freesurfer/sub-v1s8x0051339_ses-1/surf/rh.white
Loading /out/sourcedata/freesurfer/sub-v1s8x0051339_ses-1/surf/rh.pial
Loading /out/sourcedata/freesurfer/sub-v1s8x0051339_ses-1/label/rh.cortex.label
Ripping rh vertices labeled not in rh.cortex.label
  ripped 8943 vertices from rh hemi
Loading /out/sourcedata/freesurfer/sub-v1s8x0051339_ses-1/label/rh.aparc.DKTatlas.annot
Done loading
  0 208 176 192 224 144  32  48 128 112  64  80  96 160  16 240 225   1 241 209  17  33 226  49   2  18 242 210  34 227  50   3  19 
211 243  35 228  51   4  20 212 244  36 229   5  52  37  21 230 213 245   6  38  53 231  22 214 246   7 232  54  39 
 23 233 215 247   8  55 234  40  24 216 248   9  56 235  41  25  10 217 249  57 236  26  42  11 218 250  58 237  27  43  12 219 
 59 
251 238  28  13  44  60 220  29  14 239 
252  45 221  30  15 253  46 222  61  31 254  47 223 255  62  63  65  66 193 113  67 194 161  81 195  68 196 197 198 199 
200 201 202 203 204 205 145 206 207  97 114  69 177 129 162  70  82 115  71 146  98 163 116  72 130 178  83 117  73 131  99 
164 147  84 118 179 
 74 132 165 100 119 
 75 148  85 133 180 166  76 120 134 101 149  86 181  77 121 150 135  87 182 122 167  78 102 151  88 183 136 123 152  79 
103 184  89 153 168 124 137 185 154 125  90 104 186 155 169 138 187  91 126 105 188 156  92 189 139 
127 157 190 170 106 191  93 158 140 107  94 159 
171 141  95 108 142 172 109 143 173 110 174 111 175 
nrelabeled = 545122
ndotcheck = 31624
Starting Surf2VolSeg free
free done
#VMPC# mri_surf2volseg VmPeak  1970980
mri_surf2volseg done
#-----------------------------------------
#@# WMParc Tue Mar 10 09:13:17 CET 2026
/out/sourcedata/freesurfer/sub-v1s8x0051339_ses-1/mri

 mri_surf2volseg --o wmparc.mgz --label-wm --i aparc+aseg.mgz --threads 16 --lh-annot /out/sourcedata/freesurfer/sub-v1s8x0051339_ses-1/label/lh.aparc.annot 3000 --lh-cortex-mask /out/sourcedata/freesurfer/sub-v1s8x0051339_ses-1/label/lh.cortex.label --lh-white /out/sourcedata/freesurfer/sub-v1s8x0051339_ses-1/surf/lh.white --lh-pial /out/sourcedata/freesurfer/sub-v1s8x0051339_ses-1/surf/lh.pial --rh-annot /out/sourcedata/freesurfer/sub-v1s8x0051339_ses-1/label/rh.aparc.annot 4000 --rh-cortex-mask /out/sourcedata/freesurfer/sub-v1s8x0051339_ses-1/label/rh.cortex.label --rh-white /out/sourcedata/freesurfer/sub-v1s8x0051339_ses-1/surf/rh.white --rh-pial /out/sourcedata/freesurfer/sub-v1s8x0051339_ses-1/surf/rh.pial 

SUBJECTS_DIR /out/sourcedata/freesurfer
outvol wmparc.mgz
16 avail.processors, using 16
Loading aparc+aseg.mgz
Loading /out/sourcedata/freesurfer/sub-v1s8x0051339_ses-1/surf/lh.white
Loading /out/sourcedata/freesurfer/sub-v1s8x0051339_ses-1/surf/lh.pial
Loading /out/sourcedata/freesurfer/sub-v1s8x0051339_ses-1/label/lh.cortex.label
Ripping lh vertices labeled not in lh.cortex.label
  ripped 8659 vertices from lh hemi
Loading /out/sourcedata/freesurfer/sub-v1s8x0051339_ses-1/label/lh.aparc.annot
Loading /out/sourcedata/freesurfer/sub-v1s8x0051339_ses-1/surf/rh.white
Loading /out/sourcedata/freesurfer/sub-v1s8x0051339_ses-1/surf/rh.pial
Loading /out/sourcedata/freesurfer/sub-v1s8x0051339_ses-1/label/rh.cortex.label
Ripping rh vertices labeled not in rh.cortex.label
  ripped 8943 vertices from rh hemi
Loading /out/sourcedata/freesurfer/sub-v1s8x0051339_ses-1/label/rh.aparc.annot
Done loading
192   0 208  80 224 112 160 240  64  96  32 128 144  48  16 176   1   2   3   4   5  49 209 225  33 241  17   6  65  50 210  34  18 242   7  51 226 211  19 
 35 243   8  52  66 227 212  53  20  36   9 244 228  54  21  10 245  37 213 193  55 229  22 246 214  38  56 230  23 215 247  57  39 
 67 231  58 194  24 216 248  40  59 
232  25 249 195  11  60 233  26 196 250  12  61 234 197  27  13 251  62 198 235  63  28 252 217 199 
236  29 253 200  68 218  41 237  30 201 254  42 219 
 31 238 202  14 255  43 203 239 
 15  44 204  45 205  46 206 220  47 207 221 222 223  69 129  70  71  81 130  72 177 131  73 132  82 161  74 133 178  97 113  75 145 134  83 135  76 179 
136  84  77 162 180 114 137  78  85 181  98  79 
138 182 146  86 163 183 115  87 139 
184 185  99 
164 186  88 187 188 140 116 147 189 190  89 191 165 100  90 141 117 166 148  91 101 142 167 118  92 168  93 102 143 149 119 
169  94 103 120 170  95 150 171 121 104 172 122 173 123 105 151 174 124 175 125 106 152 126 127 107 153 108 154 155 109 156 110 157 158 111 159 

nrelabeled = 557261
ndotcheck = 4447
Starting Surf2VolSeg free
free done
#VMPC# mri_surf2volseg VmPeak  1970972
mri_surf2volseg done

 mri_segstats --seed 1234 --seg mri/wmparc.mgz --sum stats/wmparc.stats --pv mri/norm.mgz --excludeid 0 --brainmask mri/brainmask.mgz --in mri/norm.mgz --in-intensity-name norm --in-intensity-units MR --subject sub-v1s8x0051339_ses-1 --surf-wm-vol --ctab /opt/freesurfer/WMParcStatsLUT.txt --etiv 

setting seed for random number genererator to 1234

7.3.2
cwd 
cmdline mri_segstats --seed 1234 --seg mri/wmparc.mgz --sum stats/wmparc.stats --pv mri/norm.mgz --excludeid 0 --brainmask mri/brainmask.mgz --in mri/norm.mgz --in-intensity-name norm --in-intensity-units MR --subject sub-v1s8x0051339_ses-1 --surf-wm-vol --ctab /opt/freesurfer/WMParcStatsLUT.txt --etiv 
sysname  Linux
hostname dna087
machine  x86_64
user     oesteban
whitesurfname  white
UseRobust  0
atlas_icv (eTIV) = 1623773 mm^3    (det: 1.199740 )
Loading mri/wmparc.mgz
Getting Brain Volume Statistics
Loading mri/norm.mgz
Loading mri/norm.mgz
Voxel Volume is 1 mm^3
Generating list of segmentation ids
Found 390 segmentations
Computing statistics for each segmentation

Reporting on  70 segmentations
Using PrintSegStat
mri_segstats done
#--------------------------------------------
#@# ASeg Stats Tue Mar 10 09:15:21 CET 2026
/out/sourcedata/freesurfer/sub-v1s8x0051339_ses-1

 mri_segstats --seed 1234 --seg mri/aseg.mgz --sum stats/aseg.stats --pv mri/norm.mgz --empty --brainmask mri/brainmask.mgz --brain-vol-from-seg --excludeid 0 --excl-ctxgmwm --supratent --subcortgray --in mri/norm.mgz --in-intensity-name norm --in-intensity-units MR --etiv --surf-wm-vol --surf-ctx-vol --totalgray --euler --ctab /opt/freesurfer/ASegStatsLUT.txt --subject sub-v1s8x0051339_ses-1 

setting seed for random number genererator to 1234

7.3.2
cwd 
cmdline mri_segstats --seed 1234 --seg mri/aseg.mgz --sum stats/aseg.stats --pv mri/norm.mgz --empty --brainmask mri/brainmask.mgz --brain-vol-from-seg --excludeid 0 --excl-ctxgmwm --supratent --subcortgray --in mri/norm.mgz --in-intensity-name norm --in-intensity-units MR --etiv --surf-wm-vol --surf-ctx-vol --totalgray --euler --ctab /opt/freesurfer/ASegStatsLUT.txt --subject sub-v1s8x0051339_ses-1 
sysname  Linux
hostname dna087
machine  x86_64
user     oesteban
whitesurfname  white
UseRobust  0
atlas_icv (eTIV) = 1623773 mm^3    (det: 1.199740 )
Computing euler number
orig.nofix lheno =  -24, rheno = -8
orig.nofix lhholes =   13, rhholes = 5
Loading mri/aseg.mgz
Getting Brain Volume Statistics
Loading mri/norm.mgz
Loading mri/norm.mgz
Voxel Volume is 1 mm^3
Generating list of segmentation ids
Found  50 segmentations
Computing statistics for each segmentation

Reporting on  45 segmentations
Using PrintSegStat
mri_segstats done

Started at Tue Mar 10 09:11:43 CET 2026 
Ended   at Tue Mar 10 09:15:40 CET 2026
#@#%# recon-all-run-time-hours 0.066
recon-all -s sub-v1s8x0051339_ses-1 finished without error at Tue Mar 10 09:15:40 CET 2026
