#!ascii label  , from subject sub-v1s8x0051336_ses-1 vox2ras=TkReg
3085
40411  -4.052  -45.092  86.030 0.6250000000
40412  -4.342  -44.352  86.475 0.6250000000
137389  -4.512  -44.480  85.690 0.6250000000
41294  -5.024  -43.943  86.166 0.5000000000
40433  -4.600  -44.635  84.940 0.6250000000
41303  -5.226  -44.243  84.575 0.6250000000
41295  -5.664  -43.515  85.827 0.5000000000
42208  -5.478  -43.319  86.599 0.5000000000
40443  -4.697  -44.928  84.210 0.6250000000
127431  -6.072  -44.055  84.333 0.6250000000
42209  -6.197  -42.962  86.275 0.5000000000
122654  -4.920  -45.314  83.486 0.5000000000
42210  -6.778  -42.435  85.870 0.5000000000
42198  -5.993  -42.751  87.035 0.5000000000
42246  -6.419  -43.288  84.719 0.5000000000
42225  -6.330  -43.136  85.505 0.5000000000
43229  -7.320  -41.818  86.239 0.5000000000
42226  -6.830  -42.511  85.084 0.5000000000
43240  -7.874  -41.235  84.938 0.6250000000
43254  -7.975  -41.340  84.202 0.6250000000
43230  -7.920  -41.029  85.759 0.5000000000
44271  -9.413  -39.481  85.802 0.1250000000
118038  -9.226  -39.878  85.119 0.3750000000
44278  -9.314  -40.566  84.474 0.6250000000
128277  -9.672  -38.926  86.108 0.1250000000
44279  -9.974  -39.843  84.771 0.5000000000
45309  -9.870  -38.812  85.488 0.2500000000
44302  -10.494  -40.500  83.450 0.6250000000
43279  -10.137  -41.634  81.996 0.6250000000
45300  -9.611  -38.778  86.716 0.1250000000
50326  -25.530  -35.700  87.108 0.3750000000
45301  -9.826  -38.204  86.006 0.1250000000
49326  -25.157  -35.968  85.349 0.3750000000
49317  -25.824  -36.406  86.545 0.3750000000
49305  -26.141  -36.190  87.473 0.3750000000
45320  -10.286  -39.088  84.871 0.3750000000
121839  -9.796  -39.323  85.182 0.2500000000
49327  -25.633  -36.402  85.693 0.3750000000
48296  -26.564  -36.880  86.579 0.3750000000
45332  -10.751  -39.310  84.223 0.6250000000
48331  -25.844  -36.999  83.542 0.7500000000
49336  -25.460  -36.383  84.791 0.5000000000
48308  -26.056  -36.761  85.102 0.5000000000
48309  -26.761  -37.127  85.390 0.5000000000
48287  -28.294  -37.033  87.321 0.5000000000
49308  -30.024  -36.436  88.223 0.3750000000
44314  -10.872  -40.407  82.325 0.7500000000
48318  -25.890  -36.842  84.288 0.7500000000
48320  -27.171  -37.429  84.589 0.7500000000
120819  -27.393  -37.252  86.030 0.6250000000
138370  -27.976  -37.285  86.485 0.5000000000
48298  -28.680  -37.391  86.397 0.5000000000
138527  -30.484  -36.929  87.563 0.3750000000
48290  -31.331  -36.963  87.409 0.3750000000
48291  -32.084  -36.810  87.102 0.3750000000
44315  -11.054  -40.025  81.996 0.7500000000
127611  -25.876  -37.131  82.893 0.8750000000
47318  -27.107  -37.589  83.799 0.8750000000
47309  -28.482  -37.967  84.815 0.7500000000
48310  -28.983  -37.794  85.602 0.5000000000
48300  -30.205  -37.546  86.187 0.5000000000
48301  -31.719  -37.369  86.385 0.3750000000
49311  -32.285  -36.060  87.373 0.3750000000
48332  -26.538  -37.486  83.130 0.8750000000
47320  -28.532  -38.230  83.921 0.7500000000
48311  -29.834  -37.915  85.556 0.5000000000
141267  -30.932  -37.880  85.573 0.6250000000
136196  -32.196  -37.433  85.757 0.5000000000
48302  -32.397  -37.046  86.236 0.3750000000
47349  -28.076  -38.498  82.651 1.0000000000
141160  -29.001  -38.359  84.283 0.7500000000
117570  -30.154  -38.309  84.771 0.8750000000
47322  -30.985  -38.403  84.460 0.7500000000
47311  -31.855  -37.734  85.557 0.6250000000
47312  -32.249  -37.702  85.131 0.5000000000
48312  -32.488  -37.244  85.502 0.5000000000
46353  -28.088  -38.916  81.996 1.0000000000
46354  -28.715  -39.166  82.389 1.0000000000
46340  -29.244  -39.126  83.068 0.8750000000
46331  -31.058  -38.798  83.699 0.7500000000
47323  -31.667  -38.463  84.021 0.7500000000
47324  -32.245  -38.056  84.218 0.6250000000
47313  -32.395  -37.519  84.762 0.5000000000
46372  -29.082  -39.708  81.699 1.0000000000
46355  -29.512  -39.435  82.313 1.0000000000
46356  -30.769  -39.285  82.667 0.7500000000
46344  -32.213  -38.700  82.645 0.6250000000
46370  -27.718  -39.014  81.286 1.0000000000
46371  -28.433  -39.401  81.559 1.0000000000
45380  -29.829  -39.811  81.619 1.0000000000
45364  -31.125  -39.613  81.970 0.8750000000
126120  -30.665  -40.039  81.465 1.0000000000
45365  -31.913  -39.500  81.697 0.8750000000
46373  -32.656  -39.274  81.450 0.8750000000
45397  -29.431  -40.148  80.399 1.0000000000
45399  -31.084  -40.502  80.627 1.0000000000
45383  -32.298  -39.943  81.117 0.8750000000
45384  -33.099  -39.632  80.996 0.8750000000
118657  -29.070  -40.013  79.514 1.0000000000
45414  -29.895  -40.270  79.581 1.0000000000
139521  -30.883  -40.613  80.052 1.0000000000
45400  -32.692  -40.322  80.344 1.0000000000
45401  -33.685  -39.865  80.426 1.0000000000
45430  -28.857  -39.829  78.705 1.0000000000
45432  -30.763  -40.423  78.631 1.0000000000
45417  -32.150  -40.614  79.589 1.0000000000
136572  -33.425  -40.239  79.591 1.0000000000
45402  -34.113  -39.849  79.790 1.0000000000
45531  -18.345  -40.772  72.024 0.1250000000
45544  -18.825  -40.284  71.450 0.1250000000
45452  -30.643  -40.213  77.820 1.0000000000
127989  -32.708  -40.269  78.079 1.0000000000
45435  -33.671  -40.106  78.092 1.0000000000
139657  -30.194  -39.946  76.404 1.0000000000
120162  -31.233  -40.270  77.161 1.0000000000
45475  -33.364  -40.075  76.660 1.0000000000
45455  -33.326  -40.113  77.459 1.0000000000
46506  -21.598  -39.224  71.460 0.1250000000
47435  -22.189  -38.882  71.962 0.1250000000
46490  -22.626  -39.569  72.592 0.1250000000
46491  -23.242  -39.524  72.762 0.1250000000
119584  -30.492  -39.967  75.704 1.0000000000
45491  -31.431  -40.180  75.429 1.0000000000
117943  -33.406  -40.044  75.728 1.0000000000
46476  -30.370  -39.829  73.170 0.8750000000
46460  -30.627  -39.783  74.004 1.0000000000
117708  -32.138  -40.300  74.441 1.0000000000
45509  -33.666  -40.032  73.560 1.0000000000
45536  -26.054  -40.848  71.453 0.3750000000
46495  -30.359  -40.273  72.409 0.8750000000
45507  -31.482  -40.110  73.981 0.8750000000
45508  -32.916  -40.371  73.488 0.8750000000
45522  -34.335  -39.997  72.841 0.8750000000
45548  -27.883  -40.510  70.768 0.6250000000
45311  -10.341  -38.517  84.909 0.5000000000
49334  -23.957  -35.353  84.177 0.5000000000
119433  -24.213  -35.767  83.961 0.5000000000
44292  -11.015  -39.688  83.445 0.6250000000
49344  -23.908  -35.987  83.389 0.5000000000
140242  -24.504  -36.094  83.725 0.5000000000
44305  -11.287  -39.694  82.343 0.7500000000
48330  -25.149  -36.464  83.869 0.6250000000
49310  -31.603  -36.309  87.862 0.3750000000
43292  -10.906  -40.071  81.069 0.8750000000
49345  -24.460  -36.350  83.145 0.6250000000
120434  -25.241  -36.757  83.047 0.7500000000
136010  -32.768  -35.710  86.795 0.3750000000
44328  -11.764  -39.942  80.523 0.8750000000
48342  -24.138  -36.461  82.479 0.6250000000
48352  -23.786  -36.414  81.811 0.7500000000
48344  -25.472  -37.142  82.264 0.8750000000
47346  -26.237  -37.394  82.471 0.8750000000
119014  -27.342  -37.983  82.891 0.8750000000
48303  -32.799  -36.660  85.894 0.3750000000
44341  -12.979  -40.528  80.301 0.8750000000
48353  -24.611  -36.957  81.793 0.8750000000
47347  -26.848  -37.836  82.290 0.8750000000
49320  -33.127  -35.833  86.182 0.2500000000
48313  -32.714  -36.935  85.239 0.3750000000
44354  -13.823  -40.790  78.817 0.7500000000
131703  -24.925  -37.159  80.882 0.8750000000
133262  -25.425  -37.202  80.067 0.8750000000
47367  -26.273  -37.594  80.938 1.0000000000
47348  -27.558  -38.381  82.065 1.0000000000
49329  -33.013  -36.175  85.530 0.3750000000
44355  -14.297  -40.450  78.315 0.7500000000
47375  -26.215  -37.600  79.620 0.8750000000
47368  -26.819  -37.998  80.225 1.0000000000
46345  -32.637  -38.462  82.395 0.5000000000
47336  -32.386  -38.277  83.223 0.6250000000
48321  -32.526  -37.134  84.343 0.5000000000
122225  -14.254  -41.387  76.015 0.5000000000
46381  -27.335  -38.707  80.582 1.0000000000
45379  -28.785  -39.931  81.051 1.0000000000
47337  -32.864  -38.050  82.914 0.5000000000
48333  -32.769  -37.391  83.362 0.5000000000
45464  -15.580  -39.256  75.301 0.6250000000
129660  -27.918  -39.432  79.697 1.0000000000
46360  -33.325  -38.276  81.393 0.7500000000
47350  -32.945  -38.115  82.043 0.6250000000
45483  -15.733  -39.820  74.627 0.6250000000
45413  -28.406  -39.647  79.261 1.0000000000
46383  -28.477  -39.798  80.212 1.0000000000
47369  -34.174  -38.133  80.431 1.0000000000
45502  -16.286  -40.158  73.834 0.5000000000
45449  -28.255  -39.203  78.062 1.0000000000
45429  -28.416  -39.520  78.543 1.0000000000
46375  -33.961  -38.634  81.083 1.0000000000
45516  -17.737  -40.234  72.744 0.3750000000
46487  -18.273  -39.834  72.064 0.5000000000
46414  -28.664  -39.355  77.357 1.0000000000
118881  -29.271  -39.940  78.131 1.0000000000
124675  -30.052  -40.104  78.350 1.0000000000
46395  -34.815  -38.650  78.917 1.0000000000
46385  -34.290  -39.185  80.382 1.0000000000
47417  -28.087  -38.129  74.738 1.0000000000
46439  -27.936  -37.608  75.719 1.0000000000
46440  -28.493  -38.291  75.793 1.0000000000
136750  -28.792  -39.093  75.925 1.0000000000
45470  -28.966  -39.564  76.535 1.0000000000
45451  -29.809  -39.951  77.585 1.0000000000
46404  -34.421  -39.349  78.458 1.0000000000
45419  -34.073  -40.026  78.907 1.0000000000
46504  -19.318  -39.621  71.127 0.1250000000
46519  -20.064  -39.274  70.773 0.1250000000
45489  -29.598  -39.789  76.030 1.0000000000
45471  -29.570  -39.865  76.814 1.0000000000
45476  -34.008  -39.989  77.219 1.0000000000
45436  -34.123  -39.869  78.060 1.0000000000
47446  -21.587  -38.378  71.220 0.1250000000
47447  -22.315  -38.084  71.551 0.2500000000
47437  -23.608  -38.842  71.797 0.1250000000
123419  -24.162  -38.363  71.137 0.1250000000
46507  -24.534  -39.051  71.251 0.1250000000
46457  -28.104  -39.049  74.072 1.0000000000
46458  -28.888  -39.272  74.148 1.0000000000
117988  -29.175  -39.359  74.854 1.0000000000
46428  -35.130  -38.889  76.010 0.8750000000
46427  -34.532  -39.364  76.586 1.0000000000
45547  -25.590  -40.179  71.235 0.1250000000
46459  -29.717  -39.507  74.111 1.0000000000
47408  -35.240  -38.339  74.880 0.8750000000
46443  -34.821  -39.261  74.136 0.7500000000
46520  -26.538  -39.202  70.492 0.6250000000
46521  -27.365  -39.102  70.490 0.7500000000
45549  -28.826  -40.285  70.866 0.6250000000
46493  -29.185  -39.722  71.372 0.7500000000
46474  -29.271  -39.587  72.470 0.7500000000
46462  -35.203  -38.825  73.611 0.7500000000
46461  -35.087  -39.479  72.927 0.7500000000
45559  -28.094  -39.748  70.530 0.7500000000
139589  -10.722  -38.864  84.349 0.5000000000
45334  -11.212  -38.948  83.306 0.6250000000
49343  -23.486  -35.610  83.510 0.5000000000
120433  -23.270  -35.916  83.067 0.6250000000
50362  -21.915  -35.001  82.112 0.6250000000
45357  -11.677  -39.406  81.895 0.8750000000
49355  -22.861  -35.781  82.540 0.6250000000
49365  -22.144  -35.334  81.664 0.7500000000
44317  -11.729  -39.533  81.056 0.8750000000
127610  -23.828  -36.157  82.940 0.6250000000
49356  -23.465  -36.126  82.504 0.7500000000
120541  -23.040  -36.020  81.887 0.7500000000
49366  -22.560  -35.752  81.313 0.7500000000
45373  -12.872  -39.371  80.681 0.8750000000
49367  -23.252  -36.223  81.011 0.7500000000
131254  -22.596  -35.853  80.569 0.7500000000
45391  -13.515  -39.992  80.235 0.7500000000
45407  -14.330  -39.576  78.491 0.7500000000
48363  -24.149  -36.671  81.048 0.8750000000
48364  -24.555  -36.760  80.283 0.8750000000
49337  -33.134  -35.764  84.359 0.3750000000
48314  -32.819  -36.383  84.824 0.3750000000
48322  -32.652  -36.579  83.895 0.3750000000
44366  -14.398  -40.755  77.488 0.7500000000
48376  -25.709  -37.148  79.215 0.8750000000
48385  -25.972  -36.962  78.476 0.8750000000
131930  -32.919  -36.156  83.567 0.3750000000
46410  -15.333  -38.753  76.504 0.7500000000
46411  -15.571  -38.331  76.056 0.7500000000
47383  -26.480  -37.596  78.771 1.0000000000
127799  -33.015  -36.866  82.352 0.3750000000
45463  -15.122  -39.822  75.617 0.7500000000
46423  -15.755  -38.435  75.483 0.7500000000
140515  -26.920  -38.046  78.724 1.0000000000
46392  -27.389  -38.801  79.696 1.0000000000
47351  -33.093  -37.551  81.660 0.3750000000
46435  -15.967  -38.746  74.838 0.6250000000
46403  -27.644  -38.606  78.155 1.0000000000
47360  -34.066  -37.264  80.527 1.0000000000
47359  -33.640  -37.754  80.970 0.8750000000
46451  -16.313  -39.160  74.074 0.6250000000
47423  -17.454  -38.145  73.482 0.6250000000
47400  -27.014  -37.628  76.909 1.0000000000
46412  -27.322  -38.086  77.529 1.0000000000
47370  -34.443  -37.692  79.870 1.0000000000
46468  -17.058  -39.692  73.472 0.5000000000
130810  -18.208  -38.154  72.696 0.6250000000
46425  -27.949  -37.840  76.733 1.0000000000
49411  -34.523  -36.948  79.015 1.0000000000
47416  -27.399  -37.806  74.172 1.0000000000
47385  -35.054  -38.122  78.389 1.0000000000
47434  -18.943  -38.029  71.700 0.5000000000
48447  -19.784  -37.941  71.006 0.3750000000
47393  -35.126  -38.244  77.483 1.0000000000
47459  -20.972  -38.041  70.730 0.2500000000
48449  -21.750  -37.576  70.969 0.3750000000
47448  -23.272  -38.001  71.313 0.2500000000
127301  -27.766  -38.577  73.845 1.0000000000
47425  -27.961  -38.916  73.119 1.0000000000
46473  -28.675  -39.222  73.242 0.8750000000
48408  -35.215  -37.711  76.813 0.8750000000
46416  -34.999  -38.903  77.077 1.0000000000
47449  -24.993  -38.409  70.786 0.6250000000
46508  -25.555  -39.307  70.783 0.3750000000
47440  -28.570  -39.210  72.165 0.8750000000
47461  -25.852  -38.379  70.564 0.7500000000
47462  -26.621  -38.608  70.558 0.6250000000
46509  -28.143  -39.253  70.619 0.7500000000
46510  -28.789  -39.639  70.711 0.7500000000
47418  -35.385  -38.204  73.293 0.7500000000
46327  -10.894  -38.655  84.133 0.6250000000
45345  -11.380  -39.301  82.654 0.6250000000
45346  -11.736  -38.851  82.279 0.6250000000
53437  -18.351  -32.156  79.186 0.8750000000
135055  -11.967  -38.835  81.741 0.8750000000
52429  -17.851  -32.423  78.440 1.0000000000
52430  -19.166  -32.557  78.527 1.0000000000
51419  -20.996  -33.798  79.475 0.8750000000
50385  -21.445  -34.390  79.991 0.8750000000
129908  -21.716  -34.859  80.428 0.7500000000
52439  -17.239  -32.735  77.768 1.0000000000
51426  -19.879  -33.070  78.030 0.8750000000
50396  -21.378  -34.123  79.118 0.8750000000
49377  -21.714  -34.587  79.599 0.7500000000
49378  -22.078  -35.365  80.734 0.7500000000
50317  -33.161  -35.048  86.589 0.2500000000
52447  -16.400  -33.632  77.484 1.0000000000
51427  -20.764  -33.649  78.572 0.8750000000
140117  -21.941  -35.045  79.959 0.8750000000
47374  -14.649  -38.251  77.922 1.0000000000
138146  -16.849  -33.979  76.845 1.0000000000
52448  -17.750  -33.306  77.054 1.0000000000
51436  -20.362  -33.499  77.862 1.0000000000
50408  -21.229  -33.904  78.318 0.8750000000
49391  -22.093  -34.753  79.184 0.8750000000
49392  -22.544  -35.025  78.872 0.8750000000
49394  -23.593  -36.068  79.257 0.8750000000
49321  -33.437  -35.472  85.677 0.2500000000
51443  -17.550  -33.916  76.440 1.0000000000
51444  -18.626  -33.632  76.658 1.0000000000
120352  -20.928  -33.827  77.543 1.0000000000
49405  -21.649  -34.221  78.110 0.8750000000
49406  -22.406  -34.830  78.042 0.8750000000
49407  -23.022  -35.232  78.384 0.8750000000
49395  -24.070  -36.383  79.713 0.8750000000
50345  -33.715  -35.205  84.289 0.2500000000
45425  -14.857  -39.231  76.951 0.6250000000
47389  -15.362  -37.978  76.781 0.8750000000
50419  -21.847  -34.578  77.711 0.8750000000
49421  -22.838  -35.057  77.571 0.8750000000
49422  -23.618  -35.511  77.806 0.8750000000
49409  -24.446  -36.267  78.863 0.8750000000
123563  -25.297  -36.656  78.860 0.8750000000
49346  -33.341  -35.587  83.650 0.3750000000
47390  -15.595  -38.031  76.203 0.8750000000
48384  -25.291  -36.367  78.216 0.8750000000
49368  -32.877  -36.557  81.594 0.3750000000
49357  -33.127  -35.985  82.735 0.3750000000
125972  -16.269  -37.619  75.369 0.7500000000
48414  -16.850  -36.967  75.128 0.7500000000
48397  -25.247  -36.116  77.413 1.0000000000
48398  -26.217  -36.661  77.690 1.0000000000
47391  -26.590  -37.401  78.013 1.0000000000
50376  -32.728  -35.739  81.875 0.3750000000
130589  -16.759  -37.598  74.812 0.6250000000
135669  -17.251  -37.027  74.573 0.7500000000
48406  -25.237  -35.893  76.452 1.0000000000
141095  -26.688  -37.270  77.546 1.0000000000
47384  -26.952  -38.066  78.164 1.0000000000
49369  -33.751  -36.706  80.616 1.0000000000
46452  -16.969  -38.825  73.635 0.6250000000
48432  -18.087  -37.236  73.365 0.6250000000
48417  -26.275  -36.496  76.076 1.0000000000
48366  -34.257  -37.102  80.054 1.0000000000
49381  -33.648  -36.286  80.195 0.8750000000
49459  -18.743  -36.524  72.909 0.7500000000
47407  -26.704  -36.925  75.472 1.0000000000
120818  -26.885  -37.112  76.181 1.0000000000
49396  -34.075  -36.339  79.388 1.0000000000
139059  -18.597  -37.362  72.572 0.5000000000
49469  -19.439  -35.898  72.488 0.6250000000
48434  -26.781  -37.298  73.514 1.0000000000
48425  -26.765  -37.078  74.616 1.0000000000
121225  -27.270  -37.385  75.272 1.0000000000
48386  -34.929  -37.565  78.709 1.0000000000
136765  -19.538  -37.340  71.428 0.5000000000
48461  -21.155  -37.105  70.735 0.7500000000
49436  -34.981  -37.147  77.305 1.0000000000
48399  -35.063  -37.642  77.818 1.0000000000
48460  -20.489  -37.803  70.842 0.5000000000
49495  -21.909  -36.388  70.783 0.5000000000
49496  -22.676  -36.370  70.663 0.5000000000
48442  -26.692  -37.471  72.255 0.7500000000
47424  -27.383  -38.186  72.949 1.0000000000
49435  -34.455  -36.593  76.156 0.8750000000
128283  -35.020  -37.131  76.389 0.8750000000
132986  -35.181  -38.387  76.718 1.0000000000
48463  -23.447  -37.211  70.700 0.5000000000
48464  -24.903  -37.101  70.560 0.6250000000
48465  -25.551  -37.471  70.707 0.7500000000
48452  -26.526  -37.623  71.155 0.7500000000
47438  -27.208  -38.164  71.549 0.7500000000
47452  -28.499  -39.116  71.087 0.7500000000
46338  -11.440  -38.718  82.904 0.6250000000
138768  -12.022  -37.898  82.306 0.7500000000
47344  -12.445  -37.548  81.838 0.8750000000
46368  -12.569  -38.615  80.964 0.8750000000
47356  -13.299  -37.418  80.617 0.8750000000
45374  -13.451  -39.031  80.335 0.8750000000
48362  -13.491  -37.011  79.964 1.0000000000
117707  -13.685  -36.517  79.265 1.0000000000
139041  -15.614  -33.839  78.144 1.0000000000
53448  -16.930  -32.358  78.402 1.0000000000
46369  -13.306  -38.117  80.451 0.8750000000
50406  -14.675  -35.306  78.044 1.0000000000
46380  -13.804  -38.476  79.615 1.0000000000
127690  -14.469  -37.753  78.122 1.0000000000
49389  -14.097  -35.979  78.629 1.0000000000
50407  -15.199  -35.314  77.118 1.0000000000
51442  -16.079  -34.592  77.058 1.0000000000
124482  -14.984  -37.894  77.393 1.0000000000
49418  -15.332  -36.026  76.513 1.0000000000
50416  -15.858  -35.241  76.629 1.0000000000
51455  -19.303  -34.008  76.457 1.0000000000
50417  -20.485  -33.933  76.827 1.0000000000
138294  -15.713  -37.331  76.004 1.0000000000
49419  -15.994  -36.433  75.995 0.8750000000
50428  -16.877  -35.433  76.070 1.0000000000
51454  -18.201  -34.020  76.037 1.0000000000
130686  -21.027  -34.429  76.615 1.0000000000
120747  -21.481  -34.666  77.065 1.0000000000
49432  -22.529  -35.133  76.713 1.0000000000
49440  -17.016  -36.061  75.509 1.0000000000
50441  -17.444  -35.100  75.629 1.0000000000
51465  -18.032  -34.532  75.491 1.0000000000
50429  -20.035  -34.330  76.193 1.0000000000
50430  -20.978  -34.674  76.397 1.0000000000
49433  -23.484  -35.283  77.022 1.0000000000
49434  -24.341  -35.721  77.203 1.0000000000
52415  -32.371  -33.561  80.936 0.5000000000
50374  -32.219  -34.197  81.231 0.5000000000
123402  -16.262  -37.090  75.614 0.7500000000
50442  -17.827  -35.269  75.064 1.0000000000
123232  -18.676  -34.583  74.803 1.0000000000
118946  -19.798  -34.601  74.617 1.0000000000
50444  -21.789  -35.135  75.332 1.0000000000
49442  -22.744  -35.278  75.702 1.0000000000
127903  -23.331  -35.305  76.321 1.0000000000
49444  -24.183  -35.465  76.410 1.0000000000
50386  -32.001  -34.604  80.495 0.6250000000
122869  -32.932  -36.338  80.944 0.7500000000
50453  -18.298  -35.510  74.182 1.0000000000
50454  -19.079  -34.785  73.853 1.0000000000
50443  -20.859  -34.951  75.030 1.0000000000
49443  -23.816  -35.384  75.679 1.0000000000
131588  -32.862  -35.558  80.099 0.8750000000
50400  -33.502  -35.885  79.789 0.8750000000
50470  -19.584  -35.135  73.180 1.0000000000
50456  -21.550  -35.058  74.366 1.0000000000
50457  -22.508  -35.197  74.673 1.0000000000
50458  -23.482  -35.346  74.910 1.0000000000
118978  -24.306  -35.555  75.020 1.0000000000
48416  -25.563  -36.020  75.518 1.0000000000
50410  -33.261  -35.436  78.561 1.0000000000
50399  -33.138  -35.472  79.419 1.0000000000
49397  -34.193  -36.771  79.789 1.0000000000
50469  -18.927  -35.579  73.347 0.8750000000
50471  -20.363  -35.043  73.194 1.0000000000
118297  -21.964  -35.069  72.637 1.0000000000
50474  -23.253  -35.259  73.948 1.0000000000
49460  -24.032  -35.359  73.149 1.0000000000
49462  -25.380  -36.246  73.369 1.0000000000
48424  -26.164  -36.451  75.048 1.0000000000
50409  -32.341  -35.126  78.168 1.0000000000
49410  -34.286  -36.467  78.540 1.0000000000
49470  -20.255  -35.824  71.893 0.8750000000
50492  -21.785  -35.327  71.718 1.0000000000
50493  -22.681  -35.176  71.943 1.0000000000
50494  -23.617  -35.249  72.125 1.0000000000
49461  -24.876  -35.735  72.727 1.0000000000
127941  -26.106  -36.594  74.031 1.0000000000
50434  -33.240  -35.578  76.610 1.0000000000
50421  -33.276  -35.482  77.598 1.0000000000
50422  -33.959  -35.878  78.047 1.0000000000
49481  -20.583  -36.434  71.136 0.7500000000
50516  -21.797  -35.776  71.040 0.7500000000
49472  -25.503  -36.243  72.209 1.0000000000
48433  -26.019  -36.870  72.872 1.0000000000
50446  -33.298  -35.670  75.690 1.0000000000
50435  -34.126  -35.985  76.994 1.0000000000
49424  -34.442  -36.563  77.656 1.0000000000
50532  -22.501  -35.852  70.834 0.6250000000
50533  -23.285  -35.822  70.734 0.6250000000
49483  -24.741  -35.926  70.884 0.7500000000
49484  -25.436  -36.350  71.227 0.7500000000
50447  -34.015  -35.967  76.017 1.0000000000
140436  -34.604  -36.699  76.906 1.0000000000
49497  -23.431  -36.503  70.567 0.5000000000
49498  -24.091  -36.096  70.590 0.7500000000
138762  -24.666  -36.486  70.616 0.7500000000
48451  -25.870  -37.103  70.891 0.7500000000
46329  -11.605  -37.840  83.060 0.6250000000
46352  -12.792  -37.814  81.129 0.8750000000
48351  -13.342  -36.777  80.889 1.0000000000
118698  -13.476  -36.296  80.290 1.0000000000
51428  -31.648  -33.973  79.249 0.6250000000
51421  -31.922  -33.979  80.494 0.6250000000
51437  -31.521  -34.022  78.312 1.0000000000
51429  -31.833  -34.481  79.768 0.8750000000
51447  -31.703  -34.669  77.754 1.0000000000
51438  -31.737  -34.601  78.764 1.0000000000
122744  -32.381  -35.124  79.967 0.8750000000
51457  -31.668  -34.693  76.785 1.0000000000
128018  -31.708  -34.606  76.020 1.0000000000
50433  -32.327  -35.139  76.146 1.0000000000
50420  -32.271  -35.216  77.188 1.0000000000
52449  -31.776  -33.240  77.909 0.7500000000
53460  -32.378  -32.540  77.519 0.6250000000
51456  -31.345  -34.133  76.258 1.0000000000
52453  -31.519  -33.390  76.614 1.0000000000
53469  -32.380  -32.518  76.469 0.7500000000
52462  -31.625  -33.414  75.905 1.0000000000
51467  -31.039  -34.478  75.016 1.0000000000
133957  -31.377  -34.382  75.621 1.0000000000
52461  -31.130  -34.036  75.475 1.0000000000
130735  -30.841  -33.965  74.686 1.0000000000
52474  -31.358  -33.344  75.124 1.0000000000
130705  -33.196  -32.224  77.992 0.6250000000
53470  -33.488  -31.837  76.540 0.6250000000
53479  -32.298  -32.615  75.465 1.0000000000
52473  -31.038  -33.087  74.227 1.0000000000
53461  -33.288  -32.075  77.280 0.6250000000
54463  -34.048  -31.188  76.777 0.3750000000
53480  -33.127  -31.995  75.769 0.6250000000
53490  -32.843  -31.946  75.018 0.8750000000
53489  -32.081  -32.510  74.703 1.0000000000
53500  -32.601  -31.865  74.240 1.0000000000
127038  -31.927  -32.314  73.998 1.0000000000
53498  -31.387  -32.525  73.276 1.0000000000
53511  -31.231  -32.495  72.450 1.0000000000
54470  -34.032  -31.030  75.915 0.5000000000
54462  -33.709  -31.508  76.016 0.6250000000
55468  -34.367  -30.493  76.563 0.3750000000
54476  -33.485  -31.416  75.340 0.6250000000
54477  -33.796  -30.846  75.343 0.6250000000
55476  -34.193  -30.420  75.727 0.5000000000
54487  -32.910  -31.329  73.710 0.8750000000
120343  -33.177  -31.407  74.529 0.7500000000
55483  -33.519  -30.963  74.837 0.6250000000
55484  -33.796  -30.308  74.900 0.6250000000
56480  -34.302  -29.753  75.500 0.6250000000
55495  -33.397  -30.741  74.058 0.6250000000
53499  -32.314  -31.854  73.445 1.0000000000
132195  -33.376  -30.236  73.387 0.6250000000
54486  -32.535  -31.244  72.928 0.7500000000
54499  -32.675  -30.653  72.457 0.7500000000
124693  -31.694  -31.173  71.640 1.0000000000
54510  -32.102  -31.179  72.247 0.8750000000
54522  -31.525  -30.822  71.103 1.0000000000
54511  -32.191  -30.529  71.804 0.8750000000
55496  -33.690  -29.914  74.015 0.6250000000
120932  -33.045  -30.756  73.163 0.7500000000
55508  -33.618  -29.529  73.134 0.6250000000
56506  -33.354  -29.537  72.325 0.6250000000
55513  -32.849  -30.056  72.068 0.6250000000
55521  -31.636  -30.325  70.731 0.8750000000
55522  -31.941  -30.198  71.261 0.8750000000
55537  -32.140  -29.723  70.702 0.8750000000
55536  -31.597  -30.304  69.976 0.8750000000
56518  -33.616  -28.877  71.988 0.6250000000
56507  -33.732  -28.994  72.592 0.6250000000
56517  -33.131  -29.432  71.705 0.7500000000
56532  -33.508  -28.802  71.307 0.7500000000
58516  -34.436  -27.614  72.303 0.3750000000
56531  -32.878  -29.249  71.067 0.8750000000
57535  -34.043  -28.121  71.614 0.6250000000
141212  -33.342  -28.762  70.710 0.8750000000
58543  -33.823  -27.802  70.249 0.8750000000
141618  -33.098  -28.461  69.627 0.8750000000
57541  -33.443  -28.376  70.179 0.8750000000
57555  -32.905  -28.120  69.027 0.8750000000
58530  -34.408  -27.362  71.656 0.5000000000
122339  -34.199  -27.416  70.859 0.6250000000
60468  -34.827  -25.947  71.228 0.6250000000
129057  -39.618  -21.008  75.100 0.1250000000
58558  -34.012  -27.140  69.922 0.8750000000
137951  -34.451  -26.377  70.453 0.6250000000
136814  -34.793  -25.572  70.538 0.6250000000
59505  -34.045  -26.290  69.483 0.8750000000
60478  -35.054  -24.860  70.166 0.7500000000
62293  -35.564  -23.335  70.328 0.3750000000
62294  -35.978  -22.875  70.801 0.2500000000
127418  -37.332  -21.905  70.753 0.2500000000
64211  -38.265  -21.587  71.707 0.2500000000
119493  -33.591  -26.957  69.126 0.8750000000
60482  -33.986  -25.564  69.000 1.0000000000
60483  -34.130  -24.716  68.862 0.7500000000
61409  -34.705  -24.406  69.394 0.7500000000
140018  -35.505  -23.256  69.733 0.5000000000
63210  -35.943  -22.814  69.668 0.3750000000
63226  -37.336  -22.403  69.747 0.2500000000
58574  -33.052  -26.800  68.302 0.8750000000
59516  -33.157  -25.907  68.032 1.0000000000
61425  -33.808  -24.123  68.203 0.8750000000
62327  -34.105  -23.632  68.104 0.8750000000
62311  -34.825  -23.410  68.378 0.7500000000
63224  -36.234  -22.800  68.885 0.6250000000
119141  -33.480  -24.544  67.651 0.8750000000
61437  -33.784  -23.918  67.506 0.8750000000
62336  -34.193  -23.797  67.105 0.8750000000
62338  -35.246  -23.395  67.711 0.8750000000
61450  -33.822  -24.121  66.794 0.8750000000
59573  -34.090  -25.953  62.984 0.8750000000
65148  -40.261  -20.965  75.506 0.1250000000
64130  -40.939  -21.085  76.074 0.1250000000
64177  -39.836  -21.658  73.920 0.1250000000
64161  -40.179  -21.414  74.617 0.1250000000
64212  -38.985  -22.015  72.007 0.2500000000
64194  -39.162  -21.737  72.739 0.1250000000
64226  -38.063  -21.766  70.954 0.2500000000
63212  -37.845  -22.166  70.374 0.2500000000
63199  -38.739  -22.170  71.256 0.2500000000
63225  -36.630  -22.549  69.419 0.6250000000
62329  -36.660  -23.047  68.176 0.5000000000
62313  -37.884  -22.937  69.062 0.5000000000
62340  -37.259  -23.380  67.535 0.8750000000
62330  -37.596  -23.088  68.190 0.6250000000
62347  -34.906  -23.854  67.079 0.8750000000
61452  -35.432  -24.245  66.349 0.8750000000
61453  -36.366  -24.283  66.341 0.8750000000
60524  -34.423  -24.959  65.313 1.0000000000
60506  -34.928  -24.596  65.718 0.8750000000
60507  -36.019  -24.677  65.649 0.8750000000
60523  -33.561  -25.033  65.252 0.8750000000
60538  -34.414  -25.246  64.540 0.8750000000
60525  -35.291  -25.112  65.082 0.8750000000
65135  -41.329  -20.909  76.952 0.1250000000
64146  -40.867  -21.637  75.205 0.1250000000
64131  -41.963  -21.484  76.397 0.1250000000
64178  -40.523  -22.102  73.958 0.1250000000
132912  -40.856  -22.044  74.538 0.1250000000
63186  -39.902  -22.307  72.272 0.1250000000
63213  -38.480  -22.449  70.563 0.2500000000
63214  -39.299  -22.973  70.885 0.2500000000
63227  -38.212  -22.716  69.842 0.3750000000
62314  -38.763  -23.372  69.313 0.5000000000
62296  -39.884  -23.531  70.448 0.3750000000
62331  -38.476  -23.479  68.446 0.5000000000
61411  -39.262  -23.926  68.763 0.5000000000
62315  -39.699  -23.853  69.605 0.5000000000
61427  -38.174  -23.833  67.600 0.6250000000
132935  -38.220  -24.224  67.060 0.8750000000
61439  -36.633  -24.037  66.798 0.8750000000
61454  -37.115  -24.265  66.416 0.8750000000
60490  -37.804  -24.247  66.618 0.8750000000
60491  -38.433  -24.419  66.957 0.8750000000
121835  -36.785  -24.520  66.013 0.8750000000
60508  -37.335  -24.458  66.130 0.8750000000
59535  -36.937  -25.178  64.999 1.0000000000
59550  -35.526  -25.429  64.401 0.8750000000
59534  -36.180  -25.170  64.974 0.8750000000
59551  -36.324  -25.471  64.380 0.8750000000
59552  -37.047  -25.379  64.393 1.0000000000
59553  -37.754  -25.202  64.507 1.0000000000
59574  -35.758  -25.707  63.758 0.8750000000
64147  -41.716  -21.855  75.563 0.1250000000
63171  -41.050  -22.540  73.327 0.1250000000
64162  -41.579  -22.215  74.739 0.1250000000
63187  -40.823  -22.567  72.537 0.2500000000
63188  -41.650  -22.693  72.701 0.1250000000
59526  -37.579  -24.823  65.682 0.8750000000
121034  -37.506  -25.160  65.036 1.0000000000
63172  -41.907  -22.619  73.379 0.1250000000
62279  -40.187  -23.175  71.076 0.2500000000
63201  -40.562  -22.754  71.729 0.2500000000
62297  -40.667  -23.475  70.601 0.2500000000
61429  -39.547  -24.207  68.183 0.5000000000
61412  -39.924  -24.204  68.892 0.5000000000
62316  -40.415  -23.812  70.022 0.3750000000
61441  -38.887  -24.321  67.475 0.6250000000
61430  -40.320  -24.328  68.458 0.5000000000
60492  -39.096  -24.629  67.107 0.8750000000
120533  -38.009  -24.441  66.389 0.8750000000
60509  -38.623  -24.630  66.650 0.8750000000
60510  -39.173  -24.759  66.789 0.8750000000
135422  -38.215  -24.666  66.143 0.8750000000
59537  -38.786  -24.762  65.853 0.8750000000
59554  -38.448  -24.871  65.003 1.0000000000
59578  -38.203  -24.832  64.129 1.0000000000
59597  -37.922  -24.586  63.413 0.8750000000
60555  -38.473  -24.337  63.853 1.0000000000
62280  -41.049  -23.031  71.220 0.2500000000
62266  -42.027  -22.785  72.267 0.1250000000
61396  -41.061  -23.694  70.032 0.3750000000
62298  -41.358  -23.178  70.751 0.3750000000
62281  -41.880  -22.810  71.613 0.2500000000
61413  -40.617  -24.166  69.330 0.5000000000
61414  -41.356  -23.887  69.470 0.3750000000
61397  -41.637  -23.365  70.212 0.3750000000
61385  -41.975  -22.815  71.029 0.2500000000
60493  -40.254  -24.475  67.421 0.6250000000
60484  -39.786  -24.430  67.631 0.6250000000
60485  -40.604  -24.341  67.987 0.3750000000
118057  -41.472  -23.942  69.096 0.5000000000
60494  -40.703  -24.321  67.570 0.6250000000
60486  -41.125  -24.136  68.296 0.5000000000
61432  -41.608  -23.681  68.834 0.3750000000
59527  -38.680  -24.735  66.322 0.8750000000
136991  -39.672  -24.738  66.855 0.7500000000
122364  -40.620  -24.241  67.135 0.7500000000
61442  -41.329  -23.608  67.827 0.6250000000
59555  -39.080  -24.594  65.389 0.8750000000
59538  -39.382  -24.689  66.048 0.8750000000
60527  -39.762  -24.444  65.810 0.8750000000
60529  -40.839  -23.818  66.938 0.7500000000
61455  -41.236  -23.426  67.378 0.7500000000
62362  -41.473  -22.704  67.313 0.7500000000
60540  -39.367  -24.215  65.087 0.8750000000
60557  -39.552  -23.723  64.908 0.8750000000
61479  -40.713  -23.029  66.206 0.7500000000
62361  -41.133  -22.402  66.555 0.7500000000
63268  -41.823  -21.824  67.244 0.7500000000
60539  -38.782  -24.521  64.589 0.8750000000
61478  -40.204  -23.278  65.468 0.8750000000
62383  -39.926  -22.580  64.962 0.7500000000
63279  -40.988  -21.941  65.814 0.7500000000
60566  -38.191  -24.148  63.165 0.8750000000
60567  -38.698  -23.845  63.597 1.0000000000
62394  -39.344  -22.892  64.118 1.0000000000
63294  -40.473  -22.114  65.306 0.8750000000
123414  -39.494  -22.208  64.169 0.8750000000
61415  -41.855  -23.430  69.814 0.3750000000
122490  -41.854  -23.499  69.421 0.3750000000
61416  -42.395  -23.106  69.895 0.3750000000
61443  -41.807  -23.133  68.533 0.6250000000
61456  -41.682  -22.959  67.875 0.7500000000
62348  -42.053  -22.220  67.835 0.6250000000
62349  -42.663  -21.681  68.344 0.5000000000
124178  -42.045  -21.214  66.955 0.6250000000
124307  -42.406  -21.596  67.816 0.6250000000
130089  -41.221  -21.269  65.747 0.7500000000
63267  -41.472  -21.559  66.496 0.7500000000
63293  -39.991  -21.812  64.829 1.0000000000
64297  -40.699  -21.566  65.202 0.7500000000
63308  -39.552  -21.499  64.101 0.8750000000
64285  -40.154  -21.056  64.670 1.0000000000
135157  -40.942  -21.020  64.995 0.8750000000
63253  -42.505  -21.196  67.474 0.6250000000
127822  -41.795  -20.798  66.443 0.6250000000
64274  -42.658  -20.768  67.039 0.6250000000
129814  -43.332  -20.492  67.469 0.5000000000
65266  -42.432  -20.350  66.641 0.6250000000
64306  -39.543  -20.766  63.904 0.8750000000
65277  -40.963  -20.301  64.740 0.8750000000
121166  -41.367  -20.624  65.559 0.7500000000
65298  -39.508  -20.142  63.658 0.7500000000
65288  -40.122  -20.208  64.354 0.8750000000
65250  -43.136  -20.258  66.881 0.6250000000
126010  -44.855  -19.070  67.528 0.3750000000
65265  -41.835  -19.976  66.111 0.7500000000
66236  -44.130  -19.238  67.183 0.5000000000
65278  -41.388  -19.993  65.309 0.7500000000
66248  -42.252  -19.183  66.022 0.5000000000
66269  -40.553  -19.543  64.245 0.7500000000
66259  -41.206  -19.455  64.695 0.8750000000
64305  -39.090  -20.598  63.070 0.8750000000
128740  -39.817  -19.514  63.735 0.8750000000
66279  -40.215  -18.955  63.744 0.7500000000
67297  -40.859  -18.810  64.133 0.6250000000
67306  -40.295  -18.140  63.421 0.7500000000
67305  -39.850  -17.856  62.352 0.8750000000
129378  -42.921  -14.862  62.136 0.8750000000
70041  -44.610  -15.050  62.224 0.7500000000
70027  -45.795  -15.149  63.198 0.6250000000
70028  -46.707  -15.339  63.334 0.6250000000
70040  -43.763  -14.806  62.044 0.8750000000
67267  -43.777  -18.732  66.722 0.5000000000
67268  -44.509  -18.374  67.037 0.5000000000
67269  -45.203  -18.405  67.607 0.2500000000
124866  -41.970  -18.691  65.428 0.5000000000
67281  -42.511  -18.347  65.899 0.5000000000
121153  -43.995  -18.055  66.585 0.5000000000
67289  -41.492  -18.599  64.755 0.7500000000
67290  -42.007  -18.078  65.128 0.7500000000
125914  -41.054  -17.966  64.119 0.7500000000
68215  -42.007  -17.217  64.859 0.7500000000
68214  -41.324  -17.131  64.289 0.7500000000
69122  -41.239  -16.083  63.763 0.7500000000
68221  -40.699  -17.042  63.435 0.7500000000
70026  -41.646  -15.145  63.510 0.7500000000
70944  -42.229  -14.749  63.724 0.7500000000
70020  -43.118  -14.745  64.608 0.7500000000
136672  -40.804  -16.032  62.940 0.7500000000
70038  -41.394  -15.325  62.807 0.8750000000
137281  -42.879  -14.520  63.211 0.8750000000
70935  -43.698  -14.277  64.018 0.7500000000
71816  -45.106  -14.148  64.147 0.6250000000
70054  -42.097  -15.217  61.857 0.8750000000
70945  -43.583  -14.364  63.269 0.7500000000
70955  -44.112  -14.495  62.712 0.7500000000
70956  -44.945  -14.807  62.977 0.7500000000
71825  -45.709  -14.226  64.072 0.5000000000
71827  -47.110  -13.690  64.359 0.6250000000
68193  -44.354  -17.431  66.703 0.3750000000
68194  -44.980  -17.670  67.266 0.2500000000
68208  -42.819  -17.533  66.140 0.6250000000
69097  -43.935  -16.821  66.386 0.3750000000
69089  -45.405  -16.888  67.649 0.1250000000
68207  -42.490  -16.881  65.605 0.7500000000
69098  -44.343  -16.487  66.618 0.2500000000
69113  -41.728  -16.470  64.444 0.7500000000
141848  -43.187  -15.907  66.031 0.3750000000
70008  -44.365  -15.452  66.478 0.3750000000
70018  -41.861  -15.606  64.199 0.7500000000
70012  -42.751  -15.433  65.016 0.6250000000
70929  -43.767  -14.414  64.870 0.6250000000
70925  -44.601  -14.392  66.118 0.5000000000
70930  -44.429  -14.078  65.188 0.7500000000
70931  -45.175  -13.649  65.559 0.5000000000
71800  -45.993  -13.168  65.596 0.2500000000
71806  -45.065  -13.833  64.750 0.7500000000
71807  -45.639  -13.488  65.005 0.5000000000
71808  -46.378  -13.329  64.827 0.6250000000
72687  -47.592  -12.576  65.517 0.2500000000
71826  -46.340  -14.021  64.221 0.5000000000
70000  -45.644  -15.701  67.764 0.1250000000
70001  -46.452  -15.741  68.419 0.1250000000
70009  -44.985  -15.004  67.008 0.1250000000
120933  -46.257  -15.073  68.044 0.1250000000
70913  -46.957  -15.053  68.485 0.1250000000
70926  -45.373  -13.963  66.575 0.2500000000
70927  -46.081  -13.905  67.138 0.2500000000
70921  -46.632  -14.338  67.806 0.1250000000
71777  -47.886  -13.751  69.336 0.1250000000
71778  -48.601  -13.409  70.179 0.1250000000
141521  -45.577  -13.412  66.038 0.2500000000
71797  -46.740  -13.446  67.226 0.2500000000
72650  -48.070  -13.061  68.262 0.1250000000
72664  -46.877  -12.755  66.637 0.2500000000
72677  -47.697  -12.379  66.718 0.2500000000
72651  -48.744  -12.442  68.311 0.1250000000
73494  -50.930  -12.029  69.845 0.1250000000
131589  -47.138  -12.487  66.088 0.2500000000
136847  -48.419  -12.164  66.995 0.2500000000
73525  -50.346  -11.667  68.111 0.1250000000
73511  -51.089  -11.566  68.849 0.1250000000
72632  -51.908  -11.738  69.219 0.1250000000
73512  -51.851  -11.806  68.699 0.1250000000
123007  -5.120  -44.053  85.351 0.6250000000
39551  -4.336  -45.872  83.984 0.3750000000
41304  -5.893  -43.812  85.085 0.5000000000
40444  -5.399  -44.566  83.849 0.6250000000
43228  -6.648  -42.288  86.649 0.5000000000
40450  -5.184  -45.665  82.835 0.3750000000
40451  -5.688  -45.007  83.152 0.6250000000
42247  -6.823  -42.508  84.237 0.5000000000
43239  -7.362  -41.855  85.449 0.5000000000
43253  -7.309  -41.803  84.622 0.6250000000
43241  -8.524  -40.603  85.064 0.6250000000
43267  -8.282  -41.560  83.528 0.6250000000
118649  -8.517  -41.036  84.561 0.6250000000
43256  -9.785  -41.058  83.591 0.6250000000
44290  -10.247  -40.313  84.125 0.5000000000
44303  -10.866  -40.200  83.056 0.6250000000
44280  -10.549  -39.688  84.398 0.6250000000
43280  -10.648  -41.038  81.865 0.7500000000
45310  -10.131  -38.413  85.332 0.1250000000
49328  -26.129  -36.764  85.904 0.3750000000
48297  -27.359  -37.049  87.010 0.5000000000
140989  -29.769  -36.877  87.580 0.3750000000
44304  -10.983  -40.034  82.748 0.6250000000
48319  -26.569  -37.165  84.495 0.7500000000
118361  -28.177  -37.557  85.721 0.6250000000
48299  -29.479  -37.483  86.268 0.6250000000
48289  -29.996  -37.176  86.885 0.3750000000
127382  -30.801  -37.350  86.703 0.5000000000
47319  -27.843  -37.729  84.233 0.7500000000
47310  -29.330  -38.183  84.862 0.7500000000
47333  -27.976  -38.016  83.399 0.8750000000
47334  -28.629  -38.681  83.216 0.8750000000
47321  -29.599  -38.555  84.181 0.7500000000
46341  -29.760  -38.955  83.549 0.8750000000
122168  -31.731  -38.101  84.855 0.6250000000
118672  -29.994  -39.237  82.868 1.0000000000
46343  -31.735  -38.666  83.242 0.7500000000
138103  -32.042  -38.369  83.668 0.7500000000
45363  -30.305  -39.542  82.148 1.0000000000
46357  -31.612  -39.119  82.474 0.7500000000
120627  -28.216  -39.571  80.918 1.0000000000
46358  -32.373  -38.998  82.026 0.8750000000
45381  -30.125  -40.212  80.933 1.0000000000
45382  -31.495  -40.079  81.295 1.0000000000
46359  -32.901  -38.697  81.695 0.7500000000
46374  -33.358  -38.981  81.335 0.8750000000
45398  -30.361  -40.425  80.189 1.0000000000
121325  -31.877  -40.347  80.727 1.0000000000
122977  -31.836  -40.565  80.250 1.0000000000
46384  -33.830  -39.304  80.964 1.0000000000
45431  -29.557  -40.072  78.884 1.0000000000
45415  -30.702  -40.542  79.480 1.0000000000
45416  -31.354  -40.658  79.857 1.0000000000
139329  -32.782  -40.468  79.664 1.0000000000
124273  -28.703  -39.631  77.984 1.0000000000
45433  -31.440  -40.611  79.066 1.0000000000
45434  -32.131  -40.513  78.773 1.0000000000
45418  -32.771  -40.441  79.072 1.0000000000
140424  -33.353  -40.240  78.752 1.0000000000
44453  -18.944  -41.096  71.444 0.1250000000
134861  -18.939  -38.971  71.441 0.3750000000
47433  -18.412  -38.939  72.010 0.3750000000
45453  -31.571  -40.413  78.107 1.0000000000
119316  -32.107  -40.320  77.190 1.0000000000
45472  -30.923  -40.129  76.362 1.0000000000
130772  -30.398  -40.065  77.035 1.0000000000
45473  -31.753  -40.244  76.341 1.0000000000
45474  -32.630  -40.161  76.227 1.0000000000
45454  -32.797  -40.182  77.132 1.0000000000
47445  -20.823  -38.861  70.883 0.1250000000
47436  -22.772  -38.811  72.051 0.1250000000
46441  -29.926  -39.660  75.048 1.0000000000
45490  -30.914  -40.019  74.819 1.0000000000
141958  -31.503  -40.194  74.693 1.0000000000
118000  -32.185  -40.255  75.482 1.0000000000
45492  -32.962  -40.180  74.818 1.0000000000
46475  -29.834  -39.852  72.717 0.8750000000
119419  -29.440  -39.507  73.329 1.0000000000
46478  -32.136  -40.169  73.210 1.0000000000
137419  -34.017  -39.806  74.753 1.0000000000
119412  -26.355  -40.027  70.807 0.6250000000
46477  -31.343  -40.021  73.169 0.8750000000
46442  -34.356  -39.605  73.466 0.8750000000
44456  -27.621  -41.288  71.367 0.5000000000
45558  -27.234  -39.890  70.506 0.6250000000
46315  -10.434  -37.585  85.317 0.2500000000
45333  -10.981  -39.264  83.768 0.6250000000
48343  -24.732  -36.748  82.541 0.7500000000
44329  -12.477  -39.824  80.687 0.8750000000
47357  -26.286  -37.493  81.773 0.8750000000
43315  -13.128  -41.021  79.379 0.7500000000
48365  -25.626  -37.387  80.710 1.0000000000
45392  -13.983  -39.375  79.507 0.7500000000
48375  -24.942  -36.694  79.509 0.8750000000
47358  -27.045  -38.110  81.307 1.0000000000
128300  -13.623  -41.453  77.694 0.7500000000
44367  -14.469  -40.117  76.712 0.6250000000
45443  -14.968  -39.514  76.229 0.6250000000
44379  -14.401  -41.033  76.561 0.6250000000
44390  -14.532  -41.217  75.711 0.5000000000
47376  -26.895  -38.055  79.286 1.0000000000
46382  -27.780  -39.301  80.410 1.0000000000
47338  -33.043  -37.552  82.622 0.3750000000
46393  -27.866  -39.168  78.864 1.0000000000
48355  -33.383  -37.038  81.192 1.0000000000
46413  -28.146  -38.575  77.496 1.0000000000
47377  -34.639  -38.508  79.756 1.0000000000
46469  -17.694  -39.114  72.852 0.5000000000
45450  -29.024  -39.801  77.356 1.0000000000
46426  -28.583  -38.798  76.661 1.0000000000
46394  -34.455  -39.318  79.402 1.0000000000
47378  -34.968  -37.974  79.228 1.0000000000
119457  -28.614  -38.987  75.040 1.0000000000
46405  -34.763  -38.794  77.983 1.0000000000
46415  -34.397  -39.363  77.561 1.0000000000
47444  -19.515  -38.733  71.005 0.3750000000
47458  -20.260  -38.467  70.790 0.2500000000
45488  -29.094  -39.415  75.631 1.0000000000
48450  -22.615  -37.399  70.950 0.2500000000
46492  -24.050  -39.489  72.232 0.1250000000
118072  -24.848  -39.865  71.574 0.1250000000
46444  -35.197  -38.996  74.886 0.8750000000
47401  -35.282  -38.195  76.072 0.8750000000
121541  -34.726  -39.374  75.460 1.0000000000
45493  -34.034  -39.813  76.091 1.0000000000
121493  -29.264  -40.054  70.972 0.7500000000
46494  -29.682  -40.190  72.097 0.7500000000
46480  -35.733  -39.691  72.715 0.7500000000
129042  -22.580  -35.624  81.971 0.6250000000
49354  -22.384  -35.344  82.347 0.6250000000
49380  -23.123  -36.123  79.977 0.8750000000
134420  -23.815  -36.446  80.412 0.8750000000
47373  -14.038  -38.012  78.753 1.0000000000
45408  -14.705  -38.871  77.657 0.7500000000
48334  -33.060  -36.894  83.145 0.3750000000
47382  -15.106  -38.291  77.238 1.0000000000
48405  -15.827  -37.709  75.795 0.8750000000
46402  -27.308  -38.469  78.796 1.0000000000
47415  -16.637  -38.235  74.303 0.6250000000
48415  -17.319  -37.482  74.107 0.7500000000
125848  -27.324  -37.402  76.199 1.0000000000
48377  -34.609  -37.352  79.441 1.0000000000
48440  -19.104  -36.902  72.079 0.5000000000
48448  -20.224  -37.231  71.046 0.6250000000
48462  -22.123  -36.958  70.653 0.3750000000
123316  -22.846  -36.892  70.639 0.3750000000
47460  -24.347  -37.633  70.759 0.5000000000
48418  -35.217  -37.628  75.663 0.8750000000
47451  -27.721  -38.728  70.897 0.7500000000
128965  -35.784  -38.886  72.697 0.7500000000
52440  -18.544  -32.774  77.736 1.0000000000
52438  -16.198  -32.987  78.345 1.0000000000
49379  -22.396  -35.466  79.804 0.8750000000
51435  -19.247  -33.302  77.313 1.0000000000
138860  -21.946  -34.432  78.642 0.8750000000
49393  -23.003  -35.611  79.196 0.8750000000
48373  -13.860  -37.276  78.794 1.0000000000
51452  -16.703  -34.715  76.464 1.0000000000
51445  -19.880  -33.712  77.091 1.0000000000
134438  -22.130  -34.619  78.413 0.8750000000
49408  -23.635  -35.793  78.584 0.8750000000
48374  -14.567  -37.251  77.797 1.0000000000
51453  -17.477  -34.540  76.013 1.0000000000
50418  -21.328  -34.228  77.317 0.8750000000
49420  -22.039  -34.879  77.339 1.0000000000
48395  -15.220  -37.212  76.718 1.0000000000
49423  -24.372  -36.040  77.979 0.8750000000
48407  -26.048  -36.324  76.931 1.0000000000
47392  -26.857  -37.677  77.499 1.0000000000
49450  -17.826  -36.620  74.090 0.7500000000
49441  -17.489  -36.206  74.740 1.0000000000
47399  -26.709  -37.048  76.987 1.0000000000
49458  -18.377  -36.243  73.551 0.6250000000
50388  -32.760  -35.849  80.717 0.7500000000
50411  -33.803  -35.862  78.956 1.0000000000
50490  -20.057  -35.359  72.601 0.8750000000
49480  -19.810  -36.579  71.636 0.7500000000
49425  -34.760  -37.084  78.181 1.0000000000
49482  -21.267  -36.261  70.913 0.7500000000
47450  -26.971  -38.340  70.737 0.7500000000
48441  -25.968  -36.974  71.708 1.0000000000
121528  -24.179  -36.811  70.550 0.6250000000
48466  -26.252  -37.916  70.692 0.7500000000
47439  -27.864  -38.768  71.930 0.8750000000
51434  -15.395  -34.510  77.673 1.0000000000
49404  -14.687  -36.315  77.547 1.0000000000
51466  -18.858  -34.246  75.700 1.0000000000
134458  -19.490  -34.416  75.397 1.0000000000
130587  -20.384  -34.693  75.656 1.0000000000
121368  -21.213  -35.029  75.938 1.0000000000
50431  -21.619  -35.003  76.700 1.0000000000
50432  -21.939  -35.182  76.111 1.0000000000
50375  -32.458  -35.001  81.607 0.5000000000
50387  -32.249  -35.194  80.729 0.5000000000
50455  -20.606  -34.875  74.064 1.0000000000
124410  -24.742  -35.643  75.596 1.0000000000
50472  -21.263  -35.087  73.361 1.0000000000
50473  -22.276  -35.073  73.665 1.0000000000
49451  -24.181  -35.519  74.259 1.0000000000
48423  -25.112  -36.056  74.573 1.0000000000
123522  -24.710  -35.819  73.646 1.0000000000
50398  -32.398  -35.073  79.128 1.0000000000
50491  -20.934  -35.282  72.379 1.0000000000
121043  -22.980  -35.132  72.915 1.0000000000
50515  -21.048  -35.729  71.407 0.8750000000
141928  -22.901  -35.601  70.924 0.7500000000
50519  -24.208  -35.477  71.413 0.7500000000
50534  -23.970  -35.656  70.883 0.7500000000
49471  -24.951  -35.736  71.694 0.8750000000
52432  -32.106  -33.357  79.623 0.6250000000
52441  -31.940  -33.341  78.801 0.6250000000
51446  -31.376  -33.921  77.267 1.0000000000
124053  -32.497  -32.635  78.372 0.6250000000
123362  -31.675  -33.029  77.164 0.8750000000
52485  -30.689  -33.378  73.433 1.0000000000
53512  -31.969  -31.889  72.650 1.0000000000
53523  -31.403  -32.024  71.839 1.0000000000
55507  -33.174  -30.170  72.697 0.6250000000
53536  -31.132  -31.700  71.079 1.0000000000
126965  -32.486  -29.840  71.500 0.8750000000
54521  -31.272  -30.895  70.300 0.8750000000
56541  -32.116  -29.552  69.722 0.8750000000
57542  -33.783  -28.241  70.800 0.7500000000
56542  -32.880  -29.048  70.161 0.8750000000
58557  -33.452  -27.766  69.564 0.8750000000
59490  -34.588  -26.716  71.374 0.5000000000
118964  -35.071  -25.162  71.063 0.6250000000
60477  -34.489  -25.425  69.706 0.7500000000
61395  -35.283  -24.281  70.717 0.5000000000
140067  -35.947  -22.810  70.246 0.2500000000
61410  -35.198  -23.853  69.805 0.6250000000
63211  -36.514  -22.424  70.208 0.2500000000
59508  -33.581  -26.135  68.702 0.8750000000
131529  -33.548  -25.136  68.292 0.8750000000
61426  -34.351  -23.902  68.664 0.8750000000
124142  -34.895  -23.676  69.068 0.7500000000
62312  -35.441  -23.167  69.122 0.5000000000
62337  -34.404  -23.555  67.697 0.8750000000
62328  -35.748  -23.165  68.328 0.7500000000
63240  -37.041  -22.670  68.852 0.5000000000
60504  -33.186  -24.511  66.843 0.8750000000
60489  -33.029  -25.218  67.456 1.0000000000
62339  -36.363  -23.534  67.452 0.6250000000
61438  -35.805  -24.007  67.029 0.8750000000
61451  -34.494  -24.201  66.498 1.0000000000
60505  -33.846  -24.610  66.027 1.0000000000
118009  -34.846  -25.555  63.743 0.8750000000
59549  -33.730  -25.545  63.715 0.8750000000
120608  -35.091  -25.743  63.045 0.8750000000
58615  -33.458  -26.773  62.171 0.8750000000
122920  -40.076  -22.065  73.182 0.1250000000
61440  -37.406  -23.980  66.972 0.8750000000
63200  -39.621  -22.634  71.550 0.2500000000
62295  -39.037  -23.208  70.140 0.2500000000
60526  -36.827  -24.831  65.560 0.8750000000
61431  -41.044  -24.309  68.761 0.3750000000
60495  -41.007  -24.059  67.721 0.6250000000
128039  -39.967  -24.622  66.560 0.7500000000
60512  -41.013  -23.891  67.410 0.7500000000
60541  -40.036  -23.961  65.618 0.7500000000
61469  -41.010  -23.198  66.816 0.7500000000
62371  -40.613  -22.580  65.718 0.7500000000
61492  -39.625  -23.212  64.741 1.0000000000
62341  -42.284  -22.347  68.443 0.5000000000
136005  -43.002  -20.804  67.660 0.5000000000
66237  -44.430  -19.773  67.645 0.3750000000
65251  -43.745  -19.966  67.297 0.5000000000
66235  -43.460  -19.541  66.798 0.5000000000
66260  -41.680  -19.346  65.401 0.6250000000
122029  -41.584  -17.825  64.633 0.7500000000
70039  -42.265  -14.704  62.779 0.8750000000
70948  -46.143  -14.649  63.741 0.6250000000
70042  -45.473  -15.473  62.517 0.7500000000
68192  -43.656  -17.470  66.400 0.5000000000
134705  -42.356  -17.652  65.501 0.7500000000
70946  -44.448  -14.313  63.548 0.6250000000
141646  -44.781  -16.953  67.019 0.2500000000
128476  -43.137  -16.638  66.237 0.5000000000
69106  -42.764  -16.019  65.646 0.7500000000
69099  -44.856  -16.104  67.111 0.2500000000
70013  -43.285  -15.248  65.503 0.5000000000
70014  -43.958  -14.829  65.747 0.3750000000
71801  -46.116  -13.274  66.454 0.2500000000
72686  -46.777  -12.800  65.483 0.3750000000
70920  -45.769  -14.641  67.447 0.1250000000
141348  -47.128  -14.431  68.275 0.1250000000
70922  -47.404  -13.799  68.070 0.1250000000
71794  -48.536  -12.901  69.273 0.1250000000
72665  -47.466  -12.900  67.367 0.2500000000
72666  -48.219  -12.487  67.484 0.2500000000
73524  -48.915  -12.130  67.541 0.2500000000
73509  -49.513  -12.005  68.252 0.2500000000
72652  -49.334  -12.337  69.136 0.1250000000
73510  -50.212  -11.914  69.009 0.1250000000
132673  -49.664  -11.899  67.492 0.2500000000
119394  -10.807  -42.697  78.889 0.6250000000
42318  -11.617  -42.216  78.959 0.6250000000
42334  -11.220  -42.775  77.998 0.5000000000
42335  -12.021  -42.222  78.115 0.5000000000
42336  -12.457  -42.128  77.524 0.5000000000
43354  -13.601  -41.871  76.067 0.2500000000
140977  -14.313  -42.076  75.423 0.3750000000
50305  -31.374  -35.077  88.824 0.2500000000
42304  -11.131  -42.105  79.881 0.6250000000
128436  -11.156  -41.084  80.271 0.7500000000
50315  -31.800  -35.537  88.111 0.2500000000
119418  -12.403  -41.247  79.460 0.6250000000
43323  -12.593  -41.854  78.109 0.6250000000
43325  -13.719  -41.225  78.303 0.6250000000
43324  -13.063  -41.701  77.415 0.6250000000
43339  -13.806  -41.569  76.856 0.6250000000
43340  -14.142  -41.388  76.582 0.3750000000
43355  -14.092  -41.681  75.955 0.3750000000
43357  -14.895  -41.511  75.095 0.3750000000
44414  -16.422  -41.153  73.650 0.3750000000
43303  -11.386  -40.415  80.300 0.7500000000
43314  -12.951  -41.374  78.433 0.6250000000
43326  -14.152  -41.294  77.413 0.5000000000
44391  -14.909  -40.736  75.373 0.6250000000
137403  -15.342  -40.124  75.186 0.6250000000
44402  -15.323  -40.919  74.749 0.5000000000
45515  -17.071  -40.710  73.214 0.3750000000
131179  -28.970  -41.507  71.908 0.5000000000
44448  -34.818  -40.755  72.585 0.7500000000
46479  -34.989  -40.171  72.723 0.6250000000
46481  -36.393  -39.076  72.860 0.1250000000
49330  -33.239  -35.781  85.120 0.2500000000
50336  -33.694  -35.163  85.053 0.2500000000
44403  -15.825  -40.697  74.207 0.5000000000
44442  -29.784  -41.465  72.059 0.5000000000
44443  -30.599  -41.218  71.939 0.6250000000
44444  -31.602  -41.089  72.070 0.7500000000
44445  -32.470  -40.997  72.157 0.7500000000
44446  -33.170  -40.898  72.370 0.7500000000
47426  -36.242  -38.156  72.667 0.2500000000
45539  -34.147  -40.605  72.634 0.7500000000
127898  -35.100  -37.017  73.349 0.2500000000
48435  -36.128  -37.381  72.378 0.2500000000
52371  -15.335  -32.766  87.649 0.3750000000
51377  -14.909  -33.438  87.239 0.3750000000
51385  -14.727  -33.743  86.372 0.3750000000
48340  -12.595  -36.856  82.125 0.6250000000
48341  -13.018  -36.483  81.664 0.7500000000
131619  -13.043  -35.805  82.131 0.7500000000
122470  -13.252  -35.144  82.313 0.7500000000
49364  -13.253  -35.920  81.295 0.7500000000
118536  -13.549  -35.493  80.594 0.8750000000
122348  -33.111  -36.309  83.124 0.2500000000
119202  -33.409  -35.348  83.356 0.2500000000
44455  -26.966  -40.772  70.934 0.5000000000
44441  -28.178  -41.614  71.798 0.5000000000
49446  -34.827  -37.035  75.137 0.7500000000
49445  -34.329  -36.461  75.267 0.8750000000
44457  -28.468  -41.060  71.245 0.6250000000
140628  -29.497  -41.244  71.685 0.5000000000
45537  -31.695  -40.833  72.202 0.7500000000
45520  -32.730  -40.552  72.671 0.7500000000
45521  -33.558  -40.460  72.776 0.7500000000
48426  -35.105  -37.598  74.259 0.6250000000
141565  -35.447  -37.629  72.946 0.5000000000
50462  -34.808  -36.442  73.191 0.2500000000
49463  -36.074  -36.613  72.202 0.2500000000
50323  -14.136  -33.752  86.949 0.3750000000
118359  -14.056  -34.669  85.086 0.5000000000
51384  -14.409  -33.993  85.484 0.5000000000
49333  -13.604  -35.330  84.549 0.5000000000
50342  -14.031  -35.000  84.177 0.5000000000
51392  -14.210  -34.192  84.477 0.5000000000
138778  -14.616  -33.595  84.973 0.5000000000
52379  -15.035  -33.395  85.733 0.5000000000
48328  -12.418  -36.388  83.109 0.5000000000
48317  -12.993  -35.701  83.550 0.5000000000
118063  -14.044  -34.671  83.746 0.5000000000
47332  -12.151  -37.271  82.649 0.6250000000
48329  -12.764  -36.067  82.551 0.5000000000
50349  -13.647  -35.014  83.388 0.7500000000
118186  -13.730  -34.553  82.989 0.6250000000
51397  -14.130  -33.989  83.543 0.7500000000
119680  -13.359  -35.153  81.414 0.7500000000
51410  -13.844  -33.986  81.603 0.7500000000
118165  -13.634  -34.543  80.941 0.7500000000
50384  -13.888  -34.882  79.930 0.8750000000
50395  -14.190  -35.108  78.975 0.8750000000
50363  -32.920  -34.812  82.433 0.2500000000
46512  -30.166  -40.689  71.889 0.7500000000
46513  -30.836  -40.693  72.117 0.7500000000
135798  -33.923  -36.035  75.262 0.7500000000
44458  -29.223  -40.939  71.370 0.6250000000
44459  -29.932  -41.018  71.579 0.6250000000
44460  -30.684  -40.990  71.830 0.6250000000
50461  -34.203  -36.261  74.445 0.5000000000
50477  -34.163  -35.859  73.716 0.3750000000
127127  -34.759  -35.950  72.755 0.3750000000
52388  -14.567  -33.432  84.143 0.6250000000
53375  -15.076  -32.669  83.741 0.7500000000
52393  -14.554  -33.268  83.222 0.6250000000
51418  -14.215  -33.988  80.203 0.8750000000
51425  -14.527  -34.240  79.334 0.8750000000
51468  -31.820  -34.816  75.332 0.8750000000
50459  -32.529  -35.191  74.598 0.8750000000
50460  -33.483  -35.705  74.704 0.8750000000
123123  -34.054  -35.641  73.072 0.5000000000
53387  -14.964  -32.441  82.847 0.7500000000
52401  -14.613  -33.045  82.444 0.7500000000
52413  -14.446  -33.221  81.586 0.7500000000
50373  -21.771  -35.004  81.312 0.6250000000
52421  -14.667  -33.192  80.559 0.8750000000
121740  -14.025  -33.738  80.959 0.8750000000
118609  -15.013  -33.413  79.687 0.8750000000
51412  -32.714  -34.099  82.101 0.2500000000
53409  -34.505  -32.443  81.512 0.2500000000
52416  -32.859  -33.333  81.630 0.2500000000
51492  -30.837  -34.374  73.402 0.7500000000
51523  -30.972  -34.283  71.813 0.6250000000
51493  -31.411  -34.799  73.711 0.6250000000
51479  -31.495  -34.812  74.500 0.8750000000
120395  -31.500  -34.688  71.986 0.6250000000
120596  -21.462  -34.253  81.299 0.5000000000
53416  -15.117  -32.383  80.963 0.7500000000
50372  -21.552  -34.590  80.897 0.6250000000
51403  -21.911  -34.579  82.514 0.5000000000
53434  -15.360  -32.516  79.997 0.8750000000
52427  -15.291  -33.579  78.840 0.8750000000
53449  -32.661  -32.683  79.227 0.5000000000
53423  -32.829  -32.985  80.816 0.3750000000
53522  -30.703  -32.761  71.051 0.7500000000
51506  -30.619  -33.866  72.183 0.6250000000
52518  -30.781  -33.575  70.204 0.6250000000
52506  -30.719  -33.875  71.215 0.6250000000
52543  -31.134  -33.678  68.718 0.5000000000
52556  -31.215  -33.587  67.837 0.5000000000
52568  -31.239  -33.529  66.855 0.2500000000
53435  -16.231  -32.147  79.522 0.8750000000
51411  -21.243  -33.998  80.472 0.7500000000
127318  -15.699  -32.800  79.177 0.8750000000
128806  -30.730  -33.051  71.873 0.8750000000
130001  -30.830  -31.807  69.676 0.6250000000
54539  -30.823  -31.908  68.065 0.6250000000
53557  -30.753  -32.625  68.601 0.5000000000
54554  -30.738  -31.687  67.249 0.6250000000
54433  -16.870  -31.691  79.782 0.8750000000
52423  -20.541  -33.099  80.034 0.6250000000
53436  -17.154  -32.030  79.079 0.8750000000
52422  -19.587  -32.392  79.384 0.7500000000
52431  -20.301  -33.054  78.919 0.7500000000
54529  -31.146  -31.001  69.639 0.6250000000
119417  -31.049  -30.986  68.174 0.6250000000
55578  -30.546  -30.914  66.646 0.6250000000
53581  -30.659  -32.181  65.847 0.3750000000
54568  -30.418  -31.407  65.702 0.3750000000
54581  -30.870  -32.093  65.180 0.3750000000
54595  -30.674  -31.368  64.812 0.3750000000
126130  -31.278  -31.124  64.183 0.3750000000
55617  -33.376  -30.254  62.966 0.5000000000
55633  -33.947  -30.226  62.698 0.5000000000
55653  -34.530  -30.100  61.561 0.5000000000
55554  -31.618  -29.983  69.280 0.7500000000
55568  -31.175  -30.305  67.828 0.6250000000
119026  -30.857  -30.004  67.178 0.6250000000
55577  -30.366  -30.571  65.921 0.5000000000
56602  -30.375  -29.895  64.649 0.5000000000
56603  -30.570  -29.176  64.017 0.5000000000
55602  -30.959  -30.212  63.813 0.5000000000
56617  -32.555  -29.748  62.748 0.5000000000
56632  -33.268  -29.641  62.386 0.5000000000
56648  -33.833  -29.165  61.243 0.5000000000
56661  -34.550  -29.466  60.657 0.5000000000
57662  -34.931  -28.724  60.238 0.3750000000
133506  -34.148  -29.164  73.899 0.3750000000
56499  -34.129  -28.711  73.159 0.2500000000
56552  -31.915  -29.348  68.727 0.7500000000
57554  -32.573  -28.850  69.297 0.7500000000
56551  -31.382  -30.132  68.532 0.7500000000
56562  -31.419  -29.618  67.881 0.7500000000
56563  -31.886  -28.836  67.811 0.7500000000
131773  -31.190  -29.090  67.242 0.6250000000
56590  -30.651  -28.712  65.936 0.6250000000
57595  -30.430  -28.931  64.980 0.6250000000
56615  -31.202  -29.363  63.295 0.6250000000
55616  -31.827  -30.051  63.211 0.5000000000
56616  -31.801  -29.401  62.807 0.5000000000
57630  -32.876  -28.955  62.042 0.6250000000
57646  -33.278  -28.607  61.617 0.5000000000
57647  -33.617  -28.158  61.121 0.5000000000
58643  -34.728  -27.911  60.469 0.5000000000
58631  -34.913  -27.056  60.734 0.5000000000
60583  -37.852  -23.961  62.449 0.6250000000
61503  -38.363  -23.640  62.886 0.7500000000
62393  -39.055  -22.492  63.347 0.8750000000
63307  -39.204  -21.924  63.475 0.7500000000
57661  -34.228  -28.512  60.651 0.5000000000
59623  -35.669  -26.686  60.624 0.5000000000
59624  -36.223  -26.305  60.352 0.5000000000
60581  -36.850  -24.753  61.346 0.6250000000
61528  -37.836  -23.362  61.104 0.6250000000
62405  -38.244  -22.825  61.796 0.6250000000
63318  -38.717  -21.949  62.652 0.7500000000
58659  -36.002  -28.176  59.717 0.2500000000
58645  -36.066  -27.300  59.908 0.3750000000
135145  -36.683  -26.048  59.980 0.5000000000
61526  -37.371  -24.765  59.585 0.3750000000
62413  -37.610  -23.247  60.012 0.6250000000
124781  -38.266  -21.713  61.786 0.6250000000
57569  -32.388  -28.480  68.479 0.7500000000
58567  -33.161  -27.472  68.862 0.7500000000
57578  -31.608  -28.293  67.114 0.6250000000
57579  -32.214  -27.987  67.696 0.7500000000
57588  -31.275  -27.881  66.258 0.6250000000
57604  -30.718  -28.242  64.359 0.6250000000
127565  -31.109  -27.635  63.803 0.6250000000
57614  -31.007  -28.472  63.516 0.6250000000
57628  -31.909  -28.056  62.397 0.6250000000
57629  -32.475  -28.350  62.121 0.6250000000
58629  -33.203  -27.743  61.677 0.6250000000
58630  -34.166  -27.529  60.835 0.5000000000
59611  -37.188  -24.634  62.252 0.7500000000
58616  -34.395  -26.620  61.512 0.6250000000
59609  -36.092  -25.806  61.461 0.5000000000
59610  -36.777  -25.133  62.090 0.6250000000
64323  -37.950  -21.650  60.775 0.6250000000
64313  -38.102  -20.893  61.511 0.7500000000
64314  -38.558  -21.173  62.408 0.7500000000
64333  -37.833  -21.650  59.556 0.5000000000
127040  -38.845  -22.935  58.207 0.3750000000
63357  -39.695  -22.714  57.781 0.2500000000
63370  -40.333  -22.206  57.443 0.1250000000
58577  -31.924  -27.336  66.948 0.6250000000
139988  -32.281  -26.759  67.136 0.8750000000
58583  -31.632  -27.016  66.165 0.6250000000
59525  -32.104  -26.337  66.506 0.7500000000
60503  -32.563  -25.292  66.585 0.8750000000
59532  -31.500  -26.837  64.851 0.6250000000
59533  -31.849  -26.439  65.462 0.7500000000
60522  -32.306  -25.558  65.751 0.8750000000
121101  -32.798  -24.810  65.901 0.8750000000
63255  -43.992  -21.271  68.407 0.2500000000
59570  -31.447  -26.897  64.061 0.6250000000
60536  -32.465  -25.814  64.888 0.7500000000
63254  -43.019  -21.116  68.164 0.2500000000
64262  -43.567  -20.757  68.040 0.2500000000
132429  -31.539  -27.172  63.361 0.6250000000
59548  -32.753  -25.898  63.978 0.7500000000
60537  -33.247  -25.352  64.533 0.7500000000
58600  -31.388  -27.826  63.019 0.6250000000
59591  -32.620  -26.833  62.656 0.7500000000
59572  -33.123  -26.246  63.115 0.7500000000
58601  -31.938  -27.239  62.714 0.6250000000
59592  -34.399  -26.098  62.351 0.7500000000
118514  -36.604  -25.770  63.102 0.7500000000
59577  -37.622  -25.071  63.610 0.7500000000
127456  -33.703  -27.334  61.406 0.6250000000
59593  -35.223  -25.941  62.272 0.7500000000
59596  -37.395  -24.843  62.889 0.7500000000
59608  -35.354  -26.219  61.434 0.7500000000
65307  -38.586  -20.363  62.310 0.7500000000
64334  -37.819  -20.944  60.319 0.6250000000
65316  -38.060  -20.075  60.823 0.6250000000
65332  -38.323  -20.549  58.420 0.3750000000
65339  -38.922  -20.327  57.593 0.5000000000
63356  -38.790  -22.187  57.898 0.3750000000
64342  -38.881  -21.245  57.527 0.2500000000
64349  -39.921  -21.468  57.121 0.2500000000
63369  -39.476  -21.982  57.479 0.2500000000
61444  -42.658  -22.360  69.108 0.3750000000
62342  -43.976  -21.794  68.687 0.2500000000
64250  -45.242  -21.475  68.748 0.2500000000
64263  -44.226  -20.818  68.149 0.2500000000
65252  -43.971  -20.351  67.825 0.2500000000
59576  -37.146  -25.461  63.733 0.8750000000
65297  -39.179  -19.811  63.000 0.7500000000
66287  -38.889  -19.472  62.045 0.7500000000
65326  -38.044  -20.311  59.654 0.5000000000
119233  -39.014  -19.203  59.081 0.6250000000
66317  -39.574  -19.681  57.439 0.5000000000
65340  -39.641  -20.581  57.082 0.3750000000
64362  -45.549  -21.269  56.557 0.2500000000
64363  -47.189  -21.356  56.579 0.1250000000
65354  -48.323  -20.761  56.338 0.1250000000
129893  -47.715  -20.066  56.366 0.1250000000
66340  -48.630  -19.805  56.124 0.2500000000
66341  -49.579  -19.879  56.079 0.1250000000
67372  -48.394  -18.881  55.894 0.2500000000
66278  -39.532  -18.836  62.940 0.7500000000
68231  -40.095  -17.418  61.180 0.7500000000
67320  -39.612  -18.143  60.624 0.7500000000
68242  -39.792  -17.934  59.683 0.5000000000
66318  -40.533  -19.933  56.846 0.5000000000
67357  -41.510  -18.620  57.274 0.5000000000
65348  -41.994  -20.634  56.530 0.3750000000
66320  -42.000  -19.178  56.742 0.5000000000
138520  -43.826  -20.312  56.386 0.3750000000
64361  -44.763  -21.271  56.460 0.2500000000
131798  -46.389  -21.291  56.607 0.2500000000
65353  -46.877  -20.434  56.567 0.1250000000
67371  -47.733  -19.108  56.329 0.1250000000
67381  -48.718  -18.342  55.334 0.2500000000
68224  -40.159  -17.035  61.973 0.7500000000
68243  -40.295  -17.348  60.139 0.6250000000
67342  -40.201  -18.246  58.311 0.5000000000
67356  -40.465  -18.892  57.439 0.5000000000
136640  -41.036  -18.114  57.898 0.5000000000
67358  -42.439  -18.611  57.263 0.3750000000
66321  -42.892  -19.249  56.755 0.3750000000
67359  -43.354  -18.643  57.299 0.3750000000
66322  -43.889  -19.369  56.675 0.3750000000
66336  -44.654  -19.958  56.551 0.3750000000
66338  -46.222  -19.669  56.766 0.3750000000
66324  -45.754  -19.129  57.191 0.3750000000
66339  -46.933  -19.371  56.554 0.3750000000
120047  -47.631  -18.240  56.522 0.3750000000
68285  -47.366  -17.480  56.747 0.3750000000
139349  -47.404  -17.042  56.521 0.5000000000
69188  -47.232  -16.416  56.123 0.3750000000
135341  -48.144  -18.194  56.025 0.3750000000
68284  -47.871  -17.160  55.485 0.3750000000
70099  -47.284  -15.708  55.276 0.3750000000
69205  -47.806  -16.312  54.483 0.2500000000
70106  -47.554  -15.626  54.321 0.2500000000
70118  -47.694  -15.096  53.774 0.2500000000
71028  -48.710  -14.372  52.781 0.1250000000
69130  -40.562  -16.313  61.325 0.7500000000
69169  -40.900  -16.814  59.808 0.6250000000
69159  -40.599  -16.732  60.516 0.7500000000
68269  -42.268  -17.828  58.595 0.6250000000
142000  -41.469  -17.753  58.375 0.6250000000
67343  -41.948  -18.147  57.881 0.6250000000
67344  -42.829  -18.303  58.068 0.6250000000
71846  -51.156  -13.255  60.022 0.5000000000
72712  -51.458  -12.253  59.661 0.1250000000
72713  -52.003  -11.754  60.090 0.1250000000
122537  -52.983  -10.510  60.146 0.1250000000
74414  -53.353  -10.200  59.469 0.1250000000
67360  -44.294  -18.562  57.353 0.3750000000
66323  -44.940  -19.182  57.075 0.3750000000
71852  -49.313  -13.416  58.851 0.6250000000
72718  -50.587  -12.400  58.654 0.2500000000
72719  -51.201  -12.082  58.946 0.2500000000
73575  -52.037  -11.382  59.335 0.1250000000
73576  -52.599  -10.877  59.643 0.1250000000
123005  -52.889  -10.366  58.918 0.1250000000
66325  -46.298  -18.900  57.157 0.3750000000
117847  -46.298  -18.180  57.876 0.5000000000
71860  -48.242  -13.511  57.701 0.7500000000
71861  -48.914  -12.916  58.103 0.7500000000
72717  -49.765  -12.608  58.421 0.5000000000
73574  -51.605  -11.371  58.765 0.2500000000
73579  -52.263  -10.714  58.588 0.3750000000
67363  -46.838  -18.286  56.971 0.3750000000
69182  -47.125  -16.058  57.636 0.5000000000
70090  -46.992  -15.345  56.551 0.5000000000
70984  -47.643  -14.066  57.418 0.6250000000
72721  -48.598  -12.755  57.168 0.7500000000
72722  -49.374  -12.150  57.486 0.7500000000
72724  -51.000  -11.497  58.151 0.3750000000
119245  -50.540  -11.113  57.347 0.3750000000
119333  -51.584  -10.828  58.148 0.3750000000
71000  -47.082  -14.600  55.718 0.5000000000
71880  -47.440  -13.152  55.057 0.6250000000
72735  -49.018  -11.998  55.966 0.7500000000
73583  -49.888  -11.430  57.209 0.5000000000
124093  -47.347  -14.750  54.623 0.2500000000
71885  -47.815  -13.662  53.723 0.3750000000
72733  -47.805  -12.545  54.994 0.6250000000
70937  -47.767  -14.169  64.179 0.3750000000
70938  -48.630  -14.234  64.243 0.3750000000
70939  -49.647  -14.094  64.182 0.2500000000
70053  -40.995  -15.697  62.053 0.7500000000
70029  -47.670  -15.507  63.436 0.3750000000
70030  -48.615  -15.552  63.415 0.5000000000
70950  -49.129  -14.918  63.810 0.3750000000
70032  -50.131  -15.096  63.091 0.2500000000
70033  -50.586  -14.765  62.968 0.1250000000
68257  -41.431  -17.294  59.065 0.6250000000
69160  -41.178  -16.317  60.442 0.7500000000
69144  -41.581  -15.875  61.165 0.7500000000
70043  -46.353  -15.843  62.773 0.6250000000
70044  -47.261  -16.085  62.957 0.5000000000
69123  -48.168  -16.147  62.984 0.3750000000
69125  -49.674  -15.577  62.705 0.2500000000
138418  -50.674  -14.767  62.685 0.2500000000
68258  -42.551  -17.453  59.263 0.7500000000
69131  -46.020  -16.214  62.099 0.7500000000
69132  -46.935  -16.424  62.300 0.7500000000
69133  -47.787  -16.507  62.391 0.5000000000
69134  -48.573  -16.402  62.329 0.7500000000
69135  -49.255  -16.135  62.251 0.3750000000
69136  -49.747  -15.673  62.196 0.2500000000
69137  -49.937  -15.365  61.933 0.3750000000
70059  -50.855  -14.611  62.246 0.2500000000
71831  -51.735  -12.840  62.525 0.1250000000
78136  -57.253  -6.674  61.738 0.1250000000
69148  -45.718  -16.442  61.320 0.7500000000
69149  -46.630  -16.851  61.572 0.7500000000
141583  -47.397  -16.829  61.892 0.7500000000
69151  -48.166  -16.821  61.668 0.7500000000
122533  -48.938  -16.535  61.717 0.7500000000
69153  -49.439  -15.955  61.545 0.3750000000
70062  -49.798  -15.150  61.356 0.6250000000
70063  -50.591  -14.472  61.234 0.2500000000
70967  -51.418  -13.616  61.692 0.1250000000
72704  -52.027  -12.148  61.631 0.1250000000
72705  -53.032  -11.978  61.846 0.1250000000
76202  -55.823  -8.659  61.765 0.1250000000
129070  -56.835  -7.419  61.858 0.1250000000
77136  -56.998  -7.474  61.169 0.1250000000
68270  -43.163  -18.009  58.783 0.6250000000
67345  -43.750  -18.184  58.075 0.5000000000
68233  -46.141  -17.033  60.860 0.7500000000
68234  -46.800  -17.327  60.999 0.7500000000
68249  -47.271  -17.438  60.564 0.7500000000
68236  -48.706  -16.794  61.097 0.7500000000
68237  -48.962  -16.543  60.807 0.7500000000
69164  -49.261  -15.976  60.803 0.6250000000
70069  -50.023  -14.508  60.927 0.5000000000
70966  -51.227  -13.923  61.103 0.2500000000
71840  -51.539  -12.927  61.215 0.1250000000
73569  -53.302  -11.082  61.480 0.1250000000
74406  -54.592  -10.086  61.113 0.1250000000
74407  -55.082  -9.609  61.057 0.1250000000
76213  -55.927  -8.664  60.955 0.1250000000
76228  -56.525  -8.137  60.627 0.1250000000
67346  -44.779  -18.128  58.086 0.3750000000
68250  -48.469  -16.903  60.267 0.7500000000
69172  -48.898  -16.397  60.138 0.7500000000
70972  -49.911  -14.348  60.315 0.6250000000
71845  -50.531  -13.706  59.810 0.5000000000
72714  -52.546  -11.272  60.468 0.1250000000
74409  -53.818  -10.252  60.155 0.1250000000
140943  -54.405  -9.904  59.895 0.1250000000
75297  -55.476  -9.214  60.666 0.1250000000
76227  -55.970  -8.792  60.116 0.1250000000
77152  -57.024  -7.463  60.363 0.1250000000
139185  -44.912  -18.555  57.479 0.3750000000
67347  -45.585  -18.151  58.387 0.5000000000
67362  -45.920  -18.570  57.851 0.5000000000
68262  -47.685  -17.354  60.040 0.7500000000
67335  -47.914  -17.056  59.501 0.7500000000
119170  -48.476  -16.577  59.618 0.7500000000
124223  -49.063  -14.904  59.368 0.7500000000
70980  -49.597  -14.116  59.551 0.6250000000
71853  -50.201  -13.210  59.144 0.3750000000
127295  -54.505  -9.535  58.843 0.1250000000
67349  -46.686  -17.595  58.119 0.5000000000
68271  -47.893  -16.706  59.000 0.7500000000
125957  -48.073  -15.896  58.820 0.7500000000
70985  -48.105  -14.417  58.235 0.7500000000
135584  -48.661  -13.669  58.423 0.6250000000
73585  -52.066  -10.271  57.613 0.3750000000
73580  -52.982  -10.188  58.047 0.3750000000
68278  -47.094  -16.832  58.058 0.5000000000
128227  -47.563  -16.412  58.525 0.6250000000
70083  -47.736  -15.321  58.348 0.7500000000
70082  -47.311  -14.913  57.559 0.6250000000
73589  -51.010  -10.395  56.033 0.5000000000
141599  -50.896  -10.642  56.792 0.3750000000
73584  -51.239  -10.721  57.463 0.3750000000
128213  -49.340  -12.320  54.265 0.6250000000
72738  -48.454  -12.406  54.604 0.7500000000
73595  -49.740  -11.539  55.717 0.6250000000
72744  -48.651  -12.710  53.834 0.5000000000
72734  -48.345  -12.251  55.441 0.7500000000
72753  -48.856  -13.085  53.096 0.3750000000
71896  -49.706  -13.496  51.735 0.2500000000
71818  -47.975  -13.536  64.535 0.3750000000
70057  -45.121  -15.859  61.857 0.6250000000
69170  -41.875  -16.923  59.873 0.7500000000
69145  -42.726  -15.793  60.977 0.7500000000
69162  -43.371  -16.396  60.328 0.7500000000
70056  -44.281  -15.374  61.503 0.7500000000
68244  -42.926  -17.020  59.878 0.7500000000
68245  -43.983  -17.038  59.831 0.7500000000
69163  -44.413  -16.586  60.416 0.7500000000
69147  -44.812  -16.155  61.091 0.7500000000
68259  -43.570  -17.499  59.305 0.7500000000
68246  -44.881  -17.315  60.101 0.7500000000
68247  -45.729  -17.239  60.174 0.7500000000
67330  -44.155  -17.850  58.798 0.7500000000
68260  -44.551  -17.600  59.465 0.7500000000
67331  -45.032  -17.980  59.036 0.7500000000
68261  -45.317  -17.662  59.629 0.7500000000
68248  -46.554  -17.397  60.372 0.7500000000
67321  -46.159  -17.502  59.666 0.7500000000
67322  -46.971  -17.584  59.853 0.7500000000
75310  -55.482  -9.116  59.457 0.1250000000
76244  -56.542  -8.096  59.806 0.1250000000
77163  -56.982  -7.405  59.491 0.1250000000
77164  -57.381  -6.654  60.107 0.1250000000
67348  -46.113  -18.078  58.538 0.5000000000
67333  -46.480  -17.695  59.147 0.6250000000
67334  -47.109  -17.484  59.219 0.7500000000
74419  -54.191  -9.507  58.189 0.1250000000
75321  -55.441  -8.907  58.726 0.1250000000
76254  -55.944  -8.414  58.531 0.1250000000
76255  -56.500  -7.964  59.008 0.1250000000
139399  -46.540  -17.794  58.631 0.5000000000
140278  -52.173  -9.987  56.897 0.3750000000
74421  -52.903  -10.042  57.217 0.3750000000
72745  -49.621  -12.472  53.377 0.5000000000
72746  -50.158  -11.915  54.117 0.5000000000
72757  -50.104  -12.673  51.677 0.2500000000
69146  -43.844  -15.846  60.867 0.7500000000
72755  -50.191  -12.214  52.555 0.5000000000
133344  -50.315  -11.846  53.279 0.6250000000
46496  -31.158  -40.316  72.575 0.7500000000
140880  -11.749  -40.901  79.878 0.6250000000
43356  -14.541  -41.798  75.410 0.3750000000
45550  -29.445  -40.577  71.350 0.6250000000
50361  -21.687  -34.650  81.752 0.5000000000
119259  -13.730  -35.747  79.611 0.8750000000
52428  -16.417  -32.396  78.865 0.8750000000
51433  -14.877  -34.432  78.474 0.8750000000
52424  -32.250  -33.419  80.334 0.5000000000
50445  -32.728  -35.298  75.308 0.8750000000
52495  -30.690  -33.224  72.699 0.8750000000
123765  -31.040  -31.437  70.506 0.6250000000
58573  -32.709  -27.672  68.331 0.7500000000
126126  -32.481  -27.140  67.638 0.7500000000
59515  -32.646  -26.212  67.392 0.8750000000
59575  -36.504  -25.675  63.727 0.8750000000
59595  -37.050  -25.315  63.015 0.7500000000
61504  -38.825  -23.179  63.304 0.8750000000
124851  -39.130  -21.334  63.236 0.7500000000
67313  -39.463  -18.457  61.698 0.7500000000
70055  -43.265  -15.234  61.492 0.7500000000
131897  -47.105  -14.591  63.863 0.5000000000
46497  -32.023  -40.380  72.626 0.7500000000
45538  -32.468  -40.756  72.328 0.7500000000
45551  -29.928  -40.802  71.668 0.6250000000
127481  -33.550  -32.291  78.735 0.5000000000
51477  -30.602  -33.936  73.860 0.8750000000
43313  -12.280  -41.778  78.846 0.6250000000
42360  -12.607  -42.266  76.756 0.5000000000
43369  -15.422  -41.934  74.524 0.3750000000
44413  -15.869  -41.571  74.122 0.2500000000
44429  -29.281  -42.080  72.839 0.3750000000
44431  -31.066  -41.560  72.426 0.6250000000
43423  -32.422  -41.154  72.168 0.6250000000
44432  -33.070  -41.073  72.189 0.7500000000
49452  -34.525  -36.713  74.295 0.5000000000
50332  -14.094  -34.240  86.081 0.5000000000
136729  -13.578  -35.308  83.776 0.5000000000
131766  -33.723  -32.662  80.415 0.2500000000
51478  -30.865  -34.446  74.224 0.8750000000
51491  -30.474  -33.930  73.036 0.7500000000
51507  -30.895  -34.325  72.561 0.6250000000
51533  -31.337  -34.546  71.174 0.6250000000
118370  -31.482  -34.778  72.854 0.6250000000
53535  -30.729  -32.383  70.300 0.7500000000
141860  -31.090  -33.852  69.400 0.5000000000
52531  -30.696  -33.034  69.456 0.5000000000
138220  -31.149  -34.316  70.512 0.6250000000
51556  -31.656  -34.292  68.979 0.5000000000
53570  -30.824  -32.699  67.499 0.6250000000
52557  -31.876  -34.239  67.223 0.2500000000
53582  -30.819  -32.644  66.455 0.3750000000
127486  -30.917  -31.479  68.916 0.6250000000
128441  -30.910  -30.771  67.425 0.6250000000
55553  -31.258  -30.643  69.141 0.6250000000
54569  -30.542  -31.806  66.388 0.5000000000
53594  -31.128  -32.719  65.575 0.2500000000
55589  -30.372  -30.621  65.192 0.3750000000
54596  -31.464  -31.864  64.582 0.2500000000
54597  -32.364  -31.554  64.127 0.2500000000
53605  -32.202  -32.228  64.587 0.2500000000
55603  -31.982  -30.789  63.678 0.5000000000
56647  -33.424  -29.240  61.854 0.5000000000
56575  -30.680  -29.349  66.553 0.5000000000
56589  -30.370  -29.732  65.669 0.6250000000
120494  -31.040  -28.640  66.651 0.6250000000
58582  -31.325  -27.249  65.481 0.6250000000
56630  -31.493  -28.679  62.808 0.6250000000
58644  -35.413  -27.786  60.153 0.3750000000
60582  -37.310  -24.277  61.917 0.6250000000
61518  -38.431  -23.141  62.563 0.7500000000
62406  -38.598  -22.624  62.601 0.7500000000
59625  -36.464  -25.419  60.858 0.5000000000
60591  -37.019  -25.360  60.072 0.5000000000
60592  -37.156  -24.463  60.765 0.6250000000
61516  -37.535  -23.870  61.513 0.6250000000
61527  -37.461  -23.974  60.300 0.6250000000
61517  -38.027  -23.450  62.118 0.6250000000
63317  -38.388  -22.256  62.011 0.6250000000
59636  -36.701  -26.936  59.481 0.3750000000
59637  -37.095  -26.232  59.284 0.3750000000
63344  -37.728  -22.403  60.009 0.6250000000
62414  -37.965  -22.829  60.803 0.6250000000
63327  -38.128  -22.267  61.217 0.6250000000
58614  -32.611  -27.574  62.193 0.7500000000
59594  -36.007  -25.931  62.350 0.7500000000
62424  -37.997  -23.122  59.109 0.5000000000
63355  -38.153  -22.425  58.735 0.3750000000
135640  -38.422  -23.043  58.602 0.3750000000
62438  -39.497  -23.530  58.077 0.2500000000
64341  -38.184  -21.532  58.438 0.5000000000
59547  -32.000  -26.358  64.448 0.7500000000
59571  -32.115  -26.522  63.382 0.7500000000
120654  -35.978  -25.949  63.075 0.7500000000
120595  -36.508  -25.573  62.471 0.7500000000
65306  -38.351  -20.112  61.678 0.6250000000
65325  -37.954  -21.013  59.247 0.5000000000
129777  -38.547  -19.372  60.687 0.6250000000
66294  -38.983  -18.983  61.100 0.7500000000
66309  -38.893  -19.704  58.217 0.5000000000
64350  -40.928  -21.726  57.068 0.2500000000
124352  -39.002  -18.737  60.038 0.5000000000
67341  -39.528  -18.954  58.193 0.5000000000
64358  -40.575  -20.925  56.772 0.3750000000
132639  -47.606  -20.856  56.410 0.1250000000
67329  -40.117  -17.854  58.954 0.5000000000
66319  -41.190  -19.252  56.889 0.5000000000
66334  -42.434  -19.923  56.521 0.2500000000
65349  -42.961  -20.735  56.453 0.3750000000
65351  -45.163  -20.576  56.512 0.3750000000
65352  -45.962  -20.503  56.631 0.2500000000
128891  -48.087  -17.719  55.779 0.2500000000
68268  -40.767  -17.678  58.595 0.5000000000
66337  -45.480  -19.814  56.750 0.3750000000
67361  -45.449  -18.563  57.642 0.3750000000
67364  -46.938  -17.429  57.393 0.3750000000
140756  -47.111  -16.773  57.565 0.5000000000
69197  -47.634  -16.590  55.177 0.3750000000
70107  -48.042  -15.889  53.839 0.2500000000
70119  -48.475  -15.218  53.252 0.2500000000
71016  -47.540  -14.329  53.886 0.2500000000
71017  -48.036  -14.380  53.397 0.2500000000
71893  -48.411  -13.704  53.172 0.2500000000
72708  -51.512  -12.609  60.458 0.1250000000
71854  -50.901  -12.889  59.342 0.2500000000
73570  -53.956  -10.529  60.935 0.1250000000
72723  -50.203  -11.843  57.913 0.7500000000
70991  -47.191  -14.279  56.682 0.6250000000
71859  -47.744  -13.296  56.733 0.7500000000
72727  -47.668  -12.765  55.751 0.7500000000
72728  -48.317  -12.440  56.338 0.7500000000
73582  -49.513  -11.675  56.590 0.6250000000
71874  -47.225  -13.597  55.877 0.7500000000
127017  -47.279  -13.960  55.142 0.6250000000
71884  -47.444  -13.747  54.395 0.5000000000
72739  -49.301  -12.125  55.077 0.6250000000
135189  -48.256  -13.194  53.608 0.2500000000
72737  -47.837  -12.923  54.247 0.6250000000
70021  -49.918  -14.746  63.586 0.2500000000
70031  -49.457  -15.371  63.255 0.2500000000
70045  -50.229  -15.156  62.670 0.3750000000
69124  -48.992  -15.957  62.867 0.5000000000
141678  -49.318  -16.221  61.782 0.5000000000
70058  -50.420  -14.807  61.836 0.3750000000
70961  -51.315  -14.063  62.177 0.1250000000
71834  -51.656  -12.811  61.934 0.1250000000
68232  -45.292  -16.840  60.666 0.7500000000
68235  -47.999  -17.119  60.806 0.7500000000
141321  -49.150  -16.311  61.138 0.7500000000
138444  -53.413  -11.434  61.976 0.1250000000
75292  -55.390  -9.199  61.360 0.1250000000
76214  -56.455  -8.106  61.397 0.1250000000
70068  -49.555  -15.157  60.592 0.6250000000
69173  -49.171  -15.837  60.014 0.7500000000
70973  -50.839  -14.070  60.499 0.5000000000
71839  -51.303  -13.426  60.647 0.2500000000
72709  -51.957  -12.011  60.889 0.1250000000
72710  -52.656  -11.549  61.241 0.1250000000
74410  -54.512  -10.010  60.376 0.1250000000
69171  -48.804  -16.208  59.638 0.7500000000
70067  -49.358  -15.031  59.902 0.7500000000
74411  -55.015  -9.652  60.494 0.1250000000
133870  -54.153  -9.848  59.421 0.1250000000
74415  -54.859  -9.594  59.678 0.1250000000
69177  -48.389  -16.289  59.229 0.6250000000
70076  -48.847  -15.717  59.389 0.7500000000
70075  -48.539  -15.163  58.872 0.7500000000
70979  -48.872  -14.278  58.955 0.6250000000
74418  -53.701  -9.863  58.613 0.1250000000
67350  -47.192  -17.074  58.651 0.6250000000
73588  -50.191  -10.955  56.450 0.5000000000
72754  -49.575  -12.916  52.431 0.2500000000
67332  -45.772  -17.902  59.107 0.6250000000
78153  -57.604  -6.063  60.952 0.1250000000
76243  -56.002  -8.580  59.260 0.1250000000
75320  -54.799  -9.186  58.288 0.1250000000
38576  1.078  -47.122  86.043 0.1250000000
39509  1.052  -46.751  86.939 0.2500000000
38568  0.728  -46.783  87.005 0.2500000000
139169  1.317  -46.673  85.854 0.2500000000
38577  0.615  -47.156  86.345 0.2500000000
37708  0.060  -47.941  85.901 0.2500000000
127786  1.334  -46.870  85.335 0.1250000000
119955  -1.682  -48.043  85.356 0.2500000000
39549  1.468  -46.263  84.782 0.1250000000
39496  0.915  -46.264  87.462 0.2500000000
39495  1.155  -46.158  87.287 0.3750000000
39497  0.060  -46.149  86.930 0.2500000000
38578  0.010  -47.022  86.516 0.2500000000
39530  1.489  -46.074  85.570 0.3750000000
38579  -0.847  -46.563  86.621 0.2500000000
39510  -1.495  -46.771  86.390 0.2500000000
40431  1.599  -45.548  84.938 0.3750000000
38580  -1.883  -47.211  85.921 0.2500000000
40392  1.033  -45.700  87.972 0.3750000000
39485  0.575  -45.643  87.729 0.3750000000
40410  1.425  -45.678  86.515 0.3750000000
40391  1.250  -45.376  87.535 0.3750000000
39486  -0.448  -45.264  86.926 0.3750000000
41293  1.468  -44.865  86.671 0.3750000000
39498  -0.905  -45.922  86.937 0.3750000000
118728  1.626  -45.096  85.518 0.3750000000
118769  1.440  -44.370  85.893 0.3750000000
121401  1.502  -45.087  84.835 0.3750000000
39511  -2.114  -46.534  86.324 0.2500000000
38581  -2.514  -46.859  85.755 0.2500000000
38594  -2.889  -47.189  85.092 0.2500000000
38595  -3.488  -46.625  84.676 0.2500000000
38624  -3.917  -47.665  83.202 0.2500000000
39550  -3.931  -46.489  84.160 0.2500000000
39576  -4.304  -47.095  82.658 0.2500000000
39577  -4.978  -46.444  82.157 0.2500000000
38648  -5.215  -47.086  81.292 0.1250000000
39610  -8.934  -47.198  78.696 0.1250000000
40371  1.078  -44.999  88.291 0.3750000000
40372  0.676  -45.115  88.110 0.3750000000
40373  -0.136  -44.669  87.062 0.3750000000
41283  1.259  -44.486  87.736 0.3750000000
40374  -1.170  -44.651  87.555 0.3750000000
40393  -1.388  -45.350  87.311 0.3750000000
125060  1.149  -43.688  86.291 0.2500000000
121235  -1.636  -46.106  86.888 0.2500000000
39531  -3.120  -46.391  85.548 0.3750000000
127460  -4.023  -46.074  84.624 0.2500000000
39586  -5.547  -46.182  81.362 0.2500000000
40485  -6.583  -45.879  79.462 0.1250000000
39608  -7.113  -46.551  78.992 0.1250000000
39623  -7.624  -46.151  78.353 0.1250000000
39624  -8.392  -46.353  78.128 0.1250000000
42182  0.853  -44.151  88.308 0.2500000000
40361  -0.113  -44.219  87.518 0.3750000000
42207  1.195  -43.695  87.307 0.2500000000
41249  -0.124  -43.863  87.857 0.2500000000
40394  -2.144  -45.403  87.394 0.3750000000
43214  0.882  -43.149  87.722 0.2500000000
40375  -2.553  -44.726  87.832 0.5000000000
40395  -2.967  -45.262  87.193 0.3750000000
39532  -3.825  -45.788  85.344 0.3750000000
40432  -4.245  -45.401  84.737 0.5000000000
39565  -4.643  -46.187  83.126 0.2500000000
40459  -5.753  -45.429  82.220 0.3750000000
40477  -6.344  -45.410  80.307 0.2500000000
40490  -7.178  -45.458  78.705 0.1250000000
41422  -7.835  -44.595  78.531 0.2500000000
40491  -8.002  -45.407  77.936 0.1250000000
40492  -8.855  -45.727  77.604 0.1250000000
40499  -9.330  -45.028  77.215 0.1250000000
39636  -9.801  -45.967  77.444 0.1250000000
39638  -11.452  -46.302  77.388 0.1250000000
131617  -12.055  -46.743  77.781 0.1250000000
39640  -13.549  -46.723  77.288 0.1250000000
40509  -10.942  -44.966  76.656 0.1250000000
40502  -12.053  -46.081  76.942 0.1250000000
40511  -12.388  -45.484  76.109 0.1250000000
41457  -13.429  -44.484  75.092 0.1250000000
43193  -1.300  -42.659  89.012 0.1250000000
125556  -1.643  -42.880  88.765 0.1250000000
42170  -2.198  -42.910  88.791 0.1250000000
42171  -2.458  -42.730  89.060 0.2500000000
42169  -0.885  -43.285  88.366 0.2500000000
41251  -1.663  -43.430  88.350 0.2500000000
41252  -2.104  -43.375  88.536 0.2500000000
42172  -3.025  -42.787  89.175 0.3750000000
57387  -20.991  -28.768  85.019 0.1250000000
57377  -21.825  -28.565  85.507 0.1250000000
56379  -21.951  -29.043  84.732 0.1250000000
138039  -0.731  -42.988  88.571 0.2500000000
41253  -2.594  -43.398  88.694 0.2500000000
129685  -2.944  -44.077  88.278 0.5000000000
43205  0.449  -42.654  88.138 0.2500000000
41269  -2.214  -44.056  88.268 0.5000000000
40376  -3.360  -44.540  87.611 0.5000000000
43204  0.516  -43.400  88.100 0.2500000000
123118  -1.825  -44.735  87.852 0.3750000000
41284  -4.117  -44.181  87.288 0.5000000000
40396  -3.715  -44.869  86.828 0.5000000000
140086  -4.237  -45.089  85.348 0.3750000000
41327  -6.276  -44.496  82.706 0.3750000000
41346  -6.848  -43.905  82.280 0.5000000000
41345  -6.475  -44.714  81.856 0.3750000000
41363  -6.679  -44.778  81.016 0.2500000000
41381  -6.850  -44.739  80.314 0.2500000000
41402  -7.371  -44.638  79.202 0.1250000000
40498  -8.636  -44.925  77.531 0.1250000000
41446  -10.612  -44.401  76.833 0.1250000000
40510  -11.538  -45.189  76.366 0.1250000000
41448  -11.953  -44.342  75.950 0.1250000000
41449  -12.708  -44.791  75.536 0.1250000000
42395  -14.012  -43.573  74.868 0.2500000000
43411  -31.810  -41.713  72.779 0.5000000000
42155  -2.319  -42.294  89.574 0.1250000000
55372  -23.205  -30.525  84.117 0.2500000000
54358  -23.099  -31.477  84.178 0.2500000000
42183  -3.329  -43.396  88.684 0.2500000000
42184  -4.196  -43.242  88.485 0.2500000000
132638  -20.565  -28.736  85.859 0.1250000000
57376  -21.434  -28.433  85.975 0.1250000000
55386  -22.643  -30.474  83.812 0.1250000000
53359  -23.770  -32.202  84.694 0.2500000000
41270  -3.788  -43.917  88.076 0.5000000000
129017  -19.716  -29.076  85.806 0.1250000000
56378  -20.029  -28.969  85.027 0.1250000000
56392  -21.297  -29.446  84.217 0.1250000000
142026  -22.096  -29.677  83.935 0.1250000000
126472  -23.175  -32.292  84.476 0.2500000000
53344  -24.012  -33.258  85.058 0.2500000000
51388  -24.340  -34.570  85.189 0.2500000000
56377  -19.340  -29.168  85.122 0.1250000000
56391  -20.302  -29.252  84.235 0.1250000000
55384  -21.002  -30.011  83.814 0.1250000000
55385  -21.984  -30.335  83.599 0.1250000000
54368  -22.301  -31.424  83.641 0.2500000000
53357  -22.837  -32.551  84.236 0.2500000000
52382  -23.579  -33.494  84.633 0.2500000000
51378  -24.206  -33.908  85.212 0.2500000000
119608  -24.739  -34.898  85.885 0.2500000000
56389  -18.717  -29.374  84.807 0.1250000000
56390  -19.447  -29.247  84.446 0.1250000000
55398  -21.659  -30.678  83.421 0.1250000000
53367  -22.500  -32.220  83.900 0.2500000000
52381  -22.973  -33.230  84.211 0.2500000000
50333  -23.786  -34.819  84.416 0.2500000000
50334  -24.519  -35.101  85.063 0.2500000000
49325  -24.701  -35.560  84.779 0.3750000000
55396  -19.952  -30.078  83.010 0.2500000000
55397  -20.936  -30.603  83.207 0.1250000000
54378  -21.729  -31.326  83.306 0.1250000000
53378  -21.912  -32.290  83.472 0.2500000000
130259  -22.356  -33.049  83.781 0.2500000000
51393  -22.669  -33.838  83.692 0.2500000000
41314  -6.476  -43.397  83.902 0.3750000000
55408  -18.974  -29.851  82.993 0.2500000000
54389  -19.525  -30.477  82.344 0.3750000000
132447  -21.353  -31.669  82.866 0.2500000000
53377  -21.495  -32.751  82.843 0.2500000000
124710  -21.808  -33.314  83.234 0.2500000000
122475  -22.295  -34.246  83.243 0.3750000000
50344  -23.068  -35.072  83.671 0.3750000000
125686  -7.295  -43.089  82.653 0.5000000000
41364  -7.100  -44.158  81.526 0.5000000000
122044  -7.260  -44.257  80.757 0.5000000000
42301  -8.524  -43.346  80.226 0.5000000000
41382  -7.320  -44.362  79.941 0.3750000000
41403  -8.020  -43.972  79.451 0.2500000000
42332  -9.479  -43.471  78.173 0.2500000000
42356  -9.808  -43.716  77.597 0.1250000000
42357  -10.443  -43.650  77.252 0.2500000000
42376  -11.412  -43.455  76.426 0.1250000000
41456  -12.703  -43.779  75.512 0.1250000000
42394  -13.360  -43.357  75.214 0.1250000000
42380  -14.550  -42.715  74.928 0.2500000000
43412  -32.755  -41.561  72.686 0.5000000000
141194  -2.446  -41.506  90.385 0.1250000000
43179  -2.543  -41.908  90.132 0.1250000000
44227  -1.682  -41.809  90.163 0.1250000000
43178  -2.114  -42.010  90.072 0.1250000000
43180  -3.131  -41.816  90.239 0.1250000000
44226  -0.951  -41.652  90.034 0.1250000000
126483  -2.763  -42.276  89.716 0.1250000000
42173  -3.723  -42.785  89.150 0.1250000000
55364  -18.980  -30.001  87.304 0.1250000000
120023  -19.738  -29.552  87.403 0.1250000000
56370  -20.277  -29.066  86.742 0.1250000000
54359  -23.825  -31.327  84.514 0.2500000000
42156  -3.375  -42.301  89.753 0.1250000000
56393  -22.615  -29.730  84.169 0.2500000000
53345  -24.370  -32.860  85.457 0.2500000000
42197  -5.286  -43.147  87.383 0.3750000000
55363  -18.375  -29.973  86.483 0.1250000000
56376  -18.849  -29.315  85.703 0.1250000000
141258  -23.705  -32.736  84.813 0.2500000000
51368  -24.661  -33.634  85.994 0.2500000000
42196  -4.553  -43.539  87.723 0.3750000000
55370  -17.418  -30.149  85.160 0.2500000000
54367  -16.594  -30.464  84.853 0.3750000000
55383  -18.065  -29.748  84.500 0.2500000000
140731  -16.226  -30.380  83.208 0.3750000000
133168  -17.512  -30.095  83.387 0.3750000000
130377  -18.192  -29.957  83.613 0.3750000000
42248  -7.412  -41.842  83.771 0.5000000000
42264  -7.897  -42.200  83.001 0.5000000000
124451  -17.039  -30.213  82.735 0.3750000000
55407  -18.655  -30.366  82.124 0.3750000000
127355  -19.996  -31.342  82.077 0.2500000000
53390  -20.845  -32.127  82.229 0.2500000000
52403  -21.345  -33.292  82.234 0.3750000000
51398  -22.022  -34.310  82.940 0.3750000000
50350  -22.345  -34.749  83.051 0.3750000000
50351  -22.736  -35.422  83.013 0.3750000000
42280  -8.753  -42.193  82.465 0.5000000000
54387  -15.932  -30.961  81.782 0.3750000000
54404  -17.554  -30.692  81.038 0.5000000000
54405  -18.460  -30.737  81.252 0.3750000000
53404  -19.214  -31.705  80.877 0.5000000000
52402  -20.794  -32.702  81.589 0.3750000000
119632  -22.213  -35.001  82.625 0.3750000000
42278  -7.512  -43.482  81.929 0.5000000000
137811  -8.098  -43.224  81.643 0.5000000000
54419  -18.211  -31.145  80.427 0.6250000000
52414  -20.313  -32.534  80.873 0.3750000000
51401  -21.099  -33.489  81.208 0.2500000000
41383  -7.827  -43.783  80.430 0.5000000000
42292  -8.780  -42.679  81.656 0.5000000000
129737  -8.765  -43.406  79.452 0.2500000000
42302  -9.475  -42.951  80.163 0.5000000000
122716  -10.072  -43.115  78.761 0.3750000000
42333  -10.372  -43.230  78.040 0.3750000000
42358  -11.030  -43.194  77.126 0.2500000000
42359  -11.813  -42.646  77.126 0.3750000000
42379  -13.877  -42.483  75.427 0.2500000000
135498  -33.445  -41.363  72.631 0.3750000000
43400  -34.582  -41.883  74.005 0.1250000000
43165  -2.830  -41.361  90.470 0.1250000000
43164  -2.148  -41.377  90.505 0.1250000000
43181  -3.805  -41.916  90.235 0.1250000000
43195  -5.052  -42.032  89.359 0.1250000000
42174  -4.602  -42.584  88.889 0.1250000000
42185  -5.047  -42.964  88.185 0.2500000000
132123  -19.394  -30.088  88.100 0.1250000000
56362  -20.326  -29.152  87.615 0.1250000000
43216  -5.757  -42.508  87.801 0.2500000000
54336  -17.965  -31.009  87.802 0.1250000000
55357  -18.759  -30.649  87.982 0.1250000000
54346  -17.715  -30.701  87.001 0.1250000000
54345  -16.981  -31.048  86.712 0.2500000000
54355  -15.948  -31.127  85.490 0.2500000000
54366  -15.815  -31.048  84.527 0.2500000000
120817  -9.063  -41.492  83.388 0.5000000000
131308  -15.741  -30.973  83.609 0.3750000000
117622  -9.548  -41.664  82.772 0.5000000000
53403  -15.612  -31.638  81.406 0.5000000000
54403  -16.539  -31.085  81.082 0.3750000000
53417  -16.088  -31.744  80.406 0.7500000000
54418  -17.188  -31.259  80.357 0.7500000000
53418  -17.749  -31.651  79.759 0.6250000000
43290  -10.549  -41.654  81.277 0.5000000000
44447  -33.952  -41.011  72.394 0.6250000000
123347  -34.674  -41.142  72.715 0.5000000000
43182  -4.584  -41.727  90.052 0.1250000000
43166  -3.186  -41.268  90.553 0.1250000000
43206  -5.432  -42.245  88.565 0.1250000000
43217  -6.479  -42.129  87.432 0.1250000000
56361  -19.960  -29.513  88.231 0.1250000000
54328  -18.341  -31.238  88.607 0.1250000000
53343  -16.430  -31.693  87.173 0.2500000000
53342  -15.718  -32.133  86.667 0.2500000000
54354  -15.563  -31.918  85.143 0.1250000000
53366  -15.162  -32.839  84.836 0.5000000000
43268  -10.411  -40.932  82.708 0.5000000000
42293  -9.716  -42.286  81.225 0.6250000000
53402  -14.966  -32.358  81.948 0.6250000000
44433  -35.388  -41.097  72.956 0.1250000000
44229  -4.977  -41.082  90.406 0.1250000000
44239  -5.402  -41.370  89.702 0.1250000000
44249  -6.448  -41.289  88.797 0.1250000000
44250  -7.096  -41.171  88.313 0.1250000000
43196  -5.798  -41.617  88.991 0.1250000000
43207  -6.291  -41.819  88.242 0.1250000000
44251  -8.031  -40.806  87.950 0.1250000000
52354  -17.642  -32.424  89.471 0.1250000000
53325  -18.674  -31.427  89.480 0.1250000000
55340  -19.768  -30.183  89.676 0.1250000000
56349  -19.880  -29.360  89.177 0.1250000000
43208  -6.896  -41.613  87.745 0.1250000000
43218  -7.220  -41.647  87.064 0.1250000000
51367  -15.159  -33.107  88.249 0.1250000000
53323  -17.065  -32.405  88.789 0.2500000000
53324  -17.915  -31.889  89.094 0.1250000000
127009  -20.425  -28.861  88.322 0.1250000000
136263  -7.715  -41.220  86.547 0.2500000000
52362  -15.829  -32.336  88.337 0.1250000000
126205  -13.552  -34.228  86.698 0.3750000000
43291  -10.709  -40.892  81.068 0.6250000000
45523  -35.536  -40.407  72.707 0.3750000000
45524  -36.124  -40.013  72.755 0.2500000000
49465  -37.295  -36.430  72.680 0.1250000000
50478  -35.654  -36.048  72.205 0.1250000000
45277  -7.412  -40.218  89.442 0.1250000000
45288  -8.540  -40.066  88.271 0.1250000000
44261  -7.964  -41.018  87.199 0.2500000000
51357  -15.851  -33.445  89.630 0.1250000000
44269  -8.245  -40.508  86.445 0.2500000000
50311  -14.655  -33.893  87.598 0.2500000000
49315  -13.550  -34.531  87.335 0.3750000000
47307  -11.872  -36.289  84.717 0.3750000000
49332  -13.268  -35.401  85.244 0.3750000000
46328  -11.173  -38.267  83.714 0.5000000000
47316  -11.357  -37.218  84.151 0.5000000000
48316  -12.664  -35.891  84.320 0.3750000000
50498  -35.421  -35.731  71.980 0.1250000000
51509  -35.123  -35.342  71.573 0.1250000000
47306  -11.214  -36.569  85.047 0.3750000000
50497  -34.487  -35.678  72.275 0.2500000000
128159  -34.749  -34.960  71.034 0.1250000000
51537  -35.216  -34.657  70.448 0.1250000000
50521  -34.141  -35.377  71.658 0.1250000000
124275  -33.580  -34.767  69.823 0.1250000000
51536  -34.319  -34.795  70.270 0.1250000000
51549  -34.300  -34.629  69.293 0.1250000000
51560  -35.064  -34.371  68.673 0.1250000000
50476  -33.223  -35.434  73.709 0.5000000000
50496  -33.409  -35.400  72.561 0.3750000000
51535  -33.137  -34.936  70.600 0.2500000000
131154  -32.847  -34.765  69.851 0.2500000000
51547  -32.257  -34.613  69.406 0.3750000000
51546  -31.408  -34.322  69.775 0.3750000000
119826  -32.698  -30.481  63.261 0.3750000000
55634  -34.389  -30.333  62.388 0.3750000000
55654  -35.047  -30.321  60.723 0.2500000000
57526  -34.517  -27.883  73.097 0.3750000000
58531  -34.675  -26.858  72.130 0.2500000000
59491  -34.870  -26.264  71.875 0.5000000000
61383  -35.421  -24.649  71.624 0.3750000000
72764  -51.783  -12.482  49.205 0.1250000000
71912  -52.215  -13.031  48.869 0.1250000000
72773  -52.723  -12.946  48.259 0.1250000000
73621  -51.212  -11.821  49.616 0.2500000000
73622  -51.758  -11.854  48.846 0.1250000000
73616  -50.520  -11.433  51.638 0.3750000000
119966  -50.370  -11.946  51.865 0.3750000000
73617  -50.677  -10.944  51.453 0.3750000000
74458  -50.894  -10.594  50.945 0.3750000000
72759  -50.487  -11.795  50.815 0.1250000000
130976  -50.711  -11.358  50.312 0.2500000000
73631  -51.426  -11.115  48.826 0.2500000000
73632  -52.066  -11.359  48.153 0.2500000000
73599  -50.075  -11.692  54.929 0.5000000000
73600  -50.598  -11.068  54.550 0.5000000000
73601  -50.960  -10.310  54.137 0.5000000000
73607  -50.972  -10.337  53.265 0.3750000000
73614  -50.876  -10.618  52.337 0.3750000000
74455  -51.223  -10.122  52.039 0.3750000000
75375  -51.324  -9.882  50.311 0.3750000000
75378  -51.839  -9.236  49.516 0.2500000000
74468  -51.466  -10.347  48.872 0.2500000000
74469  -52.066  -10.485  48.224 0.2500000000
75387  -53.430  -9.269  48.256 0.2500000000
74481  -54.102  -9.582  47.051 0.2500000000
74488  -54.144  -9.988  46.361 0.2500000000
74439  -51.433  -9.640  54.716 0.5000000000
137874  -51.297  -9.779  53.381 0.5000000000
74452  -51.235  -9.898  52.906 0.5000000000
74453  -51.638  -9.499  52.809 0.5000000000
132685  -51.733  -9.513  52.124 0.5000000000
75373  -52.034  -8.987  51.501 0.5000000000
74456  -51.450  -9.730  51.330 0.5000000000
136419  -52.526  -8.392  50.518 0.3750000000
76319  -53.443  -7.788  50.480 0.3750000000
75379  -52.949  -9.051  49.023 0.3750000000
123694  -54.367  -8.125  49.006 0.3750000000
76328  -54.823  -8.320  48.444 0.3750000000
127602  -54.221  -8.817  48.090 0.3750000000
75404  -54.632  -8.827  47.433 0.3750000000
75415  -54.552  -9.075  46.930 0.3750000000
75423  -54.478  -9.234  46.233 0.2500000000
77241  -54.586  -7.407  50.538 0.2500000000
123961  -55.384  -8.378  48.205 0.3750000000
76329  -56.008  -8.255  48.339 0.3750000000
75389  -55.375  -8.498  47.859 0.2500000000
41285  -4.807  -43.747  86.940 0.5000000000
44270  -8.640  -40.151  85.733 0.2500000000
53419  -18.808  -31.831  79.937 0.6250000000
47317  -11.921  -36.776  83.631 0.5000000000
57525  -34.105  -28.373  72.441 0.3750000000
60460  -35.224  -25.572  71.997 0.3750000000
62277  -35.617  -23.711  71.231 0.3750000000
41313  -6.152  -44.249  83.543 0.5000000000
42317  -10.246  -42.755  79.568 0.5000000000
139695  -10.759  -43.206  77.598 0.2500000000
43338  -13.217  -41.876  76.562 0.2500000000
42378  -13.017  -42.559  75.845 0.1250000000
44430  -30.300  -41.800  72.634 0.3750000000
52372  -15.809  -32.252  87.490 0.2500000000
52380  -15.342  -33.013  86.687 0.1250000000
50322  -13.972  -34.095  87.330 0.2500000000
49324  -13.642  -34.827  85.680 0.3750000000
53355  -15.456  -32.598  85.846 0.1250000000
50475  -32.336  -35.142  73.177 0.3750000000
53376  -15.389  -31.775  83.215 0.6250000000
53388  -15.399  -31.642  82.340 0.6250000000
129480  -32.228  -35.063  73.948 0.5000000000
51524  -32.204  -34.929  71.308 0.3750000000
51508  -32.329  -35.081  72.241 0.3750000000
51402  -21.610  -34.104  82.006 0.3750000000
53420  -19.762  -32.240  80.184 0.5000000000
56633  -33.916  -29.751  62.029 0.5000000000
56662  -35.220  -29.626  60.086 0.2500000000
73596  -50.394  -10.930  55.426 0.5000000000
73606  -50.666  -11.156  53.658 0.5000000000
73613  -50.586  -11.307  52.646 0.3750000000
42303  -10.420  -42.228  80.507 0.6250000000
42377  -12.220  -43.134  76.210 0.1250000000
139340  1.381  -44.215  86.790 0.3750000000
120081  1.365  -44.612  85.135 0.3750000000
39499  -2.494  -45.921  86.768 0.3750000000
39512  -2.704  -46.288  86.156 0.2500000000
38613  -3.163  -47.598  84.298 0.2500000000
39564  -4.092  -46.723  83.514 0.2500000000
38636  -4.684  -47.591  81.799 0.2500000000
39609  -8.002  -46.901  78.756 0.1250000000
42195  1.101  -43.816  88.082 0.3750000000
41267  0.709  -44.548  88.243 0.3750000000
40362  -1.063  -44.068  87.762 0.3750000000
42224  0.996  -43.891  85.400 0.3750000000
39513  -3.296  -45.679  86.285 0.3750000000
40468  -6.103  -45.416  81.255 0.2500000000
39587  -5.940  -46.004  80.739 0.2500000000
40478  -6.835  -45.034  79.594 0.1250000000
39625  -9.380  -46.621  78.066 0.1250000000
42168  -0.114  -43.463  88.124 0.2500000000
41250  -0.965  -43.635  88.098 0.3750000000
41268  -1.674  -44.014  88.083 0.3750000000
43215  0.512  -42.321  87.276 0.1250000000
41423  -8.342  -44.541  77.901 0.1250000000
41424  -9.007  -44.138  77.497 0.2500000000
40500  -10.372  -45.254  77.052 0.1250000000
39637  -10.731  -46.162  77.411 0.1250000000
40501  -11.200  -45.631  77.004 0.1250000000
39639  -12.843  -46.727  77.537 0.1250000000
40503  -12.987  -46.287  76.616 0.1250000000
41447  -11.127  -44.345  76.329 0.1250000000
40512  -13.405  -45.662  75.767 0.1250000000
42153  -1.761  -42.282  89.535 0.1250000000
43177  -1.300  -42.026  89.702 0.1250000000
43192  -0.143  -42.906  88.457 0.2500000000
42315  -8.607  -43.811  78.483 0.1250000000
41440  -9.925  -44.368  77.186 0.2500000000
42375  -10.848  -43.773  76.681 0.2500000000
56380  -22.705  -29.178  84.726 0.2500000000
56369  -19.280  -29.414  86.560 0.1250000000
54369  -22.640  -31.186  83.770 0.1250000000
54357  -22.768  -31.869  84.102 0.2500000000
53358  -23.342  -32.893  84.596 0.2500000000
51387  -23.716  -34.145  84.583 0.2500000000
56405  -20.312  -29.746  83.543 0.1250000000
51386  -23.227  -33.776  84.188 0.2500000000
56403  -18.804  -29.505  83.924 0.2500000000
56404  -19.604  -29.531  83.663 0.2500000000
119036  -23.168  -34.358  83.973 0.2500000000
54377  -20.454  -31.019  82.586 0.3750000000
141647  -21.586  -33.436  82.831 0.2500000000
52395  -22.083  -33.840  83.287 0.2500000000
50343  -22.650  -34.461  83.496 0.2500000000
41328  -6.601  -43.562  83.060 0.5000000000
52394  -21.750  -33.949  82.770 0.2500000000
42263  -6.975  -42.664  83.411 0.5000000000
41365  -7.680  -43.688  81.224 0.5000000000
119208  -8.989  -42.950  80.878 0.5000000000
42316  -9.411  -43.229  79.079 0.5000000000
43194  -4.167  -42.242  89.622 0.1250000000
55356  -18.344  -30.456  87.315 0.1250000000
121600  -20.876  -28.531  87.485 0.1250000000
57368  -21.091  -28.508  86.662 0.1250000000
138087  -21.355  -28.222  87.147 0.1250000000
57370  -22.058  -28.080  85.999 0.1250000000
55362  -17.556  -30.396  86.118 0.2500000000
55371  -18.109  -29.794  85.446 0.1250000000
54356  -16.728  -30.676  85.850 0.3750000000
54376  -16.557  -30.334  83.803 0.3750000000
55382  -17.416  -30.067  84.200 0.3750000000
129580  -15.882  -30.692  82.625 0.3750000000
55395  -18.084  -30.168  82.760 0.3750000000
42279  -8.097  -42.845  82.256 0.5000000000
54388  -16.816  -30.529  81.798 0.3750000000
55406  -17.837  -30.299  81.862 0.3750000000
53389  -20.088  -31.942  81.533 0.3750000000
54406  -19.281  -31.098  81.673 0.3750000000
42291  -8.314  -43.285  81.020 0.5000000000
43413  -34.099  -41.557  73.161 0.2500000000
44418  -34.838  -41.468  73.282 0.5000000000
54335  -17.252  -31.412  87.487 0.2500000000
53334  -17.548  -31.688  88.292 0.2500000000
54344  -16.117  -31.338  86.393 0.2500000000
53356  -15.658  -31.798  85.951 0.2500000000
54365  -15.473  -31.928  84.186 0.3750000000
55350  -19.605  -29.919  88.851 0.1250000000
54329  -19.118  -30.621  88.977 0.1250000000
57342  -20.698  -27.939  88.331 0.1250000000
53333  -16.693  -31.966  87.947 0.2500000000
44240  -6.197  -41.096  89.422 0.1250000000
52353  -17.181  -32.916  89.539 0.1250000000
52348  -17.786  -32.636  90.063 0.1250000000
53320  -18.229  -32.073  89.832 0.1250000000
54316  -19.385  -30.953  89.972 0.1250000000
122244  -20.158  -28.697  89.176 0.1250000000
51358  -15.998  -32.802  89.190 0.1250000000
130776  -15.215  -33.310  89.010 0.1250000000
44252  -8.698  -40.055  87.228 0.2500000000
49323  -13.116  -34.999  86.357 0.3750000000
50310  -14.370  -34.403  87.840 0.2500000000
125054  -14.934  -33.960  88.294 0.2500000000
48307  -12.693  -35.788  85.467 0.3750000000
51525  -35.730  -34.700  71.069 0.1250000000
125086  -33.905  -35.089  71.025 0.2500000000
50520  -33.167  -35.186  71.566 0.3750000000
51559  -34.215  -34.586  68.377 0.1250000000
51534  -32.002  -34.670  70.358 0.3750000000
55635  -34.980  -30.730  62.457 0.2500000000
61375  -35.650  -24.913  72.542 0.2500000000
126831  -51.810  -13.022  49.439 0.1250000000
71904  -52.205  -13.618  49.372 0.1250000000
74460  -51.010  -10.736  49.774 0.2500000000
132807  -50.558  -11.352  50.786 0.3750000000
75377  -51.440  -9.919  49.393 0.2500000000
73597  -50.904  -10.297  55.051 0.5000000000
74445  -51.365  -9.758  53.811 0.5000000000
135562  -51.786  -9.062  50.494 0.3750000000
76318  -52.369  -8.664  49.741 0.3750000000
75386  -52.198  -9.665  48.612 0.3750000000
74470  -52.950  -9.913  47.818 0.2500000000
75388  -54.756  -8.634  47.881 0.3750000000
75403  -53.967  -9.286  47.614 0.3750000000
74480  -53.486  -10.259  47.175 0.2500000000
74487  -53.837  -10.299  46.725 0.2500000000
75416  -55.061  -8.653  46.817 0.3750000000
74446  -51.634  -9.474  53.479 0.5000000000
76322  -53.419  -8.322  49.540 0.3750000000
77237  -53.603  -7.574  51.403 0.3750000000
76320  -54.378  -7.773  49.688 0.3750000000
76323  -55.099  -7.761  49.038 0.3750000000
75405  -55.255  -8.571  47.409 0.3750000000
135775  -55.234  -7.553  49.731 0.2500000000
77238  -54.406  -7.155  51.450 0.2500000000
44428  -26.941  -42.155  72.648 0.2500000000
43409  -30.070  -42.414  73.477 0.1250000000
43410  -30.921  -42.089  73.160 0.2500000000
43398  -32.307  -42.277  73.725 0.1250000000
119475  -33.264  -41.966  73.406 0.2500000000
53363  -33.814  -31.561  85.655 0.1250000000
54352  -33.641  -31.084  85.907 0.1250000000
52377  -33.672  -33.116  86.162 0.1250000000
130847  -33.785  -32.268  85.869 0.1250000000
127041  -33.996  -32.218  85.325 0.1250000000
135790  -34.261  -32.164  84.614 0.1250000000
51380  -33.542  -34.220  86.302 0.1250000000
51381  -33.785  -33.926  85.877 0.1250000000
52391  -33.985  -32.989  84.868 0.1250000000
51394  -33.863  -34.566  84.657 0.1250000000
118129  -33.874  -33.811  84.345 0.1250000000
53351  -33.378  -31.651  86.641 0.1250000000
53395  -34.742  -31.749  82.880 0.1250000000
52369  -32.895  -33.263  87.156 0.1250000000
53394  -34.321  -32.497  83.588 0.1250000000
52398  -33.875  -33.369  83.751 0.1250000000
51399  -33.666  -34.125  83.766 0.1250000000
52405  -33.475  -33.792  83.227 0.1250000000
137004  -33.860  -33.076  82.986 0.1250000000
51404  -33.407  -34.660  83.223 0.1250000000
50364  -33.150  -35.334  82.773 0.1250000000
137216  -33.110  -34.138  82.749 0.1250000000
56372  -32.388  -29.360  86.652 0.1250000000
54331  -31.818  -31.352  88.139 0.1250000000
54332  -32.511  -31.298  87.713 0.1250000000
53329  -31.296  -32.173  88.550 0.1250000000
132713  -32.796  -32.532  87.416 0.1250000000
53328  -30.525  -32.303  88.851 0.1250000000
52359  -31.622  -32.973  88.578 0.1250000000
50302  -28.984  -35.044  89.070 0.1250000000
49298  -29.498  -35.805  88.780 0.1250000000
50304  -30.644  -35.130  89.097 0.1250000000
52406  -33.701  -32.853  82.122 0.1250000000
121801  -28.276  -36.584  88.169 0.1250000000
118625  -33.239  -33.521  82.519 0.1250000000
55359  -32.019  -30.010  87.604 0.1250000000
56371  -31.904  -29.505  87.097 0.1250000000
55358  -31.463  -30.361  87.452 0.1250000000
56396  -31.257  -29.383  85.373 0.1250000000
53339  -30.353  -31.901  88.304 0.1250000000
51361  -29.298  -34.388  89.041 0.1250000000
53326  -29.351  -33.132  88.506 0.1250000000
128125  -28.880  -33.105  87.817 0.1250000000
54362  -29.764  -31.475  85.448 0.1250000000
53422  -32.792  -32.809  80.033 0.2500000000
51568  -31.789  -34.282  68.142 0.2500000000
53439  -34.664  -32.156  79.196 0.2500000000
53462  -33.802  -31.606  77.309 0.3750000000
53450  -34.024  -31.905  78.161 0.2500000000
55638  -39.844  -31.276  62.024 0.1250000000
55477  -34.524  -29.828  76.310 0.2500000000
122621  -36.392  -31.974  63.148 0.1250000000
54599  -37.566  -32.176  63.852 0.1250000000
118579  -35.304  -30.823  61.576 0.1250000000
55637  -36.594  -31.840  62.166 0.1250000000
54637  -37.488  -31.885  61.567 0.1250000000
54639  -39.116  -31.665  61.616 0.1250000000
55672  -39.379  -30.541  60.458 0.1250000000
141367  -34.429  -29.146  75.313 0.2500000000
56489  -34.118  -29.527  74.719 0.2500000000
56490  -34.440  -28.753  74.696 0.2500000000
55655  -35.609  -30.870  60.781 0.1250000000
132083  -36.838  -30.851  59.963 0.1250000000
56679  -37.544  -29.597  59.324 0.1250000000
54647  -37.974  -31.447  60.641 0.1250000000
55671  -38.452  -30.620  60.085 0.1250000000
55669  -35.672  -30.376  60.110 0.1250000000
56678  -36.747  -29.616  59.399 0.1250000000
57694  -37.786  -28.160  58.753 0.1250000000
57677  -37.173  -28.718  59.081 0.2500000000
60600  -37.335  -25.529  58.964 0.2500000000
61540  -37.702  -24.022  59.074 0.3750000000
64351  -41.879  -21.875  57.092 0.1250000000
64359  -41.480  -21.209  56.695 0.1250000000
63383  -42.749  -22.027  56.921 0.1250000000
64360  -42.354  -21.367  56.647 0.2500000000
74422  -53.635  -9.744  57.627 0.2500000000
74423  -54.233  -9.331  57.639 0.1250000000
75332  -54.690  -8.995  57.667 0.1250000000
74429  -53.352  -9.646  56.900 0.2500000000
74427  -51.728  -9.881  56.293 0.2500000000
125024  -51.995  -9.201  53.341 0.3750000000
75346  -54.285  -9.103  57.015 0.1250000000
74430  -53.847  -9.469  57.119 0.2500000000
75345  -53.698  -9.251  56.599 0.2500000000
74435  -51.374  -9.884  55.570 0.3750000000
74428  -52.545  -9.660  56.601 0.2500000000
74437  -52.978  -9.229  56.269 0.2500000000
74436  -51.999  -9.325  55.731 0.2500000000
75355  -53.436  -8.879  55.955 0.2500000000
123707  -51.982  -9.125  54.859 0.3750000000
74440  -51.844  -9.357  54.126 0.3750000000
75370  -52.286  -8.883  52.605 0.3750000000
76316  -52.794  -8.257  51.487 0.3750000000
75358  -52.357  -8.924  54.576 0.3750000000
75365  -52.673  -8.670  54.351 0.3750000000
75364  -52.143  -9.125  53.880 0.3750000000
76306  -53.079  -8.200  53.934 0.3750000000
75371  -52.453  -8.803  53.574 0.3750000000
76313  -52.830  -8.392  53.151 0.3750000000
123664  -53.131  -8.093  52.330 0.3750000000
77246  -55.928  -7.690  49.326 0.2500000000
49299  -30.345  -35.776  88.775 0.1250000000
49307  -29.116  -36.615  88.043 0.2500000000
49309  -30.859  -36.431  88.186 0.1250000000
51372  -32.397  -34.031  87.623 0.1250000000
134676  -33.487  -35.093  86.137 0.1250000000
50352  -33.819  -34.860  83.918 0.1250000000
44439  -26.692  -41.565  71.904 0.3750000000
44440  -27.551  -41.881  72.175 0.2500000000
50306  -31.911  -34.706  88.269 0.1250000000
140753  -31.472  -34.423  88.815 0.1250000000
43422  -28.307  -42.068  72.484 0.3750000000
120390  -33.938  -33.782  84.968 0.1250000000
53438  -33.804  -32.539  79.566 0.2500000000
57675  -35.632  -28.838  59.838 0.1250000000
56677  -35.996  -29.636  59.714 0.1250000000
57676  -36.346  -28.861  59.450 0.2500000000
58660  -36.530  -27.963  59.323 0.2500000000
65347  -41.206  -20.523  56.602 0.2500000000
118871  -29.157  -42.749  73.847 0.2500000000
58661  -37.216  -27.706  58.912 0.2500000000
61550  -37.670  -24.922  58.748 0.2500000000
62437  -38.564  -23.664  58.434 0.2500000000
43397  -31.464  -42.319  73.619 0.1250000000
127972  -55.702  -8.349  46.713 0.2500000000
55636  -35.696  -31.450  62.499 0.1250000000
43407  -27.559  -42.474  72.923 0.2500000000
43395  -29.925  -42.935  74.387 0.1250000000
43396  -30.770  -42.612  74.004 0.1250000000
43377  -31.505  -42.716  74.421 0.1250000000
118396  -33.046  -42.540  74.390 0.1250000000
53352  -33.635  -31.601  86.107 0.1250000000
55361  -33.109  -30.357  86.551 0.1250000000
122417  -33.382  -33.321  86.602 0.1250000000
52376  -33.301  -32.485  86.830 0.1250000000
52386  -33.863  -33.201  85.507 0.1250000000
53384  -34.529  -31.701  83.937 0.1250000000
51373  -33.006  -34.163  86.876 0.1250000000
128093  -34.056  -32.941  84.263 0.1250000000
53340  -32.957  -31.800  87.289 0.1250000000
54341  -32.965  -30.938  87.063 0.1250000000
57381  -32.053  -28.957  86.469 0.1250000000
56363  -32.275  -29.677  87.095 0.1250000000
54339  -31.612  -30.806  87.860 0.1250000000
54340  -32.242  -30.614  87.736 0.1250000000
53330  -32.255  -32.115  88.062 0.1250000000
52358  -30.881  -32.968  89.084 0.1250000000
51364  -31.831  -33.855  88.406 0.1250000000
54338  -30.930  -31.213  87.745 0.1250000000
52357  -30.203  -33.077  89.217 0.1250000000
51362  -30.937  -34.480  89.182 0.1250000000
49297  -28.628  -35.954  88.761 0.1250000000
50303  -29.803  -34.963  89.117 0.1250000000
51354  -30.561  -33.757  89.267 0.1250000000
50301  -27.945  -35.208  88.947 0.1250000000
55366  -31.280  -30.061  86.796 0.1250000000
56383  -31.591  -29.332  86.334 0.1250000000
53327  -29.914  -32.585  88.867 0.1250000000
52349  -29.922  -33.855  89.266 0.1250000000
52356  -29.696  -33.394  89.011 0.1250000000
122608  -29.107  -33.875  88.754 0.1250000000
53349  -29.090  -32.667  87.064 0.1250000000
55375  -30.402  -30.697  85.724 0.1250000000
55389  -30.099  -30.852  84.783 0.1250000000
53362  -29.296  -32.234  86.118 0.1250000000
55658  -39.633  -30.984  61.205 0.1250000000
54610  -37.367  -31.987  62.855 0.1250000000
122846  -36.102  -31.411  61.345 0.1250000000
135177  -36.740  -31.779  61.417 0.1250000000
54624  -38.340  -31.982  62.153 0.1250000000
54638  -38.383  -31.747  61.313 0.1250000000
55657  -38.861  -31.263  60.824 0.1250000000
131644  -36.228  -30.960  60.359 0.1250000000
55684  -37.119  -30.287  59.581 0.1250000000
55685  -37.799  -30.243  59.661 0.1250000000
55656  -36.963  -31.501  60.642 0.1250000000
56663  -36.398  -30.340  59.729 0.1250000000
56664  -39.111  -29.895  59.816 0.1250000000
56680  -38.323  -29.776  59.498 0.1250000000
57678  -38.161  -28.914  58.995 0.1250000000
59650  -37.624  -26.362  58.617 0.2500000000
60610  -37.970  -25.596  58.428 0.2500000000
75347  -54.862  -8.769  57.334 0.1250000000
75354  -52.640  -8.928  55.434 0.2500000000
141012  -28.693  -33.011  86.289 0.1250000000
38658  -5.784  -46.871  80.705 0.1250000000
39598  -6.221  -46.336  80.121 0.1250000000
38659  -6.488  -47.322  80.089 0.1250000000
46320  -10.557  -38.136  84.737 0.3750000000
41466  -15.605  -44.099  74.288 0.1250000000
41465  -14.790  -43.851  74.553 0.1250000000
42407  -15.942  -43.401  74.008 0.1250000000
42414  -16.727  -43.237  73.510 0.1250000000
43386  -15.535  -42.699  74.296 0.1250000000
43387  -15.993  -42.534  73.940 0.1250000000
43388  -16.631  -42.159  73.564 0.1250000000
44424  -17.143  -41.692  72.988 0.1250000000
57513  -34.498  -28.271  73.927 0.2500000000
58517  -34.774  -26.996  72.932 0.2500000000
132805  -35.098  -26.281  72.571 0.2500000000
60447  -35.563  -25.684  72.992 0.2500000000
61433  -42.325  -23.028  69.348 0.2500000000
136402  -43.011  -22.820  69.857 0.2500000000
72693  -47.307  -13.029  64.890 0.3750000000
72694  -48.232  -12.958  65.038 0.2500000000
43368  -15.034  -42.296  74.756 0.1250000000
58502  -34.957  -27.240  73.961 0.2500000000
38649  -6.012  -47.785  80.688 0.1250000000
42406  -15.244  -43.215  74.415 0.1250000000
41459  -15.268  -44.748  74.765 0.1250000000
40522  -15.824  -45.468  75.171 0.1250000000
51371  -26.269  -34.459  88.258 0.2500000000
53335  -25.222  -33.169  86.973 0.1250000000
52364  -25.354  -33.630  87.496 0.1250000000
51370  -25.542  -34.280  87.795 0.1250000000
54347  -24.598  -32.094  85.114 0.1250000000
53346  -25.039  -32.787  86.098 0.1250000000
52363  -24.962  -33.642  87.004 0.1250000000
50313  -25.791  -35.169  87.828 0.2500000000
51369  -25.059  -34.202  87.328 0.1250000000
50324  -24.923  -34.779  86.735 0.1250000000
50312  -25.282  -34.918  87.351 0.1250000000
51379  -24.681  -34.363  86.030 0.1250000000
50325  -25.181  -35.350  86.766 0.1250000000
50335  -24.933  -35.389  85.934 0.1250000000
49316  -25.307  -35.931  86.289 0.2500000000
53336  -25.683  -33.181  87.366 0.1250000000
52365  -25.913  -33.593  87.913 0.1250000000
140397  -26.900  -34.304  88.447 0.2500000000
121216  -26.430  -35.493  88.243 0.2500000000
54360  -24.534  -31.175  84.648 0.1250000000
55373  -23.778  -30.292  84.475 0.1250000000
57379  -23.164  -28.487  84.895 0.1250000000
56382  -23.885  -29.516  84.486 0.1250000000
57388  -23.614  -28.032  84.344 0.1250000000
50314  -27.162  -35.843  88.505 0.2500000000
49318  -26.783  -36.702  87.456 0.2500000000
49306  -27.424  -36.662  87.971 0.2500000000
59341  -23.582  -26.951  84.247 0.1250000000
124457  -34.782  -32.439  80.022 0.1250000000
53440  -35.531  -31.675  79.552 0.1250000000
126046  -36.070  -31.060  79.715 0.1250000000
54447  -35.586  -30.968  79.232 0.1250000000
54448  -36.159  -30.524  79.509 0.1250000000
55450  -35.785  -30.345  78.821 0.1250000000
55451  -36.216  -29.992  79.155 0.1250000000
53451  -34.829  -31.515  78.858 0.1250000000
56450  -36.147  -29.352  78.575 0.1250000000
58424  -36.361  -27.670  78.541 0.1250000000
54455  -34.973  -30.695  78.503 0.1250000000
139800  -36.212  -28.834  78.311 0.1250000000
54454  -34.279  -31.212  77.921 0.1250000000
55459  -35.277  -29.989  78.027 0.1250000000
122800  -36.025  -28.782  77.722 0.1250000000
56460  -35.774  -29.440  77.882 0.1250000000
56472  -35.526  -28.971  77.217 0.1250000000
58411  -36.415  -26.681  79.040 0.1250000000
55469  -34.743  -29.890  77.169 0.1250000000
136233  -35.268  -29.507  77.427 0.1250000000
132553  -36.291  -28.272  78.045 0.1250000000
57484  -35.232  -28.476  76.402 0.1250000000
57471  -35.709  -28.326  77.005 0.1250000000
59390  -36.767  -26.201  78.289 0.1250000000
121551  -36.530  -26.908  78.183 0.1250000000
60364  -37.143  -25.472  78.384 0.1250000000
58438  -36.379  -27.417  77.663 0.1250000000
119131  -36.062  -27.912  77.240 0.1250000000
59405  -36.566  -26.513  77.420 0.1250000000
58455  -36.213  -27.083  76.791 0.1250000000
56481  -34.642  -29.147  76.016 0.1250000000
57485  -35.775  -27.557  76.392 0.1250000000
60372  -36.911  -25.820  77.744 0.1250000000
60384  -36.752  -25.736  76.984 0.1250000000
59419  -36.381  -26.305  76.438 0.1250000000
58470  -35.988  -26.667  76.026 0.1250000000
59435  -36.202  -25.941  75.618 0.1250000000
57499  -34.817  -27.882  74.829 0.1250000000
58469  -35.296  -27.735  75.660 0.1250000000
61332  -37.693  -24.425  77.446 0.1250000000
60373  -37.252  -25.195  77.609 0.1250000000
61338  -36.655  -25.227  75.675 0.1250000000
60399  -36.602  -25.670  76.222 0.1250000000
60418  -36.283  -25.352  74.827 0.1250000000
59451  -35.889  -25.924  74.876 0.1250000000
58485  -35.787  -26.438  75.318 0.1250000000
59450  -35.546  -26.439  74.445 0.1250000000
58484  -35.407  -27.117  74.991 0.1250000000
60385  -37.119  -24.983  76.571 0.1250000000
120264  -37.686  -24.139  76.423 0.1250000000
134706  -36.686  -24.797  75.128 0.1250000000
60435  -35.849  -25.698  74.002 0.1250000000
61349  -36.552  -24.667  74.475 0.1250000000
59462  -35.340  -26.376  73.465 0.1250000000
60448  -35.939  -25.048  73.417 0.1250000000
131111  -37.992  -23.429  76.223 0.1250000000
61350  -36.985  -24.206  74.933 0.1250000000
62233  -37.515  -23.656  75.467 0.1250000000
61363  -36.337  -24.466  73.784 0.1250000000
62240  -36.802  -23.954  74.186 0.1250000000
57695  -38.486  -28.081  58.536 0.1250000000
57696  -39.320  -28.028  58.445 0.1250000000
58675  -38.837  -27.291  58.246 0.1250000000
63135  -38.240  -22.844  76.612 0.1250000000
63143  -37.882  -22.492  75.519 0.1250000000
62241  -37.452  -22.963  74.782 0.1250000000
64145  -38.326  -21.606  75.636 0.1250000000
138782  -37.189  -23.575  74.654 0.1250000000
62250  -37.161  -22.991  73.906 0.1250000000
62264  -36.300  -23.369  72.540 0.1250000000
62249  -36.573  -23.643  73.398 0.1250000000
65199  -45.602  -19.990  71.366 0.1250000000
61384  -35.763  -24.003  72.140 0.1250000000
59651  -38.375  -26.452  58.244 0.1250000000
63155  -37.529  -22.094  74.370 0.1250000000
64159  -37.948  -21.528  74.813 0.1250000000
63169  -36.852  -22.705  72.910 0.1250000000
64176  -37.812  -21.401  73.911 0.1250000000
64214  -45.512  -20.384  70.998 0.1250000000
64227  -46.078  -20.277  70.365 0.1250000000
63216  -45.511  -21.098  70.072 0.1250000000
65218  -46.931  -19.486  70.133 0.1250000000
63241  -45.231  -21.919  68.897 0.1250000000
64239  -45.752  -20.912  69.640 0.1250000000
65227  -46.771  -19.640  69.720 0.1250000000
64253  -44.905  -21.086  68.355 0.1250000000
65235  -46.181  -19.794  69.208 0.1250000000
65239  -44.704  -20.374  68.032 0.1250000000
65180  -38.132  -21.172  73.650 0.1250000000
63185  -37.095  -21.975  72.403 0.1250000000
63170  -37.379  -21.883  73.254 0.1250000000
65196  -37.863  -21.303  73.077 0.1250000000
63184  -36.648  -22.484  72.030 0.1250000000
64192  -37.571  -21.541  72.344 0.1250000000
142088  -44.825  -21.075  71.372 0.1250000000
63203  -45.172  -21.045  70.738 0.1250000000
62318  -44.556  -22.462  69.809 0.1250000000
63215  -45.067  -21.972  69.920 0.1250000000
62332  -43.750  -22.146  69.070 0.1250000000
62333  -44.586  -22.150  68.878 0.1250000000
66218  -47.118  -19.165  69.518 0.1250000000
65240  -45.354  -20.181  68.569 0.1250000000
66223  -45.775  -19.361  68.659 0.1250000000
125533  -46.192  -18.779  68.652 0.1250000000
66222  -45.152  -19.641  67.989 0.1250000000
138286  -45.728  -18.418  68.189 0.1250000000
63198  -36.595  -22.305  71.123 0.1250000000
64210  -37.750  -21.549  71.585 0.1250000000
63202  -44.831  -21.779  70.588 0.1250000000
62317  -43.858  -22.746  69.831 0.1250000000
125728  -44.593  -22.288  70.361 0.1250000000
61434  -43.317  -22.506  69.502 0.1250000000
131935  -44.276  -22.409  69.333 0.1250000000
66217  -46.586  -19.172  69.039 0.1250000000
64193  -38.027  -21.346  72.322 0.1250000000
62284  -44.161  -22.371  71.049 0.1250000000
61417  -43.230  -22.888  70.448 0.1250000000
62300  -43.704  -22.726  70.959 0.1250000000
68181  -46.003  -17.315  68.287 0.1250000000
127364  -42.453  -23.040  70.328 0.1250000000
66335  -43.202  -19.912  56.510 0.2500000000
66351  -49.246  -19.069  55.617 0.1250000000
72772  -52.312  -12.269  48.359 0.1250000000
72789  -53.531  -11.939  46.887 0.1250000000
73641  -53.167  -11.276  47.206 0.1250000000
77224  -54.445  -6.970  53.699 0.2500000000
78242  -54.438  -7.019  52.152 0.2500000000
76314  -53.516  -7.947  53.036 0.2500000000
77234  -53.849  -7.505  52.197 0.2500000000
129413  -53.890  -11.675  46.454 0.1250000000
137686  -53.737  -8.091  54.464 0.2500000000
125159  -54.297  -7.612  54.502 0.2500000000
78217  -55.121  -6.403  53.668 0.2500000000
119792  -55.982  -6.556  51.973 0.2500000000
78243  -55.123  -6.840  51.661 0.1250000000
77239  -56.007  -7.063  51.063 0.1250000000
73648  -53.607  -11.020  46.740 0.1250000000
73649  -54.013  -10.941  46.341 0.1250000000
72799  -55.154  -12.118  45.226 0.1250000000
73655  -54.482  -11.060  45.737 0.1250000000
73656  -55.062  -11.215  44.899 0.1250000000
76324  -56.520  -7.851  48.885 0.1250000000
74493  -54.572  -10.220  45.554 0.1250000000
130556  -54.632  -9.442  45.437 0.1250000000
74494  -55.110  -10.233  44.538 0.1250000000
61398  -42.179  -23.003  70.572 0.1250000000
67252  -45.468  -18.933  68.084 0.1250000000
63245  -44.694  -21.724  68.578 0.1250000000
64254  -45.527  -20.749  68.952 0.1250000000
125815  -45.531  -21.226  69.203 0.1250000000
132122  -37.300  -26.940  58.897 0.1250000000
130535  -23.115  -29.806  84.343 0.1250000000
56381  -23.320  -29.365  84.595 0.1250000000
74479  -52.705  -10.760  47.615 0.1250000000
121275  -55.237  -7.205  50.951 0.1250000000
119173  -55.694  -8.061  48.680 0.1250000000
118584  -56.670  -7.479  49.527 0.1250000000
76339  -56.046  -8.374  47.909 0.1250000000
61376  -36.027  -24.246  73.010 0.1250000000
77242  -55.835  -7.331  50.175 0.1250000000
55458  -34.511  -30.509  77.559 0.1250000000
56471  -34.954  -29.276  76.800 0.1250000000
131821  -34.752  -28.502  75.527 0.1250000000
76299  -53.421  -8.417  54.839 0.2500000000
58674  -37.937  -27.316  58.506 0.1250000000
52373  -24.911  -33.222  86.423 0.1250000000
54348  -25.234  -32.377  85.666 0.1250000000
129613  -24.817  -34.140  86.803 0.1250000000
55387  -24.454  -30.359  84.473 0.1250000000
57380  -23.548  -28.840  84.587 0.1250000000
58352  -23.452  -27.631  84.746 0.1250000000
57389  -23.908  -28.778  84.301 0.1250000000
55460  -35.946  -29.854  78.476 0.1250000000
137486  -35.690  -27.025  75.709 0.1250000000
61339  -37.123  -24.512  75.703 0.1250000000
120084  -36.198  -25.072  74.101 0.1250000000
65226  -45.939  -20.389  69.488 0.1250000000
63228  -44.989  -22.246  69.285 0.1250000000
120186  -44.093  -22.654  70.394 0.1250000000
71922  -54.104  -13.568  47.048 0.1250000000
72782  -53.045  -12.310  47.610 0.1250000000
77235  -54.169  -7.348  52.901 0.2500000000
77214  -54.936  -6.646  54.597 0.2500000000
78232  -54.934  -6.591  52.699 0.2500000000
72798  -54.369  -11.899  45.979 0.1250000000
76300  -54.192  -8.228  55.110 0.2500000000
78244  -56.809  -6.679  51.318 0.1250000000
77243  -56.852  -6.971  50.315 0.1250000000
131120  1.023  -44.605  84.531 0.2500000000
41326  0.577  -44.817  83.439 0.1250000000
42276  -0.090  -43.921  83.153 0.1250000000
43251  0.469  -43.464  84.208 0.1250000000
43265  0.231  -43.673  83.652 0.1250000000
43277  -0.278  -43.510  83.101 0.1250000000
42277  -0.586  -43.747  82.575 0.1250000000
44325  -0.893  -43.373  82.425 0.1250000000
43226  0.747  -43.167  85.707 0.1250000000
43252  0.358  -42.923  84.343 0.1250000000
43227  0.439  -42.496  86.141 0.1250000000
44288  -0.038  -42.333  84.679 0.1250000000
44262  -9.313  -39.400  86.561 0.1250000000
46321  -10.750  -37.556  84.726 0.2500000000
51557  -32.480  -34.625  68.531 0.1250000000
52569  -32.048  -34.028  66.299 0.1250000000
52582  -31.460  -33.377  65.940 0.1250000000
53595  -32.529  -32.808  65.033 0.1250000000
52583  -32.322  -33.543  65.576 0.1250000000
53606  -33.087  -32.122  64.508 0.1250000000
52584  -33.217  -33.328  65.408 0.1250000000
122973  -34.964  -31.326  63.718 0.1250000000
54598  -33.629  -31.416  64.058 0.1250000000
54582  -34.112  -31.898  64.632 0.1250000000
134910  -34.534  -31.560  64.278 0.1250000000
134647  -35.145  -31.790  64.287 0.1250000000
55618  -34.586  -30.778  63.116 0.1250000000
124389  -34.023  -30.638  63.221 0.1250000000
55604  -33.555  -30.808  63.491 0.1250000000
51569  -32.587  -34.628  67.627 0.1250000000
132649  -32.865  -31.062  63.669 0.2500000000
41312  1.110  -45.015  84.132 0.2500000000
125329  0.822  -43.069  86.743 0.1250000000
120270  0.777  -44.015  84.722 0.1250000000
42245  0.592  -44.034  84.061 0.1250000000
42262  0.390  -44.192  83.586 0.1250000000
43237  0.649  -43.298  84.857 0.1250000000
43238  0.441  -42.702  85.155 0.1250000000
44267  0.090  -41.747  86.463 0.1250000000
55605  -34.421  -31.096  63.783 0.1250000000
54583  -34.993  -31.971  64.706 0.1250000000
36825  -2.495  -49.117  84.329 0.1250000000
37724  -1.891  -48.769  84.711 0.1250000000
37709  -0.944  -47.398  86.046 0.1250000000
37737  -3.075  -48.604  84.054 0.1250000000
138254  -2.306  -47.452  85.338 0.1250000000
122381  -2.525  -48.105  84.712 0.1250000000
37754  -4.023  -48.766  83.042 0.1250000000
37738  -3.472  -48.133  83.579 0.1250000000
36860  -4.597  -49.307  82.404 0.1250000000
38614  -3.652  -47.170  83.899 0.1250000000
38635  -4.283  -48.206  82.417 0.1250000000
36861  -5.462  -49.625  82.071 0.1250000000
37764  -4.912  -48.721  81.755 0.1250000000
43406  -26.782  -42.651  73.335 0.1250000000
44427  -26.233  -42.012  72.955 0.1250000000
49295  -13.988  -34.950  88.370 0.1250000000
49304  -13.892  -34.858  87.899 0.1250000000
43408  -28.345  -42.648  73.312 0.1250000000
49303  -13.336  -35.467  87.870 0.1250000000
49293  -12.825  -36.038  87.788 0.1250000000
48284  -12.357  -36.199  87.567 0.1250000000
47298  -11.917  -36.471  86.784 0.1250000000
48294  -12.295  -36.309  86.615 0.1250000000
49314  -13.094  -35.174  87.290 0.1250000000
47301  -10.986  -36.722  85.836 0.1250000000
46316  -10.743  -37.221  85.154 0.1250000000
48306  -12.142  -36.310  85.717 0.1250000000
127188  -43.095  -21.513  56.579 0.1250000000
63385  -44.391  -21.917  56.660 0.1250000000
73539  -49.046  -12.028  66.907 0.1250000000
73540  -49.865  -11.977  66.802 0.1250000000
126224  -49.470  -12.705  65.619 0.1250000000
71809  -49.197  -13.084  65.161 0.1250000000
71819  -48.938  -13.604  64.689 0.1250000000
135544  -50.352  -11.741  67.406 0.1250000000
72689  -50.219  -12.570  65.972 0.1250000000
71810  -50.019  -13.109  65.130 0.1250000000
71802  -51.105  -12.553  65.983 0.1250000000
71812  -51.210  -12.879  65.172 0.1250000000
70932  -50.766  -13.315  64.398 0.1250000000
70941  -50.814  -13.743  63.762 0.1250000000
69198  -48.166  -16.991  54.692 0.1250000000
69215  -48.809  -16.059  53.618 0.1250000000
71897  -50.290  -13.323  51.061 0.1250000000
71894  -49.023  -13.640  52.448 0.1250000000
72758  -50.441  -12.402  50.960 0.1250000000
142014  -54.011  -8.943  56.339 0.1250000000
76278  -54.602  -8.623  56.610 0.1250000000
76290  -55.161  -8.052  56.672 0.1250000000
75356  -53.956  -8.626  55.692 0.1250000000
77201  -54.761  -7.486  55.321 0.1250000000
75359  -53.087  -8.700  55.163 0.1250000000
77202  -55.311  -7.153  56.300 0.1250000000
77215  -55.303  -6.671  55.500 0.1250000000
78218  -55.715  -6.250  54.123 0.1250000000
78192  -55.990  -6.317  55.997 0.1250000000
78219  -56.672  -6.086  54.139 0.1250000000
78233  -56.098  -6.337  53.129 0.1250000000
119578  -57.051  -6.231  53.117 0.1250000000
78235  -57.625  -6.250  52.499 0.1250000000
118763  -57.511  -6.494  51.640 0.1250000000
78220  -57.444  -5.972  53.570 0.1250000000
78204  -56.713  -6.031  55.341 0.1250000000
134497  -57.425  -6.667  50.862 0.1250000000
44438  -25.686  -41.412  72.433 0.1250000000
72678  -48.412  -12.216  66.434 0.1250000000
131017  -45.115  -21.786  56.684 0.1250000000
131332  -43.859  -21.243  56.386 0.1250000000
69206  -48.444  -16.567  54.145 0.1250000000
71821  -50.269  -13.454  64.457 0.1250000000
48295  -12.703  -35.787  86.462 0.1250000000
72761  -51.014  -12.706  50.288 0.1250000000
72679  -49.238  -12.273  66.228 0.1250000000
50300  -26.981  -34.904  88.631 0.1250000000
78234  -56.928  -6.452  52.291 0.1250000000
76289  -54.655  -8.153  55.932 0.1250000000
47302  -11.335  -36.648  85.812 0.1250000000
48286  -12.720  -35.877  87.278 0.1250000000
48285  -12.446  -36.247  87.269 0.1250000000
77193  -55.770  -7.418  57.181 0.1250000000
39508  1.264  -46.459  86.401 0.2500000000
42154  -1.976  -42.379  89.389 0.1250000000
42265  -8.723  -41.799  83.031 0.5000000000
43255  -8.864  -41.263  84.004 0.6250000000
43278  -9.410  -42.083  82.033 0.5000000000
43281  -10.803  -40.467  81.711 0.7500000000
43302  -10.852  -41.612  80.654 0.6250000000
43304  -12.218  -40.668  80.000 0.8750000000
43312  -11.784  -41.557  79.603 0.6250000000
44213  -2.618  -40.926  90.751 0.1250000000
44241  -6.957  -40.881  89.116 0.1250000000
44260  -7.420  -41.245  87.650 0.1250000000
44291  -10.755  -40.043  83.862 0.6250000000
44316  -11.326  -39.705  81.519 0.8750000000
44342  -13.534  -40.579  79.686 0.7500000000
44343  -13.955  -40.153  79.185 0.7500000000
44365  -14.238  -41.045  78.126 0.7500000000
44380  -14.599  -40.426  75.959 0.5000000000
45344  -11.146  -39.533  83.044 0.6250000000
45358  -12.052  -39.221  81.052 0.8750000000
45424  -14.478  -39.814  77.563 0.7500000000
45545  -19.460  -40.446  71.229 0.1250000000
46330  -30.330  -38.720  83.994 0.8750000000
46339  -11.809  -38.454  82.355 0.8750000000
46342  -30.498  -39.049  83.338 0.7500000000
46351  -12.211  -38.187  81.701 0.8750000000
46391  -14.290  -38.765  78.664 1.0000000000
46401  -15.147  -38.578  77.056 0.6250000000
46422  -15.471  -38.952  75.874 0.7500000000
46503  -18.729  -39.540  71.565 0.1250000000
46511  -29.529  -40.419  71.565 0.6250000000
47308  -27.618  -37.537  85.109 0.6250000000
47325  -32.485  -37.771  83.755 0.5000000000
47335  -29.098  -38.743  83.728 0.8750000000
47345  -12.976  -37.175  81.352 0.7500000000
47366  -13.594  -37.686  79.726 1.0000000000
47398  -15.845  -37.998  75.655 0.8750000000
48288  -29.218  -37.119  87.088 0.5000000000
48354  -25.516  -37.305  81.394 1.0000000000
48396  -15.552  -37.754  76.292 0.8750000000
49296  -27.830  -36.143  88.605 0.1250000000
49300  -31.157  -35.777  88.608 0.1250000000
49319  -32.622  -36.409  86.597 0.3750000000
49335  -24.889  -36.033  84.388 0.5000000000
49342  -13.109  -35.436  82.940 0.6250000000
49390  -14.119  -36.697  78.389 1.0000000000
49431  -16.126  -35.571  76.267 0.8750000000
49499  -25.228  -36.685  70.747 0.7500000000
50297  -29.722  -34.334  89.163 0.1250000000
50316  -32.478  -35.055  87.371 0.3750000000
50327  -33.711  -34.724  85.776 0.1250000000
50360  -13.507  -34.526  81.979 0.7500000000
50397  -21.719  -34.297  78.843 0.8750000000
50495  -24.375  -35.430  72.208 0.7500000000
50517  -22.482  -35.474  71.219 0.7500000000
50518  -23.321  -35.411  71.224 0.7500000000
51352  -16.721  -33.286  89.764 0.1250000000
51353  -30.217  -34.439  89.247 0.1250000000
51363  -31.233  -33.756  89.025 0.1250000000
51389  -33.839  -34.259  85.337 0.1250000000
51396  -14.087  -33.836  82.505 0.6250000000
51420  -31.837  -33.876  79.923 0.6250000000
52368  -32.309  -33.116  87.854 0.1250000000
53604  -31.618  -32.555  64.946 0.2500000000
54330  -31.017  -31.579  88.275 0.1250000000
54351  -33.414  -30.991  86.350 0.1250000000
55360  -32.579  -30.158  87.157 0.1250000000
55670  -37.539  -30.867  60.035 0.1250000000
56574  -30.515  -30.111  66.408 0.5000000000
56631  -32.175  -28.967  62.336 0.5000000000
57371  -32.503  -29.097  86.289 0.1250000000
57596  -30.892  -28.055  65.303 0.6250000000
57645  -32.872  -28.235  61.888 0.6250000000
58590  -31.117  -27.457  64.656 0.6250000000
59528  -39.262  -24.774  66.476 0.8750000000
59536  -38.119  -24.903  65.549 0.8750000000
60511  -40.216  -24.571  67.100 0.6250000000
60528  -40.363  -24.173  66.388 0.8750000000
60556  -39.211  -23.535  64.135 1.0000000000
60565  -37.667  -24.400  62.727 0.7500000000
61386  -42.499  -22.848  71.268 0.1250000000
61399  -42.767  -22.929  70.976 0.1250000000
61428  -38.927  -23.955  68.024 0.6250000000
61468  -40.574  -23.610  66.261 0.7500000000
62265  -41.424  -22.745  71.969 0.1250000000
62278  -36.109  -23.109  71.655 0.1250000000
63156  -41.358  -22.427  74.020 0.1250000000
63229  -45.417  -21.618  69.489 0.1250000000
64191  -37.126  -21.793  71.662 0.1250000000
64228  -46.217  -20.267  69.888 0.1250000000
65350  -44.467  -20.682  56.380 0.2500000000
66293  -38.532  -19.617  61.335 0.6250000000
66301  -38.421  -19.552  59.927 0.6250000000
66333  -41.541  -19.877  56.589 0.5000000000
67282  -43.309  -18.195  66.398 0.5000000000
67328  -39.509  -18.397  59.019 0.5000000000
68220  -40.459  -16.512  62.419 0.7500000000
68225  -40.233  -17.334  62.746 0.8750000000
68256  -40.543  -17.411  59.330 0.5000000000
69114  -42.269  -16.136  64.870 0.7500000000
69150  -47.381  -17.167  61.284 0.7500000000
69152  -49.090  -16.446  61.342 0.7500000000
69161  -42.271  -16.420  60.459 0.7500000000
70007  -43.753  -15.901  66.205 0.3750000000
70019  -42.473  -15.150  64.433 0.7500000000
70022  -50.454  -14.490  63.349 0.2500000000
70046  -50.310  -15.061  62.339 0.3750000000
70047  -51.102  -14.357  62.684 0.2500000000
70914  -47.460  -14.546  68.829 0.1250000000
70934  -42.994  -14.547  63.849 0.8750000000
70936  -44.421  -14.120  64.361 0.7500000000
70940  -50.341  -13.950  63.853 0.1250000000
70947  -45.334  -14.507  63.610 0.5000000000
70949  -48.158  -14.909  63.895 0.3750000000
70954  -43.262  -14.575  62.653 0.7500000000
70960  -51.076  -14.350  61.666 0.1250000000
71811  -50.681  -13.008  65.139 0.1250000000
71817  -45.700  -13.820  64.514 0.6250000000
71820  -49.726  -13.504  64.696 0.1250000000
72676  -46.512  -12.756  66.047 0.2500000000
72688  -48.541  -12.493  65.691 0.2500000000
72729  -48.978  -12.218  56.689 0.7500000000
73572  -53.073  -10.668  60.843 0.1250000000
73590  -51.511  -10.273  56.808 0.3750000000
75309  -55.072  -9.323  58.971 0.1250000000
76307  -53.863  -7.752  53.754 0.2500000000
76327  -53.905  -8.644  48.646 0.3750000000
118019  -30.201  -40.310  78.986 1.0000000000
118614  -25.174  -37.773  70.657 0.6250000000
119120  -26.400  -37.227  83.855 0.7500000000
119185  -16.202  -38.082  75.134 0.6250000000
119634  -31.138  -39.053  83.117 0.7500000000
120978  -31.775  -33.087  65.333 0.1250000000
121291  -26.706  -36.284  88.021 0.2500000000
122402  -8.859  -39.884  86.339 0.2500000000
122684  -41.346  -23.792  68.215 0.6250000000
124004  -42.713  -19.762  66.496 0.7500000000
125320  -51.522  -13.383  62.199 0.1250000000
126250  -43.019  -18.983  66.408 0.5000000000
130323  -39.716  -24.665  67.125 0.8750000000
131004  -55.395  -9.307  60.077 0.1250000000
132883  -39.091  -24.100  64.288 0.8750000000
133326  -32.821  -25.273  65.233 0.8750000000
133698  -19.840  -34.735  73.735 1.0000000000
133794  -29.554  -34.004  89.055 0.1250000000
133942  -43.067  -21.773  68.904 0.2500000000
135515  -15.391  -38.282  76.653 0.8750000000
136608  -43.372  -21.425  68.596 0.5000000000
137399  -51.568  -11.769  59.220 0.1250000000
137794  -19.933  -39.946  71.018 0.1250000000
138388  -47.805  -12.303  66.086 0.2500000000
138490  -33.580  -32.274  86.337 0.1250000000
138576  -36.868  -31.994  63.744 0.1250000000
138613  -26.058  -37.569  80.296 1.0000000000
139854  -10.891  -40.523  80.618 0.7500000000
139859  -49.788  -12.091  54.615 0.6250000000
139931  -38.479  -19.850  59.037 0.6250000000
140240  -40.550  -20.670  64.693 0.8750000000
140669  -33.506  -32.766  86.463 0.1250000000
140854  -52.478  -10.838  59.141 0.1250000000
141076  -35.221  -32.129  79.696 0.1250000000
141238  -29.403  -40.034  81.187 1.0000000000
141415  -30.597  -30.668  64.489 0.5000000000
141525  -40.644  -22.768  57.800 0.1250000000
141811  -25.983  -33.190  87.596 0.1250000000
142046  -32.723  -29.341  62.366 0.6250000000
