#!ascii label  , from subject sub-v1s8x0051336_ses-1 vox2ras=TkReg
8538
1631  -19.938  -94.364  4.365 0.4000000060
1194  -20.594  -94.588  4.570 0.5000000000
1613  -19.879  -94.340  5.430 0.5000000000
1179  -20.603  -94.769  5.536 0.8000000119
844  -21.223  -95.213  5.763 0.6999999881
125559  -21.025  -96.231  6.915 0.8000000119
527  -21.493  -96.946  7.498 0.8000000119
534  -22.008  -96.223  6.661 0.8000000119
264  -22.187  -97.562  7.806 0.8000000119
99  -23.182  -98.760  12.961 0.8000000119
139999  -23.602  -98.640  12.449 0.8000000119
100  -23.975  -98.713  13.141 0.8000000119
110  -24.437  -98.180  12.253 0.8000000119
101  -24.859  -98.260  13.244 0.6999999881
130550  -25.258  -98.354  14.125 0.6999999881
111  -25.408  -97.654  12.565 0.5000000000
102  -25.793  -97.974  13.361 0.5000000000
1630  -19.416  -94.250  3.949 0.3000000119
138627  -19.206  -93.968  5.095 0.6000000238
1168  -20.533  -95.116  6.213 0.8000000119
836  -20.727  -95.648  6.552 0.8000000119
526  -20.584  -96.442  7.547 0.8000000119
262  -20.956  -97.577  9.096 0.8000000119
263  -21.423  -97.613  8.435 0.8000000119
267  -20.954  -97.005  8.259 0.8000000119
251  -20.625  -97.706  10.436 0.6999999881
119  -21.183  -98.062  9.288 0.8000000119
116  -21.000  -98.437  10.075 0.8000000119
112  -20.680  -98.391  10.755 0.8000000119
135909  -23.343  -97.533  14.607 0.8999999762
753  -23.150  -95.785  14.124 0.8999999762
214  -23.638  -98.130  14.639 0.8000000119
92  -23.668  -98.633  13.732 0.8000000119
442  -23.867  -97.585  15.095 0.8000000119
85  -24.897  -98.498  14.649 0.8000000119
199  -24.326  -98.238  15.069 0.8000000119
229  -26.223  -97.489  12.936 0.6000000238
241  -26.255  -97.035  12.497 0.4000000060
478  -25.850  -96.770  12.002 0.4000000060
1203  -15.716  -94.345  2.549 0.3000000119
1204  -16.398  -94.279  2.677 0.2000000030
1656  -16.068  -94.095  2.056 0.2000000030
1657  -16.636  -94.056  2.297 0.3000000119
1629  -17.779  -93.996  3.715 0.4000000060
127762  -18.756  -94.116  3.903 0.6000000238
1596  -19.134  -93.921  6.035 0.8000000119
1646  -18.202  -93.878  2.968 0.3000000119
1167  -19.744  -94.636  6.193 0.8000000119
2072  -17.971  -93.244  2.531 0.3000000119
1659  -18.079  -93.501  2.719 0.3000000119
123942  -20.305  -96.475  8.039 0.8000000119
517  -20.828  -96.912  8.756 0.8999999762
505  -20.717  -96.920  9.464 0.8000000119
491  -20.712  -97.017  10.311 0.8000000119
252  -20.668  -97.402  11.037 0.6999999881
455  -22.933  -96.934  14.099 0.8999999762
221  -22.897  -97.959  13.953 0.8000000119
91  -22.844  -98.550  13.460 0.8000000119
444  -24.985  -96.705  15.505 0.8000000119
76  -25.306  -98.493  15.006 0.6999999881
443  -24.680  -97.581  15.389 0.8000000119
136255  -22.891  -98.723  12.156 0.8000000119
78  -26.916  -98.107  15.427 0.8000000119
201  -26.246  -97.935  15.570 0.8000000119
77  -25.988  -98.351  15.211 0.8000000119
95  -28.043  -97.824  14.105 0.8000000119
94  -27.121  -97.978  14.158 0.6999999881
105  -28.455  -97.391  13.293 0.6999999881
129216  -26.164  -96.099  11.985 0.4000000060
242  -27.481  -96.652  12.205 0.4000000060
231  -27.961  -97.024  12.674 0.5000000000
244  -29.310  -97.027  11.858 0.5000000000
479  -27.538  -96.431  11.736 0.4000000060
480  -28.153  -96.409  11.400 0.4000000060
243  -28.414  -96.746  11.881 0.5000000000
255  -28.805  -96.583  11.097 0.5000000000
1191  -15.255  -94.664  3.210 0.4000000060
1627  -15.862  -94.342  3.909 0.4000000060
1628  -16.703  -94.190  3.542 0.6000000238
1612  -18.272  -93.585  5.100 0.8000000119
1155  -18.229  -93.584  6.319 0.8000000119
1166  -18.756  -94.311  6.466 0.8000000119
1201  -13.872  -94.640  2.981 0.3000000119
1202  -14.760  -94.520  2.792 0.3000000119
1611  -17.325  -93.679  4.724 0.6000000238
834  -18.871  -95.294  6.793 0.8000000119
2069  -13.838  -93.681  2.768 0.1000000015
132316  -18.606  -93.552  5.824 0.8000000119
119619  -14.740  -93.667  2.548 0.2000000030
835  -19.829  -95.468  6.726 0.8000000119
525  -19.574  -95.941  7.580 0.8000000119
533  -20.114  -95.950  7.034 0.8000000119
814  -20.207  -96.318  8.236 0.8999999762
1142  -20.797  -95.566  8.721 0.8999999762
518  -20.558  -96.438  8.640 0.8999999762
800  -21.260  -95.691  8.841 0.8999999762
787  -21.697  -95.432  9.568 0.8000000119
772  -21.213  -96.421  10.715 0.8000000119
475  -20.922  -97.387  11.802 0.8999999762
228  -21.080  -98.127  12.184 0.8000000119
107  -20.951  -98.667  11.585 0.8000000119
108  -21.936  -98.677  11.863 0.8000000119
98  -22.333  -98.574  12.643 0.8000000119
719  -25.791  -96.535  15.633 1.0000000000
202  -27.259  -97.653  15.708 0.8000000119
422  -25.556  -97.460  15.607 0.8000000119
203  -28.276  -97.516  15.732 0.8000000119
79  -28.161  -98.078  15.085 0.8000000119
123250  -27.605  -98.112  15.008 0.8000000119
234  -32.469  -96.967  12.654 0.6999999881
123070  -31.743  -97.057  12.507 0.6000000238
247  -32.350  -96.680  11.827 0.5000000000
141314  -28.400  -97.957  14.753 0.8000000119
232  -29.394  -97.335  13.002 0.8000000119
132544  -30.031  -97.178  12.387 0.8000000119
233  -30.832  -97.133  12.425 0.6999999881
245  -30.284  -96.958  11.673 0.6999999881
246  -31.279  -96.781  11.547 0.6999999881
481  -32.030  -96.423  10.911 0.6000000238
496  -30.237  -96.458  10.366 0.5000000000
497  -31.152  -96.460  10.602 0.5000000000
511  -31.843  -96.149  10.050 0.5000000000
507  -28.077  -96.069  9.573 0.3000000119
508  -28.762  -96.275  9.557 0.4000000060
2027  -18.064  -93.257  5.974 0.8000000119
2044  -17.527  -93.141  5.823 0.8999999762
1190  -14.348  -94.845  3.443 0.4000000060
1610  -16.518  -93.903  4.594 0.8000000119
833  -18.040  -95.145  6.844 0.8000000119
1200  -13.069  -94.436  3.175 0.3000000119
136890  -12.385  -94.126  3.394 0.2000000030
532  -19.140  -95.582  7.095 0.6999999881
515  -18.606  -95.805  7.958 0.8000000119
1625  -12.955  -93.702  3.068 0.2000000030
2054  -12.106  -93.481  3.742 0.2000000030
516  -19.479  -96.006  8.204 0.8999999762
801  -21.869  -94.794  8.959 0.6999999881
119706  -21.919  -95.304  10.682 0.6999999881
1107  -22.336  -94.272  10.831 0.6999999881
476  -21.616  -96.239  11.947 0.8000000119
773  -22.048  -95.159  11.747 0.8000000119
763  -22.230  -95.622  12.643 0.8000000119
464  -21.571  -97.401  12.599 0.8000000119
97  -21.552  -98.492  12.281 0.8000000119
220  -21.980  -98.149  12.966 0.8000000119
454  -22.272  -97.339  13.384 0.8000000119
721  -27.394  -96.188  15.624 0.6999999881
129998  -27.875  -97.033  15.880 0.6999999881
720  -26.569  -96.313  15.662 0.8000000119
424  -28.877  -96.837  16.033 0.6999999881
204  -29.217  -97.344  15.831 0.6999999881
88  -29.000  -97.890  15.078 0.6999999881
127948  -29.871  -97.621  13.858 0.6999999881
222  -30.344  -97.381  13.181 0.6999999881
121176  -32.217  -97.192  13.373 0.6999999881
482  -33.224  -96.423  11.782 0.6000000238
126404  -31.301  -97.368  13.450 0.6999999881
130807  -32.779  -96.331  11.148 0.5000000000
806  -32.422  -95.619  9.752 0.5000000000
819  -31.464  -95.460  8.540 0.5000000000
1146  -31.797  -94.762  8.262 0.4000000060
1160  -31.480  -94.416  7.665 0.4000000060
2026  -17.502  -93.170  6.436 0.8999999762
1608  -14.817  -94.157  5.337 0.8999999762
1626  -14.987  -94.545  4.182 0.8000000119
1609  -15.804  -93.807  5.178 0.8000000119
531  -18.069  -95.415  7.226 0.8000000119
133461  -14.071  -94.841  4.430 0.6999999881
1189  -13.392  -94.864  3.811 0.5000000000
1624  -11.597  -94.118  3.949 0.2000000030
813  -19.488  -96.022  8.629 0.8999999762
740  -28.540  -95.084  15.046 0.5000000000
129313  -27.231  -94.547  14.892 0.6000000238
738  -26.709  -95.332  15.321 0.8999999762
722  -28.416  -96.155  15.662 0.6999999881
425  -29.295  -96.660  15.966 0.6999999881
415  -30.581  -96.912  16.033 0.6000000238
191  -29.773  -97.043  16.069 0.6999999881
81  -30.452  -97.562  15.471 0.6999999881
206  -31.030  -97.083  15.864 0.6999999881
121667  -31.740  -97.016  15.732 0.6999999881
224  -31.972  -97.399  14.163 0.6999999881
216  -33.026  -96.797  15.132 0.6999999881
466  -33.586  -96.592  12.618 0.6999999881
89  -29.927  -97.839  14.806 0.6999999881
445  -33.814  -96.322  14.844 0.6999999881
226  -33.511  -96.809  14.299 0.6999999881
125072  -34.306  -96.435  12.981 0.6000000238
483  -34.143  -96.162  11.910 0.6000000238
807  -32.958  -94.985  9.698 0.6000000238
790  -33.209  -95.454  10.256 0.5000000000
820  -32.226  -95.082  9.041 0.6000000238
1564  -31.949  -93.564  8.151 0.5000000000
133881  -30.893  -93.866  6.624 0.5000000000
1601  -30.530  -93.650  5.999 0.6000000238
1185  -29.786  -94.583  5.528 0.5000000000
1165  -13.905  -94.451  5.719 0.8000000119
139813  -13.333  -95.010  4.770 0.5000000000
1178  -12.648  -95.031  4.594 0.5000000000
1164  -12.841  -95.023  5.702 0.6000000238
1188  -12.500  -94.558  3.851 0.5000000000
1623  -10.701  -93.712  4.560 0.1000000015
1126  -8.760  -94.835  9.153 0.5000000000
1137  -8.276  -94.174  8.350 0.2000000030
1555  -7.592  -93.166  8.133 0.1000000015
1473  -26.932  -93.774  14.637 0.6999999881
723  -29.427  -95.655  15.467 0.6999999881
1064  -26.327  -94.403  14.898 0.8000000119
137881  -30.185  -94.893  14.823 0.5000000000
724  -30.324  -95.763  15.593 0.6000000238
122120  -31.112  -96.312  15.913 0.6000000238
137065  -32.150  -96.145  15.841 0.6000000238
427  -31.751  -96.697  15.862 0.6999999881
207  -32.360  -96.687  15.589 0.6999999881
457  -35.082  -96.010  14.176 0.6999999881
429  -33.200  -96.119  15.283 0.6999999881
456  -34.328  -96.427  14.068 0.6999999881
467  -34.927  -96.047  12.572 0.6000000238
140487  -16.239  -87.077  -4.846 0.6999999881
1122  -33.647  -94.761  10.169 0.6000000238
5693  -17.238  -85.853  -4.881 0.6999999881
1135  -32.867  -94.250  9.337 0.6999999881
6414  -18.550  -85.762  -4.521 0.6999999881
1565  -32.568  -93.056  8.533 0.6000000238
5685  -19.074  -86.309  -3.614 0.6999999881
1583  -31.506  -93.387  7.343 0.5000000000
5676  -19.535  -86.784  -2.908 0.4000000060
4949  -19.869  -87.236  -2.143 0.4000000060
1637  -29.727  -93.505  4.335 0.5000000000
2033  -30.756  -92.836  5.941 0.3000000119
1602  -31.124  -93.021  6.592 0.5000000000
5677  -20.183  -86.229  -2.528 0.3000000119
1616  -29.189  -94.604  4.709 0.5000000000
1617  -30.263  -93.403  5.223 0.5000000000
1152  -13.394  -94.323  6.727 0.8000000119
137259  -11.820  -95.000  7.094 0.8000000119
832  -12.011  -95.041  6.227 0.6000000238
842  -10.981  -94.783  5.968 0.3000000119
1187  -11.091  -94.317  4.724 0.4000000060
811  -11.478  -94.811  8.792 0.8999999762
831  -11.280  -94.977  6.707 0.6000000238
783  -11.245  -94.949  9.830 0.8000000119
830  -10.700  -94.688  6.637 0.5000000000
1163  -10.415  -94.373  6.171 0.3000000119
1174  -10.081  -93.976  5.606 0.1000000015
2040  -11.183  -92.392  4.792 0.1000000015
795  -10.856  -94.879  9.336 0.8000000119
781  -10.671  -95.294  10.191 0.8000000119
821  -10.299  -94.821  7.957 0.8000000119
794  -10.359  -95.086  9.450 0.6999999881
808  -9.996  -94.945  8.635 0.6000000238
793  -9.124  -95.343  9.968 0.4000000060
1138  -9.203  -94.756  8.451 0.4000000060
1148  -8.920  -94.231  7.661 0.2000000030
1574  -8.748  -93.276  7.108 0.1000000015
1116  -8.546  -95.120  10.794 0.5000000000
1475  -29.220  -93.755  14.308 0.6000000238
1065  -27.950  -94.616  14.806 0.6999999881
131594  -29.281  -94.612  14.740 0.6000000238
741  -30.872  -95.386  15.353 0.5000000000
1069  -31.997  -94.630  14.517 0.6000000238
1087  -32.199  -93.931  13.890 0.6999999881
125867  -32.530  -95.399  15.255 0.5000000000
1070  -32.862  -94.520  14.504 0.6999999881
137864  -33.212  -95.381  15.123 0.5000000000
743  -33.664  -94.748  14.834 0.6000000238
127383  -34.001  -95.528  14.950 0.6999999881
727  -34.784  -94.955  14.764 0.6999999881
447  -35.125  -95.577  14.501 0.6999999881
5692  -16.081  -86.184  -4.867 0.8000000119
6424  -17.744  -84.926  -5.082 0.6999999881
7184  -17.928  -83.879  -5.199 0.6999999881
6425  -18.846  -84.818  -4.836 0.6000000238
5686  -19.776  -86.074  -3.276 0.5000000000
6406  -20.664  -85.488  -2.569 0.5000000000
5670  -21.156  -86.291  -1.082 0.4000000060
2063  -29.476  -93.475  3.496 0.6000000238
6407  -21.232  -85.169  -2.180 0.5000000000
1594  -14.804  -93.598  6.408 0.8999999762
1140  -13.007  -94.225  7.725 0.8999999762
1575  -14.002  -93.620  7.618 1.0000000000
1139  -12.522  -94.278  8.643 0.8999999762
119770  -12.048  -94.766  7.812 1.0000000000
140077  -10.788  -94.852  8.163 0.6999999881
1607  -10.004  -93.456  5.256 0.1000000015
1150  -10.112  -94.550  7.025 0.5000000000
470  -11.083  -95.559  11.258 0.8000000119
124342  -9.397  -94.151  7.063 0.2000000030
1161  -9.246  -93.627  6.677 0.1000000015
2038  -9.569  -93.019  6.000 0.1000000015
459  -10.404  -95.997  12.298 0.8999999762
485  -10.330  -95.757  10.901 0.6999999881
780  -10.014  -95.641  10.132 0.6000000238
484  -9.808  -95.953  11.388 0.8000000119
758  -9.436  -95.947  12.296 0.8000000119
779  -9.462  -95.667  10.749 0.6000000238
1067  -29.836  -94.162  14.277 0.6999999881
1086  -31.463  -94.044  13.838 0.6999999881
1085  -30.598  -94.024  13.946 0.6000000238
1496  -32.301  -93.200  13.818 0.6999999881
1476  -33.369  -93.810  14.510 0.6000000238
129559  -15.007  -85.577  -4.629 0.8000000119
1477  -33.895  -93.451  15.128 0.6000000238
1072  -34.642  -93.769  15.226 0.6000000238
6422  -15.744  -85.029  -4.893 0.8999999762
7182  -15.944  -83.475  -4.904 0.8999999762
7183  -16.839  -84.021  -5.156 0.8000000119
7955  -16.900  -82.855  -5.078 0.8999999762
7956  -18.137  -82.809  -5.069 0.8999999762
7185  -19.013  -83.835  -4.953 0.6999999881
6416  -20.294  -85.528  -3.248 0.5000000000
2095  -28.808  -93.040  1.347 0.6000000238
7164  -20.986  -84.888  -3.092 0.5000000000
7165  -21.835  -84.563  -2.544 0.6000000238
2547  -28.684  -91.629  -0.552 0.8000000119
3033  -28.703  -90.236  -1.638 0.6999999881
1576  -14.860  -93.193  7.375 0.8999999762
1595  -15.444  -93.442  6.082 0.8000000119
1557  -13.734  -93.434  8.639 1.0000000000
1524  -12.720  -94.089  10.274 1.0000000000
1541  -13.118  -93.730  9.487 1.0000000000
121747  -13.338  -93.503  11.035 1.0000000000
1127  -12.112  -94.602  9.529 1.0000000000
768  -11.666  -95.144  11.080 0.8999999762
1103  -12.202  -94.665  11.741 0.8999999762
124187  -12.471  -94.450  11.021 1.0000000000
1511  -13.102  -93.871  11.763 1.0000000000
1093  -12.784  -94.094  12.452 0.8999999762
125310  -13.259  -93.651  13.106 1.0000000000
1102  -11.450  -95.313  11.810 0.8000000119
1092  -11.843  -94.743  12.448 0.8999999762
1079  -12.310  -94.140  13.094 1.0000000000
1919  -13.060  -92.403  15.081 0.8999999762
451  -10.774  -95.913  12.930 0.8000000119
759  -11.225  -95.459  12.602 0.8000000119
1078  -11.491  -94.812  13.170 1.0000000000
1465  -12.506  -93.046  14.612 1.0000000000
1483  -11.733  -94.127  13.739 1.0000000000
1453  -12.270  -92.838  15.320 1.0000000000
448  -9.438  -96.146  13.927 0.8999999762
450  -10.345  -96.146  13.285 0.8999999762
730  -11.135  -95.646  14.281 1.0000000000
1492  -29.303  -92.925  13.959 0.6999999881
1494  -30.573  -93.241  13.550 0.6999999881
1940  -32.406  -92.505  14.209 0.5000000000
122314  -32.844  -93.210  14.146 0.6000000238
1926  -33.460  -92.777  15.679 0.5000000000
2374  -32.828  -92.144  16.354 0.5000000000
1927  -34.261  -93.040  15.851 0.5000000000
7181  -15.270  -84.019  -4.637 0.8999999762
8705  -18.576  -82.030  -4.679 0.8999999762
7186  -19.832  -83.838  -4.619 0.6999999881
140817  -20.954  -84.428  -3.786 0.6000000238
6398  -21.496  -85.499  -1.454 0.4000000060
124196  -29.402  -92.497  0.773 0.6999999881
2096  -30.501  -92.370  1.140 0.8999999762
7154  -21.857  -85.034  -1.881 0.6000000238
6385  -21.982  -85.923  -0.837 0.3000000119
2548  -29.859  -91.042  -0.728 0.8999999762
2535  -29.644  -91.796  -0.063 0.8999999762
118498  -28.787  -90.908  -1.110 0.6999999881
3614  -29.340  -89.562  -1.630 0.8000000119
3600  -30.699  -90.302  -0.566 0.8999999762
3032  -27.479  -90.246  -1.560 0.6999999881
3613  -28.428  -89.459  -2.022 0.6999999881
124721  -29.469  -88.585  -2.089 0.8999999762
1558  -14.746  -92.963  8.308 0.8999999762
1997  -14.629  -92.845  9.074 1.0000000000
1986  -14.144  -92.926  9.614 1.0000000000
1972  -14.607  -92.646  10.413 1.0000000000
1525  -13.677  -93.118  10.324 0.8999999762
1502  -15.094  -93.078  12.513 0.8000000119
1046  -15.066  -93.924  15.502 0.8000000119
137760  -13.855  -93.080  11.662 0.8999999762
1501  -14.807  -92.988  12.552 0.8000000119
1056  -15.034  -93.755  14.665 0.8000000119
410  -10.745  -96.187  16.960 0.8999999762
411  -11.060  -96.161  16.360 0.8999999762
1500  -13.861  -93.237  12.453 0.8999999762
1467  -14.639  -93.315  14.331 0.8999999762
1921  -14.361  -91.822  15.579 0.8000000119
124948  -10.462  -96.260  16.150 1.0000000000
1932  -13.964  -92.465  15.156 0.8999999762
2369  -14.165  -91.448  15.901 0.8000000119
418  -10.767  -96.230  15.532 0.8999999762
131484  -10.537  -96.232  14.724 0.8999999762
129914  -11.238  -95.423  15.121 1.0000000000
1906  -12.883  -92.190  15.741 0.8999999762
432  -9.014  -96.051  14.535 0.8999999762
435  -10.942  -96.123  14.904 1.0000000000
1951  -31.086  -92.649  13.382 0.6999999881
1952  -31.774  -92.508  13.646 0.6000000238
132272  -33.473  -92.080  17.113 0.5000000000
136982  -14.370  -85.139  -4.184 0.8999999762
7944  -15.500  -83.430  -4.292 0.8999999762
7954  -16.110  -82.871  -4.614 0.8999999762
8698  -17.282  -81.921  -4.209 0.8999999762
4965  -13.785  -86.593  -4.326 0.8999999762
138035  -17.541  -81.936  -4.854 0.8999999762
129725  -14.358  -87.382  -4.688 0.8000000119
9413  -18.300  -81.564  -4.300 0.8999999762
125391  -12.697  -88.815  -4.041 0.8000000119
3630  -13.134  -87.997  -4.422 0.8000000119
7958  -20.433  -83.306  -4.526 0.6999999881
8706  -19.775  -82.277  -4.507 0.8000000119
7175  -22.300  -84.007  -3.196 0.6999999881
7166  -22.652  -84.352  -2.584 0.6000000238
6399  -22.299  -85.319  -1.419 0.3000000119
4267  -29.590  -88.924  -1.461 0.8999999762
3019  -29.596  -90.321  -1.234 0.8999999762
122303  -30.331  -90.528  -0.770 0.8999999762
3583  -29.953  -89.860  -1.077 0.8999999762
393  -11.343  -96.017  18.757 0.8999999762
686  -11.805  -95.966  17.995 0.8999999762
402  -10.183  -96.178  17.629 1.0000000000
1454  -14.776  -92.866  15.283 0.8000000119
409  -9.936  -96.263  16.821 1.0000000000
699  -11.951  -95.769  17.354 0.8999999762
1908  -14.768  -91.332  15.995 0.8000000119
705  -9.241  -96.149  16.660 1.0000000000
417  -10.216  -96.325  15.353 1.0000000000
714  -11.189  -95.998  15.776 0.8999999762
138801  -11.919  -95.296  16.797 1.0000000000
125439  -8.582  -95.701  15.276 0.8999999762
707  -12.057  -94.270  16.513 1.0000000000
1907  -13.671  -91.615  16.244 0.8000000119
1045  -11.789  -93.755  15.707 1.0000000000
1441  -12.289  -93.046  16.140 0.8999999762
1044  -11.465  -94.387  15.270 1.0000000000
2390  -32.049  -91.903  14.818 0.5000000000
2363  -32.758  -91.493  17.010 0.5000000000
126111  -34.533  -91.344  17.563 0.5000000000
7945  -15.984  -82.740  -4.073 1.0000000000
2789  -35.105  -90.728  17.961 0.4000000060
6413  -14.429  -84.612  -4.032 0.8999999762
9404  -18.477  -81.305  -3.757 0.8999999762
2335  -35.359  -91.257  17.751 0.4000000060
3041  -12.337  -89.685  -3.221 0.6000000238
123849  -14.204  -85.347  -4.072 1.0000000000
9414  -19.227  -81.487  -4.203 0.8000000119
124605  -21.917  -83.696  -3.764 0.6999999881
7155  -22.519  -84.855  -2.056 0.5000000000
6400  -23.501  -85.460  -1.705 0.4000000060
6401  -24.187  -85.875  -1.888 0.4000000060
4249  -29.762  -88.994  -0.511 0.8999999762
4289  -29.351  -87.868  -2.429 0.8000000119
4938  -30.025  -88.002  -1.753 0.8999999762
125659  -12.003  -95.824  18.902 0.8999999762
687  -12.296  -95.489  18.123 0.8999999762
1922  -15.048  -92.063  15.791 0.8000000119
1455  -15.234  -93.244  15.922 0.8000000119
1041  -15.503  -93.985  16.587 0.8000000119
697  -9.237  -96.063  17.517 1.0000000000
1031  -12.339  -94.907  17.347 0.8999999762
136618  -16.303  -92.296  17.075 0.8000000119
132665  -16.722  -92.760  17.679 0.8000000119
1417  -17.265  -93.248  18.389 0.6999999881
1909  -16.007  -91.417  16.947 0.8000000119
1444  -16.604  -91.831  17.533 0.8000000119
133053  -18.085  -93.412  19.595 0.6999999881
704  -8.641  -95.669  16.854 0.8999999762
1427  -12.646  -93.717  17.074 0.8999999762
2343  -15.718  -91.028  17.376 0.8000000119
2358  -14.510  -91.214  16.422 0.8000000119
1890  -13.696  -91.980  17.222 0.8999999762
2341  -14.241  -91.296  16.864 0.8000000119
2362  -32.223  -91.468  16.413 0.5000000000
2804  -34.092  -90.515  17.631 0.4000000060
3607  -10.159  -89.785  -2.274 0.6999999881
3623  -11.000  -88.330  -3.558 0.8000000119
9403  -18.003  -81.495  -3.675 1.0000000000
3617  -11.388  -89.360  -3.179 0.8000000119
7162  -14.891  -84.087  -3.765 1.0000000000
4296  -12.154  -87.526  -4.294 0.8000000119
10179  -19.746  -80.611  -3.051 1.0000000000
3359  -35.678  -89.861  18.547 0.4000000060
132903  -35.817  -90.687  18.199 0.4000000060
121323  -13.093  -86.647  -4.203 0.8999999762
8708  -21.569  -82.486  -4.349 0.6999999881
9415  -20.294  -81.610  -4.176 0.8000000119
7948  -22.674  -83.354  -4.009 0.6999999881
7959  -21.853  -83.208  -4.214 0.6999999881
7940  -23.149  -83.927  -3.178 0.6999999881
5681  -29.081  -86.467  -2.905 0.8000000119
7156  -23.428  -84.683  -2.392 0.6999999881
4963  -28.025  -86.766  -2.944 0.6999999881
7167  -24.470  -84.594  -2.802 0.6999999881
6408  -24.118  -85.204  -2.244 0.5000000000
140254  -24.774  -86.254  -2.063 0.4000000060
131483  -25.143  -86.721  -1.758 0.2000000030
4950  -25.840  -87.056  -2.151 0.5000000000
4937  -25.706  -87.151  -1.489 0.2000000030
4265  -26.183  -87.819  -1.340 0.3000000119
4278  -26.245  -87.650  -1.892 0.5000000000
5680  -27.076  -86.803  -2.767 0.6999999881
4953  -28.552  -87.536  -2.757 0.6999999881
130238  -29.689  -87.059  -2.561 0.8000000119
4954  -30.011  -87.563  -2.159 0.8999999762
4928  -30.010  -87.368  -1.054 0.8999999762
4915  -29.887  -87.893  -0.034 0.8000000119
4250  -30.096  -88.907  0.497 0.6999999881
4952  -27.355  -87.524  -2.618 0.6000000238
117848  -27.563  -88.248  -2.395 0.6999999881
382  -10.604  -96.048  19.285 0.8999999762
391  -9.767  -96.064  18.998 1.0000000000
1008  -12.672  -94.804  19.454 0.8999999762
685  -8.859  -95.700  18.621 0.8999999762
1016  -12.916  -94.446  18.092 0.8999999762
1411  -13.680  -93.548  19.172 0.8999999762
1416  -13.471  -93.730  18.499 0.8999999762
131405  -17.762  -92.838  18.887 0.6999999881
696  -8.508  -95.476  17.679 0.8999999762
1415  -13.266  -93.170  17.686 0.8999999762
2344  -16.497  -91.356  17.812 0.8000000119
1885  -17.589  -92.228  19.202 0.6999999881
1030  -7.978  -94.816  17.137 0.8999999762
2330  -15.398  -91.148  17.878 0.8000000119
3616  -10.530  -89.068  -3.060 0.6999999881
3622  -10.292  -88.030  -3.447 0.8000000119
122950  -11.303  -87.089  -3.606 0.8999999762
3346  -36.306  -89.313  19.653 0.2000000030
7163  -16.014  -83.843  -3.268 1.0000000000
7938  -16.799  -82.616  -3.424 1.0000000000
7939  -17.651  -82.598  -2.642 0.8999999762
9400  -19.136  -80.726  -3.088 1.0000000000
10172  -19.390  -80.566  -2.406 1.0000000000
10174  -20.539  -80.328  -2.379 1.0000000000
9406  -19.919  -80.984  -3.720 0.8999999762
139419  -21.317  -80.499  -2.769 1.0000000000
9407  -20.912  -81.110  -3.806 0.8000000119
10181  -21.595  -80.711  -3.434 0.8000000119
7942  -27.371  -83.326  -2.759 0.8999999762
7953  -27.419  -83.274  -2.967 0.8999999762
5682  -29.999  -86.085  -2.280 0.8999999762
7941  -24.082  -83.874  -3.249 0.6999999881
5689  -28.375  -85.914  -2.963 0.8000000119
7168  -25.278  -84.526  -3.120 0.6000000238
6409  -25.019  -85.467  -2.607 0.5000000000
5678  -25.485  -86.384  -2.396 0.5000000000
5679  -26.260  -86.643  -2.623 0.6999999881
4951  -26.525  -87.346  -2.350 0.6000000238
383  -11.297  -95.882  19.551 0.8999999762
670  -11.396  -95.473  20.351 0.8999999762
678  -12.180  -95.362  19.506 0.8999999762
983  -12.356  -94.239  20.576 0.8999999762
676  -9.340  -95.777  19.600 1.0000000000
1015  -8.276  -95.005  18.976 0.8999999762
1410  -13.064  -94.127  19.825 0.8999999762
1402  -13.708  -93.138  19.891 0.8000000119
1873  -14.330  -92.680  19.297 0.8000000119
1882  -14.056  -92.739  18.369 0.8000000119
122421  -14.977  -92.039  19.572 0.8000000119
137768  -17.876  -92.870  19.867 0.6999999881
1014  -8.056  -94.834  18.228 0.8999999762
1029  -7.730  -94.037  17.712 0.8999999762
1414  -7.737  -93.956  18.491 0.8999999762
1883  -14.881  -91.864  18.647 0.8000000119
1874  -15.744  -91.491  18.867 0.6999999881
2331  -16.224  -91.120  18.176 0.8000000119
2325  -17.100  -91.597  19.313 0.6999999881
138913  -7.668  -93.388  18.046 0.8999999762
1426  -7.546  -93.300  17.411 0.6999999881
135755  -7.546  -92.692  17.922 0.6999999881
4280  -9.907  -87.665  -3.261 0.6999999881
141839  -9.332  -88.774  -2.309 0.6999999881
2782  -36.817  -89.497  19.552 0.2000000030
3340  -37.249  -88.974  20.712 0.2000000030
4292  -11.485  -87.360  -3.983 0.8000000119
9399  -18.775  -80.939  -3.036 1.0000000000
4295  -11.961  -86.867  -4.010 0.8999999762
6404  -15.865  -84.695  -3.014 1.0000000000
7929  -17.413  -83.491  -2.552 1.0000000000
9389  -19.063  -80.951  -1.983 0.8999999762
2790  -36.401  -90.003  18.653 0.2000000030
4964  -12.691  -86.963  -4.315 0.8999999762
6403  -14.860  -85.041  -3.609 1.0000000000
4958  -13.295  -86.447  -4.119 1.0000000000
130430  -22.551  -80.661  -3.684 0.8000000119
8699  -23.249  -82.268  -4.281 0.6999999881
138442  -23.691  -81.337  -4.104 0.8000000119
9409  -23.541  -80.682  -3.694 0.8000000119
131410  -22.751  -81.366  -4.248 0.6999999881
7931  -27.323  -83.504  -1.969 0.8999999762
7949  -23.704  -83.156  -3.969 0.6999999881
8703  -27.216  -82.404  -2.959 0.8999999762
7943  -27.805  -84.183  -2.780 0.8999999762
7951  -25.939  -82.747  -3.910 0.8000000119
7952  -26.673  -83.133  -3.588 0.8999999762
7178  -26.816  -84.037  -3.446 0.8000000119
7179  -27.565  -84.179  -3.148 0.8999999762
7180  -28.060  -84.620  -3.085 0.8000000119
135967  -28.176  -84.803  -2.234 0.8999999762
7176  -25.061  -83.803  -3.486 0.6999999881
7177  -25.995  -83.859  -3.575 0.8000000119
6418  -26.924  -85.003  -3.273 0.8000000119
6419  -27.832  -85.246  -3.203 0.6999999881
6417  -26.003  -84.792  -3.165 0.6999999881
6410  -26.062  -85.782  -2.924 0.8000000119
5687  -26.950  -85.988  -3.018 0.8000000119
376  -10.045  -95.975  19.704 1.0000000000
998  -11.735  -95.072  20.698 0.8999999762
675  -8.681  -95.294  19.566 1.0000000000
1388  -12.163  -93.466  21.182 0.8000000119
1401  -12.927  -93.286  20.552 0.8000000119
1006  -7.906  -94.457  18.906 1.0000000000
1400  -8.052  -93.813  20.136 0.8999999762
1864  -13.572  -92.372  20.608 0.8000000119
122650  -7.886  -93.042  19.630 0.8999999762
135411  -14.297  -92.445  20.030 0.8000000119
1872  -7.962  -92.245  19.217 0.8999999762
1875  -16.301  -91.620  19.504 0.6999999881
1877  -17.387  -92.235  19.848 0.6999999881
1390  -16.802  -93.424  20.982 0.6999999881
120587  -16.005  -92.889  21.312 0.6999999881
2329  -7.681  -92.082  18.429 0.6999999881
1876  -16.763  -91.827  19.924 0.6999999881
4941  -10.472  -87.265  -3.112 0.8000000119
9388  -18.803  -81.277  -1.192 0.6999999881
10158  -18.989  -80.926  -0.959 0.8000000119
11024  -19.685  -80.145  -0.455 0.6000000238
4931  -10.711  -87.162  -2.747 0.8000000119
4281  -12.022  -87.347  -2.822 1.0000000000
132479  -18.250  -83.016  -2.046 0.8000000119
8684  -18.449  -82.822  -1.374 0.6999999881
11038  -20.056  -80.083  -1.253 0.6999999881
3968  -37.280  -88.583  21.116 0.2000000030
7152  -18.154  -84.566  -1.559 0.8999999762
126057  -18.296  -82.291  -2.247 0.8000000119
124670  -19.769  -80.241  -1.761 0.8000000119
136515  -20.361  -80.134  -1.403 0.8000000119
5675  -16.078  -85.594  -2.648 0.8999999762
6405  -16.993  -84.548  -2.409 1.0000000000
10160  -20.225  -80.077  -1.774 0.8999999762
10161  -20.756  -80.282  -1.748 1.0000000000
136758  -21.572  -80.964  -1.319 0.8000000119
7121  -27.575  -83.896  0.250 0.8999999762
4957  -12.726  -86.671  -4.110 1.0000000000
5674  -14.501  -86.078  -3.703 1.0000000000
137067  -15.571  -86.155  -2.999 1.0000000000
10175  -21.564  -80.417  -2.274 0.8999999762
10162  -21.861  -80.593  -1.918 1.0000000000
140110  -22.116  -81.348  -1.283 0.8999999762
10182  -23.239  -80.266  -3.096 0.8999999762
128459  -24.253  -81.991  -4.086 0.6999999881
7930  -26.875  -82.777  -1.579 0.8999999762
7916  -27.324  -83.576  -0.742 0.8999999762
7950  -24.752  -82.929  -4.016 0.8000000119
8700  -25.366  -81.693  -3.900 0.8000000119
8701  -26.358  -81.632  -3.551 0.8999999762
8697  -26.944  -81.634  -2.858 0.8999999762
8687  -27.064  -82.484  -2.542 0.8999999762
7932  -27.821  -84.277  -2.317 0.8999999762
377  -10.732  -95.872  20.152 0.8999999762
667  -9.122  -95.508  20.223 0.8999999762
654  -10.216  -95.573  21.401 0.8999999762
982  -11.359  -94.911  21.617 0.8999999762
1387  -11.575  -93.926  21.772 0.8000000119
135397  -8.319  -94.103  20.911 1.0000000000
972  -11.202  -94.579  22.500 0.8000000119
1852  -12.670  -92.373  21.275 0.8000000119
1399  -8.060  -93.396  20.923 1.0000000000
141945  -7.951  -93.027  20.347 1.0000000000
1851  -11.853  -92.801  21.857 0.8000000119
1863  -8.099  -92.241  20.113 0.8999999762
1853  -13.468  -91.535  21.366 0.8000000119
2323  -8.170  -91.610  19.546 0.8000000119
4259  -13.498  -88.774  -0.534 0.8999999762
4260  -14.448  -88.308  -0.377 0.8999999762
4270  -10.578  -87.469  -1.825 1.0000000000
4258  -12.389  -88.857  -0.520 0.8999999762
4271  -11.080  -87.856  -1.651 1.0000000000
4645  -37.084  -88.089  21.580 0.2000000030
4273  -13.466  -88.569  -1.766 0.8999999762
8667  -18.106  -82.316  -0.395 0.6999999881
10137  -18.520  -80.903  -0.539 0.6000000238
136097  -20.436  -80.296  -0.132 0.6000000238
127342  -12.645  -88.229  -2.081 1.0000000000
129721  -15.108  -87.829  -2.256 0.8999999762
4933  -15.643  -87.583  -1.365 0.8999999762
7153  -18.481  -83.689  -1.454 0.8999999762
4655  -37.788  -88.170  20.817 0.2000000030
4944  -12.290  -86.853  -3.680 1.0000000000
4283  -14.175  -88.122  -2.441 1.0000000000
117757  -20.978  -80.834  -0.376 0.6999999881
4946  -14.413  -87.126  -3.189 1.0000000000
6395  -16.895  -85.894  -1.749 0.8999999762
4945  -13.221  -86.900  -3.693 1.0000000000
120340  -23.106  -80.538  -2.146 0.8999999762
10140  -22.794  -80.885  -1.695 1.0000000000
7120  -26.993  -83.777  1.069 0.8000000119
10178  -24.696  -80.185  -2.639 0.8999999762
10177  -23.848  -80.194  -2.472 0.8999999762
9410  -24.644  -80.841  -3.642 0.8000000119
7915  -26.658  -82.965  -0.469 0.8999999762
9411  -25.829  -80.853  -3.283 0.8999999762
8686  -26.672  -81.871  -2.230 0.8999999762
1360  -8.406  -94.028  24.077 0.8000000119
1373  -8.669  -94.343  23.182 0.8999999762
963  -9.129  -94.591  24.189 0.8000000119
1346  -8.745  -94.137  24.927 0.8999999762
971  -9.311  -94.872  22.560 0.8999999762
636  -10.068  -95.142  23.530 0.8000000119
954  -9.404  -94.472  24.665 0.8000000119
981  -9.748  -95.323  21.946 0.8999999762
646  -10.042  -95.291  22.829 0.8999999762
965  -10.849  -94.842  23.328 0.8000000119
127710  -10.979  -94.137  23.893 0.8000000119
980  -8.870  -94.694  21.525 1.0000000000
1374  -11.381  -93.443  22.537 0.8000000119
1841  -11.676  -92.166  22.781 0.8000000119
2779  -8.033  -90.859  19.465 0.8000000119
4921  -15.273  -87.678  -0.248 0.8999999762
3967  -36.658  -88.469  21.617 0.2000000030
4930  -9.969  -86.994  -2.306 0.8000000119
11007  -19.895  -79.989  0.133 0.6000000238
141030  -17.943  -81.739  0.072 0.5000000000
11022  -18.531  -80.534  0.229 0.6000000238
10123  -20.763  -80.911  0.663 0.6000000238
9348  -21.128  -81.101  1.522 0.5000000000
4667  -38.139  -87.373  20.127 0.2000000030
7913  -18.455  -83.409  -0.506 0.6999999881
8653  -18.028  -83.019  0.291 0.6000000238
4934  -16.123  -86.981  -1.436 0.8999999762
9361  -21.188  -81.579  0.249 0.6999999881
127808  -21.137  -81.872  0.947 0.6000000238
5667  -15.596  -87.091  -2.568 0.8999999762
7135  -18.506  -84.380  -0.550 0.6999999881
9371  -21.642  -81.703  -0.591 0.8000000119
9372  -22.665  -81.640  -1.044 0.8999999762
9391  -25.575  -80.728  -2.181 0.8999999762
9390  -24.790  -80.991  -1.635 0.8999999762
9373  -23.875  -80.976  -1.325 0.8999999762
7104  -26.703  -83.954  1.910 0.6999999881
8685  -26.044  -81.496  -1.865 0.8999999762
9392  -26.410  -81.115  -2.604 0.8999999762
8673  -26.276  -82.328  -1.274 0.8999999762
132509  -7.920  -93.350  24.118 1.0000000000
1334  -8.062  -93.427  25.085 0.8999999762
1359  -7.989  -93.486  23.255 0.8999999762
137795  -9.693  -94.469  24.631 0.8000000119
142086  -8.608  -94.292  22.247 0.8999999762
956  -10.603  -94.648  23.961 0.8000000119
1349  -10.939  -92.841  24.320 0.8000000119
1385  -7.944  -93.069  21.668 1.0000000000
126465  -7.991  -92.607  20.949 1.0000000000
1850  -7.924  -92.201  21.702 1.0000000000
2307  -8.162  -91.337  21.638 1.0000000000
132229  -8.277  -91.300  20.168 0.8000000119
124293  -8.336  -90.894  20.846 0.8999999762
2769  -8.300  -90.020  20.733 0.8000000119
4241  -13.866  -88.182  0.374 0.8000000119
4907  -14.309  -87.512  0.862 0.6999999881
119751  -16.031  -86.466  0.891 0.6999999881
6359  -16.842  -85.637  1.425 0.6000000238
135040  -10.920  -88.120  -0.705 0.8999999762
4909  -15.806  -87.085  0.380 0.8000000119
132687  -36.249  -87.859  22.147 0.2000000030
6370  -16.685  -85.950  0.765 0.6000000238
132160  -18.972  -79.872  1.284 0.5000000000
10105  -20.143  -80.404  0.869 0.5000000000
10990  -20.170  -79.875  1.730 0.5000000000
5406  -37.397  -87.429  21.106 0.2000000030
4922  -16.046  -87.091  -0.496 0.8999999762
5648  -16.487  -86.572  0.154 0.8000000119
10122  -18.316  -80.711  0.514 0.5000000000
11005  -18.782  -80.237  0.734 0.5000000000
7134  -18.051  -85.309  -0.514 0.6999999881
7119  -18.242  -84.858  0.282 0.6000000238
120200  -17.868  -83.174  1.120 0.5000000000
123637  -17.875  -82.190  0.696 0.5000000000
10085  -21.135  -80.379  2.203 0.5000000000
5418  -37.410  -86.594  20.331 0.2000000030
6384  -17.328  -85.811  -0.911 0.8999999762
7897  -18.241  -83.968  0.506 0.6000000238
136160  -21.342  -81.887  1.653 0.5000000000
8641  -21.531  -82.637  1.296 0.5000000000
8669  -22.387  -82.373  -0.203 0.8999999762
8668  -21.551  -82.477  0.449 0.6999999881
7883  -21.897  -83.230  1.028 0.6999999881
9374  -25.309  -81.401  -1.547 0.8999999762
8670  -23.460  -82.026  -0.499 0.8999999762
8655  -23.048  -82.832  0.296 0.8999999762
7898  -22.617  -83.372  0.923 0.6000000238
8630  -22.231  -82.919  2.830 0.5000000000
7090  -26.940  -84.246  2.624 0.6000000238
8657  -25.062  -82.486  -0.062 0.8999999762
7899  -23.618  -83.210  0.881 0.8999999762
7885  -23.192  -83.405  1.677 0.6000000238
7914  -25.893  -82.666  -0.251 0.8999999762
138686  -26.269  -83.191  0.598 0.8999999762
7089  -26.090  -83.887  2.477 0.6000000238
1810  -7.537  -92.426  25.377 0.8999999762
1335  -8.600  -93.501  25.647 0.6999999881
1322  -8.908  -92.994  26.136 0.6999999881
1348  -9.845  -93.891  24.973 0.6999999881
1830  -7.644  -92.592  23.355 1.0000000000
1840  -7.800  -92.776  22.473 1.0000000000
2298  -7.820  -91.734  22.533 1.0000000000
2756  -8.235  -90.933  22.180 1.0000000000
2770  -8.485  -90.413  21.531 1.0000000000
3334  -7.691  -89.514  20.030 0.8000000119
4239  -11.917  -88.546  0.100 0.8999999762
5646  -14.863  -86.971  1.238 0.6000000238
5629  -15.860  -86.072  2.118 0.6000000238
7087  -16.929  -85.049  2.567 0.6000000238
6348  -17.254  -85.203  1.774 0.6000000238
5389  -36.078  -87.051  22.155 0.2000000030
10989  -18.554  -79.948  1.613 0.5000000000
119487  -19.970  -79.370  2.352 0.5000000000
5405  -36.687  -86.621  21.267 0.2000000030
117908  -17.467  -84.450  2.203 0.6000000238
7882  -17.844  -83.977  1.436 0.6000000238
124727  -17.656  -82.464  1.756 0.5000000000
118615  -17.704  -80.779  2.082 0.5000000000
10973  -17.952  -79.955  2.204 0.5000000000
10991  -20.838  -79.931  2.129 0.5000000000
126058  -17.637  -83.450  2.052 0.5000000000
6147  -37.312  -86.006  19.411 0.2000000030
9334  -21.443  -81.298  2.449 0.4000000060
8629  -21.732  -82.366  2.206 0.5000000000
7869  -22.739  -83.398  2.537 0.6000000238
7857  -22.747  -83.321  3.508 0.6000000238
135772  -25.488  -82.879  0.518 0.8999999762
138406  -24.683  -82.965  0.772 0.8999999762
123246  -24.358  -83.284  1.736 0.6999999881
7858  -23.341  -83.656  3.519 0.6000000238
137524  -27.424  -84.489  2.951 0.6000000238
7076  -27.047  -84.472  3.543 0.6000000238
7057  -27.605  -84.717  4.289 0.5000000000
7075  -26.201  -84.197  3.326 0.6000000238
7056  -26.842  -84.452  4.519 0.5000000000
7036  -27.397  -84.402  6.055 0.6000000238
131891  -26.086  -84.285  4.795 0.5000000000
7020  -27.189  -84.007  6.535 0.6000000238
8580  -28.196  -83.242  6.604 0.6000000238
8581  -29.030  -83.200  6.571 0.5000000000
8596  -28.557  -82.706  6.025 0.6000000238
123819  -29.029  -82.430  5.137 0.5000000000
121613  -7.249  -91.136  26.986 0.6999999881
122082  -7.382  -91.973  25.871 0.6999999881
1823  -7.546  -92.532  24.322 1.0000000000
2290  -7.540  -91.624  23.529 1.0000000000
2746  -7.836  -90.727  23.796 1.0000000000
120371  -8.048  -90.882  22.890 1.0000000000
2757  -8.653  -90.287  22.343 1.0000000000
3311  -9.236  -89.628  23.547 1.0000000000
3318  -9.118  -89.582  22.672 1.0000000000
137310  -8.414  -89.701  21.288 0.8999999762
3319  -8.896  -88.887  22.341 0.8999999762
3969  -7.343  -88.598  20.326 0.6999999881
4905  -12.302  -87.985  0.529 0.8000000119
6346  -15.705  -85.720  2.695 0.6000000238
4906  -13.361  -87.587  0.758 0.8000000119
4919  -10.946  -87.213  -0.276 0.8000000119
125273  -16.929  -84.491  3.274 0.6000000238
7868  -17.375  -83.771  2.930 0.6000000238
6381  -10.907  -86.147  -0.571 0.8999999762
5643  -11.797  -87.404  0.335 0.8000000119
10974  -18.517  -79.421  2.352 0.5000000000
6382  -11.818  -85.483  -0.443 0.8000000119
9333  -17.486  -81.784  2.365 0.5000000000
10064  -17.595  -80.594  3.626 0.5000000000
10954  -18.354  -79.197  3.374 0.5000000000
11790  -19.301  -79.104  2.901 0.5000000000
6146  -36.705  -85.921  20.175 0.2000000030
134219  -36.554  -85.483  19.192 0.1000000015
6393  -10.979  -85.286  -0.641 0.8000000119
8628  -17.465  -82.786  2.640 0.5000000000
10065  -17.839  -79.747  3.861 0.4000000060
10976  -21.122  -79.717  2.999 0.4000000060
9322  -21.755  -81.167  3.407 0.3000000119
10066  -21.460  -80.369  3.129 0.3000000119
8621  -22.420  -82.647  3.612 0.5000000000
9323  -22.216  -81.800  3.759 0.4000000060
7886  -25.386  -83.236  1.244 0.6999999881
7872  -25.298  -83.564  2.150 0.6999999881
7871  -24.558  -83.538  2.675 0.6999999881
7870  -23.717  -83.455  2.645 0.6000000238
7053  -23.801  -84.043  4.204 0.5000000000
7840  -22.820  -83.058  4.117 0.5000000000
8605  -22.734  -82.326  4.235 0.3000000119
9310  -22.721  -81.298  4.125 0.3000000119
139235  -22.297  -80.280  3.747 0.3000000119
7088  -25.207  -83.914  3.227 0.6999999881
7074  -24.627  -84.162  4.222 0.6000000238
7842  -24.141  -83.374  5.094 0.5000000000
138050  -26.342  -84.369  4.025 0.6000000238
7804  -26.422  -83.670  6.361 0.6000000238
2720  -7.049  -90.349  27.471 0.6000000238
2263  -7.523  -91.253  27.665 0.6000000238
2713  -6.925  -89.934  28.313 0.5000000000
138059  -7.154  -90.611  25.846 0.8999999762
2277  -7.207  -91.276  25.374 1.0000000000
2736  -7.399  -90.753  24.654 1.0000000000
2737  -7.994  -90.219  24.504 1.0000000000
123996  -8.674  -90.134  23.845 1.0000000000
3962  -8.225  -89.130  21.575 0.8999999762
3312  -9.464  -88.965  23.225 1.0000000000
3961  -7.509  -88.558  21.125 0.6999999881
4895  -14.027  -86.953  1.385 0.6999999881
118378  -14.601  -85.878  2.015 0.6000000238
137539  -16.267  -85.202  3.166 0.6000000238
7051  -16.832  -84.316  4.280 0.6999999881
6345  -14.858  -85.514  2.708 0.6000000238
7073  -17.291  -83.934  3.875 0.5000000000
6118  -35.929  -86.182  21.900 0.2000000030
137352  -12.411  -85.662  -0.005 0.8000000119
6357  -13.269  -85.926  1.020 0.8000000119
6358  -14.247  -85.333  1.950 0.6000000238
7856  -17.487  -83.167  3.513 0.5000000000
10975  -20.617  -79.571  2.520 0.4000000060
6369  -12.968  -85.373  0.356 0.8000000119
9308  -17.739  -82.532  4.137 0.5000000000
10955  -18.916  -78.902  3.821 0.4000000060
131244  -20.121  -78.705  4.435 0.4000000060
11791  -20.286  -79.215  3.024 0.4000000060
6145  -35.982  -85.364  19.911 0.1000000015
7149  -9.904  -85.102  -0.934 0.8000000119
6394  -12.099  -84.696  -0.789 0.8000000119
9321  -17.570  -81.584  3.634 0.5000000000
10049  -17.857  -81.493  4.375 0.4000000060
10934  -19.183  -79.037  4.688 0.5000000000
11792  -21.163  -79.221  3.207 0.4000000060
7925  -10.841  -84.476  -0.466 0.8000000119
7150  -11.486  -84.600  -0.645 0.8000000119
10051  -18.676  -79.921  5.163 0.5000000000
10956  -21.991  -79.606  3.509 0.3000000119
129766  -22.974  -79.535  3.550 0.2000000030
139418  -23.660  -82.296  4.922 0.3000000119
10052  -23.439  -81.188  4.428 0.3000000119
127149  -25.871  -84.093  5.728 0.5000000000
7822  -25.495  -83.487  5.861 0.5000000000
8606  -23.334  -82.946  4.751 0.5000000000
9312  -24.120  -81.599  4.793 0.5000000000
117896  -27.905  -84.170  6.600 0.6000000238
8579  -26.770  -82.987  6.503 0.6000000238
8595  -27.604  -82.653  6.191 0.6000000238
9317  -28.639  -82.076  4.278 0.5000000000
8611  -29.482  -82.281  4.224 0.5000000000
134605  -29.855  -82.163  3.360 0.3000000119
124803  -29.044  -81.934  3.380 0.3000000119
2725  -7.087  -90.467  26.562 0.8000000119
3284  -7.040  -89.580  26.950 0.8999999762
2730  -7.358  -90.311  25.224 1.0000000000
139113  -8.095  -89.510  25.983 1.0000000000
3292  -9.077  -89.185  25.971 1.0000000000
3300  -8.305  -89.715  25.286 1.0000000000
3305  -9.065  -89.740  24.401 1.0000000000
3301  -9.450  -89.170  25.104 1.0000000000
3939  -9.630  -88.428  25.862 1.0000000000
3306  -9.557  -89.110  24.161 1.0000000000
4633  -8.169  -88.235  22.722 0.8999999762
3946  -9.560  -88.379  23.898 1.0000000000
4640  -7.047  -87.893  21.454 0.6000000238
3957  -7.849  -88.514  21.902 0.6999999881
7071  -15.773  -84.778  3.687 0.6999999881
7032  -16.330  -83.859  5.283 0.6999999881
132670  -16.882  -83.686  5.693 0.5000000000
6336  -15.483  -85.274  3.208 0.6000000238
8578  -18.023  -83.164  6.480 0.5000000000
8569  -18.874  -82.439  7.476 0.4000000060
7839  -17.832  -83.240  5.037 0.6000000238
135814  -35.650  -85.522  21.518 0.1000000015
7101  -13.615  -85.146  1.065 0.8000000119
5636  -13.869  -86.093  1.629 0.6000000238
8591  -18.243  -82.880  5.810 0.5000000000
128128  -18.642  -82.055  5.676 0.5000000000
10043  -18.653  -80.995  5.458 0.5000000000
11777  -20.624  -78.822  3.635 0.3000000119
138107  -21.907  -78.969  3.426 0.2000000030
118093  -9.687  -84.374  -1.075 0.8999999762
7133  -12.844  -84.163  -0.927 0.8000000119
7117  -13.228  -84.437  -0.076 0.6999999881
10935  -19.833  -79.038  5.396 0.4000000060
140358  -20.853  -78.629  4.189 0.2000000030
124993  -12.542  -83.932  -1.040 0.8000000119
134853  -19.249  -79.585  5.558 0.4000000060
11743  -21.284  -78.744  5.428 0.1000000015
11780  -23.564  -78.910  3.629 0.2000000030
11795  -24.186  -79.123  3.412 0.2000000030
10068  -24.150  -80.127  3.659 0.2000000030
10087  -24.635  -79.635  3.055 0.2000000030
7803  -26.048  -83.075  6.291 0.6000000238
8593  -25.529  -82.759  5.782 0.6000000238
9306  -25.724  -82.084  5.330 0.5000000000
9313  -25.140  -81.463  4.700 0.3000000119
10053  -23.922  -80.745  4.270 0.3000000119
10978  -25.146  -79.128  2.266 0.2000000030
8608  -26.518  -82.103  5.272 0.4000000060
9314  -26.013  -81.571  4.500 0.3000000119
9325  -25.391  -81.021  3.685 0.2000000030
10070  -25.580  -80.571  2.592 0.2000000030
10107  -25.601  -79.404  1.708 0.2000000030
10992  -25.788  -78.609  1.663 0.2000000030
130485  -26.855  -82.446  6.013 0.6000000238
9315  -26.907  -81.802  4.339 0.3000000119
123698  -26.333  -81.305  3.273 0.3000000119
10089  -25.792  -80.113  1.677 0.2000000030
10108  -26.172  -79.245  0.983 0.2000000030
8609  -27.323  -82.159  5.259 0.5000000000
9326  -27.353  -81.632  3.400 0.3000000119
9335  -26.975  -81.322  2.352 0.3000000119
10090  -26.683  -80.521  1.223 0.3000000119
8610  -28.177  -82.248  5.240 0.5000000000
9327  -28.206  -81.790  3.410 0.4000000060
9337  -28.529  -81.622  2.393 0.2000000030
136092  -29.099  -81.526  1.757 0.1000000015
9338  -29.450  -81.822  2.571 0.2000000030
137544  -6.692  -89.238  29.685 0.4000000060
3252  -6.567  -89.219  31.522 0.5000000000
2707  -6.815  -89.724  29.132 0.5000000000
3269  -6.770  -88.912  28.986 0.8000000119
121395  -6.624  -89.281  30.490 0.5000000000
126936  -6.630  -88.668  30.754 0.6000000238
3904  -6.910  -88.898  28.306 0.8000000119
3259  -6.790  -88.617  29.884 0.6000000238
3874  -6.845  -88.118  30.720 0.6999999881
4537  -6.482  -87.919  32.257 0.6000000238
3918  -7.144  -88.960  27.527 1.0000000000
3919  -8.333  -88.748  27.525 1.0000000000
3929  -9.266  -88.623  26.766 1.0000000000
121188  -9.705  -87.885  25.359 1.0000000000
4602  -9.747  -87.868  26.071 1.0000000000
4624  -9.178  -87.872  23.783 0.8999999762
5344  -9.165  -87.384  25.006 1.0000000000
4632  -7.139  -87.898  22.301 0.6999999881
7838  -15.721  -83.778  4.804 0.6999999881
8589  -15.969  -83.266  5.452 0.6000000238
8590  -16.420  -82.764  6.115 0.5000000000
7855  -15.479  -84.244  4.043 0.6999999881
8577  -17.529  -83.067  6.736 0.5000000000
8568  -18.163  -82.743  7.299 0.5000000000
9288  -18.642  -82.242  7.969 0.3000000119
7070  -14.995  -84.742  3.363 0.6000000238
9289  -19.329  -82.047  7.929 0.3000000119
132353  -20.361  -80.969  8.148 0.2000000030
7102  -14.085  -84.515  1.571 0.6999999881
9299  -19.425  -82.100  7.140 0.3000000119
10036  -20.328  -80.688  7.180 0.3000000119
7881  -14.120  -83.644  1.008 0.6000000238
10035  -19.742  -81.184  6.729 0.4000000060
124158  -22.154  -78.668  3.972 0.2000000030
7909  -10.528  -83.819  -0.357 0.8000000119
10904  -19.875  -79.925  6.256 0.4000000060
141663  -21.896  -78.576  4.901 0.1000000015
11779  -22.634  -78.941  3.482 0.2000000030
7910  -11.398  -83.914  -0.519 0.8000000119
8682  -12.598  -82.704  -1.295 0.8000000119
7911  -13.317  -83.589  -0.898 0.6999999881
11744  -22.578  -78.493  4.905 0.1000000015
11762  -23.056  -78.625  4.076 0.2000000030
130237  -21.982  -78.549  5.894 0.1000000015
11730  -23.771  -78.240  5.910 0.1000000015
10109  -27.014  -79.526  0.295 0.2000000030
9316  -27.794  -81.921  4.323 0.4000000060
127682  -27.760  -81.557  2.658 0.4000000060
9336  -27.654  -81.222  1.694 0.3000000119
9349  -27.648  -80.412  0.688 0.1000000015
9350  -28.438  -81.091  1.243 0.1000000015
9351  -29.276  -81.067  0.778 0.1000000015
3888  -7.012  -88.529  29.031 0.8000000119
128732  -7.581  -88.073  30.126 0.6999999881
3905  -7.425  -88.664  28.252 1.0000000000
3906  -8.803  -88.442  28.353 1.0000000000
3891  -9.109  -88.124  28.937 1.0000000000
3920  -9.325  -88.272  27.625 1.0000000000
4594  -9.601  -88.010  26.845 1.0000000000
121151  -9.488  -87.439  26.533 1.0000000000
5333  -9.432  -87.408  25.801 1.0000000000
121766  -6.734  -87.060  23.301 0.6000000238
4623  -8.441  -87.843  23.494 0.8999999762
4611  -8.737  -87.527  24.199 0.8999999762
9286  -17.044  -82.177  7.304 0.5000000000
9287  -17.784  -82.234  7.892 0.4000000060
9274  -18.349  -81.617  8.429 0.3000000119
8604  -15.535  -82.844  4.822 0.6000000238
9275  -19.129  -81.669  8.505 0.3000000119
10020  -20.289  -80.859  9.028 0.1000000015
10030  -20.764  -80.484  8.546 0.1000000015
127574  -14.854  -83.260  3.134 0.6999999881
8618  -15.263  -83.295  3.985 0.6999999881
10868  -21.738  -79.927  9.168 0.1000000015
10888  -22.342  -79.559  8.407 0.1000000015
10905  -20.630  -79.688  6.827 0.2000000030
10886  -20.774  -80.151  7.732 0.2000000030
11715  -21.900  -79.364  7.680 0.1000000015
9367  -8.151  -81.386  -0.340 0.8000000119
8664  -9.712  -82.454  0.019 0.8999999762
8640  -14.322  -82.817  1.610 0.6999999881
9346  -14.446  -81.736  1.996 0.6999999881
10906  -21.262  -79.403  7.322 0.2000000030
11716  -22.587  -78.864  7.467 0.1000000015
8650  -10.772  -82.853  0.432 0.8000000119
8651  -11.276  -82.775  0.260 0.8000000119
7912  -13.653  -83.082  -0.778 0.6000000238
8652  -13.991  -82.759  0.205 0.6999999881
11727  -21.201  -78.982  6.432 0.3000000119
11728  -21.771  -78.700  7.023 0.1000000015
123513  -13.123  -82.378  -1.529 0.6999999881
8666  -13.743  -82.423  -0.930 0.6999999881
136695  -22.454  -78.535  6.639 0.1000000015
125474  -24.272  -78.220  5.043 0.1000000015
125475  -23.415  -78.366  4.974 0.1000000015
9368  -11.734  -82.367  -0.485 0.8000000119
11746  -24.625  -78.191  5.945 0.1000000015
4582  -9.374  -87.630  28.532 1.0000000000
5315  -9.388  -87.167  28.060 1.0000000000
5304  -9.357  -86.906  28.814 1.0000000000
5314  -9.091  -86.605  27.524 1.0000000000
5332  -8.606  -87.015  25.592 1.0000000000
5323  -8.955  -86.850  26.307 1.0000000000
5341  -6.612  -86.441  23.756 0.5000000000
5351  -7.379  -87.379  23.979 0.6000000238
10034  -16.507  -81.201  6.844 0.5000000000
9302  -15.858  -82.282  5.454 0.6000000238
10029  -17.061  -81.282  7.678 0.4000000060
10018  -18.804  -81.029  8.992 0.3000000119
10006  -20.007  -80.481  9.559 0.1000000015
10007  -20.567  -80.220  9.497 0.1000000015
10852  -21.157  -79.711  9.853 0.1000000015
10854  -23.602  -79.620  9.903 0.1000000015
130934  -7.129  -81.639  0.951 0.8000000119
8617  -15.012  -82.453  3.283 0.6000000238
127229  -15.329  -82.175  3.998 0.6000000238
10889  -23.051  -79.081  8.163 0.1000000015
137152  -23.134  -79.408  9.037 0.1000000015
10869  -24.064  -79.109  9.145 0.1000000015
9357  -9.116  -81.381  0.125 0.8999999762
131542  -14.804  -81.895  2.754 0.6000000238
9320  -15.352  -81.157  3.918 0.6000000238
119791  -23.465  -78.601  7.581 0.1000000015
11704  -23.719  -78.856  8.352 0.1000000015
10870  -25.044  -78.902  9.217 0.1000000015
11717  -24.805  -78.375  7.591 0.1000000015
8649  -10.236  -82.121  0.660 0.8000000119
138959  -14.250  -81.913  0.887 0.6999999881
10103  -14.415  -80.224  1.367 0.6000000238
11729  -23.226  -78.455  6.722 0.1000000015
121042  -24.161  -78.271  6.906 0.1000000015
9369  -13.754  -81.581  -1.029 0.6999999881
10136  -14.044  -80.856  -0.375 0.6999999881
11732  -25.779  -78.443  6.565 0.1000000015
125473  -25.146  -78.111  5.059 0.1000000015
131106  -12.674  -81.997  -1.602 0.6999999881
9386  -13.160  -81.541  -1.693 0.6999999881
10156  -13.344  -80.796  -1.481 0.6999999881
11747  -25.896  -78.265  5.643 0.1000000015
5343  -7.986  -87.216  24.845 1.0000000000
5362  -6.564  -86.114  22.834 0.4000000060
5331  -7.522  -86.834  25.431 0.6999999881
9273  -17.621  -81.248  8.190 0.4000000060
10851  -20.347  -79.544  9.858 0.1000000015
10830  -21.045  -78.991  10.287 0.1000000015
10832  -22.386  -79.465  10.716 0.1000000015
10822  -23.906  -79.274  11.319 0.1000000015
11659  -24.499  -78.789  11.863 0.1000000015
10884  -16.660  -80.285  7.336 0.4000000060
10867  -18.402  -79.873  9.077 0.3000000119
10831  -21.662  -79.248  10.604 0.1000000015
10853  -21.982  -79.731  10.028 0.1000000015
10833  -23.214  -79.520  10.705 0.1000000015
10824  -25.839  -79.161  11.532 0.1000000015
10041  -15.795  -81.206  5.369 0.6000000238
10042  -16.053  -80.668  5.991 0.5000000000
9341  -6.865  -80.445  1.847 0.8000000119
10078  -7.172  -79.655  2.030 0.8000000119
10048  -15.555  -80.573  4.617 0.5000000000
10855  -24.412  -79.474  9.929 0.1000000015
10835  -25.478  -79.386  10.758 0.1000000015
10836  -26.368  -79.316  10.824 0.1000000015
11661  -26.292  -78.669  12.050 0.1000000015
10099  -7.400  -79.992  1.329 0.8000000119
10856  -25.115  -79.353  10.069 0.1000000015
10857  -25.954  -79.083  9.825 0.1000000015
137102  -27.865  -78.842  11.455 0.1000000015
10100  -8.263  -80.015  1.273 0.8000000119
127230  -25.863  -78.703  8.895 0.1000000015
10062  -15.093  -80.756  3.182 0.5000000000
128004  -14.512  -80.769  2.034 0.6000000238
11719  -26.381  -78.655  7.246 0.1000000015
10890  -27.023  -78.919  7.958 0.1000000015
8639  -11.117  -82.253  1.073 0.8000000119
9358  -11.450  -82.000  0.627 0.8000000119
130211  -11.686  -81.274  -0.468 0.8000000119
11720  -27.224  -78.833  7.046 0.1000000015
123404  -13.841  -80.218  -0.657 0.6000000238
10907  -28.028  -79.080  6.828 0.1000000015
11733  -26.571  -78.577  6.332 0.1000000015
11749  -27.758  -78.752  5.415 0.1000000015
10155  -12.823  -80.763  -1.605 0.8000000119
10892  -28.829  -79.345  7.462 0.1000000015
10921  -28.752  -79.202  6.501 0.1000000015
6718  -6.488  -84.391  34.075 0.4000000060
7490  -6.532  -83.675  33.346 0.5000000000
119455  -6.585  -82.879  32.648 0.6999999881
6731  -6.481  -84.626  33.224 0.6000000238
138004  -6.558  -84.216  32.768 0.6999999881
7503  -6.659  -83.829  32.194 0.8000000119
5303  -9.093  -86.359  28.254 1.0000000000
6051  -8.299  -86.270  26.930 1.0000000000
5322  -7.877  -86.553  26.135 1.0000000000
6071  -6.432  -85.434  24.265 0.5000000000
5342  -6.890  -86.794  24.724 0.6000000238
11689  -20.434  -78.640  10.047 0.1000000015
11673  -21.619  -78.611  10.888 0.1000000015
137455  -22.949  -78.566  11.418 0.1000000015
11648  -24.278  -78.292  11.907 0.1000000015
133094  -17.194  -80.339  8.026 0.4000000060
11701  -17.606  -79.327  8.321 0.4000000060
11703  -19.160  -78.262  9.397 0.1000000015
11650  -25.835  -78.097  12.462 0.1000000015
140507  -16.523  -79.509  6.979 0.4000000060
11713  -17.235  -78.498  7.564 0.4000000060
10967  -7.851  -79.510  1.870 0.8000000119
141421  -15.759  -80.336  5.345 0.5000000000
10079  -8.874  -79.722  2.111 0.8999999762
10063  -15.298  -80.220  3.765 0.5000000000
133132  -27.315  -79.251  11.126 0.1000000015
10101  -9.502  -80.526  1.684 0.8999999762
10081  -10.976  -80.532  2.683 0.8000000119
10951  -15.043  -79.874  2.923 0.5000000000
10871  -26.782  -78.988  9.021 0.1000000015
136455  -28.544  -79.415  10.417 0.1000000015
9344  -10.956  -81.671  1.539 0.8000000119
10102  -11.368  -80.692  1.735 0.8000000119
10083  -14.573  -79.872  2.146 0.5000000000
10858  -27.859  -79.440  9.626 0.1000000015
10859  -28.907  -79.571  9.581 0.1000000015
9345  -11.250  -81.558  1.406 0.8000000119
122827  -11.531  -80.388  -0.120 0.8000000119
10988  -14.525  -79.497  1.410 0.5000000000
10891  -27.922  -79.109  7.730 0.1000000015
10873  -28.665  -79.460  8.504 0.1000000015
11034  -11.827  -80.203  -0.773 0.8000000119
11036  -13.408  -79.356  -1.058 0.6999999881
10893  -29.361  -79.547  8.168 0.1000000015
11824  -12.784  -79.243  -1.035 0.8000000119
136023  -29.604  -79.551  7.656 0.1000000015
10908  -29.513  -79.437  6.929 0.1000000015
10877  -31.975  -78.859  8.502 0.1000000015
119190  -30.248  -79.637  7.462 0.1000000015
12468  -32.101  -77.345  8.213 0.1000000015
7467  -6.876  -83.369  34.421 0.4000000060
6703  -6.940  -84.117  35.033 0.4000000060
7478  -6.676  -83.161  33.897 0.6000000238
119436  -6.662  -82.807  33.383 0.6999999881
130898  -6.726  -83.030  31.873 0.8000000119
130158  -7.822  -84.101  30.812 0.8999999762
8276  -7.222  -82.735  31.275 0.8000000119
7504  -7.181  -83.620  31.320 0.8999999762
133379  -8.650  -84.852  30.014 1.0000000000
6759  -8.551  -84.074  30.122 1.0000000000
6020  -8.805  -85.355  29.549 1.0000000000
140257  -8.768  -85.655  28.310 1.0000000000
6041  -8.506  -85.893  27.694 1.0000000000
6062  -6.780  -86.081  25.575 0.8000000119
6050  -7.133  -85.825  26.559 1.0000000000
12446  -21.214  -77.701  9.806 0.1000000015
138475  -21.356  -78.075  10.595 0.1000000015
12432  -21.992  -78.054  11.140 0.1000000015
11702  -18.363  -78.581  8.870 0.2000000030
141203  -18.833  -77.738  8.845 0.2000000030
12444  -19.898  -77.979  9.751 0.1000000015
12467  -19.021  -77.115  8.389 0.2000000030
12456  -19.463  -77.362  9.129 0.2000000030
12457  -20.314  -77.257  9.319 0.1000000015
128690  -7.698  -79.277  2.438 0.8000000119
134717  -15.919  -78.707  5.837 0.5000000000
131876  -16.223  -79.108  6.410 0.4000000060
11651  -26.829  -77.993  12.279 0.1000000015
10969  -9.700  -79.590  3.116 0.8999999762
10918  -15.645  -79.693  4.953 0.5000000000
10826  -28.213  -79.175  11.026 0.1000000015
10932  -15.554  -79.045  4.464 0.5000000000
12495  -15.843  -77.684  4.393 0.4000000060
134110  -29.305  -79.221  10.414 0.1000000015
12435  -29.372  -77.738  10.956 0.1000000015
10060  -10.823  -80.007  3.331 0.8999999762
10972  -14.999  -79.019  2.772 0.5000000000
11776  -15.529  -78.346  3.971 0.5000000000
10838  -29.903  -78.871  10.201 0.1000000015
11002  -11.609  -79.997  0.942 0.8000000119
11805  -14.923  -78.032  1.582 0.5000000000
10874  -29.585  -79.590  8.911 0.1000000015
127385  -14.392  -79.100  0.122 0.5000000000
11804  -14.761  -78.776  0.856 0.5000000000
10861  -30.461  -79.074  9.646 0.1000000015
11823  -12.294  -78.725  -0.497 0.8000000119
11815  -14.650  -78.322  0.193 0.5000000000
11708  -31.418  -78.760  9.099 0.1000000015
12539  -14.348  -78.053  -0.268 0.6000000238
12459  -31.719  -77.681  8.839 0.1000000015
13189  -31.515  -76.600  7.698 0.1000000015
13917  -30.243  -75.711  5.821 0.1000000015
8253  -7.083  -82.057  33.860 0.4000000060
8275  -6.676  -82.129  32.054 0.6999999881
8984  -6.979  -81.781  33.356 0.5000000000
7519  -7.974  -83.363  30.639 1.0000000000
7520  -8.822  -83.234  29.856 1.0000000000
6031  -8.809  -85.094  28.739 1.0000000000
6040  -7.597  -85.438  27.280 1.0000000000
6797  -6.754  -84.980  26.910 0.8999999762
6049  -6.518  -85.102  26.059 0.8000000119
13161  -22.063  -77.392  9.473 0.1000000015
12466  -18.522  -76.978  7.669 0.3000000119
10946  -7.990  -78.938  3.310 0.8999999762
12477  -17.295  -77.148  6.548 0.4000000060
12465  -17.687  -77.520  7.448 0.3000000119
13181  -18.964  -76.497  7.064 0.3000000119
13168  -19.772  -76.621  8.457 0.2000000030
10947  -9.154  -78.899  3.671 0.8999999762
11725  -16.333  -78.159  6.230 0.4000000060
12485  -16.901  -76.995  5.781 0.4000000060
11759  -16.487  -77.227  4.896 0.4000000060
124253  -17.340  -76.629  4.969 0.4000000060
12436  -29.928  -78.247  10.364 0.1000000015
10061  -11.261  -80.027  3.081 0.8000000119
10970  -11.484  -79.854  2.329 0.8000000119
12504  -16.121  -77.006  3.818 0.4000000060
13173  -29.312  -76.296  8.715 0.1000000015
13898  -28.278  -74.970  7.645 0.1000000015
11814  -11.230  -78.863  0.362 0.8000000119
12503  -15.555  -77.490  3.449 0.5000000000
12450  -30.635  -77.922  9.849 0.1000000015
13165  -30.103  -77.097  9.411 0.1000000015
13906  -28.764  -75.323  7.239 0.1000000015
11019  -11.513  -79.535  -0.203 0.8000000119
12519  -15.399  -77.139  1.321 0.5000000000
138057  -15.637  -76.960  1.998 0.4000000060
12451  -31.348  -78.090  9.350 0.1000000015
13174  -30.352  -76.588  8.681 0.1000000015
13187  -29.451  -75.920  7.900 0.1000000015
119203  -13.019  -78.534  -0.790 0.6999999881
13175  -31.296  -76.911  8.509 0.1000000015
138794  -29.533  -75.700  6.995 0.1000000015
140633  -29.609  -75.572  6.230 0.1000000015
13271  -14.876  -76.886  0.180 0.5000000000
13923  -29.255  -75.333  5.498 0.1000000015
126773  -29.893  -75.484  4.941 0.1000000015
14685  -29.430  -74.621  4.477 0.1000000015
9005  -6.896  -81.238  31.828 0.8000000119
9004  -6.798  -81.351  32.437 0.5000000000
9728  -7.021  -80.865  32.579 0.5000000000
8290  -8.168  -82.321  30.487 1.0000000000
141849  -8.940  -83.757  29.528 1.0000000000
7532  -9.232  -83.362  28.988 1.0000000000
121419  -8.728  -84.082  28.443 1.0000000000
8291  -9.132  -82.383  29.405 1.0000000000
6789  -8.209  -85.054  27.988 1.0000000000
7533  -9.286  -82.441  28.590 1.0000000000
7546  -8.422  -83.343  27.977 1.0000000000
121502  -6.856  -83.975  27.620 0.8999999762
6788  -7.129  -84.623  27.518 1.0000000000
10917  -7.382  -79.360  5.559 0.8000000119
122911  -7.986  -78.699  5.906 1.0000000000
13170  -22.190  -77.000  8.497 0.2000000030
119720  -23.003  -76.991  9.078 0.1000000015
123599  -7.829  -78.749  5.042 0.8000000119
13198  -20.257  -75.815  6.817 0.2000000030
120524  -19.763  -76.131  7.470 0.2000000030
117719  -20.537  -76.685  8.531 0.2000000030
11773  -10.388  -78.545  4.487 0.8999999762
123193  -18.656  -76.334  6.015 0.4000000060
10948  -10.574  -79.324  3.948 0.8999999762
13207  -18.723  -76.084  4.945 0.4000000060
135316  -18.078  -76.328  5.284 0.4000000060
10949  -11.247  -79.464  3.689 0.8999999762
11788  -11.496  -78.930  2.657 0.8999999762
11787  -10.830  -78.171  1.762 0.8000000119
120182  -17.541  -76.503  4.088 0.4000000060
13229  -17.368  -76.543  3.421 0.4000000060
12512  -15.904  -76.885  2.687 0.4000000060
12528  -11.406  -78.278  0.466 0.8000000119
13243  -17.550  -76.332  2.564 0.4000000060
13916  -28.798  -75.134  6.250 0.1000000015
15461  -29.025  -73.801  6.098 0.1000000015
12537  -12.622  -78.035  -0.312 0.8000000119
12520  -15.906  -76.425  1.669 0.5000000000
14673  -28.713  -74.462  5.705 0.1000000015
12538  -13.527  -77.899  -0.469 0.6999999881
12531  -15.180  -77.001  0.545 0.5000000000
13922  -28.879  -74.952  5.397 0.1000000015
131948  -6.946  -80.780  32.157 0.8000000119
9015  -7.636  -81.226  30.958 0.8999999762
9730  -7.826  -80.164  32.730 0.5000000000
9740  -7.316  -80.227  32.037 0.6000000238
10556  -7.748  -79.830  32.174 0.5000000000
9016  -8.703  -81.337  29.813 1.0000000000
9031  -9.249  -81.509  28.804 1.0000000000
8321  -8.973  -82.488  27.987 0.8999999762
13897  -23.731  -75.701  8.387 0.1000000015
131400  -8.077  -78.984  6.825 1.0000000000
11724  -8.460  -78.391  6.443 1.0000000000
13185  -22.210  -76.053  7.140 0.1000000015
13171  -23.033  -76.504  8.344 0.1000000015
13199  -20.968  -75.978  7.115 0.1000000015
13183  -20.390  -76.241  7.845 0.2000000030
11772  -8.807  -78.471  4.469 0.8999999762
13209  -20.293  -75.767  5.785 0.3000000119
13912  -20.861  -75.702  6.361 0.1000000015
13217  -20.254  -75.934  3.777 0.3000000119
11774  -11.180  -78.727  4.197 0.8999999762
11757  -11.319  -78.101  4.050 0.8000000119
120769  -18.845  -76.423  3.953 0.4000000060
12509  -10.399  -77.511  1.992 0.8000000119
12527  -11.187  -77.735  0.964 0.8000000119
13230  -18.137  -76.413  3.407 0.4000000060
13244  -18.566  -76.119  2.451 0.3000000119
12529  -12.041  -77.734  0.334 0.8000000119
13270  -13.511  -76.585  0.289 0.6000000238
135663  -17.165  -76.001  2.033 0.3000000119
13256  -16.477  -75.880  1.727 0.4000000060
14679  -28.959  -74.583  5.039 0.1000000015
128882  -8.144  -80.344  30.469 0.8999999762
130609  -7.264  -80.485  31.598 0.8999999762
9749  -7.700  -79.700  31.233 0.8999999762
11453  -8.165  -79.008  31.985 0.6999999881
11454  -8.759  -78.534  32.360 0.6999999881
119703  -9.122  -80.848  28.234 0.8999999762
11711  -8.079  -79.159  7.843 0.8000000119
13186  -23.065  -76.044  7.679 0.1000000015
13905  -23.585  -75.334  7.555 0.1000000015
11740  -8.423  -78.239  5.340 0.8999999762
12482  -9.273  -77.785  5.652 0.8999999762
13913  -21.695  -75.628  6.325 0.1000000015
13904  -23.079  -75.631  7.100 0.1000000015
12491  -9.030  -77.991  5.138 0.8999999762
125351  -10.312  -77.554  5.326 0.8999999762
12492  -11.124  -77.317  4.975 0.8999999762
13919  -21.215  -75.590  5.540 0.1000000015
13920  -22.218  -75.363  5.271 0.1000000015
11755  -10.326  -77.902  4.967 0.8999999762
12493  -11.026  -77.445  4.317 0.8999999762
12494  -10.886  -77.547  3.591 0.8000000119
13926  -20.719  -75.742  4.738 0.3000000119
123641  -10.167  -76.921  1.784 0.8000000119
13246  -20.176  -76.039  2.604 0.2000000030
13255  -11.163  -76.702  1.310 0.8000000119
13949  -20.059  -75.792  2.157 0.2000000030
13983  -12.925  -76.151  0.872 0.6999999881
140644  -18.616  -75.799  2.136 0.3000000119
13984  -13.882  -75.901  0.654 0.6000000238
13965  -15.823  -75.755  1.024 0.5000000000
13967  -17.073  -75.383  1.838 0.3000000119
13272  -15.189  -76.214  0.490 0.5000000000
13966  -16.274  -75.327  1.574 0.4000000060
127564  -15.220  -75.265  0.644 0.5000000000
120195  -9.071  -80.341  28.970 0.8000000119
10570  -7.859  -79.469  31.629 0.8000000119
11464  -8.485  -78.214  31.831 0.8000000119
12233  -8.687  -77.417  31.533 0.8000000119
135850  -8.993  -77.081  32.010 0.8000000119
10829  -8.907  -79.174  11.108 0.8999999762
11687  -9.730  -78.697  10.198 0.8999999762
11686  -8.725  -79.202  9.981 0.8999999762
11699  -9.077  -78.800  9.117 1.0000000000
12454  -10.651  -77.717  8.852 1.0000000000
120500  -8.605  -78.787  8.222 0.8999999762
12453  -9.418  -78.199  8.222 1.0000000000
12463  -10.371  -77.419  7.675 1.0000000000
13915  -23.473  -75.046  6.810 0.1000000015
14658  -24.003  -74.669  8.114 0.1000000015
12474  -9.031  -77.872  6.275 1.0000000000
123856  -10.967  -76.974  5.604 1.0000000000
14678  -23.678  -74.492  5.323 0.1000000015
140561  -23.320  -74.816  6.068 0.1000000015
13206  -10.931  -76.300  5.334 0.8999999762
138136  -22.884  -75.119  4.557 0.2000000030
130038  -11.408  -76.416  5.929 1.0000000000
13214  -10.401  -76.789  4.280 0.8999999762
13946  -9.783  -75.595  2.485 0.8999999762
13938  -21.688  -75.815  3.245 0.2000000030
13233  -21.853  -76.241  2.085 0.2000000030
13961  -11.127  -76.017  1.583 0.8000000119
13962  -12.304  -75.721  1.425 0.8000000119
13950  -21.058  -76.096  1.873 0.2000000030
13970  -20.665  -75.624  1.770 0.2000000030
13963  -13.335  -75.458  1.228 0.6000000238
13969  -19.703  -75.405  2.021 0.2000000030
125337  -18.469  -74.734  1.903 0.3000000119
134050  -14.645  -75.742  0.490 0.6000000238
14715  -16.459  -74.825  1.745 0.4000000060
137236  -17.190  -74.731  1.887 0.3000000119
9750  -8.371  -79.468  29.929 0.8999999762
10580  -8.015  -78.891  30.746 0.8999999762
141892  -9.132  -79.985  28.126 0.8000000119
11475  -8.223  -78.226  30.674 0.8000000119
135952  -8.334  -78.052  31.238 0.8000000119
122451  -8.655  -76.823  30.879 0.8999999762
12953  -9.513  -76.142  31.533 0.6999999881
13696  -10.586  -75.606  31.294 0.8000000119
12243  -8.378  -77.499  30.500 0.8999999762
12964  -8.979  -76.115  31.042 0.8000000119
13704  -11.193  -75.009  30.900 0.5000000000
14417  -12.350  -74.156  30.140 0.5000000000
14428  -13.095  -73.999  29.787 0.5000000000
11671  -10.138  -78.308  11.044 1.0000000000
12443  -10.993  -77.494  10.213 1.0000000000
11700  -10.075  -78.326  9.444 1.0000000000
13167  -11.664  -76.261  8.929 1.0000000000
12464  -11.398  -76.940  8.338 1.0000000000
15444  -24.055  -73.935  7.427 0.1000000015
15432  -24.075  -73.611  8.335 0.1000000015
12475  -10.181  -77.205  6.474 1.0000000000
15459  -23.814  -74.172  6.362 0.1000000015
15445  -24.268  -73.282  6.813 0.1000000015
16322  -24.107  -72.982  7.761 0.1000000015
16323  -24.566  -72.500  7.272 0.1000000015
13909  -10.118  -75.379  5.264 0.8999999762
13935  -9.307  -75.149  4.020 0.8999999762
13929  -23.215  -75.346  3.609 0.2000000030
13947  -10.544  -75.369  2.019 0.8000000119
13939  -22.565  -75.881  2.707 0.2000000030
14710  -11.673  -75.218  1.869 0.8000000119
14711  -12.692  -75.004  1.764 0.6999999881
118890  -22.788  -76.056  1.585 0.2000000030
14712  -13.684  -74.786  1.585 0.6000000238
14703  -14.905  -74.168  1.738 0.6000000238
125059  -22.025  -75.984  1.427 0.2000000030
14720  -22.039  -75.538  1.161 0.2000000030
14721  -22.771  -75.114  0.724 0.2000000030
15521  -24.280  -74.391  0.943 0.2000000030
13964  -14.375  -75.035  0.815 0.6000000238
14704  -15.668  -74.182  1.848 0.4000000060
14719  -21.121  -75.269  1.448 0.2000000030
129545  -21.734  -74.761  1.161 0.2000000030
15520  -23.440  -74.257  0.785 0.2000000030
16389  -24.012  -72.806  1.840 0.2000000030
14713  -15.216  -74.452  1.012 0.6000000238
14716  -17.804  -74.370  1.936 0.3000000119
15519  -20.517  -74.221  1.680 0.2000000030
123591  -22.421  -74.148  0.965 0.2000000030
17297  -24.824  -72.008  2.502 0.2000000030
124931  -21.501  -73.709  1.416 0.2000000030
16387  -21.512  -72.656  1.900 0.2000000030
16388  -23.047  -72.438  2.107 0.2000000030
9785  -8.833  -79.363  27.924 0.8000000119
9764  -8.910  -79.232  28.515 0.8999999762
124184  -8.447  -78.804  29.566 0.8999999762
11491  -8.360  -77.849  29.600 0.8999999762
12259  -8.348  -77.264  29.287 0.8999999762
12992  -8.331  -76.600  29.075 0.8999999762
12979  -8.659  -76.320  30.153 0.8999999762
138274  -9.502  -75.638  31.009 0.6999999881
13703  -10.397  -74.989  30.894 0.6000000238
14415  -10.706  -74.529  30.436 0.6000000238
14416  -11.480  -74.294  30.357 0.6000000238
15192  -11.772  -73.601  29.958 0.5000000000
141960  -12.476  -73.630  29.779 0.5000000000
16036  -13.256  -72.878  28.986 0.5000000000
16054  -14.871  -72.501  28.605 0.5000000000
10819  -9.055  -79.110  12.019 0.8999999762
13149  -10.848  -77.107  10.427 1.0000000000
13159  -11.163  -76.414  9.788 1.0000000000
14663  -10.900  -74.181  7.269 1.0000000000
13180  -11.980  -75.578  7.971 1.0000000000
15460  -24.313  -73.398  5.776 0.2000000030
13910  -11.177  -75.471  5.931 1.0000000000
122293  -23.615  -74.864  4.423 0.2000000030
15472  -24.112  -74.010  5.279 0.2000000030
135637  -9.474  -74.813  4.781 0.8999999762
14699  -10.244  -74.842  2.644 0.8999999762
15473  -24.807  -73.750  4.774 0.2000000030
15474  -25.101  -73.029  5.312 0.2000000030
14700  -11.251  -74.707  2.334 0.8000000119
13940  -23.562  -75.639  2.406 0.2000000030
14683  -24.221  -75.167  3.367 0.2000000030
15488  -25.217  -74.000  3.689 0.2000000030
15506  -11.962  -74.214  2.596 0.6999999881
13952  -24.523  -74.951  1.374 0.2000000030
14693  -25.004  -74.727  3.026 0.2000000030
15507  -13.530  -74.091  2.810 0.6000000238
13972  -22.879  -75.675  0.940 0.2000000030
15510  -25.230  -73.905  1.795 0.2000000030
15508  -14.498  -73.928  2.582 0.6000000238
16407  -24.857  -73.785  1.416 0.2000000030
121660  -16.040  -73.684  2.279 0.5000000000
15516  -16.728  -74.080  2.069 0.4000000060
15517  -17.747  -73.725  2.083 0.4000000060
126807  -18.658  -73.979  1.913 0.2000000030
17278  -24.445  -71.313  2.897 0.2000000030
18222  -25.253  -71.257  2.926 0.2000000030
139978  -19.468  -73.801  2.006 0.2000000030
16403  -20.745  -73.256  1.891 0.2000000030
17295  -22.839  -71.964  2.978 0.2000000030
19131  -25.313  -69.755  3.541 0.2000000030
19123  -25.594  -68.843  3.482 0.2000000030
16401  -18.892  -73.130  2.143 0.3000000119
18207  -24.359  -70.040  3.874 0.2000000030
19122  -24.677  -69.219  3.966 0.2000000030
19971  -25.059  -68.274  3.942 0.2000000030
17294  -21.194  -71.862  2.654 0.3000000119
134550  -22.538  -71.361  3.675 0.2000000030
17258  -23.082  -70.883  3.993 0.2000000030
18206  -23.543  -70.344  4.353 0.2000000030
19970  -24.164  -68.746  4.553 0.2000000030
128127  -24.321  -67.746  4.578 0.2000000030
10616  -8.760  -78.537  27.960 0.8000000119
10599  -8.678  -78.380  28.833 0.8999999762
9784  -7.895  -79.724  27.846 0.8000000119
11515  -8.418  -77.995  27.778 0.8000000119
12272  -8.290  -77.279  28.270 0.8999999762
13716  -9.142  -75.547  30.250 0.6999999881
140290  -9.947  -74.702  29.981 0.6999999881
14414  -10.331  -74.299  30.004 0.6000000238
15191  -10.985  -73.826  29.996 0.6000000238
15199  -11.303  -73.116  29.561 0.5000000000
16052  -12.427  -72.382  28.771 0.5000000000
137435  -13.156  -72.257  28.474 0.5000000000
16927  -14.516  -71.884  28.124 0.5000000000
12403  -8.923  -77.725  12.895 0.8999999762
12413  -9.660  -77.844  12.063 1.0000000000
13130  -8.722  -77.252  11.602 1.0000000000
10815  -8.994  -79.096  12.769 0.8000000119
12430  -10.105  -77.868  11.493 0.8999999762
129274  -9.246  -77.008  10.888 1.0000000000
13158  -10.161  -76.562  10.291 1.0000000000
127406  -9.353  -75.982  9.539 1.0000000000
13886  -10.548  -75.726  9.352 1.0000000000
13894  -9.991  -74.893  8.614 1.0000000000
13160  -11.361  -75.734  9.043 1.0000000000
13895  -11.176  -74.996  8.603 1.0000000000
14664  -11.563  -74.621  7.875 1.0000000000
14657  -10.567  -74.216  7.977 1.0000000000
15442  -9.451  -72.413  7.645 1.0000000000
13911  -11.856  -75.081  6.802 1.0000000000
14671  -10.877  -74.437  6.467 1.0000000000
15471  -9.855  -73.368  5.406 1.0000000000
16337  -10.023  -72.698  5.617 1.0000000000
14682  -9.430  -74.332  4.373 0.8999999762
16351  -10.532  -72.997  4.890 1.0000000000
16338  -10.853  -72.572  5.452 1.0000000000
125910  -10.744  -73.701  3.562 0.8999999762
15486  -10.527  -73.325  4.278 0.8999999762
16352  -11.115  -72.757  4.655 0.8999999762
15496  -11.843  -73.636  3.280 0.8000000119
15487  -11.366  -73.035  3.929 0.8999999762
123659  -11.875  -72.490  4.476 0.8999999762
16372  -25.699  -72.607  3.092 0.2000000030
15497  -12.979  -73.625  3.459 0.6999999881
15522  -25.141  -73.361  1.985 0.2000000030
16392  -25.859  -72.024  3.190 0.2000000030
15498  -14.032  -73.602  3.446 0.6999999881
15500  -15.815  -72.984  2.666 0.5000000000
16390  -24.876  -72.934  2.022 0.2000000030
17279  -26.488  -71.420  3.452 0.2000000030
137117  -27.224  -70.169  3.635 0.2000000030
133802  -16.519  -73.258  2.356 0.4000000060
16385  -18.426  -72.598  2.512 0.3000000119
17290  -17.340  -71.643  3.020 0.3000000119
18223  -25.863  -71.234  3.144 0.2000000030
18217  -25.892  -70.386  3.233 0.2000000030
15509  -17.273  -73.175  2.313 0.4000000060
17292  -19.071  -72.358  2.597 0.3000000119
17273  -19.347  -71.379  3.070 0.3000000119
135481  -26.020  -68.479  3.118 0.2000000030
16402  -19.838  -73.111  2.231 0.3000000119
17276  -21.872  -71.654  3.213 0.3000000119
19979  -26.092  -67.922  3.199 0.2000000030
20829  -26.042  -67.386  3.340 0.2000000030
136861  -22.426  -70.935  4.283 0.3000000119
18205  -22.807  -70.553  4.749 0.3000000119
18190  -23.269  -70.047  5.128 0.2000000030
20828  -25.482  -67.503  3.808 0.2000000030
10626  -8.349  -78.709  27.710 0.8000000119
10615  -6.727  -79.267  28.401 0.8999999762
12271  -7.916  -77.348  27.737 0.8000000119
130874  -12.233  -73.036  29.409 0.5000000000
16942  -14.169  -71.304  27.577 0.6000000238
16928  -15.411  -71.856  28.378 0.4000000060
16943  -15.082  -71.267  27.801 0.5000000000
11645  -8.934  -77.958  13.491 0.8999999762
10808  -9.047  -78.983  13.466 0.8000000119
12411  -7.960  -77.160  12.215 1.0000000000
13157  -8.663  -76.395  9.942 1.0000000000
14656  -9.411  -74.175  8.273 1.0000000000
15430  -9.070  -72.682  8.356 1.0000000000
15457  -9.678  -72.784  6.102 1.0000000000
130879  -9.617  -72.703  6.869 1.0000000000
16321  -9.602  -71.978  6.816 1.0000000000
135234  -9.804  -72.107  6.221 0.8999999762
17240  -10.457  -71.992  6.205 0.8999999762
16339  -11.567  -72.246  5.126 1.0000000000
16367  -12.364  -73.001  3.940 0.6999999881
16354  -13.968  -72.262  4.577 0.6999999881
16368  -13.462  -73.032  4.083 0.6999999881
16370  -15.333  -72.543  3.506 0.6000000238
135555  -15.625  -71.607  3.636 0.6000000238
139332  -15.920  -72.131  2.999 0.4000000060
16371  -16.404  -71.510  3.198 0.5000000000
120422  -26.131  -67.152  3.796 0.2000000030
17274  -20.108  -70.853  3.508 0.3000000119
17256  -20.737  -70.920  4.123 0.3000000119
18204  -22.104  -70.829  4.916 0.3000000119
18189  -22.512  -70.295  5.615 0.3000000119
12270  -6.648  -77.813  28.223 0.8999999762
119517  -6.649  -77.095  28.057 0.8999999762
131522  -8.154  -76.707  27.903 0.8000000119
131848  -8.631  -75.918  29.321 0.8999999762
13717  -9.516  -74.934  29.823 0.8000000119
14427  -9.775  -74.429  29.535 0.8000000119
15197  -10.054  -73.779  29.258 0.6999999881
15198  -10.674  -73.447  29.463 0.6000000238
12991  -8.258  -76.213  28.301 0.8999999762
14426  -8.951  -75.185  29.329 1.0000000000
14448  -8.771  -74.694  28.488 0.8999999762
14449  -9.402  -74.145  28.896 0.8999999762
16034  -10.953  -72.761  29.014 0.6000000238
16051  -11.803  -72.060  28.424 0.6000000238
16050  -10.792  -72.500  28.356 0.6999999881
16925  -12.628  -71.796  28.076 0.6000000238
16926  -13.592  -71.819  28.028 0.6000000238
16073  -11.277  -71.970  27.998 0.6999999881
16924  -11.959  -71.728  27.856 0.6999999881
16941  -13.238  -71.263  27.511 0.6000000238
17858  -13.864  -70.766  27.030 0.6000000238
17857  -13.020  -70.859  26.911 0.6000000238
17879  -13.636  -70.390  26.328 0.6000000238
17859  -14.753  -70.704  27.202 0.5000000000
17880  -14.452  -70.212  26.581 0.6000000238
17881  -15.291  -70.032  26.852 0.5000000000
18816  -15.013  -69.718  26.078 0.6000000238
12398  -8.198  -77.330  13.868 0.8999999762
13113  -7.168  -76.771  12.607 1.0000000000
12394  -8.384  -77.507  14.607 0.8000000119
13100  -7.740  -76.819  14.410 0.8000000119
130570  -7.478  -76.689  11.226 1.0000000000
13147  -7.979  -76.681  10.511 1.0000000000
13107  -7.322  -76.781  13.460 0.8999999762
13112  -6.613  -76.199  12.173 1.0000000000
13156  -7.710  -76.082  9.764 1.0000000000
13128  -6.782  -76.151  11.280 1.0000000000
13146  -7.079  -76.067  10.302 1.0000000000
13893  -8.727  -74.899  8.638 1.0000000000
14655  -8.386  -74.087  8.547 1.0000000000
14654  -7.524  -73.876  8.844 1.0000000000
120714  -9.576  -71.534  7.632 1.0000000000
17212  -9.894  -70.946  7.577 0.8999999762
18166  -11.679  -70.746  7.151 0.8999999762
17227  -10.644  -71.163  6.927 0.8999999762
134440  -9.927  -71.413  6.791 0.8999999762
18181  -12.240  -71.065  6.321 0.8000000119
121381  -11.910  -71.668  5.628 1.0000000000
17242  -12.716  -71.278  5.581 0.8000000119
17243  -13.593  -70.779  5.446 0.6000000238
17253  -14.320  -71.127  4.767 0.6999999881
18197  -14.928  -70.318  4.749 0.6000000238
124159  -15.245  -70.946  4.262 0.6000000238
17254  -16.128  -70.641  3.811 0.5000000000
18198  -15.721  -70.168  4.657 0.5000000000
17270  -17.031  -70.922  3.531 0.4000000060
130829  -17.644  -70.474  4.029 0.4000000060
18215  -19.305  -70.492  3.653 0.3000000119
20821  -26.524  -67.079  4.415 0.1000000015
18203  -19.993  -70.432  4.214 0.3000000119
132055  -20.567  -70.776  4.936 0.3000000119
12990  -6.385  -76.411  27.793 1.0000000000
132360  -8.443  -75.533  28.439 1.0000000000
11503  -6.069  -78.708  28.543 0.8999999762
12269  -5.897  -77.778  28.228 0.8999999762
14447  -7.876  -75.071  27.724 1.0000000000
11514  -5.744  -78.596  28.120 0.8999999762
15216  -9.706  -73.540  28.434 0.6999999881
15217  -10.381  -73.074  28.785 0.6999999881
16939  -11.763  -71.592  27.295 0.8000000119
16962  -12.233  -71.072  26.716 0.6999999881
17878  -12.770  -70.645  25.902 0.8000000119
17893  -13.414  -70.029  25.441 0.6999999881
18831  -14.193  -69.840  25.833 0.6000000238
132158  -7.828  -76.833  16.812 0.6000000238
12391  -8.279  -77.348  15.280 0.8000000119
13845  -7.369  -76.122  14.842 0.8000000119
13099  -6.828  -76.291  13.978 0.8999999762
13106  -6.628  -76.306  13.078 1.0000000000
13871  -6.287  -75.363  11.680 1.0000000000
13145  -6.599  -75.528  10.786 1.0000000000
13884  -7.265  -75.456  9.393 1.0000000000
15429  -8.293  -73.101  8.743 1.0000000000
18165  -10.956  -70.659  7.676 1.0000000000
124524  -13.084  -70.600  6.180 0.6000000238
17244  -14.377  -70.117  5.291 0.6000000238
18183  -15.300  -69.826  5.423 0.6000000238
18199  -16.576  -70.070  4.624 0.5000000000
18200  -17.379  -70.003  4.652 0.5000000000
139475  -18.571  -70.040  5.156 0.4000000060
17255  -16.912  -70.340  4.046 0.5000000000
18214  -18.458  -70.439  3.880 0.3000000119
18202  -19.152  -70.174  4.591 0.3000000119
140267  -21.061  -70.711  5.518 0.3000000119
12989  -5.915  -76.814  27.956 0.8999999762
13734  -7.385  -75.909  27.678 0.8999999762
15215  -8.974  -73.947  28.106 0.8999999762
12281  -5.597  -77.256  27.631 0.8999999762
15237  -9.256  -73.411  27.705 0.8999999762
16049  -9.949  -72.814  27.714 0.8000000119
16072  -10.637  -72.238  27.697 0.8000000119
16960  -10.418  -71.727  26.178 0.8999999762
16961  -11.351  -71.394  26.268 0.8000000119
17877  -11.950  -70.944  25.836 0.8000000119
17891  -11.135  -70.772  25.189 0.8000000119
17892  -12.041  -70.459  25.116 0.8000000119
122478  -13.953  -69.554  24.904 0.6999999881
131534  -7.826  -76.171  17.069 0.5000000000
13089  -8.085  -76.392  16.249 0.5000000000
124304  -7.899  -75.982  15.618 0.8000000119
13850  -6.300  -75.626  13.610 1.0000000000
14644  -6.592  -74.414  10.053 1.0000000000
15419  -7.598  -73.219  9.123 1.0000000000
17199  -9.544  -71.051  8.320 1.0000000000
16307  -9.229  -71.810  8.385 1.0000000000
18152  -10.478  -70.552  7.987 1.0000000000
18167  -12.645  -70.428  6.989 0.8999999762
18139  -11.222  -70.256  8.340 1.0000000000
19109  -14.160  -69.613  6.801 0.6000000238
13751  -6.971  -75.255  27.360 1.0000000000
11524  -5.548  -78.458  27.104 0.6999999881
128243  -5.437  -77.080  26.746 0.6999999881
14471  -8.194  -74.328  27.589 1.0000000000
16071  -8.892  -73.033  27.027 1.0000000000
16092  -9.257  -72.431  26.627 1.0000000000
16093  -10.141  -72.184  26.924 0.8999999762
16969  -9.772  -71.196  25.528 0.8999999762
16970  -10.580  -71.212  25.578 0.8000000119
17900  -12.165  -69.775  24.593 0.8000000119
18830  -13.058  -69.560  24.539 0.8000000119
18844  -13.743  -69.095  24.268 0.8000000119
13830  -7.748  -75.330  17.384 0.6000000238
13079  -6.964  -76.122  17.925 0.4000000060
13834  -7.958  -75.500  16.394 0.8000000119
13840  -7.371  -75.323  15.388 0.8000000119
139622  -6.160  -74.031  11.091 1.0000000000
15418  -7.094  -73.604  9.341 1.0000000000
15417  -6.724  -73.910  9.796 1.0000000000
16291  -7.445  -72.977  9.665 1.0000000000
16292  -8.172  -72.496  9.371 1.0000000000
17182  -8.902  -71.325  9.111 1.0000000000
13000  -5.934  -76.143  27.676 0.8999999762
13750  -6.286  -75.717  27.499 0.8999999762
14470  -7.189  -74.551  27.193 0.8999999762
15235  -7.496  -73.781  27.028 0.8999999762
15243  -7.867  -73.113  26.717 1.0000000000
16091  -8.230  -72.466  26.364 1.0000000000
16958  -8.545  -71.772  26.009 1.0000000000
16959  -9.514  -71.814  26.070 1.0000000000
132755  -10.456  -70.017  24.847 0.8000000119
17899  -11.284  -69.936  24.711 0.8000000119
18843  -12.290  -69.046  24.304 0.8000000119
117851  -12.995  -68.888  24.206 0.8999999762
20599  -12.905  -67.202  24.502 0.8999999762
123223  -15.240  -66.943  24.917 0.8999999762
14579  -7.936  -74.600  16.827 0.6999999881
14584  -7.680  -74.783  16.092 0.8000000119
15355  -6.820  -73.952  15.385 0.8000000119
123403  -5.964  -74.882  13.220 1.0000000000
15344  -7.804  -73.722  17.062 0.8000000119
15387  -6.129  -73.400  11.316 1.0000000000
16271  -6.597  -72.990  10.786 1.0000000000
16272  -7.325  -72.630  10.534 1.0000000000
132411  -7.899  -72.457  10.049 1.0000000000
18106  -9.776  -70.366  9.581 1.0000000000
18120  -9.940  -70.337  8.929 1.0000000000
19051  -11.110  -69.907  9.046 1.0000000000
19078  -12.628  -69.913  8.244 0.8999999762
12999  -5.604  -76.355  27.279 0.8999999762
13749  -5.791  -75.528  27.224 0.8999999762
14469  -6.102  -74.753  27.175 0.8999999762
13760  -5.427  -75.608  26.540 0.8999999762
119213  -5.423  -76.410  26.216 0.8000000119
15242  -6.819  -73.156  26.560 1.0000000000
16090  -7.173  -72.448  26.235 1.0000000000
16957  -7.505  -71.740  25.903 1.0000000000
16968  -8.853  -71.113  25.566 1.0000000000
17898  -9.395  -69.502  24.966 1.0000000000
131713  -10.613  -68.144  24.547 0.8999999762
136833  -11.551  -68.388  24.431 0.8999999762
19747  -12.277  -68.039  24.370 0.8999999762
20598  -11.625  -66.740  24.631 0.8999999762
21439  -14.232  -66.525  25.066 0.8999999762
21427  -13.648  -65.571  25.377 0.8999999762
14578  -7.598  -74.437  17.629 0.6999999881
15349  -6.994  -73.215  15.852 0.8000000119
15362  -6.214  -73.992  14.565 0.8000000119
14609  -5.738  -73.222  12.990 1.0000000000
15377  -5.842  -73.363  12.106 1.0000000000
139686  -8.653  -71.525  10.463 1.0000000000
18107  -10.478  -70.149  9.976 0.8999999762
17166  -9.002  -70.948  9.958 1.0000000000
18123  -11.861  -69.823  9.691 0.8999999762
19053  -12.467  -69.719  9.119 0.6999999881
15234  -6.404  -73.848  26.909 0.8999999762
16967  -7.885  -71.060  25.545 1.0000000000
17889  -9.115  -70.362  25.270 1.0000000000
18829  -8.457  -69.582  25.088 1.0000000000
18841  -9.240  -68.594  24.644 1.0000000000
19745  -9.660  -67.946  24.539 1.0000000000
132960  -10.176  -67.265  24.457 1.0000000000
19746  -11.069  -67.427  24.569 0.8999999762
21437  -12.159  -65.980  24.873 0.8999999762
21438  -13.185  -66.233  25.030 0.8999999762
22327  -12.740  -65.295  24.950 0.8000000119
22318  -15.800  -65.193  26.273 0.8999999762
23267  -18.103  -64.249  27.004 1.0000000000
23255  -18.650  -64.694  27.329 0.8000000119
24236  -21.529  -64.529  28.364 0.4000000060
24235  -20.802  -64.583  28.065 0.4000000060
24251  -20.520  -64.252  27.617 0.6999999881
24252  -21.226  -64.399  27.903 0.6999999881
24265  -21.431  -64.171  27.221 0.6999999881
15343  -7.259  -73.529  17.784 0.8000000119
15361  -5.798  -73.062  14.079 0.8999999762
16225  -5.750  -72.295  13.200 1.0000000000
16233  -6.268  -72.071  11.879 1.0000000000
17147  -6.868  -72.024  11.722 1.0000000000
16273  -8.158  -72.022  10.816 1.0000000000
16250  -8.530  -72.088  11.994 0.8000000119
17148  -8.964  -71.400  10.965 0.8999999762
17149  -9.946  -71.361  11.187 0.8000000119
18108  -11.298  -70.105  10.252 0.8000000119
17150  -10.961  -71.515  11.365 0.8000000119
16252  -11.226  -72.566  11.939 0.6000000238
17169  -12.404  -71.068  10.868 0.6999999881
18124  -13.078  -69.854  9.424 0.6000000238
19054  -13.341  -69.599  8.751 0.6000000238
15389  -13.088  -73.626  11.842 0.5000000000
16088  -5.684  -72.601  25.941 1.0000000000
16098  -6.517  -71.779  25.778 1.0000000000
16966  -6.868  -71.095  25.423 1.0000000000
18828  -7.889  -69.804  25.089 1.0000000000
130770  -10.712  -66.617  24.383 0.8000000119
128699  -11.342  -65.850  24.326 0.8999999762
141520  -12.069  -65.298  24.498 0.8000000119
22328  -13.359  -64.668  24.962 0.8000000119
23293  -14.090  -64.156  24.840 0.6999999881
23294  -14.959  -63.805  24.648 0.8999999762
23278  -14.720  -64.403  25.371 0.8999999762
117761  -15.576  -64.233  25.576 0.8000000119
24275  -16.533  -63.799  25.410 1.0000000000
24287  -17.053  -63.578  24.662 0.8999999762
15336  -6.403  -73.338  18.648 0.6999999881
120274  -16.904  -63.974  26.073 1.0000000000
24276  -17.326  -63.653  25.519 1.0000000000
24262  -18.469  -63.820  26.546 1.0000000000
24250  -19.701  -64.127  27.388 1.0000000000
16183  -6.915  -72.610  17.836 0.8000000119
24277  -18.164  -63.591  25.681 0.8999999762
24278  -19.092  -63.628  25.822 1.0000000000
24279  -20.078  -63.810  25.997 0.6999999881
24253  -22.195  -64.270  27.947 0.6000000238
16203  -6.478  -72.482  15.515 0.8999999762
16211  -5.724  -72.024  14.111 0.8999999762
24280  -21.126  -64.035  26.259 0.8000000119
23268  -22.250  -64.314  26.447 0.6999999881
17129  -6.077  -71.697  12.548 1.0000000000
16248  -7.064  -72.422  11.207 1.0000000000
16249  -7.791  -72.065  11.441 0.8999999762
16235  -8.064  -72.147  12.311 0.8999999762
16251  -10.177  -72.293  11.853 0.8000000119
16237  -10.362  -73.255  12.616 0.6999999881
16238  -11.506  -73.637  12.642 0.6000000238
15388  -12.592  -74.086  12.563 0.6000000238
15373  -11.917  -74.316  13.630 0.6000000238
14624  -13.070  -74.622  13.378 0.5000000000
15380  -13.602  -74.209  12.344 0.5000000000
14625  -13.999  -74.606  13.228 0.5000000000
14626  -14.750  -74.514  13.209 0.5000000000
14473  -5.635  -73.952  26.561 0.8000000119
15240  -5.431  -73.257  25.863 0.8999999762
20597  -9.569  -67.376  24.215 0.8000000119
21436  -10.614  -66.253  24.032 0.8000000119
22342  -12.622  -64.558  24.214 0.8000000119
23292  -13.443  -64.092  24.348 0.6999999881
22359  -12.195  -64.762  23.403 0.6000000238
23312  -14.204  -63.718  23.843 0.6000000238
23313  -15.358  -63.668  23.679 0.6000000238
23295  -16.070  -63.601  24.499 0.6000000238
138436  -16.865  -63.570  23.947 0.6000000238
17058  -6.542  -71.764  17.927 0.8999999762
128595  -17.229  -63.899  23.339 0.5000000000
24301  -18.453  -63.742  24.029 0.6000000238
24290  -19.761  -63.847  25.015 0.6999999881
121165  -6.973  -71.945  17.081 0.8999999762
141594  -6.867  -71.852  16.448 0.8999999762
16212  -5.932  -72.526  14.809 0.8999999762
23316  -18.891  -64.231  23.398 0.6000000238
23296  -19.342  -63.959  24.121 0.6999999881
23280  -20.818  -64.084  25.249 0.6999999881
23281  -21.872  -64.514  25.604 0.6000000238
17079  -6.533  -71.263  16.430 0.8999999762
17093  -5.868  -71.745  15.051 0.8999999762
17110  -5.931  -71.389  13.339 1.0000000000
17130  -6.621  -71.488  12.327 1.0000000000
16234  -7.500  -71.982  11.787 0.8999999762
23297  -20.387  -64.339  24.147 0.6999999881
23298  -21.520  -64.655  24.600 0.6999999881
17131  -7.068  -71.492  12.250 1.0000000000
16236  -8.554  -72.976  13.018 0.8999999762
23299  -22.475  -64.837  24.909 0.6000000238
128713  -9.279  -72.843  12.484 0.8000000119
15378  -9.517  -73.622  13.381 0.6999999881
22347  -24.685  -65.748  23.406 0.4000000060
15379  -10.661  -74.073  13.540 0.6999999881
14611  -10.612  -74.454  14.856 0.6999999881
139076  -10.804  -74.377  15.219 0.6999999881
14612  -11.029  -74.592  14.437 0.6999999881
14613  -12.589  -74.577  14.212 0.5000000000
14600  -11.787  -74.468  14.721 0.6000000238
133503  -13.010  -74.356  14.673 0.5000000000
121316  -12.914  -73.965  15.042 0.6999999881
14601  -14.176  -74.382  14.374 0.5000000000
20615  -9.569  -67.393  23.457 0.6999999881
22341  -11.737  -65.134  24.008 0.8000000119
16182  -5.889  -71.771  18.872 0.8000000119
17057  -6.041  -71.008  18.080 0.8999999762
17085  -5.742  -70.911  14.903 0.8999999762
18056  -6.208  -70.574  13.539 1.0000000000
18993  -6.548  -69.877  13.806 0.8999999762
18057  -6.747  -70.308  13.228 1.0000000000
18076  -6.883  -70.861  12.789 1.0000000000
18075  -6.445  -71.000  12.922 1.0000000000
17132  -7.606  -71.675  12.397 0.8999999762
24302  -24.296  -64.075  23.887 0.4000000060
17112  -8.589  -71.955  13.690 0.8000000119
15371  -9.237  -73.479  13.965 0.6999999881
23319  -24.800  -64.996  23.884 0.4000000060
24303  -25.149  -64.140  23.726 0.4000000060
17094  -9.458  -72.080  14.374 0.6999999881
18039  -9.273  -70.923  13.993 0.6999999881
15363  -10.034  -73.791  14.842 0.6999999881
17095  -10.251  -72.110  14.799 0.6999999881
16215  -11.207  -73.212  15.384 0.6999999881
18040  -10.126  -71.001  14.646 0.6999999881
17096  -11.002  -72.163  15.048 0.6999999881
16217  -13.277  -73.281  14.983 0.6999999881
17098  -13.617  -72.125  14.502 0.6999999881
16218  -14.806  -73.328  14.639 0.5000000000
15368  -16.353  -73.567  14.239 0.5000000000
16228  -17.012  -73.218  14.037 0.5000000000
126723  -5.778  -70.838  18.941 0.8000000119
18027  -5.985  -70.663  15.993 0.8999999762
18038  -5.936  -70.189  14.387 0.8999999762
18962  -5.823  -69.492  15.081 0.8999999762
18976  -6.299  -69.327  14.412 1.0000000000
18994  -6.985  -69.692  13.521 0.8999999762
18059  -7.504  -70.241  13.119 0.8999999762
18996  -8.041  -69.617  13.546 0.8000000119
18995  -7.297  -69.587  13.492 0.8999999762
17111  -7.811  -71.218  12.968 0.8000000119
25276  -23.867  -63.319  23.756 0.6000000238
18060  -8.331  -70.620  13.459 0.8999999762
25287  -26.433  -62.681  23.568 0.6999999881
120491  -25.794  -63.455  23.558 0.5000000000
18980  -9.262  -69.373  14.432 0.8000000119
18997  -8.984  -69.864  13.842 0.8000000119
129550  -27.536  -62.796  23.910 0.5000000000
120762  -9.712  -70.113  14.534 0.8000000119
25306  -28.531  -62.642  21.685 0.3000000119
129061  -28.193  -62.689  23.633 0.4000000060
18963  -9.770  -69.419  15.289 0.8000000119
18981  -10.372  -70.050  15.050 0.8000000119
18043  -12.710  -71.286  14.368 0.6000000238
26273  -28.518  -61.809  22.072 0.3000000119
18964  -10.482  -69.635  15.682 0.6000000238
18041  -10.988  -70.535  14.992 0.6999999881
125169  -11.684  -70.179  14.785 0.6999999881
17114  -14.277  -71.353  13.992 0.6000000238
18064  -15.559  -70.905  14.064 0.6000000238
17099  -14.585  -72.365  14.444 0.6000000238
18044  -16.140  -71.899  14.360 0.5000000000
16220  -16.555  -72.848  14.335 0.5000000000
17961  -5.623  -70.005  19.099 0.8999999762
18939  -5.839  -69.461  17.531 0.8999999762
119921  -5.661  -68.846  15.819 0.8999999762
19843  -5.997  -68.528  14.950 0.8999999762
19858  -6.684  -68.736  14.323 0.8000000119
19844  -6.625  -67.997  14.745 0.8000000119
18979  -7.675  -68.916  13.810 0.8000000119
26251  -24.409  -62.100  22.754 0.8999999762
25286  -25.343  -62.677  23.117 0.8000000119
20699  -6.723  -67.357  15.371 0.8000000119
19860  -8.092  -68.343  14.287 0.8000000119
26252  -24.851  -61.366  22.549 0.8000000119
19861  -8.973  -68.709  14.727 0.8000000119
27237  -27.689  -60.745  23.439 0.5000000000
26254  -27.673  -61.436  23.683 0.6000000238
19846  -8.459  -67.978  15.071 0.8000000119
26288  -27.885  -61.208  20.483 0.2000000030
27268  -28.257  -60.728  21.168 0.3000000119
26266  -28.414  -61.128  22.242 0.4000000060
26255  -28.278  -61.376  23.108 0.4000000060
19847  -9.343  -68.617  15.718 0.6999999881
19848  -10.156  -69.116  16.142 0.6000000238
19839  -10.822  -68.385  16.413 0.6000000238
18062  -13.209  -70.204  13.835 0.6000000238
122565  -27.847  -61.950  20.366 0.2000000030
26289  -28.304  -61.692  20.910 0.2000000030
18982  -11.307  -69.785  15.302 0.6000000238
18061  -12.386  -70.206  14.272 0.6000000238
18999  -13.692  -69.393  13.599 0.6000000238
18901  -5.535  -69.182  19.289 0.8999999762
18914  -5.722  -69.337  18.410 0.8999999762
19811  -5.706  -68.479  18.641 0.8999999762
19827  -5.782  -68.590  17.704 1.0000000000
20679  -6.083  -67.240  16.792 0.8000000119
20691  -6.171  -67.016  15.981 0.8000000119
26265  -23.899  -61.266  22.389 1.0000000000
27245  -24.459  -60.510  22.341 0.8000000119
20700  -7.712  -67.347  15.548 0.8000000119
19845  -7.467  -67.796  14.757 0.8000000119
27235  -25.778  -59.858  23.247 0.8999999762
20693  -8.102  -67.063  16.405 0.8000000119
27247  -28.314  -60.828  22.512 0.5000000000
131707  -27.307  -60.021  23.432 0.6000000238
19837  -8.756  -67.840  16.041 0.8000000119
20682  -9.592  -67.037  17.297 0.6999999881
27284  -26.979  -60.958  20.168 0.3000000119
28220  -28.038  -59.954  21.021 0.5000000000
28208  -28.236  -60.178  21.673 0.5000000000
28185  -27.364  -59.449  23.135 0.5000000000
20694  -9.149  -67.620  16.908 0.6999999881
20695  -10.128  -67.756  16.970 0.6999999881
20710  -11.914  -68.308  15.675 0.6999999881
28219  -27.212  -59.484  20.734 0.4000000060
29100  -27.265  -58.783  22.721 0.6999999881
19863  -12.749  -68.698  14.339 0.6000000238
19877  -13.405  -68.633  13.893 0.6000000238
26318  -24.018  -61.108  18.605 0.3000000119
28235  -25.760  -59.923  19.726 0.3000000119
20629  -5.755  -67.941  21.403 0.8000000119
129115  -5.754  -67.622  19.141 0.8999999762
20680  -6.352  -66.929  17.507 0.8000000119
29098  -23.002  -58.809  21.609 0.8999999762
20692  -6.947  -66.754  16.189 0.8000000119
28199  -24.777  -59.551  22.675 0.8999999762
21545  -7.638  -66.625  16.861 0.6999999881
28184  -26.585  -59.391  23.558 0.5000000000
21532  -7.878  -66.163  17.370 0.6999999881
21533  -9.029  -66.116  17.555 0.8000000119
21546  -10.088  -66.321  17.389 0.6999999881
20696  -10.965  -67.332  16.545 0.6999999881
20701  -11.686  -67.682  16.036 0.6999999881
20702  -12.502  -67.368  15.384 0.6999999881
20712  -13.168  -67.402  14.674 0.6999999881
126077  -14.103  -68.610  13.543 0.6000000238
27296  -23.367  -60.547  18.456 0.4000000060
121534  -25.030  -59.279  19.461 0.5000000000
20725  -13.738  -67.286  14.242 0.6000000238
135958  -23.026  -59.859  18.306 0.4000000060
132452  -23.895  -58.923  18.566 0.5000000000
20630  -6.227  -67.421  21.710 0.6999999881
21479  -6.378  -66.326  21.419 0.6999999881
20646  -5.596  -67.251  20.149 0.8999999762
20657  -5.902  -66.682  19.344 0.8000000119
20668  -6.168  -66.846  18.358 0.8000000119
21507  -6.018  -65.933  19.646 0.8000000119
20658  -6.226  -66.080  18.685 0.8000000119
21530  -6.523  -66.387  17.863 0.8000000119
22404  -6.097  -65.152  20.124 0.8000000119
22439  -6.530  -65.646  18.187 0.8000000119
139887  -6.819  -65.268  18.172 0.8000000119
22419  -7.308  -64.856  18.103 0.8000000119
22441  -8.057  -65.423  17.682 0.8000000119
124906  -8.938  -65.103  17.703 0.8000000119
23406  -10.377  -64.777  17.339 0.8000000119
22452  -11.334  -65.129  16.944 0.8000000119
21554  -11.894  -66.847  16.170 0.6999999881
23416  -12.358  -64.863  16.525 0.8000000119
21555  -12.813  -66.370  15.803 0.6999999881
21563  -13.692  -66.705  14.610 0.6000000238
29114  -24.474  -58.692  19.131 0.5000000000
22465  -14.145  -65.699  14.734 0.6000000238
21595  -15.285  -65.686  13.303 0.4000000060
27312  -22.346  -59.592  18.269 0.3000000119
28251  -23.080  -59.140  18.377 0.3000000119
29127  -23.938  -58.167  18.853 0.6999999881
29989  -25.135  -57.589  20.052 0.6999999881
21495  -5.956  -66.010  20.633 0.8000000119
136050  -6.688  -65.527  21.441 0.8999999762
22375  -6.231  -65.366  21.003 0.8000000119
23374  -6.316  -64.523  19.364 0.8999999762
22418  -6.606  -64.904  18.569 0.6999999881
23388  -6.938  -64.019  18.726 0.8999999762
23389  -7.711  -63.991  17.999 0.8000000119
24354  -7.536  -63.197  18.453 0.8999999762
24368  -8.065  -63.292  17.890 0.8999999762
23405  -8.738  -64.078  17.735 0.8000000119
24369  -8.762  -63.078  17.678 0.8999999762
23414  -9.769  -63.801  17.404 0.8000000119
24377  -10.300  -63.125  16.958 0.8000000119
23415  -10.931  -64.082  16.865 0.8000000119
23424  -13.287  -64.431  15.987 0.6000000238
22464  -13.586  -65.677  15.422 0.6000000238
23431  -13.473  -63.589  15.194 0.5000000000
128634  -14.358  -64.632  14.501 0.5000000000
22477  -14.686  -65.191  14.099 0.5000000000
29141  -21.894  -58.397  18.312 0.4000000060
29126  -23.370  -58.487  18.600 0.4000000060
29997  -23.952  -57.331  19.081 0.8000000119
29988  -24.527  -57.866  19.407 0.6999999881
30876  -25.281  -56.611  20.330 0.8000000119
24394  -13.840  -63.210  13.951 0.4000000060
22478  -15.097  -65.080  13.455 0.3000000119
137507  -22.632  -57.169  18.686 0.8000000119
131677  -23.238  -56.860  18.926 0.8000000119
30875  -24.607  -56.957  19.627 0.8000000119
24408  -14.429  -63.480  13.369 0.4000000060
22392  -6.628  -64.646  21.162 0.8999999762
23359  -6.277  -64.406  20.297 0.8000000119
23360  -6.599  -63.869  20.599 0.8999999762
23375  -6.481  -63.727  19.744 0.8999999762
24353  -7.102  -63.122  19.302 0.8000000119
25343  -7.718  -61.751  19.198 0.8000000119
139938  -8.758  -62.477  17.829 0.8999999762
25358  -8.946  -61.953  18.038 0.8000000119
25368  -10.055  -62.376  17.126 0.8000000119
26324  -9.592  -61.388  17.869 0.6999999881
25369  -10.661  -62.459  16.606 0.8000000119
24378  -11.124  -63.185  16.310 0.6000000238
26350  -11.572  -61.884  15.661 0.4000000060
24385  -11.868  -63.033  15.664 0.4000000060
25388  -12.748  -62.430  14.593 0.4000000060
24393  -13.292  -63.030  14.488 0.4000000060
123014  -21.276  -56.886  18.016 0.8000000119
29994  -21.977  -57.005  18.435 0.8000000119
120738  -23.266  -55.987  18.923 0.6000000238
30874  -23.984  -56.411  19.245 0.8999999762
31733  -24.718  -55.867  19.849 0.6999999881
25389  -13.275  -62.348  14.014 0.3000000119
25401  -13.797  -62.301  13.456 0.3000000119
24425  -14.388  -62.780  12.931 0.3000000119
24426  -15.028  -63.472  12.749 0.3000000119
136998  -21.098  -56.235  17.805 0.6999999881
25402  -14.284  -62.125  12.973 0.2000000030
25418  -14.867  -62.227  12.460 0.2000000030
131078  -9.287  -60.052  19.524 0.8000000119
119456  -10.172  -60.845  17.603 0.6999999881
33734  -24.513  -53.448  19.585 0.8000000119
28261  -10.676  -58.908  18.201 0.6999999881
140332  -10.630  -60.416  17.340 0.8000000119
122141  -11.271  -61.334  16.208 0.4000000060
32700  -22.908  -54.684  18.350 0.6000000238
32701  -23.596  -54.283  18.799 0.6000000238
137690  -24.161  -53.963  19.189 0.8000000119
124720  -12.447  -61.146  14.830 0.3000000119
26364  -12.773  -61.871  14.410 0.3000000119
31757  -21.957  -55.044  18.017 0.6000000238
31739  -22.642  -55.576  18.451 0.6000000238
31732  -23.974  -55.450  19.336 0.6999999881
26365  -13.348  -61.771  13.903 0.3000000119
26381  -14.753  -61.440  12.821 0.3000000119
30908  -20.031  -56.474  17.242 0.6000000238
31756  -21.261  -55.599  17.713 0.6999999881
26397  -15.402  -61.672  12.036 0.2000000030
31774  -20.509  -55.020  17.132 0.6000000238
136978  -20.889  -55.353  17.422 0.6999999881
28231  -10.439  -58.984  19.431 0.8000000119
29134  -11.144  -58.223  18.077 0.6000000238
28278  -11.244  -59.181  17.179 0.5000000000
27321  -11.678  -59.983  16.212 0.4000000060
28279  -11.997  -59.159  16.377 0.4000000060
28296  -12.625  -59.121  15.665 0.4000000060
27335  -12.310  -60.101  15.405 0.4000000060
33740  -23.223  -53.838  18.303 0.6000000238
120704  -24.103  -52.537  18.967 0.6999999881
29154  -12.308  -58.218  16.522 0.3000000119
29173  -12.913  -58.435  15.794 0.3000000119
128507  -13.613  -59.814  14.420 0.3000000119
27353  -13.596  -60.894  13.935 0.3000000119
130877  -19.889  -54.965  16.917 0.6000000238
31773  -19.904  -55.659  17.060 0.6999999881
32716  -21.788  -54.288  17.501 0.6000000238
32717  -22.511  -54.174  17.891 0.6000000238
28311  -14.430  -59.427  14.057 0.3000000119
28324  -15.002  -59.798  13.476 0.3000000119
27370  -14.912  -60.563  13.123 0.3000000119
32735  -20.223  -54.290  16.843 0.5000000000
33759  -22.216  -53.700  17.549 0.6000000238
33739  -22.784  -53.376  17.828 0.6000000238
28325  -15.668  -59.371  13.148 0.3000000119
27388  -15.555  -60.806  12.358 0.2000000030
33775  -20.540  -53.480  16.791 0.4000000060
33776  -21.189  -53.355  16.855 0.5000000000
32736  -21.047  -54.146  17.022 0.6000000238
33758  -21.702  -53.562  17.182 0.6000000238
29233  -16.854  -58.733  12.704 0.3000000119
28346  -16.762  -59.802  12.301 0.3000000119
28247  -10.802  -58.368  18.834 0.8000000119
28248  -12.408  -58.942  18.884 0.6999999881
28249  -13.438  -58.986  18.520 0.6999999881
130350  -14.346  -58.813  18.154 0.6999999881
29136  -14.501  -57.907  18.193 0.6000000238
124978  -15.447  -57.887  17.916 0.6000000238
30007  -15.794  -57.033  17.807 0.6000000238
30889  -17.271  -56.475  17.535 0.5000000000
123374  -11.977  -57.612  17.340 0.5000000000
29155  -12.821  -57.673  16.329 0.4000000060
29175  -14.283  -58.114  14.812 0.3000000119
34720  -22.923  -52.432  17.696 0.6000000238
34721  -23.670  -52.078  18.419 0.6000000238
139801  -14.544  -58.727  14.282 0.3000000119
29207  -15.017  -59.004  13.728 0.3000000119
33774  -19.731  -53.590  16.970 0.4000000060
120849  -22.220  -52.247  17.016 0.6000000238
34741  -22.259  -53.035  17.351 0.6000000238
29209  -16.113  -58.639  13.152 0.3000000119
129483  -16.649  -57.836  13.207 0.3000000119
34740  -21.636  -52.826  16.910 0.6000000238
29234  -17.506  -58.966  12.119 0.3000000119
34756  -20.901  -52.709  16.677 0.6000000238
34757  -21.461  -52.036  16.639 0.6000000238
28246  -10.148  -58.932  18.912 0.6999999881
29113  -11.574  -58.276  18.865 0.8000000119
29123  -12.526  -58.025  18.627 0.6999999881
29124  -13.540  -57.945  18.439 0.6999999881
128498  -11.397  -57.982  18.461 0.6000000238
29993  -13.715  -57.217  18.226 0.5000000000
29135  -11.731  -57.575  17.996 0.5000000000
30020  -12.218  -57.048  17.640 0.5000000000
127676  -16.196  -56.149  17.661 0.5000000000
128752  -12.310  -57.400  17.001 0.5000000000
30888  -15.061  -56.085  17.755 0.5000000000
127284  -16.825  -55.547  17.633 0.4000000060
30021  -12.642  -56.879  17.015 0.4000000060
30919  -13.713  -56.368  16.111 0.5000000000
30042  -13.981  -57.289  15.479 0.3000000119
30043  -14.478  -56.657  15.390 0.4000000060
29189  -15.047  -58.169  14.217 0.3000000119
33773  -18.802  -53.691  17.404 0.4000000060
35674  -22.766  -51.596  17.132 0.5000000000
30924  -15.769  -56.249  14.485 0.2000000030
30060  -16.077  -57.038  13.802 0.2000000030
30084  -15.753  -57.899  13.689 0.3000000119
130969  -20.021  -52.708  16.850 0.5000000000
31784  -15.751  -54.691  15.033 0.1000000015
31790  -16.297  -55.527  14.408 0.2000000030
30085  -16.796  -56.978  13.482 0.3000000119
36623  -22.695  -50.775  16.454 0.3000000119
36609  -23.236  -50.858  17.348 0.5000000000
32766  -17.335  -54.267  14.143 0.2000000030
35689  -21.320  -51.169  16.412 0.5000000000
29991  -11.971  -57.628  18.402 0.6999999881
29992  -12.740  -57.074  18.349 0.6000000238
30004  -12.310  -56.956  18.070 0.5000000000
30005  -12.805  -56.547  17.998 0.5000000000
30886  -13.333  -56.227  17.563 0.5000000000
30887  -14.080  -56.117  17.588 0.5000000000
30885  -12.712  -56.565  17.671 0.5000000000
31750  -14.037  -55.695  17.167 0.5000000000
31752  -15.476  -55.383  17.498 0.4000000060
32714  -17.045  -54.182  17.627 0.4000000060
30903  -13.205  -56.292  16.973 0.4000000060
30904  -13.774  -55.851  16.643 0.5000000000
120517  -17.969  -52.715  17.436 0.5000000000
30920  -14.185  -55.634  16.007 0.3000000119
34754  -18.177  -51.879  16.996 0.6000000238
34755  -19.301  -51.882  16.833 0.6000000238
35688  -19.437  -51.024  16.643 0.5000000000
31782  -14.492  -54.829  16.262 0.3000000119
120429  -14.756  -55.260  15.657 0.3000000119
123386  -20.427  -51.748  16.655 0.5000000000
121710  -20.373  -50.680  16.520 0.5000000000
32750  -16.062  -53.975  15.085 0.3000000119
36622  -21.251  -50.238  16.350 0.5000000000
33790  -16.296  -53.292  14.971 0.3000000119
127515  -17.242  -52.776  14.320 0.3000000119
35707  -17.583  -51.311  14.354 0.3000000119
33808  -17.685  -53.424  14.005 0.1000000015
32731  -14.391  -54.994  17.051 0.4000000060
140298  -15.157  -54.516  17.163 0.5000000000
31770  -14.112  -55.255  16.759 0.4000000060
32742  -14.605  -54.534  16.799 0.4000000060
33772  -15.567  -53.253  16.616 0.5000000000
34753  -16.985  -51.997  17.088 0.5000000000
35687  -18.337  -51.118  16.709 0.5000000000
31783  -15.039  -54.679  15.665 0.4000000060
32744  -15.410  -54.047  15.708 0.5000000000
34751  -15.901  -52.562  16.169 0.4000000060
34752  -16.276  -52.179  16.590 0.4000000060
35686  -17.194  -51.171  16.579 0.4000000060
33783  -15.674  -53.300  15.729 0.4000000060
36618  -16.619  -50.452  16.089 0.3000000119
36619  -17.334  -50.355  16.446 0.5000000000
138241  -16.052  -52.753  15.412 0.4000000060
34766  -16.571  -51.801  15.260 0.3000000119
36638  -16.856  -50.337  15.554 0.3000000119
14667  -28.605  -74.311  6.647 0.1000000015
15462  -30.009  -73.374  5.815 0.1000000015
86  -25.665  -98.415  14.785 0.6999999881
103  -26.663  -97.686  13.438 0.6999999881
230  -27.025  -97.123  12.902 0.5000000000
119095  -26.709  -96.657  12.125 0.4000000060
1645  -17.155  -94.046  2.839 0.3000000119
122205  -28.707  -97.091  12.494 0.6999999881
256  -29.718  -96.666  11.033 0.4000000060
494  -28.338  -96.247  10.485 0.3000000119
495  -29.255  -96.404  10.310 0.4000000060
235  -33.080  -96.999  13.304 0.6999999881
2053  -11.224  -93.239  4.263 0.2000000030
1119  -22.199  -94.551  9.622 0.6999999881
499  -33.533  -95.982  10.964 0.5000000000
82  -31.246  -97.393  15.371 0.6999999881
430  -34.178  -95.714  14.860 0.6999999881
1177  -12.032  -95.115  5.292 0.5000000000
1151  -12.487  -94.774  6.856 0.6999999881
4300  -16.792  -87.941  -4.588 0.6000000238
469  -10.613  -95.765  11.469 0.6999999881
6415  -19.576  -85.467  -3.982 0.5000000000
2085  -28.987  -93.202  1.994 0.6000000238
458  -9.970  -96.184  12.787 0.8999999762
2086  -29.990  -92.885  2.164 0.6999999881
2104  -28.447  -92.334  0.120 0.6000000238
1466  -13.566  -93.042  14.466 0.8999999762
122330  -21.220  -83.106  -4.385 0.6999999881
2105  -30.533  -91.911  0.476 1.0000000000
1963  -14.990  -92.570  11.167 0.8999999762
1512  -14.610  -92.794  11.814 0.8000000119
1486  -15.019  -93.244  13.215 0.8000000119
1047  -15.106  -94.306  16.104 0.8000000119
1485  -14.211  -93.263  13.454 0.8999999762
5671  -23.679  -86.053  -1.080 0.1000000015
1428  -16.064  -93.460  17.175 0.8000000119
9408  -21.851  -81.163  -4.062 0.8000000119
4287  -26.766  -88.007  -2.155 0.5000000000
132466  -22.215  -80.441  -2.934 0.8999999762
368  -11.000  -95.606  20.774 0.8999999762
10183  -24.264  -80.179  -3.121 0.8000000119
655  -10.724  -95.436  21.659 0.8999999762
648  -10.883  -95.185  22.345 0.8999999762
1386  -8.265  -93.853  21.601 1.0000000000
2316  -8.170  -91.773  20.924 0.8999999762
10184  -25.191  -80.321  -3.005 0.8000000119
1372  -8.126  -93.649  22.397 1.0000000000
1347  -9.216  -93.916  25.269 0.6999999881
637  -10.297  -95.102  23.151 0.8000000119
631  -10.380  -94.960  23.685 0.8000000119
8671  -24.600  -81.728  -0.792 1.0000000000
135688  -8.052  -93.148  25.878 0.6999999881
8656  -24.098  -82.512  0.177 0.8999999762
7841  -23.245  -83.551  4.147 0.5000000000
7055  -25.191  -84.219  4.957 0.5000000000
1796  -7.677  -91.770  27.010 0.6999999881
2269  -7.268  -91.448  26.282 0.6999999881
2282  -7.311  -91.541  24.473 1.0000000000
3951  -9.111  -88.278  23.169 1.0000000000
6368  -12.769  -86.224  0.525 0.8000000119
7054  -24.425  -83.962  4.851 0.5000000000
10067  -23.285  -80.424  4.046 0.3000000119
10086  -23.565  -79.744  3.625 0.2000000030
8592  -24.764  -83.013  5.555 0.5000000000
2719  -6.930  -89.368  27.809 0.6999999881
2714  -7.143  -90.486  28.955 0.5000000000
7033  -16.790  -84.070  5.073 0.6000000238
7867  -14.288  -83.829  2.061 0.6999999881
140822  -18.336  -81.513  5.018 0.5000000000
11794  -23.043  -79.226  3.460 0.2000000030
9305  -24.888  -82.209  5.303 0.5000000000
9324  -24.595  -80.805  4.082 0.3000000119
7819  -17.376  -83.706  5.447 0.5000000000
136951  -9.908  -83.081  -0.427 0.8999999762
139090  -24.673  -79.251  2.960 0.2000000030
10069  -24.927  -80.241  3.154 0.2000000030
10088  -25.239  -79.828  2.260 0.2000000030
142266  -26.207  -80.846  2.137 0.2000000030
4622  -7.292  -87.686  23.094 0.6999999881
3889  -8.225  -88.406  29.134 1.0000000000
10887  -21.402  -79.927  8.288 0.1000000015
8627  -14.671  -82.565  2.545 0.6999999881
140810  -22.402  -79.733  9.311 0.1000000015
9355  -7.667  -81.045  -0.035 0.8000000119
9359  -14.052  -81.810  -0.185 0.6999999881
10849  -19.002  -79.297  9.536 0.1000000015
11706  -25.340  -78.536  8.280 0.1000000015
11718  -25.585  -78.449  7.434 0.1000000015
11003  -14.436  -79.668  0.666 0.5000000000
10902  -16.278  -80.051  6.565 0.5000000000
132166  -27.000  -79.286  10.139 0.1000000015
12418  -28.793  -77.939  11.490 0.1000000015
120147  -18.333  -77.647  8.252 0.3000000119
10875  -30.456  -79.454  8.985 0.1000000015
10894  -30.828  -79.595  8.151 0.1000000015
131062  -31.768  -76.381  7.024 0.1000000015
11741  -15.725  -78.890  5.199 0.5000000000
13196  -18.059  -76.740  6.843 0.3000000119
13242  -16.615  -76.370  2.268 0.4000000060
132194  -14.444  -76.416  0.267 0.6000000238
6777  -7.663  -84.125  27.849 1.0000000000
10901  -7.564  -79.468  6.335 0.8000000119
13184  -21.381  -76.517  7.967 0.1000000015
137820  -20.024  -75.821  4.855 0.4000000060
12518  -10.753  -77.537  1.417 0.8000000119
12462  -9.235  -77.851  7.092 1.0000000000
13245  -19.382  -76.086  2.529 0.2000000030
140831  -9.743  -76.002  4.255 0.8999999762
13928  -22.317  -75.382  3.967 0.2000000030
11656  -9.671  -78.449  11.725 0.8999999762
13194  -11.897  -75.811  6.647 1.0000000000
14717  -19.220  -74.813  1.930 0.2000000030
14677  -10.021  -74.618  5.497 0.8999999762
14690  -9.394  -74.549  3.763 0.8999999762
16405  -23.206  -73.187  1.364 0.2000000030
126110  -22.121  -72.061  2.322 0.3000000119
11655  -9.420  -78.370  12.529 0.8999999762
18216  -24.940  -70.596  3.307 0.2000000030
17277  -23.430  -71.456  3.276 0.2000000030
18218  -26.645  -70.686  3.368 0.2000000030
141250  -19.800  -72.157  2.634 0.3000000119
11647  -9.224  -78.489  13.045 0.8999999762
17252  -13.268  -71.605  4.991 0.8999999762
19124  -26.524  -69.040  3.420 0.2000000030
16383  -16.699  -72.431  2.695 0.4000000060
17272  -18.663  -70.870  3.276 0.3000000119
16355  -14.907  -72.013  4.273 0.6000000238
13093  -8.039  -76.647  15.384 0.6000000238
13844  -6.669  -75.522  14.482 0.8999999762
136294  -5.989  -74.864  12.397 1.0000000000
14629  -5.997  -74.260  11.714 1.0000000000
15236  -8.512  -73.660  27.297 1.0000000000
14598  -6.140  -74.838  14.117 0.8000000119
131904  -12.118  -69.785  8.874 1.0000000000
17890  -10.093  -70.558  25.150 1.0000000000
120966  -11.413  -69.139  24.456 0.8000000119
19748  -13.390  -68.314  24.204 0.8999999762
18842  -10.271  -69.059  24.616 1.0000000000
123826  -6.296  -73.214  15.087 0.8999999762
14623  -5.847  -74.099  12.672 1.0000000000
16196  -7.470  -73.228  16.537 0.8000000119
15386  -6.026  -72.748  11.739 1.0000000000
121237  -9.748  -70.725  10.377 1.0000000000
17167  -10.663  -70.661  10.738 0.8000000119
130510  -12.462  -69.894  9.790 0.5000000000
139702  -16.372  -64.447  26.131 1.0000000000
24264  -20.334  -63.911  26.915 0.8000000119
17151  -11.899  -71.774  11.367 0.6999999881
16253  -12.317  -73.014  11.762 0.5000000000
16274  -12.748  -72.060  11.164 0.5000000000
17170  -12.896  -70.529  10.263 0.5000000000
23332  -13.005  -64.318  23.190 0.8000000119
136205  -6.362  -72.411  18.509 0.8000000119
24263  -19.375  -63.817  26.707 0.8999999762
24300  -17.614  -63.618  23.958 0.5000000000
24289  -18.795  -63.609  24.879 0.6000000238
17092  -5.771  -71.097  14.167 0.8999999762
14615  -14.474  -74.630  13.875 0.5000000000
133197  -15.846  -63.983  22.837 0.5000000000
18013  -6.125  -70.477  16.622 0.8999999762
22343  -21.048  -65.348  22.923 0.6000000238
23318  -21.199  -64.916  23.626 0.6000000238
23339  -20.304  -64.900  23.024 0.5000000000
18077  -7.206  -70.884  12.725 0.8999999762
16226  -8.169  -72.214  12.981 0.8999999762
16227  -8.649  -72.838  13.634 0.8000000119
23301  -23.928  -64.725  24.195 0.4000000060
16213  -9.140  -72.984  14.291 0.6999999881
16216  -12.189  -73.424  15.134 0.6999999881
15367  -15.740  -74.106  14.219 0.5000000000
18002  -6.046  -70.308  17.395 0.8999999762
18977  -6.770  -69.318  13.957 0.8999999762
23320  -25.713  -64.880  23.772 0.4000000060
25285  -24.547  -63.182  23.354 0.5000000000
17097  -11.906  -72.266  14.930 0.6999999881
18042  -11.631  -71.087  14.760 0.6999999881
117574  -12.766  -72.473  14.857 0.6999999881
120003  -15.534  -72.641  14.476 0.5000000000
18951  -5.830  -69.619  16.677 0.8999999762
122908  -25.869  -61.894  22.911 0.6999999881
129948  -27.170  -61.987  23.716 0.6000000238
25299  -28.544  -62.602  22.497 0.4000000060
25298  -28.463  -61.738  22.648 0.3000000119
25288  -28.043  -62.050  23.743 0.5000000000
26272  -28.424  -61.252  21.679 0.4000000060
17113  -13.563  -71.015  13.941 0.6000000238
17115  -15.144  -71.655  14.153 0.6000000238
132319  -14.765  -70.837  13.795 0.6000000238
118133  -5.712  -68.697  16.788 0.8999999762
19835  -5.796  -67.829  16.101 0.8000000119
19859  -7.262  -68.389  14.185 0.8000000119
26250  -23.283  -61.580  22.664 0.8999999762
26253  -26.914  -61.150  23.620 0.6999999881
19838  -9.699  -68.399  16.538 0.6999999881
27267  -27.658  -60.358  20.590 0.3000000119
27254  -28.375  -60.739  21.899 0.4000000060
19849  -11.185  -69.208  15.985 0.6000000238
18998  -12.909  -69.388  13.945 0.6000000238
18983  -12.234  -69.486  14.594 0.6000000238
134592  -5.527  -68.459  19.478 0.8999999762
20667  -5.969  -67.630  17.856 0.8000000119
131745  -22.606  -60.958  22.680 0.8999999762
28198  -23.544  -59.656  21.811 0.8999999762
119556  -25.859  -60.826  22.992 0.6999999881
27236  -26.754  -60.280  23.608 0.8000000119
20681  -8.590  -66.834  17.185 0.6999999881
27246  -27.955  -60.218  22.915 0.5000000000
27283  -26.684  -60.152  20.216 0.4000000060
29090  -26.859  -58.813  23.332 0.6999999881
20711  -12.667  -68.094  14.841 0.6999999881
20724  -13.241  -67.990  14.287 0.6000000238
27281  -24.713  -60.892  18.892 0.2000000030
28234  -24.920  -60.108  19.139 0.3000000119
27297  -24.232  -60.312  18.607 0.4000000060
27282  -25.399  -60.757  19.374 0.2000000030
28236  -26.368  -59.448  20.248 0.5000000000
20647  -5.726  -66.984  20.998 0.8000000119
136980  -5.483  -67.737  20.802 0.8999999762
28182  -24.324  -58.792  22.650 0.8999999762
21531  -6.746  -66.182  17.591 0.8000000119
28183  -25.548  -58.991  23.401 0.6999999881
22440  -7.131  -65.693  17.755 0.8000000119
29089  -26.167  -58.519  23.508 0.8000000119
22442  -9.805  -65.449  17.552 0.8000000119
22443  -10.558  -65.592  17.260 0.8000000119
129667  -13.883  -67.909  13.879 0.6000000238
28253  -24.400  -59.490  18.811 0.4000000060
28252  -23.709  -59.701  18.412 0.4000000060
29116  -25.708  -59.008  20.042 0.6000000238
21578  -14.339  -66.419  14.283 0.4000000060
22417  -6.232  -65.320  19.043 0.8999999762
132193  -8.135  -64.676  17.793 0.8000000119
130380  -9.582  -64.654  17.582 0.8000000119
141996  -11.673  -64.497  16.705 0.8000000119
21548  -12.135  -65.824  16.490 0.8000000119
23423  -12.027  -63.908  16.307 0.8000000119
22453  -12.968  -65.434  16.150 0.6000000238
29115  -25.076  -58.442  19.768 0.6999999881
28267  -22.306  -58.949  18.324 0.4000000060
25342  -7.497  -62.503  18.945 0.8000000119
140225  -8.068  -62.388  18.256 0.8999999762
24370  -9.427  -62.648  17.449 0.8999999762
22457  -14.022  -64.586  15.150 0.5000000000
129192  -12.726  -63.444  15.705 0.4000000060
24386  -12.623  -62.889  15.070 0.4000000060
23432  -13.995  -63.736  14.521 0.5000000000
23443  -14.384  -64.039  13.983 0.4000000060
29125  -22.676  -58.420  18.505 0.4000000060
29995  -22.292  -57.742  18.524 0.8000000119
29996  -23.156  -57.742  18.760 0.6999999881
129026  -13.797  -62.788  13.608 0.4000000060
30880  -22.579  -56.459  18.604 0.6999999881
24327  -6.994  -63.102  20.350 0.8000000119
25328  -7.325  -62.292  19.720 0.8000000119
25344  -8.298  -61.587  18.762 0.8000000119
26308  -8.337  -60.948  19.596 0.8000000119
25359  -9.650  -62.024  17.504 0.6999999881
26323  -9.085  -61.157  18.797 0.8000000119
26339  -10.271  -61.767  17.117 0.6999999881
27303  -9.607  -60.431  18.475 0.8000000119
26340  -10.979  -61.895  16.356 0.5000000000
27319  -10.770  -61.168  16.863 0.6999999881
25377  -11.367  -62.464  15.941 0.5000000000
26351  -12.152  -61.855  14.987 0.4000000060
27334  -11.761  -61.004  15.638 0.3000000119
30892  -21.784  -56.108  18.207 0.6000000238
26380  -13.983  -61.624  13.413 0.3000000119
31755  -20.598  -55.860  17.427 0.8000000119
30025  -20.189  -57.147  17.391 0.8000000119
27291  -9.721  -59.527  18.970 0.8000000119
27304  -10.223  -59.769  18.190 0.6000000238
27305  -10.783  -59.731  17.509 0.6999999881
27320  -11.161  -60.426  16.669 0.5000000000
31740  -23.375  -55.092  18.870 0.8000000119
138564  -24.006  -54.609  19.288 0.8000000119
27352  -12.928  -60.486  14.578 0.3000000119
124456  -21.239  -54.925  17.439 0.6999999881
27354  -14.327  -60.259  13.754 0.3000000119
29153  -11.647  -58.221  17.290 0.5000000000
27336  -12.911  -59.700  14.969 0.3000000119
33733  -23.959  -53.422  18.874 0.8000000119
124047  -23.434  -52.966  18.321 0.6999999881
29174  -13.499  -58.070  15.470 0.3000000119
28297  -13.211  -58.987  15.085 0.3000000119
31772  -19.246  -55.372  17.013 0.6000000238
27371  -15.494  -60.139  12.955 0.2000000030
29208  -15.508  -58.618  13.546 0.3000000119
28326  -16.407  -59.342  12.722 0.3000000119
27389  -16.287  -60.664  11.916 0.2000000030
30105  -17.485  -58.119  12.535 0.3000000119
29137  -15.132  -58.692  17.740 0.6000000238
30008  -16.842  -57.160  17.555 0.6000000238
30041  -13.260  -57.036  16.233 0.4000000060
30058  -14.637  -57.479  14.875 0.3000000119
30006  -14.563  -56.901  18.062 0.5000000000
31751  -14.621  -55.447  17.322 0.4000000060
31753  -16.025  -54.928  17.505 0.4000000060
30921  -15.009  -56.066  15.230 0.3000000119
30059  -15.258  -57.080  14.497 0.3000000119
35690  -22.127  -51.453  16.546 0.5000000000
31789  -15.425  -55.407  15.077 0.3000000119
30925  -16.515  -56.351  13.929 0.2000000030
125945  -19.068  -52.748  17.144 0.5000000000
141356  -16.828  -55.907  13.915 0.2000000030
126857  -16.536  -54.626  14.511 0.2000000030
33791  -16.958  -53.355  14.464 0.3000000119
135420  -21.995  -50.750  16.167 0.5000000000
30879  -13.390  -56.527  18.034 0.5000000000
31749  -13.722  -55.885  17.087 0.5000000000
32713  -16.095  -54.111  17.418 0.4000000060
139024  -19.440  -50.220  16.639 0.5000000000
34778  -16.608  -52.582  14.869 0.3000000119
34779  -17.196  -51.997  14.478 0.3000000119
34797  -17.850  -52.676  13.966 0.1000000015
35706  -16.960  -51.138  14.959 0.3000000119
126956  -17.611  -50.362  14.564 0.2000000030
32732  -15.101  -53.883  16.817 0.5000000000
32743  -14.896  -54.201  16.357 0.5000000000
35685  -16.511  -51.451  16.275 0.4000000060
36620  -18.445  -50.303  16.664 0.5000000000
34765  -16.230  -52.282  15.538 0.4000000060
35684  -16.326  -51.906  15.915 0.4000000060
35697  -16.595  -51.157  15.737 0.4000000060
37516  -16.805  -49.691  16.126 0.5000000000
37517  -17.499  -49.534  16.481 0.4000000060
37534  -17.017  -49.629  15.315 0.2000000030
37527  -16.806  -49.599  15.922 0.3000000119
1649  -21.220  -93.929  3.228 0.3000000119
141375  -21.645  -94.235  3.455 0.3000000119
1180  -21.432  -94.907  4.646 0.4000000060
845  -21.983  -95.381  5.223 0.4000000060
849  -22.348  -95.016  4.422 0.3000000119
138833  -22.511  -96.826  7.010 0.5000000000
120  -21.828  -98.109  8.649 0.6999999881
846  -22.760  -95.425  5.088 0.4000000060
535  -22.864  -96.240  6.238 0.5000000000
121  -22.655  -97.895  8.253 0.6999999881
539  -23.080  -95.818  5.595 0.4000000060
269  -23.219  -96.600  6.616 0.5000000000
136567  -21.520  -98.307  9.451 0.6999999881
268  -23.107  -97.184  7.345 0.6000000238
1193  -20.552  -94.311  3.654 0.4000000060
837  -21.586  -95.729  6.174 0.6999999881
133704  -20.983  -98.793  10.749 0.6999999881
117  -22.231  -98.244  9.187 0.6999999881
122  -23.121  -97.925  9.009 0.6999999881
113  -21.662  -98.727  10.985 0.6999999881
265  -23.456  -97.329  8.249 0.6000000238
118  -22.709  -98.296  10.069 0.6999999881
134012  -23.648  -97.963  9.596 0.6000000238
260  -23.878  -97.419  9.049 0.6000000238
114  -23.884  -98.182  10.437 0.6999999881
109  -23.720  -98.429  11.593 0.6999999881
253  -24.712  -97.477  10.231 0.5000000000
239  -24.498  -97.931  11.165 0.6999999881
528  -24.232  -96.350  7.825 0.5000000000
1083  -22.710  -95.147  13.380 0.6999999881
130305  -23.269  -94.692  14.087 0.6999999881
125935  -23.642  -96.593  14.788 0.8000000119
735  -23.896  -95.238  14.703 0.8000000119
2043  -16.778  -93.230  5.611 0.8000000119
1579  -17.574  -93.491  6.882 0.8000000119
1154  -17.535  -94.512  7.136 0.6999999881
135497  -18.052  -94.120  6.736 0.6999999881
1096  -22.396  -94.501  12.374 0.6999999881
1061  -23.817  -94.168  14.525 0.6000000238
736  -24.457  -96.022  15.171 0.8999999762
119571  -24.802  -95.095  15.108 0.6000000238
118651  -25.731  -95.070  15.190 0.8000000119
510  -30.899  -96.254  9.779 0.4000000060
509  -29.828  -96.315  9.514 0.5000000000
2024  -16.203  -93.039  6.334 0.8000000119
2025  -16.931  -92.920  6.492 0.8000000119
2013  -16.998  -92.960  7.111 0.8000000119
135096  -17.337  -95.315  7.563 0.6999999881
1578  -17.090  -93.605  7.513 0.8000000119
126390  -17.833  -95.566  7.688 0.6999999881
514  -17.739  -95.845  8.360 0.8000000119
1062  -24.389  -94.468  14.842 0.6000000238
1063  -25.260  -94.215  14.862 0.6999999881
1053  -36.804  -93.876  14.961 0.6999999881
756  -36.825  -94.829  14.222 0.6000000238
1051  -35.488  -94.344  14.974 0.6000000238
744  -35.717  -95.502  14.349 0.6000000238
755  -36.299  -95.355  13.844 0.6000000238
128451  -34.907  -94.298  15.034 0.6000000238
1458  -35.329  -93.717  15.241 0.5000000000
754  -35.575  -95.816  13.404 0.6000000238
805  -31.507  -95.851  9.203 0.4000000060
529  -28.982  -96.379  8.260 0.4000000060
521  -29.887  -96.240  8.675 0.4000000060
128993  -30.614  -96.133  9.098 0.4000000060
522  -30.756  -95.925  8.509 0.4000000060
1577  -15.606  -92.958  6.946 0.8000000119
2012  -16.353  -92.853  7.174 0.8000000119
2000  -16.457  -92.991  7.889 0.8000000119
1153  -16.913  -94.866  7.602 0.8000000119
141699  -17.403  -95.433  7.316 0.6999999881
1998  -15.313  -92.794  8.954 0.8000000119
2011  -15.666  -92.872  7.938 0.8000000119
1141  -16.242  -95.089  8.091 0.8000000119
1542  -15.745  -93.390  9.180 0.8000000119
1128  -15.733  -94.928  8.950 0.6999999881
138737  -18.618  -95.901  8.787 0.8000000119
503  -17.701  -96.100  9.278 0.8000000119
798  -19.885  -95.699  9.061 0.8000000119
1506  -22.345  -93.514  11.688 0.6000000238
1084  -23.302  -93.716  14.086 0.6000000238
129634  -25.159  -93.259  14.648 0.6999999881
1472  -26.070  -93.562  14.624 0.6000000238
123496  -27.751  -93.938  14.544 0.6000000238
123631  -26.709  -93.096  14.468 0.6000000238
1478  -37.487  -93.698  14.862 0.6999999881
1474  -28.416  -93.255  14.300 0.6000000238
136815  -29.440  -92.214  13.740 0.5000000000
1075  -37.744  -93.893  14.431 0.6999999881
2400  -29.895  -91.670  13.453 0.5000000000
1459  -36.282  -93.561  15.137 0.5000000000
1460  -37.202  -93.389  15.150 0.6000000238
1074  -37.173  -94.240  14.610 0.6999999881
1088  -37.561  -94.330  13.815 0.6000000238
1099  -38.257  -93.926  13.031 0.6000000238
1950  -30.142  -92.559  13.516 0.6000000238
2401  -30.623  -91.797  13.387 0.6000000238
1447  -35.634  -93.049  15.448 0.5000000000
1098  -37.511  -94.398  12.781 0.6000000238
765  -36.237  -95.309  12.851 0.6000000238
1446  -34.936  -93.051  15.678 0.5000000000
764  -35.575  -95.562  12.283 0.5000000000
1901  -34.263  -92.212  17.059 0.4000000060
791  -34.034  -95.284  10.610 0.4000000060
828  -28.957  -96.210  7.502 0.4000000060
530  -29.937  -96.144  7.945 0.4000000060
818  -30.962  -95.448  7.804 0.3000000119
130148  -26.561  -93.337  4.795 0.1000000015
824  -16.743  -95.612  7.874 0.6999999881
128605  -16.954  -96.121  8.772 0.6999999881
1988  -15.376  -93.080  10.179 0.8000000119
812  -16.042  -95.730  8.508 0.6999999881
512  -15.865  -95.985  8.967 0.6999999881
501  -16.212  -96.222  9.324 0.6999999881
797  -19.074  -95.913  9.442 0.8000000119
1973  -15.094  -92.673  10.379 0.8999999762
117965  -15.592  -94.056  9.980 0.6999999881
118813  -15.236  -95.497  9.798 0.8000000119
488  -15.100  -96.191  9.969 0.6999999881
258  -15.717  -96.414  9.950 0.6999999881
502  -16.967  -96.418  9.731 0.6999999881
139263  -19.632  -95.524  9.581 0.6999999881
1130  -20.602  -95.075  8.816 0.6999999881
1529  -21.890  -93.195  9.542 0.6000000238
124039  -22.482  -92.865  12.397 0.6999999881
1131  -21.392  -94.607  8.756 0.6999999881
1543  -21.562  -93.740  9.104 0.6999999881
136354  -22.601  -93.683  12.672 0.6999999881
1490  -22.857  -93.272  13.378 0.6000000238
1470  -23.775  -93.211  14.589 0.6999999881
1937  -25.974  -92.633  14.402 0.5000000000
134955  -25.010  -92.525  14.581 0.6000000238
1929  -38.401  -92.464  15.277 0.6000000238
1479  -38.221  -93.439  14.556 0.6999999881
1939  -27.916  -92.463  14.244 0.5000000000
2388  -28.186  -91.646  14.045 0.5000000000
1928  -37.498  -92.713  15.425 0.6000000238
1089  -38.322  -93.686  13.868 0.6999999881
1448  -36.224  -92.836  15.446 0.5000000000
1914  -35.607  -92.241  16.047 0.4000000060
1114  -38.076  -93.889  12.157 0.6000000238
2389  -31.709  -91.613  13.944 0.5000000000
132223  -35.070  -92.474  16.066 0.4000000060
778  -36.145  -95.009  11.942 0.6000000238
1113  -37.286  -94.203  11.947 0.6000000238
2352  -34.800  -91.711  17.332 0.4000000060
792  -34.921  -95.012  10.977 0.5000000000
1124  -35.903  -94.277  11.190 0.5000000000
132682  -35.146  -94.065  10.692 0.5000000000
2814  -32.189  -90.797  16.711 0.4000000060
136055  -33.366  -94.247  9.808 0.5000000000
827  -27.998  -96.370  7.928 0.4000000060
2017  -32.153  -92.743  7.931 0.4000000060
2018  -32.599  -92.508  7.469 0.3000000119
829  -29.989  -95.736  7.221 0.3000000119
129247  -31.807  -92.542  7.128 0.3000000119
1159  -30.860  -94.805  6.968 0.3000000119
2509  -27.233  -91.851  3.687 0.1000000015
2499  -26.653  -92.781  4.137 0.1000000015
194  -15.981  -97.699  15.659 0.6000000238
120157  -16.933  -97.845  16.031 0.5000000000
195  -16.913  -97.693  15.435 0.5000000000
137978  -18.311  -96.066  9.666 0.6999999881
1964  -15.237  -92.921  11.456 0.8000000119
1526  -15.408  -93.415  10.847 0.8000000119
784  -14.833  -95.962  10.573 0.8000000119
259  -16.280  -96.504  10.060 0.6999999881
138309  -15.456  -93.940  12.335 0.8000000119
1094  -15.234  -94.724  11.756 0.6999999881
1104  -15.301  -94.693  10.821 0.6999999881
487  -14.907  -96.445  10.778 0.8000000119
249  -15.749  -96.659  10.683 0.6000000238
250  -16.788  -96.649  10.706 0.6999999881
1118  -20.086  -94.797  9.595 0.6999999881
248  -15.228  -96.436  10.298 0.6999999881
1528  -20.878  -93.889  9.192 0.6999999881
1480  -39.139  -93.055  13.929 0.6999999881
1917  -37.903  -91.952  15.838 0.5000000000
1916  -37.038  -92.116  15.980 0.4000000060
1507  -38.911  -93.571  12.327 0.6999999881
1537  -36.924  -93.885  11.268 0.6000000238
2372  -31.669  -91.223  15.020 0.4000000060
1535  -34.876  -93.545  10.203 0.5000000000
2802  -32.527  -89.855  16.889 0.4000000060
826  -27.461  -96.060  7.246 0.4000000060
1548  -33.571  -93.344  9.448 0.5000000000
2005  -32.923  -92.672  8.225 0.3000000119
840  -28.061  -96.169  6.998 0.4000000060
841  -29.070  -95.874  6.737 0.3000000119
1603  -33.301  -92.799  6.718 0.6000000238
848  -28.182  -95.976  6.164 0.3000000119
135146  -29.963  -95.340  6.607 0.3000000119
2035  -32.242  -92.350  6.606 0.5000000000
1600  -27.135  -93.913  6.953 0.1000000015
1182  -26.703  -95.657  5.953 0.3000000119
1173  -30.297  -94.654  6.248 0.5000000000
2031  -26.709  -94.077  6.028 0.1000000015
1599  -26.670  -94.989  6.423 0.2000000030
1184  -28.570  -95.371  5.412 0.4000000060
2034  -31.429  -92.403  6.207 0.4000000060
122485  -31.961  -92.199  5.891 0.5000000000
2062  -25.982  -93.858  4.157 0.3000000119
139348  -26.046  -93.360  3.580 0.3000000119
1634  -26.054  -93.941  3.476 0.3000000119
2507  -26.128  -93.232  2.788 0.4000000060
2966  -27.090  -91.536  2.929 0.1000000015
128046  -26.192  -92.396  2.594 0.2000000030
119977  -17.099  -97.700  16.768 0.6000000238
193  -15.358  -97.595  15.797 0.6999999881
184  -14.666  -97.131  15.873 0.6999999881
208  -14.581  -97.197  14.615 0.6999999881
209  -15.228  -97.557  15.041 0.6000000238
131544  -16.096  -97.611  14.994 0.6000000238
490  -18.530  -96.072  10.380 0.6999999881
1503  -15.270  -93.187  12.143 0.6999999881
785  -19.285  -95.446  10.309 0.6999999881
238  -16.167  -96.815  11.322 0.6000000238
1536  -35.714  -93.563  10.390 0.6000000238
1549  -34.621  -92.979  9.489 0.5000000000
122821  -32.631  -92.509  5.869 0.6000000238
126588  -33.873  -93.547  4.797 0.6999999881
129688  -33.168  -92.948  3.659 0.6000000238
1615  -26.402  -94.275  4.988 0.3000000119
123795  -26.584  -94.949  5.664 0.3000000119
2065  -31.043  -92.188  4.680 0.4000000060
130842  -31.713  -92.374  4.213 0.6000000238
139811  -32.258  -92.586  3.355 0.6000000238
1183  -27.363  -95.692  5.626 0.4000000060
122551  -30.460  -92.702  4.767 0.4000000060
2079  -31.099  -92.356  3.670 0.5000000000
135410  -31.369  -92.416  2.846 0.5000000000
1199  -27.706  -95.210  4.709 0.4000000060
1636  -28.386  -94.436  3.867 0.4000000060
2064  -30.323  -92.651  4.013 0.4000000060
2078  -30.323  -92.758  2.998 0.4000000060
2047  -26.903  -93.176  5.579 0.1000000015
1635  -26.014  -94.697  4.089 0.3000000119
1198  -26.753  -95.075  4.981 0.3000000119
1206  -26.769  -95.034  3.943 0.4000000060
1652  -28.555  -94.012  3.090 0.4000000060
2087  -30.931  -92.401  2.225 0.5000000000
1651  -27.393  -94.373  3.168 0.4000000060
2967  -28.042  -90.842  3.698 0.1000000015
125862  -27.831  -90.551  2.961 0.1000000015
1650  -26.461  -94.274  3.409 0.4000000060
1661  -26.864  -93.951  2.374 0.4000000060
1662  -28.123  -93.817  2.487 0.4000000060
2083  -26.091  -93.310  2.158 0.4000000060
1666  -26.839  -93.417  1.494 0.4000000060
2084  -27.891  -93.515  1.709 0.4000000060
2516  -26.266  -91.822  2.208 0.1000000015
2515  -25.980  -92.629  1.940 0.2000000030
2092  -26.133  -93.036  1.424 0.4000000060
2523  -26.122  -91.712  1.392 0.4000000060
136120  -25.983  -92.464  1.170 0.4000000060
404  -15.069  -96.955  17.152 0.6999999881
118068  -14.573  -96.520  15.792 0.6999999881
186  -15.915  -97.610  16.402 0.6000000238
749  -14.269  -96.306  13.457 0.6999999881
1057  -15.248  -93.771  13.702 0.6999999881
489  -17.722  -96.393  10.332 0.6999999881
474  -17.990  -96.276  11.222 0.6999999881
1106  -19.520  -94.452  10.685 0.6999999881
769  -14.622  -96.284  11.346 0.8000000119
473  -17.400  -96.557  11.174 0.6999999881
1527  -20.094  -93.665  10.133 0.6999999881
3386  -32.104  -89.199  16.600 0.4000000060
4968  -17.266  -87.112  -4.512 0.6000000238
1664  -34.706  -92.412  3.428 0.6000000238
1654  -34.623  -92.950  3.915 0.6999999881
4960  -17.503  -88.041  -3.972 0.6000000238
5684  -18.272  -86.713  -4.119 0.6000000238
1653  -33.891  -93.002  3.728 0.6999999881
2089  -33.771  -92.319  2.601 0.6999999881
4961  -18.110  -87.634  -3.664 0.6000000238
2080  -33.261  -92.602  3.019 0.6000000238
2088  -33.048  -92.281  2.349 0.6000000238
124438  -32.158  -92.339  2.393 0.6000000238
2098  -32.445  -92.055  1.693 0.6000000238
2097  -31.394  -92.194  1.521 0.6000000238
2992  -26.712  -90.577  1.216 0.3000000119
2094  -27.895  -93.051  0.836 0.4000000060
2102  -26.155  -92.519  0.643 0.4000000060
2093  -26.707  -92.931  0.725 0.4000000060
436  -14.130  -96.830  14.185 0.6999999881
731  -14.576  -95.640  14.267 0.6999999881
460  -14.476  -96.750  12.457 0.6999999881
1081  -15.377  -94.263  13.014 0.6999999881
135275  -19.095  -95.121  11.254 0.6999999881
127018  -14.627  -95.804  12.024 0.8000000119
122052  -8.237  -94.730  9.853 0.3000000119
1101  -8.398  -95.106  11.655 0.4000000060
137980  -7.068  -94.049  11.907 0.3000000119
1509  -6.644  -92.998  11.161 0.2000000030
1954  -6.617  -92.263  12.861 0.3000000119
1961  -6.625  -92.006  10.769 0.1000000015
2101  -34.965  -91.397  1.698 0.5000000000
2100  -34.284  -92.036  2.275 0.6999999881
2524  -34.226  -91.592  1.638 0.6999999881
2090  -34.348  -92.231  2.866 0.6999999881
3627  -15.810  -89.710  -4.067 0.4000000060
5691  -15.316  -86.553  -4.776 0.6999999881
5641  -30.761  -86.413  1.468 0.6000000238
4888  -31.000  -87.163  2.342 0.6000000238
2099  -33.461  -91.983  1.860 0.6999999881
3043  -14.580  -90.252  -3.360 0.5000000000
3632  -15.154  -88.882  -4.500 0.5000000000
121540  -30.488  -86.104  0.594 0.6000000238
4901  -30.640  -87.572  1.573 0.6000000238
3625  -13.807  -89.256  -4.033 0.5000000000
120154  -30.480  -86.892  0.701 0.6999999881
2107  -32.791  -91.609  1.066 0.6999999881
6387  -29.991  -85.582  -1.144 0.6999999881
6373  -30.151  -85.867  -0.333 0.6999999881
132890  -30.256  -88.011  0.907 0.6000000238
3569  -30.672  -89.400  0.808 0.6999999881
2106  -31.995  -91.924  0.838 0.6000000238
6388  -30.278  -85.963  -1.325 0.8000000119
5653  -30.161  -86.489  -0.436 0.6999999881
121336  -31.234  -92.035  0.830 0.6999999881
5673  -30.346  -86.241  -1.847 0.8000000119
2109  -27.503  -92.129  -0.369 0.4000000060
3004  -25.964  -90.987  -0.327 0.4000000060
2534  -26.030  -91.866  -0.038 0.4000000060
700  -14.958  -96.134  17.062 0.6999999881
708  -14.761  -96.004  16.396 0.6999999881
709  -15.034  -95.145  16.618 0.6999999881
137959  -15.128  -94.394  14.236 0.6999999881
760  -14.291  -96.477  12.663 0.8000000119
237  -15.440  -96.925  11.527 0.6000000238
761  -14.731  -95.496  12.872 0.6999999881
471  -14.731  -96.631  11.605 0.8000000119
771  -18.647  -95.749  11.267 0.6999999881
1077  -8.263  -95.207  13.071 0.6000000238
1090  -7.792  -94.736  12.333 0.3000000119
6350  -30.417  -85.369  1.983 0.6000000238
5630  -30.919  -85.966  2.392 0.6000000238
7091  -28.602  -84.779  2.360 0.6000000238
6360  -29.119  -84.840  1.522 0.6000000238
6362  -30.614  -85.720  1.374 0.6000000238
2539  -34.513  -90.859  0.559 0.6999999881
4298  -15.295  -88.115  -4.744 0.6000000238
7122  -28.660  -84.645  0.857 0.6000000238
6361  -30.073  -85.165  1.386 0.6000000238
4234  -34.414  -88.144  0.226 0.5000000000
4252  -33.793  -88.634  -0.145 0.5000000000
3005  -34.431  -90.344  -0.089 0.6999999881
2108  -33.505  -91.451  1.193 0.6999999881
3042  -13.517  -90.187  -3.141 0.5000000000
129485  -27.840  -84.224  0.995 0.6999999881
6371  -29.539  -85.057  0.700 0.6000000238
4212  -30.947  -88.338  2.190 0.6000000238
4231  -31.119  -89.076  1.737 0.6000000238
4251  -33.069  -88.931  0.132 0.6000000238
3587  -33.269  -89.192  -0.276 0.6999999881
3023  -33.602  -90.340  -0.314 0.6999999881
2552  -33.767  -90.901  0.164 0.6999999881
7123  -29.079  -84.818  0.010 0.8000000119
127838  -30.212  -85.590  0.625 0.6999999881
3570  -31.370  -89.491  0.942 0.6000000238
3022  -32.692  -90.374  -0.404 0.6999999881
2551  -33.011  -91.016  -0.101 0.6999999881
121784  -33.219  -91.270  0.480 0.6999999881
6372  -29.717  -85.413  -0.176 0.6999999881
7138  -29.377  -85.167  -0.848 0.8000000119
6402  -30.162  -85.739  -1.759 0.8000000119
3585  -31.190  -89.870  -0.109 0.6999999881
2549  -31.367  -91.031  -0.295 0.8000000119
3584  -30.278  -89.668  -0.198 0.6000000238
2536  -30.649  -91.297  -0.158 0.8000000119
2537  -31.553  -91.525  0.248 0.8000000119
4288  -28.526  -88.479  -2.351 0.6000000238
3599  -25.958  -89.742  -1.038 0.4000000060
3017  -26.551  -91.000  -1.148 0.5000000000
3018  -27.824  -90.805  -1.350 0.6000000238
2545  -26.021  -91.313  -0.661 0.4000000060
2546  -26.580  -91.728  -0.560 0.5000000000
394  -16.792  -96.600  18.127 0.6000000238
118935  -15.409  -96.325  17.512 0.6000000238
1032  -15.644  -95.083  17.467 0.6999999881
463  -17.859  -95.767  12.199 0.6999999881
1105  -18.552  -95.116  12.005 0.6999999881
711  -8.346  -95.394  14.519 0.6999999881
757  -8.892  -95.742  12.917 0.6000000238
746  -7.977  -95.041  13.867 0.6000000238
1499  -7.057  -93.996  12.728 0.4000000060
125858  -6.788  -93.251  13.004 0.3000000119
1481  -6.803  -92.936  13.701 0.3000000119
2393  -6.568  -91.307  13.179 0.2000000030
6349  -29.634  -85.006  2.179 0.6000000238
5631  -31.318  -86.808  3.165 0.5000000000
4215  -33.481  -88.182  2.096 0.5000000000
7106  -28.213  -84.504  1.674 0.6000000238
4889  -31.387  -87.999  2.939 0.6000000238
4233  -33.465  -88.521  0.908 0.5000000000
4966  -14.755  -86.990  -4.741 0.6000000238
3631  -14.179  -88.520  -4.480 0.6000000238
4213  -31.445  -88.574  2.435 0.6000000238
140435  -31.584  -89.171  1.543 0.6000000238
3035  -11.909  -90.403  -2.428 0.5000000000
7136  -27.905  -84.248  -0.446 0.6999999881
3602  -32.758  -89.735  -0.361 0.6000000238
7137  -28.564  -84.716  -0.626 0.6999999881
3601  -32.017  -90.082  -0.426 0.6999999881
2550  -32.185  -91.091  -0.203 0.6999999881
2538  -32.469  -91.446  0.309 0.6999999881
7157  -27.955  -84.482  -1.326 0.8000000119
7158  -28.585  -85.081  -1.655 0.8000000119
137677  -31.386  -90.376  -0.485 0.6999999881
6412  -29.752  -85.554  -1.962 0.8000000119
119547  -26.520  -89.231  -1.502 0.3000000119
3611  -26.285  -90.154  -1.300 0.4000000060
4247  -26.224  -88.979  -0.824 0.2000000030
701  -15.996  -96.003  18.074 0.6999999881
688  -17.218  -95.618  18.612 0.6000000238
1033  -16.458  -94.033  17.955 0.6999999881
120346  -14.859  -94.816  14.934 0.6999999881
126312  -7.473  -94.324  14.092 0.5000000000
1462  -7.062  -93.558  14.348 0.4000000060
128667  -30.157  -85.381  2.856 0.6000000238
4872  -32.598  -87.822  3.662 0.5000000000
4196  -32.588  -88.383  2.763 0.5000000000
4871  -31.865  -87.649  3.614 0.5000000000
121119  -32.723  -88.629  1.837 0.5000000000
4195  -31.913  -88.345  3.028 0.5000000000
4214  -31.870  -88.832  2.149 0.5000000000
4232  -32.296  -89.090  1.091 0.5000000000
3027  -10.631  -90.670  -1.642 0.6000000238
3026  -9.945  -90.369  -1.475 0.5000000000
3010  -9.312  -90.533  -0.919 0.5000000000
4266  -26.266  -88.748  -1.176 0.3000000119
1451  -7.463  -93.721  15.742 0.4000000060
1450  -7.060  -93.254  15.145 0.4000000060
3606  -9.417  -89.592  -1.821 0.5000000000
3592  -8.633  -89.612  -0.085 0.5000000000
127225  -8.608  -88.977  -0.905 0.5000000000
136977  -7.778  -94.456  15.649 0.6000000238
1039  -7.735  -94.233  16.355 0.6000000238
2378  -6.600  -91.770  14.489 0.2000000030
123791  -6.545  -90.869  13.896 0.2000000030
120471  -27.967  -84.800  5.225 0.5000000000
7037  -28.440  -84.612  6.207 0.5000000000
7021  -28.767  -84.226  6.917 0.5000000000
7806  -28.795  -83.748  6.921 0.5000000000
4268  -8.799  -88.126  -1.701 0.5000000000
4269  -9.298  -88.024  -2.602 0.6000000238
4237  -7.979  -88.777  0.853 0.5000000000
4917  -8.490  -87.262  -1.534 0.6000000238
8582  -29.931  -83.072  6.328 0.4000000060
118597  -7.769  -87.260  1.188 0.5000000000
4255  -8.110  -88.270  0.039 0.5000000000
5642  -7.798  -86.939  0.139 0.5000000000
4916  -8.016  -87.548  -0.452 0.5000000000
1439  -7.046  -93.033  15.851 0.6000000238
1918  -6.715  -92.173  15.385 0.5000000000
1931  -6.804  -92.635  14.488 0.5000000000
126536  -6.529  -91.072  14.877 0.4000000060
2826  -6.537  -89.989  14.462 0.3000000119
7807  -29.487  -83.586  6.898 0.5000000000
4940  -9.785  -87.201  -2.683 0.6999999881
5635  -7.570  -86.730  1.863 0.5000000000
130270  -7.928  -86.651  -1.013 0.5000000000
126070  -7.710  -86.321  0.890 0.5000000000
119485  -29.952  -82.587  5.203 0.4000000060
2367  -6.555  -91.214  15.621 0.5000000000
128301  -8.964  -86.648  -2.199 0.6999999881
122671  -9.423  -86.582  -2.228 0.6999999881
5666  -9.413  -86.102  -2.125 0.8999999762
5655  -10.227  -86.548  -1.310 0.8000000119
5664  -8.480  -86.246  -1.960 0.6000000238
6391  -8.490  -85.221  -2.445 0.8000000119
132783  -8.911  -85.423  -2.385 0.8000000119
6392  -9.941  -85.807  -1.233 0.8000000119
8622  -30.552  -82.334  3.317 0.4000000060
8623  -31.189  -82.616  3.823 0.3000000119
129851  -7.495  -85.060  1.588 0.5000000000
122634  -7.704  -86.011  -0.292 0.5000000000
8632  -31.081  -82.373  2.710 0.2000000030
7148  -8.946  -84.755  -2.069 0.8999999762
8631  -30.244  -82.066  2.606 0.2000000030
1905  -6.902  -92.421  16.359 0.6000000238
118152  -6.666  -91.668  16.141 0.6000000238
118682  -6.496  -90.315  15.377 0.3000000119
7866  -7.220  -83.508  1.508 0.6999999881
118617  -7.145  -83.673  0.440 0.6000000238
7116  -7.318  -84.429  -0.001 0.6000000238
6390  -7.750  -84.692  -2.063 0.6999999881
7085  -7.370  -84.466  2.048 0.5000000000
6367  -7.568  -85.306  0.628 0.6000000238
7922  -7.942  -83.426  -1.440 0.8000000119
7147  -8.505  -84.504  -2.387 0.8000000119
2340  -7.173  -91.913  17.753 0.6000000238
2339  -6.826  -91.606  16.965 0.6000000238
2806  -6.562  -89.913  16.678 0.5000000000
9366  -7.301  -81.717  -0.358 0.8000000119
8637  -7.050  -82.428  1.246 0.6999999881
122346  -6.936  -82.940  -0.232 0.6999999881
8662  -7.499  -82.648  -0.737 0.8000000119
8680  -8.246  -82.771  -1.149 0.8000000119
121140  -7.257  -83.753  2.616 0.6000000238
123245  -8.756  -84.105  -1.868 0.8999999762
7069  -7.317  -83.985  3.553 0.5000000000
1842  -12.316  -91.823  21.993 0.6999999881
2328  -7.356  -91.233  18.201 0.6000000238
2785  -6.887  -90.460  17.990 0.6000000238
9329  -6.821  -81.595  1.825 0.6999999881
8626  -6.980  -82.748  2.243 0.6999999881
1361  -11.200  -93.100  23.405 0.6999999881
132073  -7.877  -91.390  18.880 0.6999999881
2786  -7.463  -90.437  18.754 0.6000000238
3351  -6.552  -89.547  17.437 0.6000000238
3995  -6.558  -88.377  17.228 0.5000000000
8616  -6.802  -82.076  2.902 0.6999999881
7853  -7.079  -83.057  3.240 0.6000000238
133321  -7.763  -90.124  19.485 0.6999999881
3352  -6.810  -89.607  18.370 0.6000000238
127546  -6.484  -88.819  17.985 0.5000000000
10077  -6.842  -80.355  2.746 0.6999999881
7835  -7.147  -83.344  4.146 0.6999999881
8603  -6.840  -82.435  3.854 0.8000000119
3341  -7.252  -89.523  19.141 0.6000000238
3975  -7.129  -88.701  19.499 0.5000000000
10058  -6.744  -80.216  3.637 0.6999999881
10059  -7.303  -79.580  2.940 0.6999999881
129140  -6.685  -81.323  3.542 0.6999999881
119874  -6.617  -81.889  4.534 0.6999999881
131163  -7.188  -79.327  3.804 0.8000000119
8586  -6.724  -82.919  5.526 0.5000000000
4657  -6.923  -87.850  19.797 0.5000000000
119765  -6.622  -82.260  5.975 0.4000000060
10046  -6.596  -80.922  4.462 0.6999999881
10039  -6.649  -80.568  5.149 0.6000000238
4646  -6.687  -87.064  20.107 0.4000000060
4647  -6.985  -87.807  20.614 0.5000000000
131304  -6.802  -80.569  6.021 0.6000000238
4639  -6.676  -87.054  20.932 0.4000000060
5363  -6.672  -86.937  22.416 0.4000000060
129168  -6.812  -82.349  6.871 0.4000000060
10882  -7.188  -80.064  6.670 0.6999999881
9295  -6.766  -81.505  6.457 0.6000000238
10027  -6.974  -80.781  7.012 0.6999999881
10028  -7.398  -80.220  7.485 0.6999999881
10001  -7.263  -80.848  8.876 0.6000000238
10014  -7.224  -80.884  7.921 0.6000000238
132502  -6.942  -81.294  10.392 0.4000000060
10866  -7.827  -79.622  8.587 0.6999999881
10002  -7.555  -80.097  9.175 0.5000000000
11698  -8.302  -79.193  8.835 0.8000000119
134375  -6.467  -84.464  26.458 0.6999999881
131261  -6.542  -83.191  26.560 0.6000000238
6807  -6.436  -84.210  25.543 0.5000000000
10848  -7.967  -79.564  9.459 0.8000000119
3890  -8.750  -87.980  29.699 0.8999999762
4571  -9.247  -87.501  29.281 0.8999999762
133496  -7.964  -87.295  30.835 0.8999999762
7572  -6.434  -83.846  26.498 0.6000000238
10828  -8.048  -79.543  10.366 0.8000000119
5281  -8.686  -86.760  30.311 0.8999999762
5280  -7.964  -86.387  30.931 0.8999999762
8350  -6.657  -82.561  27.102 0.5000000000
6787  -6.633  -84.233  27.112 0.6999999881
127513  -7.388  -80.192  12.298 0.6000000238
6758  -8.144  -84.807  30.622 0.8999999762
6011  -8.509  -85.679  30.367 0.8999999762
6000  -7.736  -85.507  31.087 0.8000000119
122253  -8.907  -86.109  29.791 0.8999999762
124957  -9.040  -86.029  29.026 0.8999999762
7560  -6.658  -83.466  27.311 0.8000000119
10814  -8.072  -79.529  12.144 0.6000000238
10818  -8.064  -79.512  11.278 0.6000000238
8338  -6.857  -82.602  27.661 0.8000000119
19065  -12.833  -69.712  8.627 0.6999999881
19094  -13.892  -69.449  7.509 0.6000000238
8320  -7.735  -82.548  27.889 0.8000000119
9077  -6.680  -81.671  26.536 0.6000000238
10795  -8.959  -78.399  14.322 0.6999999881
16275  -13.462  -72.246  10.766 0.4000000060
9046  -7.046  -81.684  27.971 0.8000000119
9064  -6.676  -81.573  27.665 0.6999999881
9086  -7.110  -81.693  25.611 0.5000000000
9813  -6.342  -80.880  26.951 0.5000000000
9048  -9.144  -81.755  28.268 0.8999999762
9047  -8.539  -81.479  27.881 0.8000000119
123069  -7.324  -80.754  28.056 0.8000000119
9799  -6.206  -80.633  28.054 0.6999999881
135088  -5.822  -79.762  27.037 0.6000000238
9822  -6.761  -80.944  25.761 0.3000000119
129178  -8.803  -80.294  27.839 0.8000000119
126476  -6.628  -80.909  28.135 0.8000000119
9783  -6.410  -80.182  28.421 0.8000000119
9812  -6.048  -80.145  26.356 0.5000000000
14553  -5.940  -74.281  19.317 0.6999999881
10614  -6.030  -79.551  28.651 0.8000000119
10647  -5.779  -79.303  26.566 0.6000000238
11531  -5.741  -78.625  25.837 0.5000000000
10625  -5.710  -79.356  27.660 0.6999999881
21428  -14.699  -65.931  25.653 0.8000000119
120890  -15.543  -65.898  26.047 0.8000000119
13016  -5.553  -76.631  25.264 0.5000000000
13771  -5.632  -75.866  24.900 0.4000000060
12297  -5.517  -77.756  26.157 0.5000000000
20600  -13.906  -67.169  24.534 0.8000000119
13011  -5.480  -77.052  25.909 0.6000000238
13768  -5.390  -75.776  25.617 0.6000000238
21420  -16.609  -65.357  26.651 0.8999999762
18839  -7.941  -69.301  24.706 0.8000000119
120295  -5.687  -72.195  20.148 0.6999999881
20610  -14.473  -67.849  24.183 0.8000000119
20591  -16.866  -66.393  26.368 0.6000000238
20579  -17.575  -66.765  26.376 0.5000000000
126836  -5.384  -75.063  25.215 0.6000000238
18840  -8.618  -68.908  24.673 0.8000000119
22308  -17.309  -65.063  27.012 0.8000000119
21415  -17.902  -65.642  27.283 0.5000000000
21421  -17.303  -66.035  26.915 0.5000000000
14481  -5.303  -74.240  25.720 0.6000000238
17887  -7.354  -70.392  25.151 0.8000000119
22302  -18.604  -65.365  27.476 0.6000000238
17906  -7.077  -70.192  24.363 0.8000000119
24249  -18.870  -64.142  27.187 0.6999999881
16965  -6.134  -71.324  25.261 0.8000000119
17905  -6.601  -70.740  24.514 0.6999999881
24266  -22.666  -64.092  27.129 0.5000000000
127771  -5.598  -70.605  19.826 0.6999999881
16964  -5.838  -71.723  25.122 0.8000000119
119499  -23.334  -63.746  27.597 0.3000000119
16096  -5.611  -72.496  25.294 0.6999999881
25252  -23.942  -63.170  27.051 0.4000000060
23256  -19.410  -64.602  27.493 0.5000000000
25240  -24.124  -62.826  28.006 0.4000000060
26201  -24.365  -61.349  28.257 0.5000000000
15257  -5.854  -72.466  24.234 0.5000000000
27188  -24.420  -61.046  27.143 0.6000000238
28132  -23.932  -59.317  27.182 0.6000000238
119697  -24.218  -60.178  26.620 0.5000000000
29048  -23.457  -58.609  26.571 0.6000000238
28145  -23.754  -59.416  26.031 0.6999999881
27199  -23.807  -60.284  25.531 0.6999999881
27169  -24.283  -60.180  27.766 0.4000000060
27214  -23.035  -60.528  24.443 0.6000000238
29060  -23.037  -57.828  25.977 0.6000000238
29061  -23.159  -58.708  25.469 0.6000000238
27226  -22.428  -60.665  23.259 0.6999999881
135474  -24.172  -60.228  28.817 0.5000000000
28116  -23.739  -59.245  28.350 0.4000000060
29047  -23.012  -57.912  27.025 0.5000000000
126262  -22.412  -58.120  24.971 0.6999999881
28171  -21.404  -59.269  23.183 0.6999999881
27234  -21.939  -60.268  22.299 0.8000000119
28197  -22.256  -59.548  21.589 0.8000000119
29075  -22.284  -59.025  24.366 0.6999999881
27225  -21.651  -59.941  22.833 0.6999999881
26264  -22.976  -60.609  22.053 0.8000000119
21480  -7.258  -66.148  21.712 0.5000000000
22376  -7.388  -65.338  21.575 0.6000000238
29074  -21.521  -58.452  23.824 0.6999999881
28181  -21.318  -59.395  22.144 0.8000000119
28196  -21.996  -58.295  21.675 0.8000000119
134539  -8.060  -65.988  21.562 0.5000000000
29087  -23.497  -58.038  22.345 0.8000000119
128232  -7.642  -64.590  21.473 0.6999999881
24328  -7.707  -63.179  21.075 0.6999999881
29085  -21.142  -58.764  22.846 0.8000000119
118995  -21.950  -58.142  23.124 0.6999999881
133098  -22.194  -57.511  22.320 0.8000000119
29086  -23.092  -57.255  22.674 0.8000000119
29962  -24.414  -57.305  23.179 0.8000000119
131834  -11.066  -62.806  20.613 0.5000000000
29088  -25.125  -58.081  23.362 0.8000000119
137904  -25.310  -57.400  23.301 0.8000000119
25315  -9.102  -61.978  21.304 0.6000000238
29964  -25.998  -57.726  23.377 0.6999999881
29963  -25.748  -57.054  22.950 0.6999999881
26297  -8.922  -60.300  20.204 0.6999999881
26283  -8.525  -61.032  20.651 0.6999999881
126538  -10.929  -61.483  20.513 0.6000000238
29980  -26.706  -57.632  21.616 0.6999999881
30861  -25.975  -56.761  22.309 0.6999999881
26298  -12.574  -61.355  19.223 0.6000000238
29961  -22.380  -57.144  22.684 0.6999999881
130411  -23.068  -56.536  23.154 0.8000000119
30852  -24.021  -56.596  23.236 0.8000000119
30853  -25.010  -56.729  23.200 0.8000000119
27265  -9.506  -60.042  20.511 0.6999999881
141780  -10.526  -60.593  20.580 0.6000000238
26287  -11.925  -61.641  19.840 0.6000000238
30870  -26.229  -56.956  21.712 0.6999999881
30860  -25.424  -56.332  22.585 0.6999999881
139492  -9.320  -59.885  20.108 0.6999999881
128875  -11.858  -60.679  19.548 0.6000000238
26309  -13.199  -61.251  18.695 0.6000000238
30872  -25.911  -56.649  21.037 0.8000000119
30869  -25.684  -56.183  21.721 0.8000000119
27293  -14.058  -60.567  17.909 0.5000000000
26325  -14.482  -61.220  17.592 0.6000000238
28230  -9.853  -59.316  19.398 0.6999999881
28264  -16.444  -59.095  16.978 0.6000000238
126132  -22.108  -57.488  22.725 0.6999999881
138313  -22.449  -56.587  23.145 0.8000000119
31703  -23.604  -55.901  23.328 0.6999999881
30859  -24.595  -55.861  22.943 0.8000000119
27278  -10.570  -59.397  20.060 0.6999999881
27279  -11.390  -59.678  19.721 0.6999999881
31715  -25.232  -55.509  22.178 0.6999999881
27277  -9.800  -59.496  20.038 0.6999999881
27292  -13.396  -60.535  18.377 0.6000000238
127161  -13.098  -59.711  18.637 0.6000000238
121622  -25.528  -55.889  20.878 0.6999999881
31725  -25.335  -55.284  21.345 0.6000000238
28250  -14.216  -59.730  17.976 0.5000000000
28262  -14.894  -59.555  17.525 0.5000000000
139089  -25.173  -55.850  20.382 0.8000000119
27307  -15.417  -60.310  17.034 0.6000000238
28263  -15.645  -59.386  17.170 0.6000000238
27322  -16.214  -60.049  16.652 0.6000000238
31702  -23.071  -55.304  23.501 0.6000000238
32663  -22.591  -54.828  23.686 0.6000000238
32676  -24.070  -54.351  22.670 0.6000000238
31714  -24.618  -54.963  22.463 0.6999999881
142237  -10.923  -58.976  19.658 0.6999999881
28233  -11.561  -59.002  19.303 0.6999999881
31724  -25.077  -54.819  21.790 0.6000000238
134322  -24.775  -54.215  21.987 0.5000000000
28232  -10.977  -58.605  19.272 0.6999999881
136811  -15.834  -58.623  17.415 0.5000000000
29138  -16.475  -58.080  17.424 0.5000000000
32686  -24.924  -54.357  20.291 0.6999999881
29156  -17.252  -58.701  16.804 0.6000000238
30907  -19.384  -56.295  16.965 0.6000000238
33701  -22.491  -54.025  23.508 0.4000000060
33718  -23.528  -53.614  22.801 0.4000000060
32677  -24.312  -53.723  22.224 0.5000000000
33724  -24.756  -53.579  21.497 0.6000000238
32682  -25.110  -54.360  21.090 0.6999999881
30022  -18.134  -57.486  17.012 0.5000000000
125791  -18.578  -57.018  16.948 0.6000000238
33717  -22.659  -53.108  23.130 0.4000000060
119452  -24.215  -53.098  22.067 0.6000000238
34693  -24.663  -52.896  21.205 0.6999999881
32693  -24.573  -54.100  19.710 0.6999999881
31771  -18.407  -55.301  17.361 0.4000000060
30890  -17.846  -55.922  17.470 0.5000000000
34683  -23.423  -52.715  22.537 0.5000000000
34700  -24.691  -52.860  20.229 0.6000000238
34707  -24.531  -52.235  19.877 0.6000000238
31754  -17.499  -55.047  17.639 0.3000000119
32733  -18.784  -54.589  17.341 0.4000000060
139454  -16.682  -54.748  17.604 0.3000000119
32715  -18.010  -54.480  17.613 0.3000000119
32734  -19.518  -54.451  17.046 0.4000000060
140670  -18.367  -54.098  17.545 0.3000000119
129184  -24.235  -51.579  19.340 0.5000000000
35660  -23.864  -51.246  18.580 0.5000000000
33757  -17.675  -53.577  17.605 0.3000000119
34737  -15.927  -52.800  16.946 0.4000000060
129793  -24.132  -50.797  19.253 0.5000000000
34739  -17.052  -52.758  17.464 0.4000000060
34738  -16.483  -52.560  17.162 0.4000000060
121779  -22.235  -49.898  16.113 0.4000000060
38373  -22.617  -48.035  17.019 0.2000000030
36621  -20.110  -49.630  16.567 0.4000000060
38387  -20.999  -48.278  17.017 0.1000000015
37518  -18.597  -49.362  16.805 0.3000000119
120306  -20.238  -48.810  16.836 0.2000000030
121904  -17.528  -48.753  16.568 0.2000000030
34780  -18.002  -51.912  13.975 0.1000000015
138394  -22.088  -47.402  17.057 0.2000000030
38385  -18.035  -48.178  16.914 0.1000000015
38386  -19.221  -47.824  17.187 0.1000000015
38383  -16.918  -48.859  16.117 0.2000000030
847  -23.466  -95.485  5.281 0.3000000119
240  -24.990  -97.548  11.759 0.6999999881
2048  -27.783  -92.180  5.887 0.1000000015
2500  -27.779  -91.663  4.387 0.1000000015
2487  -27.324  -92.399  5.034 0.1000000015
185  -15.081  -97.412  16.364 0.6000000238
419  -14.346  -97.001  15.146 0.6999999881
715  -14.461  -96.192  15.015 0.6999999881
1647  -19.912  -94.131  3.460 0.4000000060
123013  -22.799  -98.560  11.199 0.6999999881
777  -34.931  -95.663  11.665 0.5000000000
4967  -15.810  -87.573  -4.860 0.6000000238
1091  -8.675  -95.397  12.291 0.6000000238
729  -36.040  -94.987  14.769 0.5000000000
130765  -27.600  -91.459  -0.959 0.6000000238
137424  -30.697  -90.873  -0.536 0.8000000119
3612  -27.206  -89.656  -1.710 0.6000000238
2852  -30.846  -91.083  13.590 0.5000000000
135083  -8.133  -95.213  16.068 0.8000000119
1043  -7.926  -95.027  15.162 0.6999999881
6411  -28.977  -85.659  -2.453 0.8000000119
140174  -26.914  -88.595  -1.931 0.4000000060
11635  -8.625  -78.202  15.263 0.6999999881
118412  -15.763  -67.746  24.268 0.6999999881
20602  -16.208  -67.313  24.805 0.8000000119
21440  -15.623  -66.536  25.425 0.6999999881
19744  -8.975  -68.141  24.283 0.8000000119
20608  -9.243  -67.624  23.892 0.8000000119
23266  -17.523  -64.430  26.904 0.6999999881
23246  -19.902  -64.964  27.917 0.3000000119
22317  -14.949  -65.064  26.004 0.8000000119
23265  -16.980  -64.442  26.609 0.8999999762
24234  -20.122  -64.534  27.769 0.6000000238
29099  -26.672  -58.193  23.068 0.6999999881
25329  -7.674  -61.495  20.056 0.6999999881
30011  -21.536  -57.670  18.188 0.6999999881
130394  -24.581  -54.890  19.795 0.6999999881
30906  -18.684  -56.234  17.024 0.5000000000
35675  -23.331  -51.559  17.883 0.4000000060
37520  -21.280  -49.267  16.430 0.4000000060
33755  -15.664  -53.568  17.105 0.4000000060
25313  -7.607  -62.362  20.499 0.6999999881
30024  -19.538  -57.176  17.071 0.6999999881
135666  -24.417  -52.899  19.444 0.6999999881
536  -23.584  -96.082  5.993 0.4000000060
133861  -23.787  -96.707  7.550 0.6000000238
513  -16.406  -95.886  8.491 0.6999999881
1129  -16.229  -94.031  8.615 0.8000000119
135986  -16.207  -93.332  8.471 0.8000000119
1902  -35.012  -92.000  16.789 0.4000000060
1519  -37.850  -93.749  11.330 0.6000000238
2019  -33.505  -92.715  7.742 0.4000000060
839  -27.311  -96.023  6.436 0.3000000119
2066  -32.650  -92.783  4.206 0.6000000238
1665  -26.307  -93.518  2.035 0.4000000060
192  -14.880  -97.378  15.478 0.6000000238
125088  -14.285  -97.049  13.810 0.6999999881
2052  -33.070  -92.960  4.951 0.6000000238
1638  -34.331  -93.358  4.432 0.6999999881
140027  -34.777  -91.751  2.094 0.6999999881
3588  -34.001  -89.037  -0.449 0.5000000000
3586  -32.290  -89.461  -0.021 0.6000000238
6380  -7.590  -85.074  -0.760 0.5000000000
7908  -7.516  -83.458  -1.007 0.6999999881
20590  -16.413  -66.701  25.679 0.6000000238
20580  -18.175  -66.637  26.864 0.4000000060
25241  -24.224  -62.478  27.128 0.6000000238
26213  -24.347  -61.890  27.466 0.4000000060
29029  -23.376  -58.571  27.607 0.6000000238
27200  -24.292  -61.029  26.049 0.6999999881
28159  -23.089  -59.641  24.933 0.6999999881
28172  -22.220  -59.882  23.784 0.6999999881
23351  -8.642  -64.627  21.415 0.6999999881
29953  -21.730  -57.740  24.543 0.6000000238
23350  -7.933  -63.938  21.379 0.6000000238
29960  -21.521  -58.292  23.220 0.6000000238
25316  -10.080  -61.802  21.017 0.6999999881
26285  -9.947  -60.712  20.867 0.6999999881
25314  -8.123  -61.823  20.815 0.6999999881
29972  -26.420  -57.444  22.530 0.8000000119
26286  -11.040  -60.378  20.227 0.6000000238
27280  -12.458  -60.155  19.051 0.6000000238
29984  -25.832  -57.353  20.583 0.6999999881
29985  -26.300  -57.259  21.094 0.6999999881
27306  -14.671  -60.462  17.432 0.6000000238
125253  -22.744  -56.008  23.443 0.8000000119
31713  -23.890  -55.136  23.072 0.6999999881
31728  -25.117  -55.166  20.500 0.6999999881
32664  -23.306  -54.512  23.275 0.6000000238
29157  -17.438  -57.856  17.160 0.5000000000
30009  -17.588  -57.173  17.325 0.5000000000
30905  -18.064  -56.747  17.237 0.5000000000
33727  -24.853  -53.594  20.482 0.6999999881
34699  -24.627  -52.161  20.940 0.6000000238
33756  -16.482  -53.294  17.425 0.4000000060
38388  -21.995  -47.855  16.687 0.2000000030
37519  -19.249  -48.803  17.005 0.2000000030
138978  -20.188  -47.511  17.346 0.1000000015
38384  -17.104  -47.984  16.321 0.1000000015
2056  -14.353  -92.876  3.171 0.1000000015
124211  -15.895  -91.744  3.867 0.1000000015
2482  -16.312  -90.928  4.628 0.1000000015
2948  -17.669  -90.198  5.188 0.1000000015
122384  -14.906  -91.987  4.011 0.1000000015
2492  -13.967  -92.219  4.158 0.1000000015
131  -18.907  -96.538  27.054 0.4000000060
128  -19.573  -96.759  27.654 0.3000000119
349  -18.606  -96.284  27.258 0.4000000060
352  -18.375  -96.233  26.208 0.4000000060
135869  -18.545  -96.277  26.351 0.4000000060
628  -17.978  -96.239  25.244 0.4000000060
2481  -15.373  -91.168  4.804 0.1000000015
2939  -18.931  -89.746  5.921 0.1000000015
2946  -15.784  -90.563  5.612 0.1000000015
2938  -18.063  -89.619  5.811 0.1000000015
2479  -13.573  -91.598  5.058 0.1000000015
127  -18.846  -96.573  27.926 0.3000000119
123  -19.230  -96.766  28.396 0.3000000119
129  -20.421  -96.478  27.177 0.3000000119
132  -19.488  -96.654  26.456 0.4000000060
138  -19.861  -96.724  25.604 0.4000000060
121181  -18.664  -96.435  25.870 0.5000000000
121988  -18.413  -96.122  26.913 0.4000000060
626  -18.104  -95.739  26.023 0.4000000060
634  -17.349  -96.242  24.468 0.6000000238
960  -16.882  -95.405  24.356 0.6000000238
354  -17.701  -96.589  24.597 0.6000000238
958  -14.991  -94.729  24.109 0.6000000238
959  -15.973  -95.246  24.291 0.6000000238
118792  -14.166  -94.241  23.776 0.6000000238
2947  -16.757  -90.366  5.360 0.1000000015
2480  -14.475  -91.411  4.957 0.1000000015
122758  -18.612  -96.412  28.205 0.4000000060
344  -18.808  -96.654  28.848 0.4000000060
125  -20.549  -96.518  28.076 0.3000000119
126  -20.975  -96.058  27.602 0.3000000119
348  -18.344  -96.025  27.927 0.4000000060
623  -18.198  -95.293  27.017 0.4000000060
137  -18.981  -96.703  25.285 0.4000000060
136  -18.240  -96.690  24.766 0.5000000000
950  -17.657  -95.115  24.983 0.6000000238
355  -18.165  -96.314  25.263 0.5000000000
135  -17.634  -96.819  24.327 0.5000000000
633  -16.392  -96.246  23.915 0.6000000238
358  -17.121  -96.799  24.041 0.6000000238
2300  -13.266  -90.693  22.591 0.6000000238
2760  -14.346  -90.835  22.614 0.6000000238
1832  -14.017  -92.554  24.127 0.6000000238
2309  -13.798  -90.775  22.023 0.6000000238
133272  -14.532  -91.372  23.123 0.6000000238
1362  -13.971  -93.499  23.588 0.6000000238
139204  -14.790  -92.057  22.750 0.6000000238
127884  -25.513  -97.237  12.075 0.4000000060
493  -27.933  -96.271  11.118 0.3000000119
817  -27.912  -96.074  8.764 0.2000000030
1145  -27.947  -95.343  9.045 0.2000000030
345  -19.633  -96.764  29.065 0.3000000119
124  -19.914  -96.776  28.435 0.3000000119
343  -18.410  -96.341  28.892 0.4000000060
133  -20.565  -96.434  26.297 0.4000000060
618  -21.401  -95.479  29.000 0.3000000119
350  -21.250  -95.501  27.475 0.4000000060
351  -21.400  -95.364  26.717 0.4000000060
130  -21.173  -95.934  26.812 0.4000000060
943  -17.840  -94.624  26.091 0.5000000000
145  -18.510  -97.134  24.332 0.5000000000
144  -17.753  -97.239  23.957 0.5000000000
949  -16.720  -94.596  24.741 0.6000000238
143  -17.120  -97.220  23.669 0.5000000000
957  -14.317  -94.097  24.718 0.6000000238
218  -14.627  -97.120  13.012 0.6000000238
227  -15.955  -97.007  12.020 0.6000000238
966  -14.536  -95.040  23.207 0.6000000238
632  -15.412  -95.638  23.551 0.6000000238
3581  -26.003  -89.960  -0.591 0.3000000119
929  -21.183  -95.083  28.570 0.3000000119
340  -19.254  -96.789  29.716 0.4000000060
624  -21.217  -95.174  28.079 0.4000000060
936  -21.123  -94.932  27.494 0.4000000060
353  -21.897  -95.736  26.199 0.4000000060
134  -21.641  -96.192  25.860 0.4000000060
139  -20.793  -96.566  25.512 0.4000000060
142295  -21.610  -96.517  25.144 0.4000000060
139758  -20.216  -96.777  25.159 0.4000000060
1338  -17.263  -94.072  25.501 0.5000000000
134128  -18.972  -97.504  23.789 0.4000000060
22  -18.009  -97.650  23.559 0.5000000000
362  -16.034  -97.187  22.939 0.6000000238
138115  -15.207  -97.087  12.233 0.6000000238
2748  -13.794  -90.578  23.657 0.6000000238
641  -15.694  -96.568  23.214 0.6000000238
219  -14.799  -97.324  14.073 0.6000000238
472  -16.749  -96.703  11.636 0.6000000238
361  -15.462  -96.598  22.575 0.6000000238
659  -16.009  -96.072  21.652 0.6000000238
127340  -17.307  -96.414  11.938 0.6000000238
639  -14.559  -95.241  22.657 0.6000000238
649  -15.028  -95.924  22.355 0.6000000238
658  -15.178  -95.699  21.877 0.6000000238
986  -17.270  -95.264  21.340 0.6000000238
732  -17.907  -95.555  14.295 0.5000000000
439  -18.232  -96.264  14.624 0.5000000000
2301  -14.843  -91.446  22.329 0.6000000238
1391  -17.687  -94.089  20.927 0.6000000238
751  -17.769  -95.065  13.781 0.5000000000
1082  -18.260  -94.395  13.524 0.5000000000
1491  -23.245  -92.766  14.133 0.6000000238
118468  -21.062  -94.834  28.114 0.2000000030
935  -20.975  -94.710  27.326 0.3000000119
945  -21.698  -94.626  26.117 0.2000000030
969  -24.276  -95.061  23.420 0.2000000030
643  -24.556  -95.954  23.743 0.2000000030
645  -26.092  -96.625  22.963 0.2000000030
365  -26.483  -97.050  22.708 0.1000000015
122670  -26.087  -97.736  22.349 0.2000000030
136321  -21.397  -94.856  26.795 0.2000000030
159  -25.997  -97.367  22.667 0.2000000030
937  -21.709  -94.913  26.361 0.4000000060
617  -17.896  -94.878  28.021 0.4000000060
1327  -17.362  -93.972  26.328 0.5000000000
135133  -22.365  -95.615  25.699 0.4000000060
146  -20.853  -96.818  24.685 0.4000000060
1326  -16.874  -93.769  26.228 0.5000000000
356  -22.424  -96.040  25.460 0.4000000060
140  -22.386  -96.383  24.963 0.4000000060
153  -20.220  -97.256  23.820 0.4000000060
942  -16.245  -94.189  25.591 0.6000000238
152  -17.320  -97.618  23.279 0.5000000000
142131  -14.886  -94.341  24.918 0.6000000238
137818  -15.208  -97.323  13.561 0.6000000238
126792  -15.524  -97.104  12.824 0.6000000238
452  -15.941  -97.102  13.593 0.5000000000
733  -18.776  -95.355  14.545 0.5000000000
128275  -13.990  -94.445  23.005 0.6000000238
462  -17.103  -96.079  12.986 0.6000000238
2310  -14.517  -91.040  21.778 0.6000000238
973  -14.526  -94.524  22.320 0.6000000238
121445  -16.754  -94.351  21.296 0.6000000238
999  -18.329  -94.872  20.609 0.6000000238
124914  -18.294  -94.736  14.198 0.4000000060
1865  -14.396  -91.758  20.698 0.6000000238
1095  -18.489  -94.234  12.615 0.5000000000
1058  -18.620  -94.049  13.977 0.5000000000
1488  -18.725  -93.526  13.222 0.5000000000
1989  -21.201  -93.015  9.538 0.6000000238
1978  -21.902  -92.559  10.230 0.5000000000
1968  -22.095  -92.458  11.187 0.5000000000
1967  -21.606  -91.924  10.567 0.5000000000
1958  -22.199  -91.889  12.129 0.5000000000
1340  -21.217  -93.998  25.584 0.3000000119
1352  -22.160  -93.895  24.458 0.2000000030
650  -25.048  -95.514  23.086 0.2000000030
951  -22.003  -94.317  25.336 0.2000000030
967  -22.929  -94.263  24.154 0.2000000030
364  -25.702  -96.943  23.087 0.2000000030
121124  -17.933  -95.541  28.899 0.4000000060
947  -14.387  -94.180  25.568 0.6000000238
952  -22.366  -94.890  25.652 0.3000000119
629  -22.510  -95.334  25.551 0.4000000060
154  -21.525  -97.259  23.877 0.4000000060
357  -22.892  -95.851  25.121 0.4000000060
147  -22.106  -96.827  24.500 0.4000000060
2293  -14.198  -91.497  24.046 0.6000000238
1827  -13.969  -92.088  24.757 0.6000000238
453  -16.722  -96.577  13.727 0.5000000000
437  -16.398  -97.224  14.367 0.5000000000
984  -15.062  -94.750  21.747 0.6000000238
762  -17.527  -95.472  13.215 0.5000000000
438  -17.360  -96.551  14.379 0.5000000000
2302  -15.186  -91.491  21.540 0.6000000238
1375  -14.443  -93.307  22.696 0.6000000238
1010  -18.271  -94.482  19.582 0.6000000238
1017  -17.121  -94.426  18.593 0.6000000238
1514  -19.003  -94.316  11.660 0.6000000238
1515  -19.418  -93.469  11.095 0.6000000238
1504  -18.926  -93.418  12.103 0.6000000238
123603  -20.614  -92.995  9.823 0.6000000238
118810  -19.337  -92.561  11.494 0.6000000238
1975  -19.963  -92.685  10.535 0.6000000238
1505  -19.064  -92.630  12.530 0.5000000000
1977  -21.422  -92.402  10.005 0.6000000238
1966  -20.697  -91.542  10.674 0.6000000238
2417  -21.803  -91.568  11.208 0.5000000000
1866  -15.365  -91.850  20.138 0.6000000238
968  -23.605  -94.646  23.785 0.2000000030
1302  -16.532  -93.818  27.695 0.5000000000
1325  -16.190  -93.965  26.444 0.5000000000
941  -15.389  -94.292  26.371 0.6000000238
1350  -13.944  -93.373  24.574 0.6000000238
155  -22.723  -97.342  23.809 0.4000000060
2285  -13.578  -91.151  24.666 0.6000000238
750  -17.348  -95.795  13.857 0.5000000000
1389  -15.869  -94.000  21.414 0.6000000238
131215  -17.936  -94.933  12.950 0.5000000000
1854  -15.854  -91.999  21.137 0.6000000238
1376  -15.116  -93.646  21.852 0.6000000238
680  -18.566  -95.007  20.001 0.6000000238
2319  -15.392  -91.625  20.846 0.6000000238
1965  -19.936  -91.748  10.975 0.6000000238
134323  -13.891  -93.709  25.395 0.6000000238
134238  -13.668  -92.722  25.258 0.6000000238
2299  -12.483  -91.129  22.813 0.6000000238
2738  -13.436  -90.802  24.077 0.6000000238
2414  -19.772  -91.154  11.582 0.5000000000
1313  -15.757  -94.115  27.213 0.5000000000
940  -14.411  -94.497  26.469 0.6000000238
2284  -12.833  -91.191  24.529 0.6000000238
1816  -13.095  -92.261  25.529 0.6000000238
2291  -12.005  -91.449  23.517 0.6000000238
2278  -12.926  -91.544  25.144 0.6000000238
1825  -11.274  -91.740  24.828 0.6000000238
1814  -11.949  -91.590  25.207 0.6000000238
1815  -12.229  -91.855  25.729 0.6000000238
946  -13.742  -94.114  26.073 0.6000000238
1337  -13.301  -93.320  25.769 0.6000000238
136407  -10.459  -93.921  24.461 0.6000000238
1824  -10.409  -92.380  25.244 0.6000000238
939  -13.467  -94.701  26.711 0.6000000238
1802  -12.546  -92.841  26.048 0.6000000238
134687  -11.096  -91.600  25.652 0.6000000238
3011  -10.202  -91.158  -0.766 0.2000000030
938  -12.652  -94.686  26.931 0.6000000238
1324  -12.920  -93.985  26.288 0.6000000238
1811  -8.423  -92.821  26.275 0.6000000238
125116  -11.342  -91.640  26.038 0.6000000238
129500  -9.074  -90.772  0.853 0.2000000030
3009  -8.939  -90.397  -0.086 0.4000000060
3557  -8.055  -89.771  1.840 0.2000000030
128361  -12.507  -95.188  27.424 0.6000000238
931  -12.102  -93.553  26.710 0.6000000238
1801  -11.701  -92.137  26.388 0.6000000238
1798  -9.076  -91.953  27.090 0.6000000238
1812  -9.595  -92.057  26.611 0.6000000238
1813  -10.497  -91.737  26.311 0.6000000238
4670  -6.883  -87.351  18.134 0.3000000119
4695  -6.958  -87.740  16.798 0.3000000119
3546  -7.924  -89.515  2.584 0.3000000119
4221  -7.799  -89.080  1.914 0.3000000119
3573  -8.303  -89.792  1.294 0.4000000060
613  -12.670  -95.795  28.410 0.6000000238
924  -12.119  -95.245  27.836 0.6000000238
133552  -12.062  -94.650  27.258 0.6000000238
1312  -11.677  -93.635  27.326 0.6000000238
1323  -11.396  -92.446  27.156 0.6000000238
1797  -8.288  -91.987  27.002 0.6000000238
1799  -10.209  -91.764  27.142 0.6000000238
1800  -10.974  -91.738  26.814 0.6000000238
5421  -6.990  -87.012  18.875 0.3000000119
5392  -6.632  -86.305  20.450 0.3000000119
5407  -6.882  -86.522  19.704 0.3000000119
4682  -7.277  -87.211  17.423 0.3000000119
4179  -7.346  -88.554  3.876 0.3000000119
124498  -7.383  -88.124  2.915 0.3000000119
126439  -7.549  -87.657  2.083 0.4000000060
612  -11.943  -95.468  28.768 0.4000000060
605  -11.541  -95.206  29.623 0.4000000060
930  -11.571  -94.269  27.806 0.6000000238
923  -11.500  -94.661  28.481 0.5000000000
1311  -11.209  -92.908  27.817 0.6000000238
1791  -10.721  -91.974  27.557 0.6000000238
1789  -9.028  -91.556  28.145 0.6000000238
1790  -9.956  -91.694  27.887 0.6000000238
5377  -6.522  -86.235  21.343 0.3000000119
6123  -6.727  -85.520  20.726 0.3000000119
6137  -6.830  -85.835  20.169 0.2000000030
9211  -7.048  -81.002  13.831 0.2000000030
122328  -11.229  -95.497  31.856 0.3000000119
592  -11.116  -95.217  30.999 0.4000000060
597  -11.145  -94.969  30.299 0.4000000060
915  -11.361  -94.739  29.126 0.5000000000
922  -10.782  -93.830  29.281 0.5000000000
1300  -11.036  -93.470  28.474 0.5000000000
1299  -10.275  -92.670  28.940 0.5000000000
1310  -10.534  -92.278  28.238 0.5000000000
1788  -8.092  -91.605  27.854 0.5000000000
1785  -9.864  -91.878  28.508 0.6000000238
137436  -6.541  -85.878  22.045 0.3000000119
9953  -7.763  -80.235  13.881 0.2000000030
9210  -6.662  -81.923  13.982 0.2000000030
134854  -6.768  -82.200  14.690 0.2000000030
10807  -8.043  -79.639  13.074 0.5000000000
4826  -7.464  -87.983  5.521 0.3000000119
140526  -7.209  -88.157  4.477 0.3000000119
141585  -7.195  -87.782  3.482 0.3000000119
5626  -7.252  -86.925  3.440 0.3000000119
130944  -7.420  -86.280  2.570 0.3000000119
571  -12.149  -95.574  36.256 0.1000000015
127669  -12.570  -96.055  35.293 0.1000000015
575  -11.555  -95.653  34.331 0.1000000015
580  -11.018  -95.258  33.779 0.2000000030
904  -10.420  -94.649  31.738 0.4000000060
908  -10.532  -94.463  30.740 0.4000000060
914  -10.835  -94.328  29.925 0.4000000060
1298  -9.830  -92.914  29.689 0.5000000000
1784  -9.489  -91.941  29.095 0.6000000238
1778  -8.450  -91.654  29.597 0.5000000000
1783  -8.656  -91.490  28.895 0.5000000000
2256  -7.966  -91.325  28.569 0.5000000000
137109  -6.633  -85.172  21.378 0.2000000030
6308  -6.922  -86.301  6.490 0.2000000030
4809  -7.476  -87.596  6.279 0.1000000015
6309  -6.945  -86.718  5.737 0.3000000119
6333  -7.368  -85.776  3.375 0.3000000119
5615  -7.218  -86.610  4.209 0.3000000119
126263  -7.395  -84.694  2.979 0.3000000119
138556  -11.439  -95.363  35.190 0.1000000015
891  -10.840  -95.037  34.837 0.1000000015
585  -10.747  -95.066  32.745 0.3000000119
907  -9.888  -93.861  30.537 0.4000000060
118507  -9.106  -92.170  29.751 0.5000000000
2708  -7.180  -90.667  29.798 0.5000000000
2255  -7.775  -91.164  29.420 0.5000000000
121196  -7.359  -90.794  28.343 0.5000000000
6097  -6.550  -85.068  22.186 0.3000000119
140807  -6.843  -84.250  8.228 0.2000000030
7006  -6.819  -85.048  8.245 0.2000000030
7011  -6.851  -85.169  7.401 0.2000000030
136286  -6.896  -86.058  7.255 0.2000000030
6293  -7.162  -85.516  5.695 0.2000000030
900  -9.968  -94.454  32.718 0.3000000119
903  -9.619  -94.079  31.180 0.4000000060
1289  -9.043  -93.748  30.918 0.4000000060
1284  -8.398  -93.562  31.256 0.4000000060
1779  -9.322  -93.049  30.306 0.4000000060
913  -10.031  -93.618  30.117 0.5000000000
1769  -8.154  -92.872  30.777 0.4000000060
1770  -8.833  -93.285  30.734 0.5000000000
142183  -7.905  -92.289  30.640 0.5000000000
124130  -8.711  -92.502  30.304 0.5000000000
2248  -7.597  -91.606  30.493 0.5000000000
1777  -8.189  -91.983  30.261 0.5000000000
6083  -6.503  -85.216  23.102 0.3000000119
8555  -6.972  -82.578  8.838 0.4000000060
9283  -6.982  -81.609  7.419 0.5000000000
125124  -6.853  -83.213  7.239 0.2000000030
7789  -6.869  -84.198  7.542 0.2000000030
7798  -6.920  -83.826  6.645 0.3000000119
7028  -7.103  -84.461  6.063 0.2000000030
139506  -7.165  -84.021  5.555 0.4000000060
7029  -7.249  -84.476  5.247 0.2000000030
7046  -7.298  -84.222  4.428 0.4000000060
6322  -7.330  -85.154  4.723 0.3000000119
1285  -8.717  -93.921  31.565 0.4000000060
1746  -7.523  -93.212  32.860 0.3000000119
1761  -7.768  -93.173  31.661 0.3000000119
6832  -6.572  -84.259  23.335 0.2000000030
6853  -6.734  -84.233  22.402 0.2000000030
6833  -6.977  -83.649  22.793 0.2000000030
8562  -6.982  -82.479  7.832 0.5000000000
8364  -11.390  -82.531  25.577 0.1000000015
6816  -6.546  -84.268  24.369 0.3000000119
7614  -7.899  -84.085  23.850 0.2000000030
7612  -6.953  -83.684  23.679 0.2000000030
8395  -8.453  -83.384  24.545 0.2000000030
7597  -9.341  -83.411  24.741 0.1000000015
10779  -7.972  -79.482  15.897 0.4000000060
8382  -12.872  -81.818  25.318 0.1000000015
122334  -13.509  -81.036  25.088 0.1000000015
8365  -12.192  -82.593  25.600 0.1000000015
7583  -13.153  -82.824  25.549 0.1000000015
9087  -10.884  -81.981  25.559 0.1000000015
8394  -7.700  -83.636  24.233 0.2000000030
8363  -10.541  -82.932  25.481 0.1000000015
7596  -7.335  -83.439  24.348 0.2000000030
125427  -8.257  -78.639  15.980 0.5000000000
8381  -11.931  -81.785  25.390 0.1000000015
13080  -7.097  -76.876  17.497 0.3000000119
12367  -6.698  -77.697  17.965 0.3000000119
12368  -7.342  -77.521  17.036 0.3000000119
11603  -6.887  -78.387  17.361 0.3000000119
12386  -8.128  -77.270  16.200 0.4000000060
8377  -7.891  -83.073  24.700 0.3000000119
7595  -6.853  -83.587  24.647 0.2000000030
118992  -7.116  -82.907  24.913 0.2000000030
4561  -7.149  -87.575  30.895 0.6999999881
123472  -6.431  -77.032  18.562 0.3000000119
8362  -6.808  -82.473  25.867 0.4000000060
5268  -6.793  -86.278  32.025 0.6999999881
4548  -7.166  -86.888  31.342 0.6999999881
5269  -7.354  -86.110  31.441 0.8000000119
138367  -6.129  -76.193  19.205 0.2000000030
127803  -5.959  -77.295  19.747 0.2000000030
13829  -6.931  -75.238  18.267 0.4000000060
12335  -6.250  -77.403  20.567 0.2000000030
13817  -6.113  -75.128  19.223 0.4000000060
14569  -6.758  -74.318  18.444 0.5000000000
19112  -17.024  -69.775  5.207 0.4000000060
15317  -5.783  -73.578  19.704 0.5000000000
14542  -5.507  -74.455  21.092 0.3000000119
15306  -5.630  -73.830  21.367 0.3000000119
16162  -5.848  -72.724  19.268 0.5000000000
129711  -5.664  -73.048  20.199 0.5000000000
15298  -6.644  -73.771  21.978 0.3000000119
15309  -10.417  -73.596  20.267 0.2000000030
17007  -5.683  -71.590  21.624 0.6000000238
16140  -5.833  -72.443  21.958 0.5000000000
120379  -6.156  -72.094  22.335 0.3000000119
123880  -6.351  -72.952  22.268 0.3000000119
139460  -7.022  -72.077  22.147 0.3000000119
16152  -5.566  -73.011  21.173 0.5000000000
126701  -6.058  -72.935  22.218 0.4000000060
124078  -7.354  -73.037  21.864 0.3000000119
15307  -8.932  -73.629  21.080 0.3000000119
16153  -9.008  -72.676  20.934 0.2000000030
15308  -9.668  -73.859  20.604 0.3000000119
119618  -5.586  -70.874  21.309 0.6000000238
17025  -5.552  -71.305  20.639 0.6000000238
15297  -6.043  -73.645  22.118 0.3000000119
10648  -6.138  -79.446  25.513 0.2000000030
11532  -6.268  -78.670  24.922 0.3000000119
123817  -5.831  -70.982  21.951 0.5000000000
16985  -6.079  -71.171  22.281 0.4000000060
16141  -8.153  -72.362  21.417 0.2000000030
16154  -9.633  -72.177  20.333 0.2000000030
123354  -9.669  -73.072  20.492 0.2000000030
12301  -6.426  -77.884  24.668 0.3000000119
136494  -8.099  -71.500  21.338 0.3000000119
17930  -5.658  -70.133  21.540 0.5000000000
123450  -7.071  -70.368  21.885 0.5000000000
138967  -7.321  -71.174  21.804 0.2000000030
126080  -8.953  -71.815  20.806 0.2000000030
18892  -5.395  -69.486  20.843 0.6000000238
17026  -8.888  -70.969  20.694 0.2000000030
122746  -5.459  -69.768  19.981 0.6999999881
121386  -10.332  -76.751  32.077 0.6000000238
12298  -5.822  -77.955  25.191 0.3000000119
130712  -6.513  -77.171  24.556 0.3000000119
17914  -6.223  -70.451  22.175 0.5000000000
17915  -6.528  -69.841  22.059 0.5000000000
17931  -8.049  -69.871  21.369 0.2000000030
17947  -8.838  -70.138  20.720 0.2000000030
18893  -8.730  -69.343  20.976 0.2000000030
18874  -5.647  -69.251  21.543 0.6000000238
19790  -5.384  -68.551  21.006 0.6999999881
18859  -6.097  -69.684  22.126 0.5000000000
19775  -6.728  -68.785  21.999 0.6000000238
18876  -8.082  -69.178  21.562 0.5000000000
19791  -8.453  -68.584  21.403 0.5000000000
19774  -6.090  -68.381  21.976 0.6000000238
19792  -9.209  -68.653  20.785 0.3000000119
130329  -6.878  -67.987  21.934 0.6000000238
20648  -8.879  -67.837  21.280 0.4000000060
20633  -9.361  -67.072  21.146 0.3000000119
20631  -7.097  -67.061  21.830 0.6000000238
21496  -9.825  -66.316  21.011 0.3000000119
123771  -10.200  -67.159  20.600 0.3000000119
21508  -11.744  -66.983  19.790 0.3000000119
21481  -8.916  -66.200  21.370 0.4000000060
128673  -8.246  -66.878  21.548 0.4000000060
21497  -10.632  -66.372  20.525 0.3000000119
21498  -11.283  -66.462  20.172 0.3000000119
21509  -12.598  -66.698  19.473 0.3000000119
21510  -13.267  -65.966  19.421 0.3000000119
21518  -13.446  -66.749  18.833 0.2000000030
22394  -10.215  -65.530  20.890 0.3000000119
22395  -11.156  -65.604  20.454 0.3000000119
22396  -12.081  -65.317  20.295 0.3000000119
22406  -12.925  -65.062  19.924 0.3000000119
22393  -9.313  -65.466  21.271 0.4000000060
22407  -13.763  -65.239  19.446 0.3000000119
23362  -9.610  -64.649  21.182 0.5000000000
23363  -10.532  -64.681  20.821 0.5000000000
133671  -12.225  -64.374  20.367 0.5000000000
140366  -13.472  -64.493  19.724 0.3000000119
23377  -14.850  -64.441  19.177 0.3000000119
131153  -9.872  -63.801  21.093 0.5000000000
24329  -10.773  -63.782  20.776 0.5000000000
141224  -11.564  -63.796  20.542 0.5000000000
24341  -13.597  -63.669  19.706 0.4000000060
23376  -14.109  -64.458  19.446 0.3000000119
121504  -13.895  -63.123  19.444 0.3000000119
137309  -8.788  -63.682  21.377 0.5000000000
129858  -10.063  -62.874  21.061 0.5000000000
24355  -15.928  -63.523  18.320 0.3000000119
19749  -14.382  -68.541  24.154 0.6999999881
24330  -12.201  -63.334  20.297 0.4000000060
25318  -12.591  -62.638  20.016 0.3000000119
25319  -13.318  -62.893  19.730 0.4000000060
25332  -14.455  -63.004  19.034 0.4000000060
138955  -16.014  -62.830  18.025 0.3000000119
25347  -16.687  -63.207  18.148 0.3000000119
139337  -17.113  -62.893  18.054 0.3000000119
25331  -13.671  -62.521  19.166 0.5000000000
26341  -16.683  -61.427  16.811 0.5000000000
24267  -23.396  -63.656  26.713 0.6000000238
25253  -24.090  -62.644  26.357 0.6000000238
25266  -23.717  -62.985  25.526 0.6999999881
131688  -23.607  -63.326  24.833 0.6000000238
25317  -11.757  -62.413  20.229 0.3000000119
133116  -15.143  -62.811  18.321 0.4000000060
26313  -16.631  -62.490  17.777 0.4000000060
25330  -12.891  -62.219  19.548 0.5000000000
25346  -14.244  -62.343  18.485 0.5000000000
26312  -15.645  -62.231  17.740 0.4000000060
25348  -17.501  -62.491  18.005 0.3000000119
140030  -13.216  -61.876  19.077 0.5000000000
26310  -13.921  -61.456  18.121 0.5000000000
26327  -16.165  -61.820  17.228 0.5000000000
26328  -17.052  -61.911  17.390 0.4000000060
127655  -18.729  -61.722  17.707 0.3000000119
26326  -15.228  -61.340  17.223 0.5000000000
26330  -19.674  -61.620  18.035 0.3000000119
26331  -20.557  -61.228  18.075 0.2000000030
130324  -23.973  -63.348  28.846 0.3000000119
126108  -24.293  -62.316  29.022 0.3000000119
26214  -24.328  -61.817  26.608 0.6000000238
25267  -23.979  -61.943  25.443 0.6000000238
25275  -23.629  -62.891  24.014 0.6000000238
27215  -23.747  -61.060  25.119 0.6000000238
125200  -23.570  -62.463  24.483 0.6000000238
140318  -22.375  -57.465  27.418 0.3000000119
26343  -18.314  -61.238  16.885 0.3000000119
26342  -17.435  -61.353  16.808 0.5000000000
26344  -19.172  -61.076  17.117 0.3000000119
27309  -19.985  -60.784  17.449 0.3000000119
27310  -20.748  -60.446  17.780 0.3000000119
27294  -21.960  -60.798  18.404 0.2000000030
27308  -16.003  -61.036  16.654 0.5000000000
27323  -16.859  -60.716  16.490 0.5000000000
27326  -19.439  -60.242  16.898 0.4000000060
27311  -21.597  -60.124  18.124 0.2000000030
27295  -22.494  -60.336  18.360 0.2000000030
27325  -18.648  -60.455  16.585 0.5000000000
27327  -20.176  -59.962  17.280 0.3000000119
28266  -21.558  -59.145  18.084 0.3000000119
26242  -23.203  -61.703  23.449 0.6000000238
29935  -22.377  -57.283  26.568 0.3000000119
29917  -21.510  -56.875  27.216 0.3000000119
29934  -21.537  -56.740  26.042 0.4000000060
29947  -22.210  -57.285  25.518 0.4000000060
29933  -20.496  -56.790  26.364 0.3000000119
137687  -26.378  -61.520  19.812 0.2000000030
129589  -27.907  -59.576  22.336 0.4000000060
29104  -27.524  -58.803  22.014 0.5000000000
127881  -26.466  -58.725  20.522 0.4000000060
29109  -26.450  -57.895  20.799 0.6000000238
28280  -17.196  -59.706  16.461 0.5000000000
28281  -18.129  -59.772  16.340 0.5000000000
28283  -19.605  -59.372  16.955 0.5000000000
135085  -20.864  -58.941  17.721 0.4000000060
29140  -21.167  -58.365  17.934 0.4000000060
127234  -17.816  -59.128  16.465 0.5000000000
29160  -19.800  -58.562  17.141 0.5000000000
28284  -20.292  -59.151  17.379 0.5000000000
29139  -20.480  -58.405  17.526 0.4000000060
129841  -24.291  -61.143  29.355 0.2000000030
29946  -21.288  -57.168  25.131 0.5000000000
29103  -27.032  -58.157  22.258 0.6000000238
29159  -19.022  -58.654  16.699 0.5000000000
132481  -20.028  -57.808  17.304 0.5000000000
30010  -20.755  -57.574  17.707 0.6000000238
29158  -18.134  -58.365  16.693 0.5000000000
131042  -19.431  -57.970  16.995 0.5000000000
27145  -23.952  -60.276  29.616 0.2000000030
28115  -23.043  -58.751  29.086 0.3000000119
28094  -23.573  -59.539  29.338 0.2000000030
29010  -22.345  -58.066  28.751 0.2000000030
29009  -21.446  -57.492  28.784 0.2000000030
29073  -21.305  -58.237  23.589 0.5000000000
29951  -20.641  -57.766  24.187 0.5000000000
29952  -21.250  -57.935  24.193 0.5000000000
30023  -18.838  -57.649  16.820 0.5000000000
30891  -20.645  -56.698  17.601 0.6000000238
127321  -18.986  -56.862  16.831 0.6000000238
28093  -22.909  -59.086  29.891 0.2000000030
28991  -22.337  -58.406  29.600 0.2000000030
29971  -21.120  -57.887  22.241 0.6000000238
29970  -20.559  -57.992  22.159 0.6000000238
2318  -14.760  -91.389  21.076 0.6000000238
137588  -6.850  -87.505  18.668 0.4000000060
3974  -6.843  -87.989  19.007 0.4000000060
4681  -6.776  -87.681  17.527 0.3000000119
5422  -7.292  -86.893  18.290 0.2000000030
776  -27.492  -95.795  11.537 0.3000000119
520  -28.383  -96.240  8.771 0.3000000119
11620  -7.780  -78.177  16.589 0.3000000119
25284  -23.685  -62.473  23.288 0.6999999881
28207  -27.830  -59.354  21.445 0.4000000060
29110  -27.098  -58.528  21.271 0.4000000060
29108  -25.789  -58.156  20.293 0.5000000000
816  -27.489  -96.021  8.094 0.2000000030
121269  -7.357  -87.247  2.726 0.3000000119
3984  -6.580  -88.003  18.155 0.4000000060
4656  -6.848  -87.269  19.346 0.3000000119
26234  -23.238  -61.447  24.220 0.6000000238
29011  -23.088  -58.484  28.375 0.3000000119
29028  -22.731  -57.971  27.915 0.3000000119
119323  -8.360  -62.628  21.187 0.5000000000
125597  -9.249  -62.998  21.297 0.5000000000
135516  -23.715  -63.266  26.319 0.6000000238
461  -16.456  -96.724  12.656 0.6000000238
5408  -7.346  -86.534  19.118 0.2000000030
4859  -7.063  -87.719  4.269 0.3000000119
6292  -6.969  -85.332  6.615 0.2000000030
7782  -6.913  -83.488  8.254 0.2000000030
6270  -7.004  -86.052  8.629 0.1000000015
2238  -7.618  -92.418  31.166 0.3000000119
124166  -7.674  -78.987  16.557 0.3000000119
19776  -7.579  -68.622  21.814 0.5000000000
20632  -7.894  -67.821  21.724 0.5000000000
20649  -9.691  -67.911  20.684 0.3000000119
22405  -11.955  -66.188  20.101 0.3000000119
127509  -11.402  -64.609  20.554 0.6000000238
23364  -12.930  -64.028  20.071 0.4000000060
23269  -23.063  -64.214  26.252 0.6000000238
24291  -23.729  -63.929  24.463 0.6000000238
26311  -14.757  -61.935  17.881 0.5000000000
26332  -21.311  -60.959  18.210 0.2000000030
27324  -17.783  -60.583  16.424 0.5000000000
28265  -20.860  -59.628  17.723 0.3000000119
28282  -18.884  -59.613  16.582 0.5000000000
137604  -18.394  -59.106  16.483 0.5000000000
28073  -23.430  -59.867  30.151 0.2000000030
29918  -21.949  -57.388  28.096 0.2000000030
29959  -20.685  -58.258  22.886 0.5000000000
266  -24.087  -96.799  8.474 0.5000000000
117790  -24.531  -97.127  9.274 0.5000000000
140315  -26.622  -89.555  -0.044 0.1000000015
3582  -26.504  -90.218  0.293 0.2000000030
1935  -23.714  -92.157  14.848 0.5000000000
128109  -24.352  -91.964  14.986 0.4000000060
135392  -25.366  -91.847  14.413 0.4000000060
124071  -26.376  -91.703  14.244 0.4000000060
2837  -26.762  -90.728  14.106 0.4000000060
2848  -27.421  -89.922  13.651 0.4000000060
2398  -27.809  -90.778  13.878 0.4000000060
1567  -34.575  -92.945  8.585 0.5000000000
2408  -21.775  -90.815  11.778 0.5000000000
1947  -22.698  -92.327  13.214 0.5000000000
1948  -23.059  -91.779  14.058 0.5000000000
2383  -23.488  -91.322  14.722 0.4000000060
131634  -24.031  -90.527  15.139 0.4000000060
2385  -24.730  -91.052  14.663 0.4000000060
2834  -24.647  -89.994  14.588 0.3000000119
135733  -25.357  -90.495  14.276 0.4000000060
121250  -27.058  -88.982  13.420 0.4000000060
2849  -28.350  -90.069  13.349 0.4000000060
2399  -28.725  -90.863  13.602 0.4000000060
127544  -29.526  -90.960  13.440 0.4000000060
2850  -29.155  -90.276  13.324 0.3000000119
4057  -29.337  -89.000  13.469 0.3000000119
122683  -30.185  -91.042  13.374 0.5000000000
4058  -29.949  -88.956  14.055 0.3000000119
3426  -30.050  -89.588  13.654 0.3000000119
2838  -30.659  -90.126  13.918 0.4000000060
141843  -37.560  -93.605  10.547 0.5000000000
127877  -36.608  -93.584  10.539 0.5000000000
1550  -35.576  -93.274  9.612 0.5000000000
1551  -36.416  -93.461  9.752 0.5000000000
118401  -37.328  -93.555  9.765 0.5000000000
2006  -33.753  -92.759  8.436 0.3000000119
1568  -35.659  -93.427  8.585 0.5000000000
2020  -34.282  -92.938  7.982 0.5000000000
1584  -34.358  -93.440  7.181 0.5000000000
2868  -20.912  -90.538  11.591 0.5000000000
2860  -22.131  -90.256  12.745 0.4000000060
2397  -22.466  -91.287  12.951 0.5000000000
2382  -22.893  -90.703  13.917 0.5000000000
120735  -23.574  -90.620  14.833 0.3000000119
2847  -22.903  -89.249  14.135 0.2000000030
2833  -23.688  -89.801  14.689 0.3000000119
2835  -25.605  -89.829  14.131 0.3000000119
3422  -26.033  -89.002  13.928 0.4000000060
4054  -25.389  -88.216  13.906 0.2000000030
4055  -26.362  -88.111  13.506 0.3000000119
139383  -27.603  -88.732  13.046 0.3000000119
4063  -27.883  -88.123  13.073 0.3000000119
137118  -27.951  -89.219  12.972 0.4000000060
3424  -28.390  -88.642  13.082 0.3000000119
4735  -28.930  -88.099  13.645 0.3000000119
4041  -30.187  -88.665  14.741 0.4000000060
3408  -30.842  -89.923  14.894 0.4000000060
2839  -31.191  -90.720  14.351 0.4000000060
3395  -30.700  -89.091  15.369 0.4000000060
3396  -31.040  -89.756  15.725 0.3000000119
2822  -31.286  -90.458  15.416 0.4000000060
123259  -37.169  -93.689  8.950 0.5000000000
1569  -36.867  -93.921  8.178 0.5000000000
1585  -35.164  -93.598  7.717 0.5000000000
1618  -33.634  -93.357  5.589 0.5000000000
196  -17.860  -97.885  15.618 0.4000000060
74  -18.856  -98.311  15.743 0.4000000060
134810  -17.674  -97.631  15.219 0.4000000060
130725  -18.487  -97.794  15.152 0.4000000060
212  -17.864  -97.177  14.852 0.4000000060
213  -18.843  -97.141  14.822 0.4000000060
197  -19.418  -97.840  15.134 0.4000000060
198  -20.279  -97.576  15.480 0.4000000060
440  -19.088  -96.274  14.719 0.4000000060
420  -19.837  -96.838  14.927 0.4000000060
413  -20.981  -97.176  15.983 0.4000000060
142140  -21.362  -96.819  16.309 0.4000000060
734  -19.788  -94.909  14.700 0.3000000119
441  -19.751  -95.829  14.752 0.3000000119
717  -20.330  -95.427  14.979 0.3000000119
718  -20.834  -95.615  15.570 0.3000000119
136505  -21.608  -96.359  16.643 0.3000000119
129569  -20.603  -94.634  15.189 0.3000000119
136954  -21.118  -94.804  15.909 0.3000000119
1042  -21.466  -94.377  16.516 0.3000000119
702  -21.909  -95.679  17.202 0.3000000119
689  -22.794  -95.495  18.030 0.3000000119
1034  -21.843  -94.765  17.148 0.3000000119
1035  -22.322  -94.287  17.559 0.3000000119
1019  -22.990  -94.700  17.963 0.2000000030
132224  -23.754  -94.790  18.223 0.1000000015
1445  -21.488  -93.496  16.436 0.3000000119
1429  -21.899  -93.869  17.037 0.3000000119
1036  -22.859  -93.908  17.746 0.2000000030
1021  -24.324  -94.523  18.178 0.1000000015
1430  -22.418  -93.458  17.410 0.3000000119
1020  -23.679  -93.964  17.928 0.2000000030
2867  -20.098  -90.543  11.787 0.3000000119
2859  -21.315  -90.008  12.193 0.4000000060
2845  -21.650  -89.463  12.907 0.2000000030
2846  -22.462  -89.700  13.526 0.2000000030
3404  -23.409  -88.989  14.341 0.2000000030
127261  -23.561  -88.350  14.266 0.2000000030
127182  -25.629  -87.312  13.575 0.2000000030
4056  -27.309  -88.153  13.167 0.2000000030
4734  -28.216  -87.748  13.359 0.4000000060
4721  -28.608  -87.275  13.986 0.4000000060
4722  -29.316  -87.595  14.393 0.3000000119
4027  -30.482  -88.276  15.401 0.4000000060
4017  -31.298  -89.052  16.180 0.3000000119
142208  -39.674  -92.940  13.163 0.6000000238
120212  -39.509  -93.167  11.658 0.6000000238
139358  -31.296  -88.257  16.215 0.3000000119
3385  -31.639  -90.049  16.280 0.3000000119
1520  -38.733  -93.552  11.482 0.5000000000
1521  -39.292  -93.236  10.934 0.5000000000
140058  -38.581  -93.433  10.523 0.5000000000
142156  -38.110  -93.496  9.841 0.5000000000
1570  -37.777  -93.662  8.166 0.5000000000
1552  -38.078  -93.531  9.020 0.5000000000
1586  -36.359  -94.056  7.391 0.5000000000
1587  -37.462  -93.808  7.236 0.5000000000
1605  -35.335  -94.069  5.696 0.6000000238
124517  -35.594  -94.113  6.557 0.6000000238
1604  -34.457  -93.940  6.108 0.5000000000
187  -17.971  -98.062  16.317 0.4000000060
70  -18.682  -98.516  16.577 0.5000000000
65  -18.932  -98.796  17.250 0.5000000000
71  -19.420  -98.649  16.463 0.4000000060
188  -19.879  -98.309  15.811 0.4000000060
189  -20.763  -98.052  16.120 0.4000000060
190  -21.534  -97.430  16.645 0.4000000060
407  -22.038  -96.624  17.221 0.4000000060
1059  -19.053  -94.380  14.370 0.3000000119
1060  -19.928  -94.002  14.677 0.3000000119
1048  -20.598  -93.607  15.170 0.3000000119
408  -22.380  -95.995  17.761 0.3000000119
690  -23.446  -95.467  18.336 0.2000000030
1489  -19.067  -92.761  13.442 0.4000000060
1468  -19.192  -93.424  14.123 0.3000000119
691  -24.404  -95.421  18.503 0.1000000015
1946  -19.279  -91.851  13.096 0.4000000060
1892  -21.988  -92.898  16.857 0.3000000119
2396  -19.569  -90.877  13.282 0.3000000119
2380  -19.629  -91.562  14.002 0.4000000060
1910  -21.694  -91.951  16.435 0.3000000119
1893  -22.614  -92.638  17.317 0.3000000119
1431  -23.119  -93.202  17.633 0.2000000030
1419  -24.729  -93.785  17.882 0.2000000030
2857  -19.825  -90.278  12.610 0.4000000060
1911  -22.280  -92.134  16.957 0.3000000119
130366  -24.009  -92.926  17.681 0.2000000030
1432  -24.824  -92.942  17.586 0.2000000030
133919  -20.162  -89.703  12.838 0.4000000060
1894  -23.281  -92.357  17.512 0.2000000030
1895  -24.556  -92.218  17.481 0.2000000030
3421  -21.997  -88.799  13.535 0.2000000030
141163  -21.998  -88.282  13.812 0.2000000030
4038  -23.762  -87.567  14.097 0.2000000030
4720  -24.663  -87.411  13.807 0.2000000030
4733  -27.496  -87.432  13.317 0.3000000119
5482  -27.120  -86.503  13.518 0.2000000030
5483  -27.872  -86.913  13.722 0.2000000030
5474  -28.992  -86.821  14.688 0.3000000119
5475  -29.687  -87.150  15.074 0.3000000119
1942  -38.798  -92.837  14.708 0.6000000238
1943  -39.700  -92.287  14.278 0.5000000000
1959  -40.125  -92.496  11.865 0.6000000238
5461  -30.149  -86.660  15.650 0.2000000030
5462  -30.841  -87.019  16.007 0.2000000030
4018  -32.116  -88.267  16.575 0.3000000119
1930  -39.387  -92.071  15.024 0.5000000000
1969  -39.830  -92.577  10.958 0.6000000238
2428  -39.868  -91.659  10.523 0.4000000060
2375  -38.935  -91.672  15.668 0.5000000000
1538  -39.372  -92.976  10.202 0.5000000000
1554  -39.317  -92.712  9.582 0.5000000000
2441  -39.488  -91.789  9.675 0.3000000119
1571  -38.587  -93.128  8.380 0.5000000000
2007  -38.868  -92.690  8.392 0.5000000000
128256  -36.766  -94.011  6.464 0.6000000238
121888  -37.429  -93.498  6.439 0.4000000060
60  -19.242  -98.905  18.023 0.5000000000
64  -18.153  -98.174  17.362 0.5000000000
124201  -16.278  -97.339  17.159 0.5000000000
182  -17.322  -97.529  17.526 0.5000000000
58  -18.285  -98.303  18.328 0.5000000000
405  -15.792  -96.854  17.558 0.5000000000
178  -17.895  -97.947  18.180 0.5000000000
183  -21.781  -98.011  17.213 0.4000000060
126716  -22.461  -96.946  17.819 0.3000000119
396  -23.008  -96.326  18.286 0.3000000119
139166  -23.444  -96.973  18.637 0.3000000119
1469  -20.010  -93.069  14.613 0.3000000119
1933  -19.485  -92.464  14.029 0.4000000060
1456  -20.572  -92.683  15.205 0.4000000060
1457  -21.060  -93.137  15.805 0.4000000060
1923  -20.552  -91.776  15.200 0.3000000119
1924  -21.063  -92.271  15.828 0.4000000060
120950  -21.461  -92.747  16.304 0.4000000060
2831  -19.889  -90.051  13.423 0.4000000060
124126  -19.861  -90.716  14.125 0.3000000119
2832  -20.169  -89.873  14.278 0.3000000119
2360  -21.665  -90.900  16.354 0.3000000119
2810  -22.257  -90.467  16.845 0.2000000030
2797  -22.820  -90.959  17.269 0.2000000030
3419  -20.382  -89.234  13.489 0.3000000119
4052  -20.811  -88.493  13.933 0.2000000030
121880  -23.886  -92.065  17.534 0.2000000030
1896  -25.360  -92.454  17.360 0.2000000030
3366  -22.829  -89.944  17.302 0.2000000030
2798  -23.494  -90.645  17.461 0.2000000030
2346  -24.208  -91.323  17.473 0.2000000030
2348  -26.055  -91.839  17.079 0.2000000030
4053  -21.507  -88.337  13.834 0.2000000030
3367  -23.588  -89.756  17.468 0.2000000030
119969  -24.973  -90.195  17.143 0.2000000030
4037  -22.945  -87.770  14.346 0.2000000030
4718  -23.119  -87.028  14.452 0.2000000030
4719  -23.940  -86.582  14.105 0.2000000030
4731  -25.788  -86.586  13.549 0.2000000030
5472  -27.561  -86.056  14.028 0.2000000030
6194  -28.000  -85.670  14.648 0.2000000030
6195  -28.723  -85.985  14.938 0.3000000119
2353  -35.543  -91.473  17.432 0.3000000119
1904  -36.626  -91.705  16.868 0.3000000119
5460  -29.443  -86.323  15.287 0.2000000030
3372  -33.445  -89.689  17.316 0.3000000119
2336  -36.875  -90.735  18.124 0.3000000119
2356  -38.048  -91.020  17.301 0.4000000060
2365  -38.448  -91.284  16.415 0.5000000000
1498  -39.976  -92.344  13.484 0.6000000238
5453  -31.516  -86.419  16.494 0.2000000030
4704  -31.615  -87.415  16.409 0.3000000119
4692  -33.055  -87.724  16.955 0.2000000030
4003  -32.953  -88.800  17.005 0.3000000119
130672  -34.859  -89.967  17.993 0.3000000119
2337  -37.691  -90.633  18.067 0.3000000119
2338  -38.464  -90.302  17.742 0.3000000119
2391  -40.271  -91.509  14.653 0.5000000000
1953  -40.569  -91.718  13.104 0.5000000000
2418  -40.404  -91.469  11.627 0.6000000238
2898  -39.092  -91.250  9.765 0.2000000030
2440  -38.940  -91.664  9.063 0.2000000030
4705  -32.448  -87.356  16.758 0.2000000030
2815  -38.845  -90.551  16.886 0.4000000060
2376  -39.935  -91.239  15.413 0.5000000000
2008  -39.130  -92.305  8.916 0.4000000060
2793  -38.171  -89.983  18.539 0.1000000015
2794  -38.706  -89.527  18.086 0.1000000015
2022  -38.537  -92.866  7.776 0.4000000060
2450  -38.661  -92.282  8.241 0.2000000030
1588  -38.049  -93.161  7.059 0.4000000060
125865  -36.174  -93.914  5.793 0.6000000238
1606  -36.862  -93.585  5.869 0.4000000060
2037  -37.163  -93.163  5.947 0.3000000119
1620  -35.608  -93.674  5.172 0.5000000000
139474  -35.918  -93.308  5.050 0.5000000000
1655  -35.136  -92.771  4.059 0.5000000000
125420  -35.175  -91.016  1.057 0.4000000060
141981  -19.152  -98.865  19.361 0.5000000000
59  -18.615  -98.569  18.115 0.5000000000
395  -17.725  -96.565  18.836 0.5000000000
53  -18.163  -98.148  19.116 0.5000000000
54  -18.490  -98.446  18.964 0.5000000000
384  -18.104  -96.778  19.659 0.5000000000
379  -17.732  -97.465  20.523 0.5000000000
1018  -17.853  -94.797  19.048 0.5000000000
132335  -18.002  -96.628  20.485 0.5000000000
2370  -20.441  -90.734  15.026 0.3000000119
2371  -21.068  -91.329  15.807 0.3000000119
2361  -26.959  -91.156  16.538 0.1000000015
2820  -20.586  -89.678  15.087 0.3000000119
3394  -21.099  -89.330  15.720 0.2000000030
2809  -21.664  -89.934  16.342 0.2000000030
136087  -25.751  -90.820  17.028 0.2000000030
4034  -20.807  -88.472  14.625 0.2000000030
3380  -21.840  -88.893  16.352 0.2000000030
122196  -22.231  -89.655  16.821 0.2000000030
4025  -21.240  -88.400  15.373 0.2000000030
3381  -22.562  -89.005  17.077 0.2000000030
2811  -25.764  -89.884  16.802 0.2000000030
118852  -24.837  -90.870  17.311 0.2000000030
4036  -22.068  -87.900  14.220 0.2000000030
4026  -21.977  -87.927  16.012 0.2000000030
4012  -22.434  -88.130  16.812 0.2000000030
4000  -23.657  -88.863  17.334 0.2000000030
3368  -24.344  -89.560  17.279 0.2000000030
127083  -22.523  -87.383  14.614 0.2000000030
5469  -22.610  -86.824  15.050 0.2000000030
4700  -22.863  -86.693  16.391 0.2000000030
4688  -22.921  -87.436  16.979 0.2000000030
4701  -23.608  -86.747  16.686 0.2000000030
4001  -24.623  -88.636  16.833 0.2000000030
5459  -23.487  -85.748  15.432 0.2000000030
5448  -23.411  -85.993  16.187 0.2000000030
4013  -24.544  -87.518  16.628 0.2000000030
5471  -24.546  -85.950  14.224 0.2000000030
6202  -25.182  -85.621  14.646 0.2000000030
6170  -24.054  -85.670  15.810 0.2000000030
5449  -24.167  -86.024  16.239 0.2000000030
6204  -26.844  -85.724  13.935 0.2000000030
6180  -24.687  -85.639  15.364 0.2000000030
124443  -26.715  -85.280  14.577 0.2000000030
6183  -28.392  -85.194  15.237 0.2000000030
6184  -29.168  -85.479  15.528 0.2000000030
2881  -38.704  -90.764  10.355 0.2000000030
6185  -29.964  -85.776  15.821 0.1000000015
5452  -30.751  -86.094  16.175 0.1000000015
4004  -33.878  -88.791  17.441 0.3000000119
3358  -35.029  -89.148  18.281 0.2000000030
126275  -40.291  -90.715  11.856 0.3000000119
2883  -40.034  -91.234  10.957 0.4000000060
2439  -38.096  -91.401  8.708 0.2000000030
5441  -32.132  -85.839  17.019 0.1000000015
4693  -33.725  -87.276  17.611 0.1000000015
130071  -33.651  -88.074  17.246 0.2000000030
2824  -40.074  -90.362  15.664 0.3000000119
2853  -40.901  -90.401  13.716 0.3000000119
2403  -40.742  -90.911  12.909 0.3000000119
2449  -37.856  -91.711  7.864 0.2000000030
2784  -37.887  -89.528  19.257 0.1000000015
124516  -39.481  -90.049  16.421 0.1000000015
2816  -39.701  -89.832  16.039 0.2000000030
2461  -38.161  -92.563  7.385 0.2000000030
3349  -38.200  -88.993  19.514 0.1000000015
4006  -38.964  -88.456  17.767 0.1000000015
3388  -39.313  -88.967  16.425 0.1000000015
2021  -37.530  -92.791  6.521 0.2000000030
127833  -36.903  -92.086  6.387 0.2000000030
3994  -38.830  -88.379  18.537 0.1000000015
1622  -36.705  -93.134  5.422 0.3000000119
2502  -35.753  -92.291  4.342 0.2000000030
138663  -35.737  -91.738  4.812 0.2000000030
1640  -35.582  -93.112  4.662 0.5000000000
2068  -35.424  -92.441  4.097 0.2000000030
2501  -35.634  -91.828  3.641 0.2000000030
7105  -27.391  -84.205  1.790 0.5000000000
2081  -35.145  -92.049  3.446 0.4000000060
2510  -35.492  -91.754  3.224 0.2000000030
132014  -35.328  -91.536  2.157 0.4000000060
134200  -36.257  -90.972  1.485 0.3000000119
3024  -35.064  -89.725  -0.365 0.4000000060
3007  -36.250  -90.185  0.375 0.4000000060
118929  -36.702  -90.547  0.999 0.3000000119
130922  -34.788  -88.997  -0.507 0.4000000060
3589  -35.660  -89.083  -0.419 0.4000000060
133554  -34.456  -88.579  -0.293 0.4000000060
4253  -35.297  -88.373  -0.170 0.4000000060
6300  -29.238  -84.704  6.609 0.4000000060
6301  -29.963  -85.185  6.559 0.4000000060
6302  -30.843  -85.164  6.846 0.4000000060
7014  -29.525  -84.058  7.120 0.4000000060
140385  -30.178  -84.936  7.031 0.4000000060
7823  -30.815  -83.312  6.396 0.4000000060
338  -18.029  -96.057  29.650 0.3000000119
24  -17.660  -97.965  22.877 0.4000000060
33  -18.134  -98.469  21.841 0.4000000060
610  -17.477  -95.074  29.694 0.3000000119
12  -18.695  -98.612  19.614 0.5000000000
125891  -17.640  -95.603  30.295 0.3000000119
31  -17.137  -97.796  21.918 0.5000000000
41  -17.668  -98.137  21.736 0.5000000000
47  -18.065  -98.229  20.920 0.5000000000
168  -17.189  -97.576  21.439 0.5000000000
165  -17.619  -97.965  21.253 0.5000000000
371  -17.279  -96.986  21.115 0.5000000000
672  -17.952  -95.995  20.998 0.5000000000
2812  -26.594  -90.189  16.606 0.2000000030
3382  -25.776  -88.970  16.439 0.2000000030
4702  -25.439  -87.239  16.306 0.2000000030
4014  -25.410  -88.106  16.410 0.2000000030
5450  -25.276  -86.275  16.053 0.2000000030
6172  -25.728  -85.727  15.792 0.2000000030
6940  -26.842  -84.775  15.921 0.2000000030
6192  -26.078  -85.414  14.868 0.2000000030
6956  -27.285  -84.900  15.099 0.2000000030
6943  -28.828  -84.689  15.809 0.1000000015
6174  -29.706  -84.927  16.021 0.1000000015
2871  -39.193  -90.576  11.183 0.1000000015
6175  -30.570  -85.191  16.332 0.1000000015
3993  -34.739  -88.314  18.631 0.1000000015
2862  -39.780  -90.299  12.026 0.2000000030
2896  -37.460  -90.817  9.138 0.2000000030
2448  -36.850  -91.182  7.696 0.2000000030
6162  -31.840  -85.079  17.376 0.1000000015
139145  -32.682  -86.138  17.338 0.1000000015
4677  -34.171  -87.501  18.488 0.1000000015
3981  -34.959  -88.416  19.769 0.1000000015
3345  -35.530  -88.939  19.155 0.1000000015
3338  -36.299  -89.142  20.776 0.1000000015
3432  -40.679  -89.828  13.950 0.2000000030
3441  -40.502  -89.903  13.310 0.2000000030
2459  -36.261  -91.267  6.878 0.2000000030
3413  -40.362  -89.710  14.760 0.2000000030
3412  -40.044  -89.540  14.572 0.2000000030
3431  -40.181  -89.593  13.817 0.1000000015
3348  -37.604  -89.139  20.006 0.1000000015
3397  -39.462  -89.169  16.022 0.2000000030
4047  -39.618  -89.388  15.307 0.2000000030
2474  -36.047  -91.580  5.967 0.2000000030
2458  -35.353  -90.707  6.306 0.2000000030
136170  -37.922  -88.692  20.295 0.1000000015
3983  -38.522  -88.557  19.386 0.1000000015
121417  -39.028  -88.021  17.861 0.1000000015
4019  -39.146  -88.473  16.573 0.1000000015
117899  -35.594  -91.144  4.493 0.2000000030
2969  -35.967  -91.595  3.060 0.2000000030
2960  -35.958  -90.967  3.692 0.2000000030
2511  -36.028  -91.478  2.619 0.3000000119
2981  -36.786  -91.015  2.250 0.2000000030
2518  -36.084  -91.318  2.055 0.3000000119
2994  -36.870  -90.801  1.669 0.3000000119
3590  -36.455  -89.395  -0.089 0.3000000119
4254  -36.290  -88.672  -0.108 0.4000000060
6313  -29.266  -85.077  5.884 0.4000000060
6325  -29.341  -85.323  4.831 0.4000000060
138382  -31.135  -86.002  3.479 0.4000000060
6326  -30.704  -85.903  4.988 0.4000000060
5619  -31.660  -86.750  3.998 0.4000000060
3038  -15.211  -91.043  -2.853 0.2000000030
5618  -31.265  -86.199  4.439 0.4000000060
4849  -32.271  -87.247  4.318 0.4000000060
6327  -31.383  -86.168  5.411 0.4000000060
332  -18.155  -96.348  30.315 0.3000000119
117579  -18.153  -98.346  22.376 0.4000000060
128661  -19.130  -98.946  20.055 0.5000000000
13  -19.778  -99.127  19.549 0.4000000060
18  -19.547  -98.999  18.768 0.5000000000
1  -18.925  -98.794  21.850 0.4000000060
0  -18.668  -98.784  21.257 0.4000000060
603  -17.577  -95.647  31.093 0.4000000060
135936  -16.469  -97.467  22.780 0.5000000000
23  -17.052  -97.778  22.761 0.5000000000
3  -18.181  -98.430  21.296 0.4000000060
48  -18.360  -98.351  19.935 0.5000000000
595  -17.123  -95.462  31.979 0.4000000060
910  -17.056  -94.882  30.443 0.4000000060
918  -16.835  -94.393  29.628 0.4000000060
927  -17.266  -94.091  27.948 0.4000000060
366  -16.049  -97.147  22.421 0.5000000000
160  -16.719  -97.591  22.448 0.5000000000
370  -16.351  -96.980  21.832 0.5000000000
2813  -27.510  -90.295  16.478 0.1000000015
3384  -27.176  -89.446  16.538 0.2000000030
128145  -26.610  -88.935  16.464 0.2000000030
4703  -26.129  -86.852  16.412 0.2000000030
4015  -26.370  -88.061  16.394 0.2000000030
6173  -26.498  -85.284  16.171 0.2000000030
5451  -26.212  -85.910  16.313 0.2000000030
6931  -30.225  -84.417  16.581 0.1000000015
6932  -31.123  -84.626  16.888 0.1000000015
2897  -38.206  -90.968  9.557 0.2000000030
2914  -36.126  -90.626  8.325 0.2000000030
6153  -31.933  -84.985  18.393 0.1000000015
6163  -32.434  -85.596  17.818 0.1000000015
5442  -33.113  -86.153  18.053 0.1000000015
5430  -33.626  -86.791  18.421 0.1000000015
4678  -34.432  -87.834  19.279 0.1000000015
2861  -38.673  -90.120  12.044 0.1000000015
4666  -34.318  -87.950  20.309 0.1000000015
3982  -35.660  -88.941  20.359 0.1000000015
3332  -36.406  -88.888  21.380 0.1000000015
3973  -35.762  -88.816  21.338 0.1000000015
4046  -39.095  -89.042  15.211 0.2000000030
2490  -35.460  -90.964  5.402 0.2000000030
4680  -39.016  -87.823  18.299 0.1000000015
2996  -38.323  -89.922  1.437 0.2000000030
2982  -37.754  -90.513  1.945 0.2000000030
2970  -36.547  -91.146  2.851 0.2000000030
127334  -27.745  -84.494  2.440 0.5000000000
4217  -36.982  -88.218  1.052 0.3000000119
3591  -37.171  -88.928  0.227 0.3000000119
3008  -37.047  -89.817  0.514 0.2000000030
2995  -37.516  -90.257  1.167 0.2000000030
4873  -35.229  -87.294  2.892 0.4000000060
4891  -35.201  -87.490  1.763 0.4000000060
7077  -27.985  -84.760  3.253 0.5000000000
6337  -29.048  -85.097  3.102 0.5000000000
130346  -34.304  -87.483  3.535 0.4000000060
128168  -36.111  -88.121  0.369 0.4000000060
7058  -28.568  -85.077  4.223 0.4000000060
6338  -29.579  -85.390  3.807 0.4000000060
4851  -32.904  -87.373  4.566 0.4000000060
127894  -33.463  -87.561  4.040 0.4000000060
4890  -34.332  -87.709  2.470 0.4000000060
4216  -34.351  -87.925  1.336 0.4000000060
4235  -35.204  -87.853  0.729 0.4000000060
4850  -32.535  -86.949  5.133 0.4000000060
4197  -33.436  -87.952  3.161 0.4000000060
5601  -31.850  -86.698  4.869 0.4000000060
126033  -31.067  -83.860  6.889 0.4000000060
8599  -31.254  -83.081  5.619 0.4000000060
333  -18.851  -96.755  30.327 0.3000000119
121971  -18.474  -96.562  30.973 0.3000000119
141957  -19.226  -96.750  30.932 0.3000000119
118912  -20.357  -99.175  18.860 0.4000000060
594  -15.756  -95.394  32.022 0.3000000119
589  -16.755  -95.642  32.696 0.4000000060
602  -16.542  -95.030  31.183 0.4000000060
926  -16.561  -93.945  28.752 0.4000000060
601  -15.560  -95.257  30.890 0.4000000060
909  -16.170  -94.615  30.229 0.4000000060
1301  -15.866  -94.039  28.112 0.4000000060
2800  -28.277  -90.443  16.681 0.1000000015
3370  -27.959  -89.670  16.782 0.2000000030
2801  -28.553  -89.948  17.287 0.1000000015
119210  -27.633  -88.893  16.888 0.2000000030
4690  -26.853  -87.318  16.887 0.2000000030
4002  -27.266  -88.154  16.870 0.2000000030
6917  -26.955  -84.843  16.514 0.2000000030
5439  -26.689  -86.333  16.913 0.2000000030
6928  -27.328  -84.387  16.397 0.2000000030
7698  -27.848  -84.059  16.223 0.2000000030
7699  -28.291  -83.853  16.678 0.1000000015
6920  -29.756  -83.920  16.845 0.1000000015
6911  -30.742  -83.896  18.194 0.1000000015
2870  -38.081  -90.362  11.159 0.2000000030
2880  -37.649  -90.489  10.328 0.2000000030
6922  -31.304  -84.396  17.831 0.1000000015
6144  -31.815  -85.228  19.567 0.1000000015
139875  -39.391  -89.991  12.448 0.2000000030
6154  -32.532  -85.675  18.800 0.1000000015
5429  -33.169  -86.347  19.135 0.1000000015
4665  -33.775  -87.209  19.500 0.1000000015
4653  -33.628  -87.489  20.860 0.1000000015
2930  -35.955  -90.755  7.603 0.2000000030
5417  -33.021  -86.777  20.241 0.1000000015
4654  -34.358  -88.023  21.525 0.1000000015
3411  -39.479  -89.389  14.592 0.2000000030
2944  -34.932  -90.150  6.060 0.2000000030
2929  -35.303  -90.483  7.108 0.2000000030
4642  -33.804  -87.469  22.091 0.1000000015
4706  -39.093  -87.430  16.897 0.1000000015
2954  -35.275  -90.266  5.358 0.2000000030
3965  -35.221  -88.262  21.891 0.1000000015
3543  -37.965  -90.435  3.166 0.2000000030
3572  -38.492  -89.192  1.135 0.2000000030
2983  -38.677  -90.178  2.206 0.2000000030
2971  -37.401  -90.718  2.623 0.2000000030
3542  -36.891  -90.548  3.380 0.2000000030
4892  -37.563  -87.737  2.053 0.3000000119
4218  -38.179  -88.508  1.341 0.2000000030
123916  -38.195  -90.426  2.530 0.2000000030
120025  -36.289  -87.332  2.141 0.3000000119
4236  -37.868  -88.827  0.733 0.2000000030
5585  -32.123  -86.432  5.667 0.4000000060
129059  -31.772  -85.061  6.794 0.4000000060
7023  -31.361  -84.480  6.933 0.4000000060
8598  -30.592  -82.876  5.721 0.3000000119
334  -19.860  -96.665  30.526 0.3000000119
127028  -19.881  -96.593  31.346 0.3000000119
328  -20.260  -96.300  31.842 0.3000000119
917  -16.131  -94.248  29.457 0.4000000060
122554  -15.198  -95.329  29.988 0.4000000060
916  -15.497  -94.754  29.466 0.4000000060
925  -15.592  -94.441  28.779 0.4000000060
3371  -28.162  -89.164  17.502 0.2000000030
3990  -27.885  -88.253  17.609 0.2000000030
3356  -28.663  -89.502  18.225 0.1000000015
4691  -27.255  -86.712  17.540 0.2000000030
117922  -27.487  -87.554  17.497 0.2000000030
3991  -28.391  -88.652  18.404 0.2000000030
138432  -27.278  -84.631  17.089 0.2000000030
5440  -27.155  -85.922  17.514 0.2000000030
7686  -27.793  -83.968  17.019 0.2000000030
6918  -27.659  -84.445  17.656 0.1000000015
7688  -29.464  -83.744  17.534 0.1000000015
7675  -30.263  -83.861  18.754 0.1000000015
130599  -37.982  -89.872  12.692 0.1000000015
128063  -37.288  -90.566  9.696 0.2000000030
5416  -32.492  -86.017  19.825 0.1000000015
3439  -38.858  -89.831  12.903 0.1000000015
3430  -39.172  -89.613  13.785 0.1000000015
4643  -34.677  -87.676  22.414 0.1000000015
4030  -39.172  -88.552  16.095 0.1000000015
4029  -38.938  -88.166  15.846 0.1000000015
4679  -38.772  -87.597  19.075 0.1000000015
4694  -39.086  -87.599  17.526 0.1000000015
3523  -36.247  -90.094  4.160 0.2000000030
3556  -39.001  -89.520  1.897 0.2000000030
129984  -39.295  -88.949  2.055 0.2000000030
4852  -34.213  -87.116  4.454 0.4000000060
141523  -33.519  -87.206  4.719 0.4000000060
135998  -32.501  -86.081  6.228 0.4000000060
7809  -31.721  -84.057  6.692 0.4000000060
8612  -31.588  -83.050  4.749 0.2000000030
335  -20.471  -96.275  31.018 0.3000000119
906  -20.239  -94.950  32.194 0.2000000030
1269  -20.766  -93.723  34.106 0.2000000030
1278  -20.467  -93.550  33.231 0.2000000030
600  -14.702  -95.979  30.372 0.4000000060
331  -14.223  -96.480  30.609 0.4000000060
142098  -14.469  -96.021  29.654 0.4000000060
609  -14.715  -95.642  29.080 0.4000000060
616  -14.828  -95.290  28.421 0.4000000060
122639  -14.849  -94.821  27.104 0.4000000060
615  -14.170  -95.841  28.363 0.4000000060
621  -14.410  -95.352  27.743 0.4000000060
933  -13.962  -95.154  27.175 0.5000000000
3342  -28.901  -89.055  19.063 0.1000000015
4675  -27.770  -87.093  18.118 0.2000000030
140851  -27.850  -87.662  17.935 0.2000000030
3979  -28.736  -88.228  19.281 0.2000000030
133347  -27.666  -86.128  18.290 0.2000000030
4663  -28.065  -86.794  18.918 0.1000000015
6161  -27.464  -85.194  17.827 0.1000000015
7687  -28.545  -83.818  17.296 0.1000000015
7674  -29.410  -83.882  18.505 0.1000000015
6912  -31.129  -84.313  18.927 0.1000000015
3448  -37.360  -90.045  12.037 0.2000000030
2879  -36.643  -90.328  10.200 0.2000000030
134940  -31.998  -85.769  20.385 0.1000000015
5403  -32.425  -86.354  20.811 0.1000000015
2894  -35.110  -90.233  8.931 0.2000000030
5404  -33.006  -86.996  21.436 0.1000000015
4714  -39.035  -87.702  16.408 0.1000000015
4045  -38.647  -88.755  15.178 0.1000000015
2928  -34.679  -89.892  7.344 0.2000000030
2913  -35.207  -90.316  7.923 0.2000000030
5387  -33.358  -86.749  22.578 0.1000000015
4636  -34.193  -87.003  22.842 0.1000000015
140860  -38.990  -87.427  18.337 0.1000000015
3507  -35.360  -89.705  5.370 0.2000000030
3502  -34.931  -89.649  6.045 0.2000000030
4638  -35.457  -87.192  22.498 0.1000000015
3524  -37.554  -89.988  4.026 0.2000000030
3508  -35.805  -89.694  4.801 0.2000000030
140912  -39.449  -90.168  3.195 0.2000000030
3525  -38.758  -90.299  3.739 0.2000000030
4853  -35.212  -86.895  4.080 0.4000000060
4834  -33.198  -86.978  5.292 0.3000000119
5572  -33.153  -85.957  6.316 0.3000000119
6303  -32.596  -85.349  6.597 0.3000000119
7024  -32.240  -84.512  6.614 0.4000000060
7825  -32.342  -83.773  5.865 0.3000000119
7844  -32.386  -83.555  4.823 0.2000000030
7843  -31.852  -83.394  5.481 0.3000000119
8613  -31.969  -83.112  3.892 0.2000000030
901  -20.087  -93.907  32.574 0.2000000030
120962  -14.647  -96.265  31.937 0.3000000119
330  -13.604  -96.769  30.432 0.3000000119
336  -13.557  -96.513  29.647 0.3000000119
607  -13.225  -96.219  29.074 0.4000000060
608  -13.965  -96.284  29.095 0.4000000060
620  -13.593  -95.623  27.742 0.4000000060
4676  -28.169  -87.712  18.554 0.2000000030
3980  -29.225  -88.779  19.792 0.1000000015
5414  -28.042  -86.034  19.245 0.2000000030
4664  -28.462  -87.346  19.663 0.1000000015
3971  -29.349  -88.679  20.639 0.1000000015
6152  -27.974  -85.408  18.744 0.1000000015
3964  -29.404  -88.620  21.681 0.1000000015
6908  -27.944  -84.712  18.345 0.1000000015
6143  -28.180  -85.457  19.625 0.1000000015
6900  -28.252  -84.943  19.137 0.1000000015
6909  -28.562  -84.351  18.647 0.1000000015
6910  -29.067  -84.279  19.127 0.1000000015
7665  -29.639  -84.030  19.168 0.1000000015
6903  -30.228  -84.066  19.553 0.1000000015
6904  -30.941  -84.580  20.017 0.1000000015
2869  -36.978  -90.222  11.060 0.2000000030
122152  -31.447  -85.267  20.586 0.1000000015
3410  -38.372  -89.241  14.492 0.1000000015
5386  -32.533  -86.352  21.920 0.1000000015
3429  -37.911  -89.609  13.583 0.1000000015
2878  -35.583  -90.171  9.942 0.2000000030
124552  -37.287  -89.699  12.881 0.1000000015
3447  -36.320  -89.797  11.653 0.1000000015
2912  -34.485  -89.761  8.162 0.2000000030
4637  -34.859  -87.135  22.725 0.1000000015
5420  -38.388  -86.853  19.221 0.1000000015
6156  -38.446  -86.204  17.792 0.1000000015
5444  -38.854  -86.706  17.405 0.1000000015
3509  -36.670  -89.484  4.788 0.2000000030
4131  -35.207  -89.150  5.998 0.2000000030
4130  -34.725  -89.095  6.682 0.2000000030
122095  -34.411  -89.374  7.616 0.2000000030
4112  -34.352  -88.953  7.560 0.2000000030
2984  -39.330  -90.002  2.694 0.2000000030
4152  -35.906  -89.215  5.397 0.2000000030
129662  -34.716  -88.627  7.232 0.1000000015
4893  -38.670  -88.226  2.255 0.2000000030
141296  -38.648  -90.029  4.407 0.2000000030
4132  -36.039  -88.669  6.079 0.2000000030
4874  -36.120  -86.978  3.391 0.3000000119
4875  -37.093  -87.231  3.064 0.3000000119
4220  -39.591  -89.406  2.635 0.2000000030
2961  -39.491  -90.230  3.676 0.2000000030
120117  -37.952  -89.421  5.005 0.2000000030
4153  -36.907  -88.881  5.524 0.2000000030
5603  -34.827  -86.506  5.109 0.2000000030
5620  -36.109  -86.609  4.315 0.3000000119
3544  -39.865  -89.926  3.398 0.2000000030
132388  -39.184  -89.894  5.066 0.2000000030
5602  -33.958  -86.731  5.219 0.3000000119
5588  -34.411  -86.054  5.769 0.3000000119
5573  -33.845  -85.627  6.126 0.3000000119
6315  -34.741  -85.245  5.928 0.2000000030
6304  -33.357  -85.310  6.444 0.3000000119
6305  -33.847  -84.980  6.208 0.3000000119
7038  -32.770  -84.232  6.242 0.3000000119
7039  -33.500  -84.513  6.024 0.3000000119
7826  -33.011  -84.077  5.495 0.3000000119
7845  -33.193  -83.979  4.478 0.2000000030
7860  -32.675  -83.525  3.760 0.2000000030
126453  -32.283  -83.146  3.179 0.2000000030
120828  -32.848  -83.431  2.827 0.2000000030
323  -13.492  -96.874  31.365 0.3000000119
130524  -14.074  -96.826  31.838 0.3000000119
614  -13.402  -95.945  28.372 0.5000000000
932  -13.095  -95.262  27.297 0.5000000000
5415  -28.208  -86.554  19.709 0.1000000015
3970  -28.967  -88.053  20.123 0.1000000015
5402  -28.352  -86.707  20.604 0.1000000015
4652  -28.646  -87.488  20.577 0.1000000015
3963  -28.924  -88.036  21.078 0.1000000015
6135  -31.937  -85.817  21.227 0.1000000015
138463  -34.400  -86.476  23.053 0.1000000015
4727  -38.383  -87.800  15.450 0.1000000015
4044  -37.844  -88.548  14.922 0.1000000015
3409  -37.279  -89.105  14.310 0.1000000015
3457  -36.000  -89.989  10.804 0.2000000030
2893  -34.142  -89.556  8.953 0.2000000030
5388  -35.350  -86.413  22.556 0.1000000015
5464  -38.571  -86.615  15.972 0.1000000015
4114  -36.356  -88.240  6.907 0.2000000030
4876  -38.019  -87.472  2.904 0.2000000030
4154  -37.931  -88.872  5.918 0.2000000030
4133  -37.104  -88.360  6.295 0.2000000030
5621  -36.883  -86.686  4.066 0.2000000030
4877  -38.908  -87.544  3.557 0.2000000030
4198  -39.608  -88.576  2.764 0.2000000030
4878  -40.069  -87.991  3.666 0.2000000030
4199  -40.214  -89.137  3.324 0.2000000030
3526  -40.095  -90.203  4.315 0.2000000030
3511  -40.167  -90.105  5.170 0.2000000030
3510  -38.734  -89.381  5.640 0.2000000030
5604  -35.739  -86.301  5.049 0.2000000030
4879  -40.808  -88.668  4.049 0.2000000030
3545  -40.470  -89.613  4.161 0.2000000030
3527  -40.621  -89.870  4.963 0.2000000030
7040  -34.333  -84.749  5.698 0.3000000119
7060  -34.750  -84.334  5.057 0.2000000030
7059  -33.809  -84.328  5.224 0.3000000119
7846  -34.028  -84.122  4.226 0.2000000030
7861  -33.399  -83.840  3.436 0.2000000030
8633  -32.205  -82.881  2.348 0.1000000015
587  -12.321  -96.340  32.303 0.2000000030
315  -13.037  -96.673  32.014 0.3000000119
599  -12.303  -96.324  30.457 0.3000000119
139039  -12.976  -96.769  30.659 0.3000000119
329  -12.916  -96.491  29.830 0.3000000119
5401  -28.147  -85.983  20.131 0.1000000015
5385  -28.351  -86.492  21.647 0.1000000015
4641  -28.575  -87.321  21.386 0.1000000015
3960  -29.324  -88.268  22.547 0.1000000015
6132  -28.263  -85.402  20.460 0.1000000015
6133  -28.406  -85.002  20.678 0.1000000015
138014  -28.325  -85.227  21.212 0.1000000015
6889  -28.658  -84.731  20.329 0.1000000015
6891  -29.895  -84.208  20.417 0.1000000015
6878  -28.665  -84.645  21.320 0.1000000015
6880  -30.079  -84.044  21.219 0.1000000015
6892  -30.743  -84.667  20.886 0.1000000015
5369  -32.911  -85.976  23.032 0.1000000015
5370  -33.830  -86.101  23.367 0.1000000015
3446  -35.633  -89.192  12.063 0.1000000015
125980  -35.577  -89.553  11.286 0.1000000015
3456  -35.021  -89.650  10.556 0.2000000030
3472  -34.655  -89.781  9.710 0.2000000030
5372  -34.782  -86.449  22.908 0.1000000015
5431  -38.053  -86.156  18.674 0.1000000015
5455  -38.796  -86.735  16.676 0.1000000015
4801  -34.538  -88.290  7.960 0.2000000030
4726  -37.596  -87.565  15.032 0.1000000015
4043  -36.913  -88.315  14.620 0.1000000015
4802  -35.621  -88.015  7.622 0.2000000030
132251  -38.069  -88.332  6.658 0.2000000030
4803  -36.796  -87.781  7.535 0.2000000030
5622  -37.840  -86.967  3.878 0.3000000119
3503  -39.642  -89.634  5.807 0.2000000030
5589  -35.312  -85.762  5.599 0.2000000030
5590  -36.228  -85.579  5.443 0.2000000030
5591  -37.108  -85.508  5.332 0.1000000015
5606  -37.641  -86.201  4.858 0.3000000119
5607  -38.591  -86.601  4.566 0.2000000030
4854  -39.551  -86.932  4.436 0.2000000030
7041  -35.311  -84.726  5.493 0.2000000030
6316  -35.803  -85.101  5.722 0.2000000030
6317  -36.705  -84.993  5.550 0.1000000015
128549  -37.409  -84.978  5.392 0.1000000015
6318  -37.924  -85.398  5.279 0.1000000015
136883  -40.564  -87.466  4.255 0.2000000030
4855  -41.276  -88.224  4.402 0.2000000030
7061  -35.679  -84.238  4.905 0.1000000015
7062  -36.565  -84.190  4.719 0.1000000015
7043  -37.197  -84.590  5.138 0.1000000015
6319  -37.987  -84.855  5.106 0.1000000015
138799  -39.468  -85.609  4.717 0.1000000015
5609  -41.010  -86.467  4.357 0.2000000030
7078  -35.000  -84.025  4.085 0.1000000015
7079  -35.948  -83.967  3.969 0.1000000015
7093  -36.231  -83.965  2.957 0.1000000015
7081  -37.822  -84.157  3.719 0.1000000015
7065  -39.432  -85.047  4.526 0.2000000030
6329  -40.196  -85.711  4.424 0.2000000030
7092  -34.751  -84.196  2.035 0.1000000015
135257  -35.620  -84.338  2.019 0.1000000015
133075  -38.738  -84.457  3.043 0.1000000015
7083  -39.668  -84.828  3.527 0.1000000015
7066  -40.362  -85.349  4.042 0.2000000030
6330  -41.069  -85.912  4.169 0.2000000030
7874  -33.062  -83.090  1.872 0.1000000015
7875  -33.548  -83.706  2.439 0.2000000030
7111  -38.660  -84.852  1.476 0.1000000015
7096  -39.371  -84.834  2.302 0.1000000015
7098  -40.499  -85.262  3.177 0.1000000015
8644  -32.384  -82.586  1.235 0.1000000015
7112  -39.546  -85.292  1.085 0.1000000015
7097  -40.095  -85.212  2.178 0.1000000015
593  -11.721  -95.953  31.126 0.3000000119
598  -11.648  -95.651  30.336 0.3000000119
606  -12.117  -95.969  29.638 0.3000000119
140867  -28.922  -87.710  22.665 0.1000000015
4634  -28.575  -87.171  22.283 0.1000000015
6101  -28.366  -85.291  22.509 0.1000000015
5368  -28.405  -86.233  22.625 0.1000000015
4627  -28.822  -87.109  23.196 0.1000000015
6879  -29.376  -84.176  21.226 0.1000000015
127570  -30.933  -84.350  21.690 0.1000000015
6134  -31.451  -85.138  21.509 0.1000000015
6116  -32.122  -85.600  22.265 0.1000000015
6882  -32.560  -85.113  23.271 0.1000000015
5371  -34.271  -85.822  23.411 0.1000000015
6117  -35.262  -85.628  22.313 0.1000000015
4061  -36.343  -88.812  13.998 0.1000000015
4060  -35.579  -88.337  13.456 0.1000000015
4075  -34.968  -88.652  11.887 0.1000000015
3455  -34.264  -88.999  10.480 0.2000000030
120791  -37.201  -85.588  18.443 0.1000000015
3470  -33.701  -88.771  9.089 0.2000000030
4782  -34.982  -87.600  8.181 0.2000000030
4784  -37.413  -87.382  7.998 0.2000000030
4134  -38.872  -88.981  6.299 0.2000000030
4115  -37.334  -87.985  7.056 0.2000000030
4804  -38.137  -87.777  7.443 0.2000000030
3512  -40.715  -89.692  5.506 0.2000000030
4176  -41.140  -89.113  4.797 0.2000000030
3513  -41.049  -89.365  5.486 0.2000000030
136053  -41.179  -87.301  4.391 0.2000000030
5610  -41.893  -87.355  4.534 0.2000000030
7108  -36.007  -84.717  0.949 0.1000000015
124258  -36.494  -84.393  1.957 0.1000000015
7094  -37.092  -84.032  2.814 0.1000000015
6331  -41.650  -86.591  4.192 0.2000000030
7888  -33.776  -83.456  1.457 0.1000000015
7903  -34.233  -84.062  0.011 0.1000000015
7107  -35.196  -84.368  1.008 0.1000000015
7109  -36.896  -84.762  0.920 0.1000000015
121547  -37.210  -84.455  1.880 0.1000000015
7095  -37.878  -84.395  2.397 0.1000000015
6340  -41.187  -85.658  3.353 0.1000000015
6341  -41.929  -86.288  3.483 0.1000000015
7901  -33.078  -82.875  -0.304 0.1000000015
7887  -33.249  -82.962  0.675 0.1000000015
7127  -37.479  -85.162  -0.175 0.1000000015
7110  -37.724  -84.824  1.137 0.1000000015
6351  -40.991  -85.563  2.059 0.1000000015
8659  -32.375  -82.485  0.018 0.1000000015
124010  -39.000  -85.358  0.118 0.1000000015
6363  -40.390  -85.614  0.828 0.1000000015
140280  -31.620  -82.613  2.479 0.1000000015
127791  -28.468  -85.611  23.135 0.1000000015
6862  -28.595  -84.495  22.424 0.1000000015
6089  -28.468  -84.924  23.149 0.1000000015
7641  -29.104  -83.940  22.001 0.1000000015
7642  -29.782  -83.615  21.830 0.1000000015
6881  -31.724  -84.752  22.492 0.1000000015
6102  -33.395  -85.296  23.740 0.1000000015
6103  -34.613  -85.609  23.105 0.1000000015
6166  -38.302  -85.981  16.925 0.1000000015
3454  -33.763  -88.692  9.838 0.2000000030
119144  -37.867  -85.670  17.696 0.1000000015
6187  -38.193  -85.964  16.007 0.1000000015
4712  -38.158  -86.757  15.402 0.1000000015
4737  -35.294  -87.509  13.653 0.1000000015
4065  -35.252  -88.558  12.620 0.1000000015
4083  -33.775  -88.231  10.455 0.2000000030
4104  -33.660  -88.004  9.109 0.2000000030
5539  -34.999  -86.972  8.629 0.2000000030
4783  -35.815  -87.254  8.317 0.2000000030
4135  -39.835  -89.007  6.512 0.2000000030
4116  -39.011  -88.370  7.003 0.2000000030
3504  -40.586  -89.532  5.955 0.2000000030
4177  -41.544  -88.728  5.384 0.2000000030
122448  -41.685  -88.243  4.776 0.2000000030
7125  -35.493  -84.856  -0.152 0.1000000015
7126  -36.461  -85.057  -0.142 0.1000000015
7141  -36.110  -85.202  -1.006 0.1000000015
5623  -42.575  -86.855  3.927 0.1000000015
7917  -33.662  -83.171  -0.630 0.1000000015
131066  -36.887  -85.286  -0.906 0.1000000015
117678  -37.665  -85.228  -1.129 0.1000000015
7920  -37.731  -84.683  -1.388 0.1000000015
132773  -42.002  -86.075  1.974 0.1000000015
133738  -42.860  -86.606  2.571 0.1000000015
119858  -38.263  -85.176  0.294 0.1000000015
7143  -38.570  -85.067  -1.149 0.1000000015
132797  -42.119  -86.109  0.668 0.1000000015
6374  -39.251  -85.350  -0.715 0.1000000015
6375  -39.777  -85.577  -0.044 0.1000000015
8643  -31.498  -82.360  1.741 0.1000000015
8658  -31.662  -82.117  0.548 0.1000000015
6841  -28.706  -84.197  23.250 0.1000000015
7631  -28.967  -83.632  22.769 0.1000000015
6842  -29.107  -83.480  23.617 0.1000000015
7643  -30.448  -83.570  21.915 0.1000000015
6863  -32.360  -84.123  23.401 0.1000000015
6165  -37.681  -85.477  16.325 0.1000000015
4064  -34.630  -88.115  12.172 0.1000000015
4765  -33.584  -87.402  9.688 0.2000000030
5516  -34.291  -86.823  9.096 0.2000000030
5518  -35.962  -86.453  8.879 0.2000000030
5540  -36.770  -86.929  8.470 0.2000000030
4805  -39.178  -87.816  7.779 0.2000000030
4785  -38.433  -87.280  8.214 0.2000000030
5541  -37.758  -86.793  8.620 0.1000000015
128269  -40.682  -88.831  6.668 0.2000000030
4117  -39.963  -88.340  7.232 0.2000000030
4155  -41.063  -89.297  5.875 0.2000000030
4137  -41.383  -88.792  6.196 0.1000000015
4136  -41.099  -89.068  6.251 0.2000000030
4178  -41.862  -88.307  5.651 0.1000000015
5611  -42.616  -87.323  4.737 0.1000000015
7142  -36.783  -84.920  -1.443 0.1000000015
8678  -38.385  -83.194  -1.104 0.1000000015
119563  -43.342  -86.953  3.979 0.1000000015
136166  -38.570  -84.410  -1.271 0.1000000015
130362  -39.259  -83.894  -0.926 0.1000000015
8676  -33.327  -82.584  -0.764 0.1000000015
7144  -39.475  -84.979  -1.033 0.1000000015
7921  -39.975  -84.607  -0.856 0.1000000015
6376  -40.603  -85.651  -0.145 0.1000000015
6377  -41.612  -85.902  0.008 0.1000000015
6378  -42.564  -85.895  0.275 0.1000000015
6389  -39.894  -85.447  -0.643 0.1000000015
899  -9.389  -94.170  32.008 0.2000000030
7632  -29.561  -83.216  22.431 0.1000000015
7619  -29.384  -82.884  23.015 0.1000000015
7633  -30.257  -82.867  22.379 0.1000000015
7644  -31.297  -83.819  22.487 0.1000000015
4745  -34.277  -87.470  12.433 0.2000000030
126403  -33.471  -86.867  11.035 0.2000000030
5517  -34.986  -86.371  9.058 0.2000000030
4736  -34.543  -87.134  13.179 0.2000000030
6261  -34.355  -85.974  9.479 0.2000000030
6263  -36.522  -85.721  9.386 0.1000000015
5496  -33.429  -85.972  10.929 0.2000000030
4786  -39.399  -87.253  8.536 0.1000000015
139563  -40.741  -88.226  7.327 0.1000000015
4156  -41.412  -88.901  5.854 0.1000000015
4835  -42.203  -87.872  5.774 0.2000000030
4857  -42.416  -87.681  5.306 0.1000000015
7904  -39.979  -83.675  -0.277 0.1000000015
7905  -40.616  -84.565  -0.534 0.1000000015
7129  -41.090  -85.341  -0.362 0.1000000015
7130  -42.042  -85.340  -0.214 0.1000000015
120058  -29.809  -81.710  1.757 0.1000000015
6241  -33.628  -85.936  10.028 0.2000000030
6242  -34.870  -85.154  9.710 0.2000000030
7890  -40.655  -83.392  0.308 0.1000000015
4547  -6.788  -87.635  31.433 0.6000000238
120470  -6.627  -87.121  32.154 0.5000000000
10618  -18.208  -78.812  28.743 0.1000000015
11507  -18.358  -78.064  28.726 0.1000000015
12263  -18.688  -77.696  29.049 0.1000000015
6745  -6.729  -84.725  32.332 0.6000000238
6746  -7.291  -84.590  31.408 0.6999999881
126697  -13.722  -80.948  29.961 0.2000000030
10600  -15.157  -79.660  29.262 0.1000000015
11493  -15.869  -79.113  29.043 0.1000000015
9751  -13.201  -80.626  30.365 0.2000000030
9765  -13.856  -80.178  29.921 0.1000000015
10584  -14.377  -79.449  29.763 0.2000000030
11492  -14.973  -78.823  29.592 0.1000000015
10617  -17.481  -78.828  28.506 0.1000000015
11506  -17.904  -78.291  28.457 0.1000000015
12264  -18.660  -76.896  28.845 0.1000000015
19110  -14.774  -69.649  6.255 0.4000000060
125161  -11.208  -81.989  32.445 0.4000000060
9017  -12.669  -81.140  30.953 0.2000000030
12984  -18.956  -76.262  29.163 0.1000000015
9741  -11.668  -80.541  31.904 0.3000000119
9007  -12.036  -81.270  31.593 0.3000000119
130773  -13.225  -79.908  30.368 0.2000000030
10583  -13.622  -79.338  30.204 0.2000000030
11478  -14.141  -78.681  30.044 0.2000000030
12261  -15.669  -78.099  29.327 0.2000000030
11494  -16.610  -78.554  28.701 0.1000000015
12274  -17.903  -77.636  28.361 0.1000000015
12275  -18.371  -77.292  28.587 0.1000000015
12995  -18.385  -76.499  28.421 0.1000000015
12996  -18.681  -76.158  28.645 0.1000000015
10582  -12.909  -79.301  30.622 0.3000000119
12246  -13.887  -77.974  30.162 0.3000000119
12260  -14.658  -78.007  29.844 0.3000000119
126392  -15.903  -77.275  29.307 0.2000000030
12262  -16.539  -77.644  28.807 0.1000000015
12993  -17.283  -77.186  28.436 0.1000000015
12994  -17.937  -76.840  28.266 0.1000000015
12982  -15.581  -76.635  29.458 0.3000000119
12983  -16.495  -76.703  28.960 0.1000000015
19079  -14.210  -69.341  7.829 0.4000000060
19095  -14.634  -69.312  7.167 0.4000000060
118970  -14.977  -69.344  7.236 0.4000000060
19096  -15.618  -69.533  6.676 0.4000000060
18184  -16.286  -69.649  5.491 0.4000000060
8255  -9.423  -82.329  33.933 0.4000000060
8987  -9.025  -81.295  33.790 0.4000000060
9717  -9.838  -80.909  33.342 0.4000000060
9733  -10.913  -80.535  32.420 0.3000000119
10560  -11.141  -79.634  32.115 0.3000000119
10573  -12.398  -79.363  31.171 0.3000000119
13738  -19.018  -75.434  28.630 0.1000000015
10572  -11.761  -78.931  31.648 0.3000000119
11477  -13.224  -78.468  30.395 0.3000000119
117994  -15.098  -77.279  29.609 0.3000000119
13735  -17.460  -76.233  28.426 0.1000000015
13737  -18.529  -75.588  28.324 0.1000000015
11466  -11.142  -78.190  31.929 0.3000000119
11467  -11.850  -77.987  31.458 0.3000000119
124157  -12.562  -77.790  30.807 0.4000000060
12245  -13.253  -77.517  30.324 0.4000000060
13719  -15.237  -75.909  29.549 0.3000000119
135774  -15.989  -76.101  29.388 0.3000000119
13720  -16.633  -75.787  29.048 0.2000000030
12966  -14.154  -77.169  30.057 0.3000000119
12981  -14.747  -76.505  29.742 0.3000000119
128589  -15.870  -75.390  29.493 0.3000000119
17184  -13.551  -70.619  9.688 0.3000000119
18125  -13.966  -69.972  9.023 0.4000000060
19068  -14.700  -69.503  7.753 0.4000000060
8976  -7.451  -81.985  34.068 0.4000000060
8254  -8.373  -82.038  34.146 0.4000000060
9715  -7.047  -81.238  33.115 0.4000000060
8986  -7.837  -81.292  33.781 0.4000000060
9716  -9.068  -80.525  33.431 0.4000000060
122023  -8.211  -80.618  33.365 0.4000000060
9731  -9.556  -80.094  33.143 0.4000000060
128603  -10.258  -79.777  32.744 0.4000000060
10557  -8.359  -79.411  32.491 0.4000000060
10558  -9.243  -79.161  32.824 0.4000000060
13736  -18.041  -75.470  28.220 0.3000000119
11455  -9.531  -78.141  32.470 0.5000000000
11456  -10.422  -78.208  32.295 0.4000000060
126461  -14.986  -75.111  29.620 0.3000000119
14432  -16.582  -74.927  29.291 0.3000000119
12236  -11.051  -77.328  31.949 0.4000000060
12244  -12.666  -77.055  30.630 0.4000000060
119817  -13.253  -76.549  30.287 0.4000000060
134156  -14.048  -76.326  30.030 0.3000000119
13718  -14.119  -74.964  29.880 0.3000000119
12965  -12.391  -76.345  30.778 0.4000000060
13706  -12.758  -75.638  30.445 0.4000000060
132181  -13.624  -75.667  30.099 0.3000000119
14418  -13.124  -74.794  30.097 0.3000000119
17185  -14.324  -71.628  9.570 0.3000000119
17200  -15.311  -71.294  8.296 0.4000000060
136995  -15.197  -70.117  7.826 0.3000000119
18155  -16.453  -70.589  6.924 0.2000000030
19081  -16.300  -69.791  6.534 0.3000000119
137861  -16.878  -69.642  6.212 0.3000000119
128313  -16.483  -73.969  29.256 0.3000000119
141603  -17.223  -74.579  28.999 0.3000000119
14451  -17.897  -74.703  28.358 0.3000000119
14430  -14.657  -74.308  29.492 0.3000000119
15203  -15.454  -73.750  29.303 0.3000000119
14450  -17.363  -75.310  28.695 0.3000000119
14429  -13.759  -74.375  29.693 0.3000000119
12955  -11.017  -76.348  31.657 0.5000000000
127212  -11.955  -76.998  31.306 0.4000000060
13697  -11.271  -75.752  31.189 0.4000000060
127976  -12.151  -74.874  30.539 0.3000000119
15403  -14.005  -73.070  10.857 0.3000000119
141165  -14.680  -70.916  8.859 0.4000000060
18140  -15.831  -71.024  7.565 0.2000000030
18169  -17.160  -70.166  6.555 0.2000000030
18170  -17.548  -69.907  6.079 0.3000000119
15204  -16.982  -73.136  29.162 0.3000000119
14433  -17.493  -73.929  28.812 0.3000000119
15219  -18.331  -74.017  28.277 0.3000000119
16039  -16.077  -73.110  29.216 0.3000000119
15201  -13.811  -73.708  29.292 0.4000000060
15248  -5.779  -73.346  24.311 0.4000000060
15390  -14.288  -73.823  11.569 0.3000000119
16293  -15.059  -72.459  9.690 0.3000000119
17186  -15.171  -71.938  9.078 0.3000000119
16294  -15.790  -72.571  9.568 0.3000000119
17214  -16.638  -71.832  7.475 0.2000000030
18171  -19.831  -71.048  6.374 0.2000000030
17216  -18.625  -71.923  7.451 0.2000000030
17229  -18.985  -71.213  6.475 0.2000000030
16056  -16.563  -72.427  29.099 0.4000000060
120703  -18.661  -68.937  25.407 0.3000000119
19726  -20.037  -68.676  25.604 0.3000000119
16055  -15.736  -72.449  28.898 0.4000000060
18834  -17.903  -69.052  25.343 0.4000000060
19739  -20.242  -67.970  25.700 0.3000000119
18847  -17.303  -68.974  24.767 0.4000000060
19736  -18.071  -68.598  24.922 0.4000000060
136857  -19.104  -67.886  25.324 0.3000000119
19738  -19.667  -67.927  25.498 0.3000000119
16037  -14.300  -73.038  28.936 0.4000000060
16038  -15.201  -73.076  29.043 0.4000000060
128362  -15.923  -68.422  24.220 0.6000000238
19751  -16.726  -68.214  24.315 0.5000000000
20603  -17.126  -67.608  24.844 0.4000000060
125259  -17.370  -67.211  25.689 0.4000000060
20572  -18.986  -66.814  27.323 0.2000000030
21412  -19.795  -66.536  28.467 0.3000000119
16105  -5.964  -71.743  24.131 0.6000000238
14490  -5.512  -74.257  24.821 0.3000000119
15375  -16.474  -73.787  13.843 0.4000000060
15391  -15.097  -73.937  11.795 0.3000000119
16277  -15.487  -73.003  10.377 0.3000000119
17202  -16.847  -72.451  7.940 0.2000000030
16309  -17.495  -72.589  8.348 0.2000000030
136306  -18.208  -72.448  8.194 0.2000000030
18187  -20.547  -70.788  5.877 0.2000000030
18173  -21.996  -70.291  6.433 0.2000000030
19113  -23.108  -69.691  5.895 0.2000000030
17218  -19.956  -71.278  7.388 0.2000000030
18797  -22.596  -69.534  27.948 0.2000000030
121823  -19.968  -69.299  26.312 0.3000000119
18804  -21.328  -69.389  26.518 0.2000000030
19719  -22.411  -68.716  27.324 0.2000000030
18818  -17.891  -69.305  26.529 0.3000000119
18820  -19.370  -69.140  25.767 0.4000000060
18822  -21.246  -68.775  26.001 0.2000000030
19718  -21.890  -68.532  26.572 0.2000000030
18833  -16.511  -69.354  25.476 0.4000000060
20582  -20.642  -67.743  26.347 0.2000000030
138462  -14.458  -69.175  24.517 0.5000000000
18846  -16.300  -68.925  24.621 0.5000000000
20574  -20.211  -67.249  27.583 0.2000000030
20573  -19.552  -66.926  27.910 0.2000000030
21411  -19.320  -65.891  28.046 0.2000000030
22296  -19.772  -65.548  28.109 0.3000000119
15392  -15.793  -73.768  12.203 0.4000000060
16255  -15.643  -73.447  11.366 0.3000000119
15383  -16.279  -73.856  13.028 0.4000000060
16295  -16.587  -72.508  9.370 0.3000000119
17203  -18.934  -72.336  8.567 0.2000000030
18158  -21.439  -70.378  7.235 0.2000000030
18174  -22.598  -69.915  6.399 0.2000000030
17217  -19.439  -71.801  7.911 0.2000000030
17867  -21.831  -70.251  27.630 0.2000000030
122574  -20.977  -70.017  27.127 0.2000000030
132757  -16.535  -69.491  26.451 0.3000000119
18801  -18.326  -69.554  27.397 0.3000000119
123181  -19.118  -69.427  27.057 0.3000000119
126215  -14.781  -69.480  25.134 0.5000000000
118644  -15.849  -69.610  26.294 0.5000000000
20575  -21.341  -67.626  27.128 0.2000000030
18832  -15.651  -69.393  25.288 0.5000000000
20567  -20.504  -67.115  28.377 0.2000000030
20568  -21.549  -67.292  28.333 0.2000000030
21402  -20.159  -66.510  28.910 0.2000000030
22289  -20.535  -65.830  28.878 0.2000000030
22288  -19.995  -66.028  28.690 0.2000000030
23247  -20.537  -64.889  28.162 0.3000000119
23283  -23.117  -64.421  25.488 0.6000000238
23282  -22.755  -64.577  25.670 0.6000000238
22319  -23.042  -64.747  24.952 0.6000000238
23300  -23.344  -64.488  24.806 0.6000000238
16239  -17.057  -73.273  13.278 0.4000000060
129551  -16.157  -73.033  11.111 0.3000000119
128089  -17.195  -72.866  12.392 0.4000000060
16278  -16.411  -72.671  10.331 0.3000000119
17189  -18.248  -72.225  9.374 0.2000000030
19099  -22.218  -69.816  7.049 0.2000000030
19100  -22.823  -69.149  6.619 0.2000000030
18141  -19.752  -70.722  8.461 0.2000000030
18142  -20.444  -70.700  7.761 0.2000000030
19101  -23.338  -68.987  5.916 0.2000000030
134996  -20.084  -66.812  28.787 0.2000000030
20562  -21.728  -66.829  29.170 0.2000000030
23237  -20.277  -65.443  28.407 0.3000000119
23238  -21.541  -65.263  29.071 0.3000000119
24227  -21.888  -64.738  28.884 0.3000000119
24281  -23.430  -63.871  25.622 0.5000000000
22331  -23.449  -65.024  24.339 0.5000000000
17116  -18.058  -72.269  13.717 0.4000000060
16257  -16.878  -72.651  11.406 0.3000000119
18078  -18.064  -71.779  12.177 0.4000000060
17133  -18.365  -71.992  13.144 0.4000000060
127699  -17.038  -72.340  10.671 0.3000000119
20808  -22.710  -67.386  6.244 0.2000000030
17188  -17.719  -71.964  9.963 0.3000000119
19082  -20.872  -69.758  7.830 0.2000000030
19084  -21.966  -68.890  7.198 0.2000000030
18127  -19.196  -70.767  9.163 0.2000000030
19071  -19.911  -69.781  8.158 0.2000000030
21403  -21.304  -66.283  29.327 0.2000000030
22290  -21.197  -65.868  29.260 0.3000000119
120847  -20.545  -66.234  29.095 0.2000000030
23239  -22.319  -65.081  29.521 0.1000000015
24222  -23.069  -64.717  30.080 0.1000000015
24228  -22.712  -64.533  29.361 0.1000000015
24229  -23.609  -64.032  29.920 0.1000000015
24238  -23.317  -63.983  29.175 0.1000000015
24237  -22.380  -64.371  28.705 0.2000000030
25228  -24.168  -63.206  29.601 0.1000000015
24254  -23.234  -63.905  28.394 0.2000000030
125342  -17.519  -71.750  14.355 0.4000000060
17172  -17.516  -71.813  10.516 0.3000000119
18093  -17.963  -71.112  11.049 0.3000000119
18110  -17.950  -70.971  10.271 0.3000000119
18126  -18.270  -70.784  9.765 0.2000000030
19942  -20.973  -68.762  7.520 0.2000000030
19070  -19.232  -69.548  8.791 0.2000000030
20806  -20.328  -66.691  6.645 0.2000000030
23223  -23.405  -64.986  31.134 0.1000000015
22284  -22.745  -65.605  30.177 0.1000000015
24209  -23.320  -64.867  30.687 0.1000000015
23233  -22.777  -65.296  30.115 0.1000000015
22283  -22.109  -65.636  29.609 0.2000000030
21395  -22.138  -65.956  29.785 0.3000000119
24223  -23.931  -63.988  30.717 0.1000000015
18063  -14.086  -70.304  13.549 0.5000000000
18045  -16.720  -71.103  14.328 0.4000000060
18079  -18.908  -71.387  12.853 0.4000000060
17102  -18.635  -71.351  14.160 0.4000000060
19030  -18.211  -70.273  10.514 0.3000000119
18094  -18.422  -70.379  11.268 0.3000000119
19055  -18.574  -69.532  9.711 0.2000000030
19056  -18.733  -69.757  9.374 0.2000000030
19932  -19.163  -68.635  8.163 0.2000000030
21657  -19.555  -66.461  6.949 0.2000000030
19941  -19.917  -68.767  7.775 0.2000000030
126384  -24.092  -63.969  32.087 0.1000000015
22273  -23.173  -65.406  30.820 0.1000000015
24210  -23.897  -64.275  31.393 0.1000000015
125000  -24.224  -63.430  31.409 0.1000000015
125067  -14.904  -70.081  13.620 0.5000000000
18065  -15.845  -70.041  14.016 0.5000000000
18046  -17.923  -71.036  14.423 0.4000000060
18048  -19.304  -70.446  14.139 0.4000000060
18080  -19.517  -70.676  13.033 0.4000000060
19031  -18.550  -69.769  10.866 0.3000000119
136426  -18.970  -70.464  12.069 0.4000000060
141171  -19.008  -68.393  9.035 0.3000000119
19069  -18.907  -68.813  9.113 0.2000000030
19940  -18.931  -67.834  8.077 0.2000000030
22570  -19.897  -65.849  6.581 0.2000000030
23210  -23.816  -64.602  31.847 0.1000000015
19000  -14.421  -69.341  13.379 0.5000000000
19001  -15.199  -69.209  13.485 0.5000000000
18984  -16.972  -70.056  14.317 0.4000000060
18985  -18.060  -69.980  14.518 0.4000000060
133743  -19.414  -68.992  11.063 0.3000000119
19017  -19.874  -70.167  12.314 0.4000000060
19043  -18.441  -69.540  10.137 0.3000000119
20778  -19.059  -68.110  9.013 0.3000000119
20788  -19.043  -67.752  8.388 0.2000000030
21645  -19.569  -66.168  7.607 0.2000000030
22558  -19.990  -65.296  7.100 0.2000000030
128163  -14.521  -67.861  13.474 0.5000000000
19878  -14.772  -68.523  13.313 0.5000000000
19002  -16.158  -69.130  13.953 0.5000000000
19915  -19.906  -68.005  10.410 0.3000000119
21622  -19.683  -66.988  9.134 0.3000000119
21633  -19.570  -66.630  8.287 0.3000000119
30834  -20.955  -56.717  25.718 0.3000000119
20726  -14.518  -67.073  13.780 0.5000000000
19879  -15.604  -68.271  13.394 0.4000000060
19865  -18.215  -69.025  14.481 0.4000000060
19004  -20.644  -69.468  13.481 0.4000000060
19880  -16.557  -68.410  13.828 0.4000000060
20713  -17.506  -68.062  14.103 0.4000000060
29932  -19.432  -57.860  25.970 0.3000000119
29945  -20.392  -57.093  25.346 0.4000000060
20727  -14.981  -67.181  13.283 0.4000000060
20743  -15.484  -66.514  13.041 0.3000000119
19866  -19.561  -69.071  14.475 0.4000000060
127221  -16.462  -67.621  13.423 0.3000000119
21634  -20.046  -66.250  8.720 0.3000000119
29046  -18.547  -59.080  25.487 0.2000000030
29944  -19.481  -57.995  24.845 0.3000000119
29950  -19.536  -58.132  23.708 0.3000000119
20730  -18.249  -67.414  14.100 0.3000000119
20714  -18.717  -68.266  14.510 0.4000000060
21597  -16.045  -65.810  12.747 0.3000000119
21582  -18.634  -66.635  13.775 0.3000000119
21598  -16.983  -66.122  12.876 0.3000000119
22479  -17.991  -66.177  13.007 0.3000000119
29958  -19.694  -58.150  22.645 0.3000000119
30858  -20.840  -57.262  22.084 0.4000000060
125808  -22.190  -56.287  23.403 0.5000000000
22498  -15.408  -64.996  13.097 0.3000000119
30857  -20.148  -57.465  21.581 0.3000000119
30850  -21.220  -56.352  22.819 0.3000000119
31700  -21.558  -55.680  23.595 0.4000000060
31701  -22.254  -55.517  23.751 0.4000000060
32662  -21.839  -54.865  23.938 0.3000000119
31712  -20.498  -56.435  22.229 0.2000000030
31699  -20.600  -55.473  23.274 0.3000000119
124588  -19.892  -54.474  23.380 0.2000000030
32661  -20.952  -54.789  23.805 0.3000000119
33699  -20.870  -53.805  23.658 0.2000000030
125864  -21.583  -54.150  23.722 0.3000000119
33700  -21.814  -53.404  23.542 0.3000000119
138009  -19.695  -55.475  22.439 0.2000000030
34670  -21.115  -52.912  23.450 0.3000000119
33716  -21.975  -52.730  23.312 0.3000000119
34692  -24.120  -52.339  21.855 0.5000000000
34691  -23.280  -51.869  22.349 0.4000000060
35628  -23.944  -51.512  21.593 0.5000000000
35627  -22.965  -51.029  22.068 0.5000000000
19032  -20.124  -69.510  11.731 0.3000000119
18987  -19.722  -69.950  14.150 0.4000000060
19905  -20.235  -68.613  11.189 0.3000000119
20770  -21.079  -67.145  10.477 0.3000000119
21623  -20.501  -66.668  9.606 0.3000000119
2783  -37.299  -89.538  19.473 0.1000000015
10548  -8.642  -79.951  33.019 0.4000000060
139573  -9.502  -77.507  32.283 0.5000000000
13705  -11.943  -75.613  30.899 0.4000000060
126055  -19.876  -70.733  5.227 0.2000000030
18186  -19.172  -70.620  5.594 0.2000000030
16254  -13.240  -72.938  11.314 0.3000000119
15374  -15.906  -74.169  13.594 0.4000000060
21580  -15.122  -66.404  13.349 0.3000000119
21596  -15.452  -65.742  13.037 0.3000000119
270  -23.668  -96.469  6.751 0.5000000000
118828  -29.104  -91.606  13.739 0.4000000060
2387  -27.314  -91.528  14.185 0.4000000060
2364  -37.504  -91.559  16.689 0.4000000060
2517  -35.484  -91.616  2.689 0.3000000119
2526  -35.940  -90.813  0.938 0.4000000060
406  -17.443  -97.290  18.230 0.5000000000
136129  -16.704  -97.120  17.722 0.5000000000
129730  -30.127  -85.656  4.433 0.4000000060
21416  -18.692  -66.091  27.537 0.4000000060
24226  -20.850  -65.346  28.720 0.3000000119
19752  -17.525  -68.284  24.642 0.4000000060
35637  -24.441  -51.396  20.548 0.5000000000
2415  -20.446  -91.053  11.187 0.5000000000
1957  -19.327  -91.760  11.943 0.4000000060
679  -18.209  -95.584  19.443 0.5000000000
2407  -19.526  -91.022  12.349 0.4000000060
12235  -10.104  -77.459  32.312 0.5000000000
29916  -20.409  -56.931  27.405 0.2000000030
29969  -19.681  -58.085  21.889 0.4000000060
3423  -26.504  -89.810  13.918 0.4000000060
3405  -24.120  -89.098  14.502 0.3000000119
140878  -29.750  -90.504  13.389 0.3000000119
3407  -30.405  -89.368  14.418 0.4000000060
3406  -25.053  -89.091  14.243 0.2000000030
421  -20.613  -96.622  15.472 0.3000000119
710  -21.427  -95.399  16.463 0.3000000119
4732  -26.594  -87.138  13.351 0.2000000030
5473  -28.295  -86.453  14.316 0.3000000119
1983  -39.692  -92.304  10.115 0.6000000238
1553  -38.848  -93.171  9.435 0.5000000000
66  -19.808  -98.866  17.259 0.5000000000
1934  -20.080  -92.170  14.594 0.4000000060
134759  -22.759  -91.824  17.284 0.2000000030
5481  -26.314  -86.171  13.620 0.2000000030
1960  -40.516  -91.720  12.202 0.6000000238
2366  -39.404  -90.881  16.112 0.4000000060
3402  -20.482  -89.021  14.396 0.2000000030
2821  -21.040  -90.318  15.778 0.2000000030
2799  -24.231  -90.387  17.445 0.2000000030
2355  -37.121  -91.207  17.516 0.3000000119
2377  -40.649  -90.615  14.965 0.4000000060
3361  -38.797  -88.878  18.333 0.1000000015
2805  -39.041  -89.762  17.273 0.1000000015
2036  -36.755  -92.584  5.742 0.2000000030
1641  -36.072  -92.994  4.834 0.4000000060
126368  -17.865  -97.484  18.891 0.5000000000
172  -17.963  -97.767  19.794 0.4000000060
3369  -25.075  -89.489  16.841 0.2000000030
135835  -22.501  -87.410  16.468 0.2000000030
4689  -23.606  -87.843  17.136 0.2000000030
122917  -17.605  -98.104  22.347 0.5000000000
326  -18.208  -96.328  31.785 0.4000000060
121064  -19.086  -99.027  20.709 0.5000000000
8  -19.873  -99.274  20.441 0.4000000060
118894  -20.300  -95.821  32.498 0.2000000030
902  -20.172  -94.725  33.165 0.2000000030
3427  -35.984  -89.000  13.056 0.1000000015
119742  -39.507  -90.224  4.379 0.2000000030
5605  -36.624  -86.143  4.946 0.2000000030
7876  -34.254  -83.975  3.033 0.2000000030
123548  -39.152  -86.033  4.864 0.2000000030
7042  -36.250  -84.640  5.326 0.1000000015
7063  -37.966  -84.470  4.669 0.1000000015
134055  -38.446  -85.867  5.065 0.1000000015
5608  -40.084  -86.385  4.531 0.2000000030
131846  -37.296  -84.207  4.502 0.1000000015
7080  -36.845  -83.961  3.827 0.1000000015
7064  -38.595  -84.776  4.775 0.1000000015
6328  -38.749  -85.257  5.001 0.1000000015
126255  -35.294  -83.955  3.033 0.1000000015
7082  -38.758  -84.497  4.198 0.1000000015
126837  -34.119  -83.946  2.013 0.1000000015
7889  -34.460  -83.836  1.013 0.1000000015
4073  -33.728  -87.627  11.106 0.1000000015
4093  -33.625  -88.105  9.699 0.2000000030
7124  -34.765  -84.413  0.197 0.1000000015
6364  -41.325  -85.910  0.692 0.1000000015
5502  -33.469  -86.726  10.253 0.2000000030
4856  -42.055  -88.037  5.119 0.2000000030
7160  -35.819  -84.595  -1.657 0.1000000015
7140  -35.429  -84.796  -1.037 0.1000000015
6352  -42.873  -86.427  1.260 0.1000000015
7937  -37.819  -83.677  -1.488 0.1000000015
7145  -40.262  -85.187  -0.673 0.1000000015
9742  -12.674  -80.111  30.919 0.3000000119
8988  -10.073  -81.795  33.463 0.4000000060
8997  -10.667  -81.340  32.823 0.4000000060
131145  -12.037  -79.859  31.581 0.3000000119
11476  -12.459  -78.642  31.006 0.3000000119
12980  -14.447  -75.732  29.821 0.3000000119
10559  -10.238  -78.927  32.479 0.4000000060
18156  -18.082  -70.722  6.634 0.2000000030
14431  -15.670  -74.547  29.474 0.3000000119
15404  -14.830  -73.426  10.919 0.3000000119
17187  -15.941  -72.239  8.793 0.3000000119
18172  -20.658  -70.885  6.896 0.2000000030
18821  -20.719  -69.132  25.935 0.2000000030
18835  -19.328  -68.514  25.242 0.4000000060
19728  -21.285  -68.153  26.149 0.2000000030
20592  -18.312  -67.518  25.702 0.4000000060
118849  -18.999  -67.378  26.153 0.3000000119
131421  -21.406  -69.912  27.196 0.2000000030
20576  -22.335  -67.898  27.460 0.2000000030
16256  -16.468  -73.301  12.103 0.4000000060
134321  -21.168  -64.837  28.499 0.3000000119
19042  -18.157  -70.131  10.054 0.3000000119
139897  -18.704  -70.006  11.430 0.4000000060
22557  -19.562  -65.825  7.043 0.2000000030
19003  -20.092  -70.031  13.368 0.4000000060
20767  -19.092  -68.446  9.750 0.3000000119
18986  -18.985  -69.785  14.471 0.4000000060
129985  -15.034  -67.841  13.220 0.5000000000
19864  -17.215  -69.081  14.281 0.4000000060
20728  -15.579  -67.356  13.138 0.5000000000
18988  -20.295  -69.454  14.051 0.4000000060
20729  -17.451  -66.976  13.430 0.3000000119
21581  -16.294  -66.748  12.974 0.3000000119
30851  -21.783  -56.801  22.853 0.5000000000
35617  -22.219  -51.562  22.614 0.4000000060
1157  -27.274  -95.595  7.459 0.1000000015
2003  -28.630  -93.015  8.278 0.1000000015
127733  -28.281  -94.386  8.958 0.1000000015
1134  -27.893  -95.042  10.021 0.1000000015
1121  -27.852  -95.058  10.912 0.2000000030
789  -27.925  -95.988  10.550 0.2000000030
123338  -23.790  -94.854  5.204 0.2000000030
838  -24.044  -95.579  5.726 0.2000000030
1156  -24.429  -94.916  7.027 0.2000000030
537  -24.129  -96.058  6.384 0.2000000030
1143  -24.724  -94.486  8.026 0.2000000030
825  -24.427  -95.888  7.127 0.2000000030
131979  -28.601  -93.669  9.213 0.1000000015
1545  -28.388  -94.152  9.703 0.1000000015
1181  -23.101  -94.931  4.674 0.2000000030
1132  -24.919  -95.040  8.853 0.1000000015
815  -24.556  -95.909  8.249 0.3000000119
1144  -25.070  -94.020  8.882 0.1000000015
519  -24.497  -96.533  8.795 0.4000000060
1563  -28.858  -93.048  9.041 0.1000000015
132082  -28.167  -94.088  10.537 0.1000000015
1197  -23.277  -94.237  4.671 0.2000000030
1196  -22.696  -94.395  4.020 0.1000000015
1633  -22.858  -93.568  4.162 0.1000000015
802  -24.813  -95.947  9.306 0.3000000119
134530  -25.230  -94.413  9.659 0.1000000015
1120  -25.555  -94.358  10.557 0.1000000015
137585  -25.482  -93.551  9.889 0.1000000015
506  -24.937  -96.747  9.678 0.4000000060
1980  -26.939  -92.641  10.598 0.1000000015
1531  -26.931  -93.357  11.052 0.1000000015
1111  -27.868  -94.047  11.151 0.1000000015
1110  -27.232  -94.684  11.545 0.2000000030
2061  -22.248  -92.932  3.892 0.1000000015
1632  -22.146  -93.841  3.446 0.1000000015
1133  -25.249  -95.205  10.084 0.2000000030
135203  -25.184  -96.093  10.147 0.4000000060
788  -25.562  -94.975  11.032 0.2000000030
803  -25.405  -95.714  10.966 0.2000000030
492  -25.217  -96.687  10.755 0.3000000119
254  -24.985  -97.381  11.063 0.4000000060
1530  -26.097  -93.766  10.908 0.1000000015
774  -25.872  -95.331  11.646 0.2000000030
1109  -26.439  -94.775  11.658 0.2000000030
130358  -25.607  -96.247  11.553 0.2000000030
1518  -27.320  -93.923  11.358 0.1000000015
775  -26.633  -95.459  11.791 0.2000000030
2071  -17.132  -93.340  2.457 0.2000000030
2505  -18.417  -92.419  2.932 0.2000000030
123816  -19.188  -93.992  3.218 0.2000000030
5650  -22.899  -86.732  0.451 0.1000000015
5659  -22.473  -86.371  -0.219 0.1000000015
5651  -23.712  -86.539  0.418 0.1000000015
5658  -21.615  -86.788  -0.369 0.1000000015
4911  -23.410  -87.218  0.898 0.1000000015
4924  -22.139  -87.258  0.232 0.1000000015
4246  -23.157  -88.231  1.202 0.1000000015
1115  -7.624  -94.329  10.498 0.2000000030
132352  -21.438  -88.032  -0.182 0.1000000015
121146  -6.598  -91.948  11.727 0.1000000015
4962  -18.803  -87.182  -3.236 0.4000000060
4284  -18.016  -89.486  -3.022 0.3000000119
4294  -18.045  -88.591  -3.334 0.3000000119
2410  -6.721  -90.785  11.617 0.1000000015
3619  -17.759  -90.104  -2.555 0.2000000030
3629  -17.405  -89.694  -3.301 0.3000000119
3014  -17.644  -90.179  -0.968 0.1000000015
3628  -16.691  -89.631  -3.971 0.4000000060
3031  -17.441  -90.526  -1.449 0.1000000015
3618  -17.032  -90.222  -2.954 0.3000000119
3030  -16.659  -91.142  -1.698 0.2000000030
3029  -15.835  -91.302  -2.261 0.2000000030
3012  -11.022  -91.335  -1.090 0.2000000030
3414  -6.967  -89.111  13.504 0.1000000015
2557  -13.837  -91.256  -2.188 0.2000000030
119171  -6.672  -89.713  13.559 0.1000000015
3398  -6.764  -89.116  14.142 0.2000000030
136124  -7.467  -88.926  13.684 0.1000000015
132750  -6.534  -89.655  15.939 0.3000000119
3389  -6.693  -88.868  15.787 0.2000000030
129779  -6.680  -89.233  15.062 0.2000000030
4007  -6.816  -88.324  16.246 0.2000000030
4020  -7.024  -88.427  15.339 0.2000000030
4048  -7.145  -88.726  14.085 0.1000000015
4008  -7.305  -87.877  15.970 0.2000000030
4696  -7.640  -87.477  16.609 0.2000000030
4021  -7.625  -88.076  15.317 0.1000000015
5434  -7.843  -86.848  17.788 0.2000000030
6138  -7.223  -85.886  19.774 0.1000000015
5409  -8.054  -86.094  19.414 0.1000000015
5423  -8.117  -86.541  18.518 0.1000000015
132550  -8.943  -86.323  19.053 0.1000000015
5435  -8.627  -86.845  17.762 0.1000000015
4697  -8.324  -87.529  16.632 0.2000000030
9259  -7.025  -81.685  9.520 0.2000000030
6108  -6.885  -84.823  21.029 0.1000000015
6124  -7.111  -85.344  20.436 0.1000000015
6125  -8.080  -85.667  20.372 0.1000000015
6139  -8.969  -85.986  19.860 0.1000000015
5393  -9.768  -86.138  20.217 0.1000000015
5424  -9.026  -86.645  18.386 0.1000000015
9990  -7.495  -80.000  10.612 0.5000000000
6109  -7.577  -84.979  21.016 0.1000000015
6110  -8.532  -85.493  21.309 0.1000000015
6126  -9.139  -85.820  20.724 0.1000000015
5410  -9.569  -86.355  19.534 0.1000000015
129267  -10.181  -86.708  19.767 0.1000000015
4022  -8.068  -87.856  15.893 0.2000000030
4684  -9.033  -87.412  17.137 0.1000000015
3851  -6.489  -88.676  32.343 0.4000000060
6854  -7.086  -83.992  22.150 0.1000000015
6874  -7.983  -85.193  22.009 0.1000000015
6111  -9.656  -85.801  21.975 0.1000000015
6112  -10.348  -86.199  21.870 0.1000000015
6875  -8.954  -85.431  22.067 0.1000000015
119223  -9.284  -85.733  21.442 0.1000000015
6127  -9.900  -86.100  21.144 0.1000000015
6128  -10.565  -86.520  21.257 0.1000000015
9982  -7.397  -80.058  11.462 0.4000000060
3824  -6.574  -88.070  34.609 0.4000000060
4524  -6.325  -87.877  34.169 0.4000000060
123697  -6.361  -88.252  33.224 0.4000000060
123814  -6.379  -87.473  33.159 0.4000000060
5243  -6.413  -86.888  34.111 0.4000000060
6857  -9.502  -85.268  22.753 0.1000000015
5228  -6.649  -86.588  34.974 0.4000000060
121612  -6.512  -85.894  34.486 0.4000000060
5973  -6.421  -85.227  33.885 0.5000000000
5257  -6.500  -86.567  32.962 0.5000000000
7613  -7.303  -83.833  23.596 0.1000000015
8376  -7.502  -82.199  25.216 0.3000000119
11590  -6.332  -78.951  19.343 0.2000000030
10707  -6.682  -79.609  19.791 0.2000000030
120592  -6.437  -78.449  18.379 0.2000000030
140021  -6.671  -79.649  17.672 0.2000000030
8378  -8.545  -82.297  25.005 0.1000000015
127132  -7.985  -82.352  25.064 0.2000000030
9099  -7.836  -81.620  25.178 0.3000000119
9100  -8.271  -81.432  25.099 0.2000000030
9098  -7.475  -81.387  25.291 0.2000000030
131386  -7.603  -82.849  24.938 0.3000000119
9833  -8.412  -80.453  24.892 0.1000000015
10660  -8.436  -79.573  24.596 0.1000000015
10661  -9.576  -79.537  24.916 0.1000000015
120401  -10.493  -79.823  25.098 0.1000000015
9836  -11.496  -80.131  25.166 0.1000000015
9832  -7.977  -80.825  25.042 0.2000000030
122961  -9.327  -78.930  24.694 0.1000000015
10662  -11.451  -79.516  25.110 0.1000000015
11540  -11.963  -78.932  24.978 0.1000000015
10663  -12.608  -79.570  25.008 0.1000000015
11539  -10.921  -78.749  24.996 0.1000000015
12307  -12.361  -78.160  24.827 0.1000000015
122166  -6.650  -80.143  25.381 0.2000000030
136349  -8.351  -78.059  24.296 0.1000000015
10658  -6.956  -79.518  24.740 0.2000000030
11537  -9.033  -78.247  24.463 0.1000000015
12304  -8.633  -77.418  24.459 0.1000000015
12306  -10.553  -77.853  24.945 0.1000000015
135846  -11.907  -77.361  24.931 0.1000000015
130660  -12.637  -77.242  24.875 0.1000000015
13021  -7.125  -77.017  24.376 0.1000000015
137529  -8.606  -76.543  24.582 0.1000000015
13024  -9.987  -75.966  24.982 0.1000000015
129505  -10.930  -76.113  25.154 0.1000000015
13025  -11.941  -76.406  25.040 0.1000000015
14492  -6.743  -74.367  23.959 0.1000000015
128282  -6.431  -75.182  24.239 0.1000000015
131202  -5.763  -75.123  24.588 0.3000000119
14493  -8.003  -74.286  24.031 0.2000000030
125952  -8.101  -75.914  24.486 0.1000000015
13774  -8.609  -75.117  24.523 0.1000000015
13777  -11.559  -75.390  24.921 0.1000000015
14497  -12.184  -74.757  24.551 0.1000000015
14543  -9.222  -74.513  20.881 0.2000000030
14539  -8.262  -74.502  21.285 0.2000000030
14491  -5.935  -74.337  24.180 0.2000000030
15249  -6.165  -73.638  23.841 0.2000000030
14511  -7.941  -73.386  23.749 0.1000000015
16944  -15.954  -71.169  28.135 0.3000000119
14510  -6.936  -73.486  23.690 0.1000000015
15250  -8.852  -73.789  23.896 0.1000000015
14496  -11.126  -74.513  24.422 0.1000000015
15260  -9.573  -73.438  23.677 0.1000000015
14513  -10.342  -73.983  23.908 0.1000000015
15258  -6.110  -72.642  23.721 0.3000000119
119847  -7.101  -72.511  23.553 0.2000000030
120001  -10.379  -73.254  23.378 0.1000000015
133362  -11.149  -73.748  23.646 0.1000000015
15259  -8.466  -72.738  23.508 0.1000000015
16108  -9.494  -72.620  23.196 0.1000000015
16109  -10.372  -72.522  22.836 0.1000000015
19895  -21.649  -68.626  12.574 0.3000000119
19894  -20.952  -69.087  12.129 0.3000000119
16107  -7.382  -71.486  23.489 0.2000000030
118759  -8.480  -71.608  23.223 0.1000000015
16981  -9.464  -71.730  22.776 0.1000000015
16118  -10.363  -71.755  22.397 0.1000000015
127931  -10.375  -71.177  22.042 0.1000000015
135248  -21.434  -68.711  13.804 0.3000000119
20758  -22.592  -67.344  11.941 0.3000000119
21613  -23.294  -66.629  12.307 0.2000000030
16106  -6.408  -71.587  23.779 0.4000000060
16980  -7.464  -70.431  23.559 0.3000000119
130181  -8.501  -70.574  23.081 0.2000000030
16986  -9.528  -70.767  22.454 0.1000000015
17916  -8.596  -69.587  23.118 0.3000000119
17917  -9.518  -69.715  22.438 0.2000000030
125633  -10.604  -68.446  22.067 0.3000000119
19777  -11.410  -68.602  21.313 0.2000000030
20618  -11.927  -66.533  22.059 0.4000000060
19868  -21.125  -68.420  14.252 0.3000000119
21599  -23.039  -67.356  12.967 0.3000000119
16979  -6.772  -70.682  23.972 0.5000000000
17908  -7.733  -69.592  23.742 0.3000000119
18861  -8.842  -68.710  23.220 0.3000000119
18853  -8.149  -68.877  23.783 0.4000000060
19763  -9.194  -67.954  23.292 0.4000000060
19765  -10.763  -67.616  22.270 0.5000000000
20617  -10.942  -66.641  22.615 0.6000000238
21461  -12.235  -65.512  22.495 0.4000000060
131442  -12.847  -64.868  22.604 0.5000000000
20716  -20.494  -67.861  14.494 0.3000000119
20732  -22.380  -67.834  13.478 0.3000000119
21600  -23.830  -65.898  12.585 0.2000000030
22516  -23.852  -65.010  12.109 0.2000000030
125050  -24.514  -64.548  12.484 0.2000000030
17907  -7.166  -69.997  23.935 0.4000000060
21447  -10.614  -66.236  23.465 0.6000000238
21448  -11.124  -65.684  23.787 0.6000000238
21462  -13.486  -65.587  21.798 0.5000000000
22362  -15.515  -64.570  22.246 0.4000000060
23335  -16.754  -64.265  22.802 0.4000000060
125836  -19.794  -65.242  22.105 0.4000000060
124672  -20.636  -65.569  22.258 0.4000000060
21463  -21.019  -66.170  21.610 0.3000000119
20717  -21.325  -67.640  14.364 0.3000000119
21584  -22.928  -67.140  13.867 0.2000000030
21585  -23.563  -66.523  13.358 0.2000000030
19756  -8.706  -68.272  23.853 0.4000000060
138348  -10.172  -66.619  23.790 0.6000000238
18852  -7.835  -69.174  24.171 0.4000000060
23315  -18.081  -63.986  23.304 0.4000000060
23337  -18.508  -64.595  22.718 0.4000000060
23338  -19.356  -64.733  22.776 0.4000000060
22344  -21.662  -65.441  23.214 0.4000000060
22345  -22.397  -65.768  23.034 0.3000000119
21449  -22.957  -66.305  22.410 0.3000000119
22346  -23.248  -65.852  23.145 0.3000000119
22329  -22.199  -65.178  23.942 0.5000000000
137020  -23.458  -65.454  23.820 0.4000000060
125412  -23.960  -65.821  23.271 0.3000000119
22332  -24.063  -65.307  23.836 0.4000000060
28347  -17.341  -59.750  11.808 0.1000000015
120717  -17.814  -60.004  11.150 0.1000000015
29072  -18.547  -58.611  23.488 0.2000000030
29255  -18.041  -59.299  11.473 0.2000000030
29968  -18.887  -58.113  21.825 0.1000000015
29084  -18.880  -58.288  22.476 0.1000000015
29979  -19.385  -57.777  21.475 0.1000000015
34681  -21.571  -52.184  23.074 0.2000000030
34682  -22.556  -52.338  22.870 0.2000000030
35626  -21.689  -50.730  22.168 0.3000000119
35636  -23.643  -50.597  21.221 0.4000000060
126278  -24.229  -50.669  20.102 0.4000000060
131431  -15.557  -91.573  -1.353 0.1000000015
3045  -16.287  -90.318  -3.340 0.3000000119
2558  -14.823  -91.538  -1.994 0.2000000030
2531  -13.481  -91.791  0.261 0.1000000015
2554  -12.334  -91.249  -1.651 0.3000000119
7615  -8.777  -84.059  23.985 0.1000000015
6856  -8.570  -84.918  22.697 0.1000000015
134355  -7.387  -80.667  25.019 0.3000000119
11535  -7.010  -78.503  24.451 0.1000000015
12303  -7.793  -77.579  24.304 0.1000000015
11536  -7.755  -78.263  24.300 0.1000000015
13022  -7.842  -76.805  24.403 0.1000000015
13773  -7.469  -75.154  24.261 0.1000000015
13020  -5.977  -76.579  24.684 0.1000000015
127217  -7.039  -76.093  24.364 0.1000000015
11619  -6.919  -79.208  17.127 0.2000000030
11602  -6.508  -79.247  18.170 0.2000000030
10760  -6.833  -80.041  17.304 0.2000000030
2074  -19.868  -93.438  2.903 0.2000000030
6386  -22.902  -85.710  -0.937 0.1000000015
5987  -6.582  -85.567  32.819 0.5000000000
16929  -16.259  -71.794  28.724 0.3000000119
17860  -15.632  -70.597  27.477 0.3000000119
17861  -16.468  -70.464  27.824 0.3000000119
17882  -16.203  -69.851  27.144 0.3000000119
21460  -11.244  -65.797  22.968 0.6000000238
23317  -19.645  -64.454  23.505 0.4000000060
22330  -22.986  -65.186  24.365 0.5000000000
142159  -22.894  -65.527  23.727 0.4000000060
20616  -10.074  -66.876  23.174 0.5000000000
123760  -26.776  -63.296  23.902 0.4000000060
2076  -21.581  -93.121  3.304 0.2000000030
3036  -12.864  -90.807  -2.379 0.3000000119
36578  -23.973  -50.114  19.624 0.4000000060
477  -25.357  -97.016  11.521 0.3000000119
7627  -7.435  -83.998  22.951 0.1000000015
12302  -7.107  -77.734  24.361 0.1000000015
30868  -19.205  -57.142  21.263 0.2000000030
36556  -22.591  -50.399  21.690 0.3000000119
133269  -28.487  -93.383  10.159 0.1000000015
1981  -27.551  -92.851  10.696 0.1000000015
1533  -28.168  -93.239  10.643 0.1000000015
1517  -26.657  -94.123  11.460 0.1000000015
135891  -13.457  -91.977  -0.918 0.2000000030
6873  -7.214  -84.522  21.651 0.1000000015
5394  -10.387  -86.597  20.577 0.1000000015
6855  -7.673  -84.490  22.463 0.1000000015
10722  -6.466  -79.927  19.134 0.2000000030
122353  -7.847  -80.021  24.746 0.1000000015
10659  -7.747  -79.074  24.442 0.1000000015
120348  -8.983  -79.966  24.776 0.1000000015
135415  -8.967  -79.320  24.609 0.1000000015
122960  -10.249  -79.207  25.050 0.1000000015
123508  -8.526  -78.746  24.409 0.1000000015
11538  -9.904  -78.504  24.896 0.1000000015
12305  -9.616  -77.635  24.781 0.1000000015
128858  -11.181  -77.084  25.017 0.1000000015
12308  -13.322  -78.154  24.710 0.1000000015
13023  -9.370  -76.707  24.791 0.1000000015
141862  -12.828  -76.397  24.925 0.1000000015
13027  -13.459  -77.031  24.887 0.1000000015
127292  -9.069  -75.872  24.738 0.1000000015
13776  -10.565  -75.244  24.901 0.1000000015
13026  -12.546  -75.571  24.908 0.1000000015
14494  -9.163  -74.506  24.397 0.1000000015
17850  -16.901  -71.116  28.480 0.3000000119
14512  -9.627  -74.079  24.083 0.1000000015
14495  -10.075  -74.555  24.536 0.1000000015
19883  -22.151  -68.234  12.883 0.3000000119
122084  -10.351  -69.952  21.761 0.2000000030
18862  -9.878  -68.817  22.417 0.3000000119
18863  -10.809  -69.306  21.527 0.3000000119
19766  -11.661  -67.504  21.656 0.3000000119
22384  -20.199  -65.926  21.506 0.4000000060
22367  -22.255  -66.171  22.230 0.3000000119
22366  -21.543  -65.830  22.401 0.3000000119
29256  -18.733  -59.030  11.473 0.1000000015
4935  -20.173  -87.907  -1.294 0.1000000015
4923  -20.771  -88.275  -0.660 0.1000000015
142201  -19.647  -88.091  -1.930 0.2000000030
5669  -20.438  -86.751  -1.573 0.1000000015
3620  -18.298  -89.764  -2.072 0.2000000030
4285  -18.538  -89.076  -2.489 0.2000000030
4948  -19.273  -87.666  -2.528 0.2000000030
5660  -23.279  -86.216  -0.216 0.1000000015
21  -20.099  -99.056  18.066 0.4000000060
129455  -16.652  -95.773  33.153 0.3000000119
133463  -13.094  -91.989  -0.302 0.1000000015
590  -17.856  -96.102  32.610 0.3000000119
2553  -11.811  -91.588  -0.953 0.1000000015
131299  -13.225  -91.568  -1.545 0.1000000015
2529  -11.741  -92.038  0.624 0.1000000015
325  -14.817  -96.043  31.182 0.3000000119
2540  -11.140  -91.758  -0.203 0.1000000015
2962  -8.906  -89.974  2.462 0.1000000015
137346  -8.025  -89.480  3.543 0.1000000015
6252  -7.249  -85.852  9.521 0.1000000015
4138  -7.875  -88.241  5.319 0.1000000015
7001  -6.935  -85.043  9.648 0.1000000015
4789  -7.430  -87.220  7.176 0.1000000015
7773  -6.873  -83.493  9.261 0.1000000015
8525  -6.757  -83.010  10.733 0.1000000015
128671  -6.795  -83.696  10.169 0.1000000015
139378  -6.707  -82.392  11.205 0.1000000015
8546  -6.874  -82.737  9.815 0.1000000015
9249  -6.827  -82.088  10.469 0.1000000015
9989  -6.989  -80.633  10.876 0.3000000119
8509  -6.648  -82.224  11.922 0.1000000015
9241  -6.739  -81.500  11.240 0.1000000015
9227  -6.673  -81.406  12.163 0.1000000015
9981  -6.881  -80.713  11.733 0.3000000119
131752  -6.688  -83.240  11.747 0.1000000015
9228  -6.734  -81.430  13.059 0.1000000015
125736  -6.731  -82.943  14.300 0.1000000015
9194  -7.030  -82.638  15.174 0.1000000015
9936  -7.408  -80.693  14.465 0.1000000015
123275  -8.605  -79.511  14.044 0.3000000119
8477  -7.466  -82.383  15.822 0.1000000015
7694  -8.109  -83.092  15.808 0.1000000015
7695  -8.351  -82.602  16.227 0.1000000015
9928  -7.071  -81.356  16.114 0.2000000030
9186  -6.945  -81.829  15.295 0.1000000015
9195  -6.930  -81.433  14.581 0.1000000015
9922  -6.995  -80.640  16.762 0.2000000030
134361  -8.807  -79.211  14.762 0.5000000000
7678  -8.098  -82.385  16.405 0.1000000015
7679  -8.503  -82.136  16.830 0.1000000015
7681  -9.931  -82.224  16.861 0.1000000015
9181  -7.496  -81.553  17.334 0.1000000015
136200  -8.306  -81.680  17.341 0.1000000015
8467  -10.752  -82.432  16.871 0.1000000015
127878  -7.126  -81.325  17.113 0.1000000015
10761  -7.297  -79.779  16.572 0.2000000030
9923  -7.404  -80.337  15.870 0.2000000030
128247  -7.996  -79.926  14.915 0.3000000119
10780  -8.619  -79.088  15.379 0.3000000119
9168  -7.278  -81.435  18.271 0.1000000015
8455  -8.822  -81.725  17.302 0.1000000015
8456  -9.566  -81.788  17.241 0.1000000015
8445  -11.147  -81.640  17.474 0.1000000015
8444  -9.046  -81.371  17.713 0.1000000015
138738  -10.013  -81.381  17.574 0.1000000015
9905  -6.810  -81.066  18.483 0.1000000015
132391  -6.652  -80.671  19.017 0.1000000015
9893  -7.846  -80.293  19.512 0.1000000015
10694  -7.558  -79.332  20.183 0.1000000015
10709  -9.045  -79.111  19.122 0.1000000015
11577  -6.910  -79.174  20.242 0.1000000015
12336  -6.873  -77.812  20.913 0.1000000015
11566  -6.680  -78.344  20.419 0.1000000015
13055  -5.736  -76.605  20.410 0.1000000015
11568  -7.748  -78.573  20.509 0.1000000015
11579  -9.248  -78.372  19.193 0.1000000015
12347  -9.042  -77.870  19.821 0.1000000015
13046  -5.968  -76.627  20.877 0.1000000015
13806  -5.589  -75.715  20.208 0.1000000015
130513  -5.638  -74.943  19.987 0.3000000119
12346  -8.263  -78.116  20.418 0.1000000015
12338  -8.474  -77.286  20.563 0.1000000015
13048  -9.096  -76.341  20.501 0.1000000015
137764  -6.524  -76.972  21.106 0.1000000015
13041  -6.145  -76.129  21.186 0.1000000015
13797  -5.667  -75.864  20.926 0.1000000015
13796  -5.473  -75.123  20.745 0.2000000030
138745  -7.391  -77.206  21.098 0.1000000015
13047  -8.185  -76.471  21.026 0.1000000015
13042  -7.150  -76.227  21.274 0.1000000015
139136  -8.096  -75.818  21.174 0.1000000015
13798  -8.631  -75.230  21.084 0.1000000015
13790  -5.882  -75.485  21.284 0.1000000015
14538  -7.106  -74.570  21.592 0.1000000015
14544  -9.996  -74.516  20.379 0.1000000015
14536  -5.832  -74.270  21.616 0.2000000030
17037  -11.507  -71.516  19.296 0.1000000015
16168  -14.583  -72.339  19.437 0.1000000015
17041  -14.891  -71.578  19.312 0.1000000015
17027  -9.568  -71.319  20.194 0.1000000015
17036  -10.756  -71.238  19.440 0.1000000015
17059  -13.463  -71.140  18.845 0.1000000015
17040  -14.023  -71.709  19.174 0.1000000015
20660  -11.421  -67.811  19.582 0.2000000030
20650  -10.946  -67.130  20.054 0.2000000030
19793  -9.799  -68.652  20.169 0.2000000030
17981  -13.740  -70.416  18.632 0.1000000015
17982  -14.601  -70.224  18.742 0.1000000015
19804  -10.280  -69.136  19.642 0.1000000015
127725  -10.097  -70.050  19.568 0.1000000015
17964  -11.291  -70.739  19.118 0.1000000015
17980  -12.784  -70.532  18.692 0.1000000015
17060  -14.312  -70.991  18.915 0.1000000015
17061  -15.216  -70.787  19.175 0.1000000015
136014  -16.547  -71.086  19.308 0.1000000015
119439  -9.466  -69.493  20.176 0.1000000015
20669  -12.931  -67.464  18.809 0.2000000030
22422  -15.749  -65.245  18.666 0.2000000030
22420  -14.159  -66.056  18.881 0.2000000030
22421  -15.080  -65.785  18.551 0.2000000030
138841  -14.752  -66.449  18.443 0.1000000015
22423  -16.488  -65.354  18.441 0.2000000030
22408  -14.556  -65.224  19.142 0.2000000030
23390  -15.188  -65.090  18.971 0.2000000030
139578  -17.626  -64.738  18.734 0.2000000030
123263  -15.926  -64.060  18.687 0.2000000030
23392  -16.252  -64.571  18.761 0.2000000030
131675  -17.525  -64.080  18.791 0.2000000030
137172  -16.732  -63.922  18.584 0.2000000030
123278  -17.532  -63.325  18.405 0.2000000030
29890  -20.040  -57.415  29.378 0.1000000015
25349  -18.419  -63.104  18.632 0.2000000030
24356  -18.081  -63.723  18.776 0.1000000015
29891  -21.052  -57.513  29.453 0.1000000015
29904  -19.439  -57.809  28.572 0.1000000015
125441  -20.976  -57.002  28.143 0.1000000015
123736  -18.409  -59.281  27.495 0.1000000015
133950  -21.121  -61.646  18.572 0.1000000015
26314  -20.461  -61.990  18.568 0.1000000015
140942  -21.008  -62.254  18.901 0.1000000015
25350  -19.845  -62.573  18.711 0.1000000015
25360  -18.265  -62.366  18.165 0.2000000030
25361  -19.033  -62.407  18.411 0.1000000015
123030  -19.033  -58.340  27.704 0.1000000015
119320  -19.882  -57.337  27.989 0.1000000015
29027  -18.639  -59.045  26.671 0.1000000015
26315  -21.825  -61.441  18.619 0.1000000015
25352  -21.608  -62.135  18.941 0.1000000015
29045  -18.050  -59.750  25.866 0.1000000015
29058  -18.024  -59.836  25.055 0.1000000015
35616  -21.018  -51.532  22.703 0.2000000030
37452  -21.107  -49.583  21.144 0.1000000015
121657  -21.393  -49.086  20.667 0.1000000015
36555  -21.838  -49.984  21.527 0.1000000015
36568  -22.855  -49.851  21.186 0.2000000030
36569  -23.719  -49.894  20.544 0.2000000030
36567  -22.109  -49.369  20.969 0.1000000015
37480  -23.726  -49.418  20.010 0.3000000119
36598  -23.885  -50.449  18.760 0.3000000119
37498  -23.696  -49.522  19.010 0.3000000119
36610  -23.588  -50.899  18.109 0.3000000119
12337  -7.589  -78.004  20.865 0.1000000015
11567  -7.183  -78.549  20.595 0.1000000015
20659  -10.474  -68.066  19.952 0.2000000030
12345  -6.247  -78.179  19.955 0.1000000015
14537  -6.211  -74.419  21.759 0.1000000015
16164  -10.923  -72.042  19.640 0.1000000015
16163  -10.212  -71.692  19.843 0.1000000015
17948  -9.500  -70.465  20.105 0.1000000015
24342  -15.186  -63.690  18.873 0.2000000030
29905  -20.450  -57.298  28.775 0.1000000015
134796  -24.306  -62.033  29.946 0.1000000015
29059  -18.510  -58.948  24.498 0.1000000015
29915  -19.574  -57.613  27.044 0.1000000015
29083  -18.253  -58.574  23.090 0.1000000015
36554  -20.810  -50.234  21.653 0.1000000015
9929  -7.194  -80.893  15.189 0.1000000015
13791  -6.464  -75.334  21.423 0.1000000015
17965  -12.057  -71.027  18.886 0.1000000015
17962  -10.097  -70.879  19.670 0.1000000015
17963  -10.628  -70.547  19.356 0.1000000015
122003  -19.252  -63.232  18.944 0.1000000015
28114  -17.990  -59.536  27.907 0.1000000015
29071  -18.000  -59.504  24.441 0.1000000015
1170  -24.211  -94.936  5.995 0.1000000015
121259  -24.507  -94.065  7.432 0.1000000015
2504  -17.497  -92.386  2.991 0.1000000015
73  -21.203  -98.344  16.866 0.3000000119
72  -20.336  -98.558  16.595 0.3000000119
68  -21.654  -98.502  17.588 0.3000000119
131341  -22.060  -97.440  17.330 0.3000000119
136258  -20.813  -99.077  18.242 0.3000000119
20  -21.966  -98.961  18.835 0.3000000119
16  -22.478  -99.071  19.476 0.3000000119
63  -22.902  -98.290  18.740 0.3000000119
69  -22.311  -97.980  17.866 0.3000000119
10  -21.508  -99.454  20.275 0.3000000119
129370  -22.195  -99.333  20.033 0.3000000119
49  -22.956  -99.223  20.278 0.3000000119
123520  -22.927  -99.295  21.165 0.3000000119
140593  -20.030  -93.407  26.388 0.2000000030
39  -25.629  -98.075  22.279 0.2000000030
45  -25.624  -98.454  21.716 0.2000000030
363  -24.936  -96.700  23.468 0.2000000030
51  -25.087  -98.754  21.190 0.2000000030
57  -25.011  -98.614  20.436 0.2000000030
56  -24.170  -98.662  19.947 0.2000000030
118590  -23.697  -99.137  20.972 0.3000000119
127597  -23.714  -98.995  20.266 0.3000000119
43  -23.624  -98.961  21.747 0.3000000119
37  -22.709  -98.988  21.919 0.3000000119
38  -23.462  -98.519  22.461 0.3000000119
29  -24.045  -98.014  22.888 0.3000000119
30  -24.650  -98.109  22.635 0.3000000119
157  -24.561  -97.615  23.047 0.3000000119
150  -24.416  -97.054  23.523 0.3000000119
642  -23.925  -95.412  24.033 0.2000000030
962  -23.389  -95.127  24.601 0.3000000119
158  -25.209  -97.332  23.039 0.2000000030
140256  -25.088  -98.656  21.708 0.2000000030
961  -22.683  -94.675  24.964 0.3000000119
161  -25.126  -97.894  22.656 0.2000000030
50  -24.389  -98.918  20.713 0.3000000119
44  -24.482  -98.836  21.568 0.3000000119
360  -24.138  -96.416  23.857 0.2000000030
5  -20.335  -99.342  21.163 0.3000000119
125174  -21.796  -99.023  21.824 0.3000000119
635  -23.784  -95.831  24.281 0.3000000119
2  -19.841  -99.038  21.640 0.3000000119
36  -21.548  -98.437  22.474 0.3000000119
27  -22.118  -97.853  23.201 0.3000000119
148  -23.044  -96.825  24.272 0.3000000119
34  -19.758  -98.573  22.213 0.3000000119
149  -23.650  -96.688  23.990 0.3000000119
359  -23.472  -96.151  24.452 0.3000000119
630  -23.192  -95.610  24.881 0.3000000119
135754  -18.927  -98.306  22.456 0.3000000119
26  -20.931  -97.774  23.141 0.3000000119
953  -22.884  -95.170  25.149 0.3000000119
141  -23.044  -96.328  24.704 0.3000000119
25  -19.647  -97.835  22.940 0.3000000119
2689  -6.895  -90.921  31.741 0.3000000119
2227  -7.154  -91.738  31.420 0.3000000119
2698  -7.012  -90.889  30.753 0.3000000119
119746  -6.737  -90.085  31.109 0.3000000119
2663  -8.867  -90.466  34.737 0.2000000030
3220  -9.079  -89.704  34.378 0.2000000030
3839  -9.606  -89.233  33.862 0.2000000030
2209  -7.293  -92.012  34.054 0.3000000119
2198  -7.629  -91.543  34.436 0.2000000030
3219  -8.341  -89.787  34.684 0.2000000030
3826  -8.894  -89.081  34.518 0.3000000119
4525  -9.594  -88.344  34.089 0.3000000119
5231  -9.979  -86.656  34.104 0.3000000119
5229  -8.224  -86.975  35.260 0.3000000119
5230  -9.076  -86.262  34.765 0.3000000119
2680  -6.892  -90.814  32.761 0.3000000119
4497  -6.709  -87.675  34.948 0.3000000119
5961  -9.389  -85.264  34.291 0.3000000119
2688  -6.725  -90.100  32.110 0.3000000119
134608  -6.801  -89.462  33.652 0.3000000119
5217  -7.370  -86.628  35.455 0.3000000119
5950  -7.382  -85.736  35.410 0.3000000119
2672  -9.652  -89.943  34.007 0.1000000015
2664  -9.770  -90.646  34.501 0.1000000015
3840  -10.174  -88.741  33.277 0.2000000030
139834  -7.317  -91.260  34.071 0.3000000119
2646  -7.730  -90.067  34.393 0.3000000119
4526  -10.311  -87.904  33.461 0.3000000119
4511  -8.100  -87.897  35.145 0.3000000119
4512  -9.209  -87.431  34.733 0.3000000119
130541  -10.449  -87.186  33.684 0.3000000119
5244  -10.746  -86.556  33.454 0.3000000119
134866  -9.724  -85.969  34.205 0.3000000119
128160  -10.770  -85.141  33.242 0.3000000119
5962  -10.302  -85.736  33.719 0.3000000119
6720  -10.157  -84.802  33.638 0.3000000119
120205  -6.539  -85.022  34.665 0.3000000119
5960  -8.369  -85.439  35.051 0.3000000119
6721  -10.787  -84.341  33.101 0.3000000119
5215  -6.912  -86.282  35.365 0.3000000119
2674  -11.094  -90.517  33.163 0.1000000015
3230  -10.221  -89.510  33.290 0.1000000015
140134  -11.015  -88.759  32.359 0.1000000015
4527  -10.918  -87.357  33.144 0.2000000030
5245  -11.439  -86.638  32.773 0.2000000030
6732  -11.337  -84.219  32.535 0.3000000119
7492  -11.070  -83.597  32.753 0.3000000119
6693  -7.110  -84.904  35.298 0.3000000119
6719  -9.496  -84.252  34.103 0.3000000119
7480  -10.453  -83.516  33.267 0.3000000119
2681  -10.835  -89.810  32.763 0.1000000015
3853  -11.393  -88.377  32.176 0.1000000015
7493  -11.618  -83.645  32.192 0.3000000119
7468  -7.276  -83.401  34.701 0.3000000119
7470  -8.910  -83.660  34.397 0.3000000119
7491  -10.820  -82.986  33.008 0.3000000119
8267  -11.306  -82.817  32.418 0.2000000030
3253  -11.372  -89.256  32.053 0.1000000015
8241  -7.124  -82.627  34.281 0.3000000119
8243  -8.725  -82.898  34.331 0.3000000119
8256  -10.234  -82.709  33.437 0.3000000119
8266  -10.770  -82.272  32.969 0.3000000119
8277  -11.830  -82.148  31.871 0.2000000030
121190  -12.346  -81.863  31.264 0.2000000030
9006  -11.396  -81.318  32.158 0.2000000030
15220  -19.149  -73.917  28.057 0.2000000030
142123  -18.650  -73.339  28.267 0.2000000030
121086  -19.250  -72.936  28.077 0.2000000030
118450  -19.126  -71.990  28.246 0.2000000030
15218  -17.884  -73.197  28.722 0.2000000030
16058  -18.369  -72.416  28.595 0.2000000030
16932  -19.064  -71.213  28.341 0.2000000030
138651  -16.973  -71.839  28.982 0.2000000030
16930  -17.673  -71.620  28.874 0.2000000030
16931  -18.447  -71.414  28.584 0.2000000030
16057  -17.408  -72.400  29.033 0.2000000030
17851  -17.814  -70.800  28.502 0.2000000030
17852  -18.600  -70.614  28.341 0.2000000030
18800  -17.549  -69.725  27.517 0.2000000030
17864  -19.503  -70.600  28.102 0.2000000030
17862  -17.253  -70.270  28.073 0.2000000030
18799  -16.882  -69.907  27.560 0.2000000030
19906  -21.279  -68.387  11.665 0.2000000030
20744  -22.051  -68.072  12.151 0.2000000030
21612  -22.688  -66.362  11.502 0.2000000030
22515  -23.222  -65.640  11.825 0.1000000015
20756  -20.726  -67.881  10.829 0.2000000030
21611  -21.992  -66.855  10.983 0.2000000030
23487  -23.366  -64.402  11.555 0.1000000015
23488  -24.044  -64.058  11.946 0.1000000015
21625  -22.046  -65.918  10.779 0.2000000030
22514  -22.559  -65.555  11.248 0.1000000015
136107  -21.331  -66.324  10.188 0.2000000030
23501  -22.800  -64.037  11.016 0.1000000015
21624  -21.480  -65.430  9.941 0.2000000030
24446  -24.383  -63.192  11.700 0.1000000015
23500  -22.182  -64.208  10.421 0.2000000030
23502  -23.421  -63.453  11.116 0.1000000015
24457  -22.444  -63.354  10.280 0.1000000015
25452  -23.816  -62.474  11.040 0.1000000015
22536  -20.880  -64.961  8.930 0.2000000030
22537  -21.540  -64.521  9.647 0.2000000030
24432  -24.892  -63.835  12.310 0.1000000015
25453  -24.613  -61.395  11.448 0.1000000015
23510  -21.590  -63.478  9.300 0.1000000015
23509  -20.922  -64.052  8.576 0.1000000015
24464  -21.923  -62.481  9.366 0.1000000015
25451  -22.891  -62.521  10.264 0.1000000015
26428  -23.881  -60.926  10.539 0.1000000015
132818  -21.466  -62.823  8.699 0.1000000015
25459  -21.802  -61.770  9.008 0.1000000015
20718  -22.188  -67.476  14.220 0.1000000015
22483  -24.067  -65.833  13.310 0.1000000015
22503  -24.334  -65.275  12.866 0.1000000015
135702  -24.913  -64.289  12.697 0.1000000015
25442  -24.714  -62.239  11.667 0.1000000015
26419  -25.171  -61.018  11.989 0.1000000015
27430  -24.550  -60.729  11.264 0.1000000015
25460  -22.392  -61.666  9.474 0.1000000015
136248  -19.865  -67.369  14.524 0.2000000030
21566  -20.521  -66.912  14.478 0.2000000030
24447  -25.168  -62.942  12.172 0.1000000015
126533  -25.766  -59.762  11.924 0.1000000015
27416  -24.909  -60.070  11.541 0.1000000015
27429  -24.108  -60.102  10.612 0.1000000015
26437  -23.456  -60.088  9.866 0.1000000015
22484  -24.360  -65.282  13.655 0.1000000015
22466  -20.051  -66.152  14.201 0.2000000030
21567  -21.550  -66.772  14.504 0.1000000015
21568  -22.489  -66.667  14.482 0.1000000015
25443  -26.029  -61.543  11.893 0.1000000015
27417  -26.019  -60.743  11.889 0.1000000015
21569  -23.250  -66.353  14.231 0.1000000015
23470  -24.810  -64.638  13.204 0.1000000015
24433  -25.412  -63.405  12.677 0.1000000015
21583  -19.417  -66.050  13.711 0.1000000015
22467  -20.826  -66.010  14.433 0.1000000015
22499  -15.748  -65.014  12.782 0.2000000030
27441  -23.018  -59.558  9.180 0.1000000015
22468  -21.830  -65.818  14.704 0.1000000015
138517  -22.749  -65.966  14.677 0.1000000015
22480  -18.793  -66.010  13.164 0.2000000030
22501  -17.473  -65.590  12.548 0.2000000030
22481  -19.337  -65.485  12.984 0.1000000015
23464  -15.053  -64.218  13.152 0.2000000030
23433  -21.017  -65.101  14.217 0.1000000015
23465  -15.530  -64.205  12.767 0.2000000030
31698  -18.934  -54.673  22.170 0.1000000015
31711  -18.787  -55.582  21.441 0.1000000015
33715  -19.116  -53.709  22.804 0.1000000015
33698  -20.016  -53.303  23.459 0.1000000015
34679  -19.356  -52.698  22.900 0.1000000015
34680  -20.455  -52.351  23.125 0.1000000015
35615  -19.840  -51.764  22.613 0.1000000015
37479  -23.339  -48.811  19.803 0.2000000030
37497  -23.354  -49.272  17.801 0.2000000030
37507  -23.118  -49.755  16.687 0.2000000030
121927  -23.068  -48.812  16.833 0.2000000030
37521  -22.347  -48.768  16.361 0.2000000030
156  -23.732  -97.362  23.547 0.3000000119
135825  -22.553  -98.430  22.580 0.3000000119
28  -23.173  -97.923  23.118 0.3000000119
2697  -6.827  -89.984  30.146 0.3000000119
3242  -6.604  -89.414  32.619 0.3000000119
3809  -7.306  -88.170  35.059 0.3000000119
4499  -7.349  -87.368  35.352 0.3000000119
2218  -6.957  -91.691  32.428 0.3000000119
3202  -7.472  -89.051  34.613 0.3000000119
3217  -6.921  -88.889  34.396 0.3000000119
2662  -7.515  -90.547  34.216 0.3000000119
6704  -7.492  -84.162  35.058 0.3000000119
8242  -7.738  -82.697  34.444 0.3000000119
22348  -25.476  -65.579  23.414 0.3000000119
24304  -26.629  -63.982  23.970 0.3000000119
142004  -23.126  -48.514  17.642 0.2000000030
14  -20.732  -99.349  19.728 0.3000000119
9  -20.762  -99.454  20.561 0.3000000119
19  -21.194  -99.188  18.859 0.3000000119
18817  -17.009  -69.508  26.976 0.2000000030
128105  -16.728  -65.505  12.566 0.2000000030
31723  -19.577  -56.456  21.474 0.1000000015
2506  -19.351  -92.499  2.989 0.1000000015
36597  -23.568  -50.166  17.946 0.2000000030
67  -20.833  -98.814  17.461 0.3000000119
62  -22.141  -98.601  18.330 0.3000000119
15  -21.694  -99.260  19.519 0.3000000119
55  -23.252  -98.799  19.533 0.3000000119
42  -22.219  -99.301  21.342 0.3000000119
6  -21.374  -99.411  21.129 0.3000000119
35  -20.744  -98.964  21.876 0.3000000119
2647  -8.025  -90.623  34.825 0.2000000030
136597  -8.415  -91.246  35.162 0.2000000030
4513  -9.958  -87.498  34.030 0.3000000119
2679  -6.792  -90.080  33.008 0.3000000119
142121  -10.126  -84.057  33.576 0.3000000119
7479  -9.679  -83.340  33.909 0.3000000119
129265  -23.296  -48.675  18.693 0.2000000030
179  -22.927  -97.368  18.352 0.2000000030
142242  -23.409  -97.661  18.815 0.2000000030
397  -23.879  -96.327  18.703 0.2000000030
398  -25.027  -96.711  19.016 0.1000000015
173  -23.750  -98.184  19.320 0.2000000030
180  -24.067  -97.323  18.989 0.2000000030
174  -24.786  -97.977  19.608 0.2000000030
319  -18.867  -96.703  32.517 0.2000000030
311  -18.461  -96.566  33.223 0.2000000030
327  -19.067  -96.745  31.592 0.2000000030
122319  -20.231  -96.583  29.825 0.2000000030
342  -21.331  -96.024  29.312 0.2000000030
611  -21.168  -95.726  29.658 0.2000000030
312  -19.051  -96.746  33.900 0.2000000030
140460  -18.996  -96.761  33.177 0.2000000030
320  -19.498  -96.604  33.210 0.2000000030
321  -20.015  -96.310  32.809 0.2000000030
341  -20.912  -96.160  29.856 0.2000000030
604  -20.823  -95.847  30.489 0.2000000030
921  -21.260  -95.307  29.266 0.2000000030
310  -17.193  -96.144  34.164 0.2000000030
302  -17.818  -96.516  34.734 0.2000000030
125942  -18.981  -96.683  35.510 0.2000000030
583  -17.410  -96.010  33.363 0.2000000030
119734  -18.172  -96.513  33.998 0.2000000030
304  -19.515  -96.626  34.907 0.2000000030
313  -19.671  -96.508  34.224 0.2000000030
123004  -19.957  -96.323  33.793 0.2000000030
591  -20.171  -95.736  33.513 0.2000000030
127695  -18.273  -96.665  35.414 0.1000000015
291  -18.958  -96.370  36.750 0.1000000015
297  -17.296  -96.485  35.396 0.2000000030
127424  -19.449  -96.436  36.085 0.2000000030
134994  -19.677  -96.452  35.597 0.2000000030
588  -16.020  -95.634  32.981 0.2000000030
298  -19.931  -96.324  35.427 0.2000000030
579  -20.178  -95.847  35.098 0.2000000030
584  -20.214  -95.834  34.363 0.2000000030
318  -15.145  -95.986  32.776 0.2000000030
289  -16.926  -96.735  36.933 0.2000000030
128210  -17.677  -96.618  36.137 0.1000000015
285  -18.309  -96.305  37.483 0.1000000015
301  -16.298  -96.495  35.221 0.2000000030
286  -19.086  -95.972  37.385 0.1000000015
563  -19.818  -95.563  37.506 0.1000000015
127815  -16.956  -96.318  34.780 0.2000000030
558  -20.107  -95.029  38.331 0.1000000015
292  -19.699  -96.025  36.633 0.1000000015
569  -20.189  -95.770  36.250 0.1000000015
309  -15.571  -96.009  33.564 0.2000000030
132808  -20.331  -95.393  36.973 0.1000000015
574  -20.151  -95.935  35.792 0.2000000030
885  -20.507  -95.419  36.069 0.1000000015
892  -20.558  -95.175  35.580 0.2000000030
121083  -20.403  -95.201  34.887 0.2000000030
127461  -16.773  -96.655  38.353 0.1000000015
280  -16.941  -96.497  38.945 0.1000000015
140046  -16.609  -96.769  37.751 0.2000000030
127094  -17.435  -96.582  37.620 0.1000000015
282  -18.462  -95.916  38.163 0.1000000015
296  -16.623  -96.616  36.043 0.2000000030
557  -19.327  -95.515  38.121 0.1000000015
136444  -15.318  -96.488  34.928 0.2000000030
554  -20.086  -94.618  38.994 0.1000000015
137730  -15.207  -96.296  34.164 0.2000000030
1227  -20.274  -93.694  39.521 0.1000000015
872  -20.542  -94.364  38.700 0.1000000015
873  -21.072  -94.148  38.254 0.1000000015
880  -20.797  -94.982  36.513 0.1000000015
275  -16.172  -96.321  39.704 0.1000000015
862  -19.506  -94.109  40.572 0.1000000015
133661  -18.976  -95.489  38.678 0.1000000015
866  -19.707  -94.536  39.643 0.1000000015
300  -14.447  -96.452  34.500 0.2000000030
1224  -19.863  -93.376  40.250 0.1000000015
308  -14.603  -96.384  33.513 0.2000000030
128527  -13.792  -96.640  33.112 0.2000000030
316  -13.692  -96.805  32.251 0.2000000030
1223  -19.564  -93.483  40.793 0.1000000015
1689  -20.234  -93.296  39.704 0.1000000015
307  -13.735  -96.456  34.000 0.2000000030
306  -12.947  -96.483  32.857 0.1000000015
577  -12.866  -96.311  34.393 0.1000000015
586  -11.534  -95.823  32.727 0.1000000015
5485  -34.324  -86.269  13.217 0.1000000015
5486  -35.087  -86.604  13.698 0.1000000015
5492  -33.510  -86.248  11.827 0.1000000015
6207  -34.923  -85.698  13.619 0.1000000015
5476  -35.816  -85.915  14.047 0.1000000015
6196  -35.578  -85.067  13.958 0.1000000015
5484  -33.773  -85.865  12.646 0.1000000015
141706  -34.138  -85.334  9.929 0.1000000015
117688  -33.740  -85.212  10.508 0.1000000015
897  -10.257  -94.678  33.645 0.1000000015
896  -9.604  -94.122  33.499 0.1000000015
121663  -9.866  -94.191  34.495 0.1000000015
11781  -24.429  -78.592  3.559 0.1000000015
1258  -9.460  -93.415  34.933 0.1000000015
127572  -9.345  -93.688  34.131 0.1000000015
1276  -8.537  -93.983  32.412 0.2000000030
11763  -23.913  -78.473  4.203 0.1000000015
117653  -24.835  -78.740  2.842 0.1000000015
121962  -8.058  -93.764  32.084 0.2000000030
1760  -7.269  -92.500  32.111 0.2000000030
11782  -25.243  -78.136  3.287 0.1000000015
11796  -25.463  -78.314  2.368 0.1000000015
1267  -8.693  -93.310  34.464 0.1000000015
1248  -9.693  -93.190  35.613 0.1000000015
1735  -7.804  -93.361  33.937 0.1000000015
1247  -8.807  -92.799  35.177 0.1000000015
1722  -7.678  -92.395  34.678 0.1000000015
1734  -7.381  -92.782  33.947 0.2000000030
1745  -7.116  -92.350  33.184 0.2000000030
2671  -7.038  -90.513  33.735 0.2000000030
118971  -25.815  -77.859  2.683 0.1000000015
11806  -26.479  -78.192  1.139 0.1000000015
11797  -26.065  -77.854  1.931 0.1000000015
118994  -26.421  -77.757  2.615 0.1000000015
2199  -9.115  -91.290  35.244 0.1000000015
2186  -7.985  -91.661  35.031 0.1000000015
128901  -7.059  -89.720  33.907 0.2000000030
120678  -27.405  -77.933  2.723 0.1000000015
120778  -27.871  -78.344  3.783 0.1000000015
11798  -26.891  -77.805  1.721 0.1000000015
10993  -26.871  -78.682  0.479 0.1000000015
134236  -28.060  -78.071  1.792 0.1000000015
11783  -28.441  -78.340  3.026 0.1000000015
10936  -28.822  -78.722  4.037 0.1000000015
11799  -29.037  -78.474  2.340 0.1000000015
123455  -29.831  -79.158  4.251 0.1000000015
10957  -29.344  -78.711  3.356 0.1000000015
10937  -30.642  -79.429  4.976 0.1000000015
22378  -14.304  -65.158  21.750 0.3000000119
22361  -14.559  -64.499  22.246 0.3000000119
21483  -14.698  -66.128  21.252 0.3000000119
20634  -12.612  -67.369  21.144 0.3000000119
21482  -13.849  -66.546  21.132 0.3000000119
20637  -15.527  -66.899  20.685 0.3000000119
21484  -15.826  -66.052  21.094 0.3000000119
20636  -14.569  -67.257  20.662 0.3000000119
19778  -12.333  -68.308  20.736 0.2000000030
19779  -13.262  -68.127  20.554 0.3000000119
22360  -13.662  -64.662  22.326 0.3000000119
23334  -14.860  -63.902  22.901 0.3000000119
20619  -12.955  -66.488  21.547 0.3000000119
22379  -15.205  -65.271  21.675 0.3000000119
141734  -16.314  -64.631  22.343 0.3000000119
22380  -16.284  -65.293  21.660 0.3000000119
22363  -17.149  -64.933  22.078 0.3000000119
22382  -18.443  -65.568  21.458 0.3000000119
22383  -19.327  -65.730  21.413 0.3000000119
20639  -19.739  -66.593  20.772 0.3000000119
20640  -20.501  -67.286  20.626 0.3000000119
23336  -17.641  -64.475  22.737 0.3000000119
22365  -18.973  -64.973  21.959 0.3000000119
5258  -12.060  -86.308  32.194 0.2000000030
5988  -11.641  -85.829  32.561 0.2000000030
5989  -12.150  -85.382  32.043 0.2000000030
127794  -20.591  -96.306  30.393 0.2000000030
21488  -20.576  -66.544  21.057 0.3000000119
22381  -17.729  -65.429  21.599 0.3000000119
141727  -17.720  -96.123  38.703 0.1000000015
553  -19.053  -95.208  39.396 0.1000000015
1268  -8.678  -93.752  33.405 0.1000000015
20635  -13.547  -67.285  20.801 0.3000000119
19780  -14.134  -68.083  20.515 0.2000000030
132492  -17.152  -65.565  21.437 0.3000000119
124085  -7.459  -93.981  9.592 0.1000000015
1523  -6.875  -93.419  10.216 0.1000000015
21464  -21.783  -66.452  21.718 0.2000000030
21465  -22.535  -66.730  21.772 0.2000000030
20620  -22.651  -67.579  21.393 0.2000000030
21466  -23.484  -67.062  21.736 0.2000000030
21450  -23.771  -66.339  22.541 0.2000000030
118127  -24.282  -67.902  21.735 0.2000000030
21467  -24.489  -66.930  22.086 0.2000000030
129603  -16.195  -68.354  20.309 0.2000000030
21499  -17.262  -66.877  20.479 0.2000000030
21487  -18.732  -66.257  20.806 0.2000000030
19798  -17.526  -68.491  20.524 0.2000000030
123063  -18.946  -68.211  20.447 0.1000000015
136846  -24.497  -66.277  22.778 0.2000000030
139005  -24.872  -66.633  22.503 0.2000000030
20621  -25.099  -67.731  21.956 0.2000000030
21468  -25.318  -66.941  22.270 0.2000000030
119771  -24.898  -68.699  21.967 0.2000000030
21451  -25.229  -66.271  22.859 0.2000000030
125539  -25.993  -66.992  22.280 0.1000000015
117274  -25.381  -69.448  22.110 0.1000000015
19769  -25.666  -68.483  22.026 0.1000000015
20622  -25.831  -67.599  22.100 0.1000000015
137151  -25.795  -66.575  22.589 0.2000000030
21452  -26.039  -66.048  22.972 0.2000000030
21469  -26.453  -66.615  22.632 0.2000000030
117469  -25.816  -69.673  21.816 0.1000000015
117276  -26.495  -68.522  21.696 0.1000000015
117277  -26.294  -68.171  22.010 0.1000000015
20623  -26.632  -67.376  22.248 0.1000000015
22349  -26.357  -65.440  23.562 0.2000000030
120451  -27.349  -67.714  21.319 0.1000000015
117540  -27.570  -66.993  21.455 0.1000000015
117279  -27.295  -67.187  22.060 0.1000000015
21453  -26.915  -66.006  23.200 0.1000000015
117513  -26.876  -68.417  21.300 0.1000000015
23321  -26.572  -64.739  23.929 0.2000000030
117281  -27.348  -67.574  20.468 0.1000000015
117284  -27.579  -67.024  20.837 0.1000000015
21471  -27.824  -65.928  22.221 0.1000000015
21491  -27.781  -66.420  21.130 0.1000000015
22368  -27.411  -65.548  23.208 0.2000000030
23302  -27.168  -64.413  24.019 0.2000000030
117282  -27.409  -66.928  20.212 0.1000000015
117285  -28.111  -65.425  22.009 0.1000000015
22369  -27.891  -65.385  22.660 0.1000000015
21500  -27.369  -66.216  20.052 0.1000000015
137464  -28.085  -65.366  21.399 0.1000000015
23340  -27.701  -65.017  23.315 0.2000000030
22385  -28.238  -64.900  21.666 0.1000000015
117286  -28.264  -64.789  22.267 0.2000000030
134251  -27.604  -65.940  20.399 0.1000000015
24305  -27.378  -63.675  23.975 0.2000000030
24306  -28.067  -63.349  23.667 0.2000000030
120425  -27.733  -64.273  23.591 0.2000000030
23342  -28.423  -64.051  22.448 0.2000000030
23323  -28.303  -63.765  23.117 0.2000000030
133639  -28.133  -64.945  21.123 0.1000000015
24333  -28.063  -63.334  20.633 0.1000000015
24334  -28.367  -63.505  21.151 0.2000000030
24307  -28.437  -63.008  23.195 0.2000000030
23367  -28.225  -64.333  21.030 0.1000000015
131805  -28.546  -63.493  21.921 0.2000000030
25320  -28.033  -62.576  20.503 0.1000000015
24332  -27.512  -63.294  20.241 0.1000000015
25336  -26.313  -62.400  19.672 0.1000000015
25335  -25.540  -62.019  19.365 0.1000000015
26299  -25.108  -61.476  19.134 0.1000000015
26300  -25.761  -61.392  19.512 0.1000000015
122178  -26.156  -60.778  19.796 0.1000000015
134162  -25.940  -64.223  23.752 0.2000000030
25321  -28.392  -62.607  21.035 0.1000000015
26301  -27.121  -61.767  20.102 0.1000000015
25337  -27.281  -62.559  20.120 0.1000000015
136903  -24.485  -61.542  18.828 0.1000000015
26317  -23.365  -61.325  18.627 0.1000000015
139807  -26.001  -61.834  19.581 0.1000000015
21489  -21.322  -66.956  20.999 0.2000000030
20638  -16.392  -66.747  20.630 0.2000000030
20652  -15.469  -67.809  20.393 0.2000000030
21485  -16.788  -66.031  20.915 0.2000000030
21486  -17.759  -66.011  20.909 0.2000000030
138740  -18.902  -67.182  20.414 0.2000000030
142292  -16.715  -67.238  20.439 0.2000000030
20653  -16.980  -67.867  20.374 0.2000000030
19799  -18.006  -67.732  20.381 0.1000000015
138174  -18.145  -66.772  20.487 0.2000000030
19782  -18.204  -68.763  20.677 0.1000000015
133644  -26.118  -68.979  22.016 0.1000000015
20624  -27.052  -66.665  22.587 0.1000000015
23322  -27.189  -65.139  23.720 0.2000000030
133709  -26.740  -68.793  20.755 0.1000000015
21470  -27.390  -66.030  22.749 0.1000000015
20642  -27.604  -66.364  20.539 0.1000000015
23352  -28.407  -64.033  21.440 0.1000000015
25334  -24.722  -62.230  19.000 0.1000000015
134159  -23.802  -61.937  18.779 0.1000000015
294  -14.287  -96.430  35.596 0.1000000015
295  -15.472  -96.586  35.953 0.1000000015
596  -20.554  -95.901  31.526 0.1000000015
279  -15.962  -96.638  39.110 0.1000000015
287  -14.487  -96.407  36.514 0.1000000015
283  -14.785  -96.477  38.205 0.1000000015
132301  -15.910  -96.853  37.457 0.1000000015
122817  -15.120  -96.565  37.008 0.1000000015
898  -20.383  -94.632  34.136 0.1000000015
130036  -20.582  -95.097  30.498 0.1000000015
1294  -19.703  -93.592  30.057 0.1000000015
919  -20.284  -94.519  29.935 0.1000000015
1303  -19.792  -93.733  28.575 0.1000000015
893  -21.853  -94.584  35.325 0.1000000015
1264  -21.349  -94.090  34.582 0.1000000015
1270  -21.564  -93.598  33.916 0.1000000015
1277  -20.136  -93.156  32.236 0.1000000015
1286  -19.859  -92.971  31.493 0.1000000015
385  -25.588  -97.573  19.583 0.1000000015
905  -19.889  -93.826  31.691 0.1000000015
1290  -19.705  -93.238  30.843 0.1000000015
133015  -19.562  -92.778  30.122 0.1000000015
139785  -19.551  -92.428  29.648 0.1000000015
130892  -19.878  -93.962  29.363 0.1000000015
928  -20.748  -94.688  28.972 0.1000000015
1304  -20.418  -94.270  27.927 0.1000000015
1365  -23.113  -93.794  23.257 0.1000000015
1363  -21.595  -93.071  23.901 0.1000000015
894  -22.658  -94.428  34.359 0.1000000015
1741  -20.939  -92.976  33.396 0.1000000015
1753  -21.174  -92.626  32.675 0.1000000015
1763  -20.282  -92.621  31.731 0.1000000015
52  -25.775  -98.518  20.996 0.1000000015
175  -25.743  -98.213  20.204 0.1000000015
2241  -19.713  -92.083  29.981 0.1000000015
46  -26.300  -98.250  21.470 0.1000000015
169  -26.695  -98.125  20.845 0.1000000015
141635  -20.002  -91.617  29.643 0.1000000015
166  -27.003  -97.924  21.634 0.1000000015
2257  -19.656  -91.650  28.278 0.1000000015
1792  -19.561  -92.178  27.410 0.1000000015
1803  -19.650  -92.229  26.543 0.1000000015
974  -23.864  -94.117  22.938 0.1000000015
1316  -19.707  -93.342  27.634 0.1000000015
1817  -19.738  -91.803  25.914 0.1000000015
1317  -20.278  -93.923  26.922 0.1000000015
1328  -19.737  -93.000  26.779 0.1000000015
122906  -19.920  -91.240  25.283 0.1000000015
1377  -22.650  -93.018  22.782 0.1000000015
1804  -19.906  -92.825  25.947 0.1000000015
1818  -20.065  -92.188  25.154 0.1000000015
1364  -22.376  -93.455  23.576 0.1000000015
1329  -20.536  -93.777  26.045 0.1000000015
1339  -20.599  -93.128  25.283 0.1000000015
1351  -21.349  -93.510  24.791 0.1000000015
138545  -23.212  -93.196  32.521 0.1000000015
1279  -22.350  -93.256  32.834 0.1000000015
128971  -22.114  -92.752  31.884 0.1000000015
2233  -21.753  -92.361  31.085 0.1000000015
2249  -20.863  -91.529  29.550 0.1000000015
2264  -19.822  -91.357  27.565 0.1000000015
2270  -19.791  -91.376  26.740 0.1000000015
1378  -23.345  -93.332  22.404 0.1000000015
131459  -19.844  -91.009  25.990 0.1000000015
2731  -20.435  -90.527  25.656 0.1000000015
2739  -20.354  -90.691  24.851 0.1000000015
2287  -20.284  -91.469  24.509 0.1000000015
2294  -20.822  -91.520  23.705 0.1000000015
1835  -21.961  -92.686  23.100 0.1000000015
1833  -20.772  -92.471  24.345 0.1000000015
1834  -21.338  -92.222  23.419 0.1000000015
1754  -22.891  -93.038  31.967 0.1000000015
2234  -23.211  -92.083  30.446 0.1000000015
1773  -22.557  -92.175  30.297 0.1000000015
1765  -22.876  -92.575  31.196 0.1000000015
137069  -22.996  -91.930  29.775 0.1000000015
120477  -22.242  -91.658  29.473 0.1000000015
2259  -21.433  -91.123  28.670 0.1000000015
2265  -21.258  -90.863  27.832 0.1000000015
2722  -21.490  -90.535  27.222 0.1000000015
2750  -20.600  -90.677  24.066 0.1000000015
2260  -22.480  -91.073  28.817 0.1000000015
139451  -22.547  -90.724  28.560 0.1000000015
2715  -22.081  -90.701  28.136 0.1000000015
136565  -22.136  -90.304  27.625 0.1000000015
1845  -22.335  -92.278  22.477 0.1000000015
2271  -20.479  -90.678  26.522 0.1000000015
2295  -21.427  -91.454  22.951 0.1000000015
2740  -20.880  -90.014  24.707 0.1000000015
4549  -12.049  -87.786  31.862 0.1000000015
127240  -12.393  -86.909  31.711 0.1000000015
5270  -12.544  -86.096  31.573 0.1000000015
16329  -24.756  -72.749  6.297 0.1000000015
4563  -13.252  -87.355  30.315 0.1000000015
6001  -12.724  -85.374  31.327 0.1000000015
6002  -13.212  -85.383  30.706 0.1000000015
132794  -13.004  -84.794  31.066 0.1000000015
6012  -13.717  -85.397  30.039 0.1000000015
15489  -25.470  -73.239  4.258 0.1000000015
5283  -13.374  -86.227  30.328 0.1000000015
6747  -12.462  -84.641  31.523 0.1000000015
6748  -12.930  -84.119  31.084 0.1000000015
6760  -13.434  -84.551  30.417 0.1000000015
6769  -14.105  -84.676  29.641 0.1000000015
7534  -13.926  -83.841  29.906 0.1000000015
16330  -25.545  -72.416  5.836 0.1000000015
16340  -26.311  -71.988  5.315 0.1000000015
16356  -25.980  -72.628  3.797 0.1000000015
14694  -25.380  -74.032  2.602 0.1000000015
6733  -11.901  -84.438  32.119 0.1000000015
16357  -26.581  -72.047  4.260 0.1000000015
17247  -27.677  -70.880  4.371 0.1000000015
17260  -27.101  -71.455  3.899 0.1000000015
134912  -27.593  -70.585  3.902 0.1000000015
7505  -12.266  -83.719  31.571 0.1000000015
7506  -12.830  -83.403  31.062 0.1000000015
8293  -13.464  -82.212  30.231 0.1000000015
8304  -14.259  -83.186  29.367 0.1000000015
7521  -13.300  -83.629  30.541 0.1000000015
122240  -13.696  -83.010  30.093 0.1000000015
8303  -14.096  -82.375  29.655 0.1000000015
21697  -25.855  -67.001  4.079 0.1000000015
22598  -26.241  -66.027  5.190 0.1000000015
8278  -12.413  -82.721  31.262 0.1000000015
119054  -14.491  -81.746  29.223 0.1000000015
8292  -12.892  -82.037  30.807 0.1000000015
9032  -13.909  -81.598  29.836 0.1000000015
9766  -14.346  -80.881  29.436 0.1000000015
25461  -28.850  -62.729  9.095 0.1000000015
22587  -26.433  -65.233  5.761 0.1000000015
23545  -26.742  -64.575  6.108 0.1000000015
22574  -26.550  -65.677  6.047 0.1000000015
19974  -27.351  -68.689  4.577 0.1000000015
19973  -26.820  -68.283  3.760 0.1000000015
9018  -13.273  -81.433  30.329 0.1000000015
137902  -29.496  -62.216  10.048 0.1000000015
24490  -28.484  -63.027  7.367 0.1000000015
125975  -28.649  -62.795  8.266 0.1000000015
133785  -28.111  -63.380  6.973 0.1000000015
133991  -27.602  -63.887  6.977 0.1000000015
26429  -29.692  -61.615  10.168 0.1000000015
15221  -20.423  -73.341  28.186 0.1000000015
140000  -30.482  -61.090  11.374 0.1000000015
25462  -29.295  -62.062  9.358 0.1000000015
21696  -25.147  -66.601  4.795 0.1000000015
23546  -27.164  -63.904  6.286 0.1000000015
25473  -28.712  -62.193  7.710 0.1000000015
20820  -24.873  -67.098  4.544 0.1000000015
23557  -26.254  -64.474  5.604 0.1000000015
19114  -23.610  -69.305  5.259 0.1000000015
16060  -20.622  -72.647  27.806 0.1000000015
16061  -21.275  -72.204  27.968 0.1000000015
16933  -21.596  -71.697  28.190 0.1000000015
16075  -20.313  -72.012  27.821 0.1000000015
16074  -19.713  -71.569  28.094 0.1000000015
16946  -21.206  -71.566  27.727 0.1000000015
27419  -30.351  -60.360  11.489 0.1000000015
133827  -28.382  -62.506  7.000 0.1000000015
19960  -23.651  -68.414  5.273 0.1000000015
20819  -23.897  -67.006  5.039 0.1000000015
19951  -23.138  -68.272  6.124 0.1000000015
16945  -20.431  -71.262  27.831 0.1000000015
17853  -21.643  -71.076  27.950 0.1000000015
17865  -20.369  -70.304  27.627 0.1000000015
26438  -29.315  -61.213  9.338 0.1000000015
27432  -30.058  -60.785  10.697 0.1000000015
27394  -30.645  -60.048  12.271 0.1000000015
26451  -29.015  -61.619  8.517 0.1000000015
24506  -27.660  -63.346  6.382 0.1000000015
26478  -27.864  -62.274  6.571 0.1000000015
25499  -27.547  -62.694  6.226 0.1000000015
26466  -28.214  -61.772  7.036 0.1000000015
24505  -26.393  -63.217  5.830 0.1000000015
25498  -26.917  -62.536  6.049 0.1000000015
26477  -27.328  -61.972  6.264 0.1000000015
21683  -23.731  -66.367  5.494 0.1000000015
24517  -25.862  -63.826  5.629 0.1000000015
24504  -25.441  -63.176  6.077 0.1000000015
129167  -26.355  -61.872  6.309 0.1000000015
27480  -27.197  -61.148  6.315 0.1000000015
24516  -24.898  -63.783  5.904 0.1000000015
24503  -24.384  -63.102  6.469 0.1000000015
133998  -24.031  -63.674  6.374 0.1000000015
134266  -23.781  -62.365  6.990 0.1000000015
18802  -19.654  -69.780  27.502 0.1000000015
27431  -29.687  -60.070  10.091 0.1000000015
28373  -30.172  -59.503  11.692 0.1000000015
27443  -29.287  -60.359  9.356 0.1000000015
28397  -29.232  -59.449  9.435 0.1000000015
27418  -29.861  -59.838  10.913 0.1000000015
27455  -28.921  -60.751  8.559 0.1000000015
27442  -28.779  -59.796  8.611 0.1000000015
27454  -28.352  -60.234  7.750 0.1000000015
27470  -27.974  -60.770  6.978 0.1000000015
128819  -22.895  -66.075  6.121 0.1000000015
22573  -22.677  -65.273  6.399 0.1000000015
127372  -23.487  -64.808  6.202 0.1000000015
23543  -22.562  -64.439  6.775 0.1000000015
26475  -25.442  -61.773  6.691 0.1000000015
24502  -23.255  -63.082  6.863 0.1000000015
18793  -23.292  -69.102  28.761 0.1000000015
19712  -23.313  -68.022  28.904 0.1000000015
20569  -22.562  -67.512  28.478 0.1000000015
28385  -29.582  -59.227  10.230 0.1000000015
28410  -28.006  -59.199  7.819 0.1000000015
28421  -27.688  -59.638  6.896 0.1000000015
20807  -21.556  -67.039  6.548 0.1000000015
21670  -20.904  -66.158  6.445 0.1000000015
27469  -27.306  -60.275  6.469 0.1000000015
20818  -22.202  -66.541  6.341 0.1000000015
23542  -21.644  -64.920  6.939 0.1000000015
26464  -26.805  -60.475  6.380 0.1000000015
23529  -21.672  -64.016  7.335 0.1000000015
20563  -22.778  -67.099  29.357 0.1000000015
22571  -20.593  -65.377  6.725 0.1000000015
21646  -19.831  -65.934  8.035 0.1000000015
23528  -20.657  -64.552  7.413 0.1000000015
23518  -20.578  -64.041  7.900 0.1000000015
24489  -22.391  -62.859  7.394 0.1000000015
20556  -23.037  -66.706  30.068 0.1000000015
21404  -22.164  -66.375  29.708 0.1000000015
18877  -11.538  -69.655  20.957 0.1000000015
18879  -13.185  -69.083  20.379 0.1000000015
19796  -15.437  -68.697  20.226 0.1000000015
118592  -23.073  -69.982  22.019 0.1000000015
19768  -23.427  -68.221  21.476 0.1000000015
131100  -16.558  -64.533  12.227 0.1000000015
23467  -17.191  -64.418  11.933 0.1000000015
24427  -15.743  -63.474  12.140 0.1000000015
23486  -16.952  -63.641  11.706 0.1000000015
135431  -15.180  -62.854  12.256 0.1000000015
24444  -17.267  -63.123  11.405 0.1000000015
25436  -15.807  -62.708  11.643 0.1000000015
25437  -16.291  -62.398  11.325 0.1000000015
26416  -17.494  -61.825  10.889 0.1000000015
26398  -16.077  -61.266  11.621 0.1000000015
27411  -17.410  -61.080  10.975 0.1000000015
27410  -16.870  -60.844  11.416 0.1000000015
141205  -17.505  -60.546  11.113 0.1000000015
30086  -17.434  -57.254  12.991 0.1000000015
37465  -23.129  -49.208  20.613 0.1000000015
38348  -22.763  -48.221  19.366 0.1000000015
125586  -22.879  -47.864  18.236 0.1000000015
4286  -19.138  -88.596  -2.128 0.1000000015
123588  -25.262  -65.445  5.350 0.1000000015
122694  -24.617  -65.980  5.256 0.1000000015
23556  -25.309  -64.582  5.513 0.1000000015
135005  -23.181  -66.827  5.841 0.1000000015
26415  -16.679  -61.691  11.211 0.1000000015
31791  -17.217  -55.364  13.922 0.1000000015
123187  -17.993  -54.951  13.733 0.1000000015
39258  -22.287  -47.386  18.370 0.1000000015
39277  -22.322  -47.361  17.639 0.1000000015
19716  -22.921  -68.409  28.022 0.1000000015
3608  -17.919  -90.240  -1.735 0.1000000015
18878  -12.274  -69.424  20.585 0.1000000015
8268  -11.890  -83.013  31.859 0.1000000015
23485  -16.420  -63.886  11.968 0.1000000015
912  -20.375  -95.104  31.251 0.1000000015
19794  -13.896  -68.765  20.399 0.1000000015
124761  -19.727  -67.674  20.422 0.1000000015
21490  -22.031  -67.070  21.362 0.1000000015
18895  -16.102  -69.239  20.407 0.1000000015
19781  -17.511  -69.205  20.883 0.1000000015
133333  -21.104  -67.991  20.656 0.1000000015
120020  -24.098  -68.912  21.857 0.1000000015
911  -19.939  -94.203  30.757 0.1000000015
1771  -19.859  -92.440  30.834 0.1000000015
122153  -19.495  -92.641  28.390 0.1000000015
1772  -20.587  -92.174  31.106 0.1000000015
2243  -21.329  -91.941  30.282 0.1000000015
123328  -27.064  -63.402  5.951 0.1000000015
23555  -24.422  -65.116  5.629 0.1000000015
120715  -13.297  -70.262  20.524 0.1000000015
24443  -16.407  -63.066  11.536 0.1000000015
25438  -16.940  -62.440  11.181 0.1000000015
38347  -21.752  -47.959  19.638 0.1000000015
39236  -22.366  -47.677  18.964 0.1000000015
4  -19.446  -99.124  21.186 0.5000000000
7  -18.553  -98.614  20.555 0.5000000000
11  -22.215  -99.429  20.698 0.3000000119
17  -18.872  -98.725  18.796 0.5000000000
32  -17.236  -97.886  22.301 0.5000000000
40  -26.302  -98.054  21.983 0.1000000015
61  -21.484  -98.883  18.148 0.3000000119
75  -24.769  -98.532  14.952 0.6999999881
80  -29.574  -97.630  15.496 0.6999999881
83  -23.445  -98.447  14.112 0.8000000119
84  -24.151  -98.514  14.509 0.8000000119
87  -26.568  -98.288  14.918 0.8000000119
90  -30.736  -97.733  14.938 0.6999999881
93  -24.403  -98.561  13.977 0.8000000119
96  -29.024  -97.728  14.151 0.6999999881
104  -27.562  -97.465  13.416 0.6999999881
106  -20.653  -98.055  11.421 0.8000000119
115  -20.748  -98.042  9.906 0.8000000119
142  -16.458  -97.050  23.506 0.6000000238
151  -16.675  -97.480  23.139 0.5000000000
162  -25.598  -97.680  22.596 0.2000000030
181  -15.478  -97.279  16.974 0.6000000238
200  -25.261  -98.205  15.275 0.8000000119
205  -30.116  -97.260  15.844 0.6999999881
210  -15.525  -97.429  14.310 0.6000000238
211  -16.999  -97.403  14.888 0.4000000060
215  -32.113  -97.225  15.113 0.6999999881
217  -14.106  -96.919  13.252 0.6999999881
223  -30.603  -97.636  14.145 0.6999999881
225  -32.705  -97.165  14.295 0.6999999881
236  -15.039  -96.742  11.086 0.6999999881
257  -30.535  -96.655  11.036 0.5000000000
261  -24.226  -97.684  9.676 0.6000000238
276  -17.347  -96.013  39.583 0.1000000015
277  -18.322  -95.699  39.030 0.1000000015
281  -17.631  -96.379  38.193 0.1000000015
284  -15.858  -96.778  38.369 0.1000000015
288  -16.019  -96.832  36.650 0.2000000030
290  -18.059  -96.560  36.859 0.1000000015
293  -19.891  -96.210  35.951 0.2000000030
303  -18.704  -96.740  34.716 0.2000000030
305  -19.897  -96.411  34.891 0.2000000030
314  -20.000  -96.320  34.515 0.2000000030
317  -14.307  -96.572  32.562 0.2000000030
322  -12.517  -96.516  31.377 0.3000000119
324  -14.142  -96.716  31.210 0.3000000119
337  -14.045  -96.467  29.917 0.4000000060
339  -18.541  -96.594  29.622 0.3000000119
346  -20.677  -96.499  29.043 0.3000000119
347  -21.320  -95.999  28.400 0.3000000119
369  -15.482  -96.486  22.127 0.6000000238
378  -11.277  -95.686  20.104 0.8999999762
392  -10.431  -96.110  18.452 1.0000000000
403  -11.059  -96.080  17.804 0.8999999762
412  -14.750  -96.795  16.505 0.6999999881
414  -21.166  -96.320  16.066 0.4000000060
416  -9.373  -96.230  15.293 0.8999999762
423  -26.418  -97.233  15.737 0.8000000119
426  -30.097  -96.493  15.966 0.6999999881
428  -32.420  -96.342  15.666 0.6000000238
431  -34.884  -95.290  14.642 0.6999999881
433  -9.915  -96.329  14.487 0.8999999762
434  -10.317  -96.239  14.031 0.8999999762
446  -34.602  -95.967  14.642 0.6999999881
449  -9.962  -96.282  13.617 0.8999999762
465  -32.939  -96.736  12.411 0.6999999881
468  -10.250  -95.956  11.605 0.6999999881
486  -10.766  -95.548  10.858 0.8000000119
498  -32.678  -96.034  10.449 0.5000000000
500  -15.512  -96.187  9.583 0.6999999881
504  -20.714  -97.518  9.572 0.8000000119
523  -17.084  -95.689  8.037 0.6999999881
524  -18.609  -95.584  7.446 0.8000000119
538  -22.412  -95.792  5.799 0.5000000000
559  -20.692  -94.610  38.128 0.1000000015
564  -20.409  -95.050  37.687 0.1000000015
565  -21.164  -94.545  37.417 0.1000000015
578  -16.144  -96.217  34.344 0.2000000030
582  -16.492  -95.905  33.601 0.2000000030
619  -12.822  -95.554  27.762 0.6000000238
622  -15.212  -94.724  27.859 0.4000000060
625  -21.230  -95.046  27.012 0.4000000060
627  -21.933  -95.287  26.260 0.4000000060
638  -10.624  -95.038  23.046 0.8000000119
640  -15.016  -95.902  22.871 0.6000000238
644  -25.427  -96.329  23.290 0.2000000030
647  -10.515  -95.210  22.538 0.8000000119
656  -11.091  -95.361  21.230 0.8999999762
657  -14.771  -95.289  22.141 0.6000000238
668  -9.916  -95.745  20.446 1.0000000000
669  -10.602  -95.664  20.929 0.8999999762
671  -11.854  -95.415  20.046 0.8999999762
673  -18.482  -95.809  20.217 0.6000000238
677  -11.677  -95.670  19.654 0.8999999762
698  -11.446  -96.044  17.168 0.8999999762
703  -22.303  -95.127  17.685 0.3000000119
706  -11.527  -95.829  16.621 0.8999999762
712  -8.831  -96.049  16.042 1.0000000000
713  -9.690  -96.298  16.051 1.0000000000
716  -14.800  -95.291  15.787 0.6999999881
725  -32.882  -95.957  15.582 0.6000000238
726  -33.591  -95.601  15.136 0.5000000000
728  -35.449  -94.782  14.792 0.6999999881
737  -25.281  -95.816  15.418 1.0000000000
739  -27.700  -95.313  15.208 0.5000000000
742  -31.654  -95.427  15.379 0.5000000000
745  -36.278  -95.096  14.484 0.6000000238
747  -8.751  -95.709  13.728 0.6000000238
748  -9.426  -96.081  13.213 0.8000000119
752  -22.539  -96.218  13.444 0.8999999762
766  -36.900  -94.903  13.348 0.6000000238
767  -9.085  -95.619  11.510 0.6000000238
770  -14.843  -95.606  11.269 0.8000000119
782  -11.166  -95.284  10.585 0.8000000119
786  -21.119  -96.277  9.645 0.8000000119
796  -15.474  -95.914  9.216 0.6999999881
799  -20.152  -96.075  8.632 0.8999999762
804  -27.834  -95.792  9.756 0.2000000030
809  -10.588  -94.810  8.756 0.8000000119
810  -10.976  -94.857  8.620 0.8000000119
822  -10.727  -94.832  7.392 0.5000000000
823  -11.286  -94.976  7.821 0.6999999881
843  -11.525  -95.006  5.852 0.6000000238
863  -19.893  -93.838  40.012 0.1000000015
867  -20.285  -94.132  39.326 0.1000000015
920  -20.966  -95.327  29.811 0.2000000030
934  -17.664  -94.353  27.084 0.5000000000
944  -21.043  -94.513  26.524 0.2000000030
948  -15.121  -94.288  25.634 0.6000000238
955  -9.827  -94.903  24.176 0.8000000119
964  -9.567  -94.955  23.472 0.8000000119
985  -15.940  -95.056  21.544 0.6000000238
996  -8.603  -94.791  20.420 1.0000000000
997  -9.421  -95.340  21.003 0.8999999762
1000  -18.398  -94.313  20.049 0.6000000238
1007  -8.170  -94.540  19.538 1.0000000000
1009  -13.149  -94.389  19.018 0.8999999762
1040  -11.515  -95.016  16.007 1.0000000000
1049  -21.095  -94.011  15.819 0.3000000119
1050  -34.348  -94.786  14.859 0.6000000238
1052  -36.099  -94.257  14.941 0.6999999881
1054  -7.839  -94.799  14.513 0.6999999881
1055  -11.394  -94.459  14.478 1.0000000000
1066  -28.526  -94.204  14.601 0.6999999881
1068  -31.116  -94.707  14.602 0.5000000000
1071  -34.062  -94.162  14.956 0.6000000238
1073  -36.520  -94.530  14.752 0.6000000238
1076  -7.572  -94.535  13.281 0.6000000238
1080  -15.026  -94.900  13.640 0.6999999881
1097  -36.806  -94.779  12.407 0.6000000238
1100  -7.740  -94.571  11.386 0.2000000030
1108  -25.956  -94.499  11.355 0.1000000015
1112  -36.620  -94.466  11.730 0.6000000238
1117  -11.866  -94.930  10.350 0.8999999762
1123  -34.417  -94.423  10.485 0.5000000000
1125  -8.034  -94.350  9.148 0.2000000030
1136  -34.025  -93.793  10.059 0.5000000000
1147  -32.385  -94.032  8.733 0.6000000238
1149  -9.647  -94.625  7.771 0.5000000000
1162  -9.780  -94.013  6.384 0.2000000030
1171  -26.929  -95.702  6.752 0.3000000119
1172  -29.349  -95.374  6.065 0.3000000119
1175  -10.726  -94.378  5.426 0.2000000030
1176  -11.371  -94.797  5.251 0.3000000119
1186  -10.402  -94.023  4.968 0.2000000030
1192  -15.982  -94.477  3.087 0.4000000060
1195  -21.952  -94.549  3.797 0.3000000119
1205  -21.226  -94.474  3.793 0.4000000060
1207  -16.218  -94.188  2.290 0.3000000119
1220  -19.581  -93.108  40.953 0.1000000015
1263  -20.763  -94.495  34.821 0.1000000015
1275  -7.967  -93.791  32.933 0.2000000030
1314  -16.536  -93.818  26.917 0.5000000000
1315  -17.093  -93.799  27.002 0.5000000000
1336  -9.568  -92.792  25.805 0.6000000238
1403  -17.571  -93.073  20.404 0.6999999881
1404  -18.124  -93.754  20.252 0.6000000238
1409  -7.821  -93.829  19.241 0.8999999762
1418  -17.850  -93.827  19.005 0.6999999881
1440  -7.377  -93.305  16.557 0.6999999881
1442  -12.961  -92.463  16.653 0.8999999762
1443  -15.721  -92.518  16.438 0.8000000119
1449  -36.815  -92.801  15.462 0.5000000000
1452  -11.736  -93.534  14.929 1.0000000000
1461  -37.927  -93.215  15.040 0.6999999881
1463  -7.538  -94.146  14.947 0.4000000060
1464  -11.926  -93.606  14.275 1.0000000000
1471  -24.398  -93.695  14.740 0.6000000238
1482  -7.032  -93.812  13.557 0.4000000060
1484  -12.824  -93.534  13.823 1.0000000000
1487  -15.303  -93.505  12.828 0.6999999881
1493  -29.935  -93.463  13.848 0.6999999881
1495  -31.667  -93.299  13.595 0.6999999881
1497  -39.035  -93.432  13.153 0.6999999881
1508  -39.655  -93.076  12.481 0.6000000238
1510  -6.984  -93.894  11.133 0.3000000119
1513  -15.423  -93.713  11.593 0.8000000119
1516  -22.231  -93.245  10.432 0.5000000000
1532  -27.618  -93.497  11.015 0.1000000015
1544  -22.062  -94.050  9.039 0.6999999881
1546  -28.728  -93.159  9.668 0.1000000015
1547  -32.916  -93.462  9.029 0.5000000000
1556  -8.345  -93.561  7.565 0.1000000015
1559  -16.620  -93.881  8.092 0.8000000119
1562  -28.375  -93.806  8.590 0.1000000015
1566  -33.309  -92.900  8.800 0.3000000119
1572  -39.094  -92.740  8.946 0.5000000000
1589  -38.133  -93.300  7.645 0.4000000060
1591  -9.220  -93.185  6.626 0.1000000015
1592  -9.658  -93.515  6.045 0.1000000015
1593  -14.203  -93.831  6.793 1.0000000000
1619  -34.641  -93.945  5.098 0.6000000238
1621  -36.287  -93.438  5.376 0.5000000000
1639  -35.050  -93.374  4.566 0.5000000000
1642  -13.563  -94.216  2.785 0.3000000119
1643  -14.277  -94.261  2.551 0.3000000119
1644  -15.187  -94.185  2.319 0.3000000119
1648  -20.466  -93.832  3.194 0.3000000119
1658  -17.364  -93.687  2.586 0.3000000119
1660  -26.294  -93.711  2.714 0.4000000060
1663  -34.135  -92.599  3.253 0.6999999881
1723  -7.943  -92.982  34.888 0.1000000015
1752  -20.625  -92.774  32.594 0.1000000015
1764  -20.921  -92.356  32.001 0.1000000015
1826  -13.638  -91.760  25.036 0.6000000238
1831  -11.433  -92.012  23.849 0.6000000238
1843  -14.354  -92.330  23.415 0.6000000238
1844  -21.766  -92.037  22.773 0.1000000015
1855  -16.672  -92.422  20.544 0.6999999881
1867  -16.032  -91.869  20.328 0.6000000238
1881  -7.746  -93.032  18.713 0.8999999762
1884  -17.233  -92.064  18.268 0.8000000119
1889  -7.170  -92.570  17.192 0.6000000238
1891  -14.556  -91.556  17.661 0.8000000119
1903  -35.819  -91.777  16.881 0.3000000119
1912  -33.784  -92.560  16.569 0.4000000060
1913  -34.528  -92.535  16.416 0.4000000060
1915  -36.299  -92.144  16.030 0.4000000060
1920  -13.643  -91.845  15.589 0.8999999762
1925  -32.705  -92.304  15.184 0.5000000000
1936  -24.296  -92.810  14.835 0.6000000238
1938  -27.064  -92.364  14.338 0.5000000000
1941  -33.162  -92.981  14.693 0.6000000238
1944  -40.484  -91.681  13.873 0.5000000000
1945  -6.626  -91.982  13.778 0.2000000030
1949  -28.734  -92.341  14.068 0.5000000000
1956  -15.062  -92.808  11.947 0.8000000119
1970  -40.303  -91.974  11.389 0.6000000238
1974  -15.204  -92.781  10.842 0.8000000119
1976  -20.712  -92.224  10.183 0.6000000238
1979  -26.272  -92.987  10.381 0.1000000015
1982  -28.123  -92.322  10.404 0.1000000015
1984  -40.049  -92.007  10.796 0.4000000060
1987  -14.918  -92.669  9.720 1.0000000000
1993  -33.986  -92.778  9.033 0.3000000119
1994  -39.377  -92.381  9.415 0.5000000000
1999  -15.938  -92.919  8.518 0.8000000119
2039  -10.389  -92.805  4.882 0.1000000015
2049  -30.835  -92.473  5.430 0.3000000119
2050  -31.460  -92.236  5.478 0.5000000000
2051  -32.010  -92.320  5.088 0.5000000000
2055  -13.543  -93.026  3.327 0.2000000030
2067  -33.538  -93.223  4.238 0.6000000238
2070  -15.547  -93.764  2.227 0.2000000030
2073  -18.791  -93.390  2.678 0.3000000119
2075  -20.788  -93.225  2.968 0.2000000030
2077  -29.282  -93.387  2.696 0.6000000238
2082  -16.709  -93.871  2.190 0.3000000119
2091  -34.854  -91.908  2.696 0.6999999881
2103  -26.592  -92.396  0.039 0.4000000060
2185  -7.800  -90.974  34.529 0.2000000030
2242  -20.266  -91.848  30.272 0.1000000015
2250  -22.962  -91.427  29.304 0.1000000015
2258  -20.387  -91.097  28.090 0.1000000015
2283  -12.035  -91.360  24.342 0.6000000238
2286  -13.976  -90.871  24.217 0.6000000238
2292  -12.664  -90.950  23.819 0.6000000238
2308  -12.972  -91.182  22.004 0.6000000238
2317  -14.154  -91.180  21.393 0.6000000238
2324  -16.559  -91.335  18.845 0.8000000119
2332  -17.006  -91.426  18.588 0.8000000119
2342  -14.939  -90.937  17.082 0.8000000119
2345  -23.392  -91.524  17.460 0.2000000030
2347  -25.111  -91.592  17.293 0.2000000030
2351  -33.628  -91.380  17.375 0.5000000000
2354  -36.285  -91.341  17.574 0.3000000119
2357  -6.576  -90.726  16.285 0.5000000000
2359  -15.217  -91.032  16.638 0.8000000119
2373  -32.067  -91.741  15.725 0.5000000000
2381  -20.109  -91.402  14.591 0.3000000119
2384  -23.898  -91.278  15.181 0.4000000060
2386  -25.766  -91.057  14.244 0.4000000060
2392  -40.860  -90.894  14.220 0.5000000000
2402  -31.253  -91.905  13.520 0.6000000238
2404  -6.594  -91.093  12.402 0.2000000030
2409  -40.570  -91.051  12.063 0.3000000119
2416  -21.215  -91.239  10.959 0.5000000000
2423  -21.140  -91.820  10.437 0.5000000000
2429  -40.164  -91.566  11.132 0.6000000238
2460  -37.408  -91.966  7.063 0.2000000030
2491  -36.175  -92.605  5.045 0.2000000030
2508  -26.502  -92.588  3.256 0.1000000015
2525  -35.644  -91.193  1.623 0.4000000060
2541  -12.707  -91.819  -0.895 0.1000000015
2542  -14.006  -91.987  -0.627 0.2000000030
2555  -14.057  -91.882  -1.354 0.2000000030
2673  -10.346  -90.209  33.558 0.1000000015
2711  -22.851  -90.824  28.875 0.1000000015
2721  -20.479  -90.920  27.300 0.1000000015
2747  -8.727  -90.235  23.133 1.0000000000
2749  -14.161  -90.796  23.489 0.6000000238
2758  -13.238  -90.584  23.341 0.6000000238
2759  -13.854  -90.476  22.957 0.6000000238
2774  -8.094  -90.438  20.119 0.8000000119
2778  -37.071  -89.239  20.262 0.2000000030
2791  -36.844  -90.057  18.698 0.3000000119
2792  -37.460  -90.069  18.703 0.1000000015
2795  -6.722  -90.584  17.189 0.5000000000
2803  -33.038  -90.642  17.226 0.4000000060
2823  -31.677  -91.037  16.025 0.4000000060
2825  -40.489  -89.934  15.182 0.3000000119
2836  -25.990  -90.401  14.089 0.4000000060
2840  -40.899  -90.115  14.477 0.4000000060
2851  -30.182  -90.380  13.477 0.3000000119
2858  -20.495  -90.006  12.207 0.4000000060
2863  -40.451  -90.345  12.601 0.3000000119
2872  -39.976  -90.806  11.262 0.4000000060
2873  -40.297  -91.124  11.455 0.3000000119
2882  -39.585  -91.132  10.471 0.2000000030
2895  -36.475  -90.492  9.255 0.2000000030
2915  -37.187  -90.956  8.484 0.2000000030
2972  -38.919  -90.304  3.007 0.2000000030
2973  -8.335  -89.939  2.257 0.2000000030
2985  -8.691  -90.197  1.557 0.2000000030
2986  -9.303  -90.868  1.692 0.2000000030
2991  -26.131  -91.341  0.482 0.4000000060
2997  -8.663  -90.062  0.726 0.4000000060
2998  -9.520  -91.068  0.027 0.2000000030
3006  -35.340  -90.452  0.277 0.4000000060
3015  -18.002  -90.100  -1.187 0.1000000015
3016  -25.927  -90.603  -0.877 0.4000000060
3020  -31.071  -90.668  -0.507 0.8000000119
3021  -31.810  -90.652  -0.463 0.6999999881
3025  -35.806  -89.809  -0.165 0.4000000060
3028  -11.444  -90.969  -1.729 0.3000000119
3034  -10.994  -90.105  -2.431 0.6000000238
3037  -14.423  -91.003  -2.755 0.2000000030
3039  -16.572  -90.874  -2.550 0.3000000119
3040  -17.333  -90.681  -2.153 0.2000000030
3044  -15.483  -90.322  -3.419 0.3000000119
3201  -6.978  -88.323  34.782 0.3000000119
3203  -8.069  -89.724  34.672 0.2000000030
3218  -7.384  -89.378  34.372 0.3000000119
3243  -10.688  -89.080  32.676 0.1000000015
3278  -6.805  -89.260  28.449 0.8000000119
3291  -7.848  -89.200  26.661 1.0000000000
3327  -7.870  -89.272  20.869 0.8000000119
3328  -8.767  -89.656  21.899 0.8999999762
3333  -36.869  -88.869  21.211 0.2000000030
3339  -36.763  -89.101  20.868 0.2000000030
3347  -36.687  -89.245  20.323 0.2000000030
3350  -38.606  -88.790  18.950 0.1000000015
3360  -38.418  -89.267  18.820 0.1000000015
3373  -34.299  -89.484  17.733 0.3000000119
3374  -39.018  -89.043  17.571 0.1000000015
3375  -39.171  -88.642  17.064 0.1000000015
3376  -6.539  -89.047  16.524 0.3000000119
3383  -26.407  -89.491  16.555 0.2000000030
3387  -39.300  -89.299  16.775 0.1000000015
3393  -20.719  -88.911  15.077 0.2000000030
3403  -22.632  -88.429  14.123 0.2000000030
3420  -21.138  -88.909  13.355 0.2000000030
3425  -29.554  -89.884  13.365 0.3000000119
3428  -36.820  -89.366  13.502 0.1000000015
3436  -20.821  -89.501  12.761 0.3000000119
3437  -27.839  -88.598  12.976 0.3000000119
3438  -36.537  -89.545  12.541 0.1000000015
3440  -39.912  -89.827  12.931 0.2000000030
3445  -34.951  -89.086  11.282 0.1000000015
3471  -34.018  -89.238  9.666 0.2000000030
3486  -34.062  -89.115  8.290 0.2000000030
3496  -34.673  -89.554  6.835 0.2000000030
3522  -35.604  -90.271  4.643 0.2000000030
3571  -37.850  -89.506  0.742 0.2000000030
3593  -8.801  -89.847  -1.033 0.5000000000
3603  -33.422  -89.656  -0.386 0.6999999881
3604  -34.217  -89.631  -0.452 0.6999999881
3605  -8.988  -88.933  -1.777 0.5000000000
3615  -9.745  -88.647  -2.817 0.6999999881
3621  -27.497  -89.017  -2.110 0.6000000238
3624  -11.677  -88.345  -3.926 0.8000000119
3626  -14.865  -89.495  -3.982 0.5000000000
3633  -15.943  -89.083  -4.499 0.4000000060
3825  -7.965  -88.903  34.887 0.3000000119
3838  -6.562  -88.574  33.969 0.4000000060
3852  -10.817  -88.261  32.758 0.3000000119
3862  -6.586  -88.349  31.453 0.6000000238
3907  -9.324  -88.093  28.274 1.0000000000
3966  -36.003  -88.401  21.935 0.2000000030
3972  -34.992  -88.503  20.931 0.1000000015
3985  -6.759  -88.761  18.686 0.5000000000
3992  -34.253  -88.020  17.790 0.2000000030
3999  -22.975  -88.328  17.321 0.2000000030
4005  -34.520  -88.686  17.926 0.3000000119
4016  -27.034  -88.722  16.602 0.2000000030
4028  -30.871  -88.529  15.884 0.3000000119
4031  -6.964  -88.750  14.616 0.1000000015
4032  -7.436  -88.453  14.735 0.1000000015
4035  -21.364  -88.043  14.499 0.2000000030
4039  -24.435  -88.307  14.166 0.2000000030
4040  -29.655  -88.350  14.152 0.3000000119
4042  -36.072  -87.900  14.161 0.1000000015
4074  -34.315  -88.358  11.316 0.1000000015
4105  -33.975  -88.530  8.471 0.2000000030
4113  -35.244  -88.627  6.676 0.1000000015
4158  -7.564  -88.362  4.700 0.3000000119
4200  -7.629  -88.901  2.893 0.3000000119
4219  -38.874  -88.878  1.573 0.2000000030
4238  -8.322  -88.894  -0.021 0.5000000000
4240  -12.875  -88.476  0.359 0.8999999762
4256  -8.366  -88.206  -0.766 0.5000000000
4257  -11.510  -88.567  -0.711 0.8999999762
4261  -14.934  -88.208  -1.335 0.8999999762
4272  -11.894  -88.328  -1.648 1.0000000000
4274  -14.200  -88.594  -1.298 0.8999999762
4279  -26.487  -88.367  -1.619 0.5000000000
4282  -12.969  -87.714  -2.841 1.0000000000
4290  -10.438  -87.485  -3.370 0.8000000119
4291  -10.968  -87.534  -3.571 0.8000000119
4293  -17.316  -88.913  -3.905 0.6000000238
4297  -13.618  -87.365  -4.553 0.8000000119
4299  -16.391  -88.627  -4.587 0.6000000238
4498  -6.968  -87.544  35.201 0.3000000119
4510  -6.543  -87.486  34.781 0.4000000060
4538  -11.441  -87.580  32.510 0.2000000030
4539  -11.916  -87.043  32.248 0.2000000030
4562  -8.508  -87.573  30.274 0.8999999762
4587  -9.463  -87.814  27.792 1.0000000000
4612  -9.458  -87.830  24.469 1.0000000000
4644  -35.471  -87.791  22.416 0.1000000015
4668  -38.446  -88.220  19.879 0.1000000015
4669  -38.820  -88.207  19.049 0.1000000015
4683  -8.121  -87.030  17.105 0.2000000030
4708  -21.734  -87.763  15.264 0.2000000030
4709  -22.298  -87.114  15.691 0.2000000030
4710  -30.311  -87.499  15.500 0.3000000119
4711  -30.853  -87.864  15.944 0.2000000030
4713  -38.752  -87.301  15.928 0.1000000015
4717  -22.096  -87.539  14.865 0.2000000030
4723  -29.959  -87.923  14.870 0.3000000119
4725  -36.744  -87.260  14.697 0.1000000015
4730  -24.966  -86.550  13.716 0.2000000030
4744  -33.755  -87.115  11.800 0.2000000030
4754  -34.127  -87.732  11.766 0.1000000015
4758  -33.547  -87.492  10.345 0.2000000030
4766  -33.801  -87.308  9.202 0.2000000030
4781  -34.192  -87.653  8.633 0.2000000030
4825  -7.090  -87.478  5.671 0.3000000119
4837  -7.141  -87.885  4.969 0.3000000119
4894  -7.779  -88.197  1.489 0.4000000060
4902  -35.932  -87.753  1.227 0.4000000060
4903  -7.909  -87.827  0.548 0.5000000000
4904  -11.315  -88.077  0.085 0.8999999762
4908  -15.125  -87.416  0.678 0.6999999881
4910  -22.618  -87.666  0.800 0.1000000015
4918  -10.576  -87.392  -1.088 0.8000000119
4920  -14.612  -87.830  0.318 0.8000000119
4927  -29.755  -88.304  -0.930 0.8999999762
4929  -9.123  -87.270  -2.273 0.6000000238
4932  -11.304  -87.295  -2.737 1.0000000000
4939  -30.284  -87.033  -1.850 0.8000000119
4942  -11.011  -87.123  -3.220 0.8999999762
4943  -11.643  -86.833  -3.379 1.0000000000
4947  -18.618  -88.108  -2.846 0.4000000060
4955  -30.237  -86.766  -2.131 0.8000000119
4956  -10.856  -87.255  -3.320 0.8999999762
4959  -13.658  -86.335  -3.943 1.0000000000
5216  -7.012  -86.409  35.509 0.3000000119
5271  -13.009  -85.958  31.037 0.1000000015
5282  -12.945  -86.683  31.072 0.1000000015
5292  -9.148  -86.774  29.554 0.8999999762
5324  -9.422  -87.416  27.302 1.0000000000
5356  -28.716  -86.209  23.544 0.1000000015
5357  -33.938  -85.280  23.845 0.1000000015
5378  -6.781  -87.211  21.711 0.4000000060
5390  -36.732  -87.478  21.774 0.2000000030
5419  -37.908  -86.537  19.598 0.2000000030
5432  -38.774  -86.844  18.339 0.1000000015
5433  -39.073  -87.281  17.796 0.1000000015
5443  -33.440  -86.672  17.800 0.1000000015
5445  -39.065  -87.163  17.226 0.1000000015
5454  -32.274  -86.645  16.840 0.2000000030
5458  -22.869  -86.268  15.678 0.2000000030
5465  -38.916  -87.137  16.428 0.1000000015
5470  -23.168  -86.251  14.832 0.2000000030
5480  -25.454  -85.995  13.860 0.2000000030
5493  -33.936  -86.716  12.577 0.2000000030
5515  -33.726  -86.676  9.585 0.2000000030
5542  -38.679  -86.742  8.836 0.1000000015
5562  -6.960  -86.784  7.089 0.1000000015
5578  -6.969  -87.112  6.438 0.1000000015
5586  -32.859  -86.577  5.858 0.3000000119
5587  -33.581  -86.375  5.854 0.3000000119
5595  -7.042  -87.199  4.998 0.3000000119
5628  -15.244  -85.995  2.104 0.6000000238
5637  -14.697  -86.425  1.707 0.6000000238
5638  -15.500  -86.433  1.517 0.6000000238
5639  -16.220  -86.058  1.529 0.6000000238
5644  -12.603  -87.113  0.649 0.8000000119
5645  -13.341  -86.681  1.051 0.8000000119
5647  -15.491  -86.896  0.963 0.6000000238
5649  -17.199  -85.943  -0.069 0.6999999881
5654  -7.887  -85.652  -1.592 0.6000000238
5656  -11.938  -86.469  -0.006 0.8000000119
5657  -16.716  -86.468  -0.878 0.8999999762
5663  -30.257  -86.492  -1.445 0.8999999762
5665  -9.054  -85.970  -2.331 0.8000000119
5668  -16.290  -86.432  -2.063 0.8999999762
5683  -13.889  -86.134  -4.093 1.0000000000
5688  -27.666  -86.163  -3.036 0.6999999881
5690  -14.348  -85.991  -4.337 0.8999999762
5949  -6.968  -85.676  35.390 0.3000000119
5959  -6.742  -85.713  35.114 0.3000000119
5974  -11.109  -85.810  33.120 0.2000000030
5999  -6.992  -85.471  31.769 0.6000000238
6061  -6.402  -84.994  25.143 0.8000000119
6136  -36.156  -85.727  20.938 0.1000000015
6160  -26.854  -85.380  16.932 0.2000000030
6171  -24.814  -85.837  15.749 0.2000000030
6176  -31.384  -85.508  16.653 0.1000000015
6181  -25.420  -85.589  15.336 0.2000000030
6182  -26.252  -85.313  15.534 0.2000000030
6191  -24.226  -85.583  15.038 0.2000000030
6193  -27.323  -85.381  14.499 0.2000000030
6203  -26.088  -85.615  14.145 0.2000000030
6281  -6.862  -85.870  7.923 0.1000000015
6312  -28.701  -85.001  5.285 0.4000000060
6314  -30.754  -85.663  6.008 0.4000000060
6339  -30.460  -85.636  3.570 0.6000000238
6344  -7.453  -85.330  2.378 0.3000000119
6347  -16.479  -85.665  2.274 0.6000000238
6356  -7.556  -85.811  1.669 0.5000000000
6383  -12.532  -84.901  -0.369 0.8000000119
6396  -17.523  -85.323  -1.594 0.8999999762
6397  -20.774  -85.816  -1.814 0.5000000000
6420  -28.354  -85.250  -2.870 0.8000000119
6421  -14.786  -84.662  -4.408 0.8999999762
6423  -16.699  -84.833  -5.119 0.8999999762
6692  -6.829  -84.924  35.115 0.3000000119
6694  -7.698  -84.904  35.215 0.3000000119
6702  -6.699  -84.238  34.665 0.4000000060
6705  -8.491  -84.423  34.756 0.3000000119
6768  -8.893  -84.358  29.307 1.0000000000
6872  -6.863  -84.509  21.716 0.2000000030
6888  -28.366  -85.027  19.965 0.1000000015
6890  -29.050  -84.418  20.612 0.1000000015
6901  -28.644  -84.668  19.485 0.1000000015
6902  -29.243  -84.330  19.807 0.1000000015
6919  -28.138  -84.069  17.853 0.1000000015
6921  -30.506  -83.922  17.346 0.1000000015
6929  -28.510  -84.069  16.191 0.1000000015
6930  -29.343  -84.265  16.345 0.1000000015
6941  -27.365  -84.557  15.733 0.2000000030
6942  -27.949  -84.494  15.569 0.2000000030
6955  -26.775  -84.965  15.253 0.2000000030
6957  -27.746  -85.070  15.002 0.2000000030
7015  -30.392  -84.419  7.096 0.4000000060
7022  -29.666  -84.611  7.010 0.4000000060
7025  -33.112  -84.753  6.436 0.3000000119
7034  -25.134  -83.921  5.370 0.5000000000
7035  -26.663  -84.133  6.165 0.6000000238
7050  -16.180  -84.288  4.480 0.6999999881
7052  -17.317  -83.879  4.717 0.6000000238
7072  -16.379  -84.666  3.817 0.6999999881
7086  -14.423  -84.703  2.520 0.6000000238
7100  -7.406  -84.420  1.073 0.6000000238
7103  -17.795  -84.680  1.157 0.6000000238
7118  -13.760  -84.263  0.720 0.6000000238
7128  -38.418  -85.315  -0.666 0.1000000015
7132  -7.560  -84.222  -1.061 0.6999999881
7146  -7.734  -83.929  -2.046 0.8000000119
7151  -13.069  -83.495  -1.172 0.6999999881
7159  -29.559  -85.434  -1.579 0.8000000119
7169  -28.309  -85.020  -2.463 0.8999999762
7170  -28.836  -85.362  -1.928 0.8000000119
7171  -14.820  -83.980  -4.099 0.8999999762
7172  -15.353  -83.469  -3.878 1.0000000000
7173  -19.726  -84.561  -4.437 0.6999999881
7174  -21.542  -84.221  -3.394 0.6999999881
7469  -8.037  -83.483  34.729 0.3000000119
7547  -9.051  -83.116  28.349 1.0000000000
7561  -7.094  -83.389  27.843 0.8999999762
7580  -6.665  -83.371  25.646 0.6000000238
7673  -28.794  -83.877  17.986 0.1000000015
7680  -9.188  -82.125  16.874 0.1000000015
7689  -30.130  -83.693  18.073 0.1000000015
7693  -7.547  -83.082  15.286 0.1000000015
7696  -8.864  -82.522  16.402 0.1000000015
7700  -28.980  -83.858  16.792 0.1000000015
7801  -16.951  -83.328  6.297 0.5000000000
7802  -17.414  -83.396  6.102 0.5000000000
7805  -27.883  -83.797  6.779 0.6000000238
7808  -30.211  -83.692  6.937 0.4000000060
7810  -32.181  -83.998  6.404 0.3000000119
7816  -7.063  -83.590  5.063 0.4000000060
7820  -17.832  -83.357  5.788 0.5000000000
7821  -24.768  -83.590  5.365 0.5000000000
7824  -31.637  -83.600  6.268 0.4000000060
7834  -6.799  -82.750  4.720 0.6999999881
7854  -14.589  -83.983  2.919 0.6999999881
7859  -24.129  -83.877  3.525 0.6000000238
7873  -26.143  -83.571  1.598 0.6000000238
7884  -22.453  -83.342  1.551 0.6000000238
7894  -7.179  -83.724  -0.386 0.6000000238
7895  -11.207  -83.462  -0.076 0.8000000119
7896  -13.648  -83.628  -0.001 0.6000000238
7900  -27.014  -83.422  0.185 0.8999999762
7923  -8.531  -83.392  -1.512 0.8999999762
7924  -9.365  -83.490  -1.136 0.8999999762
7926  -12.063  -83.749  -0.963 0.8000000119
7927  -12.936  -83.161  -1.292 0.6999999881
7928  -13.380  -82.901  -1.290 0.6999999881
7946  -20.496  -84.214  -4.292 0.6000000238
7947  -21.262  -83.816  -4.128 0.6999999881
7957  -19.297  -83.015  -4.734 0.8000000119
7960  -22.342  -82.432  -4.320 0.6999999881
8252  -6.862  -82.525  33.786 0.4000000060
8265  -6.714  -82.070  32.953 0.5000000000
8279  -13.104  -82.832  30.687 0.1000000015
8453  -7.754  -82.060  16.497 0.1000000015
8454  -7.998  -81.896  17.078 0.1000000015
8494  -6.585  -82.497  13.355 0.1000000015
8567  -17.506  -82.713  7.290 0.5000000000
8576  -16.986  -82.827  6.840 0.5000000000
8594  -26.217  -82.549  6.007 0.6000000238
8597  -29.311  -82.752  5.902 0.5000000000
8607  -24.114  -82.591  5.147 0.5000000000
8619  -17.411  -82.161  3.188 0.5000000000
8620  -21.863  -82.092  3.112 0.4000000060
8638  -10.836  -82.184  1.112 0.8000000119
8642  -22.048  -83.121  1.892 0.5000000000
8648  -6.912  -82.135  0.210 0.8000000119
8654  -22.207  -83.010  0.515 0.6999999881
8663  -8.141  -82.046  -0.809 0.8000000119
8665  -11.824  -83.212  -0.767 0.8000000119
8672  -25.559  -81.991  -0.937 0.8999999762
8681  -9.046  -82.501  -1.098 0.8000000119
8683  -13.443  -82.069  -1.402 0.6999999881
8695  -16.768  -82.270  -4.025 0.8999999762
8696  -17.489  -81.944  -3.326 0.8999999762
8702  -26.980  -81.820  -3.205 0.8999999762
8704  -16.809  -82.290  -4.532 0.8999999762
8707  -20.775  -82.430  -4.401 0.6999999881
8985  -7.261  -81.510  33.538 0.4000000060
8996  -6.897  -81.423  32.868 0.5000000000
9183  -7.384  -81.799  16.461 0.2000000030
9185  -7.032  -81.985  15.822 0.1000000015
9269  -7.101  -81.676  8.400 0.5000000000
9276  -19.762  -81.455  8.449 0.2000000030
9290  -19.922  -81.559  7.618 0.3000000119
9297  -16.612  -82.183  6.686 0.5000000000
9298  -18.731  -82.603  6.654 0.4000000060
9301  -6.606  -81.444  5.410 0.6999999881
9303  -16.203  -81.711  6.075 0.6000000238
9304  -19.111  -81.616  6.263 0.5000000000
9307  -15.556  -81.711  4.708 0.6000000238
9309  -18.213  -82.369  5.005 0.5000000000
9311  -23.275  -81.964  4.640 0.3000000119
9319  -15.089  -81.590  3.291 0.6000000238
9330  -10.619  -80.916  1.995 0.8000000119
9331  -11.087  -80.990  2.009 0.8000000119
9332  -14.793  -81.201  2.644 0.5000000000
9342  -7.213  -80.877  1.131 0.8000000119
9343  -10.111  -81.352  1.133 0.8000000119
9347  -17.772  -81.510  1.457 0.5000000000
9356  -8.220  -80.872  0.080 0.8000000119
9360  -17.978  -81.205  0.472 0.5000000000
9370  -18.184  -81.324  -0.458 0.6999999881
9384  -12.067  -81.711  -1.358 0.6999999881
9385  -12.579  -81.355  -1.661 0.8000000119
9387  -13.474  -81.381  -1.404 0.6999999881
9398  -18.607  -81.531  -2.522 0.8000000119
9401  -25.911  -80.668  -2.787 0.8000000119
9402  -26.614  -81.089  -3.053 0.8999999762
9405  -19.017  -81.045  -3.696 1.0000000000
9412  -17.762  -81.740  -4.349 0.8999999762
9416  -21.227  -81.735  -4.212 0.8000000119
9417  -21.951  -81.796  -4.288 0.6999999881
9729  -7.380  -80.418  32.459 0.5000000000
9732  -10.297  -80.518  32.951 0.3000000119
9782  -5.922  -79.907  28.317 0.8000000119
9798  -5.882  -80.165  27.498 0.6000000238
9891  -6.834  -80.424  19.463 0.2000000030
9917  -6.825  -80.860  17.682 0.1000000015
10005  -19.247  -80.342  9.422 0.1000000015
10015  -7.498  -80.216  8.324 0.6999999881
10017  -17.956  -80.578  8.563 0.4000000060
10019  -19.605  -81.107  9.062 0.3000000119
10021  -21.010  -80.272  9.156 0.1000000015
10033  -7.014  -79.809  6.016 0.6999999881
10040  -6.848  -79.897  5.334 0.6000000238
10044  -19.132  -80.475  5.968 0.4000000060
10047  -6.700  -79.989  4.497 0.8000000119
10050  -18.032  -80.460  4.621 0.5000000000
10080  -10.206  -80.330  2.607 0.8999999762
10082  -11.208  -80.454  2.448 0.8000000119
10084  -17.599  -80.384  2.763 0.5000000000
10104  -18.136  -80.307  1.644 0.5000000000
10106  -20.708  -80.463  1.520 0.5000000000
10119  -7.786  -80.582  0.605 0.8000000119
10120  -8.766  -80.692  0.724 0.8000000119
10121  -14.267  -80.485  0.528 0.6999999881
10138  -19.406  -80.462  -0.925 0.8000000119
10139  -20.755  -80.415  -1.163 0.8000000119
10154  -12.165  -80.859  -1.363 0.8000000119
10157  -13.674  -80.842  -1.099 0.6999999881
10159  -19.358  -80.621  -1.623 0.8000000119
10163  -23.737  -80.557  -1.951 0.8999999762
10164  -24.600  -80.422  -2.099 0.8999999762
10165  -25.228  -80.415  -2.556 0.8000000119
10173  -19.789  -80.364  -2.377 1.0000000000
10176  -22.726  -80.413  -2.454 0.8999999762
10180  -20.642  -80.653  -3.182 0.8999999762
10571  -10.954  -78.797  32.072 0.4000000060
10581  -8.296  -78.362  29.955 0.8999999762
10613  -5.843  -79.266  28.383 0.8999999762
10708  -7.113  -80.028  19.922 0.1000000015
10741  -6.599  -80.230  18.244 0.2000000030
10820  -22.095  -79.026  11.112 0.1000000015
10821  -22.855  -79.064  11.260 0.1000000015
10823  -24.907  -79.265  11.546 0.1000000015
10825  -26.618  -79.091  11.534 0.1000000015
10834  -24.625  -79.497  10.724 0.1000000015
10837  -27.788  -79.381  10.481 0.1000000015
10839  -30.405  -78.580  9.929 0.1000000015
10850  -19.650  -79.760  9.704 0.1000000015
10860  -29.793  -79.325  9.658 0.1000000015
10872  -27.746  -79.258  8.640 0.1000000015
10876  -31.264  -79.285  8.723 0.1000000015
10883  -7.714  -79.756  7.884 0.6999999881
10885  -16.894  -79.431  7.591 0.4000000060
10903  -16.687  -78.753  6.937 0.4000000060
10919  -15.882  -79.616  5.777 0.5000000000
10920  -20.523  -79.096  5.951 0.1000000015
10931  -7.235  -79.316  4.712 0.8000000119
10933  -18.383  -79.418  4.314 0.4000000060
10950  -11.436  -79.439  3.188 0.8999999762
10952  -15.292  -79.220  3.626 0.5000000000
10953  -17.823  -79.731  3.008 0.5000000000
10968  -8.376  -79.209  2.646 0.8000000119
10971  -14.551  -78.936  2.012 0.5000000000
10977  -23.965  -79.480  3.521 0.2000000030
11004  -18.493  -80.454  0.979 0.5000000000
11006  -19.260  -80.088  0.433 0.6000000238
11020  -12.003  -79.412  -0.650 0.8000000119
11021  -13.925  -79.426  -0.517 0.6999999881
11023  -18.974  -80.310  -0.105 0.6000000238
11025  -20.226  -80.119  -0.805 0.6999999881
11035  -12.433  -80.077  -1.207 0.8000000119
11037  -13.554  -80.112  -1.085 0.6999999881
11463  -8.147  -78.672  31.397 0.8000000119
11465  -9.014  -77.613  32.201 0.5000000000
11504  -7.691  -78.137  27.763 0.8000000119
11505  -8.596  -77.855  28.438 0.8999999762
11541  -12.905  -79.018  24.748 0.1000000015
11576  -6.527  -78.906  20.046 0.2000000030
11578  -8.448  -78.748  19.942 0.1000000015
11652  -27.349  -77.534  11.984 0.1000000015
11657  -22.295  -78.579  11.295 0.1000000015
11658  -23.651  -78.751  11.548 0.1000000015
11660  -25.355  -78.745  12.102 0.1000000015
11663  -28.570  -78.659  11.328 0.1000000015
11670  -9.528  -78.814  10.922 0.8999999762
11672  -10.484  -78.153  10.332 1.0000000000
11674  -29.319  -78.576  10.922 0.1000000015
11688  -19.686  -78.905  9.848 0.1000000015
11690  -30.936  -78.638  9.585 0.1000000015
11705  -24.513  -78.661  8.396 0.1000000015
11707  -26.163  -78.608  8.153 0.1000000015
11712  -8.612  -78.526  7.308 1.0000000000
11714  -17.794  -78.266  8.124 0.2000000030
11726  -16.982  -77.896  6.836 0.4000000060
11731  -25.043  -78.239  6.756 0.1000000015
11734  -27.403  -78.784  6.177 0.1000000015
11742  -15.934  -78.014  5.344 0.5000000000
11745  -22.912  -78.431  5.828 0.1000000015
11754  -8.300  -78.393  4.811 0.8999999762
11756  -11.129  -77.977  4.615 0.8999999762
11758  -15.697  -78.382  4.690 0.4000000060
11760  -19.738  -78.850  3.727 0.4000000060
11761  -21.403  -78.616  4.473 0.2000000030
11768  -28.276  -78.703  4.738 0.1000000015
11775  -11.439  -78.817  3.590 0.8000000119
11778  -21.395  -78.769  3.688 0.3000000119
11789  -14.895  -78.315  2.419 0.5000000000
11793  -21.960  -79.207  3.424 0.2000000030
11802  -11.024  -78.170  0.901 0.8000000119
11803  -11.288  -78.995  1.406 0.8000000119
11816  -15.001  -77.789  0.699 0.5000000000
11822  -11.548  -78.831  -0.126 0.8000000119
12234  -9.514  -76.870  32.074 0.8000000119
12248  -18.811  -77.195  29.409 0.1000000015
12273  -17.293  -78.043  28.418 0.1000000015
12291  -5.452  -77.694  27.134 0.6999999881
12300  -5.903  -77.279  24.862 0.3000000119
12358  -6.162  -77.982  19.064 0.1000000015
12402  -8.061  -77.212  13.095 1.0000000000
12412  -9.109  -77.656  12.409 1.0000000000
12415  -23.513  -78.246  11.564 0.1000000015
12431  -10.539  -77.742  10.846 1.0000000000
12445  -20.703  -78.041  9.973 0.1000000015
12455  -11.320  -77.227  9.455 1.0000000000
12458  -31.057  -77.315  9.253 0.1000000015
12460  -32.272  -78.159  8.477 0.1000000015
12473  -8.520  -78.160  5.882 1.0000000000
12476  -16.733  -77.484  6.260 0.4000000060
12483  -10.867  -77.185  5.361 0.8999999762
12484  -16.409  -77.526  5.743 0.4000000060
12502  -10.151  -77.182  2.561 0.8000000119
12510  -11.093  -78.057  2.990 0.8000000119
12511  -15.254  -77.473  2.403 0.4000000060
12530  -14.826  -77.542  0.110 0.5000000000
12536  -11.898  -78.316  -0.046 0.8000000119
12952  -9.005  -76.688  31.639 0.8000000119
12954  -10.094  -76.127  31.774 0.6999999881
12956  -11.722  -76.210  31.183 0.4000000060
13129  -7.104  -76.644  11.850 1.0000000000
13131  -9.735  -77.539  11.564 1.0000000000
13148  -10.185  -77.374  11.012 1.0000000000
13169  -21.252  -77.189  8.872 0.2000000030
13178  -11.292  -76.609  7.073 1.0000000000
13179  -11.900  -76.094  7.700 1.0000000000
13182  -19.214  -76.634  7.832 0.3000000119
13188  -30.499  -76.214  7.822 0.1000000015
13195  -17.687  -76.659  5.938 0.4000000060
13197  -19.557  -76.027  6.464 0.2000000030
13200  -30.622  -76.032  6.826 0.1000000015
13201  -31.414  -76.085  6.247 0.1000000015
13208  -19.446  -75.948  5.432 0.4000000060
13215  -16.841  -76.676  4.094 0.4000000060
13216  -19.465  -76.059  4.407 0.3000000119
13226  -9.621  -75.925  3.373 0.8999999762
13227  -10.092  -76.849  3.348 0.8000000119
13228  -16.734  -76.690  3.093 0.4000000060
13231  -19.505  -76.214  3.363 0.4000000060
13232  -20.982  -76.102  2.740 0.2000000030
13241  -9.841  -76.391  2.441 0.8999999762
13254  -10.845  -77.130  1.311 0.8000000119
13257  -17.979  -75.812  2.034 0.3000000119
13268  -11.591  -77.291  0.970 0.8000000119
13269  -12.511  -76.899  0.561 0.6000000238
13277  -13.047  -77.281  -0.099 0.6000000238
13278  -14.193  -77.208  -0.123 0.5000000000
13695  -9.964  -75.535  31.271 0.8000000119
13702  -9.926  -75.018  30.522 0.6999999881
13772  -6.160  -75.912  24.491 0.1000000015
13775  -9.603  -75.167  24.767 0.1000000015
13789  -5.685  -75.045  21.224 0.2000000030
13792  -7.621  -75.296  21.349 0.1000000015
13839  -6.644  -74.723  14.941 0.8000000119
13860  -6.204  -75.594  12.694 1.0000000000
13877  -6.707  -75.171  10.014 1.0000000000
13883  -6.941  -74.486  9.279 1.0000000000
13885  -8.233  -75.657  9.137 1.0000000000
13896  -11.761  -75.291  8.362 1.0000000000
13899  -28.661  -75.549  8.048 0.1000000015
13903  -12.026  -75.001  7.569 1.0000000000
13914  -22.731  -75.328  6.357 0.1000000015
13921  -23.055  -74.960  5.383 0.1000000015
13927  -21.523  -75.576  4.450 0.3000000119
13930  -29.184  -75.068  4.857 0.1000000015
13936  -9.445  -75.042  3.189 0.8999999762
13937  -21.012  -75.787  3.792 0.2000000030
13941  -24.469  -75.187  2.181 0.2000000030
13948  -19.159  -75.782  2.202 0.2000000030
13951  -23.742  -75.446  1.230 0.2000000030
13960  -10.086  -76.102  1.840 0.8000000119
13968  -18.723  -75.388  1.976 0.3000000119
13971  -21.432  -75.781  1.483 0.2000000030
13982  -11.956  -76.481  1.160 0.8000000119
14468  -5.425  -74.800  26.636 0.8999999762
14552  -5.583  -74.372  20.298 0.3000000119
14591  -7.195  -74.557  15.599 0.8000000119
14599  -11.010  -74.708  15.017 0.6999999881
14602  -14.956  -74.397  14.233 0.5000000000
14610  -5.869  -74.025  13.620 1.0000000000
14614  -13.578  -74.714  14.038 0.5000000000
14616  -15.256  -74.438  13.718 0.4000000060
14635  -6.354  -74.665  10.830 1.0000000000
14645  -7.680  -74.811  8.765 1.0000000000
14665  -23.797  -74.673  7.269 0.1000000015
14670  -9.819  -73.802  5.911 1.0000000000
14672  -11.633  -74.635  7.214 1.0000000000
14676  -9.492  -74.012  5.053 1.0000000000
14684  -24.444  -74.479  4.266 0.2000000030
14691  -10.051  -74.364  3.315 0.8999999762
14692  -11.012  -74.215  2.928 0.8000000119
14701  -12.944  -74.391  2.219 0.6000000238
14702  -14.046  -74.359  2.047 0.6000000238
14705  -25.040  -74.567  1.966 0.2000000030
14714  -15.902  -74.551  1.638 0.4000000060
14718  -20.172  -74.968  1.805 0.2000000030
14722  -23.623  -75.100  0.705 0.2000000030
14723  -24.758  -74.409  1.296 0.2000000030
15200  -12.967  -73.462  29.436 0.5000000000
15202  -14.690  -73.600  29.181 0.3000000119
15241  -5.924  -73.163  26.413 1.0000000000
15246  -5.416  -73.370  25.097 0.6999999881
15296  -5.845  -73.412  21.863 0.3000000119
15299  -7.783  -73.780  21.523 0.2000000030
15316  -5.521  -73.741  20.709 0.5000000000
15350  -7.543  -73.983  16.189 0.8000000119
15356  -11.273  -74.451  15.162 0.6999999881
15364  -12.006  -74.129  15.027 0.6000000238
15365  -13.897  -73.909  14.802 0.5000000000
15366  -14.913  -74.024  14.500 0.5000000000
15372  -10.086  -74.150  14.260 0.6999999881
15381  -14.529  -74.298  12.441 0.5000000000
15382  -15.413  -74.227  12.837 0.5000000000
15401  -6.424  -73.811  10.539 1.0000000000
15402  -6.846  -73.290  10.050 1.0000000000
15431  -9.506  -73.427  7.864 1.0000000000
15443  -9.887  -73.513  7.317 1.0000000000
15458  -10.043  -73.510  6.660 1.0000000000
15475  -29.227  -74.227  4.709 0.1000000015
15485  -9.828  -73.622  4.762 0.8999999762
15495  -9.851  -73.957  3.988 0.8999999762
15499  -14.954  -73.340  3.134 0.5000000000
15511  -25.388  -73.316  2.431 0.2000000030
15518  -19.608  -74.374  1.941 0.2000000030
16035  -11.613  -72.540  29.017 0.5000000000
16053  -13.945  -72.451  28.466 0.5000000000
16059  -19.872  -72.445  27.887 0.1000000015
16076  -20.847  -72.000  27.687 0.1000000015
16089  -6.218  -72.456  26.163 1.0000000000
16097  -5.867  -71.968  25.651 0.8000000119
16102  -5.788  -72.017  24.676 0.6000000238
16117  -5.953  -71.678  22.200 0.5000000000
16155  -10.328  -72.560  20.074 0.1000000015
16188  -7.418  -72.874  17.133 0.8000000119
16195  -7.059  -72.462  16.353 0.8999999762
16204  -10.713  -73.815  15.387 0.6999999881
16205  -11.307  -74.036  15.399 0.6999999881
16214  -10.427  -73.081  15.203 0.6999999881
16219  -15.697  -73.501  14.419 0.5000000000
16221  -17.500  -72.472  14.189 0.4000000060
16229  -17.539  -72.792  13.736 0.5000000000
16232  -5.847  -72.510  12.340 1.0000000000
16240  -17.780  -72.556  12.998 0.4000000060
16247  -6.479  -72.612  11.375 1.0000000000
16276  -14.598  -72.720  10.213 0.3000000119
16279  -17.080  -72.406  9.963 0.3000000119
16296  -17.421  -72.545  9.164 0.3000000119
16306  -8.670  -72.230  8.859 1.0000000000
16308  -16.718  -72.533  8.520 0.3000000119
16310  -18.119  -72.553  8.726 0.2000000030
16311  -24.114  -72.779  8.692 0.1000000015
16350  -9.939  -73.201  5.198 1.0000000000
16353  -12.875  -72.400  4.569 0.8999999762
16369  -14.515  -72.902  3.967 0.6999999881
16373  -26.371  -72.002  3.573 0.2000000030
16384  -17.706  -72.463  2.611 0.3000000119
16386  -20.530  -72.432  2.388 0.3000000119
16391  -25.382  -72.588  2.602 0.2000000030
16400  -18.122  -73.137  2.152 0.3000000119
16404  -22.301  -73.288  1.392 0.2000000030
16406  -24.263  -73.576  1.178 0.2000000030
16938  -10.949  -71.872  27.106 0.8000000119
16940  -12.466  -71.356  27.424 0.6000000238
16974  -5.990  -71.203  24.700 0.6000000238
16978  -6.288  -71.150  24.208 0.4000000060
17008  -6.455  -71.243  22.253 0.4000000060
17009  -8.078  -70.670  21.261 0.2000000030
17035  -5.705  -71.349  19.667 0.8000000119
17073  -6.475  -71.102  17.261 0.8999999762
17086  -6.027  -71.149  15.614 0.8999999762
17100  -16.966  -72.061  14.415 0.4000000060
17101  -18.135  -71.832  14.152 0.4000000060
17117  -18.598  -71.677  13.670 0.4000000060
17152  -17.476  -71.987  11.277 0.3000000119
17165  -8.422  -71.805  9.949 1.0000000000
17168  -11.586  -70.790  10.893 0.6999999881
17171  -13.572  -71.500  10.214 0.4000000060
17183  -9.379  -70.655  9.242 1.0000000000
17190  -19.011  -71.694  9.250 0.2000000030
17201  -16.081  -72.180  7.953 0.2000000030
17204  -19.460  -71.559  8.621 0.2000000030
17213  -10.314  -70.909  7.364 1.0000000000
17215  -17.561  -72.255  7.725 0.2000000030
17228  -11.384  -71.524  6.392 1.0000000000
17230  -19.376  -71.478  7.191 0.2000000030
17231  -25.253  -72.173  6.772 0.1000000015
17241  -11.288  -72.117  5.827 1.0000000000
17245  -21.291  -70.861  4.858 0.3000000119
17251  -12.317  -71.925  5.043 1.0000000000
17257  -21.680  -71.159  4.076 0.3000000119
17259  -23.963  -70.760  3.599 0.2000000030
17271  -17.918  -70.926  3.337 0.4000000060
17275  -20.948  -71.301  3.392 0.3000000119
17291  -18.343  -71.746  2.955 0.3000000119
17293  -20.320  -71.578  2.927 0.3000000119
17296  -23.887  -72.090  2.524 0.2000000030
17298  -25.295  -71.981  2.704 0.2000000030
17299  -25.709  -71.842  3.080 0.2000000030
17863  -18.052  -70.026  28.115 0.2000000030
17866  -21.133  -70.707  27.512 0.1000000015
17886  -6.509  -70.749  24.998 0.8000000119
17888  -8.231  -70.320  25.311 1.0000000000
17897  -6.990  -70.375  24.782 0.8000000119
17913  -5.966  -70.357  22.107 0.5000000000
17946  -5.478  -70.361  20.687 0.6999999881
17949  -14.239  -69.644  20.416 0.1000000015
17978  -5.849  -70.177  18.232 0.8999999762
18012  -5.767  -69.916  15.906 0.8999999762
18026  -5.777  -70.388  15.305 0.8999999762
18047  -18.780  -70.694  14.364 0.4000000060
18058  -7.055  -70.184  13.087 0.8999999762
18066  -19.173  -71.067  13.744 0.4000000060
18067  -19.563  -70.451  13.699 0.4000000060
18109  -12.100  -70.205  10.397 0.5000000000
18121  -10.498  -70.049  9.238 0.8999999762
18122  -11.154  -69.875  9.508 0.8999999762
18137  -9.976  -70.512  8.343 1.0000000000
18138  -10.668  -70.178  8.655 1.0000000000
18153  -11.796  -70.276  8.020 1.0000000000
18154  -12.363  -70.243  7.692 0.8999999762
18157  -19.816  -71.278  8.040 0.2000000030
18168  -13.483  -70.015  6.891 0.6000000238
18182  -13.897  -70.101  6.106 0.6000000238
18185  -17.755  -69.840  5.344 0.4000000060
18188  -21.704  -70.600  5.615 0.3000000119
18201  -18.226  -70.004  4.655 0.5000000000
18208  -27.299  -70.886  3.696 0.2000000030
18803  -20.501  -69.659  26.863 0.2000000030
18805  -22.023  -69.389  27.054 0.2000000030
18819  -18.701  -69.315  26.380 0.4000000060
18838  -7.479  -69.916  24.768 0.8000000119
18845  -15.291  -68.951  24.445 0.5000000000
18851  -7.529  -69.658  24.300 0.4000000060
18858  -5.868  -69.691  21.942 0.5000000000
18860  -6.498  -69.344  22.042 0.5000000000
18875  -7.226  -69.423  21.825 0.5000000000
18978  -7.107  -69.048  13.810 0.8999999762
19018  -20.546  -69.614  12.697 0.3000000119
19052  -11.706  -69.789  9.143 0.8999999762
19064  -11.501  -69.963  8.822 1.0000000000
19066  -13.574  -69.531  8.342 0.6999999881
19067  -14.048  -69.404  8.340 0.6000000238
19077  -12.039  -69.961  8.594 1.0000000000
19080  -15.566  -69.766  7.201 0.3000000119
19083  -21.579  -69.588  7.442 0.2000000030
19093  -13.106  -69.901  7.674 0.8999999762
19097  -16.314  -69.537  6.181 0.3000000119
19098  -17.008  -69.543  5.804 0.3000000119
19111  -15.645  -69.500  6.205 0.4000000060
19121  -23.922  -69.666  4.553 0.2000000030
19125  -27.336  -69.317  3.988 0.1000000015
19132  -26.059  -69.345  3.218 0.2000000030
19727  -20.751  -68.449  25.763 0.2000000030
19737  -18.678  -68.260  25.116 0.3000000119
19743  -8.328  -68.794  24.238 0.5000000000
19750  -15.174  -68.173  24.086 0.8000000119
19753  -17.953  -67.927  24.974 0.4000000060
19757  -13.845  -67.839  24.233 0.8999999762
19761  -5.916  -69.095  21.999 0.5000000000
19762  -6.199  -69.055  22.058 0.5000000000
19764  -9.914  -67.757  22.768 0.5000000000
19773  -5.751  -68.629  21.625 0.6000000238
19795  -14.647  -68.842  20.266 0.2000000030
19803  -5.441  -68.076  20.164 0.8999999762
19836  -6.065  -67.672  15.373 0.8000000119
19862  -12.124  -68.966  15.189 0.6000000238
19867  -20.389  -68.698  14.387 0.3000000119
19881  -21.241  -69.113  13.190 0.3000000119
19882  -21.806  -68.477  13.371 0.3000000119
19904  -18.866  -69.021  10.465 0.3000000119
19914  -19.398  -68.459  10.398 0.3000000119
19922  -18.864  -68.777  9.575 0.3000000119
19930  -18.969  -68.158  8.633 0.2000000030
19931  -18.985  -68.441  8.546 0.2000000030
19949  -21.159  -67.776  7.004 0.1000000015
19950  -22.340  -68.068  6.737 0.2000000030
19972  -25.910  -67.899  3.170 0.2000000030
20561  -20.667  -66.730  29.014 0.2000000030
20566  -19.907  -66.954  28.423 0.2000000030
20581  -19.746  -67.420  26.549 0.3000000119
20601  -14.837  -67.429  24.402 0.8000000119
20609  -9.698  -67.025  23.848 0.6000000238
20625  -27.439  -66.489  22.326 0.1000000015
20651  -14.850  -68.146  20.366 0.2000000030
20661  -12.216  -67.587  19.290 0.2000000030
20663  -27.215  -67.418  19.978 0.1000000015
20715  -19.692  -68.102  14.578 0.3000000119
20731  -21.822  -68.200  14.012 0.3000000119
20745  -22.509  -67.827  12.691 0.3000000119
20757  -21.667  -67.648  11.326 0.2000000030
20768  -19.423  -67.833  9.578 0.3000000119
20769  -20.163  -67.408  9.996 0.3000000119
20779  -19.269  -67.409  8.654 0.3000000119
20789  -19.244  -67.074  7.925 0.2000000030
20797  -19.270  -67.156  7.554 0.2000000030
20809  -23.481  -67.574  5.487 0.1000000015
20830  -26.344  -67.469  3.657 0.2000000030
21429  -16.163  -65.949  26.364 0.6000000238
21435  -10.072  -66.798  24.173 0.8000000119
21472  -27.952  -65.569  22.291 0.1000000015
21501  -27.872  -65.664  20.834 0.1000000015
21543  -6.601  -66.715  16.961 0.8000000119
21544  -7.070  -66.406  17.143 0.6999999881
21547  -11.060  -66.300  16.855 0.8000000119
21562  -13.264  -66.701  15.049 0.6000000238
21564  -19.089  -67.367  14.391 0.2000000030
21565  -19.554  -66.682  14.284 0.2000000030
21579  -14.964  -66.042  13.746 0.4000000060
21635  -20.789  -65.860  9.239 0.2000000030
21656  -19.460  -66.477  7.365 0.2000000030
21684  -24.423  -66.631  5.021 0.1000000015
21698  -26.197  -66.662  4.511 0.1000000015
22301  -17.950  -64.826  27.211 0.6999999881
22316  -14.148  -64.913  25.553 0.8000000119
22358  -11.630  -65.292  23.402 0.8000000119
22364  -18.094  -64.958  22.052 0.3000000119
22377  -8.362  -65.374  21.485 0.5000000000
22398  -27.554  -65.494  20.326 0.1000000015
22469  -23.417  -65.492  14.603 0.1000000015
22470  -23.880  -65.849  13.974 0.1000000015
22500  -16.313  -65.024  12.523 0.2000000030
22525  -22.067  -65.057  10.651 0.2000000030
22526  -22.746  -64.824  11.292 0.1000000015
22535  -20.242  -65.453  8.349 0.3000000119
22546  -19.894  -65.372  7.557 0.1000000015
22572  -21.812  -65.721  6.511 0.1000000015
22585  -23.636  -65.620  5.850 0.1000000015
22586  -25.962  -65.323  5.377 0.1000000015
22597  -25.712  -66.170  4.908 0.1000000015
23222  -23.087  -65.289  30.567 0.1000000015
23245  -19.256  -65.187  27.680 0.3000000119
23279  -17.565  -63.925  26.419 1.0000000000
23311  -13.359  -63.983  23.727 0.6999999881
23314  -16.352  -63.743  23.473 0.5000000000
23324  -28.508  -63.377  22.631 0.2000000030
23333  -13.873  -63.945  22.964 0.6000000238
23341  -28.160  -64.573  22.957 0.2000000030
23361  -7.100  -63.796  21.143 0.8999999762
23391  -15.552  -64.509  18.957 0.2000000030
23393  -16.997  -64.659  18.702 0.2000000030
23434  -22.489  -65.189  14.783 0.1000000015
23444  -14.761  -64.348  13.600 0.3000000119
23466  -16.020  -64.316  12.440 0.2000000030
23471  -25.227  -63.986  12.987 0.1000000015
23531  -28.154  -63.610  7.534 0.1000000015
23544  -24.260  -64.342  6.036 0.1000000015
23558  -26.826  -64.182  5.896 0.1000000015
24288  -17.905  -63.503  24.762 0.5000000000
24331  -12.994  -63.269  20.073 0.4000000060
24501  -22.493  -63.582  7.121 0.1000000015
24518  -26.565  -63.809  5.753 0.1000000015
25289  -28.387  -62.231  23.218 0.4000000060
25305  -28.486  -61.936  21.491 0.3000000119
25345  -13.636  -61.935  18.673 0.5000000000
25378  -12.008  -62.421  15.247 0.4000000060
25474  -28.946  -62.266  8.556 0.1000000015
25484  -28.100  -62.922  6.695 0.1000000015
25496  -24.900  -62.463  6.605 0.1000000015
25497  -25.977  -62.514  6.163 0.1000000015
26284  -9.160  -60.493  20.865 0.6999999881
26329  -17.894  -61.832  17.524 0.3000000119
26427  -23.324  -61.649  10.297 0.1000000015
26436  -22.799  -60.597  9.368 0.1000000015
26450  -28.594  -61.231  7.713 0.1000000015
26465  -27.629  -61.405  6.537 0.1000000015
26476  -26.865  -61.501  6.257 0.1000000015
27266  -10.186  -59.967  20.485 0.6999999881
27369  -14.299  -60.961  13.404 0.3000000119
28200  -28.276  -60.407  22.236 0.4000000060
28310  -13.928  -58.866  14.665 0.3000000119
28345  -16.158  -60.085  12.502 0.2000000030
28365  -16.817  -60.294  11.910 0.1000000015
28366  -17.312  -60.328  11.448 0.1000000015
32751  -16.631  -53.894  14.615 0.3000000119
33782  -15.286  -53.684  16.332 0.5000000000
117280  -27.138  -68.257  20.610 0.1000000015
117474  -27.692  -66.513  21.814 0.1000000015
117691  -26.890  -67.948  21.826 0.1000000015
117865  -24.265  -98.535  22.296 0.3000000119
117897  -23.127  -90.009  14.306 0.3000000119
117926  -9.166  -85.373  -2.137 0.8000000119
118091  -6.960  -83.612  5.860 0.4000000060
118095  -14.129  -79.930  -0.068 0.6000000238
118341  -10.473  -76.695  4.965 0.8999999762
118469  -36.737  -93.380  15.181 0.6000000238
118663  -27.703  -70.191  4.293 0.1000000015
118754  -29.982  -85.557  5.495 0.4000000060
118844  -11.156  -94.136  23.177 0.8000000119
118865  -7.595  -88.406  2.283 0.3000000119
119048  -14.333  -81.066  1.245 0.6999999881
119450  -27.973  -65.900  21.537 0.1000000015
119481  -29.708  -74.191  4.167 0.1000000015
119633  -17.485  -71.245  7.050 0.2000000030
119778  -18.102  -76.366  4.462 0.4000000060
119783  -13.744  -78.683  -0.663 0.6000000238
119805  -30.511  -92.512  1.675 0.5000000000
119844  -5.934  -74.938  21.475 0.1000000015
119935  -9.669  -80.241  25.030 0.1000000015
120087  -16.288  -93.534  2.288 0.2000000030
120092  -33.911  -91.164  0.866 0.6999999881
120099  -7.769  -92.428  26.316 0.6999999881
120120  -19.543  -79.994  1.070 0.5000000000
120327  -19.080  -69.640  11.460 0.4000000060
120473  -16.998  -59.361  12.380 0.3000000119
120484  -33.067  -86.762  17.213 0.1000000015
120570  -30.049  -79.646  8.259 0.1000000015
120662  -40.793  -91.131  13.557 0.5000000000
120746  -8.701  -84.903  -2.537 0.8000000119
120779  -7.273  -80.634  9.904 0.4000000060
120997  -18.840  -69.873  27.940 0.2000000030
121041  -13.413  -69.537  8.123 0.6000000238
121061  -8.568  -69.021  13.987 0.8000000119
121112  -28.765  -89.537  13.187 0.4000000060
121339  -25.824  -72.550  4.776 0.1000000015
121393  -22.378  -76.505  7.865 0.1000000015
121429  -19.578  -96.979  24.707 0.4000000060
121598  -7.365  -84.912  3.873 0.5000000000
121629  -29.418  -82.735  23.696 0.1000000015
121640  -5.825  -67.938  17.006 0.8000000119
121715  -10.561  -76.612  1.587 0.8000000119
121808  -10.007  -96.087  12.061 0.8000000119
121874  -8.796  -88.357  34.851 0.3000000119
121881  -11.394  -85.022  32.673 0.3000000119
121916  -29.027  -73.991  5.240 0.1000000015
121943  -23.756  -83.668  4.593 0.5000000000
122096  -6.555  -71.811  15.905 0.8999999762
122154  -19.867  -73.254  27.940 0.1000000015
122238  -5.576  -72.130  21.188 0.6000000238
122377  -9.239  -94.088  32.775 0.2000000030
122399  -14.243  -92.747  11.094 0.8999999762
122680  -17.499  -72.367  12.046 0.4000000060
122693  -7.219  -81.915  31.345 0.8000000119
122699  -15.342  -73.757  2.349 0.5000000000
122837  -6.741  -83.022  6.346 0.3000000119
122963  -17.213  -69.299  25.921 0.4000000060
122968  -24.131  -78.484  7.772 0.1000000015
123104  -8.301  -77.906  15.892 0.5000000000
123156  -28.840  -85.065  -1.234 0.8000000119
123225  -24.289  -96.895  15.252 0.8000000119
123272  -18.395  -70.447  5.838 0.3000000119
123287  -8.176  -89.639  2.936 0.1000000015
123295  -8.280  -84.503  -2.381 0.8000000119
123310  -12.586  -65.863  19.877 0.3000000119
123361  -6.694  -93.184  12.157 0.3000000119
123405  -24.079  -61.740  11.032 0.1000000015
123433  -6.463  -86.031  33.664 0.5000000000
123492  -7.712  -79.645  7.156 0.6999999881
123573  -19.872  -67.570  7.234 0.2000000030
123615  -7.043  -82.944  0.655 0.6999999881
123663  -33.790  -96.702  13.467 0.6999999881
123665  -9.692  -88.485  24.833 1.0000000000
123724  -27.079  -82.642  -3.235 0.8999999762
123858  -26.012  -95.760  15.512 0.8999999762
124040  -26.498  -69.927  3.353 0.2000000030
124139  -29.647  -60.811  9.939 0.1000000015
124208  -23.793  -85.882  14.635 0.2000000030
124224  -25.653  -62.206  12.059 0.1000000015
124274  -34.841  -90.092  6.674 0.2000000030
124429  -24.560  -86.672  16.389 0.2000000030
124469  -22.421  -72.626  1.797 0.2000000030
124514  -15.990  -84.226  -5.025 0.8999999762
124639  -28.683  -97.673  15.546 0.8000000119
124679  -10.732  -96.078  13.969 0.8999999762
124908  -7.277  -80.526  13.086 0.2000000030
124976  -25.582  -84.243  4.103 0.5000000000
125026  -15.201  -69.328  6.782 0.4000000060
125037  -20.373  -84.883  -3.820 0.6000000238
125106  -19.287  -79.426  1.888 0.5000000000
125131  -18.920  -76.394  3.087 0.2000000030
125144  -24.487  -72.516  2.227 0.2000000030
125149  -29.748  -92.778  1.500 0.6999999881
125579  -9.657  -96.109  18.254 1.0000000000
125665  -8.302  -73.090  21.369 0.2000000030
125680  -5.300  -75.080  25.927 0.6000000238
125741  -7.281  -81.266  0.318 0.8000000119
125817  -15.817  -74.951  1.130 0.5000000000
125869  -34.865  -96.203  13.440 0.6999999881
125886  -40.732  -90.177  13.287 0.2000000030
125892  -19.499  -93.027  29.325 0.1000000015
125928  -18.298  -80.791  -0.056 0.5000000000
125946  -26.181  -98.140  14.159 0.6999999881
126019  -7.822  -89.276  3.390 0.1000000015
126119  -31.096  -93.462  13.541 0.6999999881
126351  -25.284  -78.243  5.988 0.1000000015
126374  -9.651  -95.151  9.307 0.6000000238
126406  -7.021  -91.471  33.446 0.3000000119
126442  -17.894  -75.090  1.867 0.3000000119
126524  -10.371  -67.018  17.122 0.6999999881
126592  -6.936  -84.571  6.842 0.2000000030
126633  -16.350  -95.062  18.228 0.6999999881
126790  -15.894  -62.013  11.463 0.2000000030
126846  -27.162  -78.714  11.782 0.1000000015
126925  -40.171  -92.394  12.697 0.6000000238
126958  -6.621  -83.739  34.149 0.4000000060
126971  -22.827  -94.172  13.392 0.6999999881
127047  -9.823  -75.707  4.770 0.8999999762
127165  -12.196  -91.994  -0.187 0.1000000015
127219  -13.077  -80.025  -1.398 0.6999999881
127293  -19.685  -96.605  32.183 0.2000000030
127297  -20.182  -91.347  28.942 0.1000000015
127317  -14.364  -63.679  19.310 0.2000000030
127429  -8.814  -81.840  -0.541 0.8999999762
127590  -12.559  -95.128  18.869 0.8999999762
127608  -18.668  -96.601  36.119 0.1000000015
127703  -9.869  -77.370  5.904 1.0000000000
127736  -18.481  -81.880  -1.411 0.6999999881
127764  -16.734  -85.257  -2.307 0.8999999762
127807  -10.783  -71.333  14.863 0.6999999881
127922  -9.400  -93.543  30.593 0.4000000060
128026  -22.561  -98.742  18.967 0.3000000119
128074  -7.357  -80.825  33.115 0.4000000060
128115  -26.664  -84.340  5.471 0.5000000000
128157  -14.812  -80.503  2.587 0.5000000000
128284  -18.435  -97.937  23.003 0.4000000060
128294  -14.544  -83.278  2.467 0.6999999881
128339  -22.785  -79.735  9.994 0.1000000015
128396  -36.504  -87.486  8.017 0.2000000030
128411  -11.857  -94.733  4.542 0.5000000000
128412  -8.183  -83.994  -2.164 0.8000000119
128449  -17.380  -94.523  28.885 0.4000000060
128475  -36.000  -91.896  5.321 0.2000000030
128485  -23.332  -63.983  6.529 0.1000000015
128501  -23.941  -79.564  10.544 0.1000000015
128708  -37.438  -86.665  15.046 0.1000000015
128748  -7.327  -85.716  4.213 0.3000000119
128859  -10.276  -76.881  25.018 0.1000000015
128877  -11.111  -95.641  13.448 1.0000000000
128918  -27.134  -83.561  6.636 0.6000000238
128919  -16.218  -67.491  20.432 0.2000000030
128979  -25.023  -98.447  22.179 0.2000000030
128980  -8.090  -86.198  35.289 0.3000000119
129069  -10.340  -95.412  22.123 0.8999999762
129269  -6.512  -88.892  33.167 0.4000000060
129297  -7.658  -93.931  17.029 0.8999999762
129317  -17.342  -81.167  2.947 0.5000000000
129467  -23.085  -89.165  17.396 0.2000000030
129621  -20.969  -69.103  13.968 0.4000000060
129750  -8.999  -73.473  8.359 1.0000000000
129787  -21.697  -62.326  8.598 0.1000000015
129809  -18.077  -80.784  1.180 0.5000000000
129827  -22.029  -96.568  12.859 0.8000000119
129842  -12.589  -96.012  29.117 0.3000000119
129872  -21.264  -70.623  6.297 0.2000000030
129876  -9.278  -75.454  8.996 1.0000000000
129883  -12.336  -94.913  20.021 0.8999999762
129986  -18.678  -80.664  -0.387 0.6000000238
129999  -6.862  -87.025  35.257 0.3000000119
130091  -27.466  -93.158  14.399 0.5000000000
130147  -31.724  -82.780  3.075 0.1000000015
130164  -17.567  -83.414  4.289 0.6000000238
130180  -7.001  -81.380  17.889 0.1000000015
130206  -36.325  -93.532  9.035 0.5000000000
130215  -24.294  -95.578  6.347 0.2000000030
130233  -12.797  -88.773  -1.304 0.8999999762
130349  -15.656  -94.615  24.815 0.6000000238
130446  -11.579  -81.093  0.807 0.8000000119
130506  -30.537  -88.726  1.409 0.6000000238
130520  -8.131  -89.079  13.679 0.1000000015
130673  -25.567  -73.306  3.228 0.1000000015
130837  -15.464  -79.749  4.289 0.5000000000
130871  -16.498  -83.438  5.797 0.5000000000
130900  -7.227  -86.168  4.931 0.3000000119
130925  -18.085  -76.132  28.222 0.1000000015
130961  -9.332  -61.088  21.206 0.6999999881
131108  -21.593  -98.506  10.108 0.6999999881
131128  -27.824  -97.826  15.543 0.8000000119
131166  -7.360  -89.862  26.027 1.0000000000
131296  -14.527  -88.053  -4.660 0.6000000238
131309  -25.964  -92.065  0.682 0.4000000060
131315  -13.669  -59.925  18.262 0.6000000238
131364  -11.308  -94.917  13.817 1.0000000000
131375  -20.678  -78.750  4.979 0.2000000030
131437  -7.817  -82.606  15.939 0.1000000015
131620  -28.281  -85.651  21.825 0.1000000015
131648  -18.034  -98.064  20.338 0.5000000000
131686  -34.329  -95.652  11.168 0.4000000060
131839  -5.575  -77.936  27.784 0.8999999762
131942  -13.357  -62.714  14.106 0.4000000060
132218  -7.591  -93.775  8.826 0.1000000015
132236  -36.164  -90.896  18.060 0.4000000060
132256  -28.419  -64.302  21.844 0.1000000015
132260  -31.347  -97.526  14.556 0.6999999881
132400  -20.523  -98.291  22.521 0.3000000119
132404  -5.350  -68.917  20.154 0.6999999881
132456  -35.854  -93.825  15.095 0.5000000000
132498  -11.395  -76.914  9.919 1.0000000000
132569  -11.820  -96.082  31.865 0.3000000119
132674  -10.910  -95.739  12.026 0.6999999881
132753  -26.699  -82.338  -3.585 0.8999999762
132792  -15.362  -91.536  16.298 0.8000000119
132798  -15.180  -78.273  3.142 0.5000000000
132809  -10.405  -94.771  34.513 0.1000000015
132889  -9.556  -70.690  8.776 1.0000000000
132974  -31.778  -78.334  8.873 0.1000000015
133038  -15.555  -76.501  0.914 0.5000000000
133087  -8.406  -76.920  30.027 0.8999999762
133146  -13.655  -73.572  11.535 0.3000000119
133147  -30.675  -79.346  4.211 0.1000000015
133211  -14.476  -74.472  1.309 0.6000000238
133242  -12.719  -70.161  25.033 0.8000000119
133382  -22.747  -93.911  33.574 0.1000000015
133402  -20.658  -90.286  25.188 0.1000000015
133428  -11.469  -78.057  24.915 0.1000000015
133931  -30.319  -82.453  4.112 0.4000000060
134469  -19.570  -91.994  29.198 0.1000000015
134695  -8.312  -79.545  19.637 0.1000000015
134978  -39.152  -88.015  17.201 0.1000000015
135108  -10.166  -94.646  24.365 0.8000000119
135162  -20.214  -64.736  7.584 0.1000000015
135211  -13.933  -91.358  24.615 0.6000000238
135213  -5.800  -66.547  20.187 0.8999999762
135297  -16.622  -97.433  22.081 0.5000000000
135301  -19.151  -67.934  7.699 0.2000000030
135384  -13.146  -96.443  33.618 0.2000000030
135414  -6.918  -85.318  9.009 0.1000000015
135482  -8.366  -89.427  0.703 0.5000000000
135550  -14.627  -70.009  8.336 0.4000000060
135588  -10.280  -91.532  0.179 0.1000000015
135719  -15.401  -62.310  11.898 0.2000000030
135744  -22.265  -91.372  16.860 0.2000000030
135805  -39.115  -87.955  16.670 0.1000000015
135844  -11.412  -88.399  -0.243 0.8999999762
135941  -28.211  -85.878  21.005 0.1000000015
135961  -16.090  -83.100  -3.499 1.0000000000
136016  -35.494  -95.137  11.566 0.5000000000
136048  -28.870  -87.911  21.976 0.1000000015
136068  -14.066  -73.081  14.799 0.6999999881
136101  -7.650  -79.946  9.892 0.8000000119
136185  -6.883  -80.806  12.450 0.1000000015
136189  -8.746  -78.186  6.753 1.0000000000
136278  -27.106  -96.941  15.772 0.6999999881
136380  -8.049  -89.447  1.346 0.4000000060
136469  -12.109  -74.640  2.134 0.8000000119
136474  -26.763  -77.275  12.217 0.1000000015
136476  -28.887  -79.097  10.944 0.1000000015
136489  -12.223  -80.588  31.386 0.3000000119
136500  -27.150  -83.409  -3.262 0.8999999762
136740  -24.221  -74.906  0.971 0.2000000030
136760  -12.194  -82.406  -1.262 0.6999999881
136787  -35.409  -95.166  14.652 0.6999999881
136879  -17.671  -65.097  12.152 0.1000000015
136920  -5.651  -72.725  24.689 0.5000000000
137124  -32.725  -93.730  14.076 0.6999999881
137197  -12.971  -61.269  14.289 0.3000000119
137248  -11.847  -94.376  21.171 0.8999999762
137254  -15.920  -90.898  -2.938 0.2000000030
137256  -7.849  -78.746  4.255 0.8000000119
137270  -7.284  -76.525  27.765 1.0000000000
137375  -9.311  -71.964  11.704 0.8000000119
137397  -6.743  -81.159  2.579 0.6999999881
137437  -14.835  -96.932  11.960 0.6000000238
137447  -6.963  -82.309  -0.327 0.8000000119
137466  -8.277  -93.791  24.590 0.8000000119
137535  -21.052  -78.465  10.360 0.1000000015
137628  -19.286  -66.415  27.929 0.3000000119
137667  -34.141  -91.848  17.365 0.5000000000
137692  -16.987  -65.051  12.255 0.1000000015
137711  -5.644  -77.342  25.399 0.3000000119
137719  -9.164  -86.872  26.927 1.0000000000
137778  -28.300  -64.509  21.403 0.1000000015
137838  -27.487  -83.270  6.608 0.6000000238
137897  -6.953  -91.183  17.660 0.6000000238
137907  -29.131  -96.332  8.918 0.4000000060
137919  -15.177  -94.802  12.409 0.6999999881
137946  -33.923  -83.502  0.571 0.1000000015
137957  -14.456  -96.486  12.010 0.8000000119
138047  -30.855  -82.693  4.880 0.3000000119
138109  -37.688  -85.392  16.960 0.1000000015
138201  -27.381  -92.649  0.220 0.4000000060
138212  -24.611  -95.276  7.849 0.2000000030
138214  -13.059  -71.452  10.740 0.5000000000
138231  -9.781  -72.918  14.748 0.6999999881
138244  -33.438  -85.694  11.565 0.1000000015
138255  -26.885  -96.164  11.930 0.4000000060
138266  -12.047  -75.473  7.294 1.0000000000
138289  -10.129  -70.532  22.045 0.2000000030
138336  -7.025  -86.987  35.467 0.3000000119
138353  -30.960  -79.132  9.269 0.1000000015
138423  -17.547  -85.412  0.712 0.6000000238
138441  -8.891  -93.761  7.149 0.2000000030
138667  -6.535  -76.564  24.488 0.1000000015
138715  -31.708  -85.748  6.293 0.4000000060
138752  -9.283  -74.655  29.241 0.8999999762
138887  -12.745  -71.254  18.930 0.1000000015
138902  -16.119  -55.493  17.575 0.4000000060
138922  -20.296  -75.990  7.334 0.2000000030
138924  -10.681  -77.796  32.141 0.5000000000
138974  -13.224  -78.909  -0.991 0.6999999881
139034  -15.118  -95.034  28.953 0.4000000060
139038  -7.566  -87.117  7.848 0.1000000015
139083  -6.599  -82.062  12.618 0.1000000015
139176  -21.149  -94.336  26.039 0.2000000030
139212  -7.623  -92.922  34.440 0.1000000015
139341  -14.788  -79.418  2.467 0.5000000000
139367  -17.747  -97.840  20.751 0.5000000000
139396  -23.260  -64.959  11.766 0.1000000015
139412  -6.253  -64.857  20.696 0.8999999762
139441  -11.248  -72.327  28.585 0.6000000238
139463  -27.332  -62.992  6.054 0.1000000015
139487  -28.259  -84.418  0.195 0.6999999881
139496  -20.343  -96.090  15.043 0.3000000119
139540  -37.433  -87.701  7.517 0.2000000030
139616  -28.296  -79.494  9.092 0.1000000015
139718  -15.276  -92.845  9.711 0.8000000119
139727  -6.791  -93.546  11.599 0.2000000030
139995  -22.845  -73.679  1.025 0.2000000030
140045  -7.269  -78.659  16.875 0.3000000119
140095  -18.005  -61.300  10.730 0.1000000015
140160  -22.152  -98.752  22.203 0.3000000119
140211  -13.699  -66.277  14.884 0.6000000238
140249  -28.514  -74.822  7.026 0.1000000015
140250  -11.648  -95.854  19.231 0.8999999762
140277  -8.979  -87.374  29.891 0.8999999762
140327  -10.347  -74.733  30.455 0.6000000238
140450  -34.457  -89.443  10.115 0.2000000030
140492  -9.945  -95.869  10.770 0.6000000238
140501  -19.578  -95.073  38.857 0.1000000015
140520  -18.833  -79.584  1.825 0.5000000000
140532  -28.361  -85.015  21.862 0.1000000015
140608  -25.250  -61.687  11.981 0.1000000015
140621  -9.722  -71.407  7.118 1.0000000000
140652  -18.888  -69.046  14.561 0.4000000060
140700  -14.006  -72.316  10.266 0.4000000060
140738  -27.289  -84.545  5.118 0.5000000000
140922  -11.832  -74.452  14.280 0.6999999881
140940  -10.884  -87.828  -0.402 0.8999999762
140957  -15.307  -92.306  21.988 0.6000000238
141001  -17.307  -81.935  -4.588 0.8999999762
141082  -27.627  -91.997  14.225 0.4000000060
141231  -7.775  -82.350  25.129 0.2000000030
141232  -18.427  -70.992  11.861 0.3000000119
141253  -29.273  -97.101  16.043 0.6999999881
141257  -17.956  -62.844  18.303 0.3000000119
141261  -14.296  -78.714  -0.220 0.5000000000
141283  -34.542  -91.184  1.205 0.6999999881
141333  -11.920  -95.645  35.500 0.1000000015
141355  -28.111  -79.006  6.107 0.1000000015
141412  -31.153  -96.829  15.975 0.6999999881
141507  -36.689  -88.471  0.289 0.4000000060
141511  -11.488  -77.852  0.706 0.8000000119
141534  -12.631  -74.053  2.911 0.6999999881
141597  -16.926  -96.324  21.417 0.5000000000
141620  -30.832  -85.807  4.119 0.4000000060
141701  -22.152  -81.127  3.803 0.3000000119
141799  -14.979  -83.958  3.549 0.6999999881
141857  -6.609  -82.267  5.231 0.6999999881
141884  -30.730  -85.729  3.023 0.6000000238
141886  -14.205  -81.237  0.422 0.6999999881
141896  -39.903  -89.593  15.369 0.2000000030
141925  -10.798  -77.841  9.726 1.0000000000
142024  -22.934  -85.211  -1.686 0.4000000060
142039  -5.827  -68.161  15.511 0.8000000119
142120  -22.310  -93.812  9.723 0.6999999881
142167  -12.810  -91.689  21.631 0.8000000119
142171  -24.108  -96.328  7.038 0.5000000000
142197  -6.865  -84.392  8.899 0.1000000015
142286  -11.255  -88.108  -3.941 0.8000000119
142332  -8.920  -78.752  14.980 0.6999999881
