#!ascii label  , from subject sub-v1s8x0051332_ses-1 vox2ras=TkReg
6855
52033  -18.498  -28.319  89.206 0.1000000015
52042  -18.931  -28.119  87.264 0.1000000015
159930  -17.238  -27.680  89.715 0.1000000015
53913  -16.171  -27.164  88.126 0.1000000015
52926  -16.944  -27.409  87.764 0.1000000015
52933  -17.107  -27.141  86.876 0.1000000015
53930  -17.392  -26.873  86.055 0.1000000015
54928  -18.913  -25.619  84.161 0.1000000015
53965  -19.708  -25.781  83.639 0.1000000015
53954  -20.754  -25.571  84.564 0.1000000015
53966  -20.934  -26.105  83.743 0.1000000015
53967  -21.962  -26.649  83.791 0.1000000015
152687  -21.986  -26.086  84.770 0.1000000015
52955  -22.882  -26.714  84.446 0.1000000015
49495  -29.351  -31.861  77.635 0.2000000030
50363  -28.343  -31.123  78.405 0.2000000030
51253  -27.887  -30.525  79.119 0.2000000030
59779  -17.943  -20.710  91.572 0.2000000030
58797  -18.544  -21.281  91.316 0.3000000119
56876  -16.634  -23.699  90.509 0.1000000015
56877  -17.510  -23.415  90.359 0.1000000015
56873  -17.948  -22.840  90.828 0.2000000030
58798  -19.461  -21.037  91.121 0.3000000119
55863  -17.824  -23.774  89.641 0.1000000015
57841  -19.126  -21.846  90.894 0.3000000119
55870  -16.958  -24.235  89.218 0.1000000015
56878  -18.401  -23.209  90.138 0.1000000015
57848  -18.784  -22.541  90.526 0.2000000030
53919  -15.852  -26.394  87.938 0.1000000015
55885  -16.764  -24.640  88.368 0.1000000015
152694  -17.915  -24.103  88.708 0.1000000015
53928  -16.315  -25.880  87.356 0.2000000030
54880  -16.637  -25.111  87.724 0.2000000030
53929  -16.934  -26.104  86.500 0.1000000015
54893  -17.023  -25.084  87.105 0.2000000030
54927  -18.490  -25.672  84.676 0.1000000015
54906  -17.873  -25.122  85.795 0.1000000015
54919  -19.698  -25.271  84.619 0.1000000015
53955  -21.538  -25.491  85.366 0.3000000119
54920  -20.616  -25.114  85.373 0.1000000015
53957  -23.609  -25.902  85.462 0.1000000015
53956  -23.043  -26.173  85.133 0.1000000015
52946  -24.891  -26.281  85.577 0.1000000015
52957  -24.703  -26.701  84.892 0.1000000015
52054  -25.553  -26.809  85.257 0.1000000015
49526  -29.510  -32.225  76.288 0.2000000030
49508  -28.315  -31.535  76.492 0.2000000030
49525  -28.855  -31.868  76.150 0.2000000030
49509  -29.005  -31.804  76.938 0.2000000030
50374  -28.101  -31.010  77.651 0.2000000030
50390  -28.399  -31.358  77.135 0.2000000030
50375  -28.758  -31.456  77.701 0.2000000030
51262  -27.735  -30.551  78.221 0.1000000015
168085  -21.978  -19.379  90.371 0.3000000119
57849  -19.674  -22.358  90.347 0.3000000119
58800  -20.789  -20.606  91.046 0.3000000119
149221  -21.356  -19.970  90.928 0.3000000119
56879  -19.341  -23.035  89.963 0.2000000030
56880  -20.277  -22.846  89.830 0.2000000030
57850  -20.574  -22.174  90.260 0.3000000119
169982  -22.222  -20.248  90.528 0.3000000119
56890  -18.825  -23.462  89.222 0.2000000030
159083  -22.517  -21.933  90.133 0.3000000119
58809  -22.689  -21.020  90.339 0.3000000119
55902  -17.436  -24.470  87.811 0.2000000030
178580  -18.822  -23.840  88.492 0.2000000030
56891  -19.923  -23.271  89.258 0.2000000030
56882  -22.063  -22.579  89.654 0.3000000119
55903  -17.956  -24.375  87.111 0.2000000030
55888  -20.160  -24.018  87.852 0.2000000030
55873  -21.572  -23.640  88.617 0.2000000030
56894  -22.630  -23.122  89.230 0.3000000119
54894  -17.468  -24.999  86.418 0.2000000030
55913  -19.457  -24.401  86.240 0.2000000030
55889  -21.258  -24.018  87.994 0.2000000030
55891  -23.217  -24.048  88.184 0.3000000119
55892  -24.002  -24.132  88.410 0.3000000119
54895  -21.232  -24.628  86.817 0.3000000119
54881  -22.770  -24.650  87.284 0.3000000119
54897  -22.240  -24.933  86.713 0.3000000119
53932  -24.122  -25.281  86.648 0.3000000119
53944  -22.678  -25.539  85.817 0.3000000119
53945  -23.810  -25.564  86.040 0.3000000119
53921  -24.365  -25.013  87.244 0.3000000119
52945  -24.325  -26.032  85.483 0.1000000015
52935  -25.029  -26.041  86.040 0.2000000030
52947  -25.280  -26.437  85.666 0.1000000015
52948  -25.909  -26.390  86.092 0.3000000119
52958  -26.362  -27.079  85.057 0.2000000030
52968  -27.179  -26.808  84.393 0.3000000119
162302  -27.378  -27.453  83.747 0.2000000030
155105  -27.620  -27.837  82.366 0.1000000015
52100  -27.282  -28.744  80.683 0.1000000015
51252  -27.310  -29.966  78.715 0.1000000015
50373  -27.507  -30.646  77.549 0.2000000030
50389  -27.740  -30.975  76.878 0.2000000030
148318  -23.831  -18.869  89.502 0.3000000119
148409  -22.858  -20.349  90.347 0.3000000119
170456  -23.601  -19.296  89.969 0.3000000119
151724  -23.380  -21.619  90.113 0.3000000119
150433  -24.024  -21.284  89.925 0.3000000119
172869  -24.055  -20.288  89.919 0.3000000119
59865  -37.018  -20.530  81.170 0.6000000238
59875  -37.427  -20.585  80.585 0.5000000000
59885  -37.683  -21.344  80.182 0.4000000060
55875  -23.320  -23.619  88.857 0.3000000119
56895  -23.367  -22.997  89.350 0.3000000119
57863  -23.915  -22.736  89.461 0.3000000119
58895  -37.474  -21.293  80.829 0.8000000119
58905  -38.222  -22.077  79.751 0.4000000060
55876  -24.175  -23.438  89.081 0.3000000119
57914  -35.590  -21.992  81.331 0.8999999762
58874  -36.423  -21.679  81.326 0.8000000119
57926  -37.396  -22.132  81.078 0.8000000119
58885  -37.614  -21.857  80.922 0.6000000238
58896  -37.898  -21.954  80.632 0.4000000060
163181  -23.832  -24.582  87.801 0.3000000119
54883  -24.533  -24.714  87.893 0.4000000060
55893  -24.836  -24.113  88.519 0.3000000119
165695  -36.509  -22.623  81.001 0.8000000119
57916  -36.800  -22.158  81.159 0.8000000119
57927  -37.924  -22.378  81.007 0.6999999881
54884  -25.173  -24.793  87.838 0.4000000060
54885  -25.714  -24.774  87.591 0.4000000060
56942  -35.334  -22.637  80.897 0.8999999762
56944  -36.532  -23.392  80.886 0.8999999762
55947  -37.503  -23.698  81.089 0.8000000119
56955  -38.141  -23.110  81.042 0.8000000119
53933  -24.858  -25.607  86.631 0.3000000119
53934  -25.371  -25.662  86.768 0.3000000119
54899  -25.861  -25.279  87.025 0.4000000060
55934  -34.957  -24.218  81.015 0.8999999762
56943  -35.740  -23.437  80.762 0.8999999762
55937  -36.850  -24.341  80.940 0.8999999762
53935  -25.772  -26.035  86.390 0.3000000119
54911  -26.617  -25.798  86.026 0.4000000060
54938  -35.060  -24.929  81.103 0.8999999762
54940  -36.279  -24.853  80.899 0.8999999762
179579  -36.371  -25.570  80.982 0.8999999762
53958  -26.994  -26.506  84.897 0.3000000119
53968  -26.979  -26.150  84.804 0.3000000119
54939  -35.721  -25.289  81.005 0.8999999762
53983  -35.939  -26.142  80.992 0.8999999762
52996  -37.228  -26.700  80.614 0.8999999762
147437  -27.217  -26.862  83.408 0.3000000119
52993  -34.964  -26.978  80.805 0.8999999762
53007  -36.290  -27.485  80.527 0.8999999762
53008  -36.979  -27.344  80.367 1.0000000000
147434  -27.147  -27.160  81.771 0.1000000015
53006  -35.496  -27.596  80.466 1.0000000000
52102  -36.100  -28.210  80.206 1.0000000000
177424  -37.431  -28.728  79.472 1.0000000000
53001  -27.003  -27.701  80.956 0.2000000030
52101  -35.211  -28.306  79.883 1.0000000000
51247  -36.876  -29.201  79.208 1.0000000000
51248  -37.753  -29.130  78.994 1.0000000000
52118  -26.967  -29.224  79.216 0.1000000015
48689  -29.995  -33.369  74.793 0.2000000030
51246  -36.063  -29.288  78.980 1.0000000000
51254  -36.707  -29.533  78.468 1.0000000000
50366  -37.264  -30.018  77.984 1.0000000000
51261  -27.130  -30.083  77.886 0.1000000015
50403  -27.647  -31.272  76.049 0.2000000030
48679  -29.357  -32.944  74.696 0.2000000030
184176  -29.935  -32.894  75.585 0.2000000030
50376  -36.071  -29.402  78.278 1.0000000000
50393  -37.076  -30.017  77.160 1.0000000000
49524  -28.235  -31.764  75.743 0.2000000030
49544  -28.968  -32.259  75.395 0.2000000030
50392  -36.257  -29.641  76.958 1.0000000000
51281  -36.889  -29.868  76.188 1.0000000000
173045  -23.213  -18.657  89.275 0.4000000060
172867  -24.589  -18.873  89.158 0.4000000060
63092  -35.245  -17.775  81.103 0.4000000060
168084  -25.133  -19.553  89.155 0.5000000000
61998  -35.326  -19.042  81.544 0.5000000000
172967  -24.924  -21.693  89.356 0.4000000060
167822  -24.842  -20.316  89.417 0.5000000000
60900  -36.186  -19.354  81.446 0.5000000000
60901  -36.755  -19.613  81.177 0.5000000000
60928  -37.332  -19.911  80.163 0.3000000119
172499  -25.180  -21.104  89.161 0.5000000000
177798  -35.604  -20.185  82.022 0.6999999881
59864  -36.220  -20.117  81.651 0.6999999881
59884  -37.534  -20.695  79.718 0.3000000119
177142  -37.867  -21.382  79.438 0.3000000119
57968  -39.664  -23.371  78.112 0.4000000060
56896  -24.995  -23.297  89.068 0.3000000119
57865  -25.079  -22.549  89.213 0.4000000060
59855  -35.813  -20.865  81.978 0.6999999881
58873  -35.936  -21.551  81.697 0.8000000119
58915  -38.216  -21.908  78.682 0.4000000060
158885  -25.345  -23.600  88.540 0.4000000060
56905  -25.869  -23.462  88.162 0.4000000060
57912  -34.511  -22.196  81.465 0.8000000119
57913  -35.138  -22.052  81.441 0.8000000119
57939  -38.396  -22.704  80.404 0.5000000000
57952  -38.858  -22.837  79.679 0.5000000000
180049  -26.043  -24.040  87.677 0.4000000060
157292  -34.821  -22.842  81.099 0.8000000119
55948  -38.281  -23.934  80.985 0.8000000119
57940  -39.245  -23.182  80.063 0.6000000238
54910  -26.081  -25.755  86.505 0.4000000060
55906  -26.093  -24.605  87.069 0.4000000060
150784  -26.277  -24.452  86.362 0.4000000060
55946  -34.348  -24.602  81.302 0.8999999762
54951  -37.112  -25.306  81.075 0.8999999762
157118  -37.728  -24.576  81.120 0.8999999762
55957  -38.884  -24.221  80.572 0.8999999762
55958  -39.506  -24.462  80.193 0.8999999762
55915  -26.658  -25.173  85.852 0.4000000060
169487  -26.337  -24.384  85.661 0.4000000060
54949  -34.543  -25.391  81.230 0.8999999762
53992  -36.827  -26.138  80.954 0.8999999762
53994  -38.330  -26.018  80.470 1.0000000000
54961  -38.839  -25.169  80.478 0.8999999762
53969  -27.026  -26.598  84.081 0.3000000119
167714  -26.872  -25.726  84.311 0.3000000119
53991  -34.369  -26.234  81.057 0.8999999762
179662  -37.501  -27.180  80.191 1.0000000000
155433  -38.625  -26.717  80.028 1.0000000000
147438  -26.964  -26.428  82.240 0.4000000060
53005  -34.679  -27.554  80.307 0.8999999762
52105  -38.440  -27.964  79.309 1.0000000000
54002  -26.675  -26.912  81.094 0.3000000119
53016  -34.105  -28.009  79.727 0.8999999762
51256  -38.091  -29.444  78.469 1.0000000000
51239  -38.085  -28.549  79.173 1.0000000000
52107  -26.470  -28.409  79.475 0.2000000030
52121  -34.500  -28.665  78.254 1.0000000000
51260  -26.313  -29.791  77.593 0.1000000015
51279  -35.121  -28.820  76.146 1.0000000000
156795  -34.795  -28.859  76.955 1.0000000000
50391  -35.755  -29.364  77.653 1.0000000000
50367  -37.949  -30.024  78.063 1.0000000000
50402  -26.836  -30.983  75.455 0.2000000030
48688  -28.547  -32.569  74.427 0.2000000030
47643  -29.340  -33.861  73.059 0.2000000030
51280  -35.861  -29.054  75.446 1.0000000000
50378  -37.804  -30.146  77.391 1.0000000000
49562  -27.770  -32.212  73.967 0.2000000030
48698  -28.255  -32.771  73.537 0.2000000030
52171  -35.340  -27.988  74.627 1.0000000000
51287  -35.991  -28.572  74.623 1.0000000000
48697  -27.542  -32.578  72.741 0.2000000030
47642  -28.455  -33.388  72.535 0.2000000030
155438  -35.704  -27.932  74.013 1.0000000000
52184  -36.453  -28.367  73.806 1.0000000000
51288  -36.728  -28.943  74.247 1.0000000000
50413  -37.070  -29.783  75.260 1.0000000000
52183  -36.054  -27.802  73.367 1.0000000000
156151  -36.712  -28.117  72.989 1.0000000000
183101  -37.277  -29.008  73.464 1.0000000000
53095  -36.426  -27.235  71.468 0.8999999762
52193  -36.868  -27.914  72.090 1.0000000000
53099  -35.853  -26.657  70.600 0.8999999762
53100  -36.810  -27.370  70.546 0.8999999762
182708  -36.464  -27.033  69.917 0.8999999762
52209  -37.085  -27.555  69.665 0.8000000119
52228  -30.793  -27.930  67.319 0.3000000119
53106  -36.604  -27.040  69.136 0.8000000119
168026  -25.292  -18.920  88.725 0.5000000000
62012  -34.856  -18.375  81.363 0.5000000000
172496  -25.761  -19.625  88.560 0.5000000000
159827  -33.968  -18.284  81.333 0.5000000000
149466  -26.105  -20.509  88.329 0.5000000000
60891  -34.159  -19.855  81.535 0.5000000000
157615  -36.444  -18.813  81.054 0.6000000238
62031  -37.082  -19.258  80.679 0.4000000060
169404  -25.961  -21.968  88.390 0.5000000000
181469  -26.230  -21.291  88.178 0.5000000000
172870  -25.487  -20.374  88.908 0.5000000000
62030  -36.747  -18.577  80.347 0.3000000119
62043  -37.157  -19.162  79.780 0.3000000119
169507  -26.402  -21.853  87.751 0.6999999881
148978  -26.823  -21.698  87.148 0.4000000060
58870  -34.165  -21.419  81.528 0.6999999881
58871  -34.900  -21.462  81.880 0.8000000119
60954  -37.358  -19.782  78.113 0.3000000119
160908  -37.560  -20.516  78.322 0.3000000119
57967  -38.832  -22.801  78.109 0.2000000030
57981  -40.457  -22.907  77.413 0.4000000060
181944  -26.173  -23.290  87.625 0.4000000060
169461  -26.440  -22.587  87.209 0.4000000060
62054  -37.090  -18.972  77.868 0.3000000119
59909  -37.523  -20.626  77.564 0.3000000119
58927  -37.907  -21.621  77.117 0.2000000030
165126  -39.140  -22.993  78.890 0.4000000060
57953  -39.763  -23.459  79.317 0.5000000000
57969  -40.864  -23.723  77.948 0.6000000238
169596  -26.280  -23.624  86.147 0.4000000060
148674  -26.419  -22.830  85.853 0.5000000000
56953  -33.186  -23.788  81.279 0.8000000119
59922  -37.407  -20.860  76.692 0.2000000030
56965  -39.411  -23.704  80.189 0.8000000119
56966  -39.913  -23.547  79.760 0.8000000119
57954  -40.846  -23.569  79.159 0.8000000119
158094  -41.452  -23.452  78.749 0.8000000119
147441  -26.218  -24.195  84.921 0.4000000060
55945  -33.466  -24.579  81.235 0.8000000119
55959  -40.134  -24.575  79.781 0.8000000119
56977  -40.379  -23.891  79.468 0.8000000119
56978  -41.070  -23.769  79.227 0.8000000119
150659  -26.376  -24.821  84.290 0.4000000060
54960  -33.400  -25.954  80.786 0.8999999762
54007  -39.129  -26.040  80.131 1.0000000000
54008  -39.725  -26.051  79.706 0.8000000119
54971  -40.352  -25.502  79.447 0.8000000119
151323  -26.883  -26.136  82.962 0.4000000060
54004  -32.955  -26.459  80.182 0.8999999762
53009  -38.881  -27.337  79.417 1.0000000000
54017  -39.337  -26.671  79.569 1.0000000000
54018  -40.132  -26.509  79.353 1.0000000000
53015  -33.345  -27.796  79.168 0.8999999762
51240  -38.907  -28.585  78.857 1.0000000000
52113  -39.341  -28.050  79.053 1.0000000000
53012  -26.051  -27.595  79.714 0.4000000060
52120  -33.789  -28.261  78.060 0.8999999762
52109  -33.954  -28.246  78.843 0.8999999762
50368  -38.748  -29.594  78.044 1.0000000000
52117  -26.207  -28.782  78.739 0.1000000015
52131  -33.588  -28.136  77.277 0.8999999762
51278  -25.665  -29.995  76.097 0.1000000015
175601  -33.683  -28.029  75.959 1.0000000000
52132  -34.308  -28.537  77.455 0.8999999762
51263  -34.955  -29.100  77.627 0.8999999762
50379  -38.466  -30.127  77.450 1.0000000000
50401  -25.721  -30.345  75.264 0.1000000015
46634  -30.797  -34.920  73.527 0.2000000030
52157  -34.437  -28.132  75.690 1.0000000000
50405  -38.488  -30.354  75.768 1.0000000000
49543  -27.110  -31.610  74.529 0.2000000030
46640  -29.882  -34.551  72.415 0.2000000030
45666  -31.859  -35.701  71.361 0.2000000030
52170  -34.639  -27.746  74.912 1.0000000000
52158  -35.267  -28.341  75.277 1.0000000000
50404  -37.680  -30.118  75.590 1.0000000000
49584  -26.743  -32.073  72.388 0.2000000030
47656  -29.173  -34.158  71.837 0.2000000030
53079  -35.412  -27.265  73.468 1.0000000000
51289  -37.329  -29.491  74.410 1.0000000000
50414  -37.649  -30.014  74.867 1.0000000000
47669  -28.511  -33.721  71.083 0.2000000030
53086  -34.962  -26.662  72.821 0.8999999762
181530  -37.714  -29.562  73.832 1.0000000000
53087  -35.938  -27.264  72.537 0.8999999762
178687  -37.813  -29.168  72.692 1.0000000000
54076  -34.445  -26.080  71.982 0.8999999762
53094  -35.505  -26.597  71.663 0.8999999762
52200  -37.495  -28.370  71.773 0.8999999762
161512  -37.881  -28.976  71.943 1.0000000000
54082  -33.314  -25.473  71.052 0.8000000119
54083  -34.650  -26.030  70.916 0.8000000119
54087  -34.822  -26.072  69.929 0.8000000119
52199  -37.165  -27.952  71.203 1.0000000000
51349  -31.854  -29.839  68.447 0.3000000119
54089  -32.299  -25.392  69.177 0.6000000238
54086  -33.545  -25.509  70.087 0.8000000119
53105  -35.838  -26.543  69.566 0.8000000119
52221  -31.442  -29.321  68.109 0.3000000119
53110  -31.857  -25.873  67.758 0.5000000000
54098  -32.499  -25.640  68.354 0.6000000238
54099  -34.112  -25.808  68.386 0.6999999881
54091  -35.005  -26.104  69.017 0.8000000119
53112  -35.955  -26.569  68.662 0.8000000119
52229  -31.160  -29.066  67.773 0.3000000119
52220  -30.954  -27.686  67.669 0.3000000119
54107  -33.167  -25.730  67.664 0.6000000238
54108  -34.517  -25.958  67.600 0.6000000238
53118  -36.080  -26.624  67.767 0.6999999881
53113  -36.685  -27.109  68.224 0.8000000119
52215  -37.231  -27.679  68.726 0.8999999762
53125  -31.122  -26.518  66.765 0.4000000060
163661  -34.022  -25.775  66.950 0.5000000000
54118  -35.554  -26.522  66.379 0.5000000000
160201  -36.093  -26.739  66.988 0.6000000238
53119  -36.634  -27.246  67.285 0.8999999762
55043  -32.740  -25.601  65.653 0.4000000060
54129  -33.486  -25.675  65.289 0.4000000060
54130  -34.376  -26.093  65.231 0.4000000060
54131  -35.139  -26.496  65.622 0.4000000060
53126  -36.378  -27.423  66.247 0.5000000000
54144  -33.637  -25.915  64.534 0.4000000060
167167  -34.451  -26.631  64.152 0.5000000000
53135  -35.766  -27.149  65.459 0.5000000000
63091  -34.361  -17.631  81.203 0.3000000119
64111  -34.762  -17.034  80.974 0.3000000119
60865  -26.993  -19.194  87.286 0.6000000238
169418  -27.154  -20.005  87.188 0.6999999881
60899  -33.575  -19.003  81.281 0.5000000000
180397  -35.502  -18.471  81.308 0.4000000060
148958  -26.691  -20.878  87.615 0.6999999881
153681  -32.406  -19.600  80.252 0.6000000238
154459  -33.130  -19.872  81.178 0.5000000000
176553  -36.328  -18.151  80.731 0.2000000030
173662  -26.857  -22.062  86.401 0.6000000238
59863  -32.697  -20.441  80.701 0.6999999881
59852  -33.776  -20.646  81.439 0.6999999881
62042  -36.841  -18.414  79.431 0.2000000030
58929  -40.831  -21.801  77.005 0.4000000060
58930  -41.620  -22.106  77.904 0.5000000000
58842  -27.371  -21.227  85.709 0.6999999881
158609  -32.421  -21.058  80.352 0.8000000119
160040  -32.695  -21.873  80.934 0.8000000119
62047  -36.801  -18.313  78.494 0.3000000119
58928  -38.356  -22.268  77.598 0.2000000030
57979  -38.891  -22.824  77.081 0.2000000030
57980  -39.486  -22.978  77.372 0.3000000119
175521  -42.049  -21.634  78.185 0.6000000238
56922  -26.292  -22.823  85.128 0.4000000060
57938  -32.256  -22.682  80.446 0.8000000119
162286  -32.942  -22.895  81.217 0.8000000119
60966  -37.170  -19.753  77.163 0.3000000119
153088  -41.755  -22.823  78.335 0.8000000119
57970  -42.361  -22.254  78.122 0.8000000119
147443  -26.122  -23.417  84.812 0.4000000060
57894  -26.168  -22.860  84.438 0.5000000000
56962  -31.745  -23.372  80.050 0.8000000119
55956  -32.708  -24.467  80.939 0.8000000119
56928  -26.013  -23.745  84.129 0.4000000060
180911  -31.429  -24.822  79.651 0.8999999762
177548  -32.466  -25.016  80.479 0.8000000119
55967  -40.729  -24.504  79.383 0.8000000119
55968  -41.324  -24.394  79.123 0.8999999762
56989  -41.672  -23.950  78.805 0.8999999762
54937  -26.281  -25.211  82.815 0.4000000060
55929  -26.038  -24.523  83.470 0.4000000060
54970  -31.240  -25.476  79.365 0.8999999762
54003  -32.236  -26.152  79.844 0.8999999762
54019  -41.027  -26.234  79.076 0.8999999762
54979  -41.659  -25.620  78.652 0.8999999762
54946  -26.528  -25.825  82.309 0.4000000060
54015  -31.869  -26.500  79.257 0.8999999762
52114  -40.246  -28.052  78.784 1.0000000000
53017  -39.769  -27.342  79.237 1.0000000000
54013  -25.623  -26.729  80.003 0.4000000060
54001  -26.030  -26.404  80.775 0.5000000000
184570  -32.794  -27.329  79.243 0.8999999762
50360  -39.290  -29.101  78.429 1.0000000000
181926  -25.079  -27.823  78.624 0.4000000060
52119  -32.275  -27.660  77.750 0.8999999762
157904  -40.161  -29.971  77.313 1.0000000000
50369  -39.655  -29.501  77.809 1.0000000000
52116  -25.395  -28.464  78.395 0.1000000015
52130  -32.762  -27.885  77.139 0.8999999762
160806  -33.088  -27.897  77.886 0.8999999762
50395  -39.855  -30.443  76.546 1.0000000000
51268  -25.240  -29.541  76.517 0.1000000015
52144  -33.266  -28.015  76.526 0.8999999762
52145  -34.221  -28.290  76.587 0.8999999762
50394  -38.790  -30.366  76.672 1.0000000000
50380  -39.294  -30.086  77.348 1.0000000000
46672  -32.572  -35.356  70.976 0.2000000030
52169  -33.651  -27.510  75.226 0.8999999762
49527  -38.998  -30.648  75.059 1.0000000000
49542  -26.473  -31.409  73.763 0.2000000030
46653  -30.941  -35.252  71.246 0.2000000030
46671  -31.736  -34.987  70.762 0.2000000030
53065  -34.052  -27.113  74.363 1.0000000000
49546  -39.431  -30.981  74.237 1.0000000000
180537  -38.738  -30.468  74.389 1.0000000000
48710  -26.989  -32.437  71.479 0.2000000030
46651  -29.767  -34.583  71.445 0.2000000030
154213  -30.934  -34.558  70.658 0.2000000030
49545  -38.887  -30.440  73.543 1.0000000000
50428  -38.050  -30.077  74.156 1.0000000000
48711  -27.723  -33.116  71.444 0.2000000030
47670  -29.425  -34.175  70.722 0.2000000030
53078  -34.491  -26.805  73.600 0.8999999762
50444  -38.105  -29.760  73.219 1.0000000000
54064  -33.880  -26.160  72.857 0.8999999762
51322  -38.463  -29.396  71.407 1.0000000000
51309  -38.365  -29.559  72.287 1.0000000000
52203  -32.159  -30.114  69.654 0.3000000119
54085  -32.018  -25.218  70.110 0.8000000119
54075  -33.034  -25.524  72.013 0.8999999762
51321  -37.907  -28.669  71.022 0.8999999762
52214  -31.292  -28.350  68.365 0.3000000119
52210  -37.695  -28.227  69.321 1.0000000000
51330  -38.050  -28.793  69.972 1.0000000000
53111  -31.115  -26.741  68.164 0.4000000060
53104  -30.978  -26.538  68.480 0.6000000238
52216  -37.800  -28.520  68.245 0.8999999762
157028  -31.181  -28.206  67.972 0.3000000119
181927  -31.166  -26.792  67.606 0.3000000119
52230  -37.025  -28.090  66.748 0.8999999762
53134  -35.180  -26.898  64.793 0.5000000000
63056  -27.894  -17.856  84.905 0.6000000238
63100  -32.462  -17.396  80.696 0.4000000060
63089  -32.864  -16.875  80.909 0.2000000030
63090  -33.503  -17.525  81.120 0.3000000119
178043  -32.972  -17.461  81.038 0.5000000000
155759  -33.795  -16.826  80.993 0.2000000030
61961  -27.460  -18.484  86.174 0.6999999881
62011  -33.029  -18.059  81.067 0.4000000060
181345  -27.791  -20.413  85.638 0.6999999881
59823  -27.438  -20.128  86.547 0.6999999881
60912  -31.816  -18.783  79.694 0.6000000238
60898  -32.659  -18.866  80.674 0.6000000238
181878  -35.307  -17.251  80.787 0.2000000030
63101  -35.861  -17.536  80.591 0.3000000119
59833  -27.546  -20.525  86.142 0.6999999881
59882  -31.857  -19.939  78.846 0.6999999881
64123  -35.547  -16.500  79.344 0.2000000030
63102  -36.411  -17.880  80.014 0.2000000030
58893  -31.966  -20.830  79.410 0.6999999881
63112  -36.319  -17.613  78.203 0.2000000030
59911  -41.623  -21.110  77.460 0.4000000060
58916  -41.956  -20.902  78.129 0.5000000000
166234  -26.578  -22.320  84.755 0.6000000238
58851  -27.224  -21.618  84.657 0.6000000238
58904  -31.686  -20.574  78.373 0.8000000119
162072  -31.724  -21.460  78.946 0.8000000119
62075  -35.214  -18.479  75.198 0.2000000030
63126  -35.649  -17.807  76.530 0.2000000030
62061  -36.226  -18.487  76.737 0.2000000030
58940  -38.439  -22.566  76.628 0.2000000030
57993  -38.998  -23.070  76.117 0.2000000030
57995  -39.989  -22.582  76.854 0.4000000060
183325  -42.440  -21.486  78.050 0.6000000238
57901  -26.091  -22.843  83.654 0.5000000000
57966  -31.197  -22.070  78.693 0.8000000119
57937  -31.700  -22.409  79.604 0.8000000119
154305  -36.160  -18.980  76.069 0.2000000030
60976  -36.328  -19.666  75.802 0.2000000030
59938  -37.247  -21.181  75.825 0.2000000030
58939  -37.806  -21.997  76.239 0.2000000030
57992  -38.447  -22.797  75.707 0.2000000030
58007  -38.948  -23.193  75.140 0.2000000030
56934  -25.757  -23.574  83.196 0.4000000060
57951  -30.624  -22.747  78.430 0.8000000119
56976  -31.100  -23.045  79.330 0.8000000119
59951  -36.314  -20.840  74.597 0.2000000030
58950  -37.039  -21.496  74.964 0.2000000030
58961  -37.520  -22.496  74.438 0.1000000015
58017  -38.151  -23.040  73.815 0.2000000030
160472  -42.155  -23.289  78.352 0.8000000119
177342  -30.128  -23.351  78.300 0.8000000119
56975  -30.586  -23.689  78.970 0.8000000119
59959  -36.088  -21.194  73.712 0.2000000030
58960  -36.778  -21.806  74.080 0.1000000015
55977  -41.719  -24.802  78.746 0.8999999762
55978  -42.281  -24.362  78.337 0.8999999762
55979  -42.971  -24.508  77.843 0.8999999762
162125  -42.971  -22.818  77.836 0.8999999762
55933  -25.626  -24.327  82.621 0.5000000000
55944  -25.282  -24.131  81.680 0.5000000000
55976  -29.978  -24.165  78.581 0.8000000119
55965  -30.722  -24.741  79.092 0.8999999762
53018  -40.625  -27.158  79.020 1.0000000000
53019  -41.172  -26.917  78.600 1.0000000000
54026  -41.650  -26.397  78.450 0.8999999762
54981  -42.626  -25.227  78.073 0.8999999762
55987  -43.395  -24.681  77.302 0.8999999762
53989  -25.574  -25.559  81.152 0.6000000238
54033  -29.696  -26.417  77.857 0.8999999762
54025  -31.396  -26.804  78.695 0.8999999762
52115  -40.854  -28.456  78.314 1.0000000000
53026  -41.668  -27.189  78.257 1.0000000000
162745  -42.310  -26.657  78.109 1.0000000000
54028  -42.787  -26.025  77.847 1.0000000000
53023  -30.962  -27.100  78.101 0.8999999762
53014  -32.123  -27.129  79.005 0.8999999762
50361  -39.916  -29.037  78.001 1.0000000000
51257  -40.548  -29.149  78.184 1.0000000000
52123  -41.626  -28.070  78.131 1.0000000000
53011  -25.200  -27.133  79.142 0.4000000060
53024  -31.791  -27.288  78.311 0.8999999762
177994  -40.670  -30.210  76.775 1.0000000000
50370  -40.420  -29.762  77.966 1.0000000000
53021  -24.729  -28.046  78.034 0.2000000030
52143  -32.453  -27.720  76.438 0.8999999762
52129  -31.949  -27.677  77.002 0.8999999762
52138  -24.914  -28.894  76.902 0.2000000030
52156  -32.151  -27.434  75.756 0.8999999762
52142  -31.659  -27.533  76.291 0.8999999762
50406  -39.300  -30.712  75.855 1.0000000000
51277  -25.034  -29.642  75.687 0.1000000015
53053  -32.639  -27.246  75.158 1.0000000000
152974  -32.970  -27.682  75.856 0.8999999762
49512  -40.033  -31.053  75.880 1.0000000000
50410  -25.339  -30.351  74.036 0.2000000030
183721  -39.939  -31.169  73.822 1.0000000000
49528  -39.771  -31.042  75.137 1.0000000000
50421  -25.493  -31.132  71.979 0.1000000015
48721  -27.324  -32.727  70.663 0.2000000030
48732  -27.431  -32.454  69.949 0.2000000030
53064  -33.037  -26.838  74.463 1.0000000000
175132  -39.718  -30.988  72.555 1.0000000000
49568  -39.307  -30.661  72.845 1.0000000000
48722  -27.934  -33.167  70.369 0.2000000030
47684  -28.772  -33.475  70.153 0.2000000030
48723  -29.738  -32.779  70.042 0.2000000030
53077  -33.425  -26.409  73.686 1.0000000000
50446  -39.396  -30.581  72.150 1.0000000000
50445  -38.841  -30.159  72.639 1.0000000000
53085  -30.346  -27.279  71.544 0.8000000119
50465  -38.900  -30.049  71.778 1.0000000000
51308  -32.030  -30.431  70.982 0.3000000119
50478  -38.921  -30.019  70.887 1.0000000000
164395  -32.399  -30.459  70.330 0.3000000119
53097  -30.723  -25.923  70.213 0.6999999881
54081  -31.905  -25.287  71.079 0.8999999762
51340  -38.603  -29.464  69.569 0.8999999762
51331  -38.540  -29.339  70.492 1.0000000000
52208  -32.024  -29.880  69.004 0.3000000119
52207  -31.312  -28.582  69.038 0.3000000119
53103  -31.003  -25.659  69.290 0.6000000238
51351  -38.210  -29.270  68.251 0.8999999762
51365  -37.580  -28.677  67.196 0.8999999762
178677  -36.860  -28.359  65.851 0.5000000000
63088  -31.910  -16.746  80.645 0.4000000060
63065  -28.358  -17.852  84.176 0.6000000238
179511  -28.226  -18.894  85.190 0.6999999881
60878  -28.543  -19.091  84.470 0.6000000238
62028  -31.323  -18.014  79.790 0.5000000000
65151  -33.017  -16.271  80.695 0.2000000030
59834  -28.134  -19.726  85.243 0.6999999881
60884  -28.748  -19.471  83.690 0.6000000238
62041  -31.075  -18.591  79.151 0.6000000238
176404  -33.698  -16.223  80.528 0.2000000030
59845  -28.341  -20.264  83.400 0.8000000119
180626  -30.843  -19.305  78.490 0.6999999881
60927  -31.450  -19.215  78.780 0.6000000238
64122  -34.915  -16.000  79.743 0.2000000030
64116  -34.431  -16.431  80.455 0.2000000030
58852  -27.962  -20.973  84.034 0.6999999881
58861  -28.003  -21.083  83.095 0.8000000119
59894  -31.377  -19.815  78.130 0.6999999881
65170  -35.082  -15.948  78.853 0.2000000030
59910  -41.166  -20.623  76.882 0.3000000119
59896  -41.835  -20.067  77.755 0.3000000119
58860  -27.287  -21.614  83.631 0.6999999881
59908  -30.191  -20.845  77.132 0.8000000119
179170  -31.300  -20.477  77.776 0.8000000119
158638  -35.170  -16.696  77.376 0.2000000030
64124  -36.118  -16.912  78.815 0.2000000030
59940  -39.836  -21.808  75.676 0.1000000015
58941  -40.149  -22.038  76.406 0.3000000119
58917  -42.241  -20.851  78.083 0.5000000000
57895  -26.633  -22.229  84.061 0.5000000000
57902  -26.661  -22.191  83.199 0.6999999881
57911  -26.749  -22.194  82.307 0.6999999881
58926  -30.224  -21.580  77.024 0.8000000119
58912  -30.880  -20.950  77.382 0.8000000119
64158  -34.819  -17.168  76.084 0.2000000030
64131  -35.780  -16.905  77.888 0.2000000030
58019  -39.204  -22.948  74.627 0.1000000015
58008  -39.365  -22.848  75.396 0.2000000030
57994  -39.585  -22.655  76.203 0.2000000030
59898  -42.570  -20.213  77.982 0.5000000000
57978  -29.533  -22.129  76.572 0.8000000119
57965  -30.801  -21.793  77.682 0.8000000119
62086  -34.651  -18.502  74.485 0.2000000030
60985  -35.231  -19.327  74.599 0.2000000030
60975  -35.751  -19.137  75.448 0.2000000030
58027  -37.985  -23.113  72.833 0.1000000015
58018  -38.846  -23.195  74.204 0.1000000015
58918  -42.815  -20.985  77.843 0.6999999881
57910  -26.058  -22.760  82.771 0.5000000000
57923  -26.050  -22.650  81.858 0.6999999881
55996  -28.801  -23.326  76.389 0.8000000119
56988  -30.085  -22.541  77.340 0.8000000119
62097  -34.629  -19.092  73.971 0.2000000030
60999  -34.951  -19.844  73.746 0.2000000030
59950  -35.627  -20.291  74.199 0.2000000030
58026  -37.337  -22.761  72.493 0.1000000015
58016  -37.365  -22.652  73.477 0.1000000015
57982  -43.538  -22.145  77.313 0.8999999762
57971  -42.946  -21.805  77.818 0.8000000119
56940  -25.541  -23.371  82.289 0.5000000000
56952  -25.548  -23.205  81.349 0.5000000000
56987  -29.592  -23.575  77.792 0.8000000119
61011  -34.628  -20.370  72.984 0.1000000015
59958  -35.337  -20.800  73.383 0.1000000015
58973  -35.967  -21.716  72.765 0.1000000015
58974  -36.650  -22.128  73.126 0.1000000015
57001  -43.351  -23.806  77.370 0.8999999762
162285  -43.596  -22.962  77.233 0.8999999762
54944  -25.242  -24.868  81.360 0.5000000000
55943  -25.113  -24.434  80.998 0.5000000000
55986  -28.974  -23.917  77.302 0.6999999881
54978  -29.245  -25.556  78.010 0.8000000119
54968  -30.004  -25.138  78.495 0.8999999762
59969  -34.438  -20.941  72.126 0.1000000015
59970  -35.185  -21.406  72.458 0.1000000015
54985  -43.144  -25.298  77.574 0.8999999762
54986  -43.668  -25.353  77.035 0.8999999762
55988  -43.920  -24.483  76.777 0.8999999762
54957  -24.955  -25.043  80.735 0.6000000238
54967  -24.553  -25.070  79.748 0.6000000238
54991  -27.893  -25.220  76.536 0.6999999881
52133  -42.249  -28.278  77.651 1.0000000000
53033  -42.785  -27.701  77.471 1.0000000000
163955  -43.547  -26.752  77.096 1.0000000000
53035  -44.041  -27.017  76.537 1.0000000000
54012  -24.822  -26.152  79.540 0.4000000060
54022  -24.426  -26.400  78.735 0.4000000060
54983  -24.188  -25.624  78.206 0.5000000000
54032  -28.967  -26.222  77.424 0.8999999762
54034  -30.270  -26.929  77.865 0.8999999762
50371  -41.193  -29.978  77.902 1.0000000000
51265  -42.352  -29.039  77.332 1.0000000000
51266  -43.065  -29.110  77.010 1.0000000000
53043  -43.886  -27.833  76.556 1.0000000000
54043  -44.373  -26.174  76.174 1.0000000000
53029  -24.285  -27.383  77.502 0.3000000119
54031  -24.578  -27.232  78.354 0.4000000060
53030  -29.770  -26.991  77.246 0.8999999762
53031  -30.647  -27.195  77.373 0.8999999762
50381  -40.964  -30.176  77.438 1.0000000000
50382  -41.755  -30.448  77.172 1.0000000000
183368  -43.625  -29.695  76.308 1.0000000000
50398  -44.278  -29.878  75.732 1.0000000000
53039  -24.505  -28.234  77.229 0.3000000119
53042  -30.306  -27.254  76.559 0.8999999762
52128  -31.157  -27.440  76.805 0.8999999762
49513  -40.858  -30.676  76.085 1.0000000000
50396  -41.387  -30.416  76.688 1.0000000000
49514  -41.868  -30.499  76.018 1.0000000000
147410  -42.305  -31.058  75.776 1.0000000000
166070  -43.828  -30.669  75.843 1.0000000000
52151  -24.648  -28.999  76.126 0.1000000015
52141  -30.824  -27.451  76.016 0.8999999762
49530  -41.477  -31.020  75.478 1.0000000000
170774  -41.982  -31.156  75.007 1.0000000000
51285  -24.845  -29.727  74.714 0.1000000015
52180  -29.449  -28.218  73.672 0.8000000119
53051  -30.931  -27.353  74.845 0.8999999762
52155  -31.345  -27.411  75.576 0.8999999762
49547  -40.361  -31.242  74.343 1.0000000000
149844  -41.834  -31.520  74.177 1.0000000000
50420  -24.987  -30.316  72.565 0.1000000015
50438  -24.513  -29.744  71.346 0.1000000015
51296  -29.639  -28.653  72.766 0.6999999881
52181  -29.985  -27.747  73.432 0.6999999881
53052  -31.780  -27.215  75.064 0.8999999762
49570  -40.419  -31.350  73.454 1.0000000000
165510  -40.290  -31.311  72.670 1.0000000000
182604  -25.442  -31.161  70.990 0.1000000015
49603  -26.216  -31.508  69.824 0.1000000015
53063  -32.104  -26.828  74.483 0.8999999762
49591  -40.059  -31.152  71.808 1.0000000000
49619  -27.581  -32.012  69.627 0.2000000030
49606  -30.273  -31.970  70.585 0.3000000119
49607  -31.102  -31.987  71.047 0.2000000030
51297  -30.038  -28.669  72.377 0.4000000060
52182  -30.117  -27.622  72.772 0.8000000119
53076  -32.205  -26.330  73.657 1.0000000000
49586  -30.614  -30.962  71.368 0.3000000119
183215  -31.267  -31.438  71.340 0.2000000030
51307  -30.536  -29.024  71.860 0.6999999881
53075  -30.896  -26.686  73.101 0.8000000119
54063  -32.677  -25.883  72.829 1.0000000000
49622  -40.103  -31.153  70.742 1.0000000000
50424  -31.363  -30.934  71.450 0.3000000119
51298  -31.371  -30.473  71.380 0.3000000119
53084  -30.573  -26.611  72.300 0.8000000119
54074  -31.763  -25.548  71.940 0.8999999762
50494  -38.995  -30.254  69.191 0.8999999762
50479  -39.509  -30.533  70.267 1.0000000000
52202  -31.334  -29.029  69.818 0.3000000119
52192  -31.221  -29.486  70.986 0.4000000060
51319  -31.508  -29.574  70.559 0.4000000060
52198  -30.675  -28.248  70.906 0.5000000000
53092  -30.437  -26.744  70.904 0.6000000238
54073  -30.753  -26.178  71.732 0.8999999762
54080  -30.947  -25.750  71.140 0.8999999762
159397  -38.941  -30.010  70.042 0.8999999762
53093  -30.688  -27.746  70.231 0.5000000000
53098  -30.764  -27.157  69.393 0.5000000000
51366  -38.014  -29.282  67.548 0.8999999762
64090  -27.780  -17.404  84.210 0.6000000238
63073  -28.370  -17.320  83.586 0.5000000000
64110  -32.078  -16.165  80.648 0.3000000119
61984  -29.129  -18.250  83.404 0.6000000238
63079  -29.395  -17.334  82.364 0.6000000238
63087  -30.732  -16.820  80.663 0.5000000000
64109  -31.303  -16.272  80.720 0.4000000060
60885  -29.140  -18.889  83.129 0.6000000238
61996  -29.380  -18.130  82.496 0.6000000238
62009  -29.662  -18.309  81.424 0.6000000238
157098  -30.297  -17.714  80.656 0.5000000000
59846  -28.850  -19.654  82.820 0.6999999881
59851  -28.942  -19.801  81.864 0.6999999881
62027  -30.675  -18.079  79.738 0.5000000000
59850  -28.395  -20.386  82.488 0.8000000119
60926  -30.322  -18.761  79.358 0.6999999881
65159  -33.247  -15.743  80.239 0.2000000030
58869  -28.045  -21.146  82.176 0.8000000119
59881  -29.456  -20.099  78.795 0.8000000119
178501  -30.205  -19.817  78.294 0.8000000119
65169  -34.302  -15.640  79.146 0.2000000030
59924  -40.410  -21.125  76.329 0.3000000119
60967  -40.583  -20.027  76.305 0.3000000119
58880  -27.450  -21.673  81.820 0.8000000119
58911  -29.386  -20.956  77.336 0.8000000119
59892  -29.862  -20.339  77.801 0.8000000119
152397  -33.994  -15.773  77.318 0.2000000030
58962  -39.531  -22.240  74.690 0.2000000030
59897  -42.105  -20.110  78.134 0.4000000060
58924  -28.930  -21.506  76.833 0.8000000119
181915  -34.389  -16.514  76.684 0.2000000030
59961  -39.416  -21.608  74.005 0.1000000015
57934  -26.258  -22.626  80.887 0.6999999881
57924  -26.915  -22.194  81.386 0.6999999881
58938  -29.025  -21.989  76.294 0.8000000119
63140  -35.136  -17.748  75.793 0.2000000030
58028  -38.675  -23.100  73.195 0.1000000015
58931  -43.480  -21.224  77.373 0.6999999881
57948  -26.518  -22.654  79.838 0.8000000119
57991  -28.866  -22.615  76.286 0.8000000119
62096  -34.055  -18.455  73.706 0.2000000030
56951  -25.232  -23.777  80.800 0.5000000000
56973  -25.229  -23.674  79.904 0.8000000119
56984  -25.266  -23.733  78.824 0.6000000238
161725  -27.570  -23.508  75.564 0.6999999881
57012  -28.236  -23.246  75.924 0.6999999881
60998  -34.269  -19.399  73.316 0.1000000015
58985  -36.139  -22.235  71.593 0.1000000015
180726  -36.872  -22.489  71.447 0.1000000015
58048  -37.484  -22.618  71.593 0.1000000015
57002  -44.040  -23.467  76.800 0.8999999762
57983  -44.142  -22.537  76.812 0.8000000119
167020  -24.794  -24.158  79.602 0.5000000000
55974  -24.794  -24.209  78.121 0.6000000238
165127  -25.752  -23.602  77.380 0.6999999881
56004  -27.267  -23.944  75.233 0.6999999881
55995  -28.425  -24.259  76.601 0.6999999881
61010  -33.995  -19.841  72.511 0.1000000015
59979  -34.306  -21.519  71.243 0.1000000015
59980  -35.186  -21.923  71.407 0.1000000015
58996  -36.113  -22.286  70.536 0.1000000015
54992  -44.138  -25.386  76.447 0.8999999762
55973  -24.325  -24.910  78.661 0.5000000000
55985  -25.031  -24.185  77.048 0.6999999881
54990  -27.425  -24.821  75.620 0.6999999881
54041  -27.532  -25.980  76.180 0.6999999881
54042  -28.219  -26.188  76.899 0.6999999881
55998  -44.854  -24.584  75.729 0.8999999762
54030  -24.175  -26.468  77.836 0.4000000060
55984  -24.367  -24.813  77.652 0.6000000238
54997  -24.268  -25.475  75.994 0.5000000000
55992  -24.561  -24.736  76.572 0.6000000238
53048  -27.170  -26.686  75.513 0.6999999881
53041  -28.863  -26.857  76.920 0.8999999762
52147  -44.062  -28.440  76.341 1.0000000000
53045  -44.870  -27.656  75.612 1.0000000000
54044  -44.954  -26.137  75.618 1.0000000000
54994  -45.242  -25.249  75.316 0.8999999762
54047  -24.072  -26.514  75.922 0.4000000060
156833  -24.244  -25.844  75.011 0.4000000060
54054  -24.244  -26.218  74.102 0.6000000238
53049  -27.895  -27.441  75.584 0.6999999881
53050  -28.814  -27.316  76.001 0.8000000119
50399  -45.055  -29.902  75.277 1.0000000000
52160  -45.452  -28.029  75.110 1.0000000000
54050  -45.485  -27.046  75.090 1.0000000000
55005  -46.037  -25.151  74.258 1.0000000000
52137  -24.393  -28.433  76.522 0.2000000030
52150  -24.197  -28.279  75.753 0.3000000119
175512  -24.091  -27.264  74.195 0.4000000060
54060  -24.292  -26.699  73.248 0.4000000060
52153  -28.662  -27.802  75.186 0.8000000119
52140  -29.755  -27.501  75.533 0.8000000119
148920  -43.174  -31.190  75.377 1.0000000000
172312  -44.500  -30.615  75.194 1.0000000000
166102  -45.338  -29.450  74.905 1.0000000000
53067  -45.963  -27.408  74.196 1.0000000000
53069  -46.965  -26.753  73.208 1.0000000000
51276  -24.395  -29.029  75.244 0.1000000015
52164  -24.274  -28.967  74.175 0.1000000015
52176  -24.216  -28.883  72.960 0.2000000030
51286  -28.775  -28.532  73.751 0.6999999881
52167  -29.189  -28.048  74.536 0.6999999881
52154  -30.582  -27.473  75.288 0.8999999762
149873  -42.534  -31.090  74.645 1.0000000000
174133  -43.945  -30.304  74.337 1.0000000000
172298  -44.232  -29.474  74.335 1.0000000000
171993  -44.507  -28.303  74.358 1.0000000000
172654  -47.014  -27.909  73.162 1.0000000000
173311  -46.575  -26.384  73.152 1.0000000000
51292  -24.638  -29.676  73.558 0.1000000015
50419  -24.472  -29.550  72.480 0.1000000015
50458  -25.139  -30.103  69.849 0.1000000015
49571  -41.151  -31.605  73.803 1.0000000000
171008  -42.433  -31.506  73.729 1.0000000000
49593  -42.644  -31.942  72.656 1.0000000000
174079  -44.092  -30.526  72.937 1.0000000000
174134  -44.110  -29.442  73.335 1.0000000000
167745  -44.473  -27.681  74.180 1.0000000000
50457  -24.705  -29.761  70.248 0.1000000015
50459  -25.967  -30.608  69.700 0.1000000015
50460  -26.979  -30.625  69.651 0.2000000030
51295  -29.151  -28.926  73.031 0.6000000238
177417  -30.587  -27.346  74.171 0.8000000119
48704  -41.105  -31.864  72.857 1.0000000000
48729  -42.110  -32.164  71.814 1.0000000000
173987  -43.564  -31.294  72.741 1.0000000000
49602  -25.525  -30.996  70.117 0.1000000015
50476  -27.354  -31.381  69.517 0.2000000030
50461  -28.206  -30.593  70.005 0.3000000119
159336  -29.867  -30.139  71.708 0.3000000119
50422  -29.636  -29.407  72.242 0.5000000000
53074  -30.716  -27.130  73.658 0.8000000119
49592  -40.734  -31.618  72.092 1.0000000000
166948  -41.667  -32.081  71.109 1.0000000000
177795  -42.728  -31.961  71.659 1.0000000000
50462  -28.984  -31.129  70.239 0.4000000060
50423  -30.118  -29.568  72.077 0.3000000119
161448  -31.459  -26.726  73.903 0.8000000119
49623  -40.759  -31.630  70.123 1.0000000000
163623  -30.851  -30.682  71.553 0.3000000119
162056  -30.660  -29.928  71.723 0.3000000119
54062  -31.497  -26.040  72.651 0.8999999762
52191  -30.643  -28.657  71.444 0.5000000000
49639  -39.969  -31.352  68.663 0.8999999762
50495  -39.549  -30.725  69.395 1.0000000000
159570  -31.319  -29.960  71.249 0.3000000119
50514  -39.383  -30.813  68.703 0.8999999762
50512  -38.399  -29.906  67.811 0.8000000119
51352  -38.580  -29.709  68.663 0.8999999762
64095  -27.647  -17.014  83.399 0.2000000030
64096  -29.025  -17.121  82.992 0.4000000060
64108  -30.453  -16.269  80.994 0.4000000060
65150  -31.105  -15.844  80.683 0.3000000119
59862  -29.065  -19.913  80.871 0.8000000119
60897  -29.370  -19.117  81.108 0.6999999881
60911  -29.554  -19.218  80.045 0.6999999881
59861  -28.468  -20.485  81.552 0.8000000119
59872  -28.552  -20.568  80.565 0.8000000119
65158  -32.473  -15.680  80.359 0.2000000030
58881  -28.052  -21.176  81.247 0.8000000119
59873  -29.198  -19.976  79.830 0.8000000119
60925  -29.918  -19.447  79.055 0.8000000119
65167  -32.762  -15.226  79.800 0.2000000030
179795  -39.730  -19.813  75.294 0.2000000030
60955  -41.368  -19.636  76.757 0.3000000119
58891  -27.530  -21.684  81.015 0.8000000119
58892  -28.029  -21.316  80.209 0.8000000119
58903  -28.323  -21.220  79.055 0.8000000119
65177  -33.649  -15.278  78.640 0.2000000030
59939  -39.594  -20.813  74.852 0.2000000030
59923  -39.975  -20.458  75.774 0.3000000119
62055  -41.944  -19.160  77.431 0.3000000119
60941  -42.092  -19.392  78.066 0.3000000119
57935  -27.225  -22.107  80.321 0.8000000119
57936  -27.764  -21.725  79.507 0.8000000119
57950  -27.979  -21.747  78.561 0.8000000119
65197  -33.933  -16.107  76.628 0.2000000030
60956  -42.931  -19.492  77.684 0.5000000000
57963  -27.577  -22.176  77.857 0.8000000119
57977  -28.345  -22.011  76.694 0.8000000119
64174  -33.750  -16.821  75.296 0.2000000030
59971  -38.458  -21.397  71.786 0.1000000015
59972  -38.912  -21.821  72.243 0.1000000015
59912  -43.266  -20.343  77.507 0.6999999881
57962  -26.759  -22.686  78.721 0.8000000119
56999  -27.653  -22.487  76.671 0.8000000119
63162  -33.548  -17.655  73.833 0.2000000030
58998  -37.874  -22.304  71.206 0.1000000015
58999  -38.527  -22.321  71.691 0.1000000015
58932  -44.201  -21.556  76.854 0.6999999881
56998  -26.794  -22.988  76.887 0.6999999881
57011  -27.511  -22.992  75.882 0.6999999881
62104  -33.592  -18.794  72.795 0.1000000015
58997  -37.037  -22.256  70.891 0.1000000015
57996  -44.596  -23.030  76.223 0.8000000119
57018  -26.182  -23.687  75.489 0.6999999881
56003  -26.567  -23.963  74.882 0.6999999881
63173  -33.021  -17.975  72.602 0.2000000030
154054  -33.452  -18.047  73.229 0.2000000030
61009  -33.386  -19.352  71.981 0.1000000015
57013  -45.096  -23.610  75.587 0.8000000119
57997  -45.179  -22.528  75.609 0.8000000119
55993  -25.344  -24.144  76.003 0.6999999881
167298  -26.985  -25.449  75.328 0.6999999881
63185  -33.082  -18.530  72.080 0.1000000015
61021  -33.738  -20.428  71.759 0.1000000015
59991  -34.208  -21.881  70.376 0.1000000015
56005  -45.312  -24.407  75.230 0.8999999762
58009  -45.496  -22.940  75.093 0.8999999762
158132  -24.649  -25.041  74.961 0.6000000238
56008  -25.250  -24.589  74.511 0.6000000238
55003  -25.491  -24.858  73.713 0.6000000238
54055  -26.286  -25.731  73.298 0.6999999881
54048  -26.647  -25.798  74.491 0.6999999881
53061  -27.019  -27.603  74.943 0.6999999881
62111  -32.712  -18.924  71.394 0.1000000015
56006  -45.688  -24.727  74.772 1.0000000000
55010  -24.718  -25.647  73.045 0.5000000000
55019  -25.245  -25.576  72.288 0.5000000000
54061  -25.884  -25.761  72.253 0.6000000238
53060  -26.600  -26.861  74.119 0.6999999881
179906  -27.818  -27.981  75.000 0.6999999881
56013  -46.013  -25.973  73.918 1.0000000000
56011  -45.927  -24.881  73.978 1.0000000000
53072  -24.328  -27.138  72.537 0.4000000060
54070  -24.730  -26.243  72.152 0.4000000060
54071  -25.115  -26.106  71.657 0.5000000000
53083  -25.885  -26.438  71.520 0.5000000000
53073  -26.335  -26.837  72.759 0.6000000238
52152  -27.485  -28.196  74.299 0.6999999881
52166  -28.357  -28.217  74.430 0.6999999881
148623  -45.015  -25.655  73.712 1.0000000000
162665  -24.482  -28.265  71.034 0.4000000060
52196  -25.126  -27.956  70.473 0.4000000060
52197  -25.592  -28.404  70.270 0.4000000060
52177  -26.658  -28.000  72.728 0.6000000238
52178  -27.240  -28.387  73.402 0.6000000238
52179  -27.996  -28.563  73.654 0.6999999881
167910  -45.843  -26.879  73.039 1.0000000000
148488  -44.982  -25.931  73.944 1.0000000000
173663  -44.598  -25.668  72.971 1.0000000000
51315  -24.916  -29.251  69.865 0.2000000030
51303  -26.204  -29.003  70.380 0.3000000119
51304  -27.134  -29.088  71.337 0.4000000060
51294  -28.487  -28.988  72.983 0.6000000238
171838  -44.121  -31.068  72.045 1.0000000000
171930  -44.227  -30.166  72.255 1.0000000000
172316  -44.154  -28.736  73.142 1.0000000000
171992  -44.418  -27.158  73.421 1.0000000000
173309  -44.426  -25.961  72.610 1.0000000000
159393  -28.624  -29.736  71.126 0.3000000119
51305  -28.219  -29.134  71.800 0.4000000060
178264  -44.175  -30.815  71.441 1.0000000000
173643  -44.078  -29.216  71.182 1.0000000000
173638  -44.156  -27.844  71.920 1.0000000000
173079  -44.284  -26.951  72.652 1.0000000000
168232  -43.980  -26.698  71.075 1.0000000000
50440  -29.273  -30.229  71.053 0.3000000119
51306  -29.098  -29.481  72.137 0.4000000060
48735  -41.334  -32.024  70.441 1.0000000000
174082  -42.435  -32.025  71.009 1.0000000000
168003  -43.609  -31.411  70.307 1.0000000000
172829  -44.128  -30.863  70.572 1.0000000000
174388  -44.098  -29.463  70.163 1.0000000000
168662  -43.992  -28.648  70.771 1.0000000000
148199  -44.063  -27.578  71.448 1.0000000000
48736  -42.079  -32.097  70.282 1.0000000000
172835  -42.895  -31.858  70.228 1.0000000000
174077  -43.490  -31.757  69.466 1.0000000000
173980  -44.078  -31.189  69.613 1.0000000000
49632  -40.699  -31.741  69.097 1.0000000000
48743  -41.549  -32.087  69.491 1.0000000000
173991  -42.633  -32.104  69.432 1.0000000000
171839  -43.241  -31.956  68.608 1.0000000000
171928  -43.984  -31.430  68.760 1.0000000000
49638  -39.488  -31.173  68.064 0.8999999762
65149  -30.191  -15.938  81.005 0.4000000060
60978  -40.071  -19.431  75.835 0.2000000030
62063  -40.685  -19.036  76.262 0.2000000030
61001  -38.990  -20.270  73.810 0.1000000015
60988  -39.374  -19.554  74.703 0.1000000015
62056  -42.378  -18.813  77.536 0.3000000119
63118  -42.726  -18.023  77.226 0.3000000119
62057  -42.844  -18.667  77.457 0.3000000119
61013  -38.733  -20.847  72.681 0.1000000015
60987  -38.920  -19.027  74.252 0.1000000015
60957  -43.660  -19.721  77.255 0.6000000238
59982  -38.128  -21.841  71.203 0.1000000015
166495  -37.361  -19.471  71.902 0.1000000015
59913  -44.215  -20.466  76.916 0.6999999881
63150  -33.622  -17.204  74.504 0.2000000030
59981  -37.349  -21.690  70.746 0.1000000015
58943  -45.319  -21.526  75.482 0.6999999881
63161  -32.965  -17.455  73.267 0.2000000030
58995  -35.140  -22.229  70.451 0.1000000015
59010  -36.588  -21.955  70.143 0.1000000015
63196  -32.045  -18.289  70.978 0.1000000015
59990  -33.427  -21.330  70.182 0.1000000015
58021  -45.507  -23.255  74.581 0.8999999762
56010  -45.524  -24.275  73.827 1.0000000000
57024  -45.345  -23.478  73.925 0.8999999762
168660  -45.246  -24.776  73.475 1.0000000000
148779  -44.765  -24.905  72.635 1.0000000000
168695  -44.133  -25.062  71.651 1.0000000000
173312  -43.613  -26.018  70.629 1.0000000000
169054  -44.016  -27.806  70.030 1.0000000000
171994  -44.534  -29.780  69.257 1.0000000000
173082  -43.971  -27.297  69.761 1.0000000000
171893  -44.357  -30.635  68.970 1.0000000000
167585  -44.908  -29.173  68.787 1.0000000000
148186  -41.356  -32.055  68.425 1.0000000000
171932  -42.276  -32.112  68.556 1.0000000000
173979  -44.611  -29.878  68.445 1.0000000000
173640  -45.036  -28.587  68.417 0.8999999762
175243  -40.633  -31.860  68.047 1.0000000000
174076  -42.773  -31.799  67.791 0.8999999762
167500  -43.610  -30.557  67.455 0.8999999762
172832  -44.203  -29.843  67.651 0.8999999762
158927  -39.989  -31.569  67.562 0.8000000119
180880  -41.226  -31.864  67.608 0.8000000119
173984  -41.917  -31.847  67.715 0.8999999762
167553  -42.224  -31.355  67.146 0.8000000119
174073  -42.896  -30.281  67.029 0.8999999762
173985  -43.647  -29.718  67.012 0.8999999762
172834  -41.506  -31.489  67.004 0.8000000119
62064  -41.538  -18.750  76.551 0.2000000030
62078  -40.184  -18.545  75.742 0.1000000015
62065  -42.224  -18.422  76.964 0.2000000030
63119  -43.360  -17.852  77.054 0.2000000030
63141  -39.774  -18.236  75.194 0.1000000015
63142  -40.338  -17.680  75.439 0.1000000015
64159  -40.794  -17.007  75.427 0.1000000015
62058  -43.570  -18.862  77.180 0.2000000030
62066  -44.280  -18.355  76.478 0.3000000119
60968  -44.322  -19.398  76.651 0.5000000000
166591  -45.056  -19.039  76.175 0.4000000060
60969  -45.178  -19.953  76.035 0.6999999881
156867  -45.467  -19.080  75.429 0.4000000060
58952  -46.070  -20.862  75.050 0.6999999881
153223  -45.496  -21.622  74.756 0.6999999881
58029  -45.007  -22.762  73.273 1.0000000000
58020  -45.084  -22.421  74.117 0.8999999762
57031  -45.142  -23.695  73.273 1.0000000000
177173  -44.793  -22.907  72.615 1.0000000000
57037  -44.727  -23.663  72.341 1.0000000000
168338  -44.401  -22.127  71.720 0.8999999762
174864  -44.130  -23.993  71.426 1.0000000000
173535  -44.130  -22.726  71.135 0.8999999762
55027  -43.236  -25.659  69.947 1.0000000000
169015  -43.337  -24.264  70.247 1.0000000000
54093  -43.806  -26.542  69.427 1.0000000000
172299  -44.547  -28.457  69.199 1.0000000000
174208  -44.895  -27.846  68.695 1.0000000000
54101  -44.520  -26.775  69.026 1.0000000000
53114  -45.092  -26.960  68.435 0.8999999762
167554  -44.940  -29.109  67.869 0.8999999762
167752  -45.087  -28.205  67.709 0.8999999762
53120  -45.377  -27.105  67.568 0.8999999762
174075  -44.209  -29.030  67.176 0.8999999762
171995  -44.718  -28.465  67.278 0.8999999762
174081  -41.632  -31.003  66.648 0.8000000119
173981  -42.317  -30.799  66.791 0.8999999762
171840  -43.692  -28.897  66.589 0.8999999762
171933  -44.268  -28.272  66.708 0.8999999762
171892  -42.517  -30.127  66.550 0.8999999762
171929  -43.103  -29.495  66.622 0.8999999762
174074  -43.131  -28.736  66.167 0.8999999762
174083  -41.886  -29.774  66.078 0.8000000119
173982  -42.558  -29.363  66.183 0.8000000119
63128  -41.684  -17.971  76.379 0.1000000015
63129  -42.389  -17.675  76.657 0.2000000030
64146  -41.857  -17.379  76.180 0.1000000015
64147  -42.486  -17.009  76.257 0.1000000015
63131  -43.973  -17.545  76.476 0.1000000015
59926  -45.438  -20.649  75.409 0.6999999881
183754  -45.834  -19.311  74.750 0.4000000060
58963  -44.973  -20.527  74.417 0.6000000238
58977  -44.773  -21.275  73.805 0.6999999881
59962  -44.818  -20.226  73.381 0.6000000238
58037  -44.645  -21.983  72.536 0.8999999762
58987  -44.793  -21.004  72.652 0.8000000119
149578  -44.656  -21.081  71.708 0.8000000119
173358  -44.318  -21.554  70.558 0.8999999762
173809  -43.457  -23.370  69.371 0.8999999762
148852  -44.025  -21.986  69.988 0.8999999762
55030  -43.604  -24.952  68.896 1.0000000000
56028  -43.310  -24.114  69.001 1.0000000000
55031  -44.982  -25.087  68.645 1.0000000000
54102  -45.665  -26.190  68.325 0.8999999762
53127  -44.956  -27.692  66.838 0.8999999762
53128  -45.456  -26.633  66.619 0.8999999762
53137  -44.885  -27.056  66.164 0.8999999762
173992  -43.763  -28.009  66.131 0.8999999762
52248  -43.560  -27.339  65.692 0.8999999762
52239  -44.450  -27.648  66.325 0.8999999762
148308  -41.465  -29.740  65.762 0.6999999881
178756  -42.039  -29.031  65.946 0.6999999881
183194  -42.579  -28.722  65.857 0.8000000119
167865  -42.107  -28.411  65.436 0.8999999762
53147  -42.951  -27.002  65.353 0.8999999762
64137  -42.998  -17.171  77.033 0.2000000030
63132  -44.724  -17.563  76.108 0.1000000015
62079  -45.862  -18.198  75.195 0.3000000119
63144  -46.048  -17.430  74.807 0.2000000030
62088  -45.461  -18.349  74.181 0.2000000030
60989  -45.075  -19.418  73.477 0.5000000000
60991  -45.744  -18.390  73.279 0.5000000000
151890  -45.135  -20.183  72.387 0.6999999881
158302  -45.733  -18.898  73.131 0.5000000000
147427  -45.842  -20.104  71.471 0.8000000119
151135  -45.909  -19.817  72.145 0.6999999881
169550  -45.468  -20.353  70.892 0.8999999762
168532  -44.559  -21.665  69.007 0.8999999762
148463  -45.091  -20.896  69.686 0.8999999762
56029  -44.391  -24.075  68.559 1.0000000000
156600  -45.822  -23.063  68.471 1.0000000000
54103  -46.009  -25.421  68.348 0.8999999762
55036  -46.950  -24.909  68.310 0.8999999762
56030  -45.692  -23.885  68.537 1.0000000000
54111  -46.709  -25.622  67.974 0.8999999762
54110  -46.106  -26.312  67.800 0.8999999762
54119  -46.224  -26.174  67.025 0.8999999762
54120  -46.845  -25.724  67.370 0.8999999762
53136  -44.211  -27.204  65.887 0.8999999762
54132  -44.612  -26.577  65.706 0.8999999762
54147  -44.774  -25.927  65.221 0.8999999762
54146  -43.916  -26.529  65.383 0.8999999762
174223  -41.409  -28.197  64.790 0.6999999881
54145  -43.191  -26.078  64.974 0.8999999762
166669  -41.288  -26.504  64.240 0.8000000119
54160  -41.821  -25.792  64.438 0.8000000119
63130  -43.471  -17.223  76.559 0.1000000015
61004  -46.620  -18.507  72.556 0.4000000060
59963  -47.103  -18.932  72.234 0.5000000000
151733  -46.714  -19.708  71.367 0.6000000238
150684  -46.512  -20.213  70.187 0.8999999762
149702  -47.270  -20.058  70.519 0.8000000119
58063  -46.467  -22.435  68.633 0.8999999762
168337  -46.019  -20.888  69.226 0.8999999762
184418  -47.159  -25.439  67.568 0.8999999762
55040  -47.522  -25.320  67.133 0.8999999762
54134  -46.272  -25.864  66.045 0.8999999762
55058  -47.112  -25.299  65.779 0.8999999762
54133  -45.306  -26.252  65.833 0.8999999762
55056  -45.641  -25.524  65.244 0.8999999762
55067  -44.069  -25.594  64.833 0.8999999762
54161  -42.631  -25.556  64.575 0.8999999762
55066  -43.432  -25.339  64.550 0.8999999762
55079  -43.124  -24.903  64.016 0.8999999762
172711  -40.643  -27.194  63.880 0.6999999881
54173  -40.772  -25.462  63.147 0.6999999881
54159  -41.280  -25.593  63.888 0.8000000119
54172  -40.192  -26.107  62.810 0.5000000000
147428  -47.482  -19.601  70.948 0.6000000238
152578  -47.691  -20.997  69.483 0.8999999762
150906  -48.056  -19.876  70.492 0.8999999762
57055  -47.787  -22.753  68.808 0.8999999762
171611  -48.371  -21.767  69.102 0.8999999762
55037  -47.778  -24.555  68.134 0.8999999762
55041  -48.148  -24.991  67.471 0.8999999762
160247  -48.179  -25.105  66.820 0.8999999762
55044  -47.701  -25.200  66.317 0.8999999762
158289  -46.016  -25.011  64.518 0.8999999762
55068  -45.028  -25.164  64.508 0.8999999762
55080  -44.113  -24.881  64.061 0.8999999762
55078  -42.090  -24.944  63.990 0.8000000119
55092  -40.829  -24.694  62.811 0.8000000119
55077  -41.337  -24.760  63.410 0.8000000119
56060  -41.991  -24.407  63.315 0.6999999881
55091  -40.245  -25.135  62.517 0.6999999881
171262  -48.714  -20.112  69.884 0.8000000119
171609  -47.924  -19.300  70.965 0.6999999881
181466  -48.711  -22.570  68.686 0.8999999762
56034  -49.009  -23.693  68.058 0.8999999762
56039  -48.789  -24.671  66.906 0.8999999762
55045  -48.420  -24.890  66.194 0.8999999762
55059  -47.924  -24.951  65.433 0.8999999762
55069  -46.915  -24.964  64.425 0.8999999762
55081  -45.685  -24.778  63.857 0.8999999762
170439  -45.764  -24.677  63.037 0.8999999762
166215  -45.040  -24.712  63.578 0.8999999762
56072  -43.984  -24.350  62.763 0.8999999762
56062  -43.636  -24.472  63.404 0.8999999762
147454  -44.588  -24.529  62.221 0.8000000119
56061  -42.765  -24.424  63.439 0.8999999762
56070  -42.503  -24.154  62.683 0.8999999762
56083  -43.196  -24.157  61.979 0.8000000119
56082  -42.283  -24.016  61.813 0.6999999881
147456  -42.134  -24.132  60.855 0.8000000119
56068  -40.557  -24.378  62.081 0.6999999881
56081  -41.343  -24.006  61.604 0.6999999881
55106  -39.874  -24.870  61.905 0.4000000060
56099  -40.280  -23.971  60.575 0.6999999881
147458  -41.104  -24.136  59.771 0.6999999881
56098  -39.293  -24.199  60.750 0.5000000000
152370  -40.194  -23.952  59.702 0.5000000000
56113  -37.991  -24.266  59.652 0.5000000000
59994  -49.345  -19.413  69.639 0.8000000119
58068  -49.414  -22.080  68.628 0.8000000119
151399  -49.220  -21.327  69.120 0.8999999762
58075  -49.979  -22.677  68.064 0.8999999762
58069  -50.236  -21.844  68.174 0.8999999762
57062  -50.023  -23.695  67.017 0.8999999762
57060  -50.276  -22.998  67.366 0.8999999762
55060  -48.771  -24.545  65.525 0.8999999762
55046  -49.017  -24.522  66.180 0.8999999762
156716  -47.700  -24.859  64.520 0.8999999762
55071  -48.468  -24.506  64.716 0.8999999762
56050  -49.531  -24.207  65.756 0.8999999762
169967  -51.961  -22.019  63.848 0.8999999762
151436  -52.528  -20.533  63.356 0.8999999762
150815  -48.192  -24.572  63.886 0.8999999762
170727  -51.228  -22.357  63.395 0.8000000119
152336  -51.678  -21.719  63.118 0.8000000119
55082  -46.537  -24.822  63.533 0.8999999762
58105  -50.450  -22.485  62.343 0.8000000119
58106  -51.096  -22.110  62.650 0.8000000119
59068  -51.391  -21.378  62.410 0.8000000119
149474  -46.455  -24.831  62.478 0.8999999762
57094  -49.877  -22.936  61.961 0.8000000119
58112  -50.152  -22.182  61.628 0.8000000119
59067  -50.821  -21.793  61.936 0.8000000119
60061  -51.643  -20.586  62.216 0.8000000119
148982  -45.604  -24.834  62.031 0.8000000119
57106  -49.066  -23.027  60.814 0.8000000119
58111  -49.538  -22.571  61.281 0.8000000119
58121  -49.745  -21.809  61.007 0.8000000119
147455  -44.008  -24.571  61.359 0.8000000119
149380  -44.969  -24.864  61.225 0.8000000119
58119  -48.675  -22.655  60.181 0.8000000119
58120  -49.168  -22.220  60.639 0.8000000119
166894  -49.235  -20.743  60.519 0.6999999881
169912  -41.966  -24.353  59.918 0.6999999881
148595  -42.872  -24.470  60.111 0.8000000119
163559  -48.098  -22.203  59.743 0.8000000119
59098  -47.460  -21.704  59.304 0.6999999881
59099  -48.086  -21.282  59.701 0.6999999881
151976  -41.237  -24.059  60.675 0.6999999881
58145  -46.882  -22.161  58.851 0.6999999881
59113  -46.923  -21.216  58.766 0.6999999881
60087  -47.478  -20.797  59.226 0.6999999881
168605  -40.980  -24.194  58.841 0.5000000000
60098  -47.140  -20.372  58.540 0.6999999881
151728  -38.798  -23.896  59.129 0.5000000000
56127  -36.955  -24.245  58.913 0.4000000060
181839  -36.358  -24.439  58.134 0.3000000119
167684  -35.038  -26.350  54.860 0.3000000119
167572  -35.089  -26.725  54.594 0.3000000119
172449  -36.211  -28.124  53.856 0.3000000119
172453  -36.084  -30.164  51.598 0.3000000119
59020  -50.212  -20.495  68.702 0.6999999881
180226  -53.931  -14.871  66.941 0.3000000119
58076  -50.428  -22.322  67.607 0.8999999762
64229  -54.564  -16.319  66.064 0.5000000000
56041  -50.277  -23.676  66.151 0.8999999762
57063  -50.509  -23.181  66.738 0.8999999762
171250  -54.022  -19.450  66.190 0.6999999881
62163  -55.109  -19.003  65.769 0.6999999881
62174  -55.079  -18.365  65.530 0.6999999881
56051  -50.111  -23.827  65.215 0.8999999762
57070  -50.843  -23.279  65.455 0.8999999762
168390  -51.323  -22.770  65.595 0.8999999762
148283  -52.379  -21.240  64.856 0.8999999762
167941  -53.025  -19.812  65.175 0.8000000119
151276  -53.403  -19.150  65.591 0.8999999762
64243  -54.862  -17.109  65.763 0.5000000000
65313  -54.484  -15.409  65.625 0.4000000060
153123  -49.310  -24.196  64.942 0.8999999762
167942  -51.368  -22.764  64.960 0.8999999762
170432  -52.028  -22.070  64.664 0.8999999762
171730  -52.345  -21.338  64.263 0.8999999762
149456  -53.039  -20.097  64.442 0.8999999762
159044  -53.491  -18.676  64.052 0.8999999762
62186  -54.143  -17.747  64.975 0.8000000119
149142  -47.439  -24.827  63.709 0.8999999762
168572  -47.917  -24.655  63.214 0.8999999762
148413  -48.571  -24.286  63.196 0.8999999762
170384  -49.943  -23.573  63.745 0.8999999762
149588  -50.680  -23.004  63.585 0.8999999762
170684  -53.036  -20.080  63.795 0.8999999762
60063  -52.901  -19.863  63.123 0.8000000119
149126  -47.303  -24.790  62.766 0.8999999762
169552  -48.109  -24.489  62.537 0.8999999762
148525  -49.350  -23.846  63.075 0.8999999762
149432  -50.089  -23.195  62.842 0.8000000119
60062  -52.256  -20.224  62.692 0.8000000119
170378  -46.450  -24.926  61.582 0.8000000119
170849  -46.996  -24.835  62.014 0.8000000119
55108  -47.740  -24.469  61.261 0.8000000119
56085  -48.348  -24.223  61.697 0.8000000119
57092  -48.795  -23.718  61.151 0.8000000119
59077  -50.303  -21.355  61.395 0.8000000119
59078  -51.043  -20.978  61.696 0.8000000119
170438  -45.830  -24.988  60.953 0.8000000119
154864  -46.615  -24.800  60.720 0.8000000119
56100  -47.351  -24.402  60.559 0.8000000119
56101  -48.147  -24.077  60.829 0.8000000119
59090  -49.737  -21.003  60.900 0.8000000119
60068  -50.265  -20.335  61.267 0.6999999881
179851  -44.514  -24.837  60.564 0.8000000119
169473  -45.224  -24.899  60.290 0.8000000119
55119  -46.742  -24.523  60.049 0.8000000119
56115  -47.151  -24.129  59.710 0.8000000119
57105  -48.455  -23.417  60.467 0.8000000119
60080  -49.493  -20.196  60.735 0.6999999881
147457  -43.584  -24.624  59.450 0.8000000119
57130  -46.223  -23.468  58.576 0.6999999881
57118  -47.352  -23.446  59.510 0.6999999881
58132  -47.451  -22.620  59.367 0.6999999881
60089  -48.648  -19.896  59.800 0.6999999881
59100  -48.746  -20.839  60.048 0.6999999881
176587  -41.748  -24.440  59.158 0.6999999881
169042  -42.624  -24.558  59.117 0.6999999881
57144  -45.485  -23.039  58.095 0.6999999881
58144  -46.225  -22.596  58.436 0.6999999881
157627  -40.417  -23.899  58.165 0.5000000000
171346  -41.246  -24.178  58.093 0.5000000000
58157  -44.990  -22.350  57.764 0.6999999881
58158  -45.574  -22.037  57.967 0.6999999881
60097  -46.557  -20.778  58.064 0.6999999881
150025  -38.272  -23.545  57.690 0.4000000060
149392  -39.195  -23.737  58.332 0.5000000000
59126  -45.040  -21.510  57.376 0.6999999881
59140  -44.430  -21.497  57.003 0.6999999881
60108  -45.588  -20.577  56.954 0.6999999881
56128  -37.875  -23.798  58.676 0.4000000060
151778  -36.869  -23.705  57.833 0.3000000119
158003  -36.338  -23.638  56.660 0.3000000119
56143  -35.949  -24.442  57.172 0.3000000119
172307  -35.141  -25.837  55.637 0.3000000119
56160  -35.298  -24.098  55.816 0.3000000119
58280  -42.223  -22.849  47.617 0.3000000119
172595  -34.959  -25.822  55.015 0.3000000119
172596  -34.750  -26.880  53.643 0.3000000119
167800  -34.572  -28.208  52.004 0.3000000119
167818  -35.537  -28.320  48.946 0.3000000119
172494  -38.777  -27.129  48.778 0.3000000119
66358  -54.270  -14.690  66.205 0.3000000119
57064  -51.093  -22.973  66.241 0.8999999762
66370  -54.348  -14.386  65.439 0.3000000119
169334  -51.971  -21.806  66.018 0.8999999762
148483  -52.191  -21.491  65.382 0.8999999762
168389  -52.528  -20.539  65.352 0.8999999762
64255  -54.281  -16.487  64.864 0.6000000238
65323  -54.334  -15.725  64.922 0.6000000238
66381  -54.283  -14.928  64.898 0.4000000060
63251  -53.919  -17.478  63.918 0.8000000119
64268  -54.050  -16.659  64.057 0.6999999881
62197  -53.609  -18.186  63.527 0.8000000119
61095  -52.457  -19.478  62.571 0.8000000119
60070  -51.871  -19.785  62.085 0.8000000119
61106  -52.044  -18.995  62.078 0.8000000119
55118  -46.035  -24.774  59.957 0.8000000119
61105  -51.278  -19.205  61.759 0.8000000119
55132  -45.341  -24.695  59.524 0.8000000119
55133  -45.774  -24.453  59.092 0.8000000119
55134  -46.472  -24.341  59.387 0.8000000119
60079  -49.057  -20.243  60.262 0.6999999881
61104  -50.455  -19.330  61.421 0.6999999881
55159  -43.458  -24.503  58.621 0.6999999881
153114  -44.177  -24.547  58.898 0.8000000119
55148  -44.958  -24.444  58.794 0.6999999881
56130  -45.458  -24.144  58.465 0.6999999881
61116  -49.801  -19.433  60.868 0.6999999881
148583  -41.943  -24.432  58.399 0.6999999881
56144  -42.459  -24.209  57.839 0.6999999881
56145  -43.282  -24.227  57.954 0.6999999881
157004  -43.665  -23.773  57.725 0.6999999881
56165  -44.424  -23.323  57.821 0.6999999881
56147  -45.023  -23.670  58.064 0.6999999881
180572  -47.602  -20.057  59.005 0.6999999881
61132  -48.132  -19.421  59.085 0.6999999881
61115  -49.239  -19.500  60.172 0.6999999881
151657  -41.685  -24.067  57.720 0.6999999881
165021  -42.389  -23.374  56.951 0.6000000238
56179  -42.549  -22.820  56.612 0.6999999881
57155  -44.149  -22.672  57.514 0.6999999881
58169  -44.497  -22.161  57.429 0.6999999881
184623  -46.259  -20.455  57.423 0.6999999881
61131  -47.529  -19.608  58.363 0.6999999881
156627  -48.077  -18.921  58.110 0.6999999881
147452  -40.902  -23.884  57.532 0.5000000000
56177  -40.770  -23.517  56.143 0.5000000000
56191  -41.310  -23.172  55.815 0.5000000000
57183  -41.125  -22.749  54.971 0.6999999881
57167  -42.966  -22.292  56.546 0.6999999881
58178  -43.430  -21.725  56.499 0.6999999881
60122  -44.794  -20.869  56.722 0.6999999881
156998  -45.188  -20.297  56.397 0.6999999881
61156  -47.178  -18.984  56.901 0.6999999881
61142  -47.504  -19.170  57.666 0.6999999881
147448  -38.767  -23.544  56.677 0.4000000060
150458  -39.906  -23.616  56.358 0.4000000060
151806  -39.964  -23.706  55.491 0.5000000000
56190  -40.580  -23.423  55.071 0.5000000000
181680  -41.255  -22.325  54.548 0.6999999881
57199  -41.373  -21.831  54.153 0.6999999881
59178  -41.724  -20.912  54.000 0.6999999881
60150  -43.187  -20.158  55.173 0.6999999881
166937  -44.019  -19.887  55.104 0.6999999881
61181  -45.415  -19.352  55.031 0.6999999881
177675  -37.505  -23.497  57.005 0.4000000060
149067  -39.062  -23.622  55.840 0.4000000060
148933  -39.185  -23.724  55.163 0.5000000000
154239  -41.463  -20.080  52.454 0.6000000238
61192  -42.673  -19.432  53.402 0.6999999881
61193  -43.474  -19.287  53.692 0.6999999881
61194  -44.414  -19.131  53.778 0.6999999881
151997  -37.565  -23.312  56.127 0.4000000060
149997  -38.358  -23.317  54.989 0.4000000060
180432  -41.111  -20.062  51.824 0.6000000238
61227  -41.681  -19.297  51.944 0.6999999881
62308  -43.185  -18.511  52.186 0.6999999881
57164  -35.492  -23.398  55.396 0.4000000060
172593  -35.850  -22.082  53.656 0.4000000060
61226  -41.022  -19.052  51.217 0.6000000238
62341  -40.983  -18.548  50.514 0.6000000238
183886  -42.432  -18.340  51.190 0.6000000238
174187  -34.947  -23.270  54.392 0.3000000119
148258  -35.541  -21.880  52.655 0.3000000119
167883  -35.125  -23.074  50.274 0.4000000060
56244  -36.201  -24.209  48.495 0.3000000119
57278  -36.831  -24.448  47.782 0.3000000119
59264  -43.193  -21.530  47.306 0.3000000119
176017  -43.775  -21.707  47.398 0.3000000119
172450  -34.751  -24.860  54.860 0.3000000119
172052  -34.435  -25.070  53.966 0.3000000119
174275  -34.577  -23.186  53.247 0.3000000119
171968  -34.210  -26.015  51.362 0.3000000119
174276  -35.822  -25.098  49.068 0.3000000119
150355  -36.581  -25.116  48.235 0.3000000119
57279  -37.572  -24.206  47.416 0.3000000119
161102  -39.434  -22.843  47.409 0.3000000119
60237  -42.768  -20.825  46.706 0.3000000119
60257  -44.021  -20.247  45.631 0.3000000119
172447  -34.436  -26.646  50.011 0.3000000119
172054  -35.615  -26.533  49.147 0.3000000119
55256  -38.089  -25.680  47.623 0.3000000119
60248  -46.360  -21.013  45.914 0.3000000119
60249  -47.293  -20.805  46.282 0.3000000119
67309  -54.205  -13.834  66.040 0.4000000060
67315  -54.254  -13.404  65.289 0.4000000060
155058  -54.120  -15.252  64.158 0.6999999881
64281  -53.791  -16.822  63.240 0.6999999881
66405  -53.686  -14.960  63.269 0.6999999881
66404  -53.153  -13.814  63.055 0.5000000000
160092  -52.018  -13.534  62.330 0.6000000238
63269  -52.712  -17.404  62.344 0.8000000119
63260  -53.267  -16.905  62.712 0.6999999881
65342  -53.397  -15.462  62.849 0.5000000000
67331  -51.771  -12.502  62.440 0.6999999881
163426  -51.401  -17.584  61.725 0.6999999881
62216  -51.383  -18.396  61.763 0.6999999881
63268  -51.520  -16.737  61.778 0.6999999881
62227  -50.100  -18.562  60.921 0.6999999881
62215  -50.709  -18.634  61.472 0.6999999881
61133  -48.881  -18.656  58.607 0.6999999881
62235  -49.472  -18.721  59.480 0.6999999881
61123  -48.849  -19.206  59.461 0.6999999881
61157  -47.800  -18.281  56.603 0.6999999881
61183  -46.880  -18.328  55.444 0.6999999881
61171  -47.340  -18.376  56.081 0.6999999881
147450  -39.863  -23.752  54.718 0.5000000000
57182  -40.237  -23.481  54.303 0.5000000000
159676  -40.606  -23.094  54.348 0.5000000000
58200  -40.905  -22.052  53.380 0.6999999881
59177  -41.187  -21.352  53.276 0.6999999881
61196  -45.866  -18.560  54.579 0.6999999881
57197  -40.241  -23.134  53.574 0.5000000000
57215  -39.969  -22.739  52.676 0.6000000238
58226  -39.876  -22.065  51.629 0.5000000000
59210  -41.064  -20.942  52.329 0.5000000000
61207  -43.288  -18.957  52.940 0.6999999881
62297  -44.585  -18.568  53.072 0.6999999881
150660  -37.282  -22.819  54.854 0.4000000060
171458  -38.533  -23.224  54.129 0.4000000060
180649  -38.259  -22.839  53.413 0.4000000060
57214  -39.337  -22.578  52.320 0.4000000060
57226  -39.830  -22.412  52.081 0.4000000060
59224  -39.826  -21.431  51.009 0.5000000000
60195  -40.623  -19.728  51.237 0.6000000238
62327  -44.705  -17.821  52.392 0.6999999881
167881  -36.360  -22.475  54.433 0.4000000060
57213  -38.466  -22.554  52.675 0.4000000060
58225  -37.532  -21.813  51.031 0.4000000060
57234  -38.595  -21.869  50.915 0.4000000060
59223  -39.324  -21.101  50.134 0.4000000060
61253  -39.726  -19.327  49.714 0.4000000060
157775  -41.637  -18.151  50.357 0.5000000000
62353  -41.902  -17.709  49.713 0.6000000238
183084  -36.553  -21.820  53.100 0.4000000060
58224  -36.642  -21.684  51.248 0.4000000060
167416  -36.494  -21.833  50.236 0.4000000060
58265  -37.541  -22.680  48.016 0.3000000119
60227  -39.260  -20.407  48.490 0.3000000119
61262  -39.816  -19.677  48.096 0.3000000119
62361  -40.705  -18.189  48.716 0.4000000060
62354  -42.776  -17.431  49.772 0.5000000000
58277  -37.801  -23.372  47.579 0.3000000119
59260  -39.100  -21.905  47.622 0.3000000119
60234  -40.221  -20.453  47.496 0.3000000119
61274  -41.679  -19.251  46.782 0.3000000119
61283  -43.300  -19.313  45.622 0.3000000119
62379  -43.116  -18.299  45.917 0.3000000119
60258  -44.920  -20.297  45.423 0.3000000119
61284  -46.754  -20.287  45.456 0.3000000119
61285  -47.686  -20.316  45.723 0.3000000119
62397  -46.193  -18.008  44.472 0.3000000119
62388  -47.491  -18.875  44.452 0.3000000119
61286  -48.589  -20.442  46.122 0.3000000119
62389  -48.458  -18.879  44.424 0.3000000119
61301  -48.935  -19.717  45.043 0.3000000119
61302  -49.894  -19.874  44.951 0.3000000119
64296  -52.533  -16.390  62.280 0.6000000238
65356  -52.550  -15.416  62.343 0.6000000238
65355  -51.474  -14.099  61.713 0.6999999881
67330  -50.958  -11.385  61.687 0.6000000238
68388  -51.638  -10.926  62.758 0.4000000060
64295  -51.373  -15.478  61.641 0.6000000238
66411  -50.448  -12.815  60.665 0.6999999881
66403  -50.995  -12.510  61.624 0.6999999881
62228  -50.662  -17.816  61.216 0.6000000238
63267  -50.826  -16.962  61.258 0.6000000238
68404  -51.100  -10.983  61.051 0.6000000238
62236  -49.980  -18.354  59.957 0.6999999881
63278  -50.200  -17.761  60.284 0.6000000238
63279  -50.286  -16.894  60.521 0.6999999881
62242  -49.701  -18.183  58.543 0.6999999881
62250  -48.649  -18.217  57.614 0.6999999881
62251  -49.323  -18.029  57.873 0.6999999881
63285  -50.340  -17.852  59.264 0.6000000238
62259  -48.505  -17.974  56.736 0.6999999881
177674  -46.471  -18.191  54.904 0.6999999881
63353  -46.409  -16.644  52.879 0.6999999881
62298  -45.546  -18.190  53.884 0.6999999881
63366  -45.403  -16.725  51.734 0.6999999881
63352  -45.520  -17.150  52.543 0.6999999881
63380  -43.777  -17.128  50.012 0.6999999881
62344  -43.869  -17.572  50.965 0.6999999881
63365  -44.650  -17.286  51.507 0.6999999881
63408  -42.934  -17.229  47.294 0.3000000119
63400  -42.007  -17.528  47.598 0.4000000060
63390  -42.114  -17.261  48.773 0.5000000000
165038  -43.863  -17.153  47.172 0.5000000000
63418  -43.308  -17.597  46.423 0.3000000119
63426  -44.378  -17.802  45.502 0.3000000119
63427  -45.358  -17.719  45.031 0.3000000119
63432  -46.719  -17.492  44.361 0.3000000119
63434  -48.189  -17.128  43.734 0.3000000119
62400  -48.854  -18.004  43.926 0.3000000119
62390  -49.463  -18.870  44.382 0.3000000119
62391  -50.535  -18.818  44.362 0.4000000060
64294  -50.470  -15.823  60.746 0.6999999881
65354  -50.512  -14.294  60.588 0.6999999881
67347  -50.490  -12.199  59.984 0.6999999881
64308  -50.138  -15.898  59.512 0.6999999881
65364  -50.092  -14.639  59.623 0.8000000119
66419  -50.234  -13.325  59.760 0.6999999881
67348  -51.041  -12.201  59.757 0.6999999881
67349  -51.825  -12.186  60.152 0.6000000238
63286  -50.475  -17.054  59.265 0.6000000238
65371  -50.547  -15.127  58.893 0.8999999762
65372  -51.180  -14.813  58.786 0.8999999762
66421  -52.016  -13.280  59.714 0.8000000119
67337  -53.255  -12.522  60.923 0.6000000238
62260  -49.432  -17.874  56.892 0.6999999881
62243  -50.244  -17.826  58.456 0.6000000238
161888  -51.046  -17.121  57.911 0.8000000119
64317  -51.830  -15.822  58.389 0.8999999762
65373  -52.534  -15.280  58.861 0.8999999762
62261  -50.234  -17.831  56.645 0.6999999881
62262  -50.709  -17.577  56.929 0.6999999881
63307  -51.365  -17.316  56.464 0.8999999762
63308  -52.080  -17.030  57.021 0.8999999762
62291  -47.187  -17.616  54.862 0.6999999881
62292  -48.180  -17.396  55.063 0.6999999881
63320  -50.447  -17.809  55.199 0.6999999881
63321  -51.276  -17.442  55.483 0.8999999762
162226  -47.148  -16.265  52.713 0.6999999881
62299  -47.145  -16.963  54.173 0.6999999881
63344  -48.914  -16.852  53.892 0.6999999881
63331  -49.067  -17.331  54.630 0.6999999881
63367  -45.992  -16.440  52.125 0.6999999881
63342  -47.164  -16.496  53.423 0.6999999881
63392  -44.679  -16.615  50.059 0.6999999881
63382  -45.119  -16.611  50.901 0.6999999881
63383  -46.113  -16.062  51.175 0.6999999881
63393  -45.042  -16.295  49.457 0.5000000000
64435  -46.961  -15.815  50.595 0.6999999881
63409  -44.411  -16.574  47.925 0.5000000000
64449  -45.066  -16.196  48.638 0.5000000000
64456  -45.249  -16.243  47.665 0.5000000000
63410  -44.679  -16.815  46.942 0.4000000060
64471  -45.912  -16.930  45.742 0.4000000060
64478  -46.917  -16.796  44.454 0.3000000119
63433  -47.344  -17.298  44.050 0.3000000119
63435  -49.172  -16.990  43.633 0.4000000060
62402  -50.947  -18.001  44.074 0.4000000060
165995  -53.166  -13.194  60.328 0.8999999762
65385  -53.749  -15.597  58.899 0.8999999762
66435  -53.378  -14.780  59.396 0.8999999762
67350  -54.450  -13.611  60.734 0.6999999881
64339  -52.729  -16.638  57.322 0.8999999762
64328  -53.349  -16.073  58.384 1.0000000000
66436  -54.809  -15.007  59.836 0.8999999762
67351  -55.700  -13.703  60.863 0.8999999762
63332  -50.013  -17.650  54.418 0.6999999881
63333  -51.013  -17.278  54.493 0.8000000119
64340  -53.453  -16.390  57.538 0.8999999762
64329  -54.419  -15.993  58.508 1.0000000000
66437  -55.868  -14.855  59.896 0.8999999762
66423  -55.232  -14.325  60.350 0.8999999762
162910  -49.592  -17.231  53.928 0.6999999881
63345  -50.315  -17.066  53.799 0.6999999881
63334  -51.957  -17.058  54.944 0.8999999762
64368  -52.670  -16.703  55.420 0.8999999762
64356  -53.367  -16.422  56.676 1.0000000000
64419  -47.275  -15.990  51.353 0.6999999881
63355  -48.729  -16.408  53.158 0.6999999881
64393  -49.635  -16.610  53.316 0.6999999881
64420  -48.059  -15.968  51.502 0.6999999881
64421  -48.766  -15.795  51.248 0.6999999881
152840  -49.382  -15.748  51.957 0.6999999881
153162  -46.534  -15.668  49.060 0.6000000238
153349  -47.233  -15.675  49.763 0.6999999881
64443  -48.231  -15.685  49.464 0.6999999881
64450  -45.850  -15.815  48.354 0.6000000238
64451  -46.691  -15.611  48.057 0.6000000238
64466  -46.475  -16.067  46.353 0.5000000000
154833  -48.072  -15.315  46.711 0.4000000060
65528  -47.919  -15.317  45.785 0.4000000060
64479  -47.641  -16.284  43.979 0.4000000060
65545  -50.002  -15.119  43.986 0.4000000060
64481  -49.435  -15.936  43.583 0.4000000060
64482  -50.514  -16.072  43.737 0.4000000060
63437  -52.124  -16.819  44.334 0.4000000060
62403  -51.709  -17.467  44.253 0.4000000060
67352  -56.807  -13.608  60.856 0.8000000119
64357  -54.104  -16.221  56.854 1.0000000000
65399  -55.642  -15.740  57.704 0.8999999762
66438  -56.748  -14.444  59.729 0.6999999881
64394  -50.660  -16.230  53.215 0.8999999762
64395  -51.602  -16.188  53.434 0.8999999762
64381  -53.264  -16.223  55.024 1.0000000000
64358  -54.956  -15.890  57.040 1.0000000000
65400  -56.559  -15.456  57.392 0.8999999762
65387  -57.017  -14.977  58.639 0.8000000119
64408  -49.965  -15.920  52.614 0.6999999881
64409  -51.348  -15.757  52.867 0.8999999762
64397  -53.244  -15.978  54.155 0.8999999762
64382  -53.935  -15.844  54.694 1.0000000000
65426  -55.257  -15.560  55.384 1.0000000000
177237  -55.963  -15.451  56.011 0.8999999762
65478  -49.597  -15.412  51.015 0.6999999881
64422  -50.177  -15.423  51.803 0.6999999881
65479  -51.683  -14.848  51.221 0.8000000119
64410  -53.133  -15.674  53.264 1.0000000000
65460  -53.880  -15.356  52.597 1.0000000000
65461  -54.799  -15.252  52.792 1.0000000000
154056  -56.214  -15.361  55.138 0.8999999762
65509  -47.445  -15.588  48.729 0.6000000238
154038  -49.884  -15.322  49.933 0.6999999881
65492  -50.595  -15.014  50.811 0.8000000119
65481  -53.611  -14.796  51.633 1.0000000000
65482  -54.672  -14.640  51.927 1.0000000000
65462  -55.557  -14.384  52.250 0.8000000119
153440  -56.044  -15.088  53.451 0.8000000119
65510  -48.428  -15.493  48.373 0.6000000238
153746  -50.075  -14.991  48.885 0.6999999881
165260  -51.365  -14.341  49.396 0.8000000119
65503  -52.246  -13.828  49.446 0.8000000119
66552  -54.405  -12.881  49.474 1.0000000000
178835  -54.971  -12.914  50.072 1.0000000000
175204  -55.772  -13.419  51.333 1.0000000000
65511  -49.336  -15.040  47.988 0.5000000000
65512  -50.212  -14.350  47.880 0.6000000238
66559  -51.752  -13.535  47.825 0.8000000119
66561  -54.257  -12.505  47.555 0.8999999762
66553  -55.873  -12.507  48.978 1.0000000000
65529  -48.870  -14.848  46.251 0.4000000060
65530  -49.953  -14.376  45.941 0.5000000000
66573  -51.469  -13.725  46.033 0.5000000000
66569  -53.869  -12.703  46.697 0.6999999881
65514  -55.098  -12.954  46.869 0.8000000119
65538  -49.435  -14.729  44.961 0.4000000060
65531  -51.969  -14.183  45.089 0.5000000000
65532  -53.032  -14.327  45.265 0.6000000238
64468  -53.980  -14.770  45.520 0.6000000238
64459  -55.467  -14.651  46.651 0.6000000238
65546  -50.995  -15.274  44.212 0.4000000060
64475  -52.564  -16.150  44.484 0.4000000060
152695  -53.358  -16.778  44.834 0.6000000238
63412  -54.692  -17.209  45.941 0.6000000238
63429  -52.565  -17.236  44.520 0.4000000060
158040  -56.994  -15.265  58.026 0.6999999881
65378  -57.582  -14.454  58.816 0.6999999881
65414  -56.497  -15.447  56.558 0.8999999762
153441  -56.818  -15.371  55.844 0.6999999881
66543  -56.260  -12.680  49.966 0.8999999762
65463  -56.348  -14.299  52.628 0.8000000119
65515  -56.028  -13.607  47.338 0.6999999881
65504  -56.534  -12.878  48.116 0.8000000119
66554  -56.889  -12.538  48.877 0.8999999762
64458  -54.786  -15.579  46.043 0.6000000238
64452  -56.078  -15.630  47.349 0.6000000238
64453  -56.661  -14.673  47.919 0.8000000119
62380  -54.034  -18.240  45.524 0.5000000000
63413  -55.238  -17.863  46.735 0.6000000238
62373  -54.887  -18.937  46.690 0.5000000000
62374  -55.471  -18.584  47.431 0.5000000000
65389  -58.314  -14.586  57.768 0.6000000238
67360  -58.100  -13.620  59.222 0.6000000238
65415  -57.358  -15.329  56.698 0.6999999881
153522  -57.155  -15.194  54.926 0.6999999881
65427  -57.747  -15.225  55.698 0.6999999881
178083  -57.244  -12.691  50.659 0.8999999762
66537  -58.003  -12.703  51.263 0.6999999881
66544  -58.370  -13.000  50.299 0.8000000119
65505  -57.183  -13.746  48.563 0.8000000119
63404  -55.913  -17.394  47.557 0.6999999881
64444  -56.508  -16.529  48.079 0.8000000119
61259  -55.976  -19.251  48.616 0.6000000238
60242  -54.725  -20.439  47.333 0.5000000000
61268  -55.599  -19.183  47.950 0.5000000000
59241  -55.599  -20.973  48.513 0.5000000000
58241  -56.353  -22.008  49.424 0.5000000000
57239  -56.528  -22.792  49.232 0.4000000060
65416  -58.322  -15.055  56.466 0.6000000238
181156  -58.728  -14.188  57.712 0.6000000238
65417  -59.088  -14.459  56.273 0.6000000238
65448  -57.118  -14.378  53.134 0.6999999881
65441  -58.061  -14.862  54.729 0.6999999881
66496  -58.888  -14.376  54.488 0.6999999881
66525  -57.495  -13.378  52.159 0.6999999881
66508  -58.203  -14.013  52.991 0.6999999881
153997  -59.207  -13.964  53.499 0.6999999881
66507  -58.113  -13.550  52.411 0.6999999881
65464  -59.112  -13.564  52.086 0.8000000119
66509  -59.107  -13.720  52.771 0.6999999881
65496  -57.690  -12.986  49.419 0.8999999762
65498  -58.768  -14.120  50.489 0.8999999762
64440  -58.735  -15.309  50.889 0.6999999881
64446  -57.616  -14.964  49.135 0.8000000119
64439  -57.803  -16.176  49.799 0.6999999881
153380  -58.254  -15.725  50.415 0.6999999881
64425  -58.291  -16.479  51.059 0.6999999881
64438  -57.340  -16.762  49.196 0.8000000119
63385  -57.509  -17.574  49.818 0.6999999881
63370  -57.677  -18.134  50.386 0.6000000238
62357  -56.498  -18.432  48.955 0.6000000238
61246  -56.682  -19.503  50.098 0.6000000238
61231  -57.314  -18.987  50.421 0.6000000238
60215  -57.248  -20.682  50.558 0.5000000000
60222  -55.371  -20.048  48.123 0.5000000000
59229  -56.203  -20.953  49.385 0.5000000000
58242  -56.860  -22.219  50.047 0.5000000000
59230  -56.689  -21.331  50.133 0.5000000000
57240  -57.061  -22.943  49.853 0.4000000060
162357  -57.349  -23.378  49.545 0.4000000060
57258  -56.703  -23.405  48.962 0.4000000060
56239  -57.315  -23.861  48.927 0.4000000060
67372  -59.276  -13.212  57.779 0.6000000238
67373  -59.721  -13.681  57.349 0.6000000238
68438  -60.024  -12.973  57.214 0.6000000238
67381  -60.093  -13.853  56.966 0.6999999881
66472  -60.073  -13.937  56.379 0.6999999881
66482  -59.425  -14.173  55.333 0.6999999881
66498  -59.845  -13.566  54.601 0.6999999881
66510  -59.730  -13.808  52.749 0.6999999881
65465  -59.230  -14.728  51.805 0.6999999881
64412  -59.994  -16.037  52.716 0.6999999881
63356  -58.478  -16.725  51.563 0.6999999881
155297  -59.421  -16.633  52.478 0.6000000238
63371  -58.187  -17.571  51.136 0.6000000238
62331  -58.461  -18.527  51.524 0.6000000238
62315  -59.237  -18.408  52.252 0.6000000238
63359  -60.267  -17.708  52.648 0.6000000238
60184  -59.257  -19.808  51.907 0.6999999881
60185  -60.072  -20.000  52.219 0.6999999881
62317  -60.557  -18.560  52.368 0.6999999881
59215  -58.002  -20.972  50.939 0.6000000238
59216  -58.877  -21.180  51.190 0.6000000238
59217  -59.722  -21.376  51.496 0.6000000238
60187  -61.153  -19.819  51.862 0.6000000238
60205  -61.224  -20.482  51.519 0.6000000238
60216  -61.930  -20.548  50.007 0.6000000238
58243  -57.555  -22.353  50.389 0.4000000060
58244  -58.363  -22.488  50.598 0.6000000238
58232  -59.855  -22.135  51.195 0.6000000238
58246  -60.084  -22.741  50.752 0.6000000238
58233  -61.172  -21.987  51.067 0.6000000238
164124  -58.965  -23.593  49.583 0.5000000000
57243  -59.534  -23.205  50.229 0.6999999881
57244  -60.424  -23.182  50.201 0.6000000238
175086  -58.055  -23.523  49.581 0.4000000060
56240  -58.345  -24.023  48.999 0.4000000060
69475  -59.828  -11.481  56.432 0.6999999881
70457  -59.913  -10.786  55.815 0.6000000238
69476  -60.115  -11.697  55.659 0.6999999881
68447  -60.273  -12.517  55.511 0.6000000238
67405  -60.377  -13.068  55.316 0.6000000238
69510  -61.137  -11.896  54.486 0.6999999881
67414  -60.291  -13.079  53.720 0.6999999881
67416  -60.767  -12.743  53.489 0.6999999881
69523  -61.476  -11.829  52.871 0.6999999881
68487  -61.291  -12.380  52.283 0.6999999881
155543  -62.201  -11.087  51.863 0.6000000238
66512  -60.509  -13.816  52.277 0.6999999881
66527  -61.321  -14.543  52.010 0.6999999881
67433  -61.311  -13.094  51.785 0.6999999881
67439  -61.936  -13.261  51.178 0.6000000238
66539  -61.897  -14.191  51.074 0.6000000238
65466  -60.567  -15.511  52.466 0.6999999881
65467  -61.200  -15.857  52.263 0.6999999881
66528  -61.538  -14.002  51.600 0.6000000238
65468  -61.682  -14.977  51.636 0.6000000238
64413  -60.622  -16.666  52.510 0.6999999881
64414  -61.290  -16.653  52.018 0.6000000238
65485  -61.788  -15.673  51.276 0.6000000238
156114  -61.857  -14.936  51.014 0.6000000238
63360  -60.936  -17.708  52.185 0.6999999881
62318  -61.001  -18.642  52.112 0.6000000238
63372  -61.351  -17.365  51.623 0.6000000238
61217  -60.882  -19.319  52.145 0.6000000238
61234  -61.205  -19.152  51.798 0.6000000238
70478  -59.659  -9.981  55.361 0.4000000060
70479  -59.977  -10.463  54.950 0.5000000000
181794  -61.004  -11.294  54.773 0.6999999881
68509  -62.198  -12.370  51.105 0.6000000238
64428  -61.711  -16.333  50.776 0.6000000238
62350  -61.485  -18.141  50.577 0.6000000238
164125  -62.325  -12.922  50.570 0.6000000238
63386  -61.463  -17.081  50.082 0.6000000238
57259  -59.884  -23.555  49.548 0.5000000000
56250  -58.831  -24.132  48.243 0.4000000060
57260  -60.765  -23.471  49.503 0.6000000238
58248  -62.021  -21.952  50.023 0.6000000238
58247  -61.523  -22.365  50.493 0.6000000238
61235  -61.423  -19.722  51.315 0.6000000238
59243  -62.206  -21.166  49.605 0.6000000238
60224  -62.470  -20.539  49.071 0.6000000238
65499  -61.802  -15.433  50.435 0.6000000238
165920  -61.603  -18.257  49.009 0.6000000238
67441  -62.158  -13.520  50.518 0.5000000000
52919  -18.164  -28.322  90.094 0.1000000015
52927  -17.927  -27.751  88.523 0.1000000015
52944  -18.674  -27.877  86.399 0.1000000015
52934  -17.962  -27.686  87.563 0.1000000015
153217  -17.030  -27.554  88.718 0.1000000015
53912  -15.596  -26.841  88.588 0.1000000015
164429  -17.927  -27.552  86.609 0.1000000015
53920  -16.422  -26.706  87.359 0.1000000015
53942  -17.546  -26.015  85.667 0.1000000015
53943  -17.842  -26.674  85.499 0.1000000015
52943  -18.080  -27.356  85.822 0.1000000015
52965  -18.508  -26.209  84.333 0.1000000015
53975  -19.366  -26.336  82.956 0.1000000015
53964  -18.882  -26.253  83.555 0.1000000015
54918  -18.879  -25.160  84.863 0.1000000015
52975  -21.953  -27.120  82.936 0.1000000015
52967  -22.757  -27.215  83.591 0.1000000015
52956  -23.863  -26.528  84.817 0.1000000015
57840  -18.265  -22.081  91.112 0.2000000030
55862  -17.061  -23.959  89.957 0.1000000015
152163  -20.057  -20.564  91.049 0.3000000119
58799  -20.236  -21.061  90.950 0.3000000119
55886  -18.453  -24.134  87.916 0.2000000030
54917  -18.193  -25.429  85.202 0.1000000015
54907  -18.712  -24.762  85.573 0.2000000030
153954  -19.628  -24.805  85.427 0.1000000015
54909  -21.493  -25.078  86.080 0.3000000119
52053  -25.086  -26.899  84.884 0.1000000015
53946  -24.568  -25.763  86.082 0.2000000030
163024  -25.613  -26.566  85.680 0.2000000030
52055  -25.920  -26.974  85.172 0.2000000030
171671  -21.724  -21.043  90.659 0.3000000119
57851  -21.489  -21.994  90.219 0.3000000119
56881  -21.183  -22.652  89.691 0.3000000119
55871  -19.590  -23.633  88.557 0.2000000030
56892  -20.893  -23.181  89.181 0.2000000030
147451  -23.405  -20.760  90.208 0.3000000119
55887  -19.263  -24.002  88.037 0.2000000030
55872  -20.574  -23.600  88.581 0.2000000030
56893  -21.799  -23.165  89.183 0.3000000119
55904  -19.154  -24.159  87.204 0.2000000030
55912  -18.427  -24.476  86.351 0.2000000030
55905  -20.258  -24.290  86.946 0.2000000030
175517  -20.962  -24.252  87.410 0.3000000119
55874  -22.489  -23.656  88.690 0.3000000119
54908  -20.477  -24.641  86.134 0.2000000030
55890  -22.348  -24.145  87.982 0.3000000119
54896  -21.822  -24.450  87.386 0.3000000119
54882  -23.618  -24.813  87.208 0.3000000119
185027  -23.182  -24.451  87.687 0.3000000119
53931  -23.250  -25.090  86.628 0.3000000119
53922  -24.973  -25.200  87.287 0.4000000060
52936  -25.419  -26.119  86.151 0.3000000119
52949  -26.464  -26.644  85.568 0.3000000119
53947  -26.298  -26.239  86.041 0.3000000119
52959  -26.705  -27.006  84.943 0.2000000030
167369  -27.674  -27.632  83.151 0.3000000119
53002  -27.456  -28.191  81.544 0.1000000015
181106  -27.020  -28.750  79.901 0.1000000015
52127  -26.635  -29.513  78.370 0.1000000015
50388  -26.886  -30.396  77.032 0.1000000015
160214  -27.073  -30.863  76.336 0.2000000030
172497  -22.881  -19.147  90.185 0.3000000119
172498  -24.364  -19.521  89.547 0.4000000060
57854  -24.708  -22.165  89.435 0.4000000060
60913  -37.236  -19.915  80.861 0.5000000000
59856  -36.380  -21.039  81.496 0.8000000119
58884  -37.069  -21.509  81.143 0.8000000119
57864  -24.522  -22.737  89.345 0.3000000119
58872  -35.433  -21.480  81.902 0.6999999881
163847  -35.911  -22.630  80.850 0.8999999762
56945  -37.313  -22.783  81.121 0.8000000119
55894  -25.518  -24.192  88.128 0.4000000060
54898  -25.459  -25.248  87.232 0.4000000060
56941  -34.596  -23.701  81.208 0.8000000119
55936  -36.164  -24.099  80.791 0.8999999762
177828  -25.686  -25.636  86.820 0.4000000060
55914  -26.265  -25.205  86.479 0.4000000060
55935  -35.566  -24.345  80.860 0.8999999762
53948  -26.695  -26.369  85.608 0.3000000119
54921  -26.889  -25.875  85.491 0.3000000119
167791  -26.799  -25.185  85.115 0.3000000119
160858  -35.226  -26.436  81.094 0.8999999762
52994  -35.745  -26.916  80.826 0.8999999762
53993  -37.650  -26.108  81.005 1.0000000000
149320  -26.983  -26.152  83.686 0.3000000119
54006  -34.342  -26.985  80.624 0.8999999762
52104  -37.529  -27.973  79.865 1.0000000000
52103  -36.803  -28.497  79.795 1.0000000000
147433  -27.307  -27.005  82.654 0.3000000119
52112  -36.074  -28.788  79.605 1.0000000000
53013  -26.829  -27.997  80.137 0.1000000015
52110  -34.773  -28.516  79.073 1.0000000000
52111  -35.484  -28.868  79.256 1.0000000000
47632  -30.343  -34.004  74.334 0.2000000030
47631  -29.663  -33.590  74.061 0.2000000030
47620  -30.568  -33.627  75.204 0.2000000030
52122  -35.335  -29.121  78.472 1.0000000000
50377  -36.511  -29.673  77.743 1.0000000000
181134  -27.551  -31.576  75.373 0.2000000030
177272  -28.037  -31.998  74.926 0.2000000030
51270  -35.981  -29.404  76.193 1.0000000000
157230  -37.836  -30.198  76.545 1.0000000000
61997  -34.533  -19.075  81.498 0.5000000000
57866  -25.345  -21.920  88.944 0.4000000060
62013  -35.869  -18.889  81.408 0.5000000000
60892  -35.714  -19.530  81.789 0.6999999881
170457  -25.708  -21.196  88.637 0.5000000000
60940  -37.407  -19.990  79.098 0.3000000119
59895  -37.729  -20.958  78.869 0.3000000119
56904  -25.552  -22.794  88.642 0.5000000000
162624  -38.620  -22.546  79.027 0.4000000060
173735  -26.154  -22.676  88.010 0.4000000060
56954  -33.987  -23.085  81.364 0.8000000119
56964  -38.727  -23.443  80.515 0.8000000119
56912  -26.286  -23.655  86.974 0.4000000060
166724  -33.907  -23.967  81.405 0.8000000119
54948  -33.825  -25.349  81.165 0.8999999762
54952  -38.068  -25.356  81.054 0.8999999762
166552  -38.361  -24.662  80.873 0.8999999762
52997  -37.864  -26.677  80.365 1.0000000000
54962  -39.658  -25.342  80.039 0.8999999762
54005  -33.732  -26.699  80.451 0.8999999762
159599  -38.079  -27.286  79.794 1.0000000000
53000  -26.366  -27.243  80.471 0.4000000060
51249  -38.515  -29.091  78.728 1.0000000000
53022  -25.776  -28.012  78.994 0.2000000030
52139  -25.521  -29.404  77.291 0.1000000015
52126  -25.885  -29.100  77.998 0.1000000015
51269  -25.996  -29.945  76.795 0.1000000015
157785  -35.455  -29.234  76.907 1.0000000000
50412  -26.224  -30.936  74.437 0.2000000030
47644  -30.043  -34.263  73.445 0.2000000030
49561  -26.998  -31.894  73.419 0.2000000030
53066  -34.977  -27.443  74.196 1.0000000000
184074  -36.495  -29.453  75.619 1.0000000000
153857  -36.591  -29.214  74.941 1.0000000000
51300  -37.375  -28.564  72.508 1.0000000000
52204  -37.498  -28.062  70.298 0.8999999762
60864  -26.467  -19.681  87.840 0.6000000238
160358  -35.065  -19.841  81.932 0.6000000238
59853  -34.618  -20.663  81.794 0.6999999881
59854  -35.234  -20.747  82.076 0.6999999881
168799  -27.252  -20.972  86.722 0.6999999881
62048  -37.176  -19.062  78.778 0.3000000119
58914  -37.879  -21.316  78.012 0.3000000119
173102  -26.425  -22.932  86.521 0.5000000000
57925  -33.611  -22.156  81.368 0.8000000119
62062  -36.799  -18.940  77.189 0.3000000119
148177  -26.199  -23.535  85.432 0.5000000000
170119  -26.833  -22.144  85.445 0.6000000238
167019  -39.977  -23.915  80.022 0.8000000119
54947  -33.015  -25.215  80.986 0.8999999762
147442  -26.556  -25.466  83.613 0.4000000060
54972  -41.204  -25.226  79.149 0.8999999762
54016  -32.534  -26.839  79.574 0.8999999762
53003  -33.322  -27.264  79.829 0.8999999762
53990  -26.452  -26.196  81.607 0.6000000238
175221  -33.331  -28.015  78.551 0.8999999762
52125  -25.082  -28.755  77.698 0.1000000015
50387  -26.346  -30.460  76.181 0.1000000015
46641  -31.270  -35.607  72.306 0.2000000030
50415  -38.270  -30.276  74.963 1.0000000000
46652  -30.256  -34.905  71.615 0.2000000030
49560  -26.234  -31.576  72.756 0.2000000030
176193  -35.270  -26.619  72.277 0.8999999762
54090  -33.774  -25.680  69.200 0.6000000238
54100  -35.250  -26.164  68.149 0.6999999881
54106  -31.791  -25.948  67.287 0.6000000238
159620  -33.044  -25.651  66.981 0.6000000238
54109  -35.469  -26.280  67.298 0.5000000000
54115  -32.245  -25.747  66.488 0.4000000060
52227  -30.679  -27.074  66.432 0.3000000119
54128  -31.986  -25.749  65.835 0.4000000060
54116  -33.599  -25.640  66.133 0.4000000060
165511  -34.880  -26.093  66.903 0.5000000000
54117  -34.660  -26.027  66.202 0.4000000060
52222  -37.166  -27.878  67.749 0.8999999762
54158  -33.555  -26.360  63.665 0.4000000060
151877  -26.435  -18.752  87.501 0.5000000000
60871  -27.432  -19.299  86.605 0.6999999881
63093  -35.916  -18.252  81.097 0.3000000119
59874  -32.175  -20.235  79.880 0.6999999881
58882  -32.807  -21.101  81.012 0.6999999881
63106  -36.089  -17.089  79.717 0.2000000030
58883  -33.315  -21.331  81.316 0.8000000119
63107  -36.475  -17.667  79.117 0.2000000030
58894  -31.983  -21.727  80.078 0.8000000119
62053  -36.544  -18.327  77.628 0.2000000030
167060  -39.339  -22.873  76.737 0.2000000030
56963  -32.468  -23.620  80.708 0.8000000119
60965  -36.582  -19.336  76.555 0.2000000030
60977  -36.972  -20.152  76.227 0.3000000119
55966  -31.257  -24.031  79.576 0.8000000119
55955  -31.965  -24.402  80.245 0.8000000119
54958  -31.890  -25.379  79.998 0.8999999762
166825  -31.684  -25.932  79.494 0.8999999762
54024  -30.572  -26.444  78.392 0.8999999762
54023  -29.959  -25.900  78.394 0.8999999762
54980  -42.115  -25.178  78.435 0.8999999762
54945  -25.905  -25.131  81.925 0.5000000000
51250  -39.763  -28.692  78.544 1.0000000000
53025  -32.684  -27.569  78.562 0.8999999762
54000  -25.183  -25.853  80.374 0.5000000000
50411  -25.802  -30.948  73.323 0.2000000030
46670  -30.232  -34.722  70.890 0.2000000030
49583  -26.043  -31.750  71.158 0.1000000015
47671  -30.254  -34.075  70.438 0.2000000030
47685  -29.597  -33.462  70.199 0.2000000030
51339  -38.103  -29.029  69.020 0.8999999762
62029  -32.139  -18.057  80.328 0.6000000238
60875  -28.006  -19.043  85.893 0.6999999881
58843  -27.901  -20.725  84.957 0.6999999881
59824  -27.823  -19.841  86.060 0.6999999881
64117  -35.322  -16.763  80.291 0.2000000030
59883  -31.950  -19.517  79.434 0.6999999881
153099  -36.066  -17.666  77.309 0.2000000030
58913  -31.401  -21.181  77.978 0.8000000119
63152  -34.691  -17.826  75.008 0.2000000030
62076  -35.724  -18.417  75.938 0.2000000030
63125  -35.487  -17.190  77.021 0.2000000030
59937  -36.606  -20.528  75.437 0.2000000030
60986  -36.019  -19.903  74.985 0.2000000030
58951  -37.684  -22.274  75.354 0.2000000030
58006  -38.344  -22.928  74.779 0.2000000030
56990  -42.767  -23.734  78.022 0.8999999762
54977  -28.850  -24.794  77.574 0.8000000119
179752  -41.015  -27.639  78.496 1.0000000000
54027  -42.231  -25.863  78.283 1.0000000000
181969  -29.339  -26.615  77.343 0.8999999762
54035  -42.973  -26.911  77.594 1.0000000000
54036  -43.336  -26.081  77.325 1.0000000000
53032  -31.453  -27.419  77.564 0.8999999762
49529  -40.603  -31.146  75.284 1.0000000000
49618  -26.921  -31.842  69.635 0.1000000015
163432  -29.128  -32.936  69.854 0.2000000030
48724  -30.505  -33.090  70.343 0.2000000030
49605  -29.244  -32.075  69.891 0.3000000119
50466  -39.493  -30.560  71.276 1.0000000000
52190  -30.209  -27.585  72.193 0.6999999881
61973  -28.292  -18.377  84.725 0.6000000238
61974  -28.802  -18.342  84.072 0.6000000238
63099  -31.606  -17.397  80.354 0.5000000000
177356  -30.924  -17.513  80.092 0.5000000000
60879  -29.029  -18.809  83.830 0.6000000238
59840  -28.283  -20.058  84.304 0.8000000119
65160  -34.056  -15.841  79.983 0.2000000030
58868  -27.356  -21.643  82.715 0.6999999881
59893  -30.737  -20.163  77.725 0.8000000119
65178  -34.364  -15.728  78.125 0.2000000030
58925  -29.601  -21.497  76.758 0.8000000119
64144  -34.584  -16.237  77.242 0.2000000030
65179  -35.152  -16.261  78.012 0.2000000030
63139  -34.471  -17.290  75.535 0.2000000030
58976  -39.245  -22.607  73.722 0.1000000015
60942  -42.334  -19.647  78.035 0.4000000060
58049  -38.097  -22.746  71.680 0.1000000015
55954  -24.929  -24.352  80.324 0.6000000238
54984  -28.542  -25.443  77.272 0.6999999881
54037  -43.840  -26.132  76.750 1.0000000000
54976  -24.371  -25.636  79.017 0.6000000238
51264  -41.943  -29.811  77.361 1.0000000000
53034  -43.416  -27.580  77.095 1.0000000000
53044  -44.374  -27.730  76.148 1.0000000000
53040  -27.984  -26.819  76.312 0.6999999881
166154  -42.628  -29.637  77.051 1.0000000000
54993  -44.654  -25.392  75.889 1.0000000000
54040  -24.091  -26.509  76.840 0.3000000119
164571  -29.510  -27.175  76.440 0.8999999762
48658  -42.905  -31.137  76.407 1.0000000000
49531  -44.367  -31.152  75.182 1.0000000000
52148  -44.558  -28.374  75.812 1.0000000000
53038  -24.148  -27.549  76.461 0.4000000060
49548  -41.230  -31.343  74.688 1.0000000000
52168  -30.075  -27.686  74.507 0.8999999762
151693  -41.836  -31.983  73.319 1.0000000000
53062  -31.281  -27.088  74.376 0.8999999762
49604  -28.240  -31.675  69.666 0.2000000030
49585  -29.844  -31.014  70.845 0.4000000060
48725  -31.445  -33.004  70.720 0.2000000030
177986  -30.230  -30.108  71.805 0.4000000060
49563  -31.763  -31.637  71.309 0.3000000119
63066  -28.864  -17.750  83.575 0.6000000238
155751  -29.186  -17.660  83.034 0.5000000000
62010  -29.881  -17.486  81.655 0.6000000238
60890  -29.259  -19.003  82.169 0.6000000238
62026  -29.963  -18.506  80.346 0.6000000238
65168  -33.514  -15.430  79.485 0.2000000030
59880  -28.726  -20.633  79.512 0.8000000119
59891  -29.023  -20.703  78.394 0.8000000119
58910  -28.611  -21.236  77.903 0.8000000119
65196  -33.464  -15.644  76.989 0.2000000030
65186  -33.460  -15.333  77.736 0.2000000030
65208  -33.593  -16.353  75.953 0.2000000030
59960  -39.175  -21.691  73.099 0.1000000015
56961  -25.735  -23.162  80.392 0.6999999881
57990  -28.364  -22.530  76.153 0.8000000119
63151  -34.150  -17.387  74.933 0.2000000030
56974  -25.972  -23.214  79.348 0.8000000119
56985  -26.253  -23.165  78.183 0.6999999881
57019  -26.972  -23.466  75.343 0.6999999881
55994  -27.841  -24.078  75.745 0.6999999881
162842  -26.971  -24.471  75.069 0.6999999881
55997  -44.395  -24.772  76.200 0.8000000119
164537  -44.460  -23.982  76.216 0.8000000119
54998  -26.549  -24.706  74.603 0.6999999881
54989  -24.155  -25.573  77.194 0.5000000000
56001  -24.903  -24.582  75.476 0.6999999881
184844  -26.786  -26.885  74.918 0.6999999881
52159  -45.058  -28.260  75.445 1.0000000000
54049  -45.170  -26.932  75.411 1.0000000000
54045  -45.386  -26.212  75.222 1.0000000000
57020  -45.563  -23.868  74.948 0.8999999762
54999  -45.478  -25.205  75.150 1.0000000000
53047  -24.049  -27.149  75.202 0.4000000060
50408  -45.334  -28.718  74.562 1.0000000000
54056  -46.080  -26.595  74.174 1.0000000000
57025  -45.730  -24.268  74.315 0.8999999762
159907  -24.119  -28.156  74.723 0.3000000119
53059  -24.094  -27.903  73.455 0.3000000119
149157  -43.204  -30.975  74.669 1.0000000000
172300  -46.139  -28.406  73.808 1.0000000000
52187  -24.308  -27.916  72.033 0.4000000060
179620  -42.923  -31.125  74.198 1.0000000000
172831  -43.640  -30.768  73.547 1.0000000000
167555  -43.776  -29.846  73.892 1.0000000000
173642  -44.477  -27.781  74.250 1.0000000000
168694  -45.587  -25.543  73.914 1.0000000000
51329  -25.079  -28.715  69.933 0.4000000060
51316  -25.444  -29.434  69.856 0.3000000119
48716  -41.801  -32.116  72.521 1.0000000000
172297  -44.161  -28.644  72.334 1.0000000000
51317  -26.495  -29.819  70.013 0.3000000119
48728  -41.345  -32.039  71.939 1.0000000000
49610  -40.841  -31.695  71.182 1.0000000000
173983  -43.111  -31.633  71.007 1.0000000000
49631  -40.101  -31.188  69.727 1.0000000000
50513  -38.942  -30.538  68.131 0.8999999762
62049  -42.443  -19.182  77.813 0.3000000119
57949  -27.301  -22.191  79.178 0.8000000119
57964  -28.263  -21.695  77.533 0.8000000119
56986  -27.011  -22.719  77.686 0.8000000119
57010  -26.519  -23.318  76.067 0.6999999881
58942  -44.718  -22.051  76.240 0.6999999881
59925  -44.879  -21.052  76.220 0.6999999881
56002  -25.741  -24.113  75.021 0.6999999881
56009  -25.981  -24.485  74.396 0.6999999881
61029  -33.013  -20.330  70.609 0.1000000015
180962  -45.522  -22.453  74.820 0.6999999881
158143  -24.762  -25.168  73.976 0.6000000238
55011  -25.136  -25.127  73.103 0.5000000000
55004  -26.157  -24.964  73.796 0.6999999881
54072  -25.472  -26.031  71.720 0.5000000000
52165  -26.760  -27.849  73.881 0.6000000238
53082  -24.560  -26.991  71.765 0.4000000060
53089  -24.722  -27.421  71.042 0.4000000060
165379  -26.204  -27.266  71.688 0.5000000000
53091  -25.743  -27.354  70.894 0.5000000000
52188  -26.427  -28.225  71.293 0.5000000000
52189  -27.076  -28.541  72.414 0.6000000238
51293  -27.710  -28.760  72.698 0.6000000238
148446  -44.745  -26.628  73.978 1.0000000000
51318  -27.642  -29.771  70.542 0.4000000060
177800  -44.214  -29.396  71.985 1.0000000000
173365  -43.664  -26.542  70.396 1.0000000000
172314  -44.224  -28.927  69.697 1.0000000000
62077  -39.724  -18.987  75.263 0.1000000015
63127  -40.820  -18.133  76.183 0.2000000030
174994  -38.403  -19.765  73.070 0.1000000015
64186  -33.060  -16.946  73.919 0.2000000030
154313  -45.682  -21.981  75.094 0.6999999881
174072  -44.168  -30.699  68.158 0.8999999762
173986  -43.455  -31.415  68.183 0.8999999762
172833  -42.934  -31.101  67.309 0.8999999762
60979  -45.754  -19.817  75.238 0.5000000000
164650  -44.802  -21.902  73.259 1.0000000000
168659  -43.623  -23.068  70.285 1.0000000000
54094  -44.925  -26.038  68.722 1.0000000000
172572  -42.939  -27.932  65.671 0.8999999762
60980  -45.986  -18.819  75.070 0.3000000119
59941  -45.702  -19.807  74.721 0.5000000000
59952  -44.879  -19.729  74.185 0.6000000238
152312  -45.146  -20.440  71.766 0.8000000119
149141  -44.726  -20.915  70.745 0.8999999762
58062  -44.346  -22.435  68.408 1.0000000000
182344  -45.406  -24.447  68.560 1.0000000000
174200  -42.102  -27.584  65.162 0.8000000119
62080  -45.935  -17.966  74.610 0.2000000030
60990  -45.110  -19.008  74.321 0.5000000000
61003  -45.827  -19.311  72.680 0.6000000238
184059  -46.490  -19.001  72.570 0.5000000000
170822  -46.392  -20.090  70.889 0.6999999881
150093  -46.660  -19.331  72.156 0.6000000238
169809  -45.717  -20.472  69.894 0.8999999762
168938  -45.588  -21.428  68.898 0.8999999762
147423  -46.715  -20.677  69.461 0.8999999762
57054  -46.941  -23.787  68.564 0.8999999762
54135  -46.991  -25.596  66.606 0.8999999762
167594  -41.330  -27.384  64.535 0.8000000119
53159  -42.092  -26.544  64.948 0.8000000119
151616  -47.309  -19.208  71.556 0.6000000238
171582  -47.310  -20.474  69.889 0.8999999762
58064  -46.956  -21.503  69.002 0.8999999762
55057  -46.508  -25.199  65.223 0.8999999762
163106  -40.707  -26.343  63.528 0.6999999881
59964  -47.745  -18.912  71.364 0.6000000238
170823  -48.020  -20.491  70.038 0.8999999762
56033  -48.145  -23.733  68.340 0.8999999762
56036  -48.570  -24.323  67.711 0.8999999762
55093  -44.436  -24.495  63.163 0.8999999762
56069  -41.487  -24.215  62.617 0.6999999881
147424  -48.602  -20.860  69.439 0.8999999762
149807  -48.197  -18.831  70.904 0.5000000000
59993  -49.500  -20.474  69.258 0.8000000119
57059  -49.642  -23.358  67.670 0.8999999762
56040  -49.510  -24.169  66.558 0.8999999762
175871  -45.107  -24.610  62.800 0.8999999762
56084  -43.839  -24.322  62.216 0.8000000119
169859  -43.063  -24.341  61.061 0.8000000119
178104  -40.610  -24.072  61.322 0.6999999881
56080  -39.911  -24.337  61.394 0.5000000000
181504  -39.715  -23.960  60.243 0.6000000238
56114  -39.158  -23.954  59.886 0.5000000000
147453  -39.818  -23.868  59.004 0.5000000000
57086  -49.391  -23.528  62.291 0.8000000119
58133  -48.749  -21.803  60.054 0.6999999881
57119  -48.048  -23.076  59.830 0.8000000119
149161  -43.772  -24.671  60.358 0.8000000119
59127  -45.855  -21.165  57.662 0.6999999881
174185  -36.051  -27.409  54.957 0.3000000119
171969  -36.174  -28.881  52.781 0.3000000119
182039  -35.105  -29.514  50.906 0.3000000119
172493  -36.344  -30.049  49.801 0.3000000119
61088  -53.607  -18.504  64.917 0.8999999762
56056  -50.572  -23.277  64.515 0.8999999762
147447  -49.829  -23.846  64.482 0.8999999762
169774  -47.611  -24.630  61.936 0.8999999762
56086  -48.839  -24.094  62.420 0.8000000119
157045  -48.999  -23.850  61.797 0.8000000119
151364  -44.536  -24.744  59.665 0.8000000119
57131  -46.875  -23.091  58.915 0.6999999881
57143  -44.729  -22.934  57.797 0.6999999881
147449  -39.784  -23.599  57.372 0.5000000000
58168  -43.960  -21.890  57.079 0.6999999881
59151  -44.059  -21.104  56.433 0.6999999881
151707  -35.410  -24.578  56.283 0.3000000119
59263  -42.307  -21.320  47.149 0.3000000119
172597  -34.539  -28.282  50.406 0.3000000119
167930  -38.189  -28.158  49.372 0.3000000119
172647  -37.458  -26.995  48.933 0.3000000119
171540  -37.192  -25.944  48.364 0.3000000119
161362  -54.186  -14.117  64.640 0.6999999881
65343  -53.884  -15.928  63.443 0.6999999881
62207  -53.163  -18.342  62.722 0.6999999881
55147  -44.180  -24.230  58.199 0.6999999881
56129  -44.853  -24.089  58.219 0.6999999881
62226  -49.639  -18.889  60.362 0.6999999881
56162  -42.078  -23.768  57.307 0.6999999881
56163  -43.104  -23.288  57.287 0.6999999881
56164  -43.811  -23.177  57.542 0.6999999881
56161  -41.294  -23.662  57.066 0.6000000238
178388  -41.931  -23.067  56.384 0.6999999881
56180  -43.218  -22.794  57.075 0.6999999881
57166  -42.348  -22.326  56.003 0.6999999881
57154  -43.589  -22.419  57.104 0.6999999881
61155  -46.427  -19.857  56.842 0.6999999881
60123  -45.816  -19.884  56.285 0.6999999881
61143  -47.920  -18.547  57.285 0.6999999881
153722  -40.596  -23.639  56.868 0.5000000000
57184  -41.781  -22.142  55.165 0.6999999881
58177  -42.630  -21.671  55.787 0.6999999881
59150  -43.306  -20.969  55.858 0.6999999881
60135  -44.647  -20.413  56.090 0.6999999881
60134  -43.986  -20.420  55.675 0.6999999881
60136  -45.258  -19.880  55.827 0.6999999881
61170  -46.570  -19.148  56.035 0.6999999881
61169  -45.874  -19.449  55.667 0.6999999881
57198  -40.861  -22.557  53.965 0.5000000000
59163  -42.061  -21.344  54.848 0.6999999881
60163  -42.112  -20.033  53.806 0.6999999881
60164  -42.838  -19.723  54.295 0.6999999881
60149  -42.389  -20.481  54.618 0.6999999881
60176  -41.555  -20.480  53.158 0.6999999881
61179  -43.750  -19.596  54.460 0.6999999881
61180  -44.599  -19.500  54.626 0.6999999881
61182  -46.209  -18.875  55.246 0.6999999881
61195  -45.187  -18.970  54.187 0.6999999881
177140  -39.156  -23.643  54.576 0.5000000000
153111  -40.510  -20.722  51.457 0.6000000238
60177  -41.985  -19.701  52.916 0.6999999881
61206  -42.522  -19.055  52.555 0.6999999881
181093  -45.018  -18.637  53.568 0.6999999881
169363  -37.039  -22.995  55.623 0.4000000060
62324  -41.756  -18.532  51.130 0.6999999881
62325  -43.112  -18.168  51.262 0.6999999881
61240  -40.329  -19.150  50.567 0.6000000238
62340  -40.366  -18.614  49.709 0.6000000238
62343  -43.224  -17.690  50.517 0.6000000238
174188  -34.440  -23.445  52.028 0.3000000119
172727  -35.395  -22.028  51.361 0.4000000060
174273  -34.542  -24.140  50.888 0.3000000119
174184  -34.952  -24.933  49.911 0.3000000119
172599  -35.521  -23.833  49.458 0.4000000060
58264  -36.778  -22.704  48.540 0.3000000119
57248  -36.126  -23.159  48.903 0.3000000119
56259  -37.388  -25.089  47.643 0.3000000119
177998  -43.843  -21.262  46.710 0.3000000119
172451  -34.298  -25.420  52.691 0.3000000119
58278  -38.480  -22.734  47.634 0.3000000119
58279  -40.027  -22.055  47.363 0.3000000119
167399  -40.355  -22.929  47.335 0.3000000119
185295  -42.790  -19.605  45.974 0.3000000119
60246  -42.347  -19.902  46.276 0.3000000119
157114  -43.250  -20.316  46.070 0.3000000119
61296  -44.289  -19.415  45.239 0.3000000119
60259  -45.835  -20.319  45.346 0.3000000119
60239  -47.633  -21.020  47.286 0.3000000119
66392  -53.962  -14.426  63.872 0.8000000119
64280  -53.353  -16.189  62.777 0.6999999881
65341  -52.834  -14.621  62.607 0.5000000000
67324  -51.601  -11.484  62.554 0.6000000238
179761  -52.039  -17.494  61.981 0.6999999881
62276  -47.547  -17.863  55.498 0.6999999881
57181  -39.603  -23.530  54.040 0.5000000000
59194  -40.711  -21.856  52.642 0.6999999881
58214  -40.230  -22.282  52.263 0.5000000000
57196  -39.233  -23.050  53.225 0.5000000000
62310  -45.210  -17.999  53.136 0.6999999881
57212  -37.645  -22.314  53.073 0.4000000060
58213  -37.638  -22.089  52.060 0.4000000060
57224  -38.541  -22.246  51.773 0.4000000060
182324  -39.338  -21.576  50.574 0.4000000060
60208  -39.826  -20.160  50.591 0.6000000238
62326  -43.926  -17.981  51.821 0.6999999881
148331  -36.824  -21.792  52.465 0.4000000060
58237  -37.558  -21.750  49.867 0.3000000119
58238  -38.809  -21.657  50.058 0.3000000119
58253  -38.288  -21.671  49.005 0.3000000119
59236  -38.934  -21.012  49.198 0.3000000119
61252  -39.486  -19.604  48.899 0.3000000119
62352  -41.161  -18.125  49.696 0.5000000000
63389  -41.415  -17.705  49.031 0.5000000000
58252  -37.418  -22.132  48.780 0.3000000119
175154  -38.833  -21.265  48.467 0.3000000119
59247  -39.073  -21.131  47.952 0.3000000119
183195  -39.555  -20.500  47.892 0.3000000119
61263  -40.385  -18.888  48.069 0.3000000119
61273  -41.180  -18.425  47.593 0.3000000119
63391  -43.172  -16.982  48.949 0.5000000000
60233  -39.709  -21.165  47.558 0.3000000119
61272  -40.796  -19.637  47.347 0.3000000119
62370  -42.575  -17.959  46.669 0.3000000119
61282  -42.459  -18.918  46.209 0.3000000119
176267  -41.940  -18.389  46.924 0.3000000119
61295  -43.842  -18.481  45.432 0.3000000119
63425  -43.663  -17.835  45.788 0.3000000119
62386  -45.668  -18.722  44.706 0.3000000119
62385  -44.746  -18.584  45.074 0.3000000119
61299  -47.119  -19.627  44.933 0.3000000119
61298  -46.188  -19.584  44.917 0.3000000119
61300  -48.070  -19.717  44.992 0.3000000119
63428  -46.236  -17.220  44.792 0.3000000119
62387  -46.579  -18.837  44.529 0.3000000119
62399  -47.854  -18.062  44.041 0.3000000119
67336  -50.659  -11.681  60.788 0.6999999881
62290  -46.359  -17.684  54.243 0.6999999881
62277  -48.195  -17.874  55.906 0.6999999881
62311  -45.902  -17.400  53.419 0.6999999881
62312  -46.565  -16.967  53.666 0.6999999881
63381  -44.429  -17.041  50.687 0.6999999881
63402  -44.241  -16.641  49.034 0.5000000000
153932  -43.515  -16.818  48.064 0.5000000000
63420  -45.013  -17.192  46.019 0.3000000119
64480  -48.549  -16.170  43.618 0.3000000119
62401  -49.997  -17.849  43.861 0.4000000060
66433  -50.572  -14.075  59.221 0.8000000119
66420  -50.783  -13.013  59.497 0.8000000119
63292  -50.633  -17.385  58.467 0.8000000119
156017  -51.689  -16.585  58.160 0.8999999762
64316  -50.711  -16.197  58.570 0.8999999762
66434  -51.505  -14.138  59.133 0.8999999762
62253  -50.618  -17.428  57.755 0.6999999881
63299  -51.282  -17.180  57.329 0.8000000119
64327  -52.610  -16.506  58.050 0.8999999762
63300  -51.901  -16.998  57.875 0.8999999762
62293  -48.901  -17.703  55.322 0.6999999881
62279  -49.977  -17.960  55.939 0.6999999881
63306  -50.699  -17.741  56.078 0.6999999881
63322  -52.020  -17.029  55.950 0.8999999762
63330  -48.411  -16.999  54.415 0.6999999881
63319  -49.598  -17.976  55.139 0.6999999881
63354  -47.863  -16.143  52.978 0.6999999881
63368  -46.764  -16.255  52.058 0.6999999881
64433  -45.498  -16.176  50.170 0.6999999881
64434  -46.327  -15.780  50.042 0.6999999881
156903  -45.708  -15.919  49.305 0.5000000000
64436  -47.960  -15.820  50.591 0.6999999881
64457  -46.052  -15.859  47.383 0.5000000000
64465  -45.537  -16.459  46.692 0.5000000000
64472  -46.620  -16.472  45.234 0.3000000119
64473  -47.179  -16.161  44.765 0.3000000119
164172  -50.013  -16.801  43.633 0.4000000060
63436  -50.840  -17.117  43.800 0.4000000060
66422  -53.932  -14.146  60.128 0.8999999762
65374  -54.591  -15.520  59.131 0.8999999762
67339  -56.169  -13.033  61.270 0.6999999881
63346  -51.087  -16.685  53.807 0.8000000119
64342  -54.943  -16.036  57.932 1.0000000000
64330  -55.283  -15.817  58.527 0.8999999762
65375  -55.576  -15.382  59.238 0.8999999762
66424  -56.306  -14.185  60.353 0.8000000119
64379  -51.818  -16.702  54.126 0.8999999762
64380  -52.597  -16.529  54.530 0.8999999762
63369  -47.630  -16.141  52.104 0.6999999881
64406  -48.545  -16.022  52.237 0.6999999881
64437  -48.969  -15.663  50.216 0.6999999881
181644  -46.781  -15.610  47.184 0.5000000000
65519  -47.622  -15.499  47.576 0.5000000000
65527  -47.320  -15.557  46.539 0.4000000060
183810  -49.104  -14.888  47.172 0.4000000060
154502  -48.579  -15.199  47.358 0.6000000238
65536  -47.736  -15.628  44.759 0.4000000060
65543  -48.322  -15.574  43.973 0.4000000060
64483  -51.566  -16.319  44.116 0.4000000060
162556  -52.283  -18.056  44.536 0.4000000060
64370  -53.902  -16.087  55.499 1.0000000000
65386  -56.243  -15.443  58.405 0.8999999762
66439  -57.532  -14.204  59.579 0.6999999881
64396  -52.441  -16.127  53.717 0.8999999762
180331  -55.300  -15.634  56.263 0.8999999762
153791  -55.810  -15.584  56.826 0.8999999762
64423  -51.571  -15.321  52.195 0.8999999762
65459  -52.218  -15.631  52.850 0.8999999762
64398  -54.093  -15.612  53.689 1.0000000000
65425  -54.472  -15.786  55.231 1.0000000000
153336  -55.133  -15.427  53.614 0.8999999762
65437  -54.743  -15.617  54.511 1.0000000000
65480  -52.482  -15.133  51.897 0.8999999762
174836  -53.043  -15.363  52.463 1.0000000000
154097  -55.548  -15.057  52.917 0.8999999762
153368  -49.199  -15.507  49.126 0.6999999881
154088  -50.718  -14.826  49.649 0.6999999881
65495  -52.777  -14.510  51.011 1.0000000000
65494  -52.207  -14.386  50.418 0.8999999762
66542  -53.836  -13.791  50.626 1.0000000000
66541  -53.110  -13.717  50.036 1.0000000000
66536  -54.749  -13.671  51.009 1.0000000000
65513  -50.953  -14.290  48.651 0.6999999881
66550  -51.750  -13.832  48.763 0.8000000119
66560  -52.841  -12.985  47.982 0.8000000119
66551  -53.687  -12.875  48.755 0.8999999762
65520  -49.658  -14.511  47.021 0.4000000060
66566  -50.646  -13.976  46.749 0.5000000000
66558  -50.992  -13.873  47.639 0.5000000000
66567  -51.623  -13.521  46.831 0.6999999881
66568  -52.618  -12.988  46.784 0.6999999881
66562  -55.321  -12.333  47.969 0.8000000119
66577  -50.925  -14.155  45.587 0.4000000060
66574  -52.362  -13.502  45.910 0.6000000238
65521  -53.455  -13.437  45.912 0.6000000238
65522  -54.551  -13.844  46.158 0.6000000238
65540  -52.649  -15.033  44.713 0.5000000000
64474  -51.895  -15.239  44.472 0.5000000000
154158  -53.372  -15.550  44.943 0.6000000238
63411  -54.096  -16.234  45.387 0.6000000238
63403  -55.415  -16.454  46.726 0.6000000238
62393  -53.171  -17.984  44.878 0.4000000060
63421  -53.928  -17.330  45.289 0.6000000238
62381  -54.644  -18.340  46.151 0.5000000000
66450  -58.136  -14.285  58.297 0.6000000238
65401  -57.342  -15.238  57.517 0.6999999881
66524  -56.747  -13.255  51.735 0.6999999881
62366  -56.099  -18.495  48.105 0.5000000000
61278  -55.076  -19.509  47.387 0.5000000000
66441  -58.414  -13.910  58.369 0.6000000238
66538  -58.749  -13.163  50.917 0.8000000119
64445  -57.065  -15.762  48.556 0.8000000119
65497  -58.253  -14.348  49.795 0.8000000119
63395  -56.827  -17.312  48.736 0.6999999881
63394  -56.402  -17.716  48.315 0.6000000238
61245  -56.335  -19.302  49.424 0.6000000238
59242  -55.806  -21.858  48.687 0.5000000000
60223  -55.976  -20.084  48.955 0.5000000000
66462  -59.451  -14.184  57.132 0.6000000238
67361  -58.595  -13.417  58.410 0.5000000000
65428  -58.588  -14.762  55.507 0.6000000238
66483  -59.775  -14.175  56.394 0.6999999881
65440  -57.553  -14.725  53.956 0.6999999881
66497  -59.522  -13.922  54.012 0.6000000238
65483  -59.137  -14.076  51.227 0.6999999881
66526  -59.516  -14.188  52.240 0.6999999881
64426  -58.774  -15.739  51.438 0.6999999881
64424  -57.949  -17.054  50.468 0.6999999881
63384  -57.091  -17.901  49.271 0.8000000119
62330  -57.923  -18.501  50.804 0.6000000238
62349  -56.990  -18.627  49.795 0.6999999881
61232  -57.901  -19.222  50.841 0.6000000238
61247  -57.177  -19.796  50.544 0.5000000000
60213  -56.294  -20.022  49.696 0.5000000000
60214  -56.613  -20.374  50.170 0.5000000000
60201  -57.911  -20.084  50.897 0.4000000060
59231  -57.375  -21.570  50.536 0.5000000000
57241  -57.768  -23.039  50.132 0.4000000060
67392  -60.155  -13.233  56.218 0.6999999881
66484  -59.963  -13.794  55.704 0.6000000238
67404  -60.123  -13.509  55.772 0.6999999881
66511  -59.864  -13.487  53.102 0.6999999881
67415  -60.647  -12.849  54.510 0.6999999881
65449  -60.004  -14.807  52.538 0.6999999881
64411  -58.904  -16.139  51.959 0.6999999881
65450  -60.274  -14.414  52.292 0.6999999881
63357  -58.786  -17.394  52.022 0.6000000238
63358  -59.589  -17.638  52.601 0.6000000238
61214  -58.996  -19.100  51.953 0.6000000238
61215  -59.687  -19.210  52.335 0.6000000238
61233  -58.521  -19.507  51.415 0.6000000238
60203  -59.537  -20.593  51.763 0.6999999881
60202  -58.704  -20.352  51.320 0.6999999881
59200  -60.360  -20.722  51.887 0.6000000238
59232  -58.123  -21.808  50.911 0.5000000000
58231  -58.992  -21.976  51.108 0.6999999881
60204  -60.904  -20.761  51.679 0.6000000238
59220  -61.581  -20.515  50.890 0.6000000238
178736  -61.478  -21.039  51.056 0.6000000238
61260  -62.038  -19.819  49.516 0.6000000238
62358  -61.684  -18.910  49.869 0.6000000238
58245  -59.233  -22.642  50.723 0.6000000238
57242  -58.625  -23.144  50.211 0.4000000060
58261  -61.771  -22.695  49.897 0.6999999881
69491  -60.230  -11.147  55.013 0.6000000238
68457  -60.895  -12.544  54.902 0.6999999881
176266  -60.583  -13.088  52.701 0.6999999881
66513  -61.000  -13.573  52.057 0.6999999881
69538  -62.033  -11.929  52.090 0.6000000238
65451  -61.039  -14.990  52.274 0.6999999881
162524  -61.410  -17.945  51.245 0.6000000238
154220  -61.450  -17.967  49.706 0.6000000238
64441  -61.570  -16.166  50.045 0.6000000238
57261  -61.537  -23.207  49.366 0.6999999881
182469  -29.422  -33.938  82.476 0.1000000015
45527  -28.946  -33.778  82.808 0.1000000015
46525  -29.834  -33.661  82.395 0.1000000015
44597  -29.002  -36.227  77.067 0.1000000015
44560  -29.276  -34.949  80.527 0.1000000015
44642  -27.689  -36.693  74.399 0.1000000015
44548  -28.788  -34.511  80.956 0.1000000015
44641  -26.910  -36.441  73.969 0.1000000015
44541  -29.489  -34.521  81.664 0.1000000015
45556  -29.078  -34.376  81.795 0.1000000015
45630  -26.358  -35.599  73.953 0.1000000015
47552  -30.377  -33.594  82.011 0.1000000015
44585  -28.411  -35.574  77.830 0.1000000015
44578  -28.633  -35.156  78.741 0.1000000015
44611  -28.622  -36.499  75.867 0.1000000015
44596  -28.265  -35.864  76.938 0.1000000015
44579  -29.230  -35.462  79.100 0.1000000015
44624  -27.793  -36.140  75.248 0.1000000015
44559  -28.801  -34.663  80.427 0.1000000015
44623  -27.051  -35.857  74.655 0.1000000015
45617  -26.287  -35.115  74.792 0.1000000015
161822  -30.844  -33.677  81.561 0.1000000015
154530  -31.332  -33.835  81.119 0.1000000015
44610  -27.702  -35.584  76.279 0.1000000015
44609  -26.998  -35.237  75.542 0.1000000015
164754  -28.759  -34.351  81.403 0.1000000015
152902  -25.996  -34.586  75.737 0.1000000015
48633  -31.201  -33.531  80.968 0.1000000015
152566  -31.807  -33.516  80.369 0.1000000015
45600  -27.617  -35.229  77.372 0.1000000015
45585  -28.022  -34.545  79.309 0.1000000015
44569  -28.770  -34.860  79.660 0.1000000015
177444  -26.685  -34.695  76.711 0.1000000015
45598  -25.316  -34.138  76.694 0.1000000015
45592  -27.796  -34.910  78.357 0.1000000015
45599  -26.820  -34.621  77.904 0.1000000015
46607  -25.888  -34.193  77.568 0.1000000015
46597  -26.115  -34.167  78.450 0.1000000015
45568  -28.130  -34.090  80.839 0.1000000015
162251  -29.082  -34.034  82.432 0.1000000015
45606  -24.216  -34.681  76.484 0.1000000015
47560  -30.713  -33.428  81.555 0.1000000015
150039  -31.955  -33.012  79.662 0.1000000015
46585  -26.162  -34.105  79.410 0.1000000015
46573  -26.031  -34.136  80.543 0.1000000015
45584  -27.215  -33.991  79.880 0.1000000015
45578  -28.140  -34.309  80.221 0.1000000015
183154  -25.398  -34.057  78.153 0.1000000015
45555  -28.250  -33.963  81.407 0.1000000015
45567  -27.386  -33.710  81.430 0.1000000015
46606  -24.887  -34.112  77.612 0.1000000015
46595  -24.620  -34.220  78.317 0.1000000015
45590  -24.023  -35.035  77.876 0.1000000015
45597  -24.141  -34.845  77.269 0.1000000015
48615  -30.285  -33.271  82.109 0.1000000015
44608  -23.214  -35.902  77.276 0.1000000015
48632  -30.581  -33.132  81.390 0.1000000015
44622  -23.302  -35.475  76.494 0.1000000015
48648  -31.738  -32.872  78.510 0.1000000015
48655  -31.398  -32.917  77.732 0.1000000015
47622  -32.067  -34.259  75.863 0.1000000015
46642  -31.832  -35.805  73.292 0.1000000015
45646  -32.019  -36.098  72.142 0.1000000015
45682  -33.208  -35.787  71.199 0.1000000015
46584  -25.180  -34.081  79.741 0.1000000015
45577  -27.255  -33.832  80.812 0.1000000015
46596  -25.336  -34.065  78.859 0.1000000015
46555  -26.391  -33.885  81.426 0.1000000015
158925  -28.404  -33.894  81.919 0.1000000015
45539  -28.610  -33.772  82.490 0.1000000015
44595  -23.226  -35.998  77.675 0.1000000015
46513  -29.148  -33.363  82.905 0.1000000015
49479  -30.983  -33.232  80.657 0.1000000015
43625  -22.840  -36.500  77.222 0.1000000015
147422  -30.438  -32.669  79.785 0.1000000015
49497  -30.783  -32.530  78.419 0.1000000015
48668  -31.100  -33.054  76.892 0.1000000015
47621  -31.300  -33.946  75.572 0.1000000015
47633  -31.034  -34.350  74.713 0.1000000015
46643  -34.701  -35.357  71.644 0.1000000015
46654  -33.376  -34.526  71.252 0.1000000015
46655  -33.879  -35.660  71.488 0.1000000015
47646  -34.497  -33.790  71.557 0.1000000015
48703  -35.432  -33.643  71.460 0.1000000015
183279  -35.892  -34.000  71.400 0.1000000015
48702  -34.797  -33.293  71.475 0.1000000015
155177  -24.092  -34.243  79.723 0.1000000015
46572  -24.779  -34.084  80.531 0.1000000015
46583  -24.308  -34.303  79.042 0.1000000015
46571  -23.412  -34.316  79.953 0.1000000015
46554  -25.390  -34.049  81.343 0.1000000015
45576  -22.730  -34.919  79.108 0.1000000015
45583  -23.537  -35.012  78.365 0.1000000015
45554  -27.624  -33.596  81.962 0.1000000015
46537  -26.726  -33.592  81.979 0.1000000015
44584  -23.054  -36.188  78.122 0.1000000015
45526  -28.770  -33.500  82.914 0.1000000015
166928  -23.065  -36.701  77.867 0.1000000015
150581  -30.244  -32.764  81.247 0.1000000015
179775  -30.460  -32.491  79.148 0.1000000015
48667  -30.296  -32.677  76.573 0.1000000015
47674  -36.420  -34.032  70.896 0.1000000015
47672  -31.641  -34.029  70.613 0.1000000015
47657  -32.467  -34.244  70.898 0.1000000015
48714  -35.080  -33.006  71.336 0.1000000015
48715  -35.638  -33.455  71.274 0.1000000015
48712  -32.246  -33.036  70.993 0.1000000015
48713  -33.001  -33.229  71.244 0.1000000015
47645  -33.768  -33.433  71.428 0.1000000015
152867  -30.955  -33.833  70.463 0.1000000015
49566  -33.638  -32.411  71.230 0.1000000015
49567  -34.382  -32.702  71.284 0.1000000015
49588  -32.467  -32.370  71.209 0.1000000015
48700  -33.218  -32.617  71.272 0.1000000015
49589  -33.959  -32.170  71.125 0.1000000015
50427  -33.289  -31.855  71.151 0.1000000015
46552  -23.381  -34.020  80.171 0.1000000015
46553  -24.481  -33.879  80.897 0.1000000015
46569  -21.950  -34.465  79.785 0.1000000015
45574  -21.857  -35.213  79.999 0.1000000015
46535  -25.198  -33.684  81.630 0.1000000015
45575  -22.231  -35.296  79.787 0.1000000015
46536  -25.871  -33.778  81.973 0.1000000015
47558  -25.226  -33.204  81.748 0.1000000015
44577  -22.509  -36.260  78.905 0.1000000015
46522  -26.347  -33.331  82.389 0.1000000015
46524  -28.190  -33.472  82.780 0.1000000015
46523  -27.140  -33.372  82.501 0.1000000015
47544  -29.163  -33.170  83.000 0.1000000015
46511  -28.338  -33.270  83.112 0.1000000015
48624  -30.254  -32.979  82.023 0.1000000015
48614  -29.746  -32.874  82.556 0.1000000015
49470  -30.125  -32.752  81.790 0.1000000015
49496  -29.909  -32.219  77.984 0.1000000015
49511  -30.567  -32.556  77.460 0.1000000015
48726  -35.926  -33.452  71.048 0.1000000015
48727  -36.176  -33.561  70.777 0.1000000015
47701  -36.121  -33.761  69.722 0.1000000015
48734  -35.728  -33.090  70.818 0.1000000015
184098  -36.005  -34.093  69.308 0.1000000015
156577  -35.949  -34.429  68.684 0.1000000015
49590  -34.669  -32.484  71.130 0.1000000015
159124  -35.291  -32.669  70.880 0.1000000015
47719  -35.548  -33.621  69.328 0.1000000015
48749  -34.744  -33.308  69.074 0.1000000015
49564  -32.525  -32.090  71.258 0.1000000015
49608  -34.824  -32.399  70.936 0.1000000015
49620  -34.838  -32.426  70.690 0.1000000015
50442  -33.403  -31.642  70.988 0.1000000015
49630  -34.872  -32.655  69.987 0.1000000015
50463  -33.350  -31.435  70.733 0.1000000015
50493  -34.072  -32.065  70.265 0.1000000015
47556  -20.540  -33.079  81.105 0.1000000015
164819  -20.858  -33.323  80.198 0.1000000015
47547  -20.553  -33.336  82.254 0.1000000015
165570  -20.696  -34.042  81.368 0.1000000015
47565  -21.747  -33.587  79.775 0.1000000015
47566  -23.200  -33.608  80.168 0.1000000015
46551  -20.928  -34.342  80.177 0.1000000015
47567  -24.478  -33.567  80.966 0.1000000015
45551  -21.059  -34.845  81.117 0.1000000015
45565  -21.397  -35.118  80.503 0.1000000015
159446  -22.621  -37.279  79.943 0.1000000015
44568  -22.188  -36.267  79.990 0.1000000015
45566  -22.027  -35.740  80.695 0.1000000015
47550  -26.757  -32.977  82.864 0.1000000015
165406  -22.606  -37.189  79.184 0.1000000015
47541  -27.700  -32.844  83.342 0.1000000015
46510  -27.611  -33.212  83.004 0.1000000015
166463  -23.139  -36.845  78.279 0.1000000015
46512  -28.817  -33.330  83.100 0.1000000015
177394  -29.443  -32.797  82.909 0.1000000015
169684  -30.356  -32.760  80.543 0.1000000015
149088  -29.647  -32.295  80.298 0.1000000015
49510  -29.831  -32.134  77.122 0.1000000015
47718  -35.213  -33.881  68.744 0.1000000015
156537  -35.317  -34.317  68.093 0.1000000015
47736  -34.521  -33.705  68.394 0.1000000015
47753  -34.736  -34.341  67.621 0.1000000015
49565  -32.957  -32.029  71.252 0.1000000015
179165  -33.448  -32.304  68.964 0.1000000015
48754  -33.535  -33.212  68.302 0.1000000015
50441  -32.822  -31.229  71.081 0.1000000015
50477  -33.219  -31.243  70.187 0.1000000015
50511  -33.989  -32.215  69.768 0.1000000015
48620  -20.467  -32.492  81.781 0.1000000015
48610  -20.627  -32.666  83.256 0.1000000015
48629  -20.938  -32.251  80.401 0.1000000015
46520  -20.927  -34.155  82.823 0.1000000015
48630  -21.827  -32.632  79.778 0.1000000015
48631  -22.931  -33.057  80.079 0.1000000015
163451  -21.895  -35.708  82.386 0.1000000015
45552  -21.547  -35.527  81.440 0.1000000015
46534  -21.197  -35.041  82.270 0.1000000015
48621  -23.404  -32.224  80.279 0.1000000015
47557  -24.372  -32.922  80.930 0.1000000015
44557  -22.639  -36.675  81.172 0.1000000015
45553  -22.462  -36.219  81.927 0.1000000015
48612  -25.530  -32.144  82.496 0.1000000015
48622  -25.246  -32.658  81.893 0.1000000015
47548  -25.715  -32.773  82.370 0.1000000015
162873  -22.730  -37.203  80.732 0.1000000015
48613  -26.074  -32.358  82.902 0.1000000015
48605  -28.967  -32.981  83.084 0.1000000015
47543  -28.874  -33.046  83.170 0.1000000015
48623  -29.651  -32.555  82.249 0.1000000015
49475  -29.626  -32.361  81.724 0.1000000015
147425  -29.586  -32.281  81.071 0.1000000015
49488  -29.863  -32.235  78.814 0.1000000015
47752  -34.099  -34.404  67.076 0.1000000015
46720  -34.945  -34.844  66.780 0.1000000015
48761  -33.528  -33.889  67.649 0.1000000015
49645  -33.045  -32.196  68.663 0.2000000030
47751  -33.096  -34.225  66.896 0.2000000030
47750  -32.138  -34.260  66.111 0.2000000030
50492  -33.388  -31.577  69.709 0.1000000015
50510  -33.428  -31.944  69.275 0.1000000015
49644  -32.718  -32.448  68.327 0.2000000030
48759  -32.157  -33.509  67.281 0.2000000030
51350  -32.763  -31.024  69.170 0.1000000015
50526  -32.509  -31.294  68.533 0.1000000015
49652  -31.806  -31.743  67.873 0.2000000030
49651  -31.614  -32.480  67.491 0.2000000030
47512  -22.048  -34.055  88.231 0.1000000015
47517  -22.098  -33.805  87.460 0.1000000015
46495  -22.163  -34.308  86.845 0.1000000015
183245  -22.063  -34.064  86.232 0.1000000015
47528  -21.767  -33.467  85.889 0.1000000015
184068  -22.000  -34.279  85.523 0.1000000015
47538  -21.563  -33.754  84.927 0.1000000015
45524  -22.060  -35.320  84.275 0.1000000015
46509  -21.758  -34.566  84.606 0.1000000015
46508  -21.216  -34.039  83.967 0.1000000015
166953  -20.878  -33.494  83.346 0.1000000015
46521  -21.446  -34.804  83.563 0.1000000015
45536  -21.917  -35.510  83.279 0.1000000015
48611  -24.684  -32.099  81.506 0.1000000015
47532  -28.508  -32.753  83.255 0.1000000015
47531  -28.171  -32.626  83.387 0.1000000015
183824  -29.427  -32.616  82.572 0.1000000015
155923  -29.775  -32.284  79.550 0.1000000015
47768  -33.893  -34.725  66.241 0.2000000030
47782  -32.550  -34.778  64.942 0.2000000030
47798  -32.000  -34.696  64.050 0.2000000030
51299  -32.192  -30.903  71.212 0.2000000030
51320  -32.661  -30.850  70.832 0.1000000015
48770  -31.341  -33.344  66.739 0.2000000030
47780  -31.216  -34.166  64.634 0.2000000030
51338  -32.739  -30.829  69.544 0.2000000030
48769  -30.584  -33.036  66.233 0.2000000030
47766  -31.239  -33.875  65.696 0.2000000030
51364  -32.421  -30.903  68.580 0.2000000030
50541  -31.567  -30.729  67.831 0.2000000030
160421  -31.304  -31.390  67.432 0.2000000030
49660  -30.903  -32.200  66.931 0.2000000030
48572  -21.847  -33.260  87.971 0.1000000015
48576  -21.510  -32.475  87.399 0.1000000015
48585  -21.701  -32.932  86.611 0.1000000015
49437  -21.195  -31.462  85.974 0.1000000015
47527  -21.380  -32.966  85.205 0.1000000015
49442  -21.076  -31.541  84.991 0.1000000015
49460  -20.436  -31.945  82.583 0.1000000015
47537  -21.130  -33.221  84.245 0.1000000015
48601  -21.060  -32.370  84.536 0.1000000015
49451  -20.665  -31.621  83.779 0.1000000015
49468  -20.603  -31.634  81.450 0.1000000015
49473  -21.408  -31.105  80.376 0.1000000015
49469  -23.806  -31.175  80.852 0.1000000015
49462  -25.638  -31.530  82.777 0.1000000015
48604  -26.715  -32.154  83.553 0.1000000015
48595  -27.897  -32.092  83.681 0.1000000015
49456  -29.105  -32.686  82.821 0.1000000015
49455  -28.408  -32.321  83.157 0.1000000015
50345  -28.997  -31.993  82.116 0.1000000015
49463  -28.493  -32.113  82.889 0.1000000015
151866  -28.896  -31.760  81.572 0.1000000015
170500  -29.151  -31.896  79.984 0.1000000015
50359  -29.135  -31.854  79.335 0.1000000015
47796  -30.295  -34.123  63.224 0.2000000030
47814  -31.067  -34.419  62.548 0.2000000030
51363  -31.986  -30.462  68.371 0.2000000030
48768  -29.978  -32.727  65.731 0.2000000030
47779  -30.438  -33.903  64.250 0.2000000030
50542  -31.962  -30.985  68.211 0.2000000030
50557  -31.017  -30.330  67.286 0.2000000030
50556  -30.622  -31.062  66.848 0.2000000030
49659  -30.250  -31.930  66.353 0.2000000030
157138  -21.388  -32.608  88.398 0.1000000015
50302  -20.684  -30.613  87.216 0.1000000015
48590  -21.263  -32.219  85.540 0.1000000015
50312  -20.996  -30.783  85.389 0.1000000015
50323  -20.849  -30.919  84.541 0.1000000015
50322  -20.515  -30.658  83.617 0.1000000015
50334  -20.442  -31.173  82.540 0.1000000015
50333  -20.438  -30.263  82.465 0.1000000015
50341  -20.716  -30.684  81.301 0.1000000015
50350  -20.698  -29.686  81.312 0.1000000015
177472  -22.023  -29.475  80.549 0.1000000015
50342  -22.428  -29.753  80.736 0.1000000015
50352  -22.490  -30.600  80.288 0.1000000015
50343  -23.404  -30.240  81.306 0.1000000015
163804  -24.481  -30.538  82.003 0.1000000015
166352  -25.747  -31.059  82.859 0.1000000015
49453  -26.319  -31.765  83.362 0.1000000015
50326  -26.132  -30.944  83.115 0.1000000015
49443  -26.855  -31.567  83.674 0.1000000015
48594  -27.218  -31.946  83.915 0.1000000015
49445  -27.235  -31.573  83.725 0.1000000015
49446  -27.871  -32.093  83.459 0.1000000015
50328  -28.000  -31.385  83.236 0.1000000015
50336  -28.245  -31.474  82.824 0.1000000015
51226  -28.057  -30.693  82.737 0.1000000015
166791  -28.432  -31.570  82.454 0.1000000015
147429  -28.194  -30.586  81.018 0.1000000015
152287  -28.776  -31.523  80.755 0.1000000015
51245  -28.149  -30.663  79.913 0.1000000015
50358  -28.660  -31.330  79.968 0.1000000015
69429  -51.850  -10.573  61.614 0.3000000119
48785  -29.578  -33.603  63.946 0.2000000030
48777  -29.840  -33.244  64.880 0.2000000030
48804  -29.257  -33.805  61.745 0.2000000030
51376  -31.629  -30.103  68.054 0.2000000030
50555  -29.925  -30.877  66.284 0.2000000030
179562  -29.491  -32.498  65.347 0.2000000030
49666  -28.267  -31.957  64.434 0.2000000030
51385  -30.788  -29.108  67.244 0.2000000030
51383  -29.560  -29.903  65.996 0.2000000030
50571  -29.273  -30.869  65.785 0.2000000030
50582  -27.803  -30.667  64.500 0.2000000030
50610  -27.297  -31.130  60.201 0.2000000030
51396  -29.178  -29.088  65.426 0.2000000030
51395  -28.352  -29.580  65.005 0.2000000030
52275  -26.915  -28.178  60.633 0.2000000030
51431  -26.731  -29.153  60.233 0.2000000030
51439  -31.636  -28.051  60.162 0.2000000030
49695  -36.789  -31.123  62.063 0.2000000030
49697  -38.356  -30.491  62.411 0.3000000119
167581  -39.090  -28.728  62.494 0.3000000119
48793  -28.521  -33.266  62.454 0.2000000030
49682  -27.838  -32.548  62.044 0.2000000030
165535  -27.590  -31.484  63.734 0.2000000030
49673  -27.332  -31.652  62.734 0.2000000030
49691  -27.374  -31.722  61.667 0.2000000030
167381  -29.802  -28.754  65.980 0.2000000030
180821  -27.664  -29.627  64.246 0.2000000030
50581  -27.188  -30.408  63.464 0.2000000030
50592  -26.949  -30.756  62.237 0.2000000030
50609  -26.788  -30.090  60.708 0.2000000030
52245  -28.870  -28.433  64.677 0.2000000030
51405  -28.118  -28.672  64.208 0.2000000030
51413  -26.815  -28.930  61.934 0.2000000030
51422  -26.657  -29.041  61.137 0.2000000030
181916  -39.693  -27.279  63.066 0.4000000060
53163  -28.491  -27.376  62.426 0.2000000030
53176  -27.962  -27.455  61.640 0.2000000030
53186  -28.476  -26.939  60.757 0.2000000030
52284  -29.474  -26.759  60.231 0.2000000030
172710  -39.463  -28.309  63.094 0.4000000060
51432  -31.729  -28.016  60.640 0.2000000030
50602  -32.785  -29.120  60.905 0.2000000030
172386  -38.778  -29.682  62.585 0.4000000060
50611  -33.209  -29.450  60.986 0.2000000030
49694  -35.447  -31.005  61.683 0.2000000030
172713  -38.534  -30.387  63.221 0.3000000119
50604  -33.673  -29.825  61.542 0.2000000030
50605  -34.235  -30.365  61.350 0.2000000030
62099  -46.512  -17.854  72.651 0.2000000030
182025  -30.623  -28.126  66.983 0.2000000030
53133  -30.091  -27.544  65.787 0.2000000030
52236  -30.364  -28.393  66.581 0.2000000030
52246  -29.478  -27.951  65.183 0.2000000030
52255  -28.793  -27.974  63.881 0.2000000030
167778  -39.965  -27.726  63.456 0.4000000060
53168  -40.103  -26.936  63.243 0.4000000060
53155  -29.187  -27.269  63.157 0.2000000030
53177  -28.996  -26.819  61.587 0.2000000030
172006  -39.404  -29.257  63.411 0.4000000060
52263  -30.369  -26.604  61.556 0.2000000030
52276  -29.797  -26.731  60.811 0.2000000030
51424  -32.484  -28.695  61.105 0.2000000030
159478  -36.123  -31.186  62.149 0.2000000030
49687  -37.442  -31.070  62.626 0.2000000030
49693  -34.717  -30.720  61.784 0.2000000030
63166  -47.572  -16.662  71.768 0.2000000030
62100  -47.240  -17.822  72.216 0.3000000119
63176  -48.189  -16.667  71.055 0.2000000030
60004  -50.143  -19.771  68.957 0.5000000000
54114  -31.453  -26.139  66.272 0.3000000119
178862  -30.700  -26.766  65.370 0.2000000030
53144  -30.165  -26.997  64.662 0.2000000030
53156  -30.062  -26.841  63.538 0.2000000030
53143  -29.419  -27.547  64.172 0.2000000030
172392  -39.994  -28.617  63.810 0.5000000000
53165  -30.040  -26.605  62.594 0.2000000030
51423  -31.733  -27.607  61.114 0.2000000030
167929  -39.320  -30.046  64.069 0.5000000000
50603  -33.128  -29.262  61.359 0.2000000030
49683  -34.168  -30.290  61.871 0.2000000030
157150  -35.329  -30.909  62.297 0.2000000030
49686  -36.793  -31.194  62.681 0.2000000030
163866  -48.649  -16.171  70.488 0.1000000015
64202  -50.411  -16.724  70.859 0.1000000015
62114  -48.924  -17.222  70.175 0.1000000015
63188  -50.222  -17.082  69.576 0.2000000030
64205  -51.159  -16.833  69.828 0.3000000119
62125  -50.296  -17.577  69.027 0.4000000060
63204  -51.323  -17.093  68.589 0.3000000119
62146  -52.648  -18.171  68.073 0.3000000119
64220  -53.616  -16.986  67.353 0.3000000119
63231  -55.100  -17.946  65.980 0.4000000060
64221  -54.205  -16.420  66.864 0.3000000119
59030  -51.399  -19.829  67.419 0.5000000000
164657  -51.324  -21.767  66.985 0.8000000119
168388  -53.483  -19.541  66.532 0.6000000238
67320  -53.746  -13.586  63.912 0.5000000000
147444  -52.167  -20.435  66.432 0.8000000119
68412  -51.642  -11.502  60.619 0.4000000060
148230  -52.261  -20.832  65.989 0.8000000119
49646  -39.278  -31.201  67.196 0.6999999881
49640  -40.674  -31.586  67.001 0.6999999881
51378  -37.775  -29.431  66.809 0.6000000238
49647  -39.854  -31.459  66.563 0.5000000000
173988  -40.990  -31.142  66.431 0.6000000238
51377  -37.324  -29.086  66.167 0.5000000000
50544  -37.727  -30.107  66.140 0.6000000238
49654  -38.757  -31.125  66.388 0.5000000000
55055  -32.149  -25.608  65.156 0.3000000119
54127  -31.349  -26.082  65.459 0.2000000030
183735  -32.353  -25.595  64.526 0.3000000119
174202  -40.700  -28.883  64.548 0.5000000000
171979  -40.643  -28.006  64.159 0.6000000238
53145  -31.045  -26.303  64.550 0.2000000030
54142  -30.717  -26.431  63.837 0.2000000030
54171  -31.764  -26.153  62.791 0.2000000030
174224  -39.851  -29.633  64.292 0.5000000000
54155  -30.886  -26.356  62.945 0.2000000030
53167  -31.600  -26.592  62.157 0.2000000030
176646  -38.310  -30.846  63.472 0.4000000060
53166  -30.794  -26.533  62.151 0.2000000030
52264  -31.578  -27.059  61.515 0.2000000030
51414  -32.445  -28.247  61.423 0.2000000030
50593  -33.441  -29.449  61.842 0.2000000030
50594  -33.919  -29.932  62.161 0.2000000030
49685  -36.029  -31.052  62.820 0.2000000030
48786  -37.958  -31.117  63.268 0.2000000030
175985  -32.993  -28.984  61.532 0.2000000030
49684  -34.616  -30.337  62.356 0.2000000030
65247  -50.426  -15.957  71.090 0.1000000015
65253  -51.059  -16.075  70.347 0.2000000030
64210  -51.743  -16.346  68.989 0.3000000119
65275  -52.944  -15.892  68.048 0.3000000119
63211  -52.426  -17.308  68.504 0.3000000119
66346  -53.286  -15.365  67.370 0.1000000015
64215  -53.077  -16.756  68.033 0.3000000119
167727  -40.305  -31.239  66.160 0.6000000238
171931  -41.621  -30.562  66.361 0.6999999881
50543  -37.286  -29.814  65.279 0.4000000060
49653  -38.057  -30.897  65.831 0.5000000000
168131  -39.798  -31.290  65.847 0.5000000000
171926  -40.414  -30.933  65.892 0.6000000238
173989  -41.087  -30.588  66.168 0.6000000238
52238  -36.411  -28.166  65.023 0.4000000060
51387  -36.919  -29.071  65.171 0.4000000060
48762  -38.655  -31.138  65.406 0.5000000000
172269  -39.339  -31.102  65.315 0.5000000000
174080  -40.395  -30.807  65.785 0.6000000238
160508  -35.758  -27.685  64.595 0.4000000060
51386  -36.432  -29.199  64.338 0.4000000060
48772  -38.798  -31.046  64.756 0.5000000000
174132  -39.402  -30.955  65.202 0.5000000000
172828  -40.466  -30.493  65.489 0.5000000000
163406  -35.365  -28.811  63.405 0.4000000060
51397  -35.780  -29.505  63.501 0.4000000060
172830  -39.225  -30.823  64.853 0.5000000000
168004  -39.697  -30.764  65.201 0.5000000000
172708  -41.504  -28.913  65.289 0.6000000238
53146  -34.281  -27.334  63.242 0.3000000119
51408  -35.110  -29.372  62.949 0.4000000060
158196  -37.745  -31.104  64.374 0.5000000000
177801  -38.226  -31.145  64.172 0.4000000060
172571  -39.829  -30.136  64.678 0.5000000000
54157  -32.533  -26.069  63.278 0.3000000119
53158  -33.349  -27.022  62.862 0.3000000119
52247  -33.926  -27.976  62.626 0.3000000119
51407  -34.452  -29.476  62.619 0.2000000030
167953  -39.327  -30.663  64.760 0.5000000000
53157  -32.492  -26.775  62.382 0.3000000119
52256  -33.264  -27.889  62.147 0.3000000119
172706  -38.688  -30.716  64.148 0.5000000000
52265  -32.419  -27.558  61.754 0.2000000030
51415  -33.189  -28.814  61.849 0.2000000030
49677  -36.802  -31.099  63.406 0.2000000030
48787  -38.290  -31.043  63.869 0.4000000060
49678  -37.469  -31.215  63.203 0.2000000030
65252  -50.655  -15.086  70.666 0.1000000015
66323  -51.132  -14.324  69.366 0.1000000015
65274  -52.148  -15.610  68.419 0.3000000119
154157  -53.146  -14.576  67.339 0.2000000030
68390  -53.575  -12.781  64.099 0.4000000060
176828  -36.914  -29.675  64.573 0.4000000060
50560  -37.540  -30.549  65.235 0.4000000060
49662  -37.870  -31.052  65.059 0.4000000060
48771  -38.096  -31.119  64.909 0.5000000000
48780  -38.977  -31.162  64.996 0.5000000000
50558  -36.507  -29.913  63.931 0.4000000060
49661  -37.348  -30.785  64.513 0.4000000060
50572  -35.907  -30.169  63.363 0.3000000119
49668  -36.737  -30.517  63.814 0.4000000060
48779  -38.743  -30.902  64.431 0.4000000060
51406  -33.804  -28.899  62.448 0.2000000030
176379  -37.210  -30.996  64.003 0.3000000119
182530  -34.842  -30.113  62.659 0.2000000030
49676  -36.129  -30.647  63.268 0.2000000030
181566  -37.947  -31.250  63.615 0.3000000119
50583  -34.406  -29.900  62.510 0.2000000030
49675  -35.383  -30.440  62.832 0.2000000030
51416  -33.813  -29.523  62.266 0.2000000030
67283  -51.138  -13.682  69.550 0.1000000015
162349  -51.412  -13.932  68.767 0.1000000015
67303  -53.030  -13.786  67.242 0.2000000030
180324  -53.982  -14.216  66.564 0.2000000030
68345  -53.034  -12.965  67.066 0.2000000030
67271  -49.274  -14.051  70.667 0.1000000015
68315  -50.601  -12.952  70.066 0.1000000015
180898  -51.316  -13.265  69.045 0.1000000015
67292  -52.018  -13.847  68.230 0.1000000015
68355  -54.108  -12.985  65.958 0.2000000030
175770  -54.062  -13.328  64.575 0.3000000119
67325  -52.922  -12.735  63.204 0.5000000000
68322  -51.085  -12.954  69.677 0.1000000015
156297  -51.759  -13.204  68.460 0.1000000015
69371  -52.062  -11.638  67.684 0.1000000015
69372  -52.597  -11.668  66.893 0.1000000015
68334  -52.332  -13.282  67.698 0.1000000015
177222  -52.980  -12.310  66.820 0.2000000030
68366  -53.757  -12.313  65.745 0.2000000030
69384  -53.360  -11.562  65.573 0.2000000030
68367  -54.087  -12.683  65.417 0.2000000030
68377  -53.339  -12.024  64.398 0.3000000119
68389  -52.605  -11.909  63.464 0.5000000000
68378  -54.016  -12.698  64.858 0.2000000030
68396  -51.378  -10.699  61.965 0.3000000119
70361  -52.879  -10.951  66.233 0.2000000030
69393  -53.145  -11.335  64.776 0.2000000030
69407  -52.308  -10.963  63.589 0.3000000119
70360  -52.204  -10.773  67.188 0.1000000015
70372  -52.947  -10.703  65.273 0.1000000015
167374  -52.620  -10.093  65.832 0.1000000015
70379  -52.470  -10.441  64.229 0.1000000015
68405  -52.340  -11.334  61.237 0.5000000000
163628  -61.434  -11.174  53.339 0.6000000238
161693  -62.015  -11.200  52.710 0.5000000000
70511  -61.698  -10.454  53.057 0.5000000000
70497  -61.201  -11.183  54.112 0.6000000238
70496  -60.832  -10.509  54.545 0.5000000000
71496  -61.048  -9.637  54.114 0.5000000000
69511  -61.293  -11.860  53.671 0.6000000238
70510  -61.291  -10.438  53.730 0.5000000000
71509  -61.382  -9.701  53.262 0.5000000000
71478  -60.154  -9.698  54.625 0.5000000000
72599  -60.475  -9.002  54.260 0.5000000000
175566  -60.089  -9.088  54.638 0.4000000060
70444  -59.444  -10.940  56.363 0.6000000238
71454  -59.207  -10.324  56.042 0.4000000060
72575  -59.692  -9.133  55.068 0.3000000119
73694  -59.306  -8.407  54.860 0.3000000119
72598  -60.023  -8.585  54.562 0.3000000119
73713  -59.900  -7.865  54.337 0.3000000119
73714  -60.508  -8.237  54.001 0.5000000000
72622  -61.088  -8.802  53.538 0.5000000000
74859  -58.535  -7.318  54.824 0.3000000119
74875  -58.328  -6.816  54.498 0.3000000119
74877  -59.698  -7.185  53.978 0.3000000119
72637  -61.232  -8.322  52.799 0.5000000000
73733  -60.305  -7.501  53.680 0.5000000000
60006  -51.170  -19.276  67.792 0.4000000060
150732  -54.189  -18.895  67.070 0.5000000000
61040  -51.228  -18.239  68.019 0.5000000000
59031  -52.013  -19.620  66.902 0.5000000000
59995  -50.025  -18.932  69.113 0.4000000060
62107  -48.292  -17.250  70.849 0.2000000030
61015  -47.863  -17.908  71.405 0.3000000119
61024  -48.528  -17.884  70.544 0.3000000119
180712  -47.479  -18.782  71.760 0.3000000119
62115  -49.637  -17.390  69.643 0.3000000119
62134  -50.847  -17.565  68.350 0.3000000119
61039  -50.513  -18.343  68.564 0.4000000060
58070  -50.541  -20.976  68.177 0.5000000000
50364  -28.516  -31.254  79.219 0.1000000015
45667  -32.621  -36.164  71.484 0.1000000015
54143  -32.861  -25.779  64.127 0.3000000119
49587  -31.779  -32.124  71.178 0.1000000015
50425  -32.178  -31.457  71.305 0.1000000015
50529  -38.578  -30.612  67.207 0.6999999881
50528  -38.086  -30.028  67.026 0.6999999881
59000  -48.531  -19.359  70.349 0.6999999881
59028  -49.888  -21.211  68.704 0.6999999881
182995  -53.486  -14.205  66.888 0.2000000030
65288  -53.979  -15.628  67.086 0.2000000030
59029  -51.096  -20.648  67.576 0.6999999881
63223  -54.529  -17.776  66.515 0.5000000000
150739  -51.430  -22.134  66.455 0.8000000119
68354  -53.425  -12.673  66.353 0.2000000030
68407  -55.490  -12.341  61.588 0.5000000000
155938  -48.234  -18.352  70.919 0.4000000060
59983  -48.810  -18.624  70.257 0.5000000000
71510  -61.800  -9.790  52.711 0.5000000000
47551  -29.662  -33.246  82.623 0.1000000015
150796  -31.078  -32.942  79.946 0.1000000015
45591  -27.075  -34.328  78.884 0.1000000015
49489  -31.265  -32.774  79.236 0.1000000015
47609  -31.586  -33.638  76.384 0.1000000015
48680  -30.847  -33.218  76.008 0.1000000015
45538  -27.971  -33.505  82.530 0.1000000015
176814  -34.123  -34.425  71.538 0.1000000015
47647  -35.192  -34.230  71.599 0.1000000015
48701  -33.995  -33.034  71.387 0.1000000015
50443  -34.038  -31.992  71.047 0.1000000015
50426  -32.758  -31.536  71.208 0.1000000015
46570  -22.509  -34.706  79.686 0.1000000015
47559  -25.742  -33.305  82.154 0.1000000015
47542  -28.329  -33.006  83.277 0.1000000015
161932  -36.113  -33.433  70.360 0.1000000015
49621  -35.470  -32.836  70.523 0.1000000015
48742  -35.614  -33.108  69.932 0.1000000015
48741  -35.039  -33.037  69.582 0.1000000015
50464  -34.101  -31.986  70.743 0.1000000015
48748  -33.861  -32.956  68.848 0.1000000015
49637  -34.204  -32.647  69.382 0.1000000015
47539  -26.346  -32.608  82.972 0.1000000015
47540  -26.863  -32.834  83.176 0.1000000015
47549  -26.198  -32.828  82.629 0.1000000015
47530  -27.674  -32.417  83.518 0.1000000015
47735  -34.074  -33.960  67.873 0.1000000015
48760  -32.866  -33.397  67.842 0.2000000030
50527  -33.101  -31.625  68.970 0.1000000015
48602  -25.936  -31.991  83.051 0.1000000015
49464  -28.909  -32.238  82.537 0.1000000015
50365  -29.122  -31.743  78.446 0.1000000015
184011  -34.395  -34.770  66.481 0.1000000015
156101  -32.247  -32.716  67.925 0.2000000030
47767  -33.162  -34.772  65.735 0.2000000030
177651  -32.517  -31.649  68.437 0.2000000030
48577  -21.880  -33.194  87.245 0.1000000015
161954  -22.299  -35.136  86.888 0.1000000015
46501  -22.220  -34.757  86.163 0.1000000015
48591  -21.524  -32.747  85.946 0.1000000015
49474  -22.233  -31.587  79.858 0.1000000015
49461  -25.015  -31.369  82.130 0.1000000015
48603  -26.095  -32.073  83.247 0.1000000015
47529  -27.175  -32.253  83.609 0.1000000015
48596  -28.010  -32.174  83.459 0.1000000015
46729  -33.888  -35.071  65.498 0.2000000030
47781  -31.845  -34.369  65.064 0.2000000030
175716  -32.734  -35.082  64.105 0.2000000030
47815  -31.841  -34.777  62.948 0.2000000030
48778  -30.549  -33.548  65.234 0.2000000030
47797  -31.167  -34.362  63.594 0.2000000030
48584  -21.409  -32.202  86.435 0.1000000015
49430  -21.161  -31.444  87.042 0.1000000015
50351  -21.692  -30.040  80.535 0.1000000015
49452  -25.836  -31.651  83.010 0.1000000015
50335  -25.234  -30.771  82.596 0.1000000015
48592  -26.603  -32.119  83.587 0.1000000015
48593  -26.916  -31.862  83.754 0.1000000015
49454  -28.060  -31.652  83.338 0.1000000015
50344  -28.312  -31.255  82.097 0.1000000015
152249  -28.233  -30.919  81.550 0.1000000015
49658  -29.632  -31.774  65.860 0.2000000030
51375  -31.290  -29.891  67.653 0.2000000030
51384  -30.299  -29.788  66.642 0.2000000030
50324  -24.727  -29.934  82.655 0.1000000015
49444  -27.048  -31.558  83.771 0.1000000015
50327  -27.593  -30.996  83.495 0.1000000015
50316  -27.016  -30.949  84.035 0.1000000015
51217  -28.235  -30.819  82.993 0.1000000015
48794  -29.366  -33.823  62.852 0.2000000030
47813  -30.174  -34.155  62.157 0.2000000030
48776  -29.034  -32.838  64.704 0.2000000030
48784  -28.674  -33.139  63.629 0.2000000030
49667  -28.953  -31.838  65.375 0.2000000030
50570  -28.542  -30.836  65.253 0.2000000030
49674  -27.946  -32.441  63.183 0.2000000030
163971  -28.991  -30.044  65.566 0.2000000030
50601  -26.999  -30.950  61.215 0.2000000030
52270  -27.110  -28.173  61.499 0.2000000030
175185  -27.507  -27.545  60.953 0.2000000030
184897  -27.565  -27.399  60.102 0.2000000030
51433  -32.335  -28.718  60.567 0.2000000030
51404  -27.466  -28.995  63.472 0.2000000030
50591  -26.943  -29.514  62.608 0.2000000030
50600  -26.762  -29.897  61.659 0.2000000030
52254  -28.204  -27.993  63.302 0.2000000030
52262  -27.473  -28.248  62.472 0.2000000030
52277  -30.742  -27.173  60.216 0.2000000030
180823  -31.018  -27.046  60.760 0.2000000030
50620  -32.761  -29.094  60.545 0.2000000030
159559  -47.120  -17.200  72.283 0.2000000030
53164  -29.351  -26.830  62.280 0.2000000030
62106  -47.667  -17.200  71.615 0.3000000119
63186  -48.700  -16.596  70.413 0.1000000015
179670  -49.583  -16.423  70.848 0.1000000015
64201  -49.719  -16.185  71.183 0.1000000015
63187  -49.463  -16.761  70.153 0.2000000030
175138  -49.215  -17.940  69.895 0.2000000030
162912  -50.691  -16.966  68.769 0.3000000119
158761  -51.448  -15.797  69.186 0.3000000119
61033  -49.848  -18.118  69.289 0.4000000060
61048  -51.925  -18.275  67.718 0.4000000060
175788  -51.058  -16.400  68.809 0.3000000119
184028  -51.944  -16.838  69.165 0.3000000119
63212  -53.174  -17.598  67.817 0.3000000119
61049  -52.622  -18.652  67.328 0.4000000060
60015  -51.889  -19.155  67.209 0.4000000060
63221  -53.767  -17.679  67.314 0.5000000000
59040  -51.382  -21.146  67.160 0.6999999881
59021  -50.720  -20.012  68.139 0.4000000060
60017  -53.739  -19.248  67.188 0.5000000000
169335  -52.417  -19.780  66.490 0.6000000238
50545  -38.204  -30.618  66.535 0.6000000238
182151  -39.329  -31.375  66.508 0.5000000000
171837  -41.023  -30.785  66.268 0.6000000238
48763  -39.257  -31.308  66.082 0.5000000000
55076  -32.160  -25.629  63.975 0.2000000030
54156  -31.505  -25.947  63.654 0.3000000119
65246  -49.784  -15.448  71.183 0.1000000015
65262  -51.195  -15.075  69.695 0.1000000015
65263  -51.305  -15.337  68.719 0.2000000030
66336  -52.762  -15.025  67.996 0.2000000030
64214  -52.372  -16.482  68.506 0.3000000119
171894  -39.860  -31.049  65.558 0.5000000000
173977  -39.803  -30.833  65.327 0.5000000000
52237  -35.891  -28.538  64.055 0.4000000060
158035  -35.217  -27.736  63.764 0.4000000060
148278  -40.720  -29.711  65.052 0.5000000000
52257  -34.655  -28.598  62.897 0.3000000119
49669  -37.599  -31.199  63.753 0.3000000119
50584  -35.130  -29.879  62.848 0.2000000030
66310  -50.479  -14.229  70.500 0.1000000015
66311  -51.052  -14.311  70.119 0.1000000015
66335  -51.899  -14.643  68.332 0.1000000015
67293  -52.546  -14.198  67.821 0.2000000030
50559  -37.115  -30.218  64.495 0.4000000060
67280  -50.837  -13.566  70.154 0.1000000015
68344  -52.390  -12.410  67.301 0.2000000030
68314  -50.016  -13.067  70.307 0.1000000015
67279  -50.098  -13.667  70.553 0.1000000015
68333  -51.949  -12.450  68.137 0.1000000015
69378  -53.186  -11.905  66.243 0.2000000030
74860  -59.114  -7.727  54.413 0.3000000119
74876  -58.940  -7.091  54.088 0.3000000119
74874  -57.911  -6.592  53.890 0.3000000119
60005  -50.591  -19.190  68.426 0.5000000000
61032  -49.457  -18.600  69.616 0.4000000060
64099  -28.853  -16.681  82.440 0.3000000119
64100  -29.315  -16.769  82.143 0.3000000119
63064  -27.221  -17.553  84.889 0.5000000000
63054  -26.522  -17.692  85.580 0.4000000060
63045  -26.913  -17.977  86.395 0.6000000238
63055  -27.404  -17.907  85.638 0.5000000000
157156  -29.708  -16.371  81.481 0.3000000119
61962  -27.949  -18.374  85.477 0.5000000000
63080  -29.880  -16.873  81.595 0.4000000060
55105  -39.184  -24.941  61.426 0.4000000060
56097  -38.602  -24.380  60.349 0.4000000060
60212  -51.286  -20.582  50.810 0.2000000030
61258  -51.017  -20.149  50.558 0.2000000030
59228  -51.268  -21.910  51.032 0.2000000030
58230  -51.609  -22.625  51.779 0.2000000030
57219  -52.695  -23.884  52.872 0.2000000030
56212  -52.997  -24.810  52.963 0.2000000030
60229  -50.212  -20.621  48.142 0.3000000119
161432  -50.722  -22.212  50.277 0.2000000030
57229  -50.752  -23.749  51.195 0.2000000030
56211  -51.995  -24.745  52.354 0.2000000030
59252  -50.247  -21.832  47.909 0.3000000119
55205  -52.357  -25.668  52.493 0.2000000030
55222  -51.314  -25.650  51.912 0.2000000030
60250  -50.031  -21.289  45.913 0.3000000119
58282  -50.492  -22.982  47.110 0.2000000030
57253  -50.206  -23.898  48.835 0.2000000030
56229  -50.262  -25.424  49.913 0.2000000030
54312  -52.268  -27.845  51.120 0.2000000030
55221  -50.460  -25.641  51.010 0.2000000030
69430  -53.346  -11.228  61.798 0.4000000060
68406  -54.070  -12.092  61.536 0.4000000060
69421  -55.326  -11.136  62.187 0.4000000060
68397  -55.932  -11.728  61.812 0.5000000000
68408  -56.559  -12.343  61.584 0.5000000000
67340  -57.075  -12.963  61.248 0.5000000000
66425  -57.249  -13.977  60.236 0.5000000000
165555  -53.278  -19.072  45.193 0.4000000060
59278  -52.027  -21.819  45.949 0.3000000119
59269  -52.586  -22.231  46.591 0.3000000119
52399  -53.514  -28.798  49.269 0.2000000030
62392  -51.528  -18.521  44.422 0.3000000119
61303  -51.263  -19.674  44.745 0.3000000119
59285  -51.566  -21.445  45.568 0.3000000119
58283  -50.915  -23.151  46.952 0.2000000030
57269  -51.145  -24.097  48.125 0.2000000030
55237  -50.478  -26.416  49.948 0.2000000030
69422  -56.090  -11.188  61.875 0.4000000060
70401  -56.118  -10.667  61.808 0.4000000060
69423  -56.526  -11.418  61.493 0.3000000119
69436  -57.046  -11.494  60.990 0.4000000060
68409  -57.041  -12.175  61.368 0.4000000060
68413  -57.369  -12.132  60.668 0.4000000060
166336  -58.212  -12.979  59.250 0.4000000060
66426  -57.861  -13.847  59.926 0.5000000000
67353  -57.472  -13.446  60.560 0.4000000060
60252  -53.632  -20.371  46.058 0.4000000060
59279  -53.118  -21.335  46.250 0.3000000119
53341  -52.033  -28.251  48.712 0.2000000030
61277  -54.455  -19.903  46.660 0.4000000060
58285  -53.077  -22.611  47.283 0.2000000030
57254  -51.796  -24.546  48.138 0.2000000030
55245  -50.905  -27.142  48.120 0.2000000030
54348  -51.379  -27.667  47.518 0.2000000030
178748  -54.400  -22.584  48.077 0.3000000119
58271  -53.470  -22.978  47.849 0.2000000030
56235  -52.341  -24.865  48.024 0.2000000030
57255  -53.366  -23.931  48.077 0.2000000030
70400  -55.625  -10.490  62.304 0.4000000060
70412  -56.116  -10.171  61.509 0.2000000030
71397  -56.329  -10.122  60.869 0.2000000030
70419  -56.836  -10.841  60.324 0.2000000030
70413  -56.472  -10.825  61.201 0.3000000119
181950  -56.154  -8.654  59.474 0.2000000030
68419  -58.155  -12.303  59.152 0.4000000060
69443  -57.911  -11.710  59.435 0.4000000060
70420  -57.442  -11.085  59.521 0.3000000119
68420  -58.667  -12.591  58.407 0.4000000060
56237  -55.110  -24.037  47.959 0.2000000030
178348  -55.095  -21.890  48.133 0.3000000119
57256  -54.743  -23.379  48.322 0.2000000030
55239  -53.384  -24.464  47.810 0.2000000030
55261  -51.905  -25.746  47.149 0.2000000030
58258  -53.829  -23.149  48.095 0.2000000030
55246  -52.078  -25.540  47.462 0.2000000030
184116  -55.356  -9.161  62.516 0.2000000030
72489  -55.749  -8.507  61.535 0.2000000030
71383  -55.821  -9.794  62.187 0.2000000030
72499  -56.038  -8.870  60.782 0.2000000030
163957  -56.079  -8.591  60.091 0.2000000030
71409  -56.229  -9.508  60.639 0.2000000030
72522  -56.151  -8.754  58.843 0.2000000030
72511  -56.550  -9.126  59.259 0.2000000030
71411  -57.049  -10.456  59.473 0.3000000119
72512  -57.180  -9.609  58.590 0.3000000119
70432  -57.924  -10.498  58.310 0.4000000060
181326  -59.147  -11.764  57.389 0.4000000060
69452  -58.862  -11.776  58.022 0.4000000060
59254  -54.896  -21.096  47.863 0.4000000060
57257  -55.680  -23.420  48.431 0.2000000030
55262  -53.399  -24.510  47.293 0.2000000030
55266  -51.681  -25.888  46.061 0.2000000030
55271  -51.578  -25.769  45.148 0.2000000030
56238  -56.546  -23.725  48.396 0.2000000030
55263  -55.265  -23.893  47.575 0.2000000030
180145  -54.551  -24.026  47.301 0.2000000030
55272  -52.684  -24.485  46.062 0.2000000030
56283  -52.480  -24.330  45.408 0.2000000030
55269  -55.722  -23.814  47.281 0.2000000030
57300  -55.770  -22.741  44.840 0.2000000030
56248  -56.605  -23.835  48.061 0.2000000030
55268  -54.831  -23.859  46.971 0.2000000030
152777  -55.389  -23.313  45.592 0.2000000030
56300  -53.217  -23.218  44.234 0.2000000030
56268  -59.225  -24.201  47.468 0.3000000119
56294  -57.595  -23.001  45.461 0.3000000119
57325  -55.945  -21.717  43.693 0.2000000030
162456  -57.064  -23.857  47.687 0.3000000119
56265  -56.837  -23.755  47.098 0.3000000119
56285  -57.793  -23.456  45.951 0.3000000119
73734  -60.906  -7.900  53.318 0.4000000060
72698  -61.051  -8.088  46.531 0.4000000060
71612  -61.859  -9.485  46.537 0.4000000060
68550  -62.197  -12.865  47.230 0.4000000060
69585  -62.080  -10.818  47.266 0.4000000060
64460  -62.044  -16.824  47.549 0.4000000060
66570  -62.153  -14.315  47.444 0.4000000060
57273  -62.406  -22.880  48.134 0.5000000000
60243  -63.070  -20.902  47.753 0.5000000000
63414  -62.233  -17.680  47.515 0.4000000060
65524  -62.541  -15.066  47.041 0.4000000060
57283  -61.946  -23.542  47.168 0.6000000238
57288  -61.776  -23.581  46.377 0.5000000000
58290  -62.948  -22.156  46.524 0.5000000000
165545  -62.721  -17.905  47.063 0.5000000000
154620  -59.303  -24.086  46.020 0.4000000060
56296  -59.440  -23.309  44.990 0.4000000060
57315  -59.816  -23.126  44.058 0.3000000119
72638  -61.581  -9.018  52.642 0.4000000060
66546  -62.055  -13.607  49.849 0.5000000000
65506  -61.591  -15.625  49.478 0.5000000000
66563  -61.835  -14.403  48.346 0.5000000000
163682  -62.132  -12.212  47.553 0.4000000060
64461  -62.475  -15.998  47.042 0.4000000060
57297  -62.787  -22.733  45.924 0.5000000000
61291  -62.797  -19.306  46.496 0.5000000000
56252  -60.648  -23.929  48.241 0.5000000000
74917  -61.033  -6.767  52.348 0.4000000060
73750  -61.605  -8.210  52.077 0.4000000060
72652  -62.078  -8.719  51.395 0.4000000060
70556  -62.287  -10.317  50.593 0.4000000060
69560  -62.451  -11.808  49.929 0.4000000060
68531  -62.279  -12.451  49.669 0.4000000060
69571  -62.186  -11.859  49.085 0.4000000060
69579  -62.078  -11.769  48.163 0.4000000060
65525  -63.543  -15.383  46.587 0.4000000060
66571  -63.056  -14.444  46.748 0.4000000060
68561  -62.658  -12.247  46.768 0.4000000060
63415  -63.330  -16.993  46.416 0.5000000000
182976  -62.721  -20.137  46.390 0.5000000000
63422  -63.078  -17.688  46.557 0.4000000060
58294  -63.178  -21.716  44.712 0.5000000000
73760  -61.348  -7.320  51.756 0.4000000060
156925  -62.124  -8.319  50.673 0.4000000060
72699  -61.189  -8.921  46.928 0.4000000060
73773  -62.095  -7.590  50.176 0.4000000060
70571  -62.249  -10.428  49.715 0.4000000060
70596  -61.891  -10.353  47.800 0.4000000060
70607  -62.553  -10.792  46.508 0.4000000060
69595  -62.968  -11.579  46.336 0.4000000060
163480  -62.442  -10.046  46.375 0.4000000060
65533  -64.138  -15.339  46.074 0.4000000060
165018  -63.891  -13.047  46.004 0.4000000060
178795  -63.325  -17.356  45.906 0.5000000000
177307  -64.106  -16.109  45.736 0.4000000060
67454  -64.139  -13.826  45.888 0.4000000060
71601  -61.596  -9.632  47.406 0.4000000060
71613  -62.590  -9.515  45.899 0.4000000060
70608  -63.218  -10.983  45.909 0.4000000060
69596  -63.565  -11.570  45.608 0.4000000060
68568  -64.049  -12.334  45.279 0.4000000060
70616  -63.116  -10.212  45.761 0.4000000060
53303  -55.777  -27.896  51.276 0.2000000030
54283  -52.686  -26.565  52.422 0.2000000030
53302  -54.638  -28.069  51.423 0.2000000030
175606  -50.983  -26.573  51.394 0.2000000030
54297  -52.999  -27.415  52.064 0.2000000030
53330  -55.523  -28.713  49.857 0.2000000030
61953  -27.038  -18.538  86.938 0.5000000000
60260  -50.507  -20.646  45.296 0.3000000119
61290  -54.117  -19.285  45.896 0.4000000060
59271  -54.363  -21.243  47.270 0.3000000119
58260  -55.856  -22.692  48.644 0.2000000030
69453  -59.270  -12.414  57.632 0.5000000000
69463  -59.243  -11.374  56.879 0.4000000060
56267  -58.453  -24.126  47.605 0.3000000119
70540  -62.210  -10.299  51.485 0.5000000000
70541  -62.355  -11.024  51.037 0.4000000060
69551  -62.422  -11.736  50.645 0.4000000060
56251  -59.843  -24.086  48.102 0.4000000060
58262  -62.115  -22.568  49.098 0.5000000000
176158  -62.661  -21.101  48.982 0.5000000000
59244  -62.923  -20.797  48.544 0.5000000000
62367  -62.031  -18.270  48.236 0.5000000000
64454  -61.546  -16.662  48.316 0.5000000000
65516  -61.557  -15.831  48.529 0.5000000000
157227  -52.356  -18.915  44.708 0.3000000119
58259  -55.028  -22.642  48.370 0.2000000030
67442  -61.863  -14.325  49.325 0.5000000000
56253  -61.358  -23.710  47.874 0.6000000238
70443  -58.767  -10.657  56.808 0.4000000060
185418  -61.993  -8.829  52.073 0.4000000060
69431  -54.841  -11.700  61.969 0.4000000060
61267  -50.411  -20.200  49.256 0.3000000119
59227  -51.032  -21.321  50.419 0.2000000030
59240  -50.525  -21.935  49.656 0.2000000030
57230  -51.712  -23.752  52.148 0.2000000030
55206  -53.384  -25.741  52.939 0.2000000030
59239  -50.422  -21.259  49.089 0.2000000030
158410  -49.765  -20.778  46.851 0.3000000119
58257  -50.324  -23.001  49.530 0.2000000030
58256  -50.325  -22.442  48.725 0.2000000030
58229  -50.714  -22.889  50.669 0.2000000030
56224  -50.906  -24.711  51.650 0.2000000030
59268  -50.302  -22.395  46.974 0.2000000030
60240  -50.084  -21.285  46.982 0.3000000119
59276  -50.496  -22.010  46.102 0.3000000119
57238  -50.147  -23.842  50.032 0.2000000030
177611  -51.807  -26.355  52.049 0.2000000030
59284  -50.861  -21.463  45.562 0.3000000119
58270  -50.337  -22.824  47.762 0.2000000030
57252  -50.354  -23.319  48.438 0.2000000030
59277  -51.131  -22.118  45.849 0.3000000119
56223  -50.232  -24.698  50.553 0.2000000030
57268  -50.620  -23.704  48.119 0.2000000030
56233  -50.262  -24.686  49.048 0.2000000030
56234  -50.736  -25.418  48.584 0.2000000030
54296  -51.943  -27.097  51.664 0.2000000030
53301  -53.424  -28.038  51.399 0.2000000030
54311  -51.184  -27.390  50.628 0.2000000030
54321  -51.737  -27.967  49.757 0.2000000030
167001  -54.266  -11.089  62.177 0.4000000060
61304  -52.386  -19.889  45.077 0.3000000119
61289  -53.224  -19.908  45.514 0.4000000060
60251  -52.514  -20.826  45.579 0.3000000119
58289  -51.502  -22.568  46.416 0.3000000119
57282  -51.121  -23.531  47.568 0.3000000119
58284  -51.913  -22.978  47.073 0.2000000030
53329  -52.754  -28.445  49.761 0.2000000030
53315  -53.834  -28.518  50.473 0.2000000030
52400  -54.776  -29.022  49.198 0.2000000030
60261  -51.510  -20.702  45.219 0.3000000119
179363  -52.238  -23.440  47.607 0.2000000030
57270  -52.667  -23.806  47.988 0.2000000030
54320  -50.833  -27.214  49.319 0.2000000030
69437  -57.398  -11.638  60.155 0.4000000060
68414  -57.979  -12.418  60.053 0.4000000060
59270  -53.647  -21.747  46.914 0.2000000030
53342  -52.762  -28.692  48.133 0.2000000030
60241  -54.048  -20.848  46.719 0.3000000119
55238  -50.895  -26.182  48.421 0.2000000030
59253  -54.233  -22.069  47.595 0.3000000119
165453  -51.953  -25.482  47.820 0.2000000030
71410  -56.537  -10.005  60.111 0.2000000030
72500  -56.386  -9.273  60.058 0.2000000030
69444  -58.309  -11.761  58.654 0.4000000060
160123  -57.904  -11.133  58.827 0.4000000060
183585  -57.555  -10.649  58.979 0.4000000060
56236  -54.160  -24.055  48.140 0.2000000030
162303  -56.017  -23.673  48.279 0.2000000030
55248  -55.671  -23.856  47.933 0.2000000030
55247  -53.993  -24.334  47.642 0.2000000030
185463  -52.818  -24.845  47.656 0.2000000030
55260  -51.729  -26.103  46.638 0.2000000030
54347  -51.576  -27.312  46.872 0.2000000030
72477  -55.645  -8.914  62.113 0.2000000030
71421  -56.808  -9.781  59.359 0.2000000030
71422  -57.411  -10.133  58.791 0.3000000119
70425  -58.402  -11.126  58.158 0.4000000060
70433  -58.371  -10.497  57.618 0.4000000060
55267  -52.995  -24.558  46.878 0.2000000030
55273  -54.021  -24.007  46.448 0.2000000030
56274  -55.135  -23.628  46.328 0.2000000030
155743  -53.948  -23.801  45.698 0.2000000030
56299  -51.836  -23.930  44.030 0.2000000030
56291  -52.917  -23.810  44.884 0.2000000030
176790  -56.320  -23.800  47.567 0.2000000030
57301  -57.128  -22.611  44.864 0.2000000030
159794  -57.058  -23.305  45.902 0.2000000030
56292  -54.365  -23.288  44.929 0.2000000030
57311  -54.569  -22.729  44.248 0.2000000030
57312  -56.609  -22.103  44.285 0.2000000030
57324  -54.626  -22.171  43.484 0.2000000030
56275  -56.019  -23.714  46.760 0.2000000030
56284  -56.228  -23.410  46.121 0.2000000030
180985  -59.940  -24.100  47.341 0.4000000060
56277  -58.666  -24.154  46.768 0.4000000060
56276  -57.796  -23.761  46.562 0.3000000119
56286  -58.526  -23.987  45.914 0.3000000119
56295  -58.550  -23.327  45.318 0.2000000030
57313  -57.890  -22.045  44.223 0.2000000030
57326  -57.250  -21.426  43.581 0.2000000030
153660  -56.976  -23.563  46.400 0.2000000030
65523  -61.875  -15.236  47.752 0.4000000060
61279  -62.366  -19.184  48.108 0.5000000000
67448  -62.001  -13.507  47.791 0.4000000060
59256  -62.845  -21.368  48.472 0.5000000000
57285  -62.782  -22.352  47.456 0.5000000000
57289  -62.406  -23.236  46.562 0.5000000000
61280  -62.753  -19.323  47.349 0.5000000000
156412  -62.961  -20.085  47.186 0.5000000000
56288  -60.139  -23.829  46.132 0.5000000000
56279  -60.435  -24.012  46.826 0.6000000238
57295  -61.591  -23.530  45.561 0.5000000000
57296  -62.287  -23.292  45.720 0.6000000238
57294  -60.697  -23.525  45.489 0.5000000000
59280  -62.920  -21.384  46.172 0.5000000000
64462  -63.384  -16.322  46.533 0.4000000060
182043  -59.113  -23.815  45.515 0.4000000060
57303  -59.018  -22.995  44.590 0.3000000119
57302  -58.254  -22.671  44.790 0.2000000030
57304  -60.298  -23.360  44.785 0.4000000060
57305  -61.309  -23.417  44.647 0.5000000000
160070  -59.857  -22.816  43.196 0.4000000060
57314  -59.040  -22.466  43.914 0.3000000119
155687  -61.661  -15.035  48.859 0.4000000060
68540  -61.995  -12.657  48.485 0.4000000060
58293  -62.963  -22.333  45.147 0.5000000000
59281  -62.652  -20.646  45.845 0.5000000000
57306  -62.161  -23.344  44.863 0.4000000060
71539  -62.209  -9.540  51.033 0.4000000060
159600  -62.184  -8.925  50.612 0.4000000060
72665  -62.210  -8.578  49.801 0.4000000060
71555  -62.242  -9.551  50.034 0.4000000060
70583  -62.123  -11.287  48.692 0.4000000060
67452  -63.506  -13.749  46.414 0.4000000060
62382  -63.001  -18.313  46.161 0.5000000000
60254  -62.539  -19.831  45.692 0.5000000000
73761  -61.930  -7.793  51.220 0.4000000060
165367  -62.207  -9.243  49.224 0.4000000060
53316  -55.115  -28.474  50.636 0.2000000030
64107  -29.187  -16.313  81.830 0.2000000030
177132  -31.780  -15.613  80.403 0.3000000119
64115  -28.590  -16.114  80.386 0.2000000030
65163  -29.135  -15.809  80.099 0.2000000030
65204  -30.055  -15.916  75.890 0.1000000015
64154  -29.525  -16.451  75.369 0.1000000015
64155  -30.258  -16.041  75.061 0.1000000015
173335  -25.836  -18.272  87.669 0.4000000060
63044  -26.081  -17.850  86.393 0.3000000119
179479  -28.439  -16.898  83.038 0.2000000030
176310  -27.927  -16.797  82.416 0.1000000015
64106  -28.538  -16.421  81.779 0.2000000030
65148  -29.474  -16.025  81.274 0.2000000030
64105  -27.673  -16.735  81.307 0.1000000015
176153  -28.939  -16.074  81.403 0.2000000030
65156  -30.511  -15.530  80.419 0.2000000030
61983  -24.557  -18.676  83.341 0.1000000015
63077  -25.093  -18.096  82.830 0.1000000015
160802  -25.742  -17.798  82.297 0.1000000015
156228  -26.823  -17.128  81.226 0.1000000015
65147  -28.457  -16.229  81.048 0.1000000015
65155  -29.738  -15.760  80.648 0.2000000030
65164  -29.876  -15.463  79.837 0.2000000030
65157  -31.269  -15.259  80.222 0.2000000030
61995  -24.625  -18.753  82.468 0.1000000015
63085  -25.645  -17.932  81.455 0.1000000015
63098  -26.207  -17.636  80.761 0.1000000015
64113  -27.026  -17.057  80.334 0.1000000015
66220  -32.264  -14.919  79.294 0.2000000030
60889  -23.662  -19.711  82.351 0.1000000015
61994  -24.128  -19.167  82.154 0.1000000015
175620  -25.151  -18.386  81.284 0.1000000015
167296  -25.746  -17.930  80.130 0.1000000015
64127  -27.834  -16.765  78.698 0.1000000015
66221  -33.002  -14.958  79.027 0.1000000015
60896  -23.933  -19.524  81.554 0.1000000015
62024  -24.281  -19.298  80.738 0.1000000015
63104  -25.244  -18.408  80.027 0.1000000015
180874  -26.683  -17.506  79.106 0.1000000015
66246  -32.131  -14.940  77.266 0.1000000015
66239  -32.709  -14.910  77.782 0.1000000015
157010  -24.647  -19.000  79.939 0.1000000015
62040  -25.681  -18.109  79.438 0.1000000015
63109  -26.193  -17.846  78.905 0.1000000015
65195  -32.222  -15.359  76.458 0.1000000015
60924  -24.517  -19.329  79.110 0.1000000015
62039  -25.091  -18.685  79.227 0.1000000015
65205  -30.820  -15.729  75.535 0.1000000015
65207  -32.211  -15.790  75.523 0.1000000015
64156  -33.033  -16.218  75.411 0.1000000015
63136  -27.163  -17.920  75.939 0.1000000015
62074  -27.163  -18.205  74.993 0.1000000015
64169  -28.974  -16.846  74.718 0.1000000015
64182  -30.136  -16.286  73.761 0.1000000015
64171  -30.436  -16.049  74.358 0.1000000015
64184  -31.629  -16.380  73.697 0.1000000015
64173  -33.060  -16.627  74.685 0.1000000015
59936  -25.472  -19.675  74.977 0.1000000015
62072  -25.859  -18.853  76.024 0.1000000015
62073  -26.550  -18.586  75.523 0.1000000015
63148  -27.744  -17.806  74.558 0.1000000015
63149  -28.409  -17.377  74.047 0.1000000015
161902  -29.301  -16.777  73.740 0.1000000015
176970  -31.048  -16.345  73.224 0.1000000015
63171  -31.428  -17.176  72.020 0.1000000015
63172  -32.272  -17.370  72.686 0.1000000015
63053  -25.693  -17.676  85.055 0.2000000030
63063  -26.456  -17.505  84.659 0.3000000119
173046  -24.656  -18.523  88.559 0.3000000119
168380  -24.764  -17.939  86.879 0.1000000015
177392  -25.671  -17.726  85.777 0.1000000015
64089  -27.056  -17.298  84.103 0.2000000030
63051  -23.994  -18.388  85.662 0.1000000015
63061  -24.993  -17.918  84.593 0.1000000015
64088  -26.394  -17.428  83.945 0.1000000015
157659  -23.900  -18.823  84.770 0.1000000015
61960  -24.458  -18.314  84.948 0.1000000015
63071  -25.060  -17.996  83.722 0.1000000015
63072  -25.894  -17.667  83.273 0.1000000015
64094  -26.771  -17.215  83.373 0.1000000015
154997  -27.158  -16.978  82.785 0.1000000015
61970  -23.359  -19.378  84.613 0.1000000015
61972  -24.490  -18.527  84.208 0.1000000015
63078  -26.480  -17.363  82.577 0.1000000015
64104  -27.017  -16.956  82.021 0.1000000015
65165  -30.664  -15.049  79.682 0.2000000030
172705  -22.642  -19.775  84.982 0.1000000015
61971  -23.821  -19.178  83.863 0.1000000015
65174  -29.205  -15.814  79.140 0.1000000015
168217  -22.283  -20.372  84.264 0.1000000015
60888  -22.945  -20.207  82.545 0.1000000015
61982  -24.017  -19.196  82.890 0.1000000015
65176  -30.945  -14.905  78.770 0.1000000015
172166  -21.157  -21.390  83.653 0.1000000015
172704  -21.891  -20.857  83.563 0.1000000015
60882  -22.673  -20.341  83.407 0.1000000015
63115  -26.181  -17.986  78.097 0.1000000015
63116  -26.822  -17.693  77.685 0.1000000015
64134  -28.092  -16.805  77.732 0.1000000015
65183  -29.930  -15.553  77.697 0.1000000015
65185  -31.358  -14.934  77.791 0.1000000015
66238  -32.101  -14.788  77.960 0.1000000015
59860  -22.616  -20.782  81.920 0.1000000015
60910  -23.584  -19.942  80.823 0.1000000015
62051  -25.702  -18.597  77.732 0.1000000015
63117  -27.462  -17.367  77.298 0.1000000015
64136  -29.284  -16.056  77.277 0.1000000015
65192  -29.953  -15.762  76.784 0.1000000015
65194  -31.436  -15.205  76.812 0.1000000015
170508  -21.576  -21.432  82.831 0.1000000015
169893  -22.300  -20.818  82.748 0.1000000015
60909  -22.875  -20.632  81.019 0.1000000015
62038  -23.943  -19.714  79.831 0.1000000015
62046  -25.641  -18.386  78.614 0.1000000015
62060  -25.827  -18.726  76.867 0.1000000015
63123  -26.955  -17.849  76.865 0.1000000015
64135  -28.655  -16.580  77.035 0.1000000015
64143  -29.261  -16.384  76.340 0.1000000015
65193  -30.725  -15.555  76.361 0.1000000015
65206  -31.491  -15.504  75.964 0.1000000015
172406  -21.580  -21.739  82.061 0.1000000015
59879  -23.490  -20.354  79.183 0.1000000015
60939  -24.379  -19.661  78.414 0.1000000015
60953  -25.232  -19.164  77.248 0.1000000015
162990  -26.456  -18.375  76.420 0.1000000015
63137  -27.683  -17.750  75.303 0.1000000015
63138  -28.285  -17.375  75.046 0.1000000015
59870  -22.531  -21.126  80.304 0.1000000015
59890  -23.798  -20.265  78.207 0.1000000015
58902  -22.214  -21.596  79.641 0.1000000015
59889  -23.064  -20.894  78.534 0.1000000015
172865  -23.257  -18.454  88.427 0.3000000119
148403  -24.020  -18.295  88.148 0.2000000030
171403  -23.967  -18.477  88.940 0.3000000119
169953  -23.962  -18.159  86.633 0.1000000015
147459  -24.523  -17.959  86.186 0.1000000015
148888  -22.271  -19.256  86.471 0.1000000015
170047  -23.114  -18.719  86.311 0.1000000015
60870  -20.626  -19.888  86.719 0.1000000015
173004  -21.900  -19.872  85.773 0.1000000015
172457  -21.210  -20.482  85.419 0.1000000015
168104  -21.907  -20.331  85.008 0.1000000015
179052  -21.382  -20.861  84.477 0.1000000015
59844  -20.533  -21.299  84.220 0.1000000015
58850  -19.145  -21.489  84.049 0.1000000015
174941  -20.408  -21.668  83.515 0.1000000015
58859  -19.512  -21.819  83.267 0.1000000015
148159  -20.991  -21.957  82.393 0.1000000015
148209  -20.294  -22.388  82.010 0.1000000015
59869  -22.017  -21.463  81.251 0.1000000015
167680  -20.797  -22.675  80.729 0.1000000015
58890  -21.956  -21.695  80.338 0.1000000015
168125  -22.438  -18.613  88.799 0.1000000015
172871  -21.357  -18.967  89.988 0.1000000015
172866  -21.590  -18.765  89.163 0.1000000015
168213  -22.495  -18.591  87.824 0.2000000030
169983  -20.921  -19.441  90.541 0.2000000030
168025  -22.430  -18.835  89.784 0.2000000030
148479  -23.356  -18.384  87.387 0.2000000030
169266  -21.481  -19.641  86.663 0.1000000015
148840  -22.593  -18.747  87.031 0.2000000030
180121  -19.396  -19.823  87.263 0.1000000015
177748  -43.270  -16.762  76.046 0.1000000015
64161  -42.500  -16.458  75.508 0.1000000015
60837  -19.044  -19.418  90.607 0.2000000030
61927  -20.436  -19.084  90.131 0.2000000030
173047  -21.679  -18.768  88.184 0.1000000015
61942  -20.247  -18.998  88.922 0.1000000015
60863  -20.985  -19.367  87.571 0.1000000015
169159  -21.874  -18.986  87.257 0.1000000015
60856  -20.220  -19.345  88.194 0.1000000015
151339  -39.550  -26.813  62.540 0.3000000119
172712  -38.977  -27.356  61.872 0.3000000119
172388  -39.159  -27.922  62.285 0.2000000030
54183  -39.569  -25.787  62.064 0.3000000119
148119  -39.095  -26.570  61.830 0.3000000119
172005  -38.478  -26.787  61.314 0.2000000030
167928  -38.207  -27.629  61.096 0.2000000030
158659  -40.589  -28.297  49.887 0.2000000030
172598  -39.002  -29.747  52.378 0.2000000030
171539  -39.386  -29.658  51.021 0.2000000030
54194  -38.022  -25.975  61.041 0.3000000119
55131  -37.096  -25.026  59.754 0.2000000030
151855  -37.437  -25.853  60.305 0.2000000030
54332  -43.095  -27.084  48.334 0.2000000030
56247  -43.387  -24.985  48.269 0.2000000030
172387  -37.613  -26.951  60.458 0.2000000030
149183  -36.869  -26.326  59.404 0.2000000030
172008  -36.455  -26.193  58.302 0.2000000030
55242  -41.419  -26.651  47.724 0.2000000030
55243  -42.509  -26.393  47.938 0.2000000030
174222  -37.550  -27.833  60.287 0.2000000030
174014  -36.224  -26.864  57.234 0.2000000030
167819  -39.630  -28.130  49.855 0.2000000030
53324  -40.440  -27.972  49.116 0.2000000030
174383  -36.313  -28.241  56.573 0.2000000030
172398  -36.997  -28.977  54.451 0.2000000030
172227  -36.962  -29.080  53.646 0.2000000030
174272  -37.985  -28.782  52.966 0.2000000030
148171  -38.034  -30.554  51.037 0.2000000030
60198  -49.732  -20.481  51.379 0.2000000030
59238  -47.475  -21.825  49.595 0.2000000030
59237  -45.946  -22.344  49.261 0.2000000030
57249  -43.763  -23.858  48.507 0.2000000030
55146  -36.556  -25.179  58.760 0.2000000030
56263  -41.628  -24.706  47.528 0.2000000030
56264  -42.283  -23.928  47.705 0.2000000030
55158  -36.037  -25.402  57.716 0.2000000030
55258  -40.045  -25.633  47.393 0.2000000030
56246  -42.530  -24.818  47.834 0.2000000030
54329  -39.553  -27.120  48.127 0.2000000030
54330  -40.385  -27.120  47.821 0.2000000030
172292  -35.668  -27.192  56.038 0.2000000030
167748  -35.586  -27.504  55.158 0.2000000030
61228  -49.552  -19.778  50.715 0.2000000030
60228  -47.775  -21.013  48.297 0.2000000030
61255  -48.594  -19.653  49.456 0.2000000030
62355  -49.582  -19.313  49.728 0.2000000030
59267  -47.126  -21.671  47.702 0.2000000030
59248  -44.441  -21.913  47.544 0.2000000030
58267  -43.210  -22.705  48.026 0.2000000030
57280  -38.697  -23.801  47.292 0.2000000030
177319  -41.191  -23.611  47.420 0.2000000030
56261  -39.443  -24.768  47.252 0.2000000030
156283  -48.862  -20.302  47.696 0.2000000030
62364  -49.999  -19.722  48.652 0.2000000030
60238  -46.816  -21.462  46.726 0.2000000030
59261  -40.757  -21.378  47.267 0.2000000030
61288  -49.528  -20.779  46.052 0.2000000030
60235  -40.995  -20.610  47.157 0.2000000030
57316  -60.592  -23.156  43.339 0.3000000119
162355  -62.031  -23.381  44.148 0.4000000060
57318  -62.221  -23.240  43.580 0.5000000000
57332  -62.729  -22.781  43.218 0.5000000000
69630  -64.005  -11.584  40.308 0.1000000015
69635  -64.265  -10.866  39.920 0.1000000015
70643  -64.589  -10.024  39.781 0.1000000015
69634  -63.964  -11.254  39.442 0.1000000015
73824  -61.454  -7.277  45.411 0.3000000119
73812  -60.924  -7.326  46.083 0.3000000119
58297  -63.121  -22.356  44.439 0.5000000000
59290  -63.556  -21.265  44.182 0.5000000000
60264  -63.612  -20.543  44.060 0.5000000000
176070  -64.739  -9.276  39.712 0.2000000030
70646  -64.568  -9.570  38.932 0.1000000015
72752  -64.733  -8.695  39.203 0.1000000015
68598  -63.542  -11.822  40.233 0.1000000015
70642  -64.297  -10.520  39.021 0.1000000015
159889  -63.566  -11.326  39.632 0.1000000015
69641  -64.060  -11.039  38.508 0.1000000015
68607  -63.808  -11.148  38.845 0.1000000015
70385  -51.939  -10.099  63.165 0.1000000015
71379  -52.194  -9.646  63.045 0.2000000030
70397  -51.970  -9.919  62.571 0.2000000030
74959  -61.778  -7.136  48.726 0.3000000119
74951  -62.078  -7.099  49.471 0.3000000119
72675  -62.044  -8.678  48.752 0.3000000119
71569  -62.213  -9.871  49.225 0.3000000119
73797  -61.487  -8.042  48.256 0.3000000119
72688  -61.438  -8.890  47.818 0.3000000119
72687  -61.060  -8.153  47.342 0.3000000119
73805  -60.811  -7.371  46.886 0.3000000119
76052  -60.563  -5.567  46.881 0.2000000030
76065  -60.810  -5.960  44.922 0.2000000030
73825  -62.465  -7.198  45.013 0.2000000030
71630  -63.780  -9.320  44.494 0.1000000015
62383  -62.947  -18.158  45.442 0.4000000060
181343  -64.294  -9.704  43.196 0.2000000030
72746  -64.651  -8.338  42.598 0.2000000030
162136  -62.762  -19.064  44.474 0.4000000060
65541  -64.177  -15.473  45.197 0.3000000119
161338  -64.203  -13.881  45.031 0.3000000119
73857  -64.755  -7.747  42.108 0.1000000015
75024  -64.676  -7.114  40.687 0.1000000015
73859  -64.982  -7.811  41.280 0.3000000119
75027  -64.627  -7.223  39.856 0.2000000030
72750  -65.011  -8.596  40.918 0.2000000030
73861  -64.917  -7.876  40.393 0.2000000030
75026  -64.401  -6.606  39.331 0.2000000030
73864  -64.779  -7.940  39.541 0.2000000030
73863  -64.571  -7.310  39.067 0.2000000030
73867  -64.460  -7.307  38.320 0.2000000030
72755  -64.620  -8.775  38.228 0.1000000015
181432  -64.412  -10.061  38.521 0.1000000015
72754  -64.539  -7.932  37.849 0.2000000030
69651  -64.068  -10.887  37.726 0.1000000015
68616  -63.890  -11.104  38.170 0.1000000015
70398  -52.697  -9.935  62.383 0.2000000030
69420  -52.924  -10.515  62.068 0.3000000119
74940  -61.977  -6.757  50.006 0.3000000119
74950  -61.692  -6.314  49.294 0.3000000119
73785  -62.153  -7.806  49.168 0.3000000119
74958  -61.301  -6.457  48.327 0.2000000030
76039  -61.103  -5.647  47.952 0.2000000030
74969  -60.898  -6.495  47.353 0.3000000119
74977  -60.621  -6.568  46.375 0.1000000015
76064  -60.427  -5.815  45.736 0.2000000030
78138  -60.389  -4.105  44.281 0.1000000015
76066  -61.180  -5.640  44.041 0.1000000015
77110  -60.798  -4.920  43.701 0.1000000015
76070  -62.219  -5.773  44.026 0.1000000015
78146  -61.916  -4.258  42.879 0.1000000015
76071  -63.180  -5.963  44.129 0.1000000015
158577  -64.028  -7.613  43.799 0.1000000015
73850  -64.406  -7.660  42.903 0.1000000015
77131  -63.024  -4.479  43.514 0.1000000015
77132  -63.519  -5.159  43.120 0.1000000015
76098  -64.187  -5.518  42.080 0.1000000015
75020  -64.440  -6.318  40.927 0.1000000015
75023  -64.424  -6.468  40.116 0.1000000015
158142  -64.389  -6.783  38.693 0.2000000030
73871  -64.336  -7.167  37.530 0.2000000030
181676  -64.548  -9.097  37.657 0.1000000015
71660  -64.445  -9.371  37.158 0.1000000015
68615  -63.352  -11.014  38.361 0.1000000015
71380  -52.624  -9.521  62.743 0.2000000030
74928  -61.162  -6.468  51.596 0.3000000119
74929  -61.589  -6.892  50.879 0.3000000119
74939  -61.428  -6.181  50.251 0.3000000119
76033  -61.196  -5.784  48.801 0.2000000030
147260  -57.765  -1.364  48.420 0.2000000030
149955  -58.566  -0.753  48.336 0.2000000030
163592  -60.760  -4.955  47.725 0.2000000030
170708  -57.812  0.201  47.505 0.1000000015
81251  -59.073  -0.401  48.250 0.1000000015
81257  -59.274  -0.021  47.991 0.1000000015
169073  -56.729  0.013  46.694 0.1000000015
177696  -59.156  1.160  46.992 0.1000000015
159307  -59.286  0.064  47.152 0.1000000015
80234  -59.520  -2.275  46.524 0.1000000015
78126  -60.119  -3.359  46.251 0.1000000015
158115  -60.299  -4.039  46.481 0.1000000015
82308  -59.352  1.014  46.844 0.1000000015
83456  -59.142  0.966  45.930 0.1000000015
79141  -59.791  -2.670  45.994 0.1000000015
166809  -60.041  -3.158  45.049 0.1000000015
83471  -59.594  1.324  43.951 0.1000000015
80241  -59.643  -1.892  44.725 0.1000000015
83472  -59.831  0.980  43.627 0.1000000015
82324  -59.646  0.087  43.935 0.1000000015
79155  -60.814  -2.410  43.308 0.1000000015
82328  -59.759  0.243  43.285 0.1000000015
79160  -62.056  -2.042  43.436 0.1000000015
77137  -63.795  -4.846  42.429 0.1000000015
76100  -64.237  -5.522  41.241 0.1000000015
83476  -59.871  0.277  42.789 0.1000000015
81279  -60.364  -1.736  43.050 0.1000000015
80251  -62.033  -1.231  43.242 0.1000000015
77139  -63.486  -4.053  42.081 0.1000000015
77142  -63.538  -4.025  41.029 0.1000000015
76104  -64.216  -5.771  39.545 0.1000000015
75030  -64.273  -6.632  38.068 0.2000000030
167265  -64.216  -6.941  36.506 0.1000000015
159189  -64.420  -8.947  36.461 0.1000000015
156314  -64.398  -7.822  37.023 0.1000000015
183947  -62.083  -10.937  38.112 0.1000000015
69649  -62.731  -11.011  37.630 0.1000000015
70653  -64.254  -10.237  37.200 0.1000000015
72758  -64.411  -8.335  36.580 0.1000000015
71669  -64.317  -9.720  36.368 0.1000000015
71371  -53.466  -8.905  63.023 0.2000000030
71370  -52.627  -9.078  63.187 0.2000000030
71381  -53.842  -9.525  62.727 0.2000000030
71382  -55.117  -9.698  62.621 0.3000000119
74898  -60.729  -7.127  53.036 0.3000000119
76011  -60.983  -5.737  51.434 0.3000000119
163299  -61.228  -6.161  50.963 0.3000000119
77065  -60.428  -5.088  50.149 0.3000000119
77071  -58.564  -3.981  49.539 0.2000000030
79128  -58.582  -3.268  48.957 0.2000000030
76027  -61.094  -5.468  49.633 0.3000000119
78108  -57.959  -3.198  49.066 0.2000000030
150734  -57.798  -2.267  48.625 0.2000000030
79129  -58.863  -2.882  48.523 0.2000000030
79130  -59.353  -3.257  48.413 0.2000000030
162696  -60.863  -4.980  48.617 0.2000000030
151122  -56.903  -2.062  48.226 0.2000000030
147266  -58.416  -1.634  48.424 0.2000000030
78111  -60.264  -4.249  48.685 0.2000000030
153279  -58.903  -1.081  48.288 0.2000000030
166717  -59.085  -2.102  47.514 0.2000000030
79133  -59.909  -3.221  47.566 0.2000000030
77080  -60.506  -4.317  47.920 0.2000000030
82307  -57.831  0.808  46.697 0.1000000015
80233  -59.143  -1.820  46.932 0.1000000015
77087  -60.480  -4.521  47.097 0.2000000030
83453  -57.921  1.285  45.748 0.1000000015
83464  -58.946  0.869  44.716 0.1000000015
84519  -60.445  1.614  42.987 0.1000000015
76102  -64.224  -5.607  40.368 0.1000000015
81281  -60.654  -1.460  42.337 0.1000000015
79167  -62.992  -2.220  41.928 0.1000000015
78161  -63.238  -3.185  41.531 0.1000000015
77143  -64.082  -4.832  40.657 0.1000000015
77150  -64.005  -5.148  38.970 0.1000000015
75032  -64.140  -6.358  37.252 0.2000000030
156321  -64.307  -7.825  36.161 0.1000000015
69657  -63.177  -11.113  36.612 0.1000000015
70658  -64.134  -10.437  36.217 0.1000000015
72762  -64.335  -8.499  35.839 0.1000000015
69658  -63.955  -10.874  36.873 0.1000000015
72467  -53.083  -8.430  63.227 0.1000000015
72468  -54.066  -8.182  63.158 0.1000000015
72469  -54.725  -8.128  62.920 0.1000000015
71372  -54.692  -8.842  62.925 0.3000000119
71430  -58.215  -9.818  57.424 0.3000000119
182185  -58.454  -10.170  57.125 0.2000000030
152698  -59.042  -9.579  55.638 0.2000000030
74897  -60.114  -6.744  53.391 0.3000000119
74926  -56.947  -6.769  51.182 0.2000000030
74916  -60.448  -6.431  52.686 0.3000000119
76001  -60.222  -5.750  52.356 0.3000000119
76017  -57.753  -5.347  50.485 0.2000000030
77056  -59.116  -4.888  51.136 0.2000000030
77057  -59.705  -4.918  51.233 0.2000000030
179700  -60.347  -5.238  51.110 0.3000000119
77069  -56.982  -4.523  49.026 0.2000000030
77061  -58.173  -4.636  50.092 0.2000000030
77064  -59.958  -4.697  50.463 0.3000000119
77079  -57.326  -3.671  49.003 0.2000000030
78104  -59.274  -4.216  49.901 0.2000000030
78109  -59.096  -3.779  49.103 0.2000000030
78110  -59.689  -3.926  48.987 0.2000000030
77072  -60.051  -4.443  49.638 0.2000000030
77073  -60.539  -4.831  49.367 0.2000000030
83469  -57.458  1.534  44.758 0.1000000015
84506  -57.906  2.094  44.215 0.1000000015
84508  -59.147  2.228  44.087 0.1000000015
84518  -60.071  2.188  43.317 0.1000000015
85575  -60.218  3.014  42.311 0.1000000015
83485  -60.625  1.110  41.768 0.1000000015
80255  -61.534  -1.258  41.983 0.1000000015
160230  -62.919  -2.377  41.080 0.1000000015
77145  -63.446  -4.148  40.111 0.1000000015
77146  -64.045  -4.927  39.804 0.1000000015
76106  -64.222  -5.994  38.705 0.1000000015
77153  -63.739  -5.291  38.089 0.1000000015
158545  -64.291  -9.184  35.541 0.1000000015
72541  -58.249  -9.148  56.993 0.2000000030
72560  -58.546  -8.919  56.048 0.2000000030
73692  -58.247  -7.564  55.463 0.2000000030
74915  -58.214  -6.059  53.104 0.2000000030
75983  -59.189  -5.857  53.216 0.3000000119
76009  -59.427  -4.945  51.976 0.3000000119
77053  -60.049  -5.017  51.986 0.3000000119
75998  -57.978  -5.690  52.206 0.2000000030
75999  -58.839  -5.508  52.475 0.3000000119
82323  -56.683  0.880  45.200 0.1000000015
85568  -59.113  3.206  43.092 0.1000000015
85569  -59.920  3.056  42.972 0.1000000015
84535  -60.540  2.323  41.897 0.1000000015
83491  -60.134  0.478  41.400 0.1000000015
81285  -60.209  -1.400  40.568 0.1000000015
79172  -62.124  -2.663  39.721 0.1000000015
77149  -63.355  -4.347  39.230 0.1000000015
78168  -62.721  -3.717  38.650 0.1000000015
77152  -63.249  -4.553  38.353 0.1000000015
159863  -64.121  -5.848  37.844 0.1000000015
166823  -64.049  -10.591  35.494 0.1000000015
72769  -64.267  -8.558  35.197 0.1000000015
69661  -63.122  -11.339  35.597 0.1000000015
164242  -63.084  -11.681  34.862 0.1000000015
70663  -64.081  -10.428  34.853 0.1000000015
171148  -60.694  -10.636  35.550 0.1000000015
150850  -61.914  -11.506  35.278 0.1000000015
150253  -60.239  -10.128  35.680 0.1000000015
73691  -57.686  -7.479  55.483 0.2000000030
83468  -56.583  1.191  44.339 0.1000000015
152519  -55.871  1.314  43.070 0.1000000015
84516  -58.395  2.513  43.555 0.1000000015
84536  -60.875  1.722  41.441 0.1000000015
166595  -59.945  -0.429  40.497 0.1000000015
79168  -61.397  -2.133  39.996 0.1000000015
78165  -63.008  -3.342  39.433 0.1000000015
79177  -61.827  -3.026  38.992 0.1000000015
76108  -63.164  -4.796  37.472 0.1000000015
75035  -64.032  -6.470  35.688 0.1000000015
71678  -64.174  -9.678  34.789 0.1000000015
68633  -62.704  -12.049  34.358 0.1000000015
69667  -63.716  -10.917  34.200 0.1000000015
170636  -60.669  -11.273  34.772 0.1000000015
171663  -61.967  -12.053  34.516 0.1000000015
69666  -63.182  -11.626  34.114 0.1000000015
149942  -60.177  -10.643  34.954 0.1000000015
151204  -62.146  -12.313  33.753 0.1000000015
68645  -63.089  -11.915  33.079 0.1000000015
83474  -56.953  1.976  44.055 0.1000000015
83479  -56.146  1.913  42.494 0.1000000015
84515  -57.444  2.306  43.381 0.1000000015
84525  -57.991  2.814  42.583 0.1000000015
84534  -57.916  3.140  41.539 0.1000000015
177255  -60.401  0.296  39.516 0.1000000015
81289  -60.494  -1.166  38.942 0.1000000015
80262  -60.535  -1.957  38.975 0.1000000015
78167  -61.610  -3.444  38.329 0.1000000015
76109  -63.654  -5.542  37.255 0.1000000015
80264  -60.720  -1.969  38.283 0.1000000015
78171  -61.506  -3.603  37.689 0.1000000015
77156  -62.422  -4.507  36.888 0.1000000015
76113  -63.722  -5.874  36.286 0.1000000015
73878  -64.154  -7.202  35.495 0.1000000015
156320  -64.236  -7.987  35.307 0.1000000015
79179  -60.993  -3.037  37.962 0.1000000015
79176  -61.012  -2.698  38.627 0.1000000015
71687  -64.146  -9.411  33.952 0.1000000015
158497  -64.213  -8.944  34.647 0.1000000015
69678  -63.733  -10.573  33.583 0.1000000015
69700  -63.227  -11.189  32.573 0.1000000015
69677  -63.394  -11.143  33.447 0.1000000015
153924  -64.088  -9.161  33.115 0.1000000015
83497  -60.893  1.036  38.735 0.1000000015
82343  -60.094  -0.704  39.664 0.1000000015
181849  -60.684  0.459  38.761 0.1000000015
76112  -63.140  -5.056  36.564 0.1000000015
78170  -61.174  -3.269  37.212 0.1000000015
76117  -63.474  -5.955  35.264 0.1000000015
155452  -64.165  -8.193  34.557 0.1000000015
78175  -61.731  -3.939  37.045 0.1000000015
73887  -64.108  -7.400  34.648 0.1000000015
73894  -64.073  -7.618  33.610 0.1000000015
72779  -64.154  -8.629  33.756 0.1000000015
70701  -63.312  -10.431  32.083 0.1000000015
70687  -63.523  -10.504  32.949 0.1000000015
71705  -63.265  -9.609  31.576 0.1000000015
71695  -63.619  -9.801  32.539 0.1000000015
163757  -61.217  -0.422  38.306 0.1000000015
158939  -61.018  -1.930  37.514 0.1000000015
163890  -62.401  -4.727  36.025 0.1000000015
75040  -63.936  -6.596  34.946 0.1000000015
77160  -62.168  -4.910  35.120 0.1000000015
76127  -63.401  -6.111  34.506 0.1000000015
75048  -63.692  -6.658  34.061 0.1000000015
175805  -63.325  -7.458  32.358 0.1000000015
72788  -63.915  -8.331  32.800 0.1000000015
72795  -63.408  -8.222  31.994 0.1000000015
71706  -63.618  -8.968  32.218 0.1000000015
81291  -61.307  -1.174  37.938 0.1000000015
76126  -62.873  -5.450  34.557 0.1000000015
76139  -63.061  -5.908  33.622 0.1000000015
75057  -63.326  -6.682  33.092 0.1000000015
75062  -62.641  -6.678  32.254 0.1000000015
77167  -61.881  -5.092  34.250 0.1000000015
161100  -62.208  -5.511  33.781 0.1000000015
76138  -62.027  -5.721  33.084 0.1000000015
75056  -62.692  -6.162  32.824 0.1000000015
76145  -61.742  -6.060  32.201 0.1000000015
64114  -27.936  -16.559  80.339 0.1000000015
64121  -28.399  -16.325  79.511 0.1000000015
64120  -27.536  -16.849  79.535 0.1000000015
64126  -27.158  -17.168  78.896 0.1000000015
180870  -28.774  -16.329  77.726 0.1000000015
64128  -28.594  -16.325  78.482 0.1000000015
64141  -27.991  -17.016  76.808 0.1000000015
64153  -28.740  -16.853  75.629 0.1000000015
72711  -61.643  -8.652  46.115 0.3000000119
161702  -63.903  -10.562  44.463 0.2000000030
72721  -62.073  -7.976  45.458 0.3000000119
166605  -63.977  -9.891  44.239 0.2000000030
70624  -64.121  -10.209  43.641 0.2000000030
70617  -63.599  -10.794  45.240 0.3000000119
70631  -64.309  -10.136  42.740 0.2000000030
71621  -63.227  -9.420  45.227 0.2000000030
69619  -64.103  -11.922  42.066 0.2000000030
69631  -64.248  -11.077  40.593 0.1000000015
68573  -64.065  -11.963  44.238 0.2000000030
72730  -63.961  -8.566  44.104 0.1000000015
69616  -64.130  -10.815  43.248 0.2000000030
71644  -64.657  -9.592  41.968 0.2000000030
77086  -56.736  -3.783  48.527 0.2000000030
77070  -57.746  -4.090  49.476 0.2000000030
170372  -56.081  -0.797  45.856 0.1000000015
76026  -57.474  -4.989  49.724 0.2000000030
74927  -57.344  -6.158  51.719 0.2000000030
74914  -57.453  -6.363  52.552 0.2000000030
73712  -58.142  -7.081  55.115 0.2000000030
74938  -57.323  -6.058  50.844 0.2000000030
78117  -55.804  -3.450  47.337 0.2000000030
60825  -19.363  -19.757  91.028 0.2000000030
172872  -25.945  -18.847  88.204 0.4000000060
168214  -25.283  -18.429  88.181 0.2000000030
155234  -32.009  -15.145  80.042 0.2000000030
155339  -33.055  -15.777  76.269 0.1000000015
55117  -38.680  -24.696  60.864 0.3000000119
55116  -37.966  -24.975  60.526 0.3000000119
172053  -36.554  -27.977  54.306 0.2000000030
174186  -37.754  -28.696  53.956 0.2000000030
179067  -37.721  -30.572  52.479 0.2000000030
174351  -35.555  -25.677  56.579 0.2000000030
160015  -41.815  -21.875  47.324 0.2000000030
161859  -41.094  -22.441  47.347 0.2000000030
58281  -42.761  -22.044  47.606 0.2000000030
172732  -39.560  -27.540  49.008 0.2000000030
58268  -43.690  -22.099  47.877 0.2000000030
56260  -38.324  -24.934  47.296 0.2000000030
57281  -39.967  -23.763  47.299 0.2000000030
60236  -41.700  -20.435  46.759 0.2000000030
59274  -44.684  -21.034  46.048 0.2000000030
55257  -38.978  -25.765  47.380 0.2000000030
59275  -45.756  -21.573  46.464 0.2000000030
61275  -48.121  -20.592  46.872 0.2000000030
61287  -49.158  -20.370  45.746 0.2000000030
69406  -51.663  -10.353  62.579 0.2000000030
150748  -20.313  -19.913  91.023 0.2000000030
61952  -26.367  -18.142  87.050 0.4000000060
66247  -32.854  -15.241  77.054 0.1000000015
64185  -32.327  -16.866  73.428 0.1000000015
157962  -49.201  -20.580  46.975 0.2000000030
180347  -38.947  -28.031  61.949 0.2000000030
171981  -39.422  -27.583  62.760 0.3000000119
69419  -51.875  -10.251  62.182 0.2000000030
71453  -58.581  -9.797  56.566 0.2000000030
73693  -58.652  -7.965  55.091 0.2000000030
73672  -58.729  -8.485  55.409 0.2000000030
74896  -59.475  -6.508  53.613 0.3000000119
74895  -58.668  -6.444  53.768 0.2000000030
54195  -38.505  -25.277  61.120 0.3000000119
61266  -50.143  -19.966  48.389 0.2000000030
61276  -49.780  -20.338  47.619 0.2000000030
70399  -54.327  -10.373  62.442 0.3000000119
60262  -62.751  -20.395  44.837 0.4000000060
71587  -61.888  -9.628  48.426 0.3000000119
181129  -63.746  -16.725  45.563 0.4000000060
166633  -64.126  -13.213  45.356 0.3000000119
72722  -62.577  -8.781  45.471 0.3000000119
69604  -63.945  -11.380  44.818 0.2000000030
57329  -60.574  -22.821  42.540 0.4000000060
65154  -29.059  -15.902  80.876 0.2000000030
64170  -29.783  -16.432  74.507 0.1000000015
173336  -25.580  -17.952  87.020 0.3000000119
168318  -25.095  -18.056  87.593 0.2000000030
152441  -25.235  -17.818  86.303 0.1000000015
63084  -25.120  -18.272  81.976 0.1000000015
63086  -26.321  -17.484  81.721 0.1000000015
65166  -31.476  -14.907  79.515 0.2000000030
62008  -24.601  -18.875  81.555 0.1000000015
63097  -25.470  -18.150  80.726 0.1000000015
63105  -26.351  -17.617  79.739 0.1000000015
60883  -23.397  -19.785  83.196 0.1000000015
60895  -23.235  -20.083  81.694 0.1000000015
62025  -24.907  -18.694  80.714 0.1000000015
63111  -27.306  -17.172  78.113 0.1000000015
64119  -26.950  -17.246  79.518 0.1000000015
60923  -23.991  -19.821  78.945 0.1000000015
62045  -24.964  -19.037  78.254 0.1000000015
163884  -31.441  -15.745  75.252 0.1000000015
65221  -32.475  -16.181  74.858 0.1000000015
65220  -31.701  -15.984  74.562 0.1000000015
176225  -27.537  -17.535  76.581 0.1000000015
62084  -26.587  -18.845  74.518 0.1000000015
161990  -29.832  -16.515  73.128 0.1000000015
64183  -30.929  -15.990  73.859 0.1000000015
64193  -31.580  -16.755  72.927 0.1000000015
63160  -28.060  -17.625  73.151 0.1000000015
64191  -29.950  -16.570  72.334 0.1000000015
173334  -24.681  -18.217  88.026 0.2000000030
173187  -24.296  -18.115  87.455 0.1000000015
63052  -24.879  -17.877  85.493 0.1000000015
169265  -23.251  -19.058  85.338 0.1000000015
63062  -25.746  -17.706  84.206 0.1000000015
169892  -23.052  -19.836  84.060 0.1000000015
65175  -30.026  -15.301  78.769 0.1000000015
64129  -29.263  -15.841  78.164 0.1000000015
65184  -30.561  -15.167  78.041 0.1000000015
66228  -31.763  -14.817  78.638 0.1000000015
184117  -20.914  -21.727  83.060 0.1000000015
62052  -26.308  -18.191  77.275 0.1000000015
183709  -30.649  -15.352  77.235 0.1000000015
59859  -22.016  -21.243  82.171 0.1000000015
59871  -23.208  -20.440  80.102 0.1000000015
60964  -25.432  -19.179  76.504 0.1000000015
64142  -28.517  -16.825  76.350 0.1000000015
167784  -21.105  -22.284  81.508 0.1000000015
59878  -22.809  -20.956  79.429 0.1000000015
177157  -22.641  -19.373  85.781 0.1000000015
60862  -20.078  -19.707  87.392 0.1000000015
60874  -20.308  -20.422  85.935 0.1000000015
172167  -21.107  -20.072  86.096 0.1000000015
59832  -20.465  -20.862  85.001 0.1000000015
179559  -19.881  -21.528  83.945 0.1000000015
168746  -20.283  -21.958  82.777 0.1000000015
169474  -19.533  -22.223  82.401 0.1000000015
148174  -19.472  -22.630  81.602 0.1000000015
149953  -21.444  -22.250  80.627 0.1000000015
58901  -21.636  -22.192  79.830 0.1000000015
61936  -20.738  -18.902  89.445 0.1000000015
60838  -19.977  -19.500  90.568 0.2000000030
150184  -20.897  -18.929  88.582 0.2000000030
174201  -38.721  -27.997  61.468 0.2000000030
149414  -38.830  -25.924  61.480 0.3000000119
174801  -40.025  -28.612  50.586 0.2000000030
55244  -43.310  -26.064  48.256 0.2000000030
55235  -44.023  -25.701  48.622 0.2000000030
155357  -42.995  -24.187  48.077 0.2000000030
56231  -44.192  -24.813  48.740 0.2000000030
55259  -41.052  -25.620  47.448 0.2000000030
53338  -41.150  -27.764  48.366 0.2000000030
171980  -37.071  -27.703  59.361 0.2000000030
167779  -36.707  -27.261  58.322 0.2000000030
53337  -40.230  -27.539  48.402 0.2000000030
167735  -35.962  -28.953  55.426 0.2000000030
61241  -48.810  -19.728  50.185 0.2000000030
156243  -46.900  -22.234  49.163 0.2000000030
59251  -47.336  -21.765  48.686 0.2000000030
60220  -47.841  -21.004  49.225 0.2000000030
59265  -45.509  -22.026  47.387 0.2000000030
59250  -46.386  -22.163  48.248 0.2000000030
57250  -44.600  -23.467  48.960 0.2000000030
57266  -44.035  -22.864  48.426 0.2000000030
56262  -40.581  -24.678  47.345 0.2000000030
62345  -49.925  -19.354  50.340 0.2000000030
61256  -49.081  -19.320  49.807 0.2000000030
61254  -48.159  -20.239  48.931 0.2000000030
60221  -48.209  -20.222  49.721 0.2000000030
61264  -48.275  -20.512  47.995 0.2000000030
61265  -48.684  -19.874  48.679 0.2000000030
62371  -49.208  -19.748  48.587 0.2000000030
59266  -46.376  -21.945  47.227 0.2000000030
62372  -49.521  -19.955  48.141 0.2000000030
57331  -62.020  -23.192  42.874 0.5000000000
58310  -64.012  -21.780  43.248 0.5000000000
74990  -61.683  -6.419  44.785 0.1000000015
73823  -60.820  -6.618  45.492 0.2000000030
71646  -64.865  -9.457  40.518 0.2000000030
73868  -64.670  -7.978  38.695 0.2000000030
166315  -64.260  -10.459  38.149 0.1000000015
73796  -61.157  -7.300  47.816 0.3000000119
77099  -60.311  -4.852  46.083 0.2000000030
166530  -60.420  -5.088  44.835 0.2000000030
162472  -63.525  -8.052  44.384 0.1000000015
72723  -63.370  -8.692  44.767 0.1000000015
183380  -64.160  -9.331  43.671 0.1000000015
71641  -64.546  -9.171  42.765 0.2000000030
72748  -65.000  -8.644  41.875 0.2000000030
73856  -64.458  -7.088  42.381 0.1000000015
63430  -63.256  -17.366  44.991 0.3000000119
67458  -64.191  -13.006  44.433 0.3000000119
154410  -64.383  -6.168  41.677 0.1000000015
71654  -64.510  -8.600  37.287 0.1000000015
78137  -60.283  -4.054  45.522 0.1000000015
158786  -60.441  -3.220  43.689 0.1000000015
166579  -59.923  -2.524  44.183 0.1000000015
78145  -61.037  -4.192  43.200 0.1000000015
77116  -61.733  -5.160  43.122 0.1000000015
74994  -62.874  -6.470  44.556 0.1000000015
78154  -61.613  -3.252  43.228 0.1000000015
76090  -63.071  -5.258  43.883 0.2000000030
73832  -63.284  -7.332  44.454 0.1000000015
74995  -63.613  -6.661  43.972 0.1000000015
76091  -63.645  -5.928  43.536 0.1000000015
75012  -64.163  -6.718  43.143 0.1000000015
75018  -64.324  -6.360  42.291 0.1000000015
78155  -62.937  -3.525  43.261 0.1000000015
77136  -63.259  -4.184  42.941 0.1000000015
183793  -64.035  -5.351  42.655 0.1000000015
77140  -64.027  -4.737  41.576 0.1000000015
69650  -63.625  -11.048  37.545 0.1000000015
68605  -62.268  -11.411  39.692 0.1000000015
68614  -62.554  -10.953  38.703 0.1000000015
82305  -58.750  0.844  47.298 0.1000000015
81261  -59.121  -0.674  46.173 0.1000000015
79136  -59.793  -2.977  46.832 0.2000000030
83462  -58.587  1.326  45.673 0.1000000015
81262  -59.562  -1.117  45.360 0.1000000015
82320  -59.269  0.330  45.186 0.1000000015
174973  -59.676  -2.447  45.185 0.1000000015
83465  -59.527  0.573  44.332 0.1000000015
84517  -59.500  2.646  43.581 0.1000000015
81276  -59.695  -1.256  44.173 0.1000000015
82325  -59.763  -0.823  43.512 0.1000000015
80242  -60.120  -2.011  43.662 0.1000000015
80248  -61.457  -1.806  43.189 0.1000000015
165266  -61.598  -1.107  42.870 0.1000000015
78160  -63.116  -3.151  42.642 0.1000000015
82333  -60.085  -0.504  42.466 0.1000000015
84527  -60.583  1.550  42.310 0.1000000015
80252  -62.125  -1.143  42.600 0.1000000015
79165  -62.463  -2.091  42.724 0.1000000015
69640  -61.788  -11.094  38.928 0.1000000015
76010  -60.484  -5.564  51.784 0.3000000119
77063  -59.460  -4.701  50.434 0.2000000030
147252  -56.458  -3.108  48.013 0.2000000030
79132  -59.545  -2.851  47.832 0.2000000030
78115  -60.190  -3.796  47.927 0.2000000030
185488  -60.473  -1.420  41.821 0.1000000015
158687  -60.897  -1.720  41.372 0.1000000015
80253  -62.383  -1.593  42.054 0.1000000015
78163  -63.121  -3.062  40.410 0.1000000015
165584  -64.200  -10.066  35.533 0.1000000015
76000  -59.635  -5.451  52.545 0.3000000119
76007  -57.866  -5.529  51.336 0.2000000030
76018  -58.412  -5.000  50.895 0.2000000030
76008  -58.627  -5.205  51.715 0.2000000030
85581  -59.510  3.301  41.326 0.1000000015
82340  -59.919  -0.234  41.199 0.1000000015
81283  -60.174  -1.159  41.453 0.1000000015
80258  -61.174  -1.786  40.684 0.1000000015
72559  -58.091  -8.513  56.553 0.1000000015
180249  -55.987  0.668  44.498 0.1000000015
83490  -60.950  1.284  40.811 0.1000000015
156204  -61.099  -2.399  39.359 0.1000000015
69662  -63.564  -11.112  35.034 0.1000000015
68625  -62.574  -11.697  35.076 0.1000000015
70672  -64.064  -10.156  34.149 0.1000000015
147168  -61.250  -11.822  34.635 0.1000000015
84549  -60.649  2.540  40.268 0.1000000015
82339  -60.319  0.476  40.532 0.1000000015
81287  -60.331  -1.377  39.653 0.1000000015
78172  -62.400  -4.059  37.767 0.1000000015
150405  -62.861  -12.156  33.671 0.1000000015
171147  -60.524  -12.054  34.192 0.1000000015
170637  -60.351  -12.639  33.550 0.1000000015
152111  -61.197  -12.496  33.847 0.1000000015
76116  -63.076  -5.223  35.600 0.1000000015
72794  -63.132  -8.691  31.379 0.1000000015
155334  -62.527  -7.219  31.709 0.1000000015
169174  -57.671  -20.365  42.365 0.2000000030
149034  -58.979  -20.816  42.276 0.2000000030
58309  -63.495  -22.224  42.808 0.4000000060
154733  -63.423  -16.826  43.590 0.3000000119
154736  -64.041  -19.672  43.601 0.3000000119
155420  -63.327  -16.979  44.199 0.3000000119
161341  -64.099  -18.885  43.074 0.3000000119
154730  -64.133  -14.789  43.802 0.2000000030
72524  -57.554  -9.427  57.929 0.2000000030
72525  -57.945  -9.420  57.549 0.2000000030
73710  -56.906  -7.508  54.305 0.1000000015
73748  -56.629  -7.744  52.340 0.1000000015
73670  -57.887  -7.858  56.148 0.1000000015
73711  -57.624  -7.110  54.651 0.1000000015
73732  -57.206  -7.008  53.774 0.1000000015
74894  -56.966  -7.000  52.915 0.1000000015
71429  -57.772  -9.862  58.053 0.2000000030
169676  -59.603  -21.729  42.576 0.2000000030
62404  -63.270  -18.827  43.905 0.3000000119
64476  -64.003  -16.414  44.864 0.2000000030
74937  -56.891  -6.662  50.344 0.1000000015
74913  -56.965  -6.925  52.025 0.1000000015
183938  -56.405  -4.460  48.461 0.1000000015
161337  -64.201  -13.964  44.117 0.2000000030
176524  -56.063  -3.971  48.029 0.1000000015
149084  -60.229  -22.168  42.106 0.3000000119
58307  -61.542  -22.844  42.136 0.3000000119
162135  -63.039  -17.825  44.093 0.3000000119
154731  -64.189  -14.708  44.677 0.2000000030
169580  -58.000  -20.982  42.935 0.2000000030
182880  -58.412  -20.245  41.938 0.2000000030
148821  -60.020  -21.414  41.809 0.2000000030
181334  -62.041  -22.528  41.530 0.4000000060
153524  -63.993  -15.579  43.445 0.2000000030
154732  -63.740  -17.205  43.020 0.3000000119
62406  -63.550  -18.036  43.426 0.3000000119
61311  -64.205  -19.644  42.710 0.4000000060
72621  -56.584  -7.794  53.416 0.1000000015
53905  -14.357  -26.269  90.123 0.1000000015
53901  -15.466  -27.207  90.392 0.1000000015
60816  -17.380  -20.277  91.527 0.1000000015
58792  -17.084  -20.917  91.727 0.1000000015
55869  -16.127  -24.831  88.882 0.1000000015
55884  -15.919  -25.550  88.171 0.1000000015
53918  -15.432  -26.144  88.483 0.1000000015
53906  -14.840  -26.714  89.757 0.1000000015
59777  -15.647  -20.818  91.755 0.1000000015
59792  -14.070  -20.675  90.417 0.1000000015
61926  -19.693  -19.202  90.194 0.1000000015
60852  -16.979  -19.797  89.081 0.1000000015
60846  -17.571  -19.529  89.953 0.1000000015
60836  -18.130  -19.471  90.769 0.1000000015
59800  -15.525  -20.307  89.476 0.1000000015
59784  -18.745  -20.500  91.389 0.1000000015
61935  -19.860  -19.041  89.574 0.1000000015
60847  -18.475  -19.423  89.466 0.1000000015
62067  -45.239  -18.313  75.811 0.1000000015
165359  -45.615  -17.365  73.779 0.1000000015
175324  -46.530  -16.832  72.577 0.1000000015
64177  -45.833  -16.856  73.146 0.1000000015
63165  -47.459  -16.585  72.626 0.1000000015
65228  -46.401  -16.426  72.642 0.1000000015
64188  -47.622  -16.444  72.487 0.1000000015
175456  -47.938  -15.885  71.348 0.1000000015
65234  -47.622  -15.773  71.721 0.1000000015
58796  -17.672  -21.474  91.470 0.1000000015
59783  -16.806  -19.972  91.198 0.1000000015
60822  -15.331  -20.275  90.996 0.1000000015
59781  -14.675  -20.583  91.195 0.1000000015
60834  -16.008  -19.946  90.785 0.1000000015
59793  -14.838  -20.411  90.550 0.1000000015
179072  -15.399  -20.143  90.289 0.1000000015
60823  -17.753  -19.816  91.214 0.1000000015
162297  -17.401  -19.644  90.815 0.1000000015
62089  -45.854  -17.820  73.278 0.1000000015
161757  -46.491  -17.303  72.581 0.1000000015
64195  -48.239  -16.192  71.152 0.1000000015
60824  -18.558  -19.721  91.137 0.1000000015
59778  -16.505  -20.566  91.600 0.1000000015
63156  -45.991  -17.272  72.984 0.1000000015
64178  -47.510  -16.548  72.496 0.1000000015
72521  -55.315  -8.413  58.848 0.1000000015
152083  -61.345  -22.341  41.371 0.2000000030
150541  -62.712  -22.115  41.371 0.2000000030
149201  -62.614  -21.231  39.882 0.2000000030
72539  -57.187  -8.886  57.428 0.1000000015
59296  -63.426  -21.474  41.182 0.2000000030
58315  -63.542  -21.949  41.964 0.3000000119
149843  -62.671  -21.680  40.611 0.2000000030
59298  -64.015  -20.755  40.958 0.2000000030
60271  -64.169  -20.235  41.432 0.2000000030
154367  -56.835  -8.797  56.986 0.1000000015
60266  -64.156  -20.429  43.167 0.2000000030
58316  -64.024  -21.639  42.532 0.3000000119
60268  -64.202  -20.358  42.303 0.3000000119
61315  -64.238  -19.625  41.879 0.3000000119
160822  -64.210  -19.531  41.107 0.2000000030
73632  -55.666  -7.960  60.310 0.1000000015
73609  -55.326  -7.762  61.701 0.1000000015
74770  -54.717  -7.293  62.189 0.1000000015
73619  -55.281  -7.550  60.842 0.1000000015
72538  -56.486  -9.053  57.907 0.1000000015
72523  -57.004  -9.194  58.205 0.1000000015
163015  -56.314  -8.897  56.386 0.1000000015
72540  -57.740  -8.974  57.359 0.1000000015
72510  -55.674  -8.212  59.584 0.1000000015
72488  -55.440  -8.254  62.117 0.1000000015
72476  -55.218  -8.490  62.569 0.1000000015
73610  -55.739  -8.179  60.908 0.1000000015
72537  -55.650  -8.881  58.195 0.1000000015
72557  -55.925  -9.288  57.294 0.1000000015
62409  -64.106  -18.104  42.547 0.3000000119
165900  -54.966  -8.683  58.320 0.1000000015
146195  -61.166  -21.781  40.645 0.2000000030
155558  -64.109  -17.316  41.989 0.2000000030
179635  -64.252  -19.026  41.519 0.2000000030
64493  -63.875  -16.423  42.352 0.2000000030
65556  -63.624  -15.681  41.776 0.2000000030
65553  -63.783  -15.615  42.620 0.2000000030
68587  -63.817  -12.604  41.682 0.2000000030
69626  -64.097  -11.686  41.164 0.2000000030
67471  -63.746  -13.608  42.108 0.2000000030
164304  -64.380  -10.789  41.183 0.2000000030
164933  -64.733  -9.984  41.244 0.2000000030
64489  -63.677  -16.335  43.148 0.1000000015
176062  -63.929  -14.171  42.664 0.2000000030
161744  -64.984  -9.264  41.324 0.2000000030
157850  -64.076  -11.965  42.813 0.1000000015
70638  -64.337  -10.440  41.888 0.2000000030
154729  -64.025  -14.838  42.974 0.1000000015
68581  -64.012  -12.780  42.623 0.2000000030
69620  -64.171  -11.143  42.542 0.1000000015
161336  -64.095  -14.106  43.300 0.1000000015
68578  -64.094  -12.427  43.490 0.1000000015
70640  -64.536  -10.365  40.544 0.1000000015
66592  -63.662  -14.713  42.141 0.2000000030
152733  -63.407  -14.129  41.549 0.2000000030
171166  -36.403  -38.229  64.581 0.1000000015
149967  -35.842  -38.163  63.919 0.1000000015
170478  -35.392  -37.499  63.863 0.1000000015
150314  -35.995  -37.607  64.599 0.1000000015
43729  -34.926  -38.496  62.623 0.1000000015
174792  -34.766  -37.466  63.241 0.1000000015
149620  -34.064  -37.018  62.682 0.1000000015
150596  -34.745  -36.897  63.688 0.1000000015
151380  -36.129  -37.047  65.247 0.1000000015
147426  -35.500  -36.971  64.473 0.1000000015
45727  -34.803  -36.313  64.387 0.1000000015
45720  -35.282  -36.112  65.192 0.1000000015
167687  -33.879  -36.199  63.361 0.1000000015
46759  -34.558  -35.787  64.725 0.1000000015
44722  -33.397  -36.930  61.918 0.1000000015
147431  -33.307  -36.311  62.310 0.1000000015
46744  -34.259  -35.410  65.043 0.1000000015
45738  -32.869  -36.511  61.493 0.1000000015
169342  -31.720  -35.466  60.559 0.1000000015
46768  -34.100  -35.817  64.053 0.1000000015
168479  -32.683  -35.801  61.746 0.1000000015
46758  -33.855  -35.518  64.246 0.1000000015
46767  -33.462  -35.574  63.483 0.1000000015
167902  -32.159  -35.439  61.314 0.1000000015
59144  -56.367  -23.383  55.841 0.1000000015
46757  -33.170  -35.321  63.727 0.1000000015
46766  -32.327  -35.032  62.494 0.1000000015
45744  -31.675  -36.057  60.011 0.1000000015
171197  -31.305  -35.375  59.709 0.1000000015
59119  -56.127  -23.115  56.486 0.1000000015
58151  -57.289  -23.891  56.527 0.1000000015
47816  -32.536  -35.063  63.300 0.1000000015
47831  -31.678  -34.744  62.012 0.1000000015
46813  -30.769  -34.946  59.152 0.1000000015
58149  -55.702  -23.251  57.187 0.1000000015
46823  -30.354  -35.226  58.588 0.1000000015
58148  -53.402  -23.123  58.061 0.1000000015
59116  -54.180  -22.419  57.541 0.1000000015
58150  -56.528  -23.685  56.728 0.1000000015
56151  -57.725  -24.558  56.660 0.1000000015
45767  -29.892  -35.474  58.084 0.1000000015
58135  -53.428  -23.358  58.608 0.1000000015
58136  -54.555  -23.472  58.533 0.1000000015
57123  -55.756  -23.971  57.343 0.1000000015
56136  -57.225  -24.523  56.978 0.1000000015
56135  -56.543  -24.528  56.933 0.1000000015
57111  -54.564  -24.387  59.549 0.1000000015
60157  -55.556  -22.944  55.201 0.1000000015
60115  -55.633  -22.543  55.833 0.1000000015
60127  -54.757  -21.636  55.626 0.1000000015
147439  -32.076  -35.087  61.730 0.1000000015
175616  -31.705  -35.146  61.037 0.1000000015
60113  -54.740  -21.771  56.204 0.1000000015
59130  -55.645  -22.482  56.262 0.1000000015
47846  -31.363  -34.776  61.081 0.1000000015
60099  -54.033  -22.146  57.124 0.1000000015
59117  -54.846  -22.351  57.289 0.1000000015
58171  -57.437  -23.957  55.861 0.1000000015
58190  -56.735  -24.055  54.941 0.1000000015
175076  -57.978  -24.198  55.826 0.1000000015
55165  -57.984  -25.261  56.069 0.1000000015
148266  -31.360  -34.979  60.404 0.1000000015
58160  -52.896  -23.385  57.099 0.1000000015
59114  -53.470  -22.784  57.491 0.1000000015
58181  -57.525  -24.307  55.110 0.1000000015
55164  -57.886  -25.207  56.651 0.1000000015
55173  -58.076  -25.837  56.205 0.1000000015
46832  -29.115  -35.201  57.609 0.1000000015
58147  -53.052  -23.420  58.147 0.1000000015
46831  -28.459  -34.443  57.171 0.1000000015
47908  -27.733  -33.906  55.652 0.1000000015
173902  -40.037  -30.049  62.857 0.1000000015
174567  -39.694  -30.275  62.839 0.1000000015
174697  -38.780  -31.058  62.327 0.1000000015
59169  -56.066  -23.426  55.110 0.1000000015
60141  -54.701  -21.596  55.161 0.1000000015
59157  -56.605  -23.904  55.292 0.1000000015
60125  -54.058  -21.675  56.057 0.1000000015
59143  -53.493  -22.197  56.108 0.1000000015
58202  -55.917  -23.409  55.096 0.1000000015
57170  -57.893  -24.671  55.083 0.1000000015
55174  -58.396  -25.791  55.572 0.1000000015
47830  -30.889  -34.416  61.565 0.1000000015
168966  -30.658  -34.306  60.679 0.1000000015
148515  -31.005  -34.593  60.325 0.1000000015
57146  -52.608  -24.026  57.475 0.1000000015
58159  -52.283  -23.682  56.391 0.1000000015
157660  -55.126  -22.996  54.679 0.1000000015
57204  -55.822  -23.781  54.638 0.1000000015
157696  -56.496  -24.392  54.285 0.1000000015
58204  -57.318  -24.543  54.778 0.1000000015
56193  -58.293  -25.084  54.497 0.1000000015
47829  -30.012  -34.111  61.167 0.1000000015
46822  -29.612  -34.807  58.337 0.1000000015
57157  -51.615  -24.210  55.975 0.1000000015
56213  -54.014  -24.764  53.519 0.1000000015
56201  -54.691  -24.040  54.056 0.1000000015
57203  -54.996  -23.324  54.473 0.1000000015
54227  -57.901  -25.912  56.628 0.1000000015
148753  -29.949  -33.811  60.320 0.1000000015
47909  -27.929  -33.716  56.603 0.1000000015
54226  -57.265  -25.890  56.654 0.1000000015
48814  -29.294  -33.488  60.788 0.1000000015
54236  -50.806  -26.829  56.420 0.1000000015
48803  -28.549  -33.113  61.379 0.1000000015
168806  -27.623  -32.896  55.833 0.1000000015
53224  -50.487  -28.268  57.292 0.1000000015
171298  -27.051  -31.515  54.447 0.1000000015
174196  -46.725  -29.531  59.985 0.1000000015
52286  -48.217  -29.376  59.170 0.1000000015
172288  -46.480  -29.621  60.470 0.1000000015
148562  -47.083  -29.375  59.237 0.1000000015
173631  -45.291  -31.132  62.466 0.1000000015
174281  -45.881  -30.323  61.458 0.1000000015
168654  -44.335  -30.200  62.482 0.1000000015
148094  -44.764  -31.413  62.435 0.1000000015
147421  -42.760  -31.159  63.962 0.1000000015
173633  -43.774  -30.724  62.794 0.1000000015
174469  -36.828  -31.121  60.686 0.1000000015
171770  -38.931  -29.985  61.706 0.1000000015
173858  -35.585  -30.688  57.877 0.1000000015
171743  -36.907  -30.964  60.048 0.1000000015
173822  -37.955  -31.948  61.629 0.1000000015
174442  -36.162  -30.513  58.598 0.1000000015
174439  -37.440  -31.496  60.189 0.1000000015
174530  -35.414  -30.953  57.329 0.1000000015
60170  -54.797  -22.095  54.643 0.1000000015
61174  -54.063  -20.995  55.021 0.1000000015
60155  -54.659  -21.343  55.073 0.1000000015
60124  -53.756  -21.574  55.573 0.1000000015
60137  -52.620  -21.525  54.743 0.1000000015
59153  -51.486  -22.652  54.897 0.1000000015
55180  -58.235  -25.169  55.317 0.1000000015
152204  -30.124  -34.527  58.830 0.1000000015
58179  -50.855  -23.262  54.779 0.1000000015
57202  -54.181  -23.075  54.093 0.1000000015
57206  -57.774  -24.884  54.477 0.1000000015
56182  -58.703  -25.373  54.790 0.1000000015
55181  -58.873  -25.958  55.062 0.1000000015
54242  -58.331  -26.353  55.654 0.1000000015
169343  -29.841  -33.928  59.123 0.1000000015
150294  -29.443  -34.078  58.526 0.1000000015
47898  -28.906  -34.280  57.973 0.1000000015
57156  -51.092  -24.585  55.712 0.1000000015
56202  -55.698  -24.254  54.172 0.1000000015
56203  -56.778  -24.841  53.834 0.1000000015
56204  -57.924  -25.130  54.079 0.1000000015
54240  -57.738  -26.524  56.208 0.1000000015
174788  -29.781  -33.635  59.653 0.1000000015
148841  -29.196  -33.537  58.676 0.1000000015
148766  -28.774  -33.556  58.175 0.1000000015
47897  -28.321  -33.614  57.477 0.1000000015
56166  -50.848  -25.199  55.796 0.1000000015
55179  -50.193  -25.135  55.046 0.1000000015
56214  -55.174  -24.996  53.733 0.1000000015
54225  -55.708  -25.916  56.569 0.1000000015
54239  -56.774  -26.686  56.136 0.1000000015
48826  -29.334  -33.167  59.975 0.1000000015
149688  -27.651  -32.089  56.349 0.1000000015
54255  -50.352  -26.483  55.653 0.1000000015
54266  -49.779  -26.143  54.815 0.1000000015
49692  -27.978  -32.365  61.069 0.1000000015
49711  -28.645  -32.538  59.660 0.1000000015
169200  -27.356  -30.874  55.325 0.1000000015
52322  -49.590  -29.054  57.366 0.1000000015
53262  -49.533  -27.935  55.513 0.1000000015
164847  -27.527  -31.679  60.862 0.1000000015
51496  -27.145  -29.836  54.985 0.1000000015
158068  -27.017  -28.889  54.261 0.1000000015
159106  -47.525  -29.271  58.256 0.1000000015
52320  -47.323  -29.170  57.253 0.1000000015
52360  -47.914  -29.004  55.625 0.1000000015
53276  -27.402  -27.411  53.161 0.1000000015
156438  -27.261  -27.811  54.116 0.1000000015
167732  -46.017  -29.765  60.734 0.1000000015
174283  -46.110  -29.468  59.279 0.1000000015
155074  -46.622  -29.173  57.764 0.1000000015
184511  -27.618  -26.966  52.367 0.1000000015
173055  -45.418  -30.470  60.957 0.1000000015
172287  -45.338  -29.517  59.324 0.1000000015
172067  -44.766  -31.418  61.474 0.1000000015
174920  -41.922  -31.232  63.026 0.1000000015
171732  -36.804  -30.424  59.793 0.1000000015
171771  -38.066  -29.870  60.832 0.1000000015
171812  -39.337  -29.606  61.747 0.1000000015
167463  -34.917  -30.464  56.812 0.1000000015
59182  -54.520  -22.037  54.411 0.1000000015
61185  -52.900  -20.887  54.211 0.1000000015
61187  -54.166  -20.898  55.010 0.1000000015
59183  -55.149  -22.585  54.799 0.1000000015
60152  -51.397  -21.454  53.786 0.1000000015
60153  -52.167  -21.169  54.094 0.1000000015
59180  -50.147  -21.780  52.944 0.1000000015
59166  -51.045  -22.145  54.189 0.1000000015
59179  -49.517  -22.317  52.937 0.1000000015
58189  -50.223  -23.088  54.231 0.1000000015
57186  -50.357  -23.648  54.562 0.1000000015
159706  -58.296  -25.127  53.909 0.1000000015
55186  -59.091  -25.816  54.120 0.1000000015
54243  -58.748  -26.324  55.080 0.1000000015
175485  -50.088  -24.303  54.610 0.1000000015
177654  -53.425  -24.067  53.378 0.1000000015
56215  -56.347  -25.129  53.674 0.1000000015
56216  -57.450  -25.307  53.637 0.1000000015
56218  -58.952  -25.510  53.501 0.1000000015
55195  -59.331  -25.880  53.449 0.1000000015
53244  -57.899  -27.061  55.778 0.1000000015
53243  -57.294  -27.474  55.665 0.1000000015
49717  -28.375  -32.386  58.834 0.1000000015
149757  -28.630  -32.977  58.436 0.1000000015
148507  -28.171  -32.927  57.735 0.1000000015
48861  -27.820  -32.891  56.905 0.1000000015
56192  -49.542  -25.034  54.357 0.1000000015
55207  -54.516  -25.796  53.140 0.1000000015
55209  -56.950  -25.956  52.921 0.1000000015
148676  -27.511  -31.856  55.449 0.1000000015
54254  -49.306  -27.358  54.814 0.1000000015
54265  -49.087  -26.799  54.140 0.1000000015
54284  -53.772  -26.682  52.677 0.1000000015
54238  -55.494  -26.895  56.067 0.1000000015
49702  -28.057  -32.037  60.255 0.1000000015
53261  -48.688  -28.339  55.104 0.1000000015
52359  -46.898  -28.806  55.544 0.1000000015
52367  -46.705  -28.561  54.752 0.1000000015
54280  -27.824  -26.529  53.115 0.1000000015
152413  -45.670  -29.149  57.679 0.1000000015
52339  -45.600  -28.862  56.851 0.1000000015
54271  -28.404  -25.910  53.033 0.1000000015
55183  -28.930  -25.614  53.986 0.1000000015
167627  -44.696  -29.684  59.385 0.1000000015
174284  -44.760  -29.115  57.953 0.1000000015
55191  -30.707  -25.456  52.636 0.1000000015
174193  -43.927  -31.907  61.729 0.1000000015
174194  -43.973  -30.469  59.387 0.1000000015
173054  -44.101  -29.587  58.636 0.1000000015
172133  -41.273  -30.899  63.146 0.1000000015
174765  -42.098  -31.882  62.727 0.1000000015
173829  -35.480  -30.094  58.388 0.1000000015
173884  -37.288  -30.363  60.434 0.1000000015
171777  -38.681  -29.765  61.291 0.1000000015
167452  -34.756  -29.464  56.546 0.1000000015
174495  -35.102  -30.244  57.781 0.1000000015
60168  -54.524  -21.665  54.313 0.1000000015
58201  -54.387  -22.333  54.363 0.1000000015
61198  -52.612  -20.924  53.479 0.1000000015
61199  -53.533  -20.995  54.012 0.1000000015
60166  -50.898  -21.124  52.819 0.1000000015
58228  -47.291  -22.394  51.185 0.1000000015
59196  -48.842  -22.126  52.071 0.1000000015
58215  -46.936  -23.013  51.306 0.1000000015
58217  -48.873  -22.792  52.847 0.1000000015
57185  -49.756  -23.599  54.065 0.1000000015
56200  -53.932  -23.810  53.821 0.1000000015
57217  -47.358  -23.731  51.919 0.1000000015
57200  -47.922  -24.060  52.561 0.1000000015
159201  -49.027  -23.459  53.425 0.1000000015
54256  -59.091  -26.362  54.380 0.1000000015
181990  -47.539  -24.342  52.172 0.1000000015
56198  -48.320  -24.841  52.989 0.1000000015
55210  -58.091  -25.796  52.859 0.1000000015
55211  -58.999  -25.776  52.859 0.1000000015
55212  -59.399  -25.837  52.850 0.1000000015
54267  -59.410  -26.454  53.517 0.1000000015
53263  -58.891  -26.832  54.560 0.1000000015
53246  -58.563  -26.823  55.132 0.1000000015
169148  -27.954  -32.315  58.028 0.1000000015
54274  -48.744  -26.378  53.645 0.1000000015
54285  -54.959  -26.713  52.745 0.1000000015
54286  -56.084  -26.645  52.536 0.1000000015
55224  -57.713  -26.292  52.163 0.1000000015
159744  -57.793  -27.665  55.496 0.1000000015
49710  -27.935  -31.754  59.412 0.1000000015
49716  -27.607  -31.554  58.420 0.1000000015
49721  -27.562  -31.559  57.464 0.1000000015
49728  -27.635  -31.455  56.672 0.1000000015
53271  -48.504  -27.800  54.374 0.1000000015
54264  -48.383  -27.244  53.695 0.1000000015
50619  -27.204  -30.948  59.197 0.1000000015
50627  -27.212  -30.848  57.721 0.1000000015
50631  -27.482  -30.790  56.933 0.1000000015
50637  -27.417  -30.052  56.465 0.1000000015
53270  -47.557  -28.171  54.012 0.1000000015
53281  -47.654  -27.611  53.144 0.1000000015
159398  -26.870  -30.074  58.910 0.1000000015
52313  -27.053  -29.081  57.704 0.1000000015
52357  -27.171  -28.316  56.108 0.1000000015
51487  -27.303  -29.410  55.891 0.1000000015
52358  -45.976  -28.488  55.482 0.1000000015
53259  -45.876  -28.316  54.796 0.1000000015
51438  -26.803  -29.195  59.386 0.1000000015
53208  -27.073  -28.042  58.303 0.1000000015
53232  -27.399  -27.331  56.703 0.1000000015
54270  -28.203  -26.072  53.949 0.1000000015
53237  -45.166  -28.535  56.128 0.1000000015
53258  -45.199  -28.288  55.215 0.1000000015
52283  -26.911  -28.264  59.776 0.1000000015
53197  -27.274  -27.656  59.213 0.1000000015
53220  -27.513  -27.272  57.679 0.1000000015
55184  -29.931  -25.538  53.585 0.1000000015
54272  -30.986  -25.646  53.445 0.1000000015
172293  -44.147  -28.443  56.302 0.1000000015
55192  -31.795  -25.724  52.561 0.1000000015
171752  -34.164  -26.855  55.068 0.1000000015
172286  -43.981  -31.758  60.556 0.1000000015
174382  -43.658  -29.464  57.907 0.1000000015
171733  -33.867  -26.831  53.778 0.1000000015
173820  -34.910  -27.863  55.500 0.1000000015
167450  -35.005  -29.012  57.018 0.1000000015
174655  -39.971  -28.869  61.576 0.1000000015
174282  -42.937  -32.958  60.621 0.1000000015
171971  -43.244  -32.573  59.117 0.1000000015
174443  -34.849  -27.345  54.958 0.1000000015
173846  -35.788  -29.721  58.699 0.1000000015
173952  -38.339  -29.530  60.840 0.1000000015
172380  -40.949  -32.132  63.010 0.1000000015
172285  -41.131  -32.481  62.182 0.1000000015
174528  -35.474  -28.075  54.182 0.1000000015
173828  -34.932  -28.709  54.909 0.1000000015
176785  -34.774  -29.718  57.112 0.1000000015
60181  -53.135  -21.348  53.518 0.1000000015
59199  -54.048  -21.971  53.856 0.1000000015
61211  -51.865  -20.466  52.383 0.1000000015
61212  -52.812  -21.029  53.443 0.1000000015
61229  -50.199  -19.894  51.074 0.1000000015
58219  -53.767  -22.279  53.867 0.1000000015
59211  -47.185  -22.200  50.680 0.1000000015
59213  -48.507  -21.537  51.198 0.1000000015
57251  -45.255  -23.278  49.519 0.1000000015
58255  -45.592  -22.739  49.576 0.1000000015
156748  -44.466  -24.179  48.988 0.1000000015
57236  -45.650  -23.846  50.097 0.1000000015
53272  -59.482  -27.048  53.130 0.1000000015
56232  -44.783  -24.789  49.237 0.1000000015
56227  -45.372  -24.781  49.789 0.1000000015
56221  -46.539  -24.735  50.937 0.1000000015
165866  -47.600  -25.567  52.185 0.1000000015
55226  -59.541  -26.001  52.145 0.1000000015
55227  -59.688  -26.154  52.165 0.1000000015
54275  -59.695  -26.830  52.728 0.1000000015
52362  -58.939  -27.359  54.074 0.1000000015
54310  -45.168  -26.655  49.663 0.1000000015
54294  -46.323  -26.139  50.604 0.1000000015
54299  -55.371  -27.413  52.085 0.1000000015
54300  -56.426  -27.172  51.754 0.1000000015
184624  -58.090  -26.486  51.663 0.1000000015
55225  -58.702  -26.131  52.007 0.1000000015
177565  -58.687  -27.224  54.692 0.1000000015
165711  -27.617  -30.770  56.185 0.1000000015
170798  -27.655  -31.381  55.991 0.1000000015
53299  -46.023  -27.650  51.102 0.1000000015
180598  -47.677  -26.594  52.389 0.1000000015
53289  -46.167  -28.172  52.486 0.1000000015
53290  -47.102  -27.662  52.391 0.1000000015
53252  -27.384  -27.358  55.763 0.1000000015
52366  -27.223  -28.070  55.078 0.1000000015
53278  -43.827  -28.072  53.404 0.1000000015
156069  -44.791  -28.121  53.645 0.1000000015
54234  -27.814  -26.674  56.209 0.1000000015
54249  -27.684  -26.761  55.476 0.1000000015
53257  -43.770  -28.072  54.919 0.1000000015
175684  -44.574  -28.133  54.880 0.1000000015
53198  -27.963  -27.026  59.385 0.1000000015
53209  -27.719  -27.103  58.621 0.1000000015
53233  -28.075  -26.682  57.113 0.1000000015
54262  -30.651  -25.795  54.357 0.1000000015
172452  -43.468  -28.264  55.591 0.1000000015
156365  -29.838  -26.938  59.664 0.1000000015
153248  -29.125  -26.487  57.429 0.1000000015
171762  -34.135  -27.227  55.965 0.1000000015
183372  -34.883  -28.269  57.093 0.1000000015
167733  -43.351  -30.895  57.903 0.1000000015
52285  -30.917  -27.383  59.735 0.1000000015
52338  -34.544  -27.896  56.607 0.1000000015
173933  -35.275  -29.341  58.725 0.1000000015
173905  -36.104  -29.655  60.060 0.1000000015
174191  -41.196  -33.651  61.516 0.1000000015
173053  -41.710  -33.992  59.379 0.1000000015
174821  -36.868  -29.798  59.608 0.1000000015
174620  -38.643  -29.324  60.899 0.1000000015
167522  -39.905  -32.096  61.993 0.1000000015
148190  -39.756  -33.962  59.772 0.1000000015
61230  -51.465  -20.209  51.708 0.1000000015
60180  -52.172  -20.801  52.576 0.1000000015
59198  -53.285  -22.009  53.419 0.1000000015
62347  -50.914  -19.631  50.866 0.1000000015
58218  -53.136  -22.348  53.293 0.1000000015
58269  -44.472  -22.354  48.220 0.1000000015
57231  -52.558  -22.905  52.697 0.1000000015
53282  -59.748  -27.358  52.425 0.1000000015
52383  -59.735  -27.956  52.162 0.1000000015
54287  -59.856  -26.598  52.284 0.1000000015
160721  -59.947  -27.213  52.008 0.1000000015
52368  -59.028  -27.793  53.412 0.1000000015
55236  -44.573  -26.256  49.066 0.1000000015
53328  -44.358  -27.366  49.359 0.1000000015
54313  -56.766  -27.549  50.921 0.1000000015
54301  -57.455  -26.843  51.431 0.1000000015
54302  -59.533  -26.297  51.440 0.1000000015
54304  -59.958  -26.663  51.393 0.1000000015
53327  -43.493  -27.707  48.858 0.1000000015
53318  -56.951  -27.860  50.168 0.1000000015
54314  -57.794  -27.322  50.412 0.1000000015
153540  -43.272  -28.326  50.586 0.1000000015
153539  -44.254  -27.988  50.254 0.1000000015
52395  -54.578  -28.808  49.933 0.1000000015
53265  -27.441  -27.191  54.904 0.1000000015
54259  -27.878  -26.480  54.814 0.1000000015
53297  -42.343  -28.438  51.022 0.1000000015
53298  -43.926  -28.115  51.372 0.1000000015
54250  -28.267  -26.354  55.556 0.1000000015
54235  -28.833  -26.329  56.434 0.1000000015
54261  -29.558  -25.788  54.624 0.1000000015
172217  -42.653  -28.008  53.613 0.1000000015
53234  -29.872  -26.418  56.883 0.1000000015
54251  -29.203  -26.069  55.501 0.1000000015
53255  -32.178  -26.504  55.638 0.1000000015
167736  -42.678  -28.968  55.989 0.1000000015
172454  -42.661  -28.215  54.765 0.1000000015
53222  -29.562  -26.736  58.262 0.1000000015
53223  -30.174  -26.710  57.643 0.1000000015
52317  -34.380  -28.076  57.781 0.1000000015
174658  -34.809  -28.845  58.492 0.1000000015
172135  -34.958  -29.261  59.178 0.1000000015
172375  -42.442  -31.938  56.131 0.1000000015
180174  -30.509  -27.121  58.316 0.1000000015
52297  -31.388  -27.581  58.721 0.1000000015
171793  -35.661  -29.498  59.244 0.1000000015
173931  -36.697  -29.322  59.783 0.1000000015
148490  -39.050  -30.115  61.768 0.1000000015
174807  -39.137  -33.859  58.861 0.1000000015
174385  -40.110  -34.130  58.365 0.1000000015
173685  -38.622  -29.193  60.743 0.1000000015
174192  -38.977  -32.033  61.308 0.1000000015
172068  -39.683  -33.242  61.143 0.1000000015
62329  -51.152  -19.805  51.159 0.1000000015
60199  -51.793  -20.996  51.680 0.1000000015
181581  -50.086  -19.477  49.574 0.1000000015
59214  -51.870  -21.556  51.828 0.1000000015
160019  -52.517  -22.008  52.646 0.1000000015
53292  -60.357  -28.189  51.183 0.1000000015
51501  -59.685  -28.616  51.977 0.1000000015
53304  -60.270  -27.656  51.212 0.1000000015
50667  -59.248  -28.894  52.470 0.1000000015
54322  -58.515  -27.469  49.580 0.1000000015
176396  -59.188  -27.104  49.590 0.1000000015
165922  -59.894  -26.634  50.906 0.1000000015
53331  -56.502  -28.386  49.640 0.1000000015
53332  -57.551  -27.971  49.423 0.1000000015
53310  -41.289  -28.393  50.534 0.1000000015
172491  -41.109  -28.724  52.246 0.1000000015
54252  -30.250  -26.008  55.317 0.1000000015
171967  -40.803  -30.154  53.712 0.1000000015
172594  -41.732  -28.520  54.165 0.1000000015
52314  -31.087  -27.105  57.809 0.1000000015
175081  -31.603  -26.619  56.496 0.1000000015
53254  -30.916  -26.351  56.037 0.1000000015
172390  -39.189  -32.332  54.504 0.1000000015
174013  -42.337  -30.859  55.620 0.1000000015
167685  -42.515  -28.646  55.441 0.1000000015
52315  -32.009  -27.391  57.946 0.1000000015
52316  -33.126  -27.601  58.081 0.1000000015
167734  -38.154  -31.138  61.502 0.1000000015
171853  -37.539  -32.539  56.975 0.1000000015
167780  -40.128  -33.295  55.666 0.1000000015
51440  -32.175  -28.637  60.110 0.1000000015
51449  -32.215  -28.263  59.459 0.1000000015
51450  -32.914  -28.056  58.984 0.1000000015
51451  -33.782  -28.678  59.363 0.1000000015
51452  -34.576  -29.046  59.308 0.1000000015
171808  -36.002  -29.266  60.024 0.1000000015
172425  -39.399  -29.520  61.104 0.1000000015
174010  -38.156  -32.607  60.552 0.1000000015
172396  -39.017  -33.655  57.353 0.1000000015
62348  -50.949  -19.926  50.598 0.1000000015
60200  -52.432  -21.338  52.668 0.1000000015
165087  -51.489  -21.156  51.153 0.1000000015
53334  -61.532  -28.017  49.361 0.1000000015
52396  -61.321  -28.710  50.240 0.1000000015
54327  -60.911  -27.879  49.683 0.1000000015
52389  -60.726  -28.717  50.828 0.1000000015
51512  -60.073  -29.226  51.394 0.1000000015
54335  -60.506  -27.068  48.478 0.1000000015
54325  -60.435  -27.263  49.494 0.1000000015
51511  -59.593  -29.270  51.863 0.1000000015
53333  -58.356  -27.828  48.874 0.1000000015
54323  -59.122  -27.341  48.753 0.1000000015
54316  -59.595  -26.901  50.155 0.1000000015
50666  -58.893  -29.271  52.980 0.1000000015
52408  -55.031  -29.200  48.358 0.1000000015
52401  -55.866  -29.002  49.058 0.1000000015
53343  -56.879  -28.654  48.800 0.1000000015
52407  -54.004  -29.014  48.525 0.1000000015
167882  -39.348  -29.247  53.433 0.1000000015
148163  -38.312  -30.767  53.504 0.1000000015
172291  -37.457  -30.940  54.340 0.1000000015
148191  -40.351  -31.139  53.801 0.1000000015
50612  -33.737  -29.892  60.966 0.1000000015
50622  -33.859  -29.704  60.533 0.1000000015
50614  -34.968  -30.446  60.798 0.1000000015
50615  -35.765  -30.330  60.892 0.1000000015
149627  -37.899  -29.780  60.923 0.1000000015
168149  -38.518  -29.545  60.922 0.1000000015
167773  -37.480  -31.609  58.766 0.1000000015
174012  -36.438  -31.317  57.266 0.1000000015
50621  -33.249  -29.390  60.580 0.1000000015
51441  -32.739  -28.921  60.144 0.1000000015
164165  -34.131  -29.303  59.983 0.1000000015
51443  -34.987  -29.537  59.735 0.1000000015
172199  -35.960  -28.932  60.249 0.1000000015
53347  -62.388  -28.052  48.223 0.1000000015
53346  -61.922  -27.770  48.617 0.1000000015
52402  -62.177  -28.346  48.979 0.1000000015
51528  -61.931  -29.640  50.102 0.1000000015
54336  -61.007  -27.354  48.713 0.1000000015
50691  -61.000  -29.933  50.745 0.1000000015
54334  -59.823  -27.031  48.130 0.1000000015
50679  -59.829  -30.037  51.384 0.1000000015
53359  -58.051  -28.367  47.368 0.1000000015
49751  -59.020  -30.804  52.246 0.1000000015
50671  -59.208  -29.810  52.181 0.1000000015
52409  -56.147  -29.158  48.175 0.1000000015
53358  -57.135  -28.885  47.837 0.1000000015
50670  -58.847  -30.154  52.910 0.1000000015
172707  -38.173  -28.425  60.841 0.1000000015
172709  -39.307  -29.279  61.629 0.1000000015
172007  -39.325  -28.748  61.022 0.1000000015
179144  -36.528  -27.968  57.443 0.1000000015
177273  -36.212  -31.028  61.659 0.1000000015
49704  -35.586  -30.786  61.260 0.1000000015
148213  -37.627  -28.830  59.864 0.1000000015
172395  -36.247  -29.979  58.792 0.1000000015
174011  -36.442  -29.414  56.778 0.1000000015
177017  -36.224  -30.040  55.892 0.1000000015
50613  -34.336  -30.275  60.875 0.1000000015
49706  -37.471  -30.172  61.189 0.1000000015
150898  -36.842  -30.052  61.061 0.1000000015
172378  -37.857  -30.147  59.762 0.1000000015
174675  -36.913  -31.148  58.891 0.1000000015
174008  -36.811  -31.229  55.929 0.1000000015
62356  -50.453  -19.712  49.857 0.1000000015
52410  -62.659  -28.644  48.164 0.1000000015
177086  -61.971  -26.771  46.181 0.1000000015
53361  -62.233  -27.607  47.773 0.1000000015
51529  -62.317  -29.761  49.322 0.1000000015
50699  -62.045  -30.448  49.810 0.1000000015
155079  -61.163  -26.754  45.938 0.1000000015
54352  -61.225  -27.076  47.824 0.1000000015
49767  -61.595  -31.240  50.254 0.1000000015
53372  -59.013  -27.468  45.965 0.1000000015
54357  -59.666  -26.936  46.218 0.1000000015
54351  -60.510  -26.933  47.493 0.1000000015
49756  -60.421  -30.626  50.921 0.1000000015
49765  -61.047  -30.769  50.767 0.1000000015
154361  -57.367  -28.454  45.717 0.1000000015
53371  -58.286  -28.007  45.765 0.1000000015
54349  -59.212  -27.389  46.838 0.1000000015
49755  -59.861  -30.978  51.041 0.1000000015
53377  -53.727  -28.505  45.388 0.1000000015
52421  -55.777  -29.206  46.648 0.1000000015
53370  -56.209  -28.829  45.766 0.1000000015
153326  -57.064  -28.914  46.701 0.1000000015
48877  -59.285  -31.542  51.511 0.1000000015
53367  -51.955  -28.367  46.402 0.1000000015
53368  -53.369  -28.698  46.444 0.1000000015
52413  -53.917  -29.018  47.580 0.1000000015
53357  -52.350  -28.508  47.166 0.1000000015
179507  -36.844  -30.973  61.780 0.1000000015
49696  -37.636  -30.500  61.830 0.1000000015
172391  -37.157  -28.223  59.667 0.1000000015
167781  -39.202  -29.135  61.048 0.1000000015
172389  -39.272  -28.748  60.545 0.1000000015
174007  -36.882  -28.663  58.785 0.1000000015
49705  -36.440  -30.642  61.413 0.1000000015
168834  -38.809  -29.721  61.304 0.1000000015
51540  -63.193  -29.761  46.722 0.1000000015
49786  -63.174  -30.446  46.105 0.1000000015
53380  -62.956  -27.560  45.453 0.1000000015
52422  -63.263  -28.966  46.371 0.1000000015
54368  -62.354  -26.864  45.384 0.1000000015
53373  -62.556  -27.678  46.878 0.1000000015
51535  -63.068  -29.977  47.677 0.1000000015
50700  -62.402  -30.526  48.958 0.1000000015
159984  -60.007  -26.431  44.778 0.1000000015
177288  -61.101  -26.593  45.218 0.1000000015
49771  -62.121  -31.234  49.397 0.1000000015
177788  -58.220  -26.999  43.879 0.1000000015
54365  -59.400  -26.827  45.267 0.1000000015
54366  -60.333  -26.632  45.521 0.1000000015
163347  -55.997  -28.182  44.351 0.1000000015
54363  -57.771  -27.902  44.856 0.1000000015
48886  -60.909  -32.288  50.774 0.1000000015
49764  -60.697  -31.409  50.821 0.1000000015
53376  -52.663  -28.205  44.725 0.1000000015
166846  -53.991  -28.291  44.594 0.1000000015
53378  -55.224  -28.501  44.996 0.1000000015
53379  -56.625  -28.348  44.954 0.1000000015
47935  -59.426  -32.344  51.106 0.1000000015
48880  -60.019  -31.851  50.821 0.1000000015
54356  -51.589  -27.381  46.088 0.1000000015
47934  -58.808  -32.523  51.794 0.1000000015
50716  -63.379  -30.230  45.219 0.1000000015
49797  -63.137  -31.077  45.467 0.1000000015
51541  -63.322  -29.603  45.818 0.1000000015
52423  -63.471  -28.834  45.539 0.1000000015
50711  -63.091  -30.605  46.996 0.1000000015
55276  -62.628  -26.611  43.933 0.1000000015
54391  -63.287  -26.979  43.994 0.1000000015
166158  -62.883  -31.137  47.995 0.1000000015
55281  -59.979  -25.952  43.038 0.1000000015
55283  -61.677  -25.974  43.419 0.1000000015
54379  -62.186  -26.608  44.677 0.1000000015
49772  -62.500  -31.203  48.570 0.1000000015
48896  -62.198  -31.910  48.906 0.1000000015
54400  -58.206  -26.578  42.619 0.1000000015
55280  -59.083  -26.200  42.783 0.1000000015
54388  -59.361  -26.356  43.609 0.1000000015
48889  -61.804  -32.033  49.767 0.1000000015
54396  -52.376  -26.748  42.482 0.1000000015
54384  -55.409  -27.345  42.871 0.1000000015
54385  -56.633  -27.239  43.047 0.1000000015
54374  -57.711  -27.464  44.041 0.1000000015
54382  -52.148  -27.159  43.258 0.1000000015
54383  -53.765  -27.339  42.787 0.1000000015
53389  -54.773  -27.732  43.420 0.1000000015
47946  -60.035  -32.658  50.616 0.1000000015
47964  -61.432  -32.768  50.097 0.1000000015
54362  -51.673  -27.412  45.205 0.1000000015
47945  -59.065  -33.128  51.128 0.1000000015
47933  -58.158  -32.800  52.714 0.1000000015
159670  -58.366  -33.406  52.164 0.1000000015
48871  -57.529  -32.344  54.051 0.1000000015
50720  -63.726  -30.029  44.418 0.1000000015
51545  -63.992  -29.256  44.264 0.1000000015
51543  -63.704  -29.408  45.010 0.1000000015
53391  -64.008  -27.626  43.720 0.1000000015
52427  -64.048  -28.435  44.000 0.1000000015
49785  -63.037  -31.394  46.435 0.1000000015
172239  -58.508  -25.220  38.918 0.1000000015
56322  -59.853  -25.157  39.876 0.1000000015
55300  -62.262  -25.218  41.817 0.1000000015
55285  -63.163  -26.580  43.209 0.1000000015
160915  -63.671  -27.389  44.039 0.1000000015
49777  -62.946  -31.297  47.391 0.1000000015
56319  -56.430  -25.272  39.504 0.1000000015
56320  -57.544  -25.334  39.286 0.1000000015
56321  -58.430  -25.734  39.760 0.1000000015
55297  -59.687  -25.781  42.143 0.1000000015
55299  -61.729  -25.660  42.601 0.1000000015
49775  -62.553  -31.782  48.014 0.1000000015
47999  -62.168  -32.409  48.442 0.1000000015
56309  -52.560  -24.301  40.204 0.1000000015
55309  -53.846  -25.435  40.334 0.1000000015
55322  -56.170  -25.801  40.129 0.1000000015
55312  -57.668  -26.359  41.149 0.1000000015
176997  -61.887  -32.762  49.220 0.1000000015
55291  -51.972  -25.717  41.950 0.1000000015
55292  -53.788  -26.325  41.150 0.1000000015
55294  -56.884  -26.640  41.665 0.1000000015
54399  -57.268  -26.881  42.463 0.1000000015
56290  -51.703  -24.765  44.602 0.1000000015
55279  -51.542  -25.594  43.299 0.1000000015
46896  -60.632  -33.617  50.300 0.1000000015
46885  -59.874  -33.345  50.462 0.1000000015
46884  -59.043  -33.698  50.828 0.1000000015
51547  -64.024  -29.153  43.365 0.1000000015
161304  -63.920  -29.828  43.779 0.1000000015
50725  -63.635  -30.594  43.669 0.1000000015
172226  -55.700  -23.770  38.327 0.1000000015
170320  -58.202  -23.997  37.755 0.1000000015
170405  -60.736  -24.342  39.648 0.1000000015
171404  -62.875  -24.474  40.740 0.1000000015
54401  -63.896  -26.687  42.474 0.1000000015
161345  -64.013  -28.901  41.954 0.1000000015
161303  -63.848  -29.984  43.093 0.1000000015
49796  -63.025  -31.802  45.672 0.1000000015
172198  -54.299  -23.489  38.532 0.1000000015
56334  -56.725  -24.652  38.813 0.1000000015
168999  -61.846  -23.244  38.898 0.1000000015
57341  -63.689  -24.290  39.833 0.1000000015
54409  -64.080  -26.826  40.969 0.1000000015
52439  -64.053  -28.217  41.489 0.1000000015
161302  -63.713  -30.093  42.377 0.1000000015
48914  -62.678  -32.003  47.105 0.1000000015
48027  -62.229  -32.536  47.713 0.1000000015
58303  -52.096  -22.643  41.458 0.1000000015
57339  -52.829  -23.670  39.613 0.1000000015
58326  -63.589  -23.303  38.325 0.1000000015
56335  -63.957  -24.358  39.301 0.1000000015
54410  -64.019  -26.684  40.042 0.1000000015
49833  -63.364  -31.503  42.143 0.1000000015
57309  -52.173  -23.242  43.241 0.1000000015
58331  -64.411  -23.187  36.867 0.1000000015
55338  -64.268  -25.665  38.035 0.1000000015
53412  -63.972  -27.156  38.488 0.1000000015
47998  -61.991  -33.090  48.377 0.1000000015
178147  -61.660  -33.432  48.935 0.1000000015
46922  -60.973  -34.403  49.654 0.1000000015
46923  -61.284  -33.935  49.053 0.1000000015
45844  -58.627  -34.167  51.127 0.1000000015
45868  -59.745  -34.473  49.849 0.1000000015
164217  -63.367  -30.840  44.569 0.1000000015
172121  -53.583  -21.701  37.028 0.1000000015
146194  -57.891  -23.320  37.231 0.1000000015
149042  -60.218  -23.827  38.162 0.1000000015
174315  -52.337  -21.687  39.510 0.1000000015
167647  -52.995  -22.267  38.499 0.1000000015
148179  -58.289  -22.398  36.090 0.1000000015
169599  -60.776  -23.174  37.893 0.1000000015
50729  -63.555  -30.685  42.726 0.1000000015
49808  -63.166  -31.440  43.912 0.1000000015
158725  -62.304  -32.754  46.921 0.1000000015
149792  -55.218  -21.549  43.057 0.1000000015
168894  -52.590  -21.664  40.546 0.1000000015
177972  -60.950  -21.706  36.472 0.1000000015
169092  -62.099  -22.054  37.485 0.1000000015
175531  -63.100  -31.968  43.380 0.1000000015
58304  -52.746  -22.318  42.100 0.1000000015
150078  -62.197  -21.470  36.917 0.1000000015
48968  -63.266  -32.136  42.730 0.1000000015
48026  -62.006  -33.368  47.513 0.1000000015
46936  -61.636  -33.905  48.290 0.1000000015
45888  -61.130  -34.596  48.762 0.1000000015
45879  -60.797  -35.097  49.196 0.1000000015
148142  -53.865  -19.831  35.929 0.1000000015
169172  -55.271  -18.684  40.113 0.1000000015
174301  -53.181  -19.874  36.931 0.1000000015
172224  -55.400  -21.986  35.780 0.1000000015
48940  -62.958  -32.365  45.419 0.1000000015
48928  -62.797  -32.384  46.201 0.1000000015
171245  -54.983  -19.617  40.876 0.1000000015
168325  -52.572  -20.108  37.994 0.1000000015
172238  -58.466  -22.105  35.282 0.1000000015
171242  -55.135  -21.081  42.387 0.1000000015
148718  -53.414  -20.580  40.410 0.1000000015
170912  -60.542  -21.385  35.665 0.1000000015
48948  -63.026  -32.719  44.784 0.1000000015
48061  -62.855  -33.025  45.513 0.1000000015
48068  -63.079  -33.138  44.013 0.1000000015
48048  -62.287  -33.259  46.241 0.1000000015
161407  -63.012  -33.927  43.984 0.1000000015
153133  -62.916  -33.630  44.796 0.1000000015
48047  -62.005  -33.863  46.864 0.1000000015
46964  -62.301  -34.257  45.176 0.1000000015
44929  -61.599  -35.171  45.673 0.1000000015
159778  -61.720  -34.742  46.933 0.1000000015
44948  -60.825  -35.636  45.958 0.1000000015
45895  -61.173  -35.401  47.483 0.1000000015
171020  -56.369  -17.772  38.457 0.1000000015
168326  -54.920  -18.441  36.448 0.1000000015
148314  -59.572  -19.850  40.786 0.1000000015
169173  -56.674  -17.652  37.061 0.1000000015
148848  -56.600  -19.212  41.083 0.1000000015
173343  -55.043  -19.825  33.938 0.1000000015
168893  -54.453  -19.863  34.907 0.1000000015
57327  -58.666  -21.612  43.284 0.1000000015
171244  -56.458  -19.883  41.796 0.1000000015
167763  -56.895  -21.260  32.745 0.1000000015
172335  -57.262  -21.606  34.055 0.1000000015
64495  -63.990  -16.440  41.439 0.1000000015
158653  -64.178  -17.324  41.080 0.1000000015
59306  -63.779  -20.520  40.322 0.1000000015
60280  -63.784  -20.127  39.953 0.1000000015
61325  -64.113  -18.847  40.019 0.1000000015
171492  -61.974  -21.243  39.561 0.1000000015
168290  -60.292  -19.670  38.299 0.1000000015
171493  -63.004  -20.192  39.045 0.1000000015
170744  -59.796  -20.644  41.361 0.1000000015
148458  -55.846  -18.679  34.488 0.1000000015
146206  -58.254  -17.850  37.225 0.1000000015
173344  -57.076  -18.056  34.558 0.1000000015
167703  -58.092  -17.729  36.193 0.1000000015
180542  -57.166  -20.212  31.386 0.1000000015
65564  -63.527  -15.798  40.896 0.1000000015
150291  -62.508  -20.051  38.436 0.1000000015
61328  -63.608  -19.034  39.183 0.1000000015
172560  -61.112  -19.714  37.743 0.1000000015
176247  -63.393  -18.183  38.840 0.1000000015
174352  -58.622  -17.705  35.739 0.1000000015
150477  -57.649  -19.348  31.766 0.1000000015
61409  -58.593  -19.950  31.144 0.1000000015
61425  -59.158  -19.398  31.158 0.1000000015
158329  -60.205  -17.256  32.447 0.1000000015
63527  -60.132  -17.396  31.356 0.1000000015
64586  -60.210  -16.975  30.708 0.1000000015
63555  -59.884  -17.807  28.499 0.1000000015
62570  -58.558  -18.539  27.831 0.1000000015
66601  -63.300  -14.972  41.299 0.1000000015
64506  -63.600  -16.687  39.759 0.1000000015
62442  -62.740  -18.476  37.672 0.1000000015
172852  -60.455  -18.833  36.493 0.1000000015
176063  -63.029  -17.492  38.576 0.1000000015
168526  -58.444  -17.714  34.385 0.1000000015
169285  -60.772  -18.295  35.485 0.1000000015
63486  -62.640  -17.846  37.064 0.1000000015
62489  -59.306  -17.631  33.835 0.1000000015
63495  -59.988  -17.415  34.964 0.1000000015
63496  -62.107  -17.698  35.656 0.1000000015
173532  -58.112  -18.271  32.844 0.1000000015
63501  -60.343  -17.433  34.200 0.1000000015
63503  -61.515  -17.577  34.872 0.1000000015
62504  -58.979  -18.107  32.707 0.1000000015
63511  -60.114  -17.512  33.330 0.1000000015
65628  -62.115  -16.244  35.124 0.1000000015
64566  -61.318  -16.110  33.618 0.1000000015
64580  -60.504  -16.524  32.151 0.1000000015
149935  -61.021  -14.543  33.248 0.1000000015
147157  -60.707  -14.208  34.648 0.1000000015
65657  -59.540  -15.730  31.490 0.1000000015
149954  -60.306  -14.679  32.865 0.1000000015
152224  -59.901  -13.952  34.285 0.1000000015
64624  -57.146  -17.202  28.763 0.1000000015
65677  -58.072  -15.992  29.534 0.1000000015
154462  -58.791  -14.595  32.445 0.1000000015
168542  -58.980  -13.629  34.643 0.1000000015
67476  -63.387  -13.247  41.331 0.1000000015
65572  -63.431  -15.983  40.123 0.1000000015
183089  -63.121  -16.253  39.625 0.1000000015
64545  -62.492  -17.128  37.349 0.1000000015
64544  -62.342  -16.578  36.758 0.1000000015
65616  -61.826  -15.334  35.417 0.1000000015
148383  -61.334  -14.746  34.923 0.1000000015
148681  -60.096  -14.294  36.138 0.1000000015
170332  -59.243  -14.019  36.347 0.1000000015
185087  -26.935  -28.410  59.053 0.1000000015
51448  -31.495  -27.850  59.590 0.1000000015
171982  -39.007  -29.906  62.123 0.1000000015
50618  -26.856  -30.140  59.779 0.1000000015
53199  -28.646  -26.804  59.882 0.1000000015
53210  -28.887  -26.657  59.016 0.1000000015
49703  -34.845  -30.722  61.239 0.1000000015
46743  -33.397  -35.201  64.715 0.1000000015
53314  -52.777  -28.274  50.548 0.1000000015
54372  -51.832  -27.438  44.222 0.1000000015
180972  -51.531  -26.200  44.078 0.1000000015
159891  -56.219  -21.142  43.098 0.1000000015
53317  -56.123  -28.156  50.434 0.1000000015
54298  -54.183  -27.485  52.186 0.1000000015
57323  -53.194  -22.484  42.900 0.1000000015
58306  -57.145  -20.857  42.948 0.1000000015
53325  -41.348  -28.342  49.365 0.1000000015
148233  -40.512  -28.777  51.405 0.1000000015
172448  -40.832  -29.736  53.607 0.1000000015
148133  -39.518  -29.992  52.074 0.1000000015
54331  -42.212  -27.363  48.229 0.1000000015
172592  -38.406  -28.815  53.967 0.1000000015
60210  -48.406  -20.467  50.286 0.1000000015
60165  -50.015  -21.168  52.155 0.1000000015
60178  -49.242  -21.290  51.650 0.1000000015
59212  -47.829  -21.830  50.791 0.1000000015
60209  -48.021  -21.213  50.086 0.1000000015
59249  -45.258  -22.332  48.261 0.1000000015
59225  -46.843  -22.323  50.037 0.1000000015
61209  -50.852  -19.826  51.276 0.1000000015
55231  -45.084  -25.622  49.432 0.1000000015
53339  -42.196  -28.195  48.794 0.1000000015
172376  -36.641  -28.358  58.190 0.1000000015
58254  -45.003  -22.681  48.923 0.1000000015
150836  -56.342  -20.560  42.452 0.1000000015
167704  -57.796  -19.736  41.654 0.1000000015
173299  -58.859  -20.086  41.451 0.1000000015
169937  -61.933  -21.705  40.123 0.1000000015
169938  -63.226  -20.559  39.724 0.1000000015
62412  -64.235  -18.200  41.571 0.1000000015
61317  -64.148  -19.355  40.493 0.1000000015
153878  -60.754  -21.163  40.354 0.1000000015
146197  -60.333  -20.555  40.606 0.1000000015
42735  -35.582  -38.822  63.135 0.1000000015
147435  -33.047  -35.577  62.577 0.1000000015
151642  -32.596  -35.212  62.313 0.1000000015
149680  -32.898  -35.238  62.928 0.1000000015
59104  -55.101  -22.855  57.744 0.1000000015
59102  -54.171  -23.025  58.290 0.1000000015
59115  -53.724  -22.559  57.439 0.1000000015
57122  -54.821  -24.179  58.474 0.1000000015
60139  -54.106  -21.264  55.270 0.1000000015
59129  -53.475  -22.464  56.806 0.1000000015
59128  -53.149  -22.741  56.666 0.1000000015
172130  -41.188  -29.417  62.985 0.1000000015
171801  -40.383  -29.303  62.264 0.1000000015
168180  -30.461  -34.155  59.842 0.1000000015
59154  -52.346  -22.200  55.195 0.1000000015
57145  -52.118  -24.432  56.964 0.1000000015
57169  -51.541  -23.461  55.450 0.1000000015
59141  -52.238  -22.960  55.652 0.1000000015
57168  -50.847  -23.991  55.188 0.1000000015
48813  -28.673  -32.781  60.481 0.1000000015
177185  -49.868  -27.035  55.309 0.1000000015
156064  -50.247  -27.408  55.916 0.1000000015
53239  -49.882  -28.443  56.391 0.1000000015
52321  -48.413  -29.253  57.403 0.1000000015
171970  -45.945  -29.575  59.969 0.1000000015
168128  -46.378  -29.314  58.479 0.1000000015
172289  -45.344  -31.073  61.941 0.1000000015
174195  -45.334  -29.751  60.040 0.1000000015
167775  -43.139  -32.324  62.381 0.1000000015
173849  -37.517  -31.033  60.836 0.1000000015
177854  -37.645  -31.391  60.887 0.1000000015
173869  -38.061  -30.215  60.916 0.1000000015
174424  -36.129  -30.020  58.777 0.1000000015
171736  -36.562  -31.387  59.345 0.1000000015
173879  -35.873  -31.232  57.964 0.1000000015
154799  -53.805  -21.149  55.013 0.1000000015
60154  -52.941  -21.114  54.330 0.1000000015
59167  -51.792  -21.802  54.538 0.1000000015
59152  -50.744  -22.716  54.403 0.1000000015
161553  -50.587  -24.616  55.256 0.1000000015
56149  -51.578  -24.932  56.522 0.1000000015
56217  -58.201  -25.396  53.408 0.1000000015
48825  -29.166  -33.152  59.168 0.1000000015
55172  -51.368  -25.586  56.557 0.1000000015
174761  -50.401  -25.746  55.479 0.1000000015
55208  -55.699  -25.841  53.093 0.1000000015
168513  -27.719  -32.216  57.200 0.1000000015
55185  -49.150  -25.789  53.978 0.1000000015
52343  -49.027  -29.114  56.679 0.1000000015
53260  -47.722  -28.585  54.828 0.1000000015
158321  -27.581  -26.851  54.043 0.1000000015
174189  -45.462  -29.351  58.578 0.1000000015
52319  -46.386  -29.013  57.052 0.1000000015
172070  -44.741  -29.349  58.667 0.1000000015
174280  -44.742  -30.436  60.231 0.1000000015
173409  -42.223  -31.723  63.347 0.1000000015
173935  -36.732  -30.207  59.879 0.1000000015
173947  -38.955  -29.439  61.244 0.1000000015
61184  -52.483  -20.918  53.718 0.1000000015
59165  -50.270  -22.419  53.715 0.1000000015
59197  -49.526  -21.751  52.361 0.1000000015
58188  -49.566  -22.934  53.587 0.1000000015
157867  -49.321  -24.213  53.894 0.1000000015
55196  -59.622  -26.352  52.986 0.1000000015
52348  -58.047  -27.515  55.432 0.1000000015
56199  -48.898  -24.900  53.664 0.1000000015
53269  -46.405  -28.268  54.035 0.1000000015
52318  -44.731  -28.829  57.082 0.1000000015
55190  -29.876  -25.393  52.655 0.1000000015
54260  -28.630  -26.032  54.769 0.1000000015
168129  -42.877  -32.341  62.003 0.1000000015
171746  -36.420  -30.155  59.320 0.1000000015
173892  -37.613  -29.483  60.273 0.1000000015
60167  -51.801  -20.857  53.282 0.1000000015
59195  -48.018  -22.246  51.549 0.1000000015
58227  -46.719  -22.556  50.692 0.1000000015
183809  -48.240  -22.638  52.262 0.1000000015
58216  -47.595  -22.881  51.972 0.1000000015
183292  -47.749  -23.435  52.317 0.1000000015
57237  -46.290  -23.226  50.585 0.1000000015
58240  -46.114  -22.606  50.084 0.1000000015
57218  -48.266  -23.305  52.677 0.1000000015
57227  -46.239  -24.061  50.642 0.1000000015
57201  -48.604  -24.101  53.230 0.1000000015
54257  -59.212  -26.907  53.878 0.1000000015
55194  -48.596  -25.641  53.353 0.1000000015
54273  -48.282  -26.519  53.110 0.1000000015
54282  -47.131  -26.992  51.809 0.1000000015
176898  -27.071  -30.749  58.453 0.1000000015
50630  -27.190  -30.012  57.264 0.1000000015
51470  -27.165  -29.154  56.777 0.1000000015
53280  -46.761  -28.198  53.147 0.1000000015
51447  -26.919  -29.128  58.570 0.1000000015
50626  -27.006  -30.013  58.091 0.1000000015
162739  -27.198  -28.916  55.261 0.1000000015
52334  -27.113  -28.151  57.222 0.1000000015
53279  -45.705  -28.189  53.426 0.1000000015
152531  -44.389  -28.230  55.539 0.1000000015
53221  -28.440  -26.716  58.042 0.1000000015
54263  -31.898  -25.967  53.815 0.1000000015
54253  -31.394  -26.103  55.009 0.1000000015
180517  -44.182  -29.114  58.049 0.1000000015
179567  -43.884  -28.676  56.923 0.1000000015
53256  -33.225  -26.757  55.813 0.1000000015
171526  -33.425  -26.554  54.896 0.1000000015
183756  -33.967  -26.757  54.463 0.1000000015
174006  -43.632  -29.033  57.303 0.1000000015
174427  -35.129  -28.535  56.407 0.1000000015
167458  -35.023  -28.779  57.616 0.1000000015
174432  -35.128  -29.409  58.039 0.1000000015
167658  -40.294  -29.269  61.929 0.1000000015
176377  -34.964  -27.251  53.945 0.1000000015
167471  -35.972  -29.839  59.361 0.1000000015
167480  -35.702  -29.689  58.982 0.1000000015
171876  -39.666  -28.882  61.145 0.1000000015
61210  -51.452  -20.405  52.233 0.1000000015
62313  -51.387  -19.999  51.835 0.1000000015
58239  -45.750  -23.081  49.994 0.1000000015
56228  -45.989  -24.744  50.352 0.1000000015
55219  -46.299  -25.392  50.597 0.1000000015
55232  -45.803  -25.772  50.043 0.1000000015
55204  -47.220  -26.054  51.693 0.1000000015
54305  -60.113  -27.066  51.566 0.1000000015
184835  -58.858  -27.750  53.958 0.1000000015
53312  -45.019  -27.527  50.027 0.1000000015
53313  -45.833  -27.039  50.384 0.1000000015
54295  -46.624  -26.772  51.147 0.1000000015
157869  -58.547  -26.653  51.129 0.1000000015
176416  -45.646  -28.187  51.709 0.1000000015
153541  -45.163  -28.086  50.825 0.1000000015
153776  -44.982  -28.238  52.685 0.1000000015
53277  -42.988  -28.089  52.807 0.1000000015
53288  -43.254  -28.239  52.091 0.1000000015
153543  -43.925  -28.150  52.393 0.1000000015
172393  -43.081  -30.100  56.954 0.1000000015
174384  -42.839  -29.450  56.408 0.1000000015
167774  -43.299  -28.766  56.669 0.1000000015
174358  -43.343  -28.523  56.234 0.1000000015
52296  -30.360  -27.244  59.053 0.1000000015
52337  -33.705  -27.432  57.035 0.1000000015
53236  -33.221  -27.007  56.545 0.1000000015
174055  -37.852  -28.990  60.261 0.1000000015
174640  -36.955  -29.652  60.092 0.1000000015
174009  -41.777  -33.519  57.235 0.1000000015
172700  -38.077  -29.297  60.501 0.1000000015
173722  -39.911  -29.245  61.158 0.1000000015
148218  -39.641  -29.024  61.068 0.1000000015
173632  -40.028  -30.891  62.915 0.1000000015
53291  -60.049  -27.799  51.749 0.1000000015
156382  -59.326  -28.174  52.660 0.1000000015
51498  -58.941  -28.481  53.160 0.1000000015
54315  -58.829  -26.952  50.258 0.1000000015
180136  -59.385  -26.649  50.792 0.1000000015
54318  -60.285  -27.276  50.883 0.1000000015
156082  -43.511  -28.152  49.593 0.1000000015
53311  -42.447  -28.435  49.813 0.1000000015
153542  -43.037  -28.330  51.469 0.1000000015
53296  -41.554  -28.453  51.502 0.1000000015
177301  -42.357  -28.018  54.157 0.1000000015
167820  -41.901  -28.306  52.999 0.1000000015
184865  -30.382  -26.361  56.538 0.1000000015
53266  -32.608  -26.295  54.528 0.1000000015
53235  -32.414  -26.802  56.510 0.1000000015
172290  -41.596  -29.897  54.708 0.1000000015
172377  -41.833  -30.339  54.992 0.1000000015
152924  -30.838  -26.594  56.978 0.1000000015
52299  -34.293  -28.502  58.689 0.1000000015
172263  -35.741  -29.552  60.181 0.1000000015
148149  -38.042  -29.259  60.486 0.1000000015
171872  -36.810  -29.155  60.239 0.1000000015
174654  -36.659  -29.378  60.124 0.1000000015
172379  -39.179  -30.885  61.876 0.1000000015
173089  -39.056  -29.315  60.942 0.1000000015
53319  -60.716  -28.068  50.506 0.1000000015
52384  -60.172  -28.502  51.439 0.1000000015
160100  -60.452  -27.539  50.064 0.1000000015
54324  -59.843  -27.048  49.242 0.1000000015
54317  -60.165  -27.091  50.506 0.1000000015
167619  -41.694  -28.340  53.720 0.1000000015
148226  -39.037  -30.021  53.340 0.1000000015
172179  -40.532  -30.517  53.718 0.1000000015
167801  -41.668  -28.929  54.560 0.1000000015
52335  -31.768  -26.892  57.194 0.1000000015
174386  -37.307  -31.434  55.169 0.1000000015
148210  -39.864  -31.678  53.788 0.1000000015
172374  -38.277  -32.537  55.421 0.1000000015
177984  -41.287  -32.526  54.659 0.1000000015
176679  -41.450  -31.498  54.397 0.1000000015
51457  -32.270  -27.777  58.664 0.1000000015
52336  -32.700  -27.130  57.242 0.1000000015
52298  -33.668  -28.135  58.678 0.1000000015
178732  -32.992  -28.618  59.555 0.1000000015
183697  -33.328  -28.334  59.160 0.1000000015
163767  -34.651  -29.530  59.923 0.1000000015
173408  -38.244  -29.365  60.660 0.1000000015
53320  -61.064  -28.236  49.984 0.1000000015
54337  -61.282  -27.703  48.979 0.1000000015
157713  -62.071  -28.946  49.706 0.1000000015
51518  -60.623  -29.268  50.955 0.1000000015
50680  -60.521  -29.961  50.993 0.1000000015
53344  -57.814  -28.321  48.437 0.1000000015
51442  -33.392  -29.138  60.111 0.1000000015
50623  -34.481  -29.936  60.399 0.1000000015
50624  -34.863  -30.160  60.352 0.1000000015
168833  -35.934  -29.818  60.492 0.1000000015
173090  -36.825  -29.837  61.281 0.1000000015
168402  -37.702  -29.568  60.598 0.1000000015
172373  -39.295  -29.180  60.739 0.1000000015
172394  -39.700  -29.406  60.666 0.1000000015
183462  -35.404  -29.765  60.118 0.1000000015
172262  -37.525  -29.309  60.267 0.1000000015
52403  -62.502  -29.128  48.804 0.1000000015
54353  -61.633  -27.395  48.182 0.1000000015
50696  -61.505  -30.241  50.431 0.1000000015
54333  -59.256  -27.344  47.722 0.1000000015
54350  -59.791  -26.980  47.152 0.1000000015
180465  -58.758  -27.777  47.341 0.1000000015
53360  -58.579  -27.938  46.622 0.1000000015
176184  -57.915  -28.377  46.432 0.1000000015
52420  -54.661  -29.156  46.807 0.1000000015
180691  -56.338  -29.188  47.366 0.1000000015
167507  -36.273  -29.736  57.656 0.1000000015
52415  -63.088  -28.998  47.355 0.1000000015
162567  -62.879  -29.307  48.106 0.1000000015
53362  -62.703  -28.186  47.522 0.1000000015
54360  -62.498  -27.223  46.059 0.1000000015
180834  -62.073  -26.984  47.187 0.1000000015
54359  -61.284  -26.866  46.869 0.1000000015
54358  -60.446  -26.814  46.533 0.1000000015
54364  -58.643  -27.379  45.158 0.1000000015
53369  -54.839  -29.009  45.951 0.1000000015
157428  -52.267  -28.372  45.624 0.1000000015
54370  -63.271  -27.446  44.714 0.1000000015
157382  -63.017  -28.328  46.709 0.1000000015
53381  -63.387  -28.090  45.261 0.1000000015
179697  -63.222  -28.403  45.990 0.1000000015
54367  -61.775  -26.643  45.356 0.1000000015
54389  -60.227  -26.210  43.965 0.1000000015
54376  -59.454  -26.555  44.397 0.1000000015
54377  -60.721  -26.408  44.677 0.1000000015
54386  -57.691  -27.063  43.303 0.1000000015
54387  -58.587  -26.670  43.373 0.1000000015
175581  -58.903  -26.885  44.703 0.1000000015
53384  -54.948  -28.145  44.092 0.1000000015
53385  -56.919  -27.926  44.200 0.1000000015
53390  -56.013  -27.732  43.649 0.1000000015
54373  -57.032  -27.505  43.638 0.1000000015
47955  -60.817  -33.057  50.614 0.1000000015
53383  -53.417  -27.919  43.795 0.1000000015
52425  -63.893  -28.615  44.800 0.1000000015
54378  -61.500  -26.456  44.645 0.1000000015
55284  -62.484  -26.023  43.178 0.1000000015
53386  -63.843  -27.889  44.461 0.1000000015
55282  -60.910  -25.925  43.235 0.1000000015
55298  -60.675  -25.703  42.358 0.1000000015
55295  -57.776  -26.538  41.946 0.1000000015
55296  -58.649  -26.134  41.817 0.1000000015
160614  -51.554  -24.430  42.955 0.1000000015
176980  -53.268  -26.785  41.961 0.1000000015
54397  -54.720  -27.016  42.012 0.1000000015
54398  -56.147  -26.991  42.236 0.1000000015
46909  -61.301  -33.498  49.688 0.1000000015
53393  -64.027  -27.427  42.862 0.1000000015
54392  -63.712  -26.986  43.315 0.1000000015
52430  -64.042  -28.247  43.177 0.1000000015
162883  -59.177  -25.454  39.536 0.1000000015
172318  -59.608  -24.978  39.010 0.1000000015
171064  -57.623  -24.817  38.698 0.1000000015
149393  -58.090  -24.580  38.366 0.1000000015
56312  -60.986  -25.044  40.827 0.1000000015
56311  -60.092  -25.294  40.648 0.1000000015
152254  -60.540  -24.768  40.143 0.1000000015
56310  -59.316  -25.668  40.275 0.1000000015
56313  -62.012  -24.673  41.047 0.1000000015
55316  -61.355  -25.347  41.670 0.1000000015
55301  -63.448  -25.629  41.496 0.1000000015
178122  -62.556  -25.649  42.355 0.1000000015
55302  -63.708  -26.145  42.011 0.1000000015
55286  -63.556  -26.519  42.661 0.1000000015
56318  -55.321  -24.980  39.498 0.1000000015
57340  -54.232  -24.115  39.176 0.1000000015
56333  -55.550  -24.465  38.921 0.1000000015
55323  -57.365  -25.979  40.123 0.1000000015
55313  -58.532  -26.057  40.691 0.1000000015
55315  -60.375  -25.487  41.476 0.1000000015
55314  -59.458  -25.734  41.192 0.1000000015
57336  -51.735  -23.503  41.041 0.1000000015
55308  -52.146  -25.029  40.897 0.1000000015
55320  -54.041  -24.729  39.745 0.1000000015
55310  -55.266  -26.087  40.590 0.1000000015
55311  -56.545  -26.269  40.839 0.1000000015
56304  -51.545  -24.129  42.009 0.1000000015
55293  -55.626  -26.618  41.391 0.1000000015
45845  -59.603  -33.978  50.320 0.1000000015
51550  -63.956  -29.459  42.513 0.1000000015
48949  -62.994  -31.768  44.822 0.1000000015
167682  -54.145  -22.768  37.857 0.1000000015
172409  -57.067  -24.070  38.140 0.1000000015
167997  -55.592  -23.111  37.557 0.1000000015
173594  -58.927  -24.601  38.350 0.1000000015
167787  -56.979  -23.302  37.433 0.1000000015
176696  -61.406  -24.276  40.192 0.1000000015
169601  -60.387  -24.239  38.969 0.1000000015
148738  -61.207  -23.807  39.361 0.1000000015
56323  -63.492  -24.592  40.431 0.1000000015
169837  -62.336  -24.091  40.384 0.1000000015
55317  -63.934  -25.750  41.258 0.1000000015
54406  -64.012  -26.406  41.679 0.1000000015
53397  -64.060  -27.307  41.856 0.1000000015
162061  -64.049  -28.142  42.339 0.1000000015
160956  -63.892  -28.989  41.131 0.1000000015
172176  -52.973  -23.012  39.046 0.1000000015
168939  -60.965  -23.526  38.591 0.1000000015
148722  -62.147  -23.610  39.704 0.1000000015
57350  -63.566  -23.872  39.156 0.1000000015
146193  -61.546  -22.984  38.210 0.1000000015
171405  -62.902  -23.307  38.978 0.1000000015
55335  -64.072  -24.988  39.664 0.1000000015
53401  -64.068  -27.515  40.284 0.1000000015
53400  -64.078  -27.637  41.043 0.1000000015
166246  -64.055  -26.069  40.657 0.1000000015
169823  -52.737  -21.967  41.437 0.1000000015
58314  -52.057  -22.550  40.753 0.1000000015
57322  -52.012  -22.958  42.146 0.1000000015
172101  -52.288  -22.550  39.921 0.1000000015
57353  -64.131  -23.920  37.885 0.1000000015
57356  -64.176  -23.318  37.522 0.1000000015
56338  -63.880  -23.868  38.528 0.1000000015
152094  -63.447  -22.696  37.740 0.1000000015
159054  -62.031  -22.592  37.894 0.1000000015
55336  -63.966  -25.585  38.846 0.1000000015
165776  -64.274  -25.043  38.211 0.1000000015
54419  -63.863  -26.487  39.133 0.1000000015
53410  -64.013  -27.331  39.402 0.1000000015
50734  -63.583  -30.617  41.831 0.1000000015
56344  -65.040  -24.506  36.921 0.1000000015
57357  -64.603  -23.835  37.297 0.1000000015
150615  -63.752  -22.241  36.733 0.1000000015
54422  -64.041  -26.302  38.278 0.1000000015
172197  -53.769  -21.194  35.909 0.1000000015
167707  -55.445  -22.441  36.775 0.1000000015
171251  -58.108  -22.899  36.732 0.1000000015
174370  -59.149  -22.849  36.803 0.1000000015
172237  -58.815  -23.436  37.302 0.1000000015
174394  -56.917  -22.772  36.725 0.1000000015
173346  -52.486  -20.782  38.986 0.1000000015
174328  -52.879  -21.545  37.928 0.1000000015
148195  -59.343  -22.279  36.222 0.1000000015
171126  -60.036  -22.562  36.887 0.1000000015
148203  -56.966  -22.309  35.929 0.1000000015
171395  -57.086  -21.978  35.025 0.1000000015
146204  -60.592  -22.760  37.366 0.1000000015
166897  -61.350  -22.540  37.555 0.1000000015
48069  -62.995  -32.267  44.017 0.1000000015
58305  -53.901  -21.752  42.446 0.1000000015
150444  -53.785  -21.178  41.487 0.1000000015
170913  -60.783  -22.192  36.993 0.1000000015
148917  -61.579  -21.153  36.281 0.1000000015
149758  -60.223  -21.959  36.355 0.1000000015
48075  -63.245  -32.678  43.298 0.1000000015
171380  -63.417  -21.745  36.337 0.1000000015
46945  -61.803  -34.164  47.508 0.1000000015
44894  -60.625  -35.482  48.736 0.1000000015
171109  -54.280  -18.516  37.463 0.1000000015
148161  -54.228  -20.926  34.904 0.1000000015
173607  -56.701  -18.232  39.965 0.1000000015
146200  -55.208  -18.187  39.053 0.1000000015
182256  -56.705  -18.710  40.597 0.1000000015
173586  -53.707  -18.862  38.530 0.1000000015
174373  -55.511  -21.645  34.725 0.1000000015
150029  -53.515  -19.546  39.555 0.1000000015
173314  -58.693  -21.791  34.685 0.1000000015
169600  -59.537  -21.855  35.536 0.1000000015
146201  -55.028  -20.440  41.615 0.1000000015
170910  -61.305  -20.737  35.389 0.1000000015
176655  -62.444  -33.629  45.523 0.1000000015
45904  -61.796  -34.968  46.158 0.1000000015
44913  -61.330  -35.307  46.577 0.1000000015
148173  -58.211  -18.453  39.612 0.1000000015
172853  -58.275  -18.106  38.395 0.1000000015
169284  -59.299  -19.224  40.120 0.1000000015
168525  -58.104  -19.116  40.753 0.1000000015
170743  -60.669  -20.634  39.868 0.1000000015
167646  -55.913  -19.610  33.195 0.1000000015
172225  -55.701  -20.860  33.071 0.1000000015
167996  -54.780  -20.847  33.958 0.1000000015
173345  -55.416  -18.569  35.387 0.1000000015
148547  -56.800  -17.782  35.840 0.1000000015
167706  -56.302  -20.660  31.851 0.1000000015
167716  -58.248  -21.384  33.729 0.1000000015
170911  -59.274  -20.953  33.749 0.1000000015
168581  -57.761  -20.892  32.320 0.1000000015
174369  -55.795  -21.483  33.915 0.1000000015
161151  -64.218  -17.950  40.752 0.1000000015
62414  -64.144  -18.133  40.093 0.1000000015
64500  -63.966  -16.502  40.517 0.1000000015
168683  -62.413  -20.681  39.187 0.1000000015
149652  -60.417  -20.170  39.150 0.1000000015
149275  -61.634  -20.814  39.165 0.1000000015
172559  -59.622  -19.121  39.134 0.1000000015
150813  -61.173  -20.237  38.624 0.1000000015
168014  -59.433  -18.731  37.954 0.1000000015
171335  -63.087  -19.548  38.752 0.1000000015
168327  -56.995  -19.042  32.629 0.1000000015
61387  -58.150  -20.239  31.631 0.1000000015
150420  -59.065  -20.608  32.639 0.1000000015
146196  -61.859  -20.084  37.969 0.1000000015
62422  -63.888  -18.339  39.336 0.1000000015
173298  -60.291  -19.227  37.350 0.1000000015
169283  -61.165  -19.318  36.872 0.1000000015
170153  -61.844  -19.625  37.282 0.1000000015
63450  -63.647  -17.519  39.320 0.1000000015
179149  -63.044  -18.065  38.245 0.1000000015
150522  -62.711  -19.291  38.048 0.1000000015
170212  -59.378  -18.307  36.827 0.1000000015
149337  -59.875  -18.033  35.879 0.1000000015
62503  -58.152  -18.771  31.961 0.1000000015
61388  -59.193  -20.227  31.961 0.1000000015
62514  -58.641  -18.882  31.580 0.1000000015
62515  -59.523  -18.406  31.535 0.1000000015
62522  -59.575  -18.655  30.892 0.1000000015
63520  -59.531  -18.056  32.346 0.1000000015
180272  -60.708  -16.682  32.694 0.1000000015
63534  -60.100  -18.047  30.278 0.1000000015
153823  -60.264  -16.583  31.456 0.1000000015
153898  -60.143  -17.314  29.826 0.1000000015
65669  -60.037  -16.238  31.034 0.1000000015
64598  -60.102  -17.539  29.034 0.1000000015
63554  -58.760  -17.602  28.696 0.1000000015
64596  -58.674  -16.651  29.364 0.1000000015
64597  -59.585  -16.920  29.544 0.1000000015
64625  -57.851  -17.360  28.731 0.1000000015
170314  -57.808  -18.483  28.015 0.1000000015
149306  -61.943  -19.180  36.566 0.1000000015
170231  -62.402  -18.575  36.766 0.1000000015
148899  -61.214  -18.845  36.040 0.1000000015
64513  -62.922  -16.798  39.051 0.1000000015
62473  -61.436  -18.219  35.440 0.1000000015
62474  -62.003  -18.525  36.024 0.1000000015
63485  -62.448  -17.336  36.478 0.1000000015
63476  -62.722  -17.631  37.869 0.1000000015
63502  -60.991  -17.900  34.750 0.1000000015
64554  -62.321  -16.783  35.827 0.1000000015
63513  -61.008  -17.396  34.078 0.1000000015
64561  -62.042  -17.060  35.087 0.1000000015
63512  -60.987  -16.876  33.286 0.1000000015
169577  -61.569  -15.583  34.380 0.1000000015
64560  -61.552  -16.773  34.307 0.1000000015
168178  -61.225  -15.289  33.430 0.1000000015
64574  -61.035  -16.032  32.803 0.1000000015
65649  -60.922  -15.131  32.748 0.1000000015
65648  -60.412  -15.672  32.354 0.1000000015
170048  -61.218  -14.675  34.004 0.1000000015
171138  -60.766  -14.247  33.854 0.1000000015
168812  -59.816  -13.864  35.310 0.1000000015
65656  -58.774  -15.601  31.308 0.1000000015
150233  -59.145  -15.106  31.903 0.1000000015
65668  -59.365  -16.030  30.714 0.1000000015
152361  -59.824  -15.361  32.090 0.1000000015
65658  -60.166  -15.955  31.765 0.1000000015
151493  -59.362  -14.361  33.018 0.1000000015
170019  -60.063  -14.240  33.491 0.1000000015
65687  -57.251  -16.301  29.134 0.1000000015
64595  -56.600  -16.537  29.136 0.1000000015
65678  -58.991  -16.399  29.979 0.1000000015
65688  -57.950  -16.388  29.099 0.1000000015
147170  -59.120  -13.979  33.782 0.1000000015
66695  -58.362  -15.004  31.851 0.1000000015
147171  -57.991  -14.569  32.457 0.1000000015
150454  -58.242  -13.821  34.081 0.1000000015
64533  -62.242  -16.539  37.617 0.1000000015
65607  -62.167  -16.047  37.066 0.1000000015
168179  -61.633  -15.153  36.343 0.1000000015
173543  -59.889  -14.729  37.030 0.1000000015
43717  -35.194  -38.029  63.235 0.1000000015
44928  -61.060  -35.585  46.286 0.1000000015
44949  -61.245  -35.346  45.479 0.1000000015
45887  -60.977  -35.408  48.435 0.1000000015
46908  -60.944  -33.860  50.150 0.1000000015
46963  -62.049  -34.233  46.059 0.1000000015
46983  -62.013  -34.847  45.574 0.1000000015
47522  -22.018  -33.599  86.721 0.1000000015
47956  -61.172  -32.770  50.609 0.1000000015
47963  -61.094  -33.314  50.419 0.1000000015
48074  -63.137  -33.593  43.161 0.1000000015
48699  -28.958  -33.144  73.755 0.2000000030
48720  -26.727  -32.207  70.295 0.2000000030
48733  -28.305  -32.609  69.770 0.2000000030
48887  -61.363  -32.162  50.461 0.1000000015
49498  -41.983  -30.897  76.628 1.0000000000
49499  -42.415  -30.788  76.647 1.0000000000
49500  -43.061  -30.739  76.466 1.0000000000
49515  -42.633  -31.212  76.293 1.0000000000
49516  -44.750  -30.666  75.200 1.0000000000
49569  -39.678  -31.037  73.302 1.0000000000
49609  -35.349  -32.859  71.079 0.1000000015
49752  -59.412  -30.621  51.644 0.1000000015
49820  -63.278  -31.356  43.080 0.1000000015
50383  -42.468  -30.325  76.935 1.0000000000
50384  -43.123  -29.767  76.675 1.0000000000
50397  -43.793  -29.714  76.228 1.0000000000
50407  -45.173  -30.284  75.044 1.0000000000
50439  -24.994  -30.538  70.893 0.1000000015
50475  -26.653  -31.268  69.601 0.1000000015
50705  -62.833  -30.598  48.226 0.1000000015
50707  -63.025  -30.732  47.671 0.1000000015
51255  -37.450  -29.534  78.534 1.0000000000
51258  -41.558  -29.059  77.939 1.0000000000
51271  -43.574  -29.129  76.462 1.0000000000
51272  -44.185  -29.105  76.123 1.0000000000
51273  -44.779  -29.054  75.516 1.0000000000
51282  -45.216  -28.994  75.237 1.0000000000
51283  -45.393  -28.487  74.784 1.0000000000
51290  -45.186  -27.832  74.258 1.0000000000
51302  -24.340  -28.908  71.706 0.3000000119
51314  -24.560  -28.964  70.496 0.2000000030
51328  -24.868  -28.614  70.068 0.4000000060
51492  -58.805  -28.175  53.871 0.1000000015
51524  -61.264  -29.376  50.520 0.1000000015
51534  -62.676  -29.881  48.512 0.1000000015
51556  -63.688  -29.712  41.649 0.1000000015
52134  -42.945  -28.338  77.260 1.0000000000
52146  -43.480  -28.390  76.742 1.0000000000
52172  -45.573  -27.712  74.228 1.0000000000
52173  -46.143  -27.795  74.034 1.0000000000
52174  -46.802  -28.004  73.447 1.0000000000
52185  -46.534  -28.182  73.627 1.0000000000
52195  -24.713  -28.231  70.485 0.4000000060
52340  -46.161  -28.744  56.271 0.1000000015
52341  -47.103  -29.011  56.386 0.1000000015
52342  -48.129  -29.196  56.504 0.1000000015
52349  -58.393  -27.369  55.100 0.1000000015
52414  -55.334  -29.263  47.489 0.1000000015
52433  -64.029  -28.791  42.666 0.1000000015
52923  -17.867  -27.813  89.293 0.1000000015
52995  -36.526  -26.796  80.755 0.8999999762
53004  -34.014  -27.344  80.218 0.8999999762
53027  -42.310  -27.473  77.907 1.0000000000
53054  -45.384  -27.579  75.153 1.0000000000
53055  -45.609  -27.320  74.416 1.0000000000
53056  -46.041  -26.904  74.210 1.0000000000
53068  -46.131  -26.956  74.068 1.0000000000
53090  -25.280  -26.752  71.253 0.4000000060
53238  -48.906  -28.795  55.906 0.1000000015
53245  -58.213  -26.935  55.597 0.1000000015
53253  -29.895  -26.160  56.158 0.1000000015
53267  -44.248  -28.071  54.257 0.1000000015
53268  -45.244  -28.179  54.348 0.1000000015
53300  -46.509  -27.651  51.734 0.1000000015
53305  -60.680  -28.251  50.641 0.1000000015
53326  -42.967  -28.278  49.018 0.1000000015
53340  -42.829  -27.834  48.613 0.1000000015
53345  -58.598  -27.855  48.101 0.1000000015
53374  -62.938  -27.862  46.059 0.1000000015
53900  -14.635  -26.886  90.609 0.1000000015
53953  -18.131  -26.151  85.055 0.1000000015
54014  -31.176  -26.193  79.062 0.8999999762
54051  -45.546  -27.002  75.026 1.0000000000
54057  -45.930  -26.896  74.242 1.0000000000
54065  -46.936  -26.679  73.202 1.0000000000
54066  -46.665  -26.291  73.115 1.0000000000
54079  -24.860  -26.581  71.463 0.4000000060
54092  -43.381  -26.122  69.747 1.0000000000
54241  -58.034  -26.448  56.110 0.1000000015
54303  -59.773  -26.303  51.606 0.1000000015
54319  -43.872  -26.730  48.671 0.1000000015
54326  -60.794  -27.584  49.375 0.1000000015
54346  -39.656  -26.492  47.638 0.2000000030
54369  -62.787  -27.180  45.262 0.1000000015
54375  -58.365  -27.223  44.459 0.1000000015
54380  -62.785  -26.935  44.676 0.1000000015
54390  -61.177  -26.159  44.002 0.1000000015
54950  -35.146  -25.763  81.242 0.8999999762
54959  -32.671  -25.688  80.364 0.8999999762
54969  -30.575  -25.698  78.852 0.8999999762
55006  -46.056  -25.924  74.249 1.0000000000
55007  -46.207  -26.362  74.015 1.0000000000
55012  -25.671  -25.281  73.034 0.5000000000
55013  -46.706  -26.336  73.413 1.0000000000
55014  -46.959  -25.952  73.440 1.0000000000
55020  -46.857  -26.054  72.965 1.0000000000
55029  -43.294  -25.548  69.375 1.0000000000
55032  -46.118  -24.607  68.466 1.0000000000
55054  -31.729  -25.743  64.529 0.3000000119
55065  -32.885  -25.568  64.874 0.3000000119
55070  -47.225  -25.048  65.078 0.8999999762
55107  -47.145  -24.751  61.335 0.8000000119
55153  -56.582  -24.643  56.910 0.1000000015
55189  -29.090  -25.510  53.062 0.1000000015
55193  -48.098  -25.645  52.704 0.1000000015
55213  -59.527  -26.004  52.847 0.1000000015
55220  -46.731  -25.633  51.105 0.1000000015
55223  -56.946  -26.569  52.160 0.1000000015
55275  -61.969  -26.251  43.996 0.1000000015
55321  -55.170  -25.510  39.960 0.1000000015
55324  -64.011  -25.321  40.464 0.1000000015
55325  -63.969  -25.829  39.819 0.1000000015
55964  -24.609  -24.336  79.017 0.5000000000
55975  -29.372  -24.549  78.083 0.8000000119
56012  -45.954  -25.639  74.133 1.0000000000
56037  -49.296  -24.037  67.325 0.8999999762
56071  -43.337  -24.243  62.758 0.8999999762
56116  -47.837  -23.837  60.075 0.8000000119
56131  -46.135  -24.094  58.735 0.6999999881
56132  -46.823  -23.881  59.006 0.6999999881
56146  -44.364  -23.756  57.946 0.6999999881
56148  -45.697  -23.775  58.337 0.6999999881
56150  -57.183  -24.969  57.088 0.1000000015
56152  -57.848  -24.760  56.410 0.1000000015
56167  -58.074  -24.833  55.872 0.1000000015
56178  -41.614  -23.391  56.635 0.6000000238
56181  -58.084  -24.766  55.415 0.1000000015
56194  -59.051  -25.465  54.111 0.1000000015
56205  -58.655  -25.324  53.998 0.1000000015
56206  -59.117  -25.635  53.414 0.1000000015
56210  -47.755  -24.854  52.416 0.1000000015
56222  -47.199  -24.825  51.705 0.1000000015
56241  -59.350  -23.927  48.909 0.4000000060
56242  -60.270  -23.800  48.841 0.4000000060
56245  -42.017  -25.622  47.645 0.2000000030
56249  -57.761  -24.028  48.191 0.3000000119
56266  -57.761  -23.937  47.319 0.3000000119
56269  -60.589  -24.025  47.566 0.6000000238
56270  -61.215  -23.839  47.002 0.6000000238
56278  -59.618  -24.132  46.741 0.4000000060
56280  -61.003  -23.751  46.238 0.5000000000
56287  -59.814  -23.618  45.498 0.4000000060
56293  -56.557  -23.024  45.519 0.3000000119
56314  -63.261  -24.970  41.112 0.1000000015
56315  -63.724  -25.136  40.811 0.1000000015
56324  -63.932  -24.693  40.147 0.1000000015
56336  -64.056  -24.847  38.897 0.1000000015
56339  -64.092  -24.413  38.412 0.1000000015
56342  -64.462  -24.500  37.694 0.1000000015
56883  -22.789  -22.620  89.647 0.3000000119
57000  -29.358  -22.947  76.724 0.8000000119
57009  -25.743  -23.721  76.373 0.6999999881
57052  -43.887  -23.192  68.554 1.0000000000
57053  -44.838  -23.090  68.259 1.0000000000
57057  -48.592  -23.146  68.422 0.8999999762
57093  -49.281  -23.275  61.554 0.8000000119
57132  -52.439  -24.620  58.046 0.1000000015
57135  -56.893  -24.167  56.828 0.1000000015
57136  -57.557  -24.162  56.587 0.1000000015
57147  -57.771  -24.242  56.290 0.1000000015
57158  -57.915  -24.089  56.107 0.1000000015
57159  -57.782  -24.461  55.549 0.1000000015
57165  -41.827  -22.703  55.832 0.6999999881
57187  -57.819  -24.753  54.819 0.1000000015
57205  -57.240  -24.644  54.515 0.1000000015
57207  -58.205  -25.095  54.414 0.1000000015
57216  -40.482  -22.474  53.035 0.5000000000
57220  -53.430  -23.136  53.424 0.1000000015
57225  -39.372  -22.207  51.633 0.4000000060
57228  -46.721  -23.884  51.223 0.1000000015
57235  -44.973  -24.032  49.488 0.1000000015
57245  -61.257  -23.053  50.122 0.6999999881
57264  -36.854  -23.506  47.945 0.3000000119
57265  -42.993  -23.419  48.070 0.2000000030
57267  -50.598  -23.297  47.655 0.2000000030
57271  -61.095  -23.657  48.752 0.5000000000
57272  -61.828  -23.302  48.537 0.6000000238
57284  -62.486  -23.104  47.341 0.5000000000
57290  -62.744  -22.778  46.776 0.5000000000
57307  -62.691  -22.909  45.033 0.5000000000
57310  -53.574  -22.719  43.677 0.2000000030
57317  -61.476  -23.338  43.623 0.3000000119
57319  -62.659  -23.004  44.123 0.5000000000
57328  -59.453  -22.188  43.139 0.4000000060
57330  -61.261  -23.168  42.861 0.4000000060
57338  -52.132  -23.244  40.299 0.1000000015
57352  -63.968  -23.437  38.029 0.1000000015
57360  -64.993  -23.722  36.551 0.1000000015
57842  -19.979  -21.655  90.705 0.3000000119
57852  -23.368  -22.359  89.807 0.3000000119
57853  -24.082  -22.112  89.723 0.3000000119
57915  -36.135  -22.074  81.183 0.8000000119
58035  -37.913  -23.011  72.077 0.1000000015
58036  -38.445  -22.998  72.230 0.1000000015
58077  -50.852  -21.605  67.540 0.8999999762
58080  -50.934  -22.509  67.022 0.8999999762
58124  -53.860  -23.784  59.355 0.1000000015
58126  -54.513  -24.056  59.124 0.1000000015
58137  -55.062  -23.551  58.096 0.1000000015
58161  -53.140  -23.112  57.397 0.1000000015
58162  -56.918  -23.586  56.288 0.1000000015
58163  -57.501  -23.907  56.235 0.1000000015
58170  -52.710  -23.051  56.341 0.1000000015
58172  -57.447  -23.989  55.538 0.1000000015
58180  -57.104  -23.955  55.469 0.1000000015
58191  -57.139  -24.035  55.104 0.1000000015
58203  -56.587  -24.172  54.796 0.1000000015
58234  -61.595  -21.647  50.799 0.6000000238
58251  -36.487  -22.245  49.308 0.3000000119
58266  -38.368  -21.952  48.168 0.3000000119
58272  -62.571  -22.087  48.364 0.5000000000
58273  -62.974  -21.678  47.857 0.5000000000
58288  -50.752  -22.629  46.505 0.3000000119
58300  -63.350  -22.349  43.640 0.5000000000
58301  -63.711  -21.803  43.991 0.5000000000
58308  -62.597  -22.562  42.254 0.4000000060
58330  -64.052  -22.732  37.145 0.1000000015
58808  -20.814  -21.421  90.713 0.3000000119
58975  -38.965  -22.512  72.589 0.1000000015
58986  -36.711  -22.447  72.108 0.1000000015
59018  -36.192  -21.634  69.538 0.1000000015
59019  -44.136  -22.134  68.714 1.0000000000
59041  -51.721  -20.384  66.934 0.6999999881
59069  -52.054  -21.020  62.834 0.8000000119
59089  -49.206  -21.407  60.558 0.6999999881
59101  -53.834  -22.755  57.876 0.1000000015
59103  -54.508  -22.826  58.040 0.1000000015
59112  -46.308  -21.642  58.296 0.6999999881
59118  -55.457  -22.568  56.912 0.1000000015
59131  -56.269  -23.204  56.184 0.1000000015
59132  -57.011  -23.686  56.115 0.1000000015
59142  -52.914  -22.519  55.872 0.1000000015
59145  -56.846  -23.747  55.752 0.1000000015
59155  -53.114  -21.850  55.405 0.1000000015
59156  -56.346  -23.632  55.498 0.1000000015
59164  -42.669  -20.884  55.320 0.6999999881
59168  -55.515  -22.679  54.651 0.1000000015
59170  -56.566  -23.966  55.138 0.1000000015
59181  -50.725  -21.782  53.542 0.1000000015
59184  -56.104  -23.337  54.979 0.1000000015
59209  -40.393  -21.649  51.852 0.5000000000
59218  -60.594  -21.485  51.423 0.6000000238
59219  -61.229  -21.203  51.264 0.6000000238
59226  -47.528  -21.958  50.315 0.2000000030
59233  -61.781  -21.182  50.458 0.6000000238
59255  -62.402  -21.685  49.108 0.5000000000
59262  -41.528  -21.129  47.137 0.2000000030
59272  -63.035  -21.554  47.098 0.5000000000
59286  -63.000  -21.933  45.630 0.5000000000
59287  -62.858  -21.213  45.262 0.5000000000
59292  -64.068  -21.143  43.573 0.5000000000
59307  -63.911  -22.929  37.741 0.1000000015
59782  -15.928  -20.380  91.325 0.1000000015
59785  -19.469  -20.230  91.201 0.2000000030
59799  -14.788  -20.499  89.823 0.1000000015
60016  -52.826  -19.185  66.599 0.6000000238
60045  -53.937  -19.089  65.855 0.8999999762
60054  -53.452  -18.874  65.249 0.8999999762
60069  -51.145  -20.070  61.706 0.6999999881
60088  -48.075  -20.341  59.541 0.6999999881
60100  -54.534  -22.007  56.870 0.1000000015
60101  -55.106  -22.062  56.585 0.1000000015
60109  -46.960  -19.899  57.660 0.6999999881
60110  -53.811  -22.001  56.315 0.1000000015
60111  -53.848  -22.167  56.848 0.1000000015
60112  -54.262  -21.822  56.496 0.1000000015
60114  -55.196  -21.953  56.284 0.1000000015
60126  -54.396  -21.577  55.749 0.1000000015
60128  -55.056  -21.901  55.607 0.1000000015
60138  -53.326  -21.418  55.092 0.1000000015
60140  -54.414  -21.345  55.176 0.1000000015
60142  -55.255  -22.248  55.394 0.1000000015
60143  -55.794  -22.990  55.603 0.1000000015
60151  -44.648  -19.899  55.400 0.6999999881
60156  -55.049  -21.960  54.883 0.1000000015
60169  -54.633  -21.344  54.190 0.1000000015
60179  -50.567  -20.453  51.789 0.1000000015
60182  -54.080  -21.891  53.825 0.1000000015
60183  -54.734  -21.699  53.926 0.1000000015
60186  -60.792  -20.095  52.044 0.6000000238
60196  -48.334  -21.101  50.619 0.1000000015
60197  -48.913  -20.574  50.843 0.1000000015
60211  -50.803  -20.619  50.054 0.2000000030
60219  -39.350  -20.199  49.492 0.4000000060
60230  -62.902  -20.080  48.159 0.5000000000
60247  -45.527  -20.939  45.770 0.3000000119
60253  -62.999  -20.775  46.750 0.5000000000
60273  -64.113  -19.980  40.648 0.1000000015
60283  -63.489  -19.865  39.388 0.1000000015
60817  -18.207  -20.069  91.462 0.1000000015
60835  -16.748  -19.744  90.461 0.1000000015
60844  -16.061  -19.878  90.007 0.1000000015
61002  -45.257  -19.755  72.807 0.6999999881
61005  -47.793  -18.511  71.422 0.6000000238
61012  -38.045  -20.183  72.299 0.1000000015
61014  -47.358  -18.430  72.004 0.3000000119
61065  -55.022  -19.392  65.559 0.6999999881
61074  -54.918  -19.294  65.419 0.8999999762
61079  -54.042  -18.608  65.544 0.8999999762
61086  -53.226  -19.341  63.708 0.8999999762
61087  -53.334  -19.074  64.506 0.8999999762
61096  -53.093  -19.167  62.914 0.8000000119
61172  -53.454  -21.006  54.866 0.1000000015
61173  -54.021  -20.918  55.099 0.1000000015
61175  -54.272  -20.970  55.152 0.1000000015
61186  -53.741  -20.993  54.779 0.1000000015
61197  -52.082  -20.635  52.995 0.1000000015
61200  -54.124  -20.943  54.787 0.1000000015
61201  -54.459  -20.999  54.834 0.1000000015
61208  -43.977  -18.932  53.184 0.6999999881
61213  -53.932  -21.630  53.774 0.1000000015
61216  -60.362  -19.313  52.350 0.6999999881
61242  -49.513  -19.353  50.272 0.2000000030
61243  -49.948  -19.489  50.705 0.1000000015
61244  -51.219  -20.155  50.774 0.1000000015
61248  -61.731  -19.806  50.455 0.6000000238
61257  -50.692  -20.121  50.061 0.2000000030
61269  -62.006  -19.046  48.894 0.6000000238
61292  -62.673  -18.950  45.658 0.5000000000
61297  -45.237  -19.519  44.984 0.3000000119
61305  -62.557  -19.477  44.925 0.4000000060
61307  -63.079  -19.709  44.203 0.5000000000
61408  -58.108  -19.469  31.460 0.1000000015
61925  -18.462  -19.322  90.202 0.1000000015
61934  -19.112  -19.154  89.948 0.1000000015
62087  -39.332  -18.554  74.715 0.1000000015
62135  -51.778  -17.798  68.254 0.4000000060
62147  -53.468  -18.325  67.349 0.3000000119
62154  -54.226  -18.117  67.072 0.5000000000
62155  -54.602  -18.466  66.422 0.6999999881
62175  -55.029  -19.059  65.447 0.6999999881
62187  -54.856  -18.304  65.346 0.6999999881
62188  -54.889  -18.852  65.363 0.6999999881
62198  -53.804  -18.111  64.389 0.8999999762
62199  -54.055  -18.177  65.197 0.8000000119
62206  -52.644  -18.843  62.463 0.8000000119
62217  -52.280  -18.171  62.115 0.6999999881
62252  -50.045  -17.761  57.572 0.6999999881
62278  -49.133  -17.905  55.947 0.6999999881
62300  -47.803  -17.070  54.503 0.6999999881
62307  -42.437  -18.624  51.740 0.6999999881
62309  -43.958  -18.488  52.583 0.6999999881
62314  -51.305  -19.984  51.557 0.1000000015
62316  -59.955  -18.506  52.617 0.6000000238
62328  -51.121  -19.713  51.181 0.1000000015
62332  -61.222  -18.278  51.734 0.6000000238
62333  -61.416  -18.756  51.284 0.6000000238
62342  -42.418  -17.994  50.580 0.6000000238
62346  -50.540  -19.594  50.866 0.1000000015
62362  -49.125  -19.463  49.228 0.2000000030
62363  -49.637  -19.505  48.990 0.2000000030
62365  -50.205  -19.686  49.136 0.1000000015
62375  -62.435  -18.500  47.471 0.4000000060
62376  -62.864  -18.521  46.829 0.5000000000
62394  -62.753  -18.323  44.637 0.4000000060
62398  -46.977  -18.098  44.202 0.3000000119
62427  -63.090  -18.754  38.470 0.1000000015
63110  -26.725  -17.568  78.466 0.1000000015
63124  -27.984  -17.320  75.949 0.1000000015
63143  -41.059  -17.389  76.043 0.1000000015
63163  -34.136  -17.829  74.396 0.2000000030
63222  -54.255  -17.343  66.996 0.5000000000
63236  -55.005  -17.701  65.586 0.5000000000
63243  -54.192  -17.184  64.825 0.6000000238
63244  -54.749  -17.785  65.315 0.8000000119
63250  -53.567  -17.564  62.970 0.6999999881
63293  -50.971  -16.869  58.254 0.8999999762
63343  -48.002  -16.569  53.865 0.6999999881
63373  -61.554  -17.209  50.986 0.6000000238
63396  -61.392  -17.386  48.981 0.5000000000
63399  -41.408  -17.691  48.317 0.5000000000
63401  -42.676  -16.991  48.105 0.4000000060
63405  -61.800  -17.434  48.161 0.5000000000
63419  -44.079  -17.348  46.204 0.3000000119
63438  -63.305  -17.386  43.648 0.3000000119
63444  -64.117  -17.384  40.263 0.1000000015
63556  -60.126  -18.287  28.709 0.1000000015
63570  -58.226  -18.048  28.373 0.1000000015
64130  -35.540  -16.506  78.563 0.2000000030
64145  -34.865  -16.828  76.688 0.2000000030
64157  -34.254  -16.743  76.126 0.2000000030
64172  -32.376  -16.484  74.183 0.1000000015
64190  -29.255  -16.809  72.776 0.1000000015
64230  -54.574  -17.141  66.309 0.4000000060
64242  -54.570  -16.358  65.455 0.4000000060
64256  -54.644  -17.125  65.376 0.5000000000
64341  -54.244  -16.196  57.740 1.0000000000
64355  -52.714  -16.702  56.379 0.8999999762
64369  -53.295  -16.391  55.850 1.0000000000
64371  -54.573  -15.981  56.051 1.0000000000
64407  -49.259  -16.121  52.690 0.6999999881
64427  -61.583  -16.490  51.444 0.6000000238
64447  -61.420  -16.443  49.229 0.5000000000
64467  -47.192  -15.835  45.574 0.3000000119
64469  -63.782  -16.560  46.125 0.5000000000
64484  -63.680  -16.273  43.928 0.3000000119
64585  -59.842  -16.582  30.256 0.1000000015
64608  -56.870  -16.807  28.919 0.1000000015
64609  -57.517  -16.768  28.915 0.1000000015
64610  -58.320  -16.928  28.968 0.1000000015
64611  -59.316  -17.201  29.015 0.1000000015
65209  -41.790  -16.189  75.141 0.1000000015
65219  -30.947  -15.840  74.743 0.1000000015
65287  -53.441  -16.180  67.358 0.3000000119
65299  -54.262  -15.543  66.469 0.3000000119
65331  -54.124  -16.015  64.291 0.6999999881
65376  -56.436  -15.032  59.247 0.6999999881
65377  -57.065  -14.594  59.185 0.8000000119
65388  -57.676  -14.871  58.077 0.6000000238
65402  -58.048  -15.080  57.336 0.6000000238
65403  -58.783  -14.455  57.145 0.6000000238
65438  -55.643  -15.401  54.397 0.8999999762
65439  -56.608  -15.168  54.147 0.8000000119
65484  -61.552  -15.820  51.832 0.6000000238
65493  -51.435  -14.577  50.178 0.8000000119
65537  -48.522  -15.138  44.928 0.4000000060
65539  -50.425  -14.594  44.871 0.4000000060
65544  -49.051  -15.237  44.007 0.4000000060
65551  -48.815  -15.674  43.689 0.4000000060
65675  -56.593  -16.191  29.475 0.1000000015
66229  -32.504  -14.843  78.496 0.1000000015
66230  -33.094  -14.945  78.338 0.1000000015
66324  -51.232  -14.664  68.846 0.1000000015
66440  -57.944  -14.021  59.087 0.6000000238
66451  -59.091  -13.840  57.562 0.6000000238
66452  -59.758  -14.111  57.143 0.6000000238
66471  -59.965  -14.297  56.923 0.6000000238
66485  -60.164  -13.254  55.037 0.6000000238
66495  -58.486  -14.261  53.712 0.6999999881
66545  -61.923  -14.391  50.325 0.6000000238
66575  -64.014  -14.536  46.369 0.4000000060
66578  -64.191  -14.613  45.587 0.3000000119
67308  -53.572  -13.536  66.549 0.2000000030
67338  -54.912  -13.018  61.272 0.6999999881
67341  -57.478  -12.777  60.691 0.4000000060
67354  -57.992  -13.264  60.084 0.5000000000
67426  -60.870  -12.801  52.505 0.6999999881
67445  -61.931  -13.639  48.771 0.4000000060
67449  -62.638  -13.646  46.985 0.4000000060
67462  -64.115  -13.308  43.460 0.1000000015
67465  -64.016  -13.592  42.819 0.2000000030
68398  -56.530  -11.782  61.646 0.4000000060
68403  -50.943  -11.602  60.285 0.6999999881
68470  -61.089  -12.471  54.077 0.6999999881
68471  -61.037  -12.330  53.135 0.6999999881
68498  -61.757  -12.618  51.687 0.6999999881
68520  -62.426  -12.411  50.319 0.5000000000
68551  -63.086  -12.979  46.544 0.4000000060
68562  -63.405  -12.301  46.101 0.4000000060
69385  -53.747  -12.119  65.179 0.2000000030
69462  -58.796  -11.194  57.503 0.4000000060
69550  -62.243  -11.637  51.356 0.6000000238
69578  -62.034  -11.062  47.983 0.4000000060
69586  -62.204  -11.528  47.153 0.4000000060
69610  -64.023  -11.076  43.966 0.2000000030
69615  -64.072  -11.560  43.381 0.2000000030
69627  -64.232  -11.199  41.745 0.2000000030
70525  -62.075  -10.383  52.333 0.5000000000
70557  -62.390  -11.098  50.221 0.4000000060
70572  -62.246  -11.177  49.418 0.4000000060
70582  -62.111  -10.546  48.755 0.3000000119
70606  -62.009  -10.223  46.984 0.4000000060
70645  -64.465  -9.655  37.979 0.1000000015
70688  -64.010  -9.984  33.321 0.1000000015
71396  -56.002  -9.380  61.388 0.2000000030
71525  -62.081  -9.485  51.973 0.4000000060
72536  -54.450  -8.639  58.037 0.1000000015
72561  -59.039  -8.935  55.357 0.2000000030
72710  -61.313  -7.911  45.883 0.3000000119
72740  -64.307  -8.452  43.302 0.1000000015
73597  -53.268  -7.724  63.299 0.1000000015
73671  -58.419  -8.058  55.910 0.2000000030
73749  -61.133  -7.608  52.557 0.4000000060
73826  -62.934  -7.990  44.950 0.1000000015
75021  -64.596  -6.955  41.598 0.1000000015
75984  -59.909  -5.980  53.100 0.3000000119
76002  -60.882  -6.036  52.102 0.3000000119
76019  -61.032  -5.544  50.647 0.3000000119
77062  -58.933  -4.655  50.286 0.2000000030
77085  -55.648  -4.411  47.394 0.1000000015
78105  -59.591  -4.235  49.843 0.2000000030
78114  -59.873  -3.534  48.244 0.2000000030
78118  -60.163  -3.716  47.213 0.2000000030
79135  -59.506  -2.584  47.207 0.1000000015
79161  -62.546  -2.779  43.141 0.1000000015
79169  -62.297  -2.212  40.474 0.1000000015
79175  -60.808  -2.402  38.199 0.1000000015
79178  -60.919  -2.724  37.606 0.1000000015
80227  -58.971  -2.489  47.984 0.2000000030
80229  -59.148  -0.688  48.136 0.1000000015
80230  -58.938  -1.501  47.949 0.2000000030
80238  -59.539  -1.978  45.729 0.1000000015
80256  -62.229  -1.590  41.259 0.1000000015
80260  -60.644  -1.819  39.903 0.1000000015
81252  -59.042  -1.010  47.501 0.1000000015
81258  -58.893  -1.020  46.766 0.1000000015
81259  -59.348  -1.498  46.259 0.1000000015
81277  -60.277  -1.880  43.253 0.1000000015
82306  -59.131  0.573  47.370 0.1000000015
82309  -58.857  0.184  46.114 0.1000000015
82310  -59.330  -0.349  45.491 0.1000000015
82319  -57.055  0.708  46.055 0.1000000015
82321  -59.584  -0.295  44.678 0.1000000015
82329  -59.927  -0.687  42.931 0.1000000015
82336  -59.989  -0.694  41.896 0.1000000015
82346  -60.591  -0.108  38.896 0.1000000015
83454  -58.749  1.245  46.583 0.1000000015
83455  -59.051  1.185  46.442 0.1000000015
83463  -58.670  1.144  45.333 0.1000000015
83470  -58.353  1.789  44.966 0.1000000015
83475  -60.227  1.123  43.078 0.1000000015
83480  -60.325  0.885  42.499 0.1000000015
83486  -60.005  0.322  42.043 0.1000000015
84502  -58.698  1.711  44.716 0.1000000015
84503  -59.125  1.645  44.361 0.1000000015
84507  -58.693  2.223  44.279 0.1000000015
84509  -59.660  1.946  43.803 0.1000000015
84510  -60.116  1.542  43.489 0.1000000015
84514  -56.573  1.965  43.247 0.1000000015
84526  -60.391  2.278  42.648 0.1000000015
84533  -57.285  2.693  41.912 0.1000000015
84543  -61.068  1.974  40.736 0.1000000015
85573  -58.849  3.372  42.016 0.1000000015
85574  -59.641  3.237  42.247 0.1000000015
85582  -60.174  3.096  41.609 0.1000000015
146192  -62.752  -22.454  37.731 0.1000000015
146198  -60.238  -24.706  39.533 0.1000000015
147181  -59.590  -14.833  32.469 0.1000000015
147253  -57.183  -2.971  48.645 0.2000000030
147440  -53.469  -19.174  65.804 0.6999999881
147445  -52.237  -21.251  63.567 0.8999999762
147446  -49.091  -24.123  64.004 0.8999999762
148098  -44.137  -30.027  70.554 1.0000000000
148348  -23.274  -19.888  90.249 0.3000000119
148369  -44.380  -26.986  73.002 1.0000000000
148401  -44.344  -26.166  72.402 1.0000000000
148737  -44.646  -21.318  69.591 0.8999999762
148839  -62.404  -20.966  36.300 0.1000000015
148884  -42.647  -31.120  75.409 1.0000000000
148921  -53.477  -19.639  66.767 0.6000000238
149044  -51.500  -22.401  65.932 0.8999999762
149215  -51.303  -22.595  64.165 0.8999999762
149619  -46.436  -27.401  73.321 1.0000000000
150031  -54.687  -19.717  66.021 0.6999999881
150172  -44.616  -30.869  75.174 1.0000000000
150262  -53.178  -19.614  64.266 0.8999999762
150511  -45.177  -22.205  68.373 0.8999999762
151000  -62.669  -21.876  37.240 0.1000000015
151160  -54.574  -19.440  65.778 0.8999999762
151606  -58.358  -14.112  33.148 0.1000000015
152589  -61.305  -21.212  39.830 0.1000000015
152703  -59.536  -15.371  52.253 0.6999999881
153325  -62.076  -23.360  47.826 0.6000000238
153384  -58.650  -13.025  51.715 0.6999999881
153780  -64.093  -15.549  44.313 0.2000000030
153960  -64.095  -5.834  42.863 0.1000000015
154218  -18.859  -19.966  91.332 0.1000000015
154413  -61.797  -14.948  49.719 0.6000000238
155180  -59.056  2.855  43.907 0.1000000015
155271  -63.180  -25.978  42.395 0.1000000015
155363  -59.435  -27.580  52.867 0.1000000015
155416  -44.631  -26.959  75.898 1.0000000000
155434  -62.404  -12.992  50.140 0.5000000000
155601  -61.580  -19.100  50.758 0.6000000238
155763  -30.473  -16.368  73.129 0.1000000015
155906  -61.381  -34.705  47.873 0.1000000015
155917  -60.503  -34.158  49.957 0.1000000015
156432  -59.894  -26.770  50.000 0.1000000015
156515  -54.030  -22.397  57.464 0.1000000015
156533  -50.490  -19.603  50.389 0.1000000015
156633  -42.864  -23.806  57.495 0.6999999881
156953  -35.187  -17.360  76.424 0.2000000030
157376  -64.114  -21.071  41.880 0.3000000119
157681  -60.874  -22.646  50.675 0.6000000238
157914  -64.148  -21.075  42.771 0.3000000119
158018  -47.442  -25.161  67.807 0.8999999762
158310  -50.008  -20.436  47.603 0.3000000119
159068  -50.755  -15.581  52.457 0.8999999762
159114  -63.078  -21.068  44.508 0.4000000060
159145  -62.074  -13.051  49.456 0.4000000060
159449  -64.007  -19.592  39.834 0.1000000015
160147  -61.179  -31.632  50.717 0.1000000015
160246  -55.029  -9.084  57.730 0.1000000015
160346  -60.690  -23.307  44.075 0.5000000000
160357  -53.367  -18.772  63.363 0.8000000119
161340  -64.226  -18.917  42.221 0.3000000119
161383  -43.845  -25.786  69.006 1.0000000000
161608  -24.481  -21.688  89.608 0.3000000119
161614  -30.514  -35.104  72.345 0.2000000030
161652  -46.155  -28.043  73.458 1.0000000000
161718  -50.701  -21.254  49.832 0.2000000030
161890  -15.268  -20.628  91.480 0.1000000015
162347  -39.897  -18.906  48.839 0.3000000119
162365  -64.221  -18.742  40.780 0.1000000015
162533  -36.761  -27.983  80.283 1.0000000000
162645  -64.016  -15.974  46.344 0.4000000060
162711  -63.647  -10.033  44.907 0.3000000119
162938  -55.553  -22.293  44.136 0.2000000030
162953  -60.167  -15.136  32.521 0.1000000015
163335  -42.777  -25.558  47.946 0.2000000030
163536  -59.227  -27.320  53.469 0.1000000015
163693  -62.861  -17.069  47.005 0.5000000000
163714  -60.293  -1.503  42.645 0.1000000015
163808  -35.157  -23.523  80.868 0.8999999762
164005  -50.571  -27.674  56.614 0.1000000015
164074  -58.410  -2.532  48.596 0.2000000030
164132  -62.615  -18.778  45.044 0.4000000060
164257  -50.056  -18.267  59.129 0.6000000238
164640  -59.946  -16.981  52.777 0.6000000238
164822  -60.707  -11.887  55.065 0.6999999881
165472  -53.852  -16.228  56.170 1.0000000000
165685  -59.775  -12.026  57.081 0.4000000060
165753  -43.158  -25.011  69.585 1.0000000000
165932  -44.566  -25.421  48.989 0.1000000015
166501  -27.206  -31.028  83.849 0.1000000015
166857  -58.811  -26.754  44.081 0.1000000015
167017  -58.198  -24.971  55.019 0.1000000015
167198  -58.806  0.157  48.051 0.1000000015
167353  -60.074  -12.317  56.386 0.6999999881
167479  -38.101  -29.129  60.016 0.1000000015
167523  -40.160  -28.988  62.057 0.1000000015
167744  -59.332  -24.019  37.829 0.1000000015
167751  -44.006  -28.401  73.996 1.0000000000
167753  -45.367  -27.141  72.929 1.0000000000
167810  -54.088  -19.911  66.699 0.6000000238
167811  -51.746  -22.248  65.413 0.8999999762
168055  -35.769  -21.990  50.460 0.4000000060
168086  -24.593  -21.077  89.557 0.4000000060
168143  -44.004  -27.242  71.221 1.0000000000
168144  -46.519  -27.949  73.548 1.0000000000
168207  -45.831  -26.830  72.848 1.0000000000
168208  -43.968  -26.988  71.085 1.0000000000
168296  -46.829  -25.978  73.380 1.0000000000
168297  -44.024  -26.298  71.335 1.0000000000
168302  -45.704  -27.075  73.561 1.0000000000
168383  -44.115  -25.754  71.683 1.0000000000
168403  -40.143  -30.574  62.912 0.1000000015
168567  -30.494  -34.412  59.300 0.1000000015
168580  -59.878  -23.240  37.475 0.1000000015
168693  -45.653  -25.968  73.958 1.0000000000
168903  -62.384  -22.860  38.347 0.1000000015
169048  -43.215  -31.169  76.211 1.0000000000
169114  -60.596  -22.003  41.386 0.2000000030
169153  -61.507  -21.787  37.029 0.1000000015
169232  -57.477  -17.844  28.570 0.1000000015
169336  -54.168  -19.718  66.838 0.5000000000
169548  -60.429  -21.320  40.989 0.2000000030
169579  -60.123  -19.889  39.975 0.1000000015
169603  -51.780  -21.242  66.585 0.8000000119
169604  -52.592  -19.829  66.220 0.8000000119
169752  -43.657  -31.085  75.738 1.0000000000
169785  -52.886  -19.572  65.840 0.8999999762
169838  -63.098  -22.899  38.231 0.1000000015
169839  -63.105  -23.927  39.953 0.1000000015
169850  -43.103  -31.302  73.518 1.0000000000
169851  -43.859  -31.607  75.092 1.0000000000
169966  -52.683  -20.634  64.665 0.8000000119
170049  -60.701  -14.371  35.559 0.1000000015
170058  -42.350  -28.356  52.054 0.1000000015
170077  -38.346  -23.395  55.536 0.4000000060
170191  -42.764  -24.458  58.352 0.6999999881
170385  -50.723  -22.661  62.960 0.8000000119
170431  -52.710  -20.692  64.010 0.8999999762
170433  -53.195  -19.434  64.863 0.8999999762
170635  -59.928  -22.371  42.682 0.2000000030
170703  -47.003  -27.096  73.175 1.0000000000
170704  -44.431  -26.871  72.977 1.0000000000
170707  -57.066  -1.158  48.104 0.2000000030
171007  -63.360  -21.065  40.428 0.2000000030
171040  -42.851  -31.298  75.975 1.0000000000
171139  -61.290  -14.805  35.750 0.1000000015
171288  -44.320  -27.103  72.794 1.0000000000
171433  -57.844  -0.541  48.109 0.2000000030
171441  -37.536  -22.612  53.944 0.4000000060
171483  -62.397  -19.194  37.265 0.1000000015
171484  -62.397  -18.017  36.349 0.1000000015
171613  -44.397  -21.964  68.642 1.0000000000
171636  -62.865  -21.533  36.654 0.1000000015
171655  -30.952  -34.707  59.768 0.1000000015
171666  -54.492  -19.157  66.343 0.5000000000
171686  -60.835  -22.472  41.877 0.3000000119
171927  -43.339  -31.569  71.827 1.0000000000
171934  -44.104  -31.204  74.645 1.0000000000
172051  -40.494  -29.511  53.173 0.1000000015
172055  -43.265  -27.998  54.219 0.1000000015
172181  -32.521  -35.351  61.928 0.1000000015
172313  -44.233  -28.025  73.045 1.0000000000
172315  -44.850  -27.507  74.220 1.0000000000
172317  -46.632  -28.462  73.288 1.0000000000
172408  -41.279  -29.583  62.881 0.1000000015
172492  -38.628  -29.448  50.221 0.2000000030
172655  -44.231  -26.991  72.198 1.0000000000
172656  -45.197  -27.054  73.304 1.0000000000
172657  -46.869  -26.791  73.040 1.0000000000
172868  -23.198  -18.864  89.862 0.3000000119
172920  -36.930  -22.149  53.489 0.4000000060
172921  -35.739  -22.589  49.752 0.4000000060
172966  -22.652  -19.778  90.365 0.3000000119
173029  -43.147  -31.956  63.116 0.1000000015
173080  -44.680  -27.033  73.351 1.0000000000
173081  -46.631  -27.393  73.052 1.0000000000
173207  -43.669  -26.931  70.123 1.0000000000
173310  -44.836  -26.814  74.107 1.0000000000
173321  -44.172  -26.418  71.904 1.0000000000
173364  -44.142  -26.645  71.747 1.0000000000
173394  -43.509  -25.327  70.633 1.0000000000
173536  -43.878  -22.364  69.076 0.8999999762
173542  -58.884  -13.681  35.463 0.1000000015
173639  -46.081  -28.110  73.350 1.0000000000
173641  -43.978  -28.909  74.057 1.0000000000
173664  -46.444  -26.367  73.527 1.0000000000
173665  -45.869  -25.896  74.035 1.0000000000
173684  -40.166  -29.104  61.631 0.1000000015
173916  -39.222  -29.163  61.169 0.1000000015
173961  -40.039  -28.848  61.603 0.1000000015
173978  -43.449  -30.722  74.117 1.0000000000
173990  -44.209  -30.142  71.286 1.0000000000
174078  -43.888  -31.263  71.182 1.0000000000
174084  -44.224  -30.371  69.813 1.0000000000
174135  -44.626  -31.252  74.949 1.0000000000
174209  -44.102  -28.388  71.743 1.0000000000
174274  -39.609  -30.224  53.227 0.1000000015
174359  -36.152  -27.736  54.359 0.3000000119
174387  -44.136  -28.060  73.769 1.0000000000
174389  -44.855  -28.156  74.321 1.0000000000
174390  -45.180  -29.673  74.561 1.0000000000
174391  -44.018  -28.216  70.420 1.0000000000
174596  -36.903  -29.017  60.185 0.1000000015
174599  -36.013  -29.259  59.674 0.1000000015
174606  -39.506  -29.246  61.517 0.1000000015
174621  -39.938  -28.893  61.465 0.1000000015
174628  -40.762  -29.598  62.891 0.1000000015
174783  -61.031  -20.634  39.336 0.1000000015
174799  -36.401  -25.695  48.833 0.3000000119
175031  -61.939  -20.427  38.644 0.1000000015
175304  -62.280  -19.680  37.757 0.1000000015
175560  -38.218  -30.254  77.027 1.0000000000
175674  -51.604  -18.712  67.614 0.4000000060
175678  -44.780  -28.322  51.732 0.1000000015
176180  -61.676  -28.381  49.714 0.1000000015
176324  -56.407  1.397  43.687 0.1000000015
176610  -38.570  -26.458  48.010 0.3000000119
176625  -50.988  -18.774  68.051 0.5000000000
176748  -63.284  -22.125  37.121 0.1000000015
176955  -64.063  -26.221  41.171 0.1000000015
177028  -61.821  -16.101  47.754 0.4000000060
177055  -57.521  -6.556  53.261 0.2000000030
177176  -59.720  -24.372  38.452 0.1000000015
177234  -63.709  -22.531  37.286 0.1000000015
177318  -55.854  -25.420  39.782 0.1000000015
177437  -58.699  -1.994  48.210 0.2000000030
177457  -60.572  -34.652  49.614 0.1000000015
177482  -25.048  -22.104  89.284 0.4000000060
177543  -58.644  -27.756  54.473 0.1000000015
177669  -40.211  -29.540  62.071 0.1000000015
177859  -61.565  -1.628  43.068 0.1000000015
178033  -61.947  -13.965  48.072 0.4000000060
178135  -61.968  -22.161  40.857 0.2000000030
178662  -27.442  -30.184  55.767 0.1000000015
178753  -61.472  -15.300  52.071 0.6000000238
178818  -61.658  -17.834  48.582 0.6000000238
179154  -64.902  -8.640  40.048 0.2000000030
179371  -33.088  -20.690  81.229 0.6999999881
179772  -50.930  -15.147  51.744 0.8999999762
179833  -62.918  -25.396  41.729 0.1000000015
180327  -39.365  -21.824  50.993 0.4000000060
180873  -40.495  -26.365  47.550 0.2000000030
180945  -53.824  -20.057  67.035 0.5000000000
181103  -51.269  -14.620  44.772 0.5000000000
181275  -30.282  -34.734  72.977 0.2000000030
181546  -41.134  -19.524  51.552 0.6000000238
181636  -44.837  -21.591  46.819 0.2000000030
181876  -52.534  -20.183  65.820 0.8999999762
182038  -56.170  -24.344  57.020 0.1000000015
182183  -62.361  -19.765  48.745 0.6000000238
182374  -17.370  -25.584  86.047 0.1000000015
182388  -44.207  -28.868  57.535 0.1000000015
182591  -49.252  -22.947  68.255 0.8999999762
182597  -61.685  -29.137  50.200 0.1000000015
182695  -58.082  -10.154  57.843 0.2000000030
182784  -43.936  -20.765  46.051 0.3000000119
182969  -47.150  -28.205  53.569 0.1000000015
183311  -62.078  -33.280  46.870 0.1000000015
183337  -62.203  -9.105  46.023 0.4000000060
183434  -59.619  -14.321  56.887 0.6000000238
183572  -45.065  -17.228  52.052 0.6999999881
183749  -60.635  -18.586  35.984 0.1000000015
184128  -39.257  -30.351  69.737 0.8999999762
184271  -60.461  1.348  42.767 0.1000000015
184306  -45.003  -27.760  73.166 1.0000000000
184429  -43.491  -23.173  48.304 0.2000000030
184488  -40.256  -28.557  78.312 1.0000000000
184611  -62.716  -24.902  41.317 0.1000000015
184617  -40.940  -31.259  63.023 0.1000000015
184829  -59.652  -0.537  44.090 0.1000000015
184833  -28.644  -25.748  53.548 0.1000000015
184980  -61.753  -0.898  42.458 0.1000000015
185052  -42.100  -29.248  55.464 0.1000000015
185192  -45.502  -20.146  71.920 0.8000000119
185333  -60.545  -22.236  51.081 0.6000000238
185360  -54.154  -14.692  64.425 0.6999999881
