#!ascii label  , from subject sub-v1s8x0051332_ses-1 vox2ras=TkReg
2810
180976  -43.680  -74.685  4.140 0.1000000015
10744  -43.043  -74.461  3.808 0.1000000015
10737  -41.269  -73.416  4.055 0.1000000015
10068  -41.581  -75.014  3.124 0.1000000015
173700  -40.800  -76.405  3.098 0.1000000015
145065  -41.057  -78.808  2.855 0.1000000015
171657  -39.804  -79.702  2.333 0.1000000015
7170  -41.713  -81.081  1.026 0.1000000015
6600  -41.738  -80.813  -1.083 0.1000000015
6589  -40.770  -81.053  0.034 0.1000000015
6605  -41.554  -80.389  -2.042 0.1000000015
178041  -42.536  -80.385  -2.012 0.1000000015
7180  -41.541  -79.889  -3.494 0.1000000015
6610  -41.176  -80.357  -3.190 0.1000000015
7181  -41.898  -79.346  -3.892 0.1000000015
155707  -42.425  -79.042  -6.583 0.1000000015
6614  -41.372  -80.438  -3.705 0.1000000015
7191  -41.992  -80.119  -5.587 0.1000000015
6623  -41.559  -80.603  -5.010 0.1000000015
8320  -43.594  -78.390  3.133 0.1000000015
10070  -43.733  -75.215  3.941 0.1000000015
156300  -43.292  -76.736  3.374 0.1000000015
9460  -42.394  -76.008  3.076 0.1000000015
7742  -43.706  -79.181  1.914 0.1000000015
7734  -42.645  -78.892  2.564 0.1000000015
151248  -41.821  -78.611  2.712 0.1000000015
7741  -42.895  -79.500  1.894 0.1000000015
151907  -41.306  -80.374  1.742 0.1000000015
6591  -43.029  -80.867  0.461 0.1000000015
6601  -42.598  -80.643  -1.197 0.1000000015
7176  -42.410  -79.848  -3.283 0.1000000015
10806  -45.720  -74.278  -6.607 0.1000000015
182160  -45.108  -75.453  -7.063 0.1000000015
166792  -45.174  -75.647  -6.493 0.1000000015
8938  -44.092  -76.723  -6.634 0.1000000015
8368  -43.269  -77.514  -6.838 0.1000000015
8359  -43.234  -77.922  -6.317 0.1000000015
7777  -43.276  -78.177  -5.577 0.1000000015
7769  -42.833  -78.563  -4.980 0.1000000015
7200  -42.204  -79.529  -6.117 0.1000000015
7192  -42.245  -79.173  -5.262 0.1000000015
165424  -46.387  -78.030  3.922 0.1000000015
8900  -47.291  -77.233  2.234 0.2000000030
8323  -46.926  -77.808  3.003 0.2000000030
158273  -44.934  -78.559  3.247 0.1000000015
8901  -47.555  -76.722  1.481 0.1000000015
177261  -45.898  -78.147  1.907 0.1000000015
8322  -46.194  -78.252  2.772 0.1000000015
8331  -45.951  -77.685  1.281 0.1000000015
7744  -44.726  -78.668  1.526 0.1000000015
17844  -48.539  -65.403  -3.858 0.1000000015
16946  -48.246  -66.152  -3.708 0.1000000015
8329  -45.004  -78.302  0.430 0.1000000015
7747  -44.331  -79.445  0.216 0.1000000015
7166  -43.237  -80.186  1.119 0.1000000015
16945  -47.824  -66.648  -3.942 0.1000000015
177827  -47.577  -67.088  -3.422 0.1000000015
145395  -46.901  -67.582  -3.347 0.1000000015
175700  -46.473  -68.756  -3.161 0.1000000015
181923  -46.507  -69.450  -2.750 0.1000000015
13011  -46.643  -71.811  -3.663 0.1000000015
7751  -45.039  -79.028  -0.122 0.1000000015
7750  -44.319  -79.369  -0.701 0.1000000015
156145  -42.989  -80.198  -2.491 0.1000000015
155920  -46.306  -69.264  -3.666 0.1000000015
13774  -46.478  -70.807  -3.736 0.1000000015
11510  -46.452  -73.194  -4.419 0.1000000015
10792  -46.393  -73.968  -4.400 0.1000000015
10784  -46.671  -74.351  -2.591 0.1000000015
160837  -46.083  -76.054  -4.045 0.1000000015
7753  -44.202  -79.312  -1.622 0.1000000015
7177  -43.371  -79.673  -2.945 0.1000000015
178859  -46.321  -71.393  -4.407 0.1000000015
11521  -46.280  -73.794  -5.143 0.1000000015
10118  -46.131  -75.332  -4.513 0.1000000015
8919  -45.093  -77.291  -4.342 0.1000000015
8352  -44.135  -77.966  -5.216 0.1000000015
10127  -45.930  -75.014  -6.028 0.1000000015
9489  -45.412  -75.774  -5.680 0.1000000015
9488  -45.127  -76.508  -5.442 0.1000000015
8924  -44.174  -77.424  -5.699 0.1000000015
8346  -44.155  -78.279  -4.400 0.1000000015
7759  -42.995  -79.435  -3.743 0.1000000015
8897  -48.105  -76.618  2.536 0.1000000015
163917  -48.149  -76.722  3.384 0.2000000030
8318  -47.160  -77.644  3.903 0.1000000015
8882  -47.717  -76.818  5.335 0.2000000030
8305  -46.683  -76.806  5.767 0.2000000030
9468  -48.227  -76.070  1.787 0.1000000015
18700  -48.953  -63.875  -4.843 0.1000000015
18689  -48.725  -64.571  -4.420 0.1000000015
8904  -45.924  -77.207  0.661 0.1000000015
8336  -45.248  -77.513  -0.127 0.1000000015
8910  -45.770  -77.236  -0.823 0.1000000015
16933  -48.203  -66.670  -3.064 0.1000000015
145411  -46.534  -67.729  -2.543 0.1000000015
151515  -46.473  -68.435  -2.264 0.1000000015
8335  -45.582  -78.034  -1.008 0.1000000015
13767  -46.592  -70.417  -2.833 0.1000000015
182381  -47.073  -72.955  -2.954 0.1000000015
11491  -45.466  -73.467  -1.820 0.1000000015
9479  -46.282  -76.074  -2.361 0.1000000015
152479  -45.253  -77.734  -2.724 0.1000000015
183716  -44.622  -78.823  -1.987 0.1000000015
8341  -44.864  -77.988  -3.778 0.1000000015
7760  -43.857  -79.196  -3.404 0.1000000015
10745  -50.071  -73.971  3.617 0.1000000015
10072  -50.110  -74.820  3.882 0.1000000015
10747  -49.626  -73.867  2.846 0.1000000015
10077  -49.720  -74.706  3.173 0.1000000015
10071  -49.631  -75.395  3.503 0.1000000015
9457  -49.620  -75.667  4.774 0.2000000030
9456  -48.919  -76.235  4.837 0.2000000030
8894  -48.751  -76.307  3.253 0.2000000030
9453  -49.251  -76.009  5.619 0.2000000030
156480  -47.895  -76.308  6.411 0.2000000030
183816  -48.221  -75.549  1.281 0.1000000015
10753  -49.107  -74.446  1.684 0.1000000015
10089  -48.546  -74.918  1.129 0.1000000015
10082  -47.777  -75.368  0.553 0.1000000015
178522  -49.228  -64.084  -4.163 0.1000000015
17831  -48.177  -65.798  -2.557 0.1000000015
145413  -47.150  -64.779  -2.157 0.1000000015
151118  -44.622  -64.608  -1.509 0.1000000015
9472  -47.538  -76.150  0.776 0.1000000015
9475  -45.447  -75.810  -0.050 0.1000000015
182465  -48.702  -63.123  -5.518 0.1000000015
19489  -49.092  -63.135  -5.053 0.1000000015
16923  -48.608  -66.086  -2.798 0.1000000015
16922  -47.699  -66.614  -2.725 0.1000000015
152324  -46.210  -67.514  -1.672 0.1000000015
183726  -46.463  -68.033  -1.672 0.1000000015
160590  -45.922  -70.867  -1.817 0.1000000015
12226  -45.998  -72.194  -0.911 0.1000000015
10770  -45.116  -74.041  -0.854 0.1000000015
10771  -45.330  -74.580  -0.683 0.1000000015
9474  -45.264  -76.149  -0.310 0.1000000015
20276  -48.271  -62.483  -6.306 0.1000000015
155918  -45.906  -71.075  -2.204 0.1000000015
12238  -45.368  -72.774  -1.594 0.1000000015
10109  -46.421  -75.066  -1.782 0.1000000015
10110  -45.134  -74.504  -1.108 0.1000000015
8912  -45.712  -77.513  -1.768 0.1000000015
21095  -47.743  -62.060  -6.832 0.1000000015
21093  -46.748  -61.034  -7.029 0.1000000015
20279  -47.296  -62.547  -7.553 0.1000000015
12947  -50.091  -71.457  2.835 0.1000000015
11444  -49.959  -73.024  3.302 0.1000000015
155958  -49.876  -71.145  1.994 0.1000000015
159101  -49.642  -71.952  2.195 0.1000000015
11442  -51.016  -73.151  4.659 0.1000000015
10064  -50.228  -75.032  4.653 0.1000000015
10059  -50.047  -75.372  5.601 0.2000000030
12976  -49.597  -70.931  1.177 0.1000000015
157984  -49.314  -72.999  1.319 0.1000000015
177495  -49.388  -73.920  2.161 0.1000000015
165761  -49.453  -75.741  6.261 0.2000000030
13727  -49.766  -70.018  0.638 0.1000000015
12202  -49.421  -72.298  1.462 0.1000000015
22956  -48.142  -59.618  -6.045 0.1000000015
22027  -48.623  -60.349  -5.707 0.1000000015
21083  -49.231  -61.740  -5.189 0.1000000015
19490  -49.548  -62.733  -4.421 0.1000000015
18691  -49.608  -63.857  -3.610 0.1000000015
17833  -49.418  -64.901  -2.856 0.1000000015
17832  -48.827  -64.724  -2.530 0.1000000015
14474  -49.804  -69.333  -0.114 0.1000000015
13726  -49.448  -70.967  0.199 0.1000000015
11470  -49.047  -73.422  0.770 0.1000000015
10757  -48.073  -74.622  0.370 0.1000000015
19480  -49.395  -63.458  -4.325 0.1000000015
145399  -43.810  -66.344  -0.895 0.1000000015
145391  -45.003  -67.238  0.407 0.1000000015
145404  -46.660  -67.766  -1.120 0.1000000015
12227  -47.263  -72.470  -0.583 0.1000000015
11480  -47.739  -73.339  -0.365 0.1000000015
10096  -46.878  -74.993  -0.086 0.1000000015
23884  -47.238  -58.574  -6.245 0.1000000015
150545  -45.291  -67.074  -1.267 0.1000000015
150196  -45.663  -67.384  -0.622 0.1000000015
15286  -47.610  -68.121  -0.855 0.1000000015
13756  -47.236  -70.227  -1.213 0.1000000015
12989  -47.012  -71.556  -0.913 0.1000000015
11479  -45.996  -73.639  -0.467 0.1000000015
10762  -47.271  -74.229  -0.303 0.1000000015
166280  -48.185  -60.994  -6.097 0.1000000015
21088  -48.195  -61.665  -6.229 0.1000000015
22955  -47.033  -59.660  -6.297 0.1000000015
22025  -47.061  -60.592  -6.519 0.1000000015
22954  -46.363  -60.442  -6.799 0.1000000015
22962  -45.662  -60.484  -7.154 0.1000000015
21105  -45.997  -61.521  -8.058 0.1000000015
181202  -50.258  -72.701  3.800 0.1000000015
13714  -50.010  -70.316  1.666 0.1000000015
14419  -50.351  -69.749  2.240 0.1000000015
12941  -50.377  -71.287  3.533 0.1000000015
10734  -51.111  -73.792  5.183 0.1000000015
14454  -50.119  -69.042  0.500 0.1000000015
15275  -50.281  -68.132  0.471 0.1000000015
178525  -51.088  -74.260  5.749 0.1000000015
16073  -49.210  -67.078  -0.069 0.1000000015
16086  -50.006  -68.136  -0.098 0.1000000015
10060  -50.645  -74.811  6.089 0.2000000030
22020  -49.373  -60.777  -5.251 0.1000000015
19472  -49.745  -63.480  -3.251 0.1000000015
18677  -49.496  -64.064  -2.753 0.1000000015
16084  -48.297  -67.679  -0.334 0.1000000015
13744  -49.297  -70.184  -0.311 0.1000000015
10728  -51.122  -74.264  6.465 0.1000000015
10722  -51.112  -74.296  7.346 0.2000000030
165115  -49.920  -61.118  -4.654 0.1000000015
145406  -45.983  -63.188  -1.521 0.1000000015
159649  -43.988  -64.208  0.586 0.1000000015
151124  -46.680  -67.366  -0.176 0.1000000015
159640  -48.280  -69.947  -0.863 0.1000000015
23883  -46.352  -58.714  -6.297 0.1000000015
22953  -45.718  -59.828  -6.569 0.1000000015
22951  -43.278  -59.233  -6.367 0.1000000015
22952  -44.634  -59.683  -6.646 0.1000000015
157632  -43.763  -59.463  -6.896 0.1000000015
22960  -43.786  -59.831  -7.489 0.1000000015
16075  -50.705  -67.227  0.871 0.1000000015
15254  -50.787  -68.013  1.532 0.1000000015
14438  -50.587  -68.919  1.944 0.1000000015
16894  -49.940  -66.384  0.200 0.1000000015
15253  -50.311  -68.676  1.211 0.1000000015
14420  -50.891  -69.257  2.708 0.1000000015
12936  -50.660  -71.556  4.153 0.1000000015
16074  -50.133  -67.311  0.061 0.1000000015
13688  -50.823  -70.595  3.756 0.1000000015
11435  -51.365  -72.904  5.437 0.1000000015
171711  -47.084  -66.264  1.143 0.1000000015
16893  -48.720  -66.286  0.545 0.1000000015
12186  -51.200  -72.053  4.913 0.1000000015
23886  -48.577  -58.952  -5.883 0.1000000015
23874  -49.380  -58.837  -5.595 0.1000000015
22021  -50.229  -60.300  -5.011 0.1000000015
20266  -49.898  -62.197  -3.755 0.1000000015
18676  -49.076  -63.591  -2.119 0.1000000015
184376  -45.773  -62.390  -1.084 0.1000000015
154579  -44.965  -63.107  0.117 0.1000000015
152512  -46.203  -64.192  0.835 0.1000000015
12184  -51.841  -72.129  5.760 0.1000000015
157982  -51.329  -73.580  5.962 0.1000000015
24843  -46.990  -57.916  -6.203 0.1000000015
18668  -47.932  -63.512  -1.858 0.1000000015
145403  -44.571  -63.180  -0.620 0.1000000015
16072  -47.748  -66.924  0.243 0.1000000015
11421  -51.471  -73.565  7.653 0.1000000015
24842  -46.136  -57.994  -6.206 0.1000000015
23872  -44.596  -58.215  -6.056 0.1000000015
23882  -45.289  -58.805  -6.287 0.1000000015
23881  -44.201  -59.025  -6.358 0.1000000015
24848  -41.554  -59.050  -7.019 0.1000000015
23889  -42.247  -59.267  -7.050 0.1000000015
25878  -41.556  -58.089  -7.613 0.1000000015
16895  -50.666  -66.448  0.487 0.1000000015
16054  -51.229  -67.227  1.533 0.1000000015
15239  -51.171  -68.417  2.377 0.1000000015
17804  -50.533  -65.706  0.236 0.1000000015
17803  -49.564  -65.528  0.335 0.1000000015
154048  -50.281  -64.914  -0.049 0.1000000015
14406  -51.130  -69.607  3.472 0.1000000015
13680  -51.214  -70.918  4.626 0.1000000015
150982  -46.665  -65.210  1.193 0.1000000015
18653  -49.199  -64.442  0.275 0.1000000015
13689  -51.350  -69.923  4.295 0.1000000015
24844  -47.860  -58.028  -6.162 0.1000000015
19464  -49.767  -63.312  -2.844 0.1000000015
145408  -46.071  -62.382  -0.458 0.1000000015
145405  -46.150  -63.087  0.318 0.1000000015
18652  -47.669  -63.756  0.512 0.1000000015
11436  -51.747  -72.901  6.250 0.1000000015
22946  -50.317  -59.332  -5.250 0.1000000015
21076  -50.390  -61.446  -4.050 0.1000000015
20257  -50.758  -61.778  -3.423 0.1000000015
19456  -48.631  -62.631  -1.518 0.1000000015
12180  -52.124  -72.198  6.656 0.1000000015
24836  -44.158  -57.696  -5.513 0.1000000015
23870  -41.866  -59.071  -5.214 0.1000000015
24835  -43.279  -58.129  -5.194 0.1000000015
23862  -40.266  -59.724  -4.594 0.1000000015
22944  -42.613  -59.174  -5.851 0.1000000015
23868  -40.298  -59.497  -5.751 0.1000000015
24841  -40.684  -58.530  -6.843 0.1000000015
24833  -39.739  -58.327  -6.103 0.1000000015
164799  -50.504  -63.105  -0.690 0.1000000015
18654  -50.898  -64.489  -0.253 0.1000000015
161939  -51.113  -65.096  0.103 0.1000000015
16055  -51.867  -66.835  1.846 0.1000000015
20229  -50.684  -62.519  -1.027 0.1000000015
15240  -51.743  -67.919  2.789 0.1000000015
20247  -50.770  -61.904  -2.718 0.1000000015
20245  -50.074  -62.428  -1.526 0.1000000015
20228  -49.842  -62.539  -0.975 0.1000000015
19442  -50.115  -63.849  -0.289 0.1000000015
15229  -51.863  -68.125  3.553 0.1000000015
151125  -46.748  -57.365  -5.886 0.1000000015
152520  -48.534  -57.759  -5.745 0.1000000015
22947  -51.059  -59.839  -4.794 0.1000000015
19463  -49.597  -62.876  -2.076 0.1000000015
20236  -48.297  -62.124  -1.034 0.1000000015
13681  -51.720  -70.226  5.080 0.1000000015
25864  -44.780  -56.982  -4.883 0.1000000015
12932  -51.669  -71.189  5.419 0.1000000015
11429  -52.044  -72.941  7.148 0.1000000015
24827  -42.958  -57.864  -4.539 0.1000000015
24826  -41.883  -58.389  -4.383 0.1000000015
23863  -41.051  -59.487  -4.339 0.1000000015
178875  -38.974  -58.982  -4.432 0.1000000015
23861  -39.515  -59.229  -5.038 0.1000000015
24832  -38.984  -58.021  -5.300 0.1000000015
25861  -38.921  -56.625  -5.723 0.1000000015
25871  -40.039  -57.222  -6.983 0.1000000015
17805  -51.270  -65.749  0.583 0.1000000015
16875  -51.353  -66.483  1.170 0.1000000015
16876  -52.272  -66.118  1.839 0.1000000015
179050  -52.008  -67.282  2.444 0.1000000015
171174  -48.293  -57.339  -5.258 0.1000000015
23876  -51.108  -58.858  -5.034 0.1000000015
167227  -51.644  -60.735  -3.603 0.1000000015
20237  -50.737  -61.919  -1.500 0.1000000015
25852  -43.461  -57.192  -4.156 0.1000000015
171438  -45.965  -57.252  -4.489 0.1000000015
170159  -46.452  -57.055  -4.808 0.1000000015
145327  -49.450  -57.957  -5.613 0.1000000015
23875  -50.327  -58.370  -5.389 0.1000000015
21077  -51.225  -61.108  -3.885 0.1000000015
14407  -51.540  -68.968  3.971 0.1000000015
25850  -41.697  -57.854  -3.694 0.1000000015
24825  -41.074  -58.907  -3.597 0.1000000015
24821  -40.393  -58.954  -3.058 0.1000000015
24819  -38.838  -58.999  -3.594 0.1000000015
25840  -38.747  -58.597  -2.687 0.1000000015
24824  -38.620  -58.339  -4.325 0.1000000015
24818  -38.274  -58.112  -3.572 0.1000000015
25849  -38.418  -57.355  -4.696 0.1000000015
26793  -38.348  -56.112  -5.017 0.1000000015
156722  -51.356  -62.469  -0.709 0.1000000015
18655  -51.597  -64.393  -0.045 0.1000000015
154176  -51.774  -64.971  0.586 0.1000000015
16896  -51.919  -65.689  1.238 0.1000000015
18644  -52.396  -64.825  1.182 0.1000000015
174997  -51.079  -61.371  -1.415 0.1000000015
21066  -51.359  -61.334  -3.193 0.1000000015
25851  -42.613  -57.303  -3.889 0.1000000015
151867  -44.303  -57.045  -3.914 0.1000000015
25831  -38.843  -57.894  -1.733 0.1000000015
25848  -37.777  -57.053  -3.901 0.1000000015
26789  -37.648  -55.622  -4.202 0.1000000015
18660  -51.126  -63.806  -0.451 0.1000000015
18656  -52.316  -64.054  0.437 0.1000000015
21058  -51.116  -61.342  -2.275 0.1000000015
149976  -45.396  -57.149  -3.992 0.1000000015
149310  -46.962  -56.818  -4.147 0.1000000015
150345  -49.286  -57.408  -5.241 0.1000000015
152010  -51.004  -57.990  -5.031 0.1000000015
22006  -52.027  -60.102  -3.631 0.1000000015
152258  -41.176  -57.892  -2.941 0.1000000015
25841  -39.934  -58.206  -2.409 0.1000000015
25839  -37.792  -57.752  -2.482 0.1000000015
161179  -37.312  -56.725  -3.182 0.1000000015
26788  -36.849  -55.928  -3.054 0.1000000015
176168  -37.036  -54.548  -3.751 0.1000000015
20238  -51.446  -61.793  -0.863 0.1000000015
175889  -51.790  -58.435  -3.854 0.1000000015
22007  -52.065  -59.884  -2.942 0.1000000015
21987  -51.262  -60.742  -1.709 0.1000000015
145297  -44.869  -57.164  -3.222 0.1000000015
152568  -45.572  -57.256  -3.040 0.1000000015
149973  -47.877  -57.157  -4.309 0.1000000015
145335  -49.958  -57.191  -4.368 0.1000000015
152102  -51.287  -57.796  -4.237 0.1000000015
149720  -42.916  -56.896  -2.851 0.1000000015
25821  -37.009  -56.681  -1.561 0.1000000015
26779  -36.572  -56.150  -2.024 0.1000000015
26778  -36.308  -55.370  -1.470 0.1000000015
27718  -36.453  -55.144  -2.584 0.1000000015
173374  -51.520  -57.527  -3.326 0.1000000015
170734  -46.730  -56.877  -3.376 0.1000000015
150187  -48.256  -57.076  -3.500 0.1000000015
174738  -49.158  -56.989  -3.508 0.1000000015
150882  -41.902  -56.828  -2.599 0.1000000015
175370  -39.207  -57.230  -1.275 0.1000000015
185371  -38.186  -57.617  -1.711 0.1000000015
145259  -36.792  -56.037  -1.066 0.1000000015
145274  -35.894  -54.668  -0.568 0.1000000015
168639  -44.042  -57.094  -2.775 0.1000000015
151492  -40.967  -57.064  -2.157 0.1000000015
145263  -39.514  -56.688  -0.736 0.1000000015
145262  -38.532  -57.122  -1.162 0.1000000015
145260  -37.658  -56.457  -0.736 0.1000000015
170924  -37.064  -55.659  0.139 0.1000000015
150374  -35.817  -54.056  2.193 0.1000000015
149868  -37.170  -55.176  1.948 0.1000000015
168493  -41.040  -56.368  -1.299 0.1000000015
153661  -38.760  -56.326  -0.053 0.1000000015
145261  -37.924  -55.878  0.516 0.1000000015
152347  -38.773  -55.677  1.451 0.1000000015
10743  -41.964  -74.214  3.484 0.1000000015
9459  -41.176  -75.753  3.048 0.1000000015
8895  -41.468  -77.087  3.073 0.1000000015
169930  -40.330  -78.200  3.243 0.1000000015
7740  -41.850  -79.485  2.252 0.1000000015
151022  -40.766  -79.636  2.398 0.1000000015
7164  -40.576  -80.858  1.076 0.1000000015
6584  -42.638  -81.039  0.965 0.1000000015
7735  -43.567  -78.951  2.645 0.1000000015
155088  -44.457  -78.809  2.197 0.1000000015
8890  -42.419  -76.951  3.098 0.1000000015
7743  -44.121  -79.330  1.149 0.1000000015
7165  -42.348  -80.364  1.510 0.1000000015
160976  -44.000  -80.057  -0.322 0.1000000015
7174  -43.508  -80.076  -1.356 0.1000000015
10805  -45.348  -74.984  -6.874 0.1000000015
8944  -43.525  -76.847  -7.851 0.1000000015
8932  -44.567  -76.858  -6.008 0.1000000015
8937  -43.607  -77.010  -7.058 0.1000000015
8893  -47.806  -77.114  3.995 0.2000000030
8325  -45.215  -78.182  1.236 0.1000000015
17838  -49.042  -65.503  -2.974 0.1000000015
145415  -47.309  -67.188  -2.855 0.1000000015
12247  -47.070  -72.201  -3.005 0.1000000015
12265  -46.359  -72.241  -4.628 0.1000000015
11500  -46.698  -73.620  -3.466 0.1000000015
154779  -46.197  -74.629  -5.037 0.1000000015
11492  -46.752  -73.619  -2.552 0.1000000015
10115  -46.405  -75.217  -2.926 0.1000000015
156602  -45.230  -76.738  -4.804 0.1000000015
9485  -45.516  -76.600  -4.123 0.1000000015
7756  -44.093  -79.265  -2.512 0.1000000015
8915  -45.381  -77.163  -3.460 0.1000000015
163423  -44.196  -78.590  -3.734 0.1000000015
8898  -48.805  -75.966  2.605 0.1000000015
8887  -48.404  -76.478  4.126 0.2000000030
157243  -48.327  -76.698  4.930 0.2000000030
10083  -49.382  -74.618  2.429 0.1000000015
8908  -45.566  -76.497  0.194 0.1000000015
145407  -46.348  -67.113  -2.230 0.1000000015
164994  -46.399  -69.362  -1.920 0.1000000015
12998  -45.532  -71.935  -2.069 0.1000000015
11485  -45.141  -73.487  -1.137 0.1000000015
8913  -46.001  -77.028  -2.534 0.1000000015
8338  -45.154  -78.241  -1.913 0.1000000015
11459  -49.265  -73.671  1.523 0.1000000015
185046  -46.087  -66.217  -2.132 0.1000000015
10095  -45.543  -75.206  -0.373 0.1000000015
21089  -48.609  -61.948  -5.757 0.1000000015
15305  -46.833  -68.604  -1.388 0.1000000015
14490  -47.054  -69.497  -1.364 0.1000000015
12988  -45.924  -71.470  -1.374 0.1000000015
159022  -45.938  -72.930  -0.629 0.1000000015
10102  -45.420  -75.780  -1.092 0.1000000015
20280  -47.913  -62.728  -7.030 0.1000000015
13701  -50.197  -70.583  2.505 0.1000000015
12189  -50.209  -72.101  3.564 0.1000000015
174888  -49.869  -72.305  2.846 0.1000000015
10050  -49.722  -75.354  7.488 0.2000000030
11481  -48.723  -73.185  0.102 0.1000000015
15288  -49.619  -68.650  -0.284 0.1000000015
155100  -48.938  -71.014  -0.359 0.1000000015
12991  -49.114  -71.783  -0.030 0.1000000015
11469  -48.427  -73.870  0.167 0.1000000015
145398  -45.472  -66.179  1.588 0.1000000015
14491  -47.941  -69.003  -0.914 0.1000000015
15287  -48.706  -68.464  -0.530 0.1000000015
11428  -51.445  -73.549  6.792 0.1000000015
22950  -42.451  -59.363  -6.430 0.1000000015
158802  -42.682  -58.882  -7.682 0.1000000015
17802  -48.234  -65.327  0.809 0.1000000015
23871  -43.547  -58.643  -5.832 0.1000000015
166993  -42.075  -58.705  -7.554 0.1000000015
19440  -48.036  -62.657  -0.145 0.1000000015
177797  -49.637  -62.942  -0.593 0.1000000015
25862  -39.417  -57.200  -6.235 0.1000000015
26794  -39.061  -55.406  -5.915 0.1000000015
23864  -51.423  -58.497  -4.541 0.1000000015
149365  -40.343  -76.215  16.789 0.5000000000
6476  -45.390  -81.100  18.962 0.5000000000
5963  -44.184  -82.073  19.445 0.5000000000
148573  -40.551  -75.235  16.799 0.5000000000
149917  -41.963  -76.168  17.448 0.5000000000
9410  -42.076  -77.566  17.676 0.5000000000
7050  -45.796  -80.081  19.238 0.5000000000
145108  -42.068  -73.257  18.164 0.5000000000
168584  -41.120  -74.233  17.155 0.5000000000
145111  -42.518  -74.943  18.069 0.5000000000
7637  -46.520  -79.431  19.788 0.5000000000
151017  -43.092  -74.003  18.974 0.5000000000
180405  -43.602  -73.076  20.079 0.5000000000
150614  -44.265  -74.082  20.339 0.5000000000
8236  -48.886  -78.521  19.291 0.5000000000
8240  -49.161  -78.410  18.359 0.5000000000
155602  -50.122  -77.335  18.563 0.5000000000
9413  -50.537  -76.605  18.309 0.5000000000
10696  -50.398  -74.445  16.642 0.5000000000
10025  -51.143  -75.214  18.110 0.5000000000
11399  -47.326  -73.852  16.427 0.4000000060
12913  -47.544  -72.002  15.683 0.4000000060
4508  -41.913  -85.151  22.229 0.1000000015
5475  -44.395  -82.671  20.073 0.5000000000
171519  -39.385  -75.638  16.629 0.5000000000
168804  -39.697  -76.627  17.359 0.5000000000
8845  -40.629  -77.649  17.174 0.5000000000
8833  -43.097  -78.415  18.430 0.4000000060
6472  -44.754  -80.924  19.134 0.5000000000
182401  -39.300  -73.196  16.524 0.5000000000
181657  -39.056  -74.859  16.669 0.5000000000
145109  -39.470  -71.943  17.051 0.5000000000
151586  -39.805  -70.146  18.127 0.5000000000
145114  -41.350  -71.226  18.436 0.5000000000
150626  -42.553  -72.167  19.286 0.5000000000
182355  -41.376  -69.918  19.257 0.4000000060
170110  -42.546  -70.742  19.887 0.3000000119
150426  -43.649  -71.847  20.242 0.5000000000
151378  -44.652  -72.449  20.567 0.4000000060
145120  -44.875  -73.372  20.780 0.4000000060
171480  -45.771  -74.815  21.315 0.6999999881
153734  -45.258  -75.789  21.024 0.5000000000
145147  -43.493  -70.101  20.053 0.3000000119
145148  -44.376  -71.448  20.311 0.3000000119
152708  -45.416  -71.913  20.387 0.4000000060
152184  -45.947  -73.652  21.090 0.5000000000
145119  -46.779  -74.267  21.258 0.6000000238
145123  -47.261  -75.765  21.610 0.6000000238
8221  -46.569  -78.052  20.515 0.6000000238
7638  -47.181  -79.258  20.127 0.5000000000
7641  -48.131  -79.251  19.172 0.3000000119
170600  -44.266  -69.595  19.274 0.3000000119
170602  -45.014  -71.067  19.995 0.3000000119
150243  -46.340  -71.159  19.350 0.4000000060
170978  -47.895  -73.046  20.513 0.5000000000
170107  -48.391  -74.542  21.132 0.6000000238
145126  -49.367  -75.938  20.716 0.6000000238
8836  -49.035  -77.583  20.549 0.5000000000
8841  -49.402  -77.820  19.804 0.5000000000
149864  -45.398  -69.698  18.715 0.4000000060
170601  -46.017  -70.459  18.999 0.4000000060
171295  -47.128  -72.071  19.789 0.5000000000
148880  -47.756  -72.416  19.831 0.5000000000
150872  -49.827  -74.454  20.031 0.5000000000
145129  -50.058  -75.881  20.236 0.5000000000
9412  -50.499  -76.444  19.157 0.5000000000
145173  -43.946  -68.042  17.494 0.4000000060
170312  -45.438  -68.830  17.320 0.4000000060
171031  -46.881  -69.349  17.209 0.5000000000
170979  -47.230  -72.220  18.284 0.5000000000
149815  -48.168  -72.633  18.764 0.4000000060
151538  -50.343  -74.722  19.479 0.5000000000
10688  -51.036  -74.993  18.910 0.5000000000
145150  -44.982  -68.276  16.659 0.4000000060
151815  -47.113  -69.783  17.491 0.5000000000
150865  -47.511  -71.088  17.317 0.5000000000
169740  -47.316  -72.553  17.738 0.4000000060
150082  -49.682  -73.503  18.035 0.4000000060
10690  -50.709  -74.295  18.140 0.5000000000
168469  -47.754  -68.568  16.350 0.5000000000
151381  -49.185  -69.658  16.616 0.4000000060
145171  -47.031  -72.028  16.509 0.4000000060
12151  -46.569  -73.022  16.252 0.4000000060
150942  -47.996  -68.235  15.905 0.3000000119
15153  -49.230  -69.035  16.397 0.4000000060
14362  -49.830  -69.440  15.954 0.3000000119
15156  -49.853  -68.971  15.196 0.3000000119
14363  -50.166  -69.633  14.959 0.3000000119
157333  -41.123  -84.742  23.540 0.1000000015
4502  -41.057  -85.295  22.566 0.1000000015
4968  -42.109  -83.855  24.214 0.1000000015
4972  -42.227  -84.343  23.543 0.1000000015
5463  -44.162  -83.273  23.192 0.4000000060
176101  -43.771  -83.720  22.556 0.4000000060
4980  -43.793  -83.823  21.742 0.4000000060
5471  -44.490  -82.696  20.898 0.5000000000
5468  -44.683  -82.528  21.742 0.4000000060
184590  -44.484  -82.327  21.177 0.5000000000
5958  -44.195  -82.227  20.447 0.5000000000
10021  -39.224  -75.771  17.905 0.5000000000
9404  -39.736  -76.826  18.572 0.5000000000
8838  -40.208  -77.505  17.434 0.5000000000
8840  -41.611  -78.900  17.910 0.4000000060
6465  -43.586  -81.797  20.516 0.5000000000
7049  -44.362  -80.898  19.171 0.5000000000
170123  -37.941  -73.017  17.086 0.5000000000
150928  -38.608  -74.183  16.817 0.5000000000
176823  -38.901  -75.203  18.039 0.5000000000
150679  -36.240  -71.870  17.759 0.5000000000
8228  -44.626  -79.299  19.214 0.6000000238
145117  -40.395  -68.593  19.663 0.4000000060
150959  -41.653  -69.077  20.227 0.2000000030
149508  -40.692  -68.219  20.906 0.2000000030
181828  -42.467  -69.988  20.197 0.3000000119
171029  -43.900  -69.156  19.085 0.3000000119
170229  -43.247  -68.573  18.872 0.4000000060
171011  -41.251  -68.705  20.615 0.3000000119
145204  -42.026  -68.356  19.769 0.3000000119
168202  -40.920  -67.617  20.920 0.3000000119
170362  -41.053  -67.185  19.393 0.4000000060
173149  -42.680  -67.613  18.157 0.4000000060
169530  -40.207  -66.667  18.701 0.3000000119
151972  -43.075  -67.748  17.575 0.4000000060
145163  -44.123  -68.069  16.769 0.4000000060
180876  -44.210  -68.185  16.142 0.4000000060
149761  -40.180  -66.643  17.359 0.3000000119
171264  -41.689  -67.621  16.467 0.3000000119
149707  -42.082  -68.355  15.330 0.3000000119
170228  -46.926  -68.688  16.390 0.4000000060
150582  -41.663  -68.757  14.497 0.3000000119
15950  -44.327  -68.752  14.810 0.3000000119
15954  -47.698  -68.079  15.232 0.4000000060
155200  -48.563  -68.254  15.376 0.3000000119
150981  -40.638  -68.856  14.022 0.2000000030
151667  -41.801  -69.369  13.440 0.2000000030
15961  -44.806  -69.066  13.902 0.3000000119
15158  -48.277  -68.101  14.474 0.3000000119
145187  -40.490  -69.379  12.592 0.1000000015
15968  -43.459  -69.522  12.917 0.2000000030
15962  -46.295  -68.457  13.889 0.4000000060
152705  -38.500  -66.632  8.329 0.1000000015
4962  -42.960  -83.717  24.682 0.1000000015
4969  -42.952  -84.164  23.928 0.1000000015
5457  -44.262  -82.999  24.187 0.2000000030
5953  -44.760  -82.419  23.413 0.5000000000
5955  -44.686  -82.634  22.594 0.4000000060
6466  -44.235  -81.846  21.808 0.4000000060
9396  -40.157  -76.397  19.927 0.5000000000
8822  -40.350  -77.614  19.631 0.4000000060
8823  -41.131  -78.446  20.549 0.4000000060
8219  -41.945  -80.097  20.723 0.4000000060
7633  -42.747  -81.175  20.842 0.5000000000
7043  -43.406  -81.500  21.534 0.5000000000
11390  -38.396  -74.202  18.584 0.5000000000
10685  -38.904  -74.935  18.494 0.5000000000
10018  -39.684  -75.516  19.556 0.4000000060
7635  -43.201  -80.932  19.381 0.4000000060
145112  -36.073  -68.643  19.500 0.4000000060
151624  -35.749  -70.628  18.977 0.4000000060
149801  -37.473  -73.156  19.024 0.5000000000
167258  -36.363  -69.965  17.836 0.5000000000
151725  -38.231  -68.532  18.744 0.4000000060
171192  -37.804  -66.330  20.892 0.3000000119
151737  -39.635  -67.314  21.381 0.3000000119
145122  -41.086  -68.933  21.944 0.3000000119
152082  -40.779  -67.991  22.052 0.2000000030
151759  -40.205  -67.266  21.874 0.2000000030
145137  -40.440  -66.764  23.431 0.1000000015
169689  -39.564  -66.099  23.034 0.3000000119
171103  -40.107  -64.310  24.018 0.1000000015
171506  -39.145  -66.050  21.858 0.3000000119
148390  -38.721  -65.601  20.563 0.3000000119
172759  -37.899  -63.798  23.438 0.2000000030
168201  -37.357  -62.713  21.288 0.2000000030
169910  -38.478  -64.894  17.722 0.2000000030
151572  -39.275  -66.092  16.750 0.2000000030
175597  -39.064  -66.808  15.669 0.2000000030
153104  -37.621  -64.104  16.877 0.2000000030
145182  -37.622  -66.399  15.420 0.2000000030
170702  -39.764  -68.027  14.821 0.2000000030
145193  -36.826  -63.692  16.422 0.2000000030
151369  -35.857  -65.823  14.837 0.1000000015
170219  -38.818  -68.970  13.248 0.2000000030
150719  -34.380  -63.101  12.949 0.1000000015
170220  -34.882  -66.696  13.270 0.1000000015
170688  -37.326  -68.708  11.446 0.1000000015
151332  -39.315  -69.110  11.408 0.1000000015
151722  -33.596  -64.966  11.410 0.1000000015
145189  -34.561  -65.297  9.095 0.1000000015
145188  -38.624  -68.116  10.018 0.1000000015
153594  -37.999  -64.745  6.266 0.1000000015
170064  -38.260  -62.813  4.731 0.1000000015
5452  -43.864  -82.519  24.833 0.3000000119
5950  -44.559  -82.106  24.286 0.3000000119
7617  -42.890  -79.403  26.400 0.3000000119
7037  -43.336  -80.374  24.942 0.3000000119
6459  -44.739  -80.982  23.866 0.3000000119
179235  -45.040  -81.092  23.455 0.3000000119
6463  -45.003  -81.371  22.803 0.4000000060
8816  -42.894  -78.319  24.324 0.3000000119
8214  -43.341  -79.800  24.318 0.3000000119
7629  -44.160  -80.606  23.380 0.5000000000
7044  -44.242  -81.132  22.698 0.5000000000
10007  -42.263  -75.893  23.600 0.4000000060
9393  -42.585  -77.249  23.144 0.5000000000
8820  -42.556  -78.292  22.649 0.4000000060
8215  -42.473  -79.379  22.161 0.4000000060
8220  -42.484  -80.419  21.574 0.5000000000
12129  -35.963  -71.138  22.913 0.4000000060
11384  -38.311  -73.030  21.415 0.4000000060
11385  -39.434  -73.907  21.026 0.5000000000
10682  -41.296  -75.112  21.925 0.5000000000
151457  -35.508  -69.371  24.684 0.4000000060
149062  -34.721  -69.003  23.065 0.4000000060
169636  -35.261  -70.218  21.014 0.4000000060
12130  -36.823  -71.933  21.698 0.5000000000
149986  -36.239  -67.507  23.551 0.4000000060
171193  -35.811  -67.526  21.846 0.4000000060
13617  -37.053  -68.612  25.085 0.4000000060
151640  -38.718  -68.835  24.853 0.3000000119
149057  -38.137  -66.822  23.205 0.3000000119
145151  -40.286  -68.221  23.659 0.3000000119
178728  -39.882  -67.170  22.944 0.3000000119
13628  -41.368  -68.888  23.413 0.3000000119
150342  -41.487  -68.204  23.440 0.2000000030
145155  -42.394  -66.879  23.760 0.1000000015
145140  -41.710  -66.027  23.769 0.1000000015
183074  -40.262  -62.744  23.168 0.1000000015
151591  -38.328  -62.808  17.199 0.2000000030
167969  -39.549  -61.775  22.163 0.1000000015
173150  -39.291  -60.916  20.439 0.1000000015
145166  -38.571  -60.549  17.826 0.2000000030
151316  -38.852  -62.569  16.968 0.2000000030
152061  -35.900  -62.344  16.451 0.1000000015
145184  -35.328  -60.954  16.350 0.1000000015
150785  -34.992  -62.404  14.789 0.1000000015
145192  -35.144  -60.174  14.840 0.1000000015
179864  -33.675  -62.930  11.393 0.1000000015
171184  -33.605  -63.019  9.292 0.1000000015
150983  -35.041  -60.839  10.516 0.1000000015
145196  -34.564  -61.117  8.096 0.1000000015
155303  -35.693  -61.036  6.415 0.1000000015
169357  -38.044  -60.327  7.017 0.1000000015
148822  -38.990  -61.209  5.782 0.1000000015
171424  -40.687  -60.749  6.365 0.1000000015
173008  -41.871  -60.555  5.580 0.1000000015
173619  -42.791  -60.940  4.797 0.1000000015
149005  -44.468  -59.342  3.484 0.1000000015
6450  -42.462  -80.430  27.100 0.3000000119
5931  -42.200  -80.827  27.540 0.2000000030
8204  -42.878  -78.552  26.503 0.3000000119
9378  -42.839  -77.212  25.308 0.4000000060
9983  -42.748  -76.623  25.356 0.3000000119
12124  -38.236  -72.243  23.986 0.3000000119
11363  -38.415  -72.681  22.938 0.3000000119
11373  -40.116  -73.603  22.851 0.4000000060
165982  -41.323  -74.431  23.493 0.4000000060
9982  -42.417  -75.870  25.576 0.3000000119
12880  -35.792  -70.096  25.211 0.3000000119
145118  -36.606  -71.407  23.999 0.3000000119
10655  -41.469  -74.573  24.490 0.4000000060
10656  -42.000  -75.209  24.999 0.4000000060
9967  -42.293  -75.871  26.459 0.3000000119
14329  -39.355  -68.935  26.669 0.3000000119
150455  -35.931  -69.000  25.138 0.3000000119
14333  -38.266  -68.866  25.870 0.3000000119
13612  -40.716  -69.246  26.655 0.3000000119
13618  -39.556  -69.095  25.648 0.3000000119
13619  -40.773  -69.714  25.202 0.3000000119
13623  -40.152  -69.077  24.463 0.3000000119
13624  -41.507  -70.105  24.163 0.3000000119
152182  -42.518  -68.368  23.596 0.2000000030
145169  -43.049  -67.978  23.726 0.1000000015
150154  -44.078  -67.949  23.595 0.1000000015
153618  -45.196  -66.800  22.873 0.1000000015
150864  -42.552  -65.302  23.783 0.1000000015
145159  -44.707  -64.119  22.052 0.1000000015
169690  -42.600  -63.941  23.167 0.1000000015
179617  -42.017  -61.867  21.897 0.1000000015
150303  -39.791  -60.288  19.041 0.1000000015
169855  -39.850  -60.831  17.092 0.2000000030
185516  -38.728  -59.699  18.575 0.2000000030
169926  -35.185  -59.137  16.955 0.1000000015
171002  -38.870  -58.044  17.475 0.1000000015
150412  -35.807  -58.009  14.862 0.1000000015
145191  -35.704  -60.678  13.104 0.1000000015
145218  -37.628  -56.769  14.461 0.1000000015
150283  -36.120  -59.395  13.326 0.1000000015
170593  -37.313  -60.340  11.040 0.1000000015
145198  -37.726  -60.138  12.092 0.1000000015
149553  -38.759  -60.214  10.889 0.1000000015
150204  -39.277  -59.664  9.450 0.1000000015
168480  -40.063  -59.298  7.549 0.1000000015
169522  -41.928  -58.838  7.037 0.1000000015
168109  -41.959  -59.275  8.351 0.1000000015
168623  -42.574  -59.494  6.068 0.1000000015
148358  -43.283  -58.713  7.700 0.1000000015
169358  -43.472  -59.484  5.002 0.1000000015
173012  -44.124  -58.465  6.935 0.1000000015
169662  -46.982  -58.972  5.078 0.1000000015
169523  -46.395  -58.997  5.800 0.1000000015
145273  -48.842  -59.506  6.980 0.1000000015
7019  -40.971  -80.598  28.566 0.2000000030
5929  -41.252  -81.919  28.234 0.2000000030
6416  -41.115  -79.511  29.584 0.2000000030
7610  -42.736  -79.147  27.891 0.3000000119
7555  -40.640  -78.437  30.855 0.2000000030
7568  -42.354  -78.787  29.215 0.3000000119
8775  -42.570  -78.610  27.907 0.3000000119
11364  -39.885  -73.242  24.209 0.3000000119
11354  -40.913  -74.008  24.944 0.3000000119
9956  -42.421  -76.635  26.880 0.3000000119
12868  -36.661  -70.639  25.973 0.3000000119
12104  -36.868  -71.243  25.407 0.3000000119
12116  -37.782  -71.861  24.766 0.3000000119
11353  -40.287  -73.463  25.484 0.3000000119
11346  -41.144  -74.166  26.072 0.3000000119
10641  -41.934  -75.037  26.034 0.3000000119
14317  -38.947  -68.941  27.458 0.3000000119
13601  -37.410  -69.764  27.236 0.3000000119
11336  -40.894  -74.055  27.178 0.3000000119
10625  -41.502  -74.747  26.924 0.3000000119
10626  -41.958  -75.332  26.874 0.2000000030
9353  -41.978  -76.875  27.653 0.2000000030
14305  -40.548  -69.199  28.261 0.2000000030
14318  -40.151  -68.943  27.568 0.2000000030
13602  -41.396  -69.470  27.637 0.3000000119
12870  -41.682  -70.802  25.635 0.3000000119
12881  -41.582  -70.687  24.860 0.3000000119
12891  -42.408  -70.686  23.906 0.2000000030
12892  -43.329  -71.032  23.784 0.2000000030
152656  -44.374  -69.969  23.652 0.1000000015
169764  -45.850  -68.405  23.202 0.1000000015
145156  -46.793  -67.137  21.943 0.1000000015
145133  -47.536  -68.548  22.296 0.1000000015
175407  -48.569  -68.414  21.376 0.1000000015
152315  -46.088  -65.481  21.551 0.1000000015
145179  -46.930  -65.372  20.712 0.1000000015
17692  -48.619  -65.658  19.595 0.1000000015
16761  -49.239  -67.087  19.657 0.1000000015
165392  -50.349  -68.056  18.726 0.1000000015
150313  -44.546  -63.195  21.571 0.1000000015
19334  -45.214  -62.616  20.421 0.1000000015
19336  -47.203  -63.336  19.518 0.1000000015
179812  -48.046  -64.967  19.684 0.1000000015
17695  -49.442  -65.302  18.780 0.1000000015
16765  -50.302  -66.420  18.378 0.1000000015
20136  -42.601  -61.053  19.414 0.1000000015
20137  -43.818  -61.292  19.050 0.1000000015
145209  -40.937  -60.183  18.161 0.1000000015
150334  -40.164  -59.605  18.156 0.2000000030
153622  -39.733  -56.615  13.894 0.1000000015
174815  -37.290  -58.196  13.070 0.1000000015
150763  -40.001  -58.604  11.767 0.1000000015
170592  -40.195  -59.720  10.813 0.1000000015
145200  -40.656  -59.818  9.658 0.1000000015
173014  -42.163  -59.244  9.526 0.1000000015
169359  -41.375  -59.696  9.062 0.1000000015
173109  -43.824  -58.570  8.429 0.1000000015
171272  -44.846  -58.425  7.983 0.1000000015
173618  -45.799  -58.722  6.744 0.1000000015
9271  -37.310  -75.935  32.762 0.2000000030
8145  -41.718  -78.110  30.425 0.2000000030
8774  -42.296  -78.008  28.337 0.3000000119
9354  -42.448  -77.347  27.277 0.3000000119
9860  -37.620  -75.487  32.870 0.2000000030
8714  -38.309  -76.845  32.345 0.2000000030
8748  -41.582  -77.730  30.187 0.2000000030
8749  -41.894  -77.938  29.586 0.3000000119
9342  -42.170  -77.578  28.075 0.3000000119
185005  -37.934  -71.378  27.401 0.3000000119
12096  -39.002  -72.591  26.762 0.3000000119
183083  -39.730  -73.166  26.892 0.3000000119
11328  -40.262  -74.316  27.933 0.3000000119
12847  -38.301  -70.533  28.332 0.3000000119
12085  -38.210  -71.378  28.171 0.3000000119
11327  -39.067  -73.701  28.358 0.3000000119
10595  -39.725  -74.561  28.736 0.3000000119
10610  -41.068  -74.780  27.709 0.3000000119
12825  -42.197  -71.139  29.810 0.2000000030
13577  -39.537  -70.446  29.418 0.3000000119
10596  -41.053  -75.482  28.189 0.2000000030
9943  -41.540  -76.228  28.129 0.2000000030
12849  -42.039  -70.385  28.990 0.2000000030
13603  -42.242  -70.207  27.540 0.2000000030
12850  -42.890  -70.536  28.093 0.2000000030
13613  -41.831  -70.258  26.635 0.3000000119
12861  -42.721  -70.818  27.125 0.3000000119
12882  -42.328  -71.548  25.286 0.3000000119
12887  -43.006  -71.824  24.131 0.2000000030
12871  -42.402  -71.307  26.181 0.3000000119
12119  -43.264  -72.750  25.417 0.2000000030
12125  -43.464  -72.585  24.532 0.2000000030
12132  -44.801  -72.095  23.759 0.2000000030
152570  -46.324  -70.704  23.566 0.1000000015
20143  -45.144  -61.669  18.088 0.1000000015
19343  -46.948  -62.180  17.975 0.1000000015
165816  -47.671  -62.670  18.299 0.1000000015
18539  -48.420  -63.608  17.324 0.1000000015
20147  -42.980  -60.855  17.664 0.1000000015
20142  -44.133  -61.276  17.833 0.1000000015
20149  -45.148  -61.900  17.095 0.1000000015
185376  -46.114  -63.263  16.253 0.1000000015
20965  -42.012  -60.301  17.526 0.1000000015
166725  -43.232  -60.929  16.886 0.1000000015
20971  -43.400  -60.914  16.255 0.1000000015
20159  -44.383  -61.867  15.338 0.1000000015
19352  -44.680  -62.553  15.209 0.1000000015
20970  -41.909  -59.893  17.048 0.1000000015
175075  -42.396  -59.106  15.988 0.1000000015
21894  -43.502  -58.977  15.168 0.1000000015
22804  -43.115  -57.554  14.654 0.1000000015
171296  -40.297  -57.019  15.997 0.1000000015
149837  -40.828  -56.569  14.681 0.1000000015
170083  -42.853  -56.631  13.323 0.1000000015
145203  -40.542  -57.368  12.440 0.1000000015
171456  -41.690  -57.472  11.794 0.1000000015
150045  -42.212  -58.353  10.658 0.1000000015
168306  -42.936  -58.928  8.930 0.1000000015
13546  -35.951  -71.218  31.808 0.3000000119
10497  -36.883  -73.649  32.758 0.3000000119
9861  -38.556  -76.088  32.473 0.3000000119
9275  -39.611  -76.895  31.932 0.2000000030
9299  -40.901  -77.104  30.846 0.2000000030
9300  -41.219  -77.237  30.478 0.2000000030
9848  -38.265  -75.292  32.514 0.3000000119
9879  -39.472  -76.405  31.863 0.3000000119
9897  -40.598  -76.708  30.771 0.3000000119
9329  -41.674  -77.313  29.363 0.2000000030
12073  -38.464  -72.108  29.648 0.3000000119
10559  -38.482  -73.733  31.321 0.3000000119
10560  -38.952  -74.901  31.467 0.3000000119
10578  -40.093  -75.589  29.941 0.3000000119
9916  -41.190  -76.844  29.928 0.2000000030
180389  -41.758  -71.654  30.529 0.2000000030
12823  -39.153  -71.508  30.270 0.3000000119
11289  -38.704  -72.556  31.774 0.3000000119
12063  -42.040  -72.121  30.945 0.2000000030
177278  -43.123  -72.526  30.629 0.2000000030
12074  -43.333  -71.427  29.387 0.2000000030
12087  -43.647  -71.263  28.420 0.2000000030
12097  -43.793  -71.961  27.454 0.3000000119
11347  -43.934  -72.951  26.949 0.2000000030
11365  -43.791  -73.290  24.986 0.2000000030
22808  -43.942  -58.599  14.259 0.1000000015
145208  -42.804  -56.712  12.530 0.1000000015
151824  -42.704  -57.154  11.654 0.1000000015
151446  -41.033  -58.617  11.246 0.1000000015
15040  -35.490  -69.133  30.634 0.1000000015
15856  -35.647  -68.156  30.319 0.2000000030
14274  -35.980  -69.697  31.358 0.3000000119
12805  -36.426  -71.304  32.357 0.3000000119
13537  -36.747  -70.619  32.546 0.3000000119
12778  -37.083  -71.411  32.851 0.3000000119
158093  -38.256  -73.656  32.113 0.3000000119
10518  -38.037  -73.929  32.440 0.3000000119
11274  -40.750  -72.081  32.460 0.3000000119
11254  -40.250  -71.816  32.648 0.3000000119
12004  -39.440  -71.384  33.222 0.3000000119
11235  -38.226  -72.414  32.618 0.3000000119
12006  -41.820  -71.626  33.541 0.2000000030
11292  -42.627  -73.086  32.162 0.2000000030
182938  -43.034  -73.233  31.683 0.1000000015
12088  -43.926  -71.832  29.009 0.2000000030
10561  -44.218  -74.048  32.086 0.1000000015
159194  -43.964  -72.968  30.063 0.2000000030
166029  -44.736  -73.295  28.939 0.2000000030
11318  -44.686  -73.380  29.545 0.2000000030
11330  -44.690  -73.341  28.318 0.3000000119
15020  -37.120  -69.205  32.100 0.3000000119
13538  -37.233  -70.603  32.945 0.3000000119
13516  -37.816  -70.604  33.463 0.3000000119
12756  -38.143  -71.196  33.452 0.3000000119
13493  -40.437  -70.616  33.974 0.3000000119
12758  -39.918  -70.771  33.870 0.3000000119
12757  -39.004  -70.986  33.769 0.3000000119
13494  -41.323  -70.791  33.932 0.2000000030
12760  -41.948  -71.158  33.979 0.2000000030
13496  -43.014  -71.104  33.854 0.1000000015
11239  -44.023  -72.718  33.396 0.1000000015
155374  -44.692  -72.917  33.324 0.1000000015
10562  -44.867  -74.318  31.708 0.1000000015
9898  -45.513  -74.583  31.176 0.1000000015
15831  -37.512  -67.954  31.203 0.3000000119
16653  -37.699  -67.295  30.620 0.2000000030
165349  -38.265  -69.154  32.908 0.3000000119
13517  -38.452  -70.458  33.793 0.3000000119
14997  -38.900  -69.046  32.995 0.3000000119
14246  -40.937  -69.643  33.388 0.2000000030
14245  -40.105  -69.504  33.516 0.3000000119
13518  -39.233  -70.412  34.044 0.3000000119
15026  -41.888  -68.917  32.040 0.2000000030
15000  -41.405  -69.302  32.772 0.2000000030
15815  -43.607  -68.358  31.249 0.1000000015
15027  -42.925  -69.007  31.909 0.1000000015
15838  -44.386  -67.618  30.496 0.1000000015
15028  -44.004  -69.014  31.911 0.1000000015
14227  -44.244  -70.627  33.383 0.1000000015
12762  -44.041  -71.556  33.710 0.1000000015
14250  -44.885  -70.157  32.940 0.1000000015
13524  -44.557  -70.833  33.504 0.1000000015
153894  -45.350  -72.372  33.630 0.1000000015
11220  -45.811  -72.802  33.662 0.1000000015
16654  -38.461  -67.218  30.565 0.2000000030
16655  -39.315  -67.221  30.443 0.2000000030
15833  -39.025  -67.733  31.244 0.2000000030
15835  -40.789  -67.753  30.979 0.2000000030
15024  -40.067  -68.676  32.387 0.2000000030
180810  -42.462  -67.528  30.513 0.1000000015
15813  -41.365  -68.281  31.534 0.2000000030
16659  -43.956  -66.804  29.731 0.1000000015
15816  -44.728  -68.356  31.279 0.1000000015
15004  -45.582  -69.513  32.498 0.1000000015
14228  -45.437  -70.700  33.403 0.1000000015
182952  -45.944  -71.200  33.636 0.1000000015
179855  -46.472  -71.986  34.069 0.1000000015
15840  -46.808  -67.046  30.598 0.1000000015
15030  -46.434  -68.675  31.923 0.1000000015
15005  -46.806  -69.301  32.600 0.1000000015
161949  -46.446  -70.349  33.273 0.1000000015
15841  -47.526  -67.009  31.282 0.1000000015
15817  -47.906  -67.377  32.123 0.1000000015
15797  -47.560  -68.344  32.328 0.1000000015
9406  -45.001  -76.688  20.327 0.4000000060
152851  -43.482  -75.863  18.884 0.5000000000
145115  -43.905  -74.896  19.603 0.5000000000
9405  -44.064  -76.901  19.346 0.4000000060
171465  -44.771  -74.934  20.732 0.5000000000
145116  -44.491  -75.808  20.083 0.6000000238
8834  -44.563  -78.037  19.473 0.5000000000
8234  -41.975  -79.856  18.501 0.4000000060
6477  -46.063  -80.455  19.151 0.5000000000
8227  -42.963  -80.073  18.963 0.4000000060
9398  -45.756  -76.589  21.064 0.5000000000
7636  -45.592  -79.787  19.300 0.5000000000
8825  -45.491  -77.281  20.429 0.6000000238
8230  -46.962  -78.753  20.276 0.5000000000
7639  -47.627  -79.316  19.887 0.3000000119
7643  -48.190  -79.360  18.272 0.5000000000
8229  -45.937  -78.951  19.687 0.5000000000
5966  -44.862  -81.772  18.875 0.5000000000
150708  -45.665  -72.734  20.764 0.4000000060
8235  -48.289  -78.885  19.853 0.4000000060
10023  -51.051  -75.814  18.718 0.5000000000
11400  -49.212  -73.975  16.730 0.4000000060
10695  -48.649  -74.239  16.009 0.4000000060
12152  -46.988  -73.377  16.991 0.4000000060
166321  -50.069  -70.179  15.730 0.3000000119
13649  -49.141  -71.057  15.942 0.4000000060
4973  -42.877  -84.305  23.194 0.2000000030
8832  -40.577  -78.784  19.103 0.5000000000
171200  -45.966  -71.495  19.870 0.3000000119
169249  -47.034  -73.383  20.897 0.4000000060
151998  -46.696  -75.078  21.489 0.6000000238
149245  -42.837  -69.252  19.831 0.3000000119
173479  -44.353  -69.100  18.691 0.4000000060
149558  -45.629  -70.784  19.516 0.4000000060
145145  -46.433  -72.168  20.302 0.5000000000
169957  -47.717  -73.939  21.006 0.6000000238
145124  -48.023  -76.104  21.539 0.6000000238
9400  -47.548  -76.664  21.442 0.6000000238
8826  -46.179  -77.322  20.889 0.6000000238
8835  -45.645  -78.061  20.079 0.6000000238
8222  -47.456  -78.053  20.782 0.5000000000
8231  -47.822  -78.700  20.358 0.5000000000
169060  -46.288  -69.581  17.938 0.4000000060
169873  -46.592  -70.884  18.756 0.4000000060
169248  -47.353  -72.063  19.095 0.5000000000
149887  -49.176  -74.410  20.617 0.6000000238
149209  -48.646  -73.602  20.673 0.5000000000
9402  -49.141  -76.770  20.871 0.5000000000
9401  -48.329  -76.716  21.277 0.5000000000
9408  -50.262  -76.519  19.929 0.5000000000
8223  -48.274  -77.906  20.731 0.5000000000
177418  -45.500  -69.355  18.194 0.4000000060
149344  -44.111  -68.381  17.967 0.4000000060
151529  -46.890  -70.647  17.968 0.5000000000
168640  -48.661  -72.675  19.866 0.5000000000
145152  -50.029  -73.724  19.410 0.4000000060
169956  -49.440  -73.541  20.040 0.5000000000
145135  -50.612  -75.678  19.576 0.5000000000
170230  -44.931  -68.512  17.149 0.4000000060
169360  -45.887  -68.583  16.618 0.5000000000
150301  -47.606  -70.381  17.307 0.5000000000
149920  -48.872  -73.068  18.422 0.4000000060
152832  -50.441  -74.029  18.814 0.5000000000
173478  -47.390  -68.975  16.709 0.5000000000
171616  -48.203  -70.553  17.108 0.4000000060
170630  -47.682  -73.242  17.551 0.4000000060
145167  -46.869  -71.933  17.163 0.4000000060
15953  -46.793  -68.201  15.275 0.4000000060
145172  -45.799  -68.204  15.442 0.4000000060
180246  -48.074  -68.839  16.686 0.4000000060
14361  -49.445  -70.264  16.330 0.4000000060
9397  -41.286  -77.070  21.099 0.5000000000
8218  -41.294  -79.613  19.934 0.4000000060
165876  -44.582  -80.156  19.165 0.5000000000
152630  -40.572  -66.984  22.086 0.2000000030
150335  -42.440  -67.997  18.996 0.4000000060
168187  -41.059  -67.496  20.019 0.3000000119
149423  -39.212  -65.926  18.229 0.3000000119
170917  -39.445  -65.992  17.219 0.3000000119
170002  -40.440  -67.007  16.564 0.3000000119
169435  -42.804  -68.297  15.886 0.3000000119
171263  -42.996  -67.934  16.756 0.3000000119
150548  -43.775  -68.418  15.696 0.3000000119
176585  -41.232  -67.602  15.783 0.3000000119
170837  -41.021  -68.154  15.072 0.3000000119
170838  -43.229  -68.758  15.062 0.3000000119
171261  -42.569  -69.036  14.373 0.3000000119
15960  -43.677  -69.224  14.012 0.3000000119
15951  -45.432  -68.531  14.557 0.4000000060
15157  -47.202  -68.111  14.324 0.4000000060
15959  -42.843  -69.414  13.530 0.2000000030
15969  -44.318  -69.389  13.065 0.2000000030
15967  -41.717  -69.501  11.890 0.2000000030
182796  -39.512  -67.606  9.295 0.1000000015
150741  -36.303  -65.148  7.419 0.1000000015
9392  -42.121  -76.634  22.288 0.4000000060
10019  -41.245  -75.866  21.297 0.4000000060
8819  -42.055  -77.738  21.930 0.5000000000
8216  -42.915  -79.750  22.948 0.4000000060
7632  -42.285  -80.767  20.118 0.5000000000
145177  -40.837  -67.872  22.872 0.2000000030
149911  -40.124  -65.929  23.749 0.2000000030
170932  -41.165  -64.847  23.892 0.1000000015
153125  -41.755  -67.275  23.585 0.1000000015
168188  -37.590  -64.479  19.374 0.2000000030
145185  -38.243  -64.674  17.511 0.2000000030
145175  -37.972  -63.562  17.323 0.2000000030
155054  -38.222  -65.394  16.618 0.2000000030
170814  -36.496  -67.268  14.413 0.2000000030
150945  -37.476  -62.548  16.922 0.2000000030
151947  -35.760  -63.994  15.388 0.1000000015
150213  -38.151  -67.756  14.593 0.2000000030
145183  -34.234  -64.555  13.625 0.1000000015
149340  -36.572  -68.241  13.176 0.2000000030
150153  -35.176  -67.295  11.291 0.1000000015
170177  -40.222  -68.480  10.005 0.1000000015
151435  -36.709  -67.074  9.500 0.1000000015
145205  -34.925  -63.246  7.417 0.1000000015
145195  -36.583  -63.204  5.873 0.1000000015
169116  -37.176  -61.356  5.119 0.1000000015
5448  -43.025  -82.060  24.998 0.3000000119
5947  -43.817  -81.720  24.607 0.3000000119
7611  -42.813  -79.082  27.164 0.3000000119
5941  -42.651  -80.859  26.164 0.3000000119
158231  -42.987  -79.192  25.934 0.3000000119
8210  -43.069  -79.534  24.962 0.3000000119
5945  -43.173  -81.146  25.203 0.3000000119
6458  -43.973  -80.803  24.252 0.3000000119
7624  -43.516  -80.055  23.569 0.3000000119
8821  -42.815  -78.773  23.352 0.3000000119
8815  -42.795  -77.956  23.575 0.3000000119
9379  -42.902  -77.735  25.625 0.3000000119
9389  -42.780  -77.428  24.121 0.3000000119
10670  -41.948  -75.013  22.968 0.4000000060
157697  -42.050  -75.149  24.018 0.4000000060
9996  -42.472  -76.040  24.582 0.4000000060
10008  -42.629  -76.643  23.891 0.4000000060
10669  -40.932  -74.397  22.266 0.4000000060
12115  -35.981  -70.709  24.589 0.4000000060
150680  -38.021  -68.120  24.263 0.3000000119
145176  -41.984  -67.627  23.710 0.2000000030
149297  -43.430  -65.899  23.438 0.1000000015
171269  -38.905  -62.188  17.053 0.2000000030
169691  -42.010  -61.158  20.424 0.1000000015
150165  -39.394  -60.904  17.366 0.2000000030
145213  -38.336  -61.005  17.397 0.1000000015
151103  -36.194  -60.723  17.364 0.1000000015
145190  -35.261  -61.797  12.371 0.1000000015
149990  -36.973  -60.856  12.107 0.1000000015
170188  -36.927  -60.314  8.968 0.1000000015
173786  -41.098  -59.213  7.514 0.1000000015
6440  -42.044  -80.406  28.201 0.2000000030
6429  -42.500  -79.449  28.244 0.2000000030
5438  -41.552  -82.055  27.530 0.2000000030
8797  -42.832  -77.869  26.392 0.3000000119
12117  -39.299  -72.637  25.041 0.3000000119
178255  -40.810  -73.990  24.045 0.4000000060
159968  -36.476  -69.545  26.108 0.3000000119
14328  -38.042  -68.877  26.559 0.3000000119
13629  -42.478  -69.678  23.677 0.1000000015
171678  -44.765  -65.483  22.660 0.1000000015
145168  -44.344  -68.876  23.640 0.1000000015
145170  -45.901  -66.255  22.036 0.1000000015
145199  -43.203  -64.537  23.279 0.1000000015
20121  -43.962  -62.351  21.166 0.1000000015
145186  -45.788  -63.839  20.889 0.1000000015
170170  -40.711  -60.164  18.036 0.1000000015
171297  -36.736  -59.113  18.570 0.1000000015
150067  -36.620  -57.137  16.717 0.1000000015
169205  -38.884  -56.579  15.583 0.1000000015
171113  -38.968  -59.252  11.842 0.1000000015
6426  -41.166  -80.239  28.849 0.2000000030
7566  -40.711  -78.796  30.361 0.2000000030
175431  -41.730  -78.973  30.271 0.2000000030
7009  -42.028  -79.352  29.442 0.3000000119
7556  -42.102  -78.620  30.084 0.2000000030
12860  -37.690  -70.558  27.542 0.3000000119
12869  -37.854  -71.653  26.564 0.3000000119
11345  -40.346  -73.587  26.529 0.3000000119
14304  -39.553  -69.128  28.233 0.3000000119
13590  -38.925  -69.848  28.683 0.3000000119
13578  -40.759  -70.306  29.365 0.3000000119
185133  -43.491  -70.131  23.656 0.1000000015
12131  -43.855  -72.015  23.860 0.2000000030
12893  -44.288  -71.120  23.707 0.1000000015
149122  -45.634  -69.060  23.510 0.1000000015
151879  -46.511  -67.876  22.631 0.1000000015
182334  -47.020  -66.655  21.508 0.1000000015
165482  -48.255  -68.782  21.850 0.1000000015
145180  -47.776  -67.071  21.098 0.1000000015
145157  -48.657  -67.147  20.366 0.1000000015
150955  -48.126  -66.390  20.308 0.1000000015
145178  -46.132  -64.691  20.988 0.1000000015
18532  -46.790  -63.991  20.135 0.1000000015
149687  -47.704  -65.597  20.190 0.1000000015
153362  -47.255  -64.825  20.127 0.1000000015
17693  -49.293  -66.231  19.270 0.1000000015
18534  -48.686  -64.649  19.159 0.1000000015
16764  -49.762  -66.812  18.970 0.1000000015
15931  -49.759  -67.799  19.279 0.1000000015
15938  -50.302  -67.305  18.578 0.1000000015
184500  -44.935  -62.180  20.001 0.1000000015
19335  -46.181  -63.078  20.144 0.1000000015
20138  -45.230  -61.842  19.063 0.1000000015
19339  -47.863  -63.164  18.904 0.1000000015
20139  -46.288  -62.106  18.735 0.1000000015
18536  -48.527  -63.803  18.710 0.1000000015
18537  -49.163  -64.389  18.359 0.1000000015
15941  -50.896  -66.916  18.006 0.1000000015
20141  -42.431  -60.774  18.697 0.1000000015
176978  -42.050  -60.379  17.723 0.1000000015
149281  -40.997  -58.505  16.720 0.1000000015
10540  -36.441  -74.710  32.718 0.2000000030
9273  -38.679  -76.615  32.392 0.2000000030
8133  -39.546  -77.549  31.881 0.2000000030
10516  -36.825  -74.314  32.886 0.3000000119
8727  -40.338  -77.550  31.551 0.2000000030
11326  -38.543  -72.928  28.322 0.3000000119
9930  -40.426  -75.402  28.972 0.3000000119
12834  -39.036  -71.209  29.733 0.3000000119
155771  -38.317  -73.028  29.123 0.3000000119
10586  -39.358  -74.714  29.706 0.3000000119
11317  -38.665  -73.829  29.441 0.3000000119
161426  -40.808  -76.195  29.445 0.3000000119
12824  -40.664  -71.339  30.387 0.3000000119
12872  -43.116  -71.651  26.735 0.3000000119
12118  -42.829  -72.171  24.904 0.2000000030
12894  -45.433  -71.111  23.674 0.1000000015
12133  -45.746  -72.292  23.690 0.2000000030
180098  -46.574  -69.198  23.200 0.1000000015
19342  -46.023  -62.149  17.469 0.1000000015
19348  -46.776  -62.823  16.816 0.1000000015
18540  -49.161  -64.300  17.341 0.1000000015
20148  -44.261  -61.633  16.683 0.1000000015
19347  -45.769  -62.720  16.561 0.1000000015
20155  -44.643  -62.345  15.763 0.1000000015
20974  -43.338  -60.240  15.783 0.1000000015
160631  -41.985  -57.426  15.366 0.1000000015
170180  -42.404  -56.655  14.196 0.1000000015
145202  -41.870  -56.586  13.041 0.1000000015
12021  -36.374  -72.335  32.546 0.3000000119
12036  -35.939  -72.647  32.415 0.3000000119
12777  -36.707  -71.892  32.646 0.3000000119
11233  -36.981  -73.060  32.710 0.3000000119
9914  -39.843  -75.867  30.747 0.3000000119
9878  -38.670  -75.022  32.060 0.3000000119
12046  -38.394  -72.661  31.048 0.3000000119
10576  -38.499  -73.801  30.431 0.3000000119
11273  -38.830  -72.233  32.073 0.3000000119
12062  -40.760  -71.862  30.969 0.3000000119
11291  -41.517  -72.458  32.150 0.3000000119
11275  -42.073  -72.756  32.658 0.2000000030
12047  -39.562  -72.023  31.487 0.3000000119
12075  -43.680  -72.160  29.726 0.2000000030
11338  -44.511  -73.486  27.396 0.2000000030
11348  -44.323  -73.695  26.468 0.2000000030
11366  -44.596  -73.552  24.672 0.2000000030
15053  -34.900  -68.553  29.957 0.1000000015
15829  -36.373  -68.355  30.896 0.2000000030
15019  -36.572  -69.422  31.781 0.3000000119
11234  -37.750  -73.201  32.612 0.3000000119
11979  -37.763  -71.834  32.998 0.3000000119
11237  -41.240  -71.992  32.943 0.3000000119
11982  -40.086  -71.166  33.592 0.3000000119
11238  -42.264  -72.223  33.344 0.2000000030
10543  -43.101  -73.284  32.656 0.2000000030
11294  -44.243  -73.898  31.360 0.1000000015
10519  -43.573  -73.383  32.979 0.1000000015
11305  -44.462  -73.615  30.467 0.2000000030
15830  -36.875  -68.134  31.071 0.3000000119
14995  -37.338  -69.643  32.690 0.3000000119
14222  -39.651  -69.969  33.960 0.3000000119
14224  -41.177  -69.959  33.630 0.2000000030
14225  -42.231  -70.410  33.526 0.2000000030
12007  -42.665  -72.115  33.502 0.2000000030
12008  -43.603  -72.133  33.645 0.1000000015
180620  -43.616  -71.324  33.709 0.1000000015
14226  -43.212  -70.567  33.423 0.1000000015
14248  -42.782  -69.952  32.961 0.1000000015
10522  -45.468  -73.854  33.196 0.1000000015
15832  -38.225  -67.797  31.274 0.3000000119
14998  -39.700  -69.007  33.033 0.3000000119
15812  -40.433  -68.269  31.701 0.2000000030
15814  -42.448  -68.230  31.252 0.1000000015
15837  -43.281  -67.626  30.520 0.1000000015
175424  -45.711  -68.302  31.401 0.1000000015
164882  -45.858  -71.968  33.834 0.1000000015
16656  -40.214  -67.208  30.306 0.2000000030
178852  -42.929  -66.892  29.833 0.1000000015
14251  -46.023  -70.050  32.972 0.1000000015
177266  -47.332  -67.873  31.732 0.1000000015
7073  -47.799  -79.983  17.869 0.3000000119
6494  -46.269  -81.304  16.592 0.3000000119
6489  -46.830  -80.978  17.090 0.3000000119
5540  -41.910  -82.363  12.453 0.2000000030
5070  -40.475  -81.118  12.434 0.2000000030
5988  -45.132  -82.340  15.415 0.4000000060
5995  -44.674  -82.527  14.770 0.3000000119
7079  -47.817  -80.015  16.866 0.4000000060
5039  -43.379  -83.370  14.088 0.3000000119
7648  -48.823  -78.990  17.889 0.4000000060
6503  -46.874  -80.705  15.436 0.4000000060
6003  -44.600  -82.180  13.702 0.3000000119
5541  -41.958  -80.679  12.432 0.2000000030
7651  -48.296  -79.328  16.573 0.4000000060
7083  -47.385  -80.232  16.017 0.4000000060
6509  -45.842  -81.230  14.170 0.4000000060
8243  -49.255  -78.377  17.530 0.4000000060
8241  -49.780  -77.944  18.067 0.4000000060
7090  -46.918  -80.428  14.568 0.4000000060
6004  -45.146  -81.182  13.573 0.3000000119
155798  -43.372  -79.528  12.429 0.3000000119
7655  -48.923  -78.938  16.199 0.4000000060
163786  -47.304  -80.208  15.222 0.4000000060
6517  -45.820  -79.620  13.477 0.3000000119
6013  -44.008  -79.469  12.675 0.4000000060
8849  -50.231  -77.251  16.840 0.4000000060
7091  -47.574  -79.881  14.560 0.4000000060
6525  -44.940  -79.381  12.961 0.3000000119
9416  -51.071  -75.907  17.785 0.4000000060
8249  -49.322  -78.279  15.808 0.4000000060
7658  -48.854  -78.866  15.313 0.4000000060
7099  -47.386  -79.826  13.646 0.4000000060
9422  -50.577  -76.507  16.410 0.4000000060
7660  -48.094  -79.371  14.052 0.4000000060
7666  -47.330  -79.616  12.806 0.3000000119
9420  -51.054  -75.843  16.839 0.4000000060
8250  -49.925  -77.757  15.389 0.4000000060
8251  -49.316  -78.229  14.852 0.4000000060
163696  -47.941  -79.424  13.319 0.4000000060
9425  -50.537  -76.413  15.555 0.4000000060
8852  -50.321  -77.053  14.993 0.4000000060
8255  -49.294  -78.166  13.768 0.4000000060
8254  -48.561  -78.875  13.368 0.4000000060
164529  -47.415  -79.429  12.147 0.3000000119
9423  -51.019  -75.830  15.909 0.4000000060
8256  -49.941  -77.380  13.517 0.4000000060
156554  -49.096  -78.268  12.890 0.4000000060
7667  -48.075  -79.251  12.625 0.3000000119
7129  -47.103  -79.829  10.661 0.2000000030
10700  -50.019  -74.701  15.709 0.3000000119
9428  -50.507  -76.183  14.670 0.4000000060
10032  -50.704  -75.293  15.429 0.4000000060
154204  -50.208  -75.796  13.825 0.4000000060
8857  -50.019  -76.551  12.643 0.4000000060
8856  -49.521  -77.552  12.883 0.4000000060
159379  -48.113  -79.143  11.814 0.2000000030
7677  -48.180  -79.040  10.915 0.2000000030
7143  -47.085  -80.142  8.860 0.3000000119
165979  -47.076  -74.123  15.674 0.3000000119
10699  -47.856  -74.338  15.060 0.3000000119
10703  -48.153  -74.664  14.123 0.3000000119
8865  -49.376  -76.911  11.420 0.3000000119
8274  -48.464  -78.300  10.110 0.2000000030
8268  -49.196  -77.657  11.058 0.2000000030
7689  -48.013  -79.143  10.028 0.2000000030
160764  -47.086  -80.119  8.054 0.2000000030
11398  -46.736  -73.537  15.672 0.3000000119
9430  -49.793  -75.731  12.898 0.4000000060
159210  -48.481  -72.040  14.856 0.3000000119
11404  -46.874  -73.341  13.705 0.3000000119
152755  -46.878  -74.182  12.648 0.2000000030
9433  -47.400  -75.388  11.068 0.2000000030
8284  -48.215  -78.448  9.221 0.1000000015
7153  -47.115  -79.669  7.253 0.2000000030
181844  -47.994  -73.039  12.278 0.2000000030
155183  -46.791  -74.048  11.696 0.2000000030
10041  -46.565  -74.872  10.555 0.1000000015
8870  -48.961  -76.505  10.422 0.1000000015
8293  -48.166  -77.427  8.408 0.1000000015
7716  -47.585  -78.657  7.436 0.1000000015
160555  -49.278  -71.322  15.190 0.2000000030
12154  -47.355  -72.677  14.310 0.3000000119
12155  -48.156  -72.652  13.419 0.3000000119
15163  -48.797  -68.290  13.678 0.2000000030
181208  -50.373  -70.008  14.170 0.1000000015
12914  -49.991  -71.267  14.396 0.3000000119
12157  -49.137  -72.570  12.631 0.2000000030
10710  -46.959  -74.181  10.781 0.1000000015
9434  -47.530  -75.581  9.739 0.1000000015
8874  -47.486  -76.616  7.736 0.1000000015
157730  -47.852  -77.690  7.591 0.1000000015
15165  -50.159  -69.453  13.957 0.2000000030
12916  -50.496  -71.263  13.429 0.2000000030
12156  -50.043  -71.991  13.070 0.2000000030
162431  -49.552  -72.658  11.909 0.1000000015
10709  -47.964  -73.323  11.702 0.1000000015
10042  -47.350  -74.273  9.840 0.1000000015
10043  -48.108  -74.638  9.121 0.1000000015
8875  -47.517  -76.194  8.261 0.1000000015
8297  -47.180  -77.566  6.905 0.1000000015
7726  -45.598  -78.043  5.360 0.1000000015
13652  -50.886  -70.660  12.721 0.1000000015
12158  -50.580  -71.931  12.106 0.2000000030
12160  -50.621  -72.074  11.387 0.1000000015
165228  -49.083  -73.769  10.221 0.1000000015
10046  -49.125  -75.156  8.372 0.1000000015
9438  -47.425  -75.688  8.173 0.1000000015
8879  -47.509  -76.188  6.992 0.1000000015
8304  -46.355  -77.234  5.984 0.1000000015
8885  -44.960  -76.820  4.783 0.1000000015
11411  -50.503  -73.003  9.850 0.1000000015
10051  -50.403  -74.869  7.873 0.1000000015
179468  -46.560  -77.495  4.602 0.1000000015
8310  -45.690  -77.834  4.808 0.1000000015
9447  -49.000  -75.656  7.024 0.1000000015
10598  -45.681  -74.555  28.369 0.2000000030
15162  -47.938  -68.107  13.673 0.2000000030
15164  -49.624  -68.788  13.758 0.1000000015
13651  -50.496  -70.550  13.788 0.1000000015
14364  -50.590  -69.937  13.209 0.1000000015
12159  -51.279  -71.644  11.331 0.1000000015
14367  -50.926  -70.134  12.323 0.1000000015
12161  -51.460  -71.914  10.920 0.1000000015
178802  -50.302  -73.714  9.530 0.1000000015
8312  -46.357  -77.247  5.345 0.1000000015
8299  -46.660  -76.878  6.463 0.1000000015
9441  -47.786  -75.756  7.413 0.1000000015
10718  -51.020  -74.333  8.280 0.1000000015
6502  -46.280  -81.258  15.740 0.3000000119
6495  -46.873  -80.893  16.271 0.4000000060
5531  -43.134  -83.031  12.844 0.3000000119
5996  -45.274  -82.043  14.397 0.3000000119
161196  -46.384  -81.064  14.850 0.3000000119
5542  -43.595  -81.624  12.723 0.3000000119
7654  -48.299  -79.303  15.758 0.4000000060
166987  -44.682  -79.910  13.200 0.3000000119
8244  -49.887  -77.914  17.194 0.4000000060
185161  -47.178  -80.135  14.136 0.4000000060
159580  -46.645  -79.824  13.043 0.3000000119
8247  -49.930  -77.866  16.309 0.4000000060
8854  -50.282  -76.623  13.854 0.4000000060
8260  -48.591  -78.621  12.388 0.2000000030
157069  -47.472  -79.336  10.621 0.2000000030
10036  -48.913  -75.064  13.275 0.3000000119
8861  -49.295  -76.255  11.708 0.2000000030
7708  -47.380  -79.361  8.217 0.2000000030
11402  -46.774  -73.610  14.849 0.3000000119
10707  -46.973  -74.400  13.263 0.3000000119
8866  -48.801  -76.008  10.986 0.2000000030
8285  -48.573  -77.514  9.350 0.1000000015
10039  -47.638  -74.842  12.245 0.4000000060
163601  -46.745  -73.964  13.011 0.2000000030
10040  -46.938  -74.768  11.295 0.2000000030
9435  -47.212  -75.385  10.400 0.1000000015
7717  -46.684  -79.276  6.346 0.1000000015
9437  -46.726  -75.065  9.580 0.1000000015
166908  -48.041  -76.597  8.815 0.1000000015
12915  -49.384  -72.026  13.976 0.3000000119
9439  -47.577  -75.323  8.803 0.1000000015
8876  -47.162  -76.620  7.097 0.1000000015
7720  -46.448  -78.121  6.132 0.1000000015
15174  -50.024  -69.206  12.993 0.1000000015
12917  -50.873  -71.322  12.511 0.1000000015
11408  -49.969  -72.942  10.581 0.1000000015
10044  -49.317  -74.222  9.458 0.1000000015
9442  -48.201  -75.471  7.881 0.1000000015
10047  -49.862  -74.616  8.706 0.1000000015
8317  -44.776  -78.039  4.061 0.1000000015
11412  -51.460  -72.606  9.641 0.1000000015
13656  -51.726  -70.994  11.451 0.1000000015
4522  -42.041  -85.185  19.269 0.3000000119
4532  -42.166  -85.093  18.438 0.2000000030
4530  -40.938  -85.559  17.923 0.3000000119
4539  -42.151  -84.942  17.545 0.2000000030
4988  -43.850  -83.834  20.518 0.4000000060
4996  -43.314  -84.207  19.414 0.2000000030
4997  -43.924  -83.719  19.809 0.4000000060
5006  -43.259  -84.232  18.485 0.3000000119
4538  -41.311  -85.282  17.319 0.2000000030
5483  -44.494  -82.618  19.205 0.4000000060
5022  -42.423  -84.547  17.008 0.2000000030
4547  -40.329  -85.863  16.247 0.1000000015
4549  -41.873  -85.006  16.652 0.2000000030
4557  -40.733  -85.465  15.718 0.1000000015
5500  -44.882  -82.884  17.905 0.3000000119
3558  -39.561  -86.245  15.861 0.1000000015
158735  -42.329  -84.450  16.124 0.2000000030
160983  -39.631  -86.164  15.035 0.1000000015
4099  -40.090  -85.959  14.542 0.1000000015
4566  -40.775  -85.349  14.803 0.1000000015
5037  -41.594  -84.766  14.463 0.1000000015
3584  -37.961  -86.355  13.222 0.1000000015
4106  -38.640  -86.116  13.368 0.1000000015
165598  -40.370  -85.391  14.025 0.1000000015
4118  -38.485  -85.445  12.761 0.1000000015
4107  -39.265  -85.708  13.052 0.1000000015
5490  -44.942  -82.445  18.468 0.3000000119
5498  -43.766  -83.681  17.091 0.2000000030
162034  -43.027  -84.120  15.582 0.2000000030
4558  -41.526  -85.020  15.624 0.2000000030
5030  -42.231  -84.380  15.154 0.2000000030
4574  -39.736  -85.073  12.858 0.1000000015
4596  -36.995  -84.723  12.031 0.1000000015
160219  -46.058  -81.431  18.163 0.2000000030
5979  -45.224  -82.290  17.729 0.3000000119
5508  -43.635  -83.576  16.140 0.2000000030
5038  -42.246  -84.217  14.028 0.2000000030
4586  -40.840  -84.596  12.847 0.1000000015
4597  -37.553  -84.363  12.292 0.1000000015
4584  -39.109  -84.334  12.688 0.1000000015
5985  -45.987  -81.829  16.967 0.3000000119
5518  -44.460  -83.042  15.568 0.3000000119
7057  -46.948  -80.285  19.205 0.2000000030
178723  -42.795  -83.715  13.702 0.2000000030
5046  -42.322  -83.742  12.982 0.1000000015
4600  -39.054  -82.386  12.570 0.1000000015
4585  -39.989  -84.046  12.521 0.1000000015
5067  -39.715  -82.105  12.088 0.1000000015
155468  -46.697  -80.983  17.920 0.2000000030
153672  -40.681  -79.838  12.411 0.1000000015
5068  -39.253  -81.196  12.100 0.1000000015
5558  -40.053  -79.451  12.048 0.1000000015
7065  -47.106  -80.391  18.349 0.2000000030
6011  -42.302  -79.475  12.097 0.1000000015
5559  -40.840  -78.693  11.562 0.1000000015
6034  -42.781  -79.458  11.155 0.1000000015
5086  -39.405  -82.128  9.728 0.1000000015
5566  -40.218  -79.714  10.624 0.1000000015
5567  -40.464  -79.558  10.675 0.1000000015
5569  -42.242  -79.825  10.649 0.1000000015
6532  -44.306  -79.325  12.160 0.3000000119
5099  -42.684  -82.867  8.617 0.1000000015
165490  -45.598  -81.371  18.663 0.3000000119
5482  -44.191  -83.265  19.251 0.3000000119
5489  -44.376  -83.155  18.490 0.2000000030
5519  -45.027  -82.621  16.300 0.3000000119
5052  -40.693  -83.184  12.457 0.1000000015
5051  -39.415  -82.159  12.424 0.1000000015
5517  -43.577  -83.405  15.117 0.2000000030
5012  -43.183  -84.219  17.567 0.2000000030
5510  -44.960  -82.819  17.188 0.3000000119
5045  -41.572  -84.347  13.082 0.1000000015
5076  -39.645  -81.696  10.596 0.1000000015
5087  -39.756  -81.147  10.075 0.1000000015
5568  -41.358  -79.472  10.560 0.1000000015
5075  -38.812  -82.119  11.107 0.1000000015
5577  -41.573  -81.523  9.658 0.1000000015
6027  -43.351  -79.137  12.235 0.2000000030
6056  -44.291  -82.366  8.073 0.1000000015
6061  -43.851  -82.508  5.703 0.1000000015
6062  -44.502  -82.221  7.021 0.2000000030
6581  -42.937  -81.600  3.551 0.1000000015
6042  -44.661  -81.670  9.684 0.2000000030
6050  -45.034  -82.088  8.688 0.2000000030
181428  -44.025  -81.944  4.358 0.2000000030
6057  -45.110  -82.067  7.714 0.1000000015
7162  -42.942  -80.921  3.729 0.1000000015
6069  -44.635  -82.027  5.981 0.2000000030
6063  -45.098  -81.738  6.767 0.1000000015
6542  -44.642  -80.171  11.128 0.2000000030
6549  -45.511  -81.259  9.251 0.1000000015
6582  -43.797  -80.911  3.933 0.1000000015
6576  -44.842  -81.350  5.156 0.1000000015
6533  -45.315  -79.336  12.206 0.2000000030
6557  -45.474  -81.410  8.166 0.1000000015
6070  -45.234  -81.302  5.981 0.1000000015
159062  -45.616  -80.738  10.355 0.1000000015
178841  -46.077  -81.113  7.652 0.1000000015
7108  -45.840  -79.308  12.648 0.2000000030
6543  -45.454  -79.788  11.381 0.2000000030
7128  -46.318  -80.129  10.508 0.2000000030
6564  -46.126  -80.994  6.977 0.1000000015
6550  -46.306  -80.590  9.348 0.1000000015
7118  -46.259  -79.541  11.573 0.2000000030
7142  -46.491  -80.449  8.458 0.1000000015
6577  -45.417  -80.510  5.306 0.1000000015
6035  -44.090  -80.616  10.599 0.1000000015
6049  -43.968  -82.167  9.257 0.1000000015
4987  -43.341  -84.177  20.236 0.2000000030
4531  -41.441  -85.318  18.584 0.1000000015
5940  -42.346  -81.258  26.573 0.2000000030
5446  -41.155  -83.020  26.238 0.1000000015
10539  -35.905  -74.225  32.336 0.1000000015
7582  -39.346  -78.391  29.314 0.1000000015
7007  -40.785  -79.815  28.779 0.1000000015
8144  -39.420  -78.001  31.236 0.1000000015
7008  -40.831  -79.831  29.035 0.1000000015
10538  -35.469  -73.752  31.841 0.2000000030
10558  -35.501  -74.542  31.689 0.1000000015
8763  -36.602  -77.293  29.402 0.1000000015
11271  -35.481  -72.962  31.993 0.2000000030
9285  -36.886  -76.304  32.251 0.1000000015
9298  -36.598  -76.524  31.605 0.1000000015
8747  -37.587  -77.408  30.587 0.1000000015
8157  -38.629  -77.822  30.500 0.1000000015
180635  -38.867  -78.039  29.714 0.1000000015
4982  -42.796  -84.603  20.864 0.2000000030
4961  -42.433  -82.770  25.007 0.1000000015
7564  -39.447  -78.314  29.962 0.1000000015
7553  -39.487  -78.058  30.740 0.1000000015
8724  -37.944  -77.023  32.034 0.1000000015
12814  -35.466  -71.717  31.424 0.2000000030
5447  -42.080  -82.290  25.619 0.1000000015
7596  -39.423  -78.669  28.576 0.1000000015
8171  -38.776  -78.109  29.010 0.1000000015
8735  -37.672  -77.189  31.462 0.1000000015
165782  -35.244  -74.759  31.042 0.1000000015
4516  -42.124  -85.191  20.356 0.1000000015
16672  -38.725  -66.515  29.727 0.1000000015
17617  -37.207  -65.832  29.244 0.1000000015
17635  -36.313  -65.049  28.740 0.1000000015
184477  -34.408  -64.756  28.638 0.1000000015
161720  -37.229  -66.767  29.975 0.1000000015
16693  -36.428  -66.542  29.588 0.1000000015
19258  -37.530  -63.291  29.677 0.1000000015
19257  -36.841  -63.393  29.488 0.1000000015
18459  -35.239  -63.228  29.689 0.1000000015
18458  -34.091  -63.511  29.739 0.1000000015
17637  -38.070  -64.560  28.882 0.1000000015
17636  -37.324  -64.736  28.851 0.1000000015
18478  -35.714  -63.964  28.763 0.1000000015
160178  -34.734  -63.941  28.865 0.1000000015
18456  -32.434  -64.394  29.493 0.1000000015
180960  -38.646  -64.890  28.846 0.1000000015
17567  -35.355  -64.606  33.313 0.1000000015
19243  -37.910  -63.183  30.400 0.1000000015
19242  -37.066  -63.157  30.310 0.1000000015
18437  -36.542  -63.375  31.234 0.1000000015
18436  -35.559  -63.411  31.198 0.1000000015
19259  -38.281  -63.359  29.550 0.1000000015
18435  -34.526  -63.487  30.914 0.1000000015
153032  -34.073  -64.558  32.809 0.1000000015
17620  -39.953  -65.607  28.997 0.1000000015
17621  -40.884  -65.421  28.947 0.1000000015
18397  -37.245  -64.256  33.204 0.1000000015
18414  -36.897  -63.746  32.282 0.1000000015
18396  -36.250  -64.284  33.042 0.1000000015
18439  -38.390  -63.386  31.411 0.1000000015
19244  -38.843  -63.162  30.340 0.1000000015
17639  -40.254  -64.612  28.850 0.1000000015
16657  -41.118  -67.116  30.184 0.1000000015
10627  -44.920  -74.260  26.944 0.1000000015
10642  -44.882  -74.336  26.009 0.1000000015
11368  -46.443  -74.007  24.418 0.1000000015
19261  -40.598  -63.271  29.706 0.1000000015
16675  -41.478  -66.258  29.416 0.1000000015
16658  -42.011  -67.020  29.961 0.1000000015
9932  -45.706  -74.510  29.344 0.1000000015
12126  -44.212  -72.868  24.164 0.1000000015
11374  -45.109  -73.008  24.003 0.1000000015
9957  -45.877  -74.752  27.811 0.1000000015
171383  -48.066  -72.469  23.294 0.1000000015
11375  -45.997  -73.221  23.917 0.1000000015
11377  -47.551  -73.112  23.583 0.1000000015
18438  -37.430  -63.400  31.365 0.1000000015
17568  -36.714  -64.748  33.920 0.1000000015
164713  -35.938  -64.859  33.806 0.1000000015
151148  -46.479  -71.616  23.563 0.1000000015
16670  -35.514  -66.945  29.614 0.1000000015
15855  -34.784  -67.489  29.485 0.1000000015
16673  -39.628  -66.517  29.615 0.1000000015
11367  -45.463  -73.751  24.489 0.1000000015
18479  -36.642  -63.982  28.872 0.1000000015
17634  -35.231  -64.895  28.635 0.1000000015
17633  -33.666  -65.011  28.631 0.1000000015
18477  -33.823  -64.109  28.965 0.1000000015
18482  -39.651  -63.942  29.036 0.1000000015
19277  -39.941  -63.452  29.443 0.1000000015
10643  -45.691  -74.651  25.649 0.1000000015
12135  -47.437  -71.979  23.420 0.1000000015
15971  -46.121  -68.806  12.959 0.1000000015
15169  -45.725  -69.258  11.852 0.1000000015
15167  -43.950  -69.481  12.252 0.1000000015
3509  -38.418  -87.057  19.867 0.1000000015
3525  -38.360  -87.105  18.989 0.1000000015
3526  -39.137  -86.722  18.724 0.1000000015
168011  -37.421  -86.835  20.495 0.1000000015
3508  -37.633  -87.112  19.702 0.1000000015
3027  -36.981  -86.869  18.304 0.1000000015
3510  -39.053  -86.922  19.614 0.1000000015
148224  -36.694  -86.413  20.424 0.1000000015
180172  -38.542  -86.494  21.355 0.1000000015
158460  -39.376  -86.337  20.999 0.1000000015
148313  -36.207  -86.792  19.559 0.1000000015
171556  -36.465  -85.411  20.539 0.1000000015
168497  -37.297  -86.340  21.310 0.1000000015
172442  -36.625  -84.528  20.726 0.1000000015
167797  -37.090  -85.498  21.655 0.1000000015
9325  -28.312  -77.347  29.451 0.1000000015
9348  -28.030  -76.695  27.598 0.1000000015
9383  -30.614  -77.305  23.338 0.1000000015
8814  -31.413  -77.488  22.387 0.1000000015
145050  -33.202  -76.534  19.131 0.1000000015
4056  -40.208  -86.149  19.440 0.1000000015
152218  -32.474  -76.950  20.162 0.1000000015
171310  -34.279  -76.664  18.850 0.1000000015
148228  -36.066  -84.768  20.073 0.1000000015
172555  -36.360  -83.853  20.200 0.1000000015
4074  -40.253  -86.082  17.855 0.1000000015
149447  -33.961  -78.125  17.542 0.1000000015
169023  -34.920  -80.299  17.726 0.1000000015
172639  -35.544  -81.243  18.268 0.1000000015
172556  -35.415  -84.357  18.676 0.1000000015
172464  -36.139  -83.172  19.492 0.1000000015
167851  -36.694  -82.937  20.288 0.1000000015
184071  -37.291  -83.868  21.550 0.1000000015
4537  -40.574  -85.697  17.111 0.1000000015
149936  -33.350  -78.468  16.959 0.1000000015
148252  -35.035  -81.745  17.646 0.1000000015
167957  -36.395  -82.207  19.572 0.1000000015
172558  -36.871  -81.990  20.346 0.1000000015
156482  -28.338  -76.855  26.826 0.1000000015
9362  -28.865  -77.290  26.273 0.1000000015
9382  -29.795  -76.933  23.813 0.1000000015
4041  -39.386  -86.156  21.754 0.1000000015
181197  -40.311  -86.073  21.505 0.1000000015
4047  -39.657  -86.316  20.132 0.1000000015
149170  -31.862  -76.690  20.822 0.1000000015
9388  -30.643  -76.702  22.270 0.1000000015
4068  -39.889  -86.255  18.633 0.1000000015
145047  -35.544  -79.165  18.683 0.1000000015
184643  -36.015  -80.466  19.121 0.1000000015
172640  -36.523  -81.225  19.660 0.1000000015
167956  -36.934  -83.655  21.025 0.1000000015
168270  -36.186  -78.450  20.190 0.1000000015
151432  -36.386  -80.094  19.608 0.1000000015
145048  -36.948  -81.018  20.392 0.1000000015
185314  -37.256  -81.745  20.915 0.1000000015
9335  -27.612  -76.352  28.450 0.1000000015
9951  -27.756  -76.084  26.833 0.1000000015
9940  -27.319  -75.271  28.610 0.1000000015
10584  -27.371  -74.713  29.618 0.1000000015
154934  -40.074  -86.075  21.975 0.1000000015
9361  -28.197  -76.475  25.961 0.1000000015
9978  -28.318  -76.075  24.914 0.1000000015
145008  -38.312  -86.148  21.995 0.1000000015
4512  -41.269  -85.363  21.644 0.1000000015
9991  -28.984  -76.366  24.163 0.1000000015
173505  -37.783  -85.829  22.123 0.1000000015
4043  -40.807  -85.758  21.179 0.1000000015
9387  -30.022  -76.385  22.759 0.1000000015
149975  -31.988  -75.522  20.457 0.1000000015
182932  -33.648  -75.503  19.680 0.1000000015
171311  -35.806  -78.723  19.349 0.1000000015
150086  -35.007  -77.358  18.935 0.1000000015
173454  -35.502  -77.314  19.837 0.1000000015
172744  -36.875  -79.846  20.529 0.1000000015
175061  -37.488  -81.008  21.133 0.1000000015
173225  -36.569  -78.127  21.106 0.1000000015
10593  -27.353  -74.079  28.787 0.1000000015
151420  -39.349  -85.314  22.553 0.1000000015
9950  -27.495  -75.302  27.109 0.1000000015
10592  -27.368  -74.598  27.719 0.1000000015
11314  -27.503  -73.601  29.793 0.1000000015
183260  -27.658  -73.239  30.663 0.1000000015
172331  -38.544  -83.669  22.525 0.1000000015
172443  -39.203  -84.873  22.690 0.1000000015
150968  -40.120  -85.156  22.785 0.1000000015
10651  -28.076  -74.942  24.738 0.1000000015
10622  -27.699  -74.868  25.800 0.1000000015
167758  -37.761  -84.055  21.980 0.1000000015
4048  -40.673  -85.920  20.251 0.1000000015
10003  -29.788  -75.159  22.473 0.1000000015
156284  -28.543  -75.460  24.132 0.1000000015
173226  -37.641  -80.241  21.634 0.1000000015
172747  -38.005  -83.309  22.064 0.1000000015
10004  -30.502  -75.689  21.877 0.1000000015
171027  -36.899  -77.755  22.073 0.1000000015
149767  -33.160  -75.041  20.162 0.1000000015
171196  -34.595  -75.707  20.000 0.1000000015
171309  -35.625  -76.313  20.986 0.1000000015
11322  -27.409  -73.434  27.983 0.1000000015
10636  -27.473  -73.699  25.947 0.1000000015
170383  -38.349  -82.789  22.414 0.1000000015
4513  -42.064  -85.175  21.286 0.1000000015
172743  -37.386  -78.652  22.140 0.1000000015
172742  -38.129  -80.550  22.616 0.1000000015
150173  -34.382  -75.056  20.553 0.1000000015
10012  -30.544  -74.730  21.806 0.1000000015
10013  -31.270  -74.907  21.183 0.1000000015
170926  -32.547  -74.451  20.886 0.1000000015
150517  -38.650  -82.082  22.923 0.1000000015
151531  -39.343  -83.034  23.602 0.1000000015
173227  -38.512  -80.304  23.460 0.1000000015
156055  -27.797  -74.099  25.129 0.1000000015
173222  -37.095  -77.349  22.981 0.1000000015
168269  -37.796  -79.586  22.289 0.1000000015
173223  -37.923  -79.033  23.001 0.1000000015
10652  -28.654  -74.469  23.765 0.1000000015
150121  -35.343  -75.568  21.365 0.1000000015
172741  -36.474  -76.925  22.068 0.1000000015
10664  -29.396  -74.194  22.966 0.1000000015
171217  -33.937  -74.350  21.261 0.1000000015
171091  -35.028  -74.797  21.929 0.1000000015
10678  -30.955  -74.167  21.661 0.1000000015
151769  -38.929  -81.750  23.733 0.1000000015
145036  -39.402  -82.360  24.201 0.1000000015
167700  -37.541  -77.692  23.843 0.1000000015
173074  -38.380  -79.444  23.760 0.1000000015
11351  -27.927  -73.178  25.022 0.1000000015
9995  -35.826  -75.429  23.906 0.1000000015
172216  -36.988  -76.932  23.805 0.1000000015
173272  -35.743  -75.482  22.734 0.1000000015
168243  -36.677  -76.700  22.985 0.1000000015
10665  -30.269  -74.002  22.264 0.1000000015
172214  -39.369  -80.022  25.544 0.1000000015
175671  -38.607  -79.495  24.333 0.1000000015
180871  -36.683  -76.518  24.595 0.1000000015
172215  -37.863  -78.164  24.779 0.1000000015
12101  -27.408  -72.959  26.492 0.1000000015
10680  -33.234  -73.828  22.120 0.1000000015
175417  -38.947  -79.323  25.678 0.1000000015
11360  -28.264  -73.798  24.369 0.1000000015
10573  -27.513  -74.103  30.621 0.1000000015
12034  -30.158  -73.124  33.482 0.1000000015
12043  -29.319  -72.814  32.435 0.1000000015
12057  -27.999  -72.523  31.190 0.1000000015
11285  -28.661  -73.022  31.947 0.1000000015
9374  -29.548  -77.176  24.733 0.1000000015
145051  -32.630  -75.917  19.773 0.1000000015
184513  -33.438  -76.585  18.757 0.1000000015
174900  -34.430  -77.596  18.425 0.1000000015
167868  -34.840  -79.060  17.753 0.1000000015
177889  -35.194  -79.131  18.174 0.1000000015
167901  -35.513  -80.164  18.412 0.1000000015
174718  -35.783  -82.339  18.673 0.1000000015
175122  -35.646  -83.456  18.703 0.1000000015
9373  -28.836  -76.942  25.265 0.1000000015
170381  -37.716  -81.903  21.474 0.1000000015
9963  -27.788  -75.739  26.125 0.1000000015
148430  -36.038  -77.152  20.928 0.1000000015
145030  -38.939  -82.928  22.953 0.1000000015
183044  -38.280  -81.418  22.590 0.1000000015
173075  -38.835  -80.875  23.997 0.1000000015
148419  -37.565  -78.148  22.975 0.1000000015
10005  -34.473  -74.353  23.022 0.1000000015
168242  -39.103  -80.514  24.786 0.1000000015
11286  -29.203  -73.333  32.524 0.1000000015
3631  -37.550  -86.862  0.810 0.1000000015
164403  -37.365  -87.976  2.123 0.1000000015
3125  -35.629  -87.551  -3.300 0.1000000015
3124  -35.309  -87.211  -2.495 0.1000000015
4183  -35.361  -86.044  -1.432 0.1000000015
4667  -35.257  -85.699  -1.218 0.1000000015
3109  -37.016  -88.087  -0.533 0.1000000015
3126  -36.332  -87.611  -4.057 0.1000000015
3135  -36.441  -86.781  -5.211 0.1000000015
3658  -36.218  -86.718  -6.374 0.1000000015
4177  -37.812  -86.251  1.612 0.1000000015
3628  -37.727  -87.064  1.959 0.1000000015
3625  -37.713  -86.862  2.976 0.1000000015
4666  -36.597  -85.701  0.502 0.1000000015
4181  -35.568  -86.113  -0.843 0.1000000015
4179  -36.281  -86.094  -0.090 0.1000000015
3633  -37.142  -87.497  -0.090 0.1000000015
3627  -37.425  -87.507  2.708 0.1000000015
4184  -36.023  -86.018  -1.890 0.1000000015
181502  -36.452  -87.432  -0.787 0.1000000015
3117  -35.681  -87.140  -1.599 0.1000000015
3648  -37.192  -86.453  -2.667 0.1000000015
3653  -37.298  -86.244  -4.499 0.1000000015
3655  -36.910  -86.309  -5.242 0.1000000015
3660  -37.045  -86.021  -5.977 0.1000000015
6548  -36.178  -81.164  8.922 0.1000000015
164083  -35.556  -83.751  8.271 0.1000000015
5573  -36.110  -82.884  8.675 0.1000000015
4658  -38.168  -85.476  2.186 0.1000000015
4172  -37.998  -86.130  3.449 0.1000000015
3622  -37.419  -86.565  4.653 0.1000000015
3614  -37.157  -86.581  6.329 0.1000000015
4144  -36.433  -86.124  8.508 0.1000000015
179820  -36.054  -85.210  8.500 0.1000000015
4662  -37.640  -85.455  1.435 0.1000000015
3618  -36.909  -87.168  5.686 0.1000000015
5129  -37.024  -84.333  1.091 0.1000000015
3621  -37.122  -87.411  4.324 0.1000000015
5128  -34.333  -84.838  0.128 0.1000000015
5134  -35.977  -85.242  0.325 0.1000000015
3650  -37.303  -86.756  -3.678 0.1000000015
6040  -36.876  -81.968  9.125 0.1000000015
7135  -36.897  -79.809  9.541 0.1000000015
3619  -37.393  -86.356  5.485 0.1000000015
4165  -38.029  -85.583  5.552 0.1000000015
4153  -37.291  -86.054  7.710 0.1000000015
4169  -37.894  -86.018  4.278 0.1000000015
4654  -38.181  -85.400  3.109 0.1000000015
5132  -34.142  -84.562  -0.306 0.1000000015
5624  -34.661  -84.865  -0.644 0.1000000015
5628  -34.447  -84.319  -0.568 0.1000000015
5629  -35.667  -84.112  -0.759 0.1000000015
4669  -37.276  -85.502  -1.814 0.1000000015
173788  -35.081  -83.988  1.016 0.1000000015
6039  -35.618  -82.167  8.575 0.1000000015
4610  -36.834  -84.960  9.006 0.1000000015
5619  -33.898  -84.365  0.599 0.1000000015
5572  -35.193  -83.046  8.210 0.1000000015
5130  -37.890  -84.529  1.601 0.1000000015
169152  -36.442  -82.880  1.504 0.1000000015
6556  -34.078  -81.646  7.962 0.1000000015
172540  -34.807  -81.582  2.806 0.1000000015
172016  -34.998  -80.721  3.773 0.1000000015
174211  -35.466  -80.054  4.477 0.1000000015
4140  -37.015  -85.475  8.865 0.1000000015
4173  -38.223  -85.387  3.956 0.1000000015
4659  -38.514  -84.719  2.735 0.1000000015
170403  -37.448  -83.244  1.492 0.1000000015
5621  -39.082  -83.168  1.836 0.1000000015
173777  -36.226  -81.641  2.308 0.1000000015
5122  -39.190  -84.022  3.124 0.1000000015
184634  -37.747  -85.719  7.459 0.1000000015
164174  -38.626  -84.813  4.341 0.1000000015
160875  -39.377  -83.468  2.373 0.1000000015
5620  -38.179  -83.656  1.683 0.1000000015
169144  -37.546  -82.211  1.726 0.1000000015
2673  -37.154  -88.231  3.029 0.1000000015
3097  -36.592  -87.289  6.411 0.1000000015
3134  -35.927  -87.157  -5.671 0.1000000015
3502  -38.906  -86.929  20.451 0.1000000015
3524  -37.581  -87.133  18.874 0.1000000015
3603  -36.585  -86.423  7.973 0.1000000015
3609  -36.790  -86.726  7.161 0.1000000015
3624  -37.308  -87.450  3.445 0.1000000015
3630  -37.468  -87.634  1.098 0.1000000015
3636  -35.811  -86.649  -1.040 0.1000000015
3641  -35.386  -86.451  -1.872 0.1000000015
3642  -36.157  -86.355  -2.215 0.1000000015
3647  -35.845  -86.722  -2.433 0.1000000015
3649  -36.432  -87.254  -3.077 0.1000000015
3652  -36.727  -87.227  -3.823 0.1000000015
3659  -36.601  -86.526  -5.881 0.1000000015
3665  -36.717  -86.251  -6.641 0.1000000015
4030  -40.292  -85.467  22.536 0.1000000015
4031  -40.676  -85.652  21.944 0.1000000015
4042  -40.151  -86.163  20.931 0.1000000015
4055  -39.533  -86.367  19.329 0.1000000015
4069  -40.701  -85.778  18.728 0.1000000015
4082  -39.715  -86.273  16.920 0.1000000015
4092  -40.224  -85.894  15.355 0.1000000015
4108  -39.894  -85.725  13.631 0.1000000015
4117  -37.635  -85.923  12.601 0.1000000015
4127  -37.269  -85.410  12.231 0.1000000015
4128  -37.937  -84.870  12.441 0.1000000015
4139  -36.260  -85.729  8.575 0.1000000015
4145  -37.154  -85.782  8.421 0.1000000015
4159  -37.769  -85.827  6.282 0.1000000015
4170  -38.276  -85.306  4.813 0.1000000015
4175  -38.018  -86.226  2.511 0.1000000015
4180  -37.239  -86.204  0.714 0.1000000015
4182  -36.647  -86.628  -0.097 0.1000000015
4185  -37.560  -86.010  -2.227 0.1000000015
4190  -37.698  -86.336  -3.207 0.1000000015
4196  -37.415  -85.732  -5.349 0.1000000015
4494  -41.561  -84.130  23.805 0.1000000015
4501  -40.604  -85.060  23.204 0.1000000015
4503  -41.723  -85.022  23.221 0.1000000015
4515  -41.337  -85.396  20.761 0.1000000015
4521  -41.354  -85.415  19.900 0.1000000015
4548  -41.046  -85.393  16.412 0.2000000030
4575  -40.361  -85.150  13.131 0.1000000015
4576  -41.055  -85.111  13.627 0.1000000015
4583  -38.382  -84.178  12.660 0.1000000015
4655  -38.595  -84.715  3.617 0.1000000015
4661  -37.095  -85.057  0.976 0.1000000015
4663  -38.387  -84.709  1.945 0.1000000015
4665  -35.513  -85.594  -0.559 0.1000000015
4668  -35.798  -85.594  -1.606 0.1000000015
4955  -41.616  -82.733  25.335 0.1000000015
4978  -42.400  -84.584  22.754 0.1000000015
4983  -43.501  -84.095  21.025 0.4000000060
4984  -43.984  -83.687  21.032 0.4000000060
4986  -42.714  -84.651  19.852 0.2000000030
4995  -42.652  -84.630  18.968 0.3000000119
5005  -42.587  -84.586  18.142 0.2000000030
5007  -43.868  -83.780  18.928 0.3000000119
5013  -43.852  -83.767  18.040 0.2000000030
5023  -43.144  -84.201  16.574 0.2000000030
5031  -42.913  -83.985  14.664 0.2000000030
5053  -41.554  -83.237  12.563 0.1000000015
5069  -40.124  -81.095  12.402 0.1000000015
5077  -39.239  -80.106  10.991 0.1000000015
5081  -35.830  -84.496  8.370 0.1000000015
5082  -36.613  -84.311  8.888 0.1000000015
5127  -33.572  -84.583  0.099 0.1000000015
5131  -38.705  -83.931  1.911 0.1000000015
5133  -34.825  -85.065  -0.389 0.1000000015
5135  -35.263  -85.182  -0.820 0.1000000015
5136  -36.255  -84.593  -1.236 0.1000000015
5140  -35.639  -85.330  -1.374 0.1000000015
5141  -36.713  -84.987  -1.575 0.1000000015
5441  -41.898  -82.017  26.579 0.2000000030
5442  -42.440  -81.845  25.687 0.2000000030
5451  -43.123  -82.762  24.814 0.3000000119
5456  -43.553  -83.540  24.007 0.2000000030
5462  -43.435  -84.001  23.257 0.4000000060
5467  -44.277  -83.209  22.205 0.4000000060
5470  -44.268  -83.198  21.368 0.5000000000
5474  -44.191  -83.268  20.509 0.5000000000
5499  -44.324  -83.238  17.571 0.3000000119
5509  -44.373  -83.168  16.649 0.2000000030
5526  -44.197  -83.048  14.481 0.3000000119
5532  -43.835  -82.809  13.439 0.3000000119
5576  -40.334  -80.802  9.935 0.1000000015
5585  -34.491  -83.131  7.915 0.1000000015
5623  -33.043  -84.230  -0.089 0.1000000015
5627  -33.494  -84.117  -0.427 0.1000000015
5921  -41.367  -80.931  28.399 0.2000000030
5930  -41.785  -81.247  27.963 0.2000000030
5939  -41.987  -81.502  27.282 0.2000000030
5944  -42.784  -81.444  25.500 0.2000000030
5948  -43.723  -81.080  24.594 0.3000000119
5951  -44.475  -81.323  24.235 0.3000000119
5956  -45.141  -81.920  22.476 0.4000000060
5972  -45.451  -81.877  18.347 0.3000000119
5980  -45.806  -81.908  17.648 0.3000000119
5984  -45.402  -82.196  16.986 0.3000000119
5989  -45.761  -81.988  16.153 0.3000000119
6012  -44.265  -80.533  13.034 0.3000000119
6025  -41.648  -78.721  11.533 0.1000000015
6026  -42.685  -79.002  11.945 0.1000000015
6048  -34.719  -82.352  8.131 0.1000000015
6075  -44.291  -82.011  4.983 0.2000000030
6078  -43.500  -81.796  3.846 0.1000000015
6417  -41.157  -79.662  29.364 0.2000000030
6418  -41.736  -79.457  29.575 0.2000000030
6425  -40.936  -80.016  29.008 0.2000000030
6427  -41.788  -79.936  28.755 0.2000000030
6428  -42.260  -79.584  28.702 0.2000000030
6439  -41.052  -81.233  28.441 0.2000000030
6441  -42.339  -80.039  27.915 0.2000000030
6442  -42.576  -79.681  27.591 0.3000000119
6451  -42.713  -80.019  26.674 0.3000000119
6452  -42.925  -80.045  26.009 0.3000000119
6455  -42.904  -80.486  25.825 0.3000000119
6456  -43.228  -80.504  25.151 0.3000000119
6461  -45.109  -81.512  23.516 0.3000000119
6471  -43.771  -81.891  20.216 0.5000000000
6483  -46.323  -80.919  18.764 0.3000000119
6488  -46.221  -81.329  17.387 0.2000000030
6501  -45.756  -81.675  15.147 0.3000000119
6510  -46.237  -80.460  14.007 0.4000000060
6516  -45.414  -80.071  13.577 0.3000000119
6547  -34.980  -81.412  8.482 0.1000000015
6558  -46.168  -81.056  8.364 0.1000000015
6563  -45.459  -81.353  7.305 0.1000000015
6572  -45.511  -81.196  6.625 0.1000000015
6573  -45.887  -80.668  6.085 0.1000000015
6578  -44.290  -81.280  4.411 0.1000000015
6583  -44.606  -80.212  4.568 0.1000000015
6590  -42.018  -81.144  0.083 0.1000000015
6599  -40.683  -80.614  -1.166 0.1000000015
6606  -41.747  -80.145  -2.795 0.1000000015
6609  -40.878  -80.300  -2.667 0.1000000015
6618  -41.506  -80.046  -4.154 0.1000000015
6987  -40.891  -79.114  30.356 0.2000000030
6988  -41.204  -79.059  30.470 0.2000000030
6997  -40.712  -79.258  29.557 0.1000000015
6998  -40.977  -79.291  29.918 0.2000000030
6999  -41.358  -79.277  30.028 0.2000000030
7000  -42.085  -78.961  29.899 0.2000000030
7010  -42.299  -79.044  29.344 0.3000000119
7011  -42.520  -79.049  28.722 0.3000000119
7020  -42.738  -79.165  27.861 0.3000000119
7030  -42.737  -79.284  27.346 0.3000000119
7031  -42.827  -79.569  26.580 0.3000000119
7034  -42.977  -79.916  25.846 0.3000000119
7039  -44.129  -80.726  24.081 0.3000000119
7041  -44.703  -80.821  23.536 0.3000000119
7048  -43.155  -81.338  20.098 0.5000000000
7051  -46.827  -79.855  19.760 0.5000000000
7058  -47.430  -79.707  19.404 0.3000000119
7066  -47.652  -79.870  18.746 0.2000000030
7072  -47.191  -80.390  17.465 0.3000000119
7078  -47.193  -80.430  16.750 0.4000000060
7084  -47.841  -79.828  15.415 0.4000000060
7098  -46.727  -80.195  13.768 0.4000000060
7109  -46.750  -79.498  12.231 0.3000000119
7152  -46.447  -80.412  7.639 0.1000000015
7171  -43.714  -80.127  0.426 0.1000000015
7173  -43.236  -80.390  -0.328 0.1000000015
7175  -43.658  -79.739  -2.183 0.1000000015
7186  -41.874  -79.623  -4.693 0.1000000015
7187  -42.460  -79.039  -4.435 0.1000000015
7199  -41.846  -80.301  -6.431 0.1000000015
7542  -39.957  -78.278  31.445 0.1000000015
7543  -40.558  -78.047  31.307 0.2000000030
7544  -41.328  -78.772  30.554 0.2000000030
7554  -40.113  -78.304  30.859 0.2000000030
7565  -40.042  -78.643  29.900 0.2000000030
7567  -42.122  -78.723  29.785 0.2000000030
7583  -40.103  -78.887  29.189 0.1000000015
7598  -42.590  -78.954  28.484 0.3000000119
7620  -43.107  -79.935  25.246 0.3000000119
7622  -43.455  -80.239  24.556 0.3000000119
7625  -44.004  -80.516  23.913 0.3000000119
7628  -43.269  -80.734  22.481 0.5000000000
7644  -48.695  -78.936  18.605 0.5000000000
7647  -48.239  -79.378  17.397 0.4000000060
7652  -48.916  -78.999  17.048 0.4000000060
7657  -48.213  -79.326  14.895 0.4000000060
7661  -48.747  -78.839  14.367 0.4000000060
7676  -47.260  -79.407  11.403 0.2000000030
7688  -47.378  -79.457  10.077 0.2000000030
7700  -47.524  -79.300  9.218 0.3000000119
7709  -48.057  -78.573  8.261 0.1000000015
7718  -47.141  -78.618  6.684 0.1000000015
7725  -45.077  -78.342  5.096 0.1000000015
7729  -44.826  -78.243  4.057 0.1000000015
7730  -45.059  -78.040  4.353 0.1000000015
7731  -45.619  -78.284  3.541 0.1000000015
7736  -44.313  -78.836  2.987 0.1000000015
7737  -45.307  -78.498  2.331 0.1000000015
7748  -44.719  -78.793  0.708 0.1000000015
7754  -45.048  -78.814  -1.098 0.1000000015
7765  -43.526  -78.886  -4.229 0.1000000015
7770  -43.582  -78.364  -4.869 0.1000000015
7776  -42.607  -78.704  -5.880 0.1000000015
8123  -39.536  -77.386  32.003 0.2000000030
8124  -39.904  -77.602  31.841 0.2000000030
8131  -38.352  -77.356  31.699 0.1000000015
8132  -38.975  -77.482  31.843 0.1000000015
8134  -41.105  -78.095  30.977 0.2000000030
8143  -38.841  -77.666  31.309 0.1000000015
8146  -42.037  -78.267  29.903 0.2000000030
8156  -38.183  -77.523  31.175 0.1000000015
8158  -42.159  -78.428  29.522 0.2000000030
8170  -38.022  -77.833  29.632 0.1000000015
8172  -42.453  -78.662  28.815 0.3000000119
8184  -42.628  -78.892  28.180 0.3000000119
8195  -42.737  -78.888  27.574 0.3000000119
8196  -42.876  -78.902  26.855 0.3000000119
8209  -43.032  -79.039  24.744 0.3000000119
8213  -43.094  -79.266  23.960 0.3000000119
8225  -41.015  -79.747  18.652 0.4000000060
8226  -41.729  -80.286  19.430 0.5000000000
8232  -48.678  -78.293  20.166 0.4000000060
8237  -49.606  -77.934  18.939 0.5000000000
8246  -49.304  -78.335  16.678 0.4000000060
8252  -49.922  -77.605  14.413 0.4000000060
8261  -49.245  -77.897  12.033 0.4000000060
8267  -48.641  -78.423  11.537 0.2000000030
8275  -49.061  -77.467  10.186 0.1000000015
8298  -46.648  -77.521  6.411 0.1000000015
8303  -46.095  -77.779  5.603 0.1000000015
8311  -46.028  -77.505  4.989 0.1000000015
8313  -47.173  -77.188  4.814 0.1000000015
8319  -42.320  -77.963  3.030 0.1000000015
8326  -46.563  -77.789  2.062 0.2000000030
8330  -45.332  -77.684  0.501 0.1000000015
8333  -45.176  -78.252  -0.246 0.1000000015
8340  -44.534  -78.508  -2.850 0.1000000015
8347  -44.562  -77.730  -4.560 0.1000000015
8358  -42.760  -78.488  -6.566 0.1000000015
8372  -43.109  -77.472  -7.516 0.1000000015
8715  -39.276  -77.104  32.125 0.2000000030
8716  -39.848  -77.101  32.049 0.2000000030
8717  -40.088  -76.915  31.802 0.2000000030
8723  -37.208  -76.839  31.877 0.1000000015
8725  -38.543  -77.188  32.065 0.1000000015
8726  -38.772  -77.142  32.231 0.2000000030
8728  -41.193  -77.497  31.002 0.2000000030
8736  -41.601  -77.996  30.334 0.2000000030
8737  -41.910  -78.036  29.783 0.3000000119
8765  -42.194  -77.980  29.039 0.3000000119
8786  -42.398  -77.827  27.578 0.3000000119
8787  -42.711  -78.442  27.144 0.3000000119
8796  -42.639  -77.792  26.973 0.3000000119
8804  -42.957  -78.411  25.886 0.3000000119
8810  -42.900  -78.331  25.195 0.3000000119
8811  -42.988  -78.911  25.382 0.3000000119
8824  -41.893  -79.014  21.360 0.4000000060
8827  -47.048  -77.366  21.136 0.5000000000
8828  -47.903  -77.370  21.168 0.5000000000
8829  -48.573  -77.309  21.015 0.5000000000
8831  -40.010  -77.702  18.240 0.5000000000
8837  -49.783  -77.143  20.252 0.5000000000
8839  -40.504  -78.461  17.723 0.5000000000
8842  -50.092  -77.208  19.398 0.5000000000
8844  -40.365  -77.692  17.248 0.5000000000
8846  -41.234  -77.983  17.337 0.5000000000
8847  -50.207  -77.282  17.712 0.4000000060
8851  -50.262  -77.190  15.931 0.4000000060
8860  -49.685  -77.082  12.139 0.3000000119
8873  -48.545  -76.656  9.602 0.1000000015
8877  -47.362  -76.098  7.635 0.1000000015
8886  -48.016  -77.020  4.657 0.2000000030
8889  -41.650  -76.445  3.024 0.1000000015
8896  -47.579  -77.171  3.160 0.2000000030
8905  -46.767  -76.741  0.684 0.1000000015
8907  -45.312  -76.927  0.195 0.1000000015
8925  -44.737  -77.256  -5.169 0.1000000015
8931  -43.847  -77.358  -6.338 0.1000000015
9272  -37.976  -76.257  32.674 0.2000000030
9274  -39.206  -76.731  32.183 0.2000000030
9284  -36.174  -75.862  31.740 0.1000000015
9286  -37.609  -76.577  32.412 0.2000000030
9287  -39.989  -76.731  31.579 0.2000000030
9288  -40.726  -77.010  31.289 0.2000000030
9289  -41.180  -77.517  30.778 0.2000000030
9296  -35.738  -75.703  31.021 0.1000000015
9312  -41.567  -77.340  29.764 0.2000000030
9330  -42.086  -77.756  28.873 0.3000000119
9336  -28.400  -77.229  28.437 0.1000000015
9341  -41.788  -77.104  28.548 0.2000000030
9366  -42.791  -77.184  26.569 0.3000000119
9384  -36.394  -76.129  23.585 0.1000000015
9385  -42.823  -77.642  24.905 0.3000000119
9391  -31.157  -76.197  21.336 0.1000000015
9399  -46.648  -76.592  21.362 0.6000000238
9407  -49.807  -76.476  20.447 0.5000000000
9411  -43.120  -76.925  18.343 0.5000000000
9415  -41.057  -77.091  17.004 0.5000000000
9419  -50.576  -76.568  17.321 0.4000000060
9426  -50.724  -75.799  15.231 0.4000000060
9432  -48.719  -75.607  11.936 0.2000000030
9436  -47.559  -75.781  8.951 0.1000000015
9446  -48.557  -76.088  6.503 0.2000000030
9452  -48.344  -76.441  5.709 0.2000000030
9462  -49.269  -75.938  3.930 0.2000000030
9463  -49.859  -75.418  4.110 0.2000000030
9469  -48.811  -75.269  1.988 0.1000000015
9476  -46.544  -75.667  0.214 0.1000000015
9482  -46.012  -76.512  -3.301 0.1000000015
9486  -45.665  -76.047  -4.861 0.1000000015
9497  -44.599  -76.247  -6.598 0.1000000015
9501  -44.079  -76.317  -7.281 0.1000000015
9508  -44.454  -75.822  -7.751 0.1000000015
9846  -37.519  -74.905  32.887 0.3000000119
9847  -37.895  -75.262  32.752 0.3000000119
9859  -37.062  -75.162  32.931 0.2000000030
9862  -38.996  -76.214  32.230 0.3000000119
9863  -45.323  -74.421  32.618 0.1000000015
9864  -45.571  -74.220  32.884 0.1000000015
9876  -35.948  -75.065  32.188 0.1000000015
9877  -36.628  -75.540  32.552 0.2000000030
9880  -40.255  -76.879  31.369 0.3000000119
9895  -35.603  -75.217  31.413 0.1000000015
9896  -39.699  -76.168  31.399 0.3000000119
9915  -40.590  -76.287  30.171 0.3000000119
9931  -41.362  -76.637  29.039 0.2000000030
9939  -27.483  -75.771  27.714 0.1000000015
9955  -42.017  -76.020  27.288 0.2000000030
9962  -27.613  -75.324  26.521 0.1000000015
9968  -42.724  -76.537  26.106 0.3000000119
9969  -46.196  -74.985  26.862 0.1000000015
9977  -27.940  -75.661  25.489 0.1000000015
9992  -29.465  -76.061  23.266 0.1000000015
9997  -42.733  -76.934  24.694 0.4000000060
10002  -29.074  -75.281  23.386 0.1000000015
10006  -35.351  -74.922  23.179 0.1000000015
10014  -40.375  -75.170  20.682 0.4000000060
10015  -42.000  -75.812  22.627 0.4000000060
10028  -51.140  -75.237  17.211 0.4000000060
10030  -51.051  -75.196  16.262 0.3000000119
10034  -50.159  -75.364  14.496 0.4000000060
10055  -50.021  -75.400  6.584 0.2000000030
10056  -50.609  -74.900  6.975 0.2000000030
10065  -50.693  -74.603  5.249 0.1000000015
10069  -42.769  -75.142  3.372 0.1000000015
10076  -49.335  -75.367  2.804 0.1000000015
10103  -45.201  -75.144  -0.761 0.1000000015
10122  -45.997  -75.401  -5.306 0.1000000015
10486  -46.003  -73.182  33.618 0.1000000015
10498  -37.269  -74.221  32.837 0.3000000119
10499  -37.586  -74.332  32.756 0.3000000119
10500  -38.140  -74.018  32.564 0.3000000119
10501  -44.460  -73.352  33.188 0.1000000015
10502  -45.110  -73.451  33.275 0.1000000015
10503  -45.641  -73.400  33.447 0.1000000015
10515  -36.304  -73.845  32.715 0.3000000119
10517  -37.083  -75.191  32.972 0.3000000119
10520  -44.210  -73.737  33.023 0.1000000015
10521  -44.994  -73.995  33.023 0.1000000015
10541  -38.541  -74.330  31.773 0.3000000119
10542  -38.988  -75.491  31.857 0.3000000119
10544  -43.896  -73.761  32.628 0.1000000015
10545  -44.746  -74.176  32.526 0.1000000015
10577  -39.124  -74.798  30.654 0.3000000119
10579  -44.983  -74.245  30.821 0.1000000015
10587  -44.952  -73.898  29.883 0.2000000030
10597  -45.078  -73.978  28.897 0.1000000015
10611  -41.584  -75.386  27.552 0.2000000030
10612  -44.999  -74.149  27.891 0.3000000119
10613  -45.647  -74.663  27.408 0.2000000030
10621  -27.475  -74.573  26.695 0.1000000015
10640  -41.508  -74.609  25.306 0.4000000060
10657  -45.825  -74.300  24.976 0.1000000015
10681  -40.005  -74.696  20.761 0.5000000000
10692  -50.916  -74.532  17.494 0.5000000000
10704  -49.660  -74.847  14.960 0.4000000060
10708  -46.917  -73.747  12.406 0.2000000030
10711  -48.223  -73.516  11.042 0.1000000015
10714  -50.752  -74.144  9.110 0.1000000015
10738  -42.425  -73.638  4.060 0.1000000015
10739  -43.602  -74.117  4.514 0.1000000015
10741  -50.625  -74.106  4.421 0.1000000015
10758  -48.825  -74.170  0.947 0.1000000015
10769  -46.372  -74.341  -1.933 0.1000000015
10797  -46.121  -74.200  -5.833 0.1000000015
11217  -37.228  -72.344  32.745 0.3000000119
11218  -37.730  -72.519  32.755 0.3000000119
11219  -44.563  -72.332  33.581 0.1000000015
11221  -46.089  -72.496  33.833 0.1000000015
11232  -36.919  -73.036  32.682 0.3000000119
11236  -39.797  -71.579  32.941 0.3000000119
11240  -45.240  -72.858  33.465 0.1000000015
11251  -36.267  -73.000  32.657 0.3000000119
11252  -36.539  -73.367  32.733 0.3000000119
11253  -38.575  -72.246  32.377 0.3000000119
11255  -41.619  -72.283  32.942 0.2000000030
11256  -42.808  -72.857  33.098 0.2000000030
11257  -43.724  -73.104  33.179 0.1000000015
11268  -29.771  -73.273  32.996 0.1000000015
11272  -35.861  -73.389  32.418 0.2000000030
11290  -40.021  -72.090  31.991 0.3000000119
11293  -43.523  -73.554  31.989 0.1000000015
11303  -38.200  -72.964  30.088 0.3000000119
11304  -43.563  -73.231  31.110 0.1000000015
11329  -44.387  -72.635  28.996 0.2000000030
11332  -27.375  -73.673  27.023 0.1000000015
11334  -39.083  -73.118  27.572 0.3000000119
11335  -39.954  -73.674  27.416 0.3000000119
11337  -44.250  -72.723  27.891 0.3000000119
11355  -43.758  -73.218  25.958 0.2000000030
11356  -44.281  -73.812  25.519 0.2000000030
11357  -45.021  -74.197  25.155 0.1000000015
11376  -46.762  -73.457  23.826 0.1000000015
11383  -36.349  -71.925  19.842 0.4000000060
11395  -48.339  -73.661  17.259 0.4000000060
11396  -50.135  -73.909  17.335 0.5000000000
11405  -47.242  -73.044  12.834 0.3000000119
11406  -49.669  -72.820  11.270 0.1000000015
11407  -50.598  -72.270  10.864 0.1000000015
11409  -50.956  -72.220  10.258 0.1000000015
11445  -50.402  -73.240  4.023 0.1000000015
11460  -49.494  -72.992  2.249 0.1000000015
11477  -45.345  -72.840  -1.014 0.1000000015
11478  -45.308  -73.411  -0.796 0.1000000015
11980  -38.360  -71.550  33.264 0.3000000119
11981  -39.210  -71.170  33.544 0.3000000119
11983  -41.361  -71.114  33.758 0.3000000119
11984  -42.272  -71.340  33.768 0.2000000030
11985  -43.930  -71.980  33.712 0.1000000015
11986  -45.116  -72.097  33.668 0.1000000015
11987  -45.885  -72.277  33.788 0.1000000015
11988  -46.523  -72.198  34.022 0.1000000015
12001  -36.549  -72.560  32.633 0.3000000119
12002  -37.052  -72.050  32.778 0.3000000119
12003  -38.337  -71.887  32.928 0.3000000119
12005  -40.748  -71.325  33.426 0.3000000119
12020  -35.923  -72.162  32.231 0.3000000119
12033  -29.734  -72.664  33.049 0.1000000015
12035  -35.716  -72.274  32.034 0.2000000030
12042  -28.740  -72.267  31.925 0.1000000015
12045  -35.257  -72.501  31.354 0.2000000030
12048  -41.067  -72.158  31.578 0.3000000119
12049  -42.466  -72.724  31.511 0.2000000030
12060  -38.517  -72.229  30.435 0.3000000119
12061  -39.312  -71.826  30.870 0.3000000119
12086  -38.361  -72.203  28.696 0.3000000119
12091  -27.407  -72.780  27.265 0.1000000015
12095  -38.456  -72.223  27.681 0.3000000119
12105  -38.584  -72.203  25.746 0.3000000119
12106  -39.684  -72.930  26.082 0.3000000119
12107  -42.828  -72.093  25.800 0.2000000030
12108  -43.479  -72.433  26.390 0.2000000030
12134  -46.653  -72.628  23.635 0.1000000015
12153  -46.824  -72.787  15.249 0.3000000119
12190  -50.557  -72.459  4.234 0.1000000015
12213  -49.170  -72.575  0.566 0.1000000015
12228  -48.521  -72.543  -0.222 0.1000000015
12239  -45.447  -72.100  -1.424 0.1000000015
12246  -46.012  -72.640  -2.426 0.1000000015
12257  -46.710  -72.681  -3.634 0.1000000015
12755  -37.396  -71.610  32.960 0.3000000119
12759  -41.016  -70.776  34.098 0.3000000119
12761  -42.615  -71.133  33.802 0.2000000030
12763  -45.046  -71.672  33.644 0.1000000015
12764  -46.014  -71.699  33.797 0.1000000015
12779  -37.610  -71.038  33.270 0.3000000119
12792  -36.464  -71.818  32.487 0.3000000119
12793  -36.888  -71.250  32.736 0.3000000119
12804  -36.056  -71.788  32.132 0.3000000119
12835  -40.069  -70.960  29.869 0.3000000119
12836  -41.204  -70.838  29.724 0.2000000030
12848  -38.497  -71.085  29.080 0.3000000119
12859  -36.825  -70.105  26.586 0.3000000119
12867  -36.157  -69.932  25.788 0.3000000119
12886  -42.358  -71.356  24.529 0.3000000119
12918  -51.260  -71.342  11.644 0.1000000015
12948  -50.396  -70.795  3.148 0.1000000015
12960  -49.543  -71.592  1.558 0.1000000015
12975  -49.402  -71.696  0.801 0.1000000015
12990  -48.256  -71.707  -0.501 0.1000000015
12999  -46.594  -70.800  -1.310 0.1000000015
13490  -38.155  -70.796  33.608 0.3000000119
13491  -38.788  -70.741  33.836 0.3000000119
13492  -39.585  -70.615  33.983 0.3000000119
13495  -42.146  -71.015  33.946 0.2000000030
13497  -44.300  -71.368  33.665 0.1000000015
13498  -45.169  -71.330  33.613 0.1000000015
13515  -37.351  -70.868  33.091 0.3000000119
13519  -40.017  -70.415  34.091 0.3000000119
13520  -41.072  -70.371  34.083 0.2000000030
13521  -41.746  -70.729  33.876 0.2000000030
13522  -42.652  -70.891  33.756 0.1000000015
13523  -43.786  -70.885  33.624 0.1000000015
13525  -46.516  -70.787  33.536 0.1000000015
13539  -37.550  -70.455  33.262 0.3000000119
13547  -36.306  -70.820  32.107 0.3000000119
13589  -38.118  -69.800  27.906 0.3000000119
13591  -40.112  -69.691  28.885 0.3000000119
13592  -41.250  -69.773  28.599 0.2000000030
13593  -42.037  -70.063  28.140 0.2000000030
13600  -37.028  -69.486  26.659 0.3000000119
13648  -48.402  -71.131  16.667 0.4000000060
13650  -50.194  -70.542  14.924 0.2000000030
13653  -51.162  -70.993  11.960 0.1000000015
13702  -50.645  -70.101  2.981 0.1000000015
13743  -47.919  -70.816  -0.810 0.1000000015
13755  -46.394  -70.129  -1.693 0.1000000015
13760  -46.259  -70.208  -2.095 0.1000000015
14221  -38.826  -69.985  33.820 0.3000000119
14223  -40.322  -69.789  33.851 0.3000000119
14242  -37.132  -70.170  32.782 0.3000000119
14243  -37.990  -70.082  33.527 0.3000000119
14244  -39.274  -69.473  33.524 0.3000000119
14247  -41.814  -69.873  33.161 0.2000000030
14249  -43.856  -70.059  32.886 0.1000000015
14252  -47.120  -69.789  33.065 0.1000000015
14261  -35.907  -70.499  31.531 0.3000000119
14262  -36.404  -70.168  32.002 0.3000000119
14263  -36.855  -69.840  32.399 0.3000000119
14303  -38.693  -69.275  27.950 0.3000000119
14316  -37.845  -69.203  27.196 0.3000000119
14327  -36.972  -69.077  26.281 0.3000000119
14399  -51.778  -69.270  4.770 0.1000000015
14421  -51.389  -68.715  3.157 0.1000000015
14437  -50.142  -69.433  1.404 0.1000000015
14996  -37.839  -69.566  33.077 0.3000000119
14999  -40.539  -69.117  32.949 0.3000000119
15001  -42.350  -69.461  32.593 0.2000000030
15002  -43.367  -69.548  32.498 0.1000000015
15003  -44.427  -69.579  32.472 0.1000000015
15006  -47.878  -68.822  32.909 0.1000000015
15021  -37.778  -69.056  32.387 0.3000000119
15022  -38.486  -68.734  32.424 0.3000000119
15023  -39.246  -68.628  32.447 0.2000000030
15025  -40.940  -68.794  32.240 0.2000000030
15029  -45.116  -68.985  31.907 0.1000000015
15041  -36.156  -68.922  31.107 0.2000000030
15042  -36.754  -68.764  31.485 0.2000000030
15136  -50.883  -68.562  18.660 0.1000000015
15154  -48.560  -68.577  16.261 0.3000000119
15155  -49.319  -68.711  15.682 0.3000000119
15159  -49.266  -68.503  14.665 0.3000000119
15160  -49.930  -69.002  14.523 0.3000000119
15161  -47.147  -68.339  13.137 0.2000000030
15289  -50.066  -68.670  -0.001 0.1000000015
15808  -37.337  -68.582  31.702 0.3000000119
15809  -38.000  -68.385  31.828 0.3000000119
15810  -38.745  -68.221  31.884 0.3000000119
15811  -39.564  -68.218  31.828 0.2000000030
15834  -39.891  -67.744  31.133 0.2000000030
15836  -41.693  -67.685  30.786 0.1000000015
15839  -45.707  -67.536  30.585 0.1000000015
15857  -36.276  -67.603  30.400 0.2000000030
15952  -46.297  -68.259  14.687 0.4000000060
15970  -45.217  -69.180  12.949 0.1000000015
16043  -51.509  -67.626  2.090 0.1000000015
16085  -49.440  -67.883  -0.264 0.1000000015
16150  -47.154  -67.290  -4.177 0.1000000015
16652  -36.984  -67.409  30.530 0.1000000015
16671  -37.890  -66.567  29.845 0.2000000030
16674  -40.547  -66.431  29.516 0.2000000030
16691  -34.577  -65.996  28.793 0.1000000015
16692  -35.592  -65.859  28.987 0.1000000015
16760  -48.786  -66.519  19.819 0.1000000015
17591  -34.752  -64.348  32.684 0.1000000015
17618  -38.124  -65.522  29.110 0.1000000015
17619  -39.063  -65.666  29.077 0.1000000015
17638  -39.365  -64.762  28.845 0.1000000015
17696  -50.164  -65.622  18.198 0.1000000015
17837  -48.617  -66.027  -3.189 0.1000000015
18413  -35.485  -64.028  32.420 0.1000000015
18415  -37.823  -63.776  32.400 0.1000000015
18433  -32.532  -64.191  30.484 0.1000000015
18457  -33.183  -63.919  29.707 0.1000000015
18476  -33.106  -64.390  29.013 0.1000000015
18480  -37.613  -63.866  29.127 0.1000000015
18481  -38.679  -64.040  28.979 0.1000000015
18483  -40.495  -63.801  29.143 0.1000000015
18533  -47.838  -64.069  19.471 0.1000000015
18683  -49.714  -64.192  -3.061 0.1000000015
18690  -49.201  -64.641  -3.492 0.1000000015
19241  -36.206  -63.020  30.102 0.1000000015
19256  -36.115  -63.424  29.296 0.1000000015
19260  -39.785  -63.134  30.087 0.1000000015
19276  -39.188  -63.406  29.477 0.1000000015
19338  -46.985  -62.567  19.026 0.1000000015
19344  -48.319  -63.156  18.123 0.1000000015
19346  -45.068  -62.556  16.145 0.1000000015
19349  -47.730  -62.896  17.467 0.1000000015
19441  -48.938  -63.277  -0.153 0.1000000015
19449  -48.794  -62.409  -0.677 0.1000000015
19450  -51.327  -63.107  -0.640 0.1000000015
19457  -49.250  -62.388  -1.250 0.1000000015
19481  -49.718  -63.090  -3.741 0.1000000015
19488  -48.568  -63.662  -5.544 0.1000000015
19493  -48.435  -63.145  -5.976 0.1000000015
20128  -43.829  -61.762  20.202 0.1000000015
20129  -45.893  -62.353  19.515 0.1000000015
20144  -46.003  -61.937  18.243 0.1000000015
20154  -44.095  -61.785  15.910 0.1000000015
20227  -47.571  -62.230  -0.578 0.1000000015
20246  -50.181  -62.374  -2.222 0.1000000015
20256  -50.058  -62.585  -3.125 0.1000000015
20273  -48.774  -62.577  -5.508 0.1000000015
20274  -49.327  -62.456  -4.957 0.1000000015
20982  -36.907  -60.890  12.138 0.1000000015
21082  -48.692  -61.249  -5.679 0.1000000015
21084  -49.670  -61.923  -4.460 0.1000000015
21087  -47.519  -61.241  -6.540 0.1000000015
21094  -47.069  -61.717  -7.227 0.1000000015
21996  -51.702  -60.649  -2.831 0.1000000015
21997  -51.568  -59.978  -2.069 0.1000000015
22016  -50.853  -60.728  -4.488 0.1000000015
22017  -51.558  -60.362  -4.204 0.1000000015
22026  -47.765  -60.434  -6.207 0.1000000015
22031  -45.997  -60.917  -7.570 0.1000000015
22924  -52.015  -59.220  -2.503 0.1000000015
22932  -52.104  -59.246  -3.419 0.1000000015
22940  -51.766  -59.367  -4.336 0.1000000015
22943  -41.793  -59.509  -5.910 0.1000000015
22945  -49.458  -59.851  -5.378 0.1000000015
22957  -48.815  -59.518  -5.653 0.1000000015
22959  -42.967  -59.364  -7.019 0.1000000015
22961  -44.771  -60.321  -7.144 0.1000000015
23723  -43.395  -57.337  13.753 0.1000000015
23853  -39.473  -59.569  -3.982 0.1000000015
23854  -40.293  -59.508  -3.688 0.1000000015
23869  -41.038  -59.621  -5.282 0.1000000015
23873  -45.390  -57.928  -6.098 0.1000000015
23880  -41.153  -59.559  -6.264 0.1000000015
23885  -47.934  -58.797  -6.140 0.1000000015
24670  -43.258  -56.846  13.325 0.1000000015
24677  -43.126  -56.688  13.040 0.1000000015
24691  -42.802  -56.632  12.897 0.1000000015
24692  -43.140  -56.776  12.671 0.1000000015
24693  -43.435  -57.208  12.530 0.1000000015
24820  -39.563  -59.242  -3.076 0.1000000015
24834  -42.531  -58.450  -4.950 0.1000000015
24837  -45.161  -57.443  -5.567 0.1000000015
24838  -45.920  -57.346  -5.412 0.1000000015
24845  -48.661  -58.275  -5.995 0.1000000015
25830  -37.676  -57.161  -1.679 0.1000000015
25838  -37.042  -56.874  -2.304 0.1000000015
25863  -43.788  -57.296  -4.802 0.1000000015
26795  -43.518  -57.064  -3.502 0.1000000015
145046  -38.570  -81.170  23.217 0.1000000015
145049  -33.850  -76.769  18.608 0.1000000015
145052  -34.684  -76.375  19.589 0.1000000015
145053  -33.463  -75.979  19.178 0.1000000015
145110  -37.852  -70.944  17.369 0.5000000000
145113  -43.192  -70.696  20.085 0.3000000119
145121  -46.197  -75.785  21.418 0.5000000000
145125  -36.140  -69.331  25.587 0.3000000119
145134  -41.081  -66.048  23.814 0.1000000015
145138  -40.753  -68.295  21.833 0.3000000119
145139  -46.682  -69.979  23.397 0.1000000015
145141  -40.961  -67.049  23.497 0.2000000030
145143  -48.790  -70.409  16.839 0.4000000060
145144  -48.524  -69.903  16.992 0.4000000060
145146  -47.057  -71.351  17.710 0.5000000000
145149  -46.428  -70.112  18.340 0.4000000060
145154  -44.638  -67.377  23.334 0.1000000015
145158  -50.246  -68.614  19.205 0.1000000015
145160  -47.980  -69.598  17.092 0.5000000000
145161  -45.000  -68.050  16.066 0.4000000060
145162  -46.433  -68.357  15.986 0.4000000060
145164  -39.750  -67.739  22.427 0.2000000030
145165  -38.380  -64.877  17.690 0.2000000030
145174  -41.130  -67.447  23.469 0.2000000030
145181  -40.273  -67.273  15.771 0.2000000030
145197  -36.579  -60.427  12.331 0.1000000015
145201  -38.974  -57.556  12.858 0.1000000015
145317  -47.633  -57.502  -5.943 0.1000000015
145396  -46.524  -68.142  -3.186 0.1000000015
145397  -45.795  -66.962  1.061 0.1000000015
145400  -44.900  -65.087  1.274 0.1000000015
145402  -45.148  -63.856  0.658 0.1000000015
145410  -47.142  -62.271  -1.226 0.1000000015
148121  -36.520  -79.941  4.481 0.1000000015
148170  -38.401  -78.993  24.485 0.1000000015
148442  -40.230  -79.062  2.926 0.1000000015
148519  -46.468  -69.003  16.910 0.5000000000
148930  -41.312  -59.488  6.201 0.1000000015
148994  -47.754  -69.220  17.000 0.5000000000
149010  -42.709  -67.814  18.504 0.4000000060
149314  -40.866  -60.110  18.050 0.2000000030
149387  -47.292  -68.337  15.900 0.5000000000
149431  -37.852  -82.682  21.782 0.1000000015
149580  -36.959  -68.774  25.678 0.3000000119
149855  -39.661  -85.877  22.458 0.1000000015
149862  -37.949  -81.204  21.940 0.1000000015
150180  -48.101  -59.419  6.233 0.1000000015
150229  -46.873  -71.581  19.216 0.4000000060
150248  -38.114  -63.841  17.182 0.2000000030
150250  -48.600  -69.155  16.865 0.4000000060
150324  -40.049  -73.720  16.668 0.5000000000
150379  -46.496  -72.892  20.755 0.5000000000
150469  -42.298  -68.775  19.851 0.3000000119
150689  -41.256  -77.927  3.142 0.1000000015
150803  -44.806  -64.878  22.425 0.1000000015
150858  -47.781  -67.962  21.746 0.1000000015
150899  -47.517  -74.806  21.434 0.6000000238
151263  -48.572  -67.833  20.981 0.1000000015
151412  -43.332  -57.175  12.091 0.1000000015
151480  -40.012  -57.055  -1.515 0.1000000015
151484  -47.141  -66.149  21.000 0.1000000015
151530  -46.965  -71.795  17.478 0.5000000000
151809  -37.166  -64.938  15.917 0.2000000030
151839  -43.595  -66.536  1.211 0.1000000015
151856  -40.895  -72.587  17.430 0.5000000000
152069  -43.074  -66.382  23.666 0.1000000015
152127  -47.799  -71.186  17.146 0.4000000060
152164  -50.228  -57.630  -5.189 0.1000000015
152438  -49.203  -67.950  20.227 0.1000000015
152537  -44.807  -68.280  15.438 0.3000000119
152636  -43.424  -64.824  -0.287 0.1000000015
152724  -48.160  -75.394  21.451 0.6000000238
152803  -47.123  -62.540  0.031 0.1000000015
152949  -46.084  -76.776  -1.528 0.1000000015
153004  -43.177  -72.536  33.435 0.1000000015
153237  -46.359  -74.634  -3.845 0.1000000015
153816  -38.482  -73.619  31.921 0.3000000119
154806  -38.479  -69.518  33.386 0.3000000119
154925  -46.673  -67.780  31.208 0.1000000015
154947  -43.600  -83.191  24.657 0.3000000119
155157  -46.755  -77.255  1.345 0.1000000015
155258  -45.681  -74.487  -0.432 0.1000000015
155326  -35.560  -84.719  0.507 0.1000000015
155732  -48.669  -76.018  21.218 0.6000000238
155774  -46.543  -72.876  17.114 0.4000000060
155822  -37.484  -70.097  33.110 0.3000000119
156157  -42.963  -70.831  28.971 0.2000000030
156287  -42.742  -71.854  30.215 0.2000000030
156616  -40.094  -67.543  20.806 0.3000000119
156715  -44.918  -80.945  10.133 0.2000000030
157092  -49.219  -75.846  3.198 0.1000000015
157260  -38.058  -76.121  32.706 0.2000000030
157444  -43.187  -84.284  21.576 0.2000000030
158293  -46.196  -69.915  -4.201 0.1000000015
158342  -44.172  -81.777  19.364 0.5000000000
158488  -42.925  -77.155  25.900 0.3000000119
158734  -44.477  -82.065  21.548 0.5000000000
158814  -37.095  -86.858  -3.009 0.1000000015
159242  -43.003  -79.851  25.727 0.3000000119
159354  -46.884  -74.099  14.005 0.3000000119
159498  -45.045  -76.268  -6.084 0.1000000015
159521  -42.613  -80.943  -0.331 0.1000000015
159830  -46.841  -71.370  -2.956 0.1000000015
159888  -49.072  -69.299  -0.535 0.1000000015
160229  -37.559  -86.740  3.859 0.1000000015
160449  -47.278  -76.543  6.351 0.2000000030
160864  -37.107  -87.051  5.045 0.1000000015
161605  -44.324  -67.186  -0.132 0.1000000015
162109  -42.653  -82.327  25.176 0.1000000015
162211  -46.387  -76.163  0.362 0.1000000015
162387  -37.226  -77.429  29.799 0.1000000015
162564  -43.065  -71.720  33.670 0.1000000015
162732  -43.485  -79.363  11.657 0.2000000030
162979  -40.719  -79.037  30.024 0.2000000030
163039  -48.005  -79.812  16.129 0.4000000060
163341  -33.539  -65.956  28.622 0.1000000015
163412  -51.075  -73.284  9.265 0.1000000015
163643  -41.155  -79.080  12.273 0.1000000015
163718  -44.033  -72.051  28.369 0.2000000030
164194  -36.717  -60.802  12.026 0.1000000015
165536  -43.839  -77.864  -5.882 0.1000000015
165620  -29.654  -77.554  25.637 0.1000000015
166040  -44.293  -83.119  19.786 0.4000000060
166060  -46.195  -75.856  -3.291 0.1000000015
166421  -41.060  -69.914  25.875 0.3000000119
166943  -44.871  -75.845  -7.194 0.1000000015
167283  -48.717  -78.253  10.785 0.2000000030
167305  -41.085  -78.551  30.926 0.2000000030
167404  -42.606  -69.571  12.596 0.2000000030
167899  -35.957  -81.343  19.012 0.1000000015
167954  -37.132  -79.185  21.339 0.1000000015
168271  -36.101  -76.199  22.312 0.1000000015
168468  -44.896  -68.955  18.040 0.4000000060
168585  -40.264  -77.146  16.954 0.5000000000
168778  -40.435  -77.184  3.214 0.1000000015
168788  -38.131  -87.020  20.543 0.1000000015
168851  -45.315  -70.174  19.213 0.3000000119
169006  -38.735  -80.027  24.202 0.1000000015
169067  -40.650  -69.227  11.263 0.1000000015
169237  -48.859  -57.064  -4.467 0.1000000015
169362  -37.961  -78.581  23.815 0.1000000015
169427  -41.549  -67.203  18.585 0.3000000119
169436  -38.134  -82.029  22.195 0.1000000015
169493  -45.975  -69.223  17.576 0.4000000060
169635  -36.009  -68.428  24.268 0.4000000060
169765  -45.575  -69.938  23.618 0.1000000015
169911  -36.856  -87.102  19.122 0.1000000015
169955  -47.847  -72.396  19.103 0.5000000000
170158  -47.354  -56.875  -3.440 0.1000000015
170189  -36.183  -60.932  12.302 0.1000000015
170278  -47.323  -57.127  -5.157 0.1000000015
170313  -35.313  -70.082  23.978 0.4000000060
170361  -41.291  -67.129  17.573 0.3000000119
170363  -37.366  -63.379  17.961 0.2000000030
170382  -35.855  -84.102  19.427 0.1000000015
170402  -39.340  -82.386  1.919 0.1000000015
170862  -42.041  -57.197  -3.288 0.1000000015
170928  -36.579  -60.797  12.275 0.1000000015
170977  -49.416  -73.001  19.234 0.4000000060
171021  -38.934  -86.018  22.177 0.1000000015
171030  -44.607  -70.196  19.634 0.4000000060
171063  -48.912  -75.236  21.010 0.6000000238
171066  -39.069  -82.443  23.458 0.1000000015
171112  -49.877  -73.363  18.781 0.4000000060
171181  -46.200  -57.179  -3.758 0.1000000015
171182  -45.658  -57.161  -4.854 0.1000000015
171273  -41.340  -59.513  10.201 0.1000000015
171446  -47.191  -72.616  20.407 0.4000000060
171447  -46.884  -71.524  18.481 0.5000000000
171507  -41.311  -60.628  19.656 0.1000000015
171515  -42.169  -62.976  22.738 0.1000000015
171548  -36.252  -54.884  0.737 0.1000000015
171664  -35.130  -61.730  13.742 0.1000000015
171665  -41.858  -69.247  20.218 0.2000000030
171692  -49.560  -75.208  20.419 0.5000000000
172330  -38.311  -84.847  22.478 0.1000000015
172440  -36.118  -85.784  19.844 0.1000000015
172441  -36.761  -85.828  21.082 0.1000000015
172463  -37.235  -82.618  21.088 0.1000000015
172557  -37.531  -83.362  21.568 0.1000000015
172574  -34.577  -78.236  17.963 0.1000000015
172758  -37.416  -61.455  19.308 0.2000000030
172884  -37.851  -86.727  21.106 0.1000000015
172965  -38.624  -85.592  22.380 0.1000000015
173011  -42.788  -58.992  8.336 0.1000000015
173224  -39.251  -81.433  24.532 0.1000000015
173376  -50.897  -57.145  -3.776 0.1000000015
173811  -42.089  -67.324  17.799 0.4000000060
174371  -35.355  -82.886  18.050 0.1000000015
174393  -37.075  -84.510  21.507 0.1000000015
175080  -50.752  -57.484  -4.619 0.1000000015
175094  -37.776  -85.957  4.952 0.1000000015
175233  -38.171  -79.791  23.030 0.1000000015
175567  -36.424  -83.833  1.099 0.1000000015
175593  -45.080  -74.166  21.044 0.5000000000
175975  -41.394  -66.379  23.718 0.1000000015
176120  -43.352  -81.854  24.880 0.3000000119
176458  -42.412  -76.425  23.166 0.4000000060
176537  -37.538  -84.991  22.064 0.1000000015
176639  -41.939  -79.076  30.089 0.2000000030
176726  -46.801  -73.092  -0.520 0.1000000015
176846  -45.613  -71.517  -1.824 0.1000000015
176910  -42.744  -58.725  -5.419 0.1000000015
177164  -41.593  -85.232  17.992 0.3000000119
177262  -42.429  -78.386  28.666 0.3000000119
177293  -46.451  -69.969  -3.435 0.1000000015
177299  -45.124  -73.941  -1.216 0.1000000015
177368  -45.195  -75.638  -0.505 0.1000000015
177434  -46.621  -71.696  19.712 0.4000000060
177541  -44.107  -61.182  15.409 0.1000000015
177784  -40.993  -76.068  28.698 0.2000000030
178167  -46.716  -74.001  12.702 0.2000000030
178224  -46.542  -71.761  -2.767 0.1000000015
178731  -36.002  -54.456  -1.898 0.1000000015
178774  -45.669  -68.244  16.136 0.5000000000
179007  -43.282  -59.202  -7.710 0.1000000015
179210  -43.361  -71.153  27.544 0.3000000119
179303  -49.787  -66.072  18.712 0.1000000015
179587  -39.915  -86.184  21.445 0.1000000015
179642  -41.584  -82.513  26.153 0.1000000015
179814  -44.532  -81.472  19.078 0.5000000000
179965  -45.595  -68.838  13.683 0.3000000119
180016  -38.866  -84.133  2.284 0.1000000015
180035  -36.140  -63.723  32.081 0.1000000015
180171  -39.073  -80.815  10.378 0.1000000015
180332  -38.968  -67.353  22.563 0.3000000119
180436  -37.501  -73.592  32.676 0.3000000119
180552  -44.072  -82.534  6.504 0.1000000015
180563  -50.348  -76.910  18.876 0.5000000000
180730  -46.220  -75.429  -3.770 0.1000000015
180978  -38.463  -82.723  1.709 0.1000000015
181042  -48.945  -65.456  -2.791 0.1000000015
181044  -37.320  -70.899  26.846 0.3000000119
181350  -44.978  -80.668  4.684 0.1000000015
181695  -39.042  -86.601  15.757 0.1000000015
182019  -48.821  -63.751  17.976 0.1000000015
182238  -37.921  -86.394  21.632 0.1000000015
182255  -47.048  -75.531  9.367 0.1000000015
182313  -41.699  -56.365  -1.863 0.1000000015
182443  -40.216  -77.899  32.046 0.2000000030
182483  -43.274  -71.326  33.718 0.1000000015
182761  -48.695  -70.493  -0.571 0.1000000015
182943  -33.619  -63.985  12.280 0.1000000015
183098  -44.977  -81.721  22.178 0.4000000060
183173  -50.141  -75.221  20.005 0.5000000000
183692  -50.366  -62.210  -1.521 0.1000000015
183720  -41.158  -85.110  23.207 0.1000000015
183783  -40.386  -80.289  1.831 0.1000000015
183811  -37.507  -86.060  7.018 0.1000000015
184104  -41.166  -79.272  30.032 0.2000000030
184111  -36.389  -54.200  -2.968 0.1000000015
184160  -36.767  -85.139  21.101 0.1000000015
184368  -36.445  -55.363  -0.478 0.1000000015
184475  -42.183  -78.942  29.705 0.3000000119
184670  -42.010  -80.740  28.089 0.2000000030
184730  -41.819  -59.404  -6.498 0.1000000015
184809  -40.549  -74.959  28.256 0.3000000119
184978  -42.949  -78.290  -6.069 0.1000000015
185017  -42.571  -84.525  17.575 0.2000000030
185199  -51.858  -66.278  1.550 0.1000000015
185405  -41.202  -77.966  30.889 0.2000000030
