#!ascii label  , from subject sub-v1s8x0051332_ses-1 vox2ras=TkReg
9874
773  -7.621  -95.476  9.080 0.4000000060
541  -7.741  -96.377  8.584 0.5000000000
393  -7.775  -96.956  9.254 0.5000000000
251  -8.492  -98.012  8.754 0.8000000119
400  -8.269  -97.704  7.755 0.6999999881
89  -9.897  -98.989  9.191 0.8000000119
154921  -11.268  -99.369  8.682 0.8000000119
104  -10.043  -99.198  7.736 0.8000000119
105  -10.933  -99.512  7.799 0.8000000119
178073  -16.573  -99.646  6.666 0.8000000119
43  -15.609  -100.067  5.422 0.8000000119
126  -17.256  -99.086  5.387 0.8000000119
47  -15.459  -99.895  4.668 0.8000000119
137  -16.242  -99.386  4.252 0.6999999881
138  -17.150  -99.095  4.633 0.6999999881
136  -15.293  -99.651  3.840 0.5000000000
178297  -17.012  -99.087  3.805 0.5000000000
1037  -7.369  -94.806  9.423 0.3000000119
537  -7.627  -96.284  9.569 0.6000000238
244  -8.833  -98.189  9.680 0.8000000119
246  -10.135  -98.785  9.982 0.8000000119
245  -9.183  -98.548  8.955 0.8000000119
90  -10.817  -99.103  9.472 0.8000000119
91  -11.806  -99.184  9.376 0.8000000119
10  -13.967  -99.786  9.933 0.8000000119
99  -12.056  -99.508  8.675 0.8000000119
92  -12.626  -99.402  9.254 0.8000000119
175969  -14.652  -100.075  9.700 0.6999999881
22  -12.753  -99.849  8.542 0.8000000119
16  -14.154  -100.102  9.096 0.8000000119
17  -14.967  -100.157  9.101 0.8000000119
101  -18.720  -98.693  8.317 0.8999999762
95  -19.771  -98.618  9.780 0.8999999762
108  -18.061  -98.816  7.591 0.8000000119
116  -17.352  -99.142  6.902 0.8000000119
109  -18.976  -98.573  7.407 0.8000000119
152579  -17.715  -98.830  6.012 0.8000000119
117  -18.281  -98.653  6.709 0.8000000119
155197  -17.852  -98.901  4.131 0.6999999881
157  -15.417  -99.244  2.521 0.5000000000
177847  -16.917  -99.078  3.073 0.6000000238
167  -15.857  -99.064  1.685 0.4000000060
166  -14.834  -99.184  1.738 0.4000000060
166219  -5.898  -93.161  10.769 0.3000000119
1295  -5.846  -93.332  10.167 0.2000000030
1655  -4.534  -93.268  10.641 0.2000000030
1302  -6.507  -93.558  9.804 0.4000000060
1033  -6.963  -94.571  10.107 0.6000000238
769  -7.399  -95.471  9.897 0.5000000000
178241  -7.828  -97.038  10.153 0.8000000119
1036  -6.989  -94.103  9.199 0.3000000119
391  -8.447  -97.729  10.281 0.8000000119
1301  -5.652  -93.454  9.466 0.3000000119
1308  -6.375  -93.509  8.901 0.3000000119
85  -13.075  -99.121  10.682 0.8000000119
184947  -13.552  -99.410  10.348 0.8999999762
4  -13.960  -99.499  10.913 0.8000000119
12  -15.518  -99.868  10.771 0.8000000119
18  -15.414  -100.081  9.893 0.6999999881
94  -18.342  -98.980  9.076 0.8999999762
100  -17.717  -99.115  8.487 0.8000000119
107  -17.300  -99.254  7.766 0.8000000119
157432  -19.786  -98.758  7.758 0.8000000119
127  -18.514  -98.643  5.879 0.6999999881
110  -19.811  -98.778  6.972 0.8000000119
37  -15.245  -100.172  6.090 0.8000000119
129  -20.656  -98.969  5.292 0.8000000119
119  -20.003  -98.891  6.051 0.8000000119
139  -19.405  -98.933  4.656 0.8000000119
161  -19.069  -99.085  2.607 0.8000000119
177341  -18.611  -99.006  3.476 0.6999999881
170  -18.633  -99.030  1.886 0.6999999881
171  -19.571  -99.090  1.855 0.6999999881
173  -14.232  -99.087  0.986 0.4000000060
175  -16.222  -98.735  0.891 0.4000000060
176  -17.459  -98.763  1.221 0.5000000000
167263  -18.181  -98.567  -0.133 0.5000000000
291  -14.571  -98.693  0.194 0.4000000060
180629  -15.852  -98.606  0.277 0.4000000060
293  -16.692  -98.536  0.112 0.5000000000
305  -16.846  -98.366  -0.846 0.5000000000
1286  -5.956  -92.948  11.394 0.4000000060
184163  -6.410  -93.000  11.006 0.4000000060
1296  -6.438  -93.322  10.547 0.6000000238
764  -7.189  -95.428  10.726 0.8000000119
155963  -7.721  -96.746  10.997 0.8000000119
154358  -8.203  -97.331  11.061 0.8000000119
161098  -4.029  -92.843  12.056 0.3000000119
1285  -5.063  -93.322  11.168 0.3000000119
757  -6.832  -94.641  10.959 0.6000000238
233  -8.871  -97.998  11.038 0.8000000119
234  -9.808  -98.121  11.269 0.8000000119
1649  -3.485  -92.496  11.580 0.1000000015
534  -7.522  -96.198  10.433 0.8000000119
1650  -4.244  -93.050  11.388 0.2000000030
241  -10.407  -98.446  10.750 0.8000000119
67  -12.195  -98.361  11.503 0.8000000119
82  -10.864  -98.785  10.293 0.8000000119
163484  -12.745  -98.801  11.314 0.8000000119
70  -14.248  -99.265  12.743 0.8999999762
61  -14.871  -99.225  13.345 0.8999999762
78  -13.337  -99.135  11.601 0.8999999762
83  -11.604  -98.906  10.169 0.8000000119
79  -14.129  -99.321  11.939 0.8999999762
5  -14.917  -99.597  11.409 0.8999999762
2  -16.232  -99.315  11.894 0.8000000119
7  -16.224  -99.552  11.071 0.8000000119
13  -16.177  -99.864  10.316 0.8999999762
155501  -15.824  -100.134  9.102 0.8000000119
25  -15.350  -100.182  8.489 0.8000000119
163047  -14.959  -100.251  6.941 0.8000000119
179304  -16.547  -99.801  7.509 0.8000000119
256  -21.362  -98.431  7.719 1.0000000000
120  -20.990  -98.872  5.984 0.8000000119
158399  -20.544  -98.852  6.625 0.8000000119
130  -21.434  -98.734  5.375 0.8000000119
155569  -21.091  -98.984  4.027 0.8000000119
149  -19.539  -99.053  3.941 0.8000000119
299  -22.320  -97.914  0.235 0.6999999881
310  -21.627  -98.143  -0.496 0.6000000238
438  -21.772  -97.837  -1.260 0.5000000000
150  -20.436  -99.086  3.462 0.8000000119
179  -19.998  -98.996  1.055 0.8000000119
297  -20.360  -98.720  0.295 0.8000000119
298  -21.270  -98.455  0.271 0.6999999881
307  -18.922  -98.616  -0.303 0.6000000238
318  -19.206  -98.460  -1.073 0.6999999881
309  -20.717  -98.476  -0.446 0.6999999881
161139  -21.094  -98.257  -1.034 0.6000000238
328  -21.041  -97.883  -2.468 0.5000000000
317  -18.550  -98.277  -1.697 0.5000000000
166708  -19.406  -98.301  -1.737 0.5000000000
326  -19.897  -98.190  -2.185 0.5000000000
314  -15.326  -98.239  -1.390 0.3000000119
315  -16.267  -98.247  -1.467 0.4000000060
530  -7.467  -96.138  11.320 0.8000000119
758  -7.182  -95.363  11.618 0.8999999762
159036  -5.046  -93.006  12.858 0.4000000060
1026  -6.767  -93.849  10.954 0.8000000119
176437  -9.358  -97.778  11.748 0.8000000119
164458  -4.265  -92.771  12.748 0.3000000119
1627  -3.643  -92.413  13.326 0.2000000030
235  -10.752  -98.014  11.496 0.6999999881
228  -11.569  -97.955  11.806 0.8000000119
1637  -3.469  -92.404  12.458 0.2000000030
1972  -2.786  -91.937  12.993 0.2000000030
69  -13.437  -99.139  12.623 0.8999999762
63  -16.344  -99.037  13.276 0.6999999881
161864  -16.949  -99.125  12.040 0.6999999881
65  -17.881  -98.520  13.280 0.6999999881
8  -16.897  -99.238  11.391 0.8000000119
73  -17.456  -98.877  12.518 0.8000000119
74  -18.144  -98.608  12.550 0.8000000119
185527  -18.078  -98.873  11.523 0.8000000119
86  -17.535  -99.169  10.187 0.8999999762
185070  -18.009  -99.043  10.495 0.8000000119
155979  -16.516  -99.910  9.030 0.8000000119
26  -16.142  -100.096  8.358 0.8000000119
27  -16.869  -99.607  8.348 0.8000000119
93  -17.634  -99.184  9.388 0.8000000119
258  -22.798  -97.958  7.243 0.6999999881
261  -22.286  -98.264  6.355 0.6999999881
165925  -22.036  -98.266  7.214 0.8000000119
131  -22.099  -98.420  5.491 0.6999999881
152  -21.869  -98.603  4.180 0.6999999881
151  -21.430  -98.847  3.355 0.6999999881
172  -20.463  -99.078  1.805 0.6999999881
286  -20.891  -98.842  1.015 0.6999999881
158891  -22.510  -98.057  1.081 0.6999999881
439  -22.310  -97.298  -0.631 0.6000000238
156971  -22.166  -98.326  1.764 0.6999999881
444  -22.339  -96.985  -1.443 0.5000000000
461  -20.902  -97.443  -3.081 0.5000000000
469  -20.018  -97.010  -4.009 0.5000000000
475  -19.794  -96.345  -4.669 0.4000000060
609  -19.337  -95.958  -5.413 0.4000000060
754  -7.721  -95.227  12.513 0.8999999762
1973  -7.256  -91.995  12.336 0.8999999762
1640  -6.578  -92.618  11.885 0.8000000119
1287  -6.835  -93.215  11.137 0.8000000119
226  -10.194  -97.653  11.973 0.8000000119
152788  -5.987  -92.636  12.678 0.6999999881
227  -11.053  -97.495  12.149 0.6999999881
1964  -3.097  -92.048  13.939 0.2000000030
229  -12.151  -98.338  12.399 0.8999999762
53  -13.545  -99.036  14.127 0.8999999762
401  -23.283  -97.215  7.717 0.5000000000
250  -23.057  -97.101  8.507 0.6000000238
257  -22.177  -98.102  7.960 0.8999999762
262  -23.069  -98.023  6.457 0.6999999881
263  -23.487  -97.652  6.120 0.6999999881
270  -23.329  -97.979  4.805 0.6000000238
269  -22.452  -98.292  4.836 0.6999999881
275  -22.260  -98.387  3.305 0.6999999881
157858  -22.774  -98.184  4.048 0.6999999881
419  -23.589  -97.347  3.176 0.6999999881
288  -22.957  -97.846  1.669 0.6999999881
282  -23.333  -97.447  2.451 0.6999999881
440  -22.667  -95.348  0.420 0.6999999881
280  -21.806  -98.610  2.540 0.6999999881
426  -24.638  -96.509  3.036 0.6999999881
430  -23.864  -96.362  1.609 0.6999999881
175019  -23.815  -95.898  0.984 0.6000000238
593  -22.396  -96.315  -3.652 0.6000000238
588  -22.607  -96.339  -2.782 0.5000000000
471  -21.701  -96.654  -3.819 0.6000000238
610  -20.631  -95.995  -4.940 0.5000000000
165386  -20.073  -95.762  -5.384 0.5000000000
615  -18.886  -95.385  -6.056 0.5000000000
1122  -18.278  -94.372  -7.174 0.6000000238
183251  -17.032  -95.044  -7.484 0.5000000000
1279  -7.564  -92.861  11.865 0.8000000119
162643  -7.498  -92.219  11.867 0.8000000119
1630  -6.293  -92.273  13.573 0.8000000119
1629  -5.277  -92.731  13.629 0.5000000000
1628  -4.489  -92.722  13.561 0.5000000000
1956  -2.671  -91.490  14.476 0.1000000015
2265  -2.624  -90.998  18.396 0.5000000000
2264  -2.066  -90.325  17.987 0.2000000030
2616  -1.754  -89.547  17.495 0.1000000015
395  -23.591  -96.357  9.471 0.6999999881
406  -23.530  -97.351  6.856 0.6999999881
249  -22.322  -97.722  8.846 0.8000000119
403  -24.784  -96.617  7.205 0.5000000000
407  -24.046  -97.237  6.173 0.6000000238
411  -24.423  -97.052  5.497 0.6000000238
416  -24.826  -96.752  4.727 0.6000000238
414  -23.581  -97.498  3.963 0.6999999881
420  -24.161  -97.015  3.488 0.6999999881
572  -24.669  -96.145  1.490 0.6999999881
421  -24.809  -96.621  3.834 0.6999999881
567  -24.319  -96.429  2.288 0.6999999881
578  -22.980  -94.873  0.659 0.6000000238
6669  -5.845  -81.732  -9.580 0.6999999881
594  -23.128  -95.931  -3.348 0.6000000238
151383  -5.618  -82.289  -10.341 0.6999999881
601  -22.124  -96.090  -4.479 0.6999999881
144970  -5.850  -82.795  -11.205 0.6999999881
611  -21.481  -95.726  -5.166 0.6000000238
5177  -4.317  -84.123  -9.737 0.6999999881
616  -19.764  -95.164  -5.993 0.5000000000
5176  -4.069  -84.700  -9.470 0.4000000060
158779  -3.744  -86.010  -8.792 0.4000000060
1132  -17.382  -94.321  -8.440 0.5000000000
1134  -18.921  -94.075  -7.521 0.3000000119
1123  -18.923  -93.774  -6.539 0.5000000000
4209  -4.041  -86.160  -9.612 0.3000000119
1120  -16.824  -94.735  -8.016 0.5000000000
1121  -17.582  -94.653  -7.759 0.5000000000
1965  -7.363  -91.551  13.090 0.8000000119
1947  -5.592  -91.816  15.862 0.8000000119
1622  -5.388  -92.498  14.448 0.6000000238
155386  -4.189  -92.447  15.028 0.3000000119
1620  -3.869  -92.439  14.227 0.4000000060
2283  -6.383  -90.354  15.902 0.8999999762
1610  -5.055  -92.322  16.020 0.6000000238
1957  -3.359  -92.030  14.958 0.2000000030
144733  -6.367  -89.389  16.203 0.8000000119
1609  -4.463  -92.274  16.347 0.5000000000
1614  -3.868  -92.207  15.857 0.3000000119
1952  -3.253  -91.772  15.745 0.1000000015
164894  -2.063  -90.986  13.991 0.1000000015
2282  -5.762  -90.575  16.809 0.8000000119
2626  -5.700  -89.924  17.201 0.8000000119
1939  -5.093  -91.538  17.159 0.8000000119
2274  -5.219  -90.822  17.684 0.6999999881
1938  -4.484  -91.540  17.904 0.6000000238
1929  -4.075  -91.485  18.701 0.4000000060
1936  -3.161  -91.423  17.785 0.4000000060
155036  -2.959  -91.392  16.941 0.2000000030
2281  -2.459  -90.726  16.582 0.1000000015
2256  -2.823  -91.017  19.402 0.5000000000
539  -24.910  -95.936  9.393 0.6000000238
156453  -23.512  -96.687  8.886 0.6999999881
398  -24.592  -96.514  8.030 0.6000000238
408  -24.828  -96.753  6.297 0.5000000000
547  -26.090  -95.692  7.359 0.6000000238
548  -27.058  -95.493  7.006 0.6999999881
555  -25.568  -96.209  5.969 0.5000000000
552  -26.280  -95.901  6.477 0.6999999881
157650  -25.645  -96.291  5.094 0.5000000000
557  -27.080  -95.693  5.294 0.6000000238
560  -26.500  -96.024  4.598 0.6999999881
564  -26.277  -96.045  3.673 0.6999999881
569  -26.174  -95.893  2.721 0.6999999881
144973  -6.225  -81.534  -10.164 0.8000000119
144971  -6.379  -82.019  -10.910 0.6999999881
144965  -6.925  -82.708  -11.539 0.6999999881
150012  -6.261  -83.489  -11.734 0.6000000238
5192  -4.449  -84.476  -11.223 0.5000000000
4705  -4.114  -85.346  -9.992 0.5000000000
153087  -4.589  -86.086  -11.199 0.5000000000
3667  -4.178  -87.625  -8.267 0.4000000060
1430  -17.560  -93.404  -9.838 0.6000000238
4210  -4.294  -86.920  -9.598 0.5000000000
178995  -8.282  -91.484  11.925 0.8999999762
1966  -7.895  -90.672  13.275 0.8999999762
1974  -8.509  -90.811  12.148 1.0000000000
1958  -6.888  -91.546  14.045 0.8000000119
2289  -7.924  -89.367  14.117 0.8999999762
1959  -7.395  -90.465  14.192 0.6999999881
2288  -6.926  -90.318  15.026 1.0000000000
2633  -7.191  -89.211  14.916 1.0000000000
164820  -5.687  -91.299  16.390 0.6999999881
2293  -2.229  -90.833  14.857 0.1000000015
1608  -3.934  -92.149  16.645 0.5000000000
149788  -6.250  -88.109  17.233 0.8000000119
1946  -3.436  -91.793  16.430 0.2000000030
1945  -2.838  -91.329  16.127 0.1000000015
2287  -2.372  -90.711  15.718 0.1000000015
151962  -5.299  -89.052  18.767 0.8999999762
152042  -5.353  -89.843  18.090 0.6999999881
2273  -4.686  -90.912  18.524 0.6000000238
2609  -4.769  -90.066  19.064 0.8000000119
2258  -4.284  -90.285  19.936 0.8000000119
1923  -4.203  -90.998  19.342 0.6000000238
542  -25.127  -96.025  8.585 0.6999999881
544  -26.718  -95.334  7.960 0.6999999881
546  -25.320  -96.060  7.707 0.6000000238
775  -27.352  -95.089  8.609 0.6999999881
144972  -7.216  -80.618  -10.348 0.8000000119
781  -28.515  -95.042  7.614 0.6000000238
157319  -27.648  -95.375  5.769 0.6000000238
150972  -7.482  -81.150  -10.885 0.8999999762
6685  -9.868  -81.228  -11.300 0.8999999762
144967  -7.734  -82.317  -11.537 0.8000000119
6156  -9.870  -81.969  -11.247 0.8999999762
5693  -9.212  -82.811  -11.340 0.8999999762
152057  -7.821  -83.017  -11.851 0.6999999881
4714  -4.673  -85.262  -11.669 0.5000000000
1768  -16.221  -91.916  -11.254 0.6000000238
144968  -5.114  -86.026  -11.903 0.5000000000
3690  -4.864  -86.791  -11.063 0.6000000238
144798  -15.742  -89.944  -10.722 0.8000000119
170435  -15.939  -88.333  -9.021 0.6999999881
144726  -9.517  -90.811  11.650 0.8999999762
1641  -8.509  -91.776  11.889 0.8000000119
2294  -8.486  -89.663  13.388 1.0000000000
144717  -8.548  -88.484  13.973 1.0000000000
144719  -9.108  -88.945  13.480 1.0000000000
144729  -8.779  -87.783  13.980 1.0000000000
144730  -7.366  -88.280  15.062 1.0000000000
144736  -6.500  -88.492  16.315 0.8999999762
180234  -7.983  -86.908  15.518 0.8999999762
3547  -7.893  -87.543  14.920 1.0000000000
3049  -9.943  -87.525  13.901 1.0000000000
4084  -9.429  -86.470  14.589 0.8999999762
151795  -10.604  -86.007  14.823 1.0000000000
169781  -6.941  -87.173  16.796 0.8000000119
168432  -7.742  -86.460  16.501 0.8999999762
149496  -10.199  -85.363  16.110 1.0000000000
3513  -12.097  -85.817  17.489 0.8999999762
148248  -5.971  -87.408  19.005 0.8000000119
149128  -6.401  -87.324  17.956 0.8000000119
167861  -7.207  -86.492  17.488 1.0000000000
144721  -11.633  -85.711  15.811 1.0000000000
170506  -9.436  -84.939  17.290 1.0000000000
151625  -11.422  -84.646  17.086 1.0000000000
151644  -4.362  -89.548  20.506 0.8999999762
144732  -5.381  -88.259  19.449 0.8999999762
148502  -6.733  -86.472  18.662 1.0000000000
540  -25.625  -95.474  9.132 0.6999999881
774  -26.427  -95.181  8.883 0.6999999881
772  -28.593  -94.372  8.850 0.5000000000
780  -27.652  -95.208  7.752 0.6000000238
777  -28.928  -94.562  8.162 0.5000000000
1303  -30.257  -93.475  9.292 0.5000000000
1041  -29.655  -94.247  8.013 0.5000000000
7234  -8.108  -80.517  -10.819 0.8999999762
5686  -9.893  -82.706  -10.743 0.8999999762
151233  -7.189  -83.577  -12.013 0.6999999881
170933  -5.812  -84.825  -12.295 0.6000000238
3141  -4.823  -88.152  -9.149 0.4000000060
180668  -16.029  -91.215  -11.467 0.6999999881
2078  -17.421  -91.241  -12.157 0.8999999762
3672  -4.771  -87.497  -9.941 0.6000000238
153589  -4.689  -88.431  -8.254 0.3000000119
149639  -16.794  -88.798  -9.988 0.8999999762
144801  -16.433  -89.621  -11.421 0.8999999762
170359  -16.390  -88.722  -8.865 0.6999999881
144802  -16.598  -88.215  -8.541 0.8000000119
3183  -18.754  -87.831  -10.756 0.8999999762
152151  -14.470  -89.167  -9.611 0.6999999881
152866  -14.961  -88.619  -10.016 0.6999999881
151912  -16.655  -87.614  -9.442 0.8999999762
1632  -10.056  -90.920  11.756 0.8999999762
151308  -9.750  -89.806  11.661 1.0000000000
144720  -10.369  -89.754  13.138 1.0000000000
144724  -9.963  -89.003  13.098 1.0000000000
152382  -9.590  -89.488  13.969 1.0000000000
144718  -9.412  -88.764  13.716 0.8999999762
2276  -8.643  -90.026  15.968 0.8000000119
1598  -7.645  -92.027  18.231 0.8000000119
150994  -9.684  -88.327  13.795 0.8999999762
2627  -9.215  -88.909  14.940 0.8000000119
2275  -7.831  -90.135  17.193 0.8000000119
1940  -7.675  -91.183  17.787 0.8000000119
3480  -5.309  -86.961  21.851 0.8999999762
144738  -5.741  -86.388  21.104 0.8999999762
3040  -11.328  -87.431  14.918 0.8999999762
3029  -7.924  -88.440  17.768 0.8999999762
3019  -8.716  -87.618  18.037 0.8000000119
173442  -5.337  -87.201  21.023 1.0000000000
3512  -10.801  -86.848  17.058 0.8999999762
3505  -9.954  -86.608  18.501 0.8000000119
169163  -5.731  -86.871  20.408 0.8999999762
168430  -5.257  -87.935  20.180 0.8999999762
181135  -6.753  -85.959  19.491 1.0000000000
171189  -12.081  -84.816  18.118 0.8999999762
144739  -3.828  -89.686  21.251 0.8999999762
173721  -6.162  -86.727  19.650 1.0000000000
770  -27.101  -94.957  9.545 0.6999999881
768  -27.674  -94.396  9.927 0.6000000238
1298  -31.008  -92.781  10.223 0.5000000000
7807  -7.598  -79.714  -10.037 0.8999999762
7236  -9.818  -80.423  -11.187 0.8999999762
6686  -10.484  -81.280  -11.092 0.8999999762
6655  -11.484  -81.878  -9.549 0.8999999762
144975  -7.439  -79.671  -9.132 0.8999999762
6149  -10.874  -82.110  -10.138 0.8999999762
7203  -7.097  -80.177  -7.548 0.8000000119
6135  -11.249  -82.726  -8.604 0.8999999762
8360  -5.036  -78.900  -7.201 0.8000000119
7780  -6.763  -79.636  -7.208 0.8000000119
183479  -8.968  -83.558  -11.204 0.6999999881
3704  -5.717  -86.661  -11.915 0.6999999881
3691  -5.442  -87.204  -11.258 0.6000000238
3142  -5.272  -88.887  -8.706 0.3000000119
151240  -17.462  -87.271  -9.021 0.8999999762
170725  -17.778  -88.317  -9.462 0.8999999762
153988  -18.149  -88.240  -10.091 0.8999999762
144813  -18.741  -87.792  -9.464 0.8999999762
4019  -5.469  -86.323  22.572 0.8999999762
144737  -5.691  -86.040  21.789 0.8999999762
4018  -4.923  -87.278  22.816 1.0000000000
2610  -7.499  -89.464  17.988 0.8000000119
2266  -7.172  -90.484  18.168 0.8000000119
150010  -4.966  -87.612  21.488 1.0000000000
176254  -6.313  -85.314  21.234 0.8999999762
3014  -8.351  -87.576  18.945 0.8000000119
152725  -3.981  -89.123  21.869 1.0000000000
149706  -4.454  -88.862  21.072 1.0000000000
168431  -6.340  -85.939  20.324 0.8999999762
144735  -7.494  -84.942  19.841 1.0000000000
144740  -3.328  -89.774  21.981 0.8999999762
144723  -8.814  -84.388  18.978 1.0000000000
3506  -11.791  -85.277  18.659 0.8000000119
175893  -8.543  -84.921  18.238 1.0000000000
149264  -11.498  -83.977  18.401 0.8999999762
148634  -7.803  -85.656  17.918 1.0000000000
1035  -29.580  -93.611  10.190 0.5000000000
161622  -31.357  -91.678  10.981 0.5000000000
1656  -31.435  -92.089  10.335 0.5000000000
6687  -11.029  -80.745  -11.089 1.0000000000
2303  -32.082  -90.417  10.707 0.4000000060
7225  -9.024  -80.210  -10.954 0.8999999762
163397  -11.696  -82.545  -7.890 0.8999999762
1660  -31.810  -91.756  9.723 0.4000000060
8354  -4.328  -78.443  -6.883 0.6000000238
7797  -8.187  -78.956  -9.898 1.0000000000
5676  -10.054  -83.385  -9.897 0.8000000119
150122  -6.673  -85.245  -12.198 0.6999999881
3158  -5.857  -88.305  -10.302 0.5000000000
2727  -6.065  -89.278  -9.144 0.4000000060
182112  -6.556  -89.205  -9.596 0.4000000060
4229  -18.115  -86.641  -9.503 0.8999999762
3176  -14.434  -88.118  -11.285 0.8000000119
4228  -17.121  -87.078  -10.546 0.8999999762
4505  -5.991  -85.388  22.267 0.8999999762
4506  -6.815  -84.414  21.925 0.8999999762
3018  -7.622  -88.558  18.759 0.8000000119
2260  -6.964  -89.712  18.840 0.8000000119
1593  -6.659  -92.494  19.547 0.8000000119
177514  -4.205  -88.561  22.317 1.0000000000
171708  -7.633  -84.256  20.874 0.8999999762
2259  -6.504  -89.996  19.653 0.8000000119
158629  -6.141  -90.297  20.265 0.8000000119
1916  -5.620  -91.791  20.812 0.6999999881
148739  -9.375  -83.761  19.973 0.8999999762
3013  -7.658  -88.000  19.681 0.8000000119
2600  -6.414  -89.439  20.532 0.8000000119
1912  -5.376  -91.629  21.597 0.6999999881
2990  -3.441  -89.225  22.729 0.8999999762
175186  -10.344  -83.856  18.981 0.8999999762
3500  -7.892  -87.406  20.369 0.8000000119
4050  -9.960  -86.054  19.525 0.8000000119
4518  -11.229  -84.653  19.502 0.8999999762
4046  -9.586  -85.787  20.427 0.8000000119
1297  -30.209  -93.150  10.075 0.5000000000
1978  -31.891  -90.988  11.119 0.4000000060
8917  -3.528  -77.039  -5.283 0.6999999881
178667  -4.640  -77.649  -6.982 0.8000000119
6642  -12.031  -81.913  -8.658 1.0000000000
9490  -3.915  -77.110  -6.009 0.8000000119
7822  -10.533  -79.789  -11.188 1.0000000000
8927  -5.127  -78.100  -7.313 0.8000000119
2647  -31.951  -89.691  10.291 0.4000000060
2645  -32.068  -90.114  10.091 0.4000000060
7204  -7.459  -79.237  -7.537 0.8999999762
5684  -8.680  -84.372  -10.973 0.6999999881
5685  -9.329  -83.775  -10.525 0.8000000119
151937  -7.087  -86.143  -11.838 0.6999999881
5194  -8.108  -85.163  -11.233 0.6999999881
3705  -6.264  -86.895  -11.970 0.6999999881
3695  -12.645  -87.490  -11.811 0.8000000119
3171  -6.605  -87.779  -11.266 0.6999999881
160965  -6.290  -88.837  -9.892 0.6000000238
3174  -12.400  -88.190  -11.263 0.6999999881
163089  -6.928  -88.137  -11.025 0.6999999881
2728  -6.988  -89.096  -10.046 0.5000000000
2729  -7.719  -89.452  -9.465 0.4000000060
163387  -8.258  -89.933  -8.653 0.2000000030
2720  -9.213  -89.909  -8.658 0.5000000000
2376  -8.820  -90.328  -7.789 0.2000000030
184987  -9.536  -90.601  -7.340 0.3000000119
2721  -10.089  -89.842  -8.713 0.5000000000
3164  -11.140  -88.615  -10.605 0.6999999881
3175  -13.340  -88.206  -11.325 0.6999999881
3697  -14.304  -87.167  -12.062 0.8000000119
3698  -16.057  -87.470  -11.159 0.8999999762
3710  -16.290  -86.870  -12.081 0.8999999762
4242  -18.416  -86.299  -10.774 0.8000000119
4243  -19.835  -85.752  -10.285 0.6999999881
2741  -11.658  -89.175  -10.107 0.6000000238
2742  -12.561  -89.304  -10.169 0.6999999881
4006  -5.206  -86.698  23.486 0.8999999762
2975  -4.127  -88.315  23.121 1.0000000000
183403  -7.352  -83.995  22.148 0.8999999762
2974  -3.099  -88.949  23.694 0.8999999762
150500  -9.006  -83.642  21.118 0.8999999762
5466  -9.185  -83.681  22.025 0.8999999762
144728  -10.157  -83.771  20.582 0.8999999762
2243  -5.812  -90.228  21.001 0.6999999881
2565  -1.931  -89.181  23.140 0.8999999762
150969  -10.976  -83.907  19.464 0.8999999762
4036  -10.238  -84.662  20.713 0.8000000119
3011  -7.067  -88.363  20.627 0.8000000119
2595  -6.119  -89.440  21.306 0.6999999881
2989  -1.498  -88.638  22.931 0.8999999762
3492  -8.356  -86.704  20.919 0.8000000119
9487  -4.163  -76.450  -5.806 0.6999999881
10123  -4.821  -75.947  -6.303 0.8000000119
9492  -5.353  -76.307  -6.988 0.8999999762
3592  -29.912  -88.984  8.461 0.2000000030
7823  -11.180  -80.047  -11.159 1.0000000000
7217  -12.019  -80.995  -10.081 1.0000000000
6643  -12.649  -81.084  -8.649 0.8999999762
6130  -11.950  -82.553  -7.121 1.0000000000
6620  -12.870  -82.234  -5.167 1.0000000000
6123  -12.344  -82.887  -5.614 1.0000000000
162641  -10.649  -83.755  -7.908 0.8999999762
6122  -11.900  -83.257  -6.278 1.0000000000
5668  -10.108  -83.991  -8.760 0.8000000119
5652  -11.240  -84.727  -5.900 0.8000000119
4716  -10.441  -85.819  -11.214 0.8999999762
155233  -10.165  -86.725  -11.196 0.8999999762
175574  -13.803  -86.474  -12.483 0.8999999762
3692  -7.082  -87.321  -11.528 0.6999999881
179465  -11.837  -87.700  -11.624 0.8000000119
153167  -7.977  -88.578  -10.276 0.6000000238
3150  -8.349  -89.101  -9.901 0.5000000000
2730  -8.729  -89.489  -9.321 0.5000000000
2731  -9.612  -89.445  -9.298 0.6999999881
2732  -10.447  -89.452  -9.363 0.6000000238
4496  -5.741  -85.678  23.337 0.8999999762
158704  -6.216  -84.931  23.750 0.8999999762
4497  -6.353  -84.735  22.906 0.8999999762
5459  -7.691  -83.703  23.187 0.8999999762
176107  -2.821  -88.387  24.569 1.0000000000
2973  -2.294  -88.867  23.834 0.8999999762
5465  -8.419  -83.610  22.852 0.8999999762
179482  -9.009  -83.947  23.091 0.8000000119
4499  -9.076  -84.402  22.606 0.8000000119
176068  -10.176  -84.047  21.039 0.8000000119
4510  -9.674  -84.692  21.425 0.8000000119
4021  -8.179  -86.001  22.484 0.8000000119
2242  -5.509  -90.741  21.754 0.6999999881
3461  -1.326  -87.959  23.466 0.8999999762
175989  -1.156  -87.247  22.988 0.8999999762
4005  -1.312  -87.058  23.746 0.8999999762
4035  -8.978  -85.716  21.438 0.8000000119
4034  -7.811  -86.700  21.768 0.6999999881
3491  -7.435  -87.481  21.224 0.8000000119
3002  -6.708  -88.155  21.569 0.6999999881
4504  -1.212  -86.290  22.871 0.8999999762
154101  -1.419  -85.285  23.045 0.6999999881
10120  -4.473  -75.661  -5.482 0.6999999881
10117  -4.097  -75.418  -4.652 0.6999999881
150336  -30.150  -89.664  7.966 0.2000000030
171574  -28.367  -89.696  6.624 0.2000000030
8928  -5.263  -77.191  -7.266 0.8000000119
157212  -13.027  -81.111  -7.137 1.0000000000
8934  -7.052  -77.587  -7.299 0.8999999762
180134  -10.504  -78.975  -11.009 1.0000000000
7218  -12.545  -80.447  -9.489 1.0000000000
6627  -13.197  -81.407  -5.659 0.8999999762
3077  -31.515  -89.433  9.560 0.2000000030
8362  -6.936  -78.612  -7.280 0.8999999762
7809  -9.638  -79.480  -10.813 1.0000000000
151186  -7.659  -79.269  -8.370 1.0000000000
5659  -10.379  -84.931  -6.766 0.8000000119
4698  -8.491  -85.650  -10.214 0.6999999881
5178  -8.763  -85.917  -8.505 0.8000000119
5667  -9.225  -85.257  -8.240 0.8000000119
5186  -8.897  -85.120  -9.819 0.6999999881
5694  -11.575  -84.075  -11.480 0.8999999762
4715  -7.713  -86.061  -11.130 0.6999999881
5179  -10.269  -85.614  -10.159 0.8999999762
4236  -10.797  -86.035  -12.030 0.8999999762
4708  -8.898  -86.837  -9.607 0.8000000119
4709  -9.557  -86.602  -10.190 0.8999999762
3684  -9.572  -88.022  -10.442 0.8000000119
3693  -10.260  -87.429  -11.158 0.8999999762
3706  -11.622  -87.110  -12.073 0.8000000119
4238  -12.150  -85.921  -12.795 0.8999999762
179347  -7.573  -87.404  -10.867 0.6999999881
4218  -8.624  -87.456  -10.106 0.8000000119
3162  -9.439  -88.636  -10.126 0.8000000119
3685  -10.559  -88.058  -11.055 0.6999999881
3683  -8.732  -88.274  -10.134 0.6999999881
3151  -9.164  -89.075  -9.786 0.8000000119
3163  -10.248  -88.592  -10.410 0.8000000119
3447  -3.940  -87.729  24.646 1.0000000000
4971  -6.918  -84.171  23.656 0.8999999762
2937  -2.091  -88.334  24.565 1.0000000000
4965  -8.039  -83.687  24.838 0.8000000119
5460  -8.272  -83.596  23.573 0.8000000119
156979  -1.684  -87.868  24.452 1.0000000000
3990  -1.642  -86.723  24.695 0.8999999762
4498  -8.776  -84.672  23.662 0.8000000119
4495  -1.453  -85.968  23.806 0.8999999762
178711  -8.696  -85.212  22.882 0.8000000119
4970  -1.675  -84.943  23.835 0.8999999762
3490  -7.050  -87.406  22.097 0.6999999881
2583  -6.134  -88.887  21.952 0.6999999881
2236  -5.347  -90.340  22.560 0.6999999881
2582  -5.599  -89.344  22.642 0.6999999881
5458  -1.665  -83.517  23.176 0.6999999881
2991  -5.907  -88.572  22.725 0.6999999881
176589  -5.570  -75.533  -6.585 0.8000000119
7189  -13.524  -80.581  -5.412 0.6999999881
179735  -14.023  -80.432  -4.570 0.8000000119
7184  -15.245  -80.536  -3.261 0.6000000238
10124  -6.433  -75.305  -6.650 0.8000000119
9493  -6.903  -75.966  -6.914 1.0000000000
7213  -12.872  -80.130  -8.560 0.8000000119
7781  -12.934  -79.679  -7.645 0.6999999881
6617  -15.288  -81.276  -2.641 0.6999999881
175064  -27.588  -89.496  5.919 0.2000000030
8375  -12.248  -78.743  -9.224 0.8999999762
7205  -12.997  -80.691  -7.838 0.8000000119
6621  -13.680  -81.456  -4.552 0.8000000119
6103  -15.123  -82.182  -2.846 0.8000000119
8953  -10.719  -77.678  -10.497 0.8999999762
8383  -11.481  -78.580  -10.572 1.0000000000
6113  -12.677  -83.321  -4.712 1.0000000000
6114  -13.470  -82.703  -4.100 0.8999999762
6107  -14.104  -83.088  -3.375 1.0000000000
6108  -15.089  -82.571  -3.171 0.8000000119
6157  -12.779  -82.685  -12.275 0.8999999762
8363  -7.661  -78.258  -7.449 1.0000000000
176195  -8.708  -78.425  -9.753 1.0000000000
8373  -9.335  -78.180  -10.024 1.0000000000
5653  -12.060  -83.958  -5.326 0.8999999762
5151  -13.179  -84.463  -4.153 1.0000000000
5644  -14.230  -83.583  -3.749 0.8999999762
5161  -10.610  -85.749  -6.324 0.8999999762
178074  -8.620  -86.053  -9.251 0.6999999881
5677  -11.610  -84.152  -10.039 0.8999999762
5695  -12.156  -83.391  -11.792 0.8999999762
4217  -8.013  -86.914  -10.462 0.8000000119
4699  -8.883  -86.521  -8.639 0.8000000119
4700  -9.216  -86.626  -9.016 0.8999999762
4701  -9.944  -86.268  -8.764 0.8999999762
5187  -11.257  -84.476  -10.623 0.8999999762
5200  -11.644  -84.793  -12.491 0.8999999762
3991  -4.859  -86.976  24.408 0.8999999762
4489  -6.507  -84.585  24.497 0.8999999762
156464  -6.945  -84.290  25.242 0.8000000119
153973  -1.875  -87.404  25.252 1.0000000000
4485  -6.318  -84.933  25.339 0.8000000119
165036  -8.877  -83.957  24.115 0.8000000119
4483  -1.922  -85.069  25.443 1.0000000000
4963  -1.851  -84.535  24.636 1.0000000000
4966  -8.827  -83.953  25.128 0.8000000119
5453  -1.921  -83.645  24.620 0.8999999762
3994  -8.487  -85.471  24.480 0.8000000119
179361  -1.803  -83.178  23.882 0.8000000119
144981  -8.427  -74.730  -7.306 0.8999999762
144979  -8.876  -76.221  -8.107 0.8999999762
10795  -6.479  -73.943  -6.004 1.0000000000
10126  -8.088  -75.250  -6.735 0.8999999762
10125  -7.428  -75.253  -6.589 1.0000000000
184290  -27.184  -87.691  5.257 0.2000000030
10128  -8.391  -75.670  -7.308 0.8999999762
183666  -13.112  -78.613  -5.917 0.6999999881
153863  -13.873  -79.593  -5.065 0.6000000238
7185  -16.190  -80.594  -2.798 0.6000000238
9494  -7.835  -75.934  -6.836 1.0000000000
151835  -9.118  -77.145  -8.598 0.8999999762
9502  -9.717  -76.438  -8.609 0.8999999762
165700  -12.609  -79.166  -8.330 0.8999999762
4164  -28.161  -88.931  5.879 0.2000000030
153902  -7.908  -77.424  -7.322 1.0000000000
154244  -8.509  -77.239  -7.848 1.0000000000
165086  -16.139  -81.599  -2.895 0.6999999881
154129  -9.096  -77.815  -9.341 1.0000000000
8374  -11.667  -78.129  -9.841 0.8999999762
152820  -8.159  -77.905  -7.727 1.0000000000
5157  -12.516  -85.059  -4.777 0.8999999762
5648  -14.032  -84.106  -4.621 1.0000000000
6165  -13.929  -81.718  -12.915 0.8000000119
4688  -10.498  -86.221  -6.599 0.8999999762
4684  -11.841  -85.654  -5.535 0.8999999762
176703  -13.051  -82.166  -11.570 0.8999999762
4693  -8.915  -86.593  -7.781 0.8000000119
6150  -12.560  -82.747  -11.269 0.8999999762
5180  -10.913  -85.017  -9.600 0.8999999762
154175  -2.054  -85.906  27.926 0.8000000119
3416  -2.084  -86.879  26.643 0.8999999762
3407  -2.702  -86.921  27.297 0.8000000119
3947  -2.297  -86.078  28.222 0.8999999762
3417  -2.394  -87.130  26.560 0.8999999762
3419  -3.565  -87.222  26.348 0.8000000119
3408  -3.191  -86.802  27.573 0.8000000119
3432  -3.218  -87.737  25.452 0.8999999762
3433  -4.430  -87.029  25.522 0.8999999762
3976  -5.291  -86.072  26.077 0.8000000119
161709  -6.358  -84.624  27.662 0.8000000119
2938  -2.379  -87.971  25.287 1.0000000000
4957  -6.972  -84.309  26.166 0.8000000119
4959  -8.777  -83.978  26.049 0.8000000119
175111  -1.935  -81.858  24.392 0.8000000119
151271  -9.704  -75.441  -8.463 0.8999999762
3605  -26.649  -87.932  6.073 0.2000000030
10798  -5.941  -74.717  -6.267 0.8000000119
7764  -15.552  -80.187  -3.922 0.6000000238
7773  -13.611  -78.534  -5.303 0.5000000000
8344  -14.124  -78.047  -5.012 0.6000000238
7775  -15.434  -79.638  -6.047 0.6000000238
8366  -14.705  -78.791  -7.806 0.5000000000
4157  -29.090  -87.294  6.166 0.2000000030
8364  -12.582  -78.664  -7.279 0.6999999881
8349  -13.344  -77.681  -5.487 0.6000000238
8945  -10.777  -77.081  -9.889 0.8999999762
7190  -15.726  -80.425  -5.226 0.6999999881
7782  -15.244  -79.661  -7.144 0.6000000238
8952  -10.031  -77.585  -10.063 0.8999999762
8947  -11.788  -77.707  -8.805 0.6999999881
8369  -12.236  -78.170  -8.019 0.6999999881
6125  -14.813  -82.652  -5.410 0.8000000119
6622  -16.097  -81.097  -4.273 0.8000000119
5655  -14.303  -83.522  -5.561 0.8999999762
5165  -11.509  -85.881  -6.604 0.8999999762
5162  -12.274  -85.600  -5.938 0.8999999762
179673  -12.934  -85.117  -5.546 0.8999999762
153643  -13.894  -81.312  -12.063 0.6999999881
5173  -11.820  -85.111  -7.877 0.8999999762
153035  -10.873  -85.710  -8.410 0.8999999762
5678  -12.253  -83.670  -9.740 0.8999999762
4937  -1.999  -84.312  28.347 1.0000000000
156541  -1.966  -85.191  28.852 0.8999999762
4471  -1.977  -85.629  27.151 0.8999999762
3959  -3.864  -86.160  28.488 0.8000000119
185359  -2.114  -87.129  26.236 0.8999999762
3961  -5.588  -85.323  27.622 0.8000000119
4938  -7.008  -83.998  28.356 0.8000000119
4951  -2.000  -84.702  26.206 1.0000000000
4956  -1.974  -84.094  25.487 1.0000000000
153182  -2.288  -83.440  25.939 1.0000000000
5946  -2.402  -82.771  25.483 1.0000000000
5949  -1.990  -82.757  24.636 0.8000000119
181307  -2.322  -82.178  25.047 0.8999999762
166149  -2.316  -81.367  25.049 0.8000000119
144983  -8.625  -74.100  -8.138 0.8000000119
11543  -9.289  -73.583  -8.285 0.6999999881
164282  -11.303  -74.922  -8.224 0.6999999881
10816  -11.568  -74.333  -8.001 0.6000000238
11523  -7.398  -73.818  -6.202 0.8999999762
10815  -10.581  -74.583  -8.411 0.8000000119
4156  -25.957  -86.785  5.575 0.2000000030
10133  -11.453  -75.455  -8.224 0.6000000238
8365  -14.389  -77.601  -7.724 0.5000000000
8357  -14.846  -78.807  -6.550 0.5000000000
8370  -14.441  -78.191  -8.857 0.5000000000
4645  -27.184  -86.482  5.269 0.2000000030
9509  -10.486  -76.602  -8.950 0.8999999762
9503  -10.957  -76.027  -8.645 0.8000000119
8918  -14.124  -77.076  -4.822 0.5000000000
8356  -14.461  -77.717  -5.771 0.5000000000
8940  -11.608  -76.826  -8.507 0.6999999881
9505  -12.185  -76.251  -7.660 0.6000000238
160156  -12.830  -76.591  -6.657 0.5000000000
175119  -13.576  -76.930  -5.142 0.5000000000
8385  -14.858  -78.061  -10.466 0.5000000000
4646  -28.430  -86.081  5.778 0.2000000030
8946  -11.264  -77.257  -9.553 0.8999999762
8935  -12.528  -77.583  -6.871 0.6000000238
7787  -14.792  -79.227  -8.911 0.5000000000
7198  -15.687  -80.904  -5.930 0.6000000238
7788  -15.113  -79.826  -8.145 0.5000000000
6634  -14.775  -81.533  -7.065 0.8999999762
183388  -15.363  -81.207  -6.518 0.6999999881
184223  -15.121  -80.359  -8.296 0.6999999881
5174  -12.669  -84.207  -7.927 0.8999999762
160187  -13.827  -83.700  -6.529 0.8999999762
6124  -14.444  -82.640  -6.526 0.8999999762
6645  -14.928  -80.930  -7.927 0.6000000238
7812  -15.610  -79.549  -10.243 0.5000000000
6702  -15.305  -80.702  -12.605 0.6000000238
5670  -13.175  -83.478  -8.434 0.8999999762
6137  -13.989  -82.113  -8.389 0.8999999762
6644  -14.453  -81.641  -7.942 0.8000000119
6658  -14.852  -80.733  -8.818 0.6000000238
5669  -12.476  -83.990  -8.757 0.8999999762
6143  -12.629  -82.875  -10.281 0.8999999762
6151  -13.102  -82.168  -10.719 0.6999999881
6689  -14.306  -80.868  -11.418 0.6000000238
158250  -1.969  -83.677  29.165 0.8999999762
4459  -2.091  -85.739  28.691 0.6999999881
3932  -2.378  -85.801  29.239 0.6999999881
3949  -5.097  -84.616  30.190 0.6999999881
184461  -1.985  -85.079  26.677 1.0000000000
182430  -2.068  -84.061  26.309 1.0000000000
5942  -2.565  -82.775  26.398 1.0000000000
6453  -2.799  -81.963  26.531 1.0000000000
6457  -2.841  -81.299  25.857 1.0000000000
7038  -1.985  -80.458  24.646 0.8000000119
144982  -8.127  -73.024  -6.843 0.8999999762
164918  -10.114  -73.867  -8.400 0.6000000238
12295  -11.459  -72.936  -7.948 0.6000000238
11546  -12.777  -73.849  -7.133 0.6000000238
10134  -12.082  -75.535  -7.621 0.6000000238
165743  -26.680  -85.349  5.258 0.2000000030
8930  -14.114  -77.040  -6.361 0.5000000000
8949  -15.001  -77.141  -10.437 0.5000000000
5114  -27.724  -84.919  5.441 0.2000000030
10808  -12.993  -74.604  -7.052 0.6000000238
10129  -12.748  -75.684  -7.094 0.6000000238
10131  -13.344  -75.735  -7.356 0.5000000000
9500  -13.506  -76.534  -6.904 0.5000000000
182762  -14.388  -76.605  -8.654 0.5000000000
8956  -15.507  -77.269  -11.082 0.5000000000
10130  -13.010  -75.274  -7.015 0.5000000000
8960  -16.566  -77.285  -12.201 0.4000000060
5115  -28.858  -84.872  5.973 0.2000000030
8386  -15.492  -78.375  -10.948 0.4000000060
8387  -16.205  -78.880  -11.114 0.5000000000
154273  -15.236  -80.124  -8.994 0.6000000238
7813  -16.333  -79.804  -10.240 0.6000000238
6144  -13.273  -82.372  -9.742 0.8999999762
6136  -13.495  -82.653  -8.861 0.8999999762
6145  -13.845  -81.865  -9.199 0.6999999881
6657  -14.433  -81.416  -8.645 0.6999999881
7220  -16.646  -80.208  -9.231 0.6000000238
7250  -16.701  -80.633  -12.142 0.6000000238
6690  -17.232  -81.094  -10.267 0.6000000238
7240  -17.990  -80.792  -11.522 0.5000000000
7239  -16.589  -80.713  -10.861 0.6000000238
6676  -19.429  -81.545  -9.444 0.5000000000
6662  -20.686  -81.388  -8.769 0.6000000238
6661  -18.717  -81.504  -8.399 0.5000000000
6650  -21.454  -80.957  -8.334 0.6000000238
145069  -24.237  -80.256  -8.665 0.6000000238
145068  -25.216  -79.964  -9.336 0.5000000000
151065  -25.320  -78.852  -9.639 0.6000000238
152225  -25.334  -79.361  -10.520 0.5000000000
5910  -2.077  -82.320  30.382 0.6999999881
5422  -1.983  -83.106  29.890 0.6999999881
164449  -2.080  -83.155  28.280 1.0000000000
166028  -2.132  -83.713  27.569 1.0000000000
155746  -2.343  -83.014  27.326 1.0000000000
6443  -2.733  -81.866  27.410 1.0000000000
6444  -3.118  -81.289  26.736 1.0000000000
7032  -3.452  -80.642  26.567 1.0000000000
7599  -4.511  -80.281  27.513 1.0000000000
7612  -3.134  -80.012  26.202 1.0000000000
7619  -2.655  -79.768  25.703 0.8999999762
8197  -2.923  -79.106  26.161 0.8999999762
7621  -1.875  -79.617  24.176 0.6999999881
185119  -8.229  -72.925  -7.533 0.8000000119
12296  -12.408  -73.044  -7.390 0.6000000238
12293  -9.217  -72.772  -8.047 0.8000000119
144984  -7.943  -72.624  -6.580 0.8000000119
160807  -13.232  -73.495  -7.498 0.6000000238
11547  -13.463  -74.239  -7.766 0.6000000238
13032  -7.512  -72.049  -5.888 0.8999999762
144976  -8.030  -72.443  -7.182 0.8000000119
9511  -14.646  -76.697  -9.363 0.5000000000
152068  -7.857  -71.632  -6.489 0.8000000119
10136  -13.918  -75.549  -8.183 0.5000000000
156421  -15.975  -75.124  -8.831 0.5000000000
10140  -15.390  -75.866  -8.965 0.5000000000
9512  -15.515  -76.240  -9.908 0.5000000000
5603  -27.607  -83.658  5.344 0.2000000030
6068  -28.521  -83.249  5.721 0.1000000015
13776  -7.810  -70.600  -5.308 0.8000000119
183097  -13.961  -74.875  -8.209 0.5000000000
10829  -16.945  -75.041  -8.999 0.4000000060
9519  -17.073  -76.523  -12.336 0.4000000060
8397  -16.976  -78.407  -12.015 0.3000000119
8961  -17.468  -77.385  -12.579 0.3000000119
8388  -16.909  -79.269  -11.095 0.5000000000
6672  -13.650  -81.583  -10.132 0.6999999881
6673  -14.227  -80.959  -10.422 0.6999999881
7227  -14.853  -80.521  -10.549 0.6999999881
7228  -16.126  -80.391  -9.913 0.6000000238
7221  -17.127  -80.459  -8.363 0.5000000000
7815  -18.219  -79.619  -9.763 0.5000000000
8389  -17.970  -79.150  -11.277 0.3000000119
8398  -18.130  -78.260  -12.367 0.3000000119
177013  -18.394  -77.416  -12.891 0.3000000119
6674  -16.517  -80.900  -9.815 0.6999999881
6675  -16.699  -80.799  -9.119 0.6000000238
7801  -18.450  -79.781  -8.191 0.5000000000
155961  -17.801  -81.351  -9.093 0.6000000238
6638  -20.522  -81.040  -7.764 0.6000000238
6403  -2.102  -81.571  30.945 0.6000000238
162850  -2.026  -81.889  31.665 0.6000000238
153648  -2.008  -81.233  31.719 0.5000000000
6419  -2.011  -81.497  29.025 0.8999999762
5922  -2.094  -82.265  28.652 1.0000000000
6430  -2.385  -81.720  28.285 1.0000000000
6431  -2.899  -81.339  27.862 1.0000000000
7021  -3.408  -81.022  27.372 1.0000000000
8198  -3.605  -78.637  26.543 0.8999999762
7614  -4.357  -79.378  26.930 1.0000000000
160759  -2.517  -77.762  25.160 0.6999999881
8206  -2.374  -78.760  25.362 0.8000000119
12280  -9.954  -72.183  -7.856 0.6999999881
12281  -10.945  -72.182  -7.978 0.6000000238
184518  -13.104  -72.436  -7.562 0.6000000238
12284  -13.598  -72.125  -8.235 0.6999999881
12282  -11.890  -72.255  -7.593 0.6000000238
12298  -14.117  -72.764  -8.569 0.5000000000
5113  -26.816  -84.276  5.299 0.2000000030
156835  -8.198  -71.332  -6.935 0.8000000119
13043  -9.565  -71.549  -7.389 0.8000000119
13788  -11.749  -70.841  -7.295 0.6000000238
10818  -14.340  -74.305  -8.409 0.5000000000
9515  -15.739  -76.623  -10.878 0.4000000060
151568  -9.127  -71.014  -6.721 0.8000000119
11549  -15.810  -73.585  -8.641 0.5000000000
10142  -17.266  -75.351  -9.735 0.4000000060
10837  -18.490  -74.608  -10.072 0.4000000060
10147  -17.018  -75.523  -10.837 0.4000000060
6060  -28.677  -82.257  5.897 0.1000000015
13775  -7.074  -70.933  -5.084 0.8000000119
151146  -8.418  -70.030  -5.539 0.8000000119
10137  -14.862  -75.231  -8.498 0.5000000000
10820  -16.378  -74.361  -8.789 0.4000000060
10830  -17.728  -74.798  -9.211 0.5000000000
10151  -17.338  -75.691  -11.794 0.4000000060
178961  -7.432  -70.380  -4.659 0.8000000119
144991  -8.599  -69.402  -4.925 0.8000000119
10821  -17.271  -74.153  -8.969 0.5000000000
10152  -18.312  -75.329  -12.049 0.3000000119
10153  -19.958  -74.988  -12.233 0.2000000030
8390  -19.212  -79.262  -10.825 0.3000000119
8399  -19.030  -78.618  -11.860 0.3000000119
7208  -19.632  -80.664  -6.947 0.5000000000
7791  -19.221  -79.903  -7.359 0.5000000000
7816  -19.428  -79.602  -9.552 0.5000000000
8400  -20.091  -78.764  -11.475 0.5000000000
6677  -20.851  -81.453  -9.832 0.6000000238
179773  -22.223  -80.548  -8.430 0.6000000238
153201  -23.900  -79.203  -8.549 0.6000000238
145079  -25.125  -78.518  -11.070 0.5000000000
151673  -25.302  -78.018  -12.877 0.5000000000
9532  -26.137  -77.160  -13.100 0.3000000119
9531  -25.310  -76.752  -13.313 0.3000000119
6989  -2.043  -80.780  30.381 0.8000000119
7557  -2.162  -80.059  29.977 0.8999999762
7012  -2.380  -81.006  28.726 1.0000000000
7001  -2.505  -80.267  29.207 0.8999999762
7584  -2.971  -79.915  28.938 1.0000000000
7585  -3.740  -80.474  28.584 1.0000000000
7013  -3.006  -80.696  28.392 1.0000000000
7014  -3.915  -80.773  27.963 1.0000000000
184232  -5.208  -80.079  28.752 1.0000000000
7601  -6.516  -79.566  28.213 1.0000000000
153229  -5.181  -80.042  28.257 1.0000000000
8185  -5.091  -79.437  27.475 1.0000000000
8789  -3.547  -77.528  26.413 0.8999999762
8776  -5.262  -78.378  27.236 1.0000000000
156868  -3.107  -77.181  25.397 0.6000000238
8788  -2.787  -77.889  26.021 0.6999999881
13048  -13.886  -71.263  -8.232 0.6999999881
13801  -14.824  -71.026  -8.453 0.6999999881
13061  -16.364  -71.590  -8.463 0.5000000000
13047  -13.072  -71.615  -7.649 0.6000000238
13063  -17.927  -71.905  -8.883 0.5000000000
155494  -18.751  -71.809  -9.048 0.4000000060
12299  -15.287  -72.650  -8.615 0.6000000238
6067  -27.564  -82.557  5.412 0.1000000015
183621  -10.571  -70.435  -6.766 0.8000000119
13044  -10.483  -71.529  -7.548 0.6000000238
163520  -16.306  -72.921  -8.658 0.5000000000
12302  -18.273  -72.768  -9.007 0.5000000000
11552  -18.711  -73.556  -8.989 0.5000000000
10838  -19.086  -74.093  -10.507 0.3000000119
10843  -19.410  -74.247  -11.456 0.2000000030
13769  -6.662  -70.434  -4.257 0.8999999762
176552  -9.086  -70.223  -6.078 0.8000000119
14513  -10.353  -69.237  -5.685 0.6999999881
10832  -18.899  -74.163  -9.604 0.4000000060
11562  -19.570  -73.714  -9.918 0.2000000030
156880  -9.169  -69.016  -5.007 0.8000000119
10823  -18.690  -74.088  -9.191 0.4000000060
11563  -20.154  -73.426  -9.334 0.1000000015
10154  -20.286  -74.153  -11.711 0.2000000030
10844  -21.115  -74.035  -12.007 0.2000000030
9525  -20.696  -76.845  -13.230 0.2000000030
10159  -20.715  -75.684  -12.658 0.2000000030
7792  -20.265  -80.260  -8.021 0.6000000238
7803  -21.136  -79.959  -8.808 0.6000000238
163408  -21.327  -78.862  -10.895 0.5000000000
8407  -20.957  -78.383  -12.195 0.3000000119
8966  -20.245  -77.693  -12.953 0.3000000119
159500  -21.251  -75.375  -12.634 0.2000000030
11600  -22.885  -73.677  -12.558 0.2000000030
152860  -22.788  -78.888  -10.149 0.4000000060
8401  -22.171  -78.569  -11.290 0.3000000119
182051  -21.996  -77.790  -13.060 0.2000000030
163395  -22.010  -76.204  -13.245 0.2000000030
11589  -24.009  -72.836  -12.371 0.2000000030
11575  -24.296  -71.948  -12.119 0.2000000030
7804  -22.795  -79.813  -8.617 0.6000000238
177166  -23.607  -78.486  -10.714 0.3000000119
9527  -22.704  -76.698  -13.496 0.3000000119
10850  -23.382  -74.171  -12.902 0.2000000030
11590  -24.929  -72.746  -12.555 0.2000000030
9528  -23.550  -76.107  -13.518 0.3000000119
179754  -23.950  -74.250  -12.925 0.3000000119
182832  -24.929  -78.265  -10.110 0.5000000000
8962  -24.620  -77.988  -12.386 0.4000000060
174732  -24.943  -76.143  -13.604 0.2000000030
10164  -26.004  -75.337  -13.564 0.1000000015
161046  -26.231  -76.254  -13.492 0.2000000030
6970  -1.968  -80.084  32.514 0.4000000060
8117  -2.287  -78.209  33.636 0.5000000000
6979  -1.972  -80.462  31.746 0.5000000000
7546  -1.998  -79.475  31.637 0.8000000119
7536  -2.046  -79.211  32.629 0.5000000000
156946  -2.320  -77.728  33.096 0.6000000238
7558  -2.221  -79.325  30.538 0.8000000119
8135  -2.146  -78.559  32.022 0.6000000238
8718  -2.298  -77.753  32.327 0.6999999881
8704  -2.434  -77.299  33.830 0.6000000238
7569  -2.609  -79.414  29.645 1.0000000000
8159  -2.524  -78.549  30.175 1.0000000000
7570  -3.871  -79.863  29.139 1.0000000000
7571  -5.113  -79.902  29.220 1.0000000000
7572  -6.026  -79.629  29.388 1.0000000000
8187  -6.955  -78.978  27.611 1.0000000000
8173  -7.284  -79.093  28.336 1.0000000000
8790  -5.057  -77.258  26.845 0.8999999762
8778  -7.310  -78.020  27.157 1.0000000000
8798  -3.830  -76.839  25.837 0.6999999881
159660  -14.331  -70.420  -7.912 0.6999999881
13791  -15.280  -70.212  -8.152 0.6000000238
13803  -16.746  -70.926  -8.252 0.5000000000
13790  -13.443  -70.638  -7.610 0.6999999881
13062  -17.140  -71.572  -8.444 0.5000000000
13049  -19.498  -71.850  -8.597 0.3000000119
13789  -12.591  -70.784  -7.397 0.6000000238
12285  -19.942  -72.707  -7.364 0.3000000119
12274  -19.598  -73.128  -5.963 0.2000000030
163003  -11.267  -70.262  -6.821 0.6999999881
12303  -19.275  -72.863  -8.565 0.3000000119
11524  -20.098  -73.311  -6.807 0.3000000119
14514  -11.130  -68.933  -5.731 0.6000000238
160340  -19.538  -73.373  -8.550 0.4000000060
11571  -20.275  -73.249  -10.355 0.2000000030
149774  -7.644  -68.869  -3.488 0.8000000119
11554  -20.226  -73.420  -8.383 0.4000000060
11564  -20.680  -72.888  -9.812 0.1000000015
10840  -20.585  -73.347  -11.297 0.2000000030
14507  -8.096  -69.119  -4.211 0.8000000119
144993  -9.154  -67.944  -3.704 0.8000000119
144992  -9.746  -69.090  -5.355 0.6999999881
12305  -22.348  -72.649  -8.520 0.1000000015
12311  -21.310  -72.455  -9.772 0.2000000030
11556  -21.737  -73.328  -8.106 0.1000000015
12306  -22.939  -72.250  -7.861 0.1000000015
11591  -25.843  -72.690  -12.469 0.2000000030
8402  -24.127  -78.319  -11.635 0.4000000060
11603  -25.556  -73.506  -12.910 0.2000000030
150843  -24.567  -76.715  -13.359 0.4000000060
10163  -24.337  -75.681  -13.429 0.3000000119
11604  -26.458  -73.333  -12.823 0.1000000015
160725  -25.076  -75.420  -13.630 0.1000000015
10854  -27.102  -73.952  -13.244 0.1000000015
11618  -27.987  -73.734  -13.327 0.1000000015
8147  -2.206  -78.550  31.070 0.8000000119
8729  -2.298  -77.893  31.535 0.6999999881
8750  -2.898  -77.935  29.981 0.8000000119
8739  -3.150  -77.209  30.260 1.0000000000
8160  -3.143  -78.798  29.600 1.0000000000
8161  -4.249  -78.952  29.596 1.0000000000
8752  -4.613  -77.947  29.904 1.0000000000
8162  -5.422  -79.008  29.742 1.0000000000
8164  -7.410  -78.744  29.211 1.0000000000
8766  -8.399  -77.709  28.439 1.0000000000
8188  -7.813  -78.524  27.759 1.0000000000
176854  -4.914  -76.630  24.793 0.6000000238
8791  -6.334  -77.191  26.582 0.8999999762
159541  -18.618  -71.111  -9.109 0.5000000000
13065  -20.037  -70.856  -8.941 0.4000000060
13050  -20.261  -71.601  -7.749 0.3000000119
14531  -15.724  -69.370  -7.901 0.6000000238
13034  -19.853  -72.246  -6.286 0.3000000119
12259  -19.024  -73.436  -3.549 0.1000000015
11514  -19.848  -74.194  -4.423 0.1000000015
13782  -12.974  -69.955  -7.152 0.6999999881
13783  -13.860  -69.796  -7.362 0.6999999881
153821  -20.590  -74.308  -3.312 0.1000000015
145425  -23.066  -73.757  -4.450 0.1000000015
158773  -20.420  -73.615  -6.808 0.2000000030
11525  -19.909  -73.827  -5.878 0.2000000030
11527  -22.374  -73.614  -6.244 0.1000000015
14498  -5.813  -69.995  -2.691 0.8000000119
14499  -6.199  -69.393  -2.814 0.8999999762
14515  -11.887  -68.852  -6.109 0.6999999881
15324  -12.526  -68.350  -5.999 0.6999999881
11526  -21.112  -73.718  -6.528 0.2000000030
152229  -23.356  -73.168  -6.354 0.1000000015
15315  -7.492  -68.322  -2.616 0.8000000119
151003  -8.201  -67.696  -2.294 0.8000000119
164047  -11.197  -67.953  -4.988 0.6000000238
15323  -11.854  -68.296  -5.598 0.6999999881
11537  -21.093  -73.629  -7.355 0.3000000119
11538  -22.003  -73.426  -7.202 0.1000000015
15316  -9.967  -67.637  -3.882 0.6999999881
15318  -10.828  -67.373  -4.105 0.6999999881
159168  -22.459  -73.003  -7.775 0.1000000015
13067  -23.212  -71.305  -8.602 0.1000000015
12312  -22.060  -71.862  -9.542 0.1000000015
16120  -8.787  -67.522  -2.846 0.8000000119
171640  -23.443  -71.417  -7.575 0.1000000015
8753  -5.712  -77.838  29.953 1.0000000000
155988  -7.543  -77.413  29.569 1.0000000000
9318  -6.017  -76.552  29.951 1.0000000000
9320  -8.120  -76.890  29.116 1.0000000000
150540  -8.336  -77.529  27.004 1.0000000000
8779  -8.684  -77.340  27.416 1.0000000000
9370  -5.623  -76.287  24.672 0.5000000000
9360  -5.763  -76.600  25.798 0.6000000238
151476  -6.969  -76.548  25.310 0.8000000119
163819  -18.358  -70.384  -8.156 0.5000000000
13793  -17.253  -70.294  -7.926 0.6000000238
13806  -19.714  -70.151  -9.122 0.4000000060
13025  -20.022  -71.770  -5.230 0.3000000119
12260  -19.572  -72.736  -3.160 0.1000000015
10780  -19.644  -74.126  -2.990 0.1000000015
11496  -21.482  -74.170  -2.864 0.1000000015
151115  -24.402  -73.288  -3.642 0.1000000015
13746  -5.513  -70.708  -1.389 0.8000000119
14524  -14.266  -68.946  -7.124 0.6000000238
15347  -15.201  -68.700  -7.371 0.6000000238
145444  -24.137  -72.940  -5.791 0.1000000015
171212  -23.937  -73.496  -4.643 0.1000000015
145424  -25.280  -72.634  -4.006 0.1000000015
14492  -5.989  -69.560  -2.067 0.8999999762
15325  -13.340  -67.794  -6.088 0.6000000238
15335  -14.703  -68.049  -6.829 0.6000000238
145447  -24.451  -71.951  -6.198 0.1000000015
145441  -24.810  -72.396  -5.576 0.1000000015
145434  -25.760  -71.901  -4.670 0.1000000015
152472  -25.182  -71.638  -5.788 0.1000000015
15307  -7.466  -68.127  -1.831 0.8000000119
16138  -12.786  -66.779  -4.840 0.6999999881
16936  -13.591  -66.194  -4.542 0.6000000238
12287  -23.601  -72.260  -6.796 0.1000000015
145446  -24.759  -71.224  -6.347 0.1000000015
16934  -12.015  -66.529  -3.703 0.6999999881
16935  -12.654  -66.247  -4.113 0.6999999881
171081  -25.296  -70.198  -7.041 0.1000000015
13068  -23.943  -70.632  -8.261 0.1000000015
16121  -9.481  -67.301  -3.029 0.6999999881
16122  -11.265  -66.903  -3.532 0.6999999881
16924  -11.840  -66.962  -3.013 0.6999999881
13809  -25.178  -69.781  -7.956 0.1000000015
145105  -8.771  -76.900  25.577 1.0000000000
154126  -9.115  -77.025  26.185 1.0000000000
9380  -5.338  -76.318  24.002 0.4000000060
185422  -8.095  -76.593  25.005 0.6999999881
13051  -20.998  -70.985  -7.625 0.4000000060
13005  -20.820  -72.353  -3.032 0.1000000015
152550  -22.220  -72.020  -2.865 0.1000000015
180881  -24.488  -72.312  -2.602 0.1000000015
154051  -25.691  -71.482  -2.058 0.1000000015
12995  -26.093  -71.562  -1.183 0.1000000015
14540  -19.188  -69.837  -8.800 0.4000000060
13035  -20.643  -71.461  -6.634 0.3000000119
12250  -20.477  -73.249  -2.658 0.1000000015
145420  -22.703  -73.051  -2.755 0.1000000015
149932  -23.851  -73.287  -2.847 0.1000000015
150057  -25.266  -71.908  -2.568 0.1000000015
145430  -25.921  -71.682  -2.728 0.1000000015
167280  -26.447  -71.092  -1.790 0.1000000015
14532  -16.699  -69.415  -7.754 0.6000000238
14533  -17.700  -69.570  -7.524 0.5000000000
14455  -4.868  -70.211  -0.059 0.8000000119
14441  -5.381  -69.760  0.214 0.8000000119
15348  -16.148  -68.506  -7.565 0.5000000000
150568  -25.632  -72.240  -3.206 0.1000000015
13002  -26.446  -71.135  -2.485 0.1000000015
13758  -26.825  -70.508  -2.073 0.1000000015
13751  -26.673  -70.740  -1.092 0.1000000015
14456  -5.553  -70.511  -0.613 0.8000000119
145426  -25.824  -71.970  -3.943 0.1000000015
13763  -26.822  -70.572  -2.982 0.1000000015
13752  -27.334  -69.910  -1.531 0.1000000015
14476  -6.205  -69.824  -1.115 0.8000000119
170885  -26.578  -70.560  -4.718 0.1000000015
15326  -14.240  -67.367  -6.246 0.5000000000
16139  -13.730  -66.811  -5.449 0.6000000238
145443  -25.976  -69.987  -6.340 0.1000000015
150377  -26.377  -70.320  -5.474 0.1000000015
15291  -8.330  -67.867  -1.798 0.8000000119
15292  -9.327  -67.835  -1.743 0.8000000119
16089  -10.136  -67.538  -2.064 0.8000000119
145449  -27.042  -69.338  -5.893 0.1000000015
16917  -12.629  -66.565  -3.317 0.6000000238
15341  -27.533  -68.853  -6.585 0.1000000015
150249  -26.659  -69.135  -6.899 0.1000000015
15356  -27.473  -68.722  -7.393 0.1000000015
16104  -10.889  -67.335  -2.663 0.8000000119
14517  -29.470  -69.179  -5.558 0.1000000015
14537  -29.142  -68.834  -7.147 0.1000000015
11970  -3.819  -72.622  35.331 0.4000000060
11224  -3.257  -72.734  34.542 0.5000000000
12011  -3.961  -72.470  33.760 0.6999999881
10488  -2.747  -73.339  34.585 0.6000000238
11243  -3.083  -73.152  33.658 0.6999999881
11260  -3.764  -73.251  32.698 0.8000000119
9319  -7.123  -76.299  29.709 1.0000000000
182639  -8.659  -76.784  28.112 1.0000000000
145106  -9.187  -76.547  25.168 1.0000000000
9381  -5.928  -75.707  24.253 0.5000000000
9371  -6.501  -75.912  24.489 0.6000000238
170139  -23.002  -71.537  -3.791 0.1000000015
149009  -23.648  -72.140  -2.629 0.1000000015
12233  -24.426  -71.719  -1.774 0.1000000015
12221  -24.947  -72.562  -0.651 0.1000000015
13807  -20.544  -70.106  -8.741 0.4000000060
13784  -21.612  -70.787  -7.075 0.4000000060
149300  -22.649  -71.212  -4.694 0.1000000015
12985  -26.297  -71.534  -0.354 0.1000000015
14541  -20.283  -69.476  -8.778 0.4000000060
13796  -22.347  -70.053  -7.436 0.4000000060
165135  -6.359  -70.145  -0.085 0.8000000119
15349  -17.086  -68.639  -7.343 0.5000000000
14477  -6.857  -70.073  -0.346 0.8999999762
15327  -15.197  -67.127  -6.507 0.5000000000
14493  -27.530  -69.686  -2.508 0.1000000015
15290  -6.931  -68.932  -1.401 0.8999999762
14478  -7.763  -69.952  -0.630 0.8000000119
16152  -15.729  -66.743  -5.865 0.5000000000
13771  -27.186  -69.787  -4.349 0.1000000015
14501  -28.105  -69.203  -3.172 0.1000000015
153330  -8.474  -68.743  -1.348 0.8000000119
160702  -8.685  -70.057  -1.021 0.8000000119
16937  -14.573  -66.159  -4.940 0.5000000000
149977  -27.870  -68.993  -4.983 0.1000000015
14508  -28.074  -69.122  -3.959 0.1000000015
163646  -29.563  -69.070  -3.322 0.1000000015
14479  -9.550  -69.423  -1.296 0.8000000119
15293  -10.402  -68.320  -1.505 0.8000000119
16925  -14.544  -66.607  -3.866 0.5000000000
14516  -28.837  -68.688  -5.282 0.1000000015
182702  -29.323  -68.815  -3.957 0.1000000015
15294  -11.467  -68.402  -0.999 0.8000000119
185472  -13.392  -67.458  -2.101 0.6999999881
13772  -30.178  -70.215  -4.320 0.1000000015
16091  -12.054  -67.738  -1.548 0.8000000119
14518  -30.001  -69.910  -5.865 0.1000000015
11489  -29.459  -73.579  -2.251 0.1000000015
13016  -29.956  -71.529  -4.670 0.1000000015
10766  -30.122  -74.983  -1.139 0.1000000015
12729  -4.667  -72.467  35.676 0.4000000060
11960  -3.950  -72.843  35.987 0.4000000060
12742  -5.099  -72.238  34.895 0.6000000238
12770  -5.472  -71.868  33.849 0.6999999881
11244  -4.168  -72.466  32.949 0.8000000119
181401  -4.100  -73.836  31.741 0.8999999762
12023  -4.788  -72.161  32.620 0.8000000119
11261  -4.490  -72.697  32.174 0.8999999762
10565  -4.762  -74.187  30.852 1.0000000000
11278  -4.518  -73.215  31.651 1.0000000000
9923  -6.357  -75.280  29.861 1.0000000000
162547  -7.062  -74.992  29.585 1.0000000000
183447  -8.230  -75.985  28.580 1.0000000000
9949  -8.894  -75.389  26.491 1.0000000000
9976  -8.596  -75.785  24.172 0.8000000119
10607  -8.627  -74.892  25.612 1.0000000000
9974  -6.839  -75.478  24.206 0.6999999881
145421  -23.110  -71.301  -2.921 0.1000000015
150171  -23.288  -71.287  -2.339 0.1000000015
165507  -23.387  -71.340  -1.952 0.1000000015
13785  -22.362  -70.571  -6.504 0.2000000030
175140  -22.392  -70.871  -5.585 0.2000000030
171173  -23.453  -70.724  -4.460 0.1000000015
154446  -23.039  -70.254  -6.054 0.2000000030
151262  -23.854  -70.041  -5.068 0.2000000030
152263  -23.534  -70.761  -3.580 0.1000000015
14442  -6.193  -69.910  0.268 0.8000000119
15351  -18.785  -68.657  -7.309 0.5000000000
15361  -19.974  -68.826  -8.499 0.4000000060
14536  -21.898  -69.412  -8.064 0.3000000119
13738  -26.795  -70.741  -0.096 0.1000000015
14458  -6.885  -70.424  0.484 0.8999999762
15337  -16.583  -67.767  -7.151 0.5000000000
14486  -28.907  -69.020  -1.771 0.1000000015
15328  -16.146  -67.122  -6.639 0.5000000000
15330  -17.724  -67.656  -6.216 0.4000000060
14495  -29.243  -68.948  -2.531 0.1000000015
14487  -29.415  -69.264  -1.705 0.1000000015
176371  -8.444  -70.808  0.034 0.8999999762
16938  -15.409  -66.555  -5.119 0.5000000000
16153  -16.643  -67.236  -5.696 0.5000000000
178282  -30.146  -70.443  -2.425 0.1000000015
14480  -10.790  -69.388  -0.861 0.8000000119
16125  -15.598  -67.164  -3.702 0.5000000000
13765  -30.129  -69.776  -3.366 0.1000000015
16108  -14.155  -67.513  -2.343 0.5000000000
16109  -15.100  -67.502  -2.807 0.5000000000
13003  -29.949  -71.764  -2.819 0.1000000015
15276  -12.520  -68.444  -0.869 0.8000000119
16093  -13.905  -68.032  -1.590 0.6000000238
11484  -29.281  -73.896  -1.298 0.1000000015
10760  -29.909  -75.059  0.043 0.1000000015
10085  -31.877  -75.303  1.506 0.1000000015
13479  -5.913  -70.666  34.782 0.4000000060
12783  -4.863  -71.410  33.008 0.6999999881
13506  -5.512  -70.043  33.923 0.5000000000
164890  -4.617  -72.611  31.678 1.0000000000
11296  -4.868  -73.292  30.826 1.0000000000
9905  -5.861  -74.424  29.970 1.0000000000
10581  -6.592  -74.218  29.609 1.0000000000
9924  -7.675  -75.526  29.163 1.0000000000
9938  -8.580  -75.741  27.737 1.0000000000
10606  -8.164  -74.467  26.700 1.0000000000
10605  -7.220  -74.161  27.070 0.8999999762
10619  -6.458  -74.464  26.179 0.8000000119
10635  -7.745  -74.585  25.405 0.8000000119
10634  -6.802  -74.897  24.674 0.8000000119
149705  -23.464  -70.583  -2.777 0.1000000015
145438  -23.793  -69.890  -6.535 0.3000000119
15257  -5.798  -68.857  0.478 0.8999999762
15354  -21.176  -68.001  -8.151 0.4000000060
156016  -22.786  -69.383  -7.834 0.3000000119
179376  -23.953  -68.708  -7.259 0.3000000119
145428  -24.309  -69.496  -5.857 0.2000000030
14443  -6.859  -70.267  0.737 0.8999999762
15352  -19.521  -68.288  -7.855 0.4000000060
16173  -20.372  -67.104  -8.011 0.4000000060
15340  -19.093  -67.820  -7.116 0.4000000060
16162  -19.858  -66.490  -7.551 0.4000000060
13753  -29.995  -70.713  -1.271 0.1000000015
13747  -9.374  -70.887  -0.782 0.8000000119
13731  -10.248  -71.851  -0.578 0.8000000119
16154  -17.567  -67.408  -5.504 0.4000000060
16161  -18.840  -67.217  -6.468 0.4000000060
13723  -29.826  -71.342  0.731 0.1000000015
12972  -30.256  -71.295  1.325 0.1000000015
14460  -11.133  -70.825  -0.659 0.8000000119
16140  -15.988  -66.957  -4.480 0.5000000000
12996  -29.729  -71.962  -0.896 0.1000000015
12986  -29.521  -71.984  0.339 0.1000000015
12957  -30.244  -72.031  1.492 0.1000000015
16110  -16.143  -67.776  -2.926 0.5000000000
16126  -16.579  -67.534  -3.717 0.4000000060
12234  -29.308  -73.115  -1.173 0.1000000015
12222  -29.181  -72.817  -0.070 0.1000000015
12211  -29.236  -72.644  0.891 0.1000000015
15295  -13.518  -68.552  -0.952 0.6999999881
10754  -29.336  -74.325  0.342 0.1000000015
11465  -29.468  -73.961  1.179 0.1000000015
10755  -30.027  -74.611  1.084 0.1000000015
15308  -14.992  -68.426  -1.726 0.5000000000
11456  -31.891  -73.686  1.835 0.1000000015
11457  -33.439  -73.692  2.250 0.1000000015
11467  -33.444  -72.952  1.873 0.1000000015
13505  -5.231  -70.690  33.513 0.5000000000
14213  -5.199  -69.372  33.522 0.5000000000
12039  -4.498  -72.234  32.011 1.0000000000
12052  -4.335  -72.767  31.090 1.0000000000
10580  -5.343  -73.724  30.223 1.0000000000
11309  -4.521  -73.301  29.860 1.0000000000
12067  -3.852  -72.911  30.182 1.0000000000
11310  -5.884  -73.820  29.522 1.0000000000
10591  -7.726  -74.207  27.910 1.0000000000
11321  -5.020  -73.619  29.369 1.0000000000
154882  -6.474  -73.774  28.893 1.0000000000
10603  -4.622  -74.363  27.531 0.8999999762
154444  -7.017  -73.874  28.207 1.0000000000
10604  -6.102  -74.127  27.713 0.8000000119
16045  -5.208  -68.164  1.128 0.8000000119
16046  -5.700  -67.420  1.162 1.0000000000
145431  -23.848  -69.820  -2.725 0.2000000030
178441  -22.991  -70.499  -1.416 0.1000000015
16056  -5.761  -67.966  0.701 0.8000000119
150625  -24.525  -68.371  -6.900 0.2000000030
151814  -24.782  -68.660  -6.191 0.2000000030
145422  -24.024  -69.992  -4.164 0.2000000030
164903  -8.311  -70.546  1.098 0.8999999762
145450  -23.903  -67.895  -7.222 0.4000000060
13717  -7.568  -70.759  0.547 0.8999999762
16163  -20.671  -66.600  -7.351 0.4000000060
16174  -21.226  -67.240  -7.703 0.4000000060
12963  -9.446  -71.649  0.429 0.8999999762
12979  -10.114  -72.324  -0.047 0.8999999762
158892  -11.467  -72.328  -0.398 0.8000000119
16955  -19.487  -66.387  -6.537 0.4000000060
16143  -18.409  -66.878  -5.221 0.4000000060
16141  -16.945  -67.408  -4.679 0.4000000060
14462  -12.906  -70.448  -0.314 0.8000000119
16142  -17.996  -67.071  -4.576 0.4000000060
12200  -30.148  -72.778  1.639 0.1000000015
12958  -30.788  -72.132  1.610 0.1000000015
15277  -13.130  -69.371  -0.538 0.8000000119
16111  -17.091  -67.854  -2.854 0.5000000000
12973  -31.646  -72.202  1.189 0.1000000015
15296  -14.381  -68.775  -1.133 0.6999999881
15309  -15.929  -68.384  -2.117 0.5000000000
11466  -30.327  -73.740  1.664 0.1000000015
13528  -4.197  -70.177  32.901 0.8000000119
13541  -3.860  -70.663  32.496 0.8999999762
14971  -5.554  -69.183  33.637 0.5000000000
14984  -4.264  -69.147  32.996 0.6000000238
14986  -5.168  -68.892  33.074 0.5000000000
12038  -3.796  -72.105  31.359 1.0000000000
12051  -3.280  -72.264  30.449 1.0000000000
11308  -3.410  -73.122  29.180 0.8999999762
14469  -23.436  -69.470  -0.657 0.1000000015
16034  -5.657  -66.917  1.851 1.0000000000
178356  -6.617  -67.068  0.223 1.0000000000
145439  -25.107  -68.774  -3.546 0.1000000015
13750  -23.351  -69.803  -1.376 0.1000000015
151977  -25.387  -68.573  -4.568 0.1000000015
145432  -24.665  -69.214  -4.307 0.2000000030
15258  -6.506  -69.164  0.557 0.8999999762
16967  -24.151  -67.150  -6.761 0.3000000119
145435  -25.506  -68.125  -5.569 0.1000000015
16958  -22.654  -66.550  -6.534 0.3000000119
13704  -9.121  -70.926  1.084 0.8999999762
12965  -10.390  -72.162  0.463 0.8000000119
16956  -20.194  -66.015  -6.810 0.4000000060
12966  -11.215  -72.498  0.274 0.8000000119
13732  -12.248  -71.300  -0.373 0.8000000119
16954  -18.830  -66.692  -5.783 0.4000000060
16947  -18.894  -66.210  -5.160 0.3000000119
156972  -13.744  -70.354  -0.042 0.8000000119
14463  -14.166  -69.465  -0.580 0.6000000238
16128  -19.040  -66.963  -3.251 0.3000000119
161769  -18.165  -67.459  -2.506 0.4000000060
12212  -31.883  -72.960  1.179 0.1000000015
13550  -3.046  -70.613  32.008 0.8999999762
14255  -3.343  -69.880  32.324 0.8999999762
15009  -3.982  -68.892  32.466 0.8999999762
12817  -2.774  -71.513  30.787 0.8999999762
15801  -6.264  -68.159  32.366 0.6999999881
15821  -6.485  -67.812  31.633 0.6999999881
12827  -2.532  -71.723  29.853 0.8999999762
16850  -5.003  -66.976  2.695 0.8000000119
150943  -24.514  -69.089  -2.686 0.1000000015
15301  -24.674  -68.615  -1.770 0.1000000015
16058  -7.090  -67.744  0.173 0.8999999762
145463  -8.049  -67.807  -0.009 0.8999999762
153961  -25.769  -68.259  -3.957 0.1000000015
15313  -25.245  -68.396  -2.626 0.1000000015
15259  -7.525  -69.551  0.769 0.8999999762
178261  -8.626  -68.291  0.197 0.8999999762
14444  -9.476  -70.054  0.935 0.8999999762
16961  -25.221  -66.345  -6.086 0.1000000015
151578  -26.029  -67.263  -5.312 0.1000000015
14424  -10.156  -70.600  0.995 0.8999999762
12952  -10.970  -71.803  0.660 0.8000000119
16959  -23.567  -66.544  -6.399 0.3000000119
12953  -12.175  -71.987  0.545 0.8000000119
17855  -21.497  -65.692  -6.062 0.2000000030
13734  -14.107  -71.181  0.566 0.8000000119
17845  -19.184  -65.603  -5.087 0.2000000030
13735  -14.902  -71.100  0.900 0.6999999881
16928  -19.366  -66.285  -3.387 0.3000000119
14465  -15.837  -69.977  -0.103 0.6000000238
15311  -17.550  -68.423  -1.798 0.5000000000
16112  -19.645  -67.366  -2.416 0.3000000119
15297  -15.988  -69.295  -1.351 0.5000000000
15312  -18.739  -68.110  -1.590 0.4000000060
15299  -17.726  -69.281  -0.891 0.5000000000
14265  -2.815  -69.786  31.685 0.8999999762
13561  -2.541  -70.553  31.149 0.8000000119
15010  -4.773  -68.634  32.482 0.8000000119
15820  -5.713  -67.917  31.848 0.8000000119
165930  -5.912  -67.642  31.200 0.8000000119
15848  -7.586  -67.709  30.480 0.8000000119
17759  -4.143  -65.809  4.806 0.8999999762
17767  -5.052  -65.875  3.904 0.8999999762
16834  -4.356  -66.183  4.255 0.8999999762
16842  -5.394  -66.251  3.201 1.0000000000
17777  -6.606  -65.691  2.362 1.0000000000
16851  -5.674  -66.458  2.482 0.8999999762
16852  -6.144  -66.262  1.865 1.0000000000
16865  -6.672  -66.222  1.233 1.0000000000
175735  -25.435  -68.001  -1.920 0.1000000015
154606  -23.548  -69.092  0.050 0.1000000015
16897  -7.125  -66.711  0.136 1.0000000000
176698  -8.912  -67.037  -0.026 1.0000000000
163134  -26.381  -66.784  -3.825 0.1000000015
16131  -26.150  -67.591  -3.693 0.1000000015
145460  -9.556  -67.850  0.235 0.8999999762
16949  -26.322  -66.431  -5.113 0.2000000030
145462  -9.817  -66.864  0.381 1.0000000000
14425  -11.363  -70.332  0.888 0.8999999762
14426  -12.570  -70.408  1.207 0.8999999762
165580  -23.101  -65.885  -6.072 0.2000000030
18702  -22.815  -65.018  -5.950 0.2000000030
145451  -13.948  -72.107  1.572 0.8000000119
150510  -15.102  -71.483  1.602 0.8000000119
17848  -21.082  -65.079  -5.783 0.2000000030
17847  -20.323  -65.176  -5.514 0.2000000030
13736  -15.475  -70.568  0.879 0.6000000238
17839  -18.976  -65.549  -4.701 0.2000000030
16130  -21.226  -66.518  -2.584 0.3000000119
14483  -16.858  -69.621  -0.657 0.6000000238
16095  -19.950  -68.129  -0.054 0.4000000060
163883  -20.786  -67.296  -1.273 0.3000000119
179588  -2.621  -69.620  30.970 0.8999999762
14266  -3.200  -69.215  32.082 0.8999999762
13569  -2.386  -70.823  30.139 0.8000000119
15035  -4.434  -68.302  31.790 0.8000000119
164564  -5.066  -67.768  31.273 0.8000000119
15846  -5.648  -67.451  30.512 0.8999999762
160967  -7.788  -67.663  29.653 0.6999999881
15866  -8.292  -67.726  29.060 0.8000000119
15845  -4.607  -67.553  30.360 0.8999999762
155575  -7.078  -67.459  29.750 0.8000000119
15901  -9.289  -67.334  25.976 0.5000000000
16728  -9.807  -67.179  25.828 0.5000000000
16718  -10.277  -66.520  26.797 0.5000000000
17761  -5.562  -65.354  4.389 1.0000000000
17769  -6.379  -65.394  3.400 1.0000000000
17768  -5.751  -65.605  3.607 1.0000000000
16866  -7.242  -65.753  1.632 1.0000000000
161869  -24.516  -68.514  -0.825 0.1000000015
14431  -23.672  -68.550  0.692 0.1000000015
145459  -8.513  -66.237  0.347 1.0000000000
16115  -26.123  -66.917  -2.323 0.1000000015
16098  -25.671  -67.262  -1.645 0.1000000015
15270  -24.641  -67.862  -0.397 0.1000000015
16067  -25.092  -67.202  -0.762 0.1000000015
16059  -10.553  -67.347  0.532 0.8999999762
14446  -12.197  -69.107  0.939 0.8999999762
158370  -25.499  -64.912  -5.397 0.2000000030
13708  -13.771  -71.939  2.021 0.8000000119
18704  -24.192  -65.228  -5.952 0.2000000030
13693  -14.818  -71.501  2.390 0.8000000119
178601  -15.505  -71.009  1.651 0.6999999881
178486  -23.015  -64.215  -6.008 0.2000000030
15265  -16.962  -69.346  0.009 0.6000000238
15266  -18.124  -69.280  0.449 0.6000000238
18694  -21.449  -64.316  -5.986 0.2000000030
18693  -20.630  -64.422  -5.702 0.2000000030
182108  -21.796  -63.314  -6.120 0.2000000030
19483  -22.749  -63.490  -5.863 0.2000000030
14466  -17.132  -69.488  -0.162 0.6000000238
15268  -19.509  -68.369  0.733 0.4000000060
17840  -19.082  -64.839  -4.989 0.2000000030
19482  -20.223  -63.644  -5.805 0.2000000030
20268  -21.608  -62.193  -5.989 0.2000000030
21079  -22.333  -61.555  -5.451 0.2000000030
14448  -18.371  -69.491  0.447 0.6000000238
16911  -21.101  -66.348  -1.100 0.3000000119
18680  -18.697  -64.785  -4.242 0.2000000030
163842  -20.860  -62.895  -6.177 0.2000000030
21071  -22.918  -61.138  -4.931 0.2000000030
18685  -18.579  -64.089  -4.725 0.2000000030
20260  -18.980  -62.569  -5.580 0.2000000030
21078  -21.409  -61.224  -5.705 0.2000000030
165189  -19.651  -61.664  -5.928 0.2000000030
157049  -2.462  -70.090  29.455 0.8000000119
14277  -2.482  -69.886  30.283 0.8999999762
15034  -3.573  -68.567  31.409 0.8999999762
15819  -4.183  -67.936  31.087 0.8999999762
15844  -3.558  -67.947  30.439 0.8999999762
15864  -6.240  -67.250  29.801 0.8999999762
15865  -7.460  -67.403  28.688 0.6999999881
15881  -8.136  -67.563  27.800 0.6000000238
184315  -8.118  -67.202  26.681 0.6000000238
15889  -8.586  -67.003  26.106 0.6000000238
16717  -9.238  -66.397  26.321 0.5000000000
17661  -9.565  -65.744  27.789 0.5000000000
16702  -10.303  -65.956  28.369 0.5000000000
18469  -11.799  -64.558  29.357 0.5000000000
18608  -4.120  -64.904  5.888 0.8999999762
18624  -6.204  -65.006  4.089 1.0000000000
145454  -10.568  -65.927  3.581 1.0000000000
17786  -8.089  -65.620  2.265 1.0000000000
16912  -25.879  -66.352  -1.859 0.2000000030
16881  -10.513  -66.398  0.976 1.0000000000
17842  -26.469  -65.703  -4.872 0.2000000030
16919  -26.240  -66.202  -2.645 0.2000000030
15262  -11.379  -68.128  0.617 0.8999999762
157535  -13.255  -69.552  1.640 0.8999999762
17829  -26.397  -65.345  -3.035 0.2000000030
17823  -25.954  -65.499  -2.185 0.2000000030
14409  -13.898  -69.908  2.406 0.8000000119
18696  -24.599  -64.343  -5.534 0.2000000030
18697  -25.639  -64.168  -5.051 0.2000000030
18687  -26.280  -64.224  -4.277 0.2000000030
14428  -14.979  -70.234  2.286 0.6999999881
19484  -23.582  -63.801  -5.670 0.2000000030
19485  -24.988  -63.515  -5.101 0.2000000030
15264  -15.843  -69.507  0.487 0.6000000238
18695  -22.302  -64.219  -6.018 0.2000000030
19475  -24.244  -63.247  -5.240 0.2000000030
16064  -16.920  -68.760  0.116 0.6000000238
20262  -23.188  -61.930  -5.215 0.2000000030
160307  -18.400  -68.263  0.590 0.5000000000
16902  -19.645  -66.133  0.405 0.4000000060
17810  -20.282  -65.780  -0.558 0.4000000060
17827  -20.382  -65.480  -2.404 0.2000000030
21070  -22.091  -60.698  -5.151 0.2000000030
22012  -22.411  -60.644  -4.220 0.2000000030
17834  -18.478  -65.112  -3.407 0.2000000030
18684  -17.913  -64.043  -4.261 0.2000000030
21069  -20.489  -60.901  -5.978 0.2000000030
22928  -21.545  -59.676  -3.467 0.2000000030
22918  -21.551  -59.419  -2.505 0.2000000030
157139  -19.086  -65.483  -2.422 0.3000000119
20259  -18.230  -62.552  -5.001 0.2000000030
22010  -20.799  -59.690  -5.220 0.2000000030
22936  -21.035  -59.245  -4.421 0.2000000030
23850  -21.127  -58.801  -3.329 0.2000000030
20258  -17.504  -62.581  -4.545 0.3000000119
21068  -19.622  -60.599  -5.759 0.2000000030
22009  -19.927  -59.656  -5.607 0.2000000030
22935  -20.367  -58.993  -5.154 0.2000000030
23858  -20.568  -58.470  -4.428 0.2000000030
23849  -20.765  -57.860  -3.728 0.2000000030
161502  -2.595  -69.371  29.704 0.8000000119
15046  -3.050  -68.484  30.724 0.8999999762
15843  -2.922  -68.178  30.016 0.8000000119
15861  -3.289  -67.642  29.569 0.8999999762
15863  -5.325  -67.103  29.788 0.8999999762
16685  -6.721  -67.102  29.083 0.6999999881
15880  -7.533  -67.118  27.346 0.6999999881
16716  -7.874  -66.598  26.469 0.6000000238
16727  -8.518  -66.490  26.247 0.6000000238
17646  -10.145  -65.348  28.831 0.5000000000
18489  -10.171  -64.590  28.954 0.5000000000
19269  -11.052  -64.152  29.065 0.5000000000
18609  -5.020  -64.547  6.284 0.8999999762
18610  -5.688  -64.545  5.745 1.0000000000
19403  -5.598  -64.153  6.386 1.0000000000
18604  -4.085  -64.509  6.752 0.8000000119
18615  -5.237  -65.075  5.089 0.8999999762
18616  -6.165  -64.710  4.937 1.0000000000
18617  -6.688  -64.381  4.463 1.0000000000
18625  -6.888  -64.638  4.029 1.0000000000
177125  -7.212  -63.872  3.889 1.0000000000
17778  -7.378  -65.429  2.849 1.0000000000
18634  -7.580  -65.037  3.496 1.0000000000
145455  -9.292  -65.674  3.026 1.0000000000
152024  -9.230  -64.611  3.816 1.0000000000
18618  -9.769  -64.792  4.768 1.0000000000
174854  -9.747  -65.981  1.403 1.0000000000
145457  -10.626  -65.972  2.134 1.0000000000
16867  -11.560  -66.223  1.791 1.0000000000
16868  -12.564  -66.106  2.183 1.0000000000
16047  -12.540  -67.817  1.323 0.8999999762
176210  -12.866  -66.986  1.686 1.0000000000
16869  -13.082  -66.655  1.601 1.0000000000
15244  -13.844  -68.896  2.007 0.8999999762
15243  -13.109  -68.520  1.531 0.8999999762
16048  -13.391  -67.717  1.577 0.8999999762
15245  -14.575  -69.290  1.919 0.8000000119
16870  -13.581  -67.147  1.093 0.8999999762
20252  -24.911  -62.458  -3.547 0.2000000030
15263  -14.995  -68.889  1.142 0.6999999881
20263  -23.898  -62.449  -4.835 0.2000000030
20251  -24.151  -62.195  -3.990 0.2000000030
16063  -15.587  -68.440  0.461 0.6999999881
16077  -17.109  -67.732  -0.128 0.5000000000
21072  -23.516  -61.723  -4.531 0.2000000030
21063  -24.216  -61.949  -2.986 0.2000000030
21055  -23.855  -61.383  -2.124 0.2000000030
16901  -18.504  -66.173  -0.127 0.4000000060
167233  -17.486  -65.235  -2.561 0.3000000119
17818  -16.873  -65.757  -1.704 0.3000000119
21062  -23.117  -61.172  -3.921 0.2000000030
22001  -22.647  -60.637  -3.125 0.2000000030
178327  -19.397  -65.645  -0.435 0.4000000060
18673  -17.297  -64.556  -3.328 0.3000000119
19467  -16.487  -63.440  -3.985 0.3000000119
21990  -22.011  -60.062  -2.791 0.2000000030
177505  -17.945  -64.457  -3.825 0.3000000119
178266  -17.888  -61.825  -4.677 0.3000000119
22919  -22.006  -59.848  -1.976 0.2000000030
160621  -21.279  -58.624  -2.179 0.2000000030
22008  -18.879  -60.056  -5.190 0.3000000119
22933  -18.690  -59.058  -4.750 0.3000000119
23856  -19.365  -58.234  -4.837 0.2000000030
23844  -21.061  -57.933  -2.799 0.2000000030
15057  -2.730  -68.658  29.514 0.8000000119
13580  -2.547  -70.190  28.579 0.8999999762
15860  -2.842  -67.895  29.240 0.8000000119
167344  -4.523  -67.187  29.690 0.8999999762
16684  -5.912  -66.750  28.961 0.8999999762
19283  -11.501  -63.556  28.406 0.6000000238
19284  -12.484  -63.091  28.421 0.4000000060
19395  -4.246  -63.800  8.147 0.8999999762
18605  -5.203  -64.061  7.040 1.0000000000
18598  -3.764  -64.465  7.681 0.8000000119
19410  -6.304  -63.974  5.406 1.0000000000
18627  -8.203  -64.590  3.644 1.0000000000
19418  -8.439  -64.136  3.272 1.0000000000
150879  -11.823  -66.003  3.246 1.0000000000
145453  -11.367  -65.723  4.383 1.0000000000
160131  -11.262  -65.121  4.701 1.0000000000
16843  -12.658  -65.635  4.385 0.8999999762
16853  -12.931  -65.528  3.523 0.8999999762
16882  -13.290  -66.332  1.153 1.0000000000
16049  -14.167  -68.120  1.445 0.6999999881
16061  -14.330  -67.249  0.632 0.6999999881
16883  -15.202  -67.480  0.259 0.6999999881
163509  -15.937  -67.060  -0.436 0.6000000238
17809  -15.324  -66.230  -0.845 0.6000000238
16900  -17.251  -66.872  -0.572 0.4000000060
16909  -16.376  -66.366  -1.081 0.5000000000
22905  -21.100  -59.387  -0.623 0.2000000030
20250  -16.775  -62.548  -4.153 0.3000000119
21067  -17.224  -61.591  -4.049 0.3000000119
22000  -17.968  -59.905  -4.365 0.3000000119
22927  -17.800  -58.889  -4.052 0.3000000119
175994  -2.635  -68.506  28.707 0.8999999762
15878  -2.692  -67.739  28.554 0.8999999762
16682  -3.834  -66.980  29.250 0.8000000119
16683  -4.852  -66.724  29.201 0.8999999762
16701  -6.754  -66.878  28.039 0.8000000119
16715  -7.149  -66.651  27.047 0.8000000119
17659  -7.845  -65.779  26.523 0.6000000238
166005  -5.180  -66.349  28.487 1.0000000000
16700  -5.985  -66.405  28.007 0.8999999762
16714  -6.555  -66.345  27.283 0.8999999762
17660  -8.657  -65.462  27.202 0.6000000238
17645  -9.528  -64.935  28.301 0.6000000238
18497  -8.056  -64.744  27.171 0.6999999881
19281  -9.737  -64.226  28.312 0.6000000238
19282  -10.597  -63.879  28.459 0.6000000238
18498  -8.857  -64.446  27.910 0.6999999881
19289  -10.280  -63.546  27.753 0.6000000238
177263  -11.035  -63.383  27.875 0.6000000238
20070  -10.021  -63.178  26.956 0.6000000238
20071  -11.019  -63.108  27.038 0.6000000238
20064  -11.897  -62.985  27.544 0.5000000000
20889  -12.600  -62.341  26.904 0.6000000238
20880  -13.162  -62.118  27.359 0.5000000000
20894  -13.163  -61.462  26.387 0.6000000238
19396  -5.063  -63.598  7.825 0.8999999762
19397  -5.567  -63.214  7.390 1.0000000000
19392  -4.957  -63.337  8.616 0.8000000119
159639  -5.219  -62.758  8.961 0.8000000119
19399  -5.791  -63.390  6.616 1.0000000000
19404  -5.998  -63.622  5.914 1.0000000000
20186  -5.403  -62.982  8.177 0.8999999762
20199  -6.310  -62.904  5.179 1.0000000000
20192  -5.941  -62.592  5.958 1.0000000000
19415  -6.957  -63.541  4.183 1.0000000000
19417  -7.700  -63.729  3.578 1.0000000000
20205  -7.079  -62.572  4.004 1.0000000000
18629  -10.341  -64.829  4.524 1.0000000000
18630  -11.930  -64.738  4.386 0.8999999762
18641  -11.750  -64.381  0.908 0.8999999762
18642  -12.631  -64.908  2.316 0.8999999762
18638  -13.085  -64.815  4.333 0.8999999762
18647  -12.502  -65.154  1.065 0.8000000119
17787  -12.730  -65.658  2.081 1.0000000000
17794  -13.091  -65.761  0.734 0.8000000119
178367  -13.257  -65.542  -0.166 0.6000000238
17808  -14.409  -65.988  -0.697 0.6999999881
17807  -13.673  -65.535  -0.723 0.6000000238
157533  -14.901  -65.664  -1.267 0.6000000238
17817  -15.723  -65.694  -1.520 0.5000000000
17816  -14.195  -65.409  -1.388 0.5000000000
17826  -16.118  -65.179  -2.284 0.4000000060
181821  -15.577  -63.932  -3.381 0.4000000060
22906  -21.650  -59.973  -0.221 0.1000000015
21060  -16.506  -61.731  -3.502 0.3000000119
21998  -16.777  -60.987  -3.241 0.3000000119
15879  -2.985  -67.139  28.829 1.0000000000
16699  -4.269  -66.438  28.667 1.0000000000
180087  -2.592  -69.351  27.981 0.8999999762
159538  -2.500  -68.246  27.913 0.8999999762
179753  -5.376  -65.929  27.834 1.0000000000
165294  -2.524  -68.932  27.067 0.8999999762
17658  -7.135  -65.931  26.645 0.6999999881
19287  -8.438  -63.833  27.418 0.8000000119
19288  -9.314  -63.704  27.700 0.6999999881
20077  -10.927  -62.906  25.786 0.8000000119
20078  -11.905  -62.692  26.368 0.6999999881
20893  -12.566  -61.808  25.981 0.6000000238
20175  -4.936  -62.477  10.554 0.6000000238
19385  -4.886  -63.161  9.408 0.8000000119
20180  -5.092  -62.609  9.768 0.8000000119
20183  -5.365  -62.103  8.376 0.8999999762
20187  -5.564  -62.265  7.593 1.0000000000
20189  -5.762  -62.414  6.779 1.0000000000
161083  -5.886  -61.613  6.163 1.0000000000
20200  -6.692  -62.890  4.499 1.0000000000
19421  -7.693  -62.842  3.252 1.0000000000
18637  -12.210  -64.520  3.436 1.0000000000
154812  -12.588  -65.026  -0.055 0.6000000238
17806  -12.924  -65.137  -0.968 0.6000000238
17815  -13.531  -65.121  -1.402 0.6000000238
18669  -13.714  -64.161  -2.423 0.5000000000
19459  -14.942  -63.631  -3.299 0.5000000000
20241  -15.144  -62.093  -3.260 0.4000000060
18664  -14.907  -65.203  -2.106 0.5000000000
20248  -15.615  -62.495  -3.558 0.3000000119
21059  -15.851  -61.840  -3.276 0.3000000119
22926  -17.379  -59.777  -3.695 0.3000000119
16697  -2.590  -67.217  27.927 0.8999999762
16698  -3.529  -66.633  28.611 0.8999999762
16713  -6.008  -66.012  27.441 0.8999999762
17657  -6.364  -65.675  26.983 0.8999999762
17666  -6.632  -65.140  26.686 0.8000000119
18496  -7.317  -65.051  26.721 0.8000000119
18506  -7.681  -64.085  26.941 0.8000000119
19297  -8.075  -63.273  26.898 0.8999999762
19298  -8.960  -63.156  27.061 0.8000000119
20076  -9.676  -62.891  26.125 0.8000000119
20892  -11.942  -62.098  25.327 0.8000000119
20988  -4.557  -61.545  11.521 0.5000000000
20993  -4.753  -61.606  10.861 0.5000000000
20998  -4.935  -61.696  10.073 0.8000000119
21014  -6.174  -61.827  5.371 1.0000000000
20206  -7.488  -62.332  3.366 1.0000000000
18635  -9.502  -64.454  3.311 1.0000000000
19422  -8.186  -63.046  2.906 1.0000000000
19425  -11.038  -64.231  2.194 1.0000000000
181971  -12.142  -64.668  0.370 0.8999999762
19430  -11.072  -63.872  1.303 1.0000000000
18658  -12.347  -64.379  -1.008 0.6000000238
17644  -4.522  -65.893  28.156 1.0000000000
15888  -2.357  -67.899  27.094 0.6999999881
163906  -4.777  -65.383  27.610 1.0000000000
17665  -5.912  -65.062  26.776 1.0000000000
18505  -6.941  -64.374  26.563 1.0000000000
20074  -7.780  -62.866  26.270 0.8999999762
20075  -8.628  -62.811  26.342 0.8000000119
20086  -10.155  -62.590  25.268 0.8000000119
20898  -11.065  -62.072  24.556 0.8000000119
21809  -11.900  -61.173  24.716 0.8000000119
21906  -4.370  -60.754  11.215 0.6000000238
21900  -4.137  -60.937  12.141 0.4000000060
21912  -4.635  -60.754  10.406 0.8000000119
21918  -4.859  -60.810  9.605 0.8000000119
21015  -6.597  -62.020  4.532 1.0000000000
21936  -6.469  -61.212  5.018 1.0000000000
21020  -7.249  -61.797  3.831 1.0000000000
20209  -7.951  -62.240  2.817 1.0000000000
19423  -9.042  -63.335  2.394 1.0000000000
16712  -2.996  -66.461  28.199 0.8999999762
17643  -3.675  -66.068  28.219 0.8999999762
17655  -3.891  -65.437  27.797 0.8999999762
17664  -5.063  -64.874  27.082 1.0000000000
18503  -5.401  -64.398  26.538 1.0000000000
18504  -6.212  -64.473  26.453 1.0000000000
19296  -7.326  -63.543  26.503 1.0000000000
163896  -8.311  -62.504  25.802 0.8000000119
20085  -9.149  -62.499  25.550 0.8000000119
20896  -8.475  -62.043  25.066 0.8999999762
20897  -9.759  -62.044  24.717 0.8000000119
21816  -11.344  -60.645  24.254 0.8999999762
178720  -11.355  -59.262  24.581 0.8999999762
23620  -11.638  -57.900  25.442 0.8999999762
176347  -5.261  -61.304  8.472 1.0000000000
22819  -4.384  -59.830  10.797 0.8000000119
21926  -5.862  -60.710  6.463 1.0000000000
21929  -6.116  -60.972  5.713 1.0000000000
21021  -7.788  -61.599  3.155 1.0000000000
20211  -9.525  -62.378  1.986 1.0000000000
19428  -9.831  -63.176  1.798 1.0000000000
19429  -10.539  -63.460  1.610 1.0000000000
17653  -2.687  -66.443  27.602 0.8999999762
17654  -3.082  -65.747  27.663 0.8999999762
16726  -2.581  -66.026  27.023 0.8999999762
158907  -2.406  -66.933  27.051 0.8000000119
18502  -4.407  -64.205  26.835 1.0000000000
19294  -5.782  -63.852  26.105 1.0000000000
19305  -7.000  -63.028  26.014 1.0000000000
20084  -7.590  -62.481  25.610 1.0000000000
20909  -9.189  -61.433  24.222 0.8999999762
20910  -10.382  -61.297  23.940 0.8999999762
22720  -10.765  -60.012  23.852 0.8999999762
23631  -11.294  -58.043  24.955 0.8999999762
23630  -10.979  -57.867  24.498 0.8999999762
24562  -11.354  -57.244  25.377 0.8999999762
22818  -3.976  -59.901  11.636 0.6999999881
22823  -4.641  -59.907  9.917 0.8000000119
21920  -5.076  -60.715  8.867 0.8000000119
21921  -5.338  -60.544  8.138 1.0000000000
21924  -5.602  -60.543  7.304 1.0000000000
21937  -6.935  -60.695  4.891 1.0000000000
21943  -6.994  -61.200  4.383 1.0000000000
21944  -7.630  -60.980  3.779 1.0000000000
20212  -10.384  -62.460  1.664 0.8999999762
20210  -8.662  -62.303  2.395 1.0000000000
20215  -10.894  -62.623  1.095 0.8999999762
20220  -11.357  -62.330  0.466 0.6999999881
18494  -3.447  -65.100  27.331 0.8999999762
19304  -6.224  -63.294  25.683 1.0000000000
20083  -6.742  -62.636  25.355 1.0000000000
20098  -7.369  -62.049  24.942 1.0000000000
20908  -8.051  -61.563  24.337 1.0000000000
21826  -9.796  -60.655  23.575 0.8999999762
22729  -10.273  -59.570  23.494 0.8999999762
177289  -10.884  -58.802  24.222 0.8999999762
23638  -10.549  -58.579  23.784 0.8000000119
26512  -11.710  -55.867  24.995 0.8999999762
27479  -13.437  -55.259  24.620 1.0000000000
27480  -14.555  -55.166  24.592 0.8000000119
26536  -17.591  -55.409  22.889 0.4000000060
27482  -17.190  -54.995  23.744 0.4000000060
26526  -16.958  -55.813  23.870 0.6999999881
25605  -17.430  -56.349  23.073 0.6999999881
23741  -4.160  -58.843  11.328 0.8000000119
22828  -5.172  -59.848  8.641 0.8999999762
22829  -5.571  -59.635  7.810 1.0000000000
22834  -5.885  -59.873  6.865 1.0000000000
22853  -6.218  -60.215  6.138 1.0000000000
21938  -7.457  -60.458  4.467 1.0000000000
22873  -8.030  -60.094  3.868 0.8000000119
21945  -8.349  -60.733  3.159 0.8999999762
183649  -8.921  -60.910  2.642 0.8000000119
21025  -10.288  -61.474  2.113 0.8000000119
21946  -9.174  -60.280  3.007 0.8000000119
21951  -9.755  -60.793  2.583 0.6999999881
22875  -9.560  -59.555  3.649 0.6000000238
21957  -10.943  -60.973  2.030 0.6999999881
21965  -11.530  -60.840  0.531 0.6000000238
21033  -11.548  -61.603  0.103 0.6000000238
22877  -11.257  -59.167  3.071 0.5000000000
19293  -4.839  -63.749  26.190 1.0000000000
19303  -5.329  -63.338  25.584 1.0000000000
20082  -5.865  -62.817  25.105 1.0000000000
21825  -8.586  -60.897  23.722 0.8000000119
22728  -9.302  -60.106  23.223 0.8999999762
24587  -10.832  -57.856  24.081 0.8000000119
26510  -11.248  -56.991  23.935 0.6999999881
26522  -11.994  -56.286  24.152 0.8999999762
25582  -11.203  -56.651  24.863 0.8999999762
26511  -11.269  -56.569  24.731 0.8000000119
26523  -12.266  -56.374  24.310 1.0000000000
26535  -12.498  -56.577  24.006 0.8999999762
23731  -3.787  -58.633  12.948 0.6999999881
27478  -12.809  -55.512  24.696 1.0000000000
164700  -13.033  -56.099  24.317 1.0000000000
26524  -14.563  -55.892  24.460 1.0000000000
23732  -3.976  -58.283  12.231 0.8000000119
25592  -13.230  -56.201  24.330 0.8999999762
25594  -15.179  -56.668  24.431 1.0000000000
25595  -16.541  -56.768  24.128 0.6999999881
24606  -17.244  -57.412  23.203 0.6999999881
25619  -17.764  -56.806  22.115 0.6000000238
25620  -17.924  -55.920  22.065 0.6000000238
156610  -4.549  -59.002  10.286 0.8999999762
162569  -5.388  -59.154  8.559 0.8999999762
24597  -16.564  -57.703  24.098 0.8000000119
160024  -17.149  -58.203  22.810 0.6999999881
23765  -6.025  -59.022  7.268 1.0000000000
22854  -6.930  -59.780  5.874 1.0000000000
22864  -7.195  -60.041  5.116 0.8999999762
22865  -7.816  -59.623  4.657 0.8999999762
22874  -8.709  -59.972  3.549 0.8000000119
158193  -9.450  -58.876  4.240 0.6000000238
22876  -10.592  -59.488  3.485 0.6000000238
23806  -10.301  -58.947  4.046 0.6000000238
23807  -11.108  -58.845  3.736 0.5000000000
23808  -11.361  -58.293  3.063 0.5000000000
23797  -10.964  -58.532  4.433 0.5000000000
24773  -11.379  -57.324  3.179 0.5000000000
17663  -2.873  -65.156  27.010 0.8000000119
18501  -3.461  -64.415  26.821 0.8999999762
20921  -7.633  -61.177  23.792 0.8000000119
23645  -10.237  -58.448  23.344 0.8000000119
24594  -10.571  -57.931  23.485 0.6999999881
26521  -11.272  -57.103  23.750 0.6999999881
177572  -9.516  -58.872  22.852 0.6000000238
25591  -10.815  -57.591  23.423 0.6000000238
26534  -11.500  -57.059  23.761 0.6000000238
25603  -11.911  -57.086  23.496 0.6000000238
24698  -4.484  -57.829  11.640 0.8999999762
183972  -12.143  -57.098  23.421 0.5000000000
25604  -13.266  -57.378  23.672 0.6000000238
24596  -15.682  -57.569  24.414 0.6999999881
23744  -4.700  -58.141  10.739 0.8999999762
23751  -4.937  -59.212  9.319 0.8999999762
24605  -13.768  -58.092  23.627 0.6000000238
23646  -14.959  -58.504  24.379 0.6999999881
23648  -16.374  -59.221  24.049 0.6999999881
23659  -16.803  -59.017  23.179 0.6000000238
23745  -5.047  -58.373  9.871 0.8999999762
156702  -5.788  -58.731  8.085 1.0000000000
22843  -6.536  -59.440  6.593 0.8999999762
185546  -16.046  -60.007  24.217 0.6999999881
22760  -16.710  -59.786  22.605 0.6999999881
23773  -6.835  -58.587  6.989 1.0000000000
23783  -7.839  -58.387  5.728 0.8999999762
22773  -16.823  -60.142  21.001 0.6000000238
22866  -8.602  -59.258  4.180 0.8000000119
21885  -19.165  -60.541  19.509 0.4000000060
167055  -8.919  -58.442  4.766 0.6999999881
183145  -9.151  -57.892  5.266 0.6999999881
23785  -9.701  -57.767  5.607 0.6999999881
24758  -10.043  -58.343  4.841 0.6999999881
24745  -10.669  -57.788  5.709 0.6000000238
154839  -10.900  -58.154  5.023 0.5000000000
24746  -11.406  -57.969  5.432 0.5000000000
20920  -6.759  -61.358  23.558 0.6999999881
23637  -9.826  -59.186  23.128 0.8000000119
24687  -4.337  -57.512  12.504 0.8000000119
25707  -4.888  -57.001  11.999 0.8999999762
23757  -5.571  -58.419  9.000 1.0000000000
24711  -6.232  -57.514  9.126 0.8999999762
23758  -6.085  -58.067  8.399 1.0000000000
23766  -6.418  -58.293  7.742 1.0000000000
23782  -7.217  -58.905  6.203 0.8999999762
23796  -8.114  -58.702  4.922 0.8000000119
157550  -20.040  -59.027  18.898 0.4000000060
159724  -8.187  -57.461  6.502 0.8000000119
23784  -8.441  -57.973  5.367 0.6999999881
22789  -19.961  -59.930  19.389 0.4000000060
23701  -21.817  -58.528  18.040 0.4000000060
24727  -8.502  -57.191  6.832 0.6999999881
25733  -8.533  -56.980  7.577 0.6999999881
24736  -8.857  -57.417  6.025 0.6999999881
25734  -9.260  -57.224  7.072 0.6999999881
24737  -9.866  -57.528  6.319 0.6999999881
176242  -9.135  -57.253  8.055 0.6999999881
24728  -10.069  -57.597  7.117 0.6999999881
162742  -10.739  -57.884  6.735 0.6999999881
23775  -11.501  -58.644  7.411 0.6999999881
155024  -11.450  -58.135  6.272 0.6999999881
167005  -11.950  -58.202  5.879 0.5000000000
157704  -12.155  -57.499  5.480 0.5000000000
25752  -12.298  -56.201  5.270 0.5000000000
25698  -4.752  -56.786  12.861 0.8000000119
24702  -5.376  -57.613  10.371 0.8999999762
24710  -5.644  -57.813  9.666 0.8999999762
24703  -5.982  -57.075  10.020 0.8999999762
24717  -6.724  -57.575  8.264 0.8999999762
24725  -7.152  -57.755  7.467 0.8999999762
24718  -7.406  -57.110  8.061 0.8000000119
23774  -7.609  -57.973  6.572 0.8000000119
25655  -20.416  -56.948  17.811 0.6000000238
24726  -7.881  -57.229  7.234 0.6999999881
26589  -23.180  -55.893  17.661 0.6999999881
25657  -22.370  -56.519  17.644 0.5000000000
25728  -7.729  -56.787  8.824 0.8000000119
25732  -7.972  -56.845  7.984 0.8000000119
24719  -8.566  -57.074  8.751 0.8000000119
26592  -26.887  -57.051  17.473 0.3000000119
26591  -26.199  -57.148  18.076 0.4000000060
24720  -9.537  -57.750  9.214 0.8000000119
152713  -11.152  -58.920  8.455 0.6000000238
162895  -26.979  -55.922  17.505 0.3000000119
24712  -9.053  -57.484  10.220 0.6000000238
158056  -9.843  -57.698  8.011 0.6999999881
23759  -10.455  -58.563  9.065 0.6999999881
24738  -12.174  -58.606  6.713 0.6000000238
23786  -13.022  -59.107  7.159 0.6000000238
24747  -12.886  -58.171  6.210 0.5000000000
156351  -13.090  -57.126  5.637 0.5000000000
25686  -5.263  -56.234  13.349 0.8999999762
25708  -5.616  -56.686  11.652 0.8999999762
25712  -5.767  -56.885  10.843 0.8999999762
25720  -6.664  -56.728  9.814 0.8000000119
25713  -6.483  -56.589  10.719 0.8000000119
25727  -6.970  -56.887  8.881 0.8000000119
162434  -21.981  -55.445  17.825 0.8999999762
161085  -21.435  -56.152  17.817 0.8000000119
25714  -7.271  -56.389  10.785 0.8000000119
25721  -7.444  -56.627  9.848 0.8000000119
27526  -23.026  -54.935  17.963 0.8000000119
25722  -8.257  -56.930  9.953 0.8000000119
28472  -25.532  -53.238  18.664 0.5000000000
27527  -25.881  -54.378  18.926 0.6000000238
166565  -8.133  -56.614  10.923 0.8000000119
28500  -26.250  -53.502  13.799 0.2000000030
29437  -26.425  -52.593  16.184 0.3000000119
28480  -26.434  -53.791  17.893 0.4000000060
27540  -25.884  -55.756  18.829 0.4000000060
24704  -8.895  -57.161  11.005 0.6000000238
24705  -9.669  -57.688  10.903 0.6000000238
22835  -11.895  -59.592  8.579 0.6000000238
27560  -26.069  -54.452  13.516 0.2000000030
27551  -26.999  -55.419  15.926 0.2000000030
179582  -9.731  -57.979  10.373 0.6000000238
23752  -10.105  -58.324  9.893 0.6000000238
23760  -11.366  -59.333  9.432 0.6000000238
22826  -12.355  -59.732  9.307 0.6000000238
160373  -5.981  -55.939  13.218 0.8999999762
25699  -5.594  -56.405  12.545 0.8999999762
26645  -6.538  -55.943  12.843 0.8999999762
26654  -6.165  -56.268  12.103 1.0000000000
26655  -7.086  -56.025  12.318 0.8000000119
26658  -7.093  -56.253  11.528 0.8000000119
160200  -21.199  -54.150  17.974 1.0000000000
29416  -21.794  -52.762  18.380 0.8000000119
29418  -24.526  -52.652  18.986 0.8999999762
26659  -7.851  -56.124  11.510 0.8000000119
26660  -8.333  -55.426  11.188 0.6999999881
30415  -25.950  -51.515  13.491 0.3000000119
30406  -26.305  -51.655  15.028 0.5000000000
164566  -26.190  -51.820  16.462 0.5000000000
30398  -25.744  -51.471  17.461 0.5000000000
25715  -8.767  -56.457  11.137 0.6999999881
26661  -9.501  -56.489  11.015 0.6999999881
24706  -10.341  -57.869  10.984 0.6999999881
31378  -26.141  -50.721  14.413 0.4000000060
31370  -25.333  -50.344  17.309 0.6999999881
24707  -11.068  -58.220  10.844 0.6999999881
23748  -11.508  -58.705  10.489 0.6000000238
23755  -12.353  -59.325  9.783 0.6000000238
31396  -23.419  -50.146  13.147 0.3000000119
31397  -24.778  -50.148  12.830 0.3000000119
31386  -25.650  -50.723  13.237 0.4000000060
27565  -6.079  -54.749  14.122 0.8000000119
180749  -6.454  -54.504  13.462 0.8999999762
27587  -6.847  -54.940  12.776 0.8999999762
26656  -7.406  -55.769  11.882 0.8000000119
30377  -22.160  -51.266  19.339 0.8999999762
30379  -24.018  -51.475  19.505 0.8999999762
27596  -7.654  -55.250  11.562 0.6999999881
30389  -25.077  -51.155  18.471 0.5000000000
27597  -8.851  -54.500  10.792 0.8000000119
157981  -9.160  -55.581  10.888 0.6999999881
25717  -10.093  -56.982  11.001 0.6999999881
25718  -10.777  -57.566  10.811 0.6999999881
25725  -11.854  -57.551  9.660 0.6999999881
24715  -12.825  -58.671  9.468 0.6000000238
32416  -22.950  -49.408  13.174 0.4000000060
32417  -23.958  -49.579  12.800 0.5000000000
32418  -24.496  -49.158  12.780 0.6000000238
25730  -12.223  -57.165  8.811 0.6000000238
178757  -21.865  -48.532  12.784 0.4000000060
34339  -22.520  -48.022  12.537 0.5000000000
28491  -5.958  -54.006  14.595 0.6999999881
28492  -6.401  -53.442  14.450 0.6999999881
28509  -6.572  -53.783  12.953 0.8000000119
28518  -6.743  -54.093  12.154 0.8000000119
27588  -7.080  -54.899  11.894 0.8000000119
29461  -6.753  -52.953  12.884 0.8000000119
28519  -7.180  -53.856  11.606 0.8000000119
28520  -7.812  -53.333  11.257 0.8000000119
28528  -7.900  -54.311  11.136 0.8000000119
28529  -8.619  -53.451  10.891 0.8000000119
27600  -9.552  -54.601  10.170 0.8000000119
25723  -10.621  -56.552  10.212 0.6999999881
27601  -10.066  -54.949  9.478 0.8000000119
26665  -10.641  -55.571  9.232 0.6999999881
25729  -11.607  -56.686  9.090 0.6000000238
183343  -23.341  -48.412  12.635 0.5000000000
175194  -24.115  -48.442  12.650 0.5000000000
25735  -11.833  -56.432  8.194 0.6000000238
155056  -12.092  -56.247  7.542 0.4000000060
33377  -21.058  -48.624  12.807 0.3000000119
34345  -21.827  -47.336  12.322 0.3000000119
34346  -22.937  -47.140  12.318 0.6999999881
33385  -23.591  -47.805  12.508 0.6999999881
34348  -24.672  -46.973  12.777 0.6999999881
29452  -6.629  -53.178  13.631 0.8000000119
29462  -7.088  -52.463  12.448 0.8999999762
29470  -7.337  -52.800  11.736 0.6999999881
30435  -7.636  -51.918  12.088 0.8999999762
29471  -8.281  -52.412  11.349 0.8999999762
29479  -9.169  -52.717  10.776 0.8999999762
162320  -9.626  -52.927  10.320 0.8000000119
28532  -9.758  -53.507  9.864 0.8000000119
27604  -10.452  -54.617  8.658 0.6000000238
26670  -11.162  -55.987  8.520 0.6000000238
27608  -10.313  -53.869  8.444 0.5000000000
26669  -10.835  -55.169  8.062 0.5000000000
26674  -11.501  -55.659  7.623 0.5000000000
35278  -19.875  -46.914  11.485 0.4000000060
35280  -22.241  -46.469  12.087 0.8000000119
35281  -23.489  -46.140  12.151 0.6999999881
35282  -24.582  -46.137  12.566 0.8000000119
28539  -10.744  -53.313  6.987 0.4000000060
26682  -11.673  -55.339  6.748 0.3000000119
36215  -21.159  -45.063  11.258 0.8000000119
36205  -21.645  -45.808  11.691 0.8000000119
164100  -22.691  -45.673  11.855 0.8999999762
27617  -10.926  -54.204  6.534 0.4000000060
27618  -11.370  -54.757  6.396 0.4000000060
29453  -7.134  -52.399  13.385 0.8999999762
175124  -7.518  -51.919  12.785 0.8999999762
31400  -8.686  -50.641  12.168 0.8000000119
30445  -8.984  -51.729  11.016 0.8999999762
30437  -9.008  -50.827  11.358 0.8000000119
29480  -9.623  -52.162  10.390 0.8000000119
181492  -9.343  -50.276  10.948 0.6999999881
30450  -9.845  -51.724  9.601 0.8000000119
29483  -9.862  -52.636  9.674 0.6000000238
30454  -9.947  -51.351  8.732 0.4000000060
29487  -9.995  -52.215  8.793 0.4000000060
29494  -10.561  -52.508  7.426 0.4000000060
28538  -10.513  -53.238  7.944 0.4000000060
36222  -18.973  -45.784  10.122 0.8000000119
37128  -20.012  -45.211  10.770 0.8000000119
36216  -22.499  -44.873  11.488 0.8999999762
36206  -23.508  -45.141  11.904 0.6999999881
29505  -10.528  -51.873  7.104 0.3000000119
29495  -10.660  -52.522  6.339 0.3000000119
28545  -10.818  -53.415  5.971 0.3000000119
28546  -11.469  -54.133  5.837 0.3000000119
36221  -18.089  -46.004  9.762 0.6999999881
37136  -18.421  -45.265  9.561 0.6999999881
30469  -10.747  -51.561  6.531 0.2000000030
30478  -10.944  -51.966  5.755 0.2000000030
31407  -9.205  -50.067  11.690 0.8000000119
39132  -21.555  -41.733  10.847 0.8000000119
33388  -9.661  -48.734  11.196 0.6999999881
176952  -9.556  -50.001  10.119 0.8000000119
31416  -9.785  -50.814  9.447 0.4000000060
38140  -19.590  -43.854  9.997 0.6000000238
38141  -20.573  -43.489  10.387 0.6000000238
38142  -21.535  -42.763  10.732 0.8000000119
31420  -9.887  -50.646  8.688 0.3000000119
30460  -10.177  -51.761  7.910 0.3000000119
38139  -18.771  -44.298  9.477 0.6000000238
37129  -20.801  -44.326  10.807 0.6000000238
37130  -21.834  -44.171  11.098 0.6999999881
37123  -23.542  -44.330  11.775 0.8000000119
30461  -10.310  -51.058  7.314 0.3000000119
31436  -10.838  -50.673  6.671 0.3000000119
182492  -16.653  -45.137  10.051 0.6000000238
37142  -17.853  -44.730  9.035 0.6999999881
30470  -11.187  -51.184  5.941 0.2000000030
30479  -11.517  -51.502  5.347 0.2000000030
37134  -16.915  -44.749  9.114 0.6000000238
175096  -9.932  -48.686  11.929 0.8000000119
154330  -9.545  -48.985  10.314 0.5000000000
34350  -10.029  -48.056  11.177 0.6000000238
154607  -9.729  -50.029  9.091 0.4000000060
39130  -19.890  -42.938  9.901 0.6999999881
33398  -9.812  -48.464  9.419 0.4000000060
32442  -9.884  -49.285  8.739 0.4000000060
175184  -9.972  -50.913  8.035 0.3000000119
38148  -19.043  -43.352  9.458 0.6000000238
39139  -19.336  -42.393  9.419 0.6000000238
40198  -20.127  -42.082  9.831 0.6999999881
40207  -19.792  -41.331  9.492 0.6999999881
34362  -10.201  -47.688  8.928 0.3000000119
32443  -10.309  -49.282  7.903 0.3000000119
32452  -10.423  -50.095  7.366 0.3000000119
38137  -15.515  -43.665  10.068 0.6000000238
38131  -15.998  -44.264  10.609 0.6999999881
39137  -17.321  -43.330  8.367 0.6000000238
39138  -18.455  -42.853  8.794 0.6000000238
164386  -10.766  -49.293  7.260 0.3000000119
33413  -11.436  -48.945  6.886 0.3000000119
32462  -11.064  -49.785  6.727 0.3000000119
39128  -15.002  -43.013  9.631 0.5000000000
38145  -16.537  -43.977  8.742 0.6000000238
40205  -17.839  -42.234  8.265 0.6000000238
40206  -18.796  -41.793  8.898 0.6999999881
31437  -11.543  -50.413  6.206 0.2000000030
39135  -15.236  -42.758  8.856 0.4000000060
39136  -16.125  -43.195  8.407 0.5000000000
39143  -16.681  -42.591  7.757 0.6000000238
34385  -12.717  -47.714  6.318 0.3000000119
32472  -12.677  -49.445  5.425 0.3000000119
33390  -11.396  -47.984  11.669 0.6999999881
157082  -11.914  -47.225  11.568 0.6999999881
35272  -13.518  -46.684  11.408 0.6000000238
35271  -13.121  -45.922  11.552 0.6000000238
36199  -13.478  -45.431  11.374 0.5000000000
34355  -10.075  -47.448  10.534 0.5000000000
34359  -9.983  -47.423  9.677 0.5000000000
34363  -10.707  -47.768  8.249 0.3000000119
41237  -17.692  -40.683  7.553 0.6000000238
41228  -19.145  -40.797  8.878 0.6000000238
33406  -10.871  -48.465  7.602 0.3000000119
40197  -14.796  -42.299  9.413 0.4000000060
40213  -17.153  -41.673  7.545 0.6000000238
33414  -11.833  -47.958  7.082 0.3000000119
155788  -12.492  -47.189  7.044 0.3000000119
40204  -15.575  -42.448  7.839 0.5000000000
40212  -16.142  -41.968  7.251 0.6000000238
33419  -12.881  -48.323  5.441 0.3000000119
40203  -14.792  -41.793  8.650 0.6000000238
40211  -15.280  -41.508  7.436 0.6000000238
33389  -10.536  -47.987  11.623 0.8000000119
184981  -11.348  -46.901  11.490 0.5000000000
34351  -10.472  -47.422  11.111 0.5000000000
36211  -12.368  -45.670  11.693 0.5000000000
37119  -12.975  -44.743  11.536 0.5000000000
36210  -11.666  -45.346  11.518 0.5000000000
38120  -12.523  -44.065  11.516 0.4000000060
35289  -10.173  -46.812  10.080 0.4000000060
35293  -10.581  -46.369  9.282 0.5000000000
177693  -10.691  -47.210  8.692 0.3000000119
35304  -10.983  -46.503  8.759 0.2000000030
34376  -11.182  -47.655  7.686 0.3000000119
39127  -14.408  -42.342  10.048 0.4000000060
41236  -16.365  -41.030  6.977 0.5000000000
36236  -11.551  -45.655  8.539 0.2000000030
35305  -11.584  -46.366  7.994 0.2000000030
34370  -11.708  -47.076  7.529 0.3000000119
41214  -13.925  -41.445  9.975 0.5000000000
40196  -14.479  -41.713  9.573 0.5000000000
37145  -11.372  -44.863  8.781 0.1000000015
37152  -11.904  -44.778  8.258 0.2000000030
35313  -12.395  -46.280  7.236 0.3000000119
41244  -16.243  -40.073  6.829 0.3000000119
37153  -12.278  -44.659  7.483 0.2000000030
41227  -14.680  -40.737  8.234 0.5000000000
34352  -11.048  -47.355  11.481 0.6000000238
35284  -10.832  -46.690  11.213 0.5000000000
35290  -10.537  -46.292  10.515 0.5000000000
36209  -11.035  -45.833  11.105 0.5000000000
34356  -10.372  -46.923  10.688 0.5000000000
37126  -11.627  -44.443  11.322 0.4000000060
159896  -12.029  -44.016  11.560 0.4000000060
36219  -10.473  -46.232  9.746 0.4000000060
40190  -12.044  -41.688  10.515 0.5000000000
36225  -10.802  -45.780  9.438 0.3000000119
36227  -11.038  -45.715  9.087 0.2000000030
40191  -12.627  -41.899  10.472 0.5000000000
41213  -13.041  -41.299  10.128 0.6000000238
179724  -12.709  -40.648  9.939 0.5000000000
41222  -14.304  -40.865  9.382 0.5000000000
42250  -13.875  -39.925  9.625 0.5000000000
161909  -14.197  -39.280  9.165 0.5000000000
166066  -11.377  -44.187  8.353 0.3000000119
42270  -14.718  -39.641  8.108 0.5000000000
38157  -11.045  -43.403  8.151 0.3000000119
38158  -11.832  -43.039  7.649 0.3000000119
40219  -11.530  -41.519  7.626 0.3000000119
38165  -12.514  -43.694  7.131 0.1000000015
36220  -10.934  -45.394  10.198 0.4000000060
38125  -11.350  -43.882  10.984 0.5000000000
37125  -11.222  -44.520  10.704 0.4000000060
37133  -11.090  -44.500  9.969 0.5000000000
38136  -11.154  -43.795  10.375 0.5000000000
40189  -11.844  -41.896  10.592 0.5000000000
41212  -12.183  -41.128  10.247 0.5000000000
37141  -11.019  -44.890  9.309 0.4000000060
164741  -10.969  -44.078  8.732 0.5000000000
39134  -10.792  -42.782  9.326 0.4000000060
157902  -11.059  -42.076  9.891 0.4000000060
41210  -11.611  -41.345  10.316 0.4000000060
42239  -12.289  -40.315  9.926 0.5000000000
38151  -10.782  -43.347  8.777 0.4000000060
182965  -10.931  -41.305  9.773 0.3000000119
42237  -11.709  -40.103  9.888 0.5000000000
39142  -10.779  -42.635  8.570 0.3000000119
41234  -10.967  -40.948  8.264 0.3000000119
13712  -30.934  -71.178  1.853 0.1000000015
12987  -31.987  -71.470  0.082 0.1000000015
165692  -17.998  -98.763  5.097 0.6999999881
160  -18.151  -99.000  2.626 0.6999999881
168  -16.850  -98.832  1.636 0.5000000000
174  -15.261  -98.887  0.814 0.4000000060
178  -19.066  -98.951  1.120 0.6999999881
166026  -18.347  -98.454  -0.837 0.4000000060
304  -15.892  -98.417  -0.529 0.3000000119
324  -17.684  -98.140  -2.203 0.4000000060
434  -23.001  -97.127  0.799 0.6999999881
164355  -21.525  -97.296  -2.741 0.6000000238
184566  -2.555  -91.524  13.712 0.2000000030
64  -17.035  -98.800  13.282 0.6999999881
582  -22.628  -96.003  -1.688 0.5000000000
281  -22.633  -98.170  2.492 0.6999999881
563  -25.436  -96.232  3.325 0.6999999881
1621  -4.682  -92.667  14.358 0.5000000000
1953  -6.369  -91.470  15.027 0.6999999881
6129  -5.586  -82.345  -8.180 0.6000000238
5691  -4.769  -83.798  -11.302 0.6999999881
181491  -5.671  -88.824  17.931 0.6999999881
144969  -5.016  -84.425  -11.928 0.5000000000
1440  -16.768  -93.016  -10.364 0.6000000238
144734  -4.848  -89.292  19.669 0.8999999762
1777  -17.716  -91.956  -11.701 0.6999999881
165641  -15.682  -91.841  -10.995 0.5000000000
153810  -15.496  -90.708  -10.886 0.6000000238
3527  -12.237  -86.410  16.022 0.8999999762
167368  -7.470  -84.470  -11.940 0.6999999881
2085  -17.210  -90.578  -12.527 1.0000000000
2751  -17.104  -89.290  -12.231 0.8999999762
1949  -9.149  -90.313  15.281 0.8999999762
2290  -9.413  -89.209  14.448 0.8000000119
2618  -8.409  -89.378  16.319 0.8000000119
1931  -7.022  -91.385  18.467 0.8000000119
163312  -9.960  -87.883  15.766 0.8999999762
2718  -6.459  -89.779  -8.469 0.1000000015
155508  -6.200  -90.883  19.715 0.8000000119
5675  -9.403  -84.588  -9.315 0.8000000119
2722  -10.896  -89.908  -8.830 0.5000000000
4488  -5.893  -85.513  24.459 0.8999999762
179780  -9.657  -86.654  -6.992 0.8000000119
4958  -7.788  -83.852  25.681 0.8000000119
3983  -5.314  -86.313  24.972 0.8999999762
4484  -5.773  -85.653  25.415 0.8999999762
3982  -1.863  -86.163  25.546 1.0000000000
5449  -2.128  -83.342  25.234 0.8999999762
4694  -9.711  -86.781  -7.173 0.8000000119
3973  -1.962  -86.332  26.506 1.0000000000
3948  -2.765  -86.115  28.784 0.6999999881
3975  -4.535  -86.468  26.811 0.8000000119
160126  -13.129  -84.674  -6.372 1.0000000000
4928  -1.936  -84.666  29.394 0.6999999881
7035  -2.501  -80.523  25.372 0.8999999762
5662  -13.907  -83.079  -7.275 0.8999999762
5431  -2.041  -82.870  29.097 0.8999999762
7800  -17.323  -79.907  -8.632 0.5000000000
6660  -17.927  -81.171  -7.885 0.5000000000
176543  -1.944  -83.597  30.361 0.6999999881
6410  -2.042  -81.492  29.934 0.6999999881
5932  -2.322  -82.388  27.844 1.0000000000
8199  -4.339  -78.013  27.058 1.0000000000
13042  -8.628  -71.701  -7.297 0.8000000119
9523  -18.807  -76.477  -12.873 0.2000000030
7214  -18.095  -80.228  -7.247 0.5000000000
8965  -19.313  -77.556  -12.935 0.3000000119
9524  -19.734  -76.761  -13.066 0.2000000030
7817  -20.506  -79.664  -9.421 0.5000000000
7545  -2.048  -80.146  30.909 0.6999999881
6969  -2.000  -80.936  32.434 0.5000000000
13060  -15.467  -71.695  -8.557 0.6000000238
13781  -12.115  -70.121  -6.923 0.6999999881
183774  -16.590  -73.642  -8.788 0.5000000000
156381  -19.062  -74.829  -11.898 0.2000000030
8391  -20.382  -79.298  -10.391 0.5000000000
8967  -21.258  -77.779  -13.015 0.3000000119
175765  -16.075  -72.219  -8.577 0.5000000000
14505  -6.638  -69.754  -3.525 0.8999999762
10849  -21.972  -73.919  -12.534 0.2000000030
163240  -21.357  -76.123  -13.020 0.2000000030
164299  -22.741  -74.471  -12.977 0.2000000030
9359  -4.762  -76.665  25.991 0.6999999881
8751  -3.568  -77.922  29.889 1.0000000000
11515  -21.077  -73.943  -5.466 0.1000000015
15333  -13.098  -68.580  -6.450 0.6999999881
170870  -23.412  -73.788  -3.446 0.1000000015
14475  -5.886  -70.216  -1.349 0.8000000119
16137  -11.821  -66.918  -4.366 0.6999999881
149879  -21.458  -71.469  -4.903 0.1000000015
149699  -26.091  -71.191  -5.082 0.1000000015
154691  -25.306  -70.791  -6.293 0.1000000015
16123  -13.461  -66.386  -3.638 0.5000000000
14535  -19.319  -69.131  -8.137 0.5000000000
13026  -21.427  -71.154  -5.993 0.2000000030
13764  -27.350  -69.796  -3.482 0.1000000015
14471  -28.508  -69.132  -1.078 0.1000000015
181726  -23.027  -69.833  -7.456 0.3000000119
13008  -30.167  -70.916  -3.566 0.1000000015
13007  -29.846  -72.212  -3.790 0.1000000015
10761  -30.874  -75.409  -0.372 0.1000000015
15338  -17.485  -68.094  -6.755 0.5000000000
156090  -23.164  -68.517  -7.681 0.3000000119
16127  -17.738  -67.354  -3.664 0.4000000060
14481  -15.270  -69.564  -0.845 0.6000000238
154397  -5.477  -73.861  28.692 1.0000000000
16033  -4.967  -67.672  1.876 0.8000000119
152638  -24.346  -69.516  -3.458 0.1000000015
16966  -23.393  -67.146  -7.031 0.4000000060
12967  -12.216  -72.533  0.040 0.8000000119
16864  -6.206  -66.734  1.070 1.0000000000
17853  -19.960  -65.815  -5.867 0.2000000030
14445  -10.809  -69.445  0.711 0.8999999762
183540  -24.529  -65.873  -6.067 0.2000000030
17755  -4.481  -65.354  5.264 0.8999999762
145458  -8.881  -65.789  1.252 1.0000000000
166373  -19.540  -65.736  -3.046 0.2000000030
176682  -20.447  -67.181  -0.238 0.4000000060
15890  -8.804  -67.660  26.873 0.6000000238
20267  -20.653  -61.876  -6.190 0.2000000030
164077  -18.671  -61.449  -5.299 0.3000000119
179374  -4.909  -64.928  5.676 0.8999999762
22011  -21.601  -60.061  -4.477 0.2000000030
177623  -20.406  -60.200  -5.658 0.2000000030
160904  -23.369  -61.349  -2.967 0.2000000030
18679  -17.110  -64.068  -3.955 0.3000000119
18599  -4.424  -64.050  7.467 0.8999999762
182118  -13.811  -66.290  0.244 0.8999999762
21992  -23.080  -60.746  -2.259 0.2000000030
16910  -17.429  -66.262  -1.084 0.4000000060
18678  -16.275  -64.110  -3.463 0.3000000119
16899  -14.776  -66.695  -0.127 0.6000000238
21002  -5.156  -61.771  9.177 0.8999999762
21004  -5.453  -61.355  7.804 1.0000000000
21006  -5.685  -61.459  7.001 1.0000000000
17656  -5.628  -65.507  27.252 1.0000000000
22711  -11.950  -59.890  24.897 0.8999999762
22825  -4.867  -60.061  9.240 0.8999999762
21930  -6.648  -60.521  5.486 1.0000000000
178963  -8.436  -61.529  2.663 1.0000000000
21024  -9.220  -61.533  2.316 0.8000000119
21028  -10.893  -61.658  1.617 0.5000000000
27477  -12.173  -55.795  24.816 1.0000000000
178837  -13.619  -55.597  24.499 1.0000000000
26525  -15.871  -56.042  24.321 0.6999999881
27481  -16.036  -55.406  24.405 0.6000000238
21947  -10.158  -60.134  3.095 0.6999999881
22882  -10.934  -59.890  2.878 0.5000000000
174705  -11.323  -60.220  2.146 0.5000000000
21958  -11.283  -60.905  1.453 0.5000000000
24593  -9.886  -58.376  22.762 0.8000000119
25566  -11.076  -57.272  24.372 0.8000000119
24686  -3.891  -57.904  12.916 0.8000000119
25593  -13.848  -56.676  24.158 0.8000000119
179636  -12.750  -56.888  23.825 0.5000000000
24595  -14.483  -57.410  24.160 0.6000000238
23647  -16.112  -58.466  24.384 0.6999999881
162580  -16.732  -58.319  23.679 0.6000000238
22855  -7.540  -59.259  5.438 0.8999999762
24759  -11.378  -57.731  4.617 0.5000000000
24603  -10.136  -58.100  22.784 0.6000000238
24699  -5.100  -57.321  11.171 0.8999999762
159065  -15.709  -59.412  24.444 0.6000000238
22737  -15.937  -60.779  24.009 0.6000000238
179268  -16.393  -59.975  23.622 0.6000000238
22736  -15.473  -60.356  24.256 0.5000000000
157828  -18.934  -59.322  18.850 0.4000000060
24744  -8.133  -57.724  5.970 0.6999999881
25751  -11.696  -56.901  5.071 0.5000000000
22790  -21.348  -59.276  18.697 0.4000000060
23700  -20.357  -58.172  18.389 0.6000000238
24647  -21.001  -57.562  17.992 0.5000000000
25656  -21.491  -57.045  17.711 0.4000000060
23767  -10.613  -58.192  7.750 0.6999999881
25671  -23.518  -57.186  17.247 0.4000000060
26590  -24.341  -56.501  17.772 0.4000000060
176175  -24.048  -55.442  17.793 0.6000000238
27541  -26.524  -55.236  18.374 0.3000000119
159453  -26.880  -54.678  16.978 0.4000000060
25709  -6.352  -56.462  11.506 0.8000000119
27525  -22.072  -54.472  17.966 0.8000000119
175327  -21.310  -54.858  17.972 0.8999999762
26577  -20.921  -55.493  17.948 0.8999999762
159415  -24.479  -54.581  18.519 0.6999999881
28470  -23.176  -53.921  18.108 0.8000000119
28469  -22.040  -53.578  18.117 0.8000000119
29419  -25.312  -52.156  18.521 0.5000000000
28471  -24.617  -53.522  18.744 0.6000000238
28489  -26.674  -53.490  15.720 0.3000000119
29449  -26.288  -52.482  14.077 0.3000000119
25716  -9.535  -57.210  11.029 0.6999999881
23746  -10.282  -58.295  10.701 0.6000000238
23754  -11.540  -59.154  10.120 0.6000000238
27550  -26.674  -54.365  15.003 0.2000000030
23753  -10.775  -58.863  10.180 0.6000000238
27577  -6.450  -55.331  13.460 0.8999999762
30388  -22.550  -52.104  19.003 0.8999999762
29417  -23.164  -52.915  18.499 0.8000000119
29409  -23.703  -52.105  19.276 0.8000000119
29427  -26.042  -52.526  17.687 0.5000000000
29410  -24.603  -51.792  19.161 0.6000000238
24713  -11.461  -58.009  10.574 0.6999999881
24714  -12.069  -58.476  10.048 0.6000000238
31385  -23.816  -50.962  13.107 0.2000000030
30426  -24.920  -51.401  12.833 0.2000000030
32408  -25.240  -49.191  13.139 0.5000000000
179483  -25.771  -49.819  13.745 0.5000000000
27566  -6.256  -53.874  13.880 0.8000000119
30378  -23.225  -51.384  19.441 0.8999999762
31347  -22.978  -50.503  19.634 0.8999999762
184380  -7.458  -54.574  11.562 0.8000000119
30380  -24.463  -51.092  19.150 0.6999999881
32386  -24.122  -49.385  18.321 0.8000000119
26664  -9.930  -55.823  10.363 0.6999999881
25724  -11.248  -57.114  10.023 0.6999999881
162929  -12.430  -57.899  9.401 0.6000000238
33379  -23.647  -48.965  12.755 0.4000000060
33378  -22.673  -48.764  12.847 0.4000000060
28510  -6.795  -53.272  12.189 0.8999999762
28530  -9.327  -53.601  10.493 0.8000000119
27603  -9.980  -54.133  9.206 0.8000000119
33386  -24.404  -47.713  12.703 0.6999999881
34344  -20.983  -47.563  12.254 0.4000000060
34347  -24.018  -46.997  12.408 0.6999999881
30436  -8.384  -51.384  11.782 0.8000000119
28534  -10.030  -53.184  8.838 0.4000000060
162041  -10.297  -52.550  8.205 0.4000000060
27609  -10.689  -54.213  7.634 0.5000000000
26673  -10.966  -55.000  7.022 0.4000000060
35279  -20.996  -46.777  11.962 0.4000000060
36204  -20.498  -46.016  11.361 0.8000000119
30428  -8.045  -51.221  12.648 0.8000000119
30446  -9.536  -51.088  10.448 0.6999999881
37138  -20.041  -44.331  10.450 0.6000000238
37137  -19.359  -44.841  9.979 0.6000000238
37135  -17.482  -45.442  9.494 0.8000000119
36213  -17.313  -46.087  10.129 0.8000000119
176134  -9.430  -49.511  11.060 0.8000000119
32439  -9.659  -49.345  9.527 0.5000000000
39131  -20.768  -42.395  10.283 0.8000000119
38132  -21.399  -43.615  10.794 0.8000000119
31428  -9.976  -50.112  8.182 0.3000000119
38147  -18.166  -43.841  8.852 0.6999999881
182311  -10.133  -50.553  7.707 0.3000000119
38146  -17.330  -44.200  8.690 0.6000000238
38138  -16.239  -44.187  9.662 0.6000000238
33395  -9.797  -48.157  10.411 0.5000000000
40199  -20.795  -41.273  10.237 0.8000000119
33400  -10.241  -48.489  8.453 0.3000000119
39129  -15.743  -43.471  9.273 0.6000000238
32463  -11.951  -49.611  6.330 0.2000000030
40214  -18.259  -41.241  8.256 0.6000000238
33418  -12.372  -48.700  6.378 0.3000000119
179779  -12.118  -50.202  5.677 0.2000000030
34353  -12.974  -47.389  11.341 0.6000000238
35286  -12.591  -46.525  11.575 0.6000000238
35292  -10.267  -46.749  9.522 0.4000000060
35296  -10.377  -46.946  9.182 0.3000000119
165251  -11.020  -47.055  8.061 0.3000000119
35285  -11.643  -46.310  11.571 0.5000000000
37118  -12.287  -44.760  11.683 0.4000000060
40192  -13.557  -42.060  10.376 0.4000000060
41235  -15.294  -40.462  7.255 0.5000000000
36237  -12.112  -45.531  7.823 0.2000000030
161917  -11.803  -43.946  7.842 0.2000000030
36246  -12.528  -45.362  7.121 0.2000000030
163211  -11.253  -45.107  11.032 0.5000000000
41221  -13.484  -40.642  9.871 0.5000000000
42249  -12.991  -39.847  9.900 0.5000000000
42258  -14.410  -40.060  9.009 0.5000000000
39150  -11.232  -42.467  7.894 0.3000000119
39156  -11.992  -42.218  7.393 0.3000000119
166732  -12.476  -42.740  7.178 0.1000000015
38144  -10.905  -43.780  9.462 0.5000000000
40188  -11.493  -42.185  10.471 0.4000000060
161828  -11.849  -41.232  10.337 0.5000000000
41211  -11.875  -40.691  10.077 0.5000000000
42236  -11.605  -40.768  10.124 0.4000000060
42238  -12.182  -39.861  9.836 0.5000000000
42248  -12.389  -39.497  9.936 0.5000000000
155868  -10.704  -41.937  9.216 0.4000000060
40202  -10.654  -41.126  9.103 0.3000000119
41226  -10.835  -40.554  9.648 0.4000000060
153600  -11.158  -40.085  9.943 0.5000000000
40210  -10.891  -41.782  8.406 0.3000000119
155764  -10.671  -40.332  8.917 0.3000000119
155587  -10.989  -40.170  8.047 0.2000000030
158900  -7.894  -94.476  7.789 0.3000000119
783  -8.412  -95.484  6.957 0.3000000119
545  -7.868  -96.154  7.537 0.4000000060
404  -7.970  -97.089  7.016 0.4000000060
254  -8.815  -98.290  7.065 0.4000000060
549  -8.009  -96.334  6.735 0.3000000119
166621  -10.436  -99.341  7.108 0.5000000000
21  -12.185  -99.884  8.115 0.6999999881
405  -8.429  -97.710  6.290 0.4000000060
112  -9.629  -99.037  6.840 0.5000000000
106  -11.079  -99.684  6.874 0.6999999881
259  -9.112  -98.470  6.182 0.4000000060
162578  -9.769  -99.061  5.954 0.5000000000
29  -12.686  -100.070  7.745 0.6999999881
113  -10.404  -99.331  6.401 0.6000000238
778  -7.900  -95.353  8.257 0.4000000060
255  -9.360  -98.804  7.619 0.6999999881
153994  -14.038  -100.196  7.737 0.6999999881
30  -13.413  -100.179  7.371 0.6999999881
39  -11.978  -100.136  5.938 0.6999999881
31  -14.141  -100.254  7.079 0.6999999881
114  -11.182  -99.771  5.947 0.6000000238
35  -13.502  -100.249  6.512 0.6999999881
44  -13.019  -100.205  4.906 0.6000000238
124  -11.714  -99.968  5.160 0.6000000238
41  -13.673  -100.263  5.477 0.6999999881
42  -14.687  -100.184  5.234 0.6999999881
135  -13.049  -100.107  4.137 0.5000000000
46  -14.551  -100.072  4.251 0.6999999881
272  -9.810  -98.662  4.179 0.5000000000
525  -7.600  -96.025  12.161 0.8000000119
87  -19.174  -98.633  10.222 0.6999999881
88  -19.973  -98.499  10.408 0.6999999881
102  -19.591  -98.701  8.471 0.8000000119
247  -20.425  -98.447  9.798 0.8000000119
1027  -7.104  -94.234  11.757 0.8000000119
526  -8.413  -96.078  12.794 0.8000000119
382  -9.656  -97.154  12.456 0.6999999881
381  -8.747  -96.802  12.443 0.6999999881
75  -18.738  -98.516  11.939 0.6999999881
238  -21.164  -97.979  11.224 0.6000000238
252  -20.881  -98.418  9.206 0.8999999762
243  -21.489  -98.020  10.292 0.6000000238
248  -21.602  -98.100  9.464 0.8000000119
325  -19.112  -98.144  -2.305 0.4000000060
331  -18.082  -97.860  -2.989 0.5000000000
1280  -8.693  -92.407  12.277 0.8000000119
1021  -8.172  -93.904  12.772 0.8000000119
750  -8.914  -94.986  13.242 0.8000000119
162660  -11.139  -97.325  12.788 0.6999999881
521  -9.783  -95.496  13.310 0.8000000119
219  -11.355  -97.729  13.454 0.6999999881
220  -11.993  -98.345  13.317 0.8000000119
236  -19.765  -98.214  11.840 0.6999999881
239  -21.944  -97.488  10.799 0.6000000238
179554  -22.137  -97.561  9.870 0.6999999881
796  -27.420  -95.207  3.208 0.6999999881
803  -26.619  -95.368  2.001 0.6000000238
176789  -27.577  -95.239  3.962 0.6000000238
573  -25.775  -95.863  1.771 0.6000000238
809  -26.289  -95.332  1.018 0.6000000238
561  -27.266  -95.469  4.535 0.6000000238
790  -28.223  -95.143  5.259 0.5000000000
575  -24.235  -95.564  0.515 0.6000000238
459  -19.426  -97.365  -3.445 0.4000000060
165936  -15.668  -97.468  -3.528 0.4000000060
457  -17.721  -97.372  -3.647 0.4000000060
458  -18.601  -97.330  -3.537 0.4000000060
468  -19.181  -96.956  -4.143 0.4000000060
1642  -9.425  -91.388  11.821 0.8000000119
1274  -9.004  -93.121  13.111 0.8000000119
1018  -9.363  -94.162  13.643 0.8000000119
527  -9.730  -96.275  12.999 0.8000000119
379  -10.571  -96.472  13.162 0.6999999881
1960  -9.713  -91.102  13.663 0.8000000119
1631  -9.466  -91.946  12.442 0.8000000119
747  -11.111  -94.788  14.038 0.8000000119
165288  -9.311  -92.380  14.077 0.8000000119
1010  -10.017  -94.679  14.457 0.6999999881
213  -12.688  -98.691  13.990 0.8000000119
156275  -12.520  -98.416  14.797 0.8000000119
54  -14.351  -99.105  14.135 0.8000000119
223  -19.224  -97.976  13.635 0.6000000238
230  -19.439  -98.103  12.680 0.6999999881
71  -15.753  -99.244  12.738 0.6999999881
165314  -20.509  -98.039  11.776 0.6000000238
232  -21.000  -97.642  12.146 0.6000000238
389  -22.460  -96.814  11.273 0.6999999881
164958  -22.618  -96.948  10.371 0.6000000238
153025  -24.241  -96.093  9.611 0.6000000238
535  -23.060  -95.574  10.498 0.6000000238
801  -28.958  -94.512  3.000 0.6999999881
536  -24.585  -95.703  10.078 0.6000000238
181461  -25.585  -94.722  10.806 0.5000000000
805  -28.098  -94.814  1.752 0.6999999881
763  -26.779  -93.474  11.194 0.5000000000
794  -28.683  -94.784  4.615 0.5000000000
797  -28.358  -94.953  3.686 0.6000000238
800  -28.212  -94.915  2.678 0.6999999881
804  -27.271  -95.096  1.377 0.6000000238
1076  -27.938  -94.671  0.825 0.6000000238
766  -26.060  -95.067  10.062 0.6000000238
177158  -27.512  -94.056  10.652 0.6000000238
791  -28.840  -94.795  5.508 0.5000000000
176903  -26.343  -95.150  0.187 0.6000000238
813  -25.063  -95.150  -0.535 0.6000000238
166956  -28.807  -94.987  6.874 0.5000000000
812  -24.077  -94.843  -0.722 0.5000000000
1042  -30.131  -94.020  8.679 0.4000000060
589  -23.102  -95.590  -2.228 0.4000000060
465  -16.710  -97.077  -4.745 0.4000000060
467  -18.323  -97.020  -4.252 0.4000000060
474  -18.863  -96.522  -4.793 0.3000000119
1728  -14.754  -91.322  -3.429 0.1000000015
374  -10.760  -96.042  13.706 0.6999999881
211  -11.023  -97.587  14.293 0.6999999881
212  -11.788  -98.183  14.331 0.8000000119
1617  -9.027  -91.949  15.148 0.8000000119
183444  -9.503  -94.056  14.219 0.8999999762
515  -10.615  -95.350  14.551 0.6999999881
182044  -10.437  -96.247  14.804 0.6999999881
178239  -10.773  -97.411  15.009 0.6999999881
214  -13.217  -98.686  14.817 0.8000000119
1954  -9.427  -90.671  14.615 0.8999999762
1267  -8.736  -93.047  15.147 0.6999999881
1009  -8.850  -93.911  14.944 0.8000000119
511  -9.756  -96.351  15.542 0.6999999881
159003  -10.276  -97.010  15.479 0.6999999881
202  -11.297  -97.852  15.093 0.6999999881
50  -13.995  -98.916  14.839 0.6999999881
55  -15.139  -99.052  14.238 0.6999999881
215  -17.744  -98.133  14.728 0.6000000238
218  -19.893  -97.488  14.047 0.6999999881
56  -16.513  -98.735  14.001 0.6999999881
175754  -16.980  -98.399  14.590 0.6999999881
231  -20.265  -97.911  12.459 0.6999999881
225  -20.749  -97.414  12.954 0.6000000238
385  -22.309  -96.620  12.160 0.6999999881
533  -23.075  -94.904  10.751 0.5000000000
531  -22.622  -95.784  11.563 0.6000000238
532  -22.801  -94.855  10.967 0.6000000238
1064  -30.240  -94.012  3.787 0.6000000238
1067  -29.406  -94.229  2.469 0.6999999881
760  -24.025  -95.277  10.560 0.5000000000
761  -24.918  -93.961  11.288 0.5000000000
161613  -29.941  -94.118  4.499 0.6000000238
156171  -28.764  -94.261  1.145 0.6999999881
155588  -29.358  -94.324  4.956 0.5000000000
166749  -30.016  -94.092  6.170 0.4000000060
1084  -27.347  -94.556  -0.399 0.6000000238
176460  -29.008  -94.009  10.004 0.5000000000
1045  -29.815  -94.236  7.361 0.4000000060
819  -25.196  -94.767  -1.209 0.6000000238
180240  -26.086  -94.505  -1.221 0.6000000238
1309  -30.709  -93.219  8.509 0.4000000060
584  -23.092  -94.539  -0.616 0.5000000000
825  -24.607  -94.439  -2.342 0.5000000000
823  -23.614  -95.332  -2.944 0.5000000000
1647  -30.676  -91.785  11.469 0.4000000060
602  -22.911  -95.892  -4.238 0.5000000000
464  -15.867  -97.183  -4.397 0.4000000060
845  -20.958  -93.241  -5.599 0.4000000060
854  -21.490  -92.145  -5.712 0.3000000119
472  -17.358  -96.863  -5.029 0.3000000119
853  -20.425  -92.443  -5.928 0.3000000119
608  -18.488  -96.157  -5.460 0.3000000119
153235  -15.004  -89.035  -3.250 0.1000000015
2043  -15.292  -89.891  -4.217 0.1000000015
683  -11.640  -95.223  22.216 0.6000000238
672  -12.752  -94.852  23.144 0.5000000000
178896  -12.491  -95.719  21.818 0.5000000000
481  -11.928  -95.873  21.463 0.6000000238
203  -12.037  -98.158  15.304 0.8000000119
204  -12.858  -98.324  15.501 0.6999999881
1611  -9.028  -91.477  15.887 0.8000000119
183633  -9.011  -92.019  15.886 0.8000000119
153665  -8.571  -94.632  15.694 0.8000000119
371  -10.959  -97.524  15.719 0.6999999881
164251  -8.958  -91.791  16.882 0.8000000119
155544  -8.817  -92.544  16.274 0.6999999881
1264  -8.327  -93.759  15.977 0.6999999881
510  -8.937  -96.286  16.638 0.8000000119
366  -10.620  -97.197  16.404 0.6000000238
194  -12.304  -98.031  16.244 0.6999999881
154568  -15.387  -98.657  15.021 0.6999999881
365  -9.811  -96.853  16.459 0.6999999881
207  -16.990  -98.152  15.404 0.6999999881
1070  -29.466  -94.109  1.749 0.6999999881
1058  -30.558  -93.695  4.507 0.5000000000
1053  -30.176  -94.022  5.315 0.4000000060
1085  -28.470  -94.180  0.081 0.6999999881
1089  -25.789  -94.193  -1.795 0.6000000238
164039  -29.642  -92.946  10.896 0.4000000060
829  -23.608  -95.267  -3.995 0.5000000000
2643  -31.588  -89.625  11.906 0.4000000060
597  -14.089  -96.831  -4.466 0.4000000060
836  -22.332  -95.416  -5.204 0.5000000000
846  -21.884  -93.100  -5.682 0.3000000119
598  -15.066  -96.869  -4.894 0.4000000060
599  -16.028  -96.856  -5.214 0.3000000119
1126  -22.153  -92.491  -6.470 0.6000000238
603  -13.589  -96.295  -4.959 0.3000000119
605  -15.366  -96.308  -5.747 0.3000000119
613  -17.062  -96.090  -6.177 0.3000000119
1125  -21.105  -92.310  -6.538 0.5000000000
1102  -11.918  -95.011  -4.053 0.1000000015
832  -13.469  -95.756  -5.640 0.3000000119
842  -17.614  -95.395  -6.573 0.5000000000
157622  -12.263  -93.991  -3.908 0.1000000015
1103  -12.213  -94.709  -4.752 0.2000000030
834  -15.283  -95.819  -6.459 0.4000000060
612  -16.098  -96.036  -6.429 0.4000000060
161134  -19.571  -93.506  -6.913 0.4000000060
1144  -20.867  -93.817  -8.603 0.5000000000
1733  -13.319  -92.421  -4.892 0.3000000119
1734  -14.312  -91.240  -4.600 0.3000000119
1739  -12.995  -92.670  -5.835 0.3000000119
179232  -13.530  -91.740  -6.330 0.4000000060
144755  -14.759  -89.040  -4.559 0.1000000015
177223  -13.786  -91.431  -5.581 0.2000000030
144768  -15.268  -88.716  -3.853 0.1000000015
181685  -11.215  -94.538  22.425 0.6000000238
479  -10.757  -95.754  21.072 0.6999999881
709  -8.959  -94.238  19.918 0.6999999881
485  -9.823  -95.826  20.053 0.6999999881
179845  -11.342  -96.132  20.450 0.6000000238
487  -12.038  -96.167  20.659 0.6000000238
205  -13.709  -98.470  15.519 0.6999999881
163616  -8.906  -90.972  16.293 0.6999999881
154503  -15.063  -98.073  16.576 0.6999999881
359  -11.677  -97.303  17.396 0.6000000238
206  -16.030  -98.238  15.630 0.6999999881
824  -24.245  -94.736  -3.204 0.6000000238
180225  -23.772  -94.744  -4.721 0.5000000000
1145  -21.708  -93.694  -8.470 0.6000000238
1437  -23.978  -93.060  -8.856 0.6999999881
1445  -22.908  -93.053  -10.065 0.6000000238
177908  -12.404  -93.914  -4.755 0.3000000119
1107  -12.846  -94.986  -6.157 0.3000000119
1143  -20.010  -93.961  -8.728 0.4000000060
1433  -20.477  -93.530  -9.484 0.6000000238
1444  -21.899  -93.078  -10.304 0.6000000238
838  -13.766  -95.252  -6.480 0.4000000060
840  -15.762  -95.511  -7.012 0.4000000060
1142  -19.015  -94.048  -8.742 0.4000000060
1432  -19.584  -93.541  -9.551 0.5000000000
1442  -20.103  -93.220  -10.259 0.5000000000
839  -14.730  -95.306  -6.942 0.4000000060
1119  -16.007  -94.679  -8.093 0.4000000060
1431  -18.635  -93.512  -9.656 0.4000000060
1441  -19.238  -93.174  -10.331 0.4000000060
1398  -12.813  -93.172  -4.313 0.1000000015
1404  -12.663  -93.586  -5.875 0.3000000119
1112  -13.246  -94.533  -6.826 0.3000000119
1118  -14.522  -94.575  -7.660 0.4000000060
1131  -16.513  -94.285  -8.565 0.4000000060
158216  -18.350  -93.096  -10.446 0.5000000000
1778  -18.667  -92.115  -11.664 0.5000000000
1411  -13.048  -93.605  -7.102 0.3000000119
1130  -15.604  -94.119  -8.677 0.4000000060
1429  -16.554  -93.431  -9.632 0.4000000060
152004  -15.606  -89.066  -2.076 0.1000000015
144765  -13.985  -89.461  -2.986 0.1000000015
1416  -13.602  -93.495  -7.916 0.4000000060
1421  -14.209  -93.382  -8.597 0.4000000060
1422  -14.928  -93.661  -8.906 0.4000000060
1439  -16.011  -93.084  -10.066 0.4000000060
144779  -13.767  -91.341  -7.150 0.4000000060
1753  -14.111  -92.564  -9.092 0.4000000060
1756  -14.656  -92.343  -9.731 0.4000000060
144766  -14.632  -89.173  -5.210 0.1000000015
144772  -14.329  -89.706  -5.959 0.2000000030
2058  -13.764  -91.717  -7.950 0.4000000060
151840  -14.375  -89.613  -6.032 0.4000000060
144760  -14.240  -90.170  -6.882 0.4000000060
988  -8.876  -93.612  20.302 0.6999999881
994  -8.714  -93.677  19.576 0.6999999881
697  -10.369  -94.687  21.535 0.6000000238
184680  -8.566  -93.951  18.326 0.6999999881
720  -9.167  -95.451  19.639 0.6999999881
1941  -8.381  -91.035  16.990 0.6999999881
186  -12.873  -97.848  17.034 0.6999999881
187  -13.760  -97.905  17.067 0.6999999881
197  -15.755  -98.034  16.426 0.6999999881
740  -8.371  -95.433  16.572 0.8000000119
360  -12.458  -97.411  17.674 0.6999999881
198  -16.591  -97.944  16.271 0.6999999881
3072  -31.227  -88.915  12.218 0.4000000060
6140  -4.954  -82.892  -9.958 0.6000000238
2070  -25.550  -91.389  -10.690 0.6000000238
1765  -24.301  -92.317  -10.266 0.6999999881
5666  -4.537  -83.456  -8.435 0.6000000238
5683  -5.023  -83.068  -10.903 0.6000000238
1764  -23.495  -92.487  -10.562 0.6999999881
1773  -23.275  -92.106  -11.391 0.6999999881
5674  -4.589  -83.517  -9.402 0.6000000238
1762  -21.842  -92.579  -11.156 0.6000000238
1780  -21.361  -92.114  -12.067 0.6000000238
1771  -21.069  -92.473  -11.394 0.6000000238
164123  -20.456  -92.110  -12.069 0.6000000238
1770  -20.297  -92.499  -11.345 0.6000000238
1779  -19.361  -91.592  -12.287 0.6000000238
2079  -18.289  -91.423  -12.221 0.6000000238
150350  -13.850  -89.750  -5.807 0.3000000119
2065  -14.710  -91.486  -9.944 0.4000000060
153822  -14.226  -90.850  -8.112 0.4000000060
152624  -14.406  -90.937  -8.889 0.4000000060
161659  -8.530  -95.466  18.333 0.6999999881
164419  -8.557  -93.372  18.080 0.6999999881
504  -8.744  -96.042  17.778 0.6999999881
163199  -8.747  -92.623  17.420 0.6999999881
189  -15.418  -97.764  17.100 0.6999999881
1005  -8.021  -94.541  16.738 0.8000000119
2255  -2.075  -90.435  19.018 0.3000000119
2247  -2.216  -90.357  19.998 0.4000000060
178928  -1.135  -88.747  19.560 0.3000000119
157580  -1.162  -88.012  19.007 0.2000000030
3503  -1.224  -87.144  19.281 0.3000000119
3511  -1.444  -87.230  18.253 0.1000000015
2395  -24.512  -90.681  -12.552 0.5000000000
2083  -23.922  -91.118  -12.445 0.6999999881
2093  -23.940  -90.470  -13.158 0.6999999881
1774  -24.123  -92.113  -11.075 0.6999999881
6630  -5.455  -82.108  -7.358 0.4000000060
6654  -6.372  -81.135  -9.238 0.6999999881
5216  -18.756  -84.489  -14.082 0.6000000238
176998  -20.145  -84.609  -13.509 0.6000000238
160301  -22.587  -91.510  -12.373 0.6999999881
175364  -5.190  -81.322  -6.934 0.5000000000
162069  -6.089  -81.325  -7.187 0.5000000000
5210  -16.815  -84.591  -13.952 0.6000000238
4737  -19.342  -85.266  -13.030 0.6000000238
7201  -4.823  -80.420  -6.880 0.5000000000
4736  -18.136  -85.701  -13.149 0.6999999881
2082  -21.892  -91.586  -12.447 0.6999999881
4733  -15.097  -85.281  -13.251 0.6999999881
4734  -15.988  -85.183  -13.444 0.6999999881
4725  -18.924  -85.772  -11.895 0.6000000238
4726  -20.399  -85.438  -11.231 0.6000000238
170613  -21.608  -85.955  -10.075 0.6999999881
2080  -20.229  -91.420  -12.576 0.6000000238
4241  -15.466  -86.089  -12.845 0.8000000119
4248  -16.595  -86.185  -12.853 0.6999999881
2087  -18.625  -90.946  -13.039 0.6999999881
3709  -15.280  -86.965  -12.175 0.8000000119
2086  -17.842  -90.975  -12.742 0.8000000119
150058  -14.995  -90.904  -10.338 0.4000000060
150146  -12.970  -90.368  -6.994 0.4000000060
155393  -13.811  -90.191  -7.278 0.4000000060
1248  -8.140  -93.569  19.935 0.6999999881
1255  -8.281  -93.288  19.248 0.6999999881
1925  -6.991  -92.109  18.762 0.6999999881
1606  -8.419  -91.918  17.606 0.6999999881
735  -8.146  -95.281  17.562 0.8000000119
357  -10.362  -97.007  17.201 0.6000000238
1261  -8.431  -93.509  17.084 0.6999999881
505  -9.609  -96.587  17.426 0.8000000119
180  -13.309  -97.534  17.776 0.6999999881
188  -14.626  -97.859  17.110 0.6999999881
157202  -2.835  -90.653  20.217 0.6000000238
2603  -1.529  -89.642  19.577 0.3000000119
6179  -17.412  -82.789  -14.638 0.6000000238
6180  -18.607  -82.518  -14.822 0.6000000238
6707  -16.527  -81.059  -13.801 0.6000000238
6178  -16.359  -82.543  -14.554 0.6000000238
162452  -17.587  -84.020  -14.274 0.6000000238
5714  -18.340  -83.552  -14.457 0.6000000238
2412  -23.542  -90.065  -13.941 0.6999999881
6632  -6.619  -81.015  -7.544 0.6000000238
5712  -15.006  -82.701  -14.256 0.6000000238
5215  -16.620  -83.552  -14.362 0.6000000238
3205  -23.177  -87.607  -16.041 0.5000000000
3199  -22.469  -87.978  -15.721 0.5000000000
2767  -23.212  -89.478  -14.441 0.6999999881
2404  -22.099  -90.540  -13.591 0.6999999881
7195  -3.861  -80.082  -6.518 0.5000000000
6168  -13.709  -82.618  -13.398 0.6999999881
5708  -15.024  -83.602  -14.059 0.6000000238
5212  -20.985  -84.837  -12.142 0.6000000238
4727  -21.360  -85.562  -10.912 0.6000000238
3726  -21.213  -87.623  -15.316 0.6000000238
3197  -20.932  -88.435  -15.168 0.6999999881
2766  -22.294  -89.400  -14.638 0.6999999881
162653  -21.947  -90.066  -14.188 0.6999999881
5707  -14.290  -83.092  -13.870 0.8000000119
5209  -15.869  -84.107  -14.022 0.6999999881
4250  -21.203  -85.830  -11.778 0.6000000238
2764  -20.636  -89.121  -14.798 0.6999999881
2410  -20.352  -89.743  -14.268 0.6999999881
2403  -21.132  -90.347  -13.783 0.6999999881
5208  -14.290  -83.991  -13.642 0.6999999881
179602  -13.431  -85.047  -13.222 0.8000000119
4247  -14.634  -85.687  -13.017 0.8000000119
3712  -20.564  -86.800  -11.064 0.6999999881
3186  -18.317  -88.595  -13.338 0.8000000119
169762  -19.756  -87.070  -9.363 0.6000000238
2755  -17.468  -89.830  -12.827 0.8000000119
2400  -18.511  -90.195  -13.386 0.8000000119
3167  -13.960  -88.836  -10.692 0.6000000238
150628  -12.028  -90.534  -7.345 0.4000000060
151674  -13.428  -89.972  -8.801 0.5000000000
144812  -14.761  -89.638  -8.597 0.6000000238
151894  -12.986  -90.295  -7.668 0.4000000060
144796  -14.421  -90.125  -8.141 0.5000000000
144806  -14.778  -90.121  -8.661 0.6000000238
184406  -9.787  -92.965  21.381 0.6000000238
982  -9.201  -93.488  21.015 0.6000000238
1254  -7.375  -93.195  19.624 0.6999999881
181  -14.184  -97.521  17.788 0.6999999881
182  -15.028  -97.481  17.768 0.6999999881
144741  -3.232  -90.244  21.311 0.6999999881
2250  -3.754  -90.274  20.650 0.6000000238
2599  -1.748  -89.788  20.705 0.6000000238
3012  -1.199  -89.052  20.407 0.4000000060
3499  -1.005  -87.967  20.009 0.3000000119
180245  -1.124  -87.037  20.029 0.3000000119
4045  -1.271  -86.370  19.653 0.2000000030
4049  -1.361  -85.729  19.279 0.2000000030
6708  -17.318  -80.906  -14.187 0.6000000238
5715  -19.668  -82.812  -14.739 0.5000000000
4263  -23.282  -86.856  -16.247 0.5000000000
6705  -14.813  -81.338  -13.274 0.6000000238
5716  -20.652  -83.611  -14.474 0.5000000000
163822  -21.068  -84.507  -13.290 0.6000000238
3728  -22.584  -87.211  -15.913 0.5000000000
149695  -6.969  -80.319  -9.419 0.6000000238
7202  -6.486  -80.570  -7.160 0.6000000238
177926  -21.461  -84.800  -13.079 0.6000000238
156800  -21.429  -85.186  -13.027 0.6000000238
8353  -3.589  -78.374  -6.224 0.5000000000
7772  -3.679  -79.155  -6.476 0.5000000000
5702  -12.996  -83.046  -13.094 0.6999999881
3192  -20.095  -88.417  -14.766 0.6000000238
5207  -13.505  -84.321  -13.386 0.6999999881
3716  -19.640  -86.847  -12.985 0.6999999881
3191  -19.391  -88.422  -14.323 0.6999999881
2409  -19.418  -89.764  -14.082 0.6999999881
2402  -20.065  -90.350  -13.651 0.6999999881
5201  -12.227  -84.316  -12.846 0.8000000119
162988  -12.149  -85.134  -12.901 0.8000000119
3715  -18.899  -87.586  -12.401 0.6999999881
158766  -13.039  -86.213  -12.663 0.8000000119
184198  -11.303  -90.237  -8.354 0.3000000119
2382  -12.589  -90.126  -8.937 0.4000000060
2051  -9.848  -91.026  -6.580 0.2000000030
972  -8.002  -94.101  21.802 0.6999999881
1243  -6.870  -93.926  21.048 0.6000000238
1247  -7.134  -93.591  20.352 0.6999999881
1253  -6.567  -93.126  20.125 0.6999999881
1917  -6.050  -91.751  20.008 0.6999999881
1599  -8.358  -92.649  18.148 0.6999999881
153944  -1.442  -89.211  21.390 0.5000000000
3001  -1.017  -88.354  21.058 0.4000000060
6174  -18.471  -81.360  -15.046 0.6000000238
177997  -22.052  -83.747  -14.975 0.5000000000
5222  -22.161  -84.914  -15.159 0.5000000000
4751  -23.452  -85.979  -16.165 0.5000000000
5717  -21.367  -83.815  -14.509 0.5000000000
4750  -22.697  -86.347  -15.868 0.5000000000
5219  -21.642  -84.472  -14.628 0.5000000000
4258  -21.458  -85.964  -15.022 0.5000000000
164278  -21.467  -86.921  -15.344 0.5000000000
161927  -2.911  -77.303  -4.703 0.6000000238
9481  -2.998  -76.477  -3.732 0.5000000000
10111  -2.765  -76.160  -2.933 0.5000000000
2378  -10.589  -90.250  -8.176 0.3000000119
3488  -0.996  -87.647  21.675 0.4000000060
3498  -1.046  -87.346  20.759 0.4000000060
10116  -3.612  -76.042  -4.183 0.5000000000
10104  -2.754  -75.690  -2.318 0.5000000000
10105  -3.485  -75.441  -2.781 0.5000000000
3489  -1.237  -88.547  22.019 0.6000000238
3478  -1.065  -87.899  22.591 0.6000000238
4514  -1.342  -85.576  20.086 0.2000000030
4989  -1.474  -84.208  19.585 0.2000000030
6692  -19.822  -81.237  -10.756 0.5000000000
6693  -20.966  -81.021  -10.878 0.5000000000
6694  -22.076  -80.858  -10.724 0.5000000000
6678  -23.556  -80.736  -9.494 0.5000000000
10778  -3.842  -75.365  -3.737 0.5000000000
10785  -4.393  -74.689  -4.175 0.6000000238
10763  -2.685  -74.742  -1.349 0.5000000000
145073  -24.531  -79.475  -11.756 0.4000000060
11471  -2.860  -73.967  -1.111 0.5000000000
10772  -2.957  -75.056  -2.044 0.5000000000
11486  -4.345  -74.178  -1.743 0.5000000000
10779  -4.120  -74.696  -3.206 0.5000000000
4032  -1.141  -86.694  21.336 0.6000000238
155710  -1.389  -84.943  20.784 0.5000000000
4044  -1.210  -86.458  20.477 0.5000000000
4985  -1.482  -84.158  20.446 0.4000000060
5476  -1.533  -83.478  19.946 0.3000000119
145072  -24.648  -80.157  -10.583 0.5000000000
10793  -4.760  -74.836  -5.089 0.6999999881
11472  -3.228  -73.282  -0.675 0.5000000000
10774  -4.455  -74.126  -2.561 0.5000000000
11482  -3.749  -73.776  -1.232 0.5000000000
150824  -25.103  -78.318  -12.570 0.4000000060
4033  -1.286  -85.810  21.033 0.6000000238
4981  -1.486  -84.189  21.447 0.5000000000
10786  -4.988  -74.043  -4.620 0.6999999881
11511  -5.602  -73.373  -4.881 0.6999999881
11512  -6.203  -73.295  -5.527 0.8999999762
11522  -7.017  -73.223  -5.927 0.8000000119
11501  -4.662  -73.912  -3.642 0.6000000238
11502  -5.158  -73.436  -4.204 0.8000000119
12266  -5.915  -72.526  -5.140 0.8000000119
12267  -6.733  -72.475  -5.642 0.8000000119
8975  -25.876  -78.068  -13.195 0.4000000060
12215  -3.564  -72.571  -0.345 0.5000000000
11483  -4.536  -73.606  -1.383 0.5000000000
9533  -27.067  -77.302  -13.164 0.2000000030
13013  -6.305  -71.219  -4.888 0.8999999762
9534  -27.480  -76.594  -13.411 0.2000000030
184281  -1.319  -85.497  22.351 0.6000000238
4509  -1.347  -85.192  21.638 0.6000000238
5472  -1.539  -83.367  20.823 0.3000000119
12978  -4.592  -71.674  -0.515 0.6999999881
12992  -4.934  -72.083  -1.067 0.6000000238
12230  -4.844  -72.912  -1.434 0.6000000238
12248  -5.128  -72.612  -3.270 0.6999999881
12216  -4.396  -72.322  -0.602 0.5000000000
12229  -4.269  -73.081  -0.859 0.6000000238
164751  -5.564  -71.762  -3.531 0.8000000119
13012  -5.811  -71.770  -4.626 0.8000000119
4974  -1.450  -84.714  22.324 0.6000000238
5464  -1.572  -83.812  22.387 0.6000000238
5469  -1.581  -83.177  21.715 0.5000000000
13757  -5.575  -70.685  -2.314 0.8000000119
13745  -5.068  -71.266  -0.831 0.6999999881
13000  -5.012  -72.063  -2.038 0.6999999881
13001  -5.408  -71.438  -2.613 0.8000000119
13762  -6.010  -70.116  -3.456 0.8000000119
12962  -3.487  -71.344  0.519 0.6000000238
13768  -5.836  -70.902  -4.096 0.8999999762
12961  -2.657  -71.882  1.176 0.5000000000
4486  -8.906  -84.199  25.678 0.6999999881
5954  -1.626  -82.953  22.566 0.6000000238
13728  -4.364  -70.887  -0.114 0.6999999881
4952  -7.912  -83.760  27.099 0.6999999881
5952  -1.772  -82.361  23.758 0.6999999881
156332  -1.639  -82.187  22.902 0.6000000238
154230  -1.599  -82.226  21.945 0.6000000238
184289  -1.582  -81.467  21.635 0.5000000000
13716  -4.350  -70.115  0.357 0.6999999881
12950  -3.103  -70.920  1.355 0.6000000238
177135  -1.918  -81.106  24.279 0.6999999881
6462  -1.602  -81.378  22.384 0.6000000238
7042  -1.606  -80.343  22.694 0.5000000000
14440  -4.726  -69.471  0.596 0.6999999881
13703  -3.570  -70.135  1.542 0.6999999881
13715  -3.804  -70.487  0.705 0.8000000119
7040  -1.798  -80.413  23.751 0.6000000238
14439  -4.050  -69.735  0.885 0.6999999881
15256  -5.290  -68.748  0.678 0.8000000119
13691  -3.556  -69.558  2.337 0.5000000000
8207  -1.896  -78.670  23.767 0.5000000000
14423  -4.322  -69.090  1.187 0.6999999881
15242  -4.634  -68.495  1.581 0.6000000238
179250  -2.370  -77.868  23.766 0.4000000060
8208  -2.151  -78.119  24.523 0.5000000000
15241  -3.968  -68.846  1.862 0.6000000238
8805  -2.979  -77.361  24.255 0.4000000060
8806  -4.397  -76.944  24.246 0.4000000060
14401  -3.412  -69.238  3.280 0.4000000060
15231  -4.255  -68.205  2.251 0.6999999881
15230  -3.808  -68.695  2.684 0.6000000238
16032  -3.926  -67.921  2.938 0.6999999881
176883  -4.536  -67.670  2.659 0.6999999881
16011  -3.597  -67.418  4.688 0.6000000238
16021  -3.825  -67.693  3.732 0.6000000238
16022  -4.205  -67.279  3.255 0.6999999881
10633  -6.089  -75.266  24.412 0.4000000060
16841  -4.722  -66.637  3.603 0.8000000119
10618  -5.676  -74.820  25.505 0.6999999881
10631  -3.391  -74.199  26.006 0.6000000238
155187  -4.041  -74.853  25.677 0.5000000000
16840  -3.922  -66.843  3.950 0.8000000119
9316  -3.977  -76.992  30.069 0.8999999762
9317  -4.988  -76.806  30.016 0.8999999762
9303  -2.849  -76.646  30.850 0.8999999762
10616  -3.843  -74.411  26.736 0.6000000238
17754  -3.800  -65.804  5.504 0.8000000119
9304  -3.586  -76.336  30.579 0.8999999762
9903  -3.219  -75.786  31.047 0.8999999762
177407  -3.330  -74.032  26.932 0.5000000000
182055  -5.394  -74.554  26.710 0.6999999881
17753  -3.680  -65.393  6.402 0.6000000238
9887  -3.824  -74.875  31.258 0.8999999762
9922  -5.453  -75.596  30.080 0.8999999762
9886  -2.983  -75.361  31.600 0.8000000119
9904  -4.122  -75.303  30.770 0.8999999762
9305  -4.500  -75.945  30.302 0.8999999762
10602  -3.591  -74.072  27.755 0.8000000119
10601  -3.038  -73.589  27.387 0.8000000119
164965  -2.847  -72.890  26.916 0.8000000119
178180  -11.485  -62.743  0.158 0.6999999881
18646  -11.838  -64.193  -0.203 0.6000000238
10589  -4.369  -74.017  28.442 0.8000000119
184249  -2.892  -72.256  26.513 0.6000000238
19391  -4.101  -63.560  8.970 0.6999999881
174970  -11.559  -59.294  1.777 0.4000000060
11319  -3.128  -73.444  28.251 0.8000000119
154382  -2.721  -72.106  27.156 0.6999999881
12090  -2.753  -72.845  27.728 0.8000000119
159484  -3.108  -71.982  25.872 0.5000000000
12078  -2.735  -72.725  28.614 0.8000000119
12863  -2.871  -71.537  26.519 0.5000000000
12066  -2.904  -72.517  29.539 0.8999999762
12839  -2.518  -71.856  28.901 0.8000000119
12853  -2.592  -71.971  27.992 0.8000000119
157091  -2.658  -71.174  27.328 0.6999999881
181021  -2.793  -70.751  26.612 0.6000000238
155215  -3.232  -71.048  25.763 0.3000000119
162802  -2.429  -70.968  29.191 0.8000000119
160062  -2.527  -71.075  28.267 0.8000000119
153151  -2.866  -70.295  26.118 0.5000000000
13596  -2.622  -70.363  27.700 0.8000000119
24577  -11.075  -57.308  24.678 0.8000000119
13608  -2.658  -69.962  26.957 0.6000000238
14322  -2.718  -69.536  26.159 0.5000000000
23740  -3.815  -59.172  12.222 0.6999999881
25553  -11.590  -56.800  25.864 0.8000000119
158548  -2.413  -66.606  26.220 0.5000000000
157216  -2.566  -65.607  26.232 0.4000000060
15086  -2.527  -68.581  26.229 0.5000000000
161450  -11.749  -58.760  25.163 0.8000000119
15899  -2.401  -67.594  26.235 0.6000000238
27468  -12.207  -55.580  25.077 0.8999999762
20096  -5.482  -62.424  24.448 0.8000000119
24675  -4.088  -57.231  13.400 0.6999999881
26494  -11.913  -56.043  25.622 0.6000000238
176670  -13.000  -55.596  26.262 0.5000000000
20097  -6.443  -62.270  24.671 0.8000000119
28399  -12.720  -55.016  25.133 0.8000000119
28387  -12.593  -55.167  25.129 0.5000000000
175590  -12.593  -55.582  25.867 0.5000000000
18500  -2.798  -64.664  26.261 0.6000000238
28401  -13.713  -54.682  24.897 0.6000000238
20081  -4.866  -62.825  25.033 0.8000000119
19302  -4.289  -63.119  25.753 0.8000000119
25632  -17.918  -57.046  21.035 0.5000000000
28413  -13.991  -54.824  24.729 0.6000000238
19292  -3.824  -63.609  26.367 0.8000000119
25633  -18.182  -56.282  20.221 0.3000000119
24629  -17.372  -57.799  20.693 0.6000000238
18509  -3.136  -63.856  26.106 0.6999999881
25644  -17.576  -56.585  19.358 0.4000000060
160225  -16.951  -56.014  18.795 0.5000000000
24644  -15.674  -56.560  17.800 0.6000000238
25678  -16.014  -55.340  16.255 0.6000000238
24657  -15.888  -56.480  17.211 0.5000000000
26605  -16.159  -54.954  16.149 0.6000000238
26606  -16.780  -55.256  16.296 0.6999999881
27549  -17.349  -54.707  16.456 0.6000000238
26586  -17.531  -55.473  16.600 0.6999999881
26565  -16.750  -55.182  18.647 0.4000000060
26557  -17.742  -55.530  19.222 0.4000000060
26556  -15.841  -55.530  18.601 0.5000000000
25646  -15.265  -55.521  18.230 0.4000000060
163566  -15.266  -55.167  16.923 0.5000000000
27547  -15.868  -54.237  16.093 0.6000000238
154336  -18.062  -54.903  16.897 0.6000000238
28487  -16.362  -53.466  16.116 0.6000000238
28488  -17.150  -53.857  16.427 0.6000000238
27538  -17.846  -54.147  16.864 0.6999999881
27523  -19.553  -54.524  17.839 0.6999999881
27509  -15.716  -54.615  18.612 0.5000000000
26564  -14.614  -54.690  18.109 0.4000000060
27546  -15.190  -53.990  16.343 0.5000000000
30397  -18.676  -52.395  18.032 0.6999999881
29414  -19.682  -52.543  18.231 0.6999999881
29415  -20.704  -52.655  18.343 0.8000000119
28477  -17.605  -53.398  16.877 0.6000000238
29425  -18.077  -52.967  17.468 0.6999999881
28467  -20.022  -53.256  18.014 0.6999999881
29439  -6.916  -52.794  14.318 0.5000000000
29440  -7.629  -52.272  14.224 0.6000000238
30384  -18.436  -51.521  18.108 0.6999999881
30385  -19.357  -51.709  18.449 0.8000000119
30386  -20.360  -51.849  18.659 0.8000000119
31358  -20.044  -50.985  18.923 0.8000000119
30387  -21.400  -51.988  18.857 0.8000000119
31345  -20.831  -50.175  19.280 0.8000000119
32377  -22.756  -49.566  19.588 0.8000000119
30417  -7.772  -51.700  13.425 0.6999999881
32387  -24.693  -49.695  17.675 0.6999999881
31357  -19.058  -50.839  18.640 0.6999999881
31344  -19.757  -50.064  19.074 0.8000000119
32374  -19.457  -49.182  19.136 0.6999999881
32376  -21.739  -49.356  19.532 0.8000000119
33339  -22.525  -48.676  19.338 0.8000000119
34303  -22.722  -47.406  18.074 0.8000000119
30420  -10.371  -51.145  13.638 0.5000000000
32410  -9.449  -50.264  12.833 0.6000000238
33359  -24.281  -48.250  16.866 0.6999999881
34312  -23.945  -47.437  16.534 0.6999999881
31401  -9.196  -50.118  12.285 0.6999999881
31389  -8.709  -50.614  12.835 0.6999999881
32412  -10.910  -49.790  12.840 0.6000000238
33366  -25.400  -48.486  14.813 0.6999999881
32424  -12.235  -49.637  12.070 0.6000000238
161726  -20.055  -48.372  19.262 0.6999999881
33337  -21.123  -47.766  19.283 0.6999999881
34302  -21.974  -46.976  18.683 0.8000000119
34310  -22.401  -46.647  17.661 0.8000000119
34311  -23.146  -47.026  17.126 0.8000000119
32421  -9.714  -49.588  12.333 0.6999999881
32411  -10.236  -49.996  12.830 0.6000000238
31402  -11.608  -50.155  12.592 0.6000000238
34321  -24.450  -47.062  15.581 0.6999999881
34320  -23.577  -46.618  16.260 0.6999999881
32423  -11.303  -49.331  12.394 0.6000000238
32425  -12.976  -49.931  11.660 0.6000000238
34330  -24.839  -46.730  14.521 0.8000000119
35249  -24.043  -46.236  15.367 0.8000000119
32431  -12.935  -49.032  11.464 0.5000000000
153246  -13.734  -48.951  10.989 0.6000000238
35259  -24.941  -46.424  13.453 0.6999999881
32430  -9.484  -49.375  11.815 0.6999999881
34342  -14.787  -47.590  11.559 0.6000000238
35223  -20.237  -46.496  18.891 0.6999999881
34290  -21.027  -46.710  18.927 0.8000000119
35235  -21.639  -46.270  18.133 0.8000000119
36176  -21.754  -45.398  16.844 0.6999999881
35247  -22.379  -45.716  16.596 0.8000000119
32422  -10.405  -49.271  12.462 0.6999999881
36182  -23.129  -44.999  15.424 0.6999999881
35257  -23.734  -45.555  15.202 0.8000000119
33383  -11.880  -48.733  11.938 0.6000000238
36192  -24.776  -45.594  13.341 0.6999999881
36191  -24.515  -45.089  13.919 0.6000000238
153796  -13.411  -48.227  11.138 0.5000000000
36196  -24.595  -44.868  13.061 0.8000000119
33392  -14.370  -48.469  11.143 0.6000000238
159729  -14.432  -46.805  11.521 0.5000000000
33384  -15.319  -48.313  11.613 0.6000000238
36180  -21.405  -44.715  16.535 0.6000000238
37099  -20.830  -44.180  16.060 0.6000000238
37108  -22.229  -43.844  15.293 0.6000000238
37101  -22.520  -44.466  15.538 0.6999999881
33382  -10.782  -48.559  12.148 0.6999999881
37109  -23.264  -44.219  14.835 0.6000000238
36190  -23.966  -44.979  14.685 0.6000000238
33391  -12.429  -48.102  11.439 0.6000000238
37115  -23.839  -43.598  13.880 0.5000000000
184946  -24.281  -44.102  13.111 0.6999999881
34341  -13.918  -47.507  11.238 0.6000000238
178533  -23.877  -43.404  12.553 0.6999999881
159539  -15.254  -46.980  11.877 0.6000000238
182432  -16.232  -44.851  11.106 0.6000000238
38100  -20.346  -43.554  15.631 0.4000000060
38116  -21.381  -42.494  14.550 0.4000000060
38110  -21.815  -43.123  15.000 0.6000000238
38117  -22.465  -42.547  14.329 0.5000000000
38118  -23.381  -42.815  13.711 0.6000000238
155341  -14.029  -46.085  11.388 0.5000000000
38133  -22.286  -43.168  11.116 0.6999999881
36201  -15.496  -45.695  11.761 0.5000000000
36200  -14.522  -45.517  11.359 0.4000000060
37121  -15.228  -45.011  11.470 0.6000000238
39105  -20.276  -42.400  14.532 0.4000000060
39111  -22.049  -41.863  13.980 0.5000000000
39112  -22.963  -41.974  13.562 0.5000000000
40179  -22.314  -41.329  13.160 0.6000000238
39115  -23.057  -41.803  12.666 0.6999999881
39123  -22.365  -42.096  11.381 0.6999999881
38122  -13.941  -44.367  10.829 0.4000000060
167077  -14.414  -44.932  11.040 0.5000000000
40178  -21.482  -41.487  13.632 0.5000000000
39124  -22.402  -41.421  12.127 0.6000000238
40200  -21.500  -40.672  11.055 0.6000000238
166574  -21.977  -41.324  11.451 0.6999999881
40208  -20.401  -40.578  9.930 0.6000000238
38121  -13.189  -44.169  11.269 0.3000000119
38129  -14.367  -43.785  10.587 0.4000000060
38128  -13.554  -43.570  10.835 0.3000000119
39122  -14.755  -43.285  10.247 0.4000000060
38126  -11.706  -43.608  11.217 0.3000000119
39114  -12.717  -43.425  11.141 0.3000000119
39121  -14.009  -42.913  10.528 0.3000000119
41239  -19.541  -39.834  8.831 0.5000000000
41238  -18.706  -40.237  8.218 0.5000000000
38127  -12.122  -43.417  11.289 0.4000000060
39120  -13.101  -42.721  10.717 0.3000000119
39117  -11.404  -43.176  10.791 0.4000000060
42273  -19.307  -39.161  8.234 0.5000000000
39118  -11.746  -42.785  10.963 0.4000000060
44250  -15.786  -37.571  6.710 0.2000000030
43240  -13.857  -38.446  9.310 0.4000000060
44224  -14.142  -37.946  8.793 0.1000000015
44243  -15.232  -38.029  7.326 0.2000000030
44249  -14.964  -37.295  7.180 0.2000000030
43230  -12.855  -39.009  10.093 0.4000000060
43239  -13.008  -38.244  9.883 0.2000000030
42247  -11.478  -39.324  9.805 0.2000000030
42256  -10.763  -39.734  9.393 0.2000000030
158793  -14.406  -37.064  7.802 0.2000000030
178112  -11.236  -38.560  9.666 0.1000000015
44221  -11.823  -37.237  9.973 0.1000000015
162220  -11.037  -39.119  9.526 0.1000000015
41243  -11.417  -40.714  7.625 0.1000000015
410  -8.433  -97.309  5.312 0.3000000119
145  -14.513  -99.742  3.480 0.6999999881
144749  -15.092  -91.615  -0.581 0.1000000015
169793  -15.747  -89.538  -0.837 0.1000000015
144756  -15.394  -91.441  -2.086 0.1000000015
696  -9.972  -93.634  20.984 0.6000000238
158434  -8.751  -94.177  19.184 0.6999999881
177160  -8.459  -93.124  18.661 0.6999999881
1040  -7.586  -94.610  8.705 0.4000000060
396  -7.944  -97.320  8.595 0.4000000060
36  -14.353  -100.263  6.185 0.6999999881
329  -16.258  -97.864  -2.963 0.4000000060
583  -22.690  -94.775  -0.950 0.5000000000
6631  -6.091  -81.656  -7.761 0.6000000238
2257  -3.577  -90.852  20.009 0.6000000238
799  -26.858  -95.369  2.714 0.5000000000
151628  -15.215  -89.582  -9.001 0.6000000238
155264  -18.111  -88.285  -12.423 0.8000000119
2735  -13.045  -89.803  -9.509 0.6000000238
1031  -28.802  -93.429  10.817 0.5000000000
2580  -2.245  -89.564  22.452 0.8000000119
157308  -1.965  -89.740  21.637 0.6999999881
3707  -12.340  -86.691  -12.398 0.8000000119
2734  -12.128  -89.676  -9.531 0.4000000060
23621  -12.174  -57.873  25.729 0.6999999881
24546  -12.380  -57.164  26.029 0.8000000119
24563  -11.756  -57.212  25.731 0.6999999881
156062  -7.067  -61.741  24.205 0.8000000119
26493  -11.435  -56.339  25.422 0.6999999881
27461  -12.269  -55.610  25.358 0.6999999881
27470  -13.220  -54.961  24.794 0.6999999881
28414  -14.896  -54.805  24.778 0.3000000119
25567  -10.951  -56.981  25.083 0.8000000119
28468  -21.010  -53.377  18.099 0.8000000119
32396  -25.107  -49.499  16.842 0.6999999881
31346  -21.914  -50.332  19.549 0.8000000119
30376  -21.071  -51.136  19.209 0.8000000119
31348  -23.899  -50.747  19.483 0.8000000119
32378  -23.653  -49.883  19.222 0.6999999881
180150  -24.636  -45.477  12.765 0.8000000119
36207  -24.234  -45.373  12.376 0.6000000238
159554  -19.434  -46.299  10.851 0.6999999881
37116  -24.147  -44.507  12.344 0.8000000119
37131  -23.010  -43.743  11.455 0.6999999881
38130  -15.170  -43.993  10.610 0.4000000060
37127  -15.642  -44.586  11.184 0.5000000000
42272  -17.140  -40.205  7.101 0.5000000000
42271  -15.462  -39.513  7.084 0.3000000119
39119  -12.227  -42.557  10.825 0.4000000060
42257  -13.511  -39.088  9.796 0.4000000060
39126  -11.128  -42.940  10.093 0.4000000060
32385  -23.354  -49.013  18.898 0.8000000119
36212  -16.644  -45.551  11.113 0.6999999881
38123  -14.761  -44.471  10.886 0.5000000000
43218  -11.942  -39.366  9.866 0.2000000030
34  -12.582  -100.147  6.758 0.6999999881
264  -8.821  -98.097  5.501 0.4000000060
177567  -10.959  -99.528  5.097 0.6000000238
180947  -10.839  -97.044  13.458 0.6999999881
1014  -10.291  -94.371  13.957 0.8000000119
450  -14.841  -97.551  -3.174 0.4000000060
1013  -9.327  -93.749  13.761 0.8000000119
744  -9.271  -95.540  15.498 0.6999999881
1046  -30.303  -93.797  7.710 0.4000000060
1090  -26.620  -93.886  -1.649 0.6000000238
1114  -22.499  -92.571  -5.762 0.4000000060
833  -14.438  -95.848  -6.136 0.3000000119
1434  -21.356  -93.437  -9.429 0.6000000238
1749  -13.439  -92.631  -7.545 0.4000000060
711  -9.971  -95.340  20.927 0.6000000238
492  -9.685  -96.108  19.148 0.6999999881
1436  -23.154  -93.218  -9.105 0.6000000238
1446  -23.791  -92.925  -9.780 0.6999999881
1417  -14.068  -94.036  -8.074 0.4000000060
2075  -25.258  -91.165  -11.392 0.6999999881
2773  -22.354  -88.688  -15.277 0.5000000000
183442  -20.487  -86.149  -13.996 0.6000000238
11493  -4.699  -73.311  -2.959 0.5000000000
12241  -5.245  -72.126  -2.783 0.6999999881
26480  -12.376  -56.078  26.063 0.6000000238
28368  -13.312  -55.029  26.162 0.4000000060
29339  -13.620  -54.628  25.485 0.5000000000
179492  -17.803  -57.085  20.115 0.3000000119
24627  -16.392  -57.229  19.074 0.6000000238
25642  -15.909  -56.240  18.714 0.4000000060
25647  -15.666  -55.994  18.514 0.5000000000
24639  -15.392  -55.862  17.878 0.5000000000
25666  -15.641  -55.701  16.866 0.6000000238
25679  -16.487  -55.726  16.364 0.6999999881
26603  -15.188  -54.547  16.506 0.6000000238
25668  -16.725  -56.377  16.678 0.6999999881
25641  -15.180  -54.920  18.496 0.5000000000
25651  -14.991  -55.163  17.719 0.6000000238
27539  -18.607  -54.338  17.391 0.6999999881
29436  -16.980  -53.056  16.433 0.6000000238
28478  -18.344  -53.681  17.400 0.6999999881
28479  -19.290  -53.812  17.796 0.6999999881
29426  -18.958  -53.205  17.965 0.6999999881
29424  -17.374  -52.682  16.947 0.6000000238
30408  -8.173  -51.681  13.980 0.6999999881
32375  -20.635  -49.065  19.315 0.8000000119
32395  -24.504  -49.035  17.281 0.6999999881
32373  -18.566  -49.131  18.824 0.6000000238
33338  -21.675  -48.497  19.418 0.8000000119
33350  -23.040  -48.197  18.489 0.8000000119
33349  -22.227  -47.856  18.995 0.8000000119
33351  -23.793  -48.603  17.886 0.8000000119
31390  -10.066  -50.528  13.258 0.6999999881
33358  -23.468  -47.821  17.474 0.6999999881
33360  -25.163  -48.826  16.078 0.8000000119
31391  -10.939  -50.536  13.189 0.5000000000
34322  -25.156  -47.640  14.639 0.6999999881
33365  -24.760  -47.933  15.797 0.8000000119
35243  -22.744  -46.320  16.776 0.8000000119
35248  -23.153  -45.735  16.034 0.6999999881
35258  -24.518  -45.768  14.402 0.8000000119
34331  -25.018  -47.488  13.407 0.6999999881
35242  -22.012  -46.038  17.203 0.6999999881
35241  -21.349  -45.652  17.602 0.8000000119
36181  -22.341  -44.978  16.196 0.6999999881
37110  -24.236  -44.404  13.962 0.6000000238
37098  -19.977  -43.946  16.311 0.6000000238
37107  -21.234  -43.720  15.475 0.6000000238
37100  -21.742  -44.308  15.857 0.6000000238
38111  -22.863  -43.329  14.605 0.5000000000
35273  -14.942  -46.230  11.724 0.5000000000
38134  -23.196  -42.548  11.949 0.6999999881
38109  -20.796  -43.014  15.119 0.4000000060
39110  -21.094  -41.969  14.117 0.4000000060
159128  -23.488  -42.387  12.927 0.6999999881
183120  -22.883  -41.906  12.022 0.6999999881
40193  -21.835  -40.738  11.825 0.6999999881
41218  -21.421  -40.061  11.484 0.6000000238
41224  -21.200  -39.925  10.897 0.6000000238
43257  -14.442  -38.643  8.565 0.3000000119
44241  -13.961  -37.278  8.491 0.2000000030
44242  -14.606  -37.860  8.035 0.2000000030
43229  -12.252  -38.606  10.032 0.2000000030
44222  -12.650  -37.351  9.668 0.1000000015
44199  -12.247  -37.838  10.047 0.1000000015
43228  -11.641  -38.582  9.860 0.2000000030
44198  -11.697  -37.855  10.017 0.1000000015
162799  -10.739  -38.832  9.081 0.1000000015
1648  -2.849  -92.136  11.050 0.1000000015
1657  -2.733  -92.075  9.115 0.1000000015
1987  -2.412  -91.434  8.402 0.1000000015
1989  -2.557  -91.564  7.505 0.1000000015
1981  -2.370  -91.564  10.558 0.1000000015
178443  -2.802  -92.043  11.973 0.1000000015
893  -11.344  -94.142  30.689 0.4000000060
157870  -12.523  -94.665  30.133 0.3000000119
157594  -12.916  -94.816  30.847 0.3000000119
892  -10.666  -94.038  30.865 0.4000000060
891  -10.024  -93.977  30.178 0.4000000060
180656  -10.913  -94.114  30.097 0.4000000060
177808  -9.324  -93.774  29.695 0.4000000060
1985  -2.447  -91.653  9.843 0.1000000015
1992  -2.669  -91.767  6.629 0.1000000015
2306  -2.216  -91.286  9.255 0.1000000015
2316  -2.328  -90.894  6.941 0.1000000015
1977  -2.337  -91.513  11.389 0.1000000015
880  -11.653  -94.134  32.462 0.3000000119
175403  -12.057  -94.246  31.745 0.3000000119
638  -13.954  -95.009  30.773 0.3000000119
644  -12.980  -94.960  29.387 0.4000000060
645  -13.858  -95.041  29.469 0.4000000060
899  -11.716  -94.297  30.070 0.5000000000
890  -9.159  -93.493  30.545 0.4000000060
897  -8.552  -93.578  29.622 0.4000000060
898  -9.835  -93.965  29.285 0.5000000000
904  -8.067  -93.815  28.805 0.6000000238
1190  -6.772  -93.452  28.323 0.6000000238
160596  -9.030  -93.883  28.864 0.6000000238
1523  -4.739  -92.071  27.755 0.6000000238
1524  -5.386  -92.676  27.283 0.6000000238
1194  -6.040  -93.228  27.829 0.6000000238
2190  -3.838  -90.676  25.915 0.6000000238
2309  -1.917  -90.741  8.653 0.1000000015
1984  -1.958  -91.121  10.047 0.1000000015
165  -13.379  -99.121  1.152 0.3000000119
878  -10.057  -93.807  32.000 0.4000000060
879  -10.760  -94.043  32.233 0.4000000060
632  -13.512  -94.799  31.372 0.3000000119
633  -14.367  -94.745  31.372 0.3000000119
1175  -9.393  -93.371  31.610 0.4000000060
1174  -8.629  -93.071  31.225 0.4000000060
165455  -12.158  -94.511  29.328 0.4000000060
653  -13.497  -94.923  28.665 0.4000000060
651  -11.856  -94.385  28.524 0.5000000000
1185  -7.663  -93.418  29.464 0.6000000238
906  -10.447  -94.081  28.807 0.5000000000
184703  -9.772  -94.031  28.571 0.6000000238
914  -10.277  -94.136  27.873 0.5000000000
903  -7.504  -93.916  27.995 0.6000000238
157298  -8.430  -94.054  28.052 0.6000000238
3984  -8.117  -86.285  25.857 0.6000000238
180256  -6.961  -87.394  25.480 0.6000000238
2522  -4.593  -89.378  26.223 0.6000000238
166748  -8.144  -86.138  25.023 0.6000000238
2940  -5.918  -88.188  25.185 0.6000000238
2537  -4.746  -89.445  25.298 0.6000000238
2939  -5.300  -88.794  24.829 0.6000000238
156  -14.424  -99.455  2.669 0.4000000060
303  -14.888  -98.416  -0.582 0.3000000119
449  -14.020  -97.563  -2.759 0.2000000030
591  -12.800  -96.676  -3.677 0.2000000030
881  -12.307  -94.204  32.976 0.3000000119
626  -13.249  -94.567  32.171 0.3000000119
870  -10.297  -93.776  32.709 0.4000000060
161353  -14.170  -95.035  30.125 0.4000000060
628  -15.172  -94.316  32.389 0.3000000119
639  -14.849  -94.868  30.614 0.4000000060
654  -14.346  -95.004  28.774 0.4000000060
166221  -15.590  -94.574  30.058 0.4000000060
647  -15.469  -94.584  29.330 0.4000000060
1180  -8.065  -93.169  30.395 0.5000000000
660  -14.009  -94.748  28.074 0.4000000060
658  -12.329  -94.462  27.810 0.5000000000
178345  -11.665  -94.337  27.837 0.5000000000
1519  -5.446  -92.638  28.275 0.6000000238
912  -8.855  -94.113  27.262 0.5000000000
2174  -3.798  -89.989  26.629 0.6000000238
499  -9.596  -96.306  18.292 0.6000000238
358  -11.013  -97.038  17.767 0.6000000238
1869  -4.095  -91.263  25.325 0.6000000238
1533  -5.286  -92.664  26.315 0.6000000238
2052  -11.060  -90.988  -6.800 0.3000000119
627  -14.468  -94.435  32.604 0.3000000119
624  -15.811  -94.228  33.052 0.3000000119
872  -11.731  -94.071  33.433 0.4000000060
629  -15.921  -94.230  32.167 0.4000000060
635  -16.031  -94.216  31.352 0.4000000060
167371  -16.176  -94.071  30.000 0.4000000060
656  -15.858  -94.249  28.741 0.4000000060
661  -15.271  -94.396  28.170 0.4000000060
662  -15.980  -94.071  27.998 0.4000000060
917  -14.604  -94.353  27.645 0.4000000060
1179  -7.063  -93.162  30.039 0.5000000000
659  -13.155  -94.585  27.807 0.4000000060
928  -14.131  -93.991  26.997 0.4000000060
664  -12.586  -94.381  27.102 0.5000000000
922  -8.531  -94.131  26.411 0.6000000238
348  -10.895  -96.751  18.566 0.6000000238
160314  -7.385  -87.077  25.965 0.6000000238
155933  -6.028  -93.346  26.756 0.6000000238
910  -7.308  -94.011  27.172 0.6000000238
339  -10.572  -96.332  19.383 0.6000000238
349  -11.824  -97.015  18.336 0.6000000238
179929  -6.378  -93.642  25.877 0.6000000238
1204  -5.924  -93.364  25.033 0.6000000238
350  -12.846  -97.138  18.498 0.6000000238
157439  -4.642  -91.956  25.801 0.6000000238
1539  -5.255  -92.640  25.392 0.6000000238
1552  -5.294  -92.638  24.462 0.6000000238
175052  -5.344  -92.634  23.662 0.6000000238
478  -15.225  -95.676  21.753 0.5000000000
162676  -14.724  -95.023  23.433 0.5000000000
181259  -15.578  -95.449  22.081 0.5000000000
154419  -6.527  -87.674  25.003 0.6000000238
1906  -5.148  -91.308  22.393 0.6000000238
489  -15.203  -96.206  20.512 0.5000000000
490  -16.168  -95.802  20.635 0.5000000000
376  -20.563  -97.194  13.733 0.6000000238
384  -21.606  -97.065  12.722 0.6000000238
875  -16.418  -94.089  33.685 0.2000000030
630  -16.675  -94.064  31.955 0.3000000119
883  -17.846  -93.226  31.924 0.2000000030
1528  -20.788  -92.517  27.975 0.2000000030
1866  -20.440  -91.447  26.494 0.2000000030
2195  -21.371  -90.336  25.634 0.2000000030
2544  -21.370  -89.557  25.177 0.1000000015
2964  -20.192  -88.364  24.197 0.2000000030
166365  -17.290  -93.823  32.513 0.2000000030
2543  -20.115  -89.484  24.873 0.2000000030
636  -16.800  -93.870  31.108 0.4000000060
1173  -8.076  -92.769  31.021 0.4000000060
1508  -7.392  -92.671  30.802 0.5000000000
908  -17.182  -93.756  29.095 0.4000000060
907  -16.715  -93.813  28.485 0.4000000060
929  -14.930  -93.661  27.196 0.4000000060
1184  -6.264  -92.981  29.645 0.5000000000
175717  -17.229  -93.354  28.259 0.4000000060
919  -16.571  -93.479  27.912 0.4000000060
183353  -14.276  -93.370  26.853 0.4000000060
1513  -4.807  -92.001  28.802 0.6000000238
161181  -10.525  -94.249  26.814 0.5000000000
927  -13.395  -94.132  26.746 0.4000000060
1850  -4.170  -91.348  27.213 0.6000000238
493  -11.867  -96.393  19.892 0.6000000238
341  -12.347  -96.776  19.245 0.6000000238
335  -12.675  -96.444  20.084 0.5000000000
962  -15.235  -94.621  24.023 0.5000000000
674  -15.708  -95.011  23.402 0.5000000000
2554  -4.419  -90.188  24.908 0.6000000238
351  -13.769  -97.163  18.519 0.6000000238
3993  -7.849  -86.373  24.200 0.6000000238
1882  -4.277  -91.315  24.438 0.6000000238
1551  -4.746  -91.968  23.816 0.6000000238
1576  -5.125  -92.098  22.205 0.6000000238
687  -15.932  -95.239  22.430 0.4000000060
4008  -8.262  -85.762  23.502 0.6000000238
495  -16.548  -96.011  19.867 0.5000000000
157924  -16.667  -94.979  21.925 0.5000000000
346  -16.984  -96.359  19.180 0.6000000238
491  -16.786  -94.835  20.204 0.5000000000
167327  -17.795  -97.873  15.519 0.6000000238
216  -18.634  -97.979  14.380 0.5000000000
209  -19.083  -97.438  14.941 0.5000000000
201  -18.935  -97.277  15.584 0.5000000000
210  -19.747  -97.190  14.751 0.5000000000
1171  -18.540  -92.948  32.411 0.3000000119
158359  -19.413  -92.726  31.509 0.2000000030
177153  -20.904  -90.872  26.007 0.2000000030
1176  -18.974  -92.808  30.986 0.2000000030
1182  -20.079  -92.660  30.207 0.2000000030
1199  -19.841  -92.795  28.169 0.3000000119
2194  -20.522  -90.268  25.485 0.2000000030
1169  -8.825  -92.922  32.079 0.4000000060
888  -17.526  -93.515  31.142 0.4000000060
1849  -3.808  -90.629  27.662 0.6000000238
895  -17.844  -93.361  30.428 0.3000000119
900  -17.457  -93.658  29.828 0.4000000060
1536  -15.349  -92.256  27.217 0.4000000060
920  -17.575  -93.440  28.661 0.4000000060
1198  -17.345  -92.793  27.816 0.4000000060
1862  -16.062  -91.666  27.353 0.4000000060
1535  -14.515  -91.958  26.937 0.4000000060
3434  -6.514  -87.733  25.992 0.6000000238
2512  -5.087  -88.645  26.847 0.6000000238
336  -13.524  -96.360  20.304 0.5000000000
476  -13.300  -95.762  21.843 0.5000000000
1538  -4.678  -91.923  24.846 0.6000000238
344  -15.155  -96.926  19.213 0.5000000000
482  -13.861  -96.088  21.141 0.5000000000
2959  -5.837  -88.207  24.260 0.6000000238
2958  -5.342  -89.033  24.072 0.6000000238
1583  -5.492  -92.384  21.394 0.6000000238
1589  -5.987  -92.607  20.556 0.6000000238
183  -15.847  -97.352  17.700 0.6000000238
184  -16.708  -97.242  17.634 0.6000000238
496  -17.145  -94.786  19.571 0.6000000238
191  -17.052  -97.474  16.882 0.6000000238
361  -17.641  -97.092  17.599 0.6000000238
192  -17.915  -97.243  16.797 0.6000000238
355  -17.715  -95.288  18.819 0.5000000000
712  -17.265  -93.798  19.881 0.5000000000
200  -18.333  -97.351  16.027 0.6000000238
367  -18.724  -97.021  16.819 0.6000000238
372  -19.601  -97.044  15.499 0.5000000000
162253  -20.927  -96.553  15.019 0.6000000238
4020  -7.439  -86.819  22.536 0.6000000238
1193  -20.547  -92.727  28.716 0.2000000030
1499  -6.765  -92.266  31.010 0.5000000000
1506  -5.761  -92.430  30.056 0.5000000000
1845  -4.258  -91.328  28.140 0.6000000238
2165  -3.654  -90.179  27.331 0.6000000238
158337  -16.729  -91.057  27.296 0.4000000060
3420  -6.640  -87.491  27.058 0.6000000238
488  -14.351  -96.267  20.437 0.5000000000
1895  -4.507  -91.367  23.712 0.6000000238
345  -16.070  -96.837  19.231 0.6000000238
494  -15.661  -96.489  19.923 0.5000000000
2976  -5.591  -88.787  23.393 0.6000000238
2220  -5.132  -89.814  23.483 0.6000000238
1237  -6.280  -93.568  22.519 0.6000000238
3464  -6.826  -87.273  23.095 0.6000000238
356  -18.232  -96.093  18.195 0.6000000238
2511  -4.452  -89.332  27.141 0.6000000238
2925  -5.893  -88.041  26.787 0.6000000238
3978  -8.555  -85.278  26.710 0.6000000238
3977  -7.886  -86.326  26.889 0.6000000238
506  -18.931  -95.262  17.696 0.5000000000
1835  -5.234  -91.712  30.418 0.5000000000
1839  -4.654  -91.455  29.609 0.6000000238
2160  -3.713  -90.083  28.097 0.6000000238
3963  -7.833  -85.656  28.069 0.6000000238
2918  -5.554  -88.088  27.601 0.6000000238
4463  -8.313  -84.352  28.588 0.6000000238
3409  -6.673  -87.038  28.018 0.6000000238
4940  -8.139  -83.919  28.879 0.6000000238
3952  -7.743  -84.725  29.236 0.6000000238
3402  -6.638  -86.145  29.128 0.6000000238
2155  -3.784  -89.972  29.005 0.6000000238
2917  -4.890  -88.627  27.724 0.6000000238
4472  -6.505  -84.174  28.904 0.6000000238
4461  -6.713  -83.855  30.259 0.6000000238
2499  -4.227  -89.336  29.554 0.6000000238
3401  -6.012  -87.266  28.516 0.6000000238
4462  -7.261  -84.117  30.120 0.6000000238
9480  -2.517  -76.889  -3.278 0.2000000030
2495  -4.349  -89.107  30.396 0.6000000238
2912  -4.772  -88.356  28.738 0.6000000238
4917  -1.905  -84.981  30.328 0.6000000238
165319  -3.914  -85.400  29.704 0.6000000238
3395  -6.156  -85.888  29.859 0.6000000238
9477  -2.380  -76.489  -1.417 0.2000000030
9478  -2.461  -76.238  -2.163 0.4000000060
10084  -2.369  -75.766  0.238 0.2000000030
2492  -4.706  -88.995  31.643 0.6000000238
2908  -4.553  -88.107  30.226 0.6000000238
2910  -5.455  -87.054  29.357 0.6000000238
157071  -2.822  -85.433  30.491 0.6000000238
3950  -6.128  -83.835  30.815 0.6000000238
161565  -1.808  -79.133  21.717 0.3000000119
154608  -1.720  -80.380  20.547 0.3000000119
10078  -2.335  -75.024  0.977 0.3000000119
10090  -2.400  -75.184  -0.722 0.3000000119
10097  -2.495  -75.600  -1.567 0.4000000060
2470  -5.276  -88.570  33.455 0.6000000238
2891  -4.572  -88.136  32.859 0.6000000238
2491  -4.482  -88.475  31.295 0.6000000238
2904  -4.548  -87.567  31.094 0.6000000238
2905  -4.893  -86.196  31.156 0.6000000238
159042  -1.925  -84.134  30.844 0.6000000238
4416  -2.253  -85.307  31.801 0.6000000238
4433  -2.246  -85.291  30.822 0.6000000238
3916  -4.435  -84.521  31.670 0.6000000238
3934  -4.989  -84.224  31.212 0.6000000238
3388  -5.554  -84.771  31.451 0.6000000238
7627  -2.260  -78.517  22.140 0.3000000119
8813  -4.294  -77.131  23.229 0.3000000119
8817  -3.074  -77.812  22.367 0.3000000119
7630  -1.843  -79.540  21.036 0.3000000119
10748  -2.344  -74.391  1.639 0.3000000119
156743  -2.327  -74.091  0.734 0.3000000119
10759  -2.529  -74.421  -0.717 0.4000000060
2866  -4.903  -88.400  34.339 0.4000000060
2850  -4.395  -87.939  34.974 0.4000000060
2878  -4.190  -87.785  33.404 0.5000000000
2890  -4.464  -88.033  32.152 0.6000000238
3357  -4.105  -86.869  32.527 0.5000000000
2901  -4.384  -87.056  31.893 0.6000000238
3374  -4.834  -85.433  32.046 0.6000000238
3917  -5.141  -84.457  31.753 0.6000000238
5401  -1.928  -83.377  31.507 0.5000000000
4904  -1.930  -85.073  31.264 0.6000000238
3899  -4.752  -84.516  32.257 0.6000000238
8818  -3.841  -77.419  22.599 0.2000000030
17752  -3.245  -65.863  6.876 0.2000000030
17750  -2.941  -65.837  7.583 0.2000000030
3295  -4.807  -86.939  37.873 0.3000000119
3308  -4.082  -87.081  36.229 0.4000000060
3319  -3.994  -87.263  35.386 0.4000000060
3345  -3.910  -87.227  33.887 0.5000000000
3871  -3.745  -86.309  33.708 0.5000000000
159870  -4.547  -85.299  32.511 0.5000000000
3884  -4.021  -85.675  33.078 0.5000000000
154827  -1.879  -84.425  31.780 0.5000000000
158944  -1.939  -85.117  31.953 0.6000000238
3897  -3.108  -85.335  32.364 0.6000000238
8807  -4.937  -76.379  23.535 0.3000000119
17748  -3.166  -65.066  8.051 0.2000000030
17747  -2.798  -65.733  8.417 0.2000000030
17741  -2.692  -65.714  9.230 0.2000000030
17751  -3.467  -65.181  7.229 0.5000000000
11443  -2.499  -73.235  2.911 0.3000000119
164150  -2.403  -73.792  2.300 0.3000000119
11450  -2.358  -73.513  1.416 0.3000000119
12203  -2.434  -72.729  1.236 0.3000000119
12214  -2.775  -72.855  -0.047 0.3000000119
5327  -7.890  -82.822  38.955 0.1000000015
4839  -8.107  -83.455  38.869 0.1000000015
4855  -7.961  -83.303  37.318 0.1000000015
3811  -5.534  -85.700  38.547 0.2000000030
3832  -4.160  -86.150  37.777 0.4000000060
3846  -3.708  -86.470  35.669 0.4000000060
3855  -3.746  -86.569  34.883 0.4000000060
3854  -3.428  -85.959  34.298 0.5000000000
3870  -3.443  -85.708  33.530 0.5000000000
176206  -2.748  -85.389  33.279 0.6000000238
3898  -4.280  -84.845  32.596 0.5000000000
5882  -1.946  -82.841  32.956 0.5000000000
4896  -1.911  -84.664  32.703 0.5000000000
5890  -1.945  -82.551  32.115 0.5000000000
9386  -4.679  -76.231  22.989 0.2000000030
12191  -2.519  -72.009  3.136 0.2000000030
164497  -2.595  -72.709  3.452 0.1000000015
157264  -2.476  -72.579  2.748 0.3000000119
184559  -2.644  -72.550  0.622 0.3000000119
184228  -2.448  -72.380  1.651 0.3000000119
12204  -3.099  -72.132  0.237 0.3000000119
5326  -7.586  -82.314  38.462 0.1000000015
4847  -5.973  -83.144  37.725 0.1000000015
4848  -6.999  -83.175  37.595 0.1000000015
162306  -5.180  -84.343  38.717 0.2000000030
3819  -4.242  -85.413  38.452 0.3000000119
4364  -3.653  -85.402  37.567 0.4000000060
3838  -3.226  -85.809  36.072 0.4000000060
3845  -3.234  -85.936  35.166 0.4000000060
4391  -2.159  -85.145  33.359 0.5000000000
4381  -2.236  -84.995  34.163 0.5000000000
158367  -2.040  -81.489  33.013 0.5000000000
153995  -1.994  -82.131  32.784 0.5000000000
6398  -1.987  -81.692  32.287 0.5000000000
9990  -5.298  -75.772  23.748 0.3000000119
160436  -3.126  -69.432  4.832 0.2000000030
177213  -3.064  -70.156  4.705 0.2000000030
13673  -2.910  -70.686  4.193 0.2000000030
12933  -2.923  -71.455  4.529 0.2000000030
12195  -2.462  -72.031  2.189 0.2000000030
4347  -4.217  -84.706  39.037 0.3000000119
4369  -3.163  -85.282  36.804 0.4000000060
4867  -2.642  -84.630  35.709 0.4000000060
4376  -2.828  -85.298  35.440 0.4000000060
5364  -2.695  -83.486  36.651 0.4000000060
4375  -2.448  -84.829  34.928 0.4000000060
4382  -2.812  -85.393  34.640 0.5000000000
5859  -2.538  -83.028  35.913 0.4000000060
176695  -2.397  -84.229  35.186 0.5000000000
5875  -2.114  -82.768  34.338 0.5000000000
5378  -1.971  -83.636  34.085 0.5000000000
4878  -2.124  -84.319  34.502 0.5000000000
175127  -2.146  -81.396  33.721 0.5000000000
159312  -1.961  -83.014  33.649 0.5000000000
5383  -1.924  -83.691  33.242 0.5000000000
15214  -3.535  -68.228  4.274 0.4000000060
15223  -3.676  -68.474  3.507 0.5000000000
14400  -3.074  -69.850  3.921 0.2000000030
14408  -3.033  -69.945  3.024 0.3000000119
13682  -2.793  -70.586  3.291 0.2000000030
13690  -2.920  -70.510  2.317 0.4000000060
12942  -2.573  -71.274  2.733 0.2000000030
12949  -2.653  -71.307  1.927 0.4000000060
5356  -2.837  -83.687  37.449 0.4000000060
156201  -2.599  -81.855  36.845 0.3000000119
5860  -2.674  -82.667  36.899 0.3000000119
183567  -4.938  -75.839  23.368 0.2000000030
9989  -4.585  -75.360  23.578 0.2000000030
15222  -3.311  -68.941  4.153 0.5000000000
14343  -3.041  -69.643  21.626 0.1000000015
10650  -5.518  -75.501  24.200 0.3000000119
10649  -4.550  -75.204  24.417 0.2000000030
10648  -3.529  -74.836  24.334 0.2000000030
11370  -2.575  -73.669  23.458 0.2000000030
179768  -3.611  -74.637  25.141 0.2000000030
180285  -2.461  -72.986  23.351 0.2000000030
12138  -2.372  -72.342  22.768 0.1000000015
12897  -2.513  -71.350  22.360 0.1000000015
18578  -3.966  -63.331  10.373 0.4000000060
15109  -3.373  -68.985  21.002 0.1000000015
15114  -3.840  -68.552  20.637 0.1000000015
15113  -3.082  -69.010  20.091 0.1000000015
10647  -2.812  -74.186  24.103 0.2000000030
165810  -2.651  -73.129  24.056 0.2000000030
12899  -2.393  -71.290  21.481 0.1000000015
19384  -4.226  -63.354  9.708 0.5000000000
10632  -5.055  -75.129  24.999 0.3000000119
20987  -4.554  -62.000  12.036 0.3000000119
20169  -4.449  -62.702  11.721 0.3000000119
20992  -4.760  -62.284  11.301 0.3000000119
20179  -4.801  -63.054  10.171 0.4000000060
158103  -3.016  -74.215  25.082 0.2000000030
11359  -2.872  -73.340  24.847 0.2000000030
9290  -2.470  -76.964  31.607 0.6999999881
20981  -4.277  -61.707  12.737 0.3000000119
11350  -2.983  -73.514  25.690 0.4000000060
153719  -2.514  -75.843  33.018 0.6999999881
154261  -2.558  -75.996  32.090 0.6999999881
9867  -2.794  -74.907  32.400 0.8000000119
166363  -3.868  -60.490  12.924 0.2000000030
21897  -3.915  -61.235  13.422 0.2000000030
22812  -3.833  -59.992  12.365 0.4000000060
177956  -3.988  -61.097  12.789 0.3000000119
21893  -3.765  -61.053  14.250 0.2000000030
164594  -3.792  -59.564  13.016 0.4000000060
20240  -14.475  -62.664  -3.287 0.4000000060
24674  -3.769  -58.051  13.629 0.5000000000
23718  -3.812  -58.364  14.566 0.3000000119
24665  -3.906  -57.718  15.282 0.3000000119
24655  -3.918  -57.940  16.279 0.3000000119
151151  -5.266  -58.037  18.264 0.2000000030
25682  -4.293  -56.692  14.217 0.6000000238
24666  -4.095  -56.909  15.064 0.5000000000
157810  -4.485  -56.474  15.745 0.3000000119
25663  -4.166  -57.197  15.988 0.3000000119
25664  -4.530  -56.798  16.548 0.3000000119
24669  -3.871  -57.443  14.330 0.5000000000
24656  -4.150  -57.464  16.995 0.3000000119
165957  -4.581  -57.157  17.292 0.3000000119
151865  -5.298  -56.846  17.405 0.2000000030
144912  -4.763  -57.519  17.896 0.3000000119
26615  -4.967  -56.017  14.159 0.6000000238
25685  -4.632  -56.573  13.574 0.6000000238
14332  -2.842  -69.177  25.425 0.2000000030
156076  -4.589  -56.229  14.935 0.5000000000
26599  -4.944  -55.816  15.595 0.4000000060
149473  -6.195  -56.589  17.500 0.2000000030
169138  -5.716  -57.290  17.983 0.2000000030
15095  -2.592  -68.274  25.424 0.3000000119
26580  -4.858  -56.103  16.299 0.3000000119
182485  -5.178  -55.982  16.587 0.3000000119
156196  -5.138  -55.724  14.908 0.5000000000
157359  -5.486  -55.546  16.189 0.5000000000
26616  -5.670  -55.411  14.540 0.6000000238
26570  -6.621  -55.777  17.120 0.2000000030
26629  -5.832  -55.692  13.857 0.6999999881
15849  -8.488  -67.827  30.159 0.6000000238
15906  -2.445  -67.298  25.376 0.3000000119
27530  -6.020  -54.715  15.805 0.5000000000
179976  -6.252  -55.192  16.499 0.2000000030
27531  -6.728  -54.316  16.029 0.2000000030
26600  -5.623  -55.194  15.311 0.5000000000
27543  -5.948  -54.304  15.186 0.6000000238
28473  -7.395  -53.858  15.861 0.5000000000
27553  -5.884  -54.711  14.770 0.6000000238
27532  -7.545  -54.461  16.349 0.3000000119
28481  -6.176  -53.755  15.003 0.6000000238
167314  -7.768  -53.413  15.577 0.4000000060
29430  -7.889  -52.773  15.039 0.3000000119
28483  -8.648  -53.423  15.458 0.3000000119
29431  -8.799  -52.691  14.981 0.3000000119
28493  -9.603  -53.149  14.893 0.3000000119
28495  -11.107  -53.846  14.132 0.3000000119
181313  -7.315  -52.779  14.707 0.4000000060
165362  -10.405  -53.288  14.413 0.3000000119
177172  -11.850  -53.995  13.663 0.3000000119
28502  -11.605  -53.278  13.507 0.3000000119
27567  -12.447  -54.483  13.597 0.2000000030
29442  -9.289  -52.262  14.535 0.3000000119
29444  -10.899  -52.880  13.973 0.3000000119
29456  -12.124  -52.742  13.015 0.3000000119
29441  -8.436  -52.153  14.527 0.4000000060
181925  -13.196  -53.606  12.835 0.3000000119
29443  -10.121  -52.524  14.326 0.3000000119
30410  -9.803  -51.665  14.098 0.5000000000
29455  -11.390  -52.393  13.425 0.5000000000
29463  -12.556  -52.212  12.425 0.3000000119
28511  -12.867  -52.987  12.635 0.4000000060
29465  -14.002  -52.799  11.594 0.3000000119
30409  -8.884  -51.554  14.095 0.5000000000
30421  -11.197  -51.485  13.359 0.5000000000
29464  -13.285  -52.474  12.011 0.3000000119
30430  -13.012  -51.571  11.796 0.3000000119
29472  -14.446  -52.264  10.948 0.3000000119
22712  -12.321  -59.592  25.465 0.6999999881
166282  -12.033  -58.521  25.427 0.6999999881
30429  -12.325  -51.484  12.399 0.4000000060
31392  -11.774  -51.000  12.856 0.3000000119
183625  -13.529  -51.401  11.242 0.4000000060
30439  -14.152  -51.294  10.781 0.3000000119
30440  -15.144  -51.642  10.523 0.3000000119
30441  -16.803  -51.233  10.600 0.3000000119
31403  -12.468  -50.644  12.091 0.5000000000
32435  -16.160  -49.636  11.208 0.5000000000
24615  -17.536  -57.676  21.964 0.6000000238
24628  -16.888  -58.028  19.747 0.6000000238
23697  -16.152  -57.791  17.971 0.6000000238
22786  -16.579  -58.440  18.372 0.6999999881
22787  -17.282  -58.814  18.400 0.6000000238
30448  -15.864  -51.010  10.348 0.4000000060
31408  -13.379  -50.690  11.266 0.5000000000
30447  -14.956  -50.701  10.361 0.4000000060
31410  -16.468  -50.420  10.748 0.3000000119
32432  -13.603  -49.711  11.079 0.5000000000
31413  -14.847  -49.940  10.523 0.5000000000
31414  -15.569  -50.176  10.601 0.4000000060
31405  -17.577  -50.183  11.730 0.3000000119
32433  -14.324  -49.419  10.794 0.5000000000
32434  -15.204  -49.282  11.066 0.5000000000
31394  -18.449  -49.822  12.967 0.3000000119
31395  -19.001  -49.969  13.467 0.2000000030
26548  -18.221  -55.305  20.072 0.3000000119
27500  -17.896  -54.511  19.566 0.3000000119
23692  -15.871  -57.334  18.188 0.6000000238
24660  -17.608  -57.295  17.501 0.6000000238
24645  -18.360  -57.282  17.794 0.6000000238
24646  -19.561  -57.250  17.979 0.6000000238
154543  -17.664  -56.175  16.987 0.6000000238
28486  -15.529  -53.376  16.059 0.3000000119
32413  -17.353  -49.535  12.142 0.3000000119
32427  -16.699  -49.307  11.831 0.5000000000
165157  -17.859  -49.285  12.688 0.3000000119
32414  -18.592  -49.410  13.039 0.3000000119
32404  -19.296  -49.430  13.373 0.3000000119
32406  -21.020  -49.751  13.825 0.2000000030
32407  -22.147  -49.961  13.599 0.3000000119
32426  -16.061  -48.873  11.862 0.5000000000
33373  -16.908  -48.845  12.381 0.4000000060
33375  -18.082  -48.490  12.643 0.4000000060
32403  -18.693  -48.926  12.924 0.3000000119
33376  -20.185  -48.686  12.770 0.2000000030
33370  -20.652  -49.179  13.217 0.2000000030
154181  -16.868  -48.339  12.368 0.5000000000
34329  -18.761  -48.397  12.581 0.3000000119
34336  -19.605  -48.167  12.343 0.3000000119
27508  -14.953  -54.378  18.719 0.3000000119
26583  -14.488  -54.373  17.200 0.4000000060
26576  -19.823  -55.481  17.966 0.6000000238
25654  -19.598  -56.406  17.869 0.6999999881
155437  -20.293  -53.928  17.900 0.6000000238
29434  -15.136  -52.613  16.212 0.3000000119
182945  -16.431  -52.716  16.203 0.3000000119
30403  -15.314  -52.029  16.268 0.3000000119
30404  -16.031  -52.150  16.318 0.4000000060
30395  -17.141  -51.918  17.101 0.4000000060
184316  -14.898  -51.547  16.437 0.3000000119
161745  -25.418  -52.942  12.933 0.2000000030
161021  -26.140  -50.916  16.060 0.4000000060
32401  -25.789  -49.821  15.639 0.5000000000
177542  -25.633  -49.031  13.848 0.4000000060
34337  -20.572  -48.114  12.417 0.2000000030
156058  -15.523  -47.639  11.960 0.5000000000
34333  -16.574  -47.863  12.295 0.5000000000
34335  -18.136  -47.980  12.339 0.5000000000
158440  -18.836  -47.967  12.159 0.4000000060
35267  -19.310  -47.570  11.792 0.4000000060
34343  -16.010  -47.322  12.131 0.5000000000
35265  -17.516  -47.435  12.053 0.5000000000
35266  -18.389  -47.571  11.869 0.5000000000
35277  -18.778  -47.087  11.200 0.4000000060
28455  -16.891  -53.169  18.809 0.2000000030
27507  -14.305  -53.783  18.753 0.3000000119
28485  -14.620  -53.294  16.646 0.2000000030
177216  -14.258  -52.109  16.596 0.3000000119
30396  -17.869  -52.150  17.545 0.5000000000
30394  -16.346  -51.719  16.797 0.4000000060
31369  -17.663  -51.294  17.640 0.5000000000
35275  -16.886  -46.653  11.872 0.5000000000
35276  -17.786  -47.029  11.607 0.5000000000
176399  -16.283  -46.761  12.004 0.5000000000
36202  -16.575  -45.921  11.663 0.5000000000
36214  -18.317  -46.473  10.521 0.5000000000
29408  -16.095  -52.907  18.742 0.2000000030
28453  -14.291  -53.526  18.916 0.3000000119
152934  -14.589  -52.906  19.097 0.2000000030
27506  -13.432  -53.278  18.709 0.2000000030
27522  -14.077  -53.891  17.437 0.3000000119
27505  -12.657  -53.044  18.854 0.2000000030
31355  -17.407  -50.468  17.829 0.5000000000
32384  -18.804  -49.957  18.723 0.5000000000
32382  -17.094  -49.617  18.154 0.5000000000
32383  -17.986  -49.814  18.347 0.5000000000
156866  -16.179  -46.054  11.898 0.5000000000
36203  -17.292  -46.406  11.184 0.6000000238
37122  -16.075  -45.216  11.736 0.6000000238
29392  -14.264  -52.362  19.350 0.2000000030
28440  -12.905  -52.643  19.412 0.2000000030
27514  -12.621  -52.791  18.239 0.2000000030
33335  -18.274  -48.306  18.959 0.6000000238
34288  -18.422  -47.183  19.075 0.6000000238
34289  -19.997  -47.430  19.167 0.6000000238
35221  -16.638  -46.529  19.329 0.6000000238
36168  -20.655  -45.225  17.867 0.6000000238
3449  -7.201  -86.938  23.935 0.6000000238
7626  -1.636  -79.312  22.435 0.4000000060
8812  -3.190  -77.658  23.171 0.3000000119
7623  -1.710  -79.507  23.287 0.4000000060
157855  -1.586  -79.757  21.876 0.3000000119
7631  -2.414  -78.736  21.256 0.2000000030
164410  -13.872  -99.295  1.864 0.3000000119
312  -13.677  -98.181  -1.222 0.3000000119
180705  -15.475  -97.843  -2.845 0.3000000119
4007  -7.585  -86.568  23.282 0.6000000238
20174  -4.614  -62.922  10.935 0.3000000119
159712  -20.580  -56.291  17.868 0.8000000119
31384  -22.537  -50.757  13.717 0.3000000119
32402  -25.678  -49.193  14.820 0.4000000060
32415  -21.743  -49.165  13.209 0.3000000119
35268  -20.225  -47.549  11.979 0.3000000119
27524  -20.513  -54.732  17.984 0.6999999881
33380  -24.807  -48.441  12.955 0.5000000000
33371  -25.331  -48.400  13.647 0.6000000238
455  -14.078  -97.252  -3.631 0.2000000030
182193  -12.058  -90.618  -6.666 0.3000000119
11461  -2.542  -73.748  -0.215 0.3000000119
8212  -2.307  -78.151  23.011 0.3000000119
24637  -17.205  -57.338  19.561 0.3000000119
182133  -16.395  -56.666  16.975 0.6000000238
24640  -15.639  -56.547  18.340 0.4000000060
25680  -17.091  -55.983  16.515 0.6999999881
26587  -18.214  -55.652  17.194 0.6000000238
26566  -17.344  -54.543  18.870 0.3000000119
28462  -16.098  -53.738  18.608 0.3000000119
26573  -14.462  -54.479  17.527 0.3000000119
26575  -18.936  -55.808  17.776 0.6000000238
26588  -18.827  -55.093  17.537 0.6000000238
29407  -15.364  -53.232  18.765 0.2000000030
28454  -15.240  -53.870  18.951 0.2000000030
27537  -14.690  -54.009  16.780 0.3000000119
30418  -8.396  -51.158  13.456 0.5000000000
31356  -18.207  -50.650  18.212 0.5000000000
33336  -19.192  -48.357  19.168 0.6000000238
30419  -9.329  -50.882  13.535 0.5000000000
156107  -19.034  -47.616  19.146 0.6000000238
35274  -15.700  -46.490  11.928 0.4000000060
24636  -15.944  -56.914  18.750 0.6000000238
23681  -16.281  -57.838  19.181 0.6000000238
24659  -16.937  -57.205  17.202 0.6000000238
33348  -17.852  -49.107  18.549 0.5000000000
337  -14.050  -96.616  19.842 0.6000000238
8217  -2.930  -77.965  21.523 0.2000000030
11446  -2.403  -72.892  2.057 0.3000000119
12937  -2.692  -71.350  3.649 0.2000000030
161318  -3.093  -70.799  5.020 0.1000000015
6376  -2.370  -81.756  35.398 0.3000000119
182232  -6.287  -54.045  15.427 0.5000000000
28474  -8.087  -53.958  15.993 0.3000000119
28482  -6.914  -53.393  15.199 0.5000000000
28484  -9.494  -54.094  15.324 0.3000000119
29454  -10.669  -51.978  13.888 0.6000000238
30422  -11.912  -51.877  12.952 0.4000000060
23683  -16.978  -58.619  20.686 0.6000000238
23698  -16.743  -57.942  17.822 0.6000000238
24658  -16.299  -57.257  17.442 0.6000000238
23693  -16.213  -58.065  18.524 0.6000000238
23707  -17.441  -57.994  17.776 0.6999999881
23708  -18.177  -57.943  17.923 0.6000000238
22788  -18.060  -58.649  18.289 0.6000000238
31409  -14.195  -50.282  10.683 0.5000000000
31393  -18.025  -50.022  12.429 0.3000000119
32405  -20.102  -49.631  13.706 0.2000000030
25670  -17.785  -56.769  17.384 0.6000000238
23709  -19.067  -57.896  18.147 0.6000000238
25653  -18.505  -56.471  17.664 0.6000000238
33368  -19.372  -48.809  12.875 0.3000000119
34334  -17.328  -48.036  12.340 0.5000000000
182910  -13.645  -53.588  18.338 0.3000000119
31368  -16.844  -51.148  17.328 0.5000000000
35264  -16.728  -47.345  12.146 0.5000000000
29402  -16.614  -52.223  19.152 0.2000000030
28452  -13.537  -53.117  19.089 0.2000000030
27535  -13.723  -53.333  17.451 0.2000000030
29401  -15.375  -52.389  19.000 0.2000000030
28441  -13.709  -52.889  19.245 0.2000000030
33334  -17.654  -47.931  18.991 0.5000000000
34287  -17.380  -47.129  19.151 0.6000000238
133  -11.515  -99.612  4.361 0.5000000000
134  -12.327  -100.064  4.522 0.5000000000
178124  -11.610  -90.776  -5.938 0.1000000015
151024  -12.414  -90.416  -5.246 0.2000000030
159927  -22.207  -96.408  12.911 0.5000000000
524  -22.387  -94.226  12.673 0.4000000060
529  -22.399  -94.216  11.647 0.4000000060
166054  -22.041  -92.116  11.662 0.4000000060
1023  -24.030  -92.140  11.806 0.4000000060
1024  -25.179  -91.798  11.701 0.4000000060
1028  -24.547  -92.386  11.551 0.4000000060
154431  -24.296  -94.054  -4.984 0.5000000000
369  -20.159  -96.546  16.047 0.5000000000
377  -21.226  -96.611  14.249 0.5000000000
378  -22.052  -95.893  14.277 0.5000000000
520  -22.437  -94.803  13.880 0.4000000060
752  -22.443  -93.440  13.023 0.4000000060
180938  -22.072  -92.190  12.284 0.4000000060
749  -23.141  -94.093  13.887 0.3000000119
1022  -22.719  -91.852  12.048 0.4000000060
1281  -25.758  -91.743  12.315 0.4000000060
1282  -26.429  -90.974  11.843 0.4000000060
1025  -26.033  -91.759  11.482 0.4000000060
1288  -27.030  -92.006  11.498 0.4000000060
1644  -28.093  -90.910  12.281 0.3000000119
1030  -27.790  -93.404  11.070 0.5000000000
1968  -29.725  -90.582  13.274 0.3000000119
1645  -29.004  -91.024  12.067 0.3000000119
1289  -28.102  -92.426  11.357 0.4000000060
1097  -26.193  -93.412  -2.259 0.5000000000
1096  -25.401  -93.973  -2.422 0.5000000000
830  -24.216  -94.540  -4.178 0.5000000000
1104  -24.789  -93.837  -4.146 0.5000000000
179089  -26.017  -92.849  -3.290 0.5000000000
847  -22.689  -94.236  -5.745 0.3000000119
1109  -24.996  -93.475  -4.937 0.5000000000
1115  -23.811  -93.295  -6.083 0.5000000000
1127  -23.040  -93.077  -6.328 0.5000000000
159158  -19.879  -95.222  17.147 0.5000000000
370  -20.867  -96.089  15.722 0.4000000060
516  -21.499  -95.862  15.101 0.5000000000
153208  -21.425  -95.350  15.806 0.4000000060
518  -22.075  -95.189  14.869 0.5000000000
748  -22.639  -94.647  14.384 0.3000000119
157717  -23.305  -94.711  15.995 0.2000000030
746  -23.265  -94.584  15.125 0.3000000119
1015  -23.922  -93.774  13.560 0.3000000119
1020  -25.368  -93.022  13.106 0.4000000060
1268  -26.503  -93.354  14.885 0.2000000030
1273  -27.143  -92.835  14.214 0.3000000119
1276  -26.748  -91.818  12.887 0.3000000119
1625  -28.372  -91.936  14.302 0.3000000119
1633  -27.339  -91.221  12.505 0.4000000060
1967  -29.265  -90.953  13.796 0.3000000119
1962  -29.595  -90.551  14.042 0.3000000119
2638  -30.170  -89.802  13.694 0.4000000060
1646  -29.960  -91.583  11.997 0.4000000060
1290  -28.910  -92.604  11.301 0.4000000060
2641  -30.627  -89.715  13.244 0.4000000060
1969  -30.492  -90.628  12.587 0.3000000119
1976  -30.619  -91.227  12.027 0.4000000060
1399  -26.071  -93.039  -4.154 0.5000000000
1110  -25.666  -93.255  -4.870 0.5000000000
1116  -24.585  -93.377  -5.683 0.5000000000
155261  -23.384  -93.395  -8.156 0.5000000000
1412  -24.471  -93.265  -6.421 0.6000000238
960  -13.083  -94.321  23.612 0.4000000060
1570  -12.966  -92.179  23.437 0.4000000060
685  -13.539  -95.332  22.593 0.4000000060
942  -13.844  -93.852  24.070 0.4000000060
1898  -13.609  -91.133  23.524 0.4000000060
477  -14.315  -95.672  21.972 0.4000000060
961  -14.283  -94.488  23.813 0.4000000060
943  -14.828  -93.995  24.268 0.4000000060
1554  -14.756  -92.463  24.315 0.4000000060
2209  -14.466  -90.663  24.075 0.4000000060
1216  -15.384  -93.147  24.476 0.4000000060
177325  -15.357  -92.107  24.388 0.4000000060
2210  -15.474  -90.630  24.255 0.4000000060
2211  -16.410  -90.823  24.258 0.4000000060
182326  -16.484  -94.879  23.645 0.3000000119
1217  -16.391  -93.449  24.704 0.3000000119
1885  -16.763  -91.734  24.429 0.3000000119
183713  -16.895  -90.265  24.127 0.3000000119
667  -16.938  -94.644  24.094 0.3000000119
1556  -17.162  -92.748  24.775 0.3000000119
1557  -18.114  -92.636  24.705 0.3000000119
1886  -18.544  -91.857  24.335 0.3000000119
2226  -17.641  -90.303  23.837 0.3000000119
185203  -18.827  -89.595  22.568 0.3000000119
700  -16.792  -94.566  20.834 0.3000000119
1558  -18.967  -92.662  24.575 0.3000000119
1899  -18.978  -91.126  23.832 0.3000000119
2228  -19.350  -90.512  23.136 0.3000000119
2239  -19.736  -89.974  22.518 0.2000000030
2240  -20.544  -90.035  22.632 0.1000000015
1220  -19.371  -93.383  24.592 0.3000000119
1900  -19.791  -91.234  23.640 0.3000000119
2229  -20.158  -90.653  23.061 0.2000000030
2230  -21.309  -90.002  22.907 0.1000000015
1888  -20.235  -91.948  24.149 0.3000000119
165889  -20.924  -90.606  23.214 0.2000000030
507  -19.489  -94.760  17.425 0.3000000119
508  -20.479  -95.100  16.919 0.4000000060
509  -21.296  -94.971  17.040 0.3000000119
156693  -22.248  -95.067  16.998 0.2000000030
741  -22.077  -95.087  16.126 0.2000000030
158989  -24.068  -94.398  15.885 0.2000000030
1011  -25.130  -94.133  15.877 0.2000000030
1269  -27.155  -93.001  15.612 0.2000000030
1270  -27.862  -92.557  14.937 0.2000000030
1961  -29.389  -90.998  14.573 0.4000000060
2636  -29.642  -89.531  14.643 0.4000000060
3059  -30.064  -88.921  14.151 0.3000000119
3065  -30.227  -88.314  13.427 0.4000000060
182723  -31.142  -89.529  12.705 0.3000000119
1077  -29.189  -93.948  0.365 0.6000000238
1086  -29.052  -93.553  -0.395 0.6000000238
3578  -30.106  -87.589  12.699 0.3000000119
2300  -31.103  -90.117  12.550 0.3000000119
1093  -28.384  -93.668  -0.945 0.5000000000
1380  -28.885  -92.974  -1.258 0.5000000000
1098  -26.994  -92.313  -1.906 0.5000000000
1392  -26.770  -91.553  -2.300 0.5000000000
1400  -27.126  -92.759  -4.288 0.5000000000
1391  -26.529  -92.362  -3.195 0.5000000000
1413  -25.179  -93.123  -6.393 0.5000000000
1406  -26.386  -93.011  -5.223 0.5000000000
1425  -25.028  -92.684  -7.959 0.6000000238
1419  -25.631  -92.626  -7.189 0.6000000238
160479  -24.190  -93.137  -7.860 0.5000000000
959  -11.886  -94.164  23.215 0.5000000000
155725  -12.254  -93.085  23.400 0.4000000060
1897  -12.675  -91.460  22.349 0.5000000000
1909  -12.637  -91.052  21.039 0.5000000000
2222  -13.187  -90.270  21.907 0.4000000060
1883  -14.558  -91.658  24.242 0.4000000060
2223  -13.801  -89.778  23.126 0.4000000060
2224  -14.721  -89.587  23.835 0.4000000060
2558  -15.982  -89.693  24.108 0.4000000060
2225  -16.995  -89.542  23.737 0.4000000060
179496  -16.527  -95.059  22.918 0.3000000119
2573  -17.875  -89.586  23.121 0.3000000119
688  -17.272  -94.901  22.544 0.3000000119
946  -17.481  -94.242  24.458 0.3000000119
947  -18.283  -94.281  24.300 0.3000000119
2995  -19.566  -88.590  21.382 0.2000000030
713  -17.899  -93.129  19.554 0.4000000060
701  -17.333  -94.469  21.486 0.3000000119
2996  -20.463  -88.509  21.481 0.1000000015
161235  -18.044  -93.508  20.357 0.4000000060
1221  -20.317  -93.416  24.406 0.3000000119
722  -19.446  -93.311  18.696 0.3000000119
714  -18.695  -93.435  19.706 0.4000000060
949  -20.519  -93.963  24.157 0.3000000119
165597  -21.085  -93.206  24.370 0.3000000119
1889  -21.098  -91.878  24.213 0.2000000030
1902  -21.417  -91.097  23.781 0.2000000030
503  -19.782  -94.245  17.424 0.4000000060
157233  -21.288  -93.888  24.060 0.3000000119
1222  -21.756  -93.431  24.281 0.3000000119
1890  -21.952  -91.678  24.296 0.2000000030
159384  -22.663  -91.502  24.496 0.2000000030
736  -20.496  -94.752  17.441 0.4000000060
1223  -22.695  -93.399  24.283 0.2000000030
1542  -23.072  -92.671  24.843 0.2000000030
742  -22.878  -94.931  16.496 0.2000000030
743  -23.834  -94.584  16.814 0.2000000030
1012  -25.921  -93.769  15.454 0.2000000030
1265  -26.450  -93.277  16.057 0.2000000030
1626  -28.879  -91.511  14.745 0.3000000119
1955  -28.667  -91.105  15.530 0.2000000030
2291  -29.238  -90.013  15.011 0.2000000030
3052  -29.261  -88.771  14.908 0.3000000119
3058  -29.590  -88.085  14.134 0.3000000119
1347  -30.515  -93.699  2.988 0.6000000238
1355  -30.788  -93.343  2.067 0.5000000000
1364  -29.713  -93.309  0.169 0.6000000238
3567  -28.850  -86.957  13.274 0.2000000030
160921  -29.527  -87.548  13.331 0.2000000030
159146  -30.552  -87.648  12.040 0.3000000119
1341  -30.931  -93.491  3.749 0.5000000000
178099  -29.541  -93.107  -0.661 0.6000000238
1382  -30.630  -92.262  -1.445 0.4000000060
1335  -32.087  -93.055  4.651 0.5000000000
1385  -27.542  -91.478  -1.692 0.5000000000
166601  -29.415  -92.525  -2.463 0.5000000000
1387  -29.995  -92.556  -2.109 0.3000000119
1401  -28.076  -92.522  -3.790 0.5000000000
1402  -28.943  -92.307  -3.838 0.5000000000
1750  -26.437  -92.261  -6.838 0.6000000238
178840  -27.375  -92.112  -6.011 0.4000000060
1407  -27.243  -92.424  -5.350 0.4000000060
1758  -24.597  -92.515  -9.408 0.6000000238
2596  -11.758  -90.310  20.787 0.5000000000
1569  -11.840  -92.357  22.259 0.5000000000
1585  -10.984  -92.401  19.951 0.5000000000
171399  -11.777  -91.304  20.692 0.5000000000
984  -10.318  -93.152  21.501 0.5000000000
976  -10.765  -94.006  22.282 0.5000000000
1238  -11.173  -92.954  22.349 0.5000000000
152771  -11.010  -93.586  22.640 0.5000000000
983  -9.881  -92.998  21.090 0.5000000000
165231  -10.664  -93.219  22.129 0.5000000000
162557  -14.999  -88.427  23.532 0.4000000060
2572  -17.175  -88.650  23.056 0.3000000119
2585  -18.018  -88.629  22.303 0.3000000119
3003  -18.108  -87.364  21.395 0.3000000119
676  -17.921  -94.930  23.212 0.3000000119
677  -18.696  -94.946  23.021 0.4000000060
2994  -18.783  -88.571  21.638 0.3000000119
702  -17.983  -94.245  21.255 0.4000000060
678  -19.560  -94.917  23.005 0.4000000060
948  -19.088  -94.317  24.119 0.4000000060
691  -19.974  -95.075  22.070 0.3000000119
679  -20.476  -94.641  23.047 0.4000000060
938  -19.690  -93.946  24.349 0.4000000060
162227  -20.491  -94.760  19.351 0.4000000060
715  -19.849  -94.585  19.840 0.3000000119
704  -20.777  -95.017  21.522 0.4000000060
723  -21.252  -95.088  18.963 0.3000000119
693  -21.817  -94.139  22.436 0.3000000119
160680  -22.720  -93.871  22.546 0.2000000030
951  -22.950  -93.737  23.948 0.2000000030
731  -21.218  -95.035  17.978 0.3000000119
178950  -22.554  -95.016  17.633 0.2000000030
977  -23.631  -94.007  22.547 0.2000000030
1224  -23.544  -93.463  24.425 0.2000000030
1543  -23.663  -92.673  25.095 0.2000000030
695  -23.969  -94.156  21.783 0.2000000030
967  -24.164  -94.047  23.316 0.2000000030
1225  -24.356  -93.573  24.582 0.2000000030
1211  -24.839  -93.122  25.092 0.2000000030
738  -23.128  -94.810  17.501 0.2000000030
154334  -24.913  -94.197  21.718 0.2000000030
161154  -25.344  -94.095  22.522 0.2000000030
185542  -24.621  -94.229  16.581 0.2000000030
1007  -25.385  -94.010  16.912 0.2000000030
1008  -25.913  -93.679  16.447 0.2000000030
1618  -27.365  -92.101  16.395 0.2000000030
2285  -28.443  -90.551  15.793 0.2000000030
2634  -28.470  -89.182  15.708 0.2000000030
161717  -28.589  -88.431  15.377 0.3000000119
160102  -31.236  -92.510  8.870 0.3000000119
1321  -30.574  -93.405  6.967 0.3000000119
3552  -28.816  -87.761  14.731 0.2000000030
3074  -31.129  -88.185  11.617 0.3000000119
166484  -31.708  -91.439  8.938 0.3000000119
1315  -31.480  -92.500  7.204 0.4000000060
159659  -31.394  -93.098  5.895 0.5000000000
1078  -30.078  -93.387  0.843 0.6000000238
4111  -28.649  -86.331  12.547 0.2000000030
3577  -29.417  -86.981  12.628 0.3000000119
3586  -30.090  -87.062  11.997 0.2000000030
3587  -30.718  -87.426  11.140 0.3000000119
163951  -31.698  -89.079  11.063 0.3000000119
1986  -31.999  -91.365  8.342 0.3000000119
1667  -32.258  -91.637  7.783 0.3000000119
1348  -31.376  -93.189  2.930 0.5000000000
167053  -31.525  -93.024  2.128 0.5000000000
161368  -30.864  -92.564  -0.000 0.6000000238
161360  -31.221  -92.001  -1.951 0.2000000030
1724  -31.355  -91.852  -2.596 0.2000000030
4120  -28.971  -85.790  11.771 0.2000000030
1670  -32.443  -92.308  6.159 0.4000000060
185367  -31.717  -93.138  3.835 0.5000000000
1395  -30.060  -92.149  -2.900 0.4000000060
166600  -31.948  -90.793  8.612 0.1000000015
1988  -32.768  -91.112  8.014 0.1000000015
1990  -33.131  -91.491  7.262 0.1000000015
1409  -28.612  -92.203  -4.505 0.4000000060
1403  -29.755  -92.020  -3.757 0.2000000030
1741  -28.601  -91.863  -5.221 0.4000000060
154225  -26.267  -92.131  -7.581 0.6000000238
1751  -26.924  -91.826  -7.402 0.4000000060
1746  -28.142  -91.218  -6.607 0.3000000119
1759  -25.953  -92.062  -8.972 0.5000000000
1755  -26.552  -91.700  -8.306 0.5000000000
1767  -25.905  -91.792  -9.621 0.5000000000
2406  -24.906  -90.218  -13.074 0.4000000060
2238  -11.304  -90.131  21.249 0.5000000000
2237  -10.801  -91.361  20.299 0.5000000000
1907  -10.394  -92.078  21.018 0.5000000000
973  -9.042  -93.590  21.966 0.5000000000
941  -10.554  -93.343  23.402 0.5000000000
1568  -10.691  -92.542  23.145 0.5000000000
1896  -10.513  -91.815  22.416 0.5000000000
957  -8.456  -94.169  23.152 0.5000000000
165205  -8.071  -94.205  24.075 0.5000000000
1242  -6.357  -93.542  21.674 0.5000000000
956  -7.360  -94.205  23.613 0.5000000000
716  -20.902  -95.055  20.549 0.3000000119
705  -21.608  -94.584  21.506 0.3000000119
1227  -26.114  -93.415  24.511 0.1000000015
160666  -21.413  -95.065  19.890 0.3000000119
718  -22.790  -94.469  20.432 0.2000000030
706  -22.492  -94.255  21.179 0.2000000030
955  -26.367  -93.611  23.734 0.2000000030
725  -22.929  -94.828  19.066 0.2000000030
177910  -23.087  -94.632  19.792 0.2000000030
707  -23.373  -94.189  21.078 0.2000000030
726  -23.819  -94.571  19.450 0.2000000030
719  -23.629  -94.400  20.332 0.2000000030
708  -24.240  -94.266  21.011 0.2000000030
979  -26.432  -93.579  22.189 0.2000000030
954  -25.561  -93.907  23.903 0.2000000030
739  -24.079  -94.561  17.848 0.2000000030
734  -24.347  -94.459  18.729 0.2000000030
995  -24.751  -94.344  19.473 0.2000000030
167007  -25.032  -94.261  20.883 0.2000000030
164404  -25.752  -94.050  21.966 0.2000000030
1002  -24.895  -94.272  18.199 0.2000000030
1003  -25.536  -94.018  17.781 0.2000000030
1000  -25.957  -93.553  18.245 0.2000000030
996  -25.523  -94.120  19.378 0.2000000030
997  -26.105  -93.577  19.213 0.2000000030
1249  -26.682  -93.364  20.018 0.2000000030
155837  -26.061  -92.797  17.872 0.2000000030
1259  -26.231  -92.837  18.631 0.2000000030
154179  -26.757  -92.959  19.350 0.2000000030
1262  -26.224  -93.004  17.052 0.2000000030
1612  -25.956  -91.626  17.617 0.2000000030
1263  -26.066  -92.090  17.690 0.2000000030
1600  -25.932  -91.473  18.207 0.2000000030
1613  -26.055  -91.201  16.934 0.2000000030
2631  -27.889  -90.067  16.244 0.2000000030
154980  -28.120  -87.898  15.472 0.2000000030
3560  -28.068  -87.151  14.880 0.2000000030
1718  -32.502  -91.934  -1.319 0.2000000030
4095  -27.712  -86.519  14.203 0.1000000015
4102  -28.127  -86.423  13.357 0.1000000015
4132  -30.463  -86.879  10.391 0.3000000119
3590  -30.915  -87.926  9.884 0.2000000030
2307  -31.962  -90.590  9.659 0.3000000119
1376  -31.476  -92.240  0.115 0.3000000119
1705  -31.941  -92.096  -0.566 0.4000000060
1729  -30.581  -91.798  -3.592 0.2000000030
4581  -28.204  -85.559  12.253 0.1000000015
4131  -29.813  -86.042  10.894 0.1000000015
182816  -30.177  -86.473  9.789 0.2000000030
1677  -32.629  -92.381  4.784 0.3000000119
1349  -32.012  -92.686  2.503 0.3000000119
1357  -31.906  -92.477  1.725 0.3000000119
1736  -30.290  -91.607  -4.341 0.2000000030
3081  -31.580  -89.844  8.463 0.1000000015
1671  -33.116  -92.044  6.418 0.1000000015
1996  -33.527  -91.640  5.720 0.2000000030
1735  -29.373  -91.814  -4.642 0.2000000030
3086  -31.538  -89.410  8.233 0.1000000015
2652  -33.164  -89.446  8.295 0.1000000015
1994  -34.040  -91.172  7.041 0.1000000015
1747  -29.287  -91.311  -5.629 0.2000000030
2047  -30.640  -90.881  -5.369 0.2000000030
3593  -32.230  -89.073  8.235 0.1000000015
2059  -27.362  -91.169  -7.894 0.3000000119
2063  -28.292  -90.727  -7.412 0.2000000030
2372  -30.149  -90.099  -6.936 0.2000000030
2066  -26.410  -91.416  -9.272 0.5000000000
2383  -27.541  -90.333  -9.344 0.2000000030
2379  -28.585  -90.022  -8.286 0.2000000030
2071  -26.138  -91.259  -10.181 0.4000000060
2387  -27.335  -90.204  -10.229 0.2000000030
2397  -26.157  -90.209  -12.109 0.4000000060
2398  -26.941  -89.954  -11.877 0.3000000119
2768  -23.888  -89.491  -14.275 0.4000000060
2758  -25.378  -89.548  -13.535 0.4000000060
2759  -26.206  -89.321  -13.310 0.3000000119
2775  -23.839  -89.063  -14.996 0.4000000060
2769  -25.076  -89.183  -14.276 0.4000000060
3201  -24.173  -88.242  -15.443 0.4000000060
3202  -25.139  -88.038  -15.508 0.4000000060
7243  -21.321  -80.477  -11.889 0.4000000060
7254  -20.265  -79.959  -12.821 0.4000000060
7838  -21.053  -79.165  -13.845 0.4000000060
7255  -22.126  -80.012  -12.306 0.4000000060
7828  -21.122  -79.616  -12.957 0.4000000060
174776  -23.381  -79.242  -12.755 0.4000000060
1165  -9.431  -93.011  33.537 0.3000000119
1166  -10.220  -93.471  33.528 0.3000000119
926  -12.711  -94.151  26.531 0.4000000060
1206  -12.132  -93.289  25.512 0.4000000060
1164  -8.913  -92.691  32.974 0.3000000119
153415  -10.574  -91.386  21.438 0.5000000000
1157  -8.956  -92.432  33.929 0.3000000119
933  -10.692  -94.214  25.684 0.5000000000
934  -10.844  -93.821  24.754 0.5000000000
1205  -11.100  -93.348  24.678 0.5000000000
161308  -9.280  -94.245  24.479 0.5000000000
160343  -10.423  -94.042  24.621 0.5000000000
1553  -10.783  -92.907  23.695 0.5000000000
161559  -8.392  -94.202  24.754 0.5000000000
1230  -5.716  -93.083  23.100 0.5000000000
1234  -27.070  -93.428  23.516 0.1000000015
1244  -27.767  -93.104  21.563 0.2000000030
1250  -27.193  -93.199  20.775 0.2000000030
1601  -26.524  -91.215  18.675 0.2000000030
177080  -27.335  -92.606  19.509 0.2000000030
1607  -26.213  -90.986  18.019 0.2000000030
1942  -27.082  -91.047  17.773 0.2000000030
2630  -27.579  -89.794  16.396 0.2000000030
2284  -27.004  -90.881  17.023 0.2000000030
3043  -27.983  -88.729  16.026 0.2000000030
3550  -26.740  -87.448  15.770 0.1000000015
4088  -27.293  -86.777  15.070 0.1000000015
163876  -33.060  -91.893  -0.050 0.1000000015
4101  -27.299  -85.772  13.497 0.1000000015
4134  -29.806  -87.092  8.881 0.1000000015
1690  -32.438  -92.057  1.239 0.2000000030
1731  -32.040  -91.461  -2.875 0.2000000030
1738  -31.782  -91.246  -3.618 0.2000000030
4110  -27.917  -85.859  12.828 0.1000000015
4590  -28.526  -85.255  11.679 0.1000000015
4603  -29.643  -85.673  9.783 0.1000000015
155469  -28.872  -87.293  8.208 0.1000000015
179180  -29.250  -88.629  8.126 0.1000000015
152761  -28.345  -88.998  7.414 0.1000000015
1686  -33.090  -92.009  2.842 0.2000000030
1685  -32.576  -92.104  2.133 0.2000000030
2048  -31.427  -90.879  -4.976 0.2000000030
1678  -32.961  -92.203  4.135 0.2000000030
2000  -34.095  -91.273  4.209 0.2000000030
2007  -33.585  -91.472  2.855 0.1000000015
150976  -29.995  -89.562  7.580 0.1000000015
1997  -34.148  -91.169  6.092 0.2000000030
163079  -34.119  -91.244  5.152 0.2000000030
2054  -29.676  -90.747  -6.311 0.2000000030
2056  -31.187  -90.438  -5.693 0.2000000030
144963  -29.226  -89.663  6.900 0.1000000015
144962  -30.002  -88.986  7.065 0.1000000015
2654  -33.970  -89.689  8.223 0.1000000015
2371  -29.524  -89.884  -7.519 0.2000000030
2384  -28.266  -89.841  -9.013 0.2000000030
2385  -28.755  -88.942  -8.725 0.2000000030
2393  -27.839  -89.703  -10.738 0.3000000119
2745  -28.947  -88.284  -9.773 0.2000000030
2392  -27.179  -90.111  -11.111 0.3000000119
2748  -28.292  -89.173  -11.198 0.3000000119
2771  -26.742  -88.772  -13.791 0.3000000119
3194  -26.367  -88.357  -14.460 0.4000000060
7242  -20.117  -80.669  -11.837 0.4000000060
7253  -19.341  -80.217  -12.840 0.4000000060
6181  -19.330  -81.647  -15.123 0.4000000060
6711  -19.731  -80.669  -15.180 0.4000000060
5720  -21.131  -82.993  -14.800 0.4000000060
7194  -3.326  -80.674  -6.143 0.2000000030
7846  -20.274  -79.429  -14.370 0.4000000060
163118  -20.143  -81.538  -15.162 0.4000000060
7269  -21.234  -80.288  -15.217 0.4000000060
1158  -9.725  -92.992  34.419 0.3000000119
1473  -9.727  -92.515  35.307 0.3000000119
1207  -13.081  -93.077  26.077 0.4000000060
2208  -11.350  -90.171  23.886 0.5000000000
2556  -11.582  -89.086  23.364 0.4000000060
2567  -11.617  -88.892  21.959 0.5000000000
925  -11.334  -94.262  26.518 0.5000000000
1541  -12.387  -92.412  25.673 0.4000000060
1871  -11.797  -91.525  25.081 0.4000000060
176459  -11.313  -91.065  24.210 0.5000000000
1472  -9.038  -91.841  35.346 0.4000000060
923  -9.241  -94.161  26.638 0.5000000000
924  -9.901  -94.227  26.256 0.5000000000
1540  -11.406  -92.650  24.727 0.4000000060
1870  -10.835  -92.108  23.653 0.5000000000
1467  -8.963  -91.140  35.922 0.4000000060
1479  -8.795  -91.706  34.523 0.4000000060
1489  -8.640  -91.961  33.095 0.4000000060
177509  -7.901  -92.343  31.218 0.4000000060
931  -7.966  -94.091  25.632 0.5000000000
932  -8.876  -94.195  25.452 0.5000000000
156001  -7.389  -94.135  24.797 0.5000000000
1240  -28.311  -93.015  22.256 0.1000000015
1257  -28.081  -92.692  19.927 0.2000000030
1932  -27.038  -91.003  18.333 0.2000000030
1595  -27.850  -92.121  19.253 0.2000000030
179127  -26.733  -91.020  17.524 0.2000000030
4094  -26.961  -86.048  14.520 0.1000000015
4570  -26.438  -85.379  14.084 0.1000000015
1725  -31.927  -91.873  -2.057 0.2000000030
2041  -33.236  -90.717  -3.183 0.2000000030
4580  -27.353  -85.218  12.553 0.1000000015
4589  -27.896  -84.950  11.908 0.1000000015
5057  -28.468  -84.765  11.188 0.1000000015
4602  -29.078  -84.772  10.218 0.1000000015
4606  -29.229  -85.036  9.114 0.1000000015
1697  -33.913  -91.423  0.795 0.1000000015
4617  -28.471  -85.827  8.195 0.1000000015
4150  -27.625  -87.566  7.429 0.1000000015
3606  -27.230  -88.961  6.458 0.1000000015
4149  -26.601  -87.401  6.619 0.1000000015
2320  -34.652  -90.662  5.587 0.2000000030
2363  -31.032  -90.005  -6.410 0.2000000030
4151  -30.677  -87.654  7.296 0.1000000015
2381  -29.942  -89.037  -7.731 0.2000000030
2373  -30.921  -89.432  -7.185 0.2000000030
3178  -28.458  -88.466  -12.343 0.2000000030
2749  -29.038  -88.698  -10.852 0.2000000030
2736  -28.585  -89.032  -9.394 0.2000000030
7260  -16.180  -80.681  -12.873 0.5000000000
3722  -27.656  -87.588  -14.549 0.3000000119
3195  -27.204  -88.204  -14.194 0.3000000119
3188  -27.530  -88.481  -13.447 0.2000000030
2754  -28.042  -89.098  -12.009 0.2000000030
3739  -26.183  -86.260  -16.395 0.4000000060
3736  -26.329  -86.779  -16.069 0.4000000060
7251  -17.545  -80.605  -12.490 0.5000000000
7262  -17.869  -80.531  -13.583 0.5000000000
5227  -24.621  -84.657  -16.157 0.4000000060
3203  -26.113  -88.021  -15.255 0.4000000060
7252  -18.427  -80.489  -12.745 0.4000000060
7263  -18.741  -80.098  -14.022 0.4000000060
5721  -22.830  -83.809  -15.258 0.4000000060
5726  -24.021  -84.004  -15.669 0.4000000060
178130  -24.940  -86.236  -16.636 0.4000000060
3734  -24.639  -86.983  -16.463 0.4000000060
3207  -24.439  -87.646  -16.018 0.4000000060
6187  -22.659  -83.017  -15.166 0.4000000060
5224  -23.622  -84.921  -15.849 0.4000000060
6186  -21.779  -82.522  -15.052 0.4000000060
6713  -21.527  -81.411  -15.173 0.4000000060
145080  -22.777  -78.868  -13.751 0.4000000060
145082  -23.804  -78.709  -13.921 0.4000000060
1159  -10.560  -93.332  34.338 0.3000000119
862  -11.058  -93.838  33.926 0.3000000119
1474  -10.236  -92.658  35.885 0.3000000119
1149  -10.961  -93.017  36.113 0.3000000119
157537  -11.349  -93.212  35.392 0.3000000119
2978  -12.820  -87.382  22.309 0.4000000060
2110  -9.169  -89.476  36.343 0.3000000119
2115  -8.954  -89.885  35.443 0.4000000060
1805  -8.747  -90.733  33.949 0.4000000060
1815  -8.623  -90.969  32.885 0.4000000060
1493  -8.132  -91.803  31.570 0.4000000060
2118  -8.950  -89.869  34.381 0.4000000060
2130  -8.844  -89.768  33.059 0.4000000060
1498  -6.040  -92.138  30.841 0.4000000060
930  -7.078  -94.094  25.778 0.5000000000
1245  -28.613  -92.582  21.531 0.1000000015
1252  -28.701  -92.422  20.619 0.2000000030
158714  -30.018  -92.020  21.035 0.1000000015
1596  -29.046  -92.031  19.391 0.2000000030
1943  -27.391  -90.760  18.612 0.2000000030
1933  -28.616  -91.235  18.698 0.2000000030
2628  -25.949  -90.581  17.259 0.2000000030
2621  -26.368  -90.822  18.858 0.2000000030
158820  -26.329  -89.429  16.704 0.2000000030
3051  -27.237  -88.325  16.117 0.2000000030
4078  -25.523  -87.535  16.062 0.1000000015
4087  -26.267  -86.568  15.265 0.1000000015
4562  -26.271  -85.784  14.797 0.1000000015
1707  -33.304  -91.578  -0.798 0.2000000030
1719  -33.138  -91.431  -1.639 0.2000000030
4579  -26.551  -84.964  13.145 0.1000000015
5048  -26.651  -84.521  12.407 0.1000000015
1692  -33.665  -91.462  1.488 0.2000000030
177063  -27.252  -84.634  12.058 0.1000000015
5073  -28.372  -84.196  10.595 0.1000000015
5079  -28.788  -84.254  9.623 0.1000000015
5091  -28.573  -84.558  8.666 0.1000000015
157008  -33.037  -90.445  -3.754 0.2000000030
5571  -28.352  -83.679  9.122 0.1000000015
4628  -26.982  -86.199  7.295 0.1000000015
2323  -34.697  -90.753  4.659 0.2000000030
2359  -32.415  -89.998  -5.536 0.2000000030
2049  -32.228  -90.491  -4.926 0.2000000030
182924  -28.178  -84.038  8.226 0.1000000015
3083  -33.668  -88.333  8.358 0.1000000015
2374  -31.712  -89.505  -6.684 0.2000000030
4627  -25.972  -86.270  6.450 0.1000000015
3154  -30.014  -86.550  -8.394 0.2000000030
3143  -31.026  -87.504  -7.997 0.2000000030
3713  -29.754  -87.224  -12.187 0.2000000030
3168  -29.550  -86.551  -9.853 0.2000000030
2738  -28.900  -86.500  -8.088 0.2000000030
156342  -29.595  -87.519  -7.878 0.2000000030
3731  -28.125  -87.064  -15.000 0.3000000119
3718  -29.412  -87.208  -13.158 0.2000000030
3180  -29.841  -87.105  -11.013 0.2000000030
2746  -28.773  -86.656  -9.076 0.2000000030
3737  -27.042  -86.658  -15.702 0.3000000119
3190  -29.104  -87.959  -12.765 0.2000000030
178877  -26.247  -85.362  -16.701 0.4000000060
4265  -26.815  -86.145  -16.205 0.3000000119
6717  -22.567  -81.878  -15.215 0.4000000060
7270  -21.849  -79.781  -15.147 0.4000000060
163577  -21.729  -78.891  -14.001 0.4000000060
149533  -24.640  -78.463  -13.076 0.3000000119
863  -11.888  -93.920  34.317 0.3000000119
1150  -11.606  -92.840  36.591 0.3000000119
157492  -12.024  -93.151  35.953 0.3000000119
1463  -12.656  -92.429  37.499 0.3000000119
1824  -7.792  -91.147  31.623 0.4000000060
2455  -9.386  -88.600  34.286 0.4000000060
2461  -9.233  -89.015  33.551 0.4000000060
2139  -8.154  -90.317  32.091 0.4000000060
1830  -6.638  -91.552  31.415 0.4000000060
1597  -29.950  -91.701  19.726 0.2000000030
1603  -29.460  -91.542  19.043 0.2000000030
1926  -30.470  -91.320  19.301 0.1000000015
2278  -27.994  -90.641  18.434 0.2000000030
1944  -29.027  -90.817  18.516 0.2000000030
2267  -30.378  -90.546  18.499 0.2000000030
2619  -25.039  -90.806  18.223 0.2000000030
2612  -26.495  -90.382  19.004 0.2000000030
3041  -25.289  -90.020  17.449 0.2000000030
3538  -24.797  -88.657  16.937 0.1000000015
4086  -25.095  -86.675  15.607 0.1000000015
4561  -25.649  -85.220  14.795 0.1000000015
2012  -34.514  -91.145  1.289 0.1000000015
2038  -33.438  -91.063  -2.402 0.2000000030
5055  -26.853  -84.077  11.877 0.1000000015
2005  -34.831  -90.921  2.861 0.1000000015
2001  -34.757  -90.853  3.753 0.1000000015
156374  -26.422  -85.142  6.947 0.1000000015
2658  -34.588  -89.786  7.752 0.1000000015
2315  -35.066  -89.985  7.029 0.1000000015
4158  -29.967  -87.646  6.738 0.1000000015
3599  -32.457  -87.990  8.304 0.1000000015
2724  -30.766  -88.326  -7.706 0.2000000030
3701  -30.059  -86.592  -10.637 0.2000000030
184131  -30.517  -86.230  -11.671 0.2000000030
4260  -28.262  -86.254  -15.253 0.3000000119
5228  -25.527  -84.421  -16.318 0.4000000060
4269  -27.249  -85.523  -16.501 0.3000000119
5723  -24.149  -83.116  -15.433 0.4000000060
6714  -22.152  -80.690  -15.245 0.4000000060
145083  -24.006  -78.855  -14.762 0.4000000060
170554  -25.451  -78.440  -14.397 0.2000000030
857  -12.821  -93.524  35.513 0.3000000119
1465  -13.880  -91.977  37.528 0.2000000030
1791  -14.831  -90.839  38.417 0.2000000030
2107  -15.189  -90.325  38.135 0.2000000030
2870  -9.305  -88.284  33.754 0.4000000060
2854  -9.012  -87.652  34.224 0.4000000060
2473  -8.239  -89.050  32.957 0.4000000060
2485  -7.658  -89.728  32.536 0.4000000060
1823  -6.856  -90.587  32.116 0.4000000060
1828  -5.068  -91.051  31.131 0.4000000060
2138  -5.876  -90.276  32.096 0.4000000060
165380  -5.224  -90.345  31.595 0.4000000060
2156  -4.123  -90.533  29.491 0.5000000000
1935  -31.050  -90.924  18.870 0.1000000015
2613  -27.652  -89.854  18.635 0.2000000030
2279  -29.498  -90.185  18.340 0.2000000030
2280  -30.705  -89.824  18.195 0.2000000030
2611  -25.704  -90.634  19.043 0.2000000030
3023  -26.947  -89.609  19.020 0.1000000015
3032  -24.970  -90.370  18.603 0.1000000015
4552  -24.840  -85.839  15.425 0.1000000015
4569  -25.754  -84.503  13.855 0.1000000015
2017  -34.415  -91.169  0.309 0.2000000030
2032  -34.658  -90.827  -1.230 0.2000000030
5536  -26.138  -83.807  12.149 0.1000000015
5546  -26.414  -83.463  11.567 0.1000000015
5547  -27.738  -83.510  10.797 0.1000000015
2039  -34.149  -90.746  -2.333 0.2000000030
3087  -34.171  -88.685  8.268 0.1000000015
2321  -35.242  -90.155  5.103 0.1000000015
2357  -33.231  -89.976  -4.223 0.2000000030
2354  -33.516  -90.090  -3.552 0.2000000030
156524  -28.034  -82.902  8.972 0.1000000015
5102  -27.312  -84.024  7.558 0.1000000015
161877  -30.455  -86.385  7.135 0.1000000015
2704  -33.148  -89.372  -5.617 0.2000000030
2360  -33.519  -89.433  -4.792 0.2000000030
5108  -25.802  -85.273  6.086 0.1000000015
2726  -32.854  -88.308  -7.495 0.2000000030
176027  -33.033  -89.057  -6.396 0.2000000030
3674  -30.959  -86.967  -9.307 0.2000000030
3155  -31.600  -87.479  -8.698 0.2000000030
3725  -29.778  -86.547  -13.529 0.2000000030
5235  -26.680  -84.842  -16.739 0.4000000060
5727  -25.909  -83.624  -16.150 0.4000000060
6189  -24.220  -82.130  -15.321 0.3000000119
6719  -23.914  -81.186  -15.303 0.3000000119
7275  -23.587  -80.369  -15.314 0.3000000119
7854  -23.704  -79.532  -15.213 0.4000000060
7856  -25.261  -79.607  -15.365 0.3000000119
174905  -25.861  -78.925  -15.209 0.2000000030
7850  -25.116  -78.913  -15.172 0.3000000119
8424  -26.589  -78.551  -14.894 0.2000000030
164599  -14.169  -91.204  36.935 0.2000000030
155126  -9.524  -86.898  34.787 0.3000000119
154902  -8.776  -87.109  35.052 0.3000000119
2868  -7.490  -88.404  34.190 0.3000000119
2459  -6.590  -88.755  33.878 0.4000000060
2472  -7.045  -89.291  33.258 0.4000000060
2151  -4.242  -90.053  30.325 0.5000000000
2623  -29.951  -89.417  18.108 0.2000000030
2624  -30.846  -89.178  18.054 0.1000000015
2268  -31.587  -90.181  18.580 0.1000000015
3021  -25.149  -89.928  19.202 0.2000000030
3034  -29.254  -88.883  18.156 0.1000000015
2614  -31.575  -89.344  18.287 0.1000000015
3020  -24.563  -89.401  18.864 0.1000000015
3025  -32.225  -88.696  18.480 0.1000000015
3537  -24.185  -88.234  17.534 0.1000000015
3514  -24.455  -88.154  18.714 0.1000000015
160125  -23.934  -87.327  17.256 0.1000000015
4077  -24.325  -87.427  16.481 0.1000000015
4076  -23.838  -86.566  16.646 0.1000000015
5027  -24.732  -84.946  15.285 0.1000000015
5034  -25.228  -84.464  14.668 0.1000000015
5529  -25.240  -83.564  13.359 0.1000000015
2023  -34.202  -91.226  -0.626 0.2000000030
5535  -25.407  -83.288  12.514 0.1000000015
2324  -35.292  -90.244  4.182 0.1000000015
184620  -27.477  -82.995  10.568 0.1000000015
2327  -35.308  -90.351  3.278 0.1000000015
2338  -35.562  -90.102  -0.529 0.2000000030
3594  -33.255  -87.961  8.347 0.1000000015
2332  -35.691  -90.238  1.815 0.1000000015
2334  -35.584  -90.288  0.869 0.1000000015
2695  -34.892  -89.065  -2.566 0.2000000030
5101  -26.260  -84.113  6.602 0.1000000015
182934  -29.859  -86.440  6.637 0.1000000015
185447  -31.692  -86.554  8.070 0.1000000015
2715  -33.330  -88.535  -6.865 0.2000000030
2700  -34.119  -88.870  -4.544 0.2000000030
2697  -34.155  -88.684  -3.615 0.2000000030
2356  -34.141  -88.840  -3.080 0.2000000030
2696  -34.715  -87.780  -2.843 0.2000000030
3686  -31.751  -87.069  -10.207 0.2000000030
2706  -34.685  -88.438  -5.195 0.2000000030
3123  -34.829  -87.501  -2.711 0.1000000015
4251  -30.192  -86.051  -12.873 0.2000000030
3145  -33.294  -88.022  -8.111 0.2000000030
2716  -34.167  -88.178  -6.718 0.2000000030
2710  -34.404  -88.336  -5.974 0.2000000030
178520  -35.538  -88.097  -3.903 0.2000000030
2699  -34.657  -87.678  -3.100 0.2000000030
4754  -28.522  -85.484  -15.871 0.3000000119
4254  -29.467  -86.263  -14.314 0.3000000119
3703  -31.414  -86.555  -10.928 0.2000000030
3157  -33.727  -87.498  -8.627 0.2000000030
3133  -35.208  -87.967  -6.008 0.2000000030
3129  -35.498  -88.053  -4.971 0.2000000030
5230  -26.986  -84.302  -16.673 0.2000000030
4759  -28.477  -84.762  -16.519 0.3000000119
4747  -29.336  -85.230  -15.448 0.3000000119
3676  -33.316  -87.271  -9.314 0.2000000030
3139  -35.029  -87.866  -6.941 0.2000000030
6195  -25.544  -82.836  -15.735 0.3000000119
6197  -27.292  -82.974  -16.317 0.3000000119
6190  -25.146  -81.984  -15.466 0.3000000119
6722  -26.948  -81.992  -15.969 0.2000000030
183080  -25.117  -81.158  -15.417 0.3000000119
161373  -26.327  -81.243  -15.590 0.3000000119
7276  -24.532  -80.372  -15.384 0.3000000119
7278  -26.529  -80.332  -15.498 0.3000000119
7857  -26.001  -79.751  -15.403 0.3000000119
7858  -27.537  -79.264  -15.356 0.2000000030
183877  -28.050  -78.349  -14.306 0.2000000030
145100  -28.121  -78.055  -13.685 0.2000000030
145078  -29.049  -78.088  -13.256 0.2000000030
2837  -7.033  -88.000  36.060 0.3000000119
3298  -9.337  -85.995  36.171 0.3000000119
2853  -7.271  -88.164  35.121 0.3000000119
2137  -5.296  -89.516  32.074 0.5000000000
2496  -4.447  -89.503  30.991 0.5000000000
3022  -25.874  -89.420  19.332 0.1000000015
3035  -30.437  -88.670  18.016 0.1000000015
3515  -25.053  -88.903  19.305 0.1000000015
3517  -26.911  -88.270  18.744 0.1000000015
3530  -29.329  -87.978  18.072 0.1000000015
3531  -30.138  -87.994  18.042 0.1000000015
6016  -26.038  -82.859  11.223 0.1000000015
5587  -26.939  -83.093  7.276 0.1000000015
2659  -35.174  -89.204  7.365 0.1000000015
2663  -35.446  -89.307  6.502 0.1000000015
2325  -35.993  -89.737  3.642 0.1000000015
159254  -35.404  -90.367  0.166 0.2000000030
2687  -35.502  -89.734  -1.499 0.2000000030
2688  -35.630  -88.703  -1.994 0.2000000030
156954  -26.089  -84.052  5.966 0.1000000015
3595  -34.103  -87.396  8.303 0.1000000015
2669  -35.783  -89.557  4.624 0.1000000015
156475  -35.247  -86.799  -2.119 0.1000000015
3124  -35.309  -87.211  -2.495 0.2000000030
4255  -30.134  -85.703  -13.781 0.2000000030
3126  -36.332  -87.611  -4.057 0.2000000030
3125  -35.629  -87.551  -3.300 0.2000000030
4756  -29.639  -84.616  -15.863 0.2000000030
4246  -31.674  -85.657  -11.971 0.2000000030
4231  -31.152  -86.100  -11.530 0.2000000030
4220  -32.501  -86.523  -10.709 0.2000000030
3687  -32.903  -87.034  -10.066 0.2000000030
3668  -34.563  -87.239  -8.445 0.2000000030
3658  -36.218  -86.718  -6.374 0.2000000030
3131  -36.727  -86.868  -4.544 0.2000000030
5237  -28.190  -84.407  -16.803 0.2000000030
4719  -32.612  -85.517  -11.739 0.2000000030
4222  -34.319  -86.268  -10.191 0.2000000030
3677  -34.221  -87.113  -9.198 0.2000000030
3664  -36.152  -86.667  -7.054 0.2000000030
164987  -27.747  -82.325  -16.254 0.2000000030
4234  -33.997  -85.908  -10.920 0.2000000030
175728  -35.719  -86.227  -9.182 0.2000000030
6727  -27.787  -81.529  -16.055 0.3000000119
6723  -27.962  -80.644  -15.787 0.3000000119
7285  -29.684  -80.952  -15.966 0.2000000030
7279  -27.339  -80.056  -15.516 0.3000000119
7280  -28.960  -80.418  -15.711 0.2000000030
152325  -28.645  -78.431  -14.190 0.2000000030
169795  -28.543  -77.663  -13.273 0.1000000015
145087  -26.334  -78.211  -14.089 0.2000000030
3296  -5.973  -87.502  37.306 0.2000000030
2823  -6.817  -87.627  36.706 0.3000000119
3310  -5.238  -87.958  37.048 0.3000000119
2852  -5.857  -88.238  35.803 0.3000000119
2867  -6.017  -88.351  34.685 0.3000000119
160560  -25.118  -87.797  19.032 0.1000000015
4062  -26.906  -87.023  18.411 0.1000000015
3529  -28.839  -87.340  18.151 0.1000000015
3519  -29.920  -87.223  18.246 0.1000000015
176745  -24.193  -87.150  18.197 0.1000000015
4061  -25.890  -86.734  18.572 0.1000000015
4071  -23.777  -86.605  17.514 0.1000000015
4535  -24.378  -85.997  17.962 0.1000000015
4541  -23.527  -85.705  16.855 0.1000000015
5026  -23.910  -84.580  15.774 0.1000000015
5016  -23.340  -84.807  16.999 0.1000000015
5033  -24.572  -84.056  15.059 0.1000000015
5522  -24.314  -83.193  14.704 0.1000000015
6029  -27.164  -82.517  10.281 0.1000000015
6038  -27.427  -82.227  9.350 0.1000000015
2675  -36.307  -89.514  2.044 0.1000000015
2678  -36.281  -89.543  0.985 0.1000000015
2681  -36.536  -88.986  -0.227 0.2000000030
2684  -36.066  -89.358  -0.964 0.2000000030
5594  -26.432  -83.094  6.393 0.1000000015
4637  -29.422  -85.739  6.294 0.1000000015
4618  -32.199  -85.766  8.124 0.1000000015
3117  -35.681  -87.140  -1.599 0.2000000030
2660  -35.667  -88.597  6.923 0.1000000015
2664  -36.011  -88.713  6.101 0.1000000015
4667  -35.257  -85.699  -1.218 0.2000000030
3648  -37.192  -86.453  -2.667 0.2000000030
4183  -35.361  -86.044  -1.432 0.2000000030
4742  -30.321  -85.003  -14.360 0.3000000119
3135  -36.441  -86.781  -5.211 0.2000000030
6198  -28.170  -83.016  -16.538 0.2000000030
5733  -29.360  -83.543  -16.693 0.2000000030
5225  -30.177  -84.215  -15.601 0.1000000015
4748  -30.022  -84.882  -15.176 0.3000000119
4739  -30.968  -84.499  -13.059 0.2000000030
4729  -32.124  -85.120  -12.345 0.2000000030
3670  -36.009  -86.594  -7.817 0.2000000030
6728  -29.191  -81.434  -16.140 0.2000000030
6199  -29.472  -82.290  -16.423 0.2000000030
6201  -30.821  -82.707  -16.163 0.1000000015
5725  -31.720  -82.879  -14.503 0.1000000015
5220  -31.116  -83.645  -14.482 0.1000000015
5202  -32.330  -84.554  -12.603 0.1000000015
4720  -33.520  -85.291  -11.422 0.2000000030
4710  -34.843  -85.639  -10.540 0.2000000030
4223  -35.214  -86.172  -9.815 0.2000000030
7286  -30.364  -81.010  -15.882 0.1000000015
6726  -32.227  -81.570  -14.834 0.1000000015
6193  -31.834  -82.245  -15.163 0.1000000015
5709  -32.419  -83.377  -13.278 0.1000000015
157553  -33.590  -84.153  -12.200 0.1000000015
5196  -35.017  -84.261  -11.406 0.2000000030
4711  -36.019  -84.863  -10.540 0.2000000030
7861  -30.226  -79.756  -15.267 0.1000000015
7271  -31.858  -80.040  -14.491 0.1000000015
7265  -32.790  -80.327  -13.426 0.1000000015
182000  -33.867  -80.931  -11.158 0.1000000015
6176  -33.701  -81.740  -12.647 0.1000000015
6167  -34.918  -82.747  -11.536 0.2000000030
5704  -34.423  -83.085  -12.134 0.2000000030
5197  -36.062  -84.257  -10.995 0.2000000030
152143  -30.722  -79.021  -12.165 0.1000000015
145091  -32.456  -79.219  -12.430 0.1000000015
6695  -33.958  -81.187  -10.233 0.1000000015
6696  -34.737  -81.883  -9.753 0.1000000015
178258  -35.273  -82.438  -10.797 0.2000000030
5697  -36.332  -83.537  -10.805 0.2000000030
182727  -30.019  -77.728  -12.005 0.1000000015
145086  -30.023  -78.502  -12.407 0.2000000030
145096  -32.884  -80.333  -7.807 0.1000000015
145098  -33.628  -81.263  -8.435 0.1000000015
6152  -35.893  -82.481  -9.795 0.1000000015
145085  -29.671  -77.369  -13.048 0.1000000015
176959  -35.215  -80.331  -6.432 0.1000000015
6679  -34.883  -81.820  -7.952 0.1000000015
158450  -5.173  -87.539  37.525 0.3000000119
3320  -4.514  -87.808  35.898 0.3000000119
2851  -4.990  -88.365  35.419 0.3000000119
154907  -28.699  -86.176  18.377 0.1000000015
160821  -27.755  -86.044  18.274 0.1000000015
4534  -23.742  -85.389  17.399 0.1000000015
4524  -25.415  -85.818  18.295 0.1000000015
180561  -26.913  -86.021  18.266 0.1000000015
5025  -23.423  -84.072  16.434 0.1000000015
5528  -24.537  -82.912  13.832 0.1000000015
5545  -25.709  -83.011  11.830 0.1000000015
6028  -26.126  -82.180  10.616 0.1000000015
6037  -26.702  -81.693  9.908 0.1000000015
6052  -26.779  -82.028  7.148 0.1000000015
5601  -26.523  -82.980  5.847 0.1000000015
2670  -36.322  -89.023  4.166 0.1000000015
180074  -36.772  -88.850  3.085 0.1000000015
3107  -37.147  -88.462  1.345 0.1000000015
159137  -37.276  -88.101  0.463 0.2000000030
5596  -29.944  -83.884  6.511 0.1000000015
181502  -36.452  -87.432  -0.787 0.2000000030
4181  -35.568  -86.113  -0.843 0.2000000030
5624  -34.661  -84.865  -0.644 0.2000000030
3650  -37.303  -86.756  -3.678 0.2000000030
4184  -36.023  -86.018  -1.890 0.2000000030
5628  -34.447  -84.319  -0.568 0.2000000030
3660  -37.045  -86.021  -5.977 0.2000000030
3653  -37.298  -86.244  -4.499 0.2000000030
3680  -36.427  -86.044  -8.167 0.2000000030
176786  -37.167  -85.793  -6.512 0.2000000030
4212  -36.317  -85.916  -8.904 0.2000000030
4712  -36.786  -85.289  -9.325 0.2000000030
4702  -37.305  -85.070  -8.815 0.2000000030
145088  -33.041  -79.309  -12.336 0.1000000015
145099  -33.164  -79.955  -12.546 0.1000000015
6703  -33.724  -80.719  -11.940 0.1000000015
5189  -37.202  -84.212  -10.074 0.2000000030
4713  -37.451  -84.593  -9.391 0.2000000030
149950  -30.772  -77.719  -11.444 0.1000000015
8971  -31.973  -78.017  -12.105 0.1000000015
145104  -33.438  -78.962  -12.428 0.1000000015
145103  -34.111  -79.615  -10.592 0.1000000015
180721  -33.577  -79.915  -10.769 0.1000000015
171517  -33.265  -80.546  -9.147 0.1000000015
6160  -36.651  -82.937  -10.419 0.2000000030
5699  -37.758  -82.739  -10.013 0.1000000015
5190  -37.760  -83.811  -9.622 0.1000000015
167354  -30.902  -76.575  -13.484 0.1000000015
151368  -30.393  -77.361  -12.641 0.1000000015
145102  -34.955  -79.336  -10.101 0.1000000015
152019  -33.913  -79.570  -8.722 0.1000000015
6697  -37.100  -82.304  -9.749 0.1000000015
9537  -30.011  -76.534  -13.583 0.1000000015
152477  -35.076  -79.436  -7.817 0.1000000015
7223  -36.375  -80.428  -8.196 0.1000000015
9536  -29.096  -76.534  -13.587 0.1000000015
8977  -27.802  -77.364  -13.303 0.1000000015
4525  -26.389  -85.462  18.336 0.1000000015
163169  -24.169  -84.681  17.838 0.1000000015
4536  -25.041  -84.876  18.187 0.1000000015
163617  -23.344  -84.022  17.102 0.1000000015
5512  -23.365  -82.951  16.062 0.1000000015
6007  -24.864  -82.194  12.142 0.1000000015
178825  -26.858  -81.405  9.244 0.1000000015
176171  -26.514  -82.261  6.277 0.1000000015
4629  -30.833  -85.250  7.392 0.1000000015
3109  -37.016  -88.087  -0.533 0.2000000030
5103  -30.490  -84.356  6.998 0.1000000015
4619  -33.014  -85.273  7.971 0.1000000015
3088  -34.885  -88.112  8.139 0.1000000015
3101  -36.654  -88.230  4.346 0.1000000015
2676  -36.970  -88.875  2.298 0.1000000015
3631  -37.550  -86.862  0.810 0.2000000030
4179  -36.281  -86.094  -0.090 0.2000000030
5128  -34.333  -84.838  0.128 0.2000000030
5132  -34.142  -84.562  -0.306 0.2000000030
4187  -37.945  -86.030  -2.780 0.2000000030
4669  -37.276  -85.502  -1.814 0.2000000030
5629  -35.667  -84.112  -0.759 0.2000000030
3655  -36.910  -86.309  -5.242 0.2000000030
4203  -37.555  -85.334  -6.704 0.2000000030
4208  -37.535  -85.205  -7.411 0.2000000030
8409  -34.331  -78.902  -12.669 0.1000000015
152759  -33.808  -79.585  -11.744 0.1000000015
183609  -34.963  -79.046  -12.652 0.1000000015
4703  -37.804  -84.620  -8.585 0.2000000030
4696  -38.737  -83.853  -8.027 0.1000000015
9538  -31.961  -76.350  -13.655 0.1000000015
180951  -34.651  -79.291  -11.972 0.1000000015
7842  -36.362  -78.995  -13.019 0.1000000015
7843  -37.305  -79.013  -13.038 0.1000000015
5690  -38.798  -82.661  -9.599 0.1000000015
5681  -39.569  -82.680  -8.646 0.1000000015
175752  -35.339  -79.278  -9.249 0.1000000015
7832  -37.457  -79.203  -11.861 0.1000000015
6680  -36.127  -81.936  -8.787 0.1000000015
6154  -39.265  -81.846  -9.994 0.1000000015
7825  -37.083  -79.135  -10.359 0.1000000015
7230  -36.857  -79.805  -9.259 0.1000000015
8978  -28.342  -76.953  -13.351 0.1000000015
10172  -29.601  -75.728  -14.088 0.1000000015
5010  -23.963  -83.640  17.977 0.1000000015
5493  -23.508  -83.422  17.530 0.1000000015
5486  -24.414  -82.814  18.537 0.1000000015
5521  -23.741  -82.606  15.188 0.1000000015
6015  -25.400  -82.192  11.325 0.1000000015
178466  -31.216  -84.399  7.432 0.1000000015
3627  -37.425  -87.507  2.708 0.1000000015
4666  -36.597  -85.701  0.502 0.2000000030
5134  -35.977  -85.242  0.325 0.2000000030
5619  -33.898  -84.365  0.599 0.2000000030
5617  -32.072  -83.645  1.086 0.2000000030
6091  -34.378  -83.365  -0.374 0.2000000030
6090  -33.453  -83.503  -0.293 0.2000000030
6586  -31.789  -82.624  1.166 0.1000000015
4191  -38.149  -85.571  -3.281 0.2000000030
5630  -37.374  -83.523  -0.788 0.2000000030
6092  -35.527  -83.074  -0.440 0.2000000030
162415  -37.898  -85.419  -4.714 0.2000000030
176135  -39.026  -84.611  -2.762 0.1000000015
5142  -38.224  -84.728  -1.454 0.2000000030
4675  -38.569  -84.656  -4.876 0.1000000015
4690  -38.484  -84.296  -7.043 0.1000000015
8416  -36.207  -78.429  -13.778 0.1000000015
8423  -38.418  -77.562  -14.221 0.1000000015
4691  -38.774  -83.891  -7.328 0.1000000015
5163  -39.503  -83.560  -6.069 0.1000000015
8417  -37.536  -78.608  -13.790 0.1000000015
8418  -38.292  -78.317  -13.818 0.1000000015
7844  -38.103  -78.926  -13.237 0.1000000015
8410  -39.588  -78.857  -12.586 0.1000000015
10175  -32.785  -75.363  -13.658 0.1000000015
157900  -39.307  -79.539  -12.087 0.1000000015
7246  -39.019  -80.727  -11.074 0.1000000015
6700  -39.450  -81.049  -10.558 0.1000000015
6666  -40.304  -81.261  -9.307 0.1000000015
7257  -38.355  -79.509  -11.736 0.1000000015
7245  -38.612  -80.490  -11.000 0.1000000015
6698  -37.978  -81.441  -10.202 0.1000000015
4854  -3.046  -84.301  37.842 0.2000000030
5503  -23.253  -83.206  16.909 0.1000000015
5974  -23.381  -82.409  17.499 0.1000000015
5987  -23.434  -81.843  15.733 0.1000000015
5999  -24.098  -81.847  13.543 0.1000000015
6006  -24.308  -81.711  12.780 0.1000000015
3625  -37.713  -86.862  2.976 0.2000000030
3628  -37.727  -87.064  1.959 0.2000000030
173788  -35.081  -83.988  1.016 0.2000000030
3621  -37.122  -87.411  4.324 0.2000000030
5129  -37.024  -84.333  1.091 0.2000000030
6082  -33.842  -83.558  1.480 0.1000000015
4658  -38.168  -85.476  2.186 0.2000000030
6587  -32.404  -81.933  1.043 0.1000000015
6594  -36.472  -81.902  -0.044 0.1000000015
4672  -38.740  -84.776  -3.412 0.1000000015
4673  -39.601  -84.405  -3.446 0.2000000030
4681  -39.242  -84.098  -5.029 0.1000000015
158731  -39.273  -83.871  -5.645 0.1000000015
7845  -38.889  -78.590  -13.249 0.1000000015
8411  -40.354  -78.179  -12.625 0.1000000015
182514  -40.170  -78.796  -12.295 0.1000000015
7835  -40.065  -79.411  -11.939 0.1000000015
7247  -40.181  -79.984  -11.231 0.1000000015
7231  -40.226  -80.481  -10.507 0.1000000015
10170  -27.571  -75.537  -13.794 0.1000000015
4662  -37.640  -85.455  1.435 0.2000000030
169152  -36.442  -82.880  1.504 0.2000000030
7826  -40.852  -79.298  -11.276 0.1000000015
9276  -2.405  -76.877  32.787 0.6000000238
158982  -2.513  -75.802  33.887 0.5000000000
15869  -16.981  -67.559  28.768 0.1000000015
15870  -17.466  -66.671  28.516 0.1000000015
17612  -17.552  -65.687  30.055 0.1000000015
10507  -2.827  -74.007  33.040 0.6000000238
10527  -3.710  -73.873  32.227 0.6999999881
13571  -13.594  -70.745  29.018 0.2000000030
13597  -15.506  -70.575  27.293 0.1000000015
14313  -16.341  -69.443  26.939 0.1000000015
12828  -13.071  -70.860  29.756 0.2000000030
13583  -14.552  -70.411  27.339 0.2000000030
14311  -15.131  -69.996  26.661 0.1000000015
15082  -16.650  -68.606  27.232 0.1000000015
15883  -17.362  -66.839  27.855 0.1000000015
16709  -17.700  -66.227  28.009 0.1000000015
18455  -18.119  -64.700  30.191 0.1000000015
19452  -12.604  -63.453  -1.614 0.4000000060
161515  -10.093  -70.949  32.801 0.4000000060
13553  -12.112  -71.052  30.818 0.2000000030
19240  -18.502  -63.963  31.745 0.1000000015
13542  -10.115  -70.381  32.231 0.3000000119
13552  -11.351  -70.821  31.223 0.3000000119
13570  -12.865  -70.220  29.343 0.2000000030
13581  -13.190  -70.030  28.634 0.2000000030
14310  -13.501  -69.762  26.999 0.2000000030
14325  -14.760  -69.298  26.182 0.2000000030
15092  -15.290  -68.575  26.075 0.2000000030
15896  -16.514  -67.784  26.913 0.1000000015
16724  -16.912  -66.972  27.283 0.1000000015
17629  -17.791  -65.567  27.975 0.1000000015
17613  -18.014  -65.123  28.807 0.1000000015
19255  -18.553  -63.592  30.351 0.1000000015
14296  -12.490  -69.642  28.445 0.3000000119
14324  -13.802  -69.217  26.173 0.3000000119
15091  -14.285  -68.586  25.904 0.3000000119
15903  -14.800  -67.864  26.052 0.2000000030
15895  -16.210  -67.153  26.932 0.1000000015
180999  -16.661  -66.536  27.239 0.1000000015
17651  -17.273  -65.317  27.579 0.1000000015
18475  -18.148  -64.215  28.609 0.1000000015
15893  -14.271  -67.298  26.418 0.3000000119
15894  -15.320  -67.201  26.575 0.1000000015
20224  -11.800  -62.558  -0.842 0.4000000060
19446  -11.960  -63.439  -0.949 0.4000000060
21040  -12.700  -61.788  -1.332 0.4000000060
20233  -12.939  -62.564  -2.024 0.4000000060
19453  -13.282  -63.411  -2.346 0.4000000060
13508  -8.279  -70.175  34.959 0.4000000060
13507  -7.404  -69.601  34.774 0.4000000060
14235  -8.625  -69.494  33.686 0.4000000060
14236  -9.206  -69.578  33.001 0.3000000119
14257  -9.666  -69.563  32.205 0.3000000119
14280  -12.172  -69.820  29.659 0.3000000119
19275  -18.391  -63.721  29.290 0.1000000015
15048  -10.064  -68.636  30.591 0.3000000119
14279  -11.277  -69.436  30.098 0.3000000119
160850  -12.479  -69.489  27.104 0.3000000119
15902  -13.725  -67.954  25.841 0.3000000119
16707  -16.556  -65.954  27.360 0.1000000015
18490  -17.016  -64.596  27.708 0.1000000015
18474  -17.350  -63.943  27.852 0.1000000015
161816  -10.154  -68.439  29.663 0.3000000119
15049  -10.868  -68.812  29.258 0.3000000119
15060  -10.900  -68.925  27.978 0.4000000060
14309  -11.705  -69.096  26.290 0.4000000060
14323  -12.682  -69.084  26.083 0.3000000119
16721  -13.710  -66.903  27.436 0.3000000119
16722  -14.785  -66.767  27.284 0.3000000119
16706  -15.417  -66.149  27.727 0.2000000030
15081  -11.817  -68.568  25.761 0.3000000119
15089  -12.555  -68.153  25.623 0.3000000119
16705  -14.247  -66.432  28.224 0.3000000119
154134  -11.581  -59.956  1.030 0.3000000119
21971  -11.833  -60.983  -0.211 0.4000000060
21039  -11.867  -61.712  -0.720 0.4000000060
14198  -6.003  -69.870  34.910 0.4000000060
14199  -6.587  -69.994  35.250 0.4000000060
14197  -5.769  -69.795  34.298 0.4000000060
14215  -6.429  -69.453  34.611 0.4000000060
14973  -7.019  -68.992  34.188 0.4000000060
14972  -6.254  -69.083  33.929 0.4000000060
14989  -8.069  -68.868  33.332 0.4000000060
15013  -9.086  -68.892  32.456 0.4000000060
19254  -18.236  -62.847  29.016 0.1000000015
14987  -6.049  -68.713  33.094 0.4000000060
15011  -7.458  -68.458  32.863 0.4000000060
181087  -9.384  -68.819  31.798 0.3000000119
17650  -16.031  -65.247  27.946 0.3000000119
15802  -7.044  -68.028  32.224 0.5000000000
15803  -7.885  -68.081  32.021 0.5000000000
15037  -9.435  -68.418  31.122 0.4000000060
15059  -10.167  -68.561  28.510 0.4000000060
16720  -12.628  -66.884  27.163 0.3000000119
17649  -14.786  -65.779  28.468 0.3000000119
15047  -9.445  -68.013  30.182 0.4000000060
15070  -10.914  -68.922  26.613 0.4000000060
15088  -11.434  -67.998  25.513 0.3000000119
15069  -10.162  -68.622  27.148 0.4000000060
15079  -10.319  -68.343  26.007 0.4000000060
16729  -10.887  -67.300  25.806 0.3000000119
22894  -11.860  -58.991  1.069 0.3000000119
21972  -12.630  -60.787  -0.678 0.4000000060
21041  -13.612  -60.893  -1.390 0.2000000030
21047  -13.566  -61.724  -2.139 0.3000000119
20239  -13.658  -62.511  -2.795 0.3000000119
177428  -13.382  -65.347  29.382 0.3000000119
18472  -14.802  -64.143  29.155 0.3000000119
19273  -16.586  -63.269  27.950 0.3000000119
16704  -12.123  -66.515  28.407 0.3000000119
174928  -12.732  -66.121  29.185 0.3000000119
18473  -15.956  -64.181  28.256 0.3000000119
16719  -11.483  -66.789  26.877 0.3000000119
164178  -13.210  -66.554  28.456 0.3000000119
17628  -14.687  -65.084  29.056 0.3000000119
15867  -8.958  -67.888  29.432 0.5000000000
15058  -9.526  -68.139  29.043 0.4000000060
15068  -9.440  -68.278  27.696 0.4000000060
185124  -9.906  -67.727  25.867 0.3000000119
21966  -12.141  -60.154  0.128 0.4000000060
178225  -13.353  -59.246  0.017 0.3000000119
21973  -13.490  -60.260  -0.722 0.2000000030
21048  -14.199  -61.131  -2.082 0.2000000030
21052  -14.423  -61.682  -2.789 0.3000000119
18454  -14.283  -63.520  29.206 0.3000000119
165145  -15.936  -62.807  28.255 0.3000000119
18471  -13.895  -64.454  29.457 0.3000000119
17648  -11.688  -66.052  29.165 0.4000000060
16703  -11.080  -66.294  28.308 0.4000000060
23813  -11.476  -58.696  2.361 0.3000000119
23821  -12.007  -58.161  0.883 0.3000000119
23822  -12.411  -58.831  0.642 0.3000000119
166447  -12.687  -58.196  0.521 0.3000000119
22903  -14.808  -59.450  -0.480 0.2000000030
21982  -16.207  -60.431  -1.856 0.2000000030
185304  -15.459  -59.507  -0.697 0.2000000030
179862  -15.785  -59.926  -1.170 0.2000000030
19250  -13.627  -63.139  29.024 0.4000000060
24549  -14.910  -57.914  26.683 0.3000000119
25527  -15.909  -56.967  27.220 0.3000000119
18453  -13.301  -63.828  29.300 0.4000000060
23605  -14.073  -58.438  26.411 0.4000000060
26484  -15.586  -56.259  27.153 0.3000000119
154249  -13.407  -59.098  26.146 0.4000000060
25543  -14.209  -56.529  26.635 0.3000000119
26483  -14.814  -56.066  26.828 0.3000000119
17625  -10.811  -64.970  29.278 0.4000000060
17627  -12.287  -65.369  29.445 0.4000000060
22699  -12.608  -58.803  25.756 0.6000000238
23604  -13.011  -57.948  26.153 0.5000000000
24547  -13.012  -57.059  26.279 0.4000000060
26481  -13.123  -55.948  26.444 0.4000000060
27441  -13.782  -55.358  26.563 0.2000000030
29326  -14.685  -54.563  26.283 0.3000000119
19301  -3.451  -63.208  25.655 0.6000000238
26691  -11.745  -55.840  4.709 0.4000000060
24780  -11.446  -57.567  2.222 0.3000000119
24785  -11.807  -57.428  1.324 0.3000000119
22902  -13.847  -59.457  -0.417 0.2000000030
24796  -14.039  -57.991  -0.103 0.2000000030
23830  -14.422  -58.620  -0.247 0.2000000030
23847  -16.934  -59.165  -3.178 0.2000000030
23855  -18.631  -58.204  -4.543 0.2000000030
23836  -16.161  -58.481  -1.354 0.2000000030
25514  -17.725  -56.535  28.796 0.2000000030
24521  -16.299  -57.758  27.493 0.3000000119
25513  -17.198  -56.804  28.215 0.2000000030
26453  -17.961  -55.798  28.778 0.2000000030
159067  -15.006  -58.903  26.734 0.3000000119
23606  -15.689  -58.341  27.127 0.4000000060
25528  -16.682  -56.251  27.848 0.2000000030
26452  -17.273  -55.997  28.340 0.2000000030
22701  -14.262  -59.457  26.488 0.4000000060
26467  -16.121  -55.862  27.499 0.2000000030
21811  -12.770  -60.733  25.733 0.5000000000
22700  -13.062  -60.065  25.952 0.5000000000
27435  -15.448  -54.968  27.085 0.2000000030
182895  -14.614  -55.053  26.735 0.2000000030
28380  -14.130  -54.542  25.861 0.2000000030
28402  -14.741  -54.605  24.951 0.3000000119
25788  -11.401  -56.503  2.689 0.4000000060
25792  -11.748  -56.631  1.910 0.3000000119
26717  -11.428  -55.656  3.864 0.4000000060
25799  -13.375  -57.036  0.280 0.3000000119
24797  -14.901  -57.657  -0.302 0.2000000030
175628  -16.755  -58.344  -2.853 0.2000000030
23848  -18.130  -57.780  -4.016 0.2000000030
24800  -15.779  -57.663  -0.820 0.2000000030
25490  -18.174  -57.019  29.343 0.2000000030
24522  -17.063  -57.728  28.077 0.2000000030
21803  -14.291  -60.394  26.716 0.3000000119
22683  -15.760  -59.308  27.361 0.3000000119
23591  -16.347  -58.598  27.631 0.3000000119
21802  -13.687  -60.848  26.481 0.5000000000
27436  -16.164  -55.240  27.437 0.2000000030
28354  -16.458  -54.791  27.275 0.2000000030
29327  -15.834  -54.516  26.416 0.2000000030
29350  -15.186  -54.505  25.354 0.2000000030
155796  -15.345  -54.455  25.891 0.2000000030
28415  -15.951  -54.853  24.602 0.3000000119
23682  -16.671  -58.843  20.042 0.6000000238
23670  -17.102  -58.652  21.906 0.5000000000
22777  -16.735  -59.465  19.886 0.6000000238
22782  -16.918  -59.156  18.805 0.6000000238
27639  -11.841  -55.089  4.161 0.4000000060
25798  -12.257  -56.595  1.261 0.3000000119
26728  -11.671  -55.101  2.655 0.4000000060
24789  -12.623  -57.388  0.704 0.3000000119
25808  -13.992  -57.241  -0.083 0.2000000030
24808  -16.885  -57.569  -2.916 0.2000000030
25834  -17.959  -56.446  -3.317 0.2000000030
181151  -15.356  -56.795  -0.704 0.2000000030
24801  -16.156  -57.569  -1.639 0.2000000030
24822  -19.058  -57.352  -4.411 0.2000000030
28370  -15.093  -54.721  26.687 0.2000000030
29310  -16.113  -54.603  26.893 0.2000000030
28403  -16.661  -54.445  24.839 0.3000000119
181431  -16.666  -54.966  24.280 0.3000000119
22781  -16.559  -58.909  18.966 0.6000000238
184563  -17.564  -59.266  18.722 0.5000000000
21877  -17.532  -59.644  19.122 0.5000000000
23699  -18.889  -58.498  18.374 0.5000000000
25762  -13.463  -56.209  5.304 0.4000000060
26738  -12.044  -55.040  1.944 0.3000000119
27658  -12.205  -54.390  3.558 0.4000000060
27640  -12.547  -54.684  4.392 0.4000000060
26747  -12.633  -55.720  1.364 0.3000000119
26781  -18.131  -55.807  -3.128 0.2000000030
164702  -13.004  -56.392  0.689 0.3000000119
25816  -16.541  -56.984  -2.235 0.2000000030
161161  -17.634  -56.059  -2.927 0.2000000030
181144  -14.614  -56.752  -0.306 0.2000000030
25815  -15.974  -56.845  -1.421 0.2000000030
29328  -17.097  -54.320  26.479 0.2000000030
29351  -16.792  -54.322  25.570 0.3000000119
28404  -17.465  -53.809  24.609 0.1000000015
28391  -17.298  -54.022  25.169 0.2000000030
28405  -17.569  -53.599  23.899 0.1000000015
28416  -17.125  -54.486  24.309 0.2000000030
28417  -17.666  -53.502  23.048 0.1000000015
179860  -17.523  -54.232  23.593 0.2000000030
29370  -17.616  -52.640  22.447 0.1000000015
27483  -17.765  -54.402  22.736 0.1000000015
27490  -18.015  -54.995  21.880 0.2000000030
28430  -17.972  -53.441  21.009 0.1000000015
27495  -18.148  -54.490  20.731 0.2000000030
26541  -18.210  -55.578  21.025 0.2000000030
23689  -16.361  -58.384  19.146 0.5000000000
26739  -12.777  -54.898  1.512 0.3000000119
27674  -12.061  -54.356  2.620 0.3000000119
26748  -13.354  -55.322  0.777 0.3000000119
26756  -13.846  -56.233  0.021 0.2000000030
26772  -17.045  -56.111  -2.393 0.2000000030
26758  -15.719  -56.032  -1.184 0.2000000030
26767  -16.778  -55.232  -2.158 0.2000000030
29352  -17.743  -52.834  25.355 0.1000000015
181361  -17.705  -53.392  25.777 0.1000000015
29340  -16.942  -54.280  26.051 0.3000000119
157328  -17.607  -53.076  24.843 0.1000000015
29360  -17.582  -52.818  24.211 0.1000000015
22836  -12.763  -60.038  8.616 0.5000000000
24748  -13.951  -57.817  6.268 0.4000000060
26701  -12.953  -55.348  4.922 0.4000000060
27680  -12.563  -54.189  1.946 0.3000000119
28582  -12.652  -53.743  2.973 0.3000000119
27659  -12.982  -53.962  3.839 0.4000000060
26749  -14.101  -55.121  -0.013 0.2000000030
159390  -14.906  -55.838  -0.483 0.2000000030
160573  -15.570  -55.170  -1.042 0.2000000030
27701  -16.170  -54.673  -1.601 0.2000000030
183095  -16.072  -55.449  -1.631 0.2000000030
30307  -17.866  -51.578  25.934 0.1000000015
30312  -17.509  -51.093  25.236 0.1000000015
30320  -17.551  -51.878  24.578 0.1000000015
22830  -12.954  -60.119  8.983 0.5000000000
22844  -13.249  -60.100  7.920 0.5000000000
157251  -13.750  -59.841  7.365 0.5000000000
25753  -14.192  -57.076  5.545 0.4000000060
24760  -15.146  -57.165  4.950 0.4000000060
26702  -14.223  -55.477  4.862 0.4000000060
28595  -13.121  -53.196  2.413 0.3000000119
27641  -13.534  -54.570  4.479 0.4000000060
27687  -14.378  -54.143  0.285 0.3000000119
26757  -14.950  -54.734  -0.391 0.2000000030
27694  -15.550  -54.221  -0.973 0.2000000030
27702  -16.809  -54.205  -2.124 0.2000000030
22837  -13.531  -60.222  8.568 0.5000000000
22845  -14.148  -60.422  7.807 0.5000000000
154897  -14.427  -58.848  6.299 0.4000000060
24749  -14.943  -58.223  5.550 0.4000000060
28596  -13.817  -52.791  2.562 0.3000000119
27642  -14.655  -54.718  4.271 0.4000000060
28611  -13.742  -53.580  1.000 0.3000000119
28612  -14.477  -53.021  0.557 0.3000000119
27693  -14.968  -53.731  -0.273 0.2000000030
28618  -15.575  -53.264  -0.763 0.2000000030
28619  -16.071  -52.609  -1.260 0.2000000030
24722  -13.616  -58.638  8.979 0.5000000000
22831  -13.949  -60.092  8.801 0.5000000000
23776  -14.552  -60.016  6.862 0.5000000000
29546  -14.256  -52.140  2.078 0.3000000119
29562  -14.284  -52.061  0.940 0.3000000119
29563  -14.836  -52.104  0.317 0.3000000119
31367  -16.001  -51.026  17.095 0.3000000119
29433  -14.617  -52.607  16.469 0.2000000030
24721  -12.912  -57.765  8.820 0.5000000000
22832  -14.842  -60.134  8.370 0.4000000060
23789  -16.361  -59.652  5.510 0.4000000060
25764  -16.066  -56.944  4.456 0.4000000060
23770  -15.673  -59.893  7.752 0.4000000060
22840  -16.012  -60.245  7.329 0.4000000060
32400  -14.756  -50.488  17.150 0.3000000119
31354  -16.538  -50.410  17.579 0.4000000060
24729  -13.479  -57.613  8.118 0.3000000119
23799  -16.543  -58.870  5.007 0.4000000060
23769  -15.047  -59.223  8.160 0.3000000119
30525  -14.759  -51.442  0.906 0.3000000119
32394  -15.810  -50.449  17.387 0.2000000030
33364  -14.343  -50.060  17.374 0.2000000030
32381  -16.108  -49.808  17.820 0.3000000119
33347  -17.369  -48.696  18.615 0.3000000119
23771  -16.459  -59.574  7.145 0.3000000119
22849  -17.210  -59.425  6.054 0.4000000060
25744  -13.958  -56.511  6.909 0.3000000119
24731  -15.980  -58.658  7.174 0.3000000119
25745  -14.717  -56.732  6.901 0.3000000119
25746  -15.713  -57.076  6.774 0.3000000119
162959  -16.099  -48.538  18.545 0.2000000030
34301  -16.870  -48.192  18.808 0.3000000119
34286  -16.197  -47.739  19.100 0.3000000119
36156  -18.286  -46.134  18.920 0.5000000000
35222  -19.004  -46.241  18.862 0.5000000000
36166  -18.292  -45.087  18.623 0.4000000060
36167  -19.834  -44.846  17.966 0.5000000000
35233  -19.895  -45.774  18.610 0.5000000000
26683  -12.422  -55.625  6.588 0.3000000119
155163  -15.999  -45.909  19.528 0.4000000060
36155  -17.507  -45.822  19.020 0.4000000060
36154  -16.791  -45.366  19.052 0.3000000119
37084  -18.180  -44.219  18.152 0.3000000119
37085  -18.985  -44.529  18.036 0.4000000060
37092  -18.728  -43.850  17.412 0.3000000119
36174  -20.512  -44.557  17.019 0.4000000060
37083  -17.417  -43.965  18.220 0.2000000030
37091  -17.914  -43.610  17.552 0.3000000119
38092  -17.429  -43.146  16.838 0.2000000030
37097  -19.162  -43.623  16.557 0.3000000119
39097  -18.426  -42.835  15.404 0.2000000030
38108  -19.896  -42.952  15.215 0.3000000119
38107  -19.096  -42.928  15.291 0.3000000119
39109  -19.241  -41.994  14.236 0.3000000119
41217  -21.015  -39.681  11.821 0.4000000060
42244  -20.863  -39.419  11.028 0.5000000000
41223  -20.937  -40.231  10.460 0.5000000000
27661  -15.070  -54.100  3.700 0.3000000119
24761  -15.884  -58.093  4.845 0.4000000060
28584  -14.346  -53.232  3.319 0.3000000119
29538  -14.747  -52.602  2.787 0.3000000119
30506  -14.758  -51.567  1.678 0.3000000119
2648  -31.675  -90.009  9.243 0.1000000015
7241  -19.048  -80.800  -11.716 0.4000000060
14988  -6.819  -68.727  33.439 0.4000000060
15822  -7.315  -67.820  31.384 0.5000000000
15078  -9.593  -68.051  26.387 0.4000000060
162427  -16.553  -60.562  -2.578 0.2000000030
21053  -15.429  -61.424  -2.690 0.2000000030
22883  -11.375  -59.483  2.497 0.3000000119
25761  -11.468  -56.542  4.327 0.4000000060
23669  -16.860  -59.458  21.366 0.6000000238
180841  -19.544  -58.350  18.433 0.4000000060
23761  -13.373  -59.556  9.278 0.5000000000
25736  -12.606  -56.913  7.909 0.3000000119
25737  -13.355  -56.716  7.338 0.3000000119
123  -9.940  -99.098  5.112 0.5000000000
1029  -25.580  -92.782  11.468 0.4000000060
756  -23.209  -92.384  11.258 0.4000000060
1059  -31.273  -93.297  4.508 0.5000000000
1322  -31.170  -93.055  6.698 0.4000000060
2076  -26.085  -91.035  -11.058 0.3000000119
2407  -25.775  -90.006  -12.873 0.4000000060
166587  -10.096  -92.992  22.177 0.5000000000
975  -10.386  -93.190  21.888 0.5000000000
6710  -18.885  -80.603  -15.043 0.4000000060
28379  -13.406  -54.744  25.767 0.4000000060
29349  -14.272  -54.517  25.462 0.2000000030
156091  -15.632  -54.641  24.861 0.3000000119
36175  -21.163  -45.072  17.183 0.4000000060
159097  -19.403  -42.597  14.783 0.3000000119
40186  -21.940  -40.902  12.481 0.4000000060
40177  -20.396  -41.578  13.759 0.3000000119
40185  -21.318  -40.853  13.020 0.4000000060
24548  -13.930  -57.322  26.470 0.4000000060
25541  -12.654  -56.519  26.245 0.4000000060
41208  -21.566  -40.243  12.228 0.5000000000
42251  -20.795  -39.507  10.457 0.5000000000
363  -19.326  -96.138  17.167 0.5000000000
497  -17.843  -93.355  18.800 0.4000000060
971  -7.048  -94.185  22.568 0.5000000000
721  -18.460  -92.715  18.545 0.4000000060
15824  -8.940  -67.934  30.915 0.5000000000
30402  -14.649  -51.940  16.407 0.2000000030
31376  -14.805  -51.100  16.696 0.2000000030
1275  -24.843  -92.163  12.216 0.4000000060
155560  -24.316  -94.311  14.728 0.3000000119
1283  -27.482  -91.276  11.755 0.3000000119
1975  -30.132  -91.032  12.558 0.4000000060
167009  -25.279  -94.041  14.895 0.2000000030
1215  -14.384  -93.147  24.266 0.4000000060
1884  -15.917  -91.529  24.379 0.3000000119
166081  -17.663  -91.821  24.454 0.3000000119
2227  -18.493  -90.370  23.424 0.3000000119
176181  -28.328  -91.988  15.384 0.2000000030
2635  -28.913  -89.690  15.309 0.3000000119
1386  -29.143  -92.550  -1.838 0.6000000238
1393  -27.666  -91.760  -2.498 0.5000000000
2569  -13.485  -88.975  21.386 0.5000000000
690  -18.830  -94.990  22.119 0.4000000060
692  -21.026  -94.654  22.314 0.3000000119
950  -22.071  -93.815  24.040 0.2000000030
1619  -27.900  -91.483  16.208 0.2000000030
1366  -31.115  -92.783  0.640 0.6000000238
1674  -32.941  -92.221  5.565 0.4000000060
154461  -22.098  -95.113  18.644 0.2000000030
968  -25.034  -94.103  23.261 0.2000000030
1663  -31.248  -92.484  8.007 0.3000000119
1342  -32.118  -92.750  3.257 0.4000000060
166460  -31.867  -90.040  8.493 0.1000000015
2310  -33.222  -90.472  8.150 0.1000000015
2053  -28.825  -90.962  -6.469 0.2000000030
2067  -27.139  -91.039  -8.860 0.4000000060
958  -9.465  -93.686  22.669 0.5000000000
940  -10.511  -93.471  23.491 0.4000000060
939  -9.919  -94.081  24.017 0.5000000000
987  -26.887  -93.372  21.570 0.2000000030
177602  -25.046  -94.275  18.877 0.2000000030
155821  -25.771  -94.094  20.802 0.2000000030
181910  -11.417  -94.124  25.812 0.5000000000
1468  -9.613  -92.022  36.164 0.4000000060
2191  -11.824  -90.388  24.851 0.5000000000
179738  -11.754  -89.513  24.427 0.4000000060
2713  -31.617  -89.022  -7.290 0.2000000030
3723  -28.402  -87.310  -14.258 0.2000000030
1147  -13.279  -92.772  36.874 0.2000000030
1794  -14.566  -90.900  37.739 0.2000000030
1459  -14.219  -91.368  38.207 0.2000000030
164897  -36.341  -89.326  2.853 0.1000000015
3147  -34.820  -87.436  -7.709 0.2000000030
5232  -29.903  -84.102  -16.143 0.2000000030
7859  -28.807  -79.417  -15.360 0.2000000030
7853  -30.001  -79.141  -14.759 0.2000000030
145093  -29.537  -78.592  -13.906 0.2000000030
4743  -30.767  -84.365  -13.929 0.1000000015
5731  -30.702  -83.280  -16.035 0.1000000015
4730  -33.048  -84.809  -12.176 0.2000000030
6730  -30.828  -81.816  -16.023 0.1000000015
6185  -32.703  -82.246  -13.750 0.1000000015
5214  -31.888  -84.086  -13.105 0.1000000015
4722  -35.414  -84.949  -10.934 0.2000000030
7284  -32.125  -80.839  -14.901 0.1000000015
6715  -32.596  -81.614  -14.150 0.1000000015
7273  -32.837  -81.014  -13.865 0.1000000015
5711  -33.793  -82.698  -12.614 0.1000000015
5710  -33.183  -83.161  -13.002 0.1000000015
5696  -35.672  -83.692  -11.236 0.2000000030
7839  -31.439  -79.328  -13.447 0.1000000015
162234  -32.616  -79.689  -13.034 0.1000000015
6158  -34.639  -81.988  -11.145 0.1000000015
170266  -30.743  -79.021  -11.441 0.1000000015
145095  -31.970  -78.713  -11.777 0.1000000015
164403  -37.365  -87.976  2.123 0.1000000015
3633  -37.142  -87.497  -0.090 0.2000000030
6086  -32.000  -83.214  0.511 0.2000000030
4197  -38.033  -85.079  -5.501 0.2000000030
5182  -38.045  -84.042  -8.983 0.1000000015
152269  -32.693  -78.539  -12.369 0.1000000015
6153  -38.504  -82.263  -10.018 0.1000000015
5184  -39.124  -83.241  -8.314 0.1000000015
7831  -36.418  -79.180  -11.769 0.1000000015
6162  -38.268  -81.901  -10.182 0.1000000015
4177  -37.812  -86.251  1.612 0.2000000030
4680  -38.687  -84.370  -5.691 0.2000000030
8982  -35.483  -77.998  -13.786 0.1000000015
8414  -34.618  -78.121  -13.431 0.1000000015
6146  -39.452  -82.347  -9.293 0.1000000015
6682  -39.964  -81.218  -10.008 0.1000000015
8421  -37.001  -78.156  -14.186 0.1000000015
7258  -38.912  -79.957  -11.738 0.1000000015
15093  -16.166  -68.604  26.516 0.2000000030
13562  -11.715  -70.333  30.509 0.3000000119
13529  -9.229  -70.218  33.572 0.4000000060
14237  -9.679  -70.270  32.908 0.4000000060
14268  -11.047  -70.014  31.079 0.3000000119
14286  -11.665  -69.181  28.869 0.3000000119
14278  -10.521  -69.339  30.815 0.3000000119
15891  -11.987  -67.426  25.972 0.3000000119
15036  -8.779  -68.267  31.745 0.4000000060
22909  -15.125  -60.110  -0.887 0.2000000030
16686  -13.844  -66.013  29.041 0.3000000119
23817  -11.615  -58.312  1.506 0.3000000119
23823  -13.065  -58.701  0.260 0.3000000119
21981  -15.477  -60.572  -1.491 0.3000000119
23842  -16.584  -58.896  -2.215 0.2000000030
24534  -16.594  -56.974  27.681 0.2000000030
25544  -15.032  -56.930  26.742 0.4000000060
178665  -16.176  -56.440  27.484 0.2000000030
25542  -13.413  -56.510  26.492 0.4000000060
26466  -15.440  -55.549  27.169 0.2000000030
26482  -13.959  -55.925  26.650 0.3000000119
24807  -16.503  -57.963  -2.215 0.2000000030
24523  -17.634  -57.370  28.773 0.2000000030
26451  -16.770  -55.576  27.849 0.2000000030
26737  -11.688  -55.784  2.340 0.4000000060
28390  -16.068  -54.462  25.132 0.3000000119
29363  -17.570  -52.710  23.378 0.1000000015
158364  -18.014  -54.143  21.705 0.1000000015
27686  -13.803  -54.513  0.697 0.3000000119
28583  -13.408  -53.428  3.121 0.4000000060
28624  -16.255  -53.672  -1.505 0.2000000030
162256  -15.172  -56.224  4.629 0.4000000060
175377  -13.701  -52.648  1.897 0.3000000119
27660  -13.997  -53.959  3.802 0.4000000060
22846  -15.043  -60.538  7.396 0.5000000000
23788  -15.161  -59.575  5.929 0.4000000060
23762  -14.240  -59.510  8.829 0.5000000000
22847  -15.765  -60.478  6.998 0.4000000060
24730  -14.307  -58.374  8.316 0.5000000000
24762  -16.699  -57.929  4.612 0.4000000060
32393  -15.329  -50.122  17.485 0.2000000030
25738  -14.129  -57.285  7.514 0.3000000119
25739  -14.993  -57.898  7.499 0.3000000119
33346  -16.497  -49.013  18.324 0.3000000119
35232  -19.069  -45.386  18.537 0.5000000000
36165  -17.528  -44.773  18.657 0.3000000119
37082  -16.562  -43.753  18.228 0.3000000119
37093  -19.562  -44.190  17.215 0.4000000060
38093  -18.342  -43.363  16.725 0.2000000030
38099  -19.527  -43.373  15.792 0.3000000119
41207  -20.763  -40.113  12.568 0.4000000060
596  -13.249  -96.456  -4.353 0.1000000015
1095  -11.892  -94.336  -2.197 0.1000000015
822  -11.661  -95.762  -3.026 0.1000000015
176514  -11.966  -96.924  -2.556 0.1000000015
159225  -13.092  -97.938  -1.599 0.2000000030
448  -13.223  -97.484  -2.394 0.1000000015
443  -13.862  -98.034  -1.960 0.2000000030
558  -8.619  -96.395  4.761 0.2000000030
413  -8.708  -97.348  4.355 0.2000000030
417  -9.049  -97.545  3.500 0.2000000030
268  -9.324  -98.360  4.907 0.2000000030
422  -9.102  -97.014  2.986 0.2000000030
418  -9.637  -98.244  3.398 0.2000000030
1094  -11.607  -95.060  -2.663 0.1000000015
586  -11.608  -96.350  -2.494 0.1000000015
550  -8.393  -95.853  6.178 0.2000000030
277  -10.240  -98.420  2.678 0.1000000015
273  -10.367  -98.926  3.423 0.3000000119
566  -9.334  -96.799  2.309 0.1000000015
143  -11.288  -99.330  3.492 0.4000000060
817  -11.401  -94.852  -1.532 0.1000000015
447  -12.343  -97.382  -1.978 0.1000000015
788  -8.954  -95.318  5.455 0.2000000030
784  -9.013  -95.035  6.399 0.1000000015
1051  -9.107  -94.711  5.710 0.1000000015
274  -11.009  -99.085  2.724 0.3000000119
424  -10.087  -98.056  1.906 0.1000000015
428  -10.208  -97.677  1.153 0.1000000015
432  -10.356  -97.266  0.400 0.1000000015
144  -12.278  -99.692  3.614 0.4000000060
807  -10.325  -95.795  0.099 0.1000000015
577  -10.519  -96.702  -0.391 0.1000000015
446  -11.458  -96.944  -1.883 0.1000000015
311  -13.113  -98.220  -0.809 0.2000000030
1320  -7.652  -93.857  6.345 0.1000000015
779  -8.627  -94.852  7.094 0.1000000015
159221  -10.855  -98.596  2.080 0.2000000030
153  -11.801  -99.327  2.799 0.4000000060
289  -10.965  -98.116  0.627 0.2000000030
279  -12.147  -99.207  2.075 0.2000000030
154  -12.664  -99.479  2.747 0.3000000119
156477  -13.192  -99.805  3.325 0.4000000060
433  -10.998  -97.549  -0.206 0.1000000015
290  -11.949  -98.451  0.613 0.2000000030
301  -12.403  -98.265  -0.259 0.2000000030
164  -13.004  -99.290  1.961 0.2000000030
436  -11.161  -97.185  -1.015 0.1000000015
154183  -13.216  -98.456  -0.149 0.2000000030
1300  -4.728  -93.497  9.254 0.2000000030
1307  -5.392  -93.552  8.646 0.2000000030
1043  -7.141  -93.822  8.344 0.2000000030
2703  -4.827  -89.117  -5.780 0.1000000015
2708  -5.391  -89.557  -6.366 0.1000000015
149524  -5.599  -89.511  -5.365 0.1000000015
175853  -4.784  -89.106  -6.744 0.1000000015
168034  -6.313  -89.440  -4.745 0.1000000015
3128  -4.356  -88.515  -5.203 0.1000000015
169845  -5.832  -88.709  -4.511 0.1000000015
3662  -4.328  -88.309  -7.248 0.1000000015
3657  -3.841  -87.960  -6.492 0.1000000015
4058  -1.389  -86.328  18.788 0.1000000015
5673  -4.223  -84.075  -8.956 0.4000000060
5657  -3.576  -83.844  -7.389 0.3000000119
5665  -3.953  -83.950  -8.150 0.3000000119
4523  -1.444  -85.404  18.555 0.1000000015
5651  -2.995  -83.680  -6.631 0.2000000030
5658  -4.265  -83.329  -7.634 0.3000000119
5646  -2.580  -83.861  -5.222 0.1000000015
6121  -4.531  -82.620  -7.196 0.4000000060
155823  -2.717  -83.117  -5.818 0.1000000015
163733  -3.776  -82.174  -6.597 0.3000000119
6119  -2.919  -82.107  -5.983 0.2000000030
6625  -3.377  -81.451  -6.215 0.2000000030
9483  -2.657  -77.134  -4.055 0.2000000030
5484  -1.581  -83.188  18.487 0.1000000015
7771  -3.068  -79.774  -5.988 0.2000000030
179995  -1.521  -83.598  19.183 0.1000000015
5964  -1.578  -82.852  19.340 0.2000000030
5967  -1.719  -82.275  18.598 0.1000000015
5957  -1.572  -82.534  21.093 0.3000000119
6464  -1.609  -81.215  20.942 0.2000000030
5959  -1.579  -82.672  20.226 0.2000000030
7045  -1.565  -80.584  21.585 0.2000000030
162835  -1.596  -81.884  20.530 0.2000000030
6473  -1.644  -81.899  19.539 0.1000000015
158389  -1.952  -80.393  19.695 0.2000000030
7046  -2.250  -79.652  20.077 0.2000000030
6467  -1.655  -81.117  20.076 0.1000000015
9395  -3.581  -77.254  21.987 0.1000000015
8830  -2.769  -77.675  20.822 0.1000000015
7634  -2.549  -78.937  20.469 0.1000000015
8224  -2.700  -78.307  20.820 0.1000000015
16004  -3.233  -67.566  5.509 0.2000000030
9390  -4.178  -76.728  22.485 0.1000000015
10017  -3.664  -76.254  21.696 0.1000000015
9394  -3.051  -77.049  21.269 0.1000000015
178585  -2.945  -76.239  20.977 0.1000000015
8233  -2.435  -78.034  20.012 0.1000000015
16829  -3.486  -66.783  5.484 0.5000000000
10011  -4.251  -75.829  22.347 0.1000000015
10016  -3.140  -75.468  21.060 0.1000000015
10020  -2.770  -75.699  20.159 0.1000000015
9403  -2.551  -76.861  20.413 0.1000000015
7640  -2.530  -79.096  19.603 0.1000000015
10001  -4.510  -75.514  22.953 0.1000000015
10010  -3.602  -75.285  21.772 0.1000000015
10686  -2.956  -74.746  20.402 0.1000000015
156905  -2.733  -73.881  20.731 0.1000000015
16827  -3.344  -66.287  6.244 0.4000000060
167309  -2.537  -76.440  36.700 0.4000000060
179824  -2.514  -76.157  35.914 0.4000000060
8677  -2.527  -76.872  35.784 0.4000000060
9249  -2.497  -76.491  34.338 0.4000000060
9838  -2.518  -75.725  34.700 0.4000000060
10684  -2.941  -74.640  21.285 0.1000000015
10467  -2.596  -74.626  36.053 0.4000000060
10478  -2.616  -73.958  35.212 0.4000000060
157051  -2.604  -74.215  34.139 0.5000000000
183483  -2.554  -75.153  34.232 0.5000000000
11341  -3.049  -73.568  26.535 0.3000000119
12100  -2.963  -72.816  26.148 0.3000000119
12111  -3.091  -72.600  25.389 0.3000000119
20976  -4.147  -62.148  13.341 0.2000000030
164036  -3.935  -62.773  13.195 0.2000000030
20165  -4.281  -62.528  12.562 0.2000000030
164075  -4.004  -63.070  12.066 0.2000000030
12128  -2.674  -72.239  23.791 0.1000000015
12890  -2.869  -71.232  23.396 0.2000000030
12121  -2.987  -72.405  24.622 0.2000000030
12876  -3.437  -71.741  25.162 0.3000000119
161781  -3.634  -70.607  24.121 0.2000000030
13622  -3.689  -70.172  24.604 0.1000000015
14336  -3.758  -69.664  23.936 0.1000000015
15106  -3.782  -68.678  22.622 0.1000000015
185125  -3.762  -68.269  22.020 0.1000000015
15102  -3.707  -68.854  23.426 0.1000000015
15913  -3.537  -67.900  22.453 0.1000000015
15916  -3.628  -67.646  21.710 0.1000000015
16745  -3.701  -66.584  20.681 0.1000000015
15915  -2.898  -67.103  22.105 0.1000000015
16742  -3.236  -66.795  21.314 0.1000000015
16746  -4.205  -66.359  20.103 0.1000000015
15908  -2.657  -67.506  23.895 0.1000000015
13616  -3.302  -70.110  25.355 0.2000000030
15911  -2.867  -67.478  23.068 0.1000000015
17678  -2.672  -66.031  21.700 0.1000000015
163242  -3.553  -65.765  20.439 0.1000000015
17682  -4.298  -65.495  20.084 0.1000000015
16734  -2.482  -66.973  24.545 0.1000000015
16736  -2.531  -66.701  23.702 0.1000000015
17681  -3.040  -65.355  20.663 0.1000000015
178773  -3.594  -64.882  20.464 0.1000000015
18514  -2.613  -64.236  24.882 0.1000000015
17671  -2.448  -65.977  24.447 0.1000000015
16731  -2.431  -66.260  25.355 0.3000000119
180060  -2.551  -64.264  24.076 0.2000000030
19271  -12.864  -63.436  28.950 0.3000000119
18516  -2.495  -64.805  23.414 0.1000000015
185150  -2.935  -64.790  20.752 0.1000000015
158994  -3.890  -64.092  20.490 0.1000000015
150902  -3.966  -57.791  17.903 0.2000000030
23706  -3.790  -58.173  17.304 0.2000000030
178055  -2.539  -65.130  25.315 0.2000000030
18508  -2.746  -64.238  25.637 0.2000000030
19310  -2.721  -63.399  24.399 0.1000000015
20055  -13.346  -62.888  28.648 0.3000000119
19317  -2.544  -63.789  23.392 0.1000000015
18526  -2.688  -64.272  21.088 0.1000000015
18527  -3.122  -64.103  20.727 0.1000000015
156738  -2.686  -62.969  23.689 0.1000000015
20110  -2.647  -62.496  22.277 0.1000000015
19325  -2.622  -63.338  21.547 0.1000000015
19300  -2.907  -63.551  25.341 0.3000000119
19311  -3.068  -62.820  24.929 0.2000000030
20116  -2.743  -62.350  21.277 0.1000000015
19327  -2.859  -63.251  20.908 0.1000000015
20093  -2.913  -62.547  24.091 0.1000000015
20103  -2.793  -62.305  23.289 0.1000000015
20938  -2.778  -61.555  21.749 0.1000000015
27644  -16.710  -55.252  3.871 0.3000000119
27643  -15.656  -54.916  4.061 0.3000000119
20928  -2.842  -61.680  22.618 0.1000000015
20094  -3.408  -62.340  24.329 0.2000000030
20917  -3.022  -61.923  23.508 0.1000000015
20939  -2.997  -60.885  21.382 0.1000000015
20929  -3.449  -60.848  21.801 0.1000000015
25765  -17.002  -57.034  4.347 0.3000000119
27645  -17.807  -55.189  3.661 0.3000000119
27646  -18.851  -55.022  3.854 0.2000000030
20080  -3.824  -62.664  25.120 0.4000000060
20095  -4.396  -62.353  24.398 0.3000000119
20905  -3.855  -61.886  23.648 0.2000000030
163701  -3.446  -61.375  22.687 0.1000000015
20918  -4.681  -61.507  23.025 0.3000000119
21836  -6.444  -60.895  22.942 0.3000000119
22744  -6.659  -59.905  21.947 0.2000000030
22746  -8.185  -59.392  22.440 0.4000000060
183980  -17.257  -57.756  4.639 0.3000000119
180685  -18.104  -56.350  4.395 0.3000000119
20906  -5.065  -61.978  23.775 0.3000000119
20919  -5.782  -61.490  23.298 0.3000000119
21843  -6.998  -60.278  22.587 0.5000000000
22734  -7.830  -59.961  22.827 0.6000000238
23656  -8.890  -58.774  22.361 0.4000000060
23791  -17.527  -58.979  5.574 0.3000000119
25766  -17.771  -56.969  4.689 0.3000000119
26707  -19.526  -55.742  4.693 0.2000000030
28571  -19.008  -54.047  3.734 0.2000000030
27647  -19.685  -54.629  4.402 0.2000000030
21838  -8.310  -60.334  23.263 0.6000000238
22735  -8.805  -59.531  22.875 0.6000000238
24602  -9.533  -58.152  22.088 0.5000000000
26540  -11.213  -57.508  22.828 0.4000000060
22747  -13.964  -59.801  23.271 0.4000000060
20922  -15.327  -61.112  23.965 0.4000000060
20942  -15.200  -62.161  22.807 0.3000000119
180958  -17.822  -58.008  5.357 0.3000000119
25767  -18.403  -57.269  5.378 0.2000000030
26706  -18.727  -56.552  4.866 0.2000000030
182959  -7.966  -60.777  23.542 0.6000000238
24604  -12.965  -57.943  23.100 0.4000000060
23658  -14.065  -58.943  23.744 0.4000000060
22749  -16.295  -60.886  23.249 0.4000000060
166517  -16.614  -62.207  21.211 0.3000000119
20959  -18.077  -61.744  19.946 0.3000000119
20907  -6.113  -61.886  23.996 0.5000000000
22759  -16.648  -60.676  22.174 0.5000000000
20958  -17.655  -60.970  19.847 0.4000000060
21878  -18.174  -60.666  19.526 0.4000000060
21876  -17.110  -60.049  19.674 0.5000000000
32473  -12.956  -49.598  4.412 0.1000000015
34285  -15.128  -47.875  19.227 0.2000000030
179514  -12.991  -48.725  4.575 0.2000000030
166944  -15.144  -46.373  19.918 0.1000000015
34273  -14.782  -47.270  19.786 0.1000000015
36153  -15.298  -45.342  19.649 0.1000000015
182787  -19.444  -41.336  13.658 0.2000000030
40184  -20.100  -40.808  13.196 0.2000000030
41229  -19.911  -40.319  9.417 0.4000000060
41206  -19.651  -40.146  12.789 0.3000000119
41216  -20.173  -39.582  12.155 0.3000000119
158790  -19.653  -39.138  11.827 0.1000000015
43224  -20.593  -38.923  10.449 0.4000000060
43235  -20.470  -38.277  10.175 0.4000000060
42274  -19.994  -38.903  9.016 0.4000000060
154703  -2.703  -81.683  -5.213 0.1000000015
180211  -4.682  -81.929  -6.922 0.3000000119
7193  -2.899  -80.491  -5.692 0.2000000030
7757  -2.490  -79.655  -3.848 0.1000000015
8348  -2.645  -78.394  -5.065 0.3000000119
10677  -2.885  -74.529  22.163 0.1000000015
10663  -3.549  -74.990  23.444 0.1000000015
152677  -3.667  -70.877  24.910 0.3000000119
167270  -2.888  -68.819  24.830 0.1000000015
12885  -3.301  -71.501  24.373 0.2000000030
15098  -3.380  -68.889  24.170 0.1000000015
160279  -2.491  -65.036  24.275 0.1000000015
17674  -2.496  -65.742  23.536 0.1000000015
19375  -3.806  -63.347  11.266 0.2000000030
19374  -2.996  -63.961  11.191 0.2000000030
157890  -6.157  -93.484  7.912 0.2000000030
2717  -5.690  -89.473  -8.193 0.1000000015
163579  -2.591  -74.981  33.423 0.5000000000
20065  -13.209  -62.540  28.139 0.3000000119
20881  -13.725  -62.006  27.652 0.3000000119
20890  -13.564  -61.575  26.999 0.3000000119
22748  -14.797  -59.664  24.195 0.4000000060
21871  -16.968  -60.899  20.774 0.4000000060
21884  -18.029  -59.486  18.898 0.4000000060
21837  -7.419  -60.702  23.223 0.5000000000
21846  -15.617  -61.532  23.502 0.4000000060
21845  -14.724  -60.675  23.825 0.4000000060
1044  -7.925  -94.202  6.978 0.2000000030
1313  -7.165  -93.628  7.373 0.2000000030
179565  -3.101  -78.951  -5.995 0.3000000119
41230  -20.504  -39.800  9.943 0.4000000060
42259  -20.096  -39.552  9.407 0.4000000060
155  -13.517  -99.505  2.638 0.3000000119
10662  -2.828  -74.408  23.093 0.1000000015
15097  -2.667  -68.044  24.530 0.1000000015
35220  -15.697  -47.010  19.589 0.2000000030
37076  -16.076  -44.732  18.939 0.2000000030
43223  -20.443  -38.623  10.823 0.3000000119
42243  -20.385  -39.137  11.470 0.2000000030
42260  -20.493  -38.929  9.833 0.4000000060
816  -10.974  -95.713  -1.443 0.1000000015
431  -9.814  -96.951  0.994 0.1000000015
437  -11.681  -97.785  -0.692 0.1000000015
159819  -10.567  -95.186  -0.053 0.1000000015
581  -10.917  -96.500  -1.287 0.1000000015
300  -11.553  -98.137  0.012 0.1000000015
7761  -2.544  -79.609  -4.718 0.2000000030
10000  -3.693  -75.098  22.546 0.1000000015
14335  -3.412  -69.510  24.705 0.1000000015
15105  -3.514  -68.240  23.042 0.1000000015
15101  -3.010  -68.216  23.669 0.1000000015
16739  -2.613  -66.445  22.764 0.1000000015
17680  -2.929  -65.974  20.855 0.1000000015
17688  -4.902  -66.134  19.763 0.1000000015
17676  -2.520  -65.419  22.625 0.1000000015
162494  -2.553  -64.938  21.769 0.1000000015
175874  -2.710  -65.253  21.026 0.1000000015
18521  -2.495  -64.454  22.581 0.1000000015
18528  -4.700  -64.557  20.285 0.1000000015
20057  -14.734  -61.989  28.017 0.3000000119
19323  -2.539  -63.545  22.440 0.1000000015
155895  -2.535  -64.120  21.833 0.1000000015
180882  -2.892  -61.061  22.052 0.1000000015
26705  -17.497  -56.111  4.129 0.3000000119
20930  -4.446  -60.978  22.255 0.2000000030
21835  -5.493  -61.024  22.617 0.3000000119
21856  -5.347  -60.599  21.917 0.3000000119
22745  -7.465  -59.653  22.215 0.3000000119
21844  -14.093  -60.844  22.894 0.4000000060
20931  -14.844  -61.531  23.387 0.4000000060
20948  -15.780  -62.422  21.915 0.3000000119
21858  -16.073  -61.760  22.709 0.3000000119
23657  -13.219  -58.755  22.848 0.4000000060
21867  -16.611  -61.558  21.756 0.3000000119
21872  -17.219  -61.681  20.528 0.4000000060
33424  -13.316  -48.869  4.060 0.1000000015
43222  -19.784  -38.512  11.304 0.2000000030
43234  -19.990  -37.964  10.630 0.2000000030
4198  -3.270  -86.726  -6.538 0.1000000015
3656  -3.519  -87.363  -6.171 0.1000000015
4201  -3.307  -86.147  -7.331 0.2000000030
3666  -3.688  -86.839  -7.940 0.1000000015
179400  -3.106  -84.504  -7.117 0.2000000030
5164  -3.532  -84.573  -7.815 0.2000000030
4692  -3.537  -85.448  -8.201 0.2000000030
161590  -5.880  -89.907  -6.864 0.1000000015
152373  -13.036  -88.614  20.856 0.4000000060
2443  -9.327  -89.390  37.273 0.3000000119
2111  -9.305  -90.455  37.110 0.3000000119
8339  -2.406  -78.635  -3.632 0.1000000015
1795  -9.426  -91.260  36.736 0.3000000119
8342  -2.489  -78.887  -4.526 0.1000000015
8337  -2.407  -78.292  -2.697 0.1000000015
2855  -9.382  -87.596  34.528 0.3000000119
157011  -2.375  -77.397  -2.662 0.1000000015
10073  -2.378  -75.266  1.899 0.1000000015
165006  -2.994  -70.027  5.508 0.1000000015
10746  -2.537  -74.073  3.277 0.1000000015
161483  -2.708  -72.124  4.009 0.1000000015
175605  -2.983  -69.195  5.537 0.1000000015
16003  -2.814  -67.585  6.787 0.1000000015
15203  -2.925  -68.688  5.926 0.1000000015
159932  -2.938  -67.967  6.005 0.1000000015
15213  -3.173  -68.434  5.119 0.1000000015
16828  -3.000  -67.126  6.147 0.1000000015
16826  -2.894  -66.647  7.010 0.1000000015
16002  -2.716  -67.291  7.472 0.1000000015
16825  -2.691  -66.627  8.021 0.1000000015
16824  -2.641  -66.332  8.802 0.1000000015
17736  -2.617  -65.799  9.937 0.1000000015
18593  -2.931  -64.911  8.922 0.1000000015
17729  -2.610  -65.378  10.655 0.1000000015
16811  -2.534  -66.304  10.419 0.1000000015
161563  -2.494  -66.127  11.253 0.1000000015
18577  -2.888  -64.433  10.485 0.2000000030
18584  -2.758  -65.008  9.796 0.1000000015
18594  -3.576  -64.320  8.568 0.5000000000
18571  -2.555  -65.248  11.569 0.1000000015
17724  -2.484  -65.936  12.135 0.1000000015
183487  -2.725  -64.671  11.140 0.1000000015
16792  -2.527  -66.617  12.750 0.1000000015
182810  -3.368  -63.804  10.586 0.2000000030
18585  -3.384  -64.026  9.650 0.2000000030
19368  -2.764  -64.399  11.836 0.1000000015
18565  -2.538  -64.998  12.434 0.1000000015
18561  -2.546  -64.858  13.377 0.1000000015
17712  -2.519  -65.679  13.893 0.1000000015
166990  -3.308  -63.657  11.974 0.1000000015
19369  -3.694  -63.234  12.691 0.1000000015
19357  -3.229  -63.263  14.381 0.1000000015
20158  -3.575  -62.460  14.750 0.1000000015
20157  -2.844  -63.105  15.450 0.1000000015
20161  -3.829  -62.652  13.895 0.1000000015
20973  -3.909  -61.873  14.135 0.1000000015
22807  -3.820  -60.177  13.879 0.1000000015
20153  -3.167  -62.214  15.519 0.1000000015
20152  -2.697  -62.457  16.391 0.1000000015
20964  -2.665  -61.771  16.957 0.1000000015
178320  -3.687  -60.485  14.883 0.1000000015
23722  -3.826  -59.036  13.820 0.3000000119
20968  -2.932  -61.556  16.042 0.1000000015
176229  -2.834  -60.885  16.771 0.1000000015
152807  -3.006  -60.207  17.701 0.1000000015
178714  -3.588  -59.989  15.575 0.1000000015
21890  -3.306  -60.726  15.767 0.1000000015
21888  -3.260  -60.007  16.487 0.1000000015
144906  -3.431  -59.109  17.269 0.1000000015
171700  -3.602  -58.508  17.958 0.1000000015
22803  -3.788  -59.425  14.882 0.1000000015
181394  -3.728  -58.608  16.496 0.1000000015
151169  -4.432  -58.124  18.265 0.1000000015
169558  -8.002  -56.176  17.818 0.1000000015
151430  -9.705  -58.039  17.392 0.1000000015
170369  -10.849  -57.982  16.625 0.1000000015
170195  -8.802  -56.153  17.380 0.1000000015
170854  -9.336  -57.065  17.519 0.1000000015
180716  -10.198  -57.305  16.819 0.1000000015
27554  -10.967  -54.761  14.607 0.2000000030
28494  -10.282  -54.024  14.749 0.2000000030
27544  -8.813  -54.286  15.889 0.2000000030
144937  -10.803  -56.454  15.619 0.1000000015
152746  -11.439  -56.958  15.497 0.1000000015
27533  -8.306  -54.675  16.403 0.1000000015
27520  -7.822  -54.982  17.021 0.1000000015
26582  -10.045  -56.287  16.224 0.1000000015
181234  -10.506  -56.830  16.194 0.1000000015
171233  -11.765  -57.615  15.740 0.1000000015
150020  -11.448  -58.176  16.340 0.1000000015
27519  -7.069  -54.964  16.828 0.1000000015
27555  -11.725  -54.647  14.058 0.2000000030
28513  -14.498  -53.596  12.020 0.2000000030
28503  -12.451  -53.632  13.187 0.2000000030
27578  -13.894  -53.926  12.816 0.2000000030
163673  -13.177  -54.231  13.217 0.1000000015
28442  -17.968  -53.541  19.921 0.1000000015
28521  -15.404  -53.489  11.376 0.2000000030
28512  -13.610  -53.248  12.310 0.2000000030
28522  -16.384  -53.594  11.271 0.2000000030
174954  -14.683  -53.012  11.262 0.2000000030
161025  -16.025  -52.917  10.965 0.2000000030
29473  -15.286  -52.601  10.844 0.2000000030
175026  -16.175  -52.013  10.629 0.2000000030
28438  -11.785  -52.402  19.455 0.1000000015
30442  -17.639  -51.476  11.020 0.2000000030
29475  -17.726  -52.352  11.030 0.1000000015
28450  -12.045  -52.789  19.086 0.1000000015
29413  -11.995  -52.195  17.975 0.1000000015
29423  -13.537  -52.523  17.225 0.1000000015
30391  -12.138  -50.943  17.842 0.1000000015
31382  -19.624  -50.743  13.674 0.1000000015
31381  -19.642  -49.979  13.800 0.1000000015
30423  -18.784  -50.581  12.809 0.1000000015
30424  -19.409  -51.428  12.842 0.1000000015
30425  -20.056  -51.647  13.537 0.1000000015
30432  -18.830  -51.373  12.180 0.1000000015
31411  -17.330  -50.642  11.071 0.2000000030
30392  -12.500  -51.455  17.551 0.1000000015
30393  -13.100  -51.869  17.326 0.1000000015
31373  -13.306  -50.787  17.315 0.1000000015
158147  -14.247  -50.682  17.043 0.1000000015
161934  -20.345  -50.264  14.090 0.1000000015
30411  -20.613  -51.211  14.082 0.1000000015
163239  -13.067  -49.187  17.770 0.1000000015
152841  -13.816  -49.772  17.543 0.1000000015
34309  -14.614  -49.027  18.100 0.1000000015
34300  -15.358  -48.508  18.591 0.1000000015
41205  -18.648  -40.091  13.008 0.2000000030
44203  -18.570  -37.178  10.465 0.1000000015
178313  -18.260  -36.364  9.965 0.1000000015
44205  -20.135  -37.747  9.968 0.1000000015
43233  -18.976  -37.929  11.043 0.1000000015
43242  -20.280  -38.138  9.453 0.2000000030
44204  -19.464  -37.457  10.223 0.1000000015
44226  -19.851  -37.471  9.363 0.2000000030
44225  -19.142  -36.917  9.616 0.1000000015
43241  -19.791  -38.152  8.619 0.3000000119
43260  -19.067  -38.366  7.759 0.3000000119
42278  -17.147  -39.509  6.849 0.3000000119
20969  -3.563  -61.500  15.044 0.1000000015
157670  -18.204  -39.590  7.505 0.3000000119
23713  -3.818  -58.570  15.564 0.1000000015
149462  -6.701  -57.101  18.032 0.1000000015
170453  -7.122  -56.369  17.668 0.1000000015
26571  -7.473  -55.639  17.312 0.1000000015
30438  -13.683  -52.001  11.302 0.2000000030
30431  -18.135  -50.870  11.743 0.2000000030
31375  -14.428  -51.356  16.618 0.1000000015
29403  -17.490  -52.788  19.408 0.1000000015
28475  -13.290  -52.847  17.529 0.1000000015
181552  -13.822  -51.987  16.901 0.1000000015
29391  -13.285  -52.196  19.628 0.1000000015
28461  -12.089  -52.693  18.444 0.1000000015
28466  -12.615  -52.589  17.931 0.1000000015
33357  -14.758  -49.759  17.622 0.1000000015
33345  -15.522  -49.264  18.049 0.1000000015
30400  -13.570  -51.442  17.006 0.1000000015
34284  -14.045  -47.808  19.179 0.1000000015
22799  -3.643  -59.290  16.021 0.1000000015
150183  -9.536  -56.509  16.935 0.1000000015
184587  -8.146  -55.626  17.333 0.1000000015
169430  -9.269  -55.789  16.585 0.1000000015
179575  -18.489  -51.939  11.495 0.1000000015
30383  -12.125  -51.743  17.861 0.1000000015
29422  -12.968  -52.439  17.571 0.1000000015
31353  -11.782  -50.199  18.241 0.1000000015
31365  -12.901  -51.148  17.343 0.1000000015
32399  -13.594  -50.279  17.414 0.1000000015
32392  -12.701  -50.222  17.733 0.1000000015
31374  -13.901  -51.115  16.896 0.1000000015
160676  -13.128  -49.621  17.685 0.1000000015
33355  -13.275  -48.843  17.864 0.1000000015
34308  -13.579  -48.585  18.074 0.1000000015
43259  -18.032  -38.668  7.102 0.3000000119
179885  -8.882  -96.520  3.753 0.1000000015
1306  -4.485  -93.467  8.457 0.1000000015
166582  -5.013  -93.581  7.835 0.1000000015
2570  -14.008  -88.429  22.507 0.3000000119
156750  -14.124  -87.294  22.392 0.3000000119
2571  -16.177  -88.596  23.529 0.3000000119
2584  -13.329  -87.804  21.557 0.3000000119
153947  -14.563  -86.490  22.949 0.3000000119
3995  -14.890  -85.646  23.372 0.3000000119
3483  -16.441  -85.851  22.505 0.3000000119
175614  -16.635  -86.686  22.466 0.3000000119
3435  -14.037  -86.962  24.816 0.3000000119
3451  -14.500  -86.169  24.222 0.3000000119
3996  -15.494  -85.384  23.941 0.3000000119
2942  -13.471  -87.510  24.846 0.3000000119
164273  -14.731  -87.029  25.208 0.3000000119
877  -17.870  -93.197  32.997 0.2000000030
2948  -19.334  -88.935  24.556 0.2000000030
2963  -19.093  -88.136  24.029 0.2000000030
2193  -19.478  -90.203  25.563 0.2000000030
3453  -18.692  -86.868  23.365 0.2000000030
3469  -18.566  -85.927  22.294 0.2000000030
3999  -17.641  -85.748  23.248 0.2000000030
3986  -16.313  -85.818  24.671 0.3000000119
3997  -16.390  -85.132  23.725 0.3000000119
2928  -16.141  -87.650  26.047 0.3000000119
175759  -16.895  -87.542  25.670 0.3000000119
2944  -15.297  -87.685  25.818 0.3000000119
2525  -16.332  -88.852  26.573 0.3000000119
181250  -16.825  -88.274  26.195 0.3000000119
2946  -17.491  -88.408  25.741 0.3000000119
2540  -17.261  -89.034  26.402 0.3000000119
2541  -18.041  -89.268  25.832 0.3000000119
181586  -18.336  -90.328  26.394 0.3000000119
175335  -20.180  -92.352  27.567 0.2000000030
183389  -19.179  -93.078  28.594 0.3000000119
2542  -18.928  -89.535  25.176 0.2000000030
2962  -18.349  -87.662  24.307 0.2000000030
896  -18.539  -93.002  30.372 0.2000000030
1181  -19.296  -92.816  30.326 0.3000000119
1865  -19.539  -91.371  26.522 0.2000000030
2947  -18.390  -88.601  24.907 0.2000000030
3452  -17.738  -86.644  24.177 0.3000000119
3438  -17.656  -87.612  25.012 0.3000000119
1853  -19.249  -91.835  26.937 0.2000000030
2181  -18.944  -90.708  26.252 0.2000000030
181286  -12.672  -88.883  25.198 0.3000000119
2523  -14.476  -89.016  26.161 0.3000000119
1527  -19.330  -92.355  27.542 0.3000000119
2192  -12.492  -90.543  25.658 0.3000000119
2176  -14.277  -90.325  26.581 0.3000000119
163113  -14.617  -89.757  26.510 0.3000000119
176713  -13.475  -90.642  26.322 0.3000000119
2177  -15.116  -90.359  26.824 0.3000000119
1851  -17.858  -91.975  27.470 0.3000000119
152833  -18.908  -92.975  28.094 0.3000000119
162985  -17.994  -93.094  28.228 0.3000000119
1861  -15.210  -91.340  27.110 0.3000000119
180954  -13.174  -92.257  26.235 0.3000000119
1860  -14.356  -91.050  26.799 0.3000000119
164366  -18.236  -93.276  29.775 0.3000000119
902  -18.862  -93.152  29.216 0.2000000030
1852  -18.634  -91.928  27.236 0.3000000119
1525  -16.963  -91.904  27.501 0.3000000119
1534  -13.680  -91.661  26.570 0.3000000119
6951  -2.241  -80.220  34.854 0.3000000119
6383  -2.300  -81.044  35.152 0.3000000119
1203  -13.615  -93.555  26.590 0.3000000119
6950  -2.193  -80.861  34.248 0.3000000119
6960  -2.134  -80.053  34.001 0.3000000119
8621  -3.982  -78.411  38.221 0.2000000030
9200  -4.868  -77.595  37.367 0.2000000030
164136  -5.961  -76.778  37.018 0.2000000030
7482  -2.726  -79.943  38.873 0.3000000119
156937  -2.658  -79.104  38.756 0.2000000030
9190  -3.269  -77.242  38.734 0.2000000030
9775  -4.345  -76.667  38.151 0.3000000119
9786  -5.344  -75.723  38.010 0.3000000119
11165  -5.827  -74.096  37.741 0.3000000119
11175  -5.249  -73.642  37.339 0.3000000119
165840  -6.014  -73.340  37.327 0.3000000119
7517  -2.364  -79.537  35.437 0.3000000119
10448  -2.646  -74.803  37.101 0.3000000119
11962  -6.936  -72.257  36.719 0.3000000119
8095  -2.365  -78.740  35.031 0.3000000119
8662  -2.546  -77.273  36.566 0.3000000119
10449  -2.977  -74.108  37.501 0.3000000119
11173  -3.643  -73.498  37.136 0.3000000119
8636  -5.480  -78.734  36.031 0.1000000015
8032  -4.888  -79.657  36.936 0.1000000015
9787  -6.198  -75.806  37.480 0.2000000030
166101  -2.638  -79.785  37.822 0.3000000119
160181  -2.717  -77.188  38.390 0.3000000119
10450  -7.464  -75.019  37.301 0.3000000119
178613  -4.202  -75.583  38.290 0.3000000119
11164  -4.785  -74.185  37.775 0.3000000119
11177  -7.695  -73.900  37.203 0.3000000119
11198  -8.481  -73.700  36.547 0.3000000119
11943  -6.902  -73.092  37.168 0.3000000119
11971  -9.020  -72.657  35.393 0.3000000119
11963  -8.466  -72.653  36.161 0.3000000119
12733  -7.756  -71.951  36.335 0.3000000119
11959  -3.227  -73.021  36.093 0.3000000119
182554  -5.540  -72.266  36.597 0.3000000119
12745  -8.545  -71.679  35.629 0.3000000119
11172  -2.987  -73.401  36.819 0.3000000119
8638  -6.913  -78.286  35.959 0.1000000015
9202  -6.477  -77.841  36.024 0.1000000015
158039  -6.717  -76.943  36.310 0.2000000030
9797  -7.868  -76.369  36.250 0.1000000015
10468  -9.014  -74.579  36.345 0.2000000030
11199  -9.364  -74.129  35.922 0.2000000030
11972  -9.716  -72.776  34.729 0.3000000119
12747  -9.656  -72.092  34.312 0.3000000119
11939  -3.716  -73.119  36.498 0.3000000119
12732  -6.117  -71.854  36.511 0.3000000119
13483  -8.254  -70.801  35.429 0.3000000119
9212  -7.057  -77.740  35.947 0.1000000015
9811  -8.969  -75.839  36.033 0.1000000015
12784  -10.406  -72.112  33.321 0.3000000119
12730  -5.288  -72.014  35.882 0.3000000119
13468  -6.031  -71.132  36.097 0.3000000119
12771  -9.395  -71.444  34.201 0.3000000119
179959  -10.079  -71.506  33.194 0.2000000030
9214  -8.180  -77.095  35.830 0.1000000015
12743  -5.562  -71.743  35.286 0.3000000119
13467  -5.794  -71.183  35.720 0.3000000119
13509  -9.212  -70.785  34.053 0.3000000119
12796  -10.610  -71.589  32.643 0.2000000030
13543  -11.071  -71.211  31.943 0.2000000030
13482  -7.504  -70.351  35.414 0.3000000119
185541  -10.456  -70.964  32.245 0.2000000030
167230  -16.707  -61.519  28.498 0.2000000030
20855  -17.055  -61.089  29.062 0.2000000030
166540  -17.356  -60.764  29.451 0.2000000030
165558  -16.852  -60.803  28.922 0.2000000030
19252  -15.047  -62.857  28.606 0.2000000030
20864  -16.291  -61.271  28.384 0.2000000030
21784  -16.465  -60.305  28.395 0.2000000030
20056  -14.067  -62.623  28.587 0.2000000030
20863  -15.573  -61.457  28.039 0.2000000030
21775  -16.821  -60.486  28.844 0.2000000030
19251  -14.280  -62.847  28.797 0.2000000030
21783  -15.508  -60.941  27.825 0.2000000030
22668  -16.123  -59.947  27.852 0.2000000030
176697  -15.458  -60.184  27.461 0.2000000030
22684  -16.430  -59.236  27.890 0.2000000030
20066  -13.863  -62.385  28.239 0.2000000030
21794  -14.852  -60.797  27.239 0.2000000030
27662  -16.124  -54.270  3.498 0.2000000030
27663  -17.168  -54.395  3.093 0.2000000030
27664  -18.154  -54.346  3.382 0.1000000015
28585  -15.447  -53.362  3.255 0.2000000030
28586  -16.492  -53.615  2.848 0.2000000030
28588  -18.344  -53.495  3.239 0.1000000015
28572  -19.737  -53.613  4.270 0.1000000015
167277  -17.205  -53.649  2.647 0.2000000030
28587  -17.726  -53.846  2.885 0.1000000015
29539  -15.818  -52.690  2.747 0.2000000030
29540  -18.422  -52.567  3.147 0.1000000015
30507  -15.441  -51.389  1.952 0.2000000030
29528  -19.771  -52.584  4.175 0.1000000015
29548  -16.205  -51.872  2.267 0.2000000030
29549  -17.186  -52.322  2.298 0.2000000030
29527  -19.074  -53.077  3.680 0.1000000015
30509  -17.195  -51.265  2.008 0.2000000030
30510  -17.821  -51.993  2.621 0.1000000015
30499  -18.545  -51.538  3.185 0.1000000015
29541  -19.114  -52.086  3.645 0.1000000015
30515  -15.369  -51.047  1.421 0.2000000030
30508  -16.125  -50.997  1.812 0.2000000030
28563  -20.388  -54.144  4.996 0.1000000015
29529  -20.543  -52.143  4.582 0.1000000015
31479  -16.833  -50.485  1.637 0.1000000015
31504  -16.540  -50.455  0.756 0.1000000015
31480  -17.701  -50.210  1.850 0.1000000015
30498  -18.121  -50.899  2.592 0.1000000015
30500  -19.122  -51.246  3.568 0.1000000015
31505  -17.432  -49.868  0.601 0.1000000015
32506  -17.768  -49.689  1.398 0.1000000015
24751  -18.575  -57.703  6.224 0.1000000015
25754  -19.078  -57.044  5.863 0.1000000015
166711  -20.035  -55.903  5.957 0.1000000015
27634  -20.245  -55.072  5.315 0.1000000015
27635  -20.617  -54.458  6.073 0.1000000015
28573  -20.445  -53.172  4.772 0.1000000015
29520  -21.136  -52.789  5.207 0.1000000015
30492  -19.849  -51.442  3.968 0.1000000015
32507  -18.338  -50.014  1.798 0.1000000015
23777  -17.151  -59.092  6.688 0.2000000030
23778  -17.839  -58.513  6.358 0.2000000030
28564  -20.886  -53.624  5.686 0.1000000015
30493  -21.906  -51.450  4.911 0.1000000015
29530  -21.301  -51.997  4.874 0.1000000015
31459  -20.175  -50.449  3.718 0.1000000015
31469  -18.949  -50.786  3.035 0.1000000015
26688  -20.350  -55.546  6.875 0.1000000015
24741  -17.977  -58.179  7.042 0.2000000030
24742  -18.589  -57.669  6.869 0.1000000015
24752  -19.167  -57.231  6.659 0.1000000015
24740  -17.015  -58.731  6.917 0.2000000030
28565  -21.419  -53.094  6.301 0.1000000015
29521  -21.725  -52.312  5.621 0.1000000015
25748  -19.850  -56.225  6.807 0.1000000015
26693  -20.419  -55.183  6.292 0.1000000015
28551  -21.212  -54.002  6.958 0.1000000015
24739  -16.938  -57.470  6.897 0.1000000015
25747  -17.901  -57.104  7.327 0.1000000015
26684  -13.367  -55.892  6.636 0.2000000030
163290  -19.109  -50.123  2.299 0.1000000015
25740  -18.349  -56.639  7.504 0.1000000015
25742  -19.437  -56.444  7.224 0.1000000015
163759  -14.325  -55.845  6.507 0.2000000030
26685  -16.165  -56.065  6.657 0.1000000015
27619  -11.968  -55.049  6.030 0.2000000030
26687  -17.749  -56.170  7.392 0.1000000015
27620  -12.959  -55.102  6.103 0.2000000030
37090  -17.196  -43.511  17.641 0.1000000015
184332  -16.770  -42.772  16.676 0.1000000015
39103  -17.767  -42.438  15.196 0.1000000015
175213  -15.788  -43.115  17.898 0.1000000015
38096  -17.205  -42.616  16.054 0.1000000015
39096  -16.880  -42.021  15.488 0.1000000015
39104  -18.647  -42.522  14.818 0.1000000015
40165  -16.460  -41.379  15.000 0.1000000015
40167  -18.162  -41.959  14.382 0.1000000015
41192  -16.111  -40.670  14.556 0.1000000015
40175  -17.656  -41.339  13.922 0.1000000015
41199  -18.123  -40.747  13.446 0.1000000015
40183  -19.071  -40.755  13.338 0.1000000015
44244  -18.659  -37.482  7.538 0.2000000030
43264  -16.984  -38.715  6.657 0.2000000030
44252  -17.773  -37.997  6.850 0.2000000030
42277  -16.319  -39.339  6.728 0.2000000030
43258  -14.989  -38.716  7.674 0.2000000030
2179  -17.287  -90.500  26.969 0.3000000119
2524  -15.338  -89.241  26.581 0.3000000119
2526  -16.905  -89.741  26.804 0.3000000119
178138  -2.126  -79.397  33.856 0.3000000119
6959  -2.070  -80.652  33.309 0.3000000119
8109  -2.406  -78.012  34.514 0.3000000119
10436  -2.801  -75.096  37.868 0.3000000119
10437  -3.404  -74.735  38.093 0.3000000119
154898  -2.499  -79.645  36.499 0.3000000119
9773  -3.041  -76.368  38.492 0.3000000119
9211  -2.601  -76.597  37.791 0.3000000119
8067  -2.608  -78.259  38.095 0.3000000119
12708  -5.019  -72.479  36.348 0.3000000119
13480  -5.994  -70.497  35.123 0.3000000119
22783  -20.917  -60.052  19.287 0.3000000119
24648  -22.167  -58.090  17.502 0.3000000119
2178  -16.044  -89.888  26.907 0.3000000119
2980  -15.295  -87.344  23.168 0.3000000119
2960  -12.495  -87.409  23.491 0.3000000119
2941  -12.749  -87.931  24.680 0.3000000119
3465  -13.157  -86.783  23.150 0.3000000119
2979  -13.676  -86.964  22.462 0.3000000119
38097  -17.961  -42.982  15.977 0.1000000015
38085  -16.643  -43.154  17.354 0.1000000015
1311  -5.420  -93.534  7.133 0.1000000015
40176  -18.579  -41.396  13.801 0.1000000015
3467  -14.973  -85.757  23.032 0.3000000119
3466  -14.158  -86.245  23.187 0.3000000119
4009  -15.439  -85.259  23.142 0.3000000119
184628  -16.766  -85.344  22.729 0.3000000119
2943  -14.399  -87.975  25.542 0.3000000119
3436  -15.530  -86.516  25.176 0.3000000119
2539  -13.513  -88.707  25.577 0.3000000119
2175  -13.886  -89.720  26.216 0.3000000119
8620  -3.256  -78.300  38.995 0.2000000030
8031  -4.075  -79.408  38.199 0.2000000030
10440  -6.532  -74.906  37.766 0.3000000119
153113  -2.479  -78.799  36.068 0.3000000119
12744  -7.668  -71.090  35.935 0.3000000119
39095  -16.050  -41.765  15.751 0.1000000015
40174  -16.842  -41.091  14.167 0.1000000015
44251  -16.913  -37.677  6.589 0.2000000030
43263  -15.871  -38.586  6.756 0.2000000030
2993  -17.293  -87.587  22.333 0.2000000030
4037  -18.087  -86.244  21.440 0.2000000030
3004  -18.949  -87.685  20.873 0.2000000030
3005  -19.874  -87.690  20.843 0.1000000015
3484  -17.293  -86.405  21.882 0.2000000030
4010  -17.271  -85.530  22.652 0.2000000030
4038  -18.859  -86.103  21.109 0.2000000030
4024  -18.228  -85.925  21.837 0.2000000030
1461  -10.750  -92.215  37.285 0.2000000030
1793  -10.374  -91.716  37.839 0.2000000030
1470  -11.064  -92.641  36.781 0.2000000030
864  -12.759  -93.966  34.783 0.2000000030
874  -13.579  -94.311  33.557 0.2000000030
618  -14.216  -94.166  34.052 0.2000000030
2101  -10.648  -91.069  39.231 0.2000000030
1790  -11.427  -91.758  38.958 0.2000000030
1456  -12.023  -92.139  38.184 0.2000000030
1788  -10.116  -91.113  38.377 0.2000000030
873  -12.678  -94.152  33.778 0.2000000030
865  -13.499  -94.119  34.397 0.2000000030
619  -14.816  -94.119  33.748 0.2000000030
2435  -9.531  -89.396  38.249 0.2000000030
2428  -10.483  -89.380  40.007 0.2000000030
2417  -10.956  -89.158  40.364 0.2000000030
2106  -9.596  -90.397  37.969 0.2000000030
157454  -10.468  -90.177  39.648 0.2000000030
2102  -10.964  -90.685  39.960 0.2000000030
1784  -11.422  -91.197  39.743 0.2000000030
185237  -11.991  -91.574  39.541 0.2000000030
1452  -12.376  -91.955  39.007 0.2000000030
1457  -12.935  -92.121  38.276 0.2000000030
2796  -10.555  -88.588  40.232 0.1000000015
2797  -11.160  -88.393  40.458 0.1000000015
178922  -10.099  -88.763  39.829 0.2000000030
2418  -11.586  -89.185  40.428 0.2000000030
2419  -12.545  -89.309  40.389 0.2000000030
2826  -9.393  -88.206  37.292 0.2000000030
2097  -13.194  -90.130  40.423 0.2000000030
1782  -12.916  -90.957  40.223 0.2000000030
1785  -13.482  -91.350  39.672 0.2000000030
2442  -9.493  -88.074  36.239 0.2000000030
3265  -9.641  -87.296  40.377 0.2000000030
3266  -10.544  -87.607  40.568 0.1000000015
3267  -11.469  -87.391  40.643 0.1000000015
2808  -9.593  -88.277  39.297 0.2000000030
3252  -11.832  -86.684  41.084 0.1000000015
3268  -12.444  -87.105  40.510 0.1000000015
2814  -9.398  -88.346  38.328 0.2000000030
3254  -13.238  -86.876  40.803 0.1000000015
176709  -13.265  -87.845  40.212 0.1000000015
154577  -13.648  -89.115  40.319 0.1000000015
2785  -14.219  -87.377  40.859 0.1000000015
153056  -14.062  -89.949  40.304 0.2000000030
2420  -14.583  -89.091  40.354 0.1000000015
2098  -14.360  -90.454  40.038 0.2000000030
2103  -14.829  -90.465  39.535 0.2000000030
3786  -9.807  -86.070  42.232 0.1000000015
3776  -10.035  -86.064  43.081 0.1000000015
3805  -9.168  -86.658  40.715 0.2000000030
3796  -10.409  -86.328  41.665 0.1000000015
3797  -11.283  -86.348  41.706 0.1000000015
3277  -9.201  -87.458  39.412 0.2000000030
3237  -12.904  -86.536  41.654 0.1000000015
154422  -8.854  -86.755  38.395 0.2000000030
3287  -9.153  -87.451  38.342 0.2000000030
157892  -13.227  -86.745  42.615 0.1000000015
2813  -9.373  -87.146  37.258 0.2000000030
181939  -13.873  -87.185  44.142 0.1000000015
3239  -14.467  -87.045  41.767 0.1000000015
2786  -15.097  -87.530  41.594 0.1000000015
2799  -14.233  -88.207  40.299 0.1000000015
2825  -9.661  -86.945  36.253 0.2000000030
3775  -9.219  -85.676  42.839 0.1000000015
3226  -11.904  -86.991  44.069 0.1000000015
3798  -12.107  -86.408  41.702 0.1000000015
3227  -12.591  -86.949  43.587 0.1000000015
3276  -8.658  -86.587  39.030 0.2000000030
3218  -13.112  -87.119  44.306 0.1000000015
153602  -9.025  -85.414  37.644 0.2000000030
3286  -9.283  -86.207  37.327 0.2000000030
154919  -9.468  -86.210  36.395 0.2000000030
156406  -9.174  -85.395  36.729 0.2000000030
3297  -7.631  -86.773  36.904 0.2000000030
3217  -12.274  -87.086  44.524 0.1000000015
166675  -13.721  -86.979  44.902 0.1000000015
3285  -8.843  -85.157  36.559 0.2000000030
3284  -6.914  -86.450  37.557 0.1000000015
3822  -8.189  -84.724  36.994 0.1000000015
179262  -5.240  -86.515  38.381 0.1000000015
3618  -36.909  -87.168  5.686 0.1000000015
3099  -36.699  -87.728  5.044 0.1000000015
4172  -37.998  -86.130  3.449 0.1000000015
3602  -35.927  -86.852  8.196 0.1000000015
4138  -35.449  -86.086  8.236 0.1000000015
3622  -37.419  -86.565  4.653 0.1000000015
5130  -37.890  -84.529  1.601 0.1000000015
4654  -38.181  -85.400  3.109 0.1000000015
4846  -4.459  -83.674  38.681 0.1000000015
5336  -3.475  -83.321  38.876 0.1000000015
5337  -4.349  -82.893  38.451 0.1000000015
179297  -21.726  -72.453  -11.412 0.1000000015
5828  -4.652  -82.235  38.049 0.1000000015
5827  -3.413  -82.671  38.809 0.1000000015
5348  -3.071  -83.582  38.330 0.2000000030
13075  -22.797  -71.154  -9.607 0.1000000015
11573  -22.455  -72.199  -11.557 0.1000000015
174944  -2.751  -83.205  37.200 0.2000000030
159658  -2.471  -81.267  36.180 0.2000000030
13085  -23.216  -70.823  -10.484 0.1000000015
13086  -23.941  -70.637  -10.877 0.1000000015
11574  -23.339  -72.006  -11.847 0.1000000015
6328  -3.298  -82.036  38.641 0.1000000015
6329  -4.901  -81.769  37.426 0.1000000015
6354  -2.924  -81.733  38.266 0.1000000015
153864  -2.771  -81.954  37.962 0.2000000030
6340  -3.071  -81.739  38.122 0.1000000015
6906  -2.720  -80.896  38.103 0.1000000015
6915  -2.695  -80.575  38.162 0.2000000030
6928  -2.558  -80.468  36.924 0.2000000030
13087  -24.915  -70.560  -11.203 0.1000000015
11576  -25.238  -72.004  -12.094 0.1000000015
12320  -25.394  -71.413  -11.681 0.1000000015
13826  -25.782  -69.863  -11.145 0.1000000015
159837  -5.016  -80.391  36.883 0.1000000015
7468  -2.740  -79.516  38.647 0.1000000015
8082  -2.535  -78.091  36.824 0.2000000030
13827  -26.919  -69.533  -11.167 0.1000000015
14556  -27.361  -68.610  -10.464 0.1000000015
15373  -27.422  -68.300  -9.406 0.1000000015
13096  -26.729  -70.603  -11.525 0.1000000015
12321  -26.151  -71.926  -12.021 0.1000000015
13828  -28.013  -69.322  -11.159 0.1000000015
14557  -28.463  -68.802  -10.449 0.1000000015
14549  -28.872  -68.685  -9.656 0.1000000015
176567  -29.223  -69.026  -10.220 0.1000000015
13798  -30.091  -70.201  -8.274 0.1000000015
14550  -29.533  -69.190  -9.463 0.1000000015
13786  -30.007  -71.389  -7.138 0.1000000015
25614  -9.666  -58.091  21.926 0.3000000119
25602  -10.568  -57.768  22.555 0.3000000119
25629  -9.954  -58.172  21.554 0.3000000119
23655  -7.983  -58.992  21.923 0.3000000119
24611  -8.820  -58.247  21.568 0.3000000119
165079  -9.467  -58.241  21.178 0.3000000119
25630  -10.453  -58.116  21.573 0.3000000119
22757  -7.216  -59.356  21.531 0.2000000030
23666  -7.871  -58.783  21.233 0.3000000119
24622  -8.945  -58.219  20.932 0.3000000119
23665  -7.067  -59.118  20.919 0.2000000030
23679  -7.798  -58.703  20.692 0.3000000119
25601  -10.283  -57.893  22.497 0.3000000119
26533  -11.150  -57.421  23.143 0.3000000119
23667  -8.656  -58.466  21.625 0.3000000119
25616  -10.599  -57.859  22.148 0.3000000119
25618  -11.603  -57.577  22.678 0.3000000119
25617  -10.952  -57.845  22.008 0.3000000119
24613  -11.940  -57.943  22.154 0.3000000119
22758  -13.282  -59.834  22.156 0.3000000119
177575  -13.686  -60.860  22.014 0.3000000119
158457  -12.381  -57.497  23.004 0.3000000119
11225  -10.413  -74.039  34.634 0.2000000030
11208  -9.450  -73.479  35.309 0.2000000030
165928  -10.366  -73.328  34.269 0.2000000030
154012  -13.527  -93.836  35.176 0.2000000030
20940  -14.343  -61.770  22.378 0.3000000119
24614  -12.551  -58.113  22.519 0.3000000119
3251  -10.923  -86.823  41.151 0.1000000015
3787  -10.687  -86.179  42.381 0.1000000015
3788  -11.548  -86.316  42.470 0.1000000015
5839  -3.113  -82.287  38.782 0.1000000015
25628  -9.502  -58.178  21.462 0.3000000119
24610  -8.530  -58.341  21.085 0.3000000119
24621  -8.334  -58.388  20.605 0.2000000030
24612  -11.262  -57.966  21.803 0.3000000119
2608  -1.615  -89.672  18.449 0.1000000015
3017  -1.278  -88.877  18.776 0.1000000015
20941  -14.895  -62.355  22.040 0.2000000030
20120  -16.115  -62.667  20.912 0.2000000030
20953  -16.951  -62.747  20.702 0.2000000030
20954  -17.563  -62.293  20.286 0.2000000030
20125  -16.595  -63.091  20.017 0.2000000030
20126  -17.370  -63.195  20.058 0.2000000030
20955  -18.100  -62.680  19.932 0.2000000030
19333  -18.052  -63.549  19.324 0.2000000030
178387  -18.781  -63.165  19.596 0.2000000030
24634  -9.968  -58.478  20.572 0.2000000030
24625  -11.145  -58.322  21.061 0.2000000030
23668  -12.452  -58.706  21.823 0.2000000030
23687  -11.292  -58.982  20.210 0.2000000030
21865  -12.509  -59.715  20.375 0.1000000015
155902  -14.406  -62.019  21.511 0.2000000030
21879  -18.911  -61.932  19.807 0.2000000030
20960  -19.726  -62.513  19.351 0.2000000030
152134  -19.034  -63.374  17.945 0.2000000030
20135  -20.262  -62.262  18.750 0.2000000030
144915  -18.480  -63.557  18.746 0.2000000030
21880  -20.358  -60.794  19.510 0.2000000030
20961  -20.457  -61.653  19.255 0.2000000030
20134  -19.734  -62.865  18.451 0.1000000015
144921  -20.194  -62.339  17.768 0.1000000015
150561  -17.838  -63.765  17.016 0.1000000015
179281  -19.502  -62.852  17.189 0.1000000015
144922  -20.707  -61.956  16.919 0.1000000015
21881  -21.179  -60.966  19.160 0.2000000030
20962  -20.872  -61.637  18.379 0.2000000030
22784  -21.665  -60.313  18.617 0.2000000030
144923  -21.382  -61.425  17.555 0.2000000030
21882  -21.550  -61.036  18.365 0.2000000030
180879  -19.463  -63.119  15.731 0.1000000015
151123  -20.022  -62.559  16.224 0.1000000015
154050  -21.265  -61.624  16.216 0.1000000015
22791  -22.233  -59.673  17.950 0.2000000030
153254  -21.814  -61.303  15.635 0.1000000015
150891  -22.310  -60.839  15.840 0.1000000015
22794  -22.572  -60.003  16.807 0.1000000015
171471  -20.713  -62.556  15.076 0.1000000015
151155  -21.441  -61.577  14.500 0.1000000015
150536  -22.802  -61.400  14.786 0.1000000015
22795  -22.797  -60.425  15.896 0.1000000015
170234  -23.314  -60.793  15.476 0.1000000015
24649  -23.116  -59.004  16.855 0.2000000030
144940  -23.838  -60.230  15.773 0.1000000015
23710  -22.979  -59.786  16.281 0.1000000015
150434  -22.921  -60.204  14.270 0.1000000015
183686  -25.043  -60.854  15.472 0.1000000015
144949  -24.185  -59.083  16.470 0.2000000030
175947  -24.640  -60.412  14.238 0.1000000015
159013  -22.779  -57.727  17.308 0.2000000030
144955  -25.243  -58.491  16.836 0.2000000030
151196  -25.948  -60.659  14.879 0.1000000015
150973  -26.661  -58.227  15.381 0.1000000015
25672  -26.752  -58.255  16.770 0.2000000030
144951  -26.319  -59.179  15.146 0.1000000015
27561  -26.521  -55.249  14.424 0.1000000015
27562  -26.807  -56.051  15.180 0.1000000015
178495  -25.894  -56.530  13.408 0.1000000015
26620  -26.291  -57.349  14.110 0.1000000015
27573  -25.300  -54.854  12.869 0.1000000015
28499  -24.330  -53.529  13.033 0.1000000015
29459  -25.470  -52.145  13.009 0.1000000015
30414  -23.870  -51.745  13.274 0.1000000015
29448  -24.405  -52.472  13.073 0.1000000015
152714  -27.139  -56.568  16.357 0.1000000015
28506  -25.289  -53.896  12.872 0.1000000015
27574  -25.953  -55.492  13.402 0.1000000015
30413  -22.854  -51.560  13.783 0.1000000015
24623  -10.213  -58.351  20.939 0.2000000030
151208  -9.232  -58.296  20.554 0.2000000030
25631  -10.972  -58.056  21.413 0.2000000030
24626  -11.709  -58.274  21.471 0.2000000030
22771  -12.702  -59.446  21.219 0.2000000030
20133  -19.267  -63.255  18.947 0.2000000030
24624  -10.453  -58.262  21.147 0.2000000030
24635  -10.632  -58.580  20.605 0.2000000030
23680  -11.989  -58.858  20.806 0.1000000015
182075  -11.934  -59.218  20.205 0.1000000015
144916  -18.749  -63.416  16.169 0.1000000015
21886  -21.975  -60.755  17.246 0.1000000015
23702  -22.537  -59.145  17.187 0.2000000030
144924  -20.595  -61.223  14.472 0.1000000015
29447  -23.130  -52.381  13.810 0.1000000015
3813  -8.643  -85.512  38.447 0.1000000015
3264  -8.810  -87.028  39.922 0.1000000015
1464  -13.428  -92.258  37.533 0.1000000015
1152  -13.708  -93.072  36.234 0.1000000015
3785  -8.905  -85.934  41.966 0.1000000015
3803  -7.550  -86.135  40.553 0.1000000015
3784  -7.674  -86.117  41.529 0.1000000015
3794  -8.598  -86.321  41.070 0.1000000015
3804  -8.351  -86.375  39.863 0.1000000015
1454  -13.991  -91.549  39.017 0.1000000015
1154  -14.211  -93.257  35.173 0.1000000015
1481  -14.390  -92.475  34.689 0.1000000015
1155  -14.694  -93.446  34.526 0.1000000015
868  -16.168  -93.928  34.204 0.1000000015
2099  -15.604  -89.967  39.643 0.1000000015
2105  -16.129  -89.815  39.235 0.1000000015
1787  -14.630  -91.035  38.978 0.1000000015
2108  -16.005  -89.989  38.590 0.1000000015
2112  -14.859  -90.376  37.164 0.1000000015
1471  -14.014  -92.163  36.722 0.1000000015
1797  -14.323  -91.008  36.140 0.1000000015
4026  -20.114  -85.898  21.620 0.1000000015
1148  -14.031  -92.962  36.088 0.1000000015
1799  -14.214  -91.757  35.083 0.1000000015
1800  -14.382  -90.907  35.210 0.1000000015
2119  -14.375  -91.202  34.154 0.1000000015
1482  -14.863  -92.686  34.173 0.1000000015
1483  -15.855  -92.782  34.153 0.1000000015
860  -15.161  -93.701  34.287 0.1000000015
1161  -16.377  -93.396  34.189 0.1000000015
1183  -20.937  -92.349  30.026 0.1000000015
1178  -20.525  -92.312  30.859 0.1000000015
1502  -20.085  -92.394  31.603 0.1000000015
2430  -17.029  -89.016  39.483 0.1000000015
2113  -15.670  -89.827  37.883 0.1000000015
2444  -16.036  -89.197  37.736 0.1000000015
2116  -14.841  -90.281  36.060 0.1000000015
3470  -19.567  -86.377  22.612 0.1000000015
4011  -19.580  -85.928  21.941 0.1000000015
164261  -14.599  -90.264  34.703 0.1000000015
3454  -19.778  -87.318  23.471 0.1000000015
3471  -20.485  -86.445  22.995 0.1000000015
2462  -14.554  -89.961  33.646 0.1000000015
3455  -20.783  -87.148  23.785 0.1000000015
1817  -15.295  -91.530  32.964 0.1000000015
1818  -16.097  -91.465  33.072 0.1000000015
1188  -21.001  -92.532  29.258 0.1000000015
1809  -17.172  -91.371  33.829 0.1000000015
2124  -17.987  -90.807  33.690 0.1000000015
876  -17.128  -93.800  33.372 0.1000000015
157012  -16.953  -92.604  34.144 0.1000000015
180475  -17.768  -92.324  34.169 0.1000000015
2463  -17.687  -90.341  33.217 0.1000000015
1503  -21.130  -91.970  31.692 0.1000000015
1477  -18.346  -91.799  34.169 0.1000000015
1478  -18.882  -91.790  34.097 0.1000000015
1163  -18.203  -92.817  33.820 0.1000000015
159946  -18.784  -92.641  33.150 0.1000000015
1486  -19.089  -92.200  33.887 0.1000000015
1168  -19.687  -92.195  33.134 0.1000000015
2436  -16.841  -88.998  38.886 0.1000000015
2827  -16.908  -87.689  38.695 0.1000000015
2445  -16.643  -88.869  38.247 0.1000000015
2451  -16.356  -88.673  37.640 0.1000000015
176240  -16.441  -88.247  37.076 0.1000000015
2456  -15.054  -89.353  34.785 0.1000000015
2856  -15.516  -88.358  34.965 0.1000000015
2475  -14.743  -90.110  32.507 0.1000000015
2476  -15.371  -90.438  32.121 0.1000000015
159725  -21.222  -92.033  30.751 0.1000000015
2487  -14.926  -89.548  31.677 0.1000000015
2477  -16.691  -90.090  32.458 0.1000000015
2881  -17.290  -89.217  32.446 0.1000000015
2464  -18.657  -90.258  33.618 0.1000000015
2121  -20.275  -90.357  33.989 0.1000000015
1488  -20.787  -91.276  33.652 0.1000000015
1802  -19.115  -91.161  34.036 0.1000000015
2120  -19.738  -90.556  33.934 0.1000000015
1490  -20.502  -91.795  33.150 0.1000000015
185160  -16.779  -87.557  37.465 0.1000000015
3312  -17.168  -86.834  37.171 0.1000000015
3322  -16.774  -86.829  36.286 0.1000000015
3311  -16.591  -87.520  36.692 0.1000000015
3847  -16.314  -86.664  35.472 0.1000000015
3334  -15.774  -87.382  34.719 0.1000000015
2880  -14.630  -89.063  32.340 0.1000000015
2126  -19.540  -90.304  33.786 0.1000000015
3333  -15.029  -88.185  33.637 0.1000000015
3857  -15.901  -86.503  34.587 0.1000000015
3856  -15.291  -87.196  33.660 0.1000000015
3872  -14.861  -86.833  32.544 0.1000000015
1812  -21.058  -90.691  34.037 0.1000000015
2892  -14.846  -88.656  31.603 0.1000000015
2465  -19.947  -90.072  33.769 0.1000000015
179265  -9.725  -75.103  36.015 0.1000000015
10489  -10.714  -74.872  34.753 0.1000000015
10508  -11.840  -74.681  33.343 0.1000000015
17822  -25.545  -65.636  -1.419 0.1000000015
10490  -11.497  -75.369  33.927 0.1000000015
11226  -11.144  -74.099  33.989 0.1000000015
159251  -12.238  -74.766  32.406 0.1000000015
11245  -11.802  -73.778  33.102 0.1000000015
159359  -12.513  -74.502  31.398 0.1000000015
18674  -26.098  -64.624  -2.501 0.1000000015
10528  -12.155  -75.612  32.976 0.1000000015
11994  -11.015  -72.940  33.526 0.1000000015
12024  -11.670  -72.866  32.670 0.1000000015
11262  -12.220  -73.656  32.177 0.1000000015
10567  -13.522  -74.869  30.246 0.1000000015
11297  -13.006  -74.285  30.610 0.1000000015
18666  -25.630  -64.818  -1.707 0.1000000015
19454  -25.744  -63.842  -1.973 0.1000000015
19470  -26.066  -63.505  -3.490 0.1000000015
19476  -24.837  -62.805  -4.505 0.1000000015
11993  -10.143  -72.511  33.984 0.1000000015
179854  -25.725  -63.027  -1.872 0.1000000015
153830  -25.441  -62.453  -1.478 0.1000000015
20242  -25.077  -62.307  -2.787 0.1000000015
21056  -24.927  -61.895  -1.990 0.1000000015
12785  -11.077  -72.264  32.908 0.1000000015
12025  -12.176  -72.759  31.899 0.1000000015
12053  -13.121  -72.377  30.595 0.1000000015
11298  -13.790  -74.129  29.776 0.1000000015
11279  -12.571  -73.522  31.296 0.1000000015
165323  -13.107  -73.336  30.552 0.1000000015
12054  -13.664  -73.031  29.843 0.1000000015
23837  -20.976  -58.513  -1.115 0.1000000015
23832  -20.885  -58.676  -0.122 0.1000000015
12798  -12.135  -72.096  31.602 0.1000000015
12079  -14.611  -72.543  28.842 0.1000000015
12809  -12.464  -71.805  31.048 0.1000000015
176550  -13.514  -72.133  30.063 0.1000000015
12840  -14.248  -71.672  29.024 0.1000000015
24775  -23.579  -56.967  4.593 0.1000000015
24791  -21.185  -57.828  0.382 0.1000000015
24792  -21.530  -58.088  1.103 0.1000000015
22888  -21.152  -59.549  0.972 0.1000000015
21984  -23.363  -60.826  -1.282 0.1000000015
21983  -22.515  -60.350  -1.627 0.1000000015
12829  -13.575  -71.498  29.671 0.1000000015
24765  -24.984  -56.917  5.687 0.1000000015
24781  -22.014  -57.880  3.255 0.1000000015
24774  -22.858  -57.140  3.918 0.1000000015
24786  -21.673  -57.702  2.061 0.1000000015
23814  -21.446  -58.781  2.631 0.1000000015
25768  -24.341  -56.418  4.839 0.1000000015
22630  -18.432  -60.249  30.599 0.1000000015
25769  -25.489  -56.183  5.423 0.1000000015
25782  -23.578  -56.495  4.134 0.1000000015
24810  -21.146  -57.803  -1.919 0.1000000015
24798  -20.976  -57.790  -0.515 0.1000000015
177413  -21.776  -57.251  1.068 0.1000000015
24782  -22.411  -56.900  2.850 0.1000000015
24809  -20.875  -57.212  -2.474 0.1000000015
166868  -21.094  -57.160  -0.154 0.1000000015
23857  -20.001  -57.737  -4.396 0.1000000015
22629  -17.884  -60.054  29.858 0.1000000015
23541  -18.394  -59.130  30.087 0.1000000015
24485  -19.086  -57.998  30.584 0.1000000015
23540  -17.837  -59.473  29.634 0.1000000015
22651  -17.185  -59.939  29.116 0.1000000015
24483  -17.950  -58.734  29.509 0.1000000015
26709  -26.073  -55.458  5.213 0.1000000015
25846  -19.671  -56.967  -3.830 0.1000000015
25837  -20.228  -56.786  -3.029 0.1000000015
25835  -18.580  -56.298  -3.371 0.1000000015
24500  -18.098  -57.893  29.388 0.1000000015
24501  -18.663  -57.502  29.936 0.1000000015
23561  -17.352  -59.138  28.996 0.1000000015
24499  -17.523  -58.276  28.824 0.1000000015
26718  -23.997  -55.743  3.935 0.1000000015
26708  -24.981  -55.589  4.716 0.1000000015
27649  -26.650  -54.627  4.967 0.1000000015
25781  -23.160  -56.293  3.405 0.1000000015
26740  -22.436  -55.681  1.619 0.1000000015
25789  -22.740  -56.003  2.540 0.1000000015
25809  -21.194  -56.422  -0.252 0.1000000015
25801  -21.977  -56.303  0.907 0.1000000015
26741  -23.111  -55.110  2.263 0.1000000015
180808  -21.186  -55.733  -0.304 0.1000000015
27696  -21.163  -55.097  0.139 0.1000000015
26751  -21.943  -55.380  0.800 0.1000000015
26775  -20.193  -55.949  -1.848 0.1000000015
26759  -20.939  -55.281  -0.730 0.1000000015
27695  -20.656  -54.518  -0.422 0.1000000015
27688  -20.893  -54.166  0.284 0.1000000015
27689  -21.713  -54.494  0.770 0.1000000015
27703  -20.529  -54.796  -1.283 0.1000000015
28627  -20.115  -53.405  -1.879 0.1000000015
29584  -20.199  -53.070  -0.969 0.1000000015
23579  -16.912  -58.689  28.244 0.1000000015
184188  -18.253  -56.329  29.202 0.1000000015
26719  -24.622  -54.926  4.141 0.1000000015
27648  -25.509  -54.809  4.648 0.1000000015
26729  -23.407  -55.514  3.044 0.1000000015
26730  -23.942  -54.857  3.322 0.1000000015
178477  -22.591  -54.696  1.405 0.1000000015
27712  -19.614  -54.835  -2.275 0.1000000015
27711  -18.816  -54.608  -2.595 0.1000000015
28637  -20.209  -54.333  -1.927 0.1000000015
29597  -19.282  -53.119  -2.188 0.1000000015
28620  -20.405  -53.712  -0.187 0.1000000015
29583  -19.727  -52.532  -1.608 0.1000000015
26430  -18.723  -55.771  29.214 0.1000000015
27424  -17.605  -55.256  28.180 0.1000000015
28339  -17.863  -54.631  27.702 0.1000000015
27666  -25.054  -54.310  4.250 0.1000000015
26742  -23.782  -54.517  2.459 0.1000000015
27682  -23.477  -54.285  1.818 0.1000000015
26773  -17.633  -55.459  -2.643 0.1000000015
27710  -17.719  -54.549  -2.586 0.1000000015
28616  -22.241  -53.872  1.200 0.1000000015
26774  -18.329  -55.175  -2.877 0.1000000015
28635  -18.546  -53.762  -2.564 0.1000000015
28615  -21.418  -53.619  0.790 0.1000000015
28626  -18.355  -52.976  -2.292 0.1000000015
162819  -18.432  -54.036  27.545 0.1000000015
180536  -17.244  -54.634  27.351 0.1000000015
29580  -16.748  -52.958  -1.908 0.1000000015
29571  -15.485  -52.296  -0.445 0.1000000015
29581  -17.609  -52.295  -2.104 0.1000000015
30538  -15.979  -51.489  -1.034 0.1000000015
30551  -18.298  -51.542  -1.430 0.1000000015
28355  -17.930  -54.246  27.169 0.1000000015
29311  -17.152  -54.470  26.963 0.1000000015
22743  -5.972  -60.163  21.712 0.1000000015
152610  -8.446  -58.381  20.323 0.1000000015
20132  -16.012  -63.651  18.871 0.1000000015
27621  -13.920  -55.086  6.180 0.1000000015
27631  -13.549  -54.402  5.719 0.1000000015
28557  -11.412  -53.126  5.584 0.1000000015
28558  -12.155  -53.536  5.504 0.1000000015
28560  -14.183  -53.808  5.550 0.1000000015
29514  -11.462  -52.271  5.351 0.1000000015
29515  -12.284  -52.643  5.111 0.1000000015
29525  -12.904  -51.718  4.750 0.1000000015
159945  -11.782  -50.852  5.426 0.1000000015
31445  -12.440  -50.411  4.898 0.1000000015
31455  -12.510  -50.968  4.602 0.1000000015
35321  -12.842  -46.725  6.281 0.1000000015
44245  -19.443  -37.348  8.467 0.1000000015
161689  -17.989  -37.199  6.985 0.1000000015
44256  -16.490  -36.907  6.545 0.1000000015
45230  -15.626  -36.562  6.616 0.1000000015
183974  -3.217  -85.176  -7.484 0.1000000015
153807  -21.117  -56.880  -0.947 0.1000000015
25826  -20.463  -56.597  -2.141 0.1000000015
25817  -20.824  -56.335  -1.519 0.1000000015
26783  -19.221  -55.914  -2.496 0.1000000015
30480  -11.959  -51.711  4.806 0.1000000015
45222  -14.626  -36.322  7.186 0.1000000015
1854  -20.910  -92.044  27.170 0.1000000015
27425  -18.542  -55.045  28.593 0.1000000015
5650  -2.624  -83.989  -5.955 0.1000000015
22769  -5.602  -59.798  20.688 0.1000000015
12797  -11.491  -72.021  32.171 0.1000000015
27630  -12.506  -54.360  5.647 0.1000000015
858  -13.951  -93.477  35.433 0.1000000015
24620  -7.828  -58.683  20.271 0.1000000015
22772  -13.201  -60.259  21.200 0.1000000015
19331  -16.904  -63.778  19.357 0.1000000015
144936  -8.617  -58.606  19.742 0.1000000015
22775  -10.407  -58.997  19.822 0.1000000015
150995  -17.419  -63.939  18.662 0.1000000015
1475  -14.176  -92.609  35.588 0.1000000015
2449  -15.286  -89.545  35.921 0.1000000015
1816  -14.682  -91.450  33.265 0.1000000015
2450  -15.952  -88.964  36.857 0.1000000015
2857  -15.815  -88.879  35.863 0.1000000015
2871  -14.736  -89.177  33.587 0.1000000015
2840  -16.174  -88.185  36.165 0.1000000015
25800  -21.369  -56.842  0.384 0.1000000015
26710  -27.294  -55.516  5.364 0.1000000015
27713  -20.136  -55.187  -1.803 0.1000000015
27665  -24.526  -54.259  3.701 0.1000000015
171633  -6.421  -59.454  20.038 0.1000000015
28559  -13.188  -53.503  5.389 0.1000000015
30489  -11.922  -51.102  4.831 0.1000000015
45224  -17.593  -36.425  6.893 0.1000000015
45223  -16.665  -36.061  6.567 0.1000000015
0  -14.903  -99.349  12.356 0.8999999762
1  -15.499  -99.411  11.964 0.8000000119
3  -17.506  -99.022  11.755 0.8000000119
6  -15.675  -99.565  11.424 0.8000000119
9  -13.203  -99.357  9.875 0.8000000119
11  -14.740  -99.944  10.466 0.6999999881
14  -16.871  -99.389  10.613 0.8000000119
15  -13.384  -99.841  9.163 0.8000000119
19  -16.193  -100.028  9.649 0.8999999762
20  -16.847  -99.563  9.741 0.8000000119
23  -13.557  -100.100  8.289 0.8000000119
24  -14.576  -100.194  8.296 0.8000000119
28  -11.795  -99.959  7.435 0.6999999881
32  -15.861  -100.138  6.816 0.8000000119
33  -11.682  -100.039  6.581 0.6000000238
38  -16.151  -99.959  6.040 0.8000000119
40  -12.838  -100.222  5.777 0.6999999881
45  -13.777  -100.191  4.621 0.6999999881
48  -13.808  -100.056  3.821 0.6999999881
49  -15.185  -98.302  15.887 0.6999999881
51  -14.548  -98.574  15.388 0.6999999881
52  -16.287  -98.502  14.835 0.6999999881
57  -17.365  -98.483  13.983 0.6999999881
58  -18.024  -98.276  14.009 0.6999999881
59  -13.233  -99.060  13.467 0.8999999762
60  -13.933  -99.174  13.422 0.8999999762
62  -15.744  -99.068  13.671 0.6999999881
66  -18.652  -98.326  12.957 0.8000000119
68  -12.741  -98.825  12.097 0.8999999762
72  -16.632  -99.087  12.627 0.6999999881
76  -11.404  -98.406  10.963 0.8000000119
77  -12.295  -98.633  10.732 0.8000000119
80  -17.987  -98.789  12.057 0.8000000119
81  -19.397  -98.485  11.066 0.6999999881
84  -12.441  -99.060  10.006 0.8000000119
96  -9.592  -98.942  8.372 0.6999999881
97  -10.408  -99.195  8.557 0.8000000119
98  -11.624  -99.640  8.145 0.8000000119
103  -20.540  -98.617  8.330 0.8000000119
111  -20.567  -98.751  7.375 0.8000000119
115  -16.921  -99.322  6.048 0.8000000119
118  -19.103  -98.618  6.482 0.8000000119
121  -21.654  -98.585  5.960 0.6999999881
122  -9.411  -98.588  5.546 0.5000000000
125  -12.373  -100.126  5.266 0.6000000238
128  -19.780  -98.923  5.225 0.8000000119
132  -10.571  -99.229  4.289 0.5000000000
140  -20.332  -99.044  4.460 0.8000000119
141  -21.236  -98.868  4.711 0.8000000119
142  -21.822  -98.591  4.912 0.6999999881
146  -15.124  -99.483  3.155 0.5000000000
147  -16.050  -99.265  3.323 0.5000000000
148  -17.657  -99.008  3.284 0.6999999881
158  -16.359  -99.087  2.411 0.6000000238
159  -17.298  -98.989  2.511 0.6000000238
162  -20.013  -99.111  2.561 0.8000000119
163  -20.933  -99.060  2.563 0.6999999881
169  -17.752  -98.885  1.854 0.6999999881
177  -18.166  -98.845  1.183 0.6999999881
185  -12.162  -97.660  16.994 0.6999999881
190  -16.220  -97.655  16.998 0.6000000238
193  -11.476  -97.559  16.531 0.6000000238
195  -13.301  -98.154  16.283 0.6999999881
196  -14.315  -98.197  16.264 0.6999999881
199  -17.437  -97.702  16.148 0.6000000238
208  -18.414  -97.700  15.196 0.5000000000
217  -19.304  -97.613  14.345 0.5000000000
221  -12.660  -98.833  12.999 0.8000000119
222  -18.475  -98.197  13.646 0.6999999881
224  -20.028  -97.728  13.263 0.6999999881
237  -20.258  -98.246  11.124 0.6999999881
240  -9.476  -98.342  10.381 0.8000000119
242  -20.746  -98.250  10.436 0.6000000238
253  -21.498  -98.258  8.606 0.8000000119
260  -21.371  -98.612  6.733 0.8000000119
265  -22.955  -98.130  5.648 0.6999999881
266  -23.709  -97.540  5.503 0.6000000238
267  -8.772  -97.881  4.811 0.2000000030
271  -9.095  -98.049  4.166 0.2000000030
276  -23.142  -98.013  3.230 0.6999999881
278  -11.464  -99.071  2.235 0.4000000060
283  -10.712  -98.217  1.447 0.1000000015
284  -11.518  -98.654  1.487 0.2000000030
285  -12.471  -99.047  1.279 0.2000000030
287  -21.341  -98.752  1.778 0.6999999881
292  -15.290  -98.589  0.048 0.4000000060
294  -17.632  -98.645  0.501 0.5000000000
295  -18.540  -98.732  0.472 0.6000000238
296  -19.450  -98.781  0.358 0.6000000238
302  -13.946  -98.419  -0.490 0.2000000030
306  -17.548  -98.467  -0.418 0.5000000000
308  -19.810  -98.603  -0.438 0.6999999881
313  -14.421  -98.234  -1.299 0.3000000119
316  -17.682  -98.320  -1.286 0.4000000060
319  -20.219  -98.359  -1.336 0.5000000000
320  -21.105  -98.122  -1.744 0.6000000238
321  -14.792  -98.057  -2.243 0.3000000119
322  -15.767  -98.098  -2.181 0.3000000119
323  -16.795  -98.113  -2.314 0.4000000060
327  -20.494  -98.150  -2.108 0.5000000000
330  -17.201  -97.866  -3.027 0.4000000060
332  -18.894  -97.844  -2.943 0.4000000060
333  -19.677  -97.989  -2.896 0.5000000000
334  -20.411  -97.974  -2.743 0.5000000000
338  -14.767  -96.564  19.852 0.5000000000
340  -11.462  -96.627  19.206 0.6000000238
342  -13.358  -96.827  19.406 0.6000000238
343  -14.287  -96.920  19.233 0.6000000238
347  -10.278  -96.749  17.999 0.6000000238
352  -14.645  -97.168  18.478 0.6999999881
353  -15.499  -97.142  18.445 0.6000000238
354  -16.397  -97.064  18.427 0.6000000238
362  -18.517  -96.660  17.467 0.6000000238
364  -19.996  -96.066  16.723 0.5000000000
368  -19.342  -96.899  16.334 0.5000000000
373  -20.316  -96.780  15.281 0.5000000000
375  -10.639  -96.820  14.394 0.6999999881
380  -21.815  -96.523  13.539 0.5000000000
383  -10.608  -97.169  12.662 0.8000000119
386  -7.950  -96.770  11.923 0.6999999881
387  -8.700  -97.395  11.814 0.8000000119
388  -21.741  -97.304  11.726 0.6000000238
390  -22.799  -96.070  10.719 0.6000000238
392  -23.069  -96.262  10.037 0.6000000238
394  -8.186  -97.564  9.445 0.5000000000
397  -23.815  -96.812  8.248 0.6999999881
399  -7.854  -96.956  7.861 0.4000000060
402  -24.087  -96.975  7.493 0.6000000238
409  -8.137  -96.822  6.157 0.2000000030
412  -25.058  -96.615  5.515 0.5000000000
415  -24.002  -97.292  4.777 0.6999999881
423  -9.478  -97.698  2.600 0.1000000015
425  -23.976  -96.933  2.778 0.6999999881
427  -9.675  -97.327  1.725 0.1000000015
429  -23.481  -96.980  1.587 0.6999999881
435  -23.383  -96.115  0.891 0.6000000238
441  -11.796  -97.435  -1.339 0.1000000015
442  -12.400  -97.938  -1.147 0.1000000015
445  -22.459  -95.556  -0.489 0.6000000238
451  -21.686  -97.573  -2.031 0.5000000000
452  -22.219  -96.928  -2.333 0.5000000000
453  -12.602  -97.110  -2.904 0.1000000015
454  -13.365  -97.200  -3.228 0.1000000015
456  -16.698  -97.391  -3.801 0.4000000060
460  -20.215  -97.429  -3.317 0.5000000000
462  -22.040  -96.856  -3.142 0.6000000238
463  -14.886  -97.230  -4.039 0.4000000060
466  -17.474  -97.090  -4.397 0.4000000060
470  -20.869  -96.983  -3.798 0.6000000238
473  -18.035  -96.735  -4.927 0.3000000119
480  -11.413  -95.991  21.116 0.6000000238
483  -14.766  -96.039  21.173 0.5000000000
484  -15.512  -95.913  21.140 0.5000000000
486  -10.601  -96.043  20.301 0.6000000238
498  -8.932  -95.869  18.760 0.6999999881
500  -10.214  -96.474  18.674 0.6000000238
501  -18.367  -94.079  18.001 0.4000000060
502  -18.972  -93.703  17.391 0.3000000119
512  -20.543  -95.789  16.341 0.5000000000
513  -21.014  -95.295  16.305 0.3000000119
514  -21.606  -95.106  16.409 0.2000000030
517  -21.842  -95.211  15.498 0.4000000060
519  -10.416  -95.318  13.639 0.6999999881
522  -10.982  -95.434  13.685 0.8000000119
523  -22.369  -95.651  13.387 0.5000000000
528  -22.492  -95.575  12.452 0.5000000000
538  -24.273  -96.369  8.883 0.6000000238
543  -25.855  -95.508  8.240 0.6999999881
551  -25.446  -96.133  6.827 0.5000000000
553  -27.041  -95.702  6.114 0.6000000238
554  -8.417  -96.372  5.540 0.2000000030
556  -26.391  -96.034  5.573 0.6000000238
559  -25.576  -96.293  4.212 0.6999999881
565  -26.956  -95.586  3.861 0.6000000238
568  -25.188  -96.196  2.443 0.6999999881
570  -26.731  -95.557  3.236 0.5000000000
574  -10.070  -96.448  0.466 0.1000000015
576  -25.373  -95.799  0.965 0.6000000238
579  -23.169  -94.520  0.109 0.5000000000
580  -24.408  -95.219  -0.159 0.5000000000
585  -11.224  -96.253  -1.901 0.1000000015
587  -12.097  -96.440  -3.213 0.1000000015
592  -13.488  -97.011  -3.935 0.1000000015
600  -21.222  -96.331  -4.407 0.5000000000
604  -14.325  -96.318  -5.321 0.3000000119
606  -16.867  -96.584  -5.390 0.3000000119
607  -17.655  -96.350  -5.492 0.3000000119
614  -18.050  -95.793  -6.144 0.3000000119
617  -20.740  -95.158  -5.870 0.5000000000
620  -13.003  -94.419  32.938 0.3000000119
621  -13.758  -94.515  32.781 0.2000000030
622  -14.305  -94.323  33.324 0.3000000119
623  -15.026  -94.218  33.164 0.2000000030
625  -12.504  -94.314  32.303 0.3000000119
631  -12.716  -94.518  31.561 0.3000000119
634  -15.215  -94.465  31.495 0.4000000060
637  -12.090  -94.358  30.930 0.3000000119
640  -15.584  -94.558  30.823 0.4000000060
641  -16.096  -94.139  30.611 0.4000000060
642  -16.749  -93.854  30.289 0.4000000060
643  -11.244  -94.192  29.240 0.5000000000
646  -14.821  -94.997  29.583 0.4000000060
648  -16.022  -94.218  29.458 0.4000000060
649  -16.687  -93.920  29.600 0.4000000060
650  -11.099  -94.209  28.294 0.5000000000
652  -12.663  -94.655  28.584 0.5000000000
655  -15.091  -94.707  28.799 0.4000000060
657  -16.508  -94.003  29.035 0.4000000060
663  -11.883  -94.353  27.153 0.5000000000
665  -13.144  -94.373  27.078 0.4000000060
666  -16.118  -94.639  24.128 0.3000000119
668  -17.728  -94.691  23.950 0.3000000119
669  -18.503  -94.674  23.732 0.4000000060
670  -19.174  -94.648  23.542 0.4000000060
671  -11.684  -94.528  22.825 0.5000000000
673  -13.790  -94.912  23.301 0.4000000060
675  -17.156  -94.909  23.436 0.3000000119
680  -21.274  -94.194  23.099 0.3000000119
681  -22.207  -93.882  23.387 0.2000000030
682  -10.751  -94.415  22.049 0.6000000238
684  -12.577  -95.291  22.461 0.5000000000
686  -15.098  -95.322  22.563 0.5000000000
689  -18.000  -94.779  22.302 0.3000000119
694  -23.090  -93.973  21.808 0.2000000030
698  -11.091  -95.478  21.690 0.6000000238
699  -16.022  -95.448  21.561 0.5000000000
703  -18.780  -94.494  21.000 0.4000000060
710  -9.445  -94.752  20.472 0.6000000238
717  -21.935  -94.748  20.568 0.3000000119
724  -22.284  -95.004  19.695 0.2000000030
727  -8.712  -95.060  19.089 0.6999999881
728  -18.450  -93.012  17.885 0.4000000060
729  -19.150  -93.029  17.689 0.3000000119
730  -20.143  -94.233  18.044 0.4000000060
732  -22.729  -94.951  18.203 0.2000000030
733  -23.506  -94.701  18.477 0.2000000030
737  -22.037  -95.118  17.764 0.2000000030
745  -22.524  -95.001  15.531 0.2000000030
751  -10.521  -94.713  13.745 0.8000000119
753  -22.783  -92.711  12.831 0.3000000119
755  -22.016  -92.871  11.970 0.4000000060
759  -22.491  -93.426  11.257 0.5000000000
762  -26.070  -94.300  11.023 0.5000000000
765  -24.980  -95.119  10.684 0.6000000238
767  -26.927  -94.518  10.464 0.6000000238
771  -27.870  -94.717  9.123 0.6999999881
776  -28.226  -95.001  8.401 0.6000000238
782  -29.185  -94.558  7.463 0.5000000000
785  -27.609  -95.380  6.428 0.6000000238
786  -28.325  -95.138  6.176 0.5000000000
787  -29.472  -94.389  6.696 0.4000000060
789  -27.579  -95.364  5.087 0.5000000000
793  -28.021  -95.185  4.538 0.5000000000
808  -25.439  -95.382  0.202 0.6000000238
810  -27.155  -95.033  0.383 0.6000000238
811  -10.615  -95.865  -0.675 0.1000000015
814  -25.988  -94.988  -0.538 0.6000000238
815  -26.767  -94.975  -0.262 0.6000000238
818  -23.687  -94.902  -1.880 0.5000000000
820  -11.391  -95.662  -2.204 0.1000000015
821  -24.233  -94.691  -1.472 0.6000000238
828  -23.166  -95.259  -4.962 0.5000000000
831  -12.623  -95.308  -5.337 0.2000000030
835  -21.734  -94.768  -5.822 0.3000000119
837  -23.602  -94.264  -5.360 0.3000000119
841  -16.800  -95.494  -6.918 0.4000000060
843  -18.358  -94.660  -6.488 0.5000000000
844  -19.890  -93.533  -5.663 0.5000000000
848  -15.400  -95.035  -7.581 0.4000000060
849  -16.310  -95.114  -7.521 0.4000000060
850  -17.652  -94.984  -7.083 0.5000000000
851  -18.981  -93.943  -5.918 0.5000000000
852  -19.561  -93.056  -6.250 0.3000000119
855  -13.470  -93.426  35.742 0.1000000015
856  -12.007  -93.518  35.105 0.3000000119
859  -14.425  -93.648  34.665 0.1000000015
861  -15.796  -93.760  34.296 0.1000000015
866  -14.870  -93.904  34.213 0.1000000015
867  -15.603  -94.131  33.918 0.3000000119
869  -16.856  -93.652  34.012 0.1000000015
871  -10.906  -94.025  33.083 0.4000000060
882  -16.598  -94.136  32.821 0.2000000030
884  -18.755  -92.945  31.707 0.3000000119
885  -9.967  -93.812  31.135 0.4000000060
886  -10.522  -94.010  31.560 0.4000000060
887  -11.296  -94.114  31.498 0.4000000060
889  -18.190  -93.042  31.079 0.3000000119
894  -17.290  -93.658  30.556 0.4000000060
901  -17.955  -93.426  29.206 0.3000000119
905  -9.331  -94.049  27.974 0.6000000238
909  -18.423  -93.200  28.669 0.3000000119
911  -8.002  -94.123  27.257 0.6000000238
913  -9.682  -94.144  27.151 0.5000000000
915  -11.137  -94.273  27.412 0.5000000000
916  -13.739  -94.392  27.395 0.4000000060
918  -15.747  -93.542  27.574 0.4000000060
921  -7.595  -94.080  26.487 0.6000000238
935  -11.881  -93.871  25.734 0.5000000000
936  -18.038  -93.836  24.708 0.3000000119
937  -18.838  -93.880  24.517 0.4000000060
944  -15.768  -94.094  24.437 0.3000000119
945  -16.652  -94.174  24.519 0.3000000119
952  -23.836  -93.933  24.027 0.2000000030
953  -24.708  -94.026  24.022 0.2000000030
963  -19.927  -94.402  23.770 0.4000000060
964  -20.833  -94.171  23.668 0.3000000119
965  -21.525  -94.002  23.732 0.3000000119
966  -23.265  -93.852  23.325 0.2000000030
969  -25.844  -93.993  23.191 0.2000000030
970  -26.503  -93.586  22.963 0.1000000015
974  -10.025  -92.980  21.919 0.5000000000
978  -24.508  -94.127  22.513 0.2000000030
980  -7.088  -94.121  21.688 0.5000000000
981  -7.930  -93.927  20.817 0.6999999881
985  -25.531  -94.120  21.337 0.2000000030
986  -26.173  -93.888  21.448 0.2000000030
989  -9.503  -93.569  20.658 0.6999999881
990  -24.459  -94.350  20.227 0.2000000030
991  -25.282  -94.211  20.135 0.2000000030
992  -26.118  -94.008  20.013 0.2000000030
993  -26.449  -93.634  20.785 0.2000000030
998  -8.645  -93.697  18.811 0.6999999881
999  -25.610  -94.048  18.602 0.2000000030
1001  -8.274  -94.258  17.737 0.8000000119
1004  -25.892  -93.575  17.370 0.2000000030
1006  -24.719  -94.246  17.360 0.2000000030
1016  -24.910  -93.891  13.829 0.3000000119
1017  -25.785  -93.616  14.341 0.4000000060
1019  -24.023  -92.735  12.554 0.4000000060
1032  -6.742  -93.904  10.449 0.6000000238
1034  -28.199  -93.943  10.333 0.5000000000
1038  -28.356  -94.169  9.541 0.5000000000
1039  -29.730  -94.026  9.478 0.5000000000
1047  -8.670  -94.620  6.437 0.1000000015
1048  -30.217  -93.991  6.837 0.4000000060
1049  -30.584  -93.506  6.154 0.4000000060
1052  -29.431  -94.345  5.830 0.4000000060
1054  -30.908  -93.433  5.244 0.5000000000
1057  -29.308  -94.353  3.947 0.6000000238
1063  -29.747  -94.177  3.074 0.6000000238
1066  -28.794  -94.433  2.141 0.6999999881
1068  -30.124  -93.968  2.274 0.6000000238
1071  -30.097  -93.666  1.509 0.6000000238
1075  -27.777  -94.535  0.106 0.6000000238
1083  -26.756  -94.523  -0.911 0.6000000238
1088  -11.944  -94.100  -1.108 0.1000000015
1091  -27.535  -93.828  -1.296 0.5000000000
1092  -27.892  -92.406  -1.577 0.5000000000
1101  -26.426  -92.519  -2.607 0.5000000000
1105  -25.352  -93.361  -4.359 0.5000000000
1106  -12.467  -94.337  -5.540 0.3000000119
1108  -23.260  -93.251  -5.859 0.5000000000
1111  -12.690  -94.090  -6.366 0.3000000119
1113  -13.909  -94.878  -7.164 0.3000000119
1117  -13.661  -94.221  -7.490 0.3000000119
1124  -20.291  -92.831  -6.619 0.4000000060
1128  -23.967  -93.372  -6.850 0.6000000238
1129  -14.721  -94.091  -8.366 0.4000000060
1133  -18.211  -94.320  -8.159 0.5000000000
1135  -20.281  -93.790  -7.706 0.4000000060
1136  -21.075  -93.408  -7.484 0.5000000000
1137  -21.881  -93.280  -7.390 0.6000000238
1138  -22.737  -93.365  -7.294 0.6000000238
1139  -16.266  -93.929  -9.148 0.4000000060
1140  -17.040  -94.001  -9.183 0.6000000238
1141  -18.004  -94.044  -9.068 0.5000000000
1146  -12.417  -92.883  36.792 0.3000000119
1151  -13.007  -93.163  36.217 0.2000000030
1153  -10.498  -93.093  35.198 0.3000000119
1156  -15.325  -93.353  34.337 0.1000000015
1160  -11.234  -93.448  34.699 0.3000000119
1162  -17.442  -92.937  34.087 0.2000000030
1167  -17.448  -93.253  33.702 0.2000000030
1170  -9.582  -93.302  32.649 0.4000000060
1172  -19.386  -92.611  32.281 0.2000000030
1177  -19.749  -92.657  30.923 0.2000000030
1186  -19.544  -92.909  29.653 0.3000000119
1187  -20.333  -92.746  29.458 0.1000000015
1189  -6.088  -93.159  28.782 0.5000000000
1191  -7.377  -93.566  28.751 0.6000000238
1192  -19.752  -93.000  28.947 0.3000000119
1195  -6.752  -93.619  27.439 0.6000000238
1196  -15.415  -93.038  27.230 0.4000000060
1197  -16.214  -92.710  27.513 0.4000000060
1200  -5.751  -93.183  25.883 0.6000000238
1201  -6.826  -93.901  26.595 0.6000000238
1202  -12.860  -93.791  26.180 0.4000000060
1208  -22.510  -92.989  24.581 0.2000000030
1209  -23.274  -93.078  24.754 0.2000000030
1210  -24.004  -93.166  25.016 0.2000000030
1213  -5.853  -93.250  24.008 0.5000000000
1214  -6.532  -93.868  24.351 0.5000000000
1218  -17.259  -93.694  24.820 0.3000000119
1219  -18.532  -93.343  24.758 0.3000000119
1226  -25.231  -93.551  24.602 0.2000000030
1228  -27.053  -93.254  24.383 0.1000000015
1231  -6.420  -93.759  23.379 0.6000000238
1232  -10.650  -93.160  23.028 0.5000000000
1233  -13.404  -93.039  24.001 0.4000000060
1236  -5.598  -92.849  22.118 0.6000000238
1239  -27.417  -93.258  22.617 0.1000000015
1246  -6.353  -93.346  20.813 0.6000000238
1251  -28.035  -92.959  20.677 0.2000000030
1256  -27.423  -93.037  20.014 0.2000000030
1258  -28.677  -92.304  19.874 0.2000000030
1260  -26.495  -92.110  18.886 0.2000000030
1266  -26.576  -92.493  16.773 0.2000000030
1271  -9.396  -92.750  13.344 0.8000000119
1272  -26.308  -92.927  13.598 0.3000000119
1277  -27.649  -92.025  13.611 0.3000000119
1278  -6.830  -92.651  11.354 0.8000000119
1284  -28.457  -91.567  11.675 0.3000000119
1291  -30.360  -92.710  10.679 0.5000000000
1292  -30.850  -92.281  10.854 0.5000000000
1294  -5.241  -93.380  10.584 0.3000000119
1304  -30.955  -93.076  9.511 0.5000000000
1314  -30.945  -93.115  7.521 0.3000000119
1323  -31.834  -92.634  6.424 0.4000000060
1328  -31.590  -93.137  5.173 0.5000000000
1329  -32.154  -92.700  5.521 0.4000000060
1356  -31.328  -92.940  1.399 0.5000000000
1365  -30.475  -93.052  0.361 0.6000000238
1367  -31.724  -92.315  0.909 0.3000000119
1374  -30.278  -92.739  -0.511 0.6000000238
1375  -31.092  -92.227  -0.613 0.4000000060
1379  -28.234  -92.054  -1.676 0.5000000000
1381  -29.771  -92.762  -1.331 0.6000000238
1383  -12.612  -93.770  -1.526 0.1000000015
1388  -30.673  -92.101  -2.328 0.3000000119
1390  -13.047  -93.167  -3.304 0.1000000015
1394  -29.230  -92.528  -3.080 0.5000000000
1396  -30.799  -91.899  -2.956 0.2000000030
1397  -12.684  -93.345  -5.201 0.3000000119
1405  -25.470  -93.191  -5.562 0.5000000000
1408  -27.951  -92.348  -4.837 0.4000000060
1410  -12.814  -93.343  -6.379 0.3000000119
1414  -25.999  -92.862  -6.217 0.5000000000
1415  -26.753  -92.396  -6.041 0.5000000000
1418  -24.770  -93.118  -7.145 0.6000000238
1420  -13.704  -92.644  -8.352 0.4000000060
1423  -22.554  -93.582  -8.321 0.6000000238
1424  -23.479  -93.395  -7.282 0.5000000000
1426  -25.771  -92.241  -8.132 0.6000000238
1427  -14.727  -93.076  -9.344 0.4000000060
1428  -15.621  -93.409  -9.367 0.4000000060
1435  -22.255  -93.317  -9.301 0.6000000238
1438  -24.620  -92.776  -8.586 0.6000000238
1443  -20.931  -93.214  -10.239 0.6000000238
1447  -18.059  -92.514  -11.061 0.6999999881
1448  -18.947  -92.738  -11.037 0.5000000000
1449  -19.790  -92.939  -10.978 0.6000000238
1450  -20.581  -93.011  -10.928 0.5000000000
1451  -21.251  -92.987  -10.882 0.6000000238
1453  -13.238  -91.838  39.030 0.2000000030
1455  -11.110  -92.067  38.067 0.2000000030
1458  -13.683  -91.884  38.292 0.1000000015
1460  -9.983  -91.892  37.077 0.4000000060
1462  -11.662  -92.441  37.310 0.2000000030
1466  -14.057  -91.463  37.442 0.2000000030
1469  -10.448  -92.389  36.544 0.3000000119
1476  -14.554  -92.947  34.684 0.1000000015
1480  -9.241  -92.329  34.735 0.3000000119
1484  -17.529  -91.895  34.141 0.1000000015
1485  -18.304  -92.307  34.073 0.1000000015
1487  -20.028  -91.760  33.795 0.1000000015
1491  -21.126  -91.411  33.100 0.1000000015
1494  -8.530  -92.090  32.218 0.4000000060
1495  -20.295  -92.127  32.401 0.1000000015
1496  -20.972  -91.772  32.593 0.1000000015
1500  -7.455  -91.986  31.307 0.5000000000
1501  -8.348  -92.524  31.533 0.4000000060
1507  -6.526  -92.646  30.404 0.5000000000
1509  -21.706  -91.930  30.227 0.1000000015
1514  -5.573  -92.590  29.208 0.5000000000
1520  -21.431  -92.381  28.635 0.1000000015
1526  -18.381  -92.560  27.762 0.3000000119
1532  -4.675  -92.026  26.761 0.6000000238
1537  -19.951  -91.991  26.941 0.2000000030
1555  -16.163  -92.458  24.556 0.3000000119
1559  -19.837  -92.695  24.475 0.3000000119
1560  -20.713  -92.668  24.427 0.3000000119
1561  -21.669  -92.653  24.461 0.3000000119
1562  -22.529  -92.281  24.617 0.2000000030
1571  -13.921  -92.229  24.129 0.4000000060
1577  -10.622  -91.720  20.406 0.5000000000
1578  -10.685  -92.528  20.946 0.5000000000
1579  -11.194  -92.609  20.926 0.5000000000
1584  -5.785  -93.006  21.256 0.6000000238
1586  -29.341  -92.188  21.224 0.1000000015
1590  -29.473  -92.095  20.336 0.2000000030
1594  -7.716  -92.743  18.860 0.6999999881
1602  -28.204  -91.609  18.887 0.2000000030
1604  -4.338  -92.049  17.174 0.5000000000
1605  -5.030  -92.068  16.555 0.6999999881
1615  -4.617  -92.432  15.615 0.6000000238
1616  -5.405  -92.291  15.261 0.6000000238
1623  -6.056  -92.157  14.543 0.6999999881
1624  -9.875  -91.557  12.746 0.8000000119
1634  -28.093  -91.233  13.231 0.4000000060
1635  -28.724  -90.821  12.981 0.3000000119
1636  -29.509  -90.827  12.749 0.3000000119
1638  -4.861  -93.144  12.014 0.3000000119
1639  -5.638  -92.934  12.145 0.4000000060
1643  -9.746  -91.047  11.672 0.8999999762
1651  -29.379  -92.099  11.560 0.4000000060
1652  -30.150  -92.308  11.275 0.4000000060
1659  -31.326  -92.356  9.632 0.4000000060
1664  -31.655  -91.918  8.391 0.3000000119
1682  -32.689  -92.239  3.465 0.4000000060
1691  -33.318  -91.608  2.196 0.1000000015
1696  -33.162  -91.748  0.774 0.1000000015
1706  -32.348  -92.060  0.282 0.1000000015
1708  -33.669  -91.492  0.075 0.2000000030
1717  -31.548  -92.055  -1.327 0.2000000030
1726  -32.629  -91.487  -2.176 0.2000000030
1727  -13.670  -92.345  -3.869 0.1000000015
1730  -31.307  -91.652  -3.315 0.2000000030
1732  -32.787  -91.145  -2.841 0.2000000030
1737  -31.164  -91.355  -4.137 0.2000000030
1740  -27.920  -92.040  -5.649 0.4000000060
1742  -30.056  -91.296  -5.074 0.2000000030
1743  -30.713  -91.188  -4.766 0.2000000030
1744  -13.181  -92.606  -6.711 0.4000000060
1745  -27.179  -92.010  -6.638 0.4000000060
1748  -30.044  -91.008  -5.719 0.2000000030
1752  -27.589  -91.418  -7.029 0.3000000119
1754  -25.206  -92.366  -8.761 0.6000000238
1757  -15.300  -92.815  -10.015 0.4000000060
1760  -15.182  -92.089  -10.433 0.5000000000
1761  -16.026  -92.422  -10.588 0.4000000060
1763  -22.642  -92.590  -10.908 0.6000000238
1766  -25.475  -91.774  -10.164 0.5000000000
1769  -19.583  -92.287  -11.530 0.6000000238
1772  -22.329  -92.109  -11.793 0.6000000238
1775  -24.923  -91.858  -10.765 0.6000000238
1776  -16.840  -91.624  -11.643 0.8999999762
1781  -12.681  -91.538  39.650 0.2000000030
1783  -13.711  -90.711  40.156 0.2000000030
1786  -14.196  -91.004  39.603 0.2000000030
1789  -10.713  -91.577  38.517 0.2000000030
1792  -9.757  -91.206  37.560 0.2000000030
1796  -14.123  -91.800  36.139 0.1000000015
1798  -8.768  -90.935  35.020 0.4000000060
1801  -18.241  -91.259  34.055 0.1000000015
1803  -19.924  -90.762  34.051 0.1000000015
1804  -20.572  -90.446  34.070 0.1000000015
1806  -14.483  -91.990  34.024 0.1000000015
1807  -15.073  -92.205  33.523 0.1000000015
1808  -16.331  -92.052  33.794 0.1000000015
1810  -19.544  -91.442  34.008 0.1000000015
1811  -20.318  -91.058  34.024 0.1000000015
1825  -8.385  -91.057  32.023 0.4000000060
1829  -5.721  -91.552  31.162 0.4000000060
1834  -4.570  -90.890  30.356 0.5000000000
1840  -5.168  -92.089  29.624 0.6000000238
1844  -3.891  -90.548  28.535 0.6000000238
1858  -3.769  -90.632  26.793 0.6000000238
1859  -4.075  -91.286  26.255 0.6000000238
1863  -17.534  -91.246  27.219 0.3000000119
1864  -18.770  -91.338  26.769 0.2000000030
1872  -12.812  -91.487  26.018 0.3000000119
1887  -19.391  -91.918  24.190 0.3000000119
1901  -20.598  -91.239  23.652 0.3000000119
1905  -4.747  -91.735  23.007 0.6000000238
1908  -11.831  -92.041  20.924 0.5000000000
1921  -3.380  -91.401  18.625 0.4000000060
1922  -3.658  -91.267  19.294 0.5000000000
1924  -6.525  -91.574  19.208 0.8000000119
1930  -6.623  -90.694  18.943 0.8000000119
1934  -29.940  -91.115  18.766 0.2000000030
1937  -3.635  -91.814  17.185 0.5000000000
1948  -6.238  -91.112  15.719 0.8000000119
1950  -27.222  -90.858  16.981 0.2000000030
1951  -2.762  -91.398  15.321 0.1000000015
1979  -32.064  -90.927  10.388 0.4000000060
1980  -1.856  -90.996  10.814 0.1000000015
1982  -31.927  -91.440  10.396 0.5000000000
1983  -31.949  -91.163  9.701 0.4000000060
1991  -33.719  -90.925  7.748 0.1000000015
1993  -33.565  -91.466  6.511 0.1000000015
1999  -33.406  -91.806  4.732 0.2000000030
2003  -33.388  -91.702  3.646 0.2000000030
2004  -34.134  -91.239  3.286 0.1000000015
2008  -34.163  -91.255  2.287 0.1000000015
2009  -35.005  -90.903  2.019 0.1000000015
2013  -35.128  -90.778  1.327 0.1000000015
2018  -35.081  -90.853  0.540 0.2000000030
2024  -35.003  -90.840  -0.341 0.2000000030
2031  -33.981  -91.222  -1.601 0.2000000030
2040  -32.498  -90.917  -3.539 0.2000000030
2042  -33.899  -90.433  -2.933 0.2000000030
2044  -31.962  -90.917  -4.263 0.2000000030
2045  -32.635  -90.455  -4.268 0.2000000030
2046  -14.231  -90.529  -6.344 0.4000000060
2055  -30.453  -90.535  -6.063 0.2000000030
2057  -31.821  -90.383  -5.434 0.2000000030
2060  -29.223  -90.421  -7.025 0.2000000030
2061  -13.931  -91.829  -8.708 0.4000000060
2062  -14.269  -91.895  -9.339 0.4000000060
2064  -28.965  -90.147  -7.677 0.2000000030
2068  -27.830  -90.507  -8.447 0.4000000060
2069  -15.330  -91.406  -10.728 0.6000000238
2072  -26.922  -90.882  -9.781 0.4000000060
2073  -23.169  -91.663  -12.081 0.6999999881
2074  -23.919  -91.648  -11.746 0.6999999881
2077  -16.731  -91.034  -12.036 0.6999999881
2081  -21.011  -91.555  -12.549 0.6999999881
2084  -24.605  -91.187  -12.008 0.6999999881
2088  -19.671  -91.011  -13.125 0.6999999881
2089  -20.628  -91.031  -13.203 0.6000000238
2090  -21.536  -91.109  -13.164 0.6999999881
2091  -22.350  -91.173  -13.039 0.6999999881
2092  -23.180  -91.128  -12.767 0.6999999881
2094  -11.064  -89.946  40.299 0.2000000030
2095  -11.590  -90.609  40.269 0.2000000030
2096  -12.344  -90.403  40.424 0.2000000030
2100  -9.962  -90.327  38.860 0.2000000030
2104  -15.351  -90.399  38.930 0.1000000015
2109  -16.574  -89.463  39.031 0.1000000015
2114  -16.285  -89.367  38.450 0.1000000015
2117  -15.452  -89.678  36.989 0.1000000015
2122  -20.782  -90.164  34.120 0.1000000015
2123  -14.525  -90.726  33.281 0.1000000015
2125  -18.960  -90.708  33.898 0.1000000015
2131  -14.906  -90.974  32.565 0.1000000015
2132  -15.479  -91.113  32.548 0.1000000015
2133  -16.566  -90.877  32.890 0.1000000015
2140  -8.514  -90.261  32.460 0.4000000060
2145  -4.600  -90.309  31.009 0.5000000000
2146  -5.838  -90.979  31.695 0.4000000060
2150  -4.047  -89.837  29.724 0.6000000238
2180  -18.125  -90.751  26.761 0.3000000119
2182  -19.945  -90.871  25.970 0.2000000030
2207  -4.443  -90.640  24.148 0.6000000238
2212  -18.129  -91.036  24.097 0.3000000119
2219  -4.812  -90.936  23.216 0.6000000238
2221  -11.186  -90.092  22.562 0.5000000000
2244  -12.758  -89.834  20.868 0.5000000000
2248  -2.525  -90.234  20.932 0.6999999881
2249  -3.189  -90.543  20.669 0.6000000238
2251  -5.627  -91.089  21.120 0.6999999881
2252  -5.832  -91.004  20.453 0.6999999881
2271  -2.088  -90.147  17.077 0.1000000015
2272  -2.542  -90.865  17.464 0.2000000030
2277  -26.739  -90.982  18.158 0.2000000030
2295  -29.349  -90.591  14.914 0.2000000030
2296  -29.749  -90.058  14.234 0.3000000119
2297  -30.120  -90.193  13.325 0.4000000060
2302  -31.791  -90.261  11.542 0.4000000060
2311  -34.051  -90.325  7.998 0.1000000015
2313  -2.072  -90.806  7.807 0.1000000015
2314  -34.323  -90.441  7.384 0.2000000030
2317  -34.557  -90.573  6.516 0.2000000030
2318  -35.195  -90.091  6.078 0.1000000015
2329  -35.317  -90.414  2.566 0.1000000015
2330  -35.971  -90.052  2.717 0.1000000015
2335  -36.060  -89.824  0.077 0.2000000030
2344  -34.501  -90.627  -1.919 0.2000000030
2345  -35.046  -90.265  -1.880 0.2000000030
2353  -34.535  -90.048  -2.681 0.2000000030
2355  -33.984  -89.626  -3.312 0.2000000030
2358  -33.715  -89.404  -4.009 0.2000000030
2364  -31.796  -90.025  -6.026 0.2000000030
2365  -32.413  -89.473  -6.197 0.2000000030
2368  -8.178  -90.578  -7.072 0.2000000030
2370  -10.321  -90.617  -7.431 0.3000000119
2377  -9.760  -90.264  -8.026 0.3000000119
2380  -29.190  -89.407  -8.106 0.2000000030
2386  -26.653  -90.605  -10.615 0.3000000119
2388  -28.119  -89.854  -9.875 0.2000000030
2389  -15.943  -90.404  -11.442 0.8999999762
2390  -25.796  -90.660  -11.671 0.4000000060
2391  -26.419  -90.387  -11.392 0.3000000119
2394  -16.484  -90.510  -11.980 0.8999999762
2396  -25.263  -90.555  -12.236 0.5000000000
2399  -17.930  -90.404  -13.072 0.8000000119
2401  -19.178  -90.309  -13.494 0.8000000119
2405  -22.969  -90.570  -13.403 0.6999999881
2408  -18.772  -89.784  -13.786 0.8000000119
2411  -22.703  -90.103  -14.117 0.6999999881
2427  -9.880  -89.312  39.270 0.2000000030
2429  -16.690  -89.359  39.618 0.1000000015
2448  -9.527  -88.212  35.203 0.4000000060
2457  -20.200  -90.286  33.934 0.1000000015
2458  -5.722  -88.552  33.928 0.3000000119
2460  -7.594  -88.800  33.557 0.4000000060
2471  -6.041  -88.965  33.336 0.4000000060
2474  -9.054  -88.873  33.067 0.4000000060
2478  -18.103  -89.761  33.078 0.1000000015
2483  -4.927  -88.674  32.343 0.6000000238
2484  -6.307  -89.665  32.652 0.4000000060
2486  -8.524  -89.606  32.660 0.4000000060
2488  -15.802  -89.571  31.691 0.1000000015
2503  -4.172  -89.473  28.614 0.6000000238
2504  -4.446  -89.211  27.938 0.6000000238
2510  -3.878  -89.818  27.599 0.6000000238
2527  -17.803  -89.911  26.520 0.3000000119
2528  -18.561  -90.004  25.979 0.2000000030
2536  -4.114  -90.160  25.664 0.6000000238
2538  -12.260  -89.581  25.150 0.4000000060
2555  -4.850  -89.632  24.431 0.6000000238
2557  -12.037  -88.502  24.275 0.3000000119
2566  -2.583  -89.367  23.126 0.8999999762
2568  -11.987  -87.962  22.693 0.3000000119
2581  -2.834  -89.709  22.496 0.8999999762
2586  -20.118  -89.344  22.017 0.1000000015
2592  -1.713  -89.249  22.324 0.8000000119
2593  -2.650  -90.001  21.862 0.8999999762
2594  -5.719  -89.815  21.852 0.6999999881
2604  -6.981  -89.009  19.694 0.8000000119
2617  -7.964  -88.959  17.016 0.8000000119
2620  -25.576  -90.958  18.209 0.2000000030
2622  -28.642  -89.889  18.385 0.2000000030
2629  -26.656  -90.448  16.927 0.2000000030
2640  -30.367  -89.373  13.665 0.4000000060
2650  -31.686  -90.346  9.133 0.1000000015
2651  -32.283  -90.328  8.375 0.1000000015
2655  -34.750  -89.020  8.045 0.1000000015
2666  -35.630  -89.406  5.561 0.1000000015
2667  -36.223  -88.669  5.096 0.1000000015
2672  -36.416  -89.096  3.489 0.1000000015
2673  -37.154  -88.231  3.029 0.1000000015
2679  -36.819  -89.042  1.491 0.1000000015
2682  -36.927  -88.783  0.576 0.2000000030
2698  -34.324  -88.128  -3.148 0.1000000015
2701  -34.792  -88.448  -4.242 0.2000000030
2702  -34.490  -88.160  -3.393 0.2000000030
2705  -33.981  -88.917  -5.397 0.2000000030
2707  -5.439  -89.537  -7.266 0.1000000015
2709  -33.694  -88.736  -6.152 0.2000000030
2711  -6.113  -89.913  -7.591 0.1000000015
2714  -32.472  -89.012  -7.030 0.2000000030
2723  -29.030  -87.936  -8.278 0.2000000030
2725  -31.900  -88.350  -7.604 0.2000000030
2733  -11.273  -89.542  -9.453 0.5000000000
2737  -28.615  -87.606  -8.727 0.2000000030
2739  -29.923  -86.964  -7.841 0.2000000030
2740  -10.791  -89.100  -10.023 0.6000000238
2743  -13.522  -89.364  -10.077 0.6000000238
2744  -28.494  -89.194  -10.329 0.2000000030
2747  -27.563  -89.494  -11.529 0.3000000119
2750  -16.858  -89.987  -12.348 1.0000000000
2752  -26.564  -89.613  -12.552 0.3000000119
2753  -27.335  -89.319  -12.263 0.2000000030
2756  -18.187  -89.570  -13.403 0.8000000119
2757  -24.455  -89.765  -13.819 0.4000000060
2760  -27.100  -89.129  -13.100 0.3000000119
2761  -27.828  -88.842  -12.788 0.2000000030
2762  -18.903  -89.054  -13.969 0.6999999881
2763  -19.744  -89.136  -14.477 0.6999999881
2765  -21.315  -89.606  -14.458 0.6999999881
2770  -25.896  -89.074  -14.122 0.3000000119
2772  -21.515  -89.006  -15.101 0.6999999881
2774  -23.007  -89.066  -15.031 0.5000000000
2776  -24.709  -88.785  -14.932 0.4000000060
2795  -9.910  -88.052  40.097 0.2000000030
2798  -12.084  -88.153  40.328 0.1000000015
2824  -8.424  -86.945  36.047 0.3000000119
2835  -5.090  -88.179  36.367 0.3000000119
2836  -5.804  -88.053  36.627 0.3000000119
2838  -9.566  -86.586  35.444 0.3000000119
2839  -9.747  -86.916  35.296 0.2000000030
2865  -4.227  -87.950  34.137 0.4000000060
2869  -8.727  -88.473  33.515 0.4000000060
2879  -4.643  -88.244  33.545 0.4000000060
2893  -16.523  -88.604  31.597 0.1000000015
2909  -4.954  -86.962  30.115 0.6000000238
2913  -5.286  -87.942  28.335 0.6000000238
2919  -6.167  -87.660  27.560 0.6000000238
2924  -5.398  -88.553  25.853 0.6000000238
2926  -15.058  -88.482  26.158 0.3000000119
2927  -15.659  -88.363  26.339 0.3000000119
2945  -16.368  -86.782  25.396 0.3000000119
2961  -12.907  -87.027  24.033 0.3000000119
2972  -1.797  -88.550  23.786 0.8999999762
2977  -6.130  -88.011  23.326 0.6000000238
2981  -16.424  -87.553  23.002 0.3000000119
2992  -12.518  -88.260  21.435 0.4000000060
3010  -6.491  -88.864  21.199 0.6999999881
3024  -31.313  -88.621  18.186 0.1000000015
3030  -11.265  -87.305  15.861 0.8999999762
3031  -24.548  -89.376  18.026 0.1000000015
3033  -28.340  -88.631  18.327 0.1000000015
3039  -10.163  -87.921  14.569 0.8999999762
3042  -27.069  -89.455  16.558 0.2000000030
3050  -10.950  -87.332  14.157 0.8999999762
3066  -30.812  -89.012  13.178 0.4000000060
3071  -30.704  -88.238  12.569 0.3000000119
3076  -31.078  -89.014  9.445 0.4000000060
3079  -30.621  -89.211  8.678 0.2000000030
3080  -31.172  -89.548  8.601 0.1000000015
3082  -32.560  -89.218  8.272 0.1000000015
3084  -34.434  -87.736  8.248 0.1000000015
3091  -35.265  -88.392  7.605 0.1000000015
3097  -36.592  -87.289  6.411 0.1000000015
3104  -36.704  -88.584  3.651 0.1000000015
3111  -36.208  -88.339  -1.364 0.2000000030
3116  -35.329  -87.401  -2.396 0.2000000030
3127  -3.776  -88.032  -5.712 0.1000000015
3130  -36.174  -87.462  -4.751 0.2000000030
3132  -4.317  -88.531  -6.177 0.1000000015
3134  -35.927  -87.157  -5.671 0.2000000030
3136  -4.949  -89.052  -7.759 0.3000000119
3137  -33.696  -88.117  -7.408 0.2000000030
3138  -34.418  -87.938  -7.381 0.2000000030
3140  -35.626  -87.171  -6.556 0.2000000030
3144  -32.276  -87.901  -8.043 0.2000000030
3146  -34.125  -87.815  -7.992 0.2000000030
3148  -5.573  -88.644  -9.546 0.4000000060
3149  -7.642  -89.035  -10.149 0.5000000000
3152  -9.967  -89.058  -9.888 0.8000000119
3153  -29.424  -86.234  -8.886 0.2000000030
3156  -32.789  -87.723  -8.754 0.2000000030
3159  -6.602  -88.392  -10.648 0.6000000238
3160  -7.210  -88.592  -10.561 0.5000000000
3161  -8.764  -88.741  -9.998 0.6999999881
3165  -12.055  -88.690  -10.684 0.6999999881
3166  -12.976  -88.817  -10.777 0.6999999881
3169  -30.272  -86.577  -9.938 0.2000000030
3170  -6.042  -87.810  -10.988 0.6999999881
3172  -6.907  -87.758  -11.366 0.6999999881
3173  -11.490  -88.152  -11.213 0.8000000119
3177  -15.138  -87.611  -11.551 0.8999999762
3179  -29.434  -87.667  -10.343 0.2000000030
3181  -6.148  -87.310  -11.613 0.6999999881
3182  -17.675  -88.508  -11.716 0.8000000119
3184  -29.303  -88.113  -11.672 0.2000000030
3185  -17.642  -88.993  -12.895 0.8000000119
3187  -18.898  -87.930  -13.755 0.6999999881
3189  -28.297  -88.254  -13.136 0.2000000030
3193  -25.541  -88.531  -14.738 0.4000000060
3196  -28.078  -88.051  -13.981 0.3000000119
3198  -21.716  -88.259  -15.424 0.6999999881
3200  -23.234  -88.318  -15.482 0.4000000060
3204  -26.916  -87.906  -14.946 0.3000000119
3206  -23.752  -87.846  -15.964 0.4000000060
3208  -25.101  -87.361  -16.067 0.4000000060
3209  -25.797  -87.384  -15.817 0.4000000060
3228  -14.026  -87.080  42.615 0.1000000015
3238  -13.726  -86.838  41.647 0.1000000015
3250  -10.016  -86.899  41.106 0.2000000030
3253  -12.538  -86.621  41.062 0.1000000015
3283  -5.549  -87.047  38.016 0.2000000030
3294  -4.176  -86.702  37.043 0.4000000060
3299  -9.611  -86.380  35.786 0.2000000030
3300  -16.637  -88.072  38.065 0.1000000015
3301  -17.125  -87.161  38.114 0.1000000015
3309  -4.727  -87.513  36.885 0.3000000119
3321  -16.201  -87.476  35.753 0.1000000015
3332  -3.967  -87.339  34.595 0.5000000000
3394  -5.779  -85.243  30.756 0.6000000238
3399  -2.542  -86.462  27.707 0.8999999762
3400  -3.093  -86.427  28.149 0.6999999881
3406  -2.331  -86.800  27.085 0.8000000119
3410  -7.252  -86.762  27.507 0.6000000238
3418  -2.970  -87.165  26.883 0.8000000119
3421  -7.155  -87.164  26.652 0.6000000238
3430  -2.209  -87.453  25.760 0.8999999762
3431  -2.717  -87.454  26.039 0.8999999762
3437  -17.003  -86.587  24.953 0.3000000119
3448  -6.586  -87.469  24.100 0.6000000238
3450  -13.560  -86.624  23.978 0.3000000119
3462  -3.672  -88.267  24.013 1.0000000000
3463  -4.544  -87.613  23.774 1.0000000000
3468  -15.641  -86.314  22.820 0.3000000119
3477  -1.091  -86.965  22.226 0.6000000238
3479  -4.695  -87.808  22.183 1.0000000000
3481  -6.394  -88.015  22.438 0.6999999881
3482  -15.661  -85.560  22.907 0.3000000119
3493  -18.611  -86.741  20.896 0.2000000030
3494  -19.338  -86.754  20.688 0.2000000030
3501  -8.765  -86.673  20.178 0.8000000119
3504  -8.631  -87.091  19.558 0.8000000119
3516  -25.894  -88.068  19.050 0.1000000015
3518  -27.825  -88.176  18.393 0.1000000015
3520  -30.793  -87.399  18.405 0.1000000015
3528  -23.970  -87.724  17.974 0.1000000015
3532  -30.895  -88.071  18.143 0.1000000015
3536  -12.073  -87.138  15.251 0.8999999762
3539  -26.013  -88.562  16.443 0.1000000015
3548  -9.120  -87.138  14.159 1.0000000000
3549  -10.442  -86.788  13.996 1.0000000000
3551  -27.539  -87.469  15.452 0.2000000030
3561  -28.479  -86.990  14.080 0.2000000030
3568  -29.045  -87.461  13.886 0.3000000119
3588  -31.259  -88.405  10.474 0.3000000119
3597  -35.677  -86.469  8.245 0.1000000015
3598  -31.456  -88.726  7.964 0.1000000015
3600  -33.402  -87.115  8.337 0.1000000015
3607  -30.720  -88.979  7.606 0.1000000015
3611  -26.489  -87.533  5.745 0.2000000030
3612  -26.941  -88.619  5.674 0.2000000030
3613  -29.225  -88.951  6.447 0.2000000030
3617  -26.713  -87.496  5.363 0.2000000030
3624  -37.308  -87.450  3.445 0.2000000030
3630  -37.468  -87.634  1.098 0.2000000030
3636  -35.811  -86.649  -1.040 0.2000000030
3641  -35.386  -86.451  -1.872 0.2000000030
3642  -36.157  -86.355  -2.215 0.2000000030
3647  -35.845  -86.722  -2.433 0.2000000030
3649  -36.432  -87.254  -3.077 0.2000000030
3652  -36.727  -87.227  -3.823 0.2000000030
3659  -36.601  -86.526  -5.881 0.2000000030
3663  -35.474  -87.063  -7.363 0.2000000030
3665  -36.717  -86.251  -6.641 0.2000000030
3669  -35.375  -87.008  -8.203 0.2000000030
3671  -36.563  -86.169  -7.424 0.2000000030
3673  -5.268  -88.114  -9.920 0.6000000238
3675  -32.268  -87.381  -9.437 0.2000000030
3678  -35.145  -86.826  -9.077 0.2000000030
3679  -35.858  -86.483  -8.571 0.2000000030
3681  -4.948  -87.218  -10.684 0.6000000238
3682  -5.395  -87.714  -10.534 0.5000000000
3688  -33.830  -86.902  -9.871 0.2000000030
3689  -34.547  -86.646  -9.620 0.2000000030
3694  -11.026  -87.542  -11.636 0.6999999881
3696  -13.604  -87.592  -11.764 0.8000000119
3699  -19.813  -87.437  -9.814 0.6000000238
3700  -21.507  -86.261  -10.485 0.6999999881
3702  -30.612  -86.505  -11.080 0.2000000030
3708  -13.295  -86.940  -12.196 0.8999999762
3711  -20.004  -87.346  -10.508 0.6999999881
3714  -30.143  -86.625  -11.453 0.2000000030
3717  -28.749  -87.643  -13.542 0.2000000030
3719  -30.010  -86.795  -12.846 0.2000000030
3720  -19.711  -87.391  -14.170 0.6999999881
3721  -20.496  -87.527  -14.904 0.6000000238
3724  -29.220  -87.062  -14.030 0.2000000030
3727  -21.904  -87.496  -15.592 0.5000000000
3729  -26.563  -87.270  -15.439 0.4000000060
3730  -27.306  -87.162  -15.132 0.3000000119
3732  -28.826  -86.746  -14.722 0.3000000119
3733  -23.873  -87.254  -16.277 0.5000000000
3735  -25.523  -86.718  -16.391 0.4000000060
3738  -27.658  -86.615  -15.373 0.3000000119
3778  -11.805  -86.539  43.341 0.1000000015
3789  -12.383  -86.498  42.544 0.1000000015
3795  -9.538  -86.280  41.487 0.1000000015
3812  -8.282  -85.348  39.189 0.1000000015
3820  -4.658  -86.136  38.468 0.3000000119
3823  -8.761  -84.690  37.292 0.2000000030
3824  -8.987  -84.818  37.602 0.2000000030
3839  -3.636  -85.969  36.935 0.4000000060
3883  -3.513  -85.467  32.961 0.5000000000
3915  -3.816  -84.751  31.967 0.6000000238
3933  -3.355  -85.422  30.110 0.6000000238
3935  -5.679  -83.985  31.298 0.6000000238
3936  -6.371  -84.320  30.988 0.6000000238
3937  -6.771  -84.723  30.389 0.6000000238
3951  -7.162  -85.132  29.613 0.6000000238
3958  -2.151  -86.382  27.327 0.8000000119
3960  -4.698  -85.758  28.275 0.8000000119
3962  -7.237  -86.051  28.591 0.6000000238
3964  -8.399  -85.178  27.618 0.6000000238
3974  -3.737  -86.758  27.362 0.8000000119
3985  -8.678  -85.172  25.607 0.6000000238
3992  -5.417  -86.251  24.106 0.8999999762
3998  -17.040  -85.615  24.094 0.3000000119
4022  -16.267  -85.331  22.899 0.3000000119
4023  -17.200  -85.711  22.289 0.2000000030
4025  -19.219  -85.894  21.546 0.2000000030
4039  -19.720  -86.010  21.029 0.1000000015
4051  -12.048  -84.711  18.803 0.8999999762
4059  -12.037  -85.484  16.953 1.0000000000
4060  -24.778  -86.965  18.620 0.1000000015
4063  -27.870  -87.130  18.231 0.1000000015
4085  -24.225  -86.497  15.913 0.1000000015
4121  -29.496  -86.453  11.893 0.2000000030
4122  -30.161  -86.682  11.288 0.2000000030
4135  -30.356  -87.657  9.392 0.2000000030
4142  -32.041  -87.071  8.229 0.1000000015
4143  -33.148  -86.305  8.174 0.1000000015
4148  -25.940  -87.087  6.003 0.2000000030
4152  -31.344  -87.557  7.780 0.1000000015
4163  -27.263  -88.587  5.449 0.2000000030
4175  -38.018  -86.226  2.511 0.2000000030
4180  -37.239  -86.204  0.714 0.2000000030
4182  -36.647  -86.628  -0.097 0.2000000030
4185  -37.560  -86.010  -2.227 0.2000000030
4188  -38.355  -85.422  -2.686 0.2000000030
4190  -37.698  -86.336  -3.207 0.2000000030
4192  -37.731  -85.843  -3.889 0.2000000030
4193  -38.390  -85.072  -4.071 0.2000000030
4196  -37.415  -85.732  -5.349 0.2000000030
4199  -37.536  -85.492  -6.055 0.2000000030
4200  -38.006  -84.838  -6.205 0.2000000030
4202  -37.073  -85.753  -7.085 0.2000000030
4204  -37.996  -84.714  -6.925 0.2000000030
4205  -3.621  -86.250  -8.208 0.1000000015
4206  -3.940  -86.763  -8.811 0.3000000119
4207  -37.003  -85.661  -7.801 0.2000000030
4211  -8.614  -86.519  -9.782 0.8000000119
4213  -36.929  -85.564  -8.546 0.2000000030
4214  -37.451  -85.119  -8.152 0.2000000030
4215  -4.256  -85.912  -10.453 0.5000000000
4216  -4.499  -86.672  -10.391 0.5000000000
4219  -9.395  -87.402  -10.263 0.8999999762
4221  -33.449  -86.389  -10.439 0.2000000030
4224  -36.046  -85.752  -9.618 0.2000000030
4225  -5.123  -86.574  -11.513 0.6000000238
4226  -7.443  -86.772  -11.260 0.6999999881
4227  -10.837  -86.805  -11.858 0.8999999762
4230  -19.198  -86.309  -9.515 0.8999999762
4232  -32.114  -86.120  -11.390 0.2000000030
4233  -33.086  -86.044  -11.169 0.2000000030
4235  -7.073  -86.772  -11.755 0.6999999881
4237  -11.447  -86.345  -12.408 0.8999999762
4239  -13.796  -85.755  -12.947 0.8000000119
4240  -14.545  -86.328  -12.575 0.8000000119
4244  -30.181  -86.380  -12.160 0.2000000030
4245  -30.643  -85.690  -12.124 0.2000000030
4249  -17.702  -86.195  -12.519 0.6999999881
4252  -30.522  -85.247  -12.891 0.2000000030
4253  -21.062  -85.642  -14.289 0.6000000238
4256  -30.541  -84.952  -13.576 0.3000000119
4257  -20.916  -86.668  -14.950 0.5000000000
4259  -22.009  -86.649  -15.580 0.5000000000
4261  -29.072  -85.968  -15.087 0.3000000119
4262  -29.805  -85.577  -14.741 0.3000000119
4264  -24.077  -86.524  -16.448 0.5000000000
4266  -27.623  -85.984  -15.918 0.3000000119
4267  -25.790  -85.957  -16.627 0.4000000060
4268  -26.531  -85.722  -16.585 0.3000000119
4270  -27.903  -85.317  -16.386 0.3000000119
4348  -4.851  -85.270  38.980 0.2000000030
4349  -5.973  -84.557  38.221 0.1000000015
4357  -3.619  -84.797  38.178 0.3000000119
4359  -8.474  -83.918  37.375 0.1000000015
4392  -2.773  -85.430  33.878 0.5000000000
4405  -2.329  -85.267  32.559 0.6000000238
4448  -2.007  -85.534  29.684 0.6000000238
4449  -6.639  -83.997  30.755 0.6000000238
4460  -5.799  -84.452  29.502 0.6000000238
4464  -8.413  -83.972  28.296 0.6000000238
4473  -8.583  -84.404  27.588 0.6000000238
4478  -1.964  -85.492  26.247 1.0000000000
4479  -6.949  -84.229  27.293 0.8000000119
4480  -8.769  -84.349  26.503 0.8000000119
4487  -1.752  -85.550  24.643 1.0000000000
4490  -8.811  -84.410  24.828 0.8000000119
4491  -15.978  -85.077  23.280 0.3000000119
4500  -16.551  -85.183  23.057 0.3000000119
4507  -9.515  -84.200  21.748 0.8000000119
4511  -10.692  -84.088  20.229 0.8999999762
4517  -1.402  -84.988  19.338 0.2000000030
4542  -23.854  -85.665  15.964 0.1000000015
4553  -25.688  -85.981  15.167 0.1000000015
4607  -29.351  -86.017  8.791 0.1000000015
4609  -35.135  -85.421  8.088 0.1000000015
4616  -27.764  -84.896  7.774 0.1000000015
4630  -31.241  -86.230  7.739 0.1000000015
4636  -25.703  -86.302  5.905 0.1000000015
4638  -30.144  -85.431  6.823 0.1000000015
4643  -25.866  -85.975  5.660 0.1000000015
4644  -26.215  -86.212  5.300 0.2000000030
4661  -37.095  -85.057  0.976 0.2000000030
4663  -38.387  -84.709  1.945 0.1000000015
4665  -35.513  -85.594  -0.559 0.2000000030
4668  -35.798  -85.594  -1.606 0.2000000030
4670  -38.390  -85.161  -2.080 0.2000000030
4676  -39.143  -84.278  -4.175 0.1000000015
4678  -11.972  -85.502  -5.204 0.8999999762
4679  -12.385  -85.360  -5.257 0.8999999762
4683  -11.393  -85.709  -5.736 0.8999999762
4685  -38.537  -84.344  -6.461 0.1000000015
4686  -39.023  -83.850  -6.223 0.1000000015
4687  -2.885  -85.302  -6.832 0.1000000015
4689  -11.468  -85.952  -5.952 0.8999999762
4695  -38.174  -84.530  -7.754 0.1000000015
4697  -3.839  -85.391  -9.128 0.4000000060
4704  -38.331  -84.196  -8.419 0.1000000015
4706  -4.251  -85.273  -10.904 0.5000000000
4707  -8.167  -86.120  -10.462 0.6999999881
4717  -10.983  -85.198  -12.039 0.8999999762
4718  -20.588  -85.968  -9.436 0.6999999881
4721  -34.472  -85.119  -11.168 0.2000000030
4723  -11.503  -85.585  -12.514 0.8999999762
4724  -12.864  -85.465  -13.016 0.8000000119
4728  -31.168  -85.112  -12.491 0.2000000030
4731  -34.008  -84.578  -11.732 0.2000000030
4732  -14.268  -84.957  -13.333 0.8000000119
4735  -17.128  -85.513  -13.387 0.6999999881
4738  -21.468  -84.987  -12.227 0.6000000238
4740  -31.712  -84.707  -12.746 0.1000000015
4741  -21.372  -84.968  -14.020 0.5000000000
4744  -21.689  -85.189  -14.978 0.5000000000
4745  -22.122  -85.781  -15.385 0.5000000000
4746  -22.825  -85.439  -15.587 0.5000000000
4749  -30.520  -84.312  -14.829 0.3000000119
4752  -24.339  -85.635  -16.369 0.4000000060
4753  -25.364  -85.347  -16.554 0.4000000060
4755  -29.037  -84.889  -16.056 0.2000000030
4757  -26.987  -85.217  -16.751 0.3000000119
4758  -27.716  -84.997  -16.717 0.3000000119
4845  -3.501  -84.142  38.672 0.1000000015
4861  -2.830  -84.424  36.730 0.4000000060
4884  -1.967  -84.468  33.676 0.5000000000
4939  -7.590  -83.838  29.253 0.6000000238
4945  -2.005  -84.541  27.134 1.0000000000
4946  -7.624  -83.795  28.180 0.8000000119
4947  -8.168  -83.754  28.330 0.6999999881
4953  -8.488  -84.001  27.257 0.8000000119
4964  -7.347  -84.028  24.642 0.8000000119
4975  -7.090  -84.081  22.676 0.8999999762
4976  -8.967  -83.709  22.570 0.8000000119
4977  -9.234  -83.878  22.194 0.8999999762
5009  -23.619  -84.351  17.459 0.1000000015
5017  -23.530  -84.998  16.447 0.1000000015
5041  -25.972  -84.131  12.870 0.1000000015
5056  -27.657  -84.266  11.451 0.1000000015
5092  -31.648  -84.978  7.800 0.1000000015
5109  -29.723  -84.686  6.435 0.1000000015
5112  -26.193  -85.019  5.590 0.2000000030
5127  -33.572  -84.583  0.099 0.2000000030
5133  -34.825  -85.065  -0.389 0.2000000030
5135  -35.263  -85.182  -0.820 0.2000000030
5136  -36.255  -84.593  -1.236 0.2000000030
5137  -37.963  -84.241  -0.994 0.2000000030
5140  -35.639  -85.330  -1.374 0.2000000030
5141  -36.713  -84.987  -1.575 0.2000000030
5145  -39.901  -84.164  -2.861 0.2000000030
5148  -39.919  -84.094  -4.051 0.1000000015
5152  -13.684  -84.222  -4.079 1.0000000000
5153  -39.732  -84.085  -4.647 0.1000000015
5156  -11.920  -85.055  -5.142 0.8999999762
5158  -13.193  -84.784  -4.783 1.0000000000
5159  -39.851  -83.638  -5.283 0.1000000015
5160  -2.725  -84.580  -6.396 0.2000000030
5166  -12.512  -84.955  -7.040 0.8999999762
5167  -39.246  -83.545  -6.819 0.1000000015
5169  -3.806  -84.663  -8.626 0.4000000060
5170  -8.952  -86.159  -7.546 0.8000000119
5171  -9.665  -85.111  -7.545 0.8000000119
5172  -10.672  -86.298  -7.279 0.8000000119
5175  -39.193  -83.394  -7.602 0.1000000015
5181  -11.697  -84.550  -9.116 0.8999999762
5183  -38.635  -83.654  -8.682 0.1000000015
5185  -4.252  -84.603  -10.335 0.5000000000
5188  -36.561  -84.526  -10.362 0.2000000030
5191  -38.406  -83.393  -9.302 0.1000000015
5193  -7.427  -85.376  -11.677 0.6999999881
5195  -10.941  -84.865  -11.310 0.8999999762
5198  -36.809  -83.900  -10.556 0.2000000030
5199  -7.838  -83.668  -11.891 0.6999999881
5203  -32.900  -83.993  -12.725 0.1000000015
5204  -34.359  -83.840  -12.008 0.2000000030
5205  -35.072  -83.426  -11.642 0.2000000030
5206  -12.791  -84.676  -13.153 0.8000000119
5211  -17.888  -84.993  -13.789 0.6999999881
5213  -31.200  -83.933  -13.581 0.1000000015
5217  -19.598  -83.807  -14.341 0.6000000238
5218  -21.195  -84.452  -13.901 0.6000000238
5221  -31.698  -83.418  -13.745 0.1000000015
5223  -22.808  -84.538  -15.329 0.4000000060
5226  -30.711  -83.699  -15.445 0.1000000015
5229  -26.319  -84.309  -16.488 0.4000000060
5231  -29.240  -84.355  -16.391 0.2000000030
5233  -30.327  -83.712  -16.014 0.1000000015
5234  -26.028  -84.886  -16.643 0.4000000060
5236  -27.415  -84.672  -16.773 0.4000000060
5238  -28.931  -84.113  -16.749 0.2000000030
5239  -29.502  -83.851  -16.590 0.2000000030
5338  -7.186  -82.405  37.659 0.1000000015
5339  -8.002  -82.771  37.953 0.1000000015
5363  -2.586  -83.873  35.848 0.4000000060
5372  -2.259  -83.486  35.002 0.5000000000
5392  -1.899  -83.588  32.380 0.5000000000
5412  -1.978  -83.136  30.705 0.6999999881
5443  -2.235  -83.583  26.770 1.0000000000
5444  -8.421  -83.809  26.319 0.8000000119
5450  -8.510  -83.787  25.418 0.8000000119
5454  -7.795  -83.661  24.046 0.8000000119
5455  -8.532  -83.760  24.375 0.8000000119
5461  -8.742  -83.773  23.417 0.8000000119
5485  -23.754  -82.668  18.059 0.1000000015
5513  -23.823  -83.593  15.523 0.1000000015
5523  -25.001  -83.765  14.252 0.1000000015
5560  -26.902  -82.998  11.001 0.1000000015
5561  -28.310  -83.708  10.056 0.1000000015
5570  -27.900  -83.048  9.918 0.1000000015
5581  -28.014  -83.266  8.207 0.1000000015
5595  -29.195  -83.966  6.120 0.1000000015
5602  -26.891  -83.243  5.375 0.2000000030
5604  -28.400  -84.093  5.630 0.2000000030
5618  -32.866  -84.181  0.737 0.2000000030
5622  -32.016  -83.820  0.464 0.2000000030
5623  -33.043  -84.230  -0.089 0.2000000030
5626  -32.628  -83.842  -0.165 0.2000000030
5627  -33.494  -84.117  -0.427 0.2000000030
5639  -14.401  -83.088  -3.365 1.0000000000
5642  -13.288  -83.738  -3.949 1.0000000000
5643  -13.814  -83.831  -3.616 1.0000000000
5647  -12.607  -84.360  -4.608 1.0000000000
5654  -13.607  -84.372  -5.593 0.8999999762
5660  -11.278  -83.517  -7.119 1.0000000000
5661  -13.336  -83.869  -7.434 0.8999999762
5679  -12.915  -83.155  -9.305 0.8999999762
5680  -39.052  -83.047  -9.019 0.1000000015
5682  -4.552  -83.737  -10.467 0.6999999881
5687  -11.939  -83.512  -10.779 0.8999999762
5688  -37.406  -83.515  -10.059 0.1000000015
5689  -38.085  -83.058  -9.779 0.1000000015
5692  -8.479  -83.400  -11.593 0.6999999881
5698  -37.008  -83.285  -10.269 0.1000000015
5700  -11.824  -84.034  -12.254 0.8000000119
5701  -12.458  -83.551  -12.605 0.6999999881
5703  -33.705  -83.494  -12.447 0.1000000015
5705  -12.840  -83.855  -13.200 0.6999999881
5706  -13.566  -83.463  -13.469 0.8000000119
5713  -15.735  -83.157  -14.376 0.6000000238
5718  -32.229  -82.816  -13.826 0.1000000015
5719  -32.763  -82.812  -13.421 0.1000000015
5722  -23.405  -83.471  -15.347 0.4000000060
5724  -31.263  -82.976  -15.479 0.1000000015
5728  -26.766  -83.667  -16.408 0.2000000030
5729  -27.680  -83.876  -16.723 0.2000000030
5730  -30.091  -83.325  -16.456 0.2000000030
5732  -28.631  -83.731  -16.781 0.2000000030
5850  -2.859  -82.935  37.929 0.2000000030
5866  -2.342  -82.499  35.191 0.5000000000
5867  -2.507  -82.177  36.039 0.3000000119
5900  -2.023  -82.454  31.225 0.6000000238
5917  -2.050  -82.230  29.491 0.8999999762
5991  -23.669  -81.679  14.860 0.1000000015
5992  -24.022  -82.297  14.364 0.1000000015
6000  -24.710  -82.626  12.993 0.1000000015
6044  -27.493  -82.466  8.294 0.1000000015
6066  -26.902  -82.505  5.534 0.1000000015
6080  -31.664  -83.089  1.229 0.1000000015
6081  -31.901  -83.103  1.519 0.2000000030
6085  -31.718  -83.314  0.897 0.2000000030
6087  -32.994  -82.843  0.154 0.2000000030
6093  -36.836  -82.696  -0.457 0.1000000015
6109  -15.796  -81.717  -2.373 0.6999999881
6115  -14.661  -83.180  -4.438 0.8999999762
6116  -15.376  -82.135  -4.310 0.8000000119
6120  -3.697  -83.083  -6.987 0.3000000119
6128  -4.948  -82.825  -7.875 0.4000000060
6131  -12.518  -81.932  -6.395 1.0000000000
6132  -13.703  -82.921  -8.037 0.8999999762
6134  -4.987  -82.869  -8.852 0.6000000238
6138  -39.892  -82.374  -8.278 0.1000000015
6141  -5.463  -82.302  -9.272 0.6999999881
6142  -10.724  -82.805  -9.422 0.8999999762
6148  -10.418  -82.561  -10.221 0.8999999762
6155  -39.825  -81.752  -9.526 0.1000000015
6159  -35.767  -83.023  -11.044 0.2000000030
6161  -37.745  -82.302  -10.060 0.1000000015
6163  -38.831  -81.472  -10.419 0.1000000015
6164  -13.346  -82.377  -12.794 0.8999999762
6166  -34.309  -82.298  -12.035 0.2000000030
6169  -14.444  -82.193  -13.728 0.6000000238
6170  -15.227  -81.847  -14.043 0.6000000238
6171  -16.020  -81.721  -14.259 0.6000000238
6172  -16.836  -81.675  -14.566 0.6000000238
6173  -17.723  -81.599  -14.837 0.6000000238
6175  -33.264  -82.397  -13.205 0.1000000015
6177  -15.653  -82.388  -14.400 0.6000000238
6182  -20.281  -82.442  -14.911 0.4000000060
6183  -20.888  -82.000  -15.075 0.4000000060
6184  -32.249  -82.227  -14.401 0.1000000015
6188  -23.408  -82.583  -15.266 0.4000000060
6191  -26.014  -82.076  -15.659 0.3000000119
6192  -31.347  -82.252  -15.754 0.1000000015
6194  -24.814  -82.759  -15.496 0.3000000119
6196  -26.403  -82.859  -16.058 0.3000000119
6200  -30.213  -82.497  -16.396 0.1000000015
6202  -28.918  -82.862  -16.583 0.2000000030
6203  -29.702  -82.969  -16.633 0.2000000030
6366  -2.579  -81.073  37.149 0.2000000030
6375  -2.258  -81.788  34.506 0.3000000119
6390  -2.103  -82.192  33.563 0.5000000000
6460  -1.727  -81.384  23.457 0.6000000238
6554  -27.021  -81.575  8.457 0.1000000015
6608  -15.782  -81.043  -2.160 0.6999999881
6612  -15.888  -81.197  -2.145 0.6999999881
6613  -16.057  -81.059  -2.131 0.6999999881
6616  -14.409  -82.018  -3.339 0.8000000119
6619  -2.707  -80.839  -5.158 0.2000000030
6624  -2.949  -81.197  -5.765 0.2000000030
6626  -4.125  -81.150  -6.595 0.5000000000
6628  -15.276  -81.715  -5.788 0.6999999881
6633  -12.435  -81.699  -7.699 1.0000000000
6635  -15.330  -80.812  -6.972 0.6999999881
6636  -19.187  -80.829  -6.933 0.5000000000
6637  -19.910  -81.025  -7.157 0.5000000000
6640  -5.922  -81.709  -8.703 0.6000000238
6641  -6.478  -81.287  -8.198 0.6000000238
6646  -17.636  -80.550  -7.732 0.5000000000
6647  -18.360  -80.722  -7.168 0.5000000000
6648  -19.117  -81.290  -7.471 0.5000000000
6649  -20.302  -81.227  -7.799 0.6000000238
6651  -35.421  -80.675  -6.786 0.1000000015
6656  -12.235  -81.305  -9.332 1.0000000000
6659  -17.026  -81.004  -8.390 0.6000000238
6663  -22.050  -81.182  -9.009 0.6000000238
6664  -34.789  -81.074  -6.316 0.1000000015
6665  -35.760  -81.175  -7.608 0.1000000015
6670  -10.460  -81.967  -10.758 0.8999999762
6671  -11.152  -81.354  -10.543 0.8999999762
6681  -36.903  -81.140  -9.253 0.1000000015
6683  -40.613  -80.712  -9.798 0.1000000015
6684  -8.160  -81.574  -11.315 0.8999999762
6688  -13.604  -81.499  -11.239 0.6999999881
6691  -18.517  -81.261  -10.483 0.5000000000
6699  -38.598  -81.208  -10.559 0.1000000015
6701  -14.483  -80.959  -12.350 0.6999999881
6704  -34.096  -81.479  -11.642 0.1000000015
6706  -15.684  -81.156  -13.526 0.6000000238
6709  -18.090  -80.713  -14.617 0.6000000238
6712  -20.619  -80.961  -15.204 0.4000000060
6716  -33.109  -81.645  -13.490 0.1000000015
6718  -23.071  -80.978  -15.247 0.4000000060
6720  -24.593  -81.382  -15.365 0.3000000119
6721  -25.655  -81.422  -15.495 0.3000000119
6724  -31.014  -81.025  -15.685 0.1000000015
6725  -31.625  -81.463  -15.467 0.1000000015
6729  -29.984  -81.662  -16.194 0.2000000030
6883  -6.243  -81.336  37.191 0.1000000015
6940  -2.402  -80.364  35.806 0.3000000119
6978  -2.058  -80.845  31.165 0.6999999881
7022  -3.894  -80.654  27.136 1.0000000000
7036  -2.940  -80.580  26.072 1.0000000000
7168  -32.024  -82.168  1.298 0.1000000015
7179  -15.913  -80.951  -2.260 0.6000000238
7183  -14.543  -80.895  -3.646 0.8000000119
7188  -2.685  -80.029  -5.272 0.2000000030
7196  -13.178  -80.243  -7.001 0.8000000119
7197  -13.248  -80.852  -6.371 0.8999999762
7206  -15.317  -80.312  -7.551 0.6999999881
7207  -18.895  -80.261  -6.900 0.5000000000
7209  -20.210  -80.775  -7.365 0.6000000238
7212  -6.864  -80.678  -8.296 0.6000000238
7219  -14.852  -80.572  -9.632 0.6000000238
7222  -35.723  -80.381  -7.187 0.1000000015
7226  -11.616  -80.477  -10.707 1.0000000000
7229  -22.877  -80.536  -11.229 0.4000000060
7235  -9.041  -80.990  -11.243 0.8999999762
7237  -10.532  -80.602  -11.190 0.8999999762
7238  -14.980  -80.509  -11.572 0.6000000238
7244  -37.839  -80.000  -10.511 0.1000000015
7249  -15.883  -80.521  -11.604 0.6000000238
7256  -23.382  -79.865  -11.995 0.4000000060
7259  -39.473  -80.040  -11.552 0.1000000015
7261  -17.037  -80.652  -13.228 0.5000000000
7264  -19.662  -79.638  -13.806 0.4000000060
7266  -33.306  -80.896  -13.058 0.1000000015
7267  -19.493  -79.846  -14.770 0.4000000060
7268  -20.331  -79.950  -15.067 0.4000000060
7272  -32.430  -80.538  -14.203 0.1000000015
7274  -22.761  -79.848  -15.195 0.4000000060
7277  -25.633  -80.561  -15.446 0.3000000119
7281  -29.906  -80.330  -15.645 0.1000000015
7282  -30.660  -80.355  -15.474 0.1000000015
7283  -31.418  -80.530  -15.215 0.1000000015
7527  -2.230  -78.795  34.147 0.3000000119
7532  -2.134  -78.962  33.395 0.3000000119
7573  -6.795  -79.430  28.983 1.0000000000
7574  -7.372  -79.004  28.798 1.0000000000
7586  -4.556  -80.287  28.519 1.0000000000
7587  -5.860  -79.933  28.784 1.0000000000
7600  -5.777  -79.801  28.038 1.0000000000
7613  -3.844  -79.938  26.553 1.0000000000
7618  -2.098  -79.671  25.020 0.8000000119
7758  -15.652  -80.437  -3.166 0.6000000238
7762  -14.079  -78.675  -4.774 0.6000000238
7763  -14.845  -79.756  -4.394 0.6000000238
7766  -2.688  -79.131  -5.368 0.1000000015
7767  -3.001  -78.362  -5.647 0.5000000000
7768  -15.429  -79.855  -4.930 0.6000000238
7774  -13.334  -79.679  -5.979 0.6999999881
7778  -4.508  -79.441  -6.907 0.5000000000
7779  -5.639  -79.828  -7.132 0.8000000119
7783  -19.800  -80.378  -7.187 0.5000000000
7784  -20.511  -80.549  -7.847 0.6000000238
7786  -12.623  -79.598  -9.147 0.8999999762
7789  -17.661  -80.083  -7.673 0.5000000000
7790  -18.331  -79.950  -7.234 0.5000000000
7793  -21.676  -80.352  -8.362 0.6000000238
7794  -35.296  -79.764  -6.813 0.1000000015
7798  -12.409  -79.544  -9.923 1.0000000000
7799  -15.075  -79.590  -9.650 0.5000000000
7802  -19.815  -79.892  -8.462 0.5000000000
7805  -36.075  -79.761  -8.028 0.1000000015
7808  -8.562  -79.605  -10.475 0.8999999762
7810  -11.152  -79.141  -11.099 1.0000000000
7811  -11.862  -79.518  -10.699 1.0000000000
7814  -17.192  -79.712  -10.044 0.6000000238
7818  -21.737  -79.408  -9.655 0.6000000238
7819  -36.278  -79.249  -9.152 0.1000000015
7824  -36.090  -79.103  -10.327 0.1000000015
7827  -41.603  -78.942  -10.932 0.1000000015
7829  -22.121  -79.203  -13.170 0.4000000060
7830  -35.300  -79.277  -11.290 0.1000000015
7833  -37.982  -79.228  -12.552 0.1000000015
7834  -38.695  -79.261  -12.495 0.1000000015
7836  -40.707  -78.749  -12.015 0.1000000015
7837  -20.397  -79.440  -13.607 0.4000000060
7840  -32.270  -79.829  -13.696 0.1000000015
7841  -35.508  -79.129  -12.418 0.1000000015
7847  -21.132  -79.279  -14.740 0.4000000060
7848  -22.151  -79.086  -14.678 0.4000000060
7849  -23.107  -78.961  -14.669 0.4000000060
7851  -28.150  -78.744  -15.033 0.2000000030
7852  -29.142  -78.879  -14.908 0.2000000030
7855  -24.515  -79.269  -15.241 0.3000000119
7860  -29.525  -79.613  -15.336 0.2000000030
8030  -3.341  -79.196  39.026 0.1000000015
8049  -3.010  -78.351  39.148 0.2000000030
8050  -5.474  -79.490  36.055 0.1000000015
8125  -2.196  -78.416  32.861 0.6000000238
8163  -6.551  -78.772  29.664 1.0000000000
8174  -7.884  -78.532  28.550 1.0000000000
8186  -5.991  -79.185  27.578 1.0000000000
8189  -8.305  -78.048  27.855 1.0000000000
8205  -1.961  -78.961  24.619 0.6999999881
8211  -1.779  -78.772  22.926 0.4000000060
8343  -13.903  -77.330  -4.770 0.5000000000
8345  -14.578  -79.247  -4.969 0.6000000238
8350  -14.286  -77.665  -5.038 0.5000000000
8351  -14.929  -78.939  -5.826 0.6000000238
8355  -12.799  -78.124  -6.278 0.6000000238
8361  -5.957  -78.836  -7.262 0.8000000119
8376  -14.704  -78.603  -9.707 0.5000000000
8377  -23.338  -79.189  -9.071 0.6000000238
8380  -9.040  -78.842  -10.241 1.0000000000
8381  -10.044  -78.377  -10.572 1.0000000000
8382  -10.932  -78.255  -10.895 0.8999999762
8384  -12.093  -78.862  -10.153 1.0000000000
8392  -31.625  -78.270  -10.925 0.1000000015
8395  -15.631  -77.690  -11.327 0.4000000060
8396  -16.063  -78.002  -11.713 0.4000000060
8405  -18.934  -78.092  -12.603 0.3000000119
8406  -19.749  -78.246  -12.432 0.3000000119
8408  -22.344  -78.366  -12.405 0.3000000119
8413  -33.571  -78.180  -13.033 0.1000000015
8415  -35.359  -78.678  -13.196 0.1000000015
8419  -39.662  -78.063  -13.286 0.1000000015
8422  -37.752  -78.104  -14.213 0.1000000015
8622  -4.727  -78.668  37.019 0.2000000030
8635  -2.952  -77.577  39.020 0.2000000030
8637  -6.105  -78.771  35.661 0.1000000015
8649  -2.566  -77.429  37.613 0.2000000030
8691  -2.481  -77.153  34.868 0.4000000060
8738  -2.575  -77.648  30.720 0.6999999881
8754  -6.726  -77.533  29.846 1.0000000000
8755  -7.962  -77.992  29.219 1.0000000000
8777  -6.100  -78.139  27.196 1.0000000000
8914  -2.409  -77.697  -3.480 0.1000000015
8916  -2.920  -77.767  -5.179 0.6000000238
8920  -3.494  -77.725  -5.771 0.8000000119
8921  -13.469  -76.837  -5.639 0.5000000000
8922  -13.912  -76.863  -4.930 0.5000000000
8923  -14.207  -76.902  -5.074 0.5000000000
8926  -4.061  -77.679  -6.444 0.8000000119
8929  -13.130  -77.153  -5.880 0.5000000000
8933  -6.023  -77.782  -7.415 0.8999999762
8936  -14.003  -76.822  -7.596 0.5000000000
8939  -9.897  -77.089  -9.285 0.8999999762
8941  -12.171  -77.095  -7.696 0.6000000238
8942  -14.309  -77.126  -8.648 0.5000000000
8948  -14.523  -77.652  -9.681 0.5000000000
8954  -11.131  -77.697  -10.395 0.8999999762
8955  -15.248  -77.690  -10.941 0.5000000000
8959  -15.917  -77.188  -11.605 0.5000000000
8968  -22.971  -77.758  -13.048 0.3000000119
8969  -23.814  -77.176  -13.317 0.4000000060
8970  -31.263  -77.484  -12.346 0.1000000015
8976  -26.705  -77.816  -13.393 0.2000000030
8985  -37.578  -77.531  -14.296 0.1000000015
9191  -4.060  -77.431  38.182 0.2000000030
9199  -2.916  -76.798  38.530 0.3000000119
9201  -5.693  -77.807  36.380 0.1000000015
9213  -7.426  -77.237  36.009 0.1000000015
9240  -2.499  -76.334  35.184 0.4000000060
9260  -2.475  -76.490  33.581 0.5000000000
9347  -9.073  -76.544  26.917 1.0000000000
9372  -7.768  -75.950  24.245 0.6000000238
9473  -2.360  -76.080  -0.730 0.2000000030
9484  -3.283  -76.699  -4.492 0.5000000000
9491  -4.605  -76.892  -6.561 0.8000000119
9495  -13.148  -76.365  -6.723 0.5000000000
9496  -13.697  -76.800  -5.677 0.5000000000
9498  -6.216  -76.708  -7.320 0.8999999762
9499  -7.396  -76.699  -7.149 1.0000000000
9504  -11.547  -76.118  -8.315 0.6000000238
9506  -13.924  -76.316  -8.043 0.5000000000
9510  -11.085  -76.648  -8.993 0.8999999762
9516  -16.506  -76.286  -11.507 0.4000000060
9520  -19.331  -75.672  -12.517 0.2000000030
9526  -21.780  -77.127  -13.375 0.2000000030
9774  -3.570  -76.401  38.419 0.3000000119
9784  -2.810  -75.974  38.178 0.3000000119
9785  -3.181  -75.625  38.294 0.3000000119
9795  -2.609  -75.705  37.414 0.3000000119
9796  -7.065  -76.088  36.873 0.2000000030
9810  -2.541  -75.549  36.456 0.4000000060
9828  -2.528  -75.564  35.541 0.4000000060
9937  -8.025  -74.969  28.420 1.0000000000
9948  -8.302  -74.848  27.526 1.0000000000
9961  -9.125  -75.501  25.242 1.0000000000
9975  -7.801  -75.345  24.256 0.6999999881
10074  -33.548  -74.540  2.285 0.1000000015
10091  -31.910  -75.670  0.462 0.1000000015
10112  -3.374  -75.935  -3.448 0.5000000000
10119  -3.806  -76.173  -5.032 0.6999999881
10121  -5.130  -75.100  -5.956 0.8000000119
10132  -10.743  -75.387  -8.492 0.8000000119
10135  -13.378  -75.008  -7.546 0.5000000000
10139  -14.512  -76.077  -8.604 0.5000000000
10141  -16.334  -75.605  -9.349 0.5000000000
10143  -17.980  -74.911  -9.713 0.4000000060
10146  -16.390  -75.877  -10.324 0.5000000000
10148  -17.738  -74.910  -10.800 0.4000000060
10158  -20.114  -75.996  -12.699 0.2000000030
10160  -21.793  -75.459  -12.921 0.2000000030
10161  -22.594  -75.505  -13.310 0.2000000030
10162  -23.568  -74.964  -13.227 0.3000000119
10165  -26.889  -74.919  -13.593 0.1000000015
10168  -25.582  -76.170  -13.576 0.2000000030
10169  -26.804  -75.892  -13.612 0.1000000015
10173  -30.461  -75.695  -14.097 0.1000000015
10438  -4.773  -74.901  38.064 0.3000000119
10439  -5.587  -74.851  38.019 0.3000000119
10451  -8.378  -75.099  36.789 0.3000000119
10479  -10.196  -75.121  35.402 0.1000000015
10548  -3.642  -74.491  31.795 0.6999999881
10549  -4.405  -73.903  31.360 0.8999999762
10566  -5.097  -74.720  30.389 1.0000000000
10590  -7.302  -74.271  28.959 1.0000000000
10617  -4.647  -74.778  26.264 0.6999999881
10620  -8.666  -75.306  24.622 1.0000000000
10751  -31.129  -74.605  1.679 0.1000000015
10752  -32.429  -74.614  2.147 0.1000000015
10756  -30.828  -75.241  0.832 0.1000000015
10764  -3.502  -74.458  -1.643 0.5000000000
10765  -29.465  -74.462  -0.724 0.1000000015
10773  -3.975  -74.770  -2.217 0.5000000000
10775  -29.634  -74.382  -1.785 0.1000000015
10787  -19.970  -74.271  -3.001 0.1000000015
10794  -5.596  -74.198  -5.489 0.6999999881
10799  -6.918  -74.572  -6.331 1.0000000000
10800  -7.960  -74.460  -6.454 0.8999999762
10807  -12.557  -74.514  -7.128 0.6000000238
10814  -9.435  -74.457  -8.356 0.6999999881
10817  -12.187  -74.265  -7.354 0.6000000238
10819  -15.407  -74.390  -8.583 0.5000000000
10822  -18.105  -74.146  -9.136 0.5000000000
10831  -18.334  -74.498  -9.414 0.5000000000
10839  -19.786  -73.651  -10.932 0.2000000030
10842  -18.581  -74.480  -11.189 0.2000000030
10847  -20.823  -74.825  -12.298 0.2000000030
10848  -21.515  -74.743  -12.539 0.2000000030
10851  -24.462  -74.743  -13.221 0.2000000030
10852  -25.298  -74.460  -13.334 0.1000000015
10853  -26.214  -74.228  -13.258 0.1000000015
11163  -3.796  -74.020  37.772 0.3000000119
11174  -4.458  -73.572  37.225 0.3000000119
11176  -6.777  -73.986  37.559 0.3000000119
11196  -2.774  -73.574  36.118 0.4000000060
11197  -7.749  -72.868  36.770 0.3000000119
11200  -10.027  -74.305  35.360 0.2000000030
11207  -2.851  -73.009  35.354 0.4000000060
11320  -3.942  -73.580  28.788 0.8000000119
11455  -29.497  -73.197  1.371 0.1000000015
11475  -29.092  -73.716  -0.398 0.1000000015
11476  -32.664  -73.086  0.508 0.1000000015
11487  -4.720  -73.582  -1.975 0.5000000000
11488  -21.559  -73.710  -2.714 0.1000000015
11494  -4.994  -73.172  -3.650 0.6000000238
11495  -20.397  -74.068  -2.834 0.1000000015
11503  -19.228  -73.959  -3.206 0.1000000015
11504  -19.620  -74.178  -3.326 0.1000000015
11505  -22.138  -74.148  -3.529 0.1000000015
11513  -19.184  -73.920  -3.766 0.1000000015
11516  -22.243  -73.810  -4.972 0.1000000015
11528  -23.280  -73.509  -5.498 0.1000000015
11534  -7.770  -73.148  -6.231 0.8000000119
11535  -19.934  -73.242  -7.783 0.4000000060
11536  -20.431  -73.487  -7.469 0.2000000030
11544  -11.030  -73.704  -8.270 0.6000000238
11545  -11.938  -73.692  -7.530 0.6000000238
11548  -14.783  -73.541  -8.568 0.5000000000
11550  -17.102  -73.185  -8.866 0.5000000000
11551  -17.843  -73.452  -9.021 0.5000000000
11553  -19.352  -73.630  -9.125 0.4000000060
11555  -21.013  -73.327  -8.861 0.1000000015
11586  -21.396  -73.127  -11.761 0.2000000030
11587  -22.258  -72.998  -12.083 0.2000000030
11588  -23.130  -72.885  -12.202 0.2000000030
11601  -23.683  -73.618  -12.595 0.2000000030
11602  -24.557  -73.727  -12.860 0.3000000119
11940  -4.371  -73.065  36.690 0.3000000119
11941  -5.203  -72.916  36.957 0.3000000119
11942  -6.105  -72.538  36.974 0.3000000119
11961  -4.450  -72.687  36.194 0.4000000060
11964  -8.972  -73.372  35.957 0.2000000030
11992  -4.486  -72.370  34.329 0.6000000238
12012  -4.909  -72.204  33.399 0.8000000119
12040  -12.603  -72.635  31.191 0.1000000015
12199  -29.667  -72.529  1.386 0.1000000015
12201  -30.968  -72.950  1.485 0.1000000015
12205  -10.047  -72.261  0.226 0.8000000119
12206  -10.655  -72.590  0.068 0.8999999762
12217  -11.286  -72.643  -0.194 0.8000000119
12232  -23.287  -71.815  -1.416 0.1000000015
12240  -4.891  -72.750  -2.424 0.5000000000
12242  -29.672  -72.874  -3.067 0.1000000015
12249  -19.514  -73.694  -2.890 0.1000000015
12251  -21.561  -72.892  -2.630 0.1000000015
12258  -5.503  -72.679  -4.186 0.8000000119
12261  -29.761  -72.701  -4.553 0.1000000015
12268  -19.129  -73.478  -4.706 0.2000000030
12279  -7.606  -72.645  -6.012 0.8000000119
12283  -12.667  -72.363  -7.443 0.6000000238
12286  -22.877  -73.033  -7.083 0.1000000015
12294  -10.313  -72.993  -8.292 0.6000000238
12297  -13.380  -72.901  -7.904 0.6000000238
12300  -16.947  -72.303  -8.614 0.5000000000
12301  -17.628  -72.705  -8.911 0.5000000000
12304  -21.756  -72.862  -8.931 0.1000000015
12313  -22.600  -71.362  -10.799 0.1000000015
12319  -23.613  -71.209  -11.409 0.1000000015
12731  -5.539  -71.777  36.174 0.3000000119
12746  -9.219  -71.933  34.846 0.3000000119
12772  -9.882  -71.766  33.773 0.3000000119
12808  -11.727  -71.502  31.449 0.2000000030
12818  -12.886  -71.446  30.326 0.1000000015
12943  -14.159  -72.147  2.020 0.8000000119
12944  -14.527  -71.886  2.297 0.8000000119
12951  -9.975  -71.421  0.928 0.8000000119
12959  -31.523  -71.502  1.281 0.1000000015
12964  -9.770  -71.819  0.591 0.8000000119
12971  -29.712  -72.009  1.109 0.1000000015
12977  -3.878  -71.765  -0.201 0.6000000238
12980  -10.887  -72.792  -0.108 0.8999999762
12981  -11.619  -72.748  -0.125 0.8000000119
12993  -5.234  -71.344  -1.738 0.6999999881
13006  -26.221  -71.432  -3.374 0.1000000015
13014  -19.232  -72.573  -4.218 0.1000000015
13015  -20.220  -71.966  -3.919 0.1000000015
13021  -6.206  -71.878  -5.274 0.8999999762
13022  -6.874  -71.643  -5.462 0.8000000119
13023  -7.597  -71.321  -5.694 0.8000000119
13024  -19.234  -72.602  -5.255 0.3000000119
13033  -10.094  -70.930  -7.056 0.8000000119
13045  -11.370  -71.522  -7.560 0.6000000238
13046  -12.228  -71.558  -7.471 0.6000000238
13059  -14.464  -71.897  -8.563 0.6000000238
13064  -19.243  -70.912  -9.227 0.4000000060
13066  -22.682  -71.845  -8.816 0.1000000015
13088  -25.957  -71.029  -11.548 0.1000000015
13466  -5.810  -71.229  35.449 0.3000000119
13469  -6.862  -71.456  36.291 0.3000000119
13478  -5.750  -71.213  34.394 0.4000000060
13481  -6.055  -70.519  35.496 0.3000000119
13551  -10.663  -70.577  31.696 0.3000000119
13563  -12.445  -70.632  30.096 0.2000000030
13582  -13.731  -70.261  28.050 0.2000000030
13692  -14.233  -71.710  2.422 0.8000000119
13694  -15.330  -71.350  2.106 0.8000000119
13705  -10.754  -71.110  0.929 0.8000000119
13706  -11.790  -71.238  0.870 0.8999999762
13707  -13.030  -71.458  1.239 0.8000000119
13711  -30.512  -70.523  1.839 0.1000000015
13718  -8.438  -71.132  0.949 0.8999999762
13719  -9.281  -71.314  0.803 0.8999999762
13720  -14.419  -71.666  1.198 0.8000000119
13729  -5.147  -70.758  -0.566 0.6999999881
13730  -9.394  -71.610  -0.159 0.8000000119
13733  -13.159  -71.508  0.120 0.8000000119
13740  -29.835  -71.002  -0.166 0.1000000015
13748  -10.115  -70.597  -0.965 0.8000000119
13759  -29.986  -71.472  -1.902 0.1000000015
13761  -5.686  -70.732  -3.166 0.8000000119
13770  -7.979  -69.921  -4.773 0.8000000119
13777  -30.081  -70.569  -5.274 0.1000000015
13779  -9.891  -70.340  -6.467 0.8000000119
13780  -10.918  -70.875  -7.269 0.6000000238
13792  -16.232  -70.119  -8.193 0.6000000238
13794  -20.666  -70.696  -8.304 0.4000000060
13795  -21.370  -70.193  -8.013 0.4000000060
13797  -24.604  -70.344  -7.508 0.1000000015
13799  -30.106  -71.210  -8.057 0.1000000015
13802  -15.811  -70.903  -8.380 0.5000000000
13804  -17.686  -71.073  -8.378 0.5000000000
13805  -19.119  -70.497  -9.162 0.4000000060
14214  -5.866  -69.482  34.222 0.4000000060
14216  -8.218  -69.667  34.398 0.4000000060
14233  -4.663  -69.516  33.204 0.5000000000
14234  -4.677  -69.187  33.164 0.6000000238
14256  -3.842  -69.403  32.690 0.8999999762
14267  -10.277  -69.858  31.559 0.3000000119
14295  -11.671  -69.258  27.463 0.3000000119
14297  -13.083  -69.801  27.893 0.2000000030
14312  -15.868  -70.019  26.859 0.1000000015
14326  -15.674  -69.365  26.394 0.2000000030
14410  -14.464  -70.723  2.598 0.8000000119
14411  -15.191  -70.946  2.426 0.8000000119
14422  -3.890  -69.450  1.529 0.6999999881
14427  -13.621  -70.914  2.146 0.8000000119
14429  -15.496  -70.747  1.991 0.6999999881
14447  -16.161  -69.780  0.194 0.6000000238
14457  -5.940  -70.282  -0.506 0.8000000119
14459  -7.348  -70.786  0.701 0.8999999762
14461  -12.018  -69.597  -0.567 0.8000000119
14464  -14.890  -70.408  0.058 0.6999999881
14467  -17.757  -69.710  -0.017 0.6000000238
14468  -18.419  -69.482  -0.067 0.5000000000
14472  -29.635  -69.378  -0.789 0.1000000015
14482  -16.142  -69.747  -0.707 0.6000000238
14484  -23.862  -69.396  -1.992 0.1000000015
14485  -28.116  -69.332  -1.762 0.1000000015
14488  -29.918  -69.755  -1.553 0.1000000015
14494  -28.532  -69.071  -2.524 0.1000000015
14496  -29.796  -69.444  -2.496 0.1000000015
14500  -6.934  -69.022  -3.147 0.8000000119
14502  -28.872  -68.693  -3.383 0.1000000015
14503  -29.835  -69.331  -4.097 0.1000000015
14506  -7.364  -69.678  -4.024 0.8000000119
14509  -28.781  -68.711  -4.362 0.1000000015
14510  -29.398  -68.966  -4.684 0.1000000015
14511  -29.938  -69.630  -4.961 0.1000000015
14520  -10.644  -69.757  -6.279 0.6000000238
14521  -11.578  -69.522  -6.418 0.6999999881
14522  -12.495  -69.219  -6.584 0.6999999881
14523  -13.407  -69.153  -6.883 0.6000000238
14525  -28.171  -68.710  -5.964 0.1000000015
14526  -29.018  -68.703  -6.199 0.1000000015
14527  -29.580  -69.366  -6.498 0.1000000015
14530  -14.784  -69.611  -7.571 0.6000000238
14534  -18.556  -69.470  -7.680 0.5000000000
14542  -21.078  -69.455  -8.429 0.4000000060
14555  -26.208  -68.950  -10.561 0.1000000015
14970  -4.995  -69.218  33.370 0.5000000000
14974  -7.841  -69.097  34.103 0.4000000060
14985  -4.494  -69.066  33.073 0.5000000000
14990  -8.739  -69.001  33.075 0.4000000060
15012  -8.330  -68.568  32.582 0.4000000060
15014  -9.970  -69.039  31.420 0.3000000119
15033  -2.852  -69.029  31.286 0.8999999762
15045  -2.737  -68.979  30.374 0.8000000119
15080  -11.071  -68.526  25.744 0.4000000060
15087  -10.564  -67.859  25.690 0.3000000119
15090  -13.363  -68.592  25.873 0.3000000119
15232  -14.346  -69.755  2.393 0.8000000119
15246  -15.279  -69.944  1.599 0.6999999881
15255  -4.838  -68.770  0.956 0.6000000238
15260  -8.906  -69.275  0.622 0.8999999762
15261  -10.137  -68.651  0.491 0.8999999762
15267  -18.920  -68.882  0.761 0.4000000060
15269  -24.179  -67.833  0.426 0.1000000015
15278  -17.871  -69.608  0.143 0.6000000238
15279  -19.076  -69.035  0.454 0.4000000060
15280  -24.111  -68.454  -0.106 0.1000000015
15298  -16.740  -68.966  -1.550 0.5000000000
15300  -19.202  -68.818  -0.491 0.4000000060
15302  -25.164  -67.977  -1.149 0.1000000015
15303  -29.159  -69.041  -0.970 0.1000000015
15306  -6.596  -68.737  -2.084 0.8000000119
15310  -16.644  -68.286  -2.285 0.5000000000
15319  -12.103  -67.534  -5.184 0.6999999881
15320  -12.793  -67.557  -5.528 0.6999999881
15322  -10.416  -68.648  -5.171 0.6999999881
15329  -17.013  -67.540  -6.349 0.5000000000
15334  -13.826  -68.337  -6.597 0.6000000238
15336  -15.651  -67.710  -7.189 0.5000000000
15339  -18.332  -67.997  -6.624 0.5000000000
15342  -28.377  -68.645  -6.837 0.1000000015
15350  -18.029  -68.804  -7.098 0.5000000000
15353  -20.210  -67.975  -8.227 0.4000000060
15355  -22.170  -68.646  -8.099 0.4000000060
15362  -20.690  -68.766  -8.408 0.4000000060
15363  -21.428  -68.849  -8.269 0.3000000119
15366  -28.427  -68.514  -8.884 0.1000000015
15374  -28.141  -68.363  -9.847 0.1000000015
15791  -6.741  -68.385  32.807 0.4000000060
15800  -5.508  -68.381  32.464 0.6999999881
15823  -8.193  -67.885  31.147 0.5000000000
15847  -6.620  -67.571  30.688 0.8000000119
15862  -3.950  -67.488  29.845 0.8999999762
15882  -8.832  -67.932  28.361 0.4000000060
15892  -13.145  -67.409  26.221 0.3000000119
15900  -9.060  -66.913  25.884 0.5000000000
15904  -15.779  -67.823  26.368 0.1000000015
16057  -6.274  -67.889  0.441 0.8999999762
16060  -11.740  -66.940  1.202 0.8999999762
16062  -14.753  -68.020  0.747 0.6999999881
16065  -19.454  -67.929  0.878 0.4000000060
16076  -16.081  -67.915  -0.031 0.6999999881
16078  -18.057  -67.195  0.123 0.4000000060
16079  -20.067  -67.575  0.719 0.4000000060
16087  -9.037  -67.345  -2.236 0.8000000119
16088  -9.538  -67.388  -2.133 0.8000000119
16090  -11.109  -67.692  -1.807 0.8000000119
16092  -12.995  -67.812  -1.483 0.6999999881
16094  -20.006  -67.868  -1.346 0.3000000119
16096  -21.228  -66.607  -2.176 0.3000000119
16097  -21.350  -66.353  -2.431 0.3000000119
16103  -9.849  -67.294  -2.495 0.8000000119
16105  -11.683  -67.349  -2.271 0.6999999881
16106  -12.554  -67.192  -2.343 0.6999999881
16107  -13.379  -66.894  -2.784 0.5000000000
16113  -20.868  -67.233  -2.334 0.3000000119
16114  -25.957  -67.671  -2.604 0.1000000015
16124  -14.138  -66.889  -3.062 0.5000000000
16129  -20.361  -66.767  -2.973 0.3000000119
16132  -26.289  -66.907  -3.079 0.1000000015
16144  -26.275  -67.042  -4.507 0.1000000015
16151  -14.798  -66.593  -5.767 0.5000000000
16155  -18.262  -67.313  -5.932 0.4000000060
16164  -21.782  -66.836  -7.058 0.4000000060
16165  -22.635  -67.197  -7.172 0.4000000060
16172  -19.717  -67.259  -7.835 0.4000000060
16175  -23.076  -67.702  -7.391 0.4000000060
16688  -17.696  -66.076  28.873 0.1000000015
16708  -17.372  -66.155  27.458 0.1000000015
16723  -15.855  -66.611  27.148 0.1000000015
16835  -12.276  -65.343  4.848 1.0000000000
16844  -13.191  -65.329  4.648 0.8999999762
16854  -13.338  -65.344  4.083 0.8999999762
16878  -6.231  -67.171  0.557 1.0000000000
16879  -6.677  -66.676  0.509 1.0000000000
16880  -7.188  -66.232  0.659 1.0000000000
16884  -19.042  -67.029  0.695 0.4000000060
16885  -19.833  -66.996  0.846 0.4000000060
16898  -7.909  -66.882  -0.057 1.0000000000
16903  -20.260  -66.600  0.200 0.4000000060
16904  -25.411  -66.440  -1.094 0.1000000015
16918  -20.702  -66.008  -2.868 0.2000000030
16926  -15.215  -66.659  -4.436 0.5000000000
16927  -18.613  -66.786  -3.922 0.3000000119
16929  -26.504  -66.119  -3.505 0.2000000030
16939  -16.131  -66.903  -5.156 0.5000000000
16940  -18.757  -66.322  -4.466 0.3000000119
16941  -26.535  -66.209  -4.361 0.1000000015
16948  -19.359  -66.065  -5.565 0.2000000030
16957  -21.098  -66.291  -6.480 0.4000000060
16960  -24.342  -66.513  -6.281 0.3000000119
17626  -11.445  -65.356  29.365 0.4000000060
17647  -10.834  -65.758  29.077 0.4000000060
17760  -4.834  -65.646  4.640 0.8999999762
17762  -13.156  -65.167  4.769 0.8999999762
17770  -6.984  -65.191  3.445 1.0000000000
17771  -13.368  -65.289  4.415 0.8999999762
17776  -5.964  -65.859  2.742 1.0000000000
17779  -8.237  -65.270  3.362 1.0000000000
17780  -13.166  -65.126  3.666 0.8999999762
17793  -7.929  -65.848  0.941 1.0000000000
17819  -18.427  -65.707  -1.386 0.4000000060
17820  -19.841  -65.411  -1.442 0.4000000060
17821  -20.897  -65.520  -1.762 0.3000000119
17828  -21.030  -65.636  -2.449 0.3000000119
17835  -18.929  -65.664  -3.871 0.2000000030
17841  -26.200  -64.964  -4.932 0.2000000030
17846  -19.670  -65.359  -5.280 0.2000000030
17849  -25.939  -65.734  -5.535 0.2000000030
17854  -20.693  -65.724  -5.960 0.2000000030
17856  -22.306  -65.750  -6.096 0.2000000030
17857  -23.863  -65.896  -6.133 0.2000000030
17858  -24.996  -65.407  -5.767 0.2000000030
18470  -12.837  -64.595  29.430 0.4000000060
18491  -17.777  -64.733  27.922 0.1000000015
18495  -4.130  -64.791  27.376 0.8999999762
18611  -10.731  -65.005  4.723 1.0000000000
18619  -12.567  -65.022  4.798 0.8999999762
18626  -7.332  -64.533  3.744 1.0000000000
18628  -9.209  -64.741  4.417 1.0000000000
18636  -11.028  -64.457  3.167 0.8999999762
18662  -13.183  -64.355  -1.685 0.6000000238
18663  -13.935  -64.892  -2.053 0.6000000238
18670  -14.480  -64.345  -2.647 0.5000000000
18671  -15.511  -64.476  -2.897 0.4000000060
18672  -16.488  -64.738  -2.930 0.3000000119
18681  -26.431  -64.424  -3.371 0.1000000015
18686  -19.005  -64.091  -5.206 0.2000000030
18692  -19.737  -64.447  -5.385 0.2000000030
18701  -21.910  -65.028  -5.878 0.2000000030
18703  -23.619  -64.639  -5.915 0.2000000030
19253  -17.140  -62.556  28.081 0.3000000119
19270  -11.989  -63.753  28.970 0.5000000000
19272  -15.367  -63.445  28.741 0.3000000119
19274  -17.801  -63.319  28.274 0.1000000015
19295  -6.576  -63.752  26.242 1.0000000000
19332  -17.538  -63.618  19.522 0.2000000030
19411  -6.612  -63.718  4.797 1.0000000000
19416  -7.307  -63.107  3.696 1.0000000000
19424  -10.002  -63.970  2.158 1.0000000000
19436  -11.316  -63.273  0.530 0.6999999881
19445  -11.614  -63.183  -0.225 0.6000000238
19458  -14.017  -63.473  -2.919 0.4000000060
19460  -25.900  -63.238  -2.587 0.1000000015
19461  -26.182  -63.879  -2.784 0.1000000015
19465  -15.157  -62.840  -3.514 0.3000000119
19466  -15.721  -63.341  -3.646 0.3000000119
19468  -17.233  -63.435  -4.322 0.3000000119
19469  -25.509  -62.916  -3.851 0.1000000015
19473  -17.998  -63.383  -4.640 0.2000000030
19474  -18.630  -63.401  -5.157 0.2000000030
19477  -25.668  -63.435  -4.444 0.1000000015
20045  -15.253  -62.130  28.255 0.2000000030
20047  -18.462  -62.458  29.731 0.1000000015
20072  -12.681  -62.622  27.740 0.3000000119
20127  -17.959  -63.275  19.702 0.2000000030
20223  -11.569  -62.322  -0.215 0.6000000238
20232  -12.265  -62.665  -1.346 0.4000000060
20243  -25.474  -62.612  -2.303 0.1000000015
20249  -16.144  -62.537  -3.763 0.3000000119
20253  -25.568  -62.800  -3.100 0.2000000030
20261  -19.883  -62.709  -6.026 0.2000000030
20269  -22.510  -62.541  -5.678 0.2000000030
20270  -23.365  -62.893  -5.425 0.2000000030
20882  -14.472  -61.705  27.669 0.2000000030
21029  -11.275  -61.645  0.944 0.6000000238
21054  -16.225  -61.153  -2.641 0.2000000030
21061  -17.957  -60.918  -4.561 0.3000000119
21760  -17.326  -60.455  29.390 0.2000000030
21774  -16.264  -60.863  28.360 0.2000000030
21793  -14.132  -61.301  27.084 0.3000000119
21810  -12.395  -60.858  25.302 0.5000000000
21842  -6.173  -60.516  22.275 0.3000000119
21952  -10.630  -60.574  2.505 0.6999999881
21974  -14.203  -60.153  -0.901 0.2000000030
21980  -14.627  -60.651  -1.464 0.2000000030
21989  -15.038  -61.082  -2.040 0.3000000119
21991  -22.463  -60.318  -2.344 0.2000000030
21999  -17.344  -60.589  -3.818 0.3000000119
22018  -21.158  -60.405  -5.402 0.2000000030
22669  -16.744  -59.558  28.451 0.1000000015
22702  -14.968  -59.858  26.982 0.3000000119
22755  -5.388  -60.141  21.266 0.1000000015
22756  -6.315  -59.684  21.212 0.1000000015
22827  -13.092  -59.956  9.158 0.5000000000
22838  -14.515  -60.426  8.158 0.5000000000
22839  -15.338  -60.413  7.692 0.5000000000
22848  -16.453  -59.905  6.618 0.4000000060
22856  -15.455  -60.311  6.502 0.4000000060
22857  -16.115  -60.156  6.197 0.4000000060
22858  -16.697  -59.814  5.907 0.4000000060
22895  -12.729  -59.415  0.292 0.3000000119
22901  -13.067  -59.902  -0.221 0.3000000119
22904  -15.868  -59.216  -1.002 0.2000000030
22910  -16.278  -59.484  -1.594 0.2000000030
22911  -21.397  -59.305  -1.550 0.2000000030
22912  -21.756  -59.930  -1.115 0.1000000015
22917  -16.627  -59.834  -2.357 0.2000000030
22925  -16.898  -60.172  -3.148 0.3000000119
22934  -19.579  -59.008  -5.229 0.2000000030
23678  -6.995  -59.133  20.380 0.1000000015
23688  -15.982  -57.525  18.699 0.6000000238
23696  -15.910  -57.166  17.719 0.6000000238
23747  -10.921  -58.610  10.732 0.6000000238
23768  -12.412  -59.417  7.733 0.6000000238
23787  -13.755  -58.907  6.722 0.6000000238
23790  -17.023  -59.371  5.403 0.4000000060
23798  -11.336  -58.055  3.843 0.5000000000
23800  -17.179  -58.592  4.958 0.3000000119
23824  -21.168  -58.792  0.692 0.1000000015
23829  -13.709  -58.639  -0.041 0.3000000119
23831  -15.476  -58.661  -0.503 0.2000000030
23843  -17.326  -58.194  -3.397 0.2000000030
24484  -18.528  -58.363  30.017 0.1000000015
24550  -15.593  -57.572  27.021 0.3000000119
24578  -11.078  -57.289  25.219 0.8000000119
24732  -18.626  -57.328  7.281 0.1000000015
24733  -19.135  -57.104  7.115 0.1000000015
24750  -15.786  -59.153  5.302 0.4000000060
24764  -24.032  -57.287  5.273 0.1000000015
24790  -13.343  -57.869  0.153 0.3000000119
24802  -21.025  -57.608  -1.246 0.1000000015
24812  -17.659  -57.289  -3.370 0.2000000030
24813  -18.423  -56.924  -3.753 0.2000000030
24814  -19.031  -56.611  -3.870 0.1000000015
24815  -20.329  -57.300  -3.689 0.2000000030
25540  -12.123  -56.692  26.065 0.6000000238
25552  -11.209  -56.716  25.236 0.8000000119
25615  -9.913  -58.019  22.029 0.3000000119
25643  -16.566  -56.621  18.928 0.5000000000
25652  -15.425  -55.663  17.365 0.5000000000
25665  -4.956  -56.429  16.860 0.3000000119
25667  -16.068  -55.968  16.588 0.6000000238
25669  -17.287  -56.656  16.938 0.6000000238
25741  -18.939  -56.624  7.492 0.1000000015
25755  -19.568  -56.653  6.330 0.1000000015
25763  -14.488  -56.395  5.103 0.4000000060
25780  -11.311  -56.390  3.483 0.4000000060
25793  -22.133  -56.606  1.840 0.1000000015
25825  -17.241  -56.723  -2.901 0.2000000030
25827  -20.947  -57.072  -1.714 0.1000000015
25836  -19.303  -56.377  -3.102 0.1000000015
26502  -11.458  -55.934  24.959 0.6999999881
26520  -10.913  -57.473  23.311 0.3000000119
26555  -13.995  -54.075  18.284 0.3000000119
26569  -5.647  -56.000  16.907 0.3000000119
26572  -13.951  -53.982  18.166 0.3000000119
26574  -14.888  -54.855  17.219 0.5000000000
26581  -8.556  -55.343  16.873 0.1000000015
26584  -14.877  -54.594  16.893 0.6000000238
26585  -15.526  -55.155  16.531 0.5000000000
26604  -15.627  -54.770  16.222 0.6000000238
26621  -26.407  -56.242  14.175 0.1000000015
26666  -11.033  -56.363  9.350 0.6999999881
26675  -12.664  -56.198  7.182 0.4000000060
26677  -19.172  -55.796  7.668 0.1000000015
26692  -19.493  -56.441  5.489 0.1000000015
26700  -12.178  -55.368  4.764 0.4000000060
26703  -15.154  -55.434  4.419 0.4000000060
26704  -15.916  -55.825  4.280 0.4000000060
26727  -11.288  -55.626  3.057 0.4000000060
26750  -21.425  -55.962  0.277 0.1000000015
26760  -21.195  -55.990  -0.947 0.1000000015
26766  -16.279  -56.113  -1.912 0.2000000030
26768  -20.687  -55.573  -1.374 0.1000000015
26782  -18.667  -55.853  -2.837 0.1000000015
26784  -19.815  -56.203  -2.435 0.1000000015
27423  -16.974  -55.009  27.646 0.2000000030
27442  -14.654  -55.428  26.835 0.3000000119
27469  -12.697  -55.199  24.944 0.8000000119
27515  -13.235  -53.191  18.245 0.3000000119
27516  -16.606  -54.420  18.619 0.3000000119
27521  -13.440  -53.254  17.789 0.3000000119
27536  -14.289  -53.988  17.152 0.3000000119
27548  -16.586  -54.449  16.215 0.6000000238
27624  -17.320  -55.279  7.218 0.1000000015
27625  -20.848  -54.869  7.006 0.1000000015
27657  -11.582  -54.963  3.307 0.4000000060
27675  -24.111  -54.070  3.030 0.1000000015
27681  -13.239  -54.277  1.335 0.3000000119
27721  -19.019  -55.332  -2.477 0.1000000015
27722  -19.610  -55.597  -2.148 0.1000000015
28369  -14.187  -54.865  26.451 0.3000000119
28378  -12.828  -55.098  25.574 0.5000000000
28388  -13.048  -54.828  25.251 0.5000000000
28389  -13.577  -54.639  25.143 0.6000000238
28400  -13.083  -54.845  24.965 0.8000000119
28439  -12.216  -52.535  19.497 0.1000000015
28449  -11.785  -52.598  18.942 0.1000000015
28456  -17.495  -53.724  19.127 0.3000000119
28463  -16.974  -53.898  18.691 0.2000000030
28476  -14.060  -53.107  16.896 0.1000000015
28556  -10.909  -52.703  5.714 0.2000000030
28597  -16.830  -52.982  2.353 0.2000000030
28598  -17.671  -53.061  2.591 0.2000000030
28603  -13.184  -53.353  1.811 0.3000000119
28604  -13.850  -52.655  1.302 0.3000000119
28613  -15.003  -52.880  -0.179 0.3000000119
28625  -17.454  -53.486  -2.309 0.1000000015
28628  -20.402  -53.954  -1.173 0.1000000015
28636  -19.557  -53.984  -2.407 0.1000000015
29359  -14.217  -54.547  25.117 0.3000000119
29389  -11.988  -52.134  19.931 0.1000000015
29393  -17.803  -52.583  20.273 0.1000000015
29406  -11.759  -52.418  18.651 0.1000000015
29412  -11.740  -51.744  18.301 0.1000000015
29421  -12.505  -52.126  17.686 0.1000000015
29432  -14.151  -52.606  16.817 0.1000000015
29435  -15.823  -52.681  16.059 0.3000000119
29474  -16.920  -52.805  10.917 0.1000000015
29481  -17.089  -51.973  10.703 0.2000000030
29547  -15.158  -51.962  2.337 0.2000000030
29553  -14.218  -52.026  1.410 0.3000000119
29582  -18.855  -52.300  -1.887 0.1000000015
30401  -14.101  -51.634  16.642 0.1000000015
30405  -16.735  -52.390  16.556 0.5000000000
30550  -16.650  -52.154  -1.605 0.2000000030
31359  -24.495  -50.299  18.587 0.5000000000
31364  -12.410  -50.645  17.735 0.1000000015
31366  -15.287  -50.827  17.028 0.3000000119
31377  -15.466  -51.496  16.596 0.4000000060
31404  -16.949  -49.929  11.412 0.3000000119
31481  -18.651  -50.306  2.423 0.1000000015
31489  -16.253  -50.665  1.308 0.1000000015
31490  -17.109  -49.863  1.283 0.1000000015
31503  -15.597  -50.901  0.729 0.2000000030
32517  -18.974  -50.056  1.859 0.1000000015
32525  -17.752  -49.451  0.929 0.1000000015
33356  -14.092  -49.365  17.754 0.1000000015
33369  -19.913  -49.159  13.170 0.3000000119
33374  -17.513  -48.665  12.576 0.4000000060
34338  -21.449  -48.043  12.512 0.3000000119
35234  -20.842  -45.949  18.424 0.8000000119
36152  -14.684  -44.864  19.767 0.1000000015
36164  -16.886  -44.473  18.643 0.3000000119
36198  -12.832  -45.284  11.619 0.5000000000
37120  -13.672  -44.936  11.162 0.5000000000
38091  -16.126  -42.630  16.989 0.1000000015
38098  -18.748  -43.192  15.932 0.3000000119
40166  -17.293  -41.705  14.686 0.1000000015
40195  -11.308  -41.485  10.171 0.4000000060
41220  -11.159  -41.054  10.027 0.4000000060
144722  -10.029  -84.305  18.102 1.0000000000
144725  -10.712  -90.337  12.153 1.0000000000
144727  -9.559  -89.370  12.671 1.0000000000
144731  -9.554  -83.726  21.521 0.8999999762
144758  -14.516  -89.356  -5.505 0.2000000030
144759  -15.288  -88.917  -2.822 0.1000000015
144763  -15.710  -89.852  -2.114 0.1000000015
144771  -14.114  -90.370  -7.628 0.4000000060
144778  -13.863  -90.036  -7.813 0.5000000000
144787  -12.826  -90.377  -6.220 0.3000000119
144789  -14.149  -90.793  -7.569 0.4000000060
144791  -12.123  -90.344  -8.202 0.4000000060
144794  -15.836  -88.342  -8.850 0.6999999881
144799  -15.755  -88.579  -9.009 0.6999999881
144800  -14.123  -89.631  -9.027 0.5000000000
144803  -15.271  -88.816  -8.819 0.6999999881
144804  -16.382  -88.490  -8.927 0.6999999881
144805  -17.187  -88.720  -10.995 0.8999999762
144807  -14.054  -89.879  -8.311 0.5000000000
144808  -20.818  -86.822  -9.976 0.6000000238
144938  -12.056  -57.109  15.147 0.1000000015
144956  -26.962  -57.546  16.346 0.2000000030
144957  -26.786  -57.032  15.246 0.1000000015
144958  -10.438  -91.945  20.104 0.5000000000
144959  -11.929  -89.156  21.103 0.5000000000
144960  -12.490  -89.080  20.825 0.4000000060
144961  -29.364  -89.553  7.478 0.2000000030
144964  -6.608  -87.313  -11.674 0.6999999881
144966  -5.974  -85.689  -12.416 0.6999999881
144974  -6.843  -81.342  -10.574 0.8000000119
144977  -8.527  -77.874  -8.397 1.0000000000
144978  -8.222  -76.579  -7.283 1.0000000000
144980  -8.325  -73.732  -7.163 0.8999999762
144985  -8.455  -72.460  -7.599 0.8000000119
144986  -9.149  -72.126  -7.659 0.8000000119
144987  -7.795  -72.157  -6.680 0.8000000119
144988  -7.987  -71.902  -7.186 0.8000000119
144989  -8.262  -70.854  -6.119 0.8000000119
144990  -9.769  -69.641  -5.970 0.6999999881
144994  -9.665  -68.441  -4.617 0.6999999881
145054  -9.235  -86.728  -7.304 0.8000000119
145055  -9.669  -86.189  -6.864 0.8999999762
145067  -25.050  -78.319  -12.057 0.5000000000
145070  -20.951  -80.703  -8.249 0.6000000238
145071  -23.013  -80.524  -8.553 0.6000000238
145074  -29.484  -77.918  -12.603 0.1000000015
145075  -30.082  -78.061  -11.237 0.1000000015
145076  -24.957  -78.747  -11.927 0.5000000000
145077  -24.302  -79.457  -9.119 0.6000000238
145081  -24.814  -77.627  -13.032 0.5000000000
145084  -31.578  -78.029  -11.654 0.1000000015
145089  -33.689  -81.241  -7.119 0.1000000015
145090  -33.616  -80.394  -10.540 0.1000000015
145092  -30.476  -78.909  -13.638 0.2000000030
145094  -29.005  -77.390  -13.199 0.1000000015
145097  -33.967  -79.604  -6.950 0.1000000015
145101  -34.706  -79.636  -6.698 0.1000000015
145107  -8.789  -76.275  24.561 1.0000000000
145423  -23.004  -71.891  -2.789 0.1000000015
145427  -24.855  -68.948  -5.246 0.2000000030
145429  -23.670  -70.055  -5.750 0.2000000030
145433  -25.316  -72.279  -5.081 0.1000000015
145436  -24.324  -69.173  -6.822 0.3000000119
145437  -25.048  -67.916  -6.406 0.2000000030
145440  -24.737  -72.953  -4.829 0.1000000015
145442  -25.670  -71.653  -5.311 0.1000000015
145445  -23.573  -69.486  -7.353 0.3000000119
145448  -26.017  -67.896  -4.653 0.1000000015
145452  -14.311  -72.062  1.704 0.8000000119
145456  -10.195  -64.860  3.925 1.0000000000
145461  -9.434  -66.259  0.578 1.0000000000
148565  -25.202  -78.224  -13.292 0.4000000060
149136  -27.984  -77.719  -13.459 0.1000000015
149203  -8.437  -85.730  16.805 1.0000000000
149406  -14.842  -89.218  -8.768 0.6999999881
149525  -31.737  -78.379  -11.376 0.1000000015
149669  -14.830  -90.558  -9.454 0.4000000060
149772  -5.743  -84.084  -11.999 0.5000000000
149860  -25.063  -77.968  -12.509 0.5000000000
149981  -11.961  -84.346  18.862 0.8999999762
150034  -23.209  -70.524  -5.280 0.2000000030
150085  -25.803  -69.453  -7.379 0.1000000015
150304  -17.106  -88.477  -9.102 0.8999999762
150401  -10.990  -57.323  16.121 0.1000000015
150428  -6.979  -87.711  15.941 0.8999999762
150463  -7.975  -78.529  -7.999 1.0000000000
150493  -34.546  -79.900  -6.118 0.1000000015
150600  -10.840  -91.826  20.412 0.5000000000
150637  -9.158  -75.981  24.615 1.0000000000
150646  -24.010  -71.021  -6.848 0.1000000015
150782  -24.633  -78.525  -14.088 0.2000000030
150787  -24.461  -78.452  -9.086 0.6000000238
150844  -13.203  -90.176  -8.276 0.4000000060
150862  -33.222  -79.965  -9.461 0.1000000015
150868  -5.359  -83.580  -11.527 0.6999999881
150974  -6.115  -86.394  -12.250 0.6999999881
151005  -7.298  -79.990  -8.326 0.8999999762
151011  -31.570  -78.170  -10.753 0.1000000015
151245  -4.556  -88.288  21.621 1.0000000000
151264  -25.565  -67.267  -6.047 0.1000000015
151265  -13.465  -71.948  1.164 0.8000000119
151286  -27.340  -78.256  -14.214 0.2000000030
151433  -13.460  -72.000  0.906 0.8000000119
151522  -24.764  -70.670  -6.743 0.1000000015
151567  -11.726  -86.698  14.701 1.0000000000
151604  -21.305  -66.094  -2.320 0.3000000119
151649  -10.790  -65.145  4.686 1.0000000000
151659  -23.923  -78.986  -12.941 0.3000000119
151782  -7.224  -81.820  -11.178 0.6999999881
151896  -8.487  -73.261  -8.029 0.8000000119
151926  -15.659  -88.028  -10.285 0.8999999762
151939  -8.878  -89.928  12.546 1.0000000000
151971  -15.574  -90.586  -1.181 0.1000000015
151974  -8.774  -68.624  -4.400 0.8000000119
152033  -13.913  -89.909  -6.636 0.4000000060
152040  -24.829  -67.161  -6.420 0.3000000119
152048  -26.704  -70.637  -3.887 0.1000000015
152077  -26.967  -69.751  -5.081 0.1000000015
152159  -15.075  -88.765  -4.224 0.1000000015
152166  -18.426  -86.986  -9.046 0.8999999762
152183  -7.648  -77.129  26.202 1.0000000000
152234  -6.627  -86.740  -11.963 0.6999999881
152311  -9.321  -76.255  25.633 1.0000000000
152398  -23.438  -80.033  -8.321 0.6000000238
152410  -19.823  -61.544  19.633 0.2000000030
152648  -9.742  -64.920  4.764 1.0000000000
152779  -23.309  -70.298  -2.057 0.1000000015
152870  -25.780  -70.978  -5.718 0.1000000015
153049  -8.851  -75.076  -8.044 0.8999999762
153060  -6.446  -86.076  -12.225 0.6999999881
153095  -13.803  -73.540  -8.311 0.5000000000
153112  -29.148  -85.296  10.990 0.1000000015
153132  -8.245  -78.540  -9.042 1.0000000000
153196  -18.909  -98.744  5.173 0.8000000119
153197  -15.405  -90.213  -3.024 0.1000000015
153207  -29.641  -72.494  -2.044 0.1000000015
153259  -16.151  -62.198  28.242 0.2000000030
153312  -18.141  -48.958  12.794 0.4000000060
153659  -5.144  -92.349  22.941 0.6000000238
153906  -15.474  -100.187  7.725 0.8000000119
153930  -26.734  -79.336  -15.353 0.2000000030
154268  -11.400  -57.208  3.891 0.5000000000
154341  -2.359  -74.697  0.042 0.3000000119
154372  -5.479  -88.954  32.758 0.5000000000
154381  -9.204  -86.968  -7.881 0.8000000119
154389  -2.018  -85.275  28.038 0.8000000119
154665  -18.680  -98.858  4.425 0.6999999881
154935  -5.320  -85.380  -12.191 0.5000000000
155005  -8.916  -98.404  8.080 0.6999999881
155205  -21.169  -74.183  -4.353 0.1000000015
155219  -25.323  -65.018  -1.033 0.1000000015
155326  -35.560  -84.719  0.507 0.2000000030
155346  -15.760  -89.405  -9.557 0.6000000238
155384  -23.963  -69.093  -1.194 0.1000000015
155395  -31.776  -92.104  7.682 0.3000000119
155458  -17.629  -99.089  10.979 0.8000000119
155459  -28.008  -95.250  6.976 0.6000000238
155463  -35.151  -90.414  -1.034 0.2000000030
155538  -27.143  -80.975  -15.718 0.3000000119
155548  -18.473  -55.876  4.117 0.3000000119
155670  -31.414  -79.097  -11.836 0.1000000015
155685  -19.511  -50.749  3.489 0.1000000015
155724  -14.332  -69.782  26.613 0.2000000030
155834  -33.855  -87.085  8.262 0.1000000015
155904  -22.764  -71.067  -0.916 0.1000000015
156138  -19.418  -46.779  19.015 0.5000000000
156197  -28.424  -91.523  -5.978 0.3000000119
156333  -8.935  -88.509  16.025 0.8000000119
156358  -2.521  -77.936  -4.422 0.2000000030
156447  -2.484  -77.850  35.634 0.3000000119
156486  -3.874  -91.768  17.971 0.4000000060
156500  -1.230  -86.061  21.902 0.6000000238
156552  -3.984  -90.760  25.020 0.6000000238
156588  -10.720  -93.643  23.536 0.5000000000
156614  -20.918  -73.561  -8.003 0.3000000119
156652  -14.044  -94.028  34.729 0.2000000030
156696  -17.813  -76.367  -12.699 0.3000000119
156776  -32.316  -92.116  6.990 0.3000000119
156777  -20.905  -85.580  -10.222 0.6999999881
156915  -32.444  -92.292  2.850 0.3000000119
156926  -8.813  -70.196  34.267 0.4000000060
156949  -11.801  -89.950  40.494 0.2000000030
156950  -4.999  -88.474  32.952 0.6000000238
156984  -10.367  -67.217  -3.267 0.6999999881
157154  -29.339  -94.189  8.716 0.5000000000
157261  -15.786  -59.929  5.783 0.4000000060
157310  -12.845  -96.135  21.062 0.5000000000
157385  -36.872  -78.693  -13.677 0.1000000015
157451  -12.639  -75.007  -7.155 0.6000000238
157639  -16.143  -48.186  12.263 0.5000000000
157666  -2.866  -85.119  36.153 0.4000000060
157686  -32.342  -92.601  4.028 0.5000000000
157706  -7.560  -68.772  -1.331 0.8999999762
157720  -6.845  -93.328  29.185 0.6000000238
157770  -11.922  -64.599  2.239 1.0000000000
157782  -12.988  -73.023  -7.234 0.6000000238
157784  -21.938  -81.217  -9.963 0.6000000238
157823  -4.319  -91.201  28.912 0.6000000238
157832  -24.546  -91.551  -11.356 0.6999999881
157922  -1.767  -84.020  23.867 0.8000000119
157960  -28.552  -82.109  -16.323 0.2000000030
157963  -23.343  -84.162  -15.471 0.4000000060
158001  -20.084  -98.637  9.148 0.8000000119
158034  -21.753  -98.429  1.028 0.6999999881
158050  -2.716  -74.000  36.824 0.4000000060
158203  -27.226  -92.255  -3.204 0.5000000000
158208  -11.577  -97.826  12.635 0.6999999881
158220  -24.500  -53.666  3.455 0.1000000015
158290  -23.768  -96.816  2.172 0.6999999881
158401  -17.348  -96.753  18.414 0.6000000238
158402  -22.983  -53.963  1.533 0.1000000015
158411  -13.853  -92.665  26.672 0.3000000119
158569  -22.116  -74.805  -12.883 0.2000000030
158620  -6.730  -70.703  35.807 0.3000000119
158703  -25.877  -84.924  18.341 0.1000000015
158717  -29.216  -68.817  -8.930 0.1000000015
158784  -8.888  -70.982  34.800 0.3000000119
158814  -37.095  -86.858  -3.009 0.2000000030
158996  -15.084  -78.861  -10.283 0.5000000000
159001  -9.144  -81.868  -11.431 0.8999999762
159030  -16.867  -67.672  27.667 0.1000000015
159122  -22.496  -94.378  0.071 0.5000000000
159197  -14.759  -71.879  2.103 0.8000000119
159208  -13.526  -87.102  43.488 0.1000000015
159209  -15.069  -89.989  -5.515 0.2000000030
159321  -27.830  -69.448  -1.100 0.1000000015
159331  -30.622  -93.191  1.149 0.6000000238
159332  -12.402  -72.444  -0.004 0.8000000119
159339  -1.439  -84.774  20.051 0.2000000030
159383  -13.875  -99.731  3.159 0.4000000060
159400  -9.063  -69.474  -5.597 0.8000000119
159495  -16.486  -69.725  -0.274 0.6000000238
159513  -2.664  -82.083  25.692 1.0000000000
159524  -19.573  -99.084  3.217 0.8000000119
159698  -20.004  -58.411  -4.986 0.2000000030
159783  -3.117  -82.991  38.736 0.2000000030
159800  -5.469  -69.408  33.747 0.4000000060
159886  -3.898  -86.992  33.189 0.5000000000
159934  -27.895  -87.549  5.575 0.2000000030
160137  -11.956  -74.864  -7.552 0.6000000238
160139  -14.637  -94.522  31.968 0.3000000119
160229  -37.559  -86.740  3.859 0.1000000015
160277  -35.639  -85.411  -10.232 0.2000000030
160312  -12.020  -55.914  7.081 0.3000000119
160406  -7.948  -94.174  22.663 0.5000000000
160430  -20.988  -93.616  24.212 0.3000000119
160496  -9.050  -87.850  16.861 0.8999999762
160558  -8.688  -91.630  33.739 0.4000000060
160593  -36.354  -85.140  -10.022 0.2000000030
160597  -11.937  -56.332  25.978 0.8000000119
160641  -13.119  -52.880  17.773 0.2000000030
160646  -13.388  -81.910  -12.172 0.8000000119
160727  -12.908  -79.175  -6.664 0.6999999881
160738  -7.315  -88.016  -10.880 0.6999999881
160754  -25.356  -92.113  -9.517 0.5000000000
160842  -26.565  -56.231  18.278 0.3000000119
160863  -8.166  -84.169  -11.616 0.6999999881
160864  -37.107  -87.051  5.045 0.1000000015
160873  -25.436  -93.363  -3.667 0.5000000000
160877  -15.101  -84.509  -13.595 0.6999999881
161054  -15.503  -70.413  1.127 0.6999999881
161234  -19.774  -94.963  20.767 0.3000000119
161307  -15.954  -90.776  27.160 0.3000000119
161376  -18.490  -98.831  10.879 0.8000000119
161381  -28.678  -91.308  13.883 0.3000000119
161390  -32.679  -92.010  -0.507 0.1000000015
161423  -8.478  -94.612  18.458 0.6999999881
161428  -4.148  -77.097  26.606 0.8999999762
161461  -32.076  -89.799  11.015 0.4000000060
161466  -13.379  -95.023  30.222 0.3000000119
161571  -4.897  -88.619  20.286 0.8999999762
161637  -14.558  -77.944  -6.831 0.5000000000
161654  -2.223  -79.455  34.534 0.3000000119
161699  -13.996  -94.629  32.043 0.3000000119
161977  -14.744  -92.832  26.961 0.4000000060
162030  -16.280  -96.377  -5.815 0.3000000119
162334  -19.662  -81.510  -8.361 0.5000000000
162577  -27.771  -91.726  -6.318 0.3000000119
162589  -14.638  -100.238  7.552 0.8000000119
162599  -28.415  -92.022  -2.106 0.5000000000
162611  -14.346  -81.189  -9.469 0.6999999881
162697  -1.591  -84.370  23.100 0.6999999881
162704  -17.530  -93.788  20.445 0.4000000060
162729  -29.075  -73.460  0.617 0.1000000015
162737  -19.354  -63.502  -5.544 0.2000000030
162805  -23.689  -94.268  11.055 0.4000000060
162839  -15.543  -80.283  -6.532 0.6000000238
162958  -4.125  -74.571  38.085 0.3000000119
163001  -13.018  -89.695  25.786 0.3000000119
163114  -2.611  -82.424  27.104 1.0000000000
163144  -8.891  -94.235  23.787 0.5000000000
163171  -30.922  -79.644  -14.721 0.1000000015
163177  -22.695  -96.791  0.009 0.6999999881
163243  -4.407  -87.404  -9.157 0.4000000060
163482  -1.919  -86.991  25.950 1.0000000000
163489  -26.461  -83.883  5.634 0.1000000015
163534  -32.937  -90.047  -4.943 0.2000000030
163569  -24.286  -97.027  6.815 0.6999999881
163632  -21.372  -91.389  26.581 0.2000000030
163691  -27.421  -90.392  18.628 0.2000000030
163751  -2.593  -69.344  28.974 0.8000000119
163765  -2.097  -80.778  29.485 0.8999999762
163766  -10.838  -91.132  23.103 0.5000000000
164081  -25.693  -93.304  -2.900 0.5000000000
164254  -28.136  -79.726  -15.507 0.3000000119
164307  -4.992  -93.480  10.030 0.3000000119
164329  -18.458  -98.093  -2.414 0.4000000060
164376  -7.912  -84.024  29.350 0.6000000238
164379  -25.381  -77.471  -13.095 0.5000000000
164383  -17.190  -80.737  -11.445 0.6000000238
164413  -14.063  -72.396  29.446 0.1000000015
164418  -3.798  -86.657  34.273 0.4000000060
164432  -25.467  -71.932  -1.232 0.1000000015
164508  -9.640  -93.925  23.379 0.5000000000
164621  -27.416  -95.127  2.302 0.6000000238
164728  -2.060  -79.731  33.278 0.3000000119
164844  -16.924  -85.255  23.332 0.3000000119
164856  -1.922  -84.043  29.995 0.6999999881
164867  -32.487  -81.102  -14.457 0.1000000015
164945  -16.531  -80.866  -2.966 0.6000000238
164970  -14.533  -79.925  -4.321 0.6000000238
165004  -11.584  -97.882  15.791 0.6999999881
165008  -31.484  -77.960  -11.138 0.1000000015
165019  -19.142  -98.700  9.274 0.8999999762
165374  -24.938  -83.638  -15.859 0.4000000060
165462  -17.554  -92.942  -10.589 0.5000000000
165491  -4.973  -89.040  -5.005 0.1000000015
165512  -18.349  -98.967  9.928 0.8000000119
165539  -15.812  -98.829  14.358 0.6999999881
165542  -22.217  -67.705  -7.737 0.4000000060
165618  -17.073  -98.239  -1.624 0.4000000060
165635  -17.251  -93.760  31.755 0.2000000030
165649  -15.577  -80.390  -10.542 0.6999999881
165714  -12.043  -55.939  1.737 0.3000000119
165813  -15.330  -94.066  27.684 0.4000000060
165847  -4.849  -92.597  14.988 0.5000000000
165864  -17.261  -86.609  -11.728 0.8000000119
165913  -24.397  -89.237  -14.413 0.4000000060
165921  -17.034  -92.336  -11.025 0.6000000238
166051  -20.459  -97.003  14.525 0.6000000238
166156  -14.309  -95.261  22.778 0.5000000000
166175  -38.811  -83.924  -6.760 0.1000000015
166183  -2.796  -79.203  39.067 0.2000000030
166228  -31.221  -90.731  11.889 0.3000000119
166236  -5.092  -76.639  37.747 0.2000000030
166384  -23.939  -93.651  -5.617 0.5000000000
166519  -21.408  -97.059  -3.320 0.6000000238
166625  -14.680  -94.699  28.279 0.4000000060
166712  -10.863  -56.422  25.179 0.6999999881
166715  -3.208  -71.313  31.557 0.8999999762
166739  -24.273  -97.042  4.160 0.6999999881
166808  -16.659  -56.208  4.253 0.3000000119
166962  -19.242  -98.721  5.761 0.6999999881
167109  -24.586  -71.291  -11.608 0.1000000015
167165  -33.569  -79.997  -11.568 0.1000000015
167209  -8.011  -87.836  -10.395 0.6999999881
167234  -17.103  -99.460  8.988 0.8000000119
167284  -29.570  -93.846  0.944 0.6000000238
167315  -12.865  -98.682  0.497 0.2000000030
167357  -9.823  -94.252  25.227 0.5000000000
167434  -16.973  -98.669  0.889 0.4000000060
167862  -4.982  -87.970  20.868 1.0000000000
168940  -7.872  -83.811  21.714 0.8999999762
169013  -6.530  -84.254  -12.137 0.6999999881
169528  -24.234  -71.617  -2.127 0.1000000015
169780  -5.783  -88.156  18.391 0.6999999881
169829  -24.955  -72.872  -2.990 0.1000000015
169943  -7.556  -85.439  18.883 1.0000000000
169944  -8.955  -86.009  15.629 0.8999999762
170233  -15.300  -88.807  -8.761 0.6999999881
170570  -21.766  -71.706  -3.822 0.1000000015
170726  -16.176  -89.335  -10.131 0.8000000119
170811  -6.618  -80.905  -10.015 0.8000000119
170818  -26.199  -71.332  -4.314 0.1000000015
170914  -15.287  -90.218  -9.970 0.4000000060
170943  -5.927  -89.078  17.171 0.8000000119
171060  -25.726  -68.184  -3.273 0.1000000015
171132  -22.585  -73.867  -2.867 0.1000000015
171218  -8.756  -83.629  22.017 0.8999999762
171330  -17.795  -88.024  -8.881 0.8999999762
171511  -8.257  -68.200  -3.382 0.8000000119
171654  -25.917  -66.610  -5.706 0.1000000015
171694  -33.713  -80.401  -6.477 0.1000000015
171703  -10.451  -89.455  12.052 1.0000000000
172001  -32.243  -81.917  1.656 0.1000000015
173443  -5.615  -87.435  19.855 0.8999999762
174217  -31.939  -82.650  1.553 0.1000000015
174670  -27.285  -78.729  -15.092 0.2000000030
174856  -39.641  -80.502  -11.060 0.1000000015
174885  -11.857  -93.849  23.409 0.5000000000
174965  -3.158  -84.868  37.434 0.2000000030
174977  -2.559  -78.939  37.294 0.2000000030
175049  -22.314  -94.064  21.860 0.2000000030
175129  -6.846  -85.122  20.558 0.8999999762
175477  -23.842  -70.139  -3.341 0.2000000030
175558  -13.714  -98.759  0.357 0.2000000030
175563  -28.897  -75.698  -14.034 0.1000000015
175567  -36.424  -83.833  1.099 0.2000000030
175602  -2.473  -73.222  0.589 0.3000000119
175696  -24.699  -78.743  -14.839 0.3000000119
175747  -14.181  -82.302  -7.574 0.8999999762
175803  -13.747  -92.525  36.805 0.2000000030
175857  -15.746  -60.962  -2.050 0.2000000030
175863  -21.868  -66.256  -6.402 0.3000000119
175924  -14.673  -98.931  14.753 0.6999999881
175925  -7.834  -83.707  22.404 0.8999999762
175960  -24.333  -69.521  -4.918 0.2000000030
175995  -12.133  -91.128  40.107 0.2000000030
176173  -10.416  -68.044  -4.563 0.6999999881
176177  -24.203  -88.648  18.293 0.1000000015
176223  -10.362  -90.077  11.498 1.0000000000
176228  -2.707  -77.728  38.557 0.3000000119
176262  -10.019  -73.554  34.886 0.2000000030
176311  -15.495  -80.352  -9.738 0.6000000238
176370  -24.981  -94.009  -3.207 0.5000000000
176401  -11.231  -90.529  -7.693 0.3000000119
176516  -11.165  -56.244  24.819 0.8999999762
176518  -9.677  -70.981  33.526 0.2000000030
176599  -22.709  -97.569  8.039 0.6000000238
176605  -5.082  -68.110  32.003 0.8000000119
176917  -2.564  -74.909  34.982 0.4000000060
176933  -1.977  -87.974  25.145 1.0000000000
176975  -6.157  -85.146  26.450 0.8000000119
177094  -10.415  -99.313  5.737 0.6000000238
177097  -8.353  -95.136  7.586 0.3000000119
177107  -21.203  -97.002  13.449 0.5000000000
177134  -25.285  -95.491  9.865 0.6999999881
177149  -17.266  -90.996  24.215 0.3000000119
177178  -4.004  -71.490  32.266 0.8999999762
177201  -22.881  -96.927  9.402 0.6999999881
177257  -10.317  -75.993  -8.580 0.8999999762
177275  -23.167  -70.236  -7.008 0.3000000119
177382  -32.098  -79.374  -12.962 0.1000000015
177396  -10.017  -86.695  -7.789 0.8000000119
177453  -21.052  -98.265  9.857 0.6000000238
177463  -36.921  -84.782  -9.890 0.2000000030
177468  -12.523  -64.001  29.222 0.3000000119
177754  -16.586  -90.395  27.041 0.3000000119
177774  -18.084  -56.349  21.288 0.2000000030
177841  -2.613  -63.007  23.044 0.1000000015
178169  -19.369  -66.947  -7.182 0.4000000060
178186  -7.773  -79.174  -9.372 1.0000000000
178222  -12.066  -59.470  0.615 0.3000000119
178245  -19.723  -69.490  -8.834 0.4000000060
178342  -1.582  -81.870  21.245 0.3000000119
178468  -31.563  -91.997  9.122 0.3000000119
178510  -19.584  -94.064  -7.922 0.4000000060
178573  -27.107  -83.664  11.396 0.1000000015
178625  -16.226  -89.544  39.759 0.1000000015
178653  -6.829  -89.518  -9.280 0.4000000060
178690  -16.189  -87.926  -9.087 0.8000000119
178727  -9.050  -85.064  22.116 0.8000000119
178745  -21.702  -92.304  -11.556 0.6000000238
178803  -9.086  -93.380  14.219 0.8999999762
178869  -24.957  -92.174  -10.065 0.6999999881
178879  -16.829  -81.129  -9.208 0.6999999881
178903  -12.242  -80.207  -10.274 1.0000000000
178912  -8.943  -89.863  33.754 0.4000000060
178915  -3.837  -66.434  4.758 0.8000000119
178917  -2.740  -76.136  31.388 0.6999999881
178975  -21.735  -85.976  -10.595 0.6999999881
178991  -9.042  -90.519  36.381 0.4000000060
179098  -26.060  -92.179  18.269 0.2000000030
179113  -5.591  -84.091  31.730 0.6000000238
179160  -23.677  -95.815  10.157 0.6000000238
179174  -30.000  -86.304  -8.984 0.2000000030
179179  -22.028  -60.232  -3.563 0.2000000030
179189  -8.037  -73.635  -6.438 0.8999999762
179258  -9.273  -94.194  26.021 0.5000000000
179259  -8.781  -71.164  0.596 0.8999999762
179295  -12.070  -62.181  -1.079 0.4000000060
179367  -12.799  -64.740  3.352 1.0000000000
179379  -7.424  -68.813  33.599 0.4000000060
179381  -7.360  -86.970  24.951 0.6000000238
179385  -30.729  -89.591  8.016 0.1000000015
179455  -25.758  -91.285  11.702 0.4000000060
179459  -8.936  -73.902  36.194 0.3000000119
179472  -26.611  -65.248  -4.094 0.2000000030
179501  -5.383  -87.476  20.465 0.8999999762
179509  -4.713  -81.271  37.170 0.1000000015
179539  -10.625  -68.886  30.134 0.3000000119
179566  -18.186  -91.430  27.089 0.3000000119
179597  -10.298  -64.997  4.802 1.0000000000
179627  -28.527  -92.487  -3.109 0.5000000000
179650  -7.319  -78.152  29.587 1.0000000000
179658  -16.394  -99.513  5.226 0.8000000119
179708  -18.878  -93.002  29.832 0.2000000030
179917  -4.522  -88.578  29.424 0.6000000238
180021  -14.689  -88.010  32.437 0.1000000015
180028  -4.763  -89.755  31.453 0.5000000000
180042  -23.509  -65.330  -6.011 0.2000000030
180109  -7.970  -71.009  0.806 0.8999999762
180129  -2.784  -81.190  38.364 0.2000000030
180155  -33.039  -91.828  1.556 0.2000000030
180175  -26.752  -76.707  -13.248 0.2000000030
180250  -27.929  -94.203  -0.498 0.6999999881
180271  -11.029  -97.238  17.068 0.6000000238
180357  -11.396  -84.547  -11.927 0.8999999762
180374  -27.484  -77.800  -13.448 0.1000000015
180447  -16.115  -80.506  -3.823 0.6000000238
180606  -20.715  -57.385  -3.169 0.1000000015
180647  -11.707  -90.069  -8.923 0.4000000060
180790  -18.321  -69.010  -0.917 0.5000000000
180800  -17.089  -51.386  -1.511 0.1000000015
180809  -15.607  -93.921  34.228 0.1000000015
180850  -8.439  -82.474  -11.606 0.8999999762
180914  -3.769  -86.383  36.378 0.4000000060
180926  -23.441  -81.775  -15.262 0.3000000119
181137  -16.202  -80.573  -10.426 0.6999999881
181230  -36.881  -79.107  -12.487 0.1000000015
181403  -19.404  -89.258  22.016 0.2000000030
181446  -8.338  -97.699  7.002 0.4000000060
181467  -16.764  -53.577  -2.061 0.2000000030
181497  -9.499  -98.577  9.632 0.8000000119
181659  -2.562  -76.935  37.127 0.3000000119
181797  -18.023  -46.870  11.075 0.5000000000
181860  -29.988  -93.701  9.801 0.5000000000
181894  -11.242  -83.092  -7.924 0.8999999762
181919  -6.630  -93.911  25.181 0.5000000000
181935  -22.640  -95.707  -4.705 0.5000000000
182042  -2.667  -70.545  27.137 0.6999999881
182054  -30.063  -70.492  -7.554 0.1000000015
182147  -26.040  -78.483  -14.719 0.2000000030
182340  -31.140  -91.285  11.501 0.4000000060
182363  -33.247  -89.968  8.295 0.1000000015
182379  -34.714  -88.082  -6.419 0.2000000030
182406  -11.583  -63.783  0.223 0.8999999762
182420  -29.004  -94.801  6.242 0.5000000000
182463  -31.754  -83.401  1.018 0.2000000030
182495  -20.995  -63.721  -6.041 0.2000000030
182573  -19.246  -98.639  7.981 0.8000000119
182628  -8.528  -91.511  32.484 0.4000000060
182632  -23.564  -55.004  2.758 0.1000000015
182739  -8.465  -95.816  17.170 0.8000000119
182741  -28.980  -94.129  9.290 0.5000000000
182749  -26.007  -93.959  22.589 0.2000000030
182758  -17.720  -86.619  -10.597 0.8000000119
182782  -28.621  -88.718  -11.634 0.2000000030
182811  -10.370  -92.000  20.338 0.5000000000
182891  -15.000  -53.191  16.313 0.2000000030
182947  -28.458  -89.607  6.361 0.1000000015
182954  -7.387  -93.703  6.801 0.2000000030
182960  -20.508  -96.531  -4.354 0.5000000000
183034  -13.882  -54.672  26.150 0.4000000060
183116  -19.492  -56.816  6.893 0.1000000015
183166  -3.205  -77.283  25.987 0.6999999881
183169  -4.228  -87.639  32.819 0.5000000000
183261  -5.798  -70.201  -2.015 0.8000000119
183281  -4.273  -73.214  32.137 0.8999999762
183302  -3.887  -71.792  31.792 1.0000000000
183320  -13.720  -59.979  26.321 0.5000000000
183373  -25.036  -94.399  -1.851 0.5000000000
183395  -20.170  -86.408  -13.433 0.6000000238
183508  -12.212  -52.938  18.704 0.1000000015
183527  -5.647  -86.055  -12.241 0.6999999881
183536  -3.045  -79.426  29.276 1.0000000000
183569  -23.654  -61.712  -3.647 0.2000000030
183581  -16.330  -55.324  16.233 0.6000000238
183684  -15.260  -94.507  -8.078 0.4000000060
183775  -12.022  -94.192  26.456 0.5000000000
183776  -12.924  -93.692  23.818 0.4000000060
183860  -23.944  -68.917  -0.546 0.1000000015
184020  -13.377  -65.391  4.275 0.8999999762
184100  -6.024  -75.890  -7.108 0.8999999762
184109  -37.125  -86.811  -4.118 0.2000000030
184182  -5.757  -80.766  -7.013 0.5000000000
184210  -13.419  -94.996  30.815 0.3000000119
184219  -10.733  -83.280  -8.706 0.8000000119
184317  -18.150  -54.806  28.138 0.1000000015
184329  -16.699  -58.192  27.839 0.2000000030
184340  -30.081  -89.575  14.109 0.3000000119
184473  -11.199  -96.306  19.823 0.6000000238
184497  -10.487  -94.068  29.528 0.5000000000
184523  -7.710  -66.329  0.308 1.0000000000
184553  -9.981  -93.520  22.997 0.5000000000
184649  -29.520  -90.817  13.882 0.3000000119
184718  -1.689  -82.831  23.258 0.6999999881
184789  -6.686  -93.961  22.132 0.5000000000
184801  -28.476  -81.212  -16.040 0.3000000119
184808  -15.197  -91.345  24.299 0.4000000060
184935  -16.132  -88.572  36.520 0.1000000015
184970  -7.419  -79.704  -7.825 0.8999999762
185056  -37.297  -82.791  -10.087 0.1000000015
185081  -12.309  -67.964  -5.595 0.6999999881
185102  -21.588  -90.465  23.432 0.1000000015
185147  -24.542  -94.273  -3.689 0.5000000000
185194  -1.812  -86.864  25.364 1.0000000000
185195  -24.522  -67.711  -6.781 0.3000000119
185216  -12.682  -53.734  2.357 0.3000000119
185332  -4.736  -72.667  -0.898 0.6000000238
185346  -30.398  -88.939  13.625 0.4000000060
185352  -3.176  -82.830  -6.415 0.2000000030
185404  -17.825  -93.304  24.868 0.3000000119
185464  -28.527  -91.561  15.435 0.2000000030
185494  -2.447  -76.723  -2.619 0.2000000030
185511  -8.864  -98.121  10.339 0.8000000119
185528  -5.042  -84.299  30.766 0.6000000238
