#!ascii label  , from subject sub-v1s8x0051343_ses-1 vox2ras=TkReg
3486
130478  -41.721  5.498  49.353 0.6000000238
90036  -42.582  5.949  47.438 0.6000000238
90791  -41.817  7.058  46.147 0.5000000000
128373  -42.393  6.800  45.367 0.5000000000
91558  -42.012  7.945  43.869 0.4000000060
92303  -41.821  9.044  42.549 0.4000000060
92296  -42.149  8.282  42.982 0.4000000060
93008  -42.076  9.424  41.512 0.3000000119
93693  -42.720  11.293  39.927 0.4000000060
94352  -43.111  11.968  38.776 0.2000000030
95011  -41.773  13.083  39.777 0.2000000030
95010  -41.228  12.484  40.295 0.2000000030
90005  -42.206  5.446  48.784 0.6000000238
90020  -42.021  5.881  48.086 0.6000000238
90777  -41.484  6.903  47.137 0.6999999881
90778  -42.286  6.436  46.705 0.6000000238
89988  -41.590  5.350  50.200 0.6000000238
90769  -41.353  6.496  48.089 0.6999999881
137573  -41.290  7.470  46.625 0.6000000238
90004  -41.083  5.838  49.528 0.6000000238
90760  -41.502  5.888  48.769 0.6999999881
92281  -41.483  8.450  45.239 0.6000000238
91540  -41.818  7.524  45.309 0.6000000238
92295  -41.693  8.827  43.470 0.4000000060
91548  -41.802  7.949  44.658 0.5000000000
91541  -42.234  7.347  44.592 0.4000000060
92289  -41.616  8.635  44.354 0.4000000060
93007  -41.726  9.805  42.193 0.4000000060
93000  -41.580  9.712  43.069 0.4000000060
94345  -42.900  11.909  40.684 0.3000000119
95017  -42.621  12.813  38.886 0.2000000030
94358  -43.003  12.268  38.690 0.2000000030
94351  -42.016  12.406  39.048 0.2000000030
122710  -41.362  7.839  45.981 0.6000000238
91520  -40.700  7.018  48.451 0.6999999881
90768  -41.006  7.115  47.779 0.6999999881
140892  -41.437  9.202  44.834 0.4000000060
93682  -41.597  10.523  43.602 0.4000000060
92995  -41.479  9.594  44.092 0.4000000060
93014  -42.031  10.404  41.272 0.4000000060
95018  -43.286  13.105  38.818 0.3000000119
95012  -43.407  12.679  38.981 0.4000000060
137258  -41.200  13.068  40.788 0.2000000030
91526  -40.953  7.563  47.254 0.6999999881
92273  -40.942  8.945  46.888 0.6999999881
91533  -40.964  8.104  46.678 0.6999999881
92274  -41.148  8.709  46.086 0.6000000238
121976  -41.413  9.982  44.943 0.5000000000
92982  -41.292  9.550  46.344 0.6000000238
94339  -42.561  11.823  41.889 0.4000000060
93687  -41.752  10.675  42.501 0.4000000060
93676  -41.549  10.441  44.373 0.5000000000
93669  -41.601  10.319  45.811 0.6000000238
93692  -42.265  11.273  41.488 0.4000000060
94338  -42.149  11.454  42.462 0.4000000060
93670  -42.181  11.112  45.632 0.6000000238
125963  -43.251  12.095  39.396 0.4000000060
94329  -41.932  11.344  43.282 0.4000000060
124675  -42.323  11.402  44.778 0.6999999881
94994  -43.105  12.310  41.589 0.5000000000
94330  -42.622  11.933  42.815 0.5000000000
94322  -42.429  11.665  43.876 0.5000000000
95004  -43.474  12.516  40.095 0.4000000060
95623  -42.544  13.325  39.259 0.3000000119
95013  -43.760  13.407  39.073 0.4000000060
95005  -43.942  13.146  39.675 0.5000000000
95003  -40.727  12.818  41.227 0.2000000030
95019  -43.650  13.701  39.018 0.4000000060
95624  -42.910  14.006  39.344 0.4000000060
127906  -40.927  13.545  41.464 0.2000000030
136564  -41.445  13.518  40.784 0.4000000060
96211  -47.045  14.473  47.404 0.8000000119
90754  -40.884  6.396  48.931 0.6000000238
92262  -40.576  8.487  48.343 0.6000000238
131670  -40.657  7.693  48.021 0.8000000119
92268  -40.725  8.331  47.468 0.6999999881
92976  -41.322  9.710  47.125 0.8000000119
93661  -41.609  10.196  46.633 0.6999999881
93662  -42.160  10.813  46.534 0.8000000119
94305  -42.725  11.287  46.152 0.8000000119
94298  -42.936  11.182  46.950 0.8999999762
94299  -43.885  11.372  47.118 0.8999999762
94982  -43.619  12.434  42.554 0.5000000000
94306  -43.607  11.508  46.134 0.8999999762
94995  -43.871  12.838  41.047 0.5000000000
94970  -43.896  12.213  43.718 0.5000000000
94316  -44.467  11.804  45.493 0.8999999762
94307  -44.760  11.636  46.491 0.8999999762
94996  -44.597  13.038  41.782 0.6000000238
94324  -44.191  12.021  44.633 0.8000000119
94317  -45.439  11.945  45.613 0.8999999762
95006  -44.633  13.465  40.485 0.6000000238
94983  -44.620  12.620  42.931 0.5000000000
94971  -44.869  12.375  43.888 0.8000000119
95606  -44.389  13.760  39.557 0.6000000238
95607  -45.275  14.042  40.141 0.6000000238
95599  -45.723  13.696  41.176 0.6999999881
94984  -45.624  12.755  43.062 0.6999999881
94960  -46.185  12.325  44.770 0.8999999762
94950  -47.280  12.330  45.825 0.8999999762
94951  -48.201  12.409  46.119 0.8999999762
95615  -44.805  14.265  39.680 0.6000000238
127098  -45.393  13.097  42.260 0.8000000119
94973  -47.182  12.812  43.664 0.8000000119
94961  -47.265  12.507  44.804 0.8999999762
95613  -42.047  13.762  40.157 0.4000000060
96295  -43.214  14.789  39.906 0.5000000000
96297  -44.796  14.811  39.700 0.5000000000
95616  -45.453  14.632  40.152 0.6999999881
95600  -46.847  14.172  41.443 0.8000000119
134839  -46.555  12.956  43.070 0.8000000119
94962  -48.484  12.597  44.884 0.8999999762
94985  -47.460  13.538  42.597 0.8000000119
94974  -48.330  12.941  43.866 0.8000000119
129772  -49.179  13.174  43.969 0.8999999762
96294  -42.298  14.527  40.537 0.4000000060
94986  -48.394  13.660  42.983 0.8000000119
135736  -49.068  13.557  43.498 0.8000000119
95605  -41.389  14.223  41.337 0.4000000060
96287  -41.665  14.960  41.479 0.4000000060
96279  -42.016  15.246  41.620 0.6000000238
133251  -42.609  15.320  41.995 0.6999999881
96278  -41.096  15.088  42.018 0.3000000119
119507  -41.588  15.077  42.297 0.4000000060
96268  -42.353  14.758  42.866 0.6999999881
96258  -44.213  14.566  43.567 0.6999999881
96257  -43.118  14.466  43.712 0.6999999881
143284  -44.638  14.454  44.326 0.6999999881
120138  -45.442  14.544  44.496 0.8000000119
120144  -46.546  14.530  45.577 0.8000000119
120708  -47.665  14.566  45.525 0.8000000119
96229  -46.560  14.476  46.668 0.8000000119
138920  -47.907  14.466  47.176 0.8000000119
96197  -47.637  14.472  47.913 0.8000000119
96196  -46.701  14.526  48.234 0.8000000119
131618  -40.941  9.224  47.813 0.8000000119
139891  -41.496  9.892  47.777 0.8999999762
92969  -41.426  9.758  48.448 0.8000000119
125227  -42.013  10.281  48.151 0.8000000119
142671  -42.407  10.806  47.143 0.8999999762
93646  -42.632  10.591  48.617 0.8000000119
93655  -43.369  11.109  47.635 0.8999999762
94281  -44.122  11.140  48.832 0.8999999762
94289  -44.039  11.222  47.954 0.8999999762
94282  -44.509  11.324  49.444 0.8999999762
132245  -44.953  11.472  49.020 0.8999999762
94300  -44.698  11.491  47.486 0.8999999762
121275  -45.466  11.736  47.185 0.8999999762
94291  -45.547  11.667  48.521 0.8999999762
126227  -46.096  11.884  47.818 0.8999999762
94308  -45.783  11.886  46.398 0.8999999762
94301  -47.178  12.100  47.906 0.8999999762
140861  -46.522  12.110  46.379 0.8999999762
94940  -47.140  12.174  46.864 0.8999999762
95614  -44.173  14.115  39.284 0.5000000000
94941  -48.209  12.326  47.157 0.8999999762
96930  -45.393  15.172  40.258 0.6999999881
95608  -46.122  14.409  40.759 0.8000000119
94998  -47.467  13.967  41.920 0.8000000119
131970  -49.247  12.499  46.327 0.8999999762
143091  -49.193  12.593  45.424 0.8999999762
96288  -42.611  15.234  40.846 0.4000000060
96290  -46.832  14.687  41.364 0.8000000119
95596  -48.060  14.160  42.195 0.8000000119
94963  -49.786  13.187  44.491 0.8000000119
94964  -50.450  13.522  44.945 0.8000000119
96269  -43.600  15.024  42.573 0.6999999881
120498  -45.312  14.654  43.493 0.8000000119
96244  -46.529  14.641  44.493 0.8000000119
136330  -47.441  14.528  48.570 0.8000000119
94273  -44.557  11.388  50.075 0.8000000119
120397  -44.744  11.482  50.858 0.8000000119
138841  -45.053  11.519  49.634 0.8999999762
94283  -45.785  11.707  49.378 0.8999999762
94274  -45.514  11.664  50.261 0.8999999762
94292  -46.452  11.909  48.699 0.8999999762
94285  -47.527  12.202  49.042 0.8999999762
121090  -48.682  12.379  49.085 0.8999999762
94930  -48.391  12.276  48.171 0.8999999762
96296  -44.093  14.901  39.556 0.6000000238
96929  -44.645  15.393  40.031 0.6000000238
96921  -45.882  15.307  40.827 0.8000000119
94942  -49.424  12.434  47.323 0.8999999762
96920  -45.191  15.443  40.540 0.8000000119
96915  -46.595  15.092  41.333 0.8000000119
95602  -48.006  14.676  42.139 0.8000000119
94987  -49.173  13.964  43.228 0.8000000119
95590  -49.740  14.047  43.649 0.8000000119
126895  -50.426  12.693  46.393 0.8999999762
96928  -43.666  15.374  40.327 0.6000000238
96914  -46.223  15.345  41.268 0.8000000119
144938  -47.734  14.966  42.017 0.8000000119
95597  -48.450  14.308  42.684 0.8000000119
95584  -50.446  13.880  44.779 0.8000000119
140196  -51.263  12.979  46.448 0.8999999762
96911  -43.063  15.532  41.140 0.6000000238
96912  -44.336  15.563  40.832 0.6999999881
96282  -46.919  15.139  41.731 0.8000000119
96273  -48.212  14.684  42.521 0.8000000119
96262  -50.184  14.116  44.127 0.8000000119
94965  -50.818  13.632  45.420 0.8000000119
96280  -43.603  15.455  41.593 0.6999999881
96260  -48.665  14.556  43.388 0.8000000119
96249  -50.874  13.820  45.550 0.8000000119
95573  -51.719  13.711  46.893 0.8000000119
96169  -48.118  14.808  49.847 0.8000000119
123946  -48.543  14.522  48.369 0.8000000119
121612  -46.358  11.914  50.013 0.8999999762
94284  -46.670  11.996  49.454 0.8999999762
94920  -48.161  12.460  49.750 0.8999999762
94921  -49.101  12.564  49.923 1.0000000000
121525  -49.584  12.469  49.135 0.8999999762
143528  -49.525  12.617  53.052 1.0000000000
94931  -49.548  12.420  48.323 0.8999999762
95532  -49.406  13.190  55.299 1.0000000000
95543  -50.055  12.835  53.008 1.0000000000
122184  -50.395  12.979  52.003 1.0000000000
94922  -50.119  12.588  49.562 1.0000000000
95533  -50.116  13.553  54.855 1.0000000000
94914  -50.555  12.794  50.125 1.0000000000
94932  -50.470  12.587  48.608 0.8999999762
128854  -44.646  15.410  41.672 0.8000000119
96272  -47.435  15.047  42.344 0.8000000119
95544  -50.896  13.440  52.793 1.0000000000
95558  -51.329  13.252  49.697 0.8999999762
94933  -51.398  12.913  48.010 0.8999999762
96270  -44.984  14.912  42.548 0.8000000119
121814  -46.473  14.769  43.413 0.8000000119
96259  -47.691  14.854  43.268 0.8000000119
96247  -49.881  14.362  44.465 0.8000000119
96233  -51.393  13.888  46.335 0.8000000119
95563  -51.629  13.420  48.580 0.8999999762
96230  -48.832  14.519  45.453 0.8000000119
96214  -50.985  14.249  46.776 0.8000000119
95574  -51.871  13.954  47.454 0.8000000119
96172  -51.781  14.905  49.853 0.8000000119
96213  -49.958  14.423  46.535 0.8000000119
96215  -51.624  14.055  47.126 0.8000000119
96171  -51.248  15.115  49.646 0.8000000119
96212  -48.808  14.512  46.447 0.8000000119
96198  -51.042  14.440  47.726 0.8000000119
96184  -51.115  14.663  48.671 0.8000000119
120711  -48.724  14.493  47.367 0.8000000119
96183  -49.956  14.625  48.517 0.8000000119
126988  -50.155  14.870  49.364 0.8000000119
137489  -48.909  14.675  49.252 0.8000000119
96856  -48.467  15.138  50.548 0.8000000119
137533  -46.046  12.033  51.720 0.8000000119
94267  -47.050  12.383  51.760 0.8999999762
94275  -46.495  12.143  50.848 0.8999999762
94910  -47.305  12.311  50.111 0.8999999762
121607  -45.581  11.741  51.055 0.8000000119
94902  -48.518  12.685  51.413 0.8999999762
94911  -48.315  12.610  50.545 0.8999999762
119935  -48.768  12.554  52.242 0.8999999762
94912  -49.145  12.681  50.853 0.8999999762
94893  -49.062  12.471  53.061 1.0000000000
94903  -49.183  12.660  51.614 0.8999999762
95528  -48.226  13.065  56.279 0.8999999762
94885  -49.511  12.710  53.790 1.0000000000
132008  -48.643  14.515  55.672 1.0000000000
126857  -48.757  13.615  55.901 1.0000000000
96806  -47.419  15.118  55.606 0.8999999762
131060  -48.580  15.599  55.596 1.0000000000
95530  -49.845  13.769  55.408 1.0000000000
139695  -50.289  13.315  53.902 1.0000000000
138959  -51.109  13.416  51.770 1.0000000000
94905  -50.965  13.130  50.877 0.8999999762
96807  -49.417  15.015  55.530 1.0000000000
96145  -50.497  14.137  55.024 1.0000000000
95536  -50.932  13.893  53.612 1.0000000000
96808  -50.206  15.036  55.459 1.0000000000
96143  -50.765  14.654  55.051 1.0000000000
95551  -51.641  13.871  51.080 1.0000000000
95552  -51.889  14.528  50.335 0.8999999762
96859  -51.568  15.357  50.455 0.8000000119
130974  -50.238  15.220  49.985 0.8000000119
96834  -48.876  15.602  51.242 0.8000000119
96857  -49.636  15.371  50.583 0.8000000119
136337  -48.477  17.097  52.953 0.8000000119
126386  -48.324  16.635  52.439 0.8000000119
94891  -46.647  12.118  52.503 0.8000000119
94901  -47.622  12.563  51.116 0.8999999762
122685  -47.966  12.584  52.004 0.8999999762
136469  -48.238  12.322  52.991 0.8999999762
94883  -48.001  12.050  54.044 0.8999999762
94884  -48.748  12.381  53.955 0.8999999762
94878  -48.395  12.310  54.964 1.0000000000
95529  -48.952  13.278  55.852 0.8999999762
94879  -49.097  12.704  54.793 1.0000000000
98003  -47.900  17.231  55.809 1.0000000000
140431  -46.785  18.483  55.833 0.8000000119
98551  -47.280  17.892  55.833 0.8000000119
97436  -48.708  16.630  55.794 0.8999999762
122687  -50.654  15.954  55.454 1.0000000000
96148  -51.184  14.554  53.822 1.0000000000
96155  -51.861  15.034  52.141 1.0000000000
96837  -51.696  15.511  51.277 0.8999999762
97987  -48.333  18.000  56.159 1.0000000000
98004  -49.690  17.141  56.104 1.0000000000
96810  -51.126  15.896  55.059 1.0000000000
96813  -51.592  15.868  53.652 1.0000000000
96819  -51.671  15.843  52.337 1.0000000000
96836  -51.221  16.065  51.641 0.8999999762
96835  -50.273  15.856  51.246 0.8999999762
97477  -49.284  16.223  51.972 0.8000000119
99069  -46.904  19.217  56.015 0.8000000119
98535  -47.767  18.747  56.204 0.8000000119
98537  -50.229  18.814  56.600 1.0000000000
98005  -51.169  17.528  55.684 1.0000000000
97444  -51.358  16.549  53.738 1.0000000000
97458  -51.187  16.337  52.438 1.0000000000
97443  -51.034  16.772  53.267 0.8999999762
143672  -49.846  16.456  52.335 0.8999999762
137273  -50.121  16.989  53.174 0.8999999762
97456  -49.349  16.753  52.726 0.8999999762
99068  -46.228  19.737  55.784 0.8000000119
140822  -47.728  19.509  56.311 0.8999999762
99051  -48.327  20.083  56.513 1.0000000000
99053  -50.275  19.798  56.653 1.0000000000
134328  -48.643  19.436  56.495 0.8999999762
134291  -49.641  19.425  56.677 1.0000000000
129609  -50.705  19.156  56.449 1.0000000000
98556  -50.964  18.681  55.403 0.8999999762
98012  -51.116  17.335  54.196 0.8999999762
99075  -50.503  19.058  55.090 0.8999999762
98555  -49.705  18.631  54.418 0.8999999762
98562  -49.851  17.984  53.993 0.8999999762
98561  -48.841  18.194  53.878 0.8999999762
97442  -49.271  17.435  53.412 0.8999999762
98560  -47.863  18.570  53.804 0.8999999762
100173  -46.702  21.841  55.701 0.8999999762
100150  -48.442  21.326  56.500 1.0000000000
100151  -49.495  21.442  56.708 1.0000000000
100152  -50.017  21.502  56.692 1.0000000000
99613  -47.230  21.040  56.091 0.8999999762
99594  -48.024  20.650  56.427 0.8999999762
99052  -49.429  20.072  56.730 1.0000000000
99597  -50.362  20.374  56.487 1.0000000000
100153  -50.205  21.930  56.437 1.0000000000
99070  -50.804  19.658  55.810 1.0000000000
99617  -49.513  20.494  55.116 1.0000000000
99074  -49.588  19.259  54.721 0.8999999762
99616  -48.299  20.402  54.421 1.0000000000
99073  -48.953  19.714  54.673 0.8999999762
132426  -47.276  19.977  53.806 0.8999999762
98554  -48.725  18.950  54.322 0.8999999762
98553  -47.946  19.431  54.164 0.8999999762
131239  -48.199  23.650  55.690 0.8999999762
100744  -48.613  22.778  56.268 1.0000000000
101306  -49.399  23.499  56.288 1.0000000000
126798  -50.148  23.242  56.299 1.0000000000
100174  -47.878  21.954  56.187 0.8999999762
100723  -49.607  22.736  56.535 1.0000000000
100724  -50.107  22.554  56.488 1.0000000000
100175  -50.470  21.705  56.067 1.0000000000
100745  -50.341  22.491  56.133 1.0000000000
144389  -49.088  21.086  54.920 1.0000000000
100181  -46.878  21.317  53.233 0.8000000119
99620  -47.477  20.867  53.809 1.0000000000
101903  -50.112  24.760  55.370 1.0000000000
101307  -50.179  23.964  55.703 1.0000000000
100179  -50.316  22.220  55.574 1.0000000000
100754  -50.327  23.071  55.661 1.0000000000
100752  -48.671  22.263  54.282 1.0000000000
100753  -49.935  22.694  54.863 1.0000000000
100182  -47.695  21.759  53.682 1.0000000000
100756  -47.131  22.174  53.013 0.8999999762
101321  -48.699  23.188  53.392 1.0000000000
100760  -47.719  22.844  52.740 1.0000000000
92988  -41.334  9.385  45.539 0.5000000000
94315  -41.728  10.817  44.975 0.6000000238
94321  -41.826  11.140  44.176 0.6000000238
120486  -42.913  11.524  45.424 0.6999999881
120153  -43.663  11.734  45.248 0.6999999881
94323  -43.168  11.835  44.486 0.6000000238
94331  -43.084  12.061  43.531 0.5000000000
93653  -41.912  10.392  47.316 0.8999999762
94959  -45.155  12.148  44.758 0.8999999762
94309  -46.373  12.163  45.663 0.8999999762
94972  -45.898  12.519  43.904 0.8000000119
94997  -46.493  13.483  42.205 0.8000000119
96245  -47.701  14.677  44.398 0.8000000119
93654  -42.658  10.754  47.746 0.8999999762
93647  -43.348  10.931  48.326 0.8999999762
121661  -46.239  12.008  47.028 0.8999999762
96271  -46.265  15.023  42.434 0.8000000119
94943  -50.752  12.633  47.419 0.8999999762
96274  -48.938  14.215  43.220 0.8000000119
96231  -49.936  14.363  45.494 0.8000000119
96246  -48.846  14.537  44.369 0.8000000119
94904  -49.945  12.715  51.176 1.0000000000
140159  -51.615  13.725  50.263 0.8999999762
95564  -51.802  14.129  49.346 0.8999999762
96185  -51.548  14.445  48.942 0.8000000119
122100  -49.903  14.510  47.555 0.8000000119
124726  -51.253  15.784  50.949 0.8000000119
96141  -49.556  14.119  55.603 1.0000000000
96154  -51.495  14.332  52.964 1.0000000000
127042  -49.774  16.026  55.668 1.0000000000
96809  -50.750  15.127  55.196 1.0000000000
97425  -50.566  16.929  55.917 1.0000000000
136181  -51.333  15.634  54.426 1.0000000000
96149  -51.703  15.274  53.149 1.0000000000
144291  -51.773  15.851  53.008 1.0000000000
97988  -49.460  17.990  56.379 1.0000000000
97438  -51.241  16.787  55.055 1.0000000000
97990  -50.959  17.662  56.102 1.0000000000
141307  -51.305  16.892  54.401 1.0000000000
97459  -51.539  16.215  53.004 1.0000000000
99050  -47.229  20.087  56.182 0.8000000119
98538  -50.875  18.471  56.343 1.0000000000
98552  -51.110  18.904  56.109 1.0000000000
98008  -51.236  17.491  54.947 1.0000000000
98006  -50.731  18.181  54.548 0.8999999762
99596  -49.983  20.757  56.773 1.0000000000
99054  -50.660  19.717  56.285 1.0000000000
99615  -50.591  20.456  56.187 1.0000000000
99614  -50.459  20.537  55.723 1.0000000000
127937  -50.079  19.836  55.223 1.0000000000
100177  -48.369  21.361  54.358 1.0000000000
124935  -50.177  21.305  55.508 1.0000000000
100178  -49.514  21.845  54.906 1.0000000000
101322  -49.130  23.023  54.157 1.0000000000
100757  -48.083  22.557  53.523 1.0000000000
138573  -40.263  14.292  45.541 0.5000000000
96240  -40.915  14.215  45.263 0.5000000000
120142  -40.785  14.274  44.451 0.5000000000
96256  -42.072  14.409  43.821 0.6000000238
96267  -41.493  14.692  43.022 0.6000000238
141613  -38.261  14.692  46.982 0.3000000119
96891  -38.734  14.952  47.415 0.3000000119
96203  -38.613  14.573  46.567 0.4000000060
96204  -39.365  14.681  46.884 0.4000000060
96205  -40.820  14.608  46.811 0.5000000000
96224  -41.054  14.348  46.172 0.6000000238
123038  -41.705  14.233  45.762 0.6000000238
96242  -43.635  14.138  45.597 0.6999999881
120139  -43.811  14.268  44.584 0.6000000238
122036  -37.842  15.521  49.124 0.2000000030
96881  -37.426  15.383  48.143 0.1000000015
96883  -39.177  15.329  48.450 0.2000000030
135462  -39.708  15.008  47.751 0.4000000060
96893  -41.215  14.845  47.478 0.5000000000
96206  -41.693  14.607  46.969 0.6000000238
96225  -42.151  14.364  46.467 0.6000000238
130124  -42.980  14.324  46.691 0.6999999881
96226  -43.603  14.256  46.456 0.6999999881
139101  -44.376  14.250  46.142 0.6999999881
96848  -39.180  15.836  50.168 0.3000000119
91514  -40.078  7.177  49.800 0.6000000238
96882  -38.284  15.346  48.255 0.2000000030
96868  -38.725  15.548  49.295 0.3000000119
133361  -40.049  15.375  48.704 0.3000000119
134926  -40.888  15.456  49.094 0.5000000000
124478  -40.453  8.596  49.138 0.6000000238
142278  -41.223  15.294  48.556 0.6000000238
96894  -42.152  14.870  47.682 0.6000000238
96886  -42.492  15.238  48.609 0.6000000238
96192  -43.117  14.766  47.849 0.6000000238
96209  -44.539  14.488  47.317 0.6999999881
96210  -45.499  14.493  47.275 0.6999999881
96228  -45.722  14.435  46.420 0.6999999881
90724  -41.753  6.533  54.336 0.2000000030
90729  -41.575  6.577  53.657 0.2000000030
90728  -40.822  6.892  53.404 0.3000000119
90725  -42.539  6.266  54.497 0.3000000119
90732  -40.451  6.680  52.506 0.3000000119
91500  -39.873  7.209  52.165 0.3000000119
93641  -43.260  10.835  49.129 0.6999999881
89951  -41.579  5.592  51.947 0.5000000000
89969  -41.086  5.542  51.136 0.5000000000
92255  -40.200  8.221  49.961 0.5000000000
92960  -40.790  9.170  49.740 0.6000000238
128177  -42.000  10.173  48.927 0.6999999881
131931  -37.812  16.343  50.701 0.2000000030
97484  -38.811  16.260  50.765 0.3000000119
89987  -40.693  5.844  50.384 0.6000000238
129069  -40.837  15.661  50.177 0.6000000238
92961  -41.397  9.702  49.255 0.6000000238
135891  -41.641  15.411  48.947 0.6000000238
96870  -42.149  15.451  49.635 0.6000000238
96887  -43.581  15.079  48.664 0.6000000238
96193  -44.076  14.676  47.932 0.6000000238
96195  -45.821  14.584  48.114 0.6000000238
125282  -46.262  14.505  47.580 0.6000000238
127153  -39.266  9.091  53.738 0.1000000015
92232  -39.619  8.668  53.100 0.2000000030
91482  -39.709  6.893  54.580 0.1000000015
91481  -39.324  7.712  54.123 0.1000000015
91485  -39.642  7.957  53.452 0.1000000015
89902  -40.640  5.310  56.111 0.1000000015
89916  -40.057  5.782  55.543 0.1000000015
90719  -40.378  6.365  54.979 0.1000000015
91486  -40.255  7.326  53.916 0.1000000015
135600  -40.913  4.499  57.350 0.1000000015
89060  -44.212  4.227  61.910 0.1000000015
89097  -42.094  4.491  58.558 0.1000000015
89082  -42.703  4.573  59.727 0.2000000030
93633  -42.392  10.475  50.056 0.5000000000
93634  -43.055  10.811  49.947 0.6000000238
94272  -43.872  11.101  49.671 0.6999999881
89919  -42.749  5.971  55.334 0.2000000030
92248  -39.779  8.220  51.529 0.3000000119
92953  -41.076  9.601  50.500 0.5000000000
93632  -41.763  10.217  50.454 0.5000000000
127450  -42.472  5.537  56.087 0.2000000030
90733  -41.319  6.221  52.781 0.3000000119
90741  -39.734  7.170  51.390 0.4000000060
140660  -41.427  9.738  49.920 0.5000000000
93640  -42.545  10.518  49.391 0.6999999881
89930  -43.219  6.003  54.753 0.3000000119
90734  -42.144  6.193  53.316 0.3000000119
89968  -40.113  6.519  51.655 0.4000000060
91507  -39.813  7.524  50.642 0.4000000060
137669  -41.938  10.132  49.669 0.6000000238
140603  -40.449  5.992  51.161 0.4000000060
125567  -39.989  15.770  50.226 0.5000000000
96849  -40.410  16.011  50.755 0.5000000000
96827  -41.195  16.093  50.991 0.6000000238
96850  -41.708  15.667  50.386 0.6000000238
96871  -43.075  15.367  49.566 0.6000000238
96888  -44.554  14.902  48.688 0.6000000238
96180  -46.200  14.673  48.806 0.6000000238
96181  -46.926  14.605  48.979 0.6999999881
94241  -41.023  11.123  52.901 0.3000000119
93616  -40.732  10.453  52.427 0.2000000030
93617  -41.467  10.830  52.144 0.4000000060
92932  -40.095  10.007  52.816 0.1000000015
93624  -41.077  10.177  51.703 0.3000000119
90718  -39.664  6.294  55.169 0.1000000015
133193  -39.093  6.579  55.089 0.1000000015
89901  -39.599  5.174  56.269 0.1000000015
89915  -39.031  5.875  55.560 0.1000000015
90723  -40.553  6.787  54.441 0.2000000030
89108  -41.704  4.536  57.512 0.1000000015
89903  -41.588  5.429  56.104 0.1000000015
122604  -41.088  6.862  54.120 0.3000000119
91489  -39.783  7.924  52.607 0.2000000030
89918  -41.963  5.925  55.621 0.2000000030
129309  -41.139  6.492  54.726 0.2000000030
89098  -42.893  4.691  58.724 0.2000000030
89117  -42.156  4.901  56.730 0.2000000030
141317  -40.106  8.878  51.565 0.4000000060
92952  -40.440  8.952  50.645 0.4000000060
89904  -43.022  5.155  56.757 0.2000000030
130017  -43.683  11.202  50.622 0.6999999881
89890  -43.601  5.082  57.581 0.2000000030
97469  -39.372  16.755  51.194 0.4000000060
97485  -39.687  16.163  50.800 0.4000000060
97470  -40.359  16.610  51.229 0.6000000238
97471  -41.871  16.568  51.325 0.6000000238
96828  -42.127  15.963  50.971 0.6000000238
96852  -43.553  15.563  50.554 0.6000000238
134183  -42.098  17.855  51.632 0.6000000238
98033  -42.523  17.194  51.614 0.6000000238
139520  -42.864  15.873  50.959 0.6000000238
96873  -45.036  15.064  49.498 0.6000000238
96875  -46.527  14.747  49.378 0.6999999881
137292  -43.307  17.507  51.790 0.6000000238
133470  -43.361  16.791  51.654 0.6000000238
97473  -44.122  16.428  51.691 0.6000000238
96831  -45.197  15.544  51.141 0.6000000238
96855  -46.524  15.002  50.126 0.6000000238
96168  -47.189  14.764  49.651 0.6999999881
99103  -43.863  19.597  51.548 0.4000000060
98586  -44.251  18.945  52.005 0.5000000000
98585  -43.740  18.156  51.899 0.5000000000
98034  -44.080  17.288  51.971 0.6000000238
100192  -44.752  21.047  51.169 0.5000000000
99104  -44.418  19.699  51.834 0.5000000000
100769  -46.035  22.288  49.739 0.6000000238
100193  -45.494  21.573  51.287 0.6000000238
99639  -45.294  20.915  51.892 0.6000000238
99087  -44.958  19.464  52.291 0.5000000000
100770  -46.842  22.541  50.293 0.6000000238
100762  -46.046  22.181  50.725 0.6000000238
141262  -45.753  21.439  51.997 0.6000000238
139810  -47.759  22.581  50.050 0.6999999881
100763  -46.801  22.582  51.239 0.6999999881
100771  -49.061  22.746  50.408 0.6999999881
123840  -47.712  22.830  50.882 0.6999999881
100759  -46.862  22.481  52.164 0.8000000119
100764  -47.648  22.943  51.831 0.8000000119
100786  -49.822  22.447  49.665 0.6999999881
101332  -48.843  23.180  51.484 0.8000000119
101333  -50.258  23.165  50.940 0.6999999881
101334  -50.965  23.109  50.502 0.6999999881
100772  -50.608  22.697  50.163 0.6999999881
101330  -50.680  23.694  51.149 0.6999999881
127147  -50.970  23.423  50.460 0.6999999881
100787  -50.721  22.515  49.365 0.6999999881
92931  -39.624  9.537  53.314 0.1000000015
144019  -40.412  10.680  53.071 0.1000000015
131698  -39.208  8.468  53.885 0.1000000015
92929  -39.192  9.798  54.139 0.1000000015
120386  -38.616  8.234  54.440 0.1000000015
92935  -39.899  9.198  52.482 0.2000000030
92936  -40.435  9.681  52.049 0.3000000119
91490  -40.195  7.464  53.046 0.2000000030
92234  -39.770  8.422  52.158 0.3000000119
92945  -40.720  9.542  51.250 0.4000000060
138533  -41.746  10.531  51.315 0.3000000119
93625  -41.290  10.006  51.041 0.4000000060
93626  -42.568  10.785  50.807 0.5000000000
94265  -44.025  11.470  51.534 0.8000000119
94266  -45.037  11.694  51.673 0.6999999881
97452  -44.657  16.743  52.047 0.6000000238
128505  -44.892  16.135  51.718 0.6000000238
97474  -45.773  16.010  51.724 0.6000000238
96832  -46.127  15.403  51.016 0.6000000238
133592  -46.936  15.324  50.855 0.6000000238
125629  -47.466  15.035  50.368 0.6999999881
98017  -44.496  18.075  52.211 0.5000000000
98018  -44.907  17.356  52.285 0.5000000000
97453  -45.357  16.681  52.199 0.6000000238
97475  -46.872  15.887  51.631 0.6999999881
97455  -47.318  16.588  52.350 0.6999999881
128528  -44.951  18.679  52.381 0.5000000000
135127  -45.139  18.013  52.455 0.5000000000
120792  -45.759  17.481  52.578 0.6000000238
98020  -47.745  17.065  52.795 0.6999999881
99625  -45.407  20.207  52.398 0.5000000000
100226  -45.264  21.930  49.259 0.4000000060
100784  -47.131  22.468  49.250 0.6000000238
100185  -46.369  21.626  52.493 0.6000000238
100802  -48.209  22.345  48.500 0.6000000238
100785  -48.544  22.437  49.444 0.6000000238
100803  -49.634  22.316  48.857 0.6000000238
101341  -51.079  22.887  49.942 0.6999999881
93613  -39.853  10.438  53.677 0.1000000015
135426  -38.668  7.290  54.747 0.1000000015
92230  -38.782  9.023  54.289 0.1000000015
93609  -39.380  10.664  54.655 0.1000000015
94251  -41.921  11.348  52.688 0.4000000060
90717  -38.332  6.571  55.285 0.1000000015
141097  -38.111  8.937  55.009 0.1000000015
94264  -43.084  11.213  51.526 0.6000000238
94882  -47.104  11.912  54.125 0.8000000119
94872  -48.265  12.685  56.280 0.8000000119
99088  -45.703  19.418  52.789 0.5000000000
98570  -46.278  18.055  52.996 0.8000000119
98009  -47.010  18.234  53.353 0.8000000119
98019  -46.871  17.371  52.836 0.6999999881
99078  -46.492  19.667  53.287 0.6000000238
98559  -46.305  18.803  53.211 0.6999999881
124762  -47.091  19.087  53.638 0.8000000119
100783  -46.080  22.263  48.723 0.4000000060
135545  -46.075  20.255  52.840 0.6000000238
99619  -46.715  20.490  53.328 0.6999999881
100801  -46.977  22.356  48.171 0.6000000238
124162  -47.895  22.326  47.601 0.4000000060
99626  -46.334  20.909  52.889 0.6000000238
121013  -49.194  22.287  47.878 0.5000000000
101328  -48.688  23.310  52.474 0.8000000119
100804  -50.530  22.380  48.270 0.6000000238
93608  -38.968  10.163  54.690 0.1000000015
94242  -41.358  11.437  53.659 0.3000000119
89900  -38.559  5.297  56.239 0.1000000015
89914  -38.035  5.930  55.785 0.1000000015
90716  -37.362  6.713  55.604 0.1000000015
89113  -38.100  4.846  56.805 0.1000000015
130811  -37.336  6.004  56.041 0.1000000015
94252  -42.776  11.501  52.826 0.5000000000
94263  -42.242  11.018  51.789 0.4000000060
94254  -44.310  11.655  52.398 0.8000000119
97433  -44.334  16.303  55.518 0.5000000000
136175  -44.950  16.072  55.527 0.6999999881
96138  -45.688  14.485  55.776 0.6000000238
95523  -47.712  12.427  56.745 0.8999999762
127645  -44.048  16.836  55.495 0.6000000238
96139  -46.751  14.180  55.839 0.6999999881
98001  -45.386  17.227  55.526 0.6000000238
97434  -45.532  16.515  55.534 0.6999999881
131333  -44.250  18.097  55.497 0.5000000000
136220  -46.064  16.949  55.583 0.6000000238
97435  -47.613  16.310  55.629 0.8000000119
99066  -44.389  19.561  55.521 0.6000000238
131332  -45.187  18.006  55.529 0.5000000000
98550  -45.905  18.795  55.648 0.6999999881
131341  -44.019  20.283  55.519 0.5000000000
99067  -45.307  19.584  55.585 0.6000000238
134402  -44.856  20.269  55.544 0.5000000000
125677  -45.683  20.340  55.643 0.6999999881
138637  -46.473  20.441  55.849 0.6999999881
134204  -46.826  22.385  47.330 0.4000000060
100818  -47.687  22.403  46.841 0.5000000000
100819  -48.675  22.314  47.107 0.5000000000
101325  -49.757  23.720  53.192 0.8999999762
143352  -49.619  23.583  53.999 0.8999999762
101323  -50.326  24.148  54.088 0.8999999762
101915  -50.336  24.852  54.660 0.8999999762
140463  -50.351  24.305  54.990 0.8999999762
100820  -49.913  22.101  47.065 0.5000000000
101350  -51.065  22.756  49.127 0.6999999881
94226  -39.945  11.323  55.103 0.2000000030
94233  -40.706  11.403  54.467 0.2000000030
93606  -39.291  10.945  55.636 0.1000000015
92926  -38.276  9.777  55.596 0.1000000015
93605  -38.825  10.346  55.262 0.1000000015
92227  -36.626  8.144  55.860 0.1000000015
120154  -43.390  11.467  52.244 0.6000000238
94246  -46.393  11.907  53.381 0.6999999881
94877  -47.671  11.928  55.027 0.8000000119
98546  -42.018  18.861  55.478 0.4000000060
97998  -42.809  17.505  55.497 0.4000000060
127646  -43.213  16.856  55.509 0.5000000000
96804  -45.213  15.316  55.578 0.6999999881
95527  -47.232  12.977  56.509 0.6000000238
94224  -47.571  11.772  56.810 0.8000000119
98547  -42.908  18.865  55.488 0.4000000060
131334  -43.324  18.150  55.494 0.5000000000
99609  -41.688  20.726  55.433 0.3000000119
131342  -42.082  20.138  55.490 0.4000000060
99610  -43.038  20.366  55.495 0.4000000060
98548  -43.858  18.834  55.490 0.4000000060
129345  -42.408  20.761  55.437 0.4000000060
100740  -42.780  22.049  55.124 0.4000000060
100170  -43.013  21.254  55.373 0.4000000060
99611  -43.827  21.035  55.451 0.5000000000
100741  -43.728  21.884  55.172 0.5000000000
100171  -44.594  21.548  55.352 0.5000000000
99612  -45.212  20.967  55.538 0.5000000000
100172  -45.588  21.743  55.458 0.6000000238
100751  -44.145  22.601  54.887 0.5000000000
139166  -44.960  22.380  55.070 0.6000000238
100742  -46.110  22.744  55.294 0.6999999881
100743  -47.395  22.695  55.717 0.6999999881
101902  -49.786  24.569  55.823 0.8999999762
102496  -49.502  25.355  55.545 0.8999999762
101329  -50.150  23.628  52.060 0.6999999881
139854  -50.460  24.081  52.127 0.8000000119
101326  -50.374  24.153  53.016 0.8000000119
101917  -50.404  24.744  53.738 0.8999999762
100837  -48.690  22.266  46.284 0.5000000000
94216  -40.033  11.269  56.040 0.2000000030
92920  -38.308  9.503  58.019 0.1000000015
93600  -39.478  10.604  56.600 0.2000000030
94227  -40.695  11.442  55.436 0.2000000030
92923  -37.672  9.021  57.010 0.1000000015
93599  -38.722  10.373  56.156 0.2000000030
123227  -36.958  8.679  56.182 0.1000000015
94253  -43.565  11.625  53.028 0.6999999881
94255  -45.476  11.846  52.659 0.6999999881
94237  -45.772  11.647  54.990 0.8999999762
94231  -45.915  11.403  56.256 0.6999999881
94247  -46.275  11.795  54.223 0.8000000119
98544  -40.425  18.727  55.484 0.4000000060
97997  -41.897  17.526  55.489 0.4000000060
97431  -42.758  16.214  55.553 0.4000000060
96131  -44.469  13.709  56.449 0.5000000000
143264  -46.606  12.088  57.690 0.5000000000
94223  -47.108  11.749  57.364 0.8000000119
128347  -46.544  11.527  55.823 0.8000000119
99062  -40.821  19.391  55.486 0.3000000119
127647  -42.316  16.863  55.511 0.4000000060
96137  -44.749  14.609  55.771 0.5000000000
95525  -45.278  13.877  56.169 0.6000000238
95522  -47.135  12.186  57.343 0.6999999881
99608  -40.843  20.698  55.453 0.3000000119
131343  -41.245  20.057  55.495 0.3000000119
129202  -41.041  22.040  55.252 0.3000000119
100748  -41.799  22.970  54.835 0.4000000060
100749  -42.464  22.868  54.829 0.5000000000
101315  -42.884  23.736  54.629 0.5000000000
101316  -43.896  23.693  54.602 0.5000000000
128295  -44.645  23.121  54.742 0.6000000238
102530  -49.744  25.075  51.087 0.8000000119
101919  -50.351  24.127  50.328 0.8000000119
121400  -49.213  24.280  55.918 0.8999999762
101920  -50.666  24.111  50.993 0.6999999881
143773  -50.380  24.530  51.810 0.8000000119
102515  -50.128  25.430  53.508 0.8000000119
128021  -50.085  25.549  54.376 0.8999999762
101925  -51.014  23.291  49.731 0.6999999881
130186  -49.575  26.212  54.877 0.8999999762
100821  -50.681  22.370  47.310 0.5000000000
101358  -50.919  22.808  47.223 0.5000000000
100851  -49.160  22.237  45.372 0.4000000060
100838  -49.942  22.018  46.048 0.5000000000
138300  -50.687  22.168  45.886 0.5000000000
93592  -38.918  9.987  57.248 0.1000000015
93593  -39.819  10.096  57.784 0.2000000030
94228  -41.408  11.506  54.990 0.3000000119
94243  -42.779  11.580  54.021 0.5000000000
94236  -44.697  11.640  54.462 0.8000000119
119807  -45.479  11.752  53.805 0.6999999881
132612  -43.202  24.892  54.616 0.5000000000
127569  -44.227  25.042  54.519 0.6000000238
126813  -49.984  24.631  48.160 0.6000000238
101940  -50.620  23.599  47.750 0.6999999881
101365  -50.993  22.981  46.288 0.5000000000
93585  -40.223  9.620  58.877 0.1000000015
93601  -40.395  10.645  57.038 0.2000000030
93594  -40.790  10.110  58.255 0.1000000015
94217  -40.908  11.213  56.370 0.3000000119
121472  -42.335  11.421  55.677 0.4000000060
94245  -44.493  11.692  53.364 0.8000000119
93602  -41.480  10.556  57.502 0.3000000119
94234  -42.062  11.549  54.409 0.4000000060
91499  -39.709  7.745  51.839 0.3000000119
96243  -44.534  14.266  45.204 0.6999999881
120145  -45.398  14.397  45.645 0.6999999881
96140  -47.907  13.816  55.927 0.6999999881
136659  -46.439  16.156  55.574 0.6999999881
96805  -46.159  15.200  55.581 0.6999999881
97476  -48.037  16.055  51.802 0.6999999881
98010  -47.956  17.690  53.312 0.8000000119
94874  -48.010  11.961  55.908 0.8999999762
131371  -46.196  17.768  55.644 0.6999999881
101319  -50.239  23.598  54.850 0.8999999762
96223  -39.886  14.446  46.247 0.5000000000
120141  -41.711  14.220  44.832 0.6000000238
120140  -42.828  14.218  44.777 0.6999999881
96890  -37.869  14.948  47.364 0.2000000030
144182  -39.149  14.502  46.347 0.5000000000
96892  -40.270  14.754  47.192 0.4000000060
96241  -42.669  14.172  45.866 0.6999999881
96884  -40.704  15.107  48.102 0.3000000119
96207  -42.656  14.545  47.158 0.6999999881
96208  -43.618  14.460  47.191 0.6999999881
125281  -44.209  14.360  46.796 0.6999999881
96227  -44.924  14.404  46.647 0.6999999881
96847  -38.294  15.839  50.062 0.2000000030
90749  -40.061  6.581  50.670 0.6000000238
96869  -39.564  15.580  49.431 0.3000000119
135435  -40.262  15.572  49.559 0.4000000060
142067  -41.446  15.499  49.691 0.6000000238
96885  -41.591  15.151  48.207 0.6000000238
96194  -44.982  14.606  48.000 0.6000000238
129216  -42.171  6.408  53.916 0.2000000030
90742  -40.720  5.954  51.912 0.4000000060
135585  -36.833  16.208  50.325 0.1000000015
96179  -45.427  14.777  48.729 0.6000000238
89115  -40.368  4.774  56.797 0.1000000015
89116  -41.233  4.843  56.721 0.1000000015
89917  -41.088  5.982  55.453 0.1000000015
89096  -41.022  4.276  58.289 0.1000000015
138960  -42.724  4.721  57.687 0.2000000030
89099  -43.580  4.887  59.336 0.2000000030
92249  -39.949  8.277  50.922 0.4000000060
97468  -38.511  16.824  51.161 0.2000000030
131144  -41.159  16.747  51.385 0.6000000238
96851  -42.563  15.619  50.413 0.6000000238
96872  -44.077  15.229  49.556 0.6000000238
96874  -45.885  14.885  49.440 0.6000000238
89109  -43.414  4.859  58.368 0.2000000030
98032  -41.630  17.308  51.538 0.6000000238
97472  -42.691  16.378  51.318 0.6000000238
96829  -43.467  16.059  51.300 0.6000000238
96853  -44.621  15.364  50.412 0.6000000238
96830  -44.300  15.747  51.212 0.6000000238
96854  -45.568  15.188  50.280 0.6000000238
139497  -44.250  20.274  51.396 0.5000000000
99638  -44.793  20.276  51.898 0.5000000000
100184  -45.832  20.902  52.439 0.6000000238
96833  -47.745  15.426  51.115 0.6999999881
97454  -46.286  16.622  52.312 0.6999999881
98569  -45.606  18.491  52.731 0.5000000000
91480  -37.869  7.982  54.948 0.1000000015
100800  -45.990  22.289  47.833 0.4000000060
101357  -50.852  22.745  48.140 0.6999999881
89899  -37.700  5.431  56.342 0.1000000015
92228  -37.286  8.505  55.491 0.1000000015
92925  -37.566  9.250  55.908 0.1000000015
97432  -43.636  16.227  55.538 0.5000000000
95521  -46.470  12.533  57.174 0.6000000238
101935  -50.802  23.336  48.745 0.6999999881
92924  -38.228  9.673  56.654 0.1000000015
98545  -41.189  18.816  55.475 0.4000000060
123398  -41.850  22.190  55.108 0.4000000060
132834  -50.420  24.639  52.808 0.8000000119
89111  -50.563  4.914  58.998 0.1000000015
89896  -50.620  5.225  58.444 0.1000000015
89911  -51.154  5.276  57.926 0.2000000030
89926  -50.910  5.516  56.716 0.2000000030
122638  -50.454  5.518  54.485 0.2000000030
88306  -47.589  3.451  59.144 0.1000000015
129866  -48.263  3.478  58.720 0.1000000015
88308  -49.328  4.201  59.281 0.1000000015
88313  -49.966  4.131  58.802 0.1000000015
88314  -50.751  4.413  58.555 0.1000000015
89118  -51.161  4.806  58.509 0.2000000030
89912  -51.717  5.126  57.485 0.2000000030
89937  -51.311  5.466  55.538 0.2000000030
87522  -44.101  2.762  57.630 0.1000000015
88311  -46.308  3.119  58.154 0.1000000015
88316  -47.969  3.304  57.630 0.1000000015
89928  -52.599  5.041  55.478 0.2000000030
87527  -43.488  2.652  56.736 0.1000000015
87528  -44.464  2.835  56.800 0.1000000015
136363  -45.437  2.950  56.966 0.1000000015
87531  -42.143  2.259  56.198 0.1000000015
87532  -42.843  2.425  55.975 0.1000000015
87533  -43.874  2.648  55.767 0.1000000015
119928  -40.817  0.778  55.344 0.1000000015
85937  -41.341  1.336  55.383 0.1000000015
121679  -41.876  1.314  54.695 0.1000000015
89934  -47.692  5.585  55.225 0.1000000015
122639  -48.648  5.625  56.200 0.1000000015
89935  -48.675  5.559  55.133 0.2000000030
89944  -48.792  5.483  54.132 0.2000000030
120680  -48.426  5.413  52.438 0.2000000030
89975  -47.845  5.350  51.667 0.2000000030
140085  -48.703  5.169  59.807 0.1000000015
89894  -48.497  5.556  58.435 0.1000000015
89910  -49.930  5.556  57.413 0.1000000015
89925  -49.585  5.610  56.115 0.2000000030
89936  -49.871  5.552  55.133 0.2000000030
120166  -49.064  5.421  53.260 0.2000000030
121281  -49.504  5.402  52.465 0.2000000030
89976  -48.872  5.385  51.656 0.2000000030
88305  -46.808  3.461  59.801 0.1000000015
88307  -48.688  3.967  59.672 0.1000000015
136673  -48.899  3.777  59.148 0.1000000015
89956  -50.258  5.482  53.473 0.2000000030
87517  -44.849  2.698  58.709 0.1000000015
123386  -45.798  2.923  58.829 0.1000000015
88325  -52.763  3.871  56.019 0.2000000030
89946  -51.458  5.502  54.442 0.2000000030
89977  -49.995  5.430  51.633 0.2000000030
88329  -50.833  3.391  55.465 0.2000000030
120171  -47.786  5.530  54.224 0.1000000015
120073  -47.437  5.401  52.497 0.2000000030
89087  -47.842  4.790  60.707 0.1000000015
89875  -48.093  5.364  60.101 0.1000000015
122640  -47.668  5.630  57.512 0.1000000015
89924  -47.722  5.618  56.114 0.1000000015
120172  -46.733  5.564  54.390 0.1000000015
120641  -46.513  5.370  52.610 0.4000000060
89974  -46.892  5.222  51.783 0.4000000060
123101  -46.576  4.986  50.439 0.3000000119
120112  -47.291  5.171  50.849 0.2000000030
125956  -48.347  5.353  50.911 0.2000000030
88298  -48.000  3.978  60.352 0.1000000015
127651  -49.310  5.421  50.966 0.2000000030
89957  -51.474  5.544  53.399 0.2000000030
121280  -50.639  5.495  52.550 0.2000000030
88331  -53.144  3.845  55.343 0.2000000030
140351  -49.950  5.488  51.003 0.2000000030
89147  -44.387  4.568  49.785 0.4000000060
89148  -45.373  4.721  49.793 0.3000000119
89991  -44.933  4.627  50.627 0.4000000060
89992  -45.850  4.776  50.539 0.4000000060
120175  -46.345  5.604  56.636 0.2000000030
120174  -46.030  5.628  55.778 0.3000000119
120169  -46.133  5.472  53.448 0.3000000119
89955  -45.647  5.392  52.739 0.2000000030
123997  -45.465  4.820  51.369 0.4000000060
119621  -46.352  4.961  51.171 0.4000000060
124417  -46.247  4.972  49.764 0.3000000119
88284  -46.555  4.135  61.321 0.2000000030
89086  -46.948  4.638  60.862 0.2000000030
89883  -47.329  5.628  59.363 0.2000000030
89908  -46.913  5.660  57.217 0.2000000030
120173  -46.863  5.608  55.471 0.2000000030
89973  -45.998  5.084  51.993 0.5000000000
89993  -47.100  5.212  49.873 0.2000000030
88295  -45.803  3.181  60.842 0.1000000015
88296  -46.514  3.669  60.913 0.1000000015
90010  -46.705  5.323  48.906 0.2000000030
137069  -48.002  5.336  50.114 0.2000000030
87512  -45.040  2.828  60.777 0.1000000015
90024  -46.581  5.414  47.975 0.2000000030
122154  -47.854  5.445  49.120 0.2000000030
89994  -48.619  5.423  49.613 0.2000000030
121279  -48.931  5.495  48.981 0.2000000030
90025  -48.364  5.486  48.169 0.2000000030
90026  -49.440  5.489  48.268 0.2000000030
90042  -48.972  5.532  47.456 0.1000000015
89972  -44.427  4.846  51.543 0.4000000060
89933  -45.355  5.580  54.955 0.3000000119
89942  -44.313  5.643  53.380 0.3000000119
89954  -44.306  5.353  52.474 0.5000000000
136841  -45.135  5.107  52.173 0.4000000060
90007  -43.933  4.745  48.983 0.5000000000
90008  -44.883  4.850  49.028 0.4000000060
90022  -44.499  5.130  48.313 0.3000000119
89874  -47.205  5.472  60.333 0.2000000030
89907  -46.239  5.623  57.452 0.2000000030
89932  -44.533  5.639  55.001 0.3000000119
90021  -43.622  5.212  48.213 0.5000000000
134889  -45.319  5.209  48.378 0.3000000119
88283  -46.187  3.701  61.437 0.2000000030
89085  -45.902  4.575  61.148 0.2000000030
121590  -45.199  5.453  58.388 0.2000000030
122647  -44.402  5.549  56.306 0.3000000119
90037  -43.351  5.607  47.492 0.4000000060
90052  -43.134  5.996  46.803 0.4000000060
90039  -45.080  5.495  47.151 0.3000000119
90023  -45.747  5.380  47.682 0.3000000119
85920  -42.580  0.426  60.956 0.1000000015
86714  -43.834  1.788  61.955 0.1000000015
87508  -44.882  2.923  61.528 0.1000000015
88265  -45.012  3.646  61.831 0.2000000030
89880  -44.452  5.256  60.009 0.2000000030
89881  -45.262  5.464  59.576 0.2000000030
90053  -43.799  5.939  46.291 0.3000000119
87507  -44.293  2.337  61.675 0.1000000015
87494  -44.599  2.952  62.071 0.1000000015
90067  -44.576  5.977  45.998 0.3000000119
90055  -45.204  5.744  46.416 0.2000000030
121198  -45.849  5.509  46.836 0.2000000030
133329  -47.404  5.467  48.224 0.2000000030
91559  -42.981  7.199  43.132 0.2000000030
90809  -44.472  6.246  44.721 0.2000000030
90794  -45.993  5.994  45.341 0.2000000030
90068  -45.930  5.794  46.094 0.3000000119
90041  -47.224  5.485  47.373 0.2000000030
91589  -42.829  8.084  41.594 0.2000000030
91574  -42.646  7.792  42.550 0.2000000030
90825  -44.181  6.486  43.838 0.2000000030
124885  -45.292  6.098  44.951 0.2000000030
90069  -46.532  5.836  45.756 0.2000000030
90057  -47.680  5.599  46.563 0.2000000030
122681  -48.085  5.523  47.331 0.2000000030
91575  -43.425  7.350  42.290 0.2000000030
142505  -44.290  6.633  43.219 0.2000000030
90070  -47.278  5.804  45.767 0.2000000030
90810  -46.119  6.296  44.453 0.2000000030
90838  -44.399  6.806  42.561 0.2000000030
131070  -44.864  6.537  43.324 0.2000000030
90826  -45.781  6.520  43.501 0.2000000030
135365  -43.969  4.620  50.607 0.5000000000
89953  -43.568  5.648  52.834 0.3000000119
89990  -43.595  4.823  51.236 0.5000000000
143202  -43.239  4.714  50.653 0.5000000000
90006  -43.009  5.009  48.897 0.5000000000
89931  -43.886  5.765  54.360 0.3000000119
89970  -42.509  5.337  51.934 0.4000000060
123220  -42.774  5.475  48.129 0.5000000000
89906  -44.382  5.362  57.486 0.2000000030
144334  -44.415  5.609  55.547 0.2000000030
89941  -43.416  5.851  53.611 0.2000000030
86701  -43.700  1.980  62.664 0.1000000015
88264  -44.236  3.328  62.195 0.1000000015
89084  -44.732  5.075  60.988 0.1000000015
89891  -44.266  5.146  58.656 0.2000000030
89905  -43.725  5.404  56.810 0.2000000030
90807  -42.808  6.744  44.531 0.3000000119
90779  -42.938  6.252  45.944 0.3000000119
87493  -44.138  2.526  62.361 0.1000000015
90824  -43.276  6.744  43.817 0.2000000030
90792  -43.883  6.160  45.432 0.3000000119
92304  -42.330  8.560  42.053 0.2000000030
92314  -42.511  8.945  40.888 0.2000000030
91590  -43.541  7.734  41.224 0.2000000030
89989  -42.537  4.910  50.421 0.5000000000
90726  -43.153  6.011  54.212 0.2000000030
89940  -42.847  5.879  53.114 0.4000000060
89920  -43.774  5.717  55.322 0.2000000030
90823  -42.613  7.239  43.861 0.3000000119
138673  -42.470  7.667  43.281 0.3000000119
93015  -42.480  10.140  39.996 0.2000000030
123660  -42.004  5.236  51.143 0.4000000060
130103  -40.479  6.409  49.719 0.5000000000
122952  -40.313  7.725  48.940 0.5000000000
119625  -40.746  14.792  42.711 0.4000000060
127255  -41.424  11.435  55.785 0.2000000030
94211  -43.252  10.428  58.166 0.2000000030
94219  -42.959  10.765  56.907 0.2000000030
94229  -43.665  11.236  56.268 0.3000000119
120076  -44.059  11.549  55.215 0.5000000000
139530  -44.543  11.312  56.212 0.5000000000
122682  -45.011  11.471  55.617 0.6000000238
98030  -39.920  17.489  51.423 0.4000000060
98031  -40.815  17.423  51.498 0.4000000060
94210  -42.395  10.579  57.445 0.2000000030
93595  -42.401  10.275  58.388 0.2000000030
93596  -43.240  10.112  59.091 0.2000000030
98582  -40.477  18.329  51.505 0.4000000060
98583  -41.422  18.221  51.571 0.4000000060
99108  -39.892  20.047  51.038 0.3000000119
99109  -40.744  19.928  51.116 0.4000000060
99101  -41.864  19.067  51.472 0.4000000060
98584  -42.159  18.458  51.596 0.4000000060
99650  -41.325  20.408  50.528 0.3000000119
99111  -42.404  19.668  51.173 0.3000000119
127054  -42.837  18.158  51.718 0.3000000119
99110  -41.591  19.793  51.117 0.3000000119
100815  -43.715  22.392  46.987 0.3000000119
100834  -45.241  22.594  46.489 0.3000000119
100817  -45.830  22.388  47.020 0.3000000119
100835  -46.304  22.583  46.339 0.3000000119
136503  -46.782  22.492  46.727 0.3000000119
100848  -45.773  22.763  45.887 0.3000000119
100849  -46.880  22.690  45.695 0.3000000119
100836  -47.388  22.516  46.211 0.3000000119
99649  -40.493  20.502  50.477 0.3000000119
99112  -43.159  19.588  51.314 0.3000000119
123009  -43.418  18.914  51.706 0.3000000119
99659  -41.046  20.974  49.833 0.3000000119
99102  -42.637  18.988  51.547 0.3000000119
100222  -40.733  21.536  49.151 0.3000000119
100223  -41.587  21.490  49.185 0.3000000119
99660  -41.916  20.944  49.924 0.3000000119
99661  -42.866  20.943  50.118 0.3000000119
143889  -43.463  20.689  50.556 0.3000000119
99637  -44.075  20.797  50.772 0.3000000119
138813  -41.730  21.962  47.938 0.3000000119
126869  -42.874  21.869  48.364 0.3000000119
100224  -42.543  21.488  49.250 0.3000000119
139156  -43.262  21.413  49.557 0.4000000060
100207  -43.773  21.274  50.101 0.4000000060
100208  -44.467  21.333  50.428 0.5000000000
131489  -45.192  21.762  50.334 0.5000000000
100246  -42.256  22.056  47.609 0.3000000119
100247  -43.277  22.151  47.595 0.3000000119
123551  -43.872  21.591  49.254 0.3000000119
100239  -44.571  21.781  48.824 0.3000000119
139257  -44.613  21.997  48.097 0.3000000119
100799  -45.104  22.203  47.607 0.3000000119
101389  -45.760  23.311  44.871 0.2000000030
101390  -46.828  23.105  44.649 0.3000000119
101376  -46.321  22.901  45.241 0.3000000119
101377  -47.402  22.680  44.986 0.3000000119
100850  -48.000  22.426  45.502 0.3000000119
99648  -39.730  20.629  50.387 0.3000000119
99652  -42.956  20.218  50.777 0.3000000119
99658  -40.242  21.061  49.807 0.3000000119
128283  -43.623  20.207  51.080 0.3000000119
100856  -48.484  22.505  44.778 0.3000000119
101968  -46.243  23.729  44.378 0.2000000030
101391  -47.868  22.883  44.363 0.3000000119
101969  -47.246  23.471  44.070 0.3000000119
101967  -45.221  23.919  44.524 0.2000000030
100852  -50.136  22.172  45.193 0.3000000119
101379  -50.928  22.675  45.417 0.4000000060
129160  -48.888  22.732  44.146 0.3000000119
100857  -49.501  22.428  44.610 0.3000000119
101378  -50.645  22.441  45.099 0.4000000060
102533  -49.893  24.275  49.191 0.5000000000
134873  -50.444  24.982  47.429 0.5000000000
101396  -48.308  23.284  43.829 0.2000000030
101948  -50.923  24.107  46.292 0.4000000060
102548  -50.771  25.115  46.772 0.4000000060
101393  -50.933  22.940  44.690 0.3000000119
101956  -51.017  23.653  45.391 0.3000000119
102553  -50.830  24.920  45.925 0.4000000060
101392  -49.715  22.728  44.051 0.3000000119
139638  -50.379  22.647  44.421 0.3000000119
102559  -50.948  24.699  44.995 0.3000000119
101970  -51.009  23.814  44.356 0.3000000119
103110  -49.523  26.445  54.217 0.6999999881
102522  -48.973  26.395  52.533 0.6999999881
143281  -49.575  25.434  51.924 0.6999999881
102540  -49.298  25.891  48.752 0.6999999881
102547  -50.143  26.241  47.950 0.6000000238
103170  -50.575  26.340  47.370 0.6999999881
101976  -47.669  24.107  43.627 0.2000000030
103178  -50.605  26.217  46.450 0.6000000238
101397  -49.357  23.164  43.684 0.3000000119
101398  -50.217  23.167  43.748 0.3000000119
126519  -50.806  23.361  43.953 0.3000000119
103757  -48.194  28.465  52.562 0.6999999881
103118  -48.924  27.060  53.509 0.6999999881
103769  -48.383  28.291  50.686 0.6999999881
103763  -48.207  28.430  51.639 0.6999999881
103131  -48.482  27.597  52.097 0.6999999881
103143  -48.457  27.535  51.228 0.6999999881
140597  -48.638  26.263  50.812 0.6999999881
103153  -48.574  27.439  50.329 0.6999999881
103782  -48.833  28.396  49.864 0.6999999881
103160  -49.018  27.438  49.428 0.6999999881
103797  -49.441  28.583  49.216 0.6999999881
103169  -50.450  27.555  48.009 0.6999999881
102579  -47.075  25.071  43.527 0.2000000030
102580  -48.078  24.880  43.311 0.2000000030
102581  -48.943  24.729  43.034 0.2000000030
132407  -50.779  25.582  44.670 0.4000000060
131323  -50.713  25.604  45.524 0.4000000060
101977  -48.857  23.988  43.409 0.2000000030
101978  -49.926  23.696  43.268 0.3000000119
101979  -50.625  23.889  43.383 0.3000000119
141010  -50.950  24.714  44.173 0.3000000119
135520  -46.950  23.469  55.409 0.6000000238
101901  -47.265  24.245  55.310 0.6000000238
133090  -48.236  24.890  55.519 0.8000000119
102495  -48.752  25.801  55.592 0.8000000119
140208  -49.156  26.416  55.337 0.8000000119
103095  -49.171  26.970  54.985 0.8000000119
103768  -48.090  28.565  51.063 0.6999999881
103781  -48.430  28.471  50.070 0.6999999881
104374  -48.982  29.109  49.476 0.6999999881
103798  -50.005  28.552  48.517 0.6999999881
103177  -50.438  27.440  47.359 0.6999999881
103206  -47.527  25.829  43.218 0.2000000030
103818  -50.222  27.337  46.359 0.6999999881
103184  -50.468  26.459  45.447 0.5000000000
101983  -50.405  24.317  42.894 0.3000000119
121830  -50.975  24.348  43.486 0.3000000119
103193  -50.694  26.573  44.297 0.4000000060
102570  -51.063  25.401  43.699 0.3000000119
101913  -47.029  25.207  55.084 0.6000000238
101914  -47.834  26.150  55.401 0.6000000238
104400  -45.756  29.119  47.629 0.6999999881
103795  -46.106  27.912  48.795 0.6999999881
104385  -46.409  28.592  48.237 0.6999999881
103780  -47.015  27.958  49.633 0.6999999881
103796  -47.051  28.255  48.836 0.6999999881
104386  -47.529  28.881  48.480 0.6999999881
104373  -48.012  28.709  49.431 0.6999999881
103746  -48.312  28.219  53.654 0.6999999881
104401  -46.935  29.233  47.770 0.6999999881
104402  -48.088  29.444  48.119 0.6999999881
144041  -48.441  29.192  48.886 0.6999999881
104999  -47.459  29.534  47.336 0.6999999881
105000  -48.655  29.575  48.016 0.6999999881
104403  -49.348  29.460  48.290 0.6999999881
104387  -49.533  29.199  48.867 0.6999999881
103205  -47.007  26.756  43.023 0.2000000030
105012  -48.398  29.485  46.730 0.6999999881
105001  -48.920  29.494  47.600 0.6999999881
104388  -49.956  29.122  48.346 0.6999999881
103211  -47.979  26.504  42.769 0.2000000030
102585  -48.515  25.539  42.918 0.2000000030
105013  -49.067  29.303  47.058 0.6999999881
104411  -49.444  28.872  46.698 0.6999999881
103817  -50.088  28.320  47.130 0.6999999881
103867  -47.451  27.372  42.465 0.2000000030
101982  -49.610  24.291  42.987 0.2000000030
104419  -49.301  28.782  45.625 0.6999999881
103837  -49.692  28.173  45.162 0.6000000238
103827  -50.071  27.393  45.260 0.5000000000
103213  -50.223  25.959  42.398 0.2000000030
102588  -51.305  25.368  42.728 0.2000000030
102582  -51.442  25.377  42.940 0.4000000060
103207  -51.564  26.226  43.281 0.4000000060
102507  -46.633  26.624  55.181 0.6000000238
102508  -47.591  27.327  55.375 0.6000000238
103093  -47.383  28.116  55.228 0.6000000238
138461  -48.424  26.764  55.481 0.6999999881
103094  -48.388  27.648  55.198 0.6999999881
103756  -47.840  28.698  53.106 0.6999999881
103762  -47.993  28.686  52.079 0.6999999881
120538  -47.436  28.248  50.723 0.6999999881
104998  -46.293  29.597  47.166 0.6999999881
105011  -47.577  29.620  46.729 0.6999999881
105019  -48.413  29.433  45.696 0.6999999881
105020  -48.898  29.211  46.205 0.6999999881
104430  -49.698  28.745  44.591 0.6000000238
103850  -46.069  26.935  43.226 0.2000000030
103868  -48.493  27.152  42.325 0.2000000030
103212  -49.031  26.198  42.513 0.2000000030
103838  -50.309  27.806  44.515 0.4000000060
103214  -51.339  26.008  42.418 0.4000000060
103208  -51.854  26.221  42.755 0.4000000060
103851  -51.155  27.340  43.692 0.4000000060
103729  -46.705  28.484  55.042 0.6000000238
103116  -44.416  27.567  53.553 0.5000000000
103753  -45.238  28.313  54.118 0.6000000238
103754  -46.196  28.338  53.387 0.6000000238
103744  -46.996  28.665  54.584 0.6999999881
103129  -44.512  26.727  52.181 0.5000000000
103117  -45.333  27.566  52.820 0.6000000238
103760  -46.197  27.693  52.110 0.6999999881
103755  -47.046  28.633  53.789 0.6999999881
103731  -48.205  28.248  54.600 0.6999999881
128041  -43.599  26.506  50.432 0.5000000000
103130  -45.342  26.942  51.576 0.6000000238
131673  -46.032  27.335  51.146 0.6999999881
103761  -47.283  28.355  52.518 0.6999999881
103152  -44.177  26.772  49.936 0.5000000000
103142  -45.333  26.914  50.402 0.6999999881
103767  -46.405  27.623  50.436 0.6999999881
124681  -46.920  27.955  51.395 0.6999999881
103150  -42.148  26.714  49.677 0.5000000000
103776  -42.377  27.204  49.045 0.5000000000
103151  -43.115  26.869  49.607 0.5000000000
103777  -43.803  27.235  49.131 0.6000000238
144163  -45.229  27.618  48.838 0.6000000238
124247  -47.738  28.519  51.591 0.6999999881
105009  -45.812  29.715  46.615 0.6999999881
105010  -46.658  29.668  46.659 0.6999999881
105025  -49.028  29.228  45.151 0.6000000238
105026  -50.080  29.091  43.831 0.5000000000
103866  -46.471  27.538  42.655 0.2000000030
104431  -50.589  28.432  43.874 0.3000000119
103869  -49.548  26.842  42.136 0.2000000030
104443  -51.725  28.267  43.203 0.3000000119
132229  -52.097  26.537  42.500 0.3000000119
132087  -37.284  28.360  49.091 0.4000000060
140855  -38.310  27.257  49.561 0.4000000060
104377  -37.832  28.418  48.524 0.4000000060
103788  -38.910  27.378  48.981 0.4000000060
103774  -40.602  26.965  49.202 0.4000000060
104379  -40.310  27.946  48.102 0.5000000000
103790  -40.898  27.478  48.599 0.5000000000
103149  -41.237  26.626  49.752 0.5000000000
103791  -41.803  27.582  48.524 0.5000000000
104382  -43.067  28.279  47.936 0.6000000238
104398  -43.654  28.778  47.501 0.6000000238
104399  -44.641  28.893  47.506 0.6000000238
103792  -42.646  27.702  48.485 0.5000000000
103793  -43.480  27.732  48.507 0.6999999881
103794  -44.394  27.667  48.625 0.6999999881
104384  -45.204  28.259  48.181 0.6000000238
105017  -46.875  29.651  46.053 0.6999999881
105018  -47.723  29.583  45.998 0.6999999881
105023  -47.884  29.533  45.139 0.6000000238
105024  -48.601  29.444  44.732 0.6000000238
130014  -49.382  29.380  44.135 0.6999999881
103887  -49.941  27.290  41.675 0.3000000119
103852  -52.127  27.006  42.914 0.3000000119
103222  -50.682  26.660  41.934 0.3000000119
103224  -52.055  26.520  42.147 0.4000000060
104444  -52.373  27.938  42.571 0.4000000060
103223  -51.693  26.781  41.774 0.3000000119
103870  -52.371  27.119  42.271 0.3000000119
104393  -38.719  28.606  47.952 0.4000000060
137688  -38.502  27.983  48.536 0.4000000060
104378  -39.346  27.929  48.282 0.5000000000
104380  -41.254  28.020  48.012 0.5000000000
104396  -41.666  28.646  47.506 0.5000000000
104381  -42.159  28.111  47.966 0.5000000000
105016  -45.844  29.749  46.008 0.6000000238
105015  -45.043  29.751  46.286 0.6000000238
105022  -47.111  29.606  45.350 0.6999999881
105031  -50.133  29.499  43.344 0.4000000060
105033  -51.724  29.167  42.822 0.4000000060
105032  -50.885  29.094  43.313 0.3000000119
138454  -52.191  28.690  42.696 0.4000000060
103890  -52.583  28.205  41.398 0.4000000060
104462  -52.670  28.744  41.697 0.4000000060
103888  -50.873  27.485  41.368 0.3000000119
140227  -51.846  27.476  41.328 0.3000000119
103889  -52.308  27.356  41.671 0.4000000060
120378  -42.374  5.091  49.572 0.5000000000
90770  -41.930  6.326  47.480 0.5000000000
144385  -42.324  6.612  46.031 0.4000000060
132337  -43.073  6.409  45.146 0.4000000060
89146  -43.318  4.638  49.821 0.5000000000
133707  -42.876  4.958  51.250 0.4000000060
96255  -41.119  14.406  43.740 0.4000000060
89083  -43.723  5.053  60.517 0.1000000015
129164  -43.346  5.546  56.053 0.2000000030
90730  -42.727  6.138  53.779 0.2000000030
100240  -45.269  22.057  48.352 0.3000000119
94244  -43.639  11.600  54.043 0.4000000060
102532  -48.855  25.604  49.913 0.6999999881
102523  -50.000  25.344  52.647 0.6999999881
101941  -50.829  23.891  46.979 0.4000000060
94235  -43.065  11.568  54.930 0.3000000119
89895  -49.712  5.366  58.619 0.1000000015
88312  -47.205  3.266  57.880 0.1000000015
121236  -48.991  3.568  58.613 0.1000000015
89101  -49.101  4.713  59.626 0.1000000015
89927  -52.050  5.157  56.661 0.2000000030
88310  -45.128  2.892  57.810 0.1000000015
88315  -46.299  3.091  56.981 0.1000000015
140004  -47.029  3.213  56.928 0.1000000015
134131  -45.670  3.001  56.263 0.1000000015
86734  -42.088  2.000  55.405 0.1000000015
87536  -42.987  2.291  55.107 0.1000000015
86732  -40.691  1.210  55.997 0.1000000015
89884  -48.252  5.469  59.307 0.1000000015
89100  -48.479  4.695  60.126 0.1000000015
89909  -48.492  5.685  57.289 0.1000000015
120168  -47.074  5.483  53.386 0.3000000119
89893  -47.353  5.563  58.237 0.2000000030
89923  -47.116  5.635  56.534 0.2000000030
89995  -48.924  5.375  50.276 0.2000000030
89922  -45.537  5.593  56.473 0.3000000119
119961  -44.828  5.562  54.222 0.3000000119
89943  -45.713  5.509  54.219 0.3000000119
120170  -45.246  5.508  53.453 0.3000000119
144423  -44.926  5.460  52.837 0.3000000119
88266  -45.878  4.002  61.673 0.2000000030
89882  -46.244  5.680  59.301 0.2000000030
123246  -46.585  5.638  58.490 0.2000000030
141955  -46.025  5.284  48.390 0.2000000030
88282  -45.596  3.368  61.478 0.1000000015
119995  -44.303  2.434  59.846 0.1000000015
90040  -46.416  5.445  47.261 0.2000000030
89971  -43.461  5.146  52.017 0.5000000000
123041  -44.977  5.368  47.817 0.3000000119
89873  -46.212  5.317  60.466 0.2000000030
120176  -45.259  5.504  57.332 0.2000000030
89892  -45.878  5.657  58.167 0.2000000030
90038  -44.246  5.447  47.512 0.4000000060
89872  -45.330  5.249  60.531 0.1000000015
90054  -44.451  5.696  46.710 0.3000000119
85915  -43.054  0.682  62.207 0.1000000015
86713  -43.287  1.096  61.426 0.1000000015
86718  -43.654  1.624  60.837 0.1000000015
89074  -45.014  4.462  61.600 0.1000000015
130054  -45.295  5.970  45.706 0.2000000030
90793  -44.716  6.073  45.370 0.2000000030
90056  -46.700  5.585  46.509 0.2000000030
90837  -43.728  6.817  43.127 0.2000000030
90808  -43.596  6.426  44.570 0.2000000030
122456  -45.125  6.371  44.148 0.2000000030
90795  -46.786  6.057  45.104 0.2000000030
132219  -42.931  5.544  52.525 0.3000000119
143956  -43.472  1.387  62.298 0.1000000015
88257  -43.514  2.744  62.443 0.1000000015
99100  -41.033  19.133  51.428 0.4000000060
99099  -40.143  19.252  51.382 0.3000000119
99651  -42.176  20.330  50.610 0.3000000119
100816  -44.713  22.384  47.013 0.3000000119
100833  -44.189  22.644  46.518 0.3000000119
100237  -42.038  21.797  48.445 0.3000000119
100236  -41.229  21.829  48.329 0.3000000119
100244  -40.743  22.003  47.705 0.3000000119
138287  -43.281  21.654  48.955 0.3000000119
100225  -44.520  21.619  49.722 0.3000000119
100248  -44.219  22.189  47.571 0.3000000119
100238  -43.829  21.864  48.346 0.3000000119
102528  -48.761  26.264  51.596 0.6999999881
103161  -49.696  27.475  48.585 0.6999999881
103806  -50.327  28.490  47.949 0.6999999881
102586  -49.669  25.076  42.644 0.2000000030
101984  -51.062  24.610  42.942 0.3000000119
123193  -47.916  28.479  50.227 0.6999999881
104986  -48.928  29.439  48.692 0.6999999881
103826  -49.681  28.130  46.049 0.6999999881
102587  -50.822  25.074  42.622 0.2000000030
104997  -45.146  29.586  46.990 0.6000000238
103779  -45.787  27.474  49.547 0.6999999881
139730  -48.223  29.571  47.393 0.6999999881
104404  -49.733  29.150  47.670 0.6999999881
103215  -51.667  26.049  42.627 0.4000000060
141933  -43.611  26.648  52.786 0.5000000000
103778  -44.779  27.178  49.358 0.6999999881
104383  -44.051  28.235  48.004 0.6000000238
103884  -46.890  28.020  41.963 0.2000000030
104392  -37.867  29.035  47.965 0.4000000060
141030  -43.069  28.728  47.521 0.5000000000
95587  -37.775  13.630  44.399 0.1000000015
94969  -38.166  13.576  43.764 0.1000000015
94980  -38.554  12.866  43.348 0.1000000015
94981  -39.095  13.433  42.953 0.1000000015
94992  -39.854  13.160  42.462 0.1000000015
95002  -40.267  12.442  41.785 0.1000000015
94344  -40.575  12.012  40.899 0.1000000015
94993  -40.430  13.286  41.871 0.1000000015
94958  -37.210  12.976  44.544 0.1000000015
95583  -37.351  13.650  45.244 0.1000000015
94357  -42.280  11.751  38.582 0.1000000015
93704  -42.898  11.365  38.484 0.1000000015
95582  -36.812  13.449  45.769 0.1000000015
92981  -36.291  9.619  46.293 0.1000000015
93660  -36.039  10.403  45.827 0.1000000015
93666  -36.103  11.240  45.496 0.1000000015
94313  -36.419  12.103  45.388 0.1000000015
94957  -36.741  12.958  45.238 0.1000000015
93667  -36.556  10.474  45.070 0.1000000015
93028  -43.107  10.963  38.087 0.1000000015
92335  -43.232  10.073  38.206 0.1000000015
90071  -48.191  5.831  45.841 0.1000000015
96266  -40.009  14.626  42.785 0.1000000015
142719  -40.389  14.260  42.172 0.1000000015
90796  -47.758  6.166  44.948 0.1000000015
93659  -35.537  11.225  46.184 0.1000000015
94304  -35.802  12.262  46.421 0.1000000015
93699  -43.064  11.232  38.650 0.1000000015
124312  -45.211  7.399  40.709 0.1000000015
91592  -46.095  7.378  41.111 0.1000000015
90812  -47.693  6.603  44.028 0.1000000015
92980  -35.599  10.197  46.577 0.1000000015
92327  -43.450  8.970  39.263 0.1000000015
91605  -43.817  8.088  40.147 0.1000000015
90840  -46.330  6.742  42.717 0.1000000015
90828  -47.623  6.844  43.289 0.1000000015
90827  -46.830  6.593  43.598 0.1000000015
92326  -42.915  9.495  39.562 0.1000000015
142584  -38.889  14.285  43.574 0.1000000015
90839  -45.404  6.676  42.628 0.1000000015
90811  -47.031  6.355  44.437 0.1000000015
95578  -37.212  13.849  46.053 0.1000000015
96236  -37.774  14.132  45.695 0.2000000030
96237  -38.037  14.076  44.953 0.2000000030
96252  -38.546  14.279  44.757 0.2000000030
96253  -38.905  14.389  44.211 0.2000000030
92315  -43.083  8.495  40.491 0.1000000015
90852  -45.072  7.029  41.675 0.1000000015
94948  -36.074  12.982  46.595 0.1000000015
121606  -38.372  14.303  45.378 0.2000000030
95589  -39.396  14.379  43.527 0.2000000030
91591  -44.373  7.479  40.908 0.1000000015
90841  -47.231  7.017  42.667 0.1000000015
96254  -40.157  14.428  43.700 0.3000000119
96238  -38.918  14.374  44.967 0.3000000119
120143  -39.449  14.381  44.380 0.3000000119
95577  -36.584  13.553  46.446 0.1000000015
96219  -37.054  13.998  46.633 0.1000000015
96220  -37.558  14.240  46.466 0.1000000015
96221  -38.158  14.389  46.074 0.2000000030
94939  -35.656  12.587  47.034 0.1000000015
96202  -36.605  14.016  47.097 0.1000000015
124590  -37.095  14.399  47.056 0.1000000015
121066  -37.969  14.548  46.709 0.2000000030
96277  -40.914  14.837  41.930 0.3000000119
96239  -40.140  14.284  44.759 0.3000000119
96222  -38.905  14.394  45.816 0.3000000119
123039  -39.543  14.343  45.271 0.3000000119
96201  -36.099  14.082  47.579 0.1000000015
96191  -37.134  14.977  47.477 0.1000000015
143350  -37.525  14.570  47.010 0.1000000015
103728  -45.624  28.347  55.100 0.4000000060
103092  -46.603  27.953  55.315 0.4000000060
140738  -45.177  28.422  54.835 0.4000000060
103091  -45.677  27.601  55.285 0.4000000060
103741  -43.613  27.913  54.961 0.4000000060
103090  -44.160  27.551  55.226 0.4000000060
102506  -45.534  26.404  54.982 0.4000000060
131496  -46.099  25.433  54.803 0.5000000000
103742  -44.413  28.076  54.666 0.4000000060
141036  -44.956  27.928  55.260 0.4000000060
103108  -43.410  27.447  54.216 0.4000000060
102504  -43.458  26.399  55.037 0.5000000000
102505  -44.601  26.341  54.896 0.4000000060
101912  -45.258  25.157  54.519 0.5000000000
126054  -43.547  26.229  51.463 0.4000000060
102494  -42.586  26.865  55.342 0.4000000060
103740  -42.821  27.610  54.868 0.4000000060
103089  -43.171  27.446  55.180 0.4000000060
101318  -46.101  24.140  54.811 0.5000000000
103107  -42.381  27.238  54.417 0.4000000060
103115  -42.619  26.463  53.206 0.4000000060
103128  -42.505  26.024  51.282 0.4000000060
128834  -44.916  24.004  54.494 0.5000000000
103080  -42.009  27.125  55.441 0.4000000060
102503  -42.448  25.953  55.104 0.4000000060
103739  -42.082  27.625  54.919 0.4000000060
103088  -40.959  27.541  55.047 0.4000000060
103106  -41.485  27.319  54.682 0.4000000060
102520  -41.805  26.002  52.974 0.4000000060
102521  -42.160  25.758  52.172 0.4000000060
103139  -41.862  26.336  50.426 0.4000000060
103140  -42.791  26.392  50.412 0.4000000060
101911  -42.333  24.665  54.673 0.4000000060
102502  -41.791  25.413  54.992 0.4000000060
103079  -40.850  27.034  55.439 0.4000000060
102514  -41.078  26.265  53.629 0.4000000060
105028  -47.293  29.624  44.534 0.5000000000
101910  -41.563  24.487  54.735 0.4000000060
103715  -40.874  27.445  55.160 0.4000000060
103105  -40.582  27.185  54.661 0.4000000060
102513  -40.079  26.271  53.754 0.4000000060
102527  -41.161  25.711  52.272 0.4000000060
102526  -40.236  25.691  52.006 0.4000000060
105007  -43.580  29.765  46.531 0.4000000060
105008  -44.403  29.734  46.531 0.5000000000
105021  -46.232  29.680  45.350 0.6000000238
101900  -40.237  24.916  55.084 0.3000000119
101312  -40.826  24.272  54.786 0.3000000119
102492  -40.279  26.211  55.472 0.3000000119
135210  -41.032  25.458  55.217 0.3000000119
103103  -38.858  27.190  54.782 0.4000000060
103078  -39.989  27.197  55.339 0.4000000060
102512  -39.014  26.279  53.703 0.4000000060
103104  -39.692  27.134  54.698 0.4000000060
102525  -39.552  25.814  51.901 0.4000000060
103136  -39.289  26.302  50.666 0.4000000060
103137  -40.090  26.248  50.532 0.4000000060
103148  -40.339  26.523  49.833 0.4000000060
105511  -43.067  30.244  46.074 0.4000000060
105006  -42.660  29.757  46.583 0.4000000060
105512  -44.098  30.015  45.969 0.4000000060
105518  -45.248  29.733  45.225 0.4000000060
105524  -45.663  29.753  44.448 0.4000000060
137217  -39.746  21.866  55.353 0.2000000030
100166  -39.040  21.821  55.416 0.2000000030
100737  -39.457  22.497  55.233 0.2000000030
132049  -38.776  25.027  55.230 0.2000000030
101304  -39.490  24.242  54.941 0.2000000030
100739  -41.182  22.724  54.998 0.3000000119
102491  -39.247  26.405  55.463 0.2000000030
103076  -38.415  27.297  55.261 0.2000000030
103077  -39.063  27.185  55.263 0.3000000119
139002  -38.279  27.483  54.893 0.3000000119
132105  -38.118  26.731  54.136 0.4000000060
102517  -38.916  25.953  52.358 0.4000000060
103147  -39.496  26.475  49.979 0.3000000119
105005  -41.902  29.765  46.643 0.4000000060
105522  -43.507  30.345  44.691 0.4000000060
122632  -44.243  30.009  45.154 0.4000000060
105523  -44.703  29.887  44.512 0.3000000119
143643  -44.953  29.922  43.859 0.3000000119
105530  -45.539  29.969  43.391 0.5000000000
99605  -38.353  20.500  55.523 0.2000000030
99606  -39.142  20.558  55.494 0.2000000030
99061  -40.010  19.290  55.491 0.2000000030
100165  -38.244  21.788  55.482 0.2000000030
99607  -39.978  20.639  55.484 0.2000000030
100736  -38.636  22.483  55.357 0.2000000030
141780  -38.716  23.961  55.063 0.2000000030
101302  -38.017  24.171  55.260 0.2000000030
101897  -37.987  25.057  55.311 0.2000000030
129612  -37.171  25.903  55.475 0.2000000030
101898  -38.392  25.975  55.486 0.2000000030
103084  -37.948  27.624  55.116 0.3000000119
103102  -37.583  27.428  54.571 0.3000000119
103135  -38.493  26.600  50.872 0.3000000119
103146  -38.862  26.555  50.194 0.3000000119
103773  -39.693  26.883  49.355 0.3000000119
135249  -42.381  30.671  45.496 0.4000000060
105517  -43.357  30.328  45.382 0.4000000060
104993  -41.211  29.335  46.950 0.4000000060
105510  -42.138  30.318  46.232 0.4000000060
105529  -44.274  30.170  43.789 0.3000000119
99059  -38.273  19.237  55.571 0.2000000030
98542  -38.670  18.477  55.581 0.3000000119
97995  -40.079  17.733  55.526 0.3000000119
128289  -41.398  16.860  55.519 0.3000000119
96136  -43.786  14.682  55.819 0.4000000060
100733  -35.901  22.647  55.548 0.2000000030
100163  -36.602  21.726  55.557 0.2000000030
98543  -39.660  18.479  55.514 0.3000000119
97430  -41.869  16.215  55.574 0.3000000119
127640  -36.995  22.410  55.484 0.2000000030
100735  -37.806  22.479  55.452 0.2000000030
101300  -35.820  23.396  55.531 0.2000000030
101301  -36.582  23.685  55.464 0.2000000030
101895  -36.180  24.272  55.512 0.2000000030
101896  -37.152  24.616  55.398 0.2000000030
103074  -36.665  27.255  55.406 0.2000000030
103075  -37.837  27.424  55.282 0.2000000030
103738  -36.761  27.498  53.867 0.2000000030
103122  -37.564  26.646  52.220 0.4000000060
103134  -37.883  26.787  51.402 0.4000000060
103765  -37.892  27.171  50.745 0.3000000119
139280  -40.781  30.536  46.271 0.4000000060
105003  -39.660  29.926  46.847 0.4000000060
105004  -40.539  29.957  46.643 0.4000000060
130278  -41.397  30.778  45.864 0.4000000060
104394  -39.753  28.557  47.700 0.4000000060
104395  -40.724  28.598  47.551 0.4000000060
105509  -41.331  30.157  46.455 0.4000000060
144472  -44.032  30.165  44.442 0.3000000119
98541  -37.640  18.529  55.747 0.3000000119
97424  -39.500  16.394  55.784 0.3000000119
96800  -41.475  15.571  55.730 0.3000000119
96135  -42.825  14.787  55.886 0.3000000119
96130  -43.391  14.015  56.404 0.4000000060
95520  -45.518  13.017  56.884 0.5000000000
99058  -37.365  19.501  55.669 0.2000000030
101299  -35.064  23.490  55.560 0.2000000030
135638  -33.893  26.512  55.488 0.2000000030
126719  -34.048  24.760  55.484 0.2000000030
127570  -35.034  24.973  55.485 0.2000000030
103711  -34.531  27.348  55.245 0.2000000030
103072  -34.903  26.657  55.437 0.2000000030
102487  -35.789  25.624  55.487 0.2000000030
102488  -36.525  26.289  55.466 0.2000000030
103721  -35.884  28.147  55.040 0.2000000030
103073  -35.850  26.769  55.419 0.2000000030
103714  -37.168  27.771  55.187 0.2000000030
103752  -36.974  27.166  52.634 0.3000000119
139441  -37.429  27.314  51.580 0.3000000119
104369  -37.523  27.777  50.601 0.3000000119
105002  -38.795  29.906  47.164 0.3000000119
105508  -40.070  30.594  46.408 0.4000000060
95512  -42.940  13.017  58.051 0.3000000119
94865  -44.641  11.829  58.555 0.3000000119
96127  -40.510  14.569  56.456 0.3000000119
95517  -42.191  13.547  57.162 0.3000000119
95513  -43.896  12.818  58.022 0.3000000119
94869  -45.978  12.192  57.739 0.4000000060
104349  -32.376  28.820  54.592 0.2000000030
103719  -33.989  27.898  54.812 0.2000000030
103720  -35.055  27.959  54.881 0.2000000030
104350  -33.713  28.977  53.955 0.2000000030
125802  -35.156  28.444  53.835 0.2000000030
103722  -36.517  28.095  55.044 0.2000000030
143980  -34.673  29.458  53.150 0.2000000030
104963  -35.210  29.102  52.996 0.2000000030
103736  -35.885  28.098  54.471 0.2000000030
104356  -35.681  28.383  53.313 0.2000000030
143988  -36.468  28.001  54.582 0.2000000030
103751  -36.513  27.629  52.976 0.2000000030
104364  -36.067  28.856  52.452 0.2000000030
104365  -36.289  28.148  52.700 0.2000000030
103759  -36.873  27.763  52.168 0.3000000119
104984  -36.967  29.144  50.402 0.3000000119
104368  -37.164  28.480  50.252 0.3000000119
104985  -36.556  29.370  49.161 0.3000000119
104376  -37.054  28.941  48.593 0.3000000119
106074  -36.711  30.888  47.222 0.3000000119
105505  -38.154  30.482  47.073 0.3000000119
104372  -37.304  28.076  49.742 0.3000000119
104990  -37.955  29.708  47.496 0.3000000119
106080  -38.986  31.254  46.053 0.3000000119
105514  -39.713  31.137  46.023 0.3000000119
105515  -40.515  30.997  45.903 0.4000000060
105507  -39.095  30.677  46.594 0.4000000060
106092  -41.312  31.331  44.326 0.3000000119
94858  -44.391  11.137  59.244 0.2000000030
96794  -38.513  15.371  56.420 0.3000000119
95515  -39.890  14.170  56.774 0.3000000119
139985  -41.441  13.577  57.219 0.3000000119
94208  -45.039  11.029  58.778 0.2000000030
94213  -45.694  11.312  58.043 0.4000000060
105472  -32.313  30.435  54.545 0.2000000030
104960  -32.670  29.882  54.113 0.2000000030
104348  -31.772  28.973  55.024 0.2000000030
104957  -32.840  29.206  54.170 0.2000000030
104962  -34.126  29.774  53.325 0.2000000030
105482  -36.381  30.186  52.152 0.2000000030
130549  -37.499  29.868  51.635 0.2000000030
104971  -35.756  29.669  52.407 0.2000000030
104972  -36.769  29.300  51.919 0.2000000030
104979  -37.414  29.041  51.200 0.2000000030
127038  -36.843  30.182  50.344 0.2000000030
105498  -35.988  30.589  49.518 0.2000000030
106605  -35.384  32.215  49.485 0.2000000030
121781  -36.823  28.491  51.917 0.2000000030
104981  -37.485  28.689  50.912 0.3000000119
106070  -35.540  31.454  49.005 0.2000000030
105500  -35.806  30.849  48.517 0.3000000119
106624  -34.833  32.394  47.586 0.3000000119
106632  -35.126  32.563  46.581 0.2000000030
104371  -36.888  28.719  49.451 0.3000000119
105499  -36.406  29.736  49.762 0.3000000119
104988  -36.679  29.701  48.306 0.3000000119
106073  -35.900  31.110  47.579 0.3000000119
106078  -37.190  31.289  46.509 0.3000000119
106079  -38.200  31.183  46.444 0.3000000119
106083  -37.640  31.747  45.793 0.3000000119
132490  -37.181  30.174  47.516 0.3000000119
120957  -44.936  10.783  58.532 0.2000000030
94222  -45.933  11.366  57.355 0.4000000060
131943  -34.791  32.851  53.269 0.2000000030
139849  -35.322  33.569  53.627 0.2000000030
106573  -33.300  32.080  53.835 0.2000000030
106039  -32.636  31.106  54.134 0.2000000030
106580  -34.330  32.063  53.022 0.2000000030
105477  -33.581  30.591  53.354 0.2000000030
106581  -35.264  32.063  52.607 0.2000000030
105478  -34.372  30.577  52.819 0.2000000030
106045  -35.806  31.155  52.283 0.2000000030
106582  -36.509  31.906  52.409 0.2000000030
106047  -38.112  30.506  51.645 0.2000000030
105489  -38.084  30.048  51.121 0.2000000030
104982  -37.688  29.347  50.933 0.3000000119
106068  -35.959  31.277  49.959 0.2000000030
106604  -34.633  32.815  49.050 0.2000000030
105496  -38.629  30.718  51.105 0.2000000030
136766  -38.074  30.120  50.898 0.2000000030
142703  -37.568  30.521  50.615 0.2000000030
106615  -34.980  32.188  48.562 0.2000000030
106623  -34.401  33.110  47.631 0.2000000030
106633  -35.866  32.156  46.234 0.3000000119
106082  -36.715  31.874  45.949 0.3000000119
120861  -44.780  10.962  57.329 0.2000000030
106575  -35.770  32.842  52.994 0.2000000030
107639  -37.452  34.227  53.785 0.2000000030
107115  -39.109  33.557  53.055 0.2000000030
107113  -37.076  33.619  53.311 0.2000000030
107120  -37.693  32.813  52.741 0.2000000030
106576  -36.738  32.867  52.850 0.2000000030
128682  -37.122  32.269  50.302 0.2000000030
106606  -36.194  31.998  50.073 0.2000000030
106592  -35.955  32.739  50.059 0.2000000030
132200  -34.716  33.557  50.067 0.2000000030
108212  -33.371  35.308  49.708 0.2000000030
107682  -33.564  34.728  48.275 0.2000000030
106060  -38.178  31.049  50.667 0.2000000030
125572  -34.189  33.339  48.726 0.2000000030
107144  -33.721  34.034  48.734 0.2000000030
107147  -34.131  33.805  47.287 0.2000000030
107151  -34.895  33.336  46.126 0.2000000030
106640  -35.530  32.900  45.770 0.2000000030
106649  -36.713  33.044  44.715 0.3000000119
107121  -38.725  32.627  52.497 0.2000000030
129951  -33.321  36.088  49.889 0.2000000030
107668  -38.193  33.741  50.588 0.2000000030
107667  -37.148  33.733  50.651 0.2000000030
120667  -34.941  33.903  50.637 0.2000000030
107665  -34.248  34.643  50.881 0.2000000030
107675  -33.639  34.446  49.602 0.2000000030
108763  -33.583  36.231  49.209 0.2000000030
107685  -34.386  34.569  46.667 0.2000000030
106593  -38.507  32.203  50.509 0.2000000030
107116  -40.236  33.625  52.880 0.2000000030
109264  -33.814  37.499  51.871 0.2000000030
109269  -33.484  37.372  50.809 0.2000000030
108182  -37.148  35.714  52.333 0.2000000030
108181  -36.121  35.795  52.358 0.2000000030
108720  -35.526  36.712  52.687 0.2000000030
108719  -34.637  36.740  52.363 0.2000000030
145172  -33.815  36.495  51.661 0.2000000030
108754  -33.610  36.818  49.751 0.2000000030
107654  -37.490  34.344  51.162 0.2000000030
108198  -36.783  35.014  51.821 0.2000000030
108180  -35.071  35.947  52.214 0.2000000030
108196  -34.494  35.352  51.561 0.2000000030
107154  -34.813  34.135  45.941 0.2000000030
109240  -36.658  37.960  53.400 0.2000000030
109252  -35.300  37.664  52.871 0.2000000030
110270  -34.578  39.071  52.093 0.2000000030
108711  -37.108  37.168  53.200 0.2000000030
108721  -36.595  36.502  52.800 0.2000000030
109251  -34.419  37.536  52.383 0.2000000030
110271  -35.298  39.189  52.593 0.2000000030
144758  -40.565  14.810  42.303 0.3000000119
94214  -46.489  11.648  57.592 0.4000000060
97996  -40.987  17.554  55.488 0.3000000119
96801  -42.329  15.538  55.684 0.3000000119
122501  -44.885  12.604  57.666 0.4000000060
130401  -39.865  23.268  54.953 0.2000000030
91576  -44.138  7.240  41.758 0.1000000015
94221  -45.457  11.093  57.811 0.3000000119
103138  -40.956  26.286  50.468 0.4000000060
143623  -35.996  11.956  45.858 0.1000000015
94949  -36.297  12.835  45.930 0.1000000015
93021  -43.067  10.563  38.654 0.1000000015
143447  -36.014  13.419  47.186 0.1000000015
140669  -40.201  23.999  54.800 0.3000000119
101899  -39.613  25.390  55.289 0.2000000030
99604  -37.571  20.380  55.572 0.2000000030
99060  -39.155  19.206  55.513 0.3000000119
100164  -37.430  21.749  55.514 0.2000000030
125425  -39.544  17.114  55.622 0.3000000119
97994  -39.128  17.729  55.594 0.3000000119
97428  -40.380  16.829  55.574 0.3000000119
99603  -36.726  20.230  55.689 0.2000000030
97993  -38.185  17.727  55.752 0.3000000119
96795  -39.454  15.514  56.178 0.3000000119
96796  -40.295  15.250  56.084 0.3000000119
96128  -41.441  14.238  56.586 0.3000000119
96134  -41.904  14.885  56.011 0.3000000119
95518  -43.101  13.452  57.158 0.3000000119
102486  -34.438  25.716  55.514 0.2000000030
94866  -45.513  11.659  58.144 0.3000000119
104970  -34.853  29.869  52.756 0.2000000030
141339  -37.328  28.109  51.266 0.3000000119
105501  -36.210  30.102  48.903 0.3000000119
106077  -36.271  31.473  46.739 0.2000000030
106059  -36.864  31.206  50.394 0.2000000030
107134  -36.639  33.257  50.309 0.2000000030
107664  -33.610  34.929  50.365 0.2000000030
107653  -36.419  34.337  51.289 0.2000000030
107652  -35.259  34.435  51.263 0.2000000030
108199  -37.772  35.044  51.698 0.2000000030
88255  -42.099  3.141  62.113 0.1000000015
120589  -41.552  3.944  61.159 0.1000000015
89071  -41.950  4.304  60.392 0.1000000015
143292  -33.804  17.329  51.355 0.1000000015
98025  -34.534  17.568  51.414 0.1000000015
98026  -35.537  17.543  51.353 0.1000000015
136734  -35.693  16.898  51.049 0.1000000015
97465  -34.192  16.872  51.028 0.1000000015
140748  -36.198  16.563  50.717 0.1000000015
97467  -37.018  16.747  51.001 0.1000000015
98027  -36.330  17.163  51.221 0.1000000015
98024  -33.778  17.927  51.670 0.1000000015
98028  -37.135  17.525  51.339 0.1000000015
136700  -37.809  17.041  51.247 0.1000000015
143044  -38.337  17.302  51.318 0.1000000015
98029  -38.941  17.569  51.383 0.1000000015
94855  -40.994  11.775  59.195 0.2000000030
126439  -41.548  12.460  58.603 0.2000000030
136171  -35.057  18.223  51.533 0.1000000015
98575  -33.691  18.848  51.845 0.1000000015
98576  -34.351  18.282  51.639 0.1000000015
134482  -35.473  18.872  51.493 0.1000000015
135357  -36.375  17.946  51.444 0.1000000015
123435  -34.276  19.618  51.497 0.1000000015
134715  -34.668  18.905  51.601 0.1000000015
98578  -36.251  18.766  51.442 0.1000000015
98580  -38.061  17.919  51.378 0.1000000015
136718  -33.570  19.682  51.663 0.1000000015
99094  -35.126  19.563  51.350 0.1000000015
99095  -35.933  19.484  51.268 0.1000000015
137195  -36.724  19.446  51.267 0.1000000015
129379  -38.186  19.014  51.388 0.1000000015
135800  -38.788  18.479  51.429 0.1000000015
99096  -37.524  19.614  51.222 0.1000000015
98581  -39.572  18.431  51.459 0.2000000030
94861  -39.369  12.902  57.943 0.2000000030
94862  -40.486  12.648  58.268 0.2000000030
95510  -41.021  13.186  57.691 0.2000000030
96121  -38.593  14.093  56.911 0.2000000030
132265  -40.105  13.445  57.441 0.2000000030
95516  -40.714  13.864  56.984 0.2000000030
136575  -32.399  20.427  51.529 0.1000000015
99093  -33.003  20.076  51.610 0.1000000015
99634  -34.759  20.250  51.021 0.1000000015
99635  -35.615  20.162  50.972 0.1000000015
99636  -36.379  20.084  51.005 0.1000000015
142726  -37.014  20.066  51.057 0.2000000030
99097  -38.353  19.914  51.047 0.2000000030
99098  -39.153  19.367  51.289 0.2000000030
137189  -38.355  12.043  58.840 0.1000000015
94860  -38.284  12.763  58.079 0.1000000015
95507  -37.838  13.454  57.503 0.1000000015
96125  -38.216  14.652  56.715 0.1000000015
96126  -39.093  14.624  56.618 0.2000000030
100190  -31.128  21.081  51.275 0.1000000015
100191  -32.096  21.081  51.079 0.1000000015
99632  -32.942  20.739  51.087 0.1000000015
100189  -30.183  21.077  51.369 0.1000000015
99633  -33.792  20.351  51.148 0.1000000015
99644  -35.313  20.766  50.472 0.1000000015
134862  -36.813  20.530  50.723 0.2000000030
100206  -37.934  21.272  50.031 0.2000000030
99646  -37.591  20.488  50.702 0.2000000030
99656  -38.769  21.271  49.881 0.2000000030
99107  -39.124  20.229  50.779 0.2000000030
94852  -37.604  12.267  58.582 0.2000000030
120866  -37.909  16.090  56.262 0.2000000030
97427  -38.665  16.874  55.821 0.2000000030
140957  -32.123  21.415  50.275 0.1000000015
100200  -32.763  21.200  50.433 0.1000000015
99642  -33.536  21.004  50.488 0.1000000015
100779  -32.164  22.190  49.035 0.2000000030
100214  -33.343  21.640  49.394 0.2000000030
100202  -34.020  21.381  49.715 0.2000000030
99643  -34.407  20.850  50.460 0.1000000015
100204  -35.927  21.303  49.950 0.1000000015
100213  -32.605  21.600  49.618 0.2000000030
100215  -34.728  21.621  48.964 0.2000000030
100216  -35.634  21.604  49.075 0.2000000030
100218  -37.462  21.904  49.389 0.2000000030
100219  -38.338  21.903  49.366 0.2000000030
99657  -39.500  21.188  49.805 0.2000000030
100220  -39.139  21.833  49.262 0.2000000030
96124  -37.554  14.550  56.838 0.1000000015
97421  -35.649  16.315  56.582 0.1000000015
124218  -37.146  15.690  56.508 0.2000000030
140509  -36.260  16.589  56.448 0.1000000015
97985  -36.667  17.296  56.276 0.1000000015
100780  -33.032  22.032  48.893 0.2000000030
100229  -33.869  21.834  48.876 0.2000000030
100217  -36.543  21.787  49.269 0.2000000030
100781  -37.113  22.233  48.540 0.2000000030
100782  -37.960  22.324  48.658 0.2000000030
100233  -38.696  22.242  48.744 0.2000000030
100234  -39.459  22.130  48.355 0.2000000030
100235  -40.366  21.908  48.367 0.2000000030
98532  -35.286  18.566  56.504 0.1000000015
99048  -35.650  19.334  56.259 0.1000000015
99049  -36.431  19.442  55.916 0.1000000015
100161  -34.804  21.840  55.765 0.1000000015
99593  -35.882  20.053  55.943 0.1000000015
100792  -33.628  22.330  48.128 0.2000000030
100230  -34.502  21.891  48.127 0.2000000030
100231  -35.370  21.825  48.158 0.2000000030
100232  -36.251  21.957  48.299 0.2000000030
124787  -34.397  22.340  47.623 0.2000000030
100793  -35.138  22.153  47.485 0.2000000030
100796  -37.627  22.310  47.758 0.2000000030
100809  -36.823  22.553  46.913 0.2000000030
100827  -38.341  22.807  46.553 0.2000000030
136921  -39.313  22.251  47.478 0.2000000030
100798  -40.042  22.108  47.582 0.2000000030
100829  -40.103  22.685  46.482 0.2000000030
100812  -40.676  22.157  46.974 0.2000000030
100830  -41.106  22.632  46.423 0.2000000030
100831  -42.142  22.593  46.377 0.2000000030
100813  -41.715  22.217  46.887 0.2000000030
100832  -43.166  22.602  46.435 0.2000000030
100708  -32.234  22.064  60.018 0.1000000015
100132  -30.960  22.004  58.837 0.1000000015
101879  -31.531  24.935  59.362 0.1000000015
102459  -33.301  25.658  60.228 0.1000000015
127713  -34.030  27.891  60.421 0.1000000015
104320  -35.155  28.365  60.972 0.1000000015
104309  -36.240  29.052  61.714 0.1000000015
105991  -36.407  31.185  62.251 0.1000000015
99046  -34.066  19.297  56.739 0.1000000015
100720  -32.435  22.049  56.703 0.1000000015
128023  -30.584  24.092  58.306 0.1000000015
139409  -31.453  25.823  59.280 0.1000000015
103690  -33.192  27.998  60.110 0.1000000015
104319  -34.471  28.467  60.619 0.1000000015
105448  -35.023  30.977  61.008 0.1000000015
105998  -36.278  31.685  61.678 0.1000000015
106531  -37.608  32.351  62.686 0.1000000015
100146  -32.985  21.397  56.633 0.1000000015
132704  -31.456  23.938  56.531 0.1000000015
101884  -30.583  24.484  57.642 0.1000000015
100731  -34.187  22.407  55.687 0.1000000015
101891  -32.071  24.153  56.024 0.1000000015
100732  -35.125  22.696  55.625 0.1000000015
100841  -38.653  23.171  46.134 0.2000000030
100842  -39.539  23.131  46.095 0.1000000015
100843  -40.480  23.081  46.045 0.2000000030
100828  -39.174  22.751  46.510 0.2000000030
100844  -41.512  23.035  45.856 0.2000000030
100845  -42.632  22.887  45.885 0.2000000030
100846  -43.656  22.902  45.991 0.2000000030
103052  -32.096  26.586  59.624 0.1000000015
103679  -32.909  27.057  60.121 0.1000000015
102472  -30.822  26.019  58.585 0.1000000015
126725  -31.627  27.258  59.043 0.1000000015
131404  -33.298  28.906  59.841 0.1000000015
104926  -34.334  29.702  60.583 0.1000000015
106003  -35.423  31.772  60.546 0.1000000015
126933  -36.740  32.254  61.503 0.1000000015
101889  -30.727  24.991  56.986 0.1000000015
103697  -30.732  27.350  57.741 0.1000000015
104322  -31.917  28.129  58.931 0.1000000015
101893  -32.115  24.852  55.832 0.1000000015
101890  -31.381  24.716  56.347 0.1000000015
101382  -38.559  23.749  45.347 0.1000000015
101383  -39.461  23.629  45.179 0.1000000015
122654  -39.001  23.439  45.719 0.1000000015
141078  -40.712  23.255  45.598 0.1000000015
104946  -31.346  29.574  56.998 0.1000000015
104335  -30.793  28.039  56.968 0.1000000015
104944  -31.509  29.502  57.787 0.1000000015
103071  -33.054  26.112  55.511 0.1000000015
103070  -32.218  26.317  55.605 0.1000000015
103068  -30.955  26.890  56.192 0.1000000015
101384  -40.386  23.501  45.094 0.1000000015
101372  -42.219  23.238  45.312 0.1000000015
101373  -43.173  23.154  45.380 0.1000000015
100847  -44.696  22.879  46.023 0.2000000030
106024  -31.741  30.913  56.116 0.1000000015
105467  -31.898  30.872  56.905 0.1000000015
141015  -31.361  29.629  56.346 0.1000000015
106560  -33.630  32.661  56.072 0.1000000015
103709  -32.259  27.246  55.383 0.1000000015
105469  -31.926  30.733  55.368 0.1000000015
106565  -33.441  32.576  55.336 0.1000000015
107106  -35.488  33.680  55.182 0.1000000015
139449  -37.496  34.472  55.129 0.1000000015
127543  -40.397  34.194  56.979 0.1000000015
129189  -33.029  26.828  55.377 0.1000000015
107629  -38.838  34.588  54.436 0.1000000015
107630  -39.870  34.640  54.391 0.1000000015
107620  -41.767  34.526  55.623 0.1000000015
107613  -43.817  35.053  57.264 0.1000000015
108671  -43.251  36.125  57.598 0.1000000015
107643  -41.846  34.487  53.532 0.1000000015
125240  -43.005  34.575  53.639 0.1000000015
107632  -42.613  34.634  54.777 0.1000000015
101386  -42.813  23.569  44.853 0.1000000015
101374  -44.173  23.182  45.499 0.1000000015
101375  -45.232  23.090  45.450 0.1000000015
108666  -37.911  36.765  57.714 0.1000000015
109216  -36.630  37.550  57.915 0.1000000015
109218  -38.297  37.064  57.037 0.1000000015
109759  -38.042  38.348  56.374 0.1000000015
109230  -39.244  37.819  55.760 0.1000000015
109227  -39.745  37.212  56.152 0.1000000015
108681  -40.560  36.700  56.947 0.1000000015
106033  -32.428  31.254  54.808 0.1000000015
107110  -35.284  33.837  54.306 0.1000000015
107627  -36.101  34.212  54.549 0.1000000015
109764  -40.149  37.724  55.520 0.1000000015
143155  -35.793  34.125  53.862 0.1000000015
107642  -40.556  34.403  53.566 0.1000000015
107623  -44.711  34.999  55.261 0.1000000015
109232  -43.508  37.098  54.647 0.1000000015
107123  -41.035  32.841  51.904 0.1000000015
107124  -43.079  33.537  51.482 0.1000000015
143466  -43.665  34.243  52.440 0.1000000015
108173  -44.890  35.408  52.418 0.1000000015
109246  -44.505  37.758  52.806 0.1000000015
106584  -39.163  31.775  51.614 0.1000000015
125268  -39.912  31.996  51.341 0.1000000015
134352  -42.825  33.931  50.858 0.1000000015
108187  -42.748  35.510  51.609 0.1000000015
108727  -43.366  36.255  52.095 0.1000000015
129527  -43.230  39.169  52.960 0.1000000015
101387  -43.715  23.534  44.920 0.1000000015
101388  -44.699  23.470  44.960 0.1000000015
110216  -36.221  39.423  59.298 0.1000000015
140886  -36.530  39.371  58.541 0.1000000015
111093  -37.064  41.155  62.199 0.1000000015
111094  -37.923  41.686  61.884 0.1000000015
110670  -37.346  40.931  60.347 0.1000000015
110681  -37.517  40.533  58.584 0.1000000015
145079  -37.502  39.589  57.393 0.1000000015
144328  -38.016  41.189  59.085 0.1000000015
110690  -38.551  40.770  57.517 0.1000000015
110243  -38.466  39.316  56.290 0.1000000015
110252  -39.803  39.412  55.558 0.1000000015
108695  -41.831  37.073  55.541 0.1000000015
110682  -38.372  41.105  58.381 0.1000000015
110244  -39.292  39.902  55.954 0.1000000015
110708  -40.201  40.318  55.705 0.1000000015
134305  -41.119  38.981  55.067 0.1000000015
109765  -41.045  38.174  55.125 0.1000000015
136939  -42.292  37.661  54.737 0.1000000015
132055  -43.989  40.025  53.221 0.1000000015
136523  -43.117  41.497  53.492 0.1000000015
109770  -44.087  38.614  53.415 0.1000000015
111635  -42.621  42.452  53.643 0.1000000015
106589  -41.451  32.558  51.147 0.1000000015
107671  -41.441  33.543  50.585 0.1000000015
124415  -43.037  40.035  52.916 0.1000000015
110722  -42.461  40.746  53.318 0.1000000015
106052  -39.600  31.686  51.129 0.1000000015
107670  -40.351  33.652  50.522 0.1000000015
107657  -40.780  34.216  50.790 0.1000000015
108725  -40.647  36.235  52.351 0.1000000015
109244  -41.732  37.792  52.905 0.1000000015
110266  -42.039  39.236  53.134 0.1000000015
111634  -41.319  42.725  53.485 0.1000000015
112106  -41.114  43.598  53.562 0.1000000015
107655  -38.496  34.349  51.090 0.1000000015
135799  -41.816  24.361  44.531 0.1000000015
101385  -41.949  23.734  44.824 0.1000000015
101966  -43.358  24.113  44.524 0.1000000015
102568  -43.013  24.928  44.317 0.1000000015
101965  -42.525  24.234  44.537 0.1000000015
135181  -44.249  24.032  44.536 0.1000000015
101974  -45.702  24.578  44.178 0.1000000015
101975  -46.651  24.317  43.895 0.1000000015
111115  -38.374  41.500  59.999 0.1000000015
111125  -38.952  41.601  59.250 0.1000000015
110691  -39.562  41.332  57.345 0.1000000015
111143  -40.395  41.508  56.901 0.1000000015
110709  -41.342  40.706  55.613 0.1000000015
110710  -42.144  40.305  55.165 0.1000000015
110713  -42.990  40.132  54.672 0.1000000015
110714  -43.969  40.360  54.129 0.1000000015
111157  -44.100  41.456  53.860 0.1000000015
112108  -43.144  42.920  53.921 0.1000000015
142320  -42.411  41.078  55.511 0.1000000015
140099  -43.283  40.964  54.729 0.1000000015
125349  -43.448  42.623  54.571 0.1000000015
112567  -41.883  44.304  53.783 0.1000000015
112087  -40.788  44.349  53.793 0.1000000015
108200  -38.678  35.080  51.682 0.1000000015
108723  -38.464  36.308  52.668 0.1000000015
109255  -39.942  36.954  52.842 0.1000000015
110264  -39.695  39.371  53.497 0.1000000015
124265  -40.187  40.016  53.517 0.1000000015
111633  -40.118  42.491  53.387 0.1000000015
112105  -40.016  43.385  53.524 0.1000000015
112086  -39.636  44.072  53.946 0.1000000015
122341  -39.170  39.928  53.613 0.1000000015
125055  -39.273  42.055  53.314 0.1000000015
111632  -39.133  42.628  53.352 0.1000000015
102567  -42.193  25.005  44.318 0.1000000015
102574  -41.791  25.764  44.063 0.1000000015
102575  -42.638  25.713  44.028 0.1000000015
102576  -43.474  25.645  44.015 0.1000000015
132975  -43.907  26.346  43.691 0.1000000015
132383  -44.326  25.572  43.999 0.1000000015
102569  -43.862  24.828  44.281 0.1000000015
103203  -44.758  26.304  43.677 0.1000000015
102577  -45.214  25.468  43.938 0.1000000015
101973  -44.758  24.729  44.264 0.1000000015
103849  -45.177  27.041  43.377 0.1000000015
102578  -46.132  25.292  43.778 0.1000000015
105533  -49.238  29.951  43.091 0.3000000119
140678  -49.530  29.673  43.452 0.4000000060
103204  -45.639  26.199  43.569 0.1000000015
105563  -48.119  30.826  40.677 0.3000000119
105546  -49.722  30.213  42.180 0.3000000119
105036  -50.085  29.879  42.838 0.2000000030
132320  -46.558  26.031  43.395 0.1000000015
106124  -49.412  31.349  39.994 0.3000000119
105559  -50.618  30.490  41.478 0.3000000119
105565  -50.170  30.987  40.470 0.3000000119
105547  -51.532  30.006  42.158 0.3000000119
105037  -51.022  29.672  42.698 0.2000000030
105566  -51.375  30.833  40.904 0.3000000119
105560  -51.516  30.345  41.656 0.3000000119
130143  -51.903  29.614  42.330 0.3000000119
103886  -49.038  27.600  41.763 0.2000000030
105045  -52.139  29.918  41.734 0.3000000119
105039  -52.452  29.321  42.029 0.3000000119
103907  -52.281  27.927  41.037 0.3000000119
134069  -38.901  41.955  61.637 0.1000000015
111104  -39.388  41.920  60.955 0.1000000015
111126  -40.174  41.836  58.475 0.1000000015
111134  -40.786  41.931  57.768 0.1000000015
111144  -41.417  41.886  57.082 0.1000000015
144643  -42.050  41.603  56.270 0.1000000015
132979  -43.142  42.391  55.338 0.1000000015
112073  -42.803  44.054  54.461 0.1000000015
112557  -41.526  45.100  54.306 0.1000000015
112538  -39.958  45.707  54.936 0.1000000015
112555  -39.193  44.685  54.534 0.1000000015
128562  -38.692  38.291  53.468 0.1000000015
110263  -38.282  39.777  53.540 0.1000000015
111178  -38.404  42.023  52.922 0.1000000015
111631  -38.200  42.552  53.106 0.1000000015
112104  -38.914  43.226  53.543 0.1000000015
112554  -37.951  44.272  54.745 0.1000000015
106090  -39.639  31.859  44.687 0.2000000030
108241  -40.355  35.533  44.415 0.1000000015
103202  -43.083  26.399  43.681 0.1000000015
107169  -42.322  33.313  42.469 0.1000000015
140000  -43.114  31.863  42.110 0.2000000030
106112  -44.149  31.060  41.985 0.2000000030
105541  -44.603  30.564  42.387 0.2000000030
105542  -45.307  30.330  42.443 0.4000000060
107712  -43.058  34.087  42.718 0.1000000015
107170  -43.149  33.296  42.240 0.1000000015
106667  -43.415  32.588  41.899 0.1000000015
105554  -45.054  30.976  41.671 0.2000000030
107177  -43.987  33.370  41.939 0.1000000015
106670  -44.265  32.709  41.625 0.2000000030
106116  -45.589  31.968  41.210 0.3000000119
105555  -45.956  30.621  41.750 0.4000000060
105531  -47.492  29.762  43.607 0.4000000060
105532  -48.384  29.828  43.362 0.4000000060
107178  -44.995  33.495  41.880 0.1000000015
106671  -45.245  32.802  41.506 0.2000000030
106117  -46.204  31.338  41.164 0.3000000119
105543  -46.817  30.312  42.084 0.4000000060
105544  -47.706  30.065  42.566 0.3000000119
105030  -48.888  29.665  43.880 0.4000000060
103848  -44.316  27.052  43.400 0.1000000015
106120  -46.593  32.303  40.978 0.3000000119
105556  -46.767  30.796  41.295 0.3000000119
105557  -47.606  30.474  41.507 0.4000000060
107184  -47.360  33.382  41.221 0.2000000030
106121  -46.965  31.533  40.789 0.3000000119
105562  -47.361  30.958  40.806 0.3000000119
142506  -48.137  30.218  41.989 0.3000000119
106676  -47.539  32.516  40.631 0.3000000119
106123  -48.639  31.426  40.114 0.3000000119
106131  -49.329  32.078  39.689 0.3000000119
104489  -49.712  27.879  41.220 0.2000000030
105567  -52.104  30.511  41.013 0.3000000119
103906  -51.465  28.126  40.681 0.2000000030
105049  -52.695  29.521  40.957 0.3000000119
104491  -52.767  28.864  41.174 0.3000000119
105046  -52.622  29.412  41.497 0.3000000119
104535  -52.620  29.000  40.549 0.3000000119
112536  -37.437  44.745  55.373 0.1000000015
109777  -37.052  38.753  53.508 0.1000000015
110719  -37.796  40.459  53.121 0.1000000015
111647  -37.585  42.154  52.397 0.1000000015
112103  -37.897  43.095  53.512 0.1000000015
112084  -37.237  43.542  54.118 0.1000000015
112535  -36.502  44.688  55.229 0.1000000015
110260  -35.856  39.179  53.032 0.1000000015
111176  -37.097  41.759  51.874 0.1000000015
111630  -37.237  42.706  52.878 0.1000000015
112083  -36.213  43.852  54.114 0.1000000015
112552  -35.991  44.517  54.707 0.1000000015
108219  -33.791  35.406  47.828 0.1000000015
108229  -35.711  35.262  45.596 0.1000000015
107158  -35.888  34.107  44.930 0.1000000015
107690  -36.081  34.796  45.061 0.1000000015
107159  -36.493  33.822  44.540 0.1000000015
106651  -38.367  32.694  44.229 0.2000000030
106099  -39.957  32.058  43.825 0.2000000030
105520  -42.146  31.014  44.644 0.3000000119
142497  -43.105  30.529  44.340 0.3000000119
108791  -39.945  36.343  44.878 0.1000000015
108250  -40.885  34.574  43.345 0.1000000015
106665  -41.713  32.608  42.553 0.2000000030
106109  -41.914  31.831  42.701 0.2000000030
108242  -41.410  35.616  44.703 0.1000000015
138771  -40.920  35.083  44.062 0.1000000015
107703  -41.568  34.433  43.058 0.2000000030
106666  -42.570  32.369  42.320 0.1000000015
106110  -42.664  31.481  42.569 0.2000000030
105540  -43.885  30.519  42.868 0.2000000030
107704  -42.481  34.610  43.289 0.1000000015
135111  -43.803  33.848  42.420 0.1000000015
105525  -46.514  29.781  43.792 0.4000000060
105029  -48.106  29.600  44.255 0.4000000060
108252  -43.087  35.270  44.226 0.1000000015
107705  -43.721  34.825  43.584 0.1000000015
107713  -44.333  34.472  43.001 0.1000000015
107171  -44.758  34.047  42.432 0.1000000015
103864  -44.675  27.664  42.923 0.1000000015
107172  -46.044  34.283  42.671 0.1000000015
106672  -46.297  33.002  41.361 0.2000000030
103865  -45.545  27.627  42.830 0.1000000015
107181  -48.165  34.549  41.845 0.3000000119
106677  -48.569  32.662  40.147 0.3000000119
103885  -47.932  27.900  41.740 0.1000000015
107185  -48.362  33.834  41.048 0.3000000119
106678  -49.486  33.205  39.904 0.3000000119
106132  -50.267  31.930  39.682 0.3000000119
106125  -51.095  31.463  40.170 0.3000000119
104488  -48.708  28.187  41.128 0.2000000030
105561  -52.494  29.952  41.242 0.3000000119
104490  -50.377  28.117  40.764 0.2000000030
105052  -52.632  29.764  40.368 0.3000000119
113045  -38.063  45.554  55.941 0.1000000015
113046  -39.485  46.278  55.752 0.1000000015
113029  -37.260  45.966  56.424 0.1000000015
113028  -35.981  45.807  55.999 0.1000000015
130080  -35.555  45.658  55.196 0.1000000015
110272  -36.005  39.942  52.612 0.1000000015
110730  -36.343  41.347  51.670 0.1000000015
111629  -36.180  42.859  52.735 0.1000000015
112101  -35.750  43.581  53.264 0.1000000015
112566  -35.601  44.442  53.889 0.1000000015
113059  -35.576  45.146  54.617 0.1000000015
110275  -34.608  39.625  51.364 0.1000000015
110734  -35.165  40.874  50.663 0.1000000015
111185  -36.203  41.908  51.646 0.1000000015
112117  -35.274  43.692  52.570 0.1000000015
128488  -35.371  44.149  53.131 0.1000000015
113066  -35.344  45.325  53.881 0.1000000015
108220  -34.465  35.923  47.405 0.1000000015
143723  -34.681  37.048  48.515 0.1000000015
108221  -35.228  36.259  46.913 0.1000000015
108771  -35.904  36.950  47.199 0.1000000015
108226  -36.102  35.971  45.842 0.1000000015
108780  -36.810  36.180  45.657 0.1000000015
126341  -37.175  35.700  45.127 0.1000000015
107694  -37.141  34.379  44.330 0.1000000015
106658  -38.942  32.930  43.664 0.2000000030
106100  -40.737  31.781  43.570 0.2000000030
108781  -37.616  36.415  45.611 0.1000000015
108239  -37.563  35.161  44.610 0.1000000015
107695  -38.064  34.614  44.191 0.1000000015
106659  -39.647  32.742  43.458 0.2000000030
106660  -40.421  32.472  43.173 0.2000000030
106093  -41.952  31.203  43.853 0.3000000119
109314  -39.090  37.414  46.133 0.1000000015
108783  -39.508  36.840  45.538 0.1000000015
125161  -39.373  35.566  44.457 0.1000000015
107701  -39.437  34.479  43.586 0.1000000015
106664  -40.968  32.981  42.668 0.2000000030
106661  -41.159  32.162  42.864 0.2000000030
105527  -42.975  30.796  43.038 0.3000000119
138827  -46.574  29.662  44.746 0.4000000060
109315  -40.081  37.507  46.204 0.1000000015
108792  -40.941  36.286  45.157 0.1000000015
109316  -41.061  37.499  46.463 0.1000000015
108251  -41.802  35.060  43.929 0.1000000015
109317  -41.958  37.581  46.704 0.1000000015
108793  -42.022  36.249  45.633 0.1000000015
108785  -42.757  37.220  46.552 0.1000000015
108233  -44.529  36.571  46.222 0.1000000015
108244  -43.815  35.803  45.319 0.1000000015
108253  -44.510  35.390  44.682 0.1000000015
107706  -45.175  35.064  44.026 0.1000000015
108245  -45.179  36.047  45.627 0.1000000015
107714  -45.758  34.704  43.423 0.1000000015
107707  -46.512  35.564  44.216 0.1000000015
107715  -47.042  35.316  43.423 0.1000000015
107173  -47.193  34.687  42.711 0.1000000015
107180  -47.301  34.104  42.013 0.2000000030
103882  -44.974  28.071  42.271 0.1000000015
103883  -45.845  28.125  41.999 0.1000000015
137764  -47.652  35.376  42.882 0.1000000015
107718  -47.970  35.003  42.492 0.1000000015
104484  -45.020  28.363  41.591 0.1000000015
104486  -46.436  28.374  41.238 0.1000000015
130473  -47.221  28.322  41.326 0.1000000015
107182  -48.838  34.907  41.514 0.3000000119
135340  -49.244  34.355  40.624 0.3000000119
139242  -50.043  32.823  39.635 0.3000000119
107732  -49.583  34.817  40.368 0.3000000119
106680  -50.964  33.235  39.441 0.3000000119
104514  -48.335  28.515  40.223 0.2000000030
106134  -52.147  32.208  39.735 0.3000000119
104515  -49.393  28.353  40.386 0.1000000015
104516  -50.405  28.560  40.017 0.2000000030
104533  -51.493  28.773  39.724 0.2000000030
105051  -52.428  29.393  39.826 0.3000000119
122610  -51.919  29.184  39.205 0.3000000119
113552  -35.670  46.710  56.289 0.1000000015
127173  -35.188  46.885  54.914 0.1000000015
133347  -35.292  46.696  54.049 0.1000000015
109790  -33.811  38.703  50.541 0.1000000015
110278  -34.007  39.572  50.024 0.1000000015
111191  -35.136  41.546  50.585 0.1000000015
145098  -35.242  42.621  51.534 0.1000000015
112116  -34.955  43.928  51.852 0.1000000015
137981  -35.333  45.724  53.070 0.1000000015
109794  -34.230  38.306  49.297 0.1000000015
140122  -34.137  39.755  49.183 0.1000000015
111194  -34.454  41.207  49.303 0.1000000015
109282  -35.185  37.628  48.327 0.1000000015
110281  -34.705  39.036  48.202 0.1000000015
109291  -36.552  37.700  47.253 0.1000000015
109290  -35.785  37.573  47.738 0.1000000015
127223  -37.307  38.132  46.970 0.1000000015
109303  -38.719  37.906  46.676 0.1000000015
109801  -37.648  38.609  46.934 0.1000000015
109808  -39.542  38.551  47.045 0.1000000015
124432  -39.762  38.083  46.764 0.1000000015
109306  -42.675  38.224  46.937 0.1000000015
108786  -44.028  37.294  46.728 0.1000000015
108787  -45.005  37.360  46.649 0.1000000015
108254  -45.879  35.758  44.953 0.1000000015
108234  -45.530  36.870  46.192 0.1000000015
108247  -46.263  36.950  45.321 0.1000000015
108255  -46.561  36.423  44.648 0.1000000015
136292  -47.221  36.172  43.682 0.1000000015
108258  -47.396  35.842  43.195 0.2000000030
104485  -45.564  28.464  41.086 0.1000000015
108269  -47.941  35.303  42.466 0.2000000030
108268  -47.562  35.677  42.715 0.2000000030
107719  -48.444  35.142  41.998 0.2000000030
104513  -47.054  28.534  40.523 0.1000000015
136328  -47.676  28.521  40.371 0.1000000015
139017  -48.847  35.089  41.568 0.2000000030
107731  -49.249  35.020  41.069 0.3000000119
107186  -50.138  34.128  39.904 0.3000000119
104530  -47.580  28.627  39.778 0.1000000015
104531  -48.445  28.835  39.180 0.1000000015
136366  -48.865  28.619  39.808 0.1000000015
107748  -49.564  34.852  40.412 0.3000000119
106133  -51.489  32.256  39.741 0.3000000119
104532  -49.429  28.758  39.515 0.1000000015
106682  -52.169  33.025  39.293 0.3000000119
122726  -50.298  28.986  39.158 0.1000000015
105056  -52.639  30.108  39.696 0.3000000119
105055  -52.213  29.713  38.858 0.3000000119
113564  -35.399  46.358  55.443 0.1000000015
114039  -35.564  47.364  53.471 0.1000000015
111663  -34.953  42.208  50.564 0.1000000015
139786  -34.812  43.482  51.331 0.1000000015
112574  -35.177  44.433  52.453 0.1000000015
132878  -35.463  46.546  53.181 0.1000000015
111676  -34.561  42.325  48.469 0.1000000015
111662  -34.698  42.719  50.238 0.1000000015
112132  -34.690  43.442  50.636 0.1000000015
112580  -35.090  44.725  51.600 0.1000000015
113075  -35.266  45.297  52.283 0.1000000015
131327  -35.514  46.323  52.174 0.1000000015
109798  -35.548  38.448  47.868 0.1000000015
129844  -34.748  40.348  47.423 0.1000000015
109800  -36.637  38.398  47.310 0.1000000015
110286  -37.042  39.166  46.862 0.1000000015
140935  -38.517  38.871  46.937 0.1000000015
109802  -39.371  39.001  47.166 0.1000000015
110743  -39.714  40.429  47.215 0.1000000015
109809  -40.498  38.650  47.319 0.1000000015
110288  -40.135  39.808  47.462 0.1000000015
109805  -41.659  39.225  47.412 0.1000000015
109811  -42.064  38.893  47.245 0.1000000015
109307  -43.627  38.183  46.759 0.1000000015
109308  -44.656  38.034  46.669 0.1000000015
109318  -45.191  37.911  46.317 0.1000000015
109328  -45.719  37.644  45.870 0.1000000015
108800  -46.440  36.909  44.788 0.1000000015
139757  -46.970  36.375  44.005 0.1000000015
108257  -47.295  36.112  43.401 0.1000000015
108282  -47.928  35.441  41.927 0.2000000030
107729  -48.220  35.263  40.998 0.2000000030
107747  -48.857  35.056  40.282 0.2000000030
135166  -47.499  28.694  39.071 0.1000000015
107194  -50.894  34.236  39.336 0.3000000119
123786  -49.403  28.929  38.860 0.1000000015
131686  -51.446  34.241  39.006 0.3000000119
107218  -52.197  33.451  38.704 0.3000000119
104547  -51.093  29.076  38.692 0.1000000015
133427  -52.692  31.401  39.049 0.3000000119
105060  -51.751  29.714  37.839 0.2000000030
105576  -52.612  30.570  38.977 0.3000000119
114019  -35.232  47.718  55.253 0.1000000015
114025  -35.363  47.511  54.360 0.1000000015
113602  -35.709  46.586  51.181 0.1000000015
114054  -35.708  47.242  52.589 0.1000000015
112150  -34.677  43.247  48.880 0.1000000015
112597  -34.816  44.138  50.186 0.1000000015
112588  -35.110  44.851  50.677 0.1000000015
145101  -34.652  41.033  47.347 0.1000000015
112161  -34.894  43.095  48.012 0.1000000015
110285  -36.030  39.237  47.235 0.1000000015
110742  -35.129  40.866  46.839 0.1000000015
110293  -36.428  39.957  46.588 0.1000000015
111204  -35.685  41.550  46.517 0.1000000015
110748  -36.952  40.838  46.147 0.1000000015
110749  -38.021  40.559  46.367 0.1000000015
110750  -39.034  40.854  46.595 0.1000000015
110289  -41.045  39.939  47.632 0.1000000015
110297  -41.686  39.978  47.219 0.1000000015
110298  -42.151  39.360  46.987 0.1000000015
109816  -42.820  38.586  46.666 0.1000000015
109817  -44.133  38.313  46.362 0.1000000015
109327  -44.946  37.974  45.704 0.1000000015
108799  -45.607  37.478  44.844 0.1000000015
128120  -46.193  36.903  43.953 0.1000000015
108810  -46.532  36.489  43.160 0.1000000015
108267  -46.718  36.075  42.439 0.1000000015
107728  -47.079  35.372  40.918 0.2000000030
107766  -50.092  34.621  39.591 0.2000000030
107216  -50.756  34.478  38.915 0.2000000030
107236  -51.421  34.100  38.452 0.2000000030
106691  -52.314  32.881  38.318 0.3000000119
105582  -52.381  31.203  38.210 0.3000000119
105575  -52.216  30.262  38.271 0.3000000119
114446  -35.267  48.615  55.558 0.1000000015
114457  -35.503  48.392  54.645 0.1000000015
114473  -36.308  48.904  53.214 0.1000000015
113101  -35.457  45.569  50.271 0.1000000015
112140  -34.869  44.050  49.264 0.1000000015
113085  -35.393  45.647  51.254 0.1000000015
127776  -35.671  45.385  48.881 0.1000000015
111681  -35.361  42.368  46.902 0.1000000015
112162  -35.486  43.692  47.491 0.1000000015
113125  -35.855  45.070  48.072 0.1000000015
112169  -35.708  43.120  46.858 0.1000000015
111685  -37.068  42.552  46.149 0.1000000015
137684  -37.340  41.703  45.983 0.1000000015
134413  -37.842  43.022  46.007 0.1000000015
111686  -38.230  42.258  45.934 0.1000000015
110745  -41.362  40.446  47.344 0.1000000015
110751  -40.216  41.271  47.037 0.1000000015
111207  -39.299  41.686  46.398 0.1000000015
133176  -41.732  40.011  46.838 0.1000000015
107214  -48.796  34.159  38.472 0.2000000030
107234  -48.861  33.500  37.747 0.2000000030
107746  -47.756  34.787  39.876 0.2000000030
107215  -49.885  34.544  38.767 0.2000000030
107235  -50.217  34.163  38.072 0.2000000030
106708  -51.222  33.355  37.586 0.2000000030
107237  -51.917  33.516  38.207 0.3000000119
106148  -51.678  31.506  37.347 0.2000000030
106709  -51.854  32.670  37.627 0.3000000119
105581  -51.823  30.464  37.554 0.1000000015
114472  -35.748  48.214  53.763 0.1000000015
130047  -35.653  46.181  50.585 0.1000000015
114070  -35.827  47.215  51.726 0.1000000015
143422  -35.616  45.635  49.554 0.1000000015
113629  -35.809  46.196  49.880 0.1000000015
106705  -48.545  32.778  37.184 0.2000000030
106706  -49.509  33.285  37.394 0.2000000030
106724  -50.556  32.619  37.047 0.2000000030
106163  -51.099  32.198  37.054 0.2000000030
130223  -51.031  31.318  36.650 0.1000000015
105589  -51.334  30.540  36.786 0.1000000015
105064  -51.137  29.567  36.357 0.1000000015
137636  -47.699  32.445  37.140 0.1000000015
106722  -49.073  32.336  36.648 0.1000000015
106160  -48.826  31.525  36.014 0.1000000015
106162  -50.281  31.633  36.356 0.1000000015
105588  -50.707  30.622  36.155 0.1000000015
105072  -50.393  29.863  35.661 0.1000000015
126922  -47.295  31.478  36.109 0.1000000015
106177  -45.879  31.207  35.241 0.1000000015
105600  -49.987  30.696  35.591 0.1000000015
89081  -41.554  4.305  59.437 0.1000000015
100814  -42.715  22.303  46.921 0.2000000030
100245  -41.392  22.027  47.501 0.2000000030
139431  -39.131  20.784  50.279 0.2000000030
100221  -39.927  21.651  49.156 0.2000000030
100162  -35.730  21.919  55.634 0.1000000015
106091  -40.429  31.609  44.508 0.3000000119
101298  -34.349  23.220  55.558 0.1000000015
102485  -33.508  25.515  55.539 0.1000000015
95511  -41.948  13.068  57.909 0.2000000030
106089  -38.839  32.067  44.846 0.2000000030
132332  -31.372  29.169  55.788 0.1000000015
140475  -31.651  27.652  55.479 0.1000000015
106046  -37.068  30.750  52.099 0.1000000015
106650  -37.500  32.828  44.510 0.2000000030
106569  -33.323  32.372  54.454 0.1000000015
106583  -37.744  31.289  52.138 0.1000000015
136395  -37.391  32.168  52.457 0.1000000015
106051  -38.967  31.191  51.193 0.1000000015
106061  -39.218  31.421  50.954 0.1000000015
107640  -38.417  34.227  53.732 0.1000000015
131225  -37.010  34.483  54.462 0.1000000015
107122  -39.886  32.523  52.116 0.1000000015
107669  -39.254  33.708  50.581 0.1000000015
106594  -39.584  32.270  50.672 0.1000000015
108764  -34.134  36.927  49.074 0.1000000015
108224  -34.729  35.468  46.669 0.1000000015
107117  -41.468  33.816  52.668 0.1000000015
110274  -34.035  38.851  51.401 0.1000000015
109241  -37.715  37.936  53.452 0.1000000015
125815  -35.222  39.850  52.033 0.1000000015
109254  -38.950  36.903  53.037 0.1000000015
138053  -37.384  17.754  55.973 0.1000000015
97466  -34.989  16.933  51.040 0.1000000015
98577  -35.746  18.257  51.493 0.1000000015
94863  -42.655  12.306  58.769 0.2000000030
137568  -33.153  18.192  51.880 0.1000000015
98579  -37.192  18.602  51.415 0.1000000015
99645  -36.160  20.711  50.573 0.1000000015
96119  -37.153  13.946  57.255 0.1000000015
100199  -31.431  21.506  50.541 0.1000000015
100203  -35.005  21.251  49.792 0.1000000015
100205  -36.914  21.207  50.143 0.2000000030
99647  -38.494  20.650  50.465 0.2000000030
97422  -36.990  16.417  56.374 0.1000000015
100212  -31.743  21.775  49.728 0.2000000030
100201  -33.242  21.333  49.906 0.1000000015
97984  -35.688  17.125  56.508 0.1000000015
98534  -36.764  18.188  56.094 0.1000000015
100797  -38.552  22.303  47.826 0.2000000030
99047  -34.864  19.328  56.491 0.1000000015
132701  -34.507  18.755  56.691 0.1000000015
99592  -35.220  20.553  56.057 0.1000000015
100160  -34.088  21.744  55.919 0.1000000015
130961  -35.674  22.561  46.874 0.2000000030
100795  -36.861  22.241  47.604 0.2000000030
100794  -36.073  22.175  47.367 0.2000000030
100811  -38.018  22.488  47.080 0.2000000030
100810  -37.352  22.484  47.133 0.2000000030
134860  -38.827  22.403  46.992 0.2000000030
131812  -39.679  22.299  46.928 0.2000000030
101269  -32.576  23.566  59.947 0.1000000015
100699  -32.825  22.820  60.186 0.1000000015
101282  -31.235  23.217  59.256 0.1000000015
100707  -31.361  22.208  59.403 0.1000000015
101281  -30.766  23.310  58.589 0.1000000015
100715  -30.733  23.514  57.776 0.1000000015
100717  -31.674  21.996  57.365 0.1000000015
102470  -32.373  25.504  59.789 0.1000000015
139527  -30.924  24.535  58.853 0.1000000015
101880  -32.282  24.391  59.757 0.1000000015
103040  -32.851  26.267  60.063 0.1000000015
103041  -33.631  26.514  60.343 0.1000000015
103681  -34.793  27.730  60.646 0.1000000015
104318  -33.816  28.632  60.317 0.1000000015
103042  -34.542  26.319  60.497 0.1000000015
104308  -35.415  29.091  61.351 0.1000000015
104921  -34.925  29.972  61.220 0.1000000015
105443  -36.072  30.481  62.101 0.1000000015
105442  -35.536  30.613  61.572 0.1000000015
105438  -36.670  30.505  62.626 0.1000000015
106538  -37.354  32.630  61.828 0.1000000015
99591  -34.421  20.102  56.478 0.1000000015
99590  -33.486  20.655  56.637 0.1000000015
127276  -32.628  22.786  56.217 0.1000000015
101291  -31.266  23.383  57.023 0.1000000015
102475  -30.489  25.902  57.829 0.1000000015
103058  -30.995  26.919  58.496 0.1000000015
106002  -34.715  31.311  60.243 0.1000000015
105997  -35.685  31.433  61.307 0.1000000015
100721  -33.363  22.101  56.114 0.1000000015
101297  -33.700  23.836  55.539 0.1000000015
101370  -39.910  23.327  45.633 0.1000000015
107071  -38.049  33.228  61.313 0.1000000015
103700  -30.631  27.250  57.036 0.1000000015
104331  -30.992  28.159  57.764 0.1000000015
104339  -30.996  28.260  56.162 0.1000000015
106026  -32.927  32.124  56.028 0.1000000015
106029  -32.261  31.457  55.631 0.1000000015
107107  -36.201  33.843  55.463 0.1000000015
121354  -39.401  34.543  55.366 0.1000000015
107617  -37.562  34.088  55.874 0.1000000015
119570  -40.768  34.251  57.854 0.1000000015
120130  -41.161  34.392  56.415 0.1000000015
107612  -42.830  34.590  56.894 0.1000000015
107611  -41.843  34.535  57.594 0.1000000015
107631  -41.067  34.645  54.468 0.1000000015
107619  -40.462  34.540  55.368 0.1000000015
107621  -42.990  34.619  55.962 0.1000000015
107614  -44.353  35.008  56.298 0.1000000015
108150  -44.146  35.320  56.586 0.1000000015
107608  -43.223  35.295  58.067 0.1000000015
108669  -41.637  36.488  58.003 0.1000000015
130497  -41.609  36.591  57.048 0.1000000015
108683  -42.492  36.528  56.602 0.1000000015
107647  -43.003  33.992  52.442 0.1000000015
107634  -44.757  35.071  53.997 0.1000000015
109737  -36.273  38.191  58.179 0.1000000015
109748  -36.793  38.232  57.533 0.1000000015
108698  -44.925  35.854  54.982 0.1000000015
108167  -45.201  35.539  53.431 0.1000000015
108696  -42.958  36.718  55.487 0.1000000015
108697  -44.130  36.266  55.303 0.1000000015
109235  -43.842  37.786  54.012 0.1000000015
108704  -44.669  36.775  54.085 0.1000000015
106590  -42.262  32.937  51.056 0.1000000015
107125  -43.633  33.901  51.489 0.1000000015
108189  -44.394  34.998  51.776 0.1000000015
108713  -45.374  36.430  52.885 0.1000000015
108728  -44.771  36.055  52.200 0.1000000015
109245  -43.209  37.828  52.782 0.1000000015
109247  -45.155  37.410  52.951 0.1000000015
110267  -43.984  39.355  53.068 0.1000000015
107137  -39.986  32.988  50.441 0.1000000015
139340  -40.912  32.288  51.049 0.1000000015
107658  -41.876  34.070  50.701 0.1000000015
108186  -41.478  35.536  51.686 0.1000000015
108726  -41.913  36.319  52.142 0.1000000015
109781  -42.520  38.535  52.970 0.1000000015
110653  -36.379  40.668  63.578 0.1000000015
109766  -42.063  38.648  54.632 0.1000000015
109769  -43.360  38.617  54.184 0.1000000015
110721  -40.848  40.894  53.512 0.1000000015
107656  -39.588  34.427  51.061 0.1000000015
108185  -40.361  35.481  51.833 0.1000000015
108201  -39.484  35.275  51.773 0.1000000015
109256  -41.108  37.040  52.670 0.1000000015
108724  -39.482  36.107  52.458 0.1000000015
109780  -41.122  38.496  53.189 0.1000000015
110265  -40.663  39.263  53.366 0.1000000015
109779  -39.789  38.557  53.355 0.1000000015
130094  -38.905  39.134  53.592 0.1000000015
127074  -49.625  30.498  41.142 0.3000000119
106122  -47.788  31.598  40.431 0.3000000119
122085  -50.807  30.153  42.222 0.3000000119
104517  -52.229  28.471  40.467 0.3000000119
111135  -41.683  42.310  57.921 0.1000000015
109778  -37.982  38.914  53.620 0.1000000015
111177  -37.717  41.757  52.402 0.1000000015
106652  -39.201  32.364  44.057 0.2000000030
120062  -46.156  30.119  42.701 0.4000000060
106126  -51.959  31.423  40.324 0.3000000119
106127  -52.410  31.140  40.227 0.3000000119
104534  -52.256  28.890  39.956 0.3000000119
134197  -52.596  30.436  40.196 0.3000000119
110718  -36.948  40.263  52.860 0.1000000015
107161  -37.868  33.299  44.130 0.1000000015
107167  -40.228  33.366  42.991 0.2000000030
108243  -42.508  35.685  44.967 0.1000000015
105572  -52.644  30.957  39.667 0.3000000119
121349  -35.885  40.638  51.801 0.1000000015
111645  -35.724  42.506  51.955 0.1000000015
110733  -34.539  40.182  50.497 0.1000000015
108765  -35.074  36.804  47.786 0.1000000015
110280  -34.253  39.077  48.851 0.1000000015
109302  -37.512  37.655  46.706 0.1000000015
107166  -39.323  33.666  43.363 0.2000000030
108790  -38.971  36.159  44.954 0.1000000015
108782  -38.543  36.650  45.587 0.1000000015
107696  -38.899  34.872  44.039 0.1000000015
109305  -41.692  38.200  47.043 0.1000000015
106135  -52.471  32.013  39.423 0.3000000119
106681  -51.768  33.131  39.408 0.3000000119
135561  -33.939  38.982  49.665 0.1000000015
110737  -34.301  40.386  49.602 0.1000000015
110741  -34.377  40.795  47.973 0.1000000015
111197  -34.384  41.402  48.556 0.1000000015
136183  -34.470  41.904  49.119 0.1000000015
110294  -37.498  39.931  46.519 0.1000000015
108281  -46.887  35.702  41.697 0.1000000015
107749  -50.062  34.562  39.879 0.3000000119
112139  -34.653  43.384  49.769 0.1000000015
107764  -48.310  34.594  39.245 0.2000000030
112151  -35.090  43.860  48.389 0.1000000015
130995  -47.143  34.907  40.239 0.2000000030
113114  -36.013  46.062  49.126 0.1000000015
112624  -36.114  44.514  47.298 0.1000000015
111687  -39.467  42.465  46.273 0.1000000015
106161  -49.514  31.809  36.298 0.1000000015
127287  -47.077  31.890  36.783 0.1000000015
95594  -38.653  13.901  43.349 0.1000000015
93586  -41.156  9.826  59.264 0.1000000015
94201  -38.032  11.421  59.288 0.1000000015
93580  -40.058  10.074  59.937 0.1000000015
134162  -41.670  10.001  58.682 0.1000000015
126440  -40.347  11.233  59.587 0.1000000015
93588  -42.804  10.268  59.225 0.1000000015
94220  -44.073  10.620  57.780 0.1000000015
94864  -43.707  12.099  58.747 0.1000000015
132191  -35.980  12.100  58.574 0.1000000015
95501  -35.818  12.977  58.144 0.1000000015
94854  -39.961  12.090  58.888 0.1000000015
94212  -44.158  10.275  58.959 0.1000000015
94857  -43.479  11.333  59.309 0.1000000015
94856  -42.232  11.402  59.391 0.1000000015
94204  -41.278  10.882  59.687 0.1000000015
94853  -39.054  12.173  58.758 0.1000000015
94202  -38.887  11.428  59.369 0.1000000015
94192  -40.561  10.430  59.816 0.1000000015
94193  -41.261  10.361  59.651 0.1000000015
94203  -39.574  11.550  59.342 0.1000000015
88322  -48.251  3.343  55.879 0.1000000015
88328  -48.953  3.363  55.330 0.1000000015
87541  -47.037  2.977  54.106 0.1000000015
88323  -49.489  3.418  56.612 0.1000000015
135563  -50.579  3.598  57.162 0.1000000015
131870  -47.899  3.248  54.713 0.1000000015
120177  -51.470  3.664  56.883 0.1000000015
87548  -47.212  2.801  53.271 0.1000000015
88335  -48.607  3.166  54.254 0.1000000015
120399  -50.153  3.344  56.057 0.1000000015
89122  -52.085  4.522  57.334 0.1000000015
86750  -46.386  1.706  51.205 0.1000000015
87549  -48.239  2.950  53.241 0.1000000015
120628  -49.650  3.313  54.844 0.1000000015
88330  -52.046  3.609  55.942 0.1000000015
87555  -47.464  2.604  52.483 0.1000000015
88336  -49.330  3.134  53.841 0.1000000015
88324  -52.294  3.941  56.871 0.1000000015
87564  -47.625  2.406  51.675 0.1000000015
87550  -49.178  3.007  52.923 0.1000000015
130018  -50.268  3.262  54.434 0.1000000015
87556  -48.315  2.722  52.289 0.1000000015
88341  -50.204  3.191  53.618 0.1000000015
120683  -52.609  3.581  55.187 0.1000000015
86751  -47.082  2.130  51.175 0.1000000015
87565  -48.374  2.581  51.444 0.1000000015
126297  -49.109  2.883  52.030 0.1000000015
119842  -52.185  3.479  54.085 0.1000000015
87576  -47.700  2.263  50.782 0.1000000015
139981  -49.056  2.753  51.277 0.1000000015
88338  -53.040  3.627  54.563 0.1000000015
89938  -53.059  5.061  54.638 0.1000000015
89947  -52.501  5.420  54.205 0.1000000015
87577  -48.530  2.526  50.637 0.1000000015
89948  -53.078  5.275  53.771 0.1000000015
89958  -52.448  5.590  53.190 0.1000000015
87578  -49.508  2.837  50.631 0.1000000015
87579  -50.440  3.155  50.264 0.1000000015
88361  -51.390  3.409  51.004 0.1000000015
126205  -52.114  3.551  51.639 0.1000000015
88362  -52.293  3.645  50.801 0.1000000015
89149  -54.101  5.435  51.348 0.1000000015
89998  -53.461  6.188  51.175 0.1000000015
124896  -50.866  5.582  49.327 0.1000000015
90011  -49.891  5.518  49.067 0.1000000015
89999  -54.168  6.045  50.947 0.1000000015
90012  -52.090  5.867  49.710 0.1000000015
87557  -50.047  3.138  52.648 0.1000000015
88342  -51.106  3.318  53.382 0.1000000015
119518  -51.876  3.455  52.999 0.1000000015
87566  -49.862  3.009  51.704 0.1000000015
87558  -50.863  3.236  52.346 0.1000000015
88343  -52.785  3.606  53.571 0.1000000015
88339  -53.358  3.962  53.961 0.1000000015
88352  -52.530  3.633  52.487 0.1000000015
88344  -53.227  3.992  53.020 0.1000000015
89959  -53.102  5.564  52.799 0.1000000015
89978  -51.187  5.605  51.888 0.1000000015
88345  -53.544  4.469  52.466 0.1000000015
89960  -53.455  5.449  52.327 0.1000000015
128963  -51.157  5.626  50.331 0.1000000015
127649  -49.420  5.442  49.668 0.1000000015
123237  -52.674  3.764  51.712 0.1000000015
88353  -53.173  4.049  52.145 0.1000000015
127648  -50.255  5.492  49.745 0.1000000015
89119  -51.675  4.643  57.968 0.1000000015
88337  -51.365  3.389  54.605 0.1000000015
123504  -51.631  5.617  52.638 0.1000000015
89996  -49.946  5.460  50.422 0.1000000015
90027  -50.411  5.565  48.448 0.1000000015
89132  -53.550  4.855  53.183 0.1000000015
128650  -51.798  5.772  51.308 0.1000000015
87567  -50.595  3.202  51.340 0.1000000015
88351  -51.589  3.368  51.997 0.1000000015
89140  -53.784  5.146  52.167 0.1000000015
135083  -52.763  6.078  51.552 0.1000000015
89997  -52.430  6.007  50.771 0.1000000015
123374  -53.065  6.271  50.388 0.1000000015
90028  -51.400  5.709  48.679 0.1000000015
101364  -37.966  23.135  46.194 0.1000000015
128214  -31.319  22.423  49.291 0.1000000015
100791  -32.679  22.671  48.461 0.1000000015
100807  -33.990  22.916  47.471 0.1000000015
129120  -36.340  22.612  46.727 0.1000000015
122789  -37.517  22.806  46.559 0.1000000015
107727  -45.832  35.264  40.657 0.1000000015
107213  -47.678  33.813  38.528 0.1000000015
107763  -47.365  34.244  39.075 0.1000000015
107745  -46.091  34.697  40.036 0.1000000015
107193  -46.536  34.214  39.374 0.1000000015
107232  -47.056  33.141  38.140 0.1000000015
107233  -47.919  33.208  37.772 0.1000000015
107744  -44.932  34.544  39.914 0.1000000015
107762  -44.219  34.003  39.193 0.1000000015
107192  -45.295  33.947  39.319 0.1000000015
107212  -46.728  33.573  38.651 0.1000000015
106690  -46.166  32.889  38.106 0.1000000015
107209  -43.784  33.847  38.457 0.1000000015
107210  -44.575  33.455  38.453 0.1000000015
107229  -43.857  33.660  37.761 0.1000000015
88297  -47.265  4.135  60.915 0.2000000030
88318  -51.301  4.104  57.980 0.1000000015
88319  -51.957  4.103  57.614 0.1000000015
88332  -53.387  3.992  54.747 0.1000000015
89110  -49.856  4.836  59.375 0.1000000015
89123  -52.513  4.398  56.441 0.1000000015
89125  -53.012  4.256  55.807 0.2000000030
89126  -53.164  4.453  55.122 0.2000000030
89129  -53.376  4.642  54.302 0.1000000015
89885  -49.099  5.183  59.272 0.1000000015
89921  -45.027  5.618  55.649 0.3000000119
89945  -49.624  5.472  54.041 0.2000000030
89952  -42.213  5.780  52.618 0.4000000060
89979  -52.418  5.847  52.234 0.1000000015
89980  -53.258  5.960  51.992 0.1000000015
89981  -53.728  5.735  51.642 0.1000000015
90009  -45.766  5.077  49.030 0.3000000119
90720  -41.884  6.313  55.034 0.2000000030
91476  -37.164  7.700  55.470 0.1000000015
91477  -37.842  7.244  55.155 0.1000000015
91577  -45.944  6.894  41.996 0.1000000015
92911  -40.689  10.014  59.712 0.1000000015
92928  -38.655  9.686  54.796 0.1000000015
92968  -40.833  9.205  48.776 0.6000000238
93579  -39.337  9.989  59.882 0.1000000015
93581  -41.715  10.169  59.411 0.1000000015
93587  -42.243  9.976  59.187 0.1000000015
93589  -43.792  10.403  59.214 0.2000000030
93610  -40.041  11.068  54.292 0.2000000030
93614  -40.510  11.123  53.639 0.1000000015
94191  -39.663  10.662  59.795 0.1000000015
94205  -42.118  10.575  59.536 0.1000000015
94206  -43.168  10.716  59.485 0.1000000015
94207  -44.477  10.612  59.165 0.2000000030
94218  -41.886  11.083  56.566 0.2000000030
94230  -45.324  11.265  56.836 0.4000000060
94232  -46.799  11.506  56.777 0.8000000119
94238  -46.796  11.754  55.007 0.8000000119
94290  -44.767  11.446  48.288 0.8999999762
94867  -46.254  11.773  57.792 0.4000000060
94870  -46.871  11.902  57.603 0.8000000119
94871  -48.000  12.220  56.602 0.8999999762
94875  -48.644  12.606  55.791 1.0000000000
94880  -49.716  13.066  54.593 1.0000000000
94892  -47.486  12.327  52.476 0.8000000119
94894  -49.538  12.666  52.318 1.0000000000
94913  -49.778  12.632  50.351 1.0000000000
94923  -51.007  12.841  49.087 0.8999999762
94944  -51.649  13.132  47.001 0.8000000119
94952  -50.163  12.871  45.448 0.8000000119
94953  -50.927  13.201  45.714 0.8000000119
94975  -49.673  13.692  43.698 0.8000000119
94976  -50.225  13.827  44.110 0.8000000119
95508  -38.537  13.505  57.405 0.1000000015
95509  -39.247  13.769  57.112 0.2000000030
95519  -43.926  13.297  57.124 0.3000000119
95526  -46.140  13.494  56.336 0.6000000238
95534  -50.671  13.998  54.361 1.0000000000
95568  -51.829  13.528  47.595 0.8999999762
95569  -51.848  14.007  48.194 0.8000000119
95579  -51.322  13.526  46.187 0.8000000119
95601  -47.564  14.468  41.806 0.8000000119
95625  -43.683  14.268  39.261 0.5000000000
96120  -37.960  14.027  57.061 0.1000000015
96123  -36.827  14.911  56.768 0.1000000015
96129  -42.446  14.156  56.475 0.3000000119
96133  -41.044  14.996  56.026 0.3000000119
96142  -50.321  14.429  55.310 1.0000000000
96146  -50.932  14.606  54.592 1.0000000000
96161  -51.604  14.090  52.009 1.0000000000
96162  -51.969  14.783  51.196 0.8999999762
96170  -49.217  14.948  49.969 0.8000000119
96182  -47.783  14.610  49.129 0.8000000119
96199  -51.618  14.220  47.946 0.8000000119
96232  -50.798  14.087  45.809 0.8000000119
96248  -50.447  14.057  44.898 0.8000000119
96261  -49.557  14.303  43.738 0.8000000119
96281  -45.854  15.374  41.658 0.8000000119
96283  -47.382  14.879  41.823 0.8000000119
96289  -46.111  14.936  40.730 0.8000000119
96793  -37.686  15.218  56.576 0.2000000030
96798  -40.223  15.963  55.770 0.3000000119
96799  -40.794  15.593  55.788 0.3000000119
96802  -43.244  15.504  55.626 0.5000000000
96803  -44.253  15.548  55.584 0.5000000000
96811  -51.080  15.144  54.807 1.0000000000
96812  -51.318  15.186  54.093 1.0000000000
96858  -50.815  15.541  50.442 0.8000000119
96860  -51.903  15.134  50.572 0.8000000119
96913  -45.433  15.490  41.052 0.8000000119
97420  -35.138  16.663  56.674 0.1000000015
97423  -38.799  16.052  56.068 0.2000000030
97429  -41.010  16.177  55.602 0.3000000119
97437  -50.965  16.793  55.616 1.0000000000
97440  -51.381  16.245  54.373 1.0000000000
97457  -50.386  16.608  52.649 0.8999999762
97986  -37.634  17.025  56.067 0.1000000015
97989  -50.450  17.864  56.341 1.0000000000
97991  -51.161  18.181  56.090 1.0000000000
97999  -43.708  17.465  55.492 0.5000000000
98000  -44.569  17.389  55.492 0.6000000238
98002  -46.884  17.060  55.656 0.8000000119
98007  -51.118  17.996  54.897 0.8999999762
98011  -50.528  17.478  53.776 0.8999999762
98533  -36.162  18.731  56.217 0.1000000015
98536  -49.024  18.743  56.456 0.8999999762
98540  -36.855  18.869  55.908 0.1000000015
98549  -44.819  18.806  55.512 0.5000000000
98557  -51.179  18.173  55.567 1.0000000000
99063  -41.639  19.466  55.488 0.3000000119
99064  -42.506  19.543  55.498 0.4000000060
99065  -43.440  19.577  55.509 0.4000000060
99595  -49.029  20.735  56.692 1.0000000000
99602  -36.065  20.965  55.707 0.1000000015
100142  -31.565  21.282  57.810 0.1000000015
100143  -32.223  21.373  57.169 0.1000000015
100147  -33.683  21.397  56.286 0.1000000015
100148  -34.432  21.076  56.140 0.1000000015
100149  -35.255  21.267  55.821 0.1000000015
100167  -40.400  21.458  55.387 0.2000000030
100168  -41.344  21.403  55.351 0.3000000119
100169  -42.200  21.397  55.317 0.4000000060
100194  -46.159  22.029  51.640 0.6000000238
100706  -30.896  22.656  58.932 0.1000000015
100711  -30.896  22.684  58.341 0.1000000015
100716  -31.186  22.699  57.594 0.1000000015
100719  -31.792  22.691  56.841 0.1000000015
100722  -49.011  22.085  56.621 1.0000000000
100730  -33.488  22.965  55.693 0.1000000015
100734  -36.490  22.949  55.490 0.2000000030
100738  -40.343  22.437  55.169 0.2000000030
100750  -43.317  22.771  54.845 0.5000000000
100822  -50.852  22.315  46.695 0.5000000000
101283  -31.869  23.635  59.644 0.1000000015
101292  -31.971  23.406  56.378 0.1000000015
101296  -32.782  23.595  55.831 0.1000000015
101303  -38.249  23.243  55.307 0.2000000030
101305  -40.628  23.354  54.850 0.3000000119
101313  -41.343  23.558  54.730 0.4000000060
101314  -42.073  23.685  54.654 0.5000000000
101317  -45.336  23.216  54.826 0.5000000000
101885  -30.908  24.146  57.043 0.1000000015
101894  -32.957  24.574  55.646 0.1000000015
102460  -33.880  25.020  60.414 0.1000000015
102473  -31.010  25.269  58.884 0.1000000015
102480  -30.597  25.894  57.037 0.1000000015
102481  -31.034  25.585  56.426 0.1000000015
102483  -31.745  25.503  55.893 0.1000000015
102484  -32.593  25.459  55.641 0.1000000015
102489  -37.968  26.684  55.473 0.2000000030
102490  -38.648  26.816  55.447 0.2000000030
102493  -41.589  26.506  55.396 0.4000000060
102509  -49.859  25.541  55.095 0.8999999762
102518  -39.714  25.867  52.717 0.4000000060
102519  -40.460  25.835  52.819 0.4000000060
103043  -35.118  26.960  60.589 0.1000000015
103057  -30.613  26.567  58.039 0.1000000015
103060  -30.571  26.611  57.393 0.1000000015
103065  -30.686  26.732  56.753 0.1000000015
103066  -30.853  26.265  56.476 0.1000000015
103069  -31.333  26.240  56.007 0.1000000015
103081  -42.433  27.481  55.197 0.4000000060
103085  -38.673  27.382  55.117 0.3000000119
103086  -39.412  27.343  55.156 0.4000000060
103087  -40.251  27.416  55.099 0.4000000060
103109  -48.774  27.545  54.514 0.8000000119
103112  -37.405  26.799  53.379 0.3000000119
103113  -38.094  26.205  52.928 0.4000000060
103114  -41.885  26.640  53.800 0.4000000060
103119  -49.534  26.101  53.271 0.6999999881
103123  -38.272  26.311  51.793 0.4000000060
103124  -39.040  26.109  51.412 0.3000000119
103125  -39.812  26.020  51.263 0.4000000060
103126  -40.645  25.955  51.258 0.4000000060
103127  -41.562  25.951  51.265 0.4000000060
103141  -44.473  26.498  50.998 0.5000000000
103680  -33.597  27.331  60.333 0.1000000015
103689  -32.386  27.584  59.597 0.1000000015
103698  -31.221  27.771  58.398 0.1000000015
103704  -30.810  27.470  56.483 0.1000000015
103708  -31.105  27.607  55.875 0.1000000015
103710  -33.015  27.591  55.014 0.1000000015
103712  -35.468  27.566  55.234 0.2000000030
103713  -36.335  27.840  55.245 0.2000000030
103716  -41.463  27.357  55.301 0.4000000060
103717  -41.911  27.533  55.187 0.4000000060
103718  -33.082  28.397  54.489 0.2000000030
103723  -37.103  27.936  54.935 0.2000000030
103724  -41.563  27.594  55.103 0.4000000060
103725  -42.234  27.644  55.048 0.4000000060
103726  -42.974  27.661  54.976 0.4000000060
103727  -44.509  28.130  55.055 0.4000000060
103730  -47.582  28.450  54.938 0.6999999881
103737  -36.168  27.926  53.683 0.2000000030
103743  -46.094  28.664  54.583 0.6000000238
103745  -47.676  28.608  54.144 0.6999999881
103766  -38.318  26.930  50.123 0.3000000119
103771  -37.755  27.445  49.960 0.4000000060
103772  -38.898  26.846  49.646 0.4000000060
103775  -41.511  27.080  49.119 0.5000000000
103787  -37.847  27.758  49.166 0.4000000060
103789  -39.950  27.371  48.700 0.4000000060
103871  -52.607  27.974  41.954 0.4000000060
103908  -52.581  28.450  40.929 0.3000000119
104323  -32.630  28.486  59.456 0.1000000015
104332  -31.459  28.715  58.256 0.1000000015
104336  -31.149  28.831  57.381 0.1000000015
104340  -31.136  28.917  56.568 0.1000000015
104345  -31.433  28.306  55.517 0.1000000015
104346  -32.176  28.125  55.015 0.2000000030
104351  -34.527  28.374  54.303 0.2000000030
104355  -34.543  29.001  53.577 0.2000000030
104397  -42.528  28.688  47.521 0.5000000000
104461  -52.517  28.665  42.226 0.3000000119
104487  -47.820  28.405  40.944 0.1000000015
104512  -46.075  28.499  40.365 0.1000000015
104911  -36.403  29.780  62.273 0.1000000015
104922  -35.709  29.826  61.754 0.1000000015
104925  -33.787  29.370  60.223 0.1000000015
104927  -34.736  29.108  60.890 0.1000000015
104930  -33.390  29.687  59.674 0.1000000015
104950  -31.543  30.143  55.878 0.1000000015
104955  -31.790  29.862  55.190 0.2000000030
104956  -32.249  29.520  54.562 0.2000000030
104961  -33.248  29.823  53.734 0.2000000030
104989  -37.302  29.472  47.919 0.3000000119
104991  -39.279  29.251  47.392 0.4000000060
104992  -40.191  29.248  47.153 0.4000000060
104994  -42.168  29.239  47.064 0.4000000060
104995  -43.096  29.201  47.111 0.4000000060
104996  -44.093  29.403  47.041 0.6000000238
105038  -52.225  29.161  42.450 0.4000000060
105447  -34.463  30.510  60.542 0.1000000015
105454  -31.948  30.054  58.134 0.1000000015
105463  -31.681  30.198  57.378 0.1000000015
105476  -32.858  30.551  53.840 0.2000000030
105481  -35.273  30.496  52.450 0.2000000030
105503  -36.305  30.405  47.972 0.3000000119
105504  -37.535  30.874  47.016 0.3000000119
105516  -41.655  31.093  45.174 0.3000000119
105521  -42.638  30.800  43.932 0.3000000119
105528  -43.466  30.450  43.872 0.3000000119
105545  -48.654  30.128  42.480 0.3000000119
105558  -48.676  30.394  41.454 0.3000000119
105564  -49.049  30.776  40.534 0.3000000119
105568  -52.510  30.218  40.719 0.3000000119
106004  -36.224  32.231  60.892 0.1000000015
106025  -32.300  31.466  56.419 0.1000000015
106030  -32.846  31.930  55.070 0.1000000015
106034  -32.858  31.729  54.246 0.1000000015
106040  -33.187  31.370  53.638 0.2000000030
106041  -33.941  31.322  53.066 0.2000000030
106044  -34.763  31.303  52.565 0.2000000030
106048  -38.570  31.080  51.632 0.1000000015
106050  -38.571  30.700  51.277 0.2000000030
106062  -39.927  31.856  50.996 0.1000000015
106072  -35.343  31.586  48.057 0.3000000119
106076  -35.491  31.828  47.115 0.2000000030
106084  -38.510  31.667  45.614 0.3000000119
106085  -39.317  31.576  45.458 0.3000000119
106086  -40.111  31.458  45.365 0.2000000030
106087  -40.925  31.281  45.254 0.3000000119
106101  -41.503  31.560  43.303 0.2000000030
106102  -42.236  31.249  43.148 0.2000000030
106111  -43.383  31.197  42.325 0.2000000030
106114  -43.738  31.848  41.743 0.2000000030
106115  -44.601  31.882  41.473 0.2000000030
106140  -52.541  32.145  38.665 0.3000000119
106149  -52.259  32.126  37.946 0.3000000119
106158  -46.287  31.533  36.165 0.1000000015
106530  -36.833  31.936  62.154 0.1000000015
106541  -37.193  32.808  60.850 0.1000000015
106561  -34.407  32.698  56.491 0.1000000015
106566  -34.145  32.998  55.581 0.1000000015
106570  -33.913  33.030  54.675 0.1000000015
106574  -33.882  32.648  53.753 0.2000000030
106585  -40.607  32.280  51.336 0.1000000015
106588  -40.260  32.047  51.074 0.1000000015
106595  -40.548  32.315  50.882 0.1000000015
106596  -41.485  32.525  50.929 0.1000000015
106614  -34.476  32.851  48.284 0.2000000030
106631  -34.596  33.124  46.926 0.2000000030
106641  -36.315  32.593  45.471 0.2000000030
106642  -37.995  32.211  45.015 0.2000000030
106683  -52.405  32.945  38.966 0.3000000119
106707  -50.382  33.414  37.449 0.2000000030
106723  -49.882  32.529  36.822 0.2000000030
107105  -34.672  33.436  54.934 0.1000000015
107109  -34.551  33.388  54.064 0.2000000030
107112  -36.163  33.615  53.410 0.1000000015
107114  -38.052  33.577  53.212 0.2000000030
107129  -42.868  33.477  51.060 0.1000000015
107132  -34.089  34.143  50.192 0.2000000030
107133  -35.575  33.329  50.289 0.2000000030
107135  -37.771  33.174  50.287 0.2000000030
107136  -38.898  33.099  50.404 0.1000000015
107138  -41.035  32.931  50.588 0.1000000015
107139  -42.061  32.983  50.766 0.1000000015
107142  -34.191  33.587  49.444 0.2000000030
107143  -35.018  33.014  49.744 0.2000000030
107145  -34.069  33.516  48.098 0.2000000030
107146  -33.774  34.125  47.954 0.2000000030
107150  -34.501  33.778  46.533 0.2000000030
107155  -35.381  33.710  45.501 0.2000000030
107156  -36.014  33.369  45.090 0.1000000015
107160  -37.213  33.553  44.269 0.1000000015
107164  -37.843  33.947  43.940 0.1000000015
107165  -38.458  33.454  43.764 0.2000000030
107168  -41.569  33.360  42.579 0.2000000030
107179  -46.151  33.740  41.911 0.1000000015
107195  -51.741  33.812  39.160 0.3000000119
107196  -52.155  33.546  39.031 0.3000000119
107211  -45.696  33.407  38.665 0.1000000015
107217  -51.891  33.924  38.846 0.3000000119
107610  -38.244  34.076  56.334 0.1000000015
107616  -36.831  34.225  55.283 0.1000000015
107618  -38.344  34.438  55.447 0.1000000015
107622  -43.948  34.733  55.706 0.1000000015
107628  -37.893  34.516  54.448 0.1000000015
107633  -43.944  34.769  54.472 0.1000000015
107638  -36.531  34.241  53.820 0.2000000030
107641  -39.440  34.296  53.650 0.1000000015
107644  -43.874  34.620  53.089 0.1000000015
107645  -44.617  34.870  52.772 0.1000000015
107648  -43.884  34.163  52.162 0.1000000015
107649  -44.310  34.523  51.934 0.1000000015
107659  -43.404  33.936  51.191 0.1000000015
107660  -43.859  34.319  51.558 0.1000000015
107666  -36.030  33.750  50.780 0.2000000030
107679  -33.458  34.768  49.041 0.2000000030
107683  -33.879  34.639  47.495 0.2000000030
107686  -35.011  34.952  46.012 0.1000000015
107689  -35.453  34.492  45.471 0.1000000015
107693  -36.437  34.428  44.662 0.1000000015
107700  -38.621  34.197  43.698 0.1000000015
107702  -40.148  34.164  43.167 0.1000000015
107708  -47.122  36.117  43.895 0.1000000015
107711  -41.951  33.958  42.715 0.1000000015
107730  -49.053  35.117  41.173 0.3000000119
107750  -50.436  34.477  39.494 0.3000000119
107765  -49.368  34.779  39.514 0.2000000030
108147  -43.470  35.628  57.664 0.1000000015
108151  -44.689  35.312  55.649 0.1000000015
108159  -45.071  35.442  54.602 0.1000000015
108183  -38.060  35.682  52.270 0.1000000015
108184  -38.806  35.676  52.220 0.1000000015
108188  -43.948  35.448  51.699 0.1000000015
108195  -33.730  36.003  51.374 0.2000000030
108197  -35.668  35.091  51.844 0.2000000030
108202  -41.148  34.798  51.226 0.1000000015
108203  -42.271  34.707  51.164 0.1000000015
108204  -43.360  34.659  51.346 0.1000000015
108208  -33.436  35.856  50.612 0.2000000030
108209  -33.745  35.331  50.998 0.2000000030
108215  -33.475  35.503  48.799 0.2000000030
108216  -34.052  36.314  48.307 0.1000000015
108225  -35.434  35.738  46.209 0.1000000015
108230  -36.429  35.483  45.320 0.1000000015
108231  -38.036  35.911  45.051 0.1000000015
108232  -43.244  36.401  45.960 0.1000000015
108235  -45.973  37.242  45.929 0.1000000015
108238  -36.748  35.020  44.741 0.1000000015
108240  -38.465  35.363  44.547 0.1000000015
108246  -46.055  36.579  45.528 0.1000000015
108249  -40.189  34.807  43.696 0.1000000015
108270  -48.535  35.133  41.818 0.2000000030
108658  -43.129  36.057  58.207 0.1000000015
108665  -37.114  37.025  57.882 0.1000000015
108670  -42.581  36.341  57.825 0.1000000015
108682  -40.929  36.953  56.015 0.1000000015
108684  -43.787  36.066  56.618 0.1000000015
108685  -44.417  35.670  55.885 0.1000000015
108705  -45.285  36.129  53.852 0.1000000015
108712  -38.049  37.003  53.183 0.1000000015
108722  -37.564  36.395  52.762 0.2000000030
108735  -33.576  36.831  51.305 0.2000000030
108736  -34.225  36.229  51.908 0.2000000030
108753  -33.419  36.713  50.464 0.2000000030
108773  -35.945  36.437  46.472 0.1000000015
108774  -37.168  36.853  46.153 0.1000000015
108775  -38.097  37.160  46.189 0.1000000015
108776  -43.640  37.883  46.933 0.1000000015
108777  -44.484  37.859  46.873 0.1000000015
108778  -45.192  37.728  46.560 0.1000000015
108784  -40.491  36.904  45.667 0.1000000015
108788  -45.577  37.419  46.382 0.1000000015
108794  -46.062  37.295  45.562 0.1000000015
109217  -37.328  37.496  57.286 0.1000000015
109225  -37.843  37.698  56.655 0.1000000015
109231  -41.133  37.521  55.388 0.1000000015
109236  -44.818  37.709  53.317 0.1000000015
109239  -35.925  38.003  53.279 0.2000000030
109242  -39.360  37.661  53.231 0.1000000015
109243  -40.440  37.742  53.094 0.1000000015
109253  -36.147  37.325  53.149 0.2000000030
109257  -42.516  37.082  52.508 0.1000000015
109258  -44.086  37.039  52.466 0.1000000015
109259  -45.045  36.998  52.638 0.1000000015
109273  -33.608  37.431  50.207 0.2000000030
109274  -34.018  37.543  49.569 0.1000000015
109281  -34.548  37.624  48.904 0.1000000015
109292  -38.373  38.364  46.864 0.1000000015
109301  -36.597  37.045  46.681 0.1000000015
109304  -40.740  38.127  46.919 0.1000000015
109319  -45.679  37.585  46.184 0.1000000015
109320  -45.916  37.471  45.933 0.1000000015
109749  -37.395  38.307  56.935 0.1000000015
109760  -38.751  38.390  55.890 0.1000000015
109763  -39.482  38.530  55.559 0.1000000015
109771  -44.297  38.336  53.128 0.1000000015
109775  -35.537  38.524  52.990 0.2000000030
109776  -36.216  38.641  53.313 0.1000000015
109782  -43.807  38.589  52.923 0.1000000015
109784  -34.072  38.259  52.035 0.2000000030
109785  -34.798  38.416  52.542 0.2000000030
109787  -33.641  37.936  51.285 0.2000000030
109789  -33.630  37.931  50.592 0.1000000015
109793  -33.837  38.168  49.997 0.1000000015
109797  -34.737  38.338  48.574 0.1000000015
109803  -40.354  39.190  47.469 0.1000000015
109804  -41.085  39.224  47.583 0.1000000015
109806  -41.925  39.420  47.213 0.1000000015
109810  -41.351  38.737  47.396 0.1000000015
109812  -42.475  38.819  46.913 0.1000000015
110226  -36.132  38.795  58.614 0.1000000015
110227  -37.067  39.686  58.049 0.1000000015
110232  -36.551  38.887  57.961 0.1000000015
110233  -37.107  38.957  57.395 0.1000000015
110234  -38.064  39.937  57.040 0.1000000015
110242  -37.660  39.082  56.810 0.1000000015
110251  -39.105  39.109  55.757 0.1000000015
110253  -40.880  39.721  55.311 0.1000000015
110254  -41.984  39.483  54.796 0.1000000015
110256  -43.192  39.460  54.370 0.1000000015
110257  -44.191  39.487  53.936 0.1000000015
110258  -44.036  39.481  53.235 0.1000000015
110261  -36.527  39.420  53.196 0.1000000015
110262  -37.396  39.612  53.390 0.1000000015
110283  -34.378  39.866  48.243 0.1000000015
110284  -35.053  39.476  47.594 0.1000000015
110287  -39.098  39.526  47.046 0.1000000015
110290  -41.559  39.793  47.420 0.1000000015
110292  -35.473  40.075  46.930 0.1000000015
110295  -38.583  40.052  46.714 0.1000000015
110296  -41.411  40.667  47.112 0.1000000015
110664  -37.209  41.052  61.279 0.1000000015
110676  -37.408  40.750  59.446 0.1000000015
110689  -37.772  40.311  57.782 0.1000000015
110697  -38.853  40.401  56.700 0.1000000015
110698  -39.750  40.819  56.374 0.1000000015
110699  -40.779  41.210  56.180 0.1000000015
110715  -44.068  40.555  53.627 0.1000000015
110720  -38.632  40.590  53.383 0.1000000015
110723  -43.811  40.656  53.321 0.1000000015
110725  -36.696  40.864  52.087 0.1000000015
110726  -38.178  41.260  52.896 0.1000000015
110729  -35.245  40.413  51.229 0.1000000015
110739  -34.267  40.570  48.780 0.1000000015
110744  -40.779  40.655  47.438 0.1000000015
110747  -35.911  40.709  46.415 0.1000000015
111086  -36.981  41.241  63.164 0.1000000015
111103  -38.077  41.630  60.959 0.1000000015
111116  -39.942  41.844  60.196 0.1000000015
111133  -39.123  41.381  58.050 0.1000000015
111146  -42.577  42.175  56.257 0.1000000015
111153  -42.886  41.713  55.474 0.1000000015
111156  -43.655  41.804  54.485 0.1000000015
111165  -38.954  41.391  53.317 0.1000000015
111166  -39.891  41.575  53.454 0.1000000015
111167  -40.918  41.855  53.437 0.1000000015
111168  -44.013  41.232  53.564 0.1000000015
111184  -35.673  41.279  51.241 0.1000000015
111190  -34.727  41.910  49.858 0.1000000015
111200  -34.548  41.583  47.786 0.1000000015
111201  -34.950  41.623  47.086 0.1000000015
111205  -36.531  41.701  46.184 0.1000000015
111206  -38.118  41.291  46.130 0.1000000015
111579  -41.354  42.416  58.520 0.1000000015
111580  -41.709  42.379  57.955 0.1000000015
111617  -43.689  42.337  54.035 0.1000000015
111636  -43.667  41.943  53.789 0.1000000015
111646  -36.812  42.313  52.014 0.1000000015
111653  -34.862  42.805  51.086 0.1000000015
111654  -35.440  42.105  51.180 0.1000000015
111671  -34.572  42.598  49.390 0.1000000015
111680  -34.849  42.346  47.565 0.1000000015
111684  -36.077  42.453  46.478 0.1000000015
112085  -38.469  43.755  54.087 0.1000000015
112088  -42.697  43.894  53.925 0.1000000015
112102  -36.560  43.255  53.469 0.1000000015
112107  -42.207  43.428  53.663 0.1000000015
112125  -35.101  43.123  51.897 0.1000000015
112163  -36.020  43.772  46.889 0.1000000015
112171  -37.253  43.489  46.326 0.1000000015
112537  -38.700  45.197  55.224 0.1000000015
112553  -36.805  44.179  54.789 0.1000000015
112556  -40.390  45.062  54.341 0.1000000015
112587  -34.812  44.112  51.062 0.1000000015
112598  -35.238  44.902  49.651 0.1000000015
112609  -35.344  44.629  48.691 0.1000000015
112623  -35.537  44.389  47.946 0.1000000015
113043  -35.941  45.108  55.294 0.1000000015
113044  -36.782  45.184  55.814 0.1000000015
113572  -35.312  45.997  54.567 0.1000000015
113578  -35.307  46.035  53.755 0.1000000015
114485  -35.955  48.081  52.915 0.1000000015
114893  -36.015  49.117  54.023 0.1000000015
119803  -47.351  12.085  53.222 0.8000000119
120146  -47.729  14.501  46.497 0.8000000119
120155  -42.983  11.570  53.441 0.5000000000
120167  -48.057  5.469  53.282 0.2000000030
120458  -46.125  21.052  55.684 0.6999999881
121365  -42.283  11.535  53.464 0.5000000000
122244  -35.275  44.854  53.165 0.1000000015
122258  -47.460  12.010  57.237 0.8000000119
122495  -43.832  34.800  56.576 0.1000000015
122671  -31.411  24.088  59.333 0.1000000015
122916  -41.538  40.003  53.336 0.1000000015
122948  -44.014  10.723  59.404 0.1000000015
123310  -31.190  21.969  58.138 0.1000000015
123759  -41.520  36.896  46.080 0.1000000015
124167  -35.976  17.957  56.379 0.1000000015
124264  -33.684  31.930  53.421 0.2000000030
124795  -43.245  43.230  54.228 0.1000000015
125162  -30.555  25.067  58.249 0.1000000015
125806  -37.129  32.358  45.198 0.3000000119
125818  -45.308  36.937  53.282 0.1000000015
125935  -42.152  33.143  51.590 0.1000000015
125998  -35.272  17.789  56.589 0.1000000015
126156  -49.812  22.068  56.653 1.0000000000
126781  -36.343  22.320  55.531 0.2000000030
126885  -37.048  21.030  55.594 0.2000000030
126956  -31.984  22.908  59.767 0.1000000015
127297  -34.184  35.200  47.174 0.1000000015
127365  -36.413  25.207  55.487 0.2000000030
127578  -39.495  21.237  55.453 0.2000000030
127579  -38.690  21.163  55.489 0.2000000030
127580  -37.891  21.105  55.536 0.2000000030
127644  -44.803  16.735  55.499 0.6999999881
127650  -50.668  5.529  51.077 0.1000000015
128105  -37.470  41.122  52.407 0.1000000015
128309  -38.712  43.085  46.057 0.1000000015
128438  -39.830  14.823  56.404 0.3000000119
128696  -34.302  27.129  60.464 0.1000000015
129889  -35.240  42.941  47.339 0.1000000015
130373  -34.602  24.051  55.494 0.2000000030
130470  -37.275  27.011  55.452 0.2000000030
130595  -45.635  15.872  55.544 0.6999999881
130829  -43.063  27.345  48.947 0.5000000000
131035  -40.305  38.777  55.334 0.1000000015
131081  -47.328  11.667  55.973 0.8000000119
131108  -50.317  21.124  56.401 1.0000000000
131180  -40.422  6.910  49.138 0.5000000000
131328  -39.062  23.243  55.073 0.2000000030
131329  -37.317  23.335  55.415 0.2000000030
131335  -42.400  18.200  55.486 0.4000000060
131336  -41.529  18.209  55.476 0.4000000060
131337  -40.722  18.207  55.481 0.4000000060
131340  -35.408  24.139  55.524 0.2000000030
131344  -40.413  19.998  55.498 0.3000000119
131345  -39.578  19.931  55.504 0.2000000030
131346  -38.762  19.888  55.518 0.3000000119
131458  -31.549  30.257  56.590 0.1000000015
131576  -39.632  35.073  44.005 0.1000000015
132220  -42.669  11.302  52.212 0.6000000238
132474  -43.158  34.903  57.794 0.1000000015
133353  -30.536  25.258  57.550 0.1000000015
133392  -42.851  30.599  44.774 0.3000000119
133566  -33.941  36.883  52.012 0.2000000030
133595  -33.575  19.845  56.830 0.1000000015
133602  -39.563  40.726  53.522 0.1000000015
133977  -35.564  43.122  52.532 0.1000000015
134063  -44.199  41.044  54.103 0.1000000015
134316  -40.992  33.882  42.741 0.2000000030
134551  -31.530  26.979  55.717 0.1000000015
134597  -35.218  19.876  56.266 0.1000000015
134737  -49.122  24.980  55.721 0.8000000119
134742  -38.065  39.291  46.804 0.1000000015
134892  -44.736  30.204  43.096 0.3000000119
135251  -35.757  24.803  55.520 0.2000000030
135350  -34.227  29.073  60.522 0.1000000015
135369  -38.537  37.550  53.311 0.1000000015
135429  -50.864  34.116  38.037 0.2000000030
135636  -49.502  34.011  38.072 0.2000000030
136155  -34.735  41.028  50.039 0.1000000015
136374  -42.304  33.521  50.722 0.1000000015
136414  -48.797  17.401  56.079 0.8999999762
136515  -50.424  16.281  52.020 0.8999999762
136624  -40.591  43.066  53.455 0.1000000015
136716  -44.895  29.802  45.729 0.6000000238
136752  -43.802  5.717  46.950 0.4000000060
136843  -34.092  39.391  50.754 0.1000000015
137122  -46.114  5.618  54.938 0.3000000119
137143  -38.269  31.883  52.196 0.1000000015
137483  -49.901  23.979  56.176 1.0000000000
137509  -41.934  42.008  53.480 0.1000000015
137830  -46.635  12.050  47.424 0.8999999762
137879  -30.906  23.834  58.893 0.1000000015
138521  -38.061  19.888  55.549 0.2000000030
138661  -35.201  25.927  55.479 0.2000000030
138675  -31.344  26.534  59.045 0.1000000015
139033  -44.507  20.830  55.499 0.5000000000
139590  -45.285  19.022  52.568 0.5000000000
139742  -37.202  43.104  53.506 0.1000000015
139793  -44.966  27.283  55.230 0.4000000060
139950  -35.952  31.074  61.828 0.1000000015
140093  -43.660  27.876  55.063 0.4000000060
140370  -38.527  29.290  47.573 0.4000000060
140374  -46.924  29.975  42.938 0.4000000060
140450  -50.523  22.088  46.600 0.5000000000
140470  -40.233  34.853  51.318 0.1000000015
140958  -36.684  29.094  49.810 0.3000000119
140970  -47.773  3.008  53.877 0.1000000015
141032  -33.710  27.252  55.264 0.2000000030
141063  -48.547  27.619  52.887 0.6999999881
141715  -36.205  37.992  47.658 0.1000000015
141787  -45.300  11.643  47.867 0.8999999762
141839  -41.820  41.408  53.440 0.1000000015
141885  -33.830  28.399  54.392 0.2000000030
142172  -47.757  5.495  47.777 0.2000000030
142361  -34.945  37.165  52.616 0.2000000030
142377  -44.359  22.067  55.120 0.5000000000
142576  -45.668  31.181  41.398 0.4000000060
142579  -42.956  25.916  52.175 0.4000000060
142672  -40.207  18.269  55.497 0.4000000060
142899  -36.233  41.172  46.233 0.1000000015
142919  -40.057  34.400  56.104 0.1000000015
143539  -48.168  29.553  47.715 0.6999999881
143626  -37.722  25.636  55.438 0.2000000030
143633  -38.413  36.455  58.405 0.1000000015
143775  -36.501  36.514  46.134 0.1000000015
143895  -39.299  41.600  58.683 0.1000000015
144059  -41.346  11.506  54.338 0.3000000119
144455  -42.159  26.705  55.395 0.4000000060
144486  -40.933  26.374  55.432 0.4000000060
144635  -51.461  33.744  39.335 0.3000000119
144818  -35.368  28.127  54.588 0.2000000030
144856  -33.392  35.760  49.421 0.2000000030
144937  -39.708  7.784  51.258 0.3000000119
145014  -50.549  21.052  56.033 1.0000000000
