#!ascii label  , from subject sub-v1s8x0051343_ses-1 vox2ras=TkReg
5699
95741  39.432  14.665  57.917 0.2000000030
95742  38.763  14.237  57.800 0.3000000119
143546  38.935  14.795  57.691 0.2000000030
95747  39.044  15.344  57.622 0.2000000030
134240  37.851  14.413  57.665 0.2000000030
96446  37.612  15.271  57.270 0.3000000119
95748  38.410  14.983  57.559 0.2000000030
135468  38.371  15.620  57.284 0.3000000119
95750  36.319  14.618  57.242 0.3000000119
96447  36.747  15.157  57.089 0.3000000119
97162  38.084  15.941  56.924 0.2000000030
127704  35.208  14.672  55.649 0.4000000060
96456  35.908  15.005  56.104 0.3000000119
96455  36.603  15.297  56.493 0.4000000060
96454  37.317  15.600  56.745 0.3000000119
97170  37.873  16.102  56.342 0.3000000119
95761  35.062  14.760  54.777 0.5000000000
96462  35.828  14.955  55.222 0.5000000000
96461  36.511  15.240  55.684 0.5000000000
124453  37.142  15.371  55.160 0.5000000000
96460  37.188  15.636  56.038 0.4000000060
95767  35.028  14.590  53.062 0.4000000060
96472  35.695  15.003  53.464 0.5000000000
96465  35.789  14.946  54.329 0.5000000000
142049  37.685  15.397  54.516 0.5000000000
97178  37.805  15.974  55.443 0.5000000000
94998  35.003  14.237  52.094 0.4000000060
141665  36.260  15.218  53.074 0.5000000000
96471  36.574  15.099  53.857 0.5000000000
144482  37.103  15.157  54.420 0.5000000000
131162  38.466  16.333  55.211 0.4000000060
95778  35.890  13.862  50.572 0.4000000060
95770  35.856  14.720  51.747 0.4000000060
96480  36.450  15.216  52.366 0.5000000000
132791  37.000  15.306  53.088 0.5000000000
96470  37.451  15.180  53.822 0.5000000000
96463  38.339  15.788  54.556 0.5000000000
95777  36.430  14.257  50.157 0.5000000000
95773  36.130  14.553  50.933 0.4000000060
96487  36.602  15.159  51.486 0.5000000000
96479  37.367  15.464  52.242 0.5000000000
127520  37.844  15.405  53.143 0.5000000000
96469  38.211  15.326  53.857 0.5000000000
97189  38.944  15.639  53.859 0.5000000000
92573  39.192  10.177  46.981 0.8000000119
92574  38.602  10.689  47.519 0.8999999762
93382  37.944  11.392  48.004 0.8000000119
94197  36.921  12.358  48.981 0.6000000238
95786  36.870  14.102  49.511 0.6000000238
96486  37.363  15.490  51.229 0.5000000000
96478  38.112  15.769  51.836 0.5000000000
145434  38.226  15.618  52.571 0.5000000000
131902  39.008  16.270  54.568 0.4000000060
92583  39.306  10.535  46.156 0.8000000119
92584  38.837  10.989  46.689 0.8999999762
94211  38.152  12.403  47.606 0.8000000119
95019  37.831  13.244  47.989 0.8000000119
135526  37.169  13.883  48.990 0.6999999881
95776  37.070  14.828  49.901 0.5000000000
96490  37.492  15.418  50.397 0.5000000000
96477  39.074  15.832  52.351 0.5000000000
125323  38.657  15.546  53.177 0.5000000000
91751  41.177  9.018  46.031 0.6999999881
91742  39.726  9.792  46.362 0.8000000119
95794  37.671  14.093  48.485 0.6999999881
96501  38.348  15.690  49.350 0.6000000238
96489  38.184  15.808  50.189 0.5000000000
97206  38.648  16.033  51.515 0.5000000000
92594  39.733  10.129  45.704 0.8000000119
94217  38.746  12.454  46.964 0.8999999762
95026  38.590  13.330  47.421 0.8000000119
95793  38.350  14.627  48.197 0.6999999881
97228  38.826  16.294  49.934 0.5000000000
97216  38.723  16.243  50.805 0.5000000000
97205  39.362  16.254  51.470 0.5000000000
96484  40.077  15.888  52.086 0.5000000000
91752  40.326  9.557  45.667 0.6999999881
93395  39.156  11.398  46.024 0.8999999762
94224  39.345  12.466  46.159 0.8999999762
96520  38.983  15.039  47.884 0.8999999762
96511  38.632  15.400  48.578 0.5000000000
146702  40.914  9.170  45.217 0.6999999881
92593  40.102  10.198  45.119 0.8000000119
134966  39.587  11.771  45.538 0.8999999762
95025  39.235  13.878  47.072 0.8000000119
96510  39.309  15.762  48.292 0.5000000000
96500  38.985  16.153  49.056 0.6000000238
97215  39.483  16.608  50.595 0.5000000000
92617  46.470  10.899  44.507 0.6000000238
91760  44.825  9.803  44.795 0.6999999881
90928  43.476  8.834  44.939 0.6999999881
91762  41.103  9.177  44.540 0.6999999881
91763  40.582  9.677  44.830 0.6999999881
93400  40.083  11.639  44.959 0.8999999762
95809  39.749  14.363  46.638 0.8999999762
95801  39.376  14.693  47.273 0.8999999762
97227  39.549  16.659  49.658 0.5000000000
97204  40.295  16.479  51.298 0.5000000000
91759  45.578  10.442  44.720 0.6999999881
90927  44.119  8.876  44.261 0.6999999881
90929  42.454  8.570  44.478 0.6999999881
92604  40.823  9.788  44.058 0.6999999881
94223  40.025  12.435  45.356 0.8000000119
95033  39.602  13.523  46.428 0.8999999762
96518  40.290  15.786  47.243 0.8999999762
97245  39.961  16.135  47.969 0.6000000238
136232  40.338  17.091  50.256 0.5000000000
91775  45.800  9.934  43.737 0.6999999881
142153  43.262  8.501  44.113 0.6999999881
90930  41.626  8.792  44.330 0.6999999881
92605  40.638  10.634  44.101 0.6999999881
137459  40.210  10.837  44.720 0.8999999762
95032  40.205  13.992  46.096 0.8999999762
96529  39.942  15.117  46.869 0.8999999762
97236  39.695  16.446  48.781 0.5000000000
91776  44.961  9.406  43.940 0.6999999881
90942  43.530  8.346  43.384 0.6999999881
90944  41.857  8.711  43.770 0.6999999881
93408  40.572  11.455  44.271 0.8000000119
95041  40.521  13.148  45.133 0.8000000119
95808  40.391  14.757  46.304 0.8999999762
97235  40.399  16.786  48.531 0.6000000238
90940  45.289  8.891  43.064 0.6999999881
90941  44.434  8.547  43.269 0.6999999881
90958  41.804  9.058  43.035 0.6999999881
92618  41.057  10.413  43.579 0.6999999881
94237  40.954  12.047  43.715 0.8000000119
94231  40.602  12.405  44.560 0.8000000119
95040  41.027  13.906  44.999 0.8000000119
96538  41.029  15.103  45.953 0.8999999762
90956  43.773  8.135  42.470 0.6999999881
90943  42.524  8.472  43.369 0.6999999881
123546  41.380  9.799  43.329 0.6999999881
130349  41.395  10.674  42.862 0.6000000238
94230  41.145  12.889  43.936 0.8000000119
90970  43.036  8.180  41.674 0.6999999881
90957  42.379  8.623  42.354 0.6999999881
91788  41.613  9.815  42.638 0.6000000238
93416  41.281  11.715  42.918 0.8000000119
95049  40.910  13.212  44.554 0.8000000119
91799  42.310  8.778  41.419 0.6000000238
91787  41.870  9.289  42.068 0.6000000238
92629  41.655  10.325  41.837 0.6000000238
130592  41.344  12.622  43.108 0.8000000119
91800  41.903  9.560  41.179 0.6000000238
93422  41.582  11.389  42.094 0.6999999881
94243  41.615  12.321  42.286 0.8000000119
141521  42.188  9.046  40.566 0.6000000238
92639  41.808  10.446  40.853 0.6000000238
91808  41.846  9.723  40.349 0.6000000238
124536  40.165  14.170  58.262 0.2000000030
96441  40.034  15.206  58.415 0.2000000030
144029  39.543  15.238  57.924 0.2000000030
97169  38.609  16.552  56.669 0.2000000030
97177  38.415  16.566  55.968 0.3000000119
91730  39.861  9.515  47.339 0.8000000119
97188  39.759  16.129  53.826 0.4000000060
91741  40.546  9.303  46.686 0.6999999881
96468  39.489  15.697  53.189 0.5000000000
91750  42.300  9.031  46.421 0.6999999881
96476  40.014  15.699  52.690 0.5000000000
92601  47.156  11.309  45.056 0.5000000000
92602  46.260  11.130  45.496 0.6000000238
91749  43.723  9.451  45.798 0.6999999881
90916  41.726  8.793  45.222 0.6999999881
92616  47.251  11.181  44.180 0.6000000238
90915  42.878  8.860  45.644 0.6999999881
91774  46.640  10.401  43.483 0.6999999881
123137  40.956  16.808  50.871 0.6000000238
97879  40.916  17.422  49.323 0.5000000000
97226  40.156  16.956  49.332 0.5000000000
91786  46.075  9.466  42.801 0.6999999881
96528  40.638  15.476  46.569 0.8999999762
90955  44.729  8.329  42.282 0.6999999881
95048  41.348  13.684  44.190 0.8000000119
90969  44.095  8.006  41.506 0.6999999881
130618  43.580  8.192  40.712 0.6000000238
125281  42.783  8.548  40.691 0.6999999881
94251  41.864  12.053  41.501 0.6999999881
95062  42.328  13.568  42.008 0.8000000119
91807  42.560  8.875  39.869 0.6000000238
94242  41.993  12.842  41.712 0.8000000119
93435  41.906  11.259  40.432 0.6999999881
93434  42.218  11.947  40.045 0.6999999881
91815  41.826  9.755  39.540 0.6000000238
92644  41.757  10.480  39.995 0.6999999881
93442  41.902  11.256  39.597 0.6999999881
95736  40.648  14.615  58.938 0.2000000030
96437  41.096  15.033  59.705 0.2000000030
96438  40.589  15.438  59.235 0.2000000030
96442  39.590  15.791  57.899 0.2000000030
97161  38.920  16.247  57.302 0.2000000030
97176  39.011  16.821  55.450 0.3000000119
97182  39.664  16.880  54.749 0.3000000119
96467  40.330  15.724  53.111 0.5000000000
96475  40.884  15.631  52.516 0.5000000000
91773  49.116  11.068  43.724 0.6000000238
92600  47.811  11.231  44.714 0.5000000000
96483  40.882  15.768  51.916 0.5000000000
91772  49.983  10.921  43.317 0.6000000238
92614  49.444  11.269  43.232 0.6000000238
92599  48.512  11.227  44.037 0.6000000238
93415  48.593  11.269  43.589 0.6000000238
92615  47.812  11.313  43.901 0.6000000238
97912  41.952  17.294  46.901 0.6999999881
97243  41.327  16.858  47.300 0.6999999881
92628  47.479  10.745  43.216 0.6000000238
91785  46.923  9.928  42.482 0.6999999881
97262  41.854  16.253  45.781 0.8999999762
96527  41.294  15.832  46.228 0.8999999762
96549  41.858  15.209  44.767 0.8999999762
95816  41.330  14.760  45.261 0.8999999762
90966  47.275  9.487  41.298 0.6000000238
90953  46.370  9.236  41.958 0.6000000238
90954  45.627  8.704  42.095 0.6999999881
95832  41.800  14.188  43.660 0.8000000119
95825  41.577  14.454  44.485 0.8000000119
90967  46.255  8.654  41.194 0.6000000238
95055  42.050  13.892  42.838 0.8000000119
95056  41.536  13.430  43.364 0.8000000119
90968  45.199  8.233  41.194 0.6999999881
90980  45.320  8.405  39.928 0.5000000000
90981  44.235  8.399  39.808 0.6000000238
90982  43.274  8.548  39.808 0.6000000238
94256  42.434  12.575  40.480 0.6999999881
94250  42.206  12.522  41.096 0.6999999881
146977  42.076  9.270  39.909 0.6000000238
94260  42.606  12.604  39.702 0.6999999881
90991  45.036  8.432  38.783 0.5000000000
90992  43.979  8.610  38.623 0.5000000000
90993  42.921  8.818  38.939 0.5000000000
131867  42.288  9.235  39.204 0.6000000238
92650  41.745  10.422  39.101 0.6000000238
93449  41.889  11.222  38.649 0.6000000238
91004  43.358  8.902  37.718 0.5000000000
91821  42.522  9.231  38.214 0.5000000000
92656  41.769  10.303  38.109 0.6000000238
91826  42.831  9.222  36.941 0.5000000000
91835  41.926  10.240  37.011 0.5000000000
95731  41.975  14.606  59.941 0.2000000030
96433  41.448  15.369  60.527 0.2000000030
97154  40.552  16.198  59.450 0.2000000030
143609  40.340  15.713  58.885 0.2000000030
97155  40.146  16.112  58.527 0.2000000030
97168  39.299  17.060  57.122 0.2000000030
97160  39.732  16.586  57.788 0.2000000030
97826  39.104  17.091  56.388 0.2000000030
97825  39.933  17.675  56.944 0.2000000030
97833  40.624  17.884  56.061 0.3000000119
97837  40.370  17.522  54.980 0.3000000119
97180  41.099  17.313  54.258 0.3000000119
97187  40.534  16.126  53.448 0.4000000060
125891  41.148  16.472  53.537 0.3000000119
97186  41.820  16.013  53.065 0.4000000060
96466  41.118  15.752  53.057 0.4000000060
97195  41.741  15.618  52.585 0.4000000060
96474  41.638  15.557  52.049 0.5000000000
90939  50.852  10.044  43.353 0.5000000000
97213  42.712  16.317  50.901 0.6000000238
97202  42.351  15.723  51.617 0.6000000238
130270  52.047  10.475  43.071 0.5000000000
97860  43.187  17.033  50.300 0.6000000238
97861  42.205  17.231  50.327 0.6000000238
91769  53.018  9.613  42.884 0.5000000000
91771  51.242  11.124  43.036 0.5000000000
92612  51.347  11.315  42.711 0.6000000238
146432  43.262  17.606  49.567 0.6000000238
97878  41.802  17.679  49.621 0.6000000238
97895  41.678  17.630  48.695 0.5000000000
91770  52.530  10.347  42.728 0.5000000000
92611  52.024  11.030  42.619 0.6000000238
131582  49.985  11.535  42.546 0.6000000238
92627  48.327  11.095  42.951 0.6999999881
123206  42.251  17.801  49.039 0.6000000238
97906  41.773  17.518  47.761 0.5000000000
97234  41.079  17.189  48.186 0.5000000000
92626  49.212  11.338  42.704 0.6000000238
91784  47.842  10.426  42.146 0.6000000238
97905  42.480  17.876  47.409 0.5000000000
97252  42.236  16.928  46.136 0.8999999762
92625  50.569  11.440  42.069 0.5000000000
92638  48.794  10.907  41.921 0.5000000000
97261  42.521  16.591  45.394 0.8999999762
96536  42.193  15.899  45.082 0.8000000119
91796  50.732  10.489  41.061 0.5000000000
92643  49.725  10.507  40.912 0.6000000238
91798  48.354  10.103  41.106 0.6000000238
96548  42.467  15.609  44.318 0.8999999762
95824  42.161  14.885  44.008 0.8000000119
95831  42.396  14.614  43.184 0.8999999762
91804  49.890  10.061  40.501 0.5000000000
91805  49.236  10.049  40.225 0.6000000238
141454  48.698  10.046  40.256 0.6000000238
90978  47.016  8.850  40.105 0.6000000238
128455  46.056  8.420  40.441 0.6000000238
91814  49.163  9.721  39.745 0.6000000238
91806  48.539  9.697  39.462 0.6000000238
123051  47.713  9.380  39.004 0.6000000238
95077  42.887  13.200  40.192 0.6999999881
90988  48.153  9.279  38.597 0.6000000238
134444  47.706  9.169  38.274 0.6000000238
90979  46.443  8.594  39.485 0.5000000000
90990  46.016  8.532  38.652 0.5000000000
93441  42.274  11.988  39.197 0.6999999881
91000  47.359  8.941  37.806 0.6000000238
131701  42.823  12.896  38.132 0.8000000119
139511  46.907  8.481  37.250 0.5000000000
124057  46.595  8.661  37.540 0.5000000000
91002  45.017  8.586  37.618 0.5000000000
93454  41.864  11.143  37.530 0.6000000238
94270  42.675  12.800  37.282 0.8000000119
90141  47.552  8.357  37.730 0.5000000000
130378  46.337  8.351  36.856 0.5000000000
91009  45.827  8.483  36.770 0.5000000000
91003  44.287  8.725  37.296 0.5000000000
131156  42.474  9.713  36.399 0.5000000000
92665  42.282  10.226  35.969 0.5000000000
93459  42.081  11.079  36.165 0.6000000238
91018  44.965  8.645  35.221 0.5000000000
91020  43.310  9.283  35.450 0.5000000000
90161  45.177  8.380  34.890 0.5000000000
91019  44.338  8.750  34.767 0.5000000000
88532  47.235  5.963  38.366 0.4000000060
89344  47.154  6.194  37.392 0.4000000060
97143  42.321  16.186  61.781 0.2000000030
135188  43.182  18.325  62.458 0.1000000015
97798  42.559  17.656  62.337 0.1000000015
97149  40.950  16.130  61.039 0.2000000030
96434  40.890  15.846  60.074 0.2000000030
98419  41.286  18.510  62.197 0.1000000015
97802  41.099  17.647  61.841 0.1000000015
97150  40.583  16.540  60.431 0.2000000030
143692  40.502  16.773  61.045 0.2000000030
97806  40.179  17.181  60.601 0.2000000030
97811  40.385  16.964  59.880 0.2000000030
97159  40.273  16.879  58.341 0.2000000030
97807  39.854  17.663  60.075 0.2000000030
127897  40.542  17.422  58.688 0.2000000030
97818  40.773  17.589  57.950 0.2000000030
146330  41.073  17.918  58.245 0.2000000030
121260  42.405  18.707  56.607 0.2000000030
97832  41.558  18.347  56.288 0.3000000119
98441  41.948  18.580  57.300 0.3000000119
97824  41.045  18.157  57.144 0.3000000119
98450  42.118  18.485  55.349 0.3000000119
125383  42.914  18.702  54.970 0.3000000119
121293  41.171  18.066  55.165 0.3000000119
98458  43.239  18.144  53.790 0.3000000119
98454  42.399  17.983  54.144 0.3000000119
97836  41.707  17.853  54.432 0.3000000119
97840  43.409  17.163  53.104 0.4000000060
97841  42.753  17.178  53.355 0.3000000119
97842  41.908  17.007  53.605 0.3000000119
97184  43.120  16.510  52.850 0.4000000060
97185  42.494  16.282  52.967 0.4000000060
97201  43.827  15.639  51.892 0.6000000238
97193  43.011  15.812  52.400 0.5000000000
97194  42.389  15.502  52.238 0.5000000000
135241  43.288  15.726  51.498 0.6000000238
124400  43.026  15.449  51.978 0.6000000238
97875  44.838  16.877  50.159 0.6000000238
141085  43.496  16.101  50.888 0.6000000238
97893  43.683  17.952  49.046 0.6000000238
97876  43.957  17.280  49.813 0.6000000238
98494  43.191  18.279  48.105 0.6000000238
90952  52.832  9.810  42.239 0.6000000238
98507  44.794  18.567  47.660 0.6999999881
98508  43.870  18.491  47.583 0.6000000238
97904  43.218  18.255  47.061 0.8000000119
98521  45.056  18.656  46.683 0.6999999881
97910  43.345  18.009  46.149 0.8999999762
97921  42.898  17.283  45.747 0.8999999762
98534  44.008  18.284  45.714 0.8000000119
97920  43.558  17.630  45.352 0.8999999762
97260  43.197  16.916  45.015 0.8999999762
97927  44.446  17.690  44.165 0.6999999881
97269  43.444  16.637  44.233 0.8999999762
96547  43.096  15.989  43.884 0.8999999762
96557  42.712  15.337  43.512 0.8999999762
97275  44.326  16.808  42.962 0.8999999762
97282  43.945  16.182  42.578 0.8999999762
96566  43.618  15.496  42.227 0.8999999762
95839  42.677  14.318  42.358 0.8000000119
90986  49.424  9.427  39.754 0.5000000000
90987  48.716  9.288  39.073 0.6000000238
96565  44.311  15.877  41.790 0.8999999762
95847  43.601  14.530  41.062 0.8999999762
95069  43.245  13.828  40.668 0.8999999762
90132  49.099  8.685  39.322 0.6000000238
90998  48.264  9.073  38.417 0.6000000238
96576  43.926  15.243  41.404 0.8999999762
95076  43.456  13.776  39.821 0.8999999762
90126  49.031  7.884  40.124 0.5000000000
90133  48.511  8.649  38.692 0.6000000238
90999  47.930  9.064  38.042 0.6000000238
95092  43.211  13.296  38.549 0.8999999762
89336  48.505  7.656  39.357 0.5000000000
90134  48.065  7.930  38.465 0.6000000238
94275  42.592  12.806  36.138 0.8000000119
89337  47.977  7.019  39.008 0.6000000238
89352  47.353  7.297  37.368 0.5000000000
90151  46.476  7.858  36.551 0.5000000000
92671  42.396  10.565  34.988 0.5000000000
94280  42.417  12.482  34.170 0.8000000119
137032  42.141  11.074  33.334 0.6000000238
89343  47.611  6.985  38.202 0.6000000238
89353  46.955  7.006  36.789 0.5000000000
90160  45.598  8.029  35.277 0.5000000000
91833  43.529  9.135  34.296 0.5000000000
91834  42.750  9.812  34.950 0.5000000000
138172  42.339  10.408  33.471 0.5000000000
142870  46.637  6.116  36.741 0.4000000060
89361  46.174  6.775  36.188 0.5000000000
89362  45.461  7.143  35.474 0.5000000000
89373  45.207  7.854  34.857 0.5000000000
91036  43.557  8.837  34.293 0.5000000000
91037  42.992  8.758  33.929 0.5000000000
127922  41.943  19.211  62.424 0.1000000015
97803  40.324  17.474  61.235 0.1000000015
97804  39.859  17.765  60.731 0.1000000015
98426  40.214  17.930  59.333 0.2000000030
98431  41.436  18.570  58.318 0.2000000030
126181  42.985  18.981  56.892 0.3000000119
98440  42.635  18.960  57.397 0.2000000030
98435  42.170  18.813  57.969 0.2000000030
99101  44.751  19.861  56.368 0.3000000119
136880  44.136  19.504  56.549 0.3000000119
99102  43.507  19.172  56.734 0.3000000119
98449  42.954  18.807  56.111 0.3000000119
99100  45.343  19.877  55.791 0.3000000119
99109  44.347  19.470  55.429 0.3000000119
98453  43.541  18.977  54.753 0.3000000119
98452  44.032  19.007  53.830 0.3000000119
98457  44.796  18.650  53.047 0.4000000060
97839  44.010  17.751  53.072 0.4000000060
97847  43.869  16.470  52.529 0.4000000060
97846  44.911  17.200  52.491 0.4000000060
97192  44.683  16.110  51.931 0.4000000060
97191  45.401  16.532  51.939 0.4000000060
97212  44.073  15.793  51.213 0.6000000238
97225  45.768  16.410  50.273 0.6000000238
97211  44.969  15.998  50.837 0.6000000238
97892  44.675  17.725  49.288 0.6000000238
98492  44.995  18.182  48.555 0.6000000238
98493  44.187  18.311  48.390 0.6000000238
98543  45.607  18.606  45.016 0.6999999881
98542  46.291  18.644  44.242 0.6999999881
97934  44.691  17.484  43.344 0.8999999762
97933  45.387  17.983  42.887 0.8999999762
97942  44.976  17.267  42.508 0.8999999762
97281  44.643  16.552  42.152 0.8999999762
97941  45.653  17.860  41.975 0.8000000119
97280  45.306  17.044  41.662 0.8999999762
97289  44.985  16.301  41.320 0.8999999762
95855  44.521  14.888  39.717 0.8999999762
95865  44.033  14.341  39.348 0.8999999762
95872  44.139  14.320  38.415 0.8999999762
95099  43.640  13.924  36.618 0.8999999762
137038  43.182  14.217  34.525 0.8000000119
95113  42.641  13.593  34.117 0.8000000119
94284  42.004  12.760  33.517 0.6999999881
99084  42.736  19.476  57.849 0.3000000119
99085  41.953  19.420  58.260 0.2000000030
99080  40.497  18.971  58.642 0.2000000030
100391  45.758  20.989  56.287 0.2000000030
99758  45.268  20.355  56.354 0.3000000119
99090  44.355  20.051  56.961 0.3000000119
99083  43.380  19.750  57.536 0.3000000119
99740  42.192  20.227  57.994 0.3000000119
99741  40.616  20.550  57.579 0.2000000030
141065  47.241  20.959  56.128 0.3000000119
141618  46.481  20.796  56.281 0.3000000119
99757  46.021  20.369  56.133 0.3000000119
99747  43.745  20.458  57.341 0.3000000119
99749  42.260  21.031  57.366 0.3000000119
124152  41.591  20.658  57.749 0.2000000030
99769  47.676  20.568  55.665 0.3000000119
99106  46.979  20.162  54.854 0.3000000119
99770  46.773  20.486  55.909 0.3000000119
99107  46.110  20.045  55.312 0.3000000119
139113  45.621  19.135  53.211 0.3000000119
99115  47.223  19.458  53.826 0.3000000119
98456  46.470  18.990  52.985 0.3000000119
97845  45.883  17.201  52.253 0.5000000000
97852  47.014  16.753  51.430 0.5000000000
97853  46.097  16.562  51.651 0.5000000000
97199  45.405  16.022  51.303 0.5000000000
97858  48.016  16.733  50.423 0.6000000238
97209  46.471  16.171  50.544 0.6000000238
97888  48.647  17.059  48.901 0.5000000000
97889  47.542  17.214  48.905 0.6000000238
97874  46.155  16.978  49.588 0.6000000238
97224  46.522  16.411  50.018 0.6000000238
122099  48.729  18.124  47.105 0.6000000238
98489  47.274  17.827  48.242 0.6000000238
98490  46.508  18.236  47.914 0.6000000238
97891  45.598  17.719  49.079 0.6000000238
122036  48.600  18.483  46.112 0.6000000238
98518  47.590  18.498  46.803 0.6000000238
98505  46.579  18.551  47.061 0.6999999881
98506  45.748  18.557  47.347 0.6000000238
98531  48.532  18.636  45.238 0.5000000000
98532  47.620  18.704  45.723 0.6000000238
98533  46.716  18.772  45.147 0.6999999881
98520  45.883  18.667  46.483 0.6999999881
98540  49.216  18.810  44.269 0.5000000000
98541  47.848  18.766  44.753 0.6000000238
121841  46.019  18.695  45.742 0.6999999881
98561  49.404  19.224  42.015 0.6000000238
134601  48.325  18.900  42.677 0.6000000238
123186  47.171  18.747  44.265 0.6000000238
98570  47.523  18.591  41.260 0.6999999881
98563  46.392  18.479  42.346 0.6999999881
98578  47.785  18.582  39.607 0.6999999881
97948  45.947  17.718  41.028 0.6999999881
97296  45.311  16.101  40.434 0.8000000119
96583  44.982  15.445  40.094 0.8999999762
98577  48.479  19.050  40.039 0.6999999881
98585  47.491  18.432  38.820 0.6999999881
97295  45.810  16.825  39.697 0.8000000119
96592  45.199  15.399  39.111 0.8999999762
97969  46.872  17.760  37.813 0.8000000119
97310  46.430  16.691  37.689 0.8000000119
96599  45.364  15.444  37.996 0.8000000119
95871  44.768  14.900  37.624 0.8999999762
95888  44.056  14.555  35.917 0.8999999762
95882  42.355  15.063  35.852 0.8999999762
97309  46.597  17.357  37.383 0.8000000119
96598  45.983  16.138  37.265 0.8000000119
96609  45.425  15.559  36.816 0.8000000119
95887  44.454  15.335  35.254 0.8999999762
96625  43.226  15.486  34.474 0.8999999762
97978  46.216  17.479  36.837 0.8000000119
97318  46.275  16.850  36.808 0.8000000119
96608  45.694  16.311  36.351 0.8000000119
96618  45.142  15.824  35.685 0.8000000119
100392  44.827  20.839  56.343 0.2000000030
99759  44.702  20.394  56.589 0.3000000119
99767  49.834  21.006  55.191 0.2000000030
100390  46.449  21.175  56.180 0.2000000030
100380  43.627  21.191  56.851 0.2000000030
100382  41.181  21.050  56.973 0.2000000030
99776  51.003  19.842  53.707 0.2000000030
99773  49.394  20.182  54.702 0.2000000030
99768  48.497  20.437  55.330 0.2000000030
99105  47.859  19.983  54.675 0.3000000119
133318  43.338  21.427  55.786 0.2000000030
100394  42.815  21.330  56.672 0.2000000030
100395  41.822  21.361  56.321 0.2000000030
100396  40.779  21.301  55.885 0.2000000030
99112  50.145  19.581  53.846 0.2000000030
99113  49.092  19.383  53.830 0.2000000030
139621  49.385  18.029  51.743 0.4000000060
124259  49.053  18.360  52.286 0.4000000060
98462  48.166  18.096  52.184 0.3000000119
98463  47.496  18.719  52.760 0.3000000119
126047  46.562  17.974  52.423 0.3000000119
121526  48.446  17.095  51.064 0.4000000060
97851  47.878  17.327  51.526 0.4000000060
123049  49.701  17.067  49.175 0.4000000060
97902  50.553  17.552  47.744 0.5000000000
123380  49.658  17.378  48.336 0.5000000000
97872  48.888  16.754  49.790 0.5000000000
125833  47.868  16.782  49.637 0.5000000000
98516  50.733  17.835  46.762 0.4000000060
98503  49.742  17.719  47.405 0.6000000238
97903  48.795  17.644  48.014 0.6000000238
100530  41.550  21.556  41.957 0.6000000238
124648  40.827  21.688  42.327 0.6000000238
134969  50.867  18.283  45.579 0.4000000060
98517  49.767  18.128  46.379 0.6000000238
121835  43.546  21.698  43.456 0.6999999881
123062  42.158  21.912  42.781 0.6000000238
100531  40.663  21.155  41.525 0.6000000238
98529  51.566  18.713  45.837 0.4000000060
100528  43.217  21.544  41.652 0.6000000238
100516  42.972  21.828  42.596 0.6000000238
100529  42.409  21.487  41.746 0.6000000238
99847  41.470  20.726  40.762 0.6000000238
122602  40.867  20.310  41.062 0.6000000238
99818  51.132  19.835  44.311 0.4000000060
98538  51.196  18.857  44.761 0.5000000000
126549  49.639  18.462  45.302 0.5000000000
100515  43.783  21.563  42.500 0.6999999881
124176  44.021  21.473  41.586 0.6000000238
100539  43.470  21.366  40.810 0.6000000238
100551  42.758  21.094  40.648 0.6000000238
100540  42.110  21.113  40.848 0.6000000238
99825  50.599  20.258  43.654 0.4000000060
99183  50.851  19.760  43.659 0.5000000000
98551  50.333  19.214  43.503 0.5000000000
100538  44.430  21.388  40.869 0.6000000238
121772  42.957  20.747  40.542 0.6000000238
99830  50.414  20.107  42.899 0.6000000238
99193  49.967  19.663  41.602 0.6000000238
98568  49.405  19.385  41.182 0.6000000238
100548  45.078  21.068  40.383 0.6000000238
99859  43.901  20.796  40.192 0.6000000238
132049  43.806  20.154  40.125 0.6000000238
142626  49.545  19.920  40.779 0.6999999881
99858  44.789  20.781  39.884 0.6000000238
99868  45.589  20.287  39.296 0.6000000238
98587  44.602  19.353  39.333 0.6000000238
133962  44.283  18.450  39.601 0.6999999881
98576  49.173  19.631  40.580 0.6999999881
99209  48.377  19.628  39.939 0.6999999881
99867  46.629  20.211  39.233 0.6999999881
99217  45.440  19.746  38.846 0.6999999881
97963  44.874  18.365  38.606 0.8000000119
97972  44.605  17.434  38.209 0.8000000119
98594  47.056  18.372  38.040 0.6999999881
99222  46.855  19.148  38.167 0.6999999881
99223  46.127  19.236  38.137 0.6999999881
97311  44.957  17.286  36.969 0.8000000119
97312  44.167  16.784  37.587 0.8000000119
96600  43.598  16.261  36.683 0.8000000119
96611  42.912  15.595  36.237 0.8999999762
98602  46.615  17.950  37.399 0.8000000119
98595  46.511  18.543  37.729 0.6999999881
97970  46.174  18.007  37.209 0.8000000119
97979  45.655  17.430  36.691 0.8000000119
96619  43.640  15.942  34.937 0.8000000119
97984  45.604  16.989  36.167 0.8000000119
123827  50.992  21.777  53.921 0.2000000030
101037  50.456  22.317  54.534 0.2000000030
101050  50.546  22.667  53.431 0.2000000030
100423  51.262  20.792  53.671 0.2000000030
100422  50.808  21.760  52.801 0.2000000030
99119  50.764  19.120  52.972 0.3000000119
98461  49.977  18.526  52.231 0.4000000060
98466  50.081  18.055  51.461 0.4000000060
97850  49.275  17.492  51.184 0.4000000060
123013  51.353  18.495  51.281 0.3000000119
97856  50.932  17.984  51.104 0.3000000119
97849  50.006  17.560  50.728 0.3000000119
98481  51.347  17.862  49.524 0.3000000119
97870  50.607  17.372  49.398 0.4000000060
99134  51.578  18.761  48.979 0.4000000060
97901  51.247  17.791  47.307 0.5000000000
100517  41.331  21.939  42.976 0.6999999881
99143  51.479  18.860  48.160 0.4000000060
98515  51.350  18.242  46.370 0.4000000060
100500  41.851  22.058  43.783 0.5000000000
99150  51.398  19.173  47.104 0.4000000060
100514  44.435  21.532  43.352 0.5000000000
100499  44.154  21.580  44.152 0.5000000000
99803  50.848  19.840  46.272 0.4000000060
99158  51.489  19.208  45.947 0.4000000060
121834  44.690  21.469  42.406 0.6999999881
100527  44.844  21.407  41.595 0.5000000000
99811  51.101  19.883  45.212 0.4000000060
100526  45.799  21.368  42.127 0.6000000238
99826  49.963  20.735  43.907 0.4000000060
99831  50.019  20.493  43.026 0.5000000000
142631  49.931  20.323  42.037 0.6000000238
99846  46.267  20.810  40.563 0.6999999881
124749  49.277  20.821  43.396 0.5000000000
144525  49.421  20.578  42.125 0.5000000000
99843  49.649  20.126  41.106 0.6000000238
99856  47.089  20.549  39.863 0.6999999881
99854  49.131  19.999  40.561 0.6999999881
99866  47.568  20.003  39.448 0.6999999881
101049  50.870  22.828  52.123 0.2000000030
100425  51.013  21.851  51.738 0.2000000030
123261  51.209  20.838  52.353 0.2000000030
99775  51.347  19.854  52.913 0.2000000030
137989  51.320  19.146  52.389 0.2000000030
99778  51.323  19.855  51.778 0.3000000119
99124  51.439  18.964  51.715 0.3000000119
99126  51.435  19.170  50.711 0.3000000119
98470  51.550  18.578  49.745 0.3000000119
99135  51.395  19.175  49.576 0.3000000119
99789  49.570  19.954  48.732 0.3000000119
99136  50.614  19.533  49.056 0.3000000119
99144  50.960  19.347  48.103 0.3000000119
100484  44.363  21.582  45.052 0.5000000000
101111  42.421  22.011  44.701 0.5000000000
99796  49.606  20.144  47.718 0.3000000119
99151  50.503  19.781  47.324 0.3000000119
121837  45.283  21.386  45.458 0.5000000000
121836  45.134  21.432  44.316 0.5000000000
99804  49.857  20.309  46.698 0.4000000060
100497  47.244  21.249  44.541 0.5000000000
100483  46.101  21.303  44.928 0.5000000000
100498  46.258  21.307  43.939 0.5000000000
128222  49.132  20.672  46.265 0.4000000060
131684  49.201  20.813  45.534 0.4000000060
100480  48.726  20.990  45.104 0.5000000000
100512  46.569  21.294  42.981 0.5000000000
100537  46.683  20.992  41.405 0.6000000238
100511  47.833  21.035  42.800 0.5000000000
123595  46.973  21.037  42.221 0.5000000000
100524  48.855  20.756  42.298 0.6000000238
99837  49.242  20.513  41.656 0.6000000238
99845  47.563  20.636  40.720 0.6999999881
99844  48.780  20.391  40.913 0.6999999881
101053  50.128  23.410  50.967 0.2000000030
101052  50.596  22.720  51.402 0.2000000030
145598  49.987  22.585  50.870 0.2000000030
100428  51.054  20.967  51.372 0.2000000030
101055  49.082  22.011  50.648 0.2000000030
100426  50.373  21.777  50.990 0.2000000030
99780  51.160  20.254  50.821 0.2000000030
138554  49.641  21.296  50.579 0.2000000030
100429  50.413  20.890  50.759 0.2000000030
100431  47.944  21.767  50.445 0.2000000030
100430  48.747  21.141  50.281 0.2000000030
99782  49.622  20.638  50.227 0.3000000119
99781  50.476  20.343  50.321 0.3000000119
99788  51.021  19.782  50.054 0.3000000119
99790  48.797  20.424  49.414 0.3000000119
99797  48.706  20.287  48.202 0.3000000119
100486  42.969  21.841  45.593 0.5000000000
99805  48.913  20.480  47.179 0.3000000119
99806  47.993  20.657  47.594 0.3000000119
100485  43.392  21.786  44.577 0.5000000000
100469  43.533  21.631  46.381 0.3000000119
99813  48.397  20.768  46.748 0.3000000119
100464  48.335  20.941  46.003 0.4000000060
100482  46.807  21.250  45.495 0.5000000000
129851  48.226  21.106  44.619 0.5000000000
100481  47.803  21.149  45.347 0.5000000000
101054  48.880  22.980  50.874 0.2000000030
143481  48.236  23.694  50.785 0.2000000030
101056  48.066  22.431  50.743 0.2000000030
101620  46.678  23.236  50.540 0.2000000030
101057  47.134  22.397  50.467 0.2000000030
100439  47.761  21.038  49.698 0.2000000030
145878  47.286  20.796  49.113 0.2000000030
100440  46.840  21.210  49.410 0.2000000030
132969  47.463  20.746  48.061 0.3000000119
100468  44.479  21.419  46.182 0.5000000000
140708  43.733  21.642  45.556 0.5000000000
100458  42.751  21.891  46.575 0.3000000119
100465  47.677  20.951  46.857 0.4000000060
100453  47.210  20.931  47.644 0.3000000119
125470  46.676  21.100  46.984 0.4000000060
100455  45.659  21.213  47.488 0.5000000000
122035  44.884  21.291  47.083 0.5000000000
100456  44.094  21.534  47.162 0.3000000119
102147  48.381  24.478  50.559 0.2000000030
102665  47.573  24.982  50.234 0.2000000030
102153  46.546  24.682  50.178 0.2000000030
144357  45.248  24.792  49.683 0.2000000030
102682  45.126  25.775  48.730 0.2000000030
138996  47.655  23.090  50.818 0.2000000030
101619  47.287  24.033  50.611 0.2000000030
102154  45.596  24.303  50.061 0.2000000030
102683  44.409  25.608  48.691 0.2000000030
131013  43.309  24.845  48.685 0.2000000030
130444  42.859  25.249  48.331 0.2000000030
102148  46.331  23.938  50.413 0.2000000030
101629  45.099  23.524  49.843 0.2000000030
102155  44.718  24.324  49.571 0.2000000030
102675  43.969  24.830  49.107 0.2000000030
102692  42.357  25.742  47.850 0.2000000030
102693  41.572  25.448  47.694 0.2000000030
101058  46.131  22.643  50.242 0.2000000030
101621  45.822  23.394  50.266 0.2000000030
102160  43.415  24.281  48.864 0.2000000030
102161  42.757  24.333  48.448 0.2000000030
102167  41.318  24.488  47.834 0.2000000030
101064  46.474  21.915  49.958 0.2000000030
101065  45.629  22.130  49.648 0.2000000030
142086  46.127  21.522  49.454 0.2000000030
100441  45.681  21.540  49.107 0.2000000030
100448  44.739  21.526  47.989 0.2000000030
101071  44.328  22.261  48.625 0.2000000030
100449  43.778  21.839  47.991 0.3000000119
101073  42.872  22.875  48.080 0.3000000119
101078  41.762  22.464  47.424 0.3000000119
101637  41.448  23.345  47.762 0.2000000030
100446  47.007  20.885  48.511 0.2000000030
100447  46.225  21.130  48.858 0.2000000030
122320  45.609  21.359  48.407 0.2000000030
100457  43.303  21.889  47.226 0.3000000119
101077  42.605  22.312  47.459 0.3000000119
101090  42.057  21.964  46.911 0.3000000119
100454  46.425  21.110  47.975 0.2000000030
103248  44.528  26.482  47.569 0.2000000030
102691  43.169  25.974  47.989 0.2000000030
103250  42.677  26.384  47.332 0.2000000030
143492  42.076  26.590  47.105 0.2000000030
103240  44.011  26.134  48.144 0.2000000030
101630  44.501  23.536  49.422 0.2000000030
102156  43.916  23.942  49.219 0.2000000030
134372  40.918  25.184  47.579 0.2000000030
102162  41.978  24.097  48.147 0.2000000030
141825  44.075  23.130  48.930 0.2000000030
102685  42.104  24.912  48.129 0.2000000030
102169  39.853  24.193  47.559 0.2000000030
135645  45.448  22.865  49.976 0.2000000030
101070  45.088  21.882  48.906 0.2000000030
101066  44.844  22.744  49.364 0.2000000030
101072  43.551  22.612  48.397 0.2000000030
101642  42.211  22.889  47.815 0.2000000030
138721  40.701  23.915  47.679 0.2000000030
103249  43.637  26.405  47.456 0.2000000030
103262  43.336  26.701  46.708 0.2000000030
103261  44.219  26.676  46.828 0.2000000030
103807  43.143  27.102  46.019 0.2000000030
102694  40.157  25.316  47.385 0.2000000030
101631  43.282  23.522  48.603 0.2000000030
102168  40.594  24.612  47.619 0.2000000030
101636  42.418  23.500  48.160 0.2000000030
94964  39.595  13.681  58.045 0.3000000119
95749  36.979  14.547  57.455 0.2000000030
95758  35.407  14.548  56.462 0.3000000119
96464  36.514  15.073  54.777 0.5000000000
95768  34.449  14.214  53.561 0.4000000060
96481  35.672  14.919  52.610 0.5000000000
95774  35.459  13.988  51.181 0.5000000000
95005  36.135  13.342  50.131 0.6000000238
95012  36.532  13.580  49.714 0.6000000238
96491  36.767  15.056  50.632 0.4000000060
93390  38.498  11.599  47.223 0.8999999762
94205  37.515  12.383  48.260 0.8000000119
95020  37.279  13.221  48.625 0.6999999881
137811  36.847  13.327  49.234 0.6000000238
95785  37.374  14.554  49.208 0.6000000238
96485  38.072  15.812  50.995 0.5000000000
137063  38.852  11.774  46.571 0.8999999762
124192  38.213  13.921  47.909 0.6999999881
96512  37.934  14.999  48.843 0.6999999881
96502  37.694  15.263  49.619 0.6000000238
93401  39.654  10.905  45.414 0.8999999762
95034  39.101  13.142  46.816 0.8999999762
95802  38.775  14.261  47.596 0.8000000119
96519  39.611  15.430  47.555 0.8999999762
146197  40.429  10.218  44.548 0.8999999762
95042  40.043  13.208  45.793 0.8999999762
97862  41.286  17.350  50.281 0.5000000000
91777  41.392  9.161  43.840 0.6999999881
93417  40.977  11.163  43.563 0.8000000119
95817  40.744  14.390  45.686 0.8999999762
137650  40.517  13.744  45.547 0.8999999762
97254  40.926  16.194  46.878 0.8000000119
97244  40.637  16.495  47.650 0.6999999881
93429  41.839  11.246  41.239 0.6999999881
95063  41.732  13.156  42.515 0.8000000119
93407  47.690  11.309  44.490 0.6000000238
97203  41.339  16.044  51.506 0.6000000238
97214  41.788  16.543  50.906 0.6000000238
97253  41.577  16.568  46.517 0.8000000119
96537  41.582  15.521  45.514 0.8999999762
129872  44.446  8.134  40.697 0.6000000238
93428  42.072  11.945  40.782 0.6999999881
95070  42.576  13.221  41.091 0.8000000119
97911  42.657  17.624  46.546 0.8000000119
91001  45.742  8.577  37.837 0.5000000000
91822  41.924  9.672  38.640 0.6000000238
91827  42.151  9.650  37.600 0.5000000000
94265  42.713  12.688  38.876 0.6999999881
93448  42.259  12.132  38.123 0.6999999881
97814  40.462  16.762  59.058 0.2000000030
97819  39.996  17.256  57.654 0.2000000030
97834  39.681  17.461  55.785 0.3000000119
97181  40.407  16.759  54.096 0.3000000119
142841  42.307  15.775  52.622 0.4000000060
97859  44.102  16.412  50.544 0.6000000238
92623  52.150  11.061  41.950 0.6000000238
127353  42.348  17.944  48.305 0.6000000238
92637  49.715  11.208  41.747 0.5000000000
97270  42.790  16.301  44.637 0.8999999762
90977  47.961  9.770  40.055 0.6000000238
96567  42.994  15.063  42.696 0.8999999762
90976  50.122  9.437  40.381 0.5000000000
95848  42.970  14.022  41.522 0.8000000119
90989  47.091  8.999  38.391 0.5000000000
95085  43.069  13.221  39.370 0.8999999762
95100  43.349  13.465  37.559 0.8999999762
90150  47.057  7.869  37.116 0.5000000000
93458  42.122  12.034  36.863 0.6999999881
91010  45.035  8.625  36.348 0.5000000000
91011  44.061  8.882  36.145 0.5000000000
128665  42.278  12.131  35.548 0.8000000119
90152  45.929  8.187  36.098 0.5000000000
91017  45.461  8.374  35.655 0.5000000000
91025  44.790  8.544  34.667 0.5000000000
97144  41.508  16.360  61.536 0.2000000030
97801  41.847  17.050  61.992 0.1000000015
97145  40.953  16.869  61.471 0.2000000030
146823  40.355  17.326  59.438 0.2000000030
98436  41.494  18.292  57.887 0.2000000030
98448  43.561  19.122  55.808 0.3000000119
98491  45.712  18.239  48.263 0.6000000238
98522  44.083  18.520  46.684 0.8000000119
122304  45.306  18.595  45.887 0.6999999881
97919  44.201  17.969  44.936 0.6999999881
97928  43.805  17.303  44.578 0.8999999762
126878  45.508  18.445  44.195 0.6999999881
97935  44.092  17.012  43.807 0.8999999762
97276  43.671  16.421  43.404 0.8999999762
96556  43.335  15.749  43.054 0.8999999762
95838  43.318  14.754  41.893 0.8999999762
95856  43.839  14.405  40.211 0.8999999762
95846  44.253  15.021  40.580 0.8999999762
95084  43.588  13.795  38.984 0.8999999762
95091  43.671  13.820  38.197 0.8999999762
132356  43.147  13.406  36.467 0.8000000119
143948  42.685  10.217  34.195 0.5000000000
93465  42.283  11.456  34.696 0.6000000238
93468  42.269  11.732  33.581 0.6000000238
95107  42.977  13.535  35.252 0.8000000119
93469  42.015  11.275  33.248 0.6000000238
93473  42.059  11.870  33.293 0.6999999881
91848  42.543  10.043  33.539 0.5000000000
90159  45.926  7.691  35.809 0.5000000000
91841  42.750  9.933  33.783 0.5000000000
91026  44.278  8.632  34.594 0.5000000000
90171  43.845  8.102  34.423 0.5000000000
91027  42.768  8.200  34.402 0.5000000000
137188  41.384  20.076  58.218 0.2000000030
99091  43.847  19.601  57.192 0.3000000119
99108  45.164  19.554  54.260 0.3000000119
98464  45.678  18.262  52.642 0.5000000000
97200  44.599  15.799  51.436 0.5000000000
97198  46.325  16.139  51.058 0.6000000238
123727  45.421  17.164  49.718 0.6000000238
98555  45.077  18.138  43.746 0.6999999881
98554  45.876  18.499  43.440 0.6000000238
98571  46.399  18.276  41.389 0.6999999881
95864  44.693  14.853  38.752 0.8999999762
95881  44.072  14.276  37.283 0.8999999762
95106  43.484  14.076  35.562 0.8000000119
95894  43.662  14.842  34.675 0.8999999762
95118  42.292  13.816  33.775 0.6999999881
95112  43.037  14.387  33.942 0.8000000119
99748  42.945  20.354  57.624 0.3000000119
99746  44.260  20.759  56.807 0.2000000030
100409  46.898  21.456  55.750 0.2000000030
100381  43.109  21.056  57.275 0.3000000119
99116  46.277  19.561  54.063 0.3000000119
143687  46.566  17.171  51.980 0.5000000000
142793  47.700  16.769  51.033 0.4000000060
97197  47.112  16.375  50.771 0.6000000238
97208  47.164  16.392  50.143 0.6000000238
97873  46.966  16.822  49.518 0.6000000238
98504  47.922  18.038  47.739 0.6000000238
97890  46.541  17.610  48.812 0.6000000238
123411  47.160  18.258  47.573 0.6999999881
98519  46.704  18.704  46.170 0.6999999881
98552  49.308  19.059  43.081 0.6000000238
98553  48.120  18.873  43.746 0.6000000238
98562  48.539  18.945  41.643 0.6999999881
140450  47.523  18.726  42.250 0.6000000238
124448  47.055  18.716  43.300 0.6000000238
99185  50.085  19.492  42.493 0.6000000238
125307  48.028  18.646  40.333 0.6999999881
97947  46.932  18.325  40.347 0.6999999881
98569  48.650  19.032  40.769 0.6999999881
97954  47.154  17.990  39.272 0.8000000119
97955  46.155  17.653  39.966 0.8000000119
96582  45.564  16.033  39.439 0.8000000119
98584  47.947  18.992  39.315 0.6999999881
97961  47.097  17.828  38.442 0.8000000119
96591  45.796  16.068  38.350 0.8000000119
97962  46.590  17.367  38.964 0.8000000119
95880  44.748  15.061  36.349 0.8999999762
96610  43.458  16.026  35.544 0.8999999762
95899  43.160  15.113  34.194 0.8999999762
96624  44.627  15.856  35.084 0.8999999762
96620  42.927  15.592  34.925 0.8999999762
138806  42.632  14.626  33.999 0.8000000119
95895  42.672  15.013  34.166 0.8000000119
97324  44.871  16.580  35.592 0.8000000119
100393  44.225  21.219  56.282 0.2000000030
99772  50.616  20.364  54.483 0.2000000030
100420  50.732  21.352  54.649 0.2000000030
99120  49.632  18.914  53.065 0.2000000030
99104  48.588  19.838  54.472 0.2000000030
99114  48.148  19.365  53.725 0.3000000119
99121  48.589  18.848  52.922 0.2000000030
98467  48.693  17.683  51.662 0.4000000060
97844  47.289  17.638  52.053 0.4000000060
97887  50.473  17.381  48.582 0.5000000000
97857  49.093  17.007  50.532 0.5000000000
97886  51.149  17.603  48.706 0.5000000000
131044  40.856  20.601  41.014 0.6000000238
100543  39.809  20.696  41.652 0.6000000238
98539  50.528  18.746  44.492 0.5000000000
141795  42.699  21.889  43.639 0.6000000238
100542  40.275  20.527  41.314 0.6000000238
98514  51.556  18.560  46.595 0.4000000060
121955  42.784  21.344  41.011 0.6000000238
99860  42.138  20.819  40.642 0.6000000238
100549  44.095  21.166  40.351 0.6000000238
100550  43.376  21.074  40.491 0.6000000238
131591  42.986  19.969  40.634 0.6000000238
135872  45.474  21.198  41.139 0.6000000238
99218  44.679  20.269  39.606 0.6000000238
98579  43.776  19.166  40.161 0.6999999881
99857  45.862  20.575  39.875 0.6000000238
97964  44.234  17.612  39.367 0.6999999881
99214  47.711  19.415  39.185 0.6999999881
99216  46.331  19.756  38.651 0.6999999881
99215  47.154  19.636  38.764 0.6999999881
98586  45.383  19.077  38.537 0.6999999881
98596  45.805  18.618  37.800 0.8000000119
137345  44.420  16.811  36.470 0.8000000119
97319  44.210  16.465  35.624 0.8999999762
96601  42.809  15.563  37.624 0.8000000119
143190  44.978  17.083  36.049 0.8000000119
98460  51.013  18.525  51.972 0.3000000119
97869  51.542  17.935  48.745 0.5000000000
128784  51.304  19.139  48.805 0.3000000119
98501  51.585  18.405  47.523 0.4000000060
100513  45.460  21.448  43.203 0.5000000000
99812  50.117  20.526  45.592 0.4000000060
99820  49.650  20.832  44.803 0.4000000060
99145  50.252  19.771  48.179 0.3000000119
122276  46.044  21.293  45.714 0.5000000000
100467  45.628  21.262  46.452 0.5000000000
143350  48.245  21.067  43.743 0.5000000000
122785  47.240  21.218  43.607 0.5000000000
100525  48.027  20.745  41.707 0.6000000238
138073  47.200  21.663  50.070 0.2000000030
99798  47.788  20.555  48.667 0.3000000119
121548  47.330  21.107  46.165 0.4000000060
135232  45.578  25.690  49.116 0.2000000030
102674  44.937  25.207  49.296 0.2000000030
103239  44.891  26.192  48.213 0.2000000030
101076  43.192  22.313  47.852 0.3000000119
102695  39.138  25.049  47.357 0.2000000030
87537  48.538  5.599  52.571 0.3000000119
139018  48.489  4.950  52.027 0.3000000119
87545  48.238  4.284  51.874 0.3000000119
86651  48.274  3.953  51.097 0.3000000119
86580  53.415  4.074  59.795 0.2000000030
86581  52.781  3.990  60.416 0.2000000030
88410  48.911  5.464  51.671 0.3000000119
87544  48.677  4.712  51.286 0.3000000119
86659  48.018  3.551  50.342 0.3000000119
132493  47.598  3.196  49.687 0.3000000119
87460  53.632  4.881  60.046 0.2000000030
88409  49.332  6.115  51.336 0.3000000119
87551  48.628  4.421  50.295 0.3000000119
86665  48.191  3.778  49.548 0.3000000119
125574  47.625  3.403  48.973 0.3000000119
87472  54.289  5.203  59.064 0.2000000030
89189  54.391  7.009  57.854 0.3000000119
90826  53.566  8.618  56.809 0.3000000119
90841  53.314  9.696  55.368 0.3000000119
88416  49.558  6.269  50.586 0.3000000119
88417  49.183  5.381  50.722 0.3000000119
87557  48.711  4.480  49.306 0.3000000119
86676  48.220  3.905  48.752 0.3000000119
142864  47.629  3.622  48.342 0.3000000119
137421  49.454  5.829  50.063 0.3000000119
88433  49.243  5.126  48.955 0.3000000119
87566  48.688  4.544  48.465 0.3000000119
87567  48.105  3.999  47.969 0.3000000119
87579  46.817  4.070  46.893 0.3000000119
91697  52.694  10.275  50.656 0.3000000119
87578  47.729  4.278  47.221 0.3000000119
87589  47.334  4.660  46.512 0.3000000119
90048  53.220  9.603  49.566 0.3000000119
90053  53.400  9.031  48.795 0.3000000119
89268  54.045  8.039  46.571 0.3000000119
89258  53.675  8.423  47.365 0.3000000119
89269  53.792  7.083  46.202 0.3000000119
88396  48.409  6.073  53.507 0.3000000119
87538  47.994  4.705  52.730 0.3000000119
86641  47.713  3.878  52.377 0.3000000119
86653  47.427  3.153  51.963 0.3000000119
85786  46.863  2.425  51.804 0.3000000119
86569  52.588  4.158  61.322 0.2000000030
85687  51.373  3.156  61.083 0.2000000030
89214  48.868  6.972  53.412 0.3000000119
86652  47.751  3.300  51.104 0.3000000119
85796  46.846  2.164  50.850 0.3000000119
87461  53.308  4.741  60.564 0.2000000030
90849  50.029  8.474  54.754 0.3000000119
90858  50.032  8.582  53.873 0.3000000119
89220  49.494  7.386  52.696 0.3000000119
89227  49.091  6.084  52.051 0.3000000119
86666  47.026  2.905  49.182 0.3000000119
85824  46.245  2.586  48.767 0.3000000119
90843  50.797  9.037  55.161 0.3000000119
90848  50.723  9.253  54.203 0.3000000119
90866  50.249  8.638  53.191 0.3000000119
90030  50.119  7.876  51.959 0.3000000119
89226  49.581  6.842  51.887 0.3000000119
85825  45.371  2.489  48.500 0.2000000030
89180  54.078  6.649  58.831 0.3000000119
123783  53.234  8.454  57.630 0.3000000119
90834  53.189  9.338  56.345 0.3000000119
91663  52.526  9.820  55.180 0.3000000119
91669  51.501  9.910  53.564 0.3000000119
90029  50.843  9.019  51.903 0.3000000119
90039  50.153  7.440  51.215 0.3000000119
86693  46.210  3.597  47.422 0.3000000119
86694  44.801  3.638  47.560 0.2000000030
129349  52.433  9.142  56.628 0.3000000119
90880  51.400  9.344  51.002 0.3000000119
90044  50.661  8.215  50.470 0.3000000119
125508  49.842  6.528  49.878 0.3000000119
88445  49.177  5.170  48.138 0.3000000119
87591  45.451  4.780  46.702 0.4000000060
87580  45.424  3.938  47.150 0.3000000119
90885  52.683  9.996  49.564 0.3000000119
126057  51.091  8.448  49.661 0.3000000119
89247  51.014  8.088  48.954 0.3000000119
89248  50.214  6.508  48.167 0.3000000119
87577  48.515  4.658  47.655 0.3000000119
87588  48.222  4.842  46.846 0.3000000119
87590  46.382  4.662  46.409 0.4000000060
88459  45.282  5.727  46.576 0.4000000060
90884  53.162  9.679  49.089 0.3000000119
132909  51.997  8.946  48.601 0.3000000119
88454  49.561  5.709  46.875 0.3000000119
88456  47.832  5.236  46.140 0.3000000119
88457  46.810  5.398  45.980 0.4000000060
88458  45.892  5.454  46.168 0.4000000060
140618  53.320  9.089  48.147 0.3000000119
88468  49.265  5.819  45.982 0.3000000119
88469  48.331  5.717  45.727 0.3000000119
88470  47.442  5.868  45.602 0.3000000119
89272  46.201  5.998  45.798 0.4000000060
90897  53.720  8.614  46.776 0.4000000060
89292  54.344  7.762  45.003 0.4000000060
90085  54.228  8.338  45.287 0.4000000060
89293  53.816  6.990  44.697 0.3000000119
89309  51.599  6.639  43.022 0.5000000000
146583  52.708  6.703  43.778 0.4000000060
90114  51.868  7.645  42.486 0.5000000000
87528  46.737  4.213  54.006 0.3000000119
86628  46.723  3.477  53.326 0.3000000119
85760  46.116  2.792  53.262 0.3000000119
85772  46.284  2.157  52.497 0.3000000119
86562  52.053  3.679  61.704 0.2000000030
85679  51.493  3.139  62.079 0.2000000030
88388  48.088  6.077  54.340 0.3000000119
88397  47.757  5.505  54.004 0.3000000119
87527  47.493  4.821  53.638 0.3000000119
142306  47.231  3.471  52.729 0.3000000119
86642  46.795  2.894  52.626 0.3000000119
84885  46.260  1.665  51.564 0.3000000119
84900  45.644  1.217  51.066 0.3000000119
90008  49.507  7.727  55.247 0.3000000119
90009  48.898  7.179  54.858 0.3000000119
89215  48.485  6.603  54.007 0.3000000119
84930  45.790  1.645  49.798 0.3000000119
84931  45.045  1.572  49.583 0.3000000119
90007  50.153  8.291  55.688 0.3000000119
90016  48.852  7.195  54.104 0.3000000119
85808  44.834  1.994  48.917 0.2000000030
89170  53.758  6.562  59.548 0.3000000119
88342  53.845  5.585  59.741 0.3000000119
136691  44.176  2.225  48.843 0.2000000030
122425  53.340  7.989  58.342 0.3000000119
90827  52.737  8.783  57.102 0.3000000119
137593  51.826  9.052  56.451 0.3000000119
86679  44.272  3.221  48.016 0.2000000030
89983  53.508  7.343  59.061 0.3000000119
87581  44.025  5.039  47.717 0.2000000030
89262  44.314  6.645  47.460 0.4000000060
90080  44.634  7.381  47.196 0.4000000060
90049  52.766  9.505  48.814 0.3000000119
130556  51.780  8.094  47.487 0.3000000119
89261  50.231  6.386  47.318 0.3000000119
89271  50.100  6.313  46.403 0.3000000119
89273  45.619  6.479  46.198 0.4000000060
90068  44.830  8.528  47.357 0.4000000060
90898  52.670  8.973  48.025 0.3000000119
90067  52.826  8.680  47.191 0.4000000060
89270  50.989  7.184  46.845 0.3000000119
89283  48.719  6.318  45.284 0.3000000119
89296  48.026  7.108  44.771 0.4000000060
89284  47.107  6.802  45.280 0.4000000060
90091  45.837  7.653  46.054 0.4000000060
90899  45.302  9.727  47.349 0.4000000060
90077  52.790  8.365  46.395 0.4000000060
90088  51.329  7.593  45.159 0.4000000060
89294  50.193  7.132  44.904 0.4000000060
90089  47.267  7.886  45.000 0.4000000060
133262  46.845  8.691  45.436 0.4000000060
90908  45.841  9.930  46.766 0.4000000060
91737  45.478  10.516  47.084 0.5000000000
89302  53.537  7.350  43.937 0.4000000060
88478  52.732  6.327  44.349 0.3000000119
89301  54.219  7.808  44.417 0.4000000060
90086  53.619  8.495  45.862 0.4000000060
90098  50.778  8.013  44.168 0.4000000060
139106  48.698  7.736  44.436 0.4000000060
90912  47.400  9.158  45.016 0.4000000060
91736  46.018  10.759  46.657 0.4000000060
138080  54.200  8.439  44.533 0.4000000060
90923  53.058  9.233  43.849 0.4000000060
90119  51.494  8.514  41.779 0.5000000000
132623  52.194  3.936  64.631 0.2000000030
136152  51.597  3.128  64.312 0.1000000015
86620  46.097  3.893  54.710 0.3000000119
86629  46.001  3.467  53.936 0.3000000119
85761  45.302  2.736  53.877 0.3000000119
86555  52.488  4.638  63.052 0.2000000030
86556  52.092  3.768  62.788 0.2000000030
85673  51.157  2.672  63.560 0.1000000015
88375  48.146  6.008  55.894 0.3000000119
88381  47.939  6.122  55.050 0.3000000119
87518  47.004  5.035  55.031 0.3000000119
87519  46.650  4.528  54.694 0.3000000119
84886  45.757  1.457  52.323 0.3000000119
83992  45.311  0.813  52.071 0.3000000119
87446  52.699  4.981  62.533 0.3000000119
86561  52.540  4.295  62.216 0.2000000030
85680  50.961  2.612  62.502 0.1000000015
142109  48.780  6.504  56.025 0.3000000119
129323  47.132  4.999  54.370 0.3000000119
131205  45.691  1.173  51.711 0.3000000119
84004  45.306  0.849  51.435 0.3000000119
88328  53.175  5.600  61.350 0.3000000119
90002  49.678  7.591  56.161 0.3000000119
89202  49.106  7.047  55.680 0.3000000119
89203  48.514  6.576  55.335 0.3000000119
89208  48.431  6.616  54.612 0.3000000119
84915  44.529  1.136  50.188 0.2000000030
88327  53.497  5.656  60.508 0.3000000119
84932  44.144  1.681  49.465 0.2000000030
89151  53.530  6.427  60.199 0.3000000119
133074  51.062  8.578  56.044 0.3000000119
85827  43.826  2.752  48.495 0.2000000030
85810  42.785  2.487  49.360 0.2000000030
89993  52.459  8.512  58.104 0.3000000119
90828  51.972  8.856  57.274 0.3000000119
87568  43.369  4.637  48.379 0.3000000119
89263  43.685  6.802  48.157 0.4000000060
90055  44.060  8.790  48.543 0.6000000238
130353  44.460  8.906  48.055 0.5000000000
90900  44.762  9.666  47.897 0.5000000000
92572  44.729  10.385  47.549 0.5000000000
92582  45.183  10.680  47.109 0.6000000238
91738  44.602  10.538  47.071 0.6000000238
90107  54.166  8.382  44.013 0.4000000060
90922  54.028  8.716  44.107 0.5000000000
90097  52.198  8.347  44.404 0.4000000060
90924  51.701  9.180  43.521 0.4000000060
90100  48.998  8.782  43.859 0.4000000060
90926  48.129  9.952  44.556 0.4000000060
137553  47.475  10.432  45.319 0.4000000060
92590  46.676  11.092  45.864 0.4000000060
92591  45.959  11.112  46.304 0.5000000000
92592  45.284  10.766  46.653 0.6000000238
121325  43.598  9.773  46.733 0.6000000238
90108  53.695  8.077  43.243 0.4000000060
90937  53.757  8.909  43.659 0.4000000060
143551  49.799  9.630  43.525 0.4000000060
90925  49.009  10.327  43.802 0.4000000060
91758  47.726  10.997  45.137 0.4000000060
92589  47.314  11.112  45.340 0.4000000060
92603  45.272  10.651  45.739 0.6000000238
90109  52.621  7.248  43.246 0.4000000060
90938  52.850  9.721  43.103 0.4000000060
131983  52.957  8.286  42.748 0.4000000060
130884  52.635  8.911  42.201 0.5000000000
91794  52.452  10.429  41.859 0.5000000000
88290  51.880  5.693  64.916 0.2000000030
87427  52.306  5.061  64.637 0.2000000030
145356  52.270  4.583  65.125 0.2000000030
85662  51.618  3.217  65.120 0.2000000030
88369  47.842  5.206  57.034 0.3000000119
138671  48.187  5.664  56.630 0.3000000119
88376  47.680  5.325  56.193 0.3000000119
132417  46.656  4.319  56.162 0.3000000119
87512  46.498  4.364  55.342 0.3000000119
86621  45.460  3.263  54.504 0.3000000119
145741  52.355  6.098  62.989 0.3000000119
87437  52.329  5.284  63.765 0.2000000030
133315  52.331  4.315  63.777 0.2000000030
88367  48.964  6.103  57.557 0.3000000119
89197  48.750  6.209  56.779 0.3000000119
87511  47.125  4.858  55.749 0.3000000119
85754  45.018  2.760  54.486 0.3000000119
84887  45.113  1.208  52.825 0.3000000119
88319  52.749  5.772  62.348 0.3000000119
89192  49.465  6.669  57.497 0.3000000119
84005  44.744  0.483  51.530 0.3000000119
84006  43.956  0.047  51.850 0.3000000119
89140  52.749  6.621  61.840 0.3000000119
89191  50.249  7.240  57.997 0.3000000119
89996  49.925  7.402  57.078 0.3000000119
84021  44.082  0.478  50.875 0.2000000030
130569  43.387  0.169  51.318 0.3000000119
89995  50.672  7.915  57.542 0.3000000119
84916  42.772  1.209  50.204 0.2000000030
84022  43.147  0.573  50.719 0.2000000030
89969  53.132  7.395  60.014 0.3000000119
89994  51.497  8.375  57.929 0.3000000119
90836  51.237  8.427  56.974 0.3000000119
86667  43.148  3.004  48.828 0.2000000030
84934  42.374  1.909  49.801 0.2000000030
84023  42.272  0.711  50.699 0.2000000030
89249  43.186  6.375  48.649 0.5000000000
87569  42.686  4.756  49.062 0.3000000119
90056  43.603  8.648  49.118 0.6000000238
90890  43.829  9.569  48.908 0.6000000238
90889  44.313  9.643  48.424 0.6000000238
91727  43.136  10.099  48.490 0.6000000238
91726  44.058  10.173  48.264 0.6000000238
121344  43.901  10.286  47.692 0.6000000238
91748  44.474  10.309  46.285 0.6000000238
88286  51.511  5.420  65.698 0.2000000030
87426  52.067  5.865  64.230 0.2000000030
137519  52.131  5.064  65.442 0.2000000030
87420  51.875  4.792  66.126 0.2000000030
89122  51.996  6.449  63.215 0.3000000119
88300  52.211  5.979  63.573 0.2000000030
88356  48.860  5.721  58.088 0.3000000119
87484  48.181  5.066  58.003 0.3000000119
87504  47.243  4.766  56.590 0.3000000119
86614  45.681  3.443  55.805 0.3000000119
134024  45.560  3.440  55.105 0.3000000119
86615  45.099  2.912  54.954 0.3000000119
85755  44.512  2.371  54.785 0.3000000119
125664  49.853  6.607  58.427 0.3000000119
130998  49.302  6.225  58.063 0.3000000119
88368  48.468  5.654  57.344 0.3000000119
84876  44.759  1.823  53.675 0.3000000119
84877  43.973  1.353  53.933 0.3000000119
83982  44.399  0.903  53.198 0.3000000119
83994  44.039  0.297  52.705 0.3000000119
83984  42.784  -0.004  53.514 0.3000000119
89152  53.101  6.745  60.935 0.3000000119
89153  52.477  7.197  61.427 0.3000000119
83055  43.043  -0.217  51.873 0.2000000030
83056  42.556  -0.386  52.559 0.2000000030
83046  42.090  -0.456  53.135 0.2000000030
89954  52.431  7.538  60.728 0.3000000119
89971  51.344  7.695  59.437 0.3000000119
89986  50.988  7.831  58.490 0.3000000119
84007  42.631  0.182  51.282 0.2000000030
84008  41.753  0.265  51.260 0.2000000030
83058  40.872  -0.529  52.456 0.2000000030
89970  52.204  7.987  59.858 0.3000000119
89985  51.850  8.163  58.869 0.3000000119
87558  42.064  4.816  49.508 0.3000000119
133612  42.303  4.067  49.326 0.2000000030
135893  41.603  2.072  49.965 0.2000000030
84024  41.421  0.893  50.687 0.2000000030
83067  40.534  -0.238  51.832 0.2000000030
89984  52.719  7.942  59.077 0.3000000119
90051  43.037  8.464  49.709 0.5000000000
89250  42.727  6.449  49.203 0.4000000060
88425  41.800  5.565  49.838 0.3000000119
91715  42.759  9.910  49.239 0.5000000000
121984  42.183  9.590  48.019 0.6000000238
91739  42.847  9.682  47.515 0.6000000238
87410  49.523  4.239  67.369 0.2000000030
87421  51.372  5.027  66.415 0.2000000030
87408  51.000  4.784  66.981 0.2000000030
88291  51.150  5.865  64.872 0.2000000030
89123  51.493  6.523  63.396 0.3000000119
137159  51.848  6.214  63.757 0.3000000119
88301  51.493  6.183  64.163 0.2000000030
88344  48.732  5.406  58.884 0.3000000119
87494  47.416  4.642  57.478 0.3000000119
87505  46.760  4.250  57.020 0.3000000119
86606  46.162  3.724  56.554 0.3000000119
86607  45.591  3.107  56.571 0.3000000119
86608  45.196  2.837  56.006 0.3000000119
85756  44.098  2.047  55.259 0.3000000119
89134  52.317  6.601  62.578 0.3000000119
88355  49.388  6.008  58.756 0.3000000119
88343  49.413  5.729  59.787 0.3000000119
83971  43.229  0.871  54.230 0.3000000119
84861  42.921  1.080  55.018 0.3000000119
89141  52.095  7.170  62.066 0.3000000119
89182  50.085  6.474  59.363 0.3000000119
83983  43.660  0.498  53.402 0.3000000119
89181  50.563  7.156  58.937 0.3000000119
83973  41.671  0.041  54.719 0.2000000030
83035  41.145  -0.312  54.954 0.2000000030
83047  41.367  -0.590  53.237 0.2000000030
127927  40.464  -0.676  53.305 0.2000000030
83048  39.485  -0.657  53.330 0.2000000030
125905  39.106  -0.810  54.186 0.2000000030
86660  41.097  3.814  49.964 0.3000000119
126612  40.903  2.171  50.240 0.2000000030
84917  40.600  1.377  50.630 0.2000000030
83059  39.867  -0.430  52.369 0.2000000030
83060  38.869  -0.398  52.597 0.2000000030
83037  38.227  -0.700  54.186 0.2000000030
121687  41.219  9.631  48.940 0.6000000238
90045  42.455  8.297  50.376 0.5000000000
89240  42.217  6.418  49.833 0.4000000060
87559  41.427  4.750  49.902 0.3000000119
86661  40.255  3.926  50.365 0.3000000119
84918  39.749  1.770  50.698 0.2000000030
142329  39.293  0.675  51.407 0.2000000030
83050  37.669  -0.348  53.451 0.2000000030
91729  41.057  9.321  47.903 0.6000000238
130456  39.775  3.348  50.487 0.3000000119
85787  39.066  2.229  50.763 0.2000000030
84011  38.525  0.952  51.596 0.2000000030
84888  37.677  0.934  52.110 0.2000000030
131019  50.744  5.164  66.252 0.2000000030
87409  50.241  4.605  66.990 0.2000000030
86515  48.945  3.864  67.791 0.2000000030
88287  50.737  5.569  65.446 0.2000000030
88302  50.689  6.128  64.095 0.2000000030
89135  51.702  6.866  62.728 0.3000000119
89136  51.071  6.777  62.888 0.2000000030
139767  48.279  4.835  60.315 0.3000000119
137717  48.570  5.049  59.716 0.3000000119
141896  47.957  4.511  59.799 0.3000000119
87485  47.438  4.250  59.198 0.3000000119
86584  46.825  3.602  59.320 0.3000000119
89143  50.455  6.625  62.416 0.2000000030
88320  49.649  6.136  61.939 0.3000000119
88330  48.804  5.332  60.522 0.3000000119
87474  48.076  4.770  58.991 0.3000000119
128277  47.516  4.472  58.353 0.3000000119
86592  46.581  3.587  58.351 0.3000000119
86593  46.052  3.107  57.933 0.3000000119
86601  45.935  3.260  57.165 0.3000000119
138970  45.151  2.628  56.644 0.3000000119
85739  44.701  2.311  56.283 0.3000000119
85747  44.160  1.896  55.891 0.3000000119
84852  44.255  1.721  56.679 0.3000000119
89142  51.221  7.083  62.033 0.3000000119
89155  50.394  6.590  61.472 0.3000000119
84860  43.565  1.486  55.489 0.3000000119
89154  51.798  7.381  61.303 0.3000000119
89172  50.275  6.463  60.403 0.3000000119
89171  50.805  7.155  59.927 0.3000000119
84854  42.909  0.742  55.882 0.3000000119
83953  42.060  0.199  55.999 0.2000000030
140257  42.502  0.349  56.531 0.3000000119
89955  51.598  7.580  60.397 0.3000000119
83962  41.538  -0.027  55.431 0.2000000030
83011  41.230  -0.312  56.176 0.2000000030
83012  40.398  -0.562  56.651 0.2000000030
82027  39.197  -1.284  57.065 0.2000000030
83036  40.524  -0.530  54.954 0.2000000030
83024  39.580  -0.796  55.130 0.2000000030
83014  38.908  -1.128  55.623 0.2000000030
82037  38.661  -1.364  56.342 0.2000000030
82046  38.046  -1.165  55.584 0.2000000030
123816  37.909  -0.889  54.809 0.2000000030
83026  37.231  -0.907  55.061 0.2000000030
82047  37.129  -1.066  55.924 0.2000000030
91708  41.816  9.574  50.071 0.5000000000
89241  41.618  6.339  50.362 0.4000000060
88418  41.179  5.492  50.320 0.4000000060
83997  38.299  0.183  52.257 0.2000000030
83998  37.585  0.201  52.703 0.2000000030
83039  36.641  -0.533  54.567 0.2000000030
92563  39.078  9.816  48.001 0.6999999881
91709  41.019  9.597  50.073 0.6000000238
91700  41.566  9.304  51.038 0.5000000000
89233  41.438  7.095  50.957 0.4000000060
88419  40.502  5.442  50.704 0.3000000119
86662  39.509  4.020  50.702 0.3000000119
85789  38.094  2.609  51.441 0.3000000119
84889  37.095  1.774  52.082 0.4000000060
122313  41.430  9.488  50.642 0.6000000238
91692  40.898  9.101  51.420 0.5000000000
89228  40.766  6.875  51.438 0.4000000060
88420  39.939  5.383  51.065 0.3000000119
88412  39.627  5.770  51.571 0.3000000119
86524  48.727  3.927  66.789 0.2000000030
87428  49.979  5.286  65.566 0.2000000030
81935  42.139  -1.856  66.132 0.1000000015
83866  43.263  0.055  64.987 0.1000000015
82913  43.031  -0.840  65.690 0.1000000015
81941  42.428  -1.032  65.495 0.1000000015
81942  41.670  -1.292  65.269 0.1000000015
80963  41.336  -2.210  65.905 0.1000000015
80964  40.665  -2.402  65.643 0.1000000015
80021  39.256  -2.999  65.779 0.1000000015
80022  38.544  -3.367  65.653 0.1000000015
141285  37.000  -3.959  65.278 0.1000000015
80025  34.989  -3.987  65.655 0.1000000015
80026  34.077  -3.676  65.728 0.2000000030
129265  43.761  0.357  64.847 0.1000000015
83874  43.237  0.376  64.417 0.1000000015
82927  42.092  0.080  64.468 0.1000000015
82921  41.893  -0.495  64.803 0.1000000015
81949  41.091  -0.682  64.611 0.1000000015
81950  40.252  -1.115  64.359 0.1000000015
80973  39.524  -1.993  64.381 0.1000000015
80974  38.659  -2.391  64.198 0.1000000015
80975  37.821  -2.705  64.087 0.1000000015
80054  36.131  -3.335  63.855 0.1000000015
124450  35.228  -3.587  63.756 0.1000000015
80055  34.215  -3.666  63.610 0.2000000030
89124  50.950  6.465  63.530 0.2000000030
88321  48.844  5.556  61.434 0.3000000119
87462  48.186  5.048  61.002 0.3000000119
86583  47.414  3.963  60.008 0.3000000119
83875  42.479  0.390  64.142 0.1000000015
83876  41.667  0.340  64.026 0.1000000015
82939  41.010  0.257  63.935 0.1000000015
82940  40.589  0.112  63.522 0.1000000015
82930  39.901  -0.477  63.705 0.1000000015
81961  39.274  -0.729  63.394 0.1000000015
80984  37.370  -2.152  63.405 0.1000000015
80985  36.554  -2.474  63.289 0.1000000015
80986  35.772  -2.735  63.186 0.1000000015
80987  35.002  -2.912  62.954 0.2000000030
89125  50.544  6.531  63.059 0.2000000030
87453  48.252  5.108  61.842 0.3000000119
87475  47.768  4.498  60.554 0.3000000119
86571  47.261  3.990  60.868 0.3000000119
85711  46.322  2.922  59.798 0.3000000119
85720  46.209  3.013  58.863 0.3000000119
85721  45.634  2.514  58.404 0.3000000119
126821  44.815  2.178  57.071 0.3000000119
83895  42.099  0.249  62.864 0.1000000015
82948  41.398  0.023  62.620 0.1000000015
124406  40.779  -0.340  62.325 0.1000000015
82950  39.635  -0.395  62.850 0.1000000015
81983  38.023  -1.314  62.097 0.1000000015
81971  37.452  -1.369  62.390 0.1000000015
80996  35.532  -2.009  62.637 0.1000000015
80997  34.819  -1.965  62.532 0.1000000015
84844  44.452  1.534  57.521 0.3000000119
84845  43.765  1.144  57.137 0.3000000119
123742  41.528  -0.280  61.749 0.1000000015
82959  40.846  -0.680  61.259 0.1000000015
81982  39.430  -1.326  61.364 0.1000000015
122376  38.544  -1.510  61.446 0.1000000015
126955  37.758  -1.558  61.436 0.1000000015
81984  36.109  -1.254  61.533 0.1000000015
81985  35.239  -0.980  61.695 0.1000000015
81975  33.941  -1.359  61.911 0.1000000015
83952  43.102  0.698  56.779 0.3000000119
83945  42.519  0.138  57.282 0.3000000119
83002  42.212  -0.228  57.908 0.2000000030
82992  42.172  -0.374  58.674 0.2000000030
82018  40.904  -0.858  59.385 0.1000000015
81997  39.746  -1.344  60.382 0.1000000015
82010  38.475  -1.847  59.791 0.1000000015
121594  37.652  -2.104  59.920 0.1000000015
82011  36.749  -2.199  59.837 0.1000000015
82002  35.315  -1.031  61.023 0.1000000015
139354  34.779  -0.740  61.236 0.1000000015
81986  34.457  -0.868  61.574 0.2000000030
83946  41.903  -0.080  56.738 0.2000000030
139298  41.160  -0.587  57.833 0.2000000030
82995  39.766  -1.122  57.748 0.2000000030
121423  38.977  -1.550  57.931 0.2000000030
121949  38.039  -2.030  58.192 0.2000000030
122338  37.018  -2.256  58.162 0.1000000015
82022  35.280  -1.560  58.976 0.1000000015
82014  34.597  -1.079  59.448 0.2000000030
82977  33.937  -0.297  60.389 0.2000000030
82028  38.396  -1.778  57.174 0.2000000030
82039  36.879  -1.553  56.656 0.2000000030
144393  35.888  -1.614  57.548 0.1000000015
82023  34.676  -1.163  58.433 0.1000000015
83005  34.220  -0.799  57.757 0.2000000030
83016  35.370  -1.142  56.359 0.1000000015
83029  34.814  -0.548  55.922 0.2000000030
83018  33.987  -0.364  57.126 0.2000000030
83006  33.594  -0.142  57.875 0.2000000030
83999  36.854  0.900  52.673 0.2000000030
83987  36.476  0.506  53.478 0.3000000119
83040  35.846  -0.372  54.831 0.3000000119
83963  35.069  -0.153  55.116 0.3000000119
141024  38.717  4.679  51.637 0.3000000119
86656  37.752  3.408  51.663 0.4000000060
83988  35.811  0.886  53.883 0.4000000060
84870  35.115  1.200  54.277 0.4000000060
91710  40.003  9.624  49.996 0.6000000238
91702  39.980  9.622  50.872 0.5000000000
121494  40.183  9.345  51.419 0.4000000060
90041  40.412  7.488  51.867 0.3000000119
134127  39.997  6.612  51.777 0.3000000119
88413  38.977  5.384  51.927 0.3000000119
74410  34.529  -9.735  73.632 0.1000000015
74419  33.612  -9.859  72.404 0.1000000015
135407  32.526  -9.668  72.055 0.1000000015
74418  34.361  -9.731  72.625 0.1000000015
74427  33.252  -9.789  71.723 0.1000000015
74429  31.916  -9.289  70.894 0.1000000015
75346  31.110  -8.956  71.214 0.1000000015
122448  34.971  -8.566  70.624 0.1000000015
75352  34.146  -9.153  70.312 0.1000000015
75353  33.252  -9.190  70.052 0.1000000015
75355  31.414  -8.924  70.389 0.1000000015
75356  30.680  -8.486  70.603 0.1000000015
76200  29.734  -7.319  70.425 0.1000000015
77083  36.402  -6.243  70.364 0.1000000015
76196  35.999  -7.174  70.665 0.1000000015
76198  34.482  -8.233  69.918 0.1000000015
76205  33.438  -7.801  69.347 0.1000000015
76206  32.491  -7.918  69.274 0.1000000015
124622  30.854  -7.899  69.290 0.1000000015
76209  29.756  -7.278  69.606 0.1000000015
77092  35.194  -6.089  69.548 0.1000000015
77093  34.490  -6.419  69.160 0.1000000015
77094  33.718  -6.824  68.901 0.1000000015
76214  32.855  -7.181  68.862 0.1000000015
76216  31.256  -7.328  68.677 0.1000000015
76218  29.757  -7.077  68.928 0.1000000015
123045  46.342  1.501  71.867 0.2000000030
78980  36.893  -4.141  69.923 0.1000000015
78009  35.513  -5.087  69.458 0.1000000015
78010  34.663  -5.381  69.020 0.2000000030
77100  33.042  -6.255  68.466 0.2000000030
78017  32.259  -5.785  68.155 0.2000000030
77102  31.396  -6.398  68.119 0.1000000015
77103  30.384  -6.790  68.291 0.1000000015
81907  44.752  -1.283  68.642 0.2000000030
81893  44.068  -1.350  69.530 0.2000000030
80923  35.683  -1.712  69.353 0.1000000015
79978  35.149  -2.575  69.295 0.1000000015
127584  34.782  -3.255  69.080 0.2000000030
78016  33.030  -4.999  68.288 0.2000000030
142489  32.266  -4.883  67.978 0.2000000030
78018  31.590  -5.382  67.821 0.1000000015
78019  30.717  -5.901  67.710 0.1000000015
142825  49.915  4.885  66.219 0.2000000030
87422  49.334  4.460  66.498 0.2000000030
85641  48.534  3.331  68.293 0.2000000030
82904  45.200  -0.468  67.378 0.2000000030
82897  44.922  -1.076  67.771 0.2000000030
81908  43.878  -1.590  68.601 0.2000000030
81909  43.166  -1.890  68.475 0.2000000030
146006  35.904  -1.038  69.161 0.1000000015
81916  35.550  -1.342  68.517 0.1000000015
79985  34.359  -2.758  68.378 0.2000000030
79986  33.750  -3.241  68.169 0.2000000030
78998  32.291  -3.964  67.631 0.2000000030
78999  31.542  -4.262  67.287 0.2000000030
79000  30.673  -4.656  67.032 0.2000000030
82910  44.914  -0.159  66.594 0.2000000030
82905  44.557  -0.773  67.076 0.2000000030
81924  43.067  -1.810  67.434 0.2000000030
80939  41.726  -2.501  67.833 0.1000000015
123259  41.075  -2.810  67.480 0.1000000015
80940  40.257  -2.787  67.704 0.1000000015
80942  38.209  -2.069  67.847 0.1000000015
80943  37.258  -2.141  67.689 0.1000000015
142586  36.563  -2.244  67.632 0.1000000015
136607  34.553  -2.460  67.886 0.2000000030
80957  33.863  -3.106  67.689 0.2000000030
80012  32.428  -3.614  66.851 0.2000000030
79999  31.954  -3.885  67.132 0.2000000030
83856  45.402  0.434  66.234 0.2000000030
83857  44.636  0.183  65.837 0.2000000030
82912  43.475  -0.908  66.259 0.1000000015
81934  42.899  -1.430  66.400 0.1000000015
80953  40.610  -2.873  66.636 0.1000000015
80005  39.585  -3.043  66.543 0.1000000015
80006  38.730  -3.220  66.526 0.1000000015
79996  37.191  -3.094  67.186 0.1000000015
80009  35.229  -3.624  66.575 0.2000000030
80010  34.388  -3.485  66.614 0.2000000030
127791  32.911  -3.509  66.587 0.2000000030
83873  45.090  0.850  64.721 0.2000000030
130874  44.423  0.495  65.108 0.2000000030
128329  33.713  -3.703  64.855 0.2000000030
130604  31.851  -3.641  65.145 0.2000000030
144296  50.385  6.283  63.471 0.2000000030
88304  49.078  5.578  63.230 0.2000000030
87447  48.383  5.053  62.729 0.2000000030
86557  47.378  3.878  62.618 0.2000000030
86563  47.302  3.927  61.735 0.2000000030
83885  44.128  0.660  64.292 0.2000000030
83886  43.247  0.583  63.683 0.1000000015
83887  42.238  0.405  63.567 0.1000000015
80056  33.505  -3.437  62.992 0.2000000030
80057  32.588  -3.524  63.403 0.2000000030
88313  49.824  6.169  62.891 0.3000000119
88314  48.927  5.670  62.353 0.3000000119
87454  47.803  4.505  62.224 0.3000000119
87463  47.717  4.555  61.355 0.3000000119
86564  46.758  3.423  61.220 0.3000000119
125887  45.775  2.454  59.348 0.3000000119
84837  45.199  1.892  58.989 0.3000000119
85722  45.074  1.995  57.943 0.3000000119
125205  43.727  0.687  61.458 0.1000000015
140138  33.690  -2.885  62.432 0.2000000030
80069  33.016  -3.165  62.461 0.2000000030
84831  45.475  1.996  59.774 0.3000000119
84838  44.644  1.405  58.415 0.3000000119
84839  44.056  0.899  57.998 0.3000000119
83914  43.383  0.373  60.753 0.1000000015
121497  42.928  0.309  61.562 0.1000000015
82958  42.148  0.102  62.067 0.1000000015
81988  32.636  -0.919  61.447 0.2000000030
135878  32.600  -2.599  61.987 0.2000000030
127170  44.746  1.330  59.197 0.3000000119
83935  44.255  0.853  58.940 0.3000000119
83929  42.987  -0.133  59.116 0.2000000030
83915  42.847  -0.092  60.198 0.1000000015
82973  42.306  -0.143  61.107 0.1000000015
82962  33.545  -0.220  60.861 0.2000000030
145076  34.135  -0.579  59.778 0.2000000030
143939  33.185  0.020  60.645 0.2000000030
82978  32.901  -0.191  61.027 0.2000000030
129620  33.135  0.363  59.355 0.2000000030
83930  32.807  0.754  59.967 0.2000000030
83954  34.145  -0.117  56.359 0.3000000119
143585  33.360  0.467  57.598 0.2000000030
83976  34.699  0.618  54.817 0.3000000119
83965  33.806  0.809  55.968 0.3000000119
128001  33.176  1.125  57.358 0.3000000119
87547  38.292  4.873  52.268 0.3000000119
87539  37.611  4.157  52.148 0.4000000060
85775  35.943  2.709  52.615 0.3000000119
84879  35.417  1.827  53.600 0.4000000060
84871  34.384  1.575  54.680 0.3000000119
85748  33.951  2.441  54.961 0.3000000119
92564  38.318  10.451  48.352 0.6999999881
91711  38.938  9.786  49.566 0.6000000238
140545  39.231  9.697  50.314 0.5000000000
90876  40.127  8.824  51.791 0.4000000060
90032  39.606  7.176  52.265 0.4000000060
89222  38.791  6.719  52.734 0.3000000119
88405  38.697  5.726  52.673 0.4000000060
88406  38.061  5.324  53.002 0.4000000060
74391  32.887  -9.116  74.915 0.1000000015
75314  32.395  -8.914  73.659 0.1000000015
74401  33.344  -9.547  74.429 0.1000000015
74402  32.834  -9.314  74.118 0.1000000015
75315  31.951  -8.385  73.173 0.1000000015
74399  36.202  -9.472  74.399 0.1000000015
74412  32.813  -9.641  73.371 0.1000000015
75330  32.276  -9.274  72.751 0.1000000015
75345  31.826  -9.223  71.839 0.1000000015
75332  31.149  -8.566  72.033 0.1000000015
81851  44.959  -0.565  73.994 0.1000000015
75297  37.791  -8.864  74.422 0.1000000015
75312  37.363  -8.741  73.527 0.1000000015
74416  36.045  -9.063  72.929 0.1000000015
75329  35.752  -8.997  72.159 0.1000000015
75347  30.597  -8.222  71.469 0.1000000015
123455  44.616  0.739  74.564 0.1000000015
84710  44.869  1.272  74.398 0.1000000015
75327  37.067  -8.191  72.347 0.1000000015
75342  36.236  -8.256  71.721 0.1000000015
75343  35.411  -8.797  71.405 0.1000000015
76189  29.733  -7.153  71.128 0.1000000015
77070  36.827  -6.955  70.956 0.1000000015
76186  36.349  -7.593  71.178 0.1000000015
77085  29.344  -6.931  70.158 0.1000000015
145430  45.590  -0.427  69.908 0.2000000030
78967  38.168  -4.750  70.811 0.1000000015
78969  36.948  -5.227  70.256 0.1000000015
77095  29.187  -6.697  69.500 0.1000000015
83801  45.845  1.484  72.615 0.2000000030
81876  44.211  -0.771  70.431 0.2000000030
81877  43.462  -1.049  70.198 0.2000000030
82864  42.093  0.194  70.945 0.2000000030
83816  41.424  0.712  71.434 0.2000000030
125181  37.914  -1.309  70.500 0.1000000015
80907  38.050  -2.642  70.557 0.1000000015
142961  37.329  -3.233  70.129 0.1000000015
78020  29.102  -6.048  68.217 0.1000000015
78029  28.349  -5.369  67.536 0.1000000015
83830  46.733  0.673  69.724 0.2000000030
81891  45.456  -0.722  69.256 0.2000000030
121464  42.652  -0.734  70.298 0.2000000030
82881  41.756  -0.402  70.195 0.2000000030
82866  40.211  0.507  70.562 0.2000000030
83819  39.234  0.473  70.769 0.2000000030
143974  38.138  0.053  70.260 0.2000000030
81879  37.290  -0.684  69.875 0.1000000015
80908  37.190  -1.781  70.082 0.1000000015
78028  29.170  -5.561  67.527 0.1000000015
83851  45.617  0.190  67.038 0.2000000030
82896  45.407  -0.712  68.228 0.2000000030
81894  43.158  -1.535  69.516 0.2000000030
137844  42.328  -1.169  69.750 0.2000000030
81896  40.444  -0.790  69.506 0.2000000030
82883  39.811  0.176  69.924 0.2000000030
81897  39.473  -0.429  69.400 0.1000000015
82886  37.372  -0.516  69.511 0.1000000015
81898  36.751  -0.685  69.289 0.1000000015
81926  36.375  -1.265  68.136 0.1000000015
79001  29.706  -4.999  66.880 0.2000000030
131698  28.743  -5.052  66.923 0.1000000015
139499  47.566  2.020  68.522 0.2000000030
83841  47.243  1.441  69.140 0.2000000030
83855  46.242  0.857  66.676 0.2000000030
80930  41.681  -2.118  68.795 0.2000000030
81910  40.933  -1.677  69.093 0.2000000030
81911  40.080  -1.424  68.967 0.1000000015
80932  39.736  -2.050  68.362 0.1000000015
81914  36.810  -0.706  68.617 0.1000000015
79008  31.145  -4.196  66.814 0.2000000030
79010  29.262  -4.569  66.270 0.1000000015
87429  49.244  5.113  64.874 0.2000000030
125372  49.211  4.736  65.657 0.2000000030
83863  45.858  0.914  65.874 0.2000000030
83864  45.206  0.659  65.481 0.2000000030
80014  30.721  -4.280  65.949 0.2000000030
79017  29.971  -4.378  65.902 0.2000000030
88292  50.127  5.680  64.688 0.2000000030
84787  46.422  1.758  65.014 0.2000000030
140442  46.399  1.914  64.247 0.2000000030
84788  45.811  1.356  64.453 0.2000000030
84789  45.064  1.071  63.933 0.2000000030
80029  31.042  -3.881  65.217 0.2000000030
88303  49.901  5.884  63.744 0.2000000030
88293  49.242  5.371  64.075 0.2000000030
87438  48.524  4.961  63.565 0.2000000030
87448  47.875  4.478  63.111 0.2000000030
84797  45.811  1.601  63.709 0.2000000030
84799  44.274  0.938  63.433 0.1000000015
80059  30.772  -3.451  63.642 0.2000000030
86558  46.867  3.307  62.110 0.2000000030
85689  46.345  2.755  61.587 0.3000000119
85699  46.295  2.870  60.700 0.3000000119
85712  45.842  2.384  60.202 0.3000000119
85700  45.758  2.300  61.058 0.3000000119
85682  45.915  1.983  62.942 0.2000000030
84804  45.236  1.532  62.341 0.2000000030
84805  44.507  1.148  62.651 0.2000000030
83903  43.334  0.597  62.232 0.1000000015
83894  42.876  0.490  62.957 0.1000000015
80071  31.142  -3.329  62.708 0.2000000030
84819  45.362  1.848  60.476 0.3000000119
84820  44.780  1.326  60.590 0.3000000119
84812  44.429  1.114  61.368 0.2000000030
83902  44.061  0.945  62.105 0.1000000015
81989  31.742  -1.154  61.359 0.2000000030
80999  31.638  -2.817  61.935 0.2000000030
83927  44.502  0.992  59.819 0.3000000119
83913  44.124  0.797  60.631 0.1000000015
82963  32.187  -0.516  61.104 0.2000000030
84821  32.385  0.961  60.317 0.3000000119
82979  32.109  0.158  60.684 0.2000000030
138915  33.109  0.560  58.294 0.2000000030
83938  32.671  1.061  59.087 0.2000000030
139128  32.711  1.431  58.122 0.3000000119
84840  32.371  1.894  58.803 0.3000000119
85749  33.667  2.318  55.587 0.3000000119
84846  32.847  2.031  57.388 0.3000000119
87529  37.379  4.962  53.243 0.4000000060
87540  36.878  4.201  52.732 0.4000000060
86631  35.208  3.439  53.502 0.3000000119
86632  34.710  3.191  54.078 0.3000000119
92559  38.161  10.220  49.154 0.6000000238
91703  38.917  9.613  50.941 0.5000000000
91693  39.509  9.292  51.882 0.4000000060
90869  38.844  8.650  52.593 0.3000000119
88398  38.273  6.064  53.297 0.4000000060
88399  37.320  5.297  53.871 0.3000000119
87530  36.611  4.579  53.677 0.4000000060
76157  32.126  -7.946  74.031 0.1000000015
76172  31.429  -8.009  72.750 0.1000000015
76173  30.843  -7.710  72.251 0.1000000015
80884  44.684  -1.934  73.740 0.1000000015
131485  44.504  0.148  74.476 0.1000000015
76142  39.136  -7.676  74.334 0.1000000015
75296  38.542  -8.300  74.499 0.1000000015
75311  38.107  -8.399  73.738 0.1000000015
76188  30.171  -7.257  71.739 0.1000000015
84728  44.255  1.379  73.727 0.1000000015
76154  39.440  -7.108  73.912 0.2000000030
77040  39.064  -6.878  73.093 0.2000000030
76171  37.723  -7.467  72.151 0.1000000015
128018  29.313  -6.783  70.824 0.1000000015
126104  45.138  0.968  72.302 0.1000000015
77039  39.657  -6.326  73.604 0.2000000030
77975  38.912  -5.791  72.057 0.2000000030
77986  37.945  -6.011  71.172 0.1000000015
77086  28.828  -6.536  70.373 0.1000000015
78956  38.686  -4.450  71.153 0.1000000015
77999  37.784  -5.367  70.755 0.1000000015
77096  28.492  -6.302  69.790 0.1000000015
82880  45.091  -0.592  70.127 0.2000000030
82862  44.858  -0.101  70.939 0.2000000030
133311  44.107  -0.197  71.267 0.2000000030
144380  42.002  0.613  71.519 0.2000000030
81868  38.437  -0.765  70.948 0.2000000030
80899  38.771  -2.150  71.155 0.2000000030
78021  28.347  -5.706  68.339 0.1000000015
83806  40.300  0.690  71.520 0.2000000030
83807  39.546  0.539  71.145 0.2000000030
133093  39.508  -0.390  71.823 0.2000000030
127015  39.178  -1.229  71.596 0.2000000030
78030  27.696  -5.203  67.957 0.1000000015
79011  28.217  -4.599  66.385 0.1000000015
86516  48.083  3.290  67.118 0.2000000030
80030  30.053  -4.040  65.198 0.2000000030
80031  29.086  -3.721  65.132 0.2000000030
79019  28.571  -4.187  65.658 0.2000000030
86535  48.553  4.151  65.848 0.2000000030
85665  46.871  2.438  64.793 0.2000000030
145674  46.321  2.119  63.639 0.2000000030
80046  29.580  -3.464  64.544 0.2000000030
80047  28.818  -3.215  64.641 0.2000000030
128569  48.694  4.857  64.275 0.2000000030
86541  48.456  4.407  64.867 0.2000000030
87439  48.087  4.393  63.931 0.2000000030
86550  47.495  3.845  63.467 0.2000000030
80990  28.638  -2.165  63.758 0.2000000030
85674  47.166  3.180  63.775 0.2000000030
86551  46.985  3.247  62.973 0.2000000030
85690  45.857  2.072  61.959 0.2000000030
84811  45.160  1.628  61.391 0.2000000030
80988  30.207  -3.156  62.943 0.2000000030
85681  46.448  2.646  62.483 0.2000000030
81011  31.163  -1.993  61.625 0.2000000030
81976  30.098  -1.889  61.809 0.2000000030
81990  30.813  -1.202  61.352 0.2000000030
82951  29.392  -1.082  62.066 0.2000000030
83918  31.625  0.973  60.502 0.3000000119
82964  31.409  -0.530  60.983 0.2000000030
131563  31.856  2.160  59.936 0.3000000119
84833  32.334  1.603  59.802 0.3000000119
85713  31.974  2.349  59.275 0.3000000119
85731  33.107  2.783  56.873 0.3000000119
85732  32.657  2.817  57.564 0.3000000119
86622  34.851  3.788  54.255 0.3000000119
86623  34.308  3.307  54.744 0.3000000119
86616  33.768  3.193  55.469 0.3000000119
134209  37.356  11.662  48.612 0.6999999881
92560  37.495  10.577  49.529 0.6000000238
92549  37.894  9.932  51.060 0.5000000000
91695  37.929  9.917  51.885 0.4000000060
90870  38.209  8.907  52.769 0.3000000119
90024  38.301  7.394  53.083 0.4000000060
135913  37.954  6.703  53.520 0.3000000119
77055  31.475  -7.063  72.827 0.1000000015
81843  43.948  -0.987  74.400 0.1000000015
84719  44.423  1.300  74.229 0.1000000015
76141  39.714  -7.246  74.725 0.1000000015
83791  44.242  1.257  73.093 0.2000000030
78916  41.640  -3.963  75.757 0.1000000015
78917  41.141  -4.480  75.343 0.1000000015
77956  40.637  -5.045  74.788 0.1000000015
77030  40.004  -6.504  74.414 0.1000000015
83815  45.542  0.742  71.521 0.2000000030
82846  44.599  0.429  71.740 0.2000000030
136960  43.369  1.256  73.169 0.1000000015
78936  40.828  -4.236  74.506 0.1000000015
77964  39.847  -5.553  73.352 0.1000000015
77052  39.295  -6.095  72.796 0.2000000030
78001  27.594  -5.359  70.196 0.1000000015
82879  46.094  -0.162  69.763 0.2000000030
83802  44.358  0.817  72.457 0.2000000030
78937  39.992  -4.768  73.138 0.2000000030
77974  39.452  -5.301  72.565 0.2000000030
82861  45.680  0.050  70.515 0.2000000030
82847  43.681  0.326  71.805 0.2000000030
146932  42.547  0.858  72.180 0.2000000030
133679  41.954  0.973  72.511 0.2000000030
82832  41.219  0.520  73.051 0.2000000030
81853  40.916  -0.708  73.269 0.2000000030
80893  39.611  -2.406  72.078 0.2000000030
79943  39.689  -3.503  72.281 0.2000000030
83782  42.028  0.852  73.211 0.1000000015
83793  41.411  0.849  72.518 0.2000000030
132459  40.247  -0.531  72.524 0.2000000030
81860  39.861  -1.399  72.332 0.2000000030
79002  27.898  -4.970  67.129 0.1000000015
79012  27.450  -4.375  66.731 0.1000000015
84769  47.716  2.517  67.765 0.2000000030
80015  27.626  -4.097  65.849 0.1000000015
85647  47.497  2.785  66.190 0.2000000030
84775  47.449  2.495  66.862 0.2000000030
84776  46.958  1.724  67.031 0.2000000030
85657  46.939  2.295  65.582 0.2000000030
80032  28.010  -3.542  65.047 0.1000000015
86536  47.867  3.688  65.170 0.2000000030
85656  47.430  2.961  65.372 0.2000000030
145653  28.224  -2.573  64.468 0.2000000030
85664  47.318  3.094  64.563 0.2000000030
131999  46.794  2.556  64.044 0.2000000030
81953  27.964  -1.762  64.076 0.2000000030
85675  46.598  2.629  63.313 0.2000000030
81977  29.336  -1.865  62.560 0.2000000030
81965  28.843  -1.844  63.150 0.2000000030
81978  28.647  -1.136  62.765 0.2000000030
83905  30.172  0.383  61.008 0.2000000030
82967  28.907  0.287  61.885 0.2000000030
84823  30.392  1.902  60.545 0.2000000030
83919  30.705  1.032  60.607 0.2000000030
85701  31.275  2.351  60.231 0.3000000119
85714  31.505  2.893  59.652 0.3000000119
86603  32.535  3.549  57.845 0.3000000119
86594  32.027  3.586  58.425 0.3000000119
93375  36.560  11.863  49.697 0.5000000000
93371  36.217  11.333  50.397 0.4000000060
92545  36.617  10.262  52.158 0.4000000060
91687  36.835  9.833  52.855 0.4000000060
87514  34.507  4.017  54.945 0.3000000119
86609  34.153  4.058  55.675 0.3000000119
86610  33.555  3.616  56.386 0.3000000119
93374  37.022  11.338  49.181 0.6000000238
92556  36.960  10.540  50.754 0.4000000060
91686  37.540  9.399  52.828 0.4000000060
90860  37.904  8.190  53.219 0.4000000060
90026  37.034  7.439  54.210 0.4000000060
124343  36.706  5.728  54.835 0.4000000060
87520  36.161  4.670  54.572 0.3000000119
80874  43.778  -2.493  74.168 0.1000000015
80875  42.978  -1.887  74.600 0.1000000015
79922  42.460  -2.654  74.971 0.1000000015
82821  43.857  0.170  74.619 0.1000000015
81844  43.226  -0.763  74.581 0.1000000015
82822  42.960  -0.174  74.568 0.1000000015
81845  42.581  -1.136  74.602 0.1000000015
80876  42.237  -2.062  74.771 0.1000000015
79923  41.578  -3.311  75.165 0.1000000015
78927  41.270  -3.895  75.150 0.1000000015
83770  43.382  0.615  74.328 0.1000000015
80877  41.748  -2.372  74.715 0.1000000015
144986  40.423  -4.275  73.673 0.1000000015
83792  42.695  1.156  73.151 0.1000000015
83781  42.847  0.899  73.706 0.1000000015
82830  42.521  0.359  74.050 0.1000000015
82823  42.218  -0.487  74.294 0.1000000015
81846  41.927  -1.409  74.451 0.1000000015
80878  41.224  -2.837  74.335 0.1000000015
79942  40.196  -3.027  72.902 0.1000000015
83803  43.277  0.895  72.458 0.2000000030
141753  42.565  1.046  72.580 0.2000000030
82831  41.762  0.147  73.686 0.1000000015
81852  41.562  -0.717  73.860 0.1000000015
81859  40.565  -1.550  73.036 0.1000000015
80892  40.227  -2.212  72.743 0.2000000030
82943  28.291  -0.294  62.943 0.1000000015
142942  28.139  -0.857  63.311 0.1000000015
83896  28.529  0.405  62.484 0.1000000015
82952  28.803  -0.353  62.248 0.2000000030
85692  28.840  1.755  61.931 0.2000000030
84813  29.269  1.413  61.377 0.2000000030
136182  29.655  3.205  60.724 0.2000000030
84824  29.632  1.798  60.857 0.2000000030
83920  29.881  1.174  60.863 0.2000000030
85715  31.068  3.142  60.127 0.3000000119
85702  30.392  2.962  60.417 0.3000000119
133114  31.045  5.031  59.450 0.2000000030
87479  31.306  4.422  59.212 0.2000000030
87490  32.488  4.307  58.071 0.3000000119
92551  36.197  10.672  51.243 0.4000000060
91677  36.920  9.171  53.472 0.4000000060
129084  35.016  4.420  55.506 0.3000000119
87508  34.938  4.482  56.307 0.3000000119
88371  33.931  4.953  57.736 0.3000000119
145883  36.673  8.636  53.865 0.4000000060
145975  36.507  7.332  54.654 0.4000000060
87506  36.122  4.862  56.161 0.4000000060
88297  32.365  4.298  64.972 0.2000000030
87441  30.523  4.387  63.847 0.2000000030
86559  29.240  3.407  62.611 0.2000000030
85683  28.985  2.659  62.011 0.2000000030
83907  28.779  0.968  61.901 0.2000000030
89120  33.612  5.051  64.820 0.2000000030
88306  31.763  5.128  64.035 0.2000000030
88316  30.613  5.672  62.593 0.2000000030
86574  29.422  3.772  61.029 0.2000000030
85691  29.226  2.171  61.327 0.2000000030
89129  31.998  5.934  63.600 0.2000000030
131750  31.248  6.713  61.710 0.3000000119
133558  30.298  5.833  61.068 0.2000000030
87464  30.246  4.550  60.331 0.2000000030
89146  30.949  6.517  60.888 0.2000000030
88351  31.113  5.684  59.650 0.2000000030
88352  30.565  5.192  59.962 0.2000000030
88363  32.473  5.902  58.731 0.2000000030
94195  36.046  12.404  50.155 0.4000000060
144004  35.792  11.320  50.863 0.3000000119
92546  35.286  10.568  52.534 0.4000000060
90862  36.050  8.935  53.887 0.4000000060
87498  35.950  4.539  57.253 0.3000000119
87499  34.689  4.575  57.131 0.3000000119
92539  35.241  10.173  53.242 0.4000000060
90850  36.440  8.116  54.305 0.4000000060
90010  36.323  6.777  55.209 0.4000000060
125129  36.409  5.748  55.630 0.4000000060
88377  36.347  5.038  56.464 0.4000000060
89137  32.197  6.797  63.081 0.3000000119
89950  31.626  7.104  61.207 0.3000000119
89977  32.980  7.317  59.899 0.3000000119
89162  32.015  6.885  59.897 0.2000000030
89176  33.581  6.642  59.296 0.2000000030
89187  34.029  5.984  58.809 0.2000000030
93372  35.579  11.968  50.700 0.3000000119
93367  35.426  11.414  51.397 0.3000000119
124791  36.314  4.716  57.058 0.4000000060
88360  35.612  4.680  58.393 0.3000000119
92547  34.633  10.878  52.834 0.3000000119
89198  36.352  5.519  56.727 0.4000000060
87497  36.972  4.475  57.865 0.3000000119
89976  33.960  7.161  59.688 0.3000000119
88349  35.043  5.445  58.927 0.2000000030
87487  37.486  4.201  58.194 0.3000000119
142623  36.283  4.402  58.179 0.3000000119
83790  45.174  1.296  73.016 0.1000000015
82895  46.205  -0.127  68.702 0.2000000030
82903  45.744  -0.123  67.776 0.2000000030
83850  46.302  0.540  67.701 0.2000000030
82860  46.293  0.451  70.412 0.2000000030
84770  46.882  1.378  67.985 0.2000000030
84781  46.454  1.575  65.938 0.2000000030
93383  37.633  10.902  48.759 0.6999999881
91740  41.648  9.224  47.097 0.6000000238
92580  46.182  11.019  46.434 0.4000000060
91761  44.300  9.623  45.317 0.6000000238
91757  48.377  11.023  44.443 0.4000000060
94198  36.492  12.807  49.642 0.5000000000
89221  48.942  6.520  52.690 0.3000000119
133205  47.922  3.693  51.683 0.3000000119
85795  47.372  2.816  50.366 0.3000000119
124461  49.736  6.702  51.107 0.3000000119
88354  54.126  5.969  59.126 0.3000000119
89992  53.943  7.879  57.515 0.3000000119
89190  54.001  7.307  58.366 0.3000000119
90835  52.504  9.613  56.007 0.3000000119
88423  49.200  5.139  49.788 0.3000000119
86692  47.213  3.752  47.654 0.3000000119
86677  46.801  3.295  48.347 0.3000000119
88422  49.576  5.864  49.380 0.3000000119
88432  49.667  5.854  48.582 0.3000000119
137574  46.048  4.094  46.783 0.3000000119
91698  52.898  10.238  50.058 0.3000000119
90879  52.333  10.164  50.392 0.3000000119
141573  53.073  10.045  49.680 0.3000000119
141270  53.533  8.537  48.124 0.3000000119
89279  54.304  7.827  45.785 0.4000000060
90075  54.049  8.442  46.212 0.4000000060
90065  53.780  8.555  46.791 0.3000000119
90888  53.531  8.819  47.249 0.3000000119
88403  48.051  5.339  53.315 0.3000000119
86627  47.357  4.067  53.189 0.3000000119
142263  46.606  2.203  49.724 0.3000000119
87452  52.981  4.639  61.084 0.2000000030
90015  49.415  7.827  54.360 0.3000000119
90023  49.535  7.834  53.471 0.3000000119
90857  50.764  9.314  53.355 0.3000000119
85807  45.683  1.940  49.106 0.2000000030
134606  50.162  8.318  52.654 0.3000000119
90865  50.809  9.253  52.649 0.3000000119
90038  50.580  8.367  51.304 0.3000000119
85826  44.566  2.577  48.411 0.2000000030
86678  45.025  2.989  47.921 0.2000000030
127762  45.836  3.064  48.079 0.3000000119
90842  51.711  9.361  55.577 0.3000000119
91675  51.446  10.008  52.763 0.3000000119
91684  51.463  9.917  52.069 0.3000000119
89231  50.092  7.050  50.504 0.3000000119
89238  50.424  7.493  49.738 0.3000000119
137624  45.439  3.422  47.590 0.2000000030
86695  44.075  4.047  47.791 0.2000000030
137882  44.735  4.475  47.321 0.2000000030
90886  51.627  9.351  50.003 0.3000000119
89239  50.234  6.743  49.030 0.3000000119
90050  51.874  9.237  49.194 0.3000000119
140413  50.653  7.335  48.425 0.3000000119
130615  48.985  5.240  47.307 0.3000000119
90054  51.455  8.138  48.202 0.3000000119
89260  50.801  7.264  47.756 0.3000000119
88455  48.711  5.379  46.482 0.3000000119
88444  49.664  5.779  47.757 0.3000000119
90066  53.456  8.848  47.451 0.4000000060
89282  49.714  6.466  45.510 0.4000000060
133942  47.889  6.325  45.292 0.3000000119
89285  46.293  6.768  45.682 0.4000000060
90076  53.596  8.612  46.768 0.4000000060
90906  53.998  8.506  46.090 0.4000000060
89280  53.914  6.970  45.446 0.3000000119
90095  54.277  8.371  44.546 0.4000000060
129534  54.110  8.436  45.116 0.4000000060
84875  45.604  1.981  53.138 0.3000000119
88389  47.509  5.591  54.715 0.3000000119
84914  45.354  1.296  50.310 0.2000000030
137884  52.942  4.846  61.845 0.2000000030
90001  50.407  8.030  56.601 0.3000000119
85809  43.538  2.300  49.101 0.2000000030
88447  43.988  5.928  47.687 0.3000000119
88434  43.500  5.710  48.204 0.3000000119
88446  44.652  5.562  47.155 0.3000000119
89274  44.892  6.524  46.817 0.4000000060
90069  44.180  7.829  47.847 0.5000000000
136739  52.002  8.013  46.812 0.4000000060
90079  45.177  7.515  46.667 0.4000000060
129412  45.508  8.703  46.675 0.4000000060
89281  50.661  6.946  45.855 0.4000000060
90078  51.702  7.649  46.120 0.4000000060
90090  46.546  7.742  45.524 0.4000000060
90914  46.235  8.986  46.059 0.4000000060
91724  45.021  10.325  47.595 0.5000000000
90087  52.569  8.172  45.472 0.4000000060
89295  49.119  6.959  44.747 0.4000000060
136756  49.601  7.781  44.233 0.4000000060
90101  48.062  8.333  44.536 0.4000000060
90907  46.339  10.281  46.371 0.4000000060
90096  53.497  8.532  44.774 0.4000000060
90913  46.887  10.034  45.781 0.4000000060
91747  46.546  10.897  46.200 0.4000000060
85672  51.853  3.476  63.670 0.2000000030
142128  51.528  3.120  62.923 0.2000000030
88382  47.516  5.525  55.407 0.3000000119
83993  44.647  0.522  52.376 0.3000000119
84020  44.962  0.817  50.845 0.3000000119
89196  49.287  6.881  56.534 0.3000000119
142734  43.660  1.087  50.163 0.2000000030
84933  43.213  1.753  49.667 0.2000000030
86680  43.574  3.558  48.349 0.2000000030
86668  42.492  3.268  49.249 0.2000000030
88435  42.943  5.577  48.785 0.3000000119
86681  42.916  3.875  48.857 0.3000000119
90070  43.726  7.879  48.519 0.5000000000
90057  43.230  7.412  49.020 0.5000000000
91725  44.499  10.149  48.096 0.6000000238
90099  50.179  8.768  43.642 0.4000000060
91746  47.154  10.973  45.708 0.4000000060
86540  52.080  4.118  65.584 0.2000000030
85654  51.724  3.145  65.973 0.2000000030
133948  46.178  3.942  55.813 0.3000000119
86613  45.983  3.825  55.338 0.3000000119
84868  44.324  1.975  54.302 0.3000000119
83995  43.390  -0.111  52.656 0.3000000119
85811  42.025  2.671  49.578 0.2000000030
140314  41.953  1.372  50.273 0.2000000030
88424  42.408  5.585  49.368 0.3000000119
91714  43.476  9.907  48.948 0.5000000000
142413  45.269  3.029  55.436 0.3000000119
85746  44.712  2.507  55.492 0.3000000119
84869  43.748  1.686  54.738 0.3000000119
83065  42.177  -0.289  51.821 0.2000000030
83985  41.908  -0.254  53.904 0.2000000030
83066  41.300  -0.269  51.795 0.2000000030
84009  40.768  0.408  51.255 0.2000000030
140437  41.733  4.183  49.626 0.3000000119
86669  41.806  3.470  49.560 0.3000000119
144554  41.292  1.556  50.356 0.2000000030
84010  39.894  0.164  51.576 0.2000000030
90881  42.674  9.221  50.096 0.5000000000
91706  42.939  9.666  49.533 0.5000000000
89232  42.092  7.261  50.443 0.4000000060
129485  42.636  7.377  49.776 0.5000000000
91707  42.428  9.547  49.804 0.5000000000
91716  42.017  9.762  49.456 0.5000000000
91728  42.137  9.818  48.787 0.6000000238
87495  46.934  4.127  57.886 0.3000000119
86600  46.411  3.669  57.477 0.3000000119
83972  42.407  0.441  54.494 0.3000000119
83961  42.198  0.512  55.248 0.2000000030
127476  41.048  -0.546  54.196 0.2000000030
83022  40.985  -0.410  55.470 0.2000000030
125023  40.050  -0.703  54.184 0.2000000030
83025  38.640  -1.005  54.901 0.2000000030
85797  41.269  2.848  49.832 0.2000000030
87552  40.757  4.681  50.327 0.3000000119
142774  40.280  2.174  50.452 0.2000000030
85798  40.452  2.975  50.233 0.2000000030
84901  39.897  0.952  51.084 0.2000000030
83996  39.062  0.010  51.833 0.2000000030
83049  38.576  -0.564  53.410 0.2000000030
91718  40.138  9.419  48.397 0.6999999881
121843  41.354  9.641  49.593 0.6000000238
91699  42.058  9.337  50.452 0.5000000000
90882  42.107  8.977  50.826 0.5000000000
84902  39.128  1.384  51.048 0.2000000030
85799  39.711  2.606  50.535 0.2000000030
83061  38.177  -0.265  52.843 0.2000000030
83038  37.416  -0.599  54.315 0.2000000030
85800  39.081  3.171  50.756 0.3000000119
132067  38.531  1.911  51.242 0.2000000030
85788  38.609  2.639  51.054 0.2000000030
84903  37.864  1.789  51.655 0.4000000060
87486  47.027  4.040  58.629 0.3000000119
88329  49.632  5.883  60.929 0.3000000119
85730  45.478  2.671  57.377 0.3000000119
84853  43.625  1.288  56.295 0.3000000119
130663  51.004  7.186  60.967 0.3000000119
121300  41.132  -0.377  57.058 0.2000000030
83023  40.369  -0.576  55.790 0.2000000030
83013  39.538  -0.874  56.244 0.2000000030
121282  39.825  -0.788  57.046 0.2000000030
83004  40.450  -0.710  57.454 0.2000000030
82038  37.792  -1.571  56.473 0.2000000030
83015  36.250  -1.119  56.104 0.1000000015
83027  36.431  -0.795  55.335 0.3000000119
89234  40.957  6.224  50.818 0.4000000060
83051  36.895  -0.176  53.840 0.3000000119
83974  36.190  0.077  54.190 0.4000000060
83028  35.606  -0.699  55.591 0.2000000030
129182  39.491  9.551  48.994 0.6999999881
91719  38.724  9.887  48.783 0.6999999881
122148  40.737  9.605  50.604 0.6000000238
91701  40.900  9.527  51.084 0.5000000000
90046  41.834  8.070  50.962 0.4000000060
90040  41.174  7.766  51.471 0.3000000119
87553  40.034  4.723  50.701 0.3000000119
86654  38.878  4.032  51.200 0.3000000119
87546  39.362  4.867  51.241 0.3000000119
85773  37.345  2.620  51.731 0.4000000060
86655  38.428  3.335  51.283 0.3000000119
85774  36.632  2.657  52.187 0.4000000060
90867  40.707  8.353  51.702 0.4000000060
88411  40.278  6.070  51.214 0.3000000119
88404  39.315  6.219  52.211 0.3000000119
80951  42.407  -2.164  67.111 0.1000000015
80952  41.605  -2.524  66.849 0.1000000015
83865  43.908  0.055  65.425 0.2000000030
82919  43.422  -0.406  65.571 0.1000000015
82920  42.696  -0.337  65.047 0.1000000015
81943  40.923  -1.644  65.056 0.1000000015
80972  40.227  -2.155  64.976 0.1000000015
80965  39.623  -2.575  65.146 0.1000000015
80954  40.013  -2.740  65.776 0.1000000015
80037  39.030  -2.836  64.922 0.1000000015
80038  38.282  -3.268  64.748 0.1000000015
80008  36.923  -3.667  66.253 0.1000000015
131435  37.459  -3.566  64.627 0.1000000015
80039  36.569  -3.823  64.594 0.1000000015
80024  36.052  -4.071  65.670 0.1000000015
80040  35.596  -4.012  64.679 0.1000000015
80041  34.630  -3.887  64.697 0.1000000015
82928  41.320  0.042  64.314 0.1000000015
82929  40.544  -0.116  64.043 0.1000000015
81951  39.564  -1.070  63.891 0.1000000015
81952  38.952  -1.484  63.739 0.1000000015
80976  37.002  -3.049  63.928 0.1000000015
83888  41.318  0.254  63.422 0.1000000015
82949  40.654  0.057  63.006 0.1000000015
133753  40.161  -0.130  63.506 0.1000000015
82941  39.690  -0.333  63.226 0.1000000015
81962  38.578  -1.097  63.186 0.1000000015
82942  39.021  -0.614  62.977 0.1000000015
81963  37.782  -1.449  62.980 0.1000000015
81964  36.864  -1.644  62.689 0.1000000015
80068  34.260  -2.966  62.652 0.1000000015
86572  46.822  3.436  60.323 0.3000000119
83904  42.674  0.359  62.352 0.1000000015
82960  40.060  -0.860  62.112 0.1000000015
134635  39.008  -1.040  62.332 0.1000000015
123584  38.331  -1.185  62.720 0.1000000015
142726  37.120  -1.330  61.831 0.1000000015
134257  36.538  -1.287  62.094 0.1000000015
81973  35.360  -1.319  62.226 0.1000000015
80998  34.141  -2.010  62.356 0.1000000015
81974  34.680  -1.285  62.116 0.1000000015
83944  43.326  0.511  57.623 0.3000000119
140865  41.612  -0.478  60.920 0.1000000015
82974  41.280  -0.714  60.243 0.1000000015
82975  40.514  -0.998  60.281 0.1000000015
145909  40.127  -1.061  61.094 0.1000000015
81999  38.078  -1.837  60.701 0.1000000015
81998  38.946  -1.660  60.559 0.1000000015
82000  37.063  -1.755  60.886 0.1000000015
82001  36.034  -1.624  60.535 0.1000000015
126292  33.432  -2.242  62.141 0.2000000030
81009  33.087  -1.564  61.751 0.2000000030
83003  41.787  -0.280  57.459 0.2000000030
83937  42.820  0.003  58.158 0.2000000030
145659  41.726  -0.413  58.087 0.2000000030
82987  41.694  -0.606  59.436 0.2000000030
82986  42.370  -0.386  59.528 0.2000000030
82993  41.347  -0.624  58.625 0.2000000030
82009  39.284  -1.551  59.594 0.1000000015
82008  40.095  -1.192  59.428 0.1000000015
145549  38.084  -2.011  59.141 0.2000000030
82020  38.750  -1.691  58.862 0.2000000030
82019  39.569  -1.341  58.645 0.2000000030
82021  37.361  -2.272  59.020 0.1000000015
82012  35.956  -1.939  59.482 0.1000000015
81023  36.614  -2.256  58.957 0.1000000015
82013  35.229  -1.421  60.044 0.1000000015
82976  34.599  -0.740  60.502 0.1000000015
82961  34.200  -0.431  61.088 0.2000000030
81987  33.581  -0.688  61.445 0.2000000030
82994  40.489  -0.964  58.422 0.2000000030
126115  36.082  -1.927  58.350 0.1000000015
82030  36.570  -1.833  57.449 0.1000000015
82031  35.350  -1.471  58.009 0.1000000015
82996  33.957  -0.658  58.800 0.2000000030
82029  37.473  -2.002  57.297 0.2000000030
82040  36.032  -1.469  56.856 0.1000000015
82041  35.283  -1.425  57.134 0.2000000030
82032  34.794  -1.205  57.603 0.2000000030
83017  34.581  -0.933  56.839 0.3000000119
84878  36.120  1.344  53.190 0.3000000119
83975  35.428  0.321  54.490 0.4000000060
83964  34.433  0.243  55.551 0.3000000119
87548  38.241  4.113  51.658 0.4000000060
86643  37.013  3.448  52.057 0.4000000060
84890  36.385  1.901  52.585 0.3000000119
84891  35.800  2.098  52.964 0.3000000119
122076  39.490  9.482  51.418 0.4000000060
90031  39.953  8.111  52.168 0.4000000060
74411  33.536  -9.854  73.208 0.1000000015
125339  33.731  -9.767  73.930 0.1000000015
74409  35.622  -9.459  73.658 0.1000000015
74428  32.549  -9.559  71.305 0.1000000015
74417  35.250  -9.476  72.803 0.1000000015
74425  35.005  -9.417  71.930 0.1000000015
74433  33.950  -9.529  71.094 0.1000000015
75344  34.647  -9.225  71.146 0.1000000015
76187  35.690  -7.991  70.992 0.1000000015
76197  35.201  -7.599  70.292 0.1000000015
75361  33.753  -8.617  69.726 0.1000000015
75354  32.339  -9.105  70.106 0.1000000015
75363  31.945  -8.524  69.728 0.1000000015
76208  30.291  -7.892  69.919 0.1000000015
77082  37.317  -6.127  70.787 0.1000000015
77084  35.596  -6.678  70.096 0.1000000015
76204  34.910  -6.946  69.783 0.1000000015
137986  34.274  -7.404  69.501 0.1000000015
76215  32.095  -7.443  68.894 0.1000000015
78008  36.199  -5.449  69.944 0.1000000015
77099  33.872  -5.778  68.648 0.1000000015
77101  32.169  -6.769  68.486 0.1000000015
77104  29.468  -6.535  68.561 0.1000000015
143770  36.315  -3.788  69.581 0.1000000015
80922  36.494  -2.285  69.752 0.1000000015
78981  36.287  -4.609  69.688 0.1000000015
78968  37.577  -4.456  70.422 0.1000000015
78983  34.747  -4.239  69.025 0.2000000030
78982  35.552  -3.789  69.329 0.1000000015
77110  29.840  -6.107  67.821 0.1000000015
81892  44.731  -1.049  69.592 0.2000000030
80909  36.417  -1.119  69.466 0.1000000015
80924  35.041  -1.958  69.086 0.1000000015
79979  34.743  -2.633  68.962 0.1000000015
78989  34.192  -3.456  68.652 0.2000000030
124491  33.896  -4.540  68.731 0.2000000030
78990  33.277  -3.870  68.392 0.2000000030
78991  32.557  -4.159  68.059 0.2000000030
78992  31.915  -4.493  67.678 0.2000000030
78026  31.086  -4.913  67.433 0.2000000030
78027  30.163  -5.363  67.313 0.1000000015
81923  43.656  -1.551  67.637 0.2000000030
80921  42.439  -1.870  69.136 0.2000000030
80938  42.486  -2.207  68.184 0.1000000015
81915  36.065  -0.906  68.654 0.1000000015
81901  35.205  -1.592  68.625 0.1000000015
81927  35.749  -1.405  68.225 0.1000000015
80934  34.274  -2.664  68.067 0.2000000030
144865  34.680  -2.130  68.193 0.2000000030
79997  33.483  -3.289  67.801 0.2000000030
79987  32.949  -3.624  68.002 0.2000000030
79998  32.696  -3.619  67.485 0.2000000030
79009  30.273  -4.579  66.493 0.2000000030
82911  44.107  -0.439  66.215 0.2000000030
81932  43.941  -1.100  66.910 0.1000000015
80931  40.817  -2.349  68.388 0.1000000015
80941  39.316  -2.518  67.809 0.1000000015
79993  39.783  -2.984  67.213 0.1000000015
80933  38.826  -1.706  68.274 0.1000000015
81925  37.198  -1.162  68.147 0.1000000015
79995  38.067  -3.029  67.273 0.1000000015
136669  36.318  -2.998  67.255 0.1000000015
80945  35.107  -2.027  67.942 0.1000000015
80955  35.453  -2.855  67.378 0.1000000015
139954  34.133  -3.094  67.452 0.2000000030
124672  33.586  -3.367  66.793 0.2000000030
80011  33.094  -3.375  67.278 0.2000000030
80013  31.669  -3.930  66.195 0.2000000030
142069  35.999  -3.550  66.650 0.1000000015
80027  33.284  -3.622  65.833 0.2000000030
80028  32.510  -3.670  65.824 0.2000000030
84782  45.824  1.167  65.229 0.2000000030
145775  32.579  -3.566  64.157 0.2000000030
127864  33.033  -3.599  65.109 0.2000000030
128753  32.085  -3.560  64.241 0.2000000030
80044  31.317  -3.599  64.387 0.2000000030
83893  43.708  0.795  62.866 0.1000000015
80058  31.671  -3.510  63.485 0.2000000030
84832  45.067  1.515  59.812 0.3000000119
80070  32.115  -3.323  62.575 0.2000000030
146678  42.872  0.128  60.909 0.1000000015
81010  32.164  -1.837  61.655 0.2000000030
83936  43.558  0.383  58.567 0.3000000119
83928  43.704  0.417  59.716 0.1000000015
126039  42.049  -0.470  60.241 0.1000000015
83916  33.349  0.144  60.243 0.2000000030
83917  32.848  0.330  60.489 0.2000000030
83955  33.587  0.381  56.942 0.2000000030
122404  34.177  0.943  55.226 0.3000000119
84862  33.848  1.603  55.368 0.3000000119
84855  33.255  1.905  56.718 0.3000000119
146727  37.650  4.716  52.699 0.4000000060
85763  35.409  2.687  53.137 0.4000000060
86645  35.647  3.265  52.867 0.4000000060
86644  36.284  3.398  52.538 0.3000000119
84880  34.841  1.941  54.107 0.4000000060
85757  34.504  2.520  54.377 0.3000000119
92554  38.268  9.971  50.113 0.6000000238
90868  39.441  8.747  52.277 0.4000000060
90033  39.059  7.871  52.568 0.3000000119
145483  37.769  5.531  53.474 0.4000000060
75331  31.700  -8.699  72.534 0.1000000015
76158  31.867  -7.437  73.351 0.1000000015
74407  37.035  -9.207  74.294 0.1000000015
74408  36.520  -9.149  73.612 0.1000000015
75313  36.781  -8.717  72.943 0.1000000015
76156  37.852  -8.077  72.940 0.1000000015
75328  36.381  -8.644  72.404 0.1000000015
76185  37.014  -7.580  71.585 0.1000000015
77069  37.661  -6.768  71.457 0.1000000015
79965  38.108  -3.854  70.677 0.1000000015
77105  28.730  -6.206  68.989 0.1000000015
82863  43.243  -0.280  70.984 0.2000000030
82865  41.129  0.385  70.711 0.2000000030
83817  40.600  0.744  71.230 0.2000000030
81878  37.919  -0.380  70.380 0.2000000030
82882  40.800  -0.092  70.031 0.2000000030
83831  39.357  0.435  70.456 0.2000000030
83818  39.822  0.684  70.961 0.2000000030
82850  38.417  0.066  70.628 0.2000000030
82885  37.952  -0.032  69.887 0.2000000030
82867  37.835  -0.109  70.077 0.2000000030
81895  41.503  -1.216  69.544 0.2000000030
82898  38.202  -0.309  69.323 0.1000000015
81912  38.968  -0.868  68.809 0.1000000015
82899  37.386  -0.483  69.194 0.1000000015
146138  46.591  1.101  67.302 0.2000000030
81913  37.832  -0.850  68.565 0.1000000015
86525  48.014  3.484  66.069 0.2000000030
84798  45.148  1.363  63.161 0.2000000030
80045  30.448  -3.643  64.456 0.2000000030
132156  44.682  1.263  61.970 0.2000000030
81000  30.622  -2.777  62.123 0.2000000030
84847  32.486  2.169  57.991 0.3000000119
85740  33.470  2.618  56.174 0.3000000119
86630  35.939  3.863  53.108 0.4000000060
128847  35.606  4.138  53.898 0.3000000119
91694  38.764  9.719  51.840 0.4000000060
91685  38.893  9.280  52.338 0.4000000060
90859  38.463  8.204  52.841 0.4000000060
138268  38.341  6.691  53.169 0.3000000119
89216  37.703  6.015  53.815 0.3000000119
76155  38.689  -7.717  73.548 0.1000000015
77053  38.699  -6.540  72.369 0.2000000030
76170  38.393  -7.280  72.654 0.1000000015
78947  39.103  -4.949  71.800 0.2000000030
77068  38.328  -6.250  71.713 0.1000000015
77985  38.441  -5.402  71.322 0.1000000015
78955  39.276  -4.029  71.621 0.2000000030
83805  41.160  0.921  71.899 0.2000000030
79953  38.767  -3.420  71.041 0.2000000030
82839  39.949  0.434  71.910 0.2000000030
83794  40.772  0.737  72.236 0.2000000030
83842  46.711  0.724  68.638 0.2000000030
80977  29.139  -2.802  64.133 0.2000000030
86542  47.695  3.790  64.299 0.2000000030
80060  29.908  -3.223  63.831 0.2000000030
80989  29.410  -2.524  63.284 0.2000000030
81001  29.902  -2.521  62.475 0.2000000030
82965  30.512  -0.418  61.162 0.2000000030
82966  29.572  -0.225  61.598 0.2000000030
133171  31.226  1.613  60.427 0.3000000119
82980  31.066  0.202  60.679 0.2000000030
85724  31.739  2.970  58.882 0.3000000119
85723  32.203  2.754  58.350 0.3000000119
86602  33.046  3.578  57.217 0.3000000119
87521  35.254  4.348  54.698 0.3000000119
145487  34.111  3.685  55.176 0.3000000119
92555  37.471  10.360  50.272 0.6000000238
121312  38.157  9.580  52.334 0.4000000060
90025  37.639  7.457  53.640 0.4000000060
89209  37.433  6.695  54.074 0.4000000060
88391  36.819  5.123  54.445 0.3000000119
88390  37.211  5.876  54.338 0.4000000060
77963  40.381  -4.970  73.923 0.1000000015
77957  40.203  -5.726  74.169 0.1000000015
79935  40.089  -3.914  73.046 0.1000000015
78946  39.595  -4.435  72.394 0.2000000030
80033  26.998  -3.368  65.564 0.1000000015
85648  47.058  2.169  66.285 0.2000000030
80966  27.282  -2.654  64.918 0.1000000015
81966  28.303  -1.472  63.462 0.2000000030
83906  29.399  0.662  61.430 0.2000000030
86595  31.516  3.619  59.043 0.3000000119
86585  31.131  3.682  59.699 0.3000000119
87501  32.922  4.174  57.576 0.3000000119
93370  36.867  10.936  49.925 0.5000000000
92550  37.195  10.223  51.617 0.4000000060
92544  37.412  9.906  52.287 0.4000000060
92552  35.745  10.673  51.993 0.4000000060
91688  35.988  10.170  52.665 0.4000000060
91676  37.567  8.837  53.229 0.4000000060
87509  34.098  4.347  56.448 0.3000000119
87500  33.568  4.356  57.138 0.3000000119
90861  37.191  8.292  53.731 0.4000000060
89210  36.820  6.594  54.616 0.4000000060
88383  36.388  5.083  55.338 0.4000000060
87513  35.818  4.707  55.431 0.4000000060
79924  41.155  -3.561  74.639 0.1000000015
80885  41.277  -1.755  73.890 0.1000000015
79934  40.687  -3.493  73.805 0.1000000015
80886  40.692  -2.496  73.479 0.1000000015
85684  28.793  2.039  62.571 0.2000000030
86573  29.932  3.830  60.567 0.2000000030
86565  29.240  3.549  61.717 0.2000000030
85703  29.682  2.474  60.730 0.2000000030
86586  30.631  3.782  60.196 0.2000000030
87480  30.801  4.457  59.784 0.2000000030
87491  31.844  4.410  58.579 0.3000000119
88364  31.657  5.292  58.945 0.2000000030
130455  32.444  5.114  58.320 0.3000000119
87489  33.102  4.821  57.810 0.3000000119
124214  36.095  9.635  53.299 0.4000000060
87507  35.728  4.625  56.292 0.3000000119
90017  35.954  7.685  54.914 0.4000000060
87432  31.911  3.717  65.448 0.2000000030
88296  33.345  4.194  65.475 0.2000000030
87442  29.749  4.119  63.100 0.2000000030
87449  30.171  4.952  62.904 0.2000000030
125329  30.987  3.716  64.878 0.2000000030
88307  30.910  5.122  63.550 0.2000000030
135960  29.375  4.081  62.214 0.2000000030
88305  32.675  5.101  64.431 0.2000000030
87440  31.388  4.410  64.459 0.2000000030
88315  31.308  5.700  63.307 0.2000000030
89138  31.357  6.377  62.633 0.2000000030
88322  30.202  5.671  61.752 0.2000000030
88317  29.950  5.312  62.144 0.2000000030
87455  29.442  4.346  61.530 0.2000000030
87465  29.659  4.558  60.860 0.2000000030
89940  31.779  7.155  62.130 0.3000000119
89147  30.690  6.213  61.754 0.2000000030
143367  30.616  5.894  60.324 0.2000000030
88323  29.750  5.168  61.399 0.2000000030
88334  30.084  5.274  60.632 0.2000000030
89163  31.231  6.442  60.035 0.2000000030
88350  31.814  6.165  59.381 0.2000000030
88362  33.352  5.558  58.291 0.2000000030
89188  33.205  6.209  58.818 0.2000000030
94192  35.061  12.383  51.285 0.3000000119
93362  34.968  11.149  52.103 0.3000000119
91678  35.496  9.575  53.764 0.4000000060
90851  35.662  8.475  54.586 0.4000000060
141445  34.841  4.746  57.875 0.2000000030
88361  34.433  5.270  58.336 0.2000000030
92540  34.402  10.600  53.633 0.4000000060
89949  32.266  7.663  61.486 0.3000000119
89961  32.176  7.398  60.590 0.2000000030
89177  32.662  6.559  59.316 0.2000000030
87488  35.725  4.501  57.793 0.3000000119
127783  36.672  4.377  58.023 0.3000000119
86730  48.355  4.182  43.167 0.2000000030
85880  46.584  2.842  42.242 0.3000000119
84989  45.966  2.003  41.940 0.2000000030
95764  34.994  14.759  53.912 0.4000000060
89311  49.698  6.352  42.334 0.4000000060
89318  50.199  7.077  41.993 0.4000000060
88497  49.216  5.576  42.624 0.4000000060
87628  49.556  5.073  43.161 0.4000000060
87629  48.786  4.886  42.805 0.4000000060
88488  50.331  5.244  43.540 0.3000000119
86734  47.305  3.654  42.565 0.3000000119
85885  46.274  2.812  41.543 0.2000000030
84996  45.611  1.464  41.469 0.2000000030
128379  45.509  1.399  40.839 0.2000000030
144221  45.056  -0.047  41.062 0.1000000015
142840  45.138  0.607  40.537 0.1000000015
83182  43.383  -0.239  38.986 0.1000000015
83169  42.698  -0.609  39.611 0.1000000015
94162  41.399  12.473  57.765 0.2000000030
139633  38.866  13.484  58.014 0.2000000030
143884  40.633  12.137  58.091 0.2000000030
95006  35.499  13.060  50.708 0.3000000119
90120  50.368  8.026  41.403 0.4000000060
89319  49.477  6.986  41.501 0.4000000060
90115  50.861  7.591  42.102 0.4000000060
88508  48.247  5.825  41.557 0.4000000060
87630  47.874  4.642  42.300 0.3000000119
84106  43.944  -0.310  39.312 0.1000000015
85002  45.296  1.279  39.938 0.1000000015
85026  44.030  0.382  38.693 0.1000000015
84119  42.647  -0.091  39.800 0.1000000015
85027  43.603  0.590  38.778 0.1000000015
84118  42.928  -0.170  39.180 0.1000000015
85003  43.251  1.483  39.780 0.2000000030
86749  43.466  3.337  39.838 0.2000000030
87648  43.200  4.634  39.302 0.2000000030
91795  51.598  10.364  41.283 0.4000000060
90964  51.035  9.242  40.960 0.4000000060
89320  48.643  6.550  41.222 0.4000000060
88509  47.687  5.508  41.117 0.4000000060
87645  47.151  5.059  40.662 0.3000000119
87640  46.825  4.310  40.995 0.3000000119
134643  46.382  3.656  40.427 0.3000000119
86735  46.652  3.471  41.929 0.3000000119
85890  46.039  2.894  40.787 0.3000000119
85896  45.889  2.920  39.755 0.3000000119
85886  45.821  2.128  41.173 0.2000000030
85891  45.703  2.102  40.338 0.2000000030
85013  44.784  1.219  38.841 0.1000000015
136803  44.149  1.122  38.197 0.1000000015
87633  40.703  5.044  42.907 0.1000000015
85907  43.688  1.922  38.214 0.2000000030
85898  43.439  2.163  38.892 0.2000000030
88498  40.916  5.288  42.317 0.1000000015
87647  43.512  3.832  39.207 0.2000000030
88511  41.441  5.233  41.848 0.1000000015
88519  42.572  5.091  40.190 0.2000000030
90975  50.687  9.978  40.742 0.4000000060
90965  50.161  8.711  40.647 0.4000000060
90121  49.562  7.951  40.780 0.4000000060
89327  48.964  7.280  40.863 0.4000000060
88517  48.015  6.239  40.781 0.4000000060
88518  47.494  5.838  40.279 0.4000000060
87646  46.654  4.490  40.113 0.3000000119
87653  46.972  5.318  39.768 0.4000000060
86748  46.297  3.795  39.485 0.3000000119
85897  45.481  1.969  39.320 0.3000000119
85906  45.124  1.940  38.269 0.2000000030
85025  44.494  1.804  37.868 0.2000000030
87625  39.852  5.117  42.967 0.1000000015
85035  43.912  1.460  38.145 0.2000000030
85892  43.440  2.544  39.855 0.2000000030
130021  41.319  5.526  41.185 0.2000000030
88510  42.031  5.205  41.185 0.2000000030
133051  47.462  6.162  39.241 0.5000000000
88525  47.003  5.443  38.927 0.4000000060
87654  46.601  4.621  39.034 0.4000000060
87658  46.372  4.259  38.070 0.4000000060
86765  45.421  2.713  37.956 0.2000000030
88520  41.662  5.619  40.452 0.2000000030
88521  40.787  5.848  40.661 0.2000000030
88528  42.022  5.805  39.572 0.2000000030
89330  40.283  6.396  40.084 0.2000000030
88553  46.067  5.563  36.424 0.3000000119
87668  44.899  4.712  36.638 0.3000000119
125774  44.767  3.747  37.076 0.3000000119
131732  43.759  3.585  38.327 0.2000000030
87655  43.626  4.379  38.466 0.2000000030
87677  45.453  5.027  36.397 0.3000000119
87659  44.130  4.139  37.701 0.3000000119
87669  44.431  4.756  37.132 0.3000000119
88534  43.742  5.080  37.752 0.2000000030
88527  42.715  5.399  39.116 0.2000000030
88526  43.258  5.025  38.558 0.2000000030
88536  42.259  5.999  38.822 0.2000000030
89338  41.531  6.346  38.936 0.2000000030
88529  41.081  6.054  39.755 0.2000000030
88554  45.442  6.028  36.040 0.3000000119
87678  44.989  5.506  36.151 0.4000000060
88555  44.511  6.039  35.988 0.4000000060
88543  44.015  5.492  36.803 0.2000000030
88542  44.591  5.288  36.574 0.3000000119
88535  42.802  5.741  38.156 0.2000000030
89321  39.313  6.365  41.275 0.1000000015
89332  38.840  6.834  40.759 0.2000000030
90983  38.302  8.245  40.196 0.2000000030
89331  39.515  6.605  40.434 0.1000000015
90127  39.044  7.126  39.980 0.1000000015
94232  36.568  12.377  43.976 0.3000000119
89374  44.792  7.052  35.282 0.4000000060
89363  44.097  6.666  35.545 0.4000000060
88544  43.197  5.891  37.181 0.2000000030
89340  39.796  6.957  39.601 0.2000000030
89354  43.640  6.273  36.334 0.3000000119
89339  40.622  6.765  39.062 0.2000000030
89345  42.403  6.456  37.444 0.3000000119
90984  37.906  8.863  40.713 0.3000000119
92646  37.692  10.444  40.974 0.3000000119
90170  44.761  8.229  34.557 0.4000000060
89375  44.192  7.387  34.841 0.4000000060
140790  37.434  12.830  43.100 0.4000000060
94239  36.991  12.277  43.406 0.3000000119
89364  43.296  6.873  35.639 0.3000000119
90128  38.496  7.479  40.457 0.2000000030
93424  36.960  11.464  42.981 0.3000000119
89355  42.774  6.579  36.615 0.4000000060
89346  42.047  6.481  38.227 0.2000000030
91810  37.934  9.734  40.456 0.3000000119
93431  37.651  11.239  41.580 0.3000000119
95058  37.016  13.056  43.781 0.3000000119
89376  43.347  7.373  34.809 0.4000000060
94246  37.305  12.197  42.852 0.3000000119
94253  37.926  12.166  41.840 0.3000000119
94245  37.693  12.555  42.479 0.3000000119
93437  37.878  11.150  40.807 0.3000000119
90181  43.260  8.317  34.266 0.4000000060
90172  42.993  7.727  34.568 0.4000000060
90173  42.268  7.841  35.029 0.4000000060
90163  41.754  7.432  35.951 0.4000000060
90142  40.515  7.392  38.084 0.3000000119
94238  37.668  13.503  43.404 0.4000000060
90162  42.641  7.347  35.317 0.4000000060
89356  41.897  7.041  36.828 0.4000000060
89357  41.215  7.255  37.412 0.3000000119
89347  41.290  6.925  38.227 0.3000000119
95065  37.959  13.254  42.744 0.4000000060
95057  38.289  13.869  43.062 0.4000000060
95834  38.643  14.432  43.400 0.4000000060
95826  38.350  14.720  44.125 0.4000000060
89365  42.427  7.073  36.093 0.4000000060
129049  41.766  6.901  37.622 0.3000000119
91809  38.220  9.064  39.920 0.3000000119
94244  38.258  12.930  42.111 0.3000000119
95064  38.576  13.620  42.406 0.4000000060
130346  38.269  9.908  39.743 0.3000000119
92645  38.097  10.573  40.307 0.3000000119
91038  42.540  9.399  33.773 0.4000000060
91028  42.139  8.559  34.413 0.4000000060
91842  41.838  9.411  33.978 0.4000000060
90174  41.435  8.034  35.489 0.4000000060
90135  40.004  7.299  38.871 0.2000000030
90136  39.313  7.464  39.193 0.2000000030
90137  38.689  7.734  39.608 0.3000000119
96560  39.001  15.086  43.793 0.4000000060
96551  38.686  15.478  44.526 0.4000000060
97272  38.949  16.415  44.881 0.4000000060
96550  39.342  15.906  44.188 0.4000000060
90994  38.491  8.438  39.315 0.3000000119
95842  38.920  14.200  42.729 0.4000000060
95833  39.274  14.769  43.076 0.5000000000
93436  38.366  11.508  40.283 0.3000000119
93430  37.968  11.894  41.023 0.3000000119
92651  38.472  10.771  39.644 0.3000000119
135161  38.478  12.325  40.673 0.3000000119
98524  36.357  18.618  46.322 0.4000000060
97913  36.995  17.892  46.222 0.6000000238
92676  41.958  10.699  33.338 0.4000000060
97923  37.642  17.514  45.777 0.6000000238
97263  38.385  16.960  45.438 0.6000000238
91029  41.180  8.849  35.114 0.4000000060
91021  40.698  8.312  36.119 0.4000000060
96539  38.315  15.910  45.265 0.4000000060
90155  40.103  7.914  37.618 0.3000000119
97271  39.532  16.921  44.428 0.5000000000
90143  39.657  7.702  38.381 0.3000000119
90144  38.892  7.935  38.750 0.3000000119
96559  39.632  15.483  43.472 0.4000000060
95841  39.542  14.526  42.374 0.5000000000
91816  38.389  9.255  39.110 0.3000000119
95080  39.067  13.006  40.833 0.5000000000
95851  39.184  13.977  42.032 0.5000000000
131645  38.492  10.116  38.970 0.3000000119
93444  38.697  11.546  39.590 0.3000000119
94258  38.893  12.347  39.993 0.3000000119
99159  35.617  19.386  45.691 0.3000000119
99168  35.532  19.621  44.640 0.4000000060
99167  36.408  19.449  44.429 0.5000000000
98523  37.249  18.713  45.510 0.6000000238
91843  41.258  9.834  34.449 0.4000000060
97922  38.153  18.179  45.267 0.6000000238
91836  40.531  9.585  35.610 0.4000000060
98545  38.482  18.765  44.456 0.6000000238
91013  39.855  8.534  37.244 0.4000000060
91828  39.466  9.451  37.153 0.4000000060
91014  39.097  8.956  37.825 0.3000000119
91006  38.746  8.676  38.536 0.3000000119
97278  39.909  16.364  43.772 0.6000000238
91823  38.675  9.467  38.389 0.3000000119
93451  38.836  11.066  38.861 0.4000000060
96570  39.958  15.108  42.772 0.5000000000
95071  39.426  13.786  41.264 0.5000000000
95850  39.779  14.342  41.630 0.5000000000
93443  39.014  12.029  39.132 0.4000000060
95849  40.393  14.637  41.236 0.6000000238
99176  35.914  19.749  43.891 0.3000000119
92677  41.551  10.702  33.858 0.5000000000
99175  36.655  19.590  43.496 0.5000000000
98535  36.373  19.218  45.457 0.4000000060
93466  41.303  11.550  34.148 0.5000000000
98546  37.479  19.229  44.514 0.5000000000
92666  40.178  10.563  36.011 0.4000000060
92667  39.610  10.359  36.869 0.4000000060
91829  38.967  9.648  37.807 0.4000000060
93461  39.896  11.376  36.689 0.4000000060
92661  39.193  10.244  37.565 0.4000000060
97937  39.991  17.466  43.875 0.6999999881
92657  39.207  10.960  38.040 0.4000000060
93450  39.284  11.775  38.389 0.4000000060
96558  40.326  15.939  43.165 0.6000000238
94267  39.776  12.451  37.951 0.5000000000
95840  40.180  14.852  42.007 0.6999999881
134165  39.460  12.442  38.720 0.5000000000
94261  39.429  12.743  39.392 0.5000000000
95087  39.847  13.418  39.651 0.5000000000
95079  39.668  13.602  40.463 0.5000000000
95859  40.011  14.151  40.846 0.5000000000
95078  40.235  13.988  40.034 0.5000000000
95867  40.784  14.337  39.546 0.5000000000
93470  41.665  12.107  33.587 0.5000000000
94281  41.255  12.549  34.279 0.6000000238
93460  40.525  11.691  35.338 0.5000000000
94276  40.318  12.342  36.296 0.5000000000
97277  40.560  16.925  43.412 0.6999999881
94272  39.888  12.143  37.142 0.5000000000
96569  40.579  15.562  42.379 0.6999999881
94266  40.235  13.132  37.871 0.6000000238
96578  40.792  15.230  41.617 0.6999999881
95094  39.922  13.132  38.712 0.6000000238
95086  40.378  13.827  39.145 0.6000000238
95858  40.606  14.472  40.434 0.6000000238
95093  40.538  13.677  38.215 0.6000000238
95857  41.229  14.762  39.968 0.6000000238
94285  41.791  12.765  33.619 0.5000000000
95900  42.162  14.321  33.858 0.6000000238
131865  40.749  12.675  35.300 0.5000000000
95114  41.649  13.992  33.963 0.6000000238
95896  41.943  14.521  34.324 0.6999999881
95109  40.772  13.288  35.989 0.6000000238
95101  41.239  14.006  36.357 0.6000000238
95889  42.289  15.031  35.076 0.6999999881
94271  40.294  12.808  37.123 0.6000000238
95884  41.133  14.085  37.565 0.6000000238
95883  41.723  14.552  36.768 0.6000000238
95874  41.587  14.579  37.957 0.6999999881
95866  41.417  14.643  39.016 0.6999999881
96602  42.100  15.013  38.386 0.6999999881
95873  42.240  15.045  37.160 0.6000000238
132289  40.251  12.838  58.021 0.2000000030
86754  45.601  2.542  38.801 0.3000000119
86764  45.872  3.541  37.696 0.3000000119
135712  45.160  2.966  37.153 0.2000000030
86767  43.776  2.690  38.089 0.2000000030
86755  43.479  3.026  39.010 0.2000000030
86766  44.175  3.350  37.667 0.2000000030
88533  46.711  5.159  37.989 0.4000000060
88541  46.566  5.224  36.975 0.3000000119
89328  48.510  6.996  40.379 0.4000000060
89329  47.961  6.639  39.863 0.4000000060
124793  45.040  6.259  35.624 0.4000000060
95890  41.810  14.565  35.483 0.6000000238
89304  50.907  5.965  43.319 0.4000000060
89310  50.712  6.653  42.595 0.4000000060
85879  47.023  2.854  42.880 0.2000000030
88496  50.028  5.787  42.976 0.4000000060
88507  48.890  6.128  42.001 0.4000000060
87638  48.479  5.370  42.218 0.4000000060
86741  46.955  4.170  41.847 0.3000000119
86742  46.502  3.568  41.273 0.3000000119
145562  47.931  5.234  41.769 0.4000000060
84105  44.641  0.479  39.560 0.1000000015
136405  43.417  1.342  38.732 0.2000000030
87639  47.409  4.826  41.472 0.4000000060
86753  45.910  3.235  38.738 0.3000000119
139531  44.625  1.503  38.188 0.2000000030
85918  44.141  2.133  37.815 0.2000000030
85916  44.996  2.293  37.616 0.2000000030
132249  46.238  3.872  38.625 0.3000000119
87676  46.041  4.521  36.605 0.3000000119
87667  46.275  4.319  37.222 0.3000000119
141122  45.346  4.159  36.626 0.3000000119
145165  45.259  3.604  36.846 0.3000000119
86779  44.491  2.802  37.512 0.3000000119
144031  44.821  7.684  34.771 0.4000000060
95835  37.968  14.136  43.710 0.4000000060
94252  38.424  12.623  41.373 0.3000000119
90153  41.273  7.423  36.723 0.3000000119
90164  40.997  7.747  36.368 0.4000000060
90154  40.741  7.626  37.161 0.3000000119
95072  38.845  13.335  41.697 0.4000000060
91012  40.476  8.070  36.889 0.4000000060
91022  40.189  8.926  36.466 0.4000000060
97930  38.927  17.568  44.924 0.6000000238
97929  39.349  18.138  44.258 0.6000000238
94257  39.378  13.051  40.075 0.4000000060
99160  35.094  19.420  46.068 0.2000000030
92672  40.767  10.643  34.860 0.5000000000
91837  39.932  9.751  36.441 0.4000000060
93455  39.561  11.607  37.614 0.5000000000
95108  41.417  14.007  35.021 0.6000000238
86778  45.718  3.756  36.891 0.3000000119
87496  37.613  4.199  58.120 0.2000000030
87478  36.819  4.354  58.473 0.2000000030
124823  38.347  9.830  59.395 0.2000000030
142865  38.202  9.138  59.496 0.2000000030
90815  38.696  8.174  59.473 0.2000000030
91644  37.800  8.748  59.407 0.2000000030
89988  38.073  6.623  58.839 0.2000000030
89183  38.492  5.444  58.903 0.2000000030
91656  36.073  9.076  58.962 0.2000000030
89989  36.776  7.054  58.387 0.2000000030
89184  37.636  5.692  58.368 0.2000000030
88358  37.853  4.635  58.633 0.2000000030
88348  36.118  4.823  59.068 0.2000000030
129527  35.349  8.823  58.424 0.2000000030
140955  36.093  7.107  57.921 0.2000000030
89185  36.749  6.192  57.871 0.2000000030
89186  36.055  6.709  57.424 0.3000000119
88370  36.850  4.657  57.611 0.2000000030
89975  38.781  7.051  59.236 0.2000000030
88357  38.420  4.952  59.102 0.2000000030
91645  36.408  9.772  59.201 0.2000000030
91657  35.549  9.751  58.767 0.2000000030
89974  39.477  6.993  59.489 0.2000000030
89174  38.914  5.580  59.388 0.2000000030
88333  37.560  4.860  59.734 0.2000000030
89990  35.726  7.836  58.190 0.2000000030
89997  35.485  7.562  57.589 0.2000000030
129708  35.455  6.197  59.778 0.2000000030
126614  40.340  11.266  58.415 0.1000000015
92520  39.691  10.461  58.873 0.2000000030
92505  39.229  9.754  59.330 0.2000000030
91642  39.654  9.000  59.509 0.2000000030
90814  39.641  8.159  59.572 0.2000000030
93336  38.302  11.425  58.747 0.1000000015
92521  38.747  10.601  59.040 0.2000000030
89173  39.300  6.225  59.549 0.2000000030
88331  38.478  5.177  59.987 0.2000000030
92507  36.806  10.625  59.155 0.2000000030
92523  35.056  10.490  58.545 0.2000000030
89159  36.980  5.748  60.321 0.2000000030
89160  35.903  6.508  60.217 0.2000000030
90824  34.687  9.044  57.934 0.2000000030
132239  34.635  6.337  59.418 0.2000000030
90830  34.584  8.899  57.309 0.3000000119
89204  36.088  6.451  56.176 0.3000000119
93269  35.580  11.616  67.228 0.1000000015
131538  33.995  10.595  66.654 0.1000000015
94963  40.645  13.253  58.079 0.1000000015
93349  41.303  11.637  57.887 0.1000000015
92519  41.310  10.629  58.262 0.1000000015
130178  40.507  10.276  58.668 0.1000000015
126817  29.178  2.442  64.151 0.1000000015
123817  28.714  1.808  64.101 0.1000000015
94163  38.828  12.167  58.386 0.1000000015
85676  28.986  2.640  63.050 0.1000000015
93337  37.324  11.457  58.797 0.2000000030
93338  36.249  11.480  58.686 0.2000000030
89973  39.777  6.693  59.796 0.2000000030
94165  36.959  12.284  58.485 0.2000000030
93339  35.413  11.133  58.634 0.2000000030
92529  34.344  10.502  58.010 0.3000000119
89144  39.525  6.191  60.077 0.2000000030
93350  34.038  11.317  57.706 0.3000000119
91659  34.246  9.725  57.516 0.3000000119
89161  34.815  7.182  60.034 0.2000000030
92530  33.775  10.574  57.288 0.3000000119
90838  34.677  8.840  56.503 0.2000000030
90837  35.239  8.141  56.188 0.3000000119
90011  35.731  7.405  55.742 0.3000000119
94091  37.381  12.358  69.063 0.1000000015
94092  36.733  12.027  69.111 0.1000000015
93248  37.488  11.453  70.534 0.1000000015
94107  36.988  12.341  67.573 0.1000000015
93268  36.249  11.991  67.861 0.1000000015
132709  36.028  11.602  66.544 0.1000000015
93288  35.418  11.279  66.324 0.1000000015
93270  34.759  11.163  66.884 0.1000000015
92463  34.791  10.780  66.123 0.1000000015
92478  33.580  10.156  66.036 0.1000000015
91612  32.817  9.297  65.826 0.1000000015
91611  33.457  9.384  65.755 0.1000000015
90758  33.303  8.470  65.738 0.1000000015
89106  31.481  6.159  66.429 0.1000000015
95735  41.526  14.196  59.194 0.1000000015
134690  30.008  3.453  66.652 0.1000000015
86545  29.814  2.964  64.714 0.1000000015
95740  41.066  13.752  58.481 0.1000000015
86553  29.513  3.228  63.651 0.1000000015
94965  39.309  12.909  58.110 0.1000000015
91654  41.095  9.637  58.671 0.1000000015
91655  40.233  9.472  59.162 0.2000000030
126659  38.441  12.912  58.232 0.1000000015
94164  37.905  12.216  58.499 0.1000000015
131540  40.155  7.573  59.767 0.2000000030
94976  38.140  13.642  58.007 0.1000000015
94967  36.647  13.091  58.182 0.2000000030
89158  38.436  5.943  60.541 0.2000000030
89958  36.426  6.953  60.702 0.2000000030
89959  35.456  7.639  60.580 0.2000000030
147036  35.331  12.499  58.158 0.2000000030
93340  34.725  11.243  58.313 0.2000000030
89960  33.778  7.858  60.246 0.2000000030
94968  35.764  13.092  57.986 0.2000000030
142528  34.339  12.696  57.464 0.2000000030
91660  33.783  9.983  56.728 0.3000000119
92533  33.540  10.718  56.490 0.3000000119
91664  34.198  9.574  55.986 0.2000000030
90018  35.429  8.231  55.288 0.3000000119
92535  33.832  10.205  55.306 0.4000000060
90852  35.126  8.844  54.927 0.3000000119
91670  35.273  9.215  54.360 0.3000000119
92414  38.235  10.558  72.137 0.1000000015
92411  37.800  9.761  72.609 0.1000000015
93247  38.196  11.833  70.862 0.1000000015
92409  39.790  10.376  73.274 0.1000000015
94083  37.895  12.295  69.916 0.1000000015
93242  39.369  11.711  71.957 0.1000000015
94098  37.594  12.593  68.173 0.1000000015
143259  38.196  12.873  68.865 0.1000000015
125971  38.539  12.873  69.621 0.1000000015
94071  38.914  12.179  71.203 0.1000000015
94058  41.185  12.384  72.694 0.1000000015
94120  37.199  12.240  66.780 0.1000000015
94081  39.313  12.904  70.692 0.1000000015
94070  39.658  12.520  71.511 0.1000000015
94059  40.208  12.048  72.284 0.1000000015
93302  36.143  11.232  65.875 0.1000000015
91609  35.599  9.603  65.646 0.1000000015
134396  34.957  10.211  65.689 0.1000000015
143349  34.041  9.587  65.752 0.1000000015
90747  32.327  8.709  65.841 0.1000000015
91610  34.715  9.456  65.686 0.1000000015
90757  34.235  8.528  65.759 0.1000000015
90748  31.464  8.478  66.053 0.1000000015
89912  30.622  7.166  66.224 0.1000000015
89921  33.999  7.242  66.127 0.1000000015
89922  33.028  7.506  65.958 0.1000000015
89910  32.676  6.708  66.334 0.1000000015
128081  32.290  6.122  66.513 0.1000000015
129158  31.497  5.025  66.719 0.1000000015
88279  30.444  4.859  66.649 0.1000000015
132504  30.749  3.840  66.661 0.1000000015
87413  32.907  4.022  66.587 0.1000000015
86526  32.310  3.845  66.455 0.1000000015
86528  30.773  3.407  66.345 0.1000000015
87424  32.150  3.524  65.924 0.1000000015
86538  30.820  3.195  65.996 0.1000000015
85658  30.063  2.798  65.597 0.1000000015
94962  41.788  12.997  57.867 0.1000000015
94955  42.187  13.539  58.396 0.1000000015
94161  42.528  12.361  57.338 0.1000000015
93348  42.167  11.833  57.307 0.1000000015
93333  42.651  11.223  57.397 0.1000000015
91641  41.043  8.867  59.169 0.2000000030
124172  40.343  8.503  59.531 0.2000000030
89956  39.960  6.658  60.051 0.2000000030
125484  32.900  7.965  60.785 0.2000000030
94978  36.285  13.861  57.608 0.2000000030
89957  37.436  6.321  60.737 0.2000000030
90805  34.495  8.216  60.662 0.2000000030
95757  36.085  14.907  56.816 0.2000000030
94986  34.947  13.994  56.857 0.2000000030
94180  33.550  12.130  56.392 0.3000000119
94987  34.292  13.550  56.483 0.3000000119
93355  33.405  11.717  55.567 0.3000000119
95762  34.469  14.336  55.224 0.3000000119
94993  33.873  13.813  54.779 0.3000000119
94184  33.434  12.246  54.772 0.3000000119
95765  34.367  14.362  54.371 0.3000000119
94994  33.580  13.108  54.370 0.3000000119
133695  34.047  10.417  54.448 0.4000000060
124545  33.862  13.764  53.978 0.3000000119
93357  33.552  11.604  54.030 0.3000000119
91679  34.804  9.897  54.047 0.3000000119
127554  34.113  13.433  53.228 0.3000000119
94186  33.746  12.742  53.351 0.3000000119
94999  34.497  13.380  52.367 0.2000000030
93363  34.284  11.739  52.486 0.2000000030
90684  38.485  8.385  74.640 0.1000000015
91537  38.677  9.060  74.002 0.1000000015
94106  37.774  12.617  67.315 0.1000000015
94890  38.828  13.322  68.348 0.1000000015
94873  38.950  13.340  69.040 0.1000000015
94855  39.122  13.192  69.845 0.1000000015
94826  41.393  13.373  72.388 0.1000000015
94824  43.621  14.100  73.865 0.1000000015
93286  37.501  11.813  66.102 0.1000000015
93287  36.695  11.739  66.293 0.1000000015
93300  37.881  11.193  65.621 0.1000000015
92475  36.434  10.365  65.612 0.1000000015
137439  36.392  9.349  65.747 0.1000000015
90756  35.235  8.372  65.892 0.1000000015
90746  34.954  7.099  66.411 0.1000000015
90755  36.099  8.373  66.082 0.1000000015
90745  35.895  7.052  66.613 0.1000000015
133826  34.675  5.839  66.789 0.1000000015
89909  33.685  6.198  66.605 0.1000000015
89105  33.274  5.277  66.825 0.1000000015
89104  35.089  4.956  66.905 0.1000000015
145950  33.938  4.440  66.926 0.1000000015
125568  33.254  3.925  66.475 0.1000000015
87423  32.575  3.783  66.318 0.1000000015
95734  42.650  13.882  59.158 0.1000000015
94160  43.521  12.426  57.114 0.1000000015
98432  40.707  18.143  58.683 0.1000000015
91653  41.737  9.901  58.406 0.1000000015
91640  41.726  9.250  58.832 0.1000000015
90813  40.825  8.288  59.795 0.2000000030
89939  32.493  7.629  62.490 0.2000000030
89145  39.153  6.238  60.438 0.2000000030
89945  37.853  6.911  61.146 0.2000000030
90800  33.610  8.512  61.093 0.2000000030
95002  34.900  13.316  51.519 0.2000000030
96521  36.142  16.040  47.055 0.2000000030
96522  35.455  15.678  47.417 0.3000000119
96532  35.794  15.246  46.730 0.2000000030
96530  37.147  15.921  46.121 0.3000000119
96531  36.495  15.573  46.422 0.2000000030
95810  36.155  14.812  46.062 0.2000000030
95818  37.237  14.753  45.103 0.3000000119
96540  37.570  15.470  45.497 0.3000000119
96541  36.874  15.127  45.793 0.3000000119
95819  36.493  14.455  45.361 0.3000000119
95828  36.856  14.156  44.661 0.3000000119
95050  37.280  13.824  44.029 0.3000000119
94119  37.999  12.364  66.597 0.1000000015
94097  38.349  13.007  67.869 0.1000000015
93285  38.331  11.755  66.008 0.1000000015
92474  37.450  10.434  65.597 0.1000000015
91608  37.113  9.517  65.818 0.1000000015
91599  36.874  8.467  66.320 0.1000000015
89908  35.651  5.737  66.950 0.1000000015
88288  35.104  4.839  66.724 0.1000000015
88277  34.437  4.462  66.880 0.1000000015
87430  33.744  3.921  66.324 0.1000000015
96428  41.776  15.650  61.273 0.1000000015
95730  43.092  14.254  59.959 0.1000000015
95733  43.847  13.648  59.015 0.1000000015
94954  43.415  13.465  58.160 0.1000000015
92517  42.955  10.562  57.907 0.1000000015
89938  33.256  8.143  62.804 0.2000000030
89972  40.311  7.415  59.981 0.2000000030
89943  39.709  6.968  60.665 0.2000000030
89947  35.997  8.043  61.092 0.2000000030
90798  35.082  8.549  61.187 0.2000000030
89948  32.939  8.284  61.781 0.2000000030
97248  35.015  16.229  47.967 0.3000000119
97256  36.685  16.398  46.597 0.3000000119
97264  37.732  16.401  45.752 0.4000000060
96552  37.988  15.085  44.841 0.3000000119
95827  37.605  14.438  44.392 0.3000000119
95051  36.613  13.512  44.373 0.3000000119
94104  39.273  12.890  66.926 0.1000000015
93299  38.578  11.126  65.713 0.1000000015
91607  37.994  9.543  65.872 0.1000000015
130952  38.522  8.525  66.608 0.1000000015
91598  37.666  8.543  66.421 0.1000000015
90743  37.461  7.374  66.841 0.1000000015
89907  36.711  5.808  67.153 0.1000000015
132957  36.177  5.072  66.962 0.1000000015
88275  36.745  4.992  66.881 0.1000000015
88276  36.008  4.973  66.623 0.1000000015
88294  35.092  4.621  66.202 0.1000000015
87411  34.385  4.281  66.597 0.1000000015
89118  35.884  5.107  65.895 0.1000000015
89119  34.472  5.112  65.169 0.1000000015
88295  34.242  4.209  65.875 0.1000000015
89928  35.416  6.122  64.846 0.1000000015
89126  34.606  6.267  64.484 0.1000000015
96432  42.332  14.898  60.794 0.1000000015
89932  33.946  7.500  63.671 0.2000000030
89127  33.758  6.200  64.222 0.1000000015
95729  44.276  13.983  59.863 0.1000000015
94960  44.005  12.946  57.526 0.1000000015
89933  33.043  7.120  63.416 0.1000000015
89128  32.867  6.078  63.933 0.1000000015
93346  43.974  12.045  56.916 0.1000000015
93332  43.603  11.420  57.281 0.1000000015
90775  34.041  8.528  63.010 0.2000000030
90812  41.637  8.730  59.463 0.2000000030
90797  36.422  8.418  61.772 0.2000000030
90799  34.277  8.764  61.404 0.2000000030
89946  36.931  7.458  61.179 0.2000000030
140126  41.146  19.361  58.456 0.1000000015
100532  39.127  21.013  42.043 0.5000000000
99849  39.713  20.084  41.352 0.5000000000
99850  38.878  20.271  41.557 0.5000000000
99838  38.108  20.006  41.613 0.5000000000
97247  35.614  16.607  47.475 0.3000000119
99196  38.299  19.883  41.776 0.5000000000
99197  37.637  19.908  42.123 0.5000000000
97246  36.240  17.024  47.012 0.3000000119
97907  35.679  17.459  47.355 0.3000000119
126754  41.656  20.427  40.875 0.5000000000
99848  40.377  20.244  41.207 0.5000000000
99195  39.189  19.867  41.664 0.5000000000
136715  36.745  17.152  46.576 0.4000000060
144332  40.721  19.898  41.324 0.5000000000
99205  39.924  20.158  41.352 0.5000000000
99210  42.306  20.455  40.734 0.5000000000
99204  41.365  19.920  41.182 0.5000000000
98572  42.244  19.740  41.064 0.6000000238
96568  41.213  16.054  42.001 0.6000000238
96585  41.661  15.352  40.402 0.6000000238
97299  42.191  16.068  40.897 0.6000000238
96593  42.589  15.589  38.870 0.6000000238
96584  42.366  15.773  39.934 0.6000000238
96594  41.876  15.138  39.451 0.6000000238
93284  39.189  11.494  66.021 0.1000000015
94118  38.848  12.329  66.476 0.1000000015
137573  40.024  12.968  67.232 0.1000000015
92462  39.179  10.523  65.978 0.1000000015
91597  38.856  9.552  66.276 0.1000000015
90742  39.392  8.446  66.892 0.1000000015
89905  38.258  7.410  67.046 0.1000000015
89898  38.792  6.506  67.382 0.1000000015
89906  37.532  5.676  67.271 0.1000000015
125506  36.994  5.053  66.611 0.1000000015
89117  36.601  5.356  65.934 0.1000000015
139222  36.099  5.938  65.230 0.1000000015
96427  42.759  15.296  61.486 0.1000000015
89930  35.834  7.049  64.493 0.2000000030
89931  34.904  7.454  64.009 0.2000000030
95724  43.426  14.463  60.887 0.1000000015
94953  44.532  13.314  58.038 0.1000000015
90774  34.827  8.470  63.267 0.2000000030
144543  34.379  8.114  63.509 0.2000000030
94959  44.794  12.823  57.535 0.1000000015
90795  38.439  8.332  61.951 0.2000000030
140989  35.573  8.638  61.760 0.2000000030
93326  44.404  11.557  57.814 0.1000000015
91639  42.336  9.860  58.496 0.1000000015
90794  39.362  7.941  61.516 0.2000000030
90796  37.528  8.089  61.701 0.2000000030
98433  39.949  18.689  59.094 0.1000000015
90804  40.769  8.120  60.237 0.2000000030
89944  38.704  7.093  61.222 0.2000000030
99086  40.200  19.844  58.168 0.1000000015
129107  40.093  21.385  42.229 0.5000000000
100520  38.563  21.255  42.651 0.5000000000
99839  37.619  20.172  42.103 0.5000000000
100521  37.166  20.561  42.746 0.4000000060
99832  37.076  19.920  42.633 0.4000000060
99187  37.912  19.649  42.497 0.5000000000
99188  37.121  19.755  42.753 0.4000000060
97914  36.483  17.721  46.642 0.4000000060
99186  39.180  19.517  42.599 0.5000000000
99174  37.631  19.465  43.436 0.4000000060
97255  37.211  16.848  46.241 0.5000000000
98556  40.147  18.945  42.956 0.6000000238
98558  38.773  19.208  43.568 0.5000000000
98564  41.237  19.423  41.979 0.6000000238
98565  40.890  18.724  42.733 0.6000000238
97949  42.592  18.458  41.312 0.6000000238
97943  41.579  18.364  42.342 0.6000000238
97956  43.803  18.059  40.223 0.6000000238
97957  43.177  17.659  40.772 0.6000000238
97284  40.941  16.495  42.735 0.6000000238
97297  43.602  17.085  39.958 0.6000000238
96577  41.461  15.632  41.262 0.6000000238
97305  43.115  16.271  39.434 0.6000000238
97298  42.869  16.594  40.428 0.6000000238
97313  43.367  16.171  38.224 0.6999999881
92461  40.141  10.761  66.309 0.1000000015
94117  39.901  12.118  66.494 0.1000000015
91596  39.891  9.439  66.613 0.1000000015
133724  40.902  12.265  67.016 0.1000000015
90741  40.122  8.259  67.289 0.1000000015
90733  39.845  7.421  67.493 0.1000000015
136375  39.463  6.862  67.547 0.1000000015
89094  39.396  6.641  67.472 0.1000000015
89101  38.540  6.165  67.267 0.2000000030
89112  38.932  6.267  66.762 0.2000000030
89920  38.093  5.872  66.362 0.2000000030
89116  37.319  5.617  66.045 0.2000000030
89926  37.729  6.813  65.296 0.2000000030
89927  36.734  6.563  65.071 0.2000000030
137663  37.119  7.576  64.536 0.2000000030
97142  43.287  15.910  61.999 0.1000000015
90772  37.089  8.399  63.692 0.2000000030
90766  36.400  7.810  64.189 0.2000000030
142545  38.370  8.633  62.753 0.2000000030
90785  36.747  8.647  62.654 0.2000000030
90773  35.597  8.166  63.793 0.2000000030
95728  45.379  13.598  59.817 0.1000000015
94950  45.017  13.500  58.828 0.1000000015
94159  45.165  12.683  57.803 0.1000000015
122256  40.660  8.429  61.598 0.2000000030
90784  37.656  8.626  62.672 0.2000000030
92516  43.678  10.829  58.070 0.1000000015
139262  43.065  10.105  58.807 0.1000000015
90802  42.142  8.795  59.816 0.2000000030
89942  40.377  7.667  60.549 0.2000000030
100518  40.521  21.824  43.049 0.5000000000
100519  39.598  21.537  42.939 0.5000000000
141299  37.768  20.852  42.388 0.4000000060
99833  36.474  20.180  43.193 0.4000000060
99827  35.851  19.933  43.787 0.2000000030
99189  36.494  19.817  43.238 0.4000000060
98557  39.725  18.627  43.554 0.6000000238
98580  43.125  18.870  40.787 0.6000000238
97944  41.128  17.595  42.940 0.6000000238
97290  42.561  17.153  41.248 0.6000000238
97950  42.128  17.826  41.862 0.6000000238
97283  41.555  17.123  42.306 0.6000000238
97291  41.864  16.587  41.639 0.6000000238
97304  43.902  16.818  38.898 0.6999999881
93283  40.713  11.415  66.632 0.1000000015
92460  41.075  10.501  66.874 0.1000000015
145232  41.826  12.007  67.332 0.1000000015
91595  40.736  8.682  67.457 0.1000000015
90732  40.680  7.558  67.683 0.1000000015
89896  40.600  7.184  67.697 0.1000000015
89897  40.024  6.968  67.622 0.1000000015
89904  40.569  7.013  67.323 0.2000000030
89918  39.923  6.710  66.872 0.2000000030
89919  38.703  6.726  65.715 0.2000000030
134540  39.679  7.063  65.908 0.2000000030
139147  38.351  7.515  64.933 0.2000000030
96425  44.977  14.666  61.591 0.1000000015
90764  38.519  8.260  64.279 0.2000000030
95723  44.562  14.136  60.915 0.1000000015
95722  45.714  13.768  60.852 0.1000000015
94151  45.966  12.580  59.252 0.1000000015
90771  37.995  8.523  63.546 0.2000000030
90765  37.765  7.961  64.402 0.2000000030
94949  45.790  13.075  58.995 0.1000000015
127538  45.618  11.976  58.720 0.1000000015
92504  44.124  10.810  58.797 0.1000000015
92499  43.299  10.341  59.532 0.2000000030
91634  42.620  9.520  59.859 0.2000000030
140002  40.393  8.793  62.495 0.2000000030
90783  39.085  8.557  62.419 0.2000000030
139632  44.914  11.561  58.500 0.1000000015
90780  41.418  8.705  61.762 0.2000000030
90782  39.894  8.539  61.995 0.2000000030
90811  42.304  9.247  59.193 0.2000000030
90793  41.756  8.673  61.149 0.2000000030
100502  40.113  21.899  43.873 0.5000000000
100503  39.106  21.702  43.719 0.3000000119
92444  42.008  10.249  67.532 0.1000000015
91594  41.400  9.339  67.540 0.1000000015
91582  41.494  8.231  67.871 0.1000000015
89895  41.037  7.354  67.589 0.2000000030
89903  41.194  7.382  66.941 0.2000000030
89924  40.348  8.014  65.378 0.2000000030
140252  39.694  8.020  64.998 0.2000000030
89925  39.064  7.676  65.025 0.2000000030
136127  40.120  8.584  64.250 0.2000000030
90770  38.810  8.644  63.387 0.2000000030
92503  44.919  11.287  59.259 0.1000000015
92498  44.012  10.672  59.844 0.2000000030
91631  42.542  9.586  60.949 0.2000000030
90768  40.587  8.957  63.331 0.2000000030
90769  39.733  8.755  63.137 0.2000000030
92495  43.848  10.546  60.838 0.2000000030
90792  42.172  8.878  60.537 0.2000000030
90781  40.999  8.961  62.459 0.2000000030
129328  42.300  9.035  68.064 0.1000000015
90730  42.199  8.314  67.981 0.1000000015
90739  42.451  8.283  67.622 0.2000000030
90729  43.105  8.696  67.990 0.1000000015
90752  42.419  8.236  66.806 0.2000000030
90754  41.071  8.054  65.877 0.2000000030
90753  41.745  8.092  66.362 0.2000000030
90761  41.611  8.715  65.196 0.2000000030
91618  41.647  9.570  63.066 0.2000000030
91616  41.599  9.248  64.091 0.2000000030
91623  42.472  9.547  62.037 0.2000000030
91619  41.203  9.276  63.286 0.2000000030
91632  42.173  9.029  61.373 0.2000000030
91624  41.961  9.042  62.101 0.2000000030
91581  43.297  9.215  68.245 0.1000000015
91563  44.051  9.956  68.566 0.1000000015
91593  43.056  8.597  67.205 0.2000000030
90760  42.202  8.716  65.676 0.2000000030
91615  41.983  9.192  64.756 0.2000000030
92485  43.367  10.298  63.405 0.2000000030
91614  42.791  9.834  64.088 0.2000000030
126745  42.087  9.588  63.884 0.2000000030
143553  42.297  9.831  63.449 0.2000000030
92489  43.157  10.188  62.367 0.2000000030
133011  43.866  9.242  67.590 0.1000000015
91562  44.350  9.813  68.489 0.1000000015
121397  42.488  9.362  64.993 0.2000000030
94977  37.257  13.746  57.868 0.2000000030
95759  34.690  14.193  56.075 0.3000000119
94979  35.345  13.617  57.454 0.2000000030
94996  33.666  13.115  53.750 0.3000000119
86552  30.168  3.618  64.247 0.1000000015
86544  30.535  3.203  65.308 0.1000000015
93368  34.812  11.851  51.807 0.2000000030
93359  34.001  11.286  53.321 0.2000000030
89199  36.077  6.295  56.939 0.3000000119
87476  37.616  4.292  58.380 0.2000000030
133291  37.482  4.249  58.190 0.2000000030
86543  31.419  3.415  65.779 0.1000000015
92541  33.847  10.962  53.941 0.2000000030
132575  39.771  12.145  58.274 0.1000000015
97936  40.492  18.032  43.365 0.6000000238
96586  41.040  14.931  40.841 0.6000000238
89193  36.588  5.656  57.365 0.2000000030
88347  37.195  4.460  59.103 0.2000000030
91643  38.933  9.044  59.552 0.2000000030
136382  37.427  9.674  59.392 0.2000000030
90822  37.917  7.854  59.260 0.2000000030
90816  36.976  8.748  59.231 0.2000000030
90823  36.315  8.223  58.695 0.2000000030
88346  37.973  4.540  59.010 0.2000000030
92522  35.887  10.565  58.898 0.2000000030
88359  37.350  4.947  57.914 0.2000000030
89175  36.394  5.366  59.736 0.2000000030
92506  37.795  10.636  59.174 0.2000000030
88345  38.524  5.044  59.492 0.2000000030
89998  34.955  8.094  57.103 0.3000000119
90003  35.568  7.209  56.800 0.3000000119
93335  39.264  11.362  58.614 0.1000000015
89157  39.009  5.599  59.927 0.2000000030
128785  37.939  5.278  60.268 0.2000000030
94167  35.370  11.828  58.406 0.2000000030
91662  34.246  9.398  56.818 0.2000000030
94166  36.051  12.396  58.352 0.2000000030
94177  33.886  12.100  57.293 0.3000000119
93351  33.595  11.362  56.946 0.3000000119
138691  32.178  7.781  65.937 0.1000000015
89911  31.597  7.272  66.107 0.1000000015
85649  30.145  2.867  66.143 0.1000000015
94966  37.564  12.997  58.274 0.1000000015
94176  34.604  12.112  57.953 0.2000000030
94175  34.950  12.935  57.780 0.2000000030
91665  33.677  10.249  56.030 0.3000000119
90844  34.878  8.869  55.620 0.2000000030
91671  34.550  9.546  54.941 0.4000000060
134866  33.599  10.753  54.917 0.3000000119
92410  38.727  9.941  73.138 0.1000000015
93235  39.093  10.864  72.434 0.1000000015
93243  38.581  11.379  71.654 0.1000000015
93234  39.963  11.227  72.703 0.1000000015
94057  42.284  12.839  73.329 0.1000000015
129146  32.390  5.120  66.777 0.1000000015
136451  31.592  4.154  66.679 0.1000000015
86527  31.678  3.777  66.473 0.1000000015
132484  33.232  4.390  66.794 0.1000000015
86537  31.762  3.548  66.215 0.1000000015
94988  33.772  12.989  56.054 0.3000000119
94990  34.064  13.716  55.650 0.3000000119
94187  33.512  12.479  53.883 0.3000000119
93364  33.700  12.036  53.201 0.3000000119
94193  34.549  12.564  51.986 0.2000000030
90744  36.718  7.198  66.734 0.1000000015
90788  33.736  8.672  62.067 0.2000000030
95803  35.126  14.866  47.119 0.2000000030
95820  35.769  14.122  45.678 0.2000000030
95043  36.132  13.819  44.957 0.3000000119
136164  37.322  6.335  67.189 0.1000000015
89103  37.070  5.200  67.133 0.1000000015
89114  36.493  5.005  66.491 0.1000000015
90803  41.519  8.492  60.232 0.2000000030
90786  35.698  8.670  62.731 0.2000000030
99194  40.225  19.676  42.087 0.6000000238
98573  41.890  19.048  41.604 0.6000000238
89113  37.529  5.313  66.801 0.2000000030
121517  40.080  7.879  61.196 0.2000000030
126073  41.112  8.341  60.891 0.2000000030
99081  39.560  19.546  58.767 0.1000000015
90731  41.272  7.669  67.782 0.1000000015
89917  40.506  7.251  66.467 0.2000000030
90762  40.975  8.733  64.485 0.2000000030
83069  57.826  0.050  50.102 0.1000000015
83053  56.745  -0.136  52.292 0.1000000015
82061  57.088  -0.531  50.909 0.1000000015
83052  57.223  0.275  51.997 0.1000000015
84013  57.828  0.965  50.418 0.1000000015
83042  56.498  0.047  52.765 0.1000000015
83980  56.144  0.319  53.321 0.1000000015
83991  57.035  0.396  52.527 0.1000000015
83063  57.337  0.255  51.192 0.1000000015
83990  57.377  0.723  52.233 0.1000000015
84032  58.290  0.989  49.403 0.1000000015
84894  57.581  1.762  51.300 0.1000000015
84906  57.669  1.775  50.523 0.1000000015
83967  55.647  0.753  53.945 0.1000000015
84874  56.395  0.936  53.693 0.1000000015
83968  54.729  0.685  54.086 0.1000000015
84873  57.042  1.344  53.295 0.1000000015
83979  56.792  0.603  53.065 0.1000000015
84882  57.561  1.343  52.088 0.1000000015
84943  57.899  1.885  48.692 0.1000000015
145595  57.686  2.107  49.268 0.1000000015
84955  57.946  1.642  47.942 0.1000000015
84059  57.428  1.050  47.641 0.1000000015
83096  55.647  -0.138  47.785 0.1000000015
84867  55.120  1.254  54.593 0.1000000015
84866  55.955  1.357  54.358 0.1000000015
84865  56.620  1.677  53.964 0.1000000015
85759  57.035  2.395  53.339 0.1000000015
83978  57.331  0.958  52.705 0.1000000015
85766  57.430  2.301  51.687 0.1000000015
85778  56.907  3.124  51.086 0.1000000015
84927  57.322  2.031  49.175 0.1000000015
85791  57.104  3.040  50.228 0.1000000015
85779  55.957  3.195  51.271 0.1000000015
84944  57.456  1.572  48.355 0.1000000015
84945  56.754  1.453  48.684 0.1000000015
84046  56.218  0.596  48.315 0.1000000015
83097  54.750  -0.584  47.928 0.1000000015
80211  46.229  -3.834  42.943 0.1000000015
79218  45.632  -4.416  43.710 0.1000000015
134176  45.459  -4.616  44.512 0.1000000015
79225  45.619  -4.114  43.011 0.1000000015
85753  56.251  2.036  54.636 0.1000000015
85743  56.452  2.815  54.687 0.1000000015
85752  56.665  2.386  54.147 0.1000000015
85768  56.381  3.326  51.902 0.1000000015
84928  56.494  1.914  49.411 0.1000000015
84908  56.093  2.337  50.084 0.1000000015
84033  55.916  1.021  48.987 0.1000000015
84034  54.992  0.523  49.289 0.1000000015
83083  54.432  -0.294  48.765 0.1000000015
83098  53.879  -1.048  48.232 0.1000000015
79213  50.490  -5.230  44.249 0.1000000015
78261  49.751  -5.881  44.214 0.1000000015
78239  48.746  -5.972  45.346 0.1000000015
122288  48.315  -5.552  46.450 0.1000000015
78262  49.002  -5.967  43.904 0.1000000015
78263  48.296  -5.547  43.920 0.1000000015
124353  47.893  -5.506  45.491 0.1000000015
78240  46.781  -4.896  45.884 0.1000000015
133585  47.551  -5.252  44.515 0.1000000015
78241  46.287  -4.739  45.003 0.1000000015
81120  46.518  -3.194  43.364 0.1000000015
86619  56.157  3.679  54.343 0.1000000015
86626  56.064  4.014  53.267 0.1000000015
86625  56.550  3.128  53.776 0.1000000015
86635  56.561  3.315  52.788 0.1000000015
85780  55.070  2.786  51.512 0.1000000015
84929  55.554  1.454  49.705 0.1000000015
84014  54.632  0.859  50.127 0.1000000015
84035  54.104  -0.004  49.701 0.1000000015
82077  52.955  -1.407  48.622 0.1000000015
82089  52.349  -1.598  47.848 0.1000000015
82106  51.793  -1.808  47.125 0.1000000015
81098  51.685  -2.600  45.638 0.1000000015
81099  50.765  -2.698  45.866 0.1000000015
80191  50.578  -3.744  44.603 0.1000000015
80201  50.147  -4.557  44.017 0.1000000015
83071  52.112  -0.436  50.320 0.1000000015
83085  52.590  -1.126  49.556 0.1000000015
82079  50.981  -1.388  49.070 0.1000000015
82107  50.821  -1.899  47.426 0.1000000015
81084  50.275  -2.211  46.743 0.1000000015
81100  49.737  -2.622  46.049 0.1000000015
134953  50.195  -3.185  45.237 0.1000000015
80202  49.263  -4.615  43.889 0.1000000015
83087  50.568  -0.682  49.753 0.1000000015
82091  50.371  -1.566  48.410 0.1000000015
82108  49.801  -1.768  47.713 0.1000000015
81085  49.127  -2.046  47.030 0.1000000015
81110  49.219  -3.261  45.376 0.1000000015
80193  48.790  -3.836  44.503 0.1000000015
79215  48.731  -5.381  43.720 0.1000000015
79216  48.019  -5.111  43.728 0.1000000015
78264  47.712  -5.113  43.880 0.1000000015
83088  49.718  -0.262  49.560 0.1000000015
141840  49.470  -0.772  48.935 0.1000000015
83100  48.891  -0.860  48.484 0.1000000015
142179  48.179  -2.067  46.970 0.1000000015
81086  47.727  -2.207  46.328 0.1000000015
144381  47.553  -2.484  45.638 0.1000000015
80194  47.925  -3.734  44.353 0.1000000015
80204  47.633  -4.486  43.798 0.1000000015
146734  46.793  -4.734  44.044 0.1000000015
83099  49.108  -0.150  48.897 0.1000000015
84049  48.496  -0.176  48.315 0.1000000015
83113  48.135  -1.020  47.933 0.1000000015
82110  47.710  -1.480  47.153 0.1000000015
82125  47.281  -1.514  46.474 0.1000000015
131326  46.908  -2.143  45.096 0.1000000015
81119  47.206  -3.542  43.945 0.1000000015
80205  46.966  -4.152  43.452 0.1000000015
79217  47.380  -4.715  43.751 0.1000000015
123799  48.352  0.598  47.802 0.1000000015
84067  47.759  0.439  47.066 0.1000000015
84068  47.124  -0.317  46.596 0.1000000015
84074  46.666  -0.136  45.798 0.1000000015
82130  46.641  -1.580  45.179 0.1000000015
79224  46.616  -4.265  43.522 0.1000000015
83133  46.151  -0.491  44.464 0.1000000015
82135  46.194  -1.382  44.304 0.1000000015
128345  46.249  -2.218  43.684 0.1000000015
83137  45.805  -0.588  43.634 0.1000000015
87510  55.831  4.241  55.039 0.1000000015
87523  55.493  4.555  53.338 0.1000000015
86636  55.941  3.775  52.455 0.1000000015
87532  55.443  4.264  52.888 0.1000000015
86647  55.791  3.406  51.962 0.1000000015
85769  54.600  3.036  52.277 0.1000000015
86637  55.216  3.787  52.401 0.1000000015
84896  53.885  1.646  51.509 0.1000000015
84002  53.206  1.051  51.329 0.1000000015
84016  52.646  0.272  50.816 0.1000000015
84911  51.363  1.039  51.212 0.1000000015
83072  51.118  -0.276  50.404 0.1000000015
140391  50.228  0.851  50.426 0.1000000015
84946  49.432  1.543  48.873 0.1000000015
84947  48.871  0.818  48.510 0.1000000015
84956  49.272  1.797  48.068 0.1000000015
84957  48.427  1.389  47.130 0.1000000015
84972  47.547  1.455  45.549 0.1000000015
84073  46.903  0.760  45.352 0.1000000015
124876  46.433  0.081  44.948 0.1000000015
84080  46.666  0.888  44.562 0.1000000015
84081  46.186  0.233  44.148 0.1000000015
84087  45.891  0.432  43.391 0.1000000015
84088  45.557  -0.249  42.750 0.1000000015
87517  55.725  4.457  53.982 0.1000000015
88386  55.260  5.047  53.773 0.1000000015
87524  55.014  4.839  53.275 0.1000000015
86638  54.124  3.622  52.769 0.1000000015
87534  53.535  4.453  53.055 0.1000000015
85770  53.491  2.638  52.519 0.1000000015
85782  52.490  2.029  52.316 0.1000000015
84898  51.882  1.497  51.701 0.1000000015
85784  50.863  2.477  51.186 0.1000000015
84899  51.201  1.721  51.397 0.1000000015
85806  49.898  2.186  49.402 0.1000000015
85823  49.782  2.381  48.402 0.1000000015
86691  50.028  3.146  47.164 0.1000000015
85840  49.641  2.560  47.585 0.1000000015
85851  48.786  2.266  46.410 0.1000000015
84971  48.265  2.162  45.637 0.1000000015
85860  47.755  2.182  44.830 0.1000000015
127999  47.185  1.417  44.899 0.1000000015
84979  46.405  0.961  43.895 0.1000000015
85873  46.952  2.372  43.456 0.1000000015
84093  45.697  0.717  42.671 0.1000000015
84094  45.458  0.215  42.234 0.1000000015
84098  45.385  0.756  41.305 0.1000000015
87493  54.853  4.696  57.579 0.1000000015
88379  55.502  5.086  55.292 0.1000000015
87503  55.768  4.434  56.048 0.1000000015
88393  54.690  5.518  53.716 0.1000000015
87525  54.275  5.137  53.297 0.1000000015
87526  53.429  5.353  53.159 0.1000000015
86639  53.088  3.479  52.837 0.1000000015
86640  52.241  3.466  52.622 0.1000000015
85771  51.964  2.746  52.297 0.1000000015
86650  50.979  3.387  51.404 0.1000000015
86658  50.622  3.337  50.463 0.1000000015
130425  50.421  3.033  49.557 0.2000000030
86675  50.622  3.646  48.098 0.2000000030
86690  50.626  3.688  47.223 0.2000000030
130842  50.851  3.985  46.513 0.2000000030
86705  50.201  3.445  46.432 0.1000000015
86714  49.998  3.605  45.607 0.1000000015
139459  48.911  2.697  45.658 0.1000000015
85859  48.590  2.801  45.058 0.1000000015
126699  49.720  3.842  44.897 0.2000000030
85866  48.176  3.038  44.354 0.1000000015
84978  46.945  1.729  44.166 0.1000000015
142649  47.697  3.244  43.507 0.1000000015
85874  46.427  2.176  42.691 0.1000000015
84990  45.550  0.977  41.987 0.1000000015
86599  54.041  3.543  58.257 0.1000000015
85716  53.498  3.151  58.486 0.1000000015
85729  52.448  2.248  58.077 0.1000000015
85728  53.051  2.605  57.860 0.1000000015
127333  54.701  5.367  57.715 0.1000000015
87482  54.477  4.836  58.340 0.1000000015
138933  54.490  6.035  58.262 0.1000000015
124486  54.719  5.994  57.228 0.1000000015
88380  55.174  5.932  55.494 0.2000000030
89201  54.966  6.779  55.771 0.2000000030
88373  55.462  5.252  56.247 0.1000000015
89206  54.804  6.589  54.911 0.2000000030
88387  54.507  6.323  54.148 0.2000000030
123860  55.069  5.656  54.488 0.2000000030
88394  53.897  6.036  53.563 0.1000000015
88395  52.841  5.952  53.195 0.2000000030
87535  52.541  5.017  52.942 0.1000000015
136010  51.863  5.161  52.671 0.2000000030
87542  51.185  4.175  51.752 0.1000000015
87549  51.190  4.879  50.950 0.1000000015
87555  51.388  5.223  49.687 0.2000000030
87550  50.879  4.266  50.139 0.1000000015
87556  50.987  4.360  49.202 0.2000000030
87565  51.039  4.258  48.351 0.2000000030
87576  51.351  4.438  46.942 0.2000000030
87586  51.778  4.936  46.419 0.2000000030
87610  51.600  5.024  45.206 0.2000000030
86704  50.693  3.996  45.877 0.2000000030
87602  50.441  4.170  45.207 0.2000000030
87611  50.884  4.662  44.860 0.2000000030
87612  50.136  4.386  44.519 0.1000000015
86729  49.073  4.259  43.653 0.1000000015
86723  48.609  3.747  43.928 0.1000000015
85710  51.102  2.166  59.840 0.1000000015
85709  51.728  2.664  59.467 0.1000000015
85719  51.066  2.221  59.059 0.1000000015
85718  51.865  2.424  58.649 0.1000000015
147041  54.594  6.600  57.394 0.1000000015
89999  54.459  7.318  56.972 0.2000000030
90005  54.726  7.541  56.086 0.2000000030
90000  54.249  8.187  56.459 0.2000000030
90014  54.337  8.291  54.819 0.2000000030
90013  54.672  7.513  55.260 0.2000000030
90021  53.734  7.910  54.101 0.2000000030
91683  52.012  10.309  52.177 0.2000000030
89213  53.086  6.937  53.564 0.2000000030
91691  52.434  10.155  51.526 0.2000000030
89218  52.475  6.456  53.130 0.2000000030
88401  52.142  5.792  52.964 0.2000000030
89219  52.138  6.551  52.733 0.2000000030
90873  52.885  10.014  51.026 0.2000000030
88402  51.779  5.791  52.373 0.2000000030
90037  52.387  8.001  51.289 0.2000000030
140890  52.620  8.048  50.337 0.2000000030
90878  53.084  10.087  50.161 0.2000000030
88408  51.532  5.819  51.436 0.2000000030
89230  51.945  6.878  50.705 0.2000000030
89236  53.142  8.445  49.502 0.2000000030
137786  51.530  5.804  50.489 0.2000000030
88415  51.892  6.401  49.749 0.2000000030
89237  52.651  7.148  49.139 0.2000000030
125319  53.399  7.975  48.623 0.2000000030
88421  51.981  6.065  48.841 0.2000000030
89246  52.797  6.821  48.278 0.2000000030
89245  53.464  7.619  47.817 0.2000000030
87575  51.526  4.790  47.730 0.2000000030
88443  52.186  5.392  47.017 0.2000000030
88453  52.411  5.484  46.215 0.2000000030
88442  53.055  6.266  46.602 0.2000000030
88467  52.361  5.517  45.534 0.2000000030
88466  53.060  6.218  45.153 0.2000000030
130313  52.162  5.577  44.859 0.2000000030
88479  51.350  5.179  44.564 0.2000000030
87621  49.762  4.629  43.769 0.1000000015
87622  49.124  4.613  43.308 0.1000000015
85697  51.585  2.836  60.242 0.1000000015
85698  50.896  2.440  60.597 0.1000000015
86582  52.277  3.260  59.933 0.1000000015
85708  52.516  3.000  59.239 0.1000000015
138573  52.878  3.527  59.691 0.1000000015
86591  53.260  3.340  59.177 0.1000000015
86590  53.934  3.807  59.065 0.1000000015
90006  54.490  8.431  55.606 0.2000000030
90833  54.084  9.189  55.993 0.2000000030
90840  54.171  9.238  55.153 0.2000000030
144690  52.930  9.916  55.007 0.2000000030
91668  51.727  9.743  54.553 0.2000000030
130834  53.789  9.030  54.432 0.2000000030
90846  53.549  9.623  54.682 0.2000000030
91667  52.822  9.947  54.481 0.2000000030
90855  53.252  8.980  53.784 0.2000000030
90856  52.796  9.783  53.191 0.2000000030
91674  52.070  10.343  52.996 0.2000000030
90022  52.975  7.946  53.584 0.2000000030
91682  52.380  10.142  52.527 0.2000000030
133159  52.551  7.321  53.140 0.2000000030
124017  52.666  8.749  53.007 0.2000000030
90864  52.612  9.874  52.140 0.2000000030
90028  52.313  7.711  52.413 0.2000000030
90036  52.602  9.166  51.745 0.2000000030
90043  52.991  9.255  50.459 0.2000000030
88452  53.156  6.201  45.868 0.2000000030
142439  51.825  5.703  44.291 0.2000000030
89303  51.912  6.213  43.691 0.2000000030
87473  53.963  4.605  59.503 0.1000000015
86534  51.762  3.963  66.351 0.1000000015
85639  51.196  3.443  67.300 0.1000000015
86513  50.122  4.013  68.142 0.1000000015
86491  49.254  3.481  69.378 0.1000000015
85621  48.527  2.995  70.105 0.1000000015
83813  47.533  2.397  71.430 0.1000000015
83800  47.115  2.216  72.112 0.1000000015
86523  51.496  3.918  66.928 0.1000000015
87399  50.576  4.300  67.515 0.1000000015
86501  49.213  3.686  68.664 0.1000000015
84752  48.065  2.661  70.798 0.1000000015
83814  46.750  1.394  70.981 0.1000000015
88502  37.955  5.984  42.961 0.1000000015
89322  38.639  6.656  41.537 0.1000000015
87407  51.458  4.527  66.710 0.1000000015
86514  49.639  4.053  68.156 0.1000000015
87400  50.080  4.295  67.722 0.1000000015
83829  47.406  1.800  70.325 0.1000000015
89313  37.573  6.743  42.508 0.1000000015
90116  37.469  7.681  42.163 0.1000000015
89305  37.080  6.346  43.297 0.1000000015
89323  38.002  7.064  41.766 0.1000000015
89314  36.890  7.198  42.852 0.1000000015
128146  36.498  6.932  43.451 0.1000000015
90122  38.371  7.172  41.126 0.1000000015
90110  36.374  7.682  43.366 0.1000000015
85630  48.270  2.775  68.967 0.1000000015
84759  47.900  2.304  69.664 0.1000000015
85629  48.857  3.405  69.351 0.1000000015
90946  35.958  8.151  43.940 0.1000000015
90960  36.798  8.092  42.746 0.1000000015
91764  35.830  9.445  44.175 0.1000000015
92607  34.839  10.242  44.924 0.1000000015
92595  34.301  10.208  45.574 0.1000000015
92585  33.926  11.029  46.099 0.1000000015
142705  37.948  7.905  41.184 0.1000000015
92606  35.533  10.239  44.392 0.1000000015
132996  36.743  8.858  42.777 0.1000000015
90945  36.355  8.625  43.382 0.1000000015
140247  36.046  8.855  43.987 0.1000000015
93411  35.241  11.025  44.736 0.1000000015
142994  34.625  11.010  45.351 0.1000000015
134295  33.376  11.109  46.782 0.1000000015
145053  37.602  8.240  41.782 0.1000000015
91790  37.003  9.501  42.555 0.1000000015
91778  36.549  9.468  43.190 0.1000000015
92619  36.229  10.130  43.760 0.1000000015
93410  35.594  11.790  44.571 0.1000000015
91801  37.627  9.600  41.201 0.1000000015
132535  37.240  10.117  42.312 0.1000000015
92631  36.794  10.374  42.926 0.1000000015
134511  36.491  10.954  43.492 0.1000000015
131899  35.971  11.095  44.138 0.1000000015
93409  36.144  11.867  44.194 0.1000000015
92640  37.486  10.303  41.737 0.2000000030
92630  37.264  10.896  42.305 0.2000000030
93418  36.559  11.674  43.712 0.1000000015
94226  34.893  12.520  45.483 0.1000000015
94225  35.414  12.513  44.891 0.1000000015
93402  35.037  11.774  45.134 0.1000000015
93423  37.458  11.768  42.333 0.2000000030
95044  35.391  13.304  45.347 0.1000000015
137790  36.436  12.926  44.226 0.2000000030
95052  35.919  13.139  44.643 0.1000000015
95811  35.413  14.498  46.371 0.1000000015
95812  34.643  14.184  46.696 0.1000000015
96523  34.754  15.318  47.774 0.2000000030
97237  34.499  16.769  48.505 0.2000000030
97238  33.962  16.267  49.077 0.2000000030
96513  34.373  15.803  48.421 0.2000000030
135775  35.079  17.388  47.890 0.2000000030
97897  33.886  17.176  48.952 0.1000000015
98510  34.671  18.482  47.768 0.1000000015
97915  35.989  18.014  46.918 0.3000000119
98509  35.373  18.324  47.326 0.2000000030
98525  35.605  18.957  46.610 0.3000000119
101113  40.628  22.076  44.807 0.3000000119
101112  41.524  22.092  44.804 0.3000000119
100501  40.993  22.148  43.857 0.3000000119
101104  42.056  22.096  45.868 0.2000000030
138503  40.635  22.404  46.564 0.2000000030
101079  40.948  22.605  47.272 0.2000000030
101091  41.415  22.187  46.715 0.2000000030
85717  52.820  2.762  58.612 0.1000000015
87483  54.264  4.454  58.991 0.1000000015
86570  52.069  3.559  60.741 0.1000000015
146158  54.304  6.744  58.363 0.2000000030
89259  53.589  7.316  47.007 0.2000000030
137068  52.189  10.156  53.751 0.2000000030
86512  51.157  4.249  67.322 0.1000000015
90874  52.028  10.244  51.331 0.2000000030
139238  45.904  1.479  42.500 0.1000000015
87620  50.605  4.886  44.174 0.2000000030
90971  37.616  8.773  41.509 0.1000000015
83064  56.907  -0.266  51.744 0.1000000015
84001  57.569  0.945  51.467 0.1000000015
84926  57.899  1.758  49.518 0.1000000015
84031  58.257  1.494  48.769 0.1000000015
84883  57.426  1.829  52.642 0.1000000015
85805  56.925  2.659  49.828 0.1000000015
84907  57.422  2.419  49.781 0.1000000015
85777  57.379  2.554  50.692 0.1000000015
84045  56.911  1.043  48.096 0.1000000015
84060  56.525  0.402  47.664 0.1000000015
83109  56.906  0.223  47.157 0.1000000015
84047  55.330  0.167  48.494 0.1000000015
83110  55.962  -0.336  47.166 0.1000000015
85767  57.000  2.755  52.228 0.1000000015
85792  56.536  2.990  50.478 0.1000000015
79219  44.465  -4.634  44.038 0.1000000015
86612  56.120  3.309  55.278 0.1000000015
86648  55.383  3.263  51.855 0.1000000015
85793  55.583  2.605  50.774 0.1000000015
83084  53.525  -0.793  49.174 0.1000000015
82088  53.250  -1.470  47.599 0.1000000015
79214  49.581  -5.423  43.825 0.1000000015
78250  49.922  -6.058  44.886 0.1000000015
142305  50.837  -4.431  44.362 0.1000000015
78251  49.227  -6.170  44.542 0.1000000015
78252  48.510  -5.878  44.439 0.1000000015
85781  54.190  2.221  52.014 0.1000000015
84895  54.667  2.071  51.161 0.1000000015
84909  55.129  1.770  50.449 0.1000000015
84910  54.193  1.283  50.872 0.1000000015
84015  53.658  0.472  50.533 0.1000000015
83070  53.101  -0.291  50.035 0.1000000015
82078  52.029  -1.696  48.943 0.1000000015
82123  52.170  -2.217  46.290 0.1000000015
82090  51.388  -1.678  48.130 0.1000000015
82124  51.283  -2.276  46.511 0.1000000015
136590  51.395  -3.774  44.616 0.1000000015
80192  49.724  -3.849  44.535 0.1000000015
84017  51.676  0.261  50.922 0.1000000015
83086  51.587  -1.045  49.759 0.1000000015
83073  50.272  0.075  50.273 0.1000000015
82080  50.037  -1.118  49.148 0.1000000015
82093  48.899  -1.464  47.950 0.1000000015
135874  48.683  -2.573  46.213 0.1000000015
82109  48.326  -1.627  47.501 0.1000000015
81111  48.153  -3.053  45.407 0.1000000015
80203  48.406  -4.614  43.875 0.1000000015
84048  49.341  0.617  49.292 0.1000000015
84036  49.752  0.650  49.980 0.1000000015
83114  47.581  -0.662  47.313 0.1000000015
81112  47.354  -2.743  44.933 0.1000000015
81101  47.124  -1.934  45.730 0.1000000015
84061  48.027  -0.212  47.747 0.1000000015
83122  47.233  -1.029  46.790 0.1000000015
82126  46.765  -1.057  46.068 0.1000000015
81113  46.678  -2.418  44.375 0.1000000015
143177  48.761  1.344  47.792 0.1000000015
84964  47.233  0.644  46.172 0.1000000015
83127  46.415  -0.776  45.187 0.1000000015
82141  45.887  -1.576  43.358 0.1000000015
87533  54.708  4.418  52.929 0.1000000015
84884  53.316  1.760  52.040 0.1000000015
84897  52.625  1.412  51.763 0.1000000015
84003  52.226  0.862  51.361 0.1000000015
84018  50.834  0.548  50.732 0.1000000015
84019  49.921  1.507  50.176 0.1000000015
126506  49.592  1.311  49.590 0.1000000015
85841  49.072  2.046  47.292 0.1000000015
84963  47.971  1.440  46.345 0.1000000015
136256  55.472  4.917  54.482 0.1000000015
135297  52.645  2.836  52.569 0.1000000015
85783  51.538  2.162  51.901 0.1000000015
84912  50.617  1.513  50.802 0.1000000015
85794  50.292  2.377  50.306 0.1000000015
85822  50.298  2.980  48.684 0.1000000015
85839  50.168  3.092  47.849 0.1000000015
85850  49.534  2.769  46.798 0.1000000015
85858  49.483  3.001  46.006 0.1000000015
85867  47.464  2.567  44.105 0.1000000015
134692  46.291  1.430  43.260 0.1000000015
134553  52.585  4.119  52.898 0.1000000015
86649  51.539  3.469  52.130 0.1000000015
87536  51.812  4.319  52.573 0.1000000015
87543  50.799  4.039  50.980 0.1000000015
132238  50.668  3.747  49.632 0.2000000030
86664  50.639  3.682  48.904 0.2000000030
137394  51.037  4.142  47.653 0.2000000030
87600  51.755  4.955  45.841 0.2000000030
143925  48.983  3.474  44.614 0.1000000015
86589  54.265  4.098  58.590 0.1000000015
88374  55.016  6.018  56.386 0.2000000030
89195  54.783  6.725  56.618 0.2000000030
89207  54.370  7.250  54.516 0.2000000030
145755  54.013  6.898  53.943 0.2000000030
131917  51.471  4.992  52.038 0.2000000030
87564  51.486  5.033  48.601 0.2000000030
87601  51.117  4.525  45.523 0.2000000030
86722  49.391  4.074  44.219 0.1000000015
90847  53.224  9.730  53.986 0.2000000030
89225  51.902  6.749  51.892 0.2000000030
133385  52.437  7.365  49.860 0.2000000030
88431  52.127  5.731  47.952 0.2000000030
88430  52.908  6.483  47.429 0.2000000030
91673  52.571  10.055  53.444 0.2000000030
90959  37.274  8.657  42.216 0.1000000015
91765  35.175  9.445  44.657 0.1000000015
92596  33.832  10.075  46.096 0.1000000015
93403  34.494  11.799  45.723 0.1000000015
92586  33.372  10.259  46.700 0.1000000015
91779  36.213  9.304  43.737 0.1000000015
91789  37.422  9.494  41.959 0.1000000015
97896  34.350  17.769  48.408 0.1000000015
135619  41.107  22.264  45.753 0.2000000030
127782  43.504  9.102  66.577 0.1000000015
91592  44.321  9.730  66.563 0.1000000015
92472  44.218  10.073  65.482 0.1000000015
91605  43.381  9.575  65.445 0.1000000015
92482  43.731  10.192  64.536 0.1000000015
92484  44.374  10.658  63.892 0.1000000015
92471  45.095  10.384  66.054 0.1000000015
92481  44.737  10.559  65.003 0.1000000015
92488  44.099  10.773  62.600 0.1000000015
93313  45.101  11.246  63.395 0.1000000015
92494  44.424  10.983  61.379 0.1000000015
93310  45.480  11.004  64.573 0.1000000015
134611  43.690  10.496  61.712 0.1000000015
91622  43.028  10.155  61.398 0.1000000015
95795  33.981  15.026  48.062 0.1000000015
95804  34.377  14.548  47.439 0.1000000015
136418  49.019  20.815  55.604 0.1000000015
100406  49.941  21.935  55.200 0.1000000015
124407  50.215  23.304  54.479 0.1000000015
98473  30.291  18.027  50.590 0.1000000015
99127  29.770  18.897  50.249 0.1000000015
98472  31.232  18.037  50.256 0.1000000015
142583  28.980  18.894  50.315 0.1000000015
99129  28.168  19.222  50.389 0.1000000015
98496  32.799  18.624  48.567 0.1000000015
130809  48.285  20.938  55.960 0.1000000015
100407  49.013  21.540  55.708 0.1000000015
101023  49.378  22.565  55.299 0.1000000015
101580  49.695  23.394  54.775 0.1000000015
101593  48.378  23.723  54.176 0.1000000015
101592  49.361  24.047  54.353 0.1000000015
101591  49.920  24.253  54.202 0.1000000015
102122  49.403  24.938  53.718 0.1000000015
101606  50.275  23.687  53.556 0.1000000015
102121  49.635  24.984  53.564 0.1000000015
131712  50.016  24.498  53.086 0.1000000015
101605  50.479  23.740  52.473 0.1000000015
101114  39.717  21.988  44.756 0.1000000015
98483  31.418  18.601  49.511 0.1000000015
125706  30.037  19.595  49.763 0.1000000015
99128  29.090  19.718  50.059 0.1000000015
98476  27.599  18.418  50.498 0.1000000015
99130  27.293  19.067  50.507 0.1000000015
98495  33.552  18.075  48.701 0.1000000015
145367  32.228  19.009  48.451 0.1000000015
99137  30.839  19.437  49.118 0.1000000015
99138  29.616  20.395  49.618 0.1000000015
131773  27.375  19.840  50.526 0.1000000015
121434  34.057  18.555  48.164 0.1000000015
98512  32.679  19.310  47.943 0.1000000015
99146  31.959  19.559  48.020 0.1000000015
98526  34.751  19.243  46.829 0.1000000015
100408  47.963  21.429  55.821 0.1000000015
101024  48.500  22.294  55.389 0.1000000015
101581  48.948  23.170  54.854 0.1000000015
101582  47.927  22.890  54.614 0.1000000015
102124  47.668  24.236  53.509 0.1000000015
102123  48.700  24.595  53.795 0.1000000015
140013  48.839  25.434  53.537 0.1000000015
144161  49.291  25.578  53.511 0.1000000015
131840  49.860  25.291  53.076 0.1000000015
103190  49.485  26.557  53.123 0.1000000015
102640  49.893  25.938  52.693 0.1000000015
102639  50.140  25.058  52.388 0.1000000015
102145  50.119  24.957  51.007 0.1000000015
101615  50.515  23.738  51.596 0.1000000015
101617  50.137  24.264  50.962 0.1000000015
101618  49.264  23.940  50.786 0.1000000015
101074  30.493  22.286  48.907 0.1000000015
100442  29.888  21.803  49.472 0.1000000015
142696  29.407  22.669  49.947 0.1000000015
101059  28.680  22.478  50.353 0.1000000015
100450  30.472  21.454  48.678 0.1000000015
100443  29.441  21.108  49.623 0.1000000015
100432  28.964  21.693  50.074 0.1000000015
132423  28.183  21.957  50.517 0.1000000015
126152  30.743  21.972  48.003 0.1000000015
100460  30.834  21.177  47.829 0.1000000015
99148  30.293  20.203  49.159 0.1000000015
126701  28.901  20.714  49.985 0.1000000015
100433  28.251  21.140  50.400 0.1000000015
101105  40.237  22.269  45.690 0.1000000015
99807  32.113  20.468  46.827 0.1000000015
99155  31.642  20.180  47.509 0.1000000015
99147  31.290  19.814  48.275 0.1000000015
144176  30.781  20.111  48.563 0.1000000015
99783  28.226  20.236  50.359 0.1000000015
99784  27.488  20.760  50.557 0.1000000015
100487  38.731  21.826  44.661 0.2000000030
99162  33.461  19.901  46.211 0.1000000015
99163  32.822  20.083  46.599 0.1000000015
99178  34.482  19.881  44.953 0.1000000015
99170  34.025  19.833  45.496 0.1000000015
99161  33.886  19.578  46.356 0.1000000015
99152  34.007  19.137  47.411 0.1000000015
101030  42.150  21.934  54.599 0.1000000015
100414  41.438  21.584  55.232 0.1000000015
101031  41.037  22.013  54.363 0.1000000015
101026  46.410  22.034  54.859 0.1000000015
143297  44.841  21.859  55.035 0.1000000015
101028  44.069  22.096  54.594 0.1000000015
101029  43.230  21.967  54.706 0.1000000015
101043  41.580  22.555  53.789 0.1000000015
101044  40.575  22.550  53.710 0.1000000015
101032  40.017  21.992  54.244 0.1000000015
101033  39.041  21.982  54.258 0.1000000015
101025  47.467  22.029  55.084 0.1000000015
101027  45.463  22.202  54.578 0.1000000015
101040  44.612  22.422  54.026 0.1000000015
101041  43.604  22.519  53.845 0.1000000015
101597  43.054  23.346  53.152 0.1000000015
101599  41.079  23.191  53.231 0.1000000015
101045  39.570  22.535  53.692 0.1000000015
101046  38.601  22.638  53.758 0.1000000015
101602  38.243  23.448  53.176 0.1000000015
101038  46.874  22.695  54.276 0.1000000015
144860  45.678  23.221  53.478 0.1000000015
101607  44.636  23.878  52.875 0.1000000015
101609  42.349  23.934  52.717 0.1000000015
101610  41.507  23.842  52.758 0.1000000015
102138  40.177  24.373  52.436 0.1000000015
101612  39.730  23.732  52.748 0.1000000015
141545  38.963  23.719  52.790 0.1000000015
139904  37.357  23.664  53.480 0.1000000015
102125  46.644  24.022  53.261 0.1000000015
102133  45.134  24.589  52.610 0.1000000015
102134  44.241  24.621  52.529 0.1000000015
101608  43.725  23.948  52.738 0.1000000015
102136  41.849  24.555  52.444 0.1000000015
102137  41.013  24.460  52.468 0.1000000015
102139  39.257  24.405  52.384 0.1000000015
101613  38.469  24.096  52.605 0.1000000015
102140  37.593  24.276  52.671 0.1000000015
102643  46.978  25.509  52.616 0.1000000015
102132  46.141  24.663  52.749 0.1000000015
142753  43.403  24.683  52.465 0.1000000015
102646  43.001  25.329  52.153 0.1000000015
102658  41.681  25.814  51.736 0.1000000015
102649  40.552  25.016  52.118 0.1000000015
145877  39.850  24.899  52.110 0.1000000015
137876  38.412  24.770  52.165 0.1000000015
102642  48.269  25.969  53.014 0.1000000015
102641  49.142  26.213  53.386 0.1000000015
102650  39.216  25.193  51.873 0.1000000015
103208  49.727  26.867  52.586 0.1000000015
127147  50.009  26.244  51.732 0.1000000015
133516  49.446  26.219  50.287 0.1000000015
102664  49.890  25.640  50.754 0.1000000015
132542  48.773  25.409  50.238 0.1000000015
102146  49.502  24.800  50.652 0.1000000015
102170  38.789  24.151  47.532 0.1000000015
102171  37.946  24.031  47.520 0.1000000015
137478  37.338  24.463  47.447 0.1000000015
101643  40.306  23.184  47.425 0.1000000015
139051  39.289  23.361  47.379 0.1000000015
101644  38.448  23.420  47.376 0.1000000015
101645  37.199  23.681  47.464 0.1000000015
102172  36.487  24.391  47.428 0.1000000015
101638  30.567  23.724  48.557 0.1000000015
101067  30.397  23.079  49.082 0.1000000015
101622  28.760  23.240  50.343 0.1000000015
129094  27.998  22.843  50.593 0.1000000015
146736  27.580  23.330  50.649 0.1000000015
132680  27.195  22.890  50.706 0.1000000015
101080  39.596  22.806  47.086 0.1000000015
146053  37.829  23.393  47.361 0.1000000015
101083  36.800  22.876  47.275 0.1000000015
102173  35.539  24.555  47.207 0.1000000015
101647  34.932  23.851  47.248 0.1000000015
102179  34.040  24.214  46.814 0.1000000015
101655  33.221  24.116  46.797 0.1000000015
101656  32.487  23.905  46.946 0.1000000015
101649  31.770  23.714  47.128 0.1000000015
101650  31.097  23.512  47.684 0.1000000015
101087  30.724  22.852  48.267 0.1000000015
101060  27.430  22.142  50.656 0.1000000015
136648  40.269  22.660  47.082 0.1000000015
101093  39.046  22.510  46.450 0.1000000015
101081  38.773  22.823  47.054 0.1000000015
142210  38.022  22.850  47.073 0.1000000015
101084  35.875  22.922  47.323 0.1000000015
142860  35.774  23.804  47.457 0.1000000015
101085  34.939  22.858  47.147 0.1000000015
101654  34.169  23.278  47.056 0.1000000015
146270  33.563  23.551  46.910 0.1000000015
101099  33.472  22.820  46.841 0.1000000015
101657  32.183  23.065  46.776 0.1000000015
101101  31.842  22.274  46.524 0.1000000015
146144  31.410  22.182  46.849 0.1000000015
139696  31.114  22.498  47.480 0.1000000015
100435  26.902  21.430  50.655 0.1000000015
132679  26.448  23.048  50.673 0.1000000015
101092  39.860  22.510  46.480 0.1000000015
101107  38.446  22.081  45.614 0.1000000015
101108  37.509  21.841  45.693 0.1000000015
100470  36.564  21.611  45.796 0.1000000015
101096  36.318  22.171  46.688 0.1000000015
100473  34.004  21.437  46.295 0.1000000015
132376  33.443  22.059  46.588 0.1000000015
134794  32.656  22.344  46.538 0.1000000015
100475  32.219  21.561  46.414 0.1000000015
100476  31.593  21.619  46.635 0.1000000015
101062  25.947  22.479  50.574 0.1000000015
100488  37.682  21.572  44.619 0.2000000030
100491  34.962  20.737  45.090 0.1000000015
100472  34.849  21.377  46.033 0.1000000015
100492  34.262  20.564  45.514 0.1000000015
100493  33.589  20.505  45.974 0.1000000015
99814  32.812  20.671  46.366 0.1000000015
142185  31.956  21.068  46.562 0.1000000015
100505  36.823  21.004  43.581 0.2000000030
100506  36.030  20.573  43.922 0.1000000015
100507  35.317  20.215  44.394 0.1000000015
99821  34.574  20.036  44.797 0.1000000015
99822  33.944  20.034  45.248 0.1000000015
99171  33.593  20.141  45.899 0.1000000015
99177  35.187  19.895  44.519 0.1000000015
99169  34.699  19.693  45.083 0.1000000015
100411  44.948  21.342  55.900 0.1000000015
100413  42.400  21.510  55.589 0.1000000015
100412  44.118  21.669  55.410 0.1000000015
145305  42.776  21.704  55.146 0.1000000015
100415  40.447  21.568  54.937 0.1000000015
133424  38.161  22.179  54.510 0.1000000015
101047  37.804  22.933  53.888 0.1000000015
101603  36.781  24.282  53.193 0.1000000015
101584  36.749  23.864  53.935 0.1000000015
102644  45.584  25.441  52.372 0.1000000015
134625  44.696  25.172  52.364 0.1000000015
102633  36.330  25.007  53.205 0.1000000015
103202  47.554  26.756  52.587 0.1000000015
103204  45.378  26.148  52.005 0.1000000015
102655  44.081  26.042  51.810 0.1000000015
102657  42.504  25.909  51.740 0.1000000015
103215  41.154  26.406  51.571 0.1000000015
137243  40.295  26.254  51.592 0.1000000015
102661  38.431  25.663  51.756 0.1000000015
102662  37.718  25.825  51.891 0.1000000015
102141  36.900  24.882  52.560 0.1000000015
103201  48.720  26.938  53.137 0.1000000015
103210  45.723  26.825  51.828 0.1000000015
103212  43.698  26.651  51.590 0.1000000015
103214  41.982  26.532  51.556 0.1000000015
103217  38.744  26.554  51.602 0.1000000015
103762  44.134  27.411  51.463 0.1000000015
103763  43.177  27.373  51.417 0.1000000015
103765  41.443  27.166  51.463 0.1000000015
103216  39.665  26.963  51.566 0.1000000015
103768  38.148  27.145  51.759 0.1000000015
103205  37.448  26.513  52.144 0.1000000015
103759  49.519  27.790  52.504 0.1000000015
103220  49.806  27.022  51.625 0.1000000015
102671  48.747  26.161  49.854 0.1000000015
102705  38.503  25.737  46.879 0.1000000015
102696  38.043  24.908  47.352 0.1000000015
102697  37.003  25.131  47.248 0.1000000015
102706  37.535  25.722  46.804 0.1000000015
102707  36.637  25.669  46.650 0.1000000015
102717  34.739  25.678  45.732 0.1000000015
102709  34.176  25.897  45.529 0.1000000015
138190  33.680  25.457  45.953 0.1000000015
101632  30.101  23.788  49.308 0.1000000015
101633  29.400  23.691  49.944 0.1000000015
145366  28.811  23.848  50.288 0.1000000015
102708  35.216  25.231  46.494 0.1000000015
132970  34.257  25.136  46.218 0.1000000015
102180  33.508  24.864  46.431 0.1000000015
102710  33.076  25.501  46.261 0.1000000015
102181  32.679  24.800  46.753 0.1000000015
102699  31.939  25.095  47.107 0.1000000015
102174  31.408  24.521  47.477 0.1000000015
127516  30.747  24.466  48.078 0.1000000015
101624  27.081  23.721  50.727 0.1000000015
103270  32.755  26.237  46.258 0.1000000015
102711  32.384  25.648  46.698 0.1000000015
102700  31.384  25.300  47.450 0.1000000015
139038  30.948  25.112  47.778 0.1000000015
102150  26.685  24.549  50.660 0.1000000015
124056  39.925  21.256  55.457 0.1000000015
100397  39.158  21.053  55.493 0.1000000015
100383  38.260  21.164  56.249 0.1000000015
100418  38.098  21.628  55.117 0.1000000015
130595  37.724  22.154  55.172 0.1000000015
101573  37.020  23.595  54.711 0.1000000015
102126  36.270  24.505  53.853 0.1000000015
102622  35.383  25.339  54.789 0.1000000015
103209  46.613  27.040  52.129 0.1000000015
102127  35.822  25.208  53.922 0.1000000015
134355  44.626  28.200  51.386 0.1000000015
103206  36.687  26.239  52.634 0.1000000015
103191  36.091  25.941  53.334 0.1000000015
141360  48.517  27.891  52.983 0.1000000015
103750  49.182  28.060  53.062 0.1000000015
138041  44.239  28.818  51.286 0.1000000015
141147  42.901  28.732  51.207 0.1000000015
104367  40.794  28.386  51.370 0.1000000015
103766  40.239  27.743  51.503 0.1000000015
103767  38.889  27.311  51.573 0.1000000015
103753  37.439  27.566  52.321 0.1000000015
104347  48.839  28.612  52.973 0.1000000015
104359  49.149  28.595  52.748 0.1000000015
104928  42.633  29.438  51.124 0.1000000015
145024  42.042  29.282  51.128 0.1000000015
103771  49.558  27.696  51.307 0.1000000015
103226  48.266  26.621  49.400 0.1000000015
102672  47.892  25.816  49.799 0.1000000015
102673  46.882  25.487  49.751 0.1000000015
103252  40.961  25.984  47.265 0.1000000015
103268  37.041  26.252  46.063 0.1000000015
103280  34.962  26.245  45.083 0.1000000015
103278  36.486  26.557  44.993 0.1000000015
102715  36.162  26.010  45.755 0.1000000015
103281  33.808  26.645  45.464 0.1000000015
103269  33.434  26.065  45.820 0.1000000015
103255  30.717  26.858  47.675 0.1000000015
103288  35.468  26.687  44.421 0.1000000015
103289  34.927  26.832  44.678 0.1000000015
103826  34.284  27.321  45.149 0.1000000015
103827  33.470  27.482  45.632 0.1000000015
103811  33.100  26.823  45.880 0.1000000015
103254  31.392  26.595  47.223 0.1000000015
102701  30.945  25.912  47.667 0.1000000015
99760  39.893  20.847  56.390 0.1000000015
99750  39.373  20.466  57.327 0.1000000015
99761  38.906  20.818  56.264 0.1000000015
99743  38.820  20.504  57.784 0.1000000015
99751  38.601  20.789  57.001 0.1000000015
146906  38.085  21.322  56.865 0.1000000015
100399  37.918  21.626  55.698 0.1000000015
125862  37.457  22.916  55.305 0.1000000015
101574  36.395  24.264  54.543 0.1000000015
102107  35.892  24.666  55.143 0.1000000015
135360  34.909  26.017  54.718 0.1000000015
103192  35.389  25.981  54.092 0.1000000015
103185  34.474  26.486  54.899 0.1000000015
103751  47.332  27.796  52.396 0.1000000015
103760  46.235  27.646  51.847 0.1000000015
104362  45.700  28.358  51.615 0.1000000015
103741  35.745  26.827  53.785 0.1000000015
103184  35.089  26.856  54.393 0.1000000015
131985  34.525  27.168  54.600 0.1000000015
135374  46.891  28.566  52.073 0.1000000015
137987  45.477  29.744  51.524 0.1000000015
104926  44.456  29.658  51.333 0.1000000015
134465  43.531  29.146  51.201 0.1000000015
104929  40.533  29.222  51.434 0.1000000015
104368  39.973  28.533  51.519 0.1000000015
104369  39.178  28.643  51.694 0.1000000015
146420  38.006  27.780  51.956 0.1000000015
103754  36.619  27.714  52.889 0.1000000015
103740  36.086  27.633  53.598 0.1000000015
103735  35.068  27.853  54.331 0.1000000015
103736  34.179  27.719  54.537 0.1000000015
104348  48.118  28.828  52.717 0.1000000015
104927  43.424  30.124  51.191 0.1000000015
105492  42.516  30.180  51.153 0.1000000015
127029  41.108  29.949  51.367 0.1000000015
104930  39.728  29.288  51.718 0.1000000015
104349  38.559  28.742  51.983 0.1000000015
104912  37.471  29.162  52.873 0.1000000015
104338  36.366  28.385  53.421 0.1000000015
104339  35.757  28.218  53.910 0.1000000015
137508  34.558  28.456  54.186 0.1000000015
123639  49.002  29.094  52.041 0.1000000015
103225  49.173  26.793  49.819 0.1000000015
103772  49.328  27.610  50.094 0.1000000015
103227  47.292  26.202  49.305 0.1000000015
103253  40.205  26.113  47.050 0.1000000015
143710  39.919  26.567  46.706 0.1000000015
103266  38.769  26.376  46.442 0.1000000015
103267  37.965  26.374  46.283 0.1000000015
103277  37.506  26.655  45.402 0.1000000015
103286  37.045  26.806  44.379 0.1000000015
103279  35.665  26.367  44.945 0.1000000015
103294  36.711  26.935  43.597 0.1000000015
103841  36.116  26.827  43.707 0.1000000015
142826  35.758  26.799  43.934 0.1000000015
104408  34.906  27.550  44.554 0.1000000015
104400  34.469  28.147  45.003 0.1000000015
104401  33.810  28.408  45.505 0.1000000015
103855  35.855  27.101  43.687 0.1000000015
104407  35.465  27.866  44.002 0.1000000015
133489  34.920  28.512  44.614 0.1000000015
105544  34.473  30.114  45.110 0.1000000015
122524  38.244  21.243  58.890 0.1000000015
100375  37.928  21.754  58.177 0.1000000015
101008  37.653  22.517  57.626 0.1000000015
136420  37.606  22.294  55.899 0.1000000015
101003  38.262  22.480  59.450 0.1000000015
101005  37.857  22.705  58.575 0.1000000015
101567  37.595  23.189  56.992 0.1000000015
101571  37.458  23.158  56.079 0.1000000015
102106  36.573  24.206  55.239 0.1000000015
102103  36.087  24.625  55.897 0.1000000015
103730  33.288  27.122  55.424 0.1000000015
103737  33.334  27.604  54.871 0.1000000015
104361  47.479  29.392  52.326 0.1000000015
104925  46.363  30.375  51.787 0.1000000015
134464  45.275  30.478  51.515 0.1000000015
104334  32.548  28.198  54.690 0.1000000015
104360  48.668  29.119  52.693 0.1000000015
104924  47.436  30.175  52.189 0.1000000015
105491  43.804  31.093  51.369 0.1000000015
106121  42.325  31.630  51.652 0.1000000015
105494  40.838  30.780  51.781 0.1000000015
104910  39.526  29.943  52.273 0.1000000015
104911  38.257  29.246  52.477 0.1000000015
104903  37.159  29.762  53.421 0.1000000015
123811  36.022  28.976  53.767 0.1000000015
104340  35.315  28.707  53.985 0.1000000015
104895  33.994  28.994  53.860 0.1000000015
104333  33.626  28.313  54.360 0.1000000015
135575  48.924  29.051  50.698 0.1000000015
138967  42.844  30.894  51.336 0.1000000015
127903  39.245  30.586  52.815 0.1000000015
140660  38.424  30.533  53.220 0.1000000015
105474  36.688  30.452  53.574 0.1000000015
104905  35.384  29.599  53.744 0.1000000015
142005  34.778  29.103  53.872 0.1000000015
104896  33.038  28.966  54.029 0.1000000015
135158  48.846  27.262  49.419 0.1000000015
103236  47.660  26.764  48.900 0.1000000015
103238  45.811  26.178  48.468 0.1000000015
103264  41.478  26.761  46.836 0.1000000015
103265  40.567  26.674  46.776 0.1000000015
103275  39.341  26.780  46.331 0.1000000015
103276  38.527  26.885  45.700 0.1000000015
103285  37.921  26.915  44.684 0.1000000015
146693  38.153  27.110  44.049 0.1000000015
103840  37.461  26.971  43.708 0.1000000015
104418  38.359  27.985  42.184 0.1000000015
104413  37.083  27.565  42.932 0.1000000015
103854  36.519  27.216  43.382 0.1000000015
104428  38.747  28.225  41.632 0.1000000015
104976  36.571  29.073  43.448 0.1000000015
104970  36.053  29.614  44.041 0.1000000015
105555  35.352  30.134  44.542 0.1000000015
104990  39.259  28.497  41.207 0.1000000015
101001  38.671  22.350  60.128 0.1000000015
101561  38.362  23.303  59.207 0.1000000015
101563  38.212  23.591  58.258 0.1000000015
132470  38.180  23.806  57.216 0.1000000015
101570  37.482  24.041  56.115 0.1000000015
102102  36.876  24.268  55.863 0.1000000015
102617  35.329  25.133  55.778 0.1000000015
102615  37.651  24.818  56.364 0.1000000015
102618  34.709  25.626  56.635 0.1000000015
133482  34.175  26.079  56.087 0.1000000015
103182  33.597  26.557  55.915 0.1000000015
103731  32.576  27.449  55.497 0.1000000015
103732  31.901  27.537  55.999 0.1000000015
104373  48.749  28.881  49.515 0.1000000015
104939  48.666  29.769  50.151 0.1000000015
105488  48.371  30.418  51.876 0.1000000015
136335  44.955  31.467  51.587 0.1000000015
104897  32.204  28.945  54.289 0.1000000015
104335  31.557  28.564  54.794 0.1000000015
104938  48.673  29.816  51.423 0.1000000015
105490  47.364  31.236  52.139 0.1000000015
106120  43.280  31.744  51.585 0.1000000015
106727  41.965  32.357  52.093 0.1000000015
106113  40.590  31.603  52.470 0.1000000015
106715  40.083  32.152  53.155 0.1000000015
137482  48.559  28.672  48.479 0.1000000015
105482  40.051  30.687  52.361 0.1000000015
106114  39.710  31.344  52.953 0.1000000015
105473  37.587  30.507  53.464 0.1000000015
106102  36.130  31.217  53.484 0.1000000015
105475  35.769  30.439  53.593 0.1000000015
104907  33.491  29.744  53.695 0.1000000015
103774  48.818  27.969  49.207 0.1000000015
103246  46.368  26.590  47.890 0.1000000015
103263  42.403  26.866  46.590 0.1000000015
103809  40.831  27.231  46.244 0.1000000015
103810  40.019  27.197  46.333 0.1000000015
103824  39.380  27.325  45.677 0.1000000015
124139  39.497  27.565  44.816 0.1000000015
134828  38.697  27.428  42.867 0.1000000015
103852  37.952  27.131  43.170 0.1000000015
104417  38.919  27.459  41.477 0.1000000015
103865  38.184  27.511  42.594 0.1000000015
103864  38.825  27.378  41.946 0.1000000015
101556  39.832  23.933  60.285 0.1000000015
101560  38.958  23.678  59.750 0.1000000015
102090  38.804  24.048  58.819 0.1000000015
102097  38.641  24.531  56.825 0.1000000015
102101  38.268  24.678  56.506 0.1000000015
102100  39.096  25.169  56.718 0.1000000015
122587  35.645  25.178  56.618 0.1000000015
103176  33.856  26.149  56.899 0.1000000015
103177  33.158  26.700  56.745 0.1000000015
103725  32.468  27.200  56.466 0.1000000015
103726  31.817  27.642  56.633 0.1000000015
104330  31.294  27.927  56.108 0.1000000015
105510  48.447  30.539  50.924 0.1000000015
130754  47.863  31.460  52.076 0.1000000015
104336  30.875  28.965  54.839 0.1000000015
106117  47.496  32.165  52.094 0.1000000015
106119  46.149  32.319  52.096 0.1000000015
106112  41.269  32.206  52.376 0.1000000015
106714  40.797  32.522  52.826 0.1000000015
104898  31.515  29.373  54.347 0.1000000015
103782  48.385  27.857  48.286 0.1000000015
106724  45.012  32.743  51.983 0.1000000015
106710  44.452  33.696  52.379 0.1000000015
131702  42.170  33.909  52.901 0.1000000015
106100  38.312  32.008  53.437 0.1000000015
105472  37.973  31.243  53.466 0.1000000015
132663  36.520  32.064  53.352 0.1000000015
135336  34.338  31.199  53.495 0.1000000015
104908  32.438  29.778  53.813 0.1000000015
105479  31.466  30.394  53.914 0.1000000015
104899  30.615  29.772  54.590 0.1000000015
128213  47.389  27.317  47.359 0.1000000015
107309  41.508  33.704  53.009 0.1000000015
141344  40.529  33.639  53.280 0.1000000015
106696  38.635  32.831  53.417 0.1000000015
132645  37.423  32.034  53.400 0.1000000015
132633  35.550  32.047  53.331 0.1000000015
139433  33.604  31.128  53.503 0.1000000015
142486  32.332  30.712  53.596 0.1000000015
103247  45.540  26.597  47.580 0.1000000015
106698  36.845  32.924  53.285 0.1000000015
106699  35.944  32.964  53.233 0.1000000015
103260  44.983  26.698  46.958 0.1000000015
103808  41.707  27.264  46.119 0.1000000015
103822  41.105  27.539  45.465 0.1000000015
103823  40.187  27.513  45.652 0.1000000015
103851  39.596  27.611  43.606 0.1000000015
104989  39.998  28.916  40.870 0.1000000015
105581  41.057  30.288  40.717 0.1000000015
105582  40.380  30.107  41.178 0.1000000015
104438  39.601  27.616  40.503 0.1000000015
102599  40.819  25.183  58.667 0.1000000015
102088  40.404  24.593  59.534 0.1000000015
102092  40.078  24.775  58.671 0.1000000015
102093  39.465  24.617  58.174 0.1000000015
102096  39.400  24.919  57.064 0.1000000015
102614  38.574  25.341  56.576 0.1000000015
102608  37.154  25.318  56.913 0.1000000015
102610  35.235  25.562  57.504 0.1000000015
103169  37.652  25.876  57.395 0.1000000015
103170  36.668  25.710  57.824 0.1000000015
103171  35.044  25.786  58.136 0.1000000015
103172  34.343  25.913  57.782 0.1000000015
103174  32.781  27.065  57.287 0.1000000015
130581  37.129  26.346  58.283 0.1000000015
103159  36.187  26.233  58.426 0.1000000015
104887  30.174  28.998  55.981 0.1000000015
104941  48.322  29.605  48.894 0.1000000015
105513  48.273  30.545  49.572 0.1000000015
106126  47.889  31.979  51.331 0.1000000015
104331  30.875  28.509  55.522 0.1000000015
105519  48.132  30.630  48.112 0.1000000015
105511  48.146  31.328  50.431 0.1000000015
145740  47.628  32.520  51.538 0.1000000015
106723  46.224  33.348  52.248 0.1000000015
104891  30.263  29.185  55.285 0.1000000015
104383  48.446  28.473  47.556 0.1000000015
104384  48.269  28.233  46.902 0.1000000015
105514  47.859  31.425  49.050 0.1000000015
106135  47.741  32.155  49.890 0.1000000015
106721  47.340  33.026  51.730 0.1000000015
107323  46.114  34.176  52.201 0.1000000015
107308  43.041  34.260  52.752 0.1000000015
127623  29.967  30.431  54.630 0.1000000015
103792  48.053  27.761  47.498 0.1000000015
122970  47.208  27.472  46.716 0.1000000015
107334  46.555  34.439  51.111 0.1000000015
107306  45.592  34.813  52.257 0.1000000015
136448  44.882  34.730  52.498 0.1000000015
107915  42.577  34.925  52.976 0.1000000015
107291  41.061  34.024  53.222 0.1000000015
107907  39.352  34.605  53.379 0.1000000015
107294  38.058  33.777  53.332 0.1000000015
134687  34.625  32.056  53.342 0.1000000015
106105  32.832  31.565  53.487 0.1000000015
128086  31.802  31.420  53.569 0.1000000015
105480  30.940  31.262  53.830 0.1000000015
103794  46.539  27.021  47.196 0.1000000015
103804  46.631  27.381  46.313 0.1000000015
108504  43.644  35.744  52.371 0.1000000015
107904  41.967  35.343  53.094 0.1000000015
107905  41.193  34.862  53.240 0.1000000015
108499  38.813  35.568  53.307 0.1000000015
130591  37.625  34.675  53.149 0.1000000015
107296  36.333  33.752  53.059 0.1000000015
106701  33.953  33.063  53.298 0.1000000015
106104  33.732  31.934  53.405 0.1000000015
106107  31.192  32.062  53.516 0.1000000015
103819  44.504  27.183  45.522 0.1000000015
140389  42.441  27.282  45.913 0.1000000015
103821  42.026  27.557  45.333 0.1000000015
121794  40.554  27.711  43.732 0.1000000015
138312  39.234  27.448  42.461 0.1000000015
103850  40.028  27.544  42.527 0.1000000015
122244  39.310  27.150  41.622 0.1000000015
104426  39.502  26.902  40.472 0.1000000015
103876  39.248  26.917  40.974 0.1000000015
105596  42.744  30.611  39.520 0.1000000015
129743  41.840  30.558  40.163 0.1000000015
106843  42.217  32.555  40.169 0.1000000015
106210  41.360  31.152  40.841 0.1000000015
102588  42.497  25.296  59.580 0.1000000015
102598  41.849  25.516  58.758 0.1000000015
102606  39.891  25.593  56.834 0.1000000015
132022  41.239  25.706  57.636 0.1000000015
102605  40.768  25.850  56.791 0.1000000015
102613  39.391  25.764  56.711 0.1000000015
103167  40.244  26.146  56.701 0.1000000015
128989  39.458  26.251  56.780 0.1000000015
103168  38.648  26.009  56.845 0.1000000015
103173  33.477  26.579  57.686 0.1000000015
103161  34.748  26.336  58.435 0.1000000015
103712  33.547  27.196  58.329 0.1000000015
103722  31.910  27.853  57.290 0.1000000015
104325  31.291  28.121  56.847 0.1000000015
104321  31.584  28.506  57.496 0.1000000015
104392  48.400  28.362  46.068 0.1000000015
104956  48.668  29.708  46.526 0.1000000015
129768  47.812  31.583  47.984 0.1000000015
106080  28.109  31.180  56.049 0.1000000015
146032  48.265  28.160  45.458 0.1000000015
106144  47.520  32.244  48.581 0.1000000015
106738  47.054  33.464  49.851 0.1000000015
144185  29.508  31.002  54.559 0.1000000015
103818  46.900  27.587  45.445 0.1000000015
107923  45.682  35.145  51.375 0.1000000015
106095  30.186  31.183  54.217 0.1000000015
103805  44.932  26.910  46.145 0.1000000015
107940  44.810  35.198  51.090 0.1000000015
109033  42.281  36.186  52.523 0.1000000015
109022  40.945  36.124  53.050 0.1000000015
125487  36.917  34.374  52.869 0.1000000015
129975  35.414  33.745  53.022 0.1000000015
135233  33.229  33.524  53.295 0.1000000015
106106  32.151  32.522  53.401 0.1000000015
103820  43.763  27.296  45.374 0.1000000015
103836  42.490  27.739  44.529 0.1000000015
121830  42.030  27.947  43.750 0.1000000015
103849  41.153  27.777  43.218 0.1000000015
103863  39.766  26.868  41.155 0.1000000015
104437  39.905  26.899  39.916 0.1000000015
103875  39.831  26.729  40.233 0.1000000015
106230  43.141  31.458  39.438 0.1000000015
105597  41.216  29.292  40.019 0.1000000015
104998  40.376  28.115  39.998 0.1000000015
103155  42.457  26.471  57.519 0.1000000015
102604  41.550  26.149  57.089 0.1000000015
103157  38.976  26.644  57.508 0.1000000015
103158  38.072  26.488  57.950 0.1000000015
103709  36.588  27.040  58.777 0.1000000015
103710  35.543  26.953  58.759 0.1000000015
103713  32.964  27.799  58.161 0.1000000015
104957  48.668  30.011  46.046 0.1000000015
104320  32.301  28.209  57.873 0.1000000015
104880  30.369  29.556  57.339 0.1000000015
104888  29.707  29.644  56.573 0.1000000015
105455  29.129  30.379  56.972 0.1000000015
106072  28.114  31.428  56.721 0.1000000015
104398  48.750  29.279  45.879 0.1000000015
105530  48.416  30.349  46.857 0.1000000015
105463  29.101  30.230  56.163 0.1000000015
106081  27.636  31.781  56.167 0.1000000015
106150  47.644  31.796  47.710 0.1000000015
105468  28.824  31.279  54.701 0.1000000015
106089  28.384  31.128  55.371 0.1000000015
106090  27.739  31.634  55.483 0.1000000015
103817  48.008  27.917  44.903 0.1000000015
140196  47.060  27.603  44.585 0.1000000015
106145  47.187  32.389  48.023 0.1000000015
107335  46.084  34.670  50.562 0.1000000015
106109  29.545  31.732  54.106 0.1000000015
106110  28.584  31.963  54.185 0.1000000015
106096  28.007  31.627  54.815 0.1000000015
103833  46.016  27.442  44.325 0.1000000015
121832  44.159  27.668  43.710 0.1000000015
127155  46.331  33.562  49.342 0.1000000015
107351  45.836  34.052  49.983 0.1000000015
107925  43.322  35.671  51.675 0.1000000015
141813  41.368  36.461  51.962 0.1000000015
109035  39.383  36.430  52.980 0.1000000015
108500  38.135  35.419  53.097 0.1000000015
107917  36.853  34.514  52.561 0.1000000015
107312  34.238  34.171  52.961 0.1000000015
107299  32.694  33.277  53.298 0.1000000015
106703  31.387  32.734  53.204 0.1000000015
106705  29.957  32.201  53.591 0.1000000015
129606  29.138  32.368  53.428 0.1000000015
106690  27.715  32.233  54.299 0.1000000015
106691  27.326  32.077  54.920 0.1000000015
103834  44.633  27.467  44.644 0.1000000015
103835  43.485  27.603  44.548 0.1000000015
107942  42.678  34.708  51.066 0.1000000015
107927  41.213  35.399  51.418 0.1000000015
108514  40.875  36.171  51.711 0.1000000015
109042  38.891  36.229  52.663 0.1000000015
107916  37.476  35.029  52.583 0.1000000015
107311  35.062  34.071  52.763 0.1000000015
107313  33.616  34.083  52.937 0.1000000015
107315  31.816  33.276  52.533 0.1000000015
106717  30.695  32.796  52.809 0.1000000015
106718  29.928  32.599  53.012 0.1000000015
121793  41.918  27.965  42.718 0.1000000015
139859  40.371  26.962  40.763 0.1000000015
103862  40.769  27.563  41.919 0.1000000015
103883  40.296  26.829  39.917 0.1000000015
106238  44.702  31.525  38.152 0.1000000015
102600  43.496  26.149  58.265 0.1000000015
102597  43.146  25.702  58.953 0.1000000015
103166  41.094  26.386  56.709 0.1000000015
103156  39.870  26.750  57.046 0.1000000015
103707  38.411  27.200  58.530 0.1000000015
103708  37.509  27.122  58.677 0.1000000015
103711  34.473  27.321  58.666 0.1000000015
104310  33.698  28.197  58.542 0.1000000015
104311  32.879  28.630  58.254 0.1000000015
104871  31.941  29.886  58.187 0.1000000015
104873  31.046  30.138  58.068 0.1000000015
105445  29.477  30.736  57.562 0.1000000015
104399  48.618  28.673  45.105 0.1000000015
130511  28.270  31.937  57.282 0.1000000015
105531  48.238  30.638  46.513 0.1000000015
107273  27.580  33.526  56.716 0.1000000015
106675  27.277  32.611  56.315 0.1000000015
107274  26.809  33.514  56.110 0.1000000015
103832  47.075  27.605  43.843 0.1000000015
121833  45.339  27.529  43.574 0.1000000015
106151  47.198  31.888  47.469 0.1000000015
106764  46.634  32.274  47.699 0.1000000015
106739  45.457  33.309  49.303 0.1000000015
107337  44.366  34.344  50.537 0.1000000015
107941  43.821  34.946  51.154 0.1000000015
106706  28.172  32.524  53.619 0.1000000015
106692  26.671  32.586  54.941 0.1000000015
106683  27.183  32.232  55.549 0.1000000015
103847  44.769  27.699  42.816 0.1000000015
106765  45.915  32.326  47.748 0.1000000015
106754  44.780  32.532  48.740 0.1000000015
106740  44.429  32.969  49.402 0.1000000015
136298  43.106  33.806  50.431 0.1000000015
107338  41.887  33.654  50.467 0.1000000015
107944  40.557  34.489  50.985 0.1000000015
137205  38.637  35.459  51.604 0.1000000015
108516  38.372  35.799  52.337 0.1000000015
108518  36.899  34.694  52.228 0.1000000015
124150  34.799  34.061  52.419 0.1000000015
143080  32.468  33.606  52.834 0.1000000015
107316  30.971  33.021  52.186 0.1000000015
106707  27.270  32.704  53.771 0.1000000015
121682  42.902  28.074  42.350 0.1000000015
107339  40.882  33.620  50.458 0.1000000015
107945  39.636  34.670  50.954 0.1000000015
107946  38.274  34.638  50.972 0.1000000015
107931  37.103  34.725  51.691 0.1000000015
107934  34.367  33.932  51.533 0.1000000015
121507  33.546  33.759  50.893 0.1000000015
107326  32.302  33.445  52.030 0.1000000015
107317  29.965  33.017  52.118 0.1000000015
143625  28.516  32.826  52.987 0.1000000015
107301  27.731  33.078  53.078 0.1000000015
104425  43.190  27.921  40.088 0.1000000015
121298  42.994  28.059  41.245 0.1000000015
107949  35.813  33.926  50.721 0.1000000015
107950  34.975  33.883  50.572 0.1000000015
104444  43.352  28.212  38.831 0.1000000015
103881  41.849  27.634  39.834 0.1000000015
103874  40.769  27.085  40.127 0.1000000015
105015  44.713  29.181  37.849 0.1000000015
104446  41.517  27.795  39.545 0.1000000015
103882  40.998  27.310  39.822 0.1000000015
128858  44.161  30.835  38.409 0.1000000015
105006  42.081  28.324  39.258 0.1000000015
104436  40.659  27.316  39.780 0.1000000015
102596  44.644  25.837  59.104 0.1000000015
103165  41.729  26.639  56.983 0.1000000015
103719  40.722  26.904  56.792 0.1000000015
103706  39.395  27.231  58.232 0.1000000015
103690  37.865  27.826  59.160 0.1000000015
103692  36.160  27.790  59.053 0.1000000015
104308  35.360  27.954  58.911 0.1000000015
104869  34.140  29.146  58.645 0.1000000015
104870  32.843  29.605  58.317 0.1000000015
145321  36.596  28.376  59.269 0.1000000015
104294  35.946  28.548  59.212 0.1000000015
134665  33.434  29.076  58.455 0.1000000015
105438  30.056  31.287  58.087 0.1000000015
106671  27.900  32.703  57.092 0.1000000015
127862  48.602  28.940  44.587 0.1000000015
107880  27.994  34.381  56.847 0.1000000015
107883  27.265  34.378  56.413 0.1000000015
107270  28.393  33.692  57.361 0.1000000015
104406  48.378  28.390  44.253 0.1000000015
105540  48.369  30.191  45.678 0.1000000015
105532  47.649  30.804  46.253 0.1000000015
107280  25.846  34.012  54.819 0.1000000015
103845  47.513  27.814  43.220 0.1000000015
124512  46.534  27.559  43.299 0.1000000015
106163  46.889  31.363  46.773 0.1000000015
106676  26.619  32.924  55.575 0.1000000015
107289  25.866  33.713  54.268 0.1000000015
103846  47.078  27.701  42.352 0.1000000015
122481  45.961  27.544  42.602 0.1000000015
106152  46.250  31.834  47.240 0.1000000015
106153  45.011  32.056  48.048 0.1000000015
106755  43.920  32.317  48.967 0.1000000015
107340  39.949  33.801  50.338 0.1000000015
107302  26.115  33.707  53.591 0.1000000015
103859  46.410  27.623  41.861 0.1000000015
106732  42.152  32.793  49.961 0.1000000015
107341  38.933  34.022  50.329 0.1000000015
107947  37.456  34.399  50.905 0.1000000015
107345  32.079  33.514  50.978 0.1000000015
107327  31.454  33.290  51.572 0.1000000015
107328  30.485  33.378  51.259 0.1000000015
121455  29.070  33.289  51.895 0.1000000015
121488  26.830  33.294  53.278 0.1000000015
107320  26.477  33.979  52.873 0.1000000015
103871  45.347  27.872  40.860 0.1000000015
103861  44.018  27.908  42.077 0.1000000015
107357  38.572  33.625  49.435 0.1000000015
107948  36.357  33.765  49.888 0.1000000015
107960  34.737  33.942  49.523 0.1000000015
107961  33.357  33.990  49.685 0.1000000015
107951  32.726  33.750  50.386 0.1000000015
107347  30.374  33.844  50.496 0.1000000015
107329  29.485  33.582  51.210 0.1000000015
107331  27.691  34.071  51.779 0.1000000015
107319  27.271  33.653  52.515 0.1000000015
104433  45.285  28.171  39.291 0.1000000015
107968  37.140  34.377  48.351 0.1000000015
107359  36.921  33.727  49.249 0.1000000015
107962  32.438  34.267  49.388 0.1000000015
107953  30.871  34.200  49.798 0.1000000015
107348  29.636  34.050  50.540 0.1000000015
107936  28.035  34.610  51.041 0.1000000015
108529  36.566  34.853  48.063 0.1000000015
108530  35.825  34.860  48.076 0.1000000015
107970  35.396  34.122  48.737 0.1000000015
107972  33.523  34.488  48.745 0.1000000015
107973  32.707  34.769  48.649 0.1000000015
107964  30.266  34.833  49.496 0.1000000015
108526  29.577  35.172  49.681 0.1000000015
107935  28.852  34.219  50.719 0.1000000015
131475  37.998  35.460  47.583 0.1000000015
108540  37.204  35.190  47.795 0.1000000015
108542  35.434  35.626  47.627 0.1000000015
108532  34.038  35.018  48.097 0.1000000015
135614  33.202  35.239  48.140 0.1000000015
107974  31.853  34.933  48.761 0.1000000015
142182  36.622  36.387  47.152 0.1000000015
109057  35.890  36.352  47.208 0.1000000015
108543  34.543  35.704  47.679 0.1000000015
108545  32.971  35.946  47.766 0.1000000015
109062  31.534  36.536  47.975 0.1000000015
109059  34.141  36.487  47.343 0.1000000015
109060  33.270  36.556  47.420 0.1000000015
103164  42.425  27.300  57.260 0.1000000015
103704  41.146  27.642  57.298 0.1000000015
103705  40.316  27.395  57.730 0.1000000015
104307  38.805  27.868  59.158 0.1000000015
104857  36.571  29.161  59.458 0.1000000015
104868  34.931  29.314  58.830 0.1000000015
105434  33.672  29.800  58.502 0.1000000015
108475  27.792  35.127  56.574 0.1000000015
104969  48.344  28.766  43.947 0.1000000015
105550  48.252  29.600  44.698 0.1000000015
105541  47.392  30.431  45.358 0.1000000015
108476  27.003  35.269  56.114 0.1000000015
107884  26.594  34.425  55.867 0.1000000015
104412  47.511  28.122  42.789 0.1000000015
105551  47.474  29.495  43.775 0.1000000015
107890  25.677  34.768  54.690 0.1000000015
106164  45.767  31.362  46.540 0.1000000015
106165  44.626  31.329  46.285 0.1000000015
106146  43.848  31.827  48.312 0.1000000015
106136  43.078  31.955  48.907 0.1000000015
106137  42.250  31.851  48.887 0.1000000015
107303  25.641  34.234  53.827 0.1000000015
106742  42.536  32.262  49.432 0.1000000015
106743  41.548  32.179  49.226 0.1000000015
107355  40.389  33.158  49.761 0.1000000015
139182  26.196  34.857  52.780 0.1000000015
139385  41.469  32.352  47.710 0.1000000015
106767  41.010  32.720  48.104 0.1000000015
106744  40.813  32.679  49.344 0.1000000015
107356  39.514  33.477  49.557 0.1000000015
107937  27.391  34.764  51.629 0.1000000015
107377  41.452  33.718  46.576 0.1000000015
107370  40.635  33.379  47.810 0.1000000015
107371  39.818  33.600  48.223 0.1000000015
107363  39.251  33.447  48.866 0.1000000015
140392  40.643  34.535  46.965 0.1000000015
107378  40.920  33.868  47.093 0.1000000015
107977  39.472  34.369  47.746 0.1000000015
107967  38.012  34.199  48.419 0.1000000015
107956  28.583  34.882  50.484 0.1000000015
108519  28.161  35.465  50.688 0.1000000015
146539  39.278  35.124  47.490 0.1000000015
107978  38.586  34.755  47.852 0.1000000015
146989  30.509  35.856  48.694 0.1000000015
108525  30.042  35.563  49.166 0.1000000015
109061  32.411  36.552  47.628 0.1000000015
109049  29.921  36.546  48.967 0.1000000015
109539  31.757  37.382  47.529 0.1000000015
108534  30.711  36.569  48.399 0.1000000015
104306  39.768  27.974  58.937 0.1000000015
104292  38.205  28.592  59.462 0.1000000015
105433  34.442  29.994  58.668 0.1000000015
139116  29.476  36.943  56.850 0.1000000015
109003  28.836  37.128  56.578 0.1000000015
108472  28.319  35.010  56.935 0.1000000015
108474  28.402  35.713  56.800 0.1000000015
109004  28.257  36.534  56.501 0.1000000015
130598  27.656  35.931  56.357 0.1000000015
108479  25.908  35.455  55.171 0.1000000015
106174  45.399  31.015  45.731 0.1000000015
124326  43.923  31.499  46.862 0.1000000015
106147  42.589  31.684  48.159 0.1000000015
109008  26.214  36.288  55.410 0.1000000015
109009  25.674  36.279  54.813 0.1000000015
108501  25.471  35.521  53.761 0.1000000015
122194  43.050  31.512  46.787 0.1000000015
108508  25.760  35.450  53.205 0.1000000015
106177  42.823  31.838  45.571 0.1000000015
106167  42.606  31.742  46.443 0.1000000015
106156  41.829  31.836  47.798 0.1000000015
106778  42.245  32.529  46.046 0.1000000015
108520  27.558  35.416  51.311 0.1000000015
108521  26.838  35.377  52.027 0.1000000015
146392  42.501  33.377  44.822 0.1000000015
107376  41.888  33.514  46.023 0.1000000015
109047  28.392  36.269  50.519 0.1000000015
109050  29.363  36.027  49.515 0.1000000015
108523  28.826  35.544  50.072 0.1000000015
109532  30.297  37.371  48.611 0.1000000015
137167  30.943  37.372  48.024 0.1000000015
104858  35.666  29.324  59.247 0.1000000015
109479  30.320  38.103  56.680 0.1000000015
105543  45.153  30.842  44.860 0.1000000015
106175  44.356  31.221  45.420 0.1000000015
106166  43.493  31.492  46.047 0.1000000015
134382  25.552  36.898  54.458 0.1000000015
105552  44.858  30.679  44.058 0.1000000015
106184  44.210  31.115  44.596 0.1000000015
106185  43.518  31.519  44.260 0.1000000015
106176  43.490  31.466  45.087 0.1000000015
109037  26.157  35.796  52.710 0.1000000015
105553  44.074  31.028  43.815 0.1000000015
126096  26.384  37.087  52.518 0.1000000015
106802  43.159  32.030  44.001 0.1000000015
106803  42.822  32.816  44.251 0.1000000015
109044  27.224  36.164  51.648 0.1000000015
129676  28.130  36.912  51.099 0.1000000015
109043  27.802  36.169  51.068 0.1000000015
142874  28.810  37.104  50.502 0.1000000015
109046  28.893  36.372  49.993 0.1000000015
109526  29.350  36.850  49.697 0.1000000015
109993  30.788  38.790  48.019 0.1000000015
134091  29.326  35.740  57.402 0.1000000015
109001  28.996  36.337  56.942 0.1000000015
109480  28.060  37.331  56.292 0.1000000015
105561  44.055  30.889  43.028 0.1000000015
106186  42.947  31.934  44.707 0.1000000015
106192  43.533  31.610  43.349 0.1000000015
105432  35.254  30.218  58.996 0.1000000015
146683  33.259  30.298  58.434 0.1000000015
104856  37.556  29.321  59.569 0.1000000015
100410  45.848  21.591  55.693 0.1000000015
102129  50.409  24.358  52.151 0.1000000015
127135  45.829  25.207  49.684 0.1000000015
103806  43.979  26.907  46.087 0.1000000015
103228  46.343  25.920  49.208 0.1000000015
142320  34.315  19.610  45.786 0.1000000015
100504  37.902  21.368  43.396 0.2000000030
98484  30.613  18.791  50.023 0.1000000015
101594  47.300  23.433  53.825 0.1000000015
98497  31.615  19.120  48.700 0.1000000015
99131  26.581  19.350  50.548 0.1000000015
98511  33.411  18.928  48.035 0.1000000015
99153  33.198  19.557  47.068 0.1000000015
99154  32.373  19.856  47.289 0.1000000015
102131  47.052  24.677  52.997 0.1000000015
102130  47.936  25.075  53.235 0.1000000015
102654  50.162  25.432  51.667 0.1000000015
102143  50.312  24.640  51.555 0.1000000015
99791  30.043  20.949  49.193 0.1000000015
101068  29.895  23.172  49.573 0.1000000015
99800  30.559  20.705  48.525 0.1000000015
100434  27.657  21.484  50.583 0.1000000015
99799  31.055  20.485  47.917 0.1000000015
101106  39.358  22.210  45.639 0.1000000015
99808  31.385  20.935  47.090 0.1000000015
101042  42.608  22.545  53.826 0.1000000015
101598  42.028  23.275  53.272 0.1000000015
101600  40.137  23.149  53.197 0.1000000015
101611  40.618  23.763  52.757 0.1000000015
100416  39.505  21.497  54.817 0.1000000015
130607  45.076  23.104  53.479 0.1000000015
101596  44.102  23.186  53.297 0.1000000015
146759  43.018  24.093  52.646 0.1000000015
140398  46.308  23.284  53.576 0.1000000015
101595  45.623  23.840  53.103 0.1000000015
102647  42.178  25.246  52.103 0.1000000015
101583  37.274  23.365  54.118 0.1000000015
102645  43.923  25.399  52.215 0.1000000015
102648  41.370  25.146  52.103 0.1000000015
103203  46.283  26.265  52.225 0.1000000015
102656  43.341  25.975  51.761 0.1000000015
141721  40.030  25.507  51.779 0.1000000015
103749  49.396  27.346  53.027 0.1000000015
136289  49.893  26.420  50.908 0.1000000015
101646  36.439  23.544  47.465 0.1000000015
101061  26.619  22.254  50.669 0.1000000015
101082  37.460  22.972  47.250 0.1000000015
102698  36.144  25.132  47.027 0.1000000015
102178  34.763  24.652  46.906 0.1000000015
143832  35.388  23.376  47.356 0.1000000015
101100  32.921  23.305  46.830 0.1000000015
101648  32.042  24.410  47.068 0.1000000015
101086  31.537  22.869  47.025 0.1000000015
101094  38.196  22.439  46.447 0.1000000015
101095  37.305  22.352  46.672 0.1000000015
101098  34.132  22.419  46.824 0.1000000015
100459  31.143  21.710  47.242 0.1000000015
100471  35.660  21.458  45.878 0.1000000015
101097  35.413  22.120  46.694 0.1000000015
142102  34.686  22.050  46.660 0.1000000015
100474  33.045  21.377  46.350 0.1000000015
135198  25.652  23.133  50.498 0.1000000015
100489  36.631  21.330  44.636 0.1000000015
100490  35.745  21.027  44.801 0.1000000015
123008  37.538  22.834  54.620 0.1000000015
137401  44.715  25.772  52.054 0.1000000015
103211  44.692  26.585  51.717 0.1000000015
103213  42.823  26.618  51.551 0.1000000015
136077  40.628  27.034  51.523 0.1000000015
103761  45.158  27.489  51.587 0.1000000015
103764  42.281  27.297  51.421 0.1000000015
134466  42.631  28.063  51.294 0.1000000015
104366  41.675  28.051  51.307 0.1000000015
131254  39.413  27.872  51.556 0.1000000015
103752  38.568  27.994  51.742 0.1000000015
103221  49.663  26.954  50.572 0.1000000015
102704  39.441  25.993  46.932 0.1000000015
130723  35.903  25.571  46.354 0.1000000015
102716  35.389  25.846  45.665 0.1000000015
102163  30.242  24.524  48.842 0.1000000015
103271  32.091  26.419  46.756 0.1000000015
102712  31.707  25.836  47.161 0.1000000015
102686  30.406  25.371  48.357 0.1000000015
102667  26.323  25.286  50.474 0.1000000015
101625  26.172  23.819  50.627 0.1000000015
127931  36.345  26.895  53.117 0.1000000015
133564  41.452  29.080  51.223 0.1000000015
104351  36.998  28.426  52.760 0.1000000015
104923  48.180  29.670  52.467 0.1000000015
143035  49.390  28.388  52.051 0.1000000015
104371  49.254  28.369  51.020 0.1000000015
124130  34.461  26.539  45.175 0.1000000015
103842  35.381  27.047  44.103 0.1000000015
103828  32.787  27.645  46.130 0.1000000015
138506  38.427  20.909  58.198 0.1000000015
100384  37.772  21.746  56.443 0.1000000015
102105  37.166  23.692  55.473 0.1000000015
102624  34.683  25.803  55.463 0.1000000015
144662  35.562  27.526  54.055 0.1000000015
133998  46.347  29.370  51.777 0.1000000015
140238  44.342  30.542  51.372 0.1000000015
104350  37.892  28.425  52.271 0.1000000015
104913  36.720  29.101  53.339 0.1000000015
105493  41.830  30.684  51.422 0.1000000015
105495  40.280  29.990  51.747 0.1000000015
105483  38.743  29.899  52.672 0.1000000015
105484  37.981  29.811  53.121 0.1000000015
104922  48.430  29.762  52.266 0.1000000015
140143  49.095  28.349  50.029 0.1000000015
103775  48.291  27.288  48.898 0.1000000015
103237  46.890  26.464  48.519 0.1000000015
135711  35.904  26.589  44.170 0.1000000015
139387  34.897  29.395  44.728 0.1000000015
104964  34.412  29.035  45.141 0.1000000015
104965  33.761  29.542  45.578 0.1000000015
104415  36.069  27.710  43.565 0.1000000015
104977  36.028  28.579  43.775 0.1000000015
104971  35.474  29.035  44.329 0.1000000015
130452  37.956  21.917  59.005 0.1000000015
145267  37.768  23.181  57.767 0.1000000015
134364  46.198  31.291  51.844 0.1000000015
105489  48.065  30.609  52.249 0.1000000015
137855  44.143  31.916  51.570 0.1000000015
106726  42.863  32.481  51.972 0.1000000015
106122  41.427  31.573  51.871 0.1000000015
104904  36.310  29.717  53.622 0.1000000015
106115  38.830  31.260  53.296 0.1000000015
106101  37.094  31.246  53.519 0.1000000015
104906  34.426  29.740  53.701 0.1000000015
103783  47.680  27.161  48.196 0.1000000015
103784  47.012  26.811  47.787 0.1000000015
103825  38.704  27.341  44.878 0.1000000015
103839  38.747  27.419  43.920 0.1000000015
103853  37.191  27.089  43.129 0.1000000015
104414  36.550  28.060  43.282 0.1000000015
128464  37.075  28.431  42.889 0.1000000015
105563  36.597  30.087  43.626 0.1000000015
105554  36.086  30.583  44.124 0.1000000015
106187  35.527  31.167  44.443 0.1000000015
102616  36.530  24.821  56.474 0.1000000015
105503  48.190  31.118  51.680 0.1000000015
139538  46.951  32.011  52.255 0.1000000015
106725  43.847  32.644  51.893 0.1000000015
106712  42.498  33.213  52.484 0.1000000015
106099  39.200  32.018  53.376 0.1000000015
106694  40.332  32.958  53.262 0.1000000015
106103  35.212  31.222  53.483 0.1000000015
105477  33.977  30.470  53.586 0.1000000015
103838  40.407  27.659  44.671 0.1000000015
102089  39.538  24.301  59.286 0.1000000015
102609  36.128  25.356  57.261 0.1000000015
106118  46.962  32.795  52.250 0.1000000015
107310  40.962  33.287  53.041 0.1000000015
107324  45.425  33.942  52.378 0.1000000015
138424  41.756  34.430  53.121 0.1000000015
106697  37.733  32.878  53.360 0.1000000015
105466  30.654  30.627  54.246 0.1000000015
103793  47.846  27.803  46.731 0.1000000015
107292  39.878  33.656  53.393 0.1000000015
107906  40.341  34.497  53.327 0.1000000015
107293  39.001  33.718  53.393 0.1000000015
106700  35.004  33.026  53.204 0.1000000015
103795  45.730  26.968  46.677 0.1000000015
107295  37.202  33.792  53.190 0.1000000015
103837  41.424  27.756  44.434 0.1000000015
105598  40.605  29.364  40.536 0.1000000015
102601  40.207  25.310  57.606 0.1000000015
103720  33.015  27.192  57.879 0.1000000015
138870  30.336  29.065  56.622 0.1000000015
104892  29.675  29.660  55.694 0.1000000015
104949  48.524  29.511  47.561 0.1000000015
106730  47.542  32.884  50.691 0.1000000015
106722  46.682  33.776  51.839 0.1000000015
105467  29.203  30.482  55.244 0.1000000015
104391  48.596  28.933  46.734 0.1000000015
106737  47.378  32.834  49.477 0.1000000015
107305  46.110  34.752  51.760 0.1000000015
107914  43.475  35.325  52.686 0.1000000015
103803  47.650  27.777  45.926 0.1000000015
107350  46.545  34.093  50.224 0.1000000015
108510  44.513  35.602  52.093 0.1000000015
108498  39.703  35.451  53.330 0.1000000015
132858  45.909  27.289  45.834 0.1000000015
108511  43.625  35.906  52.104 0.1000000015
108495  41.839  35.994  52.911 0.1000000015
108506  38.640  36.082  53.044 0.1000000015
107910  36.018  34.104  52.697 0.1000000015
107297  34.494  33.889  53.120 0.1000000015
106704  30.598  32.372  53.359 0.1000000015
124504  42.895  27.387  45.286 0.1000000015
106223  42.459  31.564  39.935 0.1000000015
104872  31.305  29.306  57.720 0.1000000015
105520  48.001  31.152  47.248 0.1000000015
143727  46.200  27.432  45.099 0.1000000015
107336  45.368  34.713  50.558 0.1000000015
107924  44.284  35.594  51.677 0.1000000015
122034  45.325  27.307  45.274 0.1000000015
108512  42.683  36.158  51.968 0.1000000015
109040  40.619  36.515  52.086 0.1000000015
107298  33.702  33.979  53.156 0.1000000015
130505  43.851  31.790  38.716 0.1000000015
132975  43.460  30.919  39.059 0.1000000015
105611  42.200  29.325  39.403 0.1000000015
104997  41.288  28.284  39.567 0.1000000015
104963  48.659  29.471  45.282 0.1000000015
104881  29.692  30.078  57.278 0.1000000015
106073  27.755  32.019  56.760 0.1000000015
106751  46.934  32.996  48.753 0.1000000015
103831  47.917  27.818  43.956 0.1000000015
103848  43.775  27.943  42.958 0.1000000015
106753  45.904  32.901  48.476 0.1000000015
107352  44.944  33.755  50.009 0.1000000015
108515  39.975  36.171  51.781 0.1000000015
108507  38.107  35.575  52.775 0.1000000015
126710  35.851  34.251  52.317 0.1000000015
107318  29.158  32.880  52.604 0.1000000015
121831  42.997  28.060  43.585 0.1000000015
107943  41.566  34.534  50.997 0.1000000015
107928  40.256  35.436  51.395 0.1000000015
108517  37.660  35.216  52.300 0.1000000015
107344  32.894  33.623  51.486 0.1000000015
107919  33.609  33.872  52.094 0.1000000015
123711  41.597  27.783  41.321 0.1000000015
105610  43.391  29.889  38.799 0.1000000015
107353  43.900  33.357  49.982 0.1000000015
121957  45.106  31.682  47.192 0.1000000015
106741  43.474  32.584  49.445 0.1000000015
137745  38.944  34.910  51.073 0.1000000015
107930  37.877  35.145  51.683 0.1000000015
107933  35.309  34.082  51.610 0.1000000015
106733  41.211  32.865  49.912 0.1000000015
107342  37.979  33.914  50.124 0.1000000015
129105  36.637  34.136  50.830 0.1000000015
130269  28.272  33.357  52.293 0.1000000015
104435  42.698  27.855  39.279 0.1000000015
104434  43.936  28.100  39.304 0.1000000015
104424  44.718  27.953  40.087 0.1000000015
103872  44.278  28.019  41.055 0.1000000015
103873  42.015  27.817  40.476 0.1000000015
107959  35.559  33.810  49.713 0.1000000015
122787  34.169  33.881  50.250 0.1000000015
104452  45.159  28.672  37.920 0.1000000015
105005  42.985  28.658  38.716 0.1000000015
104445  42.401  28.026  39.136 0.1000000015
105625  44.365  29.981  38.099 0.1000000015
104411  48.011  28.203  43.543 0.1000000015
103860  45.324  27.715  41.795 0.1000000015
133028  44.234  31.650  47.584 0.1000000015
103870  46.162  27.784  41.178 0.1000000015
107358  37.700  33.699  49.334 0.1000000015
107346  31.179  33.601  50.630 0.1000000015
107330  28.515  33.801  51.405 0.1000000015
104423  46.491  28.019  40.893 0.1000000015
103880  46.004  27.866  40.148 0.1000000015
107365  37.445  33.833  48.788 0.1000000015
107364  38.277  33.686  48.823 0.1000000015
107958  36.205  33.794  49.078 0.1000000015
128293  34.028  34.093  49.344 0.1000000015
140851  37.784  34.805  48.031 0.1000000015
107969  36.304  34.254  48.521 0.1000000015
107971  34.420  34.363  48.701 0.1000000015
134732  31.579  34.434  49.363 0.1000000015
108541  36.405  35.611  47.565 0.1000000015
108531  34.921  34.880  48.080 0.1000000015
109052  32.283  35.661  48.166 0.1000000015
107963  30.863  34.973  48.966 0.1000000015
109056  37.344  36.047  47.243 0.1000000015
108539  38.780  35.632  47.377 0.1000000015
109055  38.250  36.193  47.089 0.1000000015
109058  35.025  36.408  47.284 0.1000000015
108544  33.701  35.821  47.729 0.1000000015
109534  36.359  37.014  46.877 0.1000000015
104973  47.792  28.586  43.214 0.1000000015
108478  26.496  35.660  55.658 0.1000000015
106154  43.286  31.560  47.464 0.1000000015
106756  41.398  32.173  48.392 0.1000000015
106757  40.852  32.533  48.829 0.1000000015
106766  41.820  32.106  46.956 0.1000000015
106779  41.697  32.898  46.567 0.1000000015
142092  41.294  33.001  47.269 0.1000000015
129965  40.360  33.012  48.522 0.1000000015
145008  39.871  33.246  48.729 0.1000000015
107976  40.264  34.121  47.501 0.1000000015
107966  38.877  33.904  48.310 0.1000000015
106155  42.385  31.606  47.197 0.1000000015
109025  25.652  36.248  53.351 0.1000000015
106792  42.559  32.578  45.151 0.1000000015
144706  44.568  30.636  43.423 0.1000000015
85869  42.157  2.794  44.049 0.1000000015
86724  41.457  3.456  44.335 0.1000000015
85876  42.098  3.643  43.445 0.1000000015
130321  43.034  2.809  42.498 0.1000000015
85004  42.815  0.558  40.187 0.1000000015
86737  41.978  4.269  42.914 0.1000000015
86736  42.530  3.823  42.543 0.1000000015
84985  43.167  1.781  42.761 0.1000000015
84991  43.326  1.611  41.657 0.1000000015
86744  43.009  3.415  41.769 0.1000000015
85887  43.385  2.061  40.753 0.1000000015
87631  42.617  4.146  41.874 0.1000000015
87642  42.101  4.744  41.893 0.1000000015
86743  43.359  3.146  40.782 0.1000000015
140019  43.017  3.881  41.199 0.1000000015
86750  43.266  4.122  40.289 0.1000000015
87641  42.653  4.551  41.147 0.1000000015
85014  42.983  0.560  39.272 0.1000000015
85875  42.675  2.651  43.321 0.1000000015
145685  42.185  4.377  42.415 0.1000000015
85881  43.332  2.567  41.533 0.1000000015
74420  32.932  -9.903  72.600 0.1000000015
74426  34.160  -9.633  71.802 0.1000000015
74434  33.337  -9.513  70.781 0.1000000015
74435  32.678  -9.382  70.577 0.1000000015
75362  32.904  -8.612  69.621 0.1000000015
75364  31.014  -8.431  69.832 0.1000000015
76199  30.121  -7.769  70.915 0.1000000015
76207  31.613  -7.940  69.277 0.1000000015
76217  30.323  -7.495  69.028 0.1000000015
77054  38.184  -6.874  72.044 0.1000000015
77091  35.784  -5.918  69.912 0.1000000015
78000  28.152  -5.916  70.530 0.1000000015
79018  29.402  -4.175  65.635 0.2000000030
79952  39.291  -3.164  71.567 0.2000000030
79976  36.625  -3.303  69.778 0.1000000015
79977  35.899  -2.851  69.579 0.1000000015
79994  38.969  -2.995  67.284 0.1000000015
80007  37.906  -3.508  66.431 0.1000000015
80023  37.779  -3.810  65.449 0.1000000015
80042  33.149  -3.625  64.134 0.2000000030
80043  32.525  -3.574  64.796 0.2000000030
80925  34.748  -2.079  68.470 0.1000000015
80944  35.814  -1.945  67.841 0.1000000015
80956  34.695  -2.909  67.458 0.2000000030
80983  38.192  -1.844  63.571 0.1000000015
80995  36.170  -2.042  62.754 0.1000000015
81899  36.146  -0.756  69.060 0.1000000015
81900  35.639  -1.204  68.903 0.1000000015
81917  35.049  -1.748  68.270 0.2000000030
81922  44.321  -1.335  67.738 0.2000000030
81933  43.443  -1.373  66.882 0.1000000015
81972  36.049  -1.441  62.310 0.1000000015
82092  49.535  -1.292  48.506 0.1000000015
82820  45.056  1.130  74.502 0.1000000015
82838  40.698  0.208  72.731 0.2000000030
82848  42.646  0.528  71.694 0.2000000030
82849  39.162  0.239  71.225 0.2000000030
82884  38.787  0.172  69.837 0.1000000015
82900  36.666  -0.615  69.044 0.1000000015
82988  33.640  -0.187  59.579 0.2000000030
82997  33.437  -0.068  58.766 0.2000000030
83057  41.726  -0.503  52.461 0.2000000030
83167  43.300  -0.736  39.366 0.1000000015
83168  42.934  -0.734  39.356 0.1000000015
83769  44.312  1.015  74.539 0.1000000015
83780  43.605  1.199  73.887 0.1000000015
83804  42.036  0.864  71.911 0.2000000030
83808  38.967  0.356  70.809 0.2000000030
83820  38.619  0.211  70.416 0.2000000030
83867  42.724  0.134  64.590 0.1000000015
83986  37.028  0.121  53.142 0.2000000030
84718  44.843  1.428  74.142 0.1000000015
84727  45.053  1.456  73.675 0.1000000015
84822  31.870  1.655  60.236 0.3000000119
84863  33.568  1.713  56.062 0.3000000119
84913  46.141  1.619  50.528 0.3000000119
85666  29.508  2.522  65.070 0.1000000015
85762  44.732  2.411  54.237 0.3000000119
85764  34.930  2.624  53.732 0.4000000060
85785  47.303  2.735  51.222 0.3000000119
85917  44.665  2.356  37.520 0.2000000030
86715  49.287  3.274  45.299 0.2000000030
87412  33.799  4.138  66.743 0.1000000015
87414  32.241  4.064  66.612 0.1000000015
87431  32.915  3.785  65.879 0.1000000015
87450  29.623  4.743  62.196 0.2000000030
87477  37.566  4.312  58.509 0.2000000030
87587  51.274  4.448  46.166 0.2000000030
88274  37.195  5.086  67.009 0.1000000015
88278  32.391  4.310  66.702 0.1000000015
88312  52.455  5.480  63.067 0.2000000030
88332  38.186  4.869  59.687 0.2000000030
88487  51.136  5.474  43.925 0.2000000030
89093  39.961  6.851  67.533 0.1000000015
89095  38.091  5.896  67.367 0.1000000015
89100  39.345  6.517  67.330 0.1000000015
89102  37.653  5.513  67.165 0.2000000030
89156  39.387  6.117  59.787 0.2000000030
89962  31.571  6.897  60.508 0.2000000030
89987  38.990  6.193  59.198 0.2000000030
90140  48.111  8.763  38.174 0.6000000238
90734  39.083  7.438  67.306 0.1000000015
90740  41.769  7.778  67.474 0.2000000030
90763  39.294  8.473  64.218 0.2000000030
90787  34.695  8.817  62.220 0.2000000030
90829  34.977  8.310  57.843 0.2000000030
90875  41.451  8.700  51.306 0.4000000060
90887  43.296  9.412  49.471 0.5000000000
90921  54.134  8.589  44.179 0.4000000060
90951  53.334  9.105  42.795 0.5000000000
90963  52.159  9.602  41.626 0.5000000000
91005  39.372  8.253  38.042 0.3000000119
91561  44.612  9.741  68.251 0.1000000015
91579  44.806  9.776  67.648 0.1000000015
91580  43.808  9.379  68.175 0.1000000015
91600  32.902  9.953  66.128 0.1000000015
91601  32.297  9.621  66.260 0.1000000015
91606  42.887  8.799  66.092 0.2000000030
91617  42.055  9.748  62.898 0.2000000030
91625  41.490  9.174  62.470 0.2000000030
91630  43.066  10.268  60.413 0.2000000030
91658  34.759  9.701  58.278 0.3000000119
91713  44.071  10.012  48.565 0.6000000238
91717  40.530  9.548  49.338 0.6000000238
91783  52.557  10.483  42.304 0.6000000238
91797  49.150  10.415  41.006 0.6000000238
91847  42.983  9.450  33.956 0.5000000000
91849  42.164  9.981  33.436 0.4000000060
91850  41.767  10.095  33.585 0.4000000060
92430  45.149  10.163  68.747 0.1000000015
92473  38.327  10.457  65.686 0.1000000015
92476  35.523  10.657  65.715 0.1000000015
92477  34.301  10.216  65.883 0.1000000015
92486  42.557  10.023  63.026 0.2000000030
92518  42.164  10.469  57.907 0.1000000015
92536  33.468  10.885  55.617 0.3000000119
92537  33.640  11.004  54.425 0.3000000119
92571  45.219  10.601  47.200 0.6000000238
92581  45.630  10.767  46.767 0.6000000238
92613  50.615  11.438  42.812 0.6000000238
92624  51.394  11.345  42.332 0.6000000238
92635  51.205  11.073  41.619 0.6000000238
92636  50.326  10.883  41.267 0.5000000000
92662  38.819  10.245  38.248 0.3000000119
92670  42.418  10.779  33.930 0.5000000000
92682  42.187  10.613  33.390 0.6000000238
93251  37.122  11.763  69.736 0.1000000015
93282  41.504  11.330  67.025 0.1000000015
93301  36.997  11.211  65.690 0.1000000015
93325  45.170  12.185  58.010 0.1000000015
93331  44.661  12.279  57.293 0.1000000015
93334  41.915  11.163  57.621 0.1000000015
93347  43.072  11.905  56.901 0.1000000015
93353  33.435  11.355  56.212 0.3000000119
93406  48.083  11.357  44.218 0.6000000238
94082  38.639  12.557  70.374 0.1000000015
94105  38.548  12.872  67.102 0.1000000015
94154  45.606  12.661  58.385 0.1000000015
94179  33.934  12.862  56.884 0.2000000030
94182  33.510  12.434  55.595 0.3000000119
94189  34.070  12.646  52.721 0.3000000119
94233  35.970  12.445  44.404 0.2000000030
94283  42.206  12.695  33.633 0.6999999881
94952  45.316  13.041  58.105 0.1000000015
94961  42.947  12.975  57.633 0.1000000015
94980  34.569  13.328  57.210 0.2000000030
94991  33.644  13.074  55.205 0.3000000119
95102  40.682  13.510  37.224 0.6000000238
95115  41.302  13.338  34.671 0.6000000238
95119  41.908  13.584  33.653 0.5000000000
95120  41.596  13.337  33.897 0.5000000000
95751  35.687  14.327  57.127 0.2000000030
95771  34.610  13.987  52.857 0.3000000119
95875  40.951  14.222  38.599 0.6000000238
95893  43.864  15.604  34.726 0.8999999762
96575  44.666  15.622  40.967 0.8999999762
96617  44.876  16.190  35.339 0.8000000119
97210  45.815  15.985  50.815 0.6000000238
97288  45.566  16.897  40.728 0.8000000119
97302  46.754  17.257  38.115 0.8000000119
97303  46.161  16.691  38.683 0.8000000119
97323  45.250  16.431  35.734 0.8000000119
97325  44.369  16.192  35.069 0.8000000119
97799  41.792  17.859  62.267 0.1000000015
97855  50.805  17.598  50.257 0.3000000119
97871  49.875  17.145  49.991 0.4000000060
97877  42.600  17.630  49.682 0.6000000238
97894  42.885  17.894  48.940 0.6000000238
97900  51.492  17.861  47.950 0.5000000000
97971  45.440  17.837  37.559 0.8000000119
98471  51.355  18.212  50.503 0.3000000119
98488  51.630  18.338  48.412 0.5000000000
98502  51.570  18.065  47.100 0.4000000060
98530  51.358  18.647  45.504 0.4000000060
98544  44.872  18.316  44.546 0.6999999881
98550  50.872  19.288  44.020 0.5000000000
98593  47.425  18.982  38.635 0.6999999881
99092  43.218  19.301  57.296 0.3000000119
99166  51.486  19.170  45.035 0.4000000060
99173  51.149  19.408  44.337 0.4000000060
99184  50.478  19.730  43.058 0.6000000238
99192  50.238  19.926  42.172 0.6000000238
99202  50.034  19.999  41.465 0.6000000238
99203  49.723  19.861  41.028 0.6999999881
99206  38.915  20.049  41.518 0.5000000000
99819  50.521  20.427  44.528 0.4000000060
99855  48.177  20.240  40.193 0.6999999881
100378  37.759  21.813  57.243 0.1000000015
100398  38.489  21.241  55.575 0.1000000015
100417  38.666  21.478  54.892 0.1000000015
100466  46.484  21.222  46.168 0.5000000000
100496  49.037  20.939  44.260 0.5000000000
100510  48.753  20.890  42.959 0.6000000238
100533  38.209  20.568  41.871 0.5000000000
100541  41.391  21.108  41.069 0.6000000238
101011  37.570  22.444  56.742 0.1000000015
101039  45.854  22.632  53.916 0.1000000015
101558  38.594  23.026  59.875 0.1000000015
101566  37.896  23.960  56.528 0.1000000015
101601  39.190  23.176  53.218 0.1000000015
101634  28.867  24.516  50.102 0.1000000015
102094  38.763  24.295  57.681 0.1000000015
102112  35.905  24.751  54.447 0.1000000015
102135  42.627  24.651  52.434 0.1000000015
102602  35.733  25.685  58.041 0.1000000015
102607  38.036  25.496  56.641 0.1000000015
102632  49.509  25.673  53.346 0.1000000015
102651  37.652  25.147  52.132 0.1000000015
102652  37.126  25.660  52.293 0.1000000015
102653  36.580  25.511  52.741 0.1000000015
102659  40.856  25.684  51.741 0.1000000015
102660  39.394  25.998  51.622 0.1000000015
102684  43.604  25.471  48.529 0.2000000030
103160  35.423  26.124  58.403 0.1000000015
103162  34.037  26.545  58.310 0.1000000015
103181  34.163  26.404  55.465 0.1000000015
103200  49.214  26.965  53.226 0.1000000015
103218  38.066  26.315  51.708 0.1000000015
103251  41.849  26.235  47.405 0.2000000030
103287  36.340  26.718  44.024 0.1000000015
103691  36.995  27.797  59.101 0.1000000015
103718  41.472  27.119  56.847 0.1000000015
103721  32.519  27.568  57.624 0.1000000015
103724  32.974  26.933  55.978 0.1000000015
103729  33.884  26.968  55.013 0.1000000015
103887  41.863  27.734  39.563 0.1000000015
104293  37.298  28.510  59.379 0.1000000015
104309  34.658  28.435  58.772 0.1000000015
104312  32.108  28.999  58.067 0.1000000015
104322  30.864  28.766  57.083 0.1000000015
104326  30.735  28.491  56.343 0.1000000015
104329  31.711  27.926  55.396 0.1000000015
104363  45.112  28.995  51.421 0.1000000015
104364  43.590  28.232  51.290 0.1000000015
104365  42.213  28.778  51.178 0.1000000015
104427  39.053  27.387  40.928 0.1000000015
104442  45.667  28.529  38.411 0.1000000015
104443  44.606  28.408  38.716 0.1000000015
104453  44.159  28.805  38.583 0.1000000015
104900  29.858  29.806  55.038 0.1000000015
104931  38.976  29.313  52.061 0.1000000015
105004  43.928  29.321  38.513 0.1000000015
105435  32.600  30.486  58.386 0.1000000015
105446  28.745  31.147  57.291 0.1000000015
105456  28.574  30.800  56.558 0.1000000015
105464  28.613  30.710  55.880 0.1000000015
105476  34.858  30.450  53.609 0.1000000015
105478  33.111  30.547  53.567 0.1000000015
105521  47.784  31.346  47.033 0.1000000015
106108  30.396  31.819  53.758 0.1000000015
106148  41.871  31.839  48.530 0.1000000015
106224  41.772  31.747  40.546 0.1000000015
106695  39.517  32.821  53.403 0.1000000015
106702  33.068  32.695  53.430 0.1000000015
106711  43.449  33.441  52.407 0.1000000015
106713  41.583  33.018  52.655 0.1000000015
106716  31.441  33.042  52.855 0.1000000015
106731  47.114  33.736  50.964 0.1000000015
106752  46.534  32.649  48.102 0.1000000015
107279  26.279  33.743  55.422 0.1000000015
107288  26.191  33.268  54.863 0.1000000015
107300  32.132  33.322  53.110 0.1000000015
107307  43.986  34.558  52.615 0.1000000015
107314  32.967  33.807  53.105 0.1000000015
107325  32.985  33.802  52.590 0.1000000015
107343  37.146  33.817  50.014 0.1000000015
107354  43.007  32.892  49.889 0.1000000015
107362  40.125  33.019  49.090 0.1000000015
107366  36.789  33.906  48.767 0.1000000015
107879  28.503  34.545  57.241 0.1000000015
107889  26.054  34.567  55.281 0.1000000015
107900  25.454  34.835  54.083 0.1000000015
107908  38.412  34.706  53.330 0.1000000015
107909  37.547  35.002  52.867 0.1000000015
107911  25.657  34.846  53.488 0.1000000015
107913  44.317  35.383  52.451 0.1000000015
107918  34.117  34.101  52.574 0.1000000015
107920  26.924  34.415  52.194 0.1000000015
107922  46.133  34.929  51.108 0.1000000015
107926  42.255  35.563  51.507 0.1000000015
107929  39.396  35.544  51.477 0.1000000015
107932  36.237  34.348  51.650 0.1000000015
107939  45.753  35.040  50.852 0.1000000015
107952  31.831  33.892  50.049 0.1000000015
107954  29.994  34.448  50.019 0.1000000015
107955  29.199  34.689  50.177 0.1000000015
108470  29.497  35.018  57.756 0.1000000015
108471  28.824  35.193  57.312 0.1000000015
108486  25.531  35.521  54.451 0.1000000015
108496  41.367  35.606  53.152 0.1000000015
108497  40.597  35.469  53.253 0.1000000015
108503  45.374  35.274  51.919 0.1000000015
108505  42.736  35.772  52.703 0.1000000015
108513  41.765  36.161  51.786 0.1000000015
108533  31.279  35.736  48.433 0.1000000015
108550  40.796  35.218  46.660 0.1000000015
109013  25.419  36.261  54.108 0.1000000015
109023  40.003  36.127  53.147 0.1000000015
109024  39.222  36.095  53.223 0.1000000015
109032  42.948  36.037  52.358 0.1000000015
109034  40.345  36.494  52.760 0.1000000015
109036  26.617  36.319  52.251 0.1000000015
109039  42.025  36.305  52.130 0.1000000015
109041  39.701  36.403  52.365 0.1000000015
109070  37.814  36.705  46.919 0.1000000015
109477  30.099  37.251  56.997 0.1000000015
109512  27.027  36.944  51.929 0.1000000015
109531  30.577  38.125  48.286 0.1000000015
109955  28.648  37.990  56.390 0.1000000015
121632  40.117  -0.071  63.148 0.1000000015
122105  44.726  18.438  45.345 0.6999999881
122432  38.118  5.647  66.995 0.2000000030
122948  46.132  0.764  71.030 0.2000000030
123407  51.056  17.556  48.043 0.5000000000
123728  40.185  -0.212  62.771 0.1000000015
123754  42.289  25.952  57.941 0.1000000015
126397  35.530  5.606  59.422 0.2000000030
126524  30.671  8.199  66.228 0.1000000015
126879  44.608  18.509  46.055 0.8000000119
127262  35.144  5.271  65.338 0.1000000015
127900  49.601  8.734  40.076 0.5000000000
128240  39.110  36.104  52.009 0.1000000015
128411  41.844  11.417  33.392 0.5000000000
128420  36.266  8.436  63.429 0.2000000030
129556  26.477  33.035  54.144 0.1000000015
130278  38.213  21.223  57.499 0.1000000015
130448  49.064  27.507  53.189 0.1000000015
130850  36.439  11.975  67.035 0.1000000015
131399  42.546  12.955  35.014 0.8000000119
132119  40.664  9.757  66.870 0.1000000015
133098  29.282  2.974  61.198 0.2000000030
133135  49.939  20.013  49.688 0.3000000119
133267  38.873  -0.294  71.248 0.2000000030
133388  29.499  37.639  56.650 0.1000000015
133614  38.800  -0.256  69.328 0.1000000015
133683  33.448  1.161  56.587 0.3000000119
134521  41.912  29.780  51.154 0.1000000015
134673  46.741  6.145  45.619 0.3000000119
135089  45.045  35.400  51.540 0.1000000015
135504  39.497  10.894  37.382 0.5000000000
136026  51.354  2.836  51.786 0.1000000015
136151  34.642  30.828  58.661 0.1000000015
136433  37.968  6.336  67.338 0.1000000015
137025  45.376  35.185  51.046 0.1000000015
137353  35.830  -1.127  61.973 0.1000000015
137514  41.972  12.025  33.293 0.6000000238
137629  33.473  11.354  54.878 0.3000000119
137820  41.383  36.416  52.514 0.1000000015
138229  51.633  18.298  49.091 0.5000000000
138492  26.074  36.519  52.778 0.1000000015
138995  37.274  -8.442  72.920 0.1000000015
139124  45.006  35.274  52.280 0.1000000015
139318  50.453  23.183  52.816 0.1000000015
139373  50.703  19.540  43.559 0.5000000000
139683  40.952  27.674  51.419 0.1000000015
139818  48.025  17.524  48.386 0.6000000238
139844  30.070  -0.980  61.574 0.2000000030
140070  27.017  32.464  54.408 0.1000000015
140114  35.327  28.707  58.978 0.1000000015
140199  38.483  36.020  52.775 0.1000000015
140215  36.885  26.976  52.582 0.1000000015
140593  41.183  -0.035  73.369 0.2000000030
140994  25.626  34.293  54.323 0.1000000015
141182  36.561  6.209  55.018 0.4000000060
141387  49.999  22.775  54.994 0.1000000015
141498  44.285  12.508  57.149 0.1000000015
141527  53.478  9.117  43.406 0.4000000060
142566  26.408  35.083  55.619 0.1000000015
142577  49.421  20.657  42.602 0.5000000000
142710  34.274  4.958  66.970 0.1000000015
142891  29.421  31.433  57.798 0.1000000015
143002  32.264  27.428  57.089 0.1000000015
143695  40.625  8.826  35.847 0.4000000060
143701  51.473  9.741  51.606 0.3000000119
143711  47.286  1.877  67.772 0.2000000030
143864  36.804  18.627  45.935 0.6000000238
144465  47.122  8.875  39.209 0.6000000238
144756  30.058  22.602  49.443 0.1000000015
144779  29.997  33.686  50.856 0.1000000015
144951  33.222  20.224  46.259 0.1000000015
145001  40.321  8.410  36.704 0.4000000060
145239  42.502  36.191  52.225 0.1000000015
145273  32.993  34.323  49.053 0.1000000015
145277  44.247  11.836  57.107 0.1000000015
145312  28.869  35.764  57.133 0.1000000015
145531  42.958  8.229  42.635 0.6999999881
145580  37.208  7.691  58.901 0.2000000030
145656  25.959  34.295  53.293 0.1000000015
145735  38.511  20.821  57.590 0.1000000015
145810  41.901  21.274  41.388 0.6000000238
146148  33.215  -9.684  73.816 0.1000000015
146276  45.239  22.543  53.928 0.1000000015
146355  34.002  -8.028  69.607 0.1000000015
146534  47.180  2.770  49.725 0.3000000119
146566  34.733  -7.550  69.872 0.1000000015
