#!ascii label  , from subject sub-v1s8x0051346_ses-1 vox2ras=TkReg
5119
82675  37.739  16.446  55.868 0.2000000030
82018  38.267  14.902  56.506 0.3000000119
82019  37.920  15.708  55.778 0.2000000030
82031  37.768  16.308  55.223 0.2000000030
122031  38.562  14.199  56.496 0.2000000030
82030  38.292  15.095  55.649 0.3000000119
126480  37.962  15.755  55.348 0.2000000030
81322  38.764  15.082  55.078 0.3000000119
114192  39.120  13.780  56.246 0.3000000119
81321  39.892  14.177  55.572 0.3000000119
80612  40.592  11.289  56.607 0.4000000060
81314  40.344  12.433  56.599 0.3000000119
121419  40.883  12.870  56.344 0.4000000060
113867  40.854  11.713  55.578 0.5000000000
79963  41.457  11.606  56.292 0.5000000000
112227  41.401  11.779  56.510 0.5000000000
81313  41.789  12.469  56.452 0.5000000000
80645  40.280  13.361  53.491 0.4000000060
80634  40.958  12.525  54.567 0.5000000000
80620  41.796  11.839  55.555 0.5000000000
81320  41.070  13.801  55.636 0.5000000000
81340  40.574  14.038  52.618 0.4000000060
80644  41.106  13.305  53.560 0.4000000060
123646  41.613  12.590  54.482 0.5000000000
79962  42.362  11.748  56.292 0.5000000000
81319  42.158  13.418  55.966 0.4000000060
81351  40.142  14.660  51.839 0.4000000060
81339  41.420  13.998  52.693 0.4000000060
80633  42.301  12.303  55.068 0.5000000000
79961  42.674  11.832  56.289 0.5000000000
81312  42.576  12.223  56.409 0.5000000000
82082  41.070  15.202  50.421 0.5000000000
81350  40.978  14.486  51.815 0.4000000060
80643  42.052  13.224  53.781 0.5000000000
80618  42.863  12.274  55.792 0.5000000000
81311  42.919  12.264  56.226 0.5000000000
81318  43.097  13.023  56.052 0.5000000000
80685  41.106  14.005  43.973 0.8000000119
112386  41.150  14.685  45.263 0.8999999762
82129  41.128  15.351  46.708 0.8000000119
82100  40.611  15.638  48.246 0.6000000238
82090  41.311  15.654  49.761 0.6000000238
82074  41.426  14.840  51.164 0.5000000000
81338  42.275  14.061  52.806 0.5000000000
80632  42.927  12.896  54.667 0.5000000000
82038  42.699  14.209  55.458 0.4000000060
80694  41.395  13.787  43.233 0.8000000119
81413  40.747  14.263  44.656 0.8999999762
82114  41.603  15.662  47.363 0.8000000119
82089  41.757  16.013  49.127 0.6999999881
82081  41.834  15.355  50.780 0.5000000000
81348  42.621  14.550  52.108 0.5000000000
81337  43.118  14.084  53.033 0.5000000000
81330  43.581  13.484  54.266 0.5000000000
80609  43.212  12.647  56.005 0.5000000000
81317  43.500  13.030  55.861 0.5000000000
79362  41.780  11.819  41.799 0.6999999881
80027  41.113  13.019  42.838 0.8000000119
81394  41.551  15.143  45.911 0.8000000119
112974  42.085  15.994  50.152 0.6000000238
82073  42.243  14.920  51.368 0.5000000000
81347  43.428  14.584  52.326 0.5000000000
80617  43.571  13.102  55.426 0.5000000000
80702  41.748  13.511  42.559 0.8000000119
81393  42.011  14.926  45.184 0.8999999762
82128  41.984  15.527  46.580 0.8000000119
82098  42.201  16.035  48.298 0.6999999881
82080  42.708  15.658  51.081 0.5000000000
81336  43.984  14.142  53.493 0.5000000000
125690  44.592  13.731  54.906 0.5000000000
80042  42.107  12.557  41.574 0.6999999881
106633  41.802  14.367  43.767 0.8999999762
81412  42.478  14.748  44.423 0.8999999762
82142  42.397  15.330  45.819 0.8000000119
82097  43.061  16.118  48.085 0.8999999762
82750  42.761  16.247  49.167 0.5000000000
82067  44.228  14.707  52.671 0.5000000000
79361  42.312  11.789  41.116 0.6999999881
80701  42.053  13.209  41.977 0.8000000119
81426  42.026  14.300  43.006 0.8999999762
82127  42.838  15.571  46.472 0.8000000119
82739  43.075  16.170  50.199 0.6000000238
82072  43.635  15.214  51.679 0.5000000000
76710  41.548  7.719  37.503 0.6000000238
78056  41.821  8.937  38.443 0.6999999881
78679  42.636  10.751  40.266 0.6999999881
79369  42.666  11.507  40.435 0.6999999881
114768  43.091  15.394  45.793 0.8999999762
82112  43.385  15.811  47.142 0.8999999762
82723  43.582  16.082  50.971 0.5000000000
77411  41.521  8.267  37.956 0.6999999881
78049  42.227  9.675  39.105 0.6999999881
78686  42.571  10.607  39.470 0.6999999881
119390  42.520  12.599  40.973 0.6999999881
121812  42.459  14.548  43.649 0.8000000119
82141  42.842  15.174  45.194 0.8999999762
82749  43.686  16.312  48.743 0.6000000238
82722  44.192  15.783  51.396 0.5000000000
77424  41.568  8.284  37.162 0.6999999881
78055  42.222  9.649  38.007 0.6999999881
126545  42.803  13.129  40.816 0.6999999881
81438  42.459  14.025  42.249 0.8999999762
82156  43.398  15.080  44.695 0.8999999762
82126  43.732  15.527  46.220 0.8999999762
117927  43.895  16.287  50.113 0.5000000000
78065  41.740  8.937  37.565 0.6999999881
78693  42.485  10.485  38.497 0.6999999881
79375  42.827  11.378  39.751 0.6999999881
108038  42.656  12.137  40.584 0.6999999881
80709  42.544  13.349  41.427 0.8000000119
81447  42.994  14.201  41.574 0.8999999762
81425  42.901  14.635  43.101 0.8000000119
82140  43.582  15.325  45.412 0.8999999762
82111  44.291  15.829  46.954 0.8000000119
82748  44.513  16.257  48.474 0.6000000238
116860  41.659  8.867  36.858 0.6999999881
80061  43.020  12.013  39.204 0.6999999881
80049  42.870  12.688  40.434 0.6999999881
81437  43.213  14.669  42.304 0.8000000119
81424  43.600  14.849  43.638 0.8000000119
82155  44.067  15.006  44.246 0.8999999762
113272  44.211  15.400  45.656 0.8999999762
78064  41.924  9.638  36.965 0.6999999881
78699  42.394  10.432  37.491 0.6999999881
79383  42.730  11.316  38.904 0.6999999881
80053  43.172  12.912  39.848 0.6999999881
80715  43.160  13.353  40.352 0.6000000238
79390  42.688  11.247  37.934 0.6999999881
118990  43.154  12.591  39.380 0.6000000238
81446  43.424  14.394  41.054 0.8000000119
82195  43.571  14.836  41.603 0.8000000119
120547  43.929  15.160  42.319 0.8000000119
82180  43.702  14.943  43.035 0.8000000119
79396  42.602  11.219  36.876 0.6999999881
79389  43.119  11.897  37.396 0.6000000238
80060  43.310  12.697  38.644 0.6000000238
110625  43.385  13.192  39.164 0.6000000238
81455  43.529  14.199  40.326 0.6000000238
82211  43.912  15.031  40.825 0.8000000119
80066  43.436  12.565  37.775 0.6000000238
111582  43.645  13.117  38.057 0.6000000238
80722  43.459  13.632  39.690 0.6999999881
81462  43.802  14.274  39.575 0.8000000119
79395  43.157  11.912  36.535 0.6000000238
80735  43.856  13.152  37.359 0.6000000238
83830  38.459  17.917  56.452 0.2000000030
126849  37.661  16.987  55.931 0.2000000030
83251  37.528  17.108  55.407 0.2000000030
82042  38.120  15.778  54.983 0.2000000030
82041  39.501  15.443  54.473 0.2000000030
82040  40.509  14.954  54.650 0.3000000119
80695  40.770  13.312  43.513 0.8000000119
79355  41.355  11.810  42.286 0.6999999881
125349  44.260  13.738  55.438 0.5000000000
78672  42.439  10.911  40.924 0.6999999881
75825  41.704  7.084  37.450 0.5000000000
76701  41.531  7.447  38.260 0.6000000238
78042  42.427  9.970  40.074 0.6999999881
127093  42.608  6.267  36.995 0.5000000000
125166  41.865  8.890  39.202 0.6999999881
75842  42.125  6.778  36.801 0.6000000238
76725  41.733  7.563  36.728 0.6999999881
82071  44.568  15.327  52.136 0.6000000238
75841  42.709  6.433  36.336 0.6999999881
128002  44.435  16.374  50.015 0.5000000000
82730  44.501  16.257  50.714 0.5000000000
76724  42.234  7.083  35.904 0.6999999881
82125  44.670  15.570  46.184 0.8999999762
78705  42.162  10.459  36.651 0.6999999881
109569  44.175  15.251  45.036 0.8999999762
82164  44.591  15.255  43.058 0.8000000119
82165  44.175  14.991  43.637 0.8000000119
78073  41.732  10.034  35.905 0.6999999881
113038  42.269  10.893  36.023 0.6000000238
118926  42.716  11.506  36.112 0.6999999881
80728  43.844  13.904  38.907 0.6999999881
82210  44.585  15.510  40.362 0.8000000119
128426  43.467  12.308  36.234 0.6000000238
80073  43.603  12.523  36.818 0.6000000238
81461  44.291  14.687  39.150 0.6999999881
82221  44.697  15.408  39.539 0.8000000119
80734  44.070  13.726  37.964 0.6999999881
81476  44.506  14.485  37.412 0.6999999881
80740  44.086  13.193  36.502 0.6000000238
80739  44.301  13.774  37.001 0.6999999881
81483  44.697  14.451  36.476 0.6999999881
84436  38.787  18.990  56.369 0.2000000030
83261  37.691  17.539  55.982 0.2000000030
120789  37.929  16.360  54.606 0.2000000030
82687  38.579  16.051  54.322 0.2000000030
82039  41.567  14.603  54.959 0.3000000119
112061  43.849  13.889  55.665 0.5000000000
108646  45.196  14.338  55.266 0.5000000000
74948  43.911  5.912  36.680 0.6000000238
74949  43.203  5.965  36.805 0.5000000000
81335  44.844  14.420  53.981 0.5000000000
75839  44.539  6.163  36.243 0.6000000238
75840  43.585  6.270  36.011 0.6000000238
82721  45.031  15.835  51.575 0.6000000238
82757  45.691  16.197  47.593 0.6999999881
127989  45.198  16.231  48.236 0.6999999881
117142  42.830  6.542  35.614 0.6000000238
76738  41.889  7.853  35.949 0.6999999881
77435  41.655  8.367  36.419 0.6999999881
82124  45.665  15.583  46.036 0.8999999762
82139  44.879  15.363  45.489 0.8999999762
107175  44.995  14.994  43.972 0.8999999762
82154  44.924  15.172  44.762 0.8999999762
77446  42.124  7.781  35.016 0.6000000238
77447  41.726  8.516  35.639 0.6000000238
78074  41.599  9.132  36.199 0.6999999881
78081  41.709  9.244  35.500 0.6000000238
123722  45.023  15.545  41.707 0.8000000119
82179  44.632  15.395  42.263 0.8000000119
78080  42.076  9.651  34.869 0.5000000000
78711  42.327  10.525  35.155 0.6000000238
79403  42.708  11.310  35.388 0.6000000238
82236  44.849  15.227  37.775 0.6999999881
82228  44.804  15.302  38.699 0.6999999881
78715  42.463  10.156  34.102 0.5000000000
79402  43.246  12.007  35.697 0.5000000000
80079  43.851  12.681  35.855 0.6000000238
79408  42.635  11.056  34.420 0.5000000000
112648  43.767  12.384  34.927 0.5000000000
110785  44.444  13.818  36.156 0.6000000238
120927  44.499  13.884  35.579 0.6000000238
117042  43.071  11.479  33.854 0.5000000000
80085  43.622  12.216  33.801 0.5000000000
118769  44.555  13.969  34.807 0.6000000238
81489  44.826  14.437  35.474 0.6999999881
80090  44.271  12.984  33.259 0.5000000000
80751  44.495  13.475  33.984 0.5000000000
84435  39.530  19.091  56.784 0.2000000030
109540  39.366  19.652  56.490 0.2000000030
83837  37.777  18.500  55.883 0.2000000030
128023  38.175  19.342  55.877 0.2000000030
82688  37.626  16.972  54.662 0.2000000030
83263  37.349  17.731  54.810 0.2000000030
82703  38.041  16.788  54.043 0.2000000030
82060  39.411  16.260  53.784 0.2000000030
114718  38.735  16.663  53.693 0.2000000030
82059  40.227  15.843  53.897 0.3000000119
112349  40.099  16.524  53.463 0.2000000030
82058  41.168  15.551  54.101 0.3000000119
82701  41.834  16.090  53.693 0.3000000119
82057  42.174  15.224  54.479 0.3000000119
82700  42.842  15.690  54.152 0.3000000119
123213  43.135  14.849  55.003 0.4000000060
82056  44.046  15.089  55.081 0.3000000119
82037  44.889  14.251  55.402 0.5000000000
82036  45.516  14.499  55.287 0.4000000060
81329  45.595  14.297  54.903 0.5000000000
75837  46.011  6.719  36.162 0.5000000000
82069  46.568  15.173  53.169 0.6000000238
82065  46.026  14.892  53.881 0.6000000238
82055  45.699  14.560  54.428 0.6000000238
76723  46.659  7.433  35.646 0.5000000000
75851  45.256  6.402  35.666 0.6000000238
124651  47.092  15.476  52.523 0.6000000238
114506  46.121  15.607  51.894 0.6000000238
116876  47.539  8.139  33.832 0.5000000000
75850  45.981  6.855  35.051 0.5000000000
123829  46.105  16.359  50.276 0.6000000238
82729  45.607  16.205  50.912 0.6000000238
82736  45.134  16.435  49.945 0.5000000000
76737  46.770  7.570  34.437 0.5000000000
107971  44.421  6.224  35.326 0.6000000238
109271  46.012  16.510  49.419 0.6000000238
82747  45.163  16.413  48.971 0.5000000000
75852  43.408  6.415  34.937 0.6000000238
123491  45.947  16.452  48.459 0.5000000000
75860  45.200  6.416  34.379 0.5000000000
125475  44.272  6.289  34.558 0.5000000000
115431  46.352  15.407  45.554 0.8999999762
82138  45.676  15.300  45.245 0.8000000119
75861  44.517  6.349  33.908 0.6000000238
75862  43.773  6.585  34.042 0.6000000238
82153  45.795  15.107  44.561 0.8999999762
82163  45.457  15.215  43.397 0.8000000119
75863  43.056  6.870  34.075 0.6000000238
82193  45.909  15.640  41.783 0.8999999762
108074  45.096  6.395  33.147 0.5000000000
76747  42.612  7.452  33.962 0.6000000238
82209  45.345  15.858  40.935 0.8000000119
75872  44.103  6.423  33.025 0.6000000238
75873  43.409  6.808  33.310 0.6000000238
76755  42.995  7.282  32.805 0.6000000238
82220  45.315  16.022  39.127 0.6999999881
78088  42.389  9.146  33.641 0.5000000000
82227  45.429  15.888  38.175 0.6999999881
126080  43.140  7.431  31.644 0.6000000238
82242  45.717  15.732  36.121 0.8000000119
108346  42.984  7.818  31.217 0.5000000000
125042  42.631  8.452  32.608 0.5000000000
78723  42.928  10.653  33.180 0.5000000000
81488  45.290  14.826  34.225 0.6000000238
82248  45.823  15.799  34.965 0.8000000119
76762  43.170  7.639  30.308 0.5000000000
110093  42.925  8.290  30.736 0.5000000000
78094  42.910  8.958  31.838 0.5000000000
79415  43.472  11.487  32.870 0.5000000000
80757  44.723  13.876  32.770 0.5000000000
81504  45.294  14.728  32.032 0.6000000238
78728  43.181  9.731  31.442 0.5000000000
78727  43.441  10.436  30.641 0.5000000000
80097  44.109  12.379  30.594 0.5000000000
120092  44.580  13.358  31.966 0.5000000000
79419  43.645  11.482  31.478 0.5000000000
74998  43.272  6.341  28.903 0.4000000060
74999  42.952  6.390  28.837 0.4000000060
85652  40.236  21.332  56.382 0.2000000030
86813  40.783  23.621  55.650 0.1000000015
86233  40.446  22.219  56.130 0.1000000015
85029  39.568  20.464  56.330 0.2000000030
117844  39.889  22.622  55.790 0.1000000015
86236  39.237  22.164  55.622 0.1000000015
125291  38.072  20.000  55.578 0.2000000030
83838  37.253  18.490  55.130 0.2000000030
85034  37.171  20.034  55.119 0.2000000030
84442  37.444  19.252  55.426 0.2000000030
82704  37.597  17.628  53.904 0.2000000030
84443  36.977  19.266  54.667 0.2000000030
83841  37.165  18.419  54.339 0.2000000030
83846  37.395  18.503  53.386 0.2000000030
83845  38.028  17.974  52.944 0.2000000030
83273  39.492  17.047  53.202 0.2000000030
126194  40.742  18.213  52.433 0.2000000030
118620  41.058  17.606  52.697 0.3000000119
83287  40.158  17.692  52.678 0.3000000119
83286  41.976  17.497  52.670 0.3000000119
82716  40.524  17.029  53.074 0.3000000119
83285  42.919  17.469  52.699 0.3000000119
82714  42.560  16.673  53.313 0.3000000119
83272  44.679  16.919  53.666 0.3000000119
82713  43.593  16.842  53.432 0.3000000119
82698  45.469  15.745  54.712 0.3000000119
82699  44.380  16.005  54.403 0.3000000119
128327  43.450  16.093  54.018 0.3000000119
83271  45.892  16.534  54.240 0.4000000060
82697  46.471  15.350  54.996 0.4000000060
82686  45.181  14.916  55.238 0.4000000060
82053  46.682  14.881  55.003 0.6000000238
82034  46.491  14.872  55.121 0.5000000000
82035  45.956  14.638  55.135 0.5000000000
82064  46.815  14.986  54.310 0.6000000238
82054  46.176  14.567  54.792 0.6000000238
82728  46.997  15.968  51.296 0.6000000238
82712  47.647  15.145  53.751 0.6000000238
82735  46.954  16.394  50.023 0.6000000238
82746  46.943  16.498  48.928 0.6000000238
82745  47.956  16.439  48.388 0.6999999881
82756  46.821  16.331  47.738 0.6000000238
122852  48.081  15.720  46.807 0.6999999881
82108  47.232  15.878  46.837 0.8999999762
82123  46.736  15.640  46.118 0.8999999762
82122  47.770  15.437  46.116 0.8000000119
82137  47.210  15.208  45.427 0.8999999762
81392  47.331  14.756  44.744 0.8999999762
81410  46.016  15.013  43.927 0.8999999762
81391  47.984  14.663  45.124 0.6999999881
116222  47.428  14.571  44.216 0.8999999762
81423  46.929  14.765  43.804 0.8999999762
82162  46.284  15.147  43.251 0.8999999762
81422  47.921  14.436  43.725 0.8999999762
82176  47.671  15.111  42.273 0.8999999762
82192  46.745  15.542  41.856 0.8999999762
75871  44.889  6.332  32.072 0.5000000000
107953  44.015  6.491  31.923 0.6000000238
114966  47.275  15.575  41.541 0.8999999762
82807  45.897  16.129  40.377 0.8999999762
82819  45.949  16.371  39.614 0.8999999762
75884  43.470  6.881  32.092 0.6000000238
82806  46.643  16.307  40.196 0.8999999762
82828  46.056  16.687  38.607 0.8999999762
75881  45.601  6.322  31.234 0.5000000000
82844  46.241  16.460  36.453 0.8999999762
126652  45.223  6.197  30.754 0.5000000000
75890  44.643  6.167  30.192 0.6000000238
75883  43.646  6.807  30.858 0.6000000238
82858  46.532  16.485  33.782 0.8000000119
75891  43.832  6.650  29.941 0.6000000238
76768  43.234  7.390  29.378 0.5000000000
77465  42.813  8.069  29.686 0.5000000000
81503  45.508  15.584  31.419 0.8000000119
82274  45.153  15.255  30.484 0.6000000238
76777  43.343  6.971  28.938 0.6000000238
76769  42.704  7.667  29.181 0.5000000000
78733  43.215  9.409  29.602 0.5000000000
80096  44.495  13.055  31.012 0.5000000000
80762  44.983  13.745  30.629 0.5000000000
81516  45.173  14.768  30.059 0.5000000000
76778  42.892  7.327  28.770 0.5000000000
75902  42.543  7.198  29.187 0.4000000060
115528  42.458  7.975  29.732 0.5000000000
78107  42.689  8.961  29.011 0.5000000000
114152  42.834  9.493  28.888 0.5000000000
79424  43.617  11.376  30.043 0.5000000000
80106  43.756  12.334  29.589 0.5000000000
80773  43.981  13.259  29.661 0.5000000000
87338  40.219  24.178  55.530 0.1000000015
85655  38.600  21.518  55.442 0.1000000015
111798  37.883  20.787  55.300 0.1000000015
108696  36.913  18.987  53.997 0.2000000030
83288  39.082  17.871  52.573 0.2000000030
83861  37.623  18.917  52.596 0.2000000030
126994  41.497  18.260  52.360 0.3000000119
83877  40.918  18.928  52.011 0.2000000030
111421  39.310  18.653  52.114 0.2000000030
112679  43.217  19.347  51.475 0.3000000119
83875  42.803  18.813  51.806 0.3000000119
83876  41.918  18.914  51.910 0.3000000119
83874  43.649  18.788  51.768 0.3000000119
83857  43.273  18.161  52.232 0.3000000119
113955  44.520  18.815  51.853 0.3000000119
83855  44.928  18.219  52.489 0.3000000119
126335  44.543  17.721  52.859 0.4000000060
83854  45.784  18.114  52.790 0.4000000060
83284  45.334  17.543  53.309 0.4000000060
83270  46.983  16.068  54.565 0.4000000060
83283  46.367  17.258  53.727 0.4000000060
82696  47.055  15.182  54.809 0.4000000060
83269  48.018  15.693  54.408 0.4000000060
112699  47.701  15.364  54.330 0.6000000238
120121  49.448  15.472  53.477 0.6000000238
82720  48.167  15.326  52.908 0.6000000238
82727  48.518  15.650  51.889 0.6000000238
107712  47.840  16.103  50.713 0.6000000238
109272  48.166  16.229  49.676 0.6000000238
81376  49.560  14.350  45.516 0.6999999881
82136  48.601  14.785  45.727 0.6999999881
81389  50.215  14.056  44.893 0.6999999881
111692  48.907  14.198  43.657 0.8999999762
81421  49.971  14.056  43.194 0.8999999762
110171  48.662  14.412  42.993 0.8999999762
82191  48.197  15.317  41.518 0.8999999762
81435  49.858  14.200  42.586 0.8000000119
82190  49.384  14.930  41.340 0.8999999762
114437  48.512  15.560  40.784 0.8999999762
82817  47.899  16.572  38.903 0.8999999762
82827  47.088  16.868  38.331 0.8999999762
113005  46.616  16.901  37.801 0.8999999762
83394  47.384  17.303  37.378 0.8999999762
82851  46.386  16.491  35.165 0.8999999762
82857  47.174  17.156  32.653 0.8000000119
82262  46.045  16.355  31.841 0.8000000119
82871  45.715  16.167  31.559 0.6999999881
83878  39.978  19.135  51.827 0.3000000119
84452  38.061  19.314  51.910 0.2000000030
84447  36.984  19.342  53.285 0.2000000030
84482  44.612  20.155  50.979 0.2000000030
84466  44.025  19.537  51.358 0.3000000119
85052  43.234  19.961  51.131 0.3000000119
84467  42.438  19.587  51.368 0.3000000119
84470  39.824  19.809  51.540 0.3000000119
84472  37.791  20.004  51.709 0.2000000030
125568  45.616  20.109  50.901 0.3000000119
84465  45.034  19.485  51.508 0.3000000119
84468  41.506  19.552  51.439 0.3000000119
85056  40.148  20.567  51.153 0.3000000119
84471  38.500  19.882  51.639 0.2000000030
85059  36.804  21.035  51.929 0.1000000015
84481  46.634  19.819  51.019 0.3000000119
84464  46.046  19.256  51.649 0.3000000119
83873  45.389  18.772  52.074 0.3000000119
83872  46.100  18.623  52.326 0.3000000119
83871  46.645  18.732  52.219 0.3000000119
83853  46.803  17.977  53.009 0.3000000119
83282  47.503  16.824  54.070 0.5000000000
83294  49.812  15.867  53.562 0.5000000000
83267  49.114  15.685  54.234 0.5000000000
82695  49.064  15.427  54.285 0.5000000000
82719  50.679  15.697  53.120 0.6000000238
82711  48.779  15.135  54.138 0.5000000000
112597  50.938  15.340  50.384 0.5000000000
82734  49.696  15.684  50.129 0.6000000238
108361  49.011  15.740  51.015 0.6000000238
82096  51.314  15.169  48.357 0.6000000238
82744  49.164  16.132  48.860 0.6000000238
82106  50.871  15.039  47.467 0.6000000238
82755  48.752  16.113  47.955 0.6000000238
125356  51.053  14.628  46.563 0.5000000000
82121  49.688  14.667  46.223 0.6999999881
82107  48.875  15.798  47.215 0.6999999881
122893  51.716  14.364  45.750 0.5000000000
81375  50.633  14.251  45.672 0.6000000238
114585  48.764  15.276  46.519 0.6999999881
81418  52.785  14.562  43.500 0.6000000238
81405  52.028  14.169  43.803 0.6000000238
82150  53.076  14.912  43.787 0.6000000238
81433  52.276  14.732  42.489 0.6999999881
81434  51.227  14.122  42.589 0.6999999881
82188  52.361  15.463  41.101 0.6999999881
82189  50.722  14.855  41.141 0.6999999881
108946  49.677  15.281  40.534 0.8000000119
126190  48.211  16.321  39.506 0.8999999762
117495  52.443  15.609  41.103 0.6999999881
82203  52.505  16.142  39.377 0.6999999881
112402  50.099  16.383  38.631 0.8000000119
83369  52.405  17.002  38.736 0.8000000119
109665  51.349  16.578  37.942 0.8000000119
83381  49.740  17.413  37.128 0.8000000119
83393  48.609  17.525  36.642 0.8999999762
83408  47.768  17.857  34.182 0.8999999762
83991  46.206  18.976  34.462 0.8999999762
82824  51.973  16.955  37.640 0.8000000119
113315  48.429  18.435  34.690 0.8999999762
83997  47.570  18.508  33.537 0.8999999762
83975  50.621  18.163  36.634 0.8000000119
83391  50.545  17.824  36.661 0.8000000119
83392  49.749  17.850  36.020 0.8000000119
83399  49.304  18.404  35.493 0.8000000119
83398  50.042  18.265  36.050 0.8000000119
84483  43.867  20.204  50.915 0.2000000030
121545  48.701  20.761  50.437 0.2000000030
85071  44.970  20.745  50.500 0.2000000030
85054  41.841  20.214  50.959 0.2000000030
85057  38.444  20.575  51.441 0.2000000030
85058  37.590  20.773  51.601 0.2000000030
85067  49.367  20.023  50.892 0.2000000030
84479  48.613  19.295  51.348 0.2000000030
84480  47.577  19.583  51.148 0.2000000030
84463  47.021  19.133  51.713 0.3000000119
85075  41.621  21.015  50.724 0.2000000030
85673  39.239  21.145  50.975 0.2000000030
85674  38.278  21.384  51.258 0.2000000030
84462  48.015  18.684  51.820 0.3000000119
83870  47.481  18.354  52.483 0.3000000119
83868  51.136  17.098  52.384 0.4000000060
84460  50.460  17.496  52.498 0.4000000060
109779  48.691  17.863  52.970 0.3000000119
83852  48.026  17.444  53.507 0.3000000119
83293  50.975  16.264  53.110 0.4000000060
83869  49.930  17.022  53.251 0.4000000060
83851  49.101  16.709  53.738 0.5000000000
83298  51.647  15.990  51.818 0.4000000060
82718  51.330  15.827  52.502 0.6000000238
82742  51.793  15.489  48.906 0.5000000000
82733  51.619  15.527  50.132 0.5000000000
82725  51.489  15.629  51.374 0.5000000000
82726  50.570  15.512  51.680 0.5000000000
82753  52.259  15.137  47.840 0.4000000060
82743  51.253  15.348  49.425 0.6000000238
120136  44.671  19.405  44.025 0.6000000238
84539  43.888  19.766  43.926 0.6000000238
82104  52.594  15.026  46.800 0.4000000060
83919  46.372  18.279  44.856 0.6999999881
124105  45.316  19.093  44.026 0.6000000238
85147  43.782  20.341  43.112 0.6000000238
82752  52.777  15.689  47.197 0.4000000060
82105  51.873  14.806  47.281 0.6000000238
83927  45.835  18.911  43.483 0.6000000238
83920  45.798  18.706  44.417 0.6000000238
84537  45.177  19.453  43.337 0.6000000238
84547  45.013  19.882  42.561 0.6000000238
85146  44.415  20.390  42.441 0.6000000238
82762  52.829  15.649  46.273 0.4000000060
82120  52.767  15.008  45.784 0.5000000000
81374  52.222  14.690  46.266 0.5000000000
112236  46.327  18.274  44.039 0.6999999881
83926  46.532  18.361  43.138 0.6000000238
83934  46.093  19.028  42.725 0.6000000238
84545  46.019  19.443  41.962 0.6000000238
125921  45.420  19.818  42.022 0.6000000238
82765  52.728  15.577  45.352 0.4000000060
83933  46.473  18.845  42.343 0.6000000238
82775  52.641  15.613  44.410 0.6000000238
82161  52.877  14.941  42.809 0.6000000238
83334  47.341  17.664  43.171 0.6000000238
109686  47.658  18.429  41.680 0.6000000238
83941  47.411  19.058  40.897 0.6000000238
84554  46.669  19.623  40.737 0.6000000238
82791  52.217  15.414  41.998 0.6999999881
83352  48.640  17.717  41.730 0.6000000238
83940  48.289  18.436  40.980 0.6000000238
83950  48.030  19.008  40.220 0.6000000238
84571  46.969  19.845  39.417 0.6999999881
83349  52.210  16.520  40.317 0.6999999881
83351  49.323  17.738  40.972 0.6999999881
83361  49.003  18.422  40.276 0.6999999881
84569  48.716  19.403  38.526 0.8000000119
84570  47.570  19.815  38.652 0.8000000119
83371  51.575  17.624  38.958 0.6999999881
83360  51.218  17.442  39.941 0.6999999881
83949  50.059  18.233  39.446 0.6999999881
107427  49.381  19.249  37.337 0.8000000119
84591  47.741  19.725  36.645 0.8000000119
84601  48.115  19.466  35.327 0.8000000119
84610  46.542  19.410  35.065 0.8999999762
83370  52.137  17.473  38.183 0.8000000119
83960  50.769  18.293  38.187 0.6999999881
83971  49.773  18.958  37.995 0.8000000119
84589  50.063  18.710  36.596 0.8000000119
84608  48.378  19.118  34.486 0.8000000119
83970  50.419  18.551  37.243 0.8000000119
83981  49.950  18.591  36.032 0.8000000119
85682  50.865  21.026  50.532 0.2000000030
85683  49.669  21.112  50.388 0.2000000030
86262  50.541  21.946  50.244 0.2000000030
119792  50.341  20.378  50.810 0.2000000030
108955  50.522  19.496  51.289 0.3000000119
83882  50.810  18.262  51.759 0.4000000060
83867  51.513  17.548  51.711 0.4000000060
113977  52.008  18.017  51.218 0.3000000119
83292  51.453  16.462  52.296 0.3000000119
83301  52.271  16.714  50.149 0.3000000119
83297  51.959  16.830  51.346 0.4000000060
83886  52.544  17.664  49.427 0.4000000060
82732  52.156  15.837  49.575 0.5000000000
84530  45.084  19.061  44.863 0.6999999881
84531  44.118  19.400  44.800 0.6999999881
83889  52.712  17.782  48.193 0.4000000060
82741  52.529  15.769  48.327 0.4000000060
83910  45.881  18.694  45.283 0.6000000238
84520  45.359  19.104  45.838 0.5000000000
120739  52.739  16.825  47.513 0.4000000060
83316  47.083  17.886  45.258 0.5000000000
83909  46.567  18.373  45.644 0.5000000000
83307  52.747  16.539  46.624 0.4000000060
83335  46.921  17.748  43.877 0.6999999881
82763  52.338  16.567  45.857 0.4000000060
82777  47.697  17.154  43.918 0.6000000238
82766  52.186  16.223  45.124 0.4000000060
125851  51.944  15.928  44.108 0.5000000000
82151  52.523  15.593  43.572 0.6000000238
107510  51.357  16.272  44.603 0.5000000000
82784  51.841  15.884  42.888 0.6000000238
83342  49.113  16.911  42.506 0.6999999881
82798  51.709  16.333  41.374 0.6999999881
83341  49.968  16.997  41.659 0.6999999881
86278  52.047  22.376  49.855 0.2000000030
85696  51.529  21.759  50.319 0.2000000030
85695  52.114  21.420  50.095 0.2000000030
85066  51.268  20.146  51.015 0.2000000030
85065  51.920  19.906  50.811 0.2000000030
84477  51.543  18.952  51.311 0.2000000030
84476  52.232  18.903  50.668 0.3000000119
83881  52.298  17.773  50.537 0.3000000119
83885  52.470  18.434  49.886 0.3000000119
83891  52.478  18.783  47.686 0.3000000119
83888  52.607  18.546  48.889 0.3000000119
83901  46.943  18.607  46.402 0.5000000000
83892  52.350  18.108  47.229 0.3000000119
83306  52.363  17.471  46.812 0.3000000119
83900  47.916  18.416  46.456 0.5000000000
83908  47.187  18.186  45.946 0.5000000000
126474  52.134  17.205  46.390 0.4000000060
83310  48.568  17.750  46.011 0.5000000000
111535  48.074  17.421  45.254 0.5000000000
127542  48.079  17.061  44.551 0.5000000000
83897  51.475  17.915  46.493 0.4000000060
83314  50.812  16.799  45.447 0.5000000000
83315  49.199  17.081  45.450 0.5000000000
83333  48.343  16.978  43.268 0.6000000238
125861  49.379  16.582  44.462 0.5000000000
82785  48.826  16.650  44.081 0.5000000000
82776  50.593  16.214  43.977 0.6000000238
82793  49.773  16.420  43.222 0.6999999881
82792  50.763  16.287  42.293 0.6999999881
110598  52.491  22.855  49.064 0.2000000030
86283  52.559  22.018  48.202 0.2000000030
85081  51.711  20.822  50.554 0.2000000030
85706  52.350  21.292  47.204 0.2000000030
86277  52.393  21.839  49.305 0.2000000030
85694  52.332  20.884  49.440 0.2000000030
84486  52.278  19.745  50.324 0.2000000030
85084  52.416  20.246  48.419 0.2000000030
85079  52.378  20.008  49.535 0.2000000030
85725  52.121  21.387  46.471 0.2000000030
85086  52.345  20.469  47.246 0.2000000030
84488  52.493  19.394  48.593 0.3000000119
84485  52.456  19.191  49.709 0.3000000119
84491  52.377  19.664  47.346 0.3000000119
84492  52.134  19.362  46.632 0.3000000119
84508  46.562  19.193  46.870 0.5000000000
83893  51.938  18.486  46.637 0.3000000119
84507  47.495  19.109  47.021 0.5000000000
85091  46.494  20.442  47.483 0.3000000119
83898  50.264  18.231  46.321 0.4000000060
83899  49.084  18.388  46.451 0.5000000000
83308  51.135  17.445  46.087 0.4000000060
83309  49.749  17.628  45.969 0.5000000000
114655  52.595  22.792  47.861 0.2000000030
124474  52.424  22.721  46.993 0.2000000030
86294  52.419  22.071  47.136 0.2000000030
85726  51.883  21.534  46.284 0.2000000030
85102  52.161  20.671  46.383 0.2000000030
84504  52.231  20.068  46.473 0.3000000119
84505  52.110  20.284  46.099 0.2000000030
85087  51.493  20.376  46.207 0.2000000030
84493  51.736  19.548  46.238 0.3000000119
84497  47.013  19.787  47.325 0.5000000000
83894  50.905  18.793  46.436 0.4000000060
83895  49.685  19.023  46.779 0.4000000060
84495  49.089  19.802  47.186 0.5000000000
84496  48.003  19.806  47.349 0.5000000000
86894  52.178  23.190  46.539 0.2000000030
87406  52.161  23.977  46.125 0.2000000030
87407  51.679  23.970  45.994 0.2000000030
120425  50.850  24.122  46.141 0.2000000030
87911  49.320  25.099  46.235 0.2000000030
86310  52.074  22.200  46.568 0.2000000030
86312  51.147  23.261  46.313 0.2000000030
87410  47.815  24.487  46.700 0.2000000030
87913  47.254  25.264  46.381 0.2000000030
86311  51.717  22.511  46.333 0.2000000030
86313  50.148  22.890  46.721 0.2000000030
87408  49.822  24.365  46.411 0.2000000030
87409  48.809  24.442  46.589 0.2000000030
87411  46.925  24.467  46.782 0.2000000030
87914  46.347  24.981  46.520 0.2000000030
120899  45.733  25.338  46.345 0.2000000030
85727  51.445  21.731  46.345 0.2000000030
125636  51.058  22.446  46.452 0.2000000030
86898  47.460  23.872  47.123 0.2000000030
87412  45.626  24.651  46.603 0.2000000030
85104  51.802  20.959  46.106 0.2000000030
86295  50.565  21.941  46.654 0.2000000030
85707  51.043  21.150  46.429 0.2000000030
85088  50.489  20.599  46.739 0.2000000030
85709  48.938  21.381  47.310 0.2000000030
85710  47.777  21.548  47.643 0.3000000119
86299  46.759  22.265  47.692 0.3000000119
86300  45.825  22.359  47.571 0.3000000119
86885  45.384  22.927  47.309 0.2000000030
115643  49.536  20.529  47.160 0.2000000030
85089  48.446  20.582  47.433 0.3000000119
85711  46.734  21.252  47.647 0.3000000119
85713  45.308  21.683  47.523 0.3000000119
84494  50.374  19.773  46.728 0.2000000030
120331  48.194  26.343  45.559 0.2000000030
120862  47.936  25.760  46.061 0.2000000030
87934  47.299  26.137  45.866 0.2000000030
88436  46.003  26.522  45.708 0.2000000030
87912  48.298  25.155  46.363 0.2000000030
87935  46.368  25.852  46.117 0.2000000030
125246  50.275  23.669  46.488 0.2000000030
86881  49.001  23.041  47.155 0.2000000030
86896  49.388  23.697  46.748 0.2000000030
87915  44.974  25.189  46.349 0.2000000030
86897  48.398  23.808  46.998 0.2000000030
86899  46.584  23.839  47.124 0.2000000030
120844  46.227  24.350  46.798 0.2000000030
120591  44.217  24.831  46.475 0.2000000030
85708  50.033  21.281  46.975 0.2000000030
86296  49.519  22.154  47.035 0.2000000030
86297  48.472  22.309  47.408 0.2000000030
86883  47.110  23.174  47.453 0.2000000030
86901  44.712  23.385  47.034 0.2000000030
113178  43.862  23.916  46.772 0.2000000030
88434  47.511  26.842  45.292 0.2000000030
88435  46.684  26.614  45.549 0.2000000030
88455  48.445  26.903  44.802 0.2000000030
88925  46.918  27.199  45.090 0.2000000030
87413  44.847  24.297  46.687 0.2000000030
87916  43.795  25.540  46.267 0.2000000030
86900  45.658  23.820  47.000 0.2000000030
86298  47.629  22.520  47.584 0.2000000030
86884  46.203  23.101  47.403 0.2000000030
82674  38.186  15.764  56.598 0.3000000119
80611  42.217  11.777  56.432 0.5000000000
80635  40.111  12.598  54.464 0.4000000060
82075  40.598  14.922  51.097 0.5000000000
82083  40.119  15.318  50.401 0.6000000238
82091  40.495  15.499  49.644 0.6000000238
81349  41.807  14.497  51.917 0.4000000060
125177  42.824  13.524  53.658 0.5000000000
82115  40.816  15.542  47.527 0.8000000119
82099  41.387  15.825  48.205 0.6999999881
109756  40.903  15.784  48.968 0.6000000238
125826  41.567  15.534  50.305 0.6000000238
110417  41.542  14.528  44.529 0.8999999762
118418  41.893  15.861  47.807 0.6999999881
121948  42.948  14.939  51.636 0.5000000000
80035  41.594  12.581  42.241 0.8000000119
82113  42.422  15.807  47.379 0.8000000119
82738  43.546  16.325  49.516 0.5000000000
81411  43.175  14.756  43.982 0.8999999762
82759  43.956  16.087  47.844 0.8000000119
80054  42.952  12.149  39.968 0.6999999881
80708  43.096  13.740  40.937 0.8000000119
82758  44.800  16.054  47.670 0.8000000119
79382  43.039  11.970  38.337 0.6999999881
80729  43.638  13.339  38.551 0.6999999881
128238  44.577  15.526  41.080 0.8000000119
81454  44.071  14.899  39.934 0.8000000119
82066  45.087  14.956  53.276 0.6000000238
82070  45.550  15.266  52.608 0.6000000238
82110  45.210  15.911  46.845 0.8000000119
81468  44.379  14.533  38.331 0.6999999881
114188  45.274  15.919  39.999 0.8000000119
82109  46.209  15.959  46.844 0.8000000119
111274  42.628  6.911  34.931 0.6000000238
82178  45.484  15.441  42.586 0.8000000119
77455  41.958  8.758  34.773 0.6000000238
77454  42.367  8.249  33.857 0.6000000238
79407  43.181  11.741  34.724 0.5000000000
82243  44.961  15.194  36.814 0.6999999881
111058  42.622  9.778  32.905 0.5000000000
80084  44.285  13.012  34.974 0.6000000238
123539  44.107  12.787  34.262 0.5000000000
81482  45.356  15.017  35.853 0.6999999881
124861  45.448  15.121  34.924 0.6999999881
80091  43.966  12.451  32.224 0.5000000000
81497  44.978  14.436  33.427 0.6000000238
83274  38.427  17.284  53.335 0.2000000030
82702  40.881  16.347  53.510 0.3000000119
82685  46.014  14.761  55.212 0.4000000060
75859  46.225  7.074  33.805 0.6000000238
82152  46.499  15.130  44.992 0.8999999762
81409  46.663  14.890  44.386 0.8999999762
77461  42.689  7.895  32.600 0.5000000000
82235  45.489  15.822  37.175 0.8999999762
119003  45.924  15.700  33.826 0.6999999881
78722  43.370  10.724  32.021 0.5000000000
81496  45.650  15.540  32.690 0.8000000119
78100  43.153  8.753  29.999 0.5000000000
78732  43.226  10.223  29.207 0.5000000000
85654  39.402  21.354  55.888 0.2000000030
122280  39.845  21.949  55.968 0.1000000015
85030  38.827  19.883  56.060 0.2000000030
85033  38.780  20.674  55.727 0.2000000030
82715  41.468  16.890  53.113 0.3000000119
83858  42.391  18.195  52.278 0.3000000119
116795  43.823  17.563  52.793 0.4000000060
127799  47.858  15.048  45.570 0.6999999881
81390  48.994  14.305  44.944 0.6999999881
81436  47.324  14.852  43.121 0.8999999762
82177  46.564  15.335  42.499 0.8999999762
82208  46.427  15.925  41.091 0.8999999762
82207  47.493  15.901  40.806 0.8999999762
82818  46.790  16.606  39.283 0.8999999762
82805  47.619  16.342  39.914 0.8999999762
82837  46.041  16.566  37.567 0.8999999762
82836  46.745  17.129  36.889 0.8999999762
81510  45.256  14.666  30.681 0.5000000000
82256  46.456  16.490  32.590 0.8000000119
82273  45.393  15.664  31.132 0.6000000238
82267  45.622  16.000  31.458 0.6999999881
80772  44.675  14.053  29.868 0.5000000000
77471  42.531  8.426  29.401 0.5000000000
80102  44.044  12.387  29.702 0.5000000000
80101  44.739  13.169  29.980 0.5000000000
80767  45.033  13.969  29.947 0.5000000000
79427  43.302  11.289  29.242 0.5000000000
79431  43.158  11.572  29.204 0.5000000000
80103  42.676  12.561  29.944 0.5000000000
83859  40.039  18.412  52.261 0.2000000030
83879  39.040  19.357  51.795 0.3000000119
83856  44.112  18.192  52.260 0.4000000060
83281  48.514  16.310  54.215 0.5000000000
82710  49.137  15.424  54.186 0.6000000238
81407  49.765  14.113  44.048 0.6999999881
82175  48.980  14.651  42.108 0.8999999762
81445  50.368  14.397  41.891 0.6999999881
83382  48.214  17.222  37.861 0.8000000119
83401  47.728  17.509  36.201 0.8999999762
82843  47.129  17.268  35.429 0.8999999762
82850  47.176  17.200  33.912 0.8000000119
83417  47.484  17.761  33.046 0.8999999762
82864  46.653  17.140  32.106 0.6999999881
83423  47.161  17.708  32.313 0.8000000119
83424  46.586  17.501  32.087 0.8000000119
84469  40.680  19.750  51.407 0.3000000119
109390  39.222  20.243  51.456 0.2000000030
109282  45.683  20.818  50.350 0.2000000030
85055  41.069  20.433  50.996 0.3000000119
120508  49.745  15.591  52.334 0.6000000238
120725  50.456  15.544  49.214 0.6000000238
82754  49.938  15.708  47.980 0.6999999881
109409  49.851  15.215  46.993 0.6999999881
81387  52.436  14.617  45.243 0.5000000000
81388  51.639  14.152  44.836 0.6000000238
81404  52.664  14.496  44.236 0.5000000000
81420  51.124  13.901  43.374 0.6000000238
81444  51.825  14.798  41.743 0.6999999881
124997  51.864  15.155  40.946 0.6999999881
82174  52.284  15.211  41.983 0.6999999881
82217  52.189  15.910  39.307 0.8000000119
82219  50.081  15.695  39.600 0.8000000119
82218  51.417  15.613  39.680 0.8000000119
108389  48.899  16.284  39.191 0.8000000119
82815  52.210  16.465  38.527 0.8000000119
82825  50.337  16.869  37.766 0.8000000119
82816  51.293  16.063  38.935 0.8000000119
82826  49.088  16.874  38.289 0.8000000119
119285  48.010  17.869  35.175 0.8999999762
83400  48.753  17.947  35.592 0.8999999762
83990  47.089  19.053  33.952 0.8999999762
83407  47.701  18.307  33.679 0.8999999762
83989  48.089  18.773  34.187 0.8999999762
84616  47.750  18.884  33.901 0.8999999762
84004  47.101  18.175  32.462 0.8000000119
83998  47.329  18.514  33.235 0.8000000119
83982  49.527  18.644  35.677 0.8000000119
85074  42.419  20.877  50.683 0.2000000030
84478  49.748  18.807  51.569 0.2000000030
84461  49.191  18.191  52.144 0.2000000030
83302  52.005  15.860  50.870 0.5000000000
84538  44.505  19.878  43.216 0.6000000238
85133  43.087  20.118  43.770 0.6000000238
106781  42.996  20.742  42.964 0.6000000238
84546  45.600  19.436  42.674 0.6000000238
115575  45.558  20.091  41.290 0.6000000238
83932  47.074  18.337  42.382 0.6000000238
83942  46.764  19.073  41.584 0.6000000238
84555  46.201  19.693  41.201 0.6000000238
83343  47.968  17.694  42.465 0.6000000238
84562  47.202  19.518  40.140 0.6000000238
85180  46.433  19.904  40.001 0.6999999881
83962  48.792  18.936  39.473 0.6999999881
115814  47.857  19.499  39.454 0.8000000119
122178  49.956  17.796  40.320 0.6999999881
83350  50.773  17.164  40.816 0.6999999881
83961  49.542  18.785  38.740 0.8000000119
84579  48.197  19.692  37.699 0.8000000119
110487  48.758  19.373  35.940 0.8000000119
84602  47.020  19.668  35.764 0.8000000119
83983  45.598  19.243  35.647 0.8000000119
84600  49.400  18.923  35.537 0.8000000119
83304  52.582  16.716  48.855 0.4000000060
83902  46.138  18.806  46.139 0.5000000000
83311  47.713  17.893  45.846 0.5000000000
83325  47.358  17.497  44.573 0.5000000000
85080  52.187  20.506  50.264 0.2000000030
84506  48.557  19.103  46.993 0.5000000000
82767  49.870  16.605  44.801 0.5000000000
83324  48.800  16.815  44.818 0.5000000000
85698  52.401  21.121  48.328 0.2000000030
85103  52.033  20.876  46.195 0.2000000030
85090  47.410  20.554  47.535 0.3000000119
86895  51.844  23.366  46.189 0.2000000030
87423  51.446  24.624  45.634 0.2000000030
87910  50.378  24.926  45.981 0.2000000030
87932  49.839  25.545  45.593 0.2000000030
87933  48.775  25.703  45.822 0.2000000030
115163  46.088  21.714  47.704 0.3000000119
87414  43.385  24.713  46.487 0.2000000030
74010  49.030  4.113  43.906 0.3000000119
73157  48.191  3.806  44.062 0.3000000119
73158  47.333  3.551  44.194 0.3000000119
73177  46.791  3.184  43.480 0.3000000119
108195  55.275  4.582  45.626 0.2000000030
121965  54.671  4.486  46.036 0.2000000030
73175  48.491  3.703  43.222 0.3000000119
73176  47.667  3.475  43.387 0.3000000119
73178  45.852  2.901  43.621 0.3000000119
72319  45.098  2.795  43.871 0.3000000119
74816  56.377  6.001  45.720 0.2000000030
119383  49.463  4.188  42.254 0.3000000119
73193  47.950  3.537  42.665 0.3000000119
73179  44.998  2.830  43.030 0.3000000119
74847  56.434  5.892  44.219 0.2000000030
111277  56.489  7.379  43.178 0.3000000119
76651  56.030  8.434  42.396 0.3000000119
75772  54.756  7.767  41.832 0.3000000119
74037  49.156  4.402  41.540 0.3000000119
73206  47.696  3.722  41.962 0.3000000119
73207  46.733  3.662  41.821 0.3000000119
113098  45.203  3.227  42.203 0.3000000119
73180  44.043  3.089  43.090 0.3000000119
74038  48.213  4.318  41.426 0.3000000119
74039  47.304  4.300  41.274 0.3000000119
73195  44.413  3.281  42.319 0.3000000119
73210  43.872  3.741  41.727 0.3000000119
76682  52.285  7.595  39.263 0.3000000119
73209  44.796  3.660  41.549 0.3000000119
128398  44.835  4.053  41.051 0.3000000119
77407  51.963  8.870  37.489 0.3000000119
77408  50.956  8.736  37.440 0.3000000119
78071  50.712  9.613  35.539 0.3000000119
108822  50.566  9.596  35.102 0.3000000119
73992  49.574  4.772  44.614 0.3000000119
73994  47.779  4.155  44.808 0.3000000119
73995  46.958  3.809  44.980 0.3000000119
73147  46.107  3.547  45.107 0.3000000119
73148  45.254  3.322  45.250 0.3000000119
73966  54.673  4.319  46.710 0.2000000030
73132  54.042  4.028  47.155 0.2000000030
74008  50.489  4.784  43.420 0.3000000119
73160  45.597  3.083  44.477 0.3000000119
73161  44.739  2.914  44.562 0.3000000119
73150  43.404  3.099  45.414 0.3000000119
74817  55.929  5.316  46.158 0.2000000030
73965  55.257  4.636  46.379 0.2000000030
74860  52.500  6.009  42.820 0.3000000119
74024  50.579  4.722  42.637 0.3000000119
73174  49.265  4.033  43.010 0.3000000119
108805  44.376  2.849  43.822 0.3000000119
112331  42.917  3.272  44.575 0.3000000119
75750  53.360  6.581  43.076 0.3000000119
74861  51.737  5.494  42.497 0.3000000119
74872  50.813  5.181  41.345 0.3000000119
74036  50.162  4.605  41.776 0.3000000119
114445  43.559  3.133  43.822 0.3000000119
73996  42.279  3.957  44.091 0.2000000030
76631  56.422  7.988  44.404 0.3000000119
76643  55.822  8.540  43.699 0.3000000119
106657  55.716  8.511  42.848 0.3000000119
75761  54.098  7.181  42.437 0.3000000119
75762  53.184  6.562  42.207 0.3000000119
74883  52.108  6.095  41.081 0.3000000119
128556  50.298  4.980  41.133 0.3000000119
74026  42.807  4.000  42.809 0.3000000119
112651  41.513  5.189  43.134 0.2000000030
75748  55.137  8.224  43.453 0.3000000119
75795  51.544  7.058  39.800 0.3000000119
75785  49.863  5.857  40.177 0.3000000119
74053  48.683  4.890  40.844 0.3000000119
74040  46.341  4.280  41.056 0.3000000119
119599  42.481  4.474  42.228 0.4000000060
74027  42.024  4.712  42.803 0.3000000119
76683  51.393  7.521  39.050 0.3000000119
75786  49.209  6.255  39.811 0.3000000119
74887  47.616  5.419  40.169 0.3000000119
74041  45.400  4.082  41.081 0.3000000119
74042  44.194  4.138  40.959 0.3000000119
74043  43.244  4.180  41.191 0.4000000060
74874  41.988  5.030  42.008 0.4000000060
76695  51.207  8.013  38.229 0.3000000119
76685  49.638  7.489  38.980 0.3000000119
75798  49.006  6.907  39.364 0.3000000119
74899  48.286  6.119  39.733 0.3000000119
74067  45.992  4.998  39.878 0.3000000119
110542  44.954  4.305  40.602 0.3000000119
74058  43.417  4.425  40.386 0.4000000060
74059  42.599  4.600  40.701 0.4000000060
77409  49.834  8.591  37.508 0.3000000119
109063  45.181  4.639  39.916 0.3000000119
77422  48.944  8.563  37.263 0.4000000060
78087  49.554  9.106  34.289 0.4000000060
78079  49.516  9.443  35.010 0.4000000060
124233  49.394  9.483  35.734 0.4000000060
77451  49.322  8.697  33.877 0.3000000119
78078  50.176  9.448  34.770 0.3000000119
76760  48.305  7.970  32.770 0.5000000000
77459  48.758  8.231  33.386 0.4000000060
76745  47.808  8.087  32.927 0.5000000000
75879  48.000  7.727  32.581 0.5000000000
76753  48.003  7.909  32.598 0.5000000000
74830  46.873  5.198  46.023 0.3000000119
73982  46.500  4.303  45.604 0.3000000119
122551  45.453  4.233  46.156 0.3000000119
73969  44.358  4.173  46.712 0.3000000119
73957  54.951  4.123  47.473 0.2000000030
74839  50.209  5.346  44.806 0.3000000119
73979  49.024  5.139  45.290 0.3000000119
73980  48.194  4.869  45.405 0.3000000119
73983  45.713  3.949  45.740 0.3000000119
73140  44.919  3.718  46.050 0.3000000119
73149  44.347  3.116  45.364 0.3000000119
73142  43.010  3.396  46.179 0.3000000119
74837  51.634  6.025  44.450 0.3000000119
74838  50.992  5.311  44.010 0.3000000119
73991  50.292  4.984  44.185 0.3000000119
73151  42.556  3.361  45.513 0.3000000119
73152  41.833  3.688  45.657 0.3000000119
75737  52.610  6.490  44.586 0.3000000119
74850  51.147  5.069  43.068 0.3000000119
73163  42.106  3.731  44.892 0.2000000030
75729  56.512  6.758  45.393 0.3000000119
121455  41.710  4.270  44.394 0.2000000030
73997  41.024  4.772  44.315 0.2000000030
76624  56.375  7.862  45.360 0.3000000119
77366  56.113  8.448  44.007 0.3000000119
112688  54.253  7.337  43.279 0.3000000119
74012  41.700  4.621  43.649 0.2000000030
77362  56.145  8.355  44.796 0.3000000119
75751  41.240  5.975  43.211 0.2000000030
75763  41.488  6.387  42.475 0.4000000060
74875  41.677  5.834  41.843 0.4000000060
125334  41.455  7.098  42.383 0.4000000060
76696  50.246  7.983  38.262 0.3000000119
75807  48.217  7.009  39.118 0.3000000119
75800  46.946  6.045  39.327 0.3000000119
74889  41.902  5.212  41.103 0.4000000060
75775  41.580  6.782  41.699 0.4000000060
76697  49.455  7.928  38.370 0.3000000119
77410  48.841  8.107  38.124 0.4000000060
75808  47.549  7.057  38.750 0.3000000119
127316  47.078  6.563  38.920 0.3000000119
74902  45.441  5.151  39.267 0.3000000119
74068  44.548  4.754  39.295 0.4000000060
74070  42.759  4.783  39.886 0.4000000060
74890  41.642  5.815  40.292 0.4000000060
75787  41.565  6.749  40.753 0.4000000060
76707  48.153  8.133  37.843 0.4000000060
75809  46.848  6.881  38.338 0.4000000060
75810  46.053  6.347  38.216 0.4000000060
110744  44.823  5.334  38.551 0.4000000060
74903  42.878  5.067  38.952 0.4000000060
74904  42.144  5.384  39.616 0.4000000060
75801  41.564  6.684  39.818 0.4000000060
76672  41.664  7.716  40.347 0.5000000000
77452  48.759  8.608  33.794 0.4000000060
77444  48.780  9.064  34.704 0.4000000060
77433  48.731  9.185  35.645 0.4000000060
77423  48.314  8.422  37.112 0.4000000060
76700  46.976  7.327  37.681 0.4000000060
75822  46.355  6.801  37.622 0.4000000060
74930  45.352  5.947  38.178 0.4000000060
74914  43.323  5.412  38.200 0.4000000060
74916  42.153  5.751  38.871 0.4000000060
77434  48.168  8.476  36.372 0.4000000060
76722  47.436  7.928  36.122 0.4000000060
76754  47.535  7.550  32.661 0.5000000000
114133  55.252  3.380  49.619 0.2000000030
72297  54.588  2.788  49.628 0.1000000015
74821  46.385  5.842  46.451 0.3000000119
74822  45.552  5.526  46.761 0.3000000119
74807  44.734  5.105  47.082 0.3000000119
73956  55.829  4.859  48.045 0.2000000030
73954  55.317  4.055  48.358 0.2000000030
73129  53.900  3.317  48.294 0.1000000015
74818  49.575  6.320  45.961 0.3000000119
74827  50.220  5.842  45.430 0.3000000119
74828  48.464  5.805  45.706 0.3000000119
74829  47.662  5.547  45.811 0.3000000119
73968  45.981  4.771  46.240 0.3000000119
116425  45.179  4.560  46.530 0.3000000119
73970  43.465  3.880  46.783 0.3000000119
73971  42.645  3.796  46.785 0.3000000119
73128  54.386  3.735  47.925 0.2000000030
74826  51.072  6.117  45.270 0.3000000119
125108  49.696  5.386  45.209 0.3000000119
73141  43.919  3.442  46.133 0.3000000119
114924  56.358  6.190  46.954 0.3000000119
117289  55.884  5.238  46.861 0.3000000119
123075  50.789  5.697  44.768 0.3000000119
126914  50.575  5.348  44.456 0.3000000119
73144  41.642  3.785  46.262 0.2000000030
122371  56.394  6.367  46.364 0.3000000119
112317  41.424  4.184  45.045 0.2000000030
73985  39.910  4.813  45.687 0.2000000030
106303  53.488  6.760  43.963 0.3000000119
74840  40.289  5.256  44.756 0.2000000030
74841  39.543  5.695  45.103 0.2000000030
76633  55.328  8.244  44.369 0.3000000119
75749  54.410  7.543  44.149 0.3000000119
75752  40.580  6.702  43.617 0.3000000119
75753  39.937  6.947  44.152 0.3000000119
76644  40.836  7.614  43.208 0.4000000060
75764  41.235  6.944  42.983 0.4000000060
77376  41.025  8.323  42.824 0.6000000238
77383  41.463  8.331  42.260 0.5000000000
117188  41.831  8.266  40.983 0.5000000000
77392  41.923  8.675  40.498 0.6000000238
77388  41.963  8.919  41.161 0.6000000238
77453  48.089  8.573  34.334 0.4000000060
77445  48.066  8.618  35.386 0.5000000000
76708  47.582  7.914  37.241 0.4000000060
76709  46.697  7.273  36.830 0.4000000060
74947  44.602  5.952  37.042 0.4000000060
74932  43.768  5.650  37.425 0.4000000060
74915  42.681  5.612  38.352 0.4000000060
75811  42.216  6.142  38.184 0.4000000060
76687  41.549  7.510  39.297 0.5000000000
77399  41.738  8.384  39.692 0.6000000238
78043  42.223  9.432  40.659 0.6000000238
76736  47.406  8.051  34.990 0.4000000060
75838  45.313  6.350  36.633 0.4000000060
74933  42.821  5.815  37.589 0.4000000060
75824  42.203  6.452  37.505 0.4000000060
116820  41.773  6.724  38.031 0.5000000000
119071  41.575  8.246  38.810 0.6000000238
77460  48.296  8.174  32.997 0.4000000060
76746  47.128  7.668  33.297 0.5000000000
74791  55.584  5.592  50.907 0.2000000030
73121  55.718  4.132  50.339 0.2000000030
73951  55.856  4.908  49.896 0.2000000030
73124  55.609  4.004  49.292 0.2000000030
73122  55.296  3.130  50.371 0.2000000030
75722  49.987  6.294  46.613 0.3000000119
74819  48.674  6.426  46.020 0.3000000119
75725  47.398  6.754  46.700 0.3000000119
110183  47.147  6.161  46.207 0.3000000119
107153  45.094  6.200  47.381 0.3000000119
73958  43.808  4.747  47.314 0.3000000119
74796  56.091  6.021  48.771 0.3000000119
73953  56.107  4.881  49.038 0.2000000030
107231  51.047  6.280  46.547 0.3000000119
107016  51.445  6.298  45.814 0.3000000119
75732  50.563  6.203  45.887 0.3000000119
122241  44.306  5.667  47.478 0.3000000119
123691  43.056  4.255  47.235 0.3000000119
74805  56.217  5.876  47.725 0.3000000119
75731  52.318  6.498  45.791 0.3000000119
73135  41.886  3.857  46.819 0.3000000119
73960  41.539  4.423  47.398 0.3000000119
75686  55.833  7.037  48.340 0.3000000119
125923  52.681  6.614  45.246 0.3000000119
73972  41.081  4.131  46.608 0.2000000030
73962  39.964  4.613  47.242 0.3000000119
76618  56.435  7.122  46.029 0.3000000119
75730  53.246  6.856  45.750 0.3000000119
75736  53.597  7.054  44.902 0.3000000119
73973  40.224  4.425  46.555 0.2000000030
76619  56.186  8.014  46.259 0.3000000119
76634  54.648  7.727  44.918 0.3000000119
75740  39.304  6.663  44.710 0.2000000030
75733  38.843  6.121  45.436 0.2000000030
73974  39.511  4.834  46.610 0.2000000030
76645  40.172  7.584  43.742 0.5000000000
76635  39.528  7.551  44.301 0.3000000119
78024  39.972  9.234  43.493 0.6000000238
124081  41.227  8.913  42.476 0.6000000238
78667  41.066  10.506  42.520 0.6000000238
77382  41.634  9.143  41.872 0.6000000238
78037  42.117  9.687  41.305 0.6000000238
78050  42.052  9.193  39.904 0.6000000238
78036  42.429  10.167  40.789 0.6000000238
74775  55.372  5.684  52.136 0.2000000030
74794  55.679  6.093  49.872 0.2000000030
73949  55.600  4.754  51.348 0.2000000030
75673  55.402  6.961  49.207 0.3000000119
75723  48.966  6.505  46.708 0.3000000119
75724  48.094  6.714  46.654 0.3000000119
75712  46.795  7.178  47.340 0.3000000119
74808  43.631  5.687  47.782 0.3000000119
75720  52.906  6.655  46.439 0.3000000119
75721  51.998  6.361  46.496 0.3000000119
108872  42.997  4.922  47.664 0.3000000119
121704  42.984  5.663  48.159 0.3000000119
74810  41.113  5.021  48.053 0.3000000119
74800  40.574  5.780  48.605 0.3000000119
75718  56.326  7.289  46.786 0.3000000119
75706  56.157  7.169  47.540 0.3000000119
74811  40.187  4.950  47.926 0.2000000030
74801  39.529  5.653  48.382 0.2000000030
76607  55.994  7.926  47.075 0.3000000119
76621  54.955  7.826  46.459 0.3000000119
76627  54.270  7.531  45.674 0.3000000119
74812  39.425  5.011  47.497 0.2000000030
119903  38.893  5.395  47.740 0.2000000030
74802  38.585  5.849  48.333 0.2000000030
76625  56.053  8.326  45.507 0.3000000119
76626  55.444  8.119  45.435 0.3000000119
76636  38.818  7.465  44.748 0.3000000119
75741  38.631  6.815  45.168 0.2000000030
74832  38.568  5.829  46.134 0.2000000030
75726  38.129  5.993  46.741 0.2000000030
74803  37.795  6.050  48.188 0.2000000030
77368  39.092  8.277  44.433 0.4000000060
77363  38.368  8.201  44.877 0.3000000119
76632  55.928  8.479  44.627 0.3000000119
78660  40.505  10.817  43.046 0.5000000000
79356  40.960  11.356  42.600 0.6000000238
78666  41.447  11.131  42.084 0.6000000238
78030  41.699  10.203  41.877 0.6000000238
78673  41.963  11.046  41.503 0.6000000238
125172  42.204  10.376  41.310 0.6000000238
73913  54.600  5.740  53.664 0.2000000030
74754  55.332  5.654  53.155 0.2000000030
73925  55.072  5.730  53.792 0.2000000030
128658  55.115  6.544  50.847 0.2000000030
107471  50.567  6.279  47.356 0.3000000119
75709  49.453  6.364  47.992 0.3000000119
75710  48.343  6.953  47.396 0.3000000119
75711  47.586  7.239  47.259 0.3000000119
75713  45.938  7.188  47.763 0.3000000119
109201  45.202  7.078  47.943 0.3000000119
75714  44.362  6.560  48.043 0.3000000119
75708  51.786  6.324  47.673 0.3000000119
74797  43.458  6.508  48.379 0.3000000119
74799  41.606  6.002  48.693 0.3000000119
74798  42.575  6.385  48.557 0.3000000119
126073  52.601  6.547  47.085 0.3000000119
75707  52.956  6.594  47.815 0.3000000119
74809  42.168  5.179  48.020 0.3000000119
75698  41.057  6.909  49.216 0.3000000119
75699  40.005  6.743  49.151 0.2000000030
75682  39.490  7.853  49.606 0.2000000030
76608  55.415  7.839  47.220 0.3000000119
75719  53.835  7.327  46.479 0.3000000119
75700  39.011  6.555  49.074 0.2000000030
75683  38.508  7.444  49.573 0.2000000030
75684  37.549  7.014  49.383 0.2000000030
76592  37.080  7.262  49.733 0.2000000030
76620  55.836  8.105  46.377 0.3000000119
77364  37.770  8.086  45.462 0.3000000119
111605  38.177  6.547  45.882 0.2000000030
76613  36.900  6.734  47.316 0.2000000030
75715  37.064  6.457  48.053 0.2000000030
75703  36.693  6.877  48.834 0.2000000030
76593  36.237  7.292  49.478 0.2000000030
79350  40.513  11.682  43.110 0.6000000238
78652  39.402  10.677  44.093 0.5000000000
78015  38.652  9.136  44.558 0.4000000060
115772  37.923  8.865  45.130 0.3000000119
77360  37.177  8.084  46.029 0.3000000119
76614  36.427  7.449  47.299 0.2000000030
75716  36.418  6.984  47.991 0.2000000030
76603  35.996  7.377  48.699 0.2000000030
76576  35.818  7.345  50.161 0.2000000030
76623  36.518  8.263  46.670 0.3000000119
127533  36.118  8.114  47.380 0.2000000030
112073  36.019  7.694  47.978 0.2000000030
76604  35.450  8.108  48.670 0.2000000030
117517  55.060  6.345  53.002 0.2000000030
73101  54.226  4.773  53.815 0.2000000030
74776  55.004  6.486  51.872 0.2000000030
75644  54.399  6.951  51.354 0.2000000030
75674  54.704  7.227  49.384 0.3000000119
74792  54.896  6.991  50.204 0.2000000030
75690  51.509  6.417  49.235 0.3000000119
116154  50.168  6.474  49.198 0.3000000119
75692  49.241  6.701  49.187 0.3000000119
76598  47.957  7.642  48.978 0.3000000119
109602  52.399  6.662  49.938 0.3000000119
75693  48.473  7.170  48.377 0.3000000119
76599  47.293  7.722  48.612 0.3000000119
76600  46.509  7.765  48.616 0.3000000119
76612  46.312  7.589  48.078 0.3000000119
75694  45.515  7.688  48.416 0.3000000119
75695  44.712  7.532  48.545 0.3000000119
75696  43.998  7.193  48.689 0.3000000119
76601  44.047  7.780  49.028 0.3000000119
75687  55.200  7.520  48.604 0.3000000119
122746  54.637  7.406  48.717 0.3000000119
75689  52.885  6.555  48.921 0.3000000119
76602  43.079  7.646  48.812 0.3000000119
76595  55.610  7.703  47.846 0.3000000119
76596  54.949  7.670  48.028 0.3000000119
75688  53.941  7.242  48.216 0.3000000119
75680  41.483  8.013  49.570 0.3000000119
116041  41.732  8.321  49.782 0.3000000119
76609  54.468  7.579  47.297 0.3000000119
125373  53.449  6.994  47.210 0.3000000119
75681  40.495  7.948  49.599 0.2000000030
76589  40.082  8.446  50.003 0.2000000030
76590  39.106  8.172  50.001 0.2000000030
76574  39.166  8.020  50.404 0.2000000030
127314  37.784  7.259  50.562 0.2000000030
76591  38.074  7.653  49.925 0.2000000030
75669  37.120  7.212  50.418 0.2000000030
114643  36.338  6.903  50.675 0.2000000030
75670  35.384  6.968  50.844 0.2000000030
80686  40.443  13.600  44.251 0.6999999881
79343  39.465  11.567  44.166 0.5000000000
78008  38.071  9.735  45.060 0.4000000060
78009  37.489  9.369  45.560 0.4000000060
122473  35.525  7.652  49.480 0.2000000030
76594  34.840  8.212  49.538 0.2000000030
128866  34.385  7.529  50.724 0.2000000030
75671  34.522  7.100  51.074 0.3000000119
80675  40.025  13.973  44.908 0.6999999881
80021  39.572  12.413  44.340 0.6000000238
79334  38.348  11.519  45.259 0.5000000000
79335  37.745  11.119  45.676 0.4000000060
78005  37.047  9.808  46.073 0.3000000119
78001  36.080  9.840  47.114 0.3000000119
77355  35.328  8.978  48.371 0.3000000119
77356  34.929  8.688  48.909 0.4000000060
80013  38.476  12.356  45.443 0.6000000238
80014  37.840  11.951  45.759 0.5000000000
78639  37.200  10.708  46.174 0.4000000060
78640  36.593  10.283  46.600 0.3000000119
78635  36.163  10.758  47.149 0.3000000119
73926  53.671  5.534  53.196 0.2000000030
73102  53.186  4.357  53.139 0.2000000030
75629  54.379  6.767  52.426 0.2000000030
74755  54.537  6.346  53.182 0.2000000030
71445  44.771  1.364  51.976 0.1000000015
117604  46.003  3.453  51.494 0.1000000015
72288  45.860  2.621  51.528 0.1000000015
72289  44.397  2.712  51.569 0.1000000015
71462  43.929  1.805  51.698 0.1000000015
71463  43.022  1.954  51.767 0.1000000015
114257  41.950  1.280  52.257 0.1000000015
70636  40.391  0.911  52.739 0.1000000015
70620  39.604  0.867  53.161 0.1000000015
70606  38.085  0.486  53.983 0.1000000015
70608  36.743  0.396  54.873 0.2000000030
73116  46.851  3.686  51.449 0.1000000015
112090  45.354  4.206  51.718 0.1000000015
73117  44.569  3.865  51.763 0.1000000015
72290  43.460  2.674  51.655 0.1000000015
72291  42.745  2.662  51.798 0.1000000015
71448  41.346  1.924  52.375 0.1000000015
71449  40.580  1.749  52.618 0.1000000015
71450  39.826  1.702  52.942 0.1000000015
71433  38.328  1.614  54.148 0.1000000015
71425  37.167  1.294  54.840 0.1000000015
71412  36.476  1.318  55.175 0.2000000030
121374  54.058  7.053  50.494 0.2000000030
75678  50.893  6.882  50.258 0.3000000119
128191  49.287  7.459  49.678 0.3000000119
73945  46.166  4.556  51.625 0.1000000015
73947  44.018  4.623  52.464 0.1000000015
73104  43.250  4.355  52.554 0.1000000015
73105  42.470  4.086  52.695 0.1000000015
73107  40.956  3.437  52.994 0.1000000015
72266  40.230  3.099  53.313 0.1000000015
72268  38.811  2.645  54.267 0.1000000015
119011  38.200  2.499  54.698 0.1000000015
72258  37.739  2.765  55.010 0.1000000015
71413  35.352  1.863  55.588 0.2000000030
75676  53.241  6.831  50.231 0.3000000119
75665  50.595  7.717  50.964 0.3000000119
75679  49.893  7.372  50.085 0.3000000119
76580  49.201  8.080  50.268 0.3000000119
76597  48.709  7.506  49.425 0.3000000119
76582  47.511  7.921  49.589 0.3000000119
121161  46.932  7.832  49.142 0.3000000119
127028  46.441  7.918  49.291 0.3000000119
113020  44.852  8.035  48.914 0.3000000119
73930  44.159  5.455  52.830 0.1000000015
73931  43.521  5.137  53.047 0.1000000015
126387  42.217  4.826  53.591 0.1000000015
73933  41.657  4.829  53.610 0.1000000015
73094  40.490  3.947  53.750 0.1000000015
73096  39.241  3.862  54.258 0.1000000015
73080  38.386  3.543  54.508 0.1000000015
72259  37.154  2.949  55.085 0.1000000015
73066  35.354  2.852  55.060 0.1000000015
76585  44.230  7.911  49.328 0.3000000119
76586  43.236  8.102  49.187 0.3000000119
74762  43.113  5.259  53.216 0.1000000015
74763  41.445  5.459  53.095 0.1000000015
74749  39.948  4.931  53.295 0.1000000015
73917  38.764  4.193  53.999 0.1000000015
73097  36.250  3.519  54.109 0.1000000015
73083  35.828  3.152  54.593 0.1000000015
73068  33.633  3.344  55.358 0.1000000015
76587  42.366  8.101  49.341 0.3000000119
76554  41.978  8.155  50.149 0.2000000030
76555  41.251  7.769  50.607 0.2000000030
75638  40.980  6.274  52.177 0.1000000015
74764  40.369  5.687  52.602 0.1000000015
74766  38.564  5.290  52.269 0.1000000015
73935  37.207  4.371  52.951 0.1000000015
73936  36.308  4.307  52.853 0.1000000015
127753  34.310  4.240  53.752 0.1000000015
73907  33.855  4.141  54.226 0.1000000015
73086  33.184  3.910  54.756 0.2000000030
76572  40.583  8.412  50.078 0.2000000030
76557  39.925  7.720  50.790 0.2000000030
76558  39.417  7.056  51.068 0.2000000030
74784  37.952  6.159  51.314 0.2000000030
74768  36.675  4.922  52.231 0.2000000030
74769  35.754  4.872  52.420 0.1000000015
73938  34.474  4.637  53.197 0.1000000015
73922  33.715  4.632  53.531 0.2000000030
106488  33.066  4.490  54.046 0.2000000030
74785  37.007  5.720  51.549 0.2000000030
74787  35.311  5.682  51.909 0.2000000030
74771  33.781  5.254  52.659 0.1000000015
74772  32.139  5.627  52.796 0.2000000030
114360  34.084  6.469  51.530 0.1000000015
120340  33.314  6.647  51.544 0.2000000030
75640  32.088  6.305  52.339 0.2000000030
74773  31.431  5.991  52.925 0.2000000030
77349  34.162  8.460  49.895 0.2000000030
76577  34.106  7.924  50.429 0.3000000119
124441  33.932  7.494  50.959 0.3000000119
76559  33.237  7.336  51.228 0.3000000119
78636  35.658  10.316  47.654 0.3000000119
78633  34.732  10.300  48.687 0.4000000060
77352  34.400  8.934  49.324 0.3000000119
77350  33.545  8.562  50.334 0.4000000060
77351  32.760  8.657  50.766 0.4000000060
80676  39.369  13.573  45.383 0.6000000238
80677  38.660  13.165  45.749 0.5000000000
80678  38.002  12.711  46.051 0.4000000060
79328  37.313  11.585  46.225 0.3000000119
79324  36.274  11.662  47.229 0.3000000119
79325  35.711  11.217  47.697 0.3000000119
72204  41.891  2.048  60.913 0.1000000015
70529  40.419  1.059  61.189 0.1000000015
112412  39.868  1.334  61.622 0.1000000015
71373  41.677  1.236  60.381 0.1000000015
70546  40.967  0.838  60.548 0.1000000015
114774  40.307  0.521  60.630 0.1000000015
71357  39.099  1.302  61.763 0.1000000015
71358  38.179  1.351  61.835 0.1000000015
69762  40.421  -0.764  58.809 0.1000000015
69748  40.114  -0.381  59.496 0.1000000015
127779  39.218  -0.045  60.553 0.1000000015
70532  37.695  0.652  61.486 0.1000000015
71359  37.219  1.445  61.893 0.1000000015
71360  36.295  1.322  61.748 0.1000000015
67994  41.624  -2.313  57.891 0.1000000015
68907  40.732  -1.331  58.381 0.1000000015
69763  39.624  -0.913  58.988 0.1000000015
69764  38.782  -1.109  59.082 0.1000000015
69750  38.279  -0.829  59.775 0.1000000015
70549  36.359  -0.100  61.070 0.1000000015
70534  35.875  0.567  61.411 0.1000000015
68918  40.361  -1.947  57.888 0.1000000015
114374  39.195  -1.503  58.452 0.1000000015
69752  36.754  -0.773  60.454 0.1000000015
70550  35.507  -0.166  60.981 0.1000000015
70604  51.717  0.840  54.570 0.2000000030
68019  42.279  -3.085  56.442 0.1000000015
68005  40.079  -2.415  57.147 0.1000000015
68919  39.515  -2.055  57.787 0.2000000030
68910  37.662  -1.822  58.353 0.2000000030
123671  37.135  -1.646  59.022 0.2000000030
68899  36.550  -1.393  59.656 0.1000000015
69738  35.290  -0.859  60.477 0.1000000015
71440  49.381  1.418  52.281 0.2000000030
70627  48.932  0.844  52.814 0.2000000030
68055  41.623  -2.526  54.958 0.1000000015
68038  40.886  -2.697  55.449 0.1000000015
68021  39.692  -2.604  56.357 0.2000000030
68007  38.024  -2.299  56.926 0.2000000030
107581  36.859  -1.841  58.158 0.2000000030
68911  36.291  -1.655  58.804 0.1000000015
68892  35.246  -1.300  59.944 0.1000000015
72272  52.661  3.291  53.233 0.2000000030
71457  48.971  1.882  51.666 0.2000000030
71441  48.472  1.342  52.193 0.2000000030
70628  48.003  0.840  52.758 0.2000000030
70629  47.103  0.786  52.644 0.2000000030
68054  42.639  -2.416  54.817 0.1000000015
68965  41.230  -1.815  54.323 0.1000000015
122552  39.304  -2.382  55.243 0.2000000030
68040  38.644  -2.410  55.540 0.2000000030
68922  36.661  -1.847  57.288 0.2000000030
108458  36.060  -1.707  57.936 0.2000000030
68901  34.910  -1.379  59.279 0.2000000030
72284  49.393  2.623  51.561 0.2000000030
72285  48.550  2.577  51.438 0.2000000030
71458  48.051  1.894  51.603 0.2000000030
71443  46.644  1.365  52.099 0.2000000030
114520  45.355  0.770  52.530 0.1000000015
70631  44.526  0.608  52.576 0.1000000015
70632  43.581  0.590  52.461 0.1000000015
69822  42.537  -0.642  53.250 0.1000000015
69823  41.582  -0.679  53.323 0.1000000015
68978  40.933  -1.177  53.801 0.1000000015
68967  39.545  -1.464  54.214 0.2000000030
125090  38.124  -1.464  54.586 0.2000000030
68933  35.863  -1.236  56.295 0.2000000030
69771  35.235  -1.098  56.863 0.2000000030
73114  48.963  3.395  51.390 0.2000000030
117170  48.257  3.327  51.351 0.2000000030
72286  47.595  2.778  51.390 0.2000000030
71460  46.199  1.967  51.646 0.1000000015
70633  42.635  0.691  52.384 0.1000000015
69833  41.114  0.156  52.778 0.1000000015
69809  38.666  -0.206  53.734 0.2000000030
109648  37.870  -0.563  54.268 0.2000000030
68947  36.414  -1.351  55.816 0.2000000030
69780  35.317  -0.600  56.118 0.2000000030
114057  48.472  4.152  51.392 0.2000000030
73115  47.687  3.911  51.391 0.2000000030
108948  35.731  1.135  55.476 0.2000000030
70584  33.666  0.527  56.601 0.2000000030
128285  53.821  7.032  51.359 0.2000000030
75662  53.211  7.043  51.420 0.2000000030
75663  52.197  7.383  51.816 0.2000000030
76563  51.390  7.636  51.895 0.2000000030
76564  50.683  7.849  51.819 0.2000000030
122124  49.822  8.220  51.190 0.2000000030
125883  49.459  8.493  51.653 0.2000000030
73944  47.074  4.913  51.599 0.2000000030
108916  45.416  5.503  52.356 0.1000000015
73946  44.694  4.960  52.387 0.1000000015
71415  34.115  2.053  56.102 0.2000000030
71404  33.486  1.400  56.434 0.2000000030
75677  52.417  6.872  50.977 0.3000000119
75664  51.463  7.392  51.279 0.3000000119
122452  49.098  8.610  51.111 0.3000000119
76565  48.455  8.591  51.272 0.3000000119
126346  46.853  8.172  50.814 0.3000000119
76583  46.944  8.012  49.914 0.3000000119
116719  46.290  8.031  50.073 0.3000000119
76584  45.696  8.006  49.111 0.3000000119
74760  44.454  5.827  52.853 0.1000000015
72245  33.938  2.738  55.789 0.2000000030
72235  33.323  2.218  56.230 0.2000000030
117094  44.984  8.105  49.462 0.3000000119
76570  43.567  7.899  49.808 0.3000000119
75634  44.242  6.452  52.338 0.1000000015
75635  43.599  5.868  52.805 0.1000000015
74761  43.805  5.491  52.944 0.1000000015
73070  31.809  3.710  55.567 0.2000000030
72246  33.086  2.929  55.902 0.2000000030
76569  44.706  7.707  50.428 0.3000000119
75653  42.312  7.086  51.010 0.2000000030
75636  42.671  6.306  52.246 0.1000000015
128001  42.932  5.721  52.839 0.1000000015
113804  31.812  4.674  54.678 0.2000000030
73923  32.227  4.862  54.015 0.2000000030
73909  31.360  5.223  54.150 0.2000000030
73910  30.973  4.991  54.836 0.2000000030
74752  30.928  5.790  53.563 0.2000000030
74746  30.494  5.578  54.281 0.2000000030
75661  32.456  7.006  51.643 0.3000000119
75642  31.337  6.629  52.653 0.2000000030
76560  32.571  7.858  51.181 0.3000000119
76547  31.283  7.919  52.412 0.3000000119
77344  30.779  7.918  52.934 0.3000000119
79320  35.323  11.565  48.296 0.3000000119
78629  34.141  10.765  49.138 0.4000000060
77995  33.138  9.878  50.238 0.3000000119
77346  32.075  8.545  51.332 0.3000000119
77347  31.541  8.618  52.031 0.3000000119
81395  40.424  14.433  45.277 0.6999999881
81396  39.791  14.285  45.672 0.6000000238
81379  38.402  14.167  46.897 0.5000000000
80668  37.379  13.002  46.653 0.4000000060
80663  36.320  13.055  47.737 0.4000000060
80002  35.816  12.178  47.847 0.3000000119
115217  34.919  11.812  48.748 0.4000000060
79317  34.278  11.738  49.208 0.4000000060
81377  40.582  14.807  46.047 0.6999999881
123960  41.005  3.324  61.958 0.1000000015
120079  40.310  3.496  62.272 0.1000000015
72187  42.075  3.053  61.303 0.1000000015
72188  41.224  2.531  61.543 0.1000000015
72175  39.823  2.934  62.284 0.1000000015
71386  42.814  1.328  59.456 0.1000000015
71356  40.476  1.858  61.634 0.1000000015
71344  38.689  2.039  62.192 0.1000000015
68012  51.605  -2.356  57.000 0.1000000015
69758  43.671  0.083  58.702 0.1000000015
70572  42.885  -0.028  58.631 0.1000000015
70573  42.136  0.082  58.779 0.1000000015
70560  41.382  0.239  59.163 0.1000000015
125527  37.202  2.060  62.197 0.1000000015
68929  50.857  -1.804  56.390 0.1000000015
68938  51.194  -1.107  55.995 0.1000000015
69760  42.196  -0.888  58.622 0.1000000015
69761  41.284  -0.559  58.707 0.1000000015
69747  40.767  -0.198  59.126 0.1000000015
71346  36.565  2.093  62.129 0.1000000015
68905  42.034  -1.842  58.474 0.1000000015
68906  41.424  -1.490  58.420 0.1000000015
71361  35.443  1.308  61.623 0.1000000015
70626  49.812  1.062  53.035 0.2000000030
67184  42.922  -3.352  56.999 0.1000000015
68003  42.277  -2.911  57.416 0.1000000015
70535  34.876  0.499  61.258 0.1000000015
69800  51.573  0.225  55.019 0.2000000030
112297  49.378  0.504  53.526 0.2000000030
69815  48.926  -0.064  53.956 0.2000000030
69816  48.028  -0.186  53.762 0.2000000030
118962  48.463  -0.587  54.419 0.2000000030
68034  44.594  -2.848  55.382 0.1000000015
68035  43.756  -2.859  55.341 0.1000000015
67196  43.124  -3.154  56.036 0.1000000015
124214  34.153  0.126  60.874 0.1000000015
70552  33.439  0.220  60.678 0.1000000015
71430  51.343  1.617  53.543 0.2000000030
70615  48.464  0.388  53.355 0.2000000030
69805  46.712  -0.771  54.149 0.2000000030
68960  46.284  -1.372  54.587 0.2000000030
68961  45.333  -1.516  54.423 0.2000000030
68053  43.470  -2.383  54.794 0.1000000015
108915  43.065  -2.744  55.311 0.1000000015
109226  33.853  -0.433  60.390 0.1000000015
71456  49.775  2.027  51.845 0.2000000030
70616  47.560  0.321  53.228 0.2000000030
69818  46.250  -0.332  53.578 0.2000000030
69806  45.857  -0.864  54.030 0.2000000030
125500  45.131  -0.918  53.935 0.1000000015
68962  43.949  -1.813  54.441 0.1000000015
68963  43.144  -1.852  54.294 0.1000000015
120573  41.617  -1.346  53.833 0.1000000015
119958  33.672  -0.760  59.803 0.2000000030
69740  32.977  -0.346  60.035 0.1000000015
71429  52.112  2.242  53.513 0.2000000030
73113  49.784  3.522  51.545 0.2000000030
70618  45.709  0.162  53.033 0.2000000030
70619  44.874  0.060  53.159 0.1000000015
69820  44.458  -0.595  53.616 0.1000000015
68976  42.875  -1.277  53.720 0.1000000015
69765  34.035  -0.995  58.178 0.2000000030
69755  32.607  -0.318  59.333 0.1000000015
121927  53.526  6.815  52.536 0.2000000030
113973  49.314  4.373  51.431 0.2000000030
69774  33.169  -0.298  57.906 0.2000000030
69767  32.810  -0.385  58.568 0.2000000030
75645  53.696  7.140  51.983 0.2000000030
73942  50.175  4.526  51.630 0.2000000030
115141  49.751  5.476  51.623 0.2000000030
111491  48.709  5.362  51.586 0.2000000030
70578  33.313  0.029  57.224 0.2000000030
75646  52.760  7.255  52.147 0.2000000030
75647  51.856  7.460  52.201 0.2000000030
76545  51.195  7.606  52.161 0.2000000030
76546  50.522  7.687  52.252 0.2000000030
76549  49.834  8.209  52.126 0.2000000030
74778  48.487  6.491  52.303 0.2000000030
125959  46.976  5.863  52.108 0.2000000030
74780  46.369  5.734  52.194 0.1000000015
71399  32.129  0.919  57.152 0.2000000030
109273  49.006  8.451  51.996 0.2000000030
114484  47.602  8.423  50.832 0.3000000119
76567  47.117  7.990  51.836 0.3000000119
109277  47.907  7.043  52.842 0.2000000030
125876  46.567  6.895  52.686 0.2000000030
125532  45.961  6.432  52.584 0.2000000030
74781  45.163  6.111  52.745 0.1000000015
73929  44.698  5.734  52.751 0.1000000015
71406  31.793  1.645  56.751 0.2000000030
115619  46.303  7.953  51.300 0.3000000119
76552  45.644  7.496  51.648 0.3000000119
75651  45.764  6.714  52.571 0.2000000030
73071  30.862  3.843  55.674 0.2000000030
73058  32.141  3.000  55.905 0.2000000030
75666  43.964  7.203  51.031 0.3000000119
73896  30.484  4.570  55.344 0.2000000030
75624  29.712  5.996  54.518 0.3000000119
74738  30.049  5.251  54.926 0.2000000030
75626  30.761  6.569  53.210 0.2000000030
75623  30.248  6.269  53.885 0.2000000030
76543  30.541  7.408  53.330 0.3000000119
76539  30.144  7.630  53.965 0.3000000119
77340  30.954  8.708  52.865 0.3000000119
77341  30.515  8.207  53.522 0.3000000119
79996  33.661  12.135  49.894 0.4000000060
79318  33.579  11.239  49.686 0.4000000060
79316  32.577  11.176  50.836 0.3000000119
77992  31.999  9.889  51.114 0.3000000119
77990  31.415  9.438  52.387 0.3000000119
81378  39.648  14.680  46.479 0.6000000238
123280  38.022  14.306  47.480 0.5000000000
81371  37.309  14.197  47.804 0.4000000060
80658  36.104  13.680  48.408 0.3000000119
80659  35.448  13.562  49.029 0.2000000030
79995  34.333  12.611  49.608 0.4000000060
79992  33.310  12.454  50.681 0.3000000119
79315  33.128  11.638  50.376 0.4000000060
73005  39.539  3.566  62.474 0.1000000015
72176  39.112  2.808  62.392 0.1000000015
72177  38.209  2.759  62.436 0.1000000015
68000  52.643  -3.162  57.460 0.1000000015
69745  44.609  -0.812  59.543 0.1000000015
119893  44.350  -0.132  58.967 0.1000000015
69746  43.845  -0.847  59.169 0.1000000015
68895  44.902  -1.704  60.010 0.2000000030
68896  44.182  -1.705  59.513 0.2000000030
68904  42.709  -1.769  58.734 0.1000000015
72190  35.866  1.871  61.877 0.1000000015
69801  50.725  -0.182  54.824 0.1000000015
67988  44.547  -2.572  59.592 0.2000000030
67991  44.100  -3.091  59.094 0.2000000030
67993  42.458  -2.511  58.247 0.1000000015
72191  35.151  2.169  61.840 0.1000000015
67183  43.611  -3.499  57.404 0.1000000015
68002  42.990  -3.198  57.906 0.1000000015
71362  34.584  1.409  61.512 0.1000000015
113199  50.265  0.759  53.729 0.2000000030
69802  49.908  0.097  54.254 0.2000000030
69803  48.896  -1.005  55.058 0.2000000030
68033  45.427  -2.657  55.504 0.2000000030
68018  45.787  -2.966  56.082 0.2000000030
71374  33.186  1.005  60.951 0.1000000015
68942  47.666  -1.757  55.370 0.2000000030
68943  46.741  -1.841  55.256 0.2000000030
68032  46.259  -2.460  55.689 0.2000000030
72205  32.111  1.972  61.027 0.1000000015
71438  51.089  2.045  52.955 0.2000000030
70553  31.989  0.782  60.249 0.1000000015
73927  52.597  5.050  52.631 0.2000000030
72273  51.609  2.919  52.573 0.2000000030
70574  32.165  0.068  58.722 0.2000000030
70575  31.528  0.572  58.961 0.2000000030
70564  31.500  0.861  59.738 0.2000000030
74756  53.932  6.306  53.142 0.2000000030
70580  31.742  0.599  58.040 0.2000000030
71397  30.366  1.448  58.709 0.2000000030
75630  52.358  7.171  52.387 0.2000000030
75631  51.359  7.412  52.338 0.2000000030
75632  50.471  7.500  52.417 0.2000000030
71401  30.505  1.492  57.849 0.2000000030
72233  29.458  2.581  57.752 0.2000000030
75633  49.704  7.446  52.512 0.2000000030
76550  49.352  7.884  52.434 0.2000000030
75650  47.405  7.293  52.697 0.2000000030
76551  46.504  7.359  52.402 0.2000000030
72231  30.937  1.852  57.029 0.2000000030
106508  48.435  7.646  52.547 0.2000000030
76566  48.043  8.210  52.061 0.2000000030
73889  29.941  4.040  55.899 0.2000000030
73061  29.507  3.539  56.608 0.2000000030
73890  29.018  4.369  56.361 0.2000000030
125285  28.407  4.336  57.057 0.2000000030
75614  29.082  6.522  54.985 0.3000000119
73897  29.558  4.827  55.548 0.2000000030
76531  29.144  7.461  55.064 0.3000000119
77335  29.701  7.949  54.637 0.3000000119
76540  29.695  6.930  54.339 0.3000000119
77988  30.640  9.036  53.817 0.3000000119
112586  30.235  8.475  54.311 0.3000000119
78620  31.809  10.949  52.197 0.3000000119
78621  31.551  10.268  52.805 0.3000000119
77987  31.152  9.619  53.325 0.3000000119
82116  40.038  15.424  47.762 0.6999999881
81369  39.446  15.052  47.231 0.6000000238
81366  38.043  14.667  48.100 0.5000000000
81367  37.402  14.674  48.651 0.4000000060
109581  35.955  14.300  48.991 0.3000000119
124588  34.982  13.671  49.625 0.4000000060
80656  34.475  13.365  49.956 0.3000000119
80654  33.532  13.141  50.997 0.4000000060
79989  32.746  12.176  52.014 0.3000000119
73006  38.682  3.518  62.595 0.1000000015
68001  51.217  -2.939  57.421 0.1000000015
69788  50.542  -0.733  55.357 0.2000000030
107379  48.118  -3.895  59.124 0.1000000015
67157  47.496  -3.729  59.856 0.1000000015
67158  46.643  -3.611  59.708 0.1000000015
67987  45.368  -2.759  60.084 0.1000000015
70605  50.863  0.461  54.353 0.2000000030
67167  45.427  -3.717  58.802 0.1000000015
67160  44.934  -3.305  59.334 0.2000000030
72192  34.310  2.141  61.645 0.1000000015
71431  50.617  1.382  53.306 0.2000000030
116611  50.041  -0.467  54.807 0.2000000030
112308  45.937  -3.703  58.194 0.2000000030
67168  44.582  -3.548  58.615 0.2000000030
123273  49.313  -0.486  54.605 0.2000000030
68030  48.215  -2.243  55.949 0.2000000030
117852  47.968  -2.726  56.484 0.2000000030
67192  46.600  -3.370  57.032 0.2000000030
67193  45.750  -3.460  56.790 0.2000000030
68940  49.405  -1.534  55.569 0.1000000015
68941  48.552  -1.650  55.457 0.2000000030
68031  47.247  -2.452  55.921 0.2000000030
68017  46.497  -2.964  56.331 0.2000000030
71375  32.388  1.227  60.726 0.1000000015
71376  31.567  1.432  60.374 0.1000000015
73103  52.189  3.935  52.580 0.2000000030
72207  30.395  2.283  60.007 0.1000000015
74757  52.875  6.384  52.726 0.2000000030
73928  51.768  4.565  52.317 0.2000000030
73111  51.336  3.750  52.186 0.2000000030
72282  50.944  3.052  52.004 0.2000000030
74777  50.666  5.654  51.982 0.2000000030
72217  29.843  2.047  59.195 0.1000000015
71389  30.536  1.601  59.502 0.1000000015
74758  51.743  5.750  52.384 0.2000000030
108559  49.289  6.460  52.214 0.2000000030
73050  28.779  3.157  58.992 0.2000000030
106510  51.990  6.804  52.501 0.2000000030
74759  51.099  6.842  52.439 0.2000000030
75648  50.186  6.658  52.273 0.2000000030
73051  28.388  3.806  58.623 0.2000000030
75649  48.842  7.248  52.603 0.2000000030
73062  28.820  3.714  57.167 0.2000000030
73055  28.757  3.170  58.046 0.2000000030
73883  27.590  5.182  58.287 0.2000000030
74734  28.015  5.745  56.262 0.2000000030
74735  27.509  6.244  56.933 0.2000000030
76527  28.084  7.557  56.194 0.2000000030
75611  27.920  6.642  56.121 0.2000000030
77322  28.814  8.894  55.968 0.3000000119
77329  28.681  7.974  55.706 0.3000000119
77328  29.323  8.394  55.337 0.3000000119
77982  30.463  9.271  54.774 0.3000000119
77327  29.952  8.823  55.063 0.3000000119
110879  39.992  15.494  48.748 0.5000000000
82093  38.612  15.348  49.650 0.4000000060
82094  37.591  15.001  49.602 0.4000000060
81359  36.424  14.682  50.640 0.4000000060
78617  31.897  11.057  53.295 0.3000000119
78618  31.553  10.346  53.915 0.3000000119
77981  30.989  9.770  54.382 0.3000000119
82117  39.292  15.217  48.067 0.6000000238
82102  38.210  15.075  48.861 0.4000000060
81363  36.072  14.564  49.750 0.4000000060
81360  35.507  14.404  50.391 0.4000000060
117046  34.452  13.904  51.630 0.4000000060
79985  33.257  12.798  52.379 0.4000000060
79311  32.337  11.639  52.611 0.3000000119
67176  50.839  -3.459  57.782 0.1000000015
67188  50.073  -3.247  57.106 0.1000000015
115266  49.973  -3.472  57.829 0.1000000015
68013  50.484  -2.559  56.729 0.1000000015
68014  49.579  -2.661  56.546 0.1000000015
67177  49.203  -3.354  57.667 0.1000000015
110442  47.254  -3.801  59.058 0.1000000015
68930  49.938  -2.043  56.132 0.1000000015
67164  48.688  -3.706  58.387 0.1000000015
123438  47.139  -3.644  58.390 0.1000000015
67166  46.366  -3.787  58.847 0.1000000015
68939  50.270  -1.385  55.728 0.1000000015
67189  49.261  -3.098  56.916 0.1000000015
67178  48.336  -3.348  57.749 0.1000000015
67191  47.235  -3.287  57.270 0.1000000015
69789  49.715  -0.901  55.213 0.2000000030
68029  49.083  -2.186  55.983 0.1000000015
68015  48.730  -2.683  56.543 0.1000000015
125233  48.341  -2.928  56.791 0.1000000015
68016  47.264  -2.987  56.666 0.2000000030
112525  27.286  6.395  58.575 0.1000000015
74725  27.579  5.734  58.890 0.1000000015
75606  26.952  7.085  58.119 0.1000000015
115422  27.217  6.317  57.797 0.2000000030
77317  27.228  8.597  57.406 0.2000000030
76528  27.482  7.175  56.760 0.2000000030
77965  27.975  9.810  57.055 0.2000000030
77324  27.664  8.069  56.810 0.2000000030
116983  28.373  8.937  56.404 0.3000000119
78597  30.479  10.507  56.391 0.2000000030
77970  30.030  9.834  56.091 0.2000000030
78604  30.941  9.882  56.070 0.3000000119
77975  30.328  9.510  55.554 0.3000000119
82092  39.565  15.449  49.619 0.4000000060
82085  38.201  15.177  50.430 0.4000000060
82086  37.327  14.920  50.489 0.4000000060
81355  35.731  14.482  51.326 0.4000000060
78610  32.281  10.813  54.545 0.3000000119
78603  31.836  10.028  56.110 0.3000000119
81345  35.103  14.242  51.973 0.4000000060
80648  34.479  13.774  52.478 0.4000000060
79983  33.435  12.679  53.139 0.4000000060
79303  33.141  11.405  54.620 0.4000000060
83236  29.253  17.619  57.779 0.2000000030
81299  27.778  14.066  57.855 0.2000000030
79948  27.625  12.132  57.907 0.2000000030
78589  27.432  10.188  57.712 0.2000000030
77318  26.861  8.335  57.874 0.2000000030
83257  30.534  17.980  57.067 0.2000000030
82669  29.255  16.111  57.192 0.2000000030
80598  28.302  13.521  57.334 0.2000000030
78588  28.064  10.660  57.194 0.2000000030
77966  27.366  9.391  57.489 0.2000000030
82680  29.984  16.412  56.727 0.2000000030
112200  29.969  14.357  56.552 0.3000000119
80608  28.925  12.922  56.871 0.2000000030
79290  28.762  11.021  56.791 0.2000000030
80607  29.769  13.246  56.636 0.2000000030
79288  30.417  11.507  56.592 0.2000000030
79289  29.599  11.273  56.584 0.2000000030
119174  31.093  10.929  56.607 0.2000000030
82077  38.781  15.000  51.139 0.3000000119
81353  37.509  14.618  51.828 0.4000000060
81344  35.997  14.391  52.324 0.4000000060
78609  32.927  10.715  55.561 0.3000000119
78595  32.416  10.624  56.574 0.2000000030
81343  36.988  14.407  52.553 0.4000000060
80647  35.330  13.992  52.929 0.4000000060
79982  34.601  12.544  54.143 0.4000000060
79974  33.972  11.987  54.697 0.4000000060
79302  33.676  11.048  55.593 0.4000000060
82025  30.627  15.978  56.548 0.3000000119
116183  30.641  15.099  56.487 0.3000000119
81306  31.403  14.691  56.494 0.3000000119
80606  30.614  13.464  56.556 0.2000000030
114085  31.282  12.613  56.711 0.2000000030
79956  31.857  11.728  56.925 0.2000000030
82076  39.701  15.090  51.139 0.3000000119
82078  37.892  14.867  51.162 0.3000000119
78601  33.425  10.697  56.363 0.3000000119
79286  32.985  10.891  57.058 0.3000000119
81342  37.958  14.338  52.643 0.3000000119
121659  34.061  10.800  56.414 0.4000000060
78593  33.986  10.665  56.922 0.3000000119
80605  31.543  13.655  56.633 0.3000000119
119763  32.113  12.567  56.982 0.2000000030
79955  32.582  11.583  57.157 0.2000000030
79285  33.739  10.810  57.210 0.3000000119
107915  51.451  -0.428  55.525 0.1000000015
71439  50.251  1.753  52.515 0.2000000030
126835  50.273  2.193  52.037 0.2000000030
70614  51.091  1.080  53.929 0.2000000030
72274  50.732  2.447  52.288 0.2000000030
82130  40.244  15.245  46.909 0.6999999881
80036  40.985  12.173  42.674 0.6000000238
80028  40.587  12.517  43.245 0.6000000238
111304  45.981  6.668  36.990 0.4000000060
74009  49.787  4.483  43.663 0.3000000119
111022  49.974  4.419  42.785 0.3000000119
73159  46.466  3.285  44.341 0.3000000119
73192  48.647  3.842  42.263 0.3000000119
73194  46.086  3.111  42.590 0.3000000119
122913  47.168  3.362  42.624 0.3000000119
75735  56.534  6.937  44.731 0.3000000119
76642  56.378  8.147  43.526 0.3000000119
75760  54.955  8.049  42.607 0.3000000119
73208  45.759  3.601  41.672 0.3000000119
73196  43.582  3.539  42.490 0.3000000119
124494  43.357  3.442  43.159 0.3000000119
74054  47.843  4.857  40.765 0.3000000119
74025  43.075  4.020  41.976 0.3000000119
78072  50.150  9.685  35.269 0.4000000060
77432  49.812  9.358  36.317 0.4000000060
77421  50.783  9.349  36.504 0.3000000119
73993  48.659  4.413  44.732 0.3000000119
112167  55.496  4.713  47.159 0.2000000030
113665  53.730  3.645  47.735 0.2000000030
73162  43.859  2.898  44.599 0.3000000119
74849  51.767  5.648  43.452 0.3000000119
74836  52.541  6.227  43.728 0.3000000119
74870  52.332  6.038  41.900 0.3000000119
74862  51.011  5.051  42.149 0.3000000119
73181  42.861  3.620  43.639 0.2000000030
74871  51.576  5.520  41.585 0.3000000119
74011  42.350  4.212  43.400 0.3000000119
75774  53.075  6.699  41.273 0.3000000119
75784  51.800  6.433  40.424 0.3000000119
74884  51.314  5.710  40.799 0.3000000119
74873  49.683  5.004  40.859 0.3000000119
74885  50.485  5.442  40.690 0.3000000119
74851  41.176  5.208  43.588 0.2000000030
116470  50.854  6.251  40.080 0.3000000119
75796  50.822  7.068  39.556 0.3000000119
120197  48.263  5.377  40.355 0.3000000119
74886  48.976  5.595  40.303 0.3000000119
74055  47.054  4.855  40.601 0.3000000119
75797  49.970  6.777  39.592 0.3000000119
76684  50.516  7.505  39.007 0.3000000119
74056  45.728  4.518  40.498 0.3000000119
74057  44.321  4.449  40.107 0.3000000119
74900  47.455  5.888  39.663 0.3000000119
116869  46.406  4.806  40.392 0.3000000119
74888  46.821  5.393  39.927 0.3000000119
74901  46.254  5.605  39.325 0.4000000060
74069  43.604  4.633  39.517 0.4000000060
112358  42.151  5.116  40.312 0.4000000060
112158  48.850  9.010  36.462 0.4000000060
77443  49.868  9.047  34.298 0.3000000119
73981  47.338  4.624  45.490 0.3000000119
73143  42.232  3.552  46.228 0.2000000030
73984  41.188  4.083  45.782 0.2000000030
73998  40.708  4.554  45.236 0.2000000030
74852  40.675  5.661  43.924 0.2000000030
74863  41.633  5.524  42.572 0.3000000119
76653  41.604  7.644  41.993 0.4000000060
76654  41.303  7.671  42.643 0.5000000000
76686  48.858  7.540  38.794 0.3000000119
76698  48.150  7.624  38.514 0.4000000060
75799  47.578  6.477  39.273 0.3000000119
111905  41.584  6.032  41.131 0.4000000060
76663  41.661  7.592  41.230 0.5000000000
74912  46.490  6.229  38.820 0.4000000060
74913  45.756  5.764  38.712 0.4000000060
74078  43.856  4.928  38.692 0.4000000060
76699  47.495  7.571  38.131 0.4000000060
111617  44.083  5.419  38.136 0.4000000060
74905  41.698  5.989  39.469 0.4000000060
74931  44.682  5.769  37.816 0.4000000060
75823  45.484  6.270  37.531 0.4000000060
75812  41.673  6.573  38.824 0.4000000060
73125  54.732  3.380  48.786 0.1000000015
114949  49.300  5.904  45.650 0.3000000119
74820  47.890  6.350  46.110 0.3000000119
73959  42.367  4.312  47.359 0.3000000119
75738  51.881  6.413  45.181 0.3000000119
115376  40.570  4.333  45.939 0.2000000030
75739  40.052  6.169  44.366 0.2000000030
77377  40.425  8.359  43.345 0.5000000000
117112  40.704  9.071  42.895 0.5000000000
110678  41.717  8.329  41.577 0.6000000238
73109  55.588  3.792  51.212 0.2000000030
112503  46.769  6.552  46.723 0.3000000119
74806  46.034  6.491  47.130 0.3000000119
73961  40.674  4.510  47.335 0.3000000119
74831  39.147  5.389  45.944 0.2000000030
74823  38.791  5.358  46.865 0.2000000030
77367  39.734  8.321  43.884 0.4000000060
78023  40.552  9.921  42.978 0.5000000000
78031  41.185  9.626  42.470 0.6000000238
127826  45.574  6.743  47.561 0.3000000119
74813  38.267  5.699  47.563 0.2000000030
75701  38.098  6.428  48.910 0.2000000030
76628  38.209  7.396  45.322 0.3000000119
110026  37.586  6.184  47.430 0.2000000030
75702  37.396  6.485  48.667 0.2000000030
78014  39.362  9.738  44.091 0.5000000000
78661  39.950  10.267  43.524 0.5000000000
115771  39.356  8.938  44.098 0.5000000000
79351  39.953  11.192  43.549 0.5000000000
80029  39.985  12.063  43.626 0.5000000000
75691  50.663  6.288  48.278 0.3000000119
76610  47.811  7.616  47.930 0.3000000119
76611  47.082  7.634  47.884 0.3000000119
75697  42.059  7.329  49.045 0.3000000119
76575  36.687  7.329  50.092 0.2000000030
75668  37.574  7.508  50.127 0.2000000030
76629  37.608  7.322  45.966 0.2000000030
122511  37.442  8.663  45.613 0.3000000119
76622  36.942  7.345  46.600 0.2000000030
80020  40.173  12.856  43.899 0.6999999881
78653  38.710  10.173  44.570 0.4000000060
79344  38.786  11.089  44.628 0.5000000000
80022  38.925  11.958  44.759 0.5000000000
78006  36.517  9.329  46.586 0.3000000119
123712  34.899  7.617  50.328 0.2000000030
77358  36.106  8.902  47.221 0.3000000119
76615  35.786  8.508  47.903 0.2000000030
78002  35.694  9.407  47.738 0.2000000030
75675  53.994  7.107  49.347 0.3000000119
127814  45.967  7.741  48.542 0.3000000119
76588  40.952  8.384  49.940 0.2000000030
123412  41.261  8.395  50.001 0.2000000030
76573  39.866  8.318  50.228 0.2000000030
125676  38.409  7.784  50.240 0.2000000030
75655  38.591  7.236  50.742 0.2000000030
75656  37.114  6.615  50.918 0.2000000030
75657  36.485  6.241  51.242 0.2000000030
75658  35.772  6.299  51.306 0.2000000030
75659  34.907  6.368  51.414 0.1000000015
78645  37.616  10.235  45.601 0.4000000060
78644  38.227  10.636  45.160 0.4000000060
126777  34.503  8.036  50.059 0.3000000119
75660  33.846  7.034  51.307 0.2000000030
80687  39.756  13.231  44.605 0.6999999881
80012  39.126  12.770  45.080 0.6000000238
78000  34.794  9.410  48.769 0.4000000060
77999  35.268  9.864  48.245 0.3000000119
77998  34.236  9.818  49.245 0.4000000060
80005  37.474  12.299  46.274 0.4000000060
79329  36.704  11.210  46.657 0.3000000119
71444  45.743  1.353  52.028 0.1000000015
127983  44.591  1.946  51.632 0.1000000015
71461  45.258  2.101  51.605 0.1000000015
120684  44.013  1.108  52.101 0.1000000015
71446  43.294  1.254  52.052 0.1000000015
72287  46.618  2.670  51.487 0.1000000015
118876  45.232  3.139  51.545 0.1000000015
71447  42.158  2.162  51.991 0.1000000015
115617  42.607  1.449  52.071 0.1000000015
69834  40.185  0.149  53.089 0.1000000015
71432  39.104  1.707  53.514 0.1000000015
70621  38.840  0.743  53.579 0.1000000015
69825  39.432  0.064  53.411 0.1000000015
70607  37.402  0.360  54.452 0.1000000015
70592  36.103  0.309  55.268 0.2000000030
124680  36.479  -0.363  55.091 0.2000000030
73118  43.757  3.628  51.822 0.1000000015
73119  42.954  3.444  51.937 0.1000000015
72276  41.486  2.826  52.396 0.1000000015
72275  42.200  3.176  52.087 0.1000000015
72277  40.753  2.558  52.682 0.1000000015
72278  40.128  2.340  52.892 0.1000000015
71424  37.716  1.966  54.791 0.1000000015
71411  37.022  2.249  55.174 0.1000000015
71414  34.687  1.772  55.888 0.2000000030
121900  51.770  6.774  50.380 0.3000000119
73932  42.704  4.883  53.403 0.1000000015
119030  42.043  4.583  53.422 0.1000000015
73106  41.723  3.746  52.820 0.1000000015
127273  39.244  3.120  54.193 0.1000000015
73095  39.622  3.560  54.037 0.1000000015
72257  38.364  3.078  54.805 0.1000000015
73081  37.864  3.168  54.906 0.1000000015
72242  36.514  2.553  55.161 0.1000000015
72244  34.818  2.460  55.561 0.1000000015
76581  48.351  8.190  50.205 0.3000000119
111430  42.308  5.044  53.580 0.1000000015
73914  40.947  4.493  53.578 0.1000000015
73093  41.327  4.252  53.451 0.1000000015
74748  40.808  5.000  53.477 0.1000000015
118486  39.888  4.023  54.078 0.1000000015
73915  40.290  4.416  53.696 0.1000000015
72256  38.961  3.371  54.457 0.1000000015
73905  37.512  3.420  54.667 0.1000000015
73065  36.271  2.832  54.982 0.1000000015
73067  34.487  3.095  55.254 0.1000000015
76571  42.559  8.157  49.646 0.3000000119
112295  42.254  5.707  52.820 0.1000000015
126552  41.575  6.022  52.537 0.1000000015
74750  39.112  4.773  53.235 0.1000000015
73918  37.715  3.921  53.941 0.1000000015
73934  38.194  4.549  53.127 0.1000000015
73906  37.007  3.624  54.276 0.1000000015
73098  35.367  3.508  54.032 0.1000000015
73919  36.722  3.932  53.625 0.1000000015
73920  35.785  3.946  53.411 0.1000000015
73082  36.719  3.249  54.697 0.1000000015
73084  34.951  3.283  54.644 0.1000000015
73069  32.720  3.518  55.430 0.2000000030
76556  40.406  8.041  50.518 0.2000000030
75654  40.707  7.248  51.259 0.2000000030
75639  40.181  6.694  51.597 0.1000000015
75637  41.665  6.603  51.798 0.1000000015
74765  39.452  5.472  52.472 0.1000000015
125554  39.682  6.187  51.834 0.1000000015
74767  37.611  5.073  52.171 0.2000000030
73937  35.246  4.453  52.978 0.1000000015
124483  35.766  4.342  52.875 0.1000000015
73894  32.282  4.133  55.076 0.2000000030
74783  38.953  6.191  51.547 0.2000000030
74786  36.170  5.614  51.769 0.2000000030
74770  34.832  5.123  52.535 0.1000000015
122116  32.757  5.068  53.202 0.2000000030
74788  34.384  5.779  51.940 0.1000000015
109577  32.804  5.650  52.363 0.2000000030
74751  31.782  5.407  53.418 0.2000000030
74789  33.488  5.931  51.886 0.2000000030
122945  32.804  6.240  51.874 0.3000000119
75641  31.635  7.139  52.212 0.3000000119
76578  33.329  7.957  50.772 0.4000000060
76561  31.857  7.812  51.707 0.3000000119
78632  35.269  10.739  48.219 0.4000000060
77353  33.713  9.260  49.814 0.3000000119
117722  33.164  9.166  50.355 0.3000000119
80667  38.997  13.983  46.212 0.5000000000
108950  38.185  13.473  46.427 0.5000000000
81380  37.696  13.792  47.062 0.4000000060
80001  36.401  12.401  47.317 0.3000000119
80669  36.746  12.858  47.095 0.4000000060
71355  41.138  1.559  61.095 0.1000000015
71372  42.410  1.612  60.157 0.1000000015
70530  39.548  0.565  61.124 0.1000000015
70545  41.383  0.671  59.882 0.1000000015
71387  42.115  0.852  59.469 0.1000000015
70561  40.686  0.249  59.848 0.1000000015
70562  39.874  0.008  60.292 0.1000000015
70531  38.584  0.641  61.409 0.1000000015
69749  39.202  -0.473  59.783 0.1000000015
69735  38.568  -0.296  60.447 0.1000000015
70548  37.252  -0.056  61.061 0.1000000015
70533  36.785  0.622  61.489 0.1000000015
68917  40.984  -1.904  58.013 0.1000000015
68908  39.978  -1.400  58.391 0.1000000015
69736  37.742  -0.542  60.457 0.1000000015
68004  40.877  -2.332  57.359 0.1000000015
68020  41.532  -2.761  56.893 0.1000000015
124023  38.823  -1.967  57.996 0.1000000015
68898  37.965  -1.482  59.138 0.1000000015
69751  37.418  -1.176  59.786 0.1000000015
68037  41.541  -2.906  55.889 0.1000000015
68036  42.367  -2.855  55.565 0.1000000015
111559  40.655  -2.709  56.347 0.1000000015
127639  39.366  -2.440  57.024 0.2000000030
68006  38.777  -2.289  57.341 0.2000000030
70551  34.679  -0.342  60.701 0.1000000015
68056  40.641  -2.319  54.839 0.1000000015
68039  40.018  -2.603  55.476 0.1000000015
114519  39.277  -2.565  55.784 0.2000000030
68022  38.786  -2.517  56.411 0.2000000030
68921  37.423  -2.032  57.513 0.2000000030
68912  35.469  -1.541  58.585 0.2000000030
69739  34.470  -1.028  60.036 0.1000000015
71442  47.547  1.366  52.158 0.2000000030
70630  46.210  0.744  52.563 0.1000000015
68964  42.185  -1.822  54.180 0.1000000015
68966  40.381  -1.670  54.284 0.1000000015
68058  38.848  -1.945  54.763 0.2000000030
68057  39.777  -2.152  54.750 0.2000000030
68945  37.934  -2.064  55.189 0.2000000030
68931  37.233  -2.115  56.621 0.2000000030
68932  36.518  -1.695  56.450 0.2000000030
107155  35.922  -1.549  57.090 0.2000000030
68913  34.668  -1.319  58.378 0.2000000030
69753  34.040  -1.040  59.075 0.2000000030
72283  50.239  2.743  51.768 0.2000000030
71459  47.110  1.948  51.613 0.2000000030
126204  45.125  0.396  52.856 0.1000000015
69830  43.982  0.016  53.006 0.1000000015
69831  43.049  -0.058  52.779 0.1000000015
69821  43.443  -0.634  53.374 0.1000000015
69832  42.112  -0.051  52.727 0.1000000015
69824  40.649  -0.505  53.340 0.1000000015
68979  40.147  -0.995  53.789 0.1000000015
69808  39.400  -0.700  53.735 0.1000000015
68968  38.719  -1.099  54.143 0.2000000030
68969  37.399  -1.343  54.864 0.2000000030
68946  37.093  -1.845  55.684 0.2000000030
69773  33.715  -0.564  57.644 0.2000000030
127913  39.964  -0.397  53.459 0.1000000015
69781  34.660  -0.487  56.546 0.2000000030
71403  34.195  1.194  56.203 0.2000000030
70582  34.863  0.002  55.968 0.2000000030
70585  32.942  0.735  56.889 0.2000000030
71405  32.672  1.525  56.599 0.2000000030
76568  45.576  7.983  50.307 0.3000000119
74782  45.023  6.293  52.706 0.1000000015
72236  32.430  2.302  56.293 0.2000000030
75652  43.308  6.704  51.647 0.1000000015
73059  31.233  3.168  56.075 0.2000000030
73895  31.417  4.382  55.235 0.2000000030
75667  42.975  7.630  50.430 0.3000000119
76548  30.989  7.256  52.748 0.2000000030
79321  34.749  11.158  48.667 0.4000000060
77996  32.605  9.518  50.667 0.4000000060
78627  32.523  10.331  50.682 0.4000000060
78626  33.081  10.759  50.228 0.3000000119
78630  33.613  10.276  49.685 0.4000000060
119360  32.216  9.184  51.073 0.4000000060
77993  31.746  9.307  51.593 0.3000000119
123748  38.996  14.565  46.839 0.6000000238
81370  38.681  14.721  47.547 0.5000000000
80662  36.972  13.489  47.314 0.4000000060
80664  35.696  12.931  48.399 0.3000000119
111024  35.274  12.825  48.902 0.4000000060
79991  33.864  12.927  50.299 0.4000000060
72189  40.428  2.706  61.995 0.1000000015
71343  39.658  2.118  62.048 0.1000000015
126964  43.364  0.436  58.683 0.1000000015
70559  42.966  0.714  58.821 0.1000000015
71345  37.788  2.047  62.205 0.1000000015
69759  43.067  -0.836  58.835 0.1000000015
67194  44.238  -3.531  56.795 0.1000000015
67195  43.566  -3.426  56.648 0.1000000015
70536  33.977  0.770  61.192 0.1000000015
69804  47.592  -0.685  54.273 0.2000000030
68958  48.069  -1.194  54.837 0.2000000030
68051  45.033  -2.302  54.836 0.2000000030
68052  44.251  -2.404  54.807 0.1000000015
67205  44.040  -3.253  56.028 0.1000000015
69817  47.148  -0.286  53.625 0.2000000030
68959  47.181  -1.267  54.733 0.2000000030
68944  45.846  -1.980  55.071 0.2000000030
120000  44.620  -1.869  54.518 0.2000000030
70617  46.665  0.210  53.099 0.2000000030
69819  45.387  -0.378  53.587 0.1000000015
69807  44.537  -1.298  54.153 0.1000000015
68975  43.736  -1.230  53.951 0.1000000015
73112  50.580  3.665  51.806 0.2000000030
70563  32.147  0.235  59.689 0.2000000030
70579  32.593  0.218  57.750 0.2000000030
111046  47.696  5.894  51.915 0.2000000030
71400  31.304  1.190  57.486 0.2000000030
74779  46.921  6.692  52.666 0.2000000030
72237  31.521  2.417  56.417 0.2000000030
76553  44.895  7.048  51.971 0.2000000030
73060  30.330  3.327  56.280 0.2000000030
74739  29.234  5.646  55.192 0.3000000119
125251  30.257  6.930  53.723 0.2000000030
78623  32.049  10.683  51.314 0.3000000119
79313  32.348  11.460  51.649 0.3000000119
78624  31.647  10.120  51.832 0.3000000119
111747  36.651  14.263  48.463 0.4000000060
80660  34.890  13.081  49.358 0.3000000119
79993  32.776  11.991  51.125 0.3000000119
68897  43.436  -1.729  59.153 0.1000000015
67989  43.876  -2.446  59.281 0.2000000030
67182  44.372  -3.625  57.674 0.2000000030
67992  43.283  -2.654  58.754 0.1000000015
67169  43.766  -3.377  58.311 0.1000000015
112364  44.923  -3.580  57.014 0.2000000030
67204  44.974  -3.255  56.181 0.2000000030
72225  29.834  1.945  58.256 0.2000000030
72232  30.172  2.186  57.406 0.2000000030
72239  29.842  2.835  56.936 0.2000000030
74733  28.737  5.263  55.885 0.2000000030
73891  28.229  4.951  56.620 0.2000000030
73056  28.317  4.009  57.788 0.2000000030
73887  27.864  4.794  57.494 0.2000000030
75615  28.520  6.136  55.596 0.2000000030
76532  28.523  7.046  55.553 0.3000000119
82101  38.654  15.021  48.287 0.6000000238
81362  36.712  14.633  49.203 0.4000000060
113001  35.398  14.159  49.620 0.4000000060
81364  34.856  13.957  50.198 0.4000000060
80651  34.197  13.624  50.826 0.4000000060
79988  33.172  12.707  51.490 0.3000000119
80652  33.729  13.431  51.803 0.4000000060
67159  45.783  -3.526  59.552 0.1000000015
67153  46.169  -3.182  60.288 0.1000000015
67180  46.701  -3.560  57.859 0.1000000015
125394  46.059  -3.631  57.504 0.2000000030
67181  45.278  -3.697  57.801 0.2000000030
126537  29.868  2.501  59.684 0.1000000015
73941  51.016  4.622  52.030 0.2000000030
73043  29.272  3.529  59.721 0.1000000015
73882  27.968  4.479  58.389 0.2000000030
75610  27.172  6.887  57.391 0.2000000030
77323  28.276  8.404  56.322 0.2000000030
77976  29.600  9.219  55.682 0.3000000119
77971  29.174  9.666  56.232 0.3000000119
77974  30.984  9.784  55.450 0.3000000119
113659  39.046  15.335  48.887 0.5000000000
82084  39.149  15.353  50.405 0.3000000119
82087  36.793  14.802  49.917 0.4000000060
81358  37.145  14.766  51.147 0.4000000060
123291  32.605  11.628  53.647 0.3000000119
78611  31.641  10.168  55.058 0.3000000119
81356  34.932  14.164  51.037 0.4000000060
80649  33.862  13.218  52.861 0.4000000060
79986  32.876  12.269  52.948 0.4000000060
67165  47.855  -3.647  58.392 0.1000000015
119980  48.650  -3.121  57.114 0.1000000015
67179  47.553  -3.418  57.782 0.1000000015
67190  47.928  -3.115  57.108 0.1000000015
77961  26.837  9.071  58.024 0.2000000030
78599  28.644  10.172  56.687 0.2000000030
77972  28.478  9.421  56.521 0.2000000030
112767  27.887  8.964  56.828 0.2000000030
78598  29.454  10.403  56.443 0.2000000030
81354  36.622  14.599  51.631 0.4000000060
127877  32.307  10.256  55.677 0.3000000119
78596  31.525  10.328  56.372 0.2000000030
80641  33.962  12.707  53.676 0.4000000060
80640  34.716  13.281  53.435 0.4000000060
79309  33.310  12.191  53.807 0.4000000060
82670  28.865  16.863  57.772 0.2000000030
83246  29.525  16.982  57.179 0.2000000030
128745  29.841  17.600  57.279 0.2000000030
124733  27.708  13.150  57.827 0.2000000030
121921  28.615  16.152  57.815 0.2000000030
81298  28.502  14.447  57.410 0.2000000030
79275  27.612  11.119  57.775 0.2000000030
79947  28.173  12.564  57.301 0.2000000030
83258  30.237  17.154  56.842 0.2000000030
127436  29.280  15.455  57.039 0.2000000030
82026  29.835  15.481  56.655 0.2000000030
81308  29.126  13.897  56.918 0.2000000030
79274  28.130  11.590  57.277 0.2000000030
79958  29.658  12.241  56.653 0.2000000030
79959  28.837  11.950  56.851 0.2000000030
79957  30.475  12.476  56.624 0.2000000030
79287  31.755  10.973  56.745 0.2000000030
110998  31.144  11.696  56.710 0.2000000030
115695  39.307  14.702  51.782 0.3000000119
81333  36.378  13.935  53.325 0.4000000060
78602  32.679  10.508  56.269 0.2000000030
108228  32.338  11.078  56.952 0.2000000030
81332  37.508  13.895  53.327 0.4000000060
80639  35.592  13.492  53.618 0.4000000060
79301  34.451  11.254  55.822 0.4000000060
81307  30.799  14.287  56.485 0.2000000030
78594  33.252  10.715  56.784 0.3000000119
127382  46.596  4.817  34.130 0.2000000030
73270  45.651  3.696  33.797 0.3000000119
72419  44.936  2.609  33.642 0.2000000030
74970  47.339  6.236  32.650 0.4000000060
74977  47.584  7.079  32.538 0.4000000060
117977  46.882  5.677  32.318 0.4000000060
75868  47.993  6.789  32.983 0.4000000060
74971  46.892  5.376  33.292 0.4000000060
74127  45.735  4.164  32.936 0.3000000119
73277  44.617  2.673  32.533 0.2000000030
72420  44.103  1.635  32.710 0.2000000030
116403  43.586  0.548  32.795 0.1000000015
71597  43.050  0.192  32.507 0.1000000015
71598  42.607  0.847  33.051 0.1000000015
72414  42.272  1.759  33.947 0.1000000015
82672  39.878  16.441  57.991 0.2000000030
82665  39.551  16.037  58.450 0.2000000030
75880  47.057  6.941  32.278 0.4000000060
74978  46.856  6.294  31.933 0.4000000060
76761  47.701  7.491  32.626 0.4000000060
74133  46.380  5.477  31.669 0.4000000060
74126  46.403  4.951  32.592 0.3000000119
73276  45.246  3.371  33.097 0.2000000030
71603  43.319  0.982  32.112 0.2000000030
70775  42.894  0.235  32.553 0.1000000015
71604  42.994  0.800  32.048 0.1000000015
71605  42.741  1.003  32.244 0.1000000015
72406  42.342  1.753  34.914 0.1000000015
72421  42.479  1.969  33.040 0.1000000015
73271  41.638  3.340  34.434 0.2000000030
74967  40.728  5.655  34.553 0.2000000030
75864  40.707  6.367  34.115 0.2000000030
75869  46.721  7.184  32.748 0.4000000060
75889  46.308  6.297  31.581 0.4000000060
74984  46.116  5.900  31.088 0.4000000060
73290  44.852  4.045  31.300 0.3000000119
73283  45.086  3.657  32.290 0.3000000119
73291  44.015  3.396  30.755 0.3000000119
73284  44.357  2.940  31.588 0.3000000119
72431  43.513  2.486  31.205 0.3000000119
72427  43.799  1.948  31.845 0.2000000030
72428  43.071  1.589  31.560 0.2000000030
118461  42.890  1.323  31.779 0.1000000015
73278  42.514  2.706  32.369 0.1000000015
75844  38.985  6.818  36.655 0.1000000015
74120  41.619  4.271  33.875 0.2000000030
74121  41.070  4.853  34.529 0.2000000030
76727  39.165  7.645  36.248 0.1000000015
75853  40.408  6.521  34.892 0.2000000030
75854  39.964  6.962  35.412 0.2000000030
75870  45.808  6.803  33.167 0.4000000060
110224  46.078  6.677  32.148 0.4000000060
74985  45.297  5.663  30.458 0.4000000060
74140  45.524  5.101  30.849 0.4000000060
75898  44.884  5.888  30.177 0.4000000060
74148  44.863  5.157  30.104 0.4000000060
74141  44.524  4.408  30.308 0.3000000119
74149  44.049  4.965  29.533 0.4000000060
73296  43.661  4.009  30.112 0.3000000119
73292  43.283  3.153  30.713 0.3000000119
72432  43.057  2.403  31.127 0.3000000119
72429  42.876  2.141  31.437 0.2000000030
75826  38.392  6.641  37.387 0.1000000015
73279  42.127  3.888  32.711 0.2000000030
75843  39.566  6.908  36.028 0.2000000030
75899  44.227  6.029  29.598 0.5000000000
74991  44.559  5.587  29.817 0.5000000000
74992  43.810  5.858  29.249 0.4000000060
73297  43.269  4.735  29.655 0.4000000060
73285  42.605  3.523  31.520 0.2000000030
76726  39.724  7.619  35.559 0.2000000030
115808  39.401  8.466  35.727 0.2000000030
76739  40.248  7.427  34.872 0.2000000030
76748  40.073  8.262  34.991 0.2000000030
126041  39.058  9.056  36.094 0.2000000030
75885  41.558  7.147  31.051 0.3000000119
74979  41.498  5.737  32.225 0.3000000119
74972  41.394  5.888  33.092 0.2000000030
122460  40.941  5.967  33.775 0.2000000030
76770  42.261  7.545  29.793 0.3000000119
75874  41.322  6.442  32.213 0.3000000119
75886  41.204  7.121  32.265 0.2000000030
76756  40.813  7.711  32.848 0.2000000030
75875  41.009  6.667  33.249 0.2000000030
117514  40.486  8.018  34.135 0.2000000030
77436  39.411  9.322  35.522 0.2000000030
77456  40.235  8.955  34.260 0.2000000030
122466  39.786  8.943  35.084 0.2000000030
76763  41.772  7.803  30.368 0.4000000060
77467  41.340  8.108  31.380 0.4000000060
76764  41.313  7.592  31.632 0.3000000119
77462  40.542  8.519  33.403 0.2000000030
78076  38.698  9.345  36.621 0.1000000015
78707  38.712  10.217  36.685 0.2000000030
79392  38.849  11.506  37.295 0.2000000030
78075  39.108  9.793  36.075 0.1000000015
78706  39.275  10.770  36.117 0.1000000015
81450  38.892  14.327  41.718 0.3000000119
111110  42.188  8.612  29.634 0.4000000060
78108  42.261  9.244  29.467 0.4000000060
108892  40.914  8.611  32.379 0.2000000030
77466  41.477  8.671  31.010 0.3000000119
78090  39.733  9.641  34.778 0.2000000030
78082  39.434  10.162  35.375 0.2000000030
78095  40.512  9.259  33.201 0.3000000119
80068  39.867  12.752  37.162 0.3000000119
110853  39.547  12.594  37.747 0.2000000030
80731  40.054  13.112  37.857 0.3000000119
78106  42.860  9.875  28.790 0.4000000060
78739  42.758  10.360  28.881 0.4000000060
81448  40.205  15.188  40.934 0.4000000060
81449  39.544  14.741  41.295 0.3000000119
78101  41.573  9.285  30.775 0.3000000119
79397  39.275  11.687  36.583 0.2000000030
81457  39.980  14.311  40.589 0.3000000119
78102  41.005  9.355  32.087 0.4000000060
78717  39.759  10.504  34.574 0.2000000030
78089  40.206  9.913  33.947 0.2000000030
113545  40.733  13.453  37.515 0.3000000119
80723  40.521  13.778  39.134 0.3000000119
82198  38.994  15.290  41.850 0.3000000119
79429  42.786  11.137  28.996 0.4000000060
82197  39.705  15.721  41.503 0.3000000119
82799  39.633  16.707  41.373 0.4000000060
78729  41.609  10.043  30.666 0.4000000060
78734  42.236  10.141  29.452 0.4000000060
112472  41.051  10.065  31.872 0.3000000119
81464  40.891  14.385  39.526 0.3000000119
81456  40.602  14.730  40.258 0.3000000119
112693  40.603  13.593  38.320 0.3000000119
80774  43.302  12.434  29.595 0.4000000060
79425  42.336  11.146  29.388 0.4000000060
118617  42.116  12.077  30.189 0.4000000060
79421  41.167  11.472  32.250 0.4000000060
82196  40.390  16.128  41.150 0.4000000060
79420  41.685  11.122  30.764 0.4000000060
78730  41.256  10.699  31.769 0.4000000060
78716  40.295  10.899  33.755 0.3000000119
82810  40.309  16.952  40.872 0.4000000060
83951  40.035  18.379  39.885 0.4000000060
83364  39.685  17.703  40.683 0.4000000060
111014  40.560  10.087  32.953 0.3000000119
82213  40.871  15.593  40.591 0.4000000060
82809  40.935  16.542  40.601 0.4000000060
83363  40.690  17.574  40.269 0.4000000060
106537  39.696  12.386  36.583 0.3000000119
82223  41.781  15.559  39.519 0.3000000119
82224  41.226  15.136  39.922 0.4000000060
82212  41.528  16.006  40.215 0.4000000060
80067  40.322  13.144  37.133 0.3000000119
80730  41.246  13.872  37.946 0.3000000119
80768  43.857  13.981  29.958 0.4000000060
80764  42.318  13.025  30.901 0.4000000060
116980  43.001  13.713  30.676 0.4000000060
80098  41.619  12.221  31.616 0.4000000060
79410  39.876  11.266  34.532 0.2000000030
78712  39.543  11.041  35.221 0.2000000030
112729  39.601  11.627  35.875 0.3000000119
124549  39.622  12.036  36.226 0.3000000119
83965  39.601  18.948  39.619 0.4000000060
83952  39.224  18.584  40.179 0.4000000060
84575  38.973  19.294  39.810 0.4000000060
84574  39.629  19.464  39.439 0.4000000060
82820  41.980  16.443  39.679 0.4000000060
83362  41.302  17.735  39.795 0.4000000060
83374  40.856  18.310  39.654 0.5000000000
81470  41.666  14.496  38.382 0.3000000119
81471  41.082  14.110  38.742 0.3000000119
110287  40.786  13.385  36.753 0.3000000119
80736  41.366  13.684  37.151 0.3000000119
81478  41.887  14.219  37.589 0.3000000119
82230  41.990  15.262  38.802 0.3000000119
85155  35.780  20.571  43.139 0.4000000060
85166  36.156  20.537  42.368 0.4000000060
112450  36.968  20.665  42.245 0.6000000238
81517  44.574  14.790  30.252 0.4000000060
85175  37.457  20.439  41.586 0.6000000238
85188  37.906  20.095  40.792 0.6000000238
80759  41.752  13.090  32.494 0.4000000060
85187  38.548  20.298  40.305 0.6000000238
84564  38.367  19.717  40.184 0.4000000060
79409  40.335  11.906  34.234 0.3000000119
85200  39.002  19.931  39.712 0.5000000000
79404  39.824  11.846  35.076 0.3000000119
80075  39.921  12.398  35.834 0.3000000119
83964  40.319  18.979  39.349 0.4000000060
82808  41.458  16.981  40.071 0.5000000000
83373  41.452  18.157  39.404 0.5000000000
80742  40.786  13.343  35.993 0.3000000119
80074  40.222  12.980  36.436 0.3000000119
82222  42.289  15.927  39.234 0.5000000000
115558  41.881  17.422  39.455 0.5000000000
80741  41.363  13.600  36.363 0.3000000119
81469  42.304  14.942  38.093 0.3000000119
108799  36.916  20.598  44.246 0.3000000119
106824  36.116  20.651  43.831 0.2000000030
85153  37.433  20.746  43.512 0.4000000060
85154  36.678  20.739  43.119 0.4000000060
85152  38.271  20.860  43.374 0.5000000000
85165  37.579  20.897  42.690 0.6000000238
81518  43.375  14.386  30.974 0.4000000060
108088  37.981  20.846  41.983 0.5000000000
80763  42.465  13.829  31.702 0.4000000060
80758  42.164  13.859  32.966 0.4000000060
85765  39.694  21.238  41.333 0.6000000238
120811  38.244  20.619  41.163 0.6000000238
80086  41.353  13.301  34.293 0.4000000060
85185  40.051  20.677  39.870 0.6000000238
80080  40.360  12.548  35.055 0.3000000119
112850  40.411  12.973  35.688 0.3000000119
84573  40.324  19.621  39.202 0.6000000238
111751  41.334  13.526  35.679 0.3000000119
81491  41.946  13.802  35.904 0.4000000060
83963  41.186  18.765  39.169 0.5000000000
83372  42.461  16.681  39.190 0.5000000000
127686  42.469  17.459  39.025 0.5000000000
123777  41.701  19.246  38.759 0.5000000000
81485  41.966  14.003  36.741 0.3000000119
81477  42.602  14.720  37.197 0.4000000060
82229  42.671  15.883  38.629 0.5000000000
82830  42.994  16.911  38.755 0.5000000000
83384  42.857  17.863  38.665 0.6000000238
85139  37.805  20.611  44.247 0.3000000119
81511  43.762  15.116  31.469 0.5000000000
85164  38.331  21.047  42.527 0.5000000000
81506  42.528  14.435  33.488 0.4000000060
85766  38.824  21.159  41.825 0.6000000238
80752  41.941  13.829  34.003 0.4000000060
80747  40.925  13.217  35.155 0.4000000060
81499  42.398  14.262  34.506 0.4000000060
80746  41.818  13.640  35.016 0.4000000060
81490  42.415  14.207  35.371 0.4000000060
112144  42.881  14.862  35.603 0.4000000060
84572  41.103  19.784  39.036 0.6000000238
81484  42.496  14.389  36.215 0.5000000000
109171  43.357  15.404  35.819 0.5000000000
83385  41.967  18.268  38.908 0.6999999881
82245  43.066  15.064  36.447 0.5000000000
82237  43.224  15.601  37.272 0.5000000000
82839  43.245  16.268  38.096 0.5000000000
82829  43.371  17.313  38.175 0.5000000000
83973  42.568  18.769  38.467 0.6999999881
82838  43.619  16.653  37.281 0.5000000000
82268  45.154  16.085  31.542 0.5000000000
119813  44.728  16.241  32.318 0.6000000238
82257  43.905  15.733  33.402 0.5000000000
81498  42.968  14.951  34.046 0.4000000060
85197  41.388  20.340  39.260 0.6999999881
82251  43.405  15.387  34.863 0.5000000000
82250  44.020  16.043  35.631 0.6000000238
83972  43.186  19.217  38.059 0.6999999881
82244  43.538  15.837  36.498 0.6000000238
83383  43.254  18.316  38.117 0.6000000238
82846  43.973  16.518  36.456 0.6000000238
83403  44.181  17.310  36.754 0.6000000238
83396  43.709  17.811  37.499 0.6000000238
83395  44.320  18.280  36.961 0.6000000238
82866  45.699  16.696  31.909 0.5000000000
82263  44.846  16.568  33.038 0.5000000000
110637  45.632  17.247  32.518 0.6000000238
83419  45.761  17.811  33.121 0.6999999881
82249  44.277  16.190  34.383 0.6000000238
82852  44.499  16.738  34.987 0.6000000238
83999  46.789  18.582  33.285 0.6999999881
82845  44.463  16.942  35.867 0.6000000238
83992  45.369  18.497  35.236 0.6000000238
83402  44.629  17.918  36.003 0.6999999881
83984  44.807  18.877  36.262 0.6999999881
82673  38.938  16.101  57.510 0.2000000030
72433  42.978  3.042  30.844 0.3000000119
109500  42.842  3.852  30.578 0.3000000119
73286  42.215  4.540  31.998 0.2000000030
74128  41.687  4.998  32.812 0.2000000030
74966  41.229  5.284  33.806 0.2000000030
75900  43.860  6.389  29.473 0.5000000000
74150  43.333  5.677  29.160 0.4000000060
74993  42.621  6.380  29.160 0.3000000119
74151  42.838  5.526  29.285 0.3000000119
108694  45.516  6.067  30.781 0.4000000060
77472  41.995  8.233  29.930 0.4000000060
83410  45.048  17.591  34.790 0.6000000238
83409  45.885  18.426  33.845 0.6000000238
75867  48.207  7.564  32.760 0.4000000060
74119  46.271  4.521  33.551 0.3000000119
74134  45.729  4.574  31.934 0.3000000119
115659  42.667  1.672  32.006 0.1000000015
72422  42.089  3.155  33.469 0.2000000030
107925  40.636  7.125  34.066 0.2000000030
73293  43.109  3.844  30.295 0.3000000119
74142  42.789  4.601  29.957 0.3000000119
74135  42.483  4.743  30.960 0.3000000119
75892  42.056  6.977  30.273 0.3000000119
74994  42.266  6.385  30.106 0.3000000119
74143  42.480  5.524  29.957 0.3000000119
74986  41.744  6.229  31.252 0.3000000119
74136  41.904  5.322  31.714 0.3000000119
78112  42.702  9.534  28.910 0.4000000060
81463  41.429  14.805  39.132 0.3000000119
112449  40.721  10.851  32.669 0.3000000119
80093  41.153  12.265  32.858 0.4000000060
108006  40.777  12.289  33.664 0.3000000119
79416  40.651  11.648  33.248 0.3000000119
85199  39.731  20.109  39.453 0.5000000000
110891  41.659  13.402  33.517 0.4000000060
85174  39.029  20.798  40.846 0.6000000238
80087  40.811  12.711  34.348 0.3000000119
85186  39.262  20.485  39.977 0.6000000238
82238  42.850  15.432  37.882 0.4000000060
81512  42.832  14.501  32.271 0.5000000000
85198  40.541  20.227  39.355 0.6000000238
85754  39.017  21.168  42.776 0.5000000000
81505  43.287  15.090  32.837 0.5000000000
125802  42.753  14.754  34.894 0.5000000000
82859  44.998  17.001  33.869 0.6000000238
127081  42.219  5.673  30.861 0.3000000119
79273  33.340  11.286  57.349 0.2000000030
82013  37.990  14.760  58.352 0.2000000030
81294  37.359  14.234  58.167 0.2000000030
81295  36.630  13.619  57.983 0.2000000030
111153  35.748  13.420  57.734 0.2000000030
80596  35.397  12.639  57.795 0.2000000030
79942  37.029  11.425  58.243 0.2000000030
79943  35.985  11.627  57.893 0.2000000030
79944  35.028  11.765  57.700 0.2000000030
117518  34.242  11.819  57.616 0.2000000030
79946  32.950  12.269  57.274 0.2000000030
79271  35.448  11.176  57.527 0.2000000030
120968  34.660  11.230  57.526 0.2000000030
79283  35.783  10.953  57.306 0.3000000119
81293  38.021  13.651  58.318 0.2000000030
81302  35.523  14.360  57.439 0.2000000030
81296  34.938  13.687  57.446 0.2000000030
80594  37.395  12.368  58.415 0.2000000030
79269  37.548  10.654  58.111 0.2000000030
82015  36.283  14.857  57.551 0.2000000030
81297  34.088  13.835  57.143 0.2000000030
79270  36.537  11.040  57.766 0.2000000030
80603  33.323  13.959  56.957 0.2000000030
80604  32.598  13.499  56.924 0.2000000030
79295  36.063  10.930  56.887 0.3000000119
82659  39.738  15.897  59.174 0.1000000015
82011  39.136  15.644  58.793 0.1000000015
82007  38.629  15.424  58.563 0.2000000030
82006  39.029  15.773  58.874 0.1000000015
82014  37.035  15.302  57.874 0.2000000030
82012  38.215  14.876  58.193 0.1000000015
82668  36.025  15.904  57.281 0.2000000030
82020  35.201  15.439  56.957 0.2000000030
80593  38.159  12.391  58.455 0.2000000030
79941  37.954  11.261  58.500 0.2000000030
81304  33.691  14.707  56.739 0.2000000030
79282  36.936  10.787  57.495 0.2000000030
79973  34.875  12.091  55.061 0.3000000119
86746  34.432  23.765  61.744 0.1000000015
86182  33.113  22.874  61.945 0.1000000015
83249  39.102  17.194  57.187 0.1000000015
82664  40.210  16.159  58.862 0.1000000015
82654  39.786  15.988  59.281 0.1000000015
82002  39.425  15.753  59.158 0.1000000015
79936  27.459  12.160  58.859 0.1000000015
78584  27.104  10.711  58.979 0.1000000015
122022  38.738  15.197  57.848 0.1000000015
82666  37.725  15.739  58.257 0.2000000030
78586  27.262  10.674  58.263 0.1000000015
81292  38.168  13.151  58.071 0.2000000030
82667  36.772  16.358  57.590 0.2000000030
80592  38.552  12.166  58.022 0.2000000030
79281  37.918  10.268  57.596 0.3000000119
79293  38.246  10.462  56.875 0.3000000119
79966  36.234  11.517  56.183 0.2000000030
107545  35.798  12.090  55.286 0.3000000119
86739  36.207  23.884  63.046 0.1000000015
86732  35.703  23.420  63.483 0.1000000015
86731  36.411  23.605  63.804 0.1000000015
112438  35.921  24.178  62.276 0.1000000015
87265  35.196  23.959  62.004 0.1000000015
87274  35.644  24.543  61.477 0.1000000015
86747  33.613  23.586  61.485 0.1000000015
86183  32.187  22.967  61.266 0.1000000015
86188  31.351  22.502  60.877 0.1000000015
86187  31.986  23.010  60.359 0.1000000015
84991  29.618  19.952  60.160 0.1000000015
83829  39.334  18.280  56.932 0.1000000015
82003  27.935  15.691  59.922 0.1000000015
83241  40.580  16.835  58.433 0.1000000015
80589  27.572  13.620  58.682 0.1000000015
80599  27.552  12.798  58.451 0.1000000015
79265  27.367  11.393  58.491 0.1000000015
83250  38.167  16.841  56.492 0.1000000015
82655  39.490  15.603  59.215 0.1000000015
82656  39.064  15.760  58.952 0.2000000030
117916  38.278  13.948  57.372 0.1000000015
114461  37.504  16.839  57.952 0.2000000030
81301  38.753  12.877  57.175 0.2000000030
120587  35.331  16.299  56.757 0.2000000030
82021  34.173  15.487  56.627 0.2000000030
81305  32.751  14.667  56.640 0.2000000030
80602  39.186  11.417  57.612 0.2000000030
79954  38.369  10.504  58.046 0.2000000030
121574  32.051  14.321  56.603 0.2000000030
79279  39.491  10.429  57.063 0.2000000030
79294  37.236  10.960  56.776 0.3000000119
79964  37.952  11.171  56.045 0.3000000119
79965  36.858  11.992  55.589 0.2000000030
79981  35.426  12.755  54.267 0.3000000119
80623  36.962  12.704  54.670 0.4000000060
108331  36.251  13.257  54.139 0.3000000119
86166  36.498  22.482  65.725 0.1000000015
86157  36.038  21.933  66.144 0.1000000015
86722  36.650  23.331  64.524 0.1000000015
86156  36.840  22.175  66.653 0.1000000015
87255  37.032  24.160  63.439 0.1000000015
86712  37.929  23.111  65.663 0.1000000015
109223  37.729  22.574  66.668 0.1000000015
87264  36.668  24.470  62.541 0.1000000015
87245  37.594  23.947  64.027 0.1000000015
86721  37.563  23.525  64.723 0.1000000015
86701  38.406  22.940  66.427 0.1000000015
108928  36.347  24.766  61.755 0.1000000015
87244  38.309  23.985  64.370 0.1000000015
86720  38.588  23.621  65.157 0.1000000015
87275  34.886  24.392  61.133 0.1000000015
87284  34.655  24.515  60.146 0.1000000015
87276  34.077  24.156  60.839 0.1000000015
86750  33.270  23.908  60.676 0.1000000015
85602  30.954  21.864  61.238 0.1000000015
87285  33.804  24.194  59.870 0.1000000015
86768  32.634  23.413  59.849 0.1000000015
86204  32.188  22.830  59.482 0.1000000015
85608  30.461  21.316  60.923 0.1000000015
84399  29.900  19.847  60.933 0.1000000015
86220  31.937  22.270  58.913 0.1000000015
86205  31.358  22.380  59.872 0.1000000015
125520  30.781  21.717  59.790 0.1000000015
85005  29.994  20.540  59.756 0.1000000015
84410  29.364  19.248  59.705 0.1000000015
83217  28.721  17.728  59.932 0.1000000015
82657  28.230  16.438  59.632 0.1000000015
84419  29.525  19.143  58.910 0.1000000015
83816  29.217  18.349  58.488 0.1000000015
83237  28.730  17.495  58.515 0.1000000015
107137  27.892  15.826  59.075 0.1000000015
81288  27.648  14.538  58.613 0.1000000015
84425  40.074  18.659  57.232 0.1000000015
83242  40.046  17.536  57.541 0.1000000015
83860  38.402  18.609  52.321 0.1000000015
126185  37.816  18.457  52.755 0.1000000015
82653  40.233  16.154  59.419 0.1000000015
83229  38.807  16.634  58.728 0.2000000030
82660  38.341  16.140  58.479 0.2000000030
80613  39.865  11.716  57.024 0.2000000030
82676  34.611  16.228  56.583 0.2000000030
82022  33.253  15.494  56.541 0.2000000030
115930  32.009  14.991  56.500 0.2000000030
79952  39.950  10.708  57.055 0.2000000030
79292  39.013  10.654  56.485 0.3000000119
122168  39.787  10.610  56.707 0.3000000119
79971  40.378  11.040  56.399 0.3000000119
115798  39.926  11.764  55.334 0.3000000119
80621  38.877  12.187  54.916 0.3000000119
80638  37.161  13.260  53.963 0.4000000060
80637  38.154  13.058  53.979 0.3000000119
80636  39.159  12.823  54.217 0.3000000119
80646  39.393  13.501  53.407 0.2000000030
128256  39.053  14.491  52.231 0.2000000030
85577  36.100  21.140  67.601 0.1000000015
87755  37.066  25.103  61.976 0.1000000015
87263  37.495  24.734  62.721 0.1000000015
87254  38.106  24.441  63.521 0.1000000015
86711  39.062  23.330  65.978 0.1000000015
86699  40.835  23.250  67.329 0.1000000015
87764  36.737  25.253  61.189 0.1000000015
87273  36.119  24.950  61.065 0.1000000015
87282  36.443  25.066  60.416 0.1000000015
87283  35.564  24.779  60.466 0.1000000015
87294  35.302  24.570  59.476 0.1000000015
87295  34.590  24.311  59.428 0.1000000015
86767  33.330  23.674  59.435 0.1000000015
86789  32.858  23.135  59.115 0.1000000015
86766  34.188  23.875  59.002 0.1000000015
86788  33.577  23.268  58.791 0.1000000015
122516  32.516  22.634  58.839 0.1000000015
85623  31.344  21.649  59.065 0.1000000015
85004  30.684  20.936  59.236 0.1000000015
85636  32.600  22.133  58.349 0.1000000015
112530  31.410  20.928  58.357 0.1000000015
84417  30.840  20.152  58.391 0.1000000015
83815  29.850  18.958  58.123 0.1000000015
84424  40.660  19.088  57.400 0.1000000015
83240  41.357  17.069  58.862 0.1000000015
83234  40.894  16.495  59.233 0.1000000015
111546  39.676  16.226  59.265 0.1000000015
128679  38.067  16.845  58.332 0.2000000030
117886  35.000  16.888  56.547 0.2000000030
82023  32.410  15.552  56.480 0.2000000030
111794  39.640  14.195  52.562 0.2000000030
110294  35.220  17.941  42.366 0.2000000030
83346  34.439  17.649  42.890 0.3000000119
83944  37.107  18.462  41.222 0.3000000119
83356  35.992  17.861  42.027 0.2000000030
83345  36.638  17.486  42.093 0.2000000030
83943  37.869  18.221  40.979 0.3000000119
83954  37.582  18.823  40.833 0.3000000119
83344  37.362  17.698  41.583 0.3000000119
117308  37.261  17.109  42.196 0.3000000119
82800  37.981  16.987  42.021 0.3000000119
83353  39.065  17.397  41.258 0.3000000119
110683  39.135  16.126  41.803 0.3000000119
87763  37.535  25.525  61.348 0.1000000015
87754  37.868  25.363  62.158 0.1000000015
87777  37.238  25.386  60.486 0.1000000015
87293  36.135  24.805  59.596 0.1000000015
87313  35.906  24.450  58.921 0.1000000015
87314  35.100  24.177  58.902 0.1000000015
122538  34.239  23.257  58.599 0.1000000015
86219  33.125  22.661  58.546 0.1000000015
85025  32.105  20.894  57.732 0.1000000015
84433  30.672  19.371  57.843 0.1000000015
83826  30.340  18.681  57.555 0.1000000015
84434  40.019  19.675  56.943 0.1000000015
85019  40.830  19.936  57.307 0.1000000015
84423  41.508  19.011  57.919 0.1000000015
83820  40.828  18.040  57.963 0.1000000015
83226  40.940  16.637  59.671 0.1000000015
82678  31.326  16.512  56.515 0.2000000030
123303  35.860  16.893  56.891 0.2000000030
110376  33.673  16.320  56.482 0.2000000030
82024  31.493  15.614  56.476 0.2000000030
83936  34.461  18.503  42.560 0.3000000119
83935  34.987  18.930  41.949 0.3000000119
83945  36.379  18.883  41.424 0.2000000030
83946  35.756  18.525  41.791 0.3000000119
83955  37.059  19.198  41.150 0.4000000060
83953  38.308  18.893  40.419 0.3000000119
83365  38.731  18.055  40.786 0.3000000119
83354  38.287  17.544  41.371 0.3000000119
109989  38.774  16.795  41.708 0.3000000119
84584  42.517  19.624  38.388 0.6000000238
87762  38.394  25.703  61.583 0.1000000015
87790  36.957  25.054  59.644 0.1000000015
116012  36.702  24.664  58.972 0.1000000015
122072  36.487  24.237  58.673 0.1000000015
86786  35.856  23.803  58.563 0.1000000015
86218  33.894  22.639  58.387 0.1000000015
85635  33.382  22.019  58.067 0.1000000015
85634  34.349  21.829  58.077 0.1000000015
85024  32.875  20.676  57.505 0.1000000015
106500  32.238  20.128  57.336 0.1000000015
124821  31.544  20.255  57.771 0.1000000015
84439  32.376  19.375  56.927 0.1000000015
84432  31.551  19.510  57.361 0.1000000015
84431  33.003  19.920  57.096 0.1000000015
118750  31.814  18.857  56.887 0.1000000015
83825  31.080  18.742  57.220 0.1000000015
85028  40.325  20.486  56.792 0.1000000015
126624  32.273  17.870  56.557 0.2000000030
115189  31.598  18.076  56.699 0.1000000015
83819  41.652  17.960  58.509 0.1000000015
83256  32.033  17.217  56.506 0.2000000030
107446  31.043  17.273  56.628 0.1000000015
83233  41.662  16.899  59.611 0.1000000015
115920  32.888  16.809  56.455 0.2000000030
122054  34.284  16.838  56.493 0.2000000030
126174  32.869  16.112  56.457 0.2000000030
84453  37.364  19.594  52.345 0.1000000015
85148  42.377  20.460  43.572 0.5000000000
85149  41.464  20.531  43.888 0.5000000000
84550  34.562  19.328  42.499 0.3000000119
85758  41.361  21.433  42.327 0.5000000000
85163  41.233  21.141  43.023 0.5000000000
84558  35.685  19.339  41.675 0.3000000119
84549  35.103  19.739  42.032 0.3000000119
85160  44.957  20.304  41.823 0.5000000000
85161  43.701  20.856  42.306 0.5000000000
85162  42.070  21.049  42.825 0.5000000000
84557  36.426  19.657  41.509 0.4000000060
85176  36.606  20.264  41.764 0.4000000060
85173  43.646  21.244  41.425 0.5000000000
85757  42.908  21.271  42.160 0.5000000000
84556  37.207  19.863  41.285 0.5000000000
109022  44.912  20.667  41.102 0.6000000238
85172  44.348  21.056  41.044 0.5000000000
85181  45.317  20.509  40.470 0.6000000238
85207  42.702  20.273  38.652 0.6000000238
84594  44.701  19.783  37.507 0.6000000238
84595  43.874  19.546  37.721 0.6000000238
84603  45.978  19.608  36.218 0.6000000238
83976  44.422  19.150  37.156 0.6000000238
83977  43.728  18.761  37.557 0.6000000238
87776  38.176  25.653  60.594 0.1000000015
109178  39.010  25.841  61.029 0.1000000015
87789  37.765  25.308  59.704 0.1000000015
87292  37.513  24.888  58.990 0.1000000015
120796  37.268  24.280  58.613 0.1000000015
119375  36.427  22.977  58.429 0.1000000015
120133  35.532  22.919  58.407 0.1000000015
85645  34.429  20.852  57.742 0.1000000015
85023  33.682  20.362  57.465 0.1000000015
84430  33.758  19.591  57.156 0.2000000030
83834  32.510  18.510  56.646 0.2000000030
85027  41.076  20.890  57.015 0.1000000015
83833  33.422  18.455  56.615 0.2000000030
83254  33.768  17.868  56.532 0.2000000030
83255  32.940  17.699  56.503 0.2000000030
84413  42.456  18.336  58.775 0.1000000015
83245  35.897  17.818  56.941 0.2000000030
83253  34.496  17.556  56.546 0.2000000030
82677  33.669  17.183  56.476 0.2000000030
83812  42.151  17.422  59.331 0.1000000015
83227  40.289  16.160  59.450 0.1000000015
83244  36.611  17.335  57.421 0.2000000030
83252  35.293  17.467  56.658 0.2000000030
84445  36.709  19.543  54.060 0.1000000015
116661  36.997  20.843  54.839 0.1000000015
83235  37.883  17.577  58.166 0.2000000030
84454  36.857  19.975  52.861 0.1000000015
84448  36.585  20.067  53.623 0.1000000015
85046  37.078  20.286  52.105 0.1000000015
84532  43.257  19.700  44.644 0.5000000000
85134  42.331  19.954  44.484 0.5000000000
117545  41.579  20.027  44.831 0.5000000000
121148  40.646  20.570  44.156 0.4000000060
85752  40.631  20.978  43.461 0.4000000060
85150  39.993  20.716  43.938 0.4000000060
85759  40.584  21.398  42.560 0.5000000000
85753  39.843  21.178  43.108 0.4000000060
109312  41.250  21.524  41.510 0.5000000000
121448  40.901  21.550  42.030 0.5000000000
85760  39.716  21.425  42.229 0.4000000060
110990  42.076  21.483  41.931 0.6000000238
85772  40.498  21.214  40.764 0.5000000000
85183  43.892  21.196  40.600 0.6000000238
85770  42.452  21.325  40.534 0.6000000238
84563  45.974  20.037  40.558 0.6000000238
85182  44.618  20.896  40.447 0.6000000238
85776  43.229  21.187  40.122 0.6000000238
85203  46.626  20.106  38.687 0.6000000238
85192  46.310  20.149  39.355 0.6000000238
85204  45.840  20.356  38.798 0.6000000238
85208  41.879  20.018  38.730 0.6000000238
84583  43.302  19.946  38.190 0.6000000238
84582  44.264  20.208  38.245 0.6000000238
84593  45.554  19.846  37.246 0.6000000238
84581  45.238  20.210  38.104 0.6000000238
84592  46.523  19.839  36.948 0.6999999881
87788  38.576  25.452  59.656 0.1000000015
87291  38.222  25.103  59.102 0.1000000015
87775  39.582  25.838  60.433 0.1000000015
87312  38.237  24.560  58.648 0.1000000015
86784  37.900  23.758  58.501 0.1000000015
86785  36.788  23.705  58.516 0.1000000015
86216  36.069  22.178  58.382 0.2000000030
86215  36.938  22.137  58.516 0.2000000030
119064  35.780  21.556  58.272 0.2000000030
85633  35.175  21.271  58.047 0.2000000030
85011  35.916  20.898  58.144 0.2000000030
85021  35.252  20.439  57.766 0.2000000030
85022  34.481  19.969  57.497 0.2000000030
83824  34.976  18.790  57.071 0.2000000030
84429  34.447  19.209  57.139 0.2000000030
85018  41.714  20.104  57.591 0.1000000015
83823  35.695  18.629  57.246 0.2000000030
83832  34.307  18.448  56.710 0.2000000030
85017  42.667  20.333  57.863 0.1000000015
84422  42.568  19.454  58.331 0.1000000015
83811  43.223  17.705  59.702 0.1000000015
83814  37.904  18.554  58.138 0.2000000030
83822  36.607  18.294  57.474 0.2000000030
83831  35.133  18.140  56.760 0.2000000030
83225  42.147  16.936  59.991 0.1000000015
83794  40.212  17.646  59.535 0.2000000030
83243  37.212  17.690  57.676 0.2000000030
84523  42.757  19.774  45.284 0.5000000000
85135  40.950  20.327  44.788 0.4000000060
85136  40.220  20.493  44.727 0.3000000119
85123  38.973  20.720  45.204 0.2000000030
85151  39.191  20.809  43.669 0.4000000060
85764  40.435  21.498  41.742 0.5000000000
123626  42.003  21.507  41.191 0.6000000238
85773  39.699  20.891  40.549 0.6000000238
85194  44.898  20.689  39.741 0.6000000238
85777  42.572  20.958  39.817 0.6000000238
85184  40.961  20.774  39.919 0.6000000238
85193  45.720  20.373  39.713 0.6000000238
85205  45.067  20.496  38.934 0.6000000238
107428  43.984  20.873  39.739 0.6000000238
85195  43.054  20.760  39.358 0.6000000238
85206  43.581  20.463  38.811 0.6000000238
84580  47.098  19.964  37.796 0.6999999881
108880  46.113  20.170  37.934 0.6000000238
87787  39.367  25.560  59.615 0.1000000015
87805  39.049  25.107  58.924 0.1000000015
87774  40.022  25.757  59.820 0.1000000015
120361  39.180  24.420  58.551 0.1000000015
86783  38.661  23.874  58.500 0.1000000015
117986  37.405  23.033  58.533 0.1000000015
121749  38.501  23.016  58.646 0.2000000030
85632  36.452  21.430  58.404 0.2000000030
86214  37.945  22.009  58.745 0.2000000030
85010  36.725  20.638  58.314 0.2000000030
85643  42.679  21.066  57.450 0.1000000015
85020  36.094  20.103  57.874 0.2000000030
85644  41.941  20.801  57.360 0.1000000015
117733  43.485  20.607  57.992 0.1000000015
85008  43.789  19.880  58.741 0.1000000015
84427  36.320  19.235  57.628 0.2000000030
84428  35.319  19.480  57.482 0.2000000030
84412  43.527  18.786  59.284 0.1000000015
83810  44.141  18.122  60.017 0.1000000015
83213  42.448  17.223  60.267 0.1000000015
83792  41.782  17.795  60.251 0.2000000030
83793  40.930  17.726  59.857 0.2000000030
84415  37.792  19.426  58.255 0.2000000030
83232  42.776  16.944  59.963 0.1000000015
83214  41.587  16.949  60.027 0.1000000015
83813  38.533  18.905  58.570 0.2000000030
84426  37.188  18.963  57.807 0.2000000030
83215  40.755  16.684  59.740 0.2000000030
83806  39.390  18.158  59.051 0.2000000030
84510  44.915  19.664  46.442 0.4000000060
84521  44.497  19.431  45.647 0.4000000060
84522  43.520  19.720  45.616 0.5000000000
85120  42.065  19.942  45.451 0.5000000000
86782  39.500  23.548  58.554 0.2000000030
86213  39.431  22.574  58.896 0.2000000030
107318  38.084  21.098  58.763 0.2000000030
85631  37.297  21.271  58.576 0.2000000030
85003  38.728  20.454  58.966 0.2000000030
84416  36.975  19.807  58.074 0.2000000030
83791  43.750  17.825  60.505 0.1000000015
83787  42.696  17.906  60.466 0.2000000030
84397  41.004  18.846  60.017 0.2000000030
84414  38.375  19.745  58.644 0.2000000030
84396  42.003  18.924  60.483 0.2000000030
84398  40.058  18.850  59.518 0.2000000030
84408  39.125  19.408  58.974 0.2000000030
120971  40.265  24.892  58.552 0.1000000015
87311  39.970  24.319  58.456 0.1000000015
86781  40.480  23.670  58.431 0.1000000015
86212  40.289  22.851  58.769 0.2000000030
121198  38.787  22.149  58.955 0.2000000030
85629  39.459  21.733  59.238 0.2000000030
122585  40.072  20.519  59.644 0.2000000030
85002  39.458  20.916  59.354 0.2000000030
84407  40.384  19.790  59.827 0.2000000030
110739  39.628  20.032  59.368 0.2000000030
84387  43.343  18.544  60.648 0.2000000030
87310  40.728  24.429  58.359 0.1000000015
87803  40.908  25.134  58.564 0.1000000015
86211  41.162  23.054  58.564 0.2000000030
86203  40.195  22.072  59.281 0.2000000030
85000  41.493  21.110  59.898 0.2000000030
126944  40.750  21.664  59.515 0.2000000030
85622  40.278  21.232  59.600 0.2000000030
85001  40.780  20.449  59.992 0.2000000030
84988  41.726  20.056  60.355 0.2000000030
120916  41.547  24.639  58.269 0.1000000015
86202  41.138  22.175  59.231 0.2000000030
85621  42.269  21.710  59.427 0.2000000030
85038  36.667  20.186  54.394 0.1000000015
113714  28.145  15.706  58.230 0.1000000015
81352  38.465  14.628  51.911 0.2000000030
79272  34.043  11.118  57.524 0.2000000030
79284  34.610  10.936  57.273 0.2000000030
84565  37.729  19.468  40.735 0.4000000060
85778  41.850  20.823  39.913 0.6000000238
84604  45.083  19.491  36.650 0.6000000238
79945  33.624  11.814  57.490 0.2000000030
119007  37.659  13.249  58.358 0.2000000030
80595  36.369  12.482  58.108 0.2000000030
116099  34.523  12.802  57.542 0.2000000030
80597  33.597  12.882  57.324 0.2000000030
79296  34.858  10.853  56.817 0.3000000119
81303  34.585  14.635  56.992 0.2000000030
79967  35.331  11.424  56.078 0.3000000119
79940  38.598  11.262  58.225 0.2000000030
79280  38.763  10.380  57.288 0.3000000119
86730  37.021  23.729  64.117 0.1000000015
85607  30.758  21.924  60.526 0.1000000015
84990  30.059  20.615  60.546 0.1000000015
82004  27.652  15.026  59.450 0.1000000015
79953  39.056  10.681  57.464 0.2000000030
122648  37.623  12.165  55.305 0.3000000119
112668  38.510  11.606  55.493 0.3000000119
80624  36.241  12.589  54.717 0.2000000030
80622  37.872  12.596  54.695 0.3000000119
86165  37.271  22.687  66.018 0.1000000015
86713  36.968  23.045  65.290 0.1000000015
126501  37.818  22.794  66.162 0.1000000015
86700  39.490  23.201  66.900 0.1000000015
84409  29.743  19.827  59.377 0.1000000015
83808  29.149  18.672  59.281 0.1000000015
83230  28.484  17.243  59.391 0.1000000015
84418  30.102  19.633  58.607 0.1000000015
82661  28.361  16.564  58.606 0.1000000015
79972  39.563  11.029  55.888 0.3000000119
81331  38.480  13.705  53.355 0.2000000030
81341  38.826  14.233  52.698 0.2000000030
86787  34.920  23.526  58.601 0.1000000015
114416  39.887  16.918  59.420 0.2000000030
114403  32.163  16.311  56.453 0.2000000030
106313  35.957  17.242  42.522 0.2000000030
83355  36.499  18.121  41.601 0.3000000119
82794  36.689  16.783  42.535 0.2000000030
86217  34.698  22.720  58.417 0.1000000015
85646  33.575  21.215  57.737 0.1000000015
83807  38.614  17.890  58.582 0.2000000030
85769  43.227  21.392  40.796 0.6000000238
85763  42.736  21.478  41.360 0.6000000238
109726  35.264  22.073  58.304 0.2000000030
83821  37.371  18.252  57.774 0.2000000030
85047  36.477  20.676  52.880 0.1000000015
120120  44.370  20.555  39.087 0.6000000238
85137  39.458  20.613  44.547 0.2000000030
85630  38.731  21.393  59.038 0.2000000030
85009  37.710  20.360  58.510 0.2000000030
111865  57.457  -2.127  37.244 0.1000000015
69057  55.703  -1.406  39.050 0.1000000015
69071  56.784  -1.786  38.065 0.1000000015
69914  55.952  -0.713  38.770 0.1000000015
69085  57.214  -1.171  37.475 0.1000000015
128297  56.694  -1.247  38.103 0.1000000015
69084  57.731  -1.539  36.285 0.1000000015
70714  55.778  -0.041  39.121 0.1000000015
70705  54.751  0.136  39.904 0.1000000015
69913  56.584  -0.689  38.183 0.1000000015
69928  57.104  -0.409  37.473 0.1000000015
69927  57.481  -0.617  36.604 0.1000000015
71531  55.230  1.622  40.048 0.1000000015
71543  55.408  0.679  39.605 0.1000000015
113436  54.574  1.048  40.282 0.1000000015
121592  56.256  0.698  38.787 0.1000000015
70721  56.698  0.086  37.981 0.1000000015
69948  57.288  -0.898  35.243 0.1000000015
70758  57.224  -0.166  35.368 0.1000000015
70731  57.269  0.213  36.889 0.1000000015
69097  57.153  -1.411  35.246 0.1000000015
69098  56.505  -1.711  35.559 0.1000000015
69099  55.654  -1.204  36.151 0.1000000015
71532  54.558  2.064  40.545 0.1000000015
71542  55.828  1.451  39.454 0.1000000015
71541  56.271  1.531  38.961 0.1000000015
113241  56.558  1.412  38.234 0.1000000015
71548  56.813  0.816  37.658 0.1000000015
72388  56.624  2.081  36.723 0.1000000015
118667  56.826  1.503  36.368 0.1000000015
69940  56.680  -0.745  35.337 0.1000000015
69941  55.676  -0.290  35.970 0.1000000015
69929  54.749  -0.621  36.834 0.1000000015
69089  44.920  -2.290  35.834 0.1000000015
68175  44.833  -3.247  36.011 0.1000000015
68165  44.577  -3.573  37.667 0.1000000015
72364  55.629  2.097  39.892 0.1000000015
72363  56.138  2.235  39.438 0.1000000015
72370  56.455  2.080  38.661 0.1000000015
72377  56.596  2.076  37.743 0.1000000015
73247  56.434  2.782  36.107 0.1000000015
70760  56.321  0.855  35.412 0.1000000015
71585  56.345  1.357  35.371 0.1000000015
118249  56.382  0.116  35.453 0.1000000015
70748  55.559  0.524  35.782 0.1000000015
70749  54.446  0.767  36.235 0.1000000015
69930  53.741  -0.328  37.344 0.1000000015
68150  48.521  -1.816  39.747 0.1000000015
68137  48.091  -2.403  40.030 0.1000000015
114525  47.216  -2.619  40.112 0.1000000015
67303  46.425  -3.148  40.338 0.1000000015
68151  47.568  -1.752  39.559 0.1000000015
68152  46.717  -2.045  39.577 0.1000000015
68138  46.157  -2.473  39.975 0.1000000015
68139  45.325  -2.597  39.736 0.1000000015
68153  45.950  -2.120  39.220 0.1000000015
69078  45.975  -2.344  37.999 0.1000000015
114457  45.240  -2.653  38.640 0.1000000015
69942  45.263  -1.132  36.329 0.1000000015
68164  45.143  -3.042  37.220 0.1000000015
73225  56.269  3.197  39.686 0.1000000015
112758  56.520  2.806  38.206 0.1000000015
111053  56.449  2.749  39.023 0.1000000015
73258  56.049  2.804  35.340 0.1000000015
71573  55.285  1.283  35.558 0.1000000015
71586  55.070  2.063  35.324 0.1000000015
71574  54.291  1.597  35.731 0.1000000015
70734  52.510  0.830  36.948 0.1000000015
69916  52.097  -0.262  37.903 0.1000000015
70723  51.223  0.191  37.806 0.1000000015
69917  50.648  -0.239  38.308 0.1000000015
69904  50.017  -0.653  38.632 0.1000000015
69905  49.170  -0.597  38.827 0.1000000015
69062  48.883  -1.113  39.422 0.1000000015
71575  53.442  2.044  35.877 0.1000000015
70751  52.763  1.562  36.528 0.1000000015
70735  51.512  0.813  37.270 0.1000000015
119343  49.994  -0.111  38.130 0.1000000015
69906  48.393  -0.712  38.855 0.1000000015
108312  48.197  -1.246  39.324 0.1000000015
71558  51.917  1.535  36.826 0.1000000015
117133  51.045  1.314  37.177 0.1000000015
125910  50.550  1.187  37.309 0.1000000015
70725  49.586  0.325  37.671 0.1000000015
70726  48.857  -0.125  37.779 0.1000000015
69063  47.613  -1.081  38.797 0.1000000015
69064  46.731  -1.624  38.739 0.1000000015
71559  51.283  2.035  36.890 0.1000000015
71560  50.470  1.781  37.183 0.1000000015
71561  49.154  1.060  37.380 0.1000000015
112042  48.819  0.454  37.544 0.1000000015
70737  48.250  0.119  37.611 0.1000000015
69934  47.613  -0.350  37.730 0.1000000015
69077  46.363  -1.742  37.763 0.1000000015
72379  50.866  2.708  37.097 0.1000000015
113380  49.085  2.726  37.591 0.1000000015
115955  49.577  1.811  37.347 0.1000000015
114043  48.662  1.873  37.491 0.1000000015
71562  48.187  0.998  37.466 0.1000000015
114776  46.545  0.683  37.445 0.1000000015
70739  46.451  -0.269  37.462 0.1000000015
69088  45.775  -1.316  37.147 0.1000000015
73238  49.540  3.611  37.635 0.1000000015
73239  48.600  3.710  37.685 0.1000000015
112920  48.166  2.809  37.705 0.1000000015
72381  46.708  2.319  37.472 0.1000000015
71564  46.244  1.431  37.292 0.1000000015
119750  45.576  -0.438  37.016 0.1000000015
117485  45.506  -2.402  37.094 0.1000000015
71565  45.627  1.435  36.832 0.1000000015
70740  45.743  0.515  37.095 0.1000000015
71578  45.247  1.361  35.944 0.1000000015
73217  56.356  4.285  39.878 0.1000000015
73230  56.432  3.696  38.773 0.1000000015
74077  56.400  4.581  37.829 0.1000000015
113755  56.495  2.809  37.164 0.1000000015
73235  56.456  3.662  37.568 0.1000000015
73248  56.223  3.489  35.659 0.1000000015
74098  56.427  3.629  36.476 0.1000000015
73260  55.198  3.739  34.899 0.1000000015
72404  54.900  2.869  35.008 0.1000000015
72389  53.973  2.883  35.479 0.1000000015
73249  53.586  3.710  35.865 0.1000000015
71576  52.597  2.194  36.369 0.1000000015
73251  52.034  3.543  36.709 0.1000000015
74088  51.223  4.534  37.327 0.1000000015
73237  50.472  3.713  37.442 0.1000000015
125898  49.901  4.209  37.613 0.1000000015
73252  47.101  4.202  36.947 0.1000000015
73241  46.807  3.327  37.315 0.1000000015
72392  46.090  2.873  36.944 0.1000000015
72382  46.024  2.094  37.074 0.1000000015
72393  45.623  2.217  36.443 0.1000000015
74066  56.222  4.815  38.819 0.1000000015
74086  56.361  5.480  36.345 0.1000000015
74110  55.508  4.615  35.194 0.1000000015
74111  54.896  4.612  35.062 0.1000000015
73261  54.536  3.709  35.175 0.1000000015
74100  53.639  5.058  36.101 0.1000000015
73250  52.751  4.131  36.464 0.1000000015
74087  51.887  5.362  37.200 0.1000000015
119484  51.173  5.471  37.366 0.1000000015
74928  49.748  5.802  37.141 0.1000000015
74089  50.359  4.906  37.461 0.1000000015
74929  48.783  5.590  36.927 0.1000000015
74091  48.083  4.651  37.219 0.1000000015
74105  46.720  4.531  36.032 0.1000000015
73253  46.357  3.716  36.551 0.1000000015
73254  45.774  3.065  36.006 0.1000000015
72405  45.310  2.184  35.441 0.1000000015
72412  44.949  2.118  34.525 0.1000000015
71588  44.739  1.040  34.678 0.1000000015
74021  55.809  4.671  42.477 0.1000000015
74051  56.449  5.067  40.575 0.1000000015
74033  56.379  5.019  41.349 0.1000000015
74897  56.209  5.338  39.674 0.1000000015
74910  56.186  5.512  37.891 0.1000000015
74923  56.510  5.298  37.130 0.1000000015
74924  56.237  6.139  37.013 0.1000000015
74956  55.815  5.565  35.677 0.1000000015
74957  55.189  5.563  35.356 0.1000000015
74942  54.070  6.242  35.904 0.1000000015
74943  53.273  6.161  36.491 0.1000000015
74925  52.459  6.217  36.915 0.2000000030
74926  51.593  6.253  37.194 0.2000000030
75821  50.230  6.721  36.626 0.2000000030
75835  49.866  7.308  35.827 0.2000000030
74944  49.310  6.475  36.400 0.1000000015
74945  48.490  6.181  36.058 0.1000000015
74103  48.072  5.481  36.526 0.1000000015
74104  47.424  5.028  36.377 0.1000000015
74959  48.322  6.445  35.028 0.2000000030
74946  47.795  5.772  35.691 0.2000000030
74113  47.200  5.203  35.329 0.1000000015
73262  46.146  3.918  35.509 0.1000000015
73269  46.130  4.156  34.471 0.1000000015
72413  44.363  1.356  33.663 0.1000000015
74006  55.151  4.539  43.655 0.1000000015
74007  54.405  4.559  44.008 0.1000000015
73154  53.580  4.417  44.389 0.1000000015
73171  53.732  4.376  43.476 0.1000000015
74859  56.327  5.266  42.789 0.1000000015
74848  56.250  5.040  43.730 0.1000000015
74022  55.231  4.503  42.834 0.1000000015
108617  56.454  6.170  43.396 0.1000000015
74869  56.375  5.815  41.823 0.1000000015
74881  56.443  5.630  41.079 0.2000000030
75780  56.258  6.538  41.179 0.2000000030
74882  56.113  6.145  40.391 0.2000000030
74898  55.761  6.451  39.377 0.2000000030
74911  55.835  6.724  38.137 0.1000000015
107927  55.996  7.276  36.930 0.2000000030
114583  56.010  6.481  36.204 0.1000000015
75830  54.802  7.452  35.904 0.2000000030
74941  54.765  6.435  35.569 0.1000000015
107210  53.607  7.097  36.184 0.1000000015
117867  53.134  8.074  36.273 0.2000000030
75832  52.844  7.139  36.479 0.2000000030
75819  52.016  7.133  36.649 0.2000000030
75834  50.718  7.578  35.984 0.2000000030
76721  50.400  8.142  35.243 0.2000000030
76735  49.508  7.957  34.102 0.2000000030
75836  49.057  6.915  35.456 0.2000000030
75849  48.884  7.271  34.350 0.2000000030
74960  47.648  5.921  34.649 0.1000000015
74965  47.082  5.331  34.320 0.1000000015
74114  46.648  4.652  34.963 0.1000000015
73138  52.910  4.118  46.030 0.1000000015
128324  52.326  3.901  45.844 0.1000000015
113950  52.536  4.055  45.385 0.1000000015
73990  53.356  4.334  45.230 0.1000000015
75759  56.473  6.829  42.500 0.1000000015
76650  56.341  8.140  42.731 0.2000000030
76660  56.263  7.966  42.019 0.2000000030
76668  55.346  7.741  40.934 0.2000000030
75771  56.017  7.586  41.405 0.2000000030
75793  55.515  7.248  40.094 0.2000000030
76679  55.250  8.157  39.844 0.2000000030
126730  52.523  6.681  40.685 0.2000000030
75806  55.645  7.827  39.126 0.2000000030
75794  52.396  7.161  40.091 0.2000000030
75818  55.708  8.290  37.836 0.2000000030
126487  55.917  8.041  36.822 0.2000000030
123507  55.530  8.526  36.843 0.2000000030
120324  53.158  8.218  38.668 0.2000000030
75829  55.540  7.548  36.326 0.2000000030
77417  54.977  9.148  36.840 0.2000000030
77418  53.459  9.461  36.846 0.2000000030
76694  52.152  8.123  38.367 0.2000000030
126103  54.402  8.074  36.143 0.2000000030
77429  53.571  9.211  36.312 0.2000000030
77419  52.613  9.411  36.763 0.2000000030
75831  53.990  7.912  36.214 0.2000000030
76718  53.328  8.807  36.040 0.2000000030
77430  52.723  9.241  35.991 0.2000000030
78062  52.256  9.391  36.129 0.2000000030
77420  51.724  9.346  36.611 0.2000000030
76719  52.385  8.893  35.773 0.2000000030
77431  51.828  9.233  35.762 0.2000000030
78063  51.456  9.481  35.836 0.2000000030
75833  51.534  7.816  36.032 0.2000000030
76732  51.350  9.117  35.394 0.2000000030
76720  51.133  8.451  35.475 0.2000000030
77442  50.508  9.327  34.957 0.2000000030
76734  50.047  8.625  34.515 0.2000000030
76743  49.305  8.408  33.818 0.2000000030
75858  48.202  6.591  33.934 0.1000000015
74964  47.540  6.031  33.595 0.2000000030
111020  53.512  4.111  46.597 0.1000000015
126554  54.336  4.516  45.893 0.1000000015
73978  53.881  4.472  45.793 0.1000000015
73977  54.694  4.484  45.349 0.1000000015
73976  55.406  4.598  44.840 0.1000000015
73988  54.971  4.493  44.470 0.1000000015
76661  55.815  8.136  41.754 0.2000000030
76652  55.538  8.249  42.119 0.2000000030
76662  55.258  7.922  41.398 0.2000000030
75773  53.903  7.098  41.718 0.2000000030
75782  54.305  7.480  40.946 0.2000000030
76670  54.275  7.716  39.871 0.2000000030
75783  53.289  7.226  40.427 0.2000000030
115579  55.332  8.615  38.966 0.2000000030
120301  55.254  9.062  38.272 0.2000000030
128344  55.031  8.842  38.856 0.2000000030
76681  54.251  8.324  38.963 0.2000000030
76671  53.263  7.656  39.546 0.2000000030
77404  54.857  9.323  37.585 0.2000000030
76693  53.881  8.819  38.247 0.2000000030
77405  54.084  9.326  37.595 0.2000000030
77406  53.065  8.990  37.690 0.2000000030
76744  49.033  7.807  33.660 0.2000000030
76752  48.710  7.938  33.157 0.2000000030
74825  55.882  5.082  45.273 0.1000000015
74834  56.409  5.845  44.982 0.1000000015
73100  55.520  3.911  52.901 0.1000000015
73090  55.115  4.161  54.355 0.1000000015
72264  54.332  3.122  54.534 0.1000000015
72265  53.313  2.739  54.092 0.1000000015
70603  52.698  1.189  54.867 0.1000000015
125248  55.500  3.607  51.940 0.1000000015
73089  55.394  4.118  53.937 0.1000000015
73092  53.730  3.717  53.903 0.1000000015
71423  52.995  1.868  54.406 0.1000000015
70613  51.955  1.450  54.112 0.1000000015
78701  37.819  10.009  37.878 0.1000000015
78066  38.290  9.682  37.226 0.1000000015
73940  55.530  4.627  52.312 0.1000000015
73091  54.660  4.046  54.338 0.1000000015
73912  55.147  4.876  54.123 0.1000000015
78695  37.579  10.300  38.682 0.1000000015
78058  36.756  8.979  39.026 0.1000000015
78051  37.045  9.805  39.207 0.1000000015
79398  38.801  11.002  36.783 0.1000000015
78687  37.375  10.571  39.486 0.1000000015
78680  37.177  10.832  40.283 0.1000000015
78700  38.479  10.618  37.438 0.1000000015
78694  38.233  10.780  38.269 0.1000000015
79385  38.516  11.531  38.625 0.1000000015
79363  37.351  11.936  41.230 0.1000000015
80038  36.547  12.414  42.455 0.1000000015
80030  36.051  12.953  43.211 0.1000000015
114353  35.372  13.013  43.898 0.1000000015
116050  38.690  11.248  37.981 0.1000000015
79386  37.903  11.071  39.013 0.1000000015
80044  37.776  12.631  41.477 0.1000000015
80045  37.127  12.337  41.806 0.1000000015
79376  38.307  11.729  39.430 0.1000000015
79377  37.715  11.287  39.789 0.1000000015
79371  37.548  11.567  40.524 0.1000000015
80037  37.398  12.948  42.198 0.1000000015
80696  36.857  13.351  42.781 0.1000000015
80697  35.828  13.752  43.690 0.1000000015
80023  34.636  12.881  44.572 0.1000000015
79370  38.085  11.827  40.111 0.1000000015
80051  37.984  12.261  40.709 0.1000000015
80704  37.673  13.854  42.488 0.1000000015
80062  39.483  12.744  38.470 0.1000000015
80055  39.457  12.981  39.470 0.1000000015
80050  38.682  12.417  40.036 0.1000000015
80043  38.621  12.941  41.069 0.1000000015
126672  38.697  13.620  41.580 0.1000000015
80703  38.375  13.941  42.067 0.1000000015
81439  38.227  14.785  42.319 0.1000000015
80724  39.980  13.332  38.766 0.2000000030
111031  40.018  13.527  39.484 0.2000000030
80718  39.242  13.078  40.395 0.1000000015
82166  36.795  15.117  43.142 0.1000000015
81440  37.453  14.677  42.745 0.1000000015
82183  36.822  16.020  42.893 0.1000000015
82181  38.380  16.019  42.259 0.2000000030
82182  37.539  15.500  42.661 0.1000000015
110887  37.466  16.416  42.483 0.2000000030
82786  36.079  16.468  42.982 0.1000000015
82795  35.179  16.915  43.028 0.1000000015
84551  34.013  18.945  43.042 0.2000000030
83928  33.344  18.577  43.360 0.2000000030
83929  32.540  18.208  43.488 0.2000000030
83937  33.855  18.153  43.027 0.2000000030
84540  34.241  19.727  43.198 0.2000000030
84542  32.851  19.027  43.737 0.1000000015
85168  34.801  20.052  42.750 0.2000000030
85157  33.871  20.161  43.787 0.1000000015
85156  34.596  20.331  43.531 0.1000000015
85167  35.408  20.331  42.464 0.3000000119
85138  38.630  20.645  44.357 0.2000000030
122030  43.385  20.192  46.287 0.3000000119
85119  42.731  20.038  45.996 0.3000000119
84498  46.144  19.817  47.220 0.3000000119
85106  44.579  20.355  46.958 0.3000000119
84511  44.088  19.965  46.318 0.3000000119
85093  45.195  20.756  47.396 0.2000000030
85712  45.917  21.013  47.600 0.2000000030
85105  45.376  20.019  47.092 0.2000000030
85728  44.352  21.292  47.232 0.2000000030
86301  44.662  22.358  47.276 0.2000000030
124985  45.288  22.350  47.434 0.2000000030
73987  55.642  4.655  44.073 0.1000000015
73989  54.194  4.512  44.887 0.1000000015
74835  56.055  4.996  44.504 0.1000000015
73967  54.150  4.388  46.369 0.1000000015
75747  56.472  7.120  43.908 0.2000000030
77381  56.097  8.522  43.136 0.2000000030
77441  51.011  9.429  35.384 0.2000000030
109134  54.975  5.017  54.187 0.1000000015
73924  55.380  4.922  53.541 0.1000000015
75857  48.539  7.340  33.372 0.2000000030
79384  39.036  12.037  38.049 0.1000000015
80710  39.338  13.731  41.037 0.1000000015
80716  40.370  13.973  39.899 0.2000000030
108770  35.159  20.428  43.160 0.3000000119
69072  56.283  -1.333  38.512 0.1000000015
70722  56.241  -0.128  38.610 0.1000000015
70746  57.477  -0.142  35.984 0.1000000015
69939  57.513  -0.808  35.705 0.1000000015
69106  57.499  -1.722  35.396 0.1000000015
70747  57.283  0.454  35.857 0.1000000015
71557  57.102  0.959  36.597 0.1000000015
69086  54.855  -1.632  37.013 0.1000000015
115823  56.774  1.470  37.241 0.1000000015
70759  56.816  0.524  35.404 0.1000000015
69949  56.930  -0.038  35.149 0.1000000015
71572  56.871  1.105  35.763 0.1000000015
72401  56.430  1.929  35.727 0.1000000015
70732  54.232  0.086  36.753 0.1000000015
120206  54.933  0.124  36.403 0.1000000015
68176  44.453  -3.938  36.225 0.1000000015
120549  55.780  2.793  40.150 0.1000000015
70733  53.506  0.439  36.857 0.1000000015
68149  49.346  -1.862  39.715 0.1000000015
69076  47.152  -1.255  38.020 0.1000000015
73259  55.780  3.677  35.185 0.1000000015
119099  55.565  2.930  34.986 0.1000000015
72402  55.970  2.173  35.142 0.1000000015
117264  55.838  1.740  35.249 0.1000000015
72403  55.533  2.401  35.128 0.1000000015
70750  53.479  1.219  36.403 0.1000000015
69932  51.989  0.337  37.469 0.1000000015
111734  51.454  -0.515  38.393 0.1000000015
69061  49.705  -1.215  39.266 0.1000000015
69918  49.380  -0.329  38.122 0.1000000015
69919  48.689  -0.504  38.104 0.1000000015
72390  53.162  2.752  35.897 0.1000000015
70736  50.677  0.754  37.454 0.1000000015
126915  50.147  0.601  37.582 0.1000000015
69920  47.841  -0.701  38.080 0.1000000015
71577  51.964  2.300  36.640 0.1000000015
72378  51.640  2.824  36.765 0.1000000015
119252  50.025  1.042  37.389 0.1000000015
69933  48.302  -0.356  37.834 0.1000000015
73236  51.377  3.571  37.106 0.1000000015
72380  50.002  2.664  37.336 0.1000000015
70738  47.425  0.376  37.566 0.1000000015
69921  46.926  -1.053  37.729 0.1000000015
114042  47.703  2.020  37.613 0.1000000015
71563  47.122  1.304  37.545 0.1000000015
73240  47.651  3.621  37.520 0.1000000015
111297  47.370  2.853  37.636 0.1000000015
118811  45.320  0.718  36.391 0.1000000015
74099  56.205  4.487  35.740 0.1000000015
74085  56.504  4.565  36.800 0.1000000015
74112  54.318  4.496  35.483 0.1000000015
72391  52.472  3.040  36.284 0.1000000015
74102  52.009  4.352  36.969 0.1000000015
74090  49.261  4.676  37.530 0.1000000015
74101  52.702  5.197  36.709 0.1000000015
74927  50.719  6.095  37.272 0.1000000015
73263  45.640  3.085  34.776 0.1000000015
117660  55.904  5.702  38.785 0.2000000030
74958  54.534  5.423  35.531 0.1000000015
74940  55.392  6.538  35.755 0.1000000015
75820  51.131  6.959  36.702 0.2000000030
75848  49.666  7.707  34.886 0.2000000030
74005  55.816  4.679  43.286 0.1000000015
75770  56.379  7.001  41.739 0.2000000030
75781  55.817  7.077  40.789 0.2000000030
76716  54.840  8.384  36.304 0.2000000030
119105  54.295  7.069  35.885 0.1000000015
108711  52.311  8.025  36.152 0.2000000030
76669  55.034  8.080  40.446 0.2000000030
110204  54.274  9.411  36.874 0.2000000030
127922  54.369  9.067  36.442 0.2000000030
76717  54.075  8.617  36.202 0.2000000030
78061  52.933  9.418  36.325 0.2000000030
120938  51.773  8.585  35.684 0.2000000030
76733  50.732  8.870  35.035 0.2000000030
76680  55.012  8.458  39.504 0.2000000030
76692  54.651  9.097  38.310 0.2000000030
80056  38.894  12.262  39.002 0.1000000015
80039  35.789  12.110  42.881 0.1000000015
80031  35.475  12.407  43.418 0.1000000015
119040  36.437  13.726  43.259 0.1000000015
80032  34.921  12.253  43.827 0.1000000015
80711  38.114  13.305  41.844 0.1000000015
81427  36.970  14.182  43.049 0.1000000015
80717  39.781  13.564  40.164 0.2000000030
84541  33.579  19.418  43.532 0.1000000015
83337  33.194  17.788  43.335 0.2000000030
121475  41.303  23.841  58.274 0.1000000015
86780  42.142  23.966  58.120 0.1000000015
121942  41.853  23.308  58.379 0.1000000015
86765  42.104  22.530  58.789 0.1000000015
127940  42.727  22.016  59.118 0.1000000015
125552  42.976  20.853  60.004 0.1000000015
86779  43.127  23.962  58.016 0.1000000015
86764  42.695  23.147  58.361 0.1000000015
85620  43.495  21.403  59.393 0.1000000015
84987  43.807  19.877  60.464 0.1000000015
115136  42.542  20.335  60.352 0.1000000015
116742  43.191  22.259  58.781 0.1000000015
84395  42.948  19.510  60.579 0.1000000015
84989  41.116  19.686  60.185 0.1000000015
83336  33.813  17.484  43.235 0.1000000015
85068  48.202  20.162  50.719 0.1000000015
85069  47.272  20.371  50.608 0.1000000015
85684  48.528  21.536  50.008 0.1000000015
86263  49.446  22.073  49.862 0.1000000015
85115  30.226  20.161  47.000 0.1000000015
113948  30.001  20.638  47.460 0.1000000015
85114  31.425  20.531  46.796 0.1000000015
85094  30.747  20.716  47.361 0.1000000015
85719  29.309  20.986  47.784 0.1000000015
85720  28.326  21.061  47.977 0.1000000015
122059  33.186  20.535  45.687 0.1000000015
108651  47.876  20.929  50.308 0.1000000015
113281  48.641  22.297  49.650 0.1000000015
86841  47.353  22.916  49.560 0.1000000015
86839  49.162  22.859  49.532 0.1000000015
86840  48.257  22.923  49.534 0.1000000015
86858  48.773  23.613  49.387 0.1000000015
86280  50.194  22.822  49.851 0.1000000015
121795  49.278  24.171  49.309 0.1000000015
86279  51.274  22.686  49.991 0.1000000015
86857  49.715  23.583  49.503 0.1000000015
86856  50.866  23.650  49.553 0.1000000015
85108  42.947  20.700  46.449 0.1000000015
106692  31.957  20.431  46.159 0.1000000015
85700  30.898  21.456  47.920 0.1000000015
85718  30.172  21.201  47.843 0.1000000015
85702  28.861  21.663  48.357 0.1000000015
85703  27.999  21.790  48.359 0.1000000015
85721  27.452  21.305  47.917 0.1000000015
85107  43.774  20.647  46.724 0.1000000015
85142  32.949  20.198  44.829 0.1000000015
85129  32.447  20.318  45.557 0.1000000015
85717  31.553  21.086  47.494 0.1000000015
120417  30.354  21.770  48.265 0.1000000015
85127  34.490  20.593  45.240 0.1000000015
85112  33.986  20.652  45.942 0.1000000015
85113  32.658  20.640  46.308 0.1000000015
107179  35.257  20.587  44.067 0.1000000015
85070  46.408  20.572  50.463 0.1000000015
109283  47.045  21.098  50.095 0.1000000015
85685  46.196  21.318  49.975 0.1000000015
116091  47.632  21.546  49.921 0.1000000015
86264  47.868  22.202  49.708 0.1000000015
86265  46.898  22.002  49.672 0.1000000015
86860  46.900  23.730  49.460 0.1000000015
86859  47.847  23.693  49.405 0.1000000015
87372  50.097  24.294  49.310 0.1000000015
120426  50.889  24.425  49.200 0.1000000015
87370  52.180  24.048  49.076 0.1000000015
86870  52.491  23.624  48.410 0.1000000015
86873  31.898  23.484  48.596 0.1000000015
111611  31.281  24.146  48.787 0.1000000015
117418  30.616  23.847  49.128 0.1000000015
87391  30.526  24.785  49.027 0.1000000015
87392  29.602  24.823  49.158 0.1000000015
86872  32.794  23.789  48.494 0.1000000015
86874  31.053  23.139  48.843 0.1000000015
86875  30.195  23.147  49.230 0.1000000015
87381  29.131  24.086  49.299 0.1000000015
86285  33.272  22.879  48.393 0.1000000015
86306  32.910  22.090  48.165 0.1000000015
86286  32.235  22.114  48.253 0.1000000015
120652  30.907  22.233  48.476 0.1000000015
86867  28.775  23.317  49.237 0.1000000015
85729  43.411  21.398  46.811 0.1000000015
85715  34.944  21.755  47.461 0.1000000015
118845  34.190  21.942  47.769 0.1000000015
85716  33.374  21.460  47.492 0.1000000015
113798  32.392  21.455  47.656 0.1000000015
114179  29.327  22.173  48.691 0.1000000015
86291  27.566  22.512  48.606 0.1000000015
85109  41.993  20.579  46.217 0.2000000030
85737  35.604  20.944  46.364 0.1000000015
113875  35.086  21.187  46.853 0.1000000015
120177  33.394  20.841  46.572 0.1000000015
85125  36.888  20.588  45.303 0.1000000015
85747  36.217  20.719  45.810 0.1000000015
85126  35.331  20.619  45.316 0.1000000015
85689  40.579  21.928  50.646 0.1000000015
85690  39.722  21.948  50.643 0.1000000015
86272  39.385  22.701  50.530 0.1000000015
86273  38.535  22.814  50.682 0.1000000015
117172  45.245  21.486  50.075 0.1000000015
109542  43.824  21.346  50.374 0.1000000015
86269  42.752  22.253  50.394 0.1000000015
85688  41.388  21.796  50.606 0.1000000015
86271  40.249  22.615  50.536 0.1000000015
86849  39.105  23.589  50.517 0.1000000015
86850  38.209  23.562  50.731 0.1000000015
86851  37.549  23.576  51.055 0.1000000015
117748  44.431  21.898  50.083 0.1000000015
86268  43.617  22.144  50.235 0.1000000015
117024  41.799  23.021  50.432 0.1000000015
86848  39.987  23.328  50.484 0.1000000015
87365  37.779  24.195  50.803 0.1000000015
86832  37.019  24.004  51.220 0.1000000015
87355  37.255  24.791  50.977 0.1000000015
86266  45.874  22.141  49.690 0.1000000015
86267  45.057  22.259  49.794 0.1000000015
86844  44.358  22.881  49.805 0.1000000015
110987  42.464  22.970  50.339 0.1000000015
86847  41.288  23.446  50.411 0.1000000015
115831  40.616  23.815  50.429 0.1000000015
117068  39.263  24.402  50.503 0.1000000015
87364  38.554  24.286  50.594 0.1000000015
87851  36.782  25.354  51.178 0.1000000015
86842  46.398  22.927  49.558 0.1000000015
86862  44.979  23.633  49.578 0.1000000015
86863  43.745  23.746  49.801 0.1000000015
86864  42.866  23.588  50.073 0.1000000015
87362  40.486  24.490  50.338 0.1000000015
121112  38.054  24.950  50.633 0.1000000015
87861  37.506  25.625  50.826 0.1000000015
88368  36.736  26.241  51.148 0.1000000015
87375  46.518  24.503  49.351 0.1000000015
87376  45.850  24.632  49.400 0.1000000015
115778  43.060  24.278  49.817 0.1000000015
87379  42.298  24.539  49.894 0.1000000015
87380  41.675  25.192  49.859 0.1000000015
87363  39.823  24.976  50.376 0.1000000015
87860  38.912  25.052  50.531 0.1000000015
87374  47.386  24.451  49.268 0.1000000015
87373  48.441  24.469  49.206 0.1000000015
118814  38.389  25.797  50.591 0.1000000015
87867  50.370  24.967  48.981 0.1000000015
87386  51.269  24.926  48.872 0.1000000015
87880  52.275  24.886  47.964 0.1000000015
87385  51.929  24.699  48.744 0.1000000015
112804  52.497  24.784  46.968 0.1000000015
87384  52.309  24.321  48.426 0.1000000015
86880  52.542  23.411  47.292 0.1000000015
87415  42.531  24.617  46.550 0.1000000015
116540  41.815  24.512  46.607 0.1000000015
120272  41.102  24.834  46.553 0.1000000015
86314  43.856  22.870  47.039 0.1000000015
111545  42.123  23.763  46.733 0.1000000015
87416  40.159  24.781  46.571 0.1000000015
87887  32.994  25.213  48.159 0.1000000015
87888  32.239  25.228  48.332 0.1000000015
87390  32.063  24.438  48.554 0.1000000015
115632  28.702  24.805  48.997 0.1000000015
87394  27.770  24.729  48.794 0.1000000015
110418  42.987  23.247  46.900 0.1000000015
124397  41.360  24.081  46.650 0.1000000015
116539  40.623  24.052  46.646 0.1000000015
111477  39.355  24.815  46.655 0.1000000015
87922  38.696  25.434  46.490 0.1000000015
87923  37.262  25.652  46.569 0.1000000015
87924  36.462  25.865  46.676 0.1000000015
87900  36.188  25.166  47.287 0.1000000015
87925  35.560  25.810  46.941 0.1000000015
87901  35.316  25.165  47.541 0.1000000015
87401  33.743  25.140  48.019 0.1000000015
87389  32.703  24.676  48.420 0.1000000015
87393  28.245  24.008  49.180 0.1000000015
86316  42.059  22.549  46.709 0.1000000015
114456  41.144  23.250  46.657 0.1000000015
118377  39.675  23.957  46.740 0.1000000015
87417  38.587  24.346  46.859 0.1000000015
87398  37.578  24.365  47.116 0.1000000015
87899  37.028  25.119  46.992 0.1000000015
87399  36.715  24.383  47.380 0.1000000015
87400  35.858  24.356  47.641 0.1000000015
114828  35.015  24.347  47.954 0.1000000015
86890  34.582  23.535  48.211 0.1000000015
86871  33.727  23.658  48.396 0.1000000015
118893  27.376  23.920  48.888 0.1000000015
87893  27.312  25.418  48.433 0.1000000015
86315  43.094  22.260  46.890 0.1000000015
85730  42.482  21.479  46.599 0.1000000015
86317  41.154  22.342  46.587 0.1000000015
86318  40.367  22.577  46.665 0.1000000015
86319  39.479  22.420  46.812 0.1000000015
86904  38.938  23.190  47.024 0.1000000015
86886  38.022  23.510  47.157 0.1000000015
86303  37.575  22.733  47.292 0.1000000015
111483  36.806  22.706  47.411 0.1000000015
86888  36.357  23.510  47.568 0.1000000015
116396  36.044  22.610  47.513 0.1000000015
115549  34.819  22.610  47.961 0.1000000015
126473  26.324  24.740  48.045 0.1000000015
85110  41.201  20.807  46.084 0.2000000030
85732  40.667  21.257  46.219 0.1000000015
85733  39.972  21.712  46.446 0.1000000015
85734  39.085  21.697  46.563 0.1000000015
123742  38.412  21.665  46.702 0.1000000015
115331  37.993  22.050  47.086 0.1000000015
86320  37.149  21.811  47.040 0.1000000015
86304  36.439  21.994  47.259 0.1000000015
85714  35.731  21.671  47.194 0.1000000015
86305  35.427  22.387  47.640 0.1000000015
110075  40.589  20.637  45.569 0.2000000030
85122  39.772  20.691  45.336 0.1000000015
85744  39.384  21.154  45.926 0.1000000015
85745  38.483  21.094  45.980 0.1000000015
120635  37.634  20.762  45.696 0.1000000015
85746  37.007  20.967  46.219 0.1000000015
85736  36.361  21.327  46.661 0.1000000015
125031  37.476  20.584  44.925 0.1000000015
85072  44.166  20.715  50.566 0.1000000015
85073  43.290  20.689  50.684 0.1000000015
85076  40.825  21.191  50.813 0.1000000015
86274  37.755  22.944  51.093 0.1000000015
85686  43.006  21.487  50.488 0.1000000015
85687  42.186  21.627  50.540 0.1000000015
85691  38.843  22.005  50.706 0.1000000015
116426  36.907  23.135  51.435 0.1000000015
86833  36.188  23.693  51.566 0.1000000015
87356  36.316  24.607  51.413 0.1000000015
88369  35.691  26.338  51.564 0.1000000015
118710  45.227  24.427  49.491 0.1000000015
122936  44.487  24.191  49.600 0.1000000015
87377  44.683  24.997  49.515 0.1000000015
113220  43.019  25.071  49.685 0.1000000015
87877  40.576  25.934  50.010 0.1000000015
87858  40.101  25.670  50.222 0.1000000015
88376  37.764  26.636  50.697 0.1000000015
87869  47.786  25.155  48.960 0.1000000015
87871  46.121  25.218  49.232 0.1000000015
116763  45.392  25.188  49.393 0.1000000015
87873  44.247  25.516  49.515 0.1000000015
87875  42.070  25.916  49.661 0.1000000015
87876  41.244  25.917  49.808 0.1000000015
88375  38.732  26.645  50.503 0.1000000015
87883  48.695  25.301  48.867 0.1000000015
87868  49.419  24.820  49.095 0.1000000015
88384  44.204  26.266  49.411 0.1000000015
88385  43.361  26.421  49.463 0.1000000015
88388  40.753  26.563  49.830 0.1000000015
88373  40.056  26.331  50.146 0.1000000015
88876  38.358  27.413  50.479 0.1000000015
87881  50.765  25.609  48.523 0.1000000015
87897  52.178  25.533  47.354 0.1000000015
87405  52.462  24.040  46.676 0.1000000015
87917  42.885  25.382  46.315 0.1000000015
88419  42.427  25.944  46.213 0.1000000015
88420  41.735  26.098  46.203 0.1000000015
87919  41.262  25.624  46.393 0.1000000015
88421  40.930  26.204  46.219 0.1000000015
87920  40.535  25.537  46.412 0.1000000015
88422  40.087  26.189  46.188 0.1000000015
88443  37.779  26.697  45.780 0.1000000015
88935  37.303  27.391  45.188 0.1000000015
88444  36.837  26.971  45.708 0.1000000015
88426  36.292  26.660  46.173 0.1000000015
87904  32.511  25.783  47.754 0.1000000015
87889  31.422  25.089  48.583 0.1000000015
87890  30.659  25.706  48.335 0.1000000015
114951  29.963  25.449  48.844 0.1000000015
88423  39.209  26.156  46.160 0.1000000015
88442  38.731  26.744  45.696 0.1000000015
88425  37.088  26.295  46.207 0.1000000015
128019  35.755  26.379  46.493 0.1000000015
87926  34.614  25.867  47.125 0.1000000015
123277  33.969  25.609  47.478 0.1000000015
87903  33.300  25.699  47.570 0.1000000015
87892  28.242  25.539  48.633 0.1000000015
120328  34.847  27.287  45.382 0.1000000015
88446  34.566  26.980  45.995 0.1000000015
110284  34.216  26.498  46.510 0.1000000015
88407  33.700  26.178  46.962 0.1000000015
115308  33.209  26.614  46.505 0.1000000015
88400  27.752  26.184  48.310 0.1000000015
85124  38.158  20.658  45.076 0.1000000015
86254  38.026  22.194  51.169 0.1000000015
86256  36.023  22.906  51.785 0.1000000015
86250  35.601  22.761  52.498 0.1000000015
86834  35.467  23.463  52.029 0.1000000015
112375  35.597  24.129  51.749 0.1000000015
87849  35.145  25.590  51.906 0.1000000015
88867  35.322  27.220  51.742 0.1000000015
88868  34.814  27.817  52.235 0.1000000015
87870  46.913  25.151  49.077 0.1000000015
126209  44.893  26.348  49.203 0.1000000015
122137  45.294  26.765  48.791 0.1000000015
88377  37.031  27.104  50.941 0.1000000015
88871  36.230  27.116  51.267 0.1000000015
120785  48.114  25.819  48.579 0.1000000015
121580  48.850  25.913  48.525 0.1000000015
88396  44.550  26.933  49.074 0.1000000015
88397  43.786  27.023  49.254 0.1000000015
88387  41.648  26.743  49.600 0.1000000015
115424  40.907  27.387  49.670 0.1000000015
88374  39.478  26.822  50.320 0.1000000015
88877  37.567  27.641  50.644 0.1000000015
120286  48.519  26.474  48.268 0.1000000015
88393  49.367  26.410  48.242 0.1000000015
88897  43.331  27.680  48.935 0.1000000015
88884  42.596  27.752  49.138 0.1000000015
88404  51.067  26.147  48.031 0.1000000015
87896  52.444  25.438  46.444 0.1000000015
87909  52.489  25.503  45.665 0.1000000015
87937  44.542  25.845  46.111 0.1000000015
88439  41.395  26.666  45.759 0.1000000015
88440  40.529  26.752  45.765 0.1000000015
88934  38.211  27.362  45.256 0.1000000015
88931  41.005  27.239  45.286 0.1000000015
88932  40.098  27.397  45.293 0.1000000015
88936  36.402  27.439  45.037 0.1000000015
120900  36.100  27.151  45.634 0.1000000015
88445  35.443  27.008  45.968 0.1000000015
88448  32.860  27.098  46.010 0.1000000015
88971  38.056  28.056  43.951 0.1000000015
88972  37.308  28.006  43.691 0.1000000015
88973  36.487  27.863  43.408 0.1000000015
88958  35.853  27.674  44.089 0.1000000015
88937  35.479  27.396  44.989 0.1000000015
88447  33.719  26.960  46.048 0.1000000015
85675  37.388  21.564  51.508 0.1000000015
85676  36.633  21.799  51.760 0.1000000015
86249  36.075  22.210  52.104 0.1000000015
86246  35.905  22.007  53.688 0.1000000015
85665  35.793  22.041  52.903 0.1000000015
109937  35.142  23.395  52.978 0.1000000015
111978  35.006  24.203  52.360 0.1000000015
87352  34.592  24.770  52.959 0.1000000015
125666  34.573  25.638  52.706 0.1000000015
88364  34.891  26.403  52.122 0.1000000015
123184  34.749  27.096  52.362 0.1000000015
109202  34.570  28.506  52.280 0.1000000015
127328  35.250  27.821  51.706 0.1000000015
90010  34.393  29.111  51.784 0.1000000015
87884  47.286  25.777  48.668 0.1000000015
87885  46.457  25.820  48.816 0.1000000015
106674  46.077  26.543  48.569 0.1000000015
88872  35.807  27.906  51.295 0.1000000015
89441  35.052  28.342  51.609 0.1000000015
122317  34.911  28.886  51.011 0.1000000015
88395  46.879  26.438  48.438 0.1000000015
88894  45.857  27.424  48.346 0.1000000015
88895  44.954  27.522  48.610 0.1000000015
88896  44.137  27.631  48.787 0.1000000015
88885  41.669  27.656  49.453 0.1000000015
88886  40.237  27.939  49.810 0.1000000015
88875  39.552  27.613  50.160 0.1000000015
89445  37.261  28.475  50.461 0.1000000015
111665  36.328  28.438  50.733 0.1000000015
128815  35.317  28.905  50.659 0.1000000015
90015  34.972  29.225  50.258 0.1000000015
88394  47.689  26.443  48.318 0.1000000015
89463  44.614  28.408  48.484 0.1000000015
89464  43.686  28.375  48.640 0.1000000015
89450  41.990  28.430  49.166 0.1000000015
89451  41.015  28.351  49.513 0.1000000015
89452  39.545  28.493  49.883 0.1000000015
89454  38.014  28.916  50.061 0.1000000015
90013  36.675  28.896  50.320 0.1000000015
90014  35.877  28.998  50.365 0.1000000015
88405  49.889  27.045  47.846 0.1000000015
88403  52.176  26.038  46.801 0.1000000015
115651  51.547  26.273  47.376 0.1000000015
87422  52.078  24.625  45.627 0.1000000015
87929  52.343  25.302  45.064 0.1000000015
112203  43.925  26.332  45.849 0.1000000015
117483  42.337  26.576  45.733 0.1000000015
88929  42.641  27.309  45.264 0.1000000015
88930  41.821  27.164  45.290 0.1000000015
88952  41.448  27.591  44.903 0.1000000015
88953  40.693  27.875  44.677 0.1000000015
88954  39.587  27.968  44.584 0.1000000015
88955  38.591  27.811  44.613 0.1000000015
123672  40.188  28.333  44.151 0.1000000015
89503  39.585  28.351  43.802 0.1000000015
89504  38.782  28.199  43.730 0.1000000015
89522  37.890  28.241  43.043 0.1000000015
89523  36.944  27.972  42.692 0.1000000015
125718  36.326  27.897  42.615 0.1000000015
89524  35.222  27.998  42.642 0.1000000015
121624  38.542  28.398  43.022 0.1000000015
89538  37.439  28.105  41.931 0.1000000015
120280  36.675  27.982  42.037 0.1000000015
90116  35.917  28.781  41.769 0.1000000015
86821  36.299  23.411  54.522 0.1000000015
86827  34.917  23.418  53.937 0.1000000015
86823  34.796  24.077  54.079 0.1000000015
87348  34.593  24.658  53.788 0.1000000015
115845  36.493  24.914  55.125 0.1000000015
87344  35.595  24.835  54.773 0.1000000015
87841  35.052  25.475  54.717 0.1000000015
87842  34.596  25.320  54.148 0.1000000015
88365  34.514  26.585  52.910 0.1000000015
124335  34.375  27.790  53.654 0.1000000015
111949  34.330  29.406  50.849 0.1000000015
88893  47.279  27.122  48.091 0.1000000015
88904  46.755  27.756  47.963 0.1000000015
124318  45.385  28.116  48.351 0.1000000015
90016  33.870  29.972  50.538 0.1000000015
88406  49.040  27.155  47.945 0.1000000015
88903  47.690  27.897  47.686 0.1000000015
107325  43.205  29.241  48.564 0.1000000015
89466  41.820  29.341  48.920 0.1000000015
90019  40.663  29.230  49.420 0.1000000015
116105  39.239  29.176  49.699 0.1000000015
90022  37.867  29.340  49.506 0.1000000015
112005  37.155  29.368  49.396 0.1000000015
90023  36.537  29.256  49.798 0.1000000015
90025  34.717  29.724  49.369 0.1000000015
124547  34.354  29.645  50.129 0.1000000015
88900  50.228  27.635  47.148 0.1000000015
125700  44.043  29.053  48.506 0.1000000015
90035  40.305  29.909  49.199 0.1000000015
90036  39.363  29.831  49.223 0.1000000015
90037  38.414  29.740  48.937 0.1000000015
90039  36.492  29.620  48.865 0.1000000015
90024  35.653  29.427  49.550 0.1000000015
88416  52.476  26.101  46.060 0.1000000015
88417  51.880  26.659  46.563 0.1000000015
87940  52.330  25.863  44.473 0.1000000015
87931  50.950  25.276  45.252 0.1000000015
120644  45.433  26.851  45.497 0.1000000015
88437  44.703  26.542  45.660 0.1000000015
118138  43.264  26.857  45.580 0.1000000015
88951  42.113  27.691  44.851 0.1000000015
89501  41.565  28.133  44.456 0.1000000015
89502  40.896  28.484  44.005 0.1000000015
89520  40.937  28.797  43.282 0.1000000015
90113  41.457  29.044  40.784 0.1000000015
122170  39.721  28.646  42.453 0.1000000015
89521  39.154  28.537  42.955 0.1000000015
90125  41.272  28.733  39.963 0.1000000015
89550  38.202  28.182  41.167 0.1000000015
89565  38.150  28.353  40.892 0.1000000015
90114  37.470  28.847  41.072 0.1000000015
89560  41.575  28.705  39.396 0.1000000015
117286  37.437  24.860  55.325 0.1000000015
87833  37.015  25.660  55.406 0.1000000015
88343  36.591  26.557  55.474 0.1000000015
88344  35.650  26.781  55.340 0.1000000015
88355  34.689  26.886  54.607 0.1000000015
118164  34.416  26.983  53.781 0.1000000015
89438  34.364  28.279  53.038 0.1000000015
88852  34.827  27.673  55.017 0.1000000015
88858  34.493  27.723  54.393 0.1000000015
119048  34.127  28.930  53.408 0.1000000015
90006  34.193  29.022  52.731 0.1000000015
90007  33.816  29.736  52.427 0.1000000015
90011  33.788  29.894  51.459 0.1000000015
90585  33.513  30.594  50.984 0.1000000015
88924  51.005  27.923  45.772 0.1000000015
89478  50.181  28.546  46.074 0.1000000015
89469  49.521  28.272  47.055 0.1000000015
89461  46.117  28.372  48.044 0.1000000015
90587  34.014  30.091  49.736 0.1000000015
90588  33.554  30.567  50.163 0.1000000015
89479  49.936  28.380  46.588 0.1000000015
89470  48.991  28.708  47.062 0.1000000015
89472  47.114  28.727  47.545 0.1000000015
90031  44.699  29.358  48.280 0.1000000015
90596  41.390  30.275  48.478 0.1000000015
88923  51.799  27.396  45.367 0.1000000015
88912  51.472  27.350  46.204 0.1000000015
90034  41.143  29.791  49.063 0.1000000015
120858  40.727  30.239  48.736 0.1000000015
90038  37.508  29.660  48.776 0.1000000015
90600  37.053  30.078  48.122 0.1000000015
90040  35.470  29.841  48.701 0.1000000015
88432  52.531  26.077  45.104 0.1000000015
88911  52.216  26.794  45.723 0.1000000015
87942  51.502  25.638  44.436 0.1000000015
88433  49.287  26.236  44.998 0.1000000015
88926  46.171  27.225  45.214 0.1000000015
88927  44.837  27.285  45.260 0.1000000015
88928  44.079  27.072  45.417 0.1000000015
124033  43.471  27.580  45.058 0.1000000015
89499  43.367  28.200  44.397 0.1000000015
90087  42.293  29.277  42.943 0.1000000015
89534  41.323  29.145  42.672 0.1000000015
90124  42.113  28.844  40.113 0.1000000015
90099  41.811  29.413  41.906 0.1000000015
90137  42.313  28.628  39.145 0.1000000015
90112  42.389  29.458  41.188 0.1000000015
88341  38.569  26.674  55.563 0.1000000015
88342  37.721  26.418  55.560 0.1000000015
88850  36.228  27.421  55.521 0.1000000015
88851  35.397  27.584  55.352 0.1000000015
89412  35.926  28.201  55.538 0.1000000015
89413  35.139  28.367  55.280 0.1000000015
89432  34.223  28.536  54.012 0.1000000015
89999  33.875  29.530  53.277 0.1000000015
90573  33.655  30.270  53.047 0.1000000015
91170  33.231  31.192  50.557 0.1000000015
126785  49.749  28.853  46.341 0.1000000015
90047  48.777  29.347  46.905 0.1000000015
121990  33.577  30.650  49.417 0.1000000015
90048  47.899  29.441  47.107 0.1000000015
89473  46.210  29.263  47.796 0.1000000015
90594  43.105  30.318  48.343 0.1000000015
90595  42.155  30.314  48.305 0.1000000015
90590  34.147  30.302  48.985 0.1000000015
88922  52.337  26.850  44.820 0.1000000015
112994  46.188  30.083  47.500 0.1000000015
90050  45.415  29.696  47.879 0.1000000015
90052  43.967  30.608  48.082 0.1000000015
90597  39.964  30.380  48.524 0.1000000015
90598  38.978  30.287  48.434 0.1000000015
90599  38.009  30.183  48.105 0.1000000015
90601  36.146  30.188  48.089 0.1000000015
90041  34.777  30.147  48.640 0.1000000015
90603  34.464  30.828  48.293 0.1000000015
90591  33.665  30.899  48.739 0.1000000015
88460  51.993  26.502  43.280 0.1000000015
90613  43.382  30.996  47.867 0.1000000015
117906  41.746  30.712  47.937 0.1000000015
127839  40.102  30.606  47.630 0.1000000015
117972  38.629  30.552  47.711 0.1000000015
91186  37.326  31.073  47.203 0.1000000015
90621  35.960  30.917  47.601 0.1000000015
90602  35.309  30.464  48.117 0.1000000015
88454  50.224  26.386  44.061 0.1000000015
90633  38.824  30.875  46.940 0.1000000015
90618  38.023  30.746  47.380 0.1000000015
124251  45.492  27.470  45.068 0.1000000015
89498  44.323  28.204  44.278 0.1000000015
127481  43.866  27.900  44.638 0.1000000015
89519  42.830  28.790  43.752 0.1000000015
90098  42.776  29.481  42.188 0.1000000015
90698  42.681  28.965  37.629 0.1000000015
89583  42.289  28.828  38.347 0.1000000015
90136  43.090  28.556  38.913 0.1000000015
113374  38.953  28.657  55.658 0.1000000015
116547  38.465  27.978  55.628 0.1000000015
116546  37.590  28.011  55.630 0.1000000015
124056  36.472  28.667  55.603 0.1000000015
116376  36.756  28.054  55.610 0.1000000015
89981  35.780  29.104  55.483 0.1000000015
89982  34.896  29.181  55.119 0.1000000015
89998  34.040  29.284  53.857 0.1000000015
90558  35.358  29.953  55.223 0.1000000015
90559  34.711  29.881  54.843 0.1000000015
90566  34.275  30.308  54.359 0.1000000015
89990  33.840  29.912  53.864 0.1000000015
90580  33.478  30.633  52.016 0.1000000015
90565  34.955  30.632  54.781 0.1000000015
91171  32.835  31.585  50.278 0.1000000015
89488  50.745  28.496  45.323 0.1000000015
90063  50.121  29.025  45.677 0.1000000015
90053  49.685  29.360  46.174 0.1000000015
90054  49.219  29.833  46.553 0.1000000015
91173  33.163  31.113  49.860 0.1000000015
89487  51.514  27.888  44.889 0.1000000015
90073  50.474  29.039  44.916 0.1000000015
111590  48.525  30.026  46.816 0.1000000015
90049  47.020  29.707  47.339 0.1000000015
91174  32.674  31.649  49.659 0.1000000015
89494  52.051  27.534  43.931 0.1000000015
125623  51.861  27.622  43.274 0.1000000015
90065  49.463  30.199  46.084 0.1000000015
90055  48.097  30.600  46.643 0.1000000015
90056  47.043  30.564  47.028 0.1000000015
90611  45.385  30.451  47.552 0.1000000015
90612  44.644  30.823  47.612 0.1000000015
91178  32.609  31.782  48.907 0.1000000015
88459  52.248  26.564  43.613 0.1000000015
88966  51.624  26.878  42.713 0.1000000015
90628  47.606  31.319  46.427 0.1000000015
90629  46.506  31.259  46.800 0.1000000015
90630  45.439  31.181  47.111 0.1000000015
120759  44.020  31.079  47.646 0.1000000015
91184  42.910  31.215  47.436 0.1000000015
123147  41.280  31.331  46.574 0.1000000015
90632  39.754  30.799  46.872 0.1000000015
90620  36.743  30.676  47.601 0.1000000015
90622  35.183  31.255  47.697 0.1000000015
91189  34.423  31.634  47.784 0.1000000015
91176  33.867  31.343  48.228 0.1000000015
88461  51.228  26.487  43.266 0.1000000015
88945  50.085  26.812  43.177 0.1000000015
91182  44.517  31.347  47.118 0.1000000015
91183  43.622  31.408  47.082 0.1000000015
91196  42.778  31.508  46.725 0.1000000015
91197  40.301  31.350  46.399 0.1000000015
128228  38.603  31.596  46.504 0.1000000015
91187  36.595  31.385  47.174 0.1000000015
119107  35.107  32.087  47.342 0.1000000015
108263  49.348  26.770  44.214 0.1000000015
88946  48.848  27.407  43.944 0.1000000015
113568  46.711  27.577  44.649 0.1000000015
88948  45.990  27.890  44.394 0.1000000015
89497  45.238  28.298  44.007 0.1000000015
89517  44.686  28.788  43.553 0.1000000015
89518  43.780  28.752  43.701 0.1000000015
90085  44.150  29.267  43.009 0.1000000015
90086  43.263  29.247  43.052 0.1000000015
90097  43.642  29.488  42.277 0.1000000015
112946  42.819  28.867  39.702 0.1000000015
107530  43.043  29.446  40.602 0.1000000015
90696  44.149  29.358  36.862 0.1000000015
90697  43.321  29.175  37.418 0.1000000015
91280  44.360  30.592  36.509 0.1000000015
90691  43.110  30.115  37.786 0.1000000015
89976  40.367  29.487  55.518 0.1000000015
89977  39.382  29.410  55.605 0.1000000015
113372  37.194  28.678  55.650 0.1000000015
113403  38.871  30.110  55.617 0.1000000015
89979  37.608  29.365  55.636 0.1000000015
89980  36.737  29.325  55.613 0.1000000015
113402  38.056  30.068  55.608 0.1000000015
90557  37.198  30.093  55.572 0.1000000015
116899  36.253  30.058  55.479 0.1000000015
91154  33.555  31.114  52.724 0.1000000015
90572  33.857  30.762  53.658 0.1000000015
91153  34.157  31.631  53.197 0.1000000015
91165  33.323  31.384  51.237 0.1000000015
89529  51.418  27.733  41.985 0.1000000015
90081  50.840  29.009  43.796 0.1000000015
90074  50.133  29.601  44.601 0.1000000015
90064  49.861  29.633  45.526 0.1000000015
91770  31.658  32.778  50.119 0.1000000015
88980  51.194  27.221  42.011 0.1000000015
88979  51.656  27.279  42.583 0.1000000015
90640  48.530  31.078  46.212 0.1000000015
91777  32.856  32.143  48.260 0.1000000015
118450  50.503  27.122  42.177 0.1000000015
91194  46.903  31.793  46.317 0.1000000015
117573  45.077  31.646  46.646 0.1000000015
91190  33.615  31.985  47.874 0.1000000015
91802  46.736  32.434  45.815 0.1000000015
91209  44.353  31.848  46.286 0.1000000015
91214  40.006  31.973  45.934 0.1000000015
91791  38.026  32.189  46.331 0.1000000015
91792  36.473  32.115  46.771 0.1000000015
91188  35.844  31.700  47.208 0.1000000015
88969  48.200  28.064  43.578 0.1000000015
89496  45.915  28.383  43.727 0.1000000015
89516  45.549  28.837  43.365 0.1000000015
90084  45.074  29.345  42.745 0.1000000015
109269  43.997  29.597  41.278 0.1000000015
90123  43.809  29.374  39.861 0.1000000015
90166  45.032  28.293  35.357 0.1000000015
89591  44.115  28.391  37.063 0.1000000015
89582  43.227  28.412  37.623 0.1000000015
89570  43.480  28.304  38.092 0.1000000015
90555  40.016  30.951  55.464 0.1000000015
112914  39.692  30.191  55.530 0.1000000015
91138  36.826  30.938  55.357 0.1000000015
91139  35.795  30.841  55.193 0.1000000015
91146  35.333  31.535  54.524 0.1000000015
91147  34.477  31.229  54.150 0.1000000015
91158  33.863  32.053  52.200 0.1000000015
91159  33.485  31.509  51.904 0.1000000015
91166  32.886  32.008  50.928 0.1000000015
91769  32.357  32.248  50.336 0.1000000015
91764  31.796  32.993  50.807 0.1000000015
92407  30.956  33.305  50.686 0.1000000015
90092  51.180  28.749  42.503 0.1000000015
90082  50.232  29.852  43.493 0.1000000015
114184  31.084  33.136  49.957 0.1000000015
90638  49.468  30.432  44.965 0.1000000015
113906  48.931  31.369  45.345 0.1000000015
91778  32.194  32.574  48.691 0.1000000015
91775  31.616  32.842  49.439 0.1000000015
88986  51.107  27.598  41.327 0.1000000015
88981  50.853  27.313  41.492 0.1000000015
91222  49.042  31.352  44.389 0.1000000015
114948  48.721  31.400  45.816 0.1000000015
91784  33.195  32.543  47.813 0.1000000015
91779  31.607  33.113  48.840 0.1000000015
89531  49.338  27.964  41.383 0.1000000015
89532  48.077  28.587  41.991 0.1000000015
91205  48.576  32.005  45.427 0.1000000015
91206  48.272  31.755  45.883 0.1000000015
91803  45.824  32.752  45.665 0.1000000015
91805  43.923  32.586  45.667 0.1000000015
91211  42.521  31.975  45.929 0.1000000015
91213  40.781  31.973  45.877 0.1000000015
91809  39.397  32.388  45.845 0.1000000015
92432  37.114  32.660  46.374 0.1000000015
91782  35.764  32.518  46.900 0.1000000015
92425  35.037  32.996  47.081 0.1000000015
107537  33.738  32.721  47.610 0.1000000015
92427  33.313  33.225  47.589 0.1000000015
92421  32.014  33.309  48.217 0.1000000015
92415  30.992  33.446  49.307 0.1000000015
89514  47.474  28.690  43.117 0.1000000015
90083  46.043  29.346  42.678 0.1000000015
92441  46.295  33.927  45.507 0.1000000015
117166  44.385  33.247  45.474 0.1000000015
91806  43.069  32.660  45.561 0.1000000015
91808  41.266  32.770  45.520 0.1000000015
107039  40.250  32.757  45.546 0.1000000015
91790  38.804  32.133  46.183 0.1000000015
121393  37.298  33.397  46.117 0.1000000015
91793  35.805  33.507  46.657 0.1000000015
92426  34.190  33.423  47.282 0.1000000015
116945  46.360  29.511  41.903 0.1000000015
90095  45.684  29.547  42.073 0.1000000015
90096  44.995  29.561  41.711 0.1000000015
90110  44.897  29.584  40.542 0.1000000015
125027  44.379  29.491  42.272 0.1000000015
90122  44.784  29.336  39.537 0.1000000015
90712  46.611  29.424  34.279 0.1000000015
90157  44.414  28.482  36.311 0.1000000015
90554  40.796  30.928  55.419 0.1000000015
119259  41.082  30.132  55.459 0.1000000015
122512  38.418  30.648  55.549 0.1000000015
115954  37.721  30.771  55.498 0.1000000015
127371  36.972  31.591  55.178 0.1000000015
91145  36.352  31.785  54.855 0.1000000015
91152  34.901  32.111  53.648 0.1000000015
91752  34.660  32.555  52.468 0.1000000015
91756  34.473  33.058  51.703 0.1000000015
91762  34.307  33.523  51.624 0.1000000015
107099  33.251  33.153  51.506 0.1000000015
90106  51.321  28.175  41.355 0.1000000015
92402  31.242  33.342  51.459 0.1000000015
92403  29.814  33.973  51.463 0.1000000015
92408  30.390  33.566  50.089 0.1000000015
119223  49.481  30.714  43.797 0.1000000015
93040  29.502  34.618  50.289 0.1000000015
88982  49.933  27.482  41.784 0.1000000015
91233  49.181  31.399  43.261 0.1000000015
91223  48.768  32.149  44.818 0.1000000015
91817  48.568  32.809  45.060 0.1000000015
108192  47.469  33.079  45.517 0.1000000015
112709  46.691  33.175  45.542 0.1000000015
91785  32.637  32.864  47.939 0.1000000015
92423  30.651  34.069  48.804 0.1000000015
92416  30.311  33.888  49.390 0.1000000015
90094  47.669  28.878  41.450 0.1000000015
91825  48.539  33.099  44.234 0.1000000015
92453  48.425  33.912  44.892 0.1000000015
92440  47.213  34.118  45.485 0.1000000015
93068  46.010  34.963  45.553 0.1000000015
117165  43.716  33.517  45.416 0.1000000015
115302  41.941  33.721  45.377 0.1000000015
116603  39.408  33.200  45.539 0.1000000015
91811  37.835  33.000  45.970 0.1000000015
119439  36.360  32.838  46.600 0.1000000015
92434  34.958  33.935  46.820 0.1000000015
93049  31.131  34.426  48.218 0.1000000015
90108  46.971  29.261  41.261 0.1000000015
93069  45.173  34.983  45.531 0.1000000015
93070  44.320  35.135  45.627 0.1000000015
109275  43.606  34.581  45.525 0.1000000015
120465  40.116  33.639  45.406 0.1000000015
128840  38.231  33.300  45.761 0.1000000015
93060  37.101  34.106  46.144 0.1000000015
93063  34.277  34.423  46.925 0.1000000015
92428  32.633  33.786  47.667 0.1000000015
92429  31.834  34.061  47.936 0.1000000015
89559  47.342  28.275  38.862 0.1000000015
90121  45.724  29.265  39.873 0.1000000015
92444  39.546  34.128  45.463 0.1000000015
124336  38.259  34.379  45.757 0.1000000015
93075  37.679  34.678  46.040 0.1000000015
90144  45.635  28.296  37.716 0.1000000015
90134  45.369  28.851  38.739 0.1000000015
89579  46.658  28.267  36.745 0.1000000015
90145  44.554  28.400  37.867 0.1000000015
89601  45.732  28.077  35.136 0.1000000015
89580  45.113  27.884  36.968 0.1000000015
90135  44.144  28.796  38.817 0.1000000015
90564  41.552  30.849  55.232 0.1000000015
90556  39.123  30.951  55.502 0.1000000015
91137  38.287  31.359  55.475 0.1000000015
91736  37.187  32.184  55.002 0.1000000015
91745  35.784  32.465  53.949 0.1000000015
91751  35.491  32.927  52.746 0.1000000015
91755  35.237  33.444  51.848 0.1000000015
92363  36.761  32.801  54.100 0.1000000015
92401  32.264  33.304  51.517 0.1000000015
113862  30.448  33.554  51.483 0.1000000015
90093  50.691  29.519  41.858 0.1000000015
93034  29.751  34.279  52.283 0.1000000015
110497  29.477  34.685  51.698 0.1000000015
92395  30.082  33.793  52.064 0.1000000015
90653  49.778  30.592  42.733 0.1000000015
93044  29.552  34.835  49.504 0.1000000015
89544  50.653  28.144  40.173 0.1000000015
89530  50.682  27.633  40.899 0.1000000015
92417  29.819  34.144  49.785 0.1000000015
93051  29.728  35.142  48.780 0.1000000015
89545  49.970  27.740  40.216 0.1000000015
89546  48.647  28.342  40.967 0.1000000015
91234  48.802  32.221  43.734 0.1000000015
92465  48.492  34.335  43.909 0.1000000015
92454  48.112  34.955  44.969 0.1000000015
110911  46.868  35.166  45.553 0.1000000015
111252  43.920  35.896  46.134 0.1000000015
93050  30.368  34.759  48.457 0.1000000015
127892  49.743  27.751  39.579 0.1000000015
90120  47.858  28.651  40.589 0.1000000015
93712  46.549  35.875  45.504 0.1000000015
93071  42.883  35.099  45.737 0.1000000015
107473  41.700  34.852  45.622 0.1000000015
93061  36.357  34.306  46.396 0.1000000015
93062  35.575  34.517  46.562 0.1000000015
117653  34.909  34.744  46.675 0.1000000015
93056  32.935  34.618  47.317 0.1000000015
93057  31.625  34.808  47.655 0.1000000015
93701  30.632  35.819  47.736 0.1000000015
89569  48.490  27.835  38.400 0.1000000015
121639  46.897  28.932  40.095 0.1000000015
108558  42.452  36.173  46.104 0.1000000015
107466  40.632  35.678  45.740 0.1000000015
111146  38.921  34.656  45.661 0.1000000015
93076  36.948  34.978  46.264 0.1000000015
93705  36.142  35.178  46.366 0.1000000015
93707  34.383  35.385  46.576 0.1000000015
93699  32.279  35.176  47.167 0.1000000015
93700  31.352  35.677  47.355 0.1000000015
106356  47.833  28.038  37.676 0.1000000015
93717  42.041  36.630  46.009 0.1000000015
109351  39.102  35.540  45.687 0.1000000015
93721  37.652  35.588  46.049 0.1000000015
93722  36.734  35.752  46.155 0.1000000015
93706  35.319  35.368  46.456 0.1000000015
93709  32.679  35.762  46.665 0.1000000015
128728  41.325  37.335  45.435 0.1000000015
94352  40.923  36.970  45.596 0.1000000015
94353  39.160  36.385  45.487 0.1000000015
94355  37.261  36.279  45.758 0.1000000015
94356  36.395  36.350  45.732 0.1000000015
94342  34.976  36.201  46.148 0.1000000015
94343  33.957  36.232  46.206 0.1000000015
93708  33.488  35.629  46.602 0.1000000015
94362  42.205  37.406  45.296 0.1000000015
94962  41.580  37.637  45.075 0.1000000015
94363  39.639  37.262  45.077 0.1000000015
94365  37.714  36.746  45.236 0.1000000015
94968  41.032  37.946  44.626 0.1000000015
94969  40.262  37.966  44.597 0.1000000015
94364  38.571  36.958  45.074 0.1000000015
94366  36.849  36.920  45.033 0.1000000015
94367  35.879  36.781  45.092 0.1000000015
94971  37.795  37.433  44.541 0.1000000015
94972  36.846  37.576  44.288 0.1000000015
114895  39.637  31.641  55.442 0.1000000015
91136  38.928  31.924  55.392 0.1000000015
91735  38.068  32.328  55.237 0.1000000015
91744  37.623  32.935  54.513 0.1000000015
91750  36.356  33.187  52.992 0.1000000015
92378  36.122  33.681  51.918 0.1000000015
92390  34.989  33.791  51.633 0.1000000015
93686  29.561  35.083  52.560 0.1000000015
90107  51.052  28.556  40.699 0.1000000015
90665  50.431  29.922  40.758 0.1000000015
90659  50.028  30.549  41.748 0.1000000015
117346  29.432  35.422  51.764 0.1000000015
93689  29.401  35.242  50.899 0.1000000015
91241  49.506  31.526  42.100 0.1000000015
93691  29.478  35.641  49.348 0.1000000015
91832  49.332  32.738  41.938 0.1000000015
92480  48.564  34.219  42.759 0.1000000015
93079  48.178  35.266  44.429 0.1000000015
93080  47.738  35.812  44.974 0.1000000015
93087  47.057  35.910  44.265 0.1000000015
93695  30.203  35.530  48.225 0.1000000015
93081  47.130  36.012  45.344 0.1000000015
93726  46.564  36.192  45.319 0.1000000015
93714  45.138  35.800  45.544 0.1000000015
94337  30.777  36.445  47.429 0.1000000015
93088  46.008  35.547  44.108 0.1000000015
93089  44.962  35.209  43.974 0.1000000015
93728  45.000  35.791  45.557 0.1000000015
93715  44.415  36.111  45.974 0.1000000015
93710  31.937  35.876  46.797 0.1000000015
93109  44.399  34.391  42.997 0.1000000015
93090  43.995  35.053  43.875 0.1000000015
93735  43.915  36.073  44.927 0.1000000015
93716  43.459  36.363  46.059 0.1000000015
93110  43.357  34.427  42.723 0.1000000015
93736  43.127  36.398  44.578 0.1000000015
94350  42.710  36.872  45.837 0.1000000015
94344  33.068  36.324  46.252 0.1000000015
94345  32.171  36.564  46.383 0.1000000015
94361  42.798  37.130  45.246 0.1000000015
94357  35.088  36.776  45.352 0.1000000015
94358  34.259  36.779  45.566 0.1000000015
112115  36.055  37.392  44.401 0.1000000015
94965  34.486  37.365  44.887 0.1000000015
94964  35.267  37.316  44.661 0.1000000015
92362  37.447  33.411  53.415 0.1000000015
92389  35.648  34.077  51.625 0.1000000015
123434  30.197  33.986  52.710 0.1000000015
94315  30.698  36.427  54.240 0.1000000015
94318  30.170  36.035  53.599 0.1000000015
93027  29.900  34.540  52.975 0.1000000015
93681  29.975  35.140  53.526 0.1000000015
94322  30.050  36.494  52.813 0.1000000015
94323  29.600  35.974  52.249 0.1000000015
94330  29.419  36.097  50.190 0.1000000015
91247  49.659  32.036  41.193 0.1000000015
91833  49.060  33.555  42.004 0.1000000015
126882  48.572  34.007  42.112 0.1000000015
93106  47.614  35.257  43.475 0.1000000015
94945  29.739  36.856  50.732 0.1000000015
120368  29.654  36.833  49.916 0.1000000015
94332  29.626  36.503  49.227 0.1000000015
92481  48.141  34.547  42.680 0.1000000015
94338  30.216  36.300  47.994 0.1000000015
92495  46.768  33.525  41.974 0.1000000015
92482  47.239  34.389  42.639 0.1000000015
93107  46.609  35.009  43.345 0.1000000015
92483  46.087  34.006  42.561 0.1000000015
94346  31.413  36.503  46.888 0.1000000015
117843  30.939  37.090  47.063 0.1000000015
91844  45.277  32.968  41.036 0.1000000015
92496  45.650  33.326  41.826 0.1000000015
92484  45.001  33.792  42.378 0.1000000015
94360  32.687  36.939  45.949 0.1000000015
94966  33.705  37.512  45.185 0.1000000015
94359  33.389  36.875  45.727 0.1000000015
95562  35.390  38.021  44.082 0.1000000015
94973  34.762  37.907  44.422 0.1000000015
92388  36.601  34.483  51.802 0.1000000015
106475  30.948  35.917  54.966 0.1000000015
91840  49.332  32.822  41.290 0.1000000015
91248  49.586  32.152  40.674 0.1000000015
91841  48.639  33.297  41.480 0.1000000015
92494  47.955  33.963  41.938 0.1000000015
94949  29.827  37.105  49.439 0.1000000015
91254  49.518  31.693  40.005 0.1000000015
91850  49.059  32.500  40.657 0.1000000015
91851  48.014  32.520  40.722 0.1000000015
91842  47.450  33.135  41.334 0.1000000015
94954  30.435  37.164  47.708 0.1000000015
111410  48.638  31.875  40.000 0.1000000015
91843  46.269  32.967  41.217 0.1000000015
94953  30.985  37.865  47.059 0.1000000015
91852  46.788  32.430  40.686 0.1000000015
94958  31.527  37.371  46.527 0.1000000015
91853  45.744  32.499  40.530 0.1000000015
94957  31.957  38.099  46.041 0.1000000015
116498  32.195  37.342  46.067 0.1000000015
95555  33.350  38.409  45.043 0.1000000015
94967  32.785  37.682  45.565 0.1000000015
94974  34.099  38.156  44.611 0.1000000015
95563  34.701  38.714  44.023 0.1000000015
123516  30.423  34.844  54.227 0.1000000015
93673  30.449  35.534  54.290 0.1000000015
94930  30.566  36.895  53.452 0.1000000015
91255  47.294  31.745  40.120 0.1000000015
93032  35.694  34.584  51.731 0.1000000015
93037  34.655  34.265  51.709 0.1000000015
92377  37.082  33.841  52.313 0.1000000015
111816  44.526  21.244  50.308 0.1000000015
85077  40.109  21.360  50.814 0.1000000015
125804  52.340  23.537  49.141 0.1000000015
87421  52.403  24.761  45.988 0.1000000015
87936  45.395  26.021  45.999 0.1000000015
122305  42.975  24.046  46.716 0.1000000015
88947  47.677  27.545  44.552 0.1000000015
88970  47.031  28.000  43.987 0.1000000015
87943  50.459  25.845  44.710 0.1000000015
106525  36.098  20.610  44.753 0.1000000015
85121  41.358  20.301  45.531 0.2000000030
85743  40.071  21.077  45.936 0.2000000030
85140  34.312  20.496  44.354 0.1000000015
126712  34.832  20.570  44.721 0.1000000015
122390  43.846  22.019  47.120 0.1000000015
85740  32.148  20.799  46.936 0.1000000015
85701  29.688  21.675  48.299 0.1000000015
85699  31.625  21.781  48.093 0.1000000015
86288  30.080  22.336  48.769 0.1000000015
86290  28.548  22.470  48.824 0.1000000015
85704  27.255  21.960  48.208 0.1000000015
85128  33.732  20.506  45.035 0.1000000015
121423  30.576  22.696  48.870 0.1000000015
85111  34.811  20.720  46.151 0.1000000015
85738  34.262  21.124  46.922 0.1000000015
85739  32.813  20.977  47.023 0.1000000015
86861  45.911  23.826  49.479 0.1000000015
87371  51.596  24.217  49.221 0.1000000015
86855  51.944  23.413  49.584 0.1000000015
86287  31.704  22.579  48.492 0.1000000015
86865  29.952  24.028  49.349 0.1000000015
111484  32.480  22.813  48.463 0.1000000015
86289  29.430  22.777  49.138 0.1000000015
115332  33.575  22.191  48.098 0.1000000015
86876  27.884  23.218  49.063 0.1000000015
86284  34.054  22.798  48.248 0.1000000015
85735  37.779  21.353  46.493 0.1000000015
86270  41.140  22.623  50.527 0.1000000015
116230  41.955  22.376  50.479 0.1000000015
128484  40.664  23.165  50.482 0.1000000015
109702  39.886  24.100  50.451 0.1000000015
86255  37.197  22.342  51.451 0.1000000015
86845  43.299  22.931  50.139 0.1000000015
86846  42.100  23.693  50.218 0.1000000015
86843  45.434  22.939  49.610 0.1000000015
126460  44.401  23.604  49.673 0.1000000015
87361  41.321  24.339  50.207 0.1000000015
87852  35.984  25.482  51.452 0.1000000015
87378  43.844  24.784  49.632 0.1000000015
87857  40.751  25.214  50.114 0.1000000015
87859  39.354  25.899  50.405 0.1000000015
87882  49.664  25.607  48.626 0.1000000015
87898  51.630  25.483  48.205 0.1000000015
87918  41.974  25.300  46.436 0.1000000015
87921  39.671  25.494  46.428 0.1000000015
88408  32.866  26.237  47.091 0.1000000015
86903  39.758  23.104  46.799 0.1000000015
86902  40.318  23.390  46.687 0.1000000015
120973  38.441  26.178  46.096 0.1000000015
87418  37.833  25.127  46.704 0.1000000015
88424  37.844  25.874  46.285 0.1000000015
87902  34.495  25.128  47.790 0.1000000015
87387  34.184  24.415  48.222 0.1000000015
87388  33.371  24.514  48.352 0.1000000015
86887  37.189  23.557  47.371 0.1000000015
86889  35.472  23.353  47.845 0.1000000015
119542  26.711  23.832  48.504 0.1000000015
87395  26.830  24.594  48.457 0.1000000015
85731  41.464  21.522  46.459 0.1000000015
86302  38.249  22.751  47.170 0.1000000015
117101  38.706  22.268  47.021 0.1000000015
87894  26.528  25.264  48.067 0.1000000015
87351  34.859  24.978  52.299 0.1000000015
87872  44.842  25.739  49.388 0.1000000015
87874  42.855  25.832  49.594 0.1000000015
87886  45.586  25.957  49.103 0.1000000015
88386  42.558  26.547  49.507 0.1000000015
88883  43.003  27.106  49.307 0.1000000015
113752  42.279  27.262  49.404 0.1000000015
88874  40.155  27.109  49.977 0.1000000015
89443  38.901  27.978  50.260 0.1000000015
88392  50.271  26.280  48.147 0.1000000015
88438  43.117  26.140  46.051 0.1000000015
88441  39.630  26.767  45.725 0.1000000015
87905  31.588  25.850  47.960 0.1000000015
88427  35.015  26.442  46.519 0.1000000015
126242  33.710  26.567  46.499 0.1000000015
88428  32.428  26.711  46.567 0.1000000015
88413  27.363  26.706  47.793 0.1000000015
88401  26.896  26.023  48.037 0.1000000015
88878  36.723  27.806  50.915 0.1000000015
123454  42.135  27.766  49.299 0.1000000015
89444  38.149  28.226  50.338 0.1000000015
88892  48.151  27.176  47.965 0.1000000015
89465  42.860  28.387  48.780 0.1000000015
114748  50.733  26.802  47.603 0.1000000015
88956  37.723  27.758  44.561 0.1000000015
88933  39.143  27.388  45.254 0.1000000015
88957  36.845  27.740  44.371 0.1000000015
88974  35.757  27.812  43.022 0.1000000015
124870  34.963  27.717  43.536 0.1000000015
125915  35.184  27.556  44.247 0.1000000015
85669  36.278  21.499  52.444 0.1000000015
86247  35.454  22.725  53.515 0.1000000015
86829  34.765  24.057  53.396 0.1000000015
122734  34.484  26.479  54.150 0.1000000015
89446  35.553  28.570  50.962 0.1000000015
113900  46.563  27.049  48.259 0.1000000015
109953  40.267  28.667  49.633 0.1000000015
89453  38.752  28.721  50.021 0.1000000015
89455  37.281  29.109  50.022 0.1000000015
119242  42.443  29.012  48.744 0.1000000015
90018  41.331  29.073  49.272 0.1000000015
90020  39.893  29.272  49.550 0.1000000015
90021  38.634  29.325  49.626 0.1000000015
88901  49.505  27.653  47.508 0.1000000015
88418  51.125  27.150  46.939 0.1000000015
87930  51.909  25.109  44.962 0.1000000015
126051  42.799  27.800  44.797 0.1000000015
109850  40.152  28.619  43.352 0.1000000015
89552  36.348  28.268  41.874 0.1000000015
88983  35.963  27.993  42.310 0.1000000015
89539  35.579  28.381  42.124 0.1000000015
89537  38.322  28.321  42.265 0.1000000015
89551  37.286  28.260  41.453 0.1000000015
90115  36.601  28.914  41.470 0.1000000015
114365  35.949  29.439  41.701 0.1000000015
86822  35.334  23.930  54.388 0.1000000015
87834  35.867  25.773  55.223 0.1000000015
113783  34.662  26.067  54.427 0.1000000015
89462  45.421  28.893  48.199 0.1000000015
88902  48.740  27.960  47.488 0.1000000015
89471  48.201  28.683  47.242 0.1000000015
90032  43.967  29.841  48.397 0.1000000015
90033  42.401  29.714  48.575 0.1000000015
88913  50.621  27.829  46.464 0.1000000015
88452  52.099  26.154  43.877 0.1000000015
88453  51.812  26.078  43.781 0.1000000015
88950  44.268  27.674  44.916 0.1000000015
89500  42.415  28.268  44.385 0.1000000015
107189  41.768  28.769  43.704 0.1000000015
89535  40.448  28.876  42.487 0.1000000015
90100  40.736  28.956  41.462 0.1000000015
89536  39.005  28.423  41.803 0.1000000015
89549  39.091  28.236  40.775 0.1000000015
89564  38.770  28.318  40.613 0.1000000015
90129  38.091  28.909  40.687 0.1000000015
125415  37.031  29.662  41.272 0.1000000015
89422  34.618  28.475  54.797 0.1000000015
89480  49.433  29.018  46.632 0.1000000015
90051  44.673  30.153  48.006 0.1000000015
90616  40.840  30.587  48.010 0.1000000015
108552  51.082  26.104  44.027 0.1000000015
88949  45.024  27.823  44.674 0.1000000015
88849  37.150  27.310  55.575 0.1000000015
89989  34.333  29.369  54.454 0.1000000015
112000  33.084  31.198  49.152 0.1000000015
124145  47.742  30.092  47.015 0.1000000015
90614  42.584  30.866  47.942 0.1000000015
90610  46.101  30.734  47.231 0.1000000015
90617  39.369  30.584  47.710 0.1000000015
91177  33.230  31.500  48.509 0.1000000015
88965  52.180  26.936  43.156 0.1000000015
90615  41.347  30.894  47.385 0.1000000015
91185  42.118  31.181  47.265 0.1000000015
90631  40.592  30.813  47.053 0.1000000015
91199  37.994  31.336  46.805 0.1000000015
91198  39.386  31.557  46.366 0.1000000015
89571  42.666  28.496  38.295 0.1000000015
90153  42.693  28.573  37.788 0.1000000015
113373  38.037  28.678  55.641 0.1000000015
89495  51.365  28.343  44.173 0.1000000015
90627  48.919  30.493  46.428 0.1000000015
91774  32.207  32.301  49.534 0.1000000015
89512  51.532  28.160  42.973 0.1000000015
90639  49.100  30.894  45.940 0.1000000015
88967  51.034  26.811  42.487 0.1000000015
91195  45.950  31.839  46.394 0.1000000015
122806  42.078  31.568  46.462 0.1000000015
88968  49.332  27.525  42.874 0.1000000015
91208  45.186  32.076  46.100 0.1000000015
91210  43.374  31.896  46.101 0.1000000015
91212  41.677  31.982  45.877 0.1000000015
91200  37.238  31.771  46.724 0.1000000015
91783  34.360  32.469  47.491 0.1000000015
112923  46.521  28.337  43.700 0.1000000015
118781  43.994  30.060  37.450 0.1000000015
91757  33.517  32.448  51.549 0.1000000015
91207  47.595  32.155  45.898 0.1000000015
91804  44.799  32.653  45.692 0.1000000015
89515  46.443  28.916  43.206 0.1000000015
90165  45.898  28.641  34.755 0.1000000015
89596  44.885  27.684  35.855 0.1000000015
89581  44.140  28.341  37.325 0.1000000015
91763  32.394  32.641  51.094 0.1000000015
122014  51.078  27.899  40.804 0.1000000015
89513  48.686  28.133  42.508 0.1000000015
91801  48.219  32.820  45.427 0.1000000015
92442  45.243  33.712  45.448 0.1000000015
91807  42.187  32.745  45.518 0.1000000015
91810  38.604  32.818  45.812 0.1000000015
93055  33.524  34.083  47.323 0.1000000015
89533  47.045  29.226  42.296 0.1000000015
109276  44.439  34.074  45.405 0.1000000015
117164  42.865  33.646  45.388 0.1000000015
92433  36.657  33.466  46.368 0.1000000015
90109  45.969  29.581  41.077 0.1000000015
119609  44.697  27.868  36.571 0.1000000015
92439  47.988  34.084  45.329 0.1000000015
107502  48.859  33.319  42.935 0.1000000015
93067  47.609  35.209  45.322 0.1000000015
92443  40.943  33.674  45.394 0.1000000015
92445  38.665  33.713  45.611 0.1000000015
93727  45.884  36.076  45.383 0.1000000015
107279  40.570  34.673  45.534 0.1000000015
117135  32.274  34.482  47.554 0.1000000015
90143  46.513  28.349  38.174 0.1000000015
90133  46.349  28.741  39.199 0.1000000015
93073  39.790  35.128  45.658 0.1000000015
93074  38.331  35.130  45.913 0.1000000015
89590  45.423  27.641  35.998 0.1000000015
107566  48.973  27.920  39.984 0.1000000015
89557  49.316  27.778  38.993 0.1000000015
89558  48.121  28.167  39.514 0.1000000015
93072  41.476  35.838  45.924 0.1000000015
93065  33.041  35.206  46.959 0.1000000015
89568  49.381  27.638  37.991 0.1000000015
89578  48.860  27.695  37.641 0.1000000015
93719  40.128  36.169  45.656 0.1000000015
93720  38.448  35.788  45.787 0.1000000015
93723  35.886  35.919  46.166 0.1000000015
93718  41.212  36.461  45.820 0.1000000015
94963  40.722  37.467  45.181 0.1000000015
121692  40.116  36.857  45.408 0.1000000015
94975  41.826  37.765  44.655 0.1000000015
93737  42.187  36.417  43.908 0.1000000015
94369  42.071  37.387  44.483 0.1000000015
94970  39.112  37.865  44.448 0.1000000015
95560  40.942  38.465  43.983 0.1000000015
125354  50.818  28.859  40.039 0.1000000015
94327  29.510  36.110  51.289 0.1000000015
93733  45.558  35.939  44.927 0.1000000015
93108  45.462  34.620  43.179 0.1000000015
93734  44.687  35.765  44.922 0.1000000015
93729  44.330  36.244  45.833 0.1000000015
93091  43.153  35.292  43.636 0.1000000015
93730  43.567  36.573  45.792 0.1000000015
94951  30.234  37.444  48.434 0.1000000015
73232  39.607  3.601  38.491 0.1000000015
74079  39.271  4.331  38.188 0.1000000015
73231  40.308  3.173  38.047 0.1000000015
73242  39.826  3.921  37.751 0.1000000015
122570  40.300  3.590  37.330 0.1000000015
72407  41.850  2.575  34.746 0.1000000015
74093  39.514  4.674  37.476 0.1000000015
74107  39.781  5.059  36.745 0.1000000015
111353  40.557  3.721  36.643 0.1000000015
74092  40.023  4.235  37.023 0.1000000015
73265  40.835  3.946  35.800 0.1000000015
74106  40.337  4.559  36.278 0.1000000015
74115  41.162  4.102  34.909 0.1000000015
74116  40.620  4.893  35.338 0.1000000015
124148  40.409  5.773  35.321 0.1000000015
74961  40.006  6.288  35.701 0.1000000015
72415  41.993  2.564  33.984 0.1000000015
74951  39.494  6.013  36.475 0.1000000015
74950  40.130  5.447  35.992 0.1000000015
68023  37.877  -2.424  56.011 0.2000000030
68891  35.923  -1.216  60.198 0.1000000015
68900  35.724  -1.482  59.437 0.1000000015
68909  38.435  -1.674  58.473 0.1000000015
68920  38.183  -2.060  57.778 0.2000000030
68923  35.280  -1.434  57.711 0.2000000030
68977  42.161  -1.160  53.650 0.1000000015
69737  35.970  -0.670  60.685 0.1000000015
69741  32.645  0.462  60.432 0.1000000015
69754  33.221  -0.666  59.258 0.1000000015
69766  33.475  -0.700  58.433 0.2000000030
69772  34.468  -0.964  57.430 0.2000000030
69782  33.964  -0.265  56.877 0.2000000030
69790  35.994  -0.671  55.583 0.2000000030
69810  37.047  -0.490  54.719 0.2000000030
70547  38.123  0.039  61.034 0.1000000015
70571  43.865  0.902  58.654 0.1000000015
70583  34.316  0.278  56.262 0.2000000030
70593  35.441  0.141  55.641 0.2000000030
70594  34.921  0.930  55.851 0.2000000030
70634  41.801  0.592  52.498 0.1000000015
70635  41.195  1.063  52.494 0.1000000015
70724  50.355  0.275  37.819 0.1000000015
71377  30.941  1.774  60.086 0.1000000015
71388  31.075  1.327  59.780 0.2000000030
71396  30.938  1.066  59.170 0.2000000030
71587  54.317  2.291  35.447 0.1000000015
72218  29.420  2.743  59.404 0.1000000015
72226  29.307  2.575  58.618 0.2000000030
72238  30.651  2.608  56.657 0.2000000030
72243  35.756  2.455  55.244 0.1000000015
72267  39.530  2.616  53.550 0.1000000015
73042  30.001  3.106  60.085 0.1000000015
73085  34.132  3.620  54.794 0.1000000015
73908  32.528  4.399  54.528 0.2000000030
73916  39.574  4.349  53.853 0.1000000015
73921  34.578  3.732  54.145 0.1000000015
73943  47.918  4.806  51.536 0.2000000030
74044  42.508  4.527  41.521 0.4000000060
74727  27.372  5.819  58.236 0.2000000030
74730  27.760  5.433  56.943 0.2000000030
74731  27.489  5.600  57.596 0.2000000030
74997  43.498  6.444  29.048 0.4000000060
75727  37.515  6.625  46.635 0.2000000030
75882  44.580  6.350  30.946 0.5000000000
75901  42.821  6.969  28.743 0.4000000060
75906  43.067  6.888  28.691 0.4000000060
76521  26.826  7.847  58.079 0.1000000015
76524  27.084  7.699  57.475 0.2000000030
76706  55.392  9.058  37.488 0.2000000030
78738  42.983  10.409  28.889 0.4000000060
79391  39.329  12.215  37.226 0.3000000119
79428  42.973  10.885  28.913 0.5000000000
79998  35.328  12.275  48.548 0.3000000119
79999  34.864  12.381  49.069 0.4000000060
80006  36.850  12.170  46.726 0.3000000119
80092  41.239  12.832  33.575 0.3000000119
80105  44.507  13.242  29.827 0.5000000000
80107  42.710  11.832  29.418 0.4000000060
80610  42.617  11.831  56.425 0.5000000000
80619  42.474  11.793  55.903 0.5000000000
80745  44.314  13.368  35.687 0.6000000238
80769  43.192  13.196  30.042 0.4000000060
81287  27.942  14.921  57.948 0.2000000030
81372  36.661  13.753  47.931 0.4000000060
81406  50.965  14.016  44.160 0.6000000238
81408  48.285  14.345  44.344 0.8999999762
81419  52.228  14.348  43.069 0.6999999881
81509  45.258  15.383  30.803 0.6000000238
82008  27.774  15.231  58.637 0.1000000015
82016  29.255  14.840  56.963 0.2000000030
82017  28.705  15.386  57.499 0.2000000030
82050  49.056  15.416  54.318 0.6000000238
82051  49.050  15.327  54.274 0.5000000000
82052  48.854  15.339  54.243 0.5000000000
82135  52.863  14.953  44.735 0.6000000238
82187  52.518  15.904  40.195 0.6999999881
82194  44.216  15.323  41.618 0.8000000119
82204  52.257  15.630  40.158 0.8000000119
82205  51.054  15.279  40.370 0.8000000119
82206  48.640  15.944  40.011 0.8999999762
82264  44.196  15.724  32.050 0.6000000238
82269  44.790  15.480  31.025 0.6000000238
82679  30.628  16.669  56.621 0.3000000119
82737  44.326  16.388  49.381 0.5000000000
82804  52.454  16.426  39.420 0.6999999881
82814  52.442  16.517  38.795 0.8000000119
82823  52.377  16.922  38.065 0.8000000119
82835  50.788  17.243  37.237 0.8000000119
82865  46.098  16.612  31.897 0.6999999881
83209  43.149  17.486  60.403 0.1000000015
83224  43.050  17.245  60.259 0.1000000015
83228  39.275  17.184  59.017 0.2000000030
83268  48.823  15.623  54.357 0.5000000000
83326  46.747  17.889  44.521 0.5000000000
83359  52.183  17.022  39.494 0.6999999881
83380  51.917  17.303  37.688 0.8000000119
83390  51.245  17.609  37.416 0.8000000119
83416  47.377  18.148  32.878 0.8000000119
83418  46.570  18.208  32.680 0.6999999881
83786  43.553  17.858  60.555 0.2000000030
83796  28.761  18.052  59.274 0.1000000015
83804  44.481  18.195  60.730 0.1000000015
83805  43.626  17.673  60.307 0.1000000015
83827  29.773  18.234  57.678 0.1000000015
83969  51.286  17.834  37.415 0.8000000119
83988  48.898  18.832  34.993 0.8000000119
84437  33.820  18.988  56.810 0.2000000030
84438  33.150  19.168  56.776 0.2000000030
84509  45.738  19.393  46.631 0.5000000000
84548  35.814  20.075  41.867 0.4000000060
84585  40.902  19.270  39.101 0.5000000000
84590  49.457  19.110  36.337 0.8000000119
84609  47.558  19.371  34.604 0.8999999762
85012  30.243  20.229  59.077 0.1000000015
85053  42.631  20.276  50.937 0.2000000030
85092  45.810  20.378  47.390 0.3000000119
85196  42.213  20.548  39.202 0.6000000238
85624  30.339  21.259  60.156 0.1000000015
85637  31.995  21.598  58.277 0.1000000015
85647  32.738  21.464  57.841 0.1000000015
85771  41.499  21.277  40.621 0.6000000238
86234  41.183  23.171  55.888 0.1000000015
86243  35.390  23.130  54.153 0.1000000015
86748  32.870  23.474  61.230 0.1000000015
86751  32.617  23.516  60.599 0.1000000015
86866  29.510  23.453  49.325 0.1000000015
86882  48.019  23.166  47.399 0.2000000030
87343  36.141  24.251  54.763 0.1000000015
87345  34.907  24.672  54.357 0.1000000015
87357  35.398  24.809  51.781 0.1000000015
87397  52.516  24.177  47.605 0.1000000015
87804  39.705  24.890  58.643 0.1000000015
87845  34.475  25.263  53.454 0.1000000015
87941  52.067  25.668  44.377 0.1000000015
88345  35.038  27.043  55.133 0.1000000015
88354  35.095  26.320  54.990 0.1000000015
88361  34.421  26.029  53.663 0.1000000015
88451  52.349  26.393  44.257 0.1000000015
88848  38.050  27.296  55.610 0.1000000015
88864  34.499  27.429  52.981 0.1000000015
88944  52.358  26.925  43.949 0.1000000015
89595  45.803  27.887  35.447 0.1000000015
89978  38.492  29.386  55.648 0.1000000015
90111  43.178  29.605  41.521 0.1000000015
90151  43.818  28.665  37.211 0.1000000015
90152  43.137  28.535  37.469 0.1000000015
90173  46.693  28.599  34.486 0.1000000015
90619  37.426  30.535  47.654 0.1000000015
92394  30.656  33.559  52.184 0.1000000015
92398  35.117  34.234  51.623 0.1000000015
92399  34.715  34.059  51.610 0.1000000015
92409  29.810  33.998  50.594 0.1000000015
92422  31.372  33.720  48.547 0.1000000015
92446  37.838  33.776  45.823 0.1000000015
92466  48.235  35.085  43.538 0.1000000015
93038  29.563  34.465  51.000 0.1000000015
93043  29.935  34.402  49.043 0.1000000015
93058  30.874  35.161  47.917 0.1000000015
93064  33.633  34.891  46.945 0.1000000015
93086  47.738  35.782  44.325 0.1000000015
93685  29.758  35.738  53.002 0.1000000015
93696  29.731  35.975  48.609 0.1000000015
93713  45.925  35.871  45.496 0.1000000015
93725  47.188  36.227  44.988 0.1000000015
93732  46.475  36.271  44.969 0.1000000015
94334  29.985  36.742  48.464 0.1000000015
94351  41.818  37.139  45.673 0.1000000015
94354  38.134  36.258  45.637 0.1000000015
94948  30.194  37.573  49.189 0.1000000015
94952  29.904  37.079  48.921 0.1000000015
94976  41.434  38.070  44.284 0.1000000015
109927  40.387  30.321  55.485 0.1000000015
111120  44.362  20.804  41.668 0.5000000000
112057  30.981  0.975  58.362 0.2000000030
113062  37.425  17.862  55.443 0.2000000030
113893  34.941  4.010  53.557 0.1000000015
114197  38.818  0.157  60.949 0.1000000015
115359  52.101  27.355  44.572 0.1000000015
115925  36.936  8.904  46.003 0.3000000119
115968  38.934  25.700  60.280 0.1000000015
116306  33.065  23.856  60.068 0.1000000015
118062  45.021  14.099  31.568 0.5000000000
118507  36.161  2.014  55.328 0.1000000015
118694  37.503  31.532  55.333 0.1000000015
119668  35.659  36.402  45.769 0.1000000015
120132  41.758  29.896  48.670 0.1000000015
120332  37.729  1.153  54.447 0.1000000015
120901  47.924  16.114  47.438 0.6999999881
121290  48.728  19.530  36.841 0.8000000119
121618  46.384  28.243  34.741 0.1000000015
121620  42.388  25.306  49.710 0.1000000015
121831  40.723  21.869  46.493 0.1000000015
121878  39.014  27.300  50.398 0.1000000015
122157  41.274  19.969  51.155 0.2000000030
123346  49.113  32.262  42.762 0.1000000015
123442  36.692  -1.088  55.227 0.2000000030
123593  29.240  3.135  57.284 0.2000000030
123848  48.348  34.673  44.592 0.1000000015
124088  43.609  25.669  49.562 0.1000000015
124390  49.974  7.842  52.411 0.2000000030
124524  44.023  36.315  46.052 0.1000000015
124594  36.513  22.446  51.674 0.1000000015
124647  30.235  33.633  50.883 0.1000000015
124675  48.855  19.159  35.095 0.8000000119
125154  48.111  8.384  33.456 0.4000000060
126075  31.163  19.806  57.842 0.1000000015
126088  41.477  3.216  61.651 0.1000000015
126481  37.342  23.703  58.512 0.1000000015
126703  43.997  34.265  45.440 0.1000000015
126734  29.380  35.282  50.027 0.1000000015
126877  45.308  28.947  35.105 0.1000000015
127291  37.486  20.744  42.124 0.6000000238
127417  36.942  33.287  53.135 0.1000000015
127671  44.395  25.366  46.315 0.2000000030
127904  27.050  9.651  57.910 0.2000000030
128090  42.574  23.996  49.989 0.1000000015
128144  48.025  16.019  40.410 0.8999999762
