global_signal	global_signal_derivative1	global_signal_derivative1_power2	global_signal_power2	csf	csf_derivative1	csf_power2	csf_derivative1_power2	white_matter	white_matter_derivative1	white_matter_derivative1_power2	white_matter_power2	csf_wm	tcompcor	std_dvars	dvars	framewise_displacement	rmsd	t_comp_cor_00	t_comp_cor_01	t_comp_cor_02	t_comp_cor_03	t_comp_cor_04	t_comp_cor_05	c_comp_cor_00	c_comp_cor_01	c_comp_cor_02	c_comp_cor_03	c_comp_cor_04	c_comp_cor_05	c_comp_cor_06	c_comp_cor_07	c_comp_cor_08	c_comp_cor_09	w_comp_cor_00	w_comp_cor_01	w_comp_cor_02	w_comp_cor_03	w_comp_cor_04	w_comp_cor_05	w_comp_cor_06	w_comp_cor_07	w_comp_cor_08	w_comp_cor_09	w_comp_cor_10	w_comp_cor_11	w_comp_cor_12	w_comp_cor_13	w_comp_cor_14	w_comp_cor_15	w_comp_cor_16	w_comp_cor_17	w_comp_cor_18	w_comp_cor_19	w_comp_cor_20	w_comp_cor_21	w_comp_cor_22	w_comp_cor_23	w_comp_cor_24	w_comp_cor_25	w_comp_cor_26	w_comp_cor_27	w_comp_cor_28	w_comp_cor_29	w_comp_cor_30	w_comp_cor_31	w_comp_cor_32	w_comp_cor_33	w_comp_cor_34	w_comp_cor_35	w_comp_cor_36	w_comp_cor_37	w_comp_cor_38	w_comp_cor_39	w_comp_cor_40	w_comp_cor_41	a_comp_cor_00	a_comp_cor_01	a_comp_cor_02	a_comp_cor_03	a_comp_cor_04	a_comp_cor_05	a_comp_cor_06	a_comp_cor_07	a_comp_cor_08	a_comp_cor_09	a_comp_cor_10	a_comp_cor_11	a_comp_cor_12	a_comp_cor_13	a_comp_cor_14	a_comp_cor_15	a_comp_cor_16	a_comp_cor_17	a_comp_cor_18	a_comp_cor_19	a_comp_cor_20	a_comp_cor_21	a_comp_cor_22	a_comp_cor_23	a_comp_cor_24	a_comp_cor_25	a_comp_cor_26	a_comp_cor_27	a_comp_cor_28	a_comp_cor_29	a_comp_cor_30	a_comp_cor_31	a_comp_cor_32	a_comp_cor_33	a_comp_cor_34	a_comp_cor_35	a_comp_cor_36	a_comp_cor_37	a_comp_cor_38	edge_comp_00	edge_comp_01	edge_comp_02	edge_comp_03	edge_comp_04	edge_comp_05	edge_comp_06	edge_comp_07	edge_comp_08	edge_comp_09	edge_comp_10	edge_comp_11	edge_comp_12	edge_comp_13	edge_comp_14	edge_comp_15	edge_comp_16	edge_comp_17	edge_comp_18	edge_comp_19	edge_comp_20	edge_comp_21	edge_comp_22	edge_comp_23	cosine00	cosine01	cosine02	cosine03	trans_x	trans_x_derivative1	trans_x_derivative1_power2	trans_x_power2	trans_y	trans_y_derivative1	trans_y_derivative1_power2	trans_y_power2	trans_z	trans_z_derivative1	trans_z_power2	trans_z_derivative1_power2	rot_x	rot_x_derivative1	rot_x_derivative1_power2	rot_x_power2	rot_y	rot_y_derivative1	rot_y_power2	rot_y_derivative1_power2	rot_z	rot_z_derivative1	rot_z_derivative1_power2	rot_z_power2
805.7348313464555	n/a	n/a	649208.6184449011	1060.9549576696688	n/a	1125625.4222038488	n/a	756.4424911701798	n/a	n/a	572205.2424477475	781.082698199298	790.5694546931692	n/a	n/a	n/a	n/a	-0.0607823875	0.0006077208	-0.0657254366	0.1111893145	-0.153289778	-0.0173093577	-0.1542679184	0.0865574509	-0.1208500816	0.1634020888	-0.0713102782	0.0877796017	-0.3178370839	0.0515328977	-0.1528696754	0.0521847895	0.1423177251	-0.0539840735	0.0362989051	-0.1209936051	0.0824942524	-0.0411732031	0.145143759	-0.076202258	0.0962697007	-0.0580100265	0.0836517017	-0.0318538015	0.0138967	-0.0397765722	0.0931218782	-0.0228117224	0.0747410112	-0.1006973371	0.0007492427	0.1308917607	-0.0265213152	-0.0353322371	0.0691522391	0.0015987011	-0.035509848	-0.0102980788	0.0553496552	0.0173905285	0.099969336	-0.0502516204	0.0116286336	0.0031793751	0.1527273633	-0.0215524387	-0.0803162273	0.0488552979	0.0559418885	-0.0456827474	-0.0324527872	-0.0833253146	0.0773130153	0.0320344976	0.0231681342	-0.1523761001	0.0929834797	-0.1523154184	0.0743555781	-0.2006765052	0.0646271526	-0.1653717258	0.0023704675	-0.0059337708	0.0696872444	-0.1122016744	0.1683689442	-0.1492057667	0.107341212	-0.0604338905	0.0107669939	-0.1224550534	0.1281957322	-0.0714048071	0.009812451	-0.0062242544	-0.0266715813	0.0186962673	-0.0529766488	0.0690560378	0.0272115485	-0.0933678262	-0.054305308	0.0822554226	0.0119506683	0.0832862472	-0.0848563784	-0.1476287026	0.0557040858	0.0273572221	0.0639382658	0.0105266298	-0.105260819	0.0361949923	-0.0002300677	0.023183859	-0.0968538689	0.0145029615	-0.1458208506	0.1244641439	-0.0329772621	0.2227803131	-0.0700959197	0.1478824772	-0.0652957885	0.0566625424	-0.0890445153	-0.1869933776	0.0553009157	-0.0026538538	0.0574804269	-0.0884157904	0.0105421043	-0.073665256	0.0210366688	-0.1096269625	0.1672222711	0.1290883846	0.1290552057	0.1289999139	0.1289225186	-5.4101841698184217e-05	n/a	n/a	2.9270092751353846e-09	-0.0876934870214825	n/a	n/a	0.0076901476659869	6.833372580672403e-06	n/a	4.6694980826285424e-11	n/a	0.0003554336137942	n/a	n/a	1.263330538148045e-07	0.0004000587354855	n/a	1.6004699183825729e-07	n/a	0.0003314288067056	n/a	n/a	1.0984505391429797e-07
800.2121269859897	-5.522704360465809	30.50026345310806	640339.4481754417	1050.767038136503	-10.187919533165768	1104111.368434159	103.7937044142606	754.2010056505171	-2.2414855196626604	5.024257334857387	568819.1569242514	778.983500341467	756.251661264941	1.132251	33.94437	0.1244588891270452	0.0655753853573986	0.1140744155	0.013898144	0.0094296929	0.1360991393	0.0001398618	0.187391102	0.0148136722	0.0772276379	-0.2059844293	-0.0567590017	0.1144988967	0.0624481689	-0.1531970384	0.0239729332	0.0820614261	-0.0313549884	-0.0682588577	-0.1426263218	-0.0337493682	-0.0584395631	-0.1568198276	0.1103177184	0.0058806246	-0.022741907	0.0699106962	0.0744037632	0.1342440851	-0.0583825291	0.0338271766	-0.0235589054	-0.0301221193	0.0755024212	-0.1560589622	-0.1409055148	-0.0796466596	0.0285323559	-0.1051360992	0.0133894947	0.1519531391	-0.0322551528	0.0340144612	-0.0285139132	0.0773433215	-0.1215373377	-0.1511504389	-0.0569812926	0.0634586674	-0.1291280307	0.0213245249	-0.0155518814	-0.0368594984	-0.0150034002	-0.0051050575	-0.0397017519	-0.0546534271	-0.062094371	0.0093738076	-0.1105940488	-0.0758235752	-0.0508915598	0.1695043915	0.0908331858	0.1250408278	-0.0769725154	0.0386847535	-0.0621159708	-0.0360473372	0.016562305	0.0213067424	0.0704285612	0.126622748	0.1403267109	0.1215873533	-0.0601209706	0.1710018934	-0.0473804407	-0.0273323318	0.046103725	-0.0576339158	-0.1799580301	-0.0510700253	0.0515597958	-0.0133846489	0.0585526952	-0.1484598444	-0.1426668345	0.04676061	-0.0283283516	0.052859079	-0.0517947217	-0.1575399881	0.0279182452	-0.0642244488	0.053349285	-0.0434113192	0.0092248573	0.1060154102	0.0769318188	-0.1208410465	-0.0713667055	0.0835725352	-0.0470481847	-0.0541967398	0.0173564517	-0.1476809087	0.2191469583	-0.0548944646	0.1748886879	-0.0524094472	0.0835334102	-0.1332425403	-0.0017490793	0.1163981069	0.0269424029	0.014863748	0.0577162662	0.0451932479	-0.0894539661	0.0753730823	0.0387631786	0.0648989346	0.1289999139	0.1287014744	0.1282045865	0.1275100165	-8.55512124218194e-05	-3.1449370723635184e-05	9.890629189126418e-10	7.319009946843266e-09	-0.0662703719092689	0.0214231151122135	0.0004589498611111	0.0043917621929928	0.0456483663355982	0.0456415329630175	0.0020837733491089	0.0020831495312142	-9.713403011031044e-05	-0.0004525676439045	2.0481747230927973e-07	9.435019805470696e-09	0.0002919556281724	-0.0001081031073131	8.523808882154068e-08	1.1686281810747614e-08	0.0009180138891098	0.0005865850824041	3.440820588991421e-07	8.427495005985001e-07
798.8917647449442	-1.3203622410454727	1.743356447578623	638228.0517772913	1035.091123928989	-15.675914207514095	1071413.6348365776	245.73428624134232	752.2123049105521	-1.9887007399649972	3.954930633137328	565823.3516588454	774.5319571582692	739.0091193552768	1.087137	32.591873	0.1947332099698107	0.0838030736222091	0.1427938692	-0.1801878213	-0.0381045652	0.091992956	0.1135938139	-0.0582142075	0.0039527296	0.2017249869	0.0758871318	-0.0484630229	0.0502427688	0.0539440849	0.1123240995	0.0928694539	-0.1401267487	-0.1324179016	-0.1161133838	0.0760914132	0.1271223026	-0.0871568892	0.0007954456	-0.0526024569	-0.10839637	-0.101940656	0.0822240637	-0.1421336224	-0.0010552046	0.0367842813	0.1334068517	0.0109711603	-0.1065086166	-0.1122638216	-0.0048676086	0.0272070883	0.0926778543	-0.0001994148	0.0417314285	0.0527250378	-0.0227327281	-0.0723654775	-0.0983276133	-0.0500372061	0.0395695967	-0.0560527424	-0.0564749387	0.0699589903	0.0003118123	-0.1092475246	0.0449476548	-0.0069823326	-0.1341820533	-0.191794069	0.1045868029	0.0865727194	0.0691549407	0.0551364055	-0.1273819365	0.0035671688	0.123557409	-0.0517807472	0.0091520867	0.164644918	-0.0171002442	-0.0270649602	0.0506479157	0.0016976818	-0.006379351	0.1559215249	0.0858259106	-0.0858853984	-0.1331388386	-0.0196129823	0.0057884281	-0.090622177	0.1759925576	-0.0466676563	0.0688218849	0.1072346875	0.0580720721	0.0295195124	-0.0680573655	-0.0083979046	0.0453658996	-0.0681799481	0.1387203445	0.143696497	-0.1318805326	-0.0327593129	-0.0899993522	-0.0579295121	-0.0166997698	0.1116951324	-0.0873564287	0.0453805972	0.0524146267	-0.0549368452	0.0365507934	-0.0067440597	-0.1437232098	-0.1732330434	-0.0123575952	0.1572137998	0.1053436237	0.0927810568	-0.0753417097	0.1036372355	-0.0821930575	-0.1244725262	-0.0498995509	-0.019993242	-0.0773794581	0.271291963	0.0505205643	-0.0201416053	-0.1543282165	0.0431512754	0.1032287141	-0.0948793233	0.1150609916	0.0950166964	0.0580481325	0.1288230331	0.1279949812	0.1266188352	0.124700488	-0.0181502748537525	-0.0180647236413306	0.0003263342402376	0.0003294324772667	-0.0394756761426009	0.026794695766668	0.0007179557212282	0.0015583290069155	0.0997761409295847	0.0541277745939865	0.0099552782988003	0.0029298159824974	0.0006650751836319	0.0007622092137422	5.809628855135187e-07	4.423249998830056e-07	-0.0003598610106529	-0.0006518166388253	1.2949994698812664e-07	4.248649306495116e-07	0.0004171194223208	-0.000500894466789	2.508952668598367e-07	1.739886124772379e-07
799.1372689252099	0.2455041802656978	0.0602723025279322	638620.3745852433	1032.037338479592	-3.0537854493968557	1065101.06801604	9.325605570947952	752.3219683574283	0.1096634468761976	0.0120260715807686	565988.3440731954	775.2666412848396	729.4491229896688	1.056008	31.658655	0.095504469833023	0.0476157229187721	0.1645135721	0.0900252594	-0.0907890039	0.0810172653	0.1415731297	-0.0923552396	0.1690932426	0.0641577168	-0.0510163148	0.095145051	-0.0531772926	0.0422056111	0.1088572371	-0.0408249775	0.0010364062	-0.047051198	-0.1241001989	0.0646783827	-0.1358083109	-0.0668606078	0.0588594575	-0.1162147445	0.1913445868	-0.0354195319	0.0237927958	-0.094123677	0.0820622754	-0.0116297849	-0.0376355963	-0.0936970567	-0.1223498178	-0.1214068019	-0.0939522112	0.0408147973	0.1578523423	0.0917465564	0.0853099039	0.0123134129	-0.1221287911	-0.0784835532	0.0691170657	0.0179163177	-0.0629694702	0.0135370003	0.0127082092	-0.136727826	0.1317078038	-0.0797901656	0.1111885406	-0.0823148631	0.0794059478	0.1445832196	0.0695318147	0.0325986707	0.0130305873	0.0246154511	0.0238435292	0.0058486609	-0.1213384719	-0.0755247437	-0.0821525403	0.0460013858	-0.1910599556	-0.0712181124	-0.117867144	-0.0273958234	0.1227131404	0.0069360615	0.1315364796	-0.0646177141	0.0001923154	0.0396109645	0.0330610422	-0.0129916189	0.1112303925	-0.157433657	0.0478101804	-0.0974811499	-0.080185981	0.0527695682	0.0374281836	0.1016116225	0.0263785593	-0.0354290376	0.0805403934	0.1356726416	-0.0019648223	0.0905059463	-0.1250149729	0.0369553914	0.0202018947	-0.1199635159	-0.0644467316	0.0861828319	-0.0299927013	0.1412338894	0.121626176	-0.0808344076	-0.1887723193	0.0017287219	-0.1296678689	-0.0116722835	0.1414747313	0.0681731319	-0.076957359	0.0026809403	-0.2424771565	-0.093475821	0.0409257727	0.0691504216	-0.0988283696	0.0188028558	0.0481330976	0.0341704338	0.0639203023	0.0199424274	0.0340544365	-0.1210091708	-0.0415829375	0.0124736401	0.0099569374	0.1285578634	0.1269376627	0.1242524367	0.1205247148	-1.8740136823680587e-05	0.0181315347169288	0.0003287525511911	3.5119272817026906e-10	-0.0662116435591428	-0.0267359674165419	0.0007148119536983	0.0043839817428029	0.0718422455992566	-0.0279338953303281	0.0051613082527439	0.0007803025083257	0.0007229926109758	5.791742734389995e-05	3.3544283901359302e-09	5.227183155256045e-07	3.615076336438428e-05	0.0003960117740172	1.3068776918277087e-09	1.5682532516031665e-07	0.0004169871762975	-1.3224602330000378e-07	1.748901067866514e-14	1.7387830519656234e-07
800.4504542084509	1.313185283240955	1.7244555881206272	640720.9296425154	1029.1408783571565	-2.896460122435656	1059130.9475057395	8.389481240859974	751.478353785518	-0.8436145719102797	0.7116855459393644	564719.7162081922	773.9560026096653	740.7123943857486	1.035247	31.036251	0.1199907140398941	0.0657261173538067	0.0981606975	0.0123076575	0.1427614521	0.1032385515	0.1536057111	-0.0878804209	0.1195294472	-0.0393418589	0.0099487926	-0.1616059836	-0.1003455029	0.0088448241	-0.0250669157	-0.0255323683	-0.1635971382	-0.1150776473	-0.1651413287	0.1077040072	-0.0316583255	0.1444811477	-0.1816987608	-0.0081081866	0.1239661537	-0.0249335208	-0.151782002	-0.0102055432	-0.1041314969	-0.1009218455	-0.0375989946	-0.22172737	-0.0639484553	0.0609747223	0.0696666289	-0.1255480743	-0.0132870754	0.0132735454	-0.0799185095	0.1094885481	0.0115878079	-0.0448067525	-0.0593812808	-0.0743559377	0.0518111948	0.0132547473	-0.1056437885	-0.0230363265	-0.0400034827	0.0860063647	0.0115631594	0.0202424221	0.0369061921	-0.0810916304	-0.1230512525	-0.0885079091	-0.2348555991	0.0637662278	-0.0154382639	-0.0751164484	-0.0578625799	0.1967534489	-0.0080386681	0.1566326496	-0.067245833	-0.0800187807	-0.0434278669	-0.0983959353	-0.0093656765	-0.0379589077	0.1201629248	-0.1378323221	0.0046885981	-0.0732022609	-0.0921080977	0.0989144231	0.0155685849	-0.01683138	-0.2042103518	0.0142221669	-0.0646588936	-0.1017485342	-0.0293848166	0.0955750982	-0.0826955164	-0.0240300672	-0.2036893565	-0.0736724724	-0.0674835357	-0.0889803569	0.0509846148	0.0745295444	0.0474100625	-0.1415164465	0.0711843737	0.032723867	-0.0601490411	0.0142291183	-0.0760194865	0.0080900602	-0.1470722578	0.0659736736	0.1622892575	-0.0249522121	0.1691877914	0.0228138881	-0.0449071744	0.1275857647	-0.1099770516	0.0349587974	-0.0132891182	-0.0244675956	-0.0074861545	0.0576125622	0.0262697696	0.0748152954	0.0071411405	0.0921991195	0.1045856843	0.0371356386	-0.1190374888	-0.0192203653	-0.0697551124	0.1282045865	0.1255324169	0.1211199807	0.1150284477	0.0064689477218564	0.00648768785868	4.209009375166493e-05	4.1847284628111113e-05	-0.0112234897386542	0.0549881538204886	0.0030236970605857	0.0001259667219136	0.0661816895315965	-0.00566055606766	0.0043800160292566	3.204189499512354e-05	0.0001440125121404	-0.0005789800988354	3.352179548474496e-07	2.0739603652988858e-08	-2.9940327360922225e-05	-6.60910907253065e-05	8.96423202479188e-10	4.3680322732606945e-09	0.0008290023125981	0.0004120151363006	1.69756472540802e-07	6.872448342929979e-07
802.5382090338237	2.0877548253728264	4.358720210867521	644067.5769592173	1029.7685529611406	0.6276746039841328	1060423.272667681	0.3939754084866379	753.2463338858265	1.7679801003084776	3.1257536350867747	567380.039512438	774.8403293506519	751.9472514520423	1.020933	30.607124	0.1317664336008333	0.0641538157131709	0.0542520317	-0.1382494898	-0.0857825347	-0.0213041794	0.2209729318	-0.1105376311	0.0227899187	0.0443192213	0.1858641004	-0.0307041282	-0.1128852058	-0.1621040078	0.1354054044	0.0251690388	-0.0563637842	0.0026339889	-0.0612303444	0.0425250865	0.0501882434	0.0084501971	0.0573432741	0.0718986616	0.0148618372	-0.029887098	0.0138064161	-0.0560352773	0.0001859542	-0.0350083237	0.0214289625	-0.1208624789	0.0844962593	-0.0168170771	0.138750518	0.0813743387	-0.0736768054	-0.1052246839	0.0581637556	-0.0610302194	0.0216114781	0.0311702097	0.0840714039	0.0121131786	0.1734400119	0.0544878503	0.01966326	0.0305996083	-0.1750599184	-0.1169547847	-0.0598421001	0.0137684145	-0.0934729497	-0.1136127306	-0.1326205591	-0.1722567361	0.0415564931	0.1540792287	0.013343524	0.1415621275	0.1001975058	0.0201603613	-0.042284392	0.0790569111	-0.1432035655	0.1399545584	-0.031659595	-0.0780775434	-0.0146693077	0.022423041	0.0236640193	-0.0894559878	0.0074879338	0.0384140119	-0.1110465724	-0.1252895006	-0.0622156325	0.1029354207	0.0424642575	-0.0422904503	0.0440154099	0.0027735494	-0.0742992737	-0.1313699233	-0.0698866796	-0.0367548953	0.148290744	0.0543998042	-0.0290847745	-0.0405647064	0.1177462669	-0.0604322979	-0.2528014389	0.138832426	0.1847275211	0.0072919889	0.1188168695	-0.1022802837	-0.0648280269	0.0355370818	-0.0192620915	0.0458908211	-0.0290833487	0.1858738685	0.1791044799	-0.1020768987	-0.0790378473	0.0472090475	-0.0040605276	-0.0540634179	-0.0738769457	-0.1653884363	-0.0484423259	-0.0027259407	0.0198210829	-0.0686370239	0.0928480993	0.0556188635	-0.0263781588	0.0586689122	-0.0501442673	-0.061641314	-0.0380822286	0.1277634447	0.1237830955	0.1172407796	0.1082719048	3.5864965468590526e-06	-0.0064653612253095	4.180089577373609e-05	1.2862957480631908e-11	-0.0424849306355525	-0.0312614408968982	0.0009772776869502	0.0018049693311077	0.0198885136272721	-0.0462931759043244	0.0003955529743021	0.0021430581353087	-0.0002080335658658	-0.0003520460780062	1.2393644103954746e-07	4.327796452684016e-08	0.0001609566269304	0.0001908969542913	2.590703575281197e-08	3.6441647157703175e-08	0.0004170162334096	-0.0004119860791885	1.6973252944511297e-07	1.7390253892713e-07
807.1959966993853	4.657787665561614	21.694985937457908	651565.377087514	1032.0276009218535	2.259047960712905	1065080.9690645165	5.1032976888011365	757.0294272844181	3.783093398591632	14.311795662467585	573093.5537745742	777.2953839523727	768.7042118458265	1.158509	34.731571	0.1002672498804864	0.0504097312831899	-0.0329096731	0.1843925132	0.0178026155	-0.0392111403	0.0871018483	-0.0974669341	0.0752272436	-0.1107425499	0.0515356163	0.1369959943	0.0575005181	-0.1144157015	-0.0181981927	-0.245480754	-0.0692399669	0.0180834622	0.1785236928	0.0671479982	-0.0153031546	0.0858910227	-0.0735744372	-0.0425037568	0.2455617604	0.0417250965	0.0076556014	-0.0037111828	0.08612787	-0.121824101	0.0914954467	0.1206958234	-0.0738237128	0.0220640433	-0.1518836669	-0.0806660304	0.0584734373	0.0558674225	-0.047807969	0.0461967791	-0.0199444053	0.0214222739	0.0087663879	-0.0067049462	-0.0414126261	-0.0366635104	0.0475050223	0.0768245859	0.0479416398	0.0003380727	0.0346178819	0.1517638514	-0.1416695776	0.0050611996	0.0706675443	0.0754168499	0.1979410877	-0.0376082798	0.0772913224	0.0527554103	-0.1010498107	-0.0018900364	-0.1919201587	-0.168145287	0.0798154132	0.1536170287	-0.2358538883	-0.0089046811	-0.0291019963	0.0389449873	0.1522384825	-0.0678717537	0.2179711518	-0.0788663002	0.1100157009	0.0496661259	0.0666884391	-0.0009719758	0.0065799569	0.0841351043	0.0348953531	0.0147428422	0.0813866899	0.1534308712	-0.0087489675	0.0703386626	0.0970076033	0.0071427489	0.0637230536	-0.0016521881	0.0575435833	-0.0808647149	0.0432412904	0.0131652166	-0.0036106871	-0.094224735	-0.0738576375	0.0246935502	-0.0133427475	0.0764762177	0.0406609569	0.0776803587	-0.0499022443	-0.1332307411	0.0667946025	0.0166785761	-0.0522687746	-0.1603620475	-0.0894347773	0.0158471433	-0.0075437455	-0.0554138708	-0.1646389428	-0.0942962143	-0.1003335346	-0.0706391055	0.24947361	-0.0647231171	-0.0195604428	0.1027018286	-0.0203906968	-0.067999058	-0.1181163363	0.1272347401	0.1216944932	0.1126387502	0.1003291122	-3.864357633176496e-05	-4.2230072878624014e-05	1.7833790553338955e-09	1.493325991708945e-09	-0.0341647555975441	0.0083201750380083	6.922531266309798e-05	0.0011672305250399	-0.0084677497905047	-0.0283562634177768	7.170278651459239e-05	0.0008040776750183	-4.703531880874644e-05	0.000160998247057	2.5920435555444052e-08	2.2123212154404164e-09	-0.0002769939995967	-0.0004379506265271	7.672567581257666e-08	1.918007512754795e-07	-0.0002550065200427	-0.0006720227534523	4.5161458115761086e-07	6.502832526428797e-08
809.9932506906061	2.797253991220828	7.82462989140085	656089.0661643351	1052.4260214923945	20.39842057054102	1107600.53071431	416.09556177267103	756.8917872026514	-0.13764008176679	0.0189447921087686	572885.1775348237	780.154545156118	805.0621767294094	1.145459	34.340359	0.0532554751423596	0.0297913630388356	-0.1047440173	-0.0165993978	0.1381102688	-0.1134173716	-0.1484914646	0.0683098679	-0.0928294891	-0.0485764408	0.0082401638	-0.1220264088	0.1119547934	0.0044345811	-0.1204062418	0.0256939157	-0.0151504637	0.0764793779	0.1063250413	-0.0913532437	0.0402494114	0.0462562824	-0.0042234754	0.0496395757	0.0262688595	-0.0502734682	-0.0937851637	0.0374750493	-0.0740297834	-0.0152989024	-0.0050840528	-0.0496450576	-0.0274796274	-0.0631833973	-0.0410803948	0.1226614103	-0.001660356	0.0534901834	0.0535799895	0.0890687631	-0.066026756	0.1762667912	-0.0688907091	-0.0023347121	-0.0195486312	0.0855308651	0.0761771801	0.0572158549	0.0733745492	-0.1418674722	-0.1042807486	-0.0148659831	0.0958501959	-0.0102650209	-0.0234304529	-0.0230667809	0.155073753	-0.1961185946	0.0587106229	-0.2473525579	0.073619316	0.0563189112	0.0238913484	-0.0327521831	0.1451282065	0.0031308578	0.0809230545	-0.0409150576	-0.0546298484	-0.0270061142	0.1195518109	-0.0875640792	-0.0933781516	0.1112341419	-0.0121451574	0.0085391874	-0.0133418681	-0.0231075878	-0.1839759574	-0.0216185345	-0.0158223488	-0.0135209573	0.1208836282	-0.0951997022	0.2302500788	0.0612445326	-0.0493520189	0.0208215118	0.0662126763	-0.021976246	-0.0547102167	0.034102138	0.0684624651	0.07027689	-0.0780670682	0.078559489	0.0178545277	0.1552624499	0.0794381203	0.0194310659	0.1093816953	-0.0915672891	0.1309508129	0.0170885211	-0.0381064308	0.0822679659	0.0804947056	-0.0149523762	-0.0517742425	0.0145184596	-0.1926012853	0.0939022008	-0.0144744566	-0.0556431929	-0.0623947571	-0.0314938651	-0.0848151661	-0.0077129734	0.1184815868	0.079392863	0.2272218276	0.0115547309	-0.0535391219	0.1266188352	0.1192723348	0.1073422654	0.0912870929	-2.8431650846982848e-05	1.0211925484782114e-05	1.042834221067424e-10	8.083587698847403e-10	-0.0143437086104825	0.0198210469870616	0.0003928739036633	0.0002057419767024	0.0114030051528359	0.0198707549433405	0.0001300285265156	0.0003948469020182	-0.0002110501477786	-0.0001640148289698	2.6900864122010322e-08	4.45421648773689e-08	-0.0002769618011098	3.219848690000056e-08	7.670783927398444e-08	1.036742558649508e-15	-0.0003620287183154	-0.0001070221982727	1.145375092312112e-08	1.3106479288509125e-07
807.45996277305	-2.5332879175560947	6.417547673235695	651991.5914814554	1039.1939063524678	-13.232115139926693	1079923.9750001016	175.08887107627714	754.5043597554052	-2.387427447246182	5.6998098158644215	569276.8288899139	776.6010712082322	785.181462670087	1.021639	30.62829	0.0767407969087731	0.0484531349634591	-0.0577082826	0.0350087564	-0.0696444246	-0.1207972514	-0.1455017062	-0.0739258768	-0.0277475648	-0.0237315306	0.0985180802	0.1077844331	0.02435438	0.0568456912	-0.0198551889	-0.099084633	-0.0692521294	0.1368452736	-0.0200212677	0.0408304626	0.0224886754	-0.1364857378	0.0567337761	-0.0775976029	-0.0471855969	-0.0866518645	-0.1782336868	0.0428026275	-0.0363591573	0.1027541227	0.0088400395	0.0433687445	-0.010792132	0.0697894728	-0.0252354436	0.0168032772	0.0351043725	-0.0152126233	0.0988871306	0.0147884574	0.105044005	-0.0252676877	0.1691370208	0.0763501	-0.0178844581	-0.025773918	-0.0333522808	0.0454202386	-0.087357831	0.0390567346	0.1109619876	0.0680973527	0.1427394719	-0.0570755559	0.0004019144	0.0889937196	-0.0714303341	-0.0066893099	-0.0314797994	-0.0681030054	0.0617421418	-0.0990129835	-0.0829337419	-0.0032033255	-0.034853337	-0.1769953783	0.0416865584	0.0613026202	0.0391415763	0.0007792847	-0.0150881523	-0.0673987659	-0.1653187728	0.017206896	0.0300202791	0.0533862039	-0.0544548195	0.0877711899	-0.1395985888	0.1321937895	0.0172670581	0.0363545051	-0.0731281803	-0.0584065631	-0.0872963445	-0.0243993992	0.0112104844	-0.0628061324	-0.0126317584	0.0996199953	0.0553172175	-0.0366204755	0.0270281678	-0.0633889755	-0.022606713	0.0347657919	0.081351242	-0.0998835715	-0.0274059203	-0.0712925125	0.0911777584	-0.0752965026	-0.1357412273	-0.0019193079	0.0560637847	0.055561029	0.0947067206	0.008365378	-0.0673498621	0.0420115753	-0.1134556256	0.0440816561	0.0649249824	0.0444293984	-0.0241759417	0.0694239599	-0.1784499205	-0.0196028782	-0.0500847648	0.0563317011	-0.0292693383	0.0244129182	-0.1236876384	0.1259161521	0.1165232592	0.1013839798	0.0812449131	-1.2568944839586038e-05	1.586270600739681e-05	2.5162544187710276e-10	1.579783743805565e-10	-0.0198860437285759	-0.0055423351180934	3.071747856125139e-05	0.0003954547351748	0.0178255734116632	0.0064225682588273	0.0003177510674545	4.124938303929596e-05	0.0002590641227929	0.0004701142705715	2.210074273949735e-07	6.711421971845479e-08	-0.0002769400335793	2.1767530500045162e-08	7.66957821989038e-08	4.738253840703963e-16	0.0004630358600995	0.0008250645784149	6.807315585549568e-07	2.1440220773808378e-07
807.1213891395737	-0.3385736334763578	0.114632105285383	651444.9368065952	1039.9659656608192	0.772059308351345	1081529.20973284	0.5960755756119571	755.0592141389054	0.554854383500242	0.3078633868894336	570114.4168560614	778.3202299623232	780.9347220431553	1.082868	32.463886	0.1033000752385408	0.056188855293026	-0.0425723464	0.0913978103	0.0623527364	0.0482898036	-0.1011089479	0.0071414341	0.057726938	-0.0886518167	-0.1278449999	-0.0302881647	-0.0439921748	0.1243019198	0.1655374993	0.1042025405	0.0383941601	-0.0609386311	-0.0054433834	0.027753345	-0.106106223	0.0835942934	0.0183783329	-0.0191101233	-0.0165422165	0.0325778136	0.0556273205	-0.1293124387	-0.0473104259	0.0133385141	0.0264765825	0.0070921787	-0.0175724302	0.1616792541	0.0204584834	0.075947866	-0.0922503319	0.0203429477	-0.0186672616	0.0766000539	-0.269628256	-0.0196343232	0.1398902527	-0.0582799319	-0.1338515581	0.0945535553	0.0238800199	-0.0002106825	0.0875058352	0.167781224	-0.0502904059	0.0095295039	-0.0019696742	-0.0838846349	-0.0057371665	-0.0113415418	-0.0281745944	0.0168193592	0.0347809443	-0.0047375067	-0.1369436796	0.0944650577	0.0439190935	-0.0509734593	-0.0388952413	0.0380467575	0.0240753052	0.0064985055	0.1370352289	0.0551892493	-0.1128553081	0.0847682491	0.062985033	-0.0443185438	-0.1636072985	0.1083286553	0.0202993124	-0.1111759271	-0.0280822648	-0.0653878837	-0.0247155742	0.104611243	-0.0662079174	0.0302201133	0.143978029	0.0714665453	0.0531147497	0.0803356289	0.1379079553	-0.0845810249	-0.0542081356	-0.0624974461	0.0455260909	-0.1674252987	-0.0456610463	-0.0004030815	0.0260468475	-0.043917111	0.070736329	-0.124765327	0.0044955403	0.0924980333	0.0106541044	-0.1495475828	-0.0883193291	-0.0590160145	-0.0022364297	-0.0470215496	0.1531141725	-0.0540357442	-0.1472605442	-0.0256132611	-0.0719890458	-0.1032046596	0.0168251439	0.0814586559	-0.0169279064	0.0271250442	0.0415739277	0.0575422301	-0.0025904326	0.0544476784	-0.100542497	0.1251271724	0.1134548014	0.0948006283	0.0703125971	-3.856209441721603e-05	-2.5993149577629996e-05	6.756438249650463e-10	1.4870351258422839e-09	-0.0429756754463142	-0.0230896317177383	0.0005331310928607	0.0018469086800669	-0.0149491302080306	-0.0327747036196938	0.0002234764939766	0.0010741811973587	2.8964683364176907e-05	-0.0002300994394287	5.294575202541261e-08	8.389528823870264e-10	-0.0002770036895987	-6.365601940000595e-08	7.673104405129294e-08	4.052088805853934e-15	-0.000254995979483	-0.0007180318395825	5.15569722654229e-07	6.502294955249456e-08
806.3566280021793	-0.7647611373944301	0.5848595972688223	650211.0115230449	1046.6268361780765	6.660870517257308	1095427.73420813	44.36719604766764	757.0525436401367	1.993329501231301	3.9733625004790274	573128.553832001	780.1116215061497	781.449001058657	1.087799	32.611713	0.1488497603731444	0.0731115189335643	-0.0001978595	-0.1435917471	-0.0494967071	0.0446460533	-0.0617472071	0.1007371101	-0.0795813912	0.055973349	-0.0117421907	-0.050832582	-0.0422200097	-0.0787588176	0.0717285751	0.0529662165	0.0897362462	-0.0032175069	0.0373724297	-0.0647516475	0.004172589	0.121155974	-0.0966352961	0.0363283026	0.0366800584	-0.0588923873	-0.0443533911	0.0320033671	-0.0342842687	0.012457073	0.1426311394	0.1362966828	0.092924919	0.0909824342	0.0655062862	0.0309367285	0.0173676032	-0.0680164637	0.0029231255	-0.0597292271	0.1717768166	-0.0052855981	-0.1381043029	0.147626663	-0.0917232228	0.0828395128	0.1136046404	-0.0093187798	0.0892548598	0.0640052932	-0.0543266021	-0.1448324183	0.1484850299	0.0862604092	-0.042417238	-0.0756536415	-0.1180217631	0.0530678344	-0.1527555459	0.001206628	0.0543445056	0.0237853267	0.0878359127	-0.0161583202	-0.041931204	0.0967458239	-0.0424881708	-0.0320009074	-0.1039056922	0.030054371	0.0581281728	0.0241230456	0.0308371953	-0.0343497157	-0.0452236014	-0.0530627232	0.0003614075	0.2079144074	0.0921570036	0.0201613005	0.0896625794	-0.0506120002	-0.0527050117	0.0268692036	-0.0205152648	0.0095212867	-0.0771337921	-0.0636531716	-0.031454929	0.0920536767	-0.1181890554	0.00079322	0.2651762326	0.0937417851	0.0224477095	-0.0158253749	-0.033435583	-0.060482403	-0.0026073814	0.0142027256	-0.0283488891	0.066456416	-0.0040991044	0.1302342965	-0.164057028	-0.0271165062	0.0339462091	0.042559753	-0.0541372555	-0.0853775195	-0.042003809	-0.0929246784	0.0513953367	-0.0240144822	-0.1118483837	0.0261296003	-0.0457875502	-0.1694926452	-0.0995048754	0.0132626443	-0.0119167225	0.056188658	-0.0790162243	0.1242524367	0.1100753719	0.0876327994	0.0586099215	-0.0001870244658874	-0.0001484623714701	2.2041075742550893e-08	3.497815084046724e-08	-0.0381941142097446	0.0047815612365696	2.286332785906501e-05	0.001458790360267	0.0430971771065529	0.0580463073145834	0.0018573666745535	0.003369373792859	0.0006419600904829	0.0006129954071187	3.757633691486491e-07	4.121127577728132e-07	0.0003275788044447	0.0006045824940433	1.0730787312141901e-07	3.655199921037377e-07	0.0002448947083653	0.0004998906878483	2.4989069979744654e-07	5.997341818532534e-08
804.786422528484	-1.570205473695296	2.4655452296226685	647681.1858861955	1040.2356617502924	-6.391174427784108	1082090.2319770686	40.84711056636152	753.991610656941	-3.0609329831956984	9.369310727615318	568503.3489410481	777.9115905266839	768.6080831856317	1.014567	30.416269	0.0625221203784606	0.0316523215859337	0.0616290419	0.0503325541	-0.0838046244	0.0244573509	0.0127815375	0.1649931362	0.0888681657	-0.0215746174	-0.1002181067	-0.0113168094	0.0319429267	-0.0790954511	-0.0141564429	0.0254638224	0.1957682959	-0.038297966	-0.1202588856	-0.0590672473	-0.1263948881	-0.0567274513	0.0370261277	-0.025226285	-0.1086268054	0.1803420051	0.143775852	-0.0339978162	0.0810862687	-0.0136574957	-0.0125950534	-0.0221803567	0.0028633751	0.0734638061	0.135331417	-0.1101716871	0.0625239241	-0.0189168863	0.0713769949	-0.0378710457	-0.0250714094	0.1462421874	-0.0196506206	-0.0339246757	-0.0568348409	0.0171541888	0.0251801719	0.06715353	-0.0885004849	-0.0060314572	-0.1160921894	0.0028378095	0.0341743519	0.0319715153	0.0212079545	-0.0377798006	0.1264953889	0.0069898126	0.0196499414	0.1799574997	-0.0964900929	-0.0574947762	0.0330546015	0.0798272059	-0.0118215279	0.010767379	0.04981097	0.0162183663	0.0228249304	-0.1130215844	0.0067980172	0.1769715394	-0.0181436428	0.0176799712	-0.0087123389	0.0610354359	-0.0411877703	-0.0366265365	0.1015866467	-0.1646518514	-0.0307075043	-0.0514316109	-0.0604101776	-0.0160065703	0.188518187	0.0515277721	0.0893720125	-0.0387258895	0.0344750058	0.0412966678	0.1307901287	-0.0322181071	0.0553478502	0.0994264828	0.1435514562	-0.0586186267	-0.0308973421	0.0089393732	-0.0570719592	0.0804153614	-0.0660401042	0.0537355801	-0.0277401686	-0.0464679311	-0.1678409033	-0.218098533	0.0549420504	0.0118353561	0.0632563126	-0.0466248472	0.0475924986	-0.0257813804	0.1318107624	-0.1046987341	-0.0804973973	-0.0013571578	0.0524316597	0.078109573	-0.0610613545	-0.091081953	0.0545471166	0.0020159068	0.0223498017	0.1232925447	0.1063942335	0.0799246852	0.0462651033	-0.0002033737396374	-1.634927375000002e-05	2.6729875215243967e-10	4.136087797410097e-08	-0.0489874586754552	-0.0107933444657106	0.0001164962847554	0.0023997711074794	0.0226656805033229	-0.0204314966032299	0.0005137330726787	0.0004174460534477	0.0002189819995017	-0.0004229780909812	1.7891046545010036e-07	4.795311610576254e-08	0.0001390283556801	-0.0001885504487646	1.9328883683112398e-08	3.555127172933205e-08	0.0002589847693349	1.4090060969599997e-05	1.985298181270452e-10	6.707311074745137e-08
806.8054794635411	2.019056935057165	4.076590907002433	650935.0816923945	1041.4486367998331	1.2129750495407734	1084615.2630922308	1.4713084708084416	753.8850184595863	-0.1065921973547574	0.0113618965369155	568342.6210578107	776.997071830131	762.8240528821052	1.04142	31.22131	0.0478352272079523	0.0284191376157898	0.0295855283	-0.1313852034	0.1000017031	0.0016611193	-0.0080987536	-0.0940371049	-0.0209936775	-0.0187324909	0.0461674262	-0.1927112399	-0.0610481513	-0.1132338468	0.0474362283	-0.1212046994	0.0215401609	0.0078078324	-0.0781202487	0.0590414856	-0.074825209	0.0023404786	-0.0607952967	-0.0565063029	-0.1227851905	0.0293011408	0.088176916	0.0745608691	-0.0933821073	0.079708885	0.0250111492	0.0683025109	-0.0087751955	-0.0294179997	-0.0601653662	0.1426585472	-0.2101308747	-0.1653357777	-0.0371062626	0.1503111338	-0.0566564514	0.0650215772	-0.0552527101	-0.045655513	0.0554565555	-0.0780122167	0.0406478253	-0.0447851101	0.105914215	0.1294040219	-0.0963202231	0.084497777	0.0101463601	0.1464676761	0.0240546402	0.0546173458	-0.0496747986	0.0620982422	-0.1132891295	-0.0884028687	0.0393255638	0.1436095249	0.0564409416	0.0909998968	-0.0549328617	0.0243465812	-0.1087225312	0.0003389405	0.0724129756	0.01283484	-0.0042173998	0.1745943468	-0.1125454919	0.0514017397	-0.083983148	0.0754366172	-0.0031712672	-0.0111757518	0.0955966392	0.1307045399	0.1742460583	0.1131612688	0.1268113582	-0.1838932261	0.0827634786	-0.0175972449	-0.1388349655	-0.0929828575	-0.0186791415	-0.1435459997	-0.0006619098	0.0350437548	-0.1262709546	0.0767987448	-0.1488412887	-0.0593224801	-0.110205712	0.0363127069	-0.1428291253	-0.0259017561	-0.0826698786	0.0366807595	0.1455655486	0.101355786	-0.0450861582	-0.1129064407	0.2452968451	0.0322045164	0.0106087078	-0.0971433786	0.0119759356	-0.0717311172	0.1560726963	-0.0945967875	-0.1501635925	-0.0055218734	0.0443796168	-0.0514801476	0.0937842789	-0.0422435512	-0.1193930744	0.0449961548	0.0511006374	0.1222481541	0.1024214758	0.0717238087	0.033413395	-0.0002460983701695	-4.272463053210001e-05	1.8253940541044523e-09	6.056440780008426e-08	-0.0377366377764616	0.0112508208989936	0.0001265809709012	0.0014240538306718	0.0440346259917845	0.0213689454884616	0.0019390482862363	0.0004566318312888	0.000228968190144	9.98619064230001e-06	9.97240035443603e-11	5.242643209781895e-08	0.0001205611433658	-1.846721231430001e-05	1.453498928966898e-08	3.4103793066143386e-10	0.0005339860901776	0.0002750013208427	7.562572646522966e-08	2.8514114450316e-07
809.5763761581114	2.770896694570297	7.677868491980597	655413.9088332999	1044.871911153306	3.4232743534728343	1091757.3107171622	11.718807299144853	755.8586606250649	1.9736421654786227	3.895263397355147	571322.314841917	778.5550035466374	785.2299881731526	1.088948	32.64616	0.0628926921445057	0.0337202189361997	-0.0738805565	0.0447499813	-0.1530927186	-0.160782642	0.0383160841	-0.0889625563	-0.1029582516	-0.0391288696	0.1890000948	0.1743979472	-0.0222993645	-0.1315989237	-0.1221900536	-0.0344591127	0.0388986326	0.0274404236	0.0544022877	0.0320668291	0.0972090504	-0.0906451295	0.0345970856	0.0482431345	0.086450523	-0.000652092	-0.11999518	-0.1033639254	0.0218933023	-0.018074371	-0.0461761861	0.0385644711	0.0600859021	0.0047431448	-0.0825928821	0.0906445449	-0.1602283344	0.0283985615	-0.0532124411	0.0223841262	0.0779985575	-0.0733550863	-0.1345284977	0.1188966251	0.0490587587	-0.1777476934	-0.0103592528	0.0758227143	-0.0293802709	0.0235395921	0.0669749844	-0.1089145987	0.0511401339	-0.0771336718	0.1627302441	0.1446351591	-0.0236489854	-0.0185496348	-0.08479445	0.0924996785	0.1406829893	-0.1091102344	-0.1523338397	-0.0361451415	-0.0405724647	-0.0163629635	-0.0337185035	-0.0968056884	0.0428034981	-0.1090330286	-0.0184534546	-0.0569064108	0.0228097872	-0.0012426659	0.0175835193	0.0055764845	-0.0105019413	0.040820277	-0.0842812716	0.0250439257	0.0226379946	0.1167930112	-0.0701171913	-0.1202320298	-0.1471097343	0.1505948179	-0.2507254658	0.0156080402	0.0263333886	-0.0066618654	-0.0681520966	-0.0003363121	0.1095615757	0.0702604884	-0.1276542722	-0.086928661	0.0842686502	-0.0667068592	0.0255223886	0.1423787139	0.0721726326	-0.0259090333	-0.1715040515	0.0384656082	-0.0802600664	-0.1402795662	0.2362150832	0.0171658214	-0.0316813062	0.05533202	0.0409405185	-0.0563500284	0.2832288133	0.0166275571	-0.068103557	0.0527868687	0.0431150039	0.0030097303	0.0091314765	0.1333312081	-0.1501636131	0.0199000768	0.1244720283	0.1211199807	0.098167988	0.063080731	0.0201956026	-4.909274434794497e-05	0.0001970056258215	3.881121660534256e-08	2.410097547612683e-09	-0.0558700204963713	-0.0181333827199096	0.0003288195688667	0.0031214591902649	0.062576165694459	0.0185415397026744	0.0039157765130203	0.0003437886945458	0.0002120865935454	-1.6881596598600007e-05	2.849883037178633e-10	4.4980723161691706e-08	-0.0002659309904755	-0.0003864921338413	7.071929169528048e-08	1.4937616952120137e-07	0.0006510276416597	0.000117041551482	1.3698724773337045e-08	4.238369902049907e-07
812.0423047702864	2.465928612174934	6.080803920343	659412.7047366387	1045.172832182724	0.3009210294180775	1092386.2491328567	0.0905534659460354	757.2594587763283	1.400798151263416	1.962235460583004	573441.8879062177	778.7886089263092	793.0191797120741	1.156061	34.658207	0.1728992972652749	0.1039205015403673	-0.1075491592	0.1647797757	0.1248374179	-0.0787346213	-0.0186740557	0.0215423389	0.0040236805	-0.2207341957	-0.0054596642	0.0237916717	0.1566850683	0.0631354523	0.0215960496	-0.0001844851	0.0608993876	0.0659648263	0.1527585316	0.0220082564	0.0326597618	0.0196352478	0.0905888019	0.1242097464	-0.1508665715	0.1031126511	-0.0557182	0.084866166	-0.0265378841	-0.0821142861	-0.0291824191	0.0366344291	-0.0005912563	-0.0472462608	-0.1592178657	0.1381148038	0.0455448396	-0.084416042	-0.031736871	-0.037364638	-0.0018717602	0.0341134845	0.0764153985	-0.0490156615	-0.0674584936	0.087091837	-0.0284041034	-0.0585337249	-0.0620867797	-0.020286886	-0.0633073121	0.1064634049	-0.1184963264	-0.0171866461	-0.0398784486	-0.1434737185	0.0638357594	-0.0110969889	0.0047159916	0.1075500965	-0.0959764014	0.0531133818	-0.1151172466	-0.1299317406	0.194359938	0.0657925749	0.0340991216	0.078547973	-0.006453099	0.1174707321	-0.0799523629	0.0508413959	0.0008512483	0.0034820901	-0.0057716048	-0.0740153266	-0.0058210527	0.0777680826	-0.0870806332	0.0597695081	-0.0603429125	0.0378610562	0.0708077805	-0.0446187283	-0.0278705184	0.0378564278	0.1292667709	0.0741386503	0.0197240584	0.0308320896	0.1410164612	-0.0430478196	0.0129263992	0.0902059533	-0.0512024032	-0.0705024007	-0.0031883225	-0.068469872	-0.0254036329	-0.147663979	0.0851151885	-0.1131927618	0.0145465556	-0.1994033259	-0.1672156733	-0.1073470252	0.05852788	-0.0695864046	0.13478759	0.0305736097	-0.1163560882	-0.0257109578	-0.0076785977	0.0640487099	0.0205165916	-0.0192208485	0.0395967363	-0.0586453156	-0.1748600808	0.0270399746	-0.1337237142	0.0686880028	-0.0507630347	0.1199087977	0.0936454286	0.0540487397	0.0067565429	-7.524262403535431e-05	-2.614987968740934e-05	6.838162076659834e-10	5.661452471725678e-09	-0.040817046134066	0.0150529743623053	0.0002265920371522	0.0016660312551104	-0.0378596817404783	-0.1004358474349373	0.0014333555014903	0.010087359449974	-0.0001284574768693	-0.0003405440704147	1.1597026389461219e-07	1.6501323363626745e-08	-0.0005710094853754	-0.0003050784948998	3.260518323886791e-07	9.307288805038829e-08	0.0001489636952074	-0.0005020639464523	2.520682063272579e-07	2.2190182489843167e-08
812.7243466325554	0.6820418622689886	0.4651811018873499	660520.863609314	1049.3949514792782	4.222119296554183	1101229.7641901968	17.82629135433519	757.4736308607944	0.2141720844660994	0.045869681764554	573766.3014494351	780.7904778640335	819.489720505275	1.138774	34.139927	0.1104573465901582	0.0543571538104536	-0.1535453061	-0.0647449575	0.1041110868	-0.1246249839	-0.0191621782	0.1121473522	-0.0479615629	-0.1391064687	0.0305339434	-0.1070020019	-0.1213631639	0.0396540574	0.1467111278	0.0657201092	0.1225628498	0.1084155973	0.0956455381	0.0320551083	-0.0664263184	0.0198926909	0.0018266808	-0.1048905633	-0.1280440167	-0.05958055	-0.039644235	0.0990133811	-0.1995712919	-0.0035261816	-0.0518379978	-0.0635820106	0.218325441	-0.0276149844	0.0847735855	-0.1076953543	0.0885835477	-0.0828111766	0.0652874839	-0.0449081469	0.078097988	-0.0026352122	-0.0849450099	-0.0290530183	-0.0240322768	-0.1346650497	0.1073668596	0.1720408146	-0.0684405241	0.0279258141	-0.1048911261	-0.0514214996	-0.0341135505	0.1312093912	-0.0618181211	-0.0040327242	-0.0861583201	0.0996760993	0.0652653797	0.0339212505	0.0320876585	0.1817057258	0.0311803498	-0.1122321607	-0.1261146903	0.0310635451	0.114175341	0.1493105113	0.0425400676	0.0364740021	0.0178222889	0.0964071825	-0.0666907544	0.0713823837	-0.0807913325	0.0005023352	-0.1018948478	0.0628027573	0.0318604401	-0.1232795661	0.1276633148	-0.0545898236	0.1450263359	-0.0191284656	-0.0381462361	-0.0599044766	-0.0654886288	-0.0800101691	-0.2197791346	0.0898137669	-0.0058415483	0.1047755327	0.0273309168	-0.0869571291	0.1539721539	-0.0537300653	-0.0051902982	-0.1227266155	0.1345954208	-0.1266202304	0.1418176992	0.1095970785	0.1174187321	0.0929172488	-0.0318144636	-0.0101767896	0.0699621017	-0.1428130145	0.0373136291	0.0116687245	0.0769431507	0.1520266838	0.0112601255	0.0105608901	-0.1016165827	-0.0439813055	-0.0677442109	-0.0182188386	0.0947497041	0.0397786232	0.0325380664	-0.1340200266	0.0864003494	0.1186154352	0.0888661936	0.0446835199	-0.0067565429	-0.0102785501091631	-0.0102033074851277	0.000104107483636	0.0001056485923465	-0.023968571350565	0.0168484747835009	0.0002838711025302	0.0005744924125871	-0.0444229939676859	-0.0065633122272075	0.001973402393053	4.307706739181272e-05	0.0001579711759911	0.0002864286528604	8.204137317942352e-08	2.4954892444011087e-08	-9.354929480576146e-05	0.0004774601905696	8.751470558655271e-09	2.279682335787955e-07	-0.000623992503249	-0.0007729561984564	5.974612847321695e-07	3.893666441109532e-07
810.1662034217736	-2.5581432107817363	6.544096686868691	656369.2771668506	1047.0004402773225	-2.394511201955765	1096209.9219409071	5.7336838962916445	756.7024630676473	-0.7711677931471286	0.5946997651874125	572598.6176126441	779.9645147210199	800.7190157179529	1.083374	32.479076	0.0820048789973089	0.0569912093713746	-0.1144655913	0.0447247899	-0.056321889	-0.0326565669	-0.1652853354	-0.0661810529	-0.0649840982	0.0057538493	-0.0260126989	0.0601236069	0.0103351425	-0.0731880968	-0.0559057126	-0.1627236787	-0.008294689	0.0943767658	-0.0281699298	-0.0942187662	-0.0033787182	-0.0314156133	0.0092484513	0.0270962743	-0.011267716	-0.0368316151	0.0067319045	0.0569520957	0.0578674068	0.1045207709	-0.143744686	-0.0003767611	0.0122789597	0.066521817	0.124180417	-0.0392437715	0.1595069932	-0.0332550934	-0.1289617091	-0.1032107419	-0.1873430974	-0.1649815197	-0.0157207667	-0.071805933	0.0642302656	0.0585656515	0.0168523464	-0.1672772433	-0.1068806035	0.0793258252	-0.0409657148	-0.0761373662	-0.0848459028	0.0945558086	-0.0407909179	0.0945445504	0.1207159431	0.0272150394	0.0040861958	-0.1548804674	0.0024629437	-0.0718719483	0.0254175845	-0.0323014357	0.0196972082	-0.0728081957	-0.0720608105	-0.0102687428	-0.0212405023	-0.1006752586	-0.1243507184	0.0430151444	-0.1144643058	-0.0034459809	0.0201754028	0.0706248666	-0.2387658972	-0.0541249878	-0.0025868913	0.0374151796	0.008731535	0.0534056761	-0.1743176346	0.0491564407	0.00224261	-0.1708794471	-0.0840027331	0.1230107691	0.086286778	0.012218911	0.029691987	0.0216914732	-0.0555966496	-0.0745225104	0.0816907825	-0.0650943677	-0.178335382	0.0846771796	0.0732399479	0.1196812716	0.1367758528	0.0918617559	-0.0410956326	-0.0517448648	0.0315282551	0.1257625108	0.070560637	-0.123199529	0.0449940876	-0.0204144109	0.1195083221	0.0190947477	0.0986516564	-0.0833399534	-0.0188106777	-0.0077203788	0.0452950058	-0.0819063576	-0.0237510288	0.0410914387	0.009603909	-0.0415358826	-0.0221425329	0.1172407796	0.0838433825	0.0350428114	-0.0201956026	-0.0083987740414102	0.0018797760677529	3.533558064896556e-06	7.053940539866582e-05	-0.0292935444975199	-0.0053249731469549	2.835533901579077e-05	0.0008581117492281	0.0097272599580833	0.0541502539257692	9.461958629213073e-05	0.0029322500002252	0.0001319568066587	-2.601436933239999e-05	6.76747411762513e-10	1.7412598823561538e-08	-0.0002305246814666	-0.0001369753866608	5.3141628765277394e-08	1.8762256550886226e-08	-0.0003739847421056	0.0002500077611433	6.250388063193531e-08	1.3986458732779214e-07
808.5886783550142	-1.5775250667594491	2.4885853362544044	653815.6507639085	1044.6925705401566	-2.307869737165902	1091382.5669418	5.326262723726209	756.9322281390725	0.2297650714252768	0.0527919880470625	572946.3979955809	780.5381802120725	790.1990323798933	1.04203	31.239588	0.0527816013401283	0.0293270406559854	-0.0220036707	-0.0252492876	0.1297433412	-0.062915707	-0.1364673002	0.1094331779	-0.033352448	0.0151744272	0.0326202855	-0.0892712451	0.1315219373	0.0693373019	-0.080487301	0.0612826713	0.0544922389	0.0531938797	-0.0227215794	-0.0054306331	0.1817086714	0.0724636597	-0.0402207518	0.1727082012	-0.1285928992	0.0263467685	-0.0834377492	0.0277367068	0.0073142796	0.1274234313	0.0029052856	-0.0006100185	-0.1161223188	-0.0615512726	-0.0797105018	0.0466553233	-0.0596853995	0.0841405054	0.0087781277	-0.0559658913	0.0382445952	0.1401381835	-0.1106682962	-0.0989090564	-0.0389848856	-0.102795615	-0.0172002013	-0.128689078	0.0908712787	0.0698095164	-0.0931094313	0.0256294715	0.1917525453	-0.0034488468	0.0655354329	0.1020921636	0.1502523949	0.0524399376	-0.0268966928	-0.0081401896	0.1002920158	0.0424760097	0.0371789845	0.0856402608	0.168005971	0.0054912741	0.0419981932	0.0593749723	-0.0839288483	-0.0493732271	-0.0848736019	0.0404406892	-0.0831218479	0.0105574656	0.0492584336	0.0381139384	0.0546776781	0.0457096872	-0.1335605442	-0.0149755971	-0.1762830779	0.0235362349	0.0621848639	0.0497451403	-0.0312314687	-0.078044719	0.0317534452	-0.0198738247	0.1028886231	-0.0550625636	-0.0753237206	0.137307569	-0.0370942637	0.0798330857	-0.0229976888	-0.1053687642	-0.0870133952	0.0288264321	0.1220773319	0.0358904143	0.1013521588	-0.1292433496	0.1254653052	-0.0582668982	0.0179130919	0.0799329401	-0.0485783666	-0.0724520148	0.1149577283	0.0751425498	0.0961591179	0.114383383	0.0651770903	0.0236766735	-0.0517261873	-0.0733169114	-0.0826136314	-0.0569613763	-0.0610371148	-0.0082611727	0.1887689839	0.0156893455	-0.0347997614	0.1157857731	0.0785907625	0.0251860523	-0.033413395	-0.0086566720980272	-0.000257898056617	6.65114076068256e-08	7.493797181276265e-05	-0.0088511150333943	0.0204424294641256	0.0004178929223957	7.834223733437857e-05	-0.0011228694203424	-0.0108501293784257	1.2608357351400776e-06	0.0001177253075285	-0.0002840415221483	-0.0004159983288069	1.7305460957021688e-07	8.06795863043232e-08	-0.000221946890738	8.577790728599984e-06	4.926042230826571e-08	7.357849378365585e-11	-0.0003740315113892	-4.676928360000318e-08	2.1873658884575263e-15	1.3989957151208926e-07
808.0886588807791	-0.5000194742350459	0.2500194746142917	653007.2806117362	1043.396673383504	-1.2958971566524724	1088676.6180277627	1.6793494406199625	757.8463541075241	0.9141259684515716	0.8356262861975238	574331.0964340669	781.9040256232184	780.9335464020347	1.062012	31.838633	0.0827003247881566	0.0492605982675144	-0.0094980603	-0.0394639181	-0.063093868	-0.0477909181	-0.1510696066	-0.1155078427	0.0012810204	0.1149057731	0.0136899337	0.0725600754	-0.0832134395	0.1383541942	0.0409681897	0.116100316	-0.1683839519	-0.0409898721	0.0430991753	-0.0237066065	-0.0011437974	-0.0649702152	0.0914387836	-0.0399354042	-0.0710140172	-0.0139133382	0.0742014528	0.0134185907	0.0037266168	0.0298115803	-0.0330075072	-0.0304807353	0.0778848855	-0.0470945274	0.0507015426	-0.1364322965	0.0100584479	0.0686708527	-0.018710348	-0.0948648133	0.0563848913	0.1009521167	0.0770999053	-0.0580065986	-0.0084575313	0.0882808844	-0.0922328029	-0.0184000949	0.0139630043	0.0137103263	0.0134413931	-0.0500649549	-0.1167312468	0.1280445018	-0.1186954594	-0.0279613371	-0.1510216167	0.1764712618	-0.0149722949	-0.0996361929	-0.0051894082	-0.0803216491	0.0385565703	-0.0526102638	-0.0623303613	-0.0266915361	0.1380012954	0.0317072221	0.0230555125	0.1182216704	-0.1652982671	-0.0083405321	0.0097602861	-0.0796059409	0.0093089769	-0.0724509874	-0.120307351	0.0479369977	0.0460984206	-0.1487837234	0.0375464129	-0.0773869601	0.051381701	0.0684220231	-0.0226535735	-0.1294478625	0.084045332	-0.0749981725	-0.0193570351	-0.0612203375	0.002757681	0.0981402709	-0.1094448222	0.0594603473	-0.0066488117	0.0222360502	-0.2145017374	0.1153080742	-0.2170456451	-0.1709792309	0.0305945971	-0.0203366615	-0.0805517189	0.0127113906	0.1183278813	0.049626593	-0.0983770932	-0.0310170775	0.2468778569	0.0190154418	0.0432168163	0.0242707755	0.0570877682	-0.1401518392	0.0477406551	-0.0408877864	0.007965729	0.0411717211	-0.2674101545	0.0906699677	0.1365267596	-0.0586324791	-0.0213862517	0.1142514127	0.0731227308	0.0151740128	-0.0462651033	-4.924152069918364e-05	0.008607430577328	7.40878611435213e-05	2.4247273607681307e-09	-0.0240915246586297	-0.0152404096252354	0.0002322700855449	0.0005804015603773	-0.0446228316085495	-0.0434999621882071	0.0019911971007649	0.0018922467103754	-5.705642480237653e-05	0.0002269850973459	5.152223441713835e-08	3.255435611229247e-09	-0.0003019893321967	-8.00424414587e-05	9.119755676060885e-08	6.4067924346694174e-09	-0.0003740086022461	2.2909143100016856e-08	5.248288375770499e-16	1.3988243455408146e-07
807.1775718467751	-0.9110870340040264	0.8300795835302541	651535.6324924558	1038.384257518462	-5.012415865042158	1078241.8662621677	25.124312804126323	758.219226216161	0.3728721086368978	0.1390336093993265	574896.3950038339	781.5071488663957	770.8927402764224	1.061634	31.827303	0.061002255319377	0.0377067173912847	0.0302550128	0.1020617892	0.0049894868	-0.0693941439	0.0478559846	0.1564246394	0.1114734049	-0.0292529866	-0.0038126277	0.0553714842	-0.0701810728	0.0113490825	-0.0278199861	-0.0707893045	0.1502360872	-0.1175898633	0.0302633208	-0.0193524887	-0.0919255669	-0.0158128614	0.034684455	-0.0619058307	-0.1735572699	0.0471050681	-0.0496783227	0.0303344656	-0.0327319063	-0.1140933521	-0.132507046	0.1552293046	-0.0703293148	-0.1720887084	0.0297977529	-0.0223111764	0.1059232854	0.0036707421	-0.0300615585	-0.0651526365	-0.0722175337	-0.1862307257	0.0222150771	0.1097008703	-0.0601871015	0.0442574152	-0.0715713075	0.0382100897	-0.1002630356	0.0266591656	-0.0113343699	-0.0504343218	0.0437124474	-0.0998452281	-0.0197219328	-0.0061747273	0.0114189747	-0.0691995632	-0.0061268837	0.0364217451	-0.1102432149	0.0459895648	-0.0366584695	-0.0769913978	-0.0444024917	0.0369001668	0.0868019952	0.1772020964	-0.099867535	-0.0297280135	-0.0264146114	0.1436306207	-0.044612687	0.0372626967	0.0368342254	0.0598553385	-0.065101088	-0.1440698525	0.084815514	0.0070899978	-0.0535657956	0.0414944869	-0.0660934428	0.0660034741	-0.0980558501	-0.0445919888	-0.0267870587	0.0493050197	-0.0223164946	-0.0281458144	0.0690386495	-0.0397381581	0.1462469167	-0.080977876	0.082456383	0.0667572462	0.0799368067	-0.0380197454	-0.0185039076	-0.0796908068	-0.0016190426	0.117850794	0.0222429666	-0.1130027587	0.0008274345	-0.0425976966	-0.1748958854	-0.1116991514	0.0357918548	0.1832041694	0.129950369	-0.0346842004	0.0800868553	-0.0224624413	0.1656170859	0.0712245287	-0.1081172836	0.0693688704	-0.0139296426	0.0129957704	0.1258555192	-0.0308105256	0.1204922209	0.1126387502	0.0674542747	0.0050684204	-0.0586099215	-7.983831459057456e-05	-3.059679389139092e-05	9.361637964322563e-10	6.374156476663551e-09	0.0057096209008449	0.0298011455594746	0.0008881082766569	3.259977083136493e-05	-0.0464925746071855	-0.001869742998636	0.0021615594936047	3.4959388809483443e-06	0.0002140024274328	0.0002710588522351	7.347290137505127e-08	4.579703894713084e-08	1.2959981905424913e-05	0.0003149493141021	1.6796113098894116e-10	9.919307045339897e-08	-0.0003740013692359	7.2330102000037555e-09	5.2316436553358347e-17	1.39877024190328e-07
809.8241316783359	2.646559831560808	7.004278942031171	655815.1242485708	1041.9256600707115	3.541402552249565	1085609.0811137878	12.541532037079731	758.0137747324186	-0.2054514837424221	0.0422103121719627	574584.8826840898	781.9877037914379	789.682270450092	1.044867	31.324652	0.068014182156718	0.0398355647167275	-0.0434160351	-0.0739675374	-0.03486211	-0.0922706102	0.1723855557	0.1147735166	0.0150709199	-0.0318517178	0.0450586189	-0.0126275659	-0.1098005937	-0.1458097888	0.0434642729	0.0636479903	0.0606761797	-0.0802298572	-0.0031149347	0.0205870495	-0.0330154932	-0.0287736662	0.0523193758	0.0229813911	-0.0136288589	-0.0153032085	0.0172442697	0.1267634968	-0.0514973131	0.1091504354	-0.0068063585	-0.0017771138	-0.0464236748	-0.0896982245	0.1569403581	0.0001457541	0.0125815129	-0.0176427555	0.0476128261	0.0524955481	-0.0717770871	0.0973848813	-0.0649872341	0.1951134472	0.0790170471	-0.1389391094	-0.0777356926	0.0657484897	-0.0362304019	0.0574453748	-0.0705505633	0.0071563345	0.0990151908	-0.0030091781	0.0271707558	0.0297709127	-0.0180908547	-0.0501566385	0.1871723127	0.1007691211	0.0223254703	0.0556242673	-0.0099432117	-0.0235147053	-0.0769109572	0.1469433579	0.0822126262	-0.0057742742	-0.097993172	-0.1370686098	-0.0720936915	0.0308751213	-0.0781098029	0.0962427518	0.0124561773	-0.0086260979	-0.1244555606	-0.0241972226	0.0397803744	0.0875983912	0.0161817869	0.024512413	0.0844402717	-0.0514936806	-0.1310181345	-0.0010719525	0.1321862066	-0.0378534048	-0.1044638728	-0.0955795108	-0.1228722342	0.0236779727	0.0448900383	0.1280958863	-0.0793063045	0.1110755021	0.1489283505	0.2419423806	0.0524345731	0.0951514868	0.1246883276	0.114637103	-0.0065318175	0.099703965	0.048697542	-0.1038380365	-0.1300596484	-0.2024194362	0.0047781603	-0.0207912886	0.1727975627	-0.1417585108	0.04352019	0.0806070181	0.0921880067	-0.0323253056	-0.028386251	0.1394483832	0.0580665956	-0.0553035292	0.0051651544	0.1713236653	-0.0104847446	0.1109488906	0.0616009311	-0.0050684204	-0.0703125971	-9.766171530145584e-05	-1.7823400710881288e-05	3.1767361290064355e-10	9.537810635622614e-09	-0.0159858800104473	-0.0216955009112922	0.0004706947597918	0.0002555483597084	-0.0243391157131753	0.0221534588940101	0.0005923925536993	0.0004907757409685	-0.0001810140193399	-0.0003950164467727	1.560379932209293e-07	3.276607519758569e-08	-7.496615281477048e-05	-8.792613472019539e-05	5.619924067847521e-09	7.73100516683395e-09	-0.0003740067667571	-5.397521200009667e-09	2.91332351045538e-17	1.398810615800998e-07
810.9568337648283	1.1327020864923725	1.283014016744174	657650.9862298754	1051.7694205402458	9.843760469534343	1106218.9139835646	96.89962018156704	758.8331476762842	0.8193729438655737	0.6713720211389366	575827.7460122973	781.5361003813872	791.275898408354	1.059964	31.777252	0.0245592451648142	0.0157745737790843	-0.0852847211	0.1280142888	-0.0140820283	0.0428284438	0.1268827253	0.011384908	-0.0344214662	-0.1324900028	-0.0186318539	0.0775030726	0.1898423585	-0.0614286067	0.0375545676	-0.0251880053	0.0600530862	-0.0360528532	0.0734648361	0.0531207609	0.0613237282	0.0371574131	0.0683371065	0.020557987	0.0129786773	0.056971998	-0.0432970425	-0.0797114178	-0.0206567279	0.0674906139	-0.0896254793	0.0502493441	0.082438603	-0.0783822098	-0.0602508422	0.0356372499	-0.1404289709	0.0280521855	0.1124990296	-0.0867295535	-0.0579020013	-0.0276463797	0.1153634005	-0.062472651	0.1453565982	0.1604956284	0.1326846307	0.0112688569	0.0647599259	0.1018298169	-0.0073281063	0.1227754798	-0.0629796552	0.0175632771	-0.069838688	-0.0140297541	0.1628693313	-0.0387788955	0.1310282715	0.000607451	0.0038766738	-0.0654387342	-0.1343514297	-0.0513937372	0.1714390341	0.1040630804	-0.0759303464	0.1083677784	0.046678837	-0.1010065077	-0.0110582033	0.0534304256	-0.0163592915	-0.1139272659	-0.0620897998	-0.0017427129	-0.0103619205	0.0713006653	0.0440797384	-0.0804021134	-0.0550329299	0.1168906558	0.0120019093	-0.0303151635	0.0766448708	-0.0974927157	0.0175684673	-0.0240332099	0.1070985693	-0.0466769719	0.0146263547	-0.055342123	-0.0487246605	-0.1992496486	0.0460273553	-0.0408337931	0.104386713	0.104774419	-0.1417330933	0.1314592739	0.1376310745	-0.0125266587	-0.0079914581	-0.1521913636	0.0315424122	-0.0483166512	-0.0135637152	-0.1112865555	0.0469364103	-0.1396164734	0.0687766312	-0.0355805986	-0.0649540566	0.0154458208	0.027931738	-0.0665845537	0.0068838558	0.0531795227	0.0859538794	-0.1458025894	0.0338414225	0.0650546991	0.0977310016	0.1091829923	0.0555787436	-0.0151740128	-0.0812449131	0.0032267058385713	0.0033243675538727	1.105141963324193e-05	1.0411630568670115e-05	-0.0233479761848087	-0.0073620961743613	5.420046008054674e-05	0.0005451279919263	-0.0107664427392393	0.013572672973936	0.0001159162892573	0.0001842174516574	-0.0001810129045043	1.114835600002145e-09	1.2428584150321426e-18	3.276567159708283e-08	-6.896615086748881e-05	6.0000019472816746e-06	4.756329965477227e-09	3.6000023367383886e-11	-0.0003740057142871	1.052469999986063e-09	1.1076931008706637e-18	1.398802743194039e-07
812.003200815687	1.0463670508587484	1.0948840051228346	659349.1981349209	1058.8515593257264	7.082138785480538	1121166.6246865222	50.15668977680775	758.5544267572042	-0.2787209190800013	0.0776853507328006	575404.8183529506	782.9415428120382	804.5012316614501	1.029479	30.863306	0.0436242361481855	0.0266232493486382	-0.126894681	-0.1438427939	0.1093887418	0.0485363583	0.028257215	-0.0836922417	-0.1761058663	-0.0135587044	0.0055057153	-0.123920551	0.0612857398	0.0334278581	0.0684488599	0.0088219796	-0.0268161881	-0.0428165435	0.1140901862	0.0573001598	0.0991129985	0.0478443157	-0.1121137794	0.1443518645	-0.0591823053	0.0514442609	-0.1026334423	0.0269067821	0.1411748321	0.1619273148	0.115740073	0.0757336977	0.0445875061	0.0801760979	-0.0368203215	0.0703867812	-0.0989014281	-0.1494358227	0.0335264951	0.0473343557	-0.0800839902	0.0227878881	0.0317006196	0.0815668696	0.0067753792	0.0048297067	-0.0590553601	0.0289891679	-0.0040063273	-0.1721134647	0.0254302348	0.0560409639	0.0957077002	0.0283279183	-0.1252943293	0.0121383996	-0.1531240567	-0.1055477158	0.0231124764	0.1145306328	0.1490746562	0.0927343318	0.0541017338	-0.0378553704	0.1340521626	0.0252315131	-0.044873351	0.0205699644	0.0369167087	0.0014827617	-0.1479192602	0.1319454962	0.0701259303	0.0980221773	0.0550007998	0.0300237706	0.1109977666	0.2329463496	-0.0422072082	0.0067718611	0.0689860946	-0.0129334312	-0.1025920757	-0.096671622	-0.0265807408	0.0624268859	0.0171808168	0.0839378278	0.0738428944	0.1481018918	-0.0845483691	0.006906408	-0.0176763932	-0.0994505458	0.0655131663	0.1043485692	0.0728690269	-0.0581922704	-0.04472342	-0.0010790086	0.1498552335	-0.1133908792	0.1570527716	0.020077864	0.045316846	0.0819041828	0.0608657143	-0.0643875195	0.0723183992	-0.1201409067	0.0744568893	-0.0105384214	0.037748655	-0.0040305197	-0.0648283925	0.0331089828	-0.0336304845	0.2145955802	-0.0603802275	-0.0438954909	-0.1258896177	-0.0211001055	0.1194180897	0.1073422654	0.0494042187	-0.0251860523	-0.0912870929	-4.012517544538241e-05	-0.0032668310140166	1.0672184874141265e-05	1.6100297045227194e-09	-0.0197619910781838	0.0035859851066248	1.2859289184935594e-05	0.0003905362913742	-0.0243814372876727	-0.0136149945484334	0.0005944544842127	0.0001853680765538	-0.0001810995032211	-8.659871680001347e-08	7.499337751408933e-15	3.279703006692921e-08	-0.0005319655843927	-0.0004629994335252	2.829873829782669e-07	2.143684754446665e-07	-0.0003740481916273	-4.247734019998404e-08	1.8043244304651803e-15	1.3991204965965333e-07
811.2577884223839	-0.7454123933031269	0.5556396360898955	658139.1992759774	1053.9558277547794	-4.895731570946964	1110822.8868582624	23.968187614766823	761.0030455985338	2.448618841329676	5.995734230114684	579125.6354102442	784.4100412647144	796.0735425770506	1.111388	33.318909	0.0070249902715399	0.0053315439069399	-0.1027357507	0.0693377711	-0.1290198842	-0.0488113934	-0.0211403806	-0.0446405774	-0.0966117789	0.0062164109	0.0138998039	0.2118230383	-0.0080254371	0.1077013908	-0.0998035156	-0.0028867578	-0.0073110217	0.1072911902	0.1546847751	-0.0395688978	0.0622121371	-0.0642645712	0.0013721995	0.0089922724	-0.0782117365	0.1236851726	0.1236076905	0.0128137772	0.0751003245	0.0487155535	-0.1314742134	0.1002125378	-0.0851222131	0.1137134224	-0.006232007	-0.1223373177	0.1227819487	0.0702979928	0.0522089675	-0.0100540482	0.1875457234	-0.0406233134	-0.0400373012	-0.0643481694	-0.1640168977	0.0983113373	-0.0394557254	-0.0342020032	0.0005144708	0.034668129	-0.0055440433	-0.0277457687	0.0435122571	-0.0044396163	-0.0272016415	-0.0168804995	-0.1582773416	0.0918911828	-0.0832567406	0.0853863604	0.0976159526	-0.152276633	0.0084534299	-0.1344338825	-0.0057419853	-0.1622390786	0.0206044894	0.0040040393	0.0480965224	-0.0501464845	-0.0967947129	0.0293845979	0.0616886176	0.0189965738	0.0985111432	0.0873605117	0.0055231948	0.0202302142	0.1072435445	-0.0224563406	-0.1795017589	-0.1079605343	0.0828084158	0.0120403511	-0.049441693	-0.1890072851	0.0204840523	-0.1056439857	-0.0170008205	0.0346069572	0.0182136807	0.0712408909	0.1645083586	0.0669256054	-0.0132210851	-0.0568011713	-0.0898861143	-0.1887057813	-0.035284741	-0.0726377917	0.1329748644	-0.0881894926	-0.1602168306	-0.0359439125	0.0332865912	0.1411097755	-0.0199208846	-0.0340877572	-0.0485898854	-0.0822497525	-0.0188931222	0.1141264729	0.0898768356	0.0976793311	0.0547654711	-0.0200936765	0.0808246447	-0.1396535755	-0.0214177462	0.0159705269	-0.1203208972	0.0359021951	-0.0071163151	0.1054279714	0.0430942802	-0.0350428114	-0.1003291122	-5.152312567702211e-05	-1.1397950231639696e-05	1.2991326948293543e-10	2.654632479530215e-09	-0.0197534588614729	8.532216710897822e-06	7.279872200172405e-11	0.0003901991369919	-0.0243848962481578	-3.4589604850990274e-06	0.0005946231650334	1.1964407637476498e-11	-8.710805318725296e-05	9.399145003384704e-05	8.834392679465166e-09	7.58781293007329e-09	-0.0005779831492522	-4.601756485949997e-05	3.3406452081949093e-07	2.117616275598286e-09	-0.0003740251836384	2.300798889999728e-08	5.293675532223981e-16	1.3989483799573886e-07
808.8766221874251	-2.381166234958755	5.669952638507653	654281.3899213385	1051.1043072721384	-2.8515204826410354	1104820.264766042	8.131169062921364	759.1160767767517	-1.886968821782148	3.5606513343779063	576257.2180209272	782.8095135827966	781.8809289325043	1.156849	34.681816	0.069368452023399	0.0373452177708977	-0.0076774492	0.0296431803	0.1212111686	0.0743123659	-0.0580793981	0.0974028246	0.0530065399	-0.0605692195	-0.1284727676	-0.0878189141	-0.0915075102	0.1018643975	-0.0091066755	0.0066633493	0.0450183664	0.0897006431	-0.0049977116	-0.0744189813	-0.1485218309	0.1282858109	0.0166503336	-0.0075864302	-0.1104722555	0.0814536272	-0.0301155024	-0.0186528631	-0.0867060796	0.1085959349	-0.0187123498	0.0736649701	0.1622356862	-0.1565087636	0.0235673096	-0.0846658265	-0.1088499498	0.0953136141	-0.1270613472	0.0546609092	0.0148011113	0.0728456977	0.2312202472	-0.146683479	0.0172714592	0.0138870526	-0.0939478506	-0.0967417621	-0.1088338247	0.0174834456	0.1315601471	-0.0134170347	0.0135033579	0.0879786458	-0.0012549831	-0.0649493009	0.065836828	-0.1108187017	-0.0140917874	0.0433108309	-0.1334293201	0.1071361044	0.1171975506	-0.0405722692	0.0098825511	-0.0502086213	0.0484948643	0.1984738147	-0.0826729258	-0.0159043019	-0.1170605696	0.053437291	-0.0574192295	-0.088146471	0.0257044179	-0.0991878434	0.0095245424	-0.0822985841	-0.1964114735	-0.0368885267	0.0357738669	-0.0779041185	-9.88796e-05	-0.0382216191	0.0089198861	0.0123331256	0.1363610621	-0.0653961392	0.011301126	-0.0584267089	-0.0550437832	-0.1902821745	-0.1575358021	-0.1383933009	0.0228510839	-0.0172376404	0.0403946641	-0.0331538212	-0.0681447025	-0.0361140371	0.0011612995	0.1034577936	0.1266897751	-0.0581940589	-0.024506003	0.1071175441	-0.0657827854	-0.0366539291	0.0876983564	-0.049795107	0.068285828	0.0423230841	0.1822776265	0.1110383241	0.1873104579	0.0331805824	0.0125067252	0.017764448	0.0884882309	-0.0672980756	-0.0014033692	0.0596015137	0.0668567694	0.1034414224	0.0366662233	-0.0446835199	-0.1082719048	-7.16820639610205e-05	-2.0158938283998395e-05	4.0638279273805615e-10	5.138318293711834e-09	-0.0298706405336304	-0.0101171816721575	0.0001023573649874	0.0008922551658893	-0.0242997924767678	8.510377139000005e-05	0.0005904799144139	7.242651904801392e-09	0.0003459753324849	0.0004330833856721	1.875612189452548e-07	1.196989306880371e-07	-7.810794903240215e-05	0.0004998752002197	6.100851702048331e-09	2.49875215794783e-07	-0.0006239867505778	-0.0002499615669394	6.248078494680014e-08	3.8935946489664166e-07
808.1658077185041	-0.7108144689210576	0.5052572092275252	653131.9727653022	1048.5581721284964	-2.546135143642005	1099474.2403374535	6.482804169688891	757.5118917167384	-1.6041850600132648	2.573409706769762	573824.2660922717	782.0031918829841	782.8419108230077	1.118734	33.539146	0.0875257173552111	0.0482193653371911	0.0026391758	-0.1176412989	-0.143751021	-0.0381640643	0.0402131979	0.0410129728	-0.0604250174	0.137033205	0.0572824279	0.0270523051	-0.0066312844	-0.0659146784	0.0342561096	0.162124623	0.0094104724	-0.0625360734	-0.1016472987	0.008194404	0.1238200605	0.0162077936	0.1380281018	-0.0130294126	-0.041469515	0.0232497921	0.0153480527	0.0997324613	0.0414540563	-0.1916443746	0.1075965696	-0.0593360518	-0.0332639043	0.1152864403	0.152983136	0.0747591694	-0.1336756749	0.0048591203	0.0007247452	-0.0503403414	0.1138705499	-0.0259306337	-0.0247260363	0.0942872515	-0.2340776865	-0.0006418281	0.1101249851	0.0284108616	-0.054597756	0.0427445349	0.1138995218	0.0460910286	-0.03535688	-0.1238234742	-0.0345628848	0.0730145263	-0.0433283641	-0.098018905	0.013879966	0.0749413287	0.080486191	-0.0872129631	0.017324362	0.1036660701	-0.0519260852	0.124122438	0.1212399857	-0.0713626476	-0.1493283823	0.0473595863	-0.1549693253	-0.0973442936	0.050347338	-0.0636522515	-0.0779371026	0.0272144671	0.0459110998	0.0438373034	0.1208811862	-0.0477781454	0.0577111024	-0.0497214617	0.0916351093	0.0846518806	-0.0400633842	0.1554283623	0.0754958683	0.0122140344	0.0065168291	-0.079190969	0.0248753185	0.0005827115	0.0955649318	0.0877665828	-0.0607443247	-0.0718030381	0.1345106571	-0.1401739549	0.1133771731	0.1127174286	0.0757575505	-0.0086837445	-0.0814160533	0.1415060634	0.079716659	0.0034667903	-0.0613695107	-0.0567325439	0.1783690905	0.0232044075	0.0329624544	0.0113618688	-0.0417993859	0.1278951834	-0.0581349345	-0.1376149482	0.0552546365	0.0318766454	0.0311467961	-0.0411689578	0.0451014731	-0.0309632397	-0.1588008263	0.1013839798	0.0301376669	-0.0540487397	-0.1150284477	-0.0001652476356781	-9.356557171707948e-05	8.754516210743944e-09	2.7306781097202064e-08	-0.0054906323441912	0.0243800081894392	0.0005943847993171	3.014704353907856e-05	0.0128000054570307	0.0370997979337985	0.0001638401397	0.0013763950067286	0.0001429972577543	-0.0002029780747306	4.1200098821341045e-08	2.0448215725249718e-08	-1.202674089717526e-05	6.608120813522689e-05	1.4464249660778801e-10	4.3667260686111765e-09	-0.0003739991202385	0.0002499876303393	6.24938153226585e-08	1.39875341939172e-07
808.5404926483585	0.3746849298544248	0.1403887966600152	653737.7282520502	1044.287518466476	-4.270653662020322	1090536.4212248705	18.23848270092759	758.9696474297102	1.4577557129717889	2.125051718701888	576034.9257195786	781.6281888229782	766.9338921393348	1.149209	34.452759	0.0825231735962847	0.0439228295311663	0.0465668042	0.1164712393	-0.0215478433	0.0736305436	-0.0458780225	-0.0386506891	0.0684307859	0.0124642957	-0.0429710348	0.0762457839	0.2398360309	0.0713057406	0.1179429873	-0.0246716932	0.0690654649	0.0924155647	-0.0288816618	-0.011912269	0.0307068711	-0.112936296	0.0158768518	0.0419790731	0.0639139568	-0.0749082779	0.1083382389	-0.0232268999	-0.0632565747	-0.0324758489	-0.0540731689	0.1548833869	-0.0566588766	0.0471352221	0.0193414542	0.0122714599	0.0650702317	-0.1737206014	0.0421501937	-0.002992688	0.020810012	-0.1593747588	0.0290499603	-0.0363566147	0.1023925633	-0.005957119	0.0519269809	-0.057753476	0.143748752	-0.0319310367	0.0332091132	0.0664249299	-0.0297904286	-0.1680258332	0.0123286087	0.0423169652	-0.0195202778	0.0045512381	0.1623352734	0.0043289131	-0.0754246898	-0.1225387792	-0.085632693	0.0241875949	0.1509265491	0.0613443028	-0.0449484237	0.0195572901	0.09936389	0.0558548442	0.0257255937	0.0621812455	0.0323561069	-0.0972172355	-0.0088883373	-0.015978045	-0.1366381776	0.0694476221	0.1897672134	0.1035083929	0.0302516351	0.0285603202	0.0252603848	0.1129454938	0.0744766137	-0.0661365127	-0.0057964367	0.0464351719	-0.0339051852	0.0127639629	-0.043930437	-0.0838115738	-0.0690020561	0.0394043751	-0.0566165895	0.1611184004	0.1635244097	0.0488130807	-0.0254572103	-0.0081712924	-0.0421883671	-0.1284682467	-0.0651509406	-0.1573302718	-0.0130523863	0.0499588446	-0.0585357246	-0.0382259816	0.1060051667	-0.1400689501	0.0244116862	-0.0147145512	-0.0924812807	0.1028033281	-0.0362888845	0.0490667558	-0.0631981864	-0.03847849	-0.0390321678	0.0812834324	-0.1383489289	-0.1450638756	-0.0021156313	0.0992570537	0.0235265052	-0.063080731	-0.1205247148	-0.0062778666947167	-0.0061126190590386	3.736411176092194e-05	3.9411610236633183e-05	0.001307074688583	0.0067977070327742	4.6208820903427817e-05	1.7084442415343464e-06	-0.01260486127169	-0.0254048667287207	0.0001588825276785	0.000645407253504	0.0006909350552355	0.0005479377974812	3.002358299085486e-07	4.773912505532835e-07	-0.0003481288858857	-0.0003361021449885	1.2119372118801872e-07	1.129646518658873e-07	-0.0003738794471932	1.196730453000244e-07	1.4321637771381696e-14	1.397858410334928e-07
806.6897191014417	-1.8507735469167983	3.425362721966986	650748.3029039629	1055.764438824062	11.476920357585868	1114638.5502854865	131.71970089436894	759.7900558420986	0.8204084123883604	0.6730699631175899	577280.9289565393	784.8078414999472	769.2632497223129	1.131509	33.922127	0.0331961133281242	0.0164439692398285	0.1114407124	-0.1552383367	-0.0115231357	0.0040907029	-0.0798462899	0.111438658	-0.0036730197	0.1612077478	-0.076105327	-0.0875129074	-0.0379939096	0.102776111	0.1246301898	0.0338413517	0.1589166987	-0.0202699899	-0.0236002627	-0.1068048146	0.1087995362	0.0107575101	-0.0135188525	-0.1684150699	0.0261894465	-0.0895600481	0.1195488821	-0.0505533891	0.0237133518	-0.1131949318	-0.1322952708	-0.0922147394	-0.0556749199	-0.0532301147	-0.0086697868	-0.0831588049	-0.005785723	0.0782498137	0.0014591914	-0.0563171921	0.0339455814	0.1465014746	-0.042446183	-0.0500935928	-0.0535539126	-0.0753790052	-0.0709815734	0.0307268456	-0.0611867911	-0.0508416292	0.0758863788	0.0613929681	0.017665138	0.1293094793	0.05142845	-0.0670541444	-0.0793364217	-0.0807855451	-0.0852064058	-0.102533694	0.0134112205	-0.018976185	0.1479463475	0.0401224476	-0.103009207	0.0402888261	0.0784037426	0.1689238983	-0.0434631168	0.1061361498	0.1024122289	-0.1139634577	0.0477074734	-0.0238008384	0.0415439315	-0.0279155515	0.0092904392	-0.1281855424	0.0551327983	-0.1199004362	-0.0746650328	-0.0470693981	0.137916925	0.0087266008	-0.0913734271	-0.0098391425	-0.0232226531	0.0484219842	0.0131249146	-0.0005984395	0.0316081324	0.0290818845	-0.0625441951	0.0504265206	-0.0173776985	-0.0108492692	-0.0440383383	0.0370413163	0.0322436046	-0.1414967467	-0.1134004581	0.0052136955	-0.0079085113	0.1265387444	-0.069620319	-0.0031358727	-0.1322838125	-0.0479803834	0.0929233881	-0.0098798159	0.1363755327	-0.0473858634	-0.0797210595	-0.0099519811	-0.1071376794	0.0734284348	-0.0839542425	-0.1498735649	-0.1173117681	0.0015539282	0.0227742903	0.0099469092	-0.0741963621	0.0970621018	0.016850859	-0.0717238087	-0.124700488	-0.0001582316139661	0.0061196350807506	3.74499335215534e-05	2.5037243658316888e-08	0.00935437352922	0.008047298840637	6.475901863051761e-05	8.750430412417184e-05	-0.0086818120310425	0.0039230492406475	7.537386014235431e-05	1.5390315344544924e-05	0.0007409821680537	5.004711281819999e-05	2.504713501437638e-09	5.490545733735618e-07	-9.6138564135817e-05	0.0002519903217498	9.2426235140966e-09	6.349912225560955e-08	-0.0003739646159469	-8.516875370001609e-08	7.253716606814003e-15	1.3984953398031244e-07
804.7652675098158	-1.9244515916259388	3.703513928511609	647647.1357901454	1039.2373553366556	-16.527083487406344	1080014.2807271262	273.14448859969946	757.6047542736776	-2.185301568420982	4.775542944943205	573964.9636980795	781.2707649313437	740.9195782164956	1.056125	31.662155	0.0816738851716544	0.0525426418916578	0.1876929647	0.0972026321	-0.0092132798	0.0127130106	-0.0021238076	0.0223920867	0.1825500413	0.0451046681	-0.0903173154	0.0137631321	-0.0197493779	0.0079160067	0.0497779689	0.0788844784	-0.0198502243	-0.0094736356	-0.159773481	-0.0280679374	-0.1796648443	0.0787075506	0.0374130399	-0.0529502207	0.1647637042	0.0433239905	0.0670169515	0.2186331221	-0.0726991263	0.0423744984	-0.0420018924	0.0968340957	-0.0466963356	0.0316180572	-0.1505485296	0.0153669212	-0.0041600081	0.0658338424	0.0854501041	-0.1242975443	0.007232062	0.0088820233	0.024834461	0.0372277974	-0.0213534727	0.0343767954	0.1153780008	0.0551310067	-0.0681159606	0.019448319	-0.0341408386	-0.0073949641	-0.0526482601	0.0315911222	0.1108934773	0.0015446135	0.0492772949	0.1984194063	0.0278632294	-0.068556735	-0.1795006596	-0.0173888667	0.0151419377	0.1175732661	-0.124217325	0.0217021548	-0.055322938	0.0025993999	0.0263820277	-0.0543385625	-0.074696249	-0.0179261705	0.0860572084	0.0750510705	0.0421642398	-0.0604857925	-0.0355523268	0.0791205652	0.0548993853	0.1218449227	-0.0258112198	0.0429281082	0.1981424096	0.0164898343	0.0804125801	-0.0025300462	0.0485084525	-0.0301437552	0.0508223764	0.0635085717	-0.1137405516	-8.37042e-05	0.0345351586	-0.0957110291	-0.0164934958	-0.0443221475	-0.0668060482	-0.0050710308	-0.054872652	-0.0311827617	-0.2017148964	0.0891324825	-0.0651319994	-0.0617424317	0.0039580348	-0.0692472873	0.028078235	-0.0392001606	0.0251246526	-0.0166200983	0.1577951707	0.0200992575	-0.1252437574	0.0752900246	-0.0952731127	-0.0441200381	-0.1269220852	0.0137749605	-0.1052884656	-0.0725580773	0.0281926697	0.0209674241	0.1370483928	0.0948006283	0.0101290257	-0.0799246852	-0.1275100165	-0.0003039965457958	-0.0001457649318297	2.124741535131709e-08	9.241389985577793e-08	0.0013926523339762	-0.0079617211952438	6.338900439079437e-05	1.9394805233293573e-06	0.0244934593480863	0.0331752713791288	0.0005999295508363	0.0011005986310788	0.0007410168390613	3.4671007599954534e-08	1.2020787679961046e-15	5.491059557724005e-07	-8.03451225501739e-05	1.579344158564311e-05	6.455338717602462e-09	2.4943279711912106e-10	0.0004180298247689	0.0007919944407158	6.272551941247328e-07	1.747489343963172e-07
807.7959143317707	3.0306468219549743	9.184820159425785	652534.2392111016	1035.965611478708	-3.271743857947513	1073224.7481664536	10.704307872017276	757.8215767489716	0.2168224752939522	0.0470119857925965	574293.5421862974	781.1545413537928	749.9833205112358	1.012479	30.353657	0.096469912053369	0.0561711642207585	0.1097123329	-0.0779357753	0.1234652189	-0.065468956	0.0272377766	-0.0603442977	0.0943898776	-0.021073515	0.0688481597	-0.1645837279	-0.1223868298	-0.088066777	-0.0426637531	0.0211970365	-0.0732908014	0.0298425365	-0.0397632247	0.0838641547	-0.0992523616	0.1004713919	-0.1195958441	-0.0202100296	0.0096633109	0.0983550975	0.0491424184	0.0135585577	0.0314958521	0.0872337286	-0.0303102973	-0.0329217588	-0.0149603881	-0.0278993677	0.0208959394	0.1380585656	0.0375002439	0.0332744673	0.0661604358	-0.0001158118	-0.0041927716	-0.0399487602	0.0918473374	0.118884551	0.0213860819	-0.0232942878	0.0537712297	-0.0250391453	0.0776604758	0.0694407008	0.0609556662	0.0243158795	-0.0440464313	-0.0612380684	0.105960504	-0.1035083754	-0.0329350943	-0.2093841027	-0.0949979189	-0.0722225163	-0.0117592771	0.1811568199	0.0122099612	0.0564930259	-0.0624959632	0.0715942115	-0.0348817695	-0.0859353981	0.0489730562	-0.1092888253	-0.082974607	-0.0076838492	-0.036445762	-0.0226084564	0.1143177767	-0.0198944001	-0.015149366	-0.0106749135	-0.0491157819	0.0381980952	-0.0683978205	0.0487450281	-0.0004323939	-0.0380163921	0.0242334064	0.1049683435	0.0306673667	0.0018379919	0.0218641881	0.1392910785	0.1154770948	-0.0269623119	0.0218935563	-0.0312332294	-0.0179445415	-0.0141257536	0.0359546022	0.0125526516	-0.07284098	-0.0222266698	-0.1250534663	0.0538102294	0.1372287216	0.0632036244	0.0474918322	-0.1228770752	0.054332179	-0.0048343052	0.0869172591	0.1701062112	0.0673713931	0.0488065794	-0.1063602906	0.0016252116	0.0267154488	-0.0119109199	0.0061347223	-0.0444683524	-0.0750173914	0.0628767781	-0.1340670565	0.0133246666	0.0254168882	0.0924741833	0.0033794295	-0.0876327994	-0.1289225186	-0.0002978729387166	6.123607079199975e-06	3.749856366042805e-11	8.872828761966337e-08	0.0152499358408704	0.0138572835068942	0.0001920243061904	0.0002325605431506	-0.028563216273433	-0.0530566756215193	0.0008158573238829	0.0028150108280071	0.0004170439442287	-0.0003239728948326	1.049584365862149e-07	1.7392565141783105e-07	-0.0001403696869433	-6.002456439312611e-05	1.9703649012560052e-08	3.6029483305845438e-09	0.0006250289519007	0.0002069991271318	4.28486386333271e-08	3.9066119071408753e-07
812.3082642461916	4.512349914420838	20.361301750173745	659844.7161626606	1052.9322214613867	16.96660998267862	1108666.262991611	287.8658543043298	761.3239279965626	3.502351247591037	12.26646426150249	579614.1233401152	785.434387437975	781.2650054045831	1.059071	31.75049	0.0668981307292096	0.0347365553988311	-0.0133361309	0.0216641782	-0.0802950897	-0.0137422603	-0.0574022544	-0.0864332309	-0.0796985584	0.0486528943	0.0361331925	0.0693771806	0.0185678265	-0.1186561904	-0.1023437386	-0.0736915003	-0.1055043369	0.0209631979	0.0427649388	-0.1016623289	-0.0548767358	-0.036412276	0.1049268408	0.1216090982	0.0985002539	0.0352439226	0.1455425452	0.0616784028	0.1067963176	0.0048416907	0.0089351606	-0.1161497899	0.02250177	-0.0002879227	0.1220020002	0.05836668	0.0359350696	0.0407452179	-0.1115315278	-0.0412586495	0.0073126862	-0.1796395143	-0.013973975	-0.0067596492	0.0495448828	-0.0016494927	-0.0409582866	0.0035564768	-0.0444935066	-0.0873975153	0.0126020885	-0.040094358	0.0763688286	0.0183710804	-0.0306766807	0.0028839933	0.0299041324	0.0032593117	0.1401414559	0.1444417649	0.0448091486	-0.1051793349	0.0273749868	-0.0341127707	0.0171993787	0.0211790375	-0.0804096614	-0.2025161484	-0.0458886874	-0.0815376646	-0.0910843685	-0.0433782698	0.0068985938	0.0656441117	0.0083483721	-0.1262241493	-0.0504159315	-0.123332304	0.0719303962	0.0560301893	-0.0075120258	-0.0790821036	-0.0837641662	0.0485903526	-0.0831472365	-0.0490814721	-0.094333959	0.086562545	-0.0301887421	-0.0205683058	0.018057614	-0.0017440628	-0.0425267239	0.0675986986	0.0374045516	-0.0810165481	0.1151260161	0.0079447452	0.1152201355	0.1418057291	0.011435136	0.0394858698	-0.0672055874	0.0215926901	0.0200436355	-0.0027679335	0.1014912704	0.036136742	0.0226998707	0.1948960357	0.0178470388	-0.0296942157	-0.1408073117	-0.0051567907	0.0855733199	0.0566608861	-0.0470023342	-0.0331664135	-0.0277060776	0.0829991541	-0.1236979379	0.1184354946	0.0053177999	0.090084361	-0.0033794295	-0.0948006283	-0.1289225186	-0.0004300237778664	-0.0001321508391497	1.7463844287996307e-08	1.8492044953049094e-07	-0.0091971931899621	-0.0244471290308325	0.0005976621178501	8.458836257348522e-05	-0.0213445053518057	0.0072187109216273	0.0004555879087132	5.210978737002129e-05	0.0001624220045177	-0.000254621939711	6.483233218219212e-08	2.6380907551547763e-08	0.0002190578618079	0.0003594275487512	4.7986346819849014e-08	1.291881628012963e-07	0.0007129822621905	8.795331028980003e-05	7.735784790933844e-09	5.083437061982829e-07
809.7242376146289	-2.584026631562665	6.677193632625093	655653.3409805921	1055.9561023016045	3.023880840217771	1115043.2899879965	9.143855335836133	760.1112628569239	-1.212665139638716	1.470556740894987	577769.1319219476	784.2262255941855	784.0331164942252	1.01899	30.548874	0.1328005124226325	0.0594249358373417	0.0008530522	-0.0250300712	0.0809754382	0.0571469784	-0.0157309711	0.0781824665	-0.0254554066	0.0216456681	-0.0149431646	-0.0595187306	0.1235610924	0.0329570256	-0.0882250662	0.0025966333	0.0760606838	-0.0763818006	-0.0442080821	-0.0946557799	0.1411769149	0.1261261103	0.0368862966	0.0381374006	-0.0125729675	0.0933413348	0.0176169117	0.0016478393	0.016318363	0.0135546277	-0.0015776233	-0.0241924261	0.0653869985	0.0179165998	-0.040934261	0.0249539593	0.0650996708	0.0359610686	-0.1916327903	0.1809031611	-0.0643008026	-0.0982400436	-0.1053505331	0.0229012114	0.1698078403	0.1547716859	-0.0621166409	0.1529318043	0.0051886045	-0.1258499732	-0.0305332381	-0.0671295021	-0.02633284	0.0041100282	-0.0319447672	-0.0388402101	0.0359327709	-0.0618115223	-0.0220728174	-0.1011303304	0.0519905073	-0.0151621128	0.0302696392	0.0645464418	0.1514343116	0.0076400591	-0.0928193937	0.0866875594	-0.0984212394	-0.0860886864	-0.0196293638	-0.0552057306	-0.0180148952	0.1123739265	-0.039132075	0.0315505968	0.012397948	-0.1129845324	-0.0656201239	0.0616829592	0.0501268629	-0.0891907649	-0.0981217428	-0.0294331053	0.0256417807	0.0679545669	-0.1450995106	0.1142623494	-0.0281966667	-0.0405626342	0.0270503854	-0.0361088733	0.0366553279	0.0119062958	0.0922460356	-0.0302729058	-0.042282254	-0.0112012526	0.0386639513	0.0861205746	0.0105755728	-0.0976737832	0.1071347274	0.0102438116	-0.0920645396	0.0634067618	0.0942456293	0.1044242918	-0.0783801228	0.135264841	0.0995114613	0.0161841311	-0.0253783777	0.0821649347	0.0041651007	-0.0110365897	-0.1013960991	-0.0115653518	-0.0111923478	-0.1670683043	-0.0127285938	-0.0866897441	0.0517488691	0.0876327994	-0.0101290257	-0.1013839798	-0.1275100165	0.0084329014875237	0.0088629252653901	7.855144425989016e-05	7.111382749827943e-05	0.0210821269300822	0.0302793201200443	0.0009168372269321	0.000444456075896	0.0073815724145873	0.028726077766393	5.4487611311796175e-05	0.0008251875438408	0.0007409953471499	0.0005785733426322	3.347471128045972e-07	5.490741044978009e-07	0.0001470241620322	-7.20336997757e-05	2.1616104221270595e-08	5.188853903375682e-09	6.494551918229672e-05	-0.0006480367430082	4.199516202886802e-07	4.217920461858071e-09
811.0225135115732	1.298275896944233	1.6855203045863525	657757.5174226299	1046.1800041477177	-9.776098153886778	1094492.601078519	95.57209511442848	759.5018061641047	-0.609456692819208	0.3714374604221264	576842.9935665372	783.1380529702676	778.8355875408158	1.112966	33.366215	0.1102745362554807	0.052893843088109	-0.0149037858	-0.0086493801	-0.1570527545	-0.0378186838	0.0426608625	-0.0761413011	-0.0528528892	0.0536553782	0.1147718638	0.0894590208	-0.0153527607	0.0139839566	0.0779890567	0.0773026154	0.0399128678	-0.095310054	-0.0640504239	0.1160274967	0.0235578743	-0.0887703017	0.1305998561	0.1353134705	0.0961238231	0.0571877483	0.0226792234	0.0763987526	-0.0523270378	-0.0301558863	-0.0348833261	-0.0846302248	0.026809115	0.1883898452	-0.1166979203	-0.0045722137	-0.0012361935	-0.1093560775	-0.1347069615	-0.1534510122	0.0299047833	0.0592946512	-0.0477291767	0.0717292713	-0.0943122905	0.0955472938	-0.1988953658	-0.0292630021	0.0465175128	-0.0529160157	0.0261038457	0.0339528454	-0.1160236702	0.1437436355	0.0682451518	0.0850756381	-0.0558180622	-0.050701008	-0.1907726803	0.0046362593	0.0611372677	-0.1046590705	-0.0887865769	0.0405295863	-0.0990692134	-0.0121544383	0.0773881973	-0.0316973728	0.1188897853	0.023395065	-0.1187474336	0.0871251873	0.160776963	0.0508419998	-0.1098853719	-0.0358824563	0.0161370145	0.0981980128	-0.0836513312	0.0973019432	-0.0184837004	-0.0347442546	0.0219944125	0.1066645088	0.0759342756	0.0498064239	-0.0840288122	0.1095833608	0.0643791351	-0.0553991877	0.0938647755	-0.0348394496	0.0113285256	0.059513703	-0.0285860365	0.1203208888	-0.1629677406	0.0283164252	0.0581748449	-0.0080927721	0.0334436046	-0.069328654	-0.1445328321	0.0804211254	0.0631936867	-0.0146538287	0.0231966552	0.0587295361	0.040542192	0.0452925992	-0.0147031913	0.0252311141	0.0186560981	0.1331929091	-0.0071699914	0.091265946	0.0858444863	0.0968684317	0.0426247461	0.0613248349	0.0600896449	-0.0007586602	-0.0069646739	0.0851211787	-0.016850859	-0.1073422654	-0.124700488	-0.0002518186537372	-0.0086847201412609	7.542436393202276e-05	6.341263437001584e-08	-0.0090467697458223	-0.0301288966759044	0.0009077504149073	8.184404283392567e-05	-0.0271843254686032	-0.0345658978831905	0.0007389875511829	0.0011948012964711	0.0004950400346174	-0.0002459553125325	6.049401576295978e-08	2.450646358739966e-07	0.0003349408392707	0.0001879166772385	1.121853658113609e-07	3.5312677584358593e-08	-0.0002390829221492	-0.0003040284413314	9.243329313845935e-08	5.7160643663400426e-08
810.6589706705325	-0.3635428410406121	0.1321633972718797	657167.9667286073	1055.0144602086425	8.834456060924822	1113055.5112493334	78.04761389241132	761.5055100197015	2.003703855596882	4.014829140933811	579890.6417903658	785.7305889975058	782.9033887020211	1.023521	30.684694	0.070189889917406	0.0403999762417776	-0.0052315361	0.0875374034	-0.0365659051	0.1468086873	0.0049579253	0.0176122272	0.0564180801	0.0047500348	-0.0636853566	0.0943542133	0.0607742936	0.1180878953	0.0943992057	-0.0194632539	0.0152354283	-0.1102535893	0.0689210579	-0.1433162434	0.1755736363	-0.0775685148	-0.2780925873	-0.3623675714	-0.1270733732	0.0666820581	-0.2024762118	-0.0129931736	-0.0386893472	-0.195988499	0.101463592	0.0697004336	0.1112093394	0.0218037689	-0.008020934	0.0645992711	0.0874472051	-0.0211339096	0.1323011541	-0.2019975765	-0.0974870109	-0.0852394442	-0.0702735416	-0.0485650861	0.0785585305	-0.0204323241	-0.0410444492	-0.1062792336	0.1940498336	-0.0306225841	-0.0397665678	0.0232805341	-0.0983513217	0.0400810704	-0.0133196171	0.0801919026	0.0541223981	0.0318352538	0.0043971025	0.0454328349	-0.0814774482	-0.0620405697	-0.0329366871	-0.095700853	0.049703688	0.1200951159	-0.0405560145	0.2303011804	-0.040313104	0.2206721531	0.2163908529	-0.0499911572	-0.1240224903	-0.1704486161	0.0707544338	0.1899038758	-0.1161337007	0.0581496834	0.0616195823	-0.0275894048	-0.1003031168	0.0380443047	-0.1748429026	-0.1277479707	0.0698945649	0.0800790325	-0.2195177963	-0.1218324334	-0.0433578795	0.1649906504	0.0302361065	0.1819676939	-0.1544145181	0.0932222568	-0.0515926159	0.0411715644	-0.0631090487	-0.0393990655	0.1419753058	-0.0679720127	-0.0646701899	-0.0486031423	-0.0733653657	-0.0983752015	-0.1497519187	-0.0551219297	0.0292835175	0.1405681214	-0.030065104	-0.1381059686	0.047541987	-0.0619089391	0.0132514549	0.063620059	0.1248901683	-0.1272279971	-0.0784941845	-0.0929651354	0.1432869931	0.0100427042	0.0354488648	-0.3450784243	-0.1122801011	0.0825512202	-0.0235265052	-0.1126387502	-0.1205247148	0.0082322371982712	0.0084840558520084	7.197920369999799e-05	6.776972928860006e-05	0.0267649136625465	0.0358116834083688	0.0012824766685412	0.0007163606033635	-0.0195719076565694	0.0076124178120338	0.0003830595693172	5.7948904944969486e-05	0.0007410601232723	0.0002460200886549	6.052588402176488e-08	5.491701063043565e-07	0.0003348671522407	-7.368703000001312e-08	1.1213600964979618e-07	5.429778390222834e-15	-0.0003586238033642	-0.000119540881215	1.4290022281658744e-08	1.2861103233940438e-07
809.6302634995526	-1.028707170979942	1.0582384436255556	655501.163574355	1053.932955720999	-1.0815044876435422	1110774.6751548012	1.1696519567931207	761.358124210193	-0.1473858095085916	0.0217225768445028	579666.1933008636	783.9523977001294	756.762924826547	1.083133	32.47184	0.115988835652513	0.0654696354603371	0.0561659214	-0.1353148046	0.0226106087	0.1830763072	0.0118537842	-0.0586052444	-0.0775280608	0.1147946558	-0.0742792373	-0.1098521444	-0.0625982974	-0.0441461676	0.1974761486	-0.0356139174	-0.0465649969	0.0857889914	-0.0216103087	-0.0732143514	0.0990873792	0.1344049776	-0.1280705712	-0.1760457175	-0.0296720875	-0.0346103088	0.0052164305	-0.0893777242	0.0151506342	-0.0320344305	0.0844565176	0.000668394	0.0760247423	0.0427230835	-0.0228926864	-0.0109622918	0.0507664701	0.018911767	-0.0147982496	-0.0045310381	-0.0532780655	0.0646294021	0.1649040833	0.155745938	-0.1592023231	-0.0333336049	-0.0323141627	0.1341852292	-0.0488990726	-0.0481131364	-0.0216459819	-0.0766817513	0.036546553	0.0039529088	0.081744645	-0.0741415446	0.016138732	-0.1102994648	-0.0821311405	-0.0218699362	0.0024046833	0.0560400381	0.1974080198	0.0314593474	-0.0696329376	0.1060889472	-0.0782736611	0.1420836337	0.0592241846	0.1865782951	0.0503154594	-0.1621139542	0.0663019751	-0.0703499918	0.0497298383	0.0155439139	0.044103497	-0.0578146371	-0.0326802187	0.0028700029	0.0800038001	-0.0267160745	-0.0755101212	-0.066205755	-0.0715413989	0.0916566807	0.0768922819	-0.0086722871	0.0298022722	0.1144105047	0.0474744986	-0.1388732115	0.1190444023	0.0396729225	0.0548569495	-0.0043095774	0.0047859607	-0.0041281163	-0.0577456129	-0.0563358628	-0.1203283553	0.0586302067	0.0628713438	0.067735311	-0.0663415794	-0.1494233218	0.0874338203	0.1514844773	-0.0083336589	-0.0618789558	0.0037756479	-0.02429254	0.0133421562	-0.0852429206	0.2660243261	-0.0036943457	0.0495680639	-0.0523933992	0.0081077638	0.0981233556	0.0046785952	-0.0861998193	-0.0525148438	0.0799246852	-0.0301376669	-0.1172407796	-0.1150284477	-0.0003394821936097	-0.0085717193918809	7.347437333314705e-05	1.1524815977805385e-07	-0.0277582234158444	-0.0545231370783909	0.002972772476869	0.0007705189672039	-0.0290611816652557	-0.0094892740086863	0.0008445522797809	9.004632121192937e-05	0.0007539138696055	1.2853746333199949e-05	1.6521879479825107e-10	5.683861227835388e-07	0.0004371487412071	0.0001022815889663	1.910990219389521e-07	1.0461523441491593e-08	0.0003943349648073	0.0007529587681715	5.669469065663427e-07	1.5550006446957453e-07
808.686822581345	-0.9434409182075568	0.8900807661483181	653974.3770167119	1053.5336417873411	-0.3993139336578224	1109933.1343776977	0.1594516176132838	759.1180125645229	-2.2401116456700265	5.018100185066475	576260.1569999112	784.2740844809042	773.8910828851135	1.055623	31.647118	0.1019786226607651	0.0602597034192777	0.0448646138	0.0302685007	-0.0792537392	0.1433180302	0.0889392664	-0.0318248748	0.0360532365	0.0201224273	-0.0705875101	0.0776524027	-0.0504789696	-0.073761266	-0.1002183299	0.0948579767	-0.1746577784	-0.0178709375	-0.1302556699	0.0241308413	-0.0982121356	0.0046741993	0.0698229619	0.0343384338	-0.0402583601	0.0386878332	-0.0772270559	-0.0126863669	0.130710104	0.0602029081	0.1008044428	0.0090272796	-0.1911372189	0.0976660562	-0.0145457217	0.0040111289	-0.1284572779	-0.033780526	-0.0837611568	-0.0447753307	0.0869855783	-0.0747847311	-0.0906432846	0.0504634558	0.0558364984	0.0564821082	0.0644121171	0.1034874102	-0.0591443263	0.142876734	0.0278999471	-0.2413203873	0.0237353975	-0.1835619291	0.0723826067	0.0566400265	0.0106919519	0.0772311122	0.0603567928	0.0270335893	-0.0854064602	-0.0914476803	-0.0050545592	0.0729818472	-0.0257971941	-0.0899314857	0.0362497797	-0.0906427069	-0.0706278219	-0.1202546098	-0.068326646	-0.0409277891	-0.105849814	-0.0424333179	-0.0813333618	0.0260524214	0.1883263012	0.1164773823	0.1366492914	0.1136607305	-0.0404076498	0.0170845827	-0.0587163789	-0.0031370147	-0.0739285632	0.0968181946	-0.0168749708	0.089438956	-0.0189812107	-0.1637566652	-0.0493786242	0.0613410285	0.1462627545	0.0915817169	0.0803564092	-0.0748577081	0.0745066168	-0.0555492907	-0.0665177859	0.1172570897	-0.0746914407	0.0239068464	-0.0687700058	0.0491794252	-0.0133284207	-0.0139754073	0.1097529935	0.1024321652	-0.11691949	-0.0276060139	0.0450477197	0.0769345436	-0.0110051176	-0.0572632343	0.056041042	-0.0542876256	-0.0008320104	-0.0085709073	-0.0573670869	0.0857899439	-0.1782767968	0.1792426646	-0.0189070917	0.0772433738	-0.0366662233	-0.1211199807	-0.1082719048	0.0082683300999946	0.0086078122936043	7.409443248192533e-05	6.836528264247671e-05	-0.0008393728666078	0.0269188505492366	0.0007246245148921	7.045468091973956e-07	0.0239441899491836	0.0530053716144393	0.0005733242323225	0.0028095694199848	0.0007534446378978	-4.6923170769991394e-07	2.2017839551097746e-13	5.67678822376947e-07	0.0005220796459231	8.493090471600002e-05	2.725671566871895e-07	7.2132585758782755e-09	0.0002108033371613	-0.000183531627646	3.3683858346389995e-08	4.443804695834073e-08
807.9585909063468	-0.7282316749982556	0.5303213724707649	652797.0846193695	1043.6780050235943	-9.855636763746816	1089263.77817003	97.1335760189178	759.7124428226306	0.5944302581076499	0.3533473317539273	577162.9957795287	781.9659607510953	752.4208591046852	1.050891	31.505247	0.1017759077068379	0.0537537323347549	0.0868228935	0.0184672617	0.1404165488	0.1090430107	0.1780549301	-0.078449412	0.1071624509	-0.0867461757	0.0562012313	-0.0961758642	-0.0011200049	0.0342478783	-0.0818116181	0.0111652586	-0.0801863352	-0.1735026379	-0.0596906324	0.1034857048	-0.0570318967	0.1817042097	-0.0152394874	0.1219905735	-0.0522722811	-0.0819878719	0.068034347	0.0315020794	-0.0177557013	-0.0386654763	0.0328699875	0.0248300979	0.0970472072	-0.022877468	0.0962021359	-0.1401382689	-0.0757777569	-0.0737596275	0.0284841253	0.0199342269	0.0400351845	0.1104308912	0.0787847191	-0.082664092	0.0055405338	0.0019279944	0.1004331391	-0.1542969096	0.0722060869	0.0016033439	-0.0519246608	-0.0213760129	0.046589417	0.161015841	0.12040723	0.2143798358	0.0707875281	-0.0129156797	-0.0823200456	-0.0022970641	-0.0216502779	0.1660622779	-0.0588998957	0.1166807414	0.0972248863	-0.1532263618	-0.0498758442	-0.0549483327	-0.0766076277	-0.033022859	-0.0722704687	0.011076341	0.0656655639	-0.0076790091	-0.0225971915	-0.0270959183	-0.0510541964	0.0693078749	0.0469515017	-0.1425699161	0.0517985938	-0.0705704903	-0.0351386651	0.1356498895	0.1221618558	0.0395092611	0.0015240736	-0.076447845	-0.0083617678	0.0466650603	-0.0650337975	-0.0110612456	-0.0500381038	0.0089819671	-0.085261616	-0.0494353289	-0.0680763128	0.0203679405	0.0253453192	0.0709358482	-0.1015201512	-0.1109236424	0.1396264476	-0.0808937594	-0.0110141241	0.0518357235	-0.0039314417	0.0669440807	-0.0387054508	0.0746459185	-0.0045760085	-0.1040565833	-0.1244052606	0.0639112066	0.0126589701	-0.0524682931	0.0635031127	0.1599308572	-0.0019773802	-0.0515433988	-0.0316837658	-4.55791e-05	-0.0896299936	0.0745091236	-0.0430942802	-0.1242524367	-0.1003291122	0.0080891919714787	-0.0001791381285158	3.209046908817906e-08	6.543502675143546e-05	0.0219791776256244	0.0228185504922322	0.0005206862465665	0.0004830842490987	-0.0209111620883462	-0.0448553520375298	0.000437276699885	0.0020120026064107	0.0006990222609636	-5.442237693420004e-05	2.9617951111681484e-09	4.886321213226634e-07	0.0002719431672975	-0.0002501364786256	7.395308623979608e-08	6.256825793921525e-08	-0.0001630951482501	-0.0003738984854114	1.3980007739293888e-07	2.6600027382722095e-08
812.8167698315146	4.858178925167863	23.60190246894517	660671.1013193375	1053.2102993039318	9.53229428033751	1109251.9345598775	90.8646342469552	763.7516816858438	4.0392388632132	16.31545059409186	583316.6312779544	787.5269557808541	793.0179353278228	1.112924	33.364952	0.0943069206566126	0.0499905570959418	-0.0262793622	-0.1392999001	0.027996698	-0.077317785	0.0755345088	0.0086544797	-0.0517904999	0.042599186	0.1462554413	-0.0598977867	0.0019579799	0.0900303652	0.0272516249	0.0969678332	-0.0239414646	0.0344786231	0.161473107	0.0211617852	-0.0065811334	-0.1181460142	0.0544304962	0.1012385634	0.005265011	-0.1102994247	0.0450092499	-0.0260609493	-0.0612868183	-0.0612645836	-0.0147395179	0.0045778016	-0.0035469058	-0.0484750977	0.0565922992	0.0690354689	0.0026382456	-0.0483323832	0.0799804383	0.0311919013	0.0562941047	-0.0273474332	-0.127062833	0.1448036552	-0.0943358143	-0.0473662221	-0.0199109423	0.020314319	0.0276775006	0.1909555623	-0.005335287	0.0529057843	0.1248601155	0.1032883173	-0.1079155143	-0.0218174426	-0.0709184089	0.140101793	0.0447257155	-0.0261603009	0.1799732751	0.0520163702	-0.007380423	-0.0909992238	-0.0229101753	-0.0091888952	0.1122317671	-0.0294088786	0.1068421301	0.0354487066	0.0878641794	0.1120315429	0.0466195592	0.1108840769	-0.0654510764	-0.0608751394	-0.0448614332	-0.0439255513	0.0861296304	-0.1046440327	0.0397722945	0.0764589534	-0.0565671755	0.0173316838	-0.1277524647	-0.0798232292	-0.0590897694	-0.0552986765	-0.0238243335	0.0025446821	0.0125733335	0.0878925295	0.0841929084	0.0250334347	-0.0916304429	0.0705538556	-0.0866919051	-0.0622906902	0.0090633843	-0.1172415087	0.0060795827	-0.0931656661	-0.0030724968	0.1324528682	-0.0706117977	-0.0359167919	-0.0812343995	-0.0859173154	-0.0920834778	0.0080241378	-0.0201898501	-0.0542510057	-0.1489289639	-0.0210390037	-0.0452984816	0.0419214539	0.0798957237	0.0310044057	0.0490170165	0.0199968804	0.0277965037	-0.0193694952	-0.1547519175	0.0717238087	-0.0494042187	-0.1266188352	-0.0912870929	0.0049429868017227	-0.003146205169756	9.89860697019938e-06	2.443311852200481e-05	-0.0046159263108762	-0.0265951039365005	0.0007072995533932	2.1306775707439165e-05	-0.0498058359511972	-0.0288946738628509	0.0024806212947975	0.0008349021776405	0.000818618184858	0.0001195959238944	1.4303185012155121e-08	6.701357325802067e-07	0.0003437201624638	7.177699516630002e-05	1.1814355008414109e-07	5.151937035103056e-09	-0.0006851409829395	-0.0005220458346893	2.7253185351655226e-07	4.694181665033042e-07
810.7932690813626	-2.0235007501520386	4.094555285865863	657385.7251876428	1056.4827585150726	3.272459211140813	1116155.8190396172	10.708989288580351	763.7259433023953	-0.0257383834484699	0.0006624643825404	583277.3164731335	788.2436601051124	773.3328676402346	1.117103	33.490242	0.0703795822392165	0.0393987154619488	0.077833191	0.0947359264	-0.0457245535	0.0017358729	-0.1199393164	0.0129316147	0.0665643578	0.007626268	-0.1726236986	0.0751087044	-0.0601871157	0.0440685178	-0.0500679498	-0.1245917757	-0.0313170684	0.1862812816	0.0595771467	-0.1719174305	-0.091037069	0.0182443797	0.0895796907	-0.0886145234	0.171482186	0.1561942615	-0.0224767906	-0.1733456424	-0.0064524108	0.0572675063	-0.0762520442	0.1181399274	-0.0048745133	-0.1110295408	-0.1188539252	0.0372233306	-0.0622668935	-0.0980684829	0.0858911622	0.1496411409	0.0391843067	0.06920738	-0.0077616812	0.0417548511	0.0914303715	-0.185745832	-0.0358032521	-0.2132996649	-0.0580421942	-0.0017235443	0.0777810209	-0.1115005985	0.0681399504	-0.1119389479	0.0342935272	-0.0564003455	0.0308438428	-0.0567381132	0.0303770709	0.0372833438	-0.1429552717	-0.0919708016	0.1181345417	-0.1118955403	-0.0467111633	-0.1198401566	-0.0890577524	0.0443722222	-0.0648416839	-0.0935725537	0.0742724085	-0.0466446039	0.0281479325	-0.0005742944	0.0355076629	-0.0506312041	0.0943886457	0.0129425153	-0.061820772	-0.0742249804	-0.0559402069	0.138759109	0.1880505991	-0.1383666469	-0.1242272073	0.1408425524	0.0778719117	0.0510077998	-0.1631810103	0.010391595	-0.0709020332	-0.09530864	0.0012230733	-0.0421649466	-0.083432066	0.150957925	0.0348566449	0.0753293934	0.0090443617	-0.0225224498	-0.1283312583	0.0776484048	-0.0871170847	-0.052833987	-0.0423446837	0.0946520031	0.0216989081	-0.0077240908	-0.0881534913	-0.0861296716	-0.0100286632	0.0428681221	-0.0776026016	-0.1209502154	0.0602079767	-0.0242767986	-0.0711866832	-0.1136275167	-0.0357593704	0.0868163599	0.0781449978	-0.0179345687	0.0381131612	0.0688893378	-0.0555787436	-0.1282045865	-0.0812449131	-0.0003001244803613	-0.005243111282084	2.749021591631653e-05	9.007470371214033e-08	0.0017625927508646	0.0063785190617408	4.068550542099074e-05	3.1067332054004377e-06	-0.0162261927426854	0.0335796432085118	0.0002632893309227	0.0011275924380109	0.0007740294901044	-4.4588694753600056e-05	1.988151699829721e-09	5.991216515512774e-07	0.0001348317246614	-0.0002088884378024	1.8179593975167586e-08	4.3634379447527135e-08	-0.0004350519417579	0.0002500890411815	6.2544528519132e-08	1.8927019202731926e-07
810.6162862919143	-0.1769827894482887	0.0313229077608972	657098.7636016948	1046.6867911067322	-9.795967408340402	1095553.2386773082	95.96097746526738	759.5746685294217	-4.151274772973579	17.23308224072684	576953.6770715809	783.8487225424277	770.3448558550202	1.025708	30.750263	0.0370913943669578	0.0233684229414767	0.064813126	-0.05718877	0.1246825441	-0.0452254337	-0.0339888618	0.0251622207	0.068835961	-0.0073143183	0.007731532	-0.1437784274	-0.0614896859	-0.1107457884	-0.0843506517	0.0610964103	0.0230874443	-0.0123243756	-0.1133182604	0.008667665	-0.0249063102	0.1309448579	0.0035427223	-0.0087646553	0.1045541777	-0.1138911305	0.0053929242	-0.0741775833	-0.070773746	-0.0101922628	-0.0613333694	-0.0748214239	-0.1157528385	-0.0231957478	-0.0141887593	0.0807070578	0.1464923366	-0.1827522885	-0.0302924583	-0.0383827214	-0.0608222769	-0.0019904726	-0.0423951024	-0.0543870219	0.0153039069	0.0184304858	-0.023433059	0.1150142438	-0.0764103666	-0.1926467471	0.0152787083	0.1785153078	0.1329880146	-0.0452642968	0.0038596978	-0.0420558077	-0.0035938073	-0.0451269174	-0.070004252	-0.0888544768	-0.031200597	0.1211213199	0.058772147	0.1271459905	-0.0172211621	-0.0443726487	0.0299664232	-0.034018255	-0.0596550536	-0.0815587997	0.0759676159	-0.1309238965	0.0181144994	0.0119616034	-0.0170156613	-0.0756475866	-0.0117023135	-0.0643296815	-0.0735622321	0.0932194437	0.009435807	0.1026570931	0.0361767179	0.0394865667	-0.0079539468	-0.0287792359	-0.0128509876	0.2585300468	0.0038252756	0.1000408142	0.1086076534	-0.0548636383	-0.0931328336	0.0046300485	0.064712265	0.1371365693	-0.0639781806	-0.0439144315	-0.030457286	0.0412475993	-0.0548382511	0.0570227208	0.146006073	0.0725516485	0.0643751553	0.0712188961	-0.0391849791	-0.0447842201	-0.0876731165	0.0065232131	-0.0950282749	0.0986325491	0.1065777807	-0.0245529766	-0.0328112102	-0.0061376683	0.0080936383	0.0673648768	0.0066162829	0.0462806572	-0.0635942682	-0.0200844698	-0.0322982206	0.0660076536	-0.0616009311	-0.1289999139	-0.0703125971	-0.0004171355866304	-0.0001170111062691	1.3691598990318614e-08	1.7400209763348793e-07	0.0039406014614513	0.0021780087105867	4.74372194339154e-06	1.5528339877992122e-05	-0.0161006573662234	0.000125535376462	0.0002592311676245	1.5759130743456062e-08	0.000502076935329	-0.0002719525547754	7.395819204886693e-08	2.5208124898936084e-07	0.0001922995422027	5.74678175413e-05	3.6979113931368e-08	3.302550052960147e-09	-0.000799048352914	-0.0003639964111561	1.324933873345206e-07	6.384782702945763e-07
809.935889118951	-0.6803971729633531	0.462940312976523	655996.1444829056	1049.2621834747983	2.5753923680661046	1100951.1296703017	6.632645849493138	758.2874579192	-1.2872106102216776	1.6569111550672635	574999.8688375626	782.2356277383341	769.8122540377499	0.981431	29.422863	0.054276932290477	0.0325863725804678	0.0411483296	0.0565199357	-0.0924721759	-0.0562998969	-0.0153610139	-0.0693666516	0.0220204667	0.0425927462	0.1154646868	0.0988874995	-0.0023999583	-0.1135578909	-0.13673611	-0.0942275619	-0.069158265	0.0522342685	-0.1518596275	0.1343978372	0.0504993232	-0.1516748208	0.0577287873	-0.0198801971	-0.0105203313	-0.0621901875	-0.1313123045	0.0460823703	0.0337418843	-0.0559269016	0.0931989156	-0.1320297216	-0.0161569839	0.0590594079	-0.0303972385	0.0461402567	-0.0261567062	0.1011790723	0.0156501101	0.1079574564	-0.0656949438	0.0791700916	-0.0144070069	-0.2467457724	0.0503841504	-0.0317185424	0.0763636138	0.0281316169	-0.1570854234	-0.0109496612	0.0758335831	-0.0278009567	-0.201615164	-0.0277792245	-0.0613170745	-0.0105356235	0.0408569291	-0.0639624657	0.0180545631	0.0810709174	0.0090745428	-0.0889001077	-0.164372074	0.1080663864	-0.0493930875	-0.0568064345	0.0051844666	-0.128697603	0.0214037737	0.0373484442	0.0295388952	-0.0627474213	-0.0694668064	-0.0413787562	-0.0574045892	0.1075996594	0.0366482803	-0.0367575051	-0.0362721724	0.0549228824	0.097312961	-0.0173783113	-0.0137885651	-0.0430684323	0.0718413238	0.051898991	0.0925311949	0.0182999752	0.0811490632	-0.0152542308	0.0902033552	0.2233051654	-0.0741142071	-0.0422969188	0.0657885519	-0.0625168543	0.0856455813	-0.0773532406	-0.0122664474	0.113972176	0.013156019	0.0157070118	-0.081383482	0.0214920499	0.1453040559	0.0723399105	-0.0557446398	-0.0446023545	-0.0677123049	-0.0113225163	-0.1447715944	0.0860822539	0.1218274921	-0.07742147	-0.0028941702	0.0251396965	0.1293446897	-0.047106979	0.0059605263	-0.0037126717	-0.0648520589	0.0146034266	0.0085445818	0.063080731	-0.0674542747	-0.1289999139	-0.0586099215	-0.000293252637519	0.0001238829491113	1.5346985080537713e-08	8.599710941185002e-08	-0.0241188663123494	-0.0280594677738006	0.0007873337317489	0.0005817197121929	-0.005533104144618	0.0105675532216054	3.0615241475188895e-05	0.0001116731810914	0.0004490326601126	-5.304427521639999e-05	2.8136951332331863e-09	2.0163032984779773e-07	6.979030319120838e-05	-0.0001225092390114	4.87068641952079e-09	1.500851364317478e-08	-0.0009340154056053	-0.0001349670526912	1.8216105312176136e-08	8.72384777908033e-07
812.1205832092616	2.184694090310586	4.772888268237999	659539.8416721511	1048.6671475598412	-0.5950359149571796	1099702.7863712937	0.3540677400889278	759.2982380002044	1.0107800810043273	1.0216763721551143	576533.814230215	781.5408352248733	766.2239201720735	1.008746	30.241751	0.0504091886509772	0.0326117091724411	0.0333194116	0.0889061932	0.1246758902	-0.0720916308	0.0601749172	-0.0258220505	0.0817743735	-0.129890435	0.0647195888	-0.0353014794	0.0626816412	0.0830178662	-0.0847336463	0.0407335657	0.0077359502	-0.0679268035	-0.0401791409	0.2930639476	-0.016298091	0.0569191761	-0.0395741032	0.0595868367	0.0786117601	-0.0998033161	-0.0135639056	-0.1230443064	-0.0875264279	0.0759544282	-0.0485066764	-0.0209243812	-0.0535661745	0.000692189	0.0071762914	-0.0828648866	-0.0003135907	-0.0600649311	-0.1022803419	-0.05540286	-0.0657262443	0.0157349915	-0.0346198503	0.0916195019	-0.0259446101	0.0624964948	-0.0396691654	-0.0946346119	0.1594873823	-0.0693089607	-0.0492086643	-0.0900301603	-0.1555986108	-0.0635826591	0.0547317237	0.0154012261	-0.0967082623	-0.1367650356	0.0032494757	0.032639645	-0.0113520101	0.1575396347	-0.190857349	0.0715517361	0.0420484976	-0.0408386841	0.0062599648	-0.13635331	0.0338056476	-0.0266275997	0.0078427895	-0.052160473	0.0084791024	-0.1264146625	0.040630788	-0.0056996757	0.0316866697	0.0871427895	-0.063647997	-0.028339873	-0.0448976368	0.0534710042	-0.0741688144	0.145128369	0.1615130409	-0.1119836019	-0.0627628192	0.0576448785	0.0073882519	-0.0998649799	-0.0717725454	-0.1940583251	0.0317240475	0.0285395475	-0.0811418587	-0.0031168601	-0.0427101716	0.1046014544	0.1183587359	0.0665677858	-0.000348992	-0.0982720535	0.1218042635	-0.078264939	0.0444091595	0.0353995629	-0.0317988283	-0.0498298569	-0.0488489262	0.0443689564	-0.2248899709	-0.051442621	0.0472929125	0.1047895692	0.0073895022	-0.0098969384	0.1898310751	0.0867512382	0.0557054	-0.079384631	0.0793807894	0.0089155306	-0.0304237922	0.0601105761	-0.0731227308	-0.1282045865	-0.0462651033	-0.0001903176416107	0.0001029349959083	1.0595613382641744e-08	3.6220804708258855e-08	0.0052889824740702	0.0294078487864196	0.0008648215702449	2.797333561102173e-05	-0.0103047369682869	-0.0047716328236689	0.0001061876039855	2.276847980391444e-05	0.0005994522925156	0.0001504196324029	2.2626065812253643e-08	3.593430510022084e-07	-0.0001022802328836	-0.0001720705360748	1.046124603872345e-08	2.9608269385071934e-08	-0.0009339701331835	4.5272421799911686e-08	2.0495921756291188e-15	8.723002096788048e-07
815.690635238519	3.570052029257454	12.745271491605264	665351.2124158187	1050.0506198075566	1.383472247715417	1102606.3041582338	1.913995460198749	762.6128908581908	3.3146528579864025	10.986923568957426	581578.4213030868	784.6332092450116	797.5667531445678	1.10436	33.108234	0.1463671088364057	0.0696270370785183	-0.0788607398	-0.1334181481	0.0143546177	-0.1634746433	0.0364431629	-0.0570304987	-0.1063568532	-0.0170326016	0.2543213796	-0.0639904166	0.0582190366	0.1079136622	0.0910066599	-0.1274295183	0.0650092764	0.079579635	0.1488887847	0.1607010376	0.1109144755	-0.0576088485	-0.0493048152	-0.0061565526	0.039819839	-0.1015310827	0.0549522675	0.0557632636	-0.1112813167	0.0778003428	0.019556663	-0.1807926464	0.178060935	-0.1288377221	-0.0015834086	-0.0635997874	0.0431421187	0.1198558876	-0.0540830083	0.0631729045	0.0453180861	-0.0726526524	-0.0339408736	-0.0149428985	0.0003058781	-0.0553882864	0.1543423664	0.1949055595	-0.0371340793	0.0417169747	0.0128256313	0.0133466806	-0.1128640044	-0.1073338433	-0.0705144391	0.2259887433	0.149504126	0.0279394872	0.0275727753	0.0441375911	0.2571592542	0.0769337859	-0.1090178869	-0.0540548911	-0.0410004323	0.0433897987	-0.0738462604	0.0457661279	0.1254610004	0.0748305024	0.0983303534	0.0776884903	-0.0139415009	0.0229459746	-0.0129963372	-0.1204295864	-0.0592057264	-0.0181557777	0.0085667828	-0.1084115421	0.1314902942	-0.0617914965	0.0526945021	0.0299385657	-0.0350402182	-0.1250312843	-0.0415996639	-0.0666639673	0.0296419519	-0.0985192053	-0.0285062225	0.0433078369	0.0139283052	-0.1686449315	-0.0557084335	-0.0709181518	0.0554541578	-0.0352704442	0.056914156	-0.1306007599	0.1050972596	-0.134374775	-0.0028410525	0.1007967077	-0.0376247266	-0.0696458828	0.0480517166	-0.0282659372	-0.070183311	-0.0281665892	-0.084997508	-0.151068682	-0.1120025405	-0.0156136006	0.0364837561	0.1400049725	0.0499506137	-0.0200893193	0.1299466032	-0.2515839517	0.0318817799	-0.0817807393	-0.1266352604	0.0570992244	-0.0785907625	-0.1266188352	-0.033413395	0.0312452979985664	0.0314356156401771	0.0009881979306769	0.0009762686470192	0.0030656107780089	-0.0022233716960613	4.943381698846503e-06	9.397969442244332e-06	-0.0449500164722493	-0.0346452795039624	0.0020205039808554	0.0012002953919076	0.0002342725223115	-0.000365179770204	1.333562645663192e-07	5.4883614710192266e-08	0.0008229226405431	0.0009252028734267	6.772016723184283e-07	8.560003569970224e-07	-0.0006630959368902	0.0002708741962933	7.337283021754123e-08	4.396962215202921e-07
817.6311829991565	1.9405477606375143	3.765725611315272	668520.7514126002	1062.5146506093715	12.464030801814944	1128937.3827595548	155.35206382859164	764.9710933900751	2.3582025318843307	5.561119181385668	585180.7737224071	789.1934857012775	813.725387616104	1.102786	33.06102	0.1268077574050129	0.0583378850545702	-0.1318745713	0.0494355031	-0.084703302	-0.0193332351	-0.0817205777	-0.079042708	-0.0683519503	-0.0299500548	-0.1201173848	0.1204548772	-0.0969844464	0.0515066923	0.1046397589	-0.0578677817	-0.0320813063	0.1455064503	0.1708568653	-0.1133227575	-0.1040468601	0.0423071787	0.0478875662	-0.0236228	0.1019274207	-0.0332375003	-0.1598241826	-0.0323011601	0.0504597778	0.1362990484	0.0731495091	-0.1988700576	0.0245745225	0.0770857553	0.0251696427	-0.084729703	0.1145089658	0.1132137403	-0.0707878616	0.0731032142	0.032216105	-0.0625636762	0.043820134	-0.144200814	-0.0975638648	-0.1460926665	0.0319965024	0.0708294926	0.1475354503	0.0143795966	-0.0515295694	0.0010491015	-0.0140929128	0.0236392854	-0.0123556658	0.0634308047	-0.0182798636	0.08621079	-0.0604977469	0.0428818015	-0.002940417	-0.1307919005	0.0676311716	-0.2161785403	-0.0864905414	-0.0830222984	-0.1240878916	-0.0210828604	0.0428475519	-0.0679433201	0.0659290633	-0.176497637	-0.0461891434	0.1163359032	-0.113447555	0.0234698472	0.0968123146	-0.0114008947	-0.1495009472	0.0243700777	-0.0053160631	-0.1388019905	0.0239994394	0.0470882085	0.0425518544	-0.1938816755	-0.0307356117	-0.1270938284	0.0126362026	0.073004242	-0.1113073251	-0.0250633261	-0.0095201284	0.0100529516	0.0633029714	-0.1102164178	-0.0204160563	0.0601755955	0.0663267	-0.1052032887	0.0593954546	0.0914449801	-0.1296300736	0.0243430139	-0.0030516076	0.0644909412	0.1689503138	0.036782092	-0.0750867651	-0.0803931979	-0.028087883	0.0789350095	-0.0846017675	-0.054445522	-0.0554749196	-0.0722104808	0.0483489863	-0.0521223703	0.097345551	-0.1394600999	-0.0174658632	0.0656468281	0.003317632	0.0540487397	-0.0838433825	-0.1242524367	-0.0201956026	0.0060600576546079	-0.0251852403439585	0.0006342963311829	3.67242987771718e-05	0.0031609751344205	9.53643564116e-05	9.094360473798676e-09	9.991763800424695e-06	-0.0108498157498715	0.0341002007223777	0.0001177185018061	0.0011628236893064	0.0006890936614288	0.0004548211391172	2.068622685879583e-07	4.748500742213496e-07	0.0002001779339622	-0.0006227447065809	4.0071205245374914e-08	3.8781096957453133e-07	-0.0009340691308373	-0.0002709731939471	7.342647183789268e-08	8.724851411831491e-07
814.2357630735542	-3.3954199256023685	11.528876471177592	662979.8778679731	1059.814547629252	-2.700102980119482	1123206.875366596	7.290556103250107	762.998183266269	-1.9729101238060596	3.8923743566164406	582166.227667627	786.6691407734639	796.3554063146927	0.983013	29.470303	0.0505623876366906	0.0239058439864442	-0.0625101536	0.0198378972	-0.0725277474	0.1577189761	-0.1518972841	-0.0757516462	-0.0543392602	0.0804539326	-0.167996233	0.0257015309	-0.0577982744	-0.0169476919	-0.0234392389	-0.244174846	-0.0391910204	-0.071802354	-0.0046094484	-0.2347197463	-0.0698325274	0.0125501564	0.1069679208	0.0376320134	0.0669858119	0.0299013298	0.044086749	-0.1137341275	0.0239148559	-0.0402742895	0.1778297411	0.0575369421	0.0240306025	0.0875340749	0.0331819899	0.1281256332	0.0280936803	0.1004115246	0.1090875379	0.11846022	-0.0489708661	0.0838026145	0.0474855507	-0.0772343447	0.067550537	-0.0037910161	0.0262311023	-0.0572419065	0.0410602004	-0.0560826951	-0.1536450685	-0.0198022054	-0.00947052	-0.038546588	-0.144893894	-0.0419801844	-0.0325721089	0.0486060991	0.0748385577	-0.2384025232	-0.0876567889	-0.0728562618	0.1569986877	-0.0509276156	-0.0073325588	-0.0701553209	-0.1488749921	-0.0797420675	-0.028285806	0.029463932	-0.019259258	-0.0033619271	0.1020754003	0.0494136672	-0.111208513	-0.0213669023	-0.0411767645	-0.0722645646	-0.1793261975	0.0227735213	0.0126952833	0.0164573163	-0.0792091937	-0.1815211369	0.0939064383	0.0208519718	0.1992944163	-0.0199624393	-0.1197630021	-0.0509377638	-0.0182891191	0.0475781622	0.0174036833	-0.0292831986	0.0721335599	-0.0637521433	-0.0359021114	0.0523784073	0.1016965525	-0.0385832744	-0.0068880069	0.1390000554	-0.0569174831	-0.0204869993	0.0521084633	0.1901775922	0.0355318478	0.16824534	0.0113968392	0.0447796702	-0.0758699975	0.0218988086	0.0546112313	-0.0509748616	-0.088485625	0.066475396	0.0757661311	0.0552936471	-0.0542878695	-0.0332851102	0.0655297133	-0.0901446032	-0.0757752389	0.0509612127	-0.0888661936	-0.1211199807	-0.0067565429	0.0039387615374835	-0.0021212961171243	4.499897216527054e-06	1.5513842449159385e-05	0.0098803198628871	0.0067193447284666	4.5149593579971895e-05	9.762072059296138e-05	-0.0161864957611612	-0.0053366800112896	0.000262002645026	2.8480153542899012e-05	0.000335113025518	-0.0003539806359108	1.2530229059981432e-07	1.123007398718277e-07	0.0003288847496223	0.00012870681566	1.0816517853412298e-07	1.6565444397362957e-08	-0.000689055246812	0.0002450138840253	6.003180336516316e-08	4.747971331591463e-07
813.2417981995266	-0.993964874027597	0.9879661708006968	661362.2223387995	1046.5651066355465	-13.249440993705548	1095298.5224270727	175.54768664568505	760.3985695823086	-2.599613683960456	6.757991305834453	578205.984622821	783.8692642129434	787.7774027277915	1.042005	31.238857	0.0495707235206311	0.0271764974095311	-0.0220703258	0.0527732616	0.0806719607	-0.0126106521	0.1008084725	0.133248223	0.076484534	-0.0839223934	0.0084142895	-0.0222382983	-0.0218618123	-0.0955247433	-0.0722136199	0.035141764	0.0632776918	-0.077669284	-0.0769455555	0.061956629	-0.0248708257	-0.001078954	-0.0037573389	0.0275438906	-0.0266798273	-0.0436102498	-0.0784092127	-0.0396240389	-0.0310010197	-0.0487802884	-0.0766287804	0.0094334099	-0.0869820301	0.0758395748	0.1061652442	-0.0844469193	-0.0384876077	0.1107860047	0.1243166487	0.1023890217	0.0171705127	-0.0167128787	0.0072320535	-0.0420344233	-0.0336608892	0.0274261801	-0.0031099439	-0.132650439	-0.1062087467	-0.1313614395	-0.0222894222	0.0265776501	-0.0700705974	0.0060111368	-0.1954361877	-0.0231188404	-0.1681100689	-0.1375736673	0.0479681382	-0.0973871547	-0.0603121544	0.1051139971	-0.0340767348	0.0704704363	-0.0261701002	0.0302448413	0.183424111	-0.1049555688	-0.0211800369	-0.0887436013	0.078891211	-0.0455475463	0.0973500183	-0.0422925011	-0.0513012694	0.0840403194	0.0099271774	0.0146140775	-0.0171854972	-0.0381001817	0.0197861466	-0.0418580937	0.0365400855	0.0576856481	-0.017556528	-0.0784171427	0.1698378526	-0.1176998775	-0.0797085931	-0.0343377822	0.0933310431	0.0775317076	-0.0043747614	-0.1779897702	0.1625344761	-0.0004642149	-0.0010334631	-0.0066296238	0.0201629911	0.0250413397	0.0124495135	0.1114264015	0.1092153515	-0.02028476	0.0379706385	-0.0202541606	-0.1388170696	0.0026845697	-0.1073255853	0.0340572952	-0.0728305134	0.0899600344	0.142253741	-0.0197923532	-0.0224579143	-0.1025073441	0.1885279525	-0.0146073581	0.0625368961	0.1063094963	0.1029651607	0.0356976565	-0.0305829395	0.0478387595	-0.0936454286	-0.1172407796	0.0067565429	0.0061872917113845	0.002248530173901	5.055887942943261e-06	3.828257872176734e-05	0.0030596431677878	-0.0068206766950993	4.652163057907072e-05	9.361416314190563e-06	-0.0388660159749321	-0.0226795202137709	0.0015105671977636	0.0005143606371268	0.0002426626474756	-9.245037804239998e-05	8.547072400182673e-09	5.888516047986733e-08	0.0003478871918849	1.900244226260003e-05	1.2102549827756128e-07	3.6109281194344766e-10	-0.0009340423552642	-0.0002449871084521	6.001868330776997e-08	8.72435121427494e-07
814.1352768116042	0.8934786120776153	0.7983040302401416	662816.2489491074	1055.4550391426922	8.889932507145659	1113985.3396517015	79.0308999816051	759.4279812023885	-0.9705883799200592	0.9420418032358452	576730.8586331354	783.9989950479044	790.1283699492836	1.002065	30.041458	0.1022376307334857	0.0512548908485333	-0.0205893415	-0.0236729267	-0.0854929975	-0.0092316292	-0.0149167815	-0.121415135	-0.0037737009	0.0165238369	0.0485641379	0.0243031749	-0.0408922914	-0.1238486411	-0.0773064982	0.0296004913	-0.1131836032	-0.0614906492	-0.1423987941	0.0975454678	-0.0096785865	0.0536202316	0.0447003309	0.1271077845	-0.050129453	0.0651804183	-0.1176429929	-0.0528882632	0.0751014942	-0.1337069714	-0.1034802903	-0.023419542	-0.0674262236	-0.1656423048	-0.0219180187	-0.0798639845	-0.0074714785	0.0565678341	0.0854051748	-0.0132414218	-0.1035693995	-0.0365227664	-0.038358376	0.0682218303	-0.0180821858	-0.0646574174	0.0135175292	0.0960543312	-0.0094955909	0.0718403994	0.0898571088	0.0522988879	-0.0162838218	-0.051823648	0.0754988754	-0.12024157	0.0892174677	0.2795698285	-0.0108644097	0.0345486925	-0.0020449662	-0.029776837	-0.1070974575	0.1050669225	-0.0280981941	0.0053583871	0.0219744048	-0.1501817066	-0.0160677974	-0.0003294215	-0.0028106972	-0.0543489904	-0.1683170348	-0.0469553111	-0.1330624872	0.0945779367	0.1039470903	-0.197288519	-0.0669919165	-0.1625477608	-0.0898281899	0.1638183717	-0.0078407996	0.0265101766	-0.1128644838	-0.0077420748	-0.0099203141	-0.100406526	0.048970404	0.064811979	-0.107328292	0.0017738774	-0.0230770483	0.0691433132	-0.0255825672	0.0303301134	-0.0003648583	-0.0529051948	-0.2419395025	0.1014180786	0.0329334945	0.0418072992	-0.0578360794	0.0557235128	0.1604372142	0.0186543563	0.0325132982	0.1008154359	0.0281612785	0.0099891181	-0.0783950107	-0.0087187699	0.1053835623	-0.1194206858	0.0056790789	0.0548226073	-0.0153680927	-0.0207337844	-0.0438674722	0.0148959643	-0.041970358	-0.0372234896	0.1451001593	0.0446835199	-0.098167988	-0.1126387502	0.0201956026	0.0031203102834638	-0.0030669814279207	9.406375079210496e-06	9.73633626508994e-06	-0.0197589442007029	-0.0228185873684906	0.0005206879294934	0.0003904158759264	-0.0052439886841213	0.0336220272908108	2.7499417319192246e-05	0.001130440719144	0.0001960185617992	-4.664408567640001e-05	2.1756707285873446e-09	3.842327656982679e-08	9.896325038782904e-05	-0.000248923941497	9.793724927324145e-09	6.196312865043722e-08	-0.0003750096895124	0.0005590326657517	3.125175213775637e-07	1.4063226722818665e-07
816.6602956758344	2.525018864230219	6.375720264718466	666934.0385333413	1044.9778303717176	-10.477208770974585	1091978.665968382	109.77190363058676	761.2259567615598	1.7979755591712774	3.232716111377268	579464.9572475521	783.5276686384872	787.4852881985211	1.11389	33.393932	0.0805359909133251	0.0481201939722002	-0.0570944271	0.2491116349	0.0849308242	-0.1122583655	0.1172160109	0.0433339082	0.1070472822	-0.2731383891	0.082473217	0.0610646592	0.0641107074	-0.0634913113	-0.0719640432	0.0103249469	0.0627598667	-0.0997570341	0.0407869424	0.2639128599	-0.1468984115	-0.1879259658	-0.0623401859	-0.0332715204	-0.0213304732	-0.036162819	-0.1053997746	0.1211582617	0.1521239645	-0.1431346726	-0.0097549407	0.0840859416	0.0876129746	-0.1521373853	0.1226074141	0.0665374999	0.0333723176	0.0185239403	-0.1021614978	0.0773851698	0.066423746	0.1367370991	0.0543044286	-0.1518815464	0.0165481412	0.053351566	-0.0351145873	-0.113094145	0.0707080319	0.0467507276	0.0600858529	0.0585312204	0.0033663896	-0.011121827	0.0716055809	0.0252350368	0.0737264083	1.27373e-05	-0.0314671644	-0.141971661	-0.1147615434	0.1102333764	-0.3105483645	-0.0432466263	0.0667141803	0.0010991492	0.0460224251	-0.1042140621	-0.0249928057	0.0949049432	0.0769148728	0.1242787777	-0.0254988008	-0.0905707256	0.1843466579	0.1139699564	-0.0018466811	-0.1132657499	-0.0137860816	-0.0978770695	0.167276659	-0.2098634386	-0.0098027797	0.0007622381	-0.0336438035	-0.0130283552	0.077654223	-0.0194291906	0.0431363008	-0.0987378301	0.0028199067	0.006593275	-0.0982615605	0.0460083506	-0.2217550067	-0.026102587	0.0044375848	-0.0238040961	-0.0258780998	0.0927706909	0.0712729544	-0.0222812476	0.023447596	-0.2237434296	0.0213113621	-0.0915573366	-0.015693078	0.0122433813	-0.1278366528	0.1896358232	-0.1825678802	-0.1448561069	0.109337617	0.0968737923	-0.00358861	0.145027043	-0.0197429362	-0.1406372619	-0.1062785447	0.0080993637	0.2205479987	-0.114358433	0.130987702	0.0414976565	-0.1024214758	-0.1073422654	0.033413395	0.0062561371219658	0.0031358268385019	9.833409961069446e-06	3.913925168883852e-05	0.0217482119686138	0.0415071561693167	0.001722844013264	0.0004729847238317	-0.0240851389443292	-0.0188411502602079	0.0005800939179676	0.0003549889431277	0.0001430088243838	-5.30097374154e-05	2.810032260849659e-09	2.0451523851636552e-08	0.0001389909147606	4.0027664372770965e-05	1.931847438598837e-08	1.6022139151391981e-09	-0.0001270099383946	0.0002479997511178	6.150387655449075e-08	1.613152445100009e-08
821.8948129866869	5.234517310852539	27.400171477614894	675511.0836144211	1070.3150340727643	25.337203701046747	1145574.2721621827	641.9738913883369	765.0970992028119	3.8711424412521183	14.98574380046341	585373.5712085575	789.5111733348949	835.0535186881876	1.186305	35.564907	0.1338967395938843	0.0725026528088542	-0.1990375287	-0.0253200924	0.186646131	-0.1117612971	9.9243e-05	0.0386165095	-0.1682717487	-0.2273136244	0.0277695891	-0.0656019937	0.0491717641	0.1175616785	-0.0152504583	0.1623603731	-0.1216938804	0.1266300882	0.2104979162	0.0803571415	0.0916545375	-0.0293219234	0.0878770758	0.0942670674	-0.2267651977	-0.0746421978	0.0023616527	-0.1032323195	-0.0348469448	0.0614776763	0.072746092	-0.0660491194	-0.1135822081	-0.0156075692	-0.0809153173	-0.109531176	-0.0093340107	0.1016106147	0.0655720481	-0.0703304453	-0.1483713514	-0.0466701162	-0.0256757637	0.0913881827	-0.0053301635	0.0137932363	0.0928462496	-0.0863545729	-0.1012368265	-0.1221634821	-0.0745555996	0.0466240502	0.0475019357	-0.0824617187	0.0885159324	-0.1328814533	-0.0178002438	0.1569826548	-0.0223565091	-0.1894525798	0.1120836066	0.1230264212	-0.0324041092	-0.1742371144	0.1489635416	-0.0560204078	0.2548879405	-0.0405843831	0.0335864381	0.0867183273	0.0371169299	-0.0490399171	-0.0972387447	-0.0027049745	-0.0085106637	-0.0838925285	0.1447096702	-0.0135149087	0.0031665401	0.0395397174	-0.0890683248	0.1270631118	0.0646600128	-0.0058723014	0.1825062958	0.1112814725	-0.0294198809	0.0214893446	-0.0463984878	0.1056706127	-0.1413475957	0.0346273209	0.0393033715	0.0066069403	0.1083341954	-0.0892253637	-0.0230578642	0.1571887403	-0.0299582613	-0.1599184998	0.1928460707	-0.0791752544	0.1193554012	0.0035126005	0.0028023851	-0.0738494212	0.0773533482	0.0115285323	-0.0240644027	0.0430661895	-0.0643272421	0.0357312355	-0.0539206868	-0.1333177844	0.0091269047	-0.1417475934	-0.0201542449	-0.0442759677	0.1184674983	-0.0847867459	0.0188661491	0.0968362362	0.0620911787	0.0382833527	-0.1063942335	-0.1013839798	0.0462651033	0.0100576847951145	0.0038015476731486	1.4451764711222293e-05	0.0001011570234378	-0.0054694151531862	-0.0272176271218	0.0007407992261413	2.991450211790282e-05	-0.0814623399019041	-0.0573772009575749	0.0066361128222933	0.0032921431897259	0.0001959684753413	5.29596509575e-05	2.8047246295402302e-09	3.84036433275937e-08	-8.307466954371456e-05	-0.0002220655843043	6.901400719797376e-09	4.931312373241665e-08	-0.00076199197996	-0.0006349820415654	4.032021931105635e-07	5.806317775233611e-07
821.4811544392642	-0.4136585474227559	0.1711133938559043	674831.2870988662	1073.1506685131658	2.8356344404014635	1151652.3573302547	8.04082267959092	765.9122913145147	0.8151921117027996	0.6645381789824697	586621.6379866501	791.155297092747	837.0373170866949	1.090028	32.678555	0.0988980897172487	0.0484141264833652	-0.2199385355	0.0491725946	-0.1250109794	-0.1112612054	-0.0569697773	0.0217789412	-0.2075827937	-0.0689707538	-0.0211653855	0.1684117348	-0.1398126597	0.0795404918	-0.0814735518	0.0050250729	0.0775423166	0.0072388747	0.1663134658	-0.0797791854	-0.0780449624	-0.2090934727	0.0016966553	0.039441341	0.073170464	-0.0616280605	0.0272026338	0.0786841388	0.0353443605	0.1410424644	0.1031013309	-0.020378306	-0.0257005523	0.0275743245	0.0595919956	-0.1137896439	0.0205047898	-0.0286875905	-0.0904942171	0.0528811707	-0.0546710244	0.1792215498	0.1412346428	0.0634406561	0.1707253438	-0.0490245786	-0.15314162	-0.0708269959	-0.1436078924	0.0012960822	-0.0232815892	0.0575280739	0.0935824598	-0.0422403399	0.0673472206	-0.1183360881	0.0022825932	0.0771125991	-0.0451607411	-0.0226603057	0.0776811906	-0.1045671732	0.0424933374	-0.2324362213	-0.0876075035	-0.1012028048	0.0873736466	-0.0440568973	-0.0403429316	-0.0290907143	0.0510356784	0.1271853696	0.0328469443	0.1229359206	0.1639201924	-0.0093507805	-0.0644349178	-0.0535668858	-0.202714476	0.0653449112	0.0822360904	-0.0821581191	-0.1513591671	-0.0065706767	0.0331035092	0.0780777741	0.0477325087	0.0078351771	0.0991411868	-0.0718196287	0.0799423054	-0.0913087782	-0.1444833119	0.0237339114	0.0218825557	0.0261347395	0.0258369467	0.0943682639	-0.1268609088	-0.1115908155	0.2033438701	0.101623941	-0.1655564237	-0.0276580354	-0.0276398466	-0.026070976	-0.0117764629	0.0913288764	-0.0080444051	0.1305854932	-0.0305725873	0.0055955471	-0.0899915568	-0.0326830748	-0.1247343679	0.0939431503	-0.0432666104	0.109254416	0.0230246041	-0.0681297046	-0.0090275678	0.0885691415	0.1947415402	0.0350428114	-0.1100753719	-0.0948006283	0.0586099215	0.0223556853882911	0.0122980005931766	0.0001512408185897	0.0004997766691802	-0.012650566191013	-0.0071811510378268	5.156893022808094e-05	0.0001600368249532	-0.0705459610989436	0.0109163788029605	0.0049767326273736	0.0001191673261697	0.0006989915419549	0.0005030230666136	2.5303220554535024e-07	4.885891757244886e-07	-0.0002530223365562	-0.0001699476670124	6.402030279635896e-08	2.8882209522986634e-08	-6.491152792038933e-05	0.0006970804520396	4.85921156615748e-07	4.2135064569594845e-09
817.2468714718641	-4.234282967400077	17.9291522480144	667892.4489305496	1069.7283997918566	-3.4222687213091376	1144318.8493212464	11.71192320085088	764.0567787905468	-1.8555125239679453	3.4429267266018955	583782.7612157866	789.1338129486909	825.2108619347048	1.138789	34.140377	0.1320880686438338	0.0644546938754481	-0.1453924597	0.0380037231	-0.0004794832	0.1949935774	-0.2010671206	0.0753243529	-0.0950420057	-0.0267200792	-0.3030539205	0.0204624965	-0.0285851268	-0.0082520327	0.1253954129	-0.0451211406	-0.033011077	0.0874529945	0.0970438031	-0.122059368	-0.1234091485	-0.0560824393	-0.1470401568	-0.0229625936	-0.0152299441	0.0296974606	0.158020489	-0.1847472959	-0.0511880857	-0.1624548736	0.0354398988	-0.0064368929	-0.0504424412	0.0116905946	-0.1430082111	0.0630953403	-0.2675049042	-0.0477370048	-0.0158419785	-0.0301377682	0.0460780885	0.0544797834	-0.1711798403	-0.1622382455	0.0588543285	0.0831745792	-0.1320880745	0.2076076738	0.0332436915	0.1604979854	0.0193061932	0.0493988	-0.0096672974	0.0335560403	-0.0345033689	0.0668362293	-0.1506135688	-0.0025573426	0.0373654281	0.0370060788	-0.108076091	-0.0232445168	0.2010455128	-0.1115090543	0.0822061083	0.0135764753	-0.1010571004	-0.0118392305	0.2009823485	0.0485129735	0.0250618782	0.1389249051	-0.0086053875	-0.0742269282	-0.0708864904	-0.1436903429	0.1267918799	0.0060466891	0.0607334365	0.0236194457	-0.0823039015	0.0824741621	-0.0234426401	-0.0828315968	0.0608364713	0.0292436095	-0.1446162943	-0.0726763601	0.0913994205	-0.2782434616	0.093485676	0.1573516904	0.0215968581	0.0339557569	0.0261517264	0.1578305493	0.0092806598	-0.1461210113	-0.110996485	-0.0653744856	0.073967889	0.1596291397	0.0178884408	-0.1340454203	-0.1483043451	0.1367034375	-0.1102835917	0.0168639504	0.0555122284	-0.2047416754	-0.0752782428	0.0951894312	-0.1234140869	0.0028807209	-0.1013004652	0.1423917521	-0.0270971723	0.0870089239	0.0727949031	0.1706943672	-0.0438956208	0.134750448	0.0118888576	0.0317782535	-0.1134548014	-0.0876327994	0.0703125971	0.0010078560462289	-0.0213478293420622	0.0004557298176178	1.0157738099201506e-06	0.0271052752408422	0.0397558414318552	0.0015805269279548	0.0007346959458818	-0.0809599351473195	-0.0104139740483759	0.0065545110990581	0.0001084508554802	0.000568782634868	-0.0001302089070869	1.6954359484764956e-08	3.235136857273846e-07	-0.0004652654204533	-0.0002122430838971	2.1647191146958607e-07	4.504712666215144e-08	-0.0009338680133672	-0.0008689564854468	7.550853736000732e-07	8.721094663904008e-07
810.1076298664667	-7.139241605397388	50.968770700237066	656274.3719678642	1061.258347643553	-8.470052148303694	1126269.2804431242	71.74178339498401	763.3708972107137	-0.6858815798331079	0.47043354155436	582735.12670829	788.697315937764	786.9444884075208	1.243139	37.268753	0.1084338024105295	0.0693354251673202	0.0594085033	-0.1355733574	-0.093752794	0.1042694485	-0.0622685459	0.2567704331	-0.0584242507	0.1429117793	-0.0873906152	-0.0510548636	-0.0377068668	-0.1557422454	-0.0610098217	-0.0008536842	0.1358402532	0.0257582217	-0.0115170059	-0.1093549797	0.0832980024	0.005992134	-0.0664574912	-0.1662743038	0.0045007349	0.0576917016	-0.0176739769	-0.0282784933	0.0139101003	0.1908817725	0.0333185781	0.0884240854	-0.1443901143	0.0535109094	0.0236400419	-0.0084323037	-0.0155812232	0.0170634765	-0.0023096004	0.0293099005	0.0073757078	0.025495994	-0.0910124371	-0.0878652094	-0.1273062855	-0.0796428979	0.119166084	0.1776857844	0.0272430781	-0.1018410448	-0.0522161439	0.0989740564	-0.0341946337	0.0736985252	0.1311006113	-0.104378045	0.1268455342	0.0136955083	-0.0538299455	0.0146368714	0.0247057947	-0.0569171238	0.1801894557	0.0231875295	-0.034392734	0.1278188895	-0.0336879775	0.0383215211	-0.094809866	-0.0209756171	0.1332521977	-0.0063236293	0.0381641019	-0.1074988874	0.1309794574	0.1055937552	0.0771300246	-0.0152789136	0.0985980107	0.0591294074	0.0949326811	0.0315504294	0.1507214513	-0.1786773842	0.1902768547	-0.0843722436	-0.0549423256	0.0803578521	0.1478349997	0.1108920322	0.0301043551	-0.0417605305	0.0818207909	0.0375414071	0.0841125196	-0.0289264369	-0.1004531102	-0.0299640638	-0.0247285719	0.0809284767	-0.0450371535	0.0743755721	0.0065226011	0.1315426243	-0.2004788506	0.1253164826	-0.2700832696	-0.0193336333	-0.0448401692	-0.1138069134	0.0362330614	0.0351261513	0.0018195346	0.0037818937	-0.114025513	0.1102269448	-0.020564496	-0.127894515	0.0261388591	0.1106972971	0.0564350389	0.0200750359	0.0003258112	0.0284919163	-0.1165232592	-0.0799246852	0.0812449131	-0.0017491916301395	-0.0027570476763684	7.601311889768393e-06	3.059671358950081e-06	0.0161980081815471	-0.010907267059295	0.0001189684747027	0.0002623754690494	-0.0125604305217734	0.0683995046255461	0.0001577644148922	0.0046784922330201	0.0009868345204553	0.0004180518855873	1.7476737904309697e-07	9.738423707622418e-07	-0.0003559610947594	0.0001093043256939	1.2670830098231054e-07	1.1947435615398172e-08	-0.000933824563662	4.344970519997143e-08	1.8878768819644238e-15	8.720283156985247e-07
807.1355020497522	-2.972127816714533	8.833543758888295	651467.7186691056	1049.1234989583927	-12.13484868516025	1100660.1160667003	147.25455261173545	761.2763236923471	-2.0945735183665875	4.387238223842585	579541.6410145352	785.9984038234402	749.0288922527756	1.132588	33.954494	0.0564359760586203	0.025821774595544	0.2273985538	0.0245351215	-0.0568755219	0.0440611638	-0.0166159822	0.1275388907	0.1569980335	0.1141694096	-0.0969499623	-0.0190765428	0.1425841846	-0.0339315223	-0.0948400889	0.065725323	0.0067291267	-0.0206730563	-0.1565186603	-0.1047723809	0.0656042201	-0.1563287967	-0.2544899331	0.0305429122	0.0256275663	-0.175605228	0.1146994901	0.0551144208	0.0514068237	0.0236290603	-0.16109025	0.1567966068	-0.0632959797	-0.1237221409	-0.0390703868	0.0430153081	-0.0108470979	-0.0272711022	0.0766763005	0.0323466941	0.0754093157	-0.0626213349	0.0866999946	0.0199479856	-0.1166818309	0.0011592827	0.0612428854	-0.0848012628	-0.0557954474	-0.0682561531	-0.0286106858	-0.1340820235	-0.0578962272	0.1228411225	-0.1061783377	0.0378242635	0.0196946772	-0.0007795101	0.0459994274	0.1572797187	-0.0843197115	-0.114634874	0.0342892472	0.1915236012	0.1024863653	-0.0358473173	0.0527940514	-0.0539362241	0.0015061295	0.0401143832	0.1684436011	0.0792208039	-0.0596242905	0.1661723159	0.2164328714	0.0439910186	-0.0311666862	0.1334240157	0.1791690923	0.0519817481	-0.0570177815	0.0698575552	-0.0112941585	0.0225154437	-0.123034496	-0.0772527869	0.0908912181	-0.056647941	-0.0630389743	0.0740952928	0.0112006049	-0.1489962349	-0.0367848983	-0.1618477914	-0.0298878383	-0.0450427414	-0.0437938407	-0.0356551256	0.1183807565	0.1475618785	-0.166115233	-0.0880197384	-0.0222129746	-0.0427937808	-0.0731975433	-0.0565814885	-0.1125725563	-0.0227445267	0.0585671564	-0.0828014954	-0.0355670391	0.1121173744	-0.044535619	-0.0481707233	-0.1865193874	-0.0835225797	0.007598406	0.1631985565	0.0151999403	-0.0247054888	-0.0006282275	-0.0194605089	0.1716621435	0.0251860523	-0.1192723348	-0.0717238087	0.0912870929	0.0002297165727185	0.001978908202858	3.91607767533868e-06	5.27697037815339e-08	0.0020582315080446	-0.0141397766735025	0.0001999332843765	4.236316940707549e-06	0.0019527529480711	0.0145131834698444	3.813244076200373e-06	0.0002106324944293	0.0010229743119106	3.613979145530009e-05	1.3060845264325814e-09	1.0464764428289657e-06	-6.987849553419245e-05	0.0002860825992252	4.883004138122155e-09	8.184325357945073e-08	-0.0007399648000942	0.0001938597635678	3.7581607930563335e-08	5.475479053784493e-07
807.7232556247272	0.5877535749750677	0.3454542648959726	652416.8576770085	1043.5054158677149	-5.618083090677828	1088903.5529452525	31.56285761376014	760.1867950287373	-1.0895286636098265	1.187072708827414	577883.9633360634	783.7856186243006	738.853251617946	1.005512	30.144789	0.0326156389947809	0.017423880559787	0.2129683404	-0.1103959396	0.0307256565	-0.052211989	0.0497851383	-0.0012346118	0.0745255984	0.1772922203	0.1196639832	-0.1086926072	0.045717703	0.0154202353	-0.0994014412	-0.1092376459	0.042049955	-0.0201916495	-0.1747870891	0.0687180417	0.1306080873	-0.026417781	-0.1154629877	-0.0327044049	0.2166577313	0.030810205	0.0713847768	0.0649090903	0.0311977566	-0.167804299	0.0719118453	0.056962592	0.1477649165	-0.0042287196	-0.0222317155	0.0332109272	0.0798006255	0.006455048	-0.0795584965	0.0191740993	0.0640063928	0.054746438	-0.007111205	0.0112417918	0.0563845329	0.0803001023	0.0569480528	-0.004518464	0.0034934751	-0.0659101925	-0.0221258462	0.2049038493	0.2847272292	-0.1319794808	-0.0799374014	-0.0522796555	0.1244374025	0.046618937	0.040547848	0.0082098378	0.0661446813	0.0119685043	-0.0189857897	0.2253637989	0.0157256518	-0.0540285911	-0.1465193392	0.0300863357	-0.0029711455	0.0693511697	0.0860990362	0.0527812538	0.1209260113	-0.0714033068	0.1682013169	-0.0273717338	-0.106245748	-0.0981856059	-0.0450435393	0.0217217565	0.0531577859	-0.1025976482	0.0361637857	0.0224038447	-0.1121983759	0.1189363991	-0.1514227839	0.0543002034	0.0815610185	0.0436962445	0.0325380473	0.0218398063	0.0319358284	0.1372213521	-0.0645762531	0.0669061885	0.1269711535	0.0677637167	-0.0689379724	0.0534506093	-0.1772405714	-0.1746339171	0.037005742	0.1039895552	-0.0285608074	-0.0366990198	-0.0161589861	-0.0950243601	-0.079522282	-0.0190870583	-0.0186218411	-0.0546340963	0.0387946288	-0.1344989675	-0.013791179	0.178196565	0.1092133236	0.0026196954	-0.0674659108	-0.0419471094	0.047621786	0.1520069724	-0.0236138163	0.0218629269	-0.1216944932	-0.063080731	0.1003291122	0.0038078074035041	0.0035780908307856	1.2802733993351987e-05	1.4499397222180636e-05	-0.0111855652007335	-0.0132437967087781	0.0001753981512634	0.0001251168688598	0.0018547224934835	-9.803045458760002e-05	3.439995527833652e-06	9.609970026651511e-09	0.0009170353098751	-0.0001059390020355	1.1223072152277676e-08	8.409537595577207e-07	0.0001001782358029	0.000170056731337	1.0035678928581434e-08	2.8919291873056042e-08	-0.0007020461134542	3.791868663999992e-05	1.437826796502508e-09	4.928687454161475e-07
811.2715686904206	3.548313065693378	12.59052561217034	658161.5581654159	1050.6027006163215	7.097284748606626	1103766.034542308	50.37145080280421	762.0978490126093	1.91105398387208	3.652127329273347	580793.1314696459	785.9803869134026	755.4479534617077	1.005226	30.136219	0.0418972586976297	0.0236242200257179	0.1684588989	0.0499345382	-0.0108061593	-0.0916460754	-0.0016263455	-0.0551732452	0.11520067	0.0858384911	0.032495389	0.0275284754	0.0995149866	0.0677955112	0.0606616167	0.0635679885	0.0027797356	0.1558193041	-0.0698915631	0.0259437237	0.0703034498	-0.0460071357	0.0388567328	-0.0652779292	-0.0693185601	-0.0291361895	0.0846918058	0.0107052403	0.1036508256	0.0397222071	-0.0681467512	0.0175053893	0.060414603	0.0085523639	-0.1162315322	0.0986199014	-0.0151305167	0.1407626662	0.0284922463	0.0750924686	0.1178958709	0.0767415726	0.1301522404	0.1018083395	0.1053384969	0.1567822487	-0.0871956717	0.0258633976	0.0591911304	0.0885117684	-0.1497228183	-0.0232756795	0.0797576075	-0.0737808088	0.0696450051	0.0098287662	-0.0789427432	0.0563249477	-0.0258419025	0.1260429592	-0.0020051305	-0.0691429878	-0.060732108	0.0851256339	-0.0148645254	-0.0542927583	0.0156573713	0.1268779203	0.1632069714	-0.0064392718	-0.0558178215	-0.0296431835	0.0326297552	0.150980812	0.0891627324	-0.0237119085	0.0706037051	0.0694611207	-0.0150309233	-0.0292343671	-0.0898594387	-0.0367669429	-0.024952209	-0.138907286	-0.0427382375	0.0830927435	0.0568921688	-0.0187973407	-0.0632487763	-0.0728047777	0.075355272	0.0018636319	0.0822635471	-0.068986148	-0.1204226782	-0.0912943882	0.1428155199	0.0500120721	-0.0938754868	-0.029113231	-0.1579270047	-0.140466324	-0.0981678569	-0.0313157626	0.0093849059	-0.1028035905	0.1256965284	-0.1332890143	-0.0126868155	-0.0342545065	-0.0285960028	0.103440655	-0.011560181	-0.0378891671	0.119429446	-0.0361756046	-0.0504068991	-0.0301745356	0.0014088424	0.125313727	0.0959244741	0.1243332421	0.1338193154	0.0185248178	-0.1237830955	-0.0540487397	0.1082719048	0.0034904783522478	-0.0003173290512563	1.0069772677122366e-07	1.2183439127510516e-05	-0.0237105899054768	-0.0125250247047432	0.0001568762438544	0.0005621920736656	-0.0148466585082616	-0.0167013810017451	0.0002204232688609	0.0002789361273654	0.0006760356391308	-0.0002409996707443	5.808084129886103e-08	4.570241853749893e-07	0.0001002607476368	8.251183390000098e-08	1.0052217516690095e-08	6.808202733541351e-15	-0.0007080344096737	-5.988296219499949e-06	3.5859691612477376e-11	5.013127252819849e-07
812.4299427795887	1.1583740891680918	1.3418305304560063	660042.4119248458	1043.577153560889	-7.025547055432526	1089053.2754342472	49.35831142809664	762.8697545758117	0.771905563202381	0.5958381985027851	581970.2624465593	785.1991195513751	762.1568679773852	1.028144	30.823307	0.0811436979787783	0.0457056903836722	0.1151995496	-0.0766515493	0.1573524116	-0.0770719745	-0.0216262961	-0.0896000839	0.1057821916	0.0049064217	0.0973817719	-0.178594126	-0.0591891522	0.1327705729	0.0407830349	-0.2871056633	-0.0853811337	-0.0139810444	-0.0305619631	0.0892676018	0.0166405909	0.0889045022	-0.035539574	0.0227527222	0.0131966971	-0.0154725244	-0.037583721	0.0007257327	-0.0626194731	-0.1496229	0.1342977894	0.0342699473	0.0232672538	-0.1105162773	-0.0215650897	0.0572729263	0.0324443783	-0.189032224	-0.0194193697	0.0899909879	0.0532397284	-0.1391787998	0.123076516	-0.0458400055	-0.0665946505	0.0684553992	-0.015503112	-0.1021173289	0.050822542	0.0826235427	0.1294279708	-0.1618477469	0.0890788355	-0.0531233191	0.0304288332	-0.0862824771	-0.0600850115	0.1472923307	-0.0095729883	0.0972944463	0.0486311201	0.1685159416	-0.0348446476	0.0531112945	-0.0418032517	-0.1044718342	-0.1925044802	0.0233003068	-0.0470635675	0.1426776193	0.1060365381	0.048467294	-0.0128713724	0.003784643	-0.1613919513	-0.0215944111	0.0107425146	-0.0261855295	0.0136702422	0.0185305683	0.0368251968	0.0256181454	-0.0234721591	0.0362333127	-0.0621880088	-0.0005751263	0.0184137926	0.0743440741	-0.0966802477	0.0071937003	0.0040529054	-0.0494684861	0.0409995718	-0.1066678071	-0.0934262013	0.0137557479	0.0621916478	-0.2083041082	-0.0283731823	-0.1220320053	-0.1254121084	-0.070140375	0.1203394449	0.0443480667	0.0244102756	0.0063283765	0.0955935535	-0.1128933945	-0.0814809647	0.1300256391	-0.0425707041	-0.0217890438	-0.0158702583	-0.0553813455	-0.1231598727	-0.0065262361	-0.163134309	0.1141221098	0.0309988066	0.0539373524	-0.0873850547	-0.0673596091	0.0230303225	0.0151740128	-0.1255324169	-0.0446835199	0.1150284477	0.0109759926575776	0.0074855143053298	5.603292441529708e-05	0.0001204724148191	0.0163723341070891	0.0400829240125659	0.0016066407973971	0.0002680533241141	-0.0232603506609692	-0.0084136921527075	0.0005410439128712	7.079021564053343e-05	0.0009530473626417	0.0002770117235109	7.673549496247934e-08	9.082992754383e-07	0.0001000550514602	-2.056961765999993e-07	1.0011013322703271e-08	4.2310917067858096e-14	-0.0009340483401497	-0.000226013930476	5.1082296769210176e-08	8.724463017364096e-07
816.2172701693057	3.787327389717007	14.343848756900634	666210.6321226334	1050.0550478079024	6.47789424701341	1102615.6034268562	41.96311387548944	764.5098379648405	1.6400833890287458	2.6898735229680164	584475.2923450266	787.125906710238	791.3886830904958	1.106984	33.186874	0.1040840420992371	0.0625324605359425	-0.0052326844	-0.0344271781	-0.0943788565	-0.223739601	0.063351166	-0.0713716927	-0.004777553	0.0345708328	0.1762519252	0.0419843693	-0.0458603031	-0.0445391164	0.1456512624	0.0077370206	0.0281691907	0.0309766838	0.0833839104	0.0103639963	-0.0519390305	-0.0728582289	-0.037309471	-0.0632357114	0.0595631239	-0.0564434963	-0.0508764488	0.1547057393	-0.0940660496	0.1555441557	0.191403874	-0.2167532028	0.0084758855	0.0066876125	-0.1817505078	0.0334957011	0.1744616714	-0.0437252735	0.130557452	-0.0380793938	-0.0030682874	0.0063450986	-0.050996775	0.0602816578	0.068550682	-0.0283060932	-0.1493996076	-0.180126304	-0.0040611305	0.1382864948	-0.0004635331	0.0252484069	0.0344269397	0.095536085	-0.0498651361	-0.0245376075	-0.0171329015	-0.0545026929	-0.0115915477	0.1066912626	0.1070683831	-0.0241447368	-0.0778761675	-0.071980628	-0.1830574136	0.0908459275	-0.0319564654	0.0524934757	0.0358615838	0.0172839041	0.046136396	-0.0203306455	-0.0900998637	0.2328814712	0.02135564	-0.1205785748	-0.0716284055	0.1068803993	-0.1538731191	0.1249435178	0.009552697	0.0643016196	-0.0687008178	0.1383850417	0.0517124295	0.0208268236	0.0041680899	-0.1052558046	-0.0214310928	0.0314315729	0.1377658649	0.2126891229	-0.0922068222	-0.0324371336	-0.0869189955	0.0069420368	0.0162494611	0.0735798531	0.0943277599	-0.0760046636	0.0270554678	0.0599797786	-0.116814417	0.0959470418	0.1401682952	-0.1483718104	0.0622855646	-0.0118997349	-0.018160881	0.1795319004	-0.040799841	-0.0197971701	-0.0499476465	0.0172558315	-0.0774103428	-0.1325897119	-0.2400894484	0.0123320814	0.0003727919	0.0111078243	0.0776281673	-0.0128268812	-0.1797658346	0.0118128082	-0.1269376627	-0.0350428114	0.1205247148	0.0082845967131817	-0.0026913959443959	7.243612129510704e-06	6.863454270006102e-05	0.0162646928428813	-0.0001076412642078	1.158664176025342e-08	0.0002645402332732	-0.0205233724908708	0.0027369781700983	0.000421208818399	7.491049503595177e-06	0.0004879690982589	-0.0004650782643828	2.162977920013177e-07	2.3811384085560403e-07	0.0005630263357458	0.0004629712842856	3.169986547433423e-07	2.143424100730579e-07	0.0001088626455926	0.0010429109857423	1.087663324181976e-06	1.1851075605420032e-08
817.4037797683036	1.186509598997873	1.4078050285140926	668148.9391795094	1062.0254826789355	11.970434871033149	1127898.125859426	143.2913110016464	765.705128007553	1.195290042712486	1.4287182862076164	586304.3430570631	789.9789901980838	809.0719397434135	1.072096	32.140965	0.091563726410048	0.0457658052799987	-0.0676396726	0.1155580044	0.0178893075	0.035029417	0.0477601318	0.0449354353	0.040982254	-0.1043831646	-0.0953683341	0.0782003202	-0.0052394346	-0.0355304451	0.1251426617	0.041380836	0.030676384	-0.0617969691	0.135775054	-0.1061223182	-0.2264133613	0.1110064065	-0.021643649	0.0211406936	-0.0831430175	-0.1660067739	0.026122316	-0.0791785365	0.0382541074	-0.0818822298	0.0742801562	0.0562945614	-0.1410617054	0.0321884829	-0.0298260631	-0.0931799971	-0.1074700176	0.0564565277	-0.0595142966	-0.0020460445	0.0241872343	-0.0701015076	0.0423926978	0.0838275829	0.016468045	0.1123447992	0.0713902882	0.0554042594	0.0007590647	0.0817758075	0.095823812	-0.0578839233	-0.0821487282	0.0917096417	-0.0674589405	-0.0825127889	0.0682572801	-0.1169382133	-0.0185070138	0.0757788456	-0.1463610156	0.0406645871	0.02944385	-0.1666664811	0.0264913743	0.0990380656	0.0695340875	0.0062330716	0.0055288449	-0.0224819178	0.0683923821	-0.0345083381	0.0255878356	0.1011712761	-0.1260568172	-0.0886170206	0.0967346026	-0.0113102361	0.1665790688	0.0342300621	0.0021377148	-0.0130984264	-0.2001035675	0.1409315884	-0.0526787676	0.0152503825	0.0265911558	-0.1250962856	0.0949288138	-0.1071952444	-0.0559223408	-0.1196617734	0.1219837061	-0.0001069836	-0.0333048474	-0.0580258992	-0.0357424955	-0.0081471755	-0.0403155051	-0.0740803985	0.0364412538	0.1188803663	0.0062537887	-0.1727155954	0.035768132	-0.1488876919	-0.0735885869	0.0589417884	-0.0500627837	-0.0627408297	0.0057814186	-0.1165752781	0.0168240823	-0.0597217407	-0.0232021455	0.111901768	-0.3373615084	0.0348382101	-0.0089614716	0.0581035817	0.0133099479	0.0163136375	-0.0808500182	0.0084435077	-0.1279949812	-0.0251860523	0.124700488	0.0222782467428288	0.0139936500296471	0.0001958222411522	0.0004963202779343	0.0294168251176216	0.0131521322747403	0.0001729785833722	0.0008653496000007	-0.0594451897790335	-0.0389218172881627	0.0035337305878653	0.0015149078610131	0.0004520078768419	-3.596122141699996e-05	1.2932094458024963e-09	2.0431112072712225e-07	0.0002589862013153	-0.0003040401344305	6.70738524717291e-08	9.244040334451652e-08	-6.105853490985896e-05	-0.0001699211805024	2.887320758334924e-08	3.728144685338465e-09
817.460132674408	0.0563529061043936	0.0031756500264106	668241.0685120607	1063.738594166554	1.713111487618562	1131539.7967194368	2.9347509690106826	763.6928490166648	-2.0122789908881487	4.049266737169826	583226.7676391904	787.622649272197	799.9475394473986	1.071808	32.132339	0.0603987627862648	0.0322353358615212	-0.0849940402	-0.1187346742	0.1121938846	0.1680860377	0.0033254052	-0.1240291462	-0.1164962714	-0.0005344632	-0.0946874828	-0.1299849818	-0.0376016587	-0.1503773606	0.0790498361	0.0672170754	-0.1309121923	0.0453091141	0.0226604901	-0.0166830539	-0.0009035795	0.1794399603	-0.0184345642	-0.0562671034	-0.0581753359	-0.1838250379	0.106446176	0.0800447114	0.0844261848	-0.0463357865	-0.0838087047	-0.0597117603	-0.0380094239	0.126028259	0.2429468651	0.0713431392	-0.1812784076	-0.0139985792	0.1189475852	-0.05431947	-0.0381927233	-0.0485926143	-0.0628263083	0.0008730974	0.0977752904	-0.2232080284	-0.0379338871	-0.0703011877	0.1193204375	-0.0303881483	0.0249994779	-0.0836010043	-0.1360759962	0.0156811381	-0.052617507	-0.0146435308	0.0851996126	0.0262921999	0.0614764104	0.0257328792	0.0282335039	0.108757662	0.1732893561	0.016314083	0.0204756113	0.0479718726	-0.0335896315	-0.0627085553	0.0805209642	-0.0122478797	-0.1025750379	-0.2355593253	-0.0300101237	-0.0019698678	-0.1444697408	0.1436106088	-0.1168021749	-0.0415724286	0.2925439309	-0.0227343413	0.0518945252	-0.0496972035	-0.0542968137	-0.0947103794	-0.079040616	0.0042479367	0.0385602502	-0.1639019982	0.0987177662	-0.0560252767	-0.0969691557	-0.0666212756	-0.1181719612	0.0339160192	0.0052632332	0.0823109007	0.0184227466	0.0895502774	0.2413967368	-0.0039880955	0.0582030825	0.0955528667	0.1922195444	0.0025773686	0.1127122503	-0.0220739064	0.0377981832	0.1108607984	0.0702224458	-0.2452549388	-0.0233228325	-0.0904647333	0.1415304418	-0.0758346645	0.067120313	-0.0151312788	-0.0380935379	-0.0146666875	0.0246829249	0.072187111	0.0720696297	0.1327361913	-0.1272251944	0.0050684204	-0.1287014744	-0.0151740128	0.1275100165	0.0179788329425747	-0.0042994138002541	1.848495902581541e-05	0.000323238433977	0.0263970936307487	-0.0030197314868729	9.11877825281162e-06	0.0006968065521505	-0.0404415758439427	0.0190036139350908	0.0016355210567413	0.0003611373425939	0.0003660248783814	-8.59829984605e-05	7.393076024258347e-09	1.3397421159411868e-07	0.0001004088633917	-0.0001585773379236	1.0081939847613071e-08	2.5146772102935623e-08	-0.0004980182698067	-0.0004369597348968	1.9093380992111765e-07	2.4802219706125906e-07
815.8519470861087	-1.6081855882993068	2.586260886413588	665614.3995641947	1053.5674540944342	-10.171140072119895	1110004.3803270278	103.45209036668314	763.9824625820021	0.2896135653372766	0.083876017227369	583669.2031328602	787.2935533513249	809.6646659865362	1.102269	33.045544	0.0335777195745614	0.0166708686097469	-0.0797616467	-0.0445323729	-0.1088666946	0.0264336283	0.1224297329	0.0777594067	-0.0322208867	-5.1222e-06	0.0601801603	0.0869545862	-0.0692001651	-0.0963930254	-0.1137439482	0.129148701	-0.1048529142	-0.152657647	-0.0066910659	-0.031840864	-0.0679366142	-0.1223484414	-0.0265303246	0.0927009393	-0.0467858535	0.0846171566	-0.0710761252	0.1753390888	0.0004358672	0.0317478055	0.0189783645	-0.0005375364	-0.0029581829	-0.0642507785	0.0334394366	-0.0727266728	0.0102052018	-0.0405440402	-0.0210497527	0.0351065134	-0.1059793542	-0.1709393195	-0.0475663584	-0.0807974874	-0.0228411182	0.0597447173	0.1815201909	0.0776762747	0.0616838313	-0.0934593442	0.1013531655	0.256876049	-0.0121215494	0.1440280795	0.050288929	-0.0829353533	-0.1955122821	-0.0943621317	0.0142822004	0.0274530871	0.0288025642	-0.0770168573	-0.0466587265	-0.0128523641	-0.0269424423	0.0612473994	0.0988484172	-0.1493130408	-0.1867260377	-0.0120227608	0.000604853	0.0976525678	-0.0942919173	-0.0737309911	0.05357669	-0.0960124414	-0.0227369928	0.0514491361	0.1156666633	0.1551405329	0.1037573898	-0.0943713954	0.0577462627	0.0664702489	0.1257150842	-0.1209378213	-0.087357895	0.0076162809	-0.0447127458	0.1574934945	-0.0717940614	0.0249826092	-0.0761075956	-0.0986015381	0.1903266917	0.01970887	-0.0013372921	-0.0468621021	-0.1799890511	0.0771419983	0.095868962	0.0639029826	-0.0426736626	0.0814508329	0.038749675	0.0147650132	-0.1762540999	0.0977916706	-0.0008190942	-0.0085360632	0.0562677285	-0.1077208445	0.1101413419	0.0470799115	-0.006001276	-0.2295187656	-0.0254452232	-0.018104688	0.0033049839	-0.0084925216	-0.0044762467	-0.0202890912	-0.1029179734	0.0016898595	-0.1290552057	-0.0050684204	0.1289225186	0.0138853736010702	-0.0040934593415044	1.6756409380550445e-05	0.0001928036000412	0.0163906194562315	-0.0100064741745172	0.0001001295254052	0.0002686524061589	-0.037893234558993	0.0025483412849496	0.0014358972253428	6.49404330457908e-06	0.000417090653885	5.1065775503600017e-05	2.6077134277840754e-09	1.739646135582169e-07	0.0003248830212376	0.0002244741578458	1.0554897748847085e-07	5.038864754062602e-08	-0.000561067231929	-6.304896212230003e-05	3.9751716246992244e-09	3.147964387444703e-07
813.4384022479029	-2.4135448382057803	5.825198686029766	661682.0342516211	1063.995296060604	10.427841966169808	1132085.9900390925	108.7398880714122	762.9652828330613	-1.017179748940748	1.0346546416551634	582116.0228085333	788.6846328487911	797.127930108974	1.060614	31.796732	0.01160285413338	0.0052322899977828	0.02154775	0.0273999455	-0.0479081431	0.1551844855	0.0597846772	0.1377761885	0.0209239377	0.0095118398	-0.1022866153	-0.0157039148	0.1239801105	-0.0251622137	-0.0116848859	0.0706714129	0.136858803	-0.0803207904	-0.093627057	-0.0964613122	0.0442884172	0.0144956034	-0.070068366	0.0754755625	-0.1073274409	0.062991496	-0.0450583276	-0.2487960933	-0.1563371013	-0.1371052113	-0.130808119	0.003158262	-0.0672238706	0.0720639545	0.0592146434	-0.1366704871	0.0311813889	0.0333931457	0.0269792341	-0.0291084578	0.0713103707	0.0589353956	0.1211365159	0.1355171781	0.0554600719	-0.0564330837	-0.070563321	-0.0408564187	0.0732571695	0.1104725507	-0.0970865394	-0.0013793378	0.0858670681	-0.0222180873	-0.0780568239	0.1641136357	0.1216359801	-0.0807665529	-0.006465336	0.006515095	-0.037272619	-0.0569601916	0.0502243662	0.0986137001	0.1017983224	0.042633861	0.0883967378	0.0821662012	0.0295410914	-0.1366089231	0.1452681506	0.0919966116	-0.0357343373	-0.0374792212	-0.1323702876	0.0705836235	-0.0462575202	0.0029072115	-0.0148480095	-0.1441939876	-0.1955323118	-0.0111556492	-0.1531627412	0.0630178237	0.0018623913	0.0571243789	-0.019680866	-0.0767741963	-0.061694324	-0.0066073129	0.0983794236	-0.141676537	0.079745893	0.1153663752	-0.0326719071	-0.0454513939	-0.0232098523	0.0435514773	0.0631539083	0.1243695438	0.0130816	-0.0631502084	0.0313111612	-0.1118580467	0.0115848163	-0.1071045067	-0.1255622589	0.0828227598	0.0638503614	-0.0973554314	0.0857393952	-0.0227429363	0.1166486658	0.0063173932	-0.0541834179	-0.161283885	-0.0664702416	0.011673971	0.0205838249	-0.0743131117	0.0221766528	-0.0522190873	-0.0411793969	-0.0016898595	-0.1290552057	0.0050684204	0.1289225186	0.011683649184718	-0.0022017244163521	4.847590405561434e-06	0.0001365076582715	0.0164523149998245	6.169554359300097e-05	3.806340099235883e-09	0.0002706786688534	-0.0354292469629982	0.0024639875959948	0.0012552315403651	6.0712348732162485e-06	0.0003665735793339	-5.0517074551100025e-05	2.5519748212013973e-09	1.3437618906566709e-07	0.0002879062192298	-3.69768020078e-05	8.288999107119766e-08	1.3672838867240418e-09	-0.0005110521769391	5.0015054989900045e-05	2.501505725642725e-09	2.611743275541932e-07
812.0214744283006	-1.4169278196022788	2.007684445962868	659378.8749327112	1056.4632520466826	-7.53204401392145	1116114.6029250524	56.73168702764995	763.1667186192104	0.2014357861490907	0.0405763759415022	582423.4404080131	786.7886315505569	770.2741887524779	0.995118	29.833204	0.0355287471619892	0.0210600588318682	0.0898987031	-0.1066073632	0.0188351889	0.0507365848	0.0286794566	0.0311456989	-0.0131187822	0.1025401299	0.0122649984	-0.0898739002	0.1374775553	-0.011855475	-0.0260374073	-0.0039210515	0.0904353722	-0.0202377049	-0.0603661227	0.0355337912	0.0825129754	-0.0484418034	-0.0902765662	0.1917940329	-0.0105982814	0.2662585027	-0.0271605368	-0.0155742527	-0.1059580316	0.1694457716	0.0115495013	0.0413213983	-0.0127427141	-0.1398513576	0.0078454022	0.1081725474	0.063137338	0.1697051488	-0.0414760035	-0.0693144861	0.0826186571	0.0280301801	0.0256318213	-0.0266281478	-0.0554839767	0.0736940864	0.0644643274	0.0441382913	-0.008556499	-0.0784045031	-0.0281366522	-0.1211100654	-0.0697026494	0.0627179571	0.0735249277	-0.0566813768	-0.164143088	0.051910226	0.10830733	-0.1111860409	0.0394503023	-0.0021152423	0.0418480931	0.1113760951	0.0697074488	0.0736164224	-0.0190679457	0.0150840495	0.0156230386	-0.0024079487	-0.0546895943	0.2477407594	-0.0419904812	-0.1956901127	0.0542960664	-0.1341837764	0.0927791226	0.0302875761	-0.1318451642	0.0394048962	-0.1554912673	-0.1652835034	0.1817190479	-0.1592257546	-0.090053233	-0.1309041372	0.0881542184	0.0869263978	0.0722103009	0.0936822481	-0.0662616601	0.0690631664	0.0535154214	-0.028256567	0.0053418755	0.051765729	-0.0249137585	0.106095562	0.0321057357	0.0825571872	-0.0044381248	-0.1051198029	0.0651782471	0.0252583325	0.0722280155	-0.0214880167	-0.1534870561	0.0278176352	0.0901242278	-0.0074337343	0.2432530898	-0.1904158647	0.0265769778	-0.0986955595	-0.0085507565	0.1687150362	0.0508279521	-0.209220725	-0.0918850168	-0.1951780344	0.0239879009	0.1473220008	0.0418031777	-0.0050684204	-0.1287014744	0.0151740128	0.1275100165	0.0082415288057262	-0.0034421203789917	1.184819270347065e-05	6.792279705561474e-05	0.0162996395255703	-0.0001526754742541	2.330980043874484e-08	0.0002656782486635	-0.0549361430375014	-0.0195068960745031	0.0030179798118368	0.0003805189944614	0.0003660318264897	-5.417528442000193e-07	2.934961441988104e-13	1.3397929800338586e-07	0.0001649293583299	-0.0001229768608999	2.720169323911256e-08	1.512330831679335e-08	-0.0003860296859984	0.0001250224909407	1.5630623241017417e-08	1.4901891847202328e-07
813.9458060149082	1.9243315866075363	3.703052055215478	662507.7751292585	1056.7437144926864	0.2804624460038667	1116707.2781198004	0.0786591836184718	762.3028928687011	-0.8638257505093634	0.7461949272430649	581105.7004759903	787.3542769973343	781.5418259552802	0.993169	29.774773	0.0719434381176521	0.045919847615162	0.0732401762	-0.0022039972	-0.0505861751	-0.0690429949	0.0528656463	0.0338883537	0.0258207919	0.0776817468	0.0624667309	0.0651642516	0.0987884567	0.0581723238	0.0489214083	0.1974994181	0.0093955646	0.0852247865	-0.125904982	0.0289899172	0.049834084	-0.0050171593	0.1021960744	-0.0953430498	-0.015783943	0.0580179916	-0.0177844194	-0.089089388	0.0021987013	0.108677286	-0.2545716677	-0.0512463348	0.1278511916	0.1478466977	-0.1414076992	-0.2226877458	-0.0257689914	-0.0433338087	0.0957438949	-0.2530760961	0.0475200048	-0.0042452576	-0.0408618863	0.0131534233	0.0923861072	0.0221259453	0.0890725458	0.11729188	0.0756725322	-0.0350631178	0.1854717037	-0.0679615735	0.0108075584	0.0129724194	-0.0784753855	-0.0682085649	0.0072621952	-0.2165895021	-0.0754934025	-0.04476435	0.0315344811	-0.0642203209	-0.0326563487	0.129406886	-0.0349151186	0.0285747529	0.1890818703	0.1753381172	0.1665750024	-0.105578915	-0.0583854168	-0.075767646	0.1679187618	0.0051897218	0.0625078225	0.0704871366	0.0325107056	0.1381826717	0.0162354196	-0.1338169465	-0.0769321764	-0.0053807212	0.0316808235	0.0459112842	0.0423210519	0.0010015019	-0.1915849815	0.0652671445	-0.0974875239	0.1111453972	-0.0252128392	-0.1192813052	-0.1135281076	-0.0132873159	0.1609187351	0.1132485587	0.0853570095	0.0128223134	0.0202455263	0.0358583211	0.0023229285	-0.1281170324	-0.0078564088	0.0342330871	0.1528227093	-0.1426168917	0.0071860788	0.0496629212	0.0453939039	0.0122066614	0.1100589592	0.2384863581	0.0317324161	0.1613012762	0.164720587	-0.00849807	-0.056776791	-0.1355262838	-0.0488981797	-0.0502337425	-0.0209166081	0.0385005635	0.0146103774	-0.0084435077	-0.1279949812	0.0251860523	0.124700488	0.0081032350815632	-0.000138293724163	1.912515414287236e-08	6.566241878707655e-05	0.0210908139864614	0.004791174460891	2.2955352714695107e-05	0.0004448224346115	-0.0352117241545784	0.019724418882923	0.0012398655179381	0.000389052700269	0.0004539793607091	8.79475342194e-05	7.734768775272534e-09	2.0609725994984314e-07	0.0001010926170912	-6.383674123870001e-05	1.0219717230347982e-08	4.075129531976742e-09	0.000407977059537	0.0007940067455354	6.304467119557174e-07	1.664452811084569e-07
814.3730777004632	0.4272716855550698	0.1825610932770704	663203.5096833247	1053.8454561999245	-2.898258292761966	1110590.245553227	8.399901131563507	763.3830479973575	1.080155128656429	1.1667351019627867	582753.6779697358	786.4169506918417	773.0447465846601	1.045805	31.35276	0.112730250294311	0.0750616075144258	0.0604196075	0.0046026521	-0.013853396	0.0688438816	-0.0258781693	-0.2054350852	0.0549716737	0.077522217	0.0073908095	0.0692037742	-0.0678805653	0.1167927769	0.0440725331	0.0081895345	-0.1799523061	0.0023726539	-0.0446307118	-0.0321731914	0.0566174674	-0.0028266915	0.0429241177	-0.08967991	0.1114858235	-0.0394419598	-0.049891157	0.0316337255	-0.130642247	-0.0450346821	-0.0292984869	0.0099582882	0.1242918474	0.155080705	0.036516832	0.0696005017	0.0948881695	0.0041930211	-0.0708780008	-0.1438566802	-0.1124781885	0.0920009471	-0.0839830812	0.0505037294	-0.1041750561	-0.1019640783	-0.0348979464	0.0089173352	-0.1308679027	0.1705093446	-0.0846348749	0.029661864	0.0166626412	0.0427439801	0.0070852103	-0.0932105773	0.0184200017	0.0038656351	0.124899027	-0.069881019	-0.0427817696	-0.0572832426	0.0005435462	0.0177262247	-0.0597063795	-0.0719488498	-0.0226850765	0.0508086593	0.041000952	0.1456687049	-0.0819189193	-0.1473199863	-0.0230861661	-0.1530437153	-0.0817958462	0.0117755319	-0.2420626836	0.1282645129	-0.1404772964	0.033678924	0.0109692464	0.0396087076	0.1191805762	0.0691634776	-0.1064943533	0.111028685	0.0023143798	-0.0029026092	0.0109681521	0.0129151268	-0.0387453315	0.0880189958	0.0963264871	0.0418399792	0.1620846193	-0.1267072151	-0.0381759048	0.0935327143	0.0538861056	-0.1400310583	-0.0776434101	-0.0115196047	-0.0801561886	0.0264971896	0.1045777017	0.0724080322	0.0448466716	0.0252967833	0.1810759446	0.0394611185	-0.0947997045	0.0689961869	0.0153075632	0.0477702397	0.0445372355	0.0158783724	0.0377001968	0.1538199402	-0.0979798465	-0.0168995846	-0.0894111973	0.0291165274	-0.025097825	-0.0118128082	-0.1269376627	0.0350428114	0.1205247148	0.0083421088392725	0.0002388737577093	5.7060672122161545e-08	6.959077988626837e-05	0.0163677610028685	-0.0047230529835929	2.2307229485825798e-05	0.000267903600247	-0.0349378551890495	0.0002738689655288	0.0012206537252109	7.500421027986787e-08	0.000918208145863	0.0004642287851538	2.1550836496546586e-07	8.431061991291682e-07	0.000444071294299	0.0003429786772078	1.9719931442038906e-07	1.1763437301921229e-07	-0.0009347045698509	-0.0013426816293879	1.802793957895746e-06	8.73672632900156e-07
816.6999883356558	2.326910635192576	5.4145131041723165	666998.8709474603	1053.6282026750328	-0.2172535248917029	1110132.38947222	0.0471990940778697	764.3632930616208	0.980245064263272	0.9608803860125064	584251.2437800051	787.7022453349346	785.4318096432346	1.036691	31.079546	0.0545107057037452	0.03438093200682	0.000504869	0.0075321371	-0.0776689072	0.0272244737	-0.0081097923	-0.2167247869	0.0232613324	0.0554897027	0.0853582496	0.0809627613	-0.0711945017	-0.0274577658	0.0890148365	-0.0727935193	-0.0876681327	-0.1790192536	0.0270938244	-0.0143894427	0.0374545633	-0.0506613386	0.043217806	-0.0855985198	0.0586953126	0.1465304216	0.1043508391	0.0968280886	0.0905988082	-0.0302313363	-0.0310826489	0.0434540029	-0.0238633674	0.0433380367	-0.1220428666	-0.097394319	-0.0491508224	0.083618507	-0.0902173717	0.0614709317	-0.0185864665	-0.1271127855	-0.075258528	-0.0258362444	0.0081921627	0.0642812402	0.0063070417	-0.0380206569	-0.0553480004	0.1112637926	-0.0498227033	-0.063628584	0.0796741097	-0.1254931739	-0.1024858316	-0.0117324217	0.1098343017	0.0709466352	-0.2912613021	-0.1194090551	-0.0617953837	-0.0765692762	-0.05547051	-0.0571015371	-0.0582525345	0.0689866822	-0.1135327317	-0.0447421548	-0.0156623931	0.1664667563	-0.2162743427	-0.0681019914	0.0289043759	0.0184162698	0.1206106651	0.1189703183	-0.0082999803	-0.1625988998	-0.0094218119	0.1214954097	-0.1826877604	0.0856053679	-0.0344892829	0.0012232896	-0.0042244169	0.0055690132	-0.0332645823	-0.0164304703	-0.1642406247	-0.1338521039	-0.1095483325	-0.0106495538	-0.0285062126	0.0608629583	0.0418265065	-0.0458534737	-0.1250340844	-0.1863977969	-0.1417867322	0.0265943257	-0.0330593841	0.0748414141	-0.0596834854	0.0887598027	0.1026894785	0.0625224873	0.1851578909	0.0533471075	0.1587766291	-0.0372331056	0.0084780881	0.0259372044	0.0071866604	0.1369460154	0.0053893494	0.0142344921	0.0469722564	-0.0375318622	0.0485813023	-0.0165802915	-0.1539523403	-0.0928590651	0.091278381	-0.0151740128	-0.1255324169	0.0446835199	0.1150284477	0.0082214423064215	-0.0001206665328509	1.4560412150281368e-08	6.759211359781727e-05	0.0187891211865292	0.0024213601836607	5.862985139017389e-06	0.000353031074962	-0.038177562995223	-0.0032397078061734	0.0014575263162542	1.0495706669381497e-05	0.000855018508745	-6.318963711799991e-05	3.9929302391045125e-09	7.310566502965237e-07	0.0001003431556827	-0.0003437281386163	1.006874889236257e-08	1.1814903327662633e-07	-0.000367042921964	0.0005676616478869	3.2223974648167093e-07	1.3472050656387098e-07
816.9558085065744	0.2558201709185823	0.0654439598488126	667416.7930526306	1052.301932731684	-1.3262699433487342	1107339.3576308377	1.7589919626302546	765.022576544372	0.6592834827512206	0.434654710628579	585259.5426225895	788.4435973131334	799.822851320331	0.954296	28.609381	0.0656207794388905	0.0315496646904677	-0.0315870078	-0.0119429972	-0.101617213	0.027885475	0.0661440321	-0.0266152959	-0.012019544	0.0100435252	0.064212272	0.0618095944	-0.0511638212	-0.1018027329	0.1156828201	-0.1468504369	0.0964332631	-0.2238709713	0.0547314357	-0.0393818947	0.0477992089	0.0512669989	0.1082605388	0.0670492455	0.0127976652	0.1725766655	-0.1146453562	0.1667809049	0.1725687686	0.0748533764	-0.0366870693	-0.0522529398	-0.0438539608	0.0161205029	0.0356540223	0.0548025588	-0.0222289774	-0.0494050881	0.0931641849	-0.1102952523	-0.0591310586	0.0133041144	-0.0933982086	0.1546282885	0.1355668821	-0.0762792895	-0.0908386964	-0.1156086599	0.1305869904	0.1282992935	-0.0320648209	0.0756142528	-0.1262071175	-0.0674693668	0.0089313914	0.0260248754	-0.0053290925	-0.0281639076	0.0408336989	-0.0137197244	-0.0161782856	-0.0434231369	-0.0547050165	-0.0796950828	0.0027889879	0.1870494779	-0.0502671268	-0.058954821	-0.2066093926	-0.0460585378	-0.1923361934	0.0131535815	0.0101376454	0.1442750272	-0.0314104722	0.1277931113	0.0520202079	0.0807138229	-0.0137597689	0.0348403326	-0.0895276423	0.0995836832	0.0168910067	0.0096451276	-0.022825528	0.026420862	0.0356987536	-0.0321653974	-0.0359628811	-0.0176665186	0.0060667108	0.1386472581	-0.1605815668	0.0963134246	-0.0651703658	0.1250312044	0.0598922027	0.1603650556	0.0305831666	0.0857060482	0.0192568326	0.0569541124	-0.0597380479	0.0555545386	-0.0664436502	-0.0325122931	0.1222423411	0.0523726288	0.1003060166	0.0880143414	0.0728348307	-0.1952986271	0.015632113	0.1267150429	0.0666773827	-0.0862361701	0.0694184991	0.0078020031	0.1024069856	0.0307091084	-0.0899865568	-0.2426839848	-0.0008303295	-0.0185248178	-0.1237830955	0.0540487397	0.1082719048	0.0124737987083278	0.0042523564019063	1.8082534968833495e-05	0.0001555956542158	0.0397032349007844	0.0209141137142552	0.0004374001524527	0.0015763468615868	-0.052434458364587	-0.014256895369364	0.0027493724239876	0.0002032590655729	0.0007975375355857	-5.748097315930005e-05	3.3040622753401732e-09	6.360661206681117e-07	0.0003909234685575	0.0002905803128748	1.528211582690267e-07	8.443691823041666e-08	-0.0001911559289308	0.0001758869930331	3.0936234318260945e-08	3.654058916539706e-08
818.8214619010217	1.8656533944473492	3.480662588212917	670468.5864697264	1065.2479943045737	12.946061572889676	1134753.289369917	167.6005102490507	765.064768084656	0.0421915402839658	0.0017801260715335	585324.0993644284	789.9455266426705	805.8476135953982	1.042341	31.24892	0.068796942307621	0.0335787352729815	-0.0508510456	0.1561171037	-0.0600931005	0.088737898	0.0808867996	0.0518054096	0.0006266095	-0.0962632579	-0.1046742434	0.1405928418	0.1506316024	-0.1018268246	0.1547399755	0.0070364187	-0.0100120731	-0.079169327	-0.0086847943	-0.1208643572	-0.0955651117	0.018978308	0.1066266197	0.051496665	-0.1260598118	0.0625185801	0.001514071	0.0144024704	0.0405357786	-0.0468665308	0.0050679049	0.0382474803	0.1609771185	0.0056616737	0.0453706325	0.153113396	0.0820694372	0.0446740392	0.0512011394	0.0729065608	-0.0894017411	-0.1322109029	-0.1669667876	0.0821785107	-0.0705215016	-0.1127583593	-0.0282084269	0.0538374291	-0.0137248719	-0.206171055	0.1016064293	-0.0054320342	0.0900142018	0.0369619196	0.1515211377	0.1300694208	-0.1171857939	0.0269890011	0.1300738181	-0.0519880608	-0.1458724719	-0.1063214331	-0.0332250361	-0.0649967886	0.0933180121	0.1844245198	0.0186172224	0.0461383772	-0.0239237116	-0.1079228566	-0.1113642795	0.0614261409	-0.0040977187	0.0363835381	-0.0747422256	-0.0282601111	0.0302470365	-0.1401929294	0.0185286855	0.0391541507	0.1997573925	-0.0427852338	-0.0563365261	0.0214243151	-0.1105339617	0.0828950529	-0.0080834288	0.1415334922	-0.205838435	0.1761357161	-0.0511733917	0.0640227478	0.0416245607	-0.0372656432	-0.1203251977	0.0032173007	-0.1682735118	0.0031297245	0.1458168868	0.1334532104	0.0107212288	0.0214760271	-0.0735363671	-0.1247602845	-0.1326129242	-0.0836195667	0.1401642543	-0.0236249468	-0.0731534681	0.0076137691	0.1818575825	-0.112004034	-0.1062663532	-0.05242275	0.0631767677	-0.1037983158	0.1798729328	0.0472680819	0.0703772488	0.099531088	0.0412840658	0.1457953484	-0.011840733	-0.0218629269	-0.1216944932	0.063080731	0.1003291122	0.0081929106322888	-0.004280888076039	1.832600271957289e-05	6.712378462867087e-05	0.0133264456275554	-0.026376789273229	0.0006957350123643	0.0001775941530641	-0.06579525742832	-0.0133607990637329	0.0043290159000588	0.0001785109516214	0.000934045987548	0.0001365084519622	1.863455745714356e-08	8.724419068545185e-07	0.0002348161165266	-0.0001561073520308	5.5138608580633795e-08	2.436950535809933e-08	-0.00039410944283	-0.0002029535138992	4.119012880403277e-08	1.5532225292777306e-07
818.3762415048654	-0.4452203961562873	0.1982212011535613	669739.6726596298	1068.3900367848194	3.142042480245664	1141457.2707010678	9.872430947668322	764.2543351436374	-0.8104329410185755	0.6568015518880179	584084.6887858432	789.4195436714791	811.4508078785872	1.105138	33.131538	0.0478902933157843	0.0238704785382713	-0.0803342546	-0.0489880639	0.1709488216	0.0976752084	-0.0020219166	0.0374642347	-0.1171114201	-0.0875568397	-0.0317002549	-0.1739315066	0.1074303196	0.0971480415	-0.048979638	-0.0129987495	0.0514956282	-0.0776996357	0.0028620339	0.0700372329	0.0942795849	0.1715153532	0.1799952716	0.074615312	0.025428529	0.0989501562	0.0102708096	-0.1069319602	-0.1032938811	2.2451e-06	0.0183240391	0.0070821215	0.1846223736	0.1091876726	0.0473234821	0.0189524835	0.0348609797	-0.1303487271	-0.0825756385	0.1625690219	0.1759690573	-0.0215437584	-0.1075156817	-0.0157537208	0.0335237439	0.0033603259	-0.0096763724	-0.0820479417	-0.143878205	-0.044159423	-0.0439711658	-0.0067651535	0.0542993106	0.1652656253	0.0154215218	0.0499481639	0.1908496845	-0.1203014268	-0.0512595037	0.0494054926	0.1063878866	0.0981894119	0.053661344	0.0323620455	0.1655909695	-0.118380407	-0.0838651005	0.0775704802	-0.0257749514	-0.1201051431	-0.0986187148	0.045901491	0.1351009682	-0.1360945223	-0.182632275	-0.0360226274	-0.0282468614	0.0275446749	-0.0751888754	-0.0757874979	0.1619547966	0.0340925734	0.0831833435	0.0141192285	-0.0396976184	0.0715821045	-0.0475661049	0.0364306753	-0.1386119053	0.044719642	0.1853984302	-0.0262020577	0.0094766132	0.0416110399	-0.0266212035	-0.0339311641	-0.0472749276	0.0710849948	0.0860493062	0.0421296526	0.0663552281	-0.1387620425	0.1615078001	-0.0222103433	-0.0799553478	0.0675263393	0.0803308087	0.0571847003	0.0506987629	0.0467527984	0.1277094642	0.0158156025	-0.0618019314	0.0243185563	-0.0732023356	0.014626127	0.0753732689	0.1002776973	-0.1089306435	0.0225566067	-0.079749888	-0.1086560073	0.003460145	-0.0251860523	-0.1192723348	0.0717238087	0.0912870929	0.0082078410137143	1.4930381425498627e-05	2.2291628951087446e-10	6.736865410641058e-05	0.0271765803275343	0.0138501346999789	0.0001918262312075	0.0007385665182989	-0.0658480829028818	-5.282547456179898e-05	0.0043359700219847	2.790530762679271e-09	0.0007079857519904	-0.0002260602355575	5.110323010035757e-08	5.012438250214122e-07	-5.069897258236367e-05	-0.0002855150891089	2.5703858209072635e-09	8.151886610889947e-08	-0.0005619821733598	-0.0001678727305297	2.8181253655530832e-08	3.1582396317420424e-07
820.3590874854743	1.9828459806088856	3.931678182816814	672989.0324200002	1065.9111964093509	-2.478840375468508	1136166.6786308135	6.144649607052853	765.337994876494	1.0836597328566313	1.1743184166149054	585742.2464015724	789.600546899744	816.1947886863451	1.105519	33.142952	0.0640835558324381	0.0326267605412329	-0.101300174	-0.056862857	-0.0187754305	-0.0940228495	0.1372506969	0.000836963	-0.0978063624	-0.166750645	0.0979265642	0.0375817745	-0.0298194108	0.1547782576	-0.0106070284	0.0552482814	0.0747438987	0.0545070656	0.1213168824	0.1106097877	0.0414147161	-0.0273292142	0.0680504954	-0.0218056697	-0.0139033321	0.0499963894	-0.0500904002	-0.0407511192	-0.0532330861	-0.0893737412	-0.0345060698	0.0684036051	-0.0131542479	-0.0425388522	-0.0294272364	-0.1047752566	-0.0937589381	-0.2133083842	-0.0405248579	-0.0171182271	-0.1879391325	0.1756907038	0.0657652049	0.070313145	-0.1205056743	-0.0746391466	-0.006049542	0.0340331494	0.0295388738	-0.1424227373	0.1720808182	-0.1861777779	0.0581090953	0.150806869	-0.0789915849	0.0269797899	0.145209595	0.2146553796	0.057131358	-0.028996855	0.1650806885	0.0498569097	-0.0954043931	-0.1271746806	-0.0350417201	-0.08441598	0.0696926881	0.0644045386	-0.0393208945	0.0500691575	-0.0046558369	0.1025546352	-0.0582442949	0.0226071883	-0.0367753938	0.1159776783	0.0170819378	0.0437079909	-0.04400286	-0.1547830772	-0.0669201026	0.1479868532	0.0772679963	0.0784155162	-0.034667458	0.1012263866	0.0631566	0.0559346215	-0.0546305771	-0.0159601997	-0.1513873083	-0.2054954355	-0.1082307532	0.0474552262	0.1254520478	0.1703219412	-0.1642592728	-0.2267446061	0.0585298358	-0.1777156358	0.098169944	-0.1223290007	-0.0289182162	0.0497678287	-0.0358817696	0.0214932125	-0.0878309072	-0.0340504185	-0.0294504102	0.0115521193	-0.1037351269	-0.0824023308	-0.0813187005	0.2450973696	-0.0570300592	-0.1619618429	0.0825413388	-0.0861543239	-0.3015693795	0.0677612482	-0.160127445	0.1480854024	0.1134725302	-0.0284919163	-0.1165232592	0.0799246852	0.0812449131	0.0080527607667733	-0.0001550802469409	2.4049882991281244e-08	6.484695596688331e-05	0.0106726932847891	-0.0165038870427451	0.0002723782875196	0.0001139063819511	-0.0893734204555869	-0.023525337552705	0.0079876082839311	0.0005534415069687	0.000914931356135	0.0002069456041445	4.282648307477346e-08	8.370993864390302e-07	-0.0002018122157456	-0.0001511132431632	4.0728170424148605e-08	2.28352122593114e-08	-0.0006819083458529	-0.0001199261724931	1.4382286848844777e-08	4.6499899214383836e-07
820.2615536380039	-0.0975338474704585	0.0095128514023906	672829.0163766319	1077.80291347086	11.891717061509098	1161659.120286274	141.41293467098657	767.0179685928497	1.6799737163556756	2.8223116876459	588316.5641443017	793.4657514005094	827.9199331690756	1.228086	36.817463	0.0367330395940535	0.0185467976388164	-0.1095751252	-0.048378567	-0.0703055407	0.132052847	-0.2139842302	-0.0237148145	-0.1583878911	0.0642547144	-0.1716664723	0.0136801684	-0.1672746786	0.135580388	-0.0384921361	-0.1827607556	0.1014154458	0.0305948178	0.1400919144	-0.1706983958	0.0339373005	0.080709384	0.0973534806	-0.0008517906	0.1208394765	-0.0824730283	0.008477275	0.0232266276	0.0675683372	0.067253021	-0.1129386424	0.0129410107	-0.0580388777	-0.0713857099	0.06273751	-0.1269969639	0.1257354615	-0.3700617338	-0.0307970124	0.112879734	0.0063310338	-0.0470050916	0.0978853827	-0.1415225247	-0.0761785997	0.1225771035	0.0840635784	0.0988542122	0.1039871958	0.2012377777	-0.053112075	0.1043824157	-0.0592358964	-0.1359091141	0.0085357187	0.0502539789	-0.0479140788	0.0052117402	0.0204088083	-0.0166912976	-0.0050137535	-0.0291187408	0.2410959432	-0.1727862268	-0.0362258457	-0.0976154691	-0.1125042487	0.0381119396	-0.1383607469	0.0423057944	-0.0308137974	-0.0501384995	0.0963288768	0.0568911392	-0.030543283	0.1259113907	-0.1558279481	0.0539903244	0.0344050484	-0.1269425471	0.0407457275	0.1143836982	0.0965621834	0.1487372298	0.1118351907	-0.308001044	-0.0602360634	0.1766996287	-0.0051230394	-0.0623722021	0.0416959165	-0.0072814958	0.1082890941	0.0503810703	-0.2018511083	0.0677691993	0.2488219084	0.0432785306	-0.2539153032	-0.0353004016	0.0349516329	0.1283283255	-0.015175023	0.0259256055	-0.1642388628	0.2988458726	0.0169823042	0.0189058152	0.1270082186	-0.0738161784	0.0134172301	-0.1040687846	-0.0688098898	0.0046315825	0.0989893282	-0.0654665226	-0.0646923095	-0.0388735146	0.0685847927	0.0221092707	0.055282372	-0.0840475724	0.2004478174	-0.0317782535	-0.1134548014	0.0876327994	0.0703125971	0.0049521071908458	-0.0031006535759275	9.614052597911994e-06	2.452336562962668e-05	0.0210657699705052	0.010393076685716	0.0001080160429951	0.0004437666644502	-0.0984082070403218	-0.0090347865847349	0.0096841752128908	8.162736863170576e-05	0.0010839196382593	0.0001689882821243	2.8557039495322032e-08	1.174881782204172e-06	-0.0002019320722126	-1.1985646699999922e-07	4.0776561788074714e-08	1.4365572681721902e-14	-0.0007968906622151	-0.0001149823163622	1.3220933076017051e-08	6.350347275256206e-07
813.7158657558282	-6.5456878821756845	42.8460298508616	662133.510182757	1059.8203593901474	-17.98255408071259	1123219.194177861	323.372251265753	764.5308314985612	-2.487137094288528	6.1858509257859815	584507.3923118813	789.2626689519109	784.8164103540142	1.269835	38.06908	0.0827518148981655	0.0760457968741931	0.0921573853	0.1436115129	0.0226893889	0.018691196	-0.1534527893	0.1452626414	0.1079814398	0.0785503685	-0.0838421545	0.0462868042	0.020277531	0.0151730202	-0.2586693853	-0.0337726954	0.0749141861	0.0408410948	-0.0766081811	-0.1445823818	-0.0565880291	-0.0175535521	0.0566017734	0.0112605619	-0.1544102985	-0.0882835071	-0.0177242984	0.0226402001	-0.0076325951	0.0398324778	0.0283430873	0.0336309185	0.0863537964	-0.1070184289	-0.0961069476	-0.017678074	0.0004817289	0.0041998733	0.0413865076	0.0783710346	-0.0092451434	0.0143935794	0.029153516	-0.1138230635	-0.2308429766	-0.0461518763	0.0098976201	-0.0097330953	-0.0147727311	-0.0856200135	0.126689063	-0.0477143869	-0.0433758063	-0.1187741089	0.0319673892	0.0921097366	0.0026127852	-0.0406645033	-0.0124079841	0.0780152996	-0.1189795578	-0.0687051654	0.0430260552	0.0453071846	0.1243574155	-0.1305163467	0.0480910671	0.0170592266	-0.1771575675	-0.020254578	-0.0608544604	-0.0118616036	-0.13494962	0.0425428468	0.0961217372	-0.0850011805	0.1181050559	-0.0962002478	-0.0709018785	-0.0425988563	0.1921093749	0.0504129062	0.0942065617	0.0218266343	0.0934359944	-0.1021899672	-0.0293980062	-0.0375660987	0.0461194939	0.1284671504	0.004770533	0.0496564875	0.0575516584	0.0055239633	-0.0589012133	-0.0129799629	0.0812822175	-0.251086035	0.0955755153	0.1355877316	-0.0536538001	-0.0207395079	-0.0623294019	-0.0959956924	-0.1286374668	0.2508793159	-0.0376169398	-0.0853427159	-0.012758458	0.1206539877	0.1612906361	0.0991585837	0.1700816901	0.0561274184	0.0048243547	-0.1357490682	-0.0345934351	-0.0219729064	0.13636375	-0.0510415802	-0.0349963027	0.0352917394	-0.1608954863	-0.0350428114	-0.1100753719	0.0948006283	0.0586099215	0.0080980032230968	0.0031458960322509	9.89666184573258e-06	6.557765620128615e-05	0.021854411284309	0.0007886413138038	6.219551218381869e-07	0.0004776152925837	-0.022142149181711	0.0762660578586107	0.0004902747703851	0.0058165115812929	0.0011349195833414	5.099994508209996e-05	2.6009943983772117e-09	1.288042460651817e-06	-0.000201951894083	-1.9821870399997898e-08	4.0784567523711255e-08	3.929065461543128e-16	-0.0007968860352976	4.626917499963787e-09	2.140836555147114e-17	6.350273532523278e-07
813.185953876965	-0.5299118788632313	0.2808065993603599	661271.3955827894	1050.090127708268	-9.730231681879332	1102689.2763103666	94.67740858304828	762.4611012151471	-2.06973028341406	4.283783446081245	581346.9308662148	786.6764559441643	773.5490429258525	1.151223	34.513145	0.0659490155965442	0.0518486748923253	0.1460518345	-0.0942148172	0.1369869103	-0.0966443581	-0.1232573044	-0.0063670597	0.0730642614	0.141399963	0.1204852612	-0.1413995232	0.120219288	0.1734193203	-0.0963175588	-0.0185591141	-0.0836484984	0.0973881462	-0.1135898509	0.0394207282	0.230441852	0.1813703274	0.1151567992	-0.0462248743	-0.1437617663	0.001439611	0.0589398797	0.0712326897	0.0907923026	0.083968687	0.0983693786	0.1163115459	-0.0398975224	0.0941188108	0.0301694816	-0.0662040759	-0.0879427619	0.0318335345	-0.0003954459	-0.0486670592	0.0719541355	0.0878656077	0.0268922039	-0.2046838204	-0.0431396848	-0.0647092456	-0.2216065422	-0.0907412557	0.0611733719	-0.0416194679	-0.0659571265	0.0892487293	-0.1944033269	-0.0709642278	0.0404410665	-0.0196782697	-0.0372384495	0.0840485517	0.1484773383	0.0338980003	0.0677013152	0.043273826	0.0254401941	0.1689557984	0.0847786576	-0.1111543346	-0.0385094918	0.1696878552	-0.0845422611	0.0880547305	-0.2171583649	-0.1129089883	0.180908634	-0.0573449464	-0.0102573598	0.0802090051	0.0923021595	0.0460637723	0.0035139739	0.0946050052	-0.0446166961	0.0030861144	-0.082630468	-0.035890744	0.1084030453	-0.1033703866	0.1600714573	-0.142219943	0.0024749201	-0.1247830057	0.0481664072	0.1193630842	-0.1277998683	0.1093776024	0.0382398331	-0.0298026656	-0.0512245899	-0.0365550472	0.0366143651	-0.1497660685	-0.1264469535	-0.1642197974	0.0681190331	0.0363875301	-0.1058779854	0.0679730479	-0.0637941317	-0.1339646652	-0.0042067978	0.0324944323	-0.0121818656	0.0610217861	0.0683431616	-0.1846654593	0.0483529769	-0.1197743299	-0.0120220382	0.0106554684	-0.1233805653	0.0013414486	-0.1845739965	-0.0859540456	0.0653615739	-0.0382833527	-0.1063942335	0.1013839798	0.0462651033	0.008130863921778	3.2860698681200576e-05	1.079825517816657e-09	6.611094811447112e-05	0.0239486622582205	0.0020942509739114	4.385887141729262e-06	0.0005735384239583	-0.0709650163834325	-0.0488228672017215	0.0050360335503008	0.0023836723617969	0.0013519531263914	0.00021703354305	4.710355880883624e-08	1.827777255959481e-06	-0.0001190383881544	8.291350592860001e-05	1.41701378543976e-08	6.874649465371989e-09	-0.0007969197207636	-3.3685466000019267e-08	1.134710619638454e-15	6.350810413419343e-07
812.7094455814008	-0.4765082955641446	0.2270601557414462	660496.6429372279	1048.3633713548202	-1.726756353447854	1099065.7583984446	2.9816875041725304	761.7804933719065	-0.6806078432406366	0.4632270362806709	580309.5200819452	786.2112682033229	761.5117523071917	1.135668	34.046818	0.0833592589730073	0.0407036495078734	0.1780877402	0.0802042681	-0.0504789737	-0.1827797609	-0.0132868717	-0.0192275271	0.202338429	0.0741688956	0.0613252496	0.0062520578	-0.1653782309	0.0231296152	0.0298317446	-0.0146599799	0.0621901522	0.2416924067	-0.1770900912	0.1813366093	-0.2317249098	-0.0197539897	0.0863403731	-0.1069557166	0.0199066147	-0.035720666	0.1785707682	-0.0421255871	0.067311205	0.1629297987	0.0241709648	0.0032563734	-0.0592031718	-0.0299901537	-0.0493218847	0.1417515793	0.0253089178	-0.0862594637	-0.0749425758	-0.1072538392	-0.0505696829	0.0282556743	-0.0638214962	0.0426872941	-0.087453284	0.0351999386	-0.0571147347	0.0820101502	0.060555251	-0.1098896241	-0.2084207872	0.1137021193	0.014875126	0.0456841649	-0.1487141619	0.0753973411	-0.0663910542	-0.0459149651	-0.0061274277	0.0361227376	-0.0768729852	0.0290209589	-0.0792850559	0.1184825893	-0.2950321406	-0.1231772386	-0.0575144021	0.0406689047	0.1926826664	-0.1331765876	-0.04178731	0.0755325781	0.0085209565	0.0940067355	0.1159255683	-0.0945436907	0.010772919	0.0170854584	0.1353582067	-0.0387631622	0.0741713856	0.0744836995	0.0341974847	-0.0043829578	0.0816022564	-0.1027755047	0.0423445413	0.134296925	0.1166702877	-0.1003136974	0.1367824606	-0.0209438619	0.0276309471	0.0758212122	0.0928660574	-0.0696332965	-0.0943684519	0.045859772	0.1163310236	-0.0594451474	-0.1582201293	0.0739828906	-0.1152055555	0.0372666585	0.0922657601	-0.0398985957	0.0673868446	-0.2218455582	-0.010408198	0.0943334187	0.0447148855	0.1683865846	0.1013321566	-0.0285619673	0.0316257339	-0.0820712438	0.1128029209	-0.07063461	-0.0199463788	-0.0833474105	0.1440408183	-0.0555917564	-0.0049066051	-0.0414976565	-0.1024214758	0.1073422654	0.033413395	-0.0076967717413793	-0.0158276356631573	0.0002505140506856	5.924029523889494e-05	0.0149376163944197	-0.0090110458638007	8.119894755952148e-05	0.0002231323835468	-0.040545641544547	0.0304193748388855	0.0016439490482588	0.0009253383655886	0.0011450320388739	-0.0002069210875175	4.2816336459424926e-08	1.3110983700477204e-06	6.594632668277534e-05	0.0001849847148371	4.348918002951326e-09	3.4219344723391085e-08	-0.0009670379705522	-0.0001701182497886	2.89402189111365e-08	9.351624364897176e-07
818.0994518433388	5.39000626193797	29.052167503730523	669286.7131063713	1050.9081379131678	2.5447665583476464	1104407.9143321218	6.475836836484525	765.3830147930158	3.602521421109373	12.978160589551893	585811.159333646	787.6923113931192	777.1569406673702	1.180213	35.382256	0.045046958546437	0.0236548218194842	0.0606983297	0.0987431891	0.1975826135	-0.0291477668	-0.1421493129	-0.218338576	0.1369457949	-0.1369171071	-0.0109957717	-0.1618315392	-0.0330189266	0.0218195408	-0.0441630425	-0.0538731618	-0.2559187854	-0.008296072	0.0933135008	0.0957481993	-0.1016423602	-0.0067303994	-0.2460944408	-0.0093678254	0.0267171029	-0.0359263738	-0.0128736669	0.1521163241	-0.0135430839	0.027736749	-0.0277527643	0.0144756831	-0.008117075	0.0657967964	-0.0855109307	0.0926957326	-0.0689397256	-0.1163905914	0.0592367604	-0.0741652862	0.0532112013	0.015992876	0.0516533385	-0.0482626119	0.0019439693	0.0386335828	0.0400947741	0.0899853197	-0.2850606755	0.0003491731	-0.1126500244	-0.3077196311	-0.14236262	-0.0505742053	0.2397614259	0.010683934	0.0023083248	0.0113214106	-0.0130236245	-0.1697382568	-0.1124652654	0.2055877119	-0.0449037503	-0.0623121508	0.037390506	-0.1088330406	-0.0716129642	-0.157826619	0.0773098758	0.1441122255	-0.0539260898	-0.0625316062	-0.2010276256	0.0035657822	0.0708732574	0.0097836495	-0.0872476155	0.2349114889	0.0921892282	0.0079564749	-0.0986417763	0.0212048366	0.0497700097	-0.1350454238	0.0660521854	0.0888246804	-0.07213537	0.036248461	0.1186288884	-0.0434182202	0.0119584058	-0.0301468185	0.1086910416	-0.1091807049	-0.0390713481	0.0163386191	-0.0193024895	-0.0550970183	0.024768012	-0.0300932946	-0.1304061615	0.0758436254	0.1013289388	-0.1232999759	0.0855898059	0.1795776682	0.198748609	-0.1805537856	0.0566911701	-0.0632403682	-0.1234777091	-0.1445473401	0.0591681729	0.0927805487	0.0268713156	0.0243734913	-0.0376635181	-0.0059146552	-0.0082141269	0.0696356098	0.017185415	-0.0423931374	-0.1467950435	-0.0446835199	-0.098167988	0.1126387502	0.0201956026	0.0025662145573619	0.0102629862987412	0.0001053288877681	6.585457154416132e-06	0.0305518676171629	0.0156142512227432	0.0002438048412469	0.0009334166148966	-0.0378790774373101	0.0026665641072368	0.0014348245075017	7.110564138004105e-06	0.0011449626132063	-6.94256676000201e-08	4.819923321708481e-15	1.3109393856401994e-06	-9.39562286630391e-05	-0.0001599025553458	8.82777290458129e-09	2.5568827206121252e-08	-0.0007969468132113	0.0001700911573409	2.89310018055668e-08	6.351242230876468e-07
820.5374658007564	2.4380139574176383	5.943912056563214	673281.7327827276	1065.2131033570226	14.304965443854826	1134678.9555634991	204.6320363498807	765.6883864545347	0.3053716615188477	0.0932518516587817	586278.7051513488	789.5471891083588	821.1047876265166	1.20448	36.109764	0.0599351510424524	0.0392896661421894	-0.0648817716	-0.1253143337	-0.0502101962	-0.1935806957	-0.0385785867	0.0295579842	-0.1023414236	-0.0259526353	0.1141331624	-0.0417061997	-0.059427168	-0.1403091198	-0.0229637703	0.0175714408	0.0782760627	0.0226477515	0.0946389739	0.0513399456	0.0457907834	-0.0384978297	-0.118771202	-0.1138624585	-0.0039380058	0.197998657	0.0355394169	-0.1188457893	0.0899248736	-0.047104385	0.095565278	-0.1111213338	-0.0387244781	-0.1009024777	0.1016493016	0.0074136841	-0.0510144682	-0.019171701	-0.0602183704	0.0288082271	0.0324356119	-0.0870553097	0.2966836972	0.1847865137	0.0049276531	0.0520756803	-0.0700078517	0.0955011442	-0.1308169346	-0.0509210974	-0.1381305632	0.0871832203	-0.013363063	0.1372216547	0.0037633695	0.0562184982	-0.0154912018	-0.0940756295	-0.0264641834	0.0289736021	0.1560829768	0.0561662557	-0.0155807718	-0.0728649646	-0.1422116598	0.1264837663	-0.0413883254	-0.0434375169	-0.0835992153	-0.0272347249	0.0375735861	0.0823582406	-0.0068417344	-0.0136281778	0.0655101903	-0.0111965093	0.051797448	-0.0614386805	0.0424392683	0.0140437492	-0.0860691152	-0.0743659039	-0.076637165	-0.2460134414	0.0254927129	0.0350860221	-0.0029847515	-0.0330917002	0.0002266684	0.0253486661	0.1931243457	-0.2216182728	0.0529052034	-0.0211847847	0.0217873871	-0.1195029341	-0.076544854	0.1372687724	-0.0511347115	0.0423163422	0.1048840361	0.0764992772	-0.0147213857	0.155980484	-0.0756101474	-0.0116494548	0.0543903121	-0.1867875888	-0.0204958696	-0.0752050508	-0.0054092463	-0.058393849	0.0037026638	0.1425864	0.0250397872	0.2077097043	-0.0850851814	-0.0290870344	0.074526252	-0.0028764159	0.0517994352	-0.0986749189	0.0012119386	-0.0478387595	-0.0936454286	0.1172407796	0.0067565429	0.0081130613357629	0.0055468467784009	3.0767509183057546e-05	6.582176423785089e-05	0.0304326232555638	-0.000119244361599	1.4219217773176648e-08	0.000926144558215	-0.0768728281404094	-0.0389937507030992	0.0059094317063049	0.0015205125938954	0.0009474197009167	-0.0001975429122895	3.9023202195856586e-08	8.976040896850894e-07	-0.0002018775802579	-0.0001079213515948	4.075455741078485e-08	1.1647018130061584e-08	-0.0007969048931087	4.1920102600008335e-08	1.757295001995225e-15	6.350574086605887e-07
820.246197225772	-0.2912685749844286	0.0848373827734597	672803.8240633401	1058.660105795756	-6.552997561266693	1120761.2196034812	42.94177703796723	766.0365298705243	0.3481434159896253	0.1212038380969252	586811.9650960746	789.6626471524626	813.5689342513067	1.070678	32.09845	0.0438242598186191	0.0307595762669852	-0.0540165225	0.1071942249	0.0168697045	0.0327099197	-0.0714977225	-0.005305475	0.0158740526	-0.0998833843	-0.0499869765	0.0152208698	0.0998737073	-0.0897778221	0.149008459	-0.0663716304	-0.0138656283	0.0703679228	0.0772985304	-0.0015363536	0.023038929	0.0927833213	-0.1389876226	0.0399943147	0.1323780239	0.0370909375	0.0197546786	0.103793645	-0.0586550067	5.53031e-05	-0.0393785032	0.0438160118	-0.0017552745	-0.0507378497	0.046000068	0.0273834465	-0.0132550966	0.1295484196	0.0124311195	-0.1976715657	-0.1039063684	-0.0093419916	-0.0735133145	-0.0564618753	0.0432126273	0.0761507294	-0.0914481957	-0.1356372685	-0.2632593523	0.0149469892	0.0468210273	0.0102259357	0.0628017201	-0.0711607721	-0.2044878397	0.1160896621	0.0643795011	-0.0411984945	-0.0632478984	0.2759914437	-0.0385872216	-0.0012258073	-0.0292070046	-0.0469900246	0.0953188395	0.1651569913	-0.1247761095	0.0491740688	0.0381449854	-0.0613238007	0.0690104016	-0.0175784357	0.0410893488	-0.0291458585	0.0766942509	-0.0931999721	-0.1499183682	0.0956663934	0.0056572076	0.0266387829	-0.1047731328	-0.0536622911	-0.0584103919	0.1556310497	-0.1790529976	0.1043092376	0.1803892678	0.051402101	0.128005964	-0.0876568145	-0.0377732452	0.1431650648	-0.0069150621	-0.1643232657	0.1510104427	0.0265134332	0.0427226582	-0.0876496554	0.0415437081	0.1113826512	0.0540564888	0.0647933979	0.0051404426	-0.1200624419	-0.0480478913	-0.0083088098	0.1152420849	-0.0637033331	0.0400768462	0.0029741622	-0.003224846	-0.0145816851	-0.3076765878	-0.0387184505	0.0226458213	0.0065969303	0.0146067086	-0.0334643424	0.0402814994	-0.0121129402	0.021098954	-0.0058423405	-0.1417690986	-0.0509612127	-0.0888661936	0.1211199807	-0.0067565429	0.0081417589300372	2.8697594274301047e-05	8.235519171323961e-10	6.62882384748405e-05	0.0304881544566626	5.553120109879836e-05	3.083714295475184e-09	0.0009295275621733	-0.0954444116589954	-0.018571583518586	0.0091096357169317	0.0003449037143878	0.0010085958341433	6.117613322659992e-05	3.742519276558702e-09	1.017265556651219e-06	0.0002400980272876	0.0004419756075454	5.764706270739712e-08	1.953424376652138e-07	-0.0007971221024298	-2.1720932110000547e-07	4.7179889172725256e-14	6.354036461821046e-07
820.8371587610776	0.5909615353056097	0.3492355362107633	673773.6412029585	1070.952557139153	12.292451343397031	1146939.3796428908	151.10436002978352	765.4715493794691	-0.5649804910551666	0.3192029552729371	585946.6929094051	790.4744129572688	827.3401372245188	1.040544	31.19504	0.078302823897348	0.0385418232449031	-0.1122513197	-0.1060154966	0.0361953536	0.0189580769	0.0025049123	-0.0037070021	-0.1200938061	-0.0222010437	0.0138609121	-0.0917327541	0.0663707331	0.0002273693	-0.0689622746	0.0591688282	0.0736116492	-0.1017909172	0.0225983167	-0.0623602649	0.1458838476	0.1041165631	-0.0187542446	0.0338852703	-0.0333976959	0.0489544575	0.0915693602	0.1361067704	0.0792502572	-0.0347590731	-0.0675087445	-0.0508961597	-0.1007859085	0.0516508696	0.127193772	0.156341317	0.1576748915	0.1570829138	-0.057306044	0.0400024472	-0.0040080613	-0.036383963	0.1591468075	-0.0411142837	0.0929298006	0.0126013133	0.201098347	0.1002761192	0.1266480003	0.0591331704	-0.0935938725	-0.1773423308	0.0675744886	0.0155776196	0.0574575442	0.0547360449	-0.1015622174	-0.0972373567	0.0210231911	0.0792134496	0.1196006176	0.01903888	0.0392067901	0.0357362548	0.0529541694	0.0232252656	-0.0408121064	0.0020831998	-0.0494707813	-0.0472701112	-0.0242142066	0.0138435459	-0.0156774071	0.1327264129	-0.102783498	0.1086364988	-0.0665384284	-0.080739337	0.1337641853	-0.0600287827	-0.1418944931	-0.2550422266	-0.0244175398	-0.1181491695	0.0232927972	0.0426594714	0.0048377387	0.1666893871	0.1491027905	0.1303683544	-0.061768486	0.0788305532	0.1088371795	-0.1414579557	-0.0695394642	-0.2646492309	0.0970473046	0.0175137395	-0.0258417572	0.0561809648	0.1135853384	-0.0729432218	0.094983288	0.0680306857	-0.0515134838	0.0024290519	0.0476960648	-0.0617882218	-0.0350932293	0.0028879967	0.1023261326	-0.0045199101	-0.1104868112	-0.0305925699	-0.0985982241	0.2265032524	0.0244570508	0.0154235965	-0.0421149302	-0.0795184771	-0.0039296834	-0.0995897188	-0.0696569602	-0.0540487397	-0.0838433825	0.1242524367	-0.0201956026	0.0082685019346655	0.0001267430046282	1.606378922220923e-08	6.836812424356713e-05	0.0483028050401657	0.0178146505835031	0.0003173617754123	0.0023331609747482	-0.0778178624296188	0.0176265492293766	0.006055619713115	0.0003106952377356	0.0007419344784585	-0.0002666613556847	7.110827861565538e-08	5.504667703254864e-07	-0.0002017416195203	-0.0004418396468078	4.069968104667348e-08	1.9522227349132978e-07	-0.0006509254833257	0.0001461966191041	2.1373451437469307e-08	4.237039848427962e-07
820.3299810987085	-0.5071776623691449	0.2572291812062303	672941.2778894074	1059.8459348469755	-11.106622292177462	1123273.4056116594	123.35705874109335	764.2221540533427	-1.2493953261264323	1.5609886809465745	584035.500745931	787.9632532068201	823.0765906844692	1.047147	31.393005	0.0749996653596841	0.0403604730394961	-0.116330232	-0.0239732869	-0.0651387692	-0.0445313051	0.153107577	-0.0019347114	-0.1128699608	0.0171745955	0.1218645096	0.1360644091	0.1127365092	0.0721958839	0.1471187361	0.0118561525	0.1069846541	0.0311903568	0.0204423617	0.1230955559	0.0719468578	0.0302680959	0.0788974957	-0.0103848559	0.0385184886	-0.1291779363	-0.2460046504	-0.0783134859	0.0865981009	0.0099202048	-0.0675244896	0.0061373471	-0.0287644089	-0.0424625175	0.0377230943	0.0634945141	0.0013390523	0.1350201939	-0.1574210491	0.0554623501	0.134420861	0.0267268638	0.0657972723	0.0096974696	-0.0388846018	-0.0095544394	-0.1400941943	0.1232500276	0.129234763	-0.0604633113	0.046026778	-0.1062654447	0.0718833436	0.1234120317	-0.0518958397	0.0234927526	0.008779997	0.0702746504	0.1941911135	-0.0351808608	0.1372620753	-0.0782725441	-0.1441732303	0.0027755955	0.028324565	0.0564971584	0.0681676015	0.1331501923	0.0388620217	-0.0218019761	0.0497294423	-0.1245795458	0.0048746804	-0.0215431638	-0.0841476421	0.0913565035	0.170451766	0.019016901	-0.0605138828	0.0296957093	0.1413435905	-0.1677450733	0.0622786389	-3.5412e-06	-0.2456977365	-0.1749476224	0.0080373165	0.0380139541	0.1517508271	-0.095472435	-0.0241975231	-0.0920572356	0.0788081739	0.0166302162	0.0249540427	0.1287743119	0.0103171979	0.0625573997	-0.0667521039	-0.0730914568	0.1336728237	-0.1540752939	-0.077973176	0.0324553476	-0.0436745671	-0.0314552222	-0.055186936	-0.0201042769	-0.1776052835	-0.1265005948	0.0514840951	0.1064941674	0.0553170532	-0.017807579	0.0490420945	0.0874777685	0.145087495	0.0043931091	-0.1778039744	0.1336150152	0.0080003087	-0.1474419576	-0.0942668109	-0.0570992244	-0.0785907625	0.1266188352	-0.033413395	0.0081334054915487	-0.0001350964431167	1.8251048942810693e-08	6.615228488995456e-05	0.0304730482355495	-0.0178297568046162	0.0003179002277117	0.0009286066687661	-0.1088545453130862	-0.0310366828834674	0.0118493120353187	0.0009632756844089	0.0009579831341916	0.0002160486557331	4.6677021644079577e-08	9.177316853955612e-07	-4.388175700542618e-05	0.0001578598625148	1.925608597883269e-09	2.4919736193214865e-08	-0.0007969795496474	-0.0001460540663217	2.1331790289103556e-08	6.351764025561726e-07
819.1881147543475	-1.1418663443610058	1.3038587483843669	671069.1673547819	1062.692691218244	2.846756371268384	1129315.755968674	8.104021837357138	764.5706280933266	0.3484740399838983	0.1214341565426996	584568.2453430239	790.0560299352697	820.979291773021	1.127829	33.811825	0.0178275233538417	0.0106742666822358	-0.0839797303	-0.0083403287	-0.0177836752	0.026558533	0.1203481198	0.0435619252	0.0247548881	-0.0224575111	-0.0304085442	0.0831191516	-0.2601584727	0.0314364492	0.050089404	0.1497877577	-0.0059498374	0.0692304841	-0.040061713	0.0364829797	-0.067333929	-0.0088359781	-0.039655094	-0.0285966274	-0.0983358469	-0.0372620564	-0.1290286864	0.0245871437	-0.0921180509	0.0716261314	0.0576052161	0.0616613881	-0.0742929515	0.1287633371	0.1138736729	-0.0916054889	-0.0387178109	0.0659878408	0.0203469618	-0.178169326	-0.128726316	-0.1509393884	0.0534334594	-0.0860566281	0.1844540489	0.0392190928	0.1516486152	-0.0624948716	0.0884475528	-0.0658191546	0.0571347124	0.0857557494	0.2329364364	-0.0208033415	0.09404558	-0.028114464	-0.0281936999	0.0188672585	-0.110578359	0.022493293	-0.0568175151	0.0501165903	0.0445692363	-0.0360630115	-0.1861556362	-0.0125878846	0.1561612976	0.0888272867	0.0066980352	-0.0795645486	-0.0177959007	0.0017072041	-0.0280362487	-0.1775615065	-0.069653242	0.0593677983	0.010405696	-0.0138872102	0.0335972931	0.1452735254	-0.0629438668	-0.1229113987	-0.1813186183	0.0632564324	0.1163958264	-0.0052975721	-0.1361931192	-0.0035757492	0.1103931503	0.1084484369	-0.2688331683	0.0292583639	-0.1159573096	-0.0589192531	-0.0854211301	-0.0307630509	0.1501324524	0.0819140556	-0.0198705599	-0.1063110025	0.02969892	0.1336588571	-0.0247119461	0.0772717592	-0.0561861055	-0.0602466551	-0.04402341	-0.0435885515	-0.1239922287	-0.1727300717	0.0235237158	0.2125583711	-0.0207259297	0.0554949357	0.2415992021	0.0875838987	0.0610907574	0.1703423155	-0.0354495983	0.0008838863	0.1221943453	-0.1268472583	0.0695059502	-0.0601105761	-0.0731227308	0.1282045865	-0.0462651033	0.0081092777295879	-2.412776196080053e-05	5.821488972370531e-10	6.57603852955903e-05	0.0305011847842848	2.8136548735301772e-05	7.916653747340118e-10	0.000930322273245	-0.1148764959123482	-0.0060219505992619	0.0131966093130997	3.626388901995195e-05	0.001077936781662	0.0001199536474703	1.4388877541452977e-08	1.16194770525983e-06	-0.000158929662821	-0.0001150479058155	2.5258637724396753e-08	1.3236020632549144e-08	-0.0007969149340557	6.461559170004278e-08	4.175174690746636e-15	6.350734121210006e-07
818.823322129393	-0.3647926249544753	0.1330736592211764	670471.6328630156	1058.5206105587256	-4.172080659518315	1120465.8829776172	17.406257029526778	766.1525359549792	1.581907861652553	2.5024324827581528	586989.7083502456	789.601792668523	807.9782589973136	1.027995	30.818829	0.0806632563916892	0.0444550637803338	-0.0358692948	-0.0364818867	-0.0443517932	-0.0231103307	0.1317230462	0.1120091808	-0.0204116506	0.0132207526	0.061666796	0.065736753	-0.0603483671	-0.1246250071	-0.0203865669	0.0053791283	0.0679254189	0.094807875	0.0209155918	0.0821348748	0.0361032678	-0.0151914734	0.1635538771	-0.1086761543	-0.0094153352	0.0711643657	-0.0454097359	0.0189260903	-0.1608132868	-0.1309077249	0.0734338697	0.1545292349	-0.0117785966	-0.0599624388	-0.059384774	0.0639526905	-0.0213891752	0.1141680559	0.1319330717	0.1476399806	-0.0998921362	-0.0348445269	-0.076722041	0.0170716272	0.0427359476	0.1270020254	-5.94402e-05	-0.0028799566	-0.0802102517	0.0227193453	0.0633091048	0.0490457213	-0.029437679	0.0987049514	-0.1246280417	0.2236583423	-0.2021544599	-0.0909571088	-0.0798875263	0.0001340847	0.0468416697	-0.0162518627	-0.092249113	-0.0109441339	-0.0138789485	0.0901603722	0.0297674527	0.1114185644	-0.0525254619	-0.1324499524	0.0579556852	0.0487983427	0.0538058232	-0.123974719	0.0007566905	-0.0346634613	0.012000474	-0.12019167	0.012362942	0.1198372426	0.1788994737	0.0878116521	-0.0103331197	-0.076501703	0.1147174846	0.0463556639	0.0831922667	-0.0321545863	-0.1456391821	-0.084144966	-0.0106082165	0.1764036295	0.1077327467	-0.1304872727	-0.0699864893	0.0573837359	0.0065370827	-0.0564863101	-0.019473254	0.1063180733	0.053199149	0.0693684812	-0.0293287449	0.0516426798	-0.0574279791	-0.0381185987	-0.0087977487	-0.0688591564	-0.1598243429	0.0015827258	0.0850135636	0.0211187317	-0.068606864	-0.0280062779	0.2839779537	0.1187035646	0.0525234296	0.2240474896	-0.0082320651	-0.0388410637	-0.0790275895	0.0187699486	-0.0658420618	-0.063080731	-0.0674542747	0.1289999139	-0.0586099215	0.0081152915349633	6.013805375399209e-06	3.616585509318042e-11	6.585795669744699e-05	0.0304190045499126	-8.218023437219987e-05	6.753590921469702e-09	0.0009253158378076	-0.0843289167051466	0.0305475792072016	0.0071113661926635	0.0009331545954202	0.0009320233661569	-0.000145913415505	2.1290724824363943e-08	8.686675550624388e-07	0.0001728719005158	0.0003318015633368	2.9884693987944664e-08	1.100922774327445e-07	-0.0002740802500028	0.0005228346840529	2.7335610684869585e-07	7.511998344159735e-08
818.8165064917688	-0.0068156376241859	4.645291622421857e-05	670460.4713033849	1063.5794182102177	5.0588076514920886	1131201.178840385	25.5915348547949	766.0930562827278	-0.0594796722513137	0.0035378314111237	586898.5708846108	790.9291103466137	813.2042507678829	1.063279	31.876637	0.0863836545118722	0.0534964805728285	-0.0205730084	0.0588847716	-0.0161243491	-0.0422800002	0.0330600951	0.1821796608	0.0542499226	-0.062996374	-0.0398423956	0.0586034221	-0.0472406821	0.0551482704	-0.1136695314	0.2188365768	0.0556375149	0.0272504585	0.0106096534	-0.0400365841	-0.0587403374	0.0626876354	0.2230426295	-0.1384921476	0.0852275775	-0.1219437829	0.0080036358	-0.1663112584	-0.0977194877	0.0068660658	0.0425680444	0.045304523	-0.0751604805	-0.044442001	0.0425523354	0.1490803346	-0.0336887868	0.1249589552	-0.0524792338	-0.0118396351	0.0384731979	0.1754036053	-0.0313834324	0.080520848	0.0295946527	-0.0029266811	0.2023110654	-0.1054600412	-0.1017199712	0.0003735741	0.0617644809	0.0014253806	-0.1103945068	-0.0070956215	0.0273231129	-0.0535323695	-0.1119205437	0.089761255	-0.1015506782	0.0209586223	-0.0267380145	-0.0192920731	-0.0227594118	-0.0084443059	-0.0441200377	-0.0474655105	0.2049075837	0.0829895825	0.0039199203	-0.1629444888	0.0981942042	-0.1360188074	0.0930556832	-0.1069245566	-0.0551620395	-0.1909595271	-0.0360611453	0.04265615	0.005877688	-0.0893310208	0.0872677531	0.1448740398	-0.0427621354	-0.1099870371	0.005936169	0.0978703972	0.0813409929	0.0428386729	0.0426554479	-0.0676887079	-0.1133051035	0.0769092458	-0.0105985959	0.0213688994	-0.2190908031	-0.1459293289	-0.1488106447	0.0062465632	-0.1231671988	-0.1147214707	0.0519184161	0.0152194575	-0.0551044454	-0.0773639911	-0.1116285596	-0.2345143353	-0.1465864182	0.0418488879	0.0373934417	0.0832723385	-0.07795824	0.053554357	-0.0161583519	-0.0497299939	0.0254413512	-0.1111777872	0.0607900998	0.2184567318	-0.0178190689	-0.0643661507	-0.0990501602	0.0126371782	0.0536229005	-0.0660076536	-0.0616009311	0.1289999139	-0.0703125971	0.0023493223090298	-0.0057659692259334	3.324640111441216e-05	5.519315311705112e-06	0.0196393054806236	-0.010779699069289	0.0001162019120244	0.0003857023197612	-0.1335973350358514	-0.0492684183307047	0.0178482479286815	0.0024273770448093	0.0008820753462724	-4.9948019884499934e-05	2.4948046903824008e-09	7.780569165015745e-07	0.0002852693398796	0.0001123974393637	8.137859627534274e-08	1.2633184375539094e-08	-0.0005231261484734	-0.0002490458984706	6.20238595450284e-08	2.7366096721661374e-07
818.0675267200431	-0.7489797717256579	0.5609706984542185	669234.4782738485	1059.6830867572423	-3.896331452975346	1122928.2443593573	15.181398791444972	766.0753669612035	-0.017689321524358	0.0003129120959921	586871.4678647426	790.3033826095993	789.3268067077751	1.052157	31.543198	0.1326850656329365	0.075844202070454	0.0323538742	0.0618519982	0.0639328515	0.0882428856	-0.0568831034	-0.0654463712	0.0538356718	-0.0212485837	-0.1160181776	-0.0108204326	-0.0518143462	-0.0498180219	0.0317434763	-0.0400002149	-0.0592228218	0.0754181664	-0.0035640474	-0.0569395263	-0.2121677749	-0.0078886029	-0.0336411796	0.0341915732	-0.0432124703	-0.0016876435	0.1197036074	0.0945405608	-0.0814153079	-0.0307798603	-0.2241973689	-0.0827108632	0.1168699126	-0.0130858412	-0.0311996527	0.1336884862	-0.077086942	0.0387510591	-0.134405097	-0.0817375025	0.1043269259	0.0144158372	-0.0387386666	-0.056838036	0.1062943785	-0.1327040239	0.0992639689	-0.0118276227	0.0244685922	-0.0960779807	0.1060492745	0.093603117	0.1195905026	-0.10957699	0.0029398438	0.0971713724	0.1055382885	0.0369502396	-0.0776438106	-0.080179519	-0.1284657514	0.0282267611	0.0404551349	-0.0137791045	-0.0046905372	-0.0319100105	-0.04553562	-0.0436125938	0.1371054303	-0.1093295624	-0.0865330144	-0.0325586513	-0.1354060644	0.0100877975	0.0405191373	-0.1518527525	-0.1004418263	-0.0323239207	0.0755359396	0.0112832916	0.0904066751	-0.1289610736	0.1902626546	0.0436102129	-0.0787183672	0.1593486371	-0.1920637878	0.05670285	0.0472677963	0.0425885959	-0.0520008787	-0.020977993	-0.1934945042	0.0400823801	0.0051486429	0.0583928804	-0.0371239531	-0.0514718448	-0.0941585758	-0.0410554148	-0.069309528	0.1129346506	0.0310577514	-0.0840276124	0.117126401	-0.0033837397	0.1314736655	0.0822321276	0.0506592876	-0.0149957921	0.0664154731	0.0388898785	-0.1057545552	0.1669576611	-0.0854098659	0.0177815052	0.0221426709	-0.0612130763	-0.1754442868	-0.2410700229	0.1511937827	0.0248384142	0.057936872	-0.0688893378	-0.0555787436	0.1282045865	-0.0812449131	0.004521635376264	0.0021723130672342	4.71894406207646e-06	2.0445186475882087e-05	0.0665796025204059	0.0469402970397823	0.0022033914861829	0.0044328434717752	-0.0765484640064713	0.05704887102938	0.00585966734175	0.0032545736857268	0.0009320809431028	5.000559683039998e-05	2.500559714364508e-09	8.687748844954051e-07	0.0005408610661197	0.0002555917262401	2.925306928441385e-07	6.532713052239422e-08	-0.0002982517816131	0.0002248743668602	5.0568480870820776e-08	8.89541252353883e-08
822.1280249970782	4.060498277035094	16.48764625780497	675894.4894855965	1061.6224782066624	1.9393914494201	1127042.2862336554	3.761239194083796	767.7923994856419	1.717032524438423	2.948200689979384	589505.1687079195	791.7345742715372	815.9380040258058	1.054237	31.605545	0.0958083060491879	0.0481536055348781	-0.0720858646	0.0634167104	0.1354762432	-0.0822292034	0.043951087	0.080472244	0.0117402319	-0.2145599593	0.0152499836	-0.0480480643	-0.1313239166	-0.0073004331	-0.1154027585	-8.69208e-05	0.1232281301	-0.025038401	0.0719740925	0.0260598956	-0.1029660081	-0.2016913387	-0.0475334574	0.0175970968	-0.0066002129	0.0931120093	-0.0552041718	0.0609370603	-0.199019665	-0.0753950414	0.0300596188	0.028374821	-0.1583690162	-0.0973246226	0.0797145721	-0.2210071895	-0.0478780572	-0.0635300473	-0.0551829174	0.0953898981	0.1071805436	-0.0533864637	-0.1818105915	0.0631934389	-0.0501200833	-0.0819071097	-0.0347275173	-0.0197308317	0.0031946709	-0.0973295939	-0.2058509817	-0.0149385377	-0.1202699775	-0.1940396655	0.0022253347	-0.1329767625	0.0447595956	-0.2143495134	0.1167059736	-0.0308407458	-0.0270469427	0.1135841682	-0.0460672109	-0.0993994438	-0.0359834745	-0.0519626192	0.0972429469	-0.1254066486	-0.1173472862	-0.0603369072	0.0658896621	0.1107674237	-0.0171496039	-0.0512344649	0.1080734736	0.0184138043	-0.169396913	-0.1155359668	-0.0114637566	0.1522112386	-0.1472901522	0.0286907423	0.1807233919	0.0208326104	-0.000697277	0.0176956125	-0.0777350736	-0.1593043589	-0.179194952	-0.1468656989	0.1519190469	-0.1373829351	0.0896529271	0.1522167632	0.1703732789	-0.0069817282	0.1642072279	-0.0067320944	0.1148381788	-0.0733062088	0.0361491031	0.1218974241	0.1135011768	-0.0197195884	-0.0391722827	-0.0420539687	0.0035659062	0.0148874691	-0.0886898817	0.2279308187	0.0447541973	0.0650226155	-0.0050692506	0.1319426815	-0.112373776	0.0440551954	0.0558616781	-0.1071915159	0.0284524584	0.1189980891	0.0621928363	0.0994816784	0.0996764871	-0.0717238087	-0.0494042187	0.1266188352	-0.0912870929	0.0082248760366638	0.0037032406603997	1.371399138883834e-05	6.764858581848641e-05	0.0471513658604862	-0.0194282366599197	0.0003774563797138	0.0022232513025094	-0.1130750790622698	-0.0365266150557984	0.0127859735049385	0.0013341936074344	0.0012860527889945	0.0003539718458916	1.2529606768397738e-07	1.6539317760805317e-06	0.0002657480740679	-0.0002751129920518	7.062203887079807e-08	7.568715839569378e-08	-0.000392171217131	-9.39194355179e-05	8.820860368000975e-09	1.5379826354600994e-07
822.3382059887125	0.2101809916342745	0.0441760492443669	676240.1250287342	1073.8804589988542	12.257980792191802	1153219.2402195898	150.25809310174316	766.9709976044209	-0.8214018812210497	0.6747010504734795	588244.5111663205	792.8478411782754	834.8769271579129	1.025972	30.758181	0.0740898571512077	0.0527183775799142	-0.1084477031	-0.0919062074	0.0586187311	0.0744962911	-0.0598859629	0.0911066138	-0.1488559304	-0.0582913434	-0.1394132471	-0.1119024985	0.0146579232	-0.1660180121	0.0346322428	0.0840661336	-0.0166696536	0.0389884202	0.0735150146	0.0147558828	0.0174993085	0.0126084511	-0.0975305938	0.0802303413	-0.0505689447	-0.1234462849	0.1161856179	-0.1186990449	-0.0397687464	0.159652513	0.1072116067	-0.0245253861	0.0538041671	-0.0472730073	0.0612060281	0.0665892274	0.0066612951	0.0541527967	0.0530540631	-0.0745581812	-0.0644932411	0.0818962854	-0.0180450432	-0.0154843034	-0.1364096974	-0.0608664956	0.0366066305	0.0022457533	-0.0603454514	0.0454383884	0.0162099802	0.1303856805	-0.0243410019	-0.097019191	0.0875793842	-0.156431698	0.018289994	-0.0750315115	-0.2305920799	0.1144672265	0.0397504038	0.0573296196	0.1630700114	-0.0440294168	0.0445594724	0.066855986	0.0599417768	-0.1195227176	0.1242044291	-0.0672049271	0.0858494809	-0.0366758959	-0.1276211262	-0.0238151529	0.1365504415	-0.1091427619	-0.0041229496	-0.0229791616	-0.0757584104	-0.0127570578	0.0841254892	0.1559839035	-0.0550847222	-0.0100303157	0.0151578462	0.0109356718	0.1508667616	-0.0532831385	0.101608187	0.0824368207	-0.0445968485	-0.0015753742	-0.0375175908	0.1543334399	0.0849435115	-0.1736133148	0.1064599736	-0.1201766804	0.0254730341	0.0596580533	0.0706300556	0.0822400568	0.1580983991	0.1045126494	-0.0364609644	-0.0066801791	0.051506651	0.1065245404	0.046851249	0.080661032	-0.038939737	0.2589011367	-0.0453213957	0.1002754559	-0.134772487	0.0745220243	-0.0582478958	-0.0733480477	0.0498405441	0.030805785	0.0034951295	0.1507594104	-0.0366133508	-0.0745091236	-0.0430942802	0.1242524367	-0.1003291122	0.0083364271796	0.0001115511429362	1.2443657490372689e-08	6.949601812077361e-05	0.0404723474312476	-0.0066790184292385	4.460928717810883e-05	0.0016380109065956	-0.0617993498887869	0.0512757291734828	0.0038191596466767	0.0026292004022723	0.0012991089385271	1.3056149532600066e-05	1.704630406176129e-10	1.6876840341610083e-06	0.000355103476592	8.935540252409999e-05	1.260984790877251e-07	7.984387960243935e-09	-0.0006102308331853	-0.0002180596160542	4.754999615374871e-08	3.723816697700254e-07
818.2045643764873	-4.133641612225233	17.086992978320023	669458.7091665172	1078.1246127943052	4.244153795450984	1162352.6807128706	18.012841439440994	766.2972595873861	-0.6737380170347933	0.4539229155979754	587211.4900511377	793.0044412643845	812.1571783769443	1.177371	35.297043	0.0751430791434008	0.034774753711396	-0.0130882366	-0.0267035644	-0.1869041667	0.1141637601	-0.1247755728	0.0131680473	-0.1914406073	0.1803603553	-0.0688152064	0.0590883028	0.1450388941	0.0483766702	-0.1120726562	-0.0199961929	-0.0218823942	-0.1600966946	-0.0024990193	-0.0167290776	0.114587681	-0.1882926041	-0.0719560279	0.1858269655	0.1550969778	-0.0013357534	0.0168630458	-0.1253278945	0.0896706064	0.0030632742	0.0035487897	-0.0025668589	0.2370944447	0.0906760551	0.0602080012	-0.0765681125	-0.0961096639	0.0198470215	0.0625727093	0.0828143898	-0.0462287017	0.1080230622	-0.053454056	0.1002098148	-0.0331729475	0.0543025075	0.1851489549	-0.0698093539	0.0694626348	0.163360701	0.0249556993	0.0720126785	-0.1418518475	-0.0853232723	0.0944920026	0.0283823977	-0.0685061196	-0.0328609032	-0.0842243421	-0.0980427767	0.1089831755	-0.2371523108	0.0743817408	0.0281741848	0.1627703239	-0.0074928823	-0.0087338583	-0.2791993937	0.1273591705	0.025797222	0.0228198228	0.1381528175	0.1195769244	-0.0421739379	0.0262403753	0.1195708807	-0.0386922992	0.0117913349	-0.0967830089	-0.2500397632	0.1762725191	0.1084523291	0.0276363099	0.0365575844	0.0299812236	0.0776087313	0.0242072908	-0.0957122119	0.0444161916	-0.0042590111	0.0102815165	0.0957071843	0.003512477	-0.0498849769	0.0380414405	0.0151908288	0.0378223609	0.0931332035	0.0718238812	0.1283657943	0.0465465164	-0.1357752613	-0.1265411395	-0.0258322665	0.0112391455	0.0602172256	-0.1137409297	0.1662120566	0.1949365174	0.143875302	0.0213918639	0.1036331995	-0.0403236932	-0.1034266043	-0.1041624987	0.1363236314	-0.0480760351	0.0158970399	0.1556191121	0.0492612671	-0.0169518584	-0.0395479768	-0.1206892125	-0.0772433738	-0.0366662233	0.1211199807	-0.1082719048	0.0050511374536341	-0.0032852897259659	1.07931285835371e-05	2.5513989575505176e-05	0.0447152388585863	0.0042428914273386	1.800212766418421e-05	0.0019994525861804	-0.0719374013194595	-0.0101380514306725	0.0051749897085969	0.0001027800868109	0.000821003871177	-0.0004781050673501	2.285844554258437e-07	6.740473564876199e-07	2.7890820588627463e-05	-0.0003272126560033	7.778978731070056e-10	1.070681222487814e-07	-0.0002660116253503	0.0003442192078349	1.184868630425549e-07	7.076218482150836e-08
814.978089925272	-3.2264744512152674	10.41013738434486	664189.2870582447	1057.1273996394916	-20.997213154813608	1117518.3390685534	440.8829602686776	764.7681800107227	-1.529079576663321	2.338084351768881	584870.3691569132	789.3888425919816	775.6383699995748	1.225937	36.753033	0.0526816704453364	0.0328644866755736	0.1357340526	0.0402010222	0.0648464213	0.0109952599	0.0016282911	0.0575891668	0.122902681	0.0052497823	-0.0056025059	-0.0007656987	0.0507550684	0.1818731164	-0.030943655	0.1123256557	0.0563155528	0.0036719812	-0.1495022106	-0.1023868472	0.0892278477	-0.090868197	-0.0313686823	0.0760485073	-0.1097006743	-0.0489473984	0.0074568669	-0.0992564073	-0.0157937902	-0.0734987923	0.1103402254	-0.0277089652	-0.0590617429	-0.0035301161	-0.0071235099	0.1172828014	0.317546055	-0.1108439379	0.0112450174	-0.012966926	0.1771844673	0.0648980034	-0.0166000445	-0.0826546785	0.1825440441	-0.0122883346	-0.0660575814	-0.0097606502	-0.0901871636	0.161302555	0.2347652765	0.0446534633	-0.0509851065	0.1222261338	0.1663568762	-0.1510629804	-0.0120496644	0.0066366866	-0.0049309331	0.007696248	-0.0716820582	0.0061737624	-0.00105443	0.1155461068	0.0324497072	-0.1202408923	0.1621957526	0.0346664754	-0.0507301765	0.1661296932	0.1264980028	0.0674568513	-0.000764043	-0.0383361831	-0.0890682583	-0.0769943718	-0.0891677572	-0.0278887309	0.0038540032	0.0625728774	-0.1213657865	-0.0438251326	-0.1864192482	-0.0294627874	-0.0998905407	-0.0414478878	0.0667447452	0.1608024309	-0.0360248314	0.0859320035	0.1633681527	0.189520378	-0.0509436128	0.0733330482	-0.0514017473	0.0215761883	-0.0921189157	0.0492639735	-0.1391340439	-0.1702532593	-0.0952597247	-0.1211265394	0.0139549074	-0.0942236516	0.0425298879	-0.1031926537	-0.1796403413	0.1151548581	0.0852166709	-0.0337883077	-0.0208005865	-0.0498499909	0.1555225217	0.0016906088	-0.0180725072	0.0054662221	0.0430361288	-0.1321443333	0.1646408146	-0.0003924749	-0.0728543887	-0.1608858964	0.0713318656	-0.0799246852	-0.0301376669	0.1172407796	-0.1150284477	0.0082245007867385	0.0031733633331044	1.0070234843891468e-05	6.76424131910622e-05	0.0387198920918478	-0.0059953467667384	3.594418285344176e-05	0.0014992300436043	-0.1018455053199858	-0.0299081040005263	0.0103725069538832	0.0008944946849062	0.0009000058977923	7.900202661530002e-05	6.241320209324573e-09	8.10010616060924e-07	2.4794813030082352e-05	-3.0960075585451108e-06	6.147827531967415e-10	9.585262802568455e-12	-0.0004560107180758	-0.0001899990927255	3.609965523651315e-08	2.079457750000068e-07
813.9954016915228	-0.9826882337491724	0.9656761647490684	662588.5139749437	1058.5370468362405	1.4096471967488924	1120500.679524789	1.9871052193020105	765.4620637355057	0.6938837247829497	0.4814746235186602	585932.1710182194	789.7441362535632	777.0788128027755	1.093066	32.769642	0.0465679428923134	0.0219608918830809	0.1491499343	-0.106208294	-0.0809205477	-0.0195042836	-0.0913453807	-0.0381099122	0.0511404425	0.1859971056	-0.0024591731	-0.0290210603	-0.0843679609	0.0331256573	0.1267405335	0.0530836904	0.0297209471	0.0106229762	-0.1182281006	-0.1106582499	-0.0555128847	-0.0017236721	-0.0735459951	0.1038061984	-0.0427555144	0.1438608771	0.0412651415	-0.0128916456	0.0006014909	-0.1236703517	0.152591788	-0.1610730756	0.0286990707	-0.0090425146	-0.044919536	-0.086932894	-0.1169427301	0.0139538659	-0.0151769489	-0.0853191561	0.017485667	-0.0260815523	-0.0757655447	0.108800268	-0.2019139969	0.102243085	0.0231463963	-0.0825204043	-0.0079345749	0.0575356666	0.1372021104	0.0971176906	0.0261361361	0.0733289326	0.0436543126	-0.0922889151	0.1027108135	0.0182894479	0.3098043237	-0.1540189415	-0.056849283	-0.0466351436	0.0938150403	0.0953353999	-0.1345460627	0.1276472638	-0.0077357205	-0.0802412488	-0.0848814486	0.2304889753	-0.046576015	0.0987371707	-0.0684632218	-0.073445134	-0.0468395872	-0.1605675095	0.1361389424	0.0336968482	-0.0666887487	-0.1564549115	-0.0528144413	0.00755924	0.1058325311	0.2371401414	-0.0144199088	0.1723400186	-0.0950599117	-0.1290592272	0.0513765988	0.0141824208	0.0276821085	0.0222236931	0.1279328089	0.0452826151	0.0114996424	0.0382308921	0.0391109251	0.1031427864	-0.0008806969	-0.0066494687	-0.0953829827	0.0552062606	-0.0331469135	0.0917254598	0.122836136	0.0020727181	-0.1634238494	0.0139570128	0.1849326727	0.0898667045	-0.0645577011	-0.0947786453	-0.0652295924	-0.1777547973	0.0395586625	0.0105212417	-0.0401843173	-0.0751039582	0.1287596391	0.0777314289	-0.117548506	-0.01574626	0.0026099652	-0.0825512202	-0.0235265052	0.1126387502	-0.1205247148	-0.0039554727349013	-0.0121799735216398	0.0001483517549878	1.5645764556547572e-05	0.0281412427064537	-0.010578649385394	0.000111907822819	0.0007919295410635	-0.1113537633365595	-0.0095082580165736	0.0123996606092145	9.040697050973788e-05	0.0009520407451336	5.2034847341300055e-05	2.707625337832401e-09	9.063815803945404e-07	0.0001387258261256	0.0001139310130955	1.9244854834230204e-08	1.2980275744971014e-08	-0.0005760660970131	-0.0001200553789372	1.4413294011778692e-08	3.318521481279063e-07
814.6536464103481	0.6582447188252445	0.4332861098613251	663660.5636096764	1046.2913220259395	-12.245724810301	1094725.5305467884	149.95777612962144	765.6428727565018	0.1808090209960937	0.0326919020735658	586209.0086028288	788.7437560540277	758.0005081548227	1.080211	32.384254	0.0859463708658444	0.052406475184603	0.1834772794	0.1368365231	0.0007027113	-0.1390254506	0.0448080234	0.0380639544	0.2356267132	-0.0100790678	0.0574749659	0.0239370747	0.0392911746	-0.1513691821	-0.0810074542	0.1218197513	0.008110561	0.0057538621	-0.1373195472	-0.0937434252	-0.0895277549	0.1041031843	0.0456645232	0.1225156288	0.1008202415	-0.1308385657	-0.0472156731	0.0452768769	0.0838130647	-0.0374887782	-0.0258988324	0.1167150818	0.1826329185	-0.0974537988	0.0258309435	-0.1690599339	0.0792698224	-0.0297480395	0.1687884609	0.0564881845	-0.1121505148	-0.0108970761	-0.0391752878	0.1411299765	-0.0412701031	0.0379410894	-0.2478541659	0.1344582068	0.1088718517	-0.0092283384	-0.1067145061	0.0467356908	-0.1246754627	0.0308281736	0.0872001683	0.029559721	0.0250800548	0.0779301935	-0.1390153614	0.0093113563	-0.1600005577	0.0176698476	-0.12534122	0.1201031415	0.0070785366	0.0544562714	0.0479852192	-0.0343601483	-0.0822737033	0.0096805011	-0.0448169219	-0.049399655	0.1880156693	0.1883872613	0.0196404357	-0.0826620009	-0.1760029133	-0.041915357	-0.1042361638	-0.0721782827	0.084731501	0.1240148245	-0.1851374151	-0.1260379778	0.0384884442	-0.1640852969	-0.1260628657	-0.135673791	0.013128185	0.1326573193	-0.0983189771	-0.1288793297	0.1281206244	0.1255567717	-0.0364515243	0.1002765429	-0.1160299957	-0.0224565466	-0.055484704	0.140095461	-0.0923529141	0.0242248433	-0.0096963196	-0.1011241019	0.0876775042	-0.1313549467	-0.1269531127	-0.1707618172	0.0422529669	0.0873497881	-0.1455639207	0.0258325085	0.0497752868	-0.0424245623	-0.0599619307	0.0390057686	-0.0993964733	0.0638072301	0.1419091325	0.046538005	-0.1122750885	0.0543895805	0.0068164659	-0.0851211787	-0.016850859	0.1073422654	-0.124700488	-0.0094499563784609	-0.0054944836435596	3.018935050934398e-05	8.930167555481386e-05	0.0425054091938648	0.014364166487411	0.000206329278878	0.0018067098107378	-0.064437978977871	0.0469157843586885	0.0041522531347525	0.0022010908219909	0.0008209747514598	-0.0001310659936738	1.7178294697700586e-08	6.739995425344804e-07	-8.574788346460416e-05	-0.0002244737095902	7.352699518659335e-09	5.0388446297187324e-08	-0.0006039651212728	-2.78990242597e-05	7.783555546433292e-10	3.64773867714068e-07
820.6514822807296	5.99783587038155	35.97403512803561	673468.8553695587	1058.824760993902	12.533438967962413	1121109.8744937936	157.08709236363867	768.2230454251616	2.5801726686597704	6.657291000098881	590166.6475223098	790.353434609078	790.0613424965505	1.184525	35.511543	0.0864159780644057	0.0531748313464631	0.0189849042	0.0397379861	-0.0090335979	-0.1052889055	-0.0255704862	-0.2090606478	-0.0081216269	0.0154100388	0.056886728	0.0606261053	0.2373306975	-0.1386312196	0.14064451	0.122645241	-0.3047598514	0.1454645149	0.0798294354	0.0002819906	0.0312713925	-0.0421567727	0.0968048586	0.0208301639	0.0124837501	-0.0563156192	-0.0286876593	0.0316703334	0.0417797013	-0.2363174922	-0.2338246008	-0.2256738762	0.0451671305	0.0033537856	-0.0271014371	-0.0211018944	-0.0881535417	0.0654151579	0.1380491706	0.1208187495	-0.0833588148	-0.0521544886	0.0804930483	-0.040833011	-0.0038550978	0.0341642163	-0.0996666647	0.0213435572	0.0691883812	-0.0976466053	-0.2104795135	-0.0866563215	0.1000096336	-0.0301527227	0.1779021193	-0.2080939133	-0.0100742573	0.0269580821	-0.1396797397	0.1431963671	-0.0175328229	-0.0206425048	-0.1163733134	-0.0034020475	0.1485242626	0.1467874125	0.0436769624	-0.1234688049	0.2340241465	0.1492626309	-0.0394645404	-0.2266660349	0.0762302692	0.1376127919	-0.0412527038	-0.0123793198	-0.0708794721	-0.1849697017	-0.0781093744	-0.1180988115	-0.0572623645	-0.1376737262	0.0908665778	-0.2079689701	0.0808741168	-0.0780886898	-0.0619790625	0.0575930854	-0.1208143782	-0.0360511709	0.0144626323	-0.1194384586	0.0234743942	-0.0395463779	0.1229235803	-0.0422210259	0.0103959293	-0.1008445028	-0.0663705114	0.0841381937	0.0524669262	-0.1256615021	-0.0238998211	-0.0514410418	0.2095494747	-0.148553494	0.03999413	-0.0300112119	0.0914054746	-0.1046311667	-0.1541336119	0.0517643325	-0.1373509011	-0.0937719855	0.0071676527	0.0907848123	0.0961504849	-0.2188650312	0.145532807	0.0385530125	0.1307067037	0.0001170672	0.1146771674	-0.0876327994	-0.0101290257	0.1013839798	-0.1275100165	-0.0022495041493613	0.0072004522290996	5.18465123035454e-05	5.060268917993706e-06	0.0305746933781136	-0.0119307158157512	0.0001423419798762	0.0009348118751656	-0.1147435210646961	-0.0503055420868251	0.0131660756263243	0.0025306475646493	0.0008209077959802	-6.69554796000173e-08	4.483036248468334e-15	6.738896095010697e-07	-0.0002323268959689	-0.0001465790125042	5.397578659054408e-08	2.148540690673452e-08	-0.0007969045119435	-0.0001929393906707	3.7225608472381016e-08	6.35056801155908e-07
822.0268163354549	1.375334054725272	1.8915437620870568	675728.0867746037	1065.688092976591	6.863331982689033	1135691.111512083	47.10532590460217	768.4389619542119	0.2159165290503324	0.046619947517143	590498.4382492667	791.2743976654878	812.6218238001906	1.036987	31.088409	0.069130756241679	0.0413845292858713	-0.087284119	0.1329490889	0.0193120944	0.032043399	0.042708824	-0.1748589918	-0.0403295909	-0.1308621399	-0.0427145334	0.0747770661	0.1202411331	0.0346306049	0.1015060438	-0.1812793514	-0.151262575	-0.0460996204	0.1003575406	0.0270181258	-0.0225999174	0.0345684274	0.0142809717	0.0514645639	-0.0345042143	-0.0559718556	0.0833188521	0.0395000895	-0.0917681229	0.0165827212	0.0460550916	-0.0640906438	0.1508901194	-0.0727315485	-0.1981983219	0.0149602686	0.0787292091	0.010323697	0.0587759473	-0.0583144448	0.0701968661	0.019629026	0.0320880696	-0.0285611155	0.0970965238	0.0719124429	0.0225276008	-0.1280575129	0.2758243124	-0.1399767966	0.0435548073	-0.1797426058	-0.022499977	-0.103946952	-0.0616602267	-0.0513588644	-0.0823465819	-0.0327038025	0.050177621	0.0053270948	-0.0445790607	0.0036419978	-0.0737830387	-0.1062034888	0.116959423	-0.0168613443	-0.1203892617	0.0428654168	0.1274850214	0.1588587416	-0.0096209871	-0.0595680398	-0.0354534568	0.0939864014	-0.076737533	-0.1841853927	0.0580108889	0.0650550571	-0.0250519332	0.0806799317	-0.0698880961	-0.1592483481	0.0551242997	0.0342103029	0.0871510593	-0.0741907705	0.0313524049	0.0214458398	-0.1996025546	0.0723197534	-0.1372214366	-0.0374654997	-0.1058825028	0.0694453194	-0.0470260097	-0.0023893556	0.0688073928	0.0800879679	0.0071847117	-0.053073298	0.0650754063	-0.1014031288	-0.0217731643	-0.1752458509	0.118578392	-0.0078828991	0.070649368	0.1309118993	-0.1058093445	-0.1367541855	0.0503052626	-0.1356933685	0.0101662461	-0.0042980046	0.0573521118	0.0761593099	-0.0629871863	-0.1022668327	0.0949489672	0.0516392307	-0.0238496024	0.0956124371	0.1634687536	-0.090084361	-0.0033794295	0.0948006283	-0.1289225186	0.0038045817886427	0.006054085938004	3.665195654473777e-05	1.4474842586471688e-05	0.0536128129222248	0.0230381195441112	0.0005307549521287	0.0028743337094334	-0.1036201697575123	0.0111233513071837	0.0107371395805756	0.000123728944303	0.0008209747650067	6.696902650005569e-08	4.484850510365161e-15	6.739995647778064e-07	-0.0002320900112267	2.368847421999965e-07	5.3865773311209736e-08	5.611438108715879e-14	-0.0002189043766646	0.0005780001352789	3.340841563824267e-07	4.791912612291708e-08
823.6645856833513	1.6377693478964377	2.682288436909122	678423.3497089269	1069.8773564805078	4.189263503916891	1144637.5579097196	17.549928705250025	767.7330056630892	-0.7059562911226749	0.4983742849756828	589413.967984481	792.9189131288271	837.067603036259	1.049758	31.471291	0.0911566303636822	0.0463404399989169	-0.1376078641	-0.0614339074	0.1260128696	-0.010913154	0.1196039609	0.0127245213	-0.0961053051	-0.1099285433	0.0877772321	-0.0794500193	-0.0528259618	0.1324279432	0.062308488	-0.01852805	0.0374082545	-0.1479280253	0.1275310782	0.0847343341	0.0985699521	0.1284691823	-0.0345891652	0.0367017301	-0.1306260651	-0.1268886205	0.0966557279	0.0315373733	0.1508466011	-0.169549227	-0.0159753186	-0.1299837622	-0.2115623963	-0.0304964696	-0.195772822	3.75342e-05	0.1247390674	-0.0800656263	-0.1165932723	-0.053951808	-0.0314383582	-0.0020649605	0.0387502381	0.0292426606	0.0322723118	-0.084806088	0.0035686076	-0.0228978164	-0.1155603019	0.0929362299	-0.0496845695	0.0667137688	0.0101529893	0.0982549518	0.0173999017	0.182319113	0.0186851571	-0.0614999355	0.0378246362	-0.1901583073	0.1198911705	0.1380087386	0.0106684773	-0.0991425886	0.0480119075	-0.0557087414	0.0289731276	0.0689914342	-0.0722627112	0.102253243	-0.013256699	-0.0188953673	-0.0431460591	0.1952709476	-0.0326233136	0.0743132243	0.2452364004	-0.1903053905	0.1179151901	0.0234066277	-0.081962255	0.0906932383	0.0790305746	0.2031333804	-0.0710328671	0.0211476528	-0.0636360617	0.1163971569	0.0607959299	0.0152899092	0.2361406747	0.0639490631	-0.0226219408	-0.112207305	0.0280205419	-0.052923541	-0.0367714507	0.1587037227	-0.0089109995	-0.15477704	0.1163435557	-0.0428557856	0.1067581878	0.0281169859	0.0746657823	-0.0081182536	-0.0208729664	0.1000896444	-0.1317904689	-0.0330754503	0.0938418809	-0.0715605157	0.1313371461	-0.1604019014	-0.1535853169	-0.1575260704	0.0257875645	0.0109133822	0.0710285497	-0.0334188626	0.0529338571	-0.0734243558	0.0941056566	-0.0924741833	0.0033794295	0.0876327994	-0.1289225186	0.0082601990220183	0.0044556172333755	1.9852524930353636e-05	6.823088788335208e-05	0.0379434328519181	-0.0156693800703067	0.0002455294717877	0.001439704096588	-0.1112701008724172	-0.0076499311149049	0.0123810353481579	5.852144606279018e-05	0.0009366364935186	0.0001156617285118	1.3377635442360456e-08	8.772879209908184e-07	0.0003416264432114	0.0005737164544381	1.1670862670127193e-07	3.291505700930245e-07	-0.0007971602326165	-0.0005782558559518	3.343798349426645e-07	6.354644364651923e-07
820.8588449686666	-2.8057407146847027	7.872180958039426	673809.2433632935	1074.2508799977545	4.373523517246667	1154014.95317595	19.12770795590966	766.6094136285624	-1.1235920345268369	1.2624590600521566	587689.9930639282	791.9484214823955	827.004065760066	1.057058	31.690128	0.0473900520430893	0.0242495012757202	-0.110474109	0.0215886325	-0.0695762099	0.1330695335	-0.0020383407	-0.076729294	-0.0691878666	-0.0093820251	-0.1411064224	0.0669183716	-0.1268587465	0.0493573833	0.0205339393	-0.1008607536	-0.0696614488	0.0185822181	0.0006684223	0.0401426542	-0.177733909	-0.104764794	-0.0834509475	-0.1364003509	-0.0061789949	0.027782302	-0.1407037473	-0.1843527191	0.032100111	0.1790407495	-0.0202288292	0.037289242	0.0370355036	0.1257337018	0.0490241588	0.1070902603	-0.0035104233	0.1016819696	0.0107053012	0.0187335053	0.1583588646	-0.156057865	0.0347474991	0.1790511574	0.0873674172	0.042066971	-0.1591025262	0.0143322922	0.0171049122	-0.0335488095	-0.0316750577	0.0912253313	-0.1895513915	0.0343599771	-0.0776788801	0.0821308745	0.1708436129	0.148885398	0.0163997854	-0.0961079465	-0.0625973643	-0.0468972568	0.0561897262	-0.0902925621	-0.1018551543	-0.1238558048	-0.0826170765	0.0150243263	0.143674313	-0.0957198474	0.0309042548	0.0178424373	-0.1557601609	-0.1473365573	-0.0082010338	0.0555775675	0.1289179344	0.1506211906	-0.0556166592	0.0550459262	0.0420039971	-0.0756954633	-0.1120021395	-0.1190890111	-0.1492700466	-0.0448375862	0.0419454451	-0.1467459473	-0.0420136102	-0.0227677377	0.0777977437	-0.0984731171	0.0930868098	0.0036231879	-0.0506420691	0.1464501177	-0.0967742941	0.1550322127	0.0268509585	-0.0678649535	0.055159434	0.1065261288	-0.0862672243	-0.0496003908	0.1256114066	0.0936870353	0.0058249111	0.1532042927	-0.172582863	-0.0758880361	0.14022828	0.0081485075	0.0380422875	-0.2467376829	-0.0457332303	-0.0521759859	-0.0647400662	-0.0037796962	-0.122130155	-0.1754330212	-0.0545059511	0.1152298014	-0.1130755106	-0.0948006283	0.0101290257	0.0799246852	-0.1275100165	0.0083756812664859	0.0001154822444676	1.3336148787274709e-08	7.015203667776285e-05	0.0316166351895788	-0.0063267976623392	4.002836866018199e-05	0.0009996116207109	-0.0939737945566747	0.0172963063157425	0.0088310740633801	0.0002991622121679	0.0008210572794615	-0.0001155792140571	1.3358554722056952e-08	6.741350561567197e-07	0.0001922578118553	-0.0001493686313561	3.696306621938793e-08	2.2310988033194513e-08	-0.0005890787616189	0.0002080814709975	4.3297898572525016e-08	3.470137873904569e-07
817.3565933179228	-3.5022516507438013	12.26576662513768	668071.8006402802	1060.644187091911	-13.606692905843602	1124966.0916118606	185.1420918339346	765.8820086507702	-0.7274049777921618	0.5291180017168154	586575.2511749385	790.0571052427549	796.3547639668211	1.087587	32.605358	0.0546297566331706	0.0370120051706684	0.0169832664	-0.0435396948	0.1355975772	0.0908558801	0.0130700668	0.0235323127	0.0420226005	-0.0046149301	-0.0313652314	-0.1314250494	-0.0504507763	-0.0048504255	-0.0301144044	-0.071051161	0.0209577457	0.0222409685	0.0104693567	0.1201605959	-0.0446619634	0.0764675051	-0.0977315419	-0.0143834933	0.0307837078	0.015158696	0.0952283764	0.0202603294	-0.073144406	0.0949878442	-0.0622425279	-0.0276543997	-0.0347523997	-0.0447044959	0.0900158528	0.0562902186	0.0022830413	0.1176212825	0.1091153519	0.0225126458	0.0667867796	0.0353656342	0.0772397056	-0.1745448853	-0.0935765546	-0.1721852672	-0.1521433555	0.1633717972	0.0599903753	0.2117016583	0.0925413446	0.0240678363	0.1464953558	-0.1232485545	-0.1518852023	-0.0333079674	-0.0387347132	-0.0613416842	0.1360543603	-0.1199968029	0.0246121096	0.151122375	0.0635609684	0.0446403658	-0.0348689884	-0.0142168516	-0.079148254	-0.0092384858	0.0517162759	-0.1204124399	-0.0347223961	-0.0663298269	-0.1195372498	-0.0955891033	0.0389961498	0.0110917551	0.0023289957	-0.1508590074	-0.0857969877	0.0135205758	-0.0899429626	0.0256274167	-0.0004893111	0.1021186745	-0.0309759303	-0.1596523977	0.1011656954	-0.1759981746	0.1557310517	0.0981600934	0.07937805	0.0308101067	-0.0744648568	0.0387479038	-0.1401991349	0.062156787	0.1571664602	-0.1576767107	0.0965186131	0.0138801194	-0.019118439	0.1000745582	0.2135239975	0.0215414335	0.0770254166	0.1395543463	-0.045591369	0.0605970796	-0.0740230472	-0.0140057874	-0.0029936473	0.012482239	0.0173186189	-0.0162730875	0.0732962844	-0.0852645284	-0.0749631783	-0.0145323543	-0.0645915099	0.0082871324	-0.1735110202	0.1109158137	-0.000868241	-0.0970621018	0.016850859	0.0717238087	-0.124700488	0.0083247432172584	-5.093804922750092e-05	2.594684859103307e-09	6.930134963328973e-05	0.0615908524078179	0.029974217218239	0.0008984536978461	0.0037934331003216	-0.1146795345248037	-0.0207057399681289	0.0131513956388256	0.0004287276676277	0.0008210488966822	-8.382779300027642e-09	7.027098879297192e-17	6.741212907430578e-07	0.000190289502822	-1.9683090332999864e-06	3.6210094884243947e-08	3.874240450570327e-12	-0.00051307822548	7.600053613889999e-05	5.776081493400244e-09	2.6324926546170576e-07
820.2699290481336	2.913335730210747	8.487525076922587	672842.75650063	1060.0760209577795	-0.5681661341313884	1123761.1702096786	0.3228127559738068	767.6625801162467	1.7805714654764415	3.170434743668922	589305.8369107328	791.6010404184702	801.0055973324436	1.096156	32.862263	0.0986320592641699	0.0532527886858167	0.0037901408	-0.0925072913	-0.138959848	-0.16772425	0.0591375855	0.0090459792	-0.0307322436	0.0170608407	0.1575658395	0.0045247597	-0.0544728301	-0.1469933033	-0.0751860717	-0.0568706075	0.0929093582	0.0865631498	0.022581798	0.0370824312	0.0668893652	0.080972837	-0.0368864306	-0.0431294058	0.0922431706	0.2160910258	-0.0445687869	-0.1192969362	0.130594818	0.1121174389	0.0590704607	0.0132543333	-0.028401783	-0.122794759	0.0881063934	-0.162122574	-0.048104153	-0.1406369021	0.0038540629	-0.0787424636	-0.009193258	-0.0513088144	0.1249926042	-0.0561635701	-0.0154640499	-0.0752582242	0.0486502626	-0.0165732056	-0.0362709827	-0.0226881185	0.1538611378	0.0919217528	0.0648374403	-0.0802717969	-0.0299119017	0.1142101315	-0.1041010618	0.1209132568	-0.0506198579	-0.0472085587	0.1184659791	-0.0085692377	-0.0610124069	-0.0035428324	-0.1253418839	0.084519222	-0.1314392083	-0.0231655974	-0.2159941956	-0.0821422911	-0.0764721943	0.0641952312	0.0573660193	-0.0755168466	0.0509086148	0.0124541144	0.1354331974	0.0881055641	-0.02689494	-0.1599342898	-0.1348755461	0.065876889	-0.1798577229	-0.012993248	0.0003445969	0.0049762205	-0.0147956251	0.0161743009	-0.0935132799	0.0149643936	-0.0805169891	-0.0951930183	-0.1306116096	-0.118846271	-0.062287651	-0.0687316021	-0.0269989871	-0.0829904832	-0.0816309179	0.0998720726	0.0591548381	0.0448802448	-0.062316438	0.1380189029	0.0494376398	-0.0029784497	-0.0286842794	-0.1111418592	-0.0660524772	0.0190091936	-0.1564699381	-0.1808726949	-0.0133662703	0.0033945494	0.0851385791	-0.0778173959	-0.1519544733	0.0521818849	-0.1031032863	-0.0191910091	0.0243582688	0.0494121549	0.0497115762	-0.0992570537	0.0235265052	0.063080731	-0.1205247148	0.0081444603564335	-0.0001802828608248	3.2501909907210115e-08	6.633223449751689e-05	0.0297416914663131	-0.0318491609415048	0.0010143690526778	0.0008845682112773	-0.0834061083607835	0.0312734261640201	0.0069565789118907	0.0009780271840364	0.0008209077959802	-1.4110070199995896e-07	1.9909408104881212e-14	6.738896095010697e-07	-0.0002323268959689	-0.0004226163987909	5.397578659054408e-08	1.7860462052698901e-07	-0.0007969045119435	-0.0002838262864635	8.055736088766077e-08	6.35056801155908e-07
820.566378348621	0.2964493004874384	0.0878821877594915	673329.1812761723	1067.2188609325103	7.142839974730805	1138956.0971300849	51.02016290461236	768.362818569044	0.7002384527972936	0.4903338907759475	590381.4209593656	793.4996118329022	816.8208450610272	1.045255	31.336283	0.0449047530812555	0.0239642907609449	-0.0066783063	0.0263854343	-0.0372082756	-0.0491538617	-0.1377180543	0.1806522771	0.0064530327	0.0337236422	-0.0246635399	0.0313925635	0.13473569	-0.0979032987	-0.0823163647	-0.0818997867	0.1243895181	0.1734692715	0.022445955	-0.1411836203	0.0037419233	0.0777795367	-0.0175433061	-0.006721126	-0.0171451985	-0.0782186179	-0.1478031812	0.1871848276	-0.1412920463	0.0655081018	-0.1152192443	0.1472957453	-0.1131662436	0.081305686	-0.1225178342	-0.0427217758	0.0439593268	0.0385107629	-0.1340344275	0.0503563242	0.0239023044	0.1378737303	-0.0292814228	0.0828920759	-0.0302606435	0.0108111626	-0.0489015479	0.0164751466	0.0051423609	-0.0630773245	0.1515014948	0.0335802313	-0.0144689629	-0.1678425719	-0.1092902625	-0.0626615892	0.0419557763	0.0347213913	-0.0011597661	0.065829154	-0.0034728503	-0.0728986276	0.0527356574	0.0147612672	0.096378037	0.0104257369	0.0285429935	0.1499495643	-0.0170028631	-0.1366411014	0.136462757	-0.0667241992	0.0278297127	0.1879114955	0.0491681565	0.1093719052	-0.0610140248	0.1405087255	-0.0923233939	0.0947252226	0.0158045812	-0.0638395614	0.0757494463	0.1500546848	0.0067282086	0.1187702161	-0.0018438424	-0.0768062236	0.1675813574	-0.0608827618	-0.009571257	-0.0528155267	0.0170109106	9.27848e-05	-0.0610407815	0.0798420063	-0.070135724	-0.251688371	-0.0673853552	0.0970374848	0.0350475924	-0.0509468368	0.0081536151	-0.0271024941	-0.2112286208	-0.012346192	-0.0047975171	-0.0334735534	-0.0136798947	-0.0566865331	-0.2492683205	0.1099714287	0.0366563905	-0.0791329602	0.0731578567	-0.1738537059	-0.0825330023	0.0075327838	-0.0886123487	-0.1955750895	0.0344878628	0.0839497792	-0.174782972	-0.1013839798	0.0301376669	0.0540487397	-0.1150284477	0.0084346477599694	0.0002901874035358	8.420872917090723e-08	7.114328283475682e-05	0.0371419479811976	0.0074002565148844	5.476379648609045e-05	0.0013795242998379	-0.0971872837364387	-0.0137811753756551	0.009445368120067	0.0001899207947345	0.0010388787266008	0.0002179709306205	4.75113265956104e-08	1.0792690085836995e-06	-0.0002330440228288	-7.171268599000127e-07	5.4309516576230266e-08	5.142709331900525e-13	-0.0010468791302066	-0.000249974618263	6.248730977578254e-08	1.0959559132621273e-06
816.9709178978286	-3.595460450792416	12.927335853212403	667441.4806908206	1063.5082327292782	-3.7106282032320905	1131049.7610829526	13.768761662621412	766.639701513753	-1.7231170552909134	2.9691323862344285	587736.4319370964	791.6350253873258	787.8130596175176	1.069588	32.065769	0.0548497245418753	0.0253079562864825	0.0746088437	-0.0778557745	-0.0941020731	0.0201101724	-0.1816041034	-0.0875460664	-0.0322380763	0.2068642336	0.0076205009	0.0025779157	0.0562089806	0.0414704572	-0.0781894804	-0.0113094853	-0.1149214622	-0.0805849992	-0.0891866704	-0.0417645462	0.0296955706	-0.159854443	0.0594042318	0.0113261916	-0.1583192615	-0.1036110969	0.0486703515	0.0081115527	-0.0443700679	0.0870900838	0.1918961945	-0.1456011874	-0.0830833753	0.1370116644	-0.0109397241	-0.055628098	-0.0298520394	-0.0214323992	0.0513511065	0.1907453154	-0.0484007053	-0.1595001065	-0.0266243539	-0.0148402574	-0.0476075747	0.1171897665	-0.0137501162	-0.0150766984	0.0283277141	0.0502316127	0.0517011731	-0.1168759335	0.137032109	0.0504386533	-0.2294054153	0.0205774473	0.24591159	0.0359014287	-0.1501993611	-0.067916967	0.0558821889	-0.1452215952	0.066695793	0.1115853963	0.0395273311	-0.0659204806	0.0592299227	-0.0773688035	-0.0006691088	0.2194177504	-0.0582778539	0.1093346459	-0.1464914284	0.0472510946	-0.1083528487	0.0144242986	0.0342139489	-0.0446251097	0.0444961427	0.1209907377	0.1062631971	-0.0595340302	-0.1127640309	0.0156681766	0.0931641687	-0.0168208491	0.0679565837	-0.0612432709	-0.0802926266	-0.0466655068	0.0518447781	-0.1045768828	0.1701585111	-0.1359576512	-0.020255059	0.1227558689	-0.1020150593	0.0212363339	0.0279732747	0.0240332973	-0.0347001345	-0.126933102	-0.0936137041	0.0861908502	-0.0211577977	0.1058026658	0.0909684585	0.0353305291	0.1763944207	-0.1029566255	-0.1481637487	-0.1050802886	0.0920382566	-0.0425854457	0.1341498511	0.0867835346	-0.0555506675	0.2135246295	-0.0482718362	-0.0159361319	0.1613078885	0.0865361857	0.0877329144	-0.1034414224	0.0366662233	0.0446835199	-0.1082719048	-0.0036587737241831	-0.0120934214841525	0.0001462508431933	1.338662516477267e-05	0.0272295630882979	-0.0099123848928996	9.825537426498616e-05	0.0007414491059795	-0.0782977764820955	0.0188895072543432	0.0061305418020401	0.0003568134843118	0.0012383878843727	0.0001995091577718	3.9803904034852884e-08	1.5336045521610915e-06	-0.000233099298871	-5.527604220000168e-08	5.4335283134151785e-08	3.055440841296366e-15	-0.0009673553458111	7.952378439550001e-05	6.324032284581972e-09	9.357763650693128e-07
817.2225701813665	0.2516522835378509	0.0633288718098149	667852.7292138385	1050.2472776426887	-13.260955086589547	1103019.3441958788	175.85292980854518	766.5308613571218	-0.1088401566312313	0.0118461796955109	587569.5614128911	788.8076601760451	785.3906990820996	1.169428	35.058926	0.029315100826963	0.0150202271775161	0.0589635764	0.1943187752	-0.0636277012	-0.0673562522	-0.008423308	0.0477443006	0.1776241636	-0.0377729721	0.0858957184	0.1241599062	0.016500567	0.1229865998	0.0416645067	-0.1524494329	0.0599708657	-0.0317672431	-0.0756099917	0.0722769361	-0.0512691591	0.03109132	0.0528601166	-0.1763753673	-0.0246256614	0.0249958384	-0.0162486179	0.0938452712	0.2189707739	-0.051227014	0.152248913	0.1031408686	0.1196688051	-0.093672915	-0.0176301682	-0.0258780958	-0.0094863529	0.0785315441	-0.260407221	0.0521541641	-0.1914256623	-0.0744012572	-0.1475147703	-0.0149817778	0.0180515754	-0.147657389	-0.0034415958	-0.061112114	0.0411203597	0.1861020716	-0.0325238835	-0.098200227	-0.0189996353	0.0822328133	-0.0048017637	-0.2289966754	-0.0064477332	-0.1099106482	-0.0128046203	0.086792312	-0.0864726089	-0.054743756	-0.208262629	-0.0048293567	-0.0513406016	-0.1114507482	-0.1352167807	0.1660417483	-0.0903510917	0.0622364959	0.0162520316	0.0520277292	-0.0138983309	0.0093074049	0.0464133245	0.0927134069	0.09774164	-0.1705812102	0.0374458098	0.0232402058	0.2046075785	0.0561743905	0.006662805	-0.0313048377	0.0078293904	0.0676162727	-0.0041202807	-0.0605514919	0.1634920155	-0.0467749832	-0.1700922185	0.0639809773	0.0415851309	0.0606425414	0.3447370653	0.0563203899	-0.0416738208	0.1145079452	0.099633399	-0.1218821941	-0.085076685	-0.0148328092	-0.1770633422	-0.1082175902	-0.0489294149	0.0976632369	-0.0040002776	-0.0534519471	-0.0909005857	0.1630078363	-0.0130624368	-0.1193411393	0.2034560307	0.0794259085	-0.1709612864	-0.0010205418	0.1407771716	0.0503951652	0.0677816806	-0.1230315635	0.0243247152	0.0875776557	-0.1219264814	-0.1054279714	0.0430942802	0.0350428114	-0.1003291122	0.0084689091968499	0.0121276829210329	0.0001470806930331	7.172242298448881e-05	0.0270430607968137	-0.0001865022914841	3.47831047288573e-08	0.0007313271372601	-0.0792951661493575	-0.0009973896672619	0.0062877233746542	9.947861483609971e-07	0.0013489597514142	0.0001105718670415	1.2226137781043172e-08	1.8196924109354603e-06	-8.11913545393228e-05	0.0001519079443316	6.5920360519300145e-09	2.307602355107594e-08	-0.0010249460533816	-5.759070757050007e-05	3.316689598470854e-09	1.0505144123425176e-06
818.6930742260254	1.4705040446589237	2.162382145358254	670258.3497856603	1068.2013335958884	17.954055953199713	1141054.0890960344	322.3481251706261	767.983866061087	1.4530047039652343	2.111222669745098	589799.2185301337	792.9832603825749	791.5471257770553	1.192603	35.753716	0.1289847691228846	0.0585594001633558	0.037944213	-0.0015692749	0.1618970135	0.0769351731	-0.0848270667	-0.0209964037	0.0333534434	-0.0098645742	-0.1275702027	-0.1516926878	-0.0681903447	0.0207945606	-0.0496659859	0.0130614845	-0.1088657171	0.0079923315	-0.0162417083	0.0163948359	-0.028864038	-0.0352660373	-0.0393973429	-0.0480685933	0.0632496623	-0.0599125395	-0.0111060941	0.052507751	0.0979108694	0.0021089264	-0.0595951758	0.1104861322	-0.0167240975	0.2111334382	-0.0113292413	-0.05047513	0.0952644214	-0.0300668994	0.1766044177	0.2069986902	-0.0505409811	0.1163056743	-0.0186011164	-0.0727303821	-0.1276762342	0.1606870313	0.0559193568	-0.1558701061	-0.1642808512	-0.066403027	-0.0320411893	-0.0396759631	0.0041706803	-0.025593322	0.0601415685	0.1804508685	0.0133385721	-0.0205077199	0.166158048	0.0292930313	-0.1117147694	0.14232861	0.1003600274	-0.0019989991	-0.0292306306	-0.0445371649	0.0662325537	-0.0820975055	0.0354839866	0.039123075	0.0035716566	-0.0498167092	0.1154899152	0.0310281933	0.1776074418	0.2807035596	-0.0434040118	0.1331835855	-0.0448340897	0.0589933691	0.0570267152	0.0323990055	-0.0517079151	0.026671053	0.0598400495	0.0238727956	0.0907632484	0.1314913596	-0.2242775549	0.0062907781	0.0098751685	0.1233830509	0.0997869188	-0.1030607904	-0.0877947471	-0.0304756935	0.0601867095	0.0354391817	0.0755109053	-0.0672044395	-0.1119872432	0.1200434012	0.1315736587	-0.0165553611	-0.0145173741	-0.0115286281	0.1099244703	0.0808700357	0.0924545634	0.0279132211	-0.1131756439	0.0003905848	0.0071965339	0.0740597958	0.0367246728	-0.0018609041	0.0863548187	-0.1303876575	-0.0137988235	-0.1576998595	-0.0244112038	-0.0314334023	-0.2070188732	-0.1073422654	0.0494042187	0.0251860523	-0.0912870929	-0.010490098793241	-0.0189590079900908	0.0003594439839683	0.0001100421726919	0.0674736952878447	0.040430634491031	0.0016346362053473	0.0045526995557969	-0.0909595427736391	-0.0116643766242816	0.0082736384215894	0.000136057682033	0.001130064560675	-0.0002188951907392	4.7915104528750764e-08	1.2770459112935808e-06	0.0002867440501619	0.0003679354047012	8.222215030325023e-08	1.353764620326526e-07	-0.0004531616484724	0.0005717844049092	3.26937405697368e-07	2.0535547964622305e-07
820.2284938655163	1.5354196394908968	2.357513469334356	672774.7821488932	1067.0987090507565	-1.1026245451319028	1138699.654857791	1.2157808875273357	768.8138057417252	0.8299396806381765	0.6887998734977984	591074.6678990752	794.1212496205923	812.1821859016848	1.162655	34.855881	0.0592921258712365	0.0423571095576699	0.0057531875	-0.1378796886	-0.0927758602	-0.0261454521	0.01508446	0.0839969733	-0.0572661373	0.1097839765	0.0240007016	-0.0019251501	-0.0642694884	-0.0930679493	0.0019114616	0.0605173912	0.0190944974	-0.0585659991	0.0565752365	-0.1510500313	0.1036659833	-0.058062716	-0.132169389	-0.0577255445	0.1930748976	0.0627102473	0.0364852106	-0.0445812195	-0.0139318013	0.0523649374	-0.0425351512	-0.2247668274	-0.1583028284	-0.1476089554	0.1728178891	0.1137360774	-0.1362166909	-0.0532866603	0.0022347703	-0.0793670291	-0.1732168589	0.1350430544	-0.166475872	-0.0631064399	-0.0442691664	0.2101100283	-0.0938411124	-0.0410308187	0.0476711343	-0.1057068255	0.0594571323	-0.11766886	0.0178468369	0.017655085	0.0212393564	0.0976921781	-0.0381934491	0.13453584	-0.0182531118	0.0603235233	0.07156151	-0.0390198532	0.1117221172	-0.0352279993	-0.0758736045	0.1902292633	-0.025166178	-0.1275230456	-0.1237971364	0.0276225102	0.1802377936	-0.1106179426	-0.0564606313	-0.0345334322	0.1218912895	-0.1246249989	-0.0587747178	0.060302271	-0.0114718116	-0.1480855928	-0.1112852439	-0.0515272629	-0.0768685825	-0.0216083691	0.0980913797	-0.0480852523	-0.0016383815	0.2412444041	0.0218281255	-0.2394669518	-0.0146314303	0.097346879	-0.0317581013	-0.0537954408	-0.024177068	0.1801104678	-0.1756871318	-0.0526858836	0.1478782565	0.0834276675	-0.0161364732	0.0537077499	-0.0222919153	0.1900761011	-0.1488186793	-0.0244756437	-0.0384291708	0.035728873	-0.081903834	0.0953186679	-0.0786217315	-0.0883536913	0.010051668	0.0144306035	0.0664044615	-0.0522037737	-0.0851695208	-0.1860641798	-0.1298914889	0.1165126446	0.1279048305	-0.0045598373	0.0253841231	-0.1091829923	0.0555787436	0.0151740128	-0.0812449131	-0.0059563353628249	0.0045337634304161	2.055501084297837e-05	3.547793095443843e-05	0.0277317954012232	-0.0397418998866215	0.0015794186065982	0.0007690524761753	-0.0909106209497352	4.892182390389688e-05	0.0082647410014664	2.393344854083896e-09	0.001079104344559	-5.096021611599995e-05	2.5969436265894208e-09	1.1644661864461092e-06	0.0003046316310872	1.788758092530001e-05	9.280043065884792e-08	3.1996555135915676e-10	-0.000683664666037	-0.0002305030175646	5.31316411063863e-08	4.6739737558748286e-07
817.7170362702301	-2.511457595286174	6.307419252920613	668661.1514065688	1063.5189145498905	-3.579794500866001	1131072.4816053773	12.81492866843046	767.1988772268708	-1.614928514854455	2.607994108090016	588594.1172181711	792.4194230693096	801.953274451838	1.053496	31.583344	0.0733166435361829	0.0387164206736329	0.0266353314	0.0519433199	-0.0645300738	0.1436995363	0.1072542205	0.0247225954	0.040601152	0.0600913421	-0.0771603845	0.0533679216	0.0877531981	-0.0579088994	-0.0182263932	-0.1025626808	-0.0327768543	-0.1348142832	-0.0913308211	-0.1846061454	0.0360340931	-0.0399807281	0.0823102209	-0.0082539593	0.0292669221	-0.0549618754	-0.0284114795	2.36354e-05	-0.2174096105	-0.0838369525	0.0071551163	-0.0222353775	-0.0742149922	-0.0429977381	-0.1308899873	0.047445256	-0.1373492288	-0.0724533508	-0.1948590151	0.0399558327	0.0800529643	-0.116803863	0.1724416133	-0.018430655	0.1043804415	-0.1571703031	0.1279809123	-0.0439027413	0.0332873323	-0.0815265569	-0.2045148679	0.1660090335	-0.1337186401	0.079113811	-0.0102504972	0.0559556942	-0.0951323273	0.1459986878	-0.0290214556	0.1333556725	-0.0590809799	-0.149365561	0.0458876115	0.0694673008	0.0786310802	-0.0453298179	-0.0185000105	0.0528305699	-0.0620433087	-0.0609945942	0.1693926281	0.0362664682	-0.0002476983	0.0344253536	-0.2330366257	-0.0304409531	-0.053747668	0.0054187773	0.0745117412	0.1324278952	0.0286233988	0.0355306066	0.1509138777	3.79863e-05	-0.0190075995	0.0529645778	-0.0918524931	-0.0441681651	-0.0813369598	-0.1583728461	0.0485972206	-0.1181065767	-0.273750346	-0.1523998728	-0.0889819596	-0.2381496339	-0.0230441159	-0.0588786489	0.04851822	0.1666185743	-0.0764682656	-0.0282806048	-0.0336957612	-0.0638344366	-0.0959397894	-0.0612499014	0.038841318	0.1016959687	-0.0542416039	-0.0603915674	0.0123576421	0.0588497726	-0.0376382973	-0.0589330712	-0.0494390495	-0.0662748013	-0.1699157483	0.054346925	-0.120243889	0.1963629702	-0.0388399343	-0.036317355	-0.0530077821	-0.1109488906	0.0616009311	0.0050684204	-0.0703125971	0.0083307746407683	0.0142871100035932	0.0002041215122547	6.94018061152682e-05	0.0343188978972932	0.0065871024960699	4.338991929373161e-05	0.0011777867528848	-0.0590991590118505	0.0318114619378847	0.0034927105959079	0.0010119691106254	0.0010360864738385	-4.301787072050005e-05	1.8505372013256558e-09	1.0734751812710967e-06	0.0004117818920497	0.0001071502609625	1.695643266200308e-07	1.1481178424331856e-08	-0.0004212134157473	0.0002624512502897	6.888065877862676e-08	1.774207416055078e-07
817.9500438669729	0.2330075967428229	0.0542925401398659	669042.2742619829	1064.5811975855029	1.0622830356123814	1133333.1262525837	1.128445247749856	766.3559914775861	-0.8428857492846191	0.7104563863470938	587301.5056735941	791.2670235793655	794.3467990932393	1.010745	30.301676	0.0503781109940722	0.0255449028026531	0.0314487716	-0.0818857035	0.1019858523	0.087684654	0.1454488018	-0.0710121383	0.0082254835	0.0026732078	0.0293025534	-0.0963266413	0.0608097189	0.0804336912	-0.0531665182	0.0019095126	0.0010317998	-0.181797871	-0.078673116	-0.0047251619	0.0677050322	-0.0734431694	-0.0924204731	0.0310738994	0.000708179	-0.0968048951	-0.0546942152	0.0780613891	-0.0308127221	0.0591134156	-0.0063526658	0.1729337784	0.0316079141	-0.0045202387	0.0927923611	-0.103140293	-0.1196931403	-0.0170810555	0.0463024441	0.0882106652	-0.0319989568	0.0577356276	-0.0405078341	-0.0412474523	0.2796236769	0.2034325434	-0.0348895164	0.2703503293	0.0039604138	0.0225707811	0.02681069	-0.0062827284	0.0727759617	0.173488157	0.120460113	-0.0745220228	0.0614356835	0.0375762042	0.0829850335	0.0075895395	0.047704431	0.0460936871	0.0158023073	0.1304793466	0.0781651218	-0.0862783314	0.016633576	-0.0211175904	-0.0134516272	0.0306016291	0.0817712553	0.0921811777	0.0645924541	0.0473761208	0.0015803296	0.0961869385	-0.0594653405	0.0257444748	0.0278744658	0.084580689	-0.0606974554	-0.098888848	-0.0072835774	-0.108618722	-0.0235843232	0.0209730663	0.0043962008	-0.0139480644	-0.0779163909	-0.1541253701	-0.2097338496	0.0491722339	0.0179803016	-0.0755595637	0.1372159331	0.1960470037	0.1401787075	0.1059925029	-0.1176638982	0.014178095	-0.1033506347	-0.1649268253	0.0834222034	0.0699964532	-0.0658476105	0.01021765	0.1435142037	0.0864168708	-0.0775644763	-0.0020612127	0.1357702499	0.0222869809	0.1153015718	0.0085272232	-0.0589864788	0.0844373435	-0.0160011738	0.1412932389	-0.09009323	0.0932533807	0.2368184722	0.0059698282	-0.0126947366	-0.1126387502	0.0674542747	-0.0050684204	-0.0586099215	0.0022064771226837	-0.0061242975180846	3.750702009001719e-05	4.86854129292654e-06	0.0344153438011289	9.644590383570129e-05	9.301812366685341e-09	0.0011844158889499	-0.0643295200120874	-0.0052303610002369	0.0041382871449855	2.7356676192799183e-05	0.0011730431976312	0.0001369567237926	1.8757144192029913e-08	1.3760303435088304e-06	0.0001130519703897	-0.00029872992166	1.2780748008993608e-08	8.923956609498975e-08	-0.0007640669017329	-0.0003428534859856	1.1754851285247805e-07	5.837982303237131e-07
818.6790507768367	0.7290069098637559	0.5314510746291023	670235.3881808623	1065.997727832655	1.4165302471521954	1136351.155744383	2.00655794109706	766.7843757958904	0.4283843183042108	0.1835131241689634	587958.2789646932	791.9100575792468	801.449448417635	1.011751	30.331852	0.0553067704876882	0.0324404185626255	-0.0061390352	-0.0708883355	-0.1423725757	0.0737243191	0.0985037527	-0.1562099561	-0.0630378094	0.101702717	0.0776767327	0.0724069368	-0.0807401644	0.0769331955	0.0910234629	0.0277079615	-0.059074657	-0.2304716562	-0.0209881539	0.073632582	0.2045239769	-0.220931855	0.1348072447	-0.0293630285	0.0774377346	0.0148542659	0.190664412	0.0944900056	0.0463030162	-0.005396008	-0.0168985727	0.0834441124	-0.032923445	0.0570405789	-0.1026375108	0.0294801078	-0.1205458405	-0.0847745981	0.0592661265	-0.0936107217	-0.07052438	-0.0433716585	0.22374163	0.0773537209	0.0101737957	-0.2208220583	0.0992015256	0.0521444969	-0.0238338908	0.0108222847	0.0144320769	-0.0739036348	0.0437799432	0.1121846493	-0.1350372872	-0.1045444899	-0.0232412682	-0.0437371736	0.0631446243	-0.1283721644	0.1222473219	-0.1315715628	-0.0370504557	0.0092309886	-0.0821438368	-0.0704667026	0.047754847	-0.0089375257	0.1104417923	0.1377742905	-0.1121157236	0.0423973385	0.0469705239	0.0140209831	0.0015473075	0.1078691918	-0.0631915873	-0.0747529758	0.1229492128	0.0960703168	-0.1085922015	0.2214764184	0.1178393124	-0.0613210903	-0.0652835748	0.1408870502	0.0250174952	-0.0166770224	0.122416923	0.1780517476	0.0439984795	-0.0745370798	-0.1166080323	-0.0742407727	-0.1042435211	-0.033307172	-0.0250866258	0.0542519415	0.0407291854	-0.0552586418	-0.0305002269	-0.0830334947	-0.1389326169	0.103753919	0.0465866074	0.0090308494	0.0241419901	0.1143923923	0.0149962645	-0.0121424245	0.0184105176	-0.0539476709	0.0437823921	0.0912458909	-0.1363776523	0.042664116	0.0398742491	0.1889095651	0.1004679427	0.2281918108	0.0259710524	0.0377088257	-0.0941021768	-0.1142514127	0.0731227308	-0.0151740128	-0.0462651033	0.0082994275521457	0.006092950429462	3.712404493588117e-05	6.888049769331518e-05	0.0344417662473688	2.6422446239897368e-05	6.981456653002665e-10	0.0011862352622383	-0.0909184528952238	-0.0265889328831363	0.008266165076861	0.0007069713518639	0.0014100201334394	0.0002369769358082	5.615806810504379e-08	1.9881567767044635e-06	6.607975260020105e-05	-4.697221778949896e-05	4.366533703703777e-09	2.206389244064122e-09	-0.0005960467607536	0.0001680201409793	2.8230767774703853e-08	3.552717410048593e-07
818.4230335096794	-0.25601726715729	0.0655448410826872	669816.2617791857	1061.7943805221223	-4.203347310532763	1127407.3065083574	17.668128612963013	768.7764596020264	1.9920838061360653	3.9683978906695536	591017.2448382261	792.6931851278769	787.686780822411	1.072853	32.163666	0.0345029110479088	0.0205709256994898	0.0302830604	0.1544355984	-0.0024860787	0.1164503746	0.196063531	-0.0176098731	0.1106365664	-0.0979305817	-1.58585e-05	0.1347516775	0.0008293853	0.0949941533	0.0984137792	-0.0441496999	-0.0345819284	-0.1453396481	0.0597407829	0.0594395617	-0.1360865488	0.002261647	0.0884410913	-0.1027213241	-0.0098827891	0.0018505371	-0.1500315578	-0.0757273046	0.1122085323	-0.1089231627	0.0392176338	-0.056829304	0.1336730763	0.1134818546	-0.1088158722	0.0575128255	0.0388863503	-0.0314063325	0.0833167501	-0.2042582568	0.1783312244	-0.0098244515	0.0330975684	-0.1266811907	-0.0970231801	0.1222537511	0.0369329123	0.0114440572	-0.0195380947	-0.0257560243	-0.2032257516	0.0748974083	0.1122859588	-0.1377312977	0.0457026011	-0.0623248125	0.0183644833	0.0663724363	0.1140221967	0.0110952217	-0.1489858211	-0.0153863577	-0.12169824	-0.1194424236	-0.039766361	-0.009339632	-0.0046445459	0.0663940858	-0.0069126273	0.0807555339	-0.0019877406	-0.0461483824	0.1047549972	-0.0936006887	-0.0431388613	-0.0025738766	0.1563165769	0.1540582353	0.0338050986	-0.028994073	0.0761911472	-0.0408719351	-0.0323290883	-0.0056565004	0.082896728	-0.1115978342	-0.0964293809	0.0093976045	0.0007941959	0.0532630127	0.2383449305	0.0186576875	-0.0239576237	0.1597796887	0.0277701148	-0.1487218251	0.200563818	0.0489270376	0.0474651929	-0.0814358909	-0.0893997997	0.0489758121	-0.0674344865	-0.1427228561	0.0400556398	-0.0560705172	-0.0616532752	0.0092385635	-0.1475516902	-0.0349768651	0.1581136248	-0.0695835819	-0.0932439441	0.1639721726	-0.1685633337	-0.0655933795	0.012427334	0.0722290706	0.0530552865	0.1459643266	0.0848312355	-0.091060592	-0.0127100602	-0.1157857731	0.0785907625	-0.0251860523	-0.033413395	0.0082090394487437	-9.038810340200078e-05	8.170009236610785e-09	6.738832867103026e-05	0.0526466528811511	0.0182048866337823	0.0003314178973488	0.0027716700595884	-0.0954280830780334	-0.0045096301828096	0.009106519039948	2.033676438570736e-05	0.0014100516712099	3.153777049995192e-08	9.946309681076376e-16	1.988245715481832e-06	0.000131961517007	6.588176440679896e-05	1.741384197078875e-08	4.340406881352962e-09	-0.0007640935811346	-0.000168046820381	2.8239733840164093e-08	5.838390007310977e-07
821.7002834968482	3.2772499871688296	10.740367478398094	675191.3558988008	1074.661940191784	12.86755966966166	1154898.2856967694	165.57409185230327	768.7965247829095	0.0200651808830798	0.0004026114838707	591048.0965182788	794.7814821645376	806.416733152411	1.112283	33.345749	0.102178484261518	0.0584546787551964	-0.0434028967	-0.074222141	0.1902072606	0.0993226653	0.0472658657	-0.0450449404	-0.1035914108	-0.1080273432	-0.0950008172	-0.1646225301	-0.0961208278	-0.0178325308	-0.0358131623	0.0771390375	-0.1134991202	0.0329362317	0.1287393638	0.110420616	-0.0496783703	-0.0122969247	-0.1347493422	0.0422532236	-0.0666609229	-0.1507020559	-0.0834648082	-0.2075425583	0.2433198926	-0.0230818382	-0.1710723204	0.1508745625	0.0157854753	0.2194517259	-0.0259854172	0.044518172	0.0244629664	-0.0431716481	-0.1333196749	0.0422660994	-0.0932335154	0.0406890722	-0.1250178083	-0.0478525323	0.0625124719	-0.1188271957	0.1033230665	-0.0485424247	-0.0929146696	-0.0754742746	0.0006081318	0.066958918	0.1060024506	0.0409476273	-0.0568353689	-0.1023343944	-0.1383894876	0.0199994373	0.0555391022	0.0916476734	0.0005531112	0.1887019554	0.1172867609	-0.1131058695	0.0520299134	-0.038885988	0.0862654487	-0.1052699606	0.1234673194	-0.0521450442	0.0377900268	-0.0080895907	0.072632035	-0.0423044444	0.1285382636	0.1795496965	0.1996826556	0.0704674197	0.0476372542	0.028918739	0.1697175989	0.0762467576	-0.0884059232	0.005204023	-0.2139107332	-0.0352036252	-0.099170515	0.1645338994	-0.085710818	-0.0311485339	-0.0353737222	0.053336796	-0.1553775524	0.0987343277	0.0705760943	-0.0705834348	-0.0230643895	0.0157994789	-0.0493119214	-0.1001510894	-0.023701714	0.0964834165	0.1732655067	0.0192536935	0.0052689856	0.0363728461	0.0115658792	0.0305649587	0.0349577121	0.0145010097	0.0088466378	-0.110066829	-0.0694676698	0.0289431324	0.0110001261	-0.0918831862	0.3164373978	0.0072219985	0.0157466612	0.1995151648	0.1063846981	0.0942028327	0.1973892646	-0.1172407796	0.0838433825	-0.0350428114	-0.0201956026	0.0081987763733906	-1.0263075353100434e-05	1.053307157034176e-10	6.721993402086791e-05	0.0371233405926574	-0.0155233122884936	0.000240973224406	0.0013781424167584	-0.1500789960290447	-0.0546509129510113	0.022523705049086	0.002986722286379	0.0011529279180676	-0.0002571237531423	6.611262442998242e-08	1.3292427842596909e-06	-0.0001709866448624	-0.0003029481618694	2.92364327213005e-08	9.177758878004817e-08	-0.0008439015850561	-7.980800392149996e-05	6.3693174899341526e-09	7.12169885260198e-07
821.0304789507571	-0.6698045460910862	0.448638129964286	674091.0473661097	1072.1990452787302	-2.462894913053788	1149610.7926966206	6.065851352746224	767.5542792133318	-1.2422455695776762	1.5431740551353652	589139.5715386973	792.5071699070286	819.2067341108001	1.141967	34.235664	0.0933351114221886	0.0615517995337328	-0.0690945667	-0.1143639728	-0.1484169038	-0.0014290199	0.0577582338	0.0956692615	-0.1238547654	0.0036858874	0.0688070413	0.0631063058	-0.1274327966	-0.0964654632	-0.0705962245	0.0619646921	0.1401419346	-0.0436006733	0.0476631119	0.0977438517	0.0273348716	0.1092100654	-0.1004288964	-0.0588513824	0.1435415953	0.1612548415	-0.0355308691	0.1056708158	-0.0336760105	0.0614332087	0.0092385859	-0.0871991541	-0.0116003378	0.1005977507	0.0224132794	0.0452828087	-0.1003399288	-0.0664378047	0.0721592368	0.1346807776	0.1732023436	-0.1645360842	-0.0158852599	-0.0596032612	-0.1370215812	-0.0937611055	0.0445815402	-0.0804423724	0.0327690284	-0.1501742953	0.0365347346	-0.0413536885	-0.0346886647	0.1310561489	-0.0336078369	-0.1789403118	0.1012357777	0.0979594961	-0.0820473785	0.0033316306	0.1243336029	-0.0064667672	-0.0088583169	-0.0371302794	-0.0830942568	0.0667225865	-0.0973232915	-0.1295296804	-0.1400225828	-0.0139312862	-0.0435205032	-0.0525257958	0.0432611929	-0.1512223802	-0.0088116634	0.0243112041	0.1065977732	0.1271504814	0.0380856777	0.0292162709	0.0308339028	-0.087155595	0.118707764	-0.0170280517	0.0675500648	-0.0484963254	-0.0090961737	-0.1202414866	-0.0347140783	0.0756222549	0.0841074549	-0.1365161554	-0.0884021758	-0.1386033446	-0.0881525821	0.0580804157	-0.1488919709	-0.0275793472	0.0805059574	0.1198220661	0.0600412807	0.0849252883	-0.0541094542	0.17155964	-0.1032085249	0.0392633922	-0.1041836912	0.0263802931	-0.0058238728	-0.0260709995	-0.162379196	-0.1096709105	-0.0702108166	0.1167121534	-0.0494994321	-0.156304099	0.0090085991	-0.0275053955	-0.0772930745	-0.0490048664	-0.0075041795	-0.067091295	0.1647223641	-0.1186154352	0.0888661936	-0.0446835199	-0.0067565429	0.0081987123449067	-6.402848389853999e-08	4.0996467503455945e-15	6.721888411452553e-05	0.0186064686055118	-0.0185168719871456	0.0003428745481883	0.0003462006739678	-0.0913680025623406	0.0587109934667041	0.0083481118922318	0.0034469807538473	0.0013339170095611	0.0001809890914934	3.2757051239642495e-08	1.7793345883964277e-06	-0.0001711571632567	-1.7051839430000037e-07	2.9294774534080656e-08	2.9076522794650395e-14	-0.0009848856139654	-0.0001409840289093	1.987649640749834e-08	9.69999672596003e-07
818.474616327914	-2.555862622843165	6.532433746846742	669900.697573126	1067.3117092160412	-4.8873360626889735	1139154.2846296674	23.88605378966016	766.5094543659806	-1.044824847351265	1.091658961642594	587536.7436324332	792.0190725872968	798.0046956851688	1.114763	33.420094	0.0401103016448474	0.0270013805883697	0.0402801266	0.0432956938	-0.0611031928	0.0955749721	-0.0517137798	0.0922812056	0.0277990323	-0.0169358547	-0.086953271	0.0297874146	0.1350312834	-0.0657274456	-0.0059056611	-0.0194951823	0.1024501714	0.008425425	-0.0978862409	-0.0240759267	-0.0543162452	0.0640041044	-0.0101843741	0.0932108109	-0.0105624984	0.0280433543	-0.1379336165	-0.1701462689	-0.0160613541	0.0499575513	0.0693118597	-0.1416178448	-0.0617863624	-0.0785502938	-0.1309735066	-0.0302809985	0.1002088312	-0.1453193499	0.04428722	-0.073473439	-0.0343674218	0.069093019	-0.0360601148	-0.0210244096	0.1025233216	0.0109433672	0.1698086175	0.0142668193	-0.0159156703	0.0983118388	-0.0800460284	-0.1901877364	-0.0428627122	0.0681113893	-0.0691877767	-0.0339617575	0.0295760929	-0.1234955792	0.1364101792	0.1180721121	-0.0426247406	-0.0939628373	-0.0328286992	0.0708665508	0.0848371382	0.0421113445	-0.0705048203	-0.0062517238	0.021465847	-0.0910004302	0.1690386671	0.0386277803	-0.1473316181	0.044854556	-0.1832944311	-0.0316716175	0.0503065973	0.1087719677	-0.024105153	-0.0571391476	-0.0417171436	0.139996789	-0.0606897531	0.0805732032	0.0907244267	-0.0279422947	0.0159368593	0.054196842	-0.0668817737	0.0572399011	0.0359604308	-0.0336588942	-0.0438906563	0.0536241707	0.1741168888	-0.0428502331	0.1168895638	0.0655195715	-0.0784288224	0.1167893801	-0.050282549	-0.0591842175	-0.0262902745	-0.0699189976	-0.1015046799	0.016432452	0.0190777113	-0.0063630086	0.052676471	-0.1407007336	-0.0852483362	0.0854414682	0.0404494044	0.0246369498	-0.108267149	-0.0438863686	-0.0008160265	0.0444544803	0.0743181761	-0.0893963891	-0.0998272326	-0.0211816281	0.1623359884	-0.1199087977	0.0936454286	-0.0540487397	0.0067565429	0.0082437771775403	4.50648326335984e-05	2.030839140294235e-09	6.79598621529343e-05	0.0249197149890108	0.0063132463834989	3.985707989876318e-05	0.0006209921951335	-0.0676452013930557	0.0237228011692848	0.004575873271507	0.0005627712953174	0.0011529174872703	-0.0001809995222908	3.2760827069497835e-08	1.329218732453662e-06	-0.000171056910095	1.0025316169999349e-07	2.926046649124892e-08	1.005069643084504e-14	-0.0009654016042293	1.9484009736100007e-05	3.796266353964399e-10	9.32000257448506e-07
817.2875578119053	-1.1870585160086191	1.4091079204285857	667958.9521541485	1065.982254640899	-1.3294545751421083	1136318.1672092946	1.7674494673662835	766.5151771215901	0.005722755609554	3.274993176668226e-05	587545.5167577426	791.5929152040223	786.6540963998002	1.057249	31.695858	0.0616350230824567	0.032761539891734	0.092778664	-0.1198448975	-0.0096885279	-0.0672570385	-0.0471431989	0.0544234708	-0.0199990851	0.1132728152	0.0692536151	-0.0593038256	0.080596344	0.1216878003	-0.0145374244	-0.1345866103	0.0938725039	0.0373619904	-0.1246260315	0.0227575644	0.158083653	-0.0637224639	0.0480670372	0.0566603287	0.1719124961	-0.0431857423	-0.0462210934	-0.0823992608	-0.0831239632	0.0593796295	-0.0239543756	0.1876160046	-0.0051146796	-0.1841189214	0.0431006644	-0.0505369097	0.0544262743	0.0536361727	0.0276405309	-0.0608700012	0.0115954976	-0.1075099268	-0.0395905016	-0.0866485263	-0.1085074669	-0.1247888227	-0.0189798056	-0.0484708789	-0.0033284053	0.1157779398	-0.2324247237	-0.0592436652	0.0367574658	0.0234678553	-0.0687116913	-0.1195905104	0.0128938153	-0.0891238974	-0.0657376456	-0.0715186383	0.1105129477	-0.0450561111	0.0048451549	0.1147615388	0.0077446847	-0.0267256101	-0.0840130516	0.0562547574	-0.0310508982	0.0511028661	0.176205053	0.1049832565	0.1043513607	-0.0293678958	-0.0065359716	-0.0053806866	-0.0800602208	-0.0420946086	-0.055689359	0.0402880074	-0.0827691051	0.2078623124	0.0764437218	-0.0428756963	-0.0811254984	-0.2059294323	0.0437172816	-0.057788804	0.017640431	0.0118954005	-0.1530573687	-0.0388304936	0.0338185358	0.0567067823	-0.0145949524	-0.1129549889	0.0763903178	0.0372678869	0.0655516712	-0.078372539	-0.0811886249	-0.1306139617	-0.0435160547	0.0996899764	-0.1471234034	0.0335616603	-0.0613790233	-0.1076443761	0.0513044029	-0.055958644	0.0753762969	-0.1398117154	-0.0197214718	-0.0228028481	-0.0646218725	0.0687509129	0.0150585905	-0.1536373148	0.1618686889	-0.0597877863	-0.0470930059	0.2171973837	-0.0271726913	-0.1211199807	0.098167988	-0.063080731	0.0201956026	0.0010651432372554	-0.0071786339402848	5.153278524861029e-05	1.1345301158709131e-06	0.0187881856048051	-0.0061315293842056	3.759565258937792e-05	0.0003529959183206	-0.0912663094340118	-0.0236211080409561	0.0083295392377047	0.0005579567450825	0.0015008685638078	0.0003479510765375	1.2106995166360526e-07	2.252606445826488e-06	-0.0002567701391444	-8.571322904940001e-05	6.593090435623456e-08	7.3467576340749104e-09	-0.0010258123329826	-6.041072875329989e-05	3.649456148504774e-09	1.0522909424992044e-06
816.9299363772041	-0.3576214347012865	0.1278930905578065	667374.5209492627	1060.0526433234668	-5.929611317432318	1123711.606617069	35.16029037582143	766.6554046580166	0.1402275364264369	0.0196637619722276	587760.5094913471	791.9737781998917	775.8304705244772	1.054985	31.627979	0.0704335124493917	0.0323651963255348	0.1392940888	0.0224825026	-0.006909706	-0.0450454731	-0.028935359	-0.0250325838	0.1313690378	0.0582487957	-0.0362168679	0.0122474615	-0.0466722862	-0.024259211	0.1388502216	0.0080672639	-0.0210195902	0.1523921407	-0.0720222773	0.0297430101	-0.1309854425	-0.2079878388	-0.0671707332	0.1137548604	-0.1063641737	0.0998376913	0.0684509545	-0.0659929935	0.0705235152	-0.0134909895	0.0768392812	-0.0189137939	0.0351498963	-0.0060755616	-0.0787109997	-0.1028084978	0.0849427933	0.0739996133	-0.0666797242	-0.0455239568	-0.0296568031	0.1841294321	-0.0213393612	-0.038925376	-0.0658113722	-0.1063856514	0.069488384	0.0743639741	0.1559914374	-0.0672423407	-0.0907460782	-0.0337700696	0.0724395205	-0.0164335578	-0.091438748	0.1164561659	0.040323529	0.0041341551	-0.018373108	0.1953294455	-0.1053851148	-0.0053586472	0.0205937472	0.0434092605	-0.1380963648	0.0175861315	0.0180479256	0.0083738153	0.1659109229	0.0048146107	0.0182695035	0.1944463514	0.049488679	0.1092549963	0.0897905216	-0.0130650833	0.1586109692	0.0479577872	-0.0421103714	-0.0664551471	-0.0594817987	-0.123211742	0.0042120527	0.0320286103	0.0035348798	-0.0443270776	0.0332016348	0.0123041429	-0.1144724327	0.00745475	-0.1617282081	0.0938732447	-0.0235309399	0.1496390776	-0.029895334	-0.1900538418	0.0213471373	-0.1131873848	0.0675385781	-0.0279056841	-0.1643631881	0.0812940374	-0.0498547606	0.0103326445	0.0655861111	-0.0588048048	0.0711914355	-0.1108800179	0.0136648876	-0.1426826474	0.0572248717	0.1188178852	-0.0997398121	0.0058470783	-0.1233477499	-0.0541230302	0.019207708	-0.0341388841	0.0203436227	-0.0783763009	0.0216285546	0.0246953397	-0.0192185985	-0.1222481541	0.1024214758	-0.0717238087	0.033413395	-0.0081824037563933	-0.0092475469936487	8.551712539974112e-05	6.695173123263918e-05	0.0261599852968004	0.0073717996919953	5.4343430698902e-05	0.0006843448307288	-0.074711703917714	0.0165546055162977	0.0055818387022881	0.0002740549638002	0.0011179360067875	-0.0003829325570203	1.466373432261053e-07	1.2497809152719812e-06	-0.0001709187801424	8.585135900200002e-05	2.9213229405366068e-08	7.370455842490289e-09	-0.0007494050440559	0.0002764072889266	7.640098937180819e-08	5.616079200564254e-07
818.7953013492174	1.8653649720133672	3.47958647881443	670425.7455115558	1059.2707954740872	-0.7818478493795737	1122054.6181443054	0.6112860595794646	767.5281554313989	0.8727507733823359	0.7616939124394654	589099.4693799256	791.8275671304239	786.1434248663513	1.032025	30.939655	0.0540434641000003	0.0270295435412523	0.075005541	-0.1065666818	0.1059189188	-0.1033563476	-0.0744081197	-0.0244853192	0.039088904	0.0240398848	0.0721655942	-0.1489969289	-0.0468264668	-0.058556881	-0.0901239537	-0.1605136242	0.0549825711	0.098264918	-0.0027856964	0.0718360458	-0.0297845864	0.1726055565	-0.1195279391	0.0709718695	0.007948837	0.0772385891	0.1870992142	-0.0878599281	-0.0911650835	-0.0348034016	0.0589133256	0.0115193451	0.0315560561	0.0507391127	-0.0133775598	-0.1900804913	0.1143326182	0.1561785677	0.0759535269	0.0811524478	0.0087299447	-0.1130790184	-0.0251394027	0.0714512173	0.1271851148	-0.1243930658	0.0391356097	-0.1278784461	-0.1421662096	-0.0239858935	-0.0573311454	0.0534130705	0.005372933	0.0514782624	0.155878166	0.1308090861	-0.1043686844	0.1353674802	0.0752422048	-0.0014462218	0.0393695541	0.1222037803	0.0142234483	0.0369037807	-0.0033750185	0.0140011957	-0.1810063926	-0.053856694	0.0269925233	-0.0672174476	-0.0218557514	0.0485522613	0.102885604	-0.0383865576	-0.0136555142	-0.1163828114	-0.057267827	-0.092569799	0.0405947502	0.0415104647	-0.0799497668	-0.0288210703	-0.0540732003	0.1061273276	-0.0760705302	0.0731313354	-0.017012507	-0.1551112123	-0.1497648884	0.1763828602	-0.0395683099	0.0684168582	0.0487079785	-0.0160231217	0.0209757012	-0.0671122955	-0.0891236277	0.0733974372	-0.1864500972	0.0689544619	-0.0400519214	0.0356305486	0.1393616521	0.0788715642	0.0605714261	0.0509137926	-0.0571255078	-0.1808549315	-0.0613971494	0.0387020423	-0.0090945937	0.0048408496	-0.0049311397	-0.0854883118	-0.0546603374	0.2251829542	-0.0410806393	0.0086737179	-0.0345566482	-0.0202624665	-0.1607296143	-0.2544239061	0.0728091608	-0.1232925447	0.1063942335	-0.0799246852	0.0462651033	-0.0020702742248914	0.0061121295315019	3.735812740985763e-05	4.286035366249688e-06	0.0470298118323597	0.0208698265355593	0.0004355496596243	0.0022118032009871	-0.0825393489938832	-0.0078276450761691	0.006812744132334	6.127202743847577e-05	0.0012389146601845	0.000120978653397	1.4635834577751465e-08	1.5349095352200751e-06	-0.0001711276401237	-2.0885998130000747e-07	2.9284669214306583e-08	4.3622491788639463e-14	-0.001012894789813	-0.0002634897457571	6.942684611914123e-08	1.0259558552303214e-06
818.4486613654426	-0.3466399837748213	0.1201592783514083	669858.211290885	1058.9674924307496	-0.3033030433375643	1121412.1500250697	0.0919927360978284	767.3079118696954	-0.2202435617034552	0.0485072264718237	588761.4316178323	791.5484844640783	788.8512929923526	1.019537	30.565264	0.0405500662393567	0.0211268429416262	0.060725136	0.0289256623	-0.0656433909	-0.1543569521	-0.0357866889	-0.0415825008	0.0358249195	0.0261666399	0.084385549	0.066722841	0.0442180899	-0.1329747675	0.054977718	-0.0397346199	-0.0173510563	0.2148659434	-0.0192332372	0.0477904861	-0.0078896857	0.058254394	0.0566235486	-0.2477526364	-0.0815806238	0.1879672749	-0.0211050484	0.1852556928	0.0082704273	-0.0233514221	-0.0607121191	-0.135430081	-0.1554199327	0.012265763	0.0063448476	-0.1293156427	0.0886695878	-0.0219254358	0.0649395191	0.1962912173	0.0657914516	0.2882044028	-0.0342531753	0.1877814666	0.1392979067	0.0222382601	0.1533585369	0.0111870243	0.07220959	0.014681065	0.0616613312	0.030827456	-0.0210142366	-0.0336453818	-0.0140992968	0.0291254887	-0.0743069972	0.0336963839	-0.0308086735	0.0714612773	0.0683911362	-0.0462015536	-0.0842753362	0.0463559793	-0.0772613066	0.0184992066	-0.085753966	0.0947052482	0.0195551421	-0.2044067256	0.0467816759	-0.1381613813	-0.1352885852	0.1228414893	0.0202042833	0.1599888982	0.0105016809	-0.0106804635	0.0415578494	-0.1318322341	-0.0225148474	-0.1546485012	0.1223650428	0.0029855495	0.2381096297	0.1807121511	0.0806730645	-0.0788735286	-0.1128193537	0.0159775538	0.0915349972	0.1396508965	0.0419301441	0.0505790574	-0.0464577923	0.1352548659	-0.0467053485	-0.0427869474	-0.2065965975	0.1346514613	0.0221485289	-0.0311454274	-0.0533941059	0.0005237039	0.1581757224	-0.0206992846	0.0214239849	-0.1455634256	-0.0682029739	-0.063261047	-0.0420472537	0.133424725	-0.0544448117	-0.0214489632	-0.0374388546	-0.1150787628	-0.0659924028	-0.1241522191	0.0258793893	-0.0304402457	0.0011226108	-0.1372622213	0.102864787	-0.1242524367	0.1100753719	-0.0876327994	0.0586099215	0.0020270928760197	0.0040973671009111	1.678841715962863e-05	4.109105528009818e-06	0.0353931884719287	-0.011636623360431	0.0001354110032325	0.0012526777902094	-0.0677281448786786	0.0148112041152045	0.0045871016087072	0.0002193717673422	0.0011749251296294	-6.398953055510004e-05	4.094660020662082e-09	1.3804490602346625e-06	-0.0001710148236069	1.1281651680000249e-07	2.924606989329912e-08	1.2727566462885244e-14	-0.0008768997036287	0.0001359950861843	1.8494663466275193e-08	7.689530902241019e-07
820.8840762655963	2.43541490015366	5.931245735890461	673850.6666664212	1060.9512481689453	1.9837557381956683	1125617.550991243	3.9352868288242417	768.4079714550132	1.1000595853178083	1.2101310912495884	590450.8105956084	791.6963162231445	784.396699319618	1.102935	33.065491	0.0363142072035002	0.0242065766079147	0.0300938361	0.1274721195	0.170202535	0.0011938687	-0.082771014	-0.1685983421	0.0653898861	-0.1300099648	-0.0045997694	-0.0823625962	0.0788747204	0.0147374859	-0.0672418198	-0.115916641	-0.1505825781	-0.0113741454	0.0301293543	-0.0485331711	-0.0564371833	0.136645863	0.0390238886	0.0325053738	-0.0429625529	0.0025851112	0.0331440456	0.0014541139	0.2951628335	-0.00916856	0.0904678446	0.054413778	0.0644832601	-0.2439805189	0.0406962675	0.0281689514	0.0779161386	-0.1051017067	0.1346189919	-0.0811081613	0.1535201776	0.0295341264	-0.125764873	-0.013110955	0.0922880225	-0.010364936	0.0242910132	0.1066783859	-0.0983372453	-0.0854959428	0.0184473691	-0.0440879565	-0.0821647443	-0.0477987155	-0.252436975	0.0501296611	-0.0288108765	-0.0034075166	-0.1650376979	-0.1767243792	-0.0570933217	0.0830514204	-0.0686565422	-0.0343147121	0.144891804	-0.1912228633	-0.2220958321	0.0400780255	-0.1442337208	-0.0355428501	-0.1005437559	-0.0336299642	-0.1207363469	0.1189468923	0.043409523	-0.1600112747	-0.0026525505	0.0597566614	0.1660530242	-0.2532750964	0.018096096	0.0312601314	-0.079398382	-0.1047665986	-0.1059610369	-0.0102881888	0.0321169888	0.0293030988	0.0362623552	0.0525048049	0.0199874421	0.0920570131	0.0204264799	0.0663456107	0.0959696966	0.1044785062	-0.0349922614	0.024574997	0.0318514398	0.0675259566	-0.0243919406	-0.08550744	0.0600404255	-0.2120172715	0.1260682561	0.2218934027	0.0803798866	-0.0912214988	-0.0472247279	0.0655344106	0.0142503335	-0.2082889176	-0.0908087296	-0.0654222114	0.0898281734	-0.0943140527	-0.0730943339	0.0218641551	-0.1429289834	0.0598583735	0.0422107712	-0.0047621829	0.0189956441	-0.1251271724	0.1134548014	-0.0948006283	0.0703125971	0.0013427983917608	-0.0006842944842588	4.682589411871536e-07	1.8031075209153912e-06	0.0342223619956598	-0.0011708264762688	1.370834637532247e-06	0.0011711700605619	-0.091408069650626	-0.0236799247719474	0.0083554351972536	0.000560738837205	0.0010539332054413	-0.000120991924188	1.4639045718738924e-08	1.1107752015317734e-06	-0.0001709127029738	1.0212063310000584e-07	2.9211152037810384e-08	1.0428623704746006e-14	-0.0007824105190294	9.448918459930003e-05	8.928206006240601e-09	6.12166220287855e-07
824.6524520341785	3.7683757685822457	14.200655933237831	680051.6666459831	1070.10621609653	9.15496792758472	1145127.313728433	83.81343775510489	769.5212166871739	1.1132452321606934	1.239314946928516	592162.9029317085	793.4411838180954	832.6072422913397	1.207479	36.199677	0.0810403213832668	0.0529119727812583	-0.1278858312	-0.0813036657	0.1237808484	-0.1772821049	0.050826219	0.0070262701	-0.1090171829	-0.1222245169	0.1680838124	-0.0522387299	-0.0394625992	0.1756663739	-0.0119598515	0.0578585904	-0.0254595373	0.1083587145	0.1090048482	0.0482108998	0.032194216	0.1168954729	0.1435928674	-0.0287497383	0.1489640123	-0.1579021231	0.1166660272	0.0777515944	-0.1159089569	-0.0118729838	0.2782764508	0.1508597647	-0.085141242	0.0005245756	-0.0475210066	-0.1521156802	-0.074955927	0.1393659042	-0.0006092944	-0.1888201816	0.0159088337	-0.0400533598	0.0090156716	-0.0134307236	0.0685422276	0.0991135393	-0.1167082079	0.0928632234	0.0255402384	-0.0734538852	0.0347983442	-0.0185793089	0.1006671454	-0.0140052978	0.1013625194	0.0367260826	-0.0094846402	-0.0491898645	0.0909580477	0.0438347748	0.178771117	0.1056302326	-0.0512272234	-0.0613298643	-0.0162376484	-0.1699529934	0.0850138181	0.0767750377	-0.0678768848	-0.0067663265	0.0273117335	-0.0897174149	0.2709936875	0.0175243569	0.0103750089	-0.2597954646	-0.0344494652	-0.0331815847	0.093604651	0.1787898138	-0.0797520337	0.0497099132	-0.0590697602	-0.0090303087	0.1440339538	0.0892385644	-0.0064653746	-0.0857175769	0.1336472507	-0.0342226372	-0.0730435222	0.0390736881	0.0798505399	-0.0079481216	0.0572060227	0.0526971959	-0.0050052922	-0.043511452	0.0473583687	-0.1347219151	0.1672802637	-0.1072659541	0.0662439601	0.0719307142	0.0210007569	-0.0423457541	0.0226299383	-0.1067375087	-0.1716459041	0.0807910795	0.0602235288	-0.0035476857	-0.0173390633	-0.0669944072	0.0812185777	-0.125238702	-0.1315951787	0.014075854	0.1487249321	0.0104479335	-0.100471255	-0.0451004751	0.0281834866	-0.1259161521	0.1165232592	-0.1013839798	0.0812449131	0.0082205741752545	0.0068777757834937	4.730379972801237e-05	6.75778397708612e-05	0.0380121902640979	0.0037898282684381	1.4362798304252527e-05	0.0014449266086739	-0.139159195381751	-0.047751125731125	0.0193652816592963	0.0022801700085897	0.0011420591322977	8.81259268564001e-05	7.766178984299582e-09	1.3042990616645755e-06	0.0001580735414015	0.0003289862443753	2.4987244491211733e-08	1.0823194898816463e-07	-0.0007470908582569	3.5319660772499995e-05	1.247478437084475e-09	5.581447504910314e-07
822.9361430804421	-1.7163089537364158	2.94571642467579	677223.8955881138	1075.3429252457445	5.236709149214448	1156362.4068760748	27.42312271346631	769.0037968531003	-0.5174198340736211	0.2677232846927736	591366.8395744844	794.6024472953178	828.6090061280611	1.097689	32.908234	0.0513199715544265	0.0287359934470664	-0.1335289656	0.032243525	-0.1023298306	0.0147146376	-0.0269779585	-0.0667095683	-0.1047807277	-0.019587237	-0.0078969241	0.096003231	-0.1396775609	0.0875156426	-0.0086677649	-0.1298531785	0.0349322448	-0.1440035429	0.0803441538	0.0241981737	-0.0690905579	-0.1178509297	0.0800607493	0.0218603353	-0.0118115001	0.1912751471	0.0565601483	-0.0208352634	-0.1976143673	-0.1543416104	0.0886604084	0.0978223395	0.0345070984	0.1714803657	0.2415712015	0.0788717283	0.1345446974	-0.1200825089	-0.1071467786	-0.0884853309	-0.1242868644	0.0782838132	0.1166088528	-0.1365168868	0.0441139123	-0.0898925867	-0.1302792504	0.0771104445	0.0717205641	-0.0533943838	0.0607889027	-0.1862807663	-0.0313657998	-0.1378899828	0.0827680193	0.0698979148	-0.0161422279	-0.0558378303	-0.1153825765	-0.0965956887	0.0316943489	-0.0382930446	0.0302379476	-0.1396527568	-0.1352520186	-0.1157766864	-0.046713744	-0.0232212897	0.0199719074	0.0026873209	-0.0090690213	0.2158073818	0.0418553877	-0.1302842938	-0.1947362646	0.0994604257	-0.1361212618	-0.0971347137	-0.0850045066	-0.012705924	-0.0326740961	-0.1887721418	-0.025449288	0.0191281192	0.0870605118	0.1326268209	0.0743775353	0.2187306847	0.0498790609	0.038396559	-0.0713031956	-0.0701942943	-0.041690227	0.1614718687	-0.0186195488	0.0581981217	0.0954247075	-0.1673156738	0.113581327	-0.091930744	0.0966478063	0.1006369683	-0.1035632581	-0.0216853845	0.0271834576	0.0820107527	0.023456053	0.0441850659	0.0070570277	0.0955314398	0.0042958621	-0.0189789603	-0.0445759697	-0.0813260473	-0.0183564646	0.1157299958	0.0240808621	0.1154802716	0.0042836515	-0.1748207684	-0.0407594975	-0.0497105728	0.0278740042	-0.1266188352	0.1192723348	-0.1073422654	0.0912870929	0.0083271488919791	0.0001065747167245	1.1358170244928672e-08	6.934140866918874e-05	0.0383499932387394	0.0003378029746415	1.1411084967664896e-07	0.0014707219814113	-0.1183388326965655	0.0208203626851855	0.0140040793239857	0.0004334875023426	0.0013309438168737	0.0001888846845759	3.567742406737497e-08	1.771411443674333e-06	-0.0001709419790247	-0.0003290155204261	2.922116019288097e-08	1.082512126813232e-07	-0.0006638864397016	8.320441855529993e-05	6.922975267125539e-09	4.407452048196662e-07
822.449646886652	-0.4864961937901171	0.2366785465722711	676423.4216639785	1066.506015888966	-8.836909356778506	1137435.0819273554	78.0909669799195	768.2801310390333	-0.723665814066976	0.5236922104492192	590254.3597493542	792.4947310824008	815.8561278782533	0.998266	29.927559	0.0493031050498831	0.0328155919195809	-0.091844566	0.1170570132	0.0123371049	0.0477021154	0.1037197963	0.0889101315	0.0318726702	-0.1398278499	-0.0797677326	0.0806959702	-0.0056495569	-0.0723936242	0.0036707185	0.1023857896	-0.0269724126	-0.1012384173	0.0579054545	0.0366467567	-0.0885955012	0.0257638747	-0.0006822023	0.2207569356	0.0459420356	0.0159165804	0.0172899523	0.0471440248	-0.0366045785	-0.079297275	-0.0273115007	-0.0008808611	-0.1017586912	0.1160712566	-0.002891104	0.1551102879	0.0156837751	0.0534237729	0.326679303	0.0520494284	-0.0088800857	-0.0738260714	0.1010033487	-0.0187209445	-0.0152777568	-0.0837128616	-0.1173769983	0.1277047656	0.0340603333	0.0368213336	0.1608622887	0.1020193402	-0.0980013326	0.0943099713	0.0172806568	-0.0631634957	0.1301625507	-0.0921245743	-0.1074763284	0.0685389273	-0.1132985443	0.04843254	-0.048580063	-0.063619758	0.0269948298	0.0884908755	0.127347612	-0.1295935548	0.0658363079	-0.0356416392	-0.0170582601	-0.0262131131	0.0707262846	0.0368263242	-0.1933331502	0.001523728	0.0103875499	-0.0308330786	0.0349328996	0.1108221626	-0.0126107404	-0.0001897908	0.0232889944	-0.0667487111	-0.0312364469	-0.0631818315	0.1328834206	-0.0563680134	0.1466991671	0.2599007839	0.1519997878	0.0154564555	0.0302361674	0.0199597389	-0.0803155661	0.2836500023	0.035218234	-0.0557411934	0.0267855848	-0.0172380336	0.0597359125	0.1340756168	0.0083481047	-0.0978523281	0.0028180737	-0.1179523312	-0.0542669454	0.065790322	-0.0477814151	-0.0792024878	-0.0369769077	0.0677071981	0.1149522114	0.1932024144	-0.0791539142	0.1090663494	-0.0686194533	0.0602335662	-0.0831743918	-0.0117005684	-0.0078152308	0.0650467746	-0.0221655837	-0.1272347401	0.1216944932	-0.1126387502	0.1003291122	0.0081657715962535	-0.0001613772957255	2.604263157570752e-08	6.667982576218044e-05	0.0642918232729528	0.0259418300342133	0.000672978545524	0.0041334385397605	-0.0981912479033013	0.0201475847932642	0.0096415211648075	0.0004059251730017	0.0013309386012511	-5.215622600040354e-09	2.72027191060517e-17	1.7713975603002344e-06	-0.0001709826536555	-4.067463080001496e-08	2.9235067851076668e-08	1.6544255907175257e-15	-0.0007248868079818	-6.100036828019992e-05	3.7210449303200205e-09	5.25460884386043e-07
822.7540403675056	0.304393480853605	0.092655391186174	676924.210941055	1068.1934951448093	1.6874792558433	1141037.3430696838	2.847586238901458	768.509508532147	0.2293774931137022	0.0526140343471265	590606.8647043222	793.4202339296083	815.2513573893001	0.942265	28.248695	0.077446597017387	0.0387151274553264	-0.0829108297	0.0249617461	0.0165496827	0.0836221786	0.0732325317	0.0092771948	-0.0698917969	-0.0699951037	-0.1063954806	-0.0523496921	0.0788457604	-0.1709070153	0.0718461499	0.0072864936	-0.098762909	-0.0476201842	0.0726771437	0.0006814772	0.0121290686	0.0184553186	-0.0162656444	0.1633752217	0.0115231168	0.0693702043	-0.0752693011	-0.0190918722	-0.0605171971	-0.0459962312	-0.1615092032	0.1182063755	-0.1298754098	0.0365217601	0.0405672509	0.1300904058	0.1233198286	0.1597964953	-0.1866407164	-0.0457870858	0.0039802662	0.0544682581	-0.0412896186	0.0283624172	-0.0695721834	0.0905662162	0.0344174309	0.0052408458	0.0571556227	0.0645957705	0.0372455352	0.0557747378	-0.1476715479	0.1037309416	-0.0911745979	-0.0345063831	0.0456821621	0.103467352	-0.1042907598	0.0139703109	-0.0353319925	0.0395788163	0.0249432373	-0.0481995816	0.1352656254	0.0880893482	0.0443035608	-0.077554961	0.0496318846	-0.094162251	0.0492591314	0.0058662262	-0.0254202733	-0.0562515663	-0.0781761675	0.1281319092	-0.0704768319	0.0118765653	-0.0449517957	0.1393070438	-0.0527694714	-0.0133688814	0.1468434004	0.0262800518	-0.11801629	-0.1103846135	0.0588855979	0.1005660084	0.0746137152	-0.0231344584	-0.0535633136	0.0274761305	0.0659275975	0.1491136416	-0.0022825198	-0.1155467576	-0.2828019103	0.0010628767	-0.0906750503	0.0605247793	0.1067469496	0.0588894293	0.0865702019	-0.040463407	0.0046792693	-0.1218138091	-0.0839082568	0.1003103657	0.0409254651	-0.1023735445	-0.0575457197	0.0280955641	-0.0324772602	0.0949581653	0.039007802	0.0357047405	0.0668687972	-0.0685554295	-0.1440786685	-0.0870970435	-0.1676358635	-0.06501252	-0.0933158006	-0.1277634447	0.1237830955	-0.1172407796	0.1082719048	0.0082984645948442	0.0001326929985906	1.7607431874991495e-08	6.886451463188272e-05	0.0470075696925107	-0.017284253580442	0.000298745421833	0.0022097116083962	-0.1155124808074106	-0.0173212329041092	0.0133431332222824	0.0003000251093183	0.0012035984082988	-0.0001273401929522	1.6215524741128955e-08	1.4486491284594052e-06	0.0003656786026418	0.0005366612562973	1.3372084043005944e-07	2.880053040105964e-07	-0.0005347199065465	0.0001901669014352	3.6163450401503095e-08	2.859253784570977e-07
822.3826823243851	-0.3713580431204946	0.1379067961902831	676313.2761870505	1076.6562133009415	8.462718156132269	1159188.6016395225	71.61759859013074	767.7918562778207	-0.7176522543263673	0.5150247581397169	589504.3345665416	792.9831775892103	819.1759936729173	1.048135	31.422609	0.046449862629117	0.0297367482699262	-0.086802945	-0.1783998856	-0.0002661531	0.0957519361	0.0017721279	-0.0166888237	-0.2084375208	0.123501564	-0.0086244682	-0.1011320331	0.1645144372	-0.0599709843	0.1108385299	0.0054476186	-0.008769551	0.0220968266	0.0382021263	0.0904184696	0.1025862127	0.0639571605	-0.0819641207	-0.1455083986	-0.1662958992	0.0126662787	0.2914444389	-0.0685425768	-0.1000739311	0.1317875775	-0.1630849118	-0.0409519895	0.1993006547	0.0079924092	-0.1185994372	0.0517320818	0.0350066701	-0.0373120606	-0.0789603251	0.1651231796	-0.1193114753	-0.0895663538	-0.0907588909	0.085456597	-0.0375869817	0.1178745787	-0.084185125	-0.0400825642	0.02288453	0.0454961984	0.1136051128	0.0275460816	-0.0516384615	-0.1362454732	0.011861605	-0.1231023026	0.0094432583	0.0818059007	0.1622778833	-0.0036402567	0.1770662833	-0.0161127522	0.1327522238	0.0769922852	0.1163737676	0.1993267213	-0.0475978337	0.1547862226	0.2582418103	-0.0418297192	-0.1931652507	-0.0612073359	-0.1580737321	-0.1120943723	0.2105352921	-0.028901932	-0.0256327647	-0.1567702017	-0.0195810712	0.0640752759	0.1038706078	0.0783118745	-0.1216635481	0.2355746588	0.1113717179	-0.0029495548	0.0075311689	-0.0036539381	-0.1434457399	-0.0609836716	0.0205783501	-0.0654140072	0.0673898951	-0.0071938043	-3.09643e-05	0.0140409437	0.0177377571	0.0271762455	-0.0332748766	0.0680983753	0.1300942937	-0.0892890988	0.0882818745	0.0803505807	0.1019173752	-0.0584371788	0.0099710703	0.0977120635	0.1506892572	-0.0523228821	0.1213756206	0.1043271203	-0.1282800234	-0.1044768484	-0.0165787746	-0.0596808198	0.1014928099	0.0750646856	-0.0909875802	0.0972267424	0.1523147636	-0.0460722729	-0.12851217	-0.1282045865	0.1255324169	-0.1211199807	0.1150284477	0.0083544668112409	5.600221639670035e-05	3.136248241342853e-09	6.97971157001257e-05	0.047161961254929	0.0001543915624182	2.383675454596265e-08	0.0022242505894114	-0.1084295645868635	0.0070829162205471	0.0117569704764968	5.016770218728926e-05	0.0013179435871587	0.0001143451788598	1.3074819928502483e-08	1.7369752989327417e-06	-0.0001709396327165	-0.0005366182353583	2.9220358033251924e-08	2.879591305190559e-07	-0.0006668875449234	-0.0001321676383769	1.7468284634127023e-08	4.447389975739599e-07
821.0676008927812	-1.3150814316038577	1.729439171749252	674152.0052358275	1061.7437354039105	-14.912477897031067	1127299.759669449	222.38199702944013	768.9201722002505	1.128315922429806	1.2730968208086242	591238.2312164628	792.5996691894532	805.3677433706848	1.115848	33.452637	0.0615544931855962	0.0330677789129808	-0.0475909264	0.0991568454	-0.0560690975	0.0310808974	0.0102618343	-0.0683960412	0.03405507	-0.0089918645	0.0575919116	0.1781520747	-0.0129635546	0.0894983854	-0.1514142532	0.128425589	-0.1392206687	0.0658917089	0.0467793436	-0.0097194461	0.0268932407	-0.0798135195	0.1671332284	-0.1518138115	-0.0612461661	-0.0336686239	-0.0171548728	-0.0632030826	0.012774525	0.1410738065	-0.1206126065	-0.0671856962	-0.0733876949	-0.0778857982	0.1270088959	0.0448926142	-0.0984397664	-0.0770955777	-0.0292828821	-0.0210866397	0.1948527412	-0.1119225872	-0.1000947014	-0.0984397351	-0.0657143754	0.1355588155	-0.0848174034	-0.1212587596	-0.0324338931	0.0466209188	-0.0078844045	0.0692706264	0.1046259525	0.1014870795	0.2612759362	0.0518971529	0.0611933391	-0.1596750405	0.063392592	0.0167196378	-0.0061204704	-0.142623881	-0.1143744305	-0.053099646	0.0392842028	-0.1146077623	0.1304699409	0.054701266	-0.0440736973	-0.0721759812	-0.1397080814	-0.1431918811	-0.1356645944	-0.231718131	0.1107193992	-0.1396349616	-0.057220273	-0.0289704571	0.0399149135	-0.0563454333	-0.0735368046	-0.0382895744	0.0072704435	-0.0881654106	-0.0264192623	-0.0353834868	-0.0970659704	0.0648497382	-0.0712722851	-0.1053190606	0.1111130107	-0.0332963474	0.1050794228	-0.1106060385	-0.0775514456	-0.0154192579	0.0243112918	-0.002049289	0.1282121462	-0.0120831991	0.0823457572	-0.0873810741	-0.0923318523	-0.0892806856	0.0408614037	0.0925255322	-0.0109138516	0.0347264286	-0.0187101489	0.0921050262	0.1155767455	0.0768838843	0.0578838176	0.0281556065	0.1608334786	0.1644047017	0.0423101758	-0.1263448153	-0.0069892483	0.1071722764	-0.0879273114	0.0484986719	-0.0576721684	-0.1285578634	0.1269376627	-0.1242524367	0.1205247148	0.0083458795735538	-8.587237687100041e-06	7.374065109475127e-11	6.965370585626256e-05	0.0610885402252137	0.0139265789702847	0.0001939496018155	0.0037318097468475	-0.1325428575799279	-0.0241132929930644	0.017567609095453	0.0005814508989693	0.0008799459168139	-0.0004379976703447	1.9184195922747206e-07	7.74304816517455e-07	-0.0001707794804168	1.6015229970000374e-07	2.9165630931432183e-08	2.5648759099199817e-14	-0.0006349246878767	3.1962857046700065e-05	1.021624230587784e-09	4.031293592753249e-07
821.0236465920328	-0.0439543007483962	0.0019319805542804	674079.8282632793	1068.9246099151835	7.180874511273032	1142599.8216823272	51.56495874665071	767.9155780120545	-1.004594188195938	1.0092094829570557	589694.3349535879	793.43467907055	804.12845605143	1.020749	30.601591	0.0466567991510811	0.0247618576739266	0.002560938	0.022143687	0.0637269467	-0.0369399438	-0.0314537004	0.128720206	0.0486381267	-0.0108449303	-0.0126559815	-0.0283113984	-0.00849918	0.1365264183	0.0134288896	0.115105038	0.075862915	0.0567483511	-0.0367746562	-0.0361866567	-0.0249048714	0.0122555061	-0.0498733633	-0.0361569719	-0.0916711559	-0.1677944474	-0.016035693	0.1062462975	0.0198574812	-0.0915755701	0.0306787059	-0.014748743	0.0215722693	-0.1382399594	0.2108914769	0.0344196853	-0.1078828735	0.0096083885	-0.0623030046	-0.0733217956	0.0981817766	0.0452283748	0.05104128	0.2232582611	-0.0520413223	0.1148757962	0.0930948655	-0.1641672948	0.0710965691	-0.0537534043	-0.0181135126	0.0683921762	-0.0058505521	-0.085483423	0.0008560228	-0.0259022748	0.0493725038	-0.050375798	-0.0581208517	-0.091714776	-0.031565572	0.0733345411	0.0080251062	0.0156233301	0.0053154289	-0.0149852068	0.1125149928	0.049290919	-0.1230562271	0.1175607531	0.0241209069	-0.0278222697	-0.0719871094	0.1059338156	0.0939040813	0.0127111453	-0.0919997378	0.016407806	0.0838584777	-0.1303545629	0.1177733607	-0.094044373	0.0233953643	0.0172905287	-0.0213149434	0.1109786313	0.095055243	-0.0521076601	0.080087522	-0.1116415329	-0.0634416171	-0.1412142845	-0.0426661377	0.0500980154	-0.0693036966	-0.1031664255	0.0376730713	0.1454923998	-0.0607153441	-0.102553747	0.0217857909	-0.0590147726	0.0488754492	-0.0079035725	-0.0886007858	-0.0142643575	-0.0157560189	-0.0190853912	0.0795088106	0.0978679669	0.0525190065	0.0984402465	-0.0081425427	0.0981575197	0.2175699471	-0.0536728346	-0.0265585884	-0.0606895479	0.2245275757	0.0794553427	-0.0566742741	0.1292645807	-0.0522218432	-0.1288230331	0.1279949812	-0.1266188352	0.124700488	0.008197608792642	-0.0001482707809118	2.1984224472195353e-08	6.720078991720141e-05	0.0471692938525336	-0.01391924637268	0.0001937454195833	0.0022249422825466	-0.1276128320255836	0.0049300255543442	0.0162850348975898	2.43051519664878e-05	0.0012509308175282	0.0003709849007143	1.3762979655799904e-07	1.5648279102417708e-06	-0.0001710112010659	-2.31720649099997e-07	2.924483089000168e-08	5.3694459219323944e-14	-0.0008168931953762	-0.0001819685074995	3.3112537721595595e-08	6.673144926519385e-07
818.6768448696695	-2.3468017223633524	5.5074783240875975	670231.7763257569	1063.046845930336	-5.877763984847434	1130068.5966424358	34.54810946156958	767.7321533253819	-0.1834246866726516	0.0336446156809604	589412.6592496277	792.2337102446685	788.5222115391649	1.002401	30.051521	0.0755623196059554	0.0387962108256461	0.0664582369	-0.0444883684	-0.0746315921	-0.0275418676	-0.161147168	-0.0252107682	0.0306059633	0.0834065694	-0.0171647154	-0.0083662279	-0.1289160543	0.0266738498	-0.0018931341	0.0354294062	0.1131065896	0.0357646811	-0.125830901	-0.2078693507	0.0376785407	0.0007472025	-0.0563116038	0.0369604536	0.0137004968	-0.1150403198	-0.1333967998	0.0587599741	0.0064324665	0.1216008598	0.0238506613	-0.1186202585	0.1413162705	0.0576870142	-0.0423155451	0.0394498808	-0.0178645554	-0.0186247958	-0.1714718637	-0.0153781391	-0.1065060364	0.0096189671	0.1897683985	0.1439804032	-0.1308890123	-0.0221346795	-0.0158622564	0.0326481528	-0.0649989507	0.0397202673	0.0857758127	0.0305992434	-0.0609319027	-0.09979683	0.0132423661	0.1249372054	-0.0640498518	-0.0058996645	0.0485630769	0.008995923	-0.0716677348	-0.0744545114	0.0922762089	0.0475529161	-0.0992241204	0.0442414756	0.0667723984	-0.0320861418	-0.1081774658	0.1897695926	-0.0916483931	-0.039032698	-0.1006885715	0.0740984534	-0.0113588239	0.013752189	-0.0811895636	0.1333269739	-0.2026222089	-0.0024006207	0.1326127689	0.0401454857	-0.042591643	0.0459164639	-0.0929994464	0.0271924979	-0.0609164481	0.0386410371	0.1243566429	0.0019604968	0.0260849896	-0.0782055356	0.0427525568	-0.1582631649	0.0452377784	-0.1363883171	0.0071155228	0.0334924843	-0.0984702682	-0.0791378859	-0.0680075355	0.0633261163	-0.097930599	0.0826866782	-0.0560014166	0.0426870891	0.0697437867	0.000900286	0.2067188346	0.067441118	0.050287719	-0.0185572514	0.0418849038	-0.1210736566	0.054324192	-0.0396436222	-0.0021086017	0.0744185069	0.0518728255	-0.0526439578	0.1165172006	0.0341034848	0.0162575718	-0.1289999139	0.1287014744	-0.1282045865	0.1275100165	0.0014878039873877	-0.0067098048052542	4.502148052461368e-05	2.2135607048867398e-06	0.0255374506166248	-0.0216318432359088	0.0004679366417829	0.0006521613839965	-0.0990822173939562	0.0285306146316274	0.0098172858037031	0.0008139959712584	0.0013529259837304	0.0001019951662021	1.0403013928614384e-08	1.8304087174528704e-06	-0.0001422172333793	2.8793967686600007e-05	2.0225741470062283e-08	8.290925751369654e-10	-0.0010599052001507	-0.0002430120047744	5.9054834464521585e-08	1.1233990333064952e-06
818.7587168880701	0.0818720184006451	0.0067030273969955	670365.836480199	1061.4289784118207	-1.617867518515368	1126631.4762123614	2.6174953074670744	767.6224809564229	-0.109672368958968	0.012028028513072	589244.2732696938	792.9923933616844	781.9510439647718	1.032807	30.963099	0.0647275630547563	0.0344906923351027	0.0885447983	0.1100868434	-0.0089762023	-0.0879866739	-0.0400458807	0.1247072374	0.15222872	0.0332719717	-0.0742160314	0.0250556552	0.0120491707	-0.0664339069	0.0219019047	0.1405181459	0.170080099	-0.0040340024	-0.0416204493	-0.0904874024	0.0061115504	0.0148226975	0.0472060528	0.027084757	-0.0103686508	0.0299495934	-0.1773467948	0.0522553097	0.0449118551	-0.0359124616	-0.0734749059	-0.0799924916	0.1087677302	-0.0878870234	-0.1479149109	-0.007144959	-0.1887940257	0.0545150362	0.0723012092	-0.025201034	-0.1321014412	-0.0687488221	-0.005764706	-0.1284338709	-0.0021314597	-0.0270801293	-0.0589077719	0.0067531184	-0.1441280909	0.0694280567	-0.1021249661	-0.0040085526	0.0544510712	-0.021889951	0.0513690301	0.1210264297	-0.1412955901	-0.0621251282	-0.0452586985	-0.0728306329	-0.1634080064	0.0235666453	0.001984509	0.0381079511	-0.0345157045	0.1969415714	0.1132295647	0.0241782416	-0.0429034717	0.0031643035	-0.1006565008	0.0584829385	0.1199576615	0.0547257208	-0.0136469518	-0.0376657354	0.0843431699	-0.067104204	-0.1090971991	-0.0754404693	-0.0257819285	0.0912252822	0.0454925709	-0.1845069949	-0.0742943701	-0.1140382735	-0.2400356803	-0.0372824057	0.0724531723	-0.1083079081	-0.007194976	0.1336122804	-0.0487870275	-0.1611103072	0.009834746	0.0329588094	0.1173687948	-0.0566491351	0.0898049711	0.0284827919	-0.0892688957	0.1082642732	0.0111750814	-0.0550680124	-0.1180742156	-0.1204213322	-0.0089215214	-0.0646262289	0.0373460948	0.0577902948	-0.0464114773	0.032836459	0.131416792	0.0195962793	0.0610601305	0.1271491293	0.0548555891	-0.0346822757	-0.0785285701	-0.1369575587	0.0071486229	-0.0728454245	-0.0312303072	-0.1290883846	0.1290552057	-0.1289999139	0.1289225186	0.0026985939347099	0.0012107899473222	1.4660122965364962e-06	7.282409224453061e-06	0.0523421557961825	0.0268047051795577	0.000718492219763	0.0027397012733918	-0.0912425036888748	0.0078397137050814	0.0083251944794143	6.146111097764126e-05	0.00146087106634	0.0001079450826096	1.1652140859593384e-08	2.1341442724693686e-06	-0.0003330708454554	-0.0001908536120761	1.1093618809237497e-07	3.6425101242494474e-08	-0.0007812568103805	0.0002786483897701	7.764492512152523e-08	6.103622037659126e-07
