global_signal	global_signal_derivative1	global_signal_derivative1_power2	global_signal_power2	csf	csf_derivative1	csf_power2	csf_derivative1_power2	white_matter	white_matter_derivative1	white_matter_power2	white_matter_derivative1_power2	csf_wm	tcompcor	std_dvars	dvars	framewise_displacement	rmsd	t_comp_cor_00	t_comp_cor_01	t_comp_cor_02	t_comp_cor_03	c_comp_cor_00	c_comp_cor_01	c_comp_cor_02	c_comp_cor_03	c_comp_cor_04	c_comp_cor_05	c_comp_cor_06	c_comp_cor_07	c_comp_cor_08	w_comp_cor_00	w_comp_cor_01	w_comp_cor_02	w_comp_cor_03	w_comp_cor_04	w_comp_cor_05	w_comp_cor_06	w_comp_cor_07	w_comp_cor_08	w_comp_cor_09	w_comp_cor_10	w_comp_cor_11	w_comp_cor_12	w_comp_cor_13	w_comp_cor_14	w_comp_cor_15	w_comp_cor_16	w_comp_cor_17	w_comp_cor_18	w_comp_cor_19	w_comp_cor_20	w_comp_cor_21	w_comp_cor_22	w_comp_cor_23	w_comp_cor_24	w_comp_cor_25	w_comp_cor_26	w_comp_cor_27	w_comp_cor_28	w_comp_cor_29	w_comp_cor_30	w_comp_cor_31	w_comp_cor_32	w_comp_cor_33	w_comp_cor_34	w_comp_cor_35	w_comp_cor_36	w_comp_cor_37	w_comp_cor_38	w_comp_cor_39	a_comp_cor_00	a_comp_cor_01	a_comp_cor_02	a_comp_cor_03	a_comp_cor_04	a_comp_cor_05	a_comp_cor_06	a_comp_cor_07	a_comp_cor_08	a_comp_cor_09	a_comp_cor_10	a_comp_cor_11	a_comp_cor_12	a_comp_cor_13	a_comp_cor_14	a_comp_cor_15	a_comp_cor_16	a_comp_cor_17	a_comp_cor_18	a_comp_cor_19	a_comp_cor_20	a_comp_cor_21	a_comp_cor_22	a_comp_cor_23	a_comp_cor_24	a_comp_cor_25	a_comp_cor_26	a_comp_cor_27	a_comp_cor_28	a_comp_cor_29	a_comp_cor_30	a_comp_cor_31	a_comp_cor_32	a_comp_cor_33	edge_comp_00	edge_comp_01	edge_comp_02	edge_comp_03	edge_comp_04	edge_comp_05	edge_comp_06	edge_comp_07	edge_comp_08	edge_comp_09	edge_comp_10	edge_comp_11	edge_comp_12	edge_comp_13	edge_comp_14	edge_comp_15	edge_comp_16	edge_comp_17	edge_comp_18	edge_comp_19	edge_comp_20	edge_comp_21	edge_comp_22	edge_comp_23	cosine00	cosine01	cosine02	cosine03	trans_x	trans_x_derivative1	trans_x_power2	trans_x_derivative1_power2	trans_y	trans_y_derivative1	trans_y_derivative1_power2	trans_y_power2	trans_z	trans_z_derivative1	trans_z_derivative1_power2	trans_z_power2	rot_x	rot_x_derivative1	rot_x_derivative1_power2	rot_x_power2	rot_y	rot_y_derivative1	rot_y_derivative1_power2	rot_y_power2	rot_z	rot_z_derivative1	rot_z_derivative1_power2	rot_z_power2	motion_outlier00	motion_outlier01	motion_outlier02	motion_outlier03	motion_outlier04
859.2885023903302	n/a	n/a	738376.7303402165	1215.905683973969	n/a	1478426.6323202052	n/a	794.4525705655911	n/a	631154.8868782755	n/a	847.7233471089164	790.3827094694396	n/a	n/a	n/a	n/a	-0.0754846391	-0.1185496241	0.041101023	-0.0056661635	-0.1033072516	0.1645012297	-0.0488674977	0.0023930449	-0.0523535748	0.1145359577	-0.00754478	0.010975449	-0.0672725527	0.1238771574	-0.0025435613	-0.039147321	0.0381594395	-0.0571827056	0.0397235296	-0.0731013262	0.083158774	-0.0698100216	0.0654800639	-0.1125892641	0.0942099851	-0.1160367749	0.1827526042	-0.0184239619	0.0595154795	-0.0533845705	0.0101019286	0.101161391	-0.0732827532	0.1525938963	-0.0947078047	-0.0412293921	0.1079956961	0.0062712668	0.1004303839	-0.1238539379	0.1218285926	0.0799344021	-0.0481483163	-0.0681041432	0.2304110701	-0.0789696726	-0.0481664049	-0.1804141225	0.027452213	0.0405961425	0.0513809936	-0.0759952248	-0.0655232898	-0.1258236986	0.0281863751	-0.0634108973	-0.1020132312	0.107468667	-0.0055780126	0.2161984775	-0.0018347381	0.0285094532	-0.027563549	0.003172916	0.0670504932	-0.0684315131	0.0060854293	-0.0829450793	0.0905825429	-0.0844180423	0.0315765054	-0.0404810778	0.0823751236	-0.0299936246	0.0333414628	-0.0978233587	0.1079799585	-0.0574804153	0.1492185397	-0.0330506417	-0.1037480921	0.0286582163	0.1815183481	-0.0536342117	-0.0858848034	-0.1254850857	0.0993695069	-0.1046893144	0.0456925189	-0.2396187399	0.1845976518	0.1212744733	-0.120659408	0.1413434106	-0.296995692	0.0958747658	-0.0507453957	0.1608607872	-0.1471314507	0.1033395557	-0.0819565003	0.0717436279	-0.1914942463	0.0038980164	-0.1538946855	0.1373383178	-0.0810666096	0.0577536209	-0.0018787207	0.1288132512	-0.0209033718	0.1290883846	0.1290552057	0.1289999139	0.1289225186	-0.0610587219232883	n/a	0.0037281675229054	n/a	0.0004356845120696	n/a	n/a	1.898209940573254e-07	-0.5616752354362404	n/a	n/a	0.3154790701023561	-0.0026090295410918	n/a	n/a	6.807035146289688e-06	0.0005000055756188	n/a	n/a	2.500055756498875e-07	-0.0019193520799257	n/a	n/a	3.683912406715111e-06	0.0	0.0	0.0	0.0	0.0
857.6343608554062	-1.6541415349240651	2.7361842175609423	735536.696919861	1209.910204102563	-5.995479871405905	1463882.7019915057	35.94577888843337	796.0032290311387	1.550658465547599	633621.1406279996	2.4045416767744343	847.6933827014068	775.3209245847698	1.015634	31.14381	0.1719368446091766	0.0842862711982328	-0.0972195538	-0.0587955813	0.0595089839	-0.0500125037	-0.1136876671	0.0693634276	0.0696117799	0.0272680917	-0.0824010567	0.0260746663	-0.0452677966	-0.0032179037	-0.1321693328	0.1050801805	0.045498681	0.0275515965	0.0431056398	-0.0580084761	-0.0113414042	0.0468503498	0.0271807992	-0.0874392677	-0.0984964875	-0.0461790523	0.1160107867	0.0328661297	0.0849026056	-0.0126847296	0.1431098881	0.0449634235	0.0189664697	0.0389514896	-0.1619447021	-0.1096985241	-0.0311571685	-0.0995438048	-0.0047408307	-0.0197350752	-0.0519191836	0.0813449704	0.0150619541	0.0277550526	0.0607945039	-0.0921910084	0.1251398625	-0.0830961007	-0.0774997947	-0.1215316821	0.0030077217	-0.0264875222	-0.1036530521	0.040102434	0.0986231455	-0.099760698	-0.0636090048	-0.1020958641	0.0018702631	0.0320645278	-0.0685056715	0.0512632019	-0.0368992836	-0.067116295	0.0322646339	0.0827734182	-0.0031510518	-0.0221146517	-0.0308753401	-0.1417413182	-0.0137806279	-0.1018723173	-0.0361054565	-0.0430248724	-0.0272830131	-0.1204395774	-0.0609748705	-0.0182928586	-0.2123063368	-0.1673376927	0.0162999528	-0.0385992086	-0.04564188	0.0147879553	-0.0032695885	-0.0175724742	0.1166863167	-0.1421957978	0.0303211412	-0.1196115729	0.0221241657	-0.1646416754	-0.005955253	0.0455441994	-0.0895628891	-0.059358711	-0.0920309968	-0.0705918995	-0.1799125567	0.0824093575	-0.0944815963	0.0764068693	-0.019096186	0.0197996144	-0.0261905655	0.0361311207	-0.1467098572	0.0733884638	-0.1283471316	0.0511458305	0.0186360387	0.11719667	-0.0007300307	0.1289999139	0.1287014744	0.1282045865	0.1275100165	-0.0703852985363937	-0.0093265766131054	0.0049540902500572	8.698503132012464e-05	0.0464082812786728	0.0459725967666032	0.0021134796534646	0.0021537285712404	-0.551732187575297	0.0099430478609434	9.886420076501244e-05	0.3044084068066227	-0.0038444443801483	-0.0012354148390564	1.5262498245609971e-06	1.4779752592053844e-05	6.0071435000308426e-05	-0.0004399341406184	1.9354204808173078e-07	3.60857730299628e-09	-0.0023778955676212	-0.0004585434876955	2.102621301079533e-07	5.65438733051255e-06	0.0	0.0	0.0	0.0	0.0
853.8257616023765	-3.808599253029684	14.505428270178264	729018.4311758783	1197.551959611549	-12.358244491014148	1434130.6959694608	152.72620689968153	793.1280821563673	-2.875146874771417	629052.1547050374	8.266469551507846	845.4865846723711	772.0462480425607	1.083283	33.218208	0.0535376861257904	0.0298332654216546	-0.1270384824	-0.0049097411	-0.0110346485	0.0227819311	-0.1263734963	-0.0195053886	0.0842836471	-0.0884289926	0.0502549554	-0.0922293381	0.0657169414	-0.1439771871	-0.1423741375	0.1042582631	-0.0697114803	0.1156617671	-0.051015281	0.0121836343	0.0137709305	-0.017602202	0.0050841205	-0.1407319373	0.0382819421	0.0719536384	0.1170353094	0.0152232719	0.0398182729	0.0623604478	-0.1175552798	-0.0957880381	0.0370142762	-0.0243551416	-0.0307011206	-0.0012492949	0.0127353184	0.0438532296	0.0018663981	-0.1048983673	-0.126688398	-0.0673506302	-0.054867968	-0.014209334	-0.0714662501	0.0507189922	0.0991979326	0.0853508436	-0.0025105376	0.0625633746	-0.1272872015	-0.1160802186	-0.0456260629	-0.0336918374	-0.0936560074	-0.1337642738	-0.0794539368	0.0665845515	0.0764638105	0.0690517819	-0.0340770417	0.0747727924	0.0877409461	-0.0888556098	-0.1744440304	-0.0234399187	-0.0252092195	0.0329080563	0.0201061876	0.0303567085	-0.163821922	0.0465477908	-0.033620813	-0.1428242228	0.0378047883	-0.1166307847	-0.0278931657	-0.1116221264	0.0016357794	0.1695560291	-0.0408324931	0.0562458274	-0.0609102964	0.0471256539	0.0709235519	0.0037187441	-0.1385396986	0.039281108	0.0703165144	-0.1391772229	-0.027856556	-0.040978978	-0.1017359283	0.1738845696	-0.1030451033	0.0618161481	-0.033782696	-0.082501876	-0.0786748278	-0.102618582	0.0097283785	-0.0602057655	-0.0066592377	-0.0042232035	-0.0086734333	-0.1126739557	0.0488943868	0.0294658605	-0.0875789697	0.0745332877	0.1302628796	-0.0339881178	0.0682685235	0.1288230331	0.1279949812	0.1266188352	0.124700488	-0.0781867342994075	-0.0078014357630138	0.0061131654204061	6.086239996443072e-05	0.0289120059685359	-0.0174962753101369	0.0003061196497281	0.0008359040891246	-0.5312979037781318	0.0204342837971651	0.000417559954303	0.282277462559037	-0.0038457613576427	-1.316977494399997e-06	1.7344297207560945e-12	1.478988041993782e-05	0.0002140721535934	0.000154000718593	2.3716221327188584e-08	4.582688694411625e-08	-0.0023770994385992	7.961290220000715e-07	6.338214196707903e-13	5.650601740988632e-06	0.0	0.0	0.0	0.0	0.0
856.4689430799597	2.643181477583198	6.986408323438899	733539.0504605032	1205.7523339123022	8.20037430075331	1453838.690734964	67.24613867245534	794.0491640802106	0.9210819238433032	630514.0749764813	0.8483919104308807	845.4941483872983	754.2484234158896	1.084812	33.265087	0.0502068674202703	0.0310192435754793	-0.1062486008	0.0239988812	-0.0945311149	0.0545127767	-0.099420429	-0.0670411501	-0.0771847237	0.0221564103	0.1089731133	0.0707138869	-0.0478629461	-0.077750325	-0.0882693115	0.1160191937	-0.0293450183	-0.0553717273	-0.019812321	-0.064411825	0.0854917375	-0.0384095016	0.1393336668	-0.0125413432	0.052898854	-0.0467115069	-0.0535992178	0.0097164364	0.046389116	-0.0778072956	-0.0536561149	-0.1137107578	0.0487152338	-0.1532543904	-0.0025758033	-0.0162769736	0.118315396	0.0116765373	-0.0917848791	0.0248990024	0.0286518626	0.0055854535	0.0875531547	-0.0062187634	-0.1616544005	-0.0644274867	0.0583553808	0.0461542017	0.0753522305	0.0056321905	0.0439756741	0.0303198522	-0.0037273616	-0.0743499803	-0.0334053597	-0.1043019376	0.0780589575	0.0405286242	-0.0705721226	-0.0389089429	-0.0026672837	0.136368552	0.0441830194	-0.0933489254	0.0001451559	0.1359659528	0.0922063282	0.0097359692	-0.0117015126	0.0034203175	0.0997990272	0.0532624751	0.0797866965	0.1698285341	-0.0398564862	0.0124802761	-0.10301484	0.1145896337	-0.0115260234	0.1099902981	0.0730350874	-0.0123025474	0.0876400146	-0.0066874256	0.1423792638	0.0573511692	-0.0175509445	0.1209283729	0.0386766013	-0.1137758123	-0.0200797716	-0.0455707017	-0.0931094261	0.022112725	-0.0174885411	0.0636140176	-0.1490651847	-0.0984436208	0.0175408566	-0.0632856031	0.0003544647	-0.0752612697	-0.0895856627	0.0037486862	0.0424278469	-0.0886852802	-0.0866522713	-0.023273646	-0.0246279736	0.07933083	-0.0532284507	0.0170848638	-0.055835768	0.1285578634	0.1269376627	0.1242524367	0.1205247148	-0.0825568102542746	-0.004370075954867	0.0068156269193602	1.9097563851307503e-05	0.013316872590849	-0.0155951333776868	0.0002432081850678	0.0001773390956009	-0.5056344823540755	0.0256634214240563	0.0006586111991887	0.2556662297454738	-0.0038501530018513	-4.391644208600384e-06	1.9286538854933288e-11	1.4823678137664578e-05	0.0003010773600105	8.700520641709999e-05	7.569905943682178e-09	9.064757671089224e-08	-0.0023769315559517	1.6788264749992984e-07	2.818458333158569e-14	5.649803621678971e-06	0.0	0.0	0.0	0.0	0.0
856.1302253390714	-0.338717740888228	0.1147297079924247	732958.9627391292	1202.3667184298156	-3.385615482486628	1445685.7255876835	11.462392195253162	796.4921845958311	2.4430205156204465	634399.8001222394	5.968349239742392	847.9094152145242	768.7754009549521	1.09259	33.503597	0.0616929970633217	0.0352574535304727	-0.1160003511	0.0110462526	0.0838308607	-0.0236838156	-0.0920849984	0.0048776061	0.0841821306	-0.1088392062	0.0017169508	-0.0339050445	-0.0014728066	-0.0398139244	0.0339804106	0.12624353	0.0500728099	-0.0101409966	-0.0014861291	-0.025886258	-0.0380495882	0.0709737907	-0.0258022443	-0.038204338	-0.0134939312	0.1519133515	0.1358562262	0.0772525774	0.0064682817	-0.0010430529	-0.1277310306	0.053836103	-0.0305487437	-0.0226376817	-0.0621675745	-0.0418203138	-0.061329451	-0.1316453837	-0.0206704168	0.0166895213	-0.1121454394	0.0234233055	0.0192848991	0.1374954331	-0.0765788608	0.1266484113	-0.120453632	0.0558347768	0.1777061433	-0.1665242768	-0.0521596889	0.0564150492	-0.072193212	0.0401269087	-0.1486931707	-0.1166741843	-0.08364354	0.0080906989	-0.0227239762	0.0254147814	-0.0531699343	-0.0579534457	0.0012770421	-0.0249357141	-0.11003561	-0.0398906107	-0.0573189983	-0.0403052744	-0.092877246	-0.0633648844	-0.0490192069	-0.021453383	-0.0426319749	-0.1351410561	0.0340640321	-0.0406255653	-0.0803879559	-0.1106411901	-0.0251147651	0.0819602781	-0.1146312206	0.0372030684	0.015309576	0.01397435	-0.009129776	0.1091946679	-0.1259447962	0.1481534869	-0.1635519464	-0.1242727904	-0.0468216012	-0.0052684556	-0.105035541	0.1176697256	-0.0698717005	-0.0231807993	0.0348313406	-0.1614586306	-0.0109289336	-0.0517945121	0.0048613273	-0.038881467	0.009391607	0.0140398634	0.0789167718	-0.0540408636	0.0368458819	-0.0643621877	-0.0372313297	0.0554594003	0.0538070388	-0.0999788074	0.0294838694	0.1282045865	0.1255324169	0.1211199807	0.1150284477	-0.0814888136300737	0.0010679966242009	0.0066404267468368	1.1406167893045204e-06	0.0298573110877811	0.016540438496932	0.0002735861056707	0.0008914590253925	-0.5054197738233768	0.0002147085306987	4.609975315480108e-08	0.2554491477716733	-0.0044504372490823	-0.0006002842472309	3.603411774736878e-07	1.9806391708019227e-05	0.0005091390531992	0.0002080616931886	4.3289668172548724e-08	2.5922257549257775e-07	-0.0023078804281416	6.905112781010027e-05	4.768058251846803e-09	5.326312070599054e-06	0.0	0.0	0.0	0.0	0.0
857.9851357006252	1.8549103615537208	3.4406924493993545	736138.4930832202	1207.421372404255	5.054653974439361	1457866.3705385744	25.549526801315636	795.4577491034212	-1.034435492409898	632753.0306086814	1.070056787957308	847.2046880955526	766.1961776138947	1.06293	32.594105	0.1407102395081662	0.0691483404362982	-0.096010808	0.0309818953	-0.088974622	0.0852138856	-0.0977703126	-0.0023458282	-0.0649251574	0.0153200366	0.0947859702	0.0473767041	-0.0061552012	-0.1147345654	-0.08791764	0.1235298267	0.0326728292	0.0038630895	0.0348456464	-0.0749678446	0.0810529302	-0.1714722534	0.0211848002	-0.0420338683	0.0962149798	-0.1031719811	-0.0676089233	-0.107101825	-0.0604099647	0.1518676579	-0.0422120524	-0.0814247653	-0.0626475746	0.0150825784	0.099619967	-0.1245109799	-0.0504241221	-0.1245249264	-0.0403164392	0.1224430603	0.1630902994	-0.0574105437	-0.0500165162	-0.0217576659	-0.0477287661	0.0835480893	0.057862821	0.0914429622	-0.0726453514	0.187152952	0.023628035	-0.0067555511	0.1420582985	0.0901052274	-0.1045562482	-0.1044146417	0.0780631628	-0.0412146812	-0.0342372512	-0.0457158246	0.0183166863	0.1021737339	0.0529700179	-0.1232679566	-0.0890351628	0.0765564573	-0.0073787838	0.0839683272	0.0976280534	0.1274926511	0.148650031	0.0661553316	0.1539480379	0.014265731	-0.1049488527	0.0901847271	0.1959819445	0.0668162166	-0.0010654591	0.0217473851	0.0845036772	-0.0675000203	-0.1158693938	-0.0639386871	0.0160969517	-0.000270473	0.0391065657	0.013286861	-0.0449656469	-0.1096693552	-0.0310205102	0.002753	-0.0631555013	0.0382298037	0.0147024239	0.0801175858	-0.1104262399	-0.0791739343	0.0469535626	-0.1362101832	0.0755865442	-0.1184323278	-0.0030443608	-0.0064573128	0.0130132729	-0.100545871	-0.0824651286	-0.1512962325	-0.0026520335	0.0158239943	-0.0280210238	-0.0665362297	0.0291714557	0.1277634447	0.1237830955	0.1172407796	0.1082719048	-0.0772259270644042	0.0042628865656694	0.0059638438109566	1.8172201871765423e-05	-0.0047837469533078	-0.0346410580410889	0.001200002902206	2.288423491328166e-05	-0.4574508558651189	0.0479689179582578	0.002301017090086	0.2092612855317298	-0.0035420212396933	0.0009084160093889	8.25219646114235e-07	1.2545914462438462e-05	0.0004097106821268	-9.942837107239996e-05	9.886000974110858e-09	1.6786284304880777e-07	-0.0023767835865432	-6.890315840159993e-05	4.747645237715971e-09	5.6491002172611564e-06	0.0	0.0	0.0	0.0	0.0
856.2267965014577	-1.7583391991674944	3.0917567393289853	733124.3270471486	1202.576744183556	-4.844628220698951	1446190.8256511218	23.470422596792684	794.9002042344878	-0.5575448689334053	631866.3346920303	0.310856280873968	845.8772385268561	766.1847646535012	1.114333	34.170353	0.1658162989629603	0.0880267395546143	-0.0880417254	0.0490329066	0.0943463532	-0.0410300408	-0.0564418663	-0.0288622494	0.1258061986	-0.0525643991	0.0704005696	-0.0133095164	-0.0077546438	-0.007841012	0.0859500807	0.0685221509	-0.0457754583	0.0544375902	-0.0322011604	-0.076428879	-0.1064384467	0.1288339491	-0.1684872303	-0.0378743291	0.0392199234	0.055245511	-0.0320487441	0.1005577941	-0.0469570886	0.0797417371	0.0829789133	0.0792421763	0.0492179221	-0.0017260321	0.1341499573	-0.0021645017	-0.0944088569	0.0121856249	-0.0227287765	0.0083809636	1.05284e-05	0.0474696561	0.0580366141	-0.1019150655	-0.0984485922	0.0176042177	0.0016060488	-0.0087745113	0.001294177	0.0696243705	-0.0943518158	-0.1973460013	-0.2475500641	0.1257612438	-0.0175963566	-0.0678896243	-0.1115230156	0.0169408948	0.0400950308	-0.1021173123	-0.035249707	-0.1328070873	-0.0562357003	-0.0169162325	-0.0850005316	-0.0194163367	-0.0049336803	-0.0842468742	-0.0189580369	-0.0422368844	-0.0478332588	-0.0017154486	-0.077934131	-0.0066951494	-0.1189626897	-0.1231972836	0.0584382534	-0.1182053899	0.0801105482	0.136422477	0.0245351232	0.0403677013	-0.0251715922	-0.0647007839	-0.0660811216	0.0339402196	0.1680902146	0.1311558994	-0.0646338356	-0.0848567578	-0.0669624783	0.0289182605	-0.07747828	0.0219376292	0.0291567664	-0.1087278492	0.0834908057	-0.0706419271	-0.035715529	-0.0014461495	-0.0450789043	0.064551597	0.0598550996	0.0033005997	0.0989577099	0.1325391914	-0.0457593299	0.0092185815	0.0363540723	0.0369382855	-0.0493426545	-0.1592450411	0.0167747382	0.1272347401	0.1216944932	0.1126387502	0.1003291122	-0.0641350205390125	0.0130909065253917	0.0041133008595395	0.0001713718336565	0.0601978463219552	0.064981593275263	0.0042226074645917	0.0036237807018017	-0.4126015248492933	0.0448493310158256	0.002011462492567	0.170240018307962	-0.0042379707214348	-0.0006959494817414	4.843456811362617e-07	1.7960395835738598e-05	0.0004323346838812	2.2624001754400016e-05	5.11845455383095e-10	1.8691327888665718e-07	-0.0025160994659769	-0.0001393158794337	1.9408914262385235e-08	6.33075652268924e-06	0.0	0.0	0.0	0.0	0.0
856.9168542514357	0.6900577499779956	0.4761796983046939	734306.4951001762	1200.9877601748608	-1.5889840086952065	1442371.600089829	2.524870179889088	794.0075681689377	-0.8926360655500503	630448.0183095502	0.7967991455206737	844.517711211957	762.2791951473083	1.062621	32.584633	0.1805169645758411	0.0948285765713095	-0.0820394758	0.088857456	-0.0598592094	0.0440946958	-0.067774047	-0.1022036843	-0.0247419098	-0.0075344883	0.0374852974	-0.0181793376	-0.0286068116	-0.0420085421	0.0094199181	0.0404497662	-0.0708185699	-0.0371909155	-0.0391894745	-0.068704769	0.1223379248	0.0734846198	0.1217946594	0.0237120999	-0.0140934298	-0.0054815799	-0.1142509337	-0.0201858055	-0.1496090532	-0.0870607447	0.0033282493	0.1099237826	-0.0682458684	-0.046612984	0.1322727603	-0.0442084315	0.0304809165	-0.0707927035	0.1293668901	-0.0878090316	-0.0707477981	-0.0320121596	-0.0292107861	-0.175451489	-0.0253865309	-0.1313403234	-0.0951752059	-0.0924837483	-0.022101001	0.0291876443	-0.0075418135	0.1478750074	0.0739190514	-0.1313859318	0.0188065893	-0.0569299268	0.0684150232	0.0971998269	0.0294989361	-0.068467181	0.0713671113	0.0396326084	0.0094586855	-0.1061144171	0.0428565206	-0.0015285285	0.059472797	0.1191395299	0.0396612528	0.0320951205	-0.0670905515	0.0344871733	-0.0512140908	-0.0562717702	0.0002626987	0.1308552173	0.0088190089	0.0072624783	0.0218542131	-0.1096393768	-0.0430686049	0.0836507845	0.0534884459	-0.1177000298	0.0508626704	0.0060087456	0.0952726836	0.0879627239	0.2225805043	-0.0739971758	-0.0308978002	0.0868565179	-0.0543825631	0.0754011887	0.042802797	0.0313863956	-0.0772597866	0.0200561749	0.049524265	-0.0608358571	0.1470194856	-0.0668902762	0.1012066714	-0.0602477026	0.0499281992	0.0585970636	-0.0140578728	-0.1415063348	0.0568685944	-0.1030901974	-0.0085778779	-0.1559455602	0.1487518937	0.1266188352	0.1192723348	0.1073422654	0.0912870929	-0.0506157274893723	0.0135192930496402	0.0025619518692783	0.000182771284562	0.0062886562476194	-0.0539091900743358	0.0029062007744708	3.954719740072251e-05	-0.3795272736983932	0.0330742511509001	0.0010939060891928	0.144040951480935	-0.0026880298887641	0.0015499408326706	2.4023165847799423e-06	7.225504682889139e-06	0.0003828839704504	-4.945071343080004e-05	2.4453730588151082e-09	1.466001348278628e-07	-0.0025169925258947	-8.930599178003963e-07	7.975560167816506e-13	6.335251375409783e-06	0.0	0.0	0.0	0.0	0.0
856.7832125841427	-0.1336416672929772	0.0178600952368468	734077.4733660043	1202.1095297891586	1.1217696142978184	1445067.321609912	1.2583670675618763	794.2864450106568	0.2788768417191249	630890.9567276672	0.0777722928472338	845.0878961243423	767.9459220054729	1.066021	32.688896	0.1948212874805491	0.0892219504315255	-0.061123207	0.0604886694	0.0550190448	-0.0382501607	-0.0079310942	-0.0577858645	0.04931061	-0.0319785826	0.063749477	0.0108062402	-0.060546256	0.0061852122	-0.0165729582	0.0291076364	-0.0303523181	0.0192882513	0.0318783966	-0.0003253406	-0.0281970002	0.0257634836	0.1062824629	0.0369492063	-0.2918743046	0.0877239856	0.0024346439	0.0248535844	-0.0092949802	-0.1073243441	0.0226256789	-0.0028032279	-0.1278617051	0.0108372883	-0.0396879094	0.0175462871	-0.1333097796	0.0993471048	-0.0222765965	0.2225519805	-0.1496740868	0.2294688596	0.0334174477	-0.0912099443	-0.0242988235	0.059230202	0.0641301691	-0.1056384212	-0.0549906417	-0.0442830257	0.0809443227	0.058587345	0.1519815428	-0.0782418703	0.1286090884	-0.0232263186	-0.048679571	0.0301844468	0.0118152918	-0.0723345196	-0.0019477343	-0.0890254065	-0.0282417699	0.0570780786	0.044208719	0.1121754554	0.1823168004	-0.0636378541	-0.1307073615	0.0564940261	0.1086724834	0.0087208754	-0.0297931179	0.065380986	0.0517164664	-0.1028475845	-0.0394605833	-0.1707012597	-0.192471646	-0.2231628038	0.0181103229	-0.0599713392	0.1589752509	-0.0170026629	0.0283641411	0.0585201561	0.071261866	0.1448765557	-0.0629131299	-0.0393631772	-0.0179225949	0.0453448504	-0.0422496548	-0.0916334253	0.0863825182	-0.1831364738	-0.0164645435	-0.0431339288	-0.070047507	0.0325108721	-0.1014710282	0.120201342	0.0934271126	0.0261877315	0.0654673881	0.1598231188	-0.0411702464	-0.1209310697	0.0880916118	-0.0754712327	-0.0617113941	-0.1003898949	0.0940584823	0.1259161521	0.1165232592	0.1013839798	0.0812449131	-0.0206891973886911	0.0299265301006812	0.0004280428885882	0.0008955972038669	0.0646487866296041	0.0583601303819847	0.0034059048182022	0.00417946561268	-0.35114153320594	0.0283857404924531	0.0008057502633048	0.1233003763422182	-0.0035830372166614	-0.0008950073278973	8.010381169898655e-07	1.2838155695980673e-05	0.0004859994144932	0.0001031154440428	1.0632794800143821e-08	2.3619543088773325e-07	-0.0019521375677262	0.0005648549581685	3.19061123767538e-07	3.810841083327965e-06	0.0	0.0	0.0	0.0	0.0
857.6642928571761	0.8810802730333762	0.7763024475285688	735588.0392421999	1199.8494105604827	-2.260119228675876	1439638.6080223378	5.108138927830437	794.6015362910659	0.3150912804090922	631391.6014761222	0.0992825149898411	844.7344314661403	758.8150011193912	1.060323	32.514156	0.2589960661374009	0.1288798819989338	-0.0344202288	0.0961063099	-0.1027446363	0.0197695627	-0.0367065329	-0.0812559737	0.020034959	0.0135972172	-0.0131411095	-0.1332415249	0.0300283153	0.0460712018	-0.0239987416	0.0143553756	-0.0008149211	0.0598061882	0.0060212091	0.0102711315	0.0613945639	0.0215129318	0.0466180949	-0.0073982089	0.1392498455	0.1189325937	-0.0824646053	0.0769451923	-0.0674482866	0.0958489041	0.0592506071	-0.0367443724	0.0258112354	-0.0096117536	-0.1208486476	-0.0542662761	-0.0337018504	0.0613459396	0.0131805649	0.0171561811	0.016327887	-0.1132734939	0.101253219	-0.0033040574	0.1978866418	0.199709876	0.0035928994	0.1173878316	0.0570199851	0.1787375095	0.1037001452	0.0989858272	0.1431776342	0.0282777723	-0.0297689538	-0.0172868879	0.0461862602	0.0455656124	0.1062056075	-0.0637558154	0.0581371462	-0.1149954262	-0.0231003304	-0.1057381043	0.0418149863	0.0442855483	-0.1633013516	0.1077380893	-0.0375351483	-0.036471656	-0.0827899474	0.2061994758	-0.0317268474	-0.1911532375	-0.1540569987	0.0443166175	0.0274452184	-0.0329822541	-0.0074560152	-0.1059861781	0.0066159885	-0.0418010974	-0.0611545441	0.0438162132	-0.0821381066	-0.0498492754	-0.2642719872	-0.1460140105	0.0295926992	-0.0035924683	-0.0018883479	0.1373598238	-0.0603957748	0.0112873017	0.0666936816	-0.0716916316	-0.0423209091	0.0655358646	-0.0306911936	-0.0413863334	0.1657026022	-0.0477864788	0.1435640131	-0.0820936447	0.0951708677	0.0878615193	-0.0142589576	-0.0867015364	-0.002358942	-0.0907192032	0.0211543898	-0.0206957641	0.001173075	0.1251271724	0.1134548014	0.0948006283	0.0703125971	-0.0280041019199472	-0.007314904531256	0.0007842297243427	5.3507828301391005e-05	0.0248152844484508	-0.0398335021811533	0.0015867078960159	0.0006157983422575	-0.2479101028804251	0.1032314303255149	0.0106567282070516	0.0614594191101829	-0.0019549986086184	0.001628038608043	2.6505097092785894e-06	3.82201955969988e-06	3.847475534168865e-06	-0.000482151938959	2.324704922419533e-07	1.4803067986027992e-11	-0.0018900035327387	6.213403498750002e-05	3.860638303827877e-09	3.5721133537647667e-06	0.0	0.0	0.0	0.0	0.0
857.9385893088001	0.2742964516240818	0.0752385433735622	736058.623025174	1202.5984579868004	2.749047426317702	1446243.0511522302	7.557261752143981	793.0414173048855	-1.5601189861804414	628914.6895609415	2.4339712510406883	843.0564286973741	767.9038325869558	1.213721	37.217999	0.2547933912106151	0.1465915870519868	0.0813472604	0.1362540835	0.018170516	-0.1214168701	0.1334202916	-0.0740039659	0.0097956244	0.0365591215	0.1315204882	0.0679082827	0.0617440183	-0.0019885899	0.0665074054	-0.125321765	-0.0353957694	-0.0383795217	0.0563671835	-0.0572981412	-0.1125522924	0.0845807937	0.03419004	0.2338240426	0.0024736131	-0.0922256201	-0.1811358836	-0.0708269953	0.0620060496	-0.0584129815	-0.0989534432	-0.098039467	0.1122563872	0.1771507304	0.0631640911	-0.1196886904	0.0567677684	-0.0101559119	0.1197324376	0.1806045185	0.0181669545	0.0281806493	-0.0100485357	0.1171812065	0.0069553921	-0.0017087923	-0.0204141926	0.0080553041	0.0176536013	-0.04317969	0.0593300996	0.0315614006	-0.1297331127	-0.2077985335	0.0024732221	0.1177045066	0.0399939585	0.0369395105	-0.0291100751	-0.0886649056	0.156241559	-0.0918355275	-0.1709554488	0.0716229254	-0.0106312289	-0.0069857419	0.1195089687	0.0604879804	-0.017848686	0.0463733518	0.1660469163	-0.0138746048	0.1524766765	0.0611839109	-0.065844738	-0.0286248802	-0.0329776371	0.0659232471	0.1298115059	0.0070012279	-0.0186334923	-0.1788499701	-0.0581864221	-0.0198020745	-0.0040559562	-0.1838455328	-0.0151280478	0.1357727237	-0.0553158635	0.1146655781	0.0003147003	0.1144797432	-0.0395008512	-0.1003382193	0.1616944755	-0.0737709251	-0.0498580137	0.0836205844	0.1068006401	0.0220988709	-0.2078687639	0.0275865936	0.1075632432	-0.0253957526	-0.0971751779	0.1056699223	0.0312284647	0.0556959605	-0.0003474491	-0.0761865895	-0.0701212013	0.1340877226	-0.1220256772	0.1242524367	0.1100753719	0.0876327994	0.0586099215	-0.0081523758095158	0.0198517261104314	6.64612313395784e-05	0.0003940910295635	0.0439279937416756	0.0191127092932248	0.0003652956565273	0.0019296686341686	-0.1097066797140726	0.1382034231663524	0.0191001861748978	0.0120355555738861	-0.0012439351786727	0.0007110634299457	5.056112014061434e-07	1.547374728739482e-06	0.0001142209563658	0.0001103734808316	1.2182305270890446e-08	1.3046426873117989e-08	-0.0011589297907039	0.0007310737420348	5.344688162927653e-07	1.3431182597809855e-06	0.0	0.0	0.0	0.0	0.0
859.4627115759068	1.5241222671066907	2.322948685090439	738676.1525894104	1205.9932918360976	3.394833849297129	1454419.8199536668	11.52489686433356	793.1278043083394	0.0863870034538649	629051.7139669674	0.007462714365738	840.8562808494784	766.186095848594	1.002669	30.74622	0.0617704695842525	0.0321584876013959	0.0919820584	0.1311983883	-0.0661485154	-0.0134351472	0.1430334625	-0.1045560879	0.0483209424	0.0222127407	-0.0015603257	-0.0295583402	0.0370391709	0.1366361646	-0.0152589288	-0.1206283311	-0.047913031	-0.0347689527	0.001037632	0.1338829841	0.0079907667	0.0742710203	-0.0859402553	0.0441387046	0.0693081494	-0.0802660942	0.0171941962	0.0709036755	-0.0399025031	0.0660017537	-0.0832711901	0.1499537851	-0.0419305101	0.0488222331	0.1114098454	0.1053412164	-0.0214681314	0.0257798927	-0.1955127337	-0.1231640306	0.0174336516	0.0318031649	0.002813229	0.0377848327	-0.1564318506	-0.0286727349	-0.0160006512	-0.000668446	-0.2583172098	0.0471248807	0.0749992594	0.0579404911	0.1039777313	-0.0098902933	0.0271360798	0.1280039449	0.0349277077	0.0818667161	0.0788780785	0.0189933461	-0.0203592911	-0.0467551077	0.0490640625	0.092931439	0.0140670931	0.0201232867	-0.0246761348	-0.0908201969	0.0772809514	-0.0827593967	-0.0152866258	0.0071032102	0.1278473326	-0.1093448819	-0.0059224429	0.1682368652	-0.0967457365	0.1123742837	0.0502054938	0.0833731104	0.0192296535	0.1127370259	0.0112778065	-0.0032435552	0.0527424201	0.0806146056	0.268867774	-0.1084755264	-0.1006377105	0.1139608455	-0.0231536977	0.1140165383	-0.0109560135	-0.0265326648	0.1002001336	-0.0480026789	-0.0392659343	0.079605051	0.0514797525	-0.0054144284	0.036615379	0.044824869	-0.0636029629	-0.0422331876	0.0167245763	0.1049514073	0.1214927341	0.0441234708	-0.0044042651	-0.0008224643	-0.0834840693	0.0050345341	-0.2371426263	0.1232925447	0.1063942335	0.0799246852	0.0462651033	-0.0201498095779584	-0.0119974337684426	0.0004060148260279	0.0001439384170281	0.0230232742165696	-0.020904719525106	0.0004370072984233	0.0005300711556513	-0.1097006201003836	6.059613688991217e-06	3.671891805980974e-11	0.0120342260504086	-0.0012652047384214	-2.1269559748700057e-05	4.5239417190352167e-10	1.6007430301239633e-06	0.0004208914656735	0.0003066705093076	9.404680127904409e-08	1.77149625876787e-07	-0.0014082348551878	-0.0002493050644839	6.215301517732153e-08	1.9831254073658044e-06	0.0	0.0	0.0	0.0	0.0
864.95011969765	5.487408121743215	30.1116478945734	748138.7095649792	1203.8095508012616	-2.183741034835976	1449157.4346003353	4.768724907226496	794.8623036877042	1.73449937936482	631806.0818237241	3.008488097016946	843.1598329166908	796.062217792635	1.057317	32.421993	0.1285312278311678	0.0738840534772519	0.0740601852	-0.0297266707	0.0341623961	-0.0303847208	0.0668911373	-0.0604400364	-0.099230626	-0.1262662149	-0.0668487652	0.0402756982	0.0157718853	0.1775722579	0.0860006924	-0.0897612294	0.0168328382	-0.1390394445	0.0848405098	0.0272693508	-0.0098546544	-0.0337261971	0.0311175699	-0.034937462	0.0778108913	0.0386806781	0.0178209694	-0.0940730629	-0.2159972565	0.0932119713	0.0954038345	-0.0340592683	-0.0483734206	-0.0568868255	0.0147666714	0.0856834754	0.1467238032	0.0547588948	-0.0265419798	0.1124240239	-0.0729439881	0.0104798034	-0.116305868	0.1700988683	0.1708958307	-0.0697109442	-0.1944223952	0.046838101	0.0652094876	0.0581021752	0.0514465533	-0.1124583776	-0.0412388873	0.0415032586	-0.0514722724	0.0904760423	0.0479356418	0.1050958824	-0.0974078508	0.0566110871	-0.0241030802	-0.1099937719	0.0089180356	0.0267910174	0.1135405154	0.0107995334	-0.1334889885	0.1419282907	0.0660746949	-0.0243272939	0.0207322403	0.0219570476	-0.0077788573	0.0067009388	0.073435482	0.271772737	0.0597033245	-0.074625955	0.0798256332	-0.0014819324	-0.080417384	-0.0561460971	0.1087850371	0.0929944053	-0.1274185017	-0.062021304	-0.0393964232	-0.0718593667	-0.1876122554	0.07977334	0.0413218652	0.0874138336	0.0810613284	-0.0543557241	0.0770665527	-0.0150754364	0.0745655804	-0.0274491835	0.1997758487	-0.0012867836	-0.0328838809	0.0155878214	-0.0405696462	0.0522876581	-0.0231045691	0.0588211489	-0.0131479067	-0.0114846831	0.0405265336	-0.0713374011	-0.000692778	-0.0145165099	-0.1803640191	0.1222481541	0.1024214758	0.0717238087	0.033413395	-0.0081424577014104	0.012007351876548	6.629961741925755e-05	0.0001441764990872	0.0067598110436222	-0.0162634631729474	0.0002645002343778	4.569504534547665e-05	-0.1756793149722071	-0.0659786948718234	0.0043531881769891	0.0308632217091039	-0.0013659513221492	-0.0001007465837277	1.0149874132822596e-08	1.8658230144811476e-06	8.529154540282136e-05	-0.0003355999202706	1.1262730648568585e-07	7.274647717201537e-09	-0.0011589470009893	0.0002492878541985	6.214443425089263e-08	1.3431581511020925e-06	0.0	0.0	0.0	0.0	0.0
864.6726926636741	-0.2774270339759823	0.0769657591807108	747658.8654382485	1209.476580210201	5.66702940893947	1462833.5980769629	32.11522232178484	795.8171955174106	0.954891829706412	633325.0086811965	0.9118184064400592	844.1261239779197	806.1381077593189	0.965414	29.603836	0.065404220673806	0.0371810936734093	0.093542306	-0.0916863597	-0.0264826766	0.0776933241	0.0502409602	0.0445632368	-0.0245406024	0.0250793703	-0.1026576018	-0.0950394821	0.0764462156	0.1288541726	0.1977348896	-0.0616055004	0.126373852	0.1512634386	-0.1489174472	0.0656094155	-0.1509994937	-0.0173061675	0.0718600408	-0.0406140721	-0.1075823189	0.1880905445	-0.1073839715	-0.0687230082	-0.0503641898	0.0193840274	0.0326500101	0.2414716801	0.1300677435	-0.0175051848	0.0365639035	0.0276962815	0.1036604028	-0.0095356324	0.1748601526	-0.0809879243	0.076912285	-0.0272130219	-0.1216031215	0.0113488991	0.1141092982	0.0074883159	-0.0135879458	-0.1224034618	0.0124471896	-0.1239117317	0.0286286787	-0.0050439987	0.0256883134	-0.0876179972	-0.0528171089	0.0761188482	0.0331057305	-0.0892721721	0.109887815	-0.0146222214	-0.1741186274	-0.0528854778	0.0159575981	0.1066099834	0.0262295322	-0.0740840363	-0.0997118573	0.1054694885	-0.2535875412	-0.0114325111	0.0422095336	-0.0900488159	-0.114945986	-0.015691702	0.0212781281	0.1417321004	0.0994337427	0.1422435445	0.0635888328	0.0087957096	0.0824980643	0.1435634754	-0.0062042291	-0.0824777043	-0.0806575655	-0.0919199449	-0.007051512	-0.0117421601	0.1513908646	0.0830760683	0.04532889	0.0447055723	0.1036960185	-0.1041888109	0.0561687779	0.0245589236	0.0989722815	-0.0132589072	0.0003169419	-0.0916268692	0.0515970309	0.0217892669	0.0019344736	0.022829613	-0.0249110099	0.0975916995	0.0957106356	0.1229204699	-0.0457756402	0.0309719089	0.0168448541	-0.0355832276	-0.0920649452	0.1211199807	0.098167988	0.063080731	0.0201956026	-0.0082955507774471	-0.0001530930760366	6.881616270120319e-05	2.343748993037865e-08	0.0342616021258095	0.0275017910821872	0.0007563485127282	0.0011738573802272	-0.1520329093820649	0.0236464055901421	0.0005591524973335	0.0231140055351751	-0.001345993035195	1.995828695419981e-05	3.983332181461824e-10	1.8116972507934487e-06	1.7149464217824928e-05	-6.814208118499643e-05	4.643343228222644e-09	2.9410412295845757e-10	-0.0009649887506197	0.0001939582503696	3.761980288643644e-08	9.312032888225696e-07	0.0	0.0	0.0	0.0	0.0
864.4529123167958	-0.219780346878224	0.0483034008739124	747278.8376129899	1205.491052696353	-3.985527513847956	1453208.6781309615	15.884429563639063	794.0946540534961	-1.7225414639144674	630586.3195963417	2.967149094904596	843.8542116348353	801.6465921420212	0.95952	29.4231	0.0260171585386575	0.0237551929141422	0.0777208512	-0.065292655	-0.0003237331	0.0095155478	0.0602340565	0.0008668977	-0.081162082	0.0016654748	0.0760075306	0.0405177288	-0.1103488842	0.0257495414	0.0890809352	-0.0687135887	-0.0310563673	-0.0596709597	0.0688719585	-0.0224338765	-0.0130593056	0.031522998	0.0763678231	0.2512692699	-0.0445203909	-0.0297079819	-0.0011772238	0.0987509289	-0.0360490028	-0.064935486	0.0735306587	0.0840717012	0.140500033	-0.1292934999	0.1037728923	0.0372127657	-0.0747209241	-0.0033196214	-0.0569610952	-0.1290182011	0.0376314011	0.05832704	0.0267871062	0.0472696068	0.0523735466	-0.067397934	-0.0428247386	-0.0514186775	0.1785339707	0.1178039913	-0.0520971052	0.1608833553	0.2365789983	0.1929367293	-0.0325313734	0.0603261843	0.0009936725	0.0313139378	-0.1138688512	-0.0371803242	0.1283319461	0.0006963231	-0.0838669078	0.1362264803	0.0825218123	0.0148494282	0.0324497753	-0.021944354	-0.1545642325	0.0385144399	-0.0402771245	0.1204913707	-0.0760874502	0.0263588567	0.0758740762	0.0379711504	0.1798508523	0.2331935137	0.0967380415	-0.0078866654	-0.0823152299	0.1442391191	0.0985368014	0.0579448298	-0.0576210631	0.1444588377	0.0093984617	-0.0368272464	-0.0003998685	0.0677286526	0.055508227	0.0684425765	0.0887298615	-0.0774584301	0.0224710938	-0.003254842	0.0706397225	-0.0049740001	0.1378131197	0.0961028698	0.0687583704	-0.1033201565	0.1402009601	-0.0205886675	0.0305445097	-0.024061839	0.0426141405	0.0630302931	0.0224904421	-0.0202876431	0.0213129315	0.0997659979	0.0105707377	0.1199087977	0.0936454286	0.0540487397	0.0067565429	-0.0081482639175192	0.0001472868599278	6.639420486954535e-05	2.1693419107420737e-08	0.0349712810144637	0.0007096788886542	5.036441250014662e-07	0.0012229904957925	-0.1540273885453729	-0.0019944791633079	3.977947132869777e-06	0.0237244364221072	-0.0013459965316678	-3.496472799876041e-09	1.2225322040273e-17	1.8117066632617468e-06	1.633850482307686e-05	-8.109593947480676e-07	6.576551399301521e-13	2.6694673985370577e-10	-0.0005024889339519	0.0004624998166678	2.139060804177486e-07	2.5249512874411694e-07	0.0	0.0	0.0	0.0	0.0
866.9015633206261	2.448651003830264	5.99589173855896	751518.3204877456	1209.7168684162075	4.225815719854381	1463414.9017307158	17.857518498168403	794.6721749863647	0.5775209328685378	631503.8656975594	0.3335304279013461	844.4723262032546	811.0637351085305	0.954015	29.254299	0.1031278554453894	0.0477677243272299	0.1040215361	-0.1057746586	0.034170602	0.0462645255	0.0719321278	0.0610115223	0.0067506944	0.0072673928	-0.0972489324	0.0237600677	0.1581162132	0.1068468443	0.0806593947	-0.061831515	-0.0224760259	-0.0231102429	-0.0892419686	0.1903267976	-0.1743527608	0.0437930224	-0.0495454015	-0.0528209864	-0.0524710001	-0.0201663474	0.0315815911	-0.042039802	0.0481271799	-0.0277697003	-0.040535212	-0.1423751903	0.0129481133	-0.121577571	0.1187563953	0.0045260733	0.1121583072	-0.0197111051	0.0443363895	-0.0897600367	0.0167557835	-0.0480511841	-0.0582700023	-0.0336999323	0.0477056457	-0.1033757499	-0.1721993148	0.1172745508	-0.0062592921	-0.0333948983	0.0045028065	0.0565932131	-0.1614820222	-0.0283966708	0.0927370026	0.0689382028	0.032269741	-0.0109909441	0.0592888047	0.1336252878	-0.071973703	-0.0290451983	-0.0141521982	0.1738856294	0.0380952507	-0.0464979567	0.0261721133	0.0119616421	0.0175627929	-0.0267514906	-0.1361902934	-0.0963052351	-0.0892808082	0.1832496173	0.002092892	-0.0124452823	-0.011971003	0.0535112084	0.1297844693	0.0708099923	-0.1800379434	-0.071830883	0.059356164	0.0436376308	-0.1312001694	-0.0203370267	0.0158696244	-0.0405331198	-0.0001028883	0.0875645881	0.0471044061	0.0435010752	0.110507316	-0.0700258594	0.0214739864	0.0227740314	0.0837351846	0.0426725918	0.0433809463	-0.1096167806	0.0073379708	-0.0024124204	0.039257027	-0.0235216594	0.0485539057	-0.007348543	0.0936576822	0.0546685485	-0.0226480737	-0.0796830902	-0.0230644608	0.1268082879	0.0240768533	0.1186154352	0.0888661936	0.0446835199	-0.0067565429	0.0179202317545588	0.026068495672078	0.000321134706137	0.0006795664666051	0.0496633041738618	0.014692023159398	0.0002158555445162	0.0024664437814655	-0.1303994846647356	0.0236279038806372	0.0005582778417926	0.0170040256008286	-0.0009839989539492	0.0003619975777185	1.310422462741338e-07	9.6825394137312e-07	1.604423801482291e-05	-2.9426680825395124e-07	8.65929544399677e-14	2.5741757347628857e-10	-8.999212381323327e-05	0.0004124968101386	1.701536183745753e-07	8.098582348416307e-09	0.0	0.0	0.0	0.0	0.0
864.6186685163251	-2.2828948043010087	5.21160868750454	747565.4419469428	1209.8614302338146	0.1445618176071548	1463764.6803674116	0.0208981191098842	793.7425288588692	-0.9296461274955164	630027.2021192727	0.8642419223674098	844.1201685063133	805.9076368320968	0.952151	29.197138	0.047001776164194	0.0248640162812908	0.0687162847	-0.0842030453	0.0155891532	0.0298724729	0.0591113775	0.0688992271	-0.0529588302	0.0561187313	0.0113801334	0.0614280978	-0.0991541625	0.0173668664	0.0819929818	-0.0738449895	-0.0291439708	0.0045844977	-0.0653222786	0.0051406477	0.1182197949	-0.0252556103	-0.1284173355	0.1501817804	-0.0327643439	0.0106086169	0.0222892143	0.1396059529	-0.1200715743	-0.2703157468	0.0910264828	-0.046454747	-0.0369374702	0.1292871491	0.0054107186	-0.138651553	-0.0821478245	0.1618310233	0.0150595282	-0.0223309765	0.0682967672	-0.0810900695	0.0437986548	0.0915136435	-0.0128229586	0.0733703068	-0.1027458325	0.0168977727	0.0343330601	-0.0167882929	-0.2144465572	-0.099685147	-0.0812581015	0.1898622744	0.0359599462	0.0671648912	-0.0069138137	-0.0297516359	-0.0638534296	-0.1099732963	0.0514773516	0.0386718617	0.0520183256	0.1639747143	0.1046794438	-0.1323138243	0.1395203036	-0.0524752675	0.0462686814	0.2048470347	-0.1535191664	0.0971831302	-0.1855635192	0.0170948345	0.0590514021	-0.030784531	-0.0715702095	0.0211255555	0.0249003544	-0.0561589484	0.0528972909	-0.1502613558	0.0379600133	0.0125553212	0.1145232099	-0.0514220983	0.0351442097	0.0165317644	-0.0739630993	0.0656634696	0.0472892332	0.0034821594	0.084924146	-0.1665009807	0.0279485889	-0.0362721397	0.0926177067	-0.0226058215	-0.0039534616	0.0811367225	0.0788177416	-0.072555543	0.0712503852	0.0341372743	-0.0086244275	-0.1020399203	0.0705252606	0.0680043979	-0.0279617564	-0.048600737	0.061151417	0.0145735845	0.1210817707	0.1172407796	0.0838433825	0.0350428114	-0.0201956026	0.011228939256938	-0.0066912924976207	0.000126089076836	4.477339528871639e-05	0.049748057356453	8.475318259119902e-05	7.18310195933712e-09	0.0024748692107409	-0.1401145819182403	-0.0097150972535046	9.438311464505448e-05	0.0196320960661232	-0.0012739973602222	-0.0002899984062729	8.409907564087992e-08	1.623069273853134e-06	1.6261128794603508e-05	2.168907797805986e-07	4.70416103538361e-14	2.6442430967468333e-10	-0.00040998949137	-0.0003199973675567	1.0239831524326048e-07	1.6809138303383132e-07	0.0	0.0	0.0	0.0	0.0
865.14392557176	0.5252570554348495	0.2758949742840885	748474.0119537149	1211.0019274101885	1.1404971763738558	1466525.6681911915	1.300733809316738	794.4253839025631	0.6828550436939622	631111.6905887348	0.466291010698283	844.4476204133977	808.7490572883795	0.926423	28.408207	0.1094238939062702	0.0504926362988223	0.0759728478	-0.0610848903	0.0731835132	-0.0438800677	0.0552762929	0.0058716267	0.0726289678	0.0181273623	-0.1264220832	0.0188514911	0.0780323452	0.1450823402	-0.0188605208	-0.0967195315	-0.0290556821	-0.0165857243	0.0031231672	0.1206477088	-0.1147407936	-0.064765763	-0.0232488114	-0.0381947528	0.0044485099	0.0971233813	0.0892039475	0.0771130795	-0.0561247599	-0.0323719866	0.0854238127	-0.030445302	0.0969793281	0.0052476174	-0.025019727	-0.0040423527	0.0116397864	0.1715686986	-0.2474224357	-0.0815993883	0.1118846752	-0.0320932453	0.0393183375	-0.0089302986	0.0044666039	-0.1485670949	0.0236777988	-0.0656432302	0.0593995943	-0.0446873829	0.0792897197	-0.1227827822	0.0316328021	0.0145083816	0.1479651814	0.085123435	-0.0575422675	-0.0132235913	0.0648075455	0.0968660635	-0.0471312299	-0.0095218248	-0.0303293487	0.1548793311	0.0909588516	-0.0001334923	-0.0091769071	-0.0435370068	0.083826819	0.0570633564	-0.06403131	-0.0518658714	-0.1811326696	0.0371345631	0.002875572	-0.0148853427	-0.0858787173	0.0757055823	-0.0662290841	0.1469203574	0.2021005874	-0.0143158978	0.0532902696	0.0563268856	0.0445305228	0.0514575377	0.0496275871	-0.0661817725	-0.0357589482	0.0796943272	0.0259267084	0.0056300306	0.0562467453	-0.0981827038	-0.0122563682	-0.0340163799	0.1005830479	0.0086804696	0.0213898794	-0.0060059374	-0.0409692359	0.022567177	-0.0531810625	0.1265232331	-0.0646141059	-0.1231503557	0.0717289843	0.0937229761	-0.0237045739	-0.0162149047	0.0148754123	0.0426179073	0.0686243888	0.1157857731	0.0785907625	0.0251860523	-0.033413395	-0.0139317877368512	-0.0251607269937891	0.0001940947095446	0.0006330621828559	0.0321911500110729	-0.01755690734538	0.0003082449955342	0.0010362701390353	-0.1029160547533365	0.0371985271649038	0.001383730423238	0.0105917143259917	-0.0008529977450357	0.0004209996151864	1.7724067598718106e-07	7.27605153035989e-07	1.6102794319960978e-05	-1.583344746425297e-07	2.5069805860325883e-14	2.5929998491096746e-10	-0.0002409927929872	0.0001689966983828	2.855988406428708e-08	5.807752627177144e-08	0.0	0.0	0.0	0.0	0.0
864.4222228598879	-0.7217027118720125	0.5208548043234171	747225.7793740297	1209.441034685979	-1.5608927242094524	1462747.6163822915	2.436386096490005	795.7043681985316	1.2789842959684847	633145.4415702244	1.6358008293340005	845.077231110826	794.837485548643	0.95056	29.148348	0.0903347011600305	0.0536842130807958	0.0969773117	0.0015259386	-0.0435393463	0.0362787927	0.07272144	0.0327195638	0.0291721057	0.0776128022	-0.0685428371	-0.0760360078	-0.0215559304	-0.0674049321	-0.0753197481	-0.0651209831	0.0245630002	0.0823836992	-0.0178345711	0.0149376291	-0.0107063269	0.1051490825	-0.0486426531	0.0226797073	0.0467545347	-0.0478343586	0.1022504449	0.0144833716	-0.0265501442	-0.0642910592	-0.0025551994	0.0273019219	-0.1645098875	0.1128292368	-0.0178829029	0.0917882044	0.0373566836	0.0957938462	0.12524846	0.0464413159	0.1633595315	0.086592415	0.0129667929	-0.2073174651	-0.0230307337	0.0764654509	0.0462189743	0.0455125533	0.004500597	-0.0076589504	-0.0497816607	-0.0099553502	-0.105666502	0.1091516131	0.044382494	0.0790912492	-0.0415924339	-0.0566966205	0.085568801	-0.0044542972	-0.0189862233	-0.0409113185	0.0564960235	-0.1142197808	0.0037040908	-0.0173107079	0.0256604741	-0.0426360282	0.0472956399	0.0197159509	-0.1100031742	0.0650931645	0.0273169359	0.1397574095	0.0478730054	-0.1291660717	0.0447198783	0.1108120029	-0.0435337053	-0.064241102	0.0801338643	-0.0996480454	-0.0372511569	-0.1107221903	-0.1052545766	-0.004057542	-0.0065304498	-0.0831575798	-0.0916178319	0.0886543588	-0.0084128181	0.0291026809	0.0323501371	-0.0449679412	-0.0698557774	-0.1116563883	0.1394360917	0.0474039002	-0.12615248	0.0671719458	0.1315428266	0.0628080649	-0.0913630838	0.0370675543	-0.1091374226	-0.0643094161	-0.0071308834	-0.0684696482	0.0449749645	-0.0295721835	0.0857016973	0.1062379065	-0.0434620344	0.1142514127	0.0731227308	0.0151740128	-0.0462651033	-0.0066200855575715	0.0073117021792796	4.382553278956675e-05	5.34609887584835e-05	0.0497564866652027	0.0175653366541298	0.0003085410517729	0.0024757079652644	-0.0552637864967877	0.0476522682565488	0.002270738669994	0.0030540860979625	-0.0010399963480135	-0.0001869986029778	3.4968477515648885e-08	1.081592403881417e-06	1.621320078970534e-05	1.1040646974436187e-07	1.2189588561412692e-14	2.6286787984730185e-10	-0.0004099916649411	-0.0001689988719539	2.8560618721690693e-08	1.6809316532117526e-07	0.0	0.0	0.0	0.0	0.0
866.7424370256301	2.320214165742186	5.383393774910709	751242.4521411284	1213.219469014152	3.7784343281730335	1471901.479994981	14.27656597231641	796.1143377485588	0.4099695500271991	633798.0387688264	0.1680750319495041	845.5514184517151	807.3831336894865	0.948828	29.095217	0.0843362930161707	0.051018735360507	0.0888220634	-0.018478299	0.0688109616	-0.0100266844	0.0539413833	-0.0206730014	-0.052260804	-0.0050595263	-0.0125891883	-0.084936789	0.0274121237	-0.018626783	0.0093649916	-0.0929895131	0.0353952251	-0.0684642449	-0.0398671982	0.0455318919	-0.1502616583	-0.0447826	-0.1201348702	0.0454762221	-0.0578896224	-0.2459747216	-0.2093729485	-0.0695212136	0.056423649	0.0743160497	-0.0418441709	-0.0364363947	0.0588802136	0.0706774085	-0.0205164567	0.1242636823	-0.0141068469	0.0376292551	0.1416728974	-0.1145983631	0.0838518432	0.0425720211	-0.1582194507	-0.0206176096	-0.0526135217	0.0788761372	0.0239382418	0.0392553615	0.1165027462	-0.20381588	0.0445165997	-0.1290961354	-0.0024983188	0.0827729048	-0.026281985	0.0751598487	0.0237106097	0.0280988752	0.0096502805	0.1025694246	-0.0245227843	-0.0898162765	-0.1185857667	-0.0383089076	0.0149348199	-0.0776160435	-0.0629113633	-0.0438972444	0.1752708277	0.1129653726	0.0750828325	-0.1049165305	0.0551560474	0.0663955849	0.0237932057	-0.111807355	0.0557226973	0.1328244571	0.150065543	0.0023611709	-0.1193204576	0.0077323223	-0.0190761865	0.0550085831	0.0226517075	-0.0459138047	-0.1545662206	-0.0047479357	0.068399301	0.0865465861	-0.0227631141	0.0558745044	0.0652837443	0.0534106574	-0.0689219475	0.0229620195	0.148643203	0.0090225394	0.1012844206	0.0698285097	0.0310983083	0.0085662158	-0.1537269283	0.0105248016	-0.0524139334	0.0197897901	0.0405595801	0.0140175547	-0.0157194446	-0.1053375049	0.0298991544	0.0538108518	-0.0586739225	0.1126387502	0.0674542747	0.0050684204	-0.0586099215	-0.0151928180073923	-0.0085727324498208	0.0002308217190057	7.349174165621056e-05	0.001667677961052	-0.0480888087041507	0.0023125335225844	2.781149781778556e-06	-0.0401922173631987	0.0150715691335889	0.0002271521961485	0.0016154143365706	-0.000959031761548	8.096458646550007e-05	6.555264261529437e-09	9.1974191965786e-07	-0.000154303502259	-0.0001705167030487	2.9075946018600355e-08	2.3809570809393216e-08	-0.0004105740299991	-5.82365057999999e-07	3.3914906077934213e-13	1.6857103410970188e-07	0.0	0.0	0.0	0.0	0.0
865.6658117108619	-1.0766253147681937	1.159122068399712	749377.2975650255	1216.502311031154	3.28284201700194	1479877.8727441386	10.777051708593364	796.5435941461096	0.4292563975508301	634481.6973752022	0.1842610548383163	845.3036709765705	799.2066266659797	1.033713	31.698168	0.0973568701532653	0.0514996592590469	0.112716681	-0.0287805319	-0.1114877574	0.1095436501	0.0874817841	0.0731737647	-0.0577805124	0.1175874416	0.0363451197	-0.09184194	0.0148963624	-0.1223442544	0.0422994097	-0.0736737257	0.0861081058	0.0658624452	-0.0536456196	0.1209554951	0.1688844139	-0.0018962925	-0.0106405964	0.0209751488	0.0672177874	-0.0386905363	0.115718524	0.031164193	0.0621054871	0.004431674	-0.0859026409	-0.1130838173	0.076805068	-0.0001453418	-0.0322779722	-0.1374579729	0.1223977174	-0.137042662	-0.1383976118	0.0930948589	0.0199055263	-0.0536658602	-0.2162848462	-0.0532990452	0.1309023257	-0.0634556118	-0.1214726253	-0.0817697898	-0.1841221786	0.0464509808	0.0115089672	-0.1796835346	-0.0516693083	0.0261432392	0.1937217208	0.0871703891	0.0604781349	-0.1314381111	0.0428324331	-0.0280901809	0.0513780107	0.0385219401	0.1613069679	-0.0313068766	-0.0420426193	-0.06758108	0.0670938595	-0.0687362843	-0.0153019105	-0.0818714546	0.0002847197	-0.0353885763	0.0857392322	0.1490182525	-0.0921490232	0.1134433945	-0.1541579116	0.0138660305	-0.1518386508	-0.0038291696	-0.038484673	-0.158427528	0.0327271922	0.0654940652	-0.1633838271	0.0479400655	0.0821024646	-0.0741285773	0.009029236	0.1030888785	0.0012403748	-0.0257352313	0.0503261989	-0.0119868624	0.0095753429	0.0892512686	0.0730454495	0.0820753405	-0.0780254524	-0.0245091054	0.1415789971	0.0351845907	-0.0856347727	-0.0843186262	-0.0696629187	-0.0685018783	-0.0077940032	-0.078855595	0.0640103017	-0.0085886818	-0.1353378464	-0.0823205438	-0.1137838922	0.1109488906	0.0616009311	-0.0050684204	-0.0703125971	-0.0023460094750618	0.0128468085323305	5.503760457079742e-06	0.0001650404894663	0.0058370407322314	0.0041693627711793	1.738358591769676e-05	3.407104450972848e-05	-0.0096985654715666	0.0304936518916321	0.000929862805688	9.406217220626384e-05	-0.0001329967133193	0.0008260350482286	6.823339009021906e-07	1.7688125753736073e-08	1.6027265036466787e-05	0.0001703307672954	2.9012570287462453e-08	2.568732245491507e-10	-0.0004099989063608	5.751236383000108e-07	3.307671993314417e-13	1.680991032170521e-07	0.0	0.0	0.0	0.0	0.0
864.5197476645001	-1.1460640463618574	1.3134627983633138	747394.3941018909	1218.4903615982803	1.9880505671262652	1484718.7613079078	3.9523450574510655	795.6035273606989	-0.9400667854107496	632984.9727487863	0.8837255610325003	846.536430793518	801.9954926397787	1.009108	30.943674	0.0238108089116236	0.01839804949823	0.0686262643	0.0156186613	0.0323862523	-0.0591332717	0.079317015	0.0631359844	-0.0661875931	0.0288105509	0.0469105743	0.0810019911	-0.0956260544	0.0038677876	0.0797903388	-0.0990229074	0.0035762991	-0.1022786792	0.0526774256	-0.094593975	0.0918279102	-0.0065962349	-0.1109666776	0.1034199737	0.0063176131	0.0006674841	0.1146317163	-0.0886102175	0.2077264723	0.0228017068	0.1103448927	0.0690660535	-0.2093574028	0.1590361071	-0.0911172485	0.0575019804	-0.0342246718	-0.0379243463	0.1206696421	0.0634399527	-0.049789313	-0.1467171865	-0.071250487	-0.1056505308	0.1594529637	0.0280811231	-0.073524729	-0.0527854125	-0.0527417144	0.0464129832	-0.0418589506	0.0653768518	0.1118807236	0.1149169069	-0.0930648229	0.0676974524	0.0059092525	-0.0033000121	-0.1547834472	-0.0310921164	0.1637462657	0.0076801149	-0.0824803148	0.0255393755	-0.0198835788	-0.1338448055	-0.0227516441	-0.1078718246	-0.0074811439	-0.0713530708	-0.062482042	-0.0633004506	0.0987070259	-0.0156871737	0.0782598977	0.0024096348	0.0900219791	-0.1020465606	-0.0470361257	-0.1650721153	0.0098922521	0.0247158906	-0.1144897352	-0.0582506263	-0.102186729	-0.0459764687	-0.062705787	-0.1529178212	0.0064963353	0.0804398051	-0.0069134527	-0.0191598168	0.0256462836	-0.0271048755	0.0142670847	0.0629443007	0.0488245165	0.0614921415	0.1220045048	0.1635851537	0.0144400535	-0.1370074535	0.0095851562	-0.0548570609	-0.0686695953	-0.1705041044	0.0210707952	-0.0345717579	0.1221938227	0.1029952625	-0.1434300041	-0.0392233062	0.061322703	0.1091829923	0.0555787436	-0.0151740128	-0.0812449131	-0.0023460531181314	-4.3643069600092517e-08	5.503965233094064e-06	1.904717524118519e-15	-0.0121876302157204	-0.0180246709479518	0.0003248887627819	0.0001485383302751	-0.0090635430249363	0.0006350224466302	4.0325350772433147e-07	8.214781216487146e-05	-2.9996720150902767e-05	0.0001029999931683	1.0608998592689878e-08	8.99803219811576e-10	1.6006149959224558e-05	-2.1115077242228608e-08	4.458464869452805e-16	2.5619683651718435e-10	-0.0004099992355946	-3.292337999991936e-10	1.0839489506190901e-19	1.6809937318815633e-07	0.0	0.0	0.0	0.0	0.0
866.2381042718929	1.7183566073928205	2.952749430170564	750368.4532925627	1214.5545616775262	-3.935799920754107	1475142.7832916875	15.490521016208035	795.3496773135086	-0.2538500471903262	632581.1092027022	0.0644398464585308	844.6608251797951	797.7617897887075	0.959454	29.421083	0.1199157713709589	0.0756141369315946	0.078491384	-0.0076583427	0.0255428894	-0.0325694147	0.0750190859	0.0082226802	-0.0294982017	-0.0690965224	-0.0937559359	0.141430363	0.0710961851	0.0633517231	-0.1051484225	-0.0797284261	-0.037305411	-0.1688462167	0.0353745631	0.1056616364	0.0602015074	-0.1826622214	0.008403378	0.0136776119	-0.0508598659	0.022490374	0.0202563056	0.0164590182	-0.0436091133	0.1039578614	0.0511531049	-0.1310528066	-0.0987968632	-0.1879561849	-0.1252813496	0.0109760749	0.1335078306	-0.1290656078	-0.0841279768	-0.1375538817	-0.1237939465	0.0001101359	0.0135528058	-0.0512382917	-0.0903426475	0.1332879742	0.001721547	0.0804414785	0.0166504578	0.1174289904	0.1415033792	0.0149288802	-0.0425449546	-0.035402818	0.0029080597	0.0733242679	-0.008937184	0.0777018999	-0.0641087307	0.0905022991	-0.0144774012	0.0446562959	0.0580963546	0.1143242593	0.0830604283	0.1043146989	-0.1655535489	0.01081145	0.1598019738	-0.0663659852	0.0188696683	-0.0115369493	0.0013907212	-0.020234592	0.0058744677	-0.0104732076	-0.0522393012	-0.1173377962	-0.184292248	0.0447778294	-0.1729021294	0.061480834	0.0154748981	-0.0169102175	0.0761862525	0.1424944898	-0.1146605833	0.049612074	-0.0024231071	0.0813072843	0.0135372334	-0.0466539867	0.048117226	-0.0715454003	0.0019660548	0.0348409381	0.028242826	0.0777280962	0.0604223995	-0.0463976552	-0.0747566102	0.0785200566	-0.0837852648	-0.0311868802	0.013603807	-0.1562311167	0.1214719935	0.0217868033	-0.0049891686	0.068298883	0.024325953	-0.0753386409	0.1089619086	0.1073422654	0.0494042187	-0.0251860523	-0.0912870929	0.0174812535110078	0.0198273066291392	0.0003055942243161	0.0003931220881659	0.0145700281251492	0.0267576583408696	0.0007159722798867	0.0002122857195676	-0.0155946640760831	-0.0065311210511467	4.265554218473287e-05	0.0002431935476458	1.99284401012495e-06	3.198956416102772e-05	1.023332215212509e-09	3.9714272486908916e-12	1.6000902062884848e-05	-5.247896339710678e-09	2.7540415992348733e-17	2.560288668260326e-10	0.0008939996593441	0.0013039988949387	1.7004131180013506e-06	7.992353909073667e-07	0.0	0.0	0.0	0.0	0.0
866.2482818675975	0.0101775957045902	0.000103583454326	750386.0858385647	1218.4234171883004	3.8688555107742095	1484555.623552815	14.968042963247976	795.749682302966	0.4000049894574431	633217.5568852713	0.1600039915908492	845.6060663140651	809.1953158077729	0.908224	27.85013	0.0409769796557292	0.0232563910916804	0.068468061	-0.0627404832	-0.0261069452	0.0492435652	0.0510863025	0.0659273706	-0.0108887283	0.0501002685	-0.0960617021	-0.0218488785	0.0217350573	0.0084878631	0.1150524059	-0.0511950799	0.0446468349	0.1065340862	-0.0538343167	0.095463321	0.0541753384	-0.0718668567	-0.0836869753	-0.1057257309	0.0440620822	0.0563448731	-0.0329229032	-0.0594438487	0.2023473605	-0.0144960895	-0.0595775119	-0.0557770976	0.0082056679	-0.09820122	0.0429554597	-0.0271853389	0.0839525481	0.0839188553	0.0322572232	0.0544539354	-0.1099730295	0.1580632257	0.075999754	-0.0733753349	0.131040194	-0.0670045038	0.1255527258	0.0274528618	0.0533624922	-0.0358234357	0.0869537417	0.1379670331	0.0228931969	-0.0596861177	0.0057241458	0.063381232	0.0014289283	-0.0792534536	0.0606994202	-0.0080498663	-0.0744574526	0.0224620054	0.1157596767	0.0392767997	0.0140977526	-0.095572034	-0.0778016618	0.0257178149	-0.0815663954	-0.1234454601	-0.0163558775	-0.1933905805	0.0710697751	0.1032775606	0.0200672831	-0.0555396112	-0.0718500199	-0.0605821509	-0.072878024	0.049438521	0.0046926431	0.0760774092	0.0148114849	0.0792746671	-0.0675404607	-0.0908415987	-0.0255046223	0.0685786621	0.0877538028	0.0700142017	0.0073097327	-0.0677712457	0.0411515122	-0.0598371869	-0.0177413009	0.0228493828	0.0613740808	0.0450667635	-0.0618246456	-0.0796793589	-0.0066480397	0.0850604494	-0.0623281704	0.0377246603	0.0172224612	-0.1408982091	0.0469257201	0.0645384643	0.0738039691	0.1098496377	-0.0470423231	-0.0470972864	0.1532164177	0.1054279714	0.0430942802	-0.0350428114	-0.1003291122	0.0178620121049988	0.000380758593991	0.0003190514764391	1.4497710689800366e-07	0.0048534663320367	-0.0097165617931125	9.441157307937364e-05	2.355613543621378e-05	0.0045053685959075	0.0201000326719906	0.000404011313415	2.0298346184989517e-05	0.0002104923955493	0.0002084995515391	4.3472062992037113e-08	4.4307048584082974e-08	1.6095063162913092e-05	9.416110002824497e-08	8.866312758529154e-15	2.59051058218162e-10	0.0009009984786376	6.998819293500044e-06	4.8983471503068445e-11	8.117982585072698e-07	0.0	0.0	0.0	0.0	0.0
864.5093841094292	-1.738897758168264	3.023765413362614	747376.4752132646	1217.6693250812468	-0.754092107053566	1482718.585243819	0.5686549059204868	795.8056298551991	0.0559475522330785	633306.6005092302	0.003130128600873	845.9099837409126	794.446862406758	0.935624	28.690331	0.054000505672222	0.0295476520692081	0.0641045919	0.0156480709	0.0011438858	-0.0156037083	0.0643511979	-0.0244123159	0.0197727675	0.0776738632	-0.0713056341	0.0246724628	-0.1536970814	-0.0347931808	0.1166182261	-0.064618432	-0.0292360538	0.037305748	-0.0028800146	-0.1230458779	0.0263011487	0.0448797467	-0.0936034782	-0.0349807175	-0.0915320451	-0.1069052944	0.0404207636	-0.0642386693	0.0240066219	-0.2010015032	-0.0528731316	-0.1256826973	0.0385725214	0.0704070277	-0.1028288762	0.0229364024	-0.0548560679	0.2320785172	-0.142202841	-0.1749020056	-0.0365031373	-0.0966149601	-0.0132657885	0.0981555152	0.173134559	0.1491745323	-0.0484441398	0.0929183333	-0.1526720836	-0.0686600726	-0.0297719087	0.1169235155	0.0773097035	-0.2682647574	0.0380635875	0.0628623239	-0.07966464	-0.0027850763	-0.0182478423	-0.0445925409	-0.0094704775	0.0664901181	-0.0212588011	-0.0333659845	0.0925570718	-0.1691799699	0.1504136098	-0.0400336717	0.085870798	-0.0094349764	0.0082760484	-0.0012063221	-0.0602878104	-0.061713188	-0.0182999967	-0.0526877618	-0.1064258629	-0.0318736796	-0.0814863729	0.130846145	-0.0709175357	-0.0208395038	-0.1103551103	0.0995778549	0.1222724643	-0.1034859846	0.0457688281	-0.1716326908	0.0425265964	0.0619400841	-0.0203092885	-0.0583575097	0.0060195563	-0.0714688797	-0.0333249988	-0.0578175241	0.0031993639	0.0434187472	-0.0718581418	0.0706954556	0.0375065111	-0.0136112188	-0.0503555951	0.0221822886	-0.0169617336	-0.1964099252	0.0665830776	-0.0367747108	0.0016531	-0.0286159329	-0.0234734426	0.0364353075	0.1603017634	0.1034414224	0.0366662233	-0.0446835199	-0.1082719048	0.0158029741215841	-0.0020590379834147	0.0002497339910874	4.239637417144475e-06	-0.0007405166724225	-0.0055939830044592	3.129264585417838e-05	5.483649421356922e-07	0.0105841359497063	0.0060787673537988	3.6951412541610064e-05	0.0001120239338018	-0.0002401059947031	-0.0004505983902524	2.030389092980542e-07	5.76508886923651e-08	0.0002659046112238	0.0002498095480608	6.240481030238456e-08	7.070526227008022e-08	0.0007960320703399	-0.0001049664082976	1.1017946870919456e-08	6.336670570096276e-07	0.0	0.0	0.0	0.0	0.0
869.7980045611254	5.288620451696147	27.96950628209876	756548.5687385155	1218.5905719694545	0.9212468882076336	1484962.9820928422	0.8486958290322483	797.5839461209064	1.7783162657073035	636140.1511097968	3.162408740879169	847.4661862576299	815.8766090290952	1.052974	32.288795	0.0635375372895876	0.0332967527601733	0.0437320191	-0.0665693638	0.1058133086	-0.0753442006	0.017577252	-0.0018762663	-0.0565966323	-0.0953036565	-0.1302355867	-0.0650791131	0.0161399724	-0.0063503843	-0.0332572618	-0.0442742915	0.0214596696	-0.2261083671	0.0606845511	0.0432833341	0.0065210077	0.0501024134	-0.0647052917	-0.1903119374	0.0215822853	0.1242159626	-0.0181676723	0.0302878434	0.0409776751	0.1349453723	-0.0833360509	0.1465222929	0.1129140979	0.0299876475	-0.0815568786	0.0714521311	0.0136553232	-0.0072318496	-0.1481943473	0.0908630153	0.0490465801	0.0026465312	-0.1428700053	-0.0509701061	-0.1512893208	-0.0628365061	0.018749764	-0.0417126302	0.049568151	-0.0264986825	0.0460654905	0.0437654118	0.0043928613	0.0922005303	-0.1284074792	0.0375127582	-0.0112775021	0.0487526459	-0.0444311277	0.1422076667	-0.0785319082	-0.1255101077	-0.036084935	-0.1752293375	0.0594518557	-0.0046546102	-0.0927535551	-0.0118260239	0.043718412	0.0562925177	0.0789357585	-0.1440357645	0.0113158981	-0.0886687813	0.0163426724	-0.075555521	-0.1115309422	0.0241837698	0.0578799009	-0.0258039758	0.115646905	0.0108928434	-0.0096707075	0.0221455529	-0.1025162638	0.2025481732	-0.0774786183	0.1583022593	-0.0562107605	0.0496891478	0.0122380816	-0.0251933421	0.0198408511	0.0818915132	-0.0872034137	-0.0666218977	0.1178736887	-0.0202050245	0.0790473212	0.090541339	-0.0944323071	0.0582094812	-0.1322393511	0.1078100443	0.0208796383	-0.0347188296	-0.0033308999	-0.0505024843	0.0838315299	0.0150150302	0.0141117212	0.0069701245	-0.0019299176	0.1013839798	0.0301376669	-0.0540487397	-0.1150284477	0.023308743148803	0.0075057690272189	0.0005432975071768	5.633656868995855e-05	-0.0005654176502929	0.0001750990221296	3.065966755074218e-08	3.1969711926274413e-07	-0.0055235003027576	-0.0161076362524639	0.0002594559456416	3.0509055594563298e-05	0.0001759946635846	0.0004161006582877	1.7313975782745735e-07	3.097412161025653e-08	1.605869598919618e-05	-0.0002498459152346	6.242298135941683e-08	2.5788171687342546e-10	0.0006669979841067	-0.0001290340862332	1.66497954100369e-08	4.4488631080240163e-07	0.0	0.0	0.0	0.0	0.0
868.7119583544345	-1.0860462066908667	1.1794963630676207	754660.4665879967	1217.6447128045754	-0.9458591648790388	1482658.646620937	0.8946495597856728	798.3843963908703	0.8004502699639033	637417.6444004143	0.6407206346852857	850.8665766814784	820.3231931070069	0.993159	30.454618	0.0336430608186223	0.017572084426308	0.0513358544	-0.1093972361	0.0101000008	0.068895819	-0.0003725042	0.1173669696	0.0132302289	0.0505853937	-0.0341872464	-0.0995330396	0.0979845876	-0.0870539223	0.0744106212	0.0020910425	0.0773592624	0.2163837267	-0.04713018	0.070661782	0.0192727105	0.0872323578	0.0513671995	-0.1678381339	-0.0168445328	-0.2042804595	0.0182812088	-0.0322330766	-0.0034887629	0.0497762271	0.0392460466	0.056746293	0.0087928549	-8.34909e-05	-0.1033624315	0.1094237471	0.056569714	-0.1065747139	0.0630956603	-0.1699538859	0.0352188862	0.0649278322	0.0309931283	0.1082381528	0.0157806071	0.0343646092	-0.0605993374	-0.0003350897	0.0091559703	0.1087068938	-0.1204805506	-0.0550815426	0.0802421204	0.0066544844	0.2414177988	0.0106762629	-0.0127339532	-0.1610171791	0.1161606125	0.1036888765	-0.0912060427	0.0346161065	0.0649296006	-0.0663415036	-0.0357227578	-0.0079411989	0.1446719843	0.0108530686	0.0161125618	-0.0186507011	0.0265643244	0.0400191548	0.1373362104	0.0254772245	0.1047962812	-0.0775708069	0.095135308	-0.0426936681	0.0003094513	-0.0202613086	0.1027335848	0.1426541008	-0.0679331106	0.0093210107	-0.0097721927	-0.0524100153	-0.071415057	-0.0745996488	0.1017622834	0.0419881594	0.017657346	-0.0601140434	0.0368357962	0.0286727957	-0.0574890887	0.0341006473	0.1172086843	0.0011103452	-0.1365271775	-0.1498799096	-0.042994392	0.1044510351	-0.053971622	-0.0492995904	0.0387931064	-0.0125172356	0.0163893825	-0.0919905842	0.0493790146	0.0022108983	0.0809614545	0.1339587994	0.0353748289	0.0992570537	0.0235265052	-0.063080731	-0.1205247148	0.023255696381625	-5.304676717800272e-05	0.0005408274141943	2.8139595080372263e-09	-0.0006424666731561	-7.704902286320009e-05	5.936551924173931e-09	4.1276342611626717e-07	-0.0118863578568735	-0.0063628575541158	4.048595625396976e-05	0.0001412855031016	0.0003489267688806	0.0001729321052959	2.9905513042106825e-08	1.2174989004145566e-07	0.000164155126074	0.0001480964300848	2.1932552603863193e-08	2.694690541637084e-08	0.0008889715982152	0.0002219736141085	4.9272285360389286e-08	7.90270502433287e-07	0.0	0.0	0.0	0.0	0.0
864.5449562931552	-4.167002061279277	17.363906178705744	747437.9814519336	1221.613785290327	3.969072485751667	1492340.2404113614	15.753536397150915	798.1693894837092	-0.2150069071610687	637074.3743087971	0.0462279701269684	848.4565765934026	799.9338856418092	0.94952	29.116455	0.0598917639694179	0.0344812267639646	0.0156549384	-0.0033879827	-0.0652823034	0.0184004317	0.0050381924	0.051161999	0.0560360779	0.1236752013	0.0538727637	-0.115555694	-0.0875331082	-0.0805606249	0.0335343172	0.0075321664	0.0394219597	0.158053582	0.0699946189	-0.1093856112	-0.012015547	0.0023144569	-0.1282196432	0.0908444319	0.009748284	-0.0675395534	-0.0041217611	-0.1224897963	0.019271303	0.1093430315	-0.0571690189	0.2612385284	-0.0898391875	-0.112924634	-0.0877157283	-0.0280951819	0.1255961242	-0.0269909503	0.003801667	0.0243192419	-0.0780031469	-0.0270774812	0.16203043	0.0427760789	0.1814647834	0.0611854867	0.0939751881	-0.0072237256	0.1234267545	0.0603113025	-0.0303968542	0.0672792086	-0.0586284206	0.0104325028	-0.1787557238	0.005447936	-0.0464165764	-0.1159717146	0.0878340194	-0.0414407867	0.0318836526	-0.0134383202	-0.0303357664	-0.1455455139	-0.0701147463	-0.0102682497	-0.0852455279	-0.0280851705	0.0330088973	-0.04554641	0.0229966328	-0.0716823422	0.0899559941	-0.1020783822	0.0600785674	-0.0805216959	0.1392849316	0.1698765063	-0.0325963655	-0.1132394208	-0.1277760279	0.2187195966	0.088126923	0.0692730743	-0.0435767978	-0.0243725609	-0.1165031626	0.0749446678	0.0447802464	0.0299627751	-0.0033951464	-0.046619472	-0.0310432701	0.0612806436	-0.0368646864	0.001995995	0.0548367303	0.0549620428	-0.1884641134	-0.0192192402	-0.0067925497	0.0943903172	-0.0157957325	-0.0417352812	0.0730632336	-0.007611067	-0.003324329	-0.0479689761	0.1004753247	-0.0328154308	0.0198717978	0.1614196183	-0.0829818209	0.0970621018	0.016850859	-0.0717238087	-0.124700488	0.0233109875233878	5.5291141762801865e-05	0.0005434021393155	3.057110357434252e-09	0.0248449177210687	0.0254873843942248	0.0006496067632589	0.0006172699365666	0.0110121501684545	0.022898508025328	0.000524341669786	0.0001212674513325	0.0003539543619768	5.027593096200032e-06	2.5276692340958225e-11	1.2528369036240356e-07	8.818354907025316e-05	-7.597157700374685e-05	5.771680512436236e-09	7.776338326625748e-09	0.0010369840362773	0.0001480124380621	2.1907681821087e-08	1.0753358914939608e-06	0.0	0.0	0.0	0.0	0.0
864.6896456089977	0.14468931584247	0.020934998118962	747688.183223414	1218.2221708203926	-3.3916144699344386	1484065.2574783498	11.503048712668663	796.6528178674754	-1.5165716162338183	634655.7122161889	2.299989467166057	847.2256794478709	791.8240807644496	0.927157	28.430704	0.0449449229776448	0.0219102174979539	0.0084038921	0.0540619251	0.0030993664	-0.0561807353	0.0110573054	-0.0086610027	-0.0414680058	0.0582938462	0.0288238789	-0.0208826099	-0.0550826621	-0.160273222	-0.0744911116	-0.0254839643	-0.0398195435	-0.0132998527	0.0937008944	-0.0727275876	0.1128961051	0.0564604889	0.0506103859	0.0067077808	0.1001188412	0.1233157548	-0.0914441409	-0.0057572516	0.0046409556	0.1106266978	-0.0514288021	0.1562759355	0.0203594546	0.1049302736	0.0333661044	-0.0145802983	0.0256678643	-0.070550872	-0.069645741	0.0145562631	-0.1044236687	-0.007675203	0.1359717517	-0.0209464015	-0.0920093645	-0.135809971	0.0938810828	0.0112983151	-0.2081337309	-0.0176988751	-0.0112997668	-0.0188688747	-0.0837630221	-0.0827825004	0.2596701487	0.0158761483	0.0087475794	0.0193704404	-0.0352091837	-0.0300218346	0.1217702392	0.0432781317	-0.0353504562	-0.1192610338	-0.0322348423	0.011111206	-0.0810851123	-0.0157837685	-0.0375101919	-0.0770958433	-0.0462501324	0.003450636	0.1016329412	-0.0626460619	0.0508985347	0.0551513971	-0.1321209058	-0.0390514728	-0.0130993853	-0.0542843082	0.0784273984	0.0778663665	0.1156456661	-0.0946381247	0.0133541165	-0.0525564898	0.1839988939	0.0170660815	0.0535289182	0.0225206977	-0.0107671332	-0.0136684565	-0.0473777694	0.0702539536	-0.0435343703	0.038718989	0.0094666305	0.0622034306	-0.0338278218	0.1351106232	0.0032434409	-0.0359818691	0.0091334965	-0.0639805891	0.0466804912	0.0779557994	0.0116340668	0.0165093741	0.1093097723	0.0134302923	0.0694562661	0.0454349501	0.0285138054	0.0948006283	0.0101290257	-0.0799246852	-0.1275100165	0.0253533244421504	0.0020423369187625	0.0006427910602689	4.171140089740709e-06	0.0077681770316218	-0.0170767406894469	0.0002916150725746	6.034457439461648e-05	0.0157621788433175	0.004750028674863	2.2562772412020756e-05	0.0002484462818887	0.0002358777816976	-0.0001180765802792	1.3942078810430366e-08	5.5638327898580646e-08	0.0002676073532361	0.0001794238041658	3.219290150134415e-08	7.16136955060308e-08	0.0009129680868309	-0.0001240159494464	1.537995571709206e-08	8.335107275716738e-07	0.0	0.0	0.0	0.0	0.0
865.9733947561957	1.283749147198023	1.648011872931651	749909.92042557	1218.412185168657	0.1900143482644125	1484528.252967462	0.0361054525463494	797.5648261678758	0.91200830040043	636109.651940194	0.831759139999281	848.4069222487972	804.0930717023335	0.8849329999999999	27.135937	0.034977278803356	0.0192077371535244	-0.0097482592	0.0137737145	0.0594856036	-0.072916941	-0.0106525061	-0.0028442474	-0.019369092	-0.0746802136	-0.0047815126	0.02906133	0.0540168125	-0.0407390268	-0.1208185334	-0.0289827123	-0.024596455	-0.1081420628	0.0502166252	0.1375135517	-0.0753194348	-0.0992975109	-0.1160318016	-0.0160821374	0.0661267529	-0.1366694121	-0.0431306445	0.1005391082	0.0011880862	0.0258600125	-0.0705863305	0.0709515581	-0.1021737404	-0.1001520117	0.0792365073	-0.0080320506	-0.027680197	0.0597124652	0.0612313204	0.0376698007	-0.0480780536	0.0526534895	0.1008645386	0.1004652994	-0.0837467514	-0.0669310199	0.065648224	-0.142541449	0.0787572029	0.0156768566	-0.0492721977	0.0121648657	0.1422250213	-0.0927611721	0.0614932554	0.0099292458	-0.0014525585	0.0585838164	-0.053817482	0.1532645083	0.0208589859	-0.0176786532	-0.005908604	-0.0161671291	0.0026891295	0.0350813103	-0.0771504987	-0.1131676685	0.1760581404	0.1227310386	0.0079547873	0.008192714	0.0527670461	0.0605025694	-0.0159416732	-0.0633326671	0.0140662541	-0.0328363633	0.0024956306	-0.0273789093	-0.0659910467	0.0702177312	0.111269934	0.142600089	0.0711100177	-0.004347486	-0.0081849945	0.1564375222	0.042089193	0.000512409	0.0018440792	-0.0067821834	-0.0046496942	0.1045120898	-0.0197454861	0.0709763789	0.0341526891	0.0614876331	0.0766762253	0.0080392013	-0.088787724	-0.03582188	-0.0798897248	0.0294769355	0.0478469092	0.1289238582	0.0125206925	-9.1986e-05	0.035535715	-0.0346745255	0.0859626931	-0.0197985816	0.0364526296	0.0924741833	0.0033794295	-0.0876327994	-0.1289225186	0.0231801596648608	-0.0021731647772895	0.0005373198020884	4.722645149252152e-06	-0.0006952091347329	-0.0084633861663547	7.162890540084411e-05	4.833157410160675e-07	0.0006703061602308	-0.0150918726830867	0.0002277646210824	4.49310348443359e-07	0.0003583939973107	0.0001225162156131	1.5010223088155607e-08	1.2844625730834206e-07	0.0002411576039982	-2.64497492379e-05	6.995892347477915e-10	5.815698996615264e-08	0.0008769569481494	-3.601113868150006e-05	1.2968021091382296e-09	7.690534889075093e-07	0.0	0.0	0.0	0.0	0.0
865.360171019771	-0.613223736424743	0.3760433509147227	748848.2255873673	1218.342595284884	-0.0695898837730055	1484358.6794855068	0.0048427519235404	799.5825989198015	2.0177727519256905	639332.3324953442	4.071406878413774	849.5341606571176	787.8679927658169	1.005238	30.825008	0.0556456134837947	0.028035704355951	-0.0226022276	0.0030967506	-0.1432725789	0.0873826531	-0.0053331321	0.0094785922	-0.0427290234	0.0688877286	0.0331463854	-0.0556208086	0.0711818318	-0.0172944918	0.0238853812	0.0553484065	0.0838520626	0.0671605107	-0.0709722045	-0.0423114718	-0.0412313506	-0.0034898696	0.0815375794	-0.0408821299	-0.0350844871	0.0656783545	-0.1808410774	-0.1001256268	0.1519599968	-0.0695757194	-0.0428481032	-0.0226232929	-0.1330041705	-0.0814609637	0.0961169239	0.0693416263	-0.1665131773	0.0133740526	-0.0943880094	0.0983566462	0.0442164036	-0.0483197648	-0.1851531921	-0.1833104362	-0.0457168517	0.0023138607	-0.0878910533	-0.0263840675	-0.0262511171	0.1761074062	-0.1427265197	-0.0469606007	0.0926420505	-0.0843385423	0.0861572721	-0.033843634	0.0964711997	-0.0874195466	0.0660375198	-0.0828792918	-0.0104116202	-0.0180065726	0.1053489941	0.0092939181	-0.091134564	-0.018563366	0.0734995716	0.1147840386	-0.0975789724	0.0664483611	0.1088079247	-0.1475923462	-0.0312146544	0.2636271173	-0.1068003943	0.0494609195	-0.0713434614	-0.065365957	0.0867988476	0.0062218048	-0.0289525775	0.0710514141	-0.1023420172	-0.193004318	-0.0558218496	-0.0074045446	0.1072141239	-0.1022713688	-0.0500814792	-0.0121985619	0.0260627157	0.0060619474	-0.0149959488	0.0374634547	0.0135012949	0.1345075649	-0.0120981847	0.1031070841	-0.039218341	-0.0980707316	0.0210449453	0.0061897424	-0.0263642898	-0.0421180371	8.41909e-05	0.1247966305	-0.1029429855	-0.0208695209	0.0755512647	0.0885192097	0.1155620612	0.0003479955	-0.0740756533	0.090084361	-0.0033794295	-0.0948006283	-0.1289225186	0.0407980052436016	0.0176178455787408	0.0016644772318569	0.0003103884828363	0.0144649822106117	0.0151601913453446	0.0002298314016274	0.0002092357103533	-0.0001689401313385	-0.0008392462915693	7.043343379128225e-07	2.8540767976669625e-08	0.0005459237405581	0.0001875297432474	3.5167404602435775e-08	2.980327305049477e-07	0.0002441706667781	3.013062779900019e-06	9.07854731561883e-12	5.961931451486195e-08	0.0006269331488139	-0.0002500237993354	6.251190023415836e-08	3.930451730817117e-07	0.0	0.0	0.0	0.0	0.0
864.6601012548875	-0.7000697648834375	0.4900976757039515	747637.0907021124	1223.048800759237	4.706205474353055	1495848.3690386082	22.148369966830664	800.289085328672	0.7064864088704326	640462.6200962024	0.49912304591864	851.6647783520083	797.8665224297781	1.009629	30.95965	0.0412750585309692	0.0273267075844619	-0.0326973754	0.0449436176	0.0124472448	-0.0819063617	-0.0025386016	0.0004300578	-0.0100161343	0.0314811747	0.1219901203	0.1236696336	-0.0714376901	0.0292474926	-0.0013826198	0.0384333333	0.0571281957	-0.0988349733	0.118879648	-0.1054661275	-0.0050955624	-0.0844080289	0.1075285294	0.0895057089	-0.0261093371	0.0369779632	0.0496447418	0.0553134425	-0.0114126969	0.0106461386	0.0082982998	-0.1824244361	-0.0763956734	0.0458675595	-0.0211349323	-0.000385525	0.0536896719	-0.1379811182	0.0950273085	0.0372245046	0.0598766667	0.0217286282	0.07030493	-0.0009664536	0.0814490894	0.1196847795	-0.0648425704	-0.0838033861	-0.0568463809	-0.0014158169	-0.1367074033	-0.079442967	-0.0723405015	0.0853959281	-0.0587707891	-0.0311947195	0.0310914395	-0.042172417	-0.1636118933	-0.0683226328	0.1225924713	0.0005342173	-0.1319075294	0.0812827683	-0.0480101001	0.0478271722	0.0015829717	0.0411003057	-0.0665696747	0.0007516846	0.0651188686	0.0386544351	0.0476108301	0.021084417	0.0646394094	0.0508275725	0.0444929687	-0.1068214544	-0.1144247198	0.054392031	-0.1300043778	-0.0784771868	-0.1586184756	-0.1289762885	-0.0084065606	0.0485438433	-0.0729936933	0.022092052	0.0365514857	-0.0155231394	0.00231731	-0.0385136678	-0.0402516517	-0.0065053602	0.0376079845	0.1090006655	-0.0425200839	0.0620558572	0.0461965669	0.1062559395	-0.1356431285	-0.1331915386	0.1314357406	-0.0542763986	0.0283843443	0.084684361	-0.0439654333	0.0945953133	0.0402520907	0.1077275083	0.0088473227	0.0298957248	0.0821066215	0.0876327994	-0.0101290257	-0.1013839798	-0.1275100165	0.0407761141972429	-2.1891046358704647e-05	0.0016626914890265	4.79217910678956e-10	0.0307787646448645	0.0163137824342528	0.0002661394973121	0.0009473323530639	0.0209961309663242	0.0211650710976626	0.0004479602345691	0.000440837515555	0.0004729227771826	-7.300096337550002e-05	5.329140653751095e-09	2.2365595317810315e-07	0.0002466477855758	2.4771187977e-06	6.136117537918693e-12	6.083513012944582e-08	0.0006269413456946	8.196880700020101e-09	6.718885321036202e-17	3.93055450941356e-07	0.0	0.0	0.0	0.0	0.0
864.8579002459286	0.1977989910410542	0.039124440856859	747979.1876177966	1220.283889720479	-2.7649110387581004	1489092.771511342	7.644733052246398	798.0695965509519	-2.2194887777200165	636915.0809389992	4.926130434425093	848.995668899766	783.6718131461062	0.943109	28.919863	0.0326549795929865	0.0201975456339728	-0.0335491434	0.0450972874	-0.0122819534	-0.0069916079	-0.0021214126	-0.0031974056	0.0161802323	-0.0616816626	0.009333635	0.1305741302	0.0945263864	0.1430921052	-0.0958635642	0.0428974676	-0.0147398578	0.0271610235	-0.0557183648	0.0491105103	-0.032928658	-0.2524941871	0.1167707011	0.0118992665	0.087488906	-0.0112124693	-0.0585303757	-0.0420344518	-0.0748125346	0.0050060335	0.1596224981	-0.0628462411	-0.0886148244	-0.0892792598	0.0919181604	0.0995672881	0.0237495936	0.0788754121	0.1001475199	0.0484481783	0.0147498903	-0.0739620303	0.1608438038	-0.0155028808	-0.1396493199	-0.0620848603	-0.1515521381	-0.1405409497	0.0004555335	-0.0531340523	-0.1216231099	0.0225527505	-0.1286685081	0.0654714846	-0.1209769009	-0.030022499	0.0336026058	0.0094126667	0.0143194696	-0.0103054059	-0.0071106275	0.0270814372	-0.008873468	0.184269824	-0.0467870924	0.1572243164	-0.1124074532	0.1505901483	0.1648815521	0.0467512285	-0.0368703713	0.1175322126	0.1035823283	0.115614825	-0.0821705134	0.1047751897	0.1501367836	-0.1459004474	0.0679559956	0.0156263836	-0.0306654284	0.0811890384	0.0430973568	-0.0304580029	0.0751195993	-0.0539512409	-0.0582873076	0.1283156896	0.0224079262	-0.0245877491	0.0031072252	-0.0173121098	-0.0297850763	-0.0629238607	0.0492033624	0.0843670071	-0.0956317894	0.072056393	0.0057222921	-0.0744082273	-0.0740401831	-0.0389848986	-0.0165798151	0.0175435787	-0.0578103786	0.0762650816	0.0239366557	0.1502463264	-0.1285212899	0.0798499608	0.0897507845	-0.0971624179	0.1537921752	0.0851211787	-0.016850859	-0.1073422654	-0.124700488	0.0407885931983003	1.2479001057399963e-05	0.0016637093350964	1.5572546739058938e-10	0.0197687171475564	-0.0110100474973081	0.0001212211458929	0.00039080217766	0.013846624419493	-0.0071495065468312	5.111544386318219e-05	0.0001917290078144	0.000473013692611	9.0915428400029e-08	8.265615121160799e-15	2.2374195339749362e-07	-4.285166358619641e-05	-0.0002894994491619	8.380993106509936e-08	1.836265072104551e-09	0.00062700991206	6.856636539998625e-08	4.701346464164432e-15	3.931414298214889e-07	0.0	0.0	0.0	0.0	0.0
866.3153797389737	1.4574794930450707	2.124246472646917	750502.3371722822	1223.1362137090964	2.8523239886174	1496062.1972866245	8.135752136042273	798.83952964747	0.7699330965181161	638144.5941273911	0.5927969731139747	850.4009380879376	799.7313060286397	0.9616380000000002	29.488041	0.0255218305052531	0.0154107264616933	-0.0361914151	0.0133146211	-0.0268142051	-0.0085812803	-0.0214873053	0.0224670403	-0.0079743463	0.0083439162	-0.064427055	0.1218207695	-0.0821621324	0.0949370749	-0.0213846909	0.0286597506	0.0299848496	-0.0202420271	-0.0143114596	-0.0920495458	0.1713583355	-0.1000115995	-0.0730635248	-0.0125567157	-0.024505338	-0.02872021	-0.1286356334	-0.070780388	-0.0316436006	-0.0263195722	0.0930426131	-0.0134044123	0.0397853456	-0.0106553486	0.1504273932	-0.1834228375	-0.1341382597	-0.0076517984	-0.0050469497	-0.0469409508	-0.0861907603	0.1062300556	0.0368848062	0.074553733	0.034111133	-0.2680816112	0.0777805604	0.1092774617	0.007366985	-0.1015137651	0.0063247319	-0.1315690898	-0.0179416575	0.1007926461	-0.025114743	-0.0206695375	-0.0040554958	-0.0573897477	-0.0823841024	-0.1348587496	-0.0277026971	0.0614787222	0.0602458603	-0.0147781626	0.107339078	-0.0193986759	-0.0439532866	0.026590425	0.1340003196	0.0760780405	-0.0318871676	-0.0231404025	-0.1243461246	-0.0142714269	-0.0699636497	0.0327709359	0.0740196383	-0.061397174	0.0726458689	-0.0175717948	-0.017900543	-0.0310729845	0.0043218282	0.0425544026	0.0268662473	-0.0622106927	0.2279618828	0.0243876076	0.0462510524	-0.0308356587	0.0126870962	-0.0597440809	-0.048029979	-0.0507807603	0.0248260615	0.0522521598	-0.0677520389	0.0178929992	-0.1211710846	0.058638061	0.0652846943	-0.0248697281	0.1375359283	0.022067111	0.0370897499	0.0829752993	-0.0634579793	0.1007419931	-0.0206508239	9.0254e-06	0.0194711222	-0.0432675127	0.0235628771	0.0825512202	-0.0235265052	-0.1126387502	-0.1205247148	0.0407621108447386	-2.6482353561695093e-05	0.0016615496805187	7.013150501666248e-10	0.0291496707771443	0.0093809536295879	8.80022910004784e-05	0.0008497033064159	0.0020846427692973	-0.0117619816501956	0.0001383442123395	4.3457354755835165e-06	0.0004729859088477	-2.778376330002039e-08	7.719375031115597e-16	2.2371566996848483e-07	4.4148234641161466e-05	8.699989822735787e-05	7.568982291570628e-09	1.949066621931049e-09	0.0006269893366125	-2.057544749997035e-08	4.23349039824036e-16	3.931156282257829e-07	0.0	0.0	0.0	0.0	0.0
862.6502030212334	-3.665176717740224	13.433520372264995	744165.3727725752	1218.1796922027088	-4.956521506387617	1483961.7624950863	24.56710544328297	798.7163662486441	-0.1231633988259091	637947.8337134382	0.0151692228103499	849.3645707613555	782.6766803624753	1.002638	30.745295	0.09305457981544	0.0508332564055413	-0.0456707068	0.1046096948	0.0548113646	-0.137944531	-0.0147618907	0.0032160671	0.132968592	0.029797099	-0.0056420308	0.0244961985	-0.0117275104	-0.0319307508	-0.1104496243	0.0197603825	-0.0087024015	0.0354885982	0.0740519369	-0.074141583	-0.0520177311	0.0262185441	-0.1051439315	0.0465762158	-0.0246904456	0.0899467074	0.040702805	0.0045050988	-0.0375203712	-0.0213517036	-0.0401257689	0.1078298917	0.1694972985	-0.0785839317	0.0184781579	0.2052053535	-0.0438922906	0.1614134313	0.0887528898	0.1516360693	0.074360502	-0.0915035989	0.0196706847	0.0399639745	0.018270358	-0.1015909853	0.0353823585	0.1810551678	0.0530614464	0.021335287	0.0251637225	-0.1271657456	-0.0104057098	-0.1957001224	-0.0544866524	-0.018274619	-0.0914625407	0.0038177318	-0.0115290674	-0.0166943143	0.0166485115	-0.0002282157	-0.0641143316	-0.0445349519	-0.0396839746	0.0222723373	0.0150215203	-0.1165935156	-0.0248342189	0.1266271908	0.008534291	0.0684148051	-0.1040809669	-0.0952971203	0.0513092152	0.0346026546	0.0470630205	0.0023104523	0.0249571349	0.0932455548	0.1173545486	0.0069953154	0.0727260785	-0.0055950492	-0.0742969995	-0.098603021	-0.0519755579	0.0138242344	-0.1765203405	-0.024721248	-0.02580795	-0.0434419845	-0.0984518862	0.027977986	-0.0147805831	-0.0499201351	-0.0040464724	-0.0060155712	-0.037926781	0.0811033231	-0.1040902983	-0.0908099955	0.0911663585	-0.014940286	-0.0268357677	0.0709724535	0.021745284	-0.0254034242	0.0758506498	0.0414669441	0.0923260015	0.0467166535	-0.0969518487	0.0799246852	-0.0301376669	-0.1172407796	-0.1150284477	0.0407657893246238	3.678479885194097e-06	0.0016618495792596	1.3531214265777576e-11	0.0028334417371809	-0.0263162290399634	0.0006925439108838	8.028392077998716e-06	0.0429663257586057	0.0408816829893084	0.0016713120040383	0.0018461051491946	0.0004730287635811	4.285473340000798e-08	1.8365281747857598e-15	2.237562111750642e-07	-0.0001769212164641	-0.0002210694511052	4.8871702211981596e-08	3.130111683513693e-08	0.0003310418563255	-0.000295947480287	8.758491108822427e-08	1.09588710639433e-07	0.0	0.0	0.0	0.0	0.0
865.7152322125436	3.065029191310145	9.394403943583324	749462.8632848182	1222.5617025906922	4.382010387983428	1494657.116641452	19.20201504039467	798.2315301999287	-0.484836048715465	637173.5758053196	0.2350659941340248	848.6703105969617	779.9066176150087	1.026079	31.464071	0.0481047712240334	0.0303542716739063	-0.0397588613	0.098128992	-0.0490246205	-0.0365859841	-0.0159227925	-0.0778168555	0.0176068589	-0.0393037697	0.0089707191	-0.1298579212	0.0501283334	0.0287255473	-0.0034629306	0.0389683283	-0.0798604007	0.0673192337	-0.0777598811	-0.0247640028	-0.0248264947	0.0319115782	0.0142091377	0.0006690726	0.0456997456	0.1094296756	0.0288194858	0.1413140081	-0.0798238373	0.0686924166	-0.1559576659	-0.0289665729	0.1119664486	0.1168395209	-0.164159733	0.1561545321	-0.1049343489	-0.1555644111	-0.0158183442	0.0434483689	-0.0100317436	-0.0474895008	-0.0063940215	0.0094647538	-0.0408440486	-0.0725635277	0.0582905758	0.025438214	-0.2066445726	-0.0484460623	0.0143097613	-0.0612916017	0.0492504252	0.0057822077	-0.1353809752	-0.0294437536	0.0020407558	0.0831614305	0.1252627944	0.0165708431	-0.0251140871	0.0091718122	-0.0074821629	0.0232495939	-0.0794867802	-0.0216702334	-0.0232283976	-0.0715231783	-0.0940715794	0.0215776828	0.0903950701	0.1519052327	-0.0254711489	-0.1870204613	0.0678359115	0.1444375365	-0.0824550006	0.0936420939	-0.0254699641	0.0311804312	0.0991770326	-0.1100732075	-0.0466974613	-0.0571081945	-0.0144521264	0.0967973517	-0.0775384305	-0.1368596087	0.0762503233	-0.0342495151	-0.027282916	0.0352026222	-0.0841433457	0.1141548649	-0.0373218375	-0.005241705	-0.0577973755	0.0059623828	0.0534452198	0.0485086154	0.0012343801	-0.0020444961	-0.1192949173	-0.031751309	-0.0470726918	0.1185728865	0.0126058275	0.0968034247	-0.0875018946	0.0432342882	0.0191865787	-0.0311849184	-0.1049235902	0.0772433738	-0.0366662233	-0.1211199807	-0.1082719048	0.0329366023543968	-0.0078291869702269	0.0010848197746516	6.12961686147722e-05	-0.0257335655191894	-0.0285670072563703	0.0008160739035855	0.0006622163943304	0.0423083267186896	-0.000657999039916	4.329627365305062e-07	0.0017899945097353	0.0004730269230667	-1.8405144000120841e-09	3.3874932566518413e-18	2.237544699459497e-07	-0.0002679524605704	-9.103124410630002e-05	8.286687403540783e-09	7.17985211257318e-08	0.0002010633817958	-0.0001299784745297	1.6894403841067875e-08	4.042648349916364e-08	0.0	0.0	0.0	0.0	0.0
868.3437437909249	2.6285115783813358	6.909073117684739	754020.8573808394	1214.947006775903	-7.614695814789229	1476096.229273726	57.9835923517686	800.0691273134324	1.8375971135037616	640110.6084800774	3.376763151557357	848.4217699377775	803.4958465641816	1.066873	32.715023	0.0906660369976285	0.0423162359393128	-0.0048963916	-0.0085795215	-0.075202479	0.0705048344	-0.020918395	-0.0182444294	-0.0934540193	-0.0249015594	0.0011889609	0.0018147019	-0.0411552801	-0.1047813695	-0.083616749	0.0021271008	0.0419149878	0.0031331433	-0.0151350193	-0.0407983157	0.1588023515	-0.0078048367	0.0476250872	-0.0442747448	0.0250507122	0.0365533311	0.0133383081	0.0123492674	0.0735363042	-0.0432095327	0.1142453223	-0.0158548437	-0.1117670745	-0.0663357271	-0.0877611031	-0.076149996	-0.0096164774	0.0496272918	0.0658785641	-0.037814045	0.0470586553	0.2658732403	0.0401835565	0.086973832	-0.0789538422	0.0860097848	-0.0788691461	0.1092044618	-0.0420027508	0.0995289878	0.0571583719	0.1226657236	-0.0660982794	-0.0348591917	0.1379085748	-0.007387275	0.0543789225	0.0114619853	-0.0546693109	-0.0729959389	0.0059325259	0.0408966585	0.1206655003	-0.0566395641	-0.0036635475	0.0565262084	-0.0980681878	0.0511389661	-0.0609841095	-0.0712680655	-0.0497297127	0.0917273483	-0.0329694793	0.0209628183	-0.0896226629	-0.1143517697	0.0226548333	-0.120775498	-0.10288477	-0.1007402234	0.0136603292	0.0163411712	-0.1328887364	-0.1052352614	0.0518815116	-0.0903110452	0.0240510601	-0.0743343872	-0.0450762936	-0.0221890128	-0.0190772683	-0.02592016	-0.0354107713	-0.0122679817	0.0156357514	0.1047032914	-0.0485267482	-0.0472758709	-0.0384339314	0.0454423937	0.1162498872	-0.0634889612	0.0013095915	-0.0749502881	-0.0936088653	0.0940042895	-0.0783144284	0.0074246017	-0.019911732	0.1085163352	-0.0097773065	-0.1894305692	-0.1067485806	0.0745091236	-0.0430942802	-0.1242524367	-0.1003291122	0.0223323742196868	-0.01060422813471	0.0004987349382881	0.0001124496543329	-0.0055429426796393	0.0201906228395501	0.0004076612506489	3.0724213549766906e-05	0.049983444918098	0.0076751181994084	5.890743937489006e-05	0.0024983447658805	0.000738916127135	0.0002658892040682	7.069706884007406e-08	5.459970429401874e-07	-0.0005291164976635	-0.000261164037093	6.820665427076608e-08	2.799642680996886e-07	-0.000315804733522	-0.0005168681153178	2.671526486321746e-07	9.973262971490145e-08	0.0	0.0	0.0	0.0	0.0
866.124186072054	-2.219557718870874	4.926436467399277	750171.1056989781	1220.946374511719	5.999367735815895	1490710.0494333105	35.99241322954874	798.7470646231856	-1.3220626902468666	637996.8732441554	1.7478497569427824	849.10259233895	806.0151389360884	0.991703	30.409956	0.0602878065224119	0.0299837365362648	-0.0134446602	-0.0121957512	0.0586095567	-0.0745464013	-0.0021795533	0.006087524	0.0013614037	0.0055193562	0.0863196943	0.1377836917	-0.0904038709	-0.0093152181	-0.0384291651	0.0135591805	-0.0012356724	-0.0313575585	0.090656101	-0.0899346314	-0.0609654302	-0.0699149608	-0.0367812447	0.0884543252	-0.1410625765	0.1141291251	0.1388371633	-0.0909700598	-0.0509805914	0.1085190448	-0.0327170431	-0.1680885474	0.0306228098	0.0346744901	0.0594333627	-0.1357428865	-0.1004448273	0.072604673	0.0499054952	-0.0617266742	0.0816595249	-0.1488122965	-0.0416979214	0.030379125	-0.0251320843	-0.0475296076	0.0560059518	-0.0377858978	0.1352257119	0.0940954357	-0.0647797769	-0.010547053	-0.0691341615	-0.0242151778	0.0539678986	-0.0241561161	-0.0338906769	0.0239528457	-0.1472970779	-0.0327425331	0.0791299298	0.0485058933	-0.0538339584	0.0460033336	-0.0528749436	0.0199212246	-0.0229191323	-0.058895132	-0.1207941539	0.0195534719	0.0944899345	-0.0378767382	-0.1082596467	0.0055431588	0.0485827953	0.0218102381	0.1666591816	0.0445836484	-0.023852618	0.1920448256	-0.0083446499	-0.196075597	-0.0018769098	0.0957156971	0.0337388604	-0.0483993514	0.0466402562	-0.0342447189	0.0226677669	-0.0311038797	-0.0162569089	-0.066081951	-0.0505986603	-0.0591804066	0.0312612521	0.0363676125	-0.0384758822	-0.0673631523	0.0277154939	0.1143154795	-0.0544725356	-0.1286368983	0.1390009069	-0.0293633834	-0.0746331047	-0.0061224624	-0.0735025687	0.1269314929	-0.0981580475	0.1005339473	-0.1822353817	-0.1284744319	-0.0591745507	0.0717238087	-0.0494042187	-0.1266188352	-0.0912870929	0.0224177278265926	8.535360690579974e-05	0.0005025545209071	7.285238211829785e-09	0.016028107878057	0.0215710505576963	0.0004653102221626	0.0002569002421506	0.0343289075766932	-0.0156545373414048	0.0002450645393734	0.0011784738954091	0.0006343926535836	-0.0001045234735513	1.0925156523250205e-08	4.0245403892084164e-07	-0.000398171349661	0.0001309451480025	1.7146631785396632e-08	1.585404236908623e-07	-0.0005398734122962	-0.0002240686787741	5.02067728076156e-08	2.914633013043427e-07	0.0	0.0	0.0	0.0	0.0
867.0448086522163	0.9206225801622168	0.8475459351045372	751766.7002107584	1218.3178327216476	-2.6285417900712678	1484298.3415275726	6.909231942151062	798.2326045043754	-0.5144601188101205	637175.2908938386	0.2646692138461233	848.2500312036489	804.6472698014735	1.013668	31.083519	0.1266930573332997	0.0664660324579767	-0.0019978784	-8.24927e-05	0.0726883964	-0.0041028578	0.0147939743	-0.062460041	0.1016452749	-0.1484614822	-0.1079780666	0.0252845712	0.0091877792	0.0206711332	-0.0417128737	-0.0209946149	-0.0887836767	-0.0058761513	-0.0150005313	0.0237863796	-0.1713129114	0.0302070171	-0.0669572014	-0.0840903447	-0.0445372823	-0.1874486041	0.0763831372	-0.0998089479	-0.1661339412	0.065832696	0.0766453933	0.0918819941	0.0484515546	0.0533991388	0.0859304842	0.0076718872	-0.2251552775	-0.0477369165	-0.1486080838	0.1324963849	0.049889982	-0.0813838435	0.1163619738	-0.0450330336	0.040519919	0.1158721204	-0.0167185641	-0.0975716961	0.0492068721	0.0334831175	0.1590546657	0.0928589192	-0.1718958209	0.0452570648	-0.0455092978	0.0157834782	-0.1075385682	0.1155386119	0.0565771519	0.1326837646	-0.1401478646	0.0130057446	-0.0184639078	0.0445244776	-0.0471207003	0.0084965674	0.0346306398	0.0273115502	0.1115047548	0.0063904687	0.1384703327	0.1281712971	0.0288176008	-0.1282596605	-0.0487576427	-0.1225175876	0.1805395871	0.1607852957	0.0201982679	-0.0466670731	0.0995058432	-0.095069415	0.0913425966	-0.0105200304	0.000603133	0.0942247263	0.1969660344	-0.1039809599	-0.1004457934	-0.0206616582	-0.0318537671	-0.0320386536	-0.0514545487	0.0016030854	-0.0533102245	-0.0711283305	0.0052418397	-0.0580209132	0.0360448555	-0.060544924	-0.0184601476	0.0098814741	-0.0647531649	0.0295030746	-0.0336185502	-0.0238427694	0.0047429486	-0.042186559	-0.193661996	-0.0430972489	0.044792681	0.0343431545	-0.0427748243	0.0688893378	-0.0555787436	-0.1282045865	-0.0812449131	0.0222673588866939	-0.0001503689398986	0.0004958352717888	2.26108180862584e-08	-0.0152779222377006	-0.0313060301157576	0.0009800675216087	0.0002334149079012	0.0707414751245067	0.0364125675478134	0.001325875075424	0.0050043563027912	0.0003130208713276	-0.000321371782256	1.032798224303979e-07	9.79820658866899e-08	-0.0002499738565966	0.0001481974930644	2.196249695057289e-08	6.248692898177753e-08	0.00016703912698	0.0007069125392762	4.99725338185925e-07	2.7902069942240568e-08	0.0	0.0	0.0	0.0	0.0
869.5877508798659	2.5429422276496325	6.466555173163675	756182.8564803037	1222.9895730440735	4.671740322425876	1495703.4957745252	21.825157640179828	800.6055522091489	2.3729477047734235	640969.2502281162	5.630880809589459	848.6701747764976	807.6159998818976	1.026129	31.465612	0.0911260132856028	0.0547056324417206	0.0375062872	-0.0187926049	-0.050791689	0.116620629	0.0156423107	-0.0413235087	-0.0395837554	-0.0044148989	-0.0371830902	-0.1475375024	-0.0458159028	-0.052148908	-0.0344962955	-0.0191399763	0.0498607685	-0.0265760839	0.0097234176	-0.0022213141	0.1150916115	-0.0201827078	-0.0461621595	-0.0228580613	0.0142513822	-0.1406241953	0.0253897621	0.0114300459	-0.0138819286	-0.0497362452	-0.2145639176	-0.0105768807	0.0368606755	-0.057204303	-0.0195230859	0.0158536294	-0.088614664	-0.1777761989	0.0415761347	-0.0211786532	-0.0031081126	0.1442145632	-0.0510618323	0.0175439287	-0.1438004357	0.0105530645	-0.0431764348	0.0940994731	0.0613590591	-0.0971635861	0.1002028708	0.1762586812	-0.0805073286	0.0844412812	-0.0533039477	0.0249586398	0.0541603032	-0.000729535	-0.0140350084	-0.0198221463	-0.0674912828	0.0441776778	0.17248484	-0.1037507564	-0.0726816996	-0.0090147895	-0.0299486295	-0.0642486589	0.0242724306	-0.0174745009	0.1346574285	0.0182849076	0.0091891113	-0.0587643909	-0.01340263	0.0026179848	-0.0701298445	0.0844846237	0.0831241867	-0.1391465225	-0.1837061973	0.0003667999	-0.0775711324	0.1049187905	-0.0056960013	0.1715846049	0.0322997782	-0.0102172138	-0.1113137299	-0.0043690703	-0.0496735987	-0.0213888269	-0.0280314583	0.055131271	-0.0933567773	0.0228204976	0.0041112872	-0.0591620765	-0.0058836384	0.0160746454	0.1216873392	0.0325088669	-0.1326850731	-0.0677919381	0.0305410234	-0.0152298284	-0.0627510295	-0.1309357683	-0.1609529518	-0.0808977739	-0.0598308457	-0.0339861405	-0.1888575098	0.0660076536	-0.0616009311	-0.1289999139	-0.0703125971	0.0222793532972502	1.1994410556298574e-05	0.0004963695833436	1.4386588459304667e-10	-0.0153668300248881	-8.890778718750013e-05	7.904594622577812e-09	0.0002361394650138	0.0918676221617218	0.0211261470372151	0.000446314088638	0.0084396600016488	-0.0002600135370628	-0.0005730344083904	3.283684331993357e-07	6.760703945590807e-08	0.0004659924239585	0.000715966280555	5.126077148919041e-07	2.171489391867184e-07	5.806053491262026e-05	-0.0001089785920673	1.1876333528988366e-08	3.3710257143395957e-09	0.0	0.0	0.0	0.0	0.0
870.8047274211729	1.2169765413069626	1.4810319020914573	758300.8732990632	1217.150836081583	-5.8387369624904295	1481456.1577740966	34.090849317151964	801.3671190615935	0.7615668524446164	642189.2595130781	0.5799840707424001	850.5586265233502	823.4349767491649	1.011489	31.016691	0.1317069490319378	0.0801389204286076	0.0132066057	-0.0851068721	0.0939011865	0.0309177332	-0.0208685573	-0.0349576223	-0.028932395	-0.0673308307	-0.060926683	-0.0295744772	-0.0472936191	-0.1111239387	0.1026174142	0.0293362883	0.0701339372	-0.0725371232	0.0220298072	-0.0969013191	-0.0957237116	0.0873860428	0.0972358676	-0.1019278368	-0.119374082	0.1584001872	-0.1428818507	0.1157047895	-0.0072977629	-0.0576234008	-0.1556806063	-0.0684254811	-0.0414845927	0.0229142765	-0.0207038826	-0.06730524	0.0723659141	-0.0694295774	0.1178398717	-0.1714511474	0.0298715431	0.0768831339	-0.0068000893	0.1512326765	0.0216178824	0.2244339088	0.0621211784	-0.2151597428	-0.0909902111	0.0444093737	0.1210908551	0.0690453444	-0.0932003576	-0.0469780134	0.0053351289	-0.0322746635	-0.0288813471	0.0468354485	-0.0557188225	0.0452061564	-0.0927238599	-0.106707058	-0.0915146457	-0.1468557076	0.0434320373	0.0144595196	-0.0727240204	0.1036474034	-0.2773420072	0.0175453533	-0.0025830436	0.0580301562	0.0296190281	0.0441131068	0.0968781397	-0.0978392367	-0.1024881926	-0.052710282	0.0313548068	-0.014232595	-0.2085346301	-0.0880967194	-0.1034552236	-0.0399212161	0.155632897	-0.0620934806	0.0166479205	0.0660119384	0.1137295934	-0.0364802948	-0.0215156455	0.0075737986	0.025957893	0.04486002	-0.0746274628	-0.0264141212	0.1107791484	-0.1443462575	0.094698179	0.0022343735	0.0073611713	-0.0716988071	-0.0262183845	-0.0669590822	0.0273469582	0.0823038623	-0.1982777894	-0.1220236174	-0.0485570758	0.0042915897	0.0603167201	0.1613437998	0.185551816	0.063080731	-0.0674542747	-0.1289999139	-0.0586099215	0.0223587022208562	7.934892360600063e-05	0.0004999115650009	6.2962516774309235e-09	0.0212690601138803	0.0366358901387684	0.0013421884462599	0.0004523729181278	0.0219333427856724	-0.0699342793760494	0.0048908034318473	0.0004810715257538	-0.0003430873575692	-8.307382050639999e-05	6.901259653529563e-09	1.177089349238161e-07	0.0004129274337116	-5.3064990246900015e-05	2.815893189903593e-09	1.7050906551164782e-07	0.0004230703360296	0.0003650098011169	1.332321549114571e-07	1.7898850922819865e-07	0.0	0.0	0.0	0.0	0.0
870.633755977219	-0.1709714439538174	0.0292312346476533	758003.1370469998	1231.565606439309	14.414770357725956	1516753.842964223	207.7856044659749	803.0519291584652	1.684810096871729	644892.4009251327	2.838585062520925	854.4034812697358	817.8032071531161	1.043313	31.992552	0.1293325336693026	0.0644319866133417	-0.0209265973	-0.1146339375	-0.089954424	0.1554186279	-0.0568119669	0.1095738249	-0.0906535998	0.0497368589	0.0908506169	-0.046598495	0.0501456972	-0.1052095321	0.0938459616	0.0880174359	0.1230491086	0.0460258721	-0.0005301924	-0.0069418195	-0.0329559347	-0.1117374229	0.1277980543	0.0569054264	0.0701277972	-0.0857182952	0.0477718487	0.206858074	-0.0349560209	-0.1863223905	-0.0701230133	-0.0615847881	-0.084408571	-0.0560964228	0.0517280059	0.0182854169	-0.1092139899	-0.0157430477	-0.0824371929	0.0799947349	-0.1594706779	0.0990208974	-0.1045125044	-0.0858370908	0.0919459185	0.109912763	0.1520162117	-0.0322136293	0.0603604884	-0.0980002982	-0.1267510539	-0.0776077978	-0.07014427	-0.0793155767	-0.0309960044	-0.0698515402	0.0834517193	-0.1343957813	0.0264816308	0.002802512	0.0069176529	0.0273098954	0.0340237549	0.0217852345	-0.0795449487	-0.0296536256	0.1117870987	0.0134918079	-0.1245677808	0.092944039	-0.0293472687	0.0962500544	0.0069478147	0.0949627094	-0.0835326268	0.121284085	-0.1546206577	-0.0782687123	-0.1183580816	0.0630758128	-0.0851573041	0.0385503451	-0.1647207376	0.1002620551	-0.0017204932	0.1537670955	-0.0033021308	0.0088904477	-0.0367133161	-0.0491241085	0.0268779468	0.0114505535	0.0293607177	0.0232037857	0.0029346202	0.0956594041	0.0008730887	-0.0496771524	-0.0154779594	-0.1776002638	0.1289398427	0.0727245588	0.143915017	-0.072893082	0.007960809	0.04668636	-0.1140587678	0.0284375253	-0.0167520776	-0.0242692867	-0.0367128897	0.0001448007	-0.0690763821	0.0601105761	-0.0731227308	-0.1282045865	-0.0462651033	0.0361217535055402	0.013763051284684	0.001304781076315	0.0001894215806648	-0.0050847578468022	-0.0263538179606825	0.0006945237211047	2.5854762360616547e-05	0.0291046728284385	0.0071713300427661	5.142797458227963e-05	0.0008470819804504	0.0006330439729653	0.0009761313305345	9.528323744510532e-07	4.007446717076915e-07	-0.0001778421977256	-0.0005907696314371	3.4900875742844506e-07	3.1627847291871405e-08	0.0004970560616813	7.398572565170001e-05	5.473887600208621e-09	2.470647284541243e-07	0.0	0.0	0.0	0.0	0.0
865.1847740441025	-5.448981933116556	29.691404107430643	748544.6932377446	1224.2523232381852	-7.313283201123795	1498793.750954094	53.4841111798395	799.026823594306	-4.025105564159162	638443.8648232063	16.201474802625047	850.3641185598858	805.7381991410118	1.158297	35.518471	0.1630835522467776	0.07603289511885	0.0024186784	0.0174835046	0.0064321661	-0.0018937483	0.0142703134	0.0578645383	0.0889140452	0.0512488132	0.1096276571	0.0793138005	-0.159745659	-0.0267311946	0.0253432103	-0.0040878515	-0.020445431	0.0655969403	-0.0495507811	-0.0584750486	0.147427964	0.0480733338	-0.0338856889	0.1243654145	0.0102331057	0.0906573215	0.1236332203	0.013219457	0.1052371121	0.0654241957	0.0348700282	0.0545142344	0.2088818357	0.1566163924	-0.0262040144	0.0545638196	0.0592442262	0.0539828953	0.0940466734	-0.146490431	-0.2003114107	-0.0602308117	0.03827785	-0.1088848694	-0.0146215771	0.0056842989	0.104767666	0.1104105324	0.2738236523	0.0774099606	0.0074437066	-0.0102481955	0.0845144604	0.1006638782	0.0877523272	0.0120420344	-0.075420465	-0.0824279673	-0.0685444098	-0.1733358238	0.1066143243	0.1217634276	-0.0584635987	0.015107037	0.0160517878	-0.087095434	-0.0226154577	-0.103276807	-0.0916324302	-0.0771385433	-0.1037905005	0.0047222722	-0.0108660767	-0.2024693958	0.0879644974	-0.120201957	0.0176762079	-0.0419550217	0.0359301489	0.0647837863	0.1344096226	0.1367790695	0.1673474136	0.0993540867	-0.012573093	-0.0189006646	-0.070030487	0.0543503074	0.0614987007	-0.0067394156	-0.0307605702	-0.121567354	-0.0693015278	-0.1068139022	0.0418984384	-0.0046305983	-0.071068004	-0.0715817418	-0.0794594833	-0.0169668107	0.0465108237	-0.0008777237	0.2064283308	0.0175593368	0.1455503695	-0.0994969123	0.009968831	0.0089845105	-0.0627131978	-0.1797126486	-0.0006404465	-0.0663192014	0.0253900116	0.0570992244	-0.0785907625	-0.1266188352	-0.033413395	0.0223504619951171	-0.0137712915104231	0.0004995431513951	0.000189648469865	0.0256676360481975	0.0307523938949997	0.0009457097302732	0.0006588275403027	0.0751777332954333	0.0460730604669948	0.0021227269007953	0.0056516915834393	0.0004781974882088	-0.0001548464847565	2.397743384144499e-08	2.2867283772920547e-07	0.0005912452396481	0.0007690874373737	5.914954863260449e-07	3.495709334065392e-07	0.0010228582670383	0.000525802205357	2.764679591582849e-07	1.0462390344485943e-06	0.0	0.0	0.0	0.0	0.0
863.2300884927607	-1.954685551341754	3.820795604624217	745166.1856792195	1221.4772050701204	-2.775118168064864	1492006.562505913	7.701280846723688	798.3661781346742	-0.6606454596318372	637388.5543893664	0.4364524233321614	850.1704881096964	790.4030683163703	1.11535	34.201527	0.1054206928383604	0.0544668684342971	-0.0550933022	0.0593219199	0.0837316255	-0.1703868583	-0.0171355873	0.0036357631	0.0890013304	-6.04717e-05	0.0163962062	0.0235034232	0.068670966	0.0963693929	-0.1936599049	0.0103050837	-0.1164987896	-0.0590776531	0.0160432364	-0.0566057528	-0.1617863176	0.0655043745	0.1943634308	0.1404275026	0.0876018737	0.0145172964	-0.1178093894	0.0679410419	-0.0542908265	-0.0621030691	0.012772359	0.0064279568	0.0087184767	-0.036060735	-0.0379776353	0.0679822832	0.1828653385	-0.04312065	0.0155645397	-0.0410558166	-0.0107951541	-0.0017904675	-0.073867726	0.207140866	0.0555802667	0.0028064592	-0.0089767489	0.1423952965	-0.0706830181	-0.0167791278	0.0841868544	-0.1401455963	0.0958188922	0.0804803337	-0.058526767	-0.0294562999	-0.0241275131	0.0667824068	0.0336463001	0.0493299308	0.1048624371	-0.0086937928	-0.1655061806	0.0451274852	-0.032976071	0.1287631398	0.0373068826	0.0602997066	0.0117558958	-0.0028392573	-0.0775702269	0.0751285703	-0.077484013	0.0320078514	0.008158343	0.1630585068	-0.1161709388	0.0255620248	0.1503183948	0.0918725406	-0.0082828706	0.1259668441	0.0347918782	-0.1809283011	-0.0132143611	0.0132081771	0.0107901932	-0.094500996	-0.0445167265	-0.024868944	0.0032993997	-0.0019737666	-0.106225423	0.1054410256	-0.0039402168	-0.0612255014	-0.0701583371	-0.0150073529	0.1188197398	0.0065925381	-0.1275196462	-0.0004048786	0.1066492323	0.0509758586	0.1125182362	0.0089747197	0.0058640227	-0.0856313081	0.0179935384	-0.090948876	-0.0300028308	0.0507523257	0.0117859569	0.0540487397	-0.0838433825	-0.1242524367	-0.0201956026	0.0540627812128065	0.0317123192176894	0.0029227843124637	0.0010056711901646	-0.0151752878682884	-0.0408429239164859	0.0016681444340478	0.0002302893618854	0.0928867839588534	0.0177090506634201	0.0003136104753995	0.0086279546342187	0.0006566681308906	0.0001784706426818	3.1851770299254734e-08	4.312130341273542e-07	0.0006758226524814	8.457741283330006e-05	7.153338761574469e-09	4.567362576069952e-07	0.0009827783417381	-4.007992530020012e-05	1.6064004120696211e-09	9.658532689894895e-07	0.0	0.0	0.0	0.0	0.0
862.1915099686971	-1.0385785240636096	1.0786453506461458	743374.1998621019	1212.462494797003	-9.014710273117316	1470065.3012893726	81.26500130824688	797.5793685794063	-0.7868095552679506	636132.8491835244	0.6190692762609502	847.2973471675665	784.6245638444365	1.09739	33.650806	0.1155259698974343	0.0521202956250682	0.0009144825	0.1261346001	-0.0160294807	-0.0115209425	0.0274410269	-0.0925772936	0.1331436346	0.0265175456	0.0427340878	-0.0119455306	0.1929966157	-0.035011921	-0.1806569255	-0.0334074661	-0.1338205054	0.1173597842	-0.0632373193	0.0064923549	-0.0162980669	-0.1600300905	-0.0073162084	-0.0060838632	0.0605268329	-0.0866855765	-0.0376815405	0.0114484384	0.095139016	-0.0327936738	0.0395222654	0.0567854038	-0.0578546395	0.1084555074	0.0024729035	-0.095685311	0.1097606504	-0.0869033488	-0.1444384263	0.088986599	0.0136978738	0.0464050372	-0.0920652748	0.2049630194	-0.112691397	0.0153211917	0.0446250734	-0.0189896196	0.0160195434	-0.0866273167	0.0357213093	-0.0049861016	0.0885657883	0.0646861056	-0.1298714418	0.0371823218	-0.0527170485	0.0538453831	0.1231689652	0.0251248051	-0.0247259537	0.1867878013	0.0493627574	0.1554666515	-0.0906168098	0.0111581834	-0.0157053816	-0.0583891117	-0.0474697194	0.0384301777	0.0876814192	-0.0499615021	0.1371016029	-0.0963225094	-0.1836248185	-0.0109502564	-0.0451506685	-0.0007691473	0.0328215518	-0.0668895737	0.0526521479	-0.0592623358	-0.0397532307	-0.0520570517	0.0531207636	-0.0205226342	-0.0018625253	0.0437132807	0.0071792752	0.0060094312	-0.0563931096	-0.0881285003	-0.130888389	-0.0405329528	0.0754052316	0.0528717431	-0.1584348661	0.0164275665	-0.0100665523	-0.1985220028	-0.0913369476	0.0705558759	0.0037720639	0.0456079883	0.1202025819	-0.0557292563	0.1825987974	0.0443859686	-0.0472881511	-0.1671695741	-0.0196684255	-0.0965874416	-0.0653796519	0.0509612127	-0.0888661936	-0.1211199807	-0.0067565429	0.021691664206088	-0.0323711170067185	0.0004705282960296	0.0010478892162626	-0.0152881424569812	-0.0001128545886928	1.2736158189021093e-08	0.0002337272997849	0.1303430040384015	0.037456220079548	0.0014029684226475	0.0169892987017547	0.0010122173435264	0.0003555492126357	1.264152426059373e-07	1.024583950535642e-06	0.0004361584923724	-0.000239664160109	5.7438909640752416e-08	1.9023423046856488e-07	0.0012992805334428	0.0003165021917047	1.0017363735387869e-07	1.688129904583407e-06	0.0	0.0	0.0	0.0	0.0
865.8201235321551	3.628613563457975	13.166836392911184	749644.4863132363	1219.4420891433465	6.979594346343447	1487039.0087742894	48.71473723950941	797.6277635071467	0.0483949277404462	636210.0491174128	0.002342069031003	848.1033104646901	784.2335555257123	1.06317	32.601452	0.0727398968877704	0.0377417113267222	-0.0139826121	0.1108018571	-0.0615961367	-0.0056987942	-0.0038964907	-0.1482261525	-0.0033553455	-0.0857818498	-0.0415022782	0.0117745984	-0.1597293903	-0.0110816653	-0.0572253888	-0.0556892819	-0.1325690267	0.0700695677	0.0062682387	0.0361923837	0.077216925	0.1064673118	-0.0917565411	-0.0560284729	-0.1770487033	0.065744575	0.1047957494	-0.0987076974	0.0066444406	-0.1375607444	0.0748760808	-0.1023205431	-0.1218743226	0.0443441503	0.0010021784	-0.0156085819	0.0276050639	-0.1384793244	0.0203107261	0.0288865963	0.0377205639	-0.0395900507	0.035819051	-0.1839767811	-0.0454588596	-0.0925847258	-0.1240880605	-0.0751836624	-0.0936008182	0.0628119679	0.1381792081	0.0466591419	-0.1190439114	0.0413440441	-0.1527541453	0.0283145621	-0.0686784494	0.1182306468	0.004870727	-0.0359923187	-0.0315693275	0.0563821412	0.1445271123	-0.1143996887	0.0303316121	-0.0348505128	0.0399315152	0.0111953147	0.1735035074	-0.0650307416	0.02261066	-0.0158959765	-0.1071345448	-0.0330394889	0.1949988147	-0.1553478403	-0.013435975	-0.0050430377	-0.0213850884	-0.0102610482	-0.1124214728	-0.15550384	0.1111016833	-0.2585906317	0.0638722919	0.0232517123	0.0511188251	0.0006001295	-0.0145409299	-0.0027549816	-0.0404550157	-0.0346723211	-0.1083782243	0.0655978654	-0.0437161465	-0.0825077337	-0.1113041345	-0.0073634015	0.0467747254	0.01899788	0.1048235718	0.0240188889	-0.022703873	0.1570933994	0.131926078	-0.0793958624	0.098297678	-0.0867113263	0.0300825466	-0.2140171964	0.000553151	-0.0548054523	-0.1485871118	0.0478387595	-0.0936454286	-0.1172407796	0.0067565429	0.0217623826742539	7.071846816589927e-05	0.0004736012996606	5.0011017397313085e-09	-0.0312032437074236	-0.0159151012504424	0.0002532904478118	0.0009736424178648	0.1240984374014644	-0.006244566636937	3.899461248314784e-05	0.0154004221654851	0.0005413458179802	-0.0004708715255461	2.2171999357020567e-07	2.930552946446518e-07	0.0003752222557971	-6.093623657529997e-05	3.713224927960926e-09	1.4079174124546437e-07	0.0008208980849198	-0.000478382448523	2.288497670548608e-07	6.73873665824995e-07	0.0	0.0	0.0	0.0	0.0
869.9448788675581	4.124755335403052	17.01360657693594	756804.0922678905	1220.3094275302574	0.8673383869108875	1489155.0989192245	0.7522758774091803	802.6798430158642	5.0520795087174974	644294.9303839724	25.52350736240323	850.6915169480606	805.8711518712527	1.122407	34.417915	0.0555600151824342	0.0321224525822743	0.0335490854	0.0249131758	0.1170048189	-0.0720948427	0.024829208	-0.0223934208	0.0022675079	-0.0562990545	-0.1033741414	0.0055431756	0.1025328256	-0.089597362	-0.0510804432	-0.004245255	0.1328717441	-0.0473003416	0.0428807311	-0.1001019725	-0.1265722651	-0.0672711609	-0.0847933164	-0.1801311011	0.0241401005	0.0725115484	0.0004261917	-0.097490819	0.1334608266	-0.0335615895	0.0646228602	0.0456492736	0.1816492785	0.0279936453	-0.1177871342	-0.0971259053	0.0168154337	0.0437193258	-0.053721692	0.0145167719	-0.0556849139	-0.1314994535	0.0078604939	-0.092603131	-0.0409164813	0.0423513006	-0.1199321954	0.069553288	-0.0450650267	-0.0706744648	0.0092580677	-0.1100693728	0.0708033503	-0.0002632049	0.0558186542	0.030832583	-0.0069553301	-0.0310914527	-0.110583292	0.0937280051	-0.1249963446	0.0485970426	-0.0476348784	-0.0797052187	-0.0577394507	0.0194499034	-0.1018918088	0.0415164616	0.004318047	0.0055427525	0.0949676094	-0.0866088245	-0.1668473386	-0.0545446508	-0.1921300091	-0.0683095351	-0.1689587119	-0.0137385922	-0.0547098668	0.119931328	0.1528612508	0.0676585605	0.0606733808	0.0183908425	-0.102734955	-0.2176840259	-0.0303151809	-0.0553174265	-0.0703695778	0.0380503589	-0.04154562	-0.103537181	-0.0651023027	-0.0369483362	0.0010152003	0.0191925896	-0.0671642168	-0.1304318374	0.1259540512	-0.0277655628	-0.0925551176	-0.0711195551	-0.1343017394	0.0746144176	0.0053747722	-0.0480352996	0.0532877972	-0.1582356548	-0.0113827823	-0.0560731265	-0.0601487507	-0.2032864933	0.0148348205	0.0446835199	-0.098167988	-0.1126387502	0.0201956026	0.0363713712234954	0.0146089885492415	0.0013228766446773	0.0002134225464318	-0.0585518761362351	-0.0273486324288115	0.0007479476957262	0.003428322199073	0.1239432669995181	-0.0001551704019462	2.4077853640173772e-08	0.0153619334345138	0.0004058251278633	-0.0001355206901169	1.836585744976084e-08	1.6469403440526378e-07	0.0004556555990242	8.043334322709999e-05	6.469522702688471e-09	2.076220249221025e-07	0.0007679076422151	-5.299044270469999e-05	2.8079870180400922e-09	5.89682146972354e-07	0.0	0.0	0.0	0.0	0.0
870.8210380014842	0.8761591339260804	0.7676548279620992	758329.2802259824	1230.218310246702	9.908882716444625	1513437.0908662507	98.18595668825498	802.1789674565498	-0.5008755593144087	643491.0958296563	0.2508763259185217	854.7725799402499	821.0520731851202	1.291609	39.606411	0.3822699170127518	0.2523378272254263	-0.076477427	-0.1054880485	-0.0478445943	0.0081037997	-0.0990641877	0.0980041404	-0.0709599665	-0.0196441907	0.0077929864	-0.1294127222	0.0210534803	0.0185526775	0.0969239818	0.0971210114	0.0876856451	0.1272670441	0.0443751215	0.1196784099	0.0087855887	0.1006074585	0.0547298655	-0.0638916201	0.06342682	0.0285989846	0.043792528	-0.0952904806	-0.2212335653	0.0514466005	-0.0017657448	-0.1529494129	-0.0653047259	0.0303783829	0.0294917856	0.0504041559	-0.0617287644	0.1297301463	0.1061508057	-0.1060283396	0.0476538079	-0.0001989934	-0.1939554892	-0.1263498614	-0.1172707571	-0.0807732035	0.1503232188	-0.0609909096	0.1080496935	0.1174048637	0.038940063	0.0481856984	0.1253822768	-0.1175854466	-0.0305159917	-0.0873264324	0.0248204154	-0.082799987	0.0816331675	0.0517341329	-0.0718230102	-0.1300177244	0.0812298182	-0.0654456749	0.0169047671	0.1351897184	-0.0018822347	-0.0125039555	-0.0252531295	-0.0481000867	-0.037375433	0.1322672914	0.0462242739	0.0809653715	0.2973067731	0.0228193782	0.0864547534	-0.0526102494	0.0723468502	0.0515803647	0.1624726283	-0.0686251247	-0.0795839877	0.0652830951	0.1147091057	0.0196009184	0.0770282493	0.1608822301	0.0633236332	-0.0796476848	0.0854733143	0.0684116447	0.040529893	0.1191581044	-0.1223459884	-0.0637702523	0.0655569133	-0.0767096385	-0.072302075	-0.0208986939	0.0734115517	0.1715836069	0.0456770829	0.2902565841	-0.000452828	0.061164343	0.0114972511	0.2321624679	0.0348045071	0.0246180581	-0.3547815203	0.0023531663	0.1800905505	0.0414976565	-0.1024214758	-0.1073422654	0.033413395	0.0487572961655189	0.0123859249420235	0.0023772739293721	0.0001534111366694	0.035367608952967	0.0939194850892021	0.0088208696794208	0.0012508677630499	-0.1059097682977281	-0.2298530352972462	0.0528324178353571	0.0112168790208784	0.000252056333498	-0.0001537687943652	2.3644842120557912e-08	6.353239525645502e-08	-0.000177919740264	-0.0006335753392882	4.014177105541578e-07	3.1655433975609224e-08	0.000633022342183	-0.000134885300032	1.8194044164749614e-08	4.007172857028512e-07	0.0	0.0	0.0	0.0	0.0
873.2538879149274	2.432849913443192	5.918758701340548	762572.3527585366	1230.7131137034933	0.49480345679126	1514654.7682417475	0.2448304608525803	801.5721157270364	-0.606851729513437	642517.8567111173	0.3682690216134497	854.9365434197607	814.0591006999261	1.239568	38.010582	0.1887301343544898	0.1070827593415631	-0.1558883124	-0.191316963	-0.1430062386	0.1606381495	-0.2075710789	0.0763973877	-0.2344275693	-0.0902302121	0.1219568861	-0.0408930918	0.017879101	0.0631680696	0.1260377023	0.1853066681	0.0097255706	-0.0366020469	-0.0675987977	0.2322747493	-0.0435151398	0.0952939729	-0.0615921897	0.0934193851	0.2099412487	-0.0363665546	0.0795394222	-0.0274246757	-0.1165841516	-0.0888280773	0.0478416966	-0.0140225356	0.0732511059	-0.0316376047	0.111541133	-0.1628191387	0.0955061177	-0.0213667902	0.1134298179	-0.0314240757	0.0129579329	-0.0448085849	-0.0408566866	-0.0711954247	0.0723141684	-0.0706484015	0.0238504699	-0.10360385	-0.0092615925	-0.093525862	-0.021369711	0.1067621633	0.1668391309	-0.1472929285	-0.1751859	-0.2113121514	0.1764105609	0.0245049094	0.0305286828	0.0884967648	0.1043596561	-0.1991210194	0.0919992329	0.0425136637	0.0162763911	-0.1812472954	0.0697545652	0.0375486075	0.0778722087	-0.1301331342	-0.1293827989	0.0165950458	-0.068425281	0.1772420223	-0.0817440848	0.0623141601	0.0945557413	0.1295788934	-0.0676330009	-0.0330053362	0.0256587419	-0.1079987993	0.0588488199	0.0957999859	0.0433973842	0.0137634916	-0.0148773796	0.206902626	0.2377221428	-0.1822505688	0.1516671498	0.2175584942	0.268283452	0.1518485221	-0.1164416026	0.0245357196	-0.106598601	0.0610468825	0.0633768074	0.0136775654	0.1575718756	0.1862771773	0.0886326018	0.048943611	0.1293868823	-0.0631009756	0.103078128	0.0364040536	-0.0772781975	-0.006685968	-0.272172099	0.1262772671	0.011658125	0.0382833527	-0.1063942335	-0.1013839798	0.0462651033	0.0584735684449384	0.0097162722794195	0.0034191582066848	9.44059470078158e-05	-0.0181141208288266	-0.0534817297817935	0.0028602954204527	0.0003281213734013	-0.1970955677481498	-0.0911857994504217	0.0083148500214125	0.0388466628259655	0.0002889352099189	3.68788764209e-05	1.360051526068014e-09	8.348355553087882e-08	0.0002870642212526	0.0004649839615166	2.16210084467671e-07	8.24058671233617e-08	0.0004479585232634	-0.0001850638189196	3.4248617073106525e-08	2.006668385643261e-07	0.0	0.0	0.0	0.0	0.0
871.0516740763794	-2.202213838548005	4.849745790692338	758731.0189112631	1219.1371340392066	-11.575979664286706	1486295.3515933305	134.00330518797935	802.219596684258	0.64748095722166	643556.2813042536	0.4192315899646771	854.918808752085	819.630239326229	1.191146	36.525764	0.1854519343713502	0.0933090258323262	-0.1476725215	-0.1578034819	0.0145596939	0.1163234438	-0.1653475343	0.0278063917	-0.0559543201	-0.0669822862	0.0963630974	0.0950178257	-0.0652771834	0.1627761121	0.1924168393	0.1758568939	-0.0086213208	-0.1492446465	-0.0541115866	0.0530110418	0.1403084414	0.0622172253	0.0313225696	-0.0534725115	-0.0468085365	0.0811668764	-0.087287694	0.0280440603	0.1659400629	-0.0431733462	0.1834789258	-0.0542406194	0.1213448146	0.1264512738	0.0181083923	0.0469424463	-0.0995035852	0.0812755983	-0.1269661374	-0.0195208283	0.014170726	-0.035802651	0.1118362945	0.0759353684	-0.1055376342	0.0381158989	-0.0166421387	0.0506498619	-0.01569243	-0.0007558745	-0.0382860189	0.0112806004	0.187474603	0.0066912842	-0.0414111923	-0.188693532	0.0552664676	0.0137764584	-0.12692234	-0.1252510269	-0.0019779193	-0.0683035452	0.0143925391	0.1626746757	0.2302231158	-0.058905374	0.0434669145	0.0713614219	-0.0946613479	-0.008808631	-0.0415734246	-0.0468573023	-0.0148227385	-0.0812385346	-0.1172852933	-0.1165563661	-0.027825076	-0.0838520587	0.2017318776	-0.1395580192	0.0776400526	0.007960193	0.1472870825	0.1130669914	0.122343432	0.0643486184	-0.1367823647	-0.0784095069	-0.029906214	-0.1658047215	0.1052572239	0.1064012264	0.1869739869	-0.2294242737	0.0875349957	0.0144746187	-0.0110201202	-0.0533033906	0.0109399248	0.0013836128	-0.0644005855	-0.072485057	0.1034490839	-0.1143335606	0.0554204193	-0.0590615761	-0.0009530556	-0.1696688716	-0.0619073244	0.050543406	0.115065641	0.0232725576	0.0512199762	0.0350428114	-0.1100753719	-0.0948006283	0.0586099215	0.0483516465984052	-0.0101219218465332	0.002337881728777	0.0001024533018673	0.039505044283203	0.0576191651120295	0.0033199681882073	0.0015606485238178	-0.2086487177663372	-0.0115531500181874	0.0001334752753427	0.0435342874255366	-0.001116987122091	-0.0014059223320099	1.976617603644156e-06	1.2476602309171343e-06	-0.000178109459469	-0.0004651736807216	2.1638655323608106e-07	3.1722979552339354e-08	0.0001959005881029	-0.0002520579351605	6.353320267737482e-08	3.8377040419062086e-08	0.0	0.0	0.0	0.0	0.0
866.9690386543235	-4.082635422055887	16.66791198942545	751635.3139852019	1230.7129007808498	11.575766741643292	1514654.244148414	133.99837565693497	802.0712864201824	-0.148310264075576	643318.3484997264	0.021995934430167	857.2842811038489	804.8666928147267	1.139233	34.933891	0.0825427557871369	0.0433398425472843	-0.1919572248	-0.0787790243	0.0897178855	-0.0684988938	-0.1676107273	0.1261587936	0.1584097389	0.0561405483	0.0036259707	0.0817771539	0.0367896742	0.2779773339	0.096970121	0.1716629059	-0.0380639514	0.0139529866	0.0212569302	0.0255645355	-0.0313956665	0.0412823197	0.0641559696	0.0676861608	-0.125976959	-0.1306767004	-0.0811397112	0.1334148532	-0.0466838309	0.0477204212	0.0566195137	0.0080226475	-0.0314529216	0.0175453429	-0.0655551857	0.0061252123	0.0704386218	0.1413240101	0.0309435836	0.055570924	0.0289958715	0.0821012702	-0.0061743035	-0.077873417	-0.076969385	-0.0776707614	-0.0685679998	0.0696392329	0.0074095523	-0.1239715584	0.0708708797	0.091856475	-0.018763403	-0.0183659081	0.0193027486	-0.1742056723	-0.0573743639	-0.0660116326	0.063495679	-0.0288384361	0.0181762325	-0.0806549551	-0.1423499101	0.1254112194	0.1377781953	0.1125279684	0.0887123342	-0.040792782	0.1432007128	0.0465261128	-0.1017604138	-0.0522235648	0.0497396155	0.0215910305	0.0931314525	0.036137721	-0.0904025254	-8.93916e-05	-0.0405111115	-0.0673270278	0.0313020125	-0.0125255918	-0.090875253	0.0097407641	-0.1160548182	-0.0473466225	-0.0401884981	-0.0362859193	-0.0327435928	-0.1635713047	0.0850232832	0.1317976165	0.1038818377	-0.0944910811	0.022059524	-0.15921598	0.0727520277	-0.0081652964	-0.1021485257	0.0163492897	-0.1679134241	0.108507609	0.1025340004	0.0764663553	-0.0459918921	-0.0135175861	-0.0429922991	-0.0662460872	0.0586250288	-0.0827604433	0.034187595	-0.0499904761	-0.034341895	0.0317782535	-0.1134548014	-0.0876327994	0.0703125971	0.0406431189831835	-0.0077085276152217	0.0016518631206812	5.9421397994635545e-05	0.0305848920254021	-0.0089201522578009	7.956911630235048e-05	0.0009354356202055	-0.1798996383004478	0.0287490794658893	0.000826509570136	0.0323638798606319	-0.0014910158292392	-0.0003740287071482	1.39897473770954e-07	2.223128203041859e-06	-0.00017787111183	2.383476390000047e-07	5.680959701687655e-14	3.163813242364037e-08	-0.0001731322860744	-0.0003690328741773	1.3618526222355896e-07	2.997478848134788e-08	0.0	0.0	0.0	0.0	0.0
864.1229318040605	-2.846106850263027	8.100324203114129	746708.441269645	1218.931848319632	-11.781052461217769	1485794.8508479146	138.79319709396523	801.4099432220697	-0.6613431981127178	642257.8970952011	0.4373748256899575	854.6179514416193	782.3465773361819	1.055796	32.375343	0.0534854259715669	0.0292816004645867	-0.2324602493	0.0276088105	-0.0876108029	0.0354396251	-0.20502617	-0.0748277379	0.1089644907	-0.0046204074	0.0392043029	-0.171662196	0.0592909124	0.0848470858	0.0775624605	0.2056161532	-0.0767957283	0.0831265803	-0.0548142042	0.1539556176	0.0572680816	0.197064563	-0.1443938827	0.036762817	-0.0490382342	0.0943478799	-0.1298171602	0.1017106467	-0.0600702943	0.0144160252	0.0708928488	-0.006906502	0.0362090251	0.0079803022	-0.0189876236	0.0175568623	0.088968831	-0.1227043397	-0.1107509099	0.0716897317	0.0742915924	-0.0783367205	0.0556506439	-0.018685865	0.04439074	0.0749190694	-0.0174172901	0.1460801581	-0.0346780049	0.0359291764	0.0059235204	0.1564814852	-0.1087500212	0.0566586877	-0.0061457166	-0.2107619724	-0.0413276398	0.057753292	0.2132237995	-0.0589266951	-0.0412335949	-0.1657886161	0.0763405708	0.0033121285	0.0712768839	-0.0361496882	-0.0163938474	-0.1326392426	-0.0102905996	-0.0281988909	-0.0609759095	-0.0580630377	-0.0214771929	-0.0760721288	-0.0912949589	0.1020704106	-0.0301578156	0.1356882079	0.0747022838	0.0452818652	-0.0028622897	-0.0688911055	0.0226846506	-0.0991749939	-0.0255641684	0.0329155171	-0.1814701935	0.0528021212	-0.1067751132	-0.1830754527	0.0699644996	0.203062614	0.0339594246	-0.0524936126	0.0329950937	-0.1549970449	0.0845551823	0.0577922875	-0.1577493425	-0.0077479061	-0.0443287793	0.025791686	-0.0687333861	-0.0274973311	-0.0478644638	-0.0265216526	0.0792314917	-0.1197171685	0.0332847744	0.0925001011	0.2838251478	0.0368458116	-0.0785424546	0.0284919163	-0.1165232592	-0.0799246852	0.0812449131	0.0413866472369903	0.0007435282538068	0.001712854569519	5.528342642089925e-07	0.0205465075043775	-0.0100383845210246	0.0001007691637919	0.0004221589706274	-0.1964446661988788	-0.0165450278984309	0.0002737379481598	0.0385905068779889	-0.0011300005055733	0.0003610153236659	1.3033206392159453e-07	1.2769011425959134e-06	-0.0001779937778634	-1.22666033400005e-07	1.5046955750091142e-14	3.1681784958085395e-08	-1.110056980760919e-05	0.0001620317162667	2.6254277076361804e-08	1.2322265005360472e-10	0.0	0.0	0.0	0.0	0.0
864.6930719052804	0.570140101219863	0.3250597350189956	747694.1086009904	1223.553093081615	4.621244761983007	1497082.1715895871	21.35590315015538	802.1492549045223	0.7393116824525805	643443.4271438803	0.5465817638108652	854.7721572272521	777.5677152418498	1.172656	35.958775	0.2068806157003263	0.1435785634718369	-0.1304467635	0.0853600951	-0.0052769258	-0.1256207787	-0.1080942948	-0.0502122009	-0.0233552358	0.0949170377	0.1465913032	0.0243443369	0.0378107555	-0.0826483284	-0.0495819776	0.0660922981	-0.0068664525	-0.1275676146	0.0891232565	0.0788581574	-0.1031399731	0.1614910642	0.1229222179	0.1002074072	0.2109692966	-0.0935271007	0.0276768609	0.1315752484	0.1564939853	0.0306552613	0.007991777	-0.0255674339	-0.0861763571	-0.0246023269	-0.160228076	-0.1118783568	-0.129595546	-0.0057599414	-0.034198585	0.0185808037	0.1224530329	-0.0326694443	0.0050447108	-0.0275357254	0.1349920153	-0.0347863181	0.032887935	0.0018897374	-0.0031801822	0.0457390143	-0.0149709829	-0.0924818941	0.0588327471	-0.0403236114	0.0598989972	-0.0946394446	0.1205656554	0.0356345243	0.0034249402	0.0450730867	0.2093975376	-0.098437199	-0.2024379149	-0.0527736189	0.0580443914	0.0264882066	0.1009168631	-0.023547948	-0.0023172508	-0.0284589679	-0.0302309217	-0.1117281851	0.0707182818	0.1588462778	-0.1147962964	-0.0766449611	-0.0631224691	0.1233154408	-0.0869357789	-0.0480866215	0.1051433237	0.0856605195	-0.0953323825	0.1249016559	0.0910201975	0.0550422772	-0.1208043846	-0.1332642211	-0.0960074868	-0.091136248	0.0295496109	0.1566525619	-0.0373858977	0.0399442581	0.0707297277	-0.0837330879	-0.0703337652	0.1351820775	0.0470241138	0.0767180207	-0.114567237	0.0041333895	0.097745553	-0.0456796258	-0.134043884	0.036436192	-0.0716747877	-0.1023543827	0.0168588263	-0.0409731248	-0.0683128457	0.1193284459	0.0938685612	0.0251860523	-0.1192723348	-0.0717238087	0.0912870929	0.0413022262935811	-8.44209434091997e-05	0.0017058738968061	7.126895686099298e-09	0.0156045247078679	-0.0049419827965096	2.442319396099685e-05	0.0002435011913584	-0.0581963035914157	0.1382483626074631	0.0191126097636445	0.0033868097517042	8.400418710859036e-05	0.0012140046926818	1.4738073938536508e-06	7.056703451775058e-09	-0.0001779980261775	-4.248314100003701e-09	1.8048172692290258e-17	3.1683297323085986e-08	4.700747625529004e-05	5.810804606289923e-05	3.376545017248018e-09	2.209702823891657e-09	0.0	0.0	0.0	0.0	0.0
861.4314732205352	-3.261598684745195	10.638025980331586	742064.1830549015	1218.5106209676774	-5.04247211393772	1484768.1334110347	25.426525019839534	799.7409350890637	-2.40831981545864	639585.56325713	5.800004333530737	851.4195031958111	771.1385117379475	1.083331	33.219681	0.0870724263469168	0.0477114583915486	-0.1021147686	0.1670245449	-0.033392873	-0.0611247442	-0.0272089692	-0.1302489889	0.1507154034	0.0363586117	0.1305044344	-0.0437664765	0.0864369256	0.142710037	-0.0254052804	0.0378280009	-0.1275025632	0.119277045	-0.0040634141	0.126414938	-0.0463479576	-0.0135559103	0.1734482935	0.0626109733	-0.108600426	-0.121937228	-0.0038278512	0.0620274325	-0.0360740826	0.223999108	0.045602606	0.0783496591	0.1189118489	0.0089832455	0.0227858261	0.0796348108	0.0338177456	0.0655147877	0.0029069836	0.1027877518	-0.0872406569	-0.0247049986	0.1147514637	-0.0391182015	0.0257267554	0.0733262155	-0.1478235496	-0.085027872	-0.0031566151	-0.0221022972	-0.066792582	0.0286538915	0.0287294953	0.0655963833	0.0548464383	-0.0339317309	-0.019207067	0.0811931096	0.1787434243	-0.0472212537	0.0384450144	-0.0065499218	-0.0374938362	0.2125107095	0.0120994724	0.1646792395	0.1517428938	-0.0421387572	0.017726225	-0.0375490883	0.052713321	0.0565857933	0.225638986	-0.1287509213	-0.0521478046	-0.0333937066	0.089061661	-0.0682629523	-0.0624332924	-0.0036742515	-0.038423069	0.0483853163	0.0700008379	0.0329964895	-0.1321180412	-0.055155127	-0.0394183026	0.0032746343	0.0017811045	-0.0517855022	-0.0123458975	0.1148773906	-0.0671286547	-0.0839914599	0.1473423156	-0.1301627317	-0.1089258363	0.0850377159	-0.1036187733	-0.0145080936	-0.0993545948	-0.0113211915	-0.0368945261	-0.0503798596	-0.1717915669	-0.0045710485	0.0154105204	0.0656129704	-0.0910569622	0.1666470339	-0.0276214661	-0.0388829085	-0.0369778772	0.0218629269	-0.1216944932	-0.063080731	0.1003291122	0.0433188258210179	0.0020165995274367	0.0018765206705116	4.066673654058311e-06	0.028132045710933	0.0125275210030651	0.0001569387824822	0.000791411995882	-0.0263738234983748	0.0318224800930408	0.0010126702392719	0.0006955785659234	-0.0001850443199379	-0.0002690485070464	7.238709914394536e-08	3.4241400341279895e-08	-0.0001779539352695	4.409090800000146e-08	1.944008168264593e-15	3.16676030779014e-08	-0.0004980164402577	-0.0005450239165129	2.970510695711587e-07	2.480203747669512e-07	0.0	0.0	0.0	0.0	0.0
865.0664042649996	3.634931044464452	13.212723698011429	748339.8837879758	1217.8224515320824	-0.6881694355950003	1483091.5234556112	0.4735771720871413	799.1729975088896	-0.5679375801740889	638677.4799473436	0.3225530949739996	849.1127817168299	766.8640550463879	1.09621	33.614613	0.0817687318582622	0.047070502206802	-0.0665534394	0.1569342624	-0.1652472171	-0.0069903198	-0.0370937369	-0.2077586924	-0.0417342026	-0.0110207877	0.0330636277	-0.0933680307	-0.1000086621	0.0626648925	-0.0322997237	-0.0067845403	-0.1574837413	-0.0026402962	-0.0464911458	-0.0901974159	0.0563136366	0.1591568444	-0.0253610788	0.1357437235	0.0650668255	0.1417959395	0.1268945538	-0.1393640872	-0.0387978525	0.1204102044	0.1373444011	0.0217008317	-0.0295492645	-0.1101767053	0.0191799238	-0.1775152333	0.059574127	-0.0114170619	0.1457035501	-0.1312280206	0.0656647412	0.1589790735	0.0004933496	-0.0130133693	-0.053310774	0.0217112467	-0.0615976485	-0.0686258027	-0.0308536125	-0.0927365292	0.0370085222	-0.205080021	0.0261554591	-0.1189809502	0.0279995047	-0.0082398404	0.0224605968	0.1741237154	0.0587430384	-0.1365203119	0.1291027664	-0.048085373	0.0338100735	-0.1264513547	0.0100202104	-0.0390094673	0.0016974206	0.0583303708	0.1035000087	-0.2094613024	-0.1218513871	-0.0469561402	-0.1964376276	-0.0443607927	-0.0311691378	0.0221861442	0.1961918095	0.0384388237	-0.155011288	-0.0335149706	0.009625698	0.0204503062	-0.0411199838	-0.1574198699	0.0155371456	-0.0224310861	0.0189076974	-0.0344110568	0.0490926592	-0.0327020895	-0.011911382	0.154674948	-0.0504817439	0.0558233421	0.0798473078	-0.0711283037	-0.1427865527	0.0956150499	0.0089851823	0.1652471671	0.2019326812	-0.036039391	-0.082798589	-0.0428409756	-0.0934991461	-0.0146147245	-0.0308963187	-0.0226199462	0.0357748079	0.0615404375	0.0162591832	-0.1148584135	8.77266e-05	0.0185248178	-0.1237830955	-0.0540487397	0.1082719048	0.0404331506305766	-0.0028856751904412	0.0016348396699148	8.327121304728427e-06	-0.0147711235404273	-0.0429031692513603	0.0018406819318108	0.0002181860906465	-0.0081472341367572	0.0182265893616176	0.000332208559757	6.637742407914184e-05	7.193123029026097e-05	0.0002569755502281	6.60364334150661e-08	5.174101891070557e-09	-0.0002760179271081	-9.80639918386e-05	9.616546495321009e-09	7.618589608505243e-08	-0.0004979900212276	2.641903009998215e-08	6.9796515142376285e-16	2.479940612422655e-07	0.0	0.0	0.0	0.0	0.0
869.2212784182964	4.15487415329676	17.262979229733467	755545.6308551375	1219.5979373118917	1.7754857798092871	1487419.128695421	3.1523497543049923	801.5945737365628	2.4215762276732	642553.8606439017	5.864031426431962	850.1743909329344	795.2574505268046	1.083916	33.237614	0.0771979882364935	0.0459506277386643	-0.0111899217	0.0617092338	0.0242663409	-0.00783303	0.0194378197	-0.098584532	-0.059558664	-0.0967042893	-0.0119288411	0.0610574628	0.0668151343	0.1192190305	-0.0197692953	-0.0382929819	-0.0661579746	-0.221368171	0.0140847492	-0.1094697911	0.0871903234	0.0660846663	0.0888653095	-0.0796852198	0.0768969938	-0.0768069102	0.0579736854	-0.1808521353	-0.1836141738	-0.0569371226	-0.1409141653	0.062060959	0.0743681497	-0.0798098606	0.0161369092	0.1048150795	0.0328288204	-0.0474386744	-0.1257389817	-0.0117876786	-0.078878755	0.1079742905	-0.0075711296	-0.083369044	0.1406663432	0.1064388328	0.0074602807	-0.1320241874	-0.0400558414	-0.0831758923	-0.2547270577	-0.0343194281	0.0012640552	0.0226662194	0.2188653772	0.0333484759	0.0562897605	0.1681125866	-0.0739543809	0.0131706659	-0.0045625203	-0.0444805433	-0.0184636651	-0.1012988218	0.0269932631	0.004177608	0.1393140571	0.2369163595	0.0533185797	-0.1112815801	0.10971576	-0.0529825209	0.0609064223	0.0197424182	0.0796974144	0.1032002347	-0.0292067387	-0.1720698309	-0.0148666315	0.0245322168	0.0976737061	0.0912687759	0.0155458542	0.2083031366	-0.22677636	0.1770693086	0.1008549735	0.0632209367	0.0889156459	-0.0041834446	-0.0106676747	0.0995462549	0.0327068157	-0.0159060786	0.0875778008	-0.0182042733	-0.0777420552	-0.0142734157	0.188376302	-0.0509570665	-0.0271775448	0.0213544952	-0.2608137224	0.047490376	-0.1136268825	-0.0001004849	-0.1288337181	-0.1242418315	0.1155435831	0.170917777	0.0255393907	0.0371945983	0.1742224109	0.0151740128	-0.1255324169	-0.0446835199	0.1150284477	0.0451521934851797	0.0047190428546031	0.0020387205765231	2.2269365463580605e-05	-0.0225244044602987	-0.0077532809198713	6.011336502244189e-05	0.0005073487962911	-0.007518284912976	0.0006289492237812	3.955771260949744e-07	5.652460803268255e-05	-0.0001100072350701	-0.0001819384653603	3.3101605177683263e-08	1.2101591767768241e-08	5.298498464889612e-05	0.0003290029117569	1.082429159445818e-07	2.8074085982437573e-09	0.0002730029064198	0.0007709929276473	5.944300944823089e-07	7.453058691365807e-08	0.0	0.0	0.0	0.0	0.0
873.0829955987283	3.861717180431924	14.91285958164309	762273.9172036491	1224.989264616419	5.391327304527295	1500598.6984254748	29.066410104541543	803.1666937960478	1.5721200594849734	645076.7380232743	2.471561481435036	851.9776131042653	806.4056774635388	1.008308	30.919149	0.0944851712819419	0.0480802239192345	0.0542952601	-0.0225922258	-0.0339870498	0.0696995618	0.0578901512	-0.0318398921	-0.0177615396	-0.0927862131	-0.0773308325	-0.018040877	0.0204979051	0.0726192581	0.1163513346	-0.0008612257	0.0537932438	-0.0355194039	-0.1347120852	0.0146996157	-0.0638933703	-0.0665151779	0.0498994379	-0.0669022825	-0.066784218	0.0598047273	-0.0396032356	-0.1166121389	-0.0679461987	-0.0972163938	0.187960648	0.057309655	0.0506363285	-0.1489643034	0.0332419629	-0.029352285	-0.0104204105	-0.1800197636	-0.0454112032	-0.0012670199	0.0869736048	0.0245391313	-0.0837607544	0.0227191489	0.1231648436	0.1533968444	0.3560074645	0.1567892865	0.0090485543	-0.1631847686	-0.0713450538	0.0631310246	-0.0506409259	0.1213938019	0.0230482672	0.0404548681	0.0251734577	0.025986883	0.0305123593	-0.0090572361	-0.206501867	0.0060210865	0.0757540657	0.0656428058	0.0156989624	0.009019801	0.0516395944	0.1304221984	-0.1273852268	-0.1033844558	0.1356627218	-0.0523584794	-0.1080870278	-0.0138710017	-0.09271915	0.0269346362	0.0557802903	-0.0197818622	0.0086999572	-0.1304751933	0.0947875122	0.0669469725	-0.1378016545	0.0069671667	-0.0568482788	0.0182533467	-0.0139321897	-0.0085797996	-0.0482086782	0.0371240142	-0.0086410569	0.0143272535	0.0434659698	-0.0442213834	0.0433119102	-0.0375243761	-0.0695953577	-0.0833552581	0.0320890354	-0.1631877447	0.0928785061	0.1020406726	-0.136007262	0.0654394399	-0.0205922949	-0.040130869	-0.009812043	0.0476320451	0.0262495751	0.11321934	0.0935700514	0.0697834525	0.1157941812	0.0118128082	-0.1269376627	-0.0350428114	0.1205247148	0.0516290693656031	0.0064768758804234	0.0026655608035582	4.1949921170410405e-05	-0.0147736273705021	0.0077507770897965	6.007454549571584e-05	0.0002182600656824	0.0164387381581008	0.0239570230710768	0.0005739389544281	0.0002702321122305	-0.0003336241986523	-0.0002236169635821	5.0004546401722955e-08	1.1130510592638933e-07	0.0002543378333572	0.0002013528487083	4.054296968294912e-08	6.468773347683484e-08	0.0009740429989422	0.0007010400925223	4.91457211323815e-07	9.487597637883146e-07	0.0	0.0	0.0	0.0	0.0
872.5022981897415	-0.5806974089867936	0.3372094808039754	761260.2603463806	1224.6759616539127	-0.3133029625062136	1499831.211052936	0.0981587463151698	801.108486133879	-2.058207662168797	641774.8065557153	4.236218780610347	851.8170314544562	821.9364321874615	0.967679	29.673285	0.0983065896690163	0.0410156025268554	0.0945874595	-0.0408866977	-0.0034130187	0.0950594541	0.0709446257	0.0260526815	0.0475734382	0.0421132008	-0.062384136	0.0375186011	-0.1233570994	-0.1007150209	0.0413334771	-0.0871331741	0.019186675	0.0976479225	-0.0374733463	-0.1163985908	0.1281567499	-0.023344608	0.0266530126	-0.0590710197	-0.0668259576	-0.0180093839	0.1272063886	0.0436749835	0.0316550887	0.0927098673	0.0005503223	0.0594695351	0.0553208815	-0.1653780236	0.1298192431	-0.1245688483	0.0036178171	0.0569316986	-0.0666690901	0.0794121568	-0.0080303916	-0.1804898338	-0.0528146479	0.120807532	-0.0551156611	0.1066606361	-0.0651035062	-0.1489256488	-0.085684224	-0.0098392449	0.0690498171	-0.0731841388	0.0019968422	-0.0476825164	-0.0942645879	0.0840762685	-0.0698432148	-0.0992841316	-0.0407211169	-0.0934522338	-0.0951036965	0.1408343008	0.0381270067	-0.1007273127	0.009280938	-0.0263387607	0.0496753972	0.0241180109	-0.0342705777	-0.0116452612	-0.0697832564	0.0213959957	-0.0053089711	-0.0469383767	-0.0983077325	0.0725329608	0.1557666044	0.1112701979	-0.0266938965	0.0197989956	-0.1230182508	-0.0717489878	0.0594963618	0.1012659417	0.0564908547	-0.0162514297	-0.0744753584	0.1537777614	-0.100935988	0.0689051764	-0.0330818864	-0.0668642802	0.0360082771	-0.0581603711	0.0046721925	-0.0477174038	-0.028396019	-0.1463471616	-0.0633900333	-0.1069928969	0.1447402507	-0.0005875106	-0.059645983	0.0154388374	-0.0764736294	-0.0782260469	-0.039606657	-0.0080105836	0.0071715315	-0.0015921544	-0.0013515402	0.150763336	0.0092050924	0.0084435077	-0.1279949812	-0.0251860523	0.124700488	0.0402382089933723	-0.0113908603722308	0.0016191134629943	0.0001297517000196	-0.0009030788131241	0.013870548557378	0.0001923921172825	8.155513427136332e-07	0.0411849301116973	0.0247461919535964	0.0006123740162042	0.0016961984683053	8.90077719755004e-05	0.0004226319706278	1.7861778259673796e-07	7.922383472042673e-09	-2.1968549788420333e-05	-0.0002763063831456	7.634521736701435e-08	4.82617179806303e-10	0.0007070015769994	-0.0002670414219427	7.13111210332325e-08	4.998512298796386e-07	0.0	0.0	0.0	0.0	0.0
871.881936956947	-0.6203612327944938	0.3848480591543042	760178.1119917977	1226.2731013563812	1.5971397024684393	1503745.7191101974	2.550855229200975	801.1445363918073	0.0360502579283092	641832.5681904438	0.0012996210966976	851.6570927320003	815.8102798352506	0.951686	29.182877	0.0525405388168755	0.0247062798143714	0.0929068125	-0.015182065	0.0944171135	-0.0558088379	0.0811183034	0.0421989526	-0.0061362993	0.0284477039	-0.002857535	0.0618758954	-0.0951251349	-0.1049204164	-0.0072430494	-0.0652231426	-0.0215354519	-0.0785013739	0.1107515939	-0.0967295281	0.0106774304	0.0165951338	0.0479902498	-0.1477109833	-0.1492361735	0.0414146019	-0.1278431331	-0.0285150367	-0.058127418	-0.1180083078	0.0073513318	0.0906374651	-0.1148900795	0.0024566886	0.071102901	-0.0679119998	-0.1179763711	0.000242515	0.1468181612	0.0517607877	-0.0300127406	-0.2086540976	-0.0185253246	0.0114612978	-0.1318979535	-0.0830488266	-0.0790394848	0.1436935951	-0.0241212018	-0.0017117241	-0.0297875508	0.0142146486	0.01376834	0.0504121266	0.031229204	0.0789487903	-0.0617405013	0.0089407144	-0.0986222803	0.0239443346	0.0445267432	0.0347910348	-0.1025946139	-0.1361740214	-0.0142342769	0.0668192211	0.0391227829	-0.0564973324	-0.0909750768	0.1845971048	-0.0206722428	0.0067085678	-0.1219719852	-0.0153424018	-0.047792299	0.1458654573	0.019397169	-0.0623723435	0.1135193933	-0.1347759506	-0.0874829918	0.0299305018	0.0287413983	-0.0756138496	0.0890211451	-0.1582642118	0.0534179785	0.0817199663	-0.0012463313	0.0742969415	-0.0310614275	-0.0604060127	0.0204657837	0.0686972839	-0.0272843296	-0.0783019055	0.0078909858	-0.1683073628	0.0431370139	0.0833261012	0.0939843331	-0.1285508903	0.0867644028	-0.0478892977	-0.0311180006	-0.0333493003	0.0198358324	0.0462678755	0.0401222278	0.015530421	0.0872593193	0.0802783238	-0.0851367398	0.0050684204	-0.1287014744	-0.0151740128	0.1275100165	0.0479212436181342	0.0076830346247619	0.0022964455899085	5.902902104529023e-05	-0.0022178208469796	-0.0013147420338554	1.7285466155864965e-06	4.91872930929731e-06	0.0575279574362426	0.0163430273245453	0.0002670945421308	0.0033094658867861	0.0002059849524764	0.0001169771805008	1.3683660757940051e-08	4.242980064670477e-08	7.903924042773625e-05	0.0001010077902161	1.0202573684351096e-08	6.2472015273934965e-09	0.0003809918510422	-0.0003260097259572	1.062823414186887e-07	1.4515479056056194e-07	0.0	0.0	0.0	0.0	0.0
872.9886718928744	1.1067349359274203	1.2248622184022713	762109.2212532847	1223.3891403948674	-2.883960961513821	1496680.9888360924	8.317230827535726	801.7742694015622	0.6297330097548866	642841.9790744088	0.396563663574948	851.6291319996175	825.4985363834447	0.905021	27.751926	0.086150706629064	0.0408751872540943	0.1148716906	-0.0296493332	0.1628547584	-0.0500434512	0.0907017043	0.0513202454	0.0142248168	0.0029560308	-0.0613652506	0.0459221853	0.1508527067	-0.1263326465	-0.1555983153	-0.0848908618	0.0113843256	-0.0385974839	0.0273958768	0.032142412	-0.1075397512	0.018978994	0.1955528754	-0.1772630231	0.0237496409	-0.0196610354	0.0824837244	0.0586788688	0.0701916908	0.1040386322	-0.1008555062	0.1210378234	0.0179311275	0.0773222688	-0.0584965206	-0.0973892356	0.0392630964	0.0271045184	0.0249877917	0.0828662252	0.0135574629	0.0911885725	0.1346183483	-0.0959225394	-0.0157229609	-0.0841774979	-0.0716831292	0.0793919692	0.1560389648	0.0936340987	-0.055376824	-0.0883433268	-0.0542544564	-0.1412986377	0.0602460882	0.0967838805	0.0018035194	-0.0054444977	-0.0327889338	0.2060421349	-0.0094385753	0.1052601354	-0.0655125936	-0.0756361889	-0.0663042509	0.1245709894	0.1006188786	0.0058610966	-0.0737922219	0.1260211227	-0.1215688452	-0.02227887	0.0401467605	0.0489237625	-0.0575867934	-0.0687563179	-0.0561505003	-0.0156049573	-0.0352123792	0.0135820495	0.1787039594	-0.0139460835	0.2067232086	-0.043985987	-0.0968500387	0.0156115999	0.0040908262	-0.0267058829	0.1045990561	0.0946433978	-0.0476400127	-0.0626923794	0.0423221913	0.0908189952	-0.0157469613	-0.0057524439	0.0401420655	-0.167914161	0.0779381814	-0.0601474648	-0.1023836597	-0.0642084056	-0.0432792014	-0.0651545384	-0.0571337967	0.0484228427	-0.0163222896	0.0587898986	0.0726981391	-0.0364159517	0.0893822787	0.1250336765	0.0912154082	0.0016898595	-0.1290552057	-0.0050684204	0.1289225186	0.0404194642720341	-0.0075017793461001	0.0016337330920382	5.627669335757405e-05	0.0128594179867178	0.0150772388336973	0.0002273231308483	0.0001653646309571	0.0747705674268601	0.0172426099906174	0.0002973075992885	0.0055906377533346	5.139309656138237e-05	-0.000154591855915	2.3898641915249572e-08	2.641250374167572e-09	0.0002090265834613	0.0001299873430335	1.689670934892537e-08	4.369211259350381e-08	0.0010229942212666	0.0006420023702244	4.121670433737476e-07	1.0465171767448574e-06	0.0	0.0	0.0	0.0	0.0
871.3052239873775	-1.6834479054969052	2.833996850521917	759172.7933476941	1227.6577149438076	4.268574548940251	1507143.465061051	18.220728679860464	801.5476794547856	-0.2265899467765848	642478.6824393517	0.0513430039802155	853.4199203196667	823.1909325720019	0.928691	28.477753	0.0619897300074403	0.0328547382341931	0.1056005488	-0.0235259918	0.0428221594	0.063321976	0.0892350155	0.0923310576	0.0242145512	0.0751265147	-0.0096613648	0.0119127604	0.1229203433	-0.0102413668	-0.0042669985	-0.0912590088	0.0217996833	0.0583023626	-0.0430536847	0.0561604814	-0.0271871493	-0.1007053602	0.0966380319	-0.0029561362	-0.1174853515	-0.009420032	0.1312096038	0.0194101113	0.0293918041	-0.0645311964	-0.2093450918	0.0497811305	-0.00041113	-0.0168547786	-0.0171209005	-0.1476173823	0.0010013773	0.1278407003	-0.1661947341	0.0772687311	0.0686891381	0.0313169388	-0.0290050825	-0.0109704253	0.1170686055	-0.249027446	0.0066672255	0.0226211789	0.0517853403	0.0757090101	0.0138567793	0.1080958646	-0.0570800465	0.0668419922	-0.1313692574	0.0878579441	0.0112183352	-0.0815344514	0.0627794071	0.0701118043	-0.0678551541	0.1009547885	0.0191268362	0.0338868016	-0.0586885061	0.0427330503	0.0534239929	0.1572143456	-0.0428279304	0.1402040537	-0.0872799048	-0.0723619138	-0.0235963753	-0.080244844	0.0855729007	-0.0316421303	-0.0890812207	0.1035686853	-0.0442822392	-0.0298856863	-0.0657464155	-0.0978039163	0.0229462744	0.1231771003	-0.0873781852	0.0555971017	0.0699097955	0.0888698574	0.0170914561	0.0921517014	-0.0574282009	-0.068067177	0.0246310706	0.0409582147	0.0345761755	0.0489409914	0.0191574576	-0.0593306196	0.0034206601	-0.1971514425	-0.0441848998	0.0118655713	0.0063415318	-0.0631338475	-0.0480799406	0.0664410618	0.0037235314	0.1173607153	0.0905260015	-0.0573422097	0.0019722669	0.0711467155	0.0667283617	-0.0016898595	-0.1290552057	0.0050684204	0.1289225186	0.0402020957331785	-0.0002173685388556	0.0016162085013396	4.7249081684219164e-08	0.0079644279168604	-0.0048949900698573	2.396092778400255e-05	6.343211204286529e-05	0.0876565408550789	0.0128859734282188	0.0001660483111927	0.0076836691546781	0.0006409953070715	0.0005896022105101	3.476307666384171e-07	4.108749836876865e-07	1.0798390815747185e-05	-0.0001982281926455	3.92944163595224e-08	1.1660524420961314e-10	0.0009309966650121	-9.199755625450006e-05	8.463550356799903e-09	8.667547902636524e-07	0.0	0.0	0.0	0.0	0.0
869.9777386519589	-1.3274853354186007	1.7622173157514347	756861.2657499762	1227.0802965508133	-0.577418392994332	1505726.054183232	0.3334120005681568	800.1415600233629	-1.4061194314226668	640226.5160766209	1.977171855424404	849.9456221478133	801.1467558822486	0.961218	29.475157	0.0617963964277842	0.0372247284452412	0.1287817696	0.0697346588	-0.024969623	0.0801783644	0.1217796907	-0.0326739533	0.0453833458	0.0457170495	-0.0204377008	0.0697738101	-0.0888417514	-0.039069908	-0.063750066	-0.1456697027	-0.0529688754	0.101240729	-0.0922458589	-0.0756755417	0.0459080814	-0.0462536436	0.1715897049	-0.0386463357	0.0917334374	0.040638749	-0.0189991779	0.0768736592	0.139457393	0.0388985931	-0.0138503037	-0.0932468524	-0.1413647357	-0.0318951767	0.0989047096	0.1069515378	0.1162089237	0.3037164447	-0.0010660394	-0.0342791391	0.1354138109	-0.0373263141	-0.0427611911	0.116020144	-0.002531938	0.0561258727	0.0511113342	-0.0298645229	-0.0213988506	-0.0379571205	0.0953790796	0.0063540259	-0.1191022925	0.044232987	-0.0509779048	0.1325277683	-0.0356157593	-0.0125878851	0.0233110817	-0.0690627605	-0.0482849099	0.2238908864	0.0440776788	-0.0463456794	0.0284581734	0.0738562036	-0.0167013465	0.1239961765	-0.0091947395	0.0193456677	-0.1758335495	-0.040993076	0.0662675597	0.1056719565	0.0258811435	-0.0444612367	-0.0440720469	0.0253798374	0.0962264987	0.1223440061	-0.0078774223	-0.1157258404	-0.0517423211	-0.0253672633	0.1904582544	-0.0093091125	-0.1694472753	-0.0115658471	-0.1284999768	0.103409107	-0.0753110311	-0.1186214515	-0.0007845258	-0.0079037116	0.0636491249	-0.0021954878	-0.0617242665	-0.0590177327	-0.0725245321	-0.114399602	0.0553857025	-0.0373767456	-0.0103552244	0.0004718913	-0.0108228618	0.0396026814	0.0123619035	0.1819599738	0.1625725756	-0.0957325963	0.0781257683	0.032775118	-0.1668048274	-0.0050684204	-0.1287014744	0.0151740128	0.1275100165	0.0403592441185622	0.0001571483853836	0.0016288685858216	2.4695615028703883e-08	0.0258675219832156	0.0179030940663552	0.0003205207771487	0.0006691286935521	0.0747276877875151	-0.0129288530675638	0.0001671552416426	0.0055842273220683	0.0006330088748831	-7.986432188399951e-06	6.378309909991083e-11	4.007002356807682e-07	-4.787939719408385e-05	-5.867778800983103e-05	3.4430828057266704e-09	2.2924366756688444e-09	0.0003815148670407	-0.0005494817979714	3.019302463018825e-07	1.45553593773083e-07	0.0	0.0	0.0	0.0	0.0
874.6479436478314	4.670204995872496	21.810814703472417	765009.02532738	1228.4291962670495	1.3488997162362466	1509038.2902413092	1.819530444462227	803.0990465375451	2.9574865141821647	644968.078549514	8.746726481569372	852.9792441387859	820.687047075815	1.02692	31.489874	0.0660475859095866	0.0322266973000619	0.1242070789	0.0015980594	0.1165442186	-0.0352874522	0.1106916109	-0.039258569	-0.0540547627	-0.0794119589	-0.1855582126	0.0586405988	-0.133429711	-0.1029393689	0.024135448	-0.1211956157	0.0713905183	-0.1085999919	0.0964169131	-0.0461271118	0.0357718895	0.0973761922	-0.099346559	-0.0638851001	-0.0255562996	-0.0249318701	0.0206539964	0.1750221332	0.1219075869	0.0224408023	-0.1336825614	0.0593745407	-0.1368925849	-0.1136139904	0.1336939061	0.0079713697	0.0422355349	-0.0168239186	0.0880321316	-0.0150921458	-0.0363155593	-0.0880688539	-0.0914182206	0.1002463485	0.0276408138	-0.0832242783	-0.0434069369	0.1036660911	-0.1008049539	-0.1017128692	0.0391924838	0.0158257532	0.0451827218	0.1077684763	0.0039624472	0.1258217105	-0.0661988059	0.0386427717	-0.1516000291	0.0573067989	-0.0601523102	0.0020927789	-0.012065789	-0.1480205965	0.057190764	-0.0134775834	0.0007314282	-0.1624921788	-0.1000656117	-0.0298216298	-0.1302917485	-0.0880417323	0.0730355898	0.0038810386	0.0080085156	0.1240240228	-0.0025486841	0.0271274992	0.0665811057	0.034914329	-0.1873767784	0.023607342	-0.1173930755	-0.0050414517	-0.0066370177	0.0108815602	0.0587864599	-0.0348553463	-0.1684752638	0.1036675579	-0.0685435976	-0.1143837728	0.0224060388	0.066772635	-0.0108914983	-0.0936144561	0.0359431947	-0.1328283542	0.0245404057	0.1044838205	0.0916650617	-0.1108396539	0.0790750816	-0.0187103444	0.0403184113	-0.0173209758	-0.0074482753	0.181619617	0.1245407345	-0.0941721134	0.0206337573	0.1188358299	-0.1644368988	-0.0084435077	-0.1279949812	0.0251860523	0.124700488	0.0402765987823983	-8.264533616389458e-05	0.0016222044094782	6.830251589643141e-09	0.0083060743735927	-0.0175614476096229	0.0003084044421455	6.899087149965337e-05	0.0596712533492294	-0.0150564344382856	0.0002266962179943	0.0035606584762679	0.0002614538646438	-0.0003715550102393	1.3805312563392634e-07	6.835812333717849e-08	0.0002330521746154	0.0002809315718094	7.89225480393472e-08	5.4313316092966895e-08	0.0003959694555022	1.4454588461500022e-05	2.089351275913296e-10	1.5679180969070874e-07	0.0	0.0	0.0	0.0	0.0
874.363387903227	-0.284555744604404	0.0809719717873668	764511.3341056091	1224.1382148117316	-4.290981455317933	1498514.3689624532	18.41252184988241	803.2798965858781	0.1808500483330135	645258.592259019	0.0327067399820533	853.5425220209327	829.5001765573913	0.968639	29.702717	0.0596931521661744	0.032640073197144	0.1416839404	-0.051726875	0.1803818699	-0.0384745218	0.0950509436	0.1019956904	-0.0585288621	-0.0383851514	-0.1114036039	0.0420346929	0.1675340416	-0.1783614982	-0.0612637295	-0.0881327436	0.0960444992	-0.0552817346	0.0523800312	-0.121926978	-0.1935040577	-0.0016849771	0.0488582583	-0.0252641979	-0.0252497543	-0.0698068213	0.109782498	-0.1525884257	0.0226679649	0.0223138548	-0.1723660227	-0.1227003288	0.0658240819	-0.0136984036	-0.0485362487	0.0861136373	-0.0034848524	0.0047447832	0.0136334196	-0.0867445601	0.0457439738	-0.0163734679	0.2356394193	0.1248245554	0.0151733989	-0.1235577854	-0.0262503247	-0.0329191467	-0.0507579192	0.0755475499	-0.0738387589	0.0193471842	0.0341506379	0.1581926688	-0.014957267	0.0948986406	0.0039433695	-0.0222282194	-0.09412009	0.2304303038	-0.0335433634	0.0500657716	-0.1510093803	-0.0705750414	-0.1498061044	0.0501190292	0.1163403314	0.0402890313	-0.0310028344	-0.0511679078	0.043168716	0.064110087	0.0034960168	0.0307969899	0.0421206648	0.0384453567	0.097379774	0.0171626122	-0.0297853969	0.2000336904	-0.0481087347	-0.0187654673	0.1024069936	0.0865762155	0.011994902	-0.0775218685	0.0070249714	-0.11384831	0.0687219966	0.1107374875	-0.0549916062	-0.0719766621	0.0738931397	0.1020694507	-0.0154923661	0.0090017396	0.1038195068	-0.1174122559	0.0535482215	0.0061341645	-0.1210347761	-0.1240193071	0.0796186603	-0.1195946604	-0.1661293087	0.0259213512	-0.0206621698	0.0702550384	-0.0103347084	-0.0768485225	-0.011410882	-0.0190511554	-0.0446087357	-0.0118128082	-0.1269376627	0.0350428114	0.1205247148	0.0403435567645402	6.695798214189502e-05	0.0016276025724136	4.483371372514333e-09	0.0129933444753476	0.0046872701017549	2.197050100680539e-05	0.000168827000655	0.0427574647373418	-0.0169137886118876	0.0002860762452076	0.001828200790765	0.0004050232351031	0.0001435693704592	2.061216413407972e-08	1.64043820973381e-07	-0.0002119546431953	-0.0004450068178107	1.9803106789800552e-07	4.4924770772046947e-08	0.0002240429343644	-0.0001719265211378	2.95587286705464e-08	5.019523643861084e-08	0.0	0.0	0.0	0.0	0.0
872.3183432754283	-2.0450446277986885	4.182207529688276	760939.292014788	1230.025231333248	5.887016521516443	1512962.0697164102	34.65696352460756	801.4490387867468	-1.8308577991313089	642320.5617722003	3.3520402806399394	854.1297464316848	820.6415700675425	1.04269	31.973446	0.095834751895632	0.070679761874168	0.0840748133	-0.0533201557	0.0187617196	0.0678687693	0.0528529601	0.0844492724	0.000770297	0.0479024566	-0.0724921416	-0.0572160699	0.1122938903	-0.0576535034	-0.0020345022	-0.0730543817	-0.0692980309	0.0907188847	-0.042148939	0.007266038	-0.0632835688	0.0218283425	-0.1258570661	-0.0293700222	0.0144061141	0.1049896037	-0.01774014	-0.0439658121	0.0587384665	0.1215800752	0.0076757094	-0.1288268266	-0.0186253048	0.0224512353	0.0411808987	0.0396202079	-0.0918711919	-0.1362495959	0.0567647788	-0.0113852454	0.074392195	0.073609818	0.0249049428	0.1916695302	0.0110859533	-0.0081534246	0.0940474532	-0.1283756972	-0.0342189321	0.1331217856	-0.1339960202	0.2004007744	0.0226401977	0.0819935424	0.078825415	0.0590504046	0.0045294246	-0.0127679457	0.1154407246	0.0385222101	-0.005565008	0.0272526576	0.0281667215	0.1187685678	-0.082661103	0.0448840314	-0.0955961017	-0.1159488862	-0.0652295496	-0.1318412112	-0.0297600871	0.0846760173	0.0220701399	0.0786105892	0.1055877603	-0.0765721413	0.1394636328	-0.0467438563	0.1282321313	-0.0688999945	0.0486199605	-0.0607289747	-0.1111934306	0.0159473842	-0.0509995272	-0.0241922861	0.1703726673	-0.0332560605	0.1012259212	0.0678780882	-0.0210532004	-0.0030895381	0.0823078855	0.0511533565	-0.0226461451	0.0300156134	0.1002797504	0.0446526745	-0.0192547391	0.0207344235	0.1005426377	-0.0672169134	-0.0139820303	-0.0966834329	-0.0283045719	0.0526197464	0.0585752367	0.0410070338	-0.0848622687	0.0649933499	-0.1230731218	0.0121921734	0.0004671334	-0.0151740128	-0.1255324169	0.0446835199	0.1150284477	0.0404423591813412	9.880241680100545e-05	0.0016355844161526	9.7619175657196e-09	0.0255039675011374	0.0125106230257898	0.0001565156884934	0.000650452358299	-0.0255429732739145	-0.0683004380112562	0.0046649498325294	0.0006524434836719	0.00045005601095	4.503277584690004e-05	2.027950900477144e-09	2.0255041299222653e-07	-0.0002629039135151	-5.094927031979997e-05	2.5958281461200493e-09	6.911846774155517e-08	0.0004265586570334	0.000202515722669	4.1012617928147335e-08	1.819522878901378e-07	0.0	0.0	0.0	0.0	0.0
875.3691623187092	3.0508190432808533	9.3074968348451	766271.1703385586	1228.362405345479	-1.6628259877691107	1508874.1988661306	2.7649902656003187	804.0674316120594	2.61839282531264	646524.4345792138	6.8559809876487074	856.4212368643665	825.3189251609788	1.108993	34.006603	0.16686576580096	0.1099340802484417	0.0209764948	-0.1054374367	0.0096653401	0.1033165297	-0.0080738067	0.0075067797	-0.2549041991	-0.100597421	0.0247015878	0.039199763	0.0314471712	0.0096249427	0.0603173965	0.0082822891	0.0851367076	-0.1681608776	-0.066804184	0.1838168823	0.0041631717	-0.2056526683	-0.1322213816	0.0741907875	0.034165157	0.126749791	0.0622878677	-0.0001346205	0.0286561763	-0.0242882685	-0.0615035874	0.0135844238	-0.085898841	0.2220670795	0.1204873529	0.0794936199	0.0954288667	0.0283275877	0.0922868118	0.0034967326	-0.2489296962	0.0013951947	0.0665701641	-0.0883414502	0.0530310141	0.0607986393	-0.0277990113	-0.0310840075	-0.0730744168	0.0461678153	0.0648914217	-0.0542564245	-0.0337390071	-0.008143488	-0.0479136353	-0.0264260898	0.1599000532	0.0787519001	-0.1417703889	0.0593506976	-0.0057890477	-0.0785737356	0.1353907915	0.1952852944	-0.0356163441	-0.1343665672	-0.200583367	-0.0154079033	-0.0227311392	0.1033282065	-0.1081520161	0.0206440678	0.0791941075	0.01816138	0.0208296027	-0.0713055986	-0.0693091966	-0.0459043049	-0.1096842278	0.01900599	-0.0972010337	-0.0602269795	0.1196049509	-0.1929175933	-0.0230682575	-0.0306579548	0.0128689614	0.0369061731	-0.0279273874	0.0045625454	0.0517263015	0.0295476431	0.1590654907	-0.0655107771	0.0256525866	0.1588156547	0.1022949934	0.0906791001	0.1091512826	0.028977063	-0.0281535128	-0.0518422475	-0.0109542174	0.0018978338	0.1270171746	-0.0001969491	-0.0079238222	-0.0175697723	-0.1295661294	0.1149848317	0.055319777	-0.1515441161	-0.0010973264	-0.0185248178	-0.1237830955	0.0540487397	0.1082719048	0.0458480308351028	0.0054056716537615	0.0021020419314565	2.922128602828161e-05	0.0564414232271843	0.0309374557260468	0.0009571261668011	0.0031856342559101	-0.1309349215681621	-0.1053919482942476	0.0111074627652573	0.0171439536860607	0.000408986167078	-4.1069843872000025e-05	1.686732075670458e-09	1.6726968486115373e-07	8.506400791707946e-05	0.0003479679214321	1.210816743458314e-07	7.2358854429169584e-09	0.0003129826197995	-0.0001135760372339	1.2899516233756251e-08	9.795812029655837e-08	0.0	0.0	0.0	0.0	0.0
874.327447791362	-1.0417145273471533	1.085169156486103	764448.4859613569	1234.843115234375	6.480709888896172	1524837.5192417365	41.99960066403664	806.710178369293	2.6427467572335672	650781.3118846165	6.984110422868535	859.8346775723043	827.7168670967934	1.085925	33.299236	0.0260206576204899	0.0128158345348243	0.0249892921	-0.1389788025	0.0110888867	0.0902641869	-0.0044345279	0.1493890321	0.0246334465	0.096791832	-0.0608431313	-0.0180356141	0.0150826324	0.1465407137	0.2360946812	0.0472219246	0.1976740382	0.0666128254	0.0758120959	0.0525122846	0.1018009164	-0.0559333063	-0.0510986254	0.1033627797	-0.1031755088	-0.0362032293	-0.0089137991	0.0365065901	-0.0937355091	-0.0551483389	0.0365636951	0.0579353129	-0.0417145639	0.1503524494	-0.0480674247	0.0699388576	0.1280650529	0.1390043356	-0.0906951475	-0.0211675761	0.0154147051	-0.102461501	-0.0044515177	0.0389907994	0.1419790785	-0.0314368131	0.092811171	-0.0909931489	-0.1044255308	0.1018691874	0.0979265259	-0.010451152	0.0577790821	0.0072825429	0.0152390306	-0.012883467	0.00197352	-0.2479103614	-0.0126243903	-0.0851829179	-0.1070035002	-0.1125917404	-0.002395631	0.0837735353	0.184697214	-0.1089251242	-0.0505786458	0.0255445557	0.0407674821	0.0752642888	-0.0116006882	-0.1111489936	0.0651646245	-0.0567347663	0.162037102	0.1344951771	-0.1059965879	0.1147826124	-0.1711897483	0.0206468107	0.0549475171	0.0850343077	0.0189917146	0.035083154	0.1415167367	-0.0585757558	0.0398902659	-0.0425118936	-0.0090864506	0.017171812	0.0392885871	-0.042028124	0.1251443342	-0.1252006145	0.0191226478	0.0587878248	0.1117337402	0.0383969318	-0.1167062927	-0.0342413442	-0.0586153926	0.0113752845	0.0526749893	0.0549362802	0.0169940638	-0.0338282171	-0.0342006832	0.0337142627	-0.0395850333	0.0262367544	-0.0306925465	-0.1332088525	0.0328430751	-0.0218629269	-0.1216944932	0.063080731	0.1003291122	0.0426510845505703	-0.0031969462845324	0.0018191150133398	1.0220465546186117e-05	0.0563893681317324	-5.205509545189863e-05	2.709732962506277e-09	0.003179760838296	-0.1226611914478326	0.0082737301203295	6.845461010404788e-05	0.0150457678874018	0.0004709541207732	6.196795369520003e-05	3.8400272851704544e-09	2.217977838732579e-07	0.0002340923109094	0.0001490283029923	2.2209435092770897e-08	5.47992100269032e-08	0.0003919448855155	7.8962265716e-05	6.23503940700419e-09	1.536207932817584e-07	0.0	0.0	0.0	0.0	0.0
868.3621684671382	-5.965279324223843	35.58455741601247	754052.8556249505	1239.3327542664574	4.489639032082323	1535945.6757976834	20.156858638397097	804.3290879462327	-2.3810904230603	646945.2817164185	5.669591602789478	858.793876206134	806.7413443753186	1.081786	33.172295	0.1444105981658058	0.0967870387257126	0.0362505623	0.0389812569	-0.0370636283	0.0459374891	0.0616218255	0.128667718	0.1697550232	0.1515754204	0.0848459635	-0.0389487049	-0.1351239956	-0.0538754684	0.1126864812	0.0012689826	0.1037623101	0.2199530347	-0.0497469844	-0.1726047329	0.0239934846	-0.0640576516	-0.1821509437	0.0684991043	0.0039243039	-0.0996835054	-0.048597446	0.0766982782	0.1071228257	0.0766855934	0.144886563	0.052714992	-0.1055237577	0.1151401678	-0.0654086389	-0.0807467441	0.0884300372	0.0313133907	-0.1392011482	-0.0955075911	-0.0053720276	0.1875640671	-0.0509192413	-0.0686046928	-0.1593201127	-0.0289011221	-0.070237218	-0.0649775891	0.0667096896	-0.09766422	0.0041479716	-0.0309949955	-0.0248022969	-0.016691794	0.0186780571	0.0334027294	-0.0704432378	-0.2446610948	0.071677933	-0.1680502293	0.0401411333	-0.03302663	-0.0449947204	0.0299029324	-0.0942742561	-0.1360442717	-0.0079333307	-0.1120635178	0.189572167	0.0797156367	0.0675006699	-0.0121053711	0.0542871927	-0.0479418337	-0.1483735762	0.0039054477	0.0529707435	-0.073218387	-0.0773692385	0.0027860417	0.0687513714	0.0934325602	-0.051160706	-0.1011782711	0.0663013362	0.0288357084	0.0801653339	0.0164367077	-0.0082420306	0.0561478789	-0.046879385	-0.0344601162	0.0188015146	-0.0828613002	0.0359078792	0.004615524	0.1051103399	0.1743211519	-0.2245474092	0.0206892713	-0.0184786397	-0.0198605375	0.0012293382	-0.0446641911	-0.0153420397	-0.1736237569	0.0630462877	-0.0140819534	-0.1184037132	0.0250934357	-0.0474915982	-0.1302880156	-0.1439671793	-0.0251860523	-0.1192723348	0.0717238087	0.0912870929	0.0403665521973835	-0.0022845323531868	0.001629458536304	5.219088072757241e-06	0.0463002093749906	-0.0100891587567417	0.0001017911244187	0.0021437093881679	-0.029723285794148	0.0929379056536846	0.0086374543072931	0.0008834737184006	0.000263000505464	-0.0002079536153092	4.3244706120166744e-08	6.91692658743195e-08	-1.4991189568380747e-05	-0.0002490835004777	6.204259021026459e-08	2.247357646751277e-10	6.70019732586285e-05	-0.0003249429122568	1.0558789622597689e-07	4.489264420549969e-09	0.0	0.0	0.0	0.0	0.0
864.9791093383272	-3.3830591288109417	11.445089069031049	748188.8595917259	1227.160097366083	-12.172656900374475	1505921.904567534	148.17357601423438	802.1183544760004	-2.2107334702322987	643393.8545872866	4.887342476405342	854.225575177683	783.3673010911814	1.067505	32.734394	0.1168584996585187	0.0682007292232178	0.056286357	0.1817396441	-0.0498556877	-0.0591283614	0.0958231509	-0.0553813838	0.171646813	0.1313780912	0.0632317229	-0.062492112	-0.0996770304	-0.0385848445	-0.1587470626	-0.0970420302	-0.0295118321	0.0822473105	-0.0517927845	-0.1200373544	0.0478560755	0.0904932778	-0.0713904922	0.1550313984	0.1974789439	-0.1037801013	-0.2490105123	0.0323786577	0.0163643421	-0.0860674963	-0.05260206	0.0350344589	0.0251653893	-0.0573480049	-0.0186549461	-0.0096205698	-0.0216146176	-0.1524767705	-0.0163339155	0.1358150982	-0.107326156	-0.0020312314	-0.0665345553	-0.0354737075	0.0460047104	-0.1266883587	-0.012130733	0.0123624301	0.0209821833	0.0931900484	0.0441725415	-0.0544572287	0.014339068	-0.0387559512	-0.0304110131	0.086004336	-0.0878564702	-0.0545201352	0.0816614237	-0.1725859718	0.1559371448	-0.0300369242	-0.132208111	-0.1376222498	-0.077888038	0.0021162174	-0.075135521	-0.0350273441	0.1107920803	-0.1019545496	-0.0115946278	0.0322516794	0.0644305718	0.0437586218	-0.1130547338	0.010700916	-0.1827716255	0.0895032038	0.1646759342	-0.0880784733	-0.159763587	0.0265253779	0.0731810536	-0.0210272448	-0.1024729975	0.0476708223	0.0871973714	-0.0239594671	0.1578824576	0.0925070407	-0.1022199136	-0.0217529515	-0.0754197947	0.0574234504	-0.004380762	-0.1042607769	0.0520307947	0.1600833802	-0.1770763425	0.2093192821	0.0880378945	-0.0894925423	-0.0778847082	-0.1130365737	-0.0710268193	-0.1043916991	-0.026585539	-0.0477513191	0.021646814	0.0284892615	-0.1838083139	-0.0573669797	0.1309064835	-0.0284919163	-0.1165232592	0.0799246852	0.0812449131	0.0403609681428207	-5.584054562801644e-06	0.0016290077494257	3.1181665360345854e-11	0.0288246074754994	-0.0174756018994912	0.0003053966617495	0.0008308579961166	0.0362007966569422	0.0659240824510902	0.0043459846470181	0.0013104976785972	0.0006230162490156	0.0003600157435516	1.2961133560501142e-07	3.881492465374682e-07	-0.0002629601164556	-0.0002479689268872	6.14885887015991e-08	6.914802284634271e-08	0.0001280819278873	6.10799546286715e-05	3.7307608574405685e-09	1.6404980251327517e-08	0.0	0.0	0.0	0.0	0.0
866.3954763588276	1.4163670205003882	2.0060955367611477	750641.1214550398	1222.775312379931	-4.384784986151999	1495179.4645658378	19.226339374783983	800.6631187879351	-1.4552356880652724	641061.4297872231	2.1177109078188066	851.6408692501808	785.3221188722104	1.03571	31.75943	0.0815502521743509	0.0410666070798345	0.0797268202	0.1837299931	0.0449744885	-0.0684006225	0.1048501657	-0.1802578405	-0.0232801898	0.0111054471	0.0471343976	-0.0100474529	0.0695155316	-0.0570544883	-0.0086155216	-0.1341486641	-0.1249205056	-0.0978556922	-0.0473308411	-0.0136478999	-0.0113060398	0.142890704	0.0192523614	0.0225988378	0.0004271655	-0.1034649702	-0.0458215782	-0.2232173189	0.0208562301	-0.0265087198	0.0154925112	-0.0017881915	-0.109466641	0.0934278551	-0.0344959072	0.0271506306	-0.1457569993	0.0452183844	0.0422523727	-0.0638440569	-0.1696823922	0.1096679273	-0.1134665861	-0.1045356479	-0.0017138334	0.0435963035	0.0494407418	-0.0100830148	0.13755273	0.0181000731	0.1091465427	-0.0651611804	-0.0660815211	-0.0260335543	-0.0824079953	0.1114947813	0.014969631	0.1509790057	0.0454213444	0.0003719675	0.083540487	-0.0138287646	-0.0821685115	-0.0465676015	-0.0149399861	-0.169435569	0.0543464977	0.0648442707	0.1177912492	-0.0129507976	0.1178219085	-0.1425572208	-0.0039682315	-0.0157874715	0.1201278159	-0.164297716	0.0028849709	-0.123089713	0.0510487813	-0.1094639818	-0.0073377629	-0.016185205	0.019764998	-0.0474604788	0.0537040453	0.0606859961	0.0350195257	-0.1179213441	-0.0006161207	0.09957449	-0.1078388192	-0.0019259411	-0.0397902378	0.0916701891	0.0645473477	-0.0082671899	0.0217964816	0.1905637614	0.0230937968	0.033684096	-0.1038304149	-0.0648070512	-0.1995476956	-0.0087600487	-0.0184628089	-0.0524048735	0.0317880424	-0.0619823652	0.0880465023	-0.0987174393	-0.068216056	-0.0778998226	0.1095148332	-0.0317782535	-0.1134548014	0.0876327994	0.0703125971	0.0402643546010779	-9.66135417427988e-05	0.0016212182514413	9.334176448087524e-09	0.0073421056826674	-0.021482501792832	0.000461497883279	5.390651585545693e-05	0.0238110652758365	-0.0123897313811057	0.0001535054436959	0.0005669668295701	0.0007740026077396	0.000150986358724	2.279688052073242e-08	5.990800367877012e-07	-7.239542572090585e-06	0.0002557205738835	6.539301190731142e-08	5.241097665311196e-11	0.0006730031044532	0.0005449211765659	2.969390886699648e-07	4.529331786036449e-07	0.0	0.0	0.0	0.0	0.0
871.1367930135916	4.741316654763978	22.480083620742278	758879.3121420052	1223.858923289815	1.0836109098841007	1497830.6641161053	1.1742126040198486	802.3961014769936	1.732982689058531	643839.5036654779	3.0032290005765367	852.5085586648428	805.8843887285338	1.161064	35.603306	0.2150564350614269	0.1267335368383957	0.077016796	0.0338865247	-0.1374384355	0.0055060556	0.0908022269	-0.0481602674	-0.077566127	-0.0914488697	-0.0493862414	-0.1124823846	-0.0414530178	-0.0489602449	0.0208799424	-0.1060685294	0.0254362242	0.0366805638	0.002395664	0.1018864649	0.1188842232	-0.016900626	-0.0961835007	-0.0380177539	-0.0606345381	0.0543244534	-0.0548121976	-0.0866526044	0.000269853	-0.1564264642	-0.0886843649	-0.079331931	-0.0817278858	-0.133606598	-0.0213904284	0.2159814335	0.052734621	-0.0829453364	-0.0461826652	0.0918655766	-0.1741110361	-0.1377247916	0.0588045366	0.0116791192	-0.1178240227	0.0630954543	0.0907930944	0.135162015	0.121171097	-0.0071187669	-0.0340070235	-0.0419333344	-0.0396417631	-0.0232680375	0.0436135962	0.1103614266	-0.0032048239	0.0371179044	-0.0035817269	0.0087988784	-0.0231414964	-0.0164234206	0.2495715449	-0.0044071426	-0.05178968	-0.0530967288	0.0306473726	-0.1418292994	-0.0185979752	-0.0588000394	0.1781886652	-0.0280030388	0.012797382	0.0976538486	0.088024995	0.0945876403	-0.0750836175	-0.1026463249	0.0772466911	0.0116000254	-0.133249727	0.1583111645	0.0781071702	-0.0300985444	0.037096945	-0.0503098481	-0.1706424885	-0.0076796847	-0.094926056	0.0729067179	0.0076676439	-0.0985511358	-0.0654771094	0.0664344575	0.0248262821	0.0922485984	-0.0094544824	0.1619395554	0.0572017323	-0.0168461031	0.1730212374	0.1588528366	-0.017692914	0.0351286231	0.0994671728	0.1549908958	0.0536737421	-0.0264432848	0.1523477535	0.1800419642	-0.0189574903	-0.0771402815	-0.0896884185	-0.0350428114	-0.1100753719	0.0948006283	0.0586099215	0.0520108382882966	0.0117464836872187	0.0027051272994513	0.000137979879014	0.02894297926467	0.0216008735820026	0.0004665977395056	0.0008376960487151	-0.0684835123905358	-0.0922945776663723	0.008518289066614	0.0046899914693446	0.0020830502114868	0.0013090476037472	1.7136056288762866e-06	4.339098183575203e-06	-9.188856714725802e-05	-8.464902457516743e-05	7.1654573615273e-09	8.443508772376145e-09	0.0010675964786475	0.0003945933741942	1.5570393095804282e-07	1.1397622412205418e-06	0.0	0.0	0.0	0.0	0.0
871.8293837312907	0.6925907176990904	0.4796819022429411	760086.4743372821	1224.0084623242988	0.1495390344837233	1498196.7158414945	0.0223619228343241	805.3515945410766	2.9554930640829298	648591.1908298546	8.734939251842304	856.8337009631083	812.3229301262996	1.140787	34.981544	0.1252684834571536	0.0615628794200957	0.0311899162	-0.0690444424	-0.0469871146	-0.0814049355	0.0225291346	0.0223831696	-0.1988133263	-0.0286056434	0.0734272169	0.0384713015	0.004474965	-0.039618078	-0.0412637032	0.0247992442	0.1280237187	-0.122705282	0.054817054	-0.0440912472	-0.1309727741	-0.1669170837	-0.1171916563	0.1407689932	0.1136820847	0.1498800576	0.0696078095	-0.1493527042	-0.0011079962	0.0259203226	0.1188832199	-0.0515545752	0.0327569049	0.0467065239	0.1185054899	0.1078670233	-0.0820842921	-0.0432773321	-0.090683471	-0.0484658601	0.0088808988	0.0649783362	-0.0026932099	-0.0872799565	-0.0049791562	0.1194608873	0.0110282217	0.0539223623	-0.017510363	-0.0074027237	0.1142554554	-0.0548325585	-0.0275022454	-0.1753491203	0.0258103858	0.0006432857	0.120105106	-0.0184165978	-0.1528449621	0.0723130089	0.1211289718	-0.0634322117	-0.0168777428	0.08907187	-0.1158039461	-0.1657963736	-0.24887399	0.0536056289	-0.0540050006	-0.044577904	0.1969029962	-0.0328216957	-0.0567736541	-0.0278916705	-0.0440928556	-0.118156147	0.1105612782	-0.0516306672	-0.1119598396	0.113502921	0.0835181811	-0.1199880243	0.0671143831	-0.11412517	0.0285340861	0.0613642128	-0.0268682178	0.0106854214	-0.0872802579	0.048295558	0.0653377311	-0.0642136233	-0.0471032256	0.0293671701	0.0113883398	0.2073673675	0.0202433836	0.1215590455	0.1733162148	-0.0293725021	-0.1043810639	0.196623674	0.1052995862	0.2047587979	0.0110852157	0.0253109195	-0.0688021061	-0.1331429663	0.0344644595	0.1327315855	0.0545091809	-0.0155168983	-0.0091059947	-0.0382833527	-0.1063942335	0.1013839798	0.0462651033	0.0532911877595836	0.001280349471287	0.0028399506928271	1.639294768624907e-06	0.0571489899583923	0.0282060106937223	0.0007955790392543	0.0032660070532644	-0.1125245121937723	-0.0440409998032365	0.0019396096636686	0.0126617658444464	0.0024598030632084	0.0003767528517215	1.4194271128035766e-07	6.050631109769427e-06	0.0003006401793206	0.0003925287464678	1.5407881680362797e-07	9.038451742192252e-08	0.0013331373502362	0.0002655408715886	7.051195448408644e-08	1.7772551945947965e-06	0.0	0.0	0.0	0.0	0.0
872.1467615068569	0.3173777755662286	0.1007286524233673	760639.9736068983	1229.6451412513609	5.636678927062121	1512027.1734030792	31.772149326786185	805.1377518485749	-0.2138426925016574	648246.7994517774	0.0457286971363584	856.2932816054637	815.9255799681916	1.077013	33.02594	0.1014658677006204	0.0550549013157599	0.1003383112	-0.0122004971	-0.0729343273	0.0062673992	0.1007426124	0.0039910103	0.0412415384	0.0592591254	-0.0575339103	0.0315503405	-0.0610404887	0.1319257454	0.04625169	-0.0972439398	0.0939119161	0.1209144695	0.0045262467	-0.0735819366	0.0675580782	-0.0557000134	-0.0066279451	-0.0087436278	-0.019083922	-0.0337097563	-0.0919981166	-0.0162109278	-0.186751446	0.2191189535	-0.0277890765	-0.0505356532	-0.0010758071	0.0397954667	0.076153913	-0.0088897009	0.0627549336	-0.0584711484	-0.1103399152	-0.0825272727	-0.014255752	-0.0106029859	0.027204262	-0.1138385758	-0.0624195376	0.0459093712	0.1252677826	0.0311447429	-0.0690803618	-0.0244919553	-0.0855566253	-0.0108021709	0.0051224909	-0.0492534087	0.0520510533	0.1075021949	-0.0422849161	-0.1080120743	0.0355991849	-0.1316228701	-0.0879945436	-0.0169014739	0.0640816857	-0.0226906409	0.032777837	0.0422639642	-0.1492005997	0.0976355894	0.0318956963	-0.0509653881	0.1014524537	-0.0471473569	0.1297260276	-0.0527017372	0.027483271	0.0530569606	0.0672756429	0.0187968517	-0.0269434641	0.0773057987	0.0252732089	0.005855856	-0.0152627896	0.0166124578	0.0921029636	0.0954501569	0.0568608186	0.1213335633	0.0491921059	0.0976893496	0.0029137962	-0.1493513405	-0.0668926855	-0.0512002432	0.0800394792	0.1210035927	0.0019090693	0.1016945276	-0.0753994815	-0.0377432688	-0.0099181509	0.2183006792	0.0682930717	0.1382222794	0.1999843634	0.0578033448	-0.0542482528	-0.0234939459	0.1257950581	0.1115460492	0.0616638115	-0.0315014664	0.0108539561	-0.0414976565	-0.1024214758	0.1073422654	0.033413395	0.0632844385736888	0.0099932508141052	0.0040049201655869	9.986506183361429e-05	0.073417489246907	0.0162684992885146	0.0002646640691004	0.0053901277273197	-0.0736367882326618	0.0388877239611104	0.0015122550748755	0.0054223765812218	0.0018957783112542	-0.0005640247519541	3.1812392081699665e-07	3.5939754054218265e-06	0.0002999172216524	-7.229576681999877e-07	5.226677900091635e-13	8.995033984369485e-08	0.0014947175133516	0.0001615801631154	2.610814911239928e-08	2.2341804447199902e-06	0.0	0.0	0.0	0.0	0.0
871.8544146289534	-0.2923468779035829	0.0854666970199724	760130.1203079949	1229.571400626761	-0.0737406245998499	1511845.8292392548	0.005437679716376	802.5396332167984	-2.598118631776515	644069.8628837533	6.750220424784271	855.0038235407541	814.9009910058337	1.031615	31.633844	0.0918043265884719	0.053328949122662	0.1074899906	-0.0058481966	0.0757244381	-0.1305899328	0.1052475974	0.0525745192	-0.0007882242	0.0458974428	0.0098380963	0.0763116012	-0.0353373518	-0.1219154175	-0.02739746	-0.111465796	-0.0562425802	-0.1292900624	0.0404569143	-0.0645741971	-0.0461855683	-0.0372224204	-0.0480553117	-0.0024956384	0.1171498717	0.0714315647	-0.0586913355	0.0155539093	0.0797334907	0.0500008814	0.107923603	-0.0454718321	0.0233411854	0.0324735368	-0.062195255	0.0925519793	0.0460473422	-0.0084310783	0.0089179754	0.0202174007	-0.0394725033	-0.0242841114	-0.09912123	-0.0252910836	0.0823434745	0.0092512969	-0.1047942699	-0.0953140297	0.0983689211	-0.0900195387	-0.1298278354	0.1532369501	0.1454435314	0.0835282616	0.1525339415	0.1023147022	-0.0067931882	0.0109951665	-0.1093239016	0.051433026	0.1314416685	0.0631089995	-0.096805069	0.0784916739	-0.0389442802	-0.0575522029	-0.0532651656	-0.1531996462	0.0014258136	-0.0371739314	0.0198950077	-0.044957475	-0.0074484028	0.0799471204	0.0035290311	-0.0017119871	-0.0087316903	-0.1437317664	0.1284344204	0.0137431831	0.119314786	0.0384593574	-0.1397167561	0.0065176354	-0.1300313524	0.086648691	-0.068524682	0.0182172184	0.0607586715	0.1097605367	-0.0243670044	-0.1406473409	-0.0918897253	0.0499843765	0.0340895326	0.0717362163	0.0810134435	0.0958424881	0.1023093948	0.1162409383	-0.1164686201	0.0286950374	0.2609372008	0.0676141973	0.1747781581	-0.238984676	-0.1719840343	-0.2157866976	-0.0559781347	0.0386906299	-0.0679375435	0.1574391134	-0.0682134885	-0.0446835199	-0.098167988	0.1126387502	0.0201956026	0.0399080476023243	-0.0233763909713645	0.0015926522634293	0.000546455654846	0.0652887249720066	-0.0081287642749003	6.607680863689687e-05	0.0042626176084703	-0.0305532440218598	0.043083544210802	0.0018561917817641	0.0009335007202593	0.001796095332141	-9.968297911320003e-05	9.936696324882675e-09	3.225958442138689e-06	0.0005438426531245	0.0002439254314721	5.949961611885016e-08	2.957648313574953e-07	0.0014940133813088	-7.04132042799897e-07	4.958019336975559e-13	2.232075983529754e-06	0.0	0.0	0.0	0.0	0.0
872.0144064069452	0.1599917779918769	0.025597369025002	760409.124981257	1223.8713148273405	-5.700085799420549	1497860.9952572032	32.4909781207558	802.3913292609585	-0.1483039558398786	643831.845273168	0.0219940633177566	855.0419390224018	811.5197994494757	1.05451	32.335903	0.1883666811300778	0.0821698217076887	0.1087235842	0.0522300944	0.0664730575	-0.0192176994	0.0768493924	-0.0324342735	0.0457686183	0.0183054844	-0.0590409258	0.0035599256	0.1599512873	-0.0115646886	-0.0344758532	-0.1227999999	-0.0811573229	0.0197621698	-0.1061184991	0.1751903469	-0.1097004349	-0.0684229191	-0.1300421224	-0.0447154703	0.0795605834	-0.0838602273	-0.032762323	0.1471041698	-0.066662071	-0.0614364298	0.0007597033	-0.0668591596	-0.0406187778	0.0024851774	-0.0708763872	-0.0156733556	-0.1219417506	-0.0276353513	0.0912422532	-0.0558650708	0.0159016011	-0.098892278	0.1070073485	0.0243911926	-0.1499328761	0.0132369066	0.0536303735	-0.1947002285	0.082492538	0.0682498991	-0.1483028044	-0.0443987072	-0.0275150728	-0.0293114542	0.0876779685	0.0960657369	-0.0370683617	0.0555810804	0.1230393199	0.0735796058	-0.0509456729	-0.0325836896	-0.0217963456	0.1337633612	-0.0363636622	0.0018927038	-0.1398966952	-0.1713890141	0.1689580769	0.0694769422	-0.0853076286	0.1464920486	-0.0024869934	0.0816693064	-0.0358540068	-0.048180076	-0.0083911486	-0.0133042547	0.0208030357	-0.0204742062	-0.004313212	0.0427277614	-0.0689752939	-0.0211482358	0.1583857116	-0.0300354694	-0.026649706	0.0504050442	0.1440782292	0.0966564689	-0.0811992278	-0.0242581686	0.0804929378	0.1896448117	-0.0222660051	-0.028621862	0.0067871372	0.1089137832	-0.0617526144	0.1630580655	-0.1470455703	0.1188678301	-0.0619978249	-0.2069768204	0.2142881308	0.1690278011	0.1456204684	-0.0867641811	-0.5014838486	-0.1349565519	0.1112783639	0.0652684685	0.0450987598	-0.0478387595	-0.0936454286	0.1172407796	0.0067565429	0.0705745194863425	0.0306664718840182	0.0049807628007281	0.0009404324978132	0.0755995648960663	0.0103108399240596	0.0001063134199395	0.0057152942124745	-0.0510606972386398	-0.02050745321678	0.0004205556374384	0.002607194802496	0.0007830318625237	-0.0010130634696173	1.026297593473042e-06	6.131388977273347e-07	-0.0001027588899433	-0.0006466015430678	4.180935554976601e-07	1.055938946237924e-08	0.0006160400718895	-0.0008779733094193	7.70837132052678e-07	3.795053701736203e-07	0.0	0.0	0.0	0.0	0.0
875.428282223181	3.413875816235759	11.65454808867937	766374.6773162294	1230.091616621174	6.220301793833414	1513125.385281693	38.69215440636719	805.7509657313783	3.3596364704197867	649234.6187770488	11.287157213374725	859.1461413503815	814.4762733598056	1.317927	40.413433	0.2606465007273654	0.2077833111248977	-0.0028080167	-0.0734300704	-0.0022535177	0.1029741333	-0.0202907404	0.0063229489	-0.1302842964	-0.0863186999	-0.0388488349	-0.0159335117	-0.0501815975	-0.1234841082	0.0728659031	0.0323234995	0.0755873954	-0.0127503446	-0.0449927125	0.0787370343	0.2371899846	-0.074216114	-0.0666085123	-0.0885850509	-0.1038967026	-0.1490090557	0.2287253073	0.1405369673	-0.0602241106	-0.0020411512	0.0482321719	0.1765820271	0.0083426524	-0.0355300356	0.0467413909	0.1099076872	-0.0781137144	-0.0246730454	0.2456075783	0.0357279055	0.1230365376	0.0276766236	-0.0075408574	0.1772901511	0.0429328138	0.1151733422	-0.1250414185	0.1099389839	-0.0423053083	-0.0360385503	-0.0083386	-0.0727964132	0.0416341812	-0.2088596248	-0.0053843888	-0.0415189571	0.0342568506	0.0472127708	-0.096376184	0.0211786559	-0.0895946575	0.0065048617	0.1766508204	-0.0205912719	0.0846498404	-0.1480653351	0.02313046	-0.1430445834	-0.0633315707	0.1638652931	-0.1211880574	0.1028481251	0.2190933681	0.0217028796	0.028583005	0.0862681812	0.1524402867	0.0342099012	-0.2055580715	-0.1203560087	-0.0109567067	0.0699279982	-0.0156093333	0.0372266192	-0.0388345564	-0.0869864764	-0.051248404	-0.1167923278	-0.1352372995	-0.0366563773	0.0170468723	-0.0099138179	0.1076804059	-0.0708503565	-0.0421753346	0.0650586898	0.0463758659	-0.0275994685	0.0518755935	0.0662806747	0.1441828469	-0.0938477244	-0.0192360827	-0.0634224465	0.208473428	0.1933110298	0.1018921112	0.2111040554	-0.0262111849	0.0171491998	0.2741274369	-0.1796096952	0.2422072933	-0.0509612127	-0.0888661936	0.1211199807	-0.0067565429	0.0530274533294488	-0.0175470661568937	0.0028119108066068	0.0003078995307144	0.0830877931072109	0.0074882282111446	5.6073561742181874e-05	0.0069035813634266	-0.2593861950832519	-0.2083254978446121	0.0433995130522054	0.0672811981997668	0.0006379079547614	-0.0001451239077623	2.106094860420057e-08	4.0692655874787245e-07	0.0002976965050449	0.0004004553949882	1.603645233751553e-07	8.86232091159482e-08	0.0006159052043457	-1.348675437999776e-07	1.8189254370638876e-14	3.793392207401185e-07	0.0	0.0	0.0	0.0	0.0
876.680612584033	1.2523303608520564	1.5683313327118418	768568.8964807155	1239.9037772757108	9.81216065453691	1537361.3769025754	96.2784967104422	810.4674145822034	4.716448850825145	656857.4300995612	22.244889762449837	867.9421139589587	824.5560568049123	1.280981	39.280499	0.3132666603434267	0.2104576101713793	-0.13671099	-0.2038383025	0.0691393365	0.0431692784	-0.1593350626	0.2047381816	-0.0438759141	-0.0474230639	-0.0853038733	0.0403840225	-0.0329979462	-0.0011813282	0.0476655239	0.2085150515	0.1958460075	-0.0717148533	0.0001132028	-0.0461340237	-0.0017777444	-0.0403423017	-0.047581027	0.060134131	-0.0764217834	0.0510623292	-0.1091734072	0.131660447	-0.0266715533	-0.1528005038	-0.0584127327	0.0217778632	0.1081789154	0.1495683499	0.0316298782	0.0501030986	0.1459184394	-0.1016867883	0.0014096639	-0.091658224	0.1684837943	-0.005819507	0.0399150126	-0.0410866696	0.0810032325	-0.0647581427	0.0508013546	0.0136792096	0.1116367758	0.0929468637	0.0098887894	-0.0668009871	-0.0858911408	0.0255426649	0.0755345377	-0.2008583314	0.0145132513	-0.1482351044	-0.1524118819	0.0431079762	-0.1393510712	-0.0328069039	-0.0417413134	0.0477719418	0.0530734069	-0.1011962349	0.0128999006	-0.0412849254	-0.0533184526	0.0595868301	0.0459056793	0.1588633579	-0.0209259801	-0.1162192543	0.0882989388	0.0043861522	-0.1065605063	0.2006541409	0.0701736971	0.0660169983	-0.0414556928	-0.0266749468	-0.1568984204	-0.221390714	-0.1361106595	0.0420126786	0.0218024804	-0.093362369	0.2163183837	-0.1653144857	0.0925082624	-0.0263664724	0.029018019	-0.1860404025	-0.2550303089	0.0630611896	0.1411181781	-0.0653124682	-0.0508957157	0.0752053941	-0.0723697171	0.0172527659	-0.0029157453	-0.0006115339	0.0387722988	-0.0662856789	-0.0928116648	0.0186752474	0.0510317007	-0.0387216968	0.0442484788	-0.047017369	-0.073154979	-0.0540487397	-0.0838433825	0.1242524367	-0.0201956026	0.0452453125419367	-0.007782140787512	0.0020471383070175	6.05617152366594e-05	0.1432102523486094	0.0601224592413985	0.0036147101052336	0.0205091763777523	-0.461745801183298	-0.2023596061000461	0.0409494101809658	0.2132091849104057	0.0001819684142041	-0.0004559395405573	2.0788086464360186e-07	3.31125037679549e-08	0.0002975192784067	-1.7722663820003706e-07	3.1409281287686824e-14	8.851772102364346e-08	0.0002119728872518	-0.0004039323170939	1.63161316792847e-07	4.4932504929864316e-08	0.0	0.0	0.0	0.0	0.0
869.154593572414	-7.5260190116190415	56.64096216325125	755429.7075280282	1237.2746351898693	-2.629142085841522	1530848.522884224	6.91238810754311	806.7292196717166	-3.738194910486868	650812.0338721367	13.974101188789923	862.7760309122376	795.082197010631	1.14529	35.119621	0.2197388190959797	0.1038125844272638	-0.1342633774	-0.0516162965	-0.1009714036	0.0606176137	-0.1759415288	0.148732229	0.08200248	0.1289360664	0.0087773383	0.0149361516	-0.1271046093	-0.0403269242	-0.067643999	0.1806844976	0.0452438238	0.2196842873	0.1316739996	-0.0228771076	-0.0045729254	-0.084051814	-0.1216281712	-0.0353268258	0.099144309	0.024198958	-0.0046015152	-0.1318662765	-0.0160061968	0.052079246	-0.1175879234	-0.1148328731	-0.0385666032	-0.03986938	-0.1675544757	-0.1030871868	-0.0397678712	-0.0499805067	0.0924423616	0.1222574778	0.0659899624	-0.0052796278	0.0070079659	0.1045011545	0.0560056905	-0.0080815429	-0.1916729905	-0.0255614607	0.1217932069	-0.0033044662	0.0483431776	0.0295627365	0.0925114146	-0.0167570524	0.1402817794	-0.160085458	-0.0397503559	-0.1765037066	0.0846332737	0.0106368254	0.106527637	0.0233465665	0.0226899965	-0.1790478006	-0.0786059609	-0.0097561362	-0.0940532221	-0.1011330756	0.0934385567	0.040972035	0.1430571707	0.1398277463	-0.132198157	0.0843426132	-0.0247992337	0.1095027777	0.0389587214	-0.0935670395	-0.0110493275	0.0960687535	-0.0171224449	-0.1132623139	0.1203768129	0.1160247294	-0.0698135158	-0.1934174348	-0.001385926	-0.0511619848	0.0163300001	-0.1426404523	0.048554773	0.0483025052	-0.0798451143	-0.0426876885	-0.2621529364	0.1297731033	0.0920679583	0.0147708758	-0.1189278664	0.013575254	0.0748371091	-0.0824256359	0.0378420535	-0.1144191802	0.0157282851	0.055270258	0.0132978786	-0.0151650565	0.0955859953	-0.0173851319	-0.0601690938	0.0170628501	-0.0372979968	-0.0570992244	-0.0785907625	0.1266188352	-0.033413395	0.046731286401112	0.0014859738591753	0.0021838131287027	2.20811831015234e-06	0.0613193024076821	-0.0818909499409273	0.0067061276822274	0.0037600568477647	-0.4092614724063352	0.0524843287769627	0.0027546047671683	0.1674949527962014	0.0011139930461272	0.000932024631923	8.6866991451139e-07	1.2409805068197575e-06	-8.708299292958799e-05	-0.0003846022713362	1.4791890711703168e-07	7.583447657574672e-09	-0.0001489515398671	-0.0003609244271189	1.3026644209110617e-07	2.218656122878028e-08	0.0	0.0	0.0	0.0	0.0
867.6989952639882	-1.455598308425806	2.118766435492068	752901.5463821347	1230.6295035065198	-6.645131683349518	1514448.9749007034	44.157775089055605	806.5076363692975	-0.2215833024190487	650454.5675219911	0.0490991599109316	862.4187549296521	787.7355997393738	1.143028	35.050247	0.2095810699779955	0.1002038551712723	-0.2213113587	-0.0190662822	0.0584097302	0.0127919035	-0.2007886968	0.0055580489	0.0190745409	-0.045826331	0.1219085649	0.1353871667	-0.0020290362	0.0352511353	-0.0913463222	0.2147242142	-0.0276564454	-0.1242330568	-0.000717516	-0.0401425428	-0.0560465043	-0.2042160925	0.0143473777	0.0768515385	0.0330708843	0.0431061136	-0.0302123378	0.0173694492	0.0778586658	-0.0740930616	-0.0430028659	0.1531767747	0.0845907183	-0.0636310387	-0.0208943575	-0.0883085034	-0.131057483	-0.0352250765	-0.0056713852	-0.1233200507	0.0164393202	-0.0278559787	0.0036479799	-0.0649118433	-0.0025192205	0.0589407141	-0.2327170585	-0.1638116244	-0.1156484434	0.0310564934	0.1974338785	0.1125113711	-0.1445782112	-0.0087981949	0.0831267593	-0.2279441417	0.058558611	0.0339564514	-0.0902855966	0.0242517484	0.0495963517	0.0778512233	-0.0439893486	0.0859359961	-0.1128295445	0.0260184772	-0.183570122	0.0460939701	-0.003086661	0.0924415642	0.0979125693	0.1457612659	-0.0174238034	-0.0832782645	-0.0734711653	-0.1103055843	-0.1823485251	0.0893112822	0.0321625165	-0.1162763803	-0.1024676148	0.0821310983	-0.0450600503	0.1056164159	0.0011920636	0.1373802934	0.1850411103	-0.0103310052	-0.0424865877	-0.210430942	0.0332887768	0.0377508149	-0.0958873806	-0.1701985861	-0.2218972168	0.1565645886	0.0331303466	0.0211224325	0.0763472609	-0.0127457905	-0.1725343137	-0.1537716223	-0.1154264684	0.0147376986	-0.0132332549	-0.0350632182	0.0182318271	0.0607786911	0.0699631263	-0.1201939392	-0.0180755654	-0.0033118116	-0.1473873851	-0.0601105761	-0.0731227308	0.1282045865	-0.0462651033	0.0375830101108647	-0.0091482762902473	0.0014124826489933	8.369095908270095e-05	0.1262615706015708	0.0649422681938887	0.0042174981981669	0.0159419842107754	-0.4762007004272917	-0.0669392280209564	0.0044808602480416	0.2267671070874432	7.999918807275665e-05	-0.0010339938580544	1.069143298494312e-06	6.399870092300289e-09	8.100079814021832e-05	0.0001680837910698	2.82521608203983e-08	6.561129299352396e-09	1.9996760466711625e-05	0.0001689483003338	2.854352818568381e-08	3.9987042916304096e-10	0.0	0.0	0.0	0.0	0.0
865.4967282498621	-2.2022670141260505	4.84998000150767	749084.5866112157	1223.861259910709	-6.768243595810873	1497836.3835102278	45.80912137223489	804.627723205852	-1.879913163445508	647425.7729514332	3.5340735020956973	859.581586604289	780.1031982552253	1.138049	34.897587	0.2079494544395733	0.1153000325377988	-0.1451657953	0.0552572308	0.0001543506	-0.0911057276	-0.0869978499	-0.0002994274	0.183109609	-0.0213665239	0.0166252828	-0.0134440443	0.0407905316	0.1015847615	0.0304970141	0.1322714648	-0.0830429693	0.0661369005	0.0203948561	0.0949469879	-0.187782681	0.0351896032	-0.1645011394	0.0159069113	-0.0951445475	-0.0394585024	-0.1256992017	-0.0971163454	0.0598412613	-0.1021502294	0.0161717527	-0.0019911217	0.0143050123	-0.084797868	-0.1358450864	-0.0007382147	0.0181772358	0.0275026966	-0.0496617556	-0.0093953622	0.0767338602	0.033214464	-0.213295051	0.070168554	-0.0835483354	0.0599845704	-0.0241838006	0.0800473413	-0.1051738447	0.2336870515	-0.1298509459	0.0522126487	-0.0119409579	0.023406715	-0.0414567095	-0.1121942976	-0.1231520091	-0.0064133447	0.1082211378	-0.0086533235	-0.0522519524	-0.0863955891	0.0003834198	0.0833537761	0.0200745491	0.0863662304	0.0341168503	-0.0115781385	0.1155577982	0.0392955094	0.1497818903	-0.0796455976	-0.1530411924	0.1347027099	0.066812325	-0.2016377543	-0.0550185773	0.072241944	0.0947293931	0.0480286455	-0.0531622938	0.0813946974	-0.1560484471	-0.0812700917	-0.0600721492	-0.1067495165	0.0158455322	0.0689065999	-0.0669044884	-0.112536152	0.0188010837	0.0866590396	-0.1848995684	-0.0887664878	-0.1694167399	-0.0106577363	0.0756345509	0.0518969058	-0.072205327	-0.0050797952	-0.1427668686	0.0277033754	-0.0922631287	-0.0347639524	-0.1243700576	0.0618797449	0.0084754494	0.0328169718	0.0981526747	-0.0979460243	-0.0286311593	-0.0223332214	0.0049557401	-0.063080731	-0.0674542747	0.1289999139	-0.0586099215	0.0326508830443543	-0.0049321270665104	0.0010660801635761	2.432587740020451e-05	0.1089691939993002	-0.0172923766022706	0.0002990262885547	0.0118742852408571	-0.365869866155343	0.1103308342719486	0.0121728929911442	0.1338607589605286	0.0010079751787453	0.0009279759906725	8.611394392646882e-07	1.0160139609666193e-06	-0.0003300750941108	-0.000411075892251	1.689833891899708e-07	1.0894956775225346e-07	-0.0001488336865866	-0.0001688304470533	2.8503719852221065e-08	2.2151466262958282e-08	0.0	0.0	0.0	0.0	0.0
862.6387583049795	-2.8579699448825977	8.167992205852238	744145.627329957	1218.7812028728547	-5.080057037854203	1485427.6204762026	25.806979507852024	801.4113480304593	-3.216375175392727	642260.148751998	10.345069268882597	855.1402250279141	759.995895503356	1.076989	33.0252	0.1616223607365369	0.0949603862962544	-0.1280320623	0.1260380327	-0.1659399522	0.0073122851	-0.0881697655	-0.1612398771	0.0188653356	0.060509618	0.1434663097	-0.1464053786	0.0357000389	0.0096328559	0.0385590016	0.0647448374	-0.2047352123	0.0723002591	0.0023366072	0.1513172528	-0.004774879	-0.0433517923	0.0155031349	0.1532650387	-0.1410350872	-0.0514818085	0.0821891207	-0.0910249518	-0.0035539037	0.019315458	-0.1251762893	-0.1099009075	0.1061382735	-0.1155486877	-0.1084991488	-0.0002054443	-0.1078763056	-0.0394166788	0.0152232193	0.1109552998	-0.0043530448	0.1678355123	0.1724633834	-0.1007711389	0.0108347163	-0.0039926467	-0.0623796891	0.1006558347	-0.0658344999	-0.0647962413	0.0947021472	-0.2147848528	0.2141000362	0.0775859222	0.0053880677	-0.074675806	0.0367479995	0.1359225133	0.1738348406	-0.0545885763	0.1113710419	0.0271867984	0.062486108	0.0855090696	-0.090879923	0.0804070031	0.0984435948	0.0058473319	-0.0427177966	0.0645954355	0.1219975186	0.0057899882	-0.0685478461	0.0608804329	0.1312428197	-0.0796800885	0.0318015032	0.0206013887	-0.234455798	0.07214096	-0.1013352543	-0.040823448	0.203827605	0.1178777744	-0.099331289	-0.0862054221	-0.0575888549	-0.1759621748	-0.0276814053	-0.0871708008	0.0122835393	0.1408470609	-0.207115893	-0.0515683613	-0.0777976804	0.064646842	-0.0310495857	0.1406171184	-0.0077377187	-0.0817759737	0.0434587624	-0.0284523932	-0.073363934	0.0018538709	-0.0474878015	0.0175202622	-0.003234376	0.1362885001	0.0327744175	-0.1521332662	-0.0072597501	0.1459379526	0.0511343136	-0.0660076536	-0.0616009311	0.1289999139	-0.0703125971	0.0426022539528645	0.0099513709085102	0.0018149520418643	9.902978295874324e-05	0.1090030385773985	3.384457809829655e-05	1.1454554666516947e-09	0.0118816624191058	-0.2778990038187245	0.0879708623366185	0.0077388726202482	0.0772278563234394	0.0018290202838824	0.0008210451051371	6.741150646695917e-07	3.345315198853255e-06	-0.0002163268568322	0.0001137482372785	1.293866148398868e-08	4.6797308986899154e-08	0.0001896986292639	0.0003385323158505	1.1460412887510269e-07	3.5985569944602574e-08	0.0	0.0	0.0	0.0	0.0
865.3424200195411	2.7036617145615764	7.309786666786043	748817.5038852759	1218.203643348569	-0.5775595242857889	1484020.1166677272	0.3335750040932268	801.9387476023943	0.5273995719350069	643105.7549060967	0.2781503084772285	852.9742442201086	762.2703536372795	1.074926	32.961964	0.1082038478544771	0.0666148444183116	-0.0414764533	0.1642695623	-0.1320569239	-0.0790499946	0.0059451651	-0.2282205132	-0.0118378515	-0.0127063231	0.0713717063	0.0186127769	-0.1167211581	0.1191206806	-0.0693244079	-0.0331524047	-0.1735018944	-0.0032625901	-0.0018049822	0.0212683616	0.1982055474	-0.0826744917	0.087344515	0.0572109311	-0.0451735798	-0.0414703323	-0.1435184663	0.0457958564	0.0414190534	0.0603684848	0.0672389849	0.0119369114	0.1002492812	-0.2147299748	-0.227470219	0.1085319393	-0.0414631799	0.1670827194	0.0216484756	0.0761497923	0.0446249077	-0.0867905126	-0.0647385513	-0.1763934677	0.1812646885	0.0081382886	0.1548780535	-0.0908673244	-0.1025453833	-0.024293405	-0.0433326368	0.0001854859	-0.2373198743	0.0577217745	-0.1026300696	0.0271176101	-0.0117391068	0.1818106897	0.0406654105	-0.2120677146	0.0196359698	0.0507786808	0.0563231697	-0.0493437874	0.178497497	0.2052168076	-0.0151814432	0.0417552586	0.0593565502	0.0693021938	0.0456032657	0.032591673	-0.04680981	0.1233007662	0.0635145718	-0.0947525587	-0.0203486073	0.0684640644	-0.1162487424	0.0300802641	-0.0012686622	0.1524678164	-0.1672610214	0.1002575098	-0.0732536698	-0.0782474705	-0.1128638697	-0.0127315852	0.0556033831	-0.0101397902	-0.0160387383	0.0576087977	-0.2211887604	-0.1590578865	0.0566034961	-0.0171263555	-0.1290410026	0.0013719689	0.0287086061	0.1115330583	0.1368063857	0.1063065975	-0.0625803828	0.0807747188	0.0049651433	0.0292892158	0.019161022	0.1166812916	-0.0395592038	-0.187669074	0.0482214836	0.1969832327	0.1942585031	-0.0688893378	-0.0555787436	0.1282045865	-0.0812449131	0.0401844857413493	-0.0024177682115152	0.0016147928942967	5.845603124613418e-06	0.1089687259649991	-3.431261239940364e-05	1.1773553696717086e-09	0.011874183238435	-0.226774936767157	0.0511240670515675	0.0026136702318931	0.051426871945748	0.0012540379750484	-0.000574982308834	3.306046554720773e-07	1.5726112428634915e-06	-0.0001081244802041	0.0001082023766281	1.17077543079692e-08	1.1690903219406814e-08	0.0005990679433817	0.0004093693141178	1.6758323534127805e-07	3.588824007875797e-07	0.0	0.0	0.0	0.0	0.0
869.0032370827938	3.6608170632526935	13.401581570602076	755166.6260603743	1222.6933015917168	4.489658243147915	1494978.909757253	20.15703114026602	804.1624243583025	2.2236767559081727	646677.2047498225	4.944738314766295	855.0434815897106	783.9984151865739	1.147694	35.193336	0.0985988871469359	0.0547119685276079	8.22847e-05	0.0827283077	0.0080599427	-0.1263681968	0.015662148	-0.1308694511	0.0256164041	-0.114899463	-0.0265026948	-0.1167949096	0.0360524373	0.0561599183	0.024239841	-0.0288826842	-0.0573796017	-0.0940919505	0.0329275838	-0.0059029492	0.0120026123	-0.0179260131	-0.1388085482	-0.1723596641	-0.0229661132	0.0795282771	-0.0756060273	0.0386237116	-0.1963012528	0.0884955717	-0.0592565301	-0.0528730342	-0.0020350088	-0.0440610798	-0.1151016694	-0.1217568697	-0.0827153239	0.088496823	-0.0401592705	-0.117396864	0.0343307037	0.1675081588	-0.0870928552	0.027232036	0.1654806878	-0.0557399312	-0.0043700653	0.0680778505	0.0751466824	-0.1000752456	0.0809312569	-0.0716080594	0.0111711976	-0.0907581762	-0.0763666388	0.0353530451	-0.0443382142	0.1472696199	0.00521948	-0.0238628615	-0.0515700901	-0.1893693423	0.032682867	-0.1157547362	0.0278104632	-0.0223835327	-0.1285933017	0.0911958369	0.0476779862	0.1253621543	0.0233863693	-0.0895033519	-0.1580760018	-0.0489170914	-0.0179586865	0.0798361595	-0.005635095	-0.0312754383	-0.0381707293	-0.0887814078	0.0459703255	-0.1724160429	-0.0960093391	0.2375295808	-0.0076394699	0.0706796657	0.0668697402	-0.0880222544	0.0668071148	0.0125761811	-0.0057694409	0.1051942756	-0.1576568446	0.0769764578	-0.0368131513	-0.0960035008	0.0760117377	0.0134301866	0.1469901566	-0.0629875036	0.0405608344	-0.0486357071	-0.0602770304	0.0974303244	0.0060097385	0.0692304961	0.0346919304	-0.0491404036	-0.0488632072	-0.0565688432	-0.0677143343	-0.0615879173	0.0276013629	-0.0717238087	-0.0494042187	0.1266188352	-0.0912870929	0.0476938208382193	0.0075093350968699	0.0022747005461481	5.639011359708353e-05	0.0845315793614247	-0.0244371466035743	0.0005971741341245	0.0071455879093368	-0.1821528970592254	0.0446220397079315	0.0019911264276962	0.0331796779070687	0.0010350984864324	-0.000218939488616	4.7934499675435654e-08	1.0714288766146452e-06	-0.0003296900164051	-0.0002215655362009	4.909128683203664e-08	1.086955069171951e-07	0.0005991702333359	1.0228995419995277e-07	1.0463234730228432e-14	3.590049685157968e-07	0.0	0.0	0.0	0.0	0.0
874.7566228251062	5.753385742312389	33.10144749984348	765199.1491763851	1226.7691155605628	4.075813968845978	1504962.4628932455	16.61225950864	805.074169212496	0.9117448541935572	648144.4179331907	0.8312786791484311	856.4234944323811	802.7945510543327	1.213587	37.213917	0.1170111283865885	0.0725632712947885	-0.0021739086	-0.0171311916	-0.0782995928	0.0469797186	-0.0133946162	-0.1068883061	-0.21396139	-0.1239363779	-0.0017026657	-0.0153184585	-0.0089792368	0.0524920613	0.000795628	-0.0171144901	-0.0232857026	-0.1065351701	-0.046567496	-0.0475166541	0.0681343718	0.0037462071	0.0991958669	-0.0482235451	0.0463328434	-0.0351338693	-0.0106693645	0.0401950291	0.0305334284	-0.0304444642	0.0675283359	0.017045106	0.0647336094	-0.1785445325	0.0588426398	0.0067928971	-0.1535182177	0.0381948063	0.1177766037	-0.0605253156	0.0430682084	-0.0661468122	0.1141088337	0.0438515053	-0.0504052153	0.0136244269	-0.0176916545	0.1652080264	-0.0334942921	0.040672935	-0.0639906143	-0.0376064947	-0.0689112784	-0.044085167	0.0649121465	0.0139555389	0.1329859188	0.1478292823	-0.1075473551	-0.0214524238	-0.0486417907	0.0786580122	0.1211235853	0.0289076681	-0.0078706377	0.0707569069	0.1457617926	0.0221880003	-0.0159618165	-0.0022592551	-0.0557264348	0.0744425857	-0.1933232832	0.019457773	-0.068128788	-0.0163800665	0.0637284849	-0.0760217565	0.1238135907	0.0258483261	-0.0092609564	0.1704098514	-0.1803094002	0.0810045711	0.0364805481	-0.0224477922	0.0204467376	-0.0562134873	-0.0416814863	-0.0191814098	0.0416732802	0.0922230168	-0.0382346792	-0.0682998684	-0.018933533	0.112950658	-0.0646358408	-0.1058694341	0.1556955122	0.0817952554	0.2186151592	-0.0373608236	-0.0227463278	0.0596273122	-0.0550021454	-0.1075788957	-0.0267082004	-0.024545665	-0.0960484541	-0.0337754404	0.0267782804	-0.0234104267	-0.026943408	-0.0745091236	-0.0430942802	0.1242524367	-0.1003291122	0.0386435282820372	-0.009050292556182	0.0014933222780846	8.190779535248503e-05	0.0683439005428852	-0.0161876788185395	0.0002620409455321	0.0046708887414157	-0.2486241340190673	-0.0664712369598418	0.0044184253429714	0.0618139600167311	0.0012450507314868	0.0002099522450544	4.40799452033829e-08	1.550151323975816e-06	-0.0003298115328738	-1.2151646870000882e-07	1.4766252165320226e-14	1.0877564721656565e-07	0.0003032055938185	-0.0002959646395174	8.759506784466454e-08	9.19336321228292e-08	0.0	0.0	0.0	0.0	0.0
877.6992603733663	2.942637548260109	8.659115740430265	770355.9916599543	1227.8693716080463	1.1002560474835263	1507663.1937331385	1.210563370024072	807.2547358901192	2.180566677623119	651660.208617026	4.7548710355603285	859.5832712780509	835.0292257232375	1.193286	36.591381	0.0605863432488772	0.036810785380644	0.0582933688	-0.1585637634	0.1248553336	-0.0420806432	0.0110667292	0.0576173267	-0.0047945997	-0.0501402444	-0.1754081026	0.1113267176	0.0098755267	-0.0090117757	-0.0148231463	-0.0220286839	0.1219810734	-0.0447786371	0.0631162104	-0.0474978822	-0.089272008	-0.0388627824	0.1034371157	-0.0832061566	-0.0732244787	-0.0504712823	0.0402861161	0.1861577073	-0.0377097828	-0.0374064109	0.0775000489	-0.0638078025	-0.0295542258	0.0260064445	-0.0804733666	0.1323405259	0.0190813339	-0.0479620152	-0.0424936672	-0.1680568496	0.0499418998	0.0666506564	-0.0165578435	-0.098867066	-0.0546683793	-0.1940062737	0.037741916	-0.0508278798	-0.0512317416	0.0624415124	0.107452959	0.0714787204	0.0225083493	0.0107201139	-0.1502817853	0.045311388	-0.0478603871	-0.1061713793	-0.1212641618	0.0870209487	-0.1468773031	0.0363809826	-0.1456450074	0.0146016957	0.1821013462	0.1630362728	-0.0603132993	0.0318924752	-0.022204082	-0.0017678031	-0.0234418092	0.0696100648	-0.0272743674	0.0815161329	-0.0141191465	0.0116903564	0.0382712632	0.0407450527	-0.1062014792	-0.0596439098	-0.0086955721	0.0090161752	0.0540646309	-0.0335204853	0.0919323358	0.1881505031	-0.0636484136	-0.0257266137	0.1211956167	0.0274376946	0.0416495585	-0.0583588186	-0.0196526643	-0.1449044915	0.0229478811	-0.0149864176	0.086471777	-0.2201288113	0.1260120993	0.0121526576	0.0226160087	0.073370393	0.023905082	0.1332431537	-0.0874970077	0.0811396605	-0.0986105596	-0.0203552636	-0.1219314897	-0.0498065806	-0.1291386059	0.0179308835	-0.0193080386	-0.0772433738	-0.0366662233	0.1211199807	-0.1082719048	0.0393803067834994	0.0007367785014621	0.0015508085623625	5.428425602168829e-07	0.1006034517139227	0.0322595511710375	0.0010406786417567	0.0101210544967555	-0.2337150459396397	0.0149090880794275	0.0002222809073601	0.0546227226985678	0.0010970371599375	-0.0001480135715493	2.1908017362779776e-08	1.203490530283736e-06	-0.0003298918891514	-8.035627759999136e-08	6.457131349726872e-15	1.0882865852787959e-07	0.0001976810117064	-0.000105524582112	1.1135437429933334e-08	3.9077782389265854e-08	0.0	0.0	0.0	0.0	0.0
873.8817541463153	-3.817506227051013	14.573353793573256	763669.320229841	1231.1004407038454	3.2310690957990573	1515608.2951012023	10.43980750182774	805.727955120402	-1.5267807697171063	649197.5376625046	2.3310595187779604	861.0269480918985	822.4159902568985	1.111041	34.069401	0.2313282935720892	0.1062068342301714	0.0474218988	-0.1267921876	-0.0494907223	-0.0091299863	0.0141185229	0.1358140618	0.0863907749	0.1435593275	0.0527129921	-0.1306325552	0.1079451776	0.0587691484	0.0350877576	-0.0209481119	0.0531312655	0.151754244	0.0937909533	0.0255563846	-0.1454869599	-0.0462058282	0.1667453812	0.0181194669	-0.0059373719	0.23820902	0.1464693768	-0.0560077974	-0.0081860361	-0.0787976607	0.1015017974	0.2138567177	-0.0556574742	0.0154571053	-0.0211098889	0.0690698284	-0.0767204578	0.0286911347	-0.0480082635	0.0556135591	-0.1600718438	0.2135253844	-0.0321973033	0.1119189153	-0.0304000696	-0.0359718417	-0.0698764504	0.0850148741	0.0039558503	0.062963406	-0.0587711241	0.0970214493	-5.37133e-05	0.0930043657	-0.0559998514	0.015756129	5.54704e-05	-0.1746974042	0.1341454659	0.0938604259	0.0695966493	0.0072085206	-0.0694072798	0.0535300491	-0.0350080667	-0.0104252147	-0.008510626	0.1965062268	-0.1300173104	0.0514251564	-0.0540045192	0.0530295836	-0.1520503282	-0.1023521228	0.0932129823	0.018958558	0.0796279978	-0.1628264653	-0.0408582345	-0.1163616429	0.0521658225	0.1817612366	0.0758335034	-0.0723011381	-0.0647113459	0.011057524	0.0591340509	0.0971123044	-0.201709858	0.0499667653	0.080719492	0.0334004314	-0.0289110721	0.0560488961	-0.0452479072	0.0264910128	0.0253218534	-0.0781743937	-0.0239068811	-0.2174579545	-0.0127225018	-0.0374779959	0.1792469714	0.0079024211	-0.2846142726	0.049546224	0.1730531582	-0.1199633219	-0.1919181298	0.1080831332	-0.0240394087	0.0496468911	-0.0722594809	-0.0799246852	-0.0301376669	0.1172407796	-0.1150284477	0.1030556585694739	0.0636753517859745	0.0106204687631879	0.0040545504250676	0.0848911081791357	-0.0157123435347869	0.0002468777393551	0.0072065002478817	-0.170219112094017	0.0634959338456227	0.0040317336149276	0.0289745461220755	0.0017517453495224	0.0006547081895849	4.2864281350953737e-07	3.0686117695733557e-06	-0.001252160197166	-0.0009222683080146	8.505788319681133e-07	1.5679051593667962e-06	0.000389597802221	0.0001919167905146	3.683205448142487e-08	1.5178644749543345e-07	0.0	0.0	0.0	0.0	0.0
872.4309375575948	-1.4508165887204996	2.104868774106587	761135.7408076238	1231.944396772541	0.8439560686956611	1517686.99673926	0.7122618458882354	804.6513050335246	-1.0766500868774074	647463.7226921543	1.1591754095731288	858.1723114703335	809.9335766166847	1.061238	32.542202	0.1236211700155349	0.056608530316948	0.0446353768	-0.0286137331	-0.0808063474	0.0076095077	0.0393740438	0.0324466953	0.0363107333	0.1100450072	0.0163882314	0.0604096471	-0.2178713955	0.1142987305	-0.1275984344	-0.0538177393	-0.0496205047	0.0825874287	0.0306803104	-0.0359972678	0.1035298299	-0.0053167171	0.1157072638	-0.0249252097	-0.0269460972	0.0790379504	-0.006524112	-0.0955076682	0.082781738	0.0162282134	0.0321138861	-0.1827196476	0.1782211462	0.1761521687	0.1541853613	0.105555245	0.0970414654	-0.1076946852	-0.0074307656	0.0700304384	0.2164831699	0.1449507895	0.0220229098	-0.1073790498	-0.0116948635	-0.0333868157	-0.173102044	0.0824138746	-0.0597218399	-0.1664381969	-0.1182654872	0.0042885788	0.0461754114	-0.0286323423	-0.1719054685	0.0435015982	-0.0351404534	-0.0782212746	0.0365395106	-0.1296474071	0.0848507812	0.1320655145	0.0380609954	-0.0195985285	0.1773672431	0.0152966691	-0.0269321111	0.1017320874	-0.001875491	0.0209466817	0.0517449176	-0.0513851198	0.028583907	-0.0002073977	0.0049481978	-0.0242076262	0.0738243044	0.0174093612	0.1390602147	0.1029712742	0.0989710013	-0.2171564894	0.1119590717	-0.1405307813	-0.2491578506	0.1430537089	-0.1646285432	-0.000579937	0.0384950858	0.0592035195	0.0714582123	-0.0564608437	-0.0656401636	-0.1246325759	0.063398691	0.0114216471	-0.1200073052	-0.0893028632	-0.0880030737	-0.0010726489	0.0619701158	-0.0403871011	0.0433353983	0.1431889761	-0.1843209436	0.1226713618	0.1765560951	-0.2715561516	-0.1044549802	0.1278686701	-0.0196918174	0.1620632039	-0.0086882184	-0.0825512202	-0.0235265052	0.1126387502	-0.1205247148	0.1180243317891154	0.0149686732196414	0.0139297428942671	0.0002240611779564	0.102319612827685	0.0174285046485492	0.0003037527742845	0.0104693031692073	-0.1935769686887312	-0.0233578565947142	0.0005455894646992	0.037472042806718	0.0010161229714524	-0.00073562237807	5.41140283117362e-07	1.032505893113255e-06	-0.0012419933411449	1.016685602110018e-05	1.0336496135378095e-10	1.5425474594482718e-06	0.0010011312791825	0.0006115334769615	3.739731934446214e-07	1.0022638381575886e-06	0.0	0.0	0.0	0.0	0.0
870.473863647153	-1.9570739104417496	3.830138290931762	757724.7472928024	1230.0175444556064	-1.926852316934628	1512943.1596685995	3.7127598512763447	804.4567804440693	-0.1945245894553409	647150.7116024375	0.0378398159027689	858.6404888849924	801.5741475544742	1.066477	32.702877	0.0585123808251096	0.0304192799170765	0.0203200775	0.0336795319	-0.0246001689	-0.1596340972	0.0457563068	0.0160633152	0.0426198906	-0.0288517122	0.0622223278	-0.1414870246	-0.014306818	-0.0412088436	-0.0711288159	-0.0689009517	-0.0924036058	-0.0280881352	0.0863450044	0.0344264488	0.1594220977	0.1302314121	-0.0588246897	-0.1156885047	0.0783716259	0.1073728151	0.0123082077	0.0786248187	-0.0632698987	0.0245754987	-0.0572463337	0.0544961088	0.0978971075	0.1105876863	-0.0718537265	-0.0029592619	-0.1164163059	0.0466248606	0.114827609	0.0635020529	0.0219808577	-0.0432154203	-0.1749838093	0.0317982866	-0.0345176239	-0.0885122494	0.0511621019	-0.1039031569	-0.0208606302	-0.0343910962	-0.0211662476	0.1006099547	-0.0112134461	0.0737312115	0.0041440397	0.0455953688	-0.0762971084	0.0269739014	0.0112935806	0.0068638039	0.1000197715	-0.0386074466	0.0818167242	-0.1009846993	0.0377583086	0.0352865333	-0.0520478209	-0.1119652963	-0.0863546231	0.0437581946	-0.1318419949	0.0067721858	0.0524813093	-0.0393248669	0.1430092108	0.0005812743	-0.1035310157	-0.0347211912	0.1266821582	-0.1630661383	0.2191876803	-0.0638766741	-0.0411215543	0.1711668361	-0.0064935963	-0.0753853341	0.0767794386	0.1230410198	-0.0569226581	0.0565977044	0.0693258481	0.0086232218	-0.0716638472	0.1405496839	-0.0230783278	-0.0844015691	-0.0823479015	-0.0946673379	-0.0479814094	0.0704810114	-0.0346275803	-0.0443373223	0.1762894022	0.0671052046	-0.0346355749	0.0991975644	0.384237399	-0.012337075	0.1179165185	0.2602297047	-0.0203530874	0.0362190515	0.0641077099	-0.0851211787	-0.016850859	0.1073422654	-0.124700488	0.1182077729943102	0.0001834412051948	0.0139730775962743	3.365067576332512e-08	0.0876687512916305	-0.0146508615360544	0.0002146477437486	0.0076858099530337	-0.1783964906120658	0.0151804780766653	0.0002304469146361	0.0318253078627008	0.0009600160969674	-5.610687448500003e-05	3.147981364475547e-09	9.216309064365204e-07	-0.0008879438928597	0.0003540494482851	1.2535101183105445e-07	7.884443568668384e-07	0.0011609269565562	0.0001597956773737	2.5534658507319617e-08	1.347751398458841e-06	0.0	0.0	0.0	0.0	0.0
876.3515880709025	5.8777244237494415	34.5476444015407	767992.1059143927	1227.4419699747054	-2.5755744809009684	1506613.7896553858	6.633583906668293	807.0127724158039	2.5559919717345565	651269.614842242	6.533094959571506	859.4415870350408	795.9724904601934	1.409405	43.218529	0.3463344304192732	0.2203866299756717	-0.0917587032	-0.0559860244	-0.0422941104	0.0874487166	-0.112828961	-0.0660036712	-0.2405467501	-0.0949864405	-0.0195990007	0.0555123337	0.0372396205	0.0628816227	-0.1219374055	0.0577700793	0.0083939259	-0.1453835526	0.0271257417	0.1575768537	-0.0101923006	0.1890577649	-0.0515134386	0.042807617	0.113868922	-0.1123086756	0.1606766013	-0.0600771435	0.0552098637	-0.1168020912	-0.038413054	0.1018704227	0.0572166234	-0.0226628346	0.0223603995	-0.1455168152	0.1723212057	0.0672540752	-0.0223369596	-0.0206149802	0.009849396	-0.0439364752	0.1154790578	-0.07919168	-0.1552623439	0.1820064861	0.1000605187	0.0759674223	-0.0574609869	-0.0651690206	0.0308736802	0.0819892191	-0.0013273686	0.0833908446	-0.0235839071	-0.098249983	0.1632556438	0.1829141264	-0.1248787908	0.1699983144	0.0378137833	0.031358829	0.1346385641	-0.0470997613	-0.005882272	-0.0595213865	0.1983631519	-0.0704177603	0.0396286393	-0.2084007359	-0.0615982304	0.0782602553	0.0291290126	-0.1545069375	-0.1240581202	-0.0284589823	-0.0601783924	0.2276489187	-0.0072587444	0.1206015817	0.0488028946	0.1458598641	0.0152890048	-0.0460343884	-0.0601241994	-0.1150175306	0.0492300013	0.0918450997	-0.0477840542	-0.1081432728	0.0906988825	0.061361419	0.2699422171	0.0897378625	-0.0277897045	-0.0020549683	-0.3349374702	-0.076446203	0.1012632372	0.0995326191	-0.0814506192	-0.0306253782	-0.0824310291	-0.0690956649	0.1759606463	-0.1562295003	0.2261402092	0.0311288386	0.1915843954	0.0814027048	0.0318599282	0.0713803255	-0.1977624999	-0.0876327994	-0.0101290257	0.1013839798	-0.1275100165	0.088993847288151	-0.0292139257061592	0.0079199048551467	0.0008534534551649	0.0708537373150619	-0.0168150139765686	0.0002827446950321	0.0050202520915117	-0.3949898109745362	-0.2165933203624704	0.0469126664256397	0.1560169507736998	0.0003461196647685	-0.0006138964321989	3.768688294665386e-07	1.1979882233945882e-07	-0.0005634264277889	0.0003245174650708	1.0531158513597789e-07	3.1744933953096055e-07	0.0004250974463444	-0.0007358295102118	5.414450680985375e-07	1.8070783888853004e-07	0.0	0.0	0.0	0.0	0.0
878.6675415146686	2.315953443766148	5.363640353692279	772056.648511432	1235.3252214275424	7.88325145283693	1526028.4026950067	62.14565346865557	810.247074692558	3.2343022767541925	656500.3220478478	10.460711217417352	864.9013992640033	828.9976083015165	1.347837	41.330585	0.1899862082747923	0.1045203083200576	-0.0356374975	-0.1478726001	0.16113187	-0.0173283477	-0.0636104898	0.1574101701	0.0852086598	-0.0702053536	-0.1856852634	0.1270446193	0.0135558451	0.0604128467	0.014554001	0.0949258959	0.2028394272	0.0195617346	0.0958559034	-0.0825157501	-0.1045675066	0.2666030537	-0.0048731373	0.0492689802	-0.0762656687	-0.1792246034	-0.0127377226	0.037218254	0.1256386961	0.1238203766	0.2482471419	-0.2072791354	0.1515725456	-0.1107514042	0.0971601721	0.0482587123	0.0716472753	0.0612348239	-0.0646278387	0.1089925439	-0.3176755223	-0.0741658066	-0.0484733355	0.1118418321	-0.0778781629	-0.0587574826	-0.0324567762	-0.0545541566	-0.0142671685	-0.0152772254	-0.016434784	0.0833202901	-0.1266093658	-0.0521303002	0.029579451	-0.0651801786	-0.1014117553	-0.1861957095	-0.0861734744	0.0368397386	-0.1305395381	-0.0773358746	-0.1443667964	0.0841078472	0.1752795939	0.1127524001	0.1116314393	-0.0953743147	0.0013639349	-0.3935807504	0.0495149849	-0.0437324587	0.0255488662	-0.0577910449	-0.2177170662	-0.0490622156	0.0772529749	-0.0289485474	0.0394993167	0.0272981417	-0.1492283492	-0.0886070631	0.0064305684	0.059400748	0.0154565215	-0.0398475759	0.0225690992	0.0684864474	-0.0908259197	-0.0543489112	0.0631853018	-0.0399553756	0.1734362667	-0.0843967436	0.0697660994	-0.1827979901	-0.0319181687	-0.1950060681	-0.0705691042	-0.0141303004	-0.1052421043	0.1168498329	-0.0646137321	-0.1137033306	0.1436370451	-0.0157634078	-0.048677985	-0.030366642	0.096749234	-0.097411685	-0.1635015166	-0.1621770708	-0.0409551871	-0.090084361	-0.0033794295	0.0948006283	-0.1289225186	0.0719809717768811	-0.0170128755112698	0.0051812602979441	0.0002894379331619	0.0880702375049224	0.0172165001898605	0.0002964078787874	0.0077563667341734	-0.3480089998552529	0.0469808111192833	0.0022071966134257	0.1211102639802534	-0.0012099925898975	-0.001556112254666	2.421485349121702e-06	1.4640820676068597e-06	-8.916940181102895e-05	0.0004742570259778	2.249197266893751e-07	7.951182219336733e-09	0.0002799462979007	-0.0001451511484437	2.1068855894525044e-08	7.836992970830745e-08	0.0	0.0	0.0	0.0	0.0
872.3444837937752	-6.323057720893416	39.98105894174984	760984.8984054282	1239.1409774029842	3.815755975441789	1535470.3618792228	14.559993664119718	806.6303941842732	-3.616680508284844	650652.5928218759	13.080377899007518	863.1648478894135	805.5081294253041	1.252769	38.415401	0.2664105678734135	0.1656687826474249	-0.0241077739	-0.0123857436	-0.0214859162	-0.0561693198	-0.0210078264	0.1567231497	0.0996787096	0.1223788024	0.0037300325	-0.0981185279	0.1527599937	0.0811743097	0.0384909764	0.021391794	0.0212722382	0.1315427559	0.1039157933	-0.0218176706	-0.1140963677	0.0533834929	0.1524769349	0.085419411	-0.018050159	-0.1103993747	0.1157996099	0.0349513428	-0.2020556814	0.01064064	-0.1164393638	-0.0408187737	-0.0710663191	0.1746442404	0.0992119231	-0.1002486021	-0.06037088	-0.0012087256	0.0577814439	-0.0697673957	-0.1709613034	-0.1400365758	-0.0973992523	-0.0174405282	0.0335515028	0.0335536399	0.0007107347	0.1977845824	-0.1114465091	-0.137425308	-0.0030666918	0.0643244733	-0.001218364	0.0826422031	-0.0005320158	-0.0400972208	-0.0210416174	-0.1222233201	0.1611595202	0.130794248	0.154715342	-0.0746919413	-0.1318737635	-0.0232315664	-0.0655501484	-0.0531971158	0.1908639281	0.2321386032	0.056784987	0.0121776225	-0.1083243019	-0.0555536774	0.0598426991	-0.2321119194	0.0723482754	0.1048639874	-0.0724758307	-0.0763542613	-0.03779685	0.0607695091	-0.2058994259	-0.1677808373	-0.0751892514	-0.0022286848	0.0852976902	-0.0160310045	0.0328729694	0.0217437852	-0.0824273908	0.0105426013	0.0547509155	0.082943918	0.0613983355	0.2177787988	0.0269957863	-0.1069177804	0.009180757	0.0503970774	-0.0309715807	-0.2795150357	-0.1462434596	-0.0913387417	0.1077369434	-0.1942921121	0.0038185833	-0.133213132	-0.0283244646	0.0767032009	0.137976793	-0.0119235515	-0.0378989715	-0.1055807909	0.0110279972	-0.0924741833	0.0033794295	0.0876327994	-0.1289225186	0.0752802434925854	0.0032992717157042	0.0056671150603029	1.0885193854046356e-05	0.0619263463162553	-0.0261438911886671	0.0006835030464848	0.0038348723680807	-0.1889045840507606	0.1591044158044923	0.0253142151284887	0.0356849418753908	5.702536444889201e-05	0.0012670179543463	1.6053344966361157e-06	3.251892190528956e-09	-8.898375578092477e-05	1.856460301041807e-07	3.446444849344236e-14	7.918108792879262e-09	0.0005700024808152	0.0002900561829144	8.413258924692987e-08	3.249028281354824e-07	0.0	0.0	0.0	0.0	0.0
870.6381124101647	-1.7063713836105308	2.911703298804917	758010.7227811345	1230.0839170862416	-9.057060316742536	1513106.4430742315	82.03034158111241	803.7654140906848	-2.8649800935884286	646038.84088837	8.208110936657961	856.6864102789237	780.9525942683904	1.236261	37.909187	0.0573727055324032	0.0289810961906531	-0.0100339671	0.0780368506	-0.1631067327	0.0356424035	0.0090673836	-0.0437460068	-0.0770899611	0.0974510356	0.0559979787	0.0758594396	0.0070685079	0.0760077823	-0.2166475365	-0.0378562927	-0.0938328625	0.005933458	-0.070535429	0.1026303576	0.1219388365	0.0114789852	0.2408225496	0.1580675701	0.0129212385	0.102286188	-0.0111366562	-0.1412870093	-0.0145808259	0.0479396657	0.0182857005	0.0502454263	-0.1091109106	0.0907495613	-0.0214808496	-0.0678309394	0.0864148362	0.0287820644	-0.1140518741	-0.1061767627	0.0901840094	-0.1424564786	0.0145467043	0.1005139825	-0.1445044396	0.0286464981	-0.002728708	0.1067841971	0.1180209704	-0.0008213396	0.0613139771	0.0489254776	-0.1184397028	-0.0841691526	0.0951089951	0.022451146	0.1323492128	0.0136837947	0.0689039507	-0.0457915969	0.1262731276	0.1943338051	0.0568671163	0.0540104391	0.0444518974	0.1794809047	-0.0818566022	0.1416189497	-0.0087125767	-0.1725514934	-0.1226106192	-0.1559034652	0.0578718336	-0.0820421924	0.0524454028	-0.026548063	-0.1525756246	0.1082849472	0.058208814	-0.0124761176	0.0719398034	-0.0468832122	0.059400476	-0.1171970887	0.1354271527	-0.082225834	0.0070711435	-0.0148663792	-0.1500876232	0.0272023408	0.0567711182	0.0477542874	0.0182839918	-0.0091662457	0.179486078	0.0557930062	-0.1862940843	0.0072623773	-0.0639198559	-0.0046664418	-0.0035554802	0.0684375674	-0.1042750151	-0.1113894012	0.026583513	-0.0673792008	-0.1318865397	-0.0102994467	0.0815304667	-0.0939157357	0.1001580649	0.044868431	-0.035958975	-0.0948006283	0.0101290257	0.0799246852	-0.1275100165	0.070281531391231	-0.0049987121013543	0.0049394936546965	2.498712267222692e-05	0.0870027447676307	0.0250763984513754	0.0006288257592921	0.0075694775971014	-0.1988042287739944	-0.0098996447232337	9.800296564625064e-05	0.0395231213784227	2.10736126778738e-05	-3.595175177101821e-05	1.2925284554049106e-09	4.4409715129704336e-10	-0.0001879913676408	-9.900761185987523e-05	9.802507206195709e-09	3.5340754307458434e-08	0.0007830021223131	0.0002129996414979	4.5368847278233933e-08	6.130923235468187e-07	0.0	0.0	0.0	0.0	0.0
872.1450713016952	1.5069588915305303	2.2709251007629248	760637.025395839	1229.6104806868757	-0.4734363993659372	1511941.9342150094	0.2241420242445831	804.4737580726373	0.7083439819525665	647178.0274275122	0.501751196768418	857.5647923241452	795.4153247381032	1.182581	36.263123	0.0550384670811644	0.0294090681848524	0.0067358137	0.0683747994	-0.0086943246	-0.173072012	0.0704093	-0.0717100217	0.0845599274	-0.0747692876	-0.0221265799	-0.034268367	-0.0717292318	0.1306099345	-0.0067042973	-0.0635284635	-0.1636802116	-0.0408141114	0.0493703257	-0.0025897368	0.0737528326	0.0771676292	-0.0127691844	-0.11837742	-0.0272436927	0.0347983268	-0.0596922399	0.1617932859	-0.0014388109	-0.023979208	0.0771103209	-0.1671524798	-0.0222951345	0.0629219501	0.1922455971	0.0144027484	0.0461951024	-0.0863793756	-0.0184341786	-0.0704093211	-0.1187877807	0.1811877789	0.0982487015	0.0628424117	0.146977941	0.0271397164	0.0586386274	-0.0524557216	0.0205994986	0.1355417172	-0.0538818366	-0.0900296695	0.12146442	0.0045010437	-0.1491550371	0.0541506187	-0.17549817	0.1452713505	-0.0209578338	-0.0349938895	0.0380661983	-0.0822692876	0.0318074406	0.0278554194	0.1212460331	0.0065071721	0.0648050349	-0.0897520745	-0.1164490665	0.009212532	-0.1263570794	0.0473630483	0.1133004739	0.0085712617	-0.0717958854	0.0754888959	0.0508912979	-0.2254593452	0.0196426636	0.164368447	0.0209519996	-0.0025217833	-0.0321473584	-0.0914401899	-0.0318755823	0.1045664403	0.0778831191	-0.0689715555	0.1488488111	0.0421405865	0.0532974157	0.0015679296	-0.024682944	0.0543950734	0.0878958341	-0.2442216689	-0.0649476966	-0.0700086783	-0.0419924853	0.1375772189	0.0348267822	-0.0436161752	0.0189238403	0.0386254985	0.0845139244	-0.0909437092	-0.0663210613	0.0973089455	-0.0241431356	0.0646586289	0.1117837617	-0.0583331783	0.0855120723	-0.0970621018	0.016850859	0.0717238087	-0.124700488	0.0752803130963855	0.0049987817051544	0.0056671255398898	2.498781853578731e-05	0.0872228708903293	0.0002201261226986	4.845550989432012e-08	0.007607829206351	-0.1846321886860522	0.0141720400879422	0.0002008467202542	0.0340890450990019	-0.0003799746159016	-0.0004010482285794	1.6083968164673389e-07	1.4438070872956848e-07	-8.910830089559063e-05	9.888306674520936e-05	9.777860888937532e-09	7.940289288499117e-09	0.0005699830343304	-0.0002130190879826	4.5377131844981263e-08	3.248806594244899e-07	0.0	0.0	0.0	0.0	0.0
875.3577318147057	3.212660513010519	10.321187571857012	766251.1586477864	1227.4855066018026	-2.124974085073063	1506720.668917484	4.515514862232102	806.0094107450822	1.5356526724448258	649651.1702096346	2.358229130386936	857.5677330498416	802.3523180945198	1.058931	32.471458	0.1456678764808801	0.0715145519401046	0.0594753608	-0.001816266	-0.1193100645	-0.0426100084	0.054528365	-0.0361201	-0.0933134833	-0.0589524853	-0.0065247631	-0.1954960839	0.0497577239	0.0443388292	0.0132713285	-0.0672149514	-0.0079862534	0.0064507712	-0.0301728329	0.1435236059	0.0236758992	0.0298130312	0.1567034122	-0.2070492651	-0.0656271949	-0.0428221214	-0.2225377338	-0.188708464	0.0721168469	-0.1466428725	0.0099645112	0.08559797	-0.0141236049	0.1565828068	-0.0363645022	-0.244599722	-0.0274839725	-0.0672437056	-0.0726655672	-0.0572093285	-0.0250117515	-0.1739976118	0.1407446912	0.0207703778	0.081164696	-0.0184363242	-0.0200892021	-0.0848527032	0.1512764101	-0.0730792232	0.0072730823	-0.0407248823	0.0686421291	0.0205448697	-0.0289612045	0.0656734048	0.0530936484	0.0725726133	0.0935332491	0.1404501701	-0.0204588264	-0.0143571524	0.0951539194	-0.0039873314	0.0471089012	-0.0667872915	0.093711572	0.065464694	-0.1059566601	0.0944176032	0.0957759932	-0.1385581999	0.0216288492	-0.1346345291	-0.1745792958	0.0019605429	-0.0558679874	-0.0323432347	0.1405367556	-0.1292238788	-0.020176934	-0.0702276598	0.1012179617	-0.0189130542	0.1408885848	-0.1176008564	-0.0633244233	-0.0513037266	0.2907652295	0.0695073991	0.0874316908	0.0240386488	0.0119869496	0.103668906	0.1370744257	-0.0297749428	-0.0666026834	-0.0273749334	0.052821453	-0.1363773245	0.0004330269	0.086608504	-0.0665319694	-0.0684776753	-0.0368804534	-0.0609708645	-0.0977787559	0.0542968979	-0.0475192371	-0.0885935468	0.0772889122	-0.0337524376	0.0181743948	-0.0992570537	0.0235265052	0.063080731	-0.1205247148	0.0750614205200435	-0.000218892576342	0.0056342168504868	4.791395997763839e-08	0.0578569177423702	-0.0293659531479591	0.0008623592042881	0.0033474229306473	-0.1370477864310686	0.0475844022549835	0.002264275337964	0.0187820957656557	0.0006311277775945	0.0010111023934961	1.022328050133542e-06	3.983222716513726e-07	-0.0004478200857254	-0.0003587117848298	1.2867414457578745e-07	2.0054282917910465e-07	0.0005701414260364	1.5839170599998668e-07	2.5087932529586222e-14	3.2506124568281977e-07	0.0	0.0	0.0	0.0	0.0
876.4340584051616	1.076326590455892	1.1584789293224056	768136.6587325423	1229.1378795186026	1.6523729168000043	1510779.926867487	2.7303362561741547	807.3334994978168	1.3240887527346104	651787.3794113913	1.7532110251182962	860.221168133723	816.9538247343687	0.968066	29.685146	0.1532945221845924	0.0693492204728097	0.0477826235	-0.0766352953	-0.0743246058	-0.0292672715	0.0455479728	0.0079651967	-0.1027630425	-0.0076857965	-0.0136378017	0.0142203816	-0.1501745568	0.0028992678	0.0576634829	-0.0322670321	0.084664152	0.0313131163	0.0225397483	-0.0435044216	0.0321637203	-0.0222284512	0.0051467856	-0.027943046	0.0189202224	-0.0152660652	0.0292043453	-0.0459827164	-0.0105093348	-0.0252677374	-0.0628767745	0.0840189922	0.1099388263	-0.0024166019	0.0179746982	-0.1742041443	0.1392922587	0.0622389609	0.0261990912	0.0069969774	-0.0882958211	0.020990342	0.0243119452	0.0264653193	-0.166676339	0.0340354443	0.069806782	-0.1040001581	-0.0882372974	0.1642649916	-0.261315079	-0.0442566666	0.0537874367	-0.1454362743	-0.2589917536	0.0452716484	0.008371066	-0.0349985042	-0.0798880726	-0.0507523018	3.92725e-05	0.0073684884	0.0551971546	-0.0512335269	0.077366242	-0.0751404976	0.1053683863	0.1060220444	-0.0147207887	0.0530956533	0.0140309001	0.0187397949	0.0087994618	-0.0708674644	-0.1170439472	-0.0323805477	0.06096308	0.0369473099	-0.1132871875	0.0984291131	-0.0071848628	0.0260026501	0.0241557682	-0.0345147409	0.0245787995	-0.1467469681	-0.005532536	0.2056935154	0.1420868716	0.0496380635	0.1042690675	-0.0705467438	0.0542684566	-0.0176688433	0.1186626593	-0.0784724027	-0.0730489043	-0.0542423798	-0.0458345195	0.0373531413	0.0839772118	0.0233750058	-0.0150710383	0.1055951413	0.0016568941	-0.1306775911	-0.1647037777	-0.0157830654	-0.0614541953	0.0368072662	0.1474192623	-0.0128873161	-0.0033173151	-0.1013839798	0.0301376669	0.0540487397	-0.1150284477	0.0545484264120403	-0.0205129941080031	0.0029755308240297	0.0004207829272749	0.0993568915739473	0.041499973831577	0.0017222478280215	0.0098717919032371	-0.1843744013549582	-0.0473266149238895	0.0022398084801541	0.0339939198749992	0.0001470232665854	-0.000484104511009	2.3435717757935978e-07	2.16158409174416e-08	-8.896075191144881e-05	0.0003588593338139	1.287800214653929e-07	7.914015380650343e-09	0.000534006484437	-3.613494159939996e-05	1.305734004392046e-09	2.85162925420764e-07	0.0	0.0	0.0	0.0	0.0
878.5652870171994	2.1312286120377166	4.542135396768212	771876.9635516139	1234.0448372262424	4.906957707639776	1522866.6602847432	24.078233944565408	806.8828122619534	-0.45068723586337	651059.8727237587	0.2031189845701649	859.9043384702866	822.0045681729143	1.065103	32.66074	0.0910087579770301	0.0414303329725587	0.0761310101	-0.0882084582	0.058335176	-0.2026576952	0.0585592743	0.074557794	-0.0197511333	-0.0682509271	-0.0629516224	-0.101162822	0.0485023961	0.0246891779	-0.1365217356	-0.0695894968	0.0187343403	-0.047306833	0.1212782202	-0.02980358	-0.1183046489	0.070715861	0.0615548549	-0.0250060633	-0.0126308876	-0.0552769015	0.0221889859	0.1349114354	0.0042324336	0.1027762783	0.1557142884	0.0721179661	-0.278476401	0.0153871956	-0.1301017718	-0.0736995842	0.0958646243	-0.146311114	-0.0579127664	0.0175474485	0.0991747474	-0.0989458453	0.050073901	-0.0872988959	-0.0382159251	0.0396608708	0.0572959354	0.0492323642	0.1056843015	-0.0298307938	0.0377204177	-0.2152708919	0.0446016727	-0.0704551707	-0.0601213522	0.0657469577	-0.057523982	-0.0117991314	-0.0246390703	0.1690244877	0.0267303883	-0.129606685	-0.0579638995	-0.0991426072	0.0280475761	0.1465565248	0.0183481851	-0.0534950659	0.0461105322	0.0417057641	-0.0076276971	-0.0520700744	0.0478543166	0.0397941835	-0.154361426	0.1254145769	0.0267553631	0.0005437176	-0.1627092821	-0.0477779496	0.1239421809	-0.0142313929	-0.01621335	-0.2008539929	0.173838056	0.0997764754	-0.1233106499	-0.0659568717	-0.0682008395	0.0812031082	0.1069279504	-0.0156740824	0.0187263474	0.1538201393	0.0575822787	-0.1206857663	0.1100286571	-0.1288008627	0.0212228286	0.0627441295	-0.0757551797	0.0228987199	0.0090813496	0.024858416	-0.0803881752	0.0462677501	-0.1922036369	0.0363111701	-0.0161670818	-0.0300246957	0.0512700057	-0.151847454	0.0029056569	-0.1034414224	0.0366662233	0.0446835199	-0.1082719048	0.0456192183606276	-0.0089292080514127	0.0020811130838346	7.973075642541342e-05	0.0900343220880728	-0.0093225694858744	8.691030181895827e-05	0.0081061791538588	-0.1613667455428284	0.0230076558121297	0.0005293522259694	0.0260392265670839	4.3063764950687135e-05	-0.0001039595016347	1.0807577980137868e-08	1.8544878517280295e-09	-0.0006439951443959	-0.0005550343924844	3.0806317684058385e-07	4.147297460054961e-07	0.0001980138860039	-0.0003359925984331	1.1289102620182641e-07	3.920949905036551e-08	0.0	0.0	0.0	0.0	0.0
876.7524775132996	-1.8128095038997567	3.286278297429284	768694.9068257089	1231.4341803378743	-2.610656888368112	1516430.1405044124	6.815529388783873	807.5138229870015	0.6310107250480996	652078.5743150824	0.3981745351257283	863.1052391785013	832.8984922879513	1.093331	33.526321	0.1151737574851944	0.0549488745364158	0.0338543143	-0.1435034721	-0.1202271482	-0.004966426	-0.0036529651	0.1051508149	-0.0239141717	0.0161085663	0.0187451651	-0.2394461176	0.0151042921	-0.0263138591	0.0168205573	-0.0077693875	0.0358819767	0.1488225054	0.0555747056	0.0013575978	-0.0364210296	0.1323615492	0.0880196211	-0.0066449796	0.2485950185	0.0089144434	0.139872659	-0.0442210424	0.1786085258	-0.0762166907	-0.0623178091	0.0106309498	-0.0235182301	-0.0991102927	0.1929238112	0.0460412693	-0.1287642262	-0.0210070883	-0.0186841474	-0.0770586283	0.048688036	-0.0276532737	0.0546883124	-0.0539495617	0.1523334135	0.0152560868	0.0788306408	-0.0547361704	-0.0079683328	0.079460081	0.1652567954	-0.004999678	-0.140226925	0.0452679023	-0.0049073821	0.0002400202	-0.0403276402	-0.098941889	0.1136925092	0.1152063922	0.0762749668	-0.103411412	0.0607273985	-0.0580257442	-0.0789034487	-0.0681063661	0.0675453627	0.0961153443	-0.085098015	-0.1094262502	-0.1092087224	0.1353214136	0.040747736	0.0905125833	0.0951219796	-0.1673771181	0.0806628941	-0.0227156977	0.0916975386	0.0881915516	-0.0241986945	0.1077202845	-0.0030978739	0.054575206	0.1214415728	0.1685898181	0.0184031638	-0.0835002329	-0.0504700305	0.0371694623	0.1481754071	0.0012892785	0.05179484	0.1804596881	0.017096535	-0.0451032906	0.0431376558	0.043804779	-0.1013792523	-0.1987651159	0.0636974559	-0.0621586518	0.0193111455	0.0088383475	-0.0751415679	0.0172817838	-0.1448251049	0.0211838492	-0.0339308027	0.0323470768	-0.0579904663	-0.0373669074	-0.0212986605	-0.1054279714	0.0430942802	0.0350428114	-0.1003291122	0.060776317659517	0.0151570992988894	0.0036937607882505	0.0002297376591563	0.0607035181087809	-0.0293308039792919	0.0008602960620716	0.003684917110783	-0.1945002626286651	-0.0331335170858367	0.0010978299544774	0.0378303521626197	4.30065170081812e-05	-5.724794250593248e-08	3.2773269211625503e-15	1.849560505174979e-09	-3.799257468317663e-05	0.0006060025697127	3.672391144984242e-07	1.4434357310567536e-09	0.0003430008107722	0.0001449869247683	2.102120835376869e-08	1.1764955619038657e-07	0.0	0.0	0.0	0.0	0.0
874.1235894587423	-2.628888054557251	6.911052403393808	764092.0496482359	1237.9698115614594	6.535631223585142	1532569.2543375154	42.71447549070102	808.34142518899	0.8276022019884977	653415.8596765675	0.6849254047362101	861.5794278915319	797.495538000395	1.130729	34.673111	0.0652050098073663	0.038348636541841	0.0030271043	-0.0508810518	-0.232056668	-0.0401667042	-0.0080425893	0.0763156994	-0.1149741141	0.1440639931	0.2244082973	-0.1068633588	-0.0965497226	-0.0260220876	-0.0475572479	0.0154203611	0.1111444734	0.0126562145	0.1883287088	0.1355964864	0.1275682494	-0.0263801179	0.0002770857	0.1938114097	0.0078892041	0.1368518769	-0.0044297386	0.030614527	0.0232729771	-0.0165205847	-0.0584803782	0.0768558508	0.0078858559	-0.0764975426	0.1253360448	0.0053312164	-0.0869076047	-0.0497333789	-0.0791078164	0.1564821134	0.1401351753	0.0083893115	-0.1200251294	0.1320884342	-0.0669324825	0.0427814069	0.106122039	-0.1939322979	0.138978179	-0.1770399813	-0.0241969472	-0.0679802494	-0.0174898644	-0.0134131104	0.1134397659	-0.0101451381	0.1387341146	-0.1383266193	-0.0145080931	-0.0031716897	0.2333057756	-0.0069060452	0.1397600515	-0.0468916798	-0.0022483335	0.0361030457	0.0736566266	-0.1775459937	-0.0897252235	0.0582327527	0.1263788895	-0.0661012616	-0.0578538721	0.0067168761	-0.0052618479	0.0798396188	0.0134213486	0.0523782537	0.0231603934	-0.0313645934	0.0284231842	0.0066927013	0.0850623205	0.0371757754	0.0456116169	0.1424867254	0.0506930949	0.1586015437	-0.0799086018	0.0266302286	0.1743461709	0.0262364792	-0.0123320504	0.0932284953	0.1157269924	0.1125353514	-0.0204405985	0.0439683169	-0.1123698539	0.0802512871	0.0630744906	-0.0167414795	0.057135182	-0.1022726568	-0.0859618855	-0.0342938043	-0.1612487639	-0.011334134	0.0108389738	-0.0853593378	-0.0531823956	-0.0423633695	0.0523249659	-0.1073422654	0.0494042187	0.0251860523	-0.0912870929	0.0559078157257602	-0.0048685019337567	0.0031256838592255	2.3702311078993685e-05	0.0862958246377019	0.025592306528921	0.0006549661534702	0.0074469693499009	-0.2207947829784515	-0.0262945203497864	0.0006914018004253	0.0487503361905015	0.0001270208614956	8.40143444874188e-05	7.058410079650678e-09	1.61342992550844e-08	-0.0001219782801205	-8.398570543732337e-05	7.0535987178048486e-09	1.4878700821155165e-08	0.0003420072407989	-9.935699733000251e-07	9.871812918434129e-13	1.1696895275887677e-07	0.0	0.0	0.0	0.0	0.0
873.0047106596782	-1.1188787990641913	1.251889766995327	762137.2248339884	1230.032097050401	-7.937714511058402	1512978.959774207	63.007311659067135	807.6280234778727	-0.7134017111172852	652263.0243067753	0.5089420014250705	863.4310065375435	822.9630396881249	1.682559	51.594654	0.5979737591650469	0.3094920864426447	-0.1164677707	-0.0682909109	0.1724159859	0.0701733742	-0.1081624381	-0.0561740106	0.1245293624	-0.1179846071	-0.0451331434	0.0719117027	-0.2096179619	-0.0424397519	0.0758332117	0.1068847642	-0.0552285885	0.0324731708	0.064185774	-0.1320146239	-0.0356372999	-0.0192342272	-0.0440178599	-0.2072665855	0.1636874397	-0.0115453519	-0.1296396387	-0.0169239275	-0.0995643985	0.019585207	-0.0264035541	0.0378128248	0.0333878787	0.0456972893	0.1028776752	0.1148373849	0.1670403413	0.1290496155	0.1659009631	0.139669667	0.0334983294	0.0389999137	0.1206274536	-0.0598288383	0.001315947	0.1063118472	0.0294317171	-0.0617787418	-0.0701891422	-0.0433111801	0.1874266173	0.046198177	0.0523625958	0.1269471722	0.130830759	-0.1131346398	-0.2196077991	0.0625203517	-0.081405435	-0.0822147623	-0.0970831108	-0.065894293	0.0245216762	-0.0480534205	-0.0539846976	-0.0706977976	-0.1341142973	0.14323539	-0.0980508352	-0.0643929891	-0.0028567316	0.1270473957	0.2990714487	0.1862625443	-0.0384569507	-0.0231811424	-0.0353001605	0.0701875001	0.1143930996	-0.0296615445	0.0853733876	-0.0502125374	0.1471410733	0.08096049	-0.0498072631	-0.1782305959	-0.0019845687	-0.0809631304	-0.0951801136	-0.139023614	-0.0295384234	-0.2117946684	0.1803002455	-0.0868114334	0.0383555586	-0.2720959588	-0.0023393004	0.268589783	0.0482404222	-0.1731810999	0.0400978696	-0.3976877033	-0.2005370088	0.1520774407	0.2182994087	0.1901672405	-0.1348311548	-0.011463043	-0.0990772773	0.0784471482	-0.2220485243	0.1316325398	-0.0576264122	-0.1091829923	0.0555787436	0.0151740128	-0.0812449131	0.0330994863906113	-0.0228083293351489	0.0010955759993222	0.0005202198870606	0.0498498901939115	-0.0364459344437904	0.001328306137481	0.002485011552345	-0.4033446241906091	-0.1825498412121576	0.0333244445265839	0.1626868858634637	-0.0048287565245791	-0.0049557773860747	2.4559729500329383e-05	2.3316889573665227e-05	0.0004126195877645	0.000534597867885	2.85794880347188e-07	1.7025492420694593e-07	-0.0012910105887204	-0.0016330178295193	2.6667472315279257e-06	1.666708340188194e-06	1.0	0.0	0.0	0.0	0.0
871.8065794048833	-1.1981312547948164	1.4355185037162013	760046.7118936431	1218.2963249831903	-11.735772067210746	1484245.9354675473	137.728346013524	805.9602326439249	-1.6677908339478336	649571.8966034495	2.78152626580041	858.6755647102543	803.3521663928351	1.5754	48.308674	0.8588284430294277	0.44488254718709	0.0075820236	0.1367290231	0.2827585838	0.2541494408	0.0046372852	-0.2410739877	0.0710046207	0.0164907979	-0.2333008073	0.1548942905	-0.070442683	-0.2364984912	0.2758112137	0.0128844566	-0.0720937456	-0.0572587806	-0.3667886715	-0.3377633381	-0.0509045984	0.0198752688	-0.0626379561	-0.0281275652	0.1048106605	-0.0285187158	0.1811610591	-0.0233758565	-0.2175897266	-0.2857271887	0.0737226922	0.0047319783	0.0331172683	-0.0548310343	-0.1577289353	0.0476348621	0.1503717452	-0.0140894329	-0.02230046	0.1885470585	-0.0144483427	-0.021550091	-0.0322869352	0.0679974487	-0.1096910732	-0.0893951581	0.0091801041	-0.1022745547	0.0683575763	0.1231753279	0.1504782534	-0.030822406	0.0651116038	0.0065047437	0.0535138017	0.0177734695	-0.0580235137	0.1147293869	-0.0511650358	-0.1585564065	-0.2703534901	0.1124357906	-0.2677802971	-0.0041626176	-0.0926437263	-0.2870235952	0.1518816903	0.0286804556	0.1092313876	-0.1825813297	0.1028813339	0.2811144557	-0.0798254149	0.1793545391	0.1054293148	0.1273256887	-0.2058002748	-0.0116021591	-0.0568200248	-0.1740922017	0.1105508582	0.0283012192	0.1293363869	-0.0832639268	0.0547523201	0.018761412	-0.1123808899	0.1533314184	-0.0696497004	-0.0756132377	-0.3870637629	-0.0677812118	0.2589943082	-0.0253194063	-0.2391744008	-0.178269915	-0.1035434239	0.2878381414	0.134185363	-0.0401716101	0.1231792458	0.0705106603	0.2929120853	0.1731850178	-0.2410083237	0.0673617142	-0.0884982498	-0.0154782212	0.101932857	-0.1155012709	0.228550021	-0.1263321223	-0.0240815556	-0.1109488906	0.0616009311	0.0050684204	-0.0703125971	-0.0649563163880344	-0.0980558027786457	0.0042193230387024	0.0096149404585646	0.0251952647833206	-0.0246546254105908	0.0006078505541365	0.0006348013675016	-0.094294071920693	0.3090505522699161	0.0955122438583401	0.0088913719993848	-0.0095081042406604	-0.0046793477160813	2.1896295047995278e-05	9.040404625126428e-05	-0.0015051552647722	-0.0019177748525367	3.6778603850221615e-06	2.2654923710714715e-06	-0.0032352372715079	-0.0019442266827875	3.7800173940628863e-06	1.0466760202953882e-05	0.0	1.0	0.0	0.0	0.0
875.228781257851	3.422201852967646	11.71146552245519	766025.4195421032	1237.1741665949587	18.877841611768417	1530599.9184899307	356.3729039190152	810.9907214660168	5.030488822091911	657705.9503039705	25.305817789191664	867.3228985450587	808.3221040145845	1.512924	46.392879	0.4370847966074384	0.2919375629958325	-0.0830875326	0.0269712422	0.2473661615	0.2529586791	-0.1311728607	0.0897601201	-0.0950621512	0.0152006985	-0.0225521487	0.2752805858	0.191145079	-0.1503409156	-0.0580293716	0.149996645	0.1328649262	-0.1856998775	-0.1895910828	0.0343894372	-0.0004925704	0.0010961132	0.0144220344	-0.0097909159	-0.1080328383	-0.0405609617	0.1625783665	-0.0893913266	0.0299864165	0.1680577825	0.1150722383	-0.0601163343	-0.0879077011	-0.1235513448	0.0018073191	-0.0507424828	0.0545568442	-0.0459464662	0.0757478498	0.0314276905	-0.0242364905	-0.073651534	-0.1220929711	-0.0206173858	0.0404547822	-0.2075472986	0.0828033017	0.0080943934	-0.0518342788	-0.0383552669	-0.065266149	0.0799282143	0.0780171798	0.0839786883	0.0435743999	-0.1431064381	0.2386208106	-0.066415998	-0.0988018559	0.0639126625	-0.1748194894	0.1806082352	-0.1112467218	-0.0239398808	-0.0775476127	0.099446839	-0.0338617719	-0.1005849061	0.1511575148	-0.1276096387	-0.1316195777	-0.1643366305	-0.0786402261	0.011135174	0.1503230288	0.0654038474	0.1515110286	-0.0302017835	-0.0079000386	-0.1912736781	-0.0647516308	-0.1367209245	0.0034897732	-0.0286996952	-0.1840338926	-0.0304031628	-0.0108755838	0.0197710535	0.0175905074	-0.1484360268	-0.2694488183	-0.1124597054	0.2294157652	0.016455585	0.1588642419	0.1958723001	-0.0329240311	-0.1120417094	-0.0280132874	0.1413048731	-0.0087249206	0.1740594539	-0.0572246889	-0.1111254254	-0.2062599033	0.1499947246	0.0985163275	-0.116743525	0.0745295881	-0.2188404801	-0.1471176119	-0.0698258473	0.1106231955	-0.1126387502	0.0674542747	-0.0050684204	-0.0586099215	-0.052561214340514	0.0123951020475203	0.0027626812529494	0.0001536385547684	-0.0221791432872322	-0.0473744080705528	0.0022443345400352	0.0004919143969555	-0.3595081878560933	-0.2652141159354003	0.0703385272913959	0.129246137135572	-0.0077788160015639	0.0017292882390964	2.9904378138774715e-06	6.050997838618658e-05	-0.0010958423796079	0.0004093128851642	1.675370379615234e-07	1.200870520944705e-06	-0.0031318149846894	0.0001034222868185	1.0696169410768098e-08	9.808265098325068e-06	0.0	0.0	1.0	0.0	0.0
869.7983632536701	-5.430418004180865	29.48943970013169	756549.1927187635	1226.384139751997	-10.790026842961652	1504018.0582352458	116.424679271833	808.3130586002248	-2.677662865791945	653370.0007036505	7.169878422841129	863.6575865090006	792.0490556282933	1.214324	37.236504	0.1179294554914914	0.063558434210531	-0.127622387	0.0752040641	0.2661781783	0.1618960189	-0.1334175274	-0.0045690183	0.1955704231	-0.0397321387	-0.0648556609	0.2070240497	0.0930171096	-0.1910755169	0.0991666219	0.1427743551	-0.0587644658	-0.042184865	-0.2862746595	-0.0509243369	0.0545439014	-0.0841499708	0.0002788005	-0.0698844213	0.0009929715	-0.1492157728	0.0334177977	0.041808382	0.0459720846	0.0923388264	-0.1005102832	0.0782554794	-0.1173284866	0.1271205027	0.0520197959	0.0466495848	0.0738505569	0.0499104105	-0.0399487741	-0.0001189182	0.0514419614	0.0480890912	-0.0271566241	-0.0224651505	0.1580114837	-0.0578682073	-0.0559077969	0.0536661657	0.0862427631	-0.0741973255	-0.092550389	0.0842629923	-0.021009748	0.0200173938	0.0460623927	-0.1457806368	-0.0367406484	0.0452016794	-0.0035027909	-0.0763937113	-0.1630564184	0.1611580372	-0.0260826201	-0.0248621209	-0.1309308817	-0.1804511345	0.0960486215	0.0087478335	0.1650549026	0.1849990902	-0.2037603313	-0.1360699822	0.1205350845	-0.0259837154	-0.0771292827	0.0725998046	0.0386715089	-0.138838948	0.0865185502	0.013166913	-0.0281989444	-0.0026040151	0.021927467	0.0345959673	-0.147898236	0.1153122178	-0.0440667361	-0.0761616683	0.0358093095	-0.1773189118	-0.2790738343	-0.1149609222	0.0878766365	0.0303985889	0.06858802	-0.0242036095	0.0644123278	-0.0322049637	-0.0679514107	-0.0956963764	0.0210785383	-0.0848074119	0.0067189065	0.0943375793	-0.0372482335	-0.1014441759	0.2267831816	-0.1023395598	-0.0738330722	0.025017818	0.021933066	0.0422198004	0.0661832179	-0.1142514127	0.0731227308	-0.0151740128	-0.0462651033	-0.0622972214657551	-0.0097360071252411	0.0038809438023533	9.478983474274548e-05	0.0148527791936174	0.0370319224808496	0.0013713632826276	0.0002206050497743	-0.3586770446429526	0.0008311432131407	6.907990407498569e-07	0.1286492223538026	-0.0088249988144518	-0.0010461828128878	1.0944984779820385e-06	7.788060407507568e-05	-0.0009310640887394	0.0001647782908685	2.715188514154401e-08	8.668803373401294e-07	-0.0029361684350006	0.0001956465496887	3.8277572405132076e-08	8.621085078693872e-06	0.0	0.0	0.0	0.0	0.0
869.7076605673843	-0.0907026862857947	0.0082269772994592	756391.4148495926	1233.4891361299108	7.1049963779137215	1521495.4489505135	50.48097353016711	807.3546552018331	-0.958403398391738	651821.5392760708	0.9185370740488324	861.5905713442355	781.4807393783365	1.071006	32.841743	0.1106716453872328	0.0496635465066868	-0.1232167066	0.1302176228	0.1304598878	0.1277350997	-0.1278705591	0.0051009701	0.099937278	-0.0002622368	0.0812702411	0.0203017848	0.1663720482	-0.2337767598	0.0535702394	0.1262086921	-0.0519120806	0.0260702126	-0.1193268372	0.025608369	-0.0895971771	0.026636011	-0.0204835347	-0.0477936072	-0.04264582	0.1256961711	-0.0904718642	0.0723462295	0.1643199769	0.0683223634	-0.0662558623	0.0737391754	-0.12145072	-0.1560427713	0.14110151	-0.0411222049	0.0106551199	0.0971992609	0.0478468107	-0.0385663922	-0.0701299619	-0.0522041462	-0.1194704015	-0.0639690762	0.0104475617	0.0913030287	-0.0724056071	0.0497130892	-0.0084377807	-0.020786858	-0.004294698	-0.1268841118	0.1568932818	0.1395327686	0.0458643508	-0.1180856395	0.0372848365	0.0376386136	0.1040125944	-0.0411366975	-0.0965824915	0.0358291733	-0.0500050084	-0.0490644977	-0.1153218823	0.1218313112	-0.0199209189	-0.1731548341	-0.0995170109	0.1207209867	-0.131269654	-0.2037132955	-0.1516874646	0.0990608982	-0.144089173	0.006680509	0.0769726624	-0.0199641229	0.0470921261	-0.0322666304	-0.0317875722	0.0624663183	0.0730319858	-0.0445881003	-0.0237448969	0.0601170515	-0.0073581817	0.0759134088	-0.0282396233	-0.1496877213	-0.2351894943	0.008745273	-0.040136859	0.1016077045	0.1085888413	0.0772166971	0.1647770476	-0.1433466551	-0.0594905788	0.0747982302	-0.0059334791	0.0873783734	-0.0296463386	-0.0180552553	0.0212431731	-0.0819868665	0.1184154863	-0.0087930167	0.1006500685	0.1132470259	-0.069861186	0.0185127121	0.0157928446	-0.1157857731	0.0785907625	-0.0251860523	-0.033413395	-0.0668319932295702	-0.0045347717638151	0.0044665153190373	2.0564154949894727e-05	-0.0096113616539383	-0.0244641408475557	0.000598494187409	9.237827284279556e-05	-0.3266938466808256	0.031983197962127	0.0010229249518846	0.1067288694591147	-0.0083903443518522	0.0004346544625996	1.889245018577476e-07	7.03978783426581e-05	-0.0005258370016683	0.0004052270870711	1.6420899209612893e-07	2.765045523235077e-07	-0.0027822592883966	0.000153909146604	2.368802540837157e-08	7.740966747869155e-06	0.0	0.0	0.0	0.0	0.0
867.6004765389478	-2.1071840284365635	4.440224529698144	752730.5868906092	1221.4925380269035	-11.996598103007273	1492044.0204554065	143.9183660450777	807.0492687255098	-0.3053864763232923	651328.5221503802	0.0932608999211567	861.6235995822483	778.3537780440788	1.03977	31.883898	0.1887931655570689	0.1063742346840425	-0.1198773922	0.1730963874	0.120091737	0.1269080868	-0.0810103056	-0.1865593769	0.0686671764	-0.0345462981	0.1748740895	0.0037235406	0.1084266787	-0.1789702641	0.1976048391	0.1129499041	-0.0859188913	-0.0672411674	-0.1585384345	-0.1829714266	-0.0912915911	0.0131360482	0.0605365747	0.0877529637	-0.1522926386	-0.051338946	0.0442262342	-0.0317049602	0.0571865297	0.0840214306	-0.1548235725	0.0717991835	-0.0256561606	0.0836530886	0.1005865796	0.0369560134	-0.1154326823	0.0502617828	-0.0819241349	-0.025607763	0.0613227982	-0.0096800196	-0.1157528915	-0.0145195451	-0.0541099195	0.1354846942	0.0684129749	0.0007656534	-0.0309938594	0.1012140846	0.0201480132	-0.1225565236	0.1065159002	0.0050709363	-0.006283504	-0.1066055323	0.0127374822	0.128629409	0.0155585796	-0.139097895	-0.0877251703	-0.0355744605	-0.1673098177	-0.0114488164	-0.1768722409	-0.075937267	0.0095478886	0.147633494	-0.115678565	0.1755342161	0.0057053627	-0.1553882805	0.1107565782	0.0404997835	0.0599815928	-0.0972907485	0.1390135255	0.1461995817	-0.0348228014	0.0083147405	0.0017830887	0.0335546026	-0.0548222326	0.0021128632	0.1165167579	0.1052526844	-0.00229443	-0.0584850804	-0.1182989651	-0.1245597355	-0.2313944596	0.040808431	-0.0582852624	0.0295762269	0.1194808817	0.0637853259	0.104878024	0.0424298773	0.0421969693	-0.0997824883	-0.0294065424	-0.0620735593	0.0604477681	-0.0341771817	0.0944590423	-0.1009910563	-0.0309962013	0.0759614891	0.0308098885	0.0958604397	0.0051979347	0.1930852092	0.0484911813	-0.1172407796	0.0838433825	-0.0350428114	-0.0201956026	-0.0725077031973313	-0.005675709967761	0.0052573670229522	3.221368363814264e-05	0.0140709468736872	0.0236823085276254	0.0005608517371976	0.0001979915459221	-0.2401929273049532	0.0865009193758723	0.0074824090528711	0.0576926423273225	-0.0071027874865388	0.0012875568653133	1.6578026814156676e-06	5.044959007893216e-05	-0.0005436719409352	-1.7834939266900035e-05	3.1808505865401274e-10	2.955791793602476e-07	-0.0026289665392607	0.0001532927491359	2.349866693764203e-08	6.911465064552381e-06	0.0	0.0	0.0	0.0	0.0
869.672444139476	2.0719676005282963	4.293049737638985	756330.1600955301	1230.3526748407082	8.86013681380473	1513767.7044876856	78.50202435933782	806.7444389212336	-0.3048298042762098	650836.589730336	0.0929212095750724	859.3672552162644	764.6750016805091	1.05826	32.450893	0.0939725243477613	0.0587238108397082	-0.0587579583	0.21102096	0.0088878229	0.1296751613	-0.0052738249	-0.1139692139	0.0387115552	0.0581358036	0.1347077469	0.1934166039	0.1413403741	0.063250369	-0.0218556028	0.0419818581	-0.0328441141	-0.0495812314	-0.0807129775	-0.0850480496	0.0359002944	-0.0271034669	-0.0104658749	0.1894808735	-0.0575103247	0.1013975933	-0.0384792888	0.018053892	-0.1050230758	0.1902904594	-0.1598537993	-0.0656925147	-0.1006714692	0.0486474187	-0.1187833213	-0.0091584546	-0.0173877731	-0.0003529432	0.0493493545	0.0078344082	-0.0342960995	-0.0803267755	0.0304073805	0.0485112498	-0.0598374221	-0.1420737781	0.0826299283	0.0678514512	0.0734597835	-0.0208460219	-0.031309755	0.1623134266	-0.0934095776	-0.0040495966	0.158016823	-0.0245055799	0.1333434686	0.0648062913	0.0098214167	-0.1555324856	-0.0221114322	0.0630196063	-0.0643880723	0.0473966445	-0.1175763002	0.18613715	-0.1466976053	-0.0804835484	0.0252981869	-0.075408793	-0.0299952845	-0.0631444848	0.0104193315	-0.0389267644	0.1876568622	0.1471509586	-0.0663161107	0.1167459631	-0.0125533751	0.0447816144	0.0445749138	-0.0555158284	-0.0552880258	0.0430288801	0.0741695447	-0.0342440513	0.0485479471	-0.0148169654	0.0349099388	-0.0622567421	-0.2045525846	0.1018161713	-0.0727814058	-0.0817019491	0.149692317	0.1044457968	0.0342279515	-0.0331311847	0.0341084133	0.0543834937	0.0018297066	0.0896660465	-0.0221021087	-0.045133689	0.0689618738	-0.0920187138	-0.0683423073	0.1457004483	0.0010753633	0.0326588294	0.0097333014	0.0941048275	-0.0570842138	-0.1186154352	0.0888661936	-0.0446835199	-0.0067565429	-0.0682640021218929	0.0042437010754383	0.0046599739856977	1.8008998817676982e-05	0.0356850592033026	0.0216141123296154	0.0004671698517972	0.0012734234503432	-0.1861894837334006	0.0540034435715525	0.0029163719175858	0.0346665238529102	-0.006967846323416	0.0001349411631227	1.820911750493399e-08	4.855088238674188e-05	-0.0005659137179332	-2.2241776998000004e-05	4.946966440287621e-10	3.2025833614497745e-07	-0.002754008946563	-0.0001250424073023	1.5635603623954308e-08	7.584565277749044e-06	0.0	0.0	0.0	0.0	0.0
872.1379134046018	2.465469265125762	6.078538697279765	760624.5399977327	1224.8305581765096	-5.52211666419862	1500209.89624298	30.493772453020096	806.9671198328646	0.2226809116309596	651195.9324913488	0.0495867884047952	859.7893452545568	786.207650378375	1.054282	32.328915	0.11794037385371	0.0646660104530571	-0.0304925939	0.1501163614	0.1175093446	0.011072819	0.0180411133	-0.1068389417	0.1441507482	-0.1240657962	0.0134041438	0.1077755347	0.090016312	0.0215295097	0.0945286087	0.0066655676	-0.0855639426	-0.0494463702	-0.0214644701	-0.0438555002	-0.0746571507	0.0093380628	-0.1137727113	-0.0539209496	-0.0044727535	0.0647447329	-0.0457017519	0.0460883844	-0.1247145055	0.1432789534	0.0124911401	-0.1008382703	-0.01357146	-0.0140665802	-0.0275291255	-0.1987499139	-0.0166490792	0.1702026617	-0.1040557459	0.044862914	-0.0699083391	0.0168669063	0.0882170806	-0.0195822177	0.0909109836	0.0954608107	-0.0071225708	-0.0564787667	-0.1078480852	-0.1667990675	-0.1335038989	0.1195197044	-0.012065358	-0.034625347	-0.0764499839	-0.0019259654	-0.0642576366	0.1228215588	0.0006422213	-0.0954893565	-0.0856611592	-0.1152451264	-0.0664093598	0.0153074059	-0.0606922671	0.0397058419	-0.0468281147	-0.0149252639	0.0286958109	-0.0382165367	-0.0080441541	-0.0651499166	-0.0172820339	-0.054440735	-0.0695346346	0.1190887965	-0.0318960639	-0.0849124776	-0.1035678458	0.191719323	0.1336905905	-0.0677266536	-0.133058741	0.1443311768	0.037256816	-0.1210068275	0.0713493123	0.072741087	-0.0201488621	-0.0369807635	-0.1838902217	0.1086253317	-0.0638521097	-0.0409685584	0.0197767901	-0.0505796691	0.1058479552	-0.00897484	0.1034801125	-0.0280110292	-0.036976451	0.1057842746	-0.0477105283	0.0346929467	0.0498740837	-0.0120346313	-0.0992713077	0.0424135312	-0.1028182477	0.1470672725	0.0183650017	-0.0071995314	-0.1303168896	-0.1199087977	0.0936454286	-0.0540487397	0.0067565429	-0.0690525793590524	-0.0007885772371594	0.0047682587161382	6.218540589661088e-07	-0.0026715449503029	-0.0383566041536055	0.0014712290821963	7.137152421488924e-06	-0.1357270702451956	0.050462413488205	0.0025464551750545	0.0184218375973442	-0.0067152039843833	0.0002526423390327	6.38281514719139e-08	4.509396455187735e-05	-0.0005161472425967	4.97664753365e-05	2.476702067418463e-09	2.664079760401767e-07	-0.0024897621814374	0.0002642467651256	6.982635287934409e-08	6.198915720115919e-06	0.0	0.0	0.0	0.0	0.0
874.1420412049581	2.0041278003562866	4.016528240160928	764124.3082019706	1232.482653833608	7.652095657098471	1519013.4920007335	58.55456794538528	806.0410469043273	-0.9260729285372236	649702.169294624	0.8576110689695096	858.5067379550969	797.1619248513282	0.992457	30.433084	0.1102507047481055	0.0488676669072287	0.0270840779	0.1064203436	-0.002515314	0.104996078	0.0604275249	-0.0657913235	-0.0106540503	0.0072764038	0.1050495299	-0.0101416619	0.1008439848	0.0413956724	0.0993955803	-0.0292079544	-0.0587502921	-0.0024521347	-0.1619610329	0.0542743622	-0.0951947641	-0.0286566699	-0.0608339196	0.0752856271	-0.0661983279	0.096639428	-0.0063583796	0.0380499441	0.0758315071	0.0010745215	-0.1253234624	-0.0154315466	-0.0944360757	0.0125607766	-0.0132935103	0.1618845205	0.0852630218	-0.1430566048	-0.1170499241	0.0605554399	-0.0302831373	-0.1017536562	0.1405495265	0.0258983639	0.0270243888	2.61517e-05	-0.0588006908	-0.0540984756	0.0270386297	-0.1004714697	-0.0837232566	0.0164628824	0.0498187769	-0.2214705692	0.0031534701	0.0456442178	0.0847006198	0.0747402089	0.0925992129	-0.0469161619	-0.0445388205	-0.0311838082	-0.0245045076	0.1581588817	-0.1431979398	-0.033185932	-0.0410857547	-0.1424457063	-0.0743855989	-0.033462973	0.0710961405	-0.0900117234	0.0382631465	-0.0407339688	0.0771965102	0.0969956167	-0.1017841212	-0.0675887056	-0.0550134046	0.0625089796	0.0285531741	-0.0072432792	0.0440835072	0.001086186	0.0406924252	0.0753672933	-0.1595389265	0.0360601208	0.1673437953	0.0141409051	-0.1227242313	0.1363429749	-0.0280724828	-0.0597423945	0.019859903	0.0570912336	0.0604348813	-0.0720372391	0.0263491443	0.0208966067	-0.0226969991	0.1091615944	-0.0403313998	-0.0403757594	0.0138298431	0.0253725971	-0.0377047876	0.092661962	-0.1039562714	0.1490319821	-0.0277404979	-0.0753155113	-0.0859648457	-0.1211199807	0.098167988	-0.063080731	0.0201956026	-0.0430587860243463	0.0259937933347061	0.0018540590538904	0.0006756772919274	0.0083473820700419	0.0110189270203448	0.0001214167526796	6.967878742325699e-05	-0.1092110479679959	0.0265160222771996	0.0007030994374049	0.0119270529982679	-0.0062501152856173	0.0004650886987659	2.1630749771985085e-07	3.906394108350703e-05	-0.0008880334344156	-0.0003718861918189	1.3829933966556373e-07	7.886033806399658e-07	-0.0023922978297052	9.74643517321996e-05	9.499299858577916e-09	5.723088906012211e-06	0.0	0.0	0.0	0.0	0.0
874.2767108998346	0.1346696948764929	0.0181359267181277	764359.767221833	1229.2060785512456	-3.2765752823625007	1510947.583547331	10.7359455809889	806.6431252037679	0.6020782994405636	650673.1314385016	0.3624982786572409	858.2481027484614	800.9221403366294	0.8949249999999999	27.442324	0.0646634687866202	0.031756660012376	0.0467320142	0.069735925	0.0269036403	0.0693569724	0.0537460061	-0.1086145233	0.0325981932	-0.0484721204	0.0705862813	0.0040205543	-0.0323366041	0.0046340813	0.1749596714	-0.0547170191	-0.0233893429	0.0107953492	-0.1005528695	0.0422920341	-0.0003129502	0.0808582614	-0.0710559634	0.0547804216	-0.18213591	0.0210006754	0.0453222399	-0.1157100183	0.0607924614	-0.0148807893	-0.0412962837	0.00653504	0.039496932	-0.0317362914	0.1739302953	-0.0177437271	0.0533659326	-0.0328670246	0.0149767636	-0.0403105864	0.0849433924	0.1015079924	0.1190288044	0.0946359661	0.0865521382	-0.0616945067	0.1040129236	-0.0282489209	-0.0675284661	0.0862809182	0.0591225887	-0.0868984678	-0.0426113078	0.1393208578	0.0677823627	0.0519927617	-0.017949037	0.1067341411	-0.0123397604	-0.0992670327	-0.0398829389	-0.0893928809	-0.0313882155	0.0417239815	-0.0417185166	-0.0597322544	0.0513551341	-0.0399133214	-0.1180633257	-0.0523594064	-0.012615642	-0.1313271452	0.0265136903	0.0087465474	0.1006161151	-0.0685937609	0.1067981566	0.0609360604	-0.0478919105	0.0791240952	-0.1312943105	0.062744756	0.065116515	-0.0456511277	0.0521384577	-0.1136739834	0.1440353044	-0.0152960308	0.0197752932	0.0236122824	-0.1113217545	0.1063771766	-0.0399087862	-0.0589340957	-0.0596299292	-0.0697429343	0.0364943499	-0.0515094239	0.0472472698	0.0795946836	0.048198863	0.0492451788	0.0557450899	-0.0195496587	0.0817336201	0.0049630908	-0.0607356615	0.0209301879	-0.0066129405	0.1858745374	-0.0049757283	0.0443676673	-0.1379197704	-0.1222481541	0.1024214758	-0.0717238087	0.033413395	-0.0391575841500184	0.0039012018743278	0.0015333163964657	1.521937606425948e-05	0.0183234614805769	0.009976079410535	9.952216040530036e-05	0.0003357492406301	-0.0973866574950435	0.0118243904729524	0.0001398162100568	0.0094841610580569	-0.0066759401505653	-0.0004258248649479	1.8132681560798202e-07	4.456817689392984e-05	-0.000847068915762	4.09645186536001e-05	1.6780917885211502e-09	7.175257480502101e-07	-0.0020798512727307	0.0003124465569745	9.762285096521949e-08	4.325781316679513e-06	0.0	0.0	0.0	0.0	0.0
879.1681254605002	4.891414560665567	23.92593640429112	772936.5928257297	1234.258037529617	5.051958978371431	1523392.9032064616	25.522289519147712	806.9625638345847	0.3194386308167622	651188.5794304862	0.1020410388580877	858.3967568995589	813.6301192033815	1.050179	32.203083	0.2885776385432856	0.1311315263145521	0.136737569	0.0268398721	0.0085231973	0.0364234962	0.1493318189	-0.0199820088	-0.0055062112	-0.0462873219	0.0166173835	-0.0583184267	0.106440641	0.0079942305	0.0800993429	-0.1035600528	0.0408591358	-0.0280326348	-0.0380920396	0.0744072874	0.0542192913	0.0438875295	-0.0684600134	0.0018198829	-0.0992360281	-0.064837535	-0.0210070713	-0.0270951208	-0.0333263869	0.1162961977	0.1880267209	0.016112808	-0.0554133928	0.0447468107	0.0449250532	0.0533543947	-0.1588453441	-0.0775350052	-0.0230719185	0.1035378365	0.0390380724	-0.0063512488	0.0104427724	0.1878153832	0.0539687278	-0.0072842845	0.0525018012	0.0016804588	-0.0232207022	0.0660722664	0.1816301618	0.0021357974	0.0193729505	-0.177501085	0.0025333982	0.1294807948	0.0362739919	0.034825599	0.0322835425	0.0377414366	-0.0650508181	-0.0547346079	-0.0084219484	0.0629919355	0.0009745464	0.0182453952	0.0930811322	-0.1101081888	0.0163788444	0.0426594683	0.0955376357	0.000748644	0.0349152039	-0.1055037884	-0.0468951333	0.0505897376	0.1797808051	-0.0037246432	0.0289202803	-0.1516659951	-0.0064915484	-0.0559545922	-0.0018760654	0.0228458618	0.1479445434	0.023711452	0.0890747954	-0.0397747627	-0.0196393567	0.120878159	-0.0361951511	0.096167217	-0.0121544419	-0.064296062	-0.1137358799	0.0005385896	-0.0554422315	-0.0667881906	-0.0081678586	-0.0765025123	-0.0932533304	0.0931439525	-0.0015650834	-0.0915450511	0.0616427591	0.0660206482	-0.0234184127	0.0843019245	-0.0407774263	0.0119693876	-0.0677227309	0.027503638	0.085353198	-0.1232925447	0.1063942335	-0.0799246852	0.0462651033	0.0110082247555283	0.0501658089055467	0.0001211810122682	0.0025166083831478	0.0380135301541599	0.0196900686735829	0.0003876988043704	0.0014450284747812	-0.0141573845585725	0.0832292729364709	0.0069271118735335	0.0002004315375393	-0.0055872332225181	0.0010887069280472	1.185282775177971e-06	3.1217175082809995e-05	-0.0005218140359382	0.0003252548798237	1.0579073684919455e-07	2.722898881021131e-07	-0.000783963320048	0.0012958879526827	1.6793255859081605e-06	6.145984871806828e-07	0.0	0.0	0.0	0.0	0.0
876.6239777833007	-2.544147677199476	6.472687403399488	768469.5984246169	1228.0966239553984	-6.161413574218614	1508221.3177706471	37.96301723256539	806.7704552041945	-0.1921086303901802	650878.5673903832	0.0369057258703908	857.4095970196912	814.9819070695692	1.012382	31.044065	0.0524725492646767	0.0279426605147791	0.1390093965	-0.0102033913	-0.1172609723	0.1125772837	0.1163037579	0.0216827586	0.0013081764	0.0896906355	0.0388205252	-0.0741789663	-0.0745780681	-0.1378505706	0.0583125265	-0.1197872172	0.066448843	0.1767220767	-0.1152579313	-0.0894749323	-0.0542487693	0.0763192877	-0.0394739559	-0.0119400382	0.1877737114	0.1430648017	0.0115716739	0.1604248286	0.0138661259	-0.0633053612	0.0449552788	-0.1446362564	-0.0625777796	-0.0957094728	-0.0086867585	0.02766526	-0.1877616583	-0.0594701933	-0.030683832	-0.0920797745	0.0241411193	-0.0870642378	0.1096425286	-0.0877546503	0.0091388807	-0.0635241783	-0.0857440403	0.04382876	0.0258300819	-0.2244068656	0.0756282406	0.052971851	0.0936083768	-0.003111452	-0.0234023079	0.131783624	-0.0062807369	-0.1047817516	0.0903843918	-0.0615274241	0.0369384998	-0.0098695141	0.0220893381	-0.0658843709	-0.1158092864	-0.0499528496	-0.0964184621	-0.0081911859	-0.0650395411	-0.1713418808	-0.0943156286	0.1291871724	-0.1977028863	0.1525673015	-0.1518301644	-0.0165490338	0.0061301605	0.0316480141	0.0202541895	-0.0300795375	0.0035299712	-0.0954453145	0.0924218511	0.1077089516	0.1462353342	0.1855192515	-0.0702814837	-0.1884719329	0.0165844471	0.1269166144	-0.0295087269	0.0669392051	-0.0150360103	-0.048417994	-0.1826832268	0.0078158763	-0.0453430836	0.0081365071	-0.1309634962	-0.0451197404	0.1310754602	0.0454892927	0.0121421398	-0.1669796061	0.1344646414	0.0627746239	-0.1221318139	-0.1135020702	0.0295501879	0.0523701378	-0.0321860714	0.1766893675	0.0664862887	-0.1242524367	0.1100753719	-0.0876327994	0.0586099215	0.0002323414384335	-0.0107758833170948	5.3982544013347884e-08	0.0001161196612636	0.0339520416312097	-0.0040614885229501	1.649568902205619e-05	0.0011527411309273	0.0106145053807793	0.0247718899393518	0.0006136465311673	0.0001126677244785	-0.0055458184333805	4.141478913759992e-05	1.715184759311864e-09	3.075610209602294e-05	-0.0006917045012804	-0.0001698904653422	2.8862770214189266e-08	4.784551170915669e-07	-0.0008299238152738	-4.5960495225799984e-05	2.112367121400783e-09	6.887735391586204e-07	0.0	0.0	0.0	0.0	0.0
877.7185084882502	1.094530704949534	1.197997464077324	770389.7801428386	1238.5838920218046	10.48726806640616	1534090.0575758812	109.98279149666236	806.6186626511692	-0.1517925530253023	650633.6669371607	0.0230409791539392	860.2678953052241	823.6791093618418	1.03597	31.767391	0.0750323173002356	0.0372999925988258	0.1315024275	0.0186573077	0.0352193802	-0.0438778232	0.1488876746	0.0460943668	-0.0643665158	0.0544259641	0.185450921	0.0770177996	-0.0053673612	0.0349588055	0.012548373	-0.1387589104	0.0660430636	-0.0845093786	-0.0138830512	-0.0135993158	-0.0061064718	-0.0988273431	-0.0895664591	0.1644372839	0.0055442898	0.0020848957	-0.0581415883	0.0194784701	0.1534561862	0.0412347245	-0.0746378905	0.0174321937	0.0974676375	-0.0782154793	-0.1619815617	-0.1358551914	-0.0076073768	0.1279423653	0.179366731	-0.0466713222	0.043771343	0.1147214652	0.0567715642	-0.0517950605	-0.0901053689	-0.0142295537	0.0606192297	0.0302726276	-0.1339776127	0.0761884043	-0.0164999347	0.0410049377	-0.0107465345	0.0073363389	-0.0785209622	0.1262703802	0.0815022769	-0.0448236545	-0.1055466101	-0.0455759438	0.1457086772	-0.0044575673	-0.1020705884	0.0056372764	-0.0707050268	-0.029572338	-0.0667007782	-0.0442780485	-0.0374150157	0.0502332105	-0.0250878374	0.0110834782	-0.0208205947	-0.0291296835	0.0036703252	-0.1255028452	-0.0565870874	0.1181292436	-0.0449079151	-0.0346025566	0.0017012016	0.0418210167	-0.1488791501	0.1309484005	-0.0503062748	-0.1339442577	-0.0377725397	0.0727208193	0.0604317672	0.1420764692	-0.0037965147	0.0864945171	-0.0122144349	-0.0529424848	-0.1372698183	0.0536002798	-0.0737011119	-0.0145079249	0.0848476284	0.0722424332	-0.1140773166	-0.0729244415	0.0833742859	-0.1084959597	0.0335804596	-0.0055627174	-0.0180515987	-0.0285524445	0.0740371307	0.0301212135	-0.0891134178	0.0402051319	0.1236793071	-0.1251271724	0.1134548014	-0.0948006283	0.0703125971	0.0147557152930488	0.0145233738546153	0.0002177311338095	0.0002109283881209	0.004506507001551	-0.0294455346296587	0.0008670395096264	2.0308605355028182e-05	0.0225678606014909	0.0119533552207116	0.0001428827010325	0.0005093083321283	-0.0054682089543496	7.76094790309002e-05	6.023231235447738e-09	2.9901309168429143e-05	-0.0005221040094567	0.0001696004918237	2.8764326826840946e-08	2.7259259669076185e-07	-0.0006949327142234	0.0001349911010503	1.8222597362799284e-08	4.829314772979018e-07	0.0	0.0	0.0	0.0	0.0
875.6377139936557	-2.0807944945945565	4.329705728735016	766741.4061680351	1227.8692582427475	-10.714633779057069	1507662.915337595	114.80337701931072	805.8902468867309	-0.7284157644382958	649459.090027156	0.5305895258822269	857.8467871850942	809.6653950547169	0.990538	30.374258	0.0631122926379681	0.0337029817164086	0.1401082615	0.0033716926	-0.0453379036	0.0259790594	0.1315054624	0.0446045279	0.0199576358	0.0117884432	-0.0137285522	0.0434693898	0.11561319	0.0642875992	-0.0541976882	-0.1422388634	0.0252625083	0.1164658071	-0.0023861892	0.065202976	-0.0472918694	-0.2781877711	0.0877567671	-0.0489208235	0.0330229159	-0.0829015407	0.0093573883	0.1083334347	-0.0536481567	-0.0336464573	0.0645179259	-0.0679593381	0.2315854515	0.0769909984	0.0429257786	-0.1351752667	-0.0487255677	-0.0604663524	0.1211802372	0.0418755851	-0.1891917032	-0.0542034956	-0.0891229964	-0.0476315289	-0.0653788885	0.1023578891	0.0421987241	0.0644136787	-0.0424745386	0.0589533272	0.2079232218	0.0144844126	0.0592972694	0.1417175602	0.1384109273	0.1296989876	0.0011542008	-0.0452134143	0.0555093565	0.0530432052	0.0010117507	0.0945626651	0.0226014643	0.2301269684	-0.041323829	0.0254038082	-0.0486326431	0.1214756089	0.0166948311	0.0014839473	-0.0827113689	0.1984464038	0.0172468891	-0.047866701	-0.140988919	-0.1252305192	-0.0827038587	0.0001283333	-0.060832923	-0.1296735856	-0.0908376692	-0.0706989215	-0.0694445567	0.1127837153	-0.1417820633	-0.0824377786	0.0428402317	0.0775683662	-0.0171192898	0.1491148487	0.0061673068	0.0325088565	0.0064817553	-0.1166340155	-0.1246685752	0.0651218926	-0.1536825501	0.0472345161	-0.0076989447	-0.1136914082	-0.0520621814	-0.0147766902	0.0270228792	-0.0767678953	-0.0166960903	-0.0613330063	0.0562579068	0.0804122952	-0.1378713281	-0.0397878291	-0.1008026899	-0.0358456414	0.0505021863	-0.1259161521	0.1165232592	-0.1013839798	0.0812449131	0.012285254023638	-0.0024704612694107	0.0001509274664253	6.103178883658818e-06	0.012180496376871	0.00767398937532	5.8890112932524254e-05	0.0001483644919869	0.0372614863948683	0.0146936257933774	0.0002159026389558	0.0013884183683549	-0.0051958317772668	0.0002723771770827	7.418932659559481e-08	2.6996667857655477e-05	-0.0005199233578876	2.1806515690999534e-06	4.755241265818089e-12	2.703202980771174e-07	-0.0011858592095687	-0.0004909264953452	2.410088238320188e-07	1.4062620649189016e-06	0.0	0.0	0.0	0.0	0.0
878.0292588109351	2.391544817279396	5.719486613055939	770935.37932808	1241.9061065673827	14.03684832463523	1542330.7775293554	197.0331108888149	808.0952950892694	2.205048202538478	653018.0059454134	4.862237575518173	860.4796245991622	814.8617103788182	0.963829	29.555227	0.0511510850512972	0.0260348491551572	0.1472719434	0.0251550387	-0.0740207659	-0.0034549562	0.1797399173	0.0586680716	-0.0300572573	0.0355471024	0.0249861841	0.1151917211	-0.1707282655	0.0821558098	-0.0326634994	-0.1519154758	0.0889176215	-0.0700575626	0.027237323	-0.1018278381	0.0862244702	0.0033071177	0.0161200785	-0.0151417674	0.0122119343	-0.1020808566	0.0553516363	0.0825948991	0.0041987392	0.0547777645	0.0146071872	0.0164399695	0.1640152139	-0.0010046362	0.0935354905	0.0046936383	-0.019423307	-0.0559303907	-0.1383181733	-0.0053080876	0.1519385738	0.0811070201	-0.0749767076	-0.1488164364	0.0245862156	0.1571637464	-0.15689889	0.0799629724	0.2098671606	0.0881024342	-0.0711989519	0.2123624584	-0.0239313674	-0.1177890091	-0.0411043086	0.1534510637	0.0322328213	-0.0499601955	-0.1193209161	-0.0956800314	0.0271253036	0.030977446	0.0783346062	-0.0120660932	0.095167076	-0.0267451687	0.0640657435	0.0619841891	0.0991407338	0.0523613507	-0.0458608554	0.0395332863	0.0315108782	-0.0486794293	-0.0289829342	-0.1595168853	0.0368859179	0.0605982332	-0.026614008	0.1757227871	0.0791860654	0.0027836556	-0.1278231713	-0.0484801959	-0.140116605	0.2505939998	-0.0011544653	0.1043814823	0.0092348338	0.1617610124	0.0198111809	0.0185011229	-0.0126796756	-0.1368799754	-0.1310618209	0.0113883028	-0.1817197768	-0.0254049629	-0.0612761874	0.0623183481	0.0110396124	-0.0567358114	-0.0076737724	0.0724801395	-0.0076232862	-0.0332583527	0.013150749	-0.011171495	-0.0465870666	-0.0351106805	0.0095974851	-0.1223333421	-0.0075820579	-0.1266188352	0.1192723348	-0.1073422654	0.0912870929	0.0169071416873549	0.0046218876637168	0.0002858514400362	2.1361845576018456e-05	0.0016318687761867	-0.0105486276006843	0.0001112735442579	2.662995702693078e-06	0.0484666760236294	0.011205189628761	0.0001255562746164	0.0023490186847794	-0.005411269808751	-0.0002154380314841	4.64135454097871e-08	2.9281840943100084e-05	-0.000521050466963	-1.1271090753999348e-06	1.270374867848896e-12	2.714935891223603e-07	-0.0009069167469656	0.000278942462603	7.780889744308181e-08	8.224979859266661e-07	0.0	0.0	0.0	0.0	0.0
876.9349531303669	-1.0943056805681408	1.1975049225237018	769014.9120217588	1231.5478539638832	-10.358252603499524	1516710.1166030462	107.29339699790464	806.6605476462711	-1.4347474429982867	650701.239128982	2.058500225190122	858.388733624963	818.5850513232142	1.040982	31.921089	0.1125656350960274	0.0674347039925558	0.1573681306	0.0186468234	0.0415246652	-0.1818537925	0.1778720157	0.0316404887	0.0906662525	-0.0388998664	-0.1307301413	-0.0447354272	0.0140418934	0.0287278218	-0.0702150378	-0.1556602538	0.0250507929	0.0815943857	0.1410896199	-0.0202831503	-0.1012987145	-0.0943646126	-0.029410789	0.0702625018	-0.0756675908	0.013502672	-0.0485692961	0.0259160947	-0.0714725133	-0.0880539274	0.1100229257	0.1599104895	0.025978669	-0.119868185	-0.0859953078	0.0090960286	0.0318075137	-0.1506902424	0.0718108014	-0.0730589833	0.0668054543	-0.0525734381	0.0684291585	-0.1631602138	0.0340466269	-0.078452321	0.0307339999	0.1110295041	-0.186913944	9.29706e-05	-0.1567549568	0.0339760634	0.0401529913	-0.1200883223	0.0050093851	0.1628089512	-0.1240395763	-0.0422063316	-0.0095865242	0.0910656124	0.0354249409	-0.0481182151	-0.0073447013	-0.0374625018	-0.0011852004	0.0510437873	-0.0187746197	0.0760572454	0.054734607	0.0743660893	0.0267842841	0.0166225481	-0.0972420849	0.0166985464	-0.0133163914	0.0692933214	-0.0211230522	0.1006677668	-0.1541445028	-0.0536986185	-0.0412396546	0.2220766723	0.0194375492	-0.1097637677	-0.0803648393	-0.068484228	-0.0424699218	-0.0073097275	0.0546799769	0.1917270062	0.0315207172	-0.0287750178	-0.0630541652	-0.0458544531	-0.2491237362	-0.1182462419	-0.1207314014	0.0325190062	0.00102791	-0.06426691	-0.1349108621	-0.0455183583	-0.032068328	0.0333812984	0.0279762673	-0.0226683618	0.0309412321	-0.0922818556	0.0797046075	-0.0131677214	0.0237449753	-0.1024410559	0.0826834325	-0.1272347401	0.1216944932	-0.1126387502	0.1003291122	0.0383972274352402	0.0214900857478852	0.0014743470747135	0.0004618237854514	0.0015530320000038	-7.883677618290017e-05	6.2152372789126955e-09	2.411908393035803e-06	0.0978395073339086	0.0493728313102792	0.0024376764715932	0.0095725691953419	-0.0054110751348743	1.946738767003367e-07	3.7897918269537903e-14	2.927973411525492e-05	-0.0006090654955417	-8.801502857870005e-05	7.746645255709388e-09	3.709607778594566e-07	-0.0001626488241874	0.0007442679227781	5.539347408765766e-07	2.6454640009543754e-08	0.0	0.0	0.0	0.0	0.0
879.9722570503603	3.037303919993405	9.225215102407308	774351.1731783054	1242.410548776095	10.862694812211885	1543583.9717101178	117.998138583255	807.5983731036254	0.937825457354279	652215.1322396225	0.8795165884617626	861.2095235763521	823.2019393840666	1.115669	34.2113	0.2105115759377646	0.129364842212712	0.1124725195	-0.0006226379	-0.1155124952	0.0002798317	0.1056684102	0.0745567755	-0.1015993247	0.0114491655	0.0045630932	-0.1321704475	-0.0623295637	0.0580311768	-0.1391807307	-0.1462932829	0.0908998927	-0.0077783496	0.0573617995	0.1183269482	0.0383759227	0.1565173504	0.0920285602	-0.0110027479	-0.0741551601	0.0606958497	0.0583718308	-0.0373581171	-0.0144132135	-0.0653161267	-0.0086722714	-0.1070427606	0.0784087908	-0.0062435715	-0.1644248665	0.0125001006	0.1110489843	0.0271542033	0.1026610648	0.1664606357	0.0625875585	0.0317218826	-0.1070619173	-0.0302452907	-0.1514296856	0.157325826	0.0157207116	-0.1262346264	0.0428740678	-0.0288774939	-0.007122631	-0.0308673711	0.0376375463	0.0984344827	0.0152473812	0.1264547903	0.0973467127	-0.0178708782	0.0572631976	0.069040645	-0.0061800861	-0.1015232402	0.1033931476	-0.0553981064	0.0371022516	0.0462204163	0.1312650457	-0.0906059604	-0.0175863507	-0.0163100772	0.1211447047	0.1496479474	-0.0601830319	-0.0910343709	0.101580097	-0.0213469624	-0.0437387966	-0.0269771356	0.0887491282	-0.0568077895	0.0008713528	-0.1439905652	-0.1718438103	-0.09341262	-0.1138730442	-0.0810037502	-0.1934954462	0.1164305566	-0.0819384798	0.130723602	0.070169999	0.0808102811	0.0102164548	0.068985384	-0.1589851049	0.0171667065	-0.0014505351	-0.0553530927	-0.1178719887	0.0856782672	-0.0165689503	0.0416606131	-0.0689972741	0.1027808414	-0.0166787034	0.0538381972	0.027953034	-0.0553772744	0.0316382287	0.0519332924	0.1385535705	-0.1049778783	-0.1226644633	-0.1277634447	0.1237830955	-0.1172407796	0.1082719048	0.0202444772646401	-0.0181527501706001	0.0004098388597185	0.0003295223387562	0.002059558957697	0.0005065269576931	2.565695588699288e-07	4.241783100229952e-06	-0.0244643669751027	-0.1223038743090113	0.0149582376709944	0.0005985052514924	-0.0060668172500335	-0.0006557421151592	4.299977215934625e-07	3.680627154530405e-05	-0.0006589339221239	-4.9868426582200015e-05	2.486859969784273e-09	4.3419391372558606e-07	-0.0008480067724552	-0.0006853579482677	4.6971551725384846e-07	7.191154861298853e-07	0.0	0.0	0.0	0.0	0.0
880.7134787318043	0.7412216814440171	0.549409581042696	775656.2316198763	1239.331302079998	-3.079246696097016	1535942.076315303	9.481760215424387	809.9614743189582	2.36310121533279	656037.5898809403	5.58424735390731	865.0085393399169	838.5307526469915	1.317939	40.413792	0.3127599727839015	0.2093715258550095	-0.0128675105	-0.2054951825	-0.0399957788	-0.0363457594	-0.0467948217	0.161131973	-0.2126441272	-0.1768591656	0.0380709113	-0.0982518578	0.0759270466	-0.0088392676	-0.0281694762	0.0511020262	0.140542347	-0.0846486367	0.0825427155	0.1082797235	-0.0594488341	0.00832226	-0.0227402802	-0.0742549886	0.184174868	0.0242720154	-0.057055148	-0.0978471159	-0.0697218294	-0.0838270004	0.0464556427	-0.0063650224	-0.1434232452	0.1106065744	0.0228117729	-0.0184514003	-0.0026212749	0.1641106311	-0.0464131799	0.187859174	0.0729813019	0.1540363429	0.0555838448	0.0607834274	0.0129814909	-0.0648655863	0.0206233746	0.212929471	-0.1157241789	0.060826182	-0.1195140068	0.0115244731	-0.0569260279	0.0375725193	0.0398172288	-0.0605067755	0.0872181461	-0.069461321	-0.1003287944	0.1595701776	0.0359084776	-0.2039817696	0.0775169667	-0.0270924423	-0.0304580947	-0.0405747798	-0.0726562223	0.1182192741	0.1110595327	0.0069887573	-0.1274000896	-0.016852554	0.0824879558	0.0813973052	0.0146403804	-0.0538629687	-0.0286590177	-0.0503122129	0.0630816984	-0.0027268601	0.1495907371	0.0164839265	0.0159831714	-0.107988416	-0.0144780572	-0.1269272819	0.0909834968	-0.0096668959	-0.0883124274	-0.0108842461	0.1806581267	0.0701071184	0.0730646455	0.2273987694	-0.0124507253	0.1306624117	0.1533477087	0.004692808	0.0946618244	0.0336092758	0.0446848399	-0.0473638558	-0.0265107314	0.1342927225	0.0035201686	0.0126700726	0.0179628089	-0.0863197825	-0.0319468911	-0.1352368443	0.0546648645	-0.0573567387	0.0526716395	-0.1282045865	0.1255324169	-0.1211199807	0.1150284477	0.0066743159952693	-0.0135701612693707	4.454649400470763e-05	0.0001841492768767	0.007506091158234	0.005446532200537	2.9664713011486424e-05	5.634140447571863e-05	-0.2162876806208586	-0.1918233136457559	0.036796183658038	0.0467803607883505	-0.0048910365232568	0.0011757807267767	1.3824603174595449e-06	2.392223827183197e-05	-2.2373361606042863e-05	0.0006365605605178	4.052093472068085e-07	5.005673095547527e-10	-0.0010740647985254	-0.0002260580260702	5.1102231150755295e-08	1.1536151914314085e-06	0.0	0.0	0.0	0.0	0.0
880.2439487293525	-0.4695300024518474	0.2204584232024318	774829.4092746429	1243.207923914175	3.876621834176831	1545565.942082993	15.028196845216536	812.3881845459365	2.426710226978344	659974.5623898426	5.888922525721284	866.549865816048	823.2375305824936	1.30196	39.923813	0.1687007572502261	0.0737394376103572	0.021028186	-0.0876108442	-0.1420501508	0.1501536496	-0.0065649818	0.1403980318	-0.0809982696	0.1072740008	0.1158976279	0.1507893634	-0.0107152245	0.1340084949	0.0238059682	0.0779299895	0.2734119225	0.0426420237	-0.0149645144	0.080004266	0.174982519	0.0855828995	0.0436796875	0.0870648759	0.0955647152	-0.0425961753	-0.1435535169	-0.223423523	-0.1222750009	0.0176234743	-0.0730515271	0.0341628573	-0.034547152	-0.0638263186	-0.1710545968	0.1675279598	-0.1356996283	0.0745623492	-0.1108305926	-0.2321514599	-0.0947228	0.0292520147	0.0626483831	0.0817184998	-0.0504108585	-0.0039433113	-0.1967180722	-0.1224922269	-0.0612765884	-0.0875111853	0.0263488433	-0.1281350503	-0.0277732617	0.1501326153	-0.1560433761	-0.0397738402	0.2525259415	-0.2120101327	-0.0382719961	-0.1105555873	-0.0331811853	-0.0853773395	0.0370607623	-0.0293916472	0.0953848925	0.0436876714	0.0299844208	0.0351822253	0.1853458211	0.04737007	0.14231885	0.0703160795	-0.0309063263	-0.1019210397	0.0855410567	-0.0222978864	-0.0211167201	-0.1563486797	0.1807203151	0.1140805589	-0.0554820391	0.1582610965	0.1441886142	0.0759393564	0.0998299272	-0.024200294	-0.0203416569	-0.2339387423	-0.0322024752	0.0181651986	0.1014758777	0.0109011618	0.1023311892	-0.0748153177	0.1840897302	0.269524132	0.0148845968	-0.030247797	-0.1915618248	0.0033544701	-0.0150821724	-0.2325147483	-0.0162501244	0.1533892609	0.0052097251	0.1705401951	0.0278858489	-0.1698084724	0.121967245	-0.1431518089	0.0138376523	0.108622014	-0.0255301666	-0.1285578634	0.1269376627	-0.1242524367	0.1205247148	-0.0100086500856519	-0.0166829660809212	0.000100173076537	0.0002783213572571	0.0467013464346308	0.0391952552763968	0.0015362680361819	0.0021810157588074	-0.2349483086990389	-0.0186606280781803	0.0003482190402721	0.0552007077605388	-0.0059169115348347	-0.0010258750115779	1.0524195393799564e-06	3.500984211105993e-05	-0.0005177562215843	-0.0004953828599782	2.454041779602376e-07	2.680715049892508e-07	-0.0014360450832638	-0.0003619802847384	1.3102972653929313e-07	2.0622254811661344e-06	0.0	0.0	0.0	0.0	0.0
868.4312446407412	-11.812704088611326	139.53997788509474	754172.8266682668	1231.3830517878298	-11.8248721263451	1516304.220230309	139.8276008044133	803.5867046052691	-8.801479940667377	645751.5918183561	77.46604914597022	862.929404867571	821.3476747691517	2.305947	70.710464	0.5365337839437699	0.3845106009250898	-0.2002350109	-0.2924090885	0.024113376	-0.3579850462	-0.148280822	0.2123354535	0.2248736824	-0.4083960741	-0.0543891142	-0.2211433717	-0.2617070233	-0.0278020905	-0.1223284833	0.1541785845	-0.2919340754	0.0916859836	0.4730710168	-0.0990811049	0.0471999355	-0.1015191567	-0.149073015	-0.0666979083	-0.0895789741	-0.0651555584	0.0682703459	-0.0418618802	0.0219968054	-0.1415834171	-0.0383913336	-0.0031898155	-0.068625665	-0.0903838218	0.0986322114	0.0658618815	0.1736161445	0.0285756232	-0.0816027736	-0.1425980131	0.0468513099	-0.0702895971	-0.0471889023	-0.0442419221	-0.0184298261	-0.0366057474	0.0226805835	-0.0639591644	0.1113034966	-0.0734132653	0.0346548005	-0.0191686097	0.0470081302	0.0203231315	0.065451179	-0.1926132865	-0.5626743366	-0.0237986233	-0.2456368787	0.0935043827	0.2128568889	0.027534754	0.2988586546	0.1611813454	-0.1077595453	0.084179983	0.0409014976	0.1058775804	0.0640487842	-0.0419594418	0.0846014814	-0.1290649421	-0.0734407915	0.0253861631	0.0747164078	0.13329885	-0.0206991509	0.097147076	0.0253853606	-0.1237227738	-0.0191364346	0.0133189217	-0.0240476193	0.008238134	0.0108181919	0.0359487542	-0.0596248338	-0.0510070937	0.0934189907	-0.202789988	0.3058006439	-0.4587246398	-0.1440096888	-0.1482849923	0.0021141077	-0.1952172969	0.0976127865	0.0823995913	0.2834788976	0.0041517733	0.1442661476	0.2038676728	-0.0204822482	-0.3889870667	-0.0904820617	0.0791493583	0.1525181436	-0.0522416279	0.0675038175	0.0487438582	-0.0144867567	0.0205792432	0.0052186831	-0.1288230331	0.1279949812	-0.1266188352	0.124700488	-0.0159670488911984	-0.0059583988055465	0.0002549466502939	3.550251632593797e-05	0.0667763120012523	0.0200749655666214	0.000403004242501	0.0044590758444885	-0.5983099232733409	-0.3633616145743019	0.1320316629460435	0.357974764287351	-0.0045948874942233	0.0013220240406114	1.7477475639544931e-06	2.111299108456968e-05	-0.0002590733956071	0.0002586828259772	6.691680445555035e-08	6.711902431139295e-08	-0.0027981143166212	-0.0013620692333574	1.855232596458816e-06	7.829443728880526e-06	0.0	0.0	0.0	1.0	0.0
868.1436661042729	-0.2875785364682315	0.0827014146372099	753673.4249969673	1225.9577543915295	-5.425297396300266	1502972.4155527218	29.433851838302445	803.3169081951266	-0.2697964101424759	645318.0549921775	0.072790102925767	859.7622853546717	794.123656994982	1.868153	57.285782	0.3429552593270683	0.2701549722473527	-0.1853924857	-0.0348484084	-0.1403679986	-0.1440665266	-0.3378873298	-0.2404257177	-0.1774050874	0.5017282928	-0.4563643098	-0.1071835533	-0.0316260471	0.0535382734	-0.0426901535	0.1105205826	-0.3143835848	0.0216305626	0.0637609206	0.100849034	-0.032036853	-0.1406360919	0.064239354	-0.044515072	0.1619996295	-0.0203402725	0.0609666213	-0.0236211544	0.1067388405	-0.0273055129	0.1159979311	0.0672642789	0.0762218516	0.1455491714	-0.0707239851	0.0871124761	-0.0432995982	-0.0830121415	0.0446415354	-0.1278814493	-0.1277379653	0.0492296409	-0.2464331312	0.1511507846	0.0346611673	-0.0758093892	-0.0070505937	0.0130250703	-0.020844165	0.0772003698	-0.1034723499	0.0112824821	-0.2076742544	-0.1124839032	-0.0186702524	-0.1716558926	-0.0521512213	0.1118241904	0.2949914608	0.244042394	0.1560650767	0.3814458898	-0.1292964486	-0.0678243484	0.431350599	-0.2987714244	-0.2040321811	-0.0199877591	-0.0846811799	-0.0060076562	0.1542553998	0.0153812054	0.0049965639	0.1139762292	0.0074762151	0.0856217713	0.0711566023	-0.0477384389	-0.0297778406	0.060182943	-0.0427047802	0.0575881263	-0.1097493733	0.0150674916	0.0095967119	-0.0050150697	0.1089209099	0.0891976942	-0.095977642	-0.1431044965	0.1642135246	-0.0367098134	-0.111368582	0.1414566306	0.1015490493	0.0310704105	0.1080524772	0.1963568816	0.0868399559	-0.0112115976	0.0321021962	0.0308640337	0.0931859485	0.0328032634	-0.1308718718	-0.2707060531	0.0660769261	0.1558498942	-0.0992671702	-0.1391273984	0.1175283641	0.0025913553	-0.0294810396	-0.1289999139	0.1287014744	-0.1282045865	0.1275100165	-0.0287513789329239	-0.0127843300417254	0.0008266417905445	0.0001634390946157	0.0765352820633751	0.0097589700621228	9.523749667340932e-05	0.0058576494005203	-0.3324611319662409	0.2658487913071	0.070675579839446	0.1105304042682742	-0.0050851598499324	-0.0004902723557091	2.403669827725504e-07	2.585885069936451e-05	-0.0005137703508579	-0.0002546969552508	6.487053901402802e-08	2.639599734206497e-07	-0.0024518202692587	0.0003462940473625	1.1991956723870158e-07	6.011422632747804e-06	0.0	0.0	0.0	0.0	1.0
874.1562511728881	6.012585068615181	36.151179207334216	764149.1514646375	1233.0616715540652	7.1039171625357085	1520441.0858557054	50.465639052169394	811.4183471013157	8.10143890618906	658399.7340126312	65.6333123507138	863.713043611602	790.9992411296181	1.354076	41.521927	0.1772477493440665	0.096700632630113	-0.1405004279	-0.003515247	-0.0258905542	-0.1683283018	-0.1125526388	-0.0786349055	0.0068435037	0.0305608918	-0.0390240596	-0.0313000999	-0.0692838303	0.0857515983	-0.184771447	0.1311724494	0.0742968673	-0.0666895136	0.0078437303	0.045393877	0.0957637653	0.067924528	0.0047019018	-0.0942321371	-0.1121311661	-0.0273983785	-0.0947717898	0.114465908	0.0278400358	-0.0106170608	-0.0584114009	-0.0550447414	0.0497794644	0.0546572007	-0.0060684121	0.0226956053	-0.0363590217	-0.0192557774	0.0899678616	0.0265735042	-0.0796818114	-0.0067202002	0.0817696346	-0.0252298033	0.1132564771	-0.0421162673	-0.0702111406	-0.0669248564	0.1482306877	0.1670500368	0.0604807176	-0.1746417246	-0.1185738793	-0.0430930081	-0.0687087067	-0.0944293268	0.0510304369	0.0236569996	0.0004045162	-0.0534796625	-0.0893055331	-0.0423044754	-0.0038251067	-0.1478541684	0.2102841352	0.1777415538	-0.0453420875	-0.1475127783	-0.110541701	0.1048656567	0.0391424103	0.0814240196	0.086503955	-0.0015925399	-0.0228779836	-0.157827268	-0.0914024025	-0.1107004769	-0.0490534346	0.0841238259	-0.1269869897	-0.0496936353	0.1722430976	-0.0803840665	-0.0997199244	0.0197440624	0.1212002083	-0.1272031396	0.1038329005	-0.1050806918	0.1408347685	-0.0737471548	-0.1095166564	0.0661799655	0.1953041087	-0.0184530811	0.1019629744	0.014452286	-0.1346833442	0.1424026026	-0.0470941063	-0.1093057836	-0.0871051456	0.2355429215	0.0639424802	0.1004605578	0.0782873091	0.1342965452	0.0230654578	-0.0513666227	-0.0146439711	0.0108288968	-0.0269208195	-0.1290883846	0.1290552057	-0.1289999139	0.1289225186	-0.0286772534599748	7.412547294909783e-05	0.0008223848660076	5.494585739927433e-09	0.0833186311248965	0.0067833490615213	4.601382449044317e-05	0.0069419942925265	-0.421124408527227	-0.0886632765609861	0.0078611766105299	0.1773457674574067	-0.0059796589182056	-0.0008944990682731	8.001285831416222e-07	3.575632077807576e-05	-0.000114690775486	0.0003990795753719	1.5926450747901606e-07	1.315397398158006e-08	-0.0021108589479316	0.000340961321327	1.1625462264112181e-07	4.455725498062902e-06	0.0	0.0	0.0	0.0	0.0
