
Tue Mar 10 09:19:35 CET 2026
cd /out/sourcedata/freesurfer/sub-v1s8x0051333_ses-1
setenv SUBJECTS_DIR /out/sourcedata/freesurfer
/opt/freesurfer/bin/recon-all -autorecon-hemi rh -noparcstats -noparcstats2 -noparcstats3 -nohyporelabel -nobalabels -rh-only -openmp 16 -subjid sub-v1s8x0051333_ses-1 -sd /out/sourcedata/freesurfer

subjid sub-v1s8x0051333_ses-1
setenv SUBJECTS_DIR /out/sourcedata/freesurfer
FREESURFER_HOME /opt/freesurfer
Actual FREESURFER_HOME /opt/freesurfer
build-stamp.txt: freesurfer-linux-ubuntu22_x86_64-7.3.2-20220804-6354275
Linux dna029 5.14.0-427.37.1.el9_4.x86_64 #1 SMP PREEMPT_DYNAMIC Fri Sep 13 12:41:50 EDT 2024 x86_64 x86_64 x86_64 GNU/Linux
cputime      unlimited
filesize     unlimited
datasize     unlimited
stacksize    8192 kbytes
coredumpsize 0 kbytes
memoryuse    67108864 kbytes
vmemoryuse   unlimited
descriptors  1024 
memorylocked unlimited
maxproc      2061970 
maxlocks     unlimited
maxsignal    2061970 
maxmessage   819200 
maxnice      0 
maxrtprio    0 
maxrttime    unlimited

               total        used        free      shared  buff/cache   available
Mem:           503Gi        51Gi       415Gi       9.1Gi        36Gi       439Gi
Swap:             0B          0B          0B

########################################
program versions used
7.3.2 (freesurfer-linux-ubuntu22_x86_64-7.3.2-20220804-6354275)
7.3.2

ProgramName: lta_convert  ProgramArguments: lta_convert -all-info  ProgramVersion: 7.3.2  TimeStamp: 2026/03/10-08:19:35-GMT  BuildTime: Aug  4 2022 06:17:15  BuildStamp: freesurfer-linux-ubuntu22_x86_64-7.3.2-20220804-6354275  User: oesteban  Machine: dna029  Platform: Linux  PlatformVersion: 5.14.0-427.37.1.el9_4.x86_64  CompilerName: GCC  CompilerVersion: 8.4.0
ProgramName: mri_and  ProgramArguments: mri_and -all-info  ProgramVersion: 7.3.2  TimeStamp: 2026/03/10-08:19:35-GMT  BuildTime: Aug  4 2022 06:17:15  BuildStamp: freesurfer-linux-ubuntu22_x86_64-7.3.2-20220804-6354275  User: oesteban  Machine: dna029  Platform: Linux  PlatformVersion: 5.14.0-427.37.1.el9_4.x86_64  CompilerName: GCC  CompilerVersion: 8.4.0
ProgramName: mri_annotation2label  ProgramArguments: mri_annotation2label -all-info  ProgramVersion: 7.3.2  TimeStamp: 2026/03/10-08:19:35-GMT  BuildTime: Aug  4 2022 06:17:15  BuildStamp: freesurfer-linux-ubuntu22_x86_64-7.3.2-20220804-6354275  User: oesteban  Machine: dna029  Platform: Linux  PlatformVersion: 5.14.0-427.37.1.el9_4.x86_64  CompilerName: GCC  CompilerVersion: 8.4.0
ProgramName: mri_aparc2aseg  ProgramArguments: mri_aparc2aseg -all-info  ProgramVersion: 7.3.2  TimeStamp: 2026/03/10-08:19:35-GMT  BuildTime: Aug  4 2022 06:17:15  BuildStamp: freesurfer-linux-ubuntu22_x86_64-7.3.2-20220804-6354275  User: oesteban  Machine: dna029  Platform: Linux  PlatformVersion: 5.14.0-427.37.1.el9_4.x86_64  CompilerName: GCC  CompilerVersion: 8.4.0
ProgramName: mri_surf2volseg  ProgramArguments: mri_surf2volseg -all-info  ProgramVersion: 7.3.2  TimeStamp: 2026/03/10-08:19:35-GMT  BuildTime: Aug  4 2022 06:17:15  BuildStamp: freesurfer-linux-ubuntu22_x86_64-7.3.2-20220804-6354275  User: oesteban  Machine: dna029  Platform: Linux  PlatformVersion: 5.14.0-427.37.1.el9_4.x86_64  CompilerName: GCC  CompilerVersion: 8.4.0
ProgramName: mri_binarize  ProgramArguments: mri_binarize -all-info  ProgramVersion: 7.3.2  TimeStamp: 2026/03/10-08:19:35-GMT  BuildTime: Aug  4 2022 06:17:15  BuildStamp: freesurfer-linux-ubuntu22_x86_64-7.3.2-20220804-6354275  User: oesteban  Machine: dna029  Platform: Linux  PlatformVersion: 5.14.0-427.37.1.el9_4.x86_64  CompilerName: GCC  CompilerVersion: 8.4.0
ProgramName: mri_ca_label  ProgramArguments: mri_ca_label -all-info  ProgramVersion: 7.3.2  TimeStamp: 2026/03/10-08:19:35-GMT  BuildTime: Aug  4 2022 06:17:15  BuildStamp: freesurfer-linux-ubuntu22_x86_64-7.3.2-20220804-6354275  User: oesteban  Machine: dna029  Platform: Linux  PlatformVersion: 5.14.0-427.37.1.el9_4.x86_64  CompilerName: GCC  CompilerVersion: 8.4.0
ProgramName: mri_ca_normalize  ProgramArguments: mri_ca_normalize -all-info  ProgramVersion: 7.3.2  TimeStamp: 2026/03/10-08:19:35-GMT  BuildTime: Aug  4 2022 06:17:15  BuildStamp: freesurfer-linux-ubuntu22_x86_64-7.3.2-20220804-6354275  User: oesteban  Machine: dna029  Platform: Linux  PlatformVersion: 5.14.0-427.37.1.el9_4.x86_64  CompilerName: GCC  CompilerVersion: 8.4.0
ProgramName: mri_ca_register  ProgramArguments: mri_ca_register -all-info  ProgramVersion: 7.3.2  TimeStamp: 2026/03/10-08:19:35-GMT  BuildTime: Aug  4 2022 06:17:15  BuildStamp: freesurfer-linux-ubuntu22_x86_64-7.3.2-20220804-6354275  User: oesteban  Machine: dna029  Platform: Linux  PlatformVersion: 5.14.0-427.37.1.el9_4.x86_64  CompilerName: GCC  CompilerVersion: 8.4.0
ProgramName: mri_cc  ProgramArguments: mri_cc -all-info  ProgramVersion: 7.3.2  TimeStamp: 2026/03/10-08:19:35-GMT  BuildTime: Aug  4 2022 06:17:15  BuildStamp: freesurfer-linux-ubuntu22_x86_64-7.3.2-20220804-6354275  User: oesteban  Machine: dna029  Platform: Linux  PlatformVersion: 5.14.0-427.37.1.el9_4.x86_64  CompilerName: GCC  CompilerVersion: 8.4.0
ProgramName: mri_compute_overlap  ProgramArguments: mri_compute_overlap -all-info  ProgramVersion: 7.3.2  TimeStamp: 2026/03/10-08:19:35-GMT  BuildTime: Aug  4 2022 06:17:15  BuildStamp: freesurfer-linux-ubuntu22_x86_64-7.3.2-20220804-6354275  User: oesteban  Machine: dna029  Platform: Linux  PlatformVersion: 5.14.0-427.37.1.el9_4.x86_64  CompilerName: GCC  CompilerVersion: 8.4.0
ProgramName: mri_compute_seg_overlap  ProgramArguments: mri_compute_seg_overlap -all-info  ProgramVersion: 7.3.2  TimeStamp: 2026/03/10-08:19:35-GMT  BuildTime: Aug  4 2022 06:17:15  BuildStamp: freesurfer-linux-ubuntu22_x86_64-7.3.2-20220804-6354275  User: oesteban  Machine: dna029  Platform: Linux  PlatformVersion: 5.14.0-427.37.1.el9_4.x86_64  CompilerName: GCC  CompilerVersion: 8.4.0
ProgramName: mri_concat  ProgramArguments: mri_concat -all-info  ProgramVersion: 7.3.2  TimeStamp: 2026/03/10-08:19:35-GMT  BuildTime: Aug  4 2022 06:17:15  BuildStamp: freesurfer-linux-ubuntu22_x86_64-7.3.2-20220804-6354275  User: oesteban  Machine: dna029  Platform: Linux  PlatformVersion: 5.14.0-427.37.1.el9_4.x86_64  CompilerName: GCC  CompilerVersion: 8.4.0
ProgramName: mri_concatenate_lta  ProgramArguments: mri_concatenate_lta -all-info  ProgramVersion: 7.3.2  TimeStamp: 2026/03/10-08:19:35-GMT  BuildTime: Aug  4 2022 06:17:15  BuildStamp: freesurfer-linux-ubuntu22_x86_64-7.3.2-20220804-6354275  User: oesteban  Machine: dna029  Platform: Linux  PlatformVersion: 5.14.0-427.37.1.el9_4.x86_64  CompilerName: GCC  CompilerVersion: 8.4.0
mri_convert -all-info 
ProgramName: mri_convert  ProgramArguments: mri_convert -all-info  ProgramVersion: 7.3.2  TimeStamp: 2026/03/10-08:19:35-GMT  BuildTime: Aug  4 2022 06:17:15  BuildStamp: freesurfer-linux-ubuntu22_x86_64-7.3.2-20220804-6354275  User: oesteban  Machine: dna029  Platform: Linux  PlatformVersion: 5.14.0-427.37.1.el9_4.x86_64  CompilerName: GCC  CompilerVersion: 8.4.0
ProgramName: mri_diff  ProgramArguments: mri_diff -all-info  ProgramVersion: 7.3.2  TimeStamp: 2026/03/10-08:19:35-GMT  BuildTime: Aug  4 2022 06:17:15  BuildStamp: freesurfer-linux-ubuntu22_x86_64-7.3.2-20220804-6354275  User: oesteban  Machine: dna029  Platform: Linux  PlatformVersion: 5.14.0-427.37.1.el9_4.x86_64  CompilerName: GCC  CompilerVersion: 8.4.0
ProgramName: mri_edit_wm_with_aseg  ProgramArguments: mri_edit_wm_with_aseg -all-info  ProgramVersion: 7.3.2  TimeStamp: 2026/03/10-08:19:35-GMT  BuildTime: Aug  4 2022 06:17:15  BuildStamp: freesurfer-linux-ubuntu22_x86_64-7.3.2-20220804-6354275  User: oesteban  Machine: dna029  Platform: Linux  PlatformVersion: 5.14.0-427.37.1.el9_4.x86_64  CompilerName: GCC  CompilerVersion: 8.4.0
ProgramName: mri_em_register  ProgramArguments: mri_em_register -all-info  ProgramVersion: 7.3.2  TimeStamp: 2026/03/10-08:19:35-GMT  BuildTime: Aug  4 2022 06:17:15  BuildStamp: freesurfer-linux-ubuntu22_x86_64-7.3.2-20220804-6354275  User: oesteban  Machine: dna029  Platform: Linux  PlatformVersion: 5.14.0-427.37.1.el9_4.x86_64  CompilerName: GCC  CompilerVersion: 8.4.0
ProgramName: mri_fill  ProgramArguments: mri_fill -all-info  ProgramVersion: 7.3.2  TimeStamp: 2026/03/10-08:19:35-GMT  BuildTime: Aug  4 2022 06:17:15  BuildStamp: freesurfer-linux-ubuntu22_x86_64-7.3.2-20220804-6354275  User: oesteban  Machine: dna029  Platform: Linux  PlatformVersion: 5.14.0-427.37.1.el9_4.x86_64  CompilerName: GCC  CompilerVersion: 8.4.0
ProgramName: mri_fuse_segmentations  ProgramArguments: mri_fuse_segmentations -all-info  ProgramVersion: 7.3.2  TimeStamp: 2026/03/10-08:19:35-GMT  BuildTime: Aug  4 2022 06:17:15  BuildStamp: freesurfer-linux-ubuntu22_x86_64-7.3.2-20220804-6354275  User: oesteban  Machine: dna029  Platform: Linux  PlatformVersion: 5.14.0-427.37.1.el9_4.x86_64  CompilerName: GCC  CompilerVersion: 8.4.0
ProgramName: mri_fwhm  ProgramArguments: mri_fwhm -all-info  ProgramVersion: 7.3.2  TimeStamp: 2026/03/10-08:19:35-GMT  BuildTime: Aug  4 2022 06:17:15  BuildStamp: freesurfer-linux-ubuntu22_x86_64-7.3.2-20220804-6354275  User: oesteban  Machine: dna029  Platform: Linux  PlatformVersion: 5.14.0-427.37.1.el9_4.x86_64  CompilerName: GCC  CompilerVersion: 8.4.0
ProgramName: mri_gcut  ProgramArguments: mri_gcut -all-info  ProgramVersion: 7.3.2  TimeStamp: 2026/03/10-08:19:35-GMT  BuildTime: Aug  4 2022 06:17:15  BuildStamp: freesurfer-linux-ubuntu22_x86_64-7.3.2-20220804-6354275  User: oesteban  Machine: dna029  Platform: Linux  PlatformVersion: 5.14.0-427.37.1.el9_4.x86_64  CompilerName: GCC  CompilerVersion: 8.4.0
ProgramName: mri_info  ProgramArguments: mri_info -all-info  ProgramVersion: 7.3.2  TimeStamp: 2026/03/10-08:19:35-GMT  BuildTime: Aug  4 2022 06:17:15  BuildStamp: freesurfer-linux-ubuntu22_x86_64-7.3.2-20220804-6354275  User: oesteban  Machine: dna029  Platform: Linux  PlatformVersion: 5.14.0-427.37.1.el9_4.x86_64  CompilerName: GCC  CompilerVersion: 8.4.0
ProgramName: mri_label2label  ProgramArguments: mri_label2label -all-info  ProgramVersion: 7.3.2  TimeStamp: 2026/03/10-08:19:35-GMT  BuildTime: Aug  4 2022 06:17:15  BuildStamp: freesurfer-linux-ubuntu22_x86_64-7.3.2-20220804-6354275  User: oesteban  Machine: dna029  Platform: Linux  PlatformVersion: 5.14.0-427.37.1.el9_4.x86_64  CompilerName: GCC  CompilerVersion: 8.4.0
ProgramName: mri_label2vol  ProgramArguments: mri_label2vol -all-info  ProgramVersion: 7.3.2  TimeStamp: 2026/03/10-08:19:35-GMT  BuildTime: Aug  4 2022 06:17:15  BuildStamp: freesurfer-linux-ubuntu22_x86_64-7.3.2-20220804-6354275  User: oesteban  Machine: dna029  Platform: Linux  PlatformVersion: 5.14.0-427.37.1.el9_4.x86_64  CompilerName: GCC  CompilerVersion: 8.4.0
ProgramName: mri_log_likelihood  ProgramArguments: mri_log_likelihood -all-info  ProgramVersion: 7.3.2  TimeStamp: 2026/03/10-08:19:35-GMT  BuildTime: Aug  4 2022 06:17:15  BuildStamp: freesurfer-linux-ubuntu22_x86_64-7.3.2-20220804-6354275  User: oesteban  Machine: dna029  Platform: Linux  PlatformVersion: 5.14.0-427.37.1.el9_4.x86_64  CompilerName: GCC  CompilerVersion: 8.4.0
ProgramName: mri_mask  ProgramArguments: mri_mask -all-info  ProgramVersion: 7.3.2  TimeStamp: 2026/03/10-08:19:35-GMT  BuildTime: Aug  4 2022 06:17:15  BuildStamp: freesurfer-linux-ubuntu22_x86_64-7.3.2-20220804-6354275  User: oesteban  Machine: dna029  Platform: Linux  PlatformVersion: 5.14.0-427.37.1.el9_4.x86_64  CompilerName: GCC  CompilerVersion: 8.4.0
ProgramName: mri_matrix_multiply  ProgramArguments: mri_matrix_multiply -all-info  ProgramVersion: 7.3.2  TimeStamp: 2026/03/10-08:19:35-GMT  BuildTime: Aug  4 2022 06:17:15  BuildStamp: freesurfer-linux-ubuntu22_x86_64-7.3.2-20220804-6354275  User: oesteban  Machine: dna029  Platform: Linux  PlatformVersion: 5.14.0-427.37.1.el9_4.x86_64  CompilerName: GCC  CompilerVersion: 8.4.0
ProgramName: mri_normalize  ProgramArguments: mri_normalize -all-info  ProgramVersion: 7.3.2  TimeStamp: 2026/03/10-08:19:35-GMT  BuildTime: Aug  4 2022 06:17:15  BuildStamp: freesurfer-linux-ubuntu22_x86_64-7.3.2-20220804-6354275  User: oesteban  Machine: dna029  Platform: Linux  PlatformVersion: 5.14.0-427.37.1.el9_4.x86_64  CompilerName: GCC  CompilerVersion: 8.4.0
ProgramName: mri_normalize_tp2  ProgramArguments: mri_normalize_tp2 -all-info  ProgramVersion: 7.3.2  TimeStamp: 2026/03/10-08:19:35-GMT  BuildTime: Aug  4 2022 06:17:15  BuildStamp: freesurfer-linux-ubuntu22_x86_64-7.3.2-20220804-6354275  User: oesteban  Machine: dna029  Platform: Linux  PlatformVersion: 5.14.0-427.37.1.el9_4.x86_64  CompilerName: GCC  CompilerVersion: 8.4.0
ProgramName: mri_or  ProgramArguments: mri_or -all-info  ProgramVersion: 7.3.2  TimeStamp: 2026/03/10-08:19:35-GMT  BuildTime: Aug  4 2022 06:17:15  BuildStamp: freesurfer-linux-ubuntu22_x86_64-7.3.2-20220804-6354275  User: oesteban  Machine: dna029  Platform: Linux  PlatformVersion: 5.14.0-427.37.1.el9_4.x86_64  CompilerName: GCC  CompilerVersion: 8.4.0
ProgramName: mri_relabel_hypointensities  ProgramArguments: mri_relabel_hypointensities -all-info  ProgramVersion: 7.3.2  TimeStamp: 2026/03/10-08:19:35-GMT  BuildTime: Aug  4 2022 06:17:15  BuildStamp: freesurfer-linux-ubuntu22_x86_64-7.3.2-20220804-6354275  User: oesteban  Machine: dna029  Platform: Linux  PlatformVersion: 5.14.0-427.37.1.el9_4.x86_64  CompilerName: GCC  CompilerVersion: 8.4.0
ProgramName: mri_relabel_nonwm_hypos  ProgramArguments: mri_relabel_nonwm_hypos -all-info  ProgramVersion: 7.3.2  TimeStamp: 2026/03/10-08:19:35-GMT  BuildTime: Aug  4 2022 06:17:15  BuildStamp: freesurfer-linux-ubuntu22_x86_64-7.3.2-20220804-6354275  User: oesteban  Machine: dna029  Platform: Linux  PlatformVersion: 5.14.0-427.37.1.el9_4.x86_64  CompilerName: GCC  CompilerVersion: 8.4.0
ProgramName: mri_remove_neck  ProgramArguments: mri_remove_neck -all-info  ProgramVersion: 7.3.2  TimeStamp: 2026/03/10-08:19:35-GMT  BuildTime: Aug  4 2022 06:17:15  BuildStamp: freesurfer-linux-ubuntu22_x86_64-7.3.2-20220804-6354275  User: oesteban  Machine: dna029  Platform: Linux  PlatformVersion: 5.14.0-427.37.1.el9_4.x86_64  CompilerName: GCC  CompilerVersion: 8.4.0
7.3.2

ProgramName: mri_robust_register  ProgramArguments: mri_robust_register -all-info  ProgramVersion: 7.3.2  TimeStamp: 2026/03/10-08:19:35-GMT  BuildTime: Aug  4 2022 06:17:15  BuildStamp: freesurfer-linux-ubuntu22_x86_64-7.3.2-20220804-6354275  User: oesteban  Machine: dna029  Platform: Linux  PlatformVersion: 5.14.0-427.37.1.el9_4.x86_64  CompilerName: GCC  CompilerVersion: 8.4.0
7.3.2

ProgramName: mri_robust_template  ProgramArguments: mri_robust_template -all-info  ProgramVersion: 7.3.2  TimeStamp: 2026/03/10-08:19:35-GMT  BuildTime: Aug  4 2022 06:17:15  BuildStamp: freesurfer-linux-ubuntu22_x86_64-7.3.2-20220804-6354275  User: oesteban  Machine: dna029  Platform: Linux  PlatformVersion: 5.14.0-427.37.1.el9_4.x86_64  CompilerName: GCC  CompilerVersion: 8.4.0
ProgramName: mris_anatomical_stats  ProgramArguments: mris_anatomical_stats -all-info  ProgramVersion: 7.3.2  TimeStamp: 2026/03/10-08:19:35-GMT  BuildTime: Aug  4 2022 06:17:15  BuildStamp: freesurfer-linux-ubuntu22_x86_64-7.3.2-20220804-6354275  User: oesteban  Machine: dna029  Platform: Linux  PlatformVersion: 5.14.0-427.37.1.el9_4.x86_64  CompilerName: GCC  CompilerVersion: 8.4.0
ProgramName: mris_ca_label  ProgramArguments: mris_ca_label -all-info  ProgramVersion: 7.3.2  TimeStamp: 2026/03/10-08:19:35-GMT  BuildTime: Aug  4 2022 06:17:15  BuildStamp: freesurfer-linux-ubuntu22_x86_64-7.3.2-20220804-6354275  User: oesteban  Machine: dna029  Platform: Linux  PlatformVersion: 5.14.0-427.37.1.el9_4.x86_64  CompilerName: GCC  CompilerVersion: 8.4.0
ProgramName: mris_calc  ProgramArguments: mris_calc -all-info  ProgramVersion: 7.3.2  TimeStamp: 2026/03/10-08:19:35-GMT  BuildTime: Aug  4 2022 06:17:15  BuildStamp: freesurfer-linux-ubuntu22_x86_64-7.3.2-20220804-6354275  User: oesteban  Machine: dna029  Platform: Linux  PlatformVersion: 5.14.0-427.37.1.el9_4.x86_64  CompilerName: GCC  CompilerVersion: 8.4.0
ProgramName: mris_convert  ProgramArguments: mris_convert -all-info  ProgramVersion: 7.3.2  TimeStamp: 2026/03/10-08:19:35-GMT  BuildTime: Aug  4 2022 06:17:15  BuildStamp: freesurfer-linux-ubuntu22_x86_64-7.3.2-20220804-6354275  User: oesteban  Machine: dna029  Platform: Linux  PlatformVersion: 5.14.0-427.37.1.el9_4.x86_64  CompilerName: GCC  CompilerVersion: 8.4.0
ProgramName: mris_curvature  ProgramArguments: mris_curvature -all-info  ProgramVersion: 7.3.2  TimeStamp: 2026/03/10-08:19:35-GMT  BuildTime: Aug  4 2022 06:17:15  BuildStamp: freesurfer-linux-ubuntu22_x86_64-7.3.2-20220804-6354275  User: oesteban  Machine: dna029  Platform: Linux  PlatformVersion: 5.14.0-427.37.1.el9_4.x86_64  CompilerName: GCC  CompilerVersion: 8.4.0
ProgramName: mris_curvature_stats  ProgramArguments: mris_curvature_stats -all-info  ProgramVersion: 7.3.2  TimeStamp: 2026/03/10-08:19:35-GMT  BuildTime: Aug  4 2022 06:17:15  BuildStamp: freesurfer-linux-ubuntu22_x86_64-7.3.2-20220804-6354275  User: oesteban  Machine: dna029  Platform: Linux  PlatformVersion: 5.14.0-427.37.1.el9_4.x86_64  CompilerName: GCC  CompilerVersion: 8.4.0
ProgramName: mris_diff  ProgramArguments: mris_diff -all-info  ProgramVersion: 7.3.2  TimeStamp: 2026/03/10-08:19:35-GMT  BuildTime: Aug  4 2022 06:17:15  BuildStamp: freesurfer-linux-ubuntu22_x86_64-7.3.2-20220804-6354275  User: oesteban  Machine: dna029  Platform: Linux  PlatformVersion: 5.14.0-427.37.1.el9_4.x86_64  CompilerName: GCC  CompilerVersion: 8.4.0
ProgramName: mris_divide_parcellation  ProgramArguments: mris_divide_parcellation -all-info  ProgramVersion: 7.3.2  TimeStamp: 2026/03/10-08:19:35-GMT  BuildTime: Aug  4 2022 06:17:15  BuildStamp: freesurfer-linux-ubuntu22_x86_64-7.3.2-20220804-6354275  User: oesteban  Machine: dna029  Platform: Linux  PlatformVersion: 5.14.0-427.37.1.el9_4.x86_64  CompilerName: GCC  CompilerVersion: 8.4.0
ProgramName: mri_segment  ProgramArguments: mri_segment -all-info  ProgramVersion: 7.3.2  TimeStamp: 2026/03/10-08:19:35-GMT  BuildTime: Aug  4 2022 06:17:15  BuildStamp: freesurfer-linux-ubuntu22_x86_64-7.3.2-20220804-6354275  User: oesteban  Machine: dna029  Platform: Linux  PlatformVersion: 5.14.0-427.37.1.el9_4.x86_64  CompilerName: GCC  CompilerVersion: 8.4.0
ProgramName: mri_segstats  ProgramArguments: mri_segstats -all-info  ProgramVersion: 7.3.2  TimeStamp: 2026/03/10-08:19:35-GMT  BuildTime: Aug  4 2022 06:17:15  BuildStamp: freesurfer-linux-ubuntu22_x86_64-7.3.2-20220804-6354275  User: oesteban  Machine: dna029  Platform: Linux  PlatformVersion: 5.14.0-427.37.1.el9_4.x86_64  CompilerName: GCC  CompilerVersion: 8.4.0
ProgramName: mris_euler_number  ProgramArguments: mris_euler_number -all-info  ProgramVersion: 7.3.2  TimeStamp: 2026/03/10-08:19:35-GMT  BuildTime: Aug  4 2022 06:17:15  BuildStamp: freesurfer-linux-ubuntu22_x86_64-7.3.2-20220804-6354275  User: oesteban  Machine: dna029  Platform: Linux  PlatformVersion: 5.14.0-427.37.1.el9_4.x86_64  CompilerName: GCC  CompilerVersion: 8.4.0
ProgramName: mris_fix_topology  ProgramArguments: mris_fix_topology -all-info  ProgramVersion: 7.3.2  TimeStamp: 2026/03/10-08:19:35-GMT  BuildTime: Aug  4 2022 06:17:15  BuildStamp: freesurfer-linux-ubuntu22_x86_64-7.3.2-20220804-6354275  User: oesteban  Machine: dna029  Platform: Linux  PlatformVersion: 5.14.0-427.37.1.el9_4.x86_64  CompilerName: GCC  CompilerVersion: 8.4.0
ProgramName: mris_topo_fixer  ProgramArguments: mris_topo_fixer -all-info  ProgramVersion: 7.3.2  TimeStamp: 2026/03/10-08:19:35-GMT  BuildTime: Aug  4 2022 06:17:15  BuildStamp: freesurfer-linux-ubuntu22_x86_64-7.3.2-20220804-6354275  User: oesteban  Machine: dna029  Platform: Linux  PlatformVersion: 5.14.0-427.37.1.el9_4.x86_64  CompilerName: GCC  CompilerVersion: 8.4.0
ProgramName: mris_jacobian  ProgramArguments: mris_jacobian -all-info  ProgramVersion: 7.3.2  TimeStamp: 2026/03/10-08:19:35-GMT  BuildTime: Aug  4 2022 06:17:15  BuildStamp: freesurfer-linux-ubuntu22_x86_64-7.3.2-20220804-6354275  User: oesteban  Machine: dna029  Platform: Linux  PlatformVersion: 5.14.0-427.37.1.el9_4.x86_64  CompilerName: GCC  CompilerVersion: 8.4.0
ProgramName: mris_label2annot  ProgramArguments: mris_label2annot -all-info  ProgramVersion: 7.3.2  TimeStamp: 2026/03/10-08:19:35-GMT  BuildTime: Aug  4 2022 06:17:15  BuildStamp: freesurfer-linux-ubuntu22_x86_64-7.3.2-20220804-6354275  User: oesteban  Machine: dna029  Platform: Linux  PlatformVersion: 5.14.0-427.37.1.el9_4.x86_64  CompilerName: GCC  CompilerVersion: 8.4.0
ProgramName: mris_left_right_register  ProgramArguments: mris_left_right_register -all-info  ProgramVersion: 7.3.2  TimeStamp: 2026/03/10-08:19:35-GMT  BuildTime: Aug  4 2022 06:17:15  BuildStamp: freesurfer-linux-ubuntu22_x86_64-7.3.2-20220804-6354275  User: oesteban  Machine: dna029  Platform: Linux  PlatformVersion: 5.14.0-427.37.1.el9_4.x86_64  CompilerName: GCC  CompilerVersion: 8.4.0
ProgramName: mris_place_surface  ProgramArguments: mris_place_surface -all-info  ProgramVersion: 7.3.2  TimeStamp: 2026/03/10-08:19:35-GMT  BuildTime: Aug  4 2022 06:17:15  BuildStamp: freesurfer-linux-ubuntu22_x86_64-7.3.2-20220804-6354275  User: oesteban  Machine: dna029  Platform: Linux  PlatformVersion: 5.14.0-427.37.1.el9_4.x86_64  CompilerName: GCC  CompilerVersion: 8.4.0
ProgramName: mrisp_paint  ProgramArguments: mrisp_paint -all-info  ProgramVersion: 7.3.2  TimeStamp: 2026/03/10-08:19:35-GMT  BuildTime: Aug  4 2022 06:17:15  BuildStamp: freesurfer-linux-ubuntu22_x86_64-7.3.2-20220804-6354275  User: oesteban  Machine: dna029  Platform: Linux  PlatformVersion: 5.14.0-427.37.1.el9_4.x86_64  CompilerName: GCC  CompilerVersion: 8.4.0
ProgramName: mris_register  ProgramArguments: mris_register -all-info  ProgramVersion: 7.3.2  TimeStamp: 2026/03/10-08:19:35-GMT  BuildTime: Aug  4 2022 06:17:15  BuildStamp: freesurfer-linux-ubuntu22_x86_64-7.3.2-20220804-6354275  User: oesteban  Machine: dna029  Platform: Linux  PlatformVersion: 5.14.0-427.37.1.el9_4.x86_64  CompilerName: GCC  CompilerVersion: 8.4.0
ProgramName: mris_smooth  ProgramArguments: mris_smooth -all-info  ProgramVersion: 7.3.2  TimeStamp: 2026/03/10-08:19:35-GMT  BuildTime: Aug  4 2022 06:17:15  BuildStamp: freesurfer-linux-ubuntu22_x86_64-7.3.2-20220804-6354275  User: oesteban  Machine: dna029  Platform: Linux  PlatformVersion: 5.14.0-427.37.1.el9_4.x86_64  CompilerName: GCC  CompilerVersion: 8.4.0
ProgramName: mris_sphere  ProgramArguments: mris_sphere -all-info  ProgramVersion: 7.3.2  TimeStamp: 2026/03/10-08:19:35-GMT  BuildTime: Aug  4 2022 06:17:15  BuildStamp: freesurfer-linux-ubuntu22_x86_64-7.3.2-20220804-6354275  User: oesteban  Machine: dna029  Platform: Linux  PlatformVersion: 5.14.0-427.37.1.el9_4.x86_64  CompilerName: GCC  CompilerVersion: 8.4.0
ProgramName: mris_surface_stats  ProgramArguments: mris_surface_stats -all-info  ProgramVersion: 7.3.2  TimeStamp: 2026/03/10-08:19:35-GMT  BuildTime: Aug  4 2022 06:17:15  BuildStamp: freesurfer-linux-ubuntu22_x86_64-7.3.2-20220804-6354275  User: oesteban  Machine: dna029  Platform: Linux  PlatformVersion: 5.14.0-427.37.1.el9_4.x86_64  CompilerName: GCC  CompilerVersion: 8.4.0
ProgramName: mri_stats2seg  ProgramArguments: mri_stats2seg -all-info  ProgramVersion: 7.3.2  TimeStamp: 2026/03/10-08:19:35-GMT  BuildTime: Aug  4 2022 06:17:15  BuildStamp: freesurfer-linux-ubuntu22_x86_64-7.3.2-20220804-6354275  User: oesteban  Machine: dna029  Platform: Linux  PlatformVersion: 5.14.0-427.37.1.el9_4.x86_64  CompilerName: GCC  CompilerVersion: 8.4.0
ProgramName: mris_thickness  ProgramArguments: mris_thickness -all-info  ProgramVersion: 7.3.2  TimeStamp: 2026/03/10-08:19:35-GMT  BuildTime: Aug  4 2022 06:17:15  BuildStamp: freesurfer-linux-ubuntu22_x86_64-7.3.2-20220804-6354275  User: oesteban  Machine: dna029  Platform: Linux  PlatformVersion: 5.14.0-427.37.1.el9_4.x86_64  CompilerName: GCC  CompilerVersion: 8.4.0
ProgramName: mris_thickness_diff  ProgramArguments: mris_thickness_diff -all-info  ProgramVersion: 7.3.2  TimeStamp: 2026/03/10-08:19:35-GMT  BuildTime: Aug  4 2022 06:17:15  BuildStamp: freesurfer-linux-ubuntu22_x86_64-7.3.2-20220804-6354275  User: oesteban  Machine: dna029  Platform: Linux  PlatformVersion: 5.14.0-427.37.1.el9_4.x86_64  CompilerName: GCC  CompilerVersion: 8.4.0
ProgramName: mris_topo_fixer  ProgramArguments: mris_topo_fixer -all-info  ProgramVersion: 7.3.2  TimeStamp: 2026/03/10-08:19:35-GMT  BuildTime: Aug  4 2022 06:17:15  BuildStamp: freesurfer-linux-ubuntu22_x86_64-7.3.2-20220804-6354275  User: oesteban  Machine: dna029  Platform: Linux  PlatformVersion: 5.14.0-427.37.1.el9_4.x86_64  CompilerName: GCC  CompilerVersion: 8.4.0
ProgramName: mri_surf2surf  ProgramArguments: mri_surf2surf -all-info  ProgramVersion: 7.3.2  TimeStamp: 2026/03/10-08:19:35-GMT  BuildTime: Aug  4 2022 06:17:15  BuildStamp: freesurfer-linux-ubuntu22_x86_64-7.3.2-20220804-6354275  User: oesteban  Machine: dna029  Platform: Linux  PlatformVersion: 5.14.0-427.37.1.el9_4.x86_64  CompilerName: GCC  CompilerVersion: 8.4.0
ProgramName: mri_surf2vol  ProgramArguments: mri_surf2vol -all-info  ProgramVersion: 7.3.2  TimeStamp: 2026/03/10-08:19:35-GMT  BuildTime: Aug  4 2022 06:17:15  BuildStamp: freesurfer-linux-ubuntu22_x86_64-7.3.2-20220804-6354275  User: oesteban  Machine: dna029  Platform: Linux  PlatformVersion: 5.14.0-427.37.1.el9_4.x86_64  CompilerName: GCC  CompilerVersion: 8.4.0
ProgramName: mri_surfcluster  ProgramArguments: mri_surfcluster -all-info  ProgramVersion: 7.3.2  TimeStamp: 2026/03/10-08:19:35-GMT  BuildTime: Aug  4 2022 06:17:15  BuildStamp: freesurfer-linux-ubuntu22_x86_64-7.3.2-20220804-6354275  User: oesteban  Machine: dna029  Platform: Linux  PlatformVersion: 5.14.0-427.37.1.el9_4.x86_64  CompilerName: GCC  CompilerVersion: 8.4.0
ProgramName: mris_volmask  ProgramArguments: mris_volmask -all-info  ProgramVersion: 7.3.2  TimeStamp: 2026/03/10-08:19:35-GMT  BuildTime: Aug  4 2022 06:17:15  BuildStamp: freesurfer-linux-ubuntu22_x86_64-7.3.2-20220804-6354275  User: oesteban  Machine: dna029  Platform: Linux  PlatformVersion: 5.14.0-427.37.1.el9_4.x86_64  CompilerName: GCC  CompilerVersion: 8.4.0
ProgramName: mri_tessellate  ProgramArguments: mri_tessellate -all-info  ProgramVersion: 7.3.2  TimeStamp: 2026/03/10-08:19:35-GMT  BuildTime: Aug  4 2022 06:17:15  BuildStamp: freesurfer-linux-ubuntu22_x86_64-7.3.2-20220804-6354275  User: oesteban  Machine: dna029  Platform: Linux  PlatformVersion: 5.14.0-427.37.1.el9_4.x86_64  CompilerName: GCC  CompilerVersion: 8.4.0
ProgramName: mri_vol2surf  ProgramArguments: mri_vol2surf -all-info  ProgramVersion: 7.3.2  TimeStamp: 2026/03/10-08:19:35-GMT  BuildTime: Aug  4 2022 06:17:15  BuildStamp: freesurfer-linux-ubuntu22_x86_64-7.3.2-20220804-6354275  User: oesteban  Machine: dna029  Platform: Linux  PlatformVersion: 5.14.0-427.37.1.el9_4.x86_64  CompilerName: GCC  CompilerVersion: 8.4.0
ProgramName: mri_vol2vol  ProgramArguments: mri_vol2vol -all-info  ProgramVersion: 7.3.2  TimeStamp: 2026/03/10-08:19:35-GMT  BuildTime: Aug  4 2022 06:17:15  BuildStamp: freesurfer-linux-ubuntu22_x86_64-7.3.2-20220804-6354275  User: oesteban  Machine: dna029  Platform: Linux  PlatformVersion: 5.14.0-427.37.1.el9_4.x86_64  CompilerName: GCC  CompilerVersion: 8.4.0
ProgramName: mri_voldiff  ProgramArguments: mri_voldiff -all-info  ProgramVersion: 7.3.2  TimeStamp: 2026/03/10-08:19:35-GMT  BuildTime: Aug  4 2022 06:17:15  BuildStamp: freesurfer-linux-ubuntu22_x86_64-7.3.2-20220804-6354275  User: oesteban  Machine: dna029  Platform: Linux  PlatformVersion: 5.14.0-427.37.1.el9_4.x86_64  CompilerName: GCC  CompilerVersion: 8.4.0
ProgramName: mri_watershed  ProgramArguments: mri_watershed -all-info  ProgramVersion: 7.3.2  TimeStamp: 2026/03/10-08:19:35-GMT  BuildTime: Aug  4 2022 06:17:15  BuildStamp: freesurfer-linux-ubuntu22_x86_64-7.3.2-20220804-6354275  User: oesteban  Machine: dna029  Platform: Linux  PlatformVersion: 5.14.0-427.37.1.el9_4.x86_64  CompilerName: GCC  CompilerVersion: 8.4.0
ProgramName: tkregister2  ProgramArguments: tkregister2_cmdl -all-info  ProgramVersion: 7.3.2  TimeStamp: 2026/03/10-08:19:35-GMT  BuildTime: Aug  4 2022 06:17:15  BuildStamp: freesurfer-linux-ubuntu22_x86_64-7.3.2-20220804-6354275  User: oesteban  Machine: dna029  Platform: Linux  PlatformVersion: 5.14.0-427.37.1.el9_4.x86_64  CompilerName: GCC  CompilerVersion: 8.4.0
mri_motion_correct.fsl 7.3.2
mri_convert -all-info 
ProgramName: mri_convert  ProgramArguments: mri_convert -all-info  ProgramVersion: 7.3.2  TimeStamp: 2026/03/10-08:19:35-GMT  BuildTime: Aug  4 2022 06:17:15  BuildStamp: freesurfer-linux-ubuntu22_x86_64-7.3.2-20220804-6354275  User: oesteban  Machine: dna029  Platform: Linux  PlatformVersion: 5.14.0-427.37.1.el9_4.x86_64  CompilerName: GCC  CompilerVersion: 8.4.0
Program nu_correct, built from:
Package MNI N3, version 1.12.0, compiled by nicks@terrier (x86_64-unknown-linux-gnu) on 2015-06-19 at 01:25:34
#######################################
GCADIR /opt/freesurfer/average
GCA RB_all_2020-01-02.gca
GCASkull RB_all_withskull_2020_01_02.gca
AvgCurvTif folding.atlas.acfb40.noaparc.i12.2016-08-02.tif
GCSDIR /opt/freesurfer/average
GCS DKaparc.atlas.acfb40.noaparc.i12.2016-08-02.gcs
#######################################
#--------------------------------------------
#@# Tessellate rh Tue Mar 10 09:19:35 CET 2026
/out/sourcedata/freesurfer/sub-v1s8x0051333_ses-1/scripts

 mri_pretess ../mri/filled.mgz 127 ../mri/norm.mgz ../mri/filled-pretess127.mgz 


Iteration Number : 1
pass   1 (xy+):   1 found -   1 modified     |    TOTAL:   1
pass   2 (xy+):   0 found -   1 modified     |    TOTAL:   1
pass   1 (xy-):   1 found -   1 modified     |    TOTAL:   2
pass   2 (xy-):   0 found -   1 modified     |    TOTAL:   2
pass   1 (yz+):  10 found -  10 modified     |    TOTAL:  12
pass   2 (yz+):   0 found -  10 modified     |    TOTAL:  12
pass   1 (yz-):   3 found -   3 modified     |    TOTAL:  15
pass   2 (yz-):   0 found -   3 modified     |    TOTAL:  15
pass   1 (xz+):   0 found -   0 modified     |    TOTAL:  15
pass   1 (xz-):   1 found -   1 modified     |    TOTAL:  16
pass   2 (xz-):   0 found -   1 modified     |    TOTAL:  16
Iteration Number : 1
pass   1 (+++):   0 found -   0 modified     |    TOTAL:   0
pass   1 (+++):   0 found -   0 modified     |    TOTAL:   0
pass   1 (+++):   0 found -   0 modified     |    TOTAL:   0
pass   1 (+++):   0 found -   0 modified     |    TOTAL:   0
Iteration Number : 1
pass   1 (++):   0 found -   0 modified     |    TOTAL:   0
pass   1 (+-):   0 found -   0 modified     |    TOTAL:   0
pass   1 (--):   0 found -   0 modified     |    TOTAL:   0
pass   1 (-+):   1 found -   1 modified     |    TOTAL:   1
pass   2 (-+):   0 found -   1 modified     |    TOTAL:   1
Iteration Number : 2
pass   1 (xy+):   0 found -   0 modified     |    TOTAL:   0
pass   1 (xy-):   0 found -   0 modified     |    TOTAL:   0
pass   1 (yz+):   0 found -   0 modified     |    TOTAL:   0
pass   1 (yz-):   0 found -   0 modified     |    TOTAL:   0
pass   1 (xz+):   0 found -   0 modified     |    TOTAL:   0
pass   1 (xz-):   0 found -   0 modified     |    TOTAL:   0
Iteration Number : 2
pass   1 (+++):   0 found -   0 modified     |    TOTAL:   0
pass   1 (+++):   0 found -   0 modified     |    TOTAL:   0
pass   1 (+++):   0 found -   0 modified     |    TOTAL:   0
pass   1 (+++):   0 found -   0 modified     |    TOTAL:   0
Iteration Number : 2
pass   1 (++):   0 found -   0 modified     |    TOTAL:   0
pass   1 (+-):   0 found -   0 modified     |    TOTAL:   0
pass   1 (--):   0 found -   0 modified     |    TOTAL:   0
pass   1 (-+):   0 found -   0 modified     |    TOTAL:   0

Total Number of Modified Voxels = 17 (out of 340287: 0.004996)
Ambiguous edge configurations... 

mri_pretess done


 mri_tessellate ../mri/filled-pretess127.mgz 127 ../surf/rh.orig.nofix 

7.3.2
  7.3.2
slice 30: 104 vertices, 125 faces
slice 40: 3393 vertices, 3575 faces
slice 50: 10591 vertices, 10898 faces
slice 60: 21150 vertices, 21547 faces
slice 70: 33161 vertices, 33572 faces
slice 80: 45644 vertices, 46049 faces
slice 90: 57961 vertices, 58389 faces
slice 100: 70814 vertices, 71235 faces
slice 110: 82254 vertices, 82641 faces
slice 120: 94613 vertices, 95095 faces
slice 130: 107489 vertices, 107985 faces
slice 140: 119367 vertices, 119807 faces
slice 150: 128573 vertices, 128934 faces
slice 160: 136556 vertices, 136917 faces
slice 170: 144089 vertices, 144416 faces
slice 180: 150616 vertices, 150918 faces
slice 190: 155892 vertices, 156096 faces
slice 200: 157364 vertices, 157450 faces
slice 210: 157364 vertices, 157450 faces
slice 220: 157364 vertices, 157450 faces
slice 230: 157364 vertices, 157450 faces
slice 240: 157364 vertices, 157450 faces
slice 250: 157364 vertices, 157450 faces
using the conformed surface RAS to save vertex points...
writing ../surf/rh.orig.nofix
using vox2ras matrix:
-1.00000   0.00000   0.00000   128.00000;
 0.00000   0.00000   1.00000  -128.00000;
 0.00000  -1.00000   0.00000   128.00000;
 0.00000   0.00000   0.00000   1.00000;

 rm -f ../mri/filled-pretess127.mgz 


 mris_extract_main_component ../surf/rh.orig.nofix ../surf/rh.orig.nofix 


counting number of connected components...
   157364 voxel in cpt #1: X=-86 [v=157364,e=472350,f=314900] located at (23.916862, -20.532949, 46.284195)
For the whole surface: X=-86 [v=157364,e=472350,f=314900]
One single component has been found
nothing to do
done

#--------------------------------------------
#@# Smooth1 rh Tue Mar 10 09:19:39 CET 2026
/out/sourcedata/freesurfer/sub-v1s8x0051333_ses-1/scripts

 mris_smooth -nw -seed 1234 ../surf/rh.orig.nofix ../surf/rh.smoothwm.nofix 

setting seed for random number generator to 1234
smoothing surface tessellation for 10 iterations...
smoothing complete - recomputing first and second fundamental forms...
#--------------------------------------------
#@# Inflation1 rh Tue Mar 10 09:19:42 CET 2026
/out/sourcedata/freesurfer/sub-v1s8x0051333_ses-1/scripts

 mris_inflate -no-save-sulc ../surf/rh.smoothwm.nofix ../surf/rh.inflated.nofix 

Not saving sulc
Reading ../surf/rh.smoothwm.nofix
avg radius = 49.6 mm, total surface area = 85780 mm^2
step 000: RMS=0.150 (target=0.015)   step 005: RMS=0.116 (target=0.015)   step 010: RMS=0.089 (target=0.015)   step 015: RMS=0.077 (target=0.015)   step 020: RMS=0.068 (target=0.015)   step 025: RMS=0.060 (target=0.015)   step 030: RMS=0.055 (target=0.015)   step 035: RMS=0.051 (target=0.015)   step 040: RMS=0.048 (target=0.015)   step 045: RMS=0.046 (target=0.015)   step 050: RMS=0.045 (target=0.015)   step 055: RMS=0.044 (target=0.015)   step 060: RMS=0.044 (target=0.015)   writing inflated surface to ../surf/rh.inflated.nofix
inflation took 0.3 minutes

inflation complete.
Not saving sulc
mris_inflate utimesec    73.432672
mris_inflate stimesec    2.835327
mris_inflate ru_maxrss   248120
mris_inflate ru_ixrss    0
mris_inflate ru_idrss    0
mris_inflate ru_isrss    0
mris_inflate ru_minflt   741275
mris_inflate ru_majflt   10
mris_inflate ru_nswap    0
mris_inflate ru_inblock  0
mris_inflate ru_oublock  11072
mris_inflate ru_msgsnd   0
mris_inflate ru_msgrcv   0
mris_inflate ru_nsignals 0
mris_inflate ru_nvcsw    26290
mris_inflate ru_nivcsw   696
#--------------------------------------------
#@# QSphere rh Tue Mar 10 09:19:58 CET 2026
/out/sourcedata/freesurfer/sub-v1s8x0051333_ses-1/scripts

 mris_sphere -q -p 6 -a 128 -seed 1234 ../surf/rh.inflated.nofix ../surf/rh.qsphere.nofix 

doing quick spherical unfolding.
limitting unfolding to 6 passes
using n_averages = 128
setting seed for random number genererator to 1234
version: 7.3.2
available threads: 16
scaling brain by 0.294...
inflating...
projecting onto sphere...
surface projected - minimizing metric distortion...
vertex spacing 0.92 +- 0.54 (0.00-->6.35) (max @ vno 66574 --> 67925)
face area 0.02 +- 0.03 (-0.08-->0.63)
Entering MRISinflateToSphere()
inflating to sphere (rms error < 2.00)
000: dt: 0.0000, rms radial error=175.954, avgs=0
005/300: dt: 0.9000, rms radial error=175.696, avgs=0
010/300: dt: 0.9000, rms radial error=175.141, avgs=0
015/300: dt: 0.9000, rms radial error=174.413, avgs=0
020/300: dt: 0.9000, rms radial error=173.584, avgs=0
025/300: dt: 0.9000, rms radial error=172.698, avgs=0
030/300: dt: 0.9000, rms radial error=171.781, avgs=0
035/300: dt: 0.9000, rms radial error=170.835, avgs=0
040/300: dt: 0.9000, rms radial error=169.885, avgs=0
045/300: dt: 0.9000, rms radial error=168.938, avgs=0
050/300: dt: 0.9000, rms radial error=167.997, avgs=0
055/300: dt: 0.9000, rms radial error=167.058, avgs=0
060/300: dt: 0.9000, rms radial error=166.123, avgs=0
065/300: dt: 0.9000, rms radial error=165.192, avgs=0
070/300: dt: 0.9000, rms radial error=164.265, avgs=0
075/300: dt: 0.9000, rms radial error=163.344, avgs=0
080/300: dt: 0.9000, rms radial error=162.427, avgs=0
085/300: dt: 0.9000, rms radial error=161.515, avgs=0
090/300: dt: 0.9000, rms radial error=160.608, avgs=0
095/300: dt: 0.9000, rms radial error=159.705, avgs=0
100/300: dt: 0.9000, rms radial error=158.808, avgs=0
105/300: dt: 0.9000, rms radial error=157.915, avgs=0
110/300: dt: 0.9000, rms radial error=157.027, avgs=0
115/300: dt: 0.9000, rms radial error=156.144, avgs=0
120/300: dt: 0.9000, rms radial error=155.266, avgs=0
125/300: dt: 0.9000, rms radial error=154.392, avgs=0
130/300: dt: 0.9000, rms radial error=153.521, avgs=0
135/300: dt: 0.9000, rms radial error=152.655, avgs=0
140/300: dt: 0.9000, rms radial error=151.794, avgs=0
145/300: dt: 0.9000, rms radial error=150.938, avgs=0
150/300: dt: 0.9000, rms radial error=150.087, avgs=0
155/300: dt: 0.9000, rms radial error=149.240, avgs=0
160/300: dt: 0.9000, rms radial error=148.398, avgs=0
165/300: dt: 0.9000, rms radial error=147.561, avgs=0
170/300: dt: 0.9000, rms radial error=146.728, avgs=0
175/300: dt: 0.9000, rms radial error=145.900, avgs=0
180/300: dt: 0.9000, rms radial error=145.076, avgs=0
185/300: dt: 0.9000, rms radial error=144.257, avgs=0
190/300: dt: 0.9000, rms radial error=143.443, avgs=0
195/300: dt: 0.9000, rms radial error=142.633, avgs=0
200/300: dt: 0.9000, rms radial error=141.827, avgs=0
205/300: dt: 0.9000, rms radial error=141.027, avgs=0
210/300: dt: 0.9000, rms radial error=140.231, avgs=0
215/300: dt: 0.9000, rms radial error=139.439, avgs=0
220/300: dt: 0.9000, rms radial error=138.652, avgs=0
225/300: dt: 0.9000, rms radial error=137.869, avgs=0
230/300: dt: 0.9000, rms radial error=137.091, avgs=0
235/300: dt: 0.9000, rms radial error=136.317, avgs=0
240/300: dt: 0.9000, rms radial error=135.547, avgs=0
245/300: dt: 0.9000, rms radial error=134.782, avgs=0
250/300: dt: 0.9000, rms radial error=134.021, avgs=0
255/300: dt: 0.9000, rms radial error=133.265, avgs=0
260/300: dt: 0.9000, rms radial error=132.513, avgs=0
265/300: dt: 0.9000, rms radial error=131.765, avgs=0
270/300: dt: 0.9000, rms radial error=131.021, avgs=0
275/300: dt: 0.9000, rms radial error=130.281, avgs=0
280/300: dt: 0.9000, rms radial error=129.546, avgs=0
285/300: dt: 0.9000, rms radial error=128.815, avgs=0
290/300: dt: 0.9000, rms radial error=128.087, avgs=0
295/300: dt: 0.9000, rms radial error=127.364, avgs=0
300/300: dt: 0.9000, rms radial error=126.645, avgs=0

spherical inflation complete.
epoch 1 (K=10.0), pass 1, starting sse = 18658.34
taking momentum steps...
taking momentum steps...
taking momentum steps...
taking momentum steps...
pass 1 complete, delta sse/iter = 0.00/13 = 0.00038
epoch 2 (K=40.0), pass 1, starting sse = 3134.01
taking momentum steps...
taking momentum steps...
taking momentum steps...
taking momentum steps...
pass 1 complete, delta sse/iter = 0.00/13 = 0.00014
epoch 3 (K=160.0), pass 1, starting sse = 329.48
taking momentum steps...
taking momentum steps...
taking momentum steps...
taking momentum steps...
pass 1 complete, delta sse/iter = 0.11/15 = 0.00749
epoch 4 (K=640.0), pass 1, starting sse = 22.97
taking momentum steps...
taking momentum steps...
taking momentum steps...
taking momentum steps...
pass 1 complete, delta sse/iter = 0.09/18 = 0.00488
final distance error %100000.00
writing spherical brain to ../surf/rh.qsphere.nofix
spherical transformation took 0.0222 hours
FSRUNTIME@ mris_sphere  0.0222 hours 16 threads
#VMPC# mris_sphere VmPeak  1585204
mris_sphere done
#@# Fix Topology rh Tue Mar 10 09:21:18 CET 2026

 mris_fix_topology -mgz -sphere qsphere.nofix -inflated inflated.nofix -orig orig.nofix -out orig.premesh -ga -seed 1234 sub-v1s8x0051333_ses-1 rh 

reading spherical homeomorphism from 'qsphere.nofix'
reading inflated coordinates from 'inflated.nofix'
reading original coordinates from 'orig.nofix'
using genetic algorithm with optimized parameters
setting seed for random number genererator to 1234

*************************************************************
Topology Correction Parameters
retessellation mode:           genetic search
number of patches/generation : 10
number of generations :        10
surface mri loglikelihood coefficient :         1.0
volume mri loglikelihood coefficient :          10.0
normal dot loglikelihood coefficient :          1.0
quadratic curvature loglikelihood coefficient : 1.0
volume resolution :                             2
eliminate vertices during search :              1
initial patch selection :                       1
select all defect vertices :                    0
ordering dependant retessellation:              0
use precomputed edge table :                    0
smooth retessellated patch :                    2
match retessellated patch :                     1
verbose mode :                                  0

*************************************************************
INFO: assuming .mgz format
writing corrected surface to 'orig.premesh'
7.3.2
  7.3.2
before topology correction, eno=-86 (nv=157364, nf=314900, ne=472350, g=44)
using quasi-homeomorphic spherical map to tessellate cortical surface...

Correction of the Topology
Finding true center and radius of Spherical Surface...done
Surface centered at (0,0,0) with radius 100.0 in 7 iterations
marking ambiguous vertices...
11332 ambiguous faces found in tessellation
segmenting defects...
35 defects found, arbitrating ambiguous regions...
analyzing neighboring defects...
      -merging segment 23 into 18
      -merging segment 32 into 30
33 defects to be corrected 
0 vertices coincident
reading input surface /out/sourcedata/freesurfer/sub-v1s8x0051333_ses-1/surf/rh.qsphere.nofix...
reading brain volume from brain...
reading wm segmentation from wm...
Reading original properties of orig.nofix
Reading vertex positions of inflated.nofix
Computing Initial Surface Statistics
      -face       loglikelihood: -8.6971  (-4.3486)
      -vertex     loglikelihood: -5.5369  (-2.7685)
      -normal dot loglikelihood: -3.6191  (-3.6191)
      -quad curv  loglikelihood: -6.1155  (-3.0578)
      Total Loglikelihood : -23.9687
CORRECTING DEFECT 0 (vertices=45, convex hull=76, v0=19284)
After retessellation of defect 0 (v0=19284), euler #=-31 (150987,451443,300425) : difference with theory (-30) = 1 
CORRECTING DEFECT 1 (vertices=119, convex hull=86, v0=25547)
After retessellation of defect 1 (v0=25547), euler #=-30 (151021,451582,300531) : difference with theory (-29) = 1 
CORRECTING DEFECT 2 (vertices=32, convex hull=48, v0=33568)
After retessellation of defect 2 (v0=33568), euler #=-29 (151030,451632,300573) : difference with theory (-28) = 1 
CORRECTING DEFECT 3 (vertices=49, convex hull=86, v0=42283)
After retessellation of defect 3 (v0=42283), euler #=-28 (151053,451739,300658) : difference with theory (-27) = 1 
CORRECTING DEFECT 4 (vertices=35, convex hull=27, v0=45623)
After retessellation of defect 4 (v0=45623), euler #=-27 (151058,451763,300678) : difference with theory (-26) = 1 
CORRECTING DEFECT 5 (vertices=25, convex hull=33, v0=47520)
After retessellation of defect 5 (v0=47520), euler #=-26 (151068,451804,300710) : difference with theory (-25) = 1 
CORRECTING DEFECT 6 (vertices=74, convex hull=46, v0=48075)
After retessellation of defect 6 (v0=48075), euler #=-25 (151079,451852,300748) : difference with theory (-24) = 1 
CORRECTING DEFECT 7 (vertices=13, convex hull=49, v0=48776)
After retessellation of defect 7 (v0=48776), euler #=-24 (151082,451879,300773) : difference with theory (-23) = 1 
CORRECTING DEFECT 8 (vertices=102, convex hull=61, v0=49795)
After retessellation of defect 8 (v0=49795), euler #=-23 (151109,451985,300853) : difference with theory (-22) = 1 
CORRECTING DEFECT 9 (vertices=33, convex hull=74, v0=55242)
After retessellation of defect 9 (v0=55242), euler #=-22 (151131,452083,300930) : difference with theory (-21) = 1 
CORRECTING DEFECT 10 (vertices=10, convex hull=21, v0=58517)
After retessellation of defect 10 (v0=58517), euler #=-21 (151135,452102,300946) : difference with theory (-20) = 1 
CORRECTING DEFECT 11 (vertices=475, convex hull=259, v0=59285)
After retessellation of defect 11 (v0=59285), euler #=-20 (151170,452326,301136) : difference with theory (-19) = 1 
CORRECTING DEFECT 12 (vertices=83, convex hull=88, v0=68910)
After retessellation of defect 12 (v0=68910), euler #=-19 (151199,452453,301235) : difference with theory (-18) = 1 
CORRECTING DEFECT 13 (vertices=13, convex hull=27, v0=69093)
After retessellation of defect 13 (v0=69093), euler #=-18 (151201,452470,301251) : difference with theory (-17) = 1 
CORRECTING DEFECT 14 (vertices=57, convex hull=47, v0=77469)
After retessellation of defect 14 (v0=77469), euler #=-17 (151210,452514,301287) : difference with theory (-16) = 1 
CORRECTING DEFECT 15 (vertices=2414, convex hull=485, v0=81237)
An extra large defect has been detected...
This often happens because cerebellum or dura has not been removed from wm.mgz.
This may cause recon-all to run very slowly or crash.
if so, see https://surfer.nmr.mgh.harvard.edu/fswiki/FsTutorial/TopologicalDefect_freeview
After retessellation of defect 15 (v0=81237), euler #=-17 (151365,453235,301853) : difference with theory (-15) = 2 
CORRECTING DEFECT 16 (vertices=5, convex hull=30, v0=85299)
After retessellation of defect 16 (v0=85299), euler #=-16 (151367,453250,301867) : difference with theory (-14) = 2 
CORRECTING DEFECT 17 (vertices=754, convex hull=335, v0=85883)
Warning - incorrect dp selected!!!!(-97.027619 >= -96.991523 ) 
After retessellation of defect 17 (v0=85883), euler #=-15 (151526,453901,302360) : difference with theory (-13) = 2 
CORRECTING DEFECT 18 (vertices=1174, convex hull=519, v0=89330)
A large defect has been detected...
This often happens because cerebellum or dura has not been removed from wm.mgz.
This may cause recon-all to run very slowly or crash.
if so, see https://surfer.nmr.mgh.harvard.edu/fswiki/FsTutorial/TopologicalDefect_freeview
After retessellation of defect 18 (v0=89330), euler #=-13 (151560,454281,302708) : difference with theory (-12) = 1 
CORRECTING DEFECT 19 (vertices=17, convex hull=39, v0=93684)
After retessellation of defect 19 (v0=93684), euler #=-12 (151565,454309,302732) : difference with theory (-11) = 1 
CORRECTING DEFECT 20 (vertices=5, convex hull=17, v0=95829)
After retessellation of defect 20 (v0=95829), euler #=-11 (151565,454314,302738) : difference with theory (-10) = 1 
CORRECTING DEFECT 21 (vertices=44, convex hull=70, v0=97334)
After retessellation of defect 21 (v0=97334), euler #=-10 (151577,454379,302792) : difference with theory (-9) = 1 
CORRECTING DEFECT 22 (vertices=152, convex hull=53, v0=101330)
After retessellation of defect 22 (v0=101330), euler #=-9 (151586,454432,302837) : difference with theory (-8) = 1 
CORRECTING DEFECT 23 (vertices=148, convex hull=119, v0=110637)
After retessellation of defect 23 (v0=110637), euler #=-8 (151595,454509,302906) : difference with theory (-7) = 1 
CORRECTING DEFECT 24 (vertices=37, convex hull=59, v0=111690)
After retessellation of defect 24 (v0=111690), euler #=-7 (151610,454575,302958) : difference with theory (-6) = 1 
CORRECTING DEFECT 25 (vertices=47, convex hull=42, v0=111713)
After retessellation of defect 25 (v0=111713), euler #=-6 (151619,454615,302990) : difference with theory (-5) = 1 
CORRECTING DEFECT 26 (vertices=38, convex hull=47, v0=113389)
After retessellation of defect 26 (v0=113389), euler #=-5 (151630,454665,303030) : difference with theory (-4) = 1 
CORRECTING DEFECT 27 (vertices=42, convex hull=51, v0=121311)
After retessellation of defect 27 (v0=121311), euler #=-4 (151643,454727,303080) : difference with theory (-3) = 1 
CORRECTING DEFECT 28 (vertices=32, convex hull=28, v0=127693)
After retessellation of defect 28 (v0=127693), euler #=-3 (151650,454757,303104) : difference with theory (-2) = 1 
CORRECTING DEFECT 29 (vertices=233, convex hull=249, v0=129922)
After retessellation of defect 29 (v0=129922), euler #=-1 (151718,455085,303366) : difference with theory (-1) = 0 
CORRECTING DEFECT 30 (vertices=12, convex hull=21, v0=132409)
After retessellation of defect 30 (v0=132409), euler #=0 (151720,455097,303377) : difference with theory (0) = 0 
CORRECTING DEFECT 31 (vertices=33, convex hull=66, v0=139633)
After retessellation of defect 31 (v0=139633), euler #=1 (151735,455167,303433) : difference with theory (1) = 0 
CORRECTING DEFECT 32 (vertices=38, convex hull=69, v0=148255)
After retessellation of defect 32 (v0=148255), euler #=2 (151744,455226,303484) : difference with theory (2) = 0 
computing original vertex metric properties...
storing new metric properties...
computing tessellation statistics...
vertex spacing 0.89 +- 0.25 (0.09-->12.25) (max @ vno 97476 --> 105272)
face area -nan +- -nan (1000.00-->-1.00)
performing soap bubble on retessellated vertices for 0 iterations...
vertex spacing 0.89 +- 0.25 (0.09-->12.25) (max @ vno 97476 --> 105272)
face area -nan +- -nan (1000.00-->-1.00)
tessellation finished, orienting corrected surface...
124 mutations (32.8%), 254 crossovers (67.2%), 944 vertices were eliminated
building final representation...
5620 vertices and 0 faces have been removed from triangulation
after topology correction, eno=2 (nv=151744, nf=303484, ne=455226, g=0)
writing corrected surface to /out/sourcedata/freesurfer/sub-v1s8x0051333_ses-1/surf/rh.orig.premesh...

0.000 % of the vertices (0 vertices) exhibit an orientation change
removing intersecting faces
000: 596 intersecting
001: 97 intersecting
002: 22 intersecting
003: 9 intersecting
step 1 with no progress (num=9, old_num=9)
004: 9 intersecting
step 2 with no progress (num=9, old_num=9)
005: 9 intersecting
step 3 with no progress (num=9, old_num=9)
006: 9 intersecting
step 4 with no progress (num=9, old_num=9)
007: 9 intersecting
step 5 with no progress (num=9, old_num=9)
008: 9 intersecting
step 6 with no progress (num=9, old_num=9)
009: 9 intersecting
step 7 with no progress (num=9, old_num=9)
010: 9 intersecting
step 8 with no progress (num=9, old_num=9)
011: 9 intersecting
step 9 with no progress (num=9, old_num=9)
012: 9 intersecting
step 10 with no progress (num=9, old_num=9)
013: 9 intersecting
step 11 with no progress (num=9, old_num=9)
014: 9 intersecting
step 12 with no progress (num=9, old_num=9)
015: 9 intersecting
step 13 with no progress (num=9, old_num=9)
016: 9 intersecting
step 14 with no progress (num=9, old_num=9)
017: 9 intersecting
step 15 with no progress (num=9, old_num=9)
018: 9 intersecting
step 16 with no progress (num=9, old_num=9)
terminating search with 9 intersecting
topology fixing took 6.2 minutes
FSRUNTIME@ mris_fix_topology rh  0.1032 hours 16 threads
#VMPC# mris_fix_topology VmPeak  1874012

 mris_euler_number ../surf/rh.orig.premesh 

euler # = v-e+f = 2g-2: 151744 - 455226 + 303484 = 2 --> 0 holes
      F =2V-4:          303484 = 303488-4 (0)
      2E=3F:            910452 = 910452 (0)

total defect index = 0
Tue Mar 10 09:27:30 CET 2026

setenv SUBJECTS_DIR /out/sourcedata/freesurfer
cd /out/sourcedata/freesurfer/sub-v1s8x0051333_ses-1/scripts
/opt/freesurfer/bin/defect2seg --s sub-v1s8x0051333_ses-1 --rh-only --cortex

freesurfer-linux-ubuntu22_x86_64-7.3.2-20220804-6354275
defect2seg 7.3.2
Linux dna029 5.14.0-427.37.1.el9_4.x86_64 #1 SMP PREEMPT_DYNAMIC Fri Sep 13 12:41:50 EDT 2024 x86_64 x86_64 x86_64 GNU/Linux
pid 132044
mri_label2label --label-cortex /out/sourcedata/freesurfer/sub-v1s8x0051333_ses-1/surf/rh.orig.nofix /out/sourcedata/freesurfer/sub-v1s8x0051333_ses-1/mri/aseg.presurf.mgz 0 /out/sourcedata/freesurfer/sub-v1s8x0051333_ses-1/label/rh.nofix.cortex.label

 Generating cortex label... RemoveHipAmgy=0
 NucAccIsMedialWall=0
 mris->useRealRAS=0
18 non-cortical segments detected
only using segment with 8811 vertices
erasing segment 1 (vno[0] = 66315)
erasing segment 2 (vno[0] = 66323)
erasing segment 3 (vno[0] = 66763)
erasing segment 4 (vno[0] = 78247)
erasing segment 5 (vno[0] = 79445)
erasing segment 6 (vno[0] = 81666)
erasing segment 7 (vno[0] = 85155)
erasing segment 8 (vno[0] = 87658)
erasing segment 9 (vno[0] = 91387)
erasing segment 10 (vno[0] = 95048)
erasing segment 11 (vno[0] = 110689)
erasing segment 12 (vno[0] = 111746)
erasing segment 13 (vno[0] = 111891)
erasing segment 14 (vno[0] = 111993)
erasing segment 15 (vno[0] = 113167)
erasing segment 16 (vno[0] = 115556)
erasing segment 17 (vno[0] = 115581)
mri_label2vol --defects /out/sourcedata/freesurfer/sub-v1s8x0051333_ses-1/surf/rh.orig.nofix /out/sourcedata/freesurfer/sub-v1s8x0051333_ses-1/surf/rh.defect_labels /out/sourcedata/freesurfer/sub-v1s8x0051333_ses-1/mri/orig.mgz 2000 0 /out/sourcedata/freesurfer/sub-v1s8x0051333_ses-1/mri/rh.surface.defects.mgz /out/sourcedata/freesurfer/sub-v1s8x0051333_ses-1/label/rh.nofix.cortex.label
mri_label2vol supposed to be reproducible but seed not set
Contraining to label /out/sourcedata/freesurfer/sub-v1s8x0051333_ses-1/label/rh.nofix.cortex.label
Changing input type 0 to MRI_INT
Converting defects to volume: offset=2000, merge=0
Writing to /out/sourcedata/freesurfer/sub-v1s8x0051333_ses-1/mri/rh.surface.defects.mgz
mris_defects_pointset -s /out/sourcedata/freesurfer/sub-v1s8x0051333_ses-1/surf/rh.orig.nofix -d /out/sourcedata/freesurfer/sub-v1s8x0051333_ses-1/surf/rh.defect_labels -o /out/sourcedata/freesurfer/sub-v1s8x0051333_ses-1/surf/rh.defects.pointset --label /out/sourcedata/freesurfer/sub-v1s8x0051333_ses-1/label/rh.nofix.cortex.label
Reading in surface /out/sourcedata/freesurfer/sub-v1s8x0051333_ses-1/surf/rh.orig.nofix
Reading in defect segmentation /out/sourcedata/freesurfer/sub-v1s8x0051333_ses-1/surf/rh.defect_labels
Reading in label /out/sourcedata/freesurfer/sub-v1s8x0051333_ses-1/label/rh.nofix.cortex.label
#VMPC# mris_defects_pointset 1317672
mris_defects_pointset done
 
Started at Tue Mar 10 09:27:30 CET 2026 
Ended   at Tue Mar 10 09:27:49 CET 2026
Defect2seg-Run-Time-Sec 19
Defect2seg-Run-Time-Min 0.38
Defect2seg-Run-Time-Hours 0.01
 
tkmeditfv sub-v1s8x0051333_ses-1 brain.finalsurfs.mgz -defect
defect2seg Done

 mris_remesh --remesh --iters 3 --input /out/sourcedata/freesurfer/sub-v1s8x0051333_ses-1/surf/rh.orig.premesh --output /out/sourcedata/freesurfer/sub-v1s8x0051333_ses-1/surf/rh.orig 

iters = 3
standard remeshing without target
   adjusted l: 0.714813
remeshing to edge length 0.714813 with 3 iterations

avg qual before   : 0.892013  after: 0.971181

Removing intersections
removing intersecting faces
000: 63 intersecting
001: 40 intersecting
002: 31 intersecting
step 1 with no progress (num=31, old_num=31)
003: 31 intersecting
step 2 with no progress (num=31, old_num=31)
004: 31 intersecting
step 3 with no progress (num=31, old_num=31)
005: 31 intersecting
step 4 with no progress (num=31, old_num=31)
006: 31 intersecting
step 5 with no progress (num=31, old_num=31)
007: 31 intersecting
step 6 with no progress (num=31, old_num=31)
008: 31 intersecting
step 7 with no progress (num=31, old_num=31)
009: 31 intersecting
step 8 with no progress (num=31, old_num=31)
010: 31 intersecting
step 9 with no progress (num=31, old_num=31)
011: 31 intersecting
step 10 with no progress (num=31, old_num=31)
012: 31 intersecting
step 11 with no progress (num=31, old_num=31)
013: 31 intersecting
step 12 with no progress (num=31, old_num=31)
014: 31 intersecting
step 13 with no progress (num=31, old_num=31)
015: 31 intersecting
step 14 with no progress (num=31, old_num=31)
016: 31 intersecting
step 15 with no progress (num=31, old_num=31)
017: 31 intersecting
step 16 with no progress (num=31, old_num=31)
terminating search with 31 intersecting
Remeshed surface quality stats nv0 = 151744  nv = 158611  1.04525
Area    317218  0.30570  0.03422 0.023171   0.4708
Corner  951654 60.00000  8.81473 8.947842 151.9683
Edge    475827  0.84823  0.08298 0.163271   1.3341
Hinge   475827  9.44507  9.76336 0.000000 170.5032
mris_remesh done
/out/sourcedata/freesurfer/sub-v1s8x0051333_ses-1/scripts

 mris_remove_intersection ../surf/rh.orig ../surf/rh.orig 

intersection removal took 0.01 hours
removing intersecting faces
000: 31 intersecting
step 1 with no progress (num=31, old_num=31)
001: 31 intersecting
step 2 with no progress (num=31, old_num=31)
002: 31 intersecting
step 3 with no progress (num=31, old_num=31)
003: 31 intersecting
step 4 with no progress (num=31, old_num=31)
004: 31 intersecting
step 5 with no progress (num=31, old_num=31)
005: 31 intersecting
step 6 with no progress (num=31, old_num=31)
006: 31 intersecting
step 7 with no progress (num=31, old_num=31)
007: 31 intersecting
step 8 with no progress (num=31, old_num=31)
008: 31 intersecting
step 9 with no progress (num=31, old_num=31)
009: 31 intersecting
step 10 with no progress (num=31, old_num=31)
010: 31 intersecting
step 11 with no progress (num=31, old_num=31)
011: 31 intersecting
step 12 with no progress (num=31, old_num=31)
012: 31 intersecting
step 13 with no progress (num=31, old_num=31)
013: 31 intersecting
step 14 with no progress (num=31, old_num=31)
014: 31 intersecting
step 15 with no progress (num=31, old_num=31)
015: 31 intersecting
step 16 with no progress (num=31, old_num=31)
terminating search with 31 intersecting
writing corrected surface to ../surf/rh.orig

 rm -f ../surf/rh.inflated 

#--------------------------------------------
#@# AutoDetGWStats rh Tue Mar 10 09:29:37 CET 2026
cd /out/sourcedata/freesurfer/sub-v1s8x0051333_ses-1/mri
mris_autodet_gwstats --o ../surf/autodet.gw.stats.rh.dat --i brain.finalsurfs.mgz --wm wm.mgz --surf ../surf/rh.orig.premesh
7.3.2

cd /out/sourcedata/freesurfer/sub-v1s8x0051333_ses-1/mri
setenv SUBJECTS_DIR /out/sourcedata/freesurfer
mris_autodet_gwstats --o ../surf/autodet.gw.stats.rh.dat --i brain.finalsurfs.mgz --wm wm.mgz --surf ../surf/rh.orig.premesh 

border white:    308274 voxels (1.84%)
border gray      327210 voxels (1.95%)
Reading in intensity volume brain.finalsurfs.mgz
Reading in wm volume wm.mgz
Reading in surf ../surf/rh.orig.premesh
Auto detecting stats
MRIclipBrightWM(): nthresh=23999, wmmin=5, clip=110 
Binarizing thresholding at 5
computing class statistics... low=30, hi=110.000000
CCS WM (102.0): 102.3 +- 5.2 [70.0 --> 110.0]
CCS GM (89.0) : 86.2 +- 11.4 [30.0 --> 110.0]
white_mean = 102.333 +/- 5.16748, gray_mean = 86.228 +/- 11.353
using class modes intead of means, discounting robust sigmas....
MRIScomputeClassModes(): min=0 max=174 nbins=175
intensity peaks found at WM=105+-5.2,    GM=90+-6.1
white_mode = 105, gray_mode = 90
std_scale = 1
Applying sanity checks, max_scale_down = 0.2
setting MIN_GRAY_AT_WHITE_BORDER to 78.6 (was 70.000000)
setting MAX_BORDER_WHITE to 110.2 (was 105.000000)
setting MIN_BORDER_WHITE to 90.0 (was 85.000000)
setting MAX_CSF to 67.3 (was 40.000000)
setting MAX_GRAY to 99.8 (was 95.000000)
setting MAX_GRAY_AT_CSF_BORDER to 78.6 (was 75.000000)
setting MIN_GRAY_AT_CSF_BORDER to 55.9 (was 40.000000)
When placing the white surface
  white_border_hi   = 110.167;
  white_border_low  = 90;
  white_outside_low = 78.647;
  white_inside_hi   = 120;
  white_outside_hi  = 110.167;
When placing the pial surface
  pial_border_hi   = 78.647;
  pial_border_low  = 55.9409;
  pial_outside_low = 10;
  pial_inside_hi   = 99.8325;
  pial_outside_hi  = 72.9705;
#VMPC# mris_autodet_gwstats VmPeak  1565100
mris_autodet_gwstats done
#--------------------------------------------
#@# WhitePreAparc rh Tue Mar 10 09:29:41 CET 2026
cd /out/sourcedata/freesurfer/sub-v1s8x0051333_ses-1/mri
mris_place_surface --adgws-in ../surf/autodet.gw.stats.rh.dat --wm wm.mgz --threads 16 --invol brain.finalsurfs.mgz --rh --i ../surf/rh.orig --o ../surf/rh.white.preaparc --white --seg aseg.presurf.mgz --nsmooth 5
7.3.2
7.3.2

cd /out/sourcedata/freesurfer/sub-v1s8x0051333_ses-1/mri
setenv SUBJECTS_DIR /out/sourcedata/freesurfer
mris_place_surface --adgws-in ../surf/autodet.gw.stats.rh.dat --wm wm.mgz --threads 16 --invol brain.finalsurfs.mgz --rh --i ../surf/rh.orig --o ../surf/rh.white.preaparc --white --seg aseg.presurf.mgz --nsmooth 5 

Reading in input surface ../surf/rh.orig
Smoothing surface before ripping with 5 iterations
removing intersecting faces
000: 13 intersecting
step 1 with no progress (num=13, old_num=13)
001: 13 intersecting
002: 12 intersecting
step 1 with no progress (num=15, old_num=12)
003: 15 intersecting
step 2 with no progress (num=20, old_num=15)
004: 20 intersecting
005: 11 intersecting
step 1 with no progress (num=11, old_num=11)
006: 11 intersecting
step 2 with no progress (num=11, old_num=11)
007: 11 intersecting
step 3 with no progress (num=11, old_num=11)
008: 11 intersecting
step 4 with no progress (num=11, old_num=11)
009: 11 intersecting
step 5 with no progress (num=11, old_num=11)
010: 11 intersecting
step 6 with no progress (num=11, old_num=11)
011: 11 intersecting
step 7 with no progress (num=11, old_num=11)
012: 11 intersecting
step 8 with no progress (num=11, old_num=11)
013: 11 intersecting
step 9 with no progress (num=11, old_num=11)
014: 11 intersecting
step 10 with no progress (num=11, old_num=11)
015: 11 intersecting
step 11 with no progress (num=11, old_num=11)
016: 11 intersecting
step 12 with no progress (num=11, old_num=11)
017: 11 intersecting
step 13 with no progress (num=11, old_num=11)
018: 11 intersecting
step 14 with no progress (num=11, old_num=11)
019: 11 intersecting
step 15 with no progress (num=11, old_num=11)
020: 11 intersecting
step 16 with no progress (num=11, old_num=11)
terminating search with 11 intersecting
Area    317218  0.27209  0.06243 0.000000   0.6296
Corner  951654 60.00000  9.18574 0.634885 178.5484
Edge    475827  0.79618  0.11259 0.000153   1.3946
Hinge   475827  6.31978  6.25066 0.000020 161.3270
Not reading in aparc
Reading in input volume brain.finalsurfs.mgz
Reading in wm volume wm.mgz
MRIclipBrightWM(): nthresh=23999, wmmin=5, clip=110 
MRIfindBrightNonWM(): 545 bright non-wm voxels segmented.
Masking bright non-wm for white surface
MRImask(): AllowDiffGeom = 1
MRImask(): AllowDiffGeom = 1
Reading in seg volume aseg.presurf.mgz
Ripping frozen voxels
INFO: rip surface needed but not specified, so using input surface
Freezing midline and others
Entering: MRISripMidline(): inhibiting deformation at non-cortical midline structures...
  which=1, fix_mtl=0, using annot = 0
#FML0# MRISripMidline(): nripped=0
removing 3 vertices from ripped group in thread:0
removing 2 vertices from ripped group in thread:0
#FML# MRISripMidline(): nmarked=6616, nmarked2=0, nripped=6616
Ripping segs (eg, WMSA, BG, frozen)
Starting MRISripSegs() d = (-2 2 0.5) segnos: 247 
MRISripSegs(): -2 2 0.5 ripped 0
vertex 79306: xyz = (42.7246,-9.69283,24.7592) oxyz = (42.7246,-9.69283,24.7592) wxzy = (42.7246,-9.69283,24.7592) pxyz = (0,0,0) 
CBVO Creating mask 158611
n_averages 4
Iteration 0 =========================================
n_averages=4, current_sigma=2
Freezing midline and others
Ripping frozen voxels
INFO: rip surface needed but not specified, so using input surface
Freezing midline and others
Entering: MRISripMidline(): inhibiting deformation at non-cortical midline structures...
  which=1, fix_mtl=0, using annot = 0
#FML0# MRISripMidline(): nripped=6616
removing 3 vertices from ripped group in thread:0
removing 2 vertices from ripped group in thread:0
#FML# MRISripMidline(): nmarked=6616, nmarked2=0, nripped=6616
Ripping segs (eg, WMSA, BG, frozen)
Starting MRISripSegs() d = (-2 2 0.5) segnos: 247 247 
MRISripSegs(): -2 2 0.5 ripped 0
Computing target border values 
Entering MRIScomputeBorderValues_new(): 
  inside_hi   = 120.0000000;
  border_hi   = 110.1674800;
  border_low  =  90.0000000;
  outside_low =  78.6469800;
  outside_hi  = 110.1674800;
  sigma = 2;
  max_thickness = 10;
  step_size=0.5;
  STEP_SIZE=0.1;
  which = 1
  thresh = 0
  flags = 0
  CBVfindFirstPeakD1=0
  CBVfindFirstPeakD2=0
  nvertices=158611
  Gdiag_no=-1
  vno start=0, stop=158611
Replacing 255s with 0s
#SI# sigma=2 had to be increased for 89 vertices, nripped=6616
mean border=95.2, 292 (292) missing vertices, mean dist 0.0 [0.9 (%44.6)->0.7 (%55.4))]
%46 local maxima, %49 large gradients and % 0 min vals, 0 gradients ignored
nFirstPeakD1 0
MRIScomputeBorderValues_new() finished in 0.0185 min


Finding expansion regions
mean absolute distance = 0.81 +- 1.18
4483 vertices more than 2 sigmas from mean.
Averaging target values for 5 iterations...
Positioning Surface: tspring = 0.3, nspring = 0.3, spring = 0, niters = 100 l_repulse = 5, l_surf_repulse = 0, checktol = 0
Positioning pial surface
Entering MRISpositionSurface()
  max_mm = 0.3
  MAX_REDUCTIONS = 2, REDUCTION_PCT = 0.5
  parms->check_tol = 0, niterations = 100
tol=1.0e-04, sigma=2.0, host=dna02, nav=4, nbrs=2, l_repulse=5.000, l_tspring=0.300, l_nspring=0.300, l_intensity=0.200, l_curv=1.000
mom=0.00, dt=0.50
complete_dist_mat 0
rms 0
smooth_averages 0
remove_neg 0
ico_order 0
which_surface 0
target_radius 0.000000
nfields 0
scale 0.000000
desired_rms_height 0.000000
momentum 0.000000
nbhd_size 0
max_nbrs 0
niterations 100
nsurfaces 0
SURFACES 3
flags 0 (0)
use curv 0
no sulc 0
no rigid align 0
mris->nsize 2
mris->hemisphere 1
randomSeed 0

000: dt: 0.0000, sse=1358068.5, rms=5.699
001: dt: 0.5000, sse=674597.5, rms=3.678 (35.466%)
002: dt: 0.5000, sse=451954.4, rms=2.443 (33.572%)
003: dt: 0.5000, sse=299143.0, rms=1.746 (28.529%)
004: dt: 0.5000, sse=276084.0, rms=1.428 (18.216%)
005: dt: 0.5000, sse=263293.7, rms=1.311 (8.188%)
rms = 1.2319/1.3112, sse=269171.7/263293.7, time step reduction 1 of 3 to 0.250  0 1 0
006: dt: 0.5000, sse=269171.7, rms=1.232 (6.045%)
007: dt: 0.2500, sse=251201.9, rms=1.080 (12.322%)
rms = 1.0599/1.0801, sse=242765.6/251201.9, time step reduction 2 of 3 to 0.125  0 0 1
008: dt: 0.2500, sse=242765.6, rms=1.060 (1.868%)
rms = 1.0440/1.0599, sse=250813.2/242765.6, time step reduction 3 of 3 to 0.062  0 1 1
009: dt: 0.1250, sse=250813.2, rms=1.044 (1.499%)
  maximum number of reductions reached, breaking from loop
positioning took 0.9 minutes
Iteration 1 =========================================
n_averages=2, current_sigma=1
Freezing midline and others
Ripping frozen voxels
INFO: rip surface needed but not specified, so using input surface
Freezing midline and others
Entering: MRISripMidline(): inhibiting deformation at non-cortical midline structures...
  which=1, fix_mtl=0, using annot = 0
#FML0# MRISripMidline(): nripped=6616
removing 2 vertices from ripped group in thread:0
removing 2 vertices from ripped group in thread:0
removing 4 vertices from ripped group in thread:0
removing 4 vertices from ripped group in thread:0
#FML# MRISripMidline(): nmarked=6801, nmarked2=0, nripped=6801
Ripping segs (eg, WMSA, BG, frozen)
Starting MRISripSegs() d = (-2 2 0.5) segnos: 247 247 247 
MRISripSegs(): -2 2 0.5 ripped 0
Computing target border values 
Entering MRIScomputeBorderValues_new(): 
  inside_hi   = 120.0000000;
  border_hi   = 110.1674800;
  border_low  =  90.0000000;
  outside_low =  78.6469800;
  outside_hi  = 110.1674800;
  sigma = 1;
  max_thickness = 10;
  step_size=0.5;
  STEP_SIZE=0.1;
  which = 1
  thresh = 0
  flags = 0
  CBVfindFirstPeakD1=0
  CBVfindFirstPeakD2=0
  nvertices=158611
  Gdiag_no=-1
  vno start=0, stop=158611
Replacing 255s with 0s
#SI# sigma=1 had to be increased for 231 vertices, nripped=6801
mean border=96.9, 291 (97) missing vertices, mean dist -0.4 [0.7 (%64.7)->0.3 (%35.3))]
%62 local maxima, %34 large gradients and % 0 min vals, 0 gradients ignored
nFirstPeakD1 0
MRIScomputeBorderValues_new() finished in 0.0129 min


Finding expansion regions
mean absolute distance = 0.56 +- 0.91
5697 vertices more than 2 sigmas from mean.
Averaging target values for 5 iterations...
Positioning Surface: tspring = 0.3, nspring = 0.3, spring = 0, niters = 100 l_repulse = 5, l_surf_repulse = 0, checktol = 0
Positioning pial surface
Entering MRISpositionSurface()
  max_mm = 0.3
  MAX_REDUCTIONS = 2, REDUCTION_PCT = 0.5
  parms->check_tol = 0, niterations = 100
tol=1.0e-04, sigma=1.0, host=dna02, nav=2, nbrs=2, l_repulse=5.000, l_tspring=0.300, l_nspring=0.300, l_intensity=0.200, l_curv=1.000
mom=0.00, dt=0.50
000: dt: 0.0000, sse=497682.2, rms=2.864
010: dt: 0.5000, sse=375570.8, rms=1.987 (30.628%)
011: dt: 0.5000, sse=332809.8, rms=1.594 (19.802%)
012: dt: 0.5000, sse=324313.0, rms=1.416 (11.139%)
013: dt: 0.5000, sse=317303.5, rms=1.306 (7.739%)
014: dt: 0.5000, sse=310836.7, rms=1.244 (4.784%)
rms = 1.1470/1.2440, sse=326940.5/310836.7, time step reduction 1 of 3 to 0.250  0 1 0
015: dt: 0.5000, sse=326940.4, rms=1.147 (7.795%)
016: dt: 0.2500, sse=296382.9, rms=1.048 (8.608%)
rms = 1.0151/1.0483, sse=301661.7/296382.9, time step reduction 2 of 3 to 0.125  0 1 1
017: dt: 0.2500, sse=301661.8, rms=1.015 (3.166%)
rms = 0.9897/1.0151, sse=287296.1/301661.7, time step reduction 3 of 3 to 0.062  0 0 1
018: dt: 0.1250, sse=287296.1, rms=0.990 (2.503%)
  maximum number of reductions reached, breaking from loop
positioning took 0.9 minutes
Iteration 2 =========================================
n_averages=1, current_sigma=0.5
Freezing midline and others
Ripping frozen voxels
INFO: rip surface needed but not specified, so using input surface
Freezing midline and others
Entering: MRISripMidline(): inhibiting deformation at non-cortical midline structures...
  which=1, fix_mtl=0, using annot = 0
#FML0# MRISripMidline(): nripped=6801
removing 3 vertices from ripped group in thread:0
removing 2 vertices from ripped group in thread:0
removing 2 vertices from ripped group in thread:0
removing 4 vertices from ripped group in thread:0
removing 4 vertices from ripped group in thread:0
removing 4 vertices from ripped group in thread:0
removing 2 vertices from ripped group in thread:0
#FML# MRISripMidline(): nmarked=6839, nmarked2=0, nripped=6839
Ripping segs (eg, WMSA, BG, frozen)
Starting MRISripSegs() d = (-2 2 0.5) segnos: 247 247 247 247 
MRISripSegs(): -2 2 0.5 ripped 0
Computing target border values 
Entering MRIScomputeBorderValues_new(): 
  inside_hi   = 120.0000000;
  border_hi   = 110.1674800;
  border_low  =  90.0000000;
  outside_low =  78.6469800;
  outside_hi  = 110.1674800;
  sigma = 0.5;
  max_thickness = 10;
  step_size=0.5;
  STEP_SIZE=0.1;
  which = 1
  thresh = 0
  flags = 0
  CBVfindFirstPeakD1=0
  CBVfindFirstPeakD2=0
  nvertices=158611
  Gdiag_no=-1
  vno start=0, stop=158611
Replacing 255s with 0s
#SI# sigma=0.5 had to be increased for 541 vertices, nripped=6839
mean border=98.5, 304 (56) missing vertices, mean dist -0.3 [0.5 (%71.1)->0.2 (%28.9))]
%77 local maxima, %18 large gradients and % 0 min vals, 0 gradients ignored
nFirstPeakD1 0
MRIScomputeBorderValues_new() finished in 0.0073 min


Finding expansion regions
mean absolute distance = 0.43 +- 0.59
5128 vertices more than 2 sigmas from mean.
Averaging target values for 5 iterations...
Positioning Surface: tspring = 0.3, nspring = 0.3, spring = 0, niters = 100 l_repulse = 5, l_surf_repulse = 0, checktol = 0
Positioning pial surface
Entering MRISpositionSurface()
  max_mm = 0.3
  MAX_REDUCTIONS = 2, REDUCTION_PCT = 0.5
  parms->check_tol = 0, niterations = 100
tol=1.0e-04, sigma=0.5, host=dna02, nav=1, nbrs=2, l_repulse=5.000, l_tspring=0.300, l_nspring=0.300, l_intensity=0.200, l_curv=1.000
mom=0.00, dt=0.50
000: dt: 0.0000, sse=442109.4, rms=2.513
019: dt: 0.5000, sse=375798.1, rms=1.602 (36.228%)
020: dt: 0.5000, sse=334401.1, rms=1.209 (24.543%)
021: dt: 0.5000, sse=326849.7, rms=1.120 (7.335%)
022: dt: 0.5000, sse=306310.2, rms=1.042 (7.038%)
rms = 1.0684/1.0416, sse=328869.4/306310.2, time step reduction 1 of 3 to 0.250  0 1 1
   RMS increased, rejecting step
023: dt: 0.2500, sse=300641.2, rms=0.946 (9.170%)
rms = 0.9080/0.9461, sse=315743.4/300641.2, time step reduction 2 of 3 to 0.125  0 1 1
024: dt: 0.2500, sse=315743.3, rms=0.908 (4.029%)
rms = 0.8703/0.9080, sse=303413.9/315743.4, time step reduction 3 of 3 to 0.062  0 0 1
025: dt: 0.1250, sse=303413.9, rms=0.870 (4.148%)
  maximum number of reductions reached, breaking from loop
positioning took 0.7 minutes
Iteration 3 =========================================
n_averages=0, current_sigma=0.25
Freezing midline and others
Ripping frozen voxels
INFO: rip surface needed but not specified, so using input surface
Freezing midline and others
Entering: MRISripMidline(): inhibiting deformation at non-cortical midline structures...
  which=1, fix_mtl=0, using annot = 0
#FML0# MRISripMidline(): nripped=6839
removing 1 vertices from ripped group in thread:0
removing 2 vertices from ripped group in thread:0
removing 2 vertices from ripped group in thread:0
removing 1 vertices from ripped group in thread:0
#FML# MRISripMidline(): nmarked=6867, nmarked2=0, nripped=6867
Ripping segs (eg, WMSA, BG, frozen)
Starting MRISripSegs() d = (-2 2 0.5) segnos: 247 247 247 247 247 
MRISripSegs(): -2 2 0.5 ripped 0
Computing target border values 
Entering MRIScomputeBorderValues_new(): 
  inside_hi   = 120.0000000;
  border_hi   = 110.1674800;
  border_low  =  90.0000000;
  outside_low =  78.6469800;
  outside_hi  = 110.1674800;
  sigma = 0.25;
  max_thickness = 10;
  step_size=0.5;
  STEP_SIZE=0.1;
  which = 1
  thresh = 0
  flags = 0
  CBVfindFirstPeakD1=0
  CBVfindFirstPeakD2=0
  nvertices=158611
  Gdiag_no=-1
  vno start=0, stop=158611
Replacing 255s with 0s
#SI# sigma=0.25 had to be increased for 548 vertices, nripped=6867
mean border=99.1, 347 (43) missing vertices, mean dist -0.1 [0.3 (%58.9)->0.2 (%41.1))]
%83 local maxima, %12 large gradients and % 0 min vals, 0 gradients ignored
nFirstPeakD1 0
MRIScomputeBorderValues_new() finished in 0.0045 min


Finding expansion regions
mean absolute distance = 0.29 +- 0.43
4988 vertices more than 2 sigmas from mean.
Averaging target values for 5 iterations...
Positioning Surface: tspring = 0.3, nspring = 0.3, spring = 0, niters = 100 l_repulse = 5, l_surf_repulse = 0, checktol = 0
Positioning pial surface
Entering MRISpositionSurface()
  max_mm = 0.3
  MAX_REDUCTIONS = 2, REDUCTION_PCT = 0.5
  parms->check_tol = 0, niterations = 100
tol=1.0e-04, sigma=0.2, host=dna02, nav=0, nbrs=2, l_repulse=5.000, l_tspring=0.300, l_nspring=0.300, l_intensity=0.200, l_curv=1.000
mom=0.00, dt=0.50
000: dt: 0.0000, sse=326857.5, rms=1.299
026: dt: 0.5000, sse=302817.1, rms=0.916 (29.466%)
rms = 0.9086/0.9160, sse=325239.1/302817.1, time step reduction 1 of 3 to 0.250  0 1 1
027: dt: 0.5000, sse=325239.1, rms=0.909 (0.804%)
028: dt: 0.2500, sse=291638.7, rms=0.849 (6.539%)
rms = 0.8522/0.8492, sse=296977.1/291638.7, time step reduction 2 of 3 to 0.125  0 1 1
   RMS increased, rejecting step
rms = 0.8164/0.8492, sse=288318.8/291638.7, time step reduction 3 of 3 to 0.062  0 0 1
029: dt: 0.1250, sse=288318.8, rms=0.816 (3.856%)
  maximum number of reductions reached, breaking from loop
positioning took 0.4 minutes
removing intersecting faces
000: 11 intersecting
step 1 with no progress (num=17, old_num=11)
001: 17 intersecting
002: 13 intersecting
step 1 with no progress (num=13, old_num=13)
003: 13 intersecting
step 2 with no progress (num=13, old_num=13)
004: 13 intersecting
step 3 with no progress (num=13, old_num=13)
005: 13 intersecting
step 4 with no progress (num=13, old_num=13)
006: 13 intersecting
step 5 with no progress (num=13, old_num=13)
007: 13 intersecting
step 6 with no progress (num=13, old_num=13)
008: 13 intersecting
step 7 with no progress (num=13, old_num=13)
009: 13 intersecting
step 8 with no progress (num=13, old_num=13)
010: 13 intersecting
step 9 with no progress (num=13, old_num=13)
011: 13 intersecting
step 10 with no progress (num=13, old_num=13)
012: 13 intersecting
step 11 with no progress (num=13, old_num=13)
013: 13 intersecting
step 12 with no progress (num=13, old_num=13)
014: 13 intersecting
step 13 with no progress (num=13, old_num=13)
015: 13 intersecting
step 14 with no progress (num=13, old_num=13)
016: 13 intersecting
step 15 with no progress (num=13, old_num=13)
017: 13 intersecting
step 16 with no progress (num=13, old_num=13)
terminating search with 11 intersecting


Writing output to ../surf/rh.white.preaparc
#ET# mris_place_surface  3.74 minutes
#VMPC# mris_place_surfaces VmPeak  3302948
mris_place_surface done
#--------------------------------------------
#@# CortexLabel rh Tue Mar 10 09:34:12 CET 2026
cd /out/sourcedata/freesurfer/sub-v1s8x0051333_ses-1/mri
mri_label2label --label-cortex ../surf/rh.white.preaparc aseg.presurf.mgz 0 ../label/rh.cortex.label

 Generating cortex label... RemoveHipAmgy=0
 NucAccIsMedialWall=0
 mris->useRealRAS=0
7 non-cortical segments detected
only using segment with 8759 vertices
erasing segment 1 (vno[0] = 59531)
erasing segment 2 (vno[0] = 73065)
erasing segment 3 (vno[0] = 78015)
erasing segment 4 (vno[0] = 93730)
erasing segment 5 (vno[0] = 94656)
erasing segment 6 (vno[0] = 136346)
#--------------------------------------------
#@# CortexLabel+HipAmyg rh Tue Mar 10 09:34:30 CET 2026
cd /out/sourcedata/freesurfer/sub-v1s8x0051333_ses-1/mri
mri_label2label --label-cortex ../surf/rh.white.preaparc aseg.presurf.mgz 1 ../label/rh.cortex+hipamyg.label

 Generating cortex label... RemoveHipAmgy=1
 NucAccIsMedialWall=0
 mris->useRealRAS=0
11 non-cortical segments detected
only using segment with 6398 vertices
erasing segment 1 (vno[0] = 53304)
erasing segment 2 (vno[0] = 56514)
erasing segment 3 (vno[0] = 58873)
erasing segment 4 (vno[0] = 59531)
erasing segment 5 (vno[0] = 73065)
erasing segment 6 (vno[0] = 78015)
erasing segment 7 (vno[0] = 86277)
erasing segment 8 (vno[0] = 93730)
erasing segment 9 (vno[0] = 94656)
erasing segment 10 (vno[0] = 136346)
#--------------------------------------------
#@# Smooth2 rh Tue Mar 10 09:34:47 CET 2026
/out/sourcedata/freesurfer/sub-v1s8x0051333_ses-1/scripts

 mris_smooth -n 3 -nw -seed 1234 ../surf/rh.white.preaparc ../surf/rh.smoothwm 

smoothing for 3 iterations
setting seed for random number generator to 1234
smoothing surface tessellation for 3 iterations...
smoothing complete - recomputing first and second fundamental forms...
#--------------------------------------------
#@# Inflation2 rh Tue Mar 10 09:34:51 CET 2026
/out/sourcedata/freesurfer/sub-v1s8x0051333_ses-1/scripts

 mris_inflate ../surf/rh.smoothwm ../surf/rh.inflated 

Reading ../surf/rh.smoothwm
avg radius = 49.2 mm, total surface area = 88203 mm^2
step 000: RMS=0.153 (target=0.015)   step 005: RMS=0.108 (target=0.015)   step 010: RMS=0.082 (target=0.015)   step 015: RMS=0.068 (target=0.015)   step 020: RMS=0.056 (target=0.015)   step 025: RMS=0.048 (target=0.015)   step 030: RMS=0.040 (target=0.015)   step 035: RMS=0.034 (target=0.015)   step 040: RMS=0.030 (target=0.015)   step 045: RMS=0.027 (target=0.015)   step 050: RMS=0.025 (target=0.015)   step 055: RMS=0.023 (target=0.015)   step 060: RMS=0.021 (target=0.015)   writing inflated surface to ../surf/rh.inflated
writing sulcal depths to ../surf/rh.sulc

inflation complete.
inflation took 0.3 minutes
mris_inflate utimesec    73.449483
mris_inflate stimesec    0.751217
mris_inflate ru_maxrss   243164
mris_inflate ru_ixrss    0
mris_inflate ru_idrss    0
mris_inflate ru_isrss    0
mris_inflate ru_minflt   135907
mris_inflate ru_majflt   13
mris_inflate ru_nswap    0
mris_inflate ru_inblock  0
mris_inflate ru_oublock  12400
mris_inflate ru_msgsnd   0
mris_inflate ru_msgrcv   0
mris_inflate ru_nsignals 0
mris_inflate ru_nvcsw    6147
mris_inflate ru_nivcsw   605
#--------------------------------------------
#@# Curv .H and .K rh Tue Mar 10 09:35:07 CET 2026
/out/sourcedata/freesurfer/sub-v1s8x0051333_ses-1/surf

 mris_curvature -w -seed 1234 rh.white.preaparc 

setting seed for random number generator to 1234
total integrated curvature = 16.597*4pi (208.560) --> -16 handles
ICI = 164.5, FI = 1509.7, variation=24284.910
writing Gaussian curvature to ./rh.white.preaparc.K...done.
writing mean curvature to ./rh.white.preaparc.H...done.
rm -f rh.white.H
ln -s rh.white.preaparc.H rh.white.H
rm -f rh.white.K
ln -s rh.white.preaparc.K rh.white.K

 mris_curvature -seed 1234 -thresh .999 -n -a 5 -w -distances 10 10 rh.inflated 

setting seed for random number generator to 1234
normalizing curvature values.
averaging curvature patterns 5 times.
sampling 10 neighbors out to a distance of 10 mm
223 vertices thresholded to be in k1 ~ [-0.96 0.40], k2 ~ [-0.15 0.17]
total integrated curvature = 0.475*4pi (5.969) --> 1 handles
ICI = 1.6, FI = 11.6, variation=192.809
158 vertices thresholded to be in [-0.04 0.03]
writing Gaussian curvature to ./rh.inflated.K...thresholding curvature at 99.90% level
curvature mean = 0.000, std = 0.001
155 vertices thresholded to be in [-0.33 0.20]
done.
writing mean curvature to ./rh.inflated.H...curvature mean = -0.016, std = 0.025
done.
#--------------------------------------------
#@# Sphere rh Tue Mar 10 09:36:00 CET 2026
/out/sourcedata/freesurfer/sub-v1s8x0051333_ses-1/scripts

 mris_sphere -seed 1234 ../surf/rh.inflated ../surf/rh.sphere 

setting seed for random number genererator to 1234
version: 7.3.2
available threads: 16
reading original vertex positions...
projecting onto sphere...
surface projected - minimizing metric distortion...
scaling brain by 0.285...
MRISunfold() max_passes = 1 -------
tol=5.0e-01, sigma=0.0, host=dna02, nav=1024, nbrs=2, l_area=1.000, l_dist=1.000
using quadratic fit line minimization
complete_dist_mat 0
rms 0
smooth_averages 0
remove_neg 0
ico_order 0
which_surface 0
target_radius 0.000000
nfields 0
scale 1.000000
desired_rms_height -1.000000
momentum 0.900000
nbhd_size 7
max_nbrs 8
niterations 25
nsurfaces 0
SURFACES 3
flags 0 (0)
use curv 0
no sulc 0
no rigid align 0
mris->nsize 2
mris->hemisphere 1
randomSeed 1234

singular matrix in quadratic form
singular matrix in quadratic form
singular matrix in quadratic form
singular matrix in quadratic form
--------------------
  mrisRemoveNegativeArea()
pass 1: epoch 1 of 3 starting distance error %19.85
pass 1: epoch 2 of 3 starting distance error %19.81
unfolding complete - removing small folds...
starting distance error %19.76
removing remaining folds...
final distance error %19.79
MRISunfold() return, current seed 1234
-01: dt=0.0000,  76 negative triangles  VmPeak 1634412
173: dt=0.9900,  76 negative triangles
174: dt=0.9900,  60 negative triangles
175: dt=0.9900,  55 negative triangles
176: dt=0.9900,  54 negative triangles
177: dt=0.9900,  47 negative triangles
178: dt=0.9900,  41 negative triangles
179: dt=0.9900,  38 negative triangles
180: dt=0.9900,  42 negative triangles
181: dt=0.9900,  36 negative triangles
182: dt=0.9900,  35 negative triangles
183: dt=0.9900,  32 negative triangles
184: dt=0.9900,  34 negative triangles
185: dt=0.9900,  37 negative triangles
186: dt=0.9900,  44 negative triangles
187: dt=0.9900,  45 negative triangles
188: dt=0.9900,  49 negative triangles
189: dt=0.9900,  44 negative triangles
190: dt=0.9900,  37 negative triangles
191: dt=0.9900,  40 negative triangles
192: dt=0.9900,  33 negative triangles
193: dt=0.9405,  37 negative triangles
194: dt=0.9405,  36 negative triangles
195: dt=0.9405,  36 negative triangles
196: dt=0.9405,  32 negative triangles
197: dt=0.9405,  34 negative triangles
198: dt=0.9405,  35 negative triangles
199: dt=0.9405,  30 negative triangles
200: dt=0.9405,  35 negative triangles
201: dt=0.9405,  30 negative triangles
202: dt=0.9405,  36 negative triangles
203: dt=0.9405,  31 negative triangles
204: dt=0.9405,  35 negative triangles
205: dt=0.9405,  37 negative triangles
206: dt=0.9405,  34 negative triangles
207: dt=0.9405,  30 negative triangles
208: dt=0.9405,  35 negative triangles
209: dt=0.8935,  32 negative triangles
210: dt=0.8935,  37 negative triangles
211: dt=0.8935,  34 negative triangles
212: dt=0.8935,  29 negative triangles
213: dt=0.8935,  34 negative triangles
214: dt=0.8935,  29 negative triangles
215: dt=0.8935,  34 negative triangles
216: dt=0.8935,  29 negative triangles
217: dt=0.8935,  35 negative triangles
218: dt=0.8935,  32 negative triangles
219: dt=0.8935,  35 negative triangles
220: dt=0.8935,  29 negative triangles
221: dt=0.8935,  34 negative triangles
222: dt=0.8488,  30 negative triangles
223: dt=0.8488,  33 negative triangles
224: dt=0.8488,  30 negative triangles
225: dt=0.8488,  35 negative triangles
226: dt=0.8488,  31 negative triangles
227: dt=0.8488,  32 negative triangles
228: dt=0.8488,  31 negative triangles
229: dt=0.8488,  32 negative triangles
230: dt=0.8488,  32 negative triangles
231: dt=0.8488,  33 negative triangles
232: dt=0.8064,  31 negative triangles
233: dt=0.8064,  33 negative triangles
234: dt=0.8064,  31 negative triangles
235: dt=0.8064,  33 negative triangles
236: dt=0.8064,  33 negative triangles
237: dt=0.8064,  33 negative triangles
238: dt=0.8064,  30 negative triangles
239: dt=0.8064,  31 negative triangles
240: dt=0.8064,  33 negative triangles
241: dt=0.8064,  31 negative triangles
242: dt=0.7660,  30 negative triangles
243: dt=0.7660,  33 negative triangles
244: dt=0.7660,  31 negative triangles
245: dt=0.7660,  32 negative triangles
246: dt=0.7660,  31 negative triangles
247: dt=0.7660,  33 negative triangles
248: dt=0.7660,  28 negative triangles
249: dt=0.7660,  35 negative triangles
250: dt=0.7660,  30 negative triangles
251: dt=0.7660,  33 negative triangles
252: dt=0.7660,  32 negative triangles
253: dt=0.7660,  30 negative triangles
254: dt=0.7660,  31 negative triangles
255: dt=0.7660,  32 negative triangles
256: dt=0.7660,  32 negative triangles
257: dt=0.7660,  32 negative triangles
258: dt=0.7277,  32 negative triangles
259: dt=0.7277,  31 negative triangles
260: dt=0.7277,  31 negative triangles
261: dt=0.7277,  34 negative triangles
262: dt=0.7277,  30 negative triangles
263: dt=0.7277,  32 negative triangles
264: dt=0.7277,  32 negative triangles
265: dt=0.7277,  32 negative triangles
266: dt=0.7277,  28 negative triangles
267: dt=0.7277,  37 negative triangles
268: dt=0.6914,  30 negative triangles
269: dt=0.6914,  33 negative triangles
270: dt=0.6914,  31 negative triangles
271: dt=0.6914,  32 negative triangles
272: dt=0.6914,  31 negative triangles
273: dt=0.6914,  31 negative triangles
274: dt=0.6914,  33 negative triangles
275: dt=0.6914,  33 negative triangles
276: dt=0.6914,  30 negative triangles
277: dt=0.6914,  32 negative triangles
278: dt=0.6568,  30 negative triangles
279: dt=0.6568,  33 negative triangles
280: dt=0.6568,  29 negative triangles
281: dt=0.6568,  34 negative triangles
282: dt=0.6568,  31 negative triangles
283: dt=0.6568,  34 negative triangles
284: dt=0.6568,  30 negative triangles
285: dt=0.6568,  30 negative triangles
286: dt=0.6568,  34 negative triangles
287: dt=0.6568,  32 negative triangles
288: dt=0.6239,  29 negative triangles
289: dt=0.6239,  35 negative triangles
290: dt=0.6239,  30 negative triangles
291: dt=0.6239,  32 negative triangles
292: dt=0.6239,  29 negative triangles
293: dt=0.6239,  33 negative triangles
294: dt=0.6239,  30 negative triangles
295: dt=0.6239,  33 negative triangles
296: dt=0.6239,  30 negative triangles
297: dt=0.6239,  32 negative triangles
298: dt=0.5927,  30 negative triangles
expanding nbhd size to 1
299: dt=0.9900,  34 negative triangles
300: dt=0.9900,  29 negative triangles
301: dt=0.9900,  29 negative triangles
302: dt=0.9900,  29 negative triangles
303: dt=0.9900,  26 negative triangles
304: dt=0.9900,  26 negative triangles
305: dt=0.9900,  26 negative triangles
306: dt=0.9900,  26 negative triangles
307: dt=0.9900,  26 negative triangles
308: dt=0.9900,  27 negative triangles
309: dt=0.9900,  26 negative triangles
310: dt=0.9900,  26 negative triangles
311: dt=0.9900,  25 negative triangles
312: dt=0.9900,  25 negative triangles
313: dt=0.9900,  23 negative triangles
314: dt=0.9900,  26 negative triangles
315: dt=0.9900,  25 negative triangles
316: dt=0.9900,  27 negative triangles
317: dt=0.9900,  27 negative triangles
318: dt=0.9900,  28 negative triangles
319: dt=0.9900,  26 negative triangles
320: dt=0.9900,  28 negative triangles
321: dt=0.9900,  27 negative triangles
322: dt=0.9900,  28 negative triangles
323: dt=0.9405,  26 negative triangles
324: dt=0.9405,  27 negative triangles
325: dt=0.9405,  28 negative triangles
326: dt=0.9405,  26 negative triangles
327: dt=0.9405,  28 negative triangles
328: dt=0.9405,  27 negative triangles
329: dt=0.9405,  27 negative triangles
330: dt=0.9405,  25 negative triangles
331: dt=0.9405,  26 negative triangles
332: dt=0.9405,  26 negative triangles
333: dt=0.8935,  26 negative triangles
334: dt=0.8935,  24 negative triangles
335: dt=0.8935,  24 negative triangles
336: dt=0.8935,  26 negative triangles
337: dt=0.8935,  26 negative triangles
338: dt=0.8935,  25 negative triangles
339: dt=0.8935,  24 negative triangles
340: dt=0.8935,  23 negative triangles
341: dt=0.8935,  23 negative triangles
342: dt=0.8935,  25 negative triangles
343: dt=0.8488,  24 negative triangles
344: dt=0.8488,  25 negative triangles
345: dt=0.8488,  23 negative triangles
346: dt=0.8488,  24 negative triangles
347: dt=0.8488,  24 negative triangles
348: dt=0.8488,  24 negative triangles
349: dt=0.8488,  23 negative triangles
350: dt=0.8488,  23 negative triangles
351: dt=0.8488,  25 negative triangles
352: dt=0.8488,  24 negative triangles
353: dt=0.8064,  24 negative triangles
354: dt=0.8064,  23 negative triangles
355: dt=0.8064,  23 negative triangles
356: dt=0.8064,  25 negative triangles
357: dt=0.8064,  24 negative triangles
358: dt=0.8064,  24 negative triangles
359: dt=0.8064,  23 negative triangles
360: dt=0.8064,  23 negative triangles
361: dt=0.8064,  24 negative triangles
362: dt=0.8064,  24 negative triangles
363: dt=0.7660,  24 negative triangles
364: dt=0.7660,  23 negative triangles
365: dt=0.7660,  23 negative triangles
366: dt=0.7660,  24 negative triangles
367: dt=0.7660,  24 negative triangles
368: dt=0.7660,  24 negative triangles
369: dt=0.7660,  23 negative triangles
370: dt=0.7660,  23 negative triangles
371: dt=0.7660,  24 negative triangles
372: dt=0.7660,  24 negative triangles
373: dt=0.7277,  24 negative triangles
374: dt=0.7277,  23 negative triangles
375: dt=0.7277,  23 negative triangles
376: dt=0.7277,  24 negative triangles
377: dt=0.7277,  23 negative triangles
378: dt=0.7277,  24 negative triangles
379: dt=0.7277,  23 negative triangles
380: dt=0.7277,  23 negative triangles
381: dt=0.7277,  24 negative triangles
382: dt=0.7277,  23 negative triangles
383: dt=0.6914,  24 negative triangles
384: dt=0.6914,  23 negative triangles
385: dt=0.6914,  23 negative triangles
386: dt=0.6914,  23 negative triangles
387: dt=0.6914,  22 negative triangles
388: dt=0.6914,  23 negative triangles
389: dt=0.6914,  22 negative triangles
390: dt=0.6914,  22 negative triangles
391: dt=0.6914,  22 negative triangles
392: dt=0.6914,  20 negative triangles
393: dt=0.6914,  21 negative triangles
394: dt=0.6914,  20 negative triangles
395: dt=0.6914,  20 negative triangles
396: dt=0.6914,  21 negative triangles
397: dt=0.6914,  20 negative triangles
398: dt=0.6914,  21 negative triangles
399: dt=0.6914,  20 negative triangles
400: dt=0.6914,  20 negative triangles
401: dt=0.6914,  21 negative triangles
402: dt=0.6568,  20 negative triangles
403: dt=0.6568,  20 negative triangles
404: dt=0.6568,  21 negative triangles
405: dt=0.6568,  20 negative triangles
406: dt=0.6568,  20 negative triangles
407: dt=0.6568,  21 negative triangles
408: dt=0.6568,  20 negative triangles
409: dt=0.6568,  20 negative triangles
410: dt=0.6568,  21 negative triangles
411: dt=0.6568,  20 negative triangles
412: dt=0.6239,  20 negative triangles
413: dt=0.6239,  21 negative triangles
414: dt=0.6239,  20 negative triangles
415: dt=0.6239,  20 negative triangles
416: dt=0.6239,  21 negative triangles
417: dt=0.6239,  20 negative triangles
418: dt=0.6239,  20 negative triangles
419: dt=0.6239,  21 negative triangles
420: dt=0.6239,  20 negative triangles
421: dt=0.6239,  20 negative triangles
422: dt=0.5927,  20 negative triangles
423: dt=0.5927,  19 negative triangles
424: dt=0.5927,  19 negative triangles
425: dt=0.5927,  19 negative triangles
426: dt=0.5927,  18 negative triangles
427: dt=0.5927,  18 negative triangles
428: dt=0.5927,  19 negative triangles
429: dt=0.5927,  18 negative triangles
430: dt=0.5927,  18 negative triangles
431: dt=0.5927,  19 negative triangles
432: dt=0.5927,  18 negative triangles
433: dt=0.5927,  18 negative triangles
434: dt=0.5927,  19 negative triangles
435: dt=0.5927,  18 negative triangles
436: dt=0.5631,  18 negative triangles
437: dt=0.5631,  19 negative triangles
438: dt=0.5631,  17 negative triangles
439: dt=0.5631,  17 negative triangles
440: dt=0.5631,  19 negative triangles
441: dt=0.5631,  18 negative triangles
442: dt=0.5631,  18 negative triangles
443: dt=0.5631,  18 negative triangles
444: dt=0.5631,  18 negative triangles
445: dt=0.5631,  16 negative triangles
446: dt=0.5631,  16 negative triangles
447: dt=0.5631,  17 negative triangles
448: dt=0.5631,  17 negative triangles
449: dt=0.5631,  16 negative triangles
450: dt=0.5631,  16 negative triangles
451: dt=0.5631,  17 negative triangles
452: dt=0.5631,  17 negative triangles
453: dt=0.5631,  16 negative triangles
454: dt=0.5631,  16 negative triangles
455: dt=0.5631,  15 negative triangles
456: dt=0.5631,  15 negative triangles
457: dt=0.5631,  15 negative triangles
458: dt=0.5631,  16 negative triangles
459: dt=0.5631,  16 negative triangles
460: dt=0.5631,  15 negative triangles
461: dt=0.5631,  15 negative triangles
462: dt=0.5631,  16 negative triangles
463: dt=0.5631,  15 negative triangles
464: dt=0.5631,  15 negative triangles
465: dt=0.5350,  15 negative triangles
466: dt=0.5350,  16 negative triangles
467: dt=0.5350,  15 negative triangles
468: dt=0.5350,  15 negative triangles
469: dt=0.5350,  14 negative triangles
470: dt=0.5350,  15 negative triangles
471: dt=0.5350,  14 negative triangles
472: dt=0.5350,  14 negative triangles
473: dt=0.5350,  14 negative triangles
474: dt=0.5350,  14 negative triangles
475: dt=0.5350,  15 negative triangles
476: dt=0.5350,  15 negative triangles
477: dt=0.5350,  14 negative triangles
478: dt=0.5350,  14 negative triangles
479: dt=0.5082,  15 negative triangles
480: dt=0.5082,  13 negative triangles
481: dt=0.5082,  12 negative triangles
482: dt=0.5082,  12 negative triangles
483: dt=0.5082,  12 negative triangles
484: dt=0.5082,  13 negative triangles
485: dt=0.5082,  14 negative triangles
486: dt=0.5082,  15 negative triangles
487: dt=0.5082,  14 negative triangles
488: dt=0.5082,  12 negative triangles
489: dt=0.5082,  12 negative triangles
490: dt=0.5082,  12 negative triangles
491: dt=0.4828,  13 negative triangles
492: dt=0.4828,  13 negative triangles
493: dt=0.4828,  12 negative triangles
494: dt=0.4828,  12 negative triangles
495: dt=0.4828,  12 negative triangles
496: dt=0.4828,  13 negative triangles
497: dt=0.4828,  12 negative triangles
498: dt=0.4828,  12 negative triangles
499: dt=0.4828,  13 negative triangles
500: dt=0.4828,  13 negative triangles
501: dt=0.4828,  11 negative triangles
502: dt=0.4828,   9 negative triangles
503: dt=0.4828,   9 negative triangles
504: dt=0.4828,  10 negative triangles
505: dt=0.4828,   9 negative triangles
506: dt=0.4828,   9 negative triangles
507: dt=0.4828,  10 negative triangles
508: dt=0.4828,  10 negative triangles
509: dt=0.4828,   9 negative triangles
510: dt=0.4828,   9 negative triangles
511: dt=0.4828,   9 negative triangles
512: dt=0.4587,   9 negative triangles
513: dt=0.4587,  10 negative triangles
514: dt=0.4587,   9 negative triangles
515: dt=0.4587,   8 negative triangles
516: dt=0.4587,   8 negative triangles
517: dt=0.4587,   9 negative triangles
518: dt=0.4587,   9 negative triangles
519: dt=0.4587,   8 negative triangles
520: dt=0.4587,   7 negative triangles
521: dt=0.4587,   7 negative triangles
522: dt=0.4587,   7 negative triangles
523: dt=0.4587,   8 negative triangles
524: dt=0.4587,   7 negative triangles
525: dt=0.4587,   7 negative triangles
526: dt=0.4587,   5 negative triangles
527: dt=0.4587,   7 negative triangles
528: dt=0.4587,   7 negative triangles
529: dt=0.4587,   6 negative triangles
530: dt=0.4587,   7 negative triangles
531: dt=0.4587,   6 negative triangles
532: dt=0.4587,   4 negative triangles
533: dt=0.4587,   4 negative triangles
534: dt=0.4587,   3 negative triangles
535: dt=0.4587,   4 negative triangles
536: dt=0.4587,   4 negative triangles
537: dt=0.4587,   3 negative triangles
538: dt=0.4587,   3 negative triangles
539: dt=0.4587,   4 negative triangles
540: dt=0.4587,   4 negative triangles
541: dt=0.4587,   2 negative triangles
542: dt=0.4587,   1 negative triangles
543: dt=0.4587,   2 negative triangles
544: dt=0.4587,   1 negative triangles
545: dt=0.4587,   1 negative triangles
546: dt=0.4587,   2 negative triangles
547: dt=0.4587,   1 negative triangles
548: dt=0.4587,   1 negative triangles
549: dt=0.4587,   1 negative triangles
550: dt=0.4587,   1 negative triangles
551: dt=0.4587,   2 negative triangles
552: dt=0.4357,   1 negative triangles
553: dt=0.4357,   1 negative triangles
554: dt=0.4357,   1 negative triangles
555: dt=0.4357,   1 negative triangles
556: dt=0.4357,   2 negative triangles
557: dt=0.4357,   1 negative triangles
writing spherical brain to ../surf/rh.sphere
spherical transformation took 0.0878 hours
FSRUNTIME@ mris_sphere  0.0878 hours 16 threads
#VMPC# mris_sphere VmPeak  1634412
mris_sphere done
#--------------------------------------------
#@# Surf Reg rh Tue Mar 10 09:41:16 CET 2026
/out/sourcedata/freesurfer/sub-v1s8x0051333_ses-1/scripts

 mris_register -curv ../surf/rh.sphere /opt/freesurfer/average/rh.folding.atlas.acfb40.noaparc.i12.2016-08-02.tif ../surf/rh.sphere.reg 

using smoothwm curvature for final alignment

cwd /out/sourcedata/freesurfer/sub-v1s8x0051333_ses-1/scripts
cmdline mris_register -curv ../surf/rh.sphere /opt/freesurfer/average/rh.folding.atlas.acfb40.noaparc.i12.2016-08-02.tif ../surf/rh.sphere.reg 

0 inflated.H
1 sulc
2 smoothwm (computed)
7.3.2
  7.3.2
reading surface from ../surf/rh.sphere...
reading template parameterization from /opt/freesurfer/average/rh.folding.atlas.acfb40.noaparc.i12.2016-08-02.tif...
MRISregister() -------
max_passes = 4 
min_degrees = 0.500000 
max_degrees = 64.000000 
nangles = 8 
tol=5.0e-01, sigma=0.0, host=dna02, nav=1024, nbrs=1, l_extern=10000.000, l_parea=0.200, l_nlarea=1.000, l_corr=1.000, l_dist=5.000
using quadratic fit line minimization
complete_dist_mat 0
rms 0
smooth_averages 0
remove_neg 0
ico_order 0
which_surface 0
target_radius 0.000000
nfields 0
scale 0.000000
desired_rms_height -1.000000
momentum 0.950000
nbhd_size -10
max_nbrs 10
niterations 25
nsurfaces 0
SURFACES 3
flags 16 (10)
use curv 16
no sulc 0
no rigid align 0
mris->nsize 1
mris->hemisphere 1
randomSeed 0

tol=5.0e-01, sigma=0.0, host=dna02, nav=1024, nbrs=1, l_extern=10000.000, l_parea=0.200, l_nlarea=1.000, l_corr=1.000, l_dist=5.000
using quadratic fit line minimization
--------------------
1 Reading rh.sulc
tol=1.0e+00, sigma=0.5, host=dna02, nav=1024, nbrs=1, l_extern=10000.000, l_parea=0.200, l_nlarea=1.000, l_corr=0.050, l_spring=0.500, l_dist=5.000
using quadratic fit line minimization
curvature mean = -0.000, std = 5.343
curvature mean = 0.036, std = 0.814
curvature mean = 0.039, std = 0.844
Starting MRISrigidBodyAlignGlobal()
Starting new MRISrigidBodyAlignGlobal_findMinSSE()
  new MRISrigidBodyAlignGlobal_findMinSSE min @ (6.00, -10.50, 0.50) sse = 341883.6, elapsed since starting=0.1207 min
MRISrigidBodyAlignGlobal() done   0.12 min
curvature mean = 0.004, std = 0.817
curvature mean = 0.016, std = 0.938
curvature mean = -0.001, std = 0.824
curvature mean = 0.006, std = 0.974
curvature mean = -0.003, std = 0.825
curvature mean = 0.001, std = 0.989
2 Reading smoothwm
curvature mean = -0.035, std = 0.280
curvature mean = 0.034, std = 0.236
curvature mean = 0.088, std = 0.354
curvature mean = 0.030, std = 0.294
curvature mean = 0.038, std = 0.549
curvature mean = 0.029, std = 0.320
curvature mean = 0.017, std = 0.691
curvature mean = 0.028, std = 0.332
curvature mean = 0.005, std = 0.798
MRISregister() return, current seed 0
-01: dt=0.0000,  78 negative triangles  VmPeak 1734288
115: dt=0.9900,  78 negative triangles
116: dt=0.9900,  74 negative triangles
117: dt=0.9900,  82 negative triangles
118: dt=0.9900,  75 negative triangles
119: dt=0.9900,  87 negative triangles
120: dt=0.9900,  83 negative triangles
121: dt=0.9900,  82 negative triangles
122: dt=0.9900,  83 negative triangles
123: dt=0.9900,  80 negative triangles
124: dt=0.9900,  82 negative triangles
125: dt=0.9900,  79 negative triangles
126: dt=0.9405,  88 negative triangles
127: dt=0.9405,  85 negative triangles
128: dt=0.9405,  86 negative triangles
129: dt=0.9405,  76 negative triangles
130: dt=0.9405,  81 negative triangles
131: dt=0.9405,  80 negative triangles
132: dt=0.9405,  83 negative triangles
133: dt=0.9405,  79 negative triangles
134: dt=0.9405,  85 negative triangles
135: dt=0.9405,  79 negative triangles
136: dt=0.8935,  86 negative triangles
137: dt=0.8935,  79 negative triangles
138: dt=0.8935,  83 negative triangles
139: dt=0.8935,  74 negative triangles
140: dt=0.8935,  80 negative triangles
141: dt=0.8935,  74 negative triangles
142: dt=0.8935,  73 negative triangles
143: dt=0.8935,  76 negative triangles
144: dt=0.8935,  77 negative triangles
145: dt=0.8935,  73 negative triangles
146: dt=0.8935,  78 negative triangles
147: dt=0.8935,  78 negative triangles
148: dt=0.8935,  83 negative triangles
149: dt=0.8935,  71 negative triangles
150: dt=0.8935,  78 negative triangles
151: dt=0.8935,  74 negative triangles
152: dt=0.8935,  80 negative triangles
153: dt=0.8935,  71 negative triangles
154: dt=0.8935,  81 negative triangles
155: dt=0.8935,  80 negative triangles
156: dt=0.8935,  80 negative triangles
157: dt=0.8935,  80 negative triangles
158: dt=0.8935,  82 negative triangles
159: dt=0.8488,  72 negative triangles
160: dt=0.8488,  74 negative triangles
161: dt=0.8488,  73 negative triangles
162: dt=0.8488,  80 negative triangles
163: dt=0.8488,  67 negative triangles
164: dt=0.8488,  71 negative triangles
165: dt=0.8488,  75 negative triangles
166: dt=0.8488,  71 negative triangles
167: dt=0.8488,  71 negative triangles
168: dt=0.8488,  70 negative triangles
169: dt=0.8488,  67 negative triangles
170: dt=0.8488,  71 negative triangles
171: dt=0.8488,  68 negative triangles
172: dt=0.8488,  68 negative triangles
173: dt=0.8064,  70 negative triangles
174: dt=0.8064,  72 negative triangles
175: dt=0.8064,  67 negative triangles
176: dt=0.8064,  68 negative triangles
177: dt=0.8064,  70 negative triangles
178: dt=0.8064,  65 negative triangles
179: dt=0.8064,  65 negative triangles
180: dt=0.8064,  65 negative triangles
181: dt=0.8064,  64 negative triangles
182: dt=0.8064,  67 negative triangles
183: dt=0.8064,  61 negative triangles
184: dt=0.8064,  65 negative triangles
185: dt=0.8064,  65 negative triangles
186: dt=0.8064,  61 negative triangles
187: dt=0.8064,  54 negative triangles
188: dt=0.8064,  57 negative triangles
189: dt=0.8064,  52 negative triangles
190: dt=0.8064,  52 negative triangles
191: dt=0.8064,  48 negative triangles
192: dt=0.8064,  56 negative triangles
193: dt=0.8064,  49 negative triangles
194: dt=0.8064,  55 negative triangles
195: dt=0.8064,  46 negative triangles
196: dt=0.8064,  46 negative triangles
197: dt=0.8064,  50 negative triangles
198: dt=0.8064,  44 negative triangles
199: dt=0.8064,  44 negative triangles
200: dt=0.8064,  45 negative triangles
201: dt=0.8064,  46 negative triangles
202: dt=0.8064,  45 negative triangles
203: dt=0.8064,  49 negative triangles
204: dt=0.8064,  44 negative triangles
205: dt=0.8064,  37 negative triangles
206: dt=0.8064,  39 negative triangles
207: dt=0.8064,  38 negative triangles
208: dt=0.8064,  43 negative triangles
209: dt=0.8064,  32 negative triangles
210: dt=0.8064,  39 negative triangles
211: dt=0.8064,  35 negative triangles
212: dt=0.8064,  36 negative triangles
213: dt=0.8064,  33 negative triangles
214: dt=0.8064,  32 negative triangles
215: dt=0.8064,  29 negative triangles
216: dt=0.8064,  32 negative triangles
217: dt=0.8064,  28 negative triangles
218: dt=0.8064,  31 negative triangles
219: dt=0.8064,  33 negative triangles
220: dt=0.8064,  34 negative triangles
221: dt=0.8064,  27 negative triangles
222: dt=0.8064,  33 negative triangles
223: dt=0.8064,  28 negative triangles
224: dt=0.8064,  29 negative triangles
225: dt=0.8064,  26 negative triangles
226: dt=0.8064,  32 negative triangles
227: dt=0.8064,  26 negative triangles
228: dt=0.8064,  28 negative triangles
229: dt=0.8064,  27 negative triangles
230: dt=0.8064,  26 negative triangles
231: dt=0.8064,  27 negative triangles
232: dt=0.8064,  27 negative triangles
233: dt=0.8064,  28 negative triangles
234: dt=0.8064,  27 negative triangles
235: dt=0.7660,  26 negative triangles
236: dt=0.7660,  30 negative triangles
237: dt=0.7660,  29 negative triangles
238: dt=0.7660,  30 negative triangles
239: dt=0.7660,  25 negative triangles
240: dt=0.7660,  27 negative triangles
241: dt=0.7660,  28 negative triangles
242: dt=0.7660,  28 negative triangles
243: dt=0.7660,  24 negative triangles
244: dt=0.7660,  29 negative triangles
245: dt=0.7660,  26 negative triangles
246: dt=0.7660,  30 negative triangles
247: dt=0.7660,  26 negative triangles
248: dt=0.7660,  31 negative triangles
249: dt=0.7660,  29 negative triangles
250: dt=0.7660,  27 negative triangles
251: dt=0.7660,  27 negative triangles
252: dt=0.7660,  24 negative triangles
253: dt=0.7277,  31 negative triangles
254: dt=0.7277,  25 negative triangles
255: dt=0.7277,  28 negative triangles
256: dt=0.7277,  25 negative triangles
257: dt=0.7277,  31 negative triangles
258: dt=0.7277,  27 negative triangles
259: dt=0.7277,  30 negative triangles
260: dt=0.7277,  27 negative triangles
261: dt=0.7277,  30 negative triangles
262: dt=0.7277,  26 negative triangles
263: dt=0.6914,  25 negative triangles
264: dt=0.6914,  28 negative triangles
265: dt=0.6914,  27 negative triangles
266: dt=0.6914,  28 negative triangles
267: dt=0.6914,  27 negative triangles
268: dt=0.6914,  27 negative triangles
269: dt=0.6914,  29 negative triangles
270: dt=0.6914,  30 negative triangles
271: dt=0.6914,  26 negative triangles
272: dt=0.6914,  27 negative triangles
273: dt=0.6568,  25 negative triangles
274: dt=0.6568,  25 negative triangles
275: dt=0.6568,  28 negative triangles
276: dt=0.6568,  26 negative triangles
277: dt=0.6568,  25 negative triangles
278: dt=0.6568,  26 negative triangles
279: dt=0.6568,  28 negative triangles
280: dt=0.6568,  27 negative triangles
281: dt=0.6568,  28 negative triangles
282: dt=0.6568,  26 negative triangles
283: dt=0.6239,  31 negative triangles
284: dt=0.6239,  28 negative triangles
285: dt=0.6239,  27 negative triangles
286: dt=0.6239,  28 negative triangles
287: dt=0.6239,  23 negative triangles
288: dt=0.6239,  28 negative triangles
289: dt=0.6239,  25 negative triangles
290: dt=0.6239,  28 negative triangles
291: dt=0.6239,  27 negative triangles
292: dt=0.6239,  25 negative triangles
293: dt=0.6239,  26 negative triangles
294: dt=0.6239,  29 negative triangles
295: dt=0.6239,  25 negative triangles
296: dt=0.6239,  28 negative triangles
297: dt=0.5927,  24 negative triangles
298: dt=0.5927,  23 negative triangles
299: dt=0.5927,  26 negative triangles
300: dt=0.5927,  25 negative triangles
301: dt=0.5927,  25 negative triangles
302: dt=0.5927,  24 negative triangles
303: dt=0.5927,  28 negative triangles
304: dt=0.5927,  24 negative triangles
305: dt=0.5927,  27 negative triangles
306: dt=0.5927,  28 negative triangles
307: dt=0.5631,  25 negative triangles
308: dt=0.5631,  27 negative triangles
309: dt=0.5631,  26 negative triangles
310: dt=0.5631,  23 negative triangles
311: dt=0.5631,  26 negative triangles
312: dt=0.5631,  23 negative triangles
313: dt=0.5631,  26 negative triangles
314: dt=0.5631,  24 negative triangles
315: dt=0.5631,  25 negative triangles
316: dt=0.5631,  28 negative triangles
317: dt=0.5350,  25 negative triangles
318: dt=0.5350,  25 negative triangles
319: dt=0.5350,  26 negative triangles
320: dt=0.5350,  25 negative triangles
321: dt=0.5350,  22 negative triangles
322: dt=0.5350,  24 negative triangles
323: dt=0.5350,  24 negative triangles
324: dt=0.5350,  22 negative triangles
325: dt=0.5350,  26 negative triangles
326: dt=0.5350,  25 negative triangles
327: dt=0.5350,  23 negative triangles
328: dt=0.5350,  26 negative triangles
329: dt=0.5350,  24 negative triangles
330: dt=0.5350,  25 negative triangles
331: dt=0.5082,  27 negative triangles
332: dt=0.5082,  24 negative triangles
333: dt=0.5082,  23 negative triangles
334: dt=0.5082,  25 negative triangles
335: dt=0.5082,  23 negative triangles
336: dt=0.5082,  23 negative triangles
337: dt=0.5082,  27 negative triangles
338: dt=0.5082,  22 negative triangles
339: dt=0.5082,  27 negative triangles
340: dt=0.5082,  24 negative triangles
341: dt=0.4828,  24 negative triangles
342: dt=0.4828,  25 negative triangles
343: dt=0.4828,  26 negative triangles
344: dt=0.4828,  23 negative triangles
345: dt=0.4828,  26 negative triangles
346: dt=0.4828,  24 negative triangles
347: dt=0.4828,  21 negative triangles
348: dt=0.4828,  27 negative triangles
349: dt=0.4828,  23 negative triangles
350: dt=0.4828,  24 negative triangles
351: dt=0.4828,  25 negative triangles
352: dt=0.4828,  24 negative triangles
353: dt=0.4828,  25 negative triangles
354: dt=0.4828,  26 negative triangles
355: dt=0.4828,  25 negative triangles
356: dt=0.4828,  25 negative triangles
357: dt=0.4587,  25 negative triangles
358: dt=0.4587,  24 negative triangles
359: dt=0.4587,  24 negative triangles
360: dt=0.4587,  22 negative triangles
361: dt=0.4587,  24 negative triangles
362: dt=0.4587,  22 negative triangles
363: dt=0.4587,  24 negative triangles
364: dt=0.4587,  25 negative triangles
365: dt=0.4587,  24 negative triangles
366: dt=0.4587,  23 negative triangles
367: dt=0.4357,  25 negative triangles
368: dt=0.4357,  24 negative triangles
369: dt=0.4357,  24 negative triangles
370: dt=0.4357,  28 negative triangles
371: dt=0.4357,  27 negative triangles
372: dt=0.4357,  24 negative triangles
373: dt=0.4357,  25 negative triangles
374: dt=0.4357,  23 negative triangles
375: dt=0.4357,  21 negative triangles
376: dt=0.4357,  25 negative triangles
377: dt=0.4139,  21 negative triangles
378: dt=0.4139,  24 negative triangles
379: dt=0.4139,  25 negative triangles
380: dt=0.4139,  24 negative triangles
381: dt=0.4139,  25 negative triangles
382: dt=0.4139,  23 negative triangles
383: dt=0.4139,  23 negative triangles
384: dt=0.4139,  25 negative triangles
385: dt=0.4139,  26 negative triangles
386: dt=0.4139,  22 negative triangles
387: dt=0.3932,  24 negative triangles
388: dt=0.3932,  24 negative triangles
389: dt=0.3932,  24 negative triangles
390: dt=0.3932,  21 negative triangles
391: dt=0.3932,  26 negative triangles
392: dt=0.3932,  23 negative triangles
393: dt=0.3932,  24 negative triangles
394: dt=0.3932,  23 negative triangles
395: dt=0.3932,  23 negative triangles
396: dt=0.3932,  24 negative triangles
397: dt=0.3736,  25 negative triangles
expanding nbhd size to 1
398: dt=0.9900,  25 negative triangles
399: dt=0.9900,  21 negative triangles
400: dt=0.9900,  21 negative triangles
401: dt=0.9900,  16 negative triangles
402: dt=0.9900,  14 negative triangles
403: dt=0.9900,  16 negative triangles
404: dt=0.9900,  15 negative triangles
405: dt=0.9900,  16 negative triangles
406: dt=0.9900,  14 negative triangles
407: dt=0.9900,  15 negative triangles
408: dt=0.9900,  13 negative triangles
409: dt=0.9900,  14 negative triangles
410: dt=0.9900,  13 negative triangles
411: dt=0.9900,  14 negative triangles
412: dt=0.9900,  13 negative triangles
413: dt=0.9900,  14 negative triangles
414: dt=0.9900,  13 negative triangles
415: dt=0.9900,  14 negative triangles
416: dt=0.9900,  13 negative triangles
417: dt=0.9900,  13 negative triangles
418: dt=0.9405,  14 negative triangles
419: dt=0.9405,  12 negative triangles
420: dt=0.9405,  14 negative triangles
421: dt=0.9405,  12 negative triangles
422: dt=0.9405,  12 negative triangles
423: dt=0.9405,  14 negative triangles
424: dt=0.9405,  12 negative triangles
425: dt=0.9405,  13 negative triangles
426: dt=0.9405,  11 negative triangles
427: dt=0.9405,  11 negative triangles
428: dt=0.9405,  13 negative triangles
429: dt=0.9405,  11 negative triangles
430: dt=0.9405,  11 negative triangles
431: dt=0.9405,  13 negative triangles
432: dt=0.9405,  11 negative triangles
433: dt=0.9405,  11 negative triangles
434: dt=0.9405,  12 negative triangles
435: dt=0.9405,  10 negative triangles
436: dt=0.9405,  10 negative triangles
437: dt=0.9405,  11 negative triangles
438: dt=0.9405,   9 negative triangles
439: dt=0.9405,   9 negative triangles
440: dt=0.9405,  12 negative triangles
441: dt=0.9405,  10 negative triangles
442: dt=0.9405,   9 negative triangles
443: dt=0.9405,  10 negative triangles
444: dt=0.9405,  10 negative triangles
445: dt=0.9405,  10 negative triangles
446: dt=0.9405,  10 negative triangles
447: dt=0.9405,   9 negative triangles
448: dt=0.8935,   9 negative triangles
449: dt=0.8935,  11 negative triangles
450: dt=0.8935,  10 negative triangles
451: dt=0.8935,   9 negative triangles
452: dt=0.8935,   9 negative triangles
453: dt=0.8935,  10 negative triangles
454: dt=0.8935,   9 negative triangles
455: dt=0.8935,  10 negative triangles
456: dt=0.8935,  11 negative triangles
457: dt=0.8935,   9 negative triangles
458: dt=0.8488,   9 negative triangles
459: dt=0.8488,   9 negative triangles
460: dt=0.8488,  10 negative triangles
461: dt=0.8488,   9 negative triangles
462: dt=0.8488,  10 negative triangles
463: dt=0.8488,   8 negative triangles
464: dt=0.8488,   8 negative triangles
465: dt=0.8488,   7 negative triangles
466: dt=0.8488,   7 negative triangles
467: dt=0.8488,   7 negative triangles
468: dt=0.8488,   7 negative triangles
469: dt=0.8488,   9 negative triangles
470: dt=0.8488,   7 negative triangles
471: dt=0.8488,   6 negative triangles
472: dt=0.8488,   5 negative triangles
473: dt=0.8488,   5 negative triangles
474: dt=0.8488,   5 negative triangles
475: dt=0.8488,   5 negative triangles
476: dt=0.8488,   4 negative triangles
477: dt=0.8488,   4 negative triangles
478: dt=0.8488,   5 negative triangles
479: dt=0.8488,   5 negative triangles
480: dt=0.8488,   3 negative triangles
481: dt=0.8488,   3 negative triangles
482: dt=0.8488,   3 negative triangles
483: dt=0.8488,   2 negative triangles
484: dt=0.8488,   2 negative triangles
485: dt=0.8488,   1 negative triangles
486: dt=0.8488,   1 negative triangles
487: dt=0.8488,   1 negative triangles
488: dt=0.8488,   1 negative triangles
489: dt=0.8488,   2 negative triangles
490: dt=0.8488,   1 negative triangles
writing registered surface to ../surf/rh.sphere.reg...
registration took 0.10 hours
#VMPC# mris_register VmPeak  1734288
FSRUNTIME@ mris_register  0.1023 hours 16 threads

 ln -sf rh.sphere.reg rh.fsaverage.sphere.reg 

#--------------------------------------------
#@# Jacobian white rh Tue Mar 10 09:47:24 CET 2026
/out/sourcedata/freesurfer/sub-v1s8x0051333_ses-1/scripts

 mris_jacobian ../surf/rh.white.preaparc ../surf/rh.sphere.reg ../surf/rh.jacobian_white 

reading surface from ../surf/rh.white.preaparc...
writing curvature file ../surf/rh.jacobian_white
#--------------------------------------------
#@# AvgCurv rh Tue Mar 10 09:47:25 CET 2026
/out/sourcedata/freesurfer/sub-v1s8x0051333_ses-1/scripts

 mrisp_paint -a 5 /opt/freesurfer/average/rh.folding.atlas.acfb40.noaparc.i12.2016-08-02.tif#6 ../surf/rh.sphere.reg ../surf/rh.avg_curv 

averaging curvature patterns 5 times...
reading surface from ../surf/rh.sphere.reg...
reading template parameterization from /opt/freesurfer/average/rh.folding.atlas.acfb40.noaparc.i12.2016-08-02.tif...
writing curvature file to ../surf/rh.avg_curv...
#-----------------------------------------
#@# Cortical Parc rh Tue Mar 10 09:47:26 CET 2026
/out/sourcedata/freesurfer/sub-v1s8x0051333_ses-1/scripts

 mris_ca_label -l ../label/rh.cortex.label -aseg ../mri/aseg.presurf.mgz -seed 1234 sub-v1s8x0051333_ses-1 rh ../surf/rh.sphere.reg /opt/freesurfer/average/rh.DKaparc.atlas.acfb40.noaparc.i12.2016-08-02.gcs ../label/rh.aparc.annot 

setting seed for random number generator to 1234
using ../mri/aseg.presurf.mgz aseg volume to correct midline
7.3.2
  7.3.2
reading atlas from /opt/freesurfer/average/rh.DKaparc.atlas.acfb40.noaparc.i12.2016-08-02.gcs...
reading color table from GCSA file....
average std = 0.7   using min determinant for regularization = 0.004
0 singular and 309 ill-conditioned covariance matrices regularized
input 0: MEAN CURVATURE, flags 0, avgs 5, name mean_curvature
labeling surface...
882 labels changed using aseg
relabeling using gibbs priors...
000:   3131 changed, 158611 examined...
001:    761 changed, 13393 examined...
002:    188 changed, 4324 examined...
003:     64 changed, 1124 examined...
004:     23 changed, 408 examined...
005:      8 changed, 147 examined...
006:      4 changed, 48 examined...
007:      3 changed, 26 examined...
008:      0 changed, 17 examined...
199 labels changed using aseg
000: 91 total segments, 41 labels (182 vertices) changed
001: 50 total segments, 0 labels (0 vertices) changed
10 filter iterations complete (10 requested, 3 changed)
rationalizing unknown annotations with cortex label
relabeling unknown label...
relabeling corpuscallosum label...
1553 vertices marked for relabeling...
1553 labels changed in reclassification.
writing output to ../label/rh.aparc.annot...
classification took 0 minutes and 11 seconds.
#--------------------------------------------
#@# WhiteSurfs rh Tue Mar 10 09:47:37 CET 2026
cd /out/sourcedata/freesurfer/sub-v1s8x0051333_ses-1/mri
mris_place_surface --adgws-in ../surf/autodet.gw.stats.rh.dat --seg aseg.presurf.mgz --threads 16 --wm wm.mgz --invol brain.finalsurfs.mgz --rh --i ../surf/rh.white.preaparc --o ../surf/rh.white --white --nsmooth 0 --rip-label ../label/rh.cortex.label --rip-bg --rip-surf ../surf/rh.white.preaparc --aparc ../label/rh.aparc.annot
7.3.2
7.3.2

cd /out/sourcedata/freesurfer/sub-v1s8x0051333_ses-1/mri
setenv SUBJECTS_DIR /out/sourcedata/freesurfer
mris_place_surface --adgws-in ../surf/autodet.gw.stats.rh.dat --seg aseg.presurf.mgz --threads 16 --wm wm.mgz --invol brain.finalsurfs.mgz --rh --i ../surf/rh.white.preaparc --o ../surf/rh.white --white --nsmooth 0 --rip-label ../label/rh.cortex.label --rip-bg --rip-surf ../surf/rh.white.preaparc --aparc ../label/rh.aparc.annot 

Reading in input surface ../surf/rh.white.preaparc
Not smoothing input surface
removing intersecting faces
000: 11 intersecting
step 1 with no progress (num=17, old_num=11)
001: 17 intersecting
002: 13 intersecting
step 1 with no progress (num=13, old_num=13)
003: 13 intersecting
step 2 with no progress (num=13, old_num=13)
004: 13 intersecting
step 3 with no progress (num=13, old_num=13)
005: 13 intersecting
step 4 with no progress (num=13, old_num=13)
006: 13 intersecting
step 5 with no progress (num=13, old_num=13)
007: 13 intersecting
step 6 with no progress (num=13, old_num=13)
008: 13 intersecting
step 7 with no progress (num=13, old_num=13)
009: 13 intersecting
step 8 with no progress (num=13, old_num=13)
010: 13 intersecting
step 9 with no progress (num=13, old_num=13)
011: 13 intersecting
step 10 with no progress (num=13, old_num=13)
012: 13 intersecting
step 11 with no progress (num=13, old_num=13)
013: 13 intersecting
step 12 with no progress (num=13, old_num=13)
014: 13 intersecting
step 13 with no progress (num=13, old_num=13)
015: 13 intersecting
step 14 with no progress (num=13, old_num=13)
016: 13 intersecting
step 15 with no progress (num=13, old_num=13)
017: 13 intersecting
step 16 with no progress (num=13, old_num=13)
terminating search with 11 intersecting
Area    317218  0.30089  0.10894 0.000513   1.7083
Corner  951654 60.00000 15.74339 0.380550 178.9945
Edge    475827  0.84582  0.18806 0.018762   3.2214
Hinge   475827 10.17742 12.45019 0.000018 179.8400
Reading in aparc ../label/rh.aparc.annot
Reading in input volume brain.finalsurfs.mgz
Reading in wm volume wm.mgz
MRIclipBrightWM(): nthresh=23999, wmmin=5, clip=110 
MRIfindBrightNonWM(): 545 bright non-wm voxels segmented.
Masking bright non-wm for white surface
MRImask(): AllowDiffGeom = 1
MRImask(): AllowDiffGeom = 1
Reading in seg volume aseg.presurf.mgz
Ripping frozen voxels
Ripping vertices not in label ../label/rh.cortex.label
MRISripNotLabel() ripped 8983/158611 vertices (149628 unripped)
Reading in ripping surface ../surf/rh.white.preaparc
Reading in aparc ../label/rh.aparc.annot for ripsurf
Ripping BG
MRISripBasalGanglia(): 1 -2 2 0.5 ripped 220
Ripping segs (eg, WMSA, BG, frozen)
Starting MRISripSegs() d = (-2 2 0.5) segnos: 247 
MRISripSegs(): -2 2 0.5 ripped 0
vertex 79306: xyz = (42.5952,-9.89265,25.026) oxyz = (42.5952,-9.89265,25.026) wxzy = (42.5952,-9.89265,25.026) pxyz = (0,0,0) 
CBVO Creating mask 158611
n_averages 4
Iteration 0 =========================================
n_averages=4, current_sigma=2
Computing target border values 
Entering MRIScomputeBorderValues_new(): 
  inside_hi   = 120.0000000;
  border_hi   = 110.1674800;
  border_low  =  90.0000000;
  outside_low =  78.6469800;
  outside_hi  = 110.1674800;
  sigma = 2;
  max_thickness = 10;
  step_size=0.5;
  STEP_SIZE=0.1;
  which = 1
  thresh = 0
  flags = 0
  CBVfindFirstPeakD1=0
  CBVfindFirstPeakD2=0
  nvertices=158611
  Gdiag_no=-1
  vno start=0, stop=158611
Replacing 255s with 0s
#SI# sigma=2 had to be increased for 173 vertices, nripped=9203
mean border=95.3, 587 (587) missing vertices, mean dist 0.5 [1.7 (%12.9)->0.8 (%87.1))]
%45 local maxima, %49 large gradients and % 0 min vals, 0 gradients ignored
nFirstPeakD1 0
MRIScomputeBorderValues_new() finished in 0.0173 min


Finding expansion regions
mean absolute distance = 0.95 +- 1.13
3743 vertices more than 2 sigmas from mean.
Averaging target values for 5 iterations...
Positioning Surface: tspring = 0.3, nspring = 0.3, spring = 0, niters = 100 l_repulse = 5, l_surf_repulse = 0, checktol = 0
Positioning pial surface
Entering MRISpositionSurface()
  max_mm = 0.3
  MAX_REDUCTIONS = 2, REDUCTION_PCT = 0.5
  parms->check_tol = 0, niterations = 100
tol=1.0e-04, sigma=2.0, host=dna02, nav=4, nbrs=2, l_repulse=5.000, l_tspring=0.300, l_nspring=0.300, l_intensity=0.200, l_curv=1.000
mom=0.00, dt=0.50
complete_dist_mat 0
rms 0
smooth_averages 0
remove_neg 0
ico_order 0
which_surface 0
target_radius 0.000000
nfields 0
scale 0.000000
desired_rms_height 0.000000
momentum 0.000000
nbhd_size 0
max_nbrs 0
niterations 100
nsurfaces 0
SURFACES 3
flags 0 (0)
use curv 0
no sulc 0
no rigid align 0
mris->nsize 2
mris->hemisphere 1
randomSeed 0

000: dt: 0.0000, sse=973767.5, rms=4.886
001: dt: 0.5000, sse=530097.6, rms=3.141 (35.727%)
002: dt: 0.5000, sse=361247.8, rms=2.144 (31.725%)
003: dt: 0.5000, sse=314360.0, rms=1.681 (21.602%)
004: dt: 0.5000, sse=286597.6, rms=1.447 (13.896%)
rms = 1.3113/1.4474, sse=295566.6/286597.6, time step reduction 1 of 3 to 0.250  0 1 0
005: dt: 0.5000, sse=295566.6, rms=1.311 (9.407%)
006: dt: 0.2500, sse=262967.6, rms=1.172 (10.586%)
rms = 1.1296/1.1725, sse=259109.7/262967.6, time step reduction 2 of 3 to 0.125  0 0 1
007: dt: 0.2500, sse=259109.7, rms=1.130 (3.655%)
rms = 1.0842/1.1296, sse=253776.0/259109.7, time step reduction 3 of 3 to 0.062  0 0 1
008: dt: 0.1250, sse=253776.0, rms=1.084 (4.024%)
  maximum number of reductions reached, breaking from loop
positioning took 0.8 minutes
Iteration 1 =========================================
n_averages=2, current_sigma=1
Computing target border values 
Entering MRIScomputeBorderValues_new(): 
  inside_hi   = 120.0000000;
  border_hi   = 110.1674800;
  border_low  =  90.0000000;
  outside_low =  78.6469800;
  outside_hi  = 110.1674800;
  sigma = 1;
  max_thickness = 10;
  step_size=0.5;
  STEP_SIZE=0.1;
  which = 1
  thresh = 0
  flags = 0
  CBVfindFirstPeakD1=0
  CBVfindFirstPeakD2=0
  nvertices=158611
  Gdiag_no=-1
  vno start=0, stop=158611
Replacing 255s with 0s
#SI# sigma=1 had to be increased for 205 vertices, nripped=9203
mean border=96.8, 287 (165) missing vertices, mean dist -0.3 [0.7 (%61.9)->0.3 (%38.1))]
%60 local maxima, %34 large gradients and % 0 min vals, 0 gradients ignored
nFirstPeakD1 0
MRIScomputeBorderValues_new() finished in 0.0129 min


Finding expansion regions
mean absolute distance = 0.52 +- 0.84
4392 vertices more than 2 sigmas from mean.
Averaging target values for 5 iterations...
Positioning Surface: tspring = 0.3, nspring = 0.3, spring = 0, niters = 100 l_repulse = 5, l_surf_repulse = 0, checktol = 0
Positioning pial surface
Entering MRISpositionSurface()
  max_mm = 0.3
  MAX_REDUCTIONS = 2, REDUCTION_PCT = 0.5
  parms->check_tol = 0, niterations = 100
tol=1.0e-04, sigma=1.0, host=dna02, nav=2, nbrs=2, l_repulse=5.000, l_tspring=0.300, l_nspring=0.300, l_intensity=0.200, l_curv=1.000
mom=0.00, dt=0.50
000: dt: 0.0000, sse=426626.0, rms=2.561
009: dt: 0.5000, sse=344992.9, rms=1.771 (30.837%)
010: dt: 0.5000, sse=305306.4, rms=1.347 (23.959%)
011: dt: 0.5000, sse=300395.1, rms=1.186 (11.962%)
012: dt: 0.5000, sse=286772.4, rms=1.072 (9.625%)
rms = 1.0775/1.0715, sse=290863.5/286772.4, time step reduction 1 of 3 to 0.250  0 1 1
   RMS increased, rejecting step
013: dt: 0.2500, sse=275060.5, rms=0.984 (8.154%)
rms = 0.9723/0.9841, sse=280963.2/275060.5, time step reduction 2 of 3 to 0.125  0 1 1
014: dt: 0.2500, sse=280963.2, rms=0.972 (1.201%)
rms = 0.9472/0.9723, sse=278574.7/280963.2, time step reduction 3 of 3 to 0.062  0 0 1
015: dt: 0.1250, sse=278574.7, rms=0.947 (2.586%)
  maximum number of reductions reached, breaking from loop
positioning took 0.8 minutes
Iteration 2 =========================================
n_averages=1, current_sigma=0.5
Computing target border values 
Entering MRIScomputeBorderValues_new(): 
  inside_hi   = 120.0000000;
  border_hi   = 110.1674800;
  border_low  =  90.0000000;
  outside_low =  78.6469800;
  outside_hi  = 110.1674800;
  sigma = 0.5;
  max_thickness = 10;
  step_size=0.5;
  STEP_SIZE=0.1;
  which = 1
  thresh = 0
  flags = 0
  CBVfindFirstPeakD1=0
  CBVfindFirstPeakD2=0
  nvertices=158611
  Gdiag_no=-1
  vno start=0, stop=158611
Replacing 255s with 0s
#SI# sigma=0.5 had to be increased for 405 vertices, nripped=9203
mean border=98.5, 253 (88) missing vertices, mean dist -0.3 [0.5 (%71.3)->0.2 (%28.7))]
%76 local maxima, %18 large gradients and % 0 min vals, 0 gradients ignored
nFirstPeakD1 0
MRIScomputeBorderValues_new() finished in 0.0073 min


Finding expansion regions
mean absolute distance = 0.44 +- 0.60
5493 vertices more than 2 sigmas from mean.
Averaging target values for 5 iterations...
Positioning Surface: tspring = 0.3, nspring = 0.3, spring = 0, niters = 100 l_repulse = 5, l_surf_repulse = 0, checktol = 0
Positioning pial surface
Entering MRISpositionSurface()
  max_mm = 0.3
  MAX_REDUCTIONS = 2, REDUCTION_PCT = 0.5
  parms->check_tol = 0, niterations = 100
tol=1.0e-04, sigma=0.5, host=dna02, nav=1, nbrs=2, l_repulse=5.000, l_tspring=0.300, l_nspring=0.300, l_intensity=0.200, l_curv=1.000
mom=0.00, dt=0.50
000: dt: 0.0000, sse=437057.9, rms=2.531
016: dt: 0.5000, sse=327614.5, rms=1.625 (35.798%)
017: dt: 0.5000, sse=310512.8, rms=1.193 (26.575%)
rms = 1.1112/1.1934, sse=341105.7/310512.8, time step reduction 1 of 3 to 0.250  0 1 0
018: dt: 0.5000, sse=341105.8, rms=1.111 (6.882%)
019: dt: 0.2500, sse=294542.7, rms=0.961 (13.564%)
rms = 0.9197/0.9605, sse=306073.2/294542.7, time step reduction 2 of 3 to 0.125  0 1 1
020: dt: 0.2500, sse=306073.2, rms=0.920 (4.248%)
021: dt: 0.1250, sse=290747.1, rms=0.868 (5.576%)
rms = 0.8456/0.8684, sse=283831.8/290747.1, time step reduction 3 of 3 to 0.062  0 0 1
022: dt: 0.1250, sse=283831.8, rms=0.846 (2.629%)
  maximum number of reductions reached, breaking from loop
positioning took 0.6 minutes
Iteration 3 =========================================
n_averages=0, current_sigma=0.25
Computing target border values 
Entering MRIScomputeBorderValues_new(): 
  inside_hi   = 120.0000000;
  border_hi   = 110.1674800;
  border_low  =  90.0000000;
  outside_low =  78.6469800;
  outside_hi  = 110.1674800;
  sigma = 0.25;
  max_thickness = 10;
  step_size=0.5;
  STEP_SIZE=0.1;
  which = 1
  thresh = 0
  flags = 0
  CBVfindFirstPeakD1=0
  CBVfindFirstPeakD2=0
  nvertices=158611
  Gdiag_no=-1
  vno start=0, stop=158611
Replacing 255s with 0s
#SI# sigma=0.25 had to be increased for 374 vertices, nripped=9203
mean border=99.1, 248 (51) missing vertices, mean dist -0.1 [0.3 (%59.2)->0.2 (%40.8))]
%82 local maxima, %12 large gradients and % 0 min vals, 0 gradients ignored
nFirstPeakD1 0
MRIScomputeBorderValues_new() finished in 0.0045 min


Finding expansion regions
mean absolute distance = 0.30 +- 0.42
5047 vertices more than 2 sigmas from mean.
Averaging target values for 5 iterations...
Positioning Surface: tspring = 0.3, nspring = 0.3, spring = 0, niters = 100 l_repulse = 5, l_surf_repulse = 0, checktol = 0
Positioning pial surface
Entering MRISpositionSurface()
  max_mm = 0.3
  MAX_REDUCTIONS = 2, REDUCTION_PCT = 0.5
  parms->check_tol = 0, niterations = 100
tol=1.0e-04, sigma=0.2, host=dna02, nav=0, nbrs=2, l_repulse=5.000, l_tspring=0.300, l_nspring=0.300, l_intensity=0.200, l_curv=1.000
mom=0.00, dt=0.50
000: dt: 0.0000, sse=308419.7, rms=1.304
023: dt: 0.5000, sse=295968.6, rms=0.927 (28.905%)
rms = 0.9219/0.9270, sse=301114.1/295968.6, time step reduction 1 of 3 to 0.250  0 1 1
024: dt: 0.5000, sse=301114.1, rms=0.922 (0.546%)
025: dt: 0.2500, sse=289365.5, rms=0.824 (10.657%)
rms = 0.8238/0.8237, sse=286260.2/289365.5, time step reduction 2 of 3 to 0.125  0 0 1
   RMS increased, rejecting step
rms = 0.7892/0.8237, sse=283402.5/289365.5, time step reduction 3 of 3 to 0.062  0 0 1
026: dt: 0.1250, sse=283402.5, rms=0.789 (4.182%)
  maximum number of reductions reached, breaking from loop
positioning took 0.4 minutes
removing intersecting faces
000: 11 intersecting
step 1 with no progress (num=14, old_num=11)
001: 14 intersecting
002: 13 intersecting
step 1 with no progress (num=13, old_num=13)
003: 13 intersecting
step 2 with no progress (num=13, old_num=13)
004: 13 intersecting
step 3 with no progress (num=13, old_num=13)
005: 13 intersecting
step 4 with no progress (num=13, old_num=13)
006: 13 intersecting
step 5 with no progress (num=13, old_num=13)
007: 13 intersecting
step 6 with no progress (num=13, old_num=13)
008: 13 intersecting
step 7 with no progress (num=13, old_num=13)
009: 13 intersecting
step 8 with no progress (num=13, old_num=13)
010: 13 intersecting
step 9 with no progress (num=13, old_num=13)
011: 13 intersecting
step 10 with no progress (num=13, old_num=13)
012: 13 intersecting
step 11 with no progress (num=13, old_num=13)
013: 13 intersecting
step 12 with no progress (num=13, old_num=13)
014: 13 intersecting
step 13 with no progress (num=13, old_num=13)
015: 13 intersecting
step 14 with no progress (num=13, old_num=13)
016: 13 intersecting
step 15 with no progress (num=13, old_num=13)
017: 13 intersecting
step 16 with no progress (num=13, old_num=13)
terminating search with 11 intersecting


Writing output to ../surf/rh.white
#ET# mris_place_surface  3.40 minutes
#VMPC# mris_place_surfaces VmPeak  3230100
mris_place_surface done
#--------------------------------------------
#@# T1PialSurf rh Tue Mar 10 09:51:46 CET 2026
cd /out/sourcedata/freesurfer/sub-v1s8x0051333_ses-1/mri
mris_place_surface --adgws-in ../surf/autodet.gw.stats.rh.dat --seg aseg.presurf.mgz --threads 16 --wm wm.mgz --invol brain.finalsurfs.mgz --rh --i ../surf/rh.white --o ../surf/rh.pial.T1 --pial --nsmooth 0 --rip-label ../label/rh.cortex+hipamyg.label --pin-medial-wall ../label/rh.cortex.label --aparc ../label/rh.aparc.annot --repulse-surf ../surf/rh.white --white-surf ../surf/rh.white
7.3.2
7.3.2

cd /out/sourcedata/freesurfer/sub-v1s8x0051333_ses-1/mri
setenv SUBJECTS_DIR /out/sourcedata/freesurfer
mris_place_surface --adgws-in ../surf/autodet.gw.stats.rh.dat --seg aseg.presurf.mgz --threads 16 --wm wm.mgz --invol brain.finalsurfs.mgz --rh --i ../surf/rh.white --o ../surf/rh.pial.T1 --pial --nsmooth 0 --rip-label ../label/rh.cortex+hipamyg.label --pin-medial-wall ../label/rh.cortex.label --aparc ../label/rh.aparc.annot --repulse-surf ../surf/rh.white --white-surf ../surf/rh.white 

Reading in input surface ../surf/rh.white
Not smoothing input surface
removing intersecting faces
000: 11 intersecting
step 1 with no progress (num=14, old_num=11)
001: 14 intersecting
002: 13 intersecting
step 1 with no progress (num=13, old_num=13)
003: 13 intersecting
step 2 with no progress (num=13, old_num=13)
004: 13 intersecting
step 3 with no progress (num=13, old_num=13)
005: 13 intersecting
step 4 with no progress (num=13, old_num=13)
006: 13 intersecting
step 5 with no progress (num=13, old_num=13)
007: 13 intersecting
step 6 with no progress (num=13, old_num=13)
008: 13 intersecting
step 7 with no progress (num=13, old_num=13)
009: 13 intersecting
step 8 with no progress (num=13, old_num=13)
010: 13 intersecting
step 9 with no progress (num=13, old_num=13)
011: 13 intersecting
step 10 with no progress (num=13, old_num=13)
012: 13 intersecting
step 11 with no progress (num=13, old_num=13)
013: 13 intersecting
step 12 with no progress (num=13, old_num=13)
014: 13 intersecting
step 13 with no progress (num=13, old_num=13)
015: 13 intersecting
step 14 with no progress (num=13, old_num=13)
016: 13 intersecting
step 15 with no progress (num=13, old_num=13)
017: 13 intersecting
step 16 with no progress (num=13, old_num=13)
terminating search with 11 intersecting
Area    317218  0.30114  0.11735 0.000460   1.8248
Corner  951654 60.00000 16.72747 0.124587 178.5786
Edge    475827  0.84754  0.20246 0.025656   3.9797
Hinge   475827 10.15428 12.19943 0.000028 179.5814
Reading white surface coordinates from ../surf/rh.white
Reading repulsion surface coordinates from ../surf/rh.white
Reading in aparc ../label/rh.aparc.annot
Reading in input volume brain.finalsurfs.mgz
Reading in wm volume wm.mgz
MRIclipBrightWM(): nthresh=23999, wmmin=5, clip=110 
MRIfindBrightNonWM(): 545 bright non-wm voxels segmented.
Masking bright non-wm for pial surface mid_gray = 77.8867
MRImask(): AllowDiffGeom = 1
MRImask(): AllowDiffGeom = 1
MRImask(): AllowDiffGeom = 1
Reading in seg volume aseg.presurf.mgz
Ripping frozen voxels
Ripping vertices not in label ../label/rh.cortex+hipamyg.label
MRISripNotLabel() ripped 6688/158611 vertices (151923 unripped)
INFO: rip surface needed but not specified, so using input surface
Ripping segs (eg, WMSA, BG, frozen)
Starting MRISripSegs() d = (-2 2 0.5) segnos: 247 
MRISripSegs(): -2 2 0.5 ripped 0
vertex 79306: xyz = (42.618,-9.92945,25.0011) oxyz = (42.618,-9.92945,25.0011) wxzy = (42.618,-9.92945,25.0011) pxyz = (42.618,-9.92945,25.0011) 
CBVO Creating mask 158611
n_averages 16
Iteration 0 =========================================
n_averages=16, current_sigma=2
Computing target border values 
Entering MRIScomputeBorderValues_new(): 
  inside_hi   =  99.8325200;
  border_hi   =  78.6469800;
  border_low  =  55.9409480;
  outside_low =  10.0000000;
  outside_hi  =  72.9704740;
  sigma = 2;
  max_thickness = 10;
  step_size=0.5;
  STEP_SIZE=0.1;
  which = 2
  thresh = 0
  flags = 0
  CBVfindFirstPeakD1=0
  CBVfindFirstPeakD2=0
  nvertices=158611
  Gdiag_no=-1
  vno start=0, stop=158611
Replacing 255s with 0s
#SI# sigma=2 had to be increased for 214 vertices, nripped=6688
mean border=75.7, 617 (617) missing vertices, mean dist 1.9 [3.6 (%0.0)->3.1 (%100.0))]
%17 local maxima, %42 large gradients and %37 min vals, 0 gradients ignored
nFirstPeakD1 0
MRIScomputeBorderValues_new() finished in 0.0157 min


Averaging target values for 5 iterations...
Positioning Surface: tspring = 0.3, nspring = 0.3, spring = 0, niters = 100 l_repulse = 0, l_surf_repulse = 5, checktol = 0
Positioning pial surface
Entering MRISpositionSurface()
  max_mm = 0.3
  MAX_REDUCTIONS = 2, REDUCTION_PCT = 0.5
  parms->check_tol = 0, niterations = 100
tol=1.0e-04, sigma=2.0, host=dna02, nav=16, nbrs=2, l_surf_repulse=5.000, l_tspring=0.300, l_nspring=0.300, l_intensity=0.200, l_curv=1.000
mom=0.00, dt=0.50
complete_dist_mat 0
rms 0
smooth_averages 0
remove_neg 0
ico_order 0
which_surface 0
target_radius 0.000000
nfields 0
scale 0.000000
desired_rms_height 0.000000
momentum 0.000000
nbhd_size 0
max_nbrs 0
niterations 100
nsurfaces 0
SURFACES 3
flags 0 (0)
use curv 0
no sulc 0
no rigid align 0
mris->nsize 2
mris->hemisphere 1
randomSeed 0

000: dt: 0.0000, sse=18343766.0, rms=24.483
001: dt: 0.5000, sse=15021832.0, rms=22.130 (9.614%)
002: dt: 0.5000, sse=12355628.0, rms=20.041 (9.439%)
003: dt: 0.5000, sse=10306460.0, rms=18.273 (8.820%)
004: dt: 0.5000, sse=8755864.0, rms=16.812 (7.998%)
005: dt: 0.5000, sse=7507122.5, rms=15.534 (7.598%)
006: dt: 0.5000, sse=6333408.0, rms=14.229 (8.403%)
007: dt: 0.5000, sse=5185896.0, rms=12.824 (9.871%)
008: dt: 0.5000, sse=4109206.0, rms=11.349 (11.504%)
009: dt: 0.5000, sse=3157055.2, rms=9.862 (13.102%)
010: dt: 0.5000, sse=2345627.0, rms=8.389 (14.938%)
011: dt: 0.5000, sse=1741725.2, rms=7.096 (15.409%)
012: dt: 0.5000, sse=1339130.1, rms=6.082 (14.287%)
013: dt: 0.5000, sse=1091582.9, rms=5.364 (11.820%)
014: dt: 0.5000, sse=951704.2, rms=4.909 (8.470%)
015: dt: 0.5000, sse=865364.6, rms=4.605 (6.196%)
016: dt: 0.5000, sse=824671.4, rms=4.452 (3.314%)
017: dt: 0.5000, sse=792229.8, rms=4.327 (2.828%)
rms = 4.2822/4.3266, sse=781688.9/792229.8, time step reduction 1 of 3 to 0.250  0 0 1
018: dt: 0.5000, sse=781688.9, rms=4.282 (1.024%)
019: dt: 0.2500, sse=572819.2, rms=3.358 (21.582%)
020: dt: 0.2500, sse=542382.1, rms=3.201 (4.682%)
021: dt: 0.2500, sse=530800.8, rms=3.138 (1.972%)
rms = 3.1059/3.1377, sse=525074.2/530800.8, time step reduction 2 of 3 to 0.125  0 0 1
022: dt: 0.2500, sse=525074.1, rms=3.106 (1.013%)
023: dt: 0.1250, sse=482805.4, rms=2.868 (7.667%)
024: dt: 0.1250, sse=470013.1, rms=2.792 (2.649%)
rms = 2.7628/2.7918, sse=465316.2/470013.1, time step reduction 3 of 3 to 0.062  0 0 1
025: dt: 0.1250, sse=465316.2, rms=2.763 (1.038%)
  maximum number of reductions reached, breaking from loop
positioning took 2.2 minutes
Iteration 1 =========================================
n_averages=8, current_sigma=1
Computing target border values 
Entering MRIScomputeBorderValues_new(): 
  inside_hi   =  99.8325200;
  border_hi   =  78.6469800;
  border_low  =  55.9409480;
  outside_low =  10.0000000;
  outside_hi  =  72.9704740;
  sigma = 1;
  max_thickness = 10;
  step_size=0.5;
  STEP_SIZE=0.1;
  which = 2
  thresh = 0
  flags = 0
  CBVfindFirstPeakD1=0
  CBVfindFirstPeakD2=0
  nvertices=158611
  Gdiag_no=-1
  vno start=0, stop=158611
Replacing 255s with 0s
#SI# sigma=1 had to be increased for 11374 vertices, nripped=6688
mean border=74.9, 2001 (124) missing vertices, mean dist 0.1 [0.1 (%47.6)->0.5 (%52.4))]
%31 local maxima, %31 large gradients and %33 min vals, 0 gradients ignored
nFirstPeakD1 0
MRIScomputeBorderValues_new() finished in 0.0041 min


Averaging target values for 5 iterations...
Positioning Surface: tspring = 0.3, nspring = 0.3, spring = 0, niters = 100 l_repulse = 0, l_surf_repulse = 5, checktol = 0
Positioning pial surface
Entering MRISpositionSurface()
  max_mm = 0.3
  MAX_REDUCTIONS = 2, REDUCTION_PCT = 0.5
  parms->check_tol = 0, niterations = 100
tol=1.0e-04, sigma=1.0, host=dna02, nav=8, nbrs=2, l_surf_repulse=5.000, l_tspring=0.300, l_nspring=0.300, l_intensity=0.200, l_curv=1.000
mom=0.00, dt=0.50
000: dt: 0.0000, sse=626209.0, rms=3.392
rms = 3.7060/3.3915, sse=693676.8/626209.0, time step reduction 1 of 3 to 0.250  0 1 1
   RMS increased, rejecting step
026: dt: 0.2500, sse=565864.5, rms=3.082 (9.119%)
027: dt: 0.2500, sse=537321.1, rms=2.924 (5.137%)
rms = 2.9628/2.9239, sse=544225.5/537321.0, time step reduction 2 of 3 to 0.125  0 1 1
   RMS increased, rejecting step
028: dt: 0.1250, sse=526574.1, rms=2.862 (2.126%)
rms = 2.8393/2.8618, sse=523040.8/526574.1, time step reduction 3 of 3 to 0.062  0 0 1
029: dt: 0.1250, sse=523040.8, rms=2.839 (0.785%)
  maximum number of reductions reached, breaking from loop
positioning took 0.4 minutes
Iteration 2 =========================================
n_averages=4, current_sigma=0.5
Computing target border values 
Entering MRIScomputeBorderValues_new(): 
  inside_hi   =  99.8325200;
  border_hi   =  78.6469800;
  border_low  =  55.9409480;
  outside_low =  10.0000000;
  outside_hi  =  72.9704740;
  sigma = 0.5;
  max_thickness = 10;
  step_size=0.5;
  STEP_SIZE=0.1;
  which = 2
  thresh = 0
  flags = 0
  CBVfindFirstPeakD1=0
  CBVfindFirstPeakD2=0
  nvertices=158611
  Gdiag_no=-1
  vno start=0, stop=158611
Replacing 255s with 0s
#SI# sigma=0.5 had to be increased for 12241 vertices, nripped=6688
mean border=74.6, 2499 (80) missing vertices, mean dist 0.1 [0.1 (%47.0)->0.4 (%53.0))]
%42 local maxima, %19 large gradients and %33 min vals, 0 gradients ignored
nFirstPeakD1 0
MRIScomputeBorderValues_new() finished in 0.0025 min


Averaging target values for 5 iterations...
Positioning Surface: tspring = 0.3, nspring = 0.3, spring = 0, niters = 100 l_repulse = 0, l_surf_repulse = 5, checktol = 0
Positioning pial surface
Entering MRISpositionSurface()
  max_mm = 0.3
  MAX_REDUCTIONS = 2, REDUCTION_PCT = 0.5
  parms->check_tol = 0, niterations = 100
tol=1.0e-04, sigma=0.5, host=dna02, nav=4, nbrs=2, l_surf_repulse=5.000, l_tspring=0.300, l_nspring=0.300, l_intensity=0.200, l_curv=1.000
mom=0.00, dt=0.50
000: dt: 0.0000, sse=558519.2, rms=3.034
rms = 3.3025/3.0336, sse=609032.7/558519.2, time step reduction 1 of 3 to 0.250  0 1 1
   RMS increased, rejecting step
030: dt: 0.2500, sse=516538.9, rms=2.795 (7.851%)
031: dt: 0.2500, sse=495265.1, rms=2.669 (4.531%)
rms = 2.8288/2.6687, sse=521737.4/495265.1, time step reduction 2 of 3 to 0.125  0 1 1
   RMS increased, rejecting step
rms = 2.6324/2.6687, sse=489522.4/495265.1, time step reduction 3 of 3 to 0.062  0 0 1
032: dt: 0.1250, sse=489522.4, rms=2.632 (1.363%)
  maximum number of reductions reached, breaking from loop
positioning took 0.3 minutes
Iteration 3 =========================================
n_averages=2, current_sigma=0.25
Computing target border values 
Entering MRIScomputeBorderValues_new(): 
  inside_hi   =  99.8325200;
  border_hi   =  78.6469800;
  border_low  =  55.9409480;
  outside_low =  10.0000000;
  outside_hi  =  72.9704740;
  sigma = 0.25;
  max_thickness = 10;
  step_size=0.5;
  STEP_SIZE=0.1;
  which = 2
  thresh = 0
  flags = 0
  CBVfindFirstPeakD1=0
  CBVfindFirstPeakD2=0
  nvertices=158611
  Gdiag_no=-1
  vno start=0, stop=158611
Replacing 255s with 0s
#SI# sigma=0.25 had to be increased for 10350 vertices, nripped=6688
mean border=74.2, 5167 (65) missing vertices, mean dist 0.1 [0.1 (%48.2)->0.3 (%51.8))]
%45 local maxima, %16 large gradients and %31 min vals, 0 gradients ignored
nFirstPeakD1 0
MRIScomputeBorderValues_new() finished in 0.0017 min


Averaging target values for 5 iterations...
Positioning Surface: tspring = 0.3, nspring = 0.3, spring = 0, niters = 100 l_repulse = 0, l_surf_repulse = 5, checktol = 0
Positioning pial surface
Entering MRISpositionSurface()
  max_mm = 0.3
  MAX_REDUCTIONS = 2, REDUCTION_PCT = 0.5
  parms->check_tol = 0, niterations = 100
tol=1.0e-04, sigma=0.2, host=dna02, nav=2, nbrs=2, l_surf_repulse=5.000, l_tspring=0.300, l_nspring=0.300, l_intensity=0.200, l_curv=1.000
mom=0.00, dt=0.50
000: dt: 0.0000, sse=503162.3, rms=2.712
rms = 3.1788/2.7125, sse=584671.9/503162.3, time step reduction 1 of 3 to 0.250  0 1 1
   RMS increased, rejecting step
033: dt: 0.2500, sse=482924.3, rms=2.586 (4.669%)
rms = 2.6118/2.5858, sse=486431.9/482924.3, time step reduction 2 of 3 to 0.125  0 1 1
   RMS increased, rejecting step
rms = 2.5649/2.5858, sse=479680.4/482924.3, time step reduction 3 of 3 to 0.062  0 0 1
034: dt: 0.1250, sse=479680.4, rms=2.565 (0.809%)
  maximum number of reductions reached, breaking from loop
positioning took 0.3 minutes
Pinning medial wall to white surface
removing intersecting faces
000: 18 intersecting
step 1 with no progress (num=44, old_num=18)
001: 44 intersecting
002: 20 intersecting
step 1 with no progress (num=33, old_num=20)
003: 33 intersecting
004: 24 intersecting
005: 17 intersecting
step 1 with no progress (num=17, old_num=17)
006: 17 intersecting
step 2 with no progress (num=17, old_num=17)
007: 17 intersecting
step 3 with no progress (num=17, old_num=17)
008: 17 intersecting
step 4 with no progress (num=17, old_num=17)
009: 17 intersecting
step 5 with no progress (num=17, old_num=17)
010: 17 intersecting
step 6 with no progress (num=17, old_num=17)
011: 17 intersecting
step 7 with no progress (num=17, old_num=17)
012: 17 intersecting
step 8 with no progress (num=17, old_num=17)
013: 17 intersecting
step 9 with no progress (num=17, old_num=17)
014: 17 intersecting
step 10 with no progress (num=17, old_num=17)
015: 17 intersecting
step 11 with no progress (num=17, old_num=17)
016: 17 intersecting
step 12 with no progress (num=17, old_num=17)
017: 17 intersecting
step 13 with no progress (num=17, old_num=17)
018: 17 intersecting
step 14 with no progress (num=17, old_num=17)
019: 17 intersecting
step 15 with no progress (num=17, old_num=17)
020: 17 intersecting
step 16 with no progress (num=17, old_num=17)
terminating search with 17 intersecting


Writing output to ../surf/rh.pial.T1
#ET# mris_place_surface  4.20 minutes
#VMPC# mris_place_surfaces VmPeak  2544460
mris_place_surface done
#@# white curv rh Tue Mar 10 09:56:43 CET 2026
cd /out/sourcedata/freesurfer/sub-v1s8x0051333_ses-1/mri
mris_place_surface --curv-map ../surf/rh.white 2 10 ../surf/rh.curv
insurf  ../surf/rh.white, nbrs 2, curvature_avgs 10
writing curvature file ../surf/rh.curv
#@# white area rh Tue Mar 10 09:56:45 CET 2026
cd /out/sourcedata/freesurfer/sub-v1s8x0051333_ses-1/mri
mris_place_surface --area-map ../surf/rh.white ../surf/rh.area
writing curvature file ../surf/rh.area
#@# pial curv rh Tue Mar 10 09:56:46 CET 2026
cd /out/sourcedata/freesurfer/sub-v1s8x0051333_ses-1/mri
mris_place_surface --curv-map ../surf/rh.pial 2 10 ../surf/rh.curv.pial
insurf  ../surf/rh.pial, nbrs 2, curvature_avgs 10
writing curvature file ../surf/rh.curv.pial
#@# pial area rh Tue Mar 10 09:56:48 CET 2026
cd /out/sourcedata/freesurfer/sub-v1s8x0051333_ses-1/mri
mris_place_surface --area-map ../surf/rh.pial ../surf/rh.area.pial
writing curvature file ../surf/rh.area.pial
#@# thickness rh Tue Mar 10 09:56:49 CET 2026
cd /out/sourcedata/freesurfer/sub-v1s8x0051333_ses-1/mri
mris_place_surface --thickness ../surf/rh.white ../surf/rh.pial 20 5 ../surf/rh.thickness
0 of 158611 vertices processed
25000 of 158611 vertices processed
50000 of 158611 vertices processed
75000 of 158611 vertices processed
100000 of 158611 vertices processed
125000 of 158611 vertices processed
150000 of 158611 vertices processed
0 of 158611 vertices processed
25000 of 158611 vertices processed
50000 of 158611 vertices processed
75000 of 158611 vertices processed
100000 of 158611 vertices processed
125000 of 158611 vertices processed
150000 of 158611 vertices processed
thickness calculation complete, 532:2224 truncations.
75329 vertices at 0 distance
125391 vertices at 1 distance
69656 vertices at 2 distance
28549 vertices at 3 distance
11190 vertices at 4 distance
4170 vertices at 5 distance
1519 vertices at 6 distance
636 vertices at 7 distance
273 vertices at 8 distance
130 vertices at 9 distance
74 vertices at 10 distance
54 vertices at 11 distance
36 vertices at 12 distance
40 vertices at 13 distance
33 vertices at 14 distance
33 vertices at 15 distance
27 vertices at 16 distance
13 vertices at 17 distance
18 vertices at 18 distance
18 vertices at 19 distance
33 vertices at 20 distance
writing curvature file ../surf/rh.thickness
#@# area and vertex vol rh Tue Mar 10 09:57:22 CET 2026
cd /out/sourcedata/freesurfer/sub-v1s8x0051333_ses-1/mri
mris_place_surface --thickness ../surf/rh.white ../surf/rh.pial 20 5 ../surf/rh.thickness
/out/sourcedata/freesurfer/sub-v1s8x0051333_ses-1/surf
mris_calc -o rh.area.mid rh.area add rh.area.pial
Saving result to 'rh.area.mid' (type = MRI_CURV_FILE)                       [ ok ]
mris_calc -o rh.area.mid rh.area.mid div 2
Saving result to 'rh.area.mid' (type = MRI_CURV_FILE)                       [ ok ]
mris_convert --volume sub-v1s8x0051333_ses-1 rh /out/sourcedata/freesurfer/sub-v1s8x0051333_ses-1/surf/rh.volume
masking with /out/sourcedata/freesurfer/sub-v1s8x0051333_ses-1/label/rh.cortex.label
Total face volume 259812
Total vertex volume 259600 (mask=0)
#@# sub-v1s8x0051333_ses-1 rh 259600
 
vertexvol Done

#-----------------------------------------
#@# Curvature Stats rh Tue Mar 10 09:57:24 CET 2026
/out/sourcedata/freesurfer/sub-v1s8x0051333_ses-1/surf

 mris_curvature_stats -m --writeCurvatureFiles -G -o ../stats/rh.curv.stats -F smoothwm sub-v1s8x0051333_ses-1 rh curv sulc 

             Toggling save flag on curvature files                       [ ok ]
                 Outputting results using filestem   [ ../stats/rh.curv.stats ]
             Toggling save flag on curvature files                       [ ok ]
                                   Setting surface [ sub-v1s8x0051333_ses-1/rh.smoothwm ]
                                Reading surface...                       [ ok ]
                                   Setting texture                     [ curv ]
                                Reading texture...                       [ ok ]
                                   Setting texture                     [ sulc ]
                                Reading texture...Gb_filter = 0
                       [ ok ]
      Calculating Discrete Principal Curvatures...
      Determining geometric order for vno faces... [####################] [ ok ]
                      Determining KH curvatures... [####################] [ ok ]
                    Determining k1k2 curvatures... [####################] [ ok ]
                                   deltaViolations                      [ 246 ]
Gb_filter = 0

WARN:    S lookup   min:                          -0.127942
WARN:    S explicit min:                          0.000000	vertex = 572
#-----------------------------------------
#@# Cortical Parc 2 rh Tue Mar 10 09:57:27 CET 2026
/out/sourcedata/freesurfer/sub-v1s8x0051333_ses-1/scripts

 mris_ca_label -l ../label/rh.cortex.label -aseg ../mri/aseg.presurf.mgz -seed 1234 sub-v1s8x0051333_ses-1 rh ../surf/rh.sphere.reg /opt/freesurfer/average/rh.CDaparc.atlas.acfb40.noaparc.i12.2016-08-02.gcs ../label/rh.aparc.a2009s.annot 

setting seed for random number generator to 1234
using ../mri/aseg.presurf.mgz aseg volume to correct midline
7.3.2
  7.3.2
reading atlas from /opt/freesurfer/average/rh.CDaparc.atlas.acfb40.noaparc.i12.2016-08-02.gcs...
reading color table from GCSA file....
average std = 1.4   using min determinant for regularization = 0.021
0 singular and 0 ill-conditioned covariance matrices regularized
input 0: MEAN CURVATURE, flags 0, avgs 5, name mean_curvature
labeling surface...
34 labels changed using aseg
relabeling using gibbs priors...
000:  10439 changed, 158611 examined...
001:   2306 changed, 40801 examined...
002:    658 changed, 12324 examined...
003:    265 changed, 3807 examined...
004:    129 changed, 1572 examined...
005:     56 changed, 745 examined...
006:     27 changed, 340 examined...
007:     22 changed, 153 examined...
008:     15 changed, 117 examined...
009:      4 changed, 73 examined...
010:      2 changed, 28 examined...
011:      3 changed, 14 examined...
012:      2 changed, 19 examined...
013:      2 changed, 11 examined...
014:      2 changed, 11 examined...
015:      2 changed, 9 examined...
016:      2 changed, 11 examined...
017:      0 changed, 10 examined...
24 labels changed using aseg
000: 278 total segments, 190 labels (2508 vertices) changed
001: 106 total segments, 20 labels (139 vertices) changed
002: 87 total segments, 1 labels (1 vertices) changed
003: 86 total segments, 0 labels (0 vertices) changed
10 filter iterations complete (10 requested, 37 changed)
rationalizing unknown annotations with cortex label
relabeling Medial_wall label...
1013 vertices marked for relabeling...
1013 labels changed in reclassification.
writing output to ../label/rh.aparc.a2009s.annot...
classification took 0 minutes and 15 seconds.
#-----------------------------------------
#@# Cortical Parc 3 rh Tue Mar 10 09:57:42 CET 2026
/out/sourcedata/freesurfer/sub-v1s8x0051333_ses-1/scripts

 mris_ca_label -l ../label/rh.cortex.label -aseg ../mri/aseg.presurf.mgz -seed 1234 sub-v1s8x0051333_ses-1 rh ../surf/rh.sphere.reg /opt/freesurfer/average/rh.DKTaparc.atlas.acfb40.noaparc.i12.2016-08-02.gcs ../label/rh.aparc.DKTatlas.annot 

setting seed for random number generator to 1234
using ../mri/aseg.presurf.mgz aseg volume to correct midline
7.3.2
  7.3.2
reading atlas from /opt/freesurfer/average/rh.DKTaparc.atlas.acfb40.noaparc.i12.2016-08-02.gcs...
reading color table from GCSA file....
average std = 0.9   using min determinant for regularization = 0.009
0 singular and 325 ill-conditioned covariance matrices regularized
input 0: MEAN CURVATURE, flags 0, avgs 5, name mean_curvature
labeling surface...
1790 labels changed using aseg
relabeling using gibbs priors...
000:   2244 changed, 158611 examined...
001:    542 changed, 10423 examined...
002:    191 changed, 3085 examined...
003:     88 changed, 1097 examined...
004:     58 changed, 497 examined...
005:     34 changed, 332 examined...
006:     33 changed, 192 examined...
007:     21 changed, 172 examined...
008:     24 changed, 130 examined...
009:     17 changed, 129 examined...
010:     12 changed, 98 examined...
011:     11 changed, 73 examined...
012:      1 changed, 59 examined...
013:      0 changed, 8 examined...
398 labels changed using aseg
000: 60 total segments, 27 labels (392 vertices) changed
001: 34 total segments, 1 labels (1 vertices) changed
002: 33 total segments, 0 labels (0 vertices) changed
10 filter iterations complete (10 requested, 2 changed)
rationalizing unknown annotations with cortex label
relabeling unknown label...
relabeling corpuscallosum label...
568 vertices marked for relabeling...
568 labels changed in reclassification.
writing output to ../label/rh.aparc.DKTatlas.annot...
classification took 0 minutes and 12 seconds.
#-----------------------------------------
#@# WM/GM Contrast rh Tue Mar 10 09:57:54 CET 2026
/out/sourcedata/freesurfer/sub-v1s8x0051333_ses-1/scripts

 pctsurfcon --s sub-v1s8x0051333_ses-1 --rh-only 

Log file is /out/sourcedata/freesurfer/sub-v1s8x0051333_ses-1/scripts/pctsurfcon.log
Tue Mar 10 09:57:54 CET 2026
setenv SUBJECTS_DIR /out/sourcedata/freesurfer
cd /out/sourcedata/freesurfer/sub-v1s8x0051333_ses-1/scripts
/opt/freesurfer/bin/pctsurfcon
pctsurfcon 7.3.2
Linux dna029 5.14.0-427.37.1.el9_4.x86_64 #1 SMP PREEMPT_DYNAMIC Fri Sep 13 12:41:50 EDT 2024 x86_64 x86_64 x86_64 GNU/Linux
FREESURFER_HOME /opt/freesurfer
mri_vol2surf --mov /out/sourcedata/freesurfer/sub-v1s8x0051333_ses-1/mri/rawavg.mgz --hemi rh --noreshape --interp trilinear --projdist -1 --o /out/sourcedata/freesurfer/sub-v1s8x0051333_ses-1/surf/tmp.pctsurfcon.147513/rh.wm.mgh --regheader sub-v1s8x0051333_ses-1 --cortex
srcvol = /out/sourcedata/freesurfer/sub-v1s8x0051333_ses-1/mri/rawavg.mgz
srcreg unspecified
srcregold = 0
srcwarp unspecified
surf = white
hemi = rh
ProjDist = -1
reshape = 0
interp = trilinear
float2int = round
GetProjMax = 0
INFO: float2int code = 0
Done loading volume
Computing registration from header.
  Using /out/sourcedata/freesurfer/sub-v1s8x0051333_ses-1/mri/orig.mgz as target reference.
-------- original matrix -----------
-1.00000   0.00000   0.00000   0.00001;
 0.00000   0.00000   1.00000   0.00002;
 0.00000  -1.00000   0.00000   0.00000;
 0.00000   0.00000   0.00000   1.00000;
-------- original matrix -----------
Loading label /out/sourcedata/freesurfer/sub-v1s8x0051333_ses-1/label/rh.cortex.label
Reading surface /out/sourcedata/freesurfer/sub-v1s8x0051333_ses-1/surf/rh.white
Done reading source surface
Mapping Source Volume onto Source Subject Surface
Projecting -1 -1 1
 1 -1 -1 -1
using old
Done mapping volume to surface
Number of source voxels hit = 86004
Masking with /out/sourcedata/freesurfer/sub-v1s8x0051333_ses-1/label/rh.cortex.label
Writing to /out/sourcedata/freesurfer/sub-v1s8x0051333_ses-1/surf/tmp.pctsurfcon.147513/rh.wm.mgh
Dim: 158611 1 1
mri_vol2surf --mov /out/sourcedata/freesurfer/sub-v1s8x0051333_ses-1/mri/rawavg.mgz --hemi rh --noreshape --interp trilinear --o /out/sourcedata/freesurfer/sub-v1s8x0051333_ses-1/surf/tmp.pctsurfcon.147513/rh.gm.mgh --projfrac 0.3 --regheader sub-v1s8x0051333_ses-1 --cortex
srcvol = /out/sourcedata/freesurfer/sub-v1s8x0051333_ses-1/mri/rawavg.mgz
srcreg unspecified
srcregold = 0
srcwarp unspecified
surf = white
hemi = rh
ProjFrac = 0.3
thickness = thickness
reshape = 0
interp = trilinear
float2int = round
GetProjMax = 0
INFO: float2int code = 0
Done loading volume
Computing registration from header.
  Using /out/sourcedata/freesurfer/sub-v1s8x0051333_ses-1/mri/orig.mgz as target reference.
-------- original matrix -----------
-1.00000   0.00000   0.00000   0.00001;
 0.00000   0.00000   1.00000   0.00002;
 0.00000  -1.00000   0.00000   0.00000;
 0.00000   0.00000   0.00000   1.00000;
-------- original matrix -----------
Loading label /out/sourcedata/freesurfer/sub-v1s8x0051333_ses-1/label/rh.cortex.label
Reading surface /out/sourcedata/freesurfer/sub-v1s8x0051333_ses-1/surf/rh.white
Done reading source surface
Reading thickness /out/sourcedata/freesurfer/sub-v1s8x0051333_ses-1/surf/rh.thickness
Done
Mapping Source Volume onto Source Subject Surface
Projecting 0.3 0.3 1
 1 0.3 0.3 0.3
using old
Done mapping volume to surface
Number of source voxels hit = 102810
Masking with /out/sourcedata/freesurfer/sub-v1s8x0051333_ses-1/label/rh.cortex.label
Writing to /out/sourcedata/freesurfer/sub-v1s8x0051333_ses-1/surf/tmp.pctsurfcon.147513/rh.gm.mgh
Dim: 158611 1 1
mri_concat /out/sourcedata/freesurfer/sub-v1s8x0051333_ses-1/surf/tmp.pctsurfcon.147513/rh.wm.mgh /out/sourcedata/freesurfer/sub-v1s8x0051333_ses-1/surf/tmp.pctsurfcon.147513/rh.gm.mgh --paired-diff-norm --mul 100 --o /out/sourcedata/freesurfer/sub-v1s8x0051333_ses-1/surf/rh.w-g.pct.mgh
ninputs = 2
Checking inputs
nframestot = 2
Allocing output
Done allocing
Combining pairs
nframes = 1
Multiplying by 100.000000
Writing to /out/sourcedata/freesurfer/sub-v1s8x0051333_ses-1/surf/rh.w-g.pct.mgh
mri_segstats --in /out/sourcedata/freesurfer/sub-v1s8x0051333_ses-1/surf/rh.w-g.pct.mgh --annot sub-v1s8x0051333_ses-1 rh aparc --sum /out/sourcedata/freesurfer/sub-v1s8x0051333_ses-1/stats/rh.w-g.pct.stats --snr

7.3.2
cwd 
cmdline mri_segstats --in /out/sourcedata/freesurfer/sub-v1s8x0051333_ses-1/surf/rh.w-g.pct.mgh --annot sub-v1s8x0051333_ses-1 rh aparc --sum /out/sourcedata/freesurfer/sub-v1s8x0051333_ses-1/stats/rh.w-g.pct.stats --snr 
sysname  Linux
hostname dna029
machine  x86_64
user     oesteban
whitesurfname  white
UseRobust  0
Constructing seg from annotation

Reading annotation /out/sourcedata/freesurfer/sub-v1s8x0051333_ses-1/label/rh.aparc.annot
Seg base 2000
Loading /out/sourcedata/freesurfer/sub-v1s8x0051333_ses-1/surf/rh.w-g.pct.mgh
Vertex Area is 0.602272 mm^3
Generating list of segmentation ids
Found  36 segmentations
Computing statistics for each segmentation

Reporting on  35 segmentations
Using PrintSegStat
mri_segstats done
Cleaning up

Started at Tue Mar 10 09:19:35 CET 2026 
Ended   at Tue Mar 10 09:57:57 CET 2026
#@#%# recon-all-run-time-hours 0.639
recon-all -s sub-v1s8x0051333_ses-1 finished without error at Tue Mar 10 09:57:57 CET 2026



#New# invocation of recon-all 




Tue Mar 10 10:07:53 CET 2026
cd /out/sourcedata/freesurfer/sub-v1s8x0051333_ses-1
setenv SUBJECTS_DIR /out/sourcedata/freesurfer
/opt/freesurfer/bin/recon-all -autorecon-hemi rh -nohyporelabel -rh-only -openmp 16 -subjid sub-v1s8x0051333_ses-1 -sd /out/sourcedata/freesurfer -notessellate -nosmooth1 -noinflate1 -noqsphere -nofix -nowhite -nosmooth2 -noinflate2 -nocurvHK -nocurvstats -nosphere -nosurfreg -nojacobian_white -noavgcurv -nocortparc -nopial -nocortparc2 -nocortparc3 -nopctsurfcon

subjid sub-v1s8x0051333_ses-1
setenv SUBJECTS_DIR /out/sourcedata/freesurfer
FREESURFER_HOME /opt/freesurfer
Actual FREESURFER_HOME /opt/freesurfer
build-stamp.txt: freesurfer-linux-ubuntu22_x86_64-7.3.2-20220804-6354275
Linux dna029 5.14.0-427.37.1.el9_4.x86_64 #1 SMP PREEMPT_DYNAMIC Fri Sep 13 12:41:50 EDT 2024 x86_64 x86_64 x86_64 GNU/Linux
cputime      unlimited
filesize     unlimited
datasize     unlimited
stacksize    8192 kbytes
coredumpsize 0 kbytes
memoryuse    67108864 kbytes
vmemoryuse   unlimited
descriptors  1024 
memorylocked unlimited
maxproc      2061970 
maxlocks     unlimited
maxsignal    2061970 
maxmessage   819200 
maxnice      0 
maxrtprio    0 
maxrttime    unlimited

               total        used        free      shared  buff/cache   available
Mem:           503Gi        48Gi       418Gi       9.1Gi        36Gi       442Gi
Swap:             0B          0B          0B

########################################
program versions used
7.3.2 (freesurfer-linux-ubuntu22_x86_64-7.3.2-20220804-6354275)
7.3.2

ProgramName: lta_convert  ProgramArguments: lta_convert -all-info  ProgramVersion: 7.3.2  TimeStamp: 2026/03/10-09:07:53-GMT  BuildTime: Aug  4 2022 06:17:15  BuildStamp: freesurfer-linux-ubuntu22_x86_64-7.3.2-20220804-6354275  User: oesteban  Machine: dna029  Platform: Linux  PlatformVersion: 5.14.0-427.37.1.el9_4.x86_64  CompilerName: GCC  CompilerVersion: 8.4.0
ProgramName: mri_and  ProgramArguments: mri_and -all-info  ProgramVersion: 7.3.2  TimeStamp: 2026/03/10-09:07:53-GMT  BuildTime: Aug  4 2022 06:17:15  BuildStamp: freesurfer-linux-ubuntu22_x86_64-7.3.2-20220804-6354275  User: oesteban  Machine: dna029  Platform: Linux  PlatformVersion: 5.14.0-427.37.1.el9_4.x86_64  CompilerName: GCC  CompilerVersion: 8.4.0
ProgramName: mri_annotation2label  ProgramArguments: mri_annotation2label -all-info  ProgramVersion: 7.3.2  TimeStamp: 2026/03/10-09:07:53-GMT  BuildTime: Aug  4 2022 06:17:15  BuildStamp: freesurfer-linux-ubuntu22_x86_64-7.3.2-20220804-6354275  User: oesteban  Machine: dna029  Platform: Linux  PlatformVersion: 5.14.0-427.37.1.el9_4.x86_64  CompilerName: GCC  CompilerVersion: 8.4.0
ProgramName: mri_aparc2aseg  ProgramArguments: mri_aparc2aseg -all-info  ProgramVersion: 7.3.2  TimeStamp: 2026/03/10-09:07:53-GMT  BuildTime: Aug  4 2022 06:17:15  BuildStamp: freesurfer-linux-ubuntu22_x86_64-7.3.2-20220804-6354275  User: oesteban  Machine: dna029  Platform: Linux  PlatformVersion: 5.14.0-427.37.1.el9_4.x86_64  CompilerName: GCC  CompilerVersion: 8.4.0
ProgramName: mri_surf2volseg  ProgramArguments: mri_surf2volseg -all-info  ProgramVersion: 7.3.2  TimeStamp: 2026/03/10-09:07:53-GMT  BuildTime: Aug  4 2022 06:17:15  BuildStamp: freesurfer-linux-ubuntu22_x86_64-7.3.2-20220804-6354275  User: oesteban  Machine: dna029  Platform: Linux  PlatformVersion: 5.14.0-427.37.1.el9_4.x86_64  CompilerName: GCC  CompilerVersion: 8.4.0
ProgramName: mri_binarize  ProgramArguments: mri_binarize -all-info  ProgramVersion: 7.3.2  TimeStamp: 2026/03/10-09:07:53-GMT  BuildTime: Aug  4 2022 06:17:15  BuildStamp: freesurfer-linux-ubuntu22_x86_64-7.3.2-20220804-6354275  User: oesteban  Machine: dna029  Platform: Linux  PlatformVersion: 5.14.0-427.37.1.el9_4.x86_64  CompilerName: GCC  CompilerVersion: 8.4.0
ProgramName: mri_ca_label  ProgramArguments: mri_ca_label -all-info  ProgramVersion: 7.3.2  TimeStamp: 2026/03/10-09:07:53-GMT  BuildTime: Aug  4 2022 06:17:15  BuildStamp: freesurfer-linux-ubuntu22_x86_64-7.3.2-20220804-6354275  User: oesteban  Machine: dna029  Platform: Linux  PlatformVersion: 5.14.0-427.37.1.el9_4.x86_64  CompilerName: GCC  CompilerVersion: 8.4.0
ProgramName: mri_ca_normalize  ProgramArguments: mri_ca_normalize -all-info  ProgramVersion: 7.3.2  TimeStamp: 2026/03/10-09:07:53-GMT  BuildTime: Aug  4 2022 06:17:15  BuildStamp: freesurfer-linux-ubuntu22_x86_64-7.3.2-20220804-6354275  User: oesteban  Machine: dna029  Platform: Linux  PlatformVersion: 5.14.0-427.37.1.el9_4.x86_64  CompilerName: GCC  CompilerVersion: 8.4.0
ProgramName: mri_ca_register  ProgramArguments: mri_ca_register -all-info  ProgramVersion: 7.3.2  TimeStamp: 2026/03/10-09:07:53-GMT  BuildTime: Aug  4 2022 06:17:15  BuildStamp: freesurfer-linux-ubuntu22_x86_64-7.3.2-20220804-6354275  User: oesteban  Machine: dna029  Platform: Linux  PlatformVersion: 5.14.0-427.37.1.el9_4.x86_64  CompilerName: GCC  CompilerVersion: 8.4.0
ProgramName: mri_cc  ProgramArguments: mri_cc -all-info  ProgramVersion: 7.3.2  TimeStamp: 2026/03/10-09:07:53-GMT  BuildTime: Aug  4 2022 06:17:15  BuildStamp: freesurfer-linux-ubuntu22_x86_64-7.3.2-20220804-6354275  User: oesteban  Machine: dna029  Platform: Linux  PlatformVersion: 5.14.0-427.37.1.el9_4.x86_64  CompilerName: GCC  CompilerVersion: 8.4.0
ProgramName: mri_compute_overlap  ProgramArguments: mri_compute_overlap -all-info  ProgramVersion: 7.3.2  TimeStamp: 2026/03/10-09:07:53-GMT  BuildTime: Aug  4 2022 06:17:15  BuildStamp: freesurfer-linux-ubuntu22_x86_64-7.3.2-20220804-6354275  User: oesteban  Machine: dna029  Platform: Linux  PlatformVersion: 5.14.0-427.37.1.el9_4.x86_64  CompilerName: GCC  CompilerVersion: 8.4.0
ProgramName: mri_compute_seg_overlap  ProgramArguments: mri_compute_seg_overlap -all-info  ProgramVersion: 7.3.2  TimeStamp: 2026/03/10-09:07:53-GMT  BuildTime: Aug  4 2022 06:17:15  BuildStamp: freesurfer-linux-ubuntu22_x86_64-7.3.2-20220804-6354275  User: oesteban  Machine: dna029  Platform: Linux  PlatformVersion: 5.14.0-427.37.1.el9_4.x86_64  CompilerName: GCC  CompilerVersion: 8.4.0
ProgramName: mri_concat  ProgramArguments: mri_concat -all-info  ProgramVersion: 7.3.2  TimeStamp: 2026/03/10-09:07:53-GMT  BuildTime: Aug  4 2022 06:17:15  BuildStamp: freesurfer-linux-ubuntu22_x86_64-7.3.2-20220804-6354275  User: oesteban  Machine: dna029  Platform: Linux  PlatformVersion: 5.14.0-427.37.1.el9_4.x86_64  CompilerName: GCC  CompilerVersion: 8.4.0
ProgramName: mri_concatenate_lta  ProgramArguments: mri_concatenate_lta -all-info  ProgramVersion: 7.3.2  TimeStamp: 2026/03/10-09:07:53-GMT  BuildTime: Aug  4 2022 06:17:15  BuildStamp: freesurfer-linux-ubuntu22_x86_64-7.3.2-20220804-6354275  User: oesteban  Machine: dna029  Platform: Linux  PlatformVersion: 5.14.0-427.37.1.el9_4.x86_64  CompilerName: GCC  CompilerVersion: 8.4.0
mri_convert -all-info 
ProgramName: mri_convert  ProgramArguments: mri_convert -all-info  ProgramVersion: 7.3.2  TimeStamp: 2026/03/10-09:07:53-GMT  BuildTime: Aug  4 2022 06:17:15  BuildStamp: freesurfer-linux-ubuntu22_x86_64-7.3.2-20220804-6354275  User: oesteban  Machine: dna029  Platform: Linux  PlatformVersion: 5.14.0-427.37.1.el9_4.x86_64  CompilerName: GCC  CompilerVersion: 8.4.0
ProgramName: mri_diff  ProgramArguments: mri_diff -all-info  ProgramVersion: 7.3.2  TimeStamp: 2026/03/10-09:07:53-GMT  BuildTime: Aug  4 2022 06:17:15  BuildStamp: freesurfer-linux-ubuntu22_x86_64-7.3.2-20220804-6354275  User: oesteban  Machine: dna029  Platform: Linux  PlatformVersion: 5.14.0-427.37.1.el9_4.x86_64  CompilerName: GCC  CompilerVersion: 8.4.0
ProgramName: mri_edit_wm_with_aseg  ProgramArguments: mri_edit_wm_with_aseg -all-info  ProgramVersion: 7.3.2  TimeStamp: 2026/03/10-09:07:53-GMT  BuildTime: Aug  4 2022 06:17:15  BuildStamp: freesurfer-linux-ubuntu22_x86_64-7.3.2-20220804-6354275  User: oesteban  Machine: dna029  Platform: Linux  PlatformVersion: 5.14.0-427.37.1.el9_4.x86_64  CompilerName: GCC  CompilerVersion: 8.4.0
ProgramName: mri_em_register  ProgramArguments: mri_em_register -all-info  ProgramVersion: 7.3.2  TimeStamp: 2026/03/10-09:07:53-GMT  BuildTime: Aug  4 2022 06:17:15  BuildStamp: freesurfer-linux-ubuntu22_x86_64-7.3.2-20220804-6354275  User: oesteban  Machine: dna029  Platform: Linux  PlatformVersion: 5.14.0-427.37.1.el9_4.x86_64  CompilerName: GCC  CompilerVersion: 8.4.0
ProgramName: mri_fill  ProgramArguments: mri_fill -all-info  ProgramVersion: 7.3.2  TimeStamp: 2026/03/10-09:07:53-GMT  BuildTime: Aug  4 2022 06:17:15  BuildStamp: freesurfer-linux-ubuntu22_x86_64-7.3.2-20220804-6354275  User: oesteban  Machine: dna029  Platform: Linux  PlatformVersion: 5.14.0-427.37.1.el9_4.x86_64  CompilerName: GCC  CompilerVersion: 8.4.0
ProgramName: mri_fuse_segmentations  ProgramArguments: mri_fuse_segmentations -all-info  ProgramVersion: 7.3.2  TimeStamp: 2026/03/10-09:07:53-GMT  BuildTime: Aug  4 2022 06:17:15  BuildStamp: freesurfer-linux-ubuntu22_x86_64-7.3.2-20220804-6354275  User: oesteban  Machine: dna029  Platform: Linux  PlatformVersion: 5.14.0-427.37.1.el9_4.x86_64  CompilerName: GCC  CompilerVersion: 8.4.0
ProgramName: mri_fwhm  ProgramArguments: mri_fwhm -all-info  ProgramVersion: 7.3.2  TimeStamp: 2026/03/10-09:07:53-GMT  BuildTime: Aug  4 2022 06:17:15  BuildStamp: freesurfer-linux-ubuntu22_x86_64-7.3.2-20220804-6354275  User: oesteban  Machine: dna029  Platform: Linux  PlatformVersion: 5.14.0-427.37.1.el9_4.x86_64  CompilerName: GCC  CompilerVersion: 8.4.0
ProgramName: mri_gcut  ProgramArguments: mri_gcut -all-info  ProgramVersion: 7.3.2  TimeStamp: 2026/03/10-09:07:53-GMT  BuildTime: Aug  4 2022 06:17:15  BuildStamp: freesurfer-linux-ubuntu22_x86_64-7.3.2-20220804-6354275  User: oesteban  Machine: dna029  Platform: Linux  PlatformVersion: 5.14.0-427.37.1.el9_4.x86_64  CompilerName: GCC  CompilerVersion: 8.4.0
ProgramName: mri_info  ProgramArguments: mri_info -all-info  ProgramVersion: 7.3.2  TimeStamp: 2026/03/10-09:07:53-GMT  BuildTime: Aug  4 2022 06:17:15  BuildStamp: freesurfer-linux-ubuntu22_x86_64-7.3.2-20220804-6354275  User: oesteban  Machine: dna029  Platform: Linux  PlatformVersion: 5.14.0-427.37.1.el9_4.x86_64  CompilerName: GCC  CompilerVersion: 8.4.0
ProgramName: mri_label2label  ProgramArguments: mri_label2label -all-info  ProgramVersion: 7.3.2  TimeStamp: 2026/03/10-09:07:53-GMT  BuildTime: Aug  4 2022 06:17:15  BuildStamp: freesurfer-linux-ubuntu22_x86_64-7.3.2-20220804-6354275  User: oesteban  Machine: dna029  Platform: Linux  PlatformVersion: 5.14.0-427.37.1.el9_4.x86_64  CompilerName: GCC  CompilerVersion: 8.4.0
ProgramName: mri_label2vol  ProgramArguments: mri_label2vol -all-info  ProgramVersion: 7.3.2  TimeStamp: 2026/03/10-09:07:53-GMT  BuildTime: Aug  4 2022 06:17:15  BuildStamp: freesurfer-linux-ubuntu22_x86_64-7.3.2-20220804-6354275  User: oesteban  Machine: dna029  Platform: Linux  PlatformVersion: 5.14.0-427.37.1.el9_4.x86_64  CompilerName: GCC  CompilerVersion: 8.4.0
ProgramName: mri_log_likelihood  ProgramArguments: mri_log_likelihood -all-info  ProgramVersion: 7.3.2  TimeStamp: 2026/03/10-09:07:53-GMT  BuildTime: Aug  4 2022 06:17:15  BuildStamp: freesurfer-linux-ubuntu22_x86_64-7.3.2-20220804-6354275  User: oesteban  Machine: dna029  Platform: Linux  PlatformVersion: 5.14.0-427.37.1.el9_4.x86_64  CompilerName: GCC  CompilerVersion: 8.4.0
ProgramName: mri_mask  ProgramArguments: mri_mask -all-info  ProgramVersion: 7.3.2  TimeStamp: 2026/03/10-09:07:53-GMT  BuildTime: Aug  4 2022 06:17:15  BuildStamp: freesurfer-linux-ubuntu22_x86_64-7.3.2-20220804-6354275  User: oesteban  Machine: dna029  Platform: Linux  PlatformVersion: 5.14.0-427.37.1.el9_4.x86_64  CompilerName: GCC  CompilerVersion: 8.4.0
ProgramName: mri_matrix_multiply  ProgramArguments: mri_matrix_multiply -all-info  ProgramVersion: 7.3.2  TimeStamp: 2026/03/10-09:07:53-GMT  BuildTime: Aug  4 2022 06:17:15  BuildStamp: freesurfer-linux-ubuntu22_x86_64-7.3.2-20220804-6354275  User: oesteban  Machine: dna029  Platform: Linux  PlatformVersion: 5.14.0-427.37.1.el9_4.x86_64  CompilerName: GCC  CompilerVersion: 8.4.0
ProgramName: mri_normalize  ProgramArguments: mri_normalize -all-info  ProgramVersion: 7.3.2  TimeStamp: 2026/03/10-09:07:53-GMT  BuildTime: Aug  4 2022 06:17:15  BuildStamp: freesurfer-linux-ubuntu22_x86_64-7.3.2-20220804-6354275  User: oesteban  Machine: dna029  Platform: Linux  PlatformVersion: 5.14.0-427.37.1.el9_4.x86_64  CompilerName: GCC  CompilerVersion: 8.4.0
ProgramName: mri_normalize_tp2  ProgramArguments: mri_normalize_tp2 -all-info  ProgramVersion: 7.3.2  TimeStamp: 2026/03/10-09:07:53-GMT  BuildTime: Aug  4 2022 06:17:15  BuildStamp: freesurfer-linux-ubuntu22_x86_64-7.3.2-20220804-6354275  User: oesteban  Machine: dna029  Platform: Linux  PlatformVersion: 5.14.0-427.37.1.el9_4.x86_64  CompilerName: GCC  CompilerVersion: 8.4.0
ProgramName: mri_or  ProgramArguments: mri_or -all-info  ProgramVersion: 7.3.2  TimeStamp: 2026/03/10-09:07:53-GMT  BuildTime: Aug  4 2022 06:17:15  BuildStamp: freesurfer-linux-ubuntu22_x86_64-7.3.2-20220804-6354275  User: oesteban  Machine: dna029  Platform: Linux  PlatformVersion: 5.14.0-427.37.1.el9_4.x86_64  CompilerName: GCC  CompilerVersion: 8.4.0
ProgramName: mri_relabel_hypointensities  ProgramArguments: mri_relabel_hypointensities -all-info  ProgramVersion: 7.3.2  TimeStamp: 2026/03/10-09:07:54-GMT  BuildTime: Aug  4 2022 06:17:15  BuildStamp: freesurfer-linux-ubuntu22_x86_64-7.3.2-20220804-6354275  User: oesteban  Machine: dna029  Platform: Linux  PlatformVersion: 5.14.0-427.37.1.el9_4.x86_64  CompilerName: GCC  CompilerVersion: 8.4.0
ProgramName: mri_relabel_nonwm_hypos  ProgramArguments: mri_relabel_nonwm_hypos -all-info  ProgramVersion: 7.3.2  TimeStamp: 2026/03/10-09:07:54-GMT  BuildTime: Aug  4 2022 06:17:15  BuildStamp: freesurfer-linux-ubuntu22_x86_64-7.3.2-20220804-6354275  User: oesteban  Machine: dna029  Platform: Linux  PlatformVersion: 5.14.0-427.37.1.el9_4.x86_64  CompilerName: GCC  CompilerVersion: 8.4.0
ProgramName: mri_remove_neck  ProgramArguments: mri_remove_neck -all-info  ProgramVersion: 7.3.2  TimeStamp: 2026/03/10-09:07:54-GMT  BuildTime: Aug  4 2022 06:17:15  BuildStamp: freesurfer-linux-ubuntu22_x86_64-7.3.2-20220804-6354275  User: oesteban  Machine: dna029  Platform: Linux  PlatformVersion: 5.14.0-427.37.1.el9_4.x86_64  CompilerName: GCC  CompilerVersion: 8.4.0
7.3.2

ProgramName: mri_robust_register  ProgramArguments: mri_robust_register -all-info  ProgramVersion: 7.3.2  TimeStamp: 2026/03/10-09:07:54-GMT  BuildTime: Aug  4 2022 06:17:15  BuildStamp: freesurfer-linux-ubuntu22_x86_64-7.3.2-20220804-6354275  User: oesteban  Machine: dna029  Platform: Linux  PlatformVersion: 5.14.0-427.37.1.el9_4.x86_64  CompilerName: GCC  CompilerVersion: 8.4.0
7.3.2

ProgramName: mri_robust_template  ProgramArguments: mri_robust_template -all-info  ProgramVersion: 7.3.2  TimeStamp: 2026/03/10-09:07:54-GMT  BuildTime: Aug  4 2022 06:17:15  BuildStamp: freesurfer-linux-ubuntu22_x86_64-7.3.2-20220804-6354275  User: oesteban  Machine: dna029  Platform: Linux  PlatformVersion: 5.14.0-427.37.1.el9_4.x86_64  CompilerName: GCC  CompilerVersion: 8.4.0
ProgramName: mris_anatomical_stats  ProgramArguments: mris_anatomical_stats -all-info  ProgramVersion: 7.3.2  TimeStamp: 2026/03/10-09:07:54-GMT  BuildTime: Aug  4 2022 06:17:15  BuildStamp: freesurfer-linux-ubuntu22_x86_64-7.3.2-20220804-6354275  User: oesteban  Machine: dna029  Platform: Linux  PlatformVersion: 5.14.0-427.37.1.el9_4.x86_64  CompilerName: GCC  CompilerVersion: 8.4.0
ProgramName: mris_ca_label  ProgramArguments: mris_ca_label -all-info  ProgramVersion: 7.3.2  TimeStamp: 2026/03/10-09:07:54-GMT  BuildTime: Aug  4 2022 06:17:15  BuildStamp: freesurfer-linux-ubuntu22_x86_64-7.3.2-20220804-6354275  User: oesteban  Machine: dna029  Platform: Linux  PlatformVersion: 5.14.0-427.37.1.el9_4.x86_64  CompilerName: GCC  CompilerVersion: 8.4.0
ProgramName: mris_calc  ProgramArguments: mris_calc -all-info  ProgramVersion: 7.3.2  TimeStamp: 2026/03/10-09:07:54-GMT  BuildTime: Aug  4 2022 06:17:15  BuildStamp: freesurfer-linux-ubuntu22_x86_64-7.3.2-20220804-6354275  User: oesteban  Machine: dna029  Platform: Linux  PlatformVersion: 5.14.0-427.37.1.el9_4.x86_64  CompilerName: GCC  CompilerVersion: 8.4.0
ProgramName: mris_convert  ProgramArguments: mris_convert -all-info  ProgramVersion: 7.3.2  TimeStamp: 2026/03/10-09:07:54-GMT  BuildTime: Aug  4 2022 06:17:15  BuildStamp: freesurfer-linux-ubuntu22_x86_64-7.3.2-20220804-6354275  User: oesteban  Machine: dna029  Platform: Linux  PlatformVersion: 5.14.0-427.37.1.el9_4.x86_64  CompilerName: GCC  CompilerVersion: 8.4.0
ProgramName: mris_curvature  ProgramArguments: mris_curvature -all-info  ProgramVersion: 7.3.2  TimeStamp: 2026/03/10-09:07:54-GMT  BuildTime: Aug  4 2022 06:17:15  BuildStamp: freesurfer-linux-ubuntu22_x86_64-7.3.2-20220804-6354275  User: oesteban  Machine: dna029  Platform: Linux  PlatformVersion: 5.14.0-427.37.1.el9_4.x86_64  CompilerName: GCC  CompilerVersion: 8.4.0
ProgramName: mris_curvature_stats  ProgramArguments: mris_curvature_stats -all-info  ProgramVersion: 7.3.2  TimeStamp: 2026/03/10-09:07:54-GMT  BuildTime: Aug  4 2022 06:17:15  BuildStamp: freesurfer-linux-ubuntu22_x86_64-7.3.2-20220804-6354275  User: oesteban  Machine: dna029  Platform: Linux  PlatformVersion: 5.14.0-427.37.1.el9_4.x86_64  CompilerName: GCC  CompilerVersion: 8.4.0
ProgramName: mris_diff  ProgramArguments: mris_diff -all-info  ProgramVersion: 7.3.2  TimeStamp: 2026/03/10-09:07:54-GMT  BuildTime: Aug  4 2022 06:17:15  BuildStamp: freesurfer-linux-ubuntu22_x86_64-7.3.2-20220804-6354275  User: oesteban  Machine: dna029  Platform: Linux  PlatformVersion: 5.14.0-427.37.1.el9_4.x86_64  CompilerName: GCC  CompilerVersion: 8.4.0
ProgramName: mris_divide_parcellation  ProgramArguments: mris_divide_parcellation -all-info  ProgramVersion: 7.3.2  TimeStamp: 2026/03/10-09:07:54-GMT  BuildTime: Aug  4 2022 06:17:15  BuildStamp: freesurfer-linux-ubuntu22_x86_64-7.3.2-20220804-6354275  User: oesteban  Machine: dna029  Platform: Linux  PlatformVersion: 5.14.0-427.37.1.el9_4.x86_64  CompilerName: GCC  CompilerVersion: 8.4.0
ProgramName: mri_segment  ProgramArguments: mri_segment -all-info  ProgramVersion: 7.3.2  TimeStamp: 2026/03/10-09:07:54-GMT  BuildTime: Aug  4 2022 06:17:15  BuildStamp: freesurfer-linux-ubuntu22_x86_64-7.3.2-20220804-6354275  User: oesteban  Machine: dna029  Platform: Linux  PlatformVersion: 5.14.0-427.37.1.el9_4.x86_64  CompilerName: GCC  CompilerVersion: 8.4.0
ProgramName: mri_segstats  ProgramArguments: mri_segstats -all-info  ProgramVersion: 7.3.2  TimeStamp: 2026/03/10-09:07:54-GMT  BuildTime: Aug  4 2022 06:17:15  BuildStamp: freesurfer-linux-ubuntu22_x86_64-7.3.2-20220804-6354275  User: oesteban  Machine: dna029  Platform: Linux  PlatformVersion: 5.14.0-427.37.1.el9_4.x86_64  CompilerName: GCC  CompilerVersion: 8.4.0
ProgramName: mris_euler_number  ProgramArguments: mris_euler_number -all-info  ProgramVersion: 7.3.2  TimeStamp: 2026/03/10-09:07:54-GMT  BuildTime: Aug  4 2022 06:17:15  BuildStamp: freesurfer-linux-ubuntu22_x86_64-7.3.2-20220804-6354275  User: oesteban  Machine: dna029  Platform: Linux  PlatformVersion: 5.14.0-427.37.1.el9_4.x86_64  CompilerName: GCC  CompilerVersion: 8.4.0
ProgramName: mris_fix_topology  ProgramArguments: mris_fix_topology -all-info  ProgramVersion: 7.3.2  TimeStamp: 2026/03/10-09:07:54-GMT  BuildTime: Aug  4 2022 06:17:15  BuildStamp: freesurfer-linux-ubuntu22_x86_64-7.3.2-20220804-6354275  User: oesteban  Machine: dna029  Platform: Linux  PlatformVersion: 5.14.0-427.37.1.el9_4.x86_64  CompilerName: GCC  CompilerVersion: 8.4.0
ProgramName: mris_topo_fixer  ProgramArguments: mris_topo_fixer -all-info  ProgramVersion: 7.3.2  TimeStamp: 2026/03/10-09:07:54-GMT  BuildTime: Aug  4 2022 06:17:15  BuildStamp: freesurfer-linux-ubuntu22_x86_64-7.3.2-20220804-6354275  User: oesteban  Machine: dna029  Platform: Linux  PlatformVersion: 5.14.0-427.37.1.el9_4.x86_64  CompilerName: GCC  CompilerVersion: 8.4.0
ProgramName: mris_jacobian  ProgramArguments: mris_jacobian -all-info  ProgramVersion: 7.3.2  TimeStamp: 2026/03/10-09:07:54-GMT  BuildTime: Aug  4 2022 06:17:15  BuildStamp: freesurfer-linux-ubuntu22_x86_64-7.3.2-20220804-6354275  User: oesteban  Machine: dna029  Platform: Linux  PlatformVersion: 5.14.0-427.37.1.el9_4.x86_64  CompilerName: GCC  CompilerVersion: 8.4.0
ProgramName: mris_label2annot  ProgramArguments: mris_label2annot -all-info  ProgramVersion: 7.3.2  TimeStamp: 2026/03/10-09:07:54-GMT  BuildTime: Aug  4 2022 06:17:15  BuildStamp: freesurfer-linux-ubuntu22_x86_64-7.3.2-20220804-6354275  User: oesteban  Machine: dna029  Platform: Linux  PlatformVersion: 5.14.0-427.37.1.el9_4.x86_64  CompilerName: GCC  CompilerVersion: 8.4.0
ProgramName: mris_left_right_register  ProgramArguments: mris_left_right_register -all-info  ProgramVersion: 7.3.2  TimeStamp: 2026/03/10-09:07:54-GMT  BuildTime: Aug  4 2022 06:17:15  BuildStamp: freesurfer-linux-ubuntu22_x86_64-7.3.2-20220804-6354275  User: oesteban  Machine: dna029  Platform: Linux  PlatformVersion: 5.14.0-427.37.1.el9_4.x86_64  CompilerName: GCC  CompilerVersion: 8.4.0
ProgramName: mris_place_surface  ProgramArguments: mris_place_surface -all-info  ProgramVersion: 7.3.2  TimeStamp: 2026/03/10-09:07:54-GMT  BuildTime: Aug  4 2022 06:17:15  BuildStamp: freesurfer-linux-ubuntu22_x86_64-7.3.2-20220804-6354275  User: oesteban  Machine: dna029  Platform: Linux  PlatformVersion: 5.14.0-427.37.1.el9_4.x86_64  CompilerName: GCC  CompilerVersion: 8.4.0
ProgramName: mrisp_paint  ProgramArguments: mrisp_paint -all-info  ProgramVersion: 7.3.2  TimeStamp: 2026/03/10-09:07:54-GMT  BuildTime: Aug  4 2022 06:17:15  BuildStamp: freesurfer-linux-ubuntu22_x86_64-7.3.2-20220804-6354275  User: oesteban  Machine: dna029  Platform: Linux  PlatformVersion: 5.14.0-427.37.1.el9_4.x86_64  CompilerName: GCC  CompilerVersion: 8.4.0
ProgramName: mris_register  ProgramArguments: mris_register -all-info  ProgramVersion: 7.3.2  TimeStamp: 2026/03/10-09:07:54-GMT  BuildTime: Aug  4 2022 06:17:15  BuildStamp: freesurfer-linux-ubuntu22_x86_64-7.3.2-20220804-6354275  User: oesteban  Machine: dna029  Platform: Linux  PlatformVersion: 5.14.0-427.37.1.el9_4.x86_64  CompilerName: GCC  CompilerVersion: 8.4.0
ProgramName: mris_smooth  ProgramArguments: mris_smooth -all-info  ProgramVersion: 7.3.2  TimeStamp: 2026/03/10-09:07:54-GMT  BuildTime: Aug  4 2022 06:17:15  BuildStamp: freesurfer-linux-ubuntu22_x86_64-7.3.2-20220804-6354275  User: oesteban  Machine: dna029  Platform: Linux  PlatformVersion: 5.14.0-427.37.1.el9_4.x86_64  CompilerName: GCC  CompilerVersion: 8.4.0
ProgramName: mris_sphere  ProgramArguments: mris_sphere -all-info  ProgramVersion: 7.3.2  TimeStamp: 2026/03/10-09:07:54-GMT  BuildTime: Aug  4 2022 06:17:15  BuildStamp: freesurfer-linux-ubuntu22_x86_64-7.3.2-20220804-6354275  User: oesteban  Machine: dna029  Platform: Linux  PlatformVersion: 5.14.0-427.37.1.el9_4.x86_64  CompilerName: GCC  CompilerVersion: 8.4.0
ProgramName: mris_surface_stats  ProgramArguments: mris_surface_stats -all-info  ProgramVersion: 7.3.2  TimeStamp: 2026/03/10-09:07:54-GMT  BuildTime: Aug  4 2022 06:17:15  BuildStamp: freesurfer-linux-ubuntu22_x86_64-7.3.2-20220804-6354275  User: oesteban  Machine: dna029  Platform: Linux  PlatformVersion: 5.14.0-427.37.1.el9_4.x86_64  CompilerName: GCC  CompilerVersion: 8.4.0
ProgramName: mri_stats2seg  ProgramArguments: mri_stats2seg -all-info  ProgramVersion: 7.3.2  TimeStamp: 2026/03/10-09:07:54-GMT  BuildTime: Aug  4 2022 06:17:15  BuildStamp: freesurfer-linux-ubuntu22_x86_64-7.3.2-20220804-6354275  User: oesteban  Machine: dna029  Platform: Linux  PlatformVersion: 5.14.0-427.37.1.el9_4.x86_64  CompilerName: GCC  CompilerVersion: 8.4.0
ProgramName: mris_thickness  ProgramArguments: mris_thickness -all-info  ProgramVersion: 7.3.2  TimeStamp: 2026/03/10-09:07:54-GMT  BuildTime: Aug  4 2022 06:17:15  BuildStamp: freesurfer-linux-ubuntu22_x86_64-7.3.2-20220804-6354275  User: oesteban  Machine: dna029  Platform: Linux  PlatformVersion: 5.14.0-427.37.1.el9_4.x86_64  CompilerName: GCC  CompilerVersion: 8.4.0
ProgramName: mris_thickness_diff  ProgramArguments: mris_thickness_diff -all-info  ProgramVersion: 7.3.2  TimeStamp: 2026/03/10-09:07:54-GMT  BuildTime: Aug  4 2022 06:17:15  BuildStamp: freesurfer-linux-ubuntu22_x86_64-7.3.2-20220804-6354275  User: oesteban  Machine: dna029  Platform: Linux  PlatformVersion: 5.14.0-427.37.1.el9_4.x86_64  CompilerName: GCC  CompilerVersion: 8.4.0
ProgramName: mris_topo_fixer  ProgramArguments: mris_topo_fixer -all-info  ProgramVersion: 7.3.2  TimeStamp: 2026/03/10-09:07:54-GMT  BuildTime: Aug  4 2022 06:17:15  BuildStamp: freesurfer-linux-ubuntu22_x86_64-7.3.2-20220804-6354275  User: oesteban  Machine: dna029  Platform: Linux  PlatformVersion: 5.14.0-427.37.1.el9_4.x86_64  CompilerName: GCC  CompilerVersion: 8.4.0
ProgramName: mri_surf2surf  ProgramArguments: mri_surf2surf -all-info  ProgramVersion: 7.3.2  TimeStamp: 2026/03/10-09:07:54-GMT  BuildTime: Aug  4 2022 06:17:15  BuildStamp: freesurfer-linux-ubuntu22_x86_64-7.3.2-20220804-6354275  User: oesteban  Machine: dna029  Platform: Linux  PlatformVersion: 5.14.0-427.37.1.el9_4.x86_64  CompilerName: GCC  CompilerVersion: 8.4.0
ProgramName: mri_surf2vol  ProgramArguments: mri_surf2vol -all-info  ProgramVersion: 7.3.2  TimeStamp: 2026/03/10-09:07:54-GMT  BuildTime: Aug  4 2022 06:17:15  BuildStamp: freesurfer-linux-ubuntu22_x86_64-7.3.2-20220804-6354275  User: oesteban  Machine: dna029  Platform: Linux  PlatformVersion: 5.14.0-427.37.1.el9_4.x86_64  CompilerName: GCC  CompilerVersion: 8.4.0
ProgramName: mri_surfcluster  ProgramArguments: mri_surfcluster -all-info  ProgramVersion: 7.3.2  TimeStamp: 2026/03/10-09:07:54-GMT  BuildTime: Aug  4 2022 06:17:15  BuildStamp: freesurfer-linux-ubuntu22_x86_64-7.3.2-20220804-6354275  User: oesteban  Machine: dna029  Platform: Linux  PlatformVersion: 5.14.0-427.37.1.el9_4.x86_64  CompilerName: GCC  CompilerVersion: 8.4.0
ProgramName: mris_volmask  ProgramArguments: mris_volmask -all-info  ProgramVersion: 7.3.2  TimeStamp: 2026/03/10-09:07:54-GMT  BuildTime: Aug  4 2022 06:17:15  BuildStamp: freesurfer-linux-ubuntu22_x86_64-7.3.2-20220804-6354275  User: oesteban  Machine: dna029  Platform: Linux  PlatformVersion: 5.14.0-427.37.1.el9_4.x86_64  CompilerName: GCC  CompilerVersion: 8.4.0
ProgramName: mri_tessellate  ProgramArguments: mri_tessellate -all-info  ProgramVersion: 7.3.2  TimeStamp: 2026/03/10-09:07:54-GMT  BuildTime: Aug  4 2022 06:17:15  BuildStamp: freesurfer-linux-ubuntu22_x86_64-7.3.2-20220804-6354275  User: oesteban  Machine: dna029  Platform: Linux  PlatformVersion: 5.14.0-427.37.1.el9_4.x86_64  CompilerName: GCC  CompilerVersion: 8.4.0
ProgramName: mri_vol2surf  ProgramArguments: mri_vol2surf -all-info  ProgramVersion: 7.3.2  TimeStamp: 2026/03/10-09:07:54-GMT  BuildTime: Aug  4 2022 06:17:15  BuildStamp: freesurfer-linux-ubuntu22_x86_64-7.3.2-20220804-6354275  User: oesteban  Machine: dna029  Platform: Linux  PlatformVersion: 5.14.0-427.37.1.el9_4.x86_64  CompilerName: GCC  CompilerVersion: 8.4.0
ProgramName: mri_vol2vol  ProgramArguments: mri_vol2vol -all-info  ProgramVersion: 7.3.2  TimeStamp: 2026/03/10-09:07:54-GMT  BuildTime: Aug  4 2022 06:17:15  BuildStamp: freesurfer-linux-ubuntu22_x86_64-7.3.2-20220804-6354275  User: oesteban  Machine: dna029  Platform: Linux  PlatformVersion: 5.14.0-427.37.1.el9_4.x86_64  CompilerName: GCC  CompilerVersion: 8.4.0
ProgramName: mri_voldiff  ProgramArguments: mri_voldiff -all-info  ProgramVersion: 7.3.2  TimeStamp: 2026/03/10-09:07:54-GMT  BuildTime: Aug  4 2022 06:17:15  BuildStamp: freesurfer-linux-ubuntu22_x86_64-7.3.2-20220804-6354275  User: oesteban  Machine: dna029  Platform: Linux  PlatformVersion: 5.14.0-427.37.1.el9_4.x86_64  CompilerName: GCC  CompilerVersion: 8.4.0
ProgramName: mri_watershed  ProgramArguments: mri_watershed -all-info  ProgramVersion: 7.3.2  TimeStamp: 2026/03/10-09:07:54-GMT  BuildTime: Aug  4 2022 06:17:15  BuildStamp: freesurfer-linux-ubuntu22_x86_64-7.3.2-20220804-6354275  User: oesteban  Machine: dna029  Platform: Linux  PlatformVersion: 5.14.0-427.37.1.el9_4.x86_64  CompilerName: GCC  CompilerVersion: 8.4.0
ProgramName: tkregister2  ProgramArguments: tkregister2_cmdl -all-info  ProgramVersion: 7.3.2  TimeStamp: 2026/03/10-09:07:54-GMT  BuildTime: Aug  4 2022 06:17:15  BuildStamp: freesurfer-linux-ubuntu22_x86_64-7.3.2-20220804-6354275  User: oesteban  Machine: dna029  Platform: Linux  PlatformVersion: 5.14.0-427.37.1.el9_4.x86_64  CompilerName: GCC  CompilerVersion: 8.4.0
mri_motion_correct.fsl 7.3.2
mri_convert -all-info 
ProgramName: mri_convert  ProgramArguments: mri_convert -all-info  ProgramVersion: 7.3.2  TimeStamp: 2026/03/10-09:07:54-GMT  BuildTime: Aug  4 2022 06:17:15  BuildStamp: freesurfer-linux-ubuntu22_x86_64-7.3.2-20220804-6354275  User: oesteban  Machine: dna029  Platform: Linux  PlatformVersion: 5.14.0-427.37.1.el9_4.x86_64  CompilerName: GCC  CompilerVersion: 8.4.0
Program nu_correct, built from:
Package MNI N3, version 1.12.0, compiled by nicks@terrier (x86_64-unknown-linux-gnu) on 2015-06-19 at 01:25:34
#######################################
GCADIR /opt/freesurfer/average
GCA RB_all_2020-01-02.gca
GCASkull RB_all_withskull_2020_01_02.gca
AvgCurvTif folding.atlas.acfb40.noaparc.i12.2016-08-02.tif
GCSDIR /opt/freesurfer/average
GCS DKaparc.atlas.acfb40.noaparc.i12.2016-08-02.gcs
#######################################
#--------------------------------------------
#@# AutoDetGWStats rh Tue Mar 10 10:07:54 CET 2026
cd /out/sourcedata/freesurfer/sub-v1s8x0051333_ses-1/mri
mris_autodet_gwstats --o ../surf/autodet.gw.stats.rh.dat --i brain.finalsurfs.mgz --wm wm.mgz --surf ../surf/rh.orig.premesh
  Update not needed
#--------------------------------------------
#@# WhitePreAparc rh Tue Mar 10 10:07:54 CET 2026
cd /out/sourcedata/freesurfer/sub-v1s8x0051333_ses-1/mri
mris_place_surface --adgws-in ../surf/autodet.gw.stats.rh.dat --wm wm.mgz --threads 16 --invol brain.finalsurfs.mgz --rh --i ../surf/rh.orig --o ../surf/rh.white.preaparc --white --seg aseg.presurf.mgz --nsmooth 5
   Update not needed
#--------------------------------------------
#@# CortexLabel rh Tue Mar 10 10:07:54 CET 2026
cd /out/sourcedata/freesurfer/sub-v1s8x0051333_ses-1/mri
mri_label2label --label-cortex ../surf/rh.white.preaparc aseg.presurf.mgz 0 ../label/rh.cortex.label
   Update not needed
#--------------------------------------------
#@# CortexLabel+HipAmyg rh Tue Mar 10 10:07:54 CET 2026
cd /out/sourcedata/freesurfer/sub-v1s8x0051333_ses-1/mri
mri_label2label --label-cortex ../surf/rh.white.preaparc aseg.presurf.mgz 1 ../label/rh.cortex+hipamyg.label
   Update not needed
#@# white curv rh Tue Mar 10 10:07:54 CET 2026
cd /out/sourcedata/freesurfer/sub-v1s8x0051333_ses-1/mri
mris_place_surface --curv-map ../surf/rh.white 2 10 ../surf/rh.curv
   Update not needed
#@# white area rh Tue Mar 10 10:07:54 CET 2026
cd /out/sourcedata/freesurfer/sub-v1s8x0051333_ses-1/mri
mris_place_surface --area-map ../surf/rh.white ../surf/rh.area
   Update not needed
#@# pial curv rh Tue Mar 10 10:07:54 CET 2026
cd /out/sourcedata/freesurfer/sub-v1s8x0051333_ses-1/mri
mris_place_surface --curv-map ../surf/rh.pial 2 10 ../surf/rh.curv.pial
   Update not needed
#@# pial area rh Tue Mar 10 10:07:54 CET 2026
cd /out/sourcedata/freesurfer/sub-v1s8x0051333_ses-1/mri
mris_place_surface --area-map ../surf/rh.pial ../surf/rh.area.pial
   Update not needed
#@# thickness rh Tue Mar 10 10:07:54 CET 2026
cd /out/sourcedata/freesurfer/sub-v1s8x0051333_ses-1/mri
mris_place_surface --thickness ../surf/rh.white ../surf/rh.pial 20 5 ../surf/rh.thickness
   Update not needed
#@# area and vertex vol rh Tue Mar 10 10:07:54 CET 2026
cd /out/sourcedata/freesurfer/sub-v1s8x0051333_ses-1/mri
mris_place_surface --thickness ../surf/rh.white ../surf/rh.pial 20 5 ../surf/rh.thickness
   Update not needed
#-----------------------------------------
#@# Parcellation Stats rh Tue Mar 10 10:07:54 CET 2026
/out/sourcedata/freesurfer/sub-v1s8x0051333_ses-1/scripts

 mris_anatomical_stats -th3 -mgz -noglobal -cortex ../label/rh.cortex.label -f ../stats/rh.aparc.stats -b -a ../label/rh.aparc.annot -c ../label/aparc.annot.ctab sub-v1s8x0051333_ses-1 rh white 

computing statistics for each annotation in ../label/rh.aparc.annot.
reading volume /out/sourcedata/freesurfer/sub-v1s8x0051333_ses-1/mri/wm.mgz...
reading input surface /out/sourcedata/freesurfer/sub-v1s8x0051333_ses-1/surf/rh.white...
reading input pial surface /out/sourcedata/freesurfer/sub-v1s8x0051333_ses-1/surf/rh.pial...
reading input white surface /out/sourcedata/freesurfer/sub-v1s8x0051333_ses-1/surf/rh.white...
INFO: using TH3 volume calc
INFO: assuming MGZ format for volumes.
INFO: not computing global stats
INFO: using ../label/rh.cortex.label as mask to calc cortex NumVert, SurfArea and MeanThickness.
Using TH3 vertex volume calc
Total face volume 259812
Total vertex volume 259600 (mask=0)
Saving annotation colortable ../label/aparc.annot.ctab

table columns are:
    number of vertices
    total surface area (mm^2)
    total gray matter volume (mm^3)
    average cortical thickness +- standard deviation (mm)
    integrated rectified mean curvature
    integrated rectified Gaussian curvature
    folding index
    intrinsic curvature index
    structure name

 1577   1030   2877  2.958 0.421     0.089     0.014        8     1.0  bankssts
  932    596   1668  2.531 0.602     0.101     0.013        9     0.5  caudalanteriorcingulate
 3668   2174   5445  2.466 0.845     0.116     0.034       47     5.7  caudalmiddlefrontal
 3086   1736   3465  1.873 0.465     0.121     0.025       38     3.3  cuneus
  778    485   2534  3.282 0.819     0.116     0.031        9     1.1  entorhinal
 4657   2976  10121  2.894 0.572     0.101     0.022       44     3.9  fusiform
11682   7036  20574  2.669 0.633     0.102     0.021      107    10.1  inferiorparietal
 4922   3218  11033  2.945 0.774     0.113     0.027       53     5.3  inferiortemporal
 1295    856   2635  2.819 0.497     0.124     0.027       14     1.3  isthmuscingulate
 9076   5429  13041  2.152 0.612     0.115     0.023       93     9.2  lateraloccipital
 4516   2921   8641  2.841 0.825     0.120     0.030       50     5.6  lateralorbitofrontal
 6286   3753   8372  2.072 0.593     0.107     0.024       60     6.5  lingual
 3692   2327   7167  2.609 0.764     0.107     0.023       45     3.4  medialorbitofrontal
 5377   3512  13725  3.161 0.751     0.112     0.026       60     5.3  middletemporal
 1154    662   2118  2.771 0.627     0.074     0.017        7     0.6  parahippocampal
 2351   1342   3085  2.231 0.600     0.094     0.019       15     1.8  paracentral
 2592   1622   4927  2.907 0.496     0.106     0.022       19     2.4  parsopercularis
 1168    746   2878  3.089 0.662     0.117     0.026       14     1.1  parsorbitalis
 2964   1737   5281  2.705 0.572     0.113     0.023       30     3.0  parstriangularis
 2396   1601   2570  1.685 0.449     0.131     0.030       25     3.1  pericalcarine
 7563   4470   9760  2.032 0.761     0.104     0.026       79     8.1  postcentral
 1526   1007   2971  2.756 0.529     0.130     0.027       17     1.8  posteriorcingulate
 8585   5131  12577  2.387 0.742     0.106     0.024       80     9.4  precentral
 6421   4125  10460  2.434 0.562     0.108     0.020       59     5.3  precuneus
  773    498   1462  2.880 0.703     0.112     0.016        7     0.5  rostralanteriorcingulate
11035   6029  18540  2.760 0.604     0.104     0.027      110    12.0  rostralmiddlefrontal
11691   6470  21118  2.940 0.667     0.101     0.027      114    12.4  superiorfrontal
10546   6032  14241  2.147 0.621     0.102     0.022       95    10.0  superiorparietal
 5599   3439  13239  3.257 0.701     0.093     0.020       38     4.5  superiortemporal
 6605   3877  10690  2.615 0.603     0.109     0.028       70     7.1  supramarginal
  475    320   1244  3.210 0.546     0.143     0.035        8     0.7  frontalpole
  611    386   2935  4.332 0.663     0.115     0.030        6     0.8  temporalpole
  548    279    909  2.796 0.322     0.089     0.018        5     0.3  transversetemporal
 3481   2203   7296  3.189 0.730     0.103     0.028       26     3.8  insula

 mris_anatomical_stats -th3 -mgz -noglobal -cortex ../label/rh.cortex.label -f ../stats/rh.aparc.pial.stats -b -a ../label/rh.aparc.annot -c ../label/aparc.annot.ctab sub-v1s8x0051333_ses-1 rh pial 

computing statistics for each annotation in ../label/rh.aparc.annot.
reading volume /out/sourcedata/freesurfer/sub-v1s8x0051333_ses-1/mri/wm.mgz...
reading input surface /out/sourcedata/freesurfer/sub-v1s8x0051333_ses-1/surf/rh.pial...
reading input pial surface /out/sourcedata/freesurfer/sub-v1s8x0051333_ses-1/surf/rh.pial...
reading input white surface /out/sourcedata/freesurfer/sub-v1s8x0051333_ses-1/surf/rh.white...
INFO: using TH3 volume calc
INFO: assuming MGZ format for volumes.
INFO: not computing global stats
INFO: using ../label/rh.cortex.label as mask to calc cortex NumVert, SurfArea and MeanThickness.
Using TH3 vertex volume calc
Total face volume 259812
Total vertex volume 259600 (mask=0)
Saving annotation colortable ../label/aparc.annot.ctab

table columns are:
    number of vertices
    total surface area (mm^2)
    total gray matter volume (mm^3)
    average cortical thickness +- standard deviation (mm)
    integrated rectified mean curvature
    integrated rectified Gaussian curvature
    folding index
    intrinsic curvature index
    structure name

 1577    914   2877  2.958 0.421     0.092     0.022       14     1.5  bankssts
  932    719   1668  2.531 0.602     0.122     0.024       34     1.1  caudalanteriorcingulate
 3668   2312   5445  2.466 0.845     0.089     0.022      108     3.2  caudalmiddlefrontal
 3086   2070   3465  1.873 0.465     0.106     0.019       84     2.6  cuneus
  778    975   2534  3.282 0.819     0.237     0.058       20     2.4  entorhinal
 4657   3871  10121  2.894 0.572     0.120     0.027       54     5.4  fusiform
11682   8290  20574  2.669 0.633     0.103     0.022      711    10.4  inferiorparietal
 4922   4056  11033  2.945 0.774     0.140     0.034      137     7.3  inferiortemporal
 1295   1032   2635  2.819 0.497     0.167     0.044       57     2.4  isthmuscingulate
 9076   6779  13041  2.152 0.612     0.111     0.023      167     8.6  lateraloccipital
 4516   3203   8641  2.841 0.825     0.126     0.035      286     7.0  lateralorbitofrontal
 6286   4491   8372  2.072 0.593     0.112     0.035      261     7.6  lingual
 3692   3076   7167  2.609 0.764     0.130     0.026       68     4.3  medialorbitofrontal
 5377   4941  13725  3.161 0.751     0.144     0.030      125     7.9  middletemporal
 1154    853   2118  2.771 0.627     0.119     0.027       12     1.3  parahippocampal
 2351   1471   3085  2.231 0.600     0.091     0.017       21     1.6  paracentral
 2592   1773   4927  2.907 0.496     0.104     0.023       29     2.5  parsopercularis
 1168   1087   2878  3.089 0.662     0.133     0.025       14     1.4  parsorbitalis
 2964   2115   5281  2.705 0.572     0.139     0.025     3917     3.0  parstriangularis
 2396   1510   2570  1.685 0.449     0.111     0.024       31     2.1  pericalcarine
 7563   5436   9760  2.032 0.761     0.096     0.019      151     6.6  postcentral
 1526   1134   2971  2.756 0.529     0.146     0.040      125     2.5  posteriorcingulate
 8585   5535  12577  2.387 0.742     0.089     0.018      157     6.5  precentral
 6421   4438  10460  2.434 0.562     0.111     0.021       75     5.5  precuneus
  773    528   1462  2.880 0.703     0.121     0.030       22     0.7  rostralanteriorcingulate
11035   7263  18540  2.760 0.604     0.105     0.024      183    10.8  rostralmiddlefrontal
11691   7836  21118  2.940 0.667     0.109     0.031     3564    11.9  superiorfrontal
10546   7320  14241  2.147 0.621     0.099     0.019      115     7.9  superiorparietal
 5599   4551  13239  3.257 0.701     0.116     0.024       82     5.7  superiortemporal
 6605   4256  10690  2.615 0.603     0.102     0.024      167     6.6  supramarginal
  475    453   1244  3.210 0.546     0.154     0.036       12     0.6  frontalpole
  611    836   2935  4.332 0.663     0.198     0.036        7     1.0  temporalpole
  548    372    909  2.796 0.322     0.087     0.018        2     0.4  transversetemporal
 3481   2174   7296  3.189 0.730     0.126     0.040       76     4.7  insula
#-----------------------------------------
#@# Parcellation Stats 2 rh Tue Mar 10 10:08:16 CET 2026
/out/sourcedata/freesurfer/sub-v1s8x0051333_ses-1/scripts

 mris_anatomical_stats -th3 -mgz -noglobal -cortex ../label/rh.cortex.label -f ../stats/rh.aparc.a2009s.stats -b -a ../label/rh.aparc.a2009s.annot -c ../label/aparc.annot.a2009s.ctab sub-v1s8x0051333_ses-1 rh white 

computing statistics for each annotation in ../label/rh.aparc.a2009s.annot.
reading volume /out/sourcedata/freesurfer/sub-v1s8x0051333_ses-1/mri/wm.mgz...
reading input surface /out/sourcedata/freesurfer/sub-v1s8x0051333_ses-1/surf/rh.white...
reading input pial surface /out/sourcedata/freesurfer/sub-v1s8x0051333_ses-1/surf/rh.pial...
reading input white surface /out/sourcedata/freesurfer/sub-v1s8x0051333_ses-1/surf/rh.white...
INFO: using TH3 volume calc
INFO: assuming MGZ format for volumes.
INFO: not computing global stats
INFO: using ../label/rh.cortex.label as mask to calc cortex NumVert, SurfArea and MeanThickness.
Using TH3 vertex volume calc
Total face volume 259812
Total vertex volume 259600 (mask=0)
Saving annotation colortable ../label/aparc.annot.a2009s.ctab

table columns are:
    number of vertices
    total surface area (mm^2)
    total gray matter volume (mm^3)
    average cortical thickness +- standard deviation (mm)
    integrated rectified mean curvature
    integrated rectified Gaussian curvature
    folding index
    intrinsic curvature index
    structure name

 1223    754   2048  2.638 0.631     0.126     0.032       15     1.7  G_and_S_frontomargin
 1965   1183   3588  2.564 0.688     0.119     0.023       24     1.9  G_and_S_occipital_inf
 1652    866   1998  2.012 0.719     0.096     0.026       17     1.6  G_and_S_paracentral
 1507    907   3182  3.080 0.557     0.126     0.031       19     1.9  G_and_S_subcentral
 1606    913   3109  2.821 0.685     0.117     0.028       17     1.8  G_and_S_transv_frontopol
 3988   2575   7611  2.874 0.549     0.108     0.018       33     3.1  G_and_S_cingul-Ant
 1445    934   2604  2.737 0.448     0.104     0.021       10     1.3  G_and_S_cingul-Mid-Ant
 1469    964   2581  2.613 0.521     0.113     0.023       12     1.4  G_and_S_cingul-Mid-Post
  529    350   1447  3.146 0.340     0.148     0.036        7     0.8  G_cingul-Post-dorsal
  298    196    733  2.888 0.522     0.099     0.024        3     0.2  G_cingul-Post-ventral
 2939   1606   3311  1.852 0.464     0.116     0.025       37     3.1  G_cuneus
 1670    931   3793  3.060 0.480     0.103     0.027       16     1.7  G_front_inf-Opercular
  404    258   1278  3.320 0.417     0.130     0.027        7     0.4  G_front_inf-Orbital
 1497    798   3005  2.901 0.548     0.116     0.026       19     1.6  G_front_inf-Triangul
 5430   2400  10117  2.924 0.804     0.109     0.038       88     8.4  G_front_middle
 7701   3789  14566  3.003 0.735     0.099     0.030       94     9.0  G_front_sup
  685    402   1587  3.289 0.674     0.105     0.030        7     0.7  G_Ins_lg_and_S_cent_ins
  828    496   2555  3.641 0.874     0.108     0.039        8     1.2  G_insular_short
 2743   1574   5157  2.568 0.565     0.115     0.023       34     2.6  G_occipital_middle
 1713    931   2320  2.132 0.597     0.102     0.022       15     1.5  G_occipital_sup
 1992   1187   4991  3.078 0.501     0.105     0.028       26     2.0  G_oc-temp_lat-fusifor
 4088   2326   5595  2.035 0.623     0.108     0.025       44     4.3  G_oc-temp_med-Lingual
 1391    790   3937  3.190 0.809     0.094     0.026       12     1.3  G_oc-temp_med-Parahip
 2893   1778   6892  2.956 0.842     0.121     0.036       40     4.1  G_orbital
 4976   2666  10171  2.874 0.711     0.107     0.028       61     5.3  G_pariet_inf-Angular
 3449   1844   6464  2.840 0.590     0.112     0.035       48     4.4  G_pariet_inf-Supramar
 3272   1659   5261  2.387 0.671     0.111     0.030       40     4.2  G_parietal_sup
 3004   1571   3787  2.023 0.696     0.109     0.033       41     4.0  G_postcentral
 3458   1722   5070  2.383 0.872     0.105     0.029       39     4.6  G_precentral
 3152   1794   5801  2.573 0.540     0.109     0.022       38     2.9  G_precuneus
 1044    628   2477  2.722 0.718     0.117     0.031       19     1.4  G_rectus
  557    352    954  2.531 1.086     0.107     0.036        6     0.7  G_subcallosal
  398    174    726  2.846 0.331     0.094     0.021        4     0.3  G_temp_sup-G_T_transv
 1985   1173   6059  3.586 0.685     0.110     0.029       21     2.3  G_temp_sup-Lateral
  863    550   2255  3.831 0.690     0.080     0.018        4     0.6  G_temp_sup-Plan_polar
  816    512   1753  2.998 0.414     0.103     0.025        6     0.7  G_temp_sup-Plan_tempo
 2272   1454   6161  3.095 0.849     0.116     0.035       33     2.8  G_temporal_inf
 3442   2191  10060  3.312 0.729     0.123     0.034       49     4.1  G_temporal_middle
  422    287    532  2.137 0.410     0.093     0.013        2     0.2  Lat_Fis-ant-Horizont
  248    167    402  2.854 0.601     0.119     0.025        2     0.2  Lat_Fis-ant-Vertical
 1265    841   1707  2.515 0.463     0.094     0.016        5     0.9  Lat_Fis-post
 4233   2414   5068  1.894 0.507     0.114     0.026       44     4.9  Pole_occipital
 1814   1181   6884  3.719 0.765     0.124     0.036       25     2.6  Pole_temporal
 2627   1823   3271  1.976 0.604     0.126     0.029       23     3.2  S_calcarine
 2955   2084   3218  1.782 0.668     0.104     0.020       18     2.5  S_central
 1209    848   1775  2.268 0.521     0.104     0.017        8     0.8  S_cingul-Marginalis
  546    365    943  3.365 0.516     0.097     0.021        2     0.5  S_circular_insula_ant
 1192    785   1849  2.846 0.585     0.078     0.011        3     0.6  S_circular_insula_inf
 1568   1055   2292  2.768 0.532     0.103     0.019        6     1.5  S_circular_insula_sup
 1211    796   1988  2.612 0.539     0.081     0.011        5     0.6  S_collat_transv_ant
  682    459    828  2.163 0.592     0.111     0.021        5     0.7  S_collat_transv_post
 2789   1716   4010  2.531 0.424     0.104     0.022       19     2.5  S_front_inf
 2596   1673   3729  2.624 0.488     0.101     0.020       15     2.1  S_front_middle
 2260   1455   3140  2.496 0.517     0.097     0.019       13     1.8  S_front_sup
  520    345    655  2.365 0.441     0.117     0.017        4     0.6  S_interm_prim-Jensen
 5149   3279   6157  2.010 0.525     0.095     0.015       34     3.4  S_intrapariet_and_P_trans
  904    630    955  1.779 0.380     0.102     0.016        5     0.7  S_oc_middle_and_Lunatus
 1644   1089   2009  2.075 0.476     0.100     0.016       10     1.1  S_oc_sup_and_transversal
  814    536   1249  2.247 0.443     0.100     0.019        6     0.7  S_occipital_ant
 1075    754   2079  2.777 0.549     0.117     0.021        9     1.0  S_oc-temp_lat
 2490   1669   3551  2.493 0.497     0.094     0.013       14     1.5  S_oc-temp_med_and_Lingual
  663    417    938  2.417 0.583     0.111     0.019        5     0.6  S_orbital_lateral
 1061    706   1403  2.293 0.710     0.104     0.016        7     0.8  S_orbital_med-olfact
 1500   1012   2752  3.031 0.621     0.111     0.021       11     1.4  S_orbital-H_Shaped
 2285   1504   2983  2.212 0.538     0.113     0.018       18     1.8  S_parieto_occipital
 1046    679   1127  2.224 0.536     0.135     0.022       15     1.0  S_pericallosal
 3868   2497   4843  2.063 0.517     0.106     0.022       32     3.8  S_postcentral
 2797   1845   3849  2.459 0.456     0.094     0.017       20     2.2  S_precentral-inf-part
 1167    809   1560  2.263 0.586     0.108     0.021        7     1.3  S_precentral-sup-part
  183    132    332  3.163 0.918     0.143     0.023        2     0.2  S_suborbital
 1534   1059   2231  2.290 0.578     0.106     0.019        8     1.3  S_subparietal
 1253    850   1856  2.767 0.634     0.106     0.016        6     1.1  S_temporal_inf
 7433   4878  11988  2.746 0.469     0.091     0.014       38     4.7  S_temporal_sup
  281    194    440  2.987 0.329     0.108     0.015        2     0.2  S_temporal_transverse
#-----------------------------------------
#@# Parcellation Stats 3 rh Tue Mar 10 10:08:28 CET 2026
/out/sourcedata/freesurfer/sub-v1s8x0051333_ses-1/scripts

 mris_anatomical_stats -th3 -mgz -noglobal -cortex ../label/rh.cortex.label -f ../stats/rh.aparc.DKTatlas.stats -b -a ../label/rh.aparc.DKTatlas.annot -c ../label/aparc.annot.DKTatlas.ctab sub-v1s8x0051333_ses-1 rh white 

computing statistics for each annotation in ../label/rh.aparc.DKTatlas.annot.
reading volume /out/sourcedata/freesurfer/sub-v1s8x0051333_ses-1/mri/wm.mgz...
reading input surface /out/sourcedata/freesurfer/sub-v1s8x0051333_ses-1/surf/rh.white...
reading input pial surface /out/sourcedata/freesurfer/sub-v1s8x0051333_ses-1/surf/rh.pial...
reading input white surface /out/sourcedata/freesurfer/sub-v1s8x0051333_ses-1/surf/rh.white...
INFO: using TH3 volume calc
INFO: assuming MGZ format for volumes.
INFO: not computing global stats
INFO: using ../label/rh.cortex.label as mask to calc cortex NumVert, SurfArea and MeanThickness.
Using TH3 vertex volume calc
Total face volume 259812
Total vertex volume 259600 (mask=0)
Saving annotation colortable ../label/aparc.annot.DKTatlas.ctab

table columns are:
    number of vertices
    total surface area (mm^2)
    total gray matter volume (mm^3)
    average cortical thickness +- standard deviation (mm)
    integrated rectified mean curvature
    integrated rectified Gaussian curvature
    folding index
    intrinsic curvature index
    structure name

 1026    654   1799  2.541 0.596     0.103     0.013       10     0.6  caudalanteriorcingulate
 3998   2301   5780  2.430 0.875     0.118     0.037       54     6.8  caudalmiddlefrontal
 3545   2029   4055  1.878 0.478     0.118     0.024       41     3.6  cuneus
  762    474   2527  3.311 0.840     0.117     0.031        9     1.1  entorhinal
 4251   2712   8938  2.862 0.548     0.099     0.020       38     3.4  fusiform
11581   6976  20274  2.661 0.634     0.103     0.021      107    10.1  inferiorparietal
 5324   3487  12420  2.965 0.782     0.114     0.028       60     5.9  inferiortemporal
 1268    836   2579  2.811 0.498     0.122     0.026       13     1.3  isthmuscingulate
 9162   5461  13065  2.140 0.614     0.116     0.024       94     9.5  lateraloccipital
 4920   3157   9725  2.848 0.824     0.122     0.031       60     6.5  lateralorbitofrontal
 6152   3673   8199  2.075 0.590     0.107     0.024       58     6.3  lingual
 2727   1740   5474  2.635 0.805     0.112     0.028       36     3.1  medialorbitofrontal
 6563   4282  15882  3.125 0.708     0.109     0.025       67     6.1  middletemporal
 1222    711   2259  2.790 0.623     0.075     0.017        7     0.6  parahippocampal
 2534   1418   3350  2.263 0.607     0.091     0.019       16     2.0  paracentral
 2963   1857   5463  2.887 0.508     0.109     0.023       23     2.8  parsopercularis
 1048    691   2604  3.053 0.532     0.116     0.024       12     1.0  parsorbitalis
 2947   1710   5215  2.686 0.579     0.110     0.023       30     2.9  parstriangularis
 2412   1587   2580  1.693 0.447     0.131     0.031       27     3.2  pericalcarine
 8303   4944  10688  2.049 0.745     0.104     0.025       86     8.6  postcentral
 1623   1068   3165  2.753 0.520     0.131     0.028       19     1.9  posteriorcingulate
 8203   4885  12279  2.435 0.720     0.105     0.024       74     8.6  precentral
 6626   4225  10922  2.441 0.555     0.108     0.021       61     5.6  precuneus
 1126    728   2047  2.783 0.755     0.101     0.016        8     0.8  rostralanteriorcingulate
 7359   3968  12552  2.816 0.598     0.102     0.026       74     7.6  rostralmiddlefrontal
15614   8800  27708  2.853 0.680     0.104     0.026      157    16.6  superiorfrontal
 9015   5147  12130  2.142 0.636     0.101     0.022       81     8.5  superiorparietal
 7193   4467  17793  3.305 0.753     0.095     0.021       50     5.9  superiortemporal
 6393   3709  10391  2.619 0.605     0.106     0.028       66     6.8  supramarginal
  555    278    934  2.806 0.316     0.086     0.018        5     0.3  transversetemporal
 3213   2049   6802  3.218 0.694     0.100     0.025       20     3.1  insula
/out/sourcedata/freesurfer/sub-v1s8x0051333_ses-1/label
#--------------------------------------------
#@# BA_exvivo Labels rh Tue Mar 10 10:08:39 CET 2026

 mri_label2label --srcsubject fsaverage --srclabel /out/sourcedata/freesurfer/fsaverage/label/rh.BA1_exvivo.label --trgsubject sub-v1s8x0051333_ses-1 --trglabel ./rh.BA1_exvivo.label --hemi rh --regmethod surface 


srclabel = /out/sourcedata/freesurfer/fsaverage/label/rh.BA1_exvivo.label
srcsubject = fsaverage
trgsubject = sub-v1s8x0051333_ses-1
trglabel = ./rh.BA1_exvivo.label
regmethod = surface

srchemi = rh
trghemi = rh
trgsurface = white
srcsurfreg = sphere.reg
trgsurfreg = sphere.reg
usehash = 1
Use ProjAbs  = 0, 0
Use ProjFrac = 0, 0
DoPaint 0

SUBJECTS_DIR    /out/sourcedata/freesurfer
FREESURFER_HOME /opt/freesurfer
Loading source label.
Found 3962 points in source label.
Starting surface-based mapping
Reading source registration 
 /out/sourcedata/freesurfer/fsaverage/surf/rh.sphere.reg
Rescaling ...  original radius = 100
Reading target surface 
 /out/sourcedata/freesurfer/sub-v1s8x0051333_ses-1/surf/rh.white
Reading target registration 
 /out/sourcedata/freesurfer/sub-v1s8x0051333_ses-1/surf/rh.sphere.reg
Rescaling ...  original radius = 100
Building target registration hash (res=16).
Building source registration hash (res=16).
INFO: found  3962 nlabel points
Performing mapping from target back to the source label 158611
Number of reverse mapping hits = 615
Checking for and removing duplicates
Writing label file ./rh.BA1_exvivo.label 4577
mri_label2label: Done


 mri_label2label --srcsubject fsaverage --srclabel /out/sourcedata/freesurfer/fsaverage/label/rh.BA2_exvivo.label --trgsubject sub-v1s8x0051333_ses-1 --trglabel ./rh.BA2_exvivo.label --hemi rh --regmethod surface 


srclabel = /out/sourcedata/freesurfer/fsaverage/label/rh.BA2_exvivo.label
srcsubject = fsaverage
trgsubject = sub-v1s8x0051333_ses-1
trglabel = ./rh.BA2_exvivo.label
regmethod = surface

srchemi = rh
trghemi = rh
trgsurface = white
srcsurfreg = sphere.reg
trgsurfreg = sphere.reg
usehash = 1
Use ProjAbs  = 0, 0
Use ProjFrac = 0, 0
DoPaint 0

SUBJECTS_DIR    /out/sourcedata/freesurfer
FREESURFER_HOME /opt/freesurfer
Loading source label.
Found 6687 points in source label.
Starting surface-based mapping
Reading source registration 
 /out/sourcedata/freesurfer/fsaverage/surf/rh.sphere.reg
Rescaling ...  original radius = 100
Reading target surface 
 /out/sourcedata/freesurfer/sub-v1s8x0051333_ses-1/surf/rh.white
Reading target registration 
 /out/sourcedata/freesurfer/sub-v1s8x0051333_ses-1/surf/rh.sphere.reg
Rescaling ...  original radius = 100
Building target registration hash (res=16).
Building source registration hash (res=16).
INFO: found  6687 nlabel points
Performing mapping from target back to the source label 158611
Number of reverse mapping hits = 896
Checking for and removing duplicates
Writing label file ./rh.BA2_exvivo.label 7583
mri_label2label: Done


 mri_label2label --srcsubject fsaverage --srclabel /out/sourcedata/freesurfer/fsaverage/label/rh.BA3a_exvivo.label --trgsubject sub-v1s8x0051333_ses-1 --trglabel ./rh.BA3a_exvivo.label --hemi rh --regmethod surface 


srclabel = /out/sourcedata/freesurfer/fsaverage/label/rh.BA3a_exvivo.label
srcsubject = fsaverage
trgsubject = sub-v1s8x0051333_ses-1
trglabel = ./rh.BA3a_exvivo.label
regmethod = surface

srchemi = rh
trghemi = rh
trgsurface = white
srcsurfreg = sphere.reg
trgsurfreg = sphere.reg
usehash = 1
Use ProjAbs  = 0, 0
Use ProjFrac = 0, 0
DoPaint 0

SUBJECTS_DIR    /out/sourcedata/freesurfer
FREESURFER_HOME /opt/freesurfer
Loading source label.
Found 3980 points in source label.
Starting surface-based mapping
Reading source registration 
 /out/sourcedata/freesurfer/fsaverage/surf/rh.sphere.reg
Rescaling ...  original radius = 100
Reading target surface 
 /out/sourcedata/freesurfer/sub-v1s8x0051333_ses-1/surf/rh.white
Reading target registration 
 /out/sourcedata/freesurfer/sub-v1s8x0051333_ses-1/surf/rh.sphere.reg
Rescaling ...  original radius = 100
Building target registration hash (res=16).
Building source registration hash (res=16).
INFO: found  3980 nlabel points
Performing mapping from target back to the source label 158611
Number of reverse mapping hits = 24
Checking for and removing duplicates
Writing label file ./rh.BA3a_exvivo.label 4004
mri_label2label: Done


 mri_label2label --srcsubject fsaverage --srclabel /out/sourcedata/freesurfer/fsaverage/label/rh.BA3b_exvivo.label --trgsubject sub-v1s8x0051333_ses-1 --trglabel ./rh.BA3b_exvivo.label --hemi rh --regmethod surface 


srclabel = /out/sourcedata/freesurfer/fsaverage/label/rh.BA3b_exvivo.label
srcsubject = fsaverage
trgsubject = sub-v1s8x0051333_ses-1
trglabel = ./rh.BA3b_exvivo.label
regmethod = surface

srchemi = rh
trghemi = rh
trgsurface = white
srcsurfreg = sphere.reg
trgsurfreg = sphere.reg
usehash = 1
Use ProjAbs  = 0, 0
Use ProjFrac = 0, 0
DoPaint 0

SUBJECTS_DIR    /out/sourcedata/freesurfer
FREESURFER_HOME /opt/freesurfer
Loading source label.
Found 4522 points in source label.
Starting surface-based mapping
Reading source registration 
 /out/sourcedata/freesurfer/fsaverage/surf/rh.sphere.reg
Rescaling ...  original radius = 100
Reading target surface 
 /out/sourcedata/freesurfer/sub-v1s8x0051333_ses-1/surf/rh.white
Reading target registration 
 /out/sourcedata/freesurfer/sub-v1s8x0051333_ses-1/surf/rh.sphere.reg
Rescaling ...  original radius = 100
Building target registration hash (res=16).
Building source registration hash (res=16).
INFO: found  4522 nlabel points
Performing mapping from target back to the source label 158611
Number of reverse mapping hits = 327
Checking for and removing duplicates
Writing label file ./rh.BA3b_exvivo.label 4849
mri_label2label: Done


 mri_label2label --srcsubject fsaverage --srclabel /out/sourcedata/freesurfer/fsaverage/label/rh.BA4a_exvivo.label --trgsubject sub-v1s8x0051333_ses-1 --trglabel ./rh.BA4a_exvivo.label --hemi rh --regmethod surface 


srclabel = /out/sourcedata/freesurfer/fsaverage/label/rh.BA4a_exvivo.label
srcsubject = fsaverage
trgsubject = sub-v1s8x0051333_ses-1
trglabel = ./rh.BA4a_exvivo.label
regmethod = surface

srchemi = rh
trghemi = rh
trgsurface = white
srcsurfreg = sphere.reg
trgsurfreg = sphere.reg
usehash = 1
Use ProjAbs  = 0, 0
Use ProjFrac = 0, 0
DoPaint 0

SUBJECTS_DIR    /out/sourcedata/freesurfer
FREESURFER_HOME /opt/freesurfer
Loading source label.
Found 5747 points in source label.
Starting surface-based mapping
Reading source registration 
 /out/sourcedata/freesurfer/fsaverage/surf/rh.sphere.reg
Rescaling ...  original radius = 100
Reading target surface 
 /out/sourcedata/freesurfer/sub-v1s8x0051333_ses-1/surf/rh.white
Reading target registration 
 /out/sourcedata/freesurfer/sub-v1s8x0051333_ses-1/surf/rh.sphere.reg
Rescaling ...  original radius = 100
Building target registration hash (res=16).
Building source registration hash (res=16).
INFO: found  5747 nlabel points
Performing mapping from target back to the source label 158611
Number of reverse mapping hits = 206
Checking for and removing duplicates
Writing label file ./rh.BA4a_exvivo.label 5953
mri_label2label: Done


 mri_label2label --srcsubject fsaverage --srclabel /out/sourcedata/freesurfer/fsaverage/label/rh.BA4p_exvivo.label --trgsubject sub-v1s8x0051333_ses-1 --trglabel ./rh.BA4p_exvivo.label --hemi rh --regmethod surface 


srclabel = /out/sourcedata/freesurfer/fsaverage/label/rh.BA4p_exvivo.label
srcsubject = fsaverage
trgsubject = sub-v1s8x0051333_ses-1
trglabel = ./rh.BA4p_exvivo.label
regmethod = surface

srchemi = rh
trghemi = rh
trgsurface = white
srcsurfreg = sphere.reg
trgsurfreg = sphere.reg
usehash = 1
Use ProjAbs  = 0, 0
Use ProjFrac = 0, 0
DoPaint 0

SUBJECTS_DIR    /out/sourcedata/freesurfer
FREESURFER_HOME /opt/freesurfer
Loading source label.
Found 4473 points in source label.
Starting surface-based mapping
Reading source registration 
 /out/sourcedata/freesurfer/fsaverage/surf/rh.sphere.reg
Rescaling ...  original radius = 100
Reading target surface 
 /out/sourcedata/freesurfer/sub-v1s8x0051333_ses-1/surf/rh.white
Reading target registration 
 /out/sourcedata/freesurfer/sub-v1s8x0051333_ses-1/surf/rh.sphere.reg
Rescaling ...  original radius = 100
Building target registration hash (res=16).
Building source registration hash (res=16).
INFO: found  4473 nlabel points
Performing mapping from target back to the source label 158611
Number of reverse mapping hits = 28
Checking for and removing duplicates
Writing label file ./rh.BA4p_exvivo.label 4501
mri_label2label: Done


 mri_label2label --srcsubject fsaverage --srclabel /out/sourcedata/freesurfer/fsaverage/label/rh.BA6_exvivo.label --trgsubject sub-v1s8x0051333_ses-1 --trglabel ./rh.BA6_exvivo.label --hemi rh --regmethod surface 


srclabel = /out/sourcedata/freesurfer/fsaverage/label/rh.BA6_exvivo.label
srcsubject = fsaverage
trgsubject = sub-v1s8x0051333_ses-1
trglabel = ./rh.BA6_exvivo.label
regmethod = surface

srchemi = rh
trghemi = rh
trgsurface = white
srcsurfreg = sphere.reg
trgsurfreg = sphere.reg
usehash = 1
Use ProjAbs  = 0, 0
Use ProjFrac = 0, 0
DoPaint 0

SUBJECTS_DIR    /out/sourcedata/freesurfer
FREESURFER_HOME /opt/freesurfer
Loading source label.
Found 12256 points in source label.
Starting surface-based mapping
Reading source registration 
 /out/sourcedata/freesurfer/fsaverage/surf/rh.sphere.reg
Rescaling ...  original radius = 100
Reading target surface 
 /out/sourcedata/freesurfer/sub-v1s8x0051333_ses-1/surf/rh.white
Reading target registration 
 /out/sourcedata/freesurfer/sub-v1s8x0051333_ses-1/surf/rh.sphere.reg
Rescaling ...  original radius = 100
Building target registration hash (res=16).
Building source registration hash (res=16).
INFO: found  12256 nlabel points
Performing mapping from target back to the source label 158611
Number of reverse mapping hits = 965
Checking for and removing duplicates
Writing label file ./rh.BA6_exvivo.label 13221
mri_label2label: Done


 mri_label2label --srcsubject fsaverage --srclabel /out/sourcedata/freesurfer/fsaverage/label/rh.BA44_exvivo.label --trgsubject sub-v1s8x0051333_ses-1 --trglabel ./rh.BA44_exvivo.label --hemi rh --regmethod surface 


srclabel = /out/sourcedata/freesurfer/fsaverage/label/rh.BA44_exvivo.label
srcsubject = fsaverage
trgsubject = sub-v1s8x0051333_ses-1
trglabel = ./rh.BA44_exvivo.label
regmethod = surface

srchemi = rh
trghemi = rh
trgsurface = white
srcsurfreg = sphere.reg
trgsurfreg = sphere.reg
usehash = 1
Use ProjAbs  = 0, 0
Use ProjFrac = 0, 0
DoPaint 0

SUBJECTS_DIR    /out/sourcedata/freesurfer
FREESURFER_HOME /opt/freesurfer
Loading source label.
Found 6912 points in source label.
Starting surface-based mapping
Reading source registration 
 /out/sourcedata/freesurfer/fsaverage/surf/rh.sphere.reg
Rescaling ...  original radius = 100
Reading target surface 
 /out/sourcedata/freesurfer/sub-v1s8x0051333_ses-1/surf/rh.white
Reading target registration 
 /out/sourcedata/freesurfer/sub-v1s8x0051333_ses-1/surf/rh.sphere.reg
Rescaling ...  original radius = 100
Building target registration hash (res=16).
Building source registration hash (res=16).
INFO: found  6912 nlabel points
Performing mapping from target back to the source label 158611
Number of reverse mapping hits = 2419
Checking for and removing duplicates
Writing label file ./rh.BA44_exvivo.label 9331
mri_label2label: Done


 mri_label2label --srcsubject fsaverage --srclabel /out/sourcedata/freesurfer/fsaverage/label/rh.BA45_exvivo.label --trgsubject sub-v1s8x0051333_ses-1 --trglabel ./rh.BA45_exvivo.label --hemi rh --regmethod surface 


srclabel = /out/sourcedata/freesurfer/fsaverage/label/rh.BA45_exvivo.label
srcsubject = fsaverage
trgsubject = sub-v1s8x0051333_ses-1
trglabel = ./rh.BA45_exvivo.label
regmethod = surface

srchemi = rh
trghemi = rh
trgsurface = white
srcsurfreg = sphere.reg
trgsurfreg = sphere.reg
usehash = 1
Use ProjAbs  = 0, 0
Use ProjFrac = 0, 0
DoPaint 0

SUBJECTS_DIR    /out/sourcedata/freesurfer
FREESURFER_HOME /opt/freesurfer
Loading source label.
Found 5355 points in source label.
Starting surface-based mapping
Reading source registration 
 /out/sourcedata/freesurfer/fsaverage/surf/rh.sphere.reg
Rescaling ...  original radius = 100
Reading target surface 
 /out/sourcedata/freesurfer/sub-v1s8x0051333_ses-1/surf/rh.white
Reading target registration 
 /out/sourcedata/freesurfer/sub-v1s8x0051333_ses-1/surf/rh.sphere.reg
Rescaling ...  original radius = 100
Building target registration hash (res=16).
Building source registration hash (res=16).
INFO: found  5355 nlabel points
Performing mapping from target back to the source label 158611
Number of reverse mapping hits = 1569
Checking for and removing duplicates
Writing label file ./rh.BA45_exvivo.label 6924
mri_label2label: Done


 mri_label2label --srcsubject fsaverage --srclabel /out/sourcedata/freesurfer/fsaverage/label/rh.V1_exvivo.label --trgsubject sub-v1s8x0051333_ses-1 --trglabel ./rh.V1_exvivo.label --hemi rh --regmethod surface 


srclabel = /out/sourcedata/freesurfer/fsaverage/label/rh.V1_exvivo.label
srcsubject = fsaverage
trgsubject = sub-v1s8x0051333_ses-1
trglabel = ./rh.V1_exvivo.label
regmethod = surface

srchemi = rh
trghemi = rh
trgsurface = white
srcsurfreg = sphere.reg
trgsurfreg = sphere.reg
usehash = 1
Use ProjAbs  = 0, 0
Use ProjFrac = 0, 0
DoPaint 0

SUBJECTS_DIR    /out/sourcedata/freesurfer
FREESURFER_HOME /opt/freesurfer
Loading source label.
Found 4727 points in source label.
Starting surface-based mapping
Reading source registration 
 /out/sourcedata/freesurfer/fsaverage/surf/rh.sphere.reg
Rescaling ...  original radius = 100
Reading target surface 
 /out/sourcedata/freesurfer/sub-v1s8x0051333_ses-1/surf/rh.white
Reading target registration 
 /out/sourcedata/freesurfer/sub-v1s8x0051333_ses-1/surf/rh.sphere.reg
Rescaling ...  original radius = 100
Building target registration hash (res=16).
Building source registration hash (res=16).
INFO: found  4727 nlabel points
Performing mapping from target back to the source label 158611
Number of reverse mapping hits = 2014
Checking for and removing duplicates
Writing label file ./rh.V1_exvivo.label 6741
mri_label2label: Done


 mri_label2label --srcsubject fsaverage --srclabel /out/sourcedata/freesurfer/fsaverage/label/rh.V2_exvivo.label --trgsubject sub-v1s8x0051333_ses-1 --trglabel ./rh.V2_exvivo.label --hemi rh --regmethod surface 


srclabel = /out/sourcedata/freesurfer/fsaverage/label/rh.V2_exvivo.label
srcsubject = fsaverage
trgsubject = sub-v1s8x0051333_ses-1
trglabel = ./rh.V2_exvivo.label
regmethod = surface

srchemi = rh
trghemi = rh
trgsurface = white
srcsurfreg = sphere.reg
trgsurfreg = sphere.reg
usehash = 1
Use ProjAbs  = 0, 0
Use ProjFrac = 0, 0
DoPaint 0

SUBJECTS_DIR    /out/sourcedata/freesurfer
FREESURFER_HOME /opt/freesurfer
Loading source label.
Found 8016 points in source label.
Starting surface-based mapping
Reading source registration 
 /out/sourcedata/freesurfer/fsaverage/surf/rh.sphere.reg
Rescaling ...  original radius = 100
Reading target surface 
 /out/sourcedata/freesurfer/sub-v1s8x0051333_ses-1/surf/rh.white
Reading target registration 
 /out/sourcedata/freesurfer/sub-v1s8x0051333_ses-1/surf/rh.sphere.reg
Rescaling ...  original radius = 100
Building target registration hash (res=16).
Building source registration hash (res=16).
INFO: found  8016 nlabel points
Performing mapping from target back to the source label 158611
Number of reverse mapping hits = 4521
Checking for and removing duplicates
Writing label file ./rh.V2_exvivo.label 12537
mri_label2label: Done


 mri_label2label --srcsubject fsaverage --srclabel /out/sourcedata/freesurfer/fsaverage/label/rh.MT_exvivo.label --trgsubject sub-v1s8x0051333_ses-1 --trglabel ./rh.MT_exvivo.label --hemi rh --regmethod surface 


srclabel = /out/sourcedata/freesurfer/fsaverage/label/rh.MT_exvivo.label
srcsubject = fsaverage
trgsubject = sub-v1s8x0051333_ses-1
trglabel = ./rh.MT_exvivo.label
regmethod = surface

srchemi = rh
trghemi = rh
trgsurface = white
srcsurfreg = sphere.reg
trgsurfreg = sphere.reg
usehash = 1
Use ProjAbs  = 0, 0
Use ProjFrac = 0, 0
DoPaint 0

SUBJECTS_DIR    /out/sourcedata/freesurfer
FREESURFER_HOME /opt/freesurfer
Loading source label.
Found 1932 points in source label.
Starting surface-based mapping
Reading source registration 
 /out/sourcedata/freesurfer/fsaverage/surf/rh.sphere.reg
Rescaling ...  original radius = 100
Reading target surface 
 /out/sourcedata/freesurfer/sub-v1s8x0051333_ses-1/surf/rh.white
Reading target registration 
 /out/sourcedata/freesurfer/sub-v1s8x0051333_ses-1/surf/rh.sphere.reg
Rescaling ...  original radius = 100
Building target registration hash (res=16).
Building source registration hash (res=16).
INFO: found  1932 nlabel points
Performing mapping from target back to the source label 158611
Number of reverse mapping hits = 491
Checking for and removing duplicates
Writing label file ./rh.MT_exvivo.label 2423
mri_label2label: Done


 mri_label2label --srcsubject fsaverage --srclabel /out/sourcedata/freesurfer/fsaverage/label/rh.entorhinal_exvivo.label --trgsubject sub-v1s8x0051333_ses-1 --trglabel ./rh.entorhinal_exvivo.label --hemi rh --regmethod surface 


srclabel = /out/sourcedata/freesurfer/fsaverage/label/rh.entorhinal_exvivo.label
srcsubject = fsaverage
trgsubject = sub-v1s8x0051333_ses-1
trglabel = ./rh.entorhinal_exvivo.label
regmethod = surface

srchemi = rh
trghemi = rh
trgsurface = white
srcsurfreg = sphere.reg
trgsurfreg = sphere.reg
usehash = 1
Use ProjAbs  = 0, 0
Use ProjFrac = 0, 0
DoPaint 0

SUBJECTS_DIR    /out/sourcedata/freesurfer
FREESURFER_HOME /opt/freesurfer
Loading source label.
Found 1038 points in source label.
Starting surface-based mapping
Reading source registration 
 /out/sourcedata/freesurfer/fsaverage/surf/rh.sphere.reg
Rescaling ...  original radius = 100
Reading target surface 
 /out/sourcedata/freesurfer/sub-v1s8x0051333_ses-1/surf/rh.white
Reading target registration 
 /out/sourcedata/freesurfer/sub-v1s8x0051333_ses-1/surf/rh.sphere.reg
Rescaling ...  original radius = 100
Building target registration hash (res=16).
Building source registration hash (res=16).
INFO: found  1038 nlabel points
Performing mapping from target back to the source label 158611
Number of reverse mapping hits = 112
Checking for and removing duplicates
Writing label file ./rh.entorhinal_exvivo.label 1150
mri_label2label: Done


 mri_label2label --srcsubject fsaverage --srclabel /out/sourcedata/freesurfer/fsaverage/label/rh.perirhinal_exvivo.label --trgsubject sub-v1s8x0051333_ses-1 --trglabel ./rh.perirhinal_exvivo.label --hemi rh --regmethod surface 


srclabel = /out/sourcedata/freesurfer/fsaverage/label/rh.perirhinal_exvivo.label
srcsubject = fsaverage
trgsubject = sub-v1s8x0051333_ses-1
trglabel = ./rh.perirhinal_exvivo.label
regmethod = surface

srchemi = rh
trghemi = rh
trgsurface = white
srcsurfreg = sphere.reg
trgsurfreg = sphere.reg
usehash = 1
Use ProjAbs  = 0, 0
Use ProjFrac = 0, 0
DoPaint 0

SUBJECTS_DIR    /out/sourcedata/freesurfer
FREESURFER_HOME /opt/freesurfer
Loading source label.
Found 752 points in source label.
Starting surface-based mapping
Reading source registration 
 /out/sourcedata/freesurfer/fsaverage/surf/rh.sphere.reg
Rescaling ...  original radius = 100
Reading target surface 
 /out/sourcedata/freesurfer/sub-v1s8x0051333_ses-1/surf/rh.white
Reading target registration 
 /out/sourcedata/freesurfer/sub-v1s8x0051333_ses-1/surf/rh.sphere.reg
Rescaling ...  original radius = 100
Building target registration hash (res=16).
Building source registration hash (res=16).
INFO: found  752 nlabel points
Performing mapping from target back to the source label 158611
Number of reverse mapping hits = 71
Checking for and removing duplicates
Writing label file ./rh.perirhinal_exvivo.label 823
mri_label2label: Done


 mri_label2label --srcsubject fsaverage --srclabel /out/sourcedata/freesurfer/fsaverage/label/rh.FG1.mpm.vpnl.label --trgsubject sub-v1s8x0051333_ses-1 --trglabel ./rh.FG1.mpm.vpnl.label --hemi rh --regmethod surface 


srclabel = /out/sourcedata/freesurfer/fsaverage/label/rh.FG1.mpm.vpnl.label
srcsubject = fsaverage
trgsubject = sub-v1s8x0051333_ses-1
trglabel = ./rh.FG1.mpm.vpnl.label
regmethod = surface

srchemi = rh
trghemi = rh
trgsurface = white
srcsurfreg = sphere.reg
trgsurfreg = sphere.reg
usehash = 1
Use ProjAbs  = 0, 0
Use ProjFrac = 0, 0
DoPaint 0

SUBJECTS_DIR    /out/sourcedata/freesurfer
FREESURFER_HOME /opt/freesurfer
Loading source label.
Found 541 points in source label.
Starting surface-based mapping
Reading source registration 
 /out/sourcedata/freesurfer/fsaverage/surf/rh.sphere.reg
Rescaling ...  original radius = 100
Reading target surface 
 /out/sourcedata/freesurfer/sub-v1s8x0051333_ses-1/surf/rh.white
Reading target registration 
 /out/sourcedata/freesurfer/sub-v1s8x0051333_ses-1/surf/rh.sphere.reg
Rescaling ...  original radius = 100
Building target registration hash (res=16).
Building source registration hash (res=16).
INFO: found  541 nlabel points
Performing mapping from target back to the source label 158611
Number of reverse mapping hits = 253
Checking for and removing duplicates
Writing label file ./rh.FG1.mpm.vpnl.label 794
mri_label2label: Done


 mri_label2label --srcsubject fsaverage --srclabel /out/sourcedata/freesurfer/fsaverage/label/rh.FG2.mpm.vpnl.label --trgsubject sub-v1s8x0051333_ses-1 --trglabel ./rh.FG2.mpm.vpnl.label --hemi rh --regmethod surface 


srclabel = /out/sourcedata/freesurfer/fsaverage/label/rh.FG2.mpm.vpnl.label
srcsubject = fsaverage
trgsubject = sub-v1s8x0051333_ses-1
trglabel = ./rh.FG2.mpm.vpnl.label
regmethod = surface

srchemi = rh
trghemi = rh
trgsurface = white
srcsurfreg = sphere.reg
trgsurfreg = sphere.reg
usehash = 1
Use ProjAbs  = 0, 0
Use ProjFrac = 0, 0
DoPaint 0

SUBJECTS_DIR    /out/sourcedata/freesurfer
FREESURFER_HOME /opt/freesurfer
Loading source label.
Found 721 points in source label.
Starting surface-based mapping
Reading source registration 
 /out/sourcedata/freesurfer/fsaverage/surf/rh.sphere.reg
Rescaling ...  original radius = 100
Reading target surface 
 /out/sourcedata/freesurfer/sub-v1s8x0051333_ses-1/surf/rh.white
Reading target registration 
 /out/sourcedata/freesurfer/sub-v1s8x0051333_ses-1/surf/rh.sphere.reg
Rescaling ...  original radius = 100
Building target registration hash (res=16).
Building source registration hash (res=16).
INFO: found  721 nlabel points
Performing mapping from target back to the source label 158611
Number of reverse mapping hits = 354
Checking for and removing duplicates
Writing label file ./rh.FG2.mpm.vpnl.label 1075
mri_label2label: Done


 mri_label2label --srcsubject fsaverage --srclabel /out/sourcedata/freesurfer/fsaverage/label/rh.FG3.mpm.vpnl.label --trgsubject sub-v1s8x0051333_ses-1 --trglabel ./rh.FG3.mpm.vpnl.label --hemi rh --regmethod surface 


srclabel = /out/sourcedata/freesurfer/fsaverage/label/rh.FG3.mpm.vpnl.label
srcsubject = fsaverage
trgsubject = sub-v1s8x0051333_ses-1
trglabel = ./rh.FG3.mpm.vpnl.label
regmethod = surface

srchemi = rh
trghemi = rh
trgsurface = white
srcsurfreg = sphere.reg
trgsurfreg = sphere.reg
usehash = 1
Use ProjAbs  = 0, 0
Use ProjFrac = 0, 0
DoPaint 0

SUBJECTS_DIR    /out/sourcedata/freesurfer
FREESURFER_HOME /opt/freesurfer
Loading source label.
Found 1523 points in source label.
Starting surface-based mapping
Reading source registration 
 /out/sourcedata/freesurfer/fsaverage/surf/rh.sphere.reg
Rescaling ...  original radius = 100
Reading target surface 
 /out/sourcedata/freesurfer/sub-v1s8x0051333_ses-1/surf/rh.white
Reading target registration 
 /out/sourcedata/freesurfer/sub-v1s8x0051333_ses-1/surf/rh.sphere.reg
Rescaling ...  original radius = 100
Building target registration hash (res=16).
Building source registration hash (res=16).
INFO: found  1523 nlabel points
Performing mapping from target back to the source label 158611
Number of reverse mapping hits = 286
Checking for and removing duplicates
Writing label file ./rh.FG3.mpm.vpnl.label 1809
mri_label2label: Done


 mri_label2label --srcsubject fsaverage --srclabel /out/sourcedata/freesurfer/fsaverage/label/rh.FG4.mpm.vpnl.label --trgsubject sub-v1s8x0051333_ses-1 --trglabel ./rh.FG4.mpm.vpnl.label --hemi rh --regmethod surface 


srclabel = /out/sourcedata/freesurfer/fsaverage/label/rh.FG4.mpm.vpnl.label
srcsubject = fsaverage
trgsubject = sub-v1s8x0051333_ses-1
trglabel = ./rh.FG4.mpm.vpnl.label
regmethod = surface

srchemi = rh
trghemi = rh
trgsurface = white
srcsurfreg = sphere.reg
trgsurfreg = sphere.reg
usehash = 1
Use ProjAbs  = 0, 0
Use ProjFrac = 0, 0
DoPaint 0

SUBJECTS_DIR    /out/sourcedata/freesurfer
FREESURFER_HOME /opt/freesurfer
Loading source label.
Found 1586 points in source label.
Starting surface-based mapping
Reading source registration 
 /out/sourcedata/freesurfer/fsaverage/surf/rh.sphere.reg
Rescaling ...  original radius = 100
Reading target surface 
 /out/sourcedata/freesurfer/sub-v1s8x0051333_ses-1/surf/rh.white
Reading target registration 
 /out/sourcedata/freesurfer/sub-v1s8x0051333_ses-1/surf/rh.sphere.reg
Rescaling ...  original radius = 100
Building target registration hash (res=16).
Building source registration hash (res=16).
INFO: found  1586 nlabel points
Performing mapping from target back to the source label 158611
Number of reverse mapping hits = 243
Checking for and removing duplicates
Writing label file ./rh.FG4.mpm.vpnl.label 1829
mri_label2label: Done


 mri_label2label --srcsubject fsaverage --srclabel /out/sourcedata/freesurfer/fsaverage/label/rh.hOc1.mpm.vpnl.label --trgsubject sub-v1s8x0051333_ses-1 --trglabel ./rh.hOc1.mpm.vpnl.label --hemi rh --regmethod surface 


srclabel = /out/sourcedata/freesurfer/fsaverage/label/rh.hOc1.mpm.vpnl.label
srcsubject = fsaverage
trgsubject = sub-v1s8x0051333_ses-1
trglabel = ./rh.hOc1.mpm.vpnl.label
regmethod = surface

srchemi = rh
trghemi = rh
trgsurface = white
srcsurfreg = sphere.reg
trgsurfreg = sphere.reg
usehash = 1
Use ProjAbs  = 0, 0
Use ProjFrac = 0, 0
DoPaint 0

SUBJECTS_DIR    /out/sourcedata/freesurfer
FREESURFER_HOME /opt/freesurfer
Loading source label.
Found 3667 points in source label.
Starting surface-based mapping
Reading source registration 
 /out/sourcedata/freesurfer/fsaverage/surf/rh.sphere.reg
Rescaling ...  original radius = 100
Reading target surface 
 /out/sourcedata/freesurfer/sub-v1s8x0051333_ses-1/surf/rh.white
Reading target registration 
 /out/sourcedata/freesurfer/sub-v1s8x0051333_ses-1/surf/rh.sphere.reg
Rescaling ...  original radius = 100
Building target registration hash (res=16).
Building source registration hash (res=16).
INFO: found  3667 nlabel points
Performing mapping from target back to the source label 158611
Number of reverse mapping hits = 1443
Checking for and removing duplicates
Writing label file ./rh.hOc1.mpm.vpnl.label 5110
mri_label2label: Done


 mri_label2label --srcsubject fsaverage --srclabel /out/sourcedata/freesurfer/fsaverage/label/rh.hOc2.mpm.vpnl.label --trgsubject sub-v1s8x0051333_ses-1 --trglabel ./rh.hOc2.mpm.vpnl.label --hemi rh --regmethod surface 


srclabel = /out/sourcedata/freesurfer/fsaverage/label/rh.hOc2.mpm.vpnl.label
srcsubject = fsaverage
trgsubject = sub-v1s8x0051333_ses-1
trglabel = ./rh.hOc2.mpm.vpnl.label
regmethod = surface

srchemi = rh
trghemi = rh
trgsurface = white
srcsurfreg = sphere.reg
trgsurfreg = sphere.reg
usehash = 1
Use ProjAbs  = 0, 0
Use ProjFrac = 0, 0
DoPaint 0

SUBJECTS_DIR    /out/sourcedata/freesurfer
FREESURFER_HOME /opt/freesurfer
Loading source label.
Found 2719 points in source label.
Starting surface-based mapping
Reading source registration 
 /out/sourcedata/freesurfer/fsaverage/surf/rh.sphere.reg
Rescaling ...  original radius = 100
Reading target surface 
 /out/sourcedata/freesurfer/sub-v1s8x0051333_ses-1/surf/rh.white
Reading target registration 
 /out/sourcedata/freesurfer/sub-v1s8x0051333_ses-1/surf/rh.sphere.reg
Rescaling ...  original radius = 100
Building target registration hash (res=16).
Building source registration hash (res=16).
INFO: found  2719 nlabel points
Performing mapping from target back to the source label 158611
Number of reverse mapping hits = 1611
Checking for and removing duplicates
Writing label file ./rh.hOc2.mpm.vpnl.label 4330
mri_label2label: Done


 mri_label2label --srcsubject fsaverage --srclabel /out/sourcedata/freesurfer/fsaverage/label/rh.hOc3v.mpm.vpnl.label --trgsubject sub-v1s8x0051333_ses-1 --trglabel ./rh.hOc3v.mpm.vpnl.label --hemi rh --regmethod surface 


srclabel = /out/sourcedata/freesurfer/fsaverage/label/rh.hOc3v.mpm.vpnl.label
srcsubject = fsaverage
trgsubject = sub-v1s8x0051333_ses-1
trglabel = ./rh.hOc3v.mpm.vpnl.label
regmethod = surface

srchemi = rh
trghemi = rh
trgsurface = white
srcsurfreg = sphere.reg
trgsurfreg = sphere.reg
usehash = 1
Use ProjAbs  = 0, 0
Use ProjFrac = 0, 0
DoPaint 0

SUBJECTS_DIR    /out/sourcedata/freesurfer
FREESURFER_HOME /opt/freesurfer
Loading source label.
Found 1228 points in source label.
Starting surface-based mapping
Reading source registration 
 /out/sourcedata/freesurfer/fsaverage/surf/rh.sphere.reg
Rescaling ...  original radius = 100
Reading target surface 
 /out/sourcedata/freesurfer/sub-v1s8x0051333_ses-1/surf/rh.white
Reading target registration 
 /out/sourcedata/freesurfer/sub-v1s8x0051333_ses-1/surf/rh.sphere.reg
Rescaling ...  original radius = 100
Building target registration hash (res=16).
Building source registration hash (res=16).
INFO: found  1228 nlabel points
Performing mapping from target back to the source label 158611
Number of reverse mapping hits = 1151
Checking for and removing duplicates
Writing label file ./rh.hOc3v.mpm.vpnl.label 2379
mri_label2label: Done


 mri_label2label --srcsubject fsaverage --srclabel /out/sourcedata/freesurfer/fsaverage/label/rh.hOc4v.mpm.vpnl.label --trgsubject sub-v1s8x0051333_ses-1 --trglabel ./rh.hOc4v.mpm.vpnl.label --hemi rh --regmethod surface 


srclabel = /out/sourcedata/freesurfer/fsaverage/label/rh.hOc4v.mpm.vpnl.label
srcsubject = fsaverage
trgsubject = sub-v1s8x0051333_ses-1
trglabel = ./rh.hOc4v.mpm.vpnl.label
regmethod = surface

srchemi = rh
trghemi = rh
trgsurface = white
srcsurfreg = sphere.reg
trgsurfreg = sphere.reg
usehash = 1
Use ProjAbs  = 0, 0
Use ProjFrac = 0, 0
DoPaint 0

SUBJECTS_DIR    /out/sourcedata/freesurfer
FREESURFER_HOME /opt/freesurfer
Loading source label.
Found 1025 points in source label.
Starting surface-based mapping
Reading source registration 
 /out/sourcedata/freesurfer/fsaverage/surf/rh.sphere.reg
Rescaling ...  original radius = 100
Reading target surface 
 /out/sourcedata/freesurfer/sub-v1s8x0051333_ses-1/surf/rh.white
Reading target registration 
 /out/sourcedata/freesurfer/sub-v1s8x0051333_ses-1/surf/rh.sphere.reg
Rescaling ...  original radius = 100
Building target registration hash (res=16).
Building source registration hash (res=16).
INFO: found  1025 nlabel points
Performing mapping from target back to the source label 158611
Number of reverse mapping hits = 1066
Checking for and removing duplicates
Writing label file ./rh.hOc4v.mpm.vpnl.label 2091
mri_label2label: Done


 mris_label2annot --s sub-v1s8x0051333_ses-1 --ctab /opt/freesurfer/average/colortable_vpnl.txt --hemi rh --a mpm.vpnl --maxstatwinner --noverbose --l rh.FG1.mpm.vpnl.label --l rh.FG2.mpm.vpnl.label --l rh.FG3.mpm.vpnl.label --l rh.FG4.mpm.vpnl.label --l rh.hOc1.mpm.vpnl.label --l rh.hOc2.mpm.vpnl.label --l rh.hOc3v.mpm.vpnl.label --l rh.hOc4v.mpm.vpnl.label 

Reading ctab /opt/freesurfer/average/colortable_vpnl.txt
Number of ctab entries 9

7.3.2
cwd /out/sourcedata/freesurfer/sub-v1s8x0051333_ses-1/label
cmdline mris_label2annot --s sub-v1s8x0051333_ses-1 --ctab /opt/freesurfer/average/colortable_vpnl.txt --hemi rh --a mpm.vpnl --maxstatwinner --noverbose --l rh.FG1.mpm.vpnl.label --l rh.FG2.mpm.vpnl.label --l rh.FG3.mpm.vpnl.label --l rh.FG4.mpm.vpnl.label --l rh.hOc1.mpm.vpnl.label --l rh.hOc2.mpm.vpnl.label --l rh.hOc3v.mpm.vpnl.label --l rh.hOc4v.mpm.vpnl.label 
sysname  Linux
hostname dna029
machine  x86_64
user     oesteban

subject sub-v1s8x0051333_ses-1
hemi    rh
SUBJECTS_DIR /out/sourcedata/freesurfer
ColorTable /opt/freesurfer/average/colortable_vpnl.txt
AnnotName  mpm.vpnl
nlables 8
LabelThresh 0 0.000000
Loading /out/sourcedata/freesurfer/sub-v1s8x0051333_ses-1/surf/rh.orig
 1 1376057 FG1
 2 16711935 FG2
 3 16711680 FG3
 4 1705837 FG4
 5 25600 hOc1
 6 255 hOc2
 7 16776960 hOc3v
 8 65535 hOc4v
Mapping unhit to unknown
Found 140057 unhit vertices
Writing annot to /out/sourcedata/freesurfer/sub-v1s8x0051333_ses-1/label/rh.mpm.vpnl.annot

 mri_label2label --srcsubject fsaverage --srclabel /out/sourcedata/freesurfer/fsaverage/label/rh.BA1_exvivo.thresh.label --trgsubject sub-v1s8x0051333_ses-1 --trglabel ./rh.BA1_exvivo.thresh.label --hemi rh --regmethod surface 


srclabel = /out/sourcedata/freesurfer/fsaverage/label/rh.BA1_exvivo.thresh.label
srcsubject = fsaverage
trgsubject = sub-v1s8x0051333_ses-1
trglabel = ./rh.BA1_exvivo.thresh.label
regmethod = surface

srchemi = rh
trghemi = rh
trgsurface = white
srcsurfreg = sphere.reg
trgsurfreg = sphere.reg
usehash = 1
Use ProjAbs  = 0, 0
Use ProjFrac = 0, 0
DoPaint 0

SUBJECTS_DIR    /out/sourcedata/freesurfer
FREESURFER_HOME /opt/freesurfer
Loading source label.
Found 876 points in source label.
Starting surface-based mapping
Reading source registration 
 /out/sourcedata/freesurfer/fsaverage/surf/rh.sphere.reg
Rescaling ...  original radius = 100
Reading target surface 
 /out/sourcedata/freesurfer/sub-v1s8x0051333_ses-1/surf/rh.white
Reading target registration 
 /out/sourcedata/freesurfer/sub-v1s8x0051333_ses-1/surf/rh.sphere.reg
Rescaling ...  original radius = 100
Building target registration hash (res=16).
Building source registration hash (res=16).
INFO: found  876 nlabel points
Performing mapping from target back to the source label 158611
Number of reverse mapping hits = 109
Checking for and removing duplicates
Writing label file ./rh.BA1_exvivo.thresh.label 985
mri_label2label: Done


 mri_label2label --srcsubject fsaverage --srclabel /out/sourcedata/freesurfer/fsaverage/label/rh.BA2_exvivo.thresh.label --trgsubject sub-v1s8x0051333_ses-1 --trglabel ./rh.BA2_exvivo.thresh.label --hemi rh --regmethod surface 


srclabel = /out/sourcedata/freesurfer/fsaverage/label/rh.BA2_exvivo.thresh.label
srcsubject = fsaverage
trgsubject = sub-v1s8x0051333_ses-1
trglabel = ./rh.BA2_exvivo.thresh.label
regmethod = surface

srchemi = rh
trghemi = rh
trgsurface = white
srcsurfreg = sphere.reg
trgsurfreg = sphere.reg
usehash = 1
Use ProjAbs  = 0, 0
Use ProjFrac = 0, 0
DoPaint 0

SUBJECTS_DIR    /out/sourcedata/freesurfer
FREESURFER_HOME /opt/freesurfer
Loading source label.
Found 2688 points in source label.
Starting surface-based mapping
Reading source registration 
 /out/sourcedata/freesurfer/fsaverage/surf/rh.sphere.reg
Rescaling ...  original radius = 100
Reading target surface 
 /out/sourcedata/freesurfer/sub-v1s8x0051333_ses-1/surf/rh.white
Reading target registration 
 /out/sourcedata/freesurfer/sub-v1s8x0051333_ses-1/surf/rh.sphere.reg
Rescaling ...  original radius = 100
Building target registration hash (res=16).
Building source registration hash (res=16).
INFO: found  2688 nlabel points
Performing mapping from target back to the source label 158611
Number of reverse mapping hits = 258
Checking for and removing duplicates
Writing label file ./rh.BA2_exvivo.thresh.label 2946
mri_label2label: Done


 mri_label2label --srcsubject fsaverage --srclabel /out/sourcedata/freesurfer/fsaverage/label/rh.BA3a_exvivo.thresh.label --trgsubject sub-v1s8x0051333_ses-1 --trglabel ./rh.BA3a_exvivo.thresh.label --hemi rh --regmethod surface 


srclabel = /out/sourcedata/freesurfer/fsaverage/label/rh.BA3a_exvivo.thresh.label
srcsubject = fsaverage
trgsubject = sub-v1s8x0051333_ses-1
trglabel = ./rh.BA3a_exvivo.thresh.label
regmethod = surface

srchemi = rh
trghemi = rh
trgsurface = white
srcsurfreg = sphere.reg
trgsurfreg = sphere.reg
usehash = 1
Use ProjAbs  = 0, 0
Use ProjFrac = 0, 0
DoPaint 0

SUBJECTS_DIR    /out/sourcedata/freesurfer
FREESURFER_HOME /opt/freesurfer
Loading source label.
Found 1698 points in source label.
Starting surface-based mapping
Reading source registration 
 /out/sourcedata/freesurfer/fsaverage/surf/rh.sphere.reg
Rescaling ...  original radius = 100
Reading target surface 
 /out/sourcedata/freesurfer/sub-v1s8x0051333_ses-1/surf/rh.white
Reading target registration 
 /out/sourcedata/freesurfer/sub-v1s8x0051333_ses-1/surf/rh.sphere.reg
Rescaling ...  original radius = 100
Building target registration hash (res=16).
Building source registration hash (res=16).
INFO: found  1698 nlabel points
Performing mapping from target back to the source label 158611
Number of reverse mapping hits = 7
Checking for and removing duplicates
Writing label file ./rh.BA3a_exvivo.thresh.label 1705
mri_label2label: Done


 mri_label2label --srcsubject fsaverage --srclabel /out/sourcedata/freesurfer/fsaverage/label/rh.BA3b_exvivo.thresh.label --trgsubject sub-v1s8x0051333_ses-1 --trglabel ./rh.BA3b_exvivo.thresh.label --hemi rh --regmethod surface 


srclabel = /out/sourcedata/freesurfer/fsaverage/label/rh.BA3b_exvivo.thresh.label
srcsubject = fsaverage
trgsubject = sub-v1s8x0051333_ses-1
trglabel = ./rh.BA3b_exvivo.thresh.label
regmethod = surface

srchemi = rh
trghemi = rh
trgsurface = white
srcsurfreg = sphere.reg
trgsurfreg = sphere.reg
usehash = 1
Use ProjAbs  = 0, 0
Use ProjFrac = 0, 0
DoPaint 0

SUBJECTS_DIR    /out/sourcedata/freesurfer
FREESURFER_HOME /opt/freesurfer
Loading source label.
Found 2183 points in source label.
Starting surface-based mapping
Reading source registration 
 /out/sourcedata/freesurfer/fsaverage/surf/rh.sphere.reg
Rescaling ...  original radius = 100
Reading target surface 
 /out/sourcedata/freesurfer/sub-v1s8x0051333_ses-1/surf/rh.white
Reading target registration 
 /out/sourcedata/freesurfer/sub-v1s8x0051333_ses-1/surf/rh.sphere.reg
Rescaling ...  original radius = 100
Building target registration hash (res=16).
Building source registration hash (res=16).
INFO: found  2183 nlabel points
Performing mapping from target back to the source label 158611
Number of reverse mapping hits = 105
Checking for and removing duplicates
Writing label file ./rh.BA3b_exvivo.thresh.label 2288
mri_label2label: Done


 mri_label2label --srcsubject fsaverage --srclabel /out/sourcedata/freesurfer/fsaverage/label/rh.BA4a_exvivo.thresh.label --trgsubject sub-v1s8x0051333_ses-1 --trglabel ./rh.BA4a_exvivo.thresh.label --hemi rh --regmethod surface 


srclabel = /out/sourcedata/freesurfer/fsaverage/label/rh.BA4a_exvivo.thresh.label
srcsubject = fsaverage
trgsubject = sub-v1s8x0051333_ses-1
trglabel = ./rh.BA4a_exvivo.thresh.label
regmethod = surface

srchemi = rh
trghemi = rh
trgsurface = white
srcsurfreg = sphere.reg
trgsurfreg = sphere.reg
usehash = 1
Use ProjAbs  = 0, 0
Use ProjFrac = 0, 0
DoPaint 0

SUBJECTS_DIR    /out/sourcedata/freesurfer
FREESURFER_HOME /opt/freesurfer
Loading source label.
Found 1388 points in source label.
Starting surface-based mapping
Reading source registration 
 /out/sourcedata/freesurfer/fsaverage/surf/rh.sphere.reg
Rescaling ...  original radius = 100
Reading target surface 
 /out/sourcedata/freesurfer/sub-v1s8x0051333_ses-1/surf/rh.white
Reading target registration 
 /out/sourcedata/freesurfer/sub-v1s8x0051333_ses-1/surf/rh.sphere.reg
Rescaling ...  original radius = 100
Building target registration hash (res=16).
Building source registration hash (res=16).
INFO: found  1388 nlabel points
Performing mapping from target back to the source label 158611
Number of reverse mapping hits = 18
Checking for and removing duplicates
Writing label file ./rh.BA4a_exvivo.thresh.label 1406
mri_label2label: Done


 mri_label2label --srcsubject fsaverage --srclabel /out/sourcedata/freesurfer/fsaverage/label/rh.BA4p_exvivo.thresh.label --trgsubject sub-v1s8x0051333_ses-1 --trglabel ./rh.BA4p_exvivo.thresh.label --hemi rh --regmethod surface 


srclabel = /out/sourcedata/freesurfer/fsaverage/label/rh.BA4p_exvivo.thresh.label
srcsubject = fsaverage
trgsubject = sub-v1s8x0051333_ses-1
trglabel = ./rh.BA4p_exvivo.thresh.label
regmethod = surface

srchemi = rh
trghemi = rh
trgsurface = white
srcsurfreg = sphere.reg
trgsurfreg = sphere.reg
usehash = 1
Use ProjAbs  = 0, 0
Use ProjFrac = 0, 0
DoPaint 0

SUBJECTS_DIR    /out/sourcedata/freesurfer
FREESURFER_HOME /opt/freesurfer
Loading source label.
Found 1489 points in source label.
Starting surface-based mapping
Reading source registration 
 /out/sourcedata/freesurfer/fsaverage/surf/rh.sphere.reg
Rescaling ...  original radius = 100
Reading target surface 
 /out/sourcedata/freesurfer/sub-v1s8x0051333_ses-1/surf/rh.white
Reading target registration 
 /out/sourcedata/freesurfer/sub-v1s8x0051333_ses-1/surf/rh.sphere.reg
Rescaling ...  original radius = 100
Building target registration hash (res=16).
Building source registration hash (res=16).
INFO: found  1489 nlabel points
Performing mapping from target back to the source label 158611
Number of reverse mapping hits = 5
Checking for and removing duplicates
Writing label file ./rh.BA4p_exvivo.thresh.label 1494
mri_label2label: Done


 mri_label2label --srcsubject fsaverage --srclabel /out/sourcedata/freesurfer/fsaverage/label/rh.BA6_exvivo.thresh.label --trgsubject sub-v1s8x0051333_ses-1 --trglabel ./rh.BA6_exvivo.thresh.label --hemi rh --regmethod surface 


srclabel = /out/sourcedata/freesurfer/fsaverage/label/rh.BA6_exvivo.thresh.label
srcsubject = fsaverage
trgsubject = sub-v1s8x0051333_ses-1
trglabel = ./rh.BA6_exvivo.thresh.label
regmethod = surface

srchemi = rh
trghemi = rh
trgsurface = white
srcsurfreg = sphere.reg
trgsurfreg = sphere.reg
usehash = 1
Use ProjAbs  = 0, 0
Use ProjFrac = 0, 0
DoPaint 0

SUBJECTS_DIR    /out/sourcedata/freesurfer
FREESURFER_HOME /opt/freesurfer
Loading source label.
Found 6959 points in source label.
Starting surface-based mapping
Reading source registration 
 /out/sourcedata/freesurfer/fsaverage/surf/rh.sphere.reg
Rescaling ...  original radius = 100
Reading target surface 
 /out/sourcedata/freesurfer/sub-v1s8x0051333_ses-1/surf/rh.white
Reading target registration 
 /out/sourcedata/freesurfer/sub-v1s8x0051333_ses-1/surf/rh.sphere.reg
Rescaling ...  original radius = 100
Building target registration hash (res=16).
Building source registration hash (res=16).
INFO: found  6959 nlabel points
Performing mapping from target back to the source label 158611
Number of reverse mapping hits = 481
Checking for and removing duplicates
Writing label file ./rh.BA6_exvivo.thresh.label 7440
mri_label2label: Done


 mri_label2label --srcsubject fsaverage --srclabel /out/sourcedata/freesurfer/fsaverage/label/rh.BA44_exvivo.thresh.label --trgsubject sub-v1s8x0051333_ses-1 --trglabel ./rh.BA44_exvivo.thresh.label --hemi rh --regmethod surface 


srclabel = /out/sourcedata/freesurfer/fsaverage/label/rh.BA44_exvivo.thresh.label
srcsubject = fsaverage
trgsubject = sub-v1s8x0051333_ses-1
trglabel = ./rh.BA44_exvivo.thresh.label
regmethod = surface

srchemi = rh
trghemi = rh
trgsurface = white
srcsurfreg = sphere.reg
trgsurfreg = sphere.reg
usehash = 1
Use ProjAbs  = 0, 0
Use ProjFrac = 0, 0
DoPaint 0

SUBJECTS_DIR    /out/sourcedata/freesurfer
FREESURFER_HOME /opt/freesurfer
Loading source label.
Found 1012 points in source label.
Starting surface-based mapping
Reading source registration 
 /out/sourcedata/freesurfer/fsaverage/surf/rh.sphere.reg
Rescaling ...  original radius = 100
Reading target surface 
 /out/sourcedata/freesurfer/sub-v1s8x0051333_ses-1/surf/rh.white
Reading target registration 
 /out/sourcedata/freesurfer/sub-v1s8x0051333_ses-1/surf/rh.sphere.reg
Rescaling ...  original radius = 100
Building target registration hash (res=16).
Building source registration hash (res=16).
INFO: found  1012 nlabel points
Performing mapping from target back to the source label 158611
Number of reverse mapping hits = 248
Checking for and removing duplicates
Writing label file ./rh.BA44_exvivo.thresh.label 1260
mri_label2label: Done


 mri_label2label --srcsubject fsaverage --srclabel /out/sourcedata/freesurfer/fsaverage/label/rh.BA45_exvivo.thresh.label --trgsubject sub-v1s8x0051333_ses-1 --trglabel ./rh.BA45_exvivo.thresh.label --hemi rh --regmethod surface 


srclabel = /out/sourcedata/freesurfer/fsaverage/label/rh.BA45_exvivo.thresh.label
srcsubject = fsaverage
trgsubject = sub-v1s8x0051333_ses-1
trglabel = ./rh.BA45_exvivo.thresh.label
regmethod = surface

srchemi = rh
trghemi = rh
trgsurface = white
srcsurfreg = sphere.reg
trgsurfreg = sphere.reg
usehash = 1
Use ProjAbs  = 0, 0
Use ProjFrac = 0, 0
DoPaint 0

SUBJECTS_DIR    /out/sourcedata/freesurfer
FREESURFER_HOME /opt/freesurfer
Loading source label.
Found 1178 points in source label.
Starting surface-based mapping
Reading source registration 
 /out/sourcedata/freesurfer/fsaverage/surf/rh.sphere.reg
Rescaling ...  original radius = 100
Reading target surface 
 /out/sourcedata/freesurfer/sub-v1s8x0051333_ses-1/surf/rh.white
Reading target registration 
 /out/sourcedata/freesurfer/sub-v1s8x0051333_ses-1/surf/rh.sphere.reg
Rescaling ...  original radius = 100
Building target registration hash (res=16).
Building source registration hash (res=16).
INFO: found  1178 nlabel points
Performing mapping from target back to the source label 158611
Number of reverse mapping hits = 322
Checking for and removing duplicates
Writing label file ./rh.BA45_exvivo.thresh.label 1500
mri_label2label: Done


 mri_label2label --srcsubject fsaverage --srclabel /out/sourcedata/freesurfer/fsaverage/label/rh.V1_exvivo.thresh.label --trgsubject sub-v1s8x0051333_ses-1 --trglabel ./rh.V1_exvivo.thresh.label --hemi rh --regmethod surface 


srclabel = /out/sourcedata/freesurfer/fsaverage/label/rh.V1_exvivo.thresh.label
srcsubject = fsaverage
trgsubject = sub-v1s8x0051333_ses-1
trglabel = ./rh.V1_exvivo.thresh.label
regmethod = surface

srchemi = rh
trghemi = rh
trgsurface = white
srcsurfreg = sphere.reg
trgsurfreg = sphere.reg
usehash = 1
Use ProjAbs  = 0, 0
Use ProjFrac = 0, 0
DoPaint 0

SUBJECTS_DIR    /out/sourcedata/freesurfer
FREESURFER_HOME /opt/freesurfer
Loading source label.
Found 3232 points in source label.
Starting surface-based mapping
Reading source registration 
 /out/sourcedata/freesurfer/fsaverage/surf/rh.sphere.reg
Rescaling ...  original radius = 100
Reading target surface 
 /out/sourcedata/freesurfer/sub-v1s8x0051333_ses-1/surf/rh.white
Reading target registration 
 /out/sourcedata/freesurfer/sub-v1s8x0051333_ses-1/surf/rh.sphere.reg
Rescaling ...  original radius = 100
Building target registration hash (res=16).
Building source registration hash (res=16).
INFO: found  3232 nlabel points
Performing mapping from target back to the source label 158611
Number of reverse mapping hits = 1242
Checking for and removing duplicates
Writing label file ./rh.V1_exvivo.thresh.label 4474
mri_label2label: Done


 mri_label2label --srcsubject fsaverage --srclabel /out/sourcedata/freesurfer/fsaverage/label/rh.V2_exvivo.thresh.label --trgsubject sub-v1s8x0051333_ses-1 --trglabel ./rh.V2_exvivo.thresh.label --hemi rh --regmethod surface 


srclabel = /out/sourcedata/freesurfer/fsaverage/label/rh.V2_exvivo.thresh.label
srcsubject = fsaverage
trgsubject = sub-v1s8x0051333_ses-1
trglabel = ./rh.V2_exvivo.thresh.label
regmethod = surface

srchemi = rh
trghemi = rh
trgsurface = white
srcsurfreg = sphere.reg
trgsurfreg = sphere.reg
usehash = 1
Use ProjAbs  = 0, 0
Use ProjFrac = 0, 0
DoPaint 0

SUBJECTS_DIR    /out/sourcedata/freesurfer
FREESURFER_HOME /opt/freesurfer
Loading source label.
Found 3437 points in source label.
Starting surface-based mapping
Reading source registration 
 /out/sourcedata/freesurfer/fsaverage/surf/rh.sphere.reg
Rescaling ...  original radius = 100
Reading target surface 
 /out/sourcedata/freesurfer/sub-v1s8x0051333_ses-1/surf/rh.white
Reading target registration 
 /out/sourcedata/freesurfer/sub-v1s8x0051333_ses-1/surf/rh.sphere.reg
Rescaling ...  original radius = 100
Building target registration hash (res=16).
Building source registration hash (res=16).
INFO: found  3437 nlabel points
Performing mapping from target back to the source label 158611
Number of reverse mapping hits = 2152
Checking for and removing duplicates
Writing label file ./rh.V2_exvivo.thresh.label 5589
mri_label2label: Done


 mri_label2label --srcsubject fsaverage --srclabel /out/sourcedata/freesurfer/fsaverage/label/rh.MT_exvivo.thresh.label --trgsubject sub-v1s8x0051333_ses-1 --trglabel ./rh.MT_exvivo.thresh.label --hemi rh --regmethod surface 


srclabel = /out/sourcedata/freesurfer/fsaverage/label/rh.MT_exvivo.thresh.label
srcsubject = fsaverage
trgsubject = sub-v1s8x0051333_ses-1
trglabel = ./rh.MT_exvivo.thresh.label
regmethod = surface

srchemi = rh
trghemi = rh
trgsurface = white
srcsurfreg = sphere.reg
trgsurfreg = sphere.reg
usehash = 1
Use ProjAbs  = 0, 0
Use ProjFrac = 0, 0
DoPaint 0

SUBJECTS_DIR    /out/sourcedata/freesurfer
FREESURFER_HOME /opt/freesurfer
Loading source label.
Found 268 points in source label.
Starting surface-based mapping
Reading source registration 
 /out/sourcedata/freesurfer/fsaverage/surf/rh.sphere.reg
Rescaling ...  original radius = 100
Reading target surface 
 /out/sourcedata/freesurfer/sub-v1s8x0051333_ses-1/surf/rh.white
Reading target registration 
 /out/sourcedata/freesurfer/sub-v1s8x0051333_ses-1/surf/rh.sphere.reg
Rescaling ...  original radius = 100
Building target registration hash (res=16).
Building source registration hash (res=16).
INFO: found  268 nlabel points
Performing mapping from target back to the source label 158611
Number of reverse mapping hits = 108
Checking for and removing duplicates
Writing label file ./rh.MT_exvivo.thresh.label 376
mri_label2label: Done


 mri_label2label --srcsubject fsaverage --srclabel /out/sourcedata/freesurfer/fsaverage/label/rh.entorhinal_exvivo.thresh.label --trgsubject sub-v1s8x0051333_ses-1 --trglabel ./rh.entorhinal_exvivo.thresh.label --hemi rh --regmethod surface 


srclabel = /out/sourcedata/freesurfer/fsaverage/label/rh.entorhinal_exvivo.thresh.label
srcsubject = fsaverage
trgsubject = sub-v1s8x0051333_ses-1
trglabel = ./rh.entorhinal_exvivo.thresh.label
regmethod = surface

srchemi = rh
trghemi = rh
trgsurface = white
srcsurfreg = sphere.reg
trgsurfreg = sphere.reg
usehash = 1
Use ProjAbs  = 0, 0
Use ProjFrac = 0, 0
DoPaint 0

SUBJECTS_DIR    /out/sourcedata/freesurfer
FREESURFER_HOME /opt/freesurfer
Loading source label.
Found 694 points in source label.
Starting surface-based mapping
Reading source registration 
 /out/sourcedata/freesurfer/fsaverage/surf/rh.sphere.reg
Rescaling ...  original radius = 100
Reading target surface 
 /out/sourcedata/freesurfer/sub-v1s8x0051333_ses-1/surf/rh.white
Reading target registration 
 /out/sourcedata/freesurfer/sub-v1s8x0051333_ses-1/surf/rh.sphere.reg
Rescaling ...  original radius = 100
Building target registration hash (res=16).
Building source registration hash (res=16).
INFO: found  694 nlabel points
Performing mapping from target back to the source label 158611
Number of reverse mapping hits = 86
Checking for and removing duplicates
Writing label file ./rh.entorhinal_exvivo.thresh.label 780
mri_label2label: Done


 mri_label2label --srcsubject fsaverage --srclabel /out/sourcedata/freesurfer/fsaverage/label/rh.perirhinal_exvivo.thresh.label --trgsubject sub-v1s8x0051333_ses-1 --trglabel ./rh.perirhinal_exvivo.thresh.label --hemi rh --regmethod surface 


srclabel = /out/sourcedata/freesurfer/fsaverage/label/rh.perirhinal_exvivo.thresh.label
srcsubject = fsaverage
trgsubject = sub-v1s8x0051333_ses-1
trglabel = ./rh.perirhinal_exvivo.thresh.label
regmethod = surface

srchemi = rh
trghemi = rh
trgsurface = white
srcsurfreg = sphere.reg
trgsurfreg = sphere.reg
usehash = 1
Use ProjAbs  = 0, 0
Use ProjFrac = 0, 0
DoPaint 0

SUBJECTS_DIR    /out/sourcedata/freesurfer
FREESURFER_HOME /opt/freesurfer
Loading source label.
Found 291 points in source label.
Starting surface-based mapping
Reading source registration 
 /out/sourcedata/freesurfer/fsaverage/surf/rh.sphere.reg
Rescaling ...  original radius = 100
Reading target surface 
 /out/sourcedata/freesurfer/sub-v1s8x0051333_ses-1/surf/rh.white
Reading target registration 
 /out/sourcedata/freesurfer/sub-v1s8x0051333_ses-1/surf/rh.sphere.reg
Rescaling ...  original radius = 100
Building target registration hash (res=16).
Building source registration hash (res=16).
INFO: found  291 nlabel points
Performing mapping from target back to the source label 158611
Number of reverse mapping hits = 18
Checking for and removing duplicates
Writing label file ./rh.perirhinal_exvivo.thresh.label 309
mri_label2label: Done


 mris_label2annot --s sub-v1s8x0051333_ses-1 --hemi rh --ctab /opt/freesurfer/average/colortable_BA.txt --l rh.BA1_exvivo.label --l rh.BA2_exvivo.label --l rh.BA3a_exvivo.label --l rh.BA3b_exvivo.label --l rh.BA4a_exvivo.label --l rh.BA4p_exvivo.label --l rh.BA6_exvivo.label --l rh.BA44_exvivo.label --l rh.BA45_exvivo.label --l rh.V1_exvivo.label --l rh.V2_exvivo.label --l rh.MT_exvivo.label --l rh.perirhinal_exvivo.label --l rh.entorhinal_exvivo.label --a BA_exvivo --maxstatwinner --noverbose 

Reading ctab /opt/freesurfer/average/colortable_BA.txt
Number of ctab entries 15

7.3.2
cwd /out/sourcedata/freesurfer/sub-v1s8x0051333_ses-1/label
cmdline mris_label2annot --s sub-v1s8x0051333_ses-1 --hemi rh --ctab /opt/freesurfer/average/colortable_BA.txt --l rh.BA1_exvivo.label --l rh.BA2_exvivo.label --l rh.BA3a_exvivo.label --l rh.BA3b_exvivo.label --l rh.BA4a_exvivo.label --l rh.BA4p_exvivo.label --l rh.BA6_exvivo.label --l rh.BA44_exvivo.label --l rh.BA45_exvivo.label --l rh.V1_exvivo.label --l rh.V2_exvivo.label --l rh.MT_exvivo.label --l rh.perirhinal_exvivo.label --l rh.entorhinal_exvivo.label --a BA_exvivo --maxstatwinner --noverbose 
sysname  Linux
hostname dna029
machine  x86_64
user     oesteban

subject sub-v1s8x0051333_ses-1
hemi    rh
SUBJECTS_DIR /out/sourcedata/freesurfer
ColorTable /opt/freesurfer/average/colortable_BA.txt
AnnotName  BA_exvivo
nlables 14
LabelThresh 0 0.000000
Loading /out/sourcedata/freesurfer/sub-v1s8x0051333_ses-1/surf/rh.orig
 1 1530880 BA1_exvivo
 2 16749699 BA2_exvivo
 3 16711680 BA3a_exvivo
 4 3368703 BA3b_exvivo
 5 1376196 BA4a_exvivo
 6 13382655 BA4p_exvivo
 7 10036737 BA6_exvivo
 8 2490521 BA44_exvivo
 9 39283 BA45_exvivo
10 3993 V1_exvivo
11 8508928 V2_exvivo
12 10027163 MT_exvivo
13 16422433 perirhinal_exvivo
14 16392598 entorhinal_exvivo
Mapping unhit to unknown
Found 109764 unhit vertices
Writing annot to /out/sourcedata/freesurfer/sub-v1s8x0051333_ses-1/label/rh.BA_exvivo.annot

 mris_label2annot --s sub-v1s8x0051333_ses-1 --hemi rh --ctab /opt/freesurfer/average/colortable_BA.txt --l rh.BA1_exvivo.thresh.label --l rh.BA2_exvivo.thresh.label --l rh.BA3a_exvivo.thresh.label --l rh.BA3b_exvivo.thresh.label --l rh.BA4a_exvivo.thresh.label --l rh.BA4p_exvivo.thresh.label --l rh.BA6_exvivo.thresh.label --l rh.BA44_exvivo.thresh.label --l rh.BA45_exvivo.thresh.label --l rh.V1_exvivo.thresh.label --l rh.V2_exvivo.thresh.label --l rh.MT_exvivo.thresh.label --l rh.perirhinal_exvivo.thresh.label --l rh.entorhinal_exvivo.thresh.label --a BA_exvivo.thresh --maxstatwinner --noverbose 

Reading ctab /opt/freesurfer/average/colortable_BA.txt
Number of ctab entries 15

7.3.2
cwd /out/sourcedata/freesurfer/sub-v1s8x0051333_ses-1/label
cmdline mris_label2annot --s sub-v1s8x0051333_ses-1 --hemi rh --ctab /opt/freesurfer/average/colortable_BA.txt --l rh.BA1_exvivo.thresh.label --l rh.BA2_exvivo.thresh.label --l rh.BA3a_exvivo.thresh.label --l rh.BA3b_exvivo.thresh.label --l rh.BA4a_exvivo.thresh.label --l rh.BA4p_exvivo.thresh.label --l rh.BA6_exvivo.thresh.label --l rh.BA44_exvivo.thresh.label --l rh.BA45_exvivo.thresh.label --l rh.V1_exvivo.thresh.label --l rh.V2_exvivo.thresh.label --l rh.MT_exvivo.thresh.label --l rh.perirhinal_exvivo.thresh.label --l rh.entorhinal_exvivo.thresh.label --a BA_exvivo.thresh --maxstatwinner --noverbose 
sysname  Linux
hostname dna029
machine  x86_64
user     oesteban

subject sub-v1s8x0051333_ses-1
hemi    rh
SUBJECTS_DIR /out/sourcedata/freesurfer
ColorTable /opt/freesurfer/average/colortable_BA.txt
AnnotName  BA_exvivo.thresh
nlables 14
LabelThresh 0 0.000000
Loading /out/sourcedata/freesurfer/sub-v1s8x0051333_ses-1/surf/rh.orig
 1 1530880 BA1_exvivo
 2 16749699 BA2_exvivo
 3 16711680 BA3a_exvivo
 4 3368703 BA3b_exvivo
 5 1376196 BA4a_exvivo
 6 13382655 BA4p_exvivo
 7 10036737 BA6_exvivo
 8 2490521 BA44_exvivo
 9 39283 BA45_exvivo
10 3993 V1_exvivo
11 8508928 V2_exvivo
12 10027163 MT_exvivo
13 16422433 perirhinal_exvivo
14 16392598 entorhinal_exvivo
Mapping unhit to unknown
Found 132351 unhit vertices
Writing annot to /out/sourcedata/freesurfer/sub-v1s8x0051333_ses-1/label/rh.BA_exvivo.thresh.annot

 mris_anatomical_stats -th3 -mgz -noglobal -f ../stats/rh.BA_exvivo.stats -b -a ./rh.BA_exvivo.annot -c ./BA_exvivo.ctab sub-v1s8x0051333_ses-1 rh white 

computing statistics for each annotation in ./rh.BA_exvivo.annot.
reading volume /out/sourcedata/freesurfer/sub-v1s8x0051333_ses-1/mri/wm.mgz...
reading input surface /out/sourcedata/freesurfer/sub-v1s8x0051333_ses-1/surf/rh.white...
reading input pial surface /out/sourcedata/freesurfer/sub-v1s8x0051333_ses-1/surf/rh.pial...
reading input white surface /out/sourcedata/freesurfer/sub-v1s8x0051333_ses-1/surf/rh.white...
INFO: using TH3 volume calc
INFO: assuming MGZ format for volumes.
INFO: not computing global stats
Using TH3 vertex volume calc
Total face volume 259812
Total vertex volume 259600 (mask=0)
Saving annotation colortable ./BA_exvivo.ctab

table columns are:
    number of vertices
    total surface area (mm^2)
    total gray matter volume (mm^3)
    average cortical thickness +- standard deviation (mm)
    integrated rectified mean curvature
    integrated rectified Gaussian curvature
    folding index
    intrinsic curvature index
    structure name

 1269    663   1669  2.063 0.762     0.127     0.041       21     2.2  BA1_exvivo
 4462   2750   5834  2.132 0.547     0.106     0.024       38     4.8  BA2_exvivo
 1044    768    946  1.608 0.482     0.134     0.029        9     1.3  BA3a_exvivo
 2301   1334   2536  1.683 0.742     0.088     0.021       23     1.9  BA3b_exvivo
 1479    836   1971  2.184 0.705     0.093     0.023        8     1.4  BA4a_exvivo
 1130    786   1629  2.246 0.690     0.118     0.026        9     1.2  BA4p_exvivo
 8259   4533  12648  2.597 0.800     0.098     0.025       71     9.4  BA6_exvivo
 5487   3217   9432  2.772 0.490     0.097     0.020       47     4.6  BA44_exvivo
 5218   3110   9956  2.769 0.593     0.112     0.024       53     5.2  BA45_exvivo
 4495   2745   4991  1.739 0.481     0.122     0.030       50     5.8  V1_exvivo
10347   6049  13129  2.005 0.548     0.113     0.024      105    10.6  V2_exvivo
 2275   1444   3621  2.411 0.536     0.115     0.022       20     2.2  MT_exvivo
  407    270    824  2.952 0.676     0.091     0.017        2     0.3  perirhinal_exvivo
  674    398   2165  3.355 0.704     0.109     0.027        7     0.9  entorhinal_exvivo

 mris_anatomical_stats -th3 -mgz -f ../stats/rh.BA_exvivo.thresh.stats -noglobal -b -a ./rh.BA_exvivo.thresh.annot -c ./BA_exvivo.thresh.ctab sub-v1s8x0051333_ses-1 rh white 

computing statistics for each annotation in ./rh.BA_exvivo.thresh.annot.
reading volume /out/sourcedata/freesurfer/sub-v1s8x0051333_ses-1/mri/wm.mgz...
reading input surface /out/sourcedata/freesurfer/sub-v1s8x0051333_ses-1/surf/rh.white...
reading input pial surface /out/sourcedata/freesurfer/sub-v1s8x0051333_ses-1/surf/rh.pial...
reading input white surface /out/sourcedata/freesurfer/sub-v1s8x0051333_ses-1/surf/rh.white...
INFO: using TH3 volume calc
INFO: assuming MGZ format for volumes.
INFO: not computing global stats
Using TH3 vertex volume calc
Total face volume 259812
Total vertex volume 259600 (mask=0)
Saving annotation colortable ./BA_exvivo.thresh.ctab

table columns are:
    number of vertices
    total surface area (mm^2)
    total gray matter volume (mm^3)
    average cortical thickness +- standard deviation (mm)
    integrated rectified mean curvature
    integrated rectified Gaussian curvature
    folding index
    intrinsic curvature index
    structure name

  849    465    991  1.779 0.587     0.129     0.041       11     1.4  BA1_exvivo
 2446   1467   3204  2.121 0.502     0.090     0.021       17     2.2  BA2_exvivo
  926    700    807  1.584 0.443     0.141     0.029        8     1.1  BA3a_exvivo
 1747   1076   1595  1.437 0.434     0.081     0.015        9     1.1  BA3b_exvivo
  889    496   1066  2.044 0.677     0.102     0.026        6     1.0  BA4a_exvivo
  893    644   1324  2.293 0.667     0.116     0.029        7     1.0  BA4p_exvivo
 5210   2837   7732  2.520 0.821     0.099     0.026       49     6.2  BA6_exvivo
 1153    686   2328  2.950 0.418     0.102     0.024       10     1.1  BA44_exvivo
 1356    821   2769  2.807 0.559     0.114     0.024       14     1.4  BA45_exvivo
 4271   2635   4705  1.730 0.471     0.123     0.031       47     5.5  V1_exvivo
 5446   3151   6238  1.859 0.522     0.112     0.023       56     5.3  V2_exvivo
  369    196    785  2.795 0.546     0.104     0.020        3     0.3  MT_exvivo
   33     22     49  2.909 0.393     0.091     0.016        0     0.0  perirhinal_exvivo
  672    401   1804  3.175 0.639     0.108     0.026        7     0.9  entorhinal_exvivo

Started at Tue Mar 10 10:07:53 CET 2026 
Ended   at Tue Mar 10 10:11:41 CET 2026
#@#%# recon-all-run-time-hours 0.063
recon-all -s sub-v1s8x0051333_ses-1 finished without error at Tue Mar 10 10:11:41 CET 2026
