#!ascii label  , from subject sub-v1s8x0051333_ses-1 vox2ras=TkReg
2446
68959  41.132  -18.914  64.652 0.0000000000
50549  33.358  -36.598  80.770 0.0000000000
47159  18.912  -39.436  82.568 0.0000000000
42907  13.431  -44.182  85.541 0.0000000000
42901  27.910  -44.731  85.867 0.0000000000
47272  23.804  -39.436  75.416 0.0000000000
67001  46.457  -21.845  67.069 0.0000000000
151877  51.607  -15.408  61.374 0.0000000000
62112  44.127  -26.002  78.765 0.0000000000
60293  35.736  -27.938  73.847 0.0000000000
54970  29.050  -33.196  67.872 0.0000000000
48295  21.846  -39.204  88.182 0.0000000000
47139  15.026  -40.636  84.311 0.0000000000
47092  17.172  -39.424  90.341 0.0000000000
43947  22.802  -42.896  84.539 0.0000000000
67882  45.154  -20.741  77.747 0.0000000000
141698  33.170  -36.717  86.786 0.0000000000
55859  36.152  -32.134  84.512 0.0000000000
148792  37.870  -28.899  80.809 0.0000000000
55975  34.584  -32.701  77.408 0.0000000000
58310  32.661  -30.789  71.497 0.0000000000
52727  31.098  -35.956  74.568 0.0000000000
47316  19.096  -38.888  72.367 0.0000000000
153795  20.861  -37.791  69.587 0.0000000000
70880  45.599  -17.023  63.478 0.0000000000
70912  45.502  -17.300  57.357 0.0000000000
49491  15.824  -38.390  76.068 0.0000000000
46123  12.937  -41.237  77.573 0.0000000000
44994  31.477  -41.486  83.611 0.0000000000
48420  29.018  -38.778  78.226 0.0000000000
151793  26.115  -42.149  80.385 0.0000000000
45104  21.282  -40.930  78.282 0.0000000000
65989  40.272  -23.517  67.301 0.0000000000
47063  15.014  -39.954  93.110 0.0000000000
43875  11.629  -41.923  88.542 0.0000000000
72898  49.117  -14.327  69.775 0.0000000000
70749  45.160  -17.104  70.823 0.0000000000
66886  42.719  -21.854  73.587 0.0000000000
64981  47.639  -23.876  73.649 0.0000000000
62197  45.785  -26.979  71.945 0.0000000000
63903  40.354  -24.231  83.281 0.0000000000
61188  40.631  -26.545  76.668 0.0000000000
131507  40.059  -26.937  69.953 0.0000000000
61350  35.674  -27.346  67.743 0.0000000000
50674  26.527  -36.340  72.181 0.0000000000
136354  22.464  -37.970  90.965 0.0000000000
130814  19.673  -37.988  89.834 0.0000000000
49362  20.621  -37.296  92.053 0.0000000000
45958  23.860  -40.732  89.322 0.0000000000
50516  34.125  -37.542  84.126 0.0000000000
52639  34.666  -35.156  82.777 0.0000000000
53734  35.729  -33.052  81.067 0.0000000000
52674  34.214  -34.353  79.475 0.0000000000
53804  32.522  -34.158  76.371 0.0000000000
145424  32.092  -36.491  77.875 0.0000000000
47334  15.848  -40.271  71.065 0.0000000000
47372  17.296  -41.208  69.276 0.0000000000
69848  43.669  -18.048  63.663 0.0000000000
70896  42.463  -17.046  60.270 0.0000000000
69002  39.837  -18.935  60.795 0.0000000000
48405  17.207  -38.612  78.754 0.0000000000
48425  14.233  -38.999  77.072 0.0000000000
48378  15.206  -39.167  80.551 0.0000000000
43964  14.104  -42.462  84.550 0.0000000000
45040  12.941  -42.074  81.227 0.0000000000
42973  11.698  -43.925  81.982 0.0000000000
41925  10.958  -44.097  82.654 0.0000000000
44953  31.770  -41.569  85.615 0.0000000000
43945  29.986  -43.663  84.342 0.0000000000
130623  29.071  -41.976  81.758 0.0000000000
42948  27.546  -43.803  83.033 0.0000000000
149966  20.893  -40.943  83.394 0.0000000000
44015  22.303  -41.984  80.857 0.0000000000
46082  20.582  -40.430  79.775 0.0000000000
141163  18.981  -39.277  76.935 0.0000000000
65987  43.121  -23.053  67.460 0.0000000000
64095  41.834  -24.288  64.161 0.0000000000
64083  44.513  -23.994  65.240 0.0000000000
45932  9.834  -40.697  91.964 0.0000000000
68895  44.042  -19.145  71.880 0.0000000000
153167  45.477  -18.976  73.885 0.0000000000
64956  44.913  -23.891  78.121 0.0000000000
64969  44.644  -24.041  75.349 0.0000000000
63045  45.238  -25.683  75.459 0.0000000000
63067  48.016  -25.788  73.287 0.0000000000
60274  45.839  -27.808  75.499 0.0000000000
59263  36.826  -29.250  77.417 0.0000000000
62122  38.244  -26.227  78.301 0.0000000000
62152  37.790  -26.174  75.283 0.0000000000
138490  40.584  -27.132  73.175 0.0000000000
61250  37.261  -26.275  72.079 0.0000000000
131107  37.730  -26.976  69.118 0.0000000000
61286  35.690  -27.345  71.113 0.0000000000
59371  31.665  -29.818  68.125 0.0000000000
137012  26.626  -39.132  76.751 0.0000000000
49530  28.427  -37.421  75.036 0.0000000000
49552  25.178  -37.701  73.703 0.0000000000
51819  22.659  -36.216  68.111 0.0000000000
73057  52.551  -14.838  57.115 0.0000000000
152780  49.899  -15.445  58.328 0.0000000000
47128  20.342  -39.482  85.501 0.0000000000
48348  17.051  -38.741  83.606 0.0000000000
48319  18.463  -38.413  86.827 0.0000000000
137949  16.658  -40.130  88.289 0.0000000000
44929  15.644  -42.015  88.632 0.0000000000
42860  26.043  -43.970  88.106 0.0000000000
42904  25.099  -43.855  85.226 0.0000000000
43903  23.982  -42.216  87.113 0.0000000000
44942  22.489  -41.394  86.646 0.0000000000
69699  46.126  -18.393  76.112 0.0000000000
64938  42.554  -23.110  79.888 0.0000000000
132617  38.196  -30.893  82.904 0.0000000000
57045  36.561  -30.879  78.912 0.0000000000
58258  35.214  -30.300  75.492 0.0000000000
59327  34.274  -29.266  72.239 0.0000000000
57121  33.752  -31.553  74.463 0.0000000000
54923  31.759  -32.934  72.859 0.0000000000
53860  30.375  -34.644  71.190 0.0000000000
47294  21.164  -39.808  74.043 0.0000000000
49573  22.800  -38.370  72.538 0.0000000000
48528  20.407  -38.944  71.437 0.0000000000
72999  48.368  -14.860  62.906 0.0000000000
73028  48.383  -15.409  59.277 0.0000000000
73019  44.955  -15.062  60.288 0.0000000000
46066  13.964  -40.956  80.745 0.0000000000
48323  33.550  -39.599  85.446 0.0000000000
48367  32.528  -38.735  81.943 0.0000000000
48402  31.603  -38.007  79.345 0.0000000000
47182  30.602  -39.722  80.794 0.0000000000
46097  27.835  -40.601  79.687 0.0000000000
46117  24.943  -40.704  78.141 0.0000000000
42971  24.628  -43.143  81.807 0.0000000000
44044  23.398  -42.092  79.293 0.0000000000
46139  22.621  -41.114  76.968 0.0000000000
46182  20.619  -40.026  75.372 0.0000000000
158039  17.665  -38.540  73.723 0.0000000000
68008  39.741  -20.462  66.741 0.0000000000
143575  38.064  -21.982  62.001 0.0000000000
65107  38.794  -23.775  63.885 0.0000000000
45930  16.481  -40.268  91.699 0.0000000000
42837  14.754  -43.079  89.756 0.0000000000
43838  13.323  -42.020  91.766 0.0000000000
42880  12.232  -43.557  86.896 0.0000000000
70819  50.255  -16.410  66.103 0.0000000000
70804  47.619  -16.387  65.823 0.0000000000
71891  45.330  -16.283  66.173 0.0000000000
69807  42.508  -17.489  67.919 0.0000000000
133060  41.353  -20.228  69.662 0.0000000000
65929  40.710  -23.273  70.923 0.0000000000
65928  43.484  -23.529  70.583 0.0000000000
66853  45.298  -21.439  75.217 0.0000000000
142815  44.350  -24.452  72.899 0.0000000000
66928  46.972  -21.669  70.889 0.0000000000
65001  48.891  -22.566  71.117 0.0000000000
64014  48.216  -24.386  70.476 0.0000000000
62081  41.790  -24.831  79.574 0.0000000000
62097  38.163  -25.996  81.713 0.0000000000
61156  40.534  -26.089  79.433 0.0000000000
59261  43.024  -27.738  77.580 0.0000000000
60291  42.750  -27.752  74.081 0.0000000000
132685  42.912  -26.872  71.166 0.0000000000
60335  33.794  -28.482  69.532 0.0000000000
49504  30.641  -37.072  76.304 0.0000000000
50671  29.488  -35.993  72.428 0.0000000000
52792  27.961  -35.106  69.416 0.0000000000
50693  24.080  -36.797  70.906 0.0000000000
51816  25.317  -35.371  69.005 0.0000000000
49369  21.190  -37.582  91.116 0.0000000000
50417  21.359  -37.037  92.108 0.0000000000
50535  33.576  -36.961  82.498 0.0000000000
51627  34.477  -35.791  83.113 0.0000000000
51647  34.237  -35.656  81.607 0.0000000000
158158  34.619  -35.075  81.419 0.0000000000
51653  33.463  -36.055  80.298 0.0000000000
51666  33.041  -35.616  78.869 0.0000000000
50557  32.664  -36.869  79.469 0.0000000000
153281  42.733  -18.074  64.365 0.0000000000
69867  41.751  -18.484  62.431 0.0000000000
68984  41.072  -18.856  62.966 0.0000000000
47196  18.107  -38.894  80.036 0.0000000000
48389  16.184  -38.662  79.386 0.0000000000
47171  17.745  -39.039  81.581 0.0000000000
42919  13.695  -43.673  85.218 0.0000000000
42953  13.190  -43.158  83.773 0.0000000000
42937  12.257  -44.055  83.709 0.0000000000
41923  11.341  -44.103  82.555 0.0000000000
41912  11.946  -44.248  84.069 0.0000000000
43901  27.812  -43.882  87.936 0.0000000000
42872  29.196  -44.190  87.048 0.0000000000
140025  30.546  -43.403  85.786 0.0000000000
42914  29.131  -44.319  84.991 0.0000000000
141730  28.891  -43.721  83.714 0.0000000000
150200  27.779  -44.177  84.487 0.0000000000
46037  20.226  -40.358  82.295 0.0000000000
45023  20.767  -40.804  81.839 0.0000000000
46051  19.622  -39.826  80.925 0.0000000000
47195  19.008  -39.369  79.596 0.0000000000
65986  44.814  -22.000  67.293 0.0000000000
66024  44.358  -22.834  66.029 0.0000000000
66022  46.032  -22.699  66.299 0.0000000000
72834  46.659  -16.226  73.856 0.0000000000
69751  45.758  -17.628  73.483 0.0000000000
69717  46.191  -17.871  74.849 0.0000000000
63959  44.660  -25.059  78.107 0.0000000000
63033  45.165  -24.739  76.868 0.0000000000
62140  44.624  -25.727  76.620 0.0000000000
61212  46.105  -27.031  75.408 0.0000000000
60238  44.640  -27.014  76.908 0.0000000000
131545  36.660  -28.709  75.970 0.0000000000
140547  37.083  -27.888  76.177 0.0000000000
61216  36.868  -27.333  74.951 0.0000000000
62175  37.415  -26.059  73.564 0.0000000000
61251  36.251  -26.824  72.633 0.0000000000
61267  36.415  -26.714  71.836 0.0000000000
60307  35.716  -27.615  73.042 0.0000000000
47260  24.939  -39.468  76.265 0.0000000000
48476  25.870  -38.385  75.213 0.0000000000
135354  25.040  -38.558  75.099 0.0000000000
73025  51.579  -15.062  59.248 0.0000000000
73014  51.330  -15.229  60.173 0.0000000000
47112  21.249  -39.599  86.859 0.0000000000
48318  19.592  -38.533  86.070 0.0000000000
49402  20.415  -38.333  87.929 0.0000000000
48288  18.756  -38.354  90.133 0.0000000000
48297  17.898  -38.681  88.603 0.0000000000
47103  16.742  -40.063  88.976 0.0000000000
44943  15.859  -41.420  88.347 0.0000000000
134300  16.423  -40.698  89.310 0.0000000000
43870  24.859  -43.012  89.163 0.0000000000
152283  25.113  -43.162  88.326 0.0000000000
43872  24.570  -42.484  88.967 0.0000000000
47091  22.798  -39.894  88.824 0.0000000000
44909  23.177  -40.961  87.789 0.0000000000
47111  22.372  -40.481  87.409 0.0000000000
45992  21.368  -40.655  85.751 0.0000000000
54697  34.907  -33.254  85.104 0.0000000000
56925  34.916  -31.629  85.124 0.0000000000
150968  35.046  -30.524  84.798 0.0000000000
156452  36.335  -30.116  84.448 0.0000000000
56975  37.347  -31.549  83.679 0.0000000000
54793  35.356  -32.896  79.364 0.0000000000
55935  36.446  -31.693  80.052 0.0000000000
55973  35.861  -31.897  78.059 0.0000000000
57064  36.135  -31.145  77.642 0.0000000000
57079  35.302  -31.354  76.550 0.0000000000
142542  34.201  -31.343  75.067 0.0000000000
140318  34.281  -31.885  75.744 0.0000000000
53805  32.030  -34.667  75.783 0.0000000000
54894  32.051  -33.605  74.439 0.0000000000
53831  31.588  -34.287  74.066 0.0000000000
144261  30.672  -33.976  71.713 0.0000000000
53847  30.979  -34.948  72.581 0.0000000000
135075  20.292  -39.515  73.690 0.0000000000
47331  20.548  -39.234  72.247 0.0000000000
134515  19.978  -39.250  72.240 0.0000000000
71951  47.324  -15.515  63.275 0.0000000000
131271  46.920  -14.808  61.550 0.0000000000
71975  45.147  -15.689  61.460 0.0000000000
71997  41.813  -16.617  58.122 0.0000000000
49512  15.244  -38.322  74.682 0.0000000000
49513  14.536  -38.708  75.020 0.0000000000
48340  16.256  -39.095  84.310 0.0000000000
48370  15.394  -39.459  82.077 0.0000000000
46052  14.368  -40.624  82.299 0.0000000000
44017  11.864  -43.546  80.184 0.0000000000
133733  12.600  -42.311  80.269 0.0000000000
144906  31.591  -41.744  84.581 0.0000000000
45988  32.985  -41.009  85.804 0.0000000000
46024  32.716  -40.773  83.940 0.0000000000
48343  33.424  -39.588  83.815 0.0000000000
47158  32.055  -40.068  82.688 0.0000000000
47181  31.245  -39.625  81.288 0.0000000000
46048  30.967  -40.920  82.297 0.0000000000
45034  27.655  -42.243  81.081 0.0000000000
46063  28.523  -41.141  80.609 0.0000000000
154909  27.148  -41.675  80.186 0.0000000000
47213  26.397  -40.699  78.838 0.0000000000
45079  25.147  -41.503  79.288 0.0000000000
42918  23.900  -43.575  84.274 0.0000000000
42933  24.745  -43.796  83.283 0.0000000000
43975  23.420  -43.111  82.588 0.0000000000
45059  21.462  -41.248  79.076 0.0000000000
44033  23.025  -42.303  79.820 0.0000000000
45083  22.459  -41.730  78.742 0.0000000000
45102  22.600  -41.552  78.101 0.0000000000
45117  21.745  -41.120  77.188 0.0000000000
46164  21.053  -40.406  75.859 0.0000000000
46142  21.093  -40.569  76.704 0.0000000000
48440  17.381  -38.639  76.596 0.0000000000
48458  18.653  -38.930  75.458 0.0000000000
49510  16.848  -38.438  74.976 0.0000000000
66987  39.021  -21.632  66.889 0.0000000000
67013  38.664  -21.959  65.586 0.0000000000
66038  39.343  -23.425  65.315 0.0000000000
63159  41.791  -25.721  63.185 0.0000000000
45923  15.692  -40.358  92.376 0.0000000000
43848  15.774  -41.321  90.763 0.0000000000
44875  15.025  -41.123  91.903 0.0000000000
44876  11.719  -41.507  92.070 0.0000000000
42829  12.584  -42.365  90.639 0.0000000000
42851  12.936  -43.029  88.921 0.0000000000
43891  12.186  -42.590  88.026 0.0000000000
42909  11.446  -43.456  85.600 0.0000000000
145720  10.870  -42.065  86.424 0.0000000000
70817  51.466  -16.292  65.920 0.0000000000
71859  49.838  -15.972  67.901 0.0000000000
138502  48.222  -15.601  67.553 0.0000000000
71890  46.306  -16.395  66.153 0.0000000000
71861  47.104  -15.355  67.449 0.0000000000
72900  45.405  -15.247  69.981 0.0000000000
71845  44.390  -16.206  68.858 0.0000000000
70765  44.306  -17.066  69.603 0.0000000000
68920  42.158  -18.719  68.721 0.0000000000
69783  43.606  -18.555  70.368 0.0000000000
157457  42.958  -20.817  72.794 0.0000000000
67965  41.887  -21.152  71.782 0.0000000000
66907  41.391  -22.263  72.358 0.0000000000
65019  41.367  -23.738  70.907 0.0000000000
64994  42.179  -24.279  72.814 0.0000000000
68821  45.344  -19.760  77.298 0.0000000000
67905  45.932  -20.055  75.527 0.0000000000
66844  45.455  -21.521  75.689 0.0000000000
63989  45.784  -25.086  74.075 0.0000000000
63982  44.433  -25.089  74.097 0.0000000000
155354  46.440  -23.916  73.161 0.0000000000
65900  45.973  -23.091  72.069 0.0000000000
65911  47.751  -22.323  72.308 0.0000000000
133940  48.638  -21.685  71.214 0.0000000000
66884  48.304  -22.567  72.432 0.0000000000
62184  47.371  -26.450  72.833 0.0000000000
63073  47.944  -25.413  71.749 0.0000000000
62195  47.095  -25.946  71.515 0.0000000000
61277  45.013  -26.811  71.206 0.0000000000
62979  40.182  -24.447  82.280 0.0000000000
60142  38.297  -28.797  83.374 0.0000000000
141021  38.065  -26.863  83.428 0.0000000000
147673  38.111  -27.780  81.927 0.0000000000
62130  39.270  -26.008  77.731 0.0000000000
62114  39.332  -25.972  79.124 0.0000000000
61169  40.659  -26.445  77.802 0.0000000000
147964  41.731  -26.911  78.246 0.0000000000
60244  41.796  -27.055  77.085 0.0000000000
60260  43.416  -27.921  75.677 0.0000000000
149740  41.915  -27.533  75.092 0.0000000000
133954  39.934  -26.927  71.817 0.0000000000
152854  41.526  -27.010  71.730 0.0000000000
61263  41.166  -26.921  70.748 0.0000000000
61280  42.589  -26.748  70.184 0.0000000000
61301  41.195  -27.109  69.080 0.0000000000
61302  40.234  -27.110  69.134 0.0000000000
61330  37.118  -27.073  68.597 0.0000000000
149583  38.428  -27.333  67.384 0.0000000000
58309  33.255  -30.341  71.921 0.0000000000
59332  34.055  -28.934  71.299 0.0000000000
59341  32.774  -29.799  70.307 0.0000000000
60362  32.406  -28.693  66.926 0.0000000000
48418  30.486  -38.124  78.236 0.0000000000
49486  31.014  -37.393  77.107 0.0000000000
48435  29.872  -37.951  77.328 0.0000000000
144910  27.589  -36.935  73.900 0.0000000000
50635  29.218  -36.582  73.697 0.0000000000
50672  28.713  -36.150  72.470 0.0000000000
51769  28.588  -35.548  70.940 0.0000000000
51752  27.759  -35.701  71.225 0.0000000000
140361  22.206  -38.080  71.326 0.0000000000
49588  23.495  -37.427  71.516 0.0000000000
50695  22.509  -37.318  70.201 0.0000000000
52811  23.932  -35.349  67.956 0.0000000000
52828  26.358  -34.603  67.716 0.0000000000
71994  46.619  -15.846  58.063 0.0000000000
71992  48.034  -16.224  58.067 0.0000000000
136439  37.642  -22.207  60.424 0.0000000000
48280  22.415  -39.122  89.396 0.0000000000
49382  20.565  -38.035  89.210 0.0000000000
154939  21.045  -37.829  90.434 0.0000000000
138863  20.196  -37.774  90.944 0.0000000000
49370  19.468  -38.193  91.519 0.0000000000
47086  23.154  -39.398  90.030 0.0000000000
51595  33.880  -36.754  85.389 0.0000000000
52600  33.619  -35.141  85.594 0.0000000000
51603  34.656  -35.965  84.443 0.0000000000
53686  35.342  -34.533  84.287 0.0000000000
53700  35.790  -34.051  83.266 0.0000000000
54717  37.040  -32.872  82.935 0.0000000000
53723  35.272  -34.146  82.068 0.0000000000
53746  35.076  -33.711  80.044 0.0000000000
54812  34.456  -33.400  78.540 0.0000000000
54854  33.905  -33.185  77.080 0.0000000000
53770  33.484  -33.887  77.647 0.0000000000
53788  32.237  -35.020  76.563 0.0000000000
52716  31.491  -36.134  76.192 0.0000000000
48529  17.364  -38.898  71.285 0.0000000000
144282  17.531  -39.692  70.270 0.0000000000
47352  16.261  -40.928  70.450 0.0000000000
70864  44.818  -17.635  63.284 0.0000000000
71968  43.953  -17.036  61.570 0.0000000000
135472  42.985  -17.839  61.605 0.0000000000
70892  41.504  -17.879  60.743 0.0000000000
48422  17.001  -38.583  77.419 0.0000000000
48442  15.153  -38.528  76.706 0.0000000000
48406  16.039  -38.521  78.587 0.0000000000
47232  14.251  -39.276  78.147 0.0000000000
148861  14.074  -39.769  78.779 0.0000000000
153393  14.644  -41.425  84.432 0.0000000000
45011  14.062  -41.523  83.398 0.0000000000
44999  13.857  -42.216  83.814 0.0000000000
43999  12.576  -42.814  81.791 0.0000000000
41938  10.888  -44.367  81.197 0.0000000000
43943  30.995  -42.993  84.751 0.0000000000
44995  30.630  -42.463  83.600 0.0000000000
45006  30.368  -42.058  82.778 0.0000000000
43972  29.191  -42.987  82.854 0.0000000000
43990  28.140  -43.051  82.150 0.0000000000
141588  26.658  -43.010  81.544 0.0000000000
44996  21.706  -42.017  83.558 0.0000000000
43977  22.176  -42.249  82.303 0.0000000000
45008  21.705  -41.933  82.669 0.0000000000
45037  21.273  -41.061  80.539 0.0000000000
135901  20.834  -40.614  78.946 0.0000000000
46121  20.707  -40.421  78.043 0.0000000000
47214  19.477  -39.595  78.395 0.0000000000
47215  18.426  -39.059  78.300 0.0000000000
151766  41.322  -23.530  67.440 0.0000000000
66027  41.294  -23.330  65.623 0.0000000000
66026  42.370  -23.255  65.565 0.0000000000
65090  43.001  -23.940  64.640 0.0000000000
45925  11.522  -40.732  93.413 0.0000000000
44896  11.137  -41.523  90.136 0.0000000000
45983  9.876  -41.469  87.701 0.0000000000
45961  9.636  -40.999  89.199 0.0000000000
70748  45.563  -16.950  71.655 0.0000000000
69776  44.474  -18.478  71.483 0.0000000000
69774  45.430  -17.549  72.336 0.0000000000
68885  44.775  -19.026  73.110 0.0000000000
67955  44.481  -20.011  73.524 0.0000000000
148923  45.169  -22.701  77.673 0.0000000000
141411  45.330  -22.417  76.734 0.0000000000
64961  45.236  -24.063  76.728 0.0000000000
63973  45.146  -25.468  75.151 0.0000000000
63979  47.114  -25.052  74.060 0.0000000000
63987  48.071  -24.330  73.740 0.0000000000
63052  47.156  -25.777  74.445 0.0000000000
147191  47.231  -26.919  74.541 0.0000000000
61243  46.319  -27.515  73.668 0.0000000000
146045  37.369  -28.774  78.667 0.0000000000
60195  37.643  -27.798  79.561 0.0000000000
59262  37.336  -28.111  78.107 0.0000000000
61190  37.946  -26.356  76.892 0.0000000000
61201  39.514  -26.213  75.567 0.0000000000
133217  40.544  -26.886  75.149 0.0000000000
62161  38.866  -26.231  73.946 0.0000000000
62173  39.097  -26.496  73.006 0.0000000000
61283  38.628  -26.756  70.601 0.0000000000
61303  39.273  -26.948  69.650 0.0000000000
61284  37.770  -26.733  70.348 0.0000000000
61305  36.586  -27.015  69.799 0.0000000000
61306  35.781  -27.244  69.637 0.0000000000
57201  31.735  -31.029  70.198 0.0000000000
58333  32.107  -30.243  69.850 0.0000000000
57245  30.868  -31.160  68.919 0.0000000000
58360  30.325  -30.535  67.301 0.0000000000
58377  29.947  -29.969  65.479 0.0000000000
48421  27.762  -39.049  77.670 0.0000000000
49489  28.774  -38.107  76.554 0.0000000000
49508  27.529  -38.133  75.759 0.0000000000
49550  26.999  -37.432  74.486 0.0000000000
50653  26.202  -36.788  72.833 0.0000000000
50716  22.149  -36.748  68.540 0.0000000000
50726  21.289  -37.289  67.011 0.0000000000
150794  52.764  -14.642  58.786 0.0000000000
73038  51.491  -15.000  58.228 0.0000000000
156915  49.504  -16.263  56.920 0.0000000000
47149  19.770  -39.798  83.352 0.0000000000
48358  18.045  -39.069  82.984 0.0000000000
48337  19.208  -38.820  84.654 0.0000000000
48329  17.358  -38.735  85.326 0.0000000000
48321  16.753  -39.218  85.982 0.0000000000
49384  18.735  -38.212  88.337 0.0000000000
48309  17.464  -38.934  87.266 0.0000000000
46004  15.834  -40.328  86.054 0.0000000000
44972  15.342  -41.094  86.016 0.0000000000
43921  14.786  -42.690  86.599 0.0000000000
42892  14.424  -43.524  86.419 0.0000000000
136561  27.023  -44.326  87.396 0.0000000000
42902  26.913  -44.290  85.921 0.0000000000
42889  26.073  -43.877  87.014 0.0000000000
158359  25.034  -43.184  86.383 0.0000000000
43932  23.442  -43.002  85.802 0.0000000000
44926  23.833  -41.341  87.802 0.0000000000
43904  23.209  -42.112  86.768 0.0000000000
43919  22.471  -42.268  85.492 0.0000000000
44984  21.497  -41.345  84.765 0.0000000000
146234  20.605  -40.376  84.518 0.0000000000
66982  48.499  -21.843  67.139 0.0000000000
65067  47.705  -23.098  66.233 0.0000000000
65065  49.396  -23.493  66.606 0.0000000000
70662  46.320  -17.353  75.872 0.0000000000
67883  44.552  -20.802  78.542 0.0000000000
140170  44.437  -22.003  78.742 0.0000000000
64950  43.716  -23.418  79.098 0.0000000000
137263  44.971  -24.886  79.157 0.0000000000
59176  37.699  -29.698  84.159 0.0000000000
135720  37.607  -30.068  81.920 0.0000000000
55902  37.296  -31.678  82.110 0.0000000000
57015  37.136  -31.050  80.893 0.0000000000
58200  37.111  -29.888  79.746 0.0000000000
58212  36.767  -29.751  78.114 0.0000000000
58246  36.506  -29.512  76.699 0.0000000000
131004  35.312  -29.129  74.684 0.0000000000
130953  35.058  -28.696  73.259 0.0000000000
58270  34.990  -29.887  74.734 0.0000000000
57144  33.838  -30.872  73.569 0.0000000000
57166  33.157  -31.300  73.022 0.0000000000
56019  33.246  -32.810  75.497 0.0000000000
56053  32.905  -32.314  73.990 0.0000000000
56076  31.989  -31.948  71.872 0.0000000000
56077  31.424  -32.264  71.271 0.0000000000
54944  30.137  -33.563  70.208 0.0000000000
53882  29.521  -34.251  69.369 0.0000000000
47292  22.620  -39.484  74.505 0.0000000000
156086  22.957  -38.998  74.019 0.0000000000
48499  22.367  -39.222  73.739 0.0000000000
48527  21.089  -38.828  71.739 0.0000000000
49607  20.279  -38.351  69.920 0.0000000000
47349  18.411  -39.554  69.745 0.0000000000
48553  18.944  -39.174  69.291 0.0000000000
72997  50.214  -15.325  62.293 0.0000000000
73016  49.296  -15.379  60.231 0.0000000000
131272  48.033  -14.601  61.123 0.0000000000
73030  46.853  -14.757  59.497 0.0000000000
73060  44.897  -15.426  57.859 0.0000000000
71984  43.497  -15.798  59.547 0.0000000000
72007  43.262  -15.802  58.097 0.0000000000
48369  16.053  -39.166  81.653 0.0000000000
47184  14.667  -39.663  80.894 0.0000000000
46101  13.667  -40.613  79.070 0.0000000000
151203  13.551  -41.393  81.168 0.0000000000
45061  12.780  -41.939  79.722 0.0000000000
49395  33.965  -38.357  86.121 0.0000000000
49410  34.017  -38.174  84.883 0.0000000000
133820  33.121  -38.342  82.736 0.0000000000
49431  33.061  -37.666  81.619 0.0000000000
49448  32.498  -37.600  80.219 0.0000000000
47179  32.018  -38.631  80.827 0.0000000000
139644  30.773  -39.046  80.181 0.0000000000
47209  29.746  -39.075  79.323 0.0000000000
45031  29.608  -41.286  81.496 0.0000000000
46078  28.948  -40.438  80.297 0.0000000000
47210  28.871  -39.346  79.062 0.0000000000
47227  27.375  -39.657  78.215 0.0000000000
47229  25.552  -40.194  77.660 0.0000000000
47246  24.454  -40.029  76.694 0.0000000000
133558  26.233  -44.129  84.187 0.0000000000
42969  25.948  -43.643  82.450 0.0000000000
43993  25.078  -42.933  81.334 0.0000000000
138763  23.309  -42.837  81.896 0.0000000000
44012  24.085  -42.465  80.275 0.0000000000
131355  24.667  -42.330  80.259 0.0000000000
45080  24.335  -41.721  79.111 0.0000000000
46119  23.392  -41.139  77.462 0.0000000000
47263  22.680  -40.383  75.844 0.0000000000
46180  21.470  -40.351  75.261 0.0000000000
46203  20.639  -39.800  74.397 0.0000000000
47296  20.185  -39.565  74.243 0.0000000000
157940  20.172  -39.788  76.453 0.0000000000
47265  19.471  -39.344  75.169 0.0000000000
48500  18.884  -38.863  73.179 0.0000000000
48518  17.099  -38.560  72.063 0.0000000000
68950  40.474  -19.531  65.234 0.0000000000
68041  39.760  -19.928  63.978 0.0000000000
68030  39.152  -20.735  64.385 0.0000000000
65105  40.899  -24.105  64.082 0.0000000000
64112  39.753  -25.240  62.885 0.0000000000
64082  46.332  -23.884  65.849 0.0000000000
141692  20.132  -36.845  93.103 0.0000000000
49355  19.338  -37.916  93.019 0.0000000000
48268  18.186  -38.747  91.982 0.0000000000
47074  17.392  -39.177  92.254 0.0000000000
45937  16.899  -40.047  91.111 0.0000000000
143718  16.189  -41.070  90.123 0.0000000000
42848  15.313  -42.909  88.989 0.0000000000
41883  13.808  -44.287  87.131 0.0000000000
44865  14.412  -41.048  92.360 0.0000000000
42826  13.949  -42.890  90.508 0.0000000000
41877  13.420  -43.850  88.033 0.0000000000
145134  12.544  -44.194  86.249 0.0000000000
41906  11.573  -44.021  84.541 0.0000000000
70860  51.899  -15.855  63.366 0.0000000000
71929  51.100  -15.714  63.835 0.0000000000
71911  49.787  -15.969  65.107 0.0000000000
71913  47.822  -16.258  64.742 0.0000000000
71857  50.457  -16.049  67.739 0.0000000000
70803  49.466  -16.435  66.387 0.0000000000
70843  46.103  -16.919  64.446 0.0000000000
70824  45.520  -17.203  64.622 0.0000000000
69821  44.710  -17.451  64.573 0.0000000000
70809  43.149  -17.278  65.253 0.0000000000
72944  45.148  -15.284  67.462 0.0000000000
71880  43.605  -16.270  66.699 0.0000000000
69815  42.056  -17.783  66.382 0.0000000000
68929  41.278  -19.116  67.424 0.0000000000
68001  40.733  -19.807  67.945 0.0000000000
66952  39.718  -22.106  68.793 0.0000000000
68904  43.161  -19.282  70.699 0.0000000000
67975  40.511  -21.619  70.063 0.0000000000
65946  40.102  -23.188  69.074 0.0000000000
65944  41.767  -23.695  69.152 0.0000000000
65962  43.930  -22.667  68.766 0.0000000000
156079  45.496  -21.741  68.629 0.0000000000
69718  46.175  -18.501  75.398 0.0000000000
67930  45.503  -20.658  74.788 0.0000000000
66868  44.273  -21.717  74.500 0.0000000000
143759  45.051  -22.563  75.604 0.0000000000
65886  44.099  -23.477  74.814 0.0000000000
65901  42.338  -23.637  73.947 0.0000000000
65004  44.022  -23.667  71.364 0.0000000000
65926  45.380  -22.430  70.726 0.0000000000
144924  47.422  -21.113  68.804 0.0000000000
67981  49.228  -21.202  69.268 0.0000000000
66947  50.574  -22.009  69.435 0.0000000000
64003  48.706  -24.094  72.253 0.0000000000
64013  48.806  -23.870  71.219 0.0000000000
63930  42.102  -24.063  79.638 0.0000000000
154280  43.610  -25.218  79.210 0.0000000000
63932  38.549  -24.660  82.294 0.0000000000
137614  38.004  -26.621  80.504 0.0000000000
63011  39.103  -25.379  81.016 0.0000000000
62995  39.997  -25.144  81.913 0.0000000000
61129  41.053  -25.293  80.016 0.0000000000
60176  42.852  -26.622  78.586 0.0000000000
60209  44.137  -27.157  78.533 0.0000000000
60241  44.453  -28.004  76.806 0.0000000000
60276  44.464  -28.079  74.630 0.0000000000
60304  44.384  -27.716  73.040 0.0000000000
61230  41.280  -27.386  73.706 0.0000000000
60306  42.963  -27.511  73.058 0.0000000000
61260  44.446  -27.116  71.685 0.0000000000
61278  44.057  -26.782  70.739 0.0000000000
61329  39.473  -27.110  68.652 0.0000000000
60360  40.163  -27.688  67.003 0.0000000000
60316  34.647  -28.485  71.760 0.0000000000
60322  34.461  -28.100  69.977 0.0000000000
150005  34.813  -27.730  68.724 0.0000000000
59370  32.332  -29.349  68.499 0.0000000000
60350  33.546  -28.337  68.096 0.0000000000
49470  31.798  -37.233  78.256 0.0000000000
147105  31.365  -36.822  76.792 0.0000000000
51714  30.767  -36.360  75.071 0.0000000000
49528  29.708  -37.202  75.573 0.0000000000
133349  30.139  -36.518  74.528 0.0000000000
51735  30.394  -36.117  73.237 0.0000000000
51749  30.001  -35.767  72.162 0.0000000000
52790  29.337  -35.085  69.893 0.0000000000
53891  28.529  -34.398  68.506 0.0000000000
49553  24.236  -38.115  73.715 0.0000000000
50655  24.673  -37.251  72.354 0.0000000000
51754  25.839  -36.274  71.510 0.0000000000
51799  23.443  -36.345  69.417 0.0000000000
51773  24.670  -36.172  70.274 0.0000000000
51771  26.270  -35.769  70.689 0.0000000000
51814  27.173  -35.160  69.303 0.0000000000
52827  27.218  -34.549  67.961 0.0000000000
73040  49.205  -15.545  58.855 0.0000000000
72002  48.272  -16.871  57.367 0.0000000000
72018  48.703  -17.543  56.718 0.0000000000
68074  38.970  -20.230  61.677 0.0000000000
50542  33.401  -37.003  81.848 0.0000000000
50541  33.878  -36.279  82.093 0.0000000000
50548  33.636  -36.398  81.426 0.0000000000
51652  33.823  -35.881  80.950 0.0000000000
50567  33.058  -36.225  79.555 0.0000000000
50556  33.011  -36.707  80.140 0.0000000000
69835  41.905  -18.528  64.069 0.0000000000
69850  41.890  -18.596  63.244 0.0000000000
68971  41.137  -18.899  63.798 0.0000000000
47170  18.652  -39.322  81.303 0.0000000000
47183  17.735  -38.964  80.888 0.0000000000
42936  12.861  -43.728  84.115 0.0000000000
42920  13.156  -44.009  84.811 0.0000000000
41904  12.482  -44.184  84.448 0.0000000000
132940  12.697  -44.238  85.188 0.0000000000
42873  28.289  -44.270  87.339 0.0000000000
42886  28.550  -44.594  86.559 0.0000000000
42885  29.386  -44.390  86.304 0.0000000000
42900  28.794  -44.603  85.728 0.0000000000
145265  28.266  -44.421  85.085 0.0000000000
42915  27.412  -44.315  85.092 0.0000000000
46028  19.649  -39.882  82.738 0.0000000000
46038  19.419  -39.751  81.897 0.0000000000
141935  18.904  -39.343  80.443 0.0000000000
66985  45.760  -21.757  67.465 0.0000000000
149174  45.614  -22.112  66.683 0.0000000000
66007  46.600  -22.286  66.618 0.0000000000
70699  46.159  -17.302  74.248 0.0000000000
140234  46.355  -16.971  75.267 0.0000000000
63025  44.284  -25.234  78.586 0.0000000000
63028  44.769  -25.349  77.860 0.0000000000
62127  44.535  -25.985  77.578 0.0000000000
60223  44.556  -26.483  76.767 0.0000000000
60224  44.484  -26.619  77.224 0.0000000000
59292  36.280  -28.207  75.312 0.0000000000
60264  36.846  -27.862  75.574 0.0000000000
60280  36.254  -27.609  74.440 0.0000000000
61234  36.259  -27.160  73.553 0.0000000000
48457  24.584  -39.144  75.606 0.0000000000
48477  24.242  -38.817  74.933 0.0000000000
71964  52.011  -15.256  60.900 0.0000000000
73006  51.153  -15.339  61.003 0.0000000000
48296  21.239  -38.940  87.624 0.0000000000
48306  20.510  -38.642  87.180 0.0000000000
48282  17.959  -38.997  90.757 0.0000000000
153002  17.788  -38.766  90.033 0.0000000000
47093  16.684  -40.065  89.796 0.0000000000
45949  16.762  -40.111  90.538 0.0000000000
44891  24.780  -42.339  89.599 0.0000000000
43871  24.591  -42.956  89.046 0.0000000000
44906  24.433  -42.384  89.444 0.0000000000
147621  22.254  -39.435  88.698 0.0000000000
47100  22.428  -40.068  88.136 0.0000000000
47101  21.930  -39.761  87.493 0.0000000000
54696  35.446  -32.690  84.709 0.0000000000
55839  34.939  -32.412  85.130 0.0000000000
55849  35.419  -31.854  84.816 0.0000000000
58104  34.818  -30.859  85.177 0.0000000000
56958  35.995  -31.319  84.645 0.0000000000
140620  36.729  -31.653  84.296 0.0000000000
55956  35.376  -32.540  78.518 0.0000000000
55955  35.871  -32.071  78.878 0.0000000000
55974  35.247  -32.294  77.748 0.0000000000
57065  35.632  -31.624  77.304 0.0000000000
55996  35.021  -32.072  76.942 0.0000000000
57080  34.761  -31.786  76.288 0.0000000000
55997  34.272  -32.435  76.514 0.0000000000
53818  31.602  -35.261  75.059 0.0000000000
156966  31.635  -34.747  74.578 0.0000000000
53819  31.360  -35.226  74.214 0.0000000000
53832  31.196  -35.014  73.396 0.0000000000
52748  30.727  -35.667  72.916 0.0000000000
47315  19.840  -39.263  72.777 0.0000000000
47314  20.390  -39.445  73.060 0.0000000000
71952  46.288  -16.267  63.231 0.0000000000
71965  46.151  -15.638  62.358 0.0000000000
71953  45.604  -16.522  62.826 0.0000000000
49511  15.931  -38.281  75.275 0.0000000000
49492  15.113  -38.435  75.638 0.0000000000
47138  15.501  -39.680  84.018 0.0000000000
47150  15.035  -40.215  83.412 0.0000000000
44036  11.846  -43.388  79.171 0.0000000000
140088  31.638  -41.699  84.080 0.0000000000
46013  32.140  -41.158  84.333 0.0000000000
46025  31.996  -41.040  83.850 0.0000000000
46035  32.318  -40.425  83.496 0.0000000000
46036  31.776  -40.839  83.212 0.0000000000
46047  31.544  -40.646  82.615 0.0000000000
45004  31.309  -41.270  82.915 0.0000000000
45035  26.956  -42.093  80.553 0.0000000000
45055  26.579  -41.666  79.929 0.0000000000
45056  25.663  -41.805  79.887 0.0000000000
147366  23.298  -43.223  84.208 0.0000000000
43961  23.516  -43.313  83.478 0.0000000000
45058  22.093  -41.706  79.224 0.0000000000
45084  21.789  -41.404  78.472 0.0000000000
45103  22.028  -41.398  77.912 0.0000000000
144780  21.571  -41.117  77.714 0.0000000000
45118  21.438  -40.900  77.114 0.0000000000
46120  21.146  -40.709  77.488 0.0000000000
48460  16.658  -38.456  75.901 0.0000000000
49535  16.069  -38.213  74.327 0.0000000000
65990  39.179  -22.605  67.478 0.0000000000
65991  38.883  -22.685  66.861 0.0000000000
157463  39.503  -23.362  66.921 0.0000000000
47068  15.950  -39.942  92.558 0.0000000000
45914  15.334  -40.177  92.729 0.0000000000
44863  15.486  -40.650  92.223 0.0000000000
45924  15.242  -40.450  92.566 0.0000000000
43862  11.817  -41.953  89.478 0.0000000000
43851  12.221  -41.966  91.313 0.0000000000
43861  12.113  -42.097  90.348 0.0000000000
43874  12.330  -42.482  88.903 0.0000000000
43908  11.338  -42.327  86.955 0.0000000000
43892  11.492  -42.061  87.629 0.0000000000
141013  52.093  -15.008  66.241 0.0000000000
74010  51.350  -14.162  66.995 0.0000000000
72897  49.895  -14.601  69.775 0.0000000000
72911  49.671  -15.074  68.991 0.0000000000
72912  48.926  -14.872  68.836 0.0000000000
72913  48.026  -14.602  68.540 0.0000000000
147908  45.192  -16.338  70.047 0.0000000000
71844  44.766  -16.479  69.564 0.0000000000
70764  44.878  -16.985  70.068 0.0000000000
69790  43.934  -17.836  70.053 0.0000000000
70750  44.592  -17.517  70.416 0.0000000000
66906  42.168  -21.529  72.706 0.0000000000
66887  41.670  -22.772  73.280 0.0000000000
64995  41.460  -23.918  72.526 0.0000000000
65902  41.581  -23.706  73.166 0.0000000000
67895  45.392  -20.719  76.820 0.0000000000
66838  45.433  -21.553  76.378 0.0000000000
64982  46.556  -24.392  73.643 0.0000000000
63990  45.316  -24.990  73.882 0.0000000000
65899  46.907  -23.078  72.642 0.0000000000
65898  47.822  -22.836  72.939 0.0000000000
64991  48.070  -23.193  73.271 0.0000000000
62185  46.516  -27.072  72.793 0.0000000000
62196  46.563  -26.626  72.029 0.0000000000
62203  45.996  -26.431  71.280 0.0000000000
62961  40.698  -24.399  83.495 0.0000000000
59207  37.886  -29.314  81.639 0.0000000000
60164  38.052  -28.306  81.415 0.0000000000
154461  39.899  -26.118  77.088 0.0000000000
62129  40.048  -26.212  78.008 0.0000000000
147390  40.379  -26.318  77.473 0.0000000000
60229  41.160  -26.692  77.281 0.0000000000
60245  41.399  -26.922  76.561 0.0000000000
60262  41.670  -27.232  75.905 0.0000000000
60263  41.025  -26.933  75.910 0.0000000000
151344  39.961  -26.943  71.133 0.0000000000
61264  40.604  -26.967  71.381 0.0000000000
61281  40.370  -26.938  70.605 0.0000000000
131316  41.637  -26.867  70.011 0.0000000000
131315  40.781  -26.971  69.907 0.0000000000
61331  36.375  -27.197  68.198 0.0000000000
61348  37.222  -27.195  67.651 0.0000000000
61349  36.367  -27.257  67.477 0.0000000000
58320  32.989  -30.056  71.155 0.0000000000
48419  29.827  -38.319  78.029 0.0000000000
49472  30.429  -37.824  77.589 0.0000000000
137858  26.965  -36.469  72.792 0.0000000000
50652  27.837  -36.505  73.121 0.0000000000
50673  27.589  -36.099  72.153 0.0000000000
51753  26.851  -35.894  71.420 0.0000000000
49596  21.975  -37.818  70.659 0.0000000000
49595  22.689  -37.599  71.033 0.0000000000
49605  21.659  -37.481  69.746 0.0000000000
49376  22.204  -38.347  90.285 0.0000000000
49381  21.426  -38.210  89.712 0.0000000000
139535  20.173  -37.719  91.663 0.0000000000
49363  19.630  -37.995  92.353 0.0000000000
48273  23.029  -39.077  90.762 0.0000000000
144546  34.179  -37.341  84.705 0.0000000000
51604  34.210  -36.674  84.871 0.0000000000
51617  34.348  -36.718  84.232 0.0000000000
52616  35.244  -35.388  84.086 0.0000000000
53701  35.454  -34.686  83.667 0.0000000000
52626  35.076  -34.608  83.109 0.0000000000
53714  35.456  -34.097  82.733 0.0000000000
52638  34.862  -34.747  82.389 0.0000000000
52666  34.307  -34.852  80.257 0.0000000000
52658  34.808  -34.499  80.783 0.0000000000
144179  34.681  -34.256  79.995 0.0000000000
53754  34.779  -33.691  79.475 0.0000000000
53769  33.897  -34.003  78.582 0.0000000000
52675  33.565  -34.810  78.983 0.0000000000
51679  32.514  -35.875  78.029 0.0000000000
52705  32.427  -35.402  77.325 0.0000000000
52706  31.898  -35.829  76.695 0.0000000000
51691  32.007  -36.184  77.341 0.0000000000
48530  16.586  -39.105  71.187 0.0000000000
47333  16.865  -39.634  70.580 0.0000000000
69847  44.587  -17.772  63.628 0.0000000000
70883  44.009  -17.718  62.266 0.0000000000
69877  43.340  -18.056  62.294 0.0000000000
69868  40.899  -18.746  62.108 0.0000000000
69879  41.501  -18.240  61.499 0.0000000000
69880  40.605  -18.582  61.249 0.0000000000
69885  39.575  -18.700  59.852 0.0000000000
136665  16.706  -38.571  78.091 0.0000000000
48423  15.841  -38.465  77.681 0.0000000000
48377  16.127  -38.929  80.239 0.0000000000
133182  15.386  -38.718  79.072 0.0000000000
48390  15.247  -38.898  79.785 0.0000000000
157234  14.311  -39.396  78.666 0.0000000000
48391  14.590  -39.424  80.090 0.0000000000
44985  14.525  -42.030  84.873 0.0000000000
44998  14.315  -41.861  84.123 0.0000000000
42954  12.598  -43.506  83.303 0.0000000000
43978  12.947  -42.792  82.869 0.0000000000
42972  12.312  -43.428  82.347 0.0000000000
42985  12.034  -43.630  81.233 0.0000000000
153879  11.549  -44.149  81.210 0.0000000000
147920  11.544  -44.103  80.457 0.0000000000
41924  11.182  -43.984  83.060 0.0000000000
146860  10.968  -44.227  82.159 0.0000000000
156072  10.734  -44.331  81.112 0.0000000000
41939  10.752  -44.200  81.707 0.0000000000
43899  30.233  -42.739  86.486 0.0000000000
43931  30.553  -43.559  85.219 0.0000000000
43944  30.483  -43.442  84.570 0.0000000000
43957  30.860  -42.817  84.195 0.0000000000
43958  30.259  -43.095  83.950 0.0000000000
43971  29.935  -42.729  83.203 0.0000000000
43959  29.481  -43.369  83.652 0.0000000000
42947  28.286  -43.774  83.399 0.0000000000
43973  28.130  -43.493  82.734 0.0000000000
134229  27.324  -43.423  82.265 0.0000000000
144775  21.242  -41.445  83.090 0.0000000000
45009  21.229  -41.366  82.226 0.0000000000
46064  20.347  -40.325  80.562 0.0000000000
45038  20.823  -40.698  81.020 0.0000000000
137480  20.880  -40.657  80.319 0.0000000000
45060  21.169  -40.910  79.743 0.0000000000
46100  20.217  -40.071  78.595 0.0000000000
151644  20.253  -40.179  79.249 0.0000000000
136660  18.229  -38.902  79.207 0.0000000000
152748  19.009  -39.362  78.909 0.0000000000
139446  17.502  -38.756  77.977 0.0000000000
65988  42.304  -23.287  67.059 0.0000000000
66010  42.482  -23.156  66.228 0.0000000000
149041  43.302  -22.984  66.580 0.0000000000
65077  44.818  -23.219  65.724 0.0000000000
65078  43.924  -23.326  65.537 0.0000000000
64084  43.666  -23.934  64.935 0.0000000000
64093  43.455  -24.695  64.416 0.0000000000
64092  44.257  -24.784  64.701 0.0000000000
44868  10.813  -40.954  92.441 0.0000000000
44877  10.700  -41.072  91.598 0.0000000000
44885  10.403  -41.026  90.710 0.0000000000
45951  10.050  -40.988  89.854 0.0000000000
153358  9.160  -40.851  89.618 0.0000000000
69764  45.788  -17.226  72.942 0.0000000000
158146  45.512  -18.281  73.542 0.0000000000
68884  45.222  -18.623  73.373 0.0000000000
136308  45.075  -19.452  73.839 0.0000000000
137112  44.770  -23.397  78.283 0.0000000000
65870  45.258  -23.234  76.971 0.0000000000
131827  45.195  -23.682  77.633 0.0000000000
63039  45.027  -25.035  76.013 0.0000000000
63980  46.101  -25.294  74.322 0.0000000000
63044  46.128  -25.704  74.593 0.0000000000
144510  45.919  -26.093  75.030 0.0000000000
61225  46.800  -27.220  75.088 0.0000000000
61226  46.772  -27.530  74.725 0.0000000000
61227  46.144  -27.838  74.468 0.0000000000
59249  37.104  -29.028  78.118 0.0000000000
60230  37.153  -28.423  77.415 0.0000000000
61202  37.292  -26.970  75.641 0.0000000000
61191  37.451  -27.091  76.523 0.0000000000
62142  37.840  -26.363  76.100 0.0000000000
135290  38.724  -26.038  76.313 0.0000000000
149924  38.478  -26.052  75.665 0.0000000000
62151  38.634  -26.070  74.906 0.0000000000
62187  37.602  -26.037  72.875 0.0000000000
62174  38.185  -25.993  73.359 0.0000000000
62186  38.355  -26.227  72.463 0.0000000000
61249  39.211  -26.657  72.137 0.0000000000
61266  38.462  -26.461  71.574 0.0000000000
130670  37.664  -26.542  71.065 0.0000000000
141188  36.265  -26.928  71.206 0.0000000000
61285  36.928  -26.748  70.565 0.0000000000
136265  36.066  -27.089  70.460 0.0000000000
57202  31.273  -31.822  70.469 0.0000000000
57224  31.112  -31.443  69.682 0.0000000000
58367  30.100  -30.237  66.434 0.0000000000
48438  27.414  -38.874  76.927 0.0000000000
49490  27.886  -38.360  76.389 0.0000000000
48454  26.973  -38.600  76.198 0.0000000000
49533  25.516  -38.048  74.539 0.0000000000
49532  26.247  -37.910  74.725 0.0000000000
49551  26.092  -37.534  74.069 0.0000000000
50637  25.902  -37.201  73.400 0.0000000000
138355  52.164  -14.872  58.607 0.0000000000
73059  50.571  -15.367  57.593 0.0000000000
72001  49.511  -15.801  57.499 0.0000000000
47136  19.994  -39.576  84.658 0.0000000000
47137  19.360  -39.199  83.897 0.0000000000
134227  18.668  -38.442  85.931 0.0000000000
48328  18.397  -38.535  85.319 0.0000000000
48320  17.628  -38.709  86.228 0.0000000000
49393  19.640  -38.131  88.323 0.0000000000
49383  19.359  -38.036  89.106 0.0000000000
48298  17.298  -39.324  88.267 0.0000000000
47113  16.811  -39.750  87.613 0.0000000000
47120  16.846  -39.380  86.805 0.0000000000
158286  16.344  -40.075  87.164 0.0000000000
45993  15.835  -40.774  86.877 0.0000000000
44958  15.334  -41.865  86.890 0.0000000000
43920  15.132  -42.565  87.416 0.0000000000
146785  14.759  -43.088  87.091 0.0000000000
43885  25.624  -43.418  88.654 0.0000000000
44924  26.502  -42.971  88.723 0.0000000000
137784  26.571  -43.691  88.281 0.0000000000
42859  26.942  -44.206  87.978 0.0000000000
42875  26.389  -44.190  87.579 0.0000000000
42876  25.743  -43.919  87.749 0.0000000000
43902  25.016  -42.414  87.655 0.0000000000
42891  25.064  -42.754  86.907 0.0000000000
152564  24.362  -42.538  86.825 0.0000000000
135656  24.228  -43.046  86.209 0.0000000000
43917  23.606  -42.600  86.466 0.0000000000
45948  23.654  -41.342  90.025 0.0000000000
44894  23.870  -41.533  89.766 0.0000000000
44908  24.081  -40.902  88.676 0.0000000000
44927  22.649  -41.028  87.267 0.0000000000
147955  22.993  -41.560  87.158 0.0000000000
44955  22.751  -41.871  86.537 0.0000000000
43918  22.901  -42.386  86.074 0.0000000000
44956  22.329  -41.753  85.946 0.0000000000
44970  22.029  -41.844  85.167 0.0000000000
44971  21.718  -41.237  85.478 0.0000000000
47127  20.866  -40.252  85.456 0.0000000000
46002  21.111  -40.705  85.054 0.0000000000
46003  20.553  -40.165  85.007 0.0000000000
46015  20.177  -40.042  83.923 0.0000000000
151322  48.568  -22.608  66.634 0.0000000000
66817  44.023  -21.293  79.266 0.0000000000
64945  42.978  -22.379  80.219 0.0000000000
65862  43.326  -22.329  79.863 0.0000000000
64944  43.033  -23.043  79.885 0.0000000000
64949  43.830  -23.938  78.802 0.0000000000
64937  42.791  -23.551  79.373 0.0000000000
53654  33.880  -34.234  85.778 0.0000000000
58136  37.279  -30.262  84.268 0.0000000000
149641  36.546  -29.565  84.459 0.0000000000
58150  38.037  -30.381  83.556 0.0000000000
130778  38.242  -29.973  83.474 0.0000000000
58161  37.809  -30.793  82.235 0.0000000000
54755  36.127  -32.835  81.808 0.0000000000
55887  37.238  -32.255  82.452 0.0000000000
55918  36.434  -32.267  81.180 0.0000000000
55954  36.333  -31.562  79.272 0.0000000000
57016  36.810  -31.315  80.477 0.0000000000
57030  36.688  -31.104  79.698 0.0000000000
57029  36.926  -30.708  80.117 0.0000000000
57044  36.804  -30.388  79.346 0.0000000000
149639  36.719  -30.217  78.664 0.0000000000
57078  35.931  -30.939  76.832 0.0000000000
58230  36.304  -30.371  77.185 0.0000000000
58247  36.063  -30.175  76.431 0.0000000000
59293  36.074  -29.369  75.975 0.0000000000
59306  35.511  -29.608  75.392 0.0000000000
149478  34.139  -30.999  74.338 0.0000000000
155043  33.804  -31.278  74.026 0.0000000000
57145  33.377  -31.624  73.819 0.0000000000
54855  33.172  -33.663  76.779 0.0000000000
54874  33.560  -33.005  76.271 0.0000000000
54875  32.879  -33.458  75.961 0.0000000000
54909  31.864  -33.368  73.721 0.0000000000
56040  32.453  -32.960  74.248 0.0000000000
56054  32.310  -32.614  73.523 0.0000000000
143185  32.260  -32.298  72.936 0.0000000000
56066  32.019  -32.308  72.441 0.0000000000
56067  31.580  -32.674  72.020 0.0000000000
54935  30.405  -33.726  70.973 0.0000000000
53870  30.082  -34.415  70.454 0.0000000000
47293  21.842  -39.681  74.270 0.0000000000
47312  21.609  -39.406  73.464 0.0000000000
48516  21.373  -39.142  72.581 0.0000000000
48539  20.730  -38.547  70.937 0.0000000000
48540  19.977  -38.819  70.702 0.0000000000
47350  17.658  -40.085  69.739 0.0000000000
139840  18.269  -39.371  70.449 0.0000000000
47370  18.443  -39.955  68.652 0.0000000000
48570  18.996  -39.513  68.189 0.0000000000
48569  19.545  -38.674  68.808 0.0000000000
72998  49.328  -14.974  62.614 0.0000000000
157419  49.643  -15.147  61.802 0.0000000000
73009  48.783  -14.760  61.777 0.0000000000
143879  45.729  -14.948  60.768 0.0000000000
73018  46.665  -14.676  60.493 0.0000000000
131083  45.978  -14.691  59.854 0.0000000000
130776  46.329  -14.837  58.873 0.0000000000
73045  44.636  -15.059  58.465 0.0000000000
70895  43.121  -17.230  61.047 0.0000000000
71977  43.657  -16.374  60.622 0.0000000000
71978  43.050  -16.576  60.191 0.0000000000
71996  42.503  -16.193  58.444 0.0000000000
48443  14.222  -38.925  75.973 0.0000000000
48426  13.731  -39.452  76.505 0.0000000000
48359  17.098  -38.905  82.747 0.0000000000
158377  17.219  -38.984  82.074 0.0000000000
48360  16.282  -39.091  82.337 0.0000000000
146801  14.664  -40.031  81.722 0.0000000000
47172  14.301  -40.346  81.104 0.0000000000
47185  14.201  -40.134  80.418 0.0000000000
46084  13.798  -40.823  79.930 0.0000000000
45024  13.430  -41.554  81.973 0.0000000000
46040  13.904  -41.170  82.575 0.0000000000
44035  12.396  -42.574  79.426 0.0000000000
44048  12.261  -42.702  78.400 0.0000000000
45977  31.480  -41.240  86.461 0.0000000000
45976  32.244  -41.097  86.488 0.0000000000
47123  33.071  -40.347  85.323 0.0000000000
47105  33.319  -40.094  86.437 0.0000000000
48313  34.256  -39.607  86.062 0.0000000000
48312  34.258  -39.026  85.809 0.0000000000
49406  34.073  -38.359  85.577 0.0000000000
145364  33.691  -38.974  84.848 0.0000000000
48354  32.901  -39.165  83.152 0.0000000000
48342  33.568  -38.611  83.422 0.0000000000
146861  32.749  -38.716  82.489 0.0000000000
48353  32.905  -38.223  82.051 0.0000000000
48366  32.675  -38.185  81.390 0.0000000000
48375  32.392  -38.330  80.963 0.0000000000
134733  32.263  -38.738  81.384 0.0000000000
47192  31.408  -39.010  80.634 0.0000000000
48387  30.489  -38.758  79.498 0.0000000000
47193  30.089  -39.385  80.051 0.0000000000
45019  29.912  -41.721  82.120 0.0000000000
45032  28.985  -41.425  81.166 0.0000000000
46079  27.918  -41.028  80.183 0.0000000000
146533  28.332  -40.648  80.118 0.0000000000
47194  28.517  -40.114  79.689 0.0000000000
47211  27.827  -39.923  79.051 0.0000000000
47212  27.060  -40.224  78.665 0.0000000000
46116  25.787  -40.539  78.283 0.0000000000
47245  25.254  -39.799  76.963 0.0000000000
46137  24.707  -40.356  77.373 0.0000000000
42903  25.993  -44.017  85.530 0.0000000000
42916  26.533  -44.169  84.929 0.0000000000
42917  25.672  -44.075  84.630 0.0000000000
42951  24.662  -43.470  82.494 0.0000000000
42950  25.352  -43.783  82.825 0.0000000000
42970  25.251  -43.380  82.122 0.0000000000
43992  25.878  -43.220  81.792 0.0000000000
43997  22.392  -42.242  81.718 0.0000000000
43976  22.772  -42.651  82.294 0.0000000000
43996  22.874  -42.500  81.407 0.0000000000
44045  23.009  -42.109  79.281 0.0000000000
44013  23.539  -42.494  80.396 0.0000000000
44032  23.495  -42.302  79.752 0.0000000000
44031  24.006  -42.153  79.643 0.0000000000
45081  23.609  -41.855  78.913 0.0000000000
45115  22.785  -41.386  77.592 0.0000000000
46161  23.170  -40.640  76.577 0.0000000000
133836  22.435  -40.783  76.375 0.0000000000
46162  21.977  -40.612  75.844 0.0000000000
144183  21.122  -40.337  75.348 0.0000000000
46204  20.543  -39.855  74.767 0.0000000000
47276  20.128  -39.632  74.901 0.0000000000
46122  20.049  -39.849  77.823 0.0000000000
46144  19.757  -39.646  77.042 0.0000000000
143332  17.876  -38.661  74.629 0.0000000000
150254  18.851  -38.913  74.669 0.0000000000
48480  18.479  -38.797  73.891 0.0000000000
48501  17.931  -38.602  72.998 0.0000000000
68938  40.518  -19.627  66.141 0.0000000000
68029  39.678  -20.204  64.937 0.0000000000
148000  38.990  -21.097  65.086 0.0000000000
65095  38.564  -23.280  64.350 0.0000000000
66040  38.381  -22.670  64.237 0.0000000000
65108  38.295  -23.225  63.661 0.0000000000
65080  41.913  -23.411  65.075 0.0000000000
65081  40.761  -23.446  65.155 0.0000000000
63160  40.793  -25.470  63.083 0.0000000000
63182  39.727  -26.529  61.484 0.0000000000
65074  47.727  -23.819  66.091 0.0000000000
65075  47.042  -23.562  66.094 0.0000000000
64081  47.181  -24.460  65.850 0.0000000000
51521  20.853  -36.202  92.917 0.0000000000
50406  19.511  -37.391  93.272 0.0000000000
48267  18.909  -38.388  92.525 0.0000000000
48262  18.624  -38.179  93.026 0.0000000000
47075  16.827  -39.834  91.909 0.0000000000
47080  17.283  -39.494  91.622 0.0000000000
47081  16.833  -40.002  91.490 0.0000000000
45950  16.485  -40.541  90.613 0.0000000000
45938  16.570  -40.390  91.185 0.0000000000
43860  15.097  -42.512  90.170 0.0000000000
43859  15.517  -41.999  89.977 0.0000000000
42849  14.906  -43.284  89.191 0.0000000000
42863  14.700  -43.519  88.040 0.0000000000
41875  14.351  -43.838  88.353 0.0000000000
137099  12.793  -41.716  92.180 0.0000000000
44857  13.152  -40.850  93.010 0.0000000000
43828  13.327  -41.510  92.389 0.0000000000
131688  13.890  -40.641  92.782 0.0000000000
43827  13.852  -41.578  92.147 0.0000000000
43837  13.900  -42.042  91.668 0.0000000000
42817  13.657  -42.440  91.113 0.0000000000
41879  12.677  -43.501  87.639 0.0000000000
41871  13.293  -43.402  88.683 0.0000000000
146639  12.562  -43.885  87.051 0.0000000000
41891  12.740  -44.129  86.893 0.0000000000
41892  12.347  -44.001  86.489 0.0000000000
41899  12.137  -44.061  85.838 0.0000000000
42894  11.957  -43.771  86.074 0.0000000000
42921  11.282  -43.608  84.841 0.0000000000
139559  10.106  -41.765  86.572 0.0000000000
70858  52.971  -15.993  63.292 0.0000000000
141358  52.105  -16.231  64.302 0.0000000000
70818  50.870  -16.287  66.030 0.0000000000
71910  50.662  -15.956  64.947 0.0000000000
70839  50.108  -16.207  65.745 0.0000000000
71912  48.855  -16.122  64.999 0.0000000000
70840  49.244  -16.299  65.635 0.0000000000
72926  50.830  -15.413  67.769 0.0000000000
72927  50.506  -15.678  68.124 0.0000000000
70789  49.176  -16.365  66.658 0.0000000000
70788  49.846  -16.389  66.776 0.0000000000
143466  48.594  -16.419  66.098 0.0000000000
70822  47.716  -16.394  65.434 0.0000000000
157451  46.787  -16.685  64.967 0.0000000000
70823  46.306  -16.843  65.017 0.0000000000
70806  45.794  -16.838  65.414 0.0000000000
70807  44.849  -16.690  65.617 0.0000000000
70825  44.127  -17.040  65.210 0.0000000000
141265  44.009  -16.494  65.894 0.0000000000
72930  46.340  -14.546  68.071 0.0000000000
72931  45.330  -14.733  68.269 0.0000000000
70778  43.788  -16.737  68.721 0.0000000000
71862  44.074  -16.017  68.071 0.0000000000
70793  42.900  -16.732  67.314 0.0000000000
70794  42.429  -17.257  66.859 0.0000000000
69808  42.058  -17.914  67.384 0.0000000000
69809  41.652  -18.456  66.921 0.0000000000
69800  42.233  -18.111  68.202 0.0000000000
68913  42.235  -19.237  69.476 0.0000000000
68921  41.490  -19.249  68.280 0.0000000000
67994  40.979  -20.042  68.763 0.0000000000
67986  40.112  -20.776  68.443 0.0000000000
67985  40.324  -21.123  69.245 0.0000000000
68903  43.892  -18.896  71.070 0.0000000000
68896  43.368  -19.608  71.500 0.0000000000
66930  41.139  -21.892  71.556 0.0000000000
67974  41.429  -20.927  70.789 0.0000000000
66931  40.658  -22.290  70.896 0.0000000000
151469  40.025  -22.295  69.467 0.0000000000
66951  40.333  -22.853  70.057 0.0000000000
133292  40.891  -23.618  68.873 0.0000000000
65945  40.886  -23.520  69.872 0.0000000000
65018  42.250  -24.030  70.756 0.0000000000
65031  42.890  -23.463  69.623 0.0000000000
65943  44.185  -22.809  69.707 0.0000000000
70663  46.186  -17.733  76.192 0.0000000000
70682  46.305  -17.791  75.686 0.0000000000
67915  45.669  -20.763  75.279 0.0000000000
67914  45.886  -20.063  74.820 0.0000000000
67945  44.860  -20.563  74.292 0.0000000000
66867  44.975  -21.300  74.794 0.0000000000
65876  45.289  -23.262  76.140 0.0000000000
144660  45.397  -22.255  76.051 0.0000000000
64984  43.942  -24.917  73.728 0.0000000000
64975  43.757  -24.474  74.488 0.0000000000
65893  43.295  -23.613  74.570 0.0000000000
132876  43.134  -24.540  73.405 0.0000000000
64993  43.453  -24.332  72.392 0.0000000000
65925  46.105  -22.117  71.030 0.0000000000
65913  45.655  -22.726  71.432 0.0000000000
66929  46.004  -21.868  70.299 0.0000000000
66950  45.958  -21.654  69.237 0.0000000000
133540  46.985  -21.223  69.368 0.0000000000
67993  48.253  -21.067  68.748 0.0000000000
67971  48.420  -21.157  70.277 0.0000000000
65910  48.900  -22.106  71.081 0.0000000000
66925  49.235  -21.548  70.332 0.0000000000
65924  49.428  -22.245  70.483 0.0000000000
65015  50.035  -22.625  69.950 0.0000000000
65016  49.314  -22.614  70.438 0.0000000000
63058  48.160  -25.004  73.523 0.0000000000
63996  48.338  -24.225  73.108 0.0000000000
63066  48.298  -25.043  72.574 0.0000000000
63081  47.580  -25.139  70.805 0.0000000000
64004  48.458  -24.759  71.544 0.0000000000
64027  48.730  -23.688  70.081 0.0000000000
63914  40.908  -23.911  81.314 0.0000000000
63931  41.640  -24.090  80.619 0.0000000000
63009  43.035  -24.844  78.703 0.0000000000
62095  42.597  -25.080  78.933 0.0000000000
62084  38.074  -26.408  82.504 0.0000000000
62072  38.012  -26.348  83.857 0.0000000000
62981  38.033  -25.689  83.028 0.0000000000
63919  38.186  -24.747  83.014 0.0000000000
62997  38.247  -25.417  82.086 0.0000000000
61165  37.657  -26.934  78.928 0.0000000000
61157  37.825  -26.806  79.708 0.0000000000
153739  39.447  -25.869  79.700 0.0000000000
62107  39.220  -25.638  80.288 0.0000000000
63010  39.762  -25.365  80.616 0.0000000000
140102  39.922  -25.136  81.228 0.0000000000
62096  40.185  -25.298  80.560 0.0000000000
62083  40.479  -25.138  81.246 0.0000000000
61143  40.538  -25.724  79.824 0.0000000000
60227  42.349  -27.397  77.758 0.0000000000
60192  41.866  -27.169  78.390 0.0000000000
59234  42.563  -27.351  78.205 0.0000000000
60191  43.368  -27.057  78.584 0.0000000000
59247  43.626  -27.740  77.948 0.0000000000
59259  44.438  -27.925  77.350 0.0000000000
59275  44.116  -28.090  77.181 0.0000000000
150931  42.720  -27.831  74.999 0.0000000000
60277  43.551  -27.993  74.738 0.0000000000
60289  44.676  -27.961  73.880 0.0000000000
60290  43.771  -27.857  73.706 0.0000000000
61231  40.514  -27.072  74.121 0.0000000000
60278  41.216  -27.377  74.613 0.0000000000
152665  42.414  -27.002  71.657 0.0000000000
141896  42.278  -27.247  72.432 0.0000000000
130744  43.175  -27.219  72.089 0.0000000000
61246  44.046  -27.394  72.211 0.0000000000
61261  43.704  -26.996  71.450 0.0000000000
61279  43.355  -26.755  70.717 0.0000000000
61299  42.720  -26.753  69.213 0.0000000000
140003  38.609  -26.967  68.943 0.0000000000
61362  39.292  -27.668  66.751 0.0000000000
59317  34.681  -29.200  73.002 0.0000000000
59326  34.837  -28.628  72.542 0.0000000000
60323  33.907  -28.688  70.408 0.0000000000
132813  34.541  -28.234  70.893 0.0000000000
60334  34.338  -28.018  69.146 0.0000000000
58349  31.913  -30.032  68.969 0.0000000000
59355  32.555  -29.528  69.421 0.0000000000
150042  32.927  -28.243  66.470 0.0000000000
60361  33.228  -28.303  67.210 0.0000000000
49449  32.103  -37.851  79.790 0.0000000000
49459  32.389  -37.379  79.551 0.0000000000
49460  31.977  -37.565  79.007 0.0000000000
50592  31.427  -37.044  77.163 0.0000000000
50593  31.096  -36.933  76.533 0.0000000000
50606  31.122  -36.520  76.117 0.0000000000
50607  30.701  -36.641  75.804 0.0000000000
49507  28.398  -37.868  75.712 0.0000000000
49506  29.298  -37.648  75.975 0.0000000000
49529  29.102  -37.347  75.289 0.0000000000
50650  29.409  -36.316  73.000 0.0000000000
155180  29.642  -36.631  74.250 0.0000000000
50634  29.895  -36.386  73.655 0.0000000000
50633  30.199  -36.267  73.542 0.0000000000
50649  29.873  -36.194  72.929 0.0000000000
51736  30.057  -36.101  72.805 0.0000000000
50670  29.805  -35.951  72.468 0.0000000000
51794  28.335  -35.359  70.037 0.0000000000
51793  29.054  -35.343  70.281 0.0000000000
52791  28.737  -35.048  69.558 0.0000000000
52806  29.219  -34.714  69.466 0.0000000000
52807  28.262  -34.754  68.952 0.0000000000
48514  22.892  -38.675  73.349 0.0000000000
48498  23.505  -38.578  73.845 0.0000000000
49554  23.599  -38.113  72.992 0.0000000000
49587  23.995  -37.569  72.298 0.0000000000
50676  24.386  -37.071  71.710 0.0000000000
50675  25.139  -36.794  71.990 0.0000000000
50692  24.933  -36.559  71.178 0.0000000000
51800  22.843  -36.485  69.008 0.0000000000
51817  24.399  -35.538  68.826 0.0000000000
148917  24.809  -35.735  69.512 0.0000000000
51797  25.635  -35.642  69.914 0.0000000000
51796  26.706  -35.466  69.902 0.0000000000
51815  26.271  -35.225  69.203 0.0000000000
53911  26.801  -34.289  67.013 0.0000000000
52826  27.946  -34.493  68.212 0.0000000000
138496  48.905  -15.495  59.487 0.0000000000
142462  49.019  -16.673  57.014 0.0000000000
68042  39.248  -20.499  63.546 0.0000000000
68059  39.762  -19.825  63.092 0.0000000000
67048  38.493  -21.089  62.089 0.0000000000
49361  21.808  -37.277  91.668 0.0000000000
50526  33.722  -37.010  83.068 0.0000000000
50525  34.087  -36.658  83.525 0.0000000000
50534  34.012  -36.327  82.765 0.0000000000
51638  34.395  -35.649  82.357 0.0000000000
147289  34.623  -35.177  82.356 0.0000000000
51637  34.650  -35.199  81.973 0.0000000000
51658  33.907  -35.444  80.486 0.0000000000
133386  33.630  -35.324  79.743 0.0000000000
141774  32.514  -36.497  78.658 0.0000000000
69849  42.723  -18.345  63.479 0.0000000000
69866  42.629  -18.371  62.717 0.0000000000
68998  40.117  -19.125  61.725 0.0000000000
48388  17.178  -38.731  79.689 0.0000000000
48376  17.113  -38.899  80.368 0.0000000000
136968  16.419  -39.069  80.967 0.0000000000
43950  13.890  -43.065  84.918 0.0000000000
43965  13.653  -42.821  84.210 0.0000000000
42935  13.424  -43.421  84.520 0.0000000000
42955  11.958  -43.883  82.888 0.0000000000
135332  11.635  -44.047  83.411 0.0000000000
41913  11.549  -44.084  83.932 0.0000000000
43900  29.618  -43.492  87.014 0.0000000000
43916  30.201  -43.492  86.351 0.0000000000
150470  29.781  -44.023  86.647 0.0000000000
42899  29.513  -44.342  85.588 0.0000000000
42928  29.367  -43.907  84.311 0.0000000000
42929  28.494  -44.030  84.254 0.0000000000
42930  27.705  -43.997  83.785 0.0000000000
45010  20.794  -40.896  82.679 0.0000000000
46050  20.218  -40.325  81.423 0.0000000000
46065  19.832  -39.881  79.937 0.0000000000
132321  44.080  -22.595  66.923 0.0000000000
66009  44.052  -22.786  66.351 0.0000000000
66008  44.698  -22.394  66.508 0.0000000000
66023  45.160  -22.616  66.157 0.0000000000
130785  9.953  -40.572  92.601 0.0000000000
71791  46.562  -16.671  73.164 0.0000000000
70723  46.086  -17.020  73.205 0.0000000000
70710  46.089  -17.145  73.568 0.0000000000
69734  45.928  -17.792  74.069 0.0000000000
69752  45.708  -18.376  73.958 0.0000000000
134816  45.164  -24.439  77.622 0.0000000000
63964  45.072  -24.868  77.631 0.0000000000
63032  45.017  -25.160  77.025 0.0000000000
62150  45.000  -25.891  75.793 0.0000000000
61198  44.793  -26.213  76.217 0.0000000000
61199  45.267  -26.776  75.866 0.0000000000
60257  45.672  -27.402  75.714 0.0000000000
60246  36.942  -28.681  76.690 0.0000000000
61179  37.226  -27.885  76.826 0.0000000000
62163  37.332  -26.530  74.859 0.0000000000
62162  37.791  -25.975  74.318 0.0000000000
61233  36.907  -26.639  74.129 0.0000000000
151790  36.852  -26.375  73.135 0.0000000000
148807  36.891  -26.567  71.330 0.0000000000
61252  35.709  -27.428  72.008 0.0000000000
48439  25.860  -39.250  76.432 0.0000000000
48455  26.217  -38.706  75.867 0.0000000000
48456  25.408  -38.900  75.762 0.0000000000
49534  24.702  -38.280  74.389 0.0000000000
73012  52.855  -14.939  60.098 0.0000000000
73013  52.081  -15.076  60.047 0.0000000000
73026  50.642  -15.291  59.537 0.0000000000
47119  20.949  -39.980  86.070 0.0000000000
48317  20.487  -39.015  86.366 0.0000000000
48307  19.592  -38.382  86.910 0.0000000000
48289  18.212  -38.368  89.281 0.0000000000
47102  17.324  -39.222  89.349 0.0000000000
45982  16.183  -40.641  87.839 0.0000000000
45971  16.330  -40.794  88.672 0.0000000000
44928  16.016  -41.387  89.091 0.0000000000
43869  25.614  -42.684  89.145 0.0000000000
42861  25.464  -43.563  88.262 0.0000000000
43886  24.969  -43.269  88.738 0.0000000000
43887  24.751  -42.842  88.590 0.0000000000
43888  24.712  -41.812  87.889 0.0000000000
155894  23.489  -40.144  89.071 0.0000000000
45959  23.194  -40.495  88.449 0.0000000000
45970  22.730  -40.658  87.798 0.0000000000
45980  22.241  -40.798  86.767 0.0000000000
44957  21.981  -41.068  86.132 0.0000000000
45981  21.649  -40.413  86.379 0.0000000000
53653  34.466  -33.781  85.467 0.0000000000
54687  34.503  -32.957  85.529 0.0000000000
55840  34.559  -32.140  85.548 0.0000000000
58121  35.188  -29.947  84.646 0.0000000000
135531  35.744  -29.658  84.378 0.0000000000
56939  35.737  -30.500  84.601 0.0000000000
56957  36.815  -30.872  84.404 0.0000000000
56974  37.978  -31.461  83.019 0.0000000000
54792  35.556  -32.949  80.193 0.0000000000
54791  36.133  -32.285  80.480 0.0000000000
55936  35.968  -32.221  79.686 0.0000000000
57046  36.256  -31.376  78.453 0.0000000000
57063  36.506  -30.542  78.054 0.0000000000
57098  34.875  -31.140  75.732 0.0000000000
56018  33.677  -32.097  75.098 0.0000000000
132139  32.309  -33.918  75.676 0.0000000000
54876  31.946  -34.232  74.970 0.0000000000
54910  31.205  -33.975  73.082 0.0000000000
54924  31.162  -33.473  72.256 0.0000000000
152737  30.924  -34.225  72.311 0.0000000000
53859  30.696  -34.857  71.888 0.0000000000
47295  20.725  -39.689  73.883 0.0000000000
47313  20.927  -39.555  73.203 0.0000000000
47348  19.761  -39.050  71.362 0.0000000000
133753  47.680  -14.715  62.203 0.0000000000
73000  46.825  -15.335  62.538 0.0000000000
73010  45.988  -15.208  61.508 0.0000000000
152315  41.356  -17.168  59.411 0.0000000000
70900  41.972  -16.886  59.620 0.0000000000
47233  13.684  -39.719  77.291 0.0000000000
48349  16.088  -39.099  83.348 0.0000000000
48361  15.437  -39.495  82.868 0.0000000000
47161  14.898  -40.133  82.548 0.0000000000
44016  12.361  -42.911  80.786 0.0000000000
143983  12.153  -42.937  79.979 0.0000000000
44968  31.619  -41.682  85.193 0.0000000000
45989  32.496  -41.310  85.960 0.0000000000
145249  31.989  -41.358  84.957 0.0000000000
45999  32.494  -40.894  85.022 0.0000000000
147085  32.910  -40.440  84.699 0.0000000000
48333  33.272  -39.749  84.687 0.0000000000
47132  33.105  -40.336  84.120 0.0000000000
47157  32.537  -39.815  83.095 0.0000000000
142627  32.469  -39.290  82.539 0.0000000000
47168  32.099  -39.321  81.958 0.0000000000
47169  31.511  -39.996  81.978 0.0000000000
46060  30.798  -40.327  81.574 0.0000000000
45020  28.295  -42.480  81.631 0.0000000000
45033  28.377  -41.815  81.124 0.0000000000
45054  27.702  -41.618  80.498 0.0000000000
46080  27.309  -41.227  79.856 0.0000000000
46098  27.198  -40.655  79.252 0.0000000000
46081  26.719  -41.134  79.431 0.0000000000
45078  26.012  -41.308  79.361 0.0000000000
46099  25.490  -40.987  78.782 0.0000000000
132362  24.252  -43.692  85.033 0.0000000000
134794  24.739  -43.923  84.252 0.0000000000
144830  24.188  -43.666  83.634 0.0000000000
42934  24.076  -43.467  82.904 0.0000000000
45036  21.758  -41.530  79.992 0.0000000000
44034  22.496  -42.014  79.913 0.0000000000
44046  22.650  -42.000  79.370 0.0000000000
45082  23.030  -41.871  78.775 0.0000000000
45116  22.239  -41.309  77.366 0.0000000000
46140  21.937  -40.966  76.602 0.0000000000
46141  21.481  -40.741  76.581 0.0000000000
46165  20.654  -40.169  76.177 0.0000000000
47231  18.140  -38.943  77.334 0.0000000000
47248  18.394  -38.947  76.383 0.0000000000
48459  17.654  -38.655  75.671 0.0000000000
49555  16.970  -38.323  74.016 0.0000000000
68009  39.194  -20.990  66.297 0.0000000000
68022  39.105  -21.014  65.685 0.0000000000
67002  38.753  -22.074  66.294 0.0000000000
147457  38.556  -22.689  65.398 0.0000000000
65094  39.116  -23.603  64.596 0.0000000000
64098  42.247  -25.087  63.706 0.0000000000
64099  41.341  -24.848  63.648 0.0000000000
151765  16.427  -39.625  92.654 0.0000000000
45922  16.265  -40.148  92.133 0.0000000000
44873  16.191  -40.703  91.381 0.0000000000
45931  15.985  -40.516  91.985 0.0000000000
43835  15.284  -41.516  91.221 0.0000000000
43849  14.905  -42.167  90.839 0.0000000000
44859  11.927  -41.060  92.936 0.0000000000
43839  12.729  -42.175  91.419 0.0000000000
137962  12.934  -42.704  90.136 0.0000000000
42852  12.725  -42.751  89.231 0.0000000000
42865  12.648  -43.005  88.381 0.0000000000
134602  12.405  -43.179  87.607 0.0000000000
42895  11.559  -43.041  86.410 0.0000000000
43922  10.962  -42.515  85.724 0.0000000000
70836  52.124  -16.220  65.040 0.0000000000
152690  52.186  -15.568  66.035 0.0000000000
70801  51.350  -16.285  66.332 0.0000000000
70786  51.020  -16.234  66.953 0.0000000000
71841  50.274  -15.696  68.306 0.0000000000
71842  49.864  -15.697  68.380 0.0000000000
71860  49.217  -15.755  67.711 0.0000000000
71875  48.769  -16.082  67.093 0.0000000000
70791  47.280  -16.287  66.272 0.0000000000
71876  47.771  -15.985  66.960 0.0000000000
71877  46.708  -15.894  66.842 0.0000000000
140049  45.702  -15.777  66.803 0.0000000000
73989  45.331  -14.595  69.188 0.0000000000
72914  44.916  -15.501  69.153 0.0000000000
69798  43.529  -17.489  69.277 0.0000000000
69799  42.766  -17.946  68.854 0.0000000000
68919  42.684  -18.586  69.348 0.0000000000
68912  42.907  -18.902  69.972 0.0000000000
67963  43.544  -19.970  72.326 0.0000000000
67964  42.751  -20.476  72.041 0.0000000000
66908  40.861  -22.812  71.768 0.0000000000
65007  41.118  -23.623  71.814 0.0000000000
65006  41.756  -24.080  71.821 0.0000000000
65005  42.808  -24.212  71.621 0.0000000000
68820  45.677  -19.056  76.583 0.0000000000
68829  46.040  -19.211  75.873 0.0000000000
68830  45.645  -19.928  76.310 0.0000000000
67906  45.665  -20.795  75.930 0.0000000000
63981  44.702  -25.130  74.542 0.0000000000
64983  45.239  -24.592  73.421 0.0000000000
65003  44.856  -23.574  71.982 0.0000000000
64992  45.639  -23.834  72.667 0.0000000000
65912  46.727  -22.333  71.745 0.0000000000
66905  47.681  -21.820  71.653 0.0000000000
66927  48.211  -21.440  71.077 0.0000000000
66904  48.343  -21.891  71.794 0.0000000000
66903  48.600  -22.040  71.565 0.0000000000
64989  48.621  -22.603  71.853 0.0000000000
134571  47.863  -25.800  72.391 0.0000000000
155186  46.906  -25.481  70.681 0.0000000000
63082  46.756  -25.090  69.897 0.0000000000
151869  46.257  -25.741  70.568 0.0000000000
62204  45.349  -26.161  70.473 0.0000000000
63915  40.405  -23.830  82.336 0.0000000000
62978  41.026  -24.519  81.254 0.0000000000
145262  37.989  -27.185  84.179 0.0000000000
139998  38.207  -27.960  83.823 0.0000000000
61121  38.189  -27.673  82.787 0.0000000000
61131  38.092  -26.882  81.880 0.0000000000
62115  38.378  -26.222  79.025 0.0000000000
62121  39.247  -26.007  78.423 0.0000000000
61164  40.402  -26.292  78.480 0.0000000000
140775  40.816  -26.341  78.915 0.0000000000
60212  41.150  -26.665  77.829 0.0000000000
60228  41.822  -27.059  77.563 0.0000000000
130995  42.459  -27.495  77.258 0.0000000000
60243  42.896  -27.778  76.817 0.0000000000
140203  42.127  -27.304  76.618 0.0000000000
60261  42.565  -27.600  75.950 0.0000000000
157076  42.316  -27.698  74.592 0.0000000000
61248  39.874  -26.910  72.665 0.0000000000
131959  40.663  -27.054  72.253 0.0000000000
61262  42.057  -26.882  70.903 0.0000000000
61300  42.036  -26.841  69.317 0.0000000000
154797  42.241  -26.850  68.881 0.0000000000
61328  40.677  -27.305  68.492 0.0000000000
136949  38.002  -27.072  68.312 0.0000000000
143813  37.572  -27.389  66.726 0.0000000000
59328  33.799  -29.964  72.311 0.0000000000
59333  33.631  -29.653  71.623 0.0000000000
59340  33.406  -29.346  70.800 0.0000000000
59354  33.216  -29.063  69.917 0.0000000000
59379  31.391  -29.586  67.341 0.0000000000
59378  32.049  -29.222  67.632 0.0000000000
60363  31.749  -29.118  66.963 0.0000000000
48403  30.947  -38.199  78.851 0.0000000000
49461  31.474  -37.645  78.511 0.0000000000
49471  30.944  -37.801  78.027 0.0000000000
49487  30.323  -37.573  76.834 0.0000000000
50623  27.999  -37.181  74.496 0.0000000000
50622  28.950  -36.977  74.497 0.0000000000
50636  28.398  -36.770  73.806 0.0000000000
50651  28.750  -36.469  73.185 0.0000000000
51751  29.085  -35.776  71.777 0.0000000000
156155  28.384  -35.831  71.723 0.0000000000
150995  27.910  -35.512  70.495 0.0000000000
144134  23.320  -37.894  72.231 0.0000000000
145951  22.750  -37.986  71.780 0.0000000000
50694  23.263  -37.077  70.596 0.0000000000
153242  22.559  -36.073  66.989 0.0000000000
51833  23.183  -35.734  67.752 0.0000000000
52810  24.884  -35.094  68.168 0.0000000000
137554  25.855  -34.925  68.399 0.0000000000
73043  47.273  -15.300  58.763 0.0000000000
73042  47.993  -15.647  58.717 0.0000000000
146479  37.728  -22.563  61.336 0.0000000000
67065  37.945  -21.500  60.999 0.0000000000
66073  37.560  -23.082  60.420 0.0000000000
48286  21.685  -38.659  88.905 0.0000000000
48287  21.060  -38.442  88.368 0.0000000000
49377  20.357  -37.872  90.131 0.0000000000
49378  19.517  -38.066  90.602 0.0000000000
48281  18.937  -38.800  91.045 0.0000000000
48274  18.840  -38.797  91.638 0.0000000000
144633  23.447  -40.393  89.902 0.0000000000
47079  23.266  -40.063  90.692 0.0000000000
47087  23.117  -39.786  89.395 0.0000000000
131880  33.377  -36.740  85.931 0.0000000000
147916  33.514  -36.015  85.555 0.0000000000
51594  34.155  -35.741  85.096 0.0000000000
52599  34.328  -34.648  85.265 0.0000000000
51616  34.915  -36.117  83.800 0.0000000000
52606  34.822  -35.088  84.698 0.0000000000
53669  34.873  -34.146  84.930 0.0000000000
54707  35.393  -33.594  84.500 0.0000000000
54706  36.125  -33.061  84.179 0.0000000000
54705  36.835  -32.420  83.707 0.0000000000
54718  36.335  -33.322  83.373 0.0000000000
53713  35.809  -33.435  82.388 0.0000000000
53722  35.585  -33.502  81.768 0.0000000000
140996  34.887  -34.704  81.665 0.0000000000
53735  35.209  -33.974  81.341 0.0000000000
53745  35.246  -33.665  80.670 0.0000000000
54811  34.865  -33.171  78.860 0.0000000000
54830  34.832  -32.925  78.164 0.0000000000
54831  34.170  -33.307  77.945 0.0000000000
53787  32.795  -34.475  77.171 0.0000000000
52691  33.062  -34.846  78.122 0.0000000000
143188  31.730  -35.524  75.961 0.0000000000
51713  31.286  -36.054  75.474 0.0000000000
47332  18.077  -38.995  71.045 0.0000000000
47351  16.975  -40.497  69.970 0.0000000000
46242  16.689  -41.598  69.871 0.0000000000
139298  45.269  -17.412  63.518 0.0000000000
70881  45.061  -17.273  62.995 0.0000000000
70882  44.512  -17.651  62.792 0.0000000000
70890  43.496  -17.673  61.753 0.0000000000
69878  42.449  -18.117  61.947 0.0000000000
70891  42.274  -17.709  61.062 0.0000000000
138339  41.753  -17.421  60.211 0.0000000000
70897  40.950  -17.806  60.038 0.0000000000
48441  16.316  -38.459  76.744 0.0000000000
48424  14.848  -38.689  77.629 0.0000000000
48407  15.092  -38.677  78.401 0.0000000000
47216  13.519  -40.297  78.116 0.0000000000
46029  14.551  -41.117  83.771 0.0000000000
45012  13.515  -41.999  82.936 0.0000000000
43998  13.028  -42.191  82.194 0.0000000000
141753  13.439  -42.596  83.548 0.0000000000
41937  11.208  -44.315  81.666 0.0000000000
41957  10.869  -44.549  80.317 0.0000000000
43915  30.678  -42.762  85.952 0.0000000000
44954  31.150  -42.025  85.620 0.0000000000
44969  31.333  -42.076  85.352 0.0000000000
43929  31.252  -42.285  84.922 0.0000000000
44982  31.198  -42.299  84.342 0.0000000000
139651  30.935  -41.813  83.276 0.0000000000
45005  30.817  -41.544  82.700 0.0000000000
45007  29.558  -42.382  82.463 0.0000000000
43960  28.772  -43.478  83.131 0.0000000000
144197  28.619  -43.174  82.595 0.0000000000
43989  28.825  -42.708  82.212 0.0000000000
43991  27.534  -42.830  81.607 0.0000000000
44009  27.047  -42.575  81.105 0.0000000000
44010  26.402  -42.523  80.876 0.0000000000
43948  22.238  -42.518  84.041 0.0000000000
43962  22.817  -42.949  83.735 0.0000000000
43963  22.302  -42.514  83.098 0.0000000000
45021  21.800  -41.783  81.712 0.0000000000
45022  21.249  -41.191  81.367 0.0000000000
142131  21.662  -41.505  80.875 0.0000000000
47230  19.159  -39.419  77.645 0.0000000000
46083  19.684  -39.753  79.101 0.0000000000
66012  40.568  -23.406  66.341 0.0000000000
133369  41.496  -23.405  66.702 0.0000000000
66025  43.402  -23.051  65.846 0.0000000000
65079  42.945  -23.402  65.144 0.0000000000
65091  42.310  -23.782  64.643 0.0000000000
64094  42.673  -24.502  64.227 0.0000000000
45917  11.872  -40.427  93.721 0.0000000000
44884  11.455  -41.592  91.081 0.0000000000
44930  10.679  -41.509  88.090 0.0000000000
44912  10.700  -41.324  89.105 0.0000000000
45972  9.588  -41.192  88.451 0.0000000000
69781  44.800  -17.823  71.155 0.0000000000
70736  45.192  -17.508  71.589 0.0000000000
69775  44.966  -18.060  71.918 0.0000000000
68894  44.626  -18.721  72.287 0.0000000000
69765  45.486  -17.932  73.049 0.0000000000
69766  45.110  -18.302  72.676 0.0000000000
68886  44.241  -19.524  72.704 0.0000000000
67956  43.649  -20.518  73.178 0.0000000000
66885  43.872  -21.169  73.935 0.0000000000
148936  44.994  -21.767  78.099 0.0000000000
66831  45.289  -21.635  77.270 0.0000000000
64965  45.176  -24.159  75.877 0.0000000000
63968  45.123  -24.684  76.002 0.0000000000
63974  44.840  -24.896  75.264 0.0000000000
153807  45.168  -25.353  74.584 0.0000000000
64973  46.992  -24.612  73.907 0.0000000000
63988  47.748  -24.295  73.895 0.0000000000
63051  47.742  -24.945  73.921 0.0000000000
63059  47.943  -25.750  74.054 0.0000000000
62160  46.736  -26.614  74.950 0.0000000000
154285  47.507  -26.331  74.432 0.0000000000
143278  47.726  -26.457  73.921 0.0000000000
62172  47.201  -27.089  73.852 0.0000000000
61244  45.622  -27.388  72.677 0.0000000000
63904  38.669  -24.067  82.856 0.0000000000
59235  37.564  -28.907  79.398 0.0000000000
60179  37.790  -28.585  80.083 0.0000000000
60213  37.466  -27.932  78.809 0.0000000000
61170  37.589  -27.112  78.198 0.0000000000
61178  37.465  -27.306  77.384 0.0000000000
62131  38.064  -26.256  77.628 0.0000000000
61177  38.928  -25.989  77.044 0.0000000000
61189  39.755  -26.140  76.446 0.0000000000
61200  40.367  -26.563  75.948 0.0000000000
61215  39.686  -26.507  74.533 0.0000000000
61232  39.794  -26.749  73.566 0.0000000000
61265  39.312  -26.796  71.306 0.0000000000
61282  39.600  -26.905  70.546 0.0000000000
61304  38.237  -26.873  69.748 0.0000000000
153505  37.031  -27.007  69.272 0.0000000000
145649  36.390  -27.121  69.030 0.0000000000
61332  35.549  -27.376  68.682 0.0000000000
57183  31.973  -31.380  71.129 0.0000000000
58321  32.350  -30.526  70.706 0.0000000000
58334  31.493  -30.719  69.373 0.0000000000
58350  31.254  -30.465  68.550 0.0000000000
58351  30.603  -30.886  68.112 0.0000000000
58359  31.009  -30.211  67.729 0.0000000000
59380  30.720  -29.879  66.939 0.0000000000
135685  28.480  -38.785  77.758 0.0000000000
48436  29.142  -38.345  77.388 0.0000000000
48437  28.251  -38.586  77.120 0.0000000000
49531  27.678  -37.696  75.144 0.0000000000
49509  26.774  -38.108  75.351 0.0000000000
132945  26.776  -36.940  73.535 0.0000000000
49606  21.082  -37.475  68.843 0.0000000000
50710  21.710  -37.121  68.947 0.0000000000
50717  21.454  -37.143  68.102 0.0000000000
50725  21.952  -36.677  67.531 0.0000000000
50739  21.806  -36.853  66.266 0.0000000000
73037  52.746  -14.651  58.078 0.0000000000
73024  52.404  -14.860  59.375 0.0000000000
73058  51.564  -15.137  57.278 0.0000000000
72000  50.006  -15.958  56.787 0.0000000000
72017  49.660  -16.746  56.511 0.0000000000
69893  44.996  -18.336  56.967 0.0000000000
47160  18.176  -39.158  82.152 0.0000000000
133412  19.025  -39.362  83.170 0.0000000000
48347  18.138  -38.840  83.737 0.0000000000
48327  19.471  -38.760  85.279 0.0000000000
48338  18.248  -38.633  84.522 0.0000000000
48339  17.170  -38.711  84.472 0.0000000000
48330  16.488  -39.132  85.186 0.0000000000
46016  15.638  -40.082  85.126 0.0000000000
49403  19.607  -38.238  87.688 0.0000000000
49404  18.830  -38.268  87.514 0.0000000000
48308  18.083  -38.591  87.801 0.0000000000
135593  16.160  -39.693  85.778 0.0000000000
46005  14.938  -41.258  85.115 0.0000000000
44959  14.795  -42.110  85.821 0.0000000000
136973  15.726  -41.386  87.596 0.0000000000
43949  14.329  -42.694  85.280 0.0000000000
43935  14.495  -42.916  85.933 0.0000000000
42906  14.006  -43.907  85.884 0.0000000000
42874  27.536  -44.296  87.546 0.0000000000
42887  27.551  -44.530  86.804 0.0000000000
42888  26.684  -44.303  86.881 0.0000000000
149529  26.255  -43.994  86.314 0.0000000000
139312  25.576  -43.571  86.155 0.0000000000
42890  25.694  -43.214  87.007 0.0000000000
134750  24.630  -43.494  85.747 0.0000000000
42905  23.950  -43.397  85.580 0.0000000000
43946  23.473  -43.285  84.992 0.0000000000
43933  22.865  -42.758  85.322 0.0000000000
44893  23.818  -41.965  89.984 0.0000000000
44925  24.533  -41.509  88.540 0.0000000000
43889  23.626  -41.815  87.280 0.0000000000
43934  22.339  -42.413  84.840 0.0000000000
44983  21.811  -41.964  84.399 0.0000000000
44997  21.256  -41.344  83.962 0.0000000000
46014  21.065  -40.864  84.448 0.0000000000
46026  20.738  -40.655  83.940 0.0000000000
46027  20.335  -40.391  83.200 0.0000000000
143572  47.726  -21.668  67.298 0.0000000000
66006  47.486  -22.442  66.540 0.0000000000
66999  47.907  -22.040  66.790 0.0000000000
65066  48.432  -23.583  66.284 0.0000000000
69681  45.756  -18.327  76.627 0.0000000000
69682  45.373  -18.884  77.279 0.0000000000
68807  44.982  -19.909  78.188 0.0000000000
66824  44.763  -22.618  78.344 0.0000000000
65866  44.281  -23.031  78.792 0.0000000000
66818  43.424  -21.617  79.728 0.0000000000
65861  43.815  -22.415  79.320 0.0000000000
64957  44.190  -23.829  78.663 0.0000000000
63955  44.293  -24.736  78.514 0.0000000000
63950  45.176  -25.045  79.795 0.0000000000
63020  45.249  -25.449  80.082 0.0000000000
60134  37.994  -28.882  84.156 0.0000000000
59184  38.212  -29.481  83.701 0.0000000000
142915  38.125  -29.678  82.358 0.0000000000
142911  37.345  -29.750  81.132 0.0000000000
55873  37.548  -32.114  83.006 0.0000000000
56989  37.840  -31.331  82.425 0.0000000000
157302  36.606  -31.809  80.700 0.0000000000
55917  36.961  -31.632  81.269 0.0000000000
57001  37.303  -31.216  81.780 0.0000000000
58172  37.242  -30.572  81.420 0.0000000000
58186  37.064  -30.264  80.579 0.0000000000
59224  37.467  -29.420  80.264 0.0000000000
58211  37.070  -29.569  78.869 0.0000000000
58229  36.572  -29.907  77.482 0.0000000000
156865  36.232  -28.770  75.753 0.0000000000
135602  35.782  -28.879  75.386 0.0000000000
59305  35.728  -28.379  74.645 0.0000000000
59315  35.330  -28.646  73.933 0.0000000000
59316  34.881  -29.405  73.821 0.0000000000
58297  34.245  -29.957  73.092 0.0000000000
58271  34.633  -30.628  74.913 0.0000000000
58285  34.472  -30.294  74.069 0.0000000000
58298  33.534  -30.571  72.694 0.0000000000
58299  32.940  -31.032  72.236 0.0000000000
156208  33.820  -32.457  75.815 0.0000000000
54893  32.562  -33.348  75.074 0.0000000000
56039  33.048  -32.595  74.713 0.0000000000
157835  33.353  -32.033  74.415 0.0000000000
57146  32.779  -32.000  73.288 0.0000000000
57167  32.505  -31.742  72.522 0.0000000000
136544  32.410  -31.368  71.853 0.0000000000
56087  30.676  -32.177  69.856 0.0000000000
141372  30.995  -33.119  71.478 0.0000000000
54943  30.719  -32.753  70.611 0.0000000000
56088  30.244  -32.854  69.885 0.0000000000
47273  22.997  -39.738  75.271 0.0000000000
48478  23.442  -39.092  74.620 0.0000000000
48515  22.160  -38.874  72.950 0.0000000000
48526  21.980  -38.504  72.020 0.0000000000
49589  21.538  -38.330  71.182 0.0000000000
49597  21.167  -38.032  70.385 0.0000000000
144035  19.202  -38.979  71.547 0.0000000000
150815  18.925  -39.099  70.685 0.0000000000
48541  19.196  -39.023  70.338 0.0000000000
48552  19.547  -38.761  69.861 0.0000000000
140670  20.291  -37.944  68.805 0.0000000000
72996  51.128  -15.475  61.900 0.0000000000
73007  50.343  -15.387  61.383 0.0000000000
73008  49.535  -15.245  61.056 0.0000000000
131774  48.834  -14.982  60.820 0.0000000000
73017  48.423  -15.096  60.105 0.0000000000
150656  47.544  -14.661  60.520 0.0000000000
73029  47.697  -14.943  59.556 0.0000000000
72005  45.606  -16.029  57.679 0.0000000000
71967  44.606  -16.538  61.764 0.0000000000
71976  44.376  -16.009  61.022 0.0000000000
71983  44.156  -15.623  60.156 0.0000000000
71985  42.591  -16.354  59.362 0.0000000000
71995  43.099  -15.823  58.760 0.0000000000
73046  43.795  -15.382  58.618 0.0000000000
73061  44.117  -15.505  57.915 0.0000000000
48461  13.934  -39.200  75.130 0.0000000000
48368  16.891  -39.016  81.574 0.0000000000
150949  15.750  -39.120  80.780 0.0000000000
132836  15.387  -39.331  81.276 0.0000000000
47197  14.107  -39.945  79.579 0.0000000000
46102  13.110  -41.241  78.583 0.0000000000
46039  14.462  -40.833  82.985 0.0000000000
46053  14.003  -40.868  81.649 0.0000000000
45039  13.255  -41.543  80.375 0.0000000000
46085  13.200  -41.367  79.458 0.0000000000
45975  33.003  -40.857  86.232 0.0000000000
50479  33.117  -37.428  87.094 0.0000000000
50478  33.385  -37.536  86.327 0.0000000000
50492  33.794  -37.600  85.732 0.0000000000
50505  34.103  -37.525  85.250 0.0000000000
149711  33.908  -39.226  84.100 0.0000000000
48332  34.092  -38.474  84.100 0.0000000000
49415  33.801  -37.666  83.511 0.0000000000
49420  33.494  -37.715  82.907 0.0000000000
49439  32.901  -37.642  81.103 0.0000000000
49447  32.909  -37.254  80.604 0.0000000000
49440  32.616  -37.870  80.787 0.0000000000
48384  32.264  -38.129  80.459 0.0000000000
48385  31.794  -38.347  80.155 0.0000000000
47180  31.788  -39.199  81.348 0.0000000000
48386  31.200  -38.534  79.787 0.0000000000
136282  30.183  -38.534  78.755 0.0000000000
48404  29.538  -38.788  78.687 0.0000000000
45018  30.489  -41.496  82.351 0.0000000000
46049  30.318  -41.086  81.836 0.0000000000
46061  30.054  -40.572  81.199 0.0000000000
46062  29.303  -40.849  80.884 0.0000000000
46077  29.724  -40.144  80.509 0.0000000000
135522  29.305  -39.743  79.846 0.0000000000
47226  28.211  -39.234  78.354 0.0000000000
47243  26.957  -39.402  77.474 0.0000000000
47228  26.467  -40.064  78.046 0.0000000000
47244  26.128  -39.669  77.204 0.0000000000
47261  24.156  -39.725  76.075 0.0000000000
137033  27.020  -44.117  84.208 0.0000000000
42931  26.429  -44.059  83.538 0.0000000000
42932  25.578  -44.039  83.663 0.0000000000
155912  25.993  -43.995  83.015 0.0000000000
42949  26.697  -43.850  82.803 0.0000000000
43974  26.512  -43.478  82.157 0.0000000000
133141  25.833  -42.780  81.139 0.0000000000
158254  25.784  -42.452  80.660 0.0000000000
152617  22.935  -42.971  83.032 0.0000000000
42952  23.963  -43.127  81.987 0.0000000000
44014  22.957  -42.401  80.547 0.0000000000
43995  23.484  -42.688  81.205 0.0000000000
43994  24.209  -42.776  81.084 0.0000000000
145629  24.647  -42.616  80.710 0.0000000000
44011  25.224  -42.574  80.706 0.0000000000
44030  25.369  -42.230  80.320 0.0000000000
45057  24.813  -41.948  79.820 0.0000000000
156118  24.419  -41.095  78.205 0.0000000000
45101  23.212  -41.581  78.182 0.0000000000
45100  23.963  -41.427  78.298 0.0000000000
46118  24.204  -40.904  77.740 0.0000000000
46138  23.939  -40.555  77.048 0.0000000000
46160  23.821  -40.226  76.453 0.0000000000
47262  23.437  -40.060  75.936 0.0000000000
47274  22.124  -40.122  75.084 0.0000000000
47275  21.441  -40.073  74.670 0.0000000000
46163  21.476  -40.554  75.942 0.0000000000
46202  20.996  -40.112  74.655 0.0000000000
139366  19.688  -39.271  73.463 0.0000000000
46143  20.542  -40.207  77.108 0.0000000000
47264  20.150  -39.699  75.704 0.0000000000
47247  19.390  -39.403  76.171 0.0000000000
48479  19.440  -39.237  74.208 0.0000000000
48517  18.153  -38.726  72.115 0.0000000000
49574  17.073  -38.372  73.115 0.0000000000
49575  16.400  -38.448  72.572 0.0000000000
48519  15.885  -38.994  71.685 0.0000000000
68949  41.118  -18.945  65.566 0.0000000000
68960  40.448  -19.440  64.343 0.0000000000
67031  38.721  -21.145  63.168 0.0000000000
146488  38.571  -21.894  64.737 0.0000000000
66052  38.431  -21.890  63.790 0.0000000000
67049  38.259  -21.915  62.888 0.0000000000
66028  39.994  -23.324  65.812 0.0000000000
65093  40.299  -23.637  64.578 0.0000000000
65106  39.859  -23.942  63.983 0.0000000000
64100  40.349  -24.649  63.554 0.0000000000
64101  39.265  -24.456  63.408 0.0000000000
63170  39.172  -25.828  62.048 0.0000000000
66021  46.879  -22.864  66.296 0.0000000000
65076  45.674  -23.238  65.937 0.0000000000
144648  45.462  -24.096  65.493 0.0000000000
147122  45.652  -24.943  65.233 0.0000000000
51520  21.735  -36.135  92.744 0.0000000000
50418  20.583  -36.922  92.584 0.0000000000
49354  19.965  -37.476  92.836 0.0000000000
147995  19.062  -38.564  92.074 0.0000000000
48275  18.005  -39.001  91.418 0.0000000000
135758  18.169  -38.539  92.467 0.0000000000
47088  17.307  -39.576  91.039 0.0000000000
45960  16.345  -40.819  89.872 0.0000000000
44911  15.712  -41.939  89.067 0.0000000000
43858  15.878  -41.469  89.969 0.0000000000
43873  15.588  -42.145  89.324 0.0000000000
43890  15.498  -42.468  88.801 0.0000000000
43906  14.963  -43.059  87.761 0.0000000000
42893  14.205  -44.069  86.835 0.0000000000
41889  13.735  -44.260  86.327 0.0000000000
135178  14.728  -40.520  92.654 0.0000000000
43826  14.378  -41.609  91.820 0.0000000000
43850  14.300  -42.298  91.150 0.0000000000
42838  14.201  -43.259  89.932 0.0000000000
42840  13.268  -43.047  89.787 0.0000000000
41865  13.582  -43.361  89.355 0.0000000000
41870  13.945  -43.805  88.804 0.0000000000
41876  13.889  -44.149  87.914 0.0000000000
41890  13.178  -44.287  86.665 0.0000000000
41897  12.969  -44.330  85.934 0.0000000000
41898  12.314  -44.204  85.562 0.0000000000
133089  11.933  -44.128  85.253 0.0000000000
41914  11.239  -43.957  83.545 0.0000000000
42922  11.005  -43.666  84.000 0.0000000000
44945  10.589  -41.733  87.189 0.0000000000
44960  10.161  -41.855  85.863 0.0000000000
130715  52.833  -15.569  62.024 0.0000000000
70879  52.711  -15.790  62.757 0.0000000000
71948  52.351  -15.650  62.360 0.0000000000
71949  51.606  -15.600  62.690 0.0000000000
71950  50.767  -15.468  62.947 0.0000000000
72984  49.901  -15.272  63.268 0.0000000000
70837  51.456  -16.070  64.585 0.0000000000
71930  50.342  -15.715  64.451 0.0000000000
72985  48.968  -15.192  63.577 0.0000000000
71932  48.472  -15.744  64.339 0.0000000000
71933  47.527  -16.010  64.150 0.0000000000
71934  46.703  -16.416  63.893 0.0000000000
72925  51.178  -15.051  67.362 0.0000000000
71856  50.731  -15.915  67.649 0.0000000000
155859  50.651  -16.328  66.732 0.0000000000
71858  50.189  -16.045  67.859 0.0000000000
70787  50.295  -16.375  66.881 0.0000000000
70820  49.736  -16.407  66.216 0.0000000000
70841  48.242  -16.307  65.302 0.0000000000
70842  47.073  -16.539  64.774 0.0000000000
70861  46.340  -16.777  64.200 0.0000000000
142482  45.686  -17.202  63.883 0.0000000000
70863  45.199  -17.519  63.726 0.0000000000
69846  45.042  -17.585  64.113 0.0000000000
69833  44.295  -17.741  64.161 0.0000000000
69834  43.569  -17.816  64.317 0.0000000000
131649  43.138  -17.662  64.759 0.0000000000
69823  42.383  -17.758  65.346 0.0000000000
73998  47.928  -14.069  69.104 0.0000000000
72943  46.003  -15.128  67.411 0.0000000000
71878  44.867  -15.750  66.852 0.0000000000
72932  44.609  -15.433  68.238 0.0000000000
72945  44.507  -15.592  67.539 0.0000000000
71892  44.455  -16.156  66.319 0.0000000000
70808  43.134  -16.748  66.085 0.0000000000
153217  42.553  -17.278  65.952 0.0000000000
69816  41.632  -18.320  65.937 0.0000000000
68937  41.152  -19.018  66.507 0.0000000000
68930  40.576  -19.692  67.062 0.0000000000
68928  41.785  -18.552  67.854 0.0000000000
68002  39.972  -20.518  67.611 0.0000000000
66972  39.502  -21.702  68.027 0.0000000000
65966  39.640  -23.005  68.178 0.0000000000
69782  44.267  -18.208  70.741 0.0000000000
68905  42.293  -19.717  70.286 0.0000000000
67973  42.516  -20.135  71.165 0.0000000000
65965  40.578  -23.535  68.158 0.0000000000
65964  41.858  -23.481  68.071 0.0000000000
65963  42.936  -23.182  68.469 0.0000000000
65032  41.703  -23.876  70.063 0.0000000000
131182  43.953  -22.566  67.818 0.0000000000
142050  44.544  -22.086  68.166 0.0000000000
66986  45.225  -21.789  68.100 0.0000000000
66970  45.937  -21.571  68.252 0.0000000000
70681  46.321  -17.346  75.138 0.0000000000
68865  45.778  -19.231  74.385 0.0000000000
68846  46.040  -19.279  75.088 0.0000000000
67929  45.519  -19.853  74.330 0.0000000000
66869  43.319  -22.448  74.292 0.0000000000
66854  44.635  -22.307  75.006 0.0000000000
64974  44.250  -24.384  74.775 0.0000000000
65885  44.492  -23.387  75.196 0.0000000000
65892  43.950  -22.681  74.629 0.0000000000
65914  44.878  -22.994  71.217 0.0000000000
65927  44.527  -22.903  70.572 0.0000000000
65942  45.125  -22.181  69.922 0.0000000000
66984  46.554  -21.548  67.748 0.0000000000
66968  47.416  -21.280  68.007 0.0000000000
146777  48.947  -21.255  68.414 0.0000000000
66949  49.060  -21.255  70.097 0.0000000000
132924  50.028  -21.563  69.354 0.0000000000
64980  48.076  -23.767  73.499 0.0000000000
64990  48.467  -23.317  72.728 0.0000000000
65002  48.778  -23.225  71.790 0.0000000000
65017  48.899  -23.051  70.800 0.0000000000
64927  41.928  -23.299  80.340 0.0000000000
63943  42.991  -24.509  78.780 0.0000000000
62093  44.400  -25.147  79.473 0.0000000000
137448  44.463  -26.012  79.772 0.0000000000
63918  39.255  -24.139  82.622 0.0000000000
144136  37.853  -27.750  80.466 0.0000000000
61144  38.003  -27.264  81.224 0.0000000000
146603  38.124  -26.366  81.192 0.0000000000
136331  38.579  -26.075  79.840 0.0000000000
62108  38.536  -25.911  80.661 0.0000000000
150847  38.569  -25.406  81.499 0.0000000000
62996  39.162  -24.935  81.697 0.0000000000
63917  39.693  -24.462  82.184 0.0000000000
62980  40.228  -24.472  82.340 0.0000000000
62071  40.396  -25.084  81.636 0.0000000000
62070  40.778  -24.942  81.226 0.0000000000
155929  41.137  -25.085  80.433 0.0000000000
60178  41.423  -26.493  78.903 0.0000000000
60163  41.644  -26.279  79.160 0.0000000000
61140  42.369  -25.617  79.048 0.0000000000
60161  43.025  -25.855  78.670 0.0000000000
60190  43.742  -26.849  78.669 0.0000000000
60208  44.265  -26.635  78.266 0.0000000000
60226  44.610  -27.639  77.392 0.0000000000
60240  44.692  -27.895  76.769 0.0000000000
60259  44.852  -28.063  76.100 0.0000000000
60242  44.073  -28.080  76.457 0.0000000000
139958  44.281  -28.104  75.506 0.0000000000
152468  45.564  -28.092  75.563 0.0000000000
60288  45.422  -28.070  74.686 0.0000000000
61228  45.351  -27.779  73.523 0.0000000000
61245  44.802  -27.485  72.467 0.0000000000
60279  41.261  -27.261  75.341 0.0000000000
60292  41.918  -27.561  74.238 0.0000000000
61247  41.412  -27.247  72.770 0.0000000000
61229  42.095  -27.493  73.369 0.0000000000
60305  43.678  -27.569  72.777 0.0000000000
61259  45.100  -27.198  71.972 0.0000000000
62205  44.541  -26.478  70.250 0.0000000000
146228  43.344  -26.651  69.978 0.0000000000
138314  40.129  -27.285  68.345 0.0000000000
61346  40.578  -27.492  67.777 0.0000000000
132079  38.844  -27.141  68.197 0.0000000000
61347  39.585  -27.386  67.733 0.0000000000
60308  35.286  -28.115  72.741 0.0000000000
153029  35.075  -28.041  72.128 0.0000000000
60315  35.131  -27.822  71.403 0.0000000000
60321  35.225  -27.601  70.424 0.0000000000
61307  35.021  -27.668  69.429 0.0000000000
61351  34.907  -27.617  68.007 0.0000000000
59369  33.129  -28.819  68.889 0.0000000000
60351  32.785  -28.793  67.879 0.0000000000
139953  33.786  -28.292  68.817 0.0000000000
60349  34.255  -27.979  68.364 0.0000000000
156533  32.691  -37.141  80.028 0.0000000000
49469  32.269  -37.135  78.793 0.0000000000
50576  31.953  -36.875  78.072 0.0000000000
49485  31.430  -37.312  77.745 0.0000000000
50577  31.655  -37.020  77.673 0.0000000000
50591  31.711  -36.659  77.335 0.0000000000
51692  31.578  -36.446  76.748 0.0000000000
49488  29.600  -37.823  76.702 0.0000000000
49505  30.020  -37.341  76.137 0.0000000000
50608  30.238  -36.824  75.494 0.0000000000
50621  29.685  -36.898  74.938 0.0000000000
136229  30.467  -36.515  75.063 0.0000000000
51723  30.568  -36.239  74.061 0.0000000000
52739  30.924  -35.824  73.688 0.0000000000
51748  30.265  -35.926  72.653 0.0000000000
52757  30.493  -35.505  72.254 0.0000000000
52758  30.252  -35.296  71.569 0.0000000000
51750  29.618  -35.721  71.921 0.0000000000
51767  29.833  -35.481  71.329 0.0000000000
52773  30.037  -35.088  70.764 0.0000000000
52789  29.687  -34.785  69.999 0.0000000000
53890  29.075  -34.314  68.861 0.0000000000
53899  28.795  -33.895  68.180 0.0000000000
48497  24.003  -38.547  74.322 0.0000000000
49572  24.498  -37.643  72.980 0.0000000000
50654  25.339  -37.152  72.792 0.0000000000
131153  25.799  -36.666  72.271 0.0000000000
50709  22.323  -36.989  69.387 0.0000000000
50708  23.043  -36.817  69.780 0.0000000000
51774  23.767  -36.539  70.083 0.0000000000
51818  23.478  -35.903  68.682 0.0000000000
51798  24.080  -36.016  69.484 0.0000000000
51772  25.463  -36.081  70.718 0.0000000000
51770  27.186  -35.588  70.590 0.0000000000
51795  27.571  -35.394  69.906 0.0000000000
52809  26.770  -34.856  68.600 0.0000000000
52808  27.576  -34.813  68.777 0.0000000000
53900  28.240  -34.083  67.743 0.0000000000
54971  28.482  -33.534  67.433 0.0000000000
73015  50.299  -15.408  60.423 0.0000000000
73027  49.708  -15.449  59.636 0.0000000000
132666  50.053  -15.430  59.042 0.0000000000
73041  48.481  -15.657  58.751 0.0000000000
71991  48.654  -15.898  57.910 0.0000000000
156607  49.259  -15.561  58.162 0.0000000000
158449  49.277  -17.418  56.427 0.0000000000
70923  49.140  -17.888  56.143 0.0000000000
69892  45.947  -18.526  56.887 0.0000000000
68972  40.434  -19.352  63.474 0.0000000000
68986  39.617  -19.704  62.191 0.0000000000
68999  39.417  -19.580  61.225 0.0000000000
68075  38.437  -20.705  61.125 0.0000000000
68086  38.728  -20.067  60.658 0.0000000000
41864  13.960  -43.523  89.509 0.0000000000
41866  13.202  -43.119  89.275 0.0000000000
41878  13.021  -43.564  88.013 0.0000000000
41884  13.331  -44.144  87.352 0.0000000000
41885  12.915  -43.883  87.472 0.0000000000
41905  12.014  -44.237  84.733 0.0000000000
42818  13.172  -42.406  91.091 0.0000000000
42825  14.526  -42.761  90.392 0.0000000000
42827  13.355  -42.780  90.445 0.0000000000
42828  12.925  -42.494  90.713 0.0000000000
42836  15.250  -42.700  89.517 0.0000000000
42839  13.708  -43.257  89.960 0.0000000000
42841  12.652  -42.576  89.915 0.0000000000
42850  14.371  -43.476  89.338 0.0000000000
42862  15.185  -43.030  88.446 0.0000000000
42864  12.883  -43.271  88.326 0.0000000000
42877  25.408  -43.226  87.761 0.0000000000
42878  14.549  -43.578  87.289 0.0000000000
42879  14.255  -44.033  87.610 0.0000000000
42884  30.098  -44.044  85.887 0.0000000000
42908  11.747  -43.954  85.378 0.0000000000
42913  30.048  -44.157  84.963 0.0000000000
43818  13.780  -41.172  92.510 0.0000000000
43819  13.405  -41.105  92.700 0.0000000000
43836  14.783  -41.728  91.421 0.0000000000
43905  15.355  -42.561  88.201 0.0000000000
43907  11.929  -42.852  87.218 0.0000000000
43930  31.035  -42.830  85.404 0.0000000000
43936  14.181  -43.347  85.593 0.0000000000
44864  15.037  -40.763  92.350 0.0000000000
44867  11.637  -41.069  92.867 0.0000000000
44874  15.675  -40.956  91.647 0.0000000000
44895  16.232  -40.896  90.681 0.0000000000
44907  24.321  -41.752  89.308 0.0000000000
44910  15.915  -41.500  89.511 0.0000000000
44944  15.514  -42.020  87.886 0.0000000000
45099  24.691  -41.261  78.645 0.0000000000
45915  14.948  -40.196  92.865 0.0000000000
45962  8.854  -41.047  89.066 0.0000000000
46000  32.247  -41.314  85.554 0.0000000000
46012  32.724  -40.782  84.289 0.0000000000
46181  20.827  -40.157  75.037 0.0000000000
47115  33.530  -40.373  85.997 0.0000000000
47121  16.229  -39.870  86.471 0.0000000000
47146  32.864  -40.037  83.617 0.0000000000
48311  34.162  -38.995  85.652 0.0000000000
48408  14.580  -39.188  79.091 0.0000000000
49392  20.219  -38.109  88.575 0.0000000000
49426  33.273  -37.676  82.254 0.0000000000
50620  30.396  -36.367  74.366 0.0000000000
51583  33.052  -36.031  87.019 0.0000000000
51768  29.354  -35.512  71.127 0.0000000000
52627  34.979  -35.290  83.435 0.0000000000
52659  34.345  -35.245  80.935 0.0000000000
52774  29.605  -35.240  70.514 0.0000000000
53685  35.902  -33.974  83.887 0.0000000000
53699  36.212  -33.426  82.872 0.0000000000
53755  34.454  -33.707  79.011 0.0000000000
53881  29.833  -34.182  69.852 0.0000000000
54734  36.597  -32.843  82.422 0.0000000000
55872  37.682  -31.766  82.582 0.0000000000
55903  36.749  -32.173  81.882 0.0000000000
56940  35.289  -31.129  84.813 0.0000000000
56956  37.708  -30.885  83.647 0.0000000000
59194  38.368  -29.574  83.033 0.0000000000
59223  42.698  -27.117  78.455 0.0000000000
59232  43.822  -27.419  78.487 0.0000000000
59233  43.172  -27.470  78.303 0.0000000000
59245  44.503  -27.597  77.987 0.0000000000
59246  44.097  -28.208  77.828 0.0000000000
59248  42.801  -27.572  77.967 0.0000000000
59260  43.709  -27.962  77.397 0.0000000000
59276  43.592  -28.052  76.990 0.0000000000
59277  43.199  -27.866  77.206 0.0000000000
60151  38.185  -28.791  82.399 0.0000000000
60162  42.264  -26.203  78.959 0.0000000000
60175  43.243  -26.511  78.604 0.0000000000
60177  42.116  -26.693  78.734 0.0000000000
60189  44.024  -26.318  78.643 0.0000000000
60193  41.337  -26.604  78.625 0.0000000000
60194  41.262  -26.652  78.354 0.0000000000
60206  44.403  -26.346  77.701 0.0000000000
60207  44.392  -26.482  77.881 0.0000000000
60210  42.191  -27.265  78.079 0.0000000000
60211  41.783  -27.044  77.989 0.0000000000
60225  44.708  -26.859  77.243 0.0000000000
60239  44.735  -27.457  76.798 0.0000000000
60256  45.014  -27.211  76.270 0.0000000000
60258  45.183  -27.787  76.043 0.0000000000
60275  45.028  -28.180  75.361 0.0000000000
61128  41.579  -25.137  79.604 0.0000000000
61130  40.562  -25.292  80.330 0.0000000000
61139  42.990  -25.390  78.635 0.0000000000
61141  41.599  -25.728  79.408 0.0000000000
61142  41.096  -25.860  79.587 0.0000000000
61153  44.209  -26.243  79.183 0.0000000000
61154  43.853  -26.065  78.767 0.0000000000
61155  43.184  -25.830  78.514 0.0000000000
61162  44.313  -26.141  78.067 0.0000000000
61163  44.217  -26.325  78.182 0.0000000000
61176  44.443  -26.333  77.071 0.0000000000
61187  44.862  -26.769  76.334 0.0000000000
61213  46.332  -27.554  75.289 0.0000000000
61214  46.174  -27.919  75.154 0.0000000000
62080  42.396  -24.757  79.249 0.0000000000
62082  40.670  -25.164  80.884 0.0000000000
62094  42.895  -24.953  78.551 0.0000000000
62104  44.942  -26.131  79.916 0.0000000000
62105  44.750  -25.544  80.328 0.0000000000
62106  39.952  -25.743  79.947 0.0000000000
62113  40.100  -26.081  79.262 0.0000000000
62120  44.360  -25.769  78.136 0.0000000000
62128  44.662  -25.683  77.345 0.0000000000
62139  44.496  -26.121  76.737 0.0000000000
62141  44.847  -25.464  76.392 0.0000000000
62149  45.543  -26.432  75.478 0.0000000000
62977  41.508  -24.489  80.233 0.0000000000
62993  42.244  -24.429  79.433 0.0000000000
62994  41.243  -24.886  80.400 0.0000000000
63008  44.016  -25.048  78.922 0.0000000000
63012  38.442  -25.769  81.196 0.0000000000
63021  44.894  -24.973  80.259 0.0000000000
63887  39.248  -23.645  83.025 0.0000000000
63942  43.535  -23.936  78.671 0.0000000000
63954  44.613  -25.008  78.729 0.0000000000
63960  44.894  -24.607  78.051 0.0000000000
64928  41.659  -23.816  80.782 0.0000000000
64939  42.702  -22.671  80.171 0.0000000000
64943  43.191  -23.518  79.231 0.0000000000
64951  43.357  -22.969  79.578 0.0000000000
64952  43.132  -22.707  80.040 0.0000000000
64985  43.080  -24.519  74.246 0.0000000000
65092  41.387  -23.718  64.615 0.0000000000
65851  42.038  -22.654  80.573 0.0000000000
65852  42.384  -22.106  80.386 0.0000000000
65891  47.430  -23.513  73.292 0.0000000000
65909  49.388  -21.857  70.430 0.0000000000
65923  50.124  -22.114  69.974 0.0000000000
66011  41.708  -23.267  66.040 0.0000000000
66013  39.154  -23.291  66.404 0.0000000000
66029  38.738  -22.977  65.939 0.0000000000
66039  38.514  -23.058  64.914 0.0000000000
66888  41.226  -23.262  72.603 0.0000000000
66926  48.835  -21.384  70.746 0.0000000000
66948  49.556  -21.424  69.875 0.0000000000
66967  48.322  -21.379  67.849 0.0000000000
66969  46.695  -21.323  68.533 0.0000000000
66971  44.886  -22.026  68.942 0.0000000000
66983  47.066  -21.659  67.378 0.0000000000
67000  47.211  -21.961  66.889 0.0000000000
67972  47.513  -21.247  70.206 0.0000000000
67982  48.589  -21.059  69.591 0.0000000000
67983  47.846  -21.032  69.495 0.0000000000
67984  41.680  -19.441  68.979 0.0000000000
68021  39.822  -20.250  65.823 0.0000000000
68060  39.151  -20.392  62.644 0.0000000000
68985  40.333  -19.267  62.616 0.0000000000
69735  46.002  -18.523  74.568 0.0000000000
69791  43.255  -18.219  69.669 0.0000000000
69822  43.864  -17.541  64.663 0.0000000000
69824  41.769  -18.339  64.962 0.0000000000
69864  44.106  -17.978  62.956 0.0000000000
69865  43.346  -18.253  62.989 0.0000000000
69883  40.985  -18.178  60.804 0.0000000000
70775  50.502  -16.257  67.255 0.0000000000
70776  50.080  -16.265  67.344 0.0000000000
70777  49.585  -16.189  67.238 0.0000000000
70779  43.111  -17.097  68.429 0.0000000000
70790  48.269  -16.285  66.475 0.0000000000
70792  43.497  -16.398  67.791 0.0000000000
70802  49.918  -16.496  66.412 0.0000000000
70805  46.731  -16.575  65.598 0.0000000000
70816  51.799  -16.251  65.760 0.0000000000
70821  48.876  -16.427  65.889 0.0000000000
70835  53.259  -15.963  63.856 0.0000000000
70838  50.889  -16.179  65.594 0.0000000000
70862  46.052  -16.848  63.799 0.0000000000
70878  53.063  -15.741  62.712 0.0000000000
70889  44.524  -17.221  62.326 0.0000000000
70901  41.836  -16.601  58.884 0.0000000000
71766  46.340  -16.842  74.419 0.0000000000
71780  46.433  -16.719  73.665 0.0000000000
71843  49.514  -15.520  68.385 0.0000000000
71872  51.653  -15.816  66.646 0.0000000000
71873  51.039  -16.210  67.062 0.0000000000
71874  50.708  -16.248  67.286 0.0000000000
71879  44.078  -15.887  67.148 0.0000000000
71889  52.008  -16.054  66.061 0.0000000000
71901  52.358  -16.053  65.257 0.0000000000
71908  53.300  -15.700  63.942 0.0000000000
71931  49.553  -15.585  64.307 0.0000000000
71963  52.572  -15.426  61.557 0.0000000000
71966  45.071  -16.569  62.307 0.0000000000
72909  50.411  -15.174  68.725 0.0000000000
72910  50.141  -15.029  69.050 0.0000000000
72928  48.691  -15.199  68.146 0.0000000000
72929  47.494  -14.848  68.039 0.0000000000
72941  51.614  -15.039  66.850 0.0000000000
72942  51.190  -15.707  67.255 0.0000000000
72986  48.130  -15.408  63.692 0.0000000000
73031  44.362  -15.107  59.328 0.0000000000
73036  53.404  -14.581  58.504 0.0000000000
73039  50.735  -15.196  58.674 0.0000000000
73044  45.577  -15.138  58.257 0.0000000000
73995  50.730  -14.926  68.375 0.0000000000
74000  45.798  -14.082  68.863 0.0000000000
130612  43.316  -27.880  76.421 0.0000000000
131170  44.554  -27.098  77.778 0.0000000000
131374  49.160  -21.644  67.738 0.0000000000
131672  51.552  -16.241  65.317 0.0000000000
131691  51.937  -15.488  61.780 0.0000000000
132058  35.402  -28.240  73.363 0.0000000000
132677  37.378  -26.891  69.813 0.0000000000
132781  50.989  -16.284  66.488 0.0000000000
133490  48.871  -21.697  70.906 0.0000000000
134164  44.183  -25.782  78.991 0.0000000000
134173  50.535  -16.354  66.534 0.0000000000
135517  45.274  -14.690  59.145 0.0000000000
136460  52.112  -14.886  57.881 0.0000000000
136672  35.568  -30.665  76.141 0.0000000000
136972  49.900  -21.697  69.968 0.0000000000
137511  33.228  -37.120  81.208 0.0000000000
139116  12.408  -42.450  89.619 0.0000000000
139221  45.079  -17.100  65.008 0.0000000000
139603  12.949  -42.857  89.542 0.0000000000
142168  40.895  -26.246  79.190 0.0000000000
142471  42.528  -23.837  79.423 0.0000000000
142530  38.788  -21.196  63.951 0.0000000000
143445  39.343  -21.304  67.388 0.0000000000
146126  46.659  -21.487  69.994 0.0000000000
146199  14.864  -43.418  88.671 0.0000000000
146723  38.264  -30.270  82.751 0.0000000000
147100  14.155  -44.023  86.341 0.0000000000
149083  45.518  -17.340  64.092 0.0000000000
149744  31.131  -42.118  83.906 0.0000000000
150181  44.091  -24.737  79.027 0.0000000000
150344  21.978  -40.209  86.927 0.0000000000
150527  44.506  -25.745  77.142 0.0000000000
150706  51.326  -16.216  66.667 0.0000000000
150757  28.773  -34.658  69.084 0.0000000000
150768  27.080  -43.999  83.451 0.0000000000
150886  40.212  -24.421  82.945 0.0000000000
151068  47.005  -16.444  64.407 0.0000000000
151093  15.339  -41.909  90.568 0.0000000000
152001  35.729  -30.053  75.875 0.0000000000
152193  45.059  -25.189  79.602 0.0000000000
152861  43.986  -26.171  79.419 0.0000000000
153260  15.455  -39.558  83.433 0.0000000000
154474  44.138  -27.653  78.144 0.0000000000
154525  50.389  -15.504  63.779 0.0000000000
155253  44.655  -25.754  77.743 0.0000000000
155283  27.188  -43.848  88.115 0.0000000000
155289  26.419  -38.933  76.302 0.0000000000
155644  46.387  -23.247  66.112 0.0000000000
156010  30.200  -36.329  74.000 0.0000000000
156225  45.562  -15.912  62.148 0.0000000000
156411  14.505  -43.636  88.882 0.0000000000
158129  47.000  -16.585  65.314 0.0000000000
