#!ascii label  , from subject sub-v1s8x0051333_ses-1 vox2ras=TkReg
2362
6711  16.021  -83.130  -0.201 0.6999999881
6087  15.155  -83.747  -0.385 0.8000000119
5487  14.742  -84.404  0.419 0.8000000119
5501  14.179  -85.079  0.023 0.6999999881
6730  15.530  -83.464  -2.190 0.6000000238
6722  15.484  -83.333  -1.064 0.6000000238
143919  14.005  -84.982  -0.860 0.6000000238
6739  15.431  -83.653  -2.844 0.6000000238
6080  15.249  -83.620  0.563 0.8000000119
5473  14.585  -84.749  2.035 0.6999999881
4881  13.899  -85.871  1.737 0.6999999881
6721  16.130  -83.217  -1.316 0.6000000238
6712  15.561  -83.405  -0.108 0.6999999881
4893  13.883  -85.887  0.663 0.6999999881
6121  16.018  -83.823  -2.880 0.6000000238
144997  16.272  -84.242  -3.231 0.6000000238
6129  15.670  -84.107  -3.796 0.6000000238
132354  15.336  -85.783  -4.941 0.6000000238
4968  14.988  -85.327  -5.579 0.6000000238
6685  15.691  -82.869  2.852 0.8000000119
6673  15.541  -82.961  3.820 0.8000000119
6055  14.623  -84.061  3.342 0.6999999881
6044  14.294  -83.825  3.820 0.6999999881
138369  13.644  -84.169  3.612 0.6999999881
6695  15.769  -82.868  1.855 0.8000000119
6068  14.894  -84.012  2.431 0.6999999881
5450  14.097  -84.552  3.356 0.6999999881
6702  15.807  -83.113  0.811 0.6999999881
137688  14.891  -84.095  1.345 0.8000000119
4870  14.116  -85.322  2.401 0.6999999881
6701  16.700  -82.849  0.743 0.6999999881
155696  16.688  -83.352  -1.648 0.6999999881
6120  16.891  -84.046  -2.500 0.6000000238
6110  16.733  -83.594  -2.075 0.6000000238
4956  15.648  -85.091  -4.574 0.6000000238
5541  15.849  -84.547  -4.076 0.6000000238
4379  15.139  -86.761  -4.751 0.6000000238
3343  16.345  -88.807  -5.430 0.6999999881
3350  15.812  -88.365  -6.156 0.6000000238
2862  18.515  -89.346  -5.550 0.5000000000
3342  17.430  -89.012  -5.582 0.6000000238
2861  19.700  -89.491  -5.710 0.5000000000
6661  15.916  -82.342  4.392 0.8999999762
150666  15.230  -82.758  4.419 0.8000000119
6662  14.822  -82.479  4.649 0.6999999881
6694  16.247  -82.219  2.342 0.6999999881
7349  16.474  -81.783  3.003 0.8999999762
6674  13.653  -82.787  4.092 0.6999999881
7369  17.160  -82.205  1.320 0.8000000119
151283  16.762  -81.965  1.782 0.8000000119
6700  17.654  -82.452  0.718 0.8000000119
6719  19.284  -82.719  -0.871 0.6999999881
6710  16.996  -83.036  -0.083 0.6999999881
6096  18.559  -83.378  -1.328 0.8000000119
6108  18.850  -83.843  -1.912 0.8000000119
150233  17.007  -84.493  -2.802 0.6999999881
5532  16.552  -84.757  -3.337 0.6999999881
4378  15.942  -85.947  -4.065 0.6000000238
3344  15.465  -88.509  -5.095 0.6999999881
2863  17.596  -89.372  -4.928 0.6999999881
8135  17.302  -80.398  3.532 0.8999999762
7312  16.027  -81.172  5.246 0.8000000119
7340  14.487  -81.475  4.566 0.6999999881
7357  17.306  -81.444  1.687 0.8000000119
8152  17.345  -80.669  2.333 0.8000000119
7368  17.902  -81.596  1.155 0.6999999881
7393  20.201  -81.692  -1.307 0.6999999881
7382  19.256  -81.629  -0.207 0.6000000238
6708  18.950  -82.304  -0.260 0.8000000119
6094  20.338  -82.964  -2.018 0.8000000119
5521  19.437  -84.153  -2.550 0.8000000119
5531  17.633  -85.041  -3.018 0.6999999881
4377  16.929  -86.036  -3.485 0.8000000119
4955  16.738  -85.389  -3.408 0.6999999881
4361  16.135  -86.687  -3.424 0.8000000119
153557  15.959  -88.819  -2.771 0.6999999881
3336  15.407  -88.447  -4.109 0.6999999881
4362  15.489  -87.119  -3.905 0.6999999881
2849  17.171  -89.474  -4.135 0.6999999881
3335  16.684  -89.187  -4.746 0.6999999881
15079  12.926  -72.489  -1.820 0.6000000238
17028  12.518  -70.599  -1.113 0.6000000238
16057  11.935  -71.534  -2.567 0.6000000238
17959  12.049  -69.210  -2.022 0.6999999881
8121  17.232  -80.226  4.471 0.8999999762
8098  15.802  -80.685  5.310 0.6999999881
8183  18.441  -80.731  0.669 0.6000000238
8193  19.917  -80.956  -1.482 0.6000000238
8182  19.171  -80.763  -0.091 0.6000000238
6717  20.665  -82.147  -2.037 0.6999999881
6128  21.180  -83.225  -4.135 0.6999999881
6728  20.930  -82.726  -2.729 0.6999999881
12231  16.951  -75.526  3.636 0.6999999881
11320  16.015  -76.419  2.677 0.6999999881
5529  20.239  -84.208  -3.266 0.8000000119
6107  20.418  -83.515  -2.668 0.8000000119
13174  17.209  -74.249  3.147 0.6000000238
12243  16.620  -74.898  2.968 0.6000000238
12244  15.925  -75.598  2.251 0.6999999881
5530  19.008  -84.803  -3.029 0.6999999881
12257  15.911  -74.590  1.991 0.5000000000
12258  15.391  -75.300  1.427 0.6999999881
4376  18.148  -86.231  -3.714 0.8000000119
4943  17.808  -85.709  -3.438 0.8000000119
14065  17.093  -73.460  2.862 0.5000000000
15016  16.169  -72.559  2.236 0.5000000000
133402  15.499  -88.301  -3.127 0.6999999881
16966  17.103  -70.669  2.465 0.5000000000
16964  18.073  -69.856  2.266 0.6000000238
16979  16.254  -70.246  1.985 0.5000000000
16004  15.008  -71.202  1.173 0.6000000238
15043  14.631  -72.070  0.826 0.6999999881
14138  14.038  -73.371  -0.558 0.6999999881
17905  15.699  -69.681  1.211 0.5000000000
16005  14.105  -71.164  0.665 0.6000000238
151641  13.674  -71.930  0.356 0.6000000238
145044  12.744  -71.863  -0.932 0.6000000238
17904  16.612  -69.553  1.471 0.6000000238
16018  13.340  -71.036  0.246 0.6000000238
16029  12.796  -70.889  -0.380 0.6000000238
17915  17.157  -69.234  0.793 0.5000000000
17916  14.979  -69.904  0.602 0.5000000000
17027  13.677  -69.675  -0.589 0.6000000238
17038  12.344  -70.201  -1.493 0.6000000238
18958  13.162  -68.537  -1.602 0.6999999881
19983  12.540  -67.818  -1.454 0.6000000238
19985  10.760  -67.623  -1.375 0.6999999881
17006  14.889  -69.934  -0.788 0.6000000238
17018  15.089  -69.789  -1.044 0.6000000238
17977  14.842  -68.681  -1.445 0.6000000238
18957  14.408  -68.229  -1.487 0.6999999881
21007  14.207  -67.142  -0.929 0.5000000000
8096  16.944  -80.102  4.985 0.8999999762
8168  18.276  -79.819  0.450 0.6000000238
156792  18.013  -79.673  0.988 0.6999999881
9649  16.529  -79.160  5.103 0.8000000119
8123  14.669  -80.640  4.322 0.6999999881
10436  16.153  -78.524  4.626 0.6999999881
10434  17.599  -77.580  4.600 0.8000000119
7404  20.398  -81.454  -2.208 0.6999999881
12215  17.367  -76.215  3.967 0.8000000119
11305  16.608  -76.371  3.713 0.6000000238
13173  17.768  -74.568  3.364 0.6999999881
14081  18.063  -73.578  2.771 0.6000000238
136753  19.012  -85.830  -3.796 0.8000000119
4954  20.325  -85.497  -4.475 0.8000000119
4375  19.442  -86.340  -4.087 0.8000000119
14082  17.543  -73.042  2.772 0.5000000000
4360  17.347  -86.543  -3.271 0.8000000119
15983  17.225  -71.495  2.675 0.5000000000
16992  19.032  -70.337  1.305 0.5000000000
16977  19.053  -69.617  1.284 0.6000000238
15982  17.915  -70.637  2.497 0.6000000238
150957  18.863  -69.151  1.054 0.6000000238
138990  18.906  -68.969  0.326 0.6000000238
21988  13.330  -65.664  0.091 0.5000000000
131930  16.821  -69.335  -0.413 0.5000000000
20993  13.779  -66.582  -0.231 0.5000000000
20994  12.796  -66.512  -0.221 0.6000000238
17956  17.318  -69.253  -2.263 0.6000000238
17976  15.946  -68.738  -1.782 0.6999999881
20007  15.898  -68.104  -1.855 0.6999999881
19993  14.359  -67.952  -1.596 0.6999999881
17955  18.225  -69.152  -2.592 0.6000000238
19992  15.322  -67.978  -1.786 0.6000000238
17974  17.658  -68.898  -2.583 0.6999999881
20006  16.657  -68.294  -2.024 0.6000000238
21019  17.608  -67.367  -1.705 0.5000000000
8865  17.651  -79.734  2.852 0.6999999881
9672  18.047  -78.915  3.271 0.6999999881
9660  18.055  -78.724  4.222 0.6999999881
9654  17.614  -78.485  4.660 0.8000000119
10433  18.153  -77.074  4.248 0.6999999881
13172  18.220  -74.890  3.341 0.6999999881
11291  18.029  -76.294  3.996 0.6999999881
23925  14.098  -63.385  -0.125 0.5000000000
17026  22.226  -70.317  -2.131 0.5000000000
17928  20.766  -69.275  -0.504 0.6000000238
22933  12.850  -64.502  -0.037 0.5000000000
133094  22.115  -69.218  -2.227 0.5000000000
17970  22.853  -69.848  -2.709 0.5000000000
17940  20.112  -69.129  -1.201 0.6000000238
132475  17.988  -69.252  -0.749 0.6000000238
139780  14.952  -66.954  -1.094 0.5000000000
17986  22.643  -68.863  -2.770 0.5000000000
17953  20.911  -68.915  -2.301 0.6000000238
146739  19.582  -68.618  -2.895 0.6000000238
138281  21.430  -68.239  -2.767 0.6000000238
138685  17.886  -79.124  2.296 0.6999999881
9671  18.264  -78.281  2.376 0.6999999881
9659  18.419  -78.073  3.574 0.6999999881
20004  20.141  -67.601  -2.811 0.5000000000
17984  23.966  -69.601  -3.472 0.5000000000
21018  18.343  -67.151  -1.795 0.5000000000
18961  22.972  -68.582  -2.954 0.5000000000
20003  21.196  -67.692  -2.893 0.5000000000
147089  19.417  -68.176  -2.951 0.5000000000
141079  17.863  -68.000  -2.426 0.5000000000
21014  22.221  -66.469  -2.296 0.5000000000
22002  21.906  -65.935  -1.744 0.5000000000
19988  24.746  -68.136  -2.116 0.5000000000
140169  22.917  -66.596  -2.282 0.5000000000
21030  19.962  -66.979  -2.296 0.5000000000
18949  24.806  -68.532  -2.875 0.5000000000
21026  23.461  -67.114  -2.533 0.5000000000
21028  21.714  -67.004  -2.719 0.5000000000
18959  24.206  -68.948  -3.359 0.5000000000
20011  22.716  -68.047  -2.952 0.5000000000
19982  24.366  -67.516  -1.696 0.5000000000
24958  13.196  -63.461  1.449 0.6000000238
22897  11.251  -64.796  1.613 0.6000000238
24969  13.591  -63.225  0.546 0.5000000000
23888  13.657  -63.543  2.179 0.6999999881
140970  12.226  -64.689  2.262 0.6000000238
20956  10.961  -66.136  1.910 0.6000000238
19910  12.353  -67.775  2.696 0.6999999881
23887  14.226  -63.907  2.412 0.6000000238
22884  13.300  -65.069  2.538 0.6999999881
20941  12.039  -66.635  2.559 0.6999999881
19911  11.608  -67.431  2.339 0.6999999881
19909  13.082  -67.963  3.170 0.8000000119
24943  15.709  -62.585  2.038 0.5000000000
24944  14.685  -62.749  2.056 0.5000000000
20940  12.813  -66.698  2.663 0.8000000119
21939  13.845  -65.914  2.674 0.6000000238
17867  13.919  -69.127  4.343 0.6999999881
27098  17.268  -60.815  1.742 0.5000000000
27111  16.764  -61.255  1.002 0.5000000000
19897  13.814  -68.103  3.647 0.6999999881
142946  13.341  -69.233  3.789 0.6999999881
20929  14.160  -67.548  3.449 0.6999999881
22893  15.090  -64.556  2.566 0.6999999881
16931  14.148  -70.317  5.142 0.6999999881
18839  14.332  -68.679  4.366 0.6999999881
23886  16.416  -63.322  2.385 0.6000000238
21937  15.484  -66.238  2.812 0.8000000119
20868  12.096  -65.968  9.162 0.6999999881
19830  13.625  -66.842  9.531 0.8000000119
29259  17.873  -58.117  2.983 0.4000000060
17842  14.846  -70.148  5.737 0.6999999881
28196  17.945  -59.498  2.842 0.5000000000
18838  15.036  -69.038  5.186 0.6999999881
26043  17.206  -61.609  2.225 0.6000000238
23872  17.536  -63.246  2.987 0.6000000238
20928  15.268  -67.642  3.757 0.6999999881
21946  16.744  -65.187  2.813 0.8000000119
20937  15.880  -67.011  3.290 0.8000000119
23765  0.873  -63.672  13.033 0.5000000000
23785  1.072  -63.635  11.668 0.5000000000
22819  1.104  -64.560  10.891 0.5000000000
152794  8.083  -64.071  5.547 0.5000000000
158022  9.395  -63.907  7.120 0.6000000238
23857  8.596  -62.899  6.080 0.6000000238
21927  7.375  -64.686  5.590 0.6000000238
20871  4.404  -65.987  8.487 0.6000000238
21897  9.655  -65.058  7.407 0.6999999881
21911  8.848  -64.891  6.764 0.6999999881
148893  10.431  -65.250  8.206 0.6999999881
20870  10.266  -66.080  8.275 0.6999999881
18810  16.424  -68.532  6.969 0.6999999881
19852  16.358  -67.533  8.019 0.6999999881
19828  15.726  -67.039  9.132 0.8000000119
29246  17.588  -58.168  3.395 0.5000000000
18824  15.837  -69.226  6.148 0.6999999881
26042  17.753  -60.835  2.817 0.6000000238
19885  15.352  -68.501  4.948 0.8000000119
22882  17.308  -64.777  3.333 0.6999999881
20912  16.510  -67.390  5.231 0.8000000119
19896  15.728  -67.981  4.642 0.8000000119
25880  1.096  -62.944  14.078 0.5000000000
24816  1.357  -63.178  12.499 0.6000000238
25915  2.156  -62.497  12.416 0.5000000000
24832  1.352  -63.343  11.623 0.6000000238
22820  0.979  -63.945  10.323 0.6000000238
22825  1.208  -64.405  9.830 0.6000000238
22833  1.596  -64.218  9.365 0.6000000238
151312  2.535  -64.749  8.572 0.5000000000
24919  8.107  -62.908  5.636 0.5000000000
23874  7.108  -63.731  5.378 0.5000000000
24902  9.608  -61.902  6.116 0.6000000238
155101  6.486  -64.131  5.495 0.6000000238
21914  6.167  -65.083  6.081 0.6999999881
141972  2.930  -65.138  8.381 0.6000000238
24888  10.466  -62.662  6.915 0.6000000238
22850  10.495  -63.971  7.605 0.6999999881
20896  9.403  -65.546  7.283 0.6999999881
20913  8.413  -65.119  6.352 0.6999999881
20898  7.308  -65.997  6.745 0.8000000119
20901  5.101  -65.424  7.097 0.6999999881
23826  11.088  -63.444  7.611 0.6999999881
21874  11.185  -64.793  8.466 0.6999999881
23815  12.367  -63.396  8.360 0.6999999881
145609  12.802  -65.534  8.856 0.8000000119
21870  15.447  -65.479  8.362 0.8000000119
20866  14.215  -66.210  9.134 0.8000000119
28180  17.810  -59.633  4.094 0.5000000000
26017  16.701  -61.149  5.095 0.6000000238
153158  16.507  -66.911  7.486 0.8000000119
20881  16.019  -66.442  8.347 0.8000000119
23856  17.641  -63.237  3.748 0.6000000238
26016  17.465  -61.483  4.585 0.6999999881
20895  16.802  -66.441  5.832 0.8000000119
22873  17.566  -64.177  4.062 0.6999999881
21909  16.881  -65.886  5.335 0.6999999881
21925  17.072  -66.061  4.298 0.8000000119
134720  1.497  -62.277  14.781 0.4000000060
25895  1.948  -62.331  13.141 0.5000000000
24830  2.089  -62.828  11.696 0.4000000060
24846  1.779  -63.332  10.556 0.5000000000
23827  3.114  -64.204  8.052 0.5000000000
24918  8.876  -62.085  6.112 0.5000000000
26024  6.607  -62.841  5.561 0.6000000238
24922  5.584  -63.656  5.814 0.6000000238
22853  3.755  -64.621  7.398 0.6000000238
26004  10.499  -61.479  5.659 0.6000000238
21915  5.038  -64.716  6.324 0.6999999881
21886  4.346  -65.194  7.287 0.6999999881
24900  11.018  -61.890  6.317 0.6000000238
22840  13.962  -64.579  8.294 0.8000000119
23844  15.854  -63.151  6.348 0.6999999881
21894  16.627  -65.460  6.306 0.6999999881
152467  16.263  -65.041  6.998 0.8000000119
22838  15.678  -64.346  7.332 0.8000000119
23843  16.606  -63.462  5.782 0.6999999881
24790  2.648  -62.155  14.310 0.4000000060
25848  2.011  -61.748  15.439 0.4000000060
25834  1.926  -61.678  16.312 0.4000000060
131640  2.589  -62.696  11.868 0.5000000000
24798  2.773  -62.346  13.453 0.4000000060
25821  1.346  -61.681  17.068 0.5000000000
24866  2.286  -63.682  9.363 0.5000000000
25993  4.686  -62.755  7.380 0.5000000000
133061  3.954  -63.692  7.264 0.5000000000
27022  5.522  -61.309  8.094 0.5000000000
23849  4.556  -64.100  6.446 0.6999999881
25967  11.789  -62.081  7.971 0.6000000238
145248  14.098  -63.958  7.917 0.8000000119
26018  15.708  -60.801  5.519 0.6000000238
24898  15.440  -62.372  6.257 0.6000000238
25987  14.446  -61.496  6.411 0.6999999881
24887  14.062  -62.128  6.913 0.6999999881
22849  15.545  -63.598  6.888 0.6999999881
25806  1.516  -61.854  19.473 0.3000000119
23750  3.500  -62.943  13.250 0.4000000060
138470  3.365  -62.733  14.115 0.3000000119
24789  3.246  -62.587  14.979 0.4000000060
24774  3.174  -62.422  15.922 0.4000000060
25820  2.244  -61.776  17.260 0.4000000060
151147  1.724  -61.642  17.766 0.5000000000
24829  3.244  -63.106  11.118 0.4000000060
25805  2.441  -61.917  19.203 0.3000000119
24845  2.419  -63.331  10.306 0.4000000060
27038  5.575  -61.472  7.290 0.5000000000
25955  4.125  -62.955  9.185 0.4000000060
27037  6.152  -61.054  6.909 0.6000000238
24844  3.692  -63.527  10.019 0.4000000060
28142  6.359  -60.117  7.885 0.4000000060
25968  4.695  -62.700  8.662 0.5000000000
23825  13.400  -63.321  7.862 0.6999999881
23835  14.735  -62.947  7.036 0.6999999881
139182  0.993  -61.708  17.843 0.4000000060
24749  3.191  -62.353  17.674 0.4000000060
24723  3.119  -62.244  19.810 0.3000000119
23784  3.778  -63.505  11.519 0.3000000119
151504  4.672  -62.999  9.186 0.4000000060
28119  6.325  -60.150  8.855 0.4000000060
26999  5.692  -61.556  8.835 0.4000000060
23743  3.937  -63.126  14.778 0.3000000119
23732  3.845  -63.009  15.600 0.3000000119
24762  3.394  -62.570  16.806 0.4000000060
23708  3.989  -63.036  17.382 0.3000000119
24738  3.331  -62.468  18.977 0.3000000119
138230  4.073  -63.302  13.942 0.3000000119
24828  4.088  -63.741  10.408 0.3000000119
25935  5.598  -62.152  9.214 0.3000000119
24843  4.954  -63.446  9.750 0.3000000119
28104  6.609  -60.185  9.222 0.3000000119
140304  4.318  -63.429  16.087 0.3000000119
23707  4.704  -63.611  17.996 0.3000000119
23731  4.417  -63.529  15.410 0.3000000119
23718  4.622  -63.662  16.915 0.3000000119
23800  5.231  -63.694  10.017 0.3000000119
24855  6.426  -62.301  9.592 0.3000000119
26998  6.714  -61.050  9.431 0.3000000119
25800  2.473  -61.982  20.276 0.3000000119
22768  5.189  -64.175  14.511 0.3000000119
22758  5.674  -64.586  15.229 0.3000000119
24841  6.672  -62.944  9.900 0.3000000119
13200  15.419  -73.896  1.384 0.6000000238
14118  15.087  -73.070  0.950 0.6999999881
13225  14.709  -74.611  0.024 0.6999999881
144523  14.319  -74.154  -0.438 0.6999999881
24878  3.512  -63.395  8.623 0.4000000060
24889  4.869  -63.080  6.612 0.6000000238
24737  4.177  -62.923  19.252 0.3000000119
5513  14.371  -84.432  -1.371 0.6999999881
4311  13.299  -86.354  2.034 0.6999999881
153780  17.291  -83.172  -0.876 0.8000000119
152531  15.064  -88.127  -5.563 0.6000000238
3836  15.063  -87.798  -4.615 0.6999999881
7383  18.629  -81.813  0.466 0.6000000238
8845  15.279  -80.062  4.712 0.6999999881
5540  19.866  -84.997  -3.855 0.8000000119
3328  15.318  -87.824  -3.670 0.6999999881
3827  16.615  -87.137  -2.825 0.8000000119
19994  13.231  -67.973  -1.628 0.6999999881
15042  15.477  -72.131  1.675 0.5000000000
15056  12.973  -71.920  -0.192 0.6000000238
21011  10.239  -67.107  -0.753 0.6000000238
17975  17.027  -69.046  -2.223 0.6999999881
10435  16.744  -77.648  4.591 0.8000000119
15029  18.259  -72.182  2.117 0.5000000000
15992  18.470  -71.108  1.989 0.6000000238
17954  19.963  -69.102  -2.328 0.6000000238
19871  16.606  -67.784  6.765 0.8000000119
1471  22.953  -91.811  -0.443 0.4000000060
1465  23.519  -91.612  0.779 0.4000000060
2364  23.676  -90.328  -3.501 0.3000000119
1478  22.918  -91.721  -1.382 0.4000000060
1132  22.340  -92.327  -0.818 0.4000000060
156027  23.068  -91.867  0.296 0.4000000060
3290  22.419  -88.573  -0.454 0.4000000060
3289  24.125  -88.564  -0.865 0.5000000000
3288  24.529  -88.942  -0.816 0.5000000000
3316  23.456  -89.103  -2.068 0.3000000119
3314  24.312  -89.358  -2.134 0.4000000060
2358  24.680  -90.224  -1.457 0.4000000060
2812  23.436  -89.411  -2.874 0.3000000119
2361  24.438  -90.119  -2.313 0.3000000119
1926  23.603  -91.244  -1.435 0.3000000119
2844  23.511  -90.018  -3.996 0.3000000119
2802  21.849  -89.507  -1.444 0.4000000060
2791  21.904  -89.118  -0.805 0.4000000060
3279  21.946  -88.185  0.328 0.5000000000
2792  21.052  -89.590  -0.625 0.3000000119
2813  22.661  -89.387  -2.208 0.3000000119
2846  22.327  -89.756  -4.815 0.4000000060
153722  21.619  -89.826  -3.112 0.3000000119
2847  19.985  -89.738  -4.761 0.4000000060
152663  21.294  -89.724  -4.787 0.4000000060
2860  20.795  -89.632  -5.788 0.4000000060
2780  20.713  -89.269  0.179 0.4000000060
2782  19.148  -89.400  0.841 0.4000000060
138952  20.321  -89.951  -0.879 0.4000000060
136855  18.830  -89.658  0.135 0.4000000060
3786  18.109  -88.428  0.392 0.5000000000
2804  20.107  -90.203  -1.583 0.4000000060
133740  18.406  -89.684  -0.662 0.4000000060
2832  20.414  -89.949  -3.984 0.5000000000
2817  18.280  -89.940  -2.374 0.4000000060
138552  18.879  -89.867  -4.165 0.4000000060
3349  17.076  -88.550  -6.345 0.6000000238
2871  19.373  -89.174  -6.444 0.4000000060
157911  19.281  -87.321  -0.203 0.6000000238
3799  18.810  -87.560  -0.524 0.6000000238
2796  17.349  -89.181  -0.530 0.6000000238
3304  16.821  -88.288  -0.731 0.6000000238
2808  16.286  -88.701  -1.476 0.6000000238
146504  16.799  -87.786  -1.177 0.6999999881
144740  17.730  -89.804  -2.910 0.5000000000
2819  16.312  -89.046  -2.065 0.6000000238
3819  16.274  -87.752  -1.974 0.6999999881
3814  21.184  -87.499  -2.772 0.6999999881
3824  20.380  -87.490  -3.267 0.6999999881
4340  19.927  -87.499  -1.668 0.6000000238
3816  19.493  -87.461  -2.468 0.6999999881
4374  20.109  -86.611  -4.342 0.6999999881
4390  20.567  -86.033  -4.714 0.6999999881
155989  20.843  -84.640  -4.559 0.6999999881
3818  17.342  -87.350  -2.119 0.6999999881
3834  19.548  -86.916  -3.965 0.6999999881
3826  17.834  -87.048  -3.149 0.6999999881
3853  21.875  -86.761  -5.266 0.5000000000
4402  22.044  -86.152  -5.831 0.6000000238
148785  20.076  -87.226  -3.912 0.6999999881
149506  21.137  -86.038  -5.082 0.6000000238
4967  21.119  -85.222  -5.228 0.6999999881
5561  21.255  -84.365  -6.389 0.6999999881
3825  19.474  -87.279  -3.446 0.6999999881
5549  21.356  -84.386  -5.419 0.6999999881
144442  21.235  -83.793  -4.793 0.6000000238
4403  21.673  -85.648  -5.785 0.6000000238
4414  21.493  -84.710  -7.569 0.6000000238
5550  20.773  -83.709  -6.314 0.6000000238
4981  20.710  -84.292  -7.156 0.6000000238
8205  19.350  -80.235  -1.817 0.5000000000
4321  12.802  -87.166  0.899 0.6000000238
4331  13.328  -86.473  0.266 0.6000000238
6138  20.358  -83.104  -5.979 0.6000000238
6747  20.401  -82.125  -4.658 0.6000000238
7434  18.935  -80.932  -4.679 0.5000000000
7419  19.236  -80.664  -3.615 0.5000000000
4300  12.129  -86.315  2.356 0.6000000238
150928  12.712  -85.884  2.636 0.6000000238
4312  12.679  -86.842  1.799 0.6000000238
6148  19.769  -83.336  -6.778 0.6000000238
6748  19.396  -81.679  -5.128 0.5000000000
6738  20.784  -81.913  -3.780 0.5000000000
155975  12.294  -83.064  2.026 0.6000000238
6687  12.681  -82.915  2.606 0.6000000238
6056  12.213  -83.603  2.429 0.6000000238
4882  11.470  -85.634  2.216 0.6000000238
5462  12.329  -84.584  2.788 0.6000000238
7341  13.787  -81.902  4.029 0.6000000238
6046  12.871  -83.806  3.234 0.6000000238
9680  17.965  -78.926  1.321 0.6000000238
6139  19.336  -82.681  -6.460 0.6000000238
7351  12.906  -82.224  2.230 0.6000000238
8867  14.726  -79.688  2.693 0.6000000238
7350  13.612  -81.547  3.229 0.6000000238
8866  15.162  -79.076  3.177 0.6000000238
8137  14.403  -80.398  3.250 0.6000000238
10451  15.678  -77.735  2.984 0.5000000000
8855  15.452  -79.194  4.247 0.6000000238
9661  15.577  -78.394  3.642 0.5000000000
134124  11.278  -83.843  1.223 0.6999999881
6696  12.420  -82.523  1.634 0.6000000238
8138  13.911  -80.945  2.720 0.6000000238
8879  15.034  -79.053  2.183 0.6000000238
142240  15.340  -77.713  1.996 0.6000000238
8895  14.283  -79.443  -1.414 0.6000000238
152644  12.920  -81.916  1.576 0.6000000238
8155  13.841  -80.831  1.677 0.6000000238
9681  15.112  -78.445  1.811 0.5000000000
135532  14.234  -80.148  1.219 0.6000000238
9692  14.820  -78.049  0.049 0.6000000238
8890  14.379  -79.291  -0.532 0.6000000238
9705  14.445  -78.696  -1.105 0.6000000238
7358  13.260  -81.328  1.174 0.6000000238
139613  15.423  -76.076  1.559 0.6000000238
137380  14.486  -79.500  0.967 0.6000000238
10477  15.032  -77.328  0.501 0.5000000000
11377  14.948  -76.528  0.144 0.6000000238
140344  14.536  -77.977  -0.754 0.5000000000
139942  14.397  -77.233  -1.177 0.5000000000
12271  15.059  -75.046  0.641 0.6000000238
12280  14.704  -75.579  -0.137 0.6000000238
11378  14.475  -76.444  -0.690 0.6000000238
12281  14.303  -75.629  -1.058 0.6000000238
12293  14.141  -75.480  -1.858 0.6999999881
136365  14.065  -76.730  -2.519 0.6999999881
147617  13.797  -75.860  -3.393 0.6999999881
12342  13.335  -75.654  -4.509 0.6999999881
13226  14.341  -74.862  -0.687 0.6000000238
157208  14.202  -74.972  -1.360 0.6999999881
14172  13.380  -73.197  -2.592 0.6999999881
12305  14.040  -75.192  -2.470 0.6999999881
13267  13.585  -74.568  -3.694 0.6999999881
154748  13.048  -73.763  -4.314 0.6000000238
136323  13.528  -73.175  -1.860 0.6000000238
8207  18.151  -79.479  -3.398 0.5000000000
8195  19.117  -79.774  -1.035 0.5000000000
9719  17.762  -78.517  -3.150 0.5000000000
8903  18.285  -79.146  -2.784 0.5000000000
9704  18.389  -78.660  -1.500 0.6000000238
10528  16.864  -76.952  -3.818 0.6000000238
137927  17.104  -77.865  -3.775 0.6000000238
9718  18.055  -78.207  -2.339 0.6000000238
9691  18.356  -78.525  -0.501 0.6000000238
9685  18.151  -78.325  0.462 0.6000000238
11404  16.946  -76.333  -3.579 0.5000000000
136457  18.093  -76.951  -1.888 0.6000000238
10476  18.349  -77.425  0.723 0.6000000238
12292  18.234  -75.129  -1.984 0.6000000238
12279  18.547  -75.192  -1.179 0.5000000000
152419  18.567  -76.773  0.608 0.6000000238
10462  18.471  -77.422  1.814 0.6000000238
13235  18.306  -74.448  -1.641 0.5000000000
11358  18.738  -76.048  0.540 0.6000000238
13199  18.405  -73.843  2.182 0.5000000000
14117  18.436  -73.435  0.638 0.5000000000
12229  18.399  -75.831  3.425 0.6000000238
131986  18.772  -75.746  1.823 0.6000000238
2834  17.881  -89.778  -3.698 0.6000000238
3317  15.890  -88.280  -2.129 0.6999999881
132351  18.669  -79.758  -0.223 0.5000000000
132219  15.139  -75.867  0.740 0.6000000238
13251  14.063  -74.697  -1.974 0.6999999881
8885  18.091  -79.126  0.313 0.6000000238
11337  18.670  -76.630  2.306 0.6000000238
12256  18.684  -74.697  2.005 0.6000000238
1938  23.412  -91.271  -2.151 0.3000000119
2811  24.216  -89.700  -2.628 0.3000000119
2357  24.707  -89.814  -1.797 0.4000000060
156373  22.986  -89.589  -3.450 0.3000000119
2814  21.729  -89.777  -2.299 0.4000000060
2815  20.791  -90.147  -2.484 0.4000000060
2783  18.401  -89.196  0.678 0.4000000060
2805  19.038  -90.136  -1.677 0.3000000119
2795  18.093  -89.303  0.030 0.5000000000
3801  17.462  -88.399  -0.245 0.6000000238
2359  19.887  -90.305  -2.316 0.5000000000
2818  17.197  -89.565  -2.156 0.5000000000
2833  18.599  -90.035  -3.278 0.5000000000
3809  17.852  -87.576  -1.073 0.6000000238
157500  21.193  -86.982  -4.756 0.6999999881
146499  14.615  -79.607  1.737 0.6000000238
13289  12.816  -74.521  -4.701 0.6000000238
10516  17.859  -77.399  -2.448 0.6000000238
145321  16.858  -74.990  -3.789 0.5000000000
10506  18.280  -77.802  -1.444 0.6000000238
146821  18.450  -76.941  -1.021 0.6000000238
12304  17.155  -75.629  -3.324 0.5000000000
11392  18.304  -76.050  -1.761 0.6000000238
13265  17.457  -74.310  -3.433 0.5000000000
12270  18.666  -75.133  -0.157 0.5000000000
13212  18.573  -74.222  0.224 0.5000000000
147890  10.118  -93.057  14.442 0.4000000060
995  10.644  -92.840  14.502 0.4000000060
1004  10.279  -92.959  13.741 0.5000000000
137739  8.421  -93.835  15.874 0.5000000000
706  7.189  -94.356  16.318 0.5000000000
515  6.164  -95.244  15.439 0.5000000000
146021  8.227  -93.888  15.013 0.5000000000
716  9.125  -93.532  15.626 0.5000000000
1326  11.136  -92.514  14.208 0.4000000060
1325  12.045  -92.324  14.312 0.4000000060
1335  11.548  -92.171  13.658 0.5000000000
1857  20.305  -91.650  3.573 0.3000000119
1421  20.275  -92.206  4.247 0.3000000119
1440  20.480  -92.406  2.025 0.3000000119
1454  21.409  -92.509  1.623 0.3000000119
142652  8.988  -93.872  16.569 0.4000000060
705  8.149  -94.024  16.539 0.5000000000
137978  9.866  -93.905  16.559 0.4000000060
715  10.257  -93.481  15.896 0.4000000060
985  11.586  -93.215  15.319 0.3000000119
714  11.315  -93.687  15.931 0.3000000119
1346  12.330  -91.261  12.813 0.4000000060
1324  12.936  -92.316  14.334 0.3000000119
1334  12.325  -91.703  13.675 0.4000000060
1333  13.360  -91.688  13.859 0.3000000119
1856  20.714  -91.281  4.212 0.3000000119
1079  20.653  -93.027  4.967 0.3000000119
1880  21.454  -91.373  2.851 0.3000000119
1438  22.128  -91.999  2.053 0.3000000119
133488  22.146  -92.360  1.348 0.3000000119
505  9.525  -94.236  17.073 0.3000000119
698  8.821  -94.337  17.346 0.4000000060
504  10.278  -94.530  17.191 0.3000000119
992  13.465  -93.123  14.734 0.3000000119
1744  13.522  -90.543  12.791 0.4000000060
1758  13.285  -90.282  11.964 0.4000000060
1734  13.882  -91.124  13.367 0.4000000060
1002  13.907  -92.622  14.210 0.3000000119
133380  21.913  -90.358  6.184 0.4000000060
1841  21.655  -91.209  5.885 0.4000000060
1408  21.966  -92.370  6.348 0.4000000060
1059  22.011  -93.207  6.739 0.4000000060
765  21.253  -93.545  7.723 0.4000000060
131581  20.238  -93.580  7.790 0.5000000000
1855  22.403  -90.513  3.928 0.3000000119
1869  21.430  -90.739  3.776 0.3000000119
151529  22.169  -90.920  3.273 0.3000000119
154170  22.692  -92.014  1.586 0.3000000119
146975  24.355  -90.857  -0.122 0.3000000119
492  9.708  -94.796  17.619 0.3000000119
1757  14.918  -90.540  12.199 0.3000000119
2193  14.102  -90.137  12.243 0.3000000119
2679  13.806  -89.665  10.143 0.4000000060
2235  13.501  -90.494  9.974 0.4000000060
147798  14.882  -92.976  14.025 0.3000000119
1345  14.924  -91.701  13.035 0.3000000119
134699  15.357  -92.507  13.438 0.3000000119
1332  14.396  -92.102  13.665 0.3000000119
1399  17.302  -92.395  7.153 0.5000000000
1812  16.591  -91.772  6.920 0.5000000000
2247  23.060  -89.848  8.243 0.3000000119
2260  22.718  -89.895  7.641 0.3000000119
2275  23.446  -89.856  6.931 0.3000000119
2277  22.352  -90.001  6.911 0.3000000119
1827  22.063  -91.202  6.880 0.4000000060
1373  20.758  -92.539  8.792 0.5000000000
1387  19.433  -92.468  7.827 0.5000000000
2276  22.756  -89.645  6.630 0.3000000119
1049  22.134  -92.823  7.752 0.4000000060
1036  21.798  -93.100  8.165 0.4000000060
145949  21.023  -93.188  8.259 0.5000000000
1386  20.270  -92.913  8.098 0.5000000000
1868  23.139  -90.930  3.307 0.3000000119
1437  22.975  -91.547  2.061 0.3000000119
1890  23.675  -91.140  2.043 0.3000000119
1900  24.211  -91.100  0.599 0.3000000119
2342  24.780  -90.463  0.360 0.4000000060
2663  14.551  -89.442  11.032 0.3000000119
2692  14.252  -89.310  9.412 0.4000000060
732  15.891  -93.689  14.401 0.3000000119
1344  15.790  -92.080  12.898 0.3000000119
1742  15.418  -91.285  12.513 0.3000000119
2234  13.967  -90.207  9.177 0.4000000060
1001  15.721  -93.207  13.891 0.3000000119
1814  14.462  -91.284  7.838 0.4000000060
1813  15.087  -91.209  7.214 0.5000000000
139282  16.291  -90.161  6.585 0.4000000060
142496  15.933  -91.093  6.849 0.5000000000
141866  24.585  -90.445  10.175 0.3000000119
1811  17.456  -91.479  6.978 0.5000000000
152268  16.748  -91.013  6.718 0.5000000000
2231  23.201  -90.235  9.203 0.3000000119
1795  19.042  -91.510  7.670 0.4000000060
1810  18.265  -91.091  7.120 0.5000000000
1808  23.805  -90.157  7.710 0.3000000119
1793  22.402  -91.260  8.936 0.4000000060
1385  22.190  -92.129  8.916 0.4000000060
1780  20.150  -91.540  8.888 0.5000000000
2292  22.758  -89.860  5.639 0.3000000119
135101  22.256  -92.058  8.368 0.4000000060
1035  22.091  -92.608  8.503 0.5000000000
1025  21.291  -92.622  8.961 0.5000000000
1854  23.479  -90.591  4.077 0.3000000119
1866  24.892  -90.499  3.625 0.4000000060
2319  25.018  -90.025  2.633 0.3000000119
146441  24.194  -90.767  1.928 0.4000000060
2328  24.916  -90.147  1.756 0.4000000060
5589  13.595  -86.430  -7.213 0.5000000000
2790  25.062  -89.458  -0.296 0.3000000119
730  16.755  -93.132  14.197 0.3000000119
1343  16.356  -92.161  13.060 0.3000000119
3200  14.670  -88.807  8.779 0.3000000119
1000  16.314  -93.208  13.942 0.3000000119
2703  14.961  -89.047  7.868 0.3000000119
2720  15.500  -89.473  7.068 0.5000000000
2719  17.865  -89.425  6.571 0.4000000060
2732  16.292  -88.963  6.556 0.3000000119
2217  24.971  -90.532  10.908 0.3000000119
2261  18.291  -90.255  6.951 0.5000000000
136566  23.825  -90.281  9.850 0.3000000119
2249  19.619  -90.922  8.266 0.4000000060
138031  19.374  -90.110  7.940 0.4000000060
2232  22.659  -90.758  9.562 0.4000000060
1765  22.060  -91.640  10.239 0.4000000060
142689  21.044  -91.785  10.066 0.4000000060
1779  20.603  -91.368  9.657 0.4000000060
2291  23.590  -90.060  6.131 0.3000000119
1839  24.591  -90.700  5.765 0.3000000119
1020  21.466  -92.351  9.424 0.4000000060
147357  20.652  -91.983  9.296 0.5000000000
2312  25.400  -90.032  3.348 0.3000000119
2318  25.468  -89.584  3.016 0.4000000060
2327  25.156  -89.517  2.038 0.4000000060
5565  13.980  -85.113  -6.321 0.5000000000
2779  25.098  -89.386  0.549 0.4000000060
3267  25.154  -88.960  1.217 0.5000000000
5006  14.313  -86.601  -7.352 0.5000000000
1008  16.621  -92.683  13.574 0.3000000119
4313  11.255  -86.434  1.939 0.5000000000
2718  18.445  -88.656  6.791 0.3000000119
2730  17.776  -88.555  6.443 0.3000000119
142171  11.847  -86.976  1.875 0.5000000000
140732  10.094  -87.179  1.240 0.6000000238
2199  26.084  -90.064  11.467 0.3000000119
2201  24.520  -90.406  11.882 0.3000000119
2230  26.284  -90.487  9.770 0.3000000119
2218  23.937  -90.345  10.917 0.3000000119
2219  22.986  -90.550  11.210 0.3000000119
133724  19.899  -90.079  8.598 0.4000000060
2702  18.846  -89.584  7.264 0.4000000060
4906  13.254  -86.266  -0.722 0.5000000000
4908  8.805  -85.147  0.292 0.5000000000
153513  22.421  -91.046  10.411 0.3000000119
1753  21.409  -91.302  10.730 0.3000000119
1767  20.894  -91.168  10.331 0.3000000119
2688  20.746  -89.715  9.808 0.3000000119
157295  13.654  -85.593  -1.095 0.5000000000
1824  25.799  -90.628  6.261 0.3000000119
1851  25.718  -90.347  4.935 0.3000000119
5522  13.877  -84.692  -2.729 0.5000000000
2311  25.840  -90.012  4.074 0.3000000119
133757  13.536  -84.845  -5.103 0.5000000000
2757  25.663  -89.278  3.868 0.4000000060
6142  13.958  -84.220  -5.318 0.6000000238
3754  25.185  -88.648  3.289 0.4000000060
3770  24.820  -88.503  2.082 0.5000000000
152970  14.384  -84.709  -5.947 0.5000000000
3771  24.331  -88.047  1.466 0.4000000060
3781  24.576  -88.525  0.552 0.3000000119
3278  24.909  -88.997  0.537 0.4000000060
4993  14.436  -86.305  -7.069 0.6000000238
4294  21.794  -86.440  3.173 0.3000000119
4309  21.419  -86.910  2.683 0.4000000060
3783  23.369  -87.603  0.648 0.4000000060
3796  24.325  -88.467  -0.174 0.3000000119
3861  15.063  -87.374  -7.255 0.6000000238
4415  15.406  -87.346  -8.122 0.5000000000
4868  20.216  -85.477  3.267 0.3000000119
3756  20.419  -87.107  2.852 0.5000000000
3773  21.031  -87.571  2.215 0.4000000060
3280  20.957  -88.647  0.782 0.4000000060
3860  16.293  -87.679  -7.876 0.6000000238
4869  19.687  -85.523  2.774 0.3000000119
4296  19.816  -86.408  2.901 0.5000000000
3774  20.170  -87.836  2.407 0.4000000060
3281  20.218  -88.761  1.374 0.4000000060
4880  19.419  -85.637  2.175 0.4000000060
3758  19.201  -87.550  2.397 0.5000000000
2769  19.458  -88.941  1.428 0.4000000060
3272  18.709  -88.315  1.628 0.5000000000
4883  10.771  -85.671  1.719 0.6000000238
4322  9.700  -86.310  1.163 0.6000000238
2673  26.714  -89.701  11.219 0.3000000119
2200  25.329  -90.328  11.714 0.3000000119
2188  24.146  -90.195  12.648 0.3000000119
2202  23.646  -90.360  11.996 0.3000000119
5490  10.524  -84.976  1.258 0.6000000238
5503  10.129  -84.649  0.642 0.6000000238
2215  26.544  -90.118  10.524 0.3000000119
2203  22.901  -90.397  12.064 0.3000000119
2204  21.911  -90.053  11.387 0.3000000119
135527  9.861  -84.288  -0.293 0.6000000238
2699  27.988  -89.178  8.367 0.3000000119
147548  21.791  -90.790  11.154 0.3000000119
2674  21.236  -90.369  10.706 0.3000000119
5514  10.385  -83.802  -0.958 0.6000000238
2290  26.147  -90.071  5.336 0.3000000119
6724  11.523  -82.733  -1.675 0.6000000238
6100  10.999  -83.366  -1.401 0.6000000238
6113  11.104  -83.276  -2.309 0.6000000238
140265  11.260  -83.125  -3.187 0.5000000000
135569  23.871  -87.473  3.094 0.4000000060
4308  22.431  -86.843  2.311 0.4000000060
4892  19.552  -85.863  1.397 0.4000000060
4310  19.083  -86.490  1.906 0.5000000000
3178  27.800  -88.807  12.072 0.3000000119
2645  27.100  -89.186  12.633 0.3000000119
2186  25.775  -89.946  12.416 0.3000000119
2647  25.467  -89.672  13.171 0.3000000119
2189  23.061  -90.032  12.713 0.3000000119
2649  22.746  -89.406  12.633 0.3000000119
2650  22.243  -89.335  11.804 0.3000000119
6070  11.673  -84.149  2.083 0.5000000000
2672  27.369  -89.552  10.430 0.3000000119
2687  27.789  -89.499  9.270 0.3000000119
153644  11.510  -83.200  0.754 0.5000000000
5489  10.716  -84.264  0.874 0.6000000238
155130  28.330  -88.946  9.033 0.3000000119
2661  21.653  -89.334  11.141 0.3000000119
5502  10.513  -83.993  -0.011 0.6000000238
3204  28.343  -88.313  8.754 0.3000000119
156169  11.373  -82.912  -0.910 0.6000000238
150315  23.858  -87.427  3.944 0.3000000119
132747  24.352  -87.816  4.244 0.3000000119
6723  12.151  -82.072  -1.960 0.6000000238
7422  12.582  -81.526  -3.899 0.6000000238
154787  11.541  -82.875  -0.066 0.6000000238
7371  13.158  -81.207  0.206 0.5000000000
7384  13.095  -81.127  -0.715 0.6000000238
7396  12.553  -81.599  -1.220 0.6000000238
158034  12.648  -81.464  -1.947 0.6000000238
157576  12.098  -82.124  -2.665 0.6000000238
143243  13.489  -80.416  -3.942 0.6000000238
7407  12.517  -81.605  -2.763 0.6000000238
8225  13.326  -80.236  -4.686 0.5000000000
7372  12.612  -81.922  0.718 0.5000000000
7395  13.077  -81.098  -1.528 0.5000000000
8216  13.770  -80.239  -3.241 0.6000000238
10569  12.330  -77.895  -4.633 0.5000000000
13291  11.746  -75.153  -4.700 0.6000000238
11461  12.056  -76.770  -4.664 0.6000000238
10570  11.908  -77.769  -4.380 0.5000000000
12379  11.577  -76.395  -4.520 0.6000000238
10544  11.202  -77.204  -3.905 0.6000000238
8185  13.640  -80.572  -0.268 0.5000000000
9734  14.208  -78.925  -2.795 0.5000000000
9735  13.979  -78.270  -3.473 0.5000000000
147308  13.888  -79.774  -4.032 0.6000000238
10530  13.743  -77.394  -3.832 0.6000000238
150216  13.643  -78.019  -4.324 0.5000000000
9757  13.022  -78.797  -5.194 0.5000000000
11431  13.315  -76.425  -4.671 0.6000000238
140982  13.189  -73.206  -3.434 0.6000000238
12376  12.960  -76.284  -5.072 0.6000000238
12343  10.908  -75.605  -4.151 0.5000000000
12180  12.272  -75.383  7.141 0.5000000000
8169  14.220  -79.911  0.214 0.5000000000
8904  14.211  -79.525  -2.265 0.5000000000
10529  13.994  -77.405  -2.929 0.6000000238
14015  12.188  -73.661  7.988 0.5000000000
14952  11.168  -72.015  7.320 0.6000000238
147253  12.855  -74.402  8.005 0.6000000238
13135  14.100  -74.337  7.587 0.6000000238
150229  11.493  -74.270  7.440 0.5000000000
13149  13.453  -74.626  6.201 0.5000000000
13150  12.930  -74.962  5.759 0.5000000000
13252  9.907  -74.322  -2.208 0.5000000000
131961  10.367  -74.940  -3.313 0.5000000000
19829  14.837  -66.854  9.613 0.6000000238
19809  14.181  -67.614  9.951 0.6999999881
18776  15.211  -68.893  10.037 0.6000000238
17779  14.237  -69.864  10.609 0.6999999881
15862  12.455  -71.357  10.818 0.6000000238
15879  12.250  -71.919  10.263 0.6000000238
140998  14.968  -70.835  9.753 0.6000000238
15860  13.945  -71.197  10.403 0.6000000238
18793  15.663  -68.606  9.482 0.6000000238
16869  15.363  -70.187  9.468 0.6000000238
14921  14.332  -72.292  9.516 0.6000000238
15878  13.045  -71.865  10.262 0.5000000000
151360  11.318  -71.954  8.700 0.6000000238
140542  16.049  -69.053  8.586 0.6000000238
15895  14.872  -71.757  9.329 0.6000000238
14938  13.507  -73.239  8.879 0.5000000000
14939  12.046  -72.399  8.566 0.6000000238
153841  15.334  -71.186  7.771 0.6000000238
14937  14.188  -73.182  8.936 0.6000000238
15932  15.019  -71.876  7.300 0.6000000238
145023  14.909  -72.672  8.016 0.6000000238
147378  14.661  -72.442  6.642 0.6000000238
14963  14.277  -73.321  6.179 0.5000000000
13162  11.909  -75.159  4.654 0.5000000000
14066  12.205  -73.488  3.612 0.5000000000
14067  11.698  -73.968  3.060 0.5000000000
14084  11.669  -73.277  2.209 0.5000000000
17780  13.354  -69.718  11.013 0.6000000238
16853  11.842  -70.699  11.277 0.6999999881
17841  15.612  -69.930  6.597 0.5000000000
15933  14.660  -71.512  6.182 0.6000000238
134828  13.524  -71.803  4.797 0.6000000238
14978  13.148  -72.804  4.582 0.5000000000
15961  13.040  -72.009  4.061 0.6000000238
16953  12.798  -71.666  3.391 0.5000000000
16967  12.401  -70.526  2.520 0.6000000238
15017  12.053  -72.456  2.128 0.6000000238
27074  12.377  -60.021  5.344 0.4000000060
19833  10.345  -67.109  8.705 0.6999999881
18796  8.989  -68.128  8.581 0.5000000000
17804  8.833  -69.190  9.997 0.5000000000
26002  14.048  -60.760  6.225 0.6000000238
25977  13.267  -61.610  7.205 0.5000000000
18781  10.080  -68.742  9.534 0.6000000238
17783  10.244  -69.889  11.197 0.5000000000
27049  14.198  -60.330  5.993 0.5000000000
19832  11.258  -66.633  9.113 0.6000000238
140738  10.774  -68.642  9.843 0.8000000119
19810  12.965  -67.446  10.007 0.6999999881
147712  12.044  -68.680  10.517 0.8000000119
16854  10.734  -70.950  11.460 0.6999999881
16932  13.570  -70.692  4.603 0.6000000238
16944  13.168  -70.114  3.740 0.6000000238
18784  7.517  -68.286  9.542 0.5000000000
26003  11.800  -61.154  6.171 0.5000000000
19853  9.667  -66.714  7.969 0.6999999881
136255  7.719  -69.255  10.811 0.5000000000
144228  13.717  -57.904  5.276 0.4000000060
27073  13.430  -59.832  5.726 0.4000000060
28182  14.766  -58.917  5.262 0.4000000060
27071  15.421  -59.839  5.335 0.5000000000
143754  16.384  -59.366  4.806 0.4000000060
19835  7.723  -67.486  8.284 0.5000000000
18785  6.712  -68.194  10.361 0.5000000000
138132  11.927  -59.768  4.872 0.3000000119
151833  11.163  -61.226  5.534 0.3000000119
18812  8.865  -67.533  7.970 0.6000000238
141419  15.426  -57.272  4.376 0.4000000060
29231  16.062  -57.608  4.258 0.4000000060
133572  17.186  -59.653  4.546 0.4000000060
19856  7.457  -66.943  7.910 0.6000000238
20897  8.491  -66.110  6.938 0.6000000238
19857  6.684  -66.776  8.143 0.5000000000
18799  6.965  -67.770  9.227 0.5000000000
32306  12.034  -56.083  6.076 0.3000000119
29234  11.384  -59.253  4.727 0.3000000119
135417  10.943  -60.203  4.564 0.3000000119
26022  9.910  -61.281  5.648 0.4000000060
31281  16.878  -56.470  4.082 0.3000000119
28197  17.092  -58.492  4.220 0.4000000060
29260  17.257  -57.468  3.630 0.4000000060
28166  10.129  -59.335  5.481 0.4000000060
20883  6.286  -66.187  7.608 0.6000000238
137531  5.471  -66.871  9.018 0.4000000060
28188  9.736  -60.219  5.490 0.4000000060
32273  11.865  -55.450  8.134 0.3000000119
156991  11.792  -55.511  6.219 0.3000000119
19858  5.905  -66.571  8.325 0.5000000000
27078  8.556  -61.452  6.000 0.4000000060
26005  7.679  -62.104  5.667 0.4000000060
141479  6.198  -62.300  6.117 0.5000000000
28168  8.567  -60.294  6.389 0.4000000060
27055  7.210  -61.259  6.263 0.4000000060
153448  8.563  -56.169  8.959 0.3000000119
30201  8.053  -57.536  9.031 0.3000000119
30215  7.523  -58.300  8.427 0.3000000119
29175  7.003  -58.867  8.513 0.3000000119
30187  6.935  -58.773  8.989 0.3000000119
25849  1.563  -61.848  15.826 0.4000000060
32244  8.789  -56.074  9.218 0.3000000119
3196  20.720  -88.743  9.645 0.3000000119
4279  24.345  -87.880  3.381 0.4000000060
28153  7.273  -60.072  7.087 0.3000000119
17868  12.837  -69.346  3.308 0.6000000238
25822  0.411  -61.895  17.887 0.4000000060
26019  14.876  -60.547  5.809 0.5000000000
28141  6.956  -59.652  7.635 0.3000000119
3797  23.789  -88.081  -0.114 0.3000000119
147329  22.483  -87.545  0.834 0.4000000060
153455  13.446  -80.675  -1.854 0.5000000000
986  10.651  -93.075  15.179 0.4000000060
987  9.684  -93.230  14.915 0.5000000000
157847  6.598  -94.718  15.853 0.5000000000
1347  11.572  -92.072  12.828 0.5000000000
1420  20.919  -92.197  4.905 0.4000000060
1735  12.959  -90.954  13.340 0.4000000060
1759  12.485  -91.065  11.891 0.4000000060
2294  21.337  -90.690  4.574 0.4000000060
1069  21.760  -93.136  5.941 0.4000000060
1060  21.515  -93.784  6.688 0.4000000060
493  8.371  -94.863  17.930 0.3000000119
991  14.445  -93.449  14.633 0.3000000119
1743  14.428  -90.748  12.756 0.3000000119
158264  13.278  -90.655  10.569 0.4000000060
132807  22.151  -89.971  5.265 0.3000000119
2304  22.672  -90.190  4.748 0.4000000060
2664  13.925  -89.477  10.834 0.4000000060
2251  14.258  -90.565  8.313 0.4000000060
5566  13.279  -85.165  -5.875 0.5000000000
1878  23.532  -91.115  2.694 0.4000000060
1355  15.881  -91.636  12.584 0.3000000119
2704  14.433  -89.691  8.368 0.4000000060
2264  14.670  -90.476  7.663 0.4000000060
2263  15.359  -90.375  7.089 0.5000000000
2262  17.435  -90.454  6.644 0.5000000000
133062  23.145  -90.509  10.242 0.3000000119
1807  25.372  -90.900  6.907 0.3000000119
1840  23.815  -90.464  5.055 0.3000000119
1853  24.437  -90.759  4.276 0.3000000119
5575  14.145  -85.591  -6.462 0.6000000238
3220  15.589  -88.546  7.309 0.3000000119
2721  14.923  -89.797  7.571 0.4000000060
150698  20.378  -90.089  9.254 0.3000000119
5533  13.840  -84.506  -3.640 0.5000000000
132684  25.365  -88.999  2.121 0.4000000060
3218  18.730  -87.887  7.029 0.3000000119
2689  20.253  -89.220  8.917 0.3000000119
4879  22.671  -86.645  2.923 0.4000000060
4316  23.645  -87.443  1.338 0.4000000060
3782  24.054  -87.932  0.566 0.4000000060
5449  20.546  -83.860  3.576 0.3000000119
2635  23.797  -89.439  13.368 0.3000000119
6713  11.983  -82.314  -0.877 0.6000000238
4293  23.372  -86.967  2.900 0.3000000119
2636  23.188  -89.084  13.171 0.3000000119
3170  22.335  -88.552  12.126 0.3000000119
131075  27.922  -87.759  8.776 0.3000000119
8927  13.404  -79.565  -4.836 0.5000000000
10567  13.027  -77.452  -5.144 0.6000000238
18779  12.392  -68.108  10.237 0.6999999881
17802  10.590  -69.220  10.451 0.6999999881
19811  11.864  -67.439  9.712 0.6999999881
144219  9.649  -68.152  8.838 0.6000000238
30281  12.007  -57.794  5.304 0.3000000119
31270  11.187  -56.296  5.464 0.3000000119
6740  15.118  -83.705  -3.499 0.5000000000
6123  14.914  -83.617  -3.454 0.5000000000
147794  21.204  -87.430  -3.539 0.6000000238
141816  14.189  -78.121  -2.449 0.4000000060
10518  14.207  -77.314  -2.052 0.5000000000
12360  10.836  -74.763  -4.285 0.5000000000
15092  12.749  -72.827  -3.516 0.5000000000
15105  11.966  -72.895  -3.986 0.5000000000
14213  11.451  -73.608  -4.380 0.5000000000
13282  10.551  -74.417  -3.835 0.5000000000
15107  10.652  -72.655  -3.748 0.5000000000
144484  12.247  -71.435  -2.030 0.5000000000
13269  9.806  -73.573  -2.602 0.4000000060
155918  11.556  -71.868  -3.276 0.5000000000
16077  10.756  -72.158  -3.666 0.5000000000
152692  9.840  -72.369  -3.111 0.5000000000
131350  9.150  -72.821  -1.991 0.5000000000
17040  10.685  -70.948  -2.854 0.6000000238
16059  10.304  -71.440  -3.172 0.5000000000
135237  9.237  -71.735  -2.486 0.5000000000
145460  11.685  -72.008  1.455 0.5000000000
17961  10.344  -69.446  -2.321 0.6000000238
16006  10.089  -71.822  -0.329 0.5000000000
15032  10.784  -72.386  0.513 0.5000000000
17981  9.701  -70.341  -2.498 0.6000000238
16030  9.105  -71.044  -1.692 0.6000000238
15057  9.666  -72.628  -0.910 0.5000000000
18943  11.771  -68.652  -2.017 0.6000000238
19997  9.790  -68.433  -1.573 0.6000000238
17945  9.369  -69.548  -1.536 0.6000000238
146906  10.461  -69.814  0.360 0.6000000238
19974  9.483  -68.104  -0.916 0.6000000238
16981  11.240  -70.197  1.020 0.5000000000
16968  11.886  -70.340  1.791 0.5000000000
17919  9.456  -69.342  -0.690 0.6000000238
146510  9.710  -71.192  -0.621 0.6000000238
15880  11.431  -72.010  9.852 0.5000000000
150640  10.455  -71.790  11.114 0.5000000000
15863  11.428  -71.664  10.958 0.5000000000
17890  12.110  -69.620  2.307 0.6000000238
19957  9.666  -67.210  0.014 0.6000000238
17891  11.519  -69.387  1.634 0.6000000238
17918  9.934  -69.046  -0.035 0.6000000238
17906  10.877  -69.149  1.002 0.6000000238
141807  10.280  -67.626  0.791 0.6000000238
29219  9.039  -59.472  6.634 0.3000000119
25850  1.125  -62.488  15.362 0.3000000119
4318  19.212  -86.656  0.968 0.4000000060
4330  19.743  -87.303  -0.769 0.5000000000
3854  16.787  -88.004  -7.098 0.5000000000
3855  15.819  -87.837  -6.988 0.5000000000
158329  21.203  -87.292  -2.024 0.4000000060
150739  14.674  -87.166  -6.325 0.4000000060
4373  22.903  -87.074  -4.469 0.4000000060
6132  14.468  -84.045  -4.615 0.4000000060
5552  15.211  -84.814  -5.307 0.4000000060
6141  14.709  -84.230  -4.871 0.4000000060
5564  14.793  -85.150  -5.766 0.4000000060
141287  14.737  -86.518  -6.424 0.4000000060
4979  24.384  -85.389  -6.845 0.4000000060
4419  22.980  -85.558  -7.426 0.4000000060
4413  22.111  -85.389  -6.838 0.4000000060
6099  14.510  -84.054  -2.181 0.4000000060
4410  23.714  -85.922  -6.501 0.4000000060
4401  22.925  -86.279  -6.340 0.4000000060
5004  21.128  -84.425  -8.299 0.4000000060
5573  20.217  -83.897  -7.643 0.5000000000
20997  9.917  -66.605  -0.226 0.5000000000
21989  12.300  -65.483  0.038 0.5000000000
21976  10.195  -65.915  0.468 0.5000000000
22935  11.243  -64.640  0.235 0.5000000000
23927  12.424  -63.595  -0.087 0.5000000000
20957  10.490  -66.293  1.404 0.5000000000
24971  12.422  -63.602  0.374 0.5000000000
16855  9.698  -70.653  11.459 0.4000000060
16856  8.788  -70.460  11.398 0.4000000060
23915  11.107  -64.395  0.736 0.5000000000
18886  10.714  -67.636  1.362 0.5000000000
133977  20.799  -87.261  -4.069 0.5000000000
3843  23.130  -86.543  -5.725 0.4000000060
4420  22.487  -85.211  -7.598 0.4000000060
514  6.929  -94.730  15.257 0.4000000060
521  6.611  -95.855  14.764 0.4000000060
21  10.448  -98.639  12.407 0.4000000060
727  7.545  -94.500  14.676 0.4000000060
520  7.587  -95.265  13.935 0.4000000060
115  10.477  -98.373  12.694 0.4000000060
157456  7.927  -96.113  13.582 0.4000000060
209  11.456  -97.606  12.106 0.4000000060
203  10.441  -97.825  12.989 0.4000000060
116  9.845  -98.325  13.222 0.4000000060
725  8.840  -93.643  14.423 0.5000000000
726  8.114  -94.337  14.034 0.5000000000
733  8.844  -94.216  13.218 0.4000000060
525  8.172  -95.243  13.269 0.4000000060
204  9.912  -97.793  13.336 0.4000000060
996  9.491  -93.340  13.923 0.5000000000
1005  9.679  -93.569  13.044 0.5000000000
524  8.809  -95.364  12.708 0.4000000060
1011  10.089  -93.800  12.271 0.4000000060
738  9.472  -94.391  12.468 0.4000000060
533  11.734  -95.821  11.261 0.4000000060
144483  11.100  -96.106  11.734 0.4000000060
352  10.864  -96.863  12.207 0.4000000060
348  9.599  -96.957  13.041 0.4000000060
351  11.697  -96.847  11.742 0.4000000060
158459  10.925  -97.669  12.603 0.4000000060
736  10.668  -94.164  11.605 0.5000000000
737  10.078  -94.779  11.913 0.4000000060
529  9.484  -95.371  12.260 0.4000000060
354  9.229  -96.111  12.605 0.4000000060
743  11.419  -94.663  11.189 0.5000000000
527  10.824  -95.220  11.500 0.4000000060
528  10.340  -95.780  11.942 0.4000000060
353  9.949  -96.417  12.412 0.4000000060
749  13.094  -94.298  10.067 0.3000000119
748  13.585  -94.968  9.564 0.3000000119
756  13.469  -93.986  9.406 0.4000000060
1022  12.503  -93.711  10.487 0.3000000119
1027  13.436  -93.038  9.381 0.4000000060
1021  13.037  -93.367  10.020 0.4000000060
771  15.460  -94.654  8.006 0.3000000119
772  14.587  -94.145  8.260 0.4000000060
755  14.056  -94.587  8.882 0.4000000060
1026  13.964  -93.607  8.790 0.4000000060
1041  15.229  -93.613  7.704 0.4000000060
1042  14.406  -93.183  8.159 0.4000000060
1389  14.279  -92.173  8.145 0.3000000119
742  12.189  -95.084  10.888 0.3000000119
1376  13.461  -92.124  9.425 0.3000000119
1366  13.055  -92.409  10.071 0.4000000060
1040  16.023  -94.222  7.649 0.4000000060
1375  13.933  -92.684  8.806 0.3000000119
1388  14.805  -92.765  7.694 0.4000000060
1401  15.510  -92.751  7.347 0.4000000060
1402  14.892  -92.035  7.450 0.4000000060
139676  11.976  -94.130  10.874 0.4000000060
1367  12.510  -92.745  10.581 0.4000000060
770  16.472  -95.156  7.780 0.4000000060
1781  13.585  -91.294  9.408 0.3000000119
1038  17.997  -93.999  7.597 0.4000000060
769  17.534  -95.045  7.668 0.4000000060
139528  18.747  -93.202  7.543 0.4000000060
1051  17.902  -93.009  7.430 0.4000000060
1053  16.177  -93.457  7.406 0.4000000060
1015  11.337  -93.601  11.355 0.4000000060
1014  11.962  -93.151  11.024 0.4000000060
1769  12.682  -91.722  10.840 0.3000000119
1356  12.127  -92.140  11.345 0.4000000060
1768  13.196  -91.364  10.194 0.3000000119
149168  18.926  -94.030  7.639 0.4000000060
767  19.499  -94.302  7.581 0.4000000060
1037  19.584  -93.448  7.711 0.4000000060
154516  18.319  -92.160  7.377 0.4000000060
1400  16.392  -92.612  7.153 0.4000000060
141238  10.299  -93.126  12.892 0.4000000060
1003  10.869  -92.564  13.257 0.4000000060
1010  10.811  -93.027  12.202 0.4000000060
1357  11.559  -92.580  11.769 0.4000000060
6149  19.096  -82.885  -6.868 0.4000000060
1052  17.103  -93.288  7.357 0.4000000060
210  10.381  -97.348  12.846 0.4000000060
349  8.665  -96.399  13.144 0.4000000060
717  7.714  -94.139  15.612 0.5000000000
721  15.705  -94.086  14.856 0.3000000119
722  15.341  -93.672  14.489 0.3000000119
795  21.234  -93.866  6.107 0.4000000060
1009  16.106  -92.709  13.387 0.3000000119
1019  21.700  -92.476  9.035 0.4000000060
1039  16.887  -94.220  7.547 0.4000000060
1050  21.713  -93.462  7.389 0.4000000060
1331  17.079  -92.604  13.795 0.3000000119
1363  21.835  -92.089  9.652 0.4000000060
1364  21.393  -92.118  9.860 0.4000000060
1365  21.053  -92.267  9.484 0.5000000000
1372  22.039  -92.328  9.022 0.4000000060
1374  20.186  -92.214  8.511 0.5000000000
1398  22.221  -91.906  7.667 0.4000000060
1413  21.471  -92.273  5.602 0.4000000060
1439  21.114  -91.960  2.221 0.3000000119
1452  23.962  -91.223  1.362 0.3000000119
1453  23.264  -91.644  1.473 0.3000000119
1466  22.111  -92.484  0.788 0.3000000119
1745  12.842  -90.680  12.641 0.4000000060
1752  22.144  -91.128  10.954 0.3000000119
1766  21.652  -91.766  10.326 0.4000000060
1778  22.214  -91.720  9.601 0.4000000060
1794  19.687  -91.753  8.205 0.5000000000
1796  14.041  -91.190  8.727 0.4000000060
1809  22.332  -90.758  7.916 0.3000000119
1825  25.153  -90.901  6.229 0.3000000119
1826  24.485  -90.547  6.732 0.3000000119
1837  25.863  -90.379  5.591 0.3000000119
1838  25.328  -90.769  5.479 0.3000000119
1842  21.238  -91.264  5.044 0.4000000060
1852  25.165  -90.646  4.567 0.3000000119
1865  25.564  -90.217  4.142 0.3000000119
1867  24.078  -90.837  3.441 0.3000000119
1870  20.792  -91.265  3.395 0.3000000119
1876  24.631  -90.286  2.193 0.4000000060
1877  24.290  -90.722  2.728 0.4000000060
1879  22.651  -91.375  2.645 0.3000000119
1881  20.432  -91.771  2.785 0.3000000119
1889  24.562  -90.530  1.284 0.3000000119
1901  23.700  -91.415  -0.096 0.3000000119
1911  24.108  -90.888  -0.916 0.3000000119
1912  23.486  -91.439  -0.865 0.4000000060
1925  24.018  -90.701  -1.835 0.3000000119
1937  23.834  -90.577  -2.692 0.3000000119
2187  24.988  -90.236  12.657 0.3000000119
2190  22.538  -90.061  12.113 0.3000000119
2208  14.789  -89.980  11.662 0.3000000119
2209  13.947  -89.728  11.518 0.4000000060
2216  25.763  -90.399  10.693 0.3000000119
2220  20.670  -90.630  9.859 0.3000000119
2223  13.490  -90.036  10.926 0.4000000060
2229  27.055  -90.106  9.585 0.3000000119
2233  20.226  -90.795  9.104 0.4000000060
2246  23.749  -90.175  8.688 0.3000000119
2248  22.751  -90.319  8.583 0.4000000060
2250  18.917  -90.595  7.506 0.5000000000
2259  22.939  -89.645  7.401 0.3000000119
2278  16.979  -89.567  6.341 0.4000000060
2289  26.116  -89.723  5.162 0.3000000119
2293  21.701  -90.376  5.348 0.4000000060
2302  25.924  -89.634  4.451 0.3000000119
2303  25.927  -90.079  4.614 0.3000000119
2305  21.862  -90.263  4.590 0.3000000119
2340  25.145  -89.624  1.103 0.4000000060
2341  25.225  -89.982  0.075 0.4000000060
2350  25.024  -89.817  -0.919 0.3000000119
2351  24.844  -90.341  -0.544 0.4000000060
2360  24.405  -90.053  -2.559 0.3000000119
2363  24.112  -90.041  -2.994 0.3000000119
2365  20.161  -90.220  -3.125 0.5000000000
2367  23.805  -90.121  -3.407 0.3000000119
2646  26.293  -89.445  12.972 0.3000000119
2648  23.283  -89.642  13.061 0.3000000119
2659  27.234  -89.315  11.605 0.3000000119
2660  26.516  -89.614  12.081 0.3000000119
2686  28.265  -89.080  9.884 0.3000000119
2701  19.582  -89.323  8.047 0.4000000060
2716  22.668  -89.716  7.138 0.3000000119
2731  17.116  -88.773  6.311 0.3000000119
2750  25.750  -89.530  3.757 0.3000000119
2758  25.586  -89.321  2.992 0.4000000060
2768  25.140  -89.257  1.464 0.4000000060
2770  18.745  -88.921  1.346 0.4000000060
2781  20.074  -89.237  0.824 0.4000000060
2784  17.809  -88.888  0.111 0.5000000000
2789  25.033  -89.292  0.213 0.4000000060
2793  19.933  -89.709  0.017 0.4000000060
2794  19.450  -89.987  -0.740 0.4000000060
2797  16.643  -88.733  -0.886 0.6000000238
2801  24.813  -89.499  -1.177 0.4000000060
2803  20.992  -89.981  -1.519 0.3000000119
2806  17.816  -89.650  -1.433 0.5000000000
2807  16.755  -89.210  -1.307 0.6000000238
2810  24.504  -89.551  -1.988 0.4000000060
2816  19.261  -90.223  -2.749 0.5000000000
2827  23.881  -89.907  -3.246 0.3000000119
2828  23.447  -89.777  -3.619 0.3000000119
2829  22.805  -89.684  -4.031 0.3000000119
2830  22.017  -89.711  -3.998 0.3000000119
2831  21.046  -89.949  -3.585 0.4000000060
2835  16.787  -89.445  -3.044 0.6000000238
2848  18.188  -89.607  -4.578 0.6000000238
2850  16.022  -89.057  -3.768 0.6999999881
2859  21.759  -89.845  -5.640 0.4000000060
3187  21.106  -89.167  10.455 0.3000000119
3214  27.979  -88.457  8.388 0.3000000119
3226  18.081  -87.912  6.536 0.3000000119
3227  17.333  -88.019  6.386 0.3000000119
3248  25.425  -88.873  3.804 0.4000000060
3255  25.396  -88.871  2.867 0.4000000060
3256  19.440  -87.972  2.325 0.5000000000
3257  18.902  -87.967  2.183 0.5000000000
3258  18.713  -87.713  1.854 0.5000000000
3268  24.888  -88.757  1.267 0.3000000119
3269  20.648  -88.244  1.732 0.4000000060
3270  19.836  -88.442  1.942 0.4000000060
3271  19.089  -88.496  1.914 0.4000000060
3277  25.061  -89.259  0.789 0.4000000060
3282  18.370  -88.695  0.940 0.5000000000
3287  24.873  -89.245  -0.470 0.5000000000
3291  21.484  -88.896  -0.125 0.4000000060
3292  17.135  -88.718  -0.488 0.6000000238
3301  24.594  -89.271  -1.413 0.5000000000
3302  24.305  -88.970  -1.543 0.4000000060
3303  23.820  -88.781  -1.517 0.5000000000
3305  16.375  -88.232  -1.333 0.6999999881
3315  23.920  -88.993  -2.098 0.4000000060
3327  23.975  -89.567  -2.792 0.3000000119
3741  24.889  -88.289  4.593 0.3000000119
3745  24.769  -88.292  3.705 0.4000000060
3755  24.804  -88.348  2.907 0.4000000060
3757  19.675  -87.312  2.613 0.5000000000
3759  18.918  -87.467  2.230 0.5000000000
3769  25.239  -88.793  2.528 0.4000000060
3772  22.027  -87.191  1.724 0.4000000060
3776  11.087  -87.331  1.529 0.5000000000
3777  10.451  -86.504  1.586 0.6000000238
3784  21.523  -87.842  1.231 0.4000000060
3785  18.871  -87.437  0.360 0.6000000238
3795  24.700  -88.882  -0.117 0.4000000060
3798  22.949  -88.018  0.068 0.5000000000
3800  18.075  -87.928  -0.141 0.6000000238
3808  19.047  -87.464  -1.422 0.6000000238
3815  20.498  -87.537  -2.273 0.6999999881
3817  18.439  -87.384  -1.998 0.6000000238
3823  21.845  -87.214  -4.257 0.5000000000
3832  23.169  -86.803  -5.107 0.4000000060
3833  20.367  -86.936  -4.321 0.6999999881
3835  18.558  -86.703  -3.644 0.8000000119
3844  22.467  -86.941  -5.114 0.5000000000
3845  21.425  -86.409  -5.174 0.6000000238
3846  20.743  -86.567  -4.697 0.6999999881
3847  14.848  -87.426  -5.530 0.4000000060
3852  22.515  -86.486  -5.767 0.4000000060
3856  15.034  -87.869  -6.359 0.4000000060
4238  27.444  -87.245  8.841 0.3000000119
4292  24.357  -87.942  2.519 0.4000000060
4295  20.738  -86.311  3.215 0.3000000119
4297  19.203  -86.945  2.455 0.5000000000
4298  18.815  -87.160  2.044 0.5000000000
4299  12.885  -86.302  2.352 0.6000000238
4306  23.799  -87.489  2.215 0.4000000060
4307  23.195  -86.974  2.100 0.4000000060
4317  22.915  -87.162  1.423 0.4000000060
4319  18.771  -87.345  1.380 0.5000000000
4320  13.386  -86.532  1.277 0.6000000238
4391  14.886  -86.411  -5.639 0.6000000238
4400  23.302  -86.226  -6.252 0.4000000060
4411  23.187  -86.003  -6.801 0.4000000060
4412  22.748  -85.852  -6.928 0.4000000060
4416  15.174  -86.914  -7.530 0.6000000238
4421  21.862  -84.735  -7.913 0.4000000060
4422  14.780  -87.037  -7.798 0.5000000000
4854  20.631  -84.771  3.708 0.3000000119
4855  13.557  -84.961  3.138 0.6999999881
4867  21.104  -85.671  3.616 0.3000000119
4871  13.430  -85.710  2.582 0.6999999881
4872  12.883  -85.289  2.944 0.6000000238
4873  12.167  -85.479  2.637 0.6000000238
4894  9.435  -85.105  0.643 0.6000000238
4905  13.749  -85.727  -0.312 0.6999999881
4920  13.233  -85.941  -1.687 0.5000000000
4969  13.255  -85.464  -5.642 0.5000000000
4980  21.424  -84.786  -6.738 0.6000000238
4982  14.615  -86.019  -6.441 0.4000000060
4991  23.584  -85.597  -7.217 0.4000000060
4992  20.855  -84.386  -7.680 0.6000000238
5000  23.998  -84.966  -7.612 0.4000000060
5003  21.570  -84.440  -8.461 0.4000000060
5005  20.452  -84.031  -8.214 0.5000000000
5011  14.462  -86.831  -8.086 0.5000000000
5012  13.847  -86.477  -7.791 0.5000000000
5451  13.060  -84.631  3.242 0.6999999881
5459  20.054  -84.513  3.023 0.3000000119
5461  14.389  -84.735  2.860 0.6999999881
5463  11.679  -84.943  2.399 0.6000000238
5474  14.344  -85.238  1.693 0.6999999881
5475  11.116  -84.782  1.714 0.5000000000
5486  19.747  -85.077  1.745 0.4000000060
5488  14.320  -85.241  0.954 0.6999999881
5512  14.600  -84.426  -0.611 0.6000000238
5528  20.910  -84.069  -4.013 0.8000000119
5542  15.339  -84.753  -4.823 0.6000000238
5543  13.927  -84.342  -4.510 0.5000000000
5551  15.293  -84.424  -4.590 0.6000000238
5553  13.802  -84.843  -5.870 0.5000000000
5562  20.265  -83.862  -7.045 0.6000000238
5563  19.542  -83.336  -7.435 0.4000000060
5574  14.401  -85.659  -6.367 0.6000000238
5576  13.987  -85.145  -6.925 0.5000000000
5587  14.198  -85.931  -6.932 0.6000000238
5588  13.824  -86.064  -6.940 0.5000000000
5590  13.492  -86.144  -6.954 0.5000000000
6031  14.913  -83.422  3.888 0.6999999881
6032  14.569  -83.149  4.269 0.6999999881
6045  13.965  -83.439  4.120 0.6999999881
6054  15.212  -83.518  3.200 0.6999999881
6067  15.295  -83.437  1.526 0.8000000119
6069  11.886  -83.264  1.547 0.6999999881
6081  11.095  -83.609  0.344 0.6000000238
6088  11.008  -83.456  -0.527 0.6000000238
6095  19.527  -83.196  -1.535 0.8000000119
6097  17.504  -83.405  -1.436 0.8000000119
6098  14.960  -83.881  -1.320 0.8000000119
6106  20.953  -83.395  -3.370 0.6999999881
6109  17.700  -83.807  -1.887 0.6000000238
6111  14.931  -83.633  -2.764 0.4000000060
6112  14.412  -84.000  -3.141 0.5000000000
6119  18.038  -84.381  -2.434 0.6000000238
6122  15.430  -83.832  -3.473 0.5000000000
6124  14.414  -83.939  -3.961 0.4000000060
6130  15.146  -84.018  -4.247 0.5000000000
6131  14.849  -83.804  -4.154 0.4000000060
6137  20.877  -82.948  -4.999 0.6000000238
6140  14.827  -84.466  -5.114 0.4000000060
6151  14.503  -84.693  -5.771 0.5000000000
6152  13.967  -84.610  -6.098 0.6000000238
6160  14.363  -84.987  -6.078 0.5000000000
6161  14.255  -84.973  -6.169 0.5000000000
6663  14.264  -82.853  4.390 0.6999999881
6675  13.128  -83.056  3.435 0.6000000238
6684  16.078  -82.370  3.462 0.8999999762
6686  13.250  -82.276  3.161 0.6000000238
6707  19.660  -82.009  -0.688 0.6999999881
6709  18.090  -82.722  0.020 0.8000000119
6718  20.024  -82.438  -1.342 0.6999999881
6720  18.347  -82.990  -0.721 0.8000000119
6729  16.064  -83.443  -2.199 0.6000000238
6731  15.209  -83.551  -2.837 0.5000000000
6732  11.653  -82.574  -2.618 0.5000000000
6737  21.076  -82.595  -3.508 0.6999999881
6746  20.953  -82.548  -4.212 0.6000000238
6754  19.922  -82.413  -5.571 0.6000000238
7327  16.267  -81.585  4.774 0.8999999762
7328  15.544  -81.935  4.935 0.8000000119
7329  14.980  -81.755  4.964 0.6999999881
7330  14.328  -82.245  4.513 0.6999999881
7339  16.477  -81.790  3.922 0.8999999762
7370  16.405  -82.551  1.475 0.8000000119
7385  12.568  -81.717  -0.311 0.5000000000
7394  19.731  -81.252  -0.674 0.6000000238
7405  19.728  -80.753  -2.500 0.6999999881
7406  13.111  -81.081  -2.311 0.5000000000
7417  20.948  -81.934  -2.902 0.6999999881
7418  20.315  -81.300  -3.192 0.6999999881
7421  13.192  -80.916  -3.296 0.6000000238
7433  19.939  -81.380  -4.191 0.5000000000
7437  13.103  -80.911  -4.426 0.5000000000
8097  16.357  -80.391  5.193 0.8999999762
8111  16.615  -80.759  4.888 0.8999999762
8112  15.156  -80.907  5.104 0.6999999881
8122  16.855  -81.026  4.178 0.8999999762
8124  14.104  -81.149  3.738 0.6999999881
8136  16.883  -81.192  3.192 0.8999999762
8153  16.814  -81.523  2.326 0.6999999881
8154  14.328  -80.289  2.181 0.6000000238
8170  13.753  -80.666  0.692 0.6000000238
8184  14.074  -80.033  -0.838 0.5000000000
8194  19.566  -80.536  -0.897 0.6000000238
8196  13.980  -80.167  -1.805 0.5000000000
8197  13.538  -80.587  -1.165 0.5000000000
8206  18.693  -79.588  -2.487 0.5000000000
8208  14.023  -80.064  -2.571 0.6000000238
8209  13.556  -80.499  -2.500 0.6000000238
8213  19.085  -80.140  -2.834 0.5000000000
8834  16.771  -79.680  5.101 0.8999999762
8835  16.138  -79.925  5.297 0.8000000119
8843  17.408  -79.402  4.707 0.8999999762
8844  15.823  -79.476  5.024 0.6999999881
8854  17.743  -79.589  3.939 0.6999999881
8856  14.956  -79.844  3.746 0.6000000238
8880  14.832  -78.942  1.332 0.6000000238
8886  14.626  -78.919  0.371 0.6000000238
8889  18.455  -79.162  -0.509 0.6000000238
8893  18.578  -79.170  -1.581 0.5000000000
8894  18.189  -78.796  -2.397 0.5000000000
8915  14.077  -79.627  -3.085 0.5000000000
9648  17.130  -79.011  4.987 0.8000000119
9653  18.197  -77.854  4.318 0.6999999881
9655  17.042  -78.389  4.922 0.8000000119
9673  15.308  -78.401  2.609 0.6000000238
9686  15.013  -78.109  1.029 0.5000000000
9720  14.355  -78.020  -1.575 0.5000000000
9747  13.252  -78.975  -4.989 0.5000000000
9766  12.751  -78.730  -4.974 0.5000000000
10440  18.455  -77.262  3.716 0.6999999881
10441  16.533  -77.124  4.038 0.8000000119
10442  16.098  -77.712  3.922 0.5000000000
10450  18.622  -77.408  2.879 0.6999999881
10463  18.171  -78.074  1.318 0.6000000238
10464  15.212  -77.322  1.257 0.6000000238
10491  18.356  -77.681  -0.293 0.6000000238
10492  14.695  -77.261  -0.328 0.6000000238
10517  17.340  -77.125  -3.271 0.6000000238
10553  13.115  -77.557  -5.145 0.6000000238
10554  11.540  -77.474  -4.211 0.5000000000
10568  12.734  -77.853  -4.971 0.5000000000
11292  17.738  -76.803  4.321 0.6999999881
11293  17.112  -76.928  4.309 0.8000000119
11304  18.341  -76.607  3.738 0.6999999881
11306  16.101  -77.082  3.317 0.6000000238
11318  18.623  -76.617  3.178 0.6000000238
11319  16.417  -75.711  3.145 0.6999999881
11338  15.482  -76.799  1.858 0.6000000238
11357  18.634  -76.672  1.296 0.6000000238
11359  15.192  -76.655  0.995 0.6000000238
11376  18.639  -76.065  -0.617 0.5000000000
11403  17.662  -76.426  -2.725 0.6000000238
11405  14.017  -75.935  -2.624 0.6999999881
11415  13.824  -76.599  -3.341 0.6999999881
11416  13.593  -76.107  -4.027 0.6999999881
11430  16.808  -76.807  -4.594 0.6000000238
11432  10.951  -76.356  -3.884 0.5000000000
11439  13.072  -76.851  -5.090 0.6000000238
11440  11.315  -76.494  -4.281 0.6000000238
11459  12.904  -77.028  -5.087 0.6000000238
11460  12.546  -76.547  -4.885 0.6000000238
11462  11.686  -77.036  -4.453 0.5000000000
12216  12.261  -75.459  5.474 0.5000000000
12230  17.747  -75.422  3.671 0.8000000119
12242  18.607  -75.225  2.766 0.6000000238
12269  18.714  -74.990  0.937 0.6000000238
12303  17.795  -75.455  -2.632 0.5000000000
12306  10.163  -75.217  -2.444 0.5000000000
12322  13.876  -75.252  -3.141 0.6999999881
12323  13.616  -75.397  -3.878 0.6999999881
12324  10.402  -75.714  -3.063 0.5000000000
12344  10.625  -75.643  -3.639 0.5000000000
12357  13.054  -75.951  -4.987 0.6000000238
12358  12.877  -75.433  -4.883 0.6000000238
12359  11.262  -75.589  -4.508 0.6000000238
12377  12.616  -75.943  -4.918 0.6000000238
12378  11.994  -75.992  -4.725 0.6000000238
13120  14.080  -74.275  8.112 0.6000000238
13121  13.531  -74.386  8.075 0.6000000238
13126  13.752  -74.508  7.699 0.6000000238
13127  13.074  -74.830  7.503 0.5000000000
13128  12.258  -74.720  7.596 0.5000000000
13136  13.717  -74.625  7.031 0.5000000000
13137  12.894  -75.167  6.658 0.5000000000
13161  12.618  -74.612  4.902 0.5000000000
13187  18.373  -74.392  2.798 0.5000000000
13188  16.047  -73.786  2.029 0.5000000000
13211  18.520  -74.069  1.232 0.5000000000
13213  15.068  -74.275  0.689 0.6000000238
13224  18.534  -74.359  -0.748 0.5000000000
13249  17.953  -74.548  -2.589 0.5000000000
13250  17.406  -74.954  -3.196 0.5000000000
13266  13.913  -74.547  -2.775 0.6999999881
13268  10.122  -74.396  -2.735 0.5000000000
13290  12.345  -74.771  -4.721 0.6000000238
13292  11.017  -74.118  -4.408 0.5000000000
13293  10.736  -73.918  -4.082 0.5000000000
13303  12.344  -75.456  -4.796 0.6000000238
14005  14.234  -73.754  8.314 0.6000000238
14006  13.877  -73.868  8.470 0.6000000238
14007  13.132  -73.842  8.418 0.6000000238
14014  14.406  -73.947  7.871 0.6000000238
14026  14.292  -74.041  7.066 0.6000000238
14027  13.944  -74.185  6.330 0.5000000000
14039  13.474  -73.939  5.363 0.5000000000
14051  12.694  -73.643  4.347 0.5000000000
14052  12.088  -74.282  4.056 0.5000000000
14063  18.086  -74.239  3.148 0.6999999881
14064  17.681  -73.878  3.013 0.6000000238
14083  16.439  -73.230  2.415 0.5000000000
14099  15.742  -73.119  1.810 0.6000000238
14100  11.231  -73.381  1.472 0.5000000000
14119  14.249  -72.817  0.288 0.6999999881
14137  14.642  -73.730  0.243 0.6999999881
14139  9.766  -73.327  -1.077 0.5000000000
14156  13.816  -73.438  -1.415 0.6999999881
14157  9.524  -73.592  -1.988 0.5000000000
14171  13.870  -73.816  -2.174 0.6999999881
14173  9.391  -73.007  -2.338 0.4000000060
14184  17.138  -74.349  -3.885 0.5000000000
14185  13.595  -73.820  -3.127 0.6999999881
14186  13.271  -73.781  -3.927 0.6000000238
14187  10.092  -73.125  -3.248 0.5000000000
14188  9.586  -72.719  -2.774 0.4000000060
14199  12.905  -73.331  -4.083 0.6000000238
14200  12.464  -73.352  -4.240 0.5000000000
14211  12.804  -73.825  -4.451 0.6000000238
14212  12.280  -73.893  -4.555 0.6000000238
14214  10.891  -73.372  -4.123 0.5000000000
14922  13.600  -72.495  9.584 0.5000000000
14923  12.781  -72.250  9.797 0.5000000000
14936  14.706  -72.621  8.865 0.6000000238
14949  14.539  -73.331  8.305 0.6000000238
14950  12.537  -73.034  8.564 0.5000000000
14951  11.725  -72.538  7.996 0.6000000238
14962  14.654  -73.256  7.365 0.6000000238
14977  13.785  -72.832  5.271 0.6000000238
15003  12.138  -72.996  2.901 0.5000000000
15013  17.919  -72.634  2.551 0.5000000000
15014  17.526  -72.265  2.739 0.5000000000
15015  16.908  -72.518  2.715 0.5000000000
15018  11.599  -72.772  1.641 0.5000000000
15030  16.316  -71.790  2.358 0.5000000000
15031  11.236  -72.607  1.028 0.5000000000
15044  10.419  -72.581  0.049 0.5000000000
15045  10.063  -72.663  -0.482 0.5000000000
15068  13.375  -72.772  -1.052 0.6000000238
15069  9.329  -72.627  -1.486 0.5000000000
15080  12.936  -72.640  -2.834 0.6000000238
15081  9.239  -72.361  -2.416 0.5000000000
15093  10.211  -72.470  -3.423 0.5000000000
15094  9.512  -72.015  -2.821 0.5000000000
15104  12.507  -73.013  -3.898 0.5000000000
15106  11.245  -72.872  -4.060 0.5000000000
15121  11.900  -73.275  -4.284 0.5000000000
15850  9.862  -71.619  11.404 0.4000000060
15861  13.287  -71.261  10.628 0.6000000238
15876  14.441  -71.472  9.945 0.6000000238
15877  13.796  -71.808  10.102 0.6000000238
15896  12.046  -72.129  9.130 0.6000000238
15911  15.128  -71.913  8.461 0.6000000238
15912  11.504  -72.099  8.149 0.6000000238
15948  14.051  -71.171  5.367 0.6999999881
15971  12.592  -72.658  3.680 0.5000000000
15972  12.440  -72.088  2.816 0.5000000000
15984  12.201  -71.397  2.062 0.6000000238
15993  16.496  -71.034  2.395 0.5000000000
15994  15.710  -71.076  1.947 0.5000000000
15995  11.155  -71.664  0.781 0.5000000000
15996  10.527  -71.699  0.226 0.5000000000
16002  19.832  -70.623  0.726 0.5000000000
16007  9.629  -71.878  -0.764 0.5000000000
16019  9.275  -71.847  -1.313 0.6000000238
16041  12.607  -71.005  -1.019 0.6000000238
16042  12.524  -71.889  -1.994 0.5000000000
16043  9.194  -71.165  -2.262 0.5000000000
16056  12.497  -72.207  -2.850 0.5000000000
16058  10.973  -71.672  -3.370 0.5000000000
16060  9.855  -71.419  -2.993 0.5000000000
16061  9.512  -71.369  -2.731 0.6000000238
16075  12.124  -72.484  -3.439 0.5000000000
16076  11.415  -72.343  -3.711 0.5000000000
16078  10.237  -71.985  -3.388 0.5000000000
16079  9.846  -71.881  -3.110 0.5000000000
16851  13.692  -70.564  10.736 0.6000000238
16852  12.835  -70.551  11.116 0.6000000238
16870  15.028  -69.876  10.143 0.6000000238
16883  15.359  -70.916  8.797 0.6000000238
16895  15.626  -70.449  7.647 0.6000000238
16914  15.190  -70.837  6.641 0.6000000238
16915  14.593  -70.768  5.755 0.6999999881
16943  13.138  -71.160  3.966 0.6000000238
16954  12.811  -70.765  3.208 0.6000000238
16965  17.320  -70.005  2.229 0.6000000238
16978  18.513  -70.107  2.006 0.6000000238
16980  15.283  -70.280  1.373 0.5000000000
16982  10.761  -70.848  0.511 0.6000000238
16990  20.421  -69.354  0.322 0.6000000238
16991  19.909  -69.782  0.943 0.6000000238
16993  14.076  -70.388  0.371 0.6000000238
16994  10.151  -70.802  -0.149 0.6000000238
16995  9.559  -70.376  -0.713 0.6000000238
17007  13.581  -70.110  -0.118 0.6000000238
17008  9.248  -70.098  -1.310 0.6000000238
17019  13.540  -69.902  -0.536 0.6000000238
17020  9.277  -70.372  -1.914 0.6000000238
17029  9.446  -70.675  -2.396 0.6000000238
17035  23.293  -70.101  -3.073 0.5000000000
17037  13.666  -69.297  -0.961 0.6000000238
17039  11.780  -70.353  -2.074 0.6000000238
17041  10.201  -70.713  -2.820 0.5000000000
17042  9.887  -70.845  -2.821 0.5000000000
17043  9.647  -70.945  -2.714 0.6000000238
17778  14.432  -70.660  10.306 0.6000000238
17781  12.265  -69.591  11.133 0.6999999881
17782  11.211  -69.856  11.216 0.6999999881
17784  9.281  -69.774  11.003 0.5000000000
17785  8.409  -69.555  10.787 0.4000000060
17798  15.567  -69.407  9.489 0.6000000238
17799  13.866  -69.054  10.544 0.6999999881
17800  12.929  -68.808  10.783 0.6999999881
17801  11.401  -68.996  10.534 0.8000000119
17803  9.721  -69.298  10.174 0.6000000238
17805  8.018  -68.865  10.077 0.5000000000
17806  7.329  -68.556  10.245 0.5000000000
17818  15.724  -69.962  8.644 0.6000000238
17829  15.990  -69.783  7.713 0.6000000238
17853  15.152  -69.582  5.653 0.6999999881
17854  14.400  -69.554  5.011 0.6999999881
17855  13.727  -69.807  4.451 0.6999999881
17880  12.347  -69.043  2.752 0.6000000238
17881  11.726  -68.736  2.162 0.6000000238
17901  19.610  -69.176  0.689 0.6000000238
17902  18.414  -69.493  1.636 0.6000000238
17903  17.658  -69.437  1.710 0.6000000238
17907  10.363  -68.865  0.509 0.6000000238
17914  18.189  -69.046  1.078 0.6000000238
17917  14.413  -69.901  -0.018 0.6000000238
17929  19.998  -68.873  -0.071 0.6000000238
17930  19.141  -69.100  -0.903 0.6000000238
17931  9.269  -69.311  -0.950 0.6000000238
17939  20.983  -69.272  -1.503 0.6000000238
17941  18.109  -69.397  -1.856 0.6000000238
17942  17.094  -69.519  -1.536 0.5000000000
17943  16.301  -69.823  -1.295 0.6000000238
17944  15.744  -69.997  -1.289 0.6000000238
17952  21.710  -69.566  -1.821 0.5000000000
17957  16.255  -69.376  -1.611 0.6000000238
17958  15.095  -69.282  -1.343 0.6999999881
17960  11.116  -69.371  -2.231 0.6000000238
17962  9.852  -69.583  -2.272 0.6000000238
17963  9.489  -69.792  -2.026 0.6000000238
17969  24.799  -69.023  -3.287 0.5000000000
17971  20.749  -68.550  -2.635 0.6000000238
17972  19.746  -68.810  -2.747 0.6000000238
17973  18.459  -68.885  -2.811 0.6000000238
17978  12.502  -69.331  -1.676 0.6999999881
17979  10.536  -70.103  -2.567 0.6000000238
17980  10.019  -70.128  -2.621 0.6000000238
17983  24.607  -69.655  -3.644 0.5000000000
17985  23.389  -69.381  -3.116 0.5000000000
18777  14.510  -68.471  10.249 0.6999999881
18778  13.493  -68.237  10.324 0.6999999881
18780  11.389  -68.209  9.872 0.6999999881
18782  9.275  -68.716  9.315 0.6000000238
18783  8.349  -68.477  9.187 0.5000000000
18794  11.027  -67.516  9.314 0.6999999881
18795  10.410  -68.009  9.190 0.8000000119
18797  8.294  -67.841  8.393 0.5000000000
18798  7.627  -67.908  8.834 0.5000000000
18800  6.442  -67.713  9.724 0.5000000000
18811  16.188  -69.225  7.297 0.6999999881
18823  16.059  -68.622  5.850 0.6999999881
18854  13.544  -68.599  3.737 0.6999999881
18855  12.803  -68.578  3.138 0.6000000238
18871  12.001  -68.216  2.538 0.6000000238
18885  11.343  -67.862  1.962 0.6999999881
18899  11.139  -68.469  1.505 0.6000000238
18900  10.549  -68.281  0.926 0.6000000238
18913  10.000  -68.137  0.312 0.6000000238
18914  9.618  -68.408  -0.319 0.6000000238
18926  9.362  -68.581  -0.848 0.6000000238
18936  9.526  -68.589  -1.382 0.6000000238
18937  9.373  -68.835  -1.250 0.6000000238
18942  25.080  -68.652  -2.503 0.5000000000
18944  10.840  -68.824  -1.975 0.6000000238
18945  10.093  -68.921  -1.981 0.6000000238
18946  9.829  -69.022  -1.965 0.6000000238
18947  9.469  -69.127  -1.594 0.6000000238
18950  24.367  -68.368  -3.087 0.5000000000
18951  20.340  -68.193  -2.908 0.5000000000
18952  18.817  -68.660  -2.930 0.6999999881
18953  17.952  -68.556  -2.665 0.6999999881
18954  17.158  -68.566  -2.273 0.6999999881
18955  16.424  -68.365  -1.955 0.6999999881
18956  15.520  -68.168  -1.741 0.6999999881
18960  23.539  -68.331  -3.062 0.5000000000
19808  15.297  -67.855  9.837 0.6000000238
19812  5.749  -67.339  9.665 0.4000000060
19831  12.446  -66.722  9.548 0.6999999881
19834  9.745  -67.505  8.422 0.6000000238
19836  7.099  -67.377  8.551 0.5000000000
19837  6.299  -67.248  8.934 0.5000000000
19838  5.156  -66.266  8.443 0.5000000000
19854  9.278  -67.128  7.831 0.6999999881
19855  8.189  -67.221  7.822 0.6000000238
19872  8.717  -66.828  7.445 0.6000000238
19873  7.911  -66.525  7.203 0.6000000238
19874  7.037  -66.416  7.380 0.6000000238
19884  16.346  -67.998  5.635 0.8000000119
19908  13.352  -67.442  3.038 0.8000000119
19927  10.914  -66.956  1.785 0.5000000000
19928  10.288  -66.967  1.011 0.6000000238
19943  9.930  -67.353  0.385 0.6000000238
19944  9.951  -66.875  0.445 0.5000000000
19973  9.775  -67.356  -0.916 0.6000000238
19984  11.752  -67.686  -1.411 0.6000000238
19986  9.959  -67.784  -1.259 0.6000000238
19989  24.373  -67.553  -2.215 0.5000000000
19990  17.171  -67.966  -2.053 0.6000000238
19991  16.076  -67.839  -1.793 0.6000000238
19995  11.328  -68.198  -1.748 0.6000000238
19996  10.403  -68.276  -1.692 0.6999999881
19998  24.695  -68.150  -2.503 0.5000000000
19999  24.424  -67.945  -2.687 0.5000000000
20000  23.889  -67.742  -2.884 0.5000000000
20001  23.023  -67.651  -2.872 0.5000000000
20002  22.159  -67.602  -2.875 0.5000000000
20005  18.596  -68.075  -2.745 0.5000000000
20008  15.008  -68.003  -1.620 0.6999999881
20009  13.857  -68.102  -1.517 0.6999999881
20010  12.739  -68.385  -1.815 0.6999999881
20012  22.123  -68.125  -2.823 0.6000000238
20865  15.236  -66.174  9.026 0.8000000119
20867  13.170  -66.158  9.161 0.8000000119
20869  11.102  -65.642  8.698 0.6999999881
20882  9.173  -66.284  7.336 0.6999999881
20884  5.546  -65.904  7.762 0.6999999881
20885  4.781  -65.676  7.838 0.6000000238
20899  6.587  -65.845  6.937 0.6000000238
20900  5.879  -65.586  7.075 0.6999999881
20914  7.482  -65.557  6.234 0.8000000119
20915  6.772  -65.501  6.360 0.6999999881
20916  6.162  -65.404  6.534 0.6999999881
20927  16.719  -66.772  4.700 0.8000000119
20936  16.645  -66.702  3.680 0.8000000119
20938  14.661  -66.818  3.054 0.8000000119
20939  13.615  -66.778  2.849 0.8000000119
20942  11.426  -66.718  2.273 0.6000000238
20954  16.398  -66.208  2.930 0.8000000119
20955  11.515  -65.982  2.350 0.6000000238
20971  10.178  -66.391  0.760 0.5000000000
20983  9.856  -66.590  0.241 0.5000000000
20995  11.719  -66.321  -0.300 0.5000000000
20996  10.611  -66.173  -0.203 0.5000000000
20998  9.732  -66.918  -0.142 0.5000000000
21003  23.945  -66.859  -1.696 0.5000000000
21006  16.453  -66.831  -1.043 0.5000000000
21008  13.331  -67.221  -0.781 0.5000000000
21009  12.331  -67.233  -0.884 0.6000000238
21010  11.180  -66.984  -0.897 0.6000000238
21012  23.946  -67.082  -2.187 0.5000000000
21013  23.452  -66.603  -1.978 0.5000000000
21015  21.419  -66.458  -2.201 0.5000000000
21016  20.623  -66.452  -1.949 0.5000000000
21017  19.127  -67.030  -1.975 0.5000000000
21020  16.751  -67.499  -1.620 0.5000000000
21021  15.702  -67.419  -1.489 0.5000000000
21022  14.723  -67.592  -1.493 0.6999999881
21023  13.819  -67.693  -1.349 0.5000000000
21024  13.048  -67.700  -1.255 0.6000000238
21025  24.096  -67.462  -2.498 0.5000000000
21027  22.568  -67.031  -2.674 0.5000000000
21029  20.835  -66.999  -2.612 0.5000000000
21031  18.480  -67.533  -2.325 0.5000000000
21032  17.874  -67.618  -2.104 0.5000000000
21864  1.633  -64.824  9.499 0.6000000238
21871  14.343  -65.124  8.496 0.8000000119
21872  13.373  -65.036  8.572 0.8000000119
21873  12.355  -64.845  8.690 0.8000000119
21875  3.590  -65.689  8.501 0.6000000238
21877  2.124  -64.915  9.048 0.5000000000
21883  15.985  -65.121  7.598 0.8000000119
21884  14.979  -64.512  8.022 0.8000000119
21885  9.864  -65.377  7.631 0.6999999881
21887  3.240  -64.768  7.926 0.6000000238
21895  16.512  -65.859  6.811 0.8000000119
21896  10.196  -64.636  7.741 0.6999999881
21898  5.484  -65.129  6.433 0.6999999881
21899  4.798  -65.029  6.668 0.6999999881
21900  4.420  -64.758  6.802 0.6999999881
21901  3.893  -64.931  7.392 0.6000000238
21910  9.320  -65.100  7.175 0.6999999881
21912  8.008  -64.970  5.774 0.6000000238
21913  7.637  -65.176  5.854 0.6000000238
21926  7.784  -64.412  5.526 0.5000000000
21928  6.706  -64.395  5.543 0.6000000238
21929  6.086  -64.318  5.649 0.6000000238
21930  5.684  -64.708  5.979 0.6999999881
21936  17.005  -65.773  3.445 0.6999999881
21938  14.576  -65.883  2.732 0.6000000238
21940  13.040  -65.930  2.588 0.6999999881
21941  12.244  -65.936  2.540 0.6999999881
21947  15.026  -65.398  2.691 0.6999999881
21948  12.521  -65.164  2.479 0.6000000238
21949  11.819  -65.238  2.344 0.6000000238
21950  11.135  -65.311  1.944 0.6000000238
21951  10.668  -65.697  1.570 0.5000000000
21960  10.743  -65.089  1.319 0.5000000000
21961  10.382  -65.757  1.098 0.5000000000
21990  11.316  -65.290  0.034 0.5000000000
21991  10.735  -65.242  0.286 0.5000000000
21992  9.878  -66.345  0.071 0.5000000000
22003  21.144  -65.919  -1.610 0.5000000000
22759  5.042  -64.018  15.313 0.3000000119
22796  0.648  -63.989  13.244 0.5000000000
22812  0.952  -64.414  11.872 0.5000000000
22826  1.154  -63.946  9.520 0.6000000238
22830  13.054  -64.188  8.410 0.6999999881
22831  11.873  -64.090  8.488 0.6999999881
22832  1.481  -64.307  9.219 0.6000000238
22839  14.894  -63.737  7.467 0.6999999881
22841  11.061  -64.045  8.059 0.6999999881
22842  3.187  -64.413  7.997 0.6000000238
22843  2.091  -64.385  8.920 0.5000000000
22848  16.248  -64.531  6.716 0.6999999881
22851  9.897  -64.121  7.456 0.6000000238
22852  4.212  -64.450  6.885 0.6999999881
22859  16.726  -64.935  5.872 0.6999999881
22860  16.371  -63.987  6.258 0.6999999881
22861  9.357  -64.590  7.197 0.6999999881
22862  8.879  -64.188  6.718 0.6999999881
22863  8.384  -64.537  6.012 0.5000000000
22864  5.405  -64.401  5.991 0.6999999881
22865  4.775  -64.460  6.393 0.6999999881
22874  8.489  -63.768  6.026 0.6000000238
22875  7.189  -64.172  5.426 0.5000000000
22876  6.376  -63.953  5.486 0.6000000238
22881  17.076  -64.043  2.785 0.6000000238
22883  14.174  -64.928  2.577 0.6000000238
22885  6.757  -63.985  5.418 0.6000000238
22892  16.154  -64.382  2.517 0.6999999881
22894  13.526  -64.229  2.358 0.6999999881
22895  12.836  -64.465  2.326 0.6000000238
22896  11.716  -64.713  2.036 0.6000000238
22908  11.887  -64.499  1.647 0.6000000238
22909  11.164  -64.564  1.188 0.5000000000
22910  10.509  -65.312  0.813 0.5000000000
22923  10.562  -65.263  0.494 0.5000000000
22934  12.042  -64.522  -0.036 0.5000000000
22936  10.901  -64.686  0.475 0.5000000000
23698  4.062  -63.002  18.419 0.3000000119
23719  3.899  -63.013  16.447 0.3000000119
23742  4.554  -63.680  14.625 0.3000000119
23749  4.735  -63.852  13.806 0.3000000119
23751  0.690  -63.691  13.798 0.5000000000
23763  3.650  -63.213  12.404 0.4000000060
23764  0.881  -63.929  12.319 0.5000000000
23786  1.112  -63.516  12.330 0.5000000000
23799  6.109  -63.679  10.239 0.3000000119
23801  1.014  -63.731  10.860 0.6000000238
23807  1.112  -63.835  9.925 0.6000000238
23814  12.695  -62.809  8.083 0.6999999881
23816  11.637  -63.370  8.232 0.6999999881
23817  1.384  -63.791  9.611 0.6000000238
23824  14.239  -63.389  7.476 0.8000000119
23828  2.627  -63.862  8.786 0.5000000000
23836  13.949  -62.875  7.302 0.6999999881
23837  10.474  -63.404  7.295 0.6000000238
23838  4.140  -63.942  6.814 0.5000000000
23839  3.653  -64.156  7.436 0.5000000000
23845  15.213  -62.854  6.643 0.6000000238
23846  9.821  -63.226  7.133 0.6000000238
23847  9.159  -63.144  6.609 0.6000000238
23848  5.162  -64.107  6.043 0.6000000238
23858  8.045  -63.531  5.549 0.5000000000
23859  7.634  -63.971  5.405 0.5000000000
23860  6.751  -63.634  5.420 0.6000000238
23861  6.304  -63.524  5.533 0.6000000238
23862  5.806  -64.033  5.667 0.6000000238
23873  7.506  -63.379  5.420 0.5000000000
23885  17.162  -63.119  2.608 0.6000000238
23889  12.521  -64.181  2.015 0.6000000238
23903  12.701  -63.935  1.689 0.6000000238
23904  12.143  -64.360  1.068 0.5000000000
23914  11.814  -64.050  0.286 0.5000000000
23924  14.940  -63.140  -0.043 0.5000000000
23926  13.241  -63.522  -0.141 0.5000000000
23928  11.729  -63.953  0.025 0.5000000000
23929  11.374  -64.383  0.356 0.5000000000
24722  3.823  -62.637  19.879 0.3000000119
24763  2.737  -62.036  16.628 0.4000000060
24775  2.556  -62.031  15.167 0.4000000060
24799  2.197  -61.994  13.723 0.4000000060
24800  1.279  -63.001  13.289 0.6000000238
24801  0.955  -63.345  13.581 0.5000000000
24814  2.894  -62.591  12.581 0.5000000000
24815  2.320  -62.250  12.928 0.4000000060
24817  1.114  -63.350  12.935 0.6000000238
24831  1.689  -63.075  11.408 0.6000000238
24842  5.689  -62.664  9.501 0.3000000119
24847  1.411  -63.434  10.715 0.5000000000
24856  3.085  -63.423  9.557 0.4000000060
24857  2.206  -63.489  9.944 0.5000000000
24858  1.525  -63.594  10.040 0.5000000000
24863  11.967  -62.666  8.345 0.6000000238
24864  11.557  -62.773  7.975 0.6999999881
24865  2.913  -63.472  9.250 0.5000000000
24867  1.690  -63.694  9.667 0.5000000000
24874  13.210  -62.354  7.601 0.6999999881
24875  12.369  -62.206  8.095 0.6000000238
24876  11.221  -62.604  7.200 0.6000000238
24877  4.082  -63.246  7.862 0.5000000000
24879  2.910  -63.603  8.847 0.4000000060
24890  4.350  -63.293  7.113 0.5000000000
24897  16.362  -62.635  5.826 0.6999999881
24899  14.809  -62.266  6.528 0.6999999881
24901  10.006  -62.266  6.542 0.6000000238
24903  5.970  -63.085  5.817 0.5000000000
24904  5.362  -63.257  6.061 0.6000000238
24905  4.411  -63.662  6.693 0.6000000238
24916  17.648  -62.300  4.279 0.6999999881
24917  17.002  -62.048  5.219 0.6000000238
24920  7.475  -62.827  5.477 0.4000000060
24921  6.848  -63.206  5.395 0.6000000238
24933  17.742  -62.422  3.302 0.6000000238
24934  7.097  -63.316  5.379 0.5000000000
24941  17.456  -62.446  2.724 0.6000000238
24942  16.795  -62.457  2.231 0.6000000238
24945  13.916  -63.045  2.057 0.6999999881
24946  13.232  -63.481  1.934 0.6000000238
24959  12.781  -63.779  1.105 0.5000000000
24970  13.037  -63.290  0.600 0.5000000000
24984  13.168  -62.920  0.129 0.5000000000
24985  12.612  -63.125  0.080 0.5000000000
24986  12.193  -63.561  0.057 0.5000000000
25812  2.455  -61.875  18.224 0.5000000000
25813  1.616  -61.712  18.523 0.3000000119
25814  0.660  -61.854  18.734 0.4000000060
25867  2.107  -61.856  14.608 0.4000000060
25868  1.747  -61.967  15.074 0.4000000060
25869  0.922  -62.925  14.857 0.3000000119
25878  1.850  -62.092  14.171 0.4000000060
25879  1.522  -62.527  13.831 0.5000000000
25896  1.636  -62.779  12.840 0.6000000238
25916  1.881  -62.721  12.272 0.5000000000
25917  1.597  -63.024  12.112 0.6000000238
25936  4.648  -63.051  9.341 0.4000000060
25937  3.575  -63.449  9.709 0.4000000060
25953  6.859  -61.489  9.523 0.3000000119
25954  6.288  -61.680  9.382 0.3000000119
25969  3.750  -63.241  9.007 0.4000000060
25978  12.480  -61.688  7.618 0.5000000000
25979  5.101  -62.045  7.696 0.5000000000
25980  4.623  -62.628  8.077 0.5000000000
25981  4.154  -63.084  8.495 0.4000000060
25988  13.663  -61.262  6.642 0.6000000238
25989  12.680  -61.056  6.863 0.5000000000
25990  11.783  -61.628  7.132 0.6000000238
25991  5.866  -61.863  6.619 0.5000000000
25992  5.229  -62.265  6.951 0.5000000000
25999  15.869  -61.679  5.759 0.6000000238
26000  15.043  -61.639  6.197 0.6000000238
26001  14.693  -60.959  6.128 0.6999999881
26006  7.003  -62.011  5.931 0.4000000060
26007  5.576  -62.655  6.307 0.5000000000
26020  10.919  -60.802  4.942 0.3000000119
26021  10.366  -61.176  5.354 0.6000000238
26023  9.200  -61.415  6.022 0.5000000000
26033  17.912  -61.387  3.720 0.5000000000
26044  16.572  -61.709  1.479 0.5000000000
26045  15.514  -62.385  1.678 0.5000000000
26058  14.265  -63.198  1.086 0.5000000000
26059  13.569  -63.421  1.079 0.5000000000
26069  15.023  -62.764  0.589 0.5000000000
26080  14.038  -62.988  0.264 0.5000000000
26884  0.448  -61.982  17.226 0.4000000060
26891  1.144  -61.980  16.203 0.4000000060
26906  1.370  -62.106  15.560 0.4000000060
26907  1.246  -62.062  15.972 0.4000000060
26981  6.934  -60.292  9.401 0.3000000119
26982  6.341  -60.978  9.226 0.3000000119
26983  5.947  -61.334  9.056 0.4000000060
26984  5.467  -62.285  9.156 0.4000000060
26997  7.243  -60.632  9.506 0.3000000119
27008  5.445  -61.840  8.598 0.5000000000
27021  5.932  -60.738  7.594 0.4000000060
27023  5.096  -62.099  8.021 0.5000000000
27034  13.281  -60.648  6.398 0.6000000238
27035  7.651  -60.578  6.532 0.3000000119
27036  6.887  -60.825  6.738 0.6000000238
27050  13.344  -60.200  5.987 0.6000000238
27051  12.515  -60.533  6.021 0.4000000060
27052  11.668  -60.630  5.367 0.5000000000
27053  9.008  -60.685  6.066 0.4000000060
27054  7.933  -61.209  6.014 0.4000000060
27056  6.565  -61.564  6.384 0.4000000060
27069  17.546  -60.532  4.454 0.4000000060
27070  16.548  -60.232  5.039 0.4000000060
27072  14.385  -59.873  5.692 0.5000000000
27075  11.475  -60.190  4.762 0.3000000119
27076  10.539  -60.654  5.043 0.4000000060
27077  9.949  -60.710  5.383 0.4000000060
27110  17.111  -60.737  0.948 0.5000000000
28105  6.304  -60.636  9.084 0.3000000119
28120  6.052  -60.829  8.859 0.4000000060
28130  6.287  -60.101  8.454 0.4000000060
28131  5.935  -60.890  8.630 0.4000000060
28143  5.959  -60.591  8.185 0.4000000060
28152  8.147  -59.807  6.913 0.3000000119
28154  6.565  -60.394  7.306 0.6000000238
28167  9.383  -59.821  5.974 0.3000000119
28181  15.816  -58.672  4.786 0.4000000060
28183  13.719  -59.304  5.513 0.5000000000
28185  11.401  -59.765  4.620 0.3000000119
28186  10.936  -59.597  4.618 0.3000000119
28187  10.407  -60.002  4.854 0.3000000119
28206  18.055  -58.983  2.446 0.5000000000
29147  7.209  -59.107  9.261 0.3000000119
29148  6.792  -59.603  9.188 0.3000000119
29149  6.430  -60.051  9.026 0.3000000119
29164  6.870  -59.049  8.892 0.3000000119
29165  6.638  -59.555  9.017 0.3000000119
29176  6.598  -59.505  8.690 0.3000000119
29189  7.354  -58.766  7.941 0.3000000119
29190  6.686  -59.429  8.155 0.3000000119
29204  7.701  -59.276  7.406 0.3000000119
29232  14.667  -57.897  4.906 0.4000000060
29233  13.084  -58.847  5.276 0.4000000060
29235  11.036  -58.788  5.069 0.3000000119
29236  10.597  -58.643  5.471 0.4000000060
29247  16.689  -57.416  3.839 0.3000000119
29248  16.073  -57.006  3.976 0.4000000060
30202  7.413  -58.440  8.863 0.3000000119
30214  7.925  -57.648  8.668 0.3000000119
30229  8.027  -57.814  8.074 0.3000000119
30248  9.320  -58.651  6.781 0.3000000119
30261  17.203  -56.804  4.649 0.3000000119
30277  17.507  -56.896  4.156 0.4000000060
30278  15.603  -56.814  4.375 0.4000000060
30282  11.335  -57.865  5.371 0.3000000119
30284  10.510  -57.943  5.737 0.4000000060
30294  18.408  -57.730  3.555 0.4000000060
30295  17.157  -56.811  3.799 0.3000000119
30296  16.571  -56.868  3.818 0.3000000119
30304  18.488  -57.947  3.060 0.4000000060
30305  17.868  -57.649  3.398 0.4000000060
31205  8.502  -56.943  9.258 0.3000000119
31227  8.326  -57.044  8.437 0.3000000119
31284  14.886  -56.625  4.954 0.4000000060
31286  11.821  -56.551  5.700 0.3000000119
31287  11.541  -57.057  5.431 0.3000000119
31297  16.642  -56.508  3.953 0.3000000119
32259  8.883  -55.417  9.006 0.3000000119
32260  8.431  -56.673  9.075 0.3000000119
32275  8.276  -56.869  8.870 0.3000000119
32288  11.837  -55.765  6.886 0.3000000119
32319  11.801  -55.952  5.959 0.3000000119
32320  11.353  -55.800  5.752 0.3000000119
33388  11.854  -54.844  6.608 0.3000000119
33400  11.577  -55.384  6.189 0.3000000119
130676  7.124  -62.712  5.468 0.4000000060
130834  10.226  -65.891  0.164 0.5000000000
131116  2.677  -63.092  10.865 0.4000000060
131124  11.221  -70.202  -2.428 0.6999999881
131376  21.353  -85.314  -5.542 0.6999999881
131524  17.076  -64.351  5.203 0.6999999881
131807  11.626  -74.357  -4.615 0.5000000000
132290  19.084  -69.232  -2.120 0.6000000238
132521  22.526  -86.083  -6.347 0.4000000060
132654  15.701  -91.931  7.066 0.4000000060
132665  15.840  -69.986  -0.797 0.6000000238
132667  2.243  -63.005  11.057 0.4000000060
132937  13.285  -78.217  -4.953 0.5000000000
133037  23.404  -88.443  -0.719 0.4000000060
133137  22.819  -88.953  -1.331 0.4000000060
133152  19.060  -89.617  -4.958 0.4000000060
133192  4.949  -63.683  6.213 0.6000000238
133581  22.180  -89.854  5.990 0.3000000119
133594  12.611  -67.301  2.718 0.6999999881
133632  14.072  -79.133  -3.579 0.5000000000
133692  22.412  -92.337  0.124 0.4000000060
133726  14.178  -72.167  5.706 0.6000000238
133927  16.320  -66.067  7.553 0.8000000119
134590  15.226  -83.486  -2.063 0.6000000238
134680  12.615  -69.882  2.977 0.6000000238
135096  17.915  -71.695  2.507 0.6000000238
135100  22.523  -89.594  -3.186 0.3000000119
135136  18.498  -76.857  -0.013 0.6000000238
135271  17.853  -80.564  1.284 0.6000000238
135287  16.742  -66.950  6.511 0.8000000119
135348  12.781  -72.626  9.151 0.6000000238
135545  17.268  -87.952  -0.610 0.6000000238
135588  15.900  -69.386  0.463 0.5000000000
135635  18.368  -73.393  1.514 0.5000000000
135671  14.722  -68.198  4.106 0.6999999881
135719  15.328  -74.628  1.243 0.6000000238
136018  15.348  -83.311  2.369 0.8000000119
136068  10.244  -74.034  -3.244 0.5000000000
136410  15.163  -63.458  2.329 0.5000000000
136442  17.726  -61.747  2.943 0.6000000238
136829  9.341  -71.061  -1.074 0.6000000238
137168  14.215  -76.397  -1.702 0.6000000238
137209  22.712  -84.914  -7.955 0.4000000060
137247  10.626  -59.290  4.986 0.3000000119
137471  24.880  -90.248  2.910 0.3000000119
137521  12.273  -68.126  -1.790 0.6999999881
137737  11.320  -71.170  -2.776 0.5000000000
137741  11.952  -67.180  2.548 0.6999999881
137804  6.910  -65.037  5.837 0.6000000238
137989  4.208  -63.568  13.074 0.3000000119
138061  12.129  -82.280  0.034 0.6000000238
138178  25.089  -90.091  0.893 0.4000000060
138841  8.824  -65.538  6.897 0.6999999881
138864  17.832  -69.033  0.274 0.5000000000
138872  16.315  -62.101  1.752 0.5000000000
139172  18.503  -88.089  1.210 0.5000000000
139240  0.936  -63.965  11.305 0.5000000000
139254  12.475  -77.237  -4.830 0.6000000238
139396  11.254  -74.081  2.126 0.5000000000
139434  25.221  -88.919  1.847 0.5000000000
139442  13.067  -75.122  -4.737 0.6999999881
139462  13.749  -65.648  8.791 0.8000000119
139548  13.377  -77.307  -4.705 0.6000000238
139709  14.117  -74.169  -1.235 0.6999999881
139726  15.333  -58.031  4.664 0.5000000000
139755  24.721  -90.824  5.024 0.3000000119
139939  17.290  -74.892  3.425 0.6999999881
139997  17.652  -77.829  -3.006 0.6000000238
140000  0.714  -62.816  15.630 0.3000000119
140123  16.565  -74.009  2.636 0.5000000000
140163  12.570  -71.287  2.794 0.6000000238
140295  20.703  -87.115  -1.342 0.4000000060
140349  8.989  -71.933  -1.985 0.5000000000
140438  7.120  -95.293  14.468 0.4000000060
140533  19.026  -69.026  -2.795 0.6000000238
140710  22.778  -92.124  0.960 0.4000000060
140759  13.146  -74.316  -4.432 0.6000000238
140776  18.787  -87.099  -3.553 0.6999999881
141131  9.578  -67.876  -0.454 0.6000000238
141222  13.374  -81.572  2.238 0.6000000238
141398  22.151  -92.450  7.097 0.4000000060
141527  17.404  -65.191  4.144 0.6999999881
141553  18.556  -87.240  -2.866 0.6999999881
141667  10.602  -75.060  -3.932 0.5000000000
141669  16.696  -76.822  -4.361 0.6000000238
141670  7.135  -62.992  5.370 0.4000000060
141882  19.377  -86.187  2.505 0.4000000060
142277  21.384  -69.752  -1.016 0.5000000000
142420  21.583  -92.822  8.619 0.5000000000
142575  11.885  -65.348  8.840 0.6999999881
142750  24.540  -89.779  13.266 0.3000000119
142891  17.329  -68.328  -2.301 0.6000000238
143148  9.680  -64.748  7.415 0.6999999881
143150  12.031  -54.730  7.097 0.3000000119
143246  15.777  -87.624  -2.978 0.6999999881
143263  18.723  -76.000  2.745 0.6000000238
143554  6.272  -64.684  5.758 0.6000000238
143668  12.006  -82.658  0.753 0.5000000000
144008  13.508  -68.868  -1.255 0.6000000238
144091  13.014  -78.065  -5.193 0.5000000000
144098  15.906  -65.420  2.610 0.8000000119
144254  8.228  -62.169  5.762 0.5000000000
144544  15.976  -68.023  8.964 0.6000000238
145120  10.123  -85.559  1.214 0.6000000238
145177  17.806  -57.256  3.827 0.4000000060
145181  13.721  -78.868  -4.369 0.5000000000
145361  21.265  -92.971  5.462 0.4000000060
145377  21.983  -68.715  -2.522 0.6000000238
145964  19.766  -83.582  -2.118 0.8000000119
146005  3.271  -63.919  7.927 0.4000000060
146181  9.670  -67.505  -0.410 0.6000000238
146214  15.890  -88.879  -4.621 0.6999999881
146324  15.648  -80.236  5.189 0.6999999881
146407  23.610  -68.962  -3.202 0.5000000000
146409  22.318  -90.480  11.491 0.3000000119
146460  14.344  -78.795  -1.935 0.4000000060
146490  10.561  -72.010  10.570 0.5000000000
146575  15.711  -77.156  2.543 0.6000000238
146652  12.028  -91.806  12.181 0.5000000000
146661  10.484  -73.725  -3.684 0.5000000000
146737  9.889  -69.861  -0.269 0.6000000238
147000  14.220  -63.230  2.236 0.5000000000
147043  10.563  -73.181  -3.768 0.5000000000
147102  16.184  -67.423  4.123 0.8000000119
147117  0.721  -61.792  17.331 0.4000000060
147147  11.699  -58.591  5.026 0.3000000119
147178  23.698  -89.928  13.021 0.3000000119
147228  2.414  -64.181  8.743 0.5000000000
147311  19.260  -67.535  -2.604 0.5000000000
147373  26.200  -90.214  5.950 0.3000000119
147594  3.628  -65.186  7.802 0.6000000238
147604  18.020  -60.322  3.675 0.5000000000
147667  20.252  -85.403  0.898 0.4000000060
147705  11.145  -92.851  14.824 0.4000000060
149050  16.172  -85.067  -3.870 0.6000000238
149321  13.438  -83.483  3.774 0.6000000238
149365  9.089  -94.810  12.579 0.4000000060
149489  9.341  -67.708  8.266 0.6000000238
149578  23.699  -86.164  -5.899 0.4000000060
149631  9.470  -73.245  -1.612 0.5000000000
149705  10.779  -64.786  0.798 0.5000000000
149823  2.456  -61.904  15.873 0.4000000060
149825  13.133  -63.885  2.131 0.6999999881
149885  9.350  -60.886  5.843 0.4000000060
149895  21.080  -83.524  -5.566 0.6000000238
149941  16.299  -68.450  8.003 0.6999999881
150104  11.578  -71.083  1.322 0.5000000000
150244  9.606  -68.065  -1.174 0.6000000238
150274  14.602  -84.750  1.270 0.6999999881
150653  19.553  -90.078  -3.677 0.5000000000
150976  9.674  -67.846  0.249 0.6000000238
151444  25.346  -89.286  2.343 0.4000000060
151516  15.527  -83.361  -1.683 0.6000000238
151593  12.213  -77.341  -4.644 0.6000000238
151656  15.515  -81.304  5.205 0.6999999881
151742  24.079  -89.950  -2.967 0.3000000119
152106  24.850  -90.741  7.477 0.3000000119
152112  13.942  -85.128  2.948 0.6999999881
152206  14.570  -78.596  -0.397 0.5000000000
152223  17.745  -79.785  1.791 0.6999999881
152242  21.909  -92.688  8.644 0.5000000000
152287  21.593  -93.543  6.177 0.4000000060
152563  18.652  -85.388  -3.394 0.6999999881
152702  11.183  -74.785  -4.570 0.5000000000
152808  6.101  -63.161  9.828 0.3000000119
152915  7.917  -65.953  6.637 0.8000000119
152940  21.895  -87.303  -3.197 0.6000000238
153194  1.257  -62.631  14.597 0.5000000000
153228  6.971  -68.082  9.819 0.5000000000
153385  1.874  -63.909  9.358 0.6000000238
153388  3.213  -62.921  11.889 0.5000000000
153509  13.059  -90.818  11.102 0.4000000060
153574  5.129  -62.394  8.826 0.5000000000
153576  13.810  -85.845  -6.949 0.5000000000
153673  17.425  -74.048  -3.721 0.5000000000
153716  15.139  -69.792  -0.101 0.5000000000
154010  17.291  -63.177  4.969 0.6999999881
154079  18.458  -87.923  0.669 0.5000000000
154121  15.167  -61.113  5.965 0.5000000000
154165  12.912  -63.022  -0.092 0.5000000000
154667  23.469  -90.190  12.576 0.3000000119
155201  9.646  -65.995  7.567 0.6999999881
155581  15.681  -76.229  2.071 0.6999999881
155657  17.484  -63.939  3.306 0.6999999881
155707  13.363  -74.992  -4.322 0.6999999881
155738  2.680  -64.484  8.421 0.5000000000
155815  8.497  -56.435  8.659 0.3000000119
155867  18.064  -78.918  -2.998 0.5000000000
156006  8.135  -65.500  6.344 0.6999999881
156360  14.492  -84.544  -5.606 0.5000000000
156398  13.732  -90.780  9.310 0.4000000060
156431  4.091  -65.571  7.915 0.6000000238
156649  23.767  -90.235  9.258 0.3000000119
156661  14.378  -69.079  4.689 0.6999999881
156720  14.839  -72.573  7.343 0.6000000238
156750  22.560  -90.562  11.416 0.3000000119
157039  13.912  -91.910  8.921 0.3000000119
157301  11.212  -70.945  0.867 0.5000000000
157403  14.642  -69.251  10.355 0.6999999881
157573  14.623  -70.516  0.866 0.6000000238
157606  19.051  -68.847  -2.921 0.6000000238
157649  14.636  -65.657  8.812 0.8000000119
157706  21.799  -87.077  -4.915 0.5000000000
157755  15.067  -73.751  0.801 0.6999999881
157855  13.580  -76.759  -4.151 0.6000000238
158009  17.035  -65.330  4.983 0.6999999881
158259  4.128  -64.713  7.102 0.6000000238
158282  2.418  -62.439  12.439 0.5000000000
158513  14.011  -58.573  5.339 0.4000000060
158540  13.573  -72.609  -0.173 0.6000000238
