#!ascii label  , from subject sub-v1s8x0051345_ses-1 vox2ras=TkReg
5265
432  -21.882  -92.563  21.873 0.0000000000
15445  -10.422  -69.203  3.678 0.0000000000
25401  -33.021  -58.212  18.115 0.0000000000
3677  -24.922  -85.608  -7.710 0.0000000000
29111  -15.078  -54.764  13.680 0.0000000000
21820  -13.666  -62.368  21.304 0.0000000000
1777  -10.651  -88.784  26.431 0.0000000000
1943  -31.384  -88.268  11.502 0.0000000000
9555  -22.235  -76.300  -0.314 0.0000000000
29888  -26.394  -53.784  25.659 0.0000000000
25357  -27.507  -58.780  23.984 0.0000000000
31833  -28.056  -52.022  15.737 0.0000000000
33656  -20.753  -49.893  15.982 0.0000000000
17125  -12.731  -67.824  23.502 0.0000000000
10013  -10.759  -75.319  22.187 0.0000000000
111161  -12.474  -76.653  16.396 0.0000000000
8530  -13.499  -77.573  22.803 0.0000000000
3323  -18.284  -85.513  23.070 0.0000000000
452  -20.587  -93.071  19.588 0.0000000000
1925  -21.676  -88.421  12.858 0.0000000000
169  -27.247  -94.393  11.928 0.0000000000
114364  -26.227  -92.555  15.574 0.0000000000
4504  -28.436  -83.509  15.325 0.0000000000
18312  -9.003  -66.474  12.074 0.0000000000
21979  -11.679  -62.437  9.087 0.0000000000
128667  -11.847  -67.113  4.916 0.0000000000
133553  -23.954  -85.990  -1.663 0.0000000000
4169  -18.950  -84.016  -4.285 0.0000000000
8897  -22.550  -77.354  -6.841 0.0000000000
7389  -41.060  -79.500  0.801 0.0000000000
5427  -34.148  -82.548  -3.972 0.0000000000
7401  -32.325  -80.214  -0.558 0.0000000000
128616  -29.576  -52.227  21.676 0.0000000000
4740  -27.256  -83.412  -1.319 0.0000000000
6156  -28.355  -80.754  -9.380 0.0000000000
21823  -24.752  -61.733  21.400 0.0000000000
20889  -21.853  -63.475  20.948 0.0000000000
124738  -18.418  -64.882  15.702 0.0000000000
19096  -9.033  -65.577  19.843 0.0000000000
5028  -13.846  -82.454  27.840 0.0000000000
2835  -13.500  -86.428  21.210 0.0000000000
4584  -33.702  -82.945  8.864 0.0000000000
6645  -43.833  -80.071  6.684 0.0000000000
24614  -17.355  -59.324  14.741 0.0000000000
13625  -15.131  -72.386  -1.325 0.0000000000
16428  -19.043  -68.465  2.248 0.0000000000
12550  -17.507  -72.916  7.238 0.0000000000
25343  -24.608  -58.768  25.040 0.0000000000
12357  -9.572  -73.221  25.406 0.0000000000
9958  -12.442  -75.294  25.326 0.0000000000
10735  -16.000  -74.475  22.253 0.0000000000
9948  -17.450  -75.445  26.042 0.0000000000
113406  -19.230  -91.514  26.069 0.0000000000
1794  -17.265  -88.939  25.534 0.0000000000
1849  -21.492  -88.063  22.001 0.0000000000
110422  -20.617  -86.213  17.757 0.0000000000
1455  -22.861  -89.525  17.281 0.0000000000
775  -23.697  -91.877  14.974 0.0000000000
258  -23.877  -93.591  18.859 0.0000000000
16401  -7.298  -68.424  3.608 0.0000000000
17369  -9.351  -67.565  7.327 0.0000000000
18335  -11.058  -67.177  9.486 0.0000000000
15387  -11.973  -69.900  7.623 0.0000000000
117547  -24.126  -81.769  -1.949 0.0000000000
111621  -23.530  -82.257  -5.757 0.0000000000
7458  -25.334  -78.901  -6.144 0.0000000000
7336  -38.403  -79.054  2.554 0.0000000000
6050  -35.830  -81.484  0.367 0.0000000000
6694  -33.137  -80.672  2.498 0.0000000000
28071  -29.434  -55.185  22.208 0.0000000000
29917  -31.700  -53.236  25.735 0.0000000000
28097  -30.105  -55.635  19.377 0.0000000000
28138  -30.887  -55.077  15.648 0.0000000000
1640  -24.997  -88.952  -5.273 0.0000000000
2575  -25.370  -87.491  -2.811 0.0000000000
4173  -26.200  -84.372  -4.180 0.0000000000
6115  -31.102  -81.339  -4.702 0.0000000000
111449  -29.728  -83.555  -6.248 0.0000000000
6827  -32.084  -79.966  -8.711 0.0000000000
29992  -17.743  -52.574  15.371 0.0000000000
33678  -18.423  -49.308  14.439 0.0000000000
31824  -14.987  -51.174  15.142 0.0000000000
20860  -15.956  -63.437  23.335 0.0000000000
20034  -17.449  -64.403  19.404 0.0000000000
20074  -15.611  -64.207  16.426 0.0000000000
18249  -13.628  -65.469  15.985 0.0000000000
14192  -7.137  -70.794  21.964 0.0000000000
18168  -10.065  -65.765  21.817 0.0000000000
14221  -7.880  -70.159  18.962 0.0000000000
4335  -13.176  -83.943  31.927 0.0000000000
3852  -8.764  -83.569  28.094 0.0000000000
5710  -8.364  -81.251  25.537 0.0000000000
119468  -11.143  -88.135  22.553 0.0000000000
291  -21.583  -94.084  13.907 0.0000000000
268  -18.769  -94.191  16.758 0.0000000000
1116  -28.919  -91.046  13.500 0.0000000000
3895  -25.166  -84.350  20.838 0.0000000000
5192  -32.691  -82.191  12.182 0.0000000000
6558  -30.349  -80.629  11.955 0.0000000000
5928  -34.900  -80.659  9.552 0.0000000000
5954  -38.854  -81.305  6.805 0.0000000000
5933  -40.405  -81.462  9.441 0.0000000000
7993  -44.409  -79.112  9.295 0.0000000000
5886  -41.658  -82.040  12.466 0.0000000000
20892  -27.664  -63.023  21.935 0.0000000000
24610  -12.301  -59.176  15.081 0.0000000000
21133  -14.155  -63.472  6.028 0.0000000000
21984  -17.160  -62.357  9.231 0.0000000000
6748  -19.803  -80.769  -1.692 0.0000000000
6121  -17.486  -80.550  -5.107 0.0000000000
9588  -17.894  -76.321  -3.331 0.0000000000
12716  -16.935  -71.875  -5.012 0.0000000000
11828  -19.922  -73.065  -1.389 0.0000000000
13557  -19.081  -71.430  5.072 0.0000000000
16345  -22.407  -69.242  7.373 0.0000000000
18381  -18.705  -66.542  5.435 0.0000000000
27082  -26.925  -56.199  25.147 0.0000000000
26228  -29.699  -58.197  20.005 0.0000000000
33638  -28.239  -49.665  19.941 0.0000000000
34635  -27.143  -48.695  17.356 0.0000000000
34647  -26.366  -48.556  15.550 0.0000000000
34664  -24.906  -48.085  13.648 0.0000000000
35551  -22.987  -47.350  14.598 0.0000000000
29124  -19.374  -55.303  12.556 0.0000000000
16105  -8.790  -68.674  25.956 0.0000000000
13238  -9.633  -71.937  23.281 0.0000000000
125562  -8.800  -74.618  19.328 0.0000000000
10773  -14.548  -74.450  18.922 0.0000000000
8592  -13.131  -77.179  19.445 0.0000000000
7165  -8.916  -79.560  19.803 0.0000000000
1767  -14.460  -88.297  28.132 0.0000000000
1807  -14.521  -87.660  24.441 0.0000000000
697  -16.098  -91.900  23.400 0.0000000000
1428  -18.934  -88.825  20.554 0.0000000000
1099  -20.624  -90.143  15.651 0.0000000000
825  -19.861  -91.133  9.295 0.0000000000
817  -22.325  -92.619  11.205 0.0000000000
115978  -25.173  -91.974  9.998 0.0000000000
120419  -26.187  -88.444  10.862 0.0000000000
3350  -27.335  -85.841  19.965 0.0000000000
2915  -30.595  -86.565  14.564 0.0000000000
117550  -7.369  -63.115  12.913 0.0000000000
23796  -9.053  -60.098  11.288 0.0000000000
21066  -8.726  -63.269  8.891 0.0000000000
21130  -9.990  -63.592  5.278 0.0000000000
21169  -13.180  -64.484  2.950 0.0000000000
1615  -20.901  -89.719  -0.231 0.0000000000
128762  -19.050  -87.375  -1.703 0.0000000000
3108  -21.407  -86.480  -6.011 0.0000000000
6133  -21.170  -81.654  -6.389 0.0000000000
9600  -20.552  -76.573  -4.606 0.0000000000
6769  -37.155  -80.750  -2.156 0.0000000000
4742  -32.395  -83.352  -1.668 0.0000000000
8150  -33.751  -79.402  -3.950 0.0000000000
115209  -29.040  -50.144  21.948 0.0000000000
122326  -29.447  -52.541  18.342 0.0000000000
383  -21.260  -92.443  27.591 0.0000000000
410  -24.002  -93.199  23.041 0.0000000000
131426  -22.270  -91.252  28.412 0.0000000000
16488  -9.013  -68.450  -0.160 0.0000000000
1617  -23.585  -89.906  0.191 0.0000000000
3613  -25.683  -85.654  0.585 0.0000000000
120710  -26.162  -80.804  1.408 0.0000000000
6149  -34.962  -81.994  -7.438 0.0000000000
4206  -29.681  -83.983  -8.823 0.0000000000
5471  -25.562  -82.820  -9.495 0.0000000000
124558  -31.151  -77.061  -8.385 0.0000000000
118782  -28.272  -78.053  -7.538 0.0000000000
125759  -26.451  -81.160  -6.278 0.0000000000
6766  -28.156  -80.138  -2.738 0.0000000000
124696  -24.243  -58.931  22.913 0.0000000000
22712  -22.131  -60.852  23.481 0.0000000000
121957  -22.941  -59.391  19.602 0.0000000000
20966  -22.818  -62.910  17.326 0.0000000000
19983  -19.608  -64.457  22.698 0.0000000000
21872  -19.611  -62.500  17.504 0.0000000000
21790  -12.512  -62.117  25.065 0.0000000000
120386  -11.035  -62.819  22.478 0.0000000000
20939  -10.385  -63.024  18.573 0.0000000000
131795  -11.259  -80.353  30.431 0.0000000000
7750  -15.486  -78.620  28.137 0.0000000000
7094  -14.448  -79.602  25.720 0.0000000000
7119  -8.548  -79.637  22.871 0.0000000000
2855  -10.638  -86.269  19.311 0.0000000000
724  -14.904  -91.817  20.759 0.0000000000
1079  -14.986  -90.054  17.831 0.0000000000
739  -25.576  -91.427  19.460 0.0000000000
113220  -26.645  -88.632  15.535 0.0000000000
2933  -27.745  -86.142  12.113 0.0000000000
4562  -28.975  -83.315  11.094 0.0000000000
2966  -32.988  -86.017  9.928 0.0000000000
4026  -38.109  -84.259  9.437 0.0000000000
8055  -44.565  -78.807  4.037 0.0000000000
9487  -42.753  -77.081  5.580 0.0000000000
23641  -26.179  -61.049  23.030 0.0000000000
23645  -29.721  -60.677  21.343 0.0000000000
26347  -16.750  -57.119  11.894 0.0000000000
22862  -13.808  -61.043  12.191 0.0000000000
24677  -17.813  -59.876  11.275 0.0000000000
16546  -12.163  -68.495  -3.612 0.0000000000
13613  -11.344  -71.288  0.587 0.0000000000
13647  -21.529  -71.509  -2.758 0.0000000000
17524  -19.205  -67.320  -0.817 0.0000000000
13617  -21.996  -71.377  1.314 0.0000000000
11762  -18.090  -73.035  2.267 0.0000000000
10980  -14.624  -74.658  3.511 0.0000000000
12570  -12.145  -72.746  5.240 0.0000000000
16356  -15.618  -69.088  6.445 0.0000000000
109977  -15.444  -66.821  1.743 0.0000000000
26188  -22.770  -57.590  24.481 0.0000000000
25355  -23.642  -58.696  24.036 0.0000000000
10704  -14.965  -74.904  25.824 0.0000000000
698  -21.270  -91.626  23.985 0.0000000000
129730  -20.431  -89.941  23.873 0.0000000000
1046  -21.637  -89.678  22.000 0.0000000000
1856  -22.016  -88.790  19.853 0.0000000000
1064  -22.422  -90.774  19.364 0.0000000000
1072  -22.957  -90.943  18.034 0.0000000000
116047  -22.649  -92.469  19.788 0.0000000000
113913  -9.292  -67.597  2.936 0.0000000000
17400  -8.669  -67.087  5.373 0.0000000000
16372  -10.230  -68.214  5.310 0.0000000000
15386  -10.608  -70.044  8.083 0.0000000000
15426  -11.322  -69.805  5.477 0.0000000000
7428  -25.011  -79.956  -1.858 0.0000000000
6779  -24.574  -80.332  -3.638 0.0000000000
8155  -26.223  -78.649  -4.049 0.0000000000
27128  -29.910  -56.509  20.025 0.0000000000
28086  -29.646  -55.312  20.713 0.0000000000
26246  -31.540  -57.044  18.262 0.0000000000
26283  -33.147  -56.865  16.027 0.0000000000
2104  -27.164  -88.779  -5.347 0.0000000000
2606  -25.015  -87.429  -6.626 0.0000000000
3102  -25.201  -86.594  -4.984 0.0000000000
116521  -25.060  -85.299  -6.459 0.0000000000
119383  -32.839  -79.672  -6.076 0.0000000000
6814  -31.837  -80.259  -6.908 0.0000000000
7483  -33.361  -79.617  -7.828 0.0000000000
29090  -16.742  -53.961  14.284 0.0000000000
31825  -16.223  -51.457  15.258 0.0000000000
30003  -14.612  -53.382  14.728 0.0000000000
30938  -13.055  -52.462  14.062 0.0000000000
29110  -13.180  -54.020  13.590 0.0000000000
21811  -14.732  -62.882  22.445 0.0000000000
20906  -15.586  -63.509  20.869 0.0000000000
20921  -14.495  -63.478  19.309 0.0000000000
20099  -14.514  -64.670  15.882 0.0000000000
110501  -12.976  -63.338  18.168 0.0000000000
12395  -7.355  -72.355  18.498 0.0000000000
112336  -7.231  -69.984  20.048 0.0000000000
1351  -10.979  -89.029  27.720 0.0000000000
3831  -8.870  -84.216  29.694 0.0000000000
3284  -10.149  -85.567  27.046 0.0000000000
113777  -9.749  -84.925  25.515 0.0000000000
113958  -10.441  -88.072  24.895 0.0000000000
173  -20.682  -94.590  10.460 0.0000000000
1501  -29.976  -89.409  13.074 0.0000000000
1118  -31.192  -90.645  13.862 0.0000000000
1931  -32.905  -88.975  12.213 0.0000000000
2425  -34.184  -87.358  11.203 0.0000000000
113541  -26.063  -85.633  22.483 0.0000000000
5210  -34.871  -82.478  11.438 0.0000000000
5897  -33.714  -81.101  11.037 0.0000000000
5229  -35.905  -81.876  10.619 0.0000000000
6597  -37.780  -80.750  8.628 0.0000000000
5232  -39.273  -82.517  10.587 0.0000000000
5234  -41.495  -82.770  11.147 0.0000000000
20982  -7.657  -63.222  16.265 0.0000000000
23712  -12.207  -60.513  16.529 0.0000000000
24587  -10.031  -59.773  14.840 0.0000000000
8124  -21.160  -78.163  -0.925 0.0000000000
8135  -18.539  -78.479  -1.707 0.0000000000
9553  -19.583  -76.895  -0.916 0.0000000000
10269  -19.455  -74.855  -2.027 0.0000000000
10218  -21.476  -75.461  0.437 0.0000000000
25329  -25.754  -58.020  25.174 0.0000000000
27080  -25.504  -56.664  25.446 0.0000000000
26191  -27.132  -57.603  24.666 0.0000000000
115132  -28.651  -57.081  23.171 0.0000000000
25365  -28.932  -58.896  21.238 0.0000000000
3673  -32.205  -85.569  -6.928 0.0000000000
32748  -28.397  -50.603  17.860 0.0000000000
33646  -27.725  -49.346  18.238 0.0000000000
32754  -27.966  -50.161  16.820 0.0000000000
33671  -26.433  -49.942  14.967 0.0000000000
32771  -25.107  -50.690  14.363 0.0000000000
34657  -25.418  -48.911  14.120 0.0000000000
33680  -23.940  -49.679  14.532 0.0000000000
33679  -23.502  -49.086  15.205 0.0000000000
10725  -9.997  -74.905  23.779 0.0000000000
12359  -11.286  -72.045  24.937 0.0000000000
11560  -8.868  -74.241  22.650 0.0000000000
11558  -7.761  -73.520  22.296 0.0000000000
133136  -9.280  -75.073  21.012 0.0000000000
10791  -11.454  -74.438  18.840 0.0000000000
122338  -12.125  -74.634  20.544 0.0000000000
9240  -15.954  -76.583  22.098 0.0000000000
9262  -16.134  -75.830  20.613 0.0000000000
124416  -13.510  -77.373  21.105 0.0000000000
8570  -10.259  -77.311  20.421 0.0000000000
126818  -11.283  -77.575  21.634 0.0000000000
1745  -16.778  -88.796  29.213 0.0000000000
2797  -18.612  -86.327  24.277 0.0000000000
1781  -16.215  -88.835  26.435 0.0000000000
3292  -16.593  -85.628  25.088 0.0000000000
2284  -14.157  -86.607  25.625 0.0000000000
2821  -16.558  -86.477  22.779 0.0000000000
1832  -16.514  -88.815  22.361 0.0000000000
2337  -18.270  -87.263  21.174 0.0000000000
2911  -21.316  -86.852  14.815 0.0000000000
120504  -20.483  -87.526  16.070 0.0000000000
1914  -20.428  -88.258  13.371 0.0000000000
796  -19.609  -90.685  12.329 0.0000000000
1524  -20.322  -89.680  10.799 0.0000000000
816  -21.399  -91.315  9.797 0.0000000000
1140  -21.816  -90.599  11.607 0.0000000000
277  -24.976  -92.925  15.233 0.0000000000
303  -24.565  -92.894  12.846 0.0000000000
496  -25.933  -92.620  13.302 0.0000000000
1151  -26.225  -90.396  10.259 0.0000000000
1115  -26.491  -90.566  13.377 0.0000000000
1440  -27.818  -89.363  20.048 0.0000000000
119370  -7.225  -66.887  9.487 0.0000000000
18310  -7.042  -66.451  11.763 0.0000000000
19181  -6.741  -65.560  13.559 0.0000000000
19194  -7.893  -65.002  12.513 0.0000000000
113644  -8.287  -62.676  11.178 0.0000000000
19231  -9.003  -65.123  11.433 0.0000000000
18352  -11.317  -66.770  7.403 0.0000000000
18351  -10.188  -65.560  7.274 0.0000000000
19285  -10.674  -65.705  4.856 0.0000000000
20234  -11.795  -64.382  3.759 0.0000000000
19315  -12.269  -65.721  3.349 0.0000000000
110215  -22.649  -88.278  -1.761 0.0000000000
2089  -21.578  -88.317  -3.307 0.0000000000
115300  -22.848  -86.814  -3.841 0.0000000000
113657  -22.285  -82.114  -7.605 0.0000000000
115983  -20.702  -79.176  -5.428 0.0000000000
117716  -21.108  -77.147  -5.825 0.0000000000
117241  -41.498  -79.549  -0.131 0.0000000000
6756  -40.202  -79.931  -2.410 0.0000000000
7404  -39.157  -79.844  -0.130 0.0000000000
6048  -33.402  -81.866  0.974 0.0000000000
5387  -34.353  -82.267  -0.445 0.0000000000
5384  -31.718  -82.358  -0.684 0.0000000000
6767  -32.062  -80.867  -2.821 0.0000000000
30873  -28.967  -53.057  23.545 0.0000000000
31712  -29.385  -52.440  25.386 0.0000000000
31731  -28.959  -52.358  24.032 0.0000000000
32686  -29.332  -51.469  22.357 0.0000000000
32715  -29.455  -50.590  20.759 0.0000000000
124565  -29.481  -52.531  19.960 0.0000000000
662  -21.933  -91.876  28.383 0.0000000000
1239  -24.089  -90.177  -1.453 0.0000000000
120655  -26.680  -85.368  -2.031 0.0000000000
2568  -26.383  -87.060  -0.717 0.0000000000
111989  -27.394  -84.832  0.036 0.0000000000
5360  -26.283  -82.989  1.261 0.0000000000
5362  -27.415  -82.561  1.216 0.0000000000
5450  -34.585  -81.795  -6.261 0.0000000000
6147  -28.886  -81.987  -7.838 0.0000000000
4816  -30.300  -83.649  -8.383 0.0000000000
5470  -28.047  -82.710  -8.918 0.0000000000
4830  -27.652  -83.587  -9.018 0.0000000000
110856  -26.749  -81.298  -9.851 0.0000000000
8893  -29.857  -77.013  -6.252 0.0000000000
8172  -28.958  -77.984  -5.606 0.0000000000
6812  -26.891  -80.309  -6.811 0.0000000000
7449  -28.062  -79.691  -4.843 0.0000000000
6780  -27.464  -80.595  -3.960 0.0000000000
8148  -28.980  -79.079  -3.349 0.0000000000
35533  -22.691  -47.844  16.763 0.0000000000
35547  -19.116  -47.328  13.797 0.0000000000
119203  -20.736  -60.100  24.375 0.0000000000
20863  -22.234  -63.050  22.348 0.0000000000
121004  -22.549  -61.914  22.150 0.0000000000
21860  -22.095  -60.149  19.656 0.0000000000
22789  -23.260  -60.942  17.653 0.0000000000
21874  -21.137  -61.278  17.845 0.0000000000
19969  -18.360  -64.313  23.592 0.0000000000
20962  -17.832  -63.209  17.181 0.0000000000
20944  -18.231  -63.173  18.158 0.0000000000
20988  -18.922  -63.185  16.056 0.0000000000
19054  -11.820  -65.616  23.953 0.0000000000
118114  -8.141  -66.027  21.132 0.0000000000
19077  -10.853  -64.939  21.421 0.0000000000
20012  -9.454  -64.307  20.040 0.0000000000
113566  -10.626  -62.621  20.743 0.0000000000
20053  -9.496  -64.603  18.697 0.0000000000
19125  -10.447  -65.106  17.359 0.0000000000
17194  -10.226  -66.783  18.806 0.0000000000
4373  -13.293  -83.710  29.377 0.0000000000
5644  -12.661  -81.761  31.442 0.0000000000
5665  -14.663  -82.015  29.646 0.0000000000
7060  -13.802  -79.855  28.746 0.0000000000
5675  -16.270  -81.052  28.000 0.0000000000
7769  -17.516  -79.302  26.993 0.0000000000
6404  -13.992  -80.842  26.369 0.0000000000
3865  -10.436  -83.741  23.054 0.0000000000
5721  -8.379  -80.183  24.194 0.0000000000
5076  -11.533  -82.598  22.213 0.0000000000
4436  -10.644  -83.118  20.649 0.0000000000
3346  -12.645  -85.130  20.267 0.0000000000
419  -18.150  -92.491  22.093 0.0000000000
428  -14.962  -92.671  22.320 0.0000000000
241  -18.451  -93.561  20.670 0.0000000000
146  -17.442  -94.325  15.288 0.0000000000
754  -17.444  -92.016  17.393 0.0000000000
760  -16.012  -90.977  16.049 0.0000000000
121587  -27.674  -94.961  11.360 0.0000000000
1013  -24.161  -90.949  24.066 0.0000000000
719  -24.497  -92.342  21.659 0.0000000000
2368  -25.538  -87.845  18.150 0.0000000000
2892  -26.078  -86.827  16.024 0.0000000000
2406  -25.973  -87.248  13.453 0.0000000000
3427  -25.958  -85.613  13.474 0.0000000000
3381  -27.806  -84.649  17.886 0.0000000000
4462  -26.622  -83.396  18.174 0.0000000000
4503  -27.712  -82.740  15.727 0.0000000000
5926  -32.030  -81.116  9.739 0.0000000000
5894  -29.208  -81.429  11.705 0.0000000000
119633  -31.004  -82.776  10.099 0.0000000000
4008  -30.789  -84.548  10.130 0.0000000000
114071  -33.955  -84.066  9.265 0.0000000000
3489  -34.969  -84.967  9.853 0.0000000000
4601  -35.735  -83.252  8.388 0.0000000000
6643  -41.263  -80.367  6.651 0.0000000000
5283  -40.155  -82.067  7.193 0.0000000000
5959  -43.672  -81.368  6.434 0.0000000000
6683  -45.257  -80.130  3.874 0.0000000000
7300  -45.516  -79.227  6.341 0.0000000000
7991  -42.649  -78.730  9.728 0.0000000000
8719  -43.762  -77.364  7.498 0.0000000000
9446  -42.423  -77.123  7.955 0.0000000000
10199  -40.618  -76.672  5.298 0.0000000000
22729  -24.695  -60.108  21.990 0.0000000000
23640  -25.313  -60.862  23.198 0.0000000000
22730  -25.000  -61.707  22.119 0.0000000000
21826  -28.712  -62.079  21.736 0.0000000000
22752  -31.365  -61.413  20.711 0.0000000000
25416  -15.411  -58.856  16.670 0.0000000000
25432  -16.818  -57.912  15.680 0.0000000000
27213  -17.748  -56.683  13.782 0.0000000000
24616  -18.033  -58.604  14.213 0.0000000000
22889  -10.138  -61.132  9.823 0.0000000000
23798  -11.156  -60.960  11.716 0.0000000000
22891  -12.396  -61.904  10.702 0.0000000000
22896  -17.576  -61.011  9.940 0.0000000000
24696  -15.802  -59.722  9.424 0.0000000000
25507  -15.760  -58.673  10.740 0.0000000000
3640  -18.937  -85.439  -2.799 0.0000000000
3632  -17.619  -85.615  -1.520 0.0000000000
4160  -17.693  -84.169  -3.238 0.0000000000
13646  -16.049  -71.361  -2.850 0.0000000000
14605  -14.676  -70.756  -4.364 0.0000000000
14569  -13.778  -69.931  -2.592 0.0000000000
15514  -12.143  -69.503  -0.935 0.0000000000
13623  -13.441  -71.648  -0.583 0.0000000000
16476  -18.791  -68.007  0.727 0.0000000000
15517  -20.339  -69.594  -0.858 0.0000000000
14521  -19.144  -69.927  0.723 0.0000000000
13589  -20.131  -71.866  2.403 0.0000000000
14504  -17.334  -70.076  2.030 0.0000000000
12561  -18.416  -73.134  6.496 0.0000000000
12588  -16.212  -72.806  4.693 0.0000000000
10951  -15.540  -74.480  5.873 0.0000000000
10970  -12.689  -74.813  4.719 0.0000000000
12557  -14.459  -73.249  6.613 0.0000000000
13507  -14.156  -71.151  6.655 0.0000000000
14440  -16.824  -70.725  6.902 0.0000000000
18421  -17.549  -66.387  3.656 0.0000000000
19333  -17.951  -65.699  1.796 0.0000000000
26174  -23.490  -57.864  25.109 0.0000000000
24484  -26.725  -59.117  24.301 0.0000000000
10699  -10.037  -74.982  25.277 0.0000000000
9993  -11.747  -75.709  24.024 0.0000000000
10733  -12.898  -75.114  22.450 0.0000000000
10726  -14.173  -75.024  23.541 0.0000000000
10720  -17.156  -74.889  24.256 0.0000000000
8520  -16.682  -76.695  23.757 0.0000000000
1368  -19.280  -89.785  26.674 0.0000000000
976  -17.631  -90.126  26.546 0.0000000000
123074  -18.555  -90.817  25.389 0.0000000000
1820  -19.714  -88.199  23.768 0.0000000000
126330  -20.114  -85.926  22.516 0.0000000000
3358  -20.156  -85.680  20.100 0.0000000000
121727  -21.469  -86.239  19.840 0.0000000000
2374  -22.166  -87.497  17.477 0.0000000000
110384  -22.727  -88.616  14.995 0.0000000000
1104  -22.770  -90.060  14.194 0.0000000000
118657  -23.381  -90.471  16.055 0.0000000000
765  -23.752  -91.952  16.662 0.0000000000
266  -25.247  -93.020  17.407 0.0000000000
18349  -8.003  -67.017  7.147 0.0000000000
17342  -8.592  -67.501  10.236 0.0000000000
18325  -10.172  -67.399  11.388 0.0000000000
15340  -10.536  -69.571  10.202 0.0000000000
15354  -11.909  -69.471  9.414 0.0000000000
17362  -13.426  -68.447  8.583 0.0000000000
4752  -24.271  -83.413  -2.285 0.0000000000
4163  -23.906  -84.539  -3.631 0.0000000000
5406  -23.970  -82.226  -3.172 0.0000000000
6793  -24.178  -80.913  -5.188 0.0000000000
8195  -24.528  -78.429  -7.500 0.0000000000
7350  -40.097  -79.387  2.121 0.0000000000
6728  -38.430  -80.053  0.388 0.0000000000
131687  -37.245  -80.340  1.503 0.0000000000
6017  -34.571  -81.239  2.013 0.0000000000
6711  -31.944  -80.605  0.979 0.0000000000
29004  -29.927  -56.085  26.100 0.0000000000
29900  -27.481  -53.861  27.115 0.0000000000
117888  -31.020  -54.208  24.823 0.0000000000
113198  -29.551  -54.196  21.569 0.0000000000
129203  -29.708  -54.130  20.122 0.0000000000
29968  -30.041  -54.117  18.285 0.0000000000
28116  -30.774  -55.295  17.724 0.0000000000
1629  -24.205  -89.548  -2.962 0.0000000000
2585  -24.319  -88.396  -4.191 0.0000000000
3093  -26.003  -86.035  -3.399 0.0000000000
4753  -26.716  -83.903  -2.829 0.0000000000
4772  -31.019  -83.784  -3.528 0.0000000000
112447  -31.318  -83.784  -4.957 0.0000000000
6126  -29.824  -82.517  -5.409 0.0000000000
6148  -29.722  -81.347  -7.469 0.0000000000
6831  -30.088  -80.164  -9.036 0.0000000000
31828  -19.019  -51.619  15.654 0.0000000000
120270  -19.562  -49.316  14.610 0.0000000000
123152  -17.677  -51.295  15.221 0.0000000000
121051  -16.384  -50.340  14.844 0.0000000000
33675  -15.570  -49.259  14.403 0.0000000000
19967  -16.851  -64.087  24.290 0.0000000000
19981  -17.786  -64.188  23.056 0.0000000000
20888  -16.761  -63.921  21.591 0.0000000000
133160  -16.292  -64.286  18.725 0.0000000000
129871  -17.152  -64.178  15.774 0.0000000000
19154  -15.965  -65.506  15.630 0.0000000000
18228  -15.106  -66.350  16.817 0.0000000000
16129  -9.603  -68.381  23.280 0.0000000000
17137  -11.825  -67.560  22.689 0.0000000000
17135  -7.869  -67.516  23.087 0.0000000000
17145  -7.260  -67.414  21.603 0.0000000000
16183  -8.260  -68.084  19.847 0.0000000000
3800  -11.519  -85.126  31.403 0.0000000000
4371  -11.086  -83.287  29.778 0.0000000000
5673  -10.860  -81.798  28.245 0.0000000000
5703  -11.351  -80.946  27.006 0.0000000000
129312  -8.403  -81.998  26.801 0.0000000000
3296  -9.240  -84.912  23.689 0.0000000000
2833  -11.810  -86.712  21.708 0.0000000000
269  -21.651  -93.882  16.821 0.0000000000
134  -20.403  -94.310  18.667 0.0000000000
150  -21.286  -94.591  15.842 0.0000000000
519  -27.920  -92.509  12.233 0.0000000000
155  -28.816  -93.557  12.881 0.0000000000
490  -30.047  -92.178  13.819 0.0000000000
123754  -24.370  -85.437  20.695 0.0000000000
4516  -30.199  -83.572  13.905 0.0000000000
5175  -29.259  -81.670  13.745 0.0000000000
5882  -31.236  -80.833  12.118 0.0000000000
131171  -32.892  -80.509  10.407 0.0000000000
6610  -34.196  -80.797  8.319 0.0000000000
5279  -36.264  -81.824  7.393 0.0000000000
6612  -36.423  -80.549  7.873 0.0000000000
6615  -39.231  -80.357  7.648 0.0000000000
6617  -41.971  -80.458  8.203 0.0000000000
6634  -44.703  -79.899  8.189 0.0000000000
6602  -43.844  -81.026  9.573 0.0000000000
6588  -43.307  -80.938  10.916 0.0000000000
126318  -41.168  -79.497  10.843 0.0000000000
21845  -26.282  -63.151  20.959 0.0000000000
24611  -14.065  -58.966  14.772 0.0000000000
21086  -12.965  -63.088  7.150 0.0000000000
126671  -14.300  -62.980  9.089 0.0000000000
21069  -15.415  -63.413  8.334 0.0000000000
5405  -20.075  -82.820  -2.403 0.0000000000
109933  -18.230  -81.929  -4.582 0.0000000000
6762  -17.877  -80.684  -2.456 0.0000000000
8153  -17.002  -78.277  -4.080 0.0000000000
9610  -17.171  -76.222  -5.857 0.0000000000
117231  -16.435  -74.092  -6.132 0.0000000000
11088  -17.713  -74.222  -4.622 0.0000000000
12682  -18.394  -72.521  -3.295 0.0000000000
12669  -17.938  -72.269  -1.630 0.0000000000
16409  -24.524  -68.802  2.894 0.0000000000
16406  -22.217  -69.338  3.423 0.0000000000
15436  -19.393  -69.564  3.694 0.0000000000
14464  -21.625  -70.792  5.297 0.0000000000
13512  -20.952  -71.469  6.724 0.0000000000
14418  -19.808  -70.488  7.646 0.0000000000
16359  -18.235  -68.438  6.566 0.0000000000
118561  -19.987  -67.722  6.945 0.0000000000
123290  -23.402  -54.021  25.608 0.0000000000
114720  -24.152  -55.232  25.607 0.0000000000
28986  -26.922  -54.438  25.673 0.0000000000
129452  -28.310  -56.249  24.488 0.0000000000
26221  -29.694  -57.100  20.508 0.0000000000
25386  -31.670  -58.552  19.212 0.0000000000
3125  -27.088  -85.914  -8.117 0.0000000000
35525  -27.268  -48.238  19.376 0.0000000000
35527  -26.902  -47.715  18.372 0.0000000000
35530  -26.494  -47.470  17.596 0.0000000000
34641  -26.562  -48.620  16.454 0.0000000000
35535  -26.182  -47.838  16.117 0.0000000000
117674  -26.276  -47.149  15.230 0.0000000000
36475  -26.455  -46.541  14.458 0.0000000000
113411  -23.833  -47.785  13.918 0.0000000000
34646  -23.312  -47.975  16.396 0.0000000000
33658  -22.593  -49.245  16.961 0.0000000000
30929  -19.254  -52.364  15.746 0.0000000000
29091  -17.957  -53.870  14.181 0.0000000000
29122  -17.164  -55.076  12.489 0.0000000000
128270  -14.314  -62.988  23.789 0.0000000000
17109  -11.769  -68.000  25.295 0.0000000000
14147  -10.699  -70.950  26.249 0.0000000000
14161  -12.155  -70.513  25.250 0.0000000000
15136  -10.924  -69.548  23.751 0.0000000000
14173  -8.279  -70.604  23.508 0.0000000000
12377  -7.384  -72.666  21.193 0.0000000000
10801  -8.021  -74.204  17.899 0.0000000000
10803  -10.250  -74.462  17.395 0.0000000000
10806  -13.784  -74.423  17.478 0.0000000000
9308  -15.143  -75.887  17.308 0.0000000000
10760  -15.430  -74.476  20.299 0.0000000000
131360  -15.726  -75.580  19.044 0.0000000000
9288  -12.187  -76.911  18.012 0.0000000000
9274  -9.577  -76.654  19.056 0.0000000000
7177  -8.735  -78.997  18.425 0.0000000000
5105  -9.031  -82.357  18.455 0.0000000000
118266  -16.268  -90.517  28.022 0.0000000000
659  -15.027  -91.278  29.112 0.0000000000
1779  -12.657  -88.665  26.925 0.0000000000
1372  -13.287  -89.797  25.900 0.0000000000
1006  -13.213  -90.984  24.995 0.0000000000
1020  -15.541  -90.357  23.586 0.0000000000
1033  -17.397  -90.555  22.238 0.0000000000
1063  -20.170  -90.912  19.519 0.0000000000
2356  -19.576  -86.919  19.329 0.0000000000
1447  -20.317  -89.643  17.658 0.0000000000
755  -20.872  -91.412  17.324 0.0000000000
482  -20.982  -91.926  14.434 0.0000000000
504  -20.292  -92.498  12.231 0.0000000000
329  -20.168  -93.498  8.527 0.0000000000
548  -21.454  -92.398  7.934 0.0000000000
321  -22.471  -93.895  9.924 0.0000000000
166  -24.144  -94.755  10.763 0.0000000000
799  -22.963  -92.090  12.758 0.0000000000
313  -23.699  -93.554  11.015 0.0000000000
332  -26.314  -93.030  9.884 0.0000000000
818  -27.463  -91.676  9.941 0.0000000000
1516  -27.984  -89.566  11.179 0.0000000000
1941  -29.014  -88.148  12.333 0.0000000000
2340  -26.729  -86.959  22.117 0.0000000000
114986  -27.315  -87.862  21.122 0.0000000000
2863  -28.011  -86.920  19.306 0.0000000000
3390  -28.665  -85.997  16.727 0.0000000000
1458  -29.392  -90.062  16.782 0.0000000000
2894  -29.268  -87.309  15.650 0.0000000000
3414  -29.680  -85.225  14.807 0.0000000000
3970  -31.316  -84.315  13.416 0.0000000000
21919  -7.282  -62.242  14.700 0.0000000000
23754  -8.277  -59.900  13.287 0.0000000000
122835  -7.758  -61.547  12.251 0.0000000000
22887  -8.893  -61.300  10.203 0.0000000000
119891  -9.656  -61.832  8.002 0.0000000000
123198  -9.400  -64.997  8.620 0.0000000000
20190  -9.197  -63.858  6.953 0.0000000000
22035  -11.024  -62.689  6.576 0.0000000000
111071  -12.515  -63.083  5.597 0.0000000000
21156  -14.037  -63.125  4.308 0.0000000000
21171  -15.179  -62.809  3.339 0.0000000000
1622  -20.012  -89.401  -1.162 0.0000000000
2581  -20.243  -87.088  -3.667 0.0000000000
3653  -20.387  -85.872  -4.773 0.0000000000
3664  -22.971  -85.102  -5.989 0.0000000000
4790  -21.163  -84.035  -6.901 0.0000000000
5436  -20.827  -83.624  -4.725 0.0000000000
6777  -20.576  -81.511  -3.148 0.0000000000
133260  -20.567  -78.190  -2.935 0.0000000000
9573  -21.587  -76.486  -2.149 0.0000000000
6773  -40.692  -80.360  -3.004 0.0000000000
6770  -38.384  -80.531  -3.860 0.0000000000
6087  -35.754  -81.484  -3.034 0.0000000000
6064  -36.261  -81.362  -0.501 0.0000000000
5399  -34.913  -82.188  -1.330 0.0000000000
5426  -33.492  -83.150  -3.054 0.0000000000
5409  -30.855  -82.867  -2.674 0.0000000000
6798  -32.406  -80.275  -4.667 0.0000000000
8173  -34.017  -79.155  -5.427 0.0000000000
8065  -32.761  -79.060  2.903 0.0000000000
114793  -33.673  -79.003  0.864 0.0000000000
7403  -34.403  -79.025  -0.503 0.0000000000
31710  -26.697  -52.511  25.034 0.0000000000
33629  -28.531  -49.839  20.676 0.0000000000
32741  -28.617  -50.682  19.103 0.0000000000
29976  -30.207  -53.940  17.239 0.0000000000
386  -20.355  -92.341  26.606 0.0000000000
225  -22.058  -93.253  24.141 0.0000000000
232  -22.712  -93.822  22.531 0.0000000000
223  -22.788  -93.290  25.197 0.0000000000
113618  -23.531  -91.434  26.297 0.0000000000
989  -23.372  -90.385  26.546 0.0000000000
16447  -7.803  -68.770  1.571 0.0000000000
17490  -10.033  -67.997  1.714 0.0000000000
2055  -22.350  -89.584  0.295 0.0000000000
2556  -23.515  -87.292  -0.492 0.0000000000
2075  -25.083  -88.549  -1.278 0.0000000000
2545  -25.412  -87.442  0.434 0.0000000000
3624  -24.738  -85.330  -0.400 0.0000000000
4733  -24.951  -83.278  -0.559 0.0000000000
6059  -25.201  -81.564  0.254 0.0000000000
4808  -32.659  -82.610  -7.323 0.0000000000
4200  -32.838  -83.350  -8.457 0.0000000000
3690  -32.181  -84.259  -8.498 0.0000000000
3688  -30.508  -84.756  -8.590 0.0000000000
3692  -27.103  -84.688  -8.684 0.0000000000
122818  -25.088  -84.212  -8.654 0.0000000000
8209  -33.309  -78.465  -8.832 0.0000000000
8208  -31.792  -78.694  -8.763 0.0000000000
8205  -29.540  -78.865  -9.081 0.0000000000
9635  -29.721  -76.918  -8.474 0.0000000000
7488  -28.032  -78.679  -9.218 0.0000000000
7479  -26.725  -79.754  -8.728 0.0000000000
5463  -25.496  -82.212  -7.853 0.0000000000
4802  -25.117  -83.967  -7.189 0.0000000000
4793  -25.964  -83.116  -5.209 0.0000000000
131259  -26.677  -82.469  -3.414 0.0000000000
5408  -27.051  -82.345  -1.845 0.0000000000
6736  -27.708  -80.891  0.279 0.0000000000
24488  -23.312  -58.834  23.565 0.0000000000
23637  -23.198  -59.149  23.077 0.0000000000
22728  -24.203  -58.865  21.572 0.0000000000
22727  -23.742  -58.835  21.559 0.0000000000
23656  -24.743  -58.773  19.818 0.0000000000
21861  -24.328  -61.834  19.208 0.0000000000
20947  -23.782  -64.207  18.801 0.0000000000
129163  -20.605  -64.433  21.765 0.0000000000
127552  -18.556  -64.470  20.657 0.0000000000
20036  -19.375  -64.056  19.593 0.0000000000
114209  -20.254  -62.756  19.102 0.0000000000
21901  -20.953  -62.379  16.801 0.0000000000
20833  -13.822  -63.245  25.999 0.0000000000
21800  -13.235  -62.541  23.869 0.0000000000
19068  -12.487  -65.543  22.495 0.0000000000
20847  -10.493  -63.212  24.378 0.0000000000
22703  -11.484  -61.996  24.282 0.0000000000
22725  -11.475  -61.859  21.680 0.0000000000
21856  -12.070  -62.327  19.587 0.0000000000
129965  -11.794  -63.429  17.416 0.0000000000
120253  -17.236  -76.813  27.362 0.0000000000
7776  -16.960  -78.199  25.752 0.0000000000
7803  -13.762  -77.889  24.197 0.0000000000
6413  -11.324  -79.989  25.814 0.0000000000
7101  -11.115  -79.040  24.712 0.0000000000
114490  -10.833  -78.107  22.853 0.0000000000
111079  -8.736  -79.972  21.324 0.0000000000
4444  -9.501  -83.348  19.291 0.0000000000
3375  -9.889  -85.790  18.067 0.0000000000
1018  -12.864  -90.737  23.394 0.0000000000
1406  -13.123  -90.323  21.958 0.0000000000
1418  -14.527  -89.293  20.561 0.0000000000
458  -17.582  -92.626  18.799 0.0000000000
1061  -15.270  -90.928  19.051 0.0000000000
2355  -14.507  -88.225  19.859 0.0000000000
1872  -12.008  -88.870  18.636 0.0000000000
1888  -11.518  -88.502  17.275 0.0000000000
127  -23.799  -93.948  20.822 0.0000000000
132726  -25.197  -93.106  19.338 0.0000000000
758  -26.353  -91.744  17.272 0.0000000000
1085  -26.261  -90.148  17.563 0.0000000000
113308  -26.928  -90.197  15.063 0.0000000000
1482  -26.128  -89.062  12.965 0.0000000000
2417  -26.790  -87.079  11.619 0.0000000000
2420  -29.564  -87.530  12.022 0.0000000000
113293  -26.320  -84.574  20.558 0.0000000000
4460  -25.600  -83.472  18.728 0.0000000000
5864  -27.462  -81.544  13.859 0.0000000000
114542  -26.105  -83.776  13.577 0.0000000000
3449  -28.386  -85.123  11.674 0.0000000000
132267  -30.185  -86.067  10.328 0.0000000000
2435  -31.623  -87.481  10.382 0.0000000000
2955  -34.574  -86.159  10.579 0.0000000000
5260  -37.928  -82.583  7.713 0.0000000000
7375  -44.052  -79.890  1.974 0.0000000000
7353  -43.053  -79.551  2.329 0.0000000000
8004  -45.426  -78.360  6.992 0.0000000000
8766  -44.208  -77.867  5.083 0.0000000000
8052  -41.801  -78.602  3.703 0.0000000000
8777  -40.363  -77.897  3.807 0.0000000000
24489  -24.114  -58.983  23.741 0.0000000000
24491  -25.439  -59.960  24.214 0.0000000000
24493  -27.459  -59.766  23.071 0.0000000000
22748  -26.697  -62.329  21.179 0.0000000000
23657  -27.788  -60.845  21.135 0.0000000000
24503  -28.312  -59.591  21.390 0.0000000000
24517  -29.422  -59.580  20.286 0.0000000000
24518  -31.331  -60.035  20.167 0.0000000000
27226  -19.623  -56.398  13.188 0.0000000000
27265  -18.822  -56.101  12.025 0.0000000000
125202  -16.527  -55.986  11.507 0.0000000000
24662  -10.370  -59.763  13.156 0.0000000000
129698  -12.721  -59.829  13.719 0.0000000000
23758  -14.939  -60.205  13.431 0.0000000000
117288  -14.973  -61.886  10.653 0.0000000000
22864  -16.139  -61.008  11.923 0.0000000000
23760  -17.314  -60.093  13.492 0.0000000000
133532  -17.659  -58.767  12.324 0.0000000000
26345  -15.098  -57.451  11.459 0.0000000000
27241  -13.492  -56.157  12.092 0.0000000000
133619  -14.211  -72.185  -4.687 0.0000000000
15535  -10.252  -68.649  -1.887 0.0000000000
16474  -10.901  -68.403  -0.245 0.0000000000
14502  -10.557  -70.587  1.620 0.0000000000
11089  -20.460  -74.305  -5.557 0.0000000000
11865  -21.044  -73.576  -3.882 0.0000000000
11845  -22.098  -73.643  -2.082 0.0000000000
15562  -19.913  -69.476  -2.458 0.0000000000
14555  -22.167  -71.220  -1.247 0.0000000000
11037  -23.202  -74.492  0.771 0.0000000000
11805  -21.819  -73.859  1.198 0.0000000000
121597  -19.474  -73.133  1.106 0.0000000000
11801  -16.596  -73.821  0.628 0.0000000000
14488  -16.736  -70.974  3.287 0.0000000000
11748  -16.111  -73.905  2.560 0.0000000000
11799  -14.757  -73.677  0.672 0.0000000000
11775  -12.564  -73.455  1.896 0.0000000000
11745  -10.730  -73.493  3.201 0.0000000000
13572  -10.678  -71.451  3.908 0.0000000000
14461  -12.622  -70.500  5.689 0.0000000000
15411  -14.260  -69.487  7.628 0.0000000000
17404  -13.948  -67.561  5.731 0.0000000000
16376  -17.135  -67.893  5.744 0.0000000000
17456  -15.399  -67.475  3.701 0.0000000000
17454  -13.562  -67.195  3.491 0.0000000000
26202  -22.503  -57.976  24.086 0.0000000000
25354  -22.897  -58.564  23.796 0.0000000000
708  -21.642  -91.779  22.564 0.0000000000
1023  -21.420  -90.949  23.283 0.0000000000
717  -21.741  -91.414  21.652 0.0000000000
1054  -21.925  -90.320  20.639 0.0000000000
718  -22.050  -92.095  20.915 0.0000000000
737  -22.537  -91.668  19.568 0.0000000000
16402  -9.985  -67.845  3.595 0.0000000000
16384  -10.011  -67.759  4.499 0.0000000000
16385  -10.403  -68.542  4.721 0.0000000000
15425  -10.653  -69.253  5.277 0.0000000000
15434  -10.565  -69.281  4.416 0.0000000000
7429  -25.633  -79.530  -2.098 0.0000000000
7438  -25.850  -79.526  -2.943 0.0000000000
8146  -26.423  -78.985  -3.284 0.0000000000
131123  -31.177  -57.448  18.724 0.0000000000
26245  -30.756  -57.102  18.905 0.0000000000
26247  -32.625  -57.569  18.149 0.0000000000
26268  -33.258  -57.655  16.969 0.0000000000
2613  -25.955  -87.169  -7.382 0.0000000000
2607  -25.518  -87.606  -6.823 0.0000000000
2612  -25.224  -86.985  -7.170 0.0000000000
3110  -24.869  -86.821  -6.660 0.0000000000
3672  -24.870  -85.895  -7.038 0.0000000000
119772  -33.633  -79.324  -6.703 0.0000000000
7471  -32.660  -79.797  -7.156 0.0000000000
7484  -34.170  -79.355  -7.859 0.0000000000
29089  -15.495  -54.089  14.326 0.0000000000
30004  -15.922  -53.440  14.953 0.0000000000
29088  -14.224  -54.079  14.140 0.0000000000
118570  -13.940  -54.658  13.611 0.0000000000
21821  -14.447  -62.746  21.561 0.0000000000
20905  -14.888  -63.011  20.857 0.0000000000
123043  -14.390  -62.951  20.177 0.0000000000
130836  -13.569  -63.549  18.197 0.0000000000
20920  -13.582  -63.165  18.852 0.0000000000
121047  -7.348  -71.953  17.772 0.0000000000
1362  -11.091  -89.214  27.100 0.0000000000
2258  -10.260  -87.799  27.443 0.0000000000
125896  -10.066  -86.110  27.552 0.0000000000
2269  -10.247  -87.945  26.543 0.0000000000
2282  -10.320  -87.570  25.604 0.0000000000
1790  -10.697  -88.833  25.615 0.0000000000
75  -20.871  -95.327  9.665 0.0000000000
174  -21.030  -95.683  10.636 0.0000000000
1928  -30.439  -88.702  12.594 0.0000000000
1503  -31.864  -89.382  12.939 0.0000000000
1930  -32.210  -89.001  12.360 0.0000000000
1945  -33.907  -88.138  11.654 0.0000000000
123491  -32.135  -88.568  11.555 0.0000000000
2812  -26.039  -86.303  23.681 0.0000000000
4565  -36.510  -83.092  11.473 0.0000000000
5211  -35.785  -82.482  11.131 0.0000000000
5230  -36.701  -82.330  10.821 0.0000000000
5913  -37.308  -81.816  10.205 0.0000000000
5213  -38.561  -83.021  11.171 0.0000000000
5214  -39.839  -83.208  11.383 0.0000000000
4567  -39.282  -83.709  11.983 0.0000000000
21898  -8.166  -62.702  16.345 0.0000000000
22800  -9.043  -61.400  16.231 0.0000000000
23710  -10.480  -60.599  16.145 0.0000000000
22816  -8.994  -60.773  15.841 0.0000000000
8830  -21.522  -77.544  -0.958 0.0000000000
8815  -20.652  -77.789  -0.309 0.0000000000
9533  -21.073  -77.168  0.059 0.0000000000
10239  -20.006  -76.330  -0.610 0.0000000000
9517  -21.578  -76.417  0.250 0.0000000000
25346  -27.009  -58.372  24.496 0.0000000000
26190  -26.487  -57.937  24.847 0.0000000000
131685  -27.865  -58.307  23.840 0.0000000000
26204  -28.209  -57.765  23.721 0.0000000000
25358  -28.045  -58.590  23.331 0.0000000000
31820  -28.593  -51.562  16.541 0.0000000000
32755  -28.360  -50.850  16.816 0.0000000000
31819  -27.868  -51.270  16.154 0.0000000000
31840  -24.597  -51.181  14.825 0.0000000000
33681  -24.646  -49.779  14.177 0.0000000000
31829  -24.082  -50.667  15.385 0.0000000000
9991  -9.887  -75.109  23.270 0.0000000000
11553  -9.878  -74.139  23.351 0.0000000000
10002  -9.345  -75.036  22.499 0.0000000000
10732  -8.572  -74.550  22.283 0.0000000000
125735  -9.680  -75.277  21.967 0.0000000000
10743  -10.480  -74.957  21.232 0.0000000000
10744  -11.716  -74.910  21.360 0.0000000000
8532  -15.223  -77.152  22.847 0.0000000000
8552  -15.067  -77.058  21.819 0.0000000000
8550  -13.535  -77.501  21.919 0.0000000000
8549  -12.778  -77.495  21.529 0.0000000000
8529  -12.746  -77.602  22.368 0.0000000000
1746  -17.355  -88.091  28.497 0.0000000000
2807  -18.717  -85.800  23.682 0.0000000000
2788  -17.082  -85.924  25.262 0.0000000000
3308  -17.249  -85.472  23.865 0.0000000000
129932  -16.104  -85.680  23.954 0.0000000000
130603  -17.023  -85.881  22.963 0.0000000000
2319  -17.024  -86.972  22.036 0.0000000000
122370  -18.552  -86.247  21.369 0.0000000000
2405  -21.347  -87.546  13.596 0.0000000000
2404  -20.807  -87.503  13.856 0.0000000000
2408  -20.827  -87.847  13.100 0.0000000000
1494  -19.832  -89.135  12.058 0.0000000000
1514  -20.732  -89.218  11.586 0.0000000000
1139  -21.148  -89.877  11.004 0.0000000000
1128  -21.609  -89.636  11.877 0.0000000000
285  -25.879  -92.846  15.027 0.0000000000
486  -25.955  -92.830  14.196 0.0000000000
776  -26.405  -92.244  13.887 0.0000000000
113937  -26.410  -90.987  12.638 0.0000000000
119702  -26.722  -91.630  14.531 0.0000000000
18322  -7.332  -66.796  10.659 0.0000000000
18321  -6.900  -66.910  10.140 0.0000000000
18311  -7.695  -66.418  11.924 0.0000000000
19213  -7.618  -65.885  12.499 0.0000000000
19214  -8.461  -65.367  11.995 0.0000000000
113707  -8.629  -64.502  11.634 0.0000000000
19215  -9.326  -66.057  11.763 0.0000000000
17402  -11.942  -67.251  6.027 0.0000000000
18364  -11.286  -66.683  6.415 0.0000000000
18379  -11.198  -66.605  5.368 0.0000000000
18418  -11.710  -66.015  3.828 0.0000000000
18401  -11.918  -66.915  4.082 0.0000000000
125536  -23.290  -86.915  -2.254 0.0000000000
132340  -23.004  -87.198  -3.067 0.0000000000
3090  -23.386  -86.462  -2.918 0.0000000000
126868  -23.073  -79.291  -7.412 0.0000000000
7475  -22.387  -80.134  -7.325 0.0000000000
116507  -22.191  -78.136  -6.665 0.0000000000
8888  -21.443  -77.916  -6.167 0.0000000000
8889  -21.784  -77.003  -6.270 0.0000000000
7405  -40.031  -79.617  -0.535 0.0000000000
126495  -40.514  -79.565  0.158 0.0000000000
6725  -31.677  -81.195  0.373 0.0000000000
6062  -31.959  -81.957  0.137 0.0000000000
6738  -31.684  -80.840  -0.385 0.0000000000
6752  -31.961  -80.673  -1.197 0.0000000000
7418  -32.809  -80.116  -1.427 0.0000000000
29887  -25.525  -53.182  25.446 0.0000000000
124362  -29.589  -52.907  22.412 0.0000000000
30858  -29.091  -52.712  23.463 0.0000000000
30874  -29.364  -52.308  22.620 0.0000000000
31744  -28.972  -51.909  23.172 0.0000000000
129704  -29.376  -51.770  20.965 0.0000000000
30898  -29.453  -52.485  20.763 0.0000000000
4146  -27.176  -84.290  -1.259 0.0000000000
3635  -27.205  -84.913  -0.771 0.0000000000
4137  -27.470  -84.158  -0.518 0.0000000000
4131  -27.556  -84.015  0.339 0.0000000000
4734  -27.626  -83.298  -0.254 0.0000000000
5442  -35.112  -81.740  -4.742 0.0000000000
6128  -35.213  -81.606  -5.916 0.0000000000
5441  -34.359  -82.043  -5.235 0.0000000000
6153  -28.718  -81.337  -8.804 0.0000000000
6146  -28.442  -82.204  -8.527 0.0000000000
6152  -28.035  -81.699  -9.255 0.0000000000
5474  -27.302  -82.116  -9.649 0.0000000000
6155  -27.549  -81.030  -9.698 0.0000000000
7460  -28.270  -79.117  -5.456 0.0000000000
116577  -28.452  -79.553  -4.032 0.0000000000
34645  -21.826  -48.321  16.017 0.0000000000
35539  -22.120  -47.806  15.695 0.0000000000
132332  -21.074  -48.808  15.390 0.0000000000
20890  -22.367  -62.564  21.374 0.0000000000
20908  -21.884  -62.674  20.434 0.0000000000
21859  -21.360  -60.863  18.807 0.0000000000
20926  -21.155  -62.448  19.533 0.0000000000
20113  -17.898  -63.959  15.758 0.0000000000
121286  -18.244  -63.181  16.429 0.0000000000
19157  -19.130  -64.914  15.963 0.0000000000
19158  -19.973  -64.873  16.352 0.0000000000
19130  -19.485  -65.761  16.661 0.0000000000
18138  -12.356  -66.635  24.303 0.0000000000
18137  -10.618  -66.013  24.389 0.0000000000
18139  -13.044  -66.785  23.958 0.0000000000
18180  -8.525  -65.919  20.546 0.0000000000
19075  -9.003  -65.016  20.717 0.0000000000
19086  -9.016  -65.217  20.299 0.0000000000
20031  -9.632  -63.998  19.346 0.0000000000
20052  -9.253  -65.158  19.170 0.0000000000
18203  -9.833  -65.884  18.487 0.0000000000
17193  -9.585  -66.392  19.165 0.0000000000
5014  -13.354  -82.895  28.388 0.0000000000
4985  -14.245  -82.776  29.982 0.0000000000
5016  -14.958  -82.265  28.449 0.0000000000
123558  -14.990  -81.358  29.127 0.0000000000
5030  -15.241  -82.034  27.940 0.0000000000
5707  -15.442  -81.311  27.062 0.0000000000
5705  -13.627  -81.413  26.826 0.0000000000
3322  -12.521  -84.822  22.171 0.0000000000
4418  -11.337  -82.691  22.783 0.0000000000
4420  -12.750  -83.902  22.123 0.0000000000
4429  -12.512  -83.624  21.581 0.0000000000
3882  -13.171  -84.988  20.940 0.0000000000
726  -19.762  -92.652  20.746 0.0000000000
430  -18.189  -93.061  21.691 0.0000000000
442  -19.501  -93.355  20.702 0.0000000000
71  -26.020  -95.181  11.131 0.0000000000
82  -26.993  -95.335  10.961 0.0000000000
65  -27.700  -94.602  11.948 0.0000000000
109964  -25.380  -85.941  17.321 0.0000000000
2884  -25.599  -86.709  17.406 0.0000000000
2902  -25.833  -85.988  15.887 0.0000000000
2903  -26.060  -86.505  15.201 0.0000000000
3401  -25.803  -85.672  15.030 0.0000000000
129190  -28.240  -84.473  16.424 0.0000000000
3938  -27.692  -83.886  17.057 0.0000000000
4491  -27.944  -83.654  16.133 0.0000000000
5245  -32.363  -81.820  9.413 0.0000000000
5244  -31.587  -81.966  9.829 0.0000000000
4583  -32.804  -82.771  9.330 0.0000000000
118034  -32.370  -83.487  9.655 0.0000000000
110169  -33.139  -83.778  9.463 0.0000000000
4585  -34.545  -83.577  8.774 0.0000000000
127127  -35.059  -83.258  8.398 0.0000000000
6644  -42.000  -80.293  6.642 0.0000000000
5971  -41.768  -80.793  6.439 0.0000000000
6646  -44.806  -80.099  6.296 0.0000000000
127441  -45.356  -80.211  5.620 0.0000000000
7299  -45.199  -79.308  6.825 0.0000000000
8702  -41.644  -78.460  9.533 0.0000000000
119216  -42.678  -77.638  8.512 0.0000000000
8711  -41.975  -77.470  8.447 0.0000000000
25430  -15.654  -58.774  15.675 0.0000000000
25431  -16.560  -58.281  16.017 0.0000000000
24593  -17.382  -58.786  14.930 0.0000000000
24594  -17.863  -58.767  14.600 0.0000000000
120594  -18.049  -59.205  14.530 0.0000000000
22908  -10.995  -61.773  9.498 0.0000000000
22890  -11.306  -61.688  10.387 0.0000000000
22909  -12.063  -62.195  9.908 0.0000000000
24695  -14.423  -59.633  9.563 0.0000000000
4162  -19.573  -84.929  -4.073 0.0000000000
4161  -18.689  -84.600  -3.452 0.0000000000
4168  -18.231  -83.814  -3.908 0.0000000000
13633  -15.546  -71.825  -2.042 0.0000000000
13645  -15.077  -71.079  -2.638 0.0000000000
13632  -14.583  -71.480  -1.821 0.0000000000
13631  -13.797  -71.191  -1.298 0.0000000000
13624  -14.305  -71.978  -0.886 0.0000000000
16453  -20.641  -68.090  1.878 0.0000000000
16451  -18.863  -68.190  1.494 0.0000000000
15498  -18.516  -69.083  0.675 0.0000000000
15482  -17.965  -69.136  1.486 0.0000000000
14505  -17.898  -69.886  1.619 0.0000000000
15466  -17.825  -69.146  2.167 0.0000000000
12551  -18.401  -72.907  7.106 0.0000000000
11721  -16.899  -74.002  6.226 0.0000000000
112949  -16.388  -73.972  6.732 0.0000000000
11719  -14.792  -74.319  6.292 0.0000000000
115872  -16.019  -73.093  7.129 0.0000000000
13509  -15.753  -71.954  7.063 0.0000000000
127691  -17.166  -71.775  7.280 0.0000000000
25342  -23.888  -58.538  24.758 0.0000000000
25327  -24.229  -58.255  25.281 0.0000000000
25328  -24.914  -58.187  25.374 0.0000000000
25344  -25.370  -58.749  24.988 0.0000000000
9957  -11.356  -75.308  25.405 0.0000000000
9956  -10.496  -75.330  25.006 0.0000000000
127759  -11.817  -75.649  24.781 0.0000000000
9994  -12.658  -75.570  23.815 0.0000000000
9959  -13.490  -75.209  25.154 0.0000000000
121118  -16.538  -74.852  25.672 0.0000000000
115146  -16.351  -74.723  25.008 0.0000000000
9960  -17.450  -75.280  25.106 0.0000000000
9214  -17.384  -76.151  24.111 0.0000000000
128031  -17.573  -75.878  24.839 0.0000000000
988  -19.035  -90.960  26.312 0.0000000000
111729  -18.646  -90.966  25.753 0.0000000000
997  -18.905  -91.276  25.362 0.0000000000
1822  -21.041  -89.109  23.224 0.0000000000
120834  -20.257  -88.953  23.600 0.0000000000
1821  -20.512  -88.157  23.258 0.0000000000
2307  -20.052  -87.312  23.436 0.0000000000
2321  -21.186  -87.212  22.245 0.0000000000
2839  -20.878  -85.751  21.157 0.0000000000
2338  -21.507  -87.221  21.384 0.0000000000
117485  -22.236  -89.010  19.098 0.0000000000
1865  -22.095  -87.999  19.244 0.0000000000
1883  -22.516  -88.616  17.558 0.0000000000
113319  -22.369  -87.433  15.938 0.0000000000
121520  -22.691  -88.756  16.900 0.0000000000
131788  -22.903  -89.195  15.407 0.0000000000
1464  -23.218  -90.022  16.585 0.0000000000
461  -23.514  -92.864  18.480 0.0000000000
757  -23.381  -91.418  17.423 0.0000000000
118437  -23.662  -92.445  17.613 0.0000000000
467  -24.705  -92.935  16.520 0.0000000000
141  -24.799  -93.386  18.012 0.0000000000
114369  -7.070  -68.476  4.400 0.0000000000
17380  -9.240  -67.325  6.287 0.0000000000
18363  -8.354  -67.012  6.362 0.0000000000
17368  -8.891  -67.085  7.756 0.0000000000
17358  -8.577  -67.123  8.459 0.0000000000
17343  -8.999  -67.892  9.453 0.0000000000
16312  -9.556  -69.075  9.986 0.0000000000
16325  -9.525  -68.950  8.954 0.0000000000
115573  -11.090  -70.050  7.342 0.0000000000
14415  -11.260  -70.265  8.525 0.0000000000
120369  -12.014  -69.917  8.565 0.0000000000
16327  -12.730  -68.935  9.054 0.0000000000
15369  -13.412  -68.826  8.641 0.0000000000
5393  -24.382  -82.700  -1.535 0.0000000000
4751  -24.054  -83.080  -3.197 0.0000000000
6083  -24.035  -81.630  -2.769 0.0000000000
7457  -25.143  -79.607  -5.304 0.0000000000
6794  -24.622  -80.311  -4.660 0.0000000000
8184  -25.009  -78.750  -7.224 0.0000000000
8067  -39.750  -79.031  2.577 0.0000000000
7369  -38.455  -79.621  1.769 0.0000000000
115199  -37.957  -79.543  2.254 0.0000000000
118581  -35.045  -80.783  2.533 0.0000000000
127859  -35.658  -80.666  2.449 0.0000000000
6035  -33.204  -81.493  1.539 0.0000000000
6015  -32.740  -81.102  1.924 0.0000000000
28062  -28.331  -55.119  24.584 0.0000000000
131164  -30.382  -55.102  25.325 0.0000000000
118653  -29.008  -54.435  23.715 0.0000000000
29030  -29.565  -54.879  21.488 0.0000000000
29038  -29.747  -55.040  20.150 0.0000000000
29949  -29.528  -53.721  21.096 0.0000000000
29047  -29.910  -54.886  19.460 0.0000000000
29056  -30.256  -54.871  18.540 0.0000000000
28104  -30.486  -55.547  18.554 0.0000000000
2103  -25.433  -88.674  -5.817 0.0000000000
1637  -26.139  -89.622  -4.552 0.0000000000
1636  -25.244  -89.429  -4.658 0.0000000000
1631  -24.451  -89.215  -4.041 0.0000000000
2593  -24.431  -88.242  -4.830 0.0000000000
3657  -25.624  -85.690  -4.851 0.0000000000
3649  -25.601  -86.165  -4.108 0.0000000000
3650  -26.081  -85.318  -3.892 0.0000000000
3642  -26.421  -85.527  -2.840 0.0000000000
4164  -26.482  -84.614  -3.310 0.0000000000
5425  -30.557  -82.956  -3.600 0.0000000000
5439  -30.119  -82.980  -4.535 0.0000000000
113234  -30.325  -82.154  -4.780 0.0000000000
6821  -32.007  -80.149  -8.003 0.0000000000
6813  -30.429  -80.950  -7.163 0.0000000000
111062  -30.476  -80.622  -8.102 0.0000000000
6832  -30.962  -80.009  -9.059 0.0000000000
117861  -18.744  -52.067  15.739 0.0000000000
32760  -18.390  -51.015  15.255 0.0000000000
31827  -18.224  -51.743  15.583 0.0000000000
30926  -15.690  -52.051  15.347 0.0000000000
117232  -16.766  -51.052  14.999 0.0000000000
32758  -15.605  -50.541  14.963 0.0000000000
33664  -15.825  -49.764  14.715 0.0000000000
32768  -14.990  -49.826  14.474 0.0000000000
31839  -14.146  -51.116  14.593 0.0000000000
20861  -16.879  -63.832  23.343 0.0000000000
20873  -16.322  -63.590  22.405 0.0000000000
20922  -15.368  -63.933  19.356 0.0000000000
130272  -16.132  -64.241  19.284 0.0000000000
20055  -15.854  -64.194  17.473 0.0000000000
20075  -16.376  -64.002  16.706 0.0000000000
20101  -16.308  -64.184  15.886 0.0000000000
19171  -16.331  -64.727  15.638 0.0000000000
20100  -15.454  -64.553  15.811 0.0000000000
20098  -13.529  -64.710  15.942 0.0000000000
19152  -14.397  -65.112  15.717 0.0000000000
18250  -14.549  -65.904  16.094 0.0000000000
17217  -14.351  -66.608  17.362 0.0000000000
18227  -13.712  -66.106  16.565 0.0000000000
129654  -7.886  -68.869  23.661 0.0000000000
16128  -8.322  -68.233  23.453 0.0000000000
15147  -6.971  -69.662  22.924 0.0000000000
132209  -7.486  -70.168  19.324 0.0000000000
133143  -6.943  -68.638  21.127 0.0000000000
15178  -7.588  -69.434  19.632 0.0000000000
17160  -7.596  -67.204  20.836 0.0000000000
132624  -7.975  -68.862  19.664 0.0000000000
3224  -11.043  -86.059  32.843 0.0000000000
3235  -9.645  -85.640  31.875 0.0000000000
3844  -8.760  -83.881  28.916 0.0000000000
4356  -9.565  -83.763  30.361 0.0000000000
4998  -8.999  -82.858  29.052 0.0000000000
5000  -10.675  -82.748  29.350 0.0000000000
5010  -9.289  -82.317  28.639 0.0000000000
5024  -8.667  -82.055  27.551 0.0000000000
4390  -8.685  -83.265  27.418 0.0000000000
2793  -10.022  -86.467  24.201 0.0000000000
3289  -9.340  -84.896  24.392 0.0000000000
2803  -9.805  -86.230  23.102 0.0000000000
3320  -9.886  -85.587  22.733 0.0000000000
2317  -10.816  -87.584  22.352 0.0000000000
131296  -21.774  -93.539  15.490 0.0000000000
145  -21.406  -94.284  16.480 0.0000000000
114951  -21.555  -94.599  15.102 0.0000000000
801  -28.557  -91.942  13.051 0.0000000000
497  -28.966  -92.631  13.649 0.0000000000
488  -29.253  -91.910  13.749 0.0000000000
1486  -33.287  -90.132  13.491 0.0000000000
1107  -32.363  -90.969  13.975 0.0000000000
2427  -36.499  -87.507  12.356 0.0000000000
3876  -24.871  -84.951  21.952 0.0000000000
3339  -24.420  -85.337  21.678 0.0000000000
110816  -24.699  -84.556  20.371 0.0000000000
3360  -24.473  -85.163  19.712 0.0000000000
3902  -24.771  -84.252  19.438 0.0000000000
131694  -31.395  -82.485  12.788 0.0000000000
5177  -30.769  -82.247  13.083 0.0000000000
114767  -32.083  -81.446  12.138 0.0000000000
5910  -34.454  -80.934  10.422 0.0000000000
6573  -32.901  -80.671  10.986 0.0000000000
6586  -34.042  -80.499  9.687 0.0000000000
6593  -33.059  -80.701  9.423 0.0000000000
114703  -34.648  -80.626  8.465 0.0000000000
6625  -34.797  -80.858  7.924 0.0000000000
113047  -35.947  -80.562  8.440 0.0000000000
5932  -39.326  -81.248  9.280 0.0000000000
6598  -38.775  -80.648  8.479 0.0000000000
6599  -39.745  -80.690  8.560 0.0000000000
6616  -40.827  -80.161  7.505 0.0000000000
6600  -40.922  -80.767  8.653 0.0000000000
6618  -43.260  -80.534  8.467 0.0000000000
124995  -42.101  -81.286  9.225 0.0000000000
5900  -42.330  -82.009  11.948 0.0000000000
5218  -42.928  -81.754  11.079 0.0000000000
6576  -42.454  -81.198  11.576 0.0000000000
6587  -42.594  -80.462  11.100 0.0000000000
6575  -41.389  -80.674  11.943 0.0000000000
20040  -25.171  -64.404  19.927 0.0000000000
24589  -11.575  -59.713  15.601 0.0000000000
24591  -13.902  -58.860  15.519 0.0000000000
119394  -13.185  -58.882  15.004 0.0000000000
113185  -13.960  -63.464  7.033 0.0000000000
21088  -14.680  -63.540  7.729 0.0000000000
113118  -14.933  -63.718  6.869 0.0000000000
6081  -19.673  -82.027  -1.842 0.0000000000
6094  -18.792  -81.862  -3.211 0.0000000000
6746  -18.281  -80.618  -1.793 0.0000000000
126886  -18.441  -77.354  -2.131 0.0000000000
8144  -17.302  -78.589  -3.169 0.0000000000
8852  -17.372  -77.711  -3.436 0.0000000000
8865  -17.160  -77.056  -4.810 0.0000000000
120485  -17.243  -76.436  -4.676 0.0000000000
10301  -17.444  -75.155  -4.897 0.0000000000
11072  -17.881  -74.997  -4.058 0.0000000000
11045  -20.029  -74.042  -1.447 0.0000000000
124215  -19.036  -73.767  -3.012 0.0000000000
11842  -19.125  -73.065  -2.648 0.0000000000
114135  -18.534  -72.393  -2.341 0.0000000000
12670  -18.738  -72.495  -1.289 0.0000000000
15453  -24.490  -69.348  3.635 0.0000000000
16408  -23.658  -69.092  3.169 0.0000000000
15451  -23.049  -69.630  3.714 0.0000000000
116269  -22.325  -69.842  3.905 0.0000000000
14481  -23.277  -70.360  4.914 0.0000000000
131244  -22.733  -69.860  7.328 0.0000000000
14443  -22.291  -70.939  6.748 0.0000000000
15393  -21.961  -70.011  7.554 0.0000000000
14419  -20.514  -70.780  7.575 0.0000000000
15392  -21.044  -69.940  7.730 0.0000000000
16360  -20.042  -68.632  7.407 0.0000000000
16361  -20.895  -68.282  7.171 0.0000000000
117204  -26.162  -56.095  25.330 0.0000000000
28032  -24.535  -55.811  25.577 0.0000000000
28033  -25.998  -55.264  25.504 0.0000000000
28034  -27.304  -55.300  25.499 0.0000000000
28050  -28.960  -56.528  25.483 0.0000000000
28049  -27.972  -55.798  24.875 0.0000000000
25366  -29.394  -58.103  20.872 0.0000000000
26216  -29.394  -57.161  21.456 0.0000000000
122468  -30.253  -58.301  19.553 0.0000000000
3121  -28.512  -86.118  -7.498 0.0000000000
34612  -27.854  -49.139  20.151 0.0000000000
128120  -27.463  -48.371  20.555 0.0000000000
34632  -27.335  -48.495  18.361 0.0000000000
34634  -26.975  -48.006  17.716 0.0000000000
31832  -27.321  -51.414  15.145 0.0000000000
31831  -26.520  -51.437  14.642 0.0000000000
33660  -26.594  -49.375  15.861 0.0000000000
35542  -26.302  -47.873  15.156 0.0000000000
34665  -25.803  -48.058  13.949 0.0000000000
35552  -26.292  -47.444  14.338 0.0000000000
35564  -25.679  -47.379  13.657 0.0000000000
33659  -23.314  -49.048  17.123 0.0000000000
34639  -23.005  -48.169  17.168 0.0000000000
29115  -19.961  -54.654  13.151 0.0000000000
29114  -18.805  -54.504  13.193 0.0000000000
29113  -17.578  -54.500  13.362 0.0000000000
29123  -18.313  -55.148  12.483 0.0000000000
126592  -14.561  -63.433  24.409 0.0000000000
16111  -8.343  -67.710  25.700 0.0000000000
17108  -10.359  -67.675  25.187 0.0000000000
16113  -10.988  -68.583  25.716 0.0000000000
13205  -8.621  -71.515  25.959 0.0000000000
14146  -9.321  -70.699  26.211 0.0000000000
13206  -9.907  -71.564  25.928 0.0000000000
13225  -11.247  -71.824  24.338 0.0000000000
126317  -11.729  -71.268  25.133 0.0000000000
129395  -11.589  -70.961  24.685 0.0000000000
15121  -12.456  -69.590  24.794 0.0000000000
111558  -10.312  -70.096  23.772 0.0000000000
15135  -9.060  -69.903  23.609 0.0000000000
131710  -8.910  -71.209  23.363 0.0000000000
10740  -7.698  -74.274  21.214 0.0000000000
11563  -7.512  -73.559  21.722 0.0000000000
10752  -7.716  -74.268  20.220 0.0000000000
10768  -7.703  -74.151  19.211 0.0000000000
10788  -8.056  -74.387  18.753 0.0000000000
117916  -9.425  -74.461  17.698 0.0000000000
111538  -9.610  -74.508  18.626 0.0000000000
10792  -12.436  -74.463  18.737 0.0000000000
10793  -13.560  -74.465  18.560 0.0000000000
10807  -14.603  -74.549  17.195 0.0000000000
10795  -15.429  -74.764  18.064 0.0000000000
130347  -14.665  -74.630  22.298 0.0000000000
115223  -13.958  -74.646  21.052 0.0000000000
10748  -15.862  -74.506  21.291 0.0000000000
9276  -15.004  -76.869  20.059 0.0000000000
9278  -15.989  -75.648  19.744 0.0000000000
8608  -13.982  -76.930  19.001 0.0000000000
9289  -14.018  -76.763  18.102 0.0000000000
8606  -12.560  -77.018  18.734 0.0000000000
9287  -10.491  -76.602  18.511 0.0000000000
9275  -10.562  -76.804  19.305 0.0000000000
8569  -9.504  -77.535  20.183 0.0000000000
120759  -9.026  -77.899  19.872 0.0000000000
7887  -8.852  -78.703  19.322 0.0000000000
6502  -8.677  -80.682  18.041 0.0000000000
6487  -8.722  -80.965  18.930 0.0000000000
986  -17.345  -90.103  26.382 0.0000000000
966  -17.225  -90.261  27.194 0.0000000000
985  -16.778  -90.123  26.461 0.0000000000
1780  -15.738  -88.082  26.823 0.0000000000
973  -15.465  -90.455  28.032 0.0000000000
964  -15.009  -90.889  28.709 0.0000000000
2295  -14.405  -86.775  24.896 0.0000000000
117831  -13.557  -87.178  26.018 0.0000000000
1792  -13.846  -87.612  25.252 0.0000000000
1365  -12.857  -89.504  26.387 0.0000000000
1385  -13.703  -89.065  25.313 0.0000000000
126936  -14.288  -89.677  24.712 0.0000000000
1395  -15.340  -89.163  23.504 0.0000000000
111157  -18.368  -88.812  21.062 0.0000000000
1407  -17.255  -89.172  21.841 0.0000000000
112930  -18.384  -89.932  21.412 0.0000000000
1044  -18.851  -90.742  21.389 0.0000000000
1429  -19.433  -89.705  20.276 0.0000000000
2859  -20.405  -85.772  19.283 0.0000000000
2858  -19.789  -86.043  19.662 0.0000000000
133203  -20.222  -86.298  18.121 0.0000000000
1470  -20.449  -89.109  15.522 0.0000000000
1082  -20.347  -89.112  16.947 0.0000000000
1093  -20.523  -89.625  16.332 0.0000000000
110653  -20.518  -90.618  17.744 0.0000000000
763  -20.720  -90.680  16.543 0.0000000000
764  -21.110  -91.720  16.555 0.0000000000
115444  -20.605  -91.080  14.352 0.0000000000
805  -19.448  -91.139  10.773 0.0000000000
503  -19.626  -91.398  11.778 0.0000000000
525  -19.437  -91.838  10.129 0.0000000000
526  -19.750  -92.718  10.455 0.0000000000
336  -19.936  -92.428  8.349 0.0000000000
553  -21.262  -92.689  7.200 0.0000000000
546  -20.070  -91.692  8.558 0.0000000000
115889  -21.778  -91.697  10.609 0.0000000000
527  -21.830  -92.248  10.044 0.0000000000
528  -22.350  -93.282  10.508 0.0000000000
69  -23.795  -94.939  10.771 0.0000000000
132570  -23.047  -93.914  11.012 0.0000000000
1114  -23.221  -91.254  14.251 0.0000000000
1113  -22.689  -90.818  13.488 0.0000000000
787  -23.119  -91.762  13.481 0.0000000000
507  -24.661  -92.621  11.690 0.0000000000
506  -24.050  -93.014  11.891 0.0000000000
516  -24.161  -93.026  10.949 0.0000000000
322  -25.005  -93.460  9.978 0.0000000000
530  -25.203  -92.540  9.795 0.0000000000
531  -27.063  -92.532  10.041 0.0000000000
828  -26.297  -91.611  9.537 0.0000000000
121947  -26.521  -89.709  10.040 0.0000000000
1526  -27.248  -89.975  9.680 0.0000000000
1527  -27.481  -89.362  10.187 0.0000000000
1499  -28.448  -88.935  12.195 0.0000000000
1940  -27.742  -88.711  10.993 0.0000000000
1836  -26.995  -88.343  22.302 0.0000000000
123394  -27.251  -89.072  21.780 0.0000000000
1878  -28.296  -88.687  18.612 0.0000000000
1868  -27.973  -88.491  19.482 0.0000000000
1869  -28.162  -87.759  19.015 0.0000000000
3371  -28.300  -86.382  18.097 0.0000000000
114293  -28.485  -87.233  17.778 0.0000000000
2401  -31.038  -87.240  14.817 0.0000000000
2904  -29.593  -87.029  15.250 0.0000000000
3391  -29.093  -86.339  15.786 0.0000000000
124869  -30.210  -85.813  14.522 0.0000000000
3415  -30.302  -84.999  14.252 0.0000000000
3428  -31.140  -84.999  13.928 0.0000000000
20134  -6.973  -64.848  13.219 0.0000000000
20125  -6.661  -64.856  13.982 0.0000000000
21004  -6.813  -63.435  14.218 0.0000000000
121992  -6.935  -62.911  14.724 0.0000000000
21005  -7.106  -62.660  13.987 0.0000000000
121871  -7.698  -61.170  12.960 0.0000000000
21949  -7.445  -62.300  13.110 0.0000000000
21055  -8.585  -63.037  9.688 0.0000000000
21967  -8.423  -61.886  10.628 0.0000000000
22906  -8.670  -62.001  9.764 0.0000000000
126213  -9.403  -61.671  8.571 0.0000000000
21994  -9.332  -62.259  7.997 0.0000000000
18334  -10.454  -66.695  10.219 0.0000000000
19235  -9.921  -65.863  10.004 0.0000000000
121129  -10.641  -66.386  9.131 0.0000000000
20217  -9.717  -64.232  5.502 0.0000000000
19253  -9.524  -64.678  6.981 0.0000000000
21129  -9.639  -63.705  5.854 0.0000000000
22016  -9.723  -62.829  6.729 0.0000000000
21109  -10.500  -63.009  5.769 0.0000000000
111001  -11.583  -62.952  5.789 0.0000000000
21131  -10.818  -63.395  5.053 0.0000000000
21168  -12.663  -64.046  3.548 0.0000000000
21155  -13.112  -63.402  4.189 0.0000000000
21170  -13.603  -63.557  3.412 0.0000000000
130946  -14.367  -63.020  3.649 0.0000000000
118578  -14.291  -63.187  2.828 0.0000000000
1234  -20.754  -90.295  0.586 0.0000000000
1614  -20.367  -89.900  0.055 0.0000000000
1623  -20.630  -89.278  -1.476 0.0000000000
2591  -21.143  -87.284  -4.691 0.0000000000
2088  -20.842  -88.079  -3.391 0.0000000000
2590  -20.655  -87.004  -4.447 0.0000000000
3097  -20.366  -86.394  -4.332 0.0000000000
3107  -20.928  -86.258  -5.876 0.0000000000
4780  -23.602  -83.567  -4.991 0.0000000000
4172  -23.489  -84.379  -5.187 0.0000000000
4791  -23.269  -84.043  -6.085 0.0000000000
5452  -21.585  -82.217  -7.266 0.0000000000
128343  -21.976  -83.354  -7.754 0.0000000000
125851  -21.217  -82.596  -6.504 0.0000000000
114595  -21.114  -83.450  -5.986 0.0000000000
114522  -21.098  -82.706  -5.099 0.0000000000
6111  -20.883  -82.227  -3.918 0.0000000000
6122  -20.978  -81.623  -5.157 0.0000000000
8877  -20.583  -77.337  -5.077 0.0000000000
8154  -20.340  -78.807  -4.399 0.0000000000
8853  -20.517  -77.609  -3.423 0.0000000000
8854  -21.051  -76.987  -2.755 0.0000000000
9590  -21.110  -75.975  -3.104 0.0000000000
6755  -39.020  -80.068  -2.378 0.0000000000
114817  -38.121  -80.376  -2.821 0.0000000000
118371  -36.576  -80.994  -3.546 0.0000000000
6088  -36.428  -81.089  -2.565 0.0000000000
6726  -36.982  -80.670  0.773 0.0000000000
6727  -37.750  -80.449  0.123 0.0000000000
6051  -36.461  -81.142  0.307 0.0000000000
5397  -32.878  -82.884  -1.042 0.0000000000
4743  -33.358  -83.065  -1.730 0.0000000000
129110  -33.691  -83.022  -2.387 0.0000000000
4758  -32.929  -83.417  -2.343 0.0000000000
4757  -31.940  -83.761  -2.312 0.0000000000
4741  -31.600  -83.362  -1.739 0.0000000000
133522  -33.159  -79.895  -3.603 0.0000000000
6783  -32.462  -80.421  -3.736 0.0000000000
7450  -33.051  -79.843  -4.338 0.0000000000
7451  -33.575  -79.445  -4.871 0.0000000000
8159  -34.232  -79.135  -4.675 0.0000000000
7386  -33.508  -79.283  0.208 0.0000000000
29901  -28.856  -53.133  27.519 0.0000000000
30820  -27.742  -53.984  25.494 0.0000000000
30821  -29.616  -53.081  26.248 0.0000000000
32651  -27.871  -52.133  24.591 0.0000000000
33595  -28.914  -50.409  22.743 0.0000000000
34598  -28.567  -49.475  21.416 0.0000000000
126943  -29.118  -49.849  21.305 0.0000000000
31791  -28.987  -51.320  19.649 0.0000000000
32728  -29.351  -50.375  19.980 0.0000000000
31803  -28.859  -51.331  18.547 0.0000000000
31811  -29.155  -51.940  17.956 0.0000000000
29065  -30.526  -54.648  17.477 0.0000000000
30934  -29.243  -53.256  15.565 0.0000000000
117501  -20.658  -92.459  28.100 0.0000000000
377  -19.883  -92.401  28.075 0.0000000000
114284  -20.984  -92.517  26.941 0.0000000000
394  -21.305  -92.569  25.359 0.0000000000
131057  -21.707  -92.739  25.599 0.0000000000
226  -22.699  -93.580  24.397 0.0000000000
221  -22.212  -92.771  25.909 0.0000000000
127648  -22.741  -92.087  27.166 0.0000000000
669  -23.102  -91.345  27.138 0.0000000000
998  -23.658  -90.625  25.890 0.0000000000
978  -23.026  -90.175  27.248 0.0000000000
14517  -7.734  -69.783  0.155 0.0000000000
16470  -8.195  -68.513  0.943 0.0000000000
121980  -8.748  -67.964  1.200 0.0000000000
17507  -9.309  -67.841  0.960 0.0000000000
1235  -23.396  -90.780  -0.017 0.0000000000
1609  -22.713  -90.206  0.296 0.0000000000
2065  -23.032  -88.712  0.271 0.0000000000
2084  -24.706  -88.481  -2.421 0.0000000000
1625  -24.248  -89.482  -1.955 0.0000000000
112027  -25.406  -87.808  -1.838 0.0000000000
3058  -26.513  -86.569  0.231 0.0000000000
2546  -26.112  -87.245  0.256 0.0000000000
131070  -25.463  -86.177  0.468 0.0000000000
3056  -25.011  -86.769  0.447 0.0000000000
3612  -25.071  -85.817  0.256 0.0000000000
4136  -24.901  -84.360  -0.589 0.0000000000
4724  -25.261  -83.995  0.082 0.0000000000
115226  -26.422  -82.193  1.418 0.0000000000
118773  -25.304  -79.955  0.059 0.0000000000
5461  -36.473  -82.190  -6.919 0.0000000000
4809  -35.758  -83.248  -7.234 0.0000000000
4820  -35.289  -82.916  -7.698 0.0000000000
4795  -30.774  -83.712  -5.589 0.0000000000
4796  -31.911  -83.030  -5.967 0.0000000000
111551  -30.264  -83.721  -6.171 0.0000000000
4825  -30.136  -83.898  -8.902 0.0000000000
4817  -31.376  -83.392  -8.293 0.0000000000
4827  -32.074  -83.516  -8.528 0.0000000000
4199  -32.351  -83.726  -8.576 0.0000000000
4198  -31.690  -83.861  -8.748 0.0000000000
3689  -31.377  -84.482  -8.613 0.0000000000
4196  -29.819  -84.368  -8.762 0.0000000000
4828  -26.256  -83.044  -9.656 0.0000000000
4203  -27.422  -84.084  -8.901 0.0000000000
4202  -26.482  -84.031  -9.131 0.0000000000
3691  -26.357  -84.744  -8.720 0.0000000000
8914  -32.471  -77.859  -8.738 0.0000000000
8913  -31.477  -77.788  -8.605 0.0000000000
8206  -30.362  -78.725  -8.848 0.0000000000
8912  -30.515  -77.700  -8.622 0.0000000000
8891  -28.805  -77.375  -7.371 0.0000000000
128627  -29.705  -76.752  -7.865 0.0000000000
8902  -28.622  -77.557  -8.341 0.0000000000
8906  -28.535  -77.938  -8.902 0.0000000000
8197  -28.047  -78.169  -8.577 0.0000000000
7487  -27.292  -79.282  -9.077 0.0000000000
7480  -27.212  -79.202  -8.276 0.0000000000
6811  -26.346  -80.915  -7.237 0.0000000000
6137  -26.001  -81.629  -7.005 0.0000000000
5455  -25.348  -83.097  -7.337 0.0000000000
5456  -25.749  -82.470  -6.658 0.0000000000
4803  -25.642  -83.403  -6.203 0.0000000000
120174  -26.147  -82.320  -5.212 0.0000000000
6765  -27.479  -80.781  -3.052 0.0000000000
6099  -26.739  -81.858  -3.704 0.0000000000
110911  -27.034  -81.459  -3.132 0.0000000000
5424  -26.877  -82.253  -2.863 0.0000000000
6085  -27.160  -81.454  -2.358 0.0000000000
36494  -23.191  -46.271  13.804 0.0000000000
34644  -20.343  -48.723  14.765 0.0000000000
34653  -19.071  -48.398  14.157 0.0000000000
23632  -22.405  -59.828  23.487 0.0000000000
22713  -22.971  -59.569  22.901 0.0000000000
22718  -23.916  -58.759  22.359 0.0000000000
113623  -23.198  -59.218  20.525 0.0000000000
21822  -22.864  -60.500  21.513 0.0000000000
22746  -24.222  -58.726  20.639 0.0000000000
23655  -23.958  -58.689  19.832 0.0000000000
22772  -24.529  -60.119  18.748 0.0000000000
23681  -24.364  -59.542  18.770 0.0000000000
21887  -23.419  -62.129  17.602 0.0000000000
122161  -23.353  -63.450  17.954 0.0000000000
20058  -23.325  -64.557  18.162 0.0000000000
115409  -19.873  -64.526  21.865 0.0000000000
19997  -17.552  -64.236  21.536 0.0000000000
110335  -18.070  -64.299  22.217 0.0000000000
119309  -18.192  -64.485  19.947 0.0000000000
20945  -19.065  -62.844  18.180 0.0000000000
20924  -18.836  -63.636  18.960 0.0000000000
20925  -19.513  -63.191  18.988 0.0000000000
20037  -20.157  -63.783  19.614 0.0000000000
20946  -19.866  -62.463  18.299 0.0000000000
21873  -20.333  -61.959  17.702 0.0000000000
21884  -20.197  -62.285  17.059 0.0000000000
20077  -21.725  -64.998  16.960 0.0000000000
19133  -22.074  -65.507  17.760 0.0000000000
21783  -13.196  -62.638  25.502 0.0000000000
21791  -13.192  -62.635  24.637 0.0000000000
119398  -12.503  -62.078  24.216 0.0000000000
18156  -10.895  -66.683  22.151 0.0000000000
18157  -12.137  -66.510  22.306 0.0000000000
18169  -11.484  -65.830  21.819 0.0000000000
20871  -11.136  -63.472  21.865 0.0000000000
20858  -11.401  -63.533  22.821 0.0000000000
20857  -10.866  -63.042  23.507 0.0000000000
21789  -10.681  -62.764  24.551 0.0000000000
22702  -11.150  -62.344  23.920 0.0000000000
21854  -10.521  -62.661  19.479 0.0000000000
21818  -10.900  -62.310  21.043 0.0000000000
22724  -11.145  -61.986  21.065 0.0000000000
22745  -11.983  -61.752  21.110 0.0000000000
21855  -11.159  -62.319  19.574 0.0000000000
20941  -11.969  -62.989  18.143 0.0000000000
20940  -11.099  -63.097  17.834 0.0000000000
19127  -11.757  -65.971  16.859 0.0000000000
4334  -12.805  -84.022  32.761 0.0000000000
4961  -12.165  -82.579  32.493 0.0000000000
5653  -12.410  -81.182  31.069 0.0000000000
129427  -11.318  -81.550  31.851 0.0000000000
6357  -10.796  -81.056  31.336 0.0000000000
112604  -14.464  -79.126  28.130 0.0000000000
8462  -16.252  -78.000  28.024 0.0000000000
7087  -16.208  -79.930  26.288 0.0000000000
7768  -17.183  -78.944  26.344 0.0000000000
7775  -15.770  -78.461  25.438 0.0000000000
7788  -15.046  -77.990  24.932 0.0000000000
7774  -14.704  -78.716  25.303 0.0000000000
5700  -8.871  -80.736  26.296 0.0000000000
6401  -10.849  -80.378  26.458 0.0000000000
6411  -9.149  -80.106  25.820 0.0000000000
110242  -8.350  -80.243  23.249 0.0000000000
7109  -9.037  -79.428  24.316 0.0000000000
7110  -9.840  -78.968  23.973 0.0000000000
131743  -10.958  -78.466  23.844 0.0000000000
7799  -10.391  -78.570  23.473 0.0000000000
7818  -9.944  -78.508  22.710 0.0000000000
110853  -8.673  -79.760  22.072 0.0000000000
3891  -10.973  -83.966  20.270 0.0000000000
5094  -9.614  -82.982  20.047 0.0000000000
131144  -10.012  -84.441  19.774 0.0000000000
3910  -9.620  -84.073  18.797 0.0000000000
2866  -10.172  -86.337  18.779 0.0000000000
684  -14.842  -91.648  24.239 0.0000000000
681  -13.116  -91.118  24.215 0.0000000000
694  -14.012  -91.862  23.899 0.0000000000
714  -15.173  -92.581  21.360 0.0000000000
127679  -14.240  -91.970  22.185 0.0000000000
117058  -14.243  -91.354  21.200 0.0000000000
1417  -13.790  -89.848  21.227 0.0000000000
1042  -14.483  -90.280  20.691 0.0000000000
262  -19.287  -94.137  17.627 0.0000000000
254  -18.890  -93.925  19.098 0.0000000000
125465  -18.810  -93.739  18.167 0.0000000000
1081  -16.560  -90.375  17.133 0.0000000000
743  -15.932  -91.258  18.716 0.0000000000
1067  -15.385  -90.493  18.321 0.0000000000
1436  -14.818  -90.079  19.271 0.0000000000
1444  -13.847  -89.629  18.690 0.0000000000
1861  -13.940  -88.775  19.285 0.0000000000
120545  -13.623  -89.764  18.267 0.0000000000
1889  -12.215  -88.842  17.303 0.0000000000
230  -23.363  -93.654  23.124 0.0000000000
128  -23.278  -94.034  21.172 0.0000000000
234  -23.725  -93.557  22.344 0.0000000000
728  -24.916  -91.549  21.069 0.0000000000
445  -24.869  -92.734  20.853 0.0000000000
455  -25.444  -92.501  19.402 0.0000000000
463  -25.991  -92.702  18.166 0.0000000000
111627  -25.973  -91.245  18.611 0.0000000000
1884  -26.199  -88.644  17.075 0.0000000000
1465  -26.484  -89.060  16.482 0.0000000000
124928  -26.560  -89.957  16.688 0.0000000000
124527  -26.790  -89.653  15.766 0.0000000000
126427  -26.678  -89.833  14.377 0.0000000000
1910  -26.525  -88.493  14.523 0.0000000000
119697  -25.909  -86.739  12.839 0.0000000000
2409  -25.824  -87.425  12.428 0.0000000000
115481  -27.745  -86.763  11.914 0.0000000000
2419  -28.573  -87.334  11.966 0.0000000000
121734  -28.461  -86.479  11.938 0.0000000000
2851  -27.200  -86.336  20.623 0.0000000000
2850  -26.709  -85.832  21.274 0.0000000000
3361  -26.957  -84.863  19.933 0.0000000000
5126  -26.544  -82.724  17.032 0.0000000000
4461  -26.069  -83.219  18.529 0.0000000000
133490  -25.806  -82.935  17.453 0.0000000000
5866  -29.216  -81.181  13.156 0.0000000000
5851  -27.969  -81.631  14.164 0.0000000000
5865  -28.263  -81.423  13.484 0.0000000000
5208  -28.810  -82.393  11.399 0.0000000000
5189  -27.894  -81.813  12.558 0.0000000000
5206  -27.799  -82.649  12.177 0.0000000000
3983  -27.392  -84.316  12.295 0.0000000000
3998  -28.487  -84.158  11.346 0.0000000000
3487  -31.925  -85.373  9.859 0.0000000000
3467  -30.382  -85.359  10.213 0.0000000000
122367  -31.484  -85.975  9.892 0.0000000000
2951  -30.625  -86.865  10.425 0.0000000000
2953  -32.816  -86.643  10.150 0.0000000000
2437  -33.426  -87.016  10.595 0.0000000000
2954  -33.682  -86.233  10.246 0.0000000000
4025  -36.499  -84.556  9.646 0.0000000000
3490  -35.865  -85.101  10.170 0.0000000000
4009  -37.464  -84.821  9.945 0.0000000000
125237  -36.883  -81.658  7.270 0.0000000000
5259  -36.957  -82.450  7.649 0.0000000000
5281  -38.392  -81.945  7.199 0.0000000000
5285  -42.262  -82.092  7.242 0.0000000000
7337  -44.894  -79.418  3.674 0.0000000000
7355  -44.371  -79.755  2.909 0.0000000000
7354  -43.786  -79.650  2.534 0.0000000000
8072  -44.132  -79.253  3.347 0.0000000000
8003  -45.188  -78.644  7.776 0.0000000000
9472  -42.980  -76.939  6.182 0.0000000000
8745  -43.747  -77.372  5.679 0.0000000000
9501  -42.886  -77.337  5.185 0.0000000000
8780  -43.053  -78.137  4.313 0.0000000000
8779  -42.135  -78.082  4.341 0.0000000000
8051  -40.868  -78.507  3.452 0.0000000000
8763  -41.643  -77.441  4.748 0.0000000000
114340  -40.319  -76.825  4.841 0.0000000000
24497  -23.863  -58.763  23.172 0.0000000000
24498  -24.421  -59.484  23.499 0.0000000000
23633  -25.043  -60.271  23.747 0.0000000000
23634  -25.849  -60.497  23.704 0.0000000000
23635  -26.754  -60.279  23.426 0.0000000000
23642  -27.175  -60.518  22.372 0.0000000000
21846  -27.296  -62.350  21.148 0.0000000000
22733  -29.282  -61.373  21.507 0.0000000000
22750  -28.273  -61.241  21.102 0.0000000000
23658  -28.316  -60.525  21.074 0.0000000000
24502  -27.749  -60.244  21.417 0.0000000000
115324  -28.944  -60.066  20.995 0.0000000000
24516  -29.007  -59.651  20.892 0.0000000000
23670  -29.964  -59.937  20.963 0.0000000000
23660  -31.455  -60.583  20.575 0.0000000000
23672  -32.083  -60.219  20.094 0.0000000000
112068  -18.824  -56.006  15.160 0.0000000000
27193  -17.994  -56.475  14.631 0.0000000000
27224  -17.499  -56.840  12.863 0.0000000000
27243  -17.555  -56.739  11.993 0.0000000000
28191  -17.278  -55.966  11.452 0.0000000000
122700  -16.731  -56.375  11.498 0.0000000000
23755  -8.812  -59.650  12.674 0.0000000000
24634  -9.018  -59.541  13.508 0.0000000000
23778  -9.509  -59.864  12.230 0.0000000000
22861  -12.798  -60.980  12.149 0.0000000000
23780  -11.786  -60.763  12.433 0.0000000000
23781  -13.330  -60.535  12.881 0.0000000000
23757  -13.861  -60.049  13.523 0.0000000000
23782  -14.360  -60.629  12.808 0.0000000000
21982  -14.716  -62.618  9.562 0.0000000000
21969  -14.227  -62.174  10.267 0.0000000000
21970  -15.296  -62.132  10.052 0.0000000000
22883  -17.506  -60.555  10.788 0.0000000000
22881  -16.318  -61.310  11.136 0.0000000000
23800  -17.130  -60.626  12.069 0.0000000000
23784  -16.729  -60.604  12.757 0.0000000000
116546  -17.831  -59.677  12.177 0.0000000000
121792  -18.154  -59.236  13.060 0.0000000000
25509  -17.677  -59.284  11.318 0.0000000000
25506  -14.394  -58.692  10.659 0.0000000000
25493  -14.788  -58.063  11.025 0.0000000000
26344  -13.983  -57.387  11.261 0.0000000000
27261  -14.318  -56.765  11.635 0.0000000000
27260  -13.331  -56.618  11.607 0.0000000000
27240  -13.138  -56.160  12.136 0.0000000000
2063  -18.473  -88.675  -0.027 0.0000000000
6109  -17.977  -81.111  -4.667 0.0000000000
5432  -16.931  -82.461  -4.277 0.0000000000
6108  -16.802  -81.661  -4.706 0.0000000000
12757  -16.371  -72.765  -5.909 0.0000000000
13687  -15.669  -71.683  -5.359 0.0000000000
15578  -13.341  -69.554  -3.545 0.0000000000
13669  -13.652  -70.788  -4.157 0.0000000000
15591  -12.519  -69.637  -4.051 0.0000000000
15575  -11.184  -68.900  -3.412 0.0000000000
15558  -10.648  -68.784  -2.597 0.0000000000
16526  -11.612  -68.177  -2.978 0.0000000000
14519  -11.969  -70.858  -0.036 0.0000000000
15513  -11.527  -68.963  -0.577 0.0000000000
14518  -11.480  -70.353  0.286 0.0000000000
15480  -10.675  -69.332  1.269 0.0000000000
130822  -10.751  -71.234  1.181 0.0000000000
120400  -20.350  -73.931  -6.610 0.0000000000
12719  -20.611  -72.866  -4.191 0.0000000000
12699  -21.379  -72.811  -3.440 0.0000000000
11844  -21.638  -73.610  -3.039 0.0000000000
12683  -21.802  -72.843  -2.581 0.0000000000
112724  -19.886  -67.091  -0.288 0.0000000000
18480  -21.427  -66.419  -0.742 0.0000000000
16511  -19.046  -68.090  -1.798 0.0000000000
14523  -21.395  -70.789  0.449 0.0000000000
14540  -21.653  -70.571  -0.588 0.0000000000
14524  -22.250  -71.278  0.175 0.0000000000
128735  -22.857  -72.188  -0.472 0.0000000000
12654  -23.318  -72.754  0.758 0.0000000000
11005  -23.083  -74.133  1.198 0.0000000000
11766  -22.200  -72.639  2.064 0.0000000000
12615  -18.476  -72.425  2.400 0.0000000000
11781  -19.740  -73.265  2.055 0.0000000000
11780  -18.753  -73.360  1.972 0.0000000000
12650  -18.064  -73.043  0.144 0.0000000000
11779  -17.623  -73.497  1.706 0.0000000000
120194  -19.409  -70.415  4.470 0.0000000000
120221  -17.507  -69.963  3.284 0.0000000000
131278  -17.128  -71.446  4.371 0.0000000000
10981  -15.172  -74.229  3.793 0.0000000000
11747  -15.753  -73.610  3.496 0.0000000000
10991  -15.337  -74.485  2.855 0.0000000000
11778  -15.317  -74.101  1.389 0.0000000000
11002  -14.214  -74.361  2.227 0.0000000000
11776  -13.665  -73.774  1.748 0.0000000000
11760  -13.299  -74.201  2.413 0.0000000000
12586  -11.985  -73.746  5.105 0.0000000000
10977  -11.482  -74.526  3.909 0.0000000000
118242  -11.301  -73.143  4.646 0.0000000000
13571  -10.371  -72.000  3.450 0.0000000000
13552  -11.698  -72.020  4.688 0.0000000000
14475  -12.050  -71.057  4.896 0.0000000000
133227  -12.302  -71.824  5.248 0.0000000000
14438  -15.367  -70.234  6.986 0.0000000000
14437  -14.528  -70.272  6.972 0.0000000000
16355  -15.056  -68.702  7.285 0.0000000000
16342  -14.540  -68.066  7.848 0.0000000000
16373  -15.287  -68.353  6.098 0.0000000000
17386  -18.538  -67.683  6.441 0.0000000000
129364  -17.402  -68.513  6.123 0.0000000000
17408  -17.403  -67.174  5.440 0.0000000000
117614  -16.785  -66.694  2.690 0.0000000000
123759  -16.169  -67.308  4.015 0.0000000000
17474  -15.104  -67.193  2.635 0.0000000000
17455  -14.501  -67.406  3.492 0.0000000000
18436  -14.696  -66.761  1.990 0.0000000000
26189  -23.209  -58.231  24.293 0.0000000000
10702  -13.176  -74.714  26.177 0.0000000000
10716  -14.357  -75.017  25.292 0.0000000000
10703  -14.112  -74.784  26.098 0.0000000000
10684  -15.764  -75.007  26.293 0.0000000000
685  -20.626  -91.668  24.646 0.0000000000
1011  -20.178  -90.900  24.389 0.0000000000
1022  -20.982  -90.838  24.029 0.0000000000
1398  -21.415  -89.857  22.836 0.0000000000
1422  -21.644  -88.843  21.616 0.0000000000
111444  -21.710  -87.781  20.797 0.0000000000
1430  -21.753  -89.582  21.110 0.0000000000
1438  -22.171  -89.499  19.667 0.0000000000
124839  -22.395  -89.894  19.164 0.0000000000
1083  -22.837  -90.154  17.902 0.0000000000
746  -22.737  -91.336  18.803 0.0000000000
738  -22.981  -92.370  19.102 0.0000000000
454  -23.389  -93.203  19.174 0.0000000000
17451  -7.862  -67.839  3.383 0.0000000000
17428  -7.703  -67.705  4.136 0.0000000000
17429  -8.538  -67.270  4.418 0.0000000000
17401  -9.616  -67.510  5.332 0.0000000000
16353  -9.942  -68.296  6.762 0.0000000000
16339  -9.903  -68.859  7.858 0.0000000000
16354  -10.346  -68.851  6.110 0.0000000000
15408  -10.862  -69.606  6.279 0.0000000000
15409  -11.784  -69.822  6.416 0.0000000000
118318  -24.537  -80.513  -1.693 0.0000000000
6084  -24.131  -80.993  -2.247 0.0000000000
6764  -24.602  -80.330  -2.618 0.0000000000
7437  -25.129  -79.861  -3.273 0.0000000000
111477  -25.639  -79.117  -4.548 0.0000000000
6680  -34.551  -80.328  3.119 0.0000000000
27127  -29.699  -56.094  20.615 0.0000000000
28079  -29.546  -55.656  21.370 0.0000000000
27134  -30.254  -56.420  19.440 0.0000000000
27141  -30.757  -56.290  18.617 0.0000000000
27158  -31.531  -56.312  17.664 0.0000000000
26267  -32.608  -56.897  17.244 0.0000000000
124811  -33.568  -57.646  16.364 0.0000000000
2608  -26.995  -87.900  -6.548 0.0000000000
2109  -26.027  -88.283  -6.407 0.0000000000
2108  -25.040  -88.069  -6.249 0.0000000000
2599  -24.547  -87.932  -5.507 0.0000000000
2600  -24.720  -87.163  -5.775 0.0000000000
3665  -24.951  -86.101  -5.951 0.0000000000
4180  -25.494  -85.082  -5.550 0.0000000000
6807  -32.207  -80.168  -5.532 0.0000000000
6806  -31.423  -80.775  -5.518 0.0000000000
114271  -32.251  -79.988  -6.323 0.0000000000
7482  -32.713  -79.847  -8.335 0.0000000000
30005  -17.138  -53.281  14.975 0.0000000000
30927  -16.950  -52.200  15.484 0.0000000000
29991  -16.469  -52.784  15.281 0.0000000000
30940  -15.128  -52.722  15.150 0.0000000000
30925  -14.365  -51.831  15.081 0.0000000000
31838  -13.544  -51.831  14.386 0.0000000000
30939  -13.835  -52.533  14.747 0.0000000000
30028  -12.877  -53.041  13.609 0.0000000000
30036  -12.952  -53.618  13.102 0.0000000000
20872  -15.542  -63.214  22.565 0.0000000000
130538  -15.794  -63.391  22.055 0.0000000000
20886  -15.302  -63.165  21.694 0.0000000000
118814  -15.081  -63.521  20.134 0.0000000000
115106  -14.979  -63.908  18.626 0.0000000000
20073  -14.773  -64.306  16.426 0.0000000000
20961  -14.250  -64.085  17.226 0.0000000000
20960  -13.473  -63.803  17.447 0.0000000000
20985  -12.981  -64.063  16.561 0.0000000000
13278  -7.325  -71.705  20.416 0.0000000000
115177  -7.022  -70.054  22.192 0.0000000000
14220  -7.309  -70.782  19.661 0.0000000000
14245  -7.558  -70.838  18.749 0.0000000000
2742  -9.299  -85.965  29.779 0.0000000000
3250  -9.053  -85.342  30.239 0.0000000000
132775  -9.345  -85.940  29.065 0.0000000000
3283  -9.716  -85.459  27.839 0.0000000000
125474  -9.717  -84.893  27.350 0.0000000000
3853  -9.190  -84.089  27.193 0.0000000000
3287  -10.346  -85.815  26.083 0.0000000000
123490  -10.365  -87.234  24.726 0.0000000000
2294  -10.329  -87.308  23.753 0.0000000000
157  -21.186  -94.748  12.195 0.0000000000
154  -21.563  -95.007  13.682 0.0000000000
110303  -21.142  -95.489  12.125 0.0000000000
1117  -29.534  -90.319  13.482 0.0000000000
791  -30.329  -90.843  13.878 0.0000000000
1483  -30.567  -90.021  13.520 0.0000000000
1485  -32.386  -90.038  13.498 0.0000000000
1505  -33.637  -89.495  12.981 0.0000000000
1918  -34.691  -89.262  13.023 0.0000000000
1932  -34.540  -88.545  12.305 0.0000000000
2411  -34.791  -87.911  11.932 0.0000000000
120406  -35.029  -87.296  11.592 0.0000000000
3326  -24.959  -85.089  22.789 0.0000000000
3877  -25.340  -84.862  21.974 0.0000000000
5194  -34.219  -82.936  11.911 0.0000000000
5883  -32.977  -81.437  11.637 0.0000000000
5209  -33.937  -82.018  11.510 0.0000000000
5899  -35.171  -81.744  10.852 0.0000000000
5911  -35.457  -81.219  10.130 0.0000000000
5929  -35.940  -80.823  9.256 0.0000000000
5930  -37.003  -81.107  9.376 0.0000000000
5914  -38.828  -81.763  9.843 0.0000000000
5915  -39.865  -82.053  10.014 0.0000000000
5916  -41.048  -82.289  10.297 0.0000000000
5233  -40.429  -82.753  10.814 0.0000000000
5215  -40.911  -83.144  11.604 0.0000000000
23725  -10.822  -59.985  15.986 0.0000000000
24588  -10.757  -59.812  15.100 0.0000000000
111536  -15.268  -63.718  6.000 0.0000000000
21112  -15.989  -63.802  6.748 0.0000000000
112884  -16.301  -63.778  5.934 0.0000000000
7414  -20.071  -79.706  -1.629 0.0000000000
7412  -18.821  -80.080  -1.480 0.0000000000
8122  -19.597  -78.509  -1.015 0.0000000000
8829  -19.159  -77.604  -1.331 0.0000000000
9552  -18.990  -76.628  -1.800 0.0000000000
10252  -18.940  -75.655  -2.349 0.0000000000
10253  -19.561  -75.853  -1.467 0.0000000000
131334  -19.796  -75.031  -1.489 0.0000000000
11035  -20.680  -74.773  -0.265 0.0000000000
17389  -22.504  -67.806  6.199 0.0000000000
26176  -25.245  -57.392  25.447 0.0000000000
27081  -26.309  -57.110  25.166 0.0000000000
27096  -27.356  -56.772  24.779 0.0000000000
119108  -28.379  -56.904  23.964 0.0000000000
26210  -28.551  -57.897  22.780 0.0000000000
25370  -29.324  -59.073  20.288 0.0000000000
3123  -30.572  -85.929  -7.193 0.0000000000
33647  -28.233  -50.083  18.631 0.0000000000
118530  -28.094  -49.649  19.190 0.0000000000
33653  -28.005  -49.911  17.729 0.0000000000
33652  -27.548  -49.468  17.169 0.0000000000
32772  -25.874  -51.158  14.526 0.0000000000
33682  -25.654  -49.834  14.451 0.0000000000
34658  -26.197  -48.334  14.640 0.0000000000
34656  -24.055  -48.858  14.107 0.0000000000
29125  -20.147  -55.422  12.807 0.0000000000
11542  -9.798  -73.939  24.968 0.0000000000
129978  -10.622  -72.137  25.478 0.0000000000
11549  -10.450  -73.669  24.216 0.0000000000
11554  -10.469  -73.212  23.736 0.0000000000
12371  -9.854  -73.018  23.183 0.0000000000
12370  -8.698  -72.524  22.884 0.0000000000
11559  -8.149  -73.906  22.493 0.0000000000
116364  -8.170  -74.685  21.565 0.0000000000
114360  -8.585  -74.813  20.379 0.0000000000
10770  -9.932  -74.580  19.472 0.0000000000
10755  -10.219  -74.732  20.318 0.0000000000
129127  -12.001  -74.496  19.704 0.0000000000
10757  -12.733  -74.563  20.184 0.0000000000
10007  -16.644  -75.189  22.035 0.0000000000
10015  -16.383  -75.231  21.106 0.0000000000
9254  -15.699  -76.508  21.259 0.0000000000
9260  -14.980  -77.014  20.950 0.0000000000
8573  -13.381  -77.313  20.322 0.0000000000
8590  -11.276  -77.050  19.540 0.0000000000
133009  -12.828  -77.376  20.845 0.0000000000
8547  -10.793  -77.420  21.088 0.0000000000
7855  -9.889  -77.792  21.060 0.0000000000
1809  -17.729  -88.003  25.156 0.0000000000
1793  -16.687  -88.838  25.987 0.0000000000
2286  -17.484  -86.823  25.269 0.0000000000
2285  -16.691  -86.624  25.723 0.0000000000
120701  -15.638  -87.039  26.663 0.0000000000
2786  -15.441  -86.079  25.738 0.0000000000
2804  -15.543  -86.014  24.156 0.0000000000
2304  -15.469  -86.736  23.684 0.0000000000
1819  -15.839  -88.371  22.931 0.0000000000
2318  -16.410  -87.664  22.442 0.0000000000
123186  -17.576  -87.420  21.596 0.0000000000
1848  -18.460  -88.213  20.928 0.0000000000
2889  -21.137  -86.631  16.062 0.0000000000
2373  -20.346  -86.994  16.778 0.0000000000
2389  -20.718  -87.286  15.300 0.0000000000
130330  -20.406  -88.645  14.822 0.0000000000
111556  -20.153  -89.595  13.881 0.0000000000
1112  -20.137  -90.459  13.633 0.0000000000
121109  -19.876  -89.676  13.269 0.0000000000
1512  -19.655  -89.717  11.324 0.0000000000
1159  -19.808  -90.569  9.830 0.0000000000
826  -20.904  -91.196  9.256 0.0000000000
1150  -20.692  -90.244  10.283 0.0000000000
806  -21.447  -90.780  10.580 0.0000000000
807  -22.025  -91.614  11.428 0.0000000000
484  -24.156  -92.659  14.658 0.0000000000
282  -24.166  -92.830  13.958 0.0000000000
293  -24.694  -92.905  13.855 0.0000000000
116653  -25.285  -92.777  12.809 0.0000000000
112174  -25.297  -91.883  10.788 0.0000000000
1141  -25.704  -91.379  10.081 0.0000000000
800  -26.104  -91.445  11.816 0.0000000000
1130  -26.189  -90.307  11.479 0.0000000000
1498  -25.934  -88.952  11.727 0.0000000000
1424  -27.577  -89.930  21.057 0.0000000000
1434  -27.926  -90.411  20.164 0.0000000000
19193  -7.374  -65.381  12.817 0.0000000000
21024  -7.702  -63.570  12.533 0.0000000000
21039  -8.037  -63.118  11.833 0.0000000000
20152  -8.129  -64.243  12.100 0.0000000000
20171  -8.713  -64.028  10.785 0.0000000000
20178  -8.780  -64.079  9.643 0.0000000000
18346  -11.179  -66.771  8.409 0.0000000000
18345  -10.491  -65.970  8.216 0.0000000000
19270  -10.665  -66.071  6.785 0.0000000000
118062  -10.594  -65.883  5.791 0.0000000000
19299  -10.429  -64.904  4.612 0.0000000000
21153  -11.096  -63.857  4.281 0.0000000000
20233  -11.079  -64.556  3.883 0.0000000000
20247  -11.645  -65.135  3.622 0.0000000000
20248  -12.416  -64.955  3.179 0.0000000000
2074  -22.016  -88.929  -1.264 0.0000000000
2073  -21.461  -88.997  -2.100 0.0000000000
2082  -21.999  -88.625  -2.515 0.0000000000
2584  -22.243  -87.745  -3.571 0.0000000000
3100  -22.457  -86.691  -4.978 0.0000000000
115074  -23.218  -81.867  -6.799 0.0000000000
5454  -22.971  -82.838  -6.791 0.0000000000
6143  -22.130  -81.222  -7.675 0.0000000000
6808  -21.349  -80.649  -6.737 0.0000000000
7456  -20.700  -80.043  -5.308 0.0000000000
114474  -21.167  -79.204  -6.283 0.0000000000
131721  -20.900  -77.817  -5.698 0.0000000000
9611  -20.827  -76.465  -5.385 0.0000000000
112638  -42.450  -79.727  -0.429 0.0000000000
7422  -41.549  -79.757  -1.584 0.0000000000
7406  -41.013  -79.534  -0.803 0.0000000000
6742  -39.396  -79.801  -1.279 0.0000000000
118897  -38.465  -80.129  -1.320 0.0000000000
114889  -35.116  -81.706  0.566 0.0000000000
6063  -35.285  -81.846  -0.325 0.0000000000
5373  -33.823  -82.153  0.271 0.0000000000
5385  -32.380  -82.461  -0.441 0.0000000000
5396  -32.027  -82.971  -1.099 0.0000000000
6086  -31.109  -82.252  -1.976 0.0000000000
113555  -31.591  -81.322  -1.837 0.0000000000
6768  -32.400  -80.492  -2.096 0.0000000000
7441  -33.593  -79.719  -3.041 0.0000000000
30857  -30.462  -52.750  25.356 0.0000000000
122924  -30.590  -51.888  26.705 0.0000000000
30838  -30.170  -51.577  25.580 0.0000000000
31713  -29.550  -51.366  25.532 0.0000000000
32652  -28.723  -52.730  24.475 0.0000000000
32653  -28.601  -52.616  24.062 0.0000000000
32671  -28.943  -51.656  23.325 0.0000000000
131741  -29.092  -50.901  22.289 0.0000000000
33610  -29.160  -50.721  21.688 0.0000000000
32697  -29.407  -51.056  21.632 0.0000000000
31792  -29.330  -51.889  20.185 0.0000000000
31804  -29.293  -52.056  19.145 0.0000000000
374  -19.567  -92.459  29.898 0.0000000000
380  -22.107  -92.225  27.566 0.0000000000
14551  -8.900  -69.445  -0.937 0.0000000000
886  -24.209  -90.554  -0.746 0.0000000000
1236  -23.962  -90.343  -0.542 0.0000000000
110499  -26.466  -86.070  -1.975 0.0000000000
2576  -26.048  -86.989  -1.750 0.0000000000
3079  -26.555  -86.440  -1.215 0.0000000000
3625  -27.120  -85.587  -0.224 0.0000000000
128003  -26.771  -85.011  0.729 0.0000000000
4725  -25.779  -84.186  0.704 0.0000000000
4119  -26.726  -84.320  1.061 0.0000000000
5361  -26.989  -82.779  1.482 0.0000000000
123932  -27.132  -82.028  1.521 0.0000000000
6129  -35.956  -81.570  -6.538 0.0000000000
5459  -34.400  -81.874  -7.074 0.0000000000
5465  -28.840  -82.795  -6.991 0.0000000000
4805  -29.262  -83.590  -7.276 0.0000000000
4804  -28.797  -83.230  -7.190 0.0000000000
125149  -28.375  -83.244  -8.368 0.0000000000
4824  -28.872  -83.834  -8.555 0.0000000000
4831  -28.633  -83.919  -8.629 0.0000000000
121215  -27.531  -82.957  -9.251 0.0000000000
117103  -27.000  -82.916  -9.608 0.0000000000
6154  -26.070  -81.590  -9.829 0.0000000000
112784  -29.180  -77.441  -6.369 0.0000000000
8185  -28.612  -78.009  -6.499 0.0000000000
7469  -27.394  -79.420  -7.154 0.0000000000
7470  -28.064  -78.809  -6.557 0.0000000000
7459  -27.647  -79.814  -5.867 0.0000000000
6805  -26.979  -80.718  -5.568 0.0000000000
6124  -26.465  -81.522  -5.309 0.0000000000
6795  -27.501  -80.341  -4.815 0.0000000000
6781  -28.025  -80.155  -3.551 0.0000000000
7439  -28.499  -79.694  -3.249 0.0000000000
35540  -22.621  -47.626  16.102 0.0000000000
34652  -17.599  -48.435  14.040 0.0000000000
21803  -22.307  -62.256  22.947 0.0000000000
21842  -22.264  -61.204  20.653 0.0000000000
23667  -23.404  -59.300  19.050 0.0000000000
22758  -22.330  -59.937  18.862 0.0000000000
22769  -21.883  -60.503  18.213 0.0000000000
21886  -22.543  -61.806  17.240 0.0000000000
131927  -19.395  -64.396  23.702 0.0000000000
20057  -17.413  -63.884  18.280 0.0000000000
20035  -18.117  -63.986  19.080 0.0000000000
20963  -18.694  -62.759  17.178 0.0000000000
20964  -19.556  -62.714  16.673 0.0000000000
20989  -20.326  -62.880  16.437 0.0000000000
20105  -20.402  -63.844  16.239 0.0000000000
19053  -10.705  -65.100  24.024 0.0000000000
118347  -8.744  -65.816  21.931 0.0000000000
19076  -9.352  -65.151  21.280 0.0000000000
19993  -9.775  -64.338  20.754 0.0000000000
20885  -10.435  -63.062  20.930 0.0000000000
20870  -10.806  -62.713  21.542 0.0000000000
20904  -10.159  -63.071  20.146 0.0000000000
20919  -10.018  -63.190  19.420 0.0000000000
111629  -9.887  -63.727  18.591 0.0000000000
20957  -10.505  -63.615  17.749 0.0000000000
19110  -9.689  -65.153  17.955 0.0000000000
18204  -10.768  -66.448  18.048 0.0000000000
4357  -13.594  -83.696  30.107 0.0000000000
4972  -13.377  -83.132  31.599 0.0000000000
4984  -13.793  -82.972  30.803 0.0000000000
5655  -14.011  -82.002  30.471 0.0000000000
6364  -13.506  -81.087  30.251 0.0000000000
6372  -12.842  -80.415  29.877 0.0000000000
6373  -13.728  -80.562  29.567 0.0000000000
6381  -15.400  -80.602  28.682 0.0000000000
112941  -15.698  -79.611  28.502 0.0000000000
7752  -16.972  -79.165  28.288 0.0000000000
6392  -16.800  -80.468  27.564 0.0000000000
6406  -15.889  -80.691  26.662 0.0000000000
6416  -14.388  -80.319  26.116 0.0000000000
4410  -9.303  -82.826  23.949 0.0000000000
6420  -8.414  -80.701  24.958 0.0000000000
5055  -10.032  -81.905  23.346 0.0000000000
5728  -9.749  -81.544  23.032 0.0000000000
5742  -9.693  -81.529  22.290 0.0000000000
5084  -11.293  -82.637  21.541 0.0000000000
3892  -12.048  -83.874  20.730 0.0000000000
3356  -11.353  -85.576  19.715 0.0000000000
127722  -16.682  -92.492  22.774 0.0000000000
408  -15.773  -92.499  23.224 0.0000000000
231  -16.855  -93.011  22.360 0.0000000000
235  -16.609  -93.203  22.032 0.0000000000
128538  -16.654  -93.227  20.906 0.0000000000
275  -17.907  -94.271  16.014 0.0000000000
470  -17.779  -92.770  17.204 0.0000000000
125061  -17.256  -92.932  16.531 0.0000000000
761  -16.632  -91.509  16.428 0.0000000000
1091  -15.914  -90.089  16.582 0.0000000000
1461  -14.217  -89.359  16.838 0.0000000000
1090  -14.972  -89.689  15.996 0.0000000000
688  -24.100  -91.859  24.261 0.0000000000
422  -24.215  -92.917  22.257 0.0000000000
130387  -24.372  -91.369  22.772 0.0000000000
709  -24.526  -91.340  22.100 0.0000000000
130765  -25.042  -90.803  20.857 0.0000000000
2359  -25.227  -87.950  18.993 0.0000000000
2873  -25.347  -86.949  18.084 0.0000000000
2382  -26.018  -87.273  16.814 0.0000000000
126965  -26.461  -87.885  15.694 0.0000000000
1901  -26.552  -87.830  14.974 0.0000000000
2400  -26.154  -87.041  14.450 0.0000000000
2921  -25.905  -86.479  13.553 0.0000000000
2924  -26.142  -86.087  12.802 0.0000000000
3362  -27.578  -85.396  19.235 0.0000000000
3905  -27.073  -84.375  19.222 0.0000000000
3927  -27.256  -83.767  17.837 0.0000000000
4476  -26.879  -83.137  17.439 0.0000000000
5140  -26.504  -82.393  16.359 0.0000000000
5907  -30.559  -81.158  10.770 0.0000000000
5895  -30.031  -80.850  11.545 0.0000000000
5906  -29.841  -81.524  11.094 0.0000000000
128557  -30.237  -82.371  10.553 0.0000000000
4574  -29.706  -83.431  10.675 0.0000000000
4006  -29.251  -84.315  10.839 0.0000000000
4576  -31.238  -83.779  10.021 0.0000000000
4021  -31.573  -84.604  9.930 0.0000000000
4022  -33.332  -84.719  9.630 0.0000000000
2967  -33.533  -85.484  9.868 0.0000000000
4023  -34.763  -84.321  9.288 0.0000000000
4024  -35.598  -84.453  9.462 0.0000000000
114596  -37.193  -83.915  9.143 0.0000000000
5969  -40.212  -80.984  6.564 0.0000000000
5955  -39.733  -81.394  6.772 0.0000000000
5956  -40.577  -81.456  6.730 0.0000000000
5958  -42.534  -81.321  6.579 0.0000000000
117890  -44.687  -81.127  3.667 0.0000000000
6667  -45.449  -80.176  4.501 0.0000000000
7321  -45.623  -79.543  4.969 0.0000000000
120451  -45.621  -78.930  5.134 0.0000000000
7992  -43.510  -78.734  9.457 0.0000000000
8712  -43.389  -77.599  8.227 0.0000000000
9459  -42.905  -77.054  7.522 0.0000000000
9471  -42.329  -76.729  6.435 0.0000000000
9486  -42.071  -76.760  5.840 0.0000000000
9470  -41.774  -76.545  6.291 0.0000000000
22719  -24.233  -59.009  22.529 0.0000000000
23639  -24.670  -60.013  23.181 0.0000000000
22720  -24.902  -60.790  22.740 0.0000000000
22721  -25.470  -61.514  22.572 0.0000000000
21825  -27.877  -62.378  21.421 0.0000000000
21814  -28.918  -62.693  22.116 0.0000000000
21827  -29.485  -62.197  21.816 0.0000000000
22734  -30.061  -61.403  21.541 0.0000000000
23659  -30.645  -60.727  21.203 0.0000000000
22751  -30.666  -61.530  21.236 0.0000000000
25403  -15.726  -59.124  17.450 0.0000000000
25404  -16.310  -59.034  17.943 0.0000000000
25417  -16.186  -58.615  17.055 0.0000000000
127881  -16.869  -58.080  17.319 0.0000000000
26289  -17.328  -56.916  14.724 0.0000000000
124653  -17.003  -57.039  15.364 0.0000000000
25444  -16.905  -57.541  14.640 0.0000000000
25461  -16.907  -57.868  13.826 0.0000000000
23809  -9.549  -60.697  10.633 0.0000000000
23797  -9.993  -60.436  11.467 0.0000000000
22876  -10.611  -61.151  10.906 0.0000000000
22877  -11.681  -61.549  11.208 0.0000000000
22878  -12.629  -61.548  11.431 0.0000000000
22910  -17.330  -61.637  9.723 0.0000000000
23817  -17.635  -60.813  9.477 0.0000000000
24689  -17.582  -59.644  10.602 0.0000000000
25508  -17.102  -58.871  10.921 0.0000000000
24687  -15.239  -59.155  10.108 0.0000000000
24685  -13.214  -58.692  10.471 0.0000000000
116748  -18.808  -86.620  -1.794 0.0000000000
3077  -18.099  -86.334  -1.206 0.0000000000
3633  -18.507  -85.788  -1.979 0.0000000000
7464  -17.103  -79.119  -5.683 0.0000000000
13656  -16.741  -71.100  -3.959 0.0000000000
14620  -15.775  -71.222  -4.837 0.0000000000
14587  -15.447  -70.635  -4.006 0.0000000000
15579  -14.162  -70.270  -3.574 0.0000000000
15559  -13.179  -69.120  -3.046 0.0000000000
16510  -12.017  -68.676  -2.296 0.0000000000
14553  -13.343  -70.354  -1.752 0.0000000000
14537  -13.001  -70.879  -1.027 0.0000000000
13614  -12.121  -71.701  0.182 0.0000000000
17509  -20.377  -67.393  0.432 0.0000000000
16475  -18.840  -67.995  -0.238 0.0000000000
16493  -18.922  -68.229  -0.955 0.0000000000
15515  -18.901  -68.677  -0.248 0.0000000000
14522  -20.352  -70.426  0.590 0.0000000000
14508  -21.028  -71.077  1.454 0.0000000000
13607  -21.636  -71.645  2.164 0.0000000000
13605  -19.396  -71.263  2.004 0.0000000000
13588  -18.933  -71.739  2.277 0.0000000000
13587  -17.744  -71.493  2.286 0.0000000000
13531  -18.790  -72.387  5.569 0.0000000000
12589  -17.690  -72.255  5.090 0.0000000000
11729  -17.187  -73.647  5.722 0.0000000000
11728  -16.200  -74.089  5.559 0.0000000000
10972  -14.630  -74.552  4.325 0.0000000000
10979  -13.286  -75.019  4.026 0.0000000000
10962  -14.354  -74.586  5.618 0.0000000000
11726  -13.424  -74.087  5.860 0.0000000000
133392  -13.387  -73.574  6.133 0.0000000000
13530  -13.419  -71.680  6.349 0.0000000000
119325  -14.211  -72.117  6.708 0.0000000000
115926  -15.690  -71.049  6.921 0.0000000000
15412  -15.866  -69.769  6.642 0.0000000000
18423  -19.179  -65.893  3.929 0.0000000000
18402  -18.331  -66.266  4.502 0.0000000000
18422  -18.360  -65.939  3.452 0.0000000000
18455  -16.684  -66.278  1.000 0.0000000000
18466  -15.821  -66.231  0.971 0.0000000000
19366  -17.245  -65.284  -0.043 0.0000000000
26173  -22.976  -57.203  25.115 0.0000000000
25345  -26.204  -58.585  24.714 0.0000000000
12356  -8.598  -73.005  25.868 0.0000000000
11540  -8.658  -73.268  26.115 0.0000000000
10715  -10.065  -74.949  24.673 0.0000000000
9973  -10.159  -75.168  24.063 0.0000000000
10004  -11.091  -75.536  23.183 0.0000000000
10014  -11.887  -75.284  22.325 0.0000000000
10005  -12.264  -75.481  23.153 0.0000000000
117626  -13.979  -74.848  22.564 0.0000000000
10734  -15.165  -74.635  22.903 0.0000000000
10717  -15.000  -74.959  24.915 0.0000000000
10727  -15.966  -74.577  23.709 0.0000000000
112885  -16.163  -74.561  23.000 0.0000000000
9242  -16.943  -75.554  22.794 0.0000000000
9225  -16.292  -76.656  22.941 0.0000000000
8519  -15.811  -77.172  23.619 0.0000000000
1770  -19.002  -88.543  27.044 0.0000000000
1760  -17.881  -88.668  27.916 0.0000000000
1356  -18.677  -89.585  26.710 0.0000000000
996  -18.079  -90.249  25.897 0.0000000000
1375  -18.316  -90.041  25.198 0.0000000000
1388  -19.476  -90.414  24.411 0.0000000000
1387  -18.859  -89.829  24.531 0.0000000000
1810  -18.395  -88.270  24.691 0.0000000000
2298  -19.048  -87.447  24.226 0.0000000000
2306  -19.426  -86.538  23.690 0.0000000000
2823  -19.767  -85.676  22.175 0.0000000000
3336  -19.441  -85.659  21.705 0.0000000000
3337  -20.176  -85.624  21.393 0.0000000000
3359  -20.751  -85.603  19.775 0.0000000000
2870  -21.096  -85.835  18.634 0.0000000000
2357  -21.782  -87.012  19.511 0.0000000000
2367  -21.896  -87.040  18.479 0.0000000000
115791  -21.289  -86.423  16.843 0.0000000000
2890  -21.821  -86.810  16.085 0.0000000000
2390  -22.182  -87.117  15.333 0.0000000000
1909  -22.400  -88.188  14.151 0.0000000000
1481  -22.298  -88.947  13.535 0.0000000000
1475  -22.623  -89.085  14.395 0.0000000000
1476  -22.938  -89.560  15.027 0.0000000000
1100  -23.330  -90.674  15.227 0.0000000000
1084  -23.154  -90.474  17.312 0.0000000000
114728  -23.552  -91.220  15.984 0.0000000000
771  -23.799  -91.981  15.769 0.0000000000
479  -24.706  -92.856  15.708 0.0000000000
270  -25.012  -92.948  15.984 0.0000000000
272  -26.022  -92.672  16.253 0.0000000000
117955  -7.366  -67.759  5.493 0.0000000000
126626  -7.455  -67.602  6.186 0.0000000000
17366  -7.152  -67.442  7.699 0.0000000000
18344  -7.627  -66.943  8.581 0.0000000000
131290  -7.646  -66.903  9.315 0.0000000000
17321  -8.847  -67.597  11.226 0.0000000000
18313  -9.653  -67.010  11.812 0.0000000000
16283  -9.599  -68.209  11.440 0.0000000000
17322  -10.279  -68.260  11.236 0.0000000000
126785  -10.848  -68.574  10.424 0.0000000000
15366  -10.647  -70.280  8.967 0.0000000000
16301  -11.419  -69.222  10.019 0.0000000000
17360  -11.631  -67.761  8.949 0.0000000000
17370  -11.880  -67.473  8.105 0.0000000000
17371  -12.754  -67.812  8.057 0.0000000000
17382  -12.792  -67.588  6.992 0.0000000000
4153  -24.322  -84.434  -2.154 0.0000000000
110116  -24.107  -84.937  -2.864 0.0000000000
113512  -24.207  -84.040  -2.972 0.0000000000
4768  -23.773  -83.243  -4.071 0.0000000000
5437  -23.665  -82.603  -4.715 0.0000000000
6097  -24.146  -80.923  -3.152 0.0000000000
6112  -23.845  -81.668  -4.742 0.0000000000
6123  -23.741  -81.446  -5.877 0.0000000000
8194  -23.737  -78.880  -7.472 0.0000000000
7371  -40.760  -79.483  1.603 0.0000000000
133401  -39.418  -79.562  0.906 0.0000000000
7370  -39.104  -79.538  1.382 0.0000000000
128795  -37.750  -80.183  0.941 0.0000000000
6038  -36.185  -81.132  1.023 0.0000000000
7348  -37.104  -80.125  2.213 0.0000000000
6712  -36.564  -80.662  1.668 0.0000000000
133024  -35.563  -81.431  1.039 0.0000000000
6036  -34.021  -81.579  1.477 0.0000000000
6034  -32.353  -81.459  1.071 0.0000000000
7384  -31.939  -80.413  0.259 0.0000000000
117923  -27.242  -54.002  27.359 0.0000000000
113051  -28.229  -53.926  28.041 0.0000000000
29916  -30.048  -53.432  27.278 0.0000000000
29022  -29.548  -54.220  22.340 0.0000000000
29930  -30.723  -53.361  24.760 0.0000000000
29940  -29.147  -53.382  23.073 0.0000000000
30887  -29.521  -53.015  21.395 0.0000000000
128708  -29.558  -53.213  20.327 0.0000000000
29958  -29.858  -54.327  19.168 0.0000000000
28124  -30.981  -55.123  16.732 0.0000000000
27180  -32.281  -56.081  16.584 0.0000000000
113299  -32.305  -56.483  15.312 0.0000000000
1243  -24.535  -89.646  -3.326 0.0000000000
2090  -24.191  -89.095  -3.698 0.0000000000
2091  -24.515  -88.380  -3.384 0.0000000000
2594  -24.713  -87.487  -4.869 0.0000000000
3092  -25.551  -86.742  -3.522 0.0000000000
3084  -26.043  -86.463  -2.722 0.0000000000
4154  -26.711  -84.733  -2.453 0.0000000000
4155  -26.894  -84.056  -1.976 0.0000000000
119434  -32.288  -83.720  -3.651 0.0000000000
5440  -33.432  -82.659  -4.758 0.0000000000
4785  -31.574  -83.830  -4.099 0.0000000000
4783  -30.195  -83.491  -4.758 0.0000000000
4782  -29.737  -83.260  -5.542 0.0000000000
6127  -30.533  -81.519  -5.481 0.0000000000
6139  -29.884  -81.700  -6.359 0.0000000000
6138  -29.203  -82.123  -6.903 0.0000000000
6825  -29.656  -80.806  -8.519 0.0000000000
6824  -29.166  -80.459  -9.095 0.0000000000
32761  -20.088  -50.508  15.536 0.0000000000
33668  -20.444  -49.610  15.177 0.0000000000
133434  -19.311  -50.975  15.472 0.0000000000
33667  -19.225  -50.254  14.875 0.0000000000
33666  -17.863  -50.100  14.701 0.0000000000
31826  -17.361  -51.718  15.380 0.0000000000
32759  -17.305  -50.667  14.848 0.0000000000
33677  -17.141  -49.180  14.460 0.0000000000
33676  -16.150  -49.113  14.528 0.0000000000
33674  -15.173  -49.095  14.109 0.0000000000
115036  -21.577  -63.750  22.520 0.0000000000
20875  -21.753  -63.619  21.751 0.0000000000
19951  -17.491  -64.400  24.725 0.0000000000
19968  -17.628  -64.182  23.902 0.0000000000
20874  -17.222  -63.999  22.367 0.0000000000
19996  -17.121  -64.245  20.814 0.0000000000
20907  -16.343  -63.935  20.824 0.0000000000
20014  -16.727  -64.357  19.946 0.0000000000
20033  -16.755  -64.400  18.965 0.0000000000
20076  -17.106  -63.752  17.036 0.0000000000
20102  -16.909  -63.810  16.031 0.0000000000
19173  -17.862  -64.523  15.666 0.0000000000
19128  -17.894  -65.951  16.008 0.0000000000
129609  -17.448  -65.585  15.715 0.0000000000
18253  -17.261  -66.159  16.094 0.0000000000
18252  -16.403  -66.203  16.044 0.0000000000
19169  -15.019  -64.881  15.664 0.0000000000
18251  -15.517  -66.081  15.987 0.0000000000
18229  -15.895  -66.396  17.058 0.0000000000
16131  -11.963  -68.404  23.374 0.0000000000
16144  -10.932  -68.237  22.995 0.0000000000
17136  -8.858  -67.482  23.031 0.0000000000
123758  -8.318  -66.882  22.760 0.0000000000
15154  -6.903  -69.211  21.779 0.0000000000
115269  -7.207  -67.801  22.592 0.0000000000
17134  -7.699  -66.884  22.265 0.0000000000
18166  -7.743  -66.636  21.396 0.0000000000
18179  -8.026  -66.526  20.745 0.0000000000
17175  -8.272  -67.178  20.035 0.0000000000
110999  -9.017  -67.513  19.785 0.0000000000
3213  -11.931  -85.435  34.244 0.0000000000
3225  -12.122  -85.607  32.457 0.0000000000
3801  -12.255  -85.173  31.634 0.0000000000
3815  -9.228  -84.461  30.720 0.0000000000
127780  -10.877  -83.856  30.437 0.0000000000
3832  -12.182  -84.279  30.165 0.0000000000
4372  -12.588  -83.872  29.509 0.0000000000
5013  -12.386  -82.745  28.514 0.0000000000
5027  -12.756  -82.173  27.816 0.0000000000
5704  -12.554  -81.366  26.996 0.0000000000
5687  -10.410  -81.216  27.579 0.0000000000
5685  -8.675  -81.399  26.751 0.0000000000
5040  -8.365  -81.686  26.150 0.0000000000
3857  -9.309  -84.152  26.095 0.0000000000
4403  -8.811  -83.444  25.643 0.0000000000
4406  -8.814  -83.346  24.736 0.0000000000
3305  -9.758  -84.831  22.912 0.0000000000
124315  -10.498  -85.650  22.358 0.0000000000
2834  -12.953  -86.785  21.484 0.0000000000
257  -21.386  -93.739  18.215 0.0000000000
119137  -20.826  -93.992  19.320 0.0000000000
263  -21.395  -94.125  17.739 0.0000000000
144  -20.926  -94.545  16.650 0.0000000000
113337  -20.185  -94.660  16.293 0.0000000000
58  -21.358  -95.082  14.418 0.0000000000
53  -20.152  -95.330  15.109 0.0000000000
148  -19.528  -94.948  15.739 0.0000000000
315  -27.139  -93.878  11.969 0.0000000000
159  -27.835  -94.210  12.374 0.0000000000
295  -28.819  -93.167  13.370 0.0000000000
287  -29.864  -92.530  13.511 0.0000000000
498  -30.606  -92.180  13.684 0.0000000000
124461  -30.921  -91.357  14.064 0.0000000000
779  -31.296  -91.679  13.958 0.0000000000
4515  -29.557  -83.372  14.302 0.0000000000
4514  -28.735  -82.799  14.654 0.0000000000
4525  -29.963  -82.524  13.743 0.0000000000
5176  -29.920  -81.384  13.241 0.0000000000
5881  -30.424  -80.756  12.306 0.0000000000
5896  -32.115  -80.816  11.516 0.0000000000
124812  -31.695  -80.555  10.812 0.0000000000
6583  -31.911  -80.644  10.276 0.0000000000
5927  -32.740  -81.087  9.285 0.0000000000
5255  -33.889  -81.773  8.293 0.0000000000
5257  -35.220  -82.612  7.949 0.0000000000
5950  -34.914  -81.233  7.696 0.0000000000
5952  -36.423  -81.128  7.322 0.0000000000
5966  -37.769  -80.894  7.071 0.0000000000
6596  -36.716  -80.629  8.512 0.0000000000
6614  -38.297  -80.472  7.721 0.0000000000
6629  -38.858  -80.487  7.032 0.0000000000
6630  -39.923  -80.229  7.014 0.0000000000
6631  -41.498  -79.996  7.202 0.0000000000
6632  -42.395  -80.070  7.346 0.0000000000
129143  -43.958  -79.842  7.063 0.0000000000
6633  -43.632  -80.123  7.634 0.0000000000
6619  -44.229  -80.405  8.863 0.0000000000
6603  -44.271  -80.414  9.671 0.0000000000
123151  -42.684  -81.754  10.132 0.0000000000
131535  -43.425  -81.285  10.720 0.0000000000
6589  -43.719  -80.313  10.322 0.0000000000
7276  -43.290  -79.420  10.123 0.0000000000
7275  -42.298  -79.183  10.208 0.0000000000
7274  -41.304  -79.039  10.235 0.0000000000
21843  -24.548  -61.981  20.381 0.0000000000
21844  -24.924  -62.939  20.816 0.0000000000
21862  -25.702  -63.691  20.585 0.0000000000
25415  -14.602  -59.233  16.761 0.0000000000
25429  -14.667  -58.828  16.026 0.0000000000
24612  -14.910  -59.325  14.620 0.0000000000
21997  -12.401  -62.764  8.526 0.0000000000
21980  -12.769  -62.605  9.354 0.0000000000
21998  -13.506  -62.963  8.734 0.0000000000
21068  -14.458  -63.274  8.506 0.0000000000
22000  -16.223  -63.030  8.825 0.0000000000
21090  -16.738  -63.634  7.427 0.0000000000
21071  -17.330  -63.279  7.941 0.0000000000
5435  -19.258  -83.274  -4.219 0.0000000000
4777  -18.751  -83.162  -4.422 0.0000000000
5419  -19.317  -82.696  -3.449 0.0000000000
6110  -18.539  -81.702  -4.172 0.0000000000
6790  -17.736  -80.316  -4.760 0.0000000000
7425  -17.553  -79.989  -2.281 0.0000000000
7436  -17.270  -79.398  -2.978 0.0000000000
7446  -17.524  -79.589  -4.903 0.0000000000
8167  -17.127  -78.369  -5.400 0.0000000000
112548  -16.920  -76.900  -5.850 0.0000000000
9620  -16.981  -76.185  -6.202 0.0000000000
11112  -16.200  -74.763  -6.209 0.0000000000
11114  -17.280  -74.701  -6.035 0.0000000000
11102  -17.401  -74.005  -5.674 0.0000000000
11883  -17.591  -73.137  -4.867 0.0000000000
11073  -18.352  -74.247  -3.538 0.0000000000
11863  -18.121  -73.323  -3.951 0.0000000000
12717  -17.483  -72.239  -4.535 0.0000000000
13657  -17.313  -71.540  -3.537 0.0000000000
131646  -17.052  -71.915  -2.141 0.0000000000
12667  -16.027  -72.571  -1.562 0.0000000000
16432  -24.644  -68.177  2.160 0.0000000000
16431  -23.805  -68.531  2.322 0.0000000000
16429  -22.182  -68.815  2.870 0.0000000000
16404  -20.284  -68.647  2.610 0.0000000000
15448  -19.345  -68.974  2.996 0.0000000000
15449  -20.435  -69.406  3.556 0.0000000000
128072  -20.153  -69.985  4.224 0.0000000000
14479  -20.542  -70.683  4.958 0.0000000000
13514  -22.527  -71.030  5.932 0.0000000000
13534  -21.695  -71.276  6.326 0.0000000000
130400  -20.278  -71.924  5.934 0.0000000000
13511  -20.160  -72.009  6.396 0.0000000000
13500  -19.600  -72.261  6.915 0.0000000000
14416  -18.672  -71.332  7.472 0.0000000000
14442  -18.196  -70.218  7.166 0.0000000000
131049  -19.442  -69.780  7.548 0.0000000000
123625  -19.138  -68.220  7.023 0.0000000000
120512  -19.189  -67.210  6.431 0.0000000000
17388  -21.513  -67.712  6.421 0.0000000000
116111  -24.150  -53.910  25.632 0.0000000000
28983  -23.743  -54.599  25.607 0.0000000000
28984  -24.593  -54.560  25.620 0.0000000000
29003  -27.947  -54.998  27.348 0.0000000000
28070  -28.996  -55.646  22.888 0.0000000000
120988  -28.649  -56.276  23.550 0.0000000000
27111  -28.964  -56.467  22.735 0.0000000000
120987  -29.547  -56.418  21.173 0.0000000000
26229  -30.190  -57.346  19.613 0.0000000000
26230  -30.800  -57.968  18.978 0.0000000000
25400  -32.498  -58.357  18.826 0.0000000000
34625  -27.700  -49.106  19.249 0.0000000000
32763  -26.707  -50.687  14.948 0.0000000000
33672  -26.846  -50.099  15.679 0.0000000000
133074  -26.989  -49.178  16.654 0.0000000000
115862  -26.532  -48.018  17.029 0.0000000000
34655  -23.176  -48.132  14.851 0.0000000000
35541  -23.007  -47.541  15.909 0.0000000000
34638  -22.204  -48.656  16.645 0.0000000000
33657  -21.584  -49.756  16.569 0.0000000000
32751  -20.648  -50.692  16.321 0.0000000000
129069  -18.497  -52.283  15.594 0.0000000000
29993  -18.844  -52.620  15.408 0.0000000000
30006  -18.384  -53.164  14.833 0.0000000000
29112  -16.372  -54.637  13.513 0.0000000000
20849  -15.540  -63.541  24.161 0.0000000000
20859  -15.022  -63.091  23.434 0.0000000000
21801  -14.169  -62.830  23.117 0.0000000000
17117  -11.207  -67.124  24.745 0.0000000000
17118  -12.325  -67.527  24.740 0.0000000000
15105  -7.788  -69.299  26.902 0.0000000000
15107  -9.205  -69.654  26.216 0.0000000000
15115  -10.204  -69.184  26.038 0.0000000000
13219  -11.564  -71.239  25.672 0.0000000000
15109  -11.809  -70.204  26.242 0.0000000000
15116  -11.501  -69.519  26.143 0.0000000000
16114  -12.086  -68.924  25.634 0.0000000000
16118  -12.785  -68.990  24.918 0.0000000000
128292  -12.635  -68.509  23.885 0.0000000000
114785  -9.850  -69.282  23.570 0.0000000000
15134  -8.001  -69.616  23.694 0.0000000000
14172  -7.491  -70.108  23.335 0.0000000000
13252  -7.843  -72.012  22.781 0.0000000000
13251  -7.420  -71.468  22.594 0.0000000000
13265  -7.274  -71.704  21.641 0.0000000000
12379  -7.421  -72.658  20.085 0.0000000000
11579  -7.481  -73.359  18.753 0.0000000000
118507  -8.038  -73.370  16.417 0.0000000000
10816  -9.400  -74.338  16.672 0.0000000000
125826  -10.924  -74.440  18.094 0.0000000000
118222  -12.046  -74.382  17.003 0.0000000000
10821  -14.640  -74.715  16.353 0.0000000000
9319  -14.862  -75.917  16.425 0.0000000000
9317  -13.639  -76.587  16.464 0.0000000000
10745  -12.564  -74.958  21.769 0.0000000000
10758  -13.654  -74.547  20.186 0.0000000000
114798  -14.613  -74.435  19.752 0.0000000000
10022  -16.229  -74.967  20.299 0.0000000000
129986  -15.834  -74.710  19.784 0.0000000000
10043  -15.608  -74.745  18.923 0.0000000000
9291  -15.431  -75.904  18.295 0.0000000000
9306  -13.573  -76.700  17.415 0.0000000000
9304  -11.774  -76.712  17.271 0.0000000000
9303  -10.511  -76.504  17.472 0.0000000000
113007  -8.874  -76.591  17.879 0.0000000000
8589  -9.824  -77.043  19.761 0.0000000000
7886  -8.617  -78.156  18.764 0.0000000000
5805  -8.780  -81.486  17.558 0.0000000000
132850  -8.949  -82.070  17.858 0.0000000000
1759  -17.279  -89.166  28.487 0.0000000000
1332  -16.806  -90.050  28.738 0.0000000000
984  -16.234  -90.236  26.848 0.0000000000
650  -15.470  -91.119  28.994 0.0000000000
1364  -12.329  -89.740  26.576 0.0000000000
1363  -11.959  -90.049  26.259 0.0000000000
1371  -11.684  -89.972  25.673 0.0000000000
993  -13.183  -90.522  25.582 0.0000000000
1007  -14.466  -90.906  24.626 0.0000000000
124410  -15.666  -91.319  23.676 0.0000000000
1396  -16.033  -89.568  22.991 0.0000000000
1032  -16.767  -89.983  22.470 0.0000000000
706  -16.799  -91.287  22.762 0.0000000000
715  -18.516  -91.699  21.867 0.0000000000
716  -19.300  -91.853  21.258 0.0000000000
736  -20.437  -91.845  19.558 0.0000000000
2346  -18.897  -86.515  20.807 0.0000000000
2347  -19.301  -86.772  20.147 0.0000000000
1854  -19.286  -87.884  19.929 0.0000000000
1881  -20.046  -87.514  17.524 0.0000000000
1874  -19.877  -88.258  18.321 0.0000000000
1437  -19.835  -89.037  19.060 0.0000000000
1069  -20.069  -90.033  19.068 0.0000000000
1070  -20.392  -91.005  18.702 0.0000000000
745  -20.810  -92.207  18.823 0.0000000000
756  -21.292  -92.348  17.220 0.0000000000
477  -21.505  -92.721  15.111 0.0000000000
483  -21.247  -92.815  14.034 0.0000000000
785  -20.509  -91.571  13.628 0.0000000000
494  -20.651  -92.332  13.142 0.0000000000
290  -21.059  -93.292  13.101 0.0000000000
119199  -20.291  -93.572  10.706 0.0000000000
121919  -20.510  -94.344  9.431 0.0000000000
185  -20.553  -94.041  7.419 0.0000000000
127318  -20.724  -93.565  6.894 0.0000000000
343  -22.119  -93.358  6.994 0.0000000000
537  -21.414  -91.798  8.970 0.0000000000
538  -22.004  -92.869  9.101 0.0000000000
167  -25.017  -95.184  10.918 0.0000000000
168  -25.785  -94.811  11.149 0.0000000000
1129  -22.232  -90.441  12.590 0.0000000000
798  -22.343  -91.438  12.265 0.0000000000
514  -22.662  -92.324  12.023 0.0000000000
495  -23.632  -92.549  13.293 0.0000000000
505  -23.485  -92.761  12.373 0.0000000000
312  -23.334  -93.276  11.443 0.0000000000
176  -24.440  -93.954  10.428 0.0000000000
177  -24.909  -94.460  10.592 0.0000000000
314  -26.508  -94.356  11.419 0.0000000000
518  -27.386  -93.054  11.449 0.0000000000
809  -27.648  -92.081  10.899 0.0000000000
810  -28.056  -91.485  11.805 0.0000000000
1164  -26.783  -90.683  9.507 0.0000000000
819  -27.784  -91.134  10.559 0.0000000000
1142  -28.082  -90.499  11.444 0.0000000000
1500  -29.022  -89.543  12.932 0.0000000000
1927  -29.441  -88.747  12.734 0.0000000000
2410  -29.951  -88.133  12.309 0.0000000000
2309  -26.442  -87.227  23.473 0.0000000000
2325  -27.025  -87.659  21.863 0.0000000000
2350  -27.449  -87.269  20.537 0.0000000000
1858  -27.630  -88.217  20.331 0.0000000000
2360  -27.810  -87.562  19.779 0.0000000000
2862  -27.748  -86.234  19.475 0.0000000000
3370  -27.987  -85.512  18.408 0.0000000000
3382  -28.304  -85.687  17.589 0.0000000000
3402  -28.667  -85.286  16.190 0.0000000000
1885  -28.571  -88.867  17.711 0.0000000000
114573  -29.145  -88.774  16.032 0.0000000000
2384  -28.876  -88.107  16.506 0.0000000000
2893  -28.862  -87.120  16.369 0.0000000000
3403  -29.136  -85.353  15.453 0.0000000000
3949  -29.075  -84.464  15.124 0.0000000000
3958  -30.066  -84.143  14.177 0.0000000000
4526  -30.727  -83.439  13.453 0.0000000000
4528  -32.306  -83.726  12.807 0.0000000000
3984  -33.084  -84.081  12.747 0.0000000000
4542  -33.663  -83.485  12.333 0.0000000000
125113  -37.253  -83.728  11.938 0.0000000000
21906  -7.118  -62.815  15.531 0.0000000000
22814  -7.678  -61.843  15.452 0.0000000000
23722  -8.602  -60.530  15.067 0.0000000000
23734  -7.823  -60.767  13.764 0.0000000000
23753  -7.916  -60.363  12.833 0.0000000000
22874  -8.471  -60.295  11.514 0.0000000000
21962  -7.976  -61.933  11.472 0.0000000000
117933  -8.445  -61.061  10.978 0.0000000000
22875  -8.921  -60.626  10.701 0.0000000000
22888  -9.345  -61.071  9.933 0.0000000000
132074  -10.135  -61.383  9.052 0.0000000000
22919  -10.634  -61.888  8.655 0.0000000000
18324  -9.888  -66.454  11.176 0.0000000000
19234  -9.232  -65.026  9.609 0.0000000000
20180  -8.887  -64.099  8.521 0.0000000000
19254  -9.789  -65.222  7.929 0.0000000000
19243  -9.186  -64.413  7.701 0.0000000000
118724  -8.996  -63.644  7.622 0.0000000000
21085  -9.299  -62.994  7.259 0.0000000000
22017  -10.226  -62.463  7.008 0.0000000000
129471  -10.892  -62.475  7.366 0.0000000000
22018  -11.955  -62.817  7.537 0.0000000000
119652  -12.522  -62.984  6.319 0.0000000000
130162  -13.286  -63.213  5.583 0.0000000000
21132  -11.775  -63.359  4.922 0.0000000000
111081  -12.719  -63.254  4.885 0.0000000000
21134  -14.633  -63.433  5.166 0.0000000000
127889  -15.013  -63.240  4.315 0.0000000000
21157  -16.260  -63.267  4.278 0.0000000000
2064  -19.305  -89.107  -0.648 0.0000000000
2072  -19.734  -88.727  -1.627 0.0000000000
2080  -20.609  -88.676  -2.554 0.0000000000
112043  -20.118  -88.368  -2.462 0.0000000000
2565  -19.625  -87.873  -2.013 0.0000000000
3083  -19.739  -86.728  -3.090 0.0000000000
3647  -20.057  -85.664  -4.120 0.0000000000
4170  -19.950  -84.789  -4.389 0.0000000000
3648  -23.669  -85.377  -3.577 0.0000000000
3655  -22.829  -85.973  -5.438 0.0000000000
3663  -22.374  -85.863  -6.295 0.0000000000
4801  -22.649  -83.825  -7.026 0.0000000000
4185  -22.185  -84.600  -7.312 0.0000000000
124246  -21.546  -85.380  -6.856 0.0000000000
4178  -21.061  -84.936  -6.627 0.0000000000
131388  -20.470  -84.919  -5.088 0.0000000000
4779  -20.410  -84.303  -4.500 0.0000000000
5421  -20.343  -83.305  -3.216 0.0000000000
6095  -20.458  -82.594  -2.726 0.0000000000
112737  -20.389  -80.669  -2.673 0.0000000000
7447  -20.454  -79.774  -4.466 0.0000000000
110977  -20.332  -79.511  -3.350 0.0000000000
7427  -20.311  -79.782  -2.217 0.0000000000
8136  -20.942  -78.447  -1.634 0.0000000000
8844  -21.470  -77.314  -1.813 0.0000000000
130868  -21.904  -76.213  -1.695 0.0000000000
6785  -39.767  -80.575  -3.911 0.0000000000
6757  -41.161  -79.982  -2.327 0.0000000000
6771  -39.152  -80.342  -3.521 0.0000000000
6101  -37.038  -80.887  -4.433 0.0000000000
127964  -36.013  -81.255  -4.302 0.0000000000
5428  -35.022  -81.932  -3.532 0.0000000000
6740  -37.735  -80.437  -0.780 0.0000000000
6753  -37.038  -80.824  -1.136 0.0000000000
5388  -35.721  -81.720  -1.121 0.0000000000
6075  -35.684  -81.644  -1.988 0.0000000000
5411  -34.994  -82.115  -2.436 0.0000000000
116035  -34.289  -82.616  -2.874 0.0000000000
114336  -33.125  -83.295  -3.791 0.0000000000
4773  -31.635  -83.860  -3.104 0.0000000000
4755  -30.756  -83.424  -3.235 0.0000000000
130103  -31.242  -81.499  -3.972 0.0000000000
114964  -31.403  -81.805  -2.712 0.0000000000
124985  -31.682  -81.214  -3.483 0.0000000000
6782  -31.798  -80.850  -4.251 0.0000000000
7461  -32.931  -79.785  -5.185 0.0000000000
7462  -33.462  -79.385  -5.691 0.0000000000
8187  -34.332  -79.087  -6.111 0.0000000000
6678  -32.806  -80.045  2.871 0.0000000000
8084  -32.789  -79.326  2.061 0.0000000000
6693  -32.523  -80.414  2.186 0.0000000000
7367  -32.388  -80.096  1.558 0.0000000000
7385  -32.621  -79.836  0.181 0.0000000000
7402  -33.335  -79.643  -0.749 0.0000000000
29899  -26.524  -53.478  25.616 0.0000000000
30805  -26.087  -52.798  25.286 0.0000000000
31711  -28.221  -53.220  24.697 0.0000000000
34613  -28.244  -49.305  20.889 0.0000000000
111770  -29.191  -50.309  21.059 0.0000000000
113565  -29.220  -49.864  20.286 0.0000000000
33639  -28.456  -50.155  19.605 0.0000000000
31810  -28.803  -51.315  17.414 0.0000000000
132935  -28.791  -52.193  16.271 0.0000000000
30907  -29.558  -52.907  19.186 0.0000000000
29967  -29.737  -53.297  18.080 0.0000000000
29987  -30.016  -53.960  16.293 0.0000000000
30913  -29.536  -52.582  17.415 0.0000000000
30922  -29.329  -52.756  16.427 0.0000000000
117802  -19.935  -88.116  27.798 0.0000000000
1346  -19.920  -89.693  27.310 0.0000000000
977  -19.508  -91.489  26.823 0.0000000000
667  -19.557  -92.063  27.450 0.0000000000
385  -19.768  -91.964  26.293 0.0000000000
401  -20.882  -92.270  25.003 0.0000000000
686  -21.435  -92.476  24.264 0.0000000000
420  -21.805  -92.906  22.753 0.0000000000
421  -22.246  -93.486  22.184 0.0000000000
228  -22.583  -93.652  23.501 0.0000000000
229  -23.067  -93.813  23.816 0.0000000000
409  -23.579  -93.392  23.821 0.0000000000
388  -22.550  -92.427  26.650 0.0000000000
396  -23.360  -92.958  25.230 0.0000000000
687  -23.912  -92.173  25.093 0.0000000000
1389  -23.721  -89.546  24.999 0.0000000000
1357  -22.784  -89.420  27.710 0.0000000000
110487  -23.531  -88.711  25.238 0.0000000000
15464  -7.406  -68.976  2.273 0.0000000000
17471  -8.325  -67.748  2.785 0.0000000000
115548  -9.593  -67.772  2.163 0.0000000000
16426  -10.041  -68.058  2.684 0.0000000000
1607  -21.368  -90.423  0.609 0.0000000000
1608  -22.017  -90.578  0.501 0.0000000000
1616  -21.564  -89.390  -0.273 0.0000000000
122942  -22.288  -88.942  0.027 0.0000000000
2566  -23.207  -87.526  -1.521 0.0000000000
122712  -23.647  -86.565  -1.334 0.0000000000
112744  -24.303  -90.056  -2.442 0.0000000000
1618  -24.010  -89.878  -0.754 0.0000000000
1610  -24.359  -89.317  0.151 0.0000000000
2567  -25.848  -87.746  -0.950 0.0000000000
2066  -25.533  -88.336  -0.232 0.0000000000
2057  -24.291  -88.771  0.390 0.0000000000
3055  -24.063  -87.261  0.206 0.0000000000
3070  -23.937  -86.609  -0.484 0.0000000000
3623  -24.196  -85.850  -1.016 0.0000000000
4144  -24.509  -84.878  -1.287 0.0000000000
4739  -24.555  -83.849  -1.424 0.0000000000
5381  -24.736  -82.285  -0.761 0.0000000000
114319  -25.528  -83.287  0.570 0.0000000000
6734  -24.625  -80.739  -1.011 0.0000000000
7416  -25.460  -79.545  -1.238 0.0000000000
4797  -32.739  -82.795  -5.397 0.0000000000
5448  -32.925  -82.421  -6.437 0.0000000000
5458  -33.580  -82.177  -7.249 0.0000000000
4818  -32.530  -82.912  -8.316 0.0000000000
5467  -34.260  -82.354  -7.830 0.0000000000
129406  -34.516  -82.994  -8.056 0.0000000000
3682  -34.337  -83.938  -7.741 0.0000000000
3681  -33.527  -84.437  -7.789 0.0000000000
3680  -32.687  -84.801  -7.880 0.0000000000
113895  -31.053  -85.327  -8.064 0.0000000000
3678  -30.275  -85.478  -7.996 0.0000000000
4204  -28.348  -84.130  -8.646 0.0000000000
114023  -28.507  -85.167  -8.296 0.0000000000
3127  -28.828  -85.602  -7.947 0.0000000000
3684  -25.868  -85.188  -8.459 0.0000000000
116155  -24.894  -84.987  -8.160 0.0000000000
7492  -34.527  -79.065  -8.368 0.0000000000
7491  -33.462  -79.440  -8.541 0.0000000000
7490  -32.473  -79.644  -8.761 0.0000000000
128521  -32.524  -78.797  -8.900 0.0000000000
7489  -31.714  -79.842  -8.854 0.0000000000
7499  -31.195  -79.411  -8.845 0.0000000000
7498  -30.296  -79.593  -9.014 0.0000000000
7497  -29.312  -79.689  -9.227 0.0000000000
9642  -30.963  -76.712  -8.203 0.0000000000
110225  -30.897  -76.494  -7.145 0.0000000000
9636  -30.389  -76.634  -8.036 0.0000000000
9641  -30.254  -76.894  -8.417 0.0000000000
8911  -29.630  -77.917  -8.903 0.0000000000
8204  -28.804  -78.956  -9.266 0.0000000000
7496  -28.358  -79.513  -9.411 0.0000000000
115113  -27.117  -80.435  -9.715 0.0000000000
6828  -26.407  -80.799  -9.608 0.0000000000
6151  -25.815  -81.236  -9.314 0.0000000000
6819  -26.872  -79.743  -7.817 0.0000000000
118808  -25.826  -81.139  -8.239 0.0000000000
6145  -25.428  -81.892  -8.855 0.0000000000
4813  -25.092  -83.013  -8.402 0.0000000000
122569  -24.935  -83.624  -7.936 0.0000000000
4186  -24.869  -84.968  -7.359 0.0000000000
4792  -25.362  -84.457  -6.296 0.0000000000
4181  -25.885  -84.126  -5.201 0.0000000000
4781  -26.191  -83.479  -4.441 0.0000000000
6098  -26.436  -82.029  -4.517 0.0000000000
5423  -26.430  -82.746  -3.910 0.0000000000
4769  -26.452  -83.703  -3.629 0.0000000000
4770  -26.682  -83.050  -3.170 0.0000000000
4754  -26.876  -83.171  -2.338 0.0000000000
5394  -27.486  -82.497  -0.913 0.0000000000
7430  -28.796  -79.496  -2.552 0.0000000000
121449  -28.380  -80.012  -2.001 0.0000000000
121078  -27.750  -80.683  -1.955 0.0000000000
6073  -27.486  -81.577  -1.312 0.0000000000
130779  -27.588  -81.985  -0.676 0.0000000000
6060  -27.693  -81.686  0.576 0.0000000000
6047  -27.563  -81.095  1.083 0.0000000000
25353  -22.131  -58.527  24.008 0.0000000000
116911  -22.409  -59.172  23.730 0.0000000000
126154  -22.986  -59.122  23.319 0.0000000000
23638  -23.951  -58.601  22.813 0.0000000000
22747  -24.655  -59.480  20.729 0.0000000000
21812  -22.890  -60.215  22.415 0.0000000000
22759  -24.899  -59.857  19.571 0.0000000000
116946  -24.216  -63.663  19.505 0.0000000000
21875  -24.072  -61.206  18.070 0.0000000000
20928  -23.723  -62.787  18.552 0.0000000000
20001  -21.230  -64.179  21.155 0.0000000000
19982  -18.685  -64.348  22.890 0.0000000000
111844  -18.970  -64.398  22.034 0.0000000000
122451  -18.729  -64.227  19.568 0.0000000000
20015  -19.019  -64.454  20.155 0.0000000000
19999  -19.281  -64.502  21.065 0.0000000000
20000  -20.305  -64.495  21.066 0.0000000000
20038  -20.881  -63.500  19.720 0.0000000000
21858  -20.598  -61.815  18.473 0.0000000000
21885  -21.494  -61.698  17.165 0.0000000000
20965  -21.969  -62.765  16.865 0.0000000000
20990  -21.159  -63.309  16.522 0.0000000000
20078  -22.025  -64.047  16.912 0.0000000000
20079  -22.658  -64.350  17.528 0.0000000000
19134  -22.779  -65.068  17.986 0.0000000000
121282  -13.773  -63.277  25.000 0.0000000000
133301  -13.797  -62.821  23.631 0.0000000000
118780  -12.987  -61.981  21.769 0.0000000000
18148  -12.883  -66.465  23.453 0.0000000000
19062  -12.242  -65.325  23.455 0.0000000000
19061  -11.573  -64.678  23.606 0.0000000000
19078  -11.824  -65.302  21.804 0.0000000000
19964  -11.253  -63.731  23.520 0.0000000000
22704  -11.928  -61.767  24.628 0.0000000000
22709  -11.330  -62.379  22.814 0.0000000000
22710  -11.566  -62.045  23.360 0.0000000000
22711  -11.929  -61.752  23.797 0.0000000000
22726  -12.126  -61.692  21.998 0.0000000000
131929  -12.506  -61.768  21.463 0.0000000000
21819  -12.910  -61.925  21.019 0.0000000000
21871  -12.586  -62.817  18.872 0.0000000000
20959  -12.554  -63.586  17.404 0.0000000000
20097  -12.552  -64.527  16.242 0.0000000000
20069  -10.776  -64.350  17.072 0.0000000000
19150  -12.100  -65.251  16.330 0.0000000000
18226  -12.779  -65.914  16.534 0.0000000000
5635  -11.296  -82.039  32.388 0.0000000000
9185  -17.285  -76.129  27.072 0.0000000000
7763  -17.435  -78.775  27.557 0.0000000000
8482  -17.606  -77.418  26.706 0.0000000000
110206  -17.640  -76.694  26.142 0.0000000000
8493  -17.131  -77.328  25.310 0.0000000000
8504  -15.429  -77.570  24.325 0.0000000000
111927  -14.237  -77.565  23.407 0.0000000000
6403  -13.006  -80.790  26.278 0.0000000000
6414  -12.381  -80.135  25.710 0.0000000000
7091  -9.539  -79.578  25.190 0.0000000000
7093  -11.710  -79.520  25.230 0.0000000000
128011  -12.661  -79.381  25.261 0.0000000000
7103  -12.802  -78.612  24.810 0.0000000000
7802  -12.922  -78.049  24.109 0.0000000000
8517  -12.750  -77.740  23.242 0.0000000000
7819  -11.150  -77.791  22.230 0.0000000000
7834  -9.790  -78.406  21.858 0.0000000000
113276  -9.017  -79.203  20.697 0.0000000000
5741  -9.054  -81.321  21.545 0.0000000000
5082  -8.892  -81.496  20.785 0.0000000000
5774  -8.749  -81.265  19.810 0.0000000000
110488  -8.864  -81.880  19.124 0.0000000000
3921  -9.660  -84.303  17.570 0.0000000000
1383  -11.447  -89.556  24.704 0.0000000000
1393  -11.624  -89.386  23.630 0.0000000000
1404  -11.882  -89.209  22.733 0.0000000000
704  -13.807  -91.688  22.938 0.0000000000
1030  -12.733  -90.357  22.696 0.0000000000
1831  -12.093  -89.114  22.076 0.0000000000
1845  -12.169  -88.555  21.784 0.0000000000
1846  -13.434  -88.264  21.223 0.0000000000
2334  -13.543  -87.221  21.150 0.0000000000
127400  -19.646  -94.124  19.551 0.0000000000
247  -18.007  -93.487  20.266 0.0000000000
450  -16.849  -92.691  19.591 0.0000000000
464  -17.809  -92.511  17.933 0.0000000000
457  -16.770  -91.871  18.711 0.0000000000
1053  -15.352  -91.385  19.981 0.0000000000
1426  -15.000  -89.813  20.071 0.0000000000
117145  -14.769  -88.738  20.113 0.0000000000
2836  -13.988  -86.845  20.631 0.0000000000
129340  -13.835  -87.024  19.701 0.0000000000
2353  -12.908  -87.327  19.316 0.0000000000
2352  -11.540  -87.289  19.172 0.0000000000
1452  -12.534  -89.242  17.927 0.0000000000
1871  -11.405  -88.464  18.419 0.0000000000
2867  -10.699  -86.966  19.044 0.0000000000
2878  -10.181  -86.489  17.916 0.0000000000
170  -28.311  -94.652  11.675 0.0000000000
116512  -22.782  -93.793  20.920 0.0000000000
250  -23.086  -93.800  20.361 0.0000000000
132  -23.951  -93.902  19.520 0.0000000000
434  -24.169  -93.382  21.440 0.0000000000
252  -24.648  -93.413  19.633 0.0000000000
136  -24.628  -93.460  18.639 0.0000000000
259  -25.210  -93.196  18.290 0.0000000000
468  -26.096  -92.527  17.530 0.0000000000
766  -26.621  -91.678  16.435 0.0000000000
1065  -25.395  -90.380  19.758 0.0000000000
130939  -25.723  -90.591  19.070 0.0000000000
1074  -26.258  -91.030  17.834 0.0000000000
1086  -26.509  -90.873  16.966 0.0000000000
116442  -26.943  -91.021  15.079 0.0000000000
1105  -26.702  -90.642  14.256 0.0000000000
1917  -26.113  -88.205  13.432 0.0000000000
122500  -25.841  -88.247  12.356 0.0000000000
120519  -26.379  -87.721  11.180 0.0000000000
118430  -28.137  -88.110  11.842 0.0000000000
2421  -30.294  -87.723  11.755 0.0000000000
2841  -26.517  -86.163  21.984 0.0000000000
3340  -26.071  -85.235  21.839 0.0000000000
3896  -25.724  -84.099  20.443 0.0000000000
3904  -26.322  -84.011  19.796 0.0000000000
131893  -25.686  -83.782  19.838 0.0000000000
4449  -25.356  -83.751  19.382 0.0000000000
4473  -25.018  -83.922  18.136 0.0000000000
5163  -28.176  -82.114  14.617 0.0000000000
5839  -27.531  -81.913  14.913 0.0000000000
5838  -26.888  -81.727  14.973 0.0000000000
5879  -28.621  -81.267  12.700 0.0000000000
5174  -26.968  -81.688  13.607 0.0000000000
3968  -26.357  -84.791  13.188 0.0000000000
3439  -26.633  -85.442  12.738 0.0000000000
121164  -28.263  -85.840  11.958 0.0000000000
3465  -28.926  -84.966  11.135 0.0000000000
3450  -28.953  -85.878  11.461 0.0000000000
2934  -29.261  -86.793  11.709 0.0000000000
2434  -30.902  -87.733  11.082 0.0000000000
2422  -31.664  -88.031  11.018 0.0000000000
2424  -33.225  -87.738  10.995 0.0000000000
2936  -34.821  -86.736  11.115 0.0000000000
3470  -35.140  -85.587  10.407 0.0000000000
112899  -35.783  -85.720  10.673 0.0000000000
5258  -36.032  -82.559  7.800 0.0000000000
4602  -36.600  -83.226  8.382 0.0000000000
121922  -38.370  -83.217  8.376 0.0000000000
5261  -38.807  -82.647  7.759 0.0000000000
4604  -39.238  -83.266  8.438 0.0000000000
121525  -42.864  -79.703  0.289 0.0000000000
7373  -42.753  -79.617  1.256 0.0000000000
7352  -42.090  -79.471  2.304 0.0000000000
7293  -45.553  -78.949  7.128 0.0000000000
8013  -45.670  -78.771  6.460 0.0000000000
8020  -45.513  -78.535  5.732 0.0000000000
8720  -44.727  -77.834  7.336 0.0000000000
8746  -44.877  -77.904  5.679 0.0000000000
8035  -43.992  -78.214  4.442 0.0000000000
8054  -43.633  -78.698  3.827 0.0000000000
8070  -42.438  -79.203  3.090 0.0000000000
7351  -41.101  -79.403  2.268 0.0000000000
8069  -41.478  -79.165  2.967 0.0000000000
8050  -39.914  -78.406  3.117 0.0000000000
128387  -40.862  -77.225  4.710 0.0000000000
9507  -40.225  -77.172  4.334 0.0000000000
126725  -40.338  -79.055  10.435 0.0000000000
25356  -24.322  -59.043  24.414 0.0000000000
24490  -24.708  -59.671  24.119 0.0000000000
24482  -25.013  -59.358  24.639 0.0000000000
24492  -26.337  -59.894  24.104 0.0000000000
127414  -27.129  -59.550  23.789 0.0000000000
131833  -27.628  -59.189  23.455 0.0000000000
21824  -25.188  -62.584  21.447 0.0000000000
22731  -25.735  -62.126  21.849 0.0000000000
22732  -27.026  -61.547  21.272 0.0000000000
21847  -27.937  -61.877  21.125 0.0000000000
23644  -27.316  -60.901  21.496 0.0000000000
24499  -27.815  -59.676  22.143 0.0000000000
24494  -27.895  -59.217  22.895 0.0000000000
25361  -28.370  -58.828  22.234 0.0000000000
23671  -30.554  -60.050  20.320 0.0000000000
24536  -29.873  -59.802  19.937 0.0000000000
25384  -29.853  -59.102  19.809 0.0000000000
24538  -31.745  -59.407  19.809 0.0000000000
27227  -20.203  -56.187  13.158 0.0000000000
28181  -19.538  -55.890  12.369 0.0000000000
27225  -18.694  -56.535  12.953 0.0000000000
28180  -18.764  -55.837  11.982 0.0000000000
28179  -17.788  -55.657  11.780 0.0000000000
28165  -15.955  -55.246  12.658 0.0000000000
23736  -8.799  -59.942  14.568 0.0000000000
24608  -10.336  -59.451  14.233 0.0000000000
24636  -10.910  -59.432  13.917 0.0000000000
23779  -10.709  -60.403  12.441 0.0000000000
23756  -11.537  -59.991  13.312 0.0000000000
24637  -11.893  -59.433  14.280 0.0000000000
24638  -13.467  -59.407  14.294 0.0000000000
24639  -14.426  -59.645  14.118 0.0000000000
24640  -15.489  -59.806  14.097 0.0000000000
21968  -13.123  -62.257  10.137 0.0000000000
22892  -13.472  -61.814  10.962 0.0000000000
22880  -14.174  -61.461  11.537 0.0000000000
22894  -15.879  -61.689  10.580 0.0000000000
119865  -15.224  -61.502  11.292 0.0000000000
22863  -14.846  -61.116  12.110 0.0000000000
23783  -15.510  -60.714  12.755 0.0000000000
23759  -16.166  -60.346  13.467 0.0000000000
23737  -16.755  -59.827  14.171 0.0000000000
24615  -18.330  -59.053  14.080 0.0000000000
24641  -18.177  -58.741  13.687 0.0000000000
113471  -16.857  -58.195  12.555 0.0000000000
120019  -16.349  -58.167  12.067 0.0000000000
26346  -16.036  -57.250  11.725 0.0000000000
27262  -15.647  -56.492  11.607 0.0000000000
28190  -15.519  -55.796  11.987 0.0000000000
28164  -14.574  -55.288  12.970 0.0000000000
28177  -13.213  -55.392  12.442 0.0000000000
28176  -13.146  -55.258  12.224 0.0000000000
4766  -17.492  -83.334  -3.947 0.0000000000
14618  -14.464  -70.939  -4.480 0.0000000000
14567  -9.735  -70.196  -2.252 0.0000000000
15534  -9.561  -68.983  -1.459 0.0000000000
16507  -9.929  -68.430  -1.222 0.0000000000
16509  -11.220  -68.569  -2.024 0.0000000000
16491  -11.029  -68.397  -1.116 0.0000000000
123998  -10.210  -68.160  0.022 0.0000000000
15495  -10.594  -68.525  0.589 0.0000000000
118115  -10.270  -68.696  1.988 0.0000000000
15465  -10.416  -69.767  2.226 0.0000000000
9632  -23.689  -76.910  -7.453 0.0000000000
113430  -22.974  -76.646  -7.134 0.0000000000
131326  -21.949  -75.491  -6.769 0.0000000000
10326  -21.156  -75.249  -6.371 0.0000000000
10315  -20.912  -75.602  -5.771 0.0000000000
118935  -20.637  -74.937  -4.883 0.0000000000
113432  -19.790  -72.821  -5.201 0.0000000000
11090  -20.769  -74.328  -4.431 0.0000000000
10303  -20.898  -75.186  -3.979 0.0000000000
114569  -21.396  -75.111  -3.053 0.0000000000
11057  -21.852  -74.542  -2.441 0.0000000000
10271  -22.366  -75.163  -1.487 0.0000000000
14573  -20.397  -70.317  -2.819 0.0000000000
15539  -20.282  -69.374  -1.695 0.0000000000
15563  -21.045  -69.824  -2.135 0.0000000000
13636  -21.926  -71.250  -1.928 0.0000000000
12684  -22.319  -72.807  -1.701 0.0000000000
11829  -22.783  -73.724  -1.059 0.0000000000
11036  -22.934  -75.019  0.239 0.0000000000
11018  -22.729  -74.845  0.713 0.0000000000
11016  -21.183  -74.077  0.428 0.0000000000
11820  -20.489  -73.256  0.047 0.0000000000
11765  -21.233  -72.862  2.109 0.0000000000
127015  -20.291  -73.117  1.285 0.0000000000
12662  -20.025  -72.825  -0.587 0.0000000000
114097  -18.566  -72.654  -0.471 0.0000000000
12659  -16.608  -72.930  -0.864 0.0000000000
12658  -15.640  -73.106  -0.857 0.0000000000
15447  -17.914  -69.346  2.858 0.0000000000
14495  -17.137  -70.491  2.569 0.0000000000
12613  -16.641  -72.015  2.905 0.0000000000
13554  -16.267  -71.948  3.866 0.0000000000
12601  -16.242  -72.587  3.349 0.0000000000
131492  -16.593  -73.146  2.797 0.0000000000
111944  -16.165  -74.010  1.472 0.0000000000
11800  -15.714  -73.888  0.610 0.0000000000
12648  -14.551  -73.162  0.051 0.0000000000
112597  -14.101  -73.089  0.483 0.0000000000
12646  -12.537  -72.250  0.586 0.0000000000
13602  -11.652  -72.203  0.821 0.0000000000
10988  -12.029  -74.589  3.348 0.0000000000
11774  -11.633  -73.638  2.289 0.0000000000
13601  -10.814  -72.042  1.170 0.0000000000
13585  -10.312  -72.021  2.604 0.0000000000
14487  -10.332  -71.250  3.239 0.0000000000
14473  -10.666  -70.027  4.044 0.0000000000
14474  -11.102  -70.736  4.444 0.0000000000
14460  -11.802  -70.359  5.107 0.0000000000
15427  -12.394  -69.893  5.873 0.0000000000
14462  -13.507  -70.657  6.259 0.0000000000
14436  -13.429  -70.010  6.524 0.0000000000
15389  -13.991  -69.140  8.378 0.0000000000
16341  -14.114  -68.514  8.438 0.0000000000
17383  -13.989  -67.509  7.048 0.0000000000
17403  -12.788  -67.523  5.621 0.0000000000
113475  -17.309  -70.053  6.711 0.0000000000
16358  -16.923  -69.283  6.195 0.0000000000
17406  -15.977  -68.086  5.330 0.0000000000
17435  -16.703  -67.191  4.684 0.0000000000
17434  -15.868  -67.673  4.664 0.0000000000
123689  -15.422  -67.953  5.264 0.0000000000
17405  -14.676  -67.747  5.310 0.0000000000
112923  -13.272  -67.471  4.539 0.0000000000
17431  -12.696  -67.113  3.835 0.0000000000
18420  -13.059  -66.792  3.242 0.0000000000
19332  -13.576  -65.561  2.544 0.0000000000
20262  -13.599  -64.886  2.376 0.0000000000
21182  -14.451  -63.584  1.884 0.0000000000
21183  -14.851  -62.753  2.292 0.0000000000
22077  -15.550  -62.515  2.567 0.0000000000
22066  -17.279  -62.465  3.040 0.0000000000
54  -21.027  -95.030  15.115 0.0000000000
70  -24.320  -95.167  10.785 0.0000000000
72  -26.938  -94.953  11.436 0.0000000000
76  -20.984  -95.872  9.861 0.0000000000
81  -26.244  -95.427  11.019 0.0000000000
125  -23.084  -94.025  21.870 0.0000000000
126  -23.483  -93.872  21.664 0.0000000000
129  -23.573  -94.010  20.378 0.0000000000
130  -24.072  -93.912  19.968 0.0000000000
131  -20.490  -94.160  19.229 0.0000000000
133  -24.341  -93.603  19.259 0.0000000000
135  -24.193  -93.630  18.922 0.0000000000
137  -20.072  -94.358  17.941 0.0000000000
138  -20.889  -94.377  17.766 0.0000000000
139  -21.267  -94.244  17.113 0.0000000000
140  -24.342  -93.478  18.297 0.0000000000
142  -18.737  -94.610  16.078 0.0000000000
143  -19.993  -94.406  17.043 0.0000000000
149  -20.621  -94.870  15.782 0.0000000000
152  -21.647  -94.619  14.434 0.0000000000
158  -21.361  -95.181  12.843 0.0000000000
160  -28.367  -94.176  12.320 0.0000000000
161  -29.080  -93.859  12.392 0.0000000000
163  -20.729  -94.187  11.421 0.0000000000
164  -21.055  -95.223  11.415 0.0000000000
165  -23.235  -94.366  10.813 0.0000000000
171  -28.958  -94.239  11.786 0.0000000000
178  -28.445  -94.802  10.876 0.0000000000
180  -20.705  -94.781  8.570 0.0000000000
186  -22.446  -93.806  7.595 0.0000000000
192  -21.173  -93.595  6.599 0.0000000000
193  -21.612  -93.938  6.407 0.0000000000
198  -21.509  -93.149  6.805 0.0000000000
199  -21.798  -93.592  6.588 0.0000000000
222  -22.083  -93.097  25.055 0.0000000000
224  -23.182  -93.504  24.544 0.0000000000
227  -22.172  -93.415  23.514 0.0000000000
233  -23.194  -93.849  22.450 0.0000000000
236  -17.927  -93.368  21.272 0.0000000000
237  -18.545  -93.370  21.129 0.0000000000
238  -22.809  -93.941  21.556 0.0000000000
239  -17.119  -93.324  21.317 0.0000000000
240  -17.757  -93.466  20.861 0.0000000000
242  -19.025  -93.593  20.771 0.0000000000
243  -19.579  -93.793  20.297 0.0000000000
244  -23.100  -94.084  20.886 0.0000000000
245  -24.408  -93.420  20.436 0.0000000000
246  -25.118  -92.986  20.036 0.0000000000
248  -18.730  -93.849  19.964 0.0000000000
249  -20.277  -93.969  19.859 0.0000000000
251  -23.528  -93.730  19.702 0.0000000000
253  -18.194  -93.443  19.435 0.0000000000
255  -19.558  -94.216  18.556 0.0000000000
256  -21.039  -94.189  18.598 0.0000000000
260  -25.795  -92.955  17.895 0.0000000000
261  -18.438  -93.556  17.362 0.0000000000
264  -23.987  -93.216  17.935 0.0000000000
265  -24.583  -93.198  17.428 0.0000000000
267  -17.840  -93.527  16.604 0.0000000000
271  -25.434  -92.811  16.351 0.0000000000
274  -17.009  -93.559  15.827 0.0000000000
276  -21.722  -94.105  15.857 0.0000000000
278  -25.374  -92.856  15.457 0.0000000000
279  -25.827  -92.772  15.702 0.0000000000
281  -21.767  -93.875  14.894 0.0000000000
283  -24.678  -92.857  14.555 0.0000000000
284  -25.292  -92.923  14.572 0.0000000000
286  -29.358  -92.669  13.640 0.0000000000
292  -24.119  -92.864  13.134 0.0000000000
294  -25.327  -92.897  13.642 0.0000000000
296  -29.316  -93.102  13.343 0.0000000000
297  -30.422  -92.487  13.304 0.0000000000
300  -20.879  -93.701  12.235 0.0000000000
301  -21.381  -94.392  13.020 0.0000000000
302  -23.896  -92.940  12.152 0.0000000000
304  -27.672  -93.958  12.393 0.0000000000
305  -28.237  -93.694  12.769 0.0000000000
306  -29.361  -93.436  12.816 0.0000000000
310  -20.255  -93.116  11.376 0.0000000000
311  -22.905  -93.594  11.243 0.0000000000
319  -19.558  -92.425  9.662 0.0000000000
320  -20.017  -93.350  9.740 0.0000000000
323  -25.732  -93.869  10.449 0.0000000000
324  -26.637  -93.551  10.909 0.0000000000
328  -19.660  -92.625  9.010 0.0000000000
331  -25.714  -92.862  9.688 0.0000000000
337  -20.425  -93.105  7.531 0.0000000000
338  -22.111  -93.111  7.799 0.0000000000
342  -20.843  -92.976  6.899 0.0000000000
378  -20.438  -92.445  28.848 0.0000000000
381  -19.847  -92.209  27.097 0.0000000000
382  -20.437  -92.454  27.407 0.0000000000
387  -21.223  -92.534  26.149 0.0000000000
389  -23.118  -92.176  26.550 0.0000000000
393  -20.390  -92.173  25.738 0.0000000000
395  -22.957  -92.771  25.918 0.0000000000
402  -23.805  -92.899  24.511 0.0000000000
403  -24.084  -92.549  23.663 0.0000000000
407  -15.214  -92.377  23.524 0.0000000000
416  -15.462  -92.792  22.964 0.0000000000
417  -16.193  -92.970  22.661 0.0000000000
418  -17.493  -92.785  22.255 0.0000000000
429  -15.772  -93.042  22.083 0.0000000000
431  -19.067  -93.051  21.237 0.0000000000
433  -22.342  -93.258  21.313 0.0000000000
439  -15.726  -92.904  21.104 0.0000000000
440  -16.222  -92.911  20.439 0.0000000000
441  -17.136  -93.261  20.467 0.0000000000
443  -20.076  -93.331  20.319 0.0000000000
444  -22.555  -93.016  20.438 0.0000000000
446  -25.222  -92.069  20.207 0.0000000000
451  -17.538  -93.164  19.722 0.0000000000
453  -22.983  -93.200  19.738 0.0000000000
459  -18.267  -93.255  18.526 0.0000000000
460  -21.114  -93.466  18.841 0.0000000000
462  -25.594  -92.985  18.662 0.0000000000
465  -21.189  -92.576  18.031 0.0000000000
466  -21.489  -93.359  17.488 0.0000000000
471  -21.520  -92.796  16.675 0.0000000000
472  -24.246  -92.583  16.152 0.0000000000
473  -26.255  -92.362  16.767 0.0000000000
476  -21.033  -91.581  15.073 0.0000000000
478  -24.187  -92.545  15.371 0.0000000000
485  -24.596  -92.787  15.086 0.0000000000
487  -26.356  -92.409  14.792 0.0000000000
489  -29.503  -92.315  13.741 0.0000000000
491  -30.796  -91.955  13.917 0.0000000000
492  -31.486  -91.898  13.787 0.0000000000
499  -31.104  -92.284  13.364 0.0000000000
508  -27.796  -93.438  12.448 0.0000000000
509  -28.380  -93.003  13.090 0.0000000000
513  -19.660  -92.117  11.140 0.0000000000
515  -22.966  -92.999  11.762 0.0000000000
517  -24.735  -92.536  10.393 0.0000000000
529  -24.543  -93.234  10.249 0.0000000000
536  -19.604  -91.842  9.194 0.0000000000
539  -25.819  -92.217  9.544 0.0000000000
540  -26.378  -92.303  9.570 0.0000000000
541  -26.998  -91.641  9.511 0.0000000000
547  -20.631  -92.313  7.712 0.0000000000
554  -21.742  -92.914  7.250 0.0000000000
649  -15.073  -91.487  29.711 0.0000000000
653  -21.854  -91.248  29.094 0.0000000000
660  -19.444  -92.143  28.440 0.0000000000
668  -22.560  -91.729  27.795 0.0000000000
673  -13.838  -91.061  25.022 0.0000000000
674  -19.564  -91.697  25.571 0.0000000000
675  -20.143  -91.798  25.202 0.0000000000
682  -13.700  -91.419  24.489 0.0000000000
683  -14.299  -91.597  24.449 0.0000000000
695  -14.772  -92.113  23.983 0.0000000000
696  -15.373  -92.013  23.872 0.0000000000
699  -21.547  -92.187  23.424 0.0000000000
700  -24.253  -91.397  23.408 0.0000000000
705  -14.667  -92.360  23.237 0.0000000000
707  -17.650  -91.791  22.384 0.0000000000
725  -15.534  -92.234  20.370 0.0000000000
727  -20.240  -92.522  20.167 0.0000000000
729  -25.250  -91.060  20.347 0.0000000000
733  -15.629  -91.598  19.559 0.0000000000
734  -16.061  -92.138  19.558 0.0000000000
735  -19.985  -91.507  20.336 0.0000000000
744  -17.333  -91.773  17.898 0.0000000000
747  -23.205  -91.886  18.242 0.0000000000
748  -25.828  -92.192  18.719 0.0000000000
749  -26.129  -91.938  18.038 0.0000000000
753  -17.060  -91.179  17.104 0.0000000000
762  -17.205  -92.082  16.817 0.0000000000
768  -16.017  -91.997  15.773 0.0000000000
769  -20.916  -91.137  15.767 0.0000000000
770  -21.304  -92.168  15.857 0.0000000000
772  -26.746  -91.821  15.511 0.0000000000
777  -29.868  -91.903  13.982 0.0000000000
778  -30.551  -91.849  14.031 0.0000000000
780  -32.189  -91.329  13.819 0.0000000000
781  -32.835  -90.967  13.852 0.0000000000
784  -19.979  -90.880  13.048 0.0000000000
786  -22.619  -91.339  12.950 0.0000000000
788  -25.633  -92.235  12.246 0.0000000000
789  -26.348  -91.935  12.905 0.0000000000
790  -29.647  -91.266  13.856 0.0000000000
797  -20.080  -91.569  12.711 0.0000000000
808  -26.045  -91.107  10.848 0.0000000000
815  -19.551  -91.093  9.901 0.0000000000
827  -25.647  -91.760  9.681 0.0000000000
832  -20.825  -91.691  8.486 0.0000000000
965  -15.430  -90.823  28.419 0.0000000000
968  -22.661  -90.610  27.952 0.0000000000
974  -15.916  -90.506  27.508 0.0000000000
975  -16.691  -90.303  26.912 0.0000000000
981  -12.073  -90.321  25.165 0.0000000000
982  -12.525  -90.311  25.996 0.0000000000
983  -12.857  -90.138  26.156 0.0000000000
987  -18.262  -90.315  26.142 0.0000000000
994  -13.789  -90.301  25.256 0.0000000000
995  -17.273  -90.026  26.171 0.0000000000
1005  -12.623  -90.655  24.714 0.0000000000
1008  -15.167  -91.189  24.121 0.0000000000
1009  -18.775  -90.804  24.903 0.0000000000
1010  -19.480  -91.311  24.892 0.0000000000
1019  -13.413  -91.348  23.556 0.0000000000
1021  -16.187  -90.770  23.208 0.0000000000
1031  -13.224  -90.944  22.728 0.0000000000
1034  -21.597  -90.640  22.305 0.0000000000
1041  -13.639  -91.191  22.011 0.0000000000
1043  -18.101  -90.720  21.867 0.0000000000
1045  -19.458  -90.638  20.726 0.0000000000
1047  -21.883  -91.066  20.951 0.0000000000
1048  -24.814  -90.467  21.352 0.0000000000
1052  -14.889  -90.906  20.312 0.0000000000
1055  -22.182  -91.149  20.209 0.0000000000
1056  -25.060  -90.178  20.598 0.0000000000
1060  -14.790  -90.221  18.512 0.0000000000
1062  -19.879  -90.361  19.959 0.0000000000
1068  -16.789  -91.027  17.833 0.0000000000
1071  -22.647  -90.422  18.598 0.0000000000
1073  -25.958  -90.341  18.382 0.0000000000
1080  -15.797  -90.041  17.338 0.0000000000
1092  -16.565  -90.646  16.667 0.0000000000
1094  -23.417  -90.905  16.672 0.0000000000
1095  -26.909  -90.759  15.947 0.0000000000
1103  -20.692  -90.642  14.987 0.0000000000
1106  -31.726  -91.180  14.027 0.0000000000
1111  -19.692  -90.117  12.862 0.0000000000
1119  -32.040  -90.604  13.849 0.0000000000
1120  -32.822  -90.664  13.810 0.0000000000
1127  -19.502  -89.813  12.082 0.0000000000
1131  -28.424  -90.819  12.631 0.0000000000
1132  -28.805  -90.292  13.068 0.0000000000
1138  -19.452  -90.417  11.420 0.0000000000
1148  -19.659  -90.284  10.517 0.0000000000
1149  -20.035  -90.070  10.202 0.0000000000
1152  -27.416  -90.889  9.719 0.0000000000
1153  -27.718  -90.199  10.291 0.0000000000
1160  -20.355  -90.690  9.649 0.0000000000
1161  -21.004  -90.753  9.820 0.0000000000
1162  -26.189  -91.011  9.800 0.0000000000
1163  -26.532  -90.266  9.814 0.0000000000
1344  -17.362  -89.880  27.902 0.0000000000
1352  -11.395  -89.173  27.768 0.0000000000
1354  -15.319  -89.608  27.687 0.0000000000
1355  -18.189  -89.414  27.206 0.0000000000
1366  -15.845  -89.507  26.883 0.0000000000
1367  -16.458  -89.697  26.407 0.0000000000
1370  -11.149  -89.362  25.433 0.0000000000
1373  -16.967  -89.680  26.022 0.0000000000
1374  -17.596  -89.738  25.693 0.0000000000
1376  -23.492  -89.587  25.815 0.0000000000
1382  -10.811  -88.793  24.775 0.0000000000
1384  -12.058  -90.139  24.249 0.0000000000
1386  -14.875  -90.045  24.060 0.0000000000
1394  -12.266  -90.026  23.262 0.0000000000
1397  -19.585  -89.362  24.015 0.0000000000
1405  -12.408  -89.752  22.317 0.0000000000
1408  -21.432  -88.921  22.436 0.0000000000
1416  -12.905  -89.320  21.632 0.0000000000
1419  -17.993  -89.248  21.390 0.0000000000
1420  -18.560  -89.328  21.072 0.0000000000
1421  -18.983  -89.851  20.920 0.0000000000
1427  -15.193  -90.674  19.633 0.0000000000
1431  -21.955  -89.525  20.305 0.0000000000
1443  -12.985  -89.506  18.290 0.0000000000
1445  -14.193  -89.901  17.893 0.0000000000
1446  -20.061  -89.296  18.323 0.0000000000
1448  -22.548  -89.427  18.293 0.0000000000
1453  -13.331  -89.466  17.731 0.0000000000
1454  -15.146  -89.599  17.021 0.0000000000
1456  -26.251  -89.318  17.301 0.0000000000
1457  -28.825  -89.724  17.275 0.0000000000
1462  -20.405  -88.575  16.184 0.0000000000
1463  -22.933  -89.184  16.421 0.0000000000
1466  -28.925  -89.062  16.739 0.0000000000
1471  -22.859  -88.818  15.735 0.0000000000
1472  -23.142  -89.694  15.787 0.0000000000
1474  -20.288  -88.747  14.064 0.0000000000
1477  -26.428  -89.146  13.989 0.0000000000
1479  -19.768  -89.384  12.696 0.0000000000
1480  -20.015  -89.005  13.295 0.0000000000
1484  -31.501  -89.950  13.495 0.0000000000
1495  -20.263  -88.909  11.912 0.0000000000
1496  -21.324  -88.822  12.224 0.0000000000
1497  -21.999  -89.322  12.678 0.0000000000
1502  -30.963  -89.294  13.024 0.0000000000
1504  -32.719  -89.520  12.925 0.0000000000
1513  -20.012  -89.304  11.346 0.0000000000
1515  -26.243  -89.391  10.659 0.0000000000
1523  -19.836  -89.711  10.768 0.0000000000
1525  -26.704  -89.028  10.175 0.0000000000
1534  -26.838  -89.765  9.755 0.0000000000
1606  -20.155  -90.193  0.658 0.0000000000
1613  -19.783  -89.787  -0.126 0.0000000000
1619  -24.726  -89.127  -0.446 0.0000000000
1624  -21.218  -89.219  -1.322 0.0000000000
1628  -20.991  -89.120  -2.179 0.0000000000
1635  -24.652  -89.096  -4.636 0.0000000000
1641  -25.766  -89.195  -5.233 0.0000000000
1766  -10.613  -88.586  27.217 0.0000000000
1768  -15.215  -88.354  27.412 0.0000000000
1771  -19.652  -88.829  27.243 0.0000000000
1782  -19.187  -89.084  26.845 0.0000000000
1791  -13.222  -88.377  26.131 0.0000000000
1795  -17.912  -89.098  25.115 0.0000000000
1805  -10.590  -88.175  24.092 0.0000000000
1806  -10.991  -88.749  23.894 0.0000000000
1808  -15.198  -87.796  23.656 0.0000000000
1811  -18.997  -88.731  24.287 0.0000000000
1817  -10.759  -87.896  23.186 0.0000000000
1818  -11.329  -88.624  23.043 0.0000000000
1830  -11.581  -88.630  22.287 0.0000000000
1833  -17.043  -88.082  21.871 0.0000000000
1834  -21.119  -88.113  22.701 0.0000000000
1844  -11.398  -88.055  21.980 0.0000000000
1847  -14.398  -88.444  20.592 0.0000000000
1851  -27.485  -88.781  21.002 0.0000000000
1853  -18.832  -87.620  20.556 0.0000000000
1855  -21.782  -88.672  20.720 0.0000000000
1860  -12.772  -88.509  19.128 0.0000000000
1862  -14.659  -89.197  19.653 0.0000000000
1863  -19.660  -88.027  19.161 0.0000000000
1864  -21.857  -87.878  20.093 0.0000000000
1866  -24.996  -87.942  19.651 0.0000000000
1873  -12.831  -89.241  18.663 0.0000000000
1875  -20.119  -88.645  17.588 0.0000000000
1876  -22.275  -88.275  18.364 0.0000000000
1880  -11.843  -88.881  18.023 0.0000000000
1882  -20.274  -88.026  16.834 0.0000000000
1890  -22.645  -88.229  16.285 0.0000000000
1891  -25.939  -88.004  17.306 0.0000000000
1892  -26.320  -88.148  16.444 0.0000000000
1899  -20.451  -88.085  15.370 0.0000000000
1900  -22.600  -87.932  15.497 0.0000000000
1908  -20.558  -87.848  14.434 0.0000000000
1913  -20.032  -88.818  12.742 0.0000000000
1915  -21.317  -87.872  13.058 0.0000000000
1916  -21.905  -87.922  13.458 0.0000000000
1923  -20.381  -88.494  12.541 0.0000000000
1924  -20.997  -88.195  12.593 0.0000000000
1926  -25.853  -87.939  11.625 0.0000000000
1929  -31.402  -88.742  12.260 0.0000000000
1938  -20.714  -88.689  12.180 0.0000000000
1939  -27.347  -88.041  10.937 0.0000000000
1942  -30.771  -88.159  11.943 0.0000000000
1944  -33.023  -88.438  11.496 0.0000000000
1952  -26.772  -88.241  10.665 0.0000000000
1953  -27.152  -88.747  10.302 0.0000000000
2058  -25.020  -88.637  0.216 0.0000000000
2059  -25.617  -87.950  0.220 0.0000000000
2071  -18.929  -88.137  -1.086 0.0000000000
2079  -20.382  -87.905  -3.165 0.0000000000
2081  -21.211  -88.719  -2.759 0.0000000000
2083  -24.268  -89.100  -2.975 0.0000000000
2096  -24.305  -88.831  -4.491 0.0000000000
2101  -24.628  -88.500  -5.172 0.0000000000
2102  -24.912  -88.421  -5.657 0.0000000000
2107  -24.677  -88.103  -5.759 0.0000000000
2110  -27.037  -88.389  -5.921 0.0000000000
2240  -9.690  -86.627  30.068 0.0000000000
2262  -14.609  -87.516  27.515 0.0000000000
2270  -12.719  -88.082  27.479 0.0000000000
2271  -13.232  -87.474  26.834 0.0000000000
2272  -15.135  -87.259  27.102 0.0000000000
2273  -16.303  -87.586  26.260 0.0000000000
2283  -13.859  -86.700  26.345 0.0000000000
2287  -17.859  -86.093  24.802 0.0000000000
2296  -14.986  -86.723  24.298 0.0000000000
2297  -18.243  -87.087  24.781 0.0000000000
2303  -10.287  -87.039  22.687 0.0000000000
2305  -15.854  -87.190  23.085 0.0000000000
2320  -20.676  -87.266  22.889 0.0000000000
2332  -11.245  -87.452  21.877 0.0000000000
2333  -12.270  -87.649  21.567 0.0000000000
2335  -14.230  -87.616  20.554 0.0000000000
2336  -17.885  -86.387  21.810 0.0000000000
2341  -27.022  -86.883  21.365 0.0000000000
2345  -14.291  -87.370  20.004 0.0000000000
2348  -21.630  -86.918  20.430 0.0000000000
2354  -13.946  -87.748  19.537 0.0000000000
2363  -10.923  -87.815  18.785 0.0000000000
2364  -11.730  -88.184  19.017 0.0000000000
2365  -19.785  -86.999  18.322 0.0000000000
2366  -21.489  -86.225  19.001 0.0000000000
2371  -10.531  -87.155  18.343 0.0000000000
2372  -10.948  -88.055  17.843 0.0000000000
2375  -25.705  -87.364  17.563 0.0000000000
2376  -28.646  -88.086  17.343 0.0000000000
2381  -22.259  -87.417  16.584 0.0000000000
2383  -26.275  -87.488  16.091 0.0000000000
2391  -26.330  -87.269  15.415 0.0000000000
2393  -30.760  -87.816  15.131 0.0000000000
2397  -20.897  -87.164  14.638 0.0000000000
2398  -21.366  -87.160  14.263 0.0000000000
2399  -21.981  -87.413  14.072 0.0000000000
2418  -27.577  -87.414  11.632 0.0000000000
2423  -32.350  -87.992  10.891 0.0000000000
2426  -35.646  -87.697  12.185 0.0000000000
2436  -32.573  -87.369  10.403 0.0000000000
2438  -34.130  -86.691  10.739 0.0000000000
2544  -24.609  -87.806  0.472 0.0000000000
2555  -22.971  -88.288  -0.600 0.0000000000
2557  -26.121  -87.615  -0.143 0.0000000000
2564  -18.495  -87.124  -1.025 0.0000000000
2572  -19.401  -87.095  -2.386 0.0000000000
2573  -19.921  -87.592  -2.890 0.0000000000
2574  -22.718  -87.835  -2.591 0.0000000000
2582  -20.525  -87.527  -3.759 0.0000000000
2583  -21.338  -87.835  -4.005 0.0000000000
2586  -24.789  -87.567  -3.919 0.0000000000
2592  -21.959  -87.441  -4.575 0.0000000000
2605  -24.716  -87.634  -6.131 0.0000000000
2715  -9.160  -85.410  30.971 0.0000000000
2729  -9.278  -85.942  30.648 0.0000000000
2755  -9.767  -86.271  28.325 0.0000000000
2762  -10.059  -86.926  27.609 0.0000000000
2773  -10.261  -86.972  26.248 0.0000000000
2775  -15.025  -86.473  26.559 0.0000000000
2776  -15.880  -86.443  26.150 0.0000000000
2784  -10.337  -86.620  25.297 0.0000000000
2785  -14.597  -86.294  26.027 0.0000000000
2787  -16.267  -85.899  25.541 0.0000000000
2794  -15.073  -85.994  25.112 0.0000000000
2795  -17.252  -85.595  24.534 0.0000000000
2796  -18.108  -85.763  24.225 0.0000000000
2805  -15.987  -86.196  23.471 0.0000000000
2806  -16.714  -85.703  23.480 0.0000000000
2808  -19.421  -85.753  23.000 0.0000000000
2809  -20.114  -86.462  23.032 0.0000000000
2819  -10.139  -86.349  22.402 0.0000000000
2820  -10.958  -86.135  22.013 0.0000000000
2822  -18.136  -85.665  22.536 0.0000000000
2824  -20.490  -85.833  21.909 0.0000000000
2825  -21.120  -86.331  21.722 0.0000000000
2828  -26.376  -86.448  22.808 0.0000000000
2837  -18.692  -85.747  21.892 0.0000000000
2838  -19.180  -85.818  21.233 0.0000000000
2847  -13.698  -86.233  20.755 0.0000000000
2848  -19.546  -85.921  20.495 0.0000000000
2849  -21.140  -85.802  20.308 0.0000000000
2856  -11.410  -86.469  19.397 0.0000000000
2857  -13.827  -86.613  20.158 0.0000000000
2860  -21.145  -85.774  19.422 0.0000000000
2868  -20.003  -86.181  18.798 0.0000000000
2869  -20.653  -85.903  18.455 0.0000000000
2871  -21.418  -86.208  18.250 0.0000000000
2874  -28.062  -86.242  18.877 0.0000000000
2875  -28.279  -87.061  18.570 0.0000000000
2879  -20.246  -86.635  17.541 0.0000000000
2880  -20.758  -86.454  16.956 0.0000000000
2881  -21.036  -85.983  17.712 0.0000000000
2882  -21.607  -86.539  17.574 0.0000000000
2885  -28.576  -86.623  17.295 0.0000000000
2888  -20.753  -86.871  16.076 0.0000000000
2891  -25.766  -86.384  16.681 0.0000000000
2900  -21.001  -86.834  15.327 0.0000000000
2901  -21.579  -86.742  15.345 0.0000000000
2905  -30.271  -87.214  14.896 0.0000000000
2912  -21.900  -86.994  14.708 0.0000000000
2913  -25.886  -86.169  14.316 0.0000000000
2914  -29.767  -86.242  14.995 0.0000000000
2925  -26.937  -85.989  12.388 0.0000000000
2932  -26.254  -86.651  12.185 0.0000000000
2935  -30.080  -87.159  11.331 0.0000000000
2937  -35.742  -86.894  11.582 0.0000000000
2950  -29.735  -86.385  10.848 0.0000000000
2952  -31.446  -86.644  10.030 0.0000000000
2965  -32.198  -86.180  9.888 0.0000000000
3057  -25.944  -86.467  0.560 0.0000000000
3059  -26.923  -86.037  0.123 0.0000000000
3071  -24.497  -86.267  -0.095 0.0000000000
3072  -26.772  -86.380  -0.390 0.0000000000
3078  -23.707  -86.145  -2.162 0.0000000000
3082  -19.191  -86.240  -2.513 0.0000000000
3088  -19.553  -85.980  -3.121 0.0000000000
3089  -19.979  -86.212  -3.655 0.0000000000
3091  -23.417  -86.077  -3.462 0.0000000000
3098  -20.632  -86.386  -5.109 0.0000000000
3099  -21.002  -86.769  -5.325 0.0000000000
3101  -23.189  -86.029  -4.311 0.0000000000
3109  -22.110  -86.543  -5.988 0.0000000000
3115  -21.789  -85.989  -6.525 0.0000000000
3118  -25.597  -86.439  -7.700 0.0000000000
3124  -26.109  -85.910  -8.175 0.0000000000
3126  -28.018  -85.773  -8.037 0.0000000000
3220  -11.906  -85.852  33.327 0.0000000000
3236  -10.571  -85.606  32.084 0.0000000000
3237  -11.668  -85.570  32.069 0.0000000000
3264  -8.927  -84.821  29.849 0.0000000000
3265  -9.071  -85.364  29.458 0.0000000000
3276  -8.894  -84.670  29.158 0.0000000000
3277  -9.282  -85.380  28.680 0.0000000000
3286  -9.894  -84.892  26.561 0.0000000000
3290  -9.964  -85.715  24.883 0.0000000000
3291  -15.955  -85.663  25.175 0.0000000000
3297  -9.548  -85.527  23.770 0.0000000000
3298  -15.942  -85.596  24.599 0.0000000000
3299  -16.469  -85.540  24.769 0.0000000000
3300  -17.994  -85.547  23.699 0.0000000000
3306  -9.447  -85.299  23.203 0.0000000000
3307  -16.608  -85.495  24.210 0.0000000000
3309  -18.662  -85.588  23.203 0.0000000000
3313  -25.613  -85.519  23.153 0.0000000000
3321  -11.557  -85.151  22.264 0.0000000000
3324  -18.921  -85.593  22.546 0.0000000000
3327  -25.554  -85.207  22.457 0.0000000000
3333  -12.196  -85.636  21.941 0.0000000000
3334  -13.028  -85.093  21.861 0.0000000000
3335  -13.430  -85.613  21.247 0.0000000000
3338  -20.527  -85.601  20.593 0.0000000000
3347  -13.327  -85.844  20.393 0.0000000000
3348  -19.847  -85.644  20.912 0.0000000000
3349  -26.836  -85.399  20.590 0.0000000000
3355  -10.259  -85.700  19.363 0.0000000000
3357  -12.512  -85.942  19.739 0.0000000000
3367  -9.854  -85.625  18.830 0.0000000000
3368  -20.859  -85.639  19.096 0.0000000000
3369  -24.629  -85.102  18.813 0.0000000000
3413  -25.793  -85.447  14.255 0.0000000000
3440  -27.596  -85.342  12.286 0.0000000000
3466  -29.591  -85.380  10.660 0.0000000000
3468  -31.148  -85.357  9.979 0.0000000000
3469  -34.335  -85.547  10.092 0.0000000000
3471  -36.435  -85.600  10.684 0.0000000000
3488  -32.731  -85.410  9.811 0.0000000000
3491  -36.687  -85.105  10.221 0.0000000000
3614  -26.381  -85.622  0.658 0.0000000000
3615  -27.010  -85.437  0.361 0.0000000000
3634  -26.847  -85.665  -1.175 0.0000000000
3641  -23.772  -85.720  -2.815 0.0000000000
3646  -19.537  -85.406  -3.533 0.0000000000
3654  -20.657  -85.842  -5.524 0.0000000000
3656  -23.480  -85.084  -4.618 0.0000000000
3661  -20.975  -85.657  -6.277 0.0000000000
3662  -21.309  -85.968  -6.347 0.0000000000
3671  -22.222  -85.369  -6.995 0.0000000000
3679  -31.415  -85.635  -7.311 0.0000000000
3683  -25.272  -85.654  -8.061 0.0000000000
3686  -27.582  -85.263  -8.334 0.0000000000
3687  -29.538  -85.146  -8.332 0.0000000000
3693  -28.004  -84.647  -8.543 0.0000000000
3694  -28.960  -84.557  -8.515 0.0000000000
3781  -12.461  -84.943  33.276 0.0000000000
3788  -12.699  -84.762  32.200 0.0000000000
3797  -9.128  -85.009  31.056 0.0000000000
3798  -9.400  -84.969  31.309 0.0000000000
3799  -10.141  -84.945  31.512 0.0000000000
3802  -12.951  -84.565  31.327 0.0000000000
3814  -9.040  -84.722  30.424 0.0000000000
3816  -9.879  -84.337  30.961 0.0000000000
3817  -11.689  -84.607  30.739 0.0000000000
3818  -12.435  -84.657  30.797 0.0000000000
3819  -13.143  -84.353  30.587 0.0000000000
3833  -12.932  -84.262  30.009 0.0000000000
3845  -9.118  -84.539  28.185 0.0000000000
3860  -9.116  -84.166  25.027 0.0000000000
3862  -9.012  -84.122  24.024 0.0000000000
3873  -10.827  -84.612  22.599 0.0000000000
3874  -12.289  -84.109  22.402 0.0000000000
3875  -12.831  -84.408  22.096 0.0000000000
3881  -13.040  -84.424  21.617 0.0000000000
3883  -25.121  -84.606  21.455 0.0000000000
3884  -25.705  -84.600  21.211 0.0000000000
3893  -12.698  -84.365  20.871 0.0000000000
3894  -24.735  -84.745  21.198 0.0000000000
3901  -11.790  -84.580  20.201 0.0000000000
3903  -25.193  -84.030  20.096 0.0000000000
3914  -24.801  -84.296  18.655 0.0000000000
3915  -26.511  -83.672  18.947 0.0000000000
3916  -27.180  -84.038  18.491 0.0000000000
3922  -9.742  -84.991  18.303 0.0000000000
3928  -28.286  -84.992  17.003 0.0000000000
3948  -28.573  -84.478  15.765 0.0000000000
3957  -29.614  -84.350  14.570 0.0000000000
3969  -30.644  -84.287  13.843 0.0000000000
3971  -32.496  -84.578  13.119 0.0000000000
3997  -27.972  -84.531  11.892 0.0000000000
4007  -29.990  -84.468  10.415 0.0000000000
4120  -27.307  -83.834  0.969 0.0000000000
4128  -25.295  -84.885  0.243 0.0000000000
4129  -26.066  -84.957  0.770 0.0000000000
4130  -27.201  -84.595  0.627 0.0000000000
4143  -24.138  -85.422  -2.015 0.0000000000
4145  -26.913  -84.842  -1.625 0.0000000000
4171  -20.428  -85.390  -4.980 0.0000000000
4177  -20.686  -85.258  -5.793 0.0000000000
4179  -22.715  -84.673  -6.828 0.0000000000
4190  -22.062  -83.842  -7.545 0.0000000000
4191  -24.809  -84.277  -8.050 0.0000000000
4192  -32.898  -83.946  -8.426 0.0000000000
4193  -33.612  -83.486  -8.251 0.0000000000
4195  -25.717  -84.460  -8.804 0.0000000000
4197  -30.704  -84.007  -8.978 0.0000000000
4205  -29.175  -84.113  -8.636 0.0000000000
4320  -12.400  -84.065  33.471 0.0000000000
4333  -12.298  -83.351  33.022 0.0000000000
4343  -13.425  -83.830  31.072 0.0000000000
4355  -8.985  -83.946  30.131 0.0000000000
4368  -8.914  -83.536  29.380 0.0000000000
4369  -9.248  -83.286  29.717 0.0000000000
4370  -10.076  -83.152  29.909 0.0000000000
4374  -14.033  -83.299  29.290 0.0000000000
4381  -8.795  -83.150  28.647 0.0000000000
4382  -12.916  -83.455  28.877 0.0000000000
4383  -13.600  -83.333  28.855 0.0000000000
4389  -8.642  -82.800  27.920 0.0000000000
4397  -8.505  -82.631  27.119 0.0000000000
4398  -8.782  -83.379  26.607 0.0000000000
4402  -8.476  -82.566  26.158 0.0000000000
4411  -10.467  -82.632  23.328 0.0000000000
4419  -12.177  -83.236  22.258 0.0000000000
4428  -12.048  -82.929  21.830 0.0000000000
4437  -11.729  -83.245  21.098 0.0000000000
4445  -9.874  -83.753  19.913 0.0000000000
4450  -25.913  -83.507  19.261 0.0000000000
4459  -25.057  -83.767  18.794 0.0000000000
4475  -26.185  -82.901  17.709 0.0000000000
4489  -25.613  -82.926  16.843 0.0000000000
4490  -27.189  -82.801  16.556 0.0000000000
4505  -29.073  -83.731  14.796 0.0000000000
4527  -31.470  -83.357  12.980 0.0000000000
4540  -32.022  -82.581  12.545 0.0000000000
4541  -32.854  -83.143  12.392 0.0000000000
4561  -28.359  -83.048  11.587 0.0000000000
4564  -35.634  -83.196  11.671 0.0000000000
4575  -30.491  -83.587  10.305 0.0000000000
4586  -35.314  -83.843  8.844 0.0000000000
4587  -36.166  -83.884  8.988 0.0000000000
4600  -34.492  -82.698  8.293 0.0000000000
4603  -37.505  -83.196  8.360 0.0000000000
4711  -26.223  -83.674  1.077 0.0000000000
4712  -26.908  -83.502  1.315 0.0000000000
4713  -27.286  -83.178  1.210 0.0000000000
4726  -27.610  -83.123  0.716 0.0000000000
4756  -31.188  -83.570  -2.577 0.0000000000
4767  -20.127  -83.763  -3.860 0.0000000000
4771  -30.560  -83.438  -4.018 0.0000000000
4774  -32.577  -83.646  -3.018 0.0000000000
4778  -19.417  -83.981  -4.230 0.0000000000
4784  -30.736  -83.722  -4.572 0.0000000000
4786  -32.545  -83.434  -4.407 0.0000000000
4789  -20.805  -84.396  -5.683 0.0000000000
4794  -30.169  -83.614  -5.399 0.0000000000
4800  -21.712  -83.585  -7.442 0.0000000000
4806  -30.180  -83.669  -7.162 0.0000000000
4807  -31.304  -83.261  -7.054 0.0000000000
4810  -36.469  -82.866  -6.929 0.0000000000
4812  -21.886  -82.801  -7.805 0.0000000000
4814  -28.694  -83.457  -7.824 0.0000000000
4815  -29.355  -83.720  -8.307 0.0000000000
4819  -33.542  -82.871  -8.249 0.0000000000
4821  -35.809  -82.570  -7.316 0.0000000000
4823  -28.015  -83.451  -8.756 0.0000000000
4826  -31.164  -83.758  -8.726 0.0000000000
4829  -26.947  -83.521  -9.367 0.0000000000
4951  -11.297  -82.788  33.154 0.0000000000
4962  -12.888  -83.251  32.315 0.0000000000
4970  -12.082  -81.890  31.982 0.0000000000
4971  -12.828  -82.483  31.871 0.0000000000
4999  -9.624  -82.697  29.293 0.0000000000
5001  -14.603  -82.555  29.161 0.0000000000
5011  -10.215  -82.219  28.783 0.0000000000
5012  -11.342  -82.462  28.717 0.0000000000
5015  -14.226  -82.827  28.540 0.0000000000
5025  -8.960  -81.945  28.112 0.0000000000
5026  -11.833  -82.129  28.182 0.0000000000
5029  -14.659  -82.313  27.907 0.0000000000
5045  -8.374  -82.032  25.447 0.0000000000
5050  -8.421  -81.512  24.852 0.0000000000
5051  -8.669  -82.393  24.704 0.0000000000
5064  -10.752  -82.084  22.730 0.0000000000
5074  -9.615  -81.856  21.429 0.0000000000
5075  -10.714  -82.090  21.943 0.0000000000
5083  -10.064  -82.446  20.986 0.0000000000
5108  -25.747  -83.161  18.071 0.0000000000
5120  -8.975  -82.174  17.211 0.0000000000
5125  -26.028  -82.660  16.952 0.0000000000
5153  -27.092  -82.122  15.685 0.0000000000
5154  -28.019  -82.543  15.105 0.0000000000
5164  -28.675  -81.905  14.208 0.0000000000
5188  -27.167  -82.173  12.859 0.0000000000
5190  -30.589  -81.143  12.725 0.0000000000
5191  -31.352  -81.690  12.593 0.0000000000
5193  -33.400  -82.537  12.004 0.0000000000
5207  -28.396  -82.006  11.970 0.0000000000
5216  -41.625  -82.924  11.759 0.0000000000
5217  -41.837  -82.625  12.130 0.0000000000
5228  -29.393  -82.363  11.003 0.0000000000
5231  -37.632  -82.480  10.777 0.0000000000
5235  -42.119  -82.427  11.543 0.0000000000
5246  -33.100  -81.808  8.880 0.0000000000
5256  -34.640  -81.824  7.822 0.0000000000
5262  -39.701  -82.685  7.824 0.0000000000
5278  -35.480  -81.769  7.540 0.0000000000
5280  -37.564  -81.850  7.234 0.0000000000
5282  -39.255  -82.005  7.176 0.0000000000
5284  -41.146  -82.090  7.225 0.0000000000
5371  -27.673  -82.348  0.836 0.0000000000
5372  -32.761  -82.124  0.352 0.0000000000
5374  -34.611  -81.975  0.172 0.0000000000
5383  -27.698  -82.368  0.003 0.0000000000
5386  -33.344  -82.482  -0.375 0.0000000000
5395  -31.054  -82.906  -1.827 0.0000000000
5398  -33.899  -82.692  -1.121 0.0000000000
5404  -19.309  -82.173  -2.254 0.0000000000
5407  -24.112  -82.452  -2.469 0.0000000000
5410  -34.238  -82.697  -1.957 0.0000000000
5420  -20.011  -83.406  -3.282 0.0000000000
5422  -23.810  -82.454  -3.807 0.0000000000
5429  -40.222  -80.719  -3.621 0.0000000000
5433  -18.071  -82.593  -4.571 0.0000000000
5434  -18.685  -82.529  -4.414 0.0000000000
5438  -26.206  -82.738  -4.632 0.0000000000
5445  -21.438  -83.106  -7.134 0.0000000000
5446  -23.433  -83.120  -5.770 0.0000000000
5447  -25.897  -82.635  -5.815 0.0000000000
5449  -33.680  -82.065  -6.059 0.0000000000
5453  -22.162  -83.173  -7.622 0.0000000000
5457  -29.195  -83.235  -6.526 0.0000000000
5464  -28.542  -82.893  -7.833 0.0000000000
5466  -33.376  -82.500  -8.000 0.0000000000
5468  -35.093  -82.464  -7.617 0.0000000000
5469  -25.246  -82.590  -9.083 0.0000000000
5472  -25.943  -82.319  -9.804 0.0000000000
5473  -26.483  -82.190  -9.843 0.0000000000
5634  -10.480  -81.566  32.029 0.0000000000
5643  -11.842  -81.319  31.452 0.0000000000
5645  -13.365  -82.333  31.203 0.0000000000
5652  -11.658  -80.729  30.840 0.0000000000
5654  -13.157  -81.516  30.877 0.0000000000
5664  -14.303  -81.323  29.752 0.0000000000
5666  -15.137  -81.900  28.901 0.0000000000
5672  -9.714  -81.749  28.191 0.0000000000
5674  -15.507  -81.682  28.272 0.0000000000
5686  -9.214  -81.412  27.483 0.0000000000
5688  -11.666  -81.581  27.632 0.0000000000
5689  -13.411  -81.870  27.362 0.0000000000
5690  -14.227  -81.932  27.363 0.0000000000
5691  -15.028  -81.842  27.463 0.0000000000
5692  -15.670  -81.552  27.684 0.0000000000
5701  -9.151  -80.930  26.876 0.0000000000
5702  -10.404  -80.739  26.963 0.0000000000
5706  -14.568  -81.430  26.891 0.0000000000
5722  -8.825  -81.065  23.581 0.0000000000
5727  -8.839  -80.881  22.752 0.0000000000
5790  -8.812  -81.582  18.315 0.0000000000
5850  -27.284  -81.632  14.430 0.0000000000
5852  -28.638  -81.493  13.734 0.0000000000
5863  -26.846  -81.620  14.288 0.0000000000
5867  -29.973  -80.927  12.764 0.0000000000
5878  -27.698  -81.516  13.185 0.0000000000
5880  -29.718  -80.832  12.361 0.0000000000
5898  -34.445  -81.620  11.095 0.0000000000
5908  -31.332  -81.129  10.221 0.0000000000
5909  -33.514  -80.619  10.390 0.0000000000
5912  -36.389  -81.514  10.084 0.0000000000
5917  -42.154  -82.283  10.711 0.0000000000
5918  -43.884  -80.989  10.425 0.0000000000
5931  -38.501  -81.108  9.183 0.0000000000
5934  -41.645  -81.765  9.763 0.0000000000
5935  -43.415  -81.413  10.294 0.0000000000
5943  -34.271  -81.112  7.995 0.0000000000
5951  -35.576  -81.000  7.564 0.0000000000
5953  -38.029  -81.271  6.965 0.0000000000
5957  -41.478  -81.413  6.672 0.0000000000
5967  -38.465  -80.817  6.905 0.0000000000
5968  -39.470  -80.746  6.777 0.0000000000
5970  -40.925  -80.917  6.472 0.0000000000
6007  -45.126  -80.644  4.104 0.0000000000
6016  -33.602  -81.230  2.074 0.0000000000
6019  -44.795  -80.429  3.420 0.0000000000
6032  -26.590  -81.445  1.515 0.0000000000
6033  -27.181  -81.191  1.482 0.0000000000
6037  -34.903  -81.513  1.306 0.0000000000
6049  -34.337  -81.827  0.804 0.0000000000
6061  -31.599  -81.633  -0.416 0.0000000000
6070  -18.960  -81.408  -1.741 0.0000000000
6071  -20.046  -81.673  -1.822 0.0000000000
6072  -24.317  -81.179  -1.480 0.0000000000
6074  -31.327  -82.060  -1.254 0.0000000000
6076  -36.363  -81.246  -1.553 0.0000000000
6080  -18.530  -81.463  -2.165 0.0000000000
6082  -20.236  -82.292  -1.966 0.0000000000
6089  -37.326  -80.669  -3.281 0.0000000000
6091  -41.261  -80.570  -2.508 0.0000000000
6096  -23.920  -81.652  -3.682 0.0000000000
6100  -31.093  -82.132  -3.415 0.0000000000
6102  -37.746  -80.698  -4.274 0.0000000000
6103  -39.229  -80.714  -4.279 0.0000000000
6113  -26.885  -81.120  -4.480 0.0000000000
6114  -30.646  -82.216  -4.114 0.0000000000
6125  -29.321  -82.716  -6.232 0.0000000000
6134  -21.729  -81.353  -7.269 0.0000000000
6135  -21.972  -81.839  -7.779 0.0000000000
6140  -31.005  -80.822  -6.421 0.0000000000
6141  -35.186  -81.729  -6.859 0.0000000000
6150  -25.651  -82.061  -9.478 0.0000000000
6363  -12.592  -80.815  30.544 0.0000000000
6371  -11.829  -80.220  30.115 0.0000000000
6374  -14.564  -80.639  29.157 0.0000000000
6375  -15.677  -81.213  28.564 0.0000000000
6382  -16.807  -80.413  27.976 0.0000000000
6383  -17.140  -80.106  27.777 0.0000000000
6390  -9.709  -80.904  27.120 0.0000000000
6391  -16.231  -80.959  27.322 0.0000000000
6393  -17.226  -79.995  27.358 0.0000000000
6400  -9.714  -80.455  26.533 0.0000000000
6402  -11.954  -80.618  26.348 0.0000000000
6405  -14.931  -80.857  26.514 0.0000000000
6407  -16.859  -80.250  26.899 0.0000000000
6410  -8.596  -80.640  25.616 0.0000000000
6412  -10.167  -79.865  25.923 0.0000000000
6415  -13.488  -80.068  25.752 0.0000000000
6421  -8.652  -79.980  25.059 0.0000000000
6431  -8.441  -80.285  22.452 0.0000000000
6444  -8.715  -80.764  21.314 0.0000000000
6460  -8.775  -80.408  20.443 0.0000000000
6475  -8.764  -80.429  19.544 0.0000000000
6486  -8.678  -79.785  18.050 0.0000000000
6559  -30.818  -80.630  11.897 0.0000000000
6563  -41.865  -81.487  12.180 0.0000000000
6570  -30.738  -80.657  11.413 0.0000000000
6571  -31.438  -80.638  11.372 0.0000000000
6572  -32.219  -80.542  10.788 0.0000000000
6582  -31.256  -80.674  10.780 0.0000000000
6584  -32.614  -80.516  10.068 0.0000000000
6585  -33.286  -80.501  9.811 0.0000000000
6592  -32.448  -80.752  9.746 0.0000000000
6594  -33.852  -80.555  8.992 0.0000000000
6595  -35.226  -80.540  8.775 0.0000000000
6601  -43.004  -81.235  9.348 0.0000000000
6609  -33.563  -80.983  8.647 0.0000000000
6611  -35.509  -80.633  7.985 0.0000000000
6613  -37.347  -80.531  7.814 0.0000000000
6626  -36.174  -80.804  7.593 0.0000000000
6627  -37.054  -80.819  7.401 0.0000000000
6628  -37.971  -80.659  7.255 0.0000000000
6642  -40.446  -80.522  6.724 0.0000000000
6647  -45.328  -79.823  6.070 0.0000000000
6656  -45.480  -80.234  5.204 0.0000000000
6679  -33.523  -80.213  3.081 0.0000000000
6695  -34.073  -80.791  2.588 0.0000000000
6696  -35.624  -81.045  1.836 0.0000000000
6697  -36.220  -80.493  2.394 0.0000000000
6713  -37.815  -79.950  1.688 0.0000000000
6735  -25.005  -80.706  -0.259 0.0000000000
6739  -37.040  -80.859  -0.187 0.0000000000
6741  -38.477  -80.130  -0.483 0.0000000000
6747  -19.096  -80.745  -1.542 0.0000000000
6751  -31.577  -81.283  -0.974 0.0000000000
6754  -37.885  -80.409  -1.745 0.0000000000
6763  -20.147  -80.860  -1.963 0.0000000000
6772  -39.971  -80.221  -3.317 0.0000000000
6775  -17.588  -80.189  -3.667 0.0000000000
6776  -18.288  -81.127  -3.484 0.0000000000
6778  -24.173  -80.936  -4.133 0.0000000000
6791  -18.123  -80.867  -4.311 0.0000000000
6792  -20.672  -80.871  -4.506 0.0000000000
6796  -27.936  -80.091  -4.241 0.0000000000
6797  -31.816  -80.658  -4.935 0.0000000000
6802  -20.888  -80.734  -5.814 0.0000000000
6804  -24.537  -80.285  -5.767 0.0000000000
6815  -22.013  -80.649  -7.361 0.0000000000
6816  -22.338  -80.677  -7.489 0.0000000000
6818  -26.419  -80.320  -8.015 0.0000000000
6820  -31.179  -80.472  -7.582 0.0000000000
6822  -26.219  -80.440  -9.018 0.0000000000
6823  -26.836  -80.019  -9.355 0.0000000000
6826  -31.352  -80.190  -8.676 0.0000000000
6829  -27.930  -80.209  -9.583 0.0000000000
6830  -28.658  -80.102  -9.389 0.0000000000
7059  -13.056  -80.058  29.235 0.0000000000
7071  -14.786  -79.986  28.632 0.0000000000
7072  -16.351  -80.409  28.350 0.0000000000
7073  -17.056  -79.812  28.162 0.0000000000
7081  -17.335  -79.558  27.677 0.0000000000
7086  -15.213  -80.164  26.160 0.0000000000
7088  -16.983  -79.598  26.453 0.0000000000
7092  -10.668  -79.501  25.249 0.0000000000
7095  -15.456  -79.342  25.784 0.0000000000
7096  -16.482  -79.111  25.979 0.0000000000
7100  -10.106  -79.153  24.610 0.0000000000
7102  -12.014  -78.908  24.774 0.0000000000
7136  -9.107  -79.141  21.572 0.0000000000
7178  -8.764  -79.883  18.858 0.0000000000
7260  -41.715  -80.197  11.303 0.0000000000
7268  -41.987  -79.700  10.748 0.0000000000
7269  -42.962  -80.015  10.660 0.0000000000
7277  -44.065  -79.652  9.744 0.0000000000
7289  -40.907  -80.055  6.856 0.0000000000
7290  -41.725  -80.013  6.838 0.0000000000
7291  -42.799  -80.007  6.807 0.0000000000
7292  -45.141  -79.288  7.928 0.0000000000
7298  -44.755  -79.590  7.164 0.0000000000
7308  -45.668  -79.129  5.768 0.0000000000
7338  -45.375  -79.691  4.104 0.0000000000
7347  -32.669  -79.765  2.461 0.0000000000
7349  -39.042  -79.321  2.164 0.0000000000
7356  -44.909  -79.916  3.427 0.0000000000
7368  -32.903  -79.516  1.059 0.0000000000
7372  -41.660  -79.500  1.475 0.0000000000
7374  -43.545  -79.812  1.572 0.0000000000
7387  -39.007  -79.689  0.679 0.0000000000
7388  -39.666  -79.631  0.382 0.0000000000
7390  -42.105  -79.543  0.507 0.0000000000
7392  -43.337  -79.872  0.685 0.0000000000
7407  -41.820  -79.631  -0.936 0.0000000000
7408  -42.241  -79.880  -1.278 0.0000000000
7413  -19.535  -79.975  -1.458 0.0000000000
7415  -25.013  -80.107  -0.939 0.0000000000
7421  -40.588  -79.687  -1.547 0.0000000000
7426  -18.220  -79.609  -1.709 0.0000000000
7440  -32.855  -80.216  -2.934 0.0000000000
7448  -25.104  -79.758  -4.168 0.0000000000
7455  -16.834  -79.700  -5.806 0.0000000000
7465  -20.947  -79.885  -6.207 0.0000000000
7476  -22.670  -79.951  -7.414 0.0000000000
7477  -23.334  -79.659  -7.423 0.0000000000
7481  -27.686  -78.645  -7.847 0.0000000000
7495  -27.546  -79.640  -9.464 0.0000000000
7500  -32.097  -79.373  -8.801 0.0000000000
7501  -32.955  -79.218  -8.850 0.0000000000
7751  -16.409  -78.887  28.328 0.0000000000
7753  -17.266  -79.164  28.037 0.0000000000
7773  -13.634  -78.936  25.239 0.0000000000
7777  -17.536  -78.286  26.510 0.0000000000
7784  -10.659  -78.771  24.137 0.0000000000
7785  -11.490  -78.520  24.169 0.0000000000
7786  -12.265  -78.408  24.337 0.0000000000
7787  -14.150  -78.207  24.828 0.0000000000
7789  -16.188  -77.649  24.982 0.0000000000
7800  -11.277  -78.208  23.496 0.0000000000
7801  -12.085  -78.047  23.729 0.0000000000
7817  -9.166  -79.054  22.403 0.0000000000
7820  -11.844  -77.829  22.839 0.0000000000
7835  -10.523  -77.803  21.726 0.0000000000
7871  -8.762  -77.756  19.259 0.0000000000
8036  -44.990  -78.403  4.874 0.0000000000
8053  -42.735  -78.653  3.759 0.0000000000
8056  -45.372  -79.097  4.411 0.0000000000
8068  -40.535  -79.067  2.774 0.0000000000
8071  -43.333  -79.206  3.187 0.0000000000
8085  -33.350  -78.800  1.559 0.0000000000
8107  -20.334  -78.368  -0.679 0.0000000000
8108  -20.885  -78.157  -0.645 0.0000000000
8121  -19.149  -79.347  -1.308 0.0000000000
8123  -20.577  -78.612  -1.115 0.0000000000
8134  -17.672  -79.019  -2.314 0.0000000000
8137  -21.299  -77.932  -1.509 0.0000000000
8138  -26.433  -79.168  -2.451 0.0000000000
8145  -20.559  -78.775  -2.479 0.0000000000
8157  -28.741  -78.596  -5.066 0.0000000000
8168  -20.573  -78.238  -5.167 0.0000000000
8171  -28.532  -78.513  -5.807 0.0000000000
8174  -34.731  -78.985  -5.368 0.0000000000
8182  -20.989  -78.506  -5.973 0.0000000000
8183  -21.724  -78.808  -6.541 0.0000000000
8186  -33.840  -79.175  -5.968 0.0000000000
8192  -22.563  -79.199  -7.164 0.0000000000
8193  -23.212  -78.593  -7.367 0.0000000000
8196  -27.595  -78.702  -8.727 0.0000000000
8200  -28.841  -78.168  -9.096 0.0000000000
8201  -33.923  -78.955  -8.725 0.0000000000
8207  -31.053  -78.521  -8.700 0.0000000000
8463  -17.105  -78.427  28.050 0.0000000000
8477  -17.451  -77.706  27.364 0.0000000000
8494  -17.519  -77.403  25.994 0.0000000000
8503  -14.564  -77.768  24.285 0.0000000000
8505  -16.971  -76.940  24.596 0.0000000000
8506  -17.477  -76.536  25.283 0.0000000000
8518  -13.424  -77.726  23.559 0.0000000000
8531  -14.305  -77.403  22.363 0.0000000000
8548  -11.943  -77.409  21.076 0.0000000000
8551  -14.273  -77.314  21.449 0.0000000000
8571  -11.370  -77.217  20.252 0.0000000000
8572  -12.472  -77.305  20.224 0.0000000000
8574  -14.217  -77.231  20.600 0.0000000000
8587  -8.600  -77.371  18.590 0.0000000000
8588  -8.995  -77.115  19.447 0.0000000000
8591  -12.081  -77.154  19.484 0.0000000000
8593  -14.081  -77.146  19.780 0.0000000000
8605  -11.536  -76.904  18.799 0.0000000000
8607  -13.342  -76.959  18.667 0.0000000000
8622  -13.068  -76.864  18.040 0.0000000000
8731  -43.869  -77.261  6.689 0.0000000000
8732  -44.792  -77.710  6.471 0.0000000000
8733  -45.420  -78.203  6.321 0.0000000000
8764  -42.515  -77.599  4.768 0.0000000000
8765  -43.389  -77.708  4.873 0.0000000000
8776  -39.693  -77.619  3.760 0.0000000000
8778  -41.104  -77.850  4.225 0.0000000000
8814  -19.913  -77.753  -0.607 0.0000000000
8816  -21.178  -77.686  -0.445 0.0000000000
8842  -17.847  -78.019  -2.573 0.0000000000
8843  -21.005  -77.933  -2.355 0.0000000000
8866  -20.390  -77.212  -4.262 0.0000000000
8876  -17.076  -77.211  -5.458 0.0000000000
8887  -16.888  -77.634  -5.623 0.0000000000
8892  -29.393  -76.910  -7.202 0.0000000000
8899  -23.940  -77.929  -7.506 0.0000000000
8901  -25.172  -78.007  -7.402 0.0000000000
8903  -29.138  -76.978  -8.150 0.0000000000
8907  -29.128  -77.383  -8.783 0.0000000000
8908  -29.865  -77.188  -8.625 0.0000000000
9199  -17.577  -76.176  26.471 0.0000000000
9208  -17.687  -75.980  25.641 0.0000000000
9226  -17.038  -76.095  23.169 0.0000000000
9227  -17.221  -75.543  23.411 0.0000000000
9241  -16.694  -75.976  22.382 0.0000000000
9255  -16.396  -75.845  21.531 0.0000000000
9261  -15.530  -76.535  20.588 0.0000000000
9277  -15.401  -76.304  19.291 0.0000000000
9285  -8.599  -76.890  18.017 0.0000000000
9286  -8.912  -76.726  18.599 0.0000000000
9290  -14.758  -76.589  18.641 0.0000000000
9305  -12.787  -76.768  17.280 0.0000000000
9307  -14.398  -76.414  17.114 0.0000000000
9316  -11.187  -76.540  16.364 0.0000000000
9318  -14.415  -76.269  16.199 0.0000000000
9458  -41.914  -76.647  7.053 0.0000000000
9460  -42.978  -76.913  6.895 0.0000000000
9485  -41.379  -76.854  5.445 0.0000000000
9499  -41.106  -77.054  5.072 0.0000000000
9500  -42.048  -77.137  5.199 0.0000000000
9518  -22.049  -76.272  0.145 0.0000000000
9532  -20.320  -77.083  -0.290 0.0000000000
9534  -21.645  -76.936  -0.230 0.0000000000
9554  -21.857  -76.727  -1.153 0.0000000000
9571  -17.910  -77.103  -2.984 0.0000000000
9572  -18.417  -76.417  -2.635 0.0000000000
9587  -17.347  -76.830  -3.884 0.0000000000
9589  -20.675  -76.697  -3.699 0.0000000000
9599  -17.273  -75.922  -5.186 0.0000000000
9621  -21.305  -76.212  -5.979 0.0000000000
9622  -21.631  -75.811  -6.369 0.0000000000
9624  -30.130  -76.687  -7.127 0.0000000000
9630  -22.250  -76.323  -6.665 0.0000000000
9631  -22.602  -75.688  -7.118 0.0000000000
9646  -30.461  -77.015  -8.420 0.0000000000
9938  -17.260  -75.632  26.653 0.0000000000
9955  -10.233  -75.172  24.668 0.0000000000
9974  -10.475  -75.391  24.330 0.0000000000
9975  -11.061  -75.636  24.598 0.0000000000
9976  -12.586  -75.560  24.533 0.0000000000
9977  -14.240  -75.148  24.493 0.0000000000
9978  -17.416  -75.443  24.159 0.0000000000
9992  -10.368  -75.383  23.638 0.0000000000
9995  -13.412  -75.390  24.126 0.0000000000
10003  -10.093  -75.341  22.831 0.0000000000
10006  -13.244  -75.269  23.248 0.0000000000
10032  -15.969  -75.005  19.366 0.0000000000
10042  -15.678  -75.143  18.540 0.0000000000
10052  -15.401  -75.269  17.652 0.0000000000
10057  -15.120  -75.329  16.725 0.0000000000
10192  -41.123  -76.514  5.865 0.0000000000
10219  -22.150  -75.675  0.442 0.0000000000
10220  -22.482  -75.677  0.220 0.0000000000
10240  -20.724  -76.201  0.008 0.0000000000
10254  -22.231  -75.989  -1.214 0.0000000000
10255  -22.579  -75.544  -0.507 0.0000000000
10270  -21.786  -75.625  -2.186 0.0000000000
10285  -17.514  -75.861  -4.129 0.0000000000
10286  -18.271  -75.456  -3.235 0.0000000000
10287  -20.770  -76.016  -4.070 0.0000000000
10302  -20.607  -75.727  -4.923 0.0000000000
10314  -17.339  -75.335  -5.789 0.0000000000
10324  -16.678  -75.466  -6.253 0.0000000000
10325  -17.158  -75.422  -6.108 0.0000000000
10683  -14.683  -74.844  26.684 0.0000000000
10685  -17.130  -74.984  25.695 0.0000000000
10700  -10.432  -74.977  25.783 0.0000000000
10705  -16.967  -74.794  25.026 0.0000000000
10718  -15.780  -74.705  24.557 0.0000000000
10719  -16.571  -74.672  24.341 0.0000000000
10728  -16.708  -74.703  23.550 0.0000000000
10729  -17.168  -74.988  23.455 0.0000000000
10736  -16.669  -74.778  22.691 0.0000000000
10737  -16.999  -75.150  22.879 0.0000000000
10741  -7.827  -74.170  22.044 0.0000000000
10742  -8.816  -75.083  21.789 0.0000000000
10746  -13.425  -74.808  21.767 0.0000000000
10747  -15.208  -74.501  21.932 0.0000000000
10749  -16.329  -74.784  21.167 0.0000000000
10753  -8.070  -74.684  20.732 0.0000000000
10754  -8.512  -74.962  21.118 0.0000000000
10756  -11.260  -74.659  20.466 0.0000000000
10759  -14.551  -74.478  20.471 0.0000000000
10769  -8.075  -74.566  19.774 0.0000000000
10771  -10.924  -74.520  19.611 0.0000000000
10772  -13.875  -74.502  19.379 0.0000000000
10774  -15.290  -74.510  19.347 0.0000000000
10789  -8.661  -74.444  18.218 0.0000000000
10790  -10.539  -74.459  18.818 0.0000000000
10794  -14.495  -74.447  18.066 0.0000000000
10802  -8.451  -74.158  17.113 0.0000000000
10804  -11.804  -74.409  17.974 0.0000000000
10805  -12.781  -74.425  17.778 0.0000000000
10808  -15.167  -74.780  17.109 0.0000000000
10820  -14.011  -74.469  16.472 0.0000000000
10822  -14.940  -74.972  16.282 0.0000000000
10949  -14.227  -74.550  5.955 0.0000000000
10950  -14.946  -74.731  5.991 0.0000000000
10961  -13.582  -74.617  5.334 0.0000000000
10963  -14.857  -74.480  5.272 0.0000000000
10969  -11.878  -74.611  4.424 0.0000000000
10971  -14.082  -74.895  4.113 0.0000000000
10973  -15.162  -74.091  4.494 0.0000000000
10978  -12.313  -74.888  3.974 0.0000000000
10989  -13.015  -74.720  3.210 0.0000000000
10990  -14.565  -74.636  2.809 0.0000000000
10992  -15.581  -74.232  2.057 0.0000000000
11003  -14.990  -74.430  2.125 0.0000000000
11004  -22.618  -74.147  1.235 0.0000000000
11017  -22.150  -74.798  0.848 0.0000000000
11034  -20.127  -75.393  -0.853 0.0000000000
11046  -22.796  -74.724  -0.729 0.0000000000
11055  -18.949  -74.649  -2.792 0.0000000000
11056  -19.410  -73.869  -2.356 0.0000000000
11058  -22.413  -74.369  -1.600 0.0000000000
11074  -21.296  -74.366  -3.476 0.0000000000
11103  -20.763  -74.750  -6.196 0.0000000000
11113  -16.948  -74.720  -6.221 0.0000000000
11115  -20.874  -74.421  -6.800 0.0000000000
11541  -9.089  -73.789  25.749 0.0000000000
11548  -10.046  -74.541  24.477 0.0000000000
11552  -8.814  -73.569  22.756 0.0000000000
11565  -7.473  -73.585  20.713 0.0000000000
11568  -7.512  -73.545  19.702 0.0000000000
11580  -7.665  -73.944  18.232 0.0000000000
11591  -7.764  -73.648  17.319 0.0000000000
11718  -13.928  -73.848  6.296 0.0000000000
11720  -15.598  -74.369  6.290 0.0000000000
11722  -17.698  -73.538  6.296 0.0000000000
11725  -12.668  -74.281  5.368 0.0000000000
11727  -15.422  -74.198  5.189 0.0000000000
11735  -10.712  -73.419  4.023 0.0000000000
11736  -15.614  -73.488  4.501 0.0000000000
11746  -10.948  -74.003  3.825 0.0000000000
11757  -11.025  -73.468  2.443 0.0000000000
11758  -11.351  -74.066  3.060 0.0000000000
11759  -12.300  -74.156  2.647 0.0000000000
11761  -17.075  -73.014  2.436 0.0000000000
11763  -19.173  -73.060  2.260 0.0000000000
11764  -20.136  -72.977  2.251 0.0000000000
11777  -14.525  -74.024  1.522 0.0000000000
11782  -20.613  -73.141  1.947 0.0000000000
11783  -22.106  -73.362  1.659 0.0000000000
11784  -22.749  -73.467  1.508 0.0000000000
11785  -23.180  -73.467  1.332 0.0000000000
11798  -13.940  -73.375  1.087 0.0000000000
11802  -17.448  -73.620  0.787 0.0000000000
11803  -18.380  -73.385  1.091 0.0000000000
11804  -20.943  -73.269  0.902 0.0000000000
11806  -23.402  -73.639  0.799 0.0000000000
11817  -16.163  -73.591  -0.180 0.0000000000
11818  -17.095  -73.415  -0.060 0.0000000000
11819  -20.362  -73.540  -0.567 0.0000000000
11821  -23.242  -74.266  0.049 0.0000000000
11827  -19.386  -72.765  -1.895 0.0000000000
11843  -19.677  -73.234  -2.007 0.0000000000
11864  -18.670  -73.327  -3.313 0.0000000000
11884  -20.365  -73.587  -4.851 0.0000000000
11898  -17.031  -73.168  -5.757 0.0000000000
11919  -16.467  -73.423  -5.996 0.0000000000
11920  -17.038  -74.034  -6.159 0.0000000000
12358  -10.542  -72.955  24.762 0.0000000000
12366  -10.908  -72.717  24.245 0.0000000000
12374  -7.540  -72.624  22.260 0.0000000000
12375  -7.987  -73.076  22.609 0.0000000000
12383  -7.408  -72.731  19.260 0.0000000000
12552  -18.946  -72.734  6.818 0.0000000000
12556  -13.471  -72.890  6.378 0.0000000000
12558  -15.405  -73.661  6.712 0.0000000000
12559  -16.778  -73.322  7.130 0.0000000000
12560  -17.265  -73.640  6.774 0.0000000000
12562  -19.167  -72.656  6.312 0.0000000000
12571  -12.790  -73.421  5.800 0.0000000000
12572  -17.202  -72.864  5.219 0.0000000000
12573  -18.183  -73.197  5.857 0.0000000000
12585  -10.763  -72.369  4.118 0.0000000000
12587  -15.856  -72.663  3.902 0.0000000000
12600  -10.452  -72.753  3.326 0.0000000000
12611  -10.560  -72.934  2.436 0.0000000000
12612  -16.511  -71.750  3.262 0.0000000000
12614  -17.345  -72.210  2.493 0.0000000000
12616  -19.610  -72.473  2.443 0.0000000000
12617  -20.646  -72.420  2.412 0.0000000000
12618  -21.476  -72.333  2.360 0.0000000000
12631  -10.535  -72.383  1.828 0.0000000000
12632  -12.422  -72.759  1.152 0.0000000000
12633  -13.209  -73.152  1.338 0.0000000000
12634  -22.885  -72.807  1.597 0.0000000000
12635  -23.302  -73.020  1.216 0.0000000000
12647  -13.330  -72.691  0.689 0.0000000000
12649  -15.243  -73.462  -0.094 0.0000000000
12651  -18.944  -72.833  0.212 0.0000000000
12652  -20.230  -72.942  0.347 0.0000000000
12653  -22.950  -72.063  0.345 0.0000000000
12657  -14.764  -72.860  -0.591 0.0000000000
12660  -17.713  -72.586  -0.782 0.0000000000
12661  -19.287  -72.651  -0.609 0.0000000000
12668  -17.047  -72.297  -1.618 0.0000000000
12671  -19.517  -72.708  -1.202 0.0000000000
12672  -22.882  -72.776  -0.826 0.0000000000
12681  -18.000  -71.815  -3.051 0.0000000000
12698  -17.764  -71.975  -3.741 0.0000000000
12737  -16.048  -72.072  -5.962 0.0000000000
12738  -16.618  -72.327  -5.606 0.0000000000
12739  -17.197  -72.515  -5.230 0.0000000000
13207  -11.056  -71.367  26.057 0.0000000000
13217  -8.180  -72.145  25.986 0.0000000000
13218  -9.037  -72.370  25.717 0.0000000000
13236  -7.636  -71.039  23.152 0.0000000000
13237  -8.337  -71.527  23.177 0.0000000000
13239  -10.658  -72.456  23.692 0.0000000000
13297  -7.339  -71.720  19.234 0.0000000000
13324  -7.398  -71.534  18.366 0.0000000000
13498  -18.114  -72.131  7.399 0.0000000000
13499  -18.991  -72.305  7.297 0.0000000000
13501  -20.973  -71.201  7.284 0.0000000000
13508  -14.983  -71.317  6.919 0.0000000000
13510  -16.576  -72.439  7.257 0.0000000000
13513  -21.576  -71.139  7.045 0.0000000000
13529  -12.747  -71.248  5.712 0.0000000000
13532  -19.736  -72.179  5.836 0.0000000000
13533  -20.854  -71.514  5.910 0.0000000000
13551  -11.237  -71.504  4.416 0.0000000000
13553  -16.323  -72.007  3.529 0.0000000000
13555  -16.698  -71.983  4.489 0.0000000000
13556  -18.001  -71.440  4.707 0.0000000000
13573  -16.562  -71.516  3.366 0.0000000000
13586  -17.029  -71.232  2.604 0.0000000000
13590  -21.151  -71.918  2.425 0.0000000000
13591  -21.908  -72.026  2.349 0.0000000000
13600  -10.467  -71.600  1.749 0.0000000000
13603  -17.335  -70.680  2.274 0.0000000000
13604  -18.037  -70.779  1.872 0.0000000000
13606  -20.608  -71.435  2.153 0.0000000000
13608  -22.464  -72.022  1.934 0.0000000000
13609  -23.031  -72.374  1.234 0.0000000000
13615  -13.065  -71.954  0.124 0.0000000000
13616  -13.999  -72.395  -0.011 0.0000000000
13622  -12.638  -71.279  -0.351 0.0000000000
13626  -22.519  -71.586  -0.580 0.0000000000
13634  -17.068  -71.637  -2.748 0.0000000000
13635  -17.653  -71.981  -2.235 0.0000000000
13637  -22.436  -71.931  -1.314 0.0000000000
13648  -21.941  -72.058  -2.219 0.0000000000
13670  -16.503  -71.340  -4.616 0.0000000000
13671  -17.178  -71.605  -4.222 0.0000000000
13686  -14.945  -71.703  -4.845 0.0000000000
13688  -16.223  -71.673  -5.432 0.0000000000
14145  -8.237  -70.008  26.480 0.0000000000
14148  -11.484  -70.768  26.210 0.0000000000
14157  -12.096  -70.481  25.897 0.0000000000
14160  -11.513  -70.109  24.380 0.0000000000
14174  -10.907  -70.941  24.064 0.0000000000
14184  -7.198  -70.537  22.872 0.0000000000
14202  -7.192  -70.815  20.777 0.0000000000
14397  -11.043  -70.101  9.995 0.0000000000
14406  -11.137  -70.284  9.454 0.0000000000
14417  -19.662  -71.463  7.450 0.0000000000
14420  -22.608  -70.383  7.166 0.0000000000
14421  -23.318  -70.073  7.028 0.0000000000
14439  -16.089  -70.507  6.792 0.0000000000
14441  -17.709  -71.034  7.233 0.0000000000
14463  -20.047  -71.423  5.412 0.0000000000
14476  -16.653  -71.344  3.795 0.0000000000
14477  -17.140  -70.730  3.782 0.0000000000
14478  -18.189  -70.510  4.174 0.0000000000
14480  -22.604  -70.543  5.112 0.0000000000
14489  -16.945  -70.422  2.992 0.0000000000
14490  -18.444  -69.744  3.609 0.0000000000
14493  -10.330  -70.930  2.413 0.0000000000
14494  -16.728  -71.109  2.990 0.0000000000
14503  -11.040  -70.345  0.905 0.0000000000
14506  -18.700  -70.422  1.408 0.0000000000
14507  -19.859  -70.807  1.388 0.0000000000
14520  -18.328  -69.660  1.170 0.0000000000
14535  -8.187  -69.692  -0.381 0.0000000000
14536  -12.373  -70.441  -0.671 0.0000000000
14538  -19.860  -69.694  -0.075 0.0000000000
14539  -20.848  -70.134  -0.321 0.0000000000
14541  -22.126  -71.004  -0.797 0.0000000000
14552  -12.673  -69.987  -1.390 0.0000000000
14554  -21.734  -70.541  -1.540 0.0000000000
14570  -14.503  -70.381  -3.114 0.0000000000
14571  -15.353  -70.793  -3.388 0.0000000000
14574  -21.410  -70.644  -2.422 0.0000000000
14586  -14.854  -70.539  -3.710 0.0000000000
14588  -16.123  -70.887  -3.685 0.0000000000
14602  -12.204  -70.037  -4.133 0.0000000000
14603  -12.878  -70.466  -3.971 0.0000000000
14604  -14.010  -70.697  -4.139 0.0000000000
14606  -15.292  -70.788  -4.422 0.0000000000
14607  -16.034  -70.840  -4.276 0.0000000000
14619  -15.168  -71.094  -4.728 0.0000000000
15106  -8.106  -68.966  26.465 0.0000000000
15108  -10.771  -70.190  26.377 0.0000000000
15117  -12.259  -69.751  25.925 0.0000000000
15118  -12.417  -69.761  25.434 0.0000000000
15133  -7.385  -69.221  23.387 0.0000000000
15137  -12.014  -69.175  23.974 0.0000000000
15164  -7.093  -69.077  20.500 0.0000000000
15339  -9.870  -69.018  10.788 0.0000000000
15341  -11.019  -69.609  10.217 0.0000000000
15351  -10.022  -69.559  9.966 0.0000000000
15352  -10.586  -70.059  9.701 0.0000000000
15353  -11.408  -69.975  9.839 0.0000000000
15365  -10.029  -69.705  9.372 0.0000000000
15367  -11.705  -70.067  9.220 0.0000000000
15368  -12.495  -69.412  9.011 0.0000000000
15385  -10.112  -69.695  8.638 0.0000000000
15388  -12.963  -69.298  8.178 0.0000000000
15390  -14.510  -68.833  8.024 0.0000000000
15391  -20.155  -69.699  7.669 0.0000000000
15394  -23.253  -69.394  7.117 0.0000000000
15410  -13.071  -69.668  7.141 0.0000000000
15413  -16.511  -69.912  6.534 0.0000000000
15414  -17.785  -69.290  6.609 0.0000000000
15415  -18.728  -69.303  7.198 0.0000000000
15416  -19.480  -69.085  7.426 0.0000000000
15435  -10.991  -69.947  4.730 0.0000000000
15437  -21.988  -70.221  4.440 0.0000000000
15438  -22.809  -70.137  4.375 0.0000000000
15439  -23.596  -70.047  4.368 0.0000000000
15446  -17.416  -69.831  2.483 0.0000000000
15450  -21.553  -69.680  3.772 0.0000000000
15452  -23.870  -69.649  3.824 0.0000000000
15467  -18.391  -68.848  2.547 0.0000000000
15481  -17.616  -69.553  1.962 0.0000000000
15494  -8.163  -68.928  0.130 0.0000000000
15496  -11.211  -69.334  0.301 0.0000000000
15497  -11.837  -69.881  -0.246 0.0000000000
15499  -19.102  -69.255  0.096 0.0000000000
15511  -8.692  -69.020  -0.438 0.0000000000
15512  -9.316  -68.663  -0.805 0.0000000000
15516  -19.417  -69.113  -0.838 0.0000000000
15518  -21.125  -69.907  -1.290 0.0000000000
15536  -12.837  -69.306  -2.302 0.0000000000
15537  -19.115  -68.538  -1.147 0.0000000000
15538  -19.370  -68.754  -1.931 0.0000000000
15557  -9.901  -69.280  -2.061 0.0000000000
15560  -13.778  -69.771  -3.174 0.0000000000
15576  -11.903  -68.925  -4.103 0.0000000000
15577  -12.647  -69.008  -3.992 0.0000000000
15592  -13.230  -70.080  -3.836 0.0000000000
15593  -13.984  -70.449  -3.881 0.0000000000
15594  -14.781  -70.583  -4.094 0.0000000000
16112  -9.577  -68.220  25.572 0.0000000000
16115  -12.540  -69.204  25.386 0.0000000000
16127  -7.493  -68.354  23.308 0.0000000000
16130  -10.869  -68.887  23.449 0.0000000000
16132  -12.662  -68.871  24.387 0.0000000000
16142  -6.942  -68.728  22.801 0.0000000000
16143  -10.225  -67.535  22.687 0.0000000000
16155  -6.941  -68.271  21.793 0.0000000000
16167  -7.200  -68.075  20.785 0.0000000000
16284  -9.993  -68.539  11.365 0.0000000000
16299  -9.255  -68.328  10.699 0.0000000000
16300  -10.440  -68.997  10.703 0.0000000000
16326  -11.914  -68.701  9.351 0.0000000000
16338  -6.924  -67.902  7.653 0.0000000000
16340  -10.454  -69.420  7.079 0.0000000000
16343  -20.720  -69.125  7.595 0.0000000000
16344  -21.497  -69.168  7.530 0.0000000000
16351  -7.259  -67.727  6.955 0.0000000000
16357  -16.165  -69.266  6.084 0.0000000000
16362  -21.948  -68.446  7.005 0.0000000000
16371  -9.912  -67.959  5.948 0.0000000000
16374  -15.812  -68.603  5.752 0.0000000000
16375  -16.519  -68.518  5.732 0.0000000000
16403  -10.349  -68.404  4.059 0.0000000000
16405  -21.353  -69.051  3.119 0.0000000000
16407  -22.820  -69.069  3.182 0.0000000000
16427  -18.280  -68.623  1.835 0.0000000000
16430  -22.960  -68.674  2.617 0.0000000000
16448  -8.302  -68.190  1.540 0.0000000000
16449  -10.331  -68.430  1.267 0.0000000000
16450  -18.396  -68.543  1.102 0.0000000000
16452  -19.691  -68.191  1.892 0.0000000000
16455  -22.896  -68.183  1.797 0.0000000000
16471  -8.805  -68.221  0.531 0.0000000000
16472  -9.587  -68.039  0.291 0.0000000000
16473  -10.072  -67.908  0.896 0.0000000000
16489  -9.739  -68.292  -0.477 0.0000000000
16490  -10.349  -68.289  -0.807 0.0000000000
16492  -11.717  -68.809  -1.415 0.0000000000
16508  -10.519  -68.492  -1.608 0.0000000000
16525  -10.868  -68.615  -2.467 0.0000000000
16527  -12.491  -68.454  -3.007 0.0000000000
16544  -11.183  -68.392  -3.079 0.0000000000
16545  -11.563  -68.474  -3.521 0.0000000000
16547  -12.724  -68.808  -3.455 0.0000000000
17107  -8.928  -67.280  25.141 0.0000000000
17110  -12.671  -68.353  24.944 0.0000000000
17119  -12.913  -67.456  24.275 0.0000000000
17126  -13.066  -67.209  23.858 0.0000000000
17138  -12.815  -66.957  23.045 0.0000000000
17219  -16.187  -67.037  18.115 0.0000000000
17296  -9.330  -67.383  11.808 0.0000000000
17297  -9.910  -67.917  11.841 0.0000000000
17341  -7.058  -66.991  8.799 0.0000000000
17344  -10.693  -67.704  10.441 0.0000000000
17345  -11.299  -68.176  9.790 0.0000000000
17356  -6.941  -67.389  8.090 0.0000000000
17357  -7.153  -67.131  8.138 0.0000000000
17359  -9.244  -67.728  8.266 0.0000000000
17361  -12.415  -68.276  8.714 0.0000000000
17367  -7.521  -67.300  7.430 0.0000000000
17372  -13.853  -67.847  8.080 0.0000000000
17378  -7.787  -67.250  6.640 0.0000000000
17379  -8.684  -67.025  7.081 0.0000000000
17381  -11.960  -67.358  7.134 0.0000000000
17384  -14.714  -67.884  6.707 0.0000000000
17385  -17.834  -67.738  6.073 0.0000000000
17387  -20.675  -67.538  6.604 0.0000000000
17399  -7.887  -67.225  5.807 0.0000000000
17407  -16.575  -67.718  5.286 0.0000000000
17409  -18.325  -66.994  5.976 0.0000000000
17411  -21.025  -67.062  5.983 0.0000000000
17430  -9.276  -67.313  4.697 0.0000000000
17432  -14.109  -67.586  4.282 0.0000000000
17433  -14.951  -67.740  4.402 0.0000000000
17436  -17.430  -66.668  4.624 0.0000000000
17452  -8.513  -67.487  3.582 0.0000000000
17453  -9.353  -67.463  3.946 0.0000000000
17457  -16.011  -67.103  3.192 0.0000000000
17458  -16.776  -66.868  3.836 0.0000000000
17470  -7.592  -68.351  2.869 0.0000000000
17472  -13.669  -66.739  2.909 0.0000000000
17473  -14.209  -66.996  2.715 0.0000000000
17488  -8.833  -67.733  1.927 0.0000000000
17489  -9.500  -67.788  1.510 0.0000000000
17508  -19.318  -67.599  0.187 0.0000000000
17523  -19.024  -67.728  -1.330 0.0000000000
17525  -20.968  -67.039  -0.213 0.0000000000
18155  -9.244  -66.572  22.461 0.0000000000
18158  -12.740  -66.112  22.708 0.0000000000
18167  -8.052  -66.107  21.792 0.0000000000
18170  -12.227  -65.772  22.126 0.0000000000
18188  -7.988  -67.010  20.409 0.0000000000
18189  -8.534  -66.394  20.138 0.0000000000
18190  -9.019  -66.672  19.742 0.0000000000
18202  -9.189  -65.808  19.329 0.0000000000
18224  -10.976  -65.871  17.311 0.0000000000
18225  -11.484  -66.366  17.591 0.0000000000
18235  -22.187  -66.086  18.298 0.0000000000
18323  -8.364  -66.823  11.581 0.0000000000
18333  -7.919  -66.969  10.198 0.0000000000
18343  -7.643  -67.076  7.802 0.0000000000
18350  -8.222  -66.954  7.766 0.0000000000
18380  -18.010  -66.660  5.264 0.0000000000
18382  -19.513  -66.583  5.736 0.0000000000
18400  -11.293  -66.356  4.445 0.0000000000
18419  -12.420  -66.511  3.609 0.0000000000
18433  -12.835  -66.224  3.234 0.0000000000
18437  -16.324  -66.697  1.667 0.0000000000
18438  -17.180  -66.315  1.703 0.0000000000
18481  -22.467  -66.475  -0.644 0.0000000000
19055  -12.652  -66.067  23.735 0.0000000000
19063  -12.609  -65.558  23.097 0.0000000000
19109  -9.459  -65.254  18.714 0.0000000000
19126  -11.221  -65.222  16.748 0.0000000000
19129  -18.603  -65.752  16.304 0.0000000000
19151  -12.878  -65.152  15.965 0.0000000000
19153  -15.168  -65.383  15.673 0.0000000000
19155  -16.776  -65.566  15.657 0.0000000000
19156  -17.931  -65.258  15.682 0.0000000000
19170  -15.574  -64.909  15.589 0.0000000000
19172  -17.255  -64.926  15.567 0.0000000000
19175  -6.675  -65.575  14.407 0.0000000000
19192  -6.919  -65.723  12.947 0.0000000000
19232  -9.476  -65.583  10.928 0.0000000000
19244  -10.043  -65.719  8.947 0.0000000000
19269  -9.945  -65.079  6.204 0.0000000000
19284  -10.097  -64.993  5.213 0.0000000000
19300  -10.893  -65.295  4.058 0.0000000000
19331  -12.930  -65.626  2.992 0.0000000000
19352  -16.532  -65.836  0.250 0.0000000000
19353  -17.467  -65.849  0.735 0.0000000000
19948  -10.415  -64.344  24.197 0.0000000000
19965  -12.008  -64.579  23.047 0.0000000000
19966  -12.283  -64.984  22.522 0.0000000000
19980  -11.785  -64.299  22.446 0.0000000000
19994  -11.719  -64.621  21.803 0.0000000000
19995  -12.210  -65.257  22.082 0.0000000000
19998  -18.370  -64.406  21.392 0.0000000000
20013  -9.961  -63.616  20.351 0.0000000000
20016  -19.857  -64.384  20.260 0.0000000000
20017  -20.748  -64.145  20.296 0.0000000000
20018  -21.419  -63.560  20.302 0.0000000000
20030  -9.300  -64.786  19.531 0.0000000000
20032  -15.739  -64.171  18.485 0.0000000000
20054  -9.992  -64.348  17.797 0.0000000000
20056  -16.500  -64.105  17.986 0.0000000000
20070  -11.648  -64.440  16.586 0.0000000000
20071  -12.136  -63.866  16.764 0.0000000000
20072  -13.877  -64.335  16.471 0.0000000000
20103  -18.549  -64.089  15.722 0.0000000000
20104  -19.488  -63.953  15.848 0.0000000000
20126  -7.132  -63.877  13.077 0.0000000000
20135  -7.568  -64.475  12.729 0.0000000000
20172  -9.046  -64.812  10.509 0.0000000000
20203  -9.433  -64.122  6.230 0.0000000000
20218  -10.062  -64.240  4.820 0.0000000000
20232  -10.611  -64.387  4.325 0.0000000000
20261  -13.096  -65.129  2.782 0.0000000000
20263  -14.065  -64.500  1.912 0.0000000000
20848  -13.817  -62.995  24.225 0.0000000000
20862  -21.787  -63.375  23.099 0.0000000000
20887  -16.027  -63.563  21.567 0.0000000000
20903  -9.808  -63.600  19.792 0.0000000000
20909  -26.274  -63.732  20.930 0.0000000000
20910  -27.103  -62.963  21.083 0.0000000000
20923  -15.863  -63.947  20.091 0.0000000000
20927  -21.585  -61.367  19.777 0.0000000000
20942  -14.200  -63.762  18.213 0.0000000000
20943  -15.040  -64.153  17.582 0.0000000000
20958  -11.292  -63.708  17.122 0.0000000000
20983  -8.099  -63.504  16.451 0.0000000000
20986  -17.625  -63.567  16.094 0.0000000000
20987  -18.249  -63.570  15.884 0.0000000000
20995  -7.256  -63.236  16.079 0.0000000000
21012  -6.794  -64.078  13.678 0.0000000000
21013  -7.047  -63.260  13.462 0.0000000000
21048  -8.466  -62.842  10.557 0.0000000000
21067  -8.966  -63.010  8.109 0.0000000000
21070  -16.476  -63.418  8.153 0.0000000000
21087  -13.759  -63.288  7.908 0.0000000000
21089  -15.693  -63.652  7.563 0.0000000000
21107  -9.483  -63.452  6.464 0.0000000000
21108  -9.867  -63.238  6.049 0.0000000000
21110  -12.027  -62.887  6.688 0.0000000000
21111  -13.265  -63.227  6.312 0.0000000000
21136  -17.233  -63.548  5.777 0.0000000000
21152  -10.421  -63.841  4.683 0.0000000000
21154  -12.149  -63.706  4.214 0.0000000000
21181  -13.794  -64.008  2.514 0.0000000000
21772  -13.178  -62.416  26.452 0.0000000000
21782  -12.556  -61.993  25.963 0.0000000000
21798  -11.052  -62.825  23.437 0.0000000000
21799  -12.585  -62.032  23.408 0.0000000000
21808  -11.154  -62.630  22.161 0.0000000000
21809  -12.794  -62.014  22.579 0.0000000000
21810  -13.754  -62.488  22.271 0.0000000000
21837  -10.762  -62.284  20.339 0.0000000000
21838  -11.512  -61.981  20.317 0.0000000000
21839  -12.528  -62.075  20.302 0.0000000000
21840  -13.544  -62.489  20.387 0.0000000000
21841  -14.205  -62.702  20.845 0.0000000000
21857  -13.057  -62.609  19.588 0.0000000000
21870  -11.059  -62.709  18.741 0.0000000000
21897  -7.613  -62.595  16.069 0.0000000000
21930  -7.472  -61.759  13.833 0.0000000000
21961  -7.715  -62.590  12.369 0.0000000000
21971  -16.432  -61.931  9.905 0.0000000000
21978  -8.918  -62.243  8.803 0.0000000000
21981  -13.763  -62.636  9.537 0.0000000000
21983  -15.805  -62.550  9.439 0.0000000000
21995  -10.229  -61.987  7.802 0.0000000000
21996  -11.275  -62.464  8.155 0.0000000000
21999  -15.118  -63.093  9.003 0.0000000000
22019  -12.966  -62.975  8.009 0.0000000000
22078  -16.313  -62.238  2.227 0.0000000000
22697  -11.951  -61.744  25.502 0.0000000000
22715  -11.151  -62.209  21.767 0.0000000000
22716  -11.544  -61.961  22.413 0.0000000000
22717  -12.004  -61.749  22.927 0.0000000000
22722  -26.521  -61.434  22.114 0.0000000000
22749  -27.559  -61.672  21.150 0.0000000000
22770  -22.939  -59.993  18.169 0.0000000000
22771  -24.031  -60.101  18.102 0.0000000000
22788  -22.108  -60.888  17.592 0.0000000000
22799  -8.230  -61.928  16.169 0.0000000000
22831  -7.634  -61.493  14.524 0.0000000000
22832  -7.993  -60.964  14.806 0.0000000000
22859  -7.925  -60.576  12.171 0.0000000000
22860  -8.269  -59.981  12.306 0.0000000000
22873  -8.030  -60.988  11.613 0.0000000000
22879  -13.380  -61.388  11.654 0.0000000000
22882  -17.106  -60.881  11.332 0.0000000000
22893  -14.394  -61.764  10.946 0.0000000000
22895  -17.095  -61.326  10.503 0.0000000000
22907  -9.613  -61.218  9.093 0.0000000000
22918  -9.862  -61.520  8.471 0.0000000000
23668  -24.334  -58.989  19.265 0.0000000000
23669  -24.736  -59.280  19.280 0.0000000000
23680  -23.856  -59.514  18.630 0.0000000000
23709  -9.655  -60.741  16.080 0.0000000000
23711  -11.376  -60.370  16.230 0.0000000000
23723  -9.382  -60.188  15.200 0.0000000000
23724  -10.179  -60.155  15.630 0.0000000000
23735  -8.254  -60.192  14.256 0.0000000000
23738  -17.899  -59.514  14.183 0.0000000000
23761  -17.950  -59.560  13.522 0.0000000000
23785  -17.666  -60.049  12.678 0.0000000000
23799  -12.033  -61.210  11.790 0.0000000000
23801  -17.607  -60.241  11.684 0.0000000000
23810  -17.593  -60.327  10.328 0.0000000000
24483  -25.856  -59.311  24.519 0.0000000000
24515  -28.263  -60.148  21.046 0.0000000000
24537  -30.617  -59.600  19.859 0.0000000000
24574  -11.972  -59.948  16.267 0.0000000000
24578  -15.157  -59.508  17.403 0.0000000000
24592  -16.633  -58.846  15.310 0.0000000000
24606  -8.684  -59.739  13.970 0.0000000000
24607  -9.404  -59.614  14.263 0.0000000000
24609  -11.356  -59.524  14.611 0.0000000000
24613  -15.971  -59.311  14.858 0.0000000000
24635  -10.146  -59.455  13.678 0.0000000000
24661  -9.558  -59.594  13.177 0.0000000000
24688  -16.794  -59.351  10.076 0.0000000000
24697  -16.946  -59.864  9.347 0.0000000000
25385  -30.786  -58.820  19.518 0.0000000000
25443  -14.838  -58.891  15.201 0.0000000000
25481  -17.001  -58.123  13.249 0.0000000000
25494  -15.995  -58.204  11.480 0.0000000000
25495  -17.227  -58.611  11.822 0.0000000000
26175  -24.341  -57.583  25.481 0.0000000000
26192  -27.870  -57.307  24.357 0.0000000000
26203  -27.660  -58.057  24.231 0.0000000000
26211  -29.017  -57.135  22.321 0.0000000000
26215  -28.925  -57.989  21.805 0.0000000000
26306  -17.098  -57.390  13.821 0.0000000000
26318  -16.702  -57.536  12.901 0.0000000000
27097  -28.154  -56.594  24.486 0.0000000000
27112  -29.410  -56.252  22.012 0.0000000000
27214  -18.858  -56.429  13.847 0.0000000000
27215  -20.032  -56.321  14.044 0.0000000000
27242  -14.621  -56.255  11.959 0.0000000000
27244  -18.456  -56.387  12.225 0.0000000000
27245  -19.468  -56.204  12.564 0.0000000000
27263  -17.491  -56.298  11.619 0.0000000000
27264  -18.168  -56.254  11.823 0.0000000000
28087  -29.850  -55.809  20.058 0.0000000000
28105  -30.945  -55.836  17.942 0.0000000000
28117  -31.387  -55.654  17.140 0.0000000000
28125  -31.561  -55.610  16.033 0.0000000000
28163  -13.452  -54.911  13.071 0.0000000000
28178  -13.958  -55.730  12.548 0.0000000000
28182  -20.071  -55.886  12.725 0.0000000000
28192  -18.118  -56.045  11.658 0.0000000000
28985  -25.609  -54.518  25.558 0.0000000000
29015  -30.971  -54.887  26.245 0.0000000000
29037  -29.580  -54.484  20.880 0.0000000000
29121  -13.173  -54.531  12.844 0.0000000000
29941  -29.510  -53.560  21.980 0.0000000000
29957  -29.701  -53.660  19.230 0.0000000000
29975  -29.845  -53.286  16.944 0.0000000000
30002  -13.435  -53.238  14.242 0.0000000000
30015  -29.439  -53.730  14.887 0.0000000000
30822  -30.021  -51.624  26.225 0.0000000000
30839  -28.829  -52.515  23.832 0.0000000000
30928  -17.971  -52.158  15.624 0.0000000000
31745  -29.240  -52.043  22.721 0.0000000000
31761  -29.432  -51.372  21.355 0.0000000000
31762  -29.639  -51.699  22.112 0.0000000000
31775  -29.090  -51.004  20.586 0.0000000000
32770  -24.253  -50.382  14.600 0.0000000000
33665  -16.707  -49.836  14.703 0.0000000000
33669  -21.275  -49.123  16.018 0.0000000000
34565  -28.371  -49.778  22.949 0.0000000000
34581  -27.860  -48.856  21.671 0.0000000000
34597  -28.185  -48.621  21.170 0.0000000000
34640  -23.200  -48.078  17.067 0.0000000000
34651  -16.538  -48.437  14.107 0.0000000000
34662  -15.754  -48.609  13.515 0.0000000000
109992  -17.535  -76.806  26.958 0.0000000000
110006  -26.564  -91.376  13.614 0.0000000000
110026  -10.663  -77.096  19.868 0.0000000000
110027  -9.424  -78.521  21.178 0.0000000000
110037  -15.046  -74.863  24.005 0.0000000000
110052  -14.915  -62.874  1.561 0.0000000000
110228  -16.212  -77.229  24.252 0.0000000000
110305  -17.572  -85.585  23.212 0.0000000000
110332  -23.481  -81.168  -6.744 0.0000000000
110385  -17.899  -59.230  12.120 0.0000000000
110441  -11.901  -83.229  29.196 0.0000000000
110475  -20.455  -80.437  -3.643 0.0000000000
110497  -9.486  -76.464  18.179 0.0000000000
110625  -6.804  -63.543  15.131 0.0000000000
110817  -25.174  -86.870  -4.257 0.0000000000
110884  -10.228  -86.435  26.921 0.0000000000
111005  -12.874  -68.126  24.295 0.0000000000
111015  -22.976  -93.866  23.116 0.0000000000
111044  -10.356  -70.151  3.170 0.0000000000
111061  -22.536  -63.601  17.176 0.0000000000
111093  -12.880  -74.715  20.987 0.0000000000
111132  -7.017  -66.711  11.037 0.0000000000
111197  -23.526  -92.271  25.840 0.0000000000
111208  -45.501  -79.685  5.683 0.0000000000
111355  -26.253  -89.956  12.640 0.0000000000
111362  -17.218  -77.875  -4.958 0.0000000000
111369  -9.005  -81.729  24.144 0.0000000000
111569  -17.031  -79.139  -3.894 0.0000000000
111747  -22.386  -87.612  14.750 0.0000000000
111773  -13.034  -74.515  19.467 0.0000000000
111878  -11.711  -89.447  27.035 0.0000000000
111928  -13.005  -86.008  21.686 0.0000000000
112025  -14.823  -76.368  17.876 0.0000000000
112065  -19.071  -93.836  20.297 0.0000000000
112077  -9.083  -82.229  20.134 0.0000000000
112088  -30.827  -86.102  10.045 0.0000000000
112139  -23.750  -84.082  -4.328 0.0000000000
112149  -19.711  -92.442  29.119 0.0000000000
112171  -11.639  -83.513  22.683 0.0000000000
112213  -25.854  -84.759  13.900 0.0000000000
112226  -10.127  -87.269  26.959 0.0000000000
112240  -22.807  -78.248  -7.115 0.0000000000
112337  -34.147  -84.872  9.641 0.0000000000
112376  -10.624  -71.698  23.694 0.0000000000
112428  -7.060  -69.991  21.158 0.0000000000
112518  -7.525  -68.503  20.014 0.0000000000
112578  -20.262  -77.922  -4.344 0.0000000000
112607  -12.854  -89.079  17.283 0.0000000000
112644  -19.270  -92.295  30.378 0.0000000000
112651  -21.644  -88.129  21.317 0.0000000000
112662  -22.887  -94.626  10.380 0.0000000000
112709  -9.680  -62.278  7.414 0.0000000000
112853  -15.133  -74.537  18.503 0.0000000000
112912  -26.427  -92.286  16.109 0.0000000000
112953  -26.500  -87.065  -0.065 0.0000000000
113158  -20.351  -81.783  -2.146 0.0000000000
113318  -32.433  -84.507  9.758 0.0000000000
113364  -8.716  -69.023  23.633 0.0000000000
113437  -21.833  -86.809  16.871 0.0000000000
113576  -34.496  -80.488  9.073 0.0000000000
113607  -30.852  -85.799  14.320 0.0000000000
113628  -22.180  -90.196  19.890 0.0000000000
113634  -17.640  -78.320  27.077 0.0000000000
113663  -15.022  -77.467  23.701 0.0000000000
113680  -32.001  -83.571  -4.930 0.0000000000
113726  -13.961  -74.837  3.420 0.0000000000
113733  -11.985  -77.625  21.938 0.0000000000
113789  -21.714  -93.247  15.996 0.0000000000
113796  -20.423  -89.602  14.758 0.0000000000
113860  -14.653  -76.814  19.348 0.0000000000
114000  -17.474  -79.786  -5.456 0.0000000000
114002  -10.229  -68.419  3.408 0.0000000000
114020  -9.185  -82.692  19.244 0.0000000000
114046  -26.057  -87.289  11.692 0.0000000000
114114  -21.403  -73.255  1.588 0.0000000000
114177  -17.623  -81.804  -4.755 0.0000000000
114211  -23.827  -91.019  -0.182 0.0000000000
114275  -9.424  -74.712  22.821 0.0000000000
114357  -33.772  -88.811  12.258 0.0000000000
114424  -24.952  -92.992  16.734 0.0000000000
114464  -24.939  -83.746  -8.504 0.0000000000
114468  -26.335  -88.850  -5.707 0.0000000000
114484  -25.079  -53.839  25.553 0.0000000000
114488  -10.672  -63.944  21.150 0.0000000000
114773  -31.703  -83.114  9.826 0.0000000000
114934  -17.017  -87.815  25.620 0.0000000000
115048  -19.997  -79.119  -1.093 0.0000000000
115152  -13.395  -62.506  23.134 0.0000000000
115179  -10.881  -75.620  23.976 0.0000000000
115219  -10.725  -80.499  30.670 0.0000000000
115236  -17.874  -64.447  20.761 0.0000000000
115267  -19.477  -88.888  19.772 0.0000000000
115363  -31.707  -57.796  18.715 0.0000000000
115443  -13.662  -63.238  5.043 0.0000000000
115498  -29.495  -55.055  27.275 0.0000000000
115591  -17.390  -79.161  -5.367 0.0000000000
115685  -18.333  -83.284  -4.315 0.0000000000
115698  -31.875  -83.918  9.834 0.0000000000
115865  -41.578  -77.885  8.865 0.0000000000
115965  -10.611  -84.935  19.819 0.0000000000
116017  -25.012  -55.223  25.601 0.0000000000
116084  -21.605  -72.203  -2.986 0.0000000000
116101  -25.280  -55.964  25.522 0.0000000000
116119  -23.244  -72.771  0.043 0.0000000000
116164  -26.280  -49.174  14.825 0.0000000000
116189  -6.796  -66.843  11.038 0.0000000000
116378  -11.346  -76.768  18.008 0.0000000000
116402  -28.910  -56.067  26.416 0.0000000000
116407  -26.815  -89.317  14.881 0.0000000000
116449  -17.839  -88.347  21.388 0.0000000000
116583  -20.682  -75.070  -5.469 0.0000000000
116768  -26.340  -85.065  21.127 0.0000000000
116878  -16.316  -71.354  7.058 0.0000000000
117022  -14.689  -88.811  24.106 0.0000000000
117092  -8.713  -59.836  11.898 0.0000000000
117206  -16.356  -74.681  21.865 0.0000000000
117415  -8.458  -63.592  11.392 0.0000000000
117422  -7.855  -67.390  4.977 0.0000000000
117448  -25.039  -86.272  -7.472 0.0000000000
117514  -25.818  -92.739  17.054 0.0000000000
117581  -27.612  -86.712  19.953 0.0000000000
117611  -25.745  -79.339  -3.730 0.0000000000
117751  -21.782  -92.521  26.841 0.0000000000
117959  -7.720  -67.661  20.301 0.0000000000
118038  -26.093  -81.936  -6.001 0.0000000000
118103  -9.809  -74.426  25.405 0.0000000000
118156  -16.141  -58.579  16.159 0.0000000000
118279  -20.675  -86.443  22.424 0.0000000000
118336  -22.464  -88.116  16.962 0.0000000000
118338  -31.863  -85.090  -7.978 0.0000000000
118393  -9.676  -70.893  23.581 0.0000000000
118528  -24.415  -81.868  -1.302 0.0000000000
118693  -23.645  -92.306  14.094 0.0000000000
118800  -12.379  -89.211  18.304 0.0000000000
118803  -21.620  -86.969  -5.377 0.0000000000
118971  -30.578  -80.267  -8.823 0.0000000000
118992  -21.036  -70.139  4.351 0.0000000000
119000  -11.237  -72.952  1.623 0.0000000000
119136  -9.177  -82.691  17.787 0.0000000000
119153  -14.907  -69.421  7.441 0.0000000000
119158  -16.916  -73.777  1.276 0.0000000000
119197  -21.335  -70.631  7.472 0.0000000000
119252  -16.317  -93.174  21.347 0.0000000000
119257  -15.683  -76.277  20.039 0.0000000000
119435  -22.418  -89.921  13.288 0.0000000000
119487  -10.368  -62.718  20.019 0.0000000000
119546  -24.254  -92.131  22.774 0.0000000000
119564  -13.273  -86.499  19.722 0.0000000000
119681  -23.425  -94.167  10.767 0.0000000000
119690  -10.566  -70.725  3.784 0.0000000000
119756  -14.952  -74.465  21.124 0.0000000000
119808  -17.333  -86.083  22.512 0.0000000000
119930  -27.514  -81.852  1.204 0.0000000000
120105  -20.374  -71.637  7.131 0.0000000000
120121  -25.353  -83.516  18.275 0.0000000000
120132  -20.282  -90.107  18.294 0.0000000000
120162  -15.743  -74.823  25.396 0.0000000000
120176  -17.911  -58.796  12.862 0.0000000000
120238  -22.947  -63.829  17.598 0.0000000000
120248  -28.714  -87.414  17.080 0.0000000000
120278  -14.256  -63.390  26.776 0.0000000000
120488  -24.179  -92.816  17.052 0.0000000000
120553  -25.319  -84.892  -8.403 0.0000000000
120595  -21.524  -89.992  0.390 0.0000000000
120650  -20.090  -85.341  -4.414 0.0000000000
120768  -12.566  -90.562  23.971 0.0000000000
120828  -10.924  -62.482  21.401 0.0000000000
120847  -15.463  -90.480  15.778 0.0000000000
120867  -19.438  -88.023  27.421 0.0000000000
120900  -17.738  -89.884  21.810 0.0000000000
120920  -26.581  -94.748  11.376 0.0000000000
121001  -18.682  -92.515  21.708 0.0000000000
121209  -20.752  -61.859  17.334 0.0000000000
121417  -20.773  -91.510  18.116 0.0000000000
121480  -20.333  -89.699  -0.649 0.0000000000
121547  -10.594  -86.975  21.978 0.0000000000
121594  -17.380  -78.764  -4.987 0.0000000000
121655  -28.442  -89.906  12.315 0.0000000000
121851  -13.871  -74.632  2.810 0.0000000000
121870  -19.684  -90.661  27.036 0.0000000000
121994  -16.755  -55.608  11.722 0.0000000000
122009  -10.808  -84.527  31.068 0.0000000000
122070  -8.535  -65.637  21.267 0.0000000000
122162  -20.307  -78.455  -3.528 0.0000000000
122247  -32.232  -80.092  0.805 0.0000000000
122409  -16.442  -71.914  -2.131 0.0000000000
122466  -14.374  -70.726  -2.462 0.0000000000
122497  -15.116  -72.551  6.881 0.0000000000
122545  -9.189  -70.013  -1.602 0.0000000000
122546  -38.399  -79.781  1.147 0.0000000000
122550  -9.652  -83.596  23.550 0.0000000000
122657  -9.329  -78.232  20.550 0.0000000000
122675  -18.648  -69.218  3.164 0.0000000000
122747  -16.698  -71.300  -3.364 0.0000000000
122767  -7.963  -68.188  2.133 0.0000000000
122790  -10.322  -68.989  2.893 0.0000000000
122876  -16.741  -73.649  2.012 0.0000000000
122891  -13.922  -89.023  21.088 0.0000000000
122959  -29.247  -82.402  14.163 0.0000000000
123032  -9.439  -84.544  23.401 0.0000000000
123083  -10.200  -69.586  -2.522 0.0000000000
123139  -16.570  -79.574  28.394 0.0000000000
123224  -9.118  -61.470  9.300 0.0000000000
123291  -14.195  -74.680  4.879 0.0000000000
123306  -21.147  -90.096  23.472 0.0000000000
123323  -38.233  -82.171  10.371 0.0000000000
123397  -12.307  -59.507  15.840 0.0000000000
123417  -20.852  -83.153  -3.738 0.0000000000
123484  -39.991  -79.501  1.157 0.0000000000
123647  -37.267  -81.184  7.123 0.0000000000
123801  -17.595  -76.756  26.581 0.0000000000
123803  -9.687  -59.452  13.766 0.0000000000
123919  -19.454  -94.559  16.385 0.0000000000
124020  -15.803  -90.260  27.311 0.0000000000
124056  -8.229  -67.050  9.323 0.0000000000
124081  -12.734  -72.316  5.932 0.0000000000
124177  -10.412  -88.260  25.828 0.0000000000
124202  -25.190  -79.844  -2.561 0.0000000000
124203  -32.807  -79.480  3.142 0.0000000000
124452  -11.116  -74.426  17.209 0.0000000000
124510  -11.276  -89.482  26.267 0.0000000000
124534  -12.668  -59.210  14.570 0.0000000000
124536  -27.678  -81.530  -0.355 0.0000000000
124552  -15.033  -74.578  17.779 0.0000000000
124656  -13.982  -67.568  4.914 0.0000000000
124665  -12.446  -60.476  12.914 0.0000000000
124668  -26.597  -86.047  0.403 0.0000000000
124795  -26.984  -84.839  12.681 0.0000000000
124799  -17.379  -81.232  -4.946 0.0000000000
124826  -16.155  -74.268  6.157 0.0000000000
124834  -37.929  -81.415  9.625 0.0000000000
124864  -22.649  -71.797  1.094 0.0000000000
124875  -22.565  -89.575  28.364 0.0000000000
124884  -40.074  -80.323  7.809 0.0000000000
124934  -21.843  -93.078  23.519 0.0000000000
125037  -25.051  -88.165  0.449 0.0000000000
125068  -31.896  -84.287  13.135 0.0000000000
125153  -11.812  -83.768  29.774 0.0000000000
125248  -21.557  -92.774  24.764 0.0000000000
125374  -19.580  -91.870  26.726 0.0000000000
125395  -13.992  -70.731  -1.963 0.0000000000
125556  -19.613  -66.861  -0.770 0.0000000000
125575  -7.309  -67.886  4.820 0.0000000000
125660  -14.325  -90.015  18.550 0.0000000000
125753  -9.221  -79.039  23.356 0.0000000000
125790  -22.384  -92.052  20.181 0.0000000000
125843  -20.556  -90.054  17.071 0.0000000000
125892  -22.192  -93.491  22.997 0.0000000000
125895  -12.435  -67.277  4.512 0.0000000000
125917  -8.569  -79.654  23.610 0.0000000000
125996  -10.447  -78.096  22.285 0.0000000000
126060  -9.327  -83.116  18.533 0.0000000000
126068  -20.518  -79.039  -1.776 0.0000000000
126182  -19.558  -91.553  27.646 0.0000000000
126190  -8.591  -65.606  20.836 0.0000000000
126202  -26.280  -87.705  -6.947 0.0000000000
126252  -17.432  -74.651  -5.556 0.0000000000
126286  -20.219  -89.022  -1.978 0.0000000000
126307  -18.891  -66.762  5.985 0.0000000000
126441  -11.310  -74.080  4.465 0.0000000000
126534  -18.631  -68.457  0.422 0.0000000000
126718  -14.351  -74.628  21.791 0.0000000000
126739  -9.300  -74.159  25.873 0.0000000000
126749  -17.920  -73.337  6.796 0.0000000000
126803  -21.635  -84.509  -7.224 0.0000000000
126839  -8.879  -82.532  28.308 0.0000000000
126918  -13.866  -62.882  19.639 0.0000000000
127058  -12.022  -74.382  4.857 0.0000000000
127074  -11.730  -62.580  18.971 0.0000000000
127082  -39.056  -78.733  2.715 0.0000000000
127106  -17.168  -76.578  -5.327 0.0000000000
127136  -19.529  -81.356  -1.689 0.0000000000
127214  -31.483  -82.776  -1.273 0.0000000000
127266  -26.917  -87.630  11.075 0.0000000000
127268  -43.235  -78.043  8.862 0.0000000000
127330  -17.376  -93.200  21.877 0.0000000000
127370  -22.787  -94.032  10.744 0.0000000000
127404  -11.412  -88.562  17.924 0.0000000000
127430  -17.484  -64.474  20.169 0.0000000000
127457  -12.653  -90.535  25.433 0.0000000000
127602  -31.752  -80.353  -6.115 0.0000000000
127666  -19.750  -63.262  16.115 0.0000000000
127806  -8.573  -82.784  25.313 0.0000000000
127969  -21.422  -68.490  2.451 0.0000000000
128033  -32.108  -86.933  10.055 0.0000000000
128074  -20.382  -90.294  14.334 0.0000000000
128079  -23.331  -70.655  5.610 0.0000000000
128091  -8.290  -66.354  22.328 0.0000000000
128146  -29.011  -53.655  23.782 0.0000000000
128213  -9.070  -78.710  20.064 0.0000000000
128284  -27.065  -86.437  12.000 0.0000000000
128338  -37.988  -83.680  8.898 0.0000000000
128369  -8.488  -81.116  26.077 0.0000000000
128424  -27.060  -89.324  9.875 0.0000000000
128430  -6.932  -66.996  9.297 0.0000000000
128469  -20.525  -83.656  -3.905 0.0000000000
128496  -32.167  -82.636  9.612 0.0000000000
128539  -18.462  -89.228  24.717 0.0000000000
128550  -20.405  -91.267  9.042 0.0000000000
128680  -14.609  -92.149  21.529 0.0000000000
128827  -42.456  -78.101  9.076 0.0000000000
128856  -21.361  -86.256  20.927 0.0000000000
128984  -21.730  -90.432  21.433 0.0000000000
129007  -10.196  -62.804  6.377 0.0000000000
129287  -28.811  -60.698  21.178 0.0000000000
129333  -8.744  -80.872  22.006 0.0000000000
129483  -31.680  -76.313  -8.140 0.0000000000
129541  -27.233  -88.337  21.620 0.0000000000
129596  -23.445  -87.931  0.155 0.0000000000
129719  -17.132  -77.509  -4.194 0.0000000000
129824  -20.807  -87.556  -4.076 0.0000000000
129879  -12.233  -74.769  26.036 0.0000000000
129881  -23.982  -83.780  -3.623 0.0000000000
129941  -30.155  -55.241  19.040 0.0000000000
129960  -23.231  -73.440  -0.222 0.0000000000
130036  -32.202  -80.745  1.616 0.0000000000
130147  -13.583  -74.873  4.611 0.0000000000
130155  -10.293  -65.726  17.770 0.0000000000
130259  -16.856  -77.350  27.718 0.0000000000
130261  -21.968  -70.664  7.269 0.0000000000
130371  -24.467  -87.934  -4.475 0.0000000000
130459  -15.921  -67.035  2.297 0.0000000000
130476  -9.330  -82.089  20.849 0.0000000000
130617  -19.081  -70.436  7.535 0.0000000000
130641  -18.242  -93.124  17.833 0.0000000000
130647  -23.155  -83.458  -6.439 0.0000000000
130648  -14.582  -88.018  20.152 0.0000000000
130690  -25.920  -84.910  -4.705 0.0000000000
130818  -12.290  -69.230  -1.664 0.0000000000
130843  -9.351  -74.767  20.102 0.0000000000
130845  -17.294  -89.867  22.094 0.0000000000
130894  -30.897  -81.819  10.237 0.0000000000
130896  -16.006  -74.638  20.549 0.0000000000
130962  -14.659  -50.548  14.711 0.0000000000
131082  -25.126  -68.480  2.809 0.0000000000
131100  -8.512  -80.994  24.358 0.0000000000
131143  -9.080  -67.785  1.393 0.0000000000
131281  -9.633  -65.414  9.266 0.0000000000
131301  -27.071  -81.122  -3.658 0.0000000000
131315  -8.598  -80.356  21.839 0.0000000000
131415  -19.600  -87.353  23.809 0.0000000000
131471  -10.996  -69.097  10.340 0.0000000000
131554  -23.760  -82.049  -4.196 0.0000000000
131575  -13.562  -91.496  24.079 0.0000000000
131624  -11.534  -61.942  24.970 0.0000000000
131733  -13.254  -85.002  21.444 0.0000000000
131749  -21.426  -86.240  20.388 0.0000000000
131815  -17.883  -72.605  -4.060 0.0000000000
131890  -12.180  -90.331  25.773 0.0000000000
131947  -21.889  -85.024  -7.233 0.0000000000
131958  -16.129  -90.578  17.822 0.0000000000
131982  -12.376  -86.660  19.413 0.0000000000
132003  -26.277  -87.749  14.183 0.0000000000
132123  -20.643  -90.682  17.160 0.0000000000
132165  -39.545  -79.467  1.758 0.0000000000
132173  -10.836  -82.270  23.046 0.0000000000
132253  -15.454  -73.450  4.061 0.0000000000
132301  -11.965  -70.891  25.553 0.0000000000
132336  -23.582  -91.427  15.490 0.0000000000
132341  -9.833  -85.035  19.255 0.0000000000
132390  -10.190  -74.474  18.153 0.0000000000
132401  -25.278  -82.422  -8.591 0.0000000000
132432  -17.025  -93.894  15.178 0.0000000000
132482  -10.816  -66.211  7.628 0.0000000000
132499  -35.931  -81.390  7.408 0.0000000000
132505  -19.680  -72.761  0.020 0.0000000000
132544  -27.567  -84.772  18.665 0.0000000000
132567  -14.189  -88.545  24.722 0.0000000000
132584  -13.770  -90.659  21.393 0.0000000000
132598  -25.000  -93.401  18.962 0.0000000000
132601  -22.260  -68.426  2.323 0.0000000000
132636  -22.147  -88.244  -3.084 0.0000000000
132731  -13.431  -78.296  24.686 0.0000000000
132759  -27.908  -50.716  16.445 0.0000000000
132823  -30.267  -91.500  14.044 0.0000000000
132853  -10.312  -66.149  9.574 0.0000000000
132899  -14.935  -90.398  18.859 0.0000000000
133002  -24.543  -85.695  19.220 0.0000000000
133020  -25.586  -78.876  -5.276 0.0000000000
133050  -37.146  -80.783  -3.859 0.0000000000
133129  -6.777  -66.023  13.243 0.0000000000
133180  -19.084  -81.814  -1.874 0.0000000000
133193  -15.346  -69.440  7.035 0.0000000000
133202  -27.553  -82.267  15.369 0.0000000000
133323  -24.360  -92.166  22.192 0.0000000000
133421  -19.760  -89.606  19.637 0.0000000000
