#!ascii label  , from subject sub-v1s8x0051345_ses-1 vox2ras=TkReg
7071
165  0.973  -97.968  10.697 0.8000000119
657  0.426  -96.212  9.899 0.8999999762
41  6.077  -98.643  16.275 0.6000000238
49  5.942  -98.669  15.446 0.5000000000
50  5.081  -99.051  15.237 0.8000000119
148  1.931  -98.406  12.333 0.8999999762
75  2.779  -98.654  12.171 0.8000000119
164  1.788  -98.180  10.704 0.8000000119
170  0.595  -97.673  9.957 0.8999999762
270  0.493  -97.452  10.617 0.8999999762
33  5.087  -99.113  17.484 0.8000000119
42  5.412  -99.026  16.776 0.6999999881
128247  4.141  -99.041  14.111 0.8999999762
72  3.279  -98.854  12.725 0.8999999762
68  2.399  -98.804  13.174 0.8999999762
73  1.632  -98.380  13.091 0.8999999762
159  0.746  -97.700  11.354 0.8000000119
168  2.319  -98.147  9.864 0.8000000119
300  0.203  -96.733  6.362 0.6999999881
113372  -0.186  -96.670  7.027 0.8000000119
123767  -0.603  -95.397  4.980 0.6999999881
702  -0.457  -96.029  6.607 0.8000000119
1391  -0.318  -94.083  5.105 0.8000000119
114080  3.893  -99.246  16.296 0.8000000119
84  3.165  -98.455  21.633 0.8000000119
51  4.175  -99.177  15.545 0.8999999762
226  1.783  -98.173  15.471 0.8999999762
61  3.436  -99.096  14.508 0.8999999762
249  0.896  -97.743  12.594 0.8999999762
140  1.317  -98.223  13.626 0.8999999762
666  0.929  -95.545  10.048 0.8999999762
150  0.901  -97.896  12.002 0.8999999762
413  0.545  -96.959  11.204 0.8999999762
1367  1.775  -93.232  7.658 0.8999999762
119735  1.258  -93.482  6.970 0.8999999762
973  0.775  -94.538  8.211 0.8999999762
680  -0.229  -95.961  7.949 0.8999999762
445  0.048  -96.298  9.206 0.8999999762
692  -0.260  -95.451  7.193 0.8999999762
454  -0.335  -96.232  7.308 0.8999999762
1378  1.127  -93.326  6.192 0.8999999762
1007  0.468  -94.001  6.701 0.8999999762
1020  -0.272  -94.529  5.906 0.8999999762
111863  1.356  -92.656  5.041 0.8999999762
1791  1.333  -92.425  4.416 0.8999999762
1792  0.555  -92.916  4.442 0.8999999762
2647  1.733  -90.942  0.925 0.8999999762
127077  1.514  -91.477  -1.031 0.8999999762
2234  1.334  -91.430  -0.358 0.8999999762
2651  1.678  -90.874  0.070 1.0000000000
2674  1.847  -90.828  -1.730 1.0000000000
43  3.054  -99.243  16.532 0.8000000119
54  2.078  -99.004  16.249 0.8999999762
53  2.550  -99.144  15.963 0.8999999762
69  1.803  -98.631  13.977 0.8999999762
374  2.715  -96.728  14.845 0.8999999762
131  1.491  -98.235  14.479 0.8999999762
626  2.868  -95.838  13.442 0.8999999762
233  1.885  -97.171  14.396 0.8999999762
62  2.417  -99.052  14.416 0.8999999762
400  1.963  -96.307  13.089 0.8999999762
239  1.416  -97.626  14.013 0.8999999762
261  -3.049  -97.125  11.706 0.8999999762
401  1.157  -96.921  12.688 0.8999999762
262  -3.792  -96.573  11.724 0.8999999762
941  2.992  -94.391  11.298 1.0000000000
131605  2.224  -95.495  11.916 0.8999999762
959  2.011  -94.353  9.915 0.8999999762
645  2.337  -95.031  11.291 0.8999999762
423  0.837  -96.134  10.767 0.8999999762
1335  2.249  -93.657  9.285 0.8999999762
1336  1.700  -94.317  9.250 0.8999999762
126176  1.096  -94.682  8.940 0.8999999762
1350  1.536  -93.917  8.498 0.8999999762
1769  2.342  -92.466  6.383 0.8999999762
1377  1.777  -92.952  6.750 0.8999999762
2187  2.780  -91.833  5.111 0.8999999762
2198  3.380  -91.385  4.635 0.8999999762
2207  3.162  -91.152  3.847 0.8999999762
2633  3.677  -90.638  3.368 0.8999999762
2634  2.915  -90.884  3.070 0.8999999762
2640  2.724  -90.698  2.245 0.8999999762
1831  2.073  -92.518  -1.294 0.8999999762
2650  2.310  -90.362  0.490 1.0000000000
1838  2.867  -92.155  -1.907 0.8999999762
2244  2.304  -91.492  -1.986 1.0000000000
2665  1.765  -90.515  -1.428 1.0000000000
3157  1.843  -90.229  -1.004 1.0000000000
1841  3.133  -91.508  -2.461 1.0000000000
2687  2.105  -90.451  -2.591 1.0000000000
3179  1.861  -90.218  -2.258 1.0000000000
3166  2.474  -89.129  -1.478 1.0000000000
2252  2.807  -90.477  -3.635 1.0000000000
3189  2.010  -90.019  -3.209 1.0000000000
131032  3.094  -90.299  -4.074 1.0000000000
121543  2.872  -99.228  17.480 0.8000000119
87  1.001  -98.385  21.706 0.8000000119
131055  2.447  -98.874  17.932 0.8000000119
113  2.409  -98.158  18.268 0.8999999762
10  0.384  -98.669  20.621 0.8000000119
122  2.097  -98.605  16.576 0.8999999762
224  3.035  -97.406  16.748 1.0000000000
225  2.236  -97.507  15.460 0.8999999762
367  3.075  -96.945  15.788 0.8999999762
151  -2.040  -97.932  12.878 0.8000000119
386  3.311  -96.072  14.327 1.0000000000
152  -3.032  -97.690  12.805 0.8000000119
259  -1.745  -97.093  11.832 0.8999999762
251  -2.260  -97.444  12.130 0.8999999762
636  2.524  -95.668  12.598 1.0000000000
260  -2.276  -97.045  11.344 0.8999999762
271  -2.821  -96.669  10.782 1.0000000000
1322  2.678  -93.785  10.129 1.0000000000
1747  3.066  -92.084  8.478 1.0000000000
1731  2.636  -92.829  8.952 1.0000000000
1748  2.419  -92.669  8.081 0.8999999762
115351  3.568  -91.494  7.002 0.8999999762
1757  2.787  -92.169  7.651 0.8999999762
1768  2.941  -91.957  6.853 0.8999999762
112268  4.656  -90.810  5.145 0.8999999762
2186  3.520  -91.522  5.437 0.8999999762
2626  4.597  -90.613  4.464 0.8999999762
2627  3.882  -90.853  4.161 0.8999999762
3114  4.820  -89.727  3.210 1.0000000000
2638  4.138  -90.106  2.909 0.8999999762
2639  3.461  -90.424  2.582 0.8999999762
3122  5.088  -89.092  2.750 1.0000000000
3123  4.488  -89.502  2.481 1.0000000000
3134  3.103  -89.797  0.962 0.8999999762
1836  3.903  -92.231  -1.992 1.0000000000
1472  3.749  -92.840  -1.655 1.0000000000
3145  3.783  -89.093  1.071 1.0000000000
3679  3.338  -89.069  0.332 1.0000000000
1830  4.531  -91.773  -2.176 1.0000000000
1837  3.258  -92.184  -1.961 1.0000000000
3146  2.665  -89.657  0.029 1.0000000000
2241  4.657  -91.259  -2.501 0.8999999762
2243  3.319  -91.462  -2.571 1.0000000000
2250  4.411  -90.896  -3.264 1.0000000000
3711  2.472  -89.266  -3.145 1.0000000000
3706  2.769  -88.794  -2.264 1.0000000000
2260  5.091  -90.789  -4.359 1.0000000000
2261  4.074  -90.750  -4.022 1.0000000000
3195  2.900  -89.756  -4.234 1.0000000000
2696  4.458  -90.529  -4.437 0.8999999762
131877  4.895  -90.199  -4.665 0.8999999762
3717  3.662  -89.089  -4.448 0.8999999762
113220  0.216  -98.556  20.108 0.8000000119
218  2.989  -97.657  18.025 0.8999999762
107  0.814  -97.974  19.132 0.8999999762
365  4.668  -96.138  16.363 1.0000000000
366  3.896  -96.743  16.589 1.0000000000
108  -0.227  -98.246  18.169 0.8999999762
131033  -0.858  -98.614  18.252 0.8000000119
114  0.325  -97.736  18.015 0.8000000119
131062  -1.696  -98.695  16.843 0.6999999881
123  -0.525  -98.071  15.945 0.8000000119
124  -1.386  -98.484  15.392 0.6999999881
243  -5.023  -97.112  13.891 0.6000000238
132  -0.731  -98.028  14.897 0.6999999881
133  -2.117  -98.460  14.742 0.8000000119
404  -5.081  -96.367  12.685 0.6999999881
608  4.311  -95.682  14.715 1.0000000000
263  -4.505  -96.506  12.291 0.8000000119
405  -5.491  -95.885  12.616 0.6999999881
402  -0.579  -96.278  12.852 1.0000000000
240  -0.522  -97.003  13.586 0.8999999762
389  -0.911  -97.050  12.788 0.8999999762
429  -4.819  -95.750  11.137 0.8000000119
919  4.183  -94.810  13.367 1.0000000000
635  3.356  -95.218  12.947 1.0000000000
130520  -5.122  -95.200  10.714 0.8999999762
940  3.486  -94.303  11.845 1.0000000000
414  -1.752  -96.599  11.370 1.0000000000
130056  3.486  -92.587  10.189 1.0000000000
1312  2.981  -93.892  10.786 1.0000000000
425  -1.757  -95.900  10.865 1.0000000000
1334  2.893  -93.048  9.779 1.0000000000
2167  3.339  -91.682  7.661 1.0000000000
2615  5.017  -90.606  5.707 1.0000000000
2185  4.273  -91.117  5.797 0.8999999762
3105  5.794  -89.787  4.823 1.0000000000
3106  5.180  -89.928  4.083 1.0000000000
3113  5.555  -89.256  3.412 1.0000000000
1834  6.470  -92.645  -2.021 0.6999999881
115829  5.708  -88.571  2.890 1.0000000000
3668  5.131  -88.143  1.856 1.0000000000
3656  4.737  -88.813  2.115 1.0000000000
127067  5.420  -87.459  0.493 1.0000000000
3678  3.984  -88.441  0.382 1.0000000000
130639  3.536  -88.671  -0.068 1.0000000000
2673  5.360  -90.811  -2.573 0.6999999881
120094  5.266  -87.285  -1.078 1.0000000000
4260  4.684  -87.562  -1.619 1.0000000000
3698  3.259  -88.523  -1.370 1.0000000000
3165  6.656  -90.047  -1.810 0.6000000238
2685  5.983  -90.453  -2.969 0.8000000119
4266  4.819  -87.565  -2.456 0.8999999762
132893  4.198  -87.812  -2.121 1.0000000000
3704  3.579  -88.262  -2.187 0.8999999762
2684  6.897  -90.435  -3.362 0.8999999762
2249  5.463  -90.922  -3.817 0.8999999762
116913  4.088  -88.082  -2.989 0.8999999762
3188  2.943  -89.112  -3.869 1.0000000000
2683  8.109  -90.620  -3.792 0.8999999762
2248  6.550  -90.858  -4.237 0.8999999762
2259  6.713  -90.694  -4.777 0.8999999762
3710  4.313  -88.300  -3.997 0.8999999762
3185  9.557  -89.770  -3.525 0.6999999881
2682  9.489  -90.545  -4.200 0.8000000119
2694  6.020  -90.595  -4.764 0.8999999762
3193  5.291  -89.708  -4.930 0.8999999762
106  1.867  -97.786  18.931 0.8999999762
359  3.670  -97.012  17.688 1.0000000000
214  2.646  -97.374  18.836 0.8999999762
125401  1.282  -97.330  18.514 1.0000000000
351  3.729  -96.559  18.082 1.0000000000
348  2.832  -96.705  18.758 1.0000000000
130848  1.073  -96.863  17.974 1.0000000000
581  4.927  -95.581  16.930 1.0000000000
130433  -2.313  -98.647  16.556 0.6999999881
131519  -3.477  -98.165  16.551 0.5000000000
593  5.192  -95.506  16.248 1.0000000000
361  1.089  -96.506  17.237 1.0000000000
125  -3.053  -98.566  15.168 0.6999999881
126  -3.986  -98.242  15.275 0.6000000238
116793  -4.962  -96.811  14.388 0.4000000060
372  4.734  -95.805  15.574 1.0000000000
133508  -0.260  -97.580  15.328 0.8999999762
134  -2.805  -98.339  14.197 0.6999999881
125205  -4.276  -98.049  13.981 0.6000000238
609  1.067  -95.456  14.898 0.8999999762
610  0.434  -95.710  14.218 0.8999999762
234  -0.351  -97.344  14.555 0.8999999762
131597  -3.971  -97.187  12.636 0.6999999881
624  4.664  -95.027  14.251 1.0000000000
235  -0.887  -97.897  14.033 0.8000000119
649  -6.104  -94.722  11.768 0.8000000119
628  -0.203  -95.374  12.953 1.0000000000
428  -4.242  -95.819  10.568 0.8999999762
929  3.783  -94.574  12.519 1.0000000000
638  -0.753  -95.599  12.244 1.0000000000
448  -4.592  -95.298  8.962 1.0000000000
660  -5.638  -94.781  10.136 1.0000000000
1310  4.066  -93.124  11.887 1.0000000000
118878  -1.339  -95.261  11.110 1.0000000000
427  -3.280  -96.144  10.222 1.0000000000
964  -6.299  -93.835  9.004 1.0000000000
1311  3.554  -93.703  11.335 1.0000000000
2145  3.540  -91.739  9.130 1.0000000000
669  -2.603  -95.688  9.332 1.0000000000
438  -3.482  -95.872  9.369 1.0000000000
2158  3.767  -91.311  8.470 1.0000000000
2166  3.893  -91.141  7.536 1.0000000000
2602  4.769  -90.763  6.492 1.0000000000
3097  6.397  -89.581  5.469 1.0000000000
3085  6.253  -89.784  6.251 1.0000000000
117024  -4.475  -75.757  -3.095 0.8999999762
112911  -4.401  -74.894  -3.011 0.8999999762
13391  -4.617  -74.733  -2.009 0.8000000119
13377  -4.922  -75.350  -1.515 0.8999999762
14275  -4.900  -73.897  -1.859 0.8999999762
131334  -5.057  -76.803  -3.939 0.8999999762
14276  -5.374  -74.577  -1.262 0.8000000119
13378  -5.733  -75.385  -1.027 0.8999999762
4157  7.439  -88.635  4.925 1.0000000000
3630  5.997  -89.319  4.166 1.0000000000
12517  -4.784  -76.176  -3.934 0.8999999762
116356  -4.324  -73.949  -3.327 0.6999999881
15218  -5.407  -73.449  -1.064 0.6999999881
3654  6.336  -87.847  2.878 1.0000000000
14307  -4.286  -74.612  -4.131 0.8999999762
15237  -4.152  -72.933  -3.450 0.6000000238
4207  6.370  -87.369  2.197 1.0000000000
123635  -4.312  -74.944  -4.942 0.6000000238
15248  -4.000  -73.582  -4.203 0.5000000000
4243  5.951  -87.195  0.938 1.0000000000
4878  6.188  -86.934  0.046 1.0000000000
4259  5.468  -87.212  -1.891 0.8999999762
3709  5.215  -88.032  -4.241 0.8999999762
3716  5.622  -88.649  -4.908 0.8999999762
2256  9.301  -90.625  -4.516 0.8000000119
2258  7.570  -90.811  -4.789 0.8999999762
2265  7.341  -90.511  -4.969 0.8999999762
3205  6.871  -89.931  -5.361 0.8999999762
110057  4.674  -88.820  -4.660 0.8999999762
2681  10.150  -89.902  -4.048 0.8000000119
2255  9.733  -90.255  -4.470 0.8000000119
2257  8.767  -90.714  -4.844 0.8999999762
580  5.360  -94.909  16.509 1.0000000000
571  3.710  -96.000  17.943 1.0000000000
572  2.187  -95.953  17.738 1.0000000000
872  4.768  -95.035  17.012 1.0000000000
133059  5.423  -93.908  16.033 1.0000000000
583  2.582  -95.544  17.218 1.0000000000
1259  4.098  -93.673  15.756 1.0000000000
889  3.610  -94.389  16.156 1.0000000000
875  2.205  -95.251  16.189 1.0000000000
584  1.674  -95.836  16.816 1.0000000000
1260  3.078  -93.913  15.331 1.0000000000
375  0.533  -96.131  14.913 0.8999999762
905  5.328  -94.575  14.673 1.0000000000
921  0.275  -94.568  13.155 1.0000000000
126016  0.799  -95.018  14.072 1.0000000000
1298  4.642  -93.315  12.706 1.0000000000
1300  0.196  -93.881  12.561 1.0000000000
627  0.300  -95.230  13.595 1.0000000000
996  -5.137  -94.108  7.830 1.0000000000
928  4.473  -94.097  13.016 1.0000000000
931  -0.416  -94.618  12.348 1.0000000000
133800  -4.165  -94.861  7.864 1.0000000000
682  -3.618  -95.490  8.430 1.0000000000
978  -6.162  -93.546  8.226 1.0000000000
942  -0.698  -94.259  11.567 1.0000000000
658  -1.636  -95.108  10.399 1.0000000000
681  -2.882  -95.443  8.479 1.0000000000
2144  3.919  -91.265  9.324 1.0000000000
3075  4.902  -90.472  7.725 1.0000000000
3086  5.874  -89.884  7.050 1.0000000000
10755  -4.954  -78.091  -3.206 0.8999999762
11585  -4.235  -77.244  -2.403 0.8999999762
12500  -4.066  -76.425  -2.200 0.8999999762
13390  -4.364  -75.428  -2.198 0.8999999762
3613  6.689  -89.438  6.947 1.0000000000
120290  7.424  -88.878  5.594 1.0000000000
11606  -5.168  -77.365  -4.389 0.8999999762
14277  -6.074  -74.815  -0.694 0.8999999762
121108  -6.462  -75.144  0.467 0.8999999762
113394  -6.485  -74.923  1.180 0.8000000119
4166  7.280  -88.233  4.153 1.0000000000
14261  -6.020  -74.116  -0.603 0.8000000119
3643  6.400  -88.588  3.591 1.0000000000
10791  -5.176  -78.134  -4.776 0.8999999762
12535  -4.988  -76.588  -4.607 0.8999999762
15208  -5.823  -73.352  -0.175 0.6000000238
14252  -6.366  -74.285  0.726 0.8000000119
119619  -4.831  -77.238  -5.179 0.8999999762
13416  -4.630  -75.721  -4.691 0.8000000119
4225  6.552  -86.983  1.474 1.0000000000
12553  -4.550  -76.242  -5.255 0.8000000119
15247  -3.579  -73.315  -4.889 0.4000000060
13431  -4.164  -75.403  -5.424 0.6999999881
120463  -3.212  -72.563  -5.231 0.4000000060
4896  6.076  -86.807  -1.345 1.0000000000
14339  -3.809  -74.602  -5.590 0.5000000000
4264  6.553  -86.735  -3.039 1.0000000000
4270  6.858  -87.081  -3.844 1.0000000000
4271  5.930  -87.429  -3.590 0.8999999762
4278  6.227  -87.815  -4.420 0.8999999762
111036  6.611  -88.458  -5.087 0.8999999762
3715  7.572  -88.193  -5.178 1.0000000000
124599  8.610  -90.346  -5.153 0.8999999762
113458  8.168  -90.067  -5.312 0.8999999762
3723  7.135  -89.220  -5.447 0.8999999762
128688  12.486  -89.199  -1.983 0.6000000238
2679  12.400  -89.612  -3.328 0.6999999881
2680  11.261  -89.525  -3.894 0.6999999881
2263  9.527  -90.386  -4.833 0.8000000119
130892  9.550  -90.152  -5.118 0.8999999762
3203  8.484  -89.523  -5.549 0.8999999762
3721  8.831  -88.488  -5.612 1.0000000000
2693  11.054  -89.674  -4.432 0.6999999881
2701  11.734  -89.576  -4.594 0.6999999881
3201  11.556  -89.595  -5.177 0.8999999762
3202  10.766  -89.737  -5.311 0.8999999762
3212  9.899  -89.193  -5.690 0.8999999762
3734  9.349  -88.984  -5.700 0.8999999762
1672  4.526  -92.886  15.355 1.0000000000
1679  3.896  -92.317  14.761 1.0000000000
1274  3.508  -93.160  14.997 1.0000000000
933  -6.625  -93.673  12.290 0.8000000119
1680  2.921  -92.709  14.292 1.0000000000
907  1.400  -94.639  14.484 1.0000000000
1288  1.272  -93.493  13.487 1.0000000000
1276  1.740  -93.906  14.135 1.0000000000
1381  -4.229  -93.522  7.413 1.0000000000
1777  -5.675  -93.317  7.709 1.0000000000
1383  -5.764  -93.724  7.639 1.0000000000
1297  5.357  -92.612  13.429 1.0000000000
128579  0.858  -93.180  12.705 1.0000000000
1301  -0.221  -93.921  11.950 1.0000000000
1012  -3.986  -94.256  7.413 1.0000000000
1368  -2.530  -94.413  7.387 1.0000000000
693  -3.200  -95.049  7.575 1.0000000000
1717  3.935  -92.231  10.866 1.0000000000
976  -2.338  -94.793  8.065 1.0000000000
961  -1.654  -94.672  9.631 1.0000000000
2571  4.481  -90.722  9.053 1.0000000000
3063  4.954  -90.248  8.388 1.0000000000
10754  -4.216  -78.407  -2.598 0.8999999762
10735  -3.665  -77.629  -1.672 0.8999999762
12481  -4.330  -75.941  -1.548 0.8999999762
9916  -4.532  -79.446  -3.169 0.8999999762
12482  -5.308  -75.922  -1.063 0.8999999762
12465  -6.351  -76.269  -0.269 0.8999999762
9140  -4.519  -80.383  -3.608 1.0000000000
131246  -5.105  -78.481  -3.697 0.8999999762
125798  -6.528  -75.824  0.253 0.8999999762
4156  7.933  -88.419  5.541 1.0000000000
9932  -5.034  -79.618  -3.836 0.8999999762
4188  7.067  -87.667  3.447 1.0000000000
9151  -4.870  -80.227  -4.422 0.8999999762
129832  -5.933  -72.893  1.072 0.5000000000
14241  -6.389  -74.312  1.645 0.8000000119
4832  7.042  -86.983  2.739 1.0000000000
9964  -4.800  -79.814  -5.055 0.8999999762
4857  7.543  -86.432  1.288 1.0000000000
9159  -4.041  -80.134  -5.661 0.8999999762
10804  -4.578  -78.245  -5.417 0.8999999762
4877  6.945  -86.671  0.673 1.0000000000
11612  -4.056  -77.501  -5.923 0.6999999881
11624  -3.448  -76.672  -6.376 0.6999999881
4890  6.692  -86.507  -0.782 1.0000000000
13443  -3.249  -75.610  -6.548 0.5000000000
4258  6.360  -86.733  -2.163 1.0000000000
4269  7.500  -86.738  -4.186 1.0000000000
14350  -2.969  -74.622  -6.716 0.4000000060
3170  13.214  -89.893  -2.233 0.5000000000
2671  12.838  -89.932  -2.846 0.6999999881
4290  10.406  -87.805  -6.502 1.0000000000
3720  9.448  -87.924  -5.847 1.0000000000
2670  14.147  -90.089  -2.191 0.5000000000
128575  13.540  -90.009  -2.567 0.6000000238
2678  13.255  -89.909  -2.973 0.6999999881
2691  12.880  -89.636  -3.586 0.6999999881
2700  12.564  -89.536  -4.225 0.6999999881
3200  12.380  -89.501  -4.950 0.8000000119
3211  10.542  -89.159  -5.686 0.8999999762
115770  10.374  -88.506  -5.941 0.8999999762
3733  9.964  -88.265  -5.968 0.8999999762
2502  4.481  -90.550  14.373 1.0000000000
2576  -6.586  -90.781  9.152 1.0000000000
1670  5.691  -92.710  15.142 1.0000000000
1273  5.842  -93.127  15.123 1.0000000000
2087  3.123  -91.142  13.426 1.0000000000
2077  3.259  -91.814  14.023 1.0000000000
1751  -5.016  -92.703  8.208 1.0000000000
2172  -5.955  -92.130  8.358 1.0000000000
917  5.661  -93.822  14.683 1.0000000000
1700  2.030  -92.038  12.865 1.0000000000
1688  2.362  -92.328  13.610 1.0000000000
1772  -1.835  -92.816  6.476 1.0000000000
1774  -3.484  -92.724  7.270 1.0000000000
1776  -4.902  -93.283  7.631 1.0000000000
2595  -7.375  -90.873  7.951 1.0000000000
1760  -1.291  -93.122  7.087 1.0000000000
1010  -2.233  -93.664  6.946 1.0000000000
1699  4.668  -92.533  12.350 1.0000000000
1750  -1.025  -93.398  7.945 1.0000000000
975  -1.654  -94.400  8.753 1.0000000000
111956  4.290  -90.987  9.980 1.0000000000
115045  7.349  -89.041  6.881 1.0000000000
3601  6.328  -89.435  7.824 1.0000000000
8389  -2.763  -81.373  -1.851 1.0000000000
9105  -2.676  -80.435  -1.212 1.0000000000
9127  -3.893  -80.016  -2.818 1.0000000000
128070  -3.933  -79.207  -2.482 0.8999999762
9902  -3.503  -78.541  -1.806 0.8999999762
11574  -3.979  -76.601  -1.375 0.8999999762
11575  -4.901  -76.462  -1.017 0.8999999762
11564  -5.518  -76.961  -0.698 0.8999999762
8404  -3.837  -80.939  -3.084 1.0000000000
4147  8.164  -88.229  6.301 1.0000000000
7607  -2.229  -82.064  -1.785 1.0000000000
8403  -3.248  -81.497  -2.680 1.0000000000
11551  -6.499  -77.078  -0.189 0.8999999762
13352  -6.619  -75.723  1.100 0.8999999762
4165  8.036  -88.040  4.703 1.0000000000
8423  -4.186  -81.229  -3.685 1.0000000000
123913  -6.669  -75.839  2.012 1.0000000000
133014  7.748  -86.639  2.812 1.0000000000
6898  -2.528  -82.658  -2.868 1.0000000000
7643  -3.524  -82.368  -3.837 1.0000000000
15180  -5.918  -72.746  1.748 0.6999999881
13341  -6.529  -75.095  1.890 0.8000000119
131258  -3.576  -82.112  -5.046 0.8999999762
8434  -4.013  -81.645  -4.872 0.8999999762
8454  -3.764  -81.079  -5.651 0.8999999762
115085  7.894  -85.982  0.464 1.0000000000
9175  -3.450  -80.560  -6.417 0.8999999762
9963  -4.294  -79.182  -5.588 0.8999999762
10817  -2.543  -78.001  -7.141 0.6000000238
113494  -3.359  -77.726  -6.618 0.6000000238
12570  -2.759  -76.192  -6.985 0.6000000238
15261  -3.475  -73.644  -5.680 0.5000000000
4901  7.167  -86.109  -2.441 1.0000000000
4910  7.436  -86.001  -3.726 1.0000000000
4921  8.250  -86.580  -5.499 1.0000000000
13442  -2.516  -75.356  -7.074 0.6000000238
4276  7.967  -87.241  -4.805 1.0000000000
4282  9.097  -87.208  -6.094 1.0000000000
124956  8.694  -86.948  -5.672 1.0000000000
3208  12.953  -89.001  -5.478 0.8999999762
3731  11.735  -88.398  -6.222 0.8999999762
133109  11.426  -87.756  -6.749 0.8999999762
3740  10.846  -87.469  -7.199 0.8999999762
4302  10.140  -87.294  -7.353 0.8999999762
4291  9.779  -87.423  -6.544 1.0000000000
4943  9.113  -86.979  -6.788 1.0000000000
2677  14.674  -89.952  -2.827 0.6999999881
2690  14.487  -89.770  -3.519 0.6999999881
130346  13.265  -89.625  -3.934 0.6999999881
2075  5.068  -91.132  14.754 1.0000000000
2068  4.857  -92.023  15.047 1.0000000000
2985  4.233  -89.940  13.948 1.0000000000
2171  -4.178  -92.578  7.700 1.0000000000
117899  5.656  -91.747  14.587 1.0000000000
2097  2.412  -91.234  12.662 1.0000000000
2181  -3.007  -92.006  6.992 1.0000000000
1687  5.733  -92.266  14.312 1.0000000000
2112  0.748  -92.193  10.961 1.0000000000
1313  -0.369  -93.584  11.357 1.0000000000
126433  0.830  -92.734  12.061 1.0000000000
2180  -1.554  -92.016  6.211 1.0000000000
1323  0.133  -92.947  10.936 1.0000000000
1771  -1.214  -92.451  6.474 1.0000000000
2539  4.866  -90.893  11.583 1.0000000000
2096  5.252  -91.818  12.909 1.0000000000
1338  -1.139  -94.068  9.505 1.0000000000
949  -0.788  -93.977  10.871 1.0000000000
123685  -0.594  -92.878  7.809 1.0000000000
115258  5.819  -89.444  9.373 1.0000000000
2570  4.813  -90.311  9.975 1.0000000000
3586  6.363  -89.109  8.740 1.0000000000
3052  5.110  -89.947  9.216 1.0000000000
1337  -0.696  -93.428  9.413 1.0000000000
1351  -0.613  -93.177  8.614 1.0000000000
3062  5.691  -89.731  8.555 1.0000000000
9104  -2.094  -80.342  -0.512 1.0000000000
131382  -2.349  -79.871  -0.668 1.0000000000
122018  -2.882  -78.401  -0.395 1.0000000000
10712  -3.168  -78.157  0.182 1.0000000000
10694  -3.810  -78.216  0.325 1.0000000000
4137  8.208  -88.152  7.160 1.0000000000
112697  6.969  -88.847  8.199 1.0000000000
8377  -2.018  -81.282  -1.110 1.0000000000
117854  -3.059  -79.759  -1.402 1.0000000000
11562  -3.853  -77.181  -0.939 0.8999999762
11563  -4.550  -77.022  -0.855 0.8999999762
10714  -5.282  -77.673  -0.402 0.8999999762
10715  -6.463  -78.583  -0.248 0.8999999762
4785  8.638  -87.761  6.529 1.0000000000
120193  -6.823  -78.022  -0.108 1.0000000000
116828  -6.924  -77.406  0.408 1.0000000000
7590  -1.638  -82.112  -1.245 1.0000000000
4795  8.834  -86.798  5.314 1.0000000000
4796  8.495  -87.732  5.523 1.0000000000
6889  -1.670  -82.719  -1.864 1.0000000000
6881  -0.634  -82.815  -1.008 1.0000000000
12426  -6.628  -76.391  2.698 1.0000000000
4810  8.789  -86.311  4.489 1.0000000000
4831  8.244  -86.657  3.862 1.0000000000
6217  -1.307  -83.415  -2.200 1.0000000000
6906  -2.251  -83.236  -3.236 1.0000000000
125232  -6.407  -74.399  2.491 0.8000000119
5459  8.357  -86.194  2.930 1.0000000000
6264  -2.632  -83.470  -4.596 1.0000000000
6933  -2.974  -83.213  -5.658 0.8999999762
7699  -3.142  -82.535  -6.280 0.8999999762
4876  7.452  -86.197  -0.195 1.0000000000
130287  -3.124  -80.928  -7.108 0.8999999762
9174  -2.949  -80.161  -7.044 0.6999999881
4894  7.478  -85.605  -1.656 1.0000000000
131620  -2.739  -77.099  -7.008 0.6000000238
5561  7.292  -85.336  -3.012 1.0000000000
5571  7.267  -85.643  -4.082 1.0000000000
5578  7.628  -85.982  -5.222 1.0000000000
132046  -2.093  -76.596  -7.266 0.5000000000
4944  8.286  -86.796  -7.023 1.0000000000
4955  8.110  -86.981  -8.087 1.0000000000
4308  10.392  -87.089  -8.071 0.8999999762
4933  8.657  -86.755  -6.129 1.0000000000
3730  12.581  -88.398  -6.213 0.8999999762
3737  13.132  -87.566  -6.879 0.8999999762
3739  11.563  -87.331  -7.464 0.8999999762
123075  11.042  -87.119  -7.976 0.8999999762
4309  9.626  -87.000  -8.157 1.0000000000
2699  13.985  -89.651  -4.071 0.6999999881
3199  13.314  -89.454  -4.680 0.6999999881
3207  13.923  -88.905  -5.415 0.8000000119
2983  5.120  -89.358  14.298 1.0000000000
2998  4.061  -89.383  13.621 1.0000000000
2593  -2.677  -90.879  7.903 1.0000000000
2583  -3.246  -91.595  8.238 1.0000000000
2150  -5.310  -91.825  9.762 1.0000000000
3057  -7.072  -89.202  9.706 1.0000000000
2997  5.375  -89.619  14.214 1.0000000000
2515  3.089  -90.545  12.890 1.0000000000
2170  -3.476  -91.958  7.644 1.0000000000
115267  -5.095  -92.242  9.122 1.0000000000
3068  -7.365  -90.126  9.144 1.0000000000
2074  5.429  -91.045  14.539 1.0000000000
2111  1.433  -91.479  11.214 1.0000000000
2110  2.132  -91.050  11.768 1.0000000000
126621  -2.171  -90.914  6.536 1.0000000000
2607  -2.582  -91.406  6.758 1.0000000000
129802  5.656  -91.179  13.460 1.0000000000
1719  -0.260  -93.132  10.094 1.0000000000
2179  -0.662  -91.877  6.130 1.0000000000
3024  5.652  -89.715  11.775 1.0000000000
2108  5.316  -91.060  12.577 1.0000000000
2169  -0.028  -92.111  6.835 1.0000000000
3040  5.744  -89.408  10.898 1.0000000000
113995  5.126  -90.305  11.404 1.0000000000
1733  -0.173  -92.867  9.276 1.0000000000
113043  0.553  -91.757  7.403 1.0000000000
2168  1.022  -91.296  6.949 1.0000000000
3577  5.940  -89.069  10.157 1.0000000000
2556  5.170  -90.005  10.819 1.0000000000
1749  -0.206  -92.700  8.509 1.0000000000
114773  0.705  -91.778  8.437 1.0000000000
2159  1.172  -91.279  7.989 1.0000000000
4125  7.745  -87.911  9.030 1.0000000000
120207  -1.216  -81.259  -0.045 1.0000000000
10711  -2.508  -78.661  0.080 1.0000000000
10678  -2.677  -78.573  0.678 1.0000000000
9831  -3.918  -79.197  1.100 1.0000000000
113245  7.526  -88.412  8.429 1.0000000000
6872  -0.448  -82.456  -0.392 1.0000000000
10695  -4.667  -78.290  -0.026 1.0000000000
4784  9.062  -87.088  6.802 1.0000000000
4772  8.697  -87.584  7.432 1.0000000000
9880  -6.211  -79.589  -0.283 1.0000000000
10696  -7.172  -78.343  0.517 1.0000000000
127729  9.028  -87.292  5.987 1.0000000000
9857  -7.297  -79.719  -0.016 1.0000000000
133047  -7.194  -78.871  1.329 1.0000000000
5435  9.189  -85.863  5.213 1.0000000000
115664  -0.373  -83.332  -1.212 1.0000000000
11528  -6.802  -77.376  2.251 1.0000000000
6216  -0.961  -83.988  -2.560 1.0000000000
16031  -5.491  -71.764  3.418 0.4000000060
130827  -6.133  -73.101  2.798 0.6000000238
13332  -6.511  -75.306  2.810 0.8999999762
131510  -0.376  -84.305  -2.315 1.0000000000
5552  -1.215  -84.223  -3.278 1.0000000000
5482  8.530  -85.501  1.028 1.0000000000
6263  -1.936  -83.783  -4.373 1.0000000000
6288  -2.245  -83.753  -5.733 0.8999999762
5499  8.076  -85.342  -0.534 1.0000000000
6212  7.503  -84.765  -1.456 1.0000000000
8469  -2.817  -81.496  -7.362 0.8999999762
114009  -1.533  -79.579  -8.270 0.6999999881
10005  -1.544  -78.755  -8.196 0.5000000000
5532  7.646  -85.088  -1.604 1.0000000000
6226  7.187  -84.828  -2.733 1.0000000000
110051  6.095  -85.685  -5.100 1.0000000000
10816  -1.841  -78.188  -7.647 0.5000000000
11623  -1.725  -77.334  -7.500 0.6000000238
129691  7.036  -85.256  -3.981 1.0000000000
4946  6.678  -86.371  -6.497 1.0000000000
4935  6.876  -85.830  -5.579 1.0000000000
4945  7.409  -86.570  -6.798 1.0000000000
3736  14.255  -87.704  -6.757 0.8000000119
4300  13.241  -86.961  -7.576 0.8000000119
4306  12.270  -86.580  -8.304 0.6999999881
4971  9.858  -86.632  -8.737 1.0000000000
4972  8.977  -86.645  -8.784 1.0000000000
4954  8.845  -86.949  -8.215 1.0000000000
123586  15.322  -89.204  -4.979 0.6999999881
3206  15.003  -88.838  -5.492 0.6999999881
4970  10.825  -86.612  -8.672 1.0000000000
4984  10.165  -86.064  -9.347 0.8999999762
129506  9.820  -85.753  -9.851 1.0000000000
4985  9.321  -86.066  -9.546 1.0000000000
3506  4.899  -88.846  14.100 1.0000000000
2148  -3.742  -91.855  10.109 1.0000000000
3056  -6.524  -90.125  9.726 1.0000000000
2149  -4.675  -91.974  10.015 1.0000000000
3519  6.189  -87.811  13.455 1.0000000000
2528  2.581  -90.562  12.207 1.0000000000
3077  -2.043  -90.236  7.510 1.0000000000
3101  -0.673  -90.171  5.695 1.0000000000
3091  -1.822  -90.342  6.708 1.0000000000
123593  5.755  -89.535  13.659 1.0000000000
2559  1.666  -91.092  10.411 1.0000000000
2606  -1.485  -90.636  6.205 1.0000000000
2526  5.730  -90.416  13.425 1.0000000000
2126  1.080  -91.721  10.300 1.0000000000
2616  0.862  -90.045  4.900 1.0000000000
2617  0.342  -90.491  5.319 1.0000000000
3099  1.658  -89.938  5.228 1.0000000000
3563  6.745  -88.335  11.091 1.0000000000
3549  6.059  -88.942  11.782 1.0000000000
2147  0.865  -91.817  9.405 1.0000000000
111221  1.286  -91.264  8.968 1.0000000000
2178  0.238  -91.582  6.417 1.0000000000
4106  7.814  -87.408  10.738 1.0000000000
3088  1.970  -90.092  6.278 1.0000000000
4745  8.748  -86.808  9.529 1.0000000000
4116  8.097  -87.339  9.767 1.0000000000
3576  6.717  -88.546  10.233 1.0000000000
3065  2.066  -90.050  8.192 1.0000000000
128985  1.875  -90.266  7.239 1.0000000000
4744  9.173  -86.319  9.216 1.0000000000
8340  0.085  -80.605  2.571 1.0000000000
8356  -0.770  -80.494  1.263 1.0000000000
9069  -1.214  -79.731  1.839 1.0000000000
9853  -2.096  -79.138  0.692 1.0000000000
5406  9.386  -86.174  8.547 1.0000000000
126441  8.355  -87.334  8.863 1.0000000000
6871  0.470  -83.137  0.270 1.0000000000
6863  0.188  -82.215  0.684 1.0000000000
7571  -0.343  -81.977  0.250 1.0000000000
7559  -0.240  -81.395  1.009 1.0000000000
9087  -1.753  -79.987  0.233 1.0000000000
9829  -2.549  -79.001  1.315 1.0000000000
9071  -4.067  -79.918  1.509 1.0000000000
8368  -5.280  -80.979  0.666 1.0000000000
8369  -5.904  -81.305  -0.164 1.0000000000
4771  9.086  -86.762  7.763 1.0000000000
6880  0.008  -83.164  -0.494 1.0000000000
7572  -0.866  -81.789  -0.237 1.0000000000
9088  -4.822  -79.830  0.789 1.0000000000
9089  -5.538  -80.425  -0.010 1.0000000000
132974  -6.336  -80.997  -0.238 1.0000000000
9090  -7.207  -80.535  -0.059 1.0000000000
112776  -7.106  -82.257  0.950 1.0000000000
6110  10.101  -85.193  7.197 1.0000000000
5418  9.694  -85.880  7.691 1.0000000000
132337  1.017  -83.367  0.798 1.0000000000
6193  0.450  -83.722  -0.260 1.0000000000
9881  -7.019  -79.651  -0.172 1.0000000000
126365  -7.315  -80.921  0.560 1.0000000000
9833  -7.272  -79.551  1.519 1.0000000000
5427  9.704  -85.769  6.689 1.0000000000
5428  9.279  -86.433  6.112 1.0000000000
113742  9.620  -85.620  5.877 1.0000000000
6205  1.364  -84.782  -0.147 1.0000000000
6192  1.030  -83.967  0.223 1.0000000000
6207  0.256  -83.822  -1.074 1.0000000000
16012  -5.956  -72.203  4.367 0.4000000060
10664  -6.610  -78.158  2.950 1.0000000000
112684  -6.561  -77.216  3.219 1.0000000000
5444  10.045  -84.668  4.273 1.0000000000
5445  9.550  -85.387  4.160 1.0000000000
6204  2.055  -85.118  0.083 1.0000000000
5521  0.628  -84.488  -1.231 1.0000000000
14233  -6.388  -74.395  3.353 0.8000000119
13311  -6.442  -74.902  4.614 0.8999999762
12420  -6.531  -76.473  3.663 1.0000000000
5458  9.635  -85.151  3.068 1.0000000000
4830  8.968  -85.898  3.547 1.0000000000
5501  3.008  -85.288  0.121 1.0000000000
5535  1.719  -85.567  -1.359 1.0000000000
5550  0.185  -84.861  -2.507 1.0000000000
5470  8.979  -85.462  1.956 1.0000000000
5498  8.179  -84.834  -0.233 1.0000000000
5536  0.830  -85.465  -2.325 1.0000000000
5565  -0.687  -84.818  -3.745 1.0000000000
5575  -1.454  -84.352  -4.821 1.0000000000
5481  8.978  -84.729  1.455 1.0000000000
6200  7.793  -84.670  -0.633 1.0000000000
6213  6.971  -84.486  -1.704 1.0000000000
6227  6.767  -84.582  -2.408 1.0000000000
5581  -0.933  -84.842  -5.277 1.0000000000
6953  -1.410  -83.747  -7.011 1.0000000000
8480  -1.343  -81.124  -8.131 0.8000000119
10004  -0.801  -78.933  -8.697 0.6999999881
6185  7.972  -84.451  0.208 1.0000000000
6262  6.608  -85.097  -3.835 1.0000000000
7708  -0.541  -82.407  -8.037 0.8000000119
8487  0.414  -80.236  -8.783 0.6999999881
10025  0.013  -78.138  -9.167 0.4000000060
6201  7.205  -84.495  -0.963 1.0000000000
6228  5.939  -84.726  -2.713 1.0000000000
123240  5.397  -85.607  -4.556 1.0000000000
4947  4.923  -86.746  -6.464 1.0000000000
4936  5.896  -86.306  -6.016 1.0000000000
125101  5.812  -87.111  -7.818 1.0000000000
4957  6.525  -86.947  -7.402 1.0000000000
121306  7.020  -85.808  -9.993 1.0000000000
131283  6.007  -86.928  -8.834 1.0000000000
4956  7.318  -86.972  -7.775 1.0000000000
3726  17.092  -88.118  -6.073 0.6000000238
3727  15.875  -88.321  -6.188 0.6000000238
3735  15.443  -87.761  -6.801 0.6999999881
4301  12.391  -87.069  -7.634 0.8000000119
5611  7.863  -85.627  -10.101 1.0000000000
4973  8.147  -86.767  -8.762 1.0000000000
3197  16.143  -88.789  -5.525 0.6999999881
131732  12.446  -85.616  -9.250 0.6999999881
4982  11.884  -85.377  -9.727 0.8999999762
130721  10.038  -84.955  -10.575 1.0000000000
5609  9.560  -85.303  -10.370 1.0000000000
4986  8.381  -86.211  -9.454 1.0000000000
3521  4.981  -88.145  13.899 1.0000000000
2115  -5.432  -91.113  10.869 1.0000000000
4072  4.268  -87.741  13.521 1.0000000000
3067  -2.115  -90.299  8.637 1.0000000000
2113  -4.092  -91.575  11.535 1.0000000000
2114  -4.856  -91.364  11.472 1.0000000000
3044  -5.900  -90.363  10.574 1.0000000000
3011  3.533  -89.161  12.936 1.0000000000
3055  -1.921  -90.069  9.535 1.0000000000
2575  -2.942  -91.168  10.304 1.0000000000
112983  5.596  -88.250  13.729 1.0000000000
4070  5.584  -87.497  13.748 1.0000000000
2540  2.393  -90.238  11.441 1.0000000000
3533  3.506  -88.294  12.634 1.0000000000
3605  -1.203  -89.451  7.193 1.0000000000
3066  -1.516  -89.671  8.103 1.0000000000
123453  2.765  -89.501  11.484 1.0000000000
3090  -1.028  -89.843  6.252 1.0000000000
4725  7.272  -87.159  12.478 1.0000000000
3100  -0.030  -89.621  5.079 1.0000000000
4724  8.013  -86.792  11.812 1.0000000000
3531  6.324  -88.478  12.733 1.0000000000
2146  1.336  -91.307  9.760 1.0000000000
2572  2.204  -89.868  9.833 1.0000000000
3053  2.053  -90.182  9.059 1.0000000000
3108  0.825  -89.377  4.791 1.0000000000
3098  2.144  -89.398  4.826 1.0000000000
4096  6.981  -87.812  11.685 1.0000000000
3115  1.363  -88.876  4.120 1.0000000000
3622  3.254  -88.285  4.766 1.0000000000
3631  3.321  -87.855  3.753 1.0000000000
4735  9.205  -86.164  10.023 1.0000000000
4736  8.612  -86.710  10.659 1.0000000000
3076  2.238  -89.620  7.401 1.0000000000
3623  2.856  -89.035  5.269 1.0000000000
3603  2.612  -88.786  7.581 1.0000000000
3614  2.490  -89.268  6.673 1.0000000000
5397  9.797  -85.739  9.427 1.0000000000
8354  0.405  -81.486  1.612 1.0000000000
9828  -1.851  -79.532  2.171 1.0000000000
9070  -3.451  -80.055  2.093 1.0000000000
8358  -4.826  -81.707  1.369 1.0000000000
7575  -5.558  -81.982  0.615 1.0000000000
5405  9.923  -85.591  8.553 1.0000000000
7592  -6.446  -82.210  -0.054 1.0000000000
6852  1.963  -82.477  1.968 1.0000000000
128982  -7.313  -80.215  1.690 1.0000000000
6109  10.833  -84.381  7.266 1.0000000000
6179  2.038  -84.157  1.162 1.0000000000
9054  -7.255  -80.701  2.360 1.0000000000
6117  10.819  -83.938  6.210 1.0000000000
6177  3.481  -84.274  1.611 1.0000000000
15997  -5.598  -72.234  5.768 0.3000000119
9811  -6.794  -79.603  3.252 1.0000000000
131217  -6.533  -78.102  4.389 1.0000000000
6118  10.130  -84.866  6.262 1.0000000000
119686  -6.529  -77.434  4.519 1.0000000000
5457  10.036  -84.479  3.430 1.0000000000
6162  9.384  -84.219  2.173 1.0000000000
5500  3.851  -85.241  0.332 1.0000000000
5518  2.386  -85.469  -0.651 1.0000000000
4899  1.291  -85.707  -2.093 1.0000000000
4928  0.211  -85.814  -4.889 1.0000000000
6173  8.438  -84.355  1.051 1.0000000000
5580  -0.412  -85.322  -5.628 1.0000000000
6951  0.161  -83.429  -7.775 1.0000000000
6202  6.388  -84.571  -1.090 1.0000000000
8485  1.503  -81.435  -8.851 0.6999999881
125010  1.937  -80.396  -9.425 0.6000000238
6229  5.434  -84.949  -2.040 1.0000000000
4923  4.511  -86.057  -4.605 1.0000000000
121085  4.173  -86.776  -6.019 1.0000000000
122636  4.627  -86.718  -8.222 1.0000000000
5622  5.794  -85.025  -10.004 1.0000000000
5612  6.126  -85.922  -9.846 1.0000000000
4289  16.753  -87.695  -6.848 0.6000000238
4299  15.012  -87.248  -7.393 0.6999999881
133039  14.609  -86.742  -7.746 0.8000000119
4968  13.700  -85.942  -8.553 0.6999999881
115028  12.679  -86.056  -8.660 0.8000000119
6315  6.969  -84.271  -10.739 1.0000000000
117637  8.216  -84.440  -10.686 1.0000000000
5620  7.459  -84.782  -10.589 1.0000000000
121711  16.203  -87.258  -7.526 0.6999999881
4952  15.555  -86.686  -7.950 0.6999999881
5597  14.844  -85.607  -8.893 0.6999999881
5598  13.887  -85.214  -9.276 0.6999999881
4981  13.082  -85.511  -9.083 0.6999999881
6312  10.685  -84.187  -10.859 0.8999999762
6313  9.024  -84.106  -10.756 0.8999999762
116052  8.208  -84.993  -10.544 0.8999999762
4298  17.302  -86.998  -7.469 0.6000000238
6305  12.904  -84.923  -9.908 0.6999999881
5616  11.211  -84.125  -10.739 0.8000000119
6317  10.688  -83.375  -10.807 0.6999999881
4951  16.723  -86.590  -8.118 0.6000000238
123107  -2.128  -90.419  10.363 1.0000000000
2560  -2.747  -90.939  11.099 1.0000000000
4699  5.422  -86.474  13.699 1.0000000000
5356  4.689  -85.855  13.225 1.0000000000
4080  3.755  -87.438  12.813 1.0000000000
4097  3.384  -87.666  12.053 1.0000000000
3604  -0.280  -88.375  7.457 1.0000000000
117494  6.741  -87.206  13.316 1.0000000000
3566  2.850  -88.877  11.058 1.0000000000
3550  3.148  -88.241  11.611 1.0000000000
3616  0.239  -88.439  6.026 1.0000000000
3041  2.445  -89.592  10.727 1.0000000000
3635  0.637  -88.868  4.811 1.0000000000
4705  7.673  -86.452  12.820 1.0000000000
3578  2.938  -87.877  9.870 1.0000000000
130315  2.531  -88.768  8.993 1.0000000000
3644  2.486  -88.193  3.138 1.0000000000
130431  3.040  -87.652  8.539 1.0000000000
3657  1.872  -88.083  2.477 1.0000000000
5391  9.844  -85.526  10.567 1.0000000000
4723  8.842  -86.017  11.792 1.0000000000
6085  10.363  -84.997  10.062 1.0000000000
118110  3.283  -87.768  6.837 1.0000000000
7548  1.255  -81.120  2.881 1.0000000000
8327  -0.262  -80.619  3.422 1.0000000000
9050  -1.295  -79.996  2.742 1.0000000000
121382  -2.767  -80.957  3.100 1.0000000000
119654  10.488  -84.961  9.107 1.0000000000
7558  1.201  -81.896  1.920 1.0000000000
8330  -2.251  -81.318  3.608 1.0000000000
112664  -3.558  -80.921  2.582 1.0000000000
7562  -4.598  -82.739  1.789 1.0000000000
120449  -5.832  -82.895  0.639 1.0000000000
6786  11.507  -83.553  7.868 1.0000000000
6861  2.251  -83.458  1.598 1.0000000000
7574  -5.211  -82.819  1.046 1.0000000000
7577  -6.732  -82.747  0.688 1.0000000000
118823  11.302  -83.447  6.898 1.0000000000
8359  -7.254  -81.604  1.187 1.0000000000
6860  3.069  -83.640  1.887 1.0000000000
123156  -7.313  -81.578  2.194 1.0000000000
9041  -6.990  -80.439  3.222 1.0000000000
6859  3.893  -83.901  2.111 1.0000000000
9803  -6.557  -79.290  3.991 1.0000000000
6176  4.292  -84.549  1.517 1.0000000000
133102  10.270  -84.312  4.678 1.0000000000
111363  -6.494  -75.731  4.816 1.0000000000
6152  10.075  -83.765  3.320 1.0000000000
6161  9.694  -83.735  2.787 1.0000000000
5517  3.241  -85.599  -0.751 1.0000000000
4898  1.844  -86.004  -2.016 1.0000000000
4280  0.978  -86.813  -5.116 1.0000000000
4949  0.091  -85.875  -5.846 1.0000000000
6186  7.007  -84.363  0.338 1.0000000000
123322  5.685  -84.785  -0.320 1.0000000000
5533  4.629  -85.340  -1.782 1.0000000000
5592  1.500  -85.271  -7.198 1.0000000000
6295  0.527  -83.998  -7.529 1.0000000000
6950  1.012  -83.213  -7.855 0.8000000119
5563  3.964  -86.126  -3.785 1.0000000000
131372  2.474  -82.945  -8.029 0.8999999762
8484  2.548  -81.602  -9.098 0.6999999881
8491  2.805  -80.141  -9.788 0.6000000238
5562  4.537  -85.584  -3.169 1.0000000000
4937  3.590  -86.755  -5.621 1.0000000000
118808  3.608  -80.271  -10.044 0.6000000238
9201  2.123  -79.443  -10.003 0.4000000060
4978  3.567  -86.101  -7.936 1.0000000000
9211  3.387  -79.194  -10.288 0.5000000000
10022  2.031  -78.482  -10.131 0.3000000119
6316  6.358  -84.078  -10.220 1.0000000000
6306  5.493  -84.171  -9.671 1.0000000000
6307  4.876  -84.495  -9.088 1.0000000000
10847  2.169  -77.560  -9.841 0.2000000030
116999  7.168  -83.343  -10.105 1.0000000000
7727  6.570  -82.631  -9.845 0.8999999762
7728  6.073  -82.049  -9.754 0.8000000119
11652  0.552  -76.867  -8.952 0.3000000119
127182  10.129  -82.881  -10.295 0.6000000238
6318  9.634  -83.838  -10.763 0.8999999762
6978  8.261  -83.861  -10.496 0.8000000119
119350  7.287  -82.678  -9.735 0.6999999881
12582  0.248  -76.122  -8.224 0.3000000119
6310  12.633  -84.125  -10.531 0.6000000238
6311  11.158  -83.514  -10.827 0.6999999881
4964  17.596  -85.811  -8.282 0.6000000238
123920  -2.058  -90.287  11.237 1.0000000000
2529  -3.287  -90.838  12.507 1.0000000000
3001  -4.732  -89.936  13.647 1.0000000000
3014  -5.245  -89.800  12.886 1.0000000000
3042  -1.091  -89.126  10.751 1.0000000000
3043  -1.602  -89.848  10.756 1.0000000000
2099  -4.231  -91.217  12.325 1.0000000000
2543  -4.972  -90.930  12.208 1.0000000000
6737  6.735  -83.464  12.839 1.0000000000
6738  5.947  -83.849  12.726 1.0000000000
6057  6.556  -84.293  13.276 1.0000000000
5367  4.808  -84.905  12.733 1.0000000000
5384  4.248  -85.044  11.948 1.0000000000
3581  -0.650  -88.636  9.896 1.0000000000
120189  -0.598  -88.542  8.978 1.0000000000
6056  7.451  -84.072  13.241 1.0000000000
6043  7.129  -84.892  13.516 1.0000000000
6054  9.384  -83.537  12.601 1.0000000000
4727  3.360  -86.438  10.870 1.0000000000
3589  -0.136  -87.964  8.397 1.0000000000
4152  0.299  -87.849  6.740 1.0000000000
5364  8.016  -84.925  13.219 1.0000000000
5383  8.229  -85.892  12.668 1.0000000000
5365  7.521  -85.686  13.308 1.0000000000
4108  3.156  -87.202  10.264 1.0000000000
4118  3.181  -87.147  9.187 1.0000000000
3615  0.615  -87.613  5.968 1.0000000000
6071  10.151  -83.926  11.988 1.0000000000
6072  9.485  -84.400  12.609 1.0000000000
4139  3.700  -87.014  7.232 1.0000000000
4169  0.582  -87.423  4.057 1.0000000000
3658  1.195  -87.988  2.538 1.0000000000
6080  10.409  -84.686  11.087 1.0000000000
5381  9.725  -85.215  11.803 1.0000000000
3634  0.933  -87.938  4.349 1.0000000000
4211  0.457  -87.641  1.809 1.0000000000
6758  10.942  -83.372  10.669 1.0000000000
122273  10.874  -84.209  10.431 1.0000000000
4150  3.727  -87.189  6.398 1.0000000000
4210  1.396  -87.624  1.784 1.0000000000
6772  11.538  -83.442  8.903 1.0000000000
7539  2.570  -81.432  3.419 1.0000000000
127313  1.771  -81.631  2.431 1.0000000000
8326  1.290  -81.047  3.822 1.0000000000
8310  0.520  -81.260  4.392 1.0000000000
9039  -0.988  -80.487  3.459 1.0000000000
7473  11.674  -82.769  8.351 1.0000000000
8341  -2.766  -81.785  3.457 1.0000000000
8342  -3.422  -81.949  2.951 1.0000000000
7561  -3.896  -82.791  2.388 1.0000000000
7545  3.815  -82.379  3.077 1.0000000000
7547  2.343  -81.954  2.635 1.0000000000
6864  -4.305  -83.593  2.073 1.0000000000
6874  -6.075  -83.669  0.811 1.0000000000
132983  -6.659  -84.275  1.315 1.0000000000
6797  11.379  -82.745  6.666 1.0000000000
6866  -7.072  -83.210  1.471 1.0000000000
7563  -7.282  -82.607  2.057 1.0000000000
8331  -7.202  -81.354  3.131 1.0000000000
124634  -6.630  -80.158  4.029 1.0000000000
9789  -6.348  -79.773  5.908 1.0000000000
120211  11.190  -83.098  6.054 1.0000000000
6847  6.497  -83.536  2.491 1.0000000000
6835  6.865  -82.971  3.084 1.0000000000
10647  -6.487  -78.781  4.624 1.0000000000
12374  -6.559  -76.785  6.235 0.8999999762
11487  -6.527  -77.085  5.283 0.8000000119
10632  -6.519  -78.300  6.098 1.0000000000
6812  10.512  -83.485  4.694 1.0000000000
6833  8.955  -83.104  3.169 1.0000000000
6846  7.678  -83.430  2.402 1.0000000000
6165  6.273  -84.128  1.963 1.0000000000
14174  -6.485  -75.227  7.253 0.6999999881
12396  -6.516  -76.170  5.424 0.8000000119
6845  8.829  -83.523  2.379 1.0000000000
6164  7.157  -83.854  1.983 1.0000000000
6203  4.634  -85.222  -0.130 1.0000000000
4903  2.627  -86.311  -2.741 1.0000000000
4914  1.541  -86.608  -3.486 1.0000000000
116970  -6.417  -74.235  7.726 0.5000000000
125462  8.096  -83.839  1.637 1.0000000000
111052  2.047  -86.977  -4.070 1.0000000000
6294  1.508  -84.275  -7.495 1.0000000000
7714  3.498  -82.288  -8.984 0.8999999762
5549  3.837  -85.989  -2.965 1.0000000000
4938  2.867  -86.946  -5.626 1.0000000000
4980  2.109  -85.922  -7.423 1.0000000000
4979  2.861  -86.099  -7.639 1.0000000000
127329  3.794  -84.825  -7.911 1.0000000000
6970  4.771  -82.952  -9.242 1.0000000000
6971  4.228  -82.766  -8.868 0.8999999762
7729  5.456  -82.145  -9.603 0.8000000119
7724  4.237  -82.032  -9.419 0.8000000119
9210  4.192  -79.719  -10.309 0.6000000238
10043  3.294  -77.939  -10.180 0.3000000119
10023  1.406  -78.244  -9.988 0.2000000030
129508  6.974  -81.889  -9.826 0.6000000238
116858  6.624  -81.548  -9.887 0.6000000238
10021  3.644  -77.343  -9.656 0.2000000030
4966  15.956  -86.049  -8.679 0.5000000000
6966  9.487  -83.327  -10.357 0.8000000119
6956  8.988  -83.919  -8.785 0.6000000238
6958  7.622  -83.294  -9.063 0.6000000238
7713  7.511  -82.800  -8.693 0.5000000000
10846  2.964  -77.301  -9.693 0.2000000030
4965  17.054  -85.821  -8.587 0.6000000238
5604  15.909  -84.553  -9.707 0.5000000000
6303  14.972  -84.118  -10.036 0.5000000000
6973  13.010  -83.442  -10.594 0.4000000060
129132  12.297  -83.052  -10.746 0.6000000238
7720  12.926  -82.530  -9.984 0.4000000060
125773  11.400  -82.613  -9.830 0.6000000238
2516  -3.113  -90.480  13.174 1.0000000000
3027  -1.468  -89.632  11.384 1.0000000000
2999  -1.685  -89.354  13.245 1.0000000000
114341  -5.647  -88.016  12.232 1.0000000000
3552  -0.954  -88.754  11.605 1.0000000000
133423  6.152  -83.302  12.211 1.0000000000
6073  5.474  -83.657  11.963 1.0000000000
3580  -0.004  -87.523  10.212 1.0000000000
4120  0.254  -86.840  9.534 1.0000000000
6753  6.013  -83.235  11.350 1.0000000000
6074  4.756  -84.329  11.675 1.0000000000
5392  4.700  -84.329  10.416 1.0000000000
5393  4.206  -84.971  11.052 1.0000000000
6735  8.689  -82.924  12.586 1.0000000000
7432  7.908  -82.544  12.207 1.0000000000
6081  5.284  -83.859  9.717 1.0000000000
4737  3.795  -85.556  10.450 1.0000000000
4141  0.447  -87.324  7.690 1.0000000000
4140  0.534  -86.676  7.521 1.0000000000
4746  3.526  -86.170  9.614 1.0000000000
4758  3.638  -86.311  8.645 1.0000000000
4788  0.487  -86.551  6.769 1.0000000000
123246  -0.523  -86.258  6.066 1.0000000000
6751  9.634  -82.845  11.992 1.0000000000
7444  9.419  -82.311  11.404 1.0000000000
4149  4.113  -86.252  6.743 1.0000000000
4814  -0.122  -86.674  4.720 1.0000000000
129729  -0.871  -86.601  4.906 1.0000000000
4815  -1.811  -86.943  4.818 1.0000000000
7450  10.759  -82.567  10.624 1.0000000000
7451  9.698  -82.097  10.592 1.0000000000
4189  3.304  -87.361  2.919 1.0000000000
4170  0.068  -87.039  3.879 1.0000000000
4192  -0.719  -87.377  2.914 1.0000000000
7516  1.259  -82.167  5.593 1.0000000000
6826  -1.271  -83.045  4.529 1.0000000000
6839  -1.748  -83.625  4.082 1.0000000000
4212  -0.460  -87.500  1.907 1.0000000000
6765  11.529  -82.724  9.173 1.0000000000
8288  5.234  -81.108  5.849 1.0000000000
8307  3.226  -81.249  5.058 1.0000000000
8308  2.407  -81.291  4.942 1.0000000000
8309  1.479  -81.393  4.801 1.0000000000
7517  0.672  -82.096  5.173 1.0000000000
124631  -0.045  -82.194  4.866 1.0000000000
7541  -2.208  -82.176  3.878 1.0000000000
6157  -2.275  -84.145  3.537 1.0000000000
124281  11.358  -81.981  7.876 1.0000000000
8305  4.938  -81.209  5.030 1.0000000000
8325  2.060  -81.150  4.128 1.0000000000
8311  -0.333  -81.515  4.375 1.0000000000
6840  -2.395  -83.192  3.793 1.0000000000
6853  -2.949  -83.637  3.114 1.0000000000
8287  6.860  -80.770  5.710 1.0000000000
122988  6.500  -81.021  5.083 1.0000000000
7538  3.753  -81.514  4.090 1.0000000000
6181  -3.983  -84.412  2.455 1.0000000000
7493  11.254  -82.067  6.961 1.0000000000
8256  10.635  -81.301  7.326 1.0000000000
8286  7.729  -80.716  5.553 1.0000000000
7537  5.266  -82.146  3.438 1.0000000000
7527  4.672  -81.562  4.164 1.0000000000
6194  -5.407  -84.265  1.573 1.0000000000
116381  -6.088  -84.758  1.428 1.0000000000
6855  -7.174  -83.659  2.364 1.0000000000
8283  10.620  -81.624  5.739 1.0000000000
8284  9.720  -81.103  5.604 1.0000000000
8302  8.226  -81.114  4.733 1.0000000000
7551  -7.333  -83.318  3.029 1.0000000000
117695  -7.351  -82.363  3.041 1.0000000000
119800  -7.221  -82.073  3.923 1.0000000000
7507  11.091  -82.260  6.160 1.0000000000
8301  9.236  -81.396  4.763 1.0000000000
7536  6.229  -82.126  3.454 1.0000000000
6837  4.800  -82.963  2.963 1.0000000000
9030  -6.933  -81.096  4.013 1.0000000000
9029  -6.487  -80.777  4.833 1.0000000000
7513  10.171  -81.860  4.944 1.0000000000
7534  8.298  -82.343  3.542 1.0000000000
6836  5.836  -83.018  3.072 1.0000000000
116125  -6.442  -79.091  6.398 1.0000000000
6822  10.330  -82.621  4.534 1.0000000000
7533  9.277  -82.577  3.636 1.0000000000
111180  -6.438  -75.048  8.227 0.5000000000
5602  2.439  -85.056  -7.445 1.0000000000
6960  3.015  -83.486  -7.821 0.8999999762
14148  -6.417  -74.046  8.582 0.4000000060
8489  4.200  -80.910  -9.999 0.6999999881
10039  8.421  -79.448  -10.194 0.3000000119
10045  7.221  -79.394  -10.986 0.3000000119
8488  7.788  -80.853  -10.024 0.3000000119
9209  7.895  -79.855  -10.639 0.4000000060
6308  14.923  -83.341  -10.229 0.4000000060
6949  7.858  -83.382  -7.921 0.3000000119
8478  7.804  -82.244  -8.560 0.2000000030
8483  7.440  -81.954  -9.297 0.4000000060
6948  9.760  -83.779  -8.288 0.3000000119
6292  8.908  -84.111  -7.843 0.4000000060
6302  15.861  -83.726  -9.992 0.4000000060
6955  9.820  -83.337  -9.608 0.6000000238
3000  -2.454  -89.939  13.452 1.0000000000
2988  -4.216  -89.870  14.402 1.0000000000
3525  -4.706  -89.294  14.084 1.0000000000
3526  -5.302  -88.063  13.079 1.0000000000
3535  -1.219  -88.871  12.572 1.0000000000
3524  -1.978  -89.314  13.963 1.0000000000
121678  -5.619  -85.840  12.487 1.0000000000
3568  -0.412  -88.238  10.860 1.0000000000
3567  0.037  -87.124  11.069 1.0000000000
7453  7.661  -82.380  11.167 1.0000000000
114785  5.317  -83.764  10.885 1.0000000000
4747  -0.863  -85.567  9.601 1.0000000000
119274  -0.160  -86.220  9.133 1.0000000000
112667  6.579  -82.860  10.676 1.0000000000
133849  6.085  -82.893  9.826 1.0000000000
5399  4.206  -85.269  9.361 1.0000000000
113539  -1.625  -85.343  9.016 1.0000000000
116977  -1.701  -86.007  8.335 1.0000000000
7452  8.698  -82.165  10.937 1.0000000000
6098  4.806  -83.730  8.063 1.0000000000
5408  4.591  -84.901  8.100 1.0000000000
4757  4.173  -85.539  8.488 1.0000000000
4775  4.091  -86.112  7.451 1.0000000000
130720  -2.283  -86.319  7.219 1.0000000000
4801  -1.279  -86.476  5.555 1.0000000000
114818  4.367  -85.428  7.020 1.0000000000
4158  4.056  -86.443  5.944 1.0000000000
129115  4.053  -86.699  5.151 1.0000000000
4791  -3.048  -86.480  6.718 1.0000000000
119110  -2.654  -86.858  5.613 1.0000000000
4172  -2.776  -87.166  4.609 1.0000000000
4167  4.228  -86.391  4.437 1.0000000000
4802  -3.634  -86.667  5.622 1.0000000000
4173  -3.620  -87.042  4.230 1.0000000000
5439  -5.180  -85.325  4.485 1.0000000000
6133  -5.630  -84.459  4.903 1.0000000000
8222  10.573  -81.609  9.258 1.0000000000
4193  -1.846  -87.326  3.149 1.0000000000
6123  -6.425  -83.490  5.654 1.0000000000
8272  7.874  -80.744  7.132 1.0000000000
118130  6.958  -80.943  7.039 1.0000000000
8274  5.616  -81.170  6.593 1.0000000000
8290  3.647  -81.499  5.840 1.0000000000
6818  0.832  -83.023  5.660 1.0000000000
6824  0.398  -83.760  5.224 1.0000000000
6838  -1.003  -83.990  4.372 1.0000000000
4230  -1.049  -87.236  1.406 1.0000000000
115954  6.026  -80.911  5.831 1.0000000000
6156  -1.492  -84.522  3.680 1.0000000000
133618  9.750  -80.847  7.187 1.0000000000
6168  -2.753  -84.643  3.014 1.0000000000
5488  -4.390  -84.774  2.401 1.0000000000
4881  -5.314  -85.172  2.413 1.0000000000
115637  -6.630  -84.651  2.124 1.0000000000
128488  -6.994  -84.308  2.940 1.0000000000
124233  -7.271  -82.990  3.792 1.0000000000
8314  -6.886  -81.856  4.847 1.0000000000
10621  -6.521  -78.478  6.980 0.8999999762
9015  -6.201  -80.472  6.445 1.0000000000
122910  -6.574  -77.098  7.082 0.8999999762
12354  -6.553  -76.897  7.820 0.8999999762
112480  -6.429  -74.864  9.081 0.6000000238
2975  -3.015  -89.383  15.192 1.0000000000
127771  -3.504  -89.133  15.489 1.0000000000
2986  -2.756  -89.720  14.369 1.0000000000
133805  -4.430  -88.190  15.189 1.0000000000
128814  -4.911  -88.367  13.964 1.0000000000
4082  -0.812  -88.119  12.855 1.0000000000
3523  -1.235  -88.645  13.501 1.0000000000
4728  0.273  -86.230  11.358 1.0000000000
4098  -0.090  -87.191  11.918 1.0000000000
113567  -0.003  -85.448  10.286 1.0000000000
5394  -0.884  -85.000  9.771 1.0000000000
6759  6.888  -82.558  9.979 1.0000000000
6086  5.622  -83.304  9.292 1.0000000000
119933  -1.830  -84.684  9.180 1.0000000000
4749  -2.313  -85.373  8.562 1.0000000000
118515  7.853  -82.214  10.301 1.0000000000
5420  4.248  -84.086  7.420 1.0000000000
4786  4.332  -84.825  6.663 1.0000000000
4762  -2.959  -85.870  8.144 1.0000000000
4780  -3.821  -85.938  7.028 1.0000000000
5431  -4.074  -85.537  5.996 1.0000000000
7463  8.563  -82.016  10.033 1.0000000000
124548  4.406  -85.897  5.313 1.0000000000
4792  -3.777  -86.160  6.186 1.0000000000
6121  -4.410  -84.578  5.629 1.0000000000
6819  -5.079  -84.133  5.379 1.0000000000
111028  3.159  -86.582  2.357 1.0000000000
4858  1.176  -87.096  1.195 1.0000000000
5438  -4.517  -86.014  5.316 1.0000000000
6132  -4.794  -85.077  5.120 1.0000000000
128966  9.921  -81.186  8.801 1.0000000000
4174  -4.326  -86.616  4.192 1.0000000000
4175  -4.711  -86.255  3.894 1.0000000000
133479  -5.937  -84.524  4.476 1.0000000000
8236  8.857  -81.127  8.626 1.0000000000
8237  7.904  -81.197  8.048 1.0000000000
8259  6.171  -81.418  7.292 1.0000000000
7508  5.113  -81.843  7.110 1.0000000000
7510  3.301  -82.042  6.339 1.0000000000
6817  1.724  -83.006  6.020 1.0000000000
6131  1.250  -83.968  5.534 1.0000000000
6143  0.995  -84.617  4.562 1.0000000000
133491  -2.606  -87.245  3.053 1.0000000000
8235  10.666  -81.398  8.372 1.0000000000
130823  9.821  -80.953  8.009 1.0000000000
6167  -1.964  -85.032  3.038 1.0000000000
8257  8.874  -80.799  7.623 1.0000000000
5476  -2.414  -85.504  2.659 1.0000000000
6180  -3.301  -85.040  2.779 1.0000000000
4879  -3.800  -85.721  2.569 1.0000000000
4882  -5.694  -85.205  2.383 1.0000000000
6145  -6.698  -83.957  4.022 1.0000000000
7518  -6.865  -82.673  5.223 1.0000000000
8292  -6.323  -81.341  6.136 1.0000000000
110544  -6.489  -78.699  7.875 1.0000000000
9006  -6.129  -80.178  7.397 1.0000000000
11450  -6.527  -77.489  8.479 1.0000000000
12335  -6.538  -76.665  8.629 0.6999999881
13213  -6.406  -75.422  10.402 0.5000000000
3496  -2.351  -88.854  15.557 1.0000000000
4057  -3.693  -88.271  16.302 1.0000000000
4058  -4.237  -87.843  15.779 1.0000000000
4074  -0.656  -87.664  13.375 1.0000000000
3508  -2.237  -89.145  14.746 1.0000000000
4066  -4.703  -88.044  14.631 1.0000000000
4081  -0.388  -87.327  12.644 1.0000000000
3507  -1.578  -88.568  14.934 1.0000000000
114083  -4.882  -87.360  14.069 1.0000000000
4729  0.417  -85.678  11.328 1.0000000000
4709  0.079  -86.415  12.241 1.0000000000
6061  -5.688  -84.822  12.576 0.8999999762
5385  0.121  -85.137  10.361 1.0000000000
6076  -0.558  -84.707  9.842 1.0000000000
6768  5.911  -82.762  9.279 1.0000000000
6097  5.392  -83.188  8.625 1.0000000000
6763  -0.995  -84.311  9.603 1.0000000000
6099  -2.523  -84.763  8.630 1.0000000000
5419  4.405  -83.536  7.659 1.0000000000
6112  -2.780  -84.357  7.576 1.0000000000
6113  -3.304  -84.530  6.882 1.0000000000
126499  3.887  -86.533  2.986 1.0000000000
7511  -3.815  -82.742  6.383 1.0000000000
6804  -3.483  -83.585  6.359 1.0000000000
7499  -4.824  -82.907  6.592 1.0000000000
6806  -5.517  -83.463  6.166 1.0000000000
130562  7.741  -81.393  8.767 1.0000000000
7464  7.412  -82.023  9.753 1.0000000000
6791  -5.690  -83.023  7.115 1.0000000000
6792  -5.860  -82.798  7.309 1.0000000000
7482  -5.782  -82.410  7.991 1.0000000000
6788  5.565  -82.267  7.726 1.0000000000
6799  4.713  -82.771  7.464 1.0000000000
6814  3.790  -83.562  6.558 1.0000000000
6807  -6.175  -83.276  6.537 1.0000000000
6801  3.729  -82.707  6.830 1.0000000000
6815  3.302  -83.621  6.334 1.0000000000
6130  2.189  -84.161  5.707 1.0000000000
125514  -1.604  -87.010  2.071 1.0000000000
130243  -3.303  -87.074  3.339 1.0000000000
120360  0.382  -84.930  3.596 1.0000000000
6166  -1.079  -85.289  2.839 1.0000000000
4818  -5.522  -85.480  3.779 1.0000000000
4862  -3.138  -86.264  2.570 1.0000000000
6135  -6.558  -83.700  4.820 1.0000000000
114519  -6.696  -83.173  5.454 1.0000000000
7502  -6.321  -82.465  6.773 1.0000000000
7512  -6.641  -82.606  6.028 1.0000000000
8276  -6.377  -81.984  6.533 1.0000000000
111885  -6.338  -78.921  8.833 1.0000000000
120735  -6.151  -79.826  8.896 1.0000000000
8262  -6.064  -81.161  7.005 1.0000000000
11422  -6.335  -77.140  10.119 0.8999999762
12294  -6.293  -76.422  10.747 0.8999999762
130142  -6.445  -76.241  10.061 0.6999999881
4687  -0.867  -87.372  15.580 1.0000000000
4041  -1.477  -87.875  16.451 1.0000000000
4675  -3.700  -87.151  17.207 1.0000000000
5343  0.316  -85.870  15.588 1.0000000000
4669  -0.731  -86.854  16.913 1.0000000000
3495  -1.559  -88.265  15.710 1.0000000000
4689  -4.360  -86.871  15.798 1.0000000000
5344  -4.310  -85.875  15.788 1.0000000000
4686  -0.226  -86.591  15.530 1.0000000000
4073  -0.234  -86.668  13.059 1.0000000000
5345  -4.570  -86.248  15.040 1.0000000000
133126  0.532  -85.526  14.833 1.0000000000
5348  0.510  -85.674  14.045 1.0000000000
4710  0.303  -85.834  12.428 1.0000000000
5350  -4.735  -85.750  14.224 1.0000000000
6047  -4.850  -84.186  13.562 1.0000000000
6075  0.367  -84.771  10.608 1.0000000000
5368  0.625  -85.297  11.455 1.0000000000
6725  -5.245  -83.860  13.586 0.8999999762
6727  -7.077  -83.922  13.638 0.8999999762
6762  -0.730  -84.000  9.865 1.0000000000
6716  -7.352  -83.901  14.454 0.6999999881
5429  3.938  -84.223  7.062 1.0000000000
123013  -1.213  -83.919  9.451 1.0000000000
7496  -1.865  -82.716  7.511 1.0000000000
4797  4.611  -85.180  5.682 1.0000000000
4798  4.397  -85.531  4.709 1.0000000000
7497  -2.463  -82.370  7.140 1.0000000000
7479  -3.684  -81.795  7.766 1.0000000000
6767  6.436  -82.240  9.264 1.0000000000
6774  5.730  -82.629  8.677 1.0000000000
116730  -4.598  -82.236  7.946 1.0000000000
119412  -4.232  -82.278  7.049 1.0000000000
6798  4.914  -82.965  7.804 1.0000000000
6119  4.161  -83.501  7.349 1.0000000000
6127  3.971  -84.331  6.189 1.0000000000
7500  -5.221  -82.655  7.696 1.0000000000
7494  6.986  -81.538  8.451 1.0000000000
7495  6.317  -81.824  7.999 1.0000000000
6129  3.212  -84.379  5.687 1.0000000000
6142  2.842  -84.769  4.751 1.0000000000
6153  2.248  -85.007  3.750 1.0000000000
5462  1.910  -85.597  2.649 1.0000000000
7469  -5.271  -81.705  9.187 1.0000000000
114460  1.853  -84.596  4.972 1.0000000000
6154  1.288  -85.077  3.430 1.0000000000
5472  1.453  -86.127  1.680 1.0000000000
5484  -1.176  -86.490  1.391 1.0000000000
5475  -1.537  -85.805  2.291 1.0000000000
123799  -2.328  -86.469  2.406 1.0000000000
4216  -4.509  -86.497  3.147 1.0000000000
127932  -6.372  -84.253  4.322 1.0000000000
4233  -4.225  -86.358  2.841 1.0000000000
4845  -5.512  -85.898  3.080 1.0000000000
5448  -6.225  -85.122  3.462 1.0000000000
4864  -4.726  -85.844  2.622 1.0000000000
5465  -6.408  -85.254  2.999 1.0000000000
8243  -5.714  -81.384  8.382 1.0000000000
9761  -6.212  -79.592  9.735 1.0000000000
9771  -6.030  -80.171  8.277 1.0000000000
10599  -6.306  -78.614  9.709 1.0000000000
12281  -6.154  -76.513  11.569 0.8999999762
13185  -6.107  -75.178  12.338 0.6000000238
115688  -1.330  -87.448  17.121 1.0000000000
4032  -1.764  -87.541  17.956 1.0000000000
4034  -3.190  -87.554  17.666 1.0000000000
4688  -4.057  -86.527  16.540 1.0000000000
4027  -2.840  -87.248  18.410 1.0000000000
6032  0.758  -85.206  15.202 1.0000000000
128609  0.214  -85.926  16.395 1.0000000000
111034  -4.003  -84.983  15.691 1.0000000000
6039  -4.131  -84.249  14.656 0.8999999762
114551  0.895  -85.116  14.403 1.0000000000
6038  0.987  -85.055  13.470 1.0000000000
6046  -4.369  -83.882  14.154 1.0000000000
7419  1.315  -83.731  12.543 1.0000000000
6723  1.268  -84.565  13.044 1.0000000000
7420  -4.895  -83.452  14.141 1.0000000000
7410  -6.233  -83.346  14.455 1.0000000000
7447  0.904  -82.987  11.596 1.0000000000
116394  0.584  -83.853  11.292 1.0000000000
6715  -6.906  -83.337  14.814 0.8000000119
124093  -7.323  -83.310  16.061 0.6000000238
6761  -0.419  -83.622  9.702 1.0000000000
7477  -0.670  -82.010  8.386 1.0000000000
8239  -2.000  -81.418  7.992 1.0000000000
8240  -2.883  -81.345  8.207 1.0000000000
8227  -3.254  -81.217  9.150 1.0000000000
8228  -4.163  -81.560  9.460 1.0000000000
7456  -4.814  -81.780  9.586 1.0000000000
6140  4.283  -85.053  4.785 1.0000000000
4859  0.172  -86.893  0.934 1.0000000000
129070  -5.087  -82.354  8.453 1.0000000000
5447  3.476  -85.266  3.705 1.0000000000
5461  2.998  -85.665  2.734 1.0000000000
5471  2.393  -86.208  1.925 1.0000000000
114933  -5.379  -81.347  11.081 1.0000000000
7459  -5.560  -81.176  9.764 1.0000000000
8229  -5.479  -81.194  8.970 1.0000000000
7501  -6.103  -82.407  7.495 1.0000000000
4231  -2.401  -86.781  2.429 1.0000000000
9756  -6.413  -80.070  10.781 1.0000000000
8990  -6.093  -80.226  9.473 1.0000000000
8997  -5.649  -80.766  9.008 1.0000000000
10592  -6.246  -79.112  11.110 1.0000000000
110775  -6.132  -78.287  11.272 0.8999999762
4659  -1.372  -87.068  18.732 1.0000000000
4016  -2.211  -87.365  18.705 1.0000000000
4670  -3.404  -86.881  17.974 1.0000000000
120901  -3.793  -86.243  17.338 1.0000000000
116783  -3.934  -85.552  16.525 1.0000000000
4668  -0.234  -86.323  17.145 1.0000000000
118520  -1.028  -86.949  17.677 1.0000000000
4661  -3.033  -86.619  18.703 1.0000000000
6021  -3.685  -84.591  16.357 1.0000000000
5997  1.611  -84.075  19.006 1.0000000000
6677  1.413  -84.349  17.173 1.0000000000
6018  0.999  -84.931  16.580 1.0000000000
5330  0.089  -85.856  17.695 1.0000000000
4658  -0.494  -86.522  18.170 1.0000000000
6033  -3.773  -84.082  15.450 1.0000000000
6713  -3.884  -83.380  14.821 1.0000000000
7363  2.216  -82.856  17.454 1.0000000000
6676  1.924  -83.548  16.813 1.0000000000
6688  1.498  -84.192  16.170 1.0000000000
6699  1.550  -84.106  15.200 1.0000000000
6700  1.194  -84.659  14.782 1.0000000000
7407  -3.994  -82.790  14.848 1.0000000000
8132  2.715  -82.180  17.099 1.0000000000
7377  2.369  -82.761  16.585 1.0000000000
7393  1.913  -83.450  14.690 1.0000000000
7406  1.731  -83.462  13.874 1.0000000000
6722  1.521  -83.993  13.372 1.0000000000
116347  2.531  -82.583  15.851 1.0000000000
7405  2.106  -82.730  14.205 1.0000000000
7417  1.646  -82.897  12.896 1.0000000000
7433  1.612  -82.700  12.012 1.0000000000
7397  -6.125  -82.445  15.540 0.8999999762
112445  -6.784  -82.458  16.181 0.8000000119
8165  2.734  -81.926  15.510 1.0000000000
8177  2.523  -81.867  14.743 1.0000000000
132900  2.467  -81.675  13.200 1.0000000000
8207  1.958  -81.357  10.989 1.0000000000
7454  0.955  -82.610  10.454 1.0000000000
8224  -0.321  -81.475  8.942 1.0000000000
8975  1.547  -80.713  10.588 1.0000000000
8976  0.833  -80.594  10.056 1.0000000000
8988  -0.710  -80.746  9.297 1.0000000000
8980  -3.246  -80.750  10.674 1.0000000000
8967  -3.649  -80.625  11.588 1.0000000000
8208  -4.462  -81.151  11.129 1.0000000000
8199  -6.433  -81.094  12.102 1.0000000000
8210  -6.275  -81.117  11.206 1.0000000000
8969  -6.693  -80.793  11.525 1.0000000000
8981  -6.291  -80.799  10.589 1.0000000000
11389  -5.620  -77.611  13.643 0.8999999762
12255  -5.849  -75.564  13.084 0.8000000119
113989  -1.035  -86.462  20.367 1.0000000000
4622  -1.935  -86.025  20.441 1.0000000000
5316  -2.353  -85.894  19.966 1.0000000000
5324  -2.710  -85.621  19.362 1.0000000000
6000  -3.240  -85.249  18.206 1.0000000000
5987  0.954  -84.936  19.815 1.0000000000
5998  0.857  -85.034  18.803 1.0000000000
5314  0.326  -85.664  19.703 1.0000000000
110807  -1.616  -86.616  20.007 1.0000000000
6020  -3.283  -84.067  16.943 1.0000000000
6690  -3.436  -83.776  16.150 1.0000000000
6654  1.871  -83.813  19.923 1.0000000000
6666  1.284  -84.451  18.066 1.0000000000
5323  0.083  -85.899  18.688 1.0000000000
5315  -0.447  -86.284  19.717 1.0000000000
7351  2.740  -82.452  18.789 1.0000000000
7340  2.231  -83.150  19.346 1.0000000000
6701  -3.389  -83.169  15.604 1.0000000000
8097  3.329  -81.977  19.132 1.0000000000
8118  2.680  -82.307  17.902 1.0000000000
8168  -4.128  -81.989  15.590 0.8999999762
125212  -4.719  -82.120  15.644 0.8999999762
8170  -6.232  -81.934  16.349 0.8000000119
8873  3.116  -81.504  16.707 1.0000000000
8185  2.655  -80.984  13.478 1.0000000000
8962  2.580  -80.101  11.971 1.0000000000
8963  2.014  -80.452  11.176 1.0000000000
9755  0.267  -79.883  10.564 1.0000000000
8897  3.083  -81.327  15.908 1.0000000000
8913  2.879  -81.106  15.134 1.0000000000
110817  2.805  -80.142  13.751 1.0000000000
8977  -0.168  -80.305  9.879 1.0000000000
8964  -0.700  -79.959  10.684 1.0000000000
9743  -2.102  -79.939  11.742 1.0000000000
8966  -2.652  -80.281  11.191 1.0000000000
9726  -2.490  -79.808  12.385 1.0000000000
8950  -2.997  -80.186  12.051 1.0000000000
8968  -4.568  -80.988  12.032 1.0000000000
8198  -5.584  -81.194  11.974 1.0000000000
8952  -5.058  -80.818  12.736 1.0000000000
9744  -6.600  -80.041  11.806 1.0000000000
5975  -1.890  -85.309  20.489 1.0000000000
5999  -2.795  -84.864  18.780 1.0000000000
6667  -2.605  -83.832  18.318 1.0000000000
5974  0.910  -84.857  20.848 1.0000000000
117045  -0.414  -85.660  21.273 1.0000000000
5290  -0.851  -85.401  21.539 1.0000000000
119219  -1.602  -84.535  20.726 1.0000000000
6645  -1.491  -83.727  20.430 1.0000000000
128506  -2.135  -83.365  18.683 1.0000000000
6679  -2.811  -83.473  17.443 1.0000000000
6643  2.220  -83.528  21.494 1.0000000000
5973  1.684  -84.119  20.887 1.0000000000
5943  0.885  -84.374  22.291 1.0000000000
6678  -2.271  -82.889  17.901 1.0000000000
7339  2.927  -82.591  19.867 1.0000000000
6653  2.309  -83.343  20.392 1.0000000000
7380  -2.574  -82.195  16.441 1.0000000000
122823  -2.705  -81.920  16.071 1.0000000000
7395  -3.489  -82.643  15.345 1.0000000000
8154  -5.622  -81.498  16.632 0.8000000119
8096  4.001  -81.692  19.509 1.0000000000
8117  3.158  -81.837  18.263 1.0000000000
8872  3.402  -81.045  17.026 1.0000000000
9704  2.757  -79.351  12.843 1.0000000000
9739  1.890  -79.664  11.413 1.0000000000
9740  0.554  -79.380  11.078 1.0000000000
9723  0.234  -78.934  11.614 1.0000000000
9742  -1.192  -79.660  11.478 1.0000000000
127681  3.493  -81.382  17.766 1.0000000000
8923  2.958  -80.012  14.681 1.0000000000
10573  1.602  -78.188  11.927 1.0000000000
10585  1.235  -79.009  11.461 1.0000000000
8896  3.398  -80.756  16.248 1.0000000000
9673  3.241  -79.364  15.271 1.0000000000
132080  2.892  -79.332  13.930 1.0000000000
9724  -0.691  -79.162  11.988 1.0000000000
9725  -1.715  -79.427  12.350 1.0000000000
9708  -4.874  -80.248  14.162 1.0000000000
8936  -4.374  -80.349  13.293 1.0000000000
9692  -6.263  -79.629  14.119 1.0000000000
6619  0.065  -83.914  22.598 1.0000000000
127205  -0.402  -82.889  21.720 1.0000000000
7322  2.733  -83.032  22.139 1.0000000000
7295  2.116  -82.600  23.511 1.0000000000
6601  1.168  -83.408  23.002 1.0000000000
5944  0.152  -84.586  22.299 1.0000000000
5960  -0.814  -84.655  21.767 1.0000000000
6644  -0.886  -83.117  20.925 1.0000000000
6655  -1.780  -83.347  19.465 1.0000000000
7353  -1.829  -82.604  18.607 1.0000000000
7310  3.309  -82.562  22.782 1.0000000000
6631  1.558  -84.029  21.957 1.0000000000
133138  -2.166  -82.349  17.410 1.0000000000
8063  4.821  -81.879  21.980 1.0000000000
7329  2.869  -82.908  21.032 1.0000000000
8078  6.049  -81.436  20.728 1.0000000000
8046  5.255  -81.337  22.169 1.0000000000
114725  4.163  -82.155  21.444 1.0000000000
8151  -2.365  -81.545  16.631 1.0000000000
127304  5.012  -81.755  20.382 1.0000000000
7338  3.558  -82.075  19.941 1.0000000000
8899  -2.511  -81.126  16.718 0.8999999762
8900  -3.266  -81.193  16.549 0.8999999762
8153  -4.646  -81.632  16.180 0.8999999762
8094  5.769  -81.663  19.824 1.0000000000
8901  -4.086  -81.255  16.554 0.8999999762
114136  4.025  -81.424  18.768 1.0000000000
8871  3.809  -80.839  17.321 1.0000000000
10572  2.437  -78.309  12.499 1.0000000000
124570  1.041  -77.494  12.143 1.0000000000
10575  -0.192  -78.533  12.307 1.0000000000
133615  4.211  -80.945  17.851 1.0000000000
118177  3.566  -79.870  15.864 1.0000000000
113256  3.018  -78.748  14.626 1.0000000000
115998  2.849  -78.504  13.491 1.0000000000
10553  1.827  -77.523  12.408 1.0000000000
124298  3.181  -78.498  15.323 1.0000000000
10513  3.037  -77.919  15.009 1.0000000000
10529  2.884  -77.827  14.067 1.0000000000
11386  1.915  -76.833  12.850 1.0000000000
11402  0.645  -76.982  12.792 1.0000000000
10554  -0.597  -78.200  13.069 1.0000000000
10555  -1.479  -78.509  13.509 1.0000000000
12251  1.450  -76.137  13.122 1.0000000000
11403  0.257  -77.811  12.570 1.0000000000
111855  -2.447  -79.532  12.868 1.0000000000
9727  -3.210  -80.031  12.949 1.0000000000
7312  0.584  -82.441  22.697 1.0000000000
119558  -0.435  -82.018  21.023 1.0000000000
120916  1.752  -82.316  23.556 1.0000000000
8066  0.121  -81.499  21.479 1.0000000000
8098  -0.546  -81.246  20.013 1.0000000000
7341  -1.418  -82.366  19.323 1.0000000000
7294  2.955  -82.313  23.551 1.0000000000
8027  2.368  -81.837  23.841 1.0000000000
8050  1.072  -81.746  22.919 1.0000000000
8801  1.096  -80.869  22.385 1.0000000000
8081  0.011  -80.959  20.706 1.0000000000
8837  -0.575  -80.500  19.111 1.0000000000
8120  -1.437  -81.713  18.460 1.0000000000
7364  -1.824  -81.981  17.713 1.0000000000
130543  5.203  -80.344  22.710 1.0000000000
8025  4.279  -81.312  23.497 1.0000000000
122075  2.973  -79.718  23.437 1.0000000000
8785  2.024  -81.056  23.659 1.0000000000
8855  -0.624  -79.787  18.411 1.0000000000
8133  -1.523  -80.622  17.747 1.0000000000
8134  -1.856  -81.182  17.233 1.0000000000
8810  5.996  -80.855  21.611 1.0000000000
8875  -1.689  -80.531  17.646 1.0000000000
8876  -2.148  -80.692  17.260 1.0000000000
8077  6.606  -81.331  20.036 1.0000000000
8878  -3.992  -80.811  17.121 0.8999999762
112779  6.305  -81.607  19.213 1.0000000000
133570  5.946  -81.717  18.515 1.0000000000
8113  5.910  -81.668  17.752 1.0000000000
125340  -4.746  -80.513  17.593 0.8999999762
119598  5.353  -81.636  18.955 1.0000000000
8130  4.929  -81.112  17.373 1.0000000000
8895  4.402  -80.225  16.883 1.0000000000
10497  3.975  -78.413  16.288 1.0000000000
9658  3.778  -78.942  16.224 1.0000000000
8858  -5.889  -80.549  18.562 0.8999999762
8852  4.368  -81.104  17.856 1.0000000000
8870  4.112  -80.654  17.417 1.0000000000
10498  3.426  -78.173  16.051 1.0000000000
11342  3.031  -77.302  15.096 1.0000000000
9659  3.771  -79.520  16.190 1.0000000000
112567  3.490  -78.838  15.767 1.0000000000
11361  2.845  -77.162  14.282 1.0000000000
130553  -4.312  -79.991  14.611 1.0000000000
9689  -3.350  -79.361  14.436 1.0000000000
10556  -2.333  -78.876  13.953 1.0000000000
11365  -5.521  -77.892  14.524 0.8999999762
9674  -5.324  -79.676  15.729 1.0000000000
10532  -3.436  -79.150  15.194 1.0000000000
10517  -6.188  -78.915  15.125 1.0000000000
8800  1.654  -80.366  22.877 1.0000000000
8080  0.523  -80.568  21.489 1.0000000000
8823  0.239  -79.962  20.578 1.0000000000
8824  -0.159  -80.293  19.895 1.0000000000
8836  -0.183  -79.614  19.189 1.0000000000
127436  4.776  -78.861  23.004 1.0000000000
10402  4.162  -79.291  23.258 1.0000000000
9545  2.390  -79.420  22.984 1.0000000000
9560  1.091  -79.135  21.789 1.0000000000
10422  0.906  -78.786  21.868 1.0000000000
9591  0.135  -78.971  20.401 1.0000000000
9557  6.310  -79.614  22.151 1.0000000000
9558  5.375  -79.430  22.681 1.0000000000
8854  -0.257  -79.079  18.816 1.0000000000
9613  -0.713  -79.273  18.028 1.0000000000
9572  7.285  -80.251  20.975 1.0000000000
9593  -2.566  -79.271  18.864 1.0000000000
9615  -2.133  -79.742  18.229 1.0000000000
9637  -2.631  -80.284  17.787 0.8999999762
9590  7.870  -80.350  20.179 1.0000000000
9612  7.672  -80.739  19.291 1.0000000000
8851  6.750  -81.472  18.513 1.0000000000
9616  -3.211  -79.763  18.446 0.8999999762
8856  -3.854  -80.285  17.872 0.8999999762
9589  8.196  -80.209  19.658 1.0000000000
8850  7.542  -80.985  18.156 1.0000000000
8129  5.905  -81.423  16.773 1.0000000000
9595  -4.809  -79.537  19.543 0.8999999762
9618  -5.407  -80.053  19.064 0.8999999762
9611  8.150  -80.281  18.875 1.0000000000
8869  6.699  -81.414  17.388 1.0000000000
9656  4.913  -79.789  16.343 1.0000000000
11318  3.816  -77.648  16.029 1.0000000000
9577  -5.295  -79.459  20.393 0.8999999762
11319  3.298  -77.494  15.711 1.0000000000
122167  2.765  -76.157  14.163 1.0000000000
12268  1.153  -76.540  12.756 1.0000000000
12253  0.194  -76.659  13.546 1.0000000000
10530  -1.830  -78.220  14.263 1.0000000000
11364  -2.145  -77.980  15.013 1.0000000000
10501  -5.843  -78.917  16.691 1.0000000000
10515  -4.146  -79.452  15.908 1.0000000000
10531  -2.665  -78.644  14.741 1.0000000000
10516  -6.148  -79.119  16.002 1.0000000000
10500  -4.881  -78.950  17.165 1.0000000000
11344  -2.343  -77.741  15.646 1.0000000000
12189  -5.862  -76.963  16.808 0.8999999762
13104  -5.745  -75.796  18.107 0.8000000119
12110  3.526  -78.188  23.717 1.0000000000
10420  2.900  -78.861  23.212 1.0000000000
9559  1.759  -79.018  22.502 1.0000000000
11254  0.638  -78.434  22.295 1.0000000000
11262  0.409  -78.605  21.756 1.0000000000
10455  -0.020  -78.803  19.801 1.0000000000
112267  5.683  -77.745  23.348 1.0000000000
113917  5.252  -78.572  22.919 1.0000000000
12096  3.050  -77.835  23.786 1.0000000000
12112  2.191  -78.136  23.036 1.0000000000
12098  1.438  -77.637  23.478 1.0000000000
12083  0.608  -77.852  23.190 1.0000000000
11263  -0.009  -78.512  21.079 1.0000000000
11265  -0.554  -78.018  20.087 1.0000000000
10457  -0.745  -78.374  19.278 1.0000000000
10473  -1.699  -79.169  18.463 1.0000000000
11260  7.656  -79.658  21.534 1.0000000000
10437  7.352  -79.786  21.549 1.0000000000
129845  -0.035  -77.981  22.814 1.0000000000
11256  -0.215  -78.179  21.743 1.0000000000
10451  9.258  -79.455  19.712 1.0000000000
10452  8.540  -79.744  20.037 1.0000000000
10453  8.237  -80.032  20.223 1.0000000000
10423  -1.285  -78.031  20.759 1.0000000000
10441  -2.156  -78.503  20.222 1.0000000000
10442  -3.340  -78.774  20.628 1.0000000000
9576  -4.117  -79.132  20.078 0.8999999762
10443  -4.716  -79.017  21.039 0.8999999762
9609  9.123  -79.685  18.292 1.0000000000
9610  8.545  -79.957  18.604 1.0000000000
9632  8.069  -80.384  17.858 1.0000000000
8868  7.425  -81.010  17.058 1.0000000000
8148  6.101  -81.168  15.861 1.0000000000
8911  5.722  -80.536  15.593 1.0000000000
10496  4.709  -78.844  16.178 1.0000000000
9631  8.694  -80.039  17.601 1.0000000000
8909  7.396  -80.866  15.121 1.0000000000
117517  6.761  -81.112  15.614 1.0000000000
9671  6.069  -80.061  14.830 1.0000000000
10512  5.261  -78.464  15.550 1.0000000000
11341  4.557  -77.964  15.999 1.0000000000
12207  3.357  -76.565  15.099 1.0000000000
8920  8.113  -80.565  14.494 1.0000000000
9688  6.497  -79.489  14.192 1.0000000000
12226  1.906  -75.584  13.567 1.0000000000
12252  0.827  -76.244  13.178 1.0000000000
12228  -0.212  -76.397  14.342 1.0000000000
11362  -0.585  -77.131  14.062 1.0000000000
11363  -1.371  -77.557  14.545 1.0000000000
11320  -2.062  -77.119  15.974 1.0000000000
12160  -6.045  -76.729  18.652 1.0000000000
11301  -6.228  -77.766  17.259 1.0000000000
124904  -5.158  -78.496  17.728 1.0000000000
111876  -3.618  -78.469  17.059 1.0000000000
12172  -6.100  -76.870  17.721 0.8999999762
11200  6.381  -78.147  24.705 1.0000000000
11177  5.149  -77.881  25.745 1.0000000000
11178  4.212  -77.844  25.739 1.0000000000
11179  3.296  -77.915  25.681 1.0000000000
11203  1.958  -77.584  24.504 1.0000000000
111874  8.911  -78.920  23.090 1.0000000000
10385  8.384  -78.741  23.982 1.0000000000
11223  6.584  -77.987  23.601 1.0000000000
123100  5.615  -77.609  24.057 1.0000000000
11224  4.603  -77.353  23.812 1.0000000000
12062  4.084  -77.233  24.490 1.0000000000
12064  2.590  -77.334  24.262 1.0000000000
12082  1.232  -77.598  23.450 1.0000000000
11205  0.614  -77.736  23.745 1.0000000000
133307  8.769  -79.561  20.203 1.0000000000
10400  8.140  -79.145  22.262 1.0000000000
10417  7.842  -79.336  21.882 1.0000000000
11249  7.238  -79.114  22.196 1.0000000000
123509  -0.713  -77.906  22.900 1.0000000000
130617  -0.762  -77.913  21.594 1.0000000000
10467  9.638  -79.429  18.844 1.0000000000
10435  8.535  -79.585  20.732 1.0000000000
130711  -1.794  -78.195  21.796 1.0000000000
10424  -2.513  -78.447  21.189 1.0000000000
10425  -3.701  -78.642  21.519 0.8999999762
116967  -5.839  -79.474  21.092 0.8999999762
10482  9.986  -79.477  18.001 1.0000000000
9655  8.957  -80.162  16.557 1.0000000000
8892  8.352  -80.612  15.598 1.0000000000
11340  5.193  -77.450  15.395 1.0000000000
123270  4.533  -77.058  15.647 1.0000000000
9654  9.851  -79.864  16.283 1.0000000000
115572  9.202  -80.188  15.677 1.0000000000
9703  7.667  -79.591  13.506 1.0000000000
10511  5.909  -78.999  14.892 1.0000000000
122107  4.702  -76.019  15.149 1.0000000000
10528  6.435  -78.313  14.295 1.0000000000
126876  5.829  -77.888  14.961 1.0000000000
13133  4.097  -74.415  14.807 1.0000000000
13134  3.362  -75.331  14.525 1.0000000000
13149  2.510  -74.779  14.062 1.0000000000
13151  0.841  -75.158  14.173 1.0000000000
13152  0.170  -75.678  14.655 1.0000000000
12209  -1.283  -76.643  15.604 1.0000000000
12158  -3.001  -76.875  18.594 1.0000000000
12170  -2.647  -76.917  17.620 1.0000000000
119400  -6.030  -77.400  18.155 1.0000000000
11288  -4.835  -77.490  19.335 1.0000000000
12159  -3.880  -77.602  18.820 1.0000000000
12171  -3.463  -77.684  18.100 1.0000000000
13091  -5.894  -75.950  19.154 0.8999999762
13078  -5.700  -75.850  20.040 0.8999999762
12148  -4.131  -76.874  19.852 1.0000000000
120994  -5.376  -74.261  18.485 0.8000000119
13961  -5.563  -74.950  20.374 0.8000000119
14909  -5.356  -73.815  19.889 0.6999999881
10387  7.088  -78.432  24.490 1.0000000000
10353  6.816  -78.260  26.072 1.0000000000
10371  6.167  -78.180  25.710 1.0000000000
10356  3.759  -78.205  26.430 1.0000000000
10357  2.814  -78.325  26.376 1.0000000000
10369  7.803  -78.532  24.849 1.0000000000
10325  2.915  -78.157  27.534 1.0000000000
10358  1.777  -78.441  26.352 1.0000000000
11181  1.420  -78.024  25.371 1.0000000000
11182  0.519  -78.187  25.493 1.0000000000
11183  -0.414  -78.128  25.925 1.0000000000
10415  9.252  -79.352  21.197 1.0000000000
112752  9.104  -79.179  22.063 1.0000000000
11206  -0.507  -77.909  24.202 1.0000000000
123943  -1.712  -77.947  23.182 1.0000000000
10434  9.309  -79.402  20.436 1.0000000000
10404  -2.962  -78.379  22.107 1.0000000000
10405  -4.122  -78.503  22.321 1.0000000000
10466  10.768  -79.193  18.611 1.0000000000
10426  -4.722  -78.826  21.827 0.8999999762
9547  -6.035  -79.564  22.809 0.8000000119
9629  10.309  -79.594  17.151 1.0000000000
9668  10.616  -79.833  15.597 1.0000000000
9669  9.782  -79.955  15.147 1.0000000000
10551  7.919  -79.015  13.326 1.0000000000
10527  7.164  -78.877  13.641 1.0000000000
11339  6.428  -77.075  14.482 1.0000000000
12206  5.482  -76.194  14.938 1.0000000000
13132  4.880  -74.919  14.980 1.0000000000
110093  4.201  -73.636  15.471 1.0000000000
14034  3.391  -73.727  14.934 1.0000000000
14016  2.594  -73.307  15.902 1.0000000000
14018  0.993  -74.117  16.527 1.0000000000
13996  0.629  -74.063  17.143 1.0000000000
13997  0.029  -74.468  17.691 1.0000000000
13977  -1.188  -74.491  18.511 1.0000000000
13978  -2.078  -74.969  18.984 1.0000000000
14048  2.749  -73.942  14.471 1.0000000000
14036  1.637  -73.811  15.062 1.0000000000
131060  0.424  -75.033  15.990 1.0000000000
13116  0.534  -74.608  16.645 1.0000000000
13101  -0.516  -75.078  17.330 1.0000000000
13089  -1.756  -75.183  18.225 1.0000000000
112941  1.257  -74.435  14.626 1.0000000000
129229  0.558  -74.980  15.065 1.0000000000
13135  -0.044  -75.576  15.615 1.0000000000
13102  -1.431  -75.444  17.523 1.0000000000
13076  -2.821  -75.587  19.585 1.0000000000
12147  -3.248  -76.446  19.388 1.0000000000
13077  -3.583  -76.131  20.103 0.8999999762
13954  -5.113  -74.867  21.176 0.8000000119
14897  -5.198  -73.460  20.845 0.6999999881
114645  -5.103  -72.894  21.447 0.6999999881
16744  -5.159  -71.733  20.636 0.6999999881
10352  7.522  -78.284  25.683 1.0000000000
10337  5.853  -78.125  26.911 1.0000000000
10338  5.094  -78.225  27.055 1.0000000000
10339  4.212  -78.313  27.056 1.0000000000
11220  10.635  -77.241  24.062 1.0000000000
11221  9.900  -78.015  24.077 1.0000000000
10384  9.218  -78.617  24.087 1.0000000000
11160  6.558  -77.616  26.683 1.0000000000
117692  3.659  -77.831  27.697 1.0000000000
10342  0.972  -78.535  26.874 1.0000000000
11248  11.338  -78.204  21.822 1.0000000000
11236  10.854  -78.226  22.597 1.0000000000
11237  10.414  -78.136  23.405 1.0000000000
10326  1.985  -78.227  27.550 1.0000000000
11161  0.242  -78.338  26.513 1.0000000000
121314  -0.978  -77.926  25.227 1.0000000000
125776  -1.536  -77.853  24.576 1.0000000000
132228  11.002  -78.746  21.202 1.0000000000
10398  10.307  -78.959  21.798 1.0000000000
125445  -2.633  -77.970  23.374 1.0000000000
128490  -3.512  -78.185  23.053 1.0000000000
11247  11.817  -78.203  21.012 1.0000000000
11274  11.171  -78.904  19.616 1.0000000000
10407  -5.521  -78.841  23.114 0.8000000119
122010  -5.626  -79.299  23.510 0.8000000119
12146  12.171  -78.352  19.617 1.0000000000
10480  11.698  -79.017  17.828 1.0000000000
10481  11.150  -79.401  17.040 1.0000000000
10494  12.019  -79.160  16.786 1.0000000000
10495  11.397  -79.618  16.141 1.0000000000
12205  6.494  -75.810  14.649 1.0000000000
13115  6.080  -74.255  15.431 1.0000000000
9684  10.484  -79.837  14.527 1.0000000000
10550  8.643  -78.691  13.141 1.0000000000
11384  7.860  -78.146  13.348 1.0000000000
12225  7.008  -76.232  14.324 1.0000000000
13129  6.867  -74.791  14.950 1.0000000000
131513  5.531  -74.380  15.266 1.0000000000
14015  4.954  -73.512  16.041 1.0000000000
12224  7.596  -76.035  14.114 1.0000000000
112549  3.369  -73.230  16.132 1.0000000000
13995  1.673  -73.513  16.590 1.0000000000
13976  -0.212  -74.301  18.258 1.0000000000
13960  -0.639  -74.047  18.798 1.0000000000
119591  -1.651  -74.231  19.140 1.0000000000
14896  -2.413  -73.490  20.445 1.0000000000
121977  -2.501  -74.709  19.741 1.0000000000
13953  -2.885  -74.402  20.704 1.0000000000
13061  -3.212  -75.332  20.402 1.0000000000
13062  -4.504  -75.292  21.144 0.8000000119
13942  -4.465  -74.459  21.448 0.6999999881
13941  -3.538  -74.310  21.429 1.0000000000
14867  -4.743  -72.994  21.939 0.8000000119
16743  -5.090  -70.739  20.845 0.6999999881
115596  -4.980  -70.820  21.911 0.8000000119
12010  5.575  -76.954  27.526 1.0000000000
112521  4.271  -77.372  27.802 1.0000000000
12059  10.207  -76.605  24.718 1.0000000000
12060  9.540  -77.112  25.070 1.0000000000
127088  7.766  -77.088  25.850 1.0000000000
11146  6.122  -77.274  27.166 1.0000000000
10323  5.438  -77.922  27.286 1.0000000000
132045  2.993  -77.674  27.902 1.0000000000
10327  1.179  -78.230  27.505 1.0000000000
12093  12.101  -76.498  23.062 1.0000000000
126548  11.408  -76.751  23.570 1.0000000000
133604  11.045  -77.538  23.233 1.0000000000
11162  -0.573  -77.900  27.034 1.0000000000
132715  12.039  -77.721  21.758 1.0000000000
132869  -2.337  -77.642  24.787 1.0000000000
11207  -3.062  -77.470  24.594 0.8999999762
11229  -3.295  -77.797  23.882 0.8999999762
11208  -3.793  -77.500  24.569 0.8999999762
11210  -4.776  -78.113  24.425 0.8000000119
115906  -5.118  -79.078  25.453 0.6999999881
12128  12.532  -77.823  20.290 1.0000000000
10388  -4.760  -78.413  23.073 0.8999999762
11285  12.761  -78.254  18.955 1.0000000000
113079  12.511  -78.570  18.244 1.0000000000
11317  12.798  -78.654  16.383 1.0000000000
10509  12.182  -79.287  15.726 1.0000000000
10526  11.156  -79.470  13.933 1.0000000000
117351  12.048  -79.144  14.562 1.0000000000
10548  10.658  -78.812  13.109 1.0000000000
10549  9.632  -78.731  13.075 1.0000000000
11383  8.463  -77.727  13.187 1.0000000000
113535  5.087  -73.445  16.680 1.0000000000
12249  8.695  -76.846  13.348 1.0000000000
12223  8.200  -75.898  13.920 1.0000000000
12204  7.259  -75.315  14.601 1.0000000000
13114  6.578  -74.148  15.449 1.0000000000
13971  4.415  -73.286  17.051 1.0000000000
13993  3.952  -73.259  16.593 1.0000000000
14923  2.532  -72.980  16.801 1.0000000000
132299  1.980  -72.910  17.087 1.0000000000
15874  0.548  -72.833  18.187 1.0000000000
15860  -0.273  -72.715  18.882 1.0000000000
15861  -1.213  -72.897  19.446 1.0000000000
15848  -2.038  -72.783  20.205 1.0000000000
13973  2.120  -73.219  16.354 1.0000000000
14924  1.630  -73.143  16.967 1.0000000000
14925  0.312  -73.496  18.204 1.0000000000
14926  0.167  -73.951  18.329 1.0000000000
14906  -0.403  -73.529  18.870 1.0000000000
114453  -1.299  -73.643  19.272 1.0000000000
15835  -3.506  -73.053  21.950 1.0000000000
14881  -3.997  -73.474  22.108 0.8999999762
15836  -4.990  -72.361  21.890 0.8000000119
16729  -4.762  -71.226  22.445 0.8000000119
111726  -4.999  -69.990  21.604 0.6999999881
13905  9.946  -74.803  24.863 1.0000000000
132942  9.769  -75.494  24.915 1.0000000000
12061  9.127  -76.485  25.212 1.0000000000
13002  7.879  -76.356  25.507 1.0000000000
12042  7.163  -76.540  26.006 1.0000000000
12027  5.964  -76.517  27.037 1.0000000000
12969  4.346  -75.895  27.523 1.0000000000
12012  3.073  -76.550  27.971 0.8999999762
12006  1.861  -77.193  28.217 1.0000000000
13037  12.471  -75.691  23.038 1.0000000000
13026  11.644  -75.634  23.858 1.0000000000
12078  10.854  -76.151  24.338 1.0000000000
12014  1.388  -76.601  28.025 0.8999999762
11163  -1.406  -77.300  27.081 0.8999999762
11184  -1.907  -77.632  25.436 0.8999999762
13046  13.065  -76.754  21.612 1.0000000000
129104  12.531  -77.484  21.229 1.0000000000
12016  -0.479  -76.808  27.653 0.8999999762
11164  -2.232  -77.088  26.324 0.8999999762
11186  -3.513  -76.984  25.171 0.8999999762
12067  -4.294  -77.536  25.235 0.8000000119
11187  -4.543  -77.530  25.762 0.6000000238
10343  -5.016  -78.368  26.488 0.5000000000
12145  13.326  -77.423  19.783 1.0000000000
130351  12.839  -77.882  19.573 1.0000000000
10330  -4.831  -78.675  27.194 0.4000000060
11152  -4.547  -78.041  27.913 0.3000000119
123108  13.919  -77.294  18.470 1.0000000000
11296  13.314  -78.001  18.101 1.0000000000
12168  13.924  -77.386  17.532 1.0000000000
117432  13.319  -77.988  16.979 1.0000000000
11338  12.835  -78.694  15.283 1.0000000000
11337  13.356  -78.055  14.806 1.0000000000
11358  12.662  -78.550  14.109 1.0000000000
10547  11.129  -78.042  12.608 1.0000000000
11382  10.023  -77.879  12.647 1.0000000000
12248  9.422  -76.700  12.856 1.0000000000
12247  10.463  -77.033  12.419 1.0000000000
116989  10.011  -76.048  12.611 1.0000000000
13147  8.596  -75.067  13.960 1.0000000000
13128  7.667  -74.652  14.734 1.0000000000
14012  6.849  -73.721  15.477 1.0000000000
13113  6.957  -74.192  15.345 1.0000000000
13991  5.359  -73.174  16.543 1.0000000000
14921  5.071  -73.184  17.200 1.0000000000
14922  3.667  -73.041  17.113 1.0000000000
118195  2.869  -72.541  17.213 1.0000000000
15873  1.147  -72.752  17.638 1.0000000000
16776  0.786  -71.751  18.160 1.0000000000
16755  0.137  -72.050  18.661 1.0000000000
132758  -0.983  -72.132  19.376 1.0000000000
118883  -1.635  -72.070  19.949 1.0000000000
116001  -2.440  -72.059  20.871 1.0000000000
14011  7.269  -73.760  15.291 1.0000000000
14936  6.658  -72.592  15.829 1.0000000000
13990  5.805  -73.021  16.217 1.0000000000
15870  5.165  -72.911  17.252 1.0000000000
15871  4.803  -72.867  17.441 1.0000000000
16773  3.426  -72.080  17.365 1.0000000000
16775  1.614  -71.891  17.664 1.0000000000
17735  1.365  -70.880  17.838 1.0000000000
14935  6.833  -72.626  15.713 1.0000000000
15883  6.029  -72.482  16.676 1.0000000000
15884  4.948  -72.498  17.223 1.0000000000
119222  -2.880  -68.991  23.460 0.8000000119
17667  -3.147  -70.518  22.930 0.8000000119
16728  -2.792  -71.546  21.653 1.0000000000
15849  -2.510  -72.963  20.885 1.0000000000
19802  -3.925  -68.630  23.788 0.6999999881
17668  -3.725  -70.999  23.115 0.8000000119
15807  -3.145  -72.238  21.845 1.0000000000
17653  -4.062  -70.070  23.556 0.8000000119
15808  -3.775  -72.299  22.314 0.8999999762
16703  -3.943  -71.591  22.746 0.8000000119
17688  -4.822  -70.372  22.702 0.6999999881
110913  -4.773  -68.634  20.017 0.5000000000
14816  9.915  -73.750  24.545 1.0000000000
13924  8.994  -74.210  24.706 1.0000000000
13925  8.251  -73.933  24.649 1.0000000000
13907  7.811  -74.544  24.818 1.0000000000
13019  7.206  -74.990  25.095 1.0000000000
13886  5.533  -74.689  25.891 1.0000000000
12984  5.601  -75.547  26.620 1.0000000000
124347  3.922  -76.592  27.885 1.0000000000
13842  -2.120  -74.934  31.008 0.1000000015
12941  -3.064  -75.170  31.529 0.1000000015
14837  11.408  -73.833  24.179 1.0000000000
13903  11.352  -74.661  24.224 1.0000000000
13015  10.808  -75.152  24.560 1.0000000000
13872  4.360  -74.666  26.436 0.8999999762
12970  3.439  -75.852  27.641 0.8999999762
12971  1.866  -75.747  27.551 0.8999999762
13830  -3.003  -74.363  31.334 0.2000000030
12942  -4.178  -75.111  31.466 0.2000000030
13939  13.628  -75.477  21.943 1.0000000000
13045  13.097  -75.955  22.261 1.0000000000
12974  -0.987  -76.158  27.452 0.8999999762
12028  -1.968  -76.609  27.133 0.8999999762
127311  -3.149  -76.600  25.924 0.8999999762
12043  -3.741  -76.662  26.009 0.8000000119
12045  -4.317  -77.161  25.934 0.6999999881
12020  -4.809  -76.701  26.825 0.4000000060
12019  -4.821  -76.413  27.339 0.4000000060
117785  -4.676  -77.052  27.817 0.3000000119
117977  -4.502  -77.035  30.084 0.3000000119
13059  14.309  -76.228  20.352 1.0000000000
13060  13.704  -76.521  20.877 1.0000000000
12066  -3.979  -77.163  25.209 0.8999999762
13086  14.780  -76.351  18.431 1.0000000000
13087  14.293  -76.796  18.898 1.0000000000
13098  14.842  -76.370  17.509 1.0000000000
12184  13.958  -77.467  16.523 1.0000000000
12202  13.904  -77.455  15.424 1.0000000000
11357  13.069  -77.918  13.821 1.0000000000
11381  12.301  -77.974  13.007 1.0000000000
11400  11.499  -77.199  12.426 1.0000000000
12266  11.743  -76.546  12.354 1.0000000000
131870  10.550  -75.627  12.439 1.0000000000
13146  9.049  -74.917  13.652 1.0000000000
14031  8.078  -74.633  14.516 1.0000000000
123324  0.081  -71.146  18.771 1.0000000000
16757  -1.182  -71.368  19.645 1.0000000000
16727  -2.346  -71.066  21.016 1.0000000000
13165  9.753  -75.108  12.945 1.0000000000
14047  8.507  -74.410  14.152 1.0000000000
14010  7.685  -73.850  14.992 1.0000000000
17734  2.190  -71.157  17.466 1.0000000000
123512  2.085  -69.368  17.872 1.0000000000
18795  0.368  -69.481  19.248 1.0000000000
17717  0.136  -70.249  19.006 1.0000000000
17718  -0.636  -70.650  19.354 0.8999999762
129438  -1.835  -70.603  20.578 0.8999999762
14957  8.203  -73.721  14.578 1.0000000000
113701  6.989  -72.233  15.746 1.0000000000
15892  6.570  -72.052  16.306 1.0000000000
16782  5.259  -71.785  16.736 1.0000000000
17745  4.410  -71.171  16.690 1.0000000000
16784  3.808  -71.625  17.096 1.0000000000
18825  2.482  -69.715  17.362 1.0000000000
19899  2.661  -68.998  17.466 1.0000000000
18745  -2.229  -69.234  22.501 0.8999999762
18764  -2.446  -70.027  22.167 0.8000000119
16793  6.465  -71.628  16.139 1.0000000000
16794  5.862  -71.291  16.260 1.0000000000
14859  9.866  -72.415  23.227 1.0000000000
14860  9.479  -72.407  23.399 1.0000000000
14839  9.214  -73.086  24.274 1.0000000000
13933  8.344  -73.041  24.301 1.0000000000
13926  7.805  -73.573  24.523 1.0000000000
132720  7.436  -74.168  24.860 1.0000000000
13885  6.370  -74.810  25.470 1.0000000000
122046  4.806  -74.398  26.014 1.0000000000
14770  -2.335  -73.832  30.790 0.1000000015
13922  12.108  -73.444  23.760 1.0000000000
14815  10.695  -73.342  24.263 1.0000000000
129607  3.662  -74.434  26.337 0.8999999762
12987  2.769  -75.327  27.228 0.8999999762
12988  1.192  -75.276  27.011 0.8999999762
12972  0.844  -75.957  27.584 0.8999999762
13851  -4.332  -74.346  30.379 0.2000000030
115472  -4.595  -76.050  30.528 0.3000000119
13951  14.165  -75.254  21.508 1.0000000000
13036  13.052  -75.043  22.757 1.0000000000
12029  -2.697  -76.387  26.697 0.8999999762
12030  -3.303  -76.117  26.705 0.6999999881
13006  -4.162  -76.501  26.475 0.6000000238
12976  -4.616  -76.132  27.200 0.5000000000
118054  -4.488  -75.811  27.841 0.3000000119
116301  -4.459  -75.665  28.692 0.3000000119
13967  15.193  -75.873  18.874 1.0000000000
124855  -3.584  -75.622  27.544 0.6999999881
13110  14.810  -76.303  16.566 1.0000000000
13127  14.252  -76.733  14.912 1.0000000000
13145  13.835  -76.413  13.807 1.0000000000
12221  13.555  -77.275  14.154 1.0000000000
12245  13.121  -76.788  13.122 1.0000000000
13181  10.663  -74.975  12.386 1.0000000000
14973  8.771  -73.731  13.911 1.0000000000
19860  2.103  -68.233  18.910 0.8999999762
19844  1.249  -68.180  19.916 0.8000000119
124618  0.465  -68.366  20.263 0.8999999762
18782  0.044  -69.084  19.913 0.8999999762
18784  -1.437  -69.889  20.571 0.8999999762
17686  -2.090  -70.313  21.250 0.8999999762
17757  4.343  -70.288  16.369 1.0000000000
18834  4.351  -69.411  15.998 1.0000000000
22104  -0.359  -66.309  23.036 0.6000000238
20956  -0.165  -67.600  21.709 0.6999999881
19827  -0.752  -68.194  21.487 0.6999999881
18763  -1.812  -69.520  21.506 0.8000000119
16791  7.461  -72.115  15.391 1.0000000000
17755  6.349  -70.733  15.816 1.0000000000
14876  9.873  -72.197  22.548 0.8999999762
14877  9.468  -72.078  22.565 0.8999999762
14879  8.242  -72.291  22.863 1.0000000000
14840  7.414  -72.913  24.139 1.0000000000
14817  6.133  -73.433  24.620 1.0000000000
13909  5.823  -74.023  25.231 1.0000000000
13887  4.109  -74.009  25.810 0.8999999762
14784  -4.053  -73.624  29.966 0.2000000030
14857  13.613  -73.429  22.766 1.0000000000
14858  12.902  -73.960  23.106 1.0000000000
16697  10.747  -71.965  23.052 0.8999999762
125244  7.817  -72.583  23.545 1.0000000000
14818  5.185  -73.309  24.867 0.8999999762
13873  2.900  -74.582  26.533 0.8999999762
13874  1.957  -74.913  26.725 0.8999999762
12973  -0.097  -76.089  27.532 0.8999999762
13857  -4.188  -74.237  29.498 0.2000000030
14891  15.321  -74.101  21.320 0.8999999762
14875  14.442  -73.800  22.046 0.8999999762
13938  13.796  -74.525  22.248 1.0000000000
125972  -3.802  -74.162  28.889 0.4000000060
14892  15.362  -74.952  20.393 0.8999999762
13881  -3.569  -75.227  27.864 0.5000000000
13966  15.725  -75.441  18.434 0.8999999762
13987  15.285  -75.949  17.956 1.0000000000
14009  15.250  -75.882  17.034 0.8999999762
14030  15.158  -75.734  16.046 1.0000000000
13126  14.702  -76.157  15.531 1.0000000000
13144  14.416  -75.887  14.449 1.0000000000
13164  13.230  -75.955  12.870 1.0000000000
13179  12.453  -75.422  12.211 1.0000000000
14075  11.592  -74.783  11.922 1.0000000000
14989  10.375  -73.491  12.540 1.0000000000
14972  9.480  -73.582  13.273 1.0000000000
113818  8.580  -73.022  14.164 1.0000000000
17754  6.954  -70.999  15.654 1.0000000000
16805  7.508  -71.274  15.312 1.0000000000
121443  5.585  -70.426  15.909 1.0000000000
18835  3.628  -68.962  16.426 1.0000000000
20999  2.720  -67.832  18.583 1.0000000000
20954  2.052  -67.116  21.054 0.6999999881
15829  10.437  -72.087  21.958 0.8999999762
123214  10.036  -71.891  21.367 0.8999999762
14878  8.896  -72.165  22.847 1.0000000000
15777  12.869  -71.841  23.460 0.8999999762
16682  11.641  -71.321  23.203 0.8999999762
16721  11.123  -71.842  21.512 0.8000000119
15846  9.040  -71.867  21.359 0.8999999762
15831  7.746  -72.015  22.050 1.0000000000
14880  7.293  -72.303  22.710 1.0000000000
14841  6.460  -72.915  24.038 1.0000000000
14842  5.408  -72.815  24.117 1.0000000000
14843  4.424  -72.655  24.460 0.8999999762
14805  3.525  -73.449  25.397 0.8999999762
13875  0.929  -74.541  26.230 0.8999999762
12989  0.344  -75.299  26.981 0.8999999762
15798  13.542  -72.478  23.041 0.8999999762
15842  15.971  -73.475  21.304 0.8999999762
14918  16.176  -74.869  18.969 0.8999999762
13986  15.741  -75.474  17.518 0.8999999762
14008  15.667  -75.354  16.544 0.8999999762
120232  14.878  -75.423  14.997 0.8999999762
14029  15.414  -75.048  15.509 0.8999999762
14045  14.446  -75.055  14.037 1.0000000000
13163  13.916  -75.518  13.465 1.0000000000
14059  13.988  -74.648  13.120 1.0000000000
14074  12.600  -74.464  12.003 1.0000000000
15002  11.595  -73.690  11.879 1.0000000000
112947  12.795  -73.588  11.925 1.0000000000
15912  11.063  -72.642  12.413 1.0000000000
15913  9.798  -72.571  12.976 1.0000000000
16834  9.775  -71.724  13.275 1.0000000000
15906  9.093  -72.275  13.646 1.0000000000
122680  8.528  -72.139  14.273 1.0000000000
15899  7.883  -72.420  14.859 1.0000000000
18832  6.101  -69.781  15.620 1.0000000000
19927  4.922  -68.706  15.663 1.0000000000
19910  4.104  -68.361  15.869 1.0000000000
21015  3.508  -67.225  17.587 1.0000000000
20983  3.292  -67.002  20.023 0.8000000119
24250  1.535  -64.645  22.617 0.6000000238
16803  8.830  -71.230  14.257 1.0000000000
133601  8.050  -70.732  14.919 1.0000000000
17772  6.900  -70.038  15.512 1.0000000000
18854  6.677  -68.968  15.418 1.0000000000
19926  6.100  -68.036  15.439 1.0000000000
21050  4.804  -67.780  15.701 1.0000000000
22182  4.618  -66.429  16.754 1.0000000000
24251  0.735  -64.436  22.618 0.6000000238
18852  8.353  -69.852  14.964 1.0000000000
18853  7.532  -69.442  15.254 1.0000000000
125388  7.415  -68.622  15.222 1.0000000000
21028  4.948  -66.869  15.891 1.0000000000
16735  11.265  -71.783  20.574 0.8000000119
16751  10.747  -71.627  19.865 0.6999999881
17649  12.560  -70.672  23.248 0.8000000119
17663  12.298  -70.482  22.940 0.8000000119
15859  9.512  -71.707  20.625 0.6000000238
16736  8.561  -71.519  20.548 0.6000000238
16737  7.542  -71.316  20.501 0.6999999881
16722  7.166  -71.577  21.237 0.8000000119
15826  15.009  -73.045  22.003 0.8999999762
16680  13.034  -70.987  23.462 0.8000000119
124695  6.275  -71.382  21.054 0.6999999881
15841  16.648  -72.919  21.273 0.8999999762
15856  16.980  -73.771  19.677 0.8999999762
14904  16.473  -74.288  19.671 0.8999999762
14917  16.860  -74.263  18.654 0.8999999762
14933  16.675  -74.489  17.569 0.8999999762
14943  16.524  -74.425  16.772 0.8999999762
14956  16.087  -74.637  16.028 0.8999999762
14987  15.144  -73.728  13.890 0.8999999762
130799  14.532  -73.617  13.214 0.8999999762
15001  13.545  -73.427  12.355 0.8999999762
15000  14.172  -73.227  12.739 0.8999999762
118432  13.066  -72.952  11.985 1.0000000000
16833  10.737  -71.602  12.838 1.0000000000
17805  10.197  -71.112  13.305 1.0000000000
22173  4.156  -66.551  17.689 1.0000000000
22148  3.852  -66.627  19.330 0.8999999762
22147  4.544  -66.371  19.742 0.8999999762
22121  2.672  -66.454  21.716 0.6999999881
17792  9.359  -70.506  14.119 1.0000000000
22172  4.997  -66.111  17.877 1.0000000000
22160  4.539  -66.351  18.777 0.8999999762
17793  9.214  -69.832  14.592 1.0000000000
19925  8.135  -68.841  15.080 1.0000000000
21048  6.352  -66.934  15.308 1.0000000000
22181  5.326  -66.259  16.279 1.0000000000
113549  7.779  -67.901  15.094 1.0000000000
21047  7.262  -66.908  15.018 1.0000000000
16767  12.020  -71.154  19.148 0.6000000238
16750  11.341  -71.536  19.858 0.6999999881
17647  14.097  -69.806  23.360 0.8999999762
18720  13.000  -69.949  23.089 0.8000000119
17684  12.270  -70.504  22.031 0.8000000119
16720  11.775  -71.336  21.165 0.6999999881
16752  10.021  -71.519  19.878 0.6000000238
17712  8.031  -70.439  18.870 0.6000000238
16754  7.812  -71.025  19.613 0.6000000238
115663  16.375  -72.178  21.725 0.8999999762
16718  15.742  -71.725  22.150 0.8999999762
16679  13.956  -70.712  23.276 0.8999999762
16734  17.073  -72.177  21.266 0.8999999762
16748  17.289  -73.021  20.372 0.8999999762
15867  17.832  -73.078  18.333 0.8999999762
15881  16.926  -73.995  17.039 0.8999999762
15890  16.572  -73.857  16.091 0.8999999762
15889  17.107  -73.367  16.566 0.8999999762
127491  15.850  -73.470  14.625 0.8999999762
117687  14.853  -73.075  13.143 0.8999999762
15917  14.333  -72.554  12.615 0.8999999762
15918  13.645  -72.750  12.341 0.8999999762
15911  11.885  -71.905  12.358 1.0000000000
16830  14.311  -71.646  12.526 0.8999999762
16840  12.679  -71.410  12.442 1.0000000000
16832  11.753  -70.995  12.728 1.0000000000
17804  10.970  -70.678  13.113 1.0000000000
22146  5.434  -66.246  19.833 0.8999999762
23231  4.732  -65.507  21.315 0.8000000119
23213  3.190  -64.670  22.194 0.6000000238
17790  11.128  -69.945  13.372 1.0000000000
110328  9.852  -69.728  13.978 1.0000000000
23287  6.574  -66.047  17.372 1.0000000000
116030  6.145  -66.251  19.450 0.8999999762
18874  9.728  -69.092  14.484 1.0000000000
18875  8.978  -69.047  14.861 1.0000000000
22191  6.444  -66.027  15.602 1.0000000000
22180  6.025  -65.973  16.316 1.0000000000
23276  7.156  -66.171  18.557 1.0000000000
22158  7.034  -66.197  19.584 1.0000000000
23303  7.200  -65.784  15.500 1.0000000000
23295  6.905  -65.860  16.370 1.0000000000
16768  11.310  -71.226  19.215 0.5000000000
17662  14.821  -70.264  23.238 0.8000000119
19811  13.844  -68.918  22.874 0.6000000238
18778  13.702  -69.703  20.778 0.6000000238
17710  13.241  -70.534  19.092 0.6999999881
17742  11.773  -70.185  17.926 0.4000000060
17731  8.045  -69.679  18.086 0.6000000238
17698  16.528  -71.420  21.787 0.8999999762
17682  15.782  -70.721  22.560 0.8999999762
17732  7.469  -69.899  18.566 0.6000000238
16733  17.622  -72.161  20.689 0.8999999762
18792  6.889  -69.037  18.888 0.4000000060
16765  17.877  -72.565  19.697 0.8999999762
17725  18.346  -72.297  18.836 0.8999999762
16790  17.682  -72.947  17.102 0.8999999762
16802  17.357  -72.637  16.038 0.8999999762
15896  16.745  -73.050  15.606 0.8999999762
15905  16.356  -72.871  14.632 0.8999999762
14970  15.699  -72.838  13.692 0.8999999762
26296  3.706  -63.005  20.871 0.6000000238
16828  16.200  -71.213  13.038 0.8999999762
114497  15.143  -71.236  12.674 1.0000000000
16831  13.392  -71.033  12.563 1.0000000000
17803  12.519  -70.535  12.748 1.0000000000
23245  5.626  -65.484  20.949 0.8999999762
24270  3.822  -64.202  21.796 0.6000000238
129969  2.760  -63.345  20.766 0.5000000000
118643  13.156  -70.132  12.802 1.0000000000
18871  12.004  -69.485  13.402 1.0000000000
23275  8.163  -66.026  19.573 1.0000000000
127486  11.780  -68.745  13.849 1.0000000000
130884  10.552  -69.679  13.680 1.0000000000
19947  10.331  -68.509  14.562 1.0000000000
19948  9.555  -68.365  14.807 1.0000000000
19949  8.674  -68.113  15.000 1.0000000000
22190  7.587  -66.081  14.981 1.0000000000
120805  8.024  -65.587  15.466 1.0000000000
23294  7.813  -65.635  16.346 1.0000000000
128909  7.761  -66.024  17.794 1.0000000000
112476  14.800  -68.977  23.444 0.8000000119
19810  14.343  -68.623  23.021 0.5000000000
18753  14.240  -69.089  21.241 0.5000000000
18790  14.436  -69.520  18.951 0.5000000000
130055  13.560  -69.920  17.704 0.3000000119
17697  17.312  -71.204  21.127 0.8999999762
18737  15.454  -69.743  23.177 0.6999999881
17708  18.293  -71.786  19.877 0.8999999762
17709  17.914  -71.729  20.515 0.8999999762
129467  18.545  -71.171  19.989 0.8000000119
125086  18.743  -71.616  19.194 0.8999999762
118849  18.724  -71.807  18.157 0.8999999762
120532  18.615  -71.748  17.086 0.8999999762
16780  18.255  -72.419  17.676 0.8999999762
16801  17.737  -71.914  15.508 0.8999999762
16818  17.562  -71.633  14.482 0.8999999762
125824  3.938  -62.666  20.341 0.6000000238
133057  15.535  -70.672  12.730 1.0000000000
17802  14.087  -70.627  12.642 1.0000000000
24292  8.298  -65.165  20.429 1.0000000000
24293  7.058  -64.637  20.032 1.0000000000
125436  5.642  -64.577  20.699 0.8999999762
25285  4.226  -63.482  21.124 0.6000000238
26313  3.341  -62.474  20.305 0.6000000238
17801  14.857  -70.129  12.708 1.0000000000
112956  13.769  -69.688  12.930 1.0000000000
18887  12.888  -69.456  13.197 1.0000000000
123239  9.926  -66.939  14.966 1.0000000000
23323  9.162  -65.533  14.961 1.0000000000
23302  9.488  -64.961  14.946 1.0000000000
23285  9.752  -65.539  18.667 1.0000000000
23274  9.325  -65.527  19.823 1.0000000000
23244  7.147  -65.447  20.858 1.0000000000
115213  12.589  -68.884  13.634 1.0000000000
132578  11.614  -68.306  14.253 1.0000000000
21075  10.154  -67.810  14.863 1.0000000000
21076  9.281  -67.463  14.966 1.0000000000
22189  8.414  -65.842  15.003 1.0000000000
24343  8.861  -65.149  15.298 1.0000000000
122749  8.580  -65.239  16.176 1.0000000000
23293  9.402  -65.271  17.161 1.0000000000
23286  8.687  -65.634  17.465 1.0000000000
124449  8.804  -65.826  18.770 1.0000000000
19808  16.674  -68.613  23.061 0.5000000000
19796  15.173  -68.629  23.334 0.6999999881
19836  15.286  -68.259  21.198 0.4000000060
19852  15.532  -68.486  18.880 0.2000000030
119179  14.920  -68.881  17.510 0.3000000119
18752  16.606  -69.480  22.450 0.6999999881
18736  15.982  -69.154  23.120 0.6999999881
21010  15.563  -66.878  16.934 0.1000000015
125566  17.953  -70.172  20.642 0.8000000119
18776  17.397  -70.276  21.083 0.8000000119
18806  19.047  -70.892  19.549 0.8000000119
18819  19.252  -71.212  18.588 0.8000000119
18818  19.722  -70.664  17.849 0.8999999762
17752  19.101  -71.065  16.541 0.8999999762
17769  18.166  -71.249  14.980 0.8999999762
17788  17.939  -70.986  13.992 0.8999999762
17799  16.767  -70.655  13.060 0.8999999762
17800  15.919  -70.146  12.735 0.8999999762
128173  5.951  -64.291  20.114 0.8999999762
25302  5.180  -63.808  20.370 0.6999999881
18886  15.964  -69.115  12.930 1.0000000000
18869  14.397  -69.207  13.148 1.0000000000
18870  13.487  -68.997  13.446 1.0000000000
23257  10.138  -64.952  19.709 1.0000000000
120775  9.134  -64.734  19.777 1.0000000000
24306  7.904  -64.641  19.344 1.0000000000
25316  6.135  -64.028  18.975 0.8999999762
19944  13.154  -68.310  13.889 1.0000000000
21074  11.515  -67.905  14.700 1.0000000000
120685  10.883  -67.304  15.070 1.0000000000
22214  10.507  -66.309  15.085 1.0000000000
23322  9.968  -65.427  14.946 1.0000000000
24360  10.303  -64.636  15.025 1.0000000000
24327  10.005  -64.645  16.213 1.0000000000
23284  10.400  -65.067  18.883 1.0000000000
25329  9.530  -64.320  18.803 1.0000000000
24317  8.401  -64.411  18.470 1.0000000000
114277  11.654  -67.256  15.115 1.0000000000
23320  12.060  -65.984  15.156 1.0000000000
19795  15.886  -68.373  23.371 0.4000000060
20935  15.700  -67.723  23.081 0.4000000060
20964  15.923  -67.799  20.634 0.3000000119
20978  16.034  -67.905  19.419 0.2000000030
19819  17.969  -68.719  21.833 0.5000000000
18751  17.274  -69.118  22.184 0.4000000060
22167  16.000  -66.329  17.349 0.1000000015
18775  17.814  -69.563  21.196 0.5000000000
18774  18.516  -69.775  20.479 0.5000000000
18805  19.591  -70.428  18.971 0.8000000119
19891  20.273  -69.872  18.389 0.6999999881
18831  19.369  -70.423  15.779 0.8000000119
18851  19.057  -70.300  14.946 0.8999999762
17798  17.528  -70.537  13.279 0.8999999762
18867  18.900  -69.802  14.133 0.8999999762
18884  17.657  -69.685  13.166 0.8999999762
25317  5.331  -63.677  19.558 0.8000000119
26328  4.840  -62.977  19.321 0.6000000238
26330  3.676  -62.252  19.753 0.5000000000
115239  16.252  -68.450  13.175 0.8999999762
19962  15.064  -68.759  13.292 1.0000000000
19942  15.143  -68.069  13.717 1.0000000000
128038  13.675  -67.618  14.182 1.0000000000
24318  7.430  -64.299  18.093 1.0000000000
24307  7.012  -64.349  18.845 1.0000000000
26339  5.031  -63.250  17.651 0.8000000119
116213  5.244  -63.478  18.600 0.6999999881
27333  3.169  -61.830  19.150 0.4000000060
27334  2.380  -61.659  19.403 0.4000000060
21073  14.561  -67.495  14.097 1.0000000000
117756  12.846  -67.615  14.393 1.0000000000
24341  10.419  -64.334  15.607 1.0000000000
133401  10.392  -64.805  17.220 1.0000000000
24315  10.994  -64.761  18.040 1.0000000000
24305  10.012  -64.697  19.573 1.0000000000
22211  12.797  -66.484  15.084 1.0000000000
23319  12.861  -65.658  15.153 1.0000000000
23321  11.043  -65.400  15.082 1.0000000000
25373  10.989  -63.914  15.191 1.0000000000
19807  17.109  -67.918  23.244 0.3000000119
20934  16.313  -67.118  23.271 0.3000000119
22113  16.763  -66.462  21.897 0.3000000119
22142  16.901  -66.637  19.364 0.1000000015
129359  16.526  -66.496  18.319 0.1000000015
19818  17.929  -67.873  22.538 0.4000000060
121110  17.243  -65.935  21.006 0.1000000015
23241  17.231  -65.981  19.873 0.1000000015
23270  16.554  -65.026  17.965 0.1000000015
19835  18.626  -69.021  20.944 0.5000000000
23269  17.000  -64.757  18.540 0.1000000015
24300  16.758  -63.979  18.437 0.1000000015
26327  14.517  -61.521  18.171 0.1000000015
19850  20.074  -68.872  19.923 0.5000000000
26325  16.230  -61.718  18.668 0.1000000015
28318  15.142  -60.050  19.379 0.1000000015
19873  19.851  -69.639  19.434 0.5000000000
28317  15.787  -60.272  19.770 0.1000000015
19872  20.642  -69.102  19.003 0.6000000238
19907  20.256  -70.040  17.193 0.8000000119
18850  19.520  -69.809  15.011 0.8000000119
129523  19.466  -69.229  14.271 0.8000000119
19940  19.582  -68.423  13.984 0.8000000119
19959  17.764  -68.800  13.167 0.8999999762
120713  16.864  -67.985  13.241 0.8999999762
21085  15.928  -67.886  13.522 1.0000000000
21072  15.430  -67.323  14.009 1.0000000000
25358  5.572  -63.454  16.218 0.8000000119
26355  4.851  -63.129  16.776 0.6999999881
26375  4.081  -62.665  16.577 0.5000000000
27359  2.228  -61.743  17.838 0.4000000060
27341  1.808  -61.478  18.857 0.2000000030
22209  15.760  -66.590  14.419 1.0000000000
119093  14.279  -66.074  14.876 1.0000000000
24325  11.485  -64.036  17.436 1.0000000000
25327  11.121  -63.856  18.329 1.0000000000
25342  8.767  -64.073  17.763 1.0000000000
25357  6.565  -63.746  16.224 0.8999999762
113031  0.983  -61.596  18.880 0.1000000015
119956  13.521  -66.273  14.958 1.0000000000
119955  12.962  -64.789  15.063 1.0000000000
24359  11.295  -64.273  14.984 1.0000000000
25353  11.058  -63.784  16.075 1.0000000000
25326  11.593  -63.562  18.089 1.0000000000
25386  11.816  -63.473  14.999 1.0000000000
133857  17.085  -66.806  23.597 0.3000000119
22074  17.294  -66.253  23.474 0.2000000030
23229  17.214  -65.755  22.239 0.1000000015
23240  17.602  -65.167  21.230 0.1000000015
20947  18.734  -67.486  22.075 0.5000000000
20932  18.256  -67.083  22.959 0.3000000119
20919  17.652  -66.581  23.496 0.4000000060
125403  17.417  -65.429  20.325 0.1000000015
125083  17.585  -64.750  20.136 0.1000000015
121787  17.576  -63.148  20.389 0.1000000015
118702  18.692  -68.172  21.474 0.4000000060
24290  17.280  -64.340  19.213 0.1000000015
27321  16.275  -61.096  19.433 0.1000000015
113306  20.857  -68.452  19.734 0.4000000060
21008  21.127  -68.919  18.093 0.6999999881
21023  21.159  -68.766  16.922 0.6999999881
19906  20.626  -69.366  16.382 0.8000000119
19924  20.149  -69.108  15.073 0.8000000119
21068  20.320  -68.072  14.480 0.8000000119
128397  17.917  -67.111  13.502 0.8000000119
22207  17.505  -66.492  13.993 0.8000000119
26398  4.097  -62.420  15.870 0.6999999881
27377  2.516  -61.812  16.851 0.3000000119
27378  1.547  -61.478  17.206 0.3000000119
27360  1.211  -61.507  18.059 0.1000000015
121574  17.024  -65.897  14.664 0.8000000119
22208  16.651  -66.531  14.260 1.0000000000
25354  9.682  -63.683  17.726 1.0000000000
26373  8.687  -62.967  16.022 0.8999999762
25375  7.165  -63.432  15.598 0.8999999762
26374  4.749  -62.922  16.020 0.8000000119
28344  0.716  -61.298  17.424 0.1000000015
23317  14.389  -65.232  15.106 1.0000000000
119090  13.774  -64.656  15.087 1.0000000000
24357  13.168  -64.001  14.924 1.0000000000
25352  11.837  -63.438  16.837 1.0000000000
26338  11.417  -63.273  18.172 1.0000000000
130619  9.248  -63.118  16.808 1.0000000000
28346  -0.750  -60.996  17.032 0.1000000015
25384  13.482  -63.258  14.858 1.0000000000
25385  12.627  -63.349  14.883 1.0000000000
26392  12.150  -62.869  15.476 1.0000000000
26369  12.549  -62.382  16.583 1.0000000000
26352  11.983  -62.969  17.925 1.0000000000
27357  11.931  -62.054  17.897 1.0000000000
23181  17.702  -65.669  23.468 0.2000000030
23228  17.565  -65.132  22.347 0.1000000015
24266  17.861  -64.517  21.791 0.1000000015
22112  19.209  -66.799  22.325 0.3000000119
22092  19.185  -65.987  22.952 0.3000000119
22073  17.874  -65.970  23.601 0.3000000119
24229  17.892  -65.095  23.343 0.2000000030
25282  17.999  -63.700  21.127 0.1000000015
20946  19.564  -67.591  21.255 0.3000000119
120096  19.955  -66.199  22.110 0.3000000119
27320  17.145  -61.913  20.665 0.1000000015
27309  16.493  -61.030  20.702 0.1000000015
22128  20.710  -67.406  20.908 0.4000000060
128773  21.029  -67.950  20.256 0.4000000060
20992  21.318  -68.386  18.833 0.5000000000
21007  21.545  -68.078  17.599 0.6000000238
22166  21.898  -67.453  16.689 0.5000000000
21045  20.902  -68.534  15.628 0.8000000119
21044  21.096  -67.503  14.860 0.8000000119
114131  19.439  -67.376  13.693 0.8000000119
22206  19.126  -66.263  13.718 0.8000000119
26376  3.387  -62.159  16.361 0.5000000000
28397  2.419  -60.604  15.768 0.1000000015
29354  0.431  -59.675  16.204 0.1000000015
23314  18.016  -65.764  14.229 0.8000000119
23315  16.196  -65.961  14.857 0.8000000119
26395  7.063  -62.783  15.012 0.8999999762
23316  15.178  -65.821  14.907 1.0000000000
24355  15.028  -64.824  15.086 1.0000000000
114363  14.777  -64.028  15.023 0.8999999762
26354  10.109  -62.816  17.351 1.0000000000
26393  8.904  -62.265  15.323 1.0000000000
129404  4.764  -62.444  15.455 0.6999999881
26405  13.804  -62.530  14.910 1.0000000000
26391  12.723  -62.389  15.409 1.0000000000
27356  12.370  -62.282  17.463 1.0000000000
27375  12.140  -61.417  17.496 1.0000000000
23206  19.918  -65.408  22.839 0.2000000030
24227  19.332  -64.641  23.415 0.1000000015
25267  18.337  -63.391  22.946 0.1000000015
25281  18.162  -63.285  21.939 0.1000000015
23239  20.794  -66.625  21.524 0.3000000119
23226  20.768  -65.193  22.473 0.2000000030
24226  19.808  -63.919  23.577 0.1000000015
26283  18.330  -62.482  22.999 0.1000000015
26294  18.169  -62.746  22.163 0.1000000015
128168  17.171  -61.631  21.547 0.1000000015
22127  21.574  -66.894  20.918 0.3000000119
23238  21.565  -66.210  21.482 0.3000000119
24279  21.536  -65.488  21.982 0.3000000119
123851  18.821  -63.085  23.477 0.1000000015
133087  18.053  -61.912  22.873 0.1000000015
27299  17.586  -61.617  22.510 0.1000000015
23253  22.182  -66.774  20.117 0.3000000119
22155  21.815  -67.578  18.658 0.3000000119
23268  22.267  -66.909  19.103 0.3000000119
22154  22.291  -66.959  18.103 0.5000000000
22177  21.701  -67.108  15.576 0.8000000119
22188  21.475  -66.565  14.653 0.8000000119
127733  20.798  -66.595  14.206 0.8000000119
23313  18.907  -65.188  14.207 0.8000000119
24352  18.075  -64.928  14.696 0.8000000119
24353  17.331  -65.024  14.875 0.8000000119
24354  15.858  -65.175  15.092 0.8000000119
130749  9.652  -61.873  15.884 0.8999999762
26394  8.255  -62.848  15.324 0.8999999762
26409  7.081  -61.997  14.666 0.8000000119
24339  16.535  -64.652  15.175 0.8000000119
24340  15.664  -64.178  15.119 1.0000000000
25371  15.852  -63.278  15.128 0.8000000119
25383  14.422  -63.193  14.896 0.8999999762
26371  10.276  -61.983  16.879 1.0000000000
27398  5.685  -61.809  14.886 0.8000000119
128647  14.524  -62.406  14.942 0.8999999762
26390  13.381  -62.016  15.230 1.0000000000
27395  13.048  -61.708  16.156 1.0000000000
27374  12.683  -61.589  17.026 1.0000000000
27376  11.251  -61.443  17.249 1.0000000000
25266  21.497  -63.691  23.133 0.1000000015
114629  22.137  -66.352  20.896 0.3000000119
25280  22.341  -64.100  22.276 0.1000000015
27284  18.687  -61.905  23.476 0.1000000015
27298  18.298  -61.334  23.334 0.1000000015
23252  22.690  -65.832  20.439 0.3000000119
24289  23.206  -64.764  20.378 0.3000000119
23267  22.682  -66.377  18.539 0.3000000119
24299  23.158  -65.434  19.588 0.3000000119
128823  23.065  -65.838  18.883 0.2000000030
24312  23.118  -65.728  17.961 0.4000000060
23279  22.900  -65.531  16.766 0.4000000060
22165  22.321  -66.947  17.072 0.4000000060
128288  22.595  -65.422  15.607 0.5000000000
24335  22.144  -65.182  14.719 0.6000000238
24350  20.454  -64.543  14.209 0.6999999881
24351  19.197  -64.267  14.413 0.6999999881
125270  18.332  -64.252  14.829 0.6999999881
24336  18.522  -63.420  15.164 0.8000000119
24337  17.930  -63.659  15.452 0.8000000119
26386  16.959  -62.506  15.675 0.8000000119
26387  16.010  -62.359  15.255 0.8000000119
27412  8.705  -61.555  14.742 0.8000000119
27413  7.769  -61.336  14.643 0.8000000119
27393  14.523  -61.091  15.485 0.8999999762
27394  13.710  -61.286  15.746 1.0000000000
121654  13.411  -60.105  16.276 0.8999999762
117053  12.354  -60.753  16.966 0.8999999762
28367  11.756  -60.660  17.069 1.0000000000
27396  10.311  -61.203  15.967 0.8999999762
129234  2.024  -59.808  15.564 0.1000000015
25297  23.357  -63.748  20.690 0.2000000030
24298  23.538  -64.564  19.378 0.2000000030
24311  23.357  -64.731  17.320 0.3000000119
24324  22.953  -64.654  16.010 0.4000000060
24349  21.492  -64.448  14.411 0.6000000238
128404  21.546  -63.693  14.475 0.6000000238
25380  20.655  -63.676  14.338 0.6000000238
25381  19.534  -63.532  14.481 0.8000000119
27411  9.291  -60.968  14.709 0.8999999762
28411  6.159  -60.683  14.779 0.8000000119
28412  5.439  -60.232  14.764 0.6000000238
27416  4.912  -60.899  14.867 0.6000000238
25351  18.037  -62.913  15.833 0.6999999881
25369  17.429  -63.339  15.646 0.6999999881
27390  17.320  -61.895  15.959 0.8000000119
28366  12.741  -60.082  16.539 0.8999999762
29353  12.161  -60.089  16.706 0.8999999762
28393  10.803  -60.456  15.497 0.8999999762
127086  7.842  -60.427  14.768 0.8000000119
28410  6.995  -60.682  14.777 0.6999999881
29396  5.741  -59.426  14.710 0.4000000060
29398  3.795  -59.593  14.728 0.4000000060
27391  16.575  -61.671  15.643 0.8000000119
28389  16.213  -60.810  15.781 0.8000000119
28390  15.563  -60.226  15.924 0.8000000119
28364  14.144  -59.769  16.062 0.8999999762
28392  11.574  -60.150  16.334 0.8999999762
28408  9.505  -60.176  14.675 0.8000000119
124735  9.239  -59.358  14.762 0.6999999881
29393  8.448  -59.744  14.834 0.6000000238
29394  7.350  -59.640  15.000 0.5000000000
29397  4.808  -59.306  14.577 0.3000000119
30359  8.633  -58.805  15.039 0.5000000000
30339  8.027  -58.106  15.290 0.5000000000
26336  23.999  -62.791  18.882 0.1000000015
26335  24.137  -62.537  17.864 0.1000000015
25335  23.977  -63.090  17.330 0.2000000030
122928  23.995  -61.806  16.428 0.2000000030
27387  22.952  -61.425  15.111 0.2000000030
25363  23.263  -63.030  15.683 0.2000000030
120382  22.773  -62.873  15.091 0.3000000119
26384  21.377  -62.260  14.649 0.4000000060
24348  22.193  -64.172  14.701 0.6000000238
25366  20.966  -62.942  14.418 0.4000000060
26385  19.932  -62.324  15.038 0.4000000060
25367  19.067  -62.825  15.201 0.4000000060
25350  18.814  -62.172  15.847 0.4000000060
126739  18.340  -61.834  16.337 0.6000000238
26349  18.702  -61.620  17.027 0.6000000238
27371  17.966  -61.754  16.641 0.6999999881
29352  12.711  -59.660  16.098 0.8999999762
118947  12.117  -59.718  15.911 0.8999999762
118857  6.371  -59.941  14.845 0.6999999881
27372  17.136  -61.111  16.211 0.8000000119
28363  16.158  -60.109  16.176 0.8000000119
29351  14.996  -59.571  16.082 0.8000000119
30319  15.239  -58.771  16.630 0.8000000119
29371  11.372  -59.863  15.044 0.8999999762
29391  11.044  -59.335  14.632 0.6999999881
29392  10.124  -59.292  14.648 0.6999999881
29395  6.483  -58.980  14.891 0.5000000000
30361  5.588  -58.656  14.611 0.3000000119
30357  10.761  -58.675  14.570 0.5000000000
117418  10.083  -58.495  14.707 0.5000000000
29373  7.335  -58.649  15.123 0.4000000060
30362  4.724  -58.244  14.408 0.2000000030
30338  8.858  -57.947  15.143 0.3000000119
127492  7.813  -57.210  15.198 0.4000000060
28341  24.754  -60.730  18.032 0.2000000030
28358  24.262  -60.331  16.136 0.2000000030
28387  21.884  -60.290  15.207 0.2000000030
118402  22.740  -60.741  15.092 0.2000000030
115128  20.696  -61.051  15.410 0.2000000030
27389  20.467  -61.711  15.170 0.3000000119
26366  19.315  -61.779  15.794 0.4000000060
28388  20.601  -60.213  15.538 0.2000000030
28360  19.688  -60.867  15.913 0.3000000119
29332  19.918  -60.450  16.436 0.3000000119
27338  19.443  -61.588  17.830 0.5000000000
27339  18.800  -61.282  18.113 0.6000000238
29317  19.743  -60.321  18.747 0.5000000000
29335  17.246  -59.242  18.052 0.6000000238
29349  16.550  -59.666  16.826 0.6999999881
132021  15.646  -58.413  17.264 0.8000000119
30320  14.536  -58.156  16.514 0.8000000119
30321  13.944  -58.381  15.973 0.6999999881
29370  12.679  -59.133  15.185 0.8000000119
31290  12.172  -58.366  14.639 0.6999999881
31250  14.447  -57.333  17.137 0.8000000119
30336  13.506  -57.652  15.709 0.6000000238
31268  12.690  -57.439  15.000 0.6999999881
31292  10.459  -57.849  14.734 0.4000000060
31293  9.650  -57.841  14.963 0.3000000119
30360  6.202  -58.222  14.757 0.5000000000
31294  5.544  -57.661  14.524 0.2000000030
124551  9.551  -56.067  15.464 0.3000000119
32222  8.567  -56.045  15.448 0.3000000119
31273  7.257  -56.987  14.897 0.3000000119
111261  7.618  -56.243  15.170 0.3000000119
28386  23.104  -59.921  15.233 0.2000000030
29367  21.318  -59.389  15.444 0.2000000030
29366  22.379  -59.209  15.441 0.2000000030
30302  19.248  -59.185  17.113 0.3000000119
123266  19.272  -58.908  18.554 0.5000000000
30305  17.210  -58.338  18.803 0.5000000000
31234  16.176  -57.145  18.863 0.5000000000
31252  13.055  -56.639  15.768 0.5000000000
112115  11.889  -57.455  14.718 0.4000000060
32220  10.405  -55.988  15.429 0.3000000119
113011  9.925  -55.243  15.696 0.3000000119
33059  7.827  -55.171  15.460 0.3000000119
33060  7.027  -55.323  14.979 0.2000000030
32221  9.238  -55.325  15.664 0.3000000119
112189  8.673  -54.845  15.725 0.3000000119
30314  22.493  -58.311  16.026 0.2000000030
30332  20.946  -58.636  15.649 0.2000000030
29368  20.322  -59.326  15.668 0.2000000030
29347  19.717  -59.549  16.130 0.2000000030
30316  19.236  -58.864  16.239 0.3000000119
33050  10.226  -54.590  15.815 0.3000000119
33058  9.437  -54.654  15.838 0.3000000119
114619  -6.173  -94.127  9.956 1.0000000000
1753  -7.928  -91.677  8.330 1.0000000000
1734  -7.551  -92.284  8.872 1.0000000000
1326  -7.240  -93.041  10.489 1.0000000000
1370  -6.385  -92.844  8.330 1.0000000000
951  -6.079  -94.391  10.884 0.8999999762
1764  -6.903  -92.084  8.316 1.0000000000
1735  -8.060  -92.101  9.353 1.0000000000
3570  -6.847  -88.507  10.210 1.0000000000
3553  -5.796  -88.599  11.861 1.0000000000
119004  -7.115  -86.932  10.218 1.0000000000
5387  -6.690  -85.545  11.631 0.8999999762
3554  -8.572  -87.911  11.001 0.8999999762
5370  -6.314  -84.935  11.924 0.8999999762
4701  -4.952  -86.405  13.682 1.0000000000
5369  -5.381  -85.394  12.704 1.0000000000
14049  -5.253  -74.181  14.049 0.6000000238
9709  -6.365  -79.567  13.429 1.0000000000
10586  -6.234  -78.894  11.988 1.0000000000
12254  -5.641  -76.650  13.282 0.8999999762
8925  -5.772  -80.238  14.257 1.0000000000
13153  -5.201  -75.095  14.391 0.8000000119
11345  -5.993  -78.128  15.674 0.8999999762
133006  4.267  -61.976  15.380 0.5000000000
28398  1.479  -60.206  16.063 0.1000000015
28371  -0.135  -60.064  16.623 0.1000000015
28396  3.268  -60.920  15.437 0.3000000119
29378  0.188  -58.771  15.725 0.1000000015
30343  1.018  -58.270  15.220 0.1000000015
28369  1.966  -61.081  16.476 0.1000000015
28395  4.144  -61.165  15.128 0.3000000119
29375  2.905  -59.906  15.171 0.3000000119
29355  -0.417  -59.367  16.261 0.1000000015
29399  2.944  -58.883  14.712 0.1000000015
131178  0.573  -95.138  8.623 0.8999999762
123237  0.823  -97.822  9.205 0.8999999762
286  -0.151  -97.097  8.535 0.8999999762
23  4.509  -99.231  17.891 0.8000000119
301  -0.237  -96.351  6.271 0.6999999881
1390  0.262  -93.806  5.868 0.8999999762
116502  2.867  -99.141  15.171 0.8999999762
85  2.315  -98.619  21.600 0.8000000119
646  1.615  -95.751  11.404 0.8999999762
656  1.666  -95.169  10.509 0.8999999762
1758  2.343  -92.578  7.214 0.8999999762
992  0.321  -94.620  7.426 0.8999999762
1782  2.136  -92.423  5.558 0.8999999762
1800  0.824  -92.456  3.745 0.8999999762
2208  2.373  -91.463  3.513 0.8999999762
2216  2.159  -91.245  2.692 0.8999999762
2253  2.436  -90.882  -2.544 1.0000000000
2251  3.131  -90.909  -3.216 1.0000000000
3689  2.980  -88.903  -0.513 1.0000000000
115077  1.107  -98.680  20.280 0.8000000119
3133  3.662  -89.649  1.565 1.0000000000
3655  5.253  -88.533  2.392 1.0000000000
123661  4.757  -92.605  -1.911 0.8999999762
37  -0.061  -98.345  18.968 0.8000000119
46  -0.971  -98.619  17.343 0.8000000119
38  -1.564  -98.640  17.666 0.6999999881
110138  -0.855  -98.833  19.116 0.8000000119
228  0.081  -97.399  16.161 0.8999999762
128  -4.836  -97.703  14.953 0.6000000238
440  -4.318  -95.516  9.704 1.0000000000
3669  4.517  -88.476  1.278 1.0000000000
123595  4.376  -87.874  -0.094 1.0000000000
4891  5.829  -86.969  -0.661 1.0000000000
3688  3.793  -88.270  -0.531 1.0000000000
2672  6.096  -90.337  -2.223 0.6999999881
3187  7.430  -89.822  -2.671 0.8000000119
2247  7.515  -90.849  -4.281 0.8999999762
3183  11.125  -89.598  -3.698 0.6999999881
2705  7.463  -90.143  -5.240 0.8999999762
118998  0.922  -96.148  15.883 1.0000000000
594  1.498  -95.525  15.772 1.0000000000
891  1.823  -94.967  15.265 1.0000000000
685  -5.452  -94.562  8.540 1.0000000000
952  -6.600  -93.670  10.710 1.0000000000
2124  4.375  -91.391  10.790 1.0000000000
14291  -4.535  -74.186  -2.550 0.6999999881
3714  8.388  -87.848  -5.290 1.0000000000
3722  8.029  -88.939  -5.566 1.0000000000
2703  10.003  -89.816  -5.397 0.8999999762
3209  12.079  -89.015  -5.571 0.8999999762
1380  -3.247  -93.209  7.218 1.0000000000
4840  7.977  -86.277  2.083 1.0000000000
125174  -3.868  -78.454  -6.189 0.6999999881
4911  7.212  -86.343  -3.396 1.0000000000
4922  7.802  -86.448  -4.758 1.0000000000
2587  -8.042  -90.469  7.989 1.0000000000
123115  -7.002  -77.602  1.257 1.0000000000
121252  -3.094  -82.971  -4.220 1.0000000000
9984  -2.810  -79.391  -7.046 0.6999999881
9983  -2.341  -78.824  -7.401 0.6000000238
123563  7.333  -85.801  -2.956 1.0000000000
3728  14.639  -88.357  -6.150 0.6999999881
3738  12.120  -87.696  -6.813 0.8999999762
2161  -4.129  -92.241  8.502 1.0000000000
6247  -1.803  -83.741  -3.637 1.0000000000
7698  -2.505  -82.776  -6.892 0.8999999762
9192  -2.561  -80.715  -7.552 0.6999999881
4969  11.796  -86.157  -8.881 0.8000000119
129899  -3.061  -91.313  7.469 1.0000000000
4111  -7.319  -87.731  9.997 1.0000000000
3583  -7.851  -88.105  9.876 1.0000000000
2605  -0.171  -91.099  5.666 1.0000000000
9830  -3.248  -79.197  1.574 1.0000000000
10680  -7.014  -78.217  1.794 1.0000000000
15151  -6.270  -73.408  3.968 0.5000000000
6184  8.438  -84.814  0.565 1.0000000000
5582  -1.547  -84.352  -5.447 1.0000000000
6941  -2.080  -83.494  -6.602 0.8999999762
133394  -1.658  -82.372  -7.610 0.8000000119
9190  -1.004  -79.966  -8.408 0.6999999881
4953  13.855  -86.567  -7.909 0.8000000119
5607  11.154  -85.011  -10.231 0.8999999762
2603  1.149  -90.463  5.635 1.0000000000
2604  0.707  -91.063  5.963 1.0000000000
9049  -0.542  -80.168  2.981 1.0000000000
112741  0.529  -80.862  3.390 1.0000000000
120262  -4.135  -80.847  1.865 1.0000000000
6178  2.781  -84.236  1.373 1.0000000000
5520  1.174  -84.907  -1.073 1.0000000000
5469  9.455  -84.888  2.286 1.0000000000
119642  -0.133  -85.347  -3.708 1.0000000000
4916  0.267  -85.840  -4.063 1.0000000000
5589  -0.965  -84.815  -5.835 1.0000000000
5573  5.742  -85.198  -3.919 1.0000000000
116285  -0.358  -83.096  -7.779 0.8999999762
6286  -0.906  -84.617  -6.590 1.0000000000
7709  -1.079  -82.910  -7.542 0.8000000119
114180  -1.228  -82.064  -7.965 0.8000000119
116262  -0.414  -80.535  -8.463 0.6999999881
9204  0.008  -79.251  -8.918 0.6999999881
7717  0.891  -82.191  -8.306 0.8000000119
130239  0.679  -81.206  -8.620 0.6999999881
5547  5.359  -85.145  -3.293 1.0000000000
132890  4.817  -86.968  -7.202 1.0000000000
4976  5.473  -86.959  -8.483 1.0000000000
4974  7.312  -86.953  -8.632 1.0000000000
5621  6.652  -84.962  -10.311 1.0000000000
5606  11.969  -84.528  -10.420 0.8999999762
131344  9.513  -84.120  -10.775 0.8999999762
3029  -5.685  -89.586  11.964 1.0000000000
4099  -5.969  -87.763  11.443 1.0000000000
114691  -1.295  -89.408  9.059 1.0000000000
3089  -0.244  -89.351  5.717 1.0000000000
3109  0.348  -89.485  4.955 1.0000000000
3565  2.955  -88.090  10.680 1.0000000000
3633  2.067  -89.022  3.954 1.0000000000
3645  1.726  -88.363  3.291 1.0000000000
8357  -4.047  -81.845  2.118 1.0000000000
7546  2.976  -82.277  2.886 1.0000000000
133583  4.484  -84.262  2.041 1.0000000000
122100  -6.517  -78.028  5.173 1.0000000000
6188  4.437  -85.081  0.753 1.0000000000
5516  3.768  -85.385  -0.243 1.0000000000
4915  0.829  -86.324  -3.603 1.0000000000
4927  0.663  -86.446  -4.590 1.0000000000
5594  -0.105  -85.049  -6.868 1.0000000000
4292  4.057  -86.904  -6.891 1.0000000000
5613  5.340  -85.791  -9.483 1.0000000000
4959  3.985  -86.489  -7.793 1.0000000000
124905  5.136  -85.047  -9.575 1.0000000000
4967  14.758  -86.278  -8.311 0.6999999881
6977  9.282  -83.704  -10.595 0.8999999762
6304  13.990  -84.483  -9.875 0.6999999881
5615  11.949  -83.565  -10.774 0.6999999881
7722  11.447  -82.705  -10.484 0.6000000238
4708  3.483  -86.855  11.922 1.0000000000
8312  -0.970  -81.669  4.257 1.0000000000
127576  5.188  -84.370  1.901 1.0000000000
119687  3.654  -85.709  -1.586 1.0000000000
122753  1.690  -87.072  -4.903 1.0000000000
4948  0.576  -86.365  -6.005 1.0000000000
4296  1.371  -86.572  -6.223 1.0000000000
5593  0.714  -85.578  -6.900 1.0000000000
6187  5.973  -84.620  0.398 1.0000000000
111845  2.948  -86.561  -3.988 1.0000000000
4293  3.291  -86.869  -6.901 1.0000000000
5599  4.561  -85.521  -9.010 1.0000000000
5600  3.958  -85.507  -8.243 1.0000000000
4303  2.706  -86.701  -6.810 1.0000000000
112303  4.080  -78.526  -10.403 0.2000000030
6969  5.269  -83.391  -9.479 1.0000000000
6298  4.503  -83.671  -8.666 1.0000000000
6968  7.756  -83.276  -10.125 0.6000000238
6967  8.592  -83.441  -10.298 0.6000000238
6309  14.029  -83.731  -10.309 0.4000000060
2518  -4.232  -90.431  13.731 1.0000000000
4128  0.334  -87.191  8.642 1.0000000000
4151  0.695  -86.948  5.908 1.0000000000
4191  0.376  -87.646  2.854 1.0000000000
4160  0.654  -87.193  4.930 1.0000000000
8306  4.073  -81.256  5.086 1.0000000000
7524  7.724  -81.596  4.096 1.0000000000
128017  -6.545  -77.567  5.876 0.8999999762
6175  6.152  -84.434  1.200 1.0000000000
4902  3.226  -86.107  -2.330 1.0000000000
4279  2.161  -87.036  -5.434 1.0000000000
4304  1.838  -86.350  -6.818 1.0000000000
6299  3.907  -83.990  -7.935 1.0000000000
7723  4.831  -81.623  -9.637 0.8000000119
8493  6.466  -80.653  -10.181 0.6999999881
8495  5.014  -80.206  -10.198 0.6999999881
121535  5.881  -80.104  -10.345 0.6999999881
10046  6.379  -79.051  -10.978 0.5000000000
10845  4.928  -77.359  -9.780 0.2000000030
6957  8.258  -83.714  -8.526 0.6000000238
132732  -5.459  -86.727  12.729 1.0000000000
126359  -5.746  -87.486  11.935 1.0000000000
4759  0.178  -86.452  8.197 1.0000000000
4109  0.175  -86.717  10.390 1.0000000000
5398  4.815  -84.517  9.239 1.0000000000
4776  0.047  -86.188  7.497 1.0000000000
4777  -1.250  -86.095  7.512 1.0000000000
7515  2.541  -82.388  6.164 1.0000000000
8291  1.988  -81.794  5.634 1.0000000000
8289  4.450  -81.286  5.893 1.0000000000
8303  7.275  -81.030  4.835 1.0000000000
10040  7.914  -79.019  -10.731 0.3000000119
3534  -0.558  -88.077  12.202 1.0000000000
4730  -6.267  -86.209  11.525 1.0000000000
117576  -0.509  -85.414  10.028 1.0000000000
115268  -0.537  -86.051  8.316 1.0000000000
5400  -1.566  -84.825  9.256 1.0000000000
4778  -2.628  -86.153  7.807 1.0000000000
4803  -4.232  -86.457  5.233 1.0000000000
7509  4.190  -81.788  6.606 1.0000000000
10611  -6.494  -78.192  8.392 1.0000000000
6769  -1.399  -84.381  9.514 1.0000000000
6100  -3.173  -85.187  8.019 1.0000000000
11436  -6.469  -77.294  9.256 0.8999999762
115759  -6.415  -78.061  9.081 1.0000000000
119766  -6.287  -75.669  11.194 0.6000000238
3484  -2.375  -88.430  16.458 1.0000000000
4065  -0.942  -87.677  14.846 1.0000000000
4693  -0.216  -86.625  14.601 1.0000000000
6741  -5.887  -84.248  13.051 0.8999999762
6755  -0.185  -84.292  10.073 1.0000000000
129119  -1.276  -83.477  8.545 1.0000000000
6803  -2.970  -82.901  6.639 1.0000000000
5463  0.870  -85.565  2.576 1.0000000000
5474  -0.716  -86.042  1.800 1.0000000000
114639  -6.145  -77.393  11.129 0.8999999762
5347  0.212  -86.029  14.897 1.0000000000
5357  0.653  -85.381  12.746 1.0000000000
6040  -4.650  -84.735  13.953 0.8999999762
6058  1.004  -84.513  12.190 1.0000000000
7409  -5.678  -82.887  14.792 1.0000000000
6063  -7.152  -84.630  12.467 0.8999999762
6050  -7.357  -84.443  13.099 0.8999999762
6740  0.587  -84.331  11.136 1.0000000000
6754  0.034  -83.934  10.482 1.0000000000
7467  -0.687  -83.024  8.748 1.0000000000
8238  -1.385  -81.749  8.020 1.0000000000
11404  -5.886  -77.347  12.812 0.8999999762
6031  1.112  -84.773  15.639 1.0000000000
6712  1.289  -84.585  13.923 1.0000000000
7418  1.543  -83.420  13.136 1.0000000000
6739  0.938  -84.042  11.952 1.0000000000
7455  0.273  -83.197  10.106 1.0000000000
7465  0.597  -82.372  9.649 1.0000000000
8225  -1.244  -81.253  8.618 1.0000000000
8226  -2.255  -81.055  8.789 1.0000000000
8989  -1.705  -80.654  9.379 1.0000000000
8216  -3.780  -81.202  10.094 1.0000000000
11405  -6.048  -78.074  12.421 0.8999999762
4641  -1.218  -86.759  19.627 1.0000000000
5325  -3.056  -85.809  18.804 1.0000000000
6665  1.817  -83.727  17.802 1.0000000000
5329  0.743  -85.150  17.679 1.0000000000
7378  2.089  -83.396  15.745 1.0000000000
118272  2.085  -82.428  13.434 1.0000000000
123998  2.013  -81.934  11.612 1.0000000000
8213  1.432  -81.540  10.344 1.0000000000
8169  -5.442  -81.992  15.938 0.8000000119
8206  2.397  -81.148  11.709 1.0000000000
8214  0.858  -81.618  9.727 1.0000000000
8987  0.189  -80.956  9.405 1.0000000000
8978  -1.173  -80.279  10.001 1.0000000000
8979  -2.201  -80.388  10.264 1.0000000000
8954  -6.346  -80.559  12.861 1.0000000000
8938  -6.063  -80.394  13.558 1.0000000000
11390  -5.962  -78.228  13.228 0.8999999762
12230  -5.172  -77.004  14.743 0.8999999762
6656  -2.275  -84.132  19.152 1.0000000000
5303  0.222  -85.454  21.196 1.0000000000
5282  -0.395  -84.925  21.990 1.0000000000
132726  -1.307  -82.949  20.041 1.0000000000
8135  -5.017  -80.974  17.001 0.8999999762
9707  -3.764  -79.979  13.867 1.0000000000
9675  -5.989  -79.577  15.275 1.0000000000
10533  -6.021  -78.647  14.154 0.8999999762
121423  0.739  -83.209  22.919 1.0000000000
129566  4.762  -81.883  21.192 1.0000000000
9542  5.808  -80.037  22.273 1.0000000000
11388  -0.967  -77.891  13.838 1.0000000000
8783  3.556  -80.524  23.796 1.0000000000
9543  4.884  -79.761  22.946 1.0000000000
9573  6.897  -79.872  21.657 1.0000000000
8835  7.280  -80.773  20.134 1.0000000000
11322  -3.828  -78.941  16.525 1.0000000000
11323  -6.143  -77.681  16.457 0.8999999762
129080  2.188  -78.400  22.973 1.0000000000
112421  1.035  -78.369  22.446 1.0000000000
11250  6.465  -78.897  22.466 1.0000000000
111130  8.158  -79.584  21.260 1.0000000000
10483  -5.938  -78.516  17.243 1.0000000000
11299  -4.081  -78.392  17.703 1.0000000000
12188  -2.373  -77.018  16.769 1.0000000000
123422  -5.289  -75.964  17.104 0.8000000119
8893  7.448  -80.985  16.045 1.0000000000
9686  8.724  -80.165  13.889 1.0000000000
12208  -0.540  -76.194  15.177 1.0000000000
11276  -5.363  -77.158  19.567 1.0000000000
10368  8.698  -78.426  24.813 1.0000000000
133265  9.686  -78.595  23.501 1.0000000000
10386  7.490  -78.572  23.816 1.0000000000
10433  10.205  -79.221  20.071 1.0000000000
13118  -1.074  -75.733  16.820 1.0000000000
12169  -1.953  -76.206  17.130 1.0000000000
13103  -2.252  -76.034  17.938 1.0000000000
13090  -2.536  -75.820  18.759 1.0000000000
12131  -5.315  -76.292  20.279 0.8999999762
126440  -4.310  -76.390  20.307 0.8999999762
15850  -5.224  -72.574  20.632 0.6999999881
10351  8.185  -78.231  25.370 1.0000000000
9701  9.205  -79.537  13.446 1.0000000000
14035  2.491  -73.521  15.128 1.0000000000
119501  0.996  -74.338  15.729 1.0000000000
13117  -0.176  -75.275  16.555 1.0000000000
13047  -3.677  -75.071  21.140 0.8000000119
13943  -4.886  -74.057  21.324 0.6999999881
12025  7.218  -77.424  26.249 1.0000000000
11175  8.821  -77.738  25.328 1.0000000000
12026  6.622  -76.958  26.698 1.0000000000
12015  0.455  -76.850  27.944 0.8999999762
9700  10.154  -79.495  13.611 1.0000000000
13974  0.985  -73.541  17.107 1.0000000000
15810  -4.486  -72.350  22.166 0.8999999762
12041  8.509  -76.996  25.543 1.0000000000
12157  13.417  -77.704  19.052 1.0000000000
12222  8.745  -75.836  13.661 1.0000000000
12203  7.775  -75.157  14.523 1.0000000000
119446  -4.513  -70.905  23.007 0.8000000119
13906  8.377  -74.925  24.896 1.0000000000
13017  8.519  -75.944  25.192 1.0000000000
12983  6.374  -76.125  26.358 1.0000000000
13923  12.158  -74.591  23.631 1.0000000000
13075  13.927  -76.799  19.873 1.0000000000
13111  14.424  -76.867  17.047 1.0000000000
18812  1.998  -70.222  17.611 1.0000000000
18814  0.682  -69.868  18.716 1.0000000000
18728  -3.289  -69.804  23.376 0.8000000119
19814  -2.026  -68.380  22.867 0.6999999881
20943  -2.700  -67.854  23.474 0.6000000238
16702  -3.406  -71.464  22.455 0.8000000119
126840  8.618  -73.313  24.421 1.0000000000
113849  11.413  -73.030  23.971 1.0000000000
13843  -3.876  -73.962  31.079 0.2000000030
13074  14.633  -76.277  19.443 1.0000000000
116345  14.622  -75.548  20.656 1.0000000000
116184  14.366  -76.817  16.041 1.0000000000
12246  12.380  -77.076  12.679 1.0000000000
13180  11.483  -75.746  12.188 1.0000000000
14061  9.969  -74.298  12.783 1.0000000000
17747  2.685  -70.446  17.119 1.0000000000
19861  1.432  -68.540  19.202 1.0000000000
18796  -0.335  -69.777  19.540 0.8999999762
17758  3.753  -69.746  16.449 1.0000000000
19881  2.995  -68.094  17.661 1.0000000000
18762  -1.146  -69.013  20.967 0.8999999762
15779  10.417  -72.367  23.504 0.8999999762
14861  8.891  -72.515  23.709 1.0000000000
15778  11.988  -72.585  23.760 0.8999999762
119160  14.644  -74.722  21.374 0.8999999762
13958  15.614  -75.307  19.348 0.8999999762
20984  2.504  -67.564  19.496 0.8999999762
20969  1.876  -67.622  20.166 0.8000000119
19826  0.147  -67.986  21.045 0.8000000119
19845  -0.357  -68.639  20.595 0.8000000119
20940  -0.003  -66.953  22.363 0.6000000238
22123  0.927  -66.745  22.174 0.6000000238
22105  -1.305  -66.433  23.186 0.5000000000
20955  0.553  -67.359  21.572 0.6999999881
20941  -0.770  -67.505  22.284 0.6999999881
15843  10.800  -71.850  20.492 0.6999999881
14894  9.735  -71.945  21.805 1.0000000000
15830  8.656  -72.160  22.068 0.8999999762
126682  12.329  -72.083  23.620 0.8999999762
128078  15.951  -74.748  19.758 0.8999999762
14934  16.282  -74.988  18.036 0.8999999762
16804  8.120  -71.532  14.734 1.0000000000
21030  3.556  -67.939  16.730 1.0000000000
20998  3.192  -67.156  19.004 1.0000000000
113971  2.536  -67.237  20.303 0.8000000119
20968  3.013  -66.890  20.908 0.8000000119
17664  11.646  -71.094  22.433 0.8000000119
16753  8.981  -71.166  19.646 0.6000000238
15797  14.300  -72.279  22.682 0.8999999762
15825  15.819  -72.584  21.865 0.8999999762
14944  16.217  -74.979  17.076 0.8999999762
14044  14.967  -74.630  14.483 0.8999999762
14971  15.572  -74.225  14.976 0.8999999762
21014  3.867  -66.968  16.913 1.0000000000
22134  3.645  -66.554  20.722 0.8000000119
23233  3.230  -65.688  22.161 0.6000000238
16769  10.527  -71.083  19.140 0.5000000000
18755  12.894  -69.871  22.603 0.6999999881
17701  6.866  -70.738  19.748 0.6000000238
16719  14.995  -72.040  22.295 0.8999999762
16766  17.410  -73.441  19.178 0.8999999762
15868  17.117  -74.087  17.808 0.8999999762
14955  16.083  -73.927  15.377 0.8999999762
22133  4.924  -66.239  20.533 0.8000000119
127412  3.987  -65.800  21.586 0.8000000119
22159  5.428  -66.234  18.848 1.0000000000
17727  12.392  -70.659  18.378 0.5000000000
17711  12.591  -70.984  19.545 0.6999999881
18718  14.291  -69.176  23.368 0.6000000238
18719  13.690  -69.505  23.180 0.8000000119
18754  13.560  -69.308  22.136 0.8000000119
17700  12.441  -70.795  20.714 0.6999999881
17683  12.975  -70.049  21.466 0.6999999881
16771  8.918  -70.407  18.653 0.6000000238
17729  9.799  -70.346  18.602 0.5000000000
15910  15.113  -72.302  12.856 0.8999999762
22132  5.690  -65.901  20.607 0.8000000119
23232  3.957  -65.100  21.831 0.6000000238
24269  4.516  -64.557  21.467 0.6999999881
114555  6.329  -65.520  20.764 1.0000000000
17728  11.178  -70.734  18.569 0.4000000060
111126  14.692  -68.594  21.562 0.5000000000
18791  13.822  -69.970  19.561 0.6000000238
18777  14.328  -69.313  20.064 0.5000000000
18808  13.845  -70.102  18.500 0.3000000119
17726  13.093  -70.392  18.277 0.5000000000
17741  12.745  -69.891  17.475 0.3000000119
117921  12.018  -69.327  17.192 0.1000000015
17730  8.895  -69.446  17.879 0.4000000060
17681  16.677  -70.413  21.842 0.6999999881
16789  18.050  -72.261  16.562 0.8999999762
16819  16.575  -72.145  13.798 0.8999999762
17789  17.181  -71.358  13.604 0.8999999762
24283  6.357  -65.102  20.969 1.0000000000
19820  14.974  -68.299  22.457 0.4000000060
19853  15.007  -68.981  19.423 0.4000000060
19875  15.073  -69.093  18.345 0.2000000030
18807  14.311  -69.439  17.794 0.2000000030
18788  19.082  -70.040  19.805 0.6999999881
17753  18.445  -71.556  16.015 0.8999999762
127711  16.496  -67.895  23.408 0.3000000119
20949  15.697  -67.674  22.022 0.3000000119
115870  15.440  -68.362  19.988 0.3000000119
19874  15.389  -68.423  17.889 0.2000000030
21009  16.129  -67.151  17.796 0.2000000030
21024  14.899  -67.352  16.709 0.2000000030
22169  14.158  -66.136  16.784 0.1000000015
121400  19.663  -70.531  16.763 0.8999999762
17768  18.842  -70.911  15.431 0.8999999762
19943  14.215  -68.398  13.734 1.0000000000
24319  6.552  -64.075  17.908 0.8999999762
20963  16.370  -67.173  21.310 0.3000000119
20977  16.462  -67.259  19.994 0.2000000030
126966  16.312  -65.664  17.724 0.1000000015
19851  19.211  -69.258  20.154 0.4000000060
19958  18.354  -69.513  13.400 0.8999999762
26341  3.778  -62.264  18.414 0.5000000000
127974  13.282  -67.000  14.664 1.0000000000
25356  7.476  -63.821  16.400 1.0000000000
26356  4.268  -62.764  17.468 0.6999999881
26357  3.306  -62.240  17.311 0.4000000060
130270  16.768  -66.398  23.104 0.3000000119
22129  16.913  -66.625  20.545 0.3000000119
23255  17.001  -65.736  18.730 0.1000000015
24301  16.248  -64.080  17.560 0.1000000015
25313  16.220  -62.370  18.047 0.1000000015
26337  15.407  -62.620  17.534 0.1000000015
20962  19.399  -68.500  20.654 0.4000000060
27330  15.616  -61.045  18.504 0.1000000015
26311  16.815  -62.004  19.669 0.1000000015
21069  18.708  -67.696  13.486 0.8000000119
21070  17.158  -67.138  13.628 0.8999999762
25376  6.295  -63.235  15.483 0.8000000119
25355  8.503  -63.670  16.757 1.0000000000
25299  17.546  -63.802  19.954 0.1000000015
26310  17.303  -62.556  20.267 0.1000000015
22141  21.445  -67.890  19.576 0.5000000000
22205  20.210  -67.004  13.931 0.8000000119
27401  2.837  -61.486  16.061 0.2000000030
28370  0.822  -60.697  16.744 0.1000000015
26396  6.176  -62.400  14.955 0.8000000119
24247  17.794  -64.753  22.833 0.1000000015
23179  18.896  -65.313  23.358 0.2000000030
25268  18.109  -63.993  22.332 0.1000000015
24246  18.214  -64.358  23.157 0.1000000015
26295  17.862  -62.779  21.158 0.1000000015
23227  20.783  -65.867  22.053 0.3000000119
22187  22.074  -66.192  15.277 0.6999999881
120227  19.984  -65.958  13.891 0.8000000119
26408  7.952  -62.324  14.812 0.8000000119
24245  20.302  -64.654  23.153 0.2000000030
25262  18.896  -63.905  23.470 0.1000000015
24265  21.352  -64.628  22.588 0.1000000015
25261  19.504  -63.170  23.719 0.1000000015
26284  17.845  -62.156  21.890 0.1000000015
24278  22.292  -65.016  21.827 0.3000000119
23292  22.462  -66.230  16.370 0.6000000238
23311  20.892  -65.733  14.190 0.6999999881
127854  17.746  -64.346  15.036 0.8000000119
122603  16.587  -63.841  15.320 0.8000000119
126827  15.851  -61.505  15.402 0.8000000119
25260  20.474  -63.213  23.694 0.1000000015
115617  22.734  -65.195  21.074 0.2000000030
27283  19.176  -61.320  23.788 0.1000000015
115589  23.418  -65.130  18.615 0.4000000060
25364  22.842  -63.778  15.233 0.6000000238
28365  13.953  -60.527  16.070 0.8999999762
25323  23.828  -63.705  19.141 0.2000000030
117915  23.712  -64.260  18.352 0.2000000030
25322  23.949  -63.398  18.160 0.2000000030
25349  23.390  -63.879  16.293 0.3000000119
28407  10.485  -59.984  14.754 0.8999999762
28413  4.471  -60.271  14.809 0.5000000000
26367  18.248  -62.032  16.336 0.6999999881
112085  13.456  -59.396  16.009 0.8000000119
114322  3.862  -58.633  14.441 0.2000000030
28362  16.737  -60.367  16.456 0.8000000119
26322  24.335  -61.730  18.645 0.1000000015
27351  24.385  -61.622  17.314 0.2000000030
26365  23.648  -62.335  16.014 0.2000000030
28357  24.729  -60.562  17.012 0.1000000015
27386  23.694  -61.403  15.723 0.2000000030
26382  23.144  -62.214  15.338 0.2000000030
26383  22.403  -62.221  14.902 0.3000000119
28385  23.471  -60.571  15.383 0.2000000030
27388  21.902  -61.432  14.962 0.2000000030
27370  18.920  -61.767  16.592 0.5000000000
28361  17.358  -60.570  16.888 0.6999999881
29390  11.854  -59.236  14.780 0.8000000119
30318  16.239  -58.830  17.323 0.8000000119
28359  23.900  -59.768  15.697 0.2000000030
27369  19.342  -61.511  16.421 0.3000000119
28342  20.221  -60.648  17.115 0.4000000060
133092  19.470  -59.345  16.573 0.3000000119
29318  18.924  -60.105  19.027 0.5000000000
30304  18.104  -58.827  19.257 0.5000000000
30306  16.113  -57.931  18.116 0.6999999881
32223  6.690  -56.302  14.708 0.3000000119
29345  23.493  -59.020  15.940 0.2000000030
30331  21.742  -58.693  15.644 0.2000000030
30289  17.915  -58.020  19.340 0.5000000000
31233  17.042  -57.540  19.079 0.5000000000
33862  8.861  -54.058  15.971 0.2000000030
34659  9.498  -53.609  16.079 0.2000000030
2130  -8.386  -91.359  9.650 1.0000000000
2578  -8.315  -90.089  9.486 1.0000000000
4741  -7.593  -86.598  10.313 0.8999999762
6078  -7.587  -85.093  11.974 0.8999999762
187  2.087  -97.307  6.420 0.5000000000
183  1.434  -97.445  7.073 0.6000000238
180  0.853  -97.502  7.775 0.6000000238
317  2.259  -96.648  5.161 0.6000000238
318  1.237  -96.467  5.243 0.6000000238
115337  1.600  -94.952  2.912 0.5000000000
475  0.951  -95.665  4.059 0.6000000238
466  0.662  -95.980  4.749 0.6000000238
467  -0.189  -95.805  4.978 0.6000000238
1047  1.691  -94.459  2.201 0.6999999881
716  0.648  -95.102  3.245 0.6000000238
717  -0.153  -95.000  3.506 0.6000000238
725  0.203  -94.513  2.641 0.6999999881
1417  -0.296  -93.732  3.255 0.6999999881
711  -0.427  -95.206  4.332 0.6999999881
1029  -0.684  -94.801  4.673 0.6999999881
1084  1.370  -93.901  0.302 0.8000000119
1446  0.700  -93.556  0.632 0.8000000119
1048  0.137  -93.948  2.094 0.8000000119
1809  -0.187  -93.158  2.597 0.8000000119
1416  -0.134  -93.333  3.922 0.8000000119
1801  -0.065  -92.888  3.239 0.8000000119
132074  0.493  -92.515  0.646 0.8000000119
2229  0.889  -92.056  0.252 0.8000000119
2228  1.167  -91.463  0.391 0.8000000119
122400  3.121  -97.520  7.191 0.4000000060
178  2.524  -97.900  7.750 0.5000000000
175  0.425  -97.459  8.532 0.6000000238
1424  5.047  -93.153  2.425 0.5000000000
1044  4.383  -93.825  2.755 0.5000000000
1045  3.719  -94.119  2.677 0.5000000000
481  3.424  -95.726  3.527 0.5000000000
1425  3.858  -93.660  2.283 0.5000000000
1046  3.127  -94.115  2.397 0.6000000238
128958  2.416  -94.302  2.146 0.6000000238
1444  4.525  -93.899  1.099 0.6000000238
1438  3.467  -93.781  1.896 0.6000000238
1069  2.519  -94.468  0.499 0.6999999881
1056  1.255  -94.377  1.516 0.6999999881
1093  2.480  -93.676  -0.586 0.8000000119
1083  2.110  -94.185  0.002 0.8000000119
1474  2.578  -92.692  -1.495 0.8000000119
1465  1.618  -92.907  -0.666 0.8000000119
1466  1.062  -92.664  -0.230 0.8000000119
74  3.727  -98.641  12.022 0.5000000000
71  4.112  -98.814  12.765 0.6999999881
160  5.077  -98.147  10.950 0.2000000030
147  4.767  -98.433  11.977 0.4000000060
285  4.133  -97.330  8.320 0.4000000060
171  3.776  -97.638  8.268 0.4000000060
161  4.304  -98.121  10.340 0.2000000030
162  3.606  -98.289  10.641 0.4000000060
163  2.782  -98.302  10.620 0.5000000000
156  3.226  -98.453  11.350 0.6999999881
130816  2.747  -98.078  9.170 0.5000000000
1814  6.084  -92.610  1.911 0.5000000000
1415  6.006  -92.722  2.753 0.5000000000
1066  5.402  -93.990  0.887 0.5000000000
125595  5.165  -93.028  1.836 0.5000000000
125521  4.942  -94.313  0.250 0.6000000238
1067  4.201  -94.382  0.288 0.8000000119
1080  4.794  -94.209  -0.395 0.8000000119
125289  3.522  -93.781  -0.610 0.8999999762
1068  3.366  -94.467  0.366 0.8000000119
120940  4.842  -93.755  -1.083 0.8999999762
1462  3.526  -93.289  -1.189 0.8999999762
1471  4.395  -92.942  -1.735 0.8999999762
66  4.476  -98.892  13.498 0.8000000119
65  5.146  -98.626  13.510 0.4000000060
153  6.218  -97.746  11.694 0.2000000030
145  6.263  -98.107  12.466 0.3000000119
130796  5.346  -97.711  10.602 0.2000000030
279  4.560  -97.386  9.326 0.3000000119
1436  5.855  -93.200  1.404 0.5000000000
1079  5.773  -94.424  -0.189 0.6999999881
1089  6.410  -94.351  -1.060 0.6000000238
1090  5.538  -94.106  -1.036 0.8000000119
1460  5.234  -93.369  -1.610 0.8000000119
1470  6.250  -93.334  -1.868 0.6000000238
127457  5.100  -91.991  -1.979 0.6000000238
2664  5.966  -90.604  -1.943 0.6000000238
114109  6.243  -98.281  14.184 0.4000000060
138  6.486  -98.148  13.445 0.4000000060
146  5.500  -98.304  12.406 0.4000000060
1064  7.323  -94.177  0.410 0.5000000000
1065  6.325  -94.102  0.590 0.5000000000
1078  6.845  -94.520  -0.342 0.5000000000
118477  8.305  -94.290  0.168 0.4000000060
1075  9.969  -94.228  -0.285 0.3000000119
125541  8.214  -94.215  -1.155 0.5000000000
129342  9.298  -94.184  -0.617 0.4000000060
1085  10.435  -93.550  -0.742 0.3000000119
1457  8.603  -93.660  -1.521 0.5000000000
1456  9.290  -93.498  -1.374 0.5000000000
1455  9.868  -93.194  -1.245 0.5000000000
1458  6.847  -93.870  -1.591 0.5000000000
1826  9.024  -92.482  -1.677 0.5000000000
3676  10.002  -87.885  0.810 0.5000000000
1833  7.316  -92.620  -1.940 0.5000000000
1468  8.162  -93.004  -1.826 0.5000000000
4250  10.651  -87.400  -0.135 0.5000000000
4251  9.828  -87.797  -0.432 0.5000000000
1829  5.759  -91.824  -1.886 0.5000000000
1827  7.890  -92.149  -1.740 0.5000000000
4249  11.427  -87.446  -0.325 0.5000000000
129059  10.317  -87.782  -0.826 0.5000000000
116959  6.526  -90.626  -1.596 0.5000000000
3692  11.294  -88.252  -1.507 0.5000000000
3691  12.155  -88.524  -1.466 0.5000000000
3700  11.696  -88.854  -2.135 0.5000000000
3175  8.048  -89.204  -2.241 0.5000000000
3172  11.239  -89.290  -2.953 0.6000000238
2668  15.241  -89.971  -2.239 0.5000000000
2689  15.216  -89.809  -3.402 0.6000000238
3181  16.604  -89.544  -3.355 0.4000000060
128502  15.759  -89.516  -3.936 0.6000000238
3192  16.179  -89.168  -4.724 0.6000000238
3196  17.277  -88.759  -4.627 0.6000000238
58  5.714  -98.626  14.633 0.4000000060
1448  13.034  -93.075  -0.478 0.2000000030
1442  12.870  -93.500  -0.141 0.2000000030
2648  12.102  -90.656  0.412 0.2000000030
2231  11.726  -91.921  -0.764 0.2000000030
1821  11.693  -92.531  -0.810 0.3000000119
1449  12.066  -93.306  -0.504 0.2000000030
120908  11.214  -93.578  -0.464 0.2000000030
1450  11.122  -92.962  -0.799 0.3000000119
1825  9.830  -92.573  -1.405 0.5000000000
1828  6.666  -91.695  -1.697 0.5000000000
2238  7.356  -91.023  -1.365 0.5000000000
2662  8.033  -90.488  -1.075 0.5000000000
3693  10.461  -88.109  -1.436 0.5000000000
3164  7.517  -89.658  -1.559 0.5000000000
3694  9.785  -88.069  -1.164 0.5000000000
2656  8.056  -89.741  -1.115 0.5000000000
3701  10.741  -88.522  -2.209 0.5000000000
3173  10.108  -89.030  -2.831 0.6000000238
3174  9.038  -89.030  -2.590 0.5000000000
2227  11.535  -91.123  -0.295 0.2000000030
133990  10.315  -92.292  -1.262 0.4000000060
112528  11.024  -91.540  -0.958 0.4000000060
2232  10.132  -91.287  -1.000 0.5000000000
2236  9.740  -91.944  -1.434 0.5000000000
126928  10.156  -89.723  0.263 0.5000000000
2655  9.513  -90.195  -0.444 0.5000000000
2237  8.565  -91.613  -1.395 0.5000000000
3143  9.311  -89.198  0.087 0.5000000000
3154  8.893  -89.502  -0.531 0.5000000000
2233  9.103  -90.927  -1.108 0.5000000000
3144  8.984  -88.854  -0.489 0.5000000000
127656  8.546  -89.624  -0.846 0.5000000000
124583  9.250  -88.473  -1.386 0.5000000000
3695  8.699  -88.849  -1.196 0.5000000000
3696  8.036  -89.207  -1.718 0.5000000000
3703  8.723  -88.775  -1.848 0.5000000000
105  6.468  -98.274  17.662 0.6000000238
190  2.301  -97.824  22.356 0.4000000060
191  1.572  -97.847  22.263 0.5000000000
128403  -0.038  -98.422  21.129 0.6999999881
81  0.298  -97.922  21.791 0.5000000000
4  -0.904  -98.536  20.388 0.6000000238
197  -0.980  -97.961  21.015 0.6000000238
21  -1.952  -98.477  19.326 0.6000000238
200  -1.594  -98.103  20.346 0.6000000238
99  -2.419  -98.173  19.244 0.5000000000
210  -3.204  -97.743  18.447 0.4000000060
2654  10.609  -90.678  -0.386 0.4000000060
97  6.359  -98.133  19.381 0.6000000238
90  6.160  -97.960  20.250 0.3000000119
22  5.234  -99.036  18.179 0.6000000238
98  5.594  -98.527  19.625 0.6000000238
91  5.493  -98.230  20.513 0.5000000000
194  4.836  -97.766  21.601 0.6000000238
14  3.956  -99.247  19.296 0.6999999881
5  4.922  -98.687  20.294 0.6000000238
83  4.064  -98.225  21.521 0.6000000238
189  3.202  -97.692  22.257 0.4000000060
15  3.237  -99.203  19.713 0.6999999881
93  3.582  -98.694  21.111 0.6999999881
16  2.506  -99.105  19.604 0.6999999881
0  2.869  -98.897  21.032 0.6999999881
27  0.903  -98.121  19.666 0.6999999881
11  -0.431  -98.593  20.291 0.6999999881
335  -0.852  -97.210  21.016 0.3000000119
112358  -1.371  -97.557  20.621 0.2000000030
201  -2.373  -97.858  19.640 0.2000000030
39  -1.959  -98.526  17.911 0.6000000238
116903  5.376  -97.213  21.533 0.4000000060
25  2.433  -99.071  19.022 0.6999999881
327  2.641  -96.584  22.169 0.3000000119
36  2.069  -98.166  19.326 0.6999999881
328  1.928  -97.158  22.259 0.3000000119
26  1.950  -98.560  19.524 0.6999999881
538  0.761  -95.957  21.253 0.2000000030
124791  0.664  -96.792  21.657 0.3000000119
549  0.488  -95.290  20.555 0.2000000030
550  -0.331  -95.426  20.133 0.2000000030
551  -1.171  -95.932  20.058 0.2000000030
343  -1.832  -96.437  19.859 0.1000000015
103  -2.969  -98.100  18.098 0.5000000000
599  -6.027  -94.917  14.980 0.2000000030
600  -6.558  -94.388  15.316 0.2000000030
127477  -5.449  -95.927  13.599 0.5000000000
378  -6.047  -95.417  13.813 0.3000000119
391  -5.836  -95.714  13.238 0.5000000000
895  -5.292  -94.750  14.940 0.1000000015
911  -6.693  -94.263  14.741 0.3000000119
932  -6.313  -94.403  12.642 0.6000000238
113122  -7.035  -94.301  16.051 0.3000000119
1278  -7.426  -93.377  14.444 0.3000000119
922  -6.504  -94.218  13.486 0.3000000119
923  -6.879  -93.552  13.670 0.4000000060
1266  -8.181  -93.064  15.541 0.3000000119
880  -8.042  -93.719  16.095 0.3000000119
1279  -8.035  -92.832  14.185 0.3000000119
113897  -8.285  -92.189  14.133 0.3000000119
1303  -7.348  -92.522  12.789 0.5000000000
127551  -8.012  -92.270  11.477 0.6999999881
1314  -6.944  -93.157  11.474 0.6999999881
1681  -8.365  -92.390  14.904 0.3000000119
2088  -8.378  -91.687  13.697 0.3000000119
2101  -8.362  -91.357  12.354 0.4000000060
2532  -8.675  -90.590  12.479 0.6000000238
127339  -8.290  -91.664  11.517 0.6999999881
127098  -8.539  -91.205  10.697 0.8000000119
120759  -8.492  -92.019  16.658 0.2000000030
2069  -8.623  -91.476  15.358 0.2000000030
2519  -8.683  -90.508  13.400 0.3000000119
129529  -8.584  -91.321  16.252 0.3000000119
2504  -8.652  -90.832  14.814 0.3000000119
2977  -8.453  -89.544  14.906 0.3000000119
3592  -8.041  -89.391  9.604 0.8999999762
3003  -8.749  -89.951  13.633 0.4000000060
124190  -8.913  -89.965  11.009 0.8000000119
2966  -8.133  -89.807  16.159 0.3000000119
3512  -8.656  -88.853  13.940 0.6000000238
114288  -8.900  -89.951  12.213 0.5000000000
115068  -8.054  -89.032  9.735 0.8999999762
119844  -8.008  -89.329  15.742 0.5000000000
2989  -8.503  -89.088  14.573 0.4000000060
3511  -8.314  -88.424  14.505 0.6000000238
131360  -8.025  -88.355  9.911 0.8000000119
3555  -8.812  -88.820  11.321 0.6999999881
3538  -8.984  -89.221  12.376 0.6000000238
113340  -8.524  -88.050  13.731 0.6000000238
3537  -8.905  -88.248  12.052 0.6000000238
4742  -8.063  -86.715  10.124 0.8000000119
3486  -7.717  -88.597  15.667 0.5000000000
4076  -8.449  -87.177  13.535 0.6000000238
4100  -8.524  -86.997  10.697 0.8000000119
119296  -8.488  -86.812  12.533 0.6999999881
4067  -8.257  -87.552  14.420 0.6000000238
4713  -8.281  -85.936  12.278 0.6999999881
5389  -8.051  -85.780  11.472 0.8000000119
4696  -8.270  -86.646  14.240 0.6000000238
4702  -8.344  -86.287  13.269 0.6000000238
5371  -7.975  -85.251  12.326 0.8000000119
5351  -8.163  -85.664  13.949 0.6999999881
4695  -8.190  -86.123  14.843 0.6000000238
132104  -7.766  -84.531  14.469 0.6000000238
8137  -6.493  -81.503  17.562 0.6999999881
8880  -6.294  -80.932  18.017 0.6999999881
7354  -6.956  -82.212  18.543 0.6000000238
7381  -6.817  -82.064  16.983 0.6000000238
7344  -6.585  -82.510  19.268 0.5000000000
8859  -6.405  -81.069  18.812 0.6000000238
8101  -6.293  -81.880  19.592 0.5000000000
8838  -6.141  -80.600  19.427 0.8000000119
8085  -6.358  -81.193  19.574 0.6000000238
6657  -5.184  -83.002  19.807 0.5000000000
9596  -5.860  -79.984  19.919 0.8000000119
121800  -5.046  -76.047  14.792 0.8000000119
13168  -5.640  -74.781  13.589 0.6000000238
8825  -6.370  -80.710  20.353 0.8000000119
8083  -5.282  -81.846  20.612 0.6000000238
13119  -4.997  -75.863  16.216 0.6999999881
9578  -6.215  -79.996  20.746 0.8000000119
8069  -5.721  -81.368  21.530 0.6000000238
114338  -5.114  -74.958  17.163 0.8000000119
14019  -5.049  -74.336  16.312 0.4000000060
8812  -6.251  -80.698  21.791 0.6999999881
14939  -5.149  -73.702  17.959 0.6000000238
110455  -5.783  -80.207  23.460 0.6999999881
110900  -6.333  -80.029  22.157 0.6999999881
8033  -5.303  -81.157  23.225 0.6000000238
12018  -1.669  -76.184  27.376 0.6999999881
113538  -2.309  -74.980  27.424 0.6000000238
13889  2.073  -74.060  25.859 0.8000000119
13876  -0.182  -74.625  26.358 0.8000000119
12990  -0.613  -75.383  27.057 0.6999999881
119547  2.680  -73.387  25.254 0.8000000119
13891  0.118  -73.929  25.496 0.8000000119
16758  -4.975  -71.067  19.753 0.5000000000
14808  -0.409  -73.240  25.092 0.6999999881
13892  -0.717  -73.995  25.845 0.6999999881
13878  -1.793  -74.413  27.016 0.6999999881
14864  5.738  -72.355  23.383 0.8000000119
15780  4.511  -72.063  23.551 0.8000000119
15802  4.089  -71.334  22.876 0.6000000238
14820  3.338  -72.819  24.701 0.8000000119
14821  2.103  -72.756  24.503 0.8000000119
13890  1.030  -73.712  25.283 0.8000000119
15801  5.040  -71.613  22.654 0.6999999881
118373  2.732  -72.196  24.042 0.6999999881
15783  1.540  -72.016  24.014 0.6000000238
115580  0.953  -72.197  24.107 0.6000000238
15832  6.562  -71.771  21.886 0.8000000119
16724  4.452  -71.121  21.137 0.5000000000
16699  4.186  -71.092  22.045 0.6000000238
16726  3.916  -70.910  22.321 0.6000000238
123715  2.943  -71.298  23.566 0.6000000238
17703  5.057  -70.386  20.254 0.4000000060
18780  4.786  -69.754  20.793 0.4000000060
17702  5.961  -70.466  19.926 0.4000000060
18779  5.447  -69.502  20.361 0.4000000060
18757  6.245  -69.455  22.025 0.2000000030
18739  6.220  -69.787  23.080 0.2000000030
16700  2.360  -71.320  23.941 0.5000000000
16701  1.447  -71.628  24.143 0.5000000000
18759  4.577  -69.773  21.515 0.4000000060
18743  3.248  -70.812  23.481 0.4000000060
18793  6.312  -69.428  19.295 0.3000000119
18724  3.212  -70.595  24.059 0.4000000060
17714  6.336  -70.108  19.206 0.5000000000
19843  6.138  -69.027  20.722 0.2000000030
18741  4.514  -70.141  22.621 0.3000000119
18723  4.205  -70.452  23.944 0.4000000060
22102  1.314  -66.060  22.646 0.5000000000
23192  0.038  -65.162  23.127 0.5000000000
22122  1.784  -66.611  21.982 0.6000000238
23191  0.760  -64.886  22.986 0.5000000000
17744  10.036  -69.640  18.065 0.2000000030
24253  -1.009  -64.556  22.448 0.3000000119
24234  0.008  -64.676  22.939 0.3000000119
22101  2.212  -65.874  22.454 0.5000000000
25289  0.327  -64.247  21.963 0.3000000119
121794  1.151  -64.309  22.122 0.4000000060
26297  2.407  -63.641  20.693 0.4000000060
119138  1.664  -64.300  22.151 0.5000000000
26287  2.498  -63.927  21.451 0.5000000000
128151  18.295  -57.783  19.019 0.4000000060
31213  18.054  -57.267  18.407 0.4000000060
31235  15.303  -57.295  18.131 0.6000000238
31215  16.707  -56.661  18.999 0.4000000060
32189  15.492  -56.452  18.978 0.4000000060
32190  13.963  -56.480  17.440 0.5000000000
32187  17.599  -56.576  17.892 0.4000000060
32171  16.869  -55.987  18.891 0.3000000119
32173  15.194  -55.593  19.278 0.3000000119
33038  14.285  -55.825  18.436 0.4000000060
32202  12.566  -55.738  16.007 0.3000000119
32219  11.247  -55.822  15.444 0.3000000119
1453  0.556  -93.043  0.375 0.8000000119
112341  0.013  -93.051  1.172 0.8000000119
1054  2.955  -94.448  1.165 0.6999999881
2218  0.714  -91.978  2.299 0.8000000119
2209  1.410  -91.814  3.105 0.8000000119
13  4.814  -99.056  19.482 0.6999999881
169  1.828  -98.048  9.042 0.6999999881
299  1.098  -97.058  6.402 0.6000000238
461  0.432  -96.253  5.301 0.6000000238
2217  1.482  -91.564  2.275 0.8000000119
114044  3.835  -99.314  18.435 0.6999999881
1  2.038  -98.995  20.935 0.6999999881
3186  8.480  -89.802  -3.090 0.6000000238
2698  15.009  -89.539  -4.215 0.6000000238
12210  -5.177  -76.774  15.721 0.8000000119
16723  5.446  -71.321  21.255 0.6000000238
31236  14.625  -56.727  18.093 0.4000000060
32201  13.326  -56.028  16.806 0.3000000119
111232  -4.995  -74.758  15.765 0.5000000000
32170  17.431  -56.574  18.648 0.3000000119
132361  1.956  -98.034  8.259 0.5000000000
723  2.529  -95.288  3.297 0.5000000000
724  0.890  -94.559  2.384 0.6999999881
1055  2.116  -94.467  1.373 0.6000000238
726  0.594  -94.164  1.814 0.8000000119
1070  1.689  -94.373  0.719 0.8000000119
1808  0.077  -92.584  2.421 0.8000000119
115383  0.634  -92.130  0.896 0.8000000119
172  3.364  -97.959  8.758 0.4000000060
1437  4.143  -93.378  1.931 0.6000000238
166  4.265  -97.913  9.559 0.3000000119
1088  7.327  -94.344  -1.151 0.5000000000
1076  9.173  -94.366  -0.067 0.4000000060
1073  11.576  -93.940  -0.181 0.2000000030
2649  11.168  -90.169  0.281 0.5000000000
539  0.040  -95.874  20.792 0.2000000030
1702  -8.030  -92.123  12.340 0.4000000060
2490  -8.440  -90.598  16.758 0.3000000119
8121  -6.671  -81.521  18.279 0.6000000238
15781  3.430  -71.885  23.561 0.6000000238
17685  4.122  -70.460  21.615 0.4000000060
18760  4.116  -70.100  21.907 0.4000000060
18758  5.343  -69.461  21.182 0.4000000060
32188  17.261  -55.830  18.319 0.3000000119
32172  16.098  -55.781  19.290 0.3000000119
33047  16.355  -55.536  16.243 0.2000000030
121081  5.123  -96.110  4.347 0.3000000119
323  3.636  -96.207  4.531 0.4000000060
316  3.167  -96.634  5.112 0.5000000000
125905  4.750  -95.903  3.262 0.4000000060
324  2.755  -96.268  4.521 0.4000000060
474  2.704  -95.838  3.906 0.4000000060
320  6.417  -96.369  3.912 0.3000000119
471  5.397  -96.022  3.205 0.4000000060
720  5.048  -94.949  2.827 0.4000000060
480  4.113  -95.759  3.121 0.4000000060
469  6.971  -96.205  3.398 0.3000000119
477  6.720  -95.975  2.803 0.3000000119
112550  7.696  -95.927  3.060 0.3000000119
719  6.105  -95.123  2.773 0.4000000060
127692  7.612  -96.172  3.738 0.3000000119
718  7.145  -95.286  2.826 0.4000000060
1413  7.122  -92.837  3.171 0.4000000060
1036  6.398  -93.775  2.963 0.4000000060
1805  7.198  -91.975  2.642 0.4000000060
1043  5.303  -93.681  2.895 0.4000000060
1813  6.892  -92.194  2.011 0.4000000060
1034  8.654  -94.494  3.643 0.4000000060
120372  8.050  -93.705  3.353 0.4000000060
1028  9.313  -93.844  4.335 0.2000000030
1411  9.430  -92.136  3.869 0.3000000119
1796  9.566  -91.897  3.412 0.3000000119
123253  8.043  -92.550  3.397 0.4000000060
1804  8.059  -91.752  2.829 0.4000000060
129967  8.491  -91.829  2.328 0.4000000060
1443  7.868  -93.606  1.018 0.4000000060
1435  6.758  -93.115  1.317 0.4000000060
129647  10.241  -92.013  3.390 0.2000000030
1434  8.469  -92.620  1.597 0.4000000060
9208  8.664  -80.094  -9.887 0.1000000015
8482  8.409  -81.281  -9.054 0.1000000015
7696  8.458  -82.802  -6.690 0.1000000015
8462  9.095  -82.024  -7.404 0.1000000015
6939  8.196  -83.560  -6.949 0.1000000015
133240  8.931  -84.299  -7.094 0.3000000119
7721  12.114  -82.530  -9.955 0.4000000060
8476  9.402  -81.182  -8.242 0.1000000015
9200  9.445  -80.244  -8.970 0.1000000015
7695  9.501  -82.055  -6.432 0.1000000015
6274  8.973  -84.179  -5.966 0.2000000030
6291  9.620  -84.237  -7.280 0.2000000030
122857  9.948  -84.437  -5.873 0.2000000030
7704  11.812  -82.731  -8.962 0.4000000060
6954  10.835  -83.262  -8.906 0.3000000119
8461  10.039  -81.134  -7.428 0.1000000015
9186  10.065  -80.293  -8.126 0.1000000015
10019  8.304  -78.801  -9.773 0.2000000030
10017  9.779  -79.734  -8.567 0.1000000015
9216  4.889  -79.103  -10.576 0.3000000119
9203  0.884  -79.208  -9.401 0.4000000060
10833  -0.658  -78.061  -8.797 0.4000000060
126538  -4.329  -72.465  -2.826 0.6000000238
15217  -4.788  -72.988  -1.729 0.6000000238
4046  -7.787  -87.636  15.860 0.5000000000
4671  -8.035  -86.736  17.519 0.4000000060
4690  -8.112  -86.022  15.771 0.5000000000
5332  -8.070  -85.170  17.443 0.5000000000
6010  -7.600  -83.960  17.634 0.4000000060
5336  -8.105  -85.518  16.629 0.5000000000
6022  -7.875  -84.662  16.692 0.5000000000
6034  -7.712  -84.369  15.163 0.5000000000
6691  -7.551  -83.802  16.852 0.5000000000
132940  -7.396  -84.168  19.207 0.4000000060
6680  -7.395  -83.283  17.531 0.5000000000
7382  -7.237  -82.853  16.713 0.5000000000
6649  -6.229  -83.738  19.898 0.3000000119
6648  -5.271  -83.486  19.960 0.4000000060
6646  -3.966  -83.174  20.531 0.4000000060
6660  -7.201  -83.629  19.166 0.4000000060
6668  -7.114  -82.991  18.848 0.4000000060
7332  -4.324  -82.469  20.412 0.3000000119
8100  -5.790  -82.081  20.035 0.4000000060
14064  -5.693  -74.052  13.352 0.3000000119
14977  -4.456  -73.580  15.077 0.3000000119
8787  -5.258  -80.584  24.127 0.6000000238
115514  -4.612  -80.665  24.813 0.4000000060
113500  -5.063  -74.079  15.534 0.4000000060
9509  -4.698  -79.910  26.467 0.3000000119
9523  -5.277  -79.452  24.900 0.6000000238
14927  -5.008  -72.956  18.262 0.4000000060
14928  -5.270  -73.663  18.802 0.5000000000
15862  -5.084  -72.109  19.610 0.4000000060
110501  -4.956  -70.214  19.870 0.4000000060
12993  -3.033  -75.440  27.512 0.5000000000
13865  -2.986  -74.128  28.147 0.4000000060
14798  -3.324  -73.501  28.625 0.3000000119
13879  -2.294  -74.174  27.520 0.5000000000
18785  -4.961  -69.639  20.474 0.3000000119
113921  -4.658  -68.527  19.162 0.3000000119
14793  -3.810  -73.483  29.279 0.3000000119
14802  -2.541  -73.588  27.755 0.4000000060
14810  -1.644  -72.802  26.488 0.3000000119
116007  -4.819  -68.946  21.189 0.4000000060
19829  -4.462  -68.281  22.080 0.6000000238
16663  -2.708  -72.015  28.336 0.3000000119
14797  -2.818  -73.065  28.070 0.3000000119
15760  -2.063  -72.426  27.282 0.4000000060
14800  -1.746  -73.540  26.726 0.3000000119
14825  -0.691  -72.842  25.131 0.4000000060
15764  -1.039  -72.443  25.715 0.3000000119
14824  -0.254  -72.782  24.738 0.5000000000
15784  0.576  -72.240  24.252 0.4000000060
16665  -1.687  -71.720  27.129 0.3000000119
16672  -0.691  -71.928  25.356 0.4000000060
17650  0.940  -71.364  24.362 0.4000000060
17651  0.422  -71.573  24.540 0.4000000060
17640  0.057  -71.175  25.161 0.5000000000
16666  -1.069  -71.665  26.153 0.4000000060
18726  1.792  -70.539  24.538 0.4000000060
18709  2.140  -69.738  24.971 0.4000000060
6293  8.442  -83.979  -7.451 0.3000000119
9510  -5.117  -79.095  26.060 0.5000000000
19803  -4.151  -68.386  23.558 0.6000000238
113592  -4.631  -69.668  23.143 0.6000000238
182  2.888  -97.296  6.539 0.5000000000
465  1.688  -96.135  4.701 0.4000000060
473  4.131  -95.886  3.794 0.4000000060
4677  -8.059  -86.898  16.090 0.4000000060
116434  -8.041  -85.225  14.894 0.5000000000
14949  -5.046  -73.905  17.060 0.4000000060
14807  0.281  -73.165  24.702 0.6000000238
322  4.341  -96.058  4.450 0.4000000060
713  8.468  -95.609  3.523 0.3000000119
1433  9.284  -92.146  2.097 0.2000000030
6932  8.644  -83.620  -6.067 0.1000000015
8765  -4.690  -80.284  25.656 0.5000000000
96  7.031  -97.818  18.632 0.4000000060
122983  8.575  -96.619  17.512 0.2000000030
111  7.603  -97.722  16.379 0.3000000119
217  8.297  -97.205  16.375 0.2000000030
358  8.801  -96.707  16.729 0.2000000030
119  7.579  -97.820  15.508 0.3000000119
130  6.470  -98.267  14.841 0.3000000119
129  7.283  -98.009  14.892 0.3000000119
15236  -3.605  -72.434  -4.309 0.3000000119
17054  -3.854  -70.906  -2.572 0.2000000030
133342  -2.389  -70.780  -4.021 0.2000000030
16141  -3.331  -71.478  -4.012 0.2000000030
16106  -4.766  -71.656  -0.644 0.3000000119
16998  -4.988  -71.617  0.215 0.4000000060
18012  -3.263  -69.844  0.695 0.2000000030
17020  -4.279  -70.542  -0.001 0.2000000030
18013  -3.836  -70.092  0.938 0.3000000119
16997  -4.561  -70.882  0.930 0.3000000119
16088  -5.568  -72.146  1.280 0.4000000060
124935  -5.222  -71.651  4.188 0.3000000119
16069  -5.472  -71.843  2.044 0.4000000060
16977  -5.016  -71.277  1.576 0.3000000119
15984  -5.600  -72.490  6.712 0.2000000030
15117  -6.306  -73.510  6.371 0.3000000119
14189  -6.402  -74.662  6.173 0.3000000119
14199  -6.410  -74.204  5.460 0.3000000119
13301  -6.470  -75.229  5.448 0.6000000238
16901  -5.138  -71.929  5.401 0.2000000030
119553  -6.300  -72.849  4.807 0.2000000030
14211  -6.409  -73.792  4.729 0.4000000060
115135  -6.139  -72.755  7.040 0.2000000030
15960  -5.238  -72.806  8.156 0.2000000030
15101  -6.305  -73.357  8.127 0.2000000030
15073  -6.225  -73.189  8.849 0.2000000030
15885  -4.209  -72.493  17.179 0.3000000119
15875  -4.891  -72.192  18.567 0.3000000119
16777  -4.785  -71.317  18.808 0.3000000119
17737  -4.685  -70.705  18.161 0.3000000119
20972  -4.130  -67.408  20.225 0.3000000119
20944  -4.032  -67.591  22.547 0.3000000119
20957  -4.051  -67.327  21.472 0.3000000119
20929  -3.765  -67.842  23.686 0.5000000000
121386  -3.697  -67.037  22.188 0.3000000119
115804  -2.968  -66.945  23.342 0.5000000000
22086  -3.225  -67.104  23.169 0.4000000060
22106  -2.747  -66.294  22.920 0.4000000060
22083  -0.732  -65.643  23.146 0.4000000060
26298  2.064  -64.052  20.494 0.3000000119
27325  2.339  -62.019  19.868 0.3000000119
331  4.022  -96.500  21.963 0.3000000119
129915  4.942  -96.552  21.616 0.3000000119
14948  -4.498  -73.208  16.765 0.3000000119
112  6.732  -98.210  16.748 0.4000000060
16121  -5.007  -72.544  -1.092 0.4000000060
132910  -4.560  -72.500  -2.254 0.5000000000
16132  -3.902  -71.797  -3.320 0.3000000119
116635  -5.093  -71.163  2.970 0.3000000119
113611  -6.084  -72.576  6.147 0.2000000030
19846  -4.521  -68.000  20.683 0.3000000119
20942  -1.613  -67.395  23.040 0.5000000000
22085  -2.430  -66.387  23.224 0.4000000060
25305  0.718  -64.420  21.124 0.3000000119
121530  -4.340  -71.735  -2.455 0.4000000060
16796  -4.227  -71.559  17.273 0.3000000119
104  7.294  -97.768  17.449 0.3000000119
211  8.121  -97.162  17.244 0.2000000030
17055  -4.298  -71.011  -1.931 0.2000000030
17065  -3.300  -70.893  -3.338 0.2000000030
18051  -3.838  -70.248  -1.726 0.2000000030
18070  -3.174  -70.148  -2.454 0.2000000030
18069  -2.336  -70.107  -2.694 0.2000000030
16010  -4.096  -71.970  4.657 0.2000000030
129988  7.629  -94.473  12.502 0.1000000015
634  7.046  -95.940  12.147 0.1000000015
398  7.340  -96.280  12.734 0.1000000015
247  7.194  -97.221  12.873 0.1000000015
238  7.029  -97.907  12.970 0.2000000030
411  6.479  -97.025  11.652 0.1000000015
256  6.118  -97.336  11.187 0.1000000015
421  6.191  -96.536  10.953 0.1000000015
121455  7.415  -92.984  11.261 0.1000000015
1295  8.215  -93.299  12.721 0.1000000015
1296  7.644  -93.674  12.037 0.1000000015
125930  7.987  -94.041  12.825 0.1000000015
384  8.134  -96.207  13.956 0.1000000015
231  7.996  -97.147  14.231 0.1000000015
237  7.415  -97.528  13.602 0.2000000030
1005  5.575  -94.827  6.212 0.1000000015
444  4.499  -96.675  8.537 0.1000000015
278  5.200  -97.236  10.096 0.1000000015
690  6.149  -95.222  6.280 0.1000000015
970  7.178  -94.155  7.674 0.1000000015
443  7.641  -96.783  8.173 0.1000000015
451  6.931  -96.307  7.046 0.1000000015
277  8.107  -96.987  8.754 0.1000000015
118370  8.521  -97.058  8.155 0.1000000015
1698  7.941  -92.532  11.828 0.1000000015
1697  8.482  -92.427  12.704 0.1000000015
623  7.775  -95.783  13.270 0.1000000015
132258  7.928  -97.495  14.650 0.2000000030
113045  8.541  -94.817  14.045 0.1000000015
990  4.848  -94.490  7.002 0.1000000015
691  4.606  -95.062  7.350 0.2000000030
452  6.204  -95.979  5.794 0.1000000015
457  5.172  -95.750  5.448 0.2000000030
458  4.461  -95.837  6.075 0.3000000119
453  4.203  -96.657  7.348 0.3000000119
291  7.007  -96.670  6.283 0.1000000015
290  7.627  -96.830  7.307 0.1000000015
117407  8.197  -96.901  6.278 0.1000000015
124200  7.546  -96.781  5.730 0.1000000015
289  8.177  -97.045  7.322 0.1000000015
294  8.952  -96.825  6.745 0.1000000015
450  9.692  -96.584  7.135 0.1000000015
364  8.707  -96.594  15.417 0.1000000015
903  9.163  -94.160  14.580 0.1000000015
606  8.548  -95.618  14.399 0.1000000015
1686  8.953  -92.371  13.471 0.1000000015
1284  8.629  -93.057  13.323 0.1000000015
297  4.538  -96.184  5.400 0.3000000119
296  6.155  -96.305  5.263 0.2000000030
306  4.438  -96.193  5.351 0.3000000119
116636  3.904  -96.615  6.165 0.3000000119
115575  7.002  -96.714  5.743 0.2000000030
132527  3.519  -97.152  6.970 0.3000000119
303  8.266  -96.631  5.276 0.2000000030
455  9.825  -96.188  6.378 0.1000000015
459  9.507  -96.191  5.590 0.1000000015
112822  10.085  -96.023  7.172 0.1000000015
590  9.441  -95.524  16.008 0.1000000015
1256  9.778  -94.029  15.510 0.1000000015
1272  9.057  -93.188  14.036 0.1000000015
1285  8.488  -93.912  13.559 0.1000000015
311  7.396  -96.607  4.992 0.2000000030
312  6.644  -96.481  4.708 0.2000000030
307  3.810  -96.610  5.721 0.3000000119
460  9.019  -96.391  5.155 0.1000000015
188  3.437  -96.731  5.625 0.3000000119
449  10.183  -96.204  8.116 0.1000000015
206  8.200  -96.759  18.214 0.2000000030
569  9.301  -95.503  17.273 0.1000000015
113461  9.689  -93.207  14.894 0.1000000015
579  9.787  -94.744  16.129 0.1000000015
313  5.915  -96.352  4.364 0.2000000030
985  11.280  -93.794  8.093 0.1000000015
1363  11.202  -93.271  7.535 0.1000000015
1004  10.397  -94.155  6.985 0.1000000015
688  10.388  -94.961  7.796 0.1000000015
113695  10.179  -94.654  6.215 0.1000000015
346  8.944  -96.203  17.395 0.1000000015
1376  10.827  -93.231  6.998 0.1000000015
705  9.716  -95.635  5.236 0.1000000015
462  9.332  -96.031  4.807 0.1000000015
710  8.994  -95.849  4.088 0.2000000030
1063  8.869  -93.920  0.735 0.3000000119
115727  8.323  -96.352  18.719 0.1000000015
207  7.697  -97.142  18.671 0.2000000030
204  6.839  -97.588  19.766 0.2000000030
1388  11.848  -93.179  6.049 0.1000000015
1398  11.411  -92.905  5.282 0.1000000015
1001  14.604  -94.916  6.125 0.1000000015
1003  13.131  -94.489  6.075 0.1000000015
110232  10.722  -92.873  5.603 0.1000000015
1027  10.020  -93.246  5.123 0.1000000015
712  9.056  -95.166  3.958 0.2000000030
709  9.507  -95.009  4.709 0.1000000015
202  7.981  -96.706  19.034 0.1000000015
129178  9.215  -95.010  17.902 0.1000000015
1387  12.601  -93.925  5.811 0.1000000015
133348  16.047  -94.737  6.326 0.1000000015
697  14.230  -94.960  5.567 0.1000000015
1025  13.601  -94.764  4.547 0.1000000015
1399  10.634  -92.616  4.633 0.1000000015
198  7.208  -96.936  20.083 0.1000000015
1017  15.496  -94.908  5.954 0.1000000015
707  14.238  -94.897  4.914 0.1000000015
1397  12.357  -93.694  5.136 0.1000000015
703  14.945  -94.954  5.309 0.1000000015
3131  10.498  -88.362  1.267 0.3000000119
3142  9.882  -88.764  0.696 0.4000000060
130033  12.921  -94.463  4.195 0.1000000015
1409  11.365  -92.869  4.248 0.1000000015
1789  10.079  -92.123  3.939 0.1000000015
4839  11.838  -86.717  2.383 0.2000000030
4856  11.145  -86.786  1.100 0.2000000030
4888  11.322  -87.142  0.202 0.3000000119
4854  12.709  -86.482  1.948 0.2000000030
3686  12.541  -88.169  -0.770 0.4000000060
4853  13.469  -86.626  2.338 0.2000000030
114542  5.672  -96.604  21.352 0.1000000015
124333  -1.959  -74.655  -7.210 0.3000000119
12569  -1.261  -76.428  -7.683 0.3000000119
121883  -0.476  -77.420  -8.689 0.2000000030
10831  1.902  -76.901  -8.496 0.2000000030
10024  0.717  -78.143  -9.618 0.2000000030
4855  11.918  -86.544  1.622 0.2000000030
4874  11.659  -86.726  0.747 0.3000000119
4248  12.090  -87.523  -0.266 0.3000000119
3685  13.359  -88.406  -0.578 0.4000000060
4873  12.423  -86.645  1.133 0.3000000119
4247  12.775  -87.745  -0.014 0.3000000119
3162  13.099  -89.018  -1.405 0.4000000060
3161  13.986  -89.769  -1.693 0.4000000060
15260  -2.890  -73.577  -6.427 0.2000000030
14348  -1.139  -74.077  -7.334 0.1000000015
130945  -0.283  -75.636  -8.044 0.2000000030
13440  0.196  -75.459  -7.641 0.1000000015
130026  0.432  -76.592  -8.604 0.2000000030
11622  1.035  -76.581  -7.103 0.1000000015
11611  0.288  -77.169  -6.116 0.1000000015
3675  13.573  -87.997  0.207 0.3000000119
3683  15.065  -88.949  -0.201 0.3000000119
3152  14.786  -89.489  -1.118 0.3000000119
2661  14.989  -90.004  -2.018 0.4000000060
128832  -2.956  -72.962  -5.844 0.2000000030
129762  -2.914  -71.959  -5.204 0.1000000015
15280  -1.922  -73.170  -6.635 0.2000000030
15259  -1.225  -72.538  -6.372 0.2000000030
114229  0.435  -74.600  -5.953 0.1000000015
12551  0.288  -75.502  -5.765 0.1000000015
3139  16.635  -89.662  -0.145 0.2000000030
2653  16.454  -89.840  -1.048 0.2000000030
2667  16.040  -90.041  -2.110 0.3000000119
2676  15.562  -89.982  -2.747 0.5000000000
16170  -1.730  -71.948  -5.721 0.1000000015
17099  -1.072  -71.513  -5.417 0.1000000015
117920  -0.515  -70.954  -3.549 0.1000000015
15246  -0.299  -72.840  -5.205 0.1000000015
15235  -0.324  -73.560  -3.649 0.1000000015
14290  -0.138  -74.408  -3.045 0.1000000015
3719  17.201  -88.516  -5.375 0.4000000060
18079  -1.797  -70.429  -3.527 0.1000000015
4274  17.631  -87.503  -3.942 0.3000000119
4273  18.156  -87.699  -4.657 0.3000000119
4941  17.971  -86.503  -7.069 0.4000000060
4297  17.852  -86.639  -7.353 0.5000000000
112806  16.017  -86.968  -3.848 0.3000000119
4918  17.547  -87.134  -4.768 0.3000000119
125653  -2.371  -69.997  0.393 0.1000000015
18033  -3.683  -69.816  -0.696 0.1000000015
18030  -1.723  -70.326  -1.178 0.1000000015
18049  -2.509  -69.815  -1.620 0.1000000015
5596  15.884  -85.347  -9.284 0.4000000060
109776  -3.183  -71.014  2.773 0.2000000030
109927  -3.249  -70.095  1.457 0.1000000015
109883  -2.570  -70.209  1.238 0.1000000015
109782  -3.588  -70.663  2.382 0.2000000030
109780  -4.411  -71.184  3.544 0.2000000030
215  -3.547  -97.710  17.579 0.3000000119
115789  -4.519  -97.695  15.553 0.2000000030
14123  -6.296  -73.819  9.493 0.2000000030
879  -7.541  -94.214  16.707 0.1000000015
14108  -6.258  -74.218  10.429 0.2000000030
15020  -5.409  -73.471  11.245 0.1000000015
15006  -5.498  -73.613  12.040 0.1000000015
13200  -6.256  -74.911  11.621 0.3000000119
119352  -5.166  -73.674  12.741 0.1000000015
13169  -6.026  -74.425  12.909 0.2000000030
2960  -8.150  -89.976  16.839 0.2000000030
132520  -7.076  -88.785  16.505 0.3000000119
4035  -7.482  -87.582  17.285 0.3000000119
3474  -6.846  -88.257  17.434 0.3000000119
14960  -4.141  -73.316  16.050 0.2000000030
15893  -3.892  -72.679  16.588 0.2000000030
17759  -4.353  -70.492  16.763 0.2000000030
16808  -3.826  -71.328  16.387 0.2000000030
123854  -4.607  -69.863  17.074 0.2000000030
119312  -4.591  -69.769  17.863 0.2000000030
21003  -4.095  -67.409  18.558 0.2000000030
20987  -3.950  -67.195  19.500 0.2000000030
18838  -1.081  -69.649  16.731 0.1000000015
19886  -2.757  -67.580  18.433 0.2000000030
19912  -1.537  -69.215  16.072 0.2000000030
18827  -0.711  -69.508  17.130 0.1000000015
19863  -2.469  -67.406  18.972 0.2000000030
22136  -3.450  -66.280  21.098 0.2000000030
23195  -2.074  -65.716  23.035 0.3000000119
115999  -1.392  -68.636  18.027 0.1000000015
22135  -2.957  -66.341  20.399 0.2000000030
23234  -2.742  -65.181  21.861 0.2000000030
23262  -2.218  -65.649  20.201 0.1000000015
23249  -2.837  -65.381  20.972 0.2000000030
22150  -0.994  -66.526  18.932 0.1000000015
24254  -1.949  -64.806  22.197 0.2000000030
24273  -2.085  -64.815  21.312 0.2000000030
24235  -0.751  -64.777  22.861 0.2000000030
24272  -1.146  -64.532  21.624 0.2000000030
132663  0.816  -70.424  25.116 0.3000000119
25304  1.108  -64.460  19.880 0.1000000015
26316  1.632  -63.010  19.727 0.1000000015
25319  0.818  -63.650  19.124 0.1000000015
26315  2.206  -63.096  20.101 0.1000000015
26331  0.545  -62.503  19.230 0.1000000015
27326  1.875  -62.255  19.800 0.1000000015
18810  8.093  -69.015  17.842 0.2000000030
31295  3.874  -57.658  14.164 0.1000000015
1410  10.834  -92.466  3.726 0.1000000015
117849  -8.156  -85.925  17.838 0.3000000119
14369  -1.678  -75.242  -7.360 0.4000000060
10850  0.051  -77.428  -9.039 0.2000000030
4288  17.877  -87.281  -6.618 0.5000000000
3725  17.850  -87.897  -5.799 0.3000000119
10830  2.442  -76.943  -9.171 0.1000000015
10848  1.511  -77.233  -9.520 0.1000000015
11636  0.903  -76.416  -8.256 0.1000000015
19864  -4.523  -67.940  19.402 0.2000000030
30341  2.945  -57.966  14.271 0.1000000015
435  5.053  -96.575  9.417 0.1000000015
4241  10.536  -87.294  0.657 0.2000000030
3718  17.982  -88.092  -5.136 0.3000000119
1653  -8.316  -92.616  17.186 0.2000000030
24271  -0.250  -64.306  21.876 0.2000000030
1053  9.500  -93.372  1.342 0.3000000119
18815  -4.583  -69.083  18.610 0.2000000030
17083  -2.924  -70.971  -4.105 0.1000000015
17082  -2.519  -71.103  -4.651 0.1000000015
17081  -0.992  -70.986  -4.770 0.1000000015
22137  -3.834  -66.874  21.027 0.2000000030
22124  -3.237  -65.891  21.735 0.2000000030
644  6.649  -96.164  11.603 0.1000000015
371  8.465  -96.450  14.724 0.1000000015
678  4.436  -95.832  7.866 0.1000000015
886  9.427  -94.892  15.359 0.1000000015
1374  12.375  -93.516  6.673 0.1000000015
1002  13.788  -94.810  6.022 0.1000000015
14368  -1.114  -74.826  -7.548 0.2000000030
3153  13.912  -89.057  -1.061 0.3000000119
14367  -0.531  -74.509  -7.391 0.2000000030
15279  -1.092  -73.357  -6.839 0.1000000015
127383  0.540  -75.450  -6.793 0.1000000015
112392  -0.561  -77.648  -5.377 0.1000000015
3151  15.777  -89.608  -0.707 0.3000000119
2660  15.572  -89.976  -1.594 0.3000000119
15258  -0.406  -73.048  -6.230 0.1000000015
123417  -0.630  -72.387  -5.981 0.1000000015
132529  0.517  -75.069  -6.378 0.1000000015
14337  -0.050  -73.842  -5.381 0.1000000015
17080  -0.696  -71.574  -4.860 0.1000000015
16149  -0.287  -72.093  -4.454 0.1000000015
4281  18.083  -87.431  -5.590 0.3000000119
20986  -2.939  -67.109  19.711 0.2000000030
19903  -2.117  -68.297  17.967 0.2000000030
20985  -1.892  -67.289  19.096 0.1000000015
9996  10.182  -79.594  -7.791 0.1000000015
10825  8.957  -78.531  -7.571 0.1000000015
10841  8.647  -78.669  -8.643 0.1000000015
10842  7.690  -78.136  -8.932 0.1000000015
10867  5.569  -77.828  -10.329 0.2000000030
10866  6.423  -77.890  -10.155 0.2000000030
5583  17.926  -85.900  -7.422 0.3000000119
6964  13.787  -82.638  -9.950 0.3000000119
5595  17.419  -85.220  -8.505 0.3000000119
6296  17.063  -84.256  -9.084 0.3000000119
9144  11.512  -79.877  -5.049 0.1000000015
9957  11.158  -79.293  -6.014 0.1000000015
126571  11.399  -80.409  -4.445 0.1000000015
131766  10.992  -80.739  -5.664 0.1000000015
9977  10.782  -79.388  -7.016 0.1000000015
10824  9.938  -78.882  -7.325 0.1000000015
10844  5.803  -77.386  -9.432 0.1000000015
6280  16.848  -84.485  -7.511 0.1000000015
5603  16.506  -84.158  -9.530 0.3000000119
7718  16.120  -82.734  -9.406 0.3000000119
7719  15.376  -82.339  -9.436 0.3000000119
6289  17.207  -84.376  -8.410 0.2000000030
9143  11.684  -79.906  -4.208 0.1000000015
9132  11.746  -80.240  -3.298 0.1000000015
132097  10.614  -78.490  -5.947 0.1000000015
10810  10.235  -78.541  -6.380 0.1000000015
10812  8.297  -78.190  -6.803 0.1000000015
8475  13.957  -81.021  -6.858 0.1000000015
110484  13.390  -81.868  -8.552 0.1000000015
6936  16.046  -82.813  -7.289 0.1000000015
7710  15.957  -82.283  -8.755 0.2000000030
7702  14.931  -81.631  -8.527 0.2000000030
127836  14.041  -81.757  -8.761 0.1000000015
6943  16.913  -83.500  -8.786 0.3000000119
9925  11.977  -79.097  -3.746 0.1000000015
9942  11.496  -78.975  -5.266 0.1000000015
6001  -7.712  -84.713  18.845 0.3000000119
111271  -7.803  -84.548  18.008 0.3000000119
7284  -1.842  -82.456  24.265 0.1000000015
8014  -1.513  -81.276  24.502 0.1000000015
8772  -1.550  -80.888  24.827 0.1000000015
6620  -2.551  -82.496  22.575 0.1000000015
129890  -2.779  -81.869  22.047 0.1000000015
8786  -2.581  -81.050  23.584 0.2000000030
8051  -3.352  -81.581  21.999 0.2000000030
8068  -4.419  -81.693  21.418 0.2000000030
8774  -3.345  -80.774  24.505 0.3000000119
8032  -3.646  -81.336  22.885 0.3000000119
8053  -5.734  -81.187  22.328 0.4000000060
31232  17.702  -57.242  17.240 0.2000000030
126629  12.170  -82.605  -8.151 0.2000000030
7712  12.718  -82.305  -8.997 0.3000000119
7711  13.578  -82.196  -9.324 0.3000000119
113085  14.437  -82.155  -9.405 0.3000000119
10865  7.384  -78.261  -10.019 0.2000000030
116964  -4.289  -81.083  23.929 0.4000000060
32199  17.179  -56.839  16.514 0.2000000030
6634  -2.942  -82.498  21.857 0.2000000030
10843  6.738  -77.675  -9.180 0.1000000015
6944  16.437  -82.762  -8.292 0.1000000015
6290  16.716  -83.570  -7.962 0.2000000030
116023  13.315  -81.547  -7.046 0.1000000015
7694  12.628  -82.196  -6.633 0.1000000015
7298  -2.235  -81.779  22.958 0.1000000015
8031  -2.032  -81.366  23.367 0.1000000015
111875  -3.999  -80.034  27.233 0.2000000030
9491  -4.118  -79.243  28.852 0.1000000015
9502  -4.963  -79.263  26.630 0.1000000015
11129  -4.476  -77.682  30.836 0.1000000015
10316  -4.365  -78.566  28.836 0.2000000030
119190  -4.552  -76.757  30.968 0.1000000015
15744  -2.868  -72.371  29.681 0.1000000015
16657  -2.976  -72.001  28.917 0.1000000015
15754  -3.466  -72.897  28.972 0.2000000030
18707  3.787  -69.743  24.576 0.1000000015
18708  2.814  -69.634  24.831 0.1000000015
16655  -1.054  -71.137  28.398 0.1000000015
115693  3.720  -67.802  24.788 0.1000000015
19788  2.624  -68.582  25.389 0.1000000015
18710  0.897  -69.872  25.624 0.1000000015
18696  0.629  -69.862  26.238 0.1000000015
130217  -1.950  -71.244  27.900 0.1000000015
18701  -0.020  -70.478  25.764 0.1000000015
17632  -1.079  -70.903  26.884 0.2000000030
16662  -2.066  -71.494  27.809 0.1000000015
19787  3.323  -68.677  24.965 0.1000000015
19789  2.085  -68.648  25.773 0.1000000015
18706  4.755  -69.801  24.296 0.1000000015
31212  18.619  -58.045  18.460 0.2000000030
33031  14.609  -54.930  19.170 0.2000000030
130359  13.902  -54.875  18.321 0.2000000030
33048  12.831  -55.185  16.664 0.2000000030
33057  10.726  -55.134  15.650 0.2000000030
33858  16.404  -54.332  16.786 0.1000000015
34644  16.525  -53.325  17.913 0.1000000015
35508  14.415  -52.857  16.462 0.1000000015
34648  13.398  -54.108  17.256 0.2000000030
33049  11.246  -54.631  15.740 0.2000000030
34656  12.768  -54.026  16.417 0.1000000015
34657  11.697  -54.003  15.898 0.1000000015
17630  -0.516  -70.500  27.225 0.1000000015
19775  1.775  -68.625  26.045 0.1000000015
127422  1.155  -69.372  25.939 0.1000000015
20926  4.591  -66.516  24.269 0.1000000015
19786  4.336  -68.874  24.670 0.1000000015
10329  -4.418  -79.044  27.987 0.1000000015
11987  -4.306  -76.038  31.401 0.1000000015
15745  -3.234  -72.504  29.403 0.2000000030
15736  -3.090  -73.120  30.482 0.1000000015
30303  18.606  -58.566  16.964 0.2000000030
127016  10.681  -54.304  15.818 0.2000000030
33871  7.989  -54.224  15.738 0.1000000015
31248  18.250  -57.944  16.157 0.2000000030
34658  10.586  -53.865  15.895 0.1000000015
3190  17.335  -88.911  -3.728 0.3000000119
32200  16.756  -56.173  16.959 0.1000000015
33037  16.849  -55.137  17.673 0.2000000030
33851  16.860  -54.148  18.184 0.2000000030
33845  16.152  -54.148  19.066 0.2000000030
33040  13.262  -54.656  17.227 0.2000000030
115230  12.089  -55.004  15.870 0.2000000030
19781  1.429  -69.347  25.692 0.1000000015
121726  -1.930  -71.283  28.301 0.1000000015
17629  0.300  -70.597  27.398 0.1000000015
17618  -1.292  -70.915  27.663 0.1000000015
20909  3.088  -67.390  25.143 0.1000000015
18700  0.606  -69.855  25.992 0.1000000015
130784  -0.473  -70.518  26.687 0.1000000015
18688  0.625  -69.885  26.500 0.1000000015
17619  -1.449  -71.111  27.428 0.1000000015
33852  14.256  -53.803  18.730 0.1000000015
34646  14.868  -53.133  18.567 0.1000000015
33853  13.802  -54.213  18.157 0.1000000015
110477  12.318  -54.607  16.118 0.2000000030
34655  13.724  -53.472  16.926 0.1000000015
34654  14.774  -52.893  17.402 0.1000000015
35520  12.763  -53.270  15.036 0.1000000015
2675  16.305  -89.902  -2.746 0.3000000119
3168  17.666  -89.170  -2.374 0.1000000015
3169  17.292  -89.659  -1.967 0.3000000119
113853  17.971  -87.818  -1.760 0.1000000015
4261  18.124  -88.046  -2.549 0.1000000015
124192  17.072  -89.461  -2.748 0.2000000030
124308  17.775  -87.189  -0.976 0.1000000015
5528  19.215  -85.033  -0.692 0.1000000015
132441  17.705  -85.405  -0.658 0.1000000015
5513  17.505  -85.769  -0.391 0.1000000015
5542  19.723  -85.283  -2.171 0.1000000015
4262  17.422  -87.635  -2.344 0.1000000015
5541  20.823  -85.589  -1.997 0.1000000015
5527  20.097  -85.293  -1.004 0.1000000015
5540  21.520  -85.718  -2.836 0.1000000015
112917  22.529  -85.596  -2.446 0.1000000015
4931  16.199  -86.101  -5.679 0.2000000030
4932  15.183  -86.118  -5.085 0.2000000030
4919  15.045  -86.320  -4.365 0.1000000015
3707  18.109  -88.092  -3.207 0.2000000030
4885  17.634  -86.343  -0.367 0.1000000015
5526  21.764  -85.697  -1.720 0.1000000015
117184  20.973  -85.414  -0.725 0.1000000015
5511  18.966  -85.208  0.246 0.1000000015
114145  16.088  -86.581  -4.917 0.2000000030
5584  17.194  -85.340  -7.093 0.2000000030
129841  17.131  -86.523  -1.038 0.1000000015
4930  17.548  -86.705  -5.676 0.2000000030
4942  17.588  -86.094  -6.556 0.2000000030
4907  15.729  -86.777  -2.804 0.1000000015
4892  16.470  -86.364  -1.542 0.1000000015
4908  15.122  -86.254  -3.324 0.1000000015
5530  17.048  -85.665  -1.042 0.1000000015
3713  18.046  -88.234  -4.346 0.2000000030
4267  17.914  -87.793  -3.230 0.2000000030
4263  16.266  -86.957  -2.101 0.1000000015
3473  -6.057  -88.936  17.757 0.2000000030
4029  -7.614  -87.430  18.044 0.2000000030
4662  -8.078  -86.417  18.544 0.2000000030
4004  -6.780  -87.471  20.534 0.2000000030
4005  -7.421  -87.161  19.972 0.2000000030
112058  -7.729  -86.480  19.811 0.2000000030
5317  -7.915  -85.694  19.295 0.2000000030
5305  -6.964  -85.098  21.045 0.2000000030
5976  -4.702  -83.746  20.470 0.2000000030
5978  -7.186  -84.740  20.278 0.2000000030
8755  -3.952  -80.347  26.333 0.1000000015
15996  -5.023  -72.237  6.092 0.1000000015
15961  -5.649  -72.745  8.321 0.1000000015
15036  -5.901  -73.300  10.082 0.1000000015
25298  22.900  -64.412  21.322 0.1000000015
26309  23.053  -63.415  21.696 0.1000000015
26308  23.539  -62.721  20.990 0.1000000015
31231  18.080  -57.840  17.107 0.1000000015
32216  18.293  -56.648  15.527 0.1000000015
32217  17.487  -56.890  15.754 0.1000000015
6946  11.428  -83.135  -7.855 0.2000000030
25311  23.550  -63.976  19.926 0.1000000015
4268  16.673  -87.372  -2.995 0.1000000015
4018  -6.753  -87.866  19.396 0.2000000030
33046  16.714  -56.287  15.833 0.1000000015
1062  9.774  -94.283  0.458 0.2000000030
3141  10.731  -89.290  0.901 0.2000000030
2658  16.716  -89.851  -1.675 0.2000000030
6243  9.749  -84.123  -3.977 0.1000000015
6258  10.771  -84.401  -4.105 0.1000000015
6271  10.699  -84.450  -4.905 0.1000000015
6930  11.319  -83.944  -5.524 0.1000000015
10814  1.633  -77.896  -7.261 0.1000000015
7619  10.331  -83.130  -2.460 0.1000000015
6225  10.677  -84.079  -2.712 0.1000000015
6902  10.125  -83.805  -3.128 0.1000000015
6241  11.061  -84.367  -3.329 0.1000000015
132967  11.267  -84.265  -4.031 0.1000000015
6282  10.599  -84.258  -5.767 0.1000000015
6929  11.939  -83.121  -6.109 0.1000000015
6938  11.208  -83.702  -6.642 0.1000000015
6947  10.530  -83.743  -7.546 0.1000000015
9981  1.807  -79.032  -6.881 0.1000000015
18891  -4.621  -69.024  13.610 0.1000000015
19954  -4.482  -68.374  14.001 0.1000000015
18858  -4.715  -69.606  15.321 0.1000000015
17775  -4.339  -70.420  15.824 0.1000000015
113769  -4.165  -67.999  13.639 0.1000000015
19914  -4.493  -68.499  16.256 0.1000000015
125883  -4.650  -68.776  15.421 0.1000000015
18839  -4.622  -69.496  16.217 0.1000000015
21055  -4.347  -68.008  15.571 0.1000000015
124535  -4.190  -67.859  16.430 0.1000000015
21081  -4.156  -67.923  14.309 0.1000000015
131422  -2.767  -67.869  14.697 0.1000000015
19930  -2.079  -68.431  15.213 0.1000000015
21019  -3.989  -67.439  17.741 0.1000000015
19887  -4.512  -68.169  18.477 0.1000000015
21018  -3.267  -67.525  17.515 0.1000000015
21004  -4.374  -67.733  18.656 0.1000000015
126533  4.658  -57.371  14.281 0.1000000015
3140  15.789  -89.190  0.050 0.1000000015
111086  6.318  -55.414  14.606 0.1000000015
33062  5.631  -54.976  14.307 0.1000000015
33864  7.252  -53.584  15.657 0.1000000015
110212  5.948  -56.840  14.523 0.1000000015
6260  9.574  -84.244  -4.768 0.1000000015
3674  14.403  -88.319  0.419 0.2000000030
16807  -3.199  -71.904  16.020 0.1000000015
113380  -4.469  -68.774  17.936 0.1000000015
116056  -2.311  -68.268  17.115 0.1000000015
21033  -3.204  -67.687  16.439 0.1000000015
6916  11.831  -83.800  -4.057 0.1000000015
4224  13.201  -86.822  1.484 0.1000000015
3665  14.657  -88.019  1.224 0.1000000015
4238  13.781  -87.610  0.999 0.1000000015
4223  14.054  -87.271  1.812 0.1000000015
535  3.583  -95.628  21.704 0.1000000015
536  2.634  -95.710  21.801 0.1000000015
537  1.692  -95.739  21.532 0.1000000015
548  1.268  -95.126  20.932 0.1000000015
131751  -1.610  -95.765  19.500 0.1000000015
349  -2.798  -96.573  18.799 0.1000000015
229  -4.642  -97.235  15.425 0.1000000015
4206  11.308  -87.071  1.989 0.1000000015
4837  13.032  -86.436  2.799 0.1000000015
199  6.515  -97.296  20.570 0.1000000015
807  2.155  -94.975  21.228 0.1000000015
824  1.730  -94.454  20.563 0.1000000015
825  0.911  -94.646  20.273 0.1000000015
839  -0.325  -94.642  19.428 0.1000000015
221  -4.222  -96.934  16.155 0.1000000015
370  -4.866  -96.593  14.526 0.1000000015
377  -5.206  -95.627  14.028 0.1000000015
3121  11.648  -88.600  2.244 0.1000000015
3130  11.268  -88.899  1.519 0.1000000015
3666  10.976  -87.996  1.935 0.1000000015
3642  11.849  -87.711  3.200 0.1000000015
4185  12.235  -87.242  3.629 0.1000000015
586  -3.128  -95.509  15.389 0.1000000015
112455  -3.658  -96.308  16.177 0.1000000015
596  -3.876  -95.621  14.503 0.1000000015
369  -4.548  -96.555  15.050 0.1000000015
121445  -4.730  -95.976  14.286 0.1000000015
3129  12.116  -89.410  1.732 0.1000000015
113782  12.285  -92.395  -0.640 0.1000000015
3652  11.920  -88.358  3.000 0.1000000015
589  -6.930  -94.585  16.799 0.1000000015
2470  -7.745  -90.388  18.718 0.1000000015
2950  -6.708  -89.748  18.203 0.1000000015
2480  -8.257  -90.532  17.534 0.1000000015
2958  -6.537  -89.319  17.483 0.1000000015
2959  -7.230  -89.382  16.851 0.1000000015
2948  -5.544  -89.111  18.629 0.1000000015
3440  -4.493  -88.482  20.911 0.1000000015
3448  -4.719  -88.728  20.069 0.1000000015
3994  -4.937  -87.707  21.747 0.1000000015
4017  -5.606  -88.347  19.673 0.1000000015
3995  -6.402  -87.215  21.490 0.1000000015
4604  -7.207  -86.021  21.199 0.1000000015
4587  -5.724  -86.486  23.178 0.1000000015
4603  -6.826  -86.273  21.921 0.1000000015
4588  -6.542  -85.975  22.767 0.1000000015
5292  -6.889  -85.541  21.743 0.1000000015
122798  -6.693  -84.394  20.439 0.1000000015
5930  -6.680  -84.825  23.726 0.1000000015
5283  -6.685  -85.312  23.069 0.1000000015
5929  -6.346  -84.321  23.293 0.1000000015
5964  -6.593  -84.969  21.946 0.1000000015
5977  -5.769  -84.183  20.535 0.1000000015
5946  -5.080  -84.260  21.829 0.1000000015
5928  -5.197  -84.037  22.800 0.1000000015
6622  -4.023  -83.921  22.026 0.1000000015
115229  -3.877  -83.750  22.916 0.1000000015
6635  -3.486  -83.146  21.388 0.1000000015
6603  -2.887  -83.357  23.305 0.1000000015
18822  11.303  -69.201  17.496 0.1000000015
18809  8.878  -68.655  17.859 0.1000000015
19909  13.620  -68.325  16.786 0.1000000015
2643  12.578  -90.190  1.173 0.1000000015
2222  13.036  -91.088  0.603 0.1000000015
1441  13.701  -93.256  0.087 0.1000000015
126678  11.228  -94.390  1.049 0.1000000015
18821  12.649  -68.694  16.854 0.1000000015
19908  14.362  -67.933  16.758 0.1000000015
1061  10.625  -94.333  0.356 0.1000000015
1818  13.600  -92.881  -0.247 0.1000000015
1051  12.065  -94.469  0.820 0.1000000015
2226  12.473  -91.753  -0.166 0.1000000015
356  -3.706  -96.720  17.046 0.1000000015
1422  9.862  -91.975  2.766 0.1000000015
1432  10.135  -92.872  2.028 0.1000000015
3462  -5.710  -88.706  18.652 0.1000000015
128918  -6.449  -84.687  21.112 0.1000000015
21011  13.211  -67.122  16.869 0.1000000015
21027  12.938  -67.794  16.768 0.1000000015
2  0.564  -98.586  21.202 0.6999999881
3  -0.205  -98.531  20.796 0.6999999881
6  4.217  -99.062  20.034 0.6999999881
7  3.512  -99.055  20.417 0.6999999881
8  2.654  -99.089  20.302 0.6999999881
9  1.885  -98.967  20.250 0.6999999881
12  -1.489  -98.573  19.849 0.6000000238
17  1.896  -98.741  19.773 0.8000000119
18  1.029  -98.414  19.964 0.8000000119
19  -0.570  -98.672  19.683 0.6999999881
20  -1.542  -98.643  19.313 0.6000000238
24  3.134  -99.263  19.001 0.6999999881
28  0.055  -98.458  19.588 0.8000000119
29  -1.442  -98.673  18.600 0.6999999881
30  -1.952  -98.524  18.724 0.6000000238
31  -2.347  -98.291  18.212 0.6000000238
32  5.713  -98.779  17.604 0.6999999881
34  4.443  -99.236  17.014 0.8000000119
35  3.702  -99.314  17.645 0.8000000119
40  -2.630  -98.296  17.525 0.6000000238
44  2.536  -99.096  16.957 0.8000000119
45  2.429  -98.617  17.814 0.8000000119
47  -2.211  -98.545  17.188 0.6000000238
48  -2.909  -98.433  16.700 0.6999999881
52  3.342  -99.202  15.750 0.8999999762
55  -1.908  -98.739  16.091 0.6999999881
56  -2.698  -98.647  16.009 0.6999999881
57  -3.524  -98.327  16.001 0.5000000000
59  4.961  -98.952  14.219 0.8000000119
60  4.261  -99.103  14.789 0.8999999762
63  1.856  -98.773  15.196 0.8999999762
64  5.690  -98.470  13.843 0.4000000060
67  3.439  -99.020  13.573 0.8999999762
70  4.951  -98.552  12.875 0.4000000060
76  4.020  -97.743  21.952 0.4000000060
77  3.452  -98.102  22.000 0.8000000119
78  2.700  -98.212  22.115 0.8000000119
79  1.731  -98.276  22.055 0.8000000119
80  0.958  -98.085  22.012 0.5000000000
82  4.948  -98.259  21.090 0.5000000000
86  1.448  -98.669  21.442 0.8000000119
88  -0.305  -98.185  21.236 0.6000000238
89  -0.940  -98.340  20.690 0.6000000238
92  4.241  -98.710  20.794 0.6999999881
94  -1.365  -98.448  20.195 0.6000000238
95  -2.109  -98.172  19.941 0.6000000238
100  -2.887  -98.014  18.831 0.5000000000
101  5.299  -98.977  18.907 0.6999999881
102  -2.399  -98.238  18.755 0.5000000000
109  -3.404  -98.039  17.128 0.5000000000
110  -3.912  -97.756  16.934 0.3000000119
115  -0.445  -98.186  17.077 0.8000000119
116  -1.097  -98.616  16.385 0.8000000119
117  -4.036  -97.973  16.380 0.2000000030
118  -4.246  -97.590  16.281 0.2000000030
120  6.820  -98.197  15.724 0.3000000119
121  2.373  -98.001  16.711 0.8999999762
127  -4.534  -97.902  15.292 0.6000000238
135  -3.709  -98.267  14.504 0.6000000238
136  -4.503  -98.045  14.753 0.6000000238
137  6.938  -98.085  14.177 0.3000000119
139  5.692  -98.361  13.076 0.4000000060
141  -1.848  -98.144  13.834 0.8000000119
142  -2.627  -98.080  13.450 0.8000000119
143  -3.424  -98.099  13.674 0.6999999881
144  -4.802  -97.682  14.330 0.6000000238
149  1.271  -98.118  12.445 0.8999999762
154  5.670  -98.126  11.713 0.3000000119
155  4.155  -98.375  11.194 0.4000000060
157  2.286  -98.373  11.465 0.6999999881
158  1.351  -98.108  11.587 0.8000000119
167  3.465  -98.126  9.736 0.5000000000
173  2.646  -98.022  8.474 0.5000000000
174  1.208  -97.889  8.408 0.6999999881
176  3.588  -97.373  7.458 0.4000000060
177  3.254  -97.755  7.959 0.5000000000
179  1.697  -97.841  7.712 0.5000000000
181  3.600  -96.868  6.482 0.3000000119
184  0.515  -97.093  7.081 0.6999999881
185  3.068  -96.990  5.994 0.3000000119
186  2.762  -96.992  5.808 0.5000000000
192  0.980  -97.473  22.058 0.5000000000
193  5.700  -97.707  21.071 0.4000000060
195  0.296  -97.378  21.713 0.3000000119
196  -0.291  -97.645  21.415 0.3000000119
203  7.464  -97.156  19.343 0.2000000030
205  -2.894  -97.917  19.121 0.5000000000
208  3.223  -96.870  18.699 1.0000000000
209  2.898  -97.031  18.958 0.8999999762
212  7.670  -97.305  18.040 0.2000000030
213  3.267  -97.103  18.584 0.8999999762
216  -3.967  -97.385  17.042 0.3000000119
219  0.564  -97.148  17.385 1.0000000000
220  0.016  -97.761  16.860 0.8999999762
222  8.069  -97.445  15.688 0.2000000030
223  7.836  -97.659  14.985 0.2000000030
227  0.542  -96.790  16.380 1.0000000000
230  -4.921  -97.344  14.961 0.1000000015
232  7.561  -97.718  14.298 0.2000000030
236  -4.994  -97.296  14.471 0.4000000060
241  -1.245  -97.643  13.217 0.8999999762
242  -4.523  -97.504  13.588 0.6000000238
248  6.699  -97.525  12.309 0.1000000015
250  -1.531  -97.341  12.460 0.8999999762
252  -4.783  -96.850  13.114 0.6999999881
257  5.770  -97.811  11.090 0.2000000030
258  0.737  -97.303  11.977 0.8999999762
268  5.730  -97.207  10.689 0.1000000015
269  4.862  -97.857  10.113 0.3000000119
272  -3.305  -96.453  11.001 0.8999999762
280  0.067  -97.363  9.322 0.8999999762
281  -0.187  -96.902  9.077 0.8999999762
284  8.051  -97.039  8.154 0.1000000015
288  9.066  -96.957  7.654 0.1000000015
292  3.831  -97.247  7.459 0.4000000060
293  0.053  -97.137  7.805 0.6000000238
295  7.575  -96.837  6.514 0.1000000015
298  3.730  -97.007  6.900 0.3000000119
302  8.931  -96.587  5.871 0.1000000015
304  7.020  -96.669  5.318 0.2000000030
305  6.504  -96.492  5.112 0.2000000030
308  1.707  -96.950  5.754 0.6000000238
309  0.721  -96.662  5.783 0.6000000238
310  -0.003  -96.306  5.717 0.6000000238
314  4.422  -96.292  4.973 0.3000000119
315  3.818  -96.523  5.078 0.4000000060
319  7.137  -96.398  4.205 0.3000000119
321  5.691  -96.206  3.735 0.3000000119
325  3.845  -97.252  22.112 0.3000000119
326  3.289  -96.920  22.221 0.3000000119
329  6.173  -97.008  21.181 0.1000000015
330  4.562  -97.239  21.885 0.6000000238
332  2.031  -96.308  22.037 0.1000000015
333  1.325  -96.544  21.865 0.3000000119
334  -0.020  -96.702  21.252 0.3000000119
338  -0.599  -96.302  20.598 0.2000000030
339  -1.318  -96.793  20.407 0.2000000030
340  -1.944  -97.343  20.173 0.2000000030
342  7.709  -96.652  19.628 0.1000000015
344  -2.412  -96.957  19.513 0.2000000030
345  -2.915  -97.427  19.077 0.2000000030
347  8.582  -96.279  18.124 0.1000000015
350  -3.207  -97.057  18.446 0.4000000060
352  2.925  -96.056  18.154 1.0000000000
353  2.224  -96.409  18.393 1.0000000000
354  1.571  -96.716  18.310 1.0000000000
355  -3.228  -96.336  17.902 0.1000000015
357  9.234  -95.966  16.672 0.1000000015
360  1.692  -96.243  17.732 1.0000000000
362  -3.884  -96.251  15.411 0.1000000015
363  9.039  -96.324  16.008 0.1000000015
368  0.235  -96.871  15.327 0.8999999762
373  3.867  -96.350  15.413 1.0000000000
376  0.076  -96.535  14.332 0.8999999762
385  7.661  -96.730  13.439 0.1000000015
387  2.369  -96.520  13.909 0.8999999762
388  1.557  -97.011  13.570 0.8999999762
390  -5.272  -96.333  13.373 0.6999999881
399  6.924  -96.702  12.207 0.1000000015
403  -1.164  -96.577  12.117 0.8999999762
412  0.977  -96.525  11.757 0.8999999762
415  -4.386  -96.117  11.470 0.8000000119
416  -5.009  -96.078  11.970 0.6999999881
417  -5.449  -95.420  11.710 0.8000000119
422  5.642  -96.385  10.214 0.1000000015
424  0.326  -96.833  10.378 0.8999999762
426  -2.325  -96.497  10.716 1.0000000000
434  7.935  -96.759  9.048 0.1000000015
436  -0.038  -96.860  9.693 0.8999999762
437  -2.884  -96.258  9.885 1.0000000000
439  -3.857  -95.835  9.833 1.0000000000
446  -0.188  -96.533  8.540 0.8999999762
447  -4.070  -95.640  9.029 1.0000000000
456  9.445  -96.459  6.317 0.1000000015
463  8.721  -96.246  4.535 0.2000000030
464  7.913  -96.365  4.432 0.3000000119
468  8.277  -96.074  3.829 0.3000000119
470  6.183  -96.122  3.217 0.3000000119
472  4.926  -96.001  3.730 0.3000000119
476  0.061  -95.481  4.209 0.6000000238
478  5.787  -95.876  2.867 0.4000000060
479  4.887  -95.817  2.964 0.4000000060
528  3.249  -96.226  22.057 0.1000000015
534  4.477  -95.752  21.471 0.1000000015
556  -1.060  -95.246  19.520 0.2000000030
557  -2.218  -96.061  19.207 0.1000000015
562  8.937  -95.678  18.068 0.1000000015
564  3.287  -96.515  18.419 1.0000000000
565  -1.794  -95.186  18.873 0.1000000015
570  4.370  -95.839  17.504 1.0000000000
578  -7.264  -94.723  17.514 0.1000000015
582  3.469  -95.494  17.479 1.0000000000
587  -6.012  -94.679  15.494 0.1000000015
591  8.988  -95.795  15.230 0.1000000015
592  5.565  -94.863  15.926 1.0000000000
598  -5.399  -95.414  14.358 0.2000000030
607  5.212  -95.171  15.242 1.0000000000
611  -0.070  -96.014  13.571 1.0000000000
614  -6.194  -94.901  14.528 0.2000000030
622  8.210  -95.440  13.759 0.1000000015
625  3.801  -95.463  13.798 1.0000000000
629  -6.240  -94.994  13.304 0.5000000000
633  7.392  -95.294  12.503 0.1000000015
637  1.654  -96.073  12.272 0.8999999762
639  -6.055  -95.297  12.533 0.6000000238
643  6.899  -95.334  11.696 0.1000000015
647  -0.934  -95.013  11.651 1.0000000000
648  -1.285  -95.816  11.567 1.0000000000
659  -2.209  -95.965  10.078 1.0000000000
665  4.821  -95.821  8.722 0.1000000015
667  0.657  -95.509  9.282 0.8999999762
668  -1.999  -95.329  9.649 1.0000000000
670  -3.151  -95.897  9.035 1.0000000000
671  -4.966  -95.168  9.747 1.0000000000
679  0.124  -95.774  8.615 0.8999999762
683  -4.230  -95.150  8.287 1.0000000000
684  -4.916  -94.872  8.415 1.0000000000
689  6.754  -95.022  7.198 0.1000000015
694  -3.872  -95.014  7.758 1.0000000000
695  -4.603  -94.626  7.986 1.0000000000
696  -5.313  -94.290  8.057 1.0000000000
698  10.131  -95.366  6.688 0.1000000015
699  5.538  -95.322  5.830 0.1000000015
700  5.025  -95.122  5.998 0.2000000030
701  4.727  -95.025  6.566 0.1000000015
704  9.958  -95.583  5.836 0.1000000015
706  -0.676  -95.150  5.400 0.6999999881
708  10.012  -94.468  5.555 0.1000000015
714  8.000  -95.087  3.049 0.4000000060
715  1.750  -95.453  3.655 0.5000000000
721  4.155  -94.909  2.891 0.4000000060
722  3.286  -94.947  2.918 0.5000000000
826  0.234  -94.814  20.036 0.1000000015
838  0.513  -94.293  19.628 0.1000000015
860  4.139  -95.459  17.465 1.0000000000
873  4.023  -94.916  17.001 1.0000000000
874  3.106  -95.001  16.661 1.0000000000
887  8.967  -95.055  14.705 0.1000000015
888  5.606  -94.217  15.980 1.0000000000
890  2.646  -94.609  15.714 1.0000000000
896  -7.149  -94.074  15.378 0.3000000119
904  5.604  -94.399  15.364 1.0000000000
906  2.197  -94.268  14.871 1.0000000000
910  -6.383  -94.625  14.045 0.3000000119
916  7.984  -94.816  13.217 0.1000000015
918  4.966  -94.328  13.914 1.0000000000
920  0.960  -94.322  13.725 1.0000000000
930  2.937  -94.926  12.069 1.0000000000
943  -1.096  -94.641  10.998 1.0000000000
944  -6.447  -93.978  11.551 0.8999999762
948  2.504  -94.474  10.607 1.0000000000
950  -1.204  -94.330  10.297 1.0000000000
960  1.357  -94.910  9.659 0.8999999762
962  -2.158  -95.088  8.953 1.0000000000
963  -5.814  -94.567  9.159 1.0000000000
974  0.190  -95.238  8.009 0.8999999762
977  -5.922  -94.229  8.277 1.0000000000
986  10.721  -93.813  7.723 0.1000000015
988  6.044  -94.309  6.632 0.1000000015
991  0.982  -93.889  7.608 0.8999999762
993  -3.049  -94.331  7.190 1.0000000000
994  -3.658  -94.662  7.439 1.0000000000
995  -4.263  -94.599  7.707 1.0000000000
997  -5.796  -93.891  7.679 1.0000000000
1000  15.401  -94.723  6.512 0.1000000015
1006  5.291  -94.484  6.626 0.1000000015
1008  -0.148  -94.742  6.730 0.8999999762
1009  -0.483  -95.334  6.235 0.8000000119
1011  -3.442  -94.211  7.285 1.0000000000
1013  -4.838  -94.019  7.723 1.0000000000
1014  -5.665  -93.862  7.653 1.0000000000
1018  13.663  -94.814  5.367 0.1000000015
1019  10.491  -93.499  6.203 0.1000000015
1026  13.070  -94.498  5.160 0.1000000015
1033  11.936  -93.721  3.429 0.1000000015
1035  7.393  -94.209  2.997 0.4000000060
1037  -0.431  -94.585  3.793 0.6999999881
1052  10.401  -94.048  1.137 0.1000000015
1057  0.055  -93.430  1.575 0.8000000119
1059  12.207  -94.007  0.072 0.1000000015
1060  11.435  -94.290  0.319 0.1000000015
1071  0.957  -94.093  1.005 0.8000000119
1072  0.410  -93.727  1.332 0.8000000119
1074  10.875  -94.131  -0.200 0.2000000030
1077  7.800  -94.472  -0.459 0.5000000000
1081  3.865  -94.240  -0.201 0.8000000119
1082  2.990  -94.151  -0.200 0.8000000119
1086  9.648  -93.889  -0.951 0.4000000060
1087  8.985  -94.121  -1.146 0.4000000060
1091  4.171  -93.709  -0.787 0.8999999762
1092  3.052  -93.603  -0.764 0.8999999762
1238  -7.762  -94.087  17.562 0.1000000015
1239  -8.122  -93.571  16.938 0.2000000030
1247  5.217  -94.297  16.408 1.0000000000
1248  4.563  -94.315  16.453 1.0000000000
1257  5.535  -93.459  15.563 1.0000000000
1258  5.061  -93.585  15.954 1.0000000000
1265  -7.742  -93.675  15.300 0.3000000119
1275  2.542  -93.493  14.587 1.0000000000
1286  5.205  -93.541  13.662 1.0000000000
1287  2.088  -93.140  13.839 1.0000000000
1289  0.690  -93.878  13.145 1.0000000000
1290  -7.369  -92.907  13.637 0.5000000000
1299  3.986  -93.856  12.196 1.0000000000
1302  -6.835  -93.182  12.974 0.5000000000
1315  -7.679  -92.617  11.011 0.6999999881
1324  -0.468  -93.432  10.714 1.0000000000
1325  -0.784  -93.703  10.174 1.0000000000
1327  -7.822  -92.568  10.220 1.0000000000
1339  -7.445  -92.744  9.583 1.0000000000
1349  2.121  -93.256  8.496 0.8999999762
1352  -1.100  -93.758  8.657 1.0000000000
1353  -1.681  -93.991  7.731 1.0000000000
1354  -6.931  -93.014  8.809 1.0000000000
1362  11.921  -93.400  7.574 0.1000000015
1369  -6.012  -93.109  8.026 1.0000000000
1375  11.510  -92.965  6.922 0.1000000015
1379  -2.911  -93.640  7.134 1.0000000000
1382  -5.349  -93.695  7.633 1.0000000000
1389  11.073  -92.824  6.239 0.1000000015
1392  -2.649  -92.954  7.018 1.0000000000
1400  9.762  -92.533  4.399 0.2000000030
1401  -0.033  -93.537  4.587 0.8999999762
1402  -0.496  -94.057  4.174 0.8000000119
1408  12.125  -93.609  4.316 0.1000000015
1412  8.844  -92.863  3.887 0.4000000060
1414  6.281  -92.788  3.047 0.4000000060
1423  5.712  -92.962  2.972 0.4000000060
1426  3.387  -93.861  2.155 0.6000000238
1427  -0.109  -93.604  2.340 0.8000000119
1445  3.723  -94.139  1.139 0.6000000238
1447  0.235  -93.257  0.935 0.8000000119
1451  1.784  -93.608  -0.367 0.8000000119
1452  1.114  -93.305  -0.019 0.8000000119
1454  10.409  -92.760  -1.113 0.3000000119
1459  6.071  -93.837  -1.480 0.6000000238
1461  4.341  -93.280  -1.370 0.8999999762
1463  2.810  -93.206  -1.156 0.8000000119
1464  2.222  -93.125  -0.959 0.8000000119
1467  9.444  -92.942  -1.532 0.5000000000
1469  7.174  -93.234  -1.913 0.5000000000
1473  3.107  -92.768  -1.585 1.0000000000
1665  -8.278  -92.891  16.367 0.2000000030
1671  5.296  -92.728  15.381 1.0000000000
1674  -8.478  -92.207  15.851 0.3000000119
1689  1.614  -92.734  13.186 1.0000000000
1690  -8.027  -92.356  13.386 0.3000000119
1701  1.306  -92.378  12.481 1.0000000000
1708  4.203  -92.528  11.573 1.0000000000
1709  3.782  -92.933  11.120 1.0000000000
1710  1.103  -92.172  11.719 1.0000000000
1711  0.550  -92.599  11.534 1.0000000000
1718  0.349  -92.388  10.003 1.0000000000
1720  -8.209  -92.057  10.572 0.6999999881
1730  3.240  -92.349  9.417 1.0000000000
1732  0.269  -92.305  8.929 1.0000000000
1752  -7.272  -92.136  8.421 1.0000000000
1759  -0.604  -92.488  6.973 1.0000000000
1761  -4.811  -92.963  7.651 1.0000000000
1762  -5.522  -92.957  7.844 1.0000000000
1763  -6.195  -92.673  8.230 1.0000000000
1770  1.769  -92.775  6.114 0.8999999762
1773  -2.330  -93.066  6.836 1.0000000000
1775  -4.209  -92.892  7.381 1.0000000000
1781  2.897  -91.976  5.919 0.8999999762
1783  1.407  -92.852  5.663 0.8999999762
1784  0.602  -93.291  5.295 0.8999999762
1785  -2.182  -92.387  6.678 1.0000000000
1786  -2.801  -92.504  7.045 1.0000000000
1790  2.042  -92.164  4.758 0.8999999762
1797  8.653  -91.976  3.374 0.4000000060
1798  7.561  -92.010  3.113 0.4000000060
1799  6.724  -92.402  2.876 0.4000000060
1803  8.987  -91.707  2.837 0.3000000119
1806  6.455  -92.409  2.414 0.5000000000
1807  5.793  -92.701  2.265 0.5000000000
1812  7.720  -91.922  2.196 0.4000000060
1815  0.327  -92.318  1.648 0.8000000119
1816  -0.082  -92.970  1.803 0.8000000119
1819  0.270  -92.876  0.735 0.8000000119
1820  12.471  -92.821  -0.662 0.1000000015
1822  1.154  -92.056  -0.339 0.8000000119
1823  0.702  -92.569  0.281 0.8000000119
1824  10.885  -92.362  -1.067 0.4000000060
1832  1.545  -92.160  -1.032 0.8999999762
1835  5.591  -92.720  -2.006 0.8999999762
1839  2.444  -92.099  -1.784 1.0000000000
1840  2.039  -91.976  -1.589 1.0000000000
1842  2.690  -91.519  -2.293 1.0000000000
2050  -8.401  -91.690  17.370 0.2000000030
2062  -8.488  -91.297  16.912 0.3000000119
2067  5.514  -91.951  14.966 1.0000000000
2076  4.265  -91.457  14.567 1.0000000000
2078  -8.533  -91.610  14.485 0.2000000030
2079  -8.594  -91.033  13.969 0.3000000119
2085  5.746  -91.021  14.164 1.0000000000
2086  3.765  -91.074  14.067 1.0000000000
2089  -8.483  -91.153  13.158 0.4000000060
2098  1.729  -91.710  12.121 1.0000000000
2100  -8.223  -91.725  12.995 0.4000000060
2109  4.630  -91.777  11.784 1.0000000000
2116  -8.596  -90.933  11.597 0.6000000238
2125  3.791  -91.766  9.953 1.0000000000
2127  -3.528  -91.546  10.978 1.0000000000
2128  -4.346  -91.759  10.824 1.0000000000
2129  -5.104  -91.630  10.535 1.0000000000
2131  -8.603  -90.622  9.919 1.0000000000
2151  -8.233  -90.708  8.803 1.0000000000
2160  0.047  -92.325  7.825 1.0000000000
2162  -7.775  -91.454  7.992 1.0000000000
2163  -8.156  -91.050  7.979 1.0000000000
2173  -7.421  -91.311  7.965 1.0000000000
2174  -7.833  -90.857  7.883 1.0000000000
2176  4.068  -91.118  6.720 0.8999999762
2177  3.561  -91.567  6.264 0.8999999762
2182  -3.537  -92.290  7.281 1.0000000000
2188  -0.971  -91.032  5.948 1.0000000000
2189  -1.992  -91.452  6.368 1.0000000000
2190  -2.493  -91.904  6.810 1.0000000000
2197  4.083  -91.102  4.929 0.8999999762
2199  2.606  -91.639  4.328 0.8999999762
2200  1.754  -91.913  4.032 0.8999999762
2210  0.522  -92.290  2.989 0.8000000119
2223  1.073  -91.614  1.443 0.8000000119
2224  0.192  -92.673  1.114 0.8000000119
2230  12.960  -92.631  -0.456 0.1000000015
2235  10.597  -91.951  -1.239 0.4000000060
2239  5.938  -91.075  -1.725 0.6000000238
2240  5.338  -91.290  -2.117 0.6000000238
2242  3.928  -91.366  -2.582 1.0000000000
2245  1.852  -91.499  -1.632 1.0000000000
2246  8.938  -90.853  -4.327 0.8000000119
2254  10.233  -90.040  -4.753 0.8000000119
2262  3.393  -90.638  -3.819 1.0000000000
2264  8.032  -90.552  -5.067 0.8999999762
2471  -8.136  -90.578  18.233 0.1000000015
2479  -7.681  -89.989  17.707 0.1000000015
2496  -8.580  -90.105  14.954 0.3000000119
2501  5.164  -90.089  14.488 1.0000000000
2503  -3.452  -90.257  13.926 1.0000000000
2505  -8.659  -90.341  14.185 0.3000000119
2513  5.602  -90.252  14.208 1.0000000000
2514  3.682  -90.506  13.704 1.0000000000
2517  -3.866  -90.802  13.212 1.0000000000
2527  3.570  -89.882  13.255 1.0000000000
2530  -4.703  -90.610  12.983 1.0000000000
2531  -5.270  -90.389  12.375 1.0000000000
2538  5.449  -90.352  12.244 1.0000000000
2541  -2.617  -90.685  11.879 1.0000000000
2542  -3.408  -91.213  11.748 1.0000000000
2544  -5.490  -90.611  11.571 1.0000000000
2545  -8.826  -90.274  11.635 0.5000000000
2557  4.748  -90.657  10.748 1.0000000000
2558  2.099  -90.425  10.512 1.0000000000
2561  -5.814  -91.104  9.933 1.0000000000
2562  -8.677  -89.989  10.302 0.8000000119
2573  1.782  -90.705  9.594 1.0000000000
2574  -2.467  -90.771  9.559 1.0000000000
2577  -7.987  -90.319  8.935 1.0000000000
2580  4.406  -90.786  8.079 1.0000000000
2581  1.648  -90.676  8.586 1.0000000000
2582  -2.901  -91.062  8.847 1.0000000000
2584  -5.913  -91.524  9.003 1.0000000000
2585  -6.944  -90.969  8.336 1.0000000000
2586  -7.691  -90.367  8.103 1.0000000000
2590  5.181  -90.418  7.117 1.0000000000
2591  4.535  -90.803  7.281 1.0000000000
2592  1.542  -90.719  7.611 1.0000000000
2594  -3.073  -91.577  7.094 1.0000000000
2601  5.495  -90.328  6.365 1.0000000000
2614  5.686  -90.091  5.581 1.0000000000
2618  -0.218  -90.288  5.449 1.0000000000
2625  5.190  -90.373  4.933 0.8999999762
2628  0.241  -89.908  4.964 1.0000000000
2632  4.412  -90.351  3.678 0.8999999762
2641  1.870  -90.989  1.839 0.8999999762
2644  11.666  -89.785  1.015 0.2000000030
2645  3.236  -90.150  1.840 1.0000000000
2646  2.546  -90.528  1.372 0.8999999762
2652  16.936  -89.818  -1.126 0.2000000030
2657  1.610  -90.820  -0.653 1.0000000000
2659  16.226  -89.943  -1.640 0.3000000119
2663  7.222  -90.126  -1.339 0.5000000000
2666  16.663  -89.882  -2.195 0.3000000119
2669  14.584  -89.970  -2.299 0.5000000000
2686  2.381  -90.349  -3.252 1.0000000000
2688  15.988  -89.768  -3.375 0.5000000000
2692  11.982  -89.486  -3.967 0.6999999881
2695  5.358  -90.507  -4.692 0.8999999762
2697  2.438  -90.150  -3.831 1.0000000000
2702  10.989  -89.869  -5.046 0.8999999762
2704  9.094  -90.377  -5.088 0.8999999762
2706  6.765  -90.325  -5.018 0.8999999762
2707  6.110  -90.178  -5.058 0.8999999762
2708  9.107  -89.901  -5.377 0.8999999762
2949  -5.962  -89.298  18.058 0.1000000015
2965  -7.607  -89.229  16.202 0.5000000000
2976  -8.223  -88.998  15.172 0.4000000060
2984  4.722  -89.413  14.206 1.0000000000
2987  -3.449  -89.782  14.630 1.0000000000
2990  -8.626  -89.600  14.240 0.4000000060
3002  -5.120  -89.089  13.417 1.0000000000
3010  5.769  -89.801  12.793 1.0000000000
3012  -1.843  -89.696  12.654 1.0000000000
3013  -2.509  -90.335  12.622 1.0000000000
3015  -8.869  -89.946  12.927 0.4000000060
3025  3.154  -89.011  11.978 1.0000000000
3026  3.058  -89.863  12.275 1.0000000000
3028  -2.027  -89.992  11.951 1.0000000000
3030  -8.932  -89.615  11.554 0.8000000119
3045  -6.416  -89.429  10.366 1.0000000000
3046  -8.687  -89.404  10.735 0.6999999881
3051  5.448  -89.740  10.073 1.0000000000
3054  -1.406  -89.627  10.059 1.0000000000
3058  -8.045  -89.709  9.396 0.8999999762
3059  -8.342  -89.402  10.065 1.0000000000
3064  2.293  -89.475  9.073 1.0000000000
3069  -7.816  -89.927  9.251 0.8999999762
3070  -7.822  -90.300  9.024 0.8999999762
3074  5.464  -90.011  7.774 1.0000000000
3087  2.321  -89.517  5.680 1.0000000000
3104  6.420  -89.361  4.825 1.0000000000
3107  1.448  -89.459  4.698 1.0000000000
3120  12.424  -89.092  2.513 0.1000000015
3124  3.855  -89.847  2.202 1.0000000000
3132  4.170  -89.235  1.793 1.0000000000
3147  2.017  -90.264  -0.339 1.0000000000
3155  8.558  -89.283  -0.924 0.5000000000
3156  2.296  -89.660  -0.826 1.0000000000
3160  14.716  -90.019  -1.850 0.4000000060
3163  8.183  -89.344  -1.345 0.5000000000
3167  1.925  -89.868  -1.604 1.0000000000
3171  12.292  -89.550  -2.645 0.6999999881
3176  7.272  -89.556  -1.977 0.5000000000
3177  6.588  -90.000  -2.343 0.6999999881
3178  2.104  -89.541  -2.375 1.0000000000
3180  17.726  -88.721  -3.039 0.2000000030
3182  11.956  -89.685  -3.295 0.6999999881
3184  10.487  -89.536  -3.522 0.6000000238
3191  16.501  -89.330  -4.001 0.4000000060
3194  3.643  -90.043  -4.469 1.0000000000
3198  14.371  -89.311  -4.792 0.6999999881
3204  7.650  -89.790  -5.484 0.8999999762
3210  11.276  -89.065  -5.662 0.8999999762
3461  -5.008  -88.962  19.262 0.1000000015
3478  -2.819  -88.087  17.210 1.0000000000
3479  -6.672  -88.846  17.038 0.2000000030
3485  -3.140  -88.427  16.672 1.0000000000
3497  -3.167  -88.888  15.993 1.0000000000
3498  -3.957  -88.717  15.576 1.0000000000
3499  -8.016  -88.032  15.166 0.6000000238
3509  -3.817  -89.365  15.073 1.0000000000
3510  -4.437  -88.896  14.762 1.0000000000
3520  5.383  -88.906  14.010 1.0000000000
3522  4.216  -88.585  13.608 1.0000000000
3527  -8.826  -88.573  13.068 0.6000000238
3528  -8.833  -89.359  13.382 0.6000000238
3532  5.939  -89.152  12.727 1.0000000000
3536  -5.547  -88.881  12.618 1.0000000000
3548  6.564  -88.415  11.809 1.0000000000
3551  -0.341  -87.919  11.548 1.0000000000
3564  6.244  -88.780  10.967 1.0000000000
3569  -6.145  -88.748  11.054 1.0000000000
3571  -8.299  -87.556  10.170 0.8000000119
3572  -8.313  -88.604  10.342 0.8999999762
3579  2.600  -88.815  9.946 1.0000000000
3582  -7.462  -88.489  9.900 1.0000000000
3585  7.002  -88.504  9.131 1.0000000000
3587  2.799  -88.078  9.171 1.0000000000
3588  2.683  -88.364  8.394 1.0000000000
3590  -0.917  -88.861  8.179 1.0000000000
3591  -7.692  -89.088  9.624 1.0000000000
3600  6.960  -89.024  7.494 1.0000000000
3602  3.080  -87.839  7.675 1.0000000000
3612  6.975  -89.224  6.094 1.0000000000
3617  -0.424  -88.864  6.506 1.0000000000
3621  6.934  -89.116  5.227 1.0000000000
3624  0.743  -87.745  5.138 1.0000000000
3625  0.407  -88.627  5.350 1.0000000000
3629  6.774  -88.895  4.470 1.0000000000
3632  2.734  -88.583  3.948 1.0000000000
3646  1.092  -88.138  3.542 1.0000000000
3653  11.478  -87.773  2.589 0.1000000015
3667  10.641  -87.490  1.349 0.1000000015
3677  9.437  -88.247  0.106 0.5000000000
3684  14.191  -88.671  -0.386 0.3000000119
3687  9.301  -88.346  -0.743 0.5000000000
3697  3.968  -87.943  -1.421 1.0000000000
3699  18.020  -88.546  -2.453 0.1000000015
3702  9.696  -88.441  -1.973 0.5000000000
3705  3.197  -88.612  -3.053 1.0000000000
3708  18.046  -88.280  -3.698 0.2000000030
3712  18.198  -87.881  -3.894 0.2000000030
3724  6.212  -89.443  -5.316 0.8999999762
3729  13.549  -88.393  -6.171 0.8000000119
3732  10.950  -88.264  -6.233 0.8999999762
3983  -6.053  -86.852  22.378 0.1000000015
4003  -5.461  -88.004  20.726 0.1000000015
4028  -6.719  -88.170  18.292 0.3000000119
4033  -2.509  -87.697  17.902 1.0000000000
4042  -2.039  -87.925  17.210 1.0000000000
4043  -3.438  -87.856  16.942 1.0000000000
4044  -3.958  -87.453  16.465 1.0000000000
4045  -7.739  -87.342  16.676 0.4000000060
4059  -8.116  -86.990  15.227 0.6000000238
4071  4.840  -87.248  13.734 1.0000000000
4075  -5.057  -87.715  13.577 1.0000000000
4078  6.758  -87.819  12.658 1.0000000000
4079  4.235  -87.085  13.347 1.0000000000
4083  -5.206  -87.102  13.224 1.0000000000
4084  -5.574  -87.243  12.453 1.0000000000
4085  -8.630  -87.344  11.742 0.6999999881
4095  7.485  -87.497  11.511 1.0000000000
4107  7.158  -87.898  10.825 1.0000000000
4110  -6.666  -87.751  10.647 1.0000000000
4112  -7.727  -87.136  9.888 1.0000000000
4113  -8.305  -86.928  10.166 0.8000000119
4117  7.407  -87.921  9.929 1.0000000000
4119  0.294  -86.706  8.713 1.0000000000
4124  8.129  -87.940  8.110 1.0000000000
4126  3.535  -86.847  8.102 1.0000000000
4127  0.492  -86.832  8.154 1.0000000000
4138  7.691  -88.719  7.624 1.0000000000
4148  7.717  -88.819  6.198 1.0000000000
4159  3.718  -87.380  5.488 1.0000000000
4161  -3.479  -87.074  5.081 1.0000000000
4162  -4.096  -86.852  4.912 1.0000000000
4168  4.014  -86.982  3.584 1.0000000000
4171  -1.004  -86.972  4.031 1.0000000000
4186  11.772  -87.197  2.811 0.1000000015
4187  7.786  -87.462  3.998 1.0000000000
4190  2.427  -87.524  2.141 1.0000000000
4194  -2.741  -87.210  3.695 1.0000000000
4195  -4.054  -86.725  3.571 1.0000000000
4196  -4.670  -86.387  3.535 1.0000000000
4197  -5.147  -86.097  3.350 1.0000000000
4208  5.698  -87.978  2.346 1.0000000000
4209  1.901  -87.204  1.559 1.0000000000
4213  -1.322  -87.288  2.251 1.0000000000
4214  -2.939  -87.044  2.797 1.0000000000
4215  -3.751  -86.782  3.027 1.0000000000
4217  -5.108  -86.197  3.138 1.0000000000
4226  5.780  -87.574  1.668 1.0000000000
4227  5.197  -87.750  1.142 1.0000000000
4228  0.577  -87.274  1.322 1.0000000000
4229  -0.262  -87.264  1.166 1.0000000000
4232  -3.389  -86.573  2.725 1.0000000000
4234  -4.941  -86.148  2.850 1.0000000000
4239  12.981  -87.206  0.702 0.3000000119
4240  12.264  -87.041  0.395 0.3000000119
4242  10.006  -87.649  0.215 0.5000000000
4244  4.721  -87.862  0.520 1.0000000000
4252  5.158  -87.444  -0.208 1.0000000000
4253  4.516  -87.712  -0.802 1.0000000000
4255  17.128  -87.082  -1.579 0.1000000015
4256  11.733  -87.960  -0.851 0.4000000060
4257  10.974  -87.767  -0.879 0.5000000000
4265  5.677  -87.230  -2.741 0.8999999762
4272  4.969  -87.723  -3.365 0.8999999762
4275  8.465  -86.984  -5.216 1.0000000000
4277  7.205  -87.573  -4.564 0.8999999762
4283  8.866  -87.497  -5.625 1.0000000000
4284  3.322  -86.935  -6.316 1.0000000000
4285  2.371  -86.911  -5.964 1.0000000000
4286  1.588  -86.868  -5.669 1.0000000000
4287  0.918  -86.655  -5.679 1.0000000000
4294  2.797  -86.843  -6.427 1.0000000000
4295  2.163  -86.706  -6.271 1.0000000000
4305  12.995  -86.541  -8.105 0.8000000119
4307  11.627  -86.858  -8.185 0.8999999762
4602  -0.961  -86.085  21.022 1.0000000000
4621  -1.536  -86.248  20.476 1.0000000000
4623  -7.120  -86.792  21.237 0.2000000030
4624  -7.445  -86.640  20.601 0.1000000015
4642  -1.925  -87.019  19.479 1.0000000000
4643  -2.096  -86.496  19.903 1.0000000000
4644  -2.649  -86.316  19.376 1.0000000000
4645  -7.678  -87.201  19.123 0.2000000030
4660  -2.453  -86.918  19.141 1.0000000000
4673  -0.212  -86.465  16.302 1.0000000000
4674  -0.810  -87.109  16.310 1.0000000000
4676  -8.095  -86.419  16.687 0.3000000119
4694  -4.582  -87.303  14.997 1.0000000000
4698  6.223  -86.869  13.660 1.0000000000
4700  4.596  -86.599  13.472 1.0000000000
4706  6.994  -86.436  13.432 1.0000000000
4707  4.026  -86.437  12.751 1.0000000000
4711  -5.324  -86.189  12.930 1.0000000000
4712  -5.720  -86.357  12.242 1.0000000000
4726  3.757  -85.764  11.662 1.0000000000
4731  -7.053  -86.185  10.856 0.8999999762
4732  -7.877  -86.150  10.716 0.8999999762
4733  -8.219  -86.489  10.659 0.8000000119
4738  -0.078  -86.093  10.033 1.0000000000
4739  -1.221  -85.097  9.550 1.0000000000
4740  -6.478  -86.941  11.022 1.0000000000
4748  -1.823  -85.054  9.035 1.0000000000
4755  8.904  -86.793  8.675 1.0000000000
4756  8.672  -87.332  8.165 1.0000000000
4760  -1.247  -85.767  8.949 1.0000000000
4761  -2.216  -85.723  8.489 1.0000000000
4773  4.353  -84.749  7.404 1.0000000000
4774  4.361  -85.389  7.674 1.0000000000
4779  -3.433  -86.080  7.367 1.0000000000
4787  4.432  -85.621  6.239 1.0000000000
4789  -0.240  -86.162  6.723 1.0000000000
4790  -1.613  -86.323  6.518 1.0000000000
4799  0.388  -86.718  5.330 1.0000000000
4800  -0.296  -86.440  5.448 1.0000000000
4804  -4.648  -86.159  4.805 1.0000000000
4811  8.339  -87.127  4.636 1.0000000000
4812  4.166  -86.077  3.699 1.0000000000
4813  0.377  -86.919  4.648 1.0000000000
4816  -4.476  -86.460  4.594 1.0000000000
4817  -4.840  -85.944  4.176 1.0000000000
4828  12.571  -86.603  3.269 0.1000000015
4829  12.103  -86.806  2.952 0.1000000015
4833  -5.738  -85.686  3.242 1.0000000000
4838  12.381  -86.541  2.453 0.2000000030
4841  7.051  -86.811  1.990 1.0000000000
4842  2.403  -86.847  1.764 1.0000000000
4843  1.785  -86.703  1.442 1.0000000000
4844  1.006  -86.630  1.162 1.0000000000
4846  -6.008  -85.575  2.816 1.0000000000
4860  -0.771  -86.934  0.928 1.0000000000
4861  -1.486  -86.801  1.765 1.0000000000
4863  -3.966  -86.076  2.601 1.0000000000
4865  -5.552  -85.726  2.782 1.0000000000
4866  -5.985  -85.233  2.316 1.0000000000
4872  17.996  -85.873  0.135 0.1000000015
4875  11.071  -87.003  0.502 0.3000000119
4880  -4.552  -85.496  2.541 1.0000000000
4886  16.930  -86.042  -0.915 0.1000000015
4887  11.760  -87.154  0.157 0.3000000119
4889  7.534  -85.850  -0.993 1.0000000000
4893  15.731  -86.212  -2.271 0.1000000015
4895  7.000  -86.268  -1.563 1.0000000000
4897  2.437  -86.159  -2.240 1.0000000000
4900  7.438  -85.431  -2.301 1.0000000000
4904  1.886  -86.290  -2.746 1.0000000000
4905  0.928  -85.943  -2.760 1.0000000000
4906  0.398  -85.579  -3.142 1.0000000000
4912  3.190  -86.311  -3.173 1.0000000000
4913  2.361  -86.541  -3.339 1.0000000000
4917  -0.293  -85.341  -4.383 1.0000000000
4924  3.520  -86.532  -4.802 1.0000000000
4925  2.541  -86.940  -4.793 1.0000000000
4926  1.196  -86.868  -4.262 1.0000000000
4929  -0.376  -85.301  -5.101 1.0000000000
4934  8.053  -86.360  -6.072 1.0000000000
4939  0.496  -86.324  -5.414 1.0000000000
4940  0.062  -85.710  -5.461 1.0000000000
4950  17.642  -86.305  -7.985 0.6000000238
4958  5.101  -87.081  -7.761 1.0000000000
4960  3.231  -86.579  -7.401 1.0000000000
4961  2.443  -86.440  -7.190 1.0000000000
4962  1.709  -86.299  -6.871 1.0000000000
4963  0.930  -86.185  -6.583 1.0000000000
4975  6.398  -87.071  -8.333 1.0000000000
4977  4.204  -86.183  -8.441 1.0000000000
4983  11.018  -85.819  -9.484 0.8999999762
4987  7.519  -86.416  -9.348 1.0000000000
4988  6.559  -86.631  -9.213 1.0000000000
4989  5.708  -86.528  -9.192 1.0000000000
4990  4.857  -86.443  -8.963 1.0000000000
5289  -0.126  -85.251  21.784 1.0000000000
5291  -1.427  -85.749  20.916 1.0000000000
5304  -0.270  -85.915  20.583 1.0000000000
5306  -7.464  -85.641  20.305 0.2000000030
5326  -8.063  -85.383  18.347 0.3000000119
5331  -3.505  -86.030  18.148 1.0000000000
5335  0.414  -85.586  16.906 1.0000000000
5349  -4.382  -85.188  14.929 1.0000000000
5353  6.854  -85.581  13.585 1.0000000000
5354  6.256  -85.972  13.706 1.0000000000
5355  5.526  -85.419  13.493 1.0000000000
5358  -4.928  -85.477  13.324 1.0000000000
5359  -7.919  -84.944  13.229 0.8000000119
5360  -8.188  -85.562  12.985 0.6999999881
5366  5.725  -84.568  13.168 1.0000000000
5382  8.926  -85.146  12.675 1.0000000000
5386  -5.898  -85.460  11.980 1.0000000000
5388  -7.410  -85.634  11.462 0.8999999762
5407  4.791  -84.320  8.331 1.0000000000
5409  -2.907  -85.527  8.311 1.0000000000
5421  -3.372  -85.780  7.688 1.0000000000
5430  -3.699  -85.463  7.046 1.0000000000
5434  9.809  -84.979  5.145 1.0000000000
5436  4.305  -84.661  6.228 1.0000000000
5437  4.388  -84.884  5.445 1.0000000000
5446  4.146  -85.454  4.015 1.0000000000
5449  -6.511  -84.518  3.712 1.0000000000
5460  3.865  -85.839  3.026 1.0000000000
5464  -0.142  -85.468  2.644 1.0000000000
5466  -6.674  -84.722  3.239 1.0000000000
5468  9.793  -84.405  2.740 1.0000000000
5473  0.305  -86.205  1.452 1.0000000000
5477  -6.733  -84.761  2.749 1.0000000000
5483  -0.512  -86.607  0.970 1.0000000000
5485  -1.893  -86.261  2.267 1.0000000000
5486  -2.963  -85.829  2.597 1.0000000000
5487  -3.827  -85.187  2.601 1.0000000000
5489  -6.379  -85.096  2.453 1.0000000000
5490  -6.511  -84.594  1.539 1.0000000000
5502  -4.326  -85.220  2.518 1.0000000000
5503  -5.013  -84.801  2.298 1.0000000000
5504  -5.745  -84.716  1.846 1.0000000000
5505  -6.209  -84.849  1.912 1.0000000000
5512  18.181  -85.473  -0.056 0.1000000015
5514  7.947  -84.922  -0.940 1.0000000000
5515  7.817  -85.263  -1.132 1.0000000000
5519  1.737  -85.170  -0.613 1.0000000000
5529  18.348  -85.130  -0.633 0.1000000015
5534  2.604  -85.952  -1.474 1.0000000000
5537  0.140  -84.373  -1.789 1.0000000000
5546  7.444  -84.951  -2.207 1.0000000000
5548  5.010  -85.208  -2.581 1.0000000000
5551  -0.568  -84.541  -2.917 1.0000000000
5564  -0.161  -85.025  -3.203 1.0000000000
5566  -1.365  -84.343  -4.077 1.0000000000
5572  6.942  -85.437  -4.609 1.0000000000
5574  -0.860  -84.831  -4.605 1.0000000000
5576  16.355  -85.531  -6.241 0.2000000030
5579  5.016  -86.182  -5.426 1.0000000000
5586  7.395  -86.148  -6.001 1.0000000000
5587  0.225  -85.841  -6.394 1.0000000000
5588  -0.354  -85.292  -6.128 1.0000000000
5590  17.853  -85.812  -7.984 0.3000000119
5591  17.583  -85.231  -7.906 0.1000000015
5601  3.269  -85.416  -7.716 1.0000000000
5605  14.919  -84.910  -9.533 0.6999999881
5608  10.310  -85.399  -10.095 1.0000000000
5610  8.691  -85.531  -10.253 1.0000000000
5614  4.281  -84.696  -8.463 1.0000000000
5617  10.504  -84.625  -10.625 0.8999999762
5618  9.871  -84.445  -10.743 0.8999999762
5619  8.989  -84.673  -10.678 0.8999999762
5945  -0.323  -84.427  22.208 1.0000000000
5947  -6.137  -84.465  22.439 0.1000000015
5948  -6.649  -84.894  22.881 0.1000000015
5958  1.129  -84.532  21.598 1.0000000000
5959  0.505  -84.902  21.753 1.0000000000
5961  -1.386  -85.014  21.237 1.0000000000
5962  -5.038  -84.289  21.004 0.1000000015
5963  -5.965  -84.490  21.525 0.1000000015
5986  1.468  -84.410  20.079 1.0000000000
5988  -1.923  -84.361  20.004 1.0000000000
5989  -2.412  -85.064  19.688 1.0000000000
5990  -7.098  -84.037  19.788 0.3000000119
5991  -7.516  -84.800  19.660 0.1000000015
6008  -3.079  -84.421  17.854 1.0000000000
6009  -3.559  -85.148  17.361 1.0000000000
6019  0.659  -85.392  16.035 1.0000000000
6041  -7.578  -84.435  13.824 0.8999999762
6044  6.355  -85.092  13.576 1.0000000000
6045  1.000  -84.923  12.637 1.0000000000
6048  -5.156  -84.311  12.999 0.8999999762
6049  -6.737  -84.222  13.049 0.8999999762
6055  8.569  -83.985  12.984 1.0000000000
6059  0.794  -84.900  11.748 1.0000000000
6060  -4.943  -84.716  12.994 1.0000000000
6062  -6.510  -84.630  12.520 0.8999999762
6070  10.694  -83.804  11.221 1.0000000000
6077  -6.987  -84.903  11.821 0.8999999762
6084  11.115  -84.074  9.551 1.0000000000
6087  5.197  -83.835  8.780 1.0000000000
6088  -1.282  -84.582  9.430 1.0000000000
6089  -2.371  -85.032  8.804 1.0000000000
6095  11.043  -84.293  8.439 1.0000000000
6096  10.321  -85.054  8.036 1.0000000000
6111  5.099  -83.079  8.171 1.0000000000
6120  -3.846  -84.521  6.146 1.0000000000
6122  -6.031  -83.817  5.651 1.0000000000
6126  10.438  -84.229  5.386 1.0000000000
6128  4.031  -84.549  5.653 1.0000000000
6134  -6.259  -84.031  4.993 1.0000000000
6139  10.247  -83.964  3.997 1.0000000000
6141  3.892  -84.896  4.648 1.0000000000
6144  -0.109  -84.352  4.555 1.0000000000
6155  -0.598  -84.784  3.673 1.0000000000
6158  -6.846  -84.195  3.410 1.0000000000
6163  8.843  -84.032  1.668 1.0000000000
6169  -3.362  -84.294  2.798 1.0000000000
6170  -6.961  -84.287  2.549 1.0000000000
6174  7.387  -84.178  1.192 1.0000000000
6182  -4.726  -84.237  2.062 1.0000000000
6189  3.467  -84.904  1.007 1.0000000000
6190  2.498  -84.751  0.738 1.0000000000
6191  1.722  -84.476  0.518 1.0000000000
6195  -5.839  -84.367  1.103 1.0000000000
6196  -6.348  -84.337  1.051 1.0000000000
6197  -6.852  -84.119  1.752 1.0000000000
6206  0.811  -84.297  -0.560 1.0000000000
6208  -0.996  -83.160  -1.576 1.0000000000
6214  6.188  -84.617  -1.890 1.0000000000
6215  5.318  -84.996  -1.162 1.0000000000
6230  -1.596  -83.624  -2.893 1.0000000000
6242  10.305  -84.242  -3.541 0.1000000015
6244  7.107  -85.090  -3.441 1.0000000000
6245  6.683  -84.756  -3.115 1.0000000000
6246  6.076  -84.880  -3.401 1.0000000000
6248  -2.535  -83.405  -3.935 1.0000000000
6259  10.072  -84.420  -4.334 0.1000000015
6272  10.017  -84.515  -5.154 0.1000000015
6273  9.467  -84.291  -5.545 0.2000000030
6275  -2.069  -83.849  -5.016 1.0000000000
6276  -2.664  -83.519  -5.162 0.8999999762
6283  10.256  -84.251  -6.581 0.2000000030
6284  9.381  -84.356  -6.402 0.3000000119
6285  8.694  -84.147  -6.649 0.1000000015
6287  -1.573  -84.195  -6.174 1.0000000000
6297  16.527  -83.424  -9.481 0.3000000119
6300  3.198  -84.461  -7.645 1.0000000000
6301  2.486  -84.119  -7.583 1.0000000000
6314  7.398  -84.159  -10.693 1.0000000000
6600  1.757  -83.217  23.090 1.0000000000
6602  -2.152  -82.480  23.433 0.1000000015
6617  1.324  -83.768  22.673 1.0000000000
6618  0.672  -83.885  22.692 1.0000000000
6621  -3.144  -83.308  22.324 0.1000000015
6630  2.028  -83.489  22.486 1.0000000000
6632  -0.556  -83.796  21.964 1.0000000000
6633  -1.150  -84.162  21.225 1.0000000000
6636  -4.260  -83.900  21.153 0.2000000030
6647  -4.588  -83.073  20.036 0.4000000060
6658  -5.887  -83.119  19.662 0.4000000060
6659  -6.735  -83.314  19.410 0.4000000060
6669  -7.434  -83.751  18.433 0.4000000060
6689  -2.961  -83.082  16.455 1.0000000000
6702  -6.935  -82.903  15.536 0.8000000119
6703  -7.326  -83.601  15.307 0.6000000238
6711  1.580  -84.054  14.311 1.0000000000
6714  -4.394  -83.359  14.402 1.0000000000
6724  -4.748  -83.726  13.976 1.0000000000
6726  -6.190  -83.784  13.715 1.0000000000
6736  7.702  -83.174  12.811 1.0000000000
6750  10.493  -83.073  11.415 1.0000000000
6752  6.891  -82.789  11.987 1.0000000000
6760  5.796  -83.303  10.225 1.0000000000
6766  11.362  -83.134  9.917 1.0000000000
6773  6.277  -82.055  8.652 1.0000000000
6775  -1.722  -83.457  7.947 1.0000000000
6776  -1.881  -84.254  8.895 1.0000000000
6777  -5.629  -82.689  7.738 1.0000000000
6785  11.586  -82.795  7.420 1.0000000000
6787  5.649  -82.511  8.185 1.0000000000
6789  -2.323  -83.388  7.258 1.0000000000
6790  -2.928  -83.713  6.830 1.0000000000
6793  -6.236  -82.818  6.905 1.0000000000
6800  4.319  -82.720  7.137 1.0000000000
6802  3.090  -82.798  6.543 1.0000000000
6805  -4.340  -83.635  5.930 1.0000000000
6808  -6.526  -83.024  6.286 1.0000000000
6811  10.781  -82.609  5.313 1.0000000000
6813  3.943  -83.542  7.024 1.0000000000
6816  2.650  -83.446  6.238 1.0000000000
6820  -6.901  -83.317  4.486 1.0000000000
6823  10.057  -83.105  3.897 1.0000000000
6825  -0.445  -83.276  4.930 1.0000000000
6827  -7.033  -83.683  3.602 1.0000000000
6832  9.687  -83.245  3.327 1.0000000000
6834  7.932  -83.005  3.112 1.0000000000
6841  -7.125  -83.985  3.046 1.0000000000
6848  5.514  -83.707  2.484 1.0000000000
6849  4.642  -83.800  2.372 1.0000000000
6850  3.423  -83.051  2.402 1.0000000000
6851  2.668  -82.829  2.200 1.0000000000
6854  -3.667  -83.624  2.623 1.0000000000
6862  0.770  -82.554  1.079 1.0000000000
6865  -4.970  -83.610  1.495 1.0000000000
6870  1.454  -83.861  0.970 1.0000000000
6873  -5.554  -83.680  0.986 1.0000000000
6875  -6.610  -83.652  1.047 1.0000000000
6882  -1.209  -82.629  -1.327 1.0000000000
6890  -2.235  -82.513  -2.303 1.0000000000
6897  -1.928  -83.012  -2.575 1.0000000000
6907  -2.875  -82.840  -3.556 1.0000000000
6917  11.358  -84.189  -4.630 0.1000000015
6922  -3.097  -83.081  -4.904 0.8999999762
6940  8.004  -83.021  -7.311 0.3000000119
6942  -2.631  -83.203  -6.271 0.8999999762
6945  12.828  -81.977  -7.786 0.1000000015
6952  -0.377  -83.896  -7.253 1.0000000000
6959  3.697  -83.140  -8.399 0.8999999762
6961  2.077  -83.406  -7.780 0.8999999762
6962  15.692  -82.965  -9.950 0.4000000060
6963  14.736  -82.708  -10.005 0.4000000060
6965  10.725  -82.755  -10.179 0.6000000238
6972  13.920  -83.103  -10.300 0.3000000119
6974  11.485  -83.005  -10.858 0.6000000238
6975  10.776  -82.971  -10.690 0.6000000238
6976  10.073  -83.392  -10.687 0.8999999762
6979  6.775  -83.748  -10.439 1.0000000000
6980  5.718  -83.165  -9.742 1.0000000000
6981  5.102  -82.677  -9.465 1.0000000000
7296  1.453  -82.884  23.280 1.0000000000
7297  -1.718  -81.637  23.799 0.1000000015
7311  2.483  -82.910  23.028 1.0000000000
7313  0.066  -83.150  22.396 1.0000000000
7321  3.496  -82.609  21.770 1.0000000000
7323  0.064  -82.282  21.938 1.0000000000
7324  -3.296  -82.203  21.380 0.2000000030
7328  3.533  -82.395  20.736 1.0000000000
7330  -0.927  -82.203  20.077 1.0000000000
7331  -3.732  -82.498  20.859 0.4000000060
7342  -5.052  -82.550  20.032 0.5000000000
7343  -5.800  -82.606  19.795 0.5000000000
7352  2.154  -83.010  18.384 1.0000000000
7355  -7.221  -82.787  18.110 0.5000000000
7365  -2.491  -82.634  17.095 1.0000000000
7366  -6.994  -82.040  17.810 0.6000000238
7367  -7.195  -82.570  17.424 0.5000000000
7379  -2.132  -81.954  16.995 1.0000000000
7392  2.358  -82.686  15.097 1.0000000000
7394  -2.991  -82.422  15.841 1.0000000000
7396  -5.161  -82.465  15.269 1.0000000000
7408  -4.767  -82.954  14.609 1.0000000000
7421  -5.439  -83.404  14.197 0.8999999762
7434  1.256  -83.262  12.369 1.0000000000
7443  10.095  -82.503  11.301 1.0000000000
7445  8.698  -82.340  11.843 1.0000000000
7446  1.588  -82.296  11.088 1.0000000000
7448  0.896  -83.556  11.825 1.0000000000
7457  -5.216  -81.604  10.032 1.0000000000
7458  -5.532  -81.295  10.108 1.0000000000
7461  11.112  -82.312  9.683 1.0000000000
7462  10.383  -82.001  9.966 1.0000000000
7466  0.003  -82.513  9.126 1.0000000000
7468  -5.108  -82.084  9.039 1.0000000000
7470  -5.399  -81.384  8.998 1.0000000000
7474  11.292  -82.063  8.818 1.0000000000
7475  8.153  -81.590  9.362 1.0000000000
7476  7.043  -81.690  9.147 1.0000000000
7478  -1.262  -82.582  7.993 1.0000000000
7480  -4.509  -81.981  8.766 1.0000000000
7481  -5.437  -82.293  8.399 1.0000000000
7483  -5.807  -81.854  8.271 1.0000000000
7498  -3.309  -82.158  6.961 1.0000000000
7514  2.824  -81.610  5.690 1.0000000000
7522  9.714  -82.179  4.212 1.0000000000
7523  8.742  -81.834  4.108 1.0000000000
7525  6.619  -81.408  4.187 1.0000000000
7526  5.582  -81.540  4.138 1.0000000000
7528  -0.801  -82.289  4.657 1.0000000000
7529  -1.456  -82.219  4.281 1.0000000000
7535  7.258  -82.210  3.508 1.0000000000
7540  1.912  -81.203  3.198 1.0000000000
7549  -2.880  -82.611  3.368 1.0000000000
7550  -3.367  -82.924  2.882 1.0000000000
7560  -0.785  -81.294  0.473 1.0000000000
7573  -1.466  -81.579  -0.619 1.0000000000
7576  -6.237  -82.887  0.497 1.0000000000
7589  -1.059  -82.225  -0.823 1.0000000000
7591  -6.159  -82.237  -0.071 1.0000000000
7593  -6.761  -81.693  -0.115 1.0000000000
7608  -2.681  -82.066  -2.427 1.0000000000
7621  -3.067  -82.168  -3.185 1.0000000000
7644  -3.759  -81.750  -3.437 1.0000000000
7667  -3.561  -82.382  -4.567 0.8999999762
7668  -4.091  -81.849  -4.069 1.0000000000
7679  8.839  -82.865  -5.914 0.1000000015
7687  -3.302  -82.543  -5.328 0.8999999762
7697  -1.846  -82.909  -7.240 0.8000000119
7703  13.874  -81.394  -7.859 0.1000000015
7705  8.294  -82.602  -7.439 0.1000000015
7706  7.884  -82.759  -7.949 0.2000000030
7707  0.184  -82.742  -8.049 0.8000000119
7715  2.840  -82.678  -8.497 0.8999999762
7716  1.877  -82.545  -8.413 0.8000000119
7725  12.996  -82.897  -10.422 0.4000000060
7726  12.190  -82.755  -10.528 0.6000000238
8026  3.346  -81.563  23.834 1.0000000000
8028  1.630  -81.781  23.541 1.0000000000
8029  1.220  -82.432  23.214 1.0000000000
8030  -1.759  -81.056  23.984 0.1000000015
8047  4.626  -81.703  22.767 1.0000000000
8048  3.877  -82.035  23.295 1.0000000000
8049  1.479  -81.175  23.140 1.0000000000
8052  -4.682  -81.487  22.308 0.3000000119
8062  5.414  -81.587  21.405 1.0000000000
8064  4.109  -82.208  22.416 1.0000000000
8065  0.530  -81.581  22.194 1.0000000000
8067  -3.417  -81.858  21.511 0.1000000015
8079  4.143  -81.939  20.522 1.0000000000
8082  -3.934  -81.972  20.922 0.3000000119
8084  -6.200  -81.430  20.185 0.6000000238
8095  4.689  -81.616  19.316 1.0000000000
8099  -0.963  -81.467  19.164 1.0000000000
8102  -6.626  -81.693  18.985 0.6000000238
8114  5.093  -81.475  18.164 1.0000000000
8115  4.363  -81.345  18.418 1.0000000000
8116  3.638  -81.577  18.549 1.0000000000
8119  -1.008  -80.722  18.187 1.0000000000
8131  2.894  -81.844  17.380 1.0000000000
8136  -5.993  -81.040  17.280 0.8000000119
8149  5.338  -80.854  16.452 1.0000000000
8150  2.834  -82.059  16.304 1.0000000000
8152  -3.575  -81.694  15.920 0.8999999762
8155  -6.241  -81.576  16.965 0.8000000119
8166  -3.093  -82.057  15.679 1.0000000000
8167  -3.699  -82.284  15.405 0.8999999762
8178  -4.332  -82.435  15.180 0.8999999762
8196  2.646  -81.034  12.561 1.0000000000
8197  2.187  -82.030  12.480 1.0000000000
8209  -6.027  -81.289  11.448 1.0000000000
8215  -2.740  -80.849  9.720 1.0000000000
8217  -4.723  -81.470  10.254 1.0000000000
8218  -5.819  -81.334  10.761 1.0000000000
8219  -5.925  -81.121  10.452 1.0000000000
8220  -5.928  -80.823  9.989 1.0000000000
8223  0.327  -81.769  9.270 1.0000000000
8241  -3.704  -81.541  8.657 1.0000000000
8242  -5.850  -80.784  8.013 1.0000000000
8258  7.040  -81.288  7.694 1.0000000000
8260  -1.891  -81.922  7.572 1.0000000000
8261  -2.667  -81.707  7.508 1.0000000000
8263  -6.127  -81.825  7.541 1.0000000000
8269  10.851  -81.580  6.487 1.0000000000
8270  10.178  -81.085  6.449 1.0000000000
8271  9.062  -80.626  6.538 1.0000000000
8273  6.463  -80.887  6.532 1.0000000000
8275  4.886  -81.402  6.487 1.0000000000
8285  8.684  -80.799  5.533 1.0000000000
8293  -6.652  -82.056  5.742 1.0000000000
8304  5.787  -81.119  4.995 1.0000000000
8313  -6.467  -81.384  5.435 1.0000000000
8324  2.871  -81.281  4.202 1.0000000000
8328  -0.676  -81.091  3.887 1.0000000000
8329  -1.486  -81.311  3.868 1.0000000000
8355  -0.161  -80.771  1.732 1.0000000000
8366  -1.222  -80.569  0.451 1.0000000000
8367  -1.658  -80.908  -0.253 1.0000000000
8370  -7.180  -81.484  0.166 1.0000000000
8378  -6.384  -81.613  -0.189 1.0000000000
8435  -4.460  -81.045  -4.259 0.8999999762
8468  -2.262  -82.137  -7.455 0.8000000119
8470  -3.307  -81.546  -6.575 0.8999999762
8477  8.465  -82.079  -8.092 0.2000000030
8479  -0.589  -81.538  -8.217 0.8000000119
8481  -2.164  -81.319  -7.803 0.6999999881
8486  0.095  -81.881  -8.261 0.8000000119
8490  3.495  -81.247  -9.562 0.6999999881
8492  7.219  -80.697  -10.334 0.3000000119
8494  5.622  -81.060  -9.800 0.8000000119
8764  -3.813  -80.584  25.419 0.1000000015
8773  -2.078  -80.672  24.415 0.1000000015
8775  -5.179  -80.165  24.934 0.6000000238
8782  4.553  -80.419  23.298 1.0000000000
8784  2.793  -81.046  23.935 1.0000000000
8798  4.975  -81.040  22.824 1.0000000000
8799  2.499  -80.124  23.390 1.0000000000
8802  -6.079  -80.540  22.684 0.6999999881
8809  6.620  -80.105  21.560 1.0000000000
8811  1.208  -79.890  21.932 1.0000000000
8821  6.725  -80.773  20.839 1.0000000000
8822  0.653  -79.471  21.181 1.0000000000
8853  3.834  -81.268  18.076 1.0000000000
8857  -5.035  -80.213  18.243 0.8999999762
8867  8.177  -80.564  16.785 1.0000000000
8874  -1.002  -80.026  17.678 1.0000000000
8877  -3.005  -80.708  17.131 0.8999999762
8879  -5.575  -80.642  17.777 0.8999999762
8894  6.665  -81.291  16.374 1.0000000000
8898  -2.012  -80.963  16.951 1.0000000000
8910  6.528  -80.748  15.038 1.0000000000
8912  3.231  -80.423  15.478 1.0000000000
8921  7.246  -80.562  14.316 1.0000000000
8922  6.649  -80.264  14.340 1.0000000000
8924  2.691  -80.988  14.373 1.0000000000
8926  -6.139  -80.089  14.098 1.0000000000
8935  7.878  -80.237  13.763 1.0000000000
8937  -5.445  -80.513  13.532 1.0000000000
8939  -6.337  -80.080  13.536 1.0000000000
8949  2.737  -80.296  12.882 1.0000000000
8951  -3.960  -80.500  12.447 1.0000000000
8953  -6.016  -81.005  12.927 1.0000000000
8965  -1.669  -80.079  10.899 1.0000000000
8991  -5.952  -80.678  9.707 1.0000000000
8996  -5.871  -80.451  8.910 1.0000000000
9013  8.112  -80.561  6.239 1.0000000000
9014  7.311  -80.697  6.386 1.0000000000
9022  -6.332  -80.581  5.544 1.0000000000
9040  -1.844  -80.599  3.331 1.0000000000
9051  -2.207  -80.042  2.722 1.0000000000
9052  -2.955  -80.239  2.591 1.0000000000
9053  -7.110  -79.894  2.446 1.0000000000
9068  -0.566  -80.160  2.192 1.0000000000
9072  -7.322  -80.852  1.417 1.0000000000
9086  -1.386  -79.751  0.979 1.0000000000
9106  -5.970  -80.443  -0.229 1.0000000000
9107  -6.640  -80.416  -0.238 1.0000000000
9116  -3.324  -80.560  -2.094 1.0000000000
9117  -3.479  -79.522  -1.949 0.8999999762
9160  -4.390  -80.666  -4.966 0.8999999762
9165  11.087  -80.082  -6.644 0.1000000015
9191  -1.886  -80.442  -8.073 0.6999999881
9202  1.531  -79.355  -9.806 0.4000000060
9212  2.658  -78.767  -10.226 0.3000000119
9213  7.161  -80.040  -10.812 0.4000000060
9214  6.535  -79.748  -10.805 0.3000000119
9215  5.737  -79.481  -10.704 0.6999999881
9501  -4.548  -79.535  27.247 0.1000000015
9517  -5.087  -79.721  25.719 0.5000000000
9533  -5.513  -79.824  24.185 0.6000000238
9544  3.878  -79.723  23.455 1.0000000000
9546  1.775  -79.505  22.560 1.0000000000
9561  -5.845  -79.302  21.830 0.8999999762
9562  -6.358  -80.006  21.482 0.8000000119
9574  0.562  -79.065  21.104 1.0000000000
9575  0.265  -79.162  20.442 1.0000000000
9592  0.033  -78.977  19.656 1.0000000000
9594  -3.673  -79.353  19.207 0.8999999762
9614  -1.270  -79.425  17.933 1.0000000000
9617  -4.358  -79.781  18.708 0.8999999762
9630  9.458  -79.774  17.336 1.0000000000
9633  3.978  -79.912  16.741 1.0000000000
9634  3.688  -80.315  16.554 1.0000000000
9635  -1.139  -79.869  17.744 1.0000000000
9636  -1.715  -80.150  17.754 1.0000000000
9653  10.670  -79.684  16.451 1.0000000000
9657  4.202  -79.260  16.478 1.0000000000
9670  8.981  -80.274  14.776 1.0000000000
9672  5.425  -79.518  15.551 1.0000000000
9676  -6.169  -79.409  14.739 1.0000000000
9685  9.588  -79.964  14.143 1.0000000000
9687  7.099  -79.950  13.772 1.0000000000
9690  -4.313  -79.730  15.223 1.0000000000
9691  -6.037  -79.934  14.677 1.0000000000
9702  8.358  -79.608  13.447 1.0000000000
9705  -1.972  -79.109  13.181 1.0000000000
9706  -2.848  -79.427  13.523 1.0000000000
9722  2.200  -79.045  11.914 1.0000000000
9728  -6.563  -79.910  12.755 1.0000000000
9741  -0.255  -79.448  11.199 1.0000000000
9754  1.207  -79.901  10.842 1.0000000000
9782  -6.399  -79.291  7.236 1.0000000000
9795  -6.387  -79.831  4.923 1.0000000000
9818  -2.618  -79.533  2.081 1.0000000000
9819  -6.959  -79.015  2.414 1.0000000000
9832  -7.316  -79.272  0.445 1.0000000000
9854  -4.302  -78.719  0.608 1.0000000000
9855  -5.366  -79.432  -0.020 1.0000000000
9856  -7.130  -78.964  -0.068 1.0000000000
9878  -2.212  -79.507  -0.132 1.0000000000
9879  -2.641  -79.300  -0.688 1.0000000000
9901  -3.153  -78.875  -1.134 1.0000000000
9917  -5.006  -78.865  -3.363 0.8999999762
9933  -5.197  -78.838  -4.238 0.8999999762
9941  11.763  -79.024  -4.613 0.1000000015
9947  -5.087  -79.530  -4.560 0.8999999762
9997  9.540  -79.182  -8.264 0.1000000015
10006  -2.260  -79.729  -7.714 0.6999999881
10018  9.136  -79.464  -9.310 0.2000000030
10041  6.959  -78.622  -10.766 0.3000000119
10042  4.796  -78.086  -10.462 0.2000000030
10044  2.593  -77.872  -10.108 0.3000000119
10047  5.565  -78.650  -10.716 0.3000000119
10311  -4.443  -78.099  29.793 0.2000000030
10322  6.045  -77.818  27.083 1.0000000000
10324  4.538  -77.968  27.444 1.0000000000
10328  0.358  -78.155  27.349 1.0000000000
10335  7.126  -77.980  26.252 1.0000000000
10336  6.435  -78.006  26.597 1.0000000000
10340  3.315  -78.420  27.030 1.0000000000
10341  1.644  -78.508  27.124 1.0000000000
10354  5.568  -78.123  26.469 1.0000000000
10355  4.679  -78.148  26.488 1.0000000000
10359  0.944  -78.397  26.117 1.0000000000
10370  7.014  -78.426  25.317 1.0000000000
10372  -4.974  -78.648  24.892 0.6999999881
10389  -5.186  -78.537  23.645 0.8000000119
10399  9.924  -78.800  22.766 1.0000000000
10401  7.396  -78.861  22.502 1.0000000000
10403  2.839  -79.238  23.149 1.0000000000
10406  -5.235  -78.835  22.462 0.8000000119
10414  10.209  -79.157  20.858 1.0000000000
10416  8.364  -79.388  21.488 1.0000000000
10418  5.768  -79.070  22.545 1.0000000000
10419  4.025  -78.919  23.373 1.0000000000
10421  1.849  -78.583  22.736 1.0000000000
10436  8.117  -79.830  20.801 1.0000000000
10438  6.775  -79.438  22.065 1.0000000000
10439  0.184  -78.757  20.901 1.0000000000
10440  -1.227  -78.207  19.847 1.0000000000
10450  10.196  -79.264  19.366 1.0000000000
10454  7.817  -80.008  20.915 1.0000000000
10456  -0.258  -78.428  19.734 1.0000000000
10458  -1.725  -78.743  19.219 1.0000000000
10459  -2.924  -78.969  19.707 1.0000000000
10468  8.847  -79.680  19.152 1.0000000000
10469  8.468  -79.952  19.452 1.0000000000
10470  -0.118  -78.659  19.344 1.0000000000
10471  -0.429  -78.718  18.882 1.0000000000
10472  -1.015  -78.811  18.438 1.0000000000
10499  3.164  -77.997  15.641 1.0000000000
10502  -6.189  -78.381  16.577 0.8999999762
10510  11.413  -79.731  15.057 1.0000000000
10514  -2.978  -78.555  15.648 1.0000000000
10525  11.722  -78.796  13.394 1.0000000000
10552  2.616  -77.602  13.042 1.0000000000
10574  0.736  -78.225  11.856 1.0000000000
10576  -1.077  -78.890  12.793 1.0000000000
10577  -6.230  -78.940  12.900 1.0000000000
10640  -6.445  -78.957  5.504 1.0000000000
10656  -6.560  -78.505  3.842 1.0000000000
10679  -3.296  -78.557  0.891 1.0000000000
10713  -4.021  -77.753  -0.340 1.0000000000
10734  -3.368  -77.887  -0.746 0.8999999762
10811  9.205  -78.308  -6.615 0.1000000015
10818  -3.098  -78.656  -6.801 0.6000000238
10834  -1.149  -77.812  -8.228 0.4000000060
10849  0.667  -77.358  -9.374 0.2000000030
10868  6.161  -78.406  -10.676 0.2000000030
11140  2.649  -77.186  28.150 1.0000000000
11141  1.530  -77.732  27.934 1.0000000000
11142  1.170  -77.223  28.126 0.8999999762
11143  -4.470  -77.349  28.837 0.3000000119
11147  5.101  -77.469  27.600 1.0000000000
11148  2.314  -77.738  27.949 1.0000000000
11149  0.740  -77.651  27.845 0.8999999762
11150  -0.079  -77.469  27.649 0.8999999762
11151  -0.778  -77.267  27.446 0.8999999762
11153  -4.977  -77.434  27.060 0.5000000000
11165  -4.805  -77.486  26.357 0.5000000000
11176  7.901  -77.762  25.781 1.0000000000
11180  2.360  -77.966  25.508 1.0000000000
11185  -2.741  -77.158  25.290 0.8999999762
11198  9.994  -77.403  24.596 1.0000000000
11199  9.448  -78.019  24.770 1.0000000000
11201  5.487  -77.724  24.908 1.0000000000
11202  2.840  -77.670  25.080 1.0000000000
11204  1.001  -77.797  24.543 1.0000000000
11209  -4.237  -77.698  24.681 0.8000000119
11222  7.136  -78.345  23.021 1.0000000000
11225  4.902  -77.324  24.395 1.0000000000
11226  -0.136  -77.884  23.332 1.0000000000
11227  -1.139  -77.908  23.695 1.0000000000
11228  -2.263  -77.844  24.025 1.0000000000
11230  -4.324  -77.963  23.871 0.8999999762
11238  6.662  -78.298  22.802 1.0000000000
11239  4.645  -78.057  23.499 1.0000000000
11240  -0.334  -77.985  22.262 1.0000000000
11241  -1.224  -77.949  22.390 1.0000000000
11242  -2.298  -78.137  22.674 1.0000000000
11251  4.008  -78.612  23.528 1.0000000000
11252  2.750  -78.427  23.377 1.0000000000
11253  1.730  -78.189  22.974 1.0000000000
11255  0.094  -78.360  21.962 1.0000000000
11261  7.164  -79.421  21.982 1.0000000000
11264  -0.277  -78.214  20.554 1.0000000000
11273  11.787  -78.428  20.220 1.0000000000
11275  -0.126  -78.543  20.396 1.0000000000
11286  11.866  -78.755  18.834 1.0000000000
11287  -4.736  -78.077  18.400 1.0000000000
11289  -5.735  -77.243  19.035 1.0000000000
11297  12.670  -78.607  17.406 1.0000000000
11298  -3.076  -77.751  17.283 1.0000000000
11300  -5.916  -78.044  17.894 1.0000000000
11316  13.412  -78.086  15.933 1.0000000000
11321  -2.816  -77.941  16.418 1.0000000000
11343  -1.723  -77.280  15.248 1.0000000000
11359  8.015  -77.003  13.621 1.0000000000
11360  7.182  -77.366  13.926 1.0000000000
11380  12.925  -77.421  13.290 1.0000000000
11385  2.619  -77.126  13.498 1.0000000000
11387  -0.172  -77.440  13.294 1.0000000000
11401  1.283  -77.007  12.485 1.0000000000
11413  -6.087  -77.951  11.748 0.8999999762
11461  -6.567  -77.797  7.625 0.8999999762
11472  -6.563  -77.676  6.650 0.8999999762
11517  -6.541  -77.757  3.811 1.0000000000
11565  -5.922  -76.602  -0.676 0.8999999762
11596  -5.006  -77.351  -3.499 0.8999999762
11607  -5.183  -78.045  -4.012 0.8999999762
11635  1.199  -76.819  -8.884 0.3000000119
11637  -0.040  -76.789  -8.695 0.2000000030
11638  -0.772  -77.006  -8.197 0.2000000030
12002  -4.517  -76.260  29.346 0.3000000119
12007  -4.601  -76.335  28.235 0.4000000060
12011  4.791  -76.736  27.736 1.0000000000
12013  2.250  -76.531  28.024 1.0000000000
12017  -1.224  -76.754  27.410 0.8999999762
12031  -4.563  -76.969  26.310 0.6999999881
12044  -4.118  -76.965  25.878 0.8999999762
12063  3.210  -77.369  24.509 1.0000000000
12065  1.123  -77.382  24.099 1.0000000000
12079  3.540  -77.603  24.253 1.0000000000
12080  2.593  -77.681  24.319 1.0000000000
12081  1.907  -77.377  23.811 1.0000000000
12094  11.762  -77.416  22.595 1.0000000000
12095  3.847  -77.794  23.866 1.0000000000
12097  2.230  -77.618  23.690 1.0000000000
12099  0.813  -77.885  23.191 1.0000000000
12100  0.211  -78.130  22.566 1.0000000000
12109  12.398  -77.138  22.021 1.0000000000
12111  2.671  -77.995  23.655 1.0000000000
12113  1.090  -78.039  22.938 1.0000000000
12114  0.489  -78.184  22.668 1.0000000000
12127  13.240  -77.192  20.636 1.0000000000
12129  -3.993  -75.827  20.772 0.8999999762
12130  -4.760  -76.107  20.620 0.8999999762
12149  -4.965  -76.837  20.054 1.0000000000
12150  -5.680  -76.671  19.601 1.0000000000
12185  3.855  -76.810  15.546 1.0000000000
12186  -0.771  -76.009  16.044 1.0000000000
12187  -1.638  -76.403  16.353 1.0000000000
12227  0.501  -75.911  13.844 1.0000000000
12229  -0.928  -76.896  14.856 1.0000000000
12250  2.283  -76.441  13.424 1.0000000000
12265  12.436  -76.300  12.451 1.0000000000
12267  10.935  -76.359  12.325 1.0000000000
12269  -6.021  -76.363  12.435 0.8999999762
12315  -6.497  -76.476  9.416 0.8999999762
12411  -6.513  -76.539  4.535 1.0000000000
12437  -6.818  -76.691  1.438 1.0000000000
12449  -6.689  -76.525  0.403 0.8999999762
12550  0.612  -76.168  -6.435 0.1000000015
12552  -4.145  -76.713  -5.709 0.8000000119
12568  0.755  -75.896  -7.518 0.1000000015
12583  -0.454  -76.213  -8.192 0.2000000030
12584  -1.884  -75.887  -7.329 0.4000000060
12951  -4.478  -75.143  30.910 0.2000000030
12961  -4.221  -74.999  28.620 0.2000000030
12968  5.217  -76.137  27.319 1.0000000000
12975  -4.159  -75.541  27.772 0.5000000000
12985  4.746  -75.328  26.931 0.8999999762
12986  3.744  -75.129  26.949 0.8999999762
12991  -1.605  -75.376  27.282 0.6999999881
12992  -2.461  -75.849  27.273 0.8999999762
12994  -4.192  -75.981  27.165 0.6000000238
12995  -4.493  -76.464  26.682 0.6999999881
13003  6.762  -75.633  25.699 1.0000000000
13004  6.106  -75.379  25.972 1.0000000000
13005  -3.778  -76.135  26.902 0.6999999881
13007  -4.322  -76.788  26.277 0.6999999881
13016  9.703  -76.137  24.965 1.0000000000
13018  7.846  -75.437  25.086 1.0000000000
13063  -5.262  -75.644  20.755 0.8999999762
13088  -0.807  -74.795  17.946 1.0000000000
13099  14.352  -76.791  17.980 1.0000000000
13100  0.124  -74.674  17.148 1.0000000000
13112  7.250  -74.242  15.129 1.0000000000
13130  6.308  -74.942  14.954 1.0000000000
13131  5.567  -75.094  14.970 1.0000000000
13136  -4.950  -75.444  15.276 0.5000000000
13148  8.194  -75.145  14.302 1.0000000000
13150  1.581  -74.842  13.955 1.0000000000
13166  9.241  -75.585  13.324 1.0000000000
13167  1.144  -75.595  13.581 1.0000000000
13228  -6.475  -75.625  9.593 0.6000000238
13243  -6.505  -75.797  8.814 0.6999999881
13257  -6.499  -75.997  7.966 0.5000000000
13279  -6.495  -75.630  6.310 0.8000000119
13322  -6.418  -75.111  3.732 0.8999999762
13364  -6.264  -75.440  -0.327 0.8999999762
13402  -4.476  -75.430  -3.905 0.8999999762
13430  -3.620  -75.059  -6.119 0.5000000000
13441  0.220  -74.792  -7.024 0.2000000030
13454  -0.435  -75.090  -7.720 0.1000000015
13455  -0.978  -75.566  -7.783 0.2000000030
13831  -3.733  -74.583  31.449 0.2000000030
13844  -4.191  -74.424  31.101 0.2000000030
13866  -3.598  -74.642  28.332 0.4000000060
13871  5.022  -74.901  26.404 1.0000000000
13877  -1.078  -74.654  26.625 0.6999999881
13880  -2.907  -74.764  27.895 0.4000000060
13888  3.167  -73.996  25.854 0.8999999762
13893  -1.351  -73.987  26.340 0.6999999881
13904  10.651  -74.202  24.524 1.0000000000
13908  7.054  -73.478  24.572 1.0000000000
13910  4.963  -73.916  25.515 1.0000000000
13940  -2.974  -73.600  21.331 1.0000000000
13952  14.021  -75.902  21.177 1.0000000000
13959  15.071  -75.717  19.785 1.0000000000
13968  6.133  -73.072  16.079 1.0000000000
13969  5.375  -73.140  16.629 1.0000000000
13970  5.156  -73.116  16.942 1.0000000000
13972  3.282  -73.143  16.600 1.0000000000
13975  0.407  -74.011  17.708 1.0000000000
13979  -5.496  -74.488  19.293 0.8000000119
13988  6.834  -73.212  15.596 1.0000000000
13989  6.324  -73.063  15.825 1.0000000000
13992  4.796  -73.394  16.729 1.0000000000
13994  2.842  -73.171  16.163 1.0000000000
13998  -5.288  -74.599  17.885 0.6000000238
14013  6.395  -73.544  15.650 1.0000000000
14014  5.825  -73.484  15.916 1.0000000000
14017  1.699  -73.617  15.889 1.0000000000
14032  7.662  -74.219  14.885 1.0000000000
14033  4.970  -74.003  15.321 1.0000000000
14037  -5.067  -74.463  14.923 0.5000000000
14046  9.232  -74.376  13.541 1.0000000000
14058  14.512  -74.251  13.575 0.8999999762
14060  13.342  -75.040  12.592 1.0000000000
14073  13.448  -74.175  12.411 1.0000000000
14076  10.837  -74.251  12.251 1.0000000000
14081  -5.730  -73.789  12.780 0.1000000015
14082  -6.122  -74.089  12.103 0.1000000015
14096  -6.206  -74.143  11.273 0.2000000030
14223  -6.372  -74.355  4.073 0.8000000119
14262  -6.291  -74.630  -0.091 0.8999999762
14324  -3.915  -74.141  -4.955 0.6000000238
14338  -3.453  -74.299  -6.202 0.5000000000
14347  -0.173  -73.919  -6.705 0.1000000015
14349  -2.045  -73.904  -6.893 0.2000000030
14761  -3.394  -73.801  31.083 0.2000000030
14771  -3.655  -73.517  30.602 0.2000000030
14772  -4.042  -73.805  30.639 0.2000000030
14783  -3.456  -72.924  30.017 0.1000000015
14801  -2.128  -73.148  27.228 0.3000000119
14806  1.806  -73.383  25.095 0.8000000119
14809  -1.141  -73.259  25.801 0.4000000060
14819  4.272  -73.293  25.169 0.8999999762
14822  1.153  -73.058  24.542 0.8000000119
14823  0.151  -72.671  24.481 0.6000000238
14836  12.764  -72.826  23.415 1.0000000000
14838  10.025  -72.823  24.008 1.0000000000
14844  1.946  -72.186  24.062 0.6999999881
14845  1.309  -72.425  24.171 0.8000000119
14846  0.649  -72.567  24.289 0.6000000238
14862  8.445  -72.488  23.659 1.0000000000
14863  6.859  -72.549  23.398 1.0000000000
14865  -3.958  -72.912  22.328 0.8999999762
14866  -4.266  -72.994  22.188 0.8999999762
14882  -4.413  -73.660  21.781 0.8000000119
14883  -4.908  -73.474  21.560 0.8000000119
14893  10.027  -72.047  21.858 0.8999999762
14895  9.292  -72.093  21.968 1.0000000000
14905  15.994  -74.227  20.496 0.8999999762
14907  -1.844  -73.326  19.807 1.0000000000
14908  -2.153  -73.923  19.801 1.0000000000
14919  5.730  -72.737  16.759 1.0000000000
14920  5.316  -72.995  17.019 1.0000000000
14937  6.060  -72.433  16.591 1.0000000000
14938  -4.785  -73.085  17.502 0.4000000060
14945  7.825  -73.372  14.940 1.0000000000
14946  7.312  -73.370  15.354 1.0000000000
14947  3.385  -73.375  15.653 1.0000000000
14961  -4.867  -73.773  16.167 0.3000000119
14978  -5.011  -73.938  14.832 0.3000000119
14988  14.044  -73.876  12.879 0.8999999762
14994  -5.144  -73.783  13.500 0.3000000119
15007  -5.905  -73.725  11.517 0.1000000015
15019  -4.939  -73.609  11.662 0.1000000015
15021  -5.867  -73.580  10.845 0.2000000030
15035  -5.329  -73.203  10.461 0.1000000015
15054  -6.021  -73.019  9.452 0.2000000030
15132  -6.319  -73.108  5.487 0.2000000030
15165  -5.847  -72.452  2.610 0.6000000238
15166  -6.214  -73.484  2.230 0.8000000119
15181  -6.220  -73.540  1.327 0.8000000119
15196  -6.105  -73.428  0.572 0.8000000119
15209  -6.213  -73.962  0.049 0.8000000119
15225  -4.509  -73.308  -2.572 0.6000000238
15746  -3.568  -73.019  29.537 0.2000000030
15753  -3.197  -72.449  28.943 0.2000000030
15757  -3.063  -72.596  28.494 0.2000000030
15761  -2.636  -72.394  27.932 0.4000000060
15769  10.855  -72.655  23.917 1.0000000000
15770  0.052  -72.393  24.538 0.5000000000
15771  -0.478  -72.448  24.965 0.5000000000
15782  2.412  -71.795  23.879 0.6999999881
15799  10.137  -72.262  22.803 0.8999999762
15800  6.196  -72.101  22.655 0.8000000119
15803  3.695  -71.110  22.801 0.6000000238
15804  3.053  -71.401  23.464 0.6000000238
15805  2.104  -71.670  23.923 0.6000000238
15806  1.123  -71.951  24.053 0.5000000000
15809  -4.093  -72.303  22.352 0.8999999762
15827  14.154  -72.989  22.456 0.8999999762
15828  10.767  -72.025  21.025 0.6999999881
15833  5.633  -71.655  22.050 0.6000000238
15834  -2.887  -72.806  21.413 1.0000000000
15844  10.356  -71.974  21.170 0.6999999881
15845  9.698  -71.855  21.337 1.0000000000
15847  8.174  -71.729  21.357 0.6999999881
15857  16.609  -73.653  20.477 0.8999999762
15858  10.214  -71.813  20.692 0.6999999881
15863  -5.269  -72.970  19.998 0.6999999881
15869  5.574  -72.790  16.877 1.0000000000
15872  1.784  -72.491  17.411 1.0000000000
15876  -5.139  -72.936  19.146 0.5000000000
15880  17.370  -73.575  17.512 0.8999999762
15882  6.360  -72.083  16.277 1.0000000000
15891  7.481  -72.857  15.337 1.0000000000
15897  16.286  -73.405  15.275 0.8999999762
15898  8.090  -73.013  14.746 1.0000000000
15919  12.917  -72.280  12.137 1.0000000000
15920  12.189  -72.795  11.913 1.0000000000
15952  -5.787  -72.854  8.952 0.1000000015
15962  -6.111  -72.920  8.403 0.1000000015
15970  -5.092  -72.776  7.482 0.2000000030
15971  -5.677  -72.642  7.619 0.2000000030
15972  -6.131  -72.868  7.828 0.2000000030
15998  -6.072  -72.319  5.308 0.2000000030
16011  -5.514  -71.888  4.999 0.4000000060
16032  -6.049  -72.716  3.371 0.6000000238
16120  -4.643  -71.871  -1.625 0.2000000030
16150  -2.497  -71.639  -5.192 0.1000000015
16151  -3.074  -71.597  -4.772 0.1000000015
16168  -0.647  -72.049  -5.356 0.1000000015
16169  -0.980  -71.905  -5.993 0.1000000015
16171  -2.635  -72.271  -5.607 0.2000000030
16188  -2.249  -72.669  -6.214 0.2000000030
16641  -2.409  -71.784  28.900 0.1000000015
16656  -2.429  -71.610  28.320 0.1000000015
16664  -1.241  -71.238  26.741 0.2000000030
16671  -0.155  -71.852  24.832 0.4000000060
16681  12.294  -71.409  23.466 0.8999999762
16683  11.147  -72.096  23.511 0.8999999762
16684  0.772  -71.860  24.222 0.4000000060
16685  0.367  -72.012  24.387 0.4000000060
16686  -4.108  -70.859  23.250 0.8000000119
16693  14.939  -71.181  22.750 0.8999999762
16694  14.373  -71.558  22.884 0.8999999762
16695  13.612  -71.573  23.222 0.8000000119
16696  11.073  -71.692  22.536 0.8000000119
16698  4.913  -71.334  21.801 0.6000000238
16704  -4.313  -71.560  22.582 0.8000000119
16705  -4.732  -71.849  22.204 0.8000000119
16725  4.011  -70.847  21.439 0.6000000238
16730  -5.070  -71.612  21.683 0.8000000119
16738  6.553  -71.106  20.451 0.6000000238
16739  5.630  -70.966  20.500 0.6999999881
16740  4.426  -70.658  20.800 0.5000000000
16741  4.123  -70.384  21.043 0.4000000060
16742  -1.842  -71.261  20.296 1.0000000000
16749  11.912  -71.401  20.047 0.6999999881
16756  -0.507  -71.658  19.091 1.0000000000
16770  9.695  -71.029  19.177 0.6000000238
16772  4.263  -72.394  17.364 1.0000000000
16774  2.518  -72.022  17.428 1.0000000000
16781  5.835  -71.944  16.736 1.0000000000
16783  4.511  -71.934  17.110 1.0000000000
16785  3.008  -71.327  17.155 1.0000000000
16786  -4.698  -71.460  18.019 0.3000000119
16792  6.898  -71.823  15.848 1.0000000000
16795  -3.598  -72.062  16.680 0.2000000030
16820  9.356  -71.294  13.723 1.0000000000
16829  15.798  -72.004  13.146 0.8999999762
16839  13.595  -71.967  12.353 0.8999999762
16938  -4.902  -71.258  3.514 0.3000000119
16956  -4.948  -71.030  2.399 0.3000000119
16976  -4.208  -70.571  1.864 0.3000000119
17040  -4.379  -70.708  -1.125 0.2000000030
17064  -0.917  -70.562  -4.043 0.1000000015
17100  -1.763  -71.361  -4.998 0.1000000015
17617  -0.424  -70.852  27.867 0.1000000015
17631  -0.871  -70.604  26.971 0.1000000015
17633  -1.496  -71.250  27.244 0.1000000015
17634  -0.322  -70.797  25.840 0.1000000015
17635  -0.946  -71.239  26.183 0.4000000060
17639  0.578  -70.948  24.790 0.3000000119
17641  -0.573  -71.377  25.547 0.5000000000
17646  14.775  -69.448  23.401 0.8000000119
17648  13.324  -70.197  23.276 0.8000000119
17652  -3.716  -70.307  23.419 0.8000000119
17661  16.099  -69.913  22.679 0.6999999881
17665  3.189  -70.729  23.148 0.4000000060
17666  1.668  -71.127  24.258 0.4000000060
17669  -4.399  -70.241  23.297 0.8000000119
17687  -2.669  -70.849  21.952 0.8999999762
17696  18.029  -70.928  20.624 0.8000000119
17699  13.146  -70.366  20.173 0.6999999881
17704  4.562  -70.157  20.717 0.4000000060
17705  -0.899  -70.041  19.912 0.8999999762
17706  -1.318  -70.613  20.027 0.8999999762
17713  7.121  -70.369  18.983 0.5000000000
17715  5.693  -69.822  19.813 0.4000000060
17716  5.027  -69.889  20.263 0.4000000060
17719  -4.692  -70.232  18.921 0.2000000030
17733  6.852  -69.666  18.790 0.5000000000
17736  0.683  -70.595  18.396 1.0000000000
17740  19.185  -71.288  17.590 0.8999999762
17743  10.882  -69.931  18.003 0.4000000060
17746  3.519  -70.594  16.712 1.0000000000
17748  -4.579  -70.614  17.561 0.3000000119
17756  5.087  -70.836  16.356 1.0000000000
17770  8.715  -70.628  14.624 1.0000000000
17771  7.557  -70.375  15.253 1.0000000000
17774  -3.717  -71.228  15.485 0.1000000015
17787  18.578  -70.611  14.472 0.8999999762
17791  10.182  -70.406  13.561 1.0000000000
17969  -4.439  -70.921  2.885 0.3000000119
18031  -2.296  -69.833  -0.484 0.1000000015
18032  -2.960  -69.637  0.063 0.1000000015
18050  -3.281  -69.806  -1.450 0.2000000030
18068  -1.545  -70.255  -2.765 0.1000000015
18080  -2.709  -70.460  -3.402 0.2000000030
18097  -1.727  -70.812  -4.376 0.1000000015
18689  0.093  -70.287  26.777 0.1000000015
18697  -0.168  -70.412  26.255 0.1000000015
18698  -0.553  -70.632  26.516 0.1000000015
18711  0.363  -70.451  25.528 0.1000000015
18717  15.325  -69.017  23.393 0.6999999881
18725  2.527  -70.483  24.351 0.4000000060
18727  1.126  -70.754  24.615 0.4000000060
18729  -3.696  -69.373  23.662 0.6999999881
18730  -4.213  -69.336  23.527 0.8000000119
18738  13.493  -69.370  22.940 0.8000000119
18740  5.418  -69.979  23.258 0.3000000119
18742  3.858  -70.460  23.168 0.4000000060
18744  2.521  -70.956  24.010 0.5000000000
18746  -2.792  -69.735  22.978 0.8000000119
18747  -4.525  -68.858  23.097 0.6000000238
18756  7.059  -69.458  22.854 0.2000000030
18761  4.000  -70.698  22.626 0.6000000238
18765  -4.816  -69.361  22.401 0.4000000060
18781  4.218  -70.000  21.158 0.4000000060
18783  -0.716  -69.378  20.204 0.8999999762
18789  18.512  -70.476  20.231 0.8000000119
18794  1.067  -69.261  18.930 1.0000000000
18797  -4.802  -69.352  19.487 0.3000000119
18811  7.496  -69.316  18.455 0.6000000238
18813  1.307  -69.843  18.185 1.0000000000
18820  13.599  -69.295  16.990 0.3000000119
18823  10.488  -68.982  17.738 0.1000000015
18828  -4.482  -68.964  17.117 0.1000000015
18830  20.033  -69.965  16.004 0.8000000119
18833  5.261  -69.577  15.735 1.0000000000
18855  5.758  -68.881  15.583 1.0000000000
18868  18.251  -70.251  13.629 0.8999999762
18872  11.178  -69.236  13.724 1.0000000000
18873  10.427  -69.057  14.048 1.0000000000
18878  -4.739  -69.112  14.530 0.1000000015
18885  16.810  -69.855  12.963 0.8999999762
19766  1.210  -69.298  26.192 0.1000000015
19776  1.104  -69.282  26.164 0.1000000015
19780  1.709  -68.721  26.017 0.1000000015
19797  14.567  -68.783  23.295 0.8000000119
19798  13.976  -68.973  23.198 0.6000000238
19801  -3.453  -68.340  23.744 0.6999999881
19809  15.011  -68.387  23.163 0.4000000060
19813  -1.323  -68.038  22.312 0.6999999881
19815  -4.290  -68.135  23.064 0.3000000119
19821  14.219  -68.752  22.321 0.6000000238
19828  -1.533  -68.731  21.916 0.8999999762
19837  14.834  -68.762  20.551 0.5000000000
19859  5.916  -69.212  19.871 0.3000000119
19862  0.751  -68.796  19.554 0.8999999762
19880  7.666  -68.781  18.579 0.2000000030
19882  2.375  -68.577  18.170 1.0000000000
19883  1.717  -68.951  18.521 1.0000000000
19884  -0.943  -68.301  18.268 0.1000000015
19885  -1.777  -68.012  18.553 0.1000000015
19890  20.736  -69.421  17.573 0.6999999881
19892  15.033  -68.268  16.981 0.3000000119
19893  14.374  -68.765  16.958 0.1000000015
19894  11.716  -68.474  17.036 0.1000000015
19898  3.113  -68.702  16.932 1.0000000000
19901  -0.812  -69.036  17.766 0.1000000015
19902  -1.393  -69.046  17.449 0.1000000015
19904  -4.382  -68.212  17.659 0.1000000015
19913  -2.319  -68.328  16.190 0.1000000015
19931  -4.474  -68.228  14.782 0.1000000015
19941  18.777  -68.801  13.503 0.8000000119
19945  12.197  -68.145  14.154 1.0000000000
19946  11.105  -68.510  14.300 1.0000000000
19960  16.885  -68.960  13.046 0.8999999762
19961  15.653  -68.433  13.309 1.0000000000
19966  -4.363  -68.345  13.188 0.1000000015
20910  2.661  -67.741  25.659 0.1000000015
20920  16.784  -67.325  23.519 0.3000000119
20921  16.220  -67.576  23.387 0.4000000060
20922  15.603  -68.141  23.257 0.6999999881
20927  -2.396  -66.842  23.389 0.4000000060
20928  -3.195  -67.521  23.574 0.5000000000
20930  -3.951  -67.722  23.373 0.3000000119
20933  17.427  -67.251  23.375 0.3000000119
20948  16.200  -67.039  22.686 0.3000000119
20970  1.097  -67.687  20.778 0.8000000119
20971  -3.666  -66.888  20.423 0.2000000030
20976  20.283  -68.140  20.443 0.4000000060
20988  -4.203  -67.561  19.164 0.2000000030
20993  16.411  -67.279  18.867 0.2000000030
20994  16.003  -67.927  18.326 0.2000000030
21002  -3.368  -67.272  19.011 0.2000000030
21012  12.570  -67.554  17.190 0.1000000015
21020  -4.309  -67.727  18.070 0.1000000015
21022  21.461  -67.960  16.181 0.8000000119
21026  13.697  -67.518  16.712 0.1000000015
21029  4.135  -67.306  16.099 1.0000000000
21034  -3.844  -67.560  16.839 0.1000000015
21035  -4.198  -67.796  17.288 0.1000000015
21046  8.284  -66.957  15.000 1.0000000000
21049  5.530  -67.345  15.570 1.0000000000
21053  -3.554  -67.745  14.691 0.1000000015
21054  -3.815  -67.674  15.755 0.1000000015
21071  16.290  -67.217  13.840 0.8999999762
21080  -3.714  -67.859  13.769 0.1000000015
21084  17.882  -67.862  13.244 0.8999999762
22072  18.467  -65.808  23.418 0.3000000119
22075  16.749  -66.906  23.484 0.3000000119
22082  0.047  -65.746  23.162 0.5000000000
22084  -1.744  -66.024  23.230 0.4000000060
22087  -3.570  -67.503  23.442 0.4000000060
22093  18.446  -66.377  23.249 0.3000000119
22103  0.468  -66.238  22.805 0.6000000238
22107  -3.304  -66.556  22.431 0.2000000030
22108  -3.629  -67.259  22.799 0.4000000060
22111  19.998  -66.854  21.530 0.3000000119
22119  4.350  -66.190  21.083 0.8000000119
22120  3.499  -66.268  21.382 0.6999999881
22125  -3.620  -66.616  21.661 0.3000000119
22140  21.535  -67.439  20.253 0.4000000060
22144  7.666  -65.794  20.496 1.0000000000
22145  6.556  -65.948  20.344 1.0000000000
22151  -2.060  -66.441  19.626 0.2000000030
22161  3.705  -66.805  18.416 0.8999999762
22168  15.345  -66.143  16.820 0.1000000015
22171  6.111  -66.170  18.373 1.0000000000
22176  22.127  -66.827  16.159 0.8000000119
22178  14.824  -66.441  16.629 0.1000000015
22179  14.363  -66.789  16.601 0.1000000015
22192  5.719  -66.490  15.749 1.0000000000
22210  14.860  -66.684  14.444 1.0000000000
22212  12.151  -66.835  15.167 1.0000000000
22213  11.398  -66.533  15.179 1.0000000000
22215  9.106  -66.475  14.965 1.0000000000
23180  18.131  -65.436  23.502 0.2000000030
23193  -0.544  -65.039  23.081 0.2000000030
23194  -1.258  -65.318  23.056 0.2000000030
23207  17.444  -65.559  23.131 0.2000000030
23214  2.402  -65.049  22.608 0.6000000238
23215  0.717  -65.522  23.068 0.5000000000
23216  -1.613  -65.041  22.790 0.2000000030
23217  -2.402  -65.414  22.558 0.2000000030
23218  -2.933  -65.807  22.332 0.2000000030
23237  22.235  -65.739  21.329 0.3000000119
23243  7.876  -65.405  20.761 1.0000000000
23246  5.138  -65.993  21.015 0.8000000119
23254  17.328  -65.191  19.451 0.1000000015
23258  8.540  -65.429  20.392 1.0000000000
23272  10.265  -64.939  19.449 1.0000000000
23273  10.084  -65.159  19.695 1.0000000000
23280  22.662  -66.335  17.485 0.4000000060
23301  16.584  -65.374  14.984 0.8000000119
23310  21.705  -65.834  14.552 0.8000000119
23312  19.885  -65.112  14.078 0.6999999881
23318  13.653  -65.450  15.120 1.0000000000
24228  18.474  -64.799  23.376 0.1000000015
24249  2.389  -64.306  22.229 0.6000000238
24252  -0.090  -64.384  22.560 0.3000000119
24268  5.322  -64.858  21.092 0.8999999762
24280  17.828  -64.410  20.806 0.1000000015
24282  7.315  -65.150  20.837 1.0000000000
24285  -1.120  -64.741  20.813 0.2000000030
24303  11.355  -64.061  18.167 1.0000000000
24304  10.492  -64.639  18.889 1.0000000000
24316  10.303  -65.212  17.908 1.0000000000
24326  10.753  -64.352  16.771 1.0000000000
24328  9.267  -64.879  16.069 1.0000000000
24334  22.618  -64.660  15.140 0.6000000238
24338  17.313  -64.170  15.306 0.8000000119
24342  9.658  -64.755  15.372 1.0000000000
24356  14.011  -63.952  14.974 1.0000000000
24358  12.261  -64.076  14.907 1.0000000000
25270  3.114  -63.902  21.809 0.5000000000
25271  1.899  -64.288  21.438 0.4000000060
25272  0.582  -64.325  22.280 0.3000000119
25284  4.854  -63.978  21.072 0.6000000238
25286  3.705  -63.593  21.414 0.6000000238
25287  3.122  -63.405  21.168 0.5000000000
25288  1.181  -64.382  21.506 0.4000000060
25301  6.492  -64.820  20.656 1.0000000000
25303  4.503  -63.184  20.586 0.6000000238
25312  16.901  -63.399  18.789 0.1000000015
25318  4.891  -63.189  19.991 0.6999999881
25324  16.274  -63.180  17.765 0.1000000015
25328  10.372  -64.148  18.666 1.0000000000
25330  5.730  -63.758  17.819 0.8000000119
25336  23.802  -63.813  17.313 0.2000000030
25340  11.846  -63.555  17.778 1.0000000000
25341  10.772  -63.323  18.148 1.0000000000
25343  7.879  -64.148  17.334 1.0000000000
25344  6.974  -64.090  17.077 0.8999999762
25345  6.113  -63.820  16.989 0.8999999762
25348  23.727  -63.118  16.540 0.2000000030
25365  22.110  -63.121  14.605 0.5000000000
25368  18.342  -62.615  15.821 0.6999999881
25370  16.565  -63.088  15.397 0.8000000119
25372  11.591  -63.362  15.631 1.0000000000
25374  7.953  -63.364  15.813 0.8999999762
25382  15.172  -63.477  15.003 0.8000000119
26275  19.075  -62.515  23.706 0.1000000015
26314  2.526  -62.752  20.230 0.5000000000
26324  17.026  -62.713  19.364 0.1000000015
26329  4.379  -62.728  19.914 0.6000000238
26340  4.590  -62.836  18.427 0.5000000000
26348  24.027  -62.449  16.875 0.2000000030
26350  18.579  -61.834  17.132 0.6000000238
26351  12.277  -62.979  17.319 1.0000000000
26353  11.173  -62.496  17.847 1.0000000000
26368  17.805  -62.488  16.051 0.6999999881
26370  12.153  -62.962  16.431 1.0000000000
26372  9.463  -62.509  16.333 1.0000000000
26388  15.181  -62.749  14.986 0.8000000119
26389  15.091  -61.814  15.121 0.8000000119
26397  5.375  -62.291  15.129 0.6999999881
26406  12.998  -62.682  14.923 1.0000000000
26407  12.372  -62.896  14.983 1.0000000000
27324  2.930  -62.020  19.839 0.4000000060
27340  2.505  -61.603  18.771 0.2000000030
27352  19.964  -61.396  16.939 0.5000000000
27353  19.318  -61.881  17.193 0.5000000000
27354  18.902  -61.748  17.628 0.6000000238
27355  18.386  -61.375  17.451 0.6000000238
27358  3.005  -61.903  18.265 0.4000000060
27361  0.324  -61.472  18.073 0.1000000015
27368  24.252  -61.171  16.452 0.2000000030
27373  13.144  -60.833  16.568 0.8999999762
27392  15.354  -60.964  15.541 0.8000000119
27397  9.498  -61.471  15.078 0.8999999762
27399  4.939  -61.702  15.058 0.6000000238
27400  3.634  -61.772  15.664 0.5000000000
27410  14.153  -61.801  15.075 0.8999999762
27414  6.387  -61.455  14.736 0.8000000119
27415  5.588  -61.126  14.828 0.6000000238
28323  15.411  -60.516  18.941 0.1000000015
28326  20.099  -61.140  17.662 0.5000000000
28327  19.592  -61.071  18.338 0.5000000000
28328  18.927  -60.758  18.624 0.5000000000
28343  18.075  -60.599  17.924 0.6999999881
28345  -0.123  -60.937  17.144 0.1000000015
28368  11.094  -60.684  16.573 0.8999999762
28391  14.781  -60.346  15.821 0.8999999762
28394  9.998  -60.746  14.907 0.8999999762
28409  8.630  -60.740  14.649 0.8000000119
28414  3.719  -60.386  15.028 0.3000000119
29316  20.075  -60.368  17.784 0.5000000000
29333  19.801  -59.835  16.972 0.4000000060
29334  18.182  -59.680  18.672 0.5000000000
29343  24.862  -59.733  16.828 0.1000000015
29344  24.538  -59.469  16.386 0.2000000030
29346  19.977  -60.117  15.880 0.3000000119
29348  17.326  -59.984  17.356 0.6000000238
29350  15.786  -59.527  16.398 0.8000000119
29372  7.944  -58.990  15.145 0.5000000000
29374  6.791  -58.251  14.966 0.4000000060
29376  2.027  -59.015  15.185 0.1000000015
29377  1.172  -59.256  15.673 0.1000000015
30287  19.767  -59.622  18.041 0.3000000119
30288  18.552  -58.437  19.119 0.4000000060
30307  15.161  -58.015  17.277 0.8000000119
30315  21.532  -58.058  16.051 0.2000000030
30317  18.747  -58.309  16.016 0.3000000119
30322  13.404  -58.847  15.630 0.8000000119
30337  13.077  -58.301  15.066 0.8000000119
30340  7.316  -57.812  15.113 0.4000000060
30356  11.450  -58.774  14.572 0.6999999881
30358  9.422  -58.642  14.849 0.5000000000
31214  17.635  -57.345  18.932 0.5000000000
31249  17.708  -57.429  16.243 0.1000000015
31251  13.734  -56.936  16.476 0.6000000238
31267  18.159  -57.392  15.731 0.1000000015
31269  11.043  -56.925  14.972 0.4000000060
31270  10.026  -56.964  15.144 0.3000000119
31271  9.167  -57.022  15.267 0.3000000119
31272  8.412  -57.186  15.263 0.4000000060
31274  6.563  -57.467  14.757 0.5000000000
31291  11.302  -58.038  14.568 0.5000000000
32203  11.884  -55.545  15.643 0.2000000030
32218  12.083  -56.453  15.280 0.2000000030
32224  5.789  -55.956  14.392 0.1000000015
33030  15.566  -54.940  19.453 0.2000000030
33032  14.226  -54.359  18.839 0.2000000030
33039  13.512  -55.399  17.591 0.3000000119
33844  16.530  -53.619  18.513 0.1000000015
33846  14.972  -53.955  19.382 0.2000000030
33859  12.596  -54.296  16.308 0.2000000030
33860  11.494  -54.249  15.819 0.2000000030
33861  10.098  -54.159  15.942 0.3000000119
34641  15.968  -53.182  18.793 0.1000000015
34645  15.789  -52.812  17.842 0.1000000015
34647  13.980  -53.538  18.022 0.1000000015
110024  -8.350  -89.842  15.586 0.3000000119
110115  -5.128  -96.609  13.960 0.4000000060
110157  -6.547  -77.087  3.951 1.0000000000
110170  4.150  -96.676  6.722 0.3000000119
110182  1.489  -83.057  1.336 1.0000000000
110228  12.598  -76.489  22.417 1.0000000000
110248  9.212  -75.433  24.998 1.0000000000
110353  -6.070  -77.269  12.017 0.8999999762
110370  5.797  -92.416  14.899 1.0000000000
110527  5.669  -86.927  -7.041 1.0000000000
110722  1.092  -97.623  13.283 0.8999999762
110730  -6.349  -77.861  9.738 1.0000000000
110785  5.179  -84.752  1.082 1.0000000000
110907  -6.243  -79.114  10.357 1.0000000000
111017  8.789  -83.501  -9.659 0.6000000238
111077  3.035  -62.850  20.601 0.5000000000
111096  -7.633  -84.115  15.993 0.5000000000
111166  -4.014  -79.579  28.034 0.2000000030
111182  8.637  -96.975  15.898 0.1000000015
111189  5.606  -73.783  15.795 1.0000000000
111210  1.217  -98.839  20.805 0.8000000119
111247  6.651  -84.484  -0.354 1.0000000000
111323  -4.603  -77.992  25.112 0.6000000238
111355  -6.217  -78.204  10.484 1.0000000000
111513  4.776  -99.163  16.133 0.8999999762
111539  4.156  -73.331  16.186 1.0000000000
111557  -5.278  -78.977  24.180 0.8000000119
111602  -0.484  -95.834  5.696 0.6999999881
111639  0.049  -77.958  24.806 1.0000000000
111724  8.991  -90.552  -3.855 0.8999999762
111725  14.045  -57.657  16.311 0.8000000119
111776  4.060  -66.425  20.219 0.8999999762
111787  -6.384  -74.798  9.797 0.2000000030
111836  4.109  -97.688  8.930 0.4000000060
111837  -8.407  -86.474  11.470 0.8000000119
111916  1.265  -86.274  -3.024 1.0000000000
111961  0.762  -87.031  6.801 1.0000000000
112050  6.892  -66.207  15.093 1.0000000000
112083  1.296  -70.122  25.136 0.3000000119
112145  3.862  -97.893  9.051 0.4000000060
112171  1.376  -85.902  -7.048 1.0000000000
112199  -0.119  -94.286  2.913 0.6999999881
112200  7.274  -74.672  14.904 1.0000000000
112232  13.586  -92.180  0.134 0.1000000015
112363  5.886  -88.674  13.451 1.0000000000
112366  17.052  -72.299  14.881 0.8999999762
112441  5.715  -91.754  13.873 1.0000000000
112449  9.552  -65.089  20.147 1.0000000000
112498  1.526  -65.282  22.886 0.5000000000
112511  -1.013  -88.127  14.175 1.0000000000
112520  2.409  -81.785  13.979 1.0000000000
112607  7.359  -75.828  25.418 1.0000000000
112689  1.301  -67.133  21.514 0.6999999881
112712  8.012  -83.409  -9.560 0.6000000238
112713  17.743  -61.050  16.962 0.6999999881
112765  3.602  -88.576  -3.734 1.0000000000
112805  3.188  -87.422  11.250 1.0000000000
112844  0.152  -70.179  27.230 0.1000000015
112905  -5.198  -79.392  16.448 1.0000000000
112914  20.663  -64.041  23.344 0.1000000015
112951  -4.032  -74.112  21.782 0.6999999881
112962  -3.750  -77.171  19.276 1.0000000000
113029  -6.706  -85.454  22.423 0.1000000015
113048  7.878  -78.861  23.058 1.0000000000
113067  3.005  -99.291  18.283 0.6999999881
113102  -6.192  -77.455  -0.411 0.8999999762
113189  -4.896  -78.287  25.700 0.6999999881
113248  -2.932  -82.154  -7.064 0.8999999762
113264  4.390  -86.791  -7.543 1.0000000000
113270  -5.341  -77.029  13.995 0.8999999762
113321  -7.358  -80.151  0.669 1.0000000000
113333  1.396  -90.700  6.601 1.0000000000
113434  -3.575  -97.200  17.796 0.1000000015
113531  5.488  -99.009  15.968 0.6000000238
113653  -7.434  -92.514  11.868 0.6999999881
113760  -6.657  -80.600  12.259 1.0000000000
113779  11.279  -84.127  -2.533 0.1000000015
113797  -2.993  -67.783  15.457 0.1000000015
113844  16.738  -84.986  -9.166 0.4000000060
113847  1.185  -80.282  -9.076 0.6999999881
113864  2.408  -94.611  2.636 0.6000000238
113873  4.980  -70.139  23.784 0.3000000119
113876  -5.888  -84.867  4.074 1.0000000000
113923  -6.790  -83.622  14.186 0.8999999762
113934  -6.320  -73.416  7.345 0.2000000030
113968  2.405  -99.003  18.531 0.8000000119
114011  3.301  -93.251  10.546 1.0000000000
114036  -6.464  -75.771  4.126 1.0000000000
114052  17.930  -86.848  -6.379 0.4000000060
114120  -7.785  -84.424  17.327 0.3000000119
114133  -6.302  -79.759  6.675 1.0000000000
114159  4.341  -84.944  10.094 1.0000000000
114199  2.949  -88.512  6.837 1.0000000000
114316  -8.573  -90.541  15.779 0.3000000119
114349  -4.941  -73.791  14.287 0.3000000119
114356  3.611  -90.914  -3.347 1.0000000000
114412  -7.982  -84.976  15.872 0.5000000000
114430  -0.348  -73.687  -4.436 0.1000000015
114456  21.972  -67.433  17.643 0.5000000000
114566  -2.063  -87.153  4.047 1.0000000000
114571  4.181  -62.498  19.176 0.5000000000
114651  -8.094  -87.347  9.880 0.8000000119
114663  0.721  -84.757  -7.161 1.0000000000
114678  -6.407  -74.340  6.904 0.3000000119
114718  -5.682  -75.288  19.558 0.8999999762
114763  8.640  -90.035  -0.789 0.5000000000
114776  3.402  -95.993  4.073 0.4000000060
114781  13.990  -89.958  -2.618 0.6999999881
114802  -5.366  -75.994  13.935 0.8999999762
114878  -4.483  -75.195  29.731 0.3000000119
114908  17.392  -68.461  22.648 0.3000000119
114961  18.000  -86.245  -7.592 0.5000000000
114968  5.080  -83.727  -9.220 1.0000000000
114969  4.546  -84.260  7.779 1.0000000000
115046  -0.443  -87.136  13.945 1.0000000000
115098  7.682  -62.997  15.231 0.8999999762
115159  0.165  -97.284  10.014 0.8999999762
115186  -3.600  -69.875  0.215 0.2000000030
115255  -3.521  -79.504  -6.410 0.6999999881
115295  7.222  -96.081  7.888 0.1000000015
115370  -4.600  -95.480  10.383 0.8999999762
115439  -5.542  -75.057  18.719 0.8999999762
115549  21.445  -65.208  14.353 0.6999999881
115595  -6.907  -92.927  12.282 0.6999999881
115680  -5.158  -85.936  3.607 1.0000000000
115702  -2.584  -90.896  7.027 1.0000000000
115819  14.388  -58.942  16.137 0.8000000119
115828  11.069  -78.831  20.494 1.0000000000
115859  -0.532  -83.770  -1.835 1.0000000000
115897  -0.143  -72.900  -4.296 0.1000000015
115966  -8.166  -91.368  8.716 1.0000000000
115968  4.443  -82.052  3.491 1.0000000000
116012  1.731  -83.044  13.558 1.0000000000
116037  -8.051  -93.174  14.829 0.3000000119
116040  -5.643  -78.698  -0.222 1.0000000000
116085  0.049  -79.551  19.919 1.0000000000
116102  7.229  -84.682  -2.121 1.0000000000
116151  -3.541  -91.799  9.162 1.0000000000
116260  -4.129  -67.848  15.001 0.1000000015
116415  9.478  -87.064  -7.467 1.0000000000
116570  3.207  -81.695  3.518 1.0000000000
116593  3.593  -71.110  22.979 0.6000000238
116595  13.318  -84.139  -10.344 0.6999999881
116598  5.629  -72.329  17.016 1.0000000000
116748  2.444  -89.746  -3.766 1.0000000000
116782  2.020  -95.884  4.216 0.6000000238
116787  3.713  -77.530  25.125 1.0000000000
116877  -6.272  -81.127  20.979 0.6000000238
116890  -6.415  -80.545  21.116 0.8000000119
116910  2.822  -62.379  20.165 0.6000000238
116961  5.717  -93.770  15.411 1.0000000000
117029  18.407  -66.716  13.651 0.8000000119
117138  7.655  -86.929  3.327 1.0000000000
117166  0.816  -73.369  17.427 1.0000000000
117256  -2.600  -81.507  22.759 0.1000000015
117267  -5.065  -78.993  -5.011 0.8999999762
117350  13.772  -89.806  -3.314 0.6999999881
117362  5.720  -92.944  14.419 1.0000000000
117424  10.782  -79.338  17.737 1.0000000000
117438  18.899  -59.237  19.136 0.5000000000
117628  7.971  -88.695  6.836 1.0000000000
117640  -1.318  -77.739  26.246 0.8999999762
117696  -3.638  -73.747  21.791 1.0000000000
117789  -0.517  -71.197  -4.238 0.1000000015
117799  -5.295  -72.543  -0.385 0.6000000238
117805  -3.677  -67.267  18.215 0.1000000015
117835  -5.264  -94.990  9.000 1.0000000000
117884  1.373  -63.630  19.572 0.1000000015
117891  -1.552  -81.194  17.831 1.0000000000
117903  8.261  -97.166  15.094 0.2000000030
118027  -2.486  -72.842  27.618 0.4000000060
118036  2.884  -94.081  1.935 0.6000000238
118038  6.305  -83.198  -9.956 0.8999999762
118040  0.272  -86.385  6.057 1.0000000000
118056  6.082  -98.592  17.010 0.6000000238
118064  15.626  -90.028  -1.921 0.3000000119
118218  16.639  -55.112  18.852 0.3000000119
118234  -0.651  -86.593  19.039 1.0000000000
118434  11.945  -83.464  -5.092 0.1000000015
118613  -2.249  -98.646  15.473 0.6999999881
118624  -5.344  -80.096  14.995 1.0000000000
118668  2.390  -89.176  8.294 1.0000000000
118703  1.609  -64.276  20.321 0.3000000119
118788  7.504  -92.546  1.626 0.4000000060
118821  15.560  -67.696  17.364 0.2000000030
118863  4.404  -95.657  6.978 0.2000000030
119042  -2.230  -84.138  8.033 1.0000000000
119066  -5.270  -74.279  20.824 0.6999999881
119144  3.574  -99.290  16.954 0.8000000119
119231  11.784  -70.906  18.637 0.5000000000
119252  2.327  -97.614  7.093 0.5000000000
119271  -4.353  -68.213  16.941 0.1000000015
119299  10.223  -75.682  24.814 1.0000000000
119369  -7.373  -88.248  16.199 0.5000000000
119431  -0.055  -87.741  9.306 1.0000000000
119486  4.892  -85.549  -3.902 1.0000000000
119534  5.976  -90.788  -4.519 0.8999999762
119570  -6.763  -93.386  9.768 1.0000000000
119597  -6.404  -82.931  14.990 0.8999999762
119675  -6.647  -93.817  12.984 0.4000000060
119695  -0.173  -78.304  21.219 1.0000000000
119791  2.005  -74.031  14.363 1.0000000000
119815  3.901  -71.141  22.020 0.6000000238
119822  -3.515  -81.922  -5.626 0.8999999762
119827  4.048  -75.711  14.969 1.0000000000
119835  0.476  -73.729  17.652 1.0000000000
119861  12.063  -64.998  15.063 1.0000000000
119915  9.128  -77.781  12.922 1.0000000000
119957  12.177  -67.500  14.825 1.0000000000
120024  3.735  -99.167  19.851 0.6999999881
120084  3.993  -72.743  17.356 1.0000000000
120101  -5.586  -72.531  0.488 0.5000000000
120170  -6.514  -75.815  3.415 1.0000000000
120205  -6.546  -76.277  7.101 0.8999999762
120235  -2.962  -69.576  -0.806 0.1000000015
120394  15.217  -69.441  12.888 1.0000000000
120447  -6.361  -74.853  10.991 0.3000000119
120518  -0.524  -77.912  21.160 1.0000000000
120534  6.343  -88.931  9.520 1.0000000000
120548  -7.102  -88.158  16.796 0.3000000119
120658  19.667  -61.389  15.705 0.4000000060
120883  4.118  -77.616  -10.012 0.2000000030
121013  -8.379  -90.186  16.282 0.3000000119
121067  -4.639  -72.295  17.818 0.3000000119
121068  0.486  -83.456  11.075 1.0000000000
121086  3.827  -87.301  4.515 1.0000000000
121283  4.631  -84.914  8.592 1.0000000000
121285  -6.871  -91.582  8.274 1.0000000000
121436  -6.863  -93.994  14.216 0.3000000119
121446  -0.236  -96.682  7.855 0.8999999762
121489  -3.871  -70.992  3.242 0.2000000030
121525  -6.279  -73.618  3.030 0.6000000238
121645  -3.792  -75.691  31.800 0.1000000015
121857  1.403  -86.047  -2.510 1.0000000000
122059  -3.842  -96.158  11.069 0.8999999762
122072  -6.944  -82.154  0.120 1.0000000000
122102  14.034  -66.852  14.515 1.0000000000
122119  0.070  -86.124  13.481 1.0000000000
122136  5.793  -78.137  22.877 1.0000000000
122139  13.991  -87.146  -7.390 0.8000000119
122339  6.956  -81.238  19.423 1.0000000000
122519  -4.251  -92.106  9.422 1.0000000000
122526  -4.637  -76.533  -3.111 0.8999999762
122542  11.767  -71.911  23.583 0.8999999762
122574  -1.087  -98.737  19.848 0.8000000119
122746  0.718  -84.916  -1.780 1.0000000000
122852  5.303  -84.207  12.504 1.0000000000
122866  -5.165  -72.258  21.309 0.6999999881
122881  4.150  -85.657  -2.405 1.0000000000
122972  1.312  -98.039  9.916 0.8000000119
123037  -5.503  -82.036  8.534 1.0000000000
123147  6.752  -74.084  25.071 1.0000000000
123158  4.635  -99.192  18.682 0.6999999881
123205  -1.573  -88.809  14.286 1.0000000000
123264  22.695  -66.237  19.488 0.3000000119
123289  -2.126  -87.178  2.590 1.0000000000
123370  12.690  -70.880  18.803 0.6999999881
123494  -5.000  -75.131  16.509 0.6999999881
123553  -4.667  -80.657  1.285 1.0000000000
123568  6.912  -67.903  15.217 1.0000000000
123702  -2.829  -81.622  16.200 1.0000000000
123719  -8.688  -87.701  12.805 0.6000000238
123725  -8.773  -90.502  10.859 0.8000000119
123770  4.603  -77.472  25.041 1.0000000000
123833  4.520  -73.082  17.414 1.0000000000
123941  -3.563  -93.821  7.274 1.0000000000
123979  -5.940  -84.849  1.967 1.0000000000
123980  -5.275  -85.623  2.613 1.0000000000
124103  4.183  -85.393  -0.921 1.0000000000
124107  0.393  -98.229  21.549 0.8000000119
124108  -3.811  -75.947  -5.854 0.6999999881
124358  3.047  -69.576  16.802 1.0000000000
124386  9.357  -86.408  7.014 1.0000000000
124399  5.302  -69.673  22.228 0.2000000030
124491  0.228  -93.216  11.899 1.0000000000
124544  10.303  -93.380  5.650 0.1000000015
124659  -0.038  -81.023  3.916 1.0000000000
124675  5.282  -96.183  4.791 0.2000000030
124696  3.622  -99.157  15.141 0.8999999762
124719  -5.361  -71.587  2.703 0.4000000060
124811  -5.880  -86.977  11.708 1.0000000000
124843  5.565  -66.052  17.110 1.0000000000
124867  5.002  -73.266  16.980 1.0000000000
124922  4.212  -85.546  12.491 1.0000000000
124962  -0.785  -66.914  22.882 0.5000000000
125004  3.735  -78.166  27.352 1.0000000000
125016  0.171  -86.043  10.609 1.0000000000
125099  -4.763  -86.602  14.407 1.0000000000
125114  19.537  -59.599  18.937 0.5000000000
125151  -1.850  -82.856  4.179 1.0000000000
125197  -4.226  -98.041  15.748 0.2000000030
125250  -4.215  -75.989  -2.443 0.8999999762
125269  0.458  -85.441  20.471 1.0000000000
125355  10.175  -90.091  -5.074 0.8999999762
125446  -5.248  -81.472  21.928 0.3000000119
125468  5.572  -96.243  5.004 0.3000000119
125478  2.402  -78.494  27.057 1.0000000000
125504  -8.163  -85.945  17.241 0.3000000119
125505  8.657  -94.364  -0.586 0.4000000060
125517  2.686  -75.971  27.732 0.8999999762
125625  4.899  -70.945  20.686 0.4000000060
125670  -2.836  -69.840  0.806 0.2000000030
125739  11.451  -72.444  23.729 1.0000000000
125805  -6.668  -78.912  3.302 1.0000000000
125818  -2.331  -71.957  27.748 0.4000000060
125963  5.441  -62.874  15.493 0.8000000119
126013  5.420  -68.156  15.560 1.0000000000
126081  4.163  -86.432  -5.273 1.0000000000
126107  10.821  -83.487  5.488 1.0000000000
126191  -4.804  -71.721  4.672 0.2000000030
126276  4.266  -63.890  21.458 0.6000000238
126293  9.190  -85.501  2.694 1.0000000000
126301  -3.799  -73.366  30.193 0.2000000030
126323  -6.223  -78.998  13.589 1.0000000000
126412  1.190  -85.348  -1.749 1.0000000000
126428  8.261  -90.910  -4.573 0.8999999762
126436  16.541  -82.886  -8.999 0.3000000119
126463  2.669  -85.698  -7.595 1.0000000000
126464  -1.834  -79.312  1.483 1.0000000000
126545  2.243  -97.031  18.875 0.8999999762
126565  0.019  -82.601  0.029 1.0000000000
126704  -4.097  -71.483  4.028 0.2000000030
126846  3.660  -72.197  24.045 0.8000000119
127033  8.329  -85.255  0.146 1.0000000000
127051  14.401  -64.533  15.094 1.0000000000
127090  7.408  -84.456  -0.326 1.0000000000
127215  -6.203  -80.348  10.088 1.0000000000
127229  19.429  -70.885  17.186 0.8999999762
127235  2.801  -90.853  -2.935 1.0000000000
127386  -3.099  -91.373  9.619 1.0000000000
127467  -1.784  -81.838  -7.837 0.8000000119
127473  0.746  -81.049  2.473 1.0000000000
127586  -0.699  -98.658  19.022 0.8000000119
127738  -3.658  -96.030  10.517 0.8999999762
127752  -1.522  -72.231  26.522 0.3000000119
127755  17.350  -73.729  18.302 0.8999999762
127765  -6.302  -79.515  8.102 1.0000000000
127798  9.625  -54.228  15.942 0.3000000119
127845  -5.439  -94.864  9.509 1.0000000000
127986  5.507  -80.727  22.299 1.0000000000
128010  11.422  -55.114  15.664 0.2000000030
128018  7.746  -93.761  -1.586 0.5000000000
128023  1.372  -73.047  17.235 1.0000000000
128035  -6.882  -81.126  -0.174 1.0000000000
128072  3.184  -67.388  18.238 1.0000000000
128160  4.127  -83.201  2.514 1.0000000000
128207  8.044  -72.874  24.127 1.0000000000
128218  1.143  -98.136  13.001 0.8999999762
128220  -7.974  -84.915  14.071 0.6000000238
128237  -7.588  -94.041  15.915 0.3000000119
128275  9.716  -66.148  14.979 1.0000000000
128278  -4.694  -71.426  3.990 0.3000000119
128457  -5.915  -89.752  11.099 1.0000000000
128484  -7.124  -82.824  16.093 0.8000000119
128486  0.223  -82.895  5.287 1.0000000000
128494  -6.015  -75.970  -0.803 0.8999999762
128514  2.176  -99.068  15.371 0.8999999762
128521  10.834  -68.059  14.775 1.0000000000
128544  5.171  -84.983  0.401 1.0000000000
128572  -3.438  -67.398  23.487 0.5000000000
128608  10.387  -89.865  -4.382 0.8000000119
128611  7.160  -97.920  13.663 0.4000000060
128637  -5.524  -77.680  18.568 1.0000000000
128731  2.887  -88.998  6.087 1.0000000000
128765  17.130  -71.880  14.143 0.8999999762
128785  4.909  -70.136  16.024 1.0000000000
128787  -7.186  -93.842  14.835 0.3000000119
128801  10.059  -83.805  -10.788 0.6999999881
128813  5.696  -77.518  27.380 1.0000000000
128976  2.040  -90.905  11.045 1.0000000000
129011  -1.445  -89.435  12.032 1.0000000000
129057  -7.978  -88.964  9.780 1.0000000000
129076  4.423  -89.772  -4.672 0.8999999762
129106  -4.040  -74.709  21.486 0.8000000119
129127  19.961  -62.974  14.504 0.4000000060
129134  -5.599  -80.941  9.580 1.0000000000
129451  11.807  -70.197  13.038 1.0000000000
129507  -4.463  -75.201  -4.476 0.8999999762
129520  3.869  -84.092  6.746 1.0000000000
129602  -5.995  -93.487  7.770 1.0000000000
129636  -5.186  -71.667  0.885 0.4000000060
129814  16.449  -85.578  -8.973 0.6000000238
129872  -3.904  -97.806  13.318 0.8000000119
129876  2.010  -90.908  -2.040 1.0000000000
129879  -7.097  -82.653  4.493 1.0000000000
129931  3.442  -77.242  27.980 1.0000000000
129934  8.036  -74.194  14.655 1.0000000000
129979  6.044  -96.400  4.757 0.2000000030
129987  5.981  -98.548  18.560 0.6000000238
130091  12.457  -69.876  13.021 1.0000000000
130133  4.440  -96.257  17.203 1.0000000000
130220  -5.751  -94.989  11.020 0.8999999762
130237  2.640  -89.018  4.470 1.0000000000
130251  9.894  -65.026  16.888 1.0000000000
130269  20.722  -69.357  18.308 0.6999999881
130301  -0.434  -69.295  17.336 0.1000000015
130325  13.850  -77.212  19.229 1.0000000000
130344  3.309  -88.245  5.981 1.0000000000
130524  9.487  -81.565  9.555 1.0000000000
130534  17.077  -69.747  21.634 0.6999999881
130570  13.523  -76.133  21.593 1.0000000000
130654  9.040  -77.118  25.334 1.0000000000
130696  8.206  -90.848  -4.886 0.8999999762
130702  -0.558  -94.668  5.246 0.8999999762
130710  1.550  -91.015  -1.072 0.8999999762
130807  1.847  -68.033  19.544 0.8000000119
130831  3.717  -62.143  19.147 0.5000000000
130837  10.531  -70.390  18.525 0.4000000060
130842  1.389  -91.173  -0.171 1.0000000000
130917  -7.599  -84.825  12.582 0.8999999762
130926  -7.975  -86.455  19.254 0.2000000030
130955  -2.198  -79.323  1.779 1.0000000000
130964  1.661  -97.723  14.725 0.8999999762
130995  -3.774  -77.077  -1.577 0.8999999762
131067  9.077  -73.038  13.630 1.0000000000
131168  4.868  -79.113  22.900 1.0000000000
131227  -4.041  -84.604  15.144 1.0000000000
131245  13.716  -55.935  17.615 0.3000000119
131257  9.541  -95.296  16.619 0.1000000015
131310  4.883  -95.855  16.736 1.0000000000
131421  5.849  -76.892  14.837 1.0000000000
131455  7.061  -61.380  14.685 0.8000000119
131458  3.249  -74.349  14.488 1.0000000000
131461  3.739  -90.502  -4.173 1.0000000000
131501  12.264  -76.909  22.518 1.0000000000
131527  -6.367  -80.408  5.093 1.0000000000
131564  -1.367  -98.224  14.550 0.6999999881
131647  0.187  -84.417  -7.167 1.0000000000
131653  10.064  -84.055  2.974 1.0000000000
131716  1.798  -83.664  1.273 1.0000000000
131721  6.196  -85.334  -4.408 1.0000000000
131769  8.097  -56.706  15.286 0.3000000119
131843  3.059  -86.910  -5.973 1.0000000000
131863  -0.487  -98.419  20.832 0.6999999881
131926  4.682  -82.364  -9.394 1.0000000000
131929  -6.338  -94.191  12.064 0.8000000119
131934  4.042  -86.010  8.022 1.0000000000
132081  18.176  -63.166  15.618 0.6999999881
132084  -6.161  -75.766  11.842 0.6000000238
132173  8.431  -83.675  1.978 1.0000000000
132309  12.677  -67.112  14.881 1.0000000000
132345  1.275  -84.177  12.621 1.0000000000
132350  8.963  -93.095  -1.650 0.5000000000
132393  4.722  -89.953  14.359 1.0000000000
132414  11.427  -92.986  3.624 0.1000000015
132422  15.697  -94.758  5.300 0.1000000015
132439  -6.461  -74.980  6.643 0.3000000119
132475  9.230  -85.933  10.945 1.0000000000
132484  3.777  -86.735  -7.317 1.0000000000
132488  0.561  -94.765  13.649 1.0000000000
132554  2.578  -91.687  13.345 1.0000000000
132563  3.647  -92.762  10.654 1.0000000000
132631  11.135  -83.678  10.171 1.0000000000
132659  3.184  -78.349  23.615 1.0000000000
132673  8.827  -86.972  -7.554 1.0000000000
132738  0.024  -81.098  -8.474 0.6999999881
132819  5.428  -63.553  17.031 0.8000000119
132880  3.322  -97.131  6.686 0.5000000000
132881  6.215  -78.142  26.395 1.0000000000
132883  -1.694  -68.974  16.778 0.2000000030
132957  2.680  -97.272  22.327 0.3000000119
132995  11.194  -92.059  -1.068 0.4000000060
133024  -0.778  -85.126  9.884 1.0000000000
133029  4.698  -95.200  8.118 0.2000000030
133099  -4.799  -73.792  15.489 0.4000000060
133182  0.206  -92.881  3.864 0.8000000119
133204  0.258  -95.302  3.746 0.6000000238
133315  -0.122  -72.909  24.662 0.6000000238
133602  -5.771  -84.900  2.154 1.0000000000
133634  0.975  -88.735  4.278 1.0000000000
133697  3.878  -88.007  13.196 1.0000000000
133839  21.861  -67.340  19.552 0.5000000000
133881  14.715  -76.001  20.062 1.0000000000
133922  8.033  -85.690  -0.053 1.0000000000
133937  -5.717  -80.783  9.571 1.0000000000
133952  -5.025  -79.544  26.230 0.5000000000
133995  10.777  -84.618  9.819 1.0000000000
