global_signal	global_signal_derivative1	global_signal_power2	global_signal_derivative1_power2	csf	csf_derivative1	csf_derivative1_power2	csf_power2	white_matter	white_matter_derivative1	white_matter_power2	white_matter_derivative1_power2	csf_wm	tcompcor	std_dvars	dvars	framewise_displacement	rmsd	t_comp_cor_00	t_comp_cor_01	t_comp_cor_02	t_comp_cor_03	t_comp_cor_04	t_comp_cor_05	c_comp_cor_00	c_comp_cor_01	c_comp_cor_02	c_comp_cor_03	c_comp_cor_04	c_comp_cor_05	c_comp_cor_06	c_comp_cor_07	c_comp_cor_08	c_comp_cor_09	w_comp_cor_00	w_comp_cor_01	w_comp_cor_02	w_comp_cor_03	w_comp_cor_04	w_comp_cor_05	w_comp_cor_06	w_comp_cor_07	w_comp_cor_08	w_comp_cor_09	w_comp_cor_10	w_comp_cor_11	w_comp_cor_12	w_comp_cor_13	w_comp_cor_14	w_comp_cor_15	w_comp_cor_16	w_comp_cor_17	w_comp_cor_18	w_comp_cor_19	w_comp_cor_20	w_comp_cor_21	w_comp_cor_22	w_comp_cor_23	w_comp_cor_24	w_comp_cor_25	w_comp_cor_26	w_comp_cor_27	w_comp_cor_28	w_comp_cor_29	w_comp_cor_30	w_comp_cor_31	w_comp_cor_32	w_comp_cor_33	w_comp_cor_34	w_comp_cor_35	w_comp_cor_36	w_comp_cor_37	w_comp_cor_38	w_comp_cor_39	w_comp_cor_40	w_comp_cor_41	w_comp_cor_42	a_comp_cor_00	a_comp_cor_01	a_comp_cor_02	a_comp_cor_03	a_comp_cor_04	a_comp_cor_05	a_comp_cor_06	a_comp_cor_07	a_comp_cor_08	a_comp_cor_09	a_comp_cor_10	a_comp_cor_11	a_comp_cor_12	a_comp_cor_13	a_comp_cor_14	a_comp_cor_15	a_comp_cor_16	a_comp_cor_17	a_comp_cor_18	a_comp_cor_19	a_comp_cor_20	a_comp_cor_21	a_comp_cor_22	a_comp_cor_23	a_comp_cor_24	a_comp_cor_25	a_comp_cor_26	a_comp_cor_27	a_comp_cor_28	a_comp_cor_29	a_comp_cor_30	a_comp_cor_31	a_comp_cor_32	a_comp_cor_33	a_comp_cor_34	a_comp_cor_35	a_comp_cor_36	a_comp_cor_37	edge_comp_00	edge_comp_01	edge_comp_02	edge_comp_03	edge_comp_04	edge_comp_05	edge_comp_06	edge_comp_07	edge_comp_08	edge_comp_09	edge_comp_10	edge_comp_11	edge_comp_12	edge_comp_13	edge_comp_14	edge_comp_15	edge_comp_16	edge_comp_17	edge_comp_18	edge_comp_19	edge_comp_20	edge_comp_21	edge_comp_22	edge_comp_23	cosine00	cosine01	cosine02	cosine03	trans_x	trans_x_derivative1	trans_x_power2	trans_x_derivative1_power2	trans_y	trans_y_derivative1	trans_y_power2	trans_y_derivative1_power2	trans_z	trans_z_derivative1	trans_z_derivative1_power2	trans_z_power2	rot_x	rot_x_derivative1	rot_x_derivative1_power2	rot_x_power2	rot_y	rot_y_derivative1	rot_y_power2	rot_y_derivative1_power2	rot_z	rot_z_derivative1	rot_z_power2	rot_z_derivative1_power2	motion_outlier00	motion_outlier01	motion_outlier02
875.7697605619198	n/a	766972.6735146825	n/a	1348.6704007541432	n/a	n/a	1818911.849870341	826.2048649805158	n/a	682614.4789174724	n/a	889.3419788945638	783.5558931818632	n/a	n/a	n/a	n/a	-0.0409545613	0.0508042692	-0.0978551998	0.046750846	-0.1344311	-0.0312357364	0.0982641207	-0.080315168	0.1102249514	-0.0790431942	0.0722753682	0.0041231466	-0.1033251009	0.1638216582	-0.0019497225	0.1204164322	-0.0597914039	0.1025851917	-0.1411305048	0.0711550037	-0.0313075268	0.0375163611	-0.0381324948	0.0515891018	-0.0552882717	0.0866940409	-0.0103914264	0.0534726171	-0.0276888928	0.1265829392	-0.0720165261	0.0782389536	-0.2419147658	0.0735261496	-0.0039839252	-0.010515294	0.065272019	-0.1071354193	0.050454365	0.0404890583	-0.0581989104	0.0438023832	0.057470996	0.1575114022	-0.0652787912	-0.1079459263	0.0120863705	0.0691447532	0.0458195444	-0.1320195296	-0.0753452314	-0.0292537045	0.0030892596	0.1273007656	-0.1683184712	-0.0448419075	-0.011475669	-0.0225548437	0.1006739961	0.0790005603	-0.0317020519	0.1812897321	-0.04939808	0.0913600484	-0.0218783952	0.0429838937	-0.0956302007	0.0193395268	-0.0799839928	0.0026987887	-0.0641816789	-0.1412508002	0.0836758417	-0.0447016612	0.1012291149	-0.1195905611	0.1233821251	-0.0924147663	0.0778217609	-0.0091789684	0.0209284373	-0.0581237328	0.0091471293	-0.0786768255	-0.1935007221	0.0830104915	-0.1147934885	0.0443993797	0.0052342652	0.0203964351	-0.1072211456	-0.037681414	-0.2761204924	0.072167336	0.0829888092	-0.174790995	-0.0563772117	-0.0276997159	0.0411250967	-0.0113720968	0.030415471	-0.0846767702	0.0289371725	-0.0175896387	0.0966286103	-0.1124730019	0.0022733951	-0.0278389305	0.0994466039	-0.1506685487	0.037958432	-0.0865664335	0.1141968611	0.0128265831	-0.0597666919	0.0743726059	-0.0256942578	0.0950599962	-0.049252177	0.0221094224	-0.0278642387	0.1290883846	0.1290552057	0.1289999139	0.1289225186	-0.0088126765417229	n/a	7.766326782903309e-05	n/a	-0.0552770011126853	n/a	0.0030555468520118	n/a	-0.0061564258015209	n/a	n/a	3.7901578649632254e-05	-0.0	n/a	n/a	0.0	0.0004889999299877	n/a	2.3912093152797546e-07	n/a	0.0	n/a	0.0	n/a	0.0	0.0	0.0
875.2589411090659	-0.5108194528539798	766078.2139913632	0.2609365134140393	1342.0956630482392	-6.574737705903999	43.22717590143578	1801220.768772893	826.594337251707	0.3894722711911527	683258.1983765886	0.1516886500267947	889.6247499163601	773.7045275073185	0.983425	28.342272	0.0949744646868574	0.0505743922857808	-0.0180905336	0.0387148739	0.1341153619	-0.0249330451	0.0117846333	0.0707497356	0.0100936044	0.0368382728	-0.0631581198	0.10935915	-0.0752105269	-0.0234533252	-0.0165467968	-0.0154600536	0.0851349409	0.097176808	-0.026221317	0.1431656459	0.0894820762	-0.0430000694	-0.0510242698	0.0127385304	0.0094057962	-0.1474926091	0.0082264312	0.0539739086	-0.1353070428	0.0525477251	-0.0817448248	0.0289770388	0.0284183144	0.1696539609	-0.1690181657	0.128701844	-0.0220796247	-0.0382017919	0.0070619188	-0.0264457071	-0.0474422972	0.0018823362	0.0442202222	0.1743597649	-0.0530007933	-0.1188694905	0.123217606	0.154914397	0.1491405539	-0.1240367091	-0.1525873959	0.1498110781	-0.0362704855	-0.1182382956	-0.1020226539	0.0328292794	-0.0684688856	-0.0729071947	-0.0402977039	0.0274067032	0.0281851218	0.0117735002	-0.0318566633	-0.0627701177	0.1085370011	-0.0369985518	-0.1201143572	0.0202188442	0.0266268585	-0.050551454	-0.1035125144	0.0077736197	-0.1666725433	-0.0856999636	0.0059734904	-0.1465429014	-0.0330404178	0.0324255495	-0.172963225	-0.1273494245	-0.1129967136	0.050585605	-0.0920554213	0.1363014068	-0.048157464	-0.0768457287	-0.0028924414	0.1039490442	0.0389876053	-0.0090451099	0.0069538215	0.0965353062	-0.10983213	0.0480202231	-0.0887015652	-0.1944716965	0.2496883189	0.0227533806	0.0153326024	-0.0275770862	0.0305235598	-0.0082609958	0.0698705462	-0.0255681216	0.0843075924	0.0015665336	0.0419442892	0.0167426921	0.1592917065	-0.1145405977	0.0829438836	-0.1294396365	0.1102650588	-0.0207124075	0.0694763716	0.0441698848	0.0963089185	-0.0217032545	-0.0254358113	0.0209454765	-0.0388921475	0.0234748283	-0.0704310099	0.1289999139	0.1287014744	0.1282045865	0.1275100165	6.058524421348466e-05	0.0088732617859363	3.670571816407576e-09	7.873477472175895e-05	-0.0200823570729511	0.0351946440397342	0.0004033010656055	0.0012386629690835	0.0062488427939797	0.0124052685955006	0.0001538906889265	3.904803626387202e-05	-2.5908002825340493e-08	-2.5908002825340493e-08	6.71224610397851e-16	6.71224610397851e-16	0.0001270000059314	-0.0003619999240562	1.6129001506575636e-08	1.3104394501676694e-07	0.0004079999732546	0.0004079999732546	1.664639781757543e-07	1.664639781757543e-07	0.0	0.0	0.0
875.3005358712146	0.0415947621487475	766151.0280964355	0.0017301242382108	1336.223776177799	-5.871886870440221	34.479055419248255	1785493.9800228567	829.1565098411643	2.5621725894573046	687500.5178119808	6.5647283781663495	890.7474650123094	784.3390663568105	0.952946	27.463873	0.0489582162595578	0.0244425131964508	-0.037532328	0.0785220289	-0.0732783594	0.0059988903	-0.0361151786	-0.0674335076	0.0109091961	-0.0318260536	0.0808317891	-0.0183765297	0.0771621401	0.1358703098	-0.1242681886	0.0457007195	0.0451160877	0.0216479093	0.0517524177	-0.0010941197	-0.1037881451	-0.0914810666	-0.0597321192	0.0052485625	0.115864147	-0.1475682457	0.0055698527	0.1557705692	-0.0252371072	0.1198610169	-0.1185011913	-0.0111896326	0.0362910142	0.0301799505	-0.03929599	0.0099334035	-0.0054874422	-0.0493246892	-0.0135483019	-0.0462840424	-0.0922900622	-0.0008267346	-0.0349749518	-0.0051291197	0.0717704484	0.1643026682	0.0434652901	-0.1092518263	-0.1278400536	-0.0249637781	0.1613186495	0.0234582557	0.0101633919	0.0740227201	-0.0199417845	-0.0833385168	-0.0237133575	0.1732107943	-0.0188390402	0.1320419819	0.0141687113	0.0395899515	0.0458619061	0.0863051721	-0.0385387251	-0.0552658642	0.0246221906	0.1121107826	-0.1034814399	-0.1073534698	0.0423756056	0.0403376065	-0.0845533319	-0.0643178671	0.1476343233	-0.0420215086	-0.0551709727	0.0038954699	-0.1544394566	-0.0851168303	0.1705480448	0.0202950591	0.0068235634	0.017762543	0.0870697685	-0.0177317132	-0.0242139265	0.0479144191	0.0308382146	0.1383939173	0.0713000524	0.1974068946	-0.0352468194	0.0037093245	0.0844507009	0.0892822189	-0.084602688	0.0309447826	-0.0069967831	-0.036222486	0.0338815765	0.0208315704	0.0419120597	0.0080932554	0.0804454341	0.0285570717	0.054814334	-0.079836492	0.0467278922	0.0006164937	0.1761562376	-0.0946798735	-0.0435554453	-0.1159268078	0.0336091209	-0.0883417954	0.1108098175	0.0976383074	-0.0830039266	0.0673488016	-0.0069104712	0.1039818705	0.043951323	0.1288230331	0.1279949812	0.1266188352	0.124700488	0.0173806152617999	0.0173200300175864	0.0003020857868787	0.00029998343981	-0.0070885540316254	0.0129938030413256	5.024759825927271e-05	0.0001688389174767	3.0638459804777085e-06	-0.0062457789479992	3.900975466727027e-05	9.38715219208941e-12	-4.99855166563438e-05	-4.995960865351846e-05	2.495962496812717e-09	2.498551875401624e-09	-7.101019844291123e-05	-0.0001980102043743	5.042448282901633e-09	3.9208041036356506e-08	0.0004079977012295	-2.2720251000138587e-09	1.6646212420855634e-07	5.1620980550929855e-18	0.0	0.0	0.0
875.5035566984063	0.2030208271917217	766506.4777915595	0.0412174562736109	1340.3255994011374	4.101823223338442	16.82495375551857	1796472.7124100183	828.3919151315356	-0.7645947096286818	686233.1650552932	0.5846050699921682	892.085766415247	771.5548821868183	0.939175	27.066996	0.0227179257259218	0.0142429212877424	-0.0214155565	0.0464590966	0.1027865175	-0.0902637093	0.0483085735	-0.0326888784	-0.0906815496	0.041588432	-0.0652274336	0.0524202195	-0.0171442113	-0.0111897913	-0.0828439223	0.0032345359	0.0042908573	0.0180568543	0.0603761252	0.0009967635	0.065400079	-0.0448799504	0.0381703822	0.0472544524	-0.0687314341	-0.0294074392	0.0889022179	0.1242082454	-0.050566289	-0.0069248949	-0.0040918258	-0.0252700205	0.0236943944	-0.0053310866	-0.0961990402	0.0394972472	0.0412358626	0.039701687	0.034261705	0.1256500955	0.1309767069	-0.0622326495	0.0575073914	-0.1313628603	0.0637523369	0.144967023	-0.1636298768	-0.1031549157	-0.0551707601	-0.0122102992	-0.0963703063	0.1083037342	0.0512364365	-0.095071474	0.0704887882	0.0190453377	-0.0860249739	0.1333461704	-0.0929061704	-0.1132758324	0.0079941083	-0.069936299	0.0115044345	-0.0985925261	0.0361904848	-0.0173905031	-0.0453275567	0.0022106787	-0.0454761428	-0.017914711	-0.000743595	-0.1108791659	-0.0883737501	-0.0413945252	0.0767001766	-0.0700803637	-0.0045066031	0.0228711928	0.0002776506	-0.1343783567	0.028962407	-0.0132867198	0.0689473959	-0.0831658133	0.0931166176	0.0823907328	-0.0278706039	0.0088439581	0.0008696814	-0.0651784173	-0.0238204462	0.0686448875	0.0673476092	0.0358569798	0.1637560718	-0.1513092862	-0.0074812115	-0.201326606	-0.0585639386	-0.038430409	0.0095156286	-0.0346226787	0.1039252901	-0.0316493446	0.0279943345	-0.0310347933	0.0414409962	0.065908587	0.0899307605	-0.0823147829	0.0858821138	-0.1499357118	-0.0175404954	0.0069957624	-0.0214677341	0.0536884281	0.1150779227	-0.0130122416	-0.0351520822	0.1205171558	0.0692827665	0.0072774829	0.0157822126	0.1285578634	0.1269376627	0.1242524367	0.1205247148	0.01600278218487	-0.0013778330769298	0.0002560890376563	1.8984239878821115e-06	-0.0059707744570403	0.0011177795745851	3.565014761684489e-05	1.2494311773596474e-06	2.602357092484908e-05	2.295972494437137e-05	5.271489695211888e-10	6.772262436806502e-10	-1.0856999080148533e-08	4.997465965726365e-05	2.497466607859335e-09	1.1787442902634608e-16	3.300000024597516e-05	0.0001040101986888	1.0890000162343603e-09	1.0818121431301625e-08	0.0006579999098726	0.0002500022086431	4.329638813923498e-07	6.250110432642813e-08	0.0	0.0	0.0
874.0367188265885	-1.466837871817802	763940.185857149	2.1516133421989783	1331.3384950974407	-8.987104303696697	80.76804376552369	1772462.1885283182	828.7870252031756	0.3951100716400333	686887.9331451292	0.1561119687113922	890.5862236345635	780.1829903878898	0.957668	27.599964	0.0372487541587179	0.0281748692554706	-0.0429012455	0.0079299095	-0.1236774538	0.0317669024	0.0016381033	-0.068876769	-0.0033010719	-0.0599383958	0.121534765	-0.0568690445	-0.0074349848	0.0859177976	-0.0510213496	-0.0557002165	0.0843173224	-0.0578161077	0.0618388803	0.018047226	-0.1551776979	0.080337636	-0.0399013907	0.0266566093	0.112451662	-0.1165852127	0.0752275946	0.1343297115	-0.0246614633	0.0728445622	0.0704202514	0.1243427774	0.0429153735	0.00850111	-0.0357466546	0.0930257086	0.1929729149	0.0871836943	-0.0398914686	-0.0063820305	0.0611375839	-0.013808027	0.064888305	0.0229187877	-0.0641065426	0.007477242	-0.1277350754	0.1404722258	-0.0655969571	-0.0458428286	-0.0937318174	0.2268851638	0.0352519394	0.0469720441	0.0192549093	-0.1230808678	0.004616239	0.0827181768	-0.0498551232	-0.0707584851	0.0425730003	0.0243768132	0.0680569137	0.1174941173	-0.0859536894	-0.0432632402	0.0049905844	-0.0114036562	-0.0732229178	0.0166726266	-0.0128719049	-0.0780155579	-0.1976207504	-0.028378966	0.0831903045	-0.1637861854	-0.0581638978	-0.0155483705	-0.070945825	-0.0244949343	0.0331112728	0.1057332465	-0.1837986431	0.0133337711	-0.0190872019	-0.1025629152	0.1144596873	-0.0393520268	0.0563826993	0.0089505676	0.0184977058	0.0857679217	0.0045680928	0.02348778	0.0675384236	-0.0047597541	-0.0934430225	0.1796008146	-0.0330011957	-0.0361085965	-0.0107278639	-0.0088027054	0.105976311	-0.0567941176	-0.0347654175	-0.0288000998	0.0269961331	-0.0975931373	0.0489899533	-0.1090382596	0.1697922087	-0.1079499839	-0.0043889573	0.019574928	-0.0291466063	0.1261048018	0.002813628	0.0286180689	-0.0515882888	0.0581336571	-0.0147626179	0.075393342	-0.1274801053	0.1282045865	0.1255324169	0.1211199807	0.1150284477	0.0181973383839277	0.0021945561990576	0.0003311431242591	4.81607691082257e-06	0.0208248299964708	0.0267956044535111	0.0004336735443819	0.000718004418029	1.928605135503858e-05	-6.737519569810498e-06	4.539416995357944e-11	3.719517768691855e-10	2.5524536477797812e-08	3.638153555794634e-08	1.323616129554114e-15	6.515019624064309e-16	-7.100003806015387e-05	-0.0001040000383061	5.041005404543298e-09	1.0816007967676305e-08	0.0007190006097625	6.100069988989991e-05	5.169618768388468e-07	3.721085387057634e-09	0.0	0.0	0.0
873.8097091074746	-0.2270097191138802	763543.4077304895	0.0515334125721628	1336.7857779558967	5.447282858455992	29.672890540028483	1786996.216145152	827.2759969455917	-1.5110282575839165	684385.5751223227	2.2832063952170865	891.2822708264569	768.063709809847	0.990266	28.539434	0.0533045422077201	0.0284009699484431	-0.0356632207	0.0101468501	0.0900141703	-0.0812375617	-0.0242715867	0.0445772798	-0.0604872732	0.0860374971	0.0007101418	0.1044053972	-0.0002006049	-0.0250443137	0.0011932592	-0.0139213387	0.0257538434	0.0142329913	0.0146584229	0.0507699723	0.0597877091	-0.0747484976	-0.04087307	0.0659808576	0.1185322763	-0.1160306285	-0.062306847	0.0076612386	0.0652237009	0.0614826046	0.0230859759	-0.0120524568	0.0326894791	-0.0436905595	0.1126207053	0.1283171435	-0.1127601641	0.0100827185	-0.1028537983	-0.0628857516	-0.0251407697	-0.0058047986	0.0154634412	0.1768035376	-0.0170614237	0.1286795155	-0.150726132	-0.013355072	0.0389896279	-0.1366093875	0.1248746158	-0.1717144671	0.1390343868	0.1489347775	0.0485791692	0.0966254171	0.1979217529	-0.1831506467	-0.0168347424	-0.0942168957	-0.0109684294	-0.0599728633	0.0071372806	-0.043654648	0.1303185753	-0.0154601008	-0.0142854265	0.0476789232	0.0367596727	-0.1069867943	-0.0596967461	-0.0114474493	-0.103923349	0.0543303183	-0.0192999101	0.0121493248	0.0532921237	-0.0734989425	-0.0426350527	-0.0145103156	0.1322389203	-0.0087981357	0.026799405	-0.0878245903	-0.2053189328	-0.1114842767	0.0844117173	0.0901058201	0.0569804599	-0.0698468532	-0.0228419299	-0.0106589259	-0.0152765593	-0.0262202536	0.0735451197	0.0650363596	-0.1389389398	-0.0714420437	0.0090641693	-0.0378419688	0.0035082765	0.0405131509	0.0472133919	0.0347242122	0.0572679749	0.0399509611	0.0003868377	-0.0073871021	0.1552231095	-0.0272341558	0.0187340618	-0.0928842013	0.0013867074	-0.0716041317	-0.0699203915	-0.0110887371	0.1255338015	0.028099388	0.0311230004	0.0099763937	-0.0112718776	0.0346170809	-0.0061592487	0.1277634447	0.1237830955	0.1172407796	0.1082719048	0.0138299020718761	-0.0043674363120515	0.0001912661913176	1.907449993982687e-05	-0.002747817163339	-0.0235726471598098	7.550499163140387e-06	0.0005556696941208	0.0045304522959526	0.0045111662445975	2.0350620886396465e-05	2.0524998005902185e-05	-0.0002634493022366	-0.000263474826773	6.941898434310336e-08	6.940553484895142e-08	-0.0001236078936019	-5.260785554174613e-05	1.527891136069863e-08	2.767586464701228e-09	0.0008199837772729	0.0001009831675103	6.723733949907328e-07	1.0197600120433505e-08	0.0	0.0	0.0
873.349672593358	-0.4600365141166094	762739.6506189257	0.2116335943205613	1335.5228540308335	-1.2629239250632054	1.5949768404970528	1783621.2936386631	829.193870719293	1.9178737737013307	687562.4752384437	3.678239811851383	891.0919851490398	772.934206453662	1.008204	29.056419	0.096989731068594	0.0663103102681252	-0.0468452758	-0.0058838692	-0.1213477221	0.0441255786	0.0328676809	-0.0343406314	-0.0156946714	-0.040826355	0.1025692906	-0.1029623659	-0.0045409252	0.1402554796	-1.382e-05	0.0099412367	-0.0419112766	0.0514224954	0.0718941086	-0.0081590688	-0.1367340439	-0.0274354062	0.0544870552	0.0984100311	-0.0034691143	0.1912838607	0.0964173686	-0.1741142902	0.0342007195	-0.0333003577	-0.0073160223	-0.1281987581	0.0156230666	-0.0638553685	0.0158028654	0.0120562192	-0.0762631659	-0.0990460529	-0.1290070181	0.0756832162	-0.0487835608	0.0742484709	-0.0272090862	0.0952760407	0.087326254	-0.1292963875	-0.0172343795	0.1809068619	-0.0063414542	-0.0230572547	-0.1192268491	0.0581278888	-0.1344446865	-0.0988588512	0.1616783855	0.0135947368	-0.0159699056	-0.0106613735	0.1633609822	0.1015596545	-0.2262370908	0.0049140941	0.0081599617	0.0867354519	-0.1471446846	-0.0026024866	-0.0059279009	0.1248648124	-0.0407993702	-0.0052584916	0.1039218867	-0.0599046773	-0.0106299533	0.0313988513	-0.0825527952	-0.0159414234	-0.0329909178	0.0157318858	0.0119692433	0.0651098643	-0.225943607	0.0819240383	0.1479953597	0.0327739691	0.0663637852	-0.0001928367	0.0026858613	0.0178289709	-0.1647387166	-0.0523345544	-0.0384499771	0.1439664794	0.0154762204	-0.1065526724	0.0150119752	0.0027906258	0.097724074	0.1298789937	-0.0550647175	-0.0521735115	-0.0469013687	0.0057410318	0.092140169	-0.0938540818	0.0136376031	-0.0889204103	0.0137784868	-0.0636350402	-0.0991007766	0.0593200472	0.1174057415	0.022759906	-0.0717406985	0.0198502919	0.0756060386	0.0036313743	-0.067343957	-0.0307369293	0.0233296337	-0.0136070417	0.0672214437	-0.0049251854	0.0920519156	0.1272347401	0.1216944932	0.1126387502	0.1003291122	0.0148767565567311	0.0010468544848549	0.0002213178856482	1.0959043124610268e-06	-0.0168909780997807	-0.0141431609364416	0.0002853051411672	0.000200029001274	-0.0212462043559895	-0.0257766566519421	0.0006644360281521	0.0004514011995364	0.0008040293272669	0.0010674786295035	1.1395106244466708e-06	6.464631591052638e-07	-7.067032820029517e-05	5.293756540160482e-05	4.994295287937435e-09	2.8023858306491876e-09	0.0008200287622749	4.4985002000037285e-08	6.724471709581044e-07	2.0236504049433578e-15	0.0	0.0	0.0
875.2531007126896	1.9034281193315792	766067.9903071775	3.6230386054621526	1338.0840611850515	2.561207154217982	6.559782086817374	1790468.9547974807	829.3198023889263	0.1259316696332462	687771.3346344078	0.015858785416617	892.8597293389374	767.9089635403357	1.010854	29.132793	0.0585251403904801	0.0434163454923349	-0.0342832126	-0.0211557693	0.1252021447	-0.068918746	-0.0690544491	-0.0283159837	-0.0070588377	0.1207863077	0.0382894594	0.0499736394	0.065336706	-0.1043036993	0.0052447605	-0.0306491077	-0.0341935234	0.0268134538	0.0759833743	0.0333403086	0.1018647333	0.0428853487	-0.0398457728	0.0314488141	-0.1359318008	0.0366124413	0.1573589205	-0.2358654123	0.1711432186	-0.1352733753	0.18014121	0.0303262783	-0.0114386568	-0.0796269584	0.0081705129	0.0499997033	0.1299224455	0.0229244723	0.1436800044	-0.0814002114	-0.0585447602	-0.1445718226	-0.067811081	0.1240024386	0.0309998406	-0.0132064033	0.1607677861	0.0374934629	0.0237124573	0.0072178608	0.1178604819	0.0777299369	0.1259948752	0.1159334046	0.0777123697	-0.1425495689	-0.0751566082	0.0833815445	0.0709738078	0.0066018325	-0.1606050044	-0.0740641687	-0.0260595321	0.0068071443	0.114832107	0.040518912	-0.0149952671	-0.0302158837	-0.0050608591	0.0529584921	0.0694050562	-0.0902165392	0.129175154	0.1430218563	-0.0514068617	-0.0756703404	-0.0169185053	-0.091660025	0.1484915505	-0.0129060386	-0.1735927189	0.1319213813	0.0090860351	0.0461910898	0.0470294092	0.0142519679	0.1249864708	0.0223110817	-0.1210573813	0.0179051499	0.2327569319	-0.0087668737	-0.0246186746	0.2152962839	0.1046931623	0.1232130717	-0.0700183988	0.0626920102	-0.2095025934	-0.0332545757	-0.0297205073	-0.0173884663	0.0694005755	-0.0710333895	-0.0846539951	-0.0220404107	-0.0126570987	0.0611611299	0.071264689	0.0033513796	-0.0539176943	-0.039939403	-0.0338390242	0.069993745	0.0431420149	0.1207917309	-0.0707529522	-0.0459391585	-0.0564894468	0.0130240545	0.0364965357	-0.0149797746	-0.0126280998	0.1266188352	0.1192723348	0.1073422654	0.0912870929	0.0148218457568276	-5.491079990349937e-05	0.0002196871116391	3.015195946042146e-09	0.0036373794648341	0.0205283575646148	1.3230529371196804e-05	0.0004214134643006	-0.0202708125822681	0.0009753917737213	9.51389112243376e-07	0.0004109058427454	6.5029092265156e-05	-0.0007390002350017	5.461213473326329e-07	4.2287828408301715e-09	-7.097338443196044e-05	-3.030562316652663e-07	5.037221297726845e-09	9.184307955115157e-14	0.0008200024484635	-2.6313811400018386e-08	6.724040154861349e-07	6.924166703957375e-16	0.0	0.0	0.0
875.4726326162147	0.2195319035250804	766452.3304599656	0.0481942566653452	1336.0329208374023	-2.0511403476491523	4.207176725754286	1784983.9655613203	830.9769937954708	1.6571914065444844	690522.7642173578	2.746283357924886	893.028570710407	778.0603312100205	1.017834	29.333948	0.0685219029621125	0.0404505483108605	-0.0530968749	0.0096125308	-0.1140557079	0.0291600989	0.0360130471	0.0885747919	-0.0178593211	-0.026839901	0.0387855023	-0.0743452611	-0.0867772296	0.0314881622	-0.0169882138	-0.007888026	0.0864552365	-0.0401345779	0.0880280507	-0.0883663366	-0.0833591296	-0.0372302987	0.0486884286	0.0062754017	-0.069146755	-0.0317474602	-0.0822346601	-0.0311546403	-0.031270711	0.0537350461	0.05910716	0.0865472197	-0.0901909895	0.0093072963	-0.0091717777	-0.1025660042	-0.048002022	0.0515501489	-0.0277105056	0.1004156777	0.0473456119	0.0445927849	-0.0803313036	0.0230587709	-0.0066343095	-0.1787450573	0.0993166094	0.1560106788	-0.0341520842	-0.0177863824	0.1350339211	-0.0384905373	-0.1160775766	-0.2306507722	0.1197161787	0.0170744752	0.1260558332	0.090716819	-0.073498151	-0.1714109755	-0.1368841168	0.0029500684	0.0845255761	0.0422170309	-0.1191929959	-0.0777383883	-0.0576695102	-0.0340838014	0.0170635373	-0.0885793428	-0.0668418198	-0.0015700003	0.0870175501	0.0417247151	-0.0388383828	0.0251140848	0.0521049044	-0.0736309008	-0.0213136253	0.1156012168	-0.0146471432	0.0613656653	-0.1300978978	-0.0034582066	0.0957332676	-0.0140562438	0.0096812119	-0.0319465996	0.0767290402	-0.1929574931	-0.0955186763	-0.0066752856	0.050577979	-0.0049282183	-0.0279692334	-0.0162305858	-0.0337362719	0.0902356712	-0.0169863634	-0.0412744931	-0.0056350813	0.0529851855	0.0328896922	0.0197043398	0.0732911043	0.0387472965	-0.0335588606	-0.0148514756	-0.0543476512	0.0129210696	0.0653761796	0.0713976273	0.1224565841	0.0053512824	-0.0506894744	0.0432611382	0.0196827011	-0.0070365069	0.1125737363	-0.1387758184	-0.0809895891	-0.0334131038	-0.0555739888	0.1259161521	0.1165232592	0.1013839798	0.0812449131	0.0162052656036166	0.001383419846789	0.0002626106332837	1.913850472489701e-06	-0.0225426347824537	-0.0261800142472878	0.000508170382935	0.0006853931459881	0.0066346010024176	0.0269054135846857	0.0007239012801629	4.401793046128063e-05	-7.197600461227363e-05	-0.0001370050968774	1.8770396570393882e-08	5.180545239946036e-09	-7.10242835131325e-05	-5.089908117206222e-08	5.0444488485538264e-09	2.5907164641601778e-15	0.0006759973387551	-0.0001440051097083	4.569724020039775e-07	2.0737471622128296e-08	0.0	0.0	0.0
874.8930774896277	-0.5795551265870245	765437.8970392717	0.3358841447533019	1338.9366950315589	2.90377419415654	8.431904570649463	1792751.4733020335	828.7376648611844	-2.239328934286391	686806.1171595688	5.014594075932223	893.6795058564344	774.3788945313926	0.994546	28.662788	0.0443076382018196	0.0209611701508551	-0.0173041854	-0.0116829936	0.1020262515	0.0148893263	-0.0557116232	-0.021268904	-0.0275706612	0.1245705877	-0.0070401926	0.0594362184	0.065817723	-0.0829796059	0.0436043002	4.45218e-05	-0.0103352525	0.0257875924	0.0139629251	0.0486378713	0.0889432512	0.1103159849	-0.0713782112	-0.0858148119	-0.0562666976	-0.0323290595	0.0556070795	0.0902198562	0.0973253583	-0.1496679174	-0.0698326197	0.0054745417	-0.032855123	0.0467265623	0.0974305691	-0.1374545609	-0.1595638215	-0.2643887505	0.1609222263	0.0278029734	0.2222965411	0.0977584032	0.1080648005	-0.0560066445	0.0118430717	-0.1022435044	-0.1004344342	0.0385149806	-0.0115492607	0.0469468496	-0.1482556583	-0.2275337318	-0.0771565443	0.0728210335	0.0371408012	1.49107e-05	-0.0622040948	-0.0144449518	-0.0135451689	-0.1271484666	0.1393256104	-0.0998336471	-0.0819101273	0.0157353838	0.092472704	0.0579565177	0.0550719291	-0.11681854	-0.0127736086	-0.0019684961	0.0807432698	-0.1128954072	0.0931230822	-0.0257424578	-0.0022396356	0.0235353492	0.0020082868	0.005824076	-0.0122690556	-0.0177964701	0.047360436	-0.1623476042	0.1353261745	0.2342044068	-0.0761612862	-0.0256291568	-0.1459162351	-0.0230666519	-0.0650927081	-0.1100718022	-0.0400821494	-0.2055962681	-0.1041957997	-0.0455305629	-0.0902821399	-0.0041556347	-0.0650240236	0.0805990695	0.0665929927	-0.0326895942	-0.0237298781	0.0191129938	0.0153312711	0.0194216408	-0.011159811	-0.017041787	-0.0054591613	-0.0426308715	0.0101011046	0.1160304718	-0.1397628258	-0.0209620863	-0.0924450943	0.0035439434	0.0095663406	0.0245090262	0.0582396163	-0.0512303715	0.1202108451	0.0357857784	0.0561593397	0.0417302192	0.1121253549	0.1251271724	0.1134548014	0.0948006283	0.0703125971	0.0065237849234591	-0.0096814806801575	4.255976972755226e-05	9.373106816026294e-05	-0.0156784599773232	0.0068641748051305	0.0002458141072605	4.711689575538836e-05	-0.0041730282231782	-0.0108076292255958	0.0001168048494779	1.7414164551441808e-05	0.0001230291699803	0.0001950051745925	3.8027018117880125e-08	1.5136176666041548e-08	-7.094955698638827e-05	7.472652674422876e-08	5.033839636564757e-09	5.5840537992559336e-15	0.0008200045074545	0.0001440071686993	6.724073922456972e-07	2.0738064636817446e-08	0.0	0.0	0.0
874.2291294882181	-0.663948001409608	764276.5708457276	0.4408269485758128	1338.7657924427706	-0.1709025887882944	0.0292076948545408	1792293.8470149194	828.5385039436516	-0.1991609175328221	686476.0525171843	0.0396650710725155	891.9330051670446	767.6683121850557	0.949848	27.374601	0.0551227464506201	0.0260327522616424	-0.035765522	-0.0641645179	-0.0925334871	0.0016610435	0.0693028491	0.0672306862	-0.0683927824	-0.0164093717	0.0399326923	-0.1451588258	-0.069148456	-0.0575069379	0.0935686417	-0.0698618874	-0.0522041395	0.0576635246	0.0203860373	-0.0405705838	-0.0305620484	0.0819286116	0.0994523047	0.0926685244	-0.0497380859	0.0727218734	-0.0417731874	-0.0493290436	-0.0754155218	-0.1469728219	0.1331587515	0.1228052271	0.0521047574	-0.0308931823	0.1432825973	0.018139388	-0.0137080236	-0.1461480917	-0.0055031762	-0.0555832133	-0.1163391551	0.1383768833	-0.0345483702	-0.0028674757	-0.1898140956	0.005802743	0.0845570909	0.0432865894	0.0647018349	-0.0710195525	-0.0654784762	-0.1444002662	0.151255418	0.0059119721	-0.144470638	0.1527539635	0.059262851	-0.1525576491	0.0741566729	0.1988802768	0.137590077	-0.03213274	0.0505563692	0.0017700936	-0.1248826795	0.051986483	-0.0315959356	0.0103012815	0.0922677343	0.1148324354	-0.0810184202	-0.0826436509	0.1537547242	0.0003049521	-0.0573984676	-0.0184158344	-0.0175468641	-0.0635252437	0.0556664239	0.0550463097	-0.1836626933	-0.0523532812	0.0087476608	-0.034927574	-0.0888438246	-0.0522861702	0.0531627306	-0.0694576541	0.1832975719	-0.0595305934	0.0941848911	-0.150021508	-0.102785583	-0.1839049443	0.0718365342	-0.1308693557	0.0301831436	0.0390341595	0.0448759961	-0.0366148275	-0.0477892205	-0.0057887324	0.0190656711	-0.0247665689	-0.0515636983	0.01974571	-0.0136008981	0.0654429966	-0.0708034705	0.0853123102	0.0176864755	0.0838829895	0.0058336167	0.0681118365	-0.0088675871	0.0822129982	-0.1135027025	-0.0320785901	0.040534626	-0.0065394106	-0.0649666424	-0.1050681234	0.023750598	0.1242524367	0.1100753719	0.0876327994	0.0586099215	0.0145819019864745	0.0080581170630154	0.0002126318655431	6.493325060125994e-05	-0.000748605325981	0.0149298546513422	5.604099340871192e-07	0.0002229005599102	-0.0239293832722466	-0.0197563550490684	0.0003903135648248	0.00057261538379	-2.4474452495822085e-05	-0.0001475036224761	2.1757318643578343e-08	5.989988249702518e-10	-7.100902730194925e-05	-5.9470315560972153e-08	5.042281958368974e-09	3.5367184329216066e-15	0.0007199992065023	-0.0001000053009522	5.183988573639416e-07	1.00010602185401e-08	0.0	0.0	0.0
876.7106451565022	2.481515668284146	768621.5553307303	6.157920011939712	1338.091894980038	-0.6738974627326115	0.4541377902774515	1790489.919411269	829.7616055330983	1.223101589446742	688504.322016865	1.4959774981071463	893.3304709644606	772.8932690878895	1.004162	28.939924	0.0224079618712376	0.0160866513379172	-0.0330007237	-0.0195633918	0.1201068186	0.0858941761	-0.0244070409	0.1181985972	0.077252263	0.0973503118	0.0088203143	0.1620778515	-0.1155990024	-0.057513767	0.1087017605	0.0040388766	0.0412778557	0.1262099048	0.0029365857	0.0608532528	0.0468652071	-0.0669236759	-0.1526009803	-0.1388737286	0.1021146181	0.0644107903	0.0279553854	0.0812620534	0.0873007415	0.1908486936	0.1044559114	-0.0037447719	-0.0576059794	-0.0263262001	0.2217468846	-0.074898832	0.1154330575	0.2556275082	0.1154158541	0.0938634762	-0.1345768294	0.024593819	-0.1278167324	0.0197223621	-0.0681345154	-0.106899267	-0.0227014992	-0.0531171617	0.0649259144	0.0618646743	-0.1496538538	-0.0532750574	0.0377100319	-0.0270486421	-0.1901575888	0.2096524238	0.0483567125	-0.0644472274	0.1086885304	-0.0588690017	-0.0713941803	-0.0038418589	-0.067590899	0.0255927661	0.1685842667	-0.1134673374	-0.024269652	0.0031320854	0.0968442503	-0.079999052	0.0309795508	0.0835409696	0.0413393535	-0.0022118237	-0.1019514052	-0.0136415114	0.1530969738	-0.0508867771	-0.0938171775	0.2276712469	0.1098285384	0.0671261872	-0.0993484633	0.0001230897	-0.2288006755	0.1097291623	0.2058296151	-0.0966895605	-0.0342082172	0.031740737	0.1374414414	-0.1558291184	0.1941162371	-0.0459322118	-0.1556160721	-0.0593027829	0.1094973592	-0.0396904578	-0.0335102996	-0.0336868547	-0.016574335	0.0646339448	0.0134564624	0.06163351	0.0234982463	0.0140621936	-0.0778254375	-0.0543209187	0.075609563	0.0384966978	-0.1289555918	0.1114247578	0.1087304102	0.0561613113	-0.0634227669	-0.0284836094	0.040737187	-0.0153554707	0.08239169	-0.1617778471	-0.0284046238	-0.0111755354	0.0550352604	0.1232925447	0.1063942335	0.0799246852	0.0462651033	0.0065768462166602	-0.0080050557698143	4.325490615759759e-05	6.408091787783721e-05	-0.0007337201591894	1.4885166791599918e-05	5.383452720009185e-07	2.2156819041374901e-10	-0.0099413816703304	0.0139880016019161	0.0001956641888152	9.883106951518124e-05	-2.447416849565381e-05	2.840001682751696e-10	8.065609558032464e-20	5.989849235536535e-10	-7.100912331359233e-05	-9.601164308037367e-11	5.042295593764961e-09	9.218235606993067e-21	0.0007279992131448	8.000006642500004e-06	5.299828543394479e-07	6.400010628004419e-11	0.0	0.0	0.0
877.5510026548334	0.8403574983311728	770095.7622605034	0.706200725001427	1343.355810771269	5.263915791231057	27.70880945717168	1804604.8343329336	830.73205562725	0.9704500941517152	690115.7482466764	0.9417733852390732	894.5250143238445	783.2528036830581	1.018009	29.338993	0.1095017141048366	0.0529879257249712	-0.0328174648	-0.011190523	-0.0866909001	-0.0420868117	0.0453370957	-0.0144519743	-0.0975725024	-0.0347405846	0.0146617928	-0.0456550416	0.0537109017	0.043313651	-0.0143599417	0.0367213031	-0.0309400495	0.088108576	0.0695939051	-0.0516384017	-0.0015371517	0.0489255488	0.1183175721	-0.0144558425	-0.0154812283	0.0260073111	-0.1106221	0.0257874237	-0.0301769775	-0.0106907158	0.0887199571	0.0128434766	-0.2409242523	-0.1249165406	0.0803292589	0.0016732753	-0.1850351556	-0.0209154172	-0.1175359647	0.0328331745	-0.0643969019	-0.0210870836	-0.0338180627	-0.093183455	0.0397274585	-0.1070800262	0.0399279498	-0.1877854341	-0.021183871	0.2421105601	-0.108977188	-0.0863935512	0.0265115172	0.0704883862	-0.0158965847	-0.1732354903	0.1073466041	0.1165651389	-0.1003613272	0.0159533718	0.1057930586	-0.0636958545	0.060773608	-0.0221338908	-0.1262353693	0.044676607	0.0519245715	0.0497052363	-0.0069283793	0.0318846707	-0.0013018993	-0.1062042855	0.1454242397	-0.0100641399	-0.0098669474	0.1378391206	0.0488946164	0.0525269626	0.085741454	0.0135521442	0.2064204618	0.0673488517	0.0614546209	-0.0882652454	0.1604417571	0.0172129393	0.0250662564	0.0250552027	0.1886757797	-0.0071662568	-0.019219446	-0.167075897	-0.0458917277	-0.1912993053	-0.0813348847	0.1425343022	-0.011443143	0.0627193957	-0.020316772	-0.0370682789	-0.0510245837	-0.0084432292	0.0023391626	-0.0106361795	0.0217683656	0.0228346289	-0.0200303367	0.0672875771	-0.1439527719	0.1254725645	0.020125622	0.1044351324	-0.1053303056	0.0222471904	0.00781473	-0.0659534803	-0.0745738494	-0.0351692658	0.0995694571	-0.0398480009	-0.0037054753	0.012840369	0.1150292993	0.1222481541	0.1024214758	0.0717238087	0.033413395	0.0095940013267608	0.0030171551101006	9.2044861457888e-05	9.103224958406164e-06	-0.0335083497379002	-0.0327746295787108	0.0011228095021574	0.0010741763440217	1.3529085947538988e-05	0.0099549107562779	9.91002481654582e-05	1.8303616657589689e-10	0.0005879707780186	0.0006124449465142	3.7508881251084725e-07	3.457096358037978e-07	0.0001825932816845	0.000253602404998	3.3340306516315164e-08	6.431417982081643e-08	0.0003189461914622	-0.0004090530216826	1.0172667304824236e-07	1.6732437454766565e-07	0.0	0.0	0.0
876.5142607763374	-1.0367418784959457	768277.2493442893	1.0748337226273017	1344.052068082024	0.6962573107550725	0.4847742427798855	1806475.961715566	830.0902080466865	-0.6418475805635353	689049.7534949912	0.4119683166752639	894.586130872462	775.9694421072986	0.968267	27.905432	0.0783555033366493	0.0386858742624006	-0.021216256	-0.0340143347	0.1005903595	0.0375144772	-0.0308139398	0.0433706416	0.0303816996	0.0777597526	-0.0213681397	0.0141724862	0.010745261	-0.0626067185	0.0482944849	0.0306271432	0.0894865192	0.0240222314	-0.0074637149	-0.0164510786	0.043917303	0.0227080536	0.0225463563	-0.0610894413	-0.0747218228	0.0384570504	0.071728267	-0.0089706407	0.1794579204	-0.1333453588	-0.2114280666	-0.1171533621	0.0733706357	0.1013712929	0.070668332	-0.0559267733	0.0396269265	-0.0147247777	-0.1223390452	-0.0968112078	0.0825276451	0.0066114109	-0.0985529507	-0.0439372781	-0.0239781059	0.0927093913	0.1545210026	-0.068164888	0.1194844998	0.0305526072	0.0520550196	0.1211411716	0.0015057939	0.0186861549	-0.0403521105	0.0144034892	-0.1064316556	-0.113095756	0.1184809041	-0.0753764994	0.0306130832	-0.0544274166	-0.0768444295	-0.0005588242	0.0370885054	-0.0019887809	-0.0180882381	-0.1533911517	0.0257354108	0.0306592719	0.0664721674	-0.0232011138	0.1098251767	0.0945348117	0.0837036643	0.0956187114	0.0387790371	0.0130714557	-0.0847555075	-0.0174867813	-0.1252606922	0.0556760981	0.0393153628	-0.0259758861	-0.0228016456	0.013097821	-0.1357690194	-0.0684110955	-0.1320781887	0.0768111771	-0.0080280404	0.0370121829	0.060642932	0.0709631384	-0.0373128038	-0.0041811331	0.0386259762	-0.112167899	0.2526907253	-0.0231995832	-0.0360457967	0.0028791715	0.0092213491	-0.0369986382	-0.025731217	-0.0051726875	-0.0178915533	0.0296657884	0.0050634435	-0.0301010118	-0.1172915959	0.059174331	0.0027222922	0.0693546335	-0.0106169743	0.0181878836	-0.1061970356	-0.1695774621	-0.0097897864	-0.1075385896	0.0829054033	-0.0728584523	0.0581376167	0.1211199807	0.098167988	0.063080731	0.0201956026	0.0001657257240168	-0.009428275602744	2.746501560089256e-08	8.889238084129775e-05	-0.0006078849445856	0.0329004647933146	3.69524105853838e-07	0.0010824405836161	-0.0103873614756508	-0.0104008905615983	0.0001081785244743	0.0001078972784258	0.0004159990093196	-0.000171971768699	2.957428922946236e-08	1.7305517575488866e-07	4.10004297535238e-06	-0.0001784932387091	1.68103523997364e-11	3.185983626488075e-08	0.0004809986316339	0.0001620524401716	2.313596836336842e-07	2.62609933656024e-08	0.0	0.0	0.0
876.2440816181746	-0.2701791581628185	767803.6905708782	0.0729967775055693	1341.5660909764906	-2.485977105533493	6.180082169236685	1799799.5764579414	830.9168250402581	0.8266169935716334	690422.7701349829	0.6832956540614059	894.1499804054476	778.1308641594147	1.0033	28.915079	0.0247704042493438	0.0165227618011882	-0.0309421636	-0.0296431057	-0.1000487423	-0.0332338949	0.0703929479	0.0519550029	-0.0757867976	-0.0726438478	-0.0131625924	-0.0082639664	-0.0447344766	0.1088845834	0.0051422016	0.0072870974	0.0088985112	-0.0165182665	0.0727866997	-0.0660674638	-0.0130761006	-5.9742e-06	0.1366731841	-0.0071938001	-0.0119284952	-0.0055278239	-0.1954441227	-0.1246668761	-0.0388874921	0.1535981591	-0.1664784924	-0.1712251717	0.0072517921	0.073688856	0.0004280522	-0.0167948867	0.1180881132	-0.0874401054	0.0542432925	0.0280237219	-0.0459380444	0.2114506889	0.0789769487	-0.2110109603	-0.1238204162	0.0603282671	-0.0045783464	-0.0447659495	0.1515155327	0.0620853446	-0.0115192155	-0.035176917	-0.1355928245	0.1193822293	0.1588743402	-0.0487124486	-0.0056564027	-0.0650485327	0.1787490731	-0.1038362554	0.03374651	-0.0216345385	0.0960544366	-0.0073577284	-0.0788297581	-0.0145006013	0.0393255586	0.0686621197	0.0747795933	-0.0865254973	-0.0501072511	0.0725736207	0.0074823041	-0.0544725773	-0.0422220418	0.2303565805	0.0466882302	0.1476258792	-0.0666061753	0.1466870075	-0.0675896224	-0.0879972817	-0.071916362	0.0260569144	0.1205884575	-0.0569506446	-0.1776466788	-0.0292120585	-0.0761966681	0.0655891615	0.0591447819	0.0159366426	0.0681778292	-0.0015018391	0.1850843522	0.0706554375	-0.0513214994	-0.0903463407	0.167097017	-0.0098659795	0.0033135003	0.0623725175	-0.0336727156	0.0120552508	0.0865756288	0.0116135482	-0.0893332164	0.0315864918	-0.0988577307	0.0509696044	0.0422942566	0.1172088079	-0.0451271997	0.0427361621	-0.0837650821	-0.1076733409	0.0300711814	-0.0034583644	0.0767990357	-0.1129661167	-0.0709376443	0.011015333	0.0113711062	0.1199087977	0.0936454286	0.0540487397	0.0067565429	0.0001292594991753	-3.646622484149999e-05	1.6708018127049382e-08	1.329785554190831e-09	-0.0006052692172886	2.6157272970000517e-06	3.663508253971544e-07	6.842029292271194e-12	9.115666622960816e-05	0.0104785181418804	0.0001097993424497	8.309537798096185e-09	0.0002169992072996	-0.00019899980202	3.960092120399919e-08	4.7088655968654787e-08	4.042852583152623e-06	-5.719039219975741e-08	1.6344657009103835e-11	3.2707409599620733e-15	0.0003949995409396	-8.599909069429996e-05	1.5602463734249478e-07	7.395843600246431e-09	0.0	0.0	0.0
874.92966005628	-1.3144215618946191	765501.9100461977	1.72770404237349	1341.0394828123206	-0.5266081641700566	0.2773161585705573	1798386.8944615363	827.9566409452689	-2.960184094989245	685512.1992853729	8.762689876227295	892.7895917902979	772.4903595434171	1.017764	29.331923	0.0623552399290455	0.0305287517414738	0.0030623524	-0.0616392162	0.0842898767	0.0338709779	-0.102866495	-0.0410313626	0.0544237419	0.0824124128	0.0218074127	0.034922465	0.0996514582	-0.0871184323	0.0226404973	0.0269421219	-0.0021327505	-0.002662826	-0.1249672047	0.0823375977	0.0621542563	0.0698274796	0.005197676	-0.1107340454	-0.1611128754	0.0003246845	-0.0065384814	-0.0265696438	0.1199163001	-0.1411029672	0.0218251413	-0.1869061732	0.0231638406	0.0771342276	-0.0494539932	-0.0696581424	0.1202648807	-0.1132304187	0.0083341313	-0.0573895212	-0.0972025425	0.0564550129	0.0744207508	0.0356594731	0.2169260457	-0.1058762899	-0.070787431	-0.1363694297	-0.0673730875	0.0710506948	0.0811389478	-0.1913004197	-0.0423763442	-0.1742790348	-0.1334071917	-0.0781847602	0.1715254028	0.0040583996	-0.0693193849	0.04901242	-0.0476480716	-0.0108456813	-0.1331962156	0.0403430918	0.0779952232	0.0864885875	0.0464786554	-0.1309229675	0.0417585627	0.0221733367	-0.0063877234	-0.0031114799	0.0741127516	-0.0084822477	0.0800449507	0.0030293862	0.0670216661	0.1101510228	0.145951817	0.0581305471	-0.0393176455	-0.1794065848	0.1174980667	0.078331153	-0.0061122175	-0.0398322155	-0.1298058538	-0.1036631832	0.0045743114	0.2274492873	0.0212035196	-0.0884805424	-0.0012126249	0.0183396254	-0.0696695475	0.1429442724	0.0707725319	0.0622755082	-0.1153053476	-0.0013820973	-0.068947001	-0.0102741371	-0.05898834	0.0030356125	-0.0572956908	0.0243621386	0.0111273166	-0.0393715697	-0.0535816859	0.0508162265	-0.2186326979	-0.0098647671	-0.0486976162	-0.0013824808	0.0325626056	0.0219454808	-0.1256451144	-0.0850008297	0.0561220494	-0.0498434948	0.0345842565	-0.0279035928	-0.0126425558	0.1186154352	0.0888661936	0.0446835199	-0.0067565429	0.0002211089453112	9.18494461359e-05	4.8889165696631234e-08	8.436320755471595e-09	-0.0172844872708424	-0.0166792180535538	0.0002987535002159	0.0002781963148779	0.0030277799589981	0.0029366232927684	8.62375636363046e-06	9.167451480110535e-06	0.0006039146233925	0.0003869154160929	1.4970353921034197e-07	3.647128723473052e-07	0.0003031692134702	0.000299126360887	9.19115719961397e-08	8.94765797775281e-08	0.0005619087466914	0.0001669092057517	3.157414396082999e-07	2.785868296469669e-08	0.0	0.0	0.0
873.8637522661778	-1.0659077901021874	763637.8575247237	1.1361594170005287	1342.2485578649184	1.209075052597882	1.461862482814571	1801631.1910904532	829.4980169648285	1.541376019559607	688066.9601485829	2.3758400336734176	893.3142859573617	763.1410297206629	1.005772	28.986307	0.047447181186526	0.0268115605755457	-0.0092336492	-0.1183675898	-0.0805993385	-0.0588711787	0.1146778746	0.1139952623	-0.0873338326	-0.0956532577	-0.0145715929	-0.0792677111	-0.1224231811	-0.0643243918	0.0525117224	-0.0408981795	-0.1049709983	-0.0493598895	-0.0261488049	0.009246726	0.0264796735	-0.0579118215	0.2426230589	-0.0127946819	0.0254504589	-0.1415830887	-0.0457488736	-0.1572597481	-0.0111930718	0.0247448706	-0.0540245145	0.0040067043	-0.0448907615	0.0226857937	0.0825480059	0.0195646393	0.0783613975	-0.0018526319	0.0203216813	0.0134956773	0.0578657583	0.0372150274	0.0433753086	0.0694880798	0.0510708367	0.1672834247	0.0058047013	-0.0408354668	-0.0129246055	0.0238819816	0.251547747	0.0945025552	0.0267143054	-0.1667152883	-0.0284419178	0.0006401078	0.0247044151	-0.0956800858	-0.0502028424	0.1505282093	-0.0305296781	-0.0154549087	0.076747922	-0.0741608076	-0.0812651215	0.0455013979	-0.0266343654	0.0885796646	0.145022396	0.037185001	-0.1659702405	0.0092452551	0.0655138656	0.0688450742	-0.0222039035	0.0819813385	-0.0761137325	-0.052100778	-0.0693981767	0.0280913313	0.0048330005	0.0061831021	-0.0173442817	-0.0057635862	0.0210879009	0.0058469883	-0.0951463971	-0.0520680941	-0.0215254719	0.1410099031	0.0381136738	-0.0566661734	-0.0719116111	0.0866145166	0.0023265676	-0.1455381573	-0.056216191	-0.1947474841	0.0699402163	-0.0028534061	-0.0637966007	0.0025416982	-0.0512438737	-0.0001714988	-0.0085420303	0.043068846	-0.0483344199	0.150342801	-0.1054739777	-0.0063397985	-0.0489310215	0.1423566049	0.0339535637	0.1252154214	-0.0153929105	0.0960583395	-0.0587725505	0.0387051757	-0.0291227564	-0.0736204784	0.0310523261	-0.0413787679	-0.0326352559	0.1172407796	0.0838433825	0.0350428114	-0.0201956026	0.0001490289998287	-7.20799454825e-05	2.2209642789942665e-08	5.195518540760173e-09	-0.0006510454855401	0.0166334417853022	4.238602242421446e-07	0.000276671385625	0.0001367998491019	-0.0028909801098962	8.357765995815446e-06	1.871419871430261e-08	0.0001979482584134	-0.0004059663649791	1.6480868949434385e-07	3.9183513008898196e-08	0.0001990509768179	-0.0001041182366523	3.962129137216016e-08	1.084060720358435e-08	0.0005149797614059	-4.692898528550001e-05	2.652041546576777e-07	2.202329659926676e-09	0.0	0.0	0.0
874.747535642199	0.8837833760211424	765183.2511121001	0.781073055731328	1335.7027634340177	-6.545794430900742	42.84742473161116	1784101.8722452717	829.0644850966726	-0.4335318681559101	687347.9204486108	0.1879498807067534	892.804533405311	766.0869082827435	1.064153	30.668869	0.0296607271414295	0.0175358492840257	0.0149226372	-0.09184418	0.0468997198	0.1868355682	-0.1022311768	-0.009727952	0.2152262888	0.1199807345	0.0109628422	0.0021850744	0.0355421546	-0.0263129056	0.14239542	0.0383690258	-0.038145439	-0.0312097089	-0.0915614438	0.1188112886	-0.0501886974	-0.050562027	-0.1341868685	-0.0331809534	0.0088591051	0.1139369611	0.0653849078	-0.110255375	-0.2221750492	-0.0116938004	-0.1011965056	-0.1285407504	0.0221630921	-0.246998801	-0.1217442323	-0.0166656844	-0.1173040809	0.1333665374	-0.1491270482	-0.1133365729	-0.2751753451	0.0313725677	-0.1479286177	-0.0567670994	0.0601223037	-0.037415131	-0.067402221	-0.0059443061	-0.0648867402	-0.0497779303	0.0516817147	0.0195547533	-0.0167723274	0.1420006487	0.0513072767	0.0345937317	-0.0603650155	0.0386959866	-0.0522665766	-0.0014124219	0.1105559112	0.077903129	-0.2066314842	0.1049487824	0.0609091146	-0.0319373122	0.0809285066	0.0055950366	0.0095554871	0.0100918394	-0.0021257509	0.0723596206	0.1591853376	-0.0989220825	-0.133046728	0.0676281732	0.026718615	0.1257554962	-0.0279978776	-0.0685146683	-0.0861881679	-0.0406235214	-0.093698358	-0.2747616348	0.010231109	0.1505206162	0.2193927121	0.1528676885	0.0117499408	-0.0236804752	-0.1241549681	0.1265052658	0.0616689401	-0.0822186894	0.0199223815	0.1356097461	0.0003109867	-0.0497164227	0.0245090895	0.0078531477	-0.0407497576	0.0588382692	-0.1170882636	0.0544255592	0.0166958792	0.0201182986	-0.0885203776	-0.1296936926	-0.0651678501	0.0090010522	-0.2076242836	0.1284592667	0.0352229337	-0.0465014323	0.0072494949	-0.0970477588	0.0229576938	0.0719485098	0.0782211346	-0.0283920492	-0.1300124293	-0.0596314593	0.0507198654	0.1157857731	0.0785907625	0.0251860523	-0.033413395	0.0001491728780678	1.4387823909998965e-07	2.2252547551030725e-08	2.070094768651379e-14	-0.0006907082933906	-3.966280785049992e-05	4.770779465585551e-07	1.5731383265856776e-09	0.0140825530450285	0.0139457531959266	0.0001944840322016	0.000198318300266	8.090864457393362e-05	-0.0001170396138394	1.3698271207691412e-08	6.5462087667911195e-09	0.0003720198633212	0.0001729688865032	1.383987787055243e-07	2.991823569819147e-08	0.0004914849165604	-2.349484484549997e-05	2.4155742320638336e-07	5.520077343141165e-10	0.0	0.0	0.0
877.9015989134994	3.154063271300401	770711.2173748787	9.948115119366191	1345.862571626551	10.15980819253332	103.22170250906714	1811346.061705233	832.3405591276788	3.27607403100626	692790.8063689771	10.732661056633606	896.4593310452594	773.0458490799521	1.089232	31.391644	0.054009223405508	0.0279849806955902	0.0474748783	-0.0426241326	0.077680705	-0.1736612837	0.105786055	-0.0119787838	-0.1082820172	-0.0319754506	-0.1304239384	0.0675900234	0.0121200476	-0.0269459767	0.002326449	-0.0877454538	-0.2163846496	-0.0545724662	0.0485792752	-0.0919137905	0.1471337575	-0.0051240563	-0.0179130286	0.0562930315	0.0847540723	-0.0737059808	-0.1136299692	0.0104720394	-0.1099232157	-0.182192921	0.1206558632	0.0314328257	0.0062875928	-0.1278294312	0.0822632515	0.0414545523	-0.0057104527	0.1190973588	0.134500092	-0.1816879877	0.0471171228	0.0625910766	-0.0417750148	-0.115910542	-0.0531082706	-0.0352848407	0.0063081019	-0.0979484633	0.0512784085	-0.0958582959	0.0238919162	0.0545411312	-0.0644420919	0.1776188521	-0.0011940452	-0.0217535552	0.0340357225	0.1306835325	-0.0215839715	0.1660955022	-0.0804678701	-0.0805452775	0.0674012277	-0.1892430949	0.029087924	-0.0013211277	0.0125186942	0.0866135638	0.0036063307	0.1527692555	0.0908707936	-0.0524813934	-0.0150492152	-0.023926565	-0.0955778231	0.068842571	-0.0294172207	0.0565795168	0.0139765958	-0.0867141333	0.1040217705	-0.1085029273	-0.0913299415	-0.0116721334	-0.0909649139	0.0523084863	0.05633885	-0.0555938862	-0.0617158628	0.0339155242	-0.053592913	-0.0637236165	0.1549157543	0.0136632132	0.0343218144	0.1989969127	0.0331946811	0.0161245055	0.0588692808	0.0155647963	-0.0326208006	-0.0609185379	-0.0591776817	0.0138183622	-0.0085515084	0.0576902149	-0.0447645551	0.2196840236	-0.0050183831	0.0254398773	-0.1080973347	0.1036927587	-0.0845306523	0.0544675839	0.0304140673	-0.023413238	-0.0382158206	0.0537288584	-0.0914938392	0.0807786786	0.0622125865	0.0176326203	0.0048689651	0.1142514127	0.0731227308	0.0151740128	-0.0462651033	-0.0098483576118439	-0.0099975304899117	9.699014765076368e-05	9.995061589671409e-05	-0.0080101974139239	-0.0073194891205333	6.416326261003314e-05	5.357492098560535e-05	-0.0059557298355912	-0.0200382828806197	0.0004015327808037	3.547071787455118e-05	0.000265909382334	0.00018500073776	3.4225272971768856e-08	7.070779961324939e-08	0.0004400541286939	6.803426537270002e-05	1.936476361805475e-07	4.6286612648029695e-09	0.0004114415014043	-8.00434151561e-05	1.692841090778246e-07	6.406948309851779e-09	0.0	0.0	0.0
878.9815984006	1.079999487100622	772608.6503268736	1.1663988921376065	1339.7076181748334	-6.154953451717574	37.88345199281008	1794816.5021956854	831.0118340652153	-1.3287250624634908	690580.668356433	1.7655102916186074	893.3699330494394	789.3627294901376	1.070266	30.845043	0.1182584380420292	0.0642269047447322	0.0419246659	0.0417206296	-0.0866192569	0.1518047069	-0.0304535786	-0.1161969452	0.1682559397	-0.049535081	0.0355376491	-0.0573749357	0.0067233792	0.0433683021	-0.0172859375	0.0122023466	-0.0252307507	-0.1671500683	-0.0748096704	-0.0885029187	-0.1990895027	0.0254734117	-0.0347773287	0.0027231813	-0.0072285919	0.1026039177	-0.1032450419	-0.1002583237	0.1661360589	-0.141762947	0.1055095293	-0.1649952818	0.1331460791	-0.1191872937	-0.067721976	0.1320953355	0.0309202064	0.0700484138	0.0134778675	0.0326579187	0.1845315734	-0.1797706196	0.0535024867	-0.1026780511	-0.0453938896	0.0077778553	0.1813349073	0.059235195	-0.0452101614	-0.0619066438	0.0768451249	0.0537730056	0.0153766027	-0.081407574	-0.1079224406	-0.0011608317	-0.049518605	-0.005573216	-0.1928551409	0.0257647895	0.1705305093	0.1428413816	-0.00889665	0.0910145413	-0.0666863359	-0.0618724516	0.0561265262	-0.0594023939	-0.045225383	0.0661452416	0.1322143259	-0.0314542234	-0.1107998742	0.2505750305	-0.0728347761	0.047184636	0.0259155751	0.1264897658	0.1358918555	-0.0502031962	-0.1328809511	-0.0896285745	0.0073404834	-0.0074541249	0.0153526807	0.0509086619	-0.0365349419	-0.1132833113	0.0063295934	-0.0879389676	-0.1653767363	0.081467401	0.0114034403	0.2356649381	-0.1273467543	-0.0672382115	0.002215902	0.0578125508	0.0554742516	0.0404832066	0.0119240399	-0.0226343212	-0.0786660478	0.0448380881	-0.1382958891	0.0559643266	-0.005096234	-0.090335222	-0.0345987483	-0.0671798158	-0.0768391521	0.1905657233	0.0043354733	-0.0672772836	0.0159499356	-0.0083975805	-0.0976022652	0.0376279	-0.1801646449	0.0133295936	-0.0363813148	-0.0374599722	-0.051421354	0.1126387502	0.0674542747	0.0050684204	-0.0586099215	-1.156310801775362e-06	0.0098472013010421	1.3370546703023806e-12	9.696737346324572e-05	0.0489651033344102	0.056975300748334	0.0023975813445494	0.0032461848953631	-0.0050403397882234	0.0009153900473678	8.379389388200232e-07	2.540502518074791e-05	-6.999886775810505e-05	-0.0003359082500921	1.128343524799402e-07	4.8998414874166795e-09	-1.2006614977799757e-05	-0.0004520607436716	1.4415880322512546e-10	2.043589159690102e-07	0.0001889995762624	-0.0002224419251419	3.572083982736675e-08	4.948041006083464e-08	0.0	0.0	0.0
879.5086741011238	0.5270757005238238	773535.5078191168	0.2778087940826796	1344.5620650571934	4.85444688235998	23.56565453365453	1807847.1467908644	831.4593945584912	0.447560493275887	691324.7247995728	0.2003103951413553	895.6319730337073	788.0828647649176	1.033772	29.793283	0.0644794916305722	0.0432109920663853	0.0417436065	0.0458897027	0.093627154	-0.1626846836	-0.0172911725	-0.019088404	-0.0718833971	-0.0072557875	-0.1111708179	0.1158188933	0.0157802469	-0.0736495401	-0.0045019031	-0.0210949767	-0.0457524317	-0.1887401447	0.0123954798	0.0156002176	0.2347537493	-0.0513632591	-0.1479748352	0.0284670034	-0.146399161	0.0806389546	-0.0714431028	-0.0110896583	0.1238954663	0.1167244358	-0.0125036604	-0.0592787894	0.0752849528	0.1270952324	-0.124451413	0.0598186749	-0.0616467568	0.0561351196	0.0604031224	0.1831690649	-0.0447320777	-0.1134395545	-0.0500492231	-0.2361166694	0.0849974625	0.0300710596	-0.0367536316	0.1219904093	-0.1261771841	0.1182016399	-0.165478667	0.176708676	0.0241178333	0.1213954986	-0.1569939082	-0.0609119405	0.074903692	0.0355566805	0.0340069591	0.1109546375	0.085263887	-0.0503981157	0.0371042287	-0.1304252519	0.153613786	0.0097492213	-0.0946415015	-0.0175959287	-0.0230140419	-0.0335892921	0.0219431553	0.1384533244	-0.129197834	0.1917255109	-0.0704296078	0.0358527313	0.0300549251	0.1478773829	0.0841221059	0.0361697347	-0.0703672626	-0.0230876173	0.1410312965	0.0361972747	0.1406345246	0.1093208295	-0.0397842608	0.0818118243	0.0984262951	-0.104274378	0.1028948634	0.0846935062	0.1540265401	0.0483244549	0.0470210609	0.0197783489	-0.0727527068	-0.0354911907	-0.0559915418	0.0355052284	0.0585484033	0.0113179303	-0.0936974311	0.1043119524	-0.0332120353	0.0829350094	-0.0745300907	0.1206962754	0.1417073097	-0.0388558008	-0.1352048917	0.077133704	-0.0100947221	-0.0450838491	-0.1086479891	-0.1151179226	0.0433790221	0.0883049758	-0.0337315591	-0.0252391238	0.0485439554	0.0416188321	-0.1064048745	0.1109488906	0.0616009311	-0.0050684204	-0.0703125971	-3.8318097907108495e-05	-3.716178710533313e-05	1.4682766272187523e-09	1.3809984208621036e-09	0.0145307916014729	-0.0344343117329372	0.0002111439045654	0.0011857218245211	0.0001163313531407	0.0051566711413641	2.659125726017733e-05	1.3532983723546253e-08	-0.0001570013269407	-8.700245918259495e-05	7.5694279038191e-09	2.4649416661140574e-08	-1.1982651516584396e-05	2.3963461215361114e-08	1.4358393736790228e-10	5.742474734201162e-16	-0.0002210009404771	-0.0004100005167395	4.88414156917627e-08	1.6810042372665705e-07	0.0	0.0	0.0
880.8765263088909	1.3678522077671005	775943.4546020181	1.871019662293331	1345.68338618559	1.1213211283966302	1.2573610729886922	1810863.775855916	831.6366107420697	0.17721618357848	691619.4523265568	0.0314055757221215	894.6561724938816	797.7026049319829	0.999234	28.797907	0.0278379554122014	0.0197795749327794	0.0550644174	0.0488346116	-0.1147544908	0.0586327601	0.0805041453	-0.035605831	0.0504084294	-0.0876471551	-0.0246726744	-0.0835270338	-0.0114096774	0.1602681148	-0.0222246598	0.0665430378	0.0049051713	-0.0643516354	-0.0116262342	-0.0351739343	-0.1098898667	-0.1163777786	0.0125658011	0.0711196648	0.1240083686	0.0291206636	-0.0040923704	-0.0712471164	-0.2562469704	0.0343236518	-0.0838623468	0.0252367534	-0.1336353956	-0.0382976462	0.1767037919	0.0285675709	-0.0511515495	0.0763033486	-0.0788915372	-0.0139741739	0.0465089569	-0.1882831162	0.0149984949	-0.1036377898	-0.1382758174	0.0105777483	0.0644201861	-0.0681539437	-0.15465353	-0.0090365269	-0.0673370032	-0.0217650292	0.0041237531	-0.1323531581	0.0876464902	-0.0070017591	0.1007843977	-0.1406632617	0.0102145915	-0.0230073169	-0.0093326542	0.0874961354	0.0049270177	0.02540439	-0.1483762167	-0.0332100231	-0.0006514684	0.1207040721	-0.0133754222	-0.0438957247	0.028101579	0.0771163163	0.0292998498	-0.0547463629	-0.0334002076	0.0847346628	-0.1226206084	0.1902159145	0.0624124766	0.0280564116	0.1422632804	0.0598907165	-0.0352845644	-0.1136371018	-0.0912828168	0.2160810052	-0.0865132146	0.0658717037	0.0608649157	-0.0556020562	-0.0960234231	-0.0639227161	-0.0275177371	-0.0753899164	0.0210487973	-0.1040185039	-0.0201627456	0.0114053002	0.0153889537	0.0524947262	0.0404408511	-0.0101734871	-0.1022253318	0.0894085867	0.0154043194	0.0670142793	-0.0408165848	-0.0085534288	-0.1484818612	-0.0068624199	0.0625288855	0.1529887585	0.0035050718	-0.0519843428	-0.0038323289	-0.1527914017	-0.0278833778	-0.0031335922	0.0615572062	0.0338373333	-0.0064469368	0.0320585872	0.0146898124	0.1091829923	0.0555787436	-0.0151740128	-0.0812449131	-3.834677887937232e-05	-2.8680972263828156e-08	1.470475450423475e-09	8.225981699984798e-16	0.0091628873461928	-0.0053679042552801	8.395850451902013e-05	2.881439609385421e-05	0.0001340624293817	1.7731076240999987e-05	3.143910646641542e-10	1.7972734971723297e-08	0.0001979981089758	0.0003549994359165	1.260245995010332e-07	3.9203251157992775e-08	-1.2031184963845476e-05	-4.853344726108047e-08	1.4474941163426146e-10	2.35549550304408e-15	-0.0003149987991075	-9.399785863039998e-05	9.922424343916715e-08	8.835597427100662e-09	0.0	0.0	0.0
880.0781144002401	-0.7984119086507917	774537.4874462822	0.6374615758754002	1344.659802941715	-1.0235832438750094	1.047722657141687	1808109.985647252	830.5328065437344	-1.1038041983352969	689784.7427454122	1.2183837082626274	895.113609431815	793.6163140555409	0.96256	27.740948	0.0639038834702639	0.0354345418125541	0.0572518759	0.0398668041	0.1008018015	0.0138220931	-0.0242039938	-0.1406658936	0.0193097263	0.0052869449	-0.0636318842	0.0829965099	0.1147896335	-0.0689347987	-0.0061544971	-0.0011141503	-0.0028767566	-0.0987879578	-0.0924872502	-0.0125953921	-0.0030054911	0.0799037351	-0.0928804934	-0.0345462787	0.1240869213	-0.0315380003	0.2083960738	0.04868248	-0.1959538915	-0.0604012033	-0.0885941164	-0.1153445999	-0.0399990002	-0.1440041853	0.0108973337	-0.1196632898	-0.0910818281	0.0720061236	-0.0265511514	0.1696541588	0.1153161286	-0.1795943059	0.1575912721	-0.0533567143	-0.1073447057	-0.0483985262	0.0493441916	-0.0130279	0.1162932288	-0.0016354658	0.0640622995	-0.0464918286	-0.0063730444	-0.1869708341	0.0553246732	0.1100389879	-0.0648872595	-0.021071631	0.05462128	-0.0136990276	0.0201524218	0.0190053864	-0.0443827931	-0.0280986631	0.0858146748	0.0504951834	0.0576571337	-0.0870682443	-0.0317545949	0.0315999391	0.0882040924	0.0673359076	0.0415297533	-0.0889931603	-0.0660276811	-0.0668125983	-0.1936926655	0.2272951383	-0.0538550156	-0.0876941092	0.1332566276	-0.099599161	0.0235523381	-0.0240359959	-0.0371364174	0.1394741933	0.0698895964	-0.1566510708	0.0267806102	0.0453626266	-0.2278607214	0.0095628567	-0.0669139981	0.1456601189	-0.0653747475	-0.2010139468	0.0954580766	0.0116127617	0.1149673921	0.0431053188	0.0237361658	-0.0462173347	-0.1177843825	0.0749741994	-0.1076558928	0.0002422923	0.0285543636	-0.0430795023	-0.0027607877	0.0401342056	-0.1398307463	-0.0426926526	-0.1255276521	-0.0531061117	0.0240174654	-0.1447763065	0.0128676307	0.0360338602	0.0475140907	0.0323314017	0.1456004755	0.0411233863	0.0752844883	0.1073422654	0.0494042187	-0.0251860523	-0.0912870929	-0.0099980254363458	-0.0099596786574664	9.996051262581763e-05	9.919519895999228e-05	0.009165224617746	2.3372715531998906e-06	8.400134229373731e-05	5.462838313397429e-12	-0.0179039315023175	-0.0180379939316992	0.00032536922508	0.0003205507632396	0.0003730013387515	0.0001750032297757	3.062613043192646e-08	1.391299987104113e-07	-1.1957478100343977e-05	7.370686350149924e-08	1.4298128252020578e-10	5.4327017272286415e-15	0.0002280017364442	0.0005430005355517	5.1984791821570444e-08	2.94849581609433e-07	0.0	0.0	0.0
880.283796583246	0.2056821830059334	774899.5625270137	0.0423051604060862	1346.6513920503503	1.991589108635253	3.9664271776345617	1813469.9717111464	832.0340266394529	1.501220095718509	692280.6214858618	2.253661775789088	896.0271295320904	784.7521902752814	0.949781	27.372656	0.0719059111786485	0.0315066070139759	0.0699668091	-0.0161960684	-0.0199351469	-0.0815426014	0.0915937608	-0.0450905361	-0.0457982343	-0.0630093934	-0.0426331808	-0.1112885711	-0.0756065904	-0.0835770504	-0.0183328884	-0.0468946529	-0.1054044722	-0.0809138016	-0.0111777076	-0.0683701483	0.0417438224	-0.0066181927	0.114817337	0.0234927344	0.1035977486	0.1581247438	-0.0047624231	0.0622829817	0.027766468	-0.0512393136	-0.0110053162	0.1011574657	-0.0184784878	0.106658775	0.1109470187	-0.1035667858	0.0035168741	0.1281390637	-0.0474685941	-0.0207184068	0.1423112255	0.0205806509	0.1257551549	0.0286240603	0.0455439475	-0.1016567572	-0.038536326	0.0026831618	-0.1122958915	0.0191546698	0.1503508988	0.0969117247	0.1332825701	0.2319661561	0.0747318942	-0.0705815812	0.0196078618	0.0648491988	-0.0117195743	-0.0500768273	-0.1392294314	0.0062335891	0.0308533058	-0.0949331791	-0.0816015851	0.0266668406	-0.0236063681	0.0359930085	0.0316348179	0.1781080465	0.0053060003	0.1373479575	0.0445630324	0.1163901677	0.1137184207	-0.0217409294	-0.0848711316	-0.0798809782	-0.0219550468	0.0707849865	0.145584706	0.0933368031	0.0211499524	0.1050199454	-0.0104590878	-0.048330164	0.1460294435	-0.0276140894	-0.0562355287	0.0382681779	-0.1610110726	-0.1319140842	0.0579038675	0.0399655965	0.0922920085	-0.0188721841	-0.1035174118	0.025378019	-0.0422827299	0.0673233972	0.0205577481	-0.0983668435	-0.08811984	0.019245922	-0.0912640515	0.0395701403	-0.0034946045	0.2021712173	-0.0372075321	-0.0381408755	0.0148461831	0.0391209363	0.0054756231	0.0362024396	0.0701367071	-0.0357541464	-0.1163330962	0.0225835198	-0.1231077504	0.1300201053	0.0126012395	-0.0908463782	-0.0538412223	0.1054279714	0.0430942802	-0.0350428114	-0.1003291122	1.6283092989510806e-05	0.0100143085293353	2.6513911730505594e-10	0.0001002863753207	0.0275363951589326	0.0183711705411866	0.0007582530583488	0.0003374999070533	-0.0299209513456446	-0.0120170198433271	0.0001444087659149	0.0008952633294284	0.0001979986369657	-0.0001750027017858	3.0625945632329654e-08	3.920346024027506e-08	-1.2022472963835185e-05	-6.499486349120788e-08	1.4453985616614796e-10	4.2243322802407455e-15	-0.0002269988122025	-0.0004550005486467	5.1528460741345865e-08	2.0702549926879802e-07	0.0	0.0	0.0
883.155195314213	2.8713987309669164	779963.0990104857	8.244930672198418	1340.5583006017348	-6.093091448615496	37.125763401191286	1797096.5573122113	833.6357747297667	1.6017480903137766	694948.6049092984	2.5655969448238305	896.078805118854	810.1237134077838	0.993461	28.631516	0.0551510934216973	0.0268530835764499	0.058964946	0.1285854494	-0.0451362591	0.1671387337	0.0020346286	-0.0712225736	0.1692534522	-0.0278885659	-0.0091141195	0.0292115207	-0.0614977988	0.0446458482	0.0440272152	-0.1080489443	-0.0039948322	-0.1542694159	-0.0378511032	-0.12739658	-0.1815747581	0.0096866319	-0.0892347031	-0.0409851182	0.0268438772	0.0906368106	-0.0847996685	-0.0063203806	0.1417907411	0.0789175484	0.001274666	0.0011345449	-0.0239708643	-0.0832789934	-0.006632951	-0.1747253875	-0.1216038188	-0.0377991429	0.0567697213	0.0307776182	0.0163677167	-0.1435147268	0.0711533804	0.0167202058	0.017612264	0.0530666966	0.018780512	-0.0625420845	0.0237819023	0.0791279507	-0.0276063633	0.0212682814	-0.0189239631	0.1224180529	-0.2233942636	-0.0531183811	-0.0702503213	-0.0993570522	-0.0821304613	0.0619516777	-0.1755092667	0.1330402987	-0.0062083882	0.0576066385	0.0035065295	-0.1244046455	0.0240950589	-0.0981712017	-0.0290165016	0.0619343049	0.0938070177	0.1153418819	-0.0084294215	0.1110082559	-0.1671837415	0.0819083267	-0.0865680638	-0.0419703862	0.0739762918	-0.0256628789	0.0950450633	0.035607537	0.0198194559	-0.0225264397	-0.018094551	-0.1080943737	0.0250405607	-0.1035103055	0.0173810724	0.010467432	-0.0052847723	-0.0763603857	0.0240837251	-0.0191530301	0.092432099	-0.0126616204	-0.027069604	0.0085401824	0.0679727393	0.0582849347	0.086159139	-0.0148740029	-0.1194143452	0.1062434277	-0.1179780072	0.06275282	0.0247669913	-0.1346559855	-0.0026811445	-0.0997930968	0.0171185316	0.1194963412	0.0630355969	-0.0513439825	0.0005000603	-0.0336299442	0.0133928368	0.0575223105	-0.2385598727	0.119755795	-0.0082711052	-0.05874875	-0.1379510895	0.1034414224	0.0366662233	-0.0446835199	-0.1082719048	0.0123233728926948	0.0123070897997052	0.0001518655194524	0.000151464459338	0.0434129047667966	0.015876509607864	0.0018846803002909	0.0002520635573285	-0.0248557605527537	0.0050651907928908	2.5656157768386737e-05	0.0006178088326558	-0.0001260020443449	-0.0003240006813106	1.04976441489733e-07	1.5876515179094143e-08	-1.1978517440391911e-05	4.3955523443273143e-08	1.4348488006977318e-10	1.9320880411721347e-15	-0.0003410002397932	-0.0001140014275906	1.162811635390199e-07	1.2996325492717612e-08	0.0	0.0	0.0
881.8691148045409	-1.286080509672047	777693.1356461445	1.654003077358312	1347.8701980142032	7.311897412468397	53.46384377046204	1816754.0706948475	833.9526988582818	0.3169241285150974	695477.103933012	0.100440903235054	899.228484332978	802.7396982904523	1.002131	28.881382	0.0260730974297794	0.0154248260067617	0.069826422	0.0816694855	0.0444083169	-0.1273633126	-0.0210968633	-0.1150283606	-0.1020017383	-0.0295669067	-0.0847762553	0.0600758417	0.0729110929	-0.0777392173	0.0002737893	-0.0017120073	0.0026189668	-0.0737199772	0.0144121503	-0.0816097254	0.14888277	0.050633225	0.0017411465	-0.1079459248	-0.0991476522	-0.009492224	0.1034648651	-0.1288654961	-0.0608004529	0.1977573699	-0.1182110155	0.1463919845	0.1096538091	-0.0017378705	-0.0499142551	-0.2014516255	-0.0964851175	0.0504750332	-0.1039161316	-0.1033074229	0.1015573927	-0.0349987966	0.1732679505	-0.0252180952	0.0760808114	0.0379893215	-0.125285164	-0.0016828472	-0.125139045	-0.2222348264	-0.1236055659	-0.0970979535	0.026848045	0.0927951347	-0.0773371118	0.0642516675	0.0921523167	-0.066080958	-0.0613545926	0.0464568348	-0.045871602	-0.0607402642	0.0466104698	-0.1185871764	0.1023112545	0.0511860617	0.0132087987	-0.0960859177	-0.0802268094	-0.0974016953	0.014524874	0.1462087788	-0.0557414581	-0.0938228141	-0.0077585618	-0.0373481039	-0.1013772329	-0.0711089246	0.1197722634	0.0030980045	-0.0856286636	0.0090813602	0.1277849139	0.1333013447	0.0502772884	-0.0998248115	0.0946677144	0.1488354543	0.0783558508	0.1143848655	-0.2600989844	-0.0233326524	0.0677719875	-0.1242759535	-0.0346509584	-0.0686619325	-0.1816352768	-0.1367747998	-0.0464942107	0.0817563234	0.0756684526	-0.0226612583	-0.120270886	0.1045387384	-0.101554906	0.0198706175	-0.0112686481	-0.0294104169	0.0863957479	-0.0160804746	-0.0317461953	-0.119360409	0.0284442917	-0.083198981	-0.0861646079	-0.1295164786	0.0511693697	0.0004189519	-0.058776104	-0.0651423076	0.1399599756	0.0114248503	-0.1082927723	0.1013839798	0.0301376669	-0.0540487397	-0.1150284477	0.0051464475954361	-0.0071769252972587	2.6485922852570012e-05	5.1508256722431896e-05	0.0323280523498397	-0.0110848524169568	0.0010451029687339	0.0001228739531057	-0.0248457919491329	9.968603620801736e-06	9.937305814866148e-11	0.0006173133775795	2.9997953228187143e-05	0.000155999997573	2.4335999242803192e-08	8.998771978805035e-10	-1.2005115419766454e-05	-2.6597979374543e-08	1.441227962419143e-10	7.074525068086149e-16	-0.0003409998131068	4.2668639997113506e-10	1.1628087253887257e-07	1.8206128392032751e-19	0.0	0.0	0.0
878.3749769464381	-3.494137858102817	771542.6001256556	12.208999371427346	1345.8911461325254	-1.979051881677833	3.916646350372572	1811422.9772379228	832.3181703427157	-1.6345285155661031	692753.5366826459	2.6716834681987285	896.5579479704363	782.3083420000344	1.020433	29.408852	0.0308155398442819	0.0264797556399885	0.0464408859	-0.081477701	-0.123118512	-0.0257442581	0.1415996474	0.0068249935	-0.0626515572	-0.0701745463	-0.0464400017	-0.16827928	-0.1012309422	-0.0233300003	0.1280025329	0.0472839413	-0.0253353538	-0.057113033	-0.031257811	-0.0559048303	0.0960811715	0.0137413767	0.2179042197	-0.0447226818	-0.0491998896	0.0535913253	0.047824012	-0.041855077	-0.0538037187	-0.0069825592	0.1295860888	0.1685687735	0.036471606	0.0815725921	-0.0629469133	-0.1215604184	0.0678267371	-0.1247036167	-0.047231401	0.2114655874	-0.1904262485	-0.1311041529	0.148491158	0.0328589136	-0.0517283744	0.0833500196	-0.0460327062	0.0786757694	-0.113372655	0.1395264797	-0.0528217408	0.0371986849	-0.0357522111	-0.0831838113	-0.0296487279	-0.0817422014	-0.0944203048	-0.0960528711	0.0709462981	-0.0895825673	0.1748732539	-0.0209378713	0.0233835081	-0.0963290237	-0.1496156241	0.0664772497	0.0353874645	-0.0087851507	0.1045210507	-0.0446984379	-0.095356774	0.1600764613	0.0403950452	-0.0086176201	-0.0097673602	-0.0990566803	-0.0679442948	-0.0725169098	0.1102385304	0.0197951522	-0.019706775	-0.1358066455	0.0520719781	0.0955212607	0.1013696074	0.1560078674	0.0397210369	-0.0054265133	0.0973355084	0.0310461696	0.1244855003	0.0588343255	-0.1539016424	0.0804442053	0.0555194359	-0.1638960032	0.0567934929	0.1676322371	-0.0116457301	0.0796212526	0.0130909578	-0.0129060316	-0.127946534	0.0514749463	0.0499658127	0.0033605236	-0.0355337735	0.0512046852	-0.1025390261	0.0449786688	0.100466725	-0.0017874735	0.058930061	-0.0172336887	-0.0644993743	-0.0926169287	0.0803232023	0.000639421	-0.0787224732	0.067267254	0.0142056509	0.0232962777	-0.0311588931	0.0992570537	0.0235265052	-0.063080731	-0.1205247148	2.3589408186808214e-06	-0.0051440886546174	5.564601786038544e-12	2.646164808656365e-05	0.0319204828745114	-0.0004075694753283	0.0010189172269419	1.6611287721938657e-07	-0.0248551941523658	-9.402203232901364e-06	8.840142563278084e-11	0.0006177806763517	0.0005349979022103	0.0005049999489821	2.5502494847193655e-07	2.8622275536942174e-07	-1.209121733491969e-05	-8.610191515323606e-08	1.4619753664026242e-10	7.413539793055063e-15	-0.000340996273782	3.539324800036145e-09	1.162784587332087e-07	1.2526820040150897e-17	0.0	0.0	0.0
879.1872536733396	0.812276726901473	772970.2270216692	0.6597934810657702	1340.0571922751035	-5.833953857421875	34.035017610527575	1795753.2785682336	830.5274429597383	-1.7907273829773658	689775.8335092413	3.2067045601449653	894.741639188126	771.5486259567404	1.060258	30.556618	0.0318005411524329	0.0204554721488378	0.1160640602	-0.100794187	0.0978207327	0.1133539056	-0.0560362604	-0.1146286408	0.1620725794	0.0399558727	-0.0392179919	0.0406395995	0.0969782429	0.0257371138	0.0631933163	-0.0496083653	-0.0627356975	-0.0587799964	-0.2245608021	0.0387221436	0.0430974935	0.0139634403	-0.1076517161	-0.0794865553	0.0720574327	0.0103923193	0.09055487	0.0741695246	-0.061140853	-0.0361699006	0.0307887891	0.1100125433	-0.0170045127	0.0175796768	-0.0092975308	-0.0506359226	0.1305443603	-0.1090635638	0.0036579478	0.0417036509	0.0621499702	0.0759048654	-0.0505949236	0.0115207195	-0.009522916	-0.1101768498	-0.0530057149	0.0522981176	-0.065407575	-0.0163097332	0.1655709406	0.0488568289	-0.0260964784	-0.0958972916	0.0861738658	0.0331972282	-0.0124992775	0.1979281122	0.1378830486	0.0301840154	-0.0151750798	0.1320951879	-0.1153672897	0.0089461225	0.1420328812	0.0235787843	0.0927491459	-0.0412435526	0.0321170582	0.1116465863	0.0227143758	0.0782391924	0.0810329222	-0.1009394714	0.1507732791	-0.0662539083	0.0126725232	-0.0841621062	0.0061917092	0.0034464669	0.0442016926	0.0215230529	-0.0278555555	0.0798890653	0.0285799476	0.065087105	-0.0002760565	-0.0319407422	0.0242983674	-0.1546330071	-0.0181509824	0.093740646	-0.0281172994	-0.0868894019	0.1148080349	0.0186616247	-0.0472917029	0.0146473506	-0.0440923089	0.0974967937	-0.0253669618	-0.08783011	-0.1246005104	-0.0120341579	-0.1199707357	-0.038292113	-0.0004593373	-0.0331777198	-0.061319158	-0.0163286898	-0.1251158867	-0.126560461	0.0591820727	-0.070751665	0.1210064273	0.0322731653	-0.0650560226	0.0552410192	-0.0113451732	0.0364671107	-0.0603450463	-0.009578496	0.0523063293	0.0970621018	0.016850859	-0.0717238087	-0.124700488	-3.245797987005972e-05	-3.481692068874054e-05	1.0535204572452016e-09	1.2122179662460487e-09	0.0154175629908621	-0.0165029198836493	0.0002377012485772	0.0002723463646861	-0.0217945159702139	0.0030606781821519	9.367750934700671e-06	0.0004750009263759	0.000777998083545	0.0002430001813347	5.90490881286971e-08	6.052810179996929e-07	-1.2132266078879184e-05	-4.1048743959493095e-08	1.4719188020872247e-10	1.6849993806520208e-15	-0.0003399949805418	1.0012932402000117e-06	1.1559658679361895e-07	1.0025881528702382e-12	0.0	0.0	0.0
882.1048208730361	2.917567199696577	778108.9150074512	8.512198364745329	1348.9409044602337	8.883712185130207	78.92034218823092	1819641.5637259933	833.5088438027155	2.981400842977223	694736.9926973396	8.888750986505295	898.1647769805919	791.6523851996549	1.051448	30.302713	0.0660975385119711	0.0411074059663419	0.0909827766	-0.0044145056	-0.0020576844	-0.1422169072	0.0827377957	0.0940779749	-0.0617665015	-0.0429338358	-0.1174940324	-0.0026303014	-0.0381714461	-0.0277693047	-0.1379367186	-0.0228754764	-0.1219371747	-0.0473972356	-0.0817958256	-0.0754320185	0.1319628613	0.0141332364	0.025923113	-0.0498270815	0.1260438046	0.0765048435	-0.0577812221	0.0547907514	0.0214276155	0.0021884111	0.0241831815	0.2233944223	-0.0857340481	0.1114346689	0.0833438927	0.0172740569	-0.0818231817	0.1371289298	0.1674043878	0.0192205654	0.0717275689	-0.0549957313	-0.033083493	0.0969229596	0.1436762114	0.097781819	0.0239054602	-0.0335902443	0.0554324302	-0.0369783553	0.033022026	0.0608136835	-0.0619955039	-0.0904913585	0.0517404774	-0.1181928723	-0.1331077906	-0.0780425004	-0.0182112594	-0.0399551263	-0.0262304853	0.0050601943	0.044519537	-0.1714934934	0.0312790286	0.0332283386	-0.0437521505	0.0061160236	-0.0167552954	0.1306446732	-0.039940087	0.1441821875	-0.0390175699	0.0594618557	0.0148571692	0.0559139703	-0.0270320512	-0.2335057218	0.0442196125	-0.0766282045	0.1902824088	0.1923899621	-0.1185838762	0.0900446195	-0.0416744146	0.0559660821	-0.0584052291	0.0245660586	-0.1079845923	-0.0016392559	0.0189224677	-0.0248848796	0.0451913985	-0.051157272	-0.1015387772	0.027165993	0.0132425841	-0.0286233452	-0.0444034225	0.1104469416	0.0775061857	-0.0249188739	-0.0615406455	-0.0537665289	0.030624403	-0.0853559456	-0.0199558074	0.150402505	0.0241330058	-0.0965205282	0.0816451111	-0.0551321834	0.0707135637	0.0932665977	-0.0660231607	0.0290595336	0.0183292358	-0.0084746348	-0.070458595	-0.0034287704	0.0476338055	0.0245611226	-0.1089996799	0.0948006283	0.0101290257	-0.0799246852	-0.1275100165	-0.0313957795682853	-0.0313633215884152	0.0009856949747003	0.0009836579410583	0.0413842342430967	0.0259666712522346	0.0017126548438874	0.0006742680159216	-0.0277115126896632	-0.0059169967194492	3.501085017797377e-05	0.0007679279355493	0.0007379984965499	-3.999958699510008e-05	1.599966959778579e-09	5.446417809099127e-07	-1.0119899776839247e-05	2.0123663020399363e-06	1.0241237149327104e-10	4.0496181335858876e-12	-0.0003249959548015	1.4999025740299998e-05	1.0562237063733864e-07	2.2497077315818188e-10	0.0	0.0	0.0
881.332867404586	-0.7719534684501923	776747.6231675895	0.5959121574522821	1342.7046414543602	-6.236263005873525	38.89097627842669	1802855.754183082	833.3341337417952	-0.1747100609203471	694445.7784591882	0.0305236053867914	896.8525441525043	796.0140160498217	1.072065	30.896881	0.0762607896801771	0.0422186381618221	0.114953444	-0.0007212757	-0.0626281163	0.1742811059	0.0211947606	-0.0816225454	0.1225566319	0.0020379013	-0.0641369573	-0.0665595174	0.0086357666	0.1135135754	0.0482533309	-0.0558240139	0.0641030555	-0.067380599	-0.1117047224	-0.0928617397	-0.1093595382	0.0214632189	0.0821652498	-0.1634522214	0.0445377529	0.0725841326	-0.0056296425	0.2730856436	0.0503300315	0.1014165421	0.1023853589	0.0569917933	0.0022044639	0.0676736434	-0.1020736591	0.0144405535	-0.0472744543	0.0011223302	0.0502815077	-0.062745423	-0.0207516209	-0.0793507779	0.0006112415	-0.1459891084	-0.1058582674	-0.1458733699	0.004817432	0.0733205187	0.2619500563	-0.0044810265	0.1073140934	-0.125887857	0.0676760921	0.0544832802	0.0180212168	-0.0594553408	-0.1203495867	-0.0447701528	-0.0121492111	0.1857796166	0.0608307426	0.1123235682	-0.0636125733	-0.0100432385	-0.0950500798	-0.0533748977	0.1731327269	-0.1494985085	-0.0267063145	0.0730956824	0.0329069945	0.0794240913	-0.0896770352	-0.034887311	0.0848461895	-0.0343294796	-0.0008675068	-0.0265122219	0.037459638	0.0159738525	0.1475145493	-0.0115426889	-0.0385005106	-0.0908692535	-0.0438699321	-0.149098282	-0.0385345103	0.067332008	0.146188179	0.0312042501	0.0891301139	0.0520455495	-0.0189474748	0.0318512694	-0.0799147535	-0.0473854004	-0.0056631598	0.044101443	-0.0279099434	0.1222580545	0.0241137721	-0.0802080655	-0.0615105748	-0.0600577864	0.0137487417	-0.1133816717	-0.0099005471	-0.2017195807	-0.0936519849	-0.0227342421	0.0669275523	-0.0779367662	-0.0187381633	-0.0671609662	0.0484247016	-0.0392099142	0.1745149781	-0.0241017758	-0.0697792605	0.0416487133	-0.0006403657	-0.051027545	0.0610721308	0.0924741833	0.0033794295	-0.0876327994	-0.1289225186	-0.0359249554175846	-0.0045291758492993	0.0012906024217554	2.0513433873876044e-05	0.0090458546349339	-0.0323383796081628	8.182748607635511e-05	0.0010457707956816	-0.0459223286029413	-0.0182108159132781	0.0003316338162273	0.0021088602643165	0.0008750445550881	0.0001370460585382	1.8781622160855756e-08	7.657029733893309e-07	0.0002763574462822	0.000286477346059	7.637343811561909e-08	8.206926980503054e-08	-0.000325120916393	-1.2496159150000334e-07	1.057036102762241e-07	1.56153993502137e-14	0.0	0.0	0.0
882.739585105766	1.406717701180014	779229.1751126999	1.9788546908131832	1354.2563656975242	11.551724243164015	133.4423329901033	1834010.3040322664	833.6971317194627	0.3629979776675327	695050.9074372592	0.1317675317907186	899.1028073567948	792.4345663694578	1.102783	31.782177	0.059078973318301	0.0282433499362136	0.1276687886	0.0249962616	0.0491498986	-0.1890515147	-0.0290255414	0.0757843304	-0.1010420908	-0.0910158551	-0.1398950422	0.0672721772	0.0587894358	-0.0633113318	-0.0788920007	-0.0388833374	0.0262725121	-0.0572956922	-0.0548732715	-0.0370619799	0.1861721254	0.07866873	-0.0572222588	0.1730557357	-0.0141871187	0.0517671584	-0.2184552133	0.1091266146	0.0122824187	-0.0924767521	-0.0278506903	0.0243629487	0.1455269323	-0.0670409539	-0.0949530507	-0.0082113255	0.0783419074	0.0523942655	-0.0958005793	0.031465879	0.0211389803	0.0915897619	0.0590269739	0.1168574733	0.0627058369	-0.1029159271	0.1446863247	-0.1138492475	-0.0431518871	-0.0864806801	-0.2168245553	0.0137485407	0.0116046244	-0.0335299153	-0.0239068051	0.0535318723	0.2026810312	0.0981321704	0.1567046432	-0.0039660299	-0.0088374858	-0.0137024393	0.1025979608	-0.1570206576	0.1176213698	0.0882259417	-0.054258903	-0.0097104829	-0.0275462147	0.0928892174	0.0135644633	0.0077515973	-0.2111364456	0.0002989547	0.1010749272	0.050265922	0.1006799471	-0.1039456917	0.0289941195	0.0001982808	-0.1526757653	-0.0866178965	-0.0579182254	-0.089082433	0.1370970537	-0.0585527435	0.0417967376	-0.082271561	0.0207111236	-0.0968160411	-0.067969951	-0.0731387224	0.0226057007	-0.1581812078	0.1145787117	0.080071782	0.1737730614	-0.0224549322	-0.0956478631	0.1342550489	0.0897627698	-0.058767715	0.00714291	-0.1219678831	-0.0213294787	-0.0820932906	-0.00067576	0.161071402	0.0863900397	-0.0038077693	0.0626118224	-0.174614964	-0.0243052453	0.0337503213	-0.0458803543	0.0334901613	0.0658484623	-0.0042834354	0.0122536488	-0.0075381534	-0.02337725	-0.0519824058	0.0018319559	0.090084361	-0.0033794295	-0.0948006283	-0.1289225186	-0.0292502075376148	0.0066747478799698	0.0008555746409935	4.4552259261161344e-05	0.0258984413073619	0.016852586672428	0.0006707292621508	0.0002840096775516	-0.0659977599764545	-0.0200754313735132	0.0004030229448326	0.0043557043219097	0.0006300346949861	-0.0002450098601019	6.00298315472016e-08	3.969437168862281e-07	0.0002118976281739	-6.445981810830002e-05	4.490060482572438e-08	4.1550681505551234e-09	-0.0003250664467555	5.446963749998739e-08	1.0566819480624633e-07	2.966941409380033e-15	0.0	0.0	0.0
882.2625026373329	-0.4770824684330819	778387.1235598898	0.2276076816862025	1350.007106736127	-4.249258961397118	18.05620172101371	1822519.1882380487	834.3200443392064	0.6229126197437154	696089.9363861755	0.3880201318359785	897.3842794875004	794.2034830307292	1.039006	29.94413	0.0577161000335524	0.0388224234127328	0.1542479806	0.0047535527	-0.17447805	0.0773597578	-5.85345e-05	0.0880627645	0.0609719098	-0.1327220893	-0.0836351222	-0.1304001553	-0.0182791288	0.1275556264	0.0479988096	0.0356029477	0.1028179955	-0.0619410638	-0.058129098	-0.0737421614	-0.0857102285	-0.1324148033	0.1481526449	-0.018601322	0.0761827336	0.0737992481	0.0465029104	0.0114701063	0.0383814046	0.1245717572	-0.029020285	-0.2576204812	-0.0208672404	0.2459534352	-0.1049408249	0.0384041884	0.1765278696	-0.0389565663	0.0665072715	-0.0178928638	-0.0508143462	-0.0717105897	-0.219842638	0.0391147794	-0.0015802152	-0.0037295262	0.0233384852	0.0618766753	-0.1147525315	0.0052335216	-0.0470614731	-0.1141625436	0.0159576883	-0.0240538595	-0.0671669334	0.0145064245	0.1101482608	0.1132816265	-0.1579357233	-0.1211413892	-0.071077342	0.136422545	0.0234912013	-0.019435678	-0.183575921	-0.0100044574	0.0228254637	-0.0140485204	0.0332885255	-0.1191266392	-0.0002322675	0.1691282243	-0.1267782814	-0.0726506277	0.1459830599	-0.0168106423	0.1252936269	0.1372379928	-0.0742228726	0.0530723224	-0.0620856065	0.0575123638	0.009184754	-0.0890588567	-0.0728970481	-0.0500525148	-0.0708038942	0.033353749	-0.1522181524	0.0261661748	0.0921719907	-0.1142902595	0.0628467754	0.1832667963	-0.021511527	0.0863254243	-0.1228473107	0.0397230595	-0.0741327113	0.1667124489	0.1122009378	-0.0163110433	-0.0249088135	-0.0682105195	0.0815414224	-0.1361341273	-0.060732982	-0.1098572927	-0.1121984817	0.0310583348	0.2116740836	-0.080286289	0.0510350336	-0.0793390926	-0.0733536678	0.0022896031	0.0696885207	-0.1446815756	0.1317294071	-0.1409577159	-0.0725130856	-0.0169085091	-0.0472878453	0.0876327994	-0.0101290257	-0.1013839798	-0.1275100165	-0.0292726682859552	-2.246074834039852e-05	0.0008568891085795	5.044852160107148e-10	0.0241061674477691	-0.0017922738595928	0.0005811073090198	3.2122455877796725e-06	-0.0364526067060353	0.0295451532704192	0.0008729160817725	0.0013287925356648	0.0004499780284742	-0.0001800566665119	3.242040315537758e-08	2.0248022610952797e-07	-0.0001350731190226	-0.0003469707471965	1.8244747482493463e-08	1.2038869941009754e-07	-0.0003249696173599	9.682939559999037e-08	1.0560525220703985e-07	9.375931852259434e-15	0.0	0.0	0.0
883.5733632217423	1.3108605844093972	780701.8881949809	1.7183554717581464	1351.2146153393917	1.207508603264614	1.4580770269580592	1825780.93670678	832.7187378518688	-1.601306487337638	693420.4963696094	2.564182466389605	898.3578045653175	789.468462521562	1.053751	30.369068	0.0823766093858889	0.0346183650245312	0.1629638727	0.0250503976	0.1117759956	-0.0109730942	-0.1381952944	0.0338903911	0.0530234173	-0.0139685023	-0.1039997527	0.0734055844	0.131110016	-0.082939533	-0.0278791397	0.0356357467	0.0567344843	0.0052958061	-0.1822669229	-0.0133708313	0.0817432058	0.0959588128	-0.130316705	-0.0235754527	0.0677229086	0.0407126696	-0.037336112	0.0128521812	0.0330732166	0.0077957592	-0.0925040981	-0.1138188258	0.1040015211	0.0744621824	0.0789883534	-0.0389794449	0.0874287623	-0.1829353554	0.0795501333	-0.0820557431	-0.1091826951	0.087192718	-0.0414519519	0.1532114754	-0.2059716468	0.0765259377	0.0272249934	0.0030643736	0.0986873126	-0.0380152692	-0.0528626006	0.0734528723	0.0305629759	-0.0074362339	0.1180205241	0.0113585833	-0.0136257501	0.0386204126	-0.197299637	-0.0559579281	-0.0587577561	0.0843497572	-0.0342214127	-0.0539550989	0.1089415492	0.1249571195	0.063862286	-0.1087087184	-0.0396651087	0.0413199206	0.0249513573	0.0453584532	-0.0214357529	-0.1862881368	0.0584365533	0.0150883847	0.0353563282	0.0385728584	-0.1029346453	0.1026365384	-0.0526963217	-0.0333592663	0.0451392783	0.0247229292	-0.1368837806	-0.1257394933	-0.0361911317	-0.0864609119	-0.1045142549	-0.0338496453	0.1783855663	0.0084843704	-0.1074462529	0.0382335891	0.2005319405	0.0648339865	0.0933636951	0.0319127151	-0.0395244028	0.1513173085	0.0833296185	-0.0605249059	-0.0358265328	-0.0707576676	-0.0438087564	-0.0721266871	0.0141755556	0.0049660669	0.048794638	-0.0024358892	-0.0940122933	-0.2482439815	-0.0346434167	0.0124722214	-0.0049863804	0.1337453917	0.036146509	-0.0201092052	0.1165305459	0.0964093314	-0.117671172	0.0467590973	0.0227172639	0.0851211787	-0.016850859	-0.1073422654	-0.124700488	-0.0166108596722978	0.0126618086136574	0.0002759206590527	0.0001603213973688	0.0092017982319134	-0.0149043692158557	8.467309070084459e-05	0.0002221402217225	-0.0255404982703595	0.0109121084356757	0.0001190741105119	0.0006523170518982	0.0002340796412473	-0.0002158983872269	4.661211360717647e-08	5.4793278446464676e-08	0.0002769322222835	0.0004120053413061	7.669145573887787e-08	1.69748401264756e-07	-0.0005750323512409	-0.000250062733881	3.306622049736378e-07	6.253137087603984e-08	0.0	0.0	0.0
885.5802046949809	2.0068414732386373	784252.2989476043	4.0274126987106245	1354.7085012996895	3.4938859602978027	12.2072391035661	1835235.1234936507	836.3851414624112	3.666403610542375	699540.1048590975	13.442515435398162	899.7280726992237	804.2721212333607	1.029149	29.660032	0.1233895116731771	0.0564906774852284	0.214498411	0.0438244298	-0.1205717803	-0.0208275696	0.0553366076	0.0063775023	0.0502067408	-0.1361281721	-0.1060006079	-0.1195538047	0.0754260395	-0.0332347785	-0.0753661675	0.086750399	0.0474456832	0.0598919151	-0.0968643491	-0.2391307963	0.0768486606	-0.1285814373	0.0104547407	0.0726339129	0.0481944127	-0.0229499983	0.0121141856	0.0255186382	-0.0466565536	0.0757730642	0.0162096175	0.0939287796	0.0133306521	0.0245113975	-0.1505855195	0.05539037	0.0359913999	-0.01770417	-0.0196563333	-0.1794337729	-0.1674699016	0.1460078433	0.0724397958	-0.0019516829	-0.0152549218	-0.001744812	0.0175280249	0.0427827811	0.21247081	-0.0349216204	-0.05078455	-0.1010307977	-0.0557792865	-0.0819353342	0.1236302576	-0.1710433443	-0.0781196089	0.0764052273	0.0706242167	0.0278610322	-0.0937023494	0.1248339256	0.0699794057	-0.1238447812	-0.1101309017	0.0661162636	-0.0240457617	0.0057035416	-0.0714502438	0.0155770826	0.1068479221	0.0886409871	0.0801657449	-0.1260711536	0.0282915333	-0.0588782468	0.0352828383	-0.0502473659	0.008853104	0.08539064	-0.1013492297	-0.062198354	-0.2124574762	0.006151851	0.0940277847	-0.1164040167	-0.0802009541	0.1227797666	0.0151722327	-0.0138286213	0.1625100517	0.1310505628	-0.1508605205	-0.0303716279	-0.0977350975	0.0571754371	0.037190488	-0.0752572635	0.0456084271	0.2044506158	0.0657829109	-0.1241464699	0.0162108384	-0.0642115959	-0.007668515	-0.0779404611	-0.0185762822	-0.0061623692	-0.0410385368	-0.0154748489	0.1607523188	-0.1109251724	0.0753360308	-0.0429244823	-0.0161982131	0.1266345964	-0.0648334576	-0.0275345528	0.1653549872	-0.178484188	-0.0640957402	-0.0338993619	-0.011588174	0.0825512202	-0.0235265052	-0.1126387502	-0.1205247148	0.0076173210864567	0.0242281807587545	5.802358053417788e-05	0.0005870047428788	0.0346884024086051	0.0254866041766917	0.0012032852616613	0.0006495669924593	-0.0593676749131475	-0.033827176642788	0.0011442778796223	0.0035245208245931	0.0004609987583528	0.0002269191171055	5.1492285707939626e-08	2.1251985520282329e-07	-5.066153466959378e-06	-0.0002819983757504	2.5665910950784523e-11	7.952308392589727e-08	-0.000286998842198	0.0002880335090429	8.23683354229925e-08	8.29633023315664e-08	0.0	0.0	0.0
883.4874623400202	-2.0927423549607056	780550.0961120087	4.37957056424648	1338.041577686983	-16.66692361270657	277.7863427117958	1790355.2636190704	835.4269285673687	-0.9582128950424932	697938.1529755073	0.9181719522257158	900.2439276978303	813.422219542031	1.455722	41.953861	0.3310301254920826	0.1904585878556223	-0.0316034401	0.1202594664	0.0405259084	0.1264116228	-0.1793860697	0.345035615	0.0653509073	0.0729051188	0.1029573387	0.1365859521	-0.1764625417	-0.0446765242	-0.1302296638	-0.1244084924	0.1972290018	-0.0629129134	0.0287183905	-0.0300951991	-0.0858694124	0.0579644594	-0.177297945	-0.1248720064	-0.2833979668	-0.0792110762	-0.0957130508	-0.0375143666	-0.1759150966	-0.0032182919	0.057137456	0.0114116298	0.0476919905	0.1014127714	-0.0051658047	-0.1453932783	-0.1066370621	0.0012206029	-0.1002271611	-0.1269499145	-0.0029052729	-0.0404998563	-0.1220143702	0.1817347215	-0.0117915993	0.0806392328	0.0211076492	-0.0441561529	-0.0366987146	0.0582793432	0.1320795574	0.0665698153	-0.0539037714	0.0880704485	0.0030929539	0.0600469037	-0.1751585226	0.0180669761	-0.0186889913	0.0029473391	-0.0643787289	0.0368004506	0.0178877469	0.1106475768	0.1106108637	-0.1769620674	-0.1438082367	-0.2616970319	-0.0374012199	0.0171601397	-0.224070889	-0.0004671567	0.0181267368	-0.1270341384	-0.0983269523	0.0569495457	-0.0714194374	-0.2143025328	-0.0799563779	0.0391453532	-0.0290250704	-0.0064610693	0.1015299247	-0.091620922	0.0707528338	0.0970528682	-0.080848214	0.1579790498	-0.1576012871	0.0302031408	-0.078352038	0.1123554536	-0.0839843591	-0.0041647121	-0.0303038465	0.1594287714	0.0815299218	0.1654336447	-0.0260596402	-0.0265124526	0.2279203921	0.197344669	0.0791790678	-0.1008739307	-0.0282660071	-0.1951141677	0.1756180426	-0.0691751655	-0.0099068182	-0.1199772243	-0.0573182055	-0.0043919363	0.1522873726	0.3645269623	-0.0585026817	0.0938719173	-0.0712420702	0.192144501	0.1965497071	0.0956578147	0.0944000964	0.0090631714	0.2278558069	0.0799246852	-0.0301376669	-0.1172407796	-0.1150284477	0.0397191473475118	0.0321018262610551	0.0015776106660133	0.0010305272492949	0.0345414741033209	-0.0001469283052841	0.0011931134332303	2.1587926893686563e-08	-0.1513504188777688	-0.0919827439646212	0.008460825187261	0.022906949294476	0.0031096666408366	0.0026486678824838	7.0154415517012165e-06	9.670026617131985e-06	-0.000399748853791	-0.000394682700324	1.597991461072183e-07	1.5577443393507645e-07	0.0008056231142166	0.0010926219564146	6.49028602160053e-07	1.1938227396392682e-06	0.0	0.0	0.0
884.6806925726149	1.1932302325947148	782659.9278107616	1.4237983879780374	1342.2044386919806	4.162861004997694	17.32941174693041	1801512.7552444548	837.2019241940415	1.7749956266727622	700907.0618742055	3.150609474707432	904.6126013500106	819.2177320819035	1.423138	41.014809	0.2244341910754947	0.1205452647935779	-0.2550393707	0.0921764339	0.0218528295	-0.041454106	0.0581433128	0.0722119991	-0.2081467478	0.0056533214	0.2090326904	0.0881976925	-0.0209704733	0.1357309151	0.0513351201	-0.1463675982	0.0077814132	0.2507464116	0.2605172138	0.0598740997	0.0500755032	0.0123452029	-0.0588866859	-0.0295834159	-0.0464681472	-0.1152054507	-0.0665757025	-0.0813335945	0.0298091668	-0.0194392373	0.0201548174	0.0959048518	0.2705606469	-0.1268924448	0.0786753822	0.0778565671	-0.1323631162	-0.0454585202	0.0491809204	-0.015513029	-0.0510113374	-0.0906249754	0.0232041765	0.0190030531	0.0164556809	-0.0155084583	-0.0308495416	0.2088109464	0.1063357513	0.1312565935	-0.0090998734	-4.65669e-05	0.1033301135	-0.0283898409	0.0604630449	0.1674536574	-0.0451050547	0.1411112437	-0.1715330798	-0.112621603	-0.0164734024	-0.2372623601	0.0990914953	0.0655071377	0.0330461952	-0.0837220358	0.1953906705	0.0863455076	-0.0751153438	-0.0818998156	-0.0372477962	-0.1744712974	-0.0045189954	0.0173724146	-0.1021136925	0.0945704538	-0.0060687308	-0.2719321442	-0.1276748316	-0.0320252307	-0.074429623	-0.3102509951	0.123459429	0.019600381	-0.1633230072	-0.0333537557	0.1311485102	0.2397315353	0.0339253591	-0.0555653766	-0.0218158256	0.0679652591	0.0023426318	0.2051006319	-0.0182642565	-4.1429e-05	0.039117283	0.1169436687	0.0526021502	-0.1980872738	0.0768441138	0.1193614944	0.0665925392	0.0773061047	0.1547483734	-0.1250301333	0.2427546716	0.0309010697	0.1623456764	0.1029753214	-0.0700318615	0.1305888219	-0.2118995038	0.2239460382	-0.1243001083	-0.0440169846	0.0832897696	0.0774642799	-0.000142928	0.0629143732	-0.2615320025	-0.0936509615	-0.120777754	0.0772433738	-0.0366662233	-0.1211199807	-0.1082719048	0.0643795216683287	0.0246603743208169	0.0041447228102428	0.0006081340616428	0.0509331611572321	0.0163916870539111	0.0025941869054685	0.0002686874044733	-0.2169083640740154	-0.0655579451962466	0.004297844178354	0.0470492384052656	0.0046309528181817	0.0015212861773451	2.3143116333812675e-06	2.144572400422503e-05	-0.0006011695401666	-0.0002014206863755	3.614048160241212e-07	4.05702929000178e-08	0.0014393999405863	0.0006337768263697	2.071872188959844e-06	4.016730656432489e-07	0.0	0.0	0.0
883.4196463706184	-1.261046201996578	780430.2715935884	1.590237523569994	1352.0204441743738	9.816005482393166	96.35396363037268	1827959.281465471	834.9369649116322	-2.2649592824092224	697119.7353758481	5.1300405509717	900.5073280601039	804.525754283299	1.231728	35.49836	0.1303674789614682	0.0819313574392918	-0.0592319848	-0.0239160449	-0.1191184358	-0.0414029687	-0.0387587666	-0.1275024871	-0.0776421474	0.0276723007	0.0729131358	-0.1522058941	0.0953766184	-0.0358719258	0.0718321077	0.0776084501	0.1051116824	0.2766578334	0.0568901363	0.0724019627	-0.0274665083	0.0559370418	0.1173052715	0.1679633392	-0.0905729914	-0.0473100812	-0.0053014004	0.0267261057	0.0898192971	-0.0489227423	0.118648399	0.094805105	0.0141172353	-0.1162806474	-0.0867995478	-0.1072643328	0.1091094014	-0.0588778016	-0.0474803661	0.1812159683	0.0216298203	0.0252251689	-0.1696437225	-0.0950655728	-0.0502687472	0.159833126	-0.2024535299	-0.0400646709	-0.0215546869	-0.0220307415	0.0692165171	-0.0415277868	0.1492568068	0.0724517915	0.0370651601	0.0703208769	0.0404394551	-0.0344375801	0.0945860072	-0.0859619751	-0.057122394	-0.0661747365	0.000955658	0.0722633761	-0.1256315171	0.1540291745	0.0130994084	0.0578319664	0.0285390028	-0.1363691439	0.0126921742	-0.1844846513	0.0536271759	-0.0188597436	-0.0168623446	-0.0424768732	0.1500207193	-0.1392209571	0.116323291	-0.0720193524	-0.0236789551	-0.0390173399	0.1179275309	-0.1929567888	0.0030617534	0.0109800173	0.0586025766	-0.1581521245	0.1356077409	0.0098110576	0.1653466388	0.0506620437	0.0561174446	0.0683488005	-0.0344423797	-0.0860137947	-0.1525320215	-0.0366383351	-0.0442689748	-0.0403090837	-0.1039566331	0.0151377622	0.060031639	0.0303900242	0.0666330887	-0.0368592958	0.235197139	-0.0127453636	-0.0577389842	0.2017309372	0.0735916278	0.011844963	-0.1663488572	-0.0831917813	-0.0759009663	0.0244403786	-0.0235641992	-0.0988413205	0.0754144191	-0.0674435158	-0.0647564945	0.0246311781	-0.0206700296	0.0745091236	-0.0430942802	-0.1242524367	-0.1003291122	0.0680454486856234	0.0036659270172946	0.0046301830868278	1.3439020896131164e-05	0.0290048008525047	-0.0219283603047274	0.0008412784724934	0.0004808529856539	-0.1594158504429543	0.057492513631061	0.0033053891236177	0.0254134133724503	0.003786012425428	-0.0008449403927537	7.139242673067768e-07	1.4333890085495207e-05	-0.0007017778763676	-0.000100608336201	4.924921877590185e-07	1.012203731313346e-08	0.0014393351093733	-6.483121300004599e-08	2.071685557074649e-06	4.203086179057332e-15	0.0	0.0	0.0
879.3565518141937	-4.06309455642463	773267.9452185488	16.508737374447463	1342.619775839413	-9.400668334960756	88.37256514393383	1802627.862475076	833.188218083399	-1.7487468282332657	694202.6067529896	3.058115469255907	899.7207967260823	784.1137716097253	1.049747	30.253689	0.0634985363837814	0.034432564596085	-0.0927076655	-0.1330796431	0.0160002839	0.0520550631	-0.0868072027	0.090515281	0.0434876131	0.1378917667	0.0106770472	-0.1300800025	-0.0571354275	-0.017148685	0.0076572778	-0.0032826315	0.066465288	0.0744509403	-0.0626151282	0.1757168874	-0.0960697466	-0.0587657437	0.1704872628	0.1617512878	-0.0720221601	-0.026182675	0.1338254661	0.0171094291	0.0552818149	-0.1814558899	0.0357436639	0.0022242897	-0.0135902714	0.1135781706	0.0405402915	0.0269727202	-0.0031078428	0.2236654854	-0.0344769846	0.0767720873	0.0505622134	0.0814450569	-0.0691644183	0.0615917642	0.0986572745	0.079094188	-0.0398586466	0.1080912743	0.0094779178	-0.0221989533	-0.1595433427	-0.0118583026	-0.0735439642	0.116885879	-0.0051360352	0.009325134	-0.0771156239	-0.0063180511	0.0675790259	0.0652883076	0.1341444134	-0.0281168407	-0.2017664954	0.057306992	-0.0637584254	0.097831053	-0.0883986352	-0.0004380505	0.0949215691	-0.0032572734	-0.0532781735	-0.1575448749	0.0059978302	0.168566898	0.1544866153	-0.0834757172	-0.0607255355	-0.1603618867	-0.0930578623	0.0261247476	-0.1222238631	0.1308161033	-0.0069329215	-0.1254629308	0.0714501962	0.1503769308	0.0279018955	0.0834015697	-0.1358839641	-0.0068300624	-0.0398468858	-0.0098886672	0.0479759315	-0.1030752454	-0.084609779	-0.0518865108	0.0419545271	0.0344960827	0.0565813255	-0.0635891935	-0.1110198485	0.082743661	0.0619166364	-0.0089175294	0.0880718968	-0.025608799	0.1885780988	-0.0089415624	-0.0276488099	0.0813221518	-0.0841380981	0.0104054974	-0.0089377958	-0.0287065622	1.08202e-05	0.1021807754	-0.1166794349	-0.1536227394	-0.0381804774	0.11745056	-0.0342488958	0.0294350338	-0.0525802437	0.0717238087	-0.0494042187	-0.1266188352	-0.0912870929	0.0642967989610383	-0.003748649724585	0.0041340783566361	1.4052374757631894e-05	0.0402788300275034	0.0112740291749986	0.0016223841483845	0.0001271037338387	-0.1356146330617917	0.0238012173811626	0.0005664979488253	0.0183913287004844	0.0037078711906864	-7.814123474160018e-05	6.106052566941863e-09	1.374830876672218e-05	-0.0007031018507688	-1.323974401199932e-06	4.943522125545119e-07	1.7529082150327188e-12	0.0010253075164554	-0.0004140275929179	1.0512555032999403e-06	1.7141884769739037e-07	0.0	0.0	0.0
882.5858353677946	3.229283553600908	778957.7567918679	10.428272269557308	1344.5479407815371	1.9281649421241127	3.717820044036483	1807809.165059872	835.6782282333467	2.490010149947693	698358.1011432254	6.200150546842534	898.5867377306092	778.4548610722907	0.989648	28.521614	0.0214928519125626	0.0184792458103823	-0.0202753439	-0.1320356708	0.1275284933	0.1133634118	0.0004358805	0.1330744484	0.1310835882	0.0505069875	-0.05065123	0.1106073598	-0.1712339657	-0.0565234865	0.0803883907	0.0513090058	-0.0463461913	0.2428307339	-0.0093884728	0.0811474869	-0.0127858644	-0.1443881665	0.0773936576	0.1072439442	-0.0462592029	-0.31955969	0.0235362379	0.0162312817	0.0215091116	-0.0977081811	0.009847406	-0.0260466669	0.0523173062	-0.0166227747	0.0351089593	-0.000443081	0.0445280455	0.1716170122	-0.0165732941	0.1875748909	-0.1223809811	-0.0132191769	-0.0189112957	0.1074374549	0.1270368302	-0.1803766819	0.05221823	-0.0404911477	0.1213029641	-0.0558788842	0.1000980425	-0.0988702946	-0.1663394939	0.0282883704	0.0337619213	0.0179672508	-0.0259245259	-0.0884694123	-0.0241096475	0.0385669044	0.0240453031	0.0938968772	-0.0879933596	-0.024400586	0.053485238	-0.0749215213	-0.1541924065	0.0916975414	0.1831944762	-0.0629932791	-0.0091238179	-0.1954422827	0.043906198	0.0706348615	0.0482457608	-0.0807224548	-0.0140533133	-0.0916786297	-0.1987133719	-0.0730110576	-0.0894025738	-0.0285650451	-0.1253099664	0.0130709244	-0.0384795852	-0.04654253	0.0532867051	-0.1258357795	0.1170657756	0.1987969523	-0.0174921567	-0.0835580804	0.0600079575	-0.0370551505	-0.0713045379	0.0359786696	0.0172177232	-0.0451277278	-0.0419471441	-0.0025569022	-0.148106573	0.0923804914	0.0643508419	-0.016909169	0.1235385305	0.0329219094	0.1351479938	-0.0133817823	0.08317109	-0.0422724824	-0.0811208176	0.0662858144	0.2104378582	-0.0685722995	0.0275149241	0.1203823174	-0.0536884422	-0.1552350989	-0.0270239793	-0.0183012225	-0.0733018149	0.0056776514	0.0571162181	0.0688893378	-0.0555787436	-0.1282045865	-0.0812449131	0.064366116136739	6.93171757006894e-05	0.0041429969065281	4.804870847120245e-09	0.0400083291293356	-0.0002705008981677	0.0016006663997212	7.317073590958488e-08	-0.1384767916918008	-0.0028621586300091	8.191952023335591e-06	0.0191758218372543	0.0033428685581632	-0.0003650026325232	1.332269217488663e-07	1.117477019715611e-05	-0.0007037890888006	-6.872380318000831e-07	4.953190815147789e-07	4.722961123524522e-13	0.0010251798828367	-1.2763361869998213e-07	1.05099379217307e-06	1.6290340622452428e-14	0.0	0.0	0.0
884.1812904252223	1.595455057427671	781776.5543380113	2.5454768402715326	1345.8949901805204	1.3470493989832448	1.8145420833011208	1811433.3245930232	836.7185970255779	1.04036879223122	700098.0106084513	1.0823672238486477	902.010732231968	796.4575886200522	0.991606	28.578053	0.037710055624705	0.0187199278790556	-0.047314286	-0.0219296738	0.1172400822	0.0402481816	0.1256602934	0.1139073214	-0.039450466	-0.0724309082	-0.018478756	0.2256309756	0.0179542832	0.1212148653	-0.0185910598	-0.0292426134	-0.0751450911	0.1495990888	0.0536911623	0.0091384177	0.0168394479	-0.0522142908	0.0163857859	-0.1211417098	0.015168532	-0.1648970323	-0.0695973015	0.001876916	-0.0690242478	-0.019853629	-0.0677761206	0.0037796733	0.0303958707	-0.1093132959	0.016321704	0.240017049	-0.0085603801	0.0220551435	-0.0544591153	-0.0301274054	0.0060608026	0.1833371608	0.0716605421	0.0047667296	-0.0030218145	-0.0127827268	0.0054272403	-0.0820366701	-0.1176286234	0.2860411331	-0.095136008	-0.0449018375	0.0289426012	0.0217500385	0.0533604642	-0.1720860812	-0.068507203	-0.1188098307	0.0726553957	0.0917189899	-0.0107317924	0.0057862972	0.0816199899	-0.0666508233	0.1098143566	-0.1560450755	0.1079673401	0.1469865599	-0.037881793	-0.0949901756	-0.0973415534	-0.1897926122	0.0422658501	-0.0278419033	0.0709319007	0.0900331097	-0.1037258145	0.0433376117	-0.0474271277	-0.1267140862	0.0241637983	-0.0074900475	-0.1263067281	-0.0188376324	0.1888194435	0.0283226648	-0.0625437607	0.0251389646	-0.0227364468	-0.003572255	0.0776554128	-0.1740459716	0.0191948526	-0.0448861651	-0.1068177477	0.0341565655	-0.0017049579	0.0382607356	-0.1171179727	-0.0259677003	-0.0779103096	0.116599217	0.0965122567	0.0773284392	0.2455238419	0.0144855969	0.0870013799	-0.0439473667	0.0411642584	-0.0553396222	-0.0700791069	0.0279688333	-0.0304658927	0.0551693109	0.0512352131	0.1401624337	0.1455883063	-0.0348240097	-0.2361281625	-0.0160648574	0.0315194836	0.1119421555	0.0688529861	0.0660076536	-0.0616009311	-0.1289999139	-0.0703125971	0.0780821312897046	0.0137160151529656	0.0060968192267426	0.0001881290716763	0.0325146111720755	-0.0074937179572601	0.0010571999396712	5.615580882296251e-05	-0.1337661529523615	0.0047106387394393	2.219011733350632e-05	0.0178933836756745	0.0035098943724044	0.0001670258142411	2.7897622622935844e-08	1.2319358505436075e-05	-0.0007030839578945	7.051309061000205e-07	4.94327051848595e-07	4.97209594737436e-13	0.0010932426131902	6.806273035349993e-05	1.195179411294937e-06	4.632535263173241e-09	0.0	0.0	0.0
885.2485053285174	1.0672149032950529	783664.916186374	1.138947649815069	1355.2590673110064	9.364077130486066	87.68594050569216	1836727.1395286992	837.3695182662246	0.6509212406467668	701187.7101214092	0.4236984615251261	903.0859478764256	805.4882846297505	1.042287	30.038691	0.0456089813091819	0.0252435017748552	-0.0040261528	-0.0390926952	-0.1146479789	-0.0929684893	-0.0828878499	-0.1148592758	-0.0459860256	-0.1602347824	0.0752346772	-0.0389549341	0.1554051447	-0.0497547542	-0.0670693492	0.1304385001	0.1003168828	0.1506630366	0.021156514	-0.0518799548	-0.0976849912	0.0766834942	0.0570364871	0.07774064	0.0494863099	-0.0475076843	0.1475826386	0.0530901118	0.096078503	-0.0594333659	-0.307424859	0.0166760779	-0.0225860099	-0.1106025391	-0.0201301852	0.1048423599	0.0369044151	-0.0578071372	-0.0323609736	0.001821903	0.1309981181	-0.022055132	-0.1555289699	-0.014033531	0.0200375481	-0.1154193746	-0.0296670328	-0.0160617733	-0.1052197438	0.0932796769	-0.0006723101	-0.0442214586	-0.0169745706	0.0948625479	-0.0373355497	0.2172250966	0.0282994056	0.1470875071	-0.0133602817	-0.0040725048	0.0387031293	0.0249037909	0.1348791553	0.0829592102	-0.0204430611	0.1497421476	0.0422044873	0.044982695	-0.1288175009	-0.228821601	0.0399420549	-0.1075562823	0.0734185519	0.064776163	0.1823345201	0.024568679	0.0429360639	-0.0081399869	-0.1052740208	-0.1266853942	-0.0144001569	0.0082096345	0.0328668478	-0.0109381744	-0.0623310563	0.1112702757	0.0101807072	-0.0830106285	-0.0771902278	-0.0340249654	-0.146414424	-0.050583598	0.0439703855	-0.1348774021	-0.0268552023	-0.0242808704	-0.0065948137	-0.0367442698	0.0317408569	0.0176010772	-0.1030711519	0.0676390476	0.0952345697	-0.0077932069	0.1427982332	0.157854561	0.1632315227	-0.0227840756	0.0013971645	0.0465417115	0.0402446284	-0.0495798033	-0.0977527595	-0.1179156923	-0.0192379838	-0.038805472	-0.0617245763	0.1103590911	-0.0585527262	-0.1605282821	0.0633344115	0.137419488	0.0285704403	0.063080731	-0.0674542747	-0.1289999139	-0.0586099215	0.0622856394104758	-0.0157964918792288	0.0038795008767718	0.0002495291556905	0.0494115220994046	0.0168969109273291	0.0024414985161799	0.000285505598886	-0.1242829623796524	0.009483190572709	8.993090343831858e-05	0.015446254737862	0.0035098694256769	-2.494672749972504e-08	6.223392129455376e-16	1.2319183385301492e-05	-0.0007037028225589	-6.188646643999485e-07	4.951976624773626e-07	3.8299347284286084e-13	0.0010252386659838	-6.800394720639998e-05	1.0511143222282418e-06	4.6245368356508355e-09	0.0	0.0	0.0
884.3964600365969	-0.8520452919204899	782157.0985252638	0.725981179483873	1347.2326985976276	-8.026368713378815	64.4225947231063	1815035.944170646	834.6389220344719	-2.73059623175277	696622.1301748652	7.456155780862428	900.6982228881342	800.7533931981737	1.079927	31.123459	0.0823951791017115	0.038935734074129	-0.0253644689	-0.0068710874	0.0675093238	-0.0053306761	0.0451849306	0.0273643842	-0.0137826824	0.1195352674	-0.1567815178	-0.0516519899	-0.0508383327	0.021776735	-0.0234110005	0.0630344409	0.1443069756	0.0506154309	-0.0336882338	0.1901069251	-0.0545611925	-0.0877492877	0.0741970724	0.0634533869	-0.1182888321	0.0173813644	0.0602930432	0.1486950179	0.1415550323	0.0701388726	0.1545345231	-0.0408007853	-0.0925318732	-0.1083158169	-0.0195013804	0.0885292001	-0.0248486128	-0.0642498165	-0.086705361	-0.1379160819	0.0471254502	0.0339266767	-0.0625135232	-0.0247812035	-0.1109250941	0.0322187254	-0.0019469316	-0.0654308286	-0.0821940501	-0.0472745609	-0.0414770184	0.0612772932	-0.2078134727	-0.0102940679	0.0391225497	-0.0145948594	-0.04101417	-0.0704033463	-0.0429827592	0.0593750812	-0.0918271233	-0.0341397626	-0.2071393974	-0.0732419521	-0.0770201084	-0.0127442549	-0.0529228903	0.0130745723	-0.0537447558	-0.0918822364	-0.0707271687	-0.2098374834	-0.1650644018	0.0230378521	0.0224025316	-0.1263207007	0.0178988822	0.0715133817	0.0752615908	0.1180803423	0.0884145062	0.0850400338	-0.0571003287	-0.1043488485	0.0605118784	-0.0822786242	-0.0775337175	-0.0235507227	-0.0060651351	0.0175956213	0.017630763	0.0110982035	-0.0338614298	-0.0139182047	0.071078547	0.0184543834	-0.0493714337	0.1715883632	0.2656939693	-0.0279616741	-0.0860262707	-0.0205572429	0.1258239751	0.0017505826	0.2479050624	0.0006899908	0.0866340602	-0.0221253897	0.0133135527	0.075085149	-0.034846364	0.0031263647	-0.0195352657	0.0284586356	0.0680579268	-0.0355374969	-0.0751293483	-0.0165462758	-0.1079544028	0.0812872416	0.2256089515	-0.0504096924	0.1063489098	0.0601105761	-0.0731227308	-0.1282045865	-0.0462651033	0.0730845535936168	0.010798914183141	0.0053413519739782	0.0001166165475348	0.0273210189841393	-0.0220905031152653	0.0007464380783317	0.0004879903278855	-0.1494742767772976	-0.0251913143976452	0.000634602321081	0.0223425594180961	0.0036520145699555	0.0001421451442786	2.0205242041984044e-08	1.3337210419167257e-05	-0.0007841492452347	-8.044642267580004e-05	6.148900388021496e-07	6.471626921333474e-09	0.0012889360471426	0.0002636973811588	1.6613561336235908e-06	6.953630883000949e-08	0.0	0.0	0.0
885.8578339665942	1.4613739299973076	784744.1019999859	2.135613763275776	1337.1215063656075	-10.11119223202013	102.23620835286422	1787893.9227854314	836.6805021334327	2.041580098960821	700034.262650253	4.168049300472878	900.2743836796078	811.8821416373564	1.23809	35.681725	0.4345862747821576	0.2123080406056589	-0.140870303	0.0385981576	0.1696187583	0.1020560515	0.2015004201	-0.207847137	0.0634819238	0.0453415372	0.0990554277	0.1268554676	-0.1104445522	0.1888737614	-0.1369620767	-0.068812809	-0.127974954	0.1186076048	0.0704805057	0.1927277991	-0.0622038189	-0.2360024167	-0.1893442498	-0.1167006591	0.0433757589	0.164106477	0.0304796036	0.0609906808	-0.1454708479	-0.0476894633	0.20823762	-0.0376482451	-0.0570771114	0.0085695165	0.0766329741	0.1027687576	0.1419236877	-0.1803308562	0.0203694762	0.1011155821	0.1724578859	0.0500874542	0.1398919639	0.0832134353	0.0582650067	0.0078807976	0.0209856632	-0.110993986	-0.0641333982	-0.0469739725	0.1640112306	-0.0538738115	-0.0670510148	-0.0160787289	-0.1228554773	0.0265033854	0.1785180967	-0.0307616029	0.0290726275	-0.0796206169	-0.0405276273	0.0041034458	-0.09274528	0.0380636159	0.0605581713	-0.2455909985	0.0233892578	0.2733397714	-0.0642744777	0.1335053681	-0.1177550395	-0.0888447921	0.0174448671	-0.0258673852	0.1349971874	-0.3338559992	0.1359330506	0.1844669837	0.1437310128	0.1862575692	0.0097959591	-0.1070419624	0.0388114144	0.1999515432	-0.0550939514	0.000821606	-0.0499898472	-0.123995319	-0.0516071189	-0.0593048606	-0.1428690513	-0.0361858627	0.0102378966	-0.0004390849	0.024258098	0.0176441846	-0.0503117347	-0.0627672769	-0.091733388	-0.1771865778	-0.1603293034	-0.339528999	0.2162579043	0.150502746	-0.0755303448	-0.0925233931	-0.067615193	-0.0403545626	-0.016623556	-0.0399864965	0.0115608871	0.018936939	0.1757631683	0.0748250386	0.27269934	-0.1368594019	0.0799425441	-0.212907012	0.0795603533	-0.1068580242	-0.0959734153	0.1459298582	-0.1752414533	0.0570992244	-0.0785907625	-0.1266188352	-0.033413395	0.1530879125808439	0.080003358987227	0.0234359089783601	0.0064005374492391	0.0211110571646173	-0.0062099618195219	0.0004456767346077	3.8563625799920974e-05	-0.3024087429682112	-0.1529344661909135	0.0233889509490996	0.0914510478236136	0.0045607453681859	0.0009087307982303	8.257916636524595e-07	2.080039831342914e-05	-0.0024450276258978	-0.0016608783806631	5.978160091403432e-06	2.758516995354081e-06	0.002628096623939	0.0013391605767964	6.906891864759571e-06	1.7933510504456672e-06	0.0	0.0	0.0
887.4868959072328	1.6290619406386213	787632.9904070555	2.6538428064372708	1338.9096086389875	1.788102273379991	3.197309740066692	1792678.9401058066	838.4436076570333	1.7631055236006432	702987.6832209412	3.108541087351098	903.2148712483694	813.5196095903343	1.348477	38.863056	0.2557613473761642	0.1521851264442626	-0.0990472085	0.1153740502	0.0777567719	0.0062808253	0.0558910657	0.1626528248	-0.0795319274	-0.0091916533	0.0803531796	0.1441768029	-0.1821747376	-0.0275179443	-0.0302514728	0.1342887273	-0.1696711467	-0.1636606853	0.0766177323	-0.0136649431	0.0244691089	-0.0492707761	-0.1579495228	0.050045455	-0.1075403617	-0.2066225269	0.0484647644	-0.1547441268	0.0433759897	0.0337945716	0.0939533099	-0.02467303	-0.1321805907	0.0838295227	0.0127201364	-0.0605912288	-0.0753018306	-0.0319720822	0.1023074622	0.0002820224	0.0477139674	-0.0766335822	0.0577310378	-0.0543628331	-0.0287860133	0.0670709308	0.0183148477	0.0250065673	0.0497950894	-0.1448850271	-0.0198040101	0.0075250466	0.1651937698	-0.1044598071	0.1397659529	-0.0432911655	0.0075744152	-0.0468545583	0.219486338	-0.0025004656	0.2328763472	-0.0344209917	0.1154261526	0.0100296815	0.0988497151	-0.1051396727	-0.178068494	-0.0188993452	0.1283664313	-0.0663204519	0.0519784695	-0.1067019851	0.0778714976	0.031884843	-0.0786959945	-0.0563176904	-0.1868976	0.101958301	0.148972231	0.0357062307	-0.0300494468	0.0941760865	-0.0184218303	0.0891392268	-0.0819959911	-0.030437622	-0.1064719808	0.0272901717	0.0596769947	-0.0454372809	0.0900190765	0.0906485256	-0.2612592048	0.0087954614	-0.1061756147	0.0407201547	0.0308281628	-0.1720926254	-0.044947993	-0.0994903726	0.0074207287	0.1380911864	0.1659408446	0.141859321	-0.2517338693	0.0636556182	-0.1722755727	0.0927265256	0.1455302655	-0.0411036986	0.1135405922	0.0792857041	0.102521322	-0.0573485679	0.0264007332	0.1205320257	-0.0786156853	-0.1292205231	-0.0313493541	0.1003176931	0.0434854542	0.0064899364	0.0459390832	0.0540487397	-0.0838433825	-0.1242524367	-0.0201956026	0.1586052949734835	0.0055173823926396	0.0251556395936257	3.0441508466609507e-05	0.0885595415918061	0.0674484844271887	0.0078427924069508	0.0045492980515247	-0.2346089603203154	0.0677997826478958	0.0045968105271019	0.0550413642625793	0.0024869261201461	-0.0020738192480398	4.3007262735403605e-06	6.184801527064935e-06	-0.0022247480905188	0.000220279535379	4.949504066267046e-06	4.852307370678816e-08	0.002622281449189	-5.815174750000221e-06	6.876359998760762e-06	3.3816257373040126e-11	0.0	0.0	0.0
884.9674632116014	-2.5194326956313944	783167.4109431771	6.3475411078164745	1353.266991289924	14.357382650936415	206.13443658541	1831331.549714883	837.433587510278	-1.0100201467553234	701295.0134903345	1.0201406968516449	903.4475555223504	807.4366772945796	1.136794	32.762375	0.1321410260353815	0.0642923181854257	0.0094834397	0.0029085497	-0.0468905064	0.0128568138	0.1656277096	-0.1069809064	-0.1201125818	-0.1941049453	0.063759144	0.1240764259	0.0587237899	0.1313612851	0.1663796125	0.1054325427	0.0687890626	-0.0923392228	0.0139949283	-0.0164450208	-0.0229205285	0.0311684194	-0.0449799699	-0.1525462219	0.1784024913	-0.1802794372	0.0158933201	-0.1076476584	0.1380636708	0.1122142416	0.1432316792	-0.1672425375	-0.0037296531	-0.0681643441	0.0114540107	0.167160817	-0.079325548	-0.0320960718	0.0773575951	-0.0263183115	-0.0058958262	0.0673813187	0.0004321585	-0.0316889336	0.0052265955	-0.0420589921	-0.0830700147	0.034318483	-0.0426817111	0.0309132679	-0.0046655974	0.2786951638	-0.0753488571	0.0382581862	0.0091847087	0.0614516449	0.1207987576	-0.0011890015	0.0662359937	-0.0876548943	0.0467693606	0.0090270698	0.177295664	0.00231245	0.0579677198	-0.0597117951	0.1952496557	0.0741439574	0.0703459804	-0.200844129	0.0512437651	-0.0448973267	-0.1087589684	0.132193157	-0.1178215149	0.0330048872	-0.0132259527	0.1445509801	0.0033067756	0.0075610959	0.0524133413	0.1298831369	0.0497285239	0.0474205508	-0.0467348342	0.0198976564	0.0618354773	-0.0432894298	-0.0223624041	-0.0291642495	0.1595809343	0.19119347	-0.077061899	-0.0908396929	-0.0918741761	0.1201018756	0.0856049418	-0.0910338626	-0.0062113714	-0.0008869544	-0.1420690414	0.0514370072	0.1261754547	0.2117459294	-0.0558404455	0.0512373105	-0.1333932484	-0.0076336118	0.0783369233	0.0271587775	0.1146991536	0.0907866901	0.0148311001	0.0189334282	0.0048814614	0.0135403329	0.1373121345	0.1330310437	0.0443904904	-0.1486228901	0.0938618746	0.0740522328	0.0046530238	0.0509612127	-0.0888661936	-0.1211199807	-0.0067565429	0.150873161336051	-0.0077321336374324	0.022762710811534	5.978589058711511e-05	0.057319734768555	-0.031239806823251	0.0032855519939374	0.000975925530354	-0.1843457625585074	0.0502631977618079	0.0025263890492426	0.0339833601732775	0.0026942022828085	0.0002072761626623	4.2963407608049615e-08	7.258725940690532e-06	-0.001978014607386	0.0002467334831327	3.9125417870323925e-06	6.087741169884356e-08	0.0022181733387264	-0.0004041081104625	4.920292960636625e-06	1.633033649416528e-07	0.0	0.0	0.0
883.051793007183	-1.915670204418348	779780.4691332008	3.669792332096233	1347.107784720028	-6.159206569896014	37.93582557065022	1814699.383653301	837.189115112452	-0.2444723978260299	700885.6144627704	0.0597667532988086	902.2598606066128	800.8854933195025	1.096833	31.610683	0.0709928356055028	0.0353113429153406	-0.049016327	-0.0524817103	-0.0928152145	-0.1134530966	-0.1422247817	-0.0721177277	-0.0382315455	-0.0137255915	0.1191031243	-0.0935722336	0.1934486987	0.0094040748	-0.0030930655	0.0161272275	-0.1766197543	-0.0887001504	0.0263975298	0.0716457668	-0.0545357086	0.1536586248	-0.0218022227	0.115784056	-0.0011949082	0.115274167	0.1954709488	-0.124752498	0.0255433691	0.11497572	-0.0059787731	0.083646257	-0.0473340892	-0.0751514936	0.0904198216	0.0953258224	0.0086068913	-0.0478836577	-0.0574013159	-0.0505356909	-0.1530375065	0.0712496776	0.039956884	0.0085875919	-0.0538015146	-0.0757411005	-0.0400767461	0.0266567703	0.0287128035	0.1238151624	0.1374428355	0.0195661447	-0.1040304428	-0.0361226499	-0.1896582738	-0.0416632447	0.0326706035	-0.0182522134	0.1026576736	-0.1275808122	0.1328581597	-0.0347185427	0.0455262279	0.1597246958	-0.0032819273	0.1966022388	0.0247961243	0.1271864976	-0.0855918434	-0.0003998846	-0.0330147792	-0.0318310929	0.0898508331	0.0011413833	-0.0745828083	-0.0038264224	-0.1128620117	0.156278006	0.1694733019	0.1003357466	0.0568604815	0.0545428426	-0.008002482	0.0553288003	-0.0793713201	-0.0302334117	0.1238702684	0.0102500195	0.0794538571	0.0290912029	0.1124552328	0.1161955238	0.0934325274	-0.0160895874	-0.004022768	0.0673026715	0.0607956966	0.0797909503	0.0480434325	-0.0407143443	-0.0556178922	0.1155417788	0.1373526235	-0.0350653837	-0.0989218734	-0.0008051432	-0.1615383628	0.0448196007	0.0088413101	0.0934112055	0.1196247305	-0.0454741959	-0.1246734217	-0.1547712203	0.0365469437	-0.0076271712	-0.1163695021	0.1813809638	-0.1220244856	0.0737306244	-0.0514371349	0.0399773655	0.1212757038	0.0478387595	-0.0936454286	-0.1172407796	0.0067565429	0.131858180701613	-0.0190149806344379	0.0173865798179392	0.000361569488528	0.0651432560296996	0.0078235212611445	0.0042436438061509	6.120748492358158e-05	-0.2002909715485827	-0.0159452089900752	0.0002542496897371	0.0401164732838751	0.0030887093973329	0.0003945071145244	1.556358634103681e-07	9.540125741172566e-06	-0.0020637133677716	-8.569876038559991e-05	4.258912864319199e-06	7.344277531628467e-09	0.0021341967192395	-8.397661948690007e-05	4.5547956364126455e-06	7.052072620447605e-09	0.0	0.0	0.0
890.5297906046229	7.477997597439867	793043.3079543136	55.92044806731642	1349.3020889282227	2.194304208194808	4.814970958101442	1820616.1271860653	841.002384714971	3.813269602518972	707285.011096268	14.541025061495196	904.1134644789308	797.5250852112458	1.195439	34.45253	0.1397118116509016	0.072713013279583	0.0783370094	-0.0083105122	0.0721776044	-0.0533046997	0.0055746173	-0.2487881883	0.0272586229	-0.0209199209	0.0232640212	0.0073846521	0.1001771028	-0.0410550109	0.0361886967	0.1383173306	-0.0685555947	0.0143325852	0.0788014729	-0.0711013152	0.0263332474	-0.1062895476	-0.045995365	0.1907587973	0.1968560933	0.0742769772	0.0109262684	-0.0678799065	0.052098237	0.1251180259	-0.0624582496	0.0472316543	0.0500450269	-0.1122308623	0.0344349961	-0.0554598213	0.0859725717	-0.1576374122	-0.0577059753	-0.0743294428	0.0511757653	0.096768344	0.0979913958	-0.2024107752	0.1890227554	-0.0469691619	0.0299126026	0.0706700337	0.0306534163	-0.123696161	-0.0290371152	0.0172683586	0.0009779329	0.0342408724	0.0214438935	0.0834381053	-0.0966205863	-0.1038079476	-0.0318691337	-0.0310411796	-0.0174092406	0.0134456594	0.041990037	0.0266734769	0.0283751059	0.0557708141	-0.0818830583	0.1825810377	-0.0115767632	0.016726187	0.2986048593	0.0378770491	0.0377744213	-0.1263707929	-0.0978467836	-0.0156658701	0.1914962191	-0.048182005	-0.0210554927	0.055327845	-0.1210711918	0.0088261761	-0.0250678799	0.0735656977	0.0112895705	-0.2007313804	0.0756217632	0.1814019301	0.0958177484	0.0150844856	-0.1139341419	-0.0258471931	0.1213949981	0.0259825316	0.0334044728	-0.091208969	-0.0533682523	-0.1386385394	0.2553374306	0.0344452492	-0.1639961478	-0.1430796986	0.2189233251	-0.0188270426	-0.1958104103	-0.1014116021	-0.1006762211	0.0162524302	0.2207930612	0.0250411474	0.1393635228	0.0929923084	0.0622139246	-0.0095735532	0.008318652	-0.085445352	-0.0937214629	0.2037044062	-0.0059984444	-0.1398313015	0.0872302595	-0.104784281	0.2284112192	0.0446835199	-0.098167988	-0.1126387502	0.0201956026	0.1381272482552304	0.0062690675536173	0.019079136710562	3.930120799181834e-05	0.0866812001810757	0.021537944151376	0.0075136304648317	0.0004638830382677	-0.2681860101625659	-0.0678950386139831	0.0046097362683942	0.0719237360469158	0.0025829247712315	-0.0005057846261013	2.558180880005329e-07	6.671500373841297e-06	-0.0021161661049424	-5.245273717079981e-05	4.478158983707088e-06	2.7512896367090036e-09	0.0018122388558732	-0.0003219578633663	3.284209670736605e-06	1.036568657833931e-07	0.0	0.0	0.0
887.6543978159282	-2.8753927886947395	787930.3299619581	8.26788368927771	1332.8425487293916	-16.459540198831064	270.9164635569357	1776469.2597034606	841.0717196217205	0.0693349067495319	707401.637547438	0.0048073292939662	905.1254361578102	838.8646397813459	1.77369	51.117702	0.4847017509288192	0.2635222827886787	-0.2049119197	0.235989554	-0.1107821369	-0.1015016265	-0.183397806	0.2459622606	-0.04533706	0.0778508179	0.3011887223	-0.0010751599	-0.0381045454	-0.1596671191	-0.4175166517	-0.2713742176	0.1276178935	-0.1480667803	0.2441710246	-0.0192890056	-0.1113953601	0.120064899	-0.1596783593	-0.0052106537	-0.280575457	0.1810522819	-0.136028584	0.029155523	-0.1066877291	0.0501031722	-0.1770890318	0.0534230222	-0.1294352147	-0.0367304021	-0.0451029609	0.0923658896	0.0118796747	0.1267332715	0.1368143803	-0.0125408396	0.0283272794	0.0080437031	0.1580724009	0.0607534485	-0.1112499095	0.001734393	-0.2076581766	-0.0307908709	0.0703933557	-0.0802739583	0.1713961206	0.1369001663	-0.1399185412	-0.0567584723	-0.1402608726	-0.0013250157	0.0993206628	-0.0212351341	0.0318781864	0.0253016932	0.0539505191	-0.1231708469	0.1533991118	0.2148954146	-0.0018627274	-0.1604808592	-0.2544618683	-0.1812588074	-0.3502074907	0.1470446416	-0.3591689623	0.0558511052	0.0878698255	0.0475308665	-0.1226456728	0.0985592126	0.0337933821	0.1095076457	0.0723758805	-0.0530283437	0.0884229205	-0.0148468907	-0.0344660367	-0.0402570989	-0.0507591792	-0.16580345	0.0531068426	-0.0854765973	-0.015801864	0.0883382128	0.0192747819	0.1140356726	0.0316434168	-0.1053352273	0.0899140709	-0.1158567444	-0.0564923188	-0.0868864041	0.1111210247	-0.241361824	0.4253106761	0.255778573	0.0983052743	-0.0857889705	-0.0180186792	0.0908995919	-0.1303751064	0.1047208363	-0.1965999177	-0.0942171385	-0.0719824733	-0.0946031655	0.035934999	0.0278919987	0.3405966171	-0.0532055752	-0.0818225155	0.2058545725	0.0522369012	-0.1740423288	0.1938934551	0.09139631	-0.1218794542	0.0414976565	-0.1024214758	-0.1073422654	0.033413395	0.1620279322751514	0.0239006840199209	0.026253050837361	0.0005712426966201	-0.0486531366967142	-0.1353343368777899	0.0023671277104291	0.0183153827381511	-0.4026531391898942	-0.1344671290273283	0.0180814087888521	0.1621295504994763	0.0055852231650556	0.003002298393824	9.01379564555877e-06	3.119471780347369e-05	-0.001848422342124	0.0002677437628183	3.416665154863174e-06	7.168672252815553e-08	0.0023621887193063	0.0005499498634331	5.579935545617939e-06	3.024448522900854e-07	1.0	0.0	0.0
885.2278909989176	-2.4265068170105906	783628.4190023915	5.887935332998867	1342.6126076642204	9.77005893482874	95.45405159002688	1802608.6142589175	838.0851704007323	-2.986549220988195	702386.7528456245	8.919476249385195	905.6639998345833	828.9393633459216	1.327128	38.247791	0.2505572361605561	0.1355582587391677	-0.2508161819	0.1608681175	0.0463314887	0.0387823678	-0.0367451514	0.1025727684	-0.0948935686	0.2371960607	0.0494388342	-0.072170328	0.0431446735	0.1514353882	0.0321558487	-0.0580415885	0.0698296714	0.1218339851	0.1817343463	0.0860793384	0.0138456692	0.1023596367	-0.0343655474	-0.229860553	-0.0476844908	0.1342210028	0.0096904785	0.0285110933	-0.0157718422	0.0199420654	0.0519557699	-0.0189759478	-0.1583369349	0.1715465412	0.0922531004	0.0204144143	0.0048098259	-0.0458021571	-0.1002440016	-0.0844145112	0.1098522119	0.0098874393	-0.2058814806	0.0332708926	0.062895079	0.0348744747	0.0306249388	0.0873911127	0.0766181198	0.0327737947	-0.0849002095	0.0232104631	0.2519225418	-0.0040423079	0.210066232	-0.1027629794	0.1059716103	-0.0992808816	-0.0002624828	0.0232896186	0.0303161251	-0.219795169	-0.0812569805	0.0754050663	-0.047074749	-0.0947001664	0.0904192993	-0.1037379989	-0.0016717636	0.0814152887	-0.0256407184	0.005828356	0.0168980837	-0.1584036342	-0.0657680608	0.0424779221	0.2012757793	0.0252963347	0.0018525108	-0.1083560302	0.0739307934	0.3511875719	0.2105139007	0.09459025	-0.0014063671	0.0058758651	-0.0407501937	0.0954024805	-0.0035862594	-0.0738176955	0.1138715432	-0.2001105306	0.0251569471	0.1788202866	0.0891326695	-0.089389958	-0.0017089551	0.1452931485	0.0052582864	-0.2534008866	0.2206007333	0.1181081037	0.0277740942	0.0013523378	-0.0648262094	-0.0578640362	-0.2525053597	0.0225877059	-0.1454672415	-0.0251629994	-0.0824734085	-0.0435047818	-0.205012245	-0.1671914969	0.1367086411	0.1013530629	0.1754928268	-0.2986532247	-0.0532370773	0.1094487497	-0.2408115886	-0.1613089484	-0.0488637144	0.0382833527	-0.1063942335	-0.1013839798	0.0462651033	0.195982103746573	0.0339541714714216	0.0384089849889325	0.0011528857603107	0.0476755091876412	0.0963286458843554	0.0022729541763008	0.0092792080179135	-0.3384164977347552	0.064236641455139	0.004126346105436	0.1145257259390575	0.0057310547738903	0.0001458316088347	2.126685813531708e-08	3.28449888213308e-05	-0.0018170523136396	3.1370028484400134e-05	3.301679110503023e-06	9.840786871120756e-10	0.00330574262898	0.0009435539096736	1.0927934329055602e-05	8.902939804605246e-07	0.0	0.0	0.0
885.7644205119617	0.5365295130441154	784578.6086448913	0.2878639183673556	1349.7318080228918	7.119200358671378	50.68301374690668	1821775.9535887444	839.5840288997415	1.4988584990092022	704901.3415835219	2.2465768000521185	905.4430179546844	810.4051466112938	1.360152	39.199554	0.2736569616592504	0.1404683401617359	-0.0428125034	-0.010297069	-0.0132106849	0.0608187945	0.1412127276	-0.1601512098	-0.085053877	0.0426959831	0.0263991838	0.0079095045	0.0115914976	0.110147807	0.158895125	-0.1566607199	0.1218995306	0.1765691839	0.0382760089	-0.0497562261	0.0007862807	0.2483771087	0.047616989	-0.1303057292	0.2377947611	-0.102683492	-0.0118794357	-0.0889032289	-0.0323841462	-0.0086622238	0.089402284	-0.0892699596	-0.1836288597	-0.1545222654	-0.0277232288	-0.0409302927	0.0215674239	-0.0729003411	-0.0662917885	0.0541398895	-0.0327516486	-0.1128691023	-0.1927909214	0.0370640862	0.2062304975	0.2044159124	-0.0870114619	-0.1480960423	0.0166953031	-0.1771169747	-0.1345665523	-0.0067783106	0.0028800325	-0.1601598093	0.0400551638	-0.0062174606	-0.2043964735	0.0157734271	0.0316403816	0.0770918894	0.0274654284	-0.0732515494	0.0604366895	-0.0077328996	-0.0119423678	0.0244102731	0.2310019591	-0.0165637953	0.1673867676	0.0658059298	0.1294713565	-0.0632332423	-0.0672137436	-0.0489372198	-0.2346399758	-0.0649719204	0.3029583616	-0.0610438049	-0.0453283885	-0.2217276311	0.0721288519	0.2372353489	-0.0041596242	0.0220835832	-0.0440157232	0.1470013727	-0.1257830146	-0.0096067254	-0.00882749	0.1748727671	-0.2095555692	0.2060687078	-0.1707959518	-0.098597976	0.0974440681	-0.0881977797	-0.0898569494	-0.083600585	-0.0662175131	-0.0703644046	-0.1933584411	-0.0632419723	0.0263419488	0.0585804864	-0.1356557357	0.0320451655	-0.0696670613	-0.0126271398	-0.0012584492	-0.0389298708	0.0973934489	0.0480951991	-0.1763437314	0.0052365666	-0.1060744942	0.0797414375	0.1961449813	-0.0080876554	0.2611510875	0.0303690629	0.1528318013	-0.1428002636	-0.071496503	0.0350428114	-0.1100753719	-0.0948006283	0.0586099215	0.1659663733996694	-0.0300157303469035	0.0275448370994384	0.000900944068258	0.0719886054150578	0.0243130962274166	0.0051823593096048	0.0005911266481636	-0.24837793138947	0.0900385663452851	0.0081069434295143	0.0616915968013122	0.0041618892326943	-0.001569165541196	2.4622804956769367e-06	1.7321321985216747e-05	-0.0013668081345883	0.0004502441790512	1.8681644767767488e-06	2.0271982076957897e-07	0.0027393609744344	-0.0005663816545455	7.504098548254186e-06	3.207881786058113e-07	0.0	0.0	0.0
878.6415558066382	-7.122864705323536	772010.9835903096	50.73520161034375	1341.0796763700598	-8.65213165283194	74.85938213793636	1798494.6983728244	835.6577091009971	-3.92631979874443	698323.8067799266	15.415987162012502	902.1847486590672	793.6555903140629	1.182637	34.083561	0.0809269338265264	0.0452501215046814	-0.0956199953	-0.1548276583	-0.1365773061	-0.0785364745	-0.0799643395	-0.0207260628	-0.049208455	-0.0121444977	0.1295771079	-0.1406716022	0.0398339274	-0.2008084975	0.106577947	-0.1425834717	-0.0910126147	-0.1280176853	-0.0627040881	0.175362767	0.0072585376	0.2346614748	0.0686797572	-0.0064265069	0.092962647	-0.0526354591	0.0028801363	-0.0911257295	-0.1048679034	-0.0183921866	-0.0899820058	-0.0406094573	0.0536983231	0.0712747615	-0.0398460371	0.0973552312	0.0816274398	0.1441905276	0.1019424196	0.0675765145	-0.0549866208	-0.0222711336	0.0645996016	0.035856882	-0.0852289812	0.1048890459	0.0894901458	-0.0075308278	0.1403280714	-0.0095823839	-0.0572432339	-0.0817727589	0.0017106996	0.135398701	-0.142416465	-0.0703663403	0.1800450075	0.0441619305	-0.1327634538	-0.0140909477	-0.0343108274	-0.0687349542	0.0359345563	0.1425394366	0.0067729487	0.212416153	0.0217260776	-0.0215437481	0.0943840287	0.0837257639	-0.2038666786	0.059221289	-0.1418620617	0.0063292559	-0.0220320188	-0.0145612515	-0.0908830659	0.0842351157	-0.0478092118	-0.1168365749	-0.0515682664	-0.0101291882	-0.1440750449	0.1234796514	-0.0537047169	-0.0057791222	0.1428545829	-0.0918308662	-0.0794645085	0.0239630163	0.0050023253	0.024765315	0.0953590082	0.0905738461	-0.0326723418	0.1063758719	0.0395596192	-0.0764953733	-0.0598735259	-0.083920163	-0.1006875507	0.0961263824	-0.0285242972	-0.1130999338	-0.0553404632	0.0741707881	-0.0648906618	-0.0438859208	-0.0605738989	-0.0072913478	-0.0192536948	-0.0600555391	-0.0494263104	-0.10055544	-0.1001757045	0.1019135066	-0.0189452635	0.0863516609	0.0274135656	0.0542716532	0.0444767208	-0.0445968238	-0.1824584093	0.0317782535	-0.1134548014	-0.0876327994	0.0703125971	0.1493583816208286	-0.0166079917788408	0.022307926160393	0.000275825390926	0.0744872489385954	0.0024986435235375	0.0055483502544402	6.243219457716378e-06	-0.213401972839847	0.034975958549623	0.0012233176764649	0.0455404020119387	0.004267122458763	0.0001052332260686	1.1074031868826108e-08	1.8208334078079588e-05	-0.0013795533655684	-1.2745230980099834e-05	1.9031674884510995e-06	1.624409127360966e-10	0.0023204526319927	-0.0004189083424416	5.38450041732185e-06	1.7548419936725257e-07	0.0	0.0	0.0
882.5040662132398	3.8625104066015865	778813.4268829023	14.918986641105551	1341.3691879048067	0.2895115347469073	0.0838169287515097	1799271.2982604008	837.8478670016704	2.1901579006732845	701989.0482392487	4.796791629881609	902.953881690589	773.2613739557355	1.052836	30.342709	0.0909396240538573	0.0459194970615837	-0.005408376	-0.2256332913	-0.0308667056	-0.0567412698	-0.1601097366	0.0155532049	0.1766035347	0.1192680696	-0.0307585762	-0.0479349769	0.0852111066	-0.1758523896	0.123329761	0.0406201218	0.076012109	-0.0586483516	-0.0414546105	0.1086467324	-0.035350098	-0.0190925762	0.0676188154	0.0647183128	-0.1203470277	-0.0433825699	-0.0134740639	-0.043710855	0.0375846674	0.082948769	-0.0845501255	0.0142386163	-0.0471790488	0.0713279843	-0.0560285224	0.0472189139	-0.0220409962	-0.1257563867	0.0105975819	0.1353159882	-0.0864624969	0.0815617828	0.0912310731	0.0096850205	-0.0401885782	-0.0525994336	0.1195824656	-0.104948674	-0.1319562891	-0.036655098	-0.0556815686	0.0485105923	0.1991138571	0.0273011357	0.0793506526	0.0617698821	0.0046633678	0.0647666386	-0.0251928775	0.0657618913	-0.1419708892	0.0538132614	-0.1560494856	0.0843666852	-0.0228870335	0.1330830549	-0.1371946524	-0.0089198815	0.0533778047	-0.1430997187	-0.0051598908	0.0750621152	-0.0405384552	0.0972696099	-0.1598787163	-0.0404957954	0.073685258	0.028046135	-0.1799524019	0.0176120771	-0.0256202446	0.0054122503	0.0538260261	0.0735638114	0.2418179704	-0.0462817465	-0.0402231271	-0.0182656766	0.0846508089	0.0449050765	0.0196311295	-0.1721307608	-0.0124175785	-0.0014025566	0.2212743518	0.0085570614	0.0671746467	-0.0926660311	-0.0492915929	-0.0254817674	-0.1614217167	0.096810737	-0.0544798478	-0.0538148897	0.1431324451	0.1135470817	-0.119786062	-0.0107607614	0.0437718061	-0.0395964315	0.0140842171	-0.0282946984	0.0541011425	-0.1237828452	-0.0937831114	-0.0855942508	-0.0673351956	0.2392317229	0.1044910629	0.1196034009	-0.0742609062	0.0357238814	-0.0840764566	0.0284919163	-0.1165232592	-0.0799246852	0.0812449131	0.1443177344952886	-0.00504064712554	0.0208276084898526	2.5408123444214707e-05	0.0393684638289215	-0.0351187851096739	0.0015498759442491	0.0012333290675794	-0.1925997732492135	0.0208021995906334	0.0004327315078085	0.0370946726556484	0.0040262641404814	-0.0002408583182815	5.8012729485440486e-08	1.6210802928926427e-05	-0.001121036820106	0.0002585165454623	1.256723552033372e-06	6.68308042778131e-08	0.0022202676511765	-0.0001001849808162	4.929588442860812e-06	1.003703038114238e-08	0.0	0.0	0.0
885.8451427702933	3.3410765570534977	784721.6169697213	11.162792560092454	1341.8501833747414	0.480995469934669	0.2313566420976731	1800561.9146228272	839.203199140413	1.3553321387425967	704262.0094475036	1.8369252063085812	904.4539330648385	796.3191871571763	0.978691	28.205833	0.0624594969788818	0.034176696146227	-0.0247201597	-0.0840746204	-0.0138023346	0.0009386803	-0.0267950832	0.0376615108	0.096320292	0.0808116959	0.0041980816	-0.0559006222	-0.0927302957	-0.1101184574	0.0829734729	0.1450623448	-0.1006640287	0.0257097188	0.00188571	0.0227092712	-0.000552088	-0.0593476756	0.0441995987	-0.0136362884	0.0055386911	-0.073492297	0.1088320238	0.0074317936	-0.062194226	-0.0375039824	-0.1768313437	-0.1335877919	-0.0332495844	-0.0083620988	0.0488998064	-0.0941065935	-0.1069941801	0.042634396	0.0340535962	0.0924347093	-0.0251648836	0.0849508148	0.1242255493	0.133682251	-0.0506805159	0.0272695928	0.0934841709	0.0391868102	0.0259577613	0.0825956701	-0.026338154	-0.0059507023	0.1129724111	-0.0011516893	-0.0986950546	-0.135772252	-0.0291368108	-0.0006796948	-0.1251819786	0.0227571811	-0.0683229418	0.0189143303	-0.1174093216	0.0147196298	-0.0649632851	0.0076315442	-0.1314888312	-0.0104914433	0.0690870838	-0.0506531803	0.0643994876	0.0313980412	0.0966094414	-0.01002213	0.0100969568	0.0794652865	-0.1568305315	0.1157941889	-0.2604721875	-0.076481993	0.0232301676	-0.0298295624	-0.0029090109	0.1161295175	0.0993744921	-0.0495013355	0.068456318	-0.0687231055	-0.0861550464	0.0007215801	-0.0450244206	0.0241622785	-0.0186511327	-0.0140633849	-0.0802181599	-0.0280513445	-0.0237724056	0.0215158337	-0.1139292867	-0.0426656145	-0.0546705435	0.0258635873	-0.0475697663	-0.0953147039	0.1210067157	0.1130083574	-0.0440731134	0.0047277674	-0.046613256	-0.0176410257	-0.0160385845	-0.0462198442	-0.0023054908	-0.2097106019	-0.0222333272	-0.0719197374	-0.0406051944	1.601e-07	0.1142097339	0.2149935279	0.0142352561	-0.0359294303	-0.0130137932	0.0251860523	-0.1192723348	-0.0717238087	0.0912870929	0.1341790280351773	-0.0101387064601112	0.0180040115644649	0.0001027933686843	0.0311151506724769	-0.0082533131564445	0.0009681526013709	6.811717805834151e-05	-0.2177776659981845	-0.0251778927489709	0.0006339262832786	0.0474271118076168	0.0042736923827735	0.0002474282422921	6.12207350837584e-08	1.826444658257624e-05	-0.001121040492706	-3.6725999999400603e-09	1.256731786286511e-06	1.3487990759559728e-17	0.0020899078738015	-0.0001303597773749	4.367714920977507e-06	1.6993671557259536e-08	0.0	0.0	0.0
888.8875470359571	3.0424042656638903	790121.0712756009	9.256223715729837	1345.440526042265	3.5903426675236005	12.890560470240484	1810210.2091168868	841.0341482680152	1.8309491276022527	707338.4385529058	3.35237470786745	905.0343140030049	809.4382002048403	1.006317	29.002033	0.1244517167300894	0.0837994600399768	-0.0148443531	-0.0266422601	0.1207646953	0.1078982714	0.0421870654	-0.115681269	0.0900750916	0.0814406218	-0.0790296745	-0.0245876099	0.0275022489	0.0833103912	-0.0373231369	-0.0662513559	-0.0050354685	0.0899737023	0.0596667104	-0.0983670065	-0.0422933485	-0.1683676759	0.0124631943	-0.0389521431	-0.057932511	0.028194481	-0.0608628828	0.090820525	0.0909455666	-0.1880359509	-0.06800695	-0.0354911909	-0.0928933646	0.0364882219	-0.0235466911	0.0280163584	-0.1667322559	-0.0274387186	0.1468529779	0.1613284298	0.0060485427	0.1347907295	-0.0341283972	-0.0528554129	-0.1587574488	-0.0843801717	-0.0479670336	0.0496864484	-0.0279568153	-0.2178396681	0.0570799802	0.0167671796	-0.0321306197	0.0404456781	0.0145173777	-0.0132713017	-0.093036238	0.0697562012	-0.0610751264	0.049177283	-0.0776342778	0.0541738501	-0.0830077144	-0.0590912345	-0.0945152188	-0.1079801048	-0.0336676527	-0.0240665707	-0.0628700445	0.0193280695	0.079445025	-0.0194164883	0.1417628762	0.1839198455	-0.0118852878	-0.0511355702	0.0748361899	0.1277970457	-0.1898249406	-0.0544033842	-0.0063135474	-0.1459929937	0.086510317	0.0536864724	-0.0608560332	-0.0673348362	-0.1043287734	-0.0423161159	0.0064331855	-0.071439147	0.0711374519	0.0415023244	-0.0387097428	-0.2059358845	-0.0456994482	-0.0371949239	-0.029771868	0.0795535207	-0.0608841629	-0.0738252973	-0.0761152105	-0.2341387198	0.0136823642	-0.0417801267	0.1236136995	0.1178697011	-0.0025541621	-0.1074240669	0.0187798363	-0.0786099746	-0.0976685011	-0.0104071911	0.1635567668	0.0099483981	0.0120261812	-0.1373411338	-0.0623229187	0.0778852577	0.2462627899	0.2873670633	0.0697959449	-0.0350869173	-0.1424928788	0.0218629269	-0.1216944932	-0.063080731	0.1003291122	0.131866953637683	-0.0023120743974943	0.0173888934616828	5.345688019548689e-06	0.0248572513147422	-0.0062578993577347	0.0006178829429242	3.916130437153638e-05	-0.2896757926593949	-0.0718981266612104	0.0051693406173914	0.0839120648528487	0.0048341980320928	0.0005605056493192	3.1416658291885e-07	2.3369470613489902e-05	-0.0010159385143841	0.0001051019783218	1.0321310650089724e-06	1.1046425847177108e-08	0.0023039725724333	0.0002140646986317	5.308289614524918e-06	4.5823695200323324e-08	0.0	0.0	0.0
888.8535090686148	-0.0340379673423285	790060.5605835901	0.0011585832207974	1346.734428316004	1.2939022737389223	1.674183093986753	1813693.620411634	841.3598027798753	0.3256545118600797	707886.3177337906	0.1060508610948268	907.5926156810384	808.6268179741975	1.383282	39.866161	0.1652790737571081	0.0964027946727195	-0.0984531299	0.0957225711	-0.0169288808	-0.0756978545	-0.0573645115	0.0413174519	-0.1002687638	0.0397602069	0.0857747875	0.066895897	-0.2188195068	-0.0409007575	-0.1851882262	0.4614899644	-0.0837184376	-0.0518354329	0.1329201456	-0.0345063795	0.0453012362	0.0506977127	-0.0632171104	0.1144612619	0.0126102116	-0.0079662647	-0.0155426579	0.1103292349	-0.0116877058	-0.119723533	-0.0899666364	-0.0329146154	0.0434751907	0.0760977058	0.065852818	-0.0984740049	0.0977099409	0.1001364702	-0.1199244305	-0.1843056932	0.0214425225	-0.1341500799	-0.0979724699	-0.1306305777	-0.0318005803	0.0894827387	0.0056443051	0.123141241	0.0421337206	0.1023626238	0.0213291369	-0.0376156449	-0.009408671	-0.121539131	-0.0570902558	-0.0660792929	0.2042100235	0.0354708912	0.0647600451	0.0301954614	-0.0246021729	-0.1095649363	0.1152929992	0.0467546944	0.0540023304	-0.0868050352	-0.2438474393	-0.0602864927	0.0942521951	0.0746027972	0.1892173346	0.0370628867	0.0348318609	-0.0865888114	0.3885754711	0.2049116125	-0.057226518	-0.0227757688	0.1191202908	-0.0189400519	-0.0303265572	0.0359967371	0.0226730812	-0.0823635299	-0.0868843676	0.2307771533	0.0058998946	-0.1057863185	0.0085262325	-0.1520079932	0.0462800035	0.1286105945	0.1349882338	0.0613290569	-0.0554658559	-0.0175454654	-0.0575397124	-0.0496585946	-0.0569455383	-0.1333254728	0.1514233173	-0.1831105777	0.0385360548	-0.3828359124	-0.1095128553	0.2804281748	0.1908515659	0.1378948386	-0.1707286295	-0.0319250754	-0.0991041989	0.1010497218	0.1630363402	-0.1503483362	-0.2998517935	-0.0637369809	0.2533088317	-0.0745554475	-0.04098878	-0.0915860106	0.0821438352	0.0060283782	0.3022559008	0.0185248178	-0.1237830955	-0.0540487397	0.1082719048	0.1161802870474275	-0.0156866665902555	0.0134978590984226	0.0002460715087138	0.0407114942178452	0.015854242903103	0.0016574257614496	0.0002513570180305	-0.3652026443240146	-0.0755268516646197	0.0057043053223694	0.1333729714212527	0.0053920282524018	0.0005578302203089	3.111745546899873e-07	2.907396867469921e-05	-0.0004282427988109	0.0005876957155732	1.8339189473339299e-07	3.453862541030958e-07	0.0023226728885337	1.870031610040016e-05	5.394809347129482e-06	3.4970182225488554e-10	0.0	0.0	0.0
891.2200995370778	2.3665904684629595	794273.2658188788	5.60075044541973	1354.341254200655	7.606825884651016	57.86380003939672	1834240.232829803	842.4686100756159	1.1088072957405757	709753.35896274	1.2294536190875285	910.0484405158415	842.4748268270047	1.28129	36.926743	0.2371738471290238	0.1463075855159585	-0.0797322778	0.1559285275	-0.0706286378	0.0043803258	-0.0014112529	-0.0665050259	-0.1108614175	0.1103083948	-0.0707433262	-0.0175311059	0.08759419	0.1752890894	0.0424532939	0.2268721772	0.1232700181	-0.1419516866	0.1578451843	-0.0119596349	-0.0160535886	0.0275685612	0.0299059757	0.0375929469	-0.0126370526	-0.0035564736	-0.0344714372	0.0345703007	-0.003688222	0.0831975212	-0.038868058	0.0323101781	0.0495682115	-0.0656828517	-0.0339911041	-0.0629125302	0.1986765076	0.0009094065	0.0459454205	-0.1101425924	-0.0625398392	-0.0790920561	-0.0580860019	-0.1337938724	0.0940525424	-0.0161981249	0.1508029341	-0.0386606031	0.0595017415	0.0636221138	-0.0819733422	-0.0250775094	0.0802278275	-0.0584945889	-0.0518781271	0.11536433	-0.0379179225	-0.1088315133	-0.065016563	-0.0069974893	-0.0219730492	-0.1354208734	-0.0175846787	0.0321567746	-0.0321829569	-0.0576066442	0.019532253	-0.0371933371	-0.0569903911	-0.0973480945	0.1436506254	0.0220586333	-0.055873232	-0.1409298726	0.0534464835	0.1395302539	-0.0465547988	-0.0909483199	0.198587637	0.0221846462	-0.0749801033	0.0285348528	-0.1700021226	-0.0295351861	-0.0100884267	0.04234543	-0.118844194	-0.0263489146	0.0573820823	0.0340916472	0.0708320512	-0.0646725057	0.0533215753	0.083993927	0.1388626616	-0.1964900645	0.2480394709	-0.047041841	-0.0823209755	-0.0908562073	0.1519426085	-0.0936139569	-0.0253546939	-0.0636131764	-0.0307544827	0.1682109709	-0.0519953593	-0.2216057029	0.0892948212	0.2167457193	0.0299569218	-0.0519999882	0.0831243576	0.2326525326	-0.1986913675	-0.0911250552	0.1043733194	-0.049971844	-0.2984498971	-0.076262298	-0.0895503183	-0.2780233268	-0.0536185095	0.0151740128	-0.1255324169	-0.0446835199	0.1150284477	0.1322124182873523	0.0160321312399248	0.0174801235493898	0.0002570292320941	0.0262892767419771	-0.0144222174758681	0.0006911260716162	0.0002080003569212	-0.3269963493140437	0.0382062950099709	0.0014597209783889	0.106926612464712	0.0029989359471302	-0.0023930923052716	5.726890781550141e-06	8.99361681498971e-06	-0.0012936904023308	-0.0008654476035199	1.6736348570828274e-06	7.489995544383383e-07	0.00221094872926	-0.0001117241592737	4.888294283416408e-06	1.2482287765415141e-08	0.0	0.0	0.0
887.7961529002828	-3.4239466367949944	788182.0091045423	11.723410571619754	1339.5613462335923	-14.779907967062629	218.4456795148413	1794424.600323154	838.4691223218156	-3.999487753800281	703030.4690871157	15.995902292798418	906.4233353458025	817.7778835416955	1.092428	31.483744	0.2401094854566238	0.1017732486807609	-0.0522215825	0.0185112507	-0.0141584326	-0.066146317	-0.0443566908	-0.116404032	-0.0163396548	0.1107936832	0.05327583	-0.0637098277	0.004827136	0.0490235205	0.0044758232	-0.2602890237	0.0385587789	0.0478110279	0.0446879505	0.1458031886	-0.0097471813	-0.0196222895	0.1138908365	0.0696015692	0.0023219114	0.1728524947	-0.03639875	0.1109175943	0.0365727117	0.1560872772	0.0445066223	0.0126078254	0.1266142538	0.0256954999	-0.0338701216	0.0050883591	-0.2317199645	-0.0002859935	0.1010709615	0.0012989432	0.0017885911	-0.0769972518	-0.0201633078	0.0767347804	-0.0189777037	0.0972484313	0.1869444149	0.0010601994	0.0080721912	0.0052576544	0.1156316168	-0.022868551	-0.0691949757	-0.0874124655	0.0797931431	0.0704747108	-0.0436278774	0.100862895	-0.0504646609	-0.0370624162	0.1333783646	-0.1489014261	-0.209276224	0.0262314191	-0.1002847437	0.0308646973	0.1077566763	0.0421983636	-0.1577511306	0.0262850198	-0.0698584016	0.041179639	-0.2024522426	0.0389712726	-0.1161855094	-0.0319786579	-0.1169109032	-0.1045220437	-0.0487092792	0.1769140756	0.1058894958	-0.1884745842	0.0043922021	-0.0859719517	0.0152220465	0.0112786854	-0.1306292264	-0.0093967568	-0.0438491598	-0.2758096449	-0.0406377314	-0.020072129	0.0601880416	0.1127245253	-0.0016654104	-0.0265243829	0.0244440998	-0.1886463069	-0.1396204335	-0.0895136086	0.0514125002	-0.1502379192	-0.123151216	-0.012106639	0.0604015207	0.0566497666	-0.1436470265	-0.1668751007	0.0008365933	0.1253306569	-0.0117670617	-0.1565041265	-0.1072670871	0.4800389735	0.0219412108	-0.1411848726	-0.1264274216	0.0282128718	-0.0364205177	-0.0309776404	-0.0007327779	0.1076458362	-0.0164302648	0.0118128082	-0.1269376627	-0.0350428114	0.1205247148	0.1482679647250506	0.0160555464376982	0.0219833893637088	0.000257780571413	-0.0140973178359757	-0.0403865945779528	0.0001987343701685	0.0016310770216039	-0.275398347124181	0.0515980021898627	0.002662353829985	0.0758442495987308	0.0044740780046808	0.0014751420575506	2.176044089954618e-06	2.001737399196853e-05	-0.000744180596043	0.0005495098062878	5.538047595269147e-07	3.019610272064556e-07	0.0028276837104438	0.0006167349811837	7.995795166309216e-06	3.80362037015782e-07	0.0	0.0	0.0
887.9336642297554	0.1375113294726588	788426.1920724801	0.0189093657333381	1340.1230576010312	0.5617113674388747	0.3155196603100505	1795929.8095139368	839.7215601572512	1.252437835435671	705132.2985929281	1.5686005316307898	903.1873788051458	803.8678055273039	1.100815	31.725462	0.2406477673101381	0.1326796959051761	0.0069537092	-0.033699093	-0.0822455882	-0.0745333433	-0.0587131639	-0.0805821125	0.0194747915	-0.0502218157	0.1312524872	-0.0745465538	-0.1077182195	-0.1608047077	-0.0352562575	-0.057852132	-0.167806854	-0.0039012696	-0.016635759	-0.0263044988	-0.0351555422	0.0964274663	-0.0034881699	0.1506264827	0.1088099492	-0.0232435533	0.0537472493	0.0380095942	-0.0769385271	0.0032725374	-0.0276048057	0.0482490697	0.0861022635	0.2156967483	0.047697202	-0.0342348646	-0.1861019911	0.0086120002	-0.0145254551	-0.1694245879	0.1151198322	0.0645247016	-0.0517319041	-0.0173335764	0.1618017137	-0.0459546675	-0.0260572361	0.0696766352	0.0070077524	-0.0022391802	-0.02984024	-0.0263835338	-0.0015975149	-0.0249359292	0.0035528612	-0.0663901385	0.1431052358	0.0886730444	-0.1409004891	0.0088442111	0.0516257375	0.0574570613	0.1124109241	0.0895239973	-0.0296022416	0.1319347851	-0.1390958098	0.02730851	0.1109061989	0.1893410596	0.0948513124	0.0093068124	-0.0803354228	-0.1163838005	0.003196613	-0.0210144828	-0.1312851743	-0.0052128857	-0.1398619191	-0.0211687045	0.0763535673	0.0291936482	0.1648242497	0.107715465	-0.1214139626	-0.1115446481	0.0622052296	0.1395565615	0.0784525644	-0.1439945635	0.0031440945	-0.0942629307	0.1435297122	-0.0111163766	-0.1254906714	0.0849151203	-0.0475943696	0.0310797801	0.0534387836	0.0060100785	-0.0782324266	-0.0127620263	-0.1505486412	-0.0942316204	-0.2056638871	0.1101457642	-0.0259755903	-0.0027309312	0.0490160679	0.0132328194	0.1402848051	-0.0258845774	-0.1524528783	0.160565581	-0.0462636736	0.1128335221	0.0059735118	-0.021519678	-0.0682931388	-0.0046174851	-0.1419642693	0.0918707638	0.1191129538	0.0084435077	-0.1279949812	-0.0251860523	0.124700488	0.1606234208109498	0.0123554560858991	0.0257998833130114	0.0001526572950905	0.0894150492916026	0.1035123671275783	0.0079950510398197	0.0107148101483545	-0.2299388721335304	0.0454594749906505	0.0020665638664255	0.05287188491804	0.0033444202608206	-0.0011296577438602	1.2761266182633183e-06	1.1185146880987328e-05	-0.0010540222857751	-0.000309841689732	1.1109629789105663e-06	9.600187269604289e-08	0.0026807737619159	-0.0001469099485278	7.186547962576728e-06	2.1582532976470122e-08	0.0	0.0	0.0
887.3969066698477	-0.5367575599077554	787473.2699672143	0.2881086781181276	1344.552428301643	4.429370700611798	19.619324803438253	1807821.2324518447	840.4483251445113	0.7267649872600259	706353.3872382141	0.5281873467070657	907.132069931788	803.1032149912041	0.956742	27.573273	0.0918210557439232	0.0536617629294136	0.0126651393	-0.0502279993	-0.054946598	-0.0392847439	-0.1035219743	-0.0568318938	0.0362650652	0.1054829928	0.0073923663	-0.1200545573	0.0473668577	-0.0837052817	-0.0674027444	-0.0401621773	0.1290781091	-0.0958750765	-0.0492186876	0.0155385256	0.0704105079	0.0308030928	0.0567651867	0.0729207795	0.009074969	0.084693141	0.1082249392	0.1205705751	0.0036822579	-0.0840940679	-0.0508541338	0.0804119567	-0.0933289447	-0.0692011763	-0.0598352159	-0.0385088014	-0.0382547409	-0.0648746735	0.1340211873	-0.0830990258	-0.1415833921	-0.0117757241	0.0889376327	0.1106814218	-0.0349296873	0.0349922752	0.1074066885	-0.0777854547	-0.1913972822	0.0281570005	-0.0849835165	-0.0206442821	0.0340999777	-0.1453285947	-0.0219368822	0.0730402575	0.0407128453	-0.0175493698	-0.0234355857	-0.0214027542	0.0653533893	-0.0198966664	-0.1159164376	0.0135863818	-0.0530663407	0.1282819347	-0.044465119	-0.0491916664	-0.0924820256	0.0138410027	0.0484186777	0.1011117261	0.0175375304	0.084906195	-0.0266781752	-0.0767419014	-0.0415989879	-0.0494631056	0.0363220063	-0.0272045471	0.0724717645	-0.0718849752	-0.1445819188	0.037419015	0.0689797573	0.1352859707	0.1181753125	0.0887721457	-0.0429765878	-0.0483048639	0.0400401682	-0.063407835	-0.2051277792	-0.1055697946	0.001696234	-0.0600517419	0.0668019827	-0.029917447	0.0010769861	0.0233680943	-0.0506769991	0.0047921613	-0.179193283	-0.0502922452	-0.0221601618	0.0868284896	-0.0492756553	-0.0703876862	0.0487697149	-0.0003587946	0.0252814137	-0.1043197956	0.0008749693	0.0706258771	-0.0003466756	0.0199583999	-0.1647762026	-0.11567049	0.084839356	0.0024960797	-0.0412472903	0.033376291	-0.0214703904	0.0050684204	-0.1287014744	-0.0151740128	0.1275100165	0.1500507054125393	-0.0105727153984105	0.0225152141948006	0.0001117823108957	0.0466782678416564	-0.0427367814499462	0.0021788606886974	0.0018264324887004	-0.2283373585985089	0.0016015135350214	2.5648456028570555e-06	0.052137949331744	0.0034379700322536	9.3549771433e-05	8.751559735166545e-09	1.1819637942673818e-05	-0.0008561638088582	0.0001978584769168	7.330164675985804e-07	3.914797688787543e-08	0.0022339811030549	-0.000446792658861	4.990671568806388e-06	1.996236800120821e-07	0.0	0.0	0.0
886.4369401927971	-0.9599664770505568	785770.4489383686	0.9215356370608576	1344.7196395425235	0.1672112408805333	0.0279595990768077	1808270.9089713744	840.2444706676378	-0.2038544768735164	706010.7704875388	0.041556647741375	904.0562970132328	790.0563038727947	0.99673	28.725725	0.0396737234431875	0.0209386060463776	0.0171397239	-0.1264987818	0.0992301137	0.1201611803	0.044981805	0.1282125282	0.1204699615	0.0583647262	-0.1084413866	0.0304021123	-0.2379291151	-0.0404872114	0.0216711083	-0.0129873321	-0.0721230952	0.0151262026	-0.0553756176	-0.0811535043	0.0532455728	-0.100874361	0.0715772035	0.0173580747	-0.0527805176	-0.0180015117	-0.1200858476	-0.0807183788	0.0717204119	-0.0669162039	0.0647621866	-0.0847913403	-0.0698283273	0.0579533716	-0.0762026673	-0.1806790657	-0.098421678	0.0012949963	-0.1296102157	-0.0970716877	0.0452689021	-0.0506030305	-0.0685436183	-0.0150486977	-0.027928044	-0.0921630688	-0.0655075461	0.0428657958	-0.0092533361	-0.0971934745	0.0516044658	0.0048180292	-0.0191373917	0.0136499887	-0.0615968503	0.0273992897	0.0634123554	-0.0954836515	-0.0220277285	-0.1237245289	-0.0292768473	0.0858818887	-0.0878081034	-0.1024636035	-0.028768267	-0.0997036074	-0.1455696731	-0.0667565938	0.1909357381	0.0114274682	0.0569214995	0.032164697	0.0365034387	0.0215727082	-0.0386870341	0.080438075	0.0074864307	0.0092642313	0.0477169052	-0.0406653525	-0.0423026898	-0.0110537486	0.1138192047	-0.0328613405	-0.0407407832	-0.1528923133	-0.0609160354	0.0034965553	0.0100819288	-0.0564280193	-0.0453558565	0.0574800457	-0.0479823782	0.0380720922	-0.0833669381	-0.0005330079	-0.0565092881	0.1394791513	0.0427451918	0.0484979507	-0.0605499334	0.0288906043	-0.196558146	-0.0098853714	0.0248381349	0.0478045205	0.0089830787	-0.0035843436	0.1128843778	-0.1160852763	0.0257329849	0.0482760608	0.1580788336	0.0458119406	0.0494079758	0.1183488274	-0.0439187752	-0.2020457881	-0.0119311568	0.0136502038	-0.0312499742	0.0315498052	0.0551967187	0.0016898595	-0.1290552057	-0.0050684204	0.1289225186	0.1393941818380426	-0.0106565235744966	0.0194307379302972	0.0001135614946938	0.0476427931333773	0.0009645252917208	0.0022698357375497	9.30309038369284e-07	-0.2248215354505589	0.0035158231479499	1.2361012407660956e-05	0.0505447228023469	0.0031868378257282	-0.0002511322065253	6.306738515431611e-08	1.015593532749204e-05	-0.0008072469962123	4.891681264589999e-05	6.516477128937811e-07	2.3928545594340808e-09	0.0020432930936458	-0.000190688009409	4.175046666540625e-06	3.636191693240495e-08	0.0	0.0	0.0
890.1828251161063	3.745884923309177	792425.4621316923	14.031653858674998	1349.1818254358627	4.4621858933392105	19.91110294671545	1820291.5980864468	840.0905881911624	-0.1538824764753599	705752.1963673732	0.0236798165661896	906.3835205774002	805.3301860310207	0.982278	28.309223	0.0338772688827132	0.0209121259322021	0.0474394153	-0.0114401433	0.1294105373	0.0430885577	0.1122055059	0.0414673179	-0.00091461	-0.1093517101	-0.0288978969	0.2440697077	0.0361189129	0.0581851028	0.0388851586	-0.0511872196	-0.1125660438	0.035395294	-0.0613699597	0.0007642105	0.0364554545	-0.1482442099	-0.1195360691	-0.1088058352	0.082216378	0.0485867548	-0.082977241	-0.0582763846	0.0034560754	-0.0741269179	0.0584720964	0.0816205765	-0.0513403784	0.0174095991	-0.0838320687	0.1104889909	-0.0032255939	0.1148095387	-0.2023725154	-0.0060253038	-0.0755740112	-0.022860712	0.0119207875	0.0478312147	0.0301737365	0.0318353414	-0.0207148469	0.1423950911	-0.0014257585	0.0937067299	-0.0189964306	-0.2554383093	0.1196178116	0.0588054736	-0.0582987508	0.0635215494	-0.1075876965	-0.087100755	0.0057255892	-0.161500603	-0.0752068537	0.0670635414	0.0535654131	-0.0674954319	0.1606450987	-0.137418462	0.1523418586	0.1154782562	0.0271437575	-0.019237974	-0.0789583905	0.0449067098	0.0749176345	0.0532497895	0.0186012663	-0.0019274254	0.0199308683	0.0735102624	0.0711411203	-0.025023528	0.0097142257	-0.0165179829	-0.0929476134	-0.1856028719	0.0511644695	-0.0713790863	0.0741896605	0.1017404715	0.0107166937	-0.0739020229	-0.0319955693	-0.1691505844	0.0070949603	0.2215270387	-0.1259623961	-0.0708030602	0.0701336225	0.1376316013	0.0343013214	0.0513958049	-0.0063982012	0.0315008085	-0.2024900894	0.1008253643	0.1162550867	0.0111841184	-0.0158443472	0.0112925724	0.1116563856	-0.1533918071	0.0031136313	0.036579545	-0.0199183907	0.0681388956	0.1209835353	0.0271090795	0.1257646168	0.0144276612	-0.0102315339	-0.0391301095	-0.0789963139	0.0742510754	0.1185241059	-0.0016898595	-0.1290552057	0.0050684204	0.1289225186	0.1358786782506058	-0.0035155035874368	0.0184630152031316	1.2358765473281182e-05	0.0320261148462464	-0.0156166782871308	0.0010256720321449	0.0002438806407237	-0.2246648305827534	0.0001567048678055	2.4556415593939746e-08	0.0504742861007772	0.003442799387029	0.0002559615613007	6.551632086354318e-08	1.1852867619327258e-05	-0.0007719850909702	3.52619052421e-05	5.959609806802679e-07	1.2434019613028396e-09	0.0020438372699097	5.441762638996352e-07	4.177270785871935e-06	2.9612780619176537e-13	0.0	0.0	0.0
890.1847681707089	0.0019430546026342	792428.9214831388	3.775461188818026e-06	1357.6189777149873	8.437152279124575	71.18553858113701	1843129.288651887	841.1791316493717	1.0885434582093012	707582.331522391	1.1849268604102647	907.7452230478044	818.9917704644604	1.022837	29.478138	0.0620511787581436	0.0281569814862512	0.0336566247	-0.0011754339	-0.1249257816	-0.0611777701	-0.0219828271	-0.105015606	-0.042462775	-0.1753127589	0.0351294931	-0.0862526781	0.153110196	-0.0588041211	0.0139160269	0.0714261982	-0.0117403294	0.0043640709	-0.0129235642	-0.0734002271	-0.0761856646	0.0111176121	-0.0311980438	0.099972264	0.0300082939	0.1053009657	-0.100152621	-0.2258100574	0.0321320928	0.0219587588	0.0222659627	0.0328863703	-0.0098559758	0.030906728	-0.0621848618	-0.0199507895	0.0325496559	0.0355690575	0.0297624336	-0.0589277196	0.0097795807	0.1860382223	-0.0097974958	0.0270054829	0.020702249	-0.1441701634	-0.120804323	-0.0859803624	-0.0733474839	0.0673973111	-0.038501205	0.0328197981	0.0883281947	-0.1610054775	-0.0407734242	-0.071967321	-0.2118191654	0.065840767	-0.052686986	0.0835579099	0.0569917227	0.0336191203	0.1231085868	0.0297187715	-0.0510402065	0.121358705	0.0571213928	0.055945444	-0.0733701253	-0.028294142	0.02781615	0.0782883658	0.1018699767	0.0183886794	-0.0994962835	0.0110115061	-0.0651118986	0.0480212796	0.0321605158	0.0396684749	-0.0982377902	-0.0293828616	0.0406907982	-0.2107188252	0.0356847382	-0.0980199966	-0.0821950136	0.0260432989	-0.0631301136	0.1258991989	-0.0418845897	-0.118618114	-0.0369288337	-0.0984867755	-0.0758021787	-0.0856170594	0.0009235936	0.1051503303	-0.2140613748	0.0550738077	-0.0070582887	-0.0153455454	-0.1853154534	-0.0045794747	0.0534169945	0.0259115492	0.151009006	0.0195847095	-0.0211380186	-0.0442513675	0.093191745	0.0101275634	-0.1972720514	-0.0610522156	0.0516385131	-0.018459352	-0.1189672989	0.0019430437	0.0177943084	-0.0961243709	0.0156500108	0.1598725862	-0.0033093043	-0.0050684204	-0.1287014744	0.0151740128	0.1275100165	0.1282389863033728	-0.0076396919472329	0.0164452376081166	5.83648930486166e-05	0.0298499281297495	-0.0021761867164969	0.0008910182093512	4.73578862505756e-06	-0.2150201001632297	0.0096447304195237	9.302082486528603e-05	0.0462336434742053	0.0038020071294165	0.0003592077423875	1.2903020219112478e-07	1.4455258212133896e-05	-0.0005591490702019	0.0002128360207683	3.126476827076492e-07	4.5299171736484254e-08	0.0017640696395677	-0.0002797676303419	3.1119416932445157e-06	7.826992698717781e-08	0.0	0.0	0.0
888.6566539001784	-1.5281142705305228	789710.6485210615	2.335133223799032	1352.136494804831	-5.48248291015625	30.057618860155344	1828273.1005830949	839.3690336478202	-1.8100980015515236	704540.3746468754	3.2764547752208184	905.9305299097408	805.8851522303073	0.97907	28.216784	0.05260848235643	0.0302544864402813	0.0503770383	-0.0302853473	0.0658934678	0.022897693	0.002106339	0.0191853709	0.043574044	0.1171272063	-0.1357289371	-0.0584228725	-0.0017846065	-0.0094274814	-0.0088252904	-0.0760547282	0.0230302916	-0.0209367657	-0.0939634634	0.0313018346	0.0143733571	-0.027170688	-0.0131315732	0.0433952819	-0.0622524592	-0.0667591922	0.0818314904	0.0212413904	-0.1460312148	-0.0971251707	0.1381229038	-0.0708646579	0.0008980424	-0.0198201408	-0.0819092274	0.0310394962	-0.0079757716	0.0224498609	0.109309991	-0.0147387622	0.0779205661	0.0896880538	0.0201564293	-0.2223101125	0.0467686389	-0.0614644267	0.0540651014	0.0917402065	-0.0656397166	-0.0479230331	-0.0328594853	-0.0986248282	-0.0656709102	0.003913716	0.0035968551	-0.0122883528	-0.1014590233	-0.0275837192	-0.0124113925	-0.0290378449	-0.0768860896	0.0151724997	-0.1658661875	-0.087109432	-0.0316848707	0.0025152757	-0.0310191016	-0.064376506	0.0338418546	0.0599867255	0.0352832859	-0.111410438	-0.0372818929	-0.0310326015	-0.0597242819	-0.105670821	-0.0347248192	0.0426813758	0.102031252	-0.0794640891	-0.0050924714	-0.0598821806	-0.0526171268	0.0184866061	0.1060273575	0.1299152969	-0.0310535477	0.1288450003	-0.0873374038	0.0351776597	0.0376594244	0.0448204742	0.1436460871	-0.0716337733	-0.0467294561	0.0637809068	-0.1674900271	0.1058232045	0.0192421979	0.0690460014	-0.0154670639	-0.0234267627	-0.1428654684	0.0165040375	0.0480575513	0.0002440213	0.0994861957	0.0264200947	0.0229076403	-0.1021648685	-0.0514347444	0.0331724748	-0.0576058145	-0.0322974119	0.0793841679	0.0832205124	-0.104965528	-0.1525950811	-0.0154189582	0.080048955	0.1050377281	0.0492453203	0.0062730674	-0.0084435077	-0.1279949812	0.0251860523	0.124700488	0.1234886817496061	-0.0047503045537666	0.0152494545202555	2.256539335353661e-05	0.0564947951509395	0.0266448670211899	0.0031916618791466	0.0007099489385768	-0.228227216065008	-0.0132071159017783	0.000174427910443	0.0520876621527838	0.0037010528334683	-0.0001009542959482	1.0191769870396813e-08	1.3697792076123731e-05	-0.0006182376327388	-5.908856253690009e-05	3.822177705344754e-07	3.491458222677153e-09	0.0017641506786765	8.103910879983175e-08	3.112227617074755e-06	6.567337155070969e-15	0.0	0.0	0.0
889.1130348590708	0.4563809588923959	790521.9887563073	0.2082835796395428	1352.3936597936297	0.2571649887986496	0.0661338314638095	1828968.611050008	840.8836552858065	1.5146216379863515	707085.3217268192	2.294078706256459	905.7670437587276	803.1922547884077	0.9753	28.108124	0.0382752622607035	0.0171437691143255	0.0425458659	-0.0224650233	0.0936062982	0.0867657315	0.1533398901	0.045295629	-0.0002686445	-0.1572076554	0.0024879943	0.1318673819	-0.093695209	0.0761726025	0.0242919761	-0.0744062638	-0.0304762725	-0.0881986411	-0.0489397254	-0.0259459633	-0.0328698462	-0.0979918658	-0.1046034286	-0.0444306785	-0.0252134842	-0.0262383894	0.0374013887	-0.1025790658	-0.1032587669	-0.1177645251	0.1849804902	-0.0082508194	0.1610719436	0.0649543162	0.0477249182	-0.0030299386	0.099985548	0.0624041569	-0.0131010784	-0.0266012985	0.0629044745	-0.1145430357	0.1301712734	-0.0027034473	-0.1263958679	0.1215940133	0.0151351334	-0.100705013	-0.1349963272	0.1727905855	-0.1656229364	-0.0946757797	-0.1066451837	0.1212909416	0.0211617194	0.056628959	-0.1320911381	0.1618577969	0.1527356813	0.1133143294	-0.0746666065	0.0949936451	0.1332835754	-0.045766789	0.1300498901	-0.1481491969	0.060983725	0.0638898312	0.1056728446	0.0929555557	-0.0975037252	0.0261848055	-0.0449405544	0.0763610606	0.0381166221	-0.0773394061	-0.1240087967	-0.0147336758	0.018751774	0.0887019839	-0.0946326479	0.0824290694	0.0768641538	-0.1414993865	0.0636952279	0.1074262382	0.0914017458	-0.0095474065	-0.0972707346	0.1936498865	-0.0417357809	-0.1095269475	-0.1186262183	0.0231151808	0.1996863602	0.0341033645	-0.0578779919	0.056890229	0.0702958839	0.0667877582	0.0003173319	-0.0162784164	-0.1488364683	0.0732110099	0.0282372407	-0.0209898311	0.1228725028	0.0758589471	0.057969343	-0.2106865221	-0.0253890448	0.1227418352	0.0699015945	0.0180784534	0.0913859039	0.1127989274	0.0785300427	0.0514076178	-0.1308673411	-0.1741445743	-0.0048564797	0.0581180114	-0.0526822798	-0.0118128082	-0.1269376627	0.0350428114	0.1205247148	0.1205997589928244	-0.0028889227567817	0.0145443018691273	8.345874694651228e-06	0.0532265783225511	-0.0032682168283883	0.0028330686399266	1.0681241237361111e-05	-0.2412599087929265	-0.0130326927279184	0.0001698510797403	0.0582063435907712	0.0034956953849416	-0.0002053574485266	4.217168166539621e-08	1.2219886224302e-05	-0.0007728823879362	-0.0001546447551973	5.973471855819627e-07	2.3915000310063762e-08	0.0017858570739047	2.170639522820002e-05	3.189285488415457e-06	4.711675938028246e-10	0.0	0.0	0.0
890.6591433329669	1.5461084738960835	793273.7096026145	2.390451413053277	1353.7039409861843	1.310281192554612	1.7168368035623365	1832514.3598415267	841.0850364583824	0.2013811725759069	707424.0385541985	0.0405543766680472	908.5050620906446	821.4440545064267	1.101724	31.751663	0.0820904378084864	0.0507239651707116	0.0346979644	0.0320817699	-0.0789404936	-0.1304485721	-0.1160590933	-0.0926866804	-0.0475225903	-0.0403563747	0.0520089712	0.0261124624	0.2250661763	-0.0233082285	-0.0515790387	0.0997407094	0.0422803116	-0.0447798233	0.0072418629	-0.0051712855	-0.0027341483	-0.0102382892	0.0024549221	-0.1153300631	0.0702232247	0.0062266339	-0.0465746938	-0.1839149096	0.1850436373	0.0088758634	-0.1749397307	0.1526236076	0.0589896625	0.0048241428	-0.0437004675	0.0897377464	-0.0153899731	0.0791643606	-0.0493020204	0.063671533	0.0124807565	0.0031852134	0.0228458684	-0.014005069	-0.068220293	0.0107044795	-0.2515627106	-0.0805413255	0.0233468348	-0.0005337256	0.0860764832	-0.1445762554	-0.0722498702	-0.0369378696	-0.0129259494	-0.0248813647	-0.0684108481	0.1025539907	0.0379453255	-0.0835136923	-0.0825309135	-0.0137868707	0.0920801212	0.0795780897	0.0980284572	0.1078537405	0.0817780979	0.0739549542	-0.1346236569	-0.1783883854	-0.0515532825	0.185178254	0.1014526962	0.1199173871	0.0890228974	0.0517289012	0.0440693402	-0.0406246862	0.0097905237	-0.0404480069	-0.0749132293	-0.0336060041	-0.0421194468	0.0045850793	-0.0326147467	-0.0765011979	-0.0962448014	-0.0288813627	0.0255215487	0.0667000603	-0.0739562614	0.0189635644	0.0965812122	0.0211419783	-0.0675362342	0.0950407352	-0.0519299792	0.0553458387	0.043990006	0.0554457542	0.1027526491	0.0634377266	-0.0434987976	-0.0272328448	0.0814438833	-0.1268675157	0.001495429	0.0360678716	0.036646156	0.0103534486	0.0275161138	-0.0174826714	-0.0797934188	-0.1735618923	-0.0090016259	-0.2073225234	-0.0683413639	0.0233426924	-0.1350905708	-0.2498846823	-0.1111132809	0.0954863637	-0.0202424233	-0.0151740128	-0.1255324169	0.0446835199	0.1150284477	0.1237068560628671	0.0031070970700427	0.0153033862369589	9.654052202667998e-06	0.0652492443868624	0.0120226660643113	0.0042574638930564	0.0001445444992939	-0.2745724635720989	-0.0333125547791724	0.0011097263059153	0.0753900377520515	0.0040812353990866	0.0005855400141449	3.4285710816492645e-07	1.6656482382757556e-05	-0.0007711853934531	1.6969944830999605e-06	5.947269110754127e-07	2.879790275671702e-12	0.0018715824631758	8.572538927109998e-05	3.5028209164671944e-06	7.348842365681624e-09	0.0	0.0	0.0
890.9936044137341	0.3344610807672552	793869.6031061778	0.1118642145480004	1351.686928692986	-2.017012293198377	4.068338590913375	1827057.5531994773	841.7932855401309	0.7082490817484768	708615.9355804484	0.5016167617975605	908.380763966882	814.1490978490526	1.046878	30.170982	0.0545142106339082	0.0345333512099346	0.0289178536	0.021690464	0.0109751998	0.0213332126	0.0846947419	0.053930811	-0.0035018122	0.1038004339	-0.1145326655	-0.1044054829	-0.0984890795	0.0385158071	-0.0073812122	0.092825813	-0.0033074693	-0.0033301787	-0.0001727851	-0.0457559051	0.0217029467	-0.0395500363	0.1217877883	0.0132583566	-0.1083840976	-0.0385177067	-0.0443633458	0.2127059286	0.0145862464	0.0122724935	0.0518621796	-0.1738295566	0.0149219176	-0.0718918405	0.0870010886	-0.1807823923	-0.0077241226	0.0225981701	-0.0901369784	0.0035036527	0.0183860792	-0.1058049322	0.0802751035	-0.0244905639	-0.0887939838	-0.0092877256	0.0123984644	-0.0763531312	0.0071671325	-0.1074217749	-0.0443139677	0.1086634962	0.0289054783	0.0466779827	0.0028806453	-0.0595865604	-0.0109011279	-0.096216701	0.0096712989	-0.0172880402	-0.1761186145	-0.0479076699	-0.1203481992	-0.1145802828	-0.141785036	-0.0582314751	-0.0833008035	-0.0925423238	0.0323608282	0.0152366532	0.1034969378	-0.0789504696	-0.0267889682	-0.0649416717	0.0564604436	0.097769844	-0.0453105644	-0.0536288061	-0.0295027659	0.0732834092	0.1427329	-0.0761465636	0.0493040992	-0.0486641132	0.0597986726	0.0042677098	0.0183501779	-0.1200380839	0.0682656337	0.0500504074	-0.0201080732	0.0176204341	-0.0229455468	0.0940960188	0.1272324876	0.0544708749	-0.0419434697	-0.0469541069	0.0862218027	0.0424406483	0.0263025589	-0.0478582325	-0.0169353377	0.0207630484	0.038775073	-0.1642465124	0.0241884078	0.0746685504	-0.0855824528	-0.047364425	-0.011476825	0.0839520015	-0.0262374097	-0.0333338384	0.0023898954	-0.0450022207	-0.0292930015	-0.1402664764	-0.0512428779	0.0135871386	0.1109330144	0.0185626988	0.1285184265	-0.0185248178	-0.1237830955	0.0540487397	0.1082719048	0.1230484296412726	-0.0006584264215944	0.0151409160371832	4.33525352653737e-07	0.0337734999007466	-0.0314757444861158	0.0011406492955457	0.0009907224909552	-0.263033765931226	0.0115386976408728	0.0001331415432474	0.069186762019963	0.0040819063166133	6.70917526700808e-07	4.501303276343295e-13	1.666195917760756e-05	-0.0009170421119413	-0.0001458567184882	8.409662350737599e-07	2.1274182328146027e-08	0.0019418816688674	7.029920569160005e-05	3.7709044158832383e-06	4.941978320869893e-09	0.0	0.0	0.0
889.2875399185384	-1.7060644951957329	790832.3286543661	2.910656061767471	1355.4067571079029	3.7198284149169463	13.837123436423523	1837127.4772137613	840.9597375039168	-0.833548036214097	707213.2801026567	0.6948023286763776	908.1141279079582	814.1822049827219	1.007969	29.049641	0.0932548857820232	0.0475621155734472	0.0754793519	-0.020780164	0.0323168756	0.0710241713	0.0279448465	0.016991306	-0.0009022356	-0.0690956792	-0.0427900036	0.0477534619	0.0684373617	0.0140429694	0.0233810895	-0.1134813833	0.0849457755	-0.1249217257	-0.0465174068	-0.0773592458	-0.0316999224	0.1213863902	-0.0328089106	-0.1697931471	-0.0538800114	0.101710418	0.0467927773	0.0050542886	-0.0098474909	0.0135982051	0.0350092149	-0.0584289915	0.1175015582	0.0735215429	0.013306017	0.117081089	-0.0201680569	0.0013786408	-0.0786208631	-0.0105947982	-0.0709135564	-0.0541323606	0.0441871627	-0.0702487053	0.0831481616	-0.095481072	0.1931459205	-0.1831824709	-0.0604117679	-0.1561705318	0.0062690581	0.1184759205	-0.180058958	0.1719033124	0.2337114629	0.1580365034	0.055429913	-0.168167363	-0.0238057197	0.044780637	0.145614395	0.025974259	0.0814332339	-0.0192779562	0.0381543452	-0.0313921482	0.163928277	-0.1830290852	-0.0204211477	0.1196646823	-0.0348954625	-0.0159910798	-0.0773856657	0.0746017974	0.0385212125	-0.0363830677	0.0516141012	0.0946179982	-0.0111482574	0.0810194604	-0.1234585533	0.1037152781	0.0546261126	-0.0140358319	0.0386099519	0.03679426	-0.060844764	0.0981440925	0.0731233095	0.0191457917	-0.1085481692	-0.1094848633	0.0321616308	-0.1289838572	0.0993353325	0.1562006362	0.1884019526	-0.0614966722	0.1721444329	0.0872704881	-0.00663154	0.0076918102	-0.0214415891	0.0125187877	-0.0434213633	-0.2011151236	0.0282170143	-0.0102128667	-0.0105897515	-0.0746630994	-0.1145356013	0.055443761	-0.0404305241	0.0499368373	-0.021675447	0.018992084	0.0727787715	0.0612945559	0.0509710205	-0.0869962791	0.0813871171	-0.0462049214	-0.0194175878	-0.0218629269	-0.1216944932	0.063080731	0.1003291122	0.1141826281409663	-0.0088658015003063	0.0130376725691781	7.860243624283349e-05	0.0436747274709432	0.0099012275701965	0.0019074818196611	9.80343073968212e-05	-0.2371316900750457	0.0259020758561803	0.0006709175336593	0.0562314384378475	0.0036086628738865	-0.0004732434427268	2.239593560839145e-07	1.3022447737366773e-05	-0.0008873457269666	2.969638497470008e-05	7.873824391658838e-07	8.818752805655923e-10	0.0014731058794621	-0.0004687757894052	2.1700409321058078e-06	2.1975074073256206e-07	0.0	0.0	0.0
887.6754276574635	-1.6121122610749126	787967.6648668607	2.598905942308067	1354.5236271577724	-0.8831299501305239	0.7799185088175415	1834734.256528648	838.8311270793183	-2.128610424598492	703637.6597571595	4.530982339709371	906.0794255494106	797.8355249494035	0.939967	27.089834	0.0342737161198218	0.0210611062967966	0.073845462	-0.0693461068	-0.0485141705	-0.0126164316	0.0045864604	0.120706439	-0.0114505374	-0.0410523587	-0.0698892184	-0.1173458158	-0.0685798934	-0.0380315926	0.0240608745	-0.0560220126	-0.0354865579	-0.0165990831	-0.1122219549	0.0629456991	0.0433293548	-0.055446048	0.098977454	-0.0596271586	0.0686478202	0.0115677217	-0.1252090695	0.0625972592	-0.0775143322	0.0348649166	-0.0634304207	-0.040292513	-0.0644118154	-0.0273643079	0.111667406	0.0694844335	-0.0526131754	-0.2174363997	0.1013745889	0.0448383984	-0.0654272289	-0.1233575839	0.043958006	-0.0855449797	-0.0675739336	-0.0082221092	-0.0543893672	0.063304169	0.1768936336	-0.0126057881	0.0515765849	0.1209986788	0.1056755384	0.0605584998	-0.1092583743	0.0096252953	0.0384627233	0.2736856668	0.28229791	0.0788006761	-0.0429622002	0.0349755013	-0.0286877939	-0.0548500129	-0.0440047181	0.0463880837	0.0460679157	0.028567332	0.0823546587	0.0111841504	-0.1402811206	0.106038248	-0.0130536258	0.1141890135	0.0759241896	0.1310599912	0.0841775756	0.0789826393	-0.0523739715	0.0093039233	0.1054620824	-0.0751506552	-0.0210362778	0.0768114144	-0.1404130287	0.0758341225	0.03452608	0.0181944626	0.0534661444	-0.0705702545	0.050731147	0.1694781616	-0.1433164868	0.0214001955	0.0600452375	0.1260445035	0.0374156532	-0.0891621601	-0.0702344327	0.097364053	0.0306073661	0.0516357456	-0.0245980688	0.0201905504	0.0586558101	-0.1261024174	-0.0131758617	0.0847509502	-0.0079488348	0.0489647331	0.0048880288	0.0474163847	0.0776824269	-0.0173076892	-0.0966227103	0.0288986126	-0.0420070846	0.0547235634	0.1033883345	-0.0032948313	-0.0439481914	-0.0277268189	-0.0004030839	-0.0251860523	-0.1192723348	0.0717238087	0.0912870929	0.1142244731306476	4.1844989681294464e-05	0.013047230261974	1.75100316142764e-09	0.0435326945134164	-0.0001420329575267	0.0018950954915984	2.017336102380813e-08	-0.2330376314869369	0.0040940585881087	1.6761315722867383e-05	0.0543065376890414	0.0032731753310351	-0.0003354875428513	1.1255189140846989e-07	1.0713676747696736e-05	-0.0010098254997934	-0.0001224797728268	1.01974754003299e-06	1.5001294751704548e-08	0.0013311576034502	-0.0001419482760119	1.7719805652232805e-06	2.0149313062750544e-08	0.0	0.0	0.0
890.9250027872864	3.249575129822915	793747.3605915263	10.559738524363617	1352.122792367374	-2.4008347903984486	5.764007690787563	1828236.0456393445	839.1494343277916	0.3183072484732747	704171.7731326526	0.101319504430627	904.7985621877084	805.5824656798461	0.971539	27.999727	0.0638755809638702	0.0283895607757305	0.0973760921	0.0360805352	0.1085998611	0.1724146808	-0.0004487125	0.0313623597	0.1760650495	-0.0219330187	-0.0206252226	0.092174265	0.0574412438	0.0618986363	0.1384742525	-0.023271731	-0.1270681317	0.0739908883	-0.1887162567	0.0849628615	0.0155964888	-0.1229714275	-0.105667283	-0.0511610377	0.0855220457	0.0653539428	-0.1161172693	-0.0557899651	-0.0219109663	-2.1378e-05	0.0115269077	-0.0066194629	-0.0599012217	-0.0106160258	-0.0554952747	-0.1616970305	0.0052447581	0.1007776965	0.1696987851	-0.0642866529	0.0155508525	-0.0002284138	-0.1379914647	0.003335099	-0.115755966	0.0771020187	0.0106225292	-0.0584359603	-0.0299091714	0.045979361	-0.1066910669	0.0825880465	0.0795326357	-0.0078306996	0.1154294019	-0.1088815134	0.0334573809	0.032867348	0.0160582047	-0.1358814519	0.0619926974	0.1639741776	-0.1108186116	0.0055458063	0.1089996671	-0.038151341	0.0887579394	0.0772319011	0.0840640487	0.0835628875	-0.0308182532	0.0802051788	0.0951299802	-0.1137172026	-0.0713150988	0.0196138465	0.0256696249	-0.0369910775	-0.0161431865	-0.0523199751	0.0366845986	0.0051410167	-0.0753032855	-0.128451888	-0.0865944658	-0.0694355756	-0.0401342703	-0.0371114995	-0.1375441072	-0.0420731319	0.1232696641	-0.0727325466	-0.0176030977	0.0220608551	0.0609068089	0.0912506456	-0.0874098041	-0.070794483	-0.0188324427	0.0778955977	0.0206419206	0.0074356482	-0.0143531148	0.1175648569	-0.0792767498	-0.1553083323	-0.0341022124	-0.0366250746	-0.0017981403	0.0184428852	-0.0914991684	0.0559907405	-0.0357310969	-0.0286776621	0.1046068309	0.0648896898	0.0451364084	0.0858714246	0.1072837495	0.0425441948	-0.0867112272	-0.0343269655	0.1109392585	-0.0284919163	-0.1165232592	0.0799246852	0.0812449131	0.1218355932783055	0.0076111201476578	0.0148439117894766	5.7929149902084e-05	0.0345541726584031	-0.0089785218550133	0.0011939908481067	8.061385470095158e-05	-0.250170864595276	-0.017133233108339	0.0002935476767446	0.0625854614923479	0.0032360474601763	-3.712787085880008e-05	1.3784787945077362e-09	1.0472003164513482e-05	-0.0012678525279132	-0.0002580270281198	1.6074500325358916e-06	6.657794724033605e-08	0.0016390568215288	0.0003078992180785	2.686507264200092e-06	9.480192849341316e-08	0.0	0.0	0.0
891.7148082813809	0.7898054940944803	795155.2993082999	0.6237927185018262	1358.267567982393	6.144775615019171	37.75826735893423	1844890.7862328049	843.1997944609823	4.050360133190679	710985.8933790427	16.405417208540417	910.1587115081192	822.7759311497769	1.014214	29.22962	0.0732463314610464	0.0338099353681545	0.0930657384	0.0704760791	0.0165326399	-0.1533094721	0.110270205	0.0199908909	-0.1342628128	-0.0491083735	-0.1338383284	0.0446377545	0.0304879351	-0.010024651	-0.0716813997	-0.1087890458	-0.0891314954	0.0171871176	0.0203179314	-0.1230235914	0.2019887003	0.0405931752	-0.0275342798	-0.0370034812	0.0457428132	-0.0868319871	-0.08821051	0.1085520914	-0.0201854432	0.067462981	-0.0342322937	0.0899207543	-0.0326046695	-0.0468001928	0.0556837654	0.0673707573	-0.037670017	-0.0742086312	-0.1253128913	0.0667403641	-0.0632374115	-0.1137000764	-0.0190070304	0.0209873933	0.0657990283	-0.0529610527	0.0959900337	0.0003196836	-0.1394866488	0.0148530644	-0.01658607	0.0235313139	-0.1744256127	-0.0120275713	-0.1307944143	-0.1740496629	-0.060107659	-0.0373220194	0.0149431501	-0.0528176501	0.004258055	-0.0655795194	0.0809702785	-0.2075871961	0.0400280703	0.0299653116	0.0187875296	0.0268139247	-0.0871684269	0.0811099911	0.0199724528	-0.0267444011	0.0108006673	-0.0418285669	0.0336699392	0.0513240041	0.0709015416	-0.0361349347	-0.0621575089	-0.0253782778	0.077631926	-0.0236536061	-0.1448797946	0.0712189747	0.0612699625	0.0863821051	-0.1159974495	0.0590189285	0.1376189169	-0.0207108311	-0.0903490895	0.0896793252	-0.0118202585	0.0037779675	-0.10254674	0.1062585713	-0.0347716838	0.1415648708	-0.0370626179	0.0902602368	0.0385598803	-0.0338348004	0.0353000569	0.0350866597	-0.0645131453	-0.1475111865	0.0020100328	0.1935679983	0.0108932701	0.0509448655	0.0182689953	0.0027444636	-0.103757671	0.0352378589	-0.0344629604	-0.0113134763	-0.021577978	-0.0108838421	0.0357488362	0.0401013385	0.098261404	-0.0534646148	-0.0088726606	-0.0317782535	-0.1134548014	0.0876327994	0.0703125971	0.114284285526125	-0.0075513077521804	0.0130608979182168	5.702224876814119e-05	0.043267669655961	0.0087134969975579	0.0018720912374573	7.592502992645063e-05	-0.238879138623318	0.0112917259719579	0.0001275030754257	0.0570632428694183	0.003124022640162	-0.0001120248200143	1.2549560299236314e-08	9.759517456244753e-06	-0.0007749237081275	0.0004929288197857	6.005067534180748e-07	2.429788213753232e-07	0.0013302144465418	-0.0003088423749869	1.769470473788507e-06	9.538361258761068e-08	0.0	0.0	0.0
889.2606035382645	-2.4542047431164065	790784.4210052384	6.0231209211350665	1355.1322578878965	-3.135310094496617	9.830169388652386	1836383.4363683483	841.7004835913351	-1.4993108696471609	708459.7040778873	2.247933083842126	907.8304690451864	814.4521033705952	1.027675	29.617556	0.0599998061921196	0.0336280685153078	0.0427295737	-0.0099622367	-0.1476501044	0.1370976571	-0.0012149582	0.0016854764	0.1004959681	-0.0916496436	0.0122402343	-0.0793212964	-0.0309475571	0.0959183517	0.0506361845	-0.0417109351	0.0517342272	-0.1729249729	-0.0327595856	-0.1432181113	-0.1347484532	0.1086830445	0.0905027825	-0.1106862342	-0.0790163224	0.0003173145	-0.0639378856	0.0622685661	0.0352329538	-0.0744107067	0.0116519853	0.0576108177	0.1687964944	0.0390536776	0.0582543897	-0.0949735507	0.0368296671	0.1285479501	0.0400799537	0.11369951	-0.1415137601	-0.0074924046	0.0991736913	0.0123456661	0.14108304	-0.0317810016	-0.1116994147	0.1349923307	0.0127574921	-0.0950233967	-0.0133075847	0.0069961519	-0.0001873039	-0.0127299091	0.1020190693	0.0778742815	0.0952627844	0.0136485378	0.0585429723	-0.0027753445	0.051973223	0.0934452952	0.0343610135	0.0391774921	-0.135448548	-0.0512646568	0.0981815442	-0.1474682532	0.0219275748	0.0523851687	0.0571428404	-0.0068904192	-0.0984990325	0.1263671723	0.0532501281	0.0334225052	-0.0007347711	-0.1377972937	0.0581246807	0.0371790994	-0.0353605303	-0.1528606054	0.0681085148	0.1717074537	0.0077358347	-0.0080888697	0.1157461922	0.0313629273	0.0919136588	0.1645600623	-0.0154589913	-0.025762582	0.1083208118	-0.0436065604	-0.0556691347	-0.0053241806	0.0111669398	-0.0417057984	-0.0320292356	0.0661135541	-0.0025621856	0.00811879	0.0412098747	0.0484189141	-0.103167444	-0.1275504224	0.0361868565	-0.120081721	-0.0859853588	-0.0262203434	-0.0057682084	0.1130336053	-0.0046657236	-0.0182452211	-0.0225749458	0.0653611832	-0.0098059803	0.0306293034	-0.0518438397	0.0549854818	-0.0202514337	-0.0402902465	-0.1139852705	-0.0350428114	-0.1100753719	0.0948006283	0.0586099215	0.1144708846597808	0.0001865991336557	0.0131035834347928	3.4819236681091535e-08	0.0528338842803748	0.0095662146244137	0.002791419328152	9.151246224034836e-05	-0.2450264513635431	-0.006147312740225	3.778945392613372e-05	0.0600379618678107	0.0035498286070925	0.0004258059669305	1.8131072147361812e-07	1.2601283139732278e-05	-0.001229139993367	-0.0004542162852395	1.5107851232942289e-06	2.0631243377677086e-07	0.0013321857882483	1.9713417065000357e-06	1.7747189744107444e-06	3.886188123786471e-12	0.0	0.0	0.0
891.6783049279647	2.4177013897002557	795090.1994792084	5.845280009758546	1358.7134106355554	3.5811527476589617	12.824655002065333	1846102.1322409036	840.9003269945612	-0.8001565967739452	707113.35993956	0.6402505793608619	908.1333357210148	811.9086844257105	1.047999	30.203314	0.15921153979688	0.0778997355399101	0.055396556	0.0221092712	0.0987772084	-0.1021328757	-0.1157583708	0.0519169958	-0.0003161094	0.0002155722	-0.0545363056	0.1246017451	0.0282929346	-0.0966911657	-0.0266532738	0.0942640482	-0.0190062804	-0.0620038525	-0.0255292866	0.0489391441	0.1459565039	-0.0039199211	-0.0359884369	0.0728703012	0.0693512055	-0.0560418255	-0.0698609878	0.1527953058	0.0856455297	0.0397617994	-0.0413475811	0.0412179922	-0.0117075789	-0.2098418453	-0.0727898342	-0.0865063465	0.1903456075	-0.0912238412	0.0205764706	0.0738114603	0.036469113	-0.0751385623	-0.0104635324	0.1012766961	-0.0355283696	0.0882443967	0.0121634112	0.1123589051	-0.0668367452	-0.0546452186	0.1198429197	-0.0361652649	-0.0281862013	0.1351515268	0.0464824065	0.0094035767	0.047778078	-0.1063366859	0.005953967	-0.0111081403	0.1486816394	0.0002367704	-0.0139884229	-0.047969794	0.1548700292	0.0792405013	-0.089111103	0.0380359249	-0.0334493157	-0.0768733187	0.0197073986	0.0282084091	-0.1320414544	-0.030200804	0.0948138666	0.0505290167	0.1602068008	-0.0349329042	0.0808277632	-0.0153525127	0.0547510945	-0.0906857541	-0.0796738904	-0.0307171916	0.0239442053	0.0018014535	0.1913846764	-0.0797032427	-0.039581934	0.0440873268	0.0855527563	-0.0196668096	-0.1884016353	-0.0079911714	-0.0034279604	-0.1243650879	-0.163592494	0.0958069469	0.1512269322	0.0587961817	0.0823225824	0.0111338766	0.1036332901	-0.0032733717	-0.0069232183	-0.1056590932	0.0524788112	0.1017368834	0.1451928302	0.1282904973	-0.0893271064	0.0338336636	0.0664086312	-0.1010593373	-0.0391114316	-0.0326604807	-0.01938573	0.0784550664	-0.0589896114	-0.037135154	-0.1377978723	-0.0543145034	-0.0768131394	-0.0382833527	-0.1063942335	0.1013839798	0.0462651033	0.0667170189946801	-0.0477538656651006	0.0044511606235365	0.0022804316859604	0.0433172686027631	-0.0095166156776116	0.0018763857592039	9.05659739553647e-05	-0.2903676681023057	-0.0453412167387625	0.0020558259353514	0.0843133826791707	0.0033028572970018	-0.0002469713100907	6.099482800791668e-08	1.0908866324358037e-05	-0.0007760158404375	0.0004531241529294	6.022005846099194e-07	2.0532149796807689e-07	0.0009002844169604	-0.0004319013712879	8.105120314217274e-07	1.8653879452036846e-07	0.0	0.0	0.0
894.9558924092426	3.2775874812778056	800946.0493580237	10.74257969742899	1359.6579629785874	0.9445523430320008	0.8921791287272426	1848669.776291082	843.2182215378857	2.3178945433245417	711016.9691335149	5.372635113973685	908.1849627927982	834.3809790174538	0.996512	28.719444	0.0503637960946731	0.0339109444019982	0.0341720954	0.1340704343	-0.0812731963	0.0638150735	0.0448274442	0.0812861416	0.0282330613	-0.0976500347	-0.0063808668	-0.0214092726	-0.0055469115	0.1446356832	-0.056609911	0.0570920127	0.0225084987	0.0509923837	0.0367078553	-0.0636087018	-0.085685427	-0.1383337763	0.0429179817	0.0838643181	-0.0007686795	-0.1178280462	-0.0933825745	-0.017999735	-0.0596916037	0.0954180303	-0.126444371	-0.0211465715	0.0066484315	0.069729771	0.1528653637	-0.0388469598	0.2281874329	-0.0629718081	-0.0226721552	0.065255091	0.0716089898	-0.143918975	-0.0279726191	0.1195851254	0.1111952687	-0.1434931671	-0.0460607581	-0.0625926994	0.0529126804	0.1200024218	0.0463014177	0.0793377252	-0.044584213	0.0621537812	0.0738119178	0.0433222845	-0.0411702747	-0.0433190517	0.0009017368	0.195020405	0.0840440952	0.081776995	0.0732584916	0.0192427069	-0.0623656292	-0.0789903165	-0.0682368661	0.1344999696	0.0023653604	-0.1731971303	-0.0231536358	0.0578575588	-0.0313592074	-0.0608009012	0.0842461651	0.1035419733	0.0652151559	-0.0556423267	-0.0342689186	0.0332146744	0.008489721	-0.0269682683	0.0332234301	0.0136884801	-0.0763001764	0.0707119392	-0.0638807915	0.0373318507	-0.0268448454	0.1127491307	-0.0693577982	-0.0227385393	0.0291036371	0.0133488231	0.179055811	-0.0916376623	0.1122365434	0.0840705848	-0.1024597413	0.0437243003	0.1304547816	0.0116070046	0.0651172688	0.0491559115	0.1240797146	-0.0965596652	0.0539216741	0.0051609121	-0.0349188393	0.1146698642	0.1031147537	0.148631299	0.0931604379	-0.0853582621	0.0633049513	-0.1067165244	-0.0079555019	0.007172314	0.0274894434	-0.0186321201	-0.0778235945	-0.0718497622	-0.0120191722	-0.0414976565	-0.1024214758	0.1073422654	0.033413395	0.0667942318164023	7.721282172219734e-05	0.0044614694039432	5.96181983830383e-09	0.0438081066275373	0.0004908380247741	0.0019191502062896	2.409219665642352e-07	-0.2800076139161689	0.0103600541861367	0.0001073307227396	0.0784042638510263	0.0039528062273851	0.0006499489303832	4.224336121063957e-07	1.5624677071254428e-05	-0.0007759988406137	1.6999823799958985e-08	6.021742006338066e-07	2.8899400922965194e-16	0.0007615365259267	-0.0001387478910337	5.799378803205074e-07	1.925097726629949e-08	0.0	0.0	0.0
892.4811981198204	-2.474694289422132	796522.6889973901	6.124111826098511	1358.7512084063362	-0.9067545722512024	0.8222038542984608	1846204.846345679	842.0250969715371	-1.1931245663486152	709006.2639299264	1.423546230824571	910.242586636026	832.9227726802648	1.026128	29.572994	0.0568427421159802	0.025584736218088	0.0123813414	0.0799576537	0.0644111778	0.013095793	-0.0644943076	-0.1132451242	-0.0436943143	0.0110060403	-0.0075801597	0.1025936526	0.1478532949	-0.0294979679	0.0148387256	0.1054751831	0.1068847895	0.0391098762	0.0281218905	-0.0157493757	-0.0073741206	0.0803516778	0.0046153562	-0.0278744688	-0.0776642338	-0.0051765767	0.1734750204	0.0798247194	-0.0233075527	0.0043494855	-0.0274119977	-0.0268224846	0.0783205768	-0.0417045598	0.0760654928	-0.0069729401	0.0471906902	0.1298048992	-0.0374204345	0.0709050173	-0.0262670439	0.1321475134	0.0303088292	-0.0911458249	-0.0537146867	0.1113449394	-0.0382254206	-0.0328525818	0.097389637	0.0506582918	0.0670650833	-0.0515270709	0.1496482974	-0.0432355418	0.0184308805	-0.0062370755	-0.0381463447	-0.0215101844	-0.0411896009	0.1255189038	-0.202459915	-0.0506462646	-0.024268097	0.0020549126	0.0586166298	0.0629171345	0.0829832663	-0.0876484631	-0.1269849418	-0.1021267857	0.0408228294	-0.0740425297	0.0423876546	-0.1327201423	0.0229904568	-0.0752987628	-0.1011753656	0.0322552885	-0.0640232443	0.0833600108	0.0363520853	-0.0296488947	0.060053106	-0.0645284663	0.0556648082	0.0620678561	0.0445999852	-0.0827500782	0.0170287356	0.2155304853	-0.0026565862	-0.0212238865	0.1649835351	0.0766241192	-0.0218423183	-0.0064220539	0.0659053872	0.0028490363	-0.0327245751	0.0198832473	0.0557643333	-0.0156197381	0.1003214776	0.0706990638	-0.0388130775	-0.114431529	0.0900027458	-0.0700667559	-0.0021800645	0.1441955867	-0.1497222614	-0.0790776578	-0.0738071513	-0.1027840217	-0.0018909684	-0.0934987414	0.0449624072	-0.0527613527	0.0251713144	0.0016414915	0.1936088076	-0.0053907712	-0.0141914136	-0.0446835199	-0.098167988	0.1126387502	0.0201956026	0.0692552155997958	0.0024609837833935	0.0047962848877742	6.056441182125799e-06	0.0319870557567867	-0.0118210508707505	0.0010231717359877	0.0001397372436888	-0.2701741265511828	0.0098334873649861	9.66974737573418e-05	0.0729940586576945	0.0041110271059218	0.0001582208785366	2.503384640492508e-08	1.6900543865623768e-05	-0.0011020893117617	-0.0003260904711479	1.2146008510993773e-06	1.0633499537352455e-07	0.000931769578179	0.0001702330522522	8.681945468198715e-07	2.897929207913428e-08	0.0	0.0	0.0
887.6967214491897	-4.784476670630738	788005.4692716403	22.891217011809797	1360.0261902753043	1.2749818689680978	1.6255787661973835	1849671.238234758	840.4674773360047	-1.5576196355324328	706385.5804595475	2.4261789289961886	908.0704907455528	803.2388743962083	1.038634	29.933403	0.0617278094991527	0.0414562188076807	0.0110761479	-0.1112838715	-0.0640942545	-0.0348526923	0.1589403888	0.1062435532	-0.0943651664	-0.062797037	-0.0511008853	-0.1100412584	-0.1409192635	-0.0157333834	0.1000953958	-0.0982620362	0.0302445508	0.0273281797	-0.0320854734	0.0195729698	0.0807782663	0.015904692	0.1770846811	-0.052235122	-0.0560083461	0.0080621859	-0.0133447552	0.0391501717	0.0144318936	0.0491275372	0.1009193394	0.0077304197	0.0578462528	0.0944060944	-0.0223444774	0.0276481562	0.0049021812	0.0402825914	-0.0648927087	-0.0157304934	-0.0341362959	0.0159406516	0.0800913502	0.1177325105	0.0318045242	-0.044058211	-0.1431287859	-0.0522931943	-0.0400689508	0.1042811339	0.0773332122	0.0722414557	0.0721642277	-0.0470631428	-0.0457451195	0.0668435994	-0.0654990341	-0.0464095172	-0.0924646816	0.0414708679	-0.0500786493	-0.041465476	0.03864855	-0.1049884788	-0.081065684	-0.0140185627	0.0158245515	-0.072507802	0.121428421	0.0321590542	-0.1722034457	0.0253892974	-0.034212716	0.0687994235	0.0368545139	-0.0566154154	0.024334776	-0.0735690535	0.0149959396	0.1247005544	0.0233172535	-0.0633547515	0.1045384249	-0.0360755937	-0.0063459882	0.0484778583	0.0409713844	-0.0168168699	0.022933756	0.060730941	0.012390173	-0.0128580604	-0.0751221892	-0.0129504434	-0.0609623967	-0.0816502951	-0.0012333223	-0.1117350592	0.0286929604	0.0392862093	-0.0250719221	-0.0047237217	0.0773424174	0.0204128517	0.0455937777	-0.102629149	0.0030721012	0.1083154049	-0.1342202156	0.0544132636	-0.0243372326	0.0202388909	0.0542994551	0.036519977	-0.0291105702	0.0173894618	0.0297326936	0.0438288509	-0.0791340989	0.1294879471	0.1039914572	0.0099946505	-0.1738871915	-0.0478387595	-0.0936454286	0.1172407796	0.0067565429	0.0588991352869499	-0.0103560803128459	0.0034691081375504	0.0001072483994461	0.0353866824070223	0.0033996266502355	0.0012522172917754	1.1557461360992109e-05	-0.2324122768478815	0.0377618497033012	0.0014259572930147	0.0540154664296163	0.0040440945227363	-6.693258318549947e-05	4.479970691883807e-09	1.6354700508825744e-05	-0.0012391210806936	-0.0001370317689319	1.535421052619275e-06	1.8777705696605653e-08	0.000932010282717	2.407045380000816e-07	8.686431670902223e-07	5.79386746138327e-14	0.0	0.0	0.0
889.0531229283494	1.356401479159672	790415.4553886506	1.8398249726665457	1351.017471335916	-9.008718939388244	81.15701692889247	1825248.2078548928	839.2806726324544	-1.1868047035502514	704392.0474543851	1.408505404369	905.798537492489	796.985079653018	1.000863	28.844841	0.086461142725616	0.045446503137654	0.0614736902	-0.0741802646	0.0911804803	0.1087288258	-0.0689656391	0.0180950727	0.1235678721	0.0368318627	0.0442147425	0.0372573078	0.0728293464	0.0479294585	0.0500834915	-0.0216346933	-0.0583119252	6.13444e-05	-0.1312341326	0.0493020186	-0.0296841939	0.0535339653	-0.0648619173	-0.0042129589	0.0348063326	-0.0249342437	0.0049296329	-0.0866175695	0.0644374084	-0.0768239196	-0.0495547702	-0.088957069	-0.0477336122	-0.0151641108	-0.0064780418	-0.0115620742	-0.0045605392	0.0436370248	-0.0730747158	0.0510607933	0.0161665621	-0.1488482313	0.0354364999	-0.098906582	-0.0195859105	-0.0990597754	-0.1306762449	0.1199677042	0.1762066289	0.1388396848	0.0125275925	-0.0028923435	-0.054696739	-0.0252703018	0.0558606759	0.0017409126	-0.0038468998	0.0072365057	0.002656757	-0.1148373255	-0.0018649098	0.0899757706	-0.0732988446	0.0626471262	0.0865004706	0.0329439285	0.0909216456	-0.0035107349	0.055126333	0.0822439224	0.0065340992	-0.040832735	0.0597773766	0.0250100913	0.0418842853	0.0740516194	-0.0373107707	0.0042978501	0.0691720718	-0.0484419946	-0.090786896	0.0428704398	-0.0348345594	-0.0685515205	-0.0081160508	-0.0028591056	-0.0494832813	-0.0084802868	-0.0603156982	-0.0482454952	0.0175974767	0.1360909539	0.0356492882	0.099255176	-0.0785377006	-0.090783356	-0.015155234	-0.1100135918	0.0745082256	0.0490369642	-0.0332763053	0.0115387712	0.0565719403	-0.0317893148	-0.0402993425	-0.0854422162	0.0264284238	-0.0431133814	-0.060754013	0.018164142	-0.1449691113	-0.0123357328	0.0330831579	-0.0419289694	-0.0268174038	0.050976085	0.0453599715	0.0716149047	-0.0656448329	0.0393196273	-0.09593535	-0.0407203183	0.0192499767	-0.0509612127	-0.0888661936	0.1211199807	-0.0067565429	0.0666335609741537	0.0077344256872037	0.0044400314480962	5.982134071087793e-05	0.061238324997106	0.0258516425900836	0.0037501324484511	0.0006683074246054	-0.23331515214646	-0.0009028752985785	8.151838047832525e-07	0.0544359602211257	0.0037058351285832	-0.0003382593941531	1.1441941773282254e-07	1.373321400024126e-05	-0.0006321009381262	0.0006070201425673	3.995515959800221e-07	3.6847345348254657e-07	0.0010261747289915	9.416444627449989e-05	1.0530345744207782e-06	8.866942942183173e-09	0.0	0.0	0.0
892.9639702706728	3.91084734232345	797384.652201563	15.294726934958392	1356.1292018665986	5.111730530682507	26.12978901831167	1839086.4121553376	842.1603909298077	2.8797182973532927	709234.1240510466	8.292777472111347	908.9014968338938	819.7796261154602	0.938139	27.03714	0.0948339217035516	0.0473967428159767	0.0384968583	0.031108559	0.0139996547	-0.1024550864	0.0535886288	0.0342828938	-0.0539548886	0.0038386117	-0.0337496836	-0.0356383242	-0.0039077136	-0.015133934	-0.1275466276	-0.059742287	-0.1157885936	0.0400547502	0.0030580017	-0.0150785809	0.0965596648	0.0323835788	-0.0531216529	0.1174750422	-0.0427675833	0.090608435	0.0281925406	-0.0122109313	0.0451806422	-0.0434265365	0.1232569712	0.0046065707	0.1209385047	-0.1106135746	0.1019582472	-0.0988180496	-0.055801969	-0.0626915794	0.0732719441	-0.0048881869	-0.0646462707	0.0108742816	-0.0651452085	0.1820839522	-0.0666530705	0.0767391455	-0.0918261199	-0.169490433	0.0485378489	-0.0521305705	-0.0011927383	-0.0234076014	-0.1463127275	-0.0389723653	0.0858923104	-0.0271348831	0.0669717534	0.1503037398	-0.0026679512	0.0396780392	0.0213195387	-0.0360711471	0.0122776039	-0.0831381579	0.0131731533	0.0330391748	-0.0316791424	0.0975646157	-0.0817389089	0.1258373688	0.0271856742	-0.1034437015	0.0017456405	0.0605177924	-0.1085824997	0.0234185107	-0.039121657	-0.1811291441	0.0725165276	0.1192992555	0.0034920626	0.0060971564	0.0420416206	-0.0255282656	-0.0973339295	0.0367903397	0.0785436177	-0.1662035035	-0.0558503078	0.0289898998	-0.0258801522	0.0763494846	-0.1941102287	-0.1166376465	-0.0091739741	0.1707255185	-0.0292100984	-0.0444068676	0.0433365506	0.034095143	0.0169919192	-0.0278844856	0.1070695305	0.0124315455	-0.0066689874	-0.0190798486	-0.0190205551	0.1231267918	0.0409328884	0.0673616673	-0.0043775416	0.0333305402	0.0897784455	0.0069460217	-0.0401293927	-0.0069580646	0.0077624997	0.0234328245	-0.0668220893	0.0685176335	-0.0272462777	-0.0686597109	-0.0833233302	-0.0540487397	-0.0838433825	0.1242524367	-0.0201956026	0.0668139958308984	0.0001804348567447	0.0044641100388913	3.255673752848404e-08	0.0661375862365361	0.00489926123943	0.0043741803131952	2.400276069218212e-05	-0.2768781460754468	-0.0435629939289868	0.0018977344400569	0.0766615077741764	0.0033418453987571	-0.0003639897298261	1.324885234188773e-07	1.1167930669194e-05	-0.0009027714519227	-0.0002706705137965	8.149962944066199e-07	7.32625270388613e-08	0.0007370103390463	-0.0002891643899451	5.431842398611421e-07	8.361604441237963e-08	0.0	0.0	0.0
892.627072791412	-0.3368974792607559	796783.0910801648	0.1134999115322515	1356.918952627743	0.7897507611444325	0.6237062647282106	1841229.0440003711	842.905409091632	0.745018161824305	710489.5286759315	0.5550520614480664	907.65564816732	828.6166421373314	0.947967	27.320379	0.127402285063112	0.0575443974479348	0.0457095894	0.0646145981	-0.0973663242	0.1390926864	0.005328059	-0.0304418299	0.1205993908	-0.0613224251	-0.0129275385	-0.0151793019	-0.0721111092	0.0784058013	-0.0158502164	-0.0282882403	0.0471183353	-0.0558808527	-0.0382981901	-0.1321979585	-0.1215969674	-0.0580732275	-0.0097113725	-0.0248289	0.0226261352	0.0708897477	0.0931225663	0.118173621	-0.0058410415	-0.021923835	0.0081005365	0.0528041669	0.1528262718	-0.1078850142	-0.1522576904	-0.0656672635	-0.0651245804	0.0140142305	0.1139820444	-0.032532414	-0.1059483553	0.0413223255	-0.0689538442	-0.0016129061	0.099090885	0.0711559286	0.0852906454	0.1504947396	-0.0034381551	0.0750704285	0.0919757225	0.0453690417	0.0026151536	-0.0387854387	-0.0169623163	0.0570880331	0.0654333378	-0.144809949	0.2052666322	0.0485532275	0.0081501501	0.1398993526	0.0192282118	0.0100299344	-0.0688789071	-0.1061185734	0.0563331813	-0.0570104485	-0.0430281431	0.0072104337	0.0829702709	0.0774996769	-0.0505049641	0.0010325535	-0.0365729327	-0.0539020125	-0.0661901258	-0.1049277492	0.0199335129	-0.1007403797	-0.0147468862	-0.1135034542	0.0442847901	-0.0037125206	0.0405302615	0.0440924408	0.1492581788	0.041516726	0.0005759617	0.0374063789	0.1719014488	-0.0007902708	0.0345783763	-0.0638124068	-0.0787599304	-0.0898391178	0.0765665781	-0.1084726747	0.1360512404	0.0371535121	0.0273746531	0.0001510944	0.0865968466	0.0369953517	-0.0131561231	-0.0190024855	0.0514032781	-0.154071569	-0.1332877942	-0.0050553458	0.028707254	0.0623006629	-0.0414434938	0.0062064535	-0.0343197161	-0.0096551977	-0.0027445549	0.0283366523	-0.0781771645	0.0777740774	0.0468483392	-0.0106501633	-0.0619790993	-0.0570992244	-0.0785907625	0.1266188352	-0.033413395	0.0489453574504779	-0.0178686383804205	0.002395648015955	0.0003192882375702	0.0405129040838403	-0.0256246821526957	0.0016412953973064	0.0006566243354266	-0.2337823214283361	0.0430958246471107	0.0018572501020145	0.0546541738124218	0.0039342614199393	0.0005924160211822	3.509567421533491e-07	1.5478412920422796e-05	-0.0006900749516667	0.000212696500256	4.762034389177984e-07	4.5239801221150614e-08	0.0007258600628268	-1.1150276219499993e-05	5.26872830806926e-07	1.2432865977114702e-10	0.0	0.0	0.0
892.1694304663795	-0.4576423250325661	795966.292658704	0.2094364976612128	1364.1281113792868	7.209158751543782	51.971969904960304	1860845.50425522	841.1285448430962	-1.776864248535844	707497.2289498644	3.15724655772485	909.1715639120694	812.3175492473852	1.020774	29.418665	0.1493750301060512	0.0777062633577692	0.1099115917	-0.0099647637	0.0885898361	-0.1101341287	-0.0781858741	-0.0347711678	-0.0441843401	-0.0491555873	-0.0960689848	0.088591209	0.0992081367	-0.1060361293	-0.0122891835	-0.0341261106	0.0889278553	-0.0399556466	-0.1030928838	0.0070374239	0.0994522867	0.0705346108	-0.0681223128	-0.0260241592	0.0200733948	0.0906137234	0.1150352539	-0.0748081225	0.0406437719	0.1119340035	0.105511676	-0.0272954021	-0.1921619004	-0.0136941863	-0.0549496726	0.0345033596	-0.1002138698	0.0350612316	-0.0093175123	0.0547637477	0.0288082649	0.1628055242	0.038631353	-0.0476943542	0.082785348	0.0613380601	0.00736435	0.153578664	-0.0042203734	0.0694452429	0.1200844101	0.0307171373	0.0246793603	0.0198319988	0.0281009479	-0.0584292634	0.2021532624	-0.1159472723	-0.0350349093	0.2968027623	0.006935322	0.0122714728	0.0198887788	-0.093224557	0.080766577	0.1238560404	0.0453135719	-0.0969219494	-0.0298224767	-0.0049459425	-0.001226367	-0.043239891	-0.0102567782	-0.0104963983	-0.0322839307	-0.0731635758	0.029627268	0.1407694202	0.0980540769	0.0802981365	0.0277618589	0.1282765048	0.0381324898	0.0426014918	0.1646512077	-0.0606766075	0.0493100947	0.0958269082	-0.0497921099	-0.1047055417	0.1047912714	0.035798001	0.0713958709	-0.11892085	-0.1790477303	-0.1016071175	0.0228929827	-0.0058120002	0.043329148	0.1036855873	0.0027795088	0.0230138082	0.0544677159	0.0047416987	-0.0624460477	0.0276698223	-0.0126535619	0.0008573772	0.0124696948	-0.0136866706	-0.1052658837	-0.1263479468	-0.0209243295	0.0518419689	-0.0920352986	-0.0295147556	-0.0203589622	0.012379366	0.023388609	0.0561078443	0.0500416467	0.0372836938	-0.1136516534	-0.0601105761	-0.0731227308	0.1282045865	-0.0462651033	0.0585986738335577	0.0096533163830797	0.0034338045750516	9.318651719183684e-05	0.0613220102898566	0.0208091062060163	0.0037603889459892	0.0004330189010932	-0.196176865397561	0.0376054560307751	0.0014141703232825	0.0384853625172127	0.0028331025490555	-0.0011011588708838	1.2125508589260851e-06	8.026470053464772e-06	-0.0004273445750537	0.000262730376613	1.8262338582782746e-07	6.902725079520883e-08	0.0004636062806	-0.0002622537822268	2.1493078341176594e-07	6.877704629226188e-08	0.0	0.0	0.0
891.2559999516802	-0.9134305146992574	794337.2574498694	0.8343553051837503	1361.700297950296	-2.427813428990703	5.894278045987595	1854227.7014379248	841.6801307963519	0.551585953255767	708425.442577364	0.3042470638290732	906.8252528794944	810.7281588474167	0.969563	27.942766	0.0979100078074648	0.0445986293321437	0.1111831264	-0.0190096957	-0.0986588576	-0.020572457	0.1114088607	0.0892000938	1.14266e-05	-0.1094388549	-0.1152751873	-0.1026670148	-0.0942727	0.0054632395	0.0581856899	0.0166817256	-0.0070083632	-0.0221267975	-0.0851153817	-0.0361716588	0.0642173718	-0.0219504487	0.0470563125	-0.1171380697	0.0723780904	0.1044319526	-0.0747856444	-0.2281109303	-0.0733426895	-0.0155433763	0.0088973363	0.1276569661	0.0764819584	0.0724367507	-0.0634377005	0.1028183357	0.0885589299	-0.1172243516	-0.0658123548	0.1325661995	0.1258714389	-0.0462175483	-0.1572201555	-0.0096263575	0.0188340925	-0.0279800654	0.1142288971	-0.0150378784	0.0909416116	-0.0879246401	-0.0359107494	-0.0840308782	-0.1426812138	0.1570524561	-0.0737311934	0.0284030176	0.0580654759	0.0101689039	-0.0693552011	-0.0516874987	-0.0126743236	0.0890534839	0.0486194877	-0.0956155816	-0.0789790998	0.0148603873	0.0274945081	0.0514821415	0.0878262512	-0.0437121965	-0.1543169473	0.193195973	0.0450717751	-0.0033308902	-0.0388209403	-0.0458493955	0.1319356331	0.0089885905	0.0309565329	-0.0936597251	-0.1720271418	0.0494430531	0.0780313314	0.1531726223	-0.0383286701	0.0570326792	-0.0349734933	-0.0565820028	0.0686010708	-0.084060317	-0.0877448833	0.0753688824	0.067644094	0.0601573033	-0.0755761451	0.0789548454	0.0217402996	0.1895276515	0.0408420517	0.1159546472	0.0140749382	0.0184250099	0.0122154874	0.0621987115	0.0939682879	0.07778637	-0.1197782989	0.0140308141	-0.0804621335	0.0003121066	0.0984245754	-0.025515419	0.0734344842	0.079318387	-0.1533015092	-0.0057600942	0.0457526109	0.0753781049	0.1612315833	0.0732336515	-0.0380742862	-0.0161988918	-0.0435338003	-0.063080731	-0.0674542747	0.1289999139	-0.0586099215	0.0391855705199333	-0.0194131033136244	0.0015355089369726	0.0003768685802654	0.0731996522876983	0.0118776419978417	0.0053581890950399	0.0001410783794288	-0.1842459746063696	0.0119308907911913	0.0001423461550713	0.0339465791586509	0.0025899985445404	-0.0002431040045151	5.909955701127785e-08	6.7080924607213895e-06	-0.0001311176116685	0.0002962269633852	1.7191828089651563e-08	8.775041383641661e-08	-9.083018559584714e-05	-0.0005544364661958	8.250122615376037e-09	3.073997950477387e-07	0.0	0.0	0.0
892.8903111569883	1.6343112053081086	797253.1077580234	2.6709731157956424	1353.8731176039753	-7.827180346320802	61.26475217383062	1832972.418570708	841.0710901460544	-0.6090406502975156	707400.5786794724	0.3709305137148207	906.4116297585424	814.7969966995382	1.003144	28.910591	0.1619235272859224	0.0801613529786225	0.0930064198	0.0239978585	0.0807413963	0.1616042194	-0.0488180196	-0.0630835865	0.1657051936	0.0122133416	0.009231334	0.0699370836	0.034758711	0.0434444244	0.0796595169	-0.0214884747	-0.1150718071	0.0882782696	-0.1658072623	0.0081791127	-0.0604455656	-0.025779216	-0.1103173781	0.036928783	0.0204832005	0.0439430459	0.0794297908	-0.0314300122	-0.0787353267	-0.0023610974	-0.0268660951	0.1170143495	0.0268954056	-0.0631533194	0.166234419	-0.0220069406	0.0264769695	-0.0628271886	0.0463435781	-0.0244025372	-0.0061322795	0.0885227058	0.0458593306	-0.0569987556	0.0263165275	-0.1519180813	-0.0987471781	-0.0875090986	0.0155877343	-0.0273221923	-0.0374703875	0.1241043406	0.1477180944	0.0051149007	-0.1251832668	0.056101711	-0.1362864441	-0.0592900476	-0.2275781136	-0.0317675723	-0.0358444048	0.1355985662	-0.1187470642	0.0447086644	0.0856756227	0.0309463316	0.0782635003	0.0526567482	-0.0466505921	0.0824574937	0.0154969289	-0.0277489321	0.1561498121	-0.1651357624	-0.0570339666	-0.0369621532	-0.1130189386	-0.0707838879	0.0329267544	-0.0131606833	-0.0787021392	-0.0098011967	-0.0884847908	0.0084099456	-0.1537349655	-0.035875085	-0.0758861392	0.0153296429	0.0777850221	-0.0556737368	-0.0611518656	-0.0016287139	0.0405550958	-0.0864555535	0.1230015137	-0.1297100096	0.0600119399	-0.0385537996	-0.070653018	0.0624673402	-0.0093604838	0.0042530211	0.0761517614	-0.014091773	-0.102642707	0.0275825009	-0.0129058348	-0.1283356173	-0.0345877727	0.0197243296	-0.0827571209	-0.0571203175	0.052595095	-0.0730303601	0.025060701	0.0105634121	0.0428213758	0.0670277924	0.0405925591	0.070118481	-0.0308992687	-0.0809478804	0.1213674989	-0.0660076536	-0.0616009311	0.1289999139	-0.0703125971	0.0490066823880255	0.0098211118680922	0.0024016549186808	9.645423832558151e-05	0.0614608431313428	-0.0117388091563555	0.0037774352384155	0.0001377996404093	-0.236516098356347	-0.0522701237499773	0.0027321658368379	0.0559398647817092	0.0033656393381156	0.0007756407935752	6.016186406579661e-07	1.1327528154271211e-05	-0.0005171441209614	-0.0003860265092929	2.674380418449391e-07	1.490164658768614e-07	0.000509372161766	0.0006002023473618	2.594599991821681e-07	3.6024285777867145e-07	0.0	0.0	0.0
896.3386328673515	3.4483217103631887	803422.9447705128	11.890922618162106	1364.4698768166934	10.596759212718098	112.29130581232587	1861778.0447401623	845.0673961018193	3.9963059557649103	714138.9039543092	15.970461292082094	911.467738694152	833.4503368128126	1.033897	29.79689	0.1207299985307351	0.0528359788567776	0.0601423774	0.1138932075	0.0409382221	-0.1823353861	0.0450755925	0.0049653001	-0.114022811	-0.0444175974	-0.0819060137	0.0086723047	0.0244678479	-0.0053759651	-0.2224541366	-0.095827552	-0.0600794275	0.0749535202	0.0812889524	-0.1513507663	0.1162877985	0.0222328227	-0.0029589112	0.18780861	0.0127170856	0.0185747287	-0.0414103414	-0.0484562933	0.0024655173	0.0032704453	0.1272786137	-0.0650928952	-0.0369997486	-0.00362506	-0.0989198045	0.1348487013	0.0351059644	0.0437773956	-0.0645878181	0.0165621738	0.2425113363	0.0377185679	0.1002220745	-0.0219099378	-0.0477764117	-0.0584595658	0.1267058612	-0.0435092144	0.017530119	0.079404583	0.0975495165	0.0220223332	0.1806178078	-0.1105676747	0.0312186806	0.0340514824	-0.0399014638	-0.0190565942	-0.1143552181	-0.0415702235	0.0881409727	-0.0526815722	0.1140887662	-0.1541013254	-0.0003011073	0.0159366273	-0.0840833368	0.0396388531	-0.1237299463	0.0963301501	0.1116331679	-0.0769816978	-0.0008590645	0.0410594634	-0.0844760548	-0.0445379517	0.0178218509	-0.026507346	0.0030097232	-0.0245551412	-0.0196142948	0.0542049773	-0.0707862382	-0.0845359962	0.1238970427	-0.0673062261	-0.0770438359	-0.0962079318	-0.0577052156	-0.110888097	-0.1478861868	-0.0295926669	-0.0538298948	0.1732645912	-0.005389866	0.0055238124	-0.0078150083	0.0099166067	-0.0849269051	0.03166592	0.04730465	-0.0554306995	0.0694208153	0.0434045394	-0.0813882303	0.1512155197	0.0590226625	0.1918309339	0.0661187606	0.0589247699	0.0616418409	-0.0409026639	0.0103335539	0.0236549968	0.0528988442	0.0968819159	0.0331488161	-0.0485730372	0.0063820588	0.034944979	-0.0190907489	-0.040677154	-0.0623087009	-0.0688893378	-0.0555787436	0.1282045865	-0.0812449131	0.0314629060285227	-0.0175437763595028	0.0009899144557596	0.0003077840889522	0.0800386359647831	0.0185777928334403	0.006406183247103	0.0003451343865622	-0.2726105797702587	-0.0360944814139117	0.0013028115885392	0.0743165282026765	0.0030420137217658	-0.0003236256163497	1.0473353955778787e-07	9.253847483411416e-06	-0.0003088931064156	0.0002082510145457	9.541495119107919e-08	4.3368485059354994e-08	7.096983418399265e-05	-0.000438402327582	5.036717364103412e-09	1.921966008293217e-07	0.0	0.0	0.0
895.8501669694673	-0.4884658978842253	802547.5216592224	0.2385989333958424	1364.552002401913	0.0821255852195008	0.0067446117476454	1862002.16725907	846.5392125478269	1.4718164460075511	716628.6383810948	2.1662436507382994	913.7680407710354	848.7924839982362	1.063205	30.641539	0.0745595462344485	0.0397714474869406	-0.0321433453	0.1462119641	-0.15017388	0.0884587382	0.0322712354	0.0364167358	-0.0353158034	-0.0623600868	0.0168961659	-0.0084275803	-0.1555676342	0.1039898975	-0.016852127	0.1147797871	0.2714497054	-0.0358865806	0.123856357	-0.1958737663	-0.1126775057	-0.1195799577	-0.009825137	-0.0160761245	-0.0553442568	-0.147427387	0.1350451149	-0.0523405195	0.0076321261	0.1113942868	0.0551171436	0.0882083488	-0.1064645271	-0.0665151911	-0.015944127	-0.0267243619	0.0413504031	-0.0756474216	0.173917078	0.0508749379	0.0490285275	0.1180058643	-0.0702255548	0.1450805734	-0.0854756761	-0.0305008297	0.0194513344	0.0656976671	-0.0828903405	-0.0759550265	-0.13586385	-0.0772773786	-0.0745961963	0.1548959799	-0.088632865	-0.1387182305	0.0511173493	-0.0027833019	-0.0588587593	-0.0431904212	0.1634888061	-0.0253738193	0.091138729	0.0293433991	-0.1345359467	-0.1392563451	-0.0516976459	-0.1261495394	0.0047994894	-0.2314527511	0.1231498293	-0.0174105014	0.0555204206	-0.0097822856	-0.0350909352	-0.0851982415	-0.0275939097	0.0030939229	0.060232164	0.1193173697	0.0167453953	-0.0157228334	-0.237567972	0.1143616015	-0.1112363379	0.0069110322	-0.0220000467	0.080299602	-0.113144672	-0.1592458336	-0.0754301412	-0.0218527458	0.056325678	-0.1327666343	0.1548969133	0.0157021609	-0.0977295088	0.0756516624	-0.0971380598	-8.67413e-05	0.0810835641	0.0943812885	-0.0333629288	0.1402290376	-0.013478004	0.1922581754	0.0918898096	-0.0999114686	-0.0484827688	0.1972833963	0.1744589215	0.0482120551	0.1368109686	-0.0303007698	0.1227871044	0.0292645564	-0.0474483222	-0.1023702919	0.0764132788	-0.0450851336	0.0575672319	-0.0412865057	-0.0163036319	-0.0717238087	-0.0494042187	0.1266188352	-0.0912870929	0.039285406905563	0.0078225008770403	0.0015433431957356	6.119151997129633e-05	0.061301286498633	-0.01873734946615	0.0037578477263874	0.0003510882650166	-0.2446752069367761	0.0279353728334826	0.0007803850553456	0.0598659568895542	0.0028630226301088	-0.000178991091657	3.2037810892564586e-08	8.19689858051511e-06	-0.000530898382369	-0.0002220052759534	2.8185309240202094e-07	4.9286342551145286e-08	7.125992772910421e-05	2.9009354511155654e-07	5.077977299957155e-09	8.41542649153907e-14	0.0	0.0	0.0
890.8430937082977	-5.00707326116958	793601.4176077709	25.070782642719376	1363.267728962618	-1.2842734392947932	1.6493582668780769	1858498.9008308945	842.446304247664	-4.09290830016289	709715.7755405477	16.751898353542273	911.6177954187986	824.4277090910439	1.071729	30.887199	0.0976050233498602	0.0450090301304511	-0.0420867072	-0.0256610692	0.0787277041	-0.022098229	0.0253990092	-0.0888937805	-0.1482905201	0.0125021452	0.0027053625	0.0787561479	0.0682135985	-0.0165318039	0.0922568775	0.016756984	0.0873506867	0.0581981348	0.0246087541	0.0589367975	0.1007892792	0.1009865226	0.047430855	-0.1176993965	-0.0130863163	-0.1494052478	0.2239397308	0.0408637775	0.006721783	0.0251763403	-0.0689708397	0.0453199243	-0.0817901087	0.0032598786	0.1101534537	-0.0875043287	0.0895862707	0.0513544897	0.1780741787	-0.1388220244	0.0809478265	0.0545351902	-0.0667279212	0.0025376251	0.0400453689	-0.1045956057	0.1271675048	0.0263028895	-0.0344627608	0.1327835029	0.030759458	0.010504328	-0.0478971617	0.0161090992	-0.0022211698	0.0981061568	-0.043325578	-0.0682116697	0.0073035675	-0.0321332111	-0.0125137577	-0.1379381135	0.0031427183	-0.0177762236	0.0935534846	0.068021169	0.1296452312	-0.0909477264	0.0167508437	-0.1534221679	-0.042092928	-0.0970487048	0.0216740551	-0.1251390998	0.0384982255	-0.0354496093	-0.1344060386	0.0274548209	0.0221596469	0.016099151	0.0960422052	0.0121023261	-0.0560124407	0.1998924732	-0.1046755866	0.0494771171	-0.0925772344	-0.004532482	-0.09782771	0.0838048924	0.0508296662	-0.0535336511	-0.0169069801	-0.0827348611	0.048210667	-0.0930038634	-0.0151064315	0.1129767185	0.0823554308	-0.0211252253	-0.0460703216	0.0246883898	-0.0597985245	0.1344399501	-0.0621779616	0.1004041807	0.0400165462	-0.0434413319	-0.0320696715	0.2197019395	-0.0652921374	-0.1742104901	0.0019251978	0.0427237287	0.093646545	0.0922421466	0.0919632044	-0.0832525643	0.0380119432	-0.0652446701	0.1365507742	0.0795578333	0.0377689822	-0.0745091236	-0.0430942802	0.1242524367	-0.1003291122	0.0390544763698272	-0.0002309305357358	0.0015252521245213	5.33289123352237e-08	0.0326694255341237	-0.0286318609645093	0.0010672913647296	0.0008197834622909	-0.2244802237636207	0.0201949831731554	0.000407837345364	0.0503913708609652	0.0033091348534286	0.0004461122233197	1.990161157953351e-07	1.0950373478175922e-05	-0.0004791003555586	5.179802681039997e-05	2.2953715069637693e-07	2.683035581450913e-09	0.0005442946511281	0.0004730347233989	2.962566672466601e-07	2.2376184954116442e-07	0.0	0.0	0.0
888.0015270362261	-2.8415666720716217	788546.7120186694	8.07450115182819	1357.772394920798	-5.495334041820115	30.198696231187004	1843545.8764089595	840.1415643634497	-2.304739884214314	705837.8481710644	5.311825933888209	906.4601998197634	801.5612721665998	1.009414	29.091297	0.0794359974980968	0.0492435231411261	-0.0567421545	-0.1689061873	-0.1408554859	-0.0417142468	-0.0231627416	-0.0292976241	-0.0488101533	-0.0482890628	0.1095754537	-0.1242209355	-0.0263449597	-0.0798014096	0.1182102095	-7.55739e-05	0.0246696265	0.0896029188	-0.0029400948	0.139259686	-0.1159661325	0.0845905954	0.0540551537	0.1334085035	-0.0463241379	-0.0323011356	0.0458183977	-0.0966560801	-0.092107378	0.0290209164	0.1038221097	0.1133939982	0.0672426285	0.1042360675	-0.025782161	-0.0496523834	0.0070722498	-0.1156197573	-0.1777894377	-0.0974806241	0.0225101035	-0.1630758602	-0.0251025881	-0.0618023804	-0.1668661906	-0.0668477713	-0.0818721219	-0.0386786392	0.1601766623	0.0155684645	-0.0158296928	0.0309972058	-0.0838705349	0.0074719229	-0.0531687491	-0.2026374744	0.0547236792	0.0164695253	-0.0080848054	2.54697e-05	0.0279886916	-0.0008964574	0.0368077107	0.1156591712	-0.0781896469	0.1233051343	-0.0754338684	0.0520447346	0.1058172952	-0.0007915681	-0.1227456808	-0.0434820473	0.0003677307	-0.1186372096	0.0207328425	-0.0932622451	-0.1121009056	-0.0142175276	0.1084585417	0.056254538	-0.1312360906	0.0668945957	-0.0093279322	-0.0611201787	-0.1350533514	-0.0177085922	-0.0620092175	-0.0282419986	0.1593746642	-0.0621358928	-0.1328793495	0.0760275062	-0.0217062356	0.1254996144	0.0580179291	0.1120352751	-0.0184794444	0.0883169809	0.0288392242	-0.0234952466	-0.0910552077	0.0401306103	0.011370342	-0.0524724942	-0.0540864808	0.0330530442	0.0076724143	0.0317067027	-0.1371967799	0.1154660811	0.05299752	-0.0899849011	0.1230376091	0.0296452364	0.0169034389	0.0110325965	-0.0822380239	-0.0743562382	-0.0631858081	-0.0385478024	-0.0402966225	0.0779342386	0.0348174567	-0.0772433738	-0.0366662233	0.1211199807	-0.1082719048	0.0391342936059402	7.981723611300007e-05	0.0015314929360359	6.370791180718402e-09	0.0618808415533607	0.029211416019237	0.0038292385513521	0.0008533068258489	-0.2369692662468026	-0.0124890424831818	0.0001559761821467	0.056154433145548	0.0039921225301331	0.0006829876767044	4.664721665302101e-07	1.59370422955963e-05	-0.000417932288691	6.11680668676e-05	1.7466739793049737e-07	3.741532404319186e-09	0.0005353359595089	-8.958691619199944e-06	2.8658458954331466e-07	8.025815552792332e-11	0.0	0.0	0.0
889.2968906505977	1.2953636143715812	790848.9597208211	1.6779668934378065	1354.0740087621352	-3.698386158662743	13.678060178588158	1833516.421205159	841.012122601738	0.8705582382883676	707301.3903630809	0.7578716462517463	908.2213181905688	802.5576003814413	0.980565	28.259867	0.0452412795125991	0.0278555183476068	-0.0495556062	-0.160060045	0.0908204653	-0.0242333854	-0.0845882129	0.0391158295	0.068069964	0.0969799364	-0.0103469754	0.0853910485	-0.0548676466	-0.1421236963	0.0907879508	0.0005119947	0.0422343875	0.0657902753	-0.0125159956	0.2264619446	0.0483255421	0.0138748369	-0.0638262466	-0.0096362027	-0.1201592401	-0.1017813787	0.0336394081	0.0272578964	0.0136625829	0.2258645061	0.0199916948	0.1163352517	-0.0199673942	0.0266640728	-0.0848621935	-0.0945237431	-0.0219537436	0.1586258832	-0.1710320906	0.0411395001	0.0721750154	0.1411868393	-0.0337602597	-0.1574688665	-0.0231785878	0.0737746027	0.1288434185	-0.0561495839	0.0384165308	-0.0791655748	0.0157871043	-0.0123684403	-0.1408760844	-0.028019312	0.0493785793	-0.0420333885	0.0519945684	0.1253992844	-0.0137849291	-0.0416340021	-0.0928703857	-0.0042586439	-0.1144888673	0.0363214709	0.1454916975	0.0261754704	-0.115809762	-0.0032861132	0.0396839253	-0.1571957828	-0.1186235666	-0.0035337571	-0.0803985758	-0.1141656772	-0.0722531865	-0.0526025896	0.0026444954	-0.0430440309	-0.0369813047	0.1411361827	0.0583801863	0.1436732142	-0.0095149582	-0.0265241579	0.1747618673	-0.0347223689	0.0194186203	-0.0723162096	0.1756843223	0.0165870663	-0.106512968	0.0703169039	0.1667982723	0.0170671544	-0.1112238403	0.1147026797	0.0657247967	-0.0269827445	0.0439752307	-0.0226344593	-0.0879920631	0.1217526335	-0.0070776707	0.013466267	0.0451949794	0.0150853626	-0.0887962872	-0.0207206092	0.0063048539	0.0130221627	-0.0805565977	-0.1917066228	0.1595543635	0.0021099103	0.0115002169	-0.0957920312	-0.0019341233	-0.02875533	-0.0721947241	-0.0572361601	0.0183747864	0.0719499182	0.0839621603	-0.0799246852	-0.0301376669	0.1172407796	-0.1150284477	0.0390553732809877	-7.892032495249862e-05	0.0015253221821172	6.2284176906079775e-09	0.0616739506345709	-0.0002068909187898	0.0038036761868754	4.2803852277688624e-08	-0.2134802943251657	0.0234889719216369	0.0005517318019354	0.0455738360651593	0.0038010650589125	-0.0001910574712205	3.650295730921023e-08	1.4448095582085488e-05	-0.0002240681365659	0.0001938641521251	5.0206529824114816e-08	3.7583309479183925e-08	0.0004909276559102	-4.440830359870001e-05	2.4100996333748374e-07	1.972097428514312e-09	0.0	0.0	0.0
889.5354099220464	0.2385192714486947	791273.2455051831	0.0568914428524161	1365.4249239304486	11.35091516831335	128.8432751582461	1864385.2228904716	843.7405640311063	2.728441429368217	711898.1393915294	7.444392633492882	910.3213840777842	807.570153245302	1.017991	29.338465	0.0736771374806043	0.0377586051979878	-0.0473336638	-0.1458806243	-0.1395317596	-0.0523505873	0.0899975088	0.0616050311	-0.0869521402	-0.1085387721	0.0093859356	-0.1089639437	-0.0426020934	-0.0501080505	0.042217514	0.1223179447	-0.0172431094	0.0640885303	0.0356909405	-0.0954082003	0.0331354603	0.099966339	0.1408132679	-0.0628204287	-0.0284460768	-0.0067615157	0.0327119566	0.0726373342	-0.1149360163	4.65501e-05	0.0136643898	-0.146374194	-0.1528536542	0.0241253001	-0.0667856767	0.0917796424	-0.0982796723	0.049118251	-0.1028557123	0.046396659	-0.002222892	0.0161691693	0.0021109607	0.029656672	-0.0401781271	-0.0199712797	0.1140148665	-0.0151045375	-0.0527650755	0.0257246748	0.169064203	-0.1497958376	0.0757521746	0.1707677656	-0.0280437682	0.117229406	-0.0606735074	0.2100680255	0.1354871858	-0.1377430728	0.0996549482	-0.0238669245	0.1262470459	-0.0385829256	-0.1317305624	0.0488633829	0.0007342853	-0.0576221561	0.0491808554	-0.035541506	-0.0864650981	-0.0817769759	0.1251025227	-0.0961487798	0.0446177209	0.0437844562	0.0026928338	0.0951397665	-0.0957766639	0.0169279662	0.169365049	0.0255024494	0.0993187225	-0.0356895459	0.1795602735	-0.0381068706	0.1302929609	-0.0131902027	0.0281238753	-0.0254407694	-0.0283825636	-0.0508405549	-0.1261138477	0.1620759433	-0.1201002422	0.0802769735	0.0133447959	-0.0696707495	-0.0812369195	-0.0164797768	-0.1060740477	0.0385099863	0.0290737413	-0.0786187188	0.037752102	0.0686024092	-0.0435112943	0.0606042157	-0.1684370461	-0.0344695962	0.081263142	-0.0518285806	0.0314394843	0.1014962886	0.0075185839	0.0327445679	0.018632137	0.0039864869	-0.1006024134	-0.1258418094	-0.0899487886	-0.0265089177	0.0019788035	-0.0825512202	-0.0235265052	0.1126387502	-0.1205247148	0.0261008486303353	-0.0129545246506524	0.0006812542992236	0.0001678197089243	0.0499723383301216	-0.0117016123044493	0.0024972345981801	0.0001369277305236	-0.2194306346178933	-0.0059503402927276	3.54065495992578e-05	0.0481498034088113	0.0042560242843408	0.0004549592254282	2.0698789680231847e-07	1.811374270889862e-05	-0.0001636931698183	6.03749667476e-05	2.679545384516281e-08	3.645136609773805e-09	0.0001448486434306	-0.0003460790124796	2.09811295036851e-08	1.1977068287885516e-07	0.0	0.0	0.0
890.0560723714746	0.5206624494281868	792199.8119653355	0.2710893862445592	1356.2918300404267	-9.133093890021884	83.41340400395504	1839527.5282344096	841.5472584391963	-2.193305591909961	708201.7881865274	4.810589419503507	909.7615201051466	805.0313723626538	1.026302	29.577997	0.0816521441690653	0.0380873283374535	-0.0372396352	-0.1070378093	0.0771185213	0.1127246878	-0.1411094495	-0.0152436111	0.1044048065	0.1145160141	0.0272858457	0.0138829482	0.0740164392	-0.03042975	0.0458251079	0.0402648657	0.1157977503	-0.0398221151	-0.0349856354	0.0286070962	-0.0571458816	0.0194332289	-0.0461994482	-0.1212284471	-0.1220389244	0.0056763407	0.003663741	-0.0563959374	0.1651660184	-0.0068186574	-0.1257388007	-0.1403492977	-0.0781610412	-0.043676627	0.1461224385	-0.0390722447	0.0265661731	0.0202214257	-0.07494502	0.0863782632	-0.0201899999	0.1269367476	-0.0123639504	0.0428738448	-0.0193541195	0.1108468495	-0.0331503389	0.0875391659	0.0082445232	-0.0870571168	-0.1176366276	0.0662343624	-0.0198515389	-0.0158180684	0.0485112827	-0.0395392664	-0.056166196	0.0373537651	-0.1093165498	0.0507256281	0.1056157106	0.0008324899	-0.1180076393	0.0916373633	0.0430477536	0.0119886569	0.0470446695	-0.1459839691	-0.0388158684	-0.097596948	0.0321206584	-0.0967782799	0.1057724697	0.057799573	0.050119521	0.1136935708	0.0899128426	0.0042759842	-0.0319031635	0.053852613	0.0090342366	0.1146345851	0.0761424227	0.1016011776	0.0054706242	-0.0857609667	0.1123356982	-0.0645433679	-0.1336676344	-0.1142248708	-0.0081370457	0.1046038174	0.0435327047	-0.0431703113	0.0709595197	0.0293063315	-0.0390036777	-0.0701932647	-0.1075704654	-0.0347499272	-0.1004405205	0.0590006041	0.0232862557	-0.0444996829	3.10983e-05	0.0269801619	-0.0403565566	-0.119344117	-0.0045722852	-0.0672809894	-0.1053405256	-0.0793193067	0.019809008	0.0246214952	0.014385441	0.0324344619	-0.0432372015	-0.0352437049	0.0346540965	-0.1017633483	-0.0141542943	-0.0465249863	0.1053729019	-0.0851211787	-0.016850859	0.1073422654	-0.124700488	0.0310687726347964	0.0049679240044611	0.0009652686330326	2.4680268914100813e-05	0.0773314353626659	0.0273590970325443	0.0059801508952501	0.0007485201904361	-0.2422562833287429	-0.0228256487108496	0.0005210102390711	0.0586881068122561	0.0039100170488573	-0.0003460072354834	1.1972100700693396e-07	1.528823332235475e-05	-0.000273862149184	-0.0001101689793656	7.500047675567948e-08	1.2137204014480028e-08	7.103536985559309e-05	-7.38132735750069e-05	5.046023770520904e-09	5.448399355858813e-09	0.0	0.0	0.0
893.4137835065183	3.357711135043701	798188.1885594319	11.274224066396457	1364.6426403270048	8.350810286578053	69.73603244241782	1862249.5357986588	842.6685994220729	1.1213409828766316	710090.368451958	1.2574055998787304	908.5884567939784	810.2570282980661	1.007147	29.025953	0.0400753059885762	0.0210620914970443	0.0284846533	-0.0469222573	0.0488411838	-0.1375236208	0.0531981942	0.0615579044	-0.0236516752	-0.0487899761	-0.0404938838	0.0791994589	-0.0101505995	-0.0368290237	-0.0380838142	-0.0383444649	-0.1223133604	0.1268690592	0.0172124821	-0.0382435943	0.0619451041	-0.0287885536	-0.0060872691	0.122504332	0.0526221569	-0.0602706207	-0.0331022233	0.0058028466	0.0836052774	0.0166562455	0.0608344832	-0.138877355	-0.0091031337	-0.0790607013	0.014315196	0.0255828359	-0.0213466882	0.0048866822	0.0097138752	-0.1808669281	0.0820048491	0.018694125	-0.0279104554	0.0844511333	-0.0980750372	0.1491192727	-0.0311223851	0.1864196671	-0.0539806954	0.0130149589	0.0334469359	-0.005880032	-0.1101926726	-0.0004395254	-0.185197905	-0.0369286713	-0.1242736834	-0.06840769	-0.0007710234	-0.0658824668	-0.1111784871	0.0089492712	0.0580632794	-0.0873812458	0.0374712193	0.0257288811	-0.0721049165	0.1168758856	-0.0124140974	0.0258097496	0.0148236749	-0.0720143402	-0.0310874501	-0.022540816	-0.0908926059	0.0199642567	0.0517581925	0.0052171155	-0.0305355097	-0.0178884098	0.0253192744	-0.0257702456	-0.0239208275	-0.0021292703	-0.0434405181	-0.1221099553	-0.0263910933	-0.0643258171	-0.171587656	0.0333523042	0.1169510121	0.0488426528	0.0047578275	0.0711028048	-0.0412754627	-0.1171098483	-0.1501353102	0.0894576165	0.092229428	0.0029612342	-0.0724979601	-0.0001671352	0.0774615139	0.0004705198	0.0426693635	0.0764414181	-0.078603019	0.1739783785	-0.0128866016	-0.0709419453	0.029931823	-0.0710820855	-0.0687532987	0.0975198894	0.0655338373	-0.1043654426	0.0591067896	-0.02064007	-0.0403274051	0.0399922017	-0.1326056857	0.0658090297	0.0079827408	-0.0876327994	-0.0101290257	0.1013839798	-0.1275100165	0.0252642833731471	-0.0058044892616493	0.0006382840143586	3.3692095588602065e-05	0.061140503638029	-0.0161909317246368	0.0037381611851118	0.0002621462701118	-0.2370326190797698	0.0052236642489731	2.7286668185999792e-05	0.0561844625078152	0.0037320212991163	-0.000177995749741	3.16824869258607e-08	1.3927982977057718e-05	-0.0003528677363213	-7.900558713729998e-05	1.245156393365185e-07	6.2418827989095e-09	7.115844804363235e-05	1.23078188039253e-07	5.0635247279783235e-09	1.5148240371025718e-14	0.0	0.0	0.0
896.0984782101766	2.6846947036583515	802992.4826505943	7.207585651851204	1354.9827541800107	-9.65988614699404	93.31340037288736	1835978.2641252475	843.2456303540127	0.5770309319398166	711063.1931111363	0.3329646964153332	906.7958289704458	833.7709271012066	1.088453	31.369183	0.1395141217571562	0.0702865669365443	0.003580404	0.1166471408	-0.0344873934	0.1857370668	-0.0652707304	-0.0065971858	0.2368179866	-0.0218370362	0.0678994461	-0.0392570967	0.0150828642	0.0739524302	-0.095381719	-0.0720109774	-0.0676927747	0.0822170313	-0.0811651901	0.0073761951	-0.2017139021	-0.0624497216	-0.0661566385	0.0596281085	-0.0739319931	0.0245464007	-0.0495025485	0.0082614711	-0.1630290861	-0.0853310854	-0.1539985638	0.016235946	0.1309631923	-0.0627903367	-0.0295188777	0.0328436842	0.0496126024	0.0097364695	0.0570342423	0.1368174273	-0.0165221032	0.0561193119	-0.1977801946	-0.0183761666	0.0462551093	0.0346520694	0.0189657718	-0.0053949087	-0.079285734	-0.1467512007	0.0452870845	-0.0439012484	0.2629546973	-0.0267806716	-0.0577753501	-0.273268149	0.0610109729	-0.1047804027	0.0471221963	-0.049070476	0.1020535876	0.2054467405	-0.0679196063	0.0810656675	-0.0776718334	-0.091294683	0.0119144068	0.043847978	-0.1336355801	0.0758396557	-0.0142142923	-0.0206056547	-0.008862221	-0.0858460054	-0.0759558957	-0.0183618	-0.0483995781	-0.018540733	-0.0263205633	-0.2777248937	-0.0462062747	0.0009156277	0.1070230661	-0.0159015374	0.0395122289	-0.0004504919	0.0649056281	-0.1128827427	0.1266384026	0.0126422177	0.1216597616	-0.0108114228	0.0836451906	-0.0334203749	0.0716390716	-0.0165768895	-0.1942973443	-0.0441570442	-0.2317297877	-0.0092538099	0.0081708974	0.0189042751	0.0823627075	-0.0158287771	-0.0019948555	0.1008797152	0.0170223846	-0.1881150843	-0.0403574725	-0.2374436659	0.0265183995	0.0749585403	-0.1333764803	-0.0097053446	0.0301348769	-0.0248100008	-0.0551293295	-0.0119206651	-0.0455395098	0.1196526182	-0.0636676221	-0.108317254	0.0834376472	-0.090084361	-0.0033794295	0.0948006283	-0.1289225186	-0.0083304684690119	-0.033594751842159	6.939670491320146e-05	0.0011286073513362	0.094925980742019	0.0337854771039899	0.0090109418198341	0.0011414584631442	-0.2340081740964592	0.0030244449833106	9.147267457072744e-06	0.0547598255439587	0.0041874040177066	0.0004553827185902	2.073734203906919e-07	1.7534352407505374e-05	-0.000279138509682	7.372922663929996e-05	7.791830758748802e-08	5.4359988608292595e-09	-0.0007819185632807	-0.0008530770113243	6.113966396029541e-07	7.27740387250055e-07	0.0	0.0	0.0
897.5830435745418	1.484565364365153	805655.3201125377	2.20393432107264	1363.738488186107	8.75573400609619	76.66287798550924	1859782.6641601285	844.4636103649623	1.2179800109495318	713118.7892306268	1.4834753070726217	910.958033616072	836.5556535524743	1.053502	30.361898	0.0423631315474367	0.0239317502006047	0.0010860685	0.1117198272	0.1149770451	-0.1279933686	-0.0802647158	-0.0493678423	-0.0453452095	-0.0404434686	0.0007984881	0.1514113073	0.0521251683	-0.1099491976	-0.1363838002	-0.006698051	-0.0073043541	0.0213308053	0.0449744293	-0.0255744178	0.087958259	-0.0149165269	-0.1287497788	0.0748416603	-0.0245206319	-0.0865953992	0.1284395103	-0.0107953605	-0.0571325327	-0.1661264675	-0.1083149449	-0.0697100575	0.0232772448	0.0335582955	-0.1002265772	0.1614737442	-0.1240713841	-0.1672783454	0.039425748	-0.0739025564	0.0335086457	-0.08122225	0.0310138031	-0.0298432587	0.1071959667	0.1307739994	-0.0362395118	0.03008106	0.0251990093	0.1140782042	-0.0005159152	-0.0199522753	-0.0547901983	-0.0481003958	0.0153749667	-0.0064526989	0.0972678857	-0.0242278444	0.0404051247	0.0806842358	-0.1063746351	-0.0169410432	0.0839016577	-0.0358985159	0.1683052293	0.0132241568	-0.1113647294	0.0481288298	-0.1062184957	-0.0274202194	0.0127703683	-0.0665966236	-0.0141054171	0.072586371	0.045203042	-0.093784572	-0.1095786127	0.1305411226	-0.0266335197	-0.2148823212	-0.0556028221	-0.0821176775	0.102042865	0.0400040751	0.0389570411	0.0497981121	-0.0316396319	0.1111691818	-0.0428856476	0.0121255358	0.0826094442	-0.0641890547	-0.0232217461	-0.0005363274	0.1446279809	0.0025541166	-0.107737413	-0.0599008616	0.1181590189	-0.0110602075	-0.0056573413	0.0101294234	0.1041769971	-0.009055866	-0.0455092459	0.1190807342	0.0571787391	0.0447517826	0.1858547749	-0.1961084503	-0.0194176541	-0.0303658381	-0.1103803789	-0.0022965522	-0.0447007883	-0.1677646613	-0.0627909165	-0.0741327072	0.1196310314	-0.1065952607	-0.0338715768	-0.0473560955	-0.0014478752	-0.0924741833	0.0033794295	0.0876327994	-0.1289225186	0.0058510507320193	0.0141815192010311	3.423479466866359e-05	0.0002011154868492	0.1093222592828766	0.0143962785408576	0.0119513563747124	0.0002072528358259	-0.2329611919297463	0.0010469821667128	1.096171657414829e-06	0.054270916945328	0.0041459352485039	-4.146876920270003e-05	1.7196588191868026e-09	1.7188779084787093e-05	-0.000241756823585	3.7381686097e-05	5.8446361749908826e-08	1.397390455454643e-09	-0.0006060019858037	0.000175916577477	3.672384067980278e-07	3.0946642231221364e-08	0.0	0.0	0.0
897.6968997718866	0.1138561973448304	805859.7238600566	0.0129632336738249	1367.6878145105698	3.949326324462845	15.597178417095206	1870569.9579606988	845.940285087926	1.4766747229637076	715614.9659346415	2.1805682374399424	910.6644608391344	837.2679640012367	1.009797	29.102325	0.0709539247140488	0.0419553482929807	0.0366723805	0.0858240979	-0.0561713502	-0.0208368658	0.1356543126	-0.0064843073	-0.0004748341	-0.0607861346	-0.0758882139	-0.1288429733	-0.0431938412	0.034794763	-0.1224038249	0.0201939064	0.0962625889	0.1110973548	0.0319036587	-0.1274320972	-0.008968016	-0.2034772672	0.0652634948	-0.0754598747	-0.0161107054	0.0898480095	0.1427884201	0.0435889084	0.0126618543	-0.1073221971	-0.05339973	0.1656332553	-0.0617439732	0.0007038095	0.0217742844	0.1235775593	-0.1001572806	-0.0612045719	-0.0598181087	0.0774675945	-0.0107203577	-0.072013128	-0.1530570025	0.0210196801	0.0487310863	0.144279222	-0.0574235478	-0.1134450531	0.181148439	0.0033328534	-0.1916299507	0.1566271181	-0.0615908208	-0.1503034535	-0.0717273366	0.1649985525	0.1579783934	0.074735356	-0.0409326132	0.0126666178	-0.0701299057	0.0702563024	0.0430764903	-0.0985193881	-0.1442015329	-0.0828365163	-0.0350127524	0.0347780959	-0.0996522481	-0.102029592	-0.0538330627	0.1052335703	0.1152203876	0.0751549743	0.0390831726	-0.1321536138	0.0602724778	-0.0672493499	-0.0795613575	-0.1456483027	0.0337750338	0.1143669251	0.1810875014	-0.0101970137	-0.1174645292	0.1130299744	0.0085276165	-0.0884270426	0.0569477908	-0.1086558658	0.1214614183	-0.0127613697	0.0750463609	-0.0168018153	0.0370480085	0.0140994564	0.2836920158	-0.0216061839	0.1983666632	0.0149061059	-0.0100478287	-0.0563412074	0.0644195251	0.0886492921	0.1150779595	0.1353029	-0.0035975038	0.0699877661	-0.0984810379	-0.178067861	0.1047630259	-2.10097e-05	-0.1370947165	0.0866768228	-0.0192178484	-0.0870314518	-0.054013263	-0.0257351068	0.0106734248	0.0370236824	-0.0025656587	-0.0776717687	0.0343438539	-0.0948006283	0.0101290257	0.0799246852	-0.1275100165	-0.0028126837808457	-0.008663734512865	7.911190051032462e-06	7.506029570940814e-05	0.0874978327713194	-0.0218244265115572	0.0076558707396777	0.0004763055925583	-0.1985774351807947	0.0343837567489515	0.001182242728171	0.0394329977629827	0.0041874285528034	4.149330429950061e-05	1.721694301690956e-09	1.753455788483318e-05	-0.0002489232166693	-7.166393084299965e-06	6.196276779699126e-08	5.135718983870237e-11	-0.0006789824272334	-7.298044142970003e-05	4.610171364917593e-07	5.326144831273876e-09	0.0	0.0	0.0
897.8319267907876	0.1350270189010416	806102.1687648583	0.0182322958333022	1365.3307539995978	-2.3570605109719054	5.5557342523831394	1864128.0678171103	845.7250486587874	-0.2152364291385993	715250.8579289083	0.0463267204283352	911.6267969679332	843.6884388433439	1.017812	29.333307	0.0526484304546221	0.0279208592273928	0.0176547802	0.0982821997	0.0044777739	0.1043629453	-0.0445133303	-0.0487037777	0.0516086123	-0.1091302223	0.0514357897	0.0867290902	0.0013003767	-0.0236828964	-0.0341670063	-0.0472952476	0.1347662823	0.0434466669	-0.0137866547	-0.1577232355	-0.1529547991	-0.0004856212	-0.1347683492	-0.0246587223	-0.0051053928	-0.0834748981	-0.0694494742	0.0982686188	0.2089318473	0.002535911	-0.0239045968	0.0197078266	0.0382023528	0.1592679183	0.0503176637	0.1371072037	-0.0497738764	-0.0230313992	-0.0762281841	-0.1201871986	-0.0131899451	0.0735907181	0.1035738221	-0.0060712638	0.1298561068	0.1000065163	0.0392864564	-0.1460300677	-0.0387874795	-0.0777892482	0.0146016837	-0.0599544385	0.1108780161	-0.0997140412	-0.0423196091	0.0567658943	-0.0086874179	0.0378815805	0.242541444	-0.1238629212	-0.0280825697	0.0855468192	0.0962682779	0.029932314	0.0081886522	-0.068173519	0.0305205843	-0.1342348812	-0.069970215	0.0879241775	0.0770518376	-0.1190578762	0.0186148196	0.1188026877	0.0648488197	-0.0407240386	-0.0204746036	-0.0432333362	-0.155787357	0.0454665867	0.0365907054	0.0458711324	-0.0032561438	-0.0581522994	-0.0173060647	-0.1802103249	-0.2107725786	0.1204030468	0.0772306563	0.0194455	0.0318143324	-0.0539352155	0.0182953992	0.1173270814	-0.0549361345	-0.0113079766	-0.0032264407	-0.1494321385	-0.0430853877	0.021564805	-0.0240119208	-0.0001828324	0.0903629484	-0.0673703973	-0.0789429629	0.1186851817	0.1858387447	-0.05681525	0.0024801163	-0.3233534956	0.012058958	0.0185187375	-0.1821431029	0.0594104959	0.0859136371	-0.0916741269	0.1301036497	0.0035323967	0.044904406	-0.0198047405	0.009822067	-0.0143150156	-0.0122355137	-0.0970621018	0.016850859	0.0717238087	-0.124700488	-0.0033287027712276	-0.0005160189903818	1.1080262139178303e-05	2.662755984347552e-07	0.1019919986654116	0.0144941658940922	0.0104023677917653	0.0002100808449654	-0.2185373053515178	-0.019959870170723	0.0003983964172321	0.0477585538303025	0.0043109180176086	0.0001234894648051	1.524964791787463e-08	1.858401415454246e-05	-0.0002188953855444	3.0027831124899984e-05	4.7915189812631525e-08	9.016706420655123e-10	-0.0008790326392918	-0.0002000502120584	7.726983809403078e-07	4.002008734461082e-08	0.0	0.0	0.0
896.6279566279454	-1.2039701628422108	803941.6926068048	1.4495441530142996	1359.5443737254425	-5.786380274155363	33.48219667713429	1848360.9041285056	844.5366764781846	-1.1883721806027552	713242.1979168179	1.4122284396305471	912.7921723859982	844.0727156238021	1.219714	35.152111	0.0885130830220526	0.0478328597819973	-0.0718465878	0.1259028682	0.0120485663	-0.1091273769	-0.0097282677	-0.0485219551	-0.1173528274	0.1968155565	-0.0568264528	-0.1240850103	0.1294981252	0.0713964605	-0.1116412592	0.0256693215	-0.056103429	0.0140478149	0.1280109589	0.1466237749	-0.0289367295	-0.1233096219	0.1443704837	0.0548037615	-0.026702029	0.1562512972	0.0814451873	-0.0961563262	0.1714045408	0.1240464526	-0.1389467996	0.087016502	-0.064948093	-0.0511187753	-0.0030572635	0.0914599225	-0.0682621952	0.0684918433	0.0631383012	-0.0985707511	-0.032635928	-0.1724161121	0.1410395554	0.0762527284	-0.0188469954	-0.0749847541	0.1256824444	-0.1462635113	0.0337339297	-0.0721986761	-0.1031949931	-0.0515301087	0.0550791867	0.0621087373	0.1143093738	-0.0105028849	-0.0428962611	0.0184194164	0.0410249574	0.03189886	-0.0499952024	-0.1500670359	-0.1560984846	-6.28346e-05	-0.0963643681	0.0347963208	0.0062546599	0.1210501332	-0.1639828989	-0.0998581854	0.0291249611	0.1013060424	-0.0016427706	0.2287645609	0.028751743	0.0371146275	-0.1191078743	-0.0342083583	0.0299433699	-0.0224302544	-0.0676318089	0.2227037036	-0.0778599707	-0.0005659472	-0.1042863646	-0.0472681439	-0.0262151239	0.0397596924	-0.0626511793	-0.0449386034	-0.0724034142	-0.1301229394	-0.1141960189	0.0345082291	0.0281691234	0.0501917548	0.0211431036	-0.1390064514	-0.0206545494	-0.0720355497	0.1033862978	-0.0196514462	0.0303690227	0.1195434246	0.1396492017	0.0688000689	-0.1172346517	-0.072100787	0.1456517015	-0.0744505468	0.0762478549	-0.0722222366	-0.0740325012	-0.0805579762	-0.1492470484	0.013719343	-0.279863898	-0.0293626965	-0.0704414513	-0.0386931742	0.0123993807	-0.1222186341	0.1498217514	-0.0992570537	0.0235265052	0.063080731	-0.1205247148	0.0014317469887004	0.004760449759928	2.0498994396526637e-06	2.266188191679855e-05	0.1124130663988296	0.0104210677334179	0.0126366974971876	0.0001085986527044	-0.2627873927699795	-0.0442500874184616	0.0019580702365415	0.0690572137988434	0.0038584166184904	-0.0004525013991182	2.047575162039285e-07	1.4887378801842891e-05	-0.000251009980726	-3.2114595181599993e-05	6.300601042406688e-08	1.0313472236780455e-09	-0.0007820190713867	9.701356790509995e-05	6.115538280125167e-07	9.411632357677443e-09	0.0	0.0	0.0
894.6819933865797	-1.945963241365689	800455.8692901839	3.786772936746459	1347.99304190243	-11.55133182301256	133.43326688534268	1817085.2410173663	845.5948951178207	1.0582186396360385	715030.7266493181	1.119826689273148	913.8365681386248	849.9638016923566	1.394518	40.189972	0.7659310396230197	0.4400725222698363	-0.2678745943	0.2025798873	0.1219121704	0.0352156959	0.2750648488	-0.1545193037	-0.2107664715	0.3669787766	0.0146700773	-0.0318004759	0.0707782582	0.3471368258	-0.0120239057	-0.0164012346	-0.0725083471	-0.2433776581	0.3654438675	0.2423553371	0.0146850569	-0.0656630474	0.1156685723	-0.2223804533	0.138829383	0.133830905	-0.071087775	0.156989834	-0.078470216	-0.0568142331	0.023744786	-0.0927992821	0.2861132212	-0.0984722608	0.0367525244	-0.0110278512	-0.0257751258	-0.0443179724	0.0346081459	-0.0396812501	0.0132074268	0.0430257251	-0.0807668765	-0.0035607513	0.0833146509	-0.1345527979	-0.056602265	0.0295980318	-0.0310116341	-0.0579433801	-0.0277381891	-0.0647333878	-0.0311888588	-0.1151473206	-0.0145583339	-0.2476160118	-0.0992735904	-0.0387456967	0.0487177203	-0.0428147295	-0.0040636171	-0.3677838846	-0.1992097863	0.0646113648	-0.1009831704	-0.3044170748	0.085925888	0.1218012706	-0.0804968422	0.1642164266	0.0421202995	0.1411182016	-0.1452892375	-0.1118909464	0.104796014	0.1225475854	-0.0111995105	0.0993263423	-0.1298674284	-0.0371305931	-0.2904161058	0.050483973	-0.0844026117	0.0614507053	0.0266124583	0.0507013064	0.0384163763	-0.0465813394	0.2010486759	0.0894112321	0.12539613	-0.0633016672	-0.1190806314	-0.1317484476	-0.1784644776	0.1058064149	-0.1008955356	0.0002186141	0.0680451565	-0.366017199	0.2070586908	-0.4739364889	-0.1021128071	0.2181419813	0.1669060795	-0.1279706143	-0.0952655968	-0.0179382046	-0.027207124	-0.082419696	0.0067428364	0.0080689792	-0.0323072396	-0.1642932055	-0.14493753	0.3169286611	-0.088892792	0.1633772027	-0.0085566969	-0.0746094628	0.0181745447	0.1303453829	0.1598937933	-0.1013839798	0.0301376669	0.0540487397	-0.1150284477	0.0624854539616421	0.0610537069729417	0.0039044319567924	0.0037275551351378	0.0404091437507503	-0.0720039226480793	0.0016328988986688	0.0051845648767105	-0.5378055509106332	-0.2750181581406537	0.0756349873070776	0.2892348105902896	0.0092213268381565	0.0053629102196661	2.876080602419909e-05	8.503286865610533e-05	-0.0007571830888213	-0.0005061731080953	5.733262299969646e-07	2.5621121535885626e-07	0.0005060026380788	0.0012880217094655	2.56038669742705e-07	1.6589999240544291e-06	0.0	1.0	0.0
896.9771039911361	2.2951106045563847	804567.9250843254	5.267532687147174	1362.7802244298598	14.787182527429875	218.66076709952745	1857169.940097099	847.7981248770462	2.2032297592255645	718761.6605450357	4.854221371937139	915.1774720096904	856.7776249609261	1.663231	47.934258	0.4973431282038913	0.3162294650981778	-0.224243221	0.1014754173	-0.1617204742	-0.0305612343	-0.1258328537	-0.0945532228	-0.0767966726	-0.1044832627	0.3832430729	0.0880213707	-0.1362659013	-0.1773908481	0.1267058435	-0.0549149525	0.1942147059	-0.0936506334	0.2257785866	-0.0777168551	-0.0316886266	0.248518017	-0.1972572628	0.0596813426	0.1100506892	-0.0166629286	-0.0370441287	0.0876030573	-0.043944197	0.0015675716	0.1019987647	-0.0407503037	-0.0491068769	0.1661914316	-0.1509046359	0.0646885897	0.11958546	-0.0633960616	-0.0314683599	0.1995092392	-0.1409655503	0.0338278992	-0.0082867718	0.0045610527	-0.1945240318	-0.076971149	-0.0243604698	-0.0281351959	-0.1091362237	0.0516454462	-0.034368145	-0.0052570879	-0.0180336974	-0.0185187599	0.1513577333	0.130822158	-0.0296953952	-0.1357935573	-0.0863644101	0.0440477727	-0.2174096501	-0.1365611894	0.2903391876	0.2622309226	0.0486664423	0.0006893708	-0.0787918098	-0.1586913802	0.1330752013	0.1225254663	0.0824225572	0.0518735884	-0.0663184193	-0.0263978217	-0.0630085705	-0.2926446736	0.2379027793	0.0898426359	-0.1364389652	0.0560310623	0.0105628873	-0.1865995933	-0.1397060404	-0.1431457169	0.0776096659	0.1689579705	-0.0522088996	-0.0809353101	-0.0212246968	-0.0939375922	0.054928667	-0.0788666625	0.0030102614	-0.0513534626	0.0052228071	-0.0307836744	-0.02298157	0.0022004434	-0.0648959496	-0.2227862613	0.0327980259	0.0419811517	-0.1364941549	-0.0391522601	-0.260571068	0.0128241566	0.2459823307	0.0443364797	0.0496936554	0.0566280489	0.0979527746	0.0750601612	-0.0303074036	-0.0151675683	-0.0621627299	0.0171823006	0.0617382647	0.0260187711	0.1582965227	-0.0164545899	0.0011398183	0.3034245675	-0.1933018324	-0.1034414224	0.0366662233	0.0446835199	-0.1082719048	0.0483487952744496	-0.0141366586871925	0.0023376060044906	0.0001998451188381	0.1111000143642257	0.0706908706134754	0.0123432131917311	0.0049971991880911	-0.3520427722349097	0.1857627786757235	0.0345078099413258	0.1239341134828405	0.0051020976446421	-0.0041192291935143	1.6968049148701287e-05	2.6031400375462464e-05	-0.0005908501655249	0.0001663329232964	3.491039181008017e-07	2.7666641372326084e-08	0.0002565083503396	-0.0002494942877391	6.579653379394299e-08	6.22473996144907e-08	0.0	0.0	1.0
889.6069238625973	-7.370180128538777	791400.478984273	54.31955512710787	1355.8860027986414	-6.894221631218443	47.53029190036029	1838426.8525852773	843.2382936742251	-4.559831202821101	711050.8199186188	20.79206059822093	912.3178108330376	823.0704960689367	1.26713	36.518658	0.098960442476398	0.0525014205361619	-0.2406238347	-0.0797750842	0.0279698084	0.0046027944	0.0153975271	0.0952108177	-0.0870941855	0.2304182651	0.0464908312	0.0030303113	-0.2112688679	6.0656e-05	0.0858367769	0.0418668255	0.0376074548	-0.0759329078	0.0982522886	0.2321666059	0.0134134491	-0.0790826379	0.0843591188	-0.1098340906	0.1319000298	-0.0562489663	-0.1492883738	-0.0606902013	0.0673823715	-0.0724195276	0.0369394986	-0.0280614974	-0.1129944184	-0.0115225699	-0.2935688119	-0.0903298963	-0.0112551186	0.0761492598	0.0388754577	-0.0402007362	0.1099847552	0.0345077171	0.1132563406	-0.0155068915	-0.0556378222	-0.0264990446	-0.0352887575	-0.0178076762	0.1270230195	-0.0685135242	-0.1015261345	-0.0450111494	0.0776973065	-0.0390687383	-0.0874400846	0.1925686357	-0.0066073554	-0.0017943465	0.0105166751	0.1830477096	0.0197348419	-0.1841828084	-0.1341184707	0.0522826592	-0.0173860513	-0.0570503748	-0.0507963555	0.0157417395	0.2498968514	-0.1011384218	-0.0277735277	0.1067624707	-0.1655937603	0.1015864244	-0.0438939774	-0.0517912613	0.0750960825	0.0483648731	0.1693348554	-0.1409938443	0.1224421408	-0.0399088024	0.0318416215	-0.1165538278	-0.042855328	-0.2261866163	0.0343030197	-0.0517410018	-0.0977159165	-0.0122167905	-0.1126427355	-0.0127573824	0.014191931	-0.0701433148	-0.126237467	-0.0968738004	0.0850371291	-0.0035347792	-0.0902913209	-0.2177717207	-0.0052704294	0.0942557277	-0.1549421775	0.028169534	0.0496249788	-0.1148115657	-0.0831434419	-0.0306704962	0.0884968071	0.0479096077	0.0304330275	0.0165035807	0.0998835432	-0.0239728364	-0.1889521818	0.095470874	0.0110615234	-0.0999183785	0.0124109382	0.0703982139	0.1309753639	0.0544636663	-0.059175527	-0.1054279714	0.0430942802	0.0350428114	-0.1003291122	0.0441357963690478	-0.0042129989054018	0.00194796852113	1.7749359776916804e-05	0.0882523179724046	-0.0228476963918211	0.0077884716275024	0.0005220172304128	-0.3113858976954446	0.040656874539465	0.0016529814473178	0.0969611772835979	0.0047990554118409	-0.0003030422328012	9.183459486113677e-08	2.303093284591943e-05	-0.0002708916075884	0.0003199585579364	7.338226306182769e-08	1.0237347879680461e-07	0.0002546516882831	-1.8566620565000128e-06	6.484748234543312e-08	3.447193992046857e-12	0.0	0.0	0.0
889.4154687851066	-0.1914550774907866	791059.8761142308	0.0366550466970031	1357.6364340389475	1.7504312403061704	3.064009527039798	1843176.6870299892	843.1780937019964	-0.0601999722287018	710949.2976989327	0.0036240366563364	910.9206987516368	801.5757059115116	1.061563	30.594225	0.1188256894298472	0.0473804810285343	-0.1859478265	-0.189388447	0.0491917963	0.0157532286	0.0237401557	-0.0899777168	-0.0268039035	0.0071268141	0.1866328587	0.0798367833	0.0976857711	0.1367202889	0.1108858884	0.0381839943	-0.2423303681	-0.0858367894	-0.0166636199	0.186384759	-0.1081151823	0.0641048042	-0.0312706487	0.0759298797	0.1795554414	-0.0756846436	-0.206486347	-0.0493201685	0.0063254197	-0.2670078928	0.041398657	0.1207784414	-0.1077835609	0.1275837085	0.0875904179	-0.0647136566	-0.0937841367	0.0421955418	0.0632954294	0.0419127142	-0.1821490367	0.0879062926	0.1127750358	-0.1409045414	0.1968536238	0.0557600307	0.0457385805	-0.0452547235	0.0001614704	0.0016595534	0.0467254381	0.1780996842	-0.0784926664	0.0333495674	0.0488518581	0.0147050678	0.0501149008	-0.0589759538	-0.0722478185	-0.1178653153	-0.0130252913	-0.0419484451	0.0225935675	0.1787352107	0.0974605017	0.0183878173	0.0733930281	0.2135040047	0.2320481497	0.1756242185	0.0117951308	-0.0862407753	0.0023108074	0.1119480303	0.0686623307	0.0589089374	-0.0890646469	0.0085601619	0.1047279356	-0.1016453443	0.155069546	-0.0544340523	-0.0005936642	0.0275151007	0.0991629334	-0.0992727604	-0.1828998494	0.0727352924	0.0581929055	0.0226909709	0.1153015358	0.0134335996	0.1643593649	-0.1028454432	0.1191723711	-0.0100224441	0.2380359709	0.0067343637	0.0182604331	-0.1752035915	-0.1817947414	0.0342960566	-0.0855209417	-0.1206489645	-0.09108315	-0.1751988652	-0.0517079695	0.0575513433	0.001192949	-0.0129728328	-0.0310972421	0.0177453841	0.0114657455	-0.0085047848	-0.06454058	-0.0817531627	0.1106621854	0.0993356779	-0.0595236615	0.087053663	-0.1181596068	0.1079484952	0.041756625	-0.1073422654	0.0494042187	0.0251860523	-0.0912870929	0.0594950668853613	0.0153592705163135	0.0035396629836936	0.0002359071907932	0.0642957866254789	-0.0239565313469257	0.0041339481777891	0.0005739153941762	-0.290086211562766	0.0212996861326786	0.0004536766293506	0.0841500101388378	0.0053100162663424	0.0005109608545015	2.610809948329034e-07	2.819627274882089e-05	3.609540494808883e-05	0.0003069870125364	1.3028782583665152e-09	9.424102586607835e-08	0.0006009078499237	0.0003462561616406	3.61090244099924e-07	1.1989332947408133e-07	0.0	0.0	0.0
890.5988216967089	1.1833529116023556	793166.2612075664	1.4003241133977724	1357.919137573242	0.2827035342945692	0.0799212883026406	1843944.3841876576	845.9034537578808	2.72536005588438	715552.6530795112	7.427587434210111	913.375021319654	809.1136530368127	0.976607	28.145794	0.0926578632589129	0.0436296498677036	-0.1522521133	-0.1838277926	-0.0305870599	-0.0634288342	-0.0693948497	0.0100618637	-0.0200048553	0.133848884	0.111830231	-0.1615171577	0.0207490995	-0.066448167	-0.0427152556	0.0285978272	-0.1858892573	0.0039015358	0.1169453576	0.0456491293	0.0121576228	-0.0168861781	-0.0206060127	0.0928376847	0.0354323648	0.0932722476	0.041885217	0.0129671251	-0.0917056895	-0.0941934718	-0.0248943391	-0.0772647631	-0.1058127716	0.1837241138	0.0324400877	0.0187537753	-0.0286827259	-0.0585880524	0.034659607	0.0131540074	-0.2240879892	-0.1267793577	0.1342577822	-0.0016261464	0.0803079955	0.0484088165	0.0084390487	0.0902303115	-0.0855321879	-0.07165581	0.0412365169	0.0275281206	0.1116268829	0.139758134	-0.0475688418	0.0259760333	-0.1473854418	0.0523721795	-0.0213419909	-0.0660550164	-0.04187049	-0.1049056949	-0.0622209213	0.0945621645	-0.054179714	0.0664835808	-0.0707949704	0.112648451	0.0043135083	0.1516936421	0.0622333968	0.0760801137	0.1172457044	0.1310611464	0.0352653962	-0.0588649366	0.047288863	0.076353298	-0.1005669738	0.0102415411	0.1021296421	-0.0606439153	0.0055692387	0.0306812719	0.0479479938	0.084727476	0.0843549375	0.333170835	-0.0592865147	0.1121297683	-0.0028419272	0.0597211856	-0.0607656424	0.1564108902	0.1095831441	0.0094190976	0.0880674175	-0.0026496626	-0.1169555736	-0.1485268785	-0.1142666667	0.0365045055	-0.1140765221	-0.1763605617	0.0284188325	-0.1440321718	-0.0585063455	0.0614286689	0.0055504597	0.0241198385	0.0126109582	0.0119776509	0.0843425203	0.0078919568	-0.084571075	0.0257939814	-0.132365848	0.0633037431	-0.0374918809	0.0951338127	-0.0213406333	0.015304217	-0.0373157933	-0.1091829923	0.0555787436	0.0151740128	-0.0812449131	0.0436051836198032	-0.015889883265558	0.0019014120385167	0.000252488390193	0.0758019290649087	0.0115061424394297	0.0057459324499614	0.0001323913138364	-0.3016317339412353	-0.0115455223784693	0.0001332990869917	0.0909817029203961	0.0046540219626226	-0.0006559943037198	4.303285265128256e-07	2.165992042857352e-05	-3.491108506592511e-05	-7.100649001401393e-05	1.218783860480259e-09	5.0419216241102605e-09	0.0002535823401484	-0.0003473255097753	6.430400323513882e-08	1.2063500974067205e-07	0.0	0.0	0.0
891.7668766403849	1.1680549436759975	795248.1622729475	1.3643523514459377	1359.0951298433192	1.1759922700771313	1.3829578192811645	1847139.5719638288	844.4492678579002	-1.4541858999806436	713094.5659857437	2.1146566317025144	912.2648660955116	806.9515032081961	1.078999	31.096725	0.2668026675493624	0.136952404881841	-0.0477962823	-0.1668552111	-0.0010158593	0.1474901343	-0.0314067865	0.1108469022	0.0832195936	0.0509119196	0.0384265207	0.0437110457	-0.0878070462	-0.0473454881	0.1603784052	0.0038830069	0.0295726094	-0.0209171284	-0.0138790585	-0.0340616225	0.0033769556	0.0172095351	0.1358149711	-0.1642736877	-0.0943375371	-0.1509674353	-0.1224796945	-0.0826359258	-0.0149192019	0.0062031093	0.0191484126	0.0463209039	-0.0620879608	-0.0851870978	0.1453934678	0.0124045958	0.0286036131	-0.025903834	-0.0022557364	-0.1657118632	-0.1902026817	-0.0236192988	0.0392444158	-0.1504274449	-0.1414629763	0.0788063474	0.0567350395	0.20297589	-0.228426688	-0.1346633382	0.0061420564	-0.0764200921	-0.0050299326	-0.1692755369	0.0213252816	0.1254930516	0.0694367423	0.1875045431	-0.1540305219	0.0209515405	0.0191009319	0.022074106	-0.0240549978	0.0535420665	0.0005709302	-0.0774453048	0.0648450678	-0.1092539904	0.1956408977	-0.0524514242	-0.0635922294	-0.1073912044	0.1527242808	0.0801616173	-0.0563783108	0.1542592547	0.1062824928	-0.0359081193	-0.0390618413	0.109012719	0.0318902034	-0.0979447258	-0.2065907721	0.0959741726	0.0582172998	0.0576395364	0.0029100783	0.147146393	0.0778969136	-0.0327963874	-0.0288825513	0.0548558168	0.0080211201	0.0503452855	0.0284436398	-0.0435468202	-0.1143610398	-0.0799946261	0.0190129575	-0.0315199918	-0.1227422055	0.1496913921	-0.0450809617	-0.1085834537	-0.0273515365	-0.0759660776	-0.1678122947	-0.0665898658	-0.0245533301	-0.072852102	-0.0396016353	0.0709524201	0.1035426532	0.0097284719	0.024081377	-0.0332971174	0.2000802212	0.0051884999	-0.019650212	-0.0352249862	-0.0323132308	0.1993107126	0.0846574437	-0.1109488906	0.0616009311	0.0050684204	-0.0703125971	0.0063682498482364	-0.0372369337715668	4.055460612956293e-05	0.001386589236708	0.0590934113641594	-0.0167085177007492	0.0034920312666537	0.0002791745637562	-0.2276773389523327	0.0739543949889026	0.0054692525381746	0.0518369706724153	0.0031233766910372	-0.0015306452715854	2.342874947426744e-06	9.755481954114488e-06	-0.0005986731901583	-0.0005637621050923	3.58409588614316e-07	3.17827711138186e-07	-0.0004300667049367	-0.0006836490450851	1.8495737069511057e-07	4.6737601684576906e-07	0.0	0.0	0.0
892.6754731830727	0.9085965426877464	796869.5004226227	0.8255476773841259	1367.0974213992847	8.002291555965485	64.0366701466765	1868955.3595965733	843.6150555397834	-0.8342123181167835	711686.3619333918	0.6959101916977777	912.1145213591172	812.2484224230329	1.294818	37.316612	0.2180649005250859	0.1121833668062506	0.097381687	-0.1367421043	0.0731778172	-0.1553760502	-0.058473103	-0.0928679698	-0.0119682298	0.0127673383	-0.1706195336	-0.0833379111	0.1147801398	-0.0936099709	0.0054464541	-0.1117234316	-0.0618798712	-0.0753411673	-0.1052652602	-0.0275155446	0.146557668	0.0704596324	0.0614379363	0.0608342896	-0.0457353371	0.0860653824	0.0167967764	0.1308050514	0.0069335728	-0.0071585034	0.0398373691	-0.1856935844	0.0018306582	0.009509274	0.1166960563	0.2011830093	0.0946359162	0.1419297455	-0.1299956872	-0.1238747024	0.0071558824	-7.5131e-05	0.0537252361	0.1079019295	-0.0768376689	-0.1352868051	-0.2377230902	-0.0685505474	0.0034768176	-0.1334690688	-0.0740685516	0.0253970636	0.0507256756	-0.0948991013	0.0294363243	-0.0340777252	-0.0720366551	0.01486767	0.0028699353	-0.0529349123	0.2153874993	-0.0208874498	-0.0601914265	-0.1468640449	-0.0170184392	0.1605159404	0.0391225784	-0.0860984503	-0.08886307	0.0944768627	-0.0177410304	-0.1426316166	-0.0870673451	0.0626616618	0.1750645249	0.103158317	0.1222090939	0.227472835	-0.1035225016	0.1166879605	-0.0766479991	0.0069446979	0.0277832896	-0.2253929906	-0.2644216312	-0.061634773	0.1057723621	0.1144954813	0.0180947684	0.1127316649	-0.0912014293	0.0811888797	-0.0739319802	-0.0681697404	0.0131643245	-0.0768014713	0.0598230534	0.0711407599	-0.1287217964	0.0510609964	-0.101832784	-0.0955604851	0.010338969	-0.2332684587	0.1560392408	0.0720496857	-0.1405019059	0.0128171054	0.1336741457	0.073291937	-0.2053468044	-0.0415083115	-0.1771730123	-0.0749949263	0.0815834811	0.2226689174	0.0192726183	0.0936944417	-0.0420741528	-0.2422509291	0.1635806166	-0.1756552563	-0.2494728871	-0.1126387502	0.0674542747	-0.0050684204	-0.0586099215	-0.0431160131289232	-0.0494842629771596	0.0018589905881334	0.0024486922823926	0.058788418450888	-0.0003049929132713	0.0034560781439567	9.302067714577568e-08	-0.2032858650171078	0.0243914739352248	0.0005949440007327	0.0413251429157537	0.0027530922887324	-0.0003702844023047	1.3711053859022294e-07	7.579517150277804e-06	0.0007287855071971	0.0013274586973554	5.311283155005343e-07	1.7621465931844958e-06	-0.0016100070192651	-0.0011799403143284	2.592122602082892e-06	1.3922591453774037e-06	0.0	0.0	0.0
896.1202484887832	3.44477530571055	803031.4997515986	11.866476906833212	1364.4691641863656	-2.628257212919152	6.90773597726155	1861776.100015439	844.1560950929207	0.5410395531373524	712599.5128825282	0.292723798059066	908.8811976161676	818.3973110198974	1.182656	34.084118	0.0676085279608968	0.041118771292406	0.0720093913	-0.02479546	-0.1189779434	0.0468873517	-0.0165193011	0.1431434539	0.1654801776	-0.094855966	0.0570652036	-0.0807378285	-0.0911355342	0.0502642915	-0.1118632839	0.1075478498	-0.147756611	0.1083724222	-0.0947244062	0.0462775767	-0.1187654282	-0.0314367299	0.066040293	0.0845138896	-0.063824944	0.0002423162	-0.0973090708	-0.0357593184	-0.1859006788	0.0852095862	0.0323044816	-0.0952080563	0.0012264654	-0.0346185291	-0.0701286184	-0.0964396661	0.0222273828	-0.1649632501	0.1513699764	-0.1092059003	0.1156265148	-0.1231765098	0.0216228112	0.1033980729	0.0929123279	-0.002119423	-0.1851424438	-0.0180366632	0.0558901731	0.1277709831	-0.0813736893	-0.0405910521	0.0334660022	0.0896454452	0.182990146	0.0983514002	0.1144826736	-0.0366664419	-0.0330927375	0.0154892806	-0.056583343	0.1575122567	0.0123166557	0.0796689985	-0.0844730987	0.0210214068	-0.1498497973	0.1061958372	0.0574691493	-0.0546707436	-0.0693639479	-0.0656745027	-0.1785075781	-0.2279644816	-0.0518591013	0.1554722497	0.0944577845	0.0379194139	0.1546303457	-0.0436763407	-0.0699378801	-0.1029788439	0.1490738512	0.0329879594	-0.0489329777	0.1365766558	0.0544633437	0.1373036937	-0.2243264017	-0.0461049693	-0.0500411627	-0.2436290667	-0.1387163971	-0.0338618612	-0.0447589297	0.0684440442	-0.0383434706	-0.1471370841	0.0598315692	0.0395945446	0.0151708208	-0.0438408889	-0.0928147661	-0.180120462	0.1305091045	0.1453684777	0.0415518439	0.0425275529	0.0167994558	0.0752949806	0.0800444918	0.1922919441	0.0753536556	0.0088917168	0.2677839757	0.2102212094	0.0638979487	0.1683303539	0.1462303938	-0.037697081	-0.1075400955	-0.182038473	-0.0694179618	-0.1142514127	0.0731227308	-0.0151740128	-0.0462651033	-0.0389061884551722	0.004209824673751	0.0015136915001093	1.7722623783722718e-05	0.0727773393346353	0.0139889208837473	0.0052965411206286	0.0001956899074917	-0.2421603457319463	-0.0388744807148385	0.0015112252508483	0.0586416330450157	0.0027069808725035	-4.6111416228900026e-05	2.1262627066348646e-09	7.3277454440998095e-06	0.0006058784763818	-0.0001229070308152	3.670887281427314e-07	1.5106138223833096e-08	-0.0015683194325381	4.168758672699999e-05	2.459625842476628e-06	1.7378548871211453e-09	0.0	0.0	0.0
899.36767167585	3.247423187066829	808862.2088556396	10.545757355899282	1361.2235229940975	-3.2456411922680672	10.53418674894728	1852929.4795524625	845.8857731284221	1.7296780355013652	715522.7411810684	2.991786106495862	912.8752037460816	852.3066612814074	1.129407	32.549465	0.1018478164249922	0.061014458227181	-0.0332086181	0.1391756727	0.0699204266	0.1205602005	-0.1998819462	0.0060667698	0.1320243316	0.1539562787	0.0829203472	0.056428895	0.0972192763	-0.038802395	-0.0522304882	0.0921284951	0.017228854	0.0417396009	-0.0423727172	0.1011159909	-0.0716998473	-0.035104656	-0.1726851601	-0.0098202094	-0.0292994139	-0.0685517227	-0.0138790545	-0.0592556851	0.1620068903	0.0146257981	-0.097793907	0.0307244889	0.0460395121	-0.035701532	-0.0079331754	-0.0910233323	0.0834992645	0.0286260156	0.0625338736	-0.0389310513	-0.0455225941	-0.1122034099	0.1113788131	-0.0564586116	-0.0751595387	-0.082039902	0.1493843491	-0.1227688932	-0.0451934816	0.0194547306	0.0029597002	-0.1077492569	0.0289431486	-0.1339494264	0.1020519812	-0.1500358469	0.0387377809	-0.0095187207	0.0643027484	-0.1036224041	0.0101982915	0.0485336221	-0.122073037	0.1417141723	0.1399590991	-0.0191030903	-0.0473574727	0.0389781373	-0.0832848403	-0.084635944	0.0857365293	0.1093443445	0.0161374811	0.0536625103	-0.1148299203	0.049454289	-0.0059553147	-0.0834653218	0.0216373487	0.0017046885	0.0156043938	-0.0289770097	-0.1082036661	0.0544305551	0.0574251676	0.0845928614	-0.1089666182	-0.1219765007	0.0332065524	0.1112843832	-0.0722743928	-0.0246901417	-0.1553084594	0.1314278755	-0.0562924125	0.0819674461	-0.0595918706	0.0666209274	0.0745934161	-0.0427016074	0.0958339065	0.033390706	-0.135342283	-0.036541605	-0.0079644013	-0.0129736781	0.035356649	-0.1746853601	0.2351915101	0.0469121435	0.0628771693	0.103104956	0.0171899848	-0.0409910361	0.164326254	-0.0866105839	0.0426461063	0.043936088	0.1345419179	0.0342935584	0.00688971	-0.1579931949	0.0596222002	-0.1157857731	0.0785907625	-0.0251860523	-0.033413395	-0.0232988655216104	0.0156073229335618	0.000542837134594	0.0002435885291524	0.0612043031379982	-0.0115730361966371	0.0037459667226079	0.0001339351668086	-0.2998549174641596	-0.0576945717322132	0.0033286636073635	0.0899129715274379	0.002714289606872	7.308734368500179e-06	5.341759806929571e-11	7.367368069973357e-06	0.0003850237866469	-0.0002208546897349	1.4824331628391758e-07	4.8776793977898966e-08	-0.0014570251453899	0.0001112942871482	2.1229222742984594e-06	1.2386418351826002e-08	0.0	0.0	0.0
896.4029699647698	-2.964701711080238	803538.28456166	8.789456235682092	1362.804629875632	1.5811068815344242	2.499898970835512	1857236.4592104584	845.9473261079685	0.0615529795463771	715626.8785492216	0.0037887692910367	913.9445085655288	833.5060586020211	1.075608	30.999002	0.1007275041227852	0.0471605720853813	-0.0422940903	0.0404336359	0.074812642	-0.1204725763	0.0748024677	0.0194969121	-0.1719547641	0.039389204	-0.0221498587	0.1280815746	-0.0563782313	-0.0571988817	0.0526267963	0.0461532898	-0.0615946205	0.0075959111	0.0822204561	-0.0045616227	0.132822496	0.004013331	0.0274933363	0.0687637364	0.1255517998	-0.0272068954	-0.0271202514	-0.1407448142	-0.0948092051	0.0551123932	-0.0523902523	-0.0681083861	0.191088204	0.1930326263	0.0211059793	-0.1366010641	-0.2107046463	0.0807034746	0.0990122138	0.0453611026	0.0704785407	0.0619950877	-0.2272615511	0.0484823051	-0.1736964654	-0.0899746932	-0.04436922	-0.0872304061	-0.2002620078	0.0523859466	0.0886696703	0.0615555131	0.0010543575	-0.0159190573	-0.0477109651	0.12564365	-0.0965642591	-0.0971535711	0.148935301	0.0575706715	0.0769355851	-0.1571554732	0.0456572323	-0.0720792918	0.0769296683	-0.0108973247	-0.0472662683	0.0713185514	0.114845114	-0.0289358539	0.0165439369	0.1511091465	-0.0579738638	-0.0726837824	-0.1429071203	0.083698322	-0.203509478	-0.0261231969	-0.1376472178	0.054875338	-0.0276837261	-0.0565466096	0.1856174312	-0.1094025389	-0.02300779	-0.0110691288	-0.1537349092	-0.0443233497	-0.0639366648	-0.0468305084	-0.0045243162	0.0978169834	0.0681045082	-0.1800434175	-0.0243423115	-0.0592471447	-0.0555470671	0.1340629419	-0.1252352896	-0.0454326378	0.0620645892	-0.0141977657	-0.1550680085	-0.0408082177	0.0308481762	0.0066747085	0.0371570171	0.1046248768	0.1997696902	0.2043966304	0.0639358153	-0.0007009395	-0.0692786343	-0.0324130283	0.1574819777	-0.0454009355	0.1911223719	-0.0583121286	0.0391861098	0.0411099562	0.1232138896	-0.1254169834	0.04442221	-0.1172407796	0.0838433825	-0.0350428114	-0.0201956026	-0.011090061412645	0.0122088041089654	0.0001229894621362	0.000149054897771	0.0588497627579869	-0.0023545403800112	0.0034632945766713	5.543860401103736e-06	-0.2836318389612557	0.0162230785029038	0.0002631882761113	0.0804470200725436	0.0031239671297822	0.0004096775229101	1.6783567277783726e-07	9.759170627959637e-06	-8.496491265619355e-05	-0.000469988699303	7.2190363826745995e-09	2.208893774726137e-07	-0.0009378697449851	0.0005191554004048	8.795996585584165e-07	2.695223297694682e-07	0.0	0.0	0.0
895.581442129902	-0.8215278348677657	802066.119487475	0.6749079834625189	1360.746741036808	-2.0578888388238283	4.234906472955685	1851631.693242294	847.3506356344004	1.40330952643194	718003.0997100224	1.9692776269746357	914.0981620572516	828.1618673877181	1.039731	29.965017	0.08500220060403	0.0474484307481085	-0.0955323775	-0.0507666074	-0.1217017336	0.0421180141	-0.0230071108	-0.111374862	0.0252551897	0.0258497545	0.1338058083	-0.1121011358	0.0713509067	0.125707277	0.0227959511	0.0909146696	-0.0590945954	-0.0723223575	0.0565816588	0.001829104	-0.133016337	0.0619837156	-0.0205040807	0.113925001	0.1592424091	0.052194956	0.0827728284	0.1181646549	0.117215634	0.0223356292	0.0898495374	-0.0385863717	0.0017071267	-0.0622368421	-0.0620469642	-0.2240305255	-0.0284257752	-0.0365385224	-0.1277647229	0.0178134202	-0.0754245375	0.1698149298	0.0794665714	0.004209637	-0.0122397712	0.0884907708	0.0627644786	-0.0144518986	0.0679703658	0.1355070487	-0.036466255	0.060526229	0.0044301069	0.120178816	0.0329878215	-0.0003429715	0.0141827411	0.0980728089	-0.0750155229	-0.0888851438	0.0786382625	-0.0037196817	0.0034693993	0.1627956011	-0.0773664501	0.0251875129	0.0379497504	0.0593707534	0.0116565844	0.0083322596	0.2413629146	0.0172473443	-0.0865496195	-0.0632781105	0.0275196726	-0.0198039473	-0.0591484366	-0.0732814214	0.0215219188	0.0950065867	0.144790143	-0.0337427173	0.0874827283	-0.0027430171	0.1486727202	-0.0289247839	0.1141720026	-0.0917313796	-0.1090781916	-0.0238684746	0.015011044	0.0881648081	-0.0724833541	0.0069315533	0.0496953689	0.1586103185	0.1352867338	0.0695589407	0.194290112	-0.0654029651	-0.0380857445	-0.0111824442	-0.12844816	-0.0730021256	-0.0901085976	-0.1144867407	0.0695414357	-0.0511403236	0.0219307832	0.1115576467	0.1967601458	0.0527480223	-0.0187463236	0.0016877332	0.1702282786	-0.1105834917	-0.0944957214	0.0076609808	-0.0995903039	0.1175064773	0.0668570831	0.0011594791	0.070311312	-0.1186154352	0.0888661936	-0.0446835199	-0.0067565429	0.023668409825305	0.03475847123795	0.0005601936236585	0.0012081513227993	0.0591245827458379	0.0002748199878509	0.0034957162848694	7.552602572242268e-08	-0.2781314590570218	0.0055003799042339	3.0254179090900237e-05	0.0773571085171878	0.0036720361502471	0.0005480690204649	3.003796511933552e-07	1.3483849488721545e-05	7.610983160510898e-05	0.0001610747442613	5.792706466958045e-09	2.5945073238844013e-08	-0.0007576429202314	0.0001802268247537	5.740227945767635e-07	3.24817083608009e-08	0.0	0.0	0.0
897.4890803071326	1.907638177230524	805486.6492705427	3.639083415227396	1366.7861679525936	6.039426915785498	36.47467747111433	1868104.4289065355	846.9884777368194	-0.362157897581028	717389.4814189347	0.1311583427803103	914.8137721643592	828.1507057974271	1.024683	29.531322	0.0875597494879677	0.0457557042645727	-0.0077763766	-0.0574701056	0.1019135697	-0.0824894658	-0.1121452625	-0.051106959	-0.0306545999	0.0600742583	0.0495219204	0.0391129632	0.092680758	-0.1152242462	-0.0095326628	0.0737372703	0.0171765829	-0.0186819248	0.0394588255	0.0434209798	0.1042624363	-0.0479635589	-0.1020094214	0.1391146223	0.1244320143	0.0915809096	-0.0376607378	0.0213643369	0.0998749708	0.0523088927	-0.0574953525	-0.1078374453	-0.1168550532	0.0943392161	0.0408844018	-0.1152287472	0.0671053265	0.0425664731	0.0160950264	-0.0195043715	-0.1166025743	-0.1397599015	0.0348322906	-0.0381562344	0.0519181679	-0.0199034618	-0.1314349674	0.104772324	-0.1134781519	-0.026686239	0.0999491025	-0.1507662875	-0.1478798815	-0.0312471965	-0.004479697	-0.0167792218	-0.0293372156	0.0215426452	-0.006078931	0.2811720556	0.0808558401	-0.0522665514	-0.0031718939	0.0454351493	0.1343116872	0.0870238194	-0.091132609	0.0244911456	0.0097696282	0.0219790613	0.1181668556	0.1515461707	0.0601118261	0.0668172338	0.0869482431	0.0535651244	0.0128710134	0.0297245958	-0.0163838783	0.1294628737	0.0377232279	0.0449165549	0.0199115471	-0.0860640492	0.0238934941	-0.0565890564	0.0066782126	0.0701411149	0.0060930271	0.0880736514	0.0932787997	0.0627265571	-0.063341966	-0.0696829747	-0.0479046736	-0.1920562015	-0.0911256086	0.1095120089	0.0043616803	0.0085415859	0.0013613521	0.019625474	-0.0250157921	-0.1736654421	-0.0524127397	-0.0944233605	-0.0105982973	0.0183350725	0.1692119102	0.0385238295	-0.0179721551	-0.0118467403	0.0643519555	-0.0449144616	0.0798878885	-0.1278447609	-0.0672491275	-0.0645790929	-0.0600385751	-0.0306050918	0.0773995325	-0.0035606175	0.0603060955	-0.1199087977	0.0936454286	-0.0540487397	0.0067565429	0.0121127220805306	-0.0115556877447743	0.0001467180362001	0.0001335339192547	0.0794416694481441	0.0203170867023061	0.0063109788447081	0.000412784012069	-0.2667857257004868	0.0113457333565349	0.0001287256653975	0.0711746234375353	0.0030020005323452	-0.0006700356179019	4.48947729257181e-07	9.012007196200864e-06	-9.33437308603402e-06	-8.5444204691143e-05	8.713052090927628e-11	7.300712115301943e-09	-0.0008889879313254	-0.000131345011094	7.902995420422141e-07	1.7251511939282985e-08	0.0	0.0	0.0
897.0121458063096	-0.4769345008229493	804630.7897240401	0.2274665180752358	1370.0444069806267	3.258239028033131	10.616121563798282	1877021.677098897	846.9790823353214	-0.0093954014979544	717373.5659135832	8.82735693077653e-05	914.4232528815596	826.6302680363165	1.018133	29.342567	0.1257908383129292	0.0661464182656122	0.0371334469	-0.0582354708	-0.0488407881	-0.1040827449	0.155965373	0.1014410826	-0.0947584644	0.0294422272	-0.0996562863	-0.0886572399	-0.0599859757	0.0176549158	0.0188575861	-0.0392756925	0.0338273343	0.0522008786	0.0332918449	-0.0249692472	0.1341081801	0.0428560584	0.1050102107	0.0141562069	-0.110733291	0.1646447199	0.0056141317	-0.0935746091	-0.1438744298	0.0516870925	-0.0064395459	0.0095543452	-0.0830915787	-0.0807031399	-0.0015830661	-0.0093566585	0.2145741981	0.1017463834	0.1845285024	-0.0798395485	0.0308029556	0.0928489877	-0.048360186	-0.1051404269	0.1845389827	0.009007243	0.0361463991	0.0154803599	0.0392291838	-0.0126019037	0.0602676842	0.0249018968	-0.0009075269	-0.0015329971	-0.0129667342	0.0939788866	-0.0497002387	0.1099924592	0.066477862	-0.1222566748	-0.0112446092	-0.0790572907	-0.0324040674	-0.143233449	-0.1139211799	0.0499727221	-0.0068107691	0.0068652375	-0.013037481	0.06267005	-0.0906244407	0.0294928404	0.0818570259	-0.098688933	-0.0774627763	0.0253188762	0.0593527952	0.0014611991	0.1309251534	0.0228813757	-0.0718491674	0.0256643949	-0.0936024032	0.101549572	0.0659748657	-0.0060594526	0.0490902215	0.0399567997	-0.1203306288	0.2261092409	0.0297239678	0.082076055	0.203799271	0.0133904782	-0.0369568747	-0.0510802691	-0.0148880771	-0.0307374225	-0.0971807172	0.0608407003	0.0255966358	-0.0101672333	-0.0006712993	-0.0698724356	0.1663736384	-0.0788570567	-0.1367643064	0.0978966042	0.0187084688	0.0635173295	0.066667849	0.0744664746	0.024731101	0.0631687443	0.0023480694	-0.1505520317	0.0794857844	-0.108602385	-0.0409805484	0.0982710331	0.1134552714	0.09546719	0.0039973326	-0.1211199807	0.098167988	-0.063080731	0.0201956026	-0.0212208277643668	-0.0333335498448974	0.0004503235310049	0.0011111255452622	0.0683871267533362	-0.0110545426948078	0.0046767991055768	0.0001222029141913	-0.2292043108734702	0.0375814148270166	0.0014123627404003	0.0525346161229823	0.0026720044759477	-0.0003299960563974	1.0889739723790193e-07	7.139607919484543e-06	-4.911816316788276e-06	4.422556769245744e-06	2.412593952986755e-11	1.955900837720135e-11	-0.0014309959370828	-0.0005420080057574	2.047749371947481e-06	2.937726783051138e-07	0.0	0.0	0.0
895.8542306196726	-1.1579151866369557	802554.8025191657	1.340767579444496	1363.5592851077809	-6.485121872845866	42.05680570566388	1859293.9240036423	845.0445737390093	-1.9345085963121849	714100.3316057438	3.7423235092057383	910.8390062899658	828.2077807774053	1.041281	30.009691	0.0560222718373425	0.033264058537618	0.0966562371	-0.0272428839	-0.1128582007	0.1323633823	-0.0372581655	-0.014546464	0.1542654507	-0.0646080279	0.0439615521	-0.0195897157	-0.0924732603	0.0793041352	-0.0476741909	-0.0202608002	-0.0331899938	-0.1218212739	-0.1084742763	0.0224167446	-0.1838802592	0.1449119813	0.0885611745	-0.0443415462	-0.0258760788	-0.0992410029	-0.2233033415	0.0201097392	-0.0114355279	0.0838874348	0.0537865224	-0.0208594982	0.0161560059	-0.0998691856	0.0302062527	-0.0541953293	-0.0269080632	-0.014628667	-0.0340510472	-0.039707509	0.1257481571	0.0543085679	0.0630084147	0.155862735	0.1124952148	-0.0241396423	0.1229820887	0.0761498501	0.0172342595	0.111891842	-0.0647040396	0.1246699892	-0.0112104968	-0.0165473861	-0.1834677273	0.0574248642	0.0033288492	0.0659917907	0.1231883261	0.0045993962	0.0043895853	0.1569176071	0.0389858532	0.0985064663	-0.030602897	-0.0364238534	0.0177367299	-0.007396112	0.0920402644	0.0506327538	-0.0205199551	-0.1281617715	-0.1783895886	0.049588592	0.0481922474	0.2260369233	-0.0219351184	-0.0238513109	0.0534932071	-0.0043297997	0.0108942084	0.0167660926	-0.0362801393	0.1633347896	0.0301023667	-0.1256218167	0.0188863548	-0.1047891401	0.0324524769	0.0823044723	-0.1448647981	0.0684403365	-0.0177819109	-0.0070772311	0.0832094404	-0.0794693008	0.0619061504	0.1123889247	-0.0906255448	0.0853553317	0.0081018453	-0.0525318593	0.0774118392	-0.1779834424	-0.0123285817	-0.070281012	-0.0427331239	-0.1888147006	-0.0360408394	-0.0165721917	0.0391770066	0.1873502155	-0.0228273263	-0.0029016988	0.0184890145	0.043990914	0.022255216	0.0109154048	-0.0579298191	-0.0254335991	0.1032022753	0.0537657674	-0.1094136222	-0.1222481541	0.1024214758	-0.0717238087	0.033413395	-0.0213479424273828	-0.000127114663016	0.0004557346458828	1.6158137553671453e-08	0.0847585662633747	0.0163714395100385	0.0071840145550228	0.0002680240316308	-0.2547766302392489	-0.0255723193657786	0.0006539435177453	0.0649111313160669	0.0026801072751306	8.102799182899828e-06	6.565535459840212e-11	7.182975006207969e-06	0.0001562296669446	0.0001611414832613	2.4407708833620643e-08	2.596657762768028e-08	-0.0013212122535569	0.0001097836835258	1.7456018189489023e-06	1.2052457168514958e-08	0.0	0.0	0.0
898.1819924773265	2.3277618576538543	806730.8916105402	5.418475265948123	1366.2862059424906	2.7269208347097447	7.43609723877409	1866737.9965487255	844.4567845877175	-0.5877891512917586	713107.2610362268	0.3454960863762858	911.823398072389	828.8349118598154	1.058036	30.492556	0.1384830264112487	0.0773198949407309	0.1133275243	0.0390038063	0.1040990646	-0.0366828631	-0.1846143324	0.0451933263	0.0703534847	0.0582483953	-0.0376180708	0.0524185836	0.139642583	-0.1154311175	-0.0555870465	-0.0005307887	-0.0372453887	-0.0666690138	-0.1534491984	0.0865878309	0.0490444651	0.0822878721	-0.09650148	0.1206351217	-0.0866071389	-0.0164378619	-0.1533201063	0.0783677414	0.0549344789	-0.0024160998	-0.1083512036	0.1266702657	-0.1523532078	-0.0997787031	-0.0119441195	0.0609400389	-0.1021207486	-0.0194219517	-0.0967219835	0.0575377818	0.0674436782	-0.0533094747	-0.2009832411	0.0886098448	-0.0470550253	-0.176461788	0.0380908071	0.1083195682	-0.051629549	0.0371151446	-0.0408565018	0.0293299653	0.0919685283	-0.0148203731	0.0192738245	-0.0020831386	-0.0488521909	-0.0291794343	0.1109562324	0.0284386563	-0.1402984194	0.0700202178	-0.0801718138	0.0286092722	0.159104247	0.1225527139	-0.0826820512	-0.0302226304	-0.0583818515	0.0370722105	-0.0431938211	-0.0147087396	-0.0200121076	0.0349418901	-0.0258580557	0.1402581472	0.0678364807	-0.0353024342	-0.0179163625	-0.1493776772	0.0200345204	0.0545511801	-0.05098789	-0.0860035839	0.0297970216	-0.0071358553	-0.0138739371	-1.82861e-05	0.1514966971	-0.1472177435	0.0133050127	-0.1036649926	-0.0829826794	-0.027511271	0.0803483777	-0.0276166907	0.0611380413	0.2138025164	0.0244811612	0.1033454049	0.080633008	0.0393593291	0.087585542	-0.1054218463	-0.0415818911	-0.0273870087	-0.0889399371	-0.0363463177	0.1376647462	-0.019642375	-0.1190671266	0.0381344555	-0.0441879372	-0.0439730152	-0.0323306389	0.0073473776	-0.1479235344	-0.1468206823	0.0124138133	0.0074910428	-0.1189128725	0.0794470166	-0.0022122608	-0.1232925447	0.1063942335	-0.0799246852	0.0462651033	0.0087150509236266	0.0300629933510094	7.595211260140487e-05	0.0009037835692228	0.0845029554558181	-0.0002556108075566	0.0071407494807679	6.533688493974143e-08	-0.2202209470154912	0.0345556832237577	0.0011940952430606	0.0484972655043997	0.0016869303126622	-0.0009931769624683	9.864004787779572e-07	2.845733879778588e-06	-0.0001274494063934	-0.0002836790733379	1.624335119003003e-08	8.047381664990636e-08	-0.0011258935087848	0.0001953187447721	1.2676361931237488e-06	3.8149412059348745e-08	0.0	0.0	0.0
899.9185671818981	1.7365747045715807	809853.4275587205	3.015691704557873	1369.3782248553107	3.0920189128200946	9.56058095723716	1875196.7227078816	847.930448304327	3.473663716609508	718986.0451615769	12.06633961608938	913.5757461497344	840.6079240210703	1.024893	29.537397	0.0646242177152374	0.030277070238555	0.1919675599	0.0963005136	-0.0078702325	-0.101549144	0.1207873998	0.0852447716	-0.0189645849	-0.0375276003	-0.1807512332	-0.0597288254	-0.0279320336	-0.0132066422	-0.1101084472	-0.1337803482	0.003672971	0.0549481638	-0.0318611945	-0.1405142008	0.1504469061	-0.0654263702	0.0160592728	-0.0032972151	-0.0799323061	0.1097309415	-0.1332944378	0.053307044	-0.040851765	-0.0855705566	-0.1113857859	-0.0115437066	-0.023289127	-0.1531325939	-0.0279009508	0.073512658	0.0076893175	0.095686501	0.0800347291	0.089515897	-0.0087857516	0.0436415327	0.0058987572	0.0899399897	-0.037909203	0.1698775585	0.0022944316	0.0348074282	0.1081451364	0.2070483118	0.0026390977	-0.0058407836	-0.1341940392	0.0187050478	0.1921681456	-0.0130570844	0.0467727386	-0.1429375874	-0.1619323834	-0.0718582036	0.0297805717	0.0297174115	-0.0068345467	-0.2034322835	-0.0954627443	0.0221178571	-0.0180411023	0.037424222	-0.1311185771	0.0515633613	-0.0667445483	-0.0520072852	0.0224364561	-0.0142545061	-0.1157236236	0.0808634709	0.1421447854	-0.0096381785	-0.0374440842	-0.1128678457	0.0172723308	-0.1118341323	-0.1112101062	0.0836435546	0.0400201311	-0.0082257136	0.0510429321	-0.1369229885	-0.1953689132	-0.0789076492	0.0537792101	0.0360131512	0.1371266624	-0.0245378345	-0.0258660762	-0.002406066	0.1761880143	0.0723533976	0.0288413589	0.1470318196	0.0885404611	-0.0775362552	0.1178864855	-0.041142833	0.126231397	0.029822585	-0.1714798401	0.0956300922	-0.0287386601	-0.0200667684	-0.0241678017	0.124033302	-0.1083518799	0.0744305811	-0.0407617099	-0.0775955167	0.0597205412	-0.1682371911	0.1102028614	0.1105519654	-0.009504597	0.1697084877	0.0065048836	-0.1242524367	0.1100753719	-0.0876327994	0.0586099215	-0.001307349555617	-0.0100224004792436	1.7091628605719675e-06	0.0001004485113663	0.0748363813183203	-0.0096665741374978	0.005600483968821	9.344265555574136e-05	-0.2046813381441552	0.0155396088713359	0.0002414794438741	0.041894450184482	0.0016876770398761	7.467272139000287e-07	5.576015319788992e-13	2.8482537909249555e-06	0.0002643854714179	0.0003918348778112	6.989967749686523e-08	1.5353457146939637e-07	-0.0013212245883028	-0.000195331079518	1.7456344127359037e-06	3.815423062566725e-08	0.0	0.0	0.0
898.0335481603423	-1.8850190215557632	806464.2536214539	3.553296711627046	1366.909664109174	-2.4685607461367454	6.093792157367205	1868442.029835055	845.8488082057461	-2.08164009858092	715460.206343081	4.333225500019981	911.6638435400248	842.8994783490617	0.993705	28.638559	0.0906077882311255	0.0461335060730264	0.1434004835	0.0994973709	-0.1311726562	0.1232523042	-0.0365092536	0.006094266	0.1531772338	-0.109553041	0.0144884385	-0.0495078386	-0.0154313892	0.0982783373	-0.1176690166	-0.0228428192	0.062153322	-0.0831812727	-0.0973900503	-0.032549391	-0.1722140916	0.0334770866	0.0374920837	-0.0207260275	-0.1351795611	-0.0106565366	-0.0002695288	0.08719503	-0.0697558714	-0.0035090493	0.0158522698	0.0207461526	-0.0710734703	0.025896798	0.0857181927	0.1300982693	0.0487521281	0.075539892	0.1185637364	-0.1205950654	0.0338666122	-0.0706740958	0.0412006461	-0.0647133983	0.0558816785	0.0389522951	-0.0803266495	0.1419559793	-0.1108083497	-0.0286458813	-0.1687109499	-0.0599807353	-0.0797789198	0.0675379272	0.0227474961	0.0084790767	-0.019331573	-0.1285975896	0.0746882621	-0.0328976806	-0.1316084485	0.1802144418	0.0331162211	0.0555243075	-0.0796858304	-0.0432390908	0.0032327451	-0.0869762963	-0.0542802781	0.015698007	-0.0700555297	-0.1533750238	-0.1071311138	0.0515726519	0.066909417	0.0602737527	-0.0398705557	0.0484057046	0.0784440875	0.0075777907	0.0057200547	0.0417387312	-0.0830690347	0.1060296241	-0.0226913801	0.1550266005	0.0217721794	0.1668306626	-0.0553971983	0.0018894255	0.0262768701	-0.0728795478	0.0753298534	-0.0140781276	-0.066213638	-0.1239054685	-0.0667231813	0.0225865992	0.0639499438	0.1159788159	0.0850247738	-0.02020529	0.1573069366	-0.0907469915	-0.0095354532	-0.0182597186	-0.0502820278	-0.1934408834	-0.0828464133	-0.0429044397	0.0112471848	0.1891160693	-0.1063353958	0.0488601551	-0.1056636276	0.0981161968	-0.0669241411	-0.0715430135	-0.0508721357	0.0023501485	0.1235803326	0.1351741906	-0.1093114104	-0.1251271724	0.1134548014	-0.0948006283	0.0703125971	-0.0018395588699178	-0.0005322093143007	3.383976835893253e-06	2.832467542285276e-07	0.0874252638450059	0.0125888825266856	0.0076431767583688	0.0001584799632706	-0.2189974069459594	-0.0143160688018041	0.0002049498259379	0.0479598642490541	0.0021537622648679	0.0004660852249917	2.1723543695565655e-07	4.638691893568906e-06	-0.0004037840710444	-0.0006681695424623	1.6304157602918908e-07	4.464505374742794e-07	-0.0011920668039902	0.0001291577843126	1.42102326517541e-06	1.6681733248540124e-08	0.0	0.0	0.0
899.8190810302096	1.7855328698673247	809674.3785860509	3.1881276293766447	1369.740436845667	2.830772736493145	8.013274285672889	1876188.8643301588	844.7464466716182	-1.1023615341279085	713596.559164325	1.2152009519248357	912.3947200992608	836.1703638344168	1.016292	29.289516	0.0928210020301396	0.0474016907160968	0.1484727435	0.0756339334	0.0989322076	-0.0182481377	-0.1756746301	-0.0059444603	0.0802118479	-0.0170290386	-0.0802622953	0.094925261	0.1028737069	-0.0980143718	-0.0089501933	0.0571748863	0.1113619159	-0.0580867173	-0.1339085103	0.0959501045	0.098455696	0.0180579738	-0.0558576405	-0.0507730765	-0.0986788629	-0.0468815782	-0.0223233156	0.0226702448	0.0318141831	0.1575274654	0.028928236	0.0719788233	0.1112117523	-0.0991619349	0.0590679802	0.1202628965	-0.011729706	-0.1333025748	-0.0236624321	0.0774278536	0.0027999725	-0.0989276991	-0.01180242	-0.0334475808	0.1319886946	-0.0696261523	-0.0237946133	0.0605106717	0.0131942523	-0.0354523531	0.1062714315	-0.051225667	0.1074162939	0.0784240081	0.1355298022	-0.0402080981	-0.0863926443	0.0197227523	-0.0941657649	0.0534223152	0.0210881711	0.0966202683	-0.0407901134	-0.0308506873	0.1468114014	0.0733582684	-0.0099745694	-0.0352188067	-0.0740616307	-0.1226823748	-0.0543127211	-0.0013767399	-0.0763508692	0.0216801439	0.0153321515	0.0777399731	0.0526612332	0.0436937344	0.0429451786	0.0373154438	-0.0233645896	-0.013300405	0.0344323917	0.1300415033	0.0058756291	0.0729486924	0.0662383436	0.0153075649	0.2637612594	-0.1207352141	0.0415086957	-0.067037707	-0.1090366645	0.0561258226	0.0325563359	0.0520151573	-0.0570510657	-0.0920800967	-0.1009034542	0.1238876298	0.0848688284	0.0110417544	0.0695649341	0.0976165922	-0.0289665018	0.0954828701	-0.0379283987	-0.0433442158	0.106934169	0.0424390708	-0.1581764954	-0.0356679708	-0.0732519642	-0.0369768644	-0.057466214	0.0096661699	-0.0115711333	0.0221342982	0.0968983087	-0.0393892371	-0.2483113066	0.1927664123	0.06800152	-0.1259161521	0.1165232592	-0.1013839798	0.0812449131	0.0107865254207126	0.0126260842906304	0.0001163491306516	0.0001594180045141	0.1054953434382355	0.0180700795932295	0.0111292674871512	0.0003265277765056	-0.1913396453260247	0.0276577616199346	0.0007649517778251	0.0366108598734889	0.0016866651394193	-0.0004670971254485	2.181797246023449e-07	2.844839292532327e-06	-0.0005839705337287	-0.0001801864626842	3.410215842633827e-07	3.2467161334680635e-08	-0.0011500088615962	4.2057942393999934e-05	1.322520381749788e-06	1.768870518417017e-09	0.0	0.0	0.0
902.843829991766	3.024748961556384	815126.9813542009	9.14910628043642	1376.1969590130975	6.456522167430421	41.68667849852042	1893918.069996897	847.8042861515132	3.0578394798950512	718772.107616877	9.350382284804835	914.0045574871484	849.3812487236808	1.005314	28.97311	0.0821435253088248	0.0504309740244477	0.1385164871	0.152919087	0.0202297435	-0.086996807	0.061740464	0.0789166354	0.0024894451	-0.0521880221	-0.1570464215	-0.007697818	0.0005392439	-0.0027386047	-0.1192700874	-0.0093045132	0.0029322132	0.1331529461	-0.0105912475	-0.0666305401	0.0653975622	0.0191981928	-0.0717696914	0.1380329976	-0.1357623933	-0.01924214	0.0234393606	-0.0031773576	-0.1214084055	0.1942219648	0.1137666607	-0.1741936837	0.0470417947	0.0094906516	0.1480396571	0.0068155688	-0.0807886191	-0.0502797677	-0.0118274928	0.2086336958	0.0131373275	0.0743466962	-0.0597049263	-0.0812081414	0.1435241941	0.0945716179	0.0651779362	-0.0849887114	0.1875527956	-0.0854295636	-0.0170284274	-0.1003061569	0.0069252516	-0.0656028772	-0.2019935036	-0.0204251043	-0.1109033755	0.0293625727	-0.0396719047	-0.0579419657	-0.0709265561	0.0607239516	0.0100632938	-0.1542930929	-0.0269184785	-0.0040904222	-0.1171825547	0.0201635469	-0.0895560925	0.053836459	0.0361111653	-0.1633019898	0.0142046915	-0.1462365357	-0.1952687821	0.0214852287	-0.0166199524	0.0616866555	-0.0714003699	0.1539225825	-0.0168535583	0.0990992232	0.0720254383	0.0134508456	-0.091866653	0.1335987107	-0.043036381	-0.0691282578	0.1323660695	0.0661591632	0.0206431759	0.054319773	0.0179709123	0.1234109563	-0.0496500372	-0.0194172759	0.0953936848	-0.117995281	-0.0714262363	0.0989864081	0.1081825194	-0.0555830458	0.0519702839	0.1169032844	-0.0331667724	0.165520503	0.0831966498	0.1657211589	-0.0496327614	0.1125880256	-0.0036655263	-0.004129252	-0.0043035593	0.0087767572	0.0769348477	0.076735405	-0.0664520527	0.0769920987	0.0211145178	0.1520775778	-0.133173474	-0.0169592967	0.1885464551	-0.1266188352	0.1192723348	-0.1073422654	0.0912870929	0.022867189123886	0.0120806637031734	0.0005229083384275	0.0001459424355091	0.0593033287910742	-0.0461920146471612	0.0035168848057022	0.0021337022171635	-0.1933514574259049	-0.0020118120998801	4.047387925224336e-06	0.0373847860887215	0.0019937086600972	0.0003070435206778	9.427572359027989e-08	3.974874221346572e-06	-0.0005840174810531	-4.694732439998808e-08	3.41076418175608e-07	2.2040512683177164e-15	-0.0010199186324263	0.0001300902291699	1.040234016770334e-06	1.6923467725477124e-08	0.0	0.0	0.0
901.567398726648	-1.276431265118049	812823.7744467347	1.629276774570863	1374.023737604478	-2.173221408619611	4.722891290882606	1887941.231500579	849.4638535116493	1.659567360136066	721588.8384228607	2.7541638228289904	916.5981551489878	864.766816198046	1.035261	29.836185	0.1325152802013497	0.0681449732528619	0.0811805576	0.1692135242	-0.1439818408	0.0268356563	-0.0201807389	-0.0941143126	-0.0211848618	-0.1404617785	0.0050312189	0.0408982999	-0.0011414139	0.0081056965	-0.0185553738	0.0265336588	0.222229169	-0.0565585814	0.044386842	-0.1669335959	-0.1229204568	0.1006958657	-0.0473711345	0.053657258	0.0806623908	-0.066312598	0.1125092748	-0.0427858267	0.0846750082	0.0625730639	0.1120144652	-0.0101606231	0.0622341877	0.0570510669	0.0085764703	0.0573931394	-0.0828973089	0.1456691919	0.1689608099	0.0769205567	-0.0041791601	-0.1016626657	-0.0435011023	0.1013515215	0.0197261794	-0.0800285067	-0.010435495	-0.1002536109	0.0783253986	-0.0200421545	-0.0241122423	-0.1743038754	-0.0036767283	0.0186450592	0.0538555196	-0.0910554635	0.1245139017	0.0873270817	-0.000135479	0.0722816596	0.0099689601	0.0490029934	0.1393447736	0.0232779396	-0.0217995318	-0.0133254747	0.0162882675	-0.1126179146	-0.0588346118	-0.0362587018	0.1730496743	0.0211635631	-0.1205054373	0.0834401956	-0.1479948444	-0.1026180263	-0.1116953714	-0.0357659258	-0.0339746922	0.0380679527	-0.0361974848	0.0767209028	-0.060727264	-0.0350147548	-0.153472967	0.0718760221	-6.95206e-05	-0.0304231452	0.0087670245	0.1307776053	0.0594172315	-0.1817189129	-0.012309753	0.0287504252	-0.0885703818	0.1309416597	-0.0028748727	0.0433362685	-0.0730316475	0.0987009377	0.0878267127	-0.0083610004	0.0887202904	0.1165998707	-0.1695477235	0.1292640572	0.0923737822	-0.090123963	-0.0121518554	0.0964437251	0.0233009716	0.0344596438	0.0394777957	0.0179296313	-0.1019243938	0.1050732204	-0.0497162283	0.0626739012	-0.0670264978	-0.0188326457	-0.0192776749	0.1324579863	-0.110078098	-0.1272347401	0.1216944932	-0.1126387502	0.1003291122	0.0350250205392228	0.0121578314153368	0.0012267520637729	0.0001478128647237	0.1152256004420024	0.0559222716509282	0.0132769389972199	0.0031273004666002	-0.2037946165545747	-0.0104431591286698	0.0001090595725867	0.0415322457366261	0.0016866734629061	-0.000307035197191	9.427061231417756e-08	2.844867370471655e-06	-0.0010010602353902	-0.0004170427543371	1.0021215948794829e-06	1.7392465894507478e-07	-0.0006641562238262	0.0003557624086	4.4110348964707764e-07	1.265668913729445e-07	0.0	0.0	0.0
896.8013064928275	-4.766092233820473	804252.5833272423	22.715635181283822	1372.0112953634823	-2.012442240995597	4.04992377334338	1882414.9946049808	846.6855466173124	-2.778306894336879	716876.4148506571	7.718989199119833	914.7991290637876	830.1430774795675	1.072538	30.910513	0.1401756263497087	0.0768180346342836	0.0400074516	-0.0196263584	0.0164530965	-0.0359923227	-0.049108749	0.0679221446	-0.0367243605	0.0618831337	-0.1424699135	-0.0619058177	-0.0646445432	-0.0574965833	-0.0047536205	0.0221073329	0.1153163356	0.06782139	-0.0705684351	-0.0293570513	0.0465588069	-0.1038295315	0.1002524848	-0.0441562055	-0.0511935604	-0.1343830568	0.1209025222	0.036598913	0.080135491	-0.0636141961	0.0599766304	0.0642917488	0.0929254354	0.016429234	-0.1163477993	0.0445979229	-0.0783491288	-0.0573780794	0.0747522543	-0.0746012626	-0.124782115	-0.029968617	-0.1393287954	-0.2432453287	-0.1005911141	-0.1307100928	-0.1314033264	-0.2219342506	-0.0079016936	0.0834136974	0.1067905568	0.1411026094	0.0458439444	-0.0336065494	-0.0579392355	0.0148893889	0.1100192393	-0.1637539678	-0.0640952398	-0.0689230808	-0.0047685622	-0.0304693436	-0.0910526708	-0.1265699281	-0.0402566396	0.0277472881	-0.0169782478	-0.1224018074	0.0501042082	-0.1245749814	-0.0247602378	0.0588674593	-0.0121360094	0.07756966	0.0115588022	-0.1703114918	-0.0257076845	-0.0529246726	0.1362079465	-0.1572172784	0.0497576832	-0.1272252517	0.0044479385	-0.1326024719	-0.163814405	0.0534071393	-0.2079825078	0.0523997874	0.1084273618	0.0851062644	0.0670733517	0.0401736106	0.1568387533	-0.0546575945	0.0766734921	0.1802224661	-0.0964054616	-0.0034491754	0.0754056207	0.083024368	0.047108089	0.1025061488	0.015920354	0.1568607701	0.0301902027	0.0981177074	0.0177101624	-0.0068793622	-0.0365112051	0.0721600112	-0.0892922173	-0.1074876125	0.1601688356	-0.0435094576	-0.0961368065	0.0547262179	0.0034309242	-0.0180717109	0.0003060583	0.0666913501	0.1072618274	0.0807772315	-0.0446605512	-0.1277634447	0.1237830955	-0.1172407796	0.1082719048	0.0271420372845199	-0.0078829832547029	0.0007366901879542	6.214142499392634e-05	0.050037292253279	-0.0651883081887234	0.00250373061604	0.0042495155245079	-0.1645672440595973	0.0392273724949774	0.0015387867528597	0.027082377817371	0.0019902395867191	0.0003035661238129	9.21523915268496e-08	3.961053612543814e-06	-0.0007606750964772	0.000240385138913	5.786266024005975e-07	5.7785015010222304e-08	-0.0006777442093263	-1.3587985500099946e-05	4.5933721327533154e-07	1.846333499509264e-10	0.0	0.0	0.0
894.5137930184627	-2.2875134743648005	800154.9259002771	5.232717895400521	1362.9440933676326	-9.0672019958497	82.21415203354078	1857616.601645718	845.5081648694304	-1.1773817478820092	714884.0568608718	1.386227780245695	912.4900065005024	805.4726608026807	1.04092	29.999287	0.0801461150976794	0.0308186885263045	0.0885630238	-0.1448001802	0.0919847749	0.1216847603	0.2165972341	0.0230108465	0.0072706136	-0.0517762926	-0.1300798667	0.1058615333	-0.0247371805	0.1746469582	0.1389455461	-0.1774401634	0.0216878977	-0.0303306469	-0.1026232523	-0.0145054629	0.0034176606	-0.1961137822	0.0432330156	-0.0618862586	0.0662679776	0.0525132716	0.1262959862	-0.0595200969	-0.0385354089	0.0975423005	0.0783581541	-0.0626259159	0.1381332242	-0.0049487147	0.0004021131	-0.0224320393	-0.0815320399	0.0506944432	-0.0953153571	0.0068355809	0.060852124	0.0929294378	0.1597728495	0.0695883662	-0.037003311	0.0825666261	-0.0020896265	0.0775966048	-0.0282716163	0.0846950442	0.0046366601	0.0836463918	0.0503179842	-0.0381190635	0.0540866206	0.0247066362	0.0980106713	0.0273030428	0.0727922585	-0.0754842	0.0477376052	0.0801024323	-0.0393365483	-0.1188340366	0.013652639	-0.1142376089	0.1824786432	0.0498266677	0.0760052988	-0.017740349	-0.0737141826	-0.02132709	-0.0257367736	-0.0234991039	-0.0206057496	-0.0572438658	-0.158264289	-0.0066450984	-0.0558536813	0.1550583523	-0.0269945205	0.0289571811	0.0701493445	-0.0873277147	0.0698524859	-0.0780635113	0.0667931003	0.047368697	-0.0775951548	-0.14720144	0.0572485427	0.0859710592	0.0417377594	-0.0443444642	0.0508917013	-0.0907939444	-0.1157758199	-0.0526197483	0.0512416357	0.0994179335	-0.1078802546	-0.0200244229	0.0134783956	0.1523080065	0.0723626515	0.0221961108	-0.0275381614	0.0144134691	-0.1481337032	0.0512747393	-0.0426135134	-0.0876757585	0.0544433162	0.0678444961	0.0993653301	0.1225990497	0.2157417457	0.1516784904	-0.1409545686	0.0684499599	-0.0002126137	-0.0088741294	0.1333355304	-0.1282045865	0.1255324169	-0.1211199807	0.1150284477	0.0349355298125857	0.0077934925280657	0.001220491243286	6.073852578501743e-05	0.0661433905563058	0.0161060983030268	0.004374948114284	0.0002594064025467	-0.1501824639513955	0.0143847801082017	0.0002069218987613	0.0225547724785122	0.0023477564307945	0.0003575168440753	1.2781829379763376e-07	5.511960258336929e-06	-0.0005310902026005	0.0002295848938767	2.820568032982401e-07	5.27092234963756e-08	-0.0009278773545419	-0.0002501331452156	8.609563850716747e-07	6.256659033544845e-08	0.0	0.0	0.0
899.3356993623997	4.82190634393703	808804.7001476566	23.250780789700176	1365.838650288301	2.894556920668492	8.378459766989865	1865515.218621368	848.2214924406229	2.713327571192508	719479.7002381977	7.362146508593435	914.8402275879534	836.0261627268568	1.222699	35.23814	0.4068549188806504	0.2425152020997459	-0.1048995893	-0.0164941776	0.1389212326	0.0383439519	-0.0055437832	-0.2005703893	0.0991442036	-0.0135835432	0.1419474732	0.0862300641	0.0948295921	0.0902794356	-0.1436191048	-0.0143993334	-0.0407811637	0.1433799404	0.0365406788	0.0130512065	-0.0315625911	-0.1840506527	-0.1155775542	-0.0593228762	-0.0093751157	0.0509294737	-0.0231522252	0.03070788	0.0588467947	-0.0806360483	-0.0150711972	0.1687342873	0.0239229061	0.1116026112	0.1974075506	-0.0415251528	0.1365702835	-0.0307523144	-0.1883087976	0.0483226881	0.0682950335	0.0933884267	-0.047843746	-0.0824785433	-0.0993494448	0.1008486278	0.0838235915	0.0409602702	0.0253293006	0.089592784	0.0183060833	-0.0431477736	-0.0514433252	-0.0265116519	0.0200536517	0.0832067022	-0.0559411828	0.1103510655	-0.1110968258	0.2229110181	0.1686470897	0.0817568121	0.0246268172	0.0705586328	0.1310661809	-0.0955316129	0.0287137709	0.1818630644	-0.1532258629	0.0508414698	-0.0293519854	0.0824082679	0.1195926665	0.0371942555	0.1335063519	-0.0906105453	0.1562414075	-0.1746355588	-0.0159682188	0.1918904506	0.0790290482	0.016320239	0.1973977423	0.0413358707	0.0641176579	0.0975914782	-0.086638734	-0.0615021999	0.0034520725	0.0525351433	-0.05777132	0.0724341229	0.0097506355	-0.0235328726	-0.0960694799	-0.1066730239	-0.0203486292	0.0137082263	-0.0023394047	-0.1223986747	-0.0627849213	-0.2332574047	0.0805536388	0.0300628228	-0.0355539994	-0.0727377324	0.2133560136	0.0587926683	-0.1038725417	-0.0457214217	-0.1530288549	-0.1325132869	0.1481132427	-0.0053804555	0.0815134908	-0.2134570581	-0.0717286041	0.0454864488	-0.0215462585	-0.07234566	-0.183774111	-0.06557978	-0.1087854601	-0.1285578634	0.1269376627	-0.1242524367	0.1205247148	0.0676937415030636	0.0327582116904779	0.0045824426386835	0.0010731004331581	0.0512988406316878	-0.014844549924618	0.0026315710501553	0.0002203606624644	-0.319533034122955	-0.1693505701715594	0.0286796156174322	0.1021013598958215	0.0049180603137332	0.0025703038829387	6.60646205064976e-06	2.4187317249517503e-05	-0.0007077009070972	-0.0001766107044967	5.008405739061997e-07	3.11913409428207e-08	0.0001232397999026	0.0010511171544445	1.5188048280032886e-08	1.104847272367503e-06	0.0	0.0	0.0
901.4235475013446	2.087848138944878	812564.4119899089	4.359109851295591	1364.4645346248851	-1.374115663415978	1.888193856445133	1861763.4662491044	851.2222676938636	3.000775253240704	724579.3490178837	9.004652120461811	917.4773731070349	847.0755459723072	1.266208	36.492065	0.2165380763290254	0.1162205192466211	-0.1295430283	0.0970321928	0.0412472456	0.0064707817	0.0922264246	0.1603277321	-0.0908697198	0.0394856903	-0.0697977311	0.0581192548	-0.2389517105	-0.0185220612	-0.0479218131	0.1472001652	-0.0619345908	-0.0223842968	0.1637891874	-0.1243477867	0.0534847368	-0.1537664919	-0.07662659	-0.0990439176	-0.0404086368	-0.0764348391	0.1131017706	-0.0128656266	-0.0609506887	-0.1540962019	-0.0091620274	0.0048072983	-0.1883348591	0.008007735	-0.1871495184	-0.1509228277	0.115726548	-0.0418512992	-0.1416419656	-0.0959654837	-0.0868104116	-0.0152650593	0.0459524232	0.1267890261	0.0480174704	-0.1138672035	0.011012926	-0.0470221175	0.1687589412	-0.0663879685	0.0219810141	0.1326263602	0.024039418	0.1222785859	-0.0968550145	-0.0183304354	-0.000223463	0.0410589637	-0.0238053752	-0.0838315541	0.1081658218	-0.0945458267	0.0194102961	-0.1090651231	-0.0524549411	-0.1915468959	-0.1320768597	-0.0577726421	0.043107815	-0.1092650395	0.0694713804	0.0203845367	0.2527885945	-0.084955146	0.115970285	-0.1691509064	0.0280864279	0.0435108541	0.1474293161	-0.1483414658	0.0404917576	-0.0471195973	-0.0064840086	-0.0392408936	-0.0063337438	-0.2071795883	0.1553681404	0.0841539373	-0.0208716673	0.0395174592	-0.1303991816	0.0163882313	-0.0690225596	0.056483542	0.0874750639	0.1549343735	0.1698453566	-0.0483704315	-0.0195475505	-0.0810037866	0.0289496082	0.1478100068	-0.0270948783	0.1873977806	0.0063336105	-0.0612693442	0.0716256548	0.0655770511	0.0109804623	-0.2202402772	0.0588754581	-0.056982726	0.1339496089	0.0034404808	-0.1030355243	-0.0854498486	-0.0490725645	-0.158926963	0.0513010872	-0.0550054082	0.1256831957	-0.2650641359	-0.006802555	-0.1288230331	0.1279949812	-0.1266188352	0.124700488	0.0889612835800335	0.0212675420769698	0.0079141099762071	0.0004523083459956	0.1034926066967472	0.0521937660650594	0.0107107196408876	0.0027241892160541	-0.2467008076560688	0.0728322264668861	0.0053045332121237	0.0608612884981566	0.0037910708077016	-0.0011269895060316	1.2701053467053498e-06	1.4372217869007265e-05	-0.0005335712998328	0.0001741296072643	2.8469833200526377e-07	3.0321120126054175e-08	0.0002270115210088	0.0001037717211062	5.1534230670728853e-08	1.0768570101342958e-08	0.0	0.0	0.0
894.9716560220809	-6.451891479263736	800974.2650829059	41.626903660196	1369.5830757141114	5.118541089226255	26.1994628820975	1875757.8012825253	848.3029519737989	-2.9193157200646738	719617.8983274614	8.522404273416726	917.932506060416	834.6295254930158	1.141492	32.897778	0.0932491952465463	0.0525986804366015	-0.0501086669	-0.0573363996	-0.0085201937	0.0765392188	0.1380552474	-0.0573697482	-0.1086471756	-0.1035985794	0.0503012372	0.0785374472	0.0501174869	0.0502075105	0.2815209209	-0.0143355135	0.0062972369	-0.0458295732	0.0125174475	-0.0546995746	0.0093539357	0.1378730575	0.0564602481	-0.202211147	0.1041676961	0.031146425	0.0855425822	-0.0612339578	-0.0017191963	-0.0729193639	-0.0936857952	0.0427588607	0.1068903337	-0.1178931473	-0.205373997	-0.0685931102	0.0450445445	0.0062165043	-0.0634771755	0.0512358301	0.1232209282	0.0195539442	0.0314159948	0.0629860626	-0.0676295888	0.0144648875	0.0201297278	0.0027734955	-0.08896866	-0.0814743567	0.0057350947	0.0296990391	0.033253648	-0.0097733872	-0.0289938152	-0.1122026542	0.0880375993	0.0174411003	0.0344078864	0.1528723968	-0.0870075896	-0.0830235549	0.0955209	-0.0040063615	0.0115650107	-0.0210609515	0.2896734438	-0.1412234348	0.0731456559	-0.0609348687	-0.0209689947	0.072543265	0.067210014	-0.1024021855	0.1153616382	-0.0272111077	-0.0891653671	-0.0196416428	-0.0090499038	-0.1065047163	-0.1219659855	0.0206242507	-0.0068372663	-0.0216793611	0.1419556603	-0.1095873803	0.122521553	-0.1948463506	-0.0701419665	-0.1384978715	-0.05859546	-0.019156264	-0.0814634509	-0.0330932713	-0.0155109489	-0.022798978	-0.0306570831	-0.1182581711	0.0198584732	-0.0321972436	-0.1147133038	0.0817005401	-0.0879612419	0.1586983618	-0.0614789911	-0.072544318	0.0575504693	0.0068116031	-0.1717323572	-0.0785353071	0.0338564812	-0.1638213342	-0.1219200938	0.0302721608	-0.0577196489	0.0043266146	0.1251935595	0.0571032635	-0.0008141499	-0.0943365192	0.0715418681	-0.2438670872	0.0515980422	-0.1289999139	0.1287014744	-0.1282045865	0.1275100165	0.0826672653132334	-0.0062940182668	0.0068338767543685	3.961466594281326e-05	0.0676475740471858	-0.0358450326495614	0.0045761942744694	0.0012848663656481	-0.210012456419534	0.0366883512365348	0.0013460351164553	0.0441052318513666	0.0037391167752066	-5.195403249500007e-05	2.699221492491523e-09	1.3980994258631404e-05	-0.0006488503995776	-0.0001152790997448	4.2100684103201124e-07	1.3289270837971552e-08	0.000348214250642	0.0001212027296331	1.212531643501696e-07	1.4690101670538577e-08	0.0	0.0	0.0
892.5494950227775	-2.422160999303401	796644.6010654151	5.866863906546449	1368.016546316708	-1.5665293974034284	2.4540143529291485	1871469.2709962933	845.5507427809179	-2.7522091928810823	714956.0586173619	7.574655441379138	914.2605677973309	812.4534223930858	1.007205	29.02762	0.0298180746146044	0.0152033403944124	-0.0776293828	-0.1989386338	-0.1446862059	-0.0757131828	-0.0339000734	-0.013213201	-0.0793046625	-0.0886348284	0.0753417135	-0.2082716596	0.0518864201	-0.1619935017	0.1550019943	-0.1049542885	-0.1263666914	0.0805216407	-0.0436868559	0.0490962546	0.0158034877	0.166996287	0.1184209234	0.0284679549	0.0965731478	0.0564183856	0.0698175594	-0.0572247795	0.0231124231	-0.0661068688	-0.0453971513	0.0776465833	-0.0154695287	0.0798332901	0.0722559107	0.0811595677	0.0147418095	-0.0877816371	-0.0047699873	0.0251432037	0.0585611614	-0.0213936833	-0.0040931705	-0.0479595937	-0.1325773211	0.0938697736	0.0544051263	0.0091059235	-0.0354910473	-0.1529807913	0.052086127	-0.0027443008	-0.126439961	0.0709197298	-0.082766276	-0.0955465856	-0.0664471034	-0.1098732377	0.0454800803	-0.0944005326	-0.1156246832	-0.0749509108	0.0433072027	0.052777417	-0.0917638782	0.2398293431	0.0614022304	0.0077840682	0.0445623838	0.1033054248	-0.1388610686	0.0486337128	0.0972457765	-0.0123796114	0.0380307519	-0.1015903074	-0.073010269	-0.0252081835	-0.1136762254	-0.0222396529	-0.0602818072	0.043217893	-0.1057615897	0.0221919101	-0.0412141916	0.0191438638	-0.0952299348	-0.0569485393	0.0040683162	-0.0960140425	-0.0420624326	-0.0308511261	0.0402800685	0.080415541	-0.0013871592	0.0226209781	-0.1681035873	-0.0245954712	0.1723690395	-0.03108863	-0.1390843572	0.1057957163	-0.0912016442	0.0169925433	-0.0470171996	-0.0961336393	0.0506146984	0.0949162625	-0.1877215416	-0.0581400467	0.07591844	-0.1340189663	-0.0362681923	-0.0276761584	-0.1013607758	-0.0364490841	-0.145366555	0.0364613436	0.0029277606	-0.1314803877	-0.0854170151	-0.1137033688	-0.0756411842	-0.1290883846	0.1290552057	-0.1289999139	0.1289225186	0.0875706746866029	0.0049034093733694	0.0076686230650668	2.4043423482847863e-05	0.0738262067668245	0.0061786327196386	0.0054503088055779	3.817550228418991e-05	-0.2022481353945977	0.0077643210249362	6.028468097826778e-05	0.0409043082705915	0.0035791371436717	-0.0001599796315349	2.5593482506042402e-08	1.2810222693210416e-05	-0.000672314601978	-2.3464202400399996e-05	4.520069240328366e-07	5.505687942869367e-10	0.0003842046466399	3.599039599790001e-05	1.4761321049969044e-07	1.2953086040856571e-09	0.0	0.0	0.0
