#!ascii label  , from subject sub-v1s8x0051340_ses-1 vox2ras=TkReg
3928
116131  3.262  -27.684  88.765 0.1250000000
114812  3.150  -27.747  89.793 0.1250000000
114003  3.358  -29.224  88.635 0.1250000000
47860  2.459  -27.695  90.647 0.1250000000
116000  3.613  -27.585  87.849 0.1250000000
129529  3.455  -29.180  87.675 0.1250000000
46966  0.169  -29.123  89.290 0.1250000000
47894  3.411  -28.122  86.006 0.1250000000
48805  3.315  -27.172  85.919 0.1250000000
46973  -0.016  -28.673  88.428 0.1250000000
46979  -0.139  -28.043  87.747 0.1250000000
46980  -1.028  -28.120  87.373 0.1250000000
48806  2.998  -26.930  85.055 0.1250000000
118946  2.444  -26.571  84.318 0.2500000000
47885  -1.387  -27.499  86.992 0.1250000000
47895  -1.987  -27.666  86.484 0.1250000000
123017  2.012  -25.198  83.370 0.2500000000
47896  -2.806  -27.708  86.238 0.1250000000
48822  1.966  -27.099  83.704 0.2500000000
130257  1.755  -25.995  82.450 0.3750000000
50626  1.899  -24.938  82.447 0.2500000000
47913  -3.122  -27.160  85.666 0.1250000000
47914  -4.041  -27.203  85.566 0.1250000000
50641  1.819  -24.813  81.614 0.2500000000
133477  1.766  -24.817  81.072 0.2500000000
121900  1.842  -24.321  80.342 0.3750000000
51641  1.732  -23.788  80.038 0.3750000000
52644  1.523  -23.375  79.730 0.5000000000
124261  1.858  -23.842  79.319 0.3750000000
52645  1.175  -23.028  79.494 0.5000000000
52660  1.572  -23.501  79.041 0.3750000000
119144  3.479  -26.901  88.405 0.1250000000
48754  3.046  -27.065  90.167 0.1250000000
118573  2.722  -27.054  90.342 0.1250000000
46957  2.178  -28.329  90.999 0.1250000000
46958  1.612  -28.396  90.853 0.1250000000
46965  0.895  -28.640  90.006 0.1250000000
47883  3.462  -27.393  86.873 0.1250000000
46972  0.354  -28.424  89.153 0.1250000000
47870  0.386  -27.020  88.895 0.2500000000
48793  3.199  -26.406  85.786 0.1250000000
47875  0.326  -27.837  88.548 0.1250000000
49724  3.229  -25.684  86.119 0.1250000000
49734  2.944  -25.868  85.127 0.2500000000
49749  2.429  -25.517  84.245 0.2500000000
123489  2.395  -24.442  84.164 0.3750000000
121936  2.033  -24.210  83.265 0.3750000000
48794  -1.572  -26.936  86.426 0.1250000000
48795  -2.197  -27.102  85.864 0.1250000000
121935  1.888  -24.137  82.276 0.3750000000
51616  1.723  -23.483  82.033 0.3750000000
48808  -2.577  -26.426  85.394 0.1250000000
117691  -3.496  -26.584  85.177 0.1250000000
121934  1.821  -24.288  81.243 0.2500000000
115116  1.459  -22.786  81.689 0.5000000000
52632  1.512  -23.139  80.573 0.5000000000
48823  -3.858  -26.084  84.622 0.1250000000
51628  1.705  -23.632  80.960 0.3750000000
53620  0.759  -22.423  80.022 0.5000000000
51652  1.945  -23.897  78.698 0.5000000000
53638  0.637  -22.602  79.255 0.6250000000
133141  1.845  -24.139  78.024 0.3750000000
52676  0.794  -23.324  78.198 0.5000000000
53639  0.178  -22.062  78.884 0.6250000000
50704  1.736  -24.704  77.697 0.2500000000
128403  1.240  -23.648  77.782 0.3750000000
49855  1.116  -24.820  76.794 0.2500000000
49856  0.544  -25.338  75.874 0.2500000000
50549  -0.586  -24.011  90.341 0.2500000000
51516  -1.215  -23.132  90.620 0.2500000000
50551  -0.050  -24.674  89.899 0.2500000000
50552  -0.863  -24.186  89.968 0.2500000000
51521  -1.289  -23.349  90.144 0.3750000000
49704  3.190  -25.602  88.575 0.1250000000
48764  3.001  -26.399  89.782 0.1250000000
47854  1.300  -26.726  90.556 0.1250000000
48755  0.885  -26.417  90.443 0.2500000000
48766  0.418  -26.308  89.547 0.2500000000
115144  0.309  -25.531  89.668 0.2500000000
126760  -0.089  -25.057  89.367 0.3750000000
50553  -1.469  -23.505  89.686 0.2500000000
115754  3.532  -26.180  88.170 0.1250000000
47861  1.792  -27.629  90.656 0.1250000000
48765  0.713  -26.722  90.122 0.1250000000
49701  -0.696  -24.932  89.219 0.3750000000
112139  3.576  -26.052  87.518 0.1250000000
47869  0.640  -27.523  89.562 0.2500000000
48782  -0.373  -26.319  87.806 0.2500000000
48792  3.440  -26.402  86.706 0.1250000000
50591  3.219  -24.849  86.395 0.1250000000
47876  0.213  -27.110  87.988 0.2500000000
50592  3.069  -25.085  85.668 0.2500000000
120647  2.878  -24.791  84.933 0.3750000000
51582  2.330  -23.385  84.949 0.3750000000
47884  -0.616  -27.281  87.406 0.1250000000
48783  -1.061  -26.619  87.140 0.1250000000
116552  -1.300  -26.038  86.646 0.1250000000
126020  2.205  -23.511  84.151 0.3750000000
48807  -1.732  -26.278  85.832 0.1250000000
49735  -1.479  -25.337  86.164 0.1250000000
52613  1.574  -22.817  82.867 0.3750000000
49750  -2.551  -25.027  84.777 0.1250000000
53583  1.277  -22.534  80.993 0.5000000000
49737  -2.959  -25.858  84.853 0.1250000000
127414  0.550  -21.826  80.482 0.5000000000
113246  0.299  -21.202  80.583 0.5000000000
53621  0.298  -21.812  79.747 0.6250000000
54620  -0.173  -21.082  79.945 0.6250000000
54632  -0.097  -21.572  79.199 0.6250000000
54633  -0.550  -21.433  79.152 0.6250000000
132689  0.314  -22.849  77.973 0.5000000000
53657  -0.018  -22.280  78.233 0.6250000000
53641  -0.973  -21.658  78.548 0.6250000000
54634  -1.687  -21.128  78.372 0.6250000000
50705  1.581  -24.555  77.222 0.2500000000
113437  1.063  -23.703  77.099 0.3750000000
52677  0.545  -23.218  77.429 0.5000000000
53684  -1.049  -22.401  77.437 0.5000000000
53659  -1.515  -21.725  77.832 0.6250000000
50713  0.765  -24.475  76.186 0.2500000000
51670  0.447  -23.462  76.603 0.5000000000
50721  0.370  -24.821  75.240 0.2500000000
53483  0.201  -21.153  91.092 0.7500000000
129623  -0.015  -20.189  90.751 0.7500000000
54485  -0.554  -19.968  90.628 0.8750000000
124098  0.772  -23.273  90.898 0.7500000000
117690  0.559  -22.320  90.913 0.8750000000
123857  -0.316  -21.810  91.178 0.7500000000
54480  -0.556  -20.802  90.804 0.7500000000
54486  -1.165  -20.543  90.636 0.8750000000
111503  1.984  -24.541  90.776 0.5000000000
113987  1.806  -24.034  90.971 0.6250000000
50544  1.147  -24.032  90.991 0.6250000000
50545  0.389  -23.690  90.805 0.7500000000
52523  -0.005  -22.810  91.026 0.8750000000
52524  -0.743  -22.390  91.175 0.6250000000
52525  -1.246  -22.092  91.022 0.7500000000
53484  -1.001  -21.448  90.901 0.7500000000
49691  2.389  -24.676  90.430 0.3750000000
49686  1.886  -25.241  90.606 0.5000000000
50547  1.403  -24.717  90.872 0.5000000000
50548  0.745  -24.457  90.803 0.5000000000
51515  -0.414  -23.240  90.924 0.5000000000
132953  -0.719  -23.471  90.714 0.6250000000
130318  -1.073  -22.824  91.078 0.6250000000
52527  -1.579  -22.313  90.747 0.7500000000
53485  -1.646  -21.401  90.644 0.7500000000
127590  2.451  -25.318  90.233 0.1250000000
49687  1.226  -25.412  90.737 0.2500000000
49688  0.816  -25.469  90.595 0.3750000000
120199  0.406  -24.755  90.386 0.3750000000
52528  -2.160  -21.900  90.502 0.7500000000
50559  2.867  -24.976  88.995 0.1250000000
49690  2.730  -25.858  89.952 0.1250000000
48749  1.540  -26.034  90.533 0.2500000000
49689  0.496  -25.379  90.121 0.3750000000
49692  0.157  -25.025  89.646 0.3750000000
52531  -2.450  -22.194  90.179 0.6250000000
52529  -2.689  -21.680  90.321 0.7500000000
50569  3.140  -25.019  88.313 0.2500000000
49723  3.427  -25.436  87.073 0.1250000000
50581  3.162  -24.150  87.404 0.3750000000
51556  3.127  -23.391  86.848 0.5000000000
51568  3.008  -23.427  86.141 0.5000000000
52580  2.194  -23.183  85.298 0.5000000000
50601  3.077  -24.153  85.684 0.3750000000
52590  1.790  -22.695  84.877 0.6250000000
126686  1.719  -22.588  84.280 0.5000000000
54572  1.214  -21.497  83.440 0.5000000000
118409  1.852  -23.439  83.106 0.3750000000
53556  1.514  -22.308  83.598 0.5000000000
53569  0.946  -21.556  82.577 0.5000000000
53568  1.298  -22.148  82.673 0.5000000000
54592  0.644  -21.192  82.040 0.5000000000
54608  0.356  -20.763  81.398 0.6250000000
54607  0.636  -21.491  81.170 0.5000000000
54621  -1.044  -20.910  79.696 0.6250000000
54622  -1.880  -20.488  79.074 0.7500000000
54635  -2.507  -20.620  78.282 0.7500000000
52694  -0.648  -22.838  76.805 0.5000000000
53660  -2.177  -21.491  77.309 0.6250000000
54648  -2.276  -21.100  77.736 0.6250000000
130621  -2.973  -20.714  77.674 0.6250000000
50714  0.277  -23.955  75.696 0.3750000000
51671  -0.193  -23.232  76.190 0.5000000000
132072  0.136  -24.500  74.989 0.3750000000
54479  0.854  -20.510  90.870 1.0000000000
128879  -0.057  -19.491  90.609 0.7500000000
114814  1.938  -22.336  90.113 0.8750000000
53487  1.640  -21.441  90.300 0.8750000000
53482  0.922  -21.572  90.781 0.8750000000
55462  -0.353  -19.171  90.558 0.8750000000
51517  2.147  -23.237  90.435 0.7500000000
52522  1.446  -22.501  90.569 0.8750000000
132077  1.064  -22.937  90.815 0.8750000000
118561  -0.903  -19.811  90.586 0.8750000000
55463  -0.968  -19.376  90.527 0.8750000000
52526  2.609  -23.345  90.080 0.6250000000
51518  1.452  -23.408  90.882 0.8750000000
116680  -1.449  -20.016  90.603 0.8750000000
50550  2.643  -24.088  90.041 0.6250000000
121746  2.974  -21.279  89.613 0.8750000000
129831  3.144  -20.844  89.228 0.8750000000
114915  2.792  -24.216  89.408 0.5000000000
112196  2.707  -24.955  89.829 0.2500000000
124753  3.075  -21.615  89.233 0.8750000000
54487  -1.900  -20.639  90.563 0.7500000000
116688  -2.136  -20.135  90.542 0.8750000000
51528  2.834  -23.612  89.046 0.7500000000
53488  -2.368  -21.215  90.445 0.7500000000
51536  2.978  -23.881  88.216 0.7500000000
112752  2.910  -24.410  88.679 0.5000000000
51546  3.063  -23.286  87.558 0.7500000000
52569  2.932  -22.893  86.507 0.6250000000
53525  1.896  -21.990  85.819 0.6250000000
120204  2.023  -22.790  85.571 0.6250000000
53544  1.485  -21.928  84.332 0.5000000000
55571  0.026  -20.458  80.805 0.6250000000
55572  -0.641  -20.363  80.462 0.7500000000
55559  -1.123  -19.586  80.753 0.7500000000
55573  -1.494  -20.063  79.994 0.7500000000
55560  -1.993  -19.193  80.264 0.7500000000
55574  -2.416  -19.665  79.540 0.7500000000
55575  -3.276  -19.215  79.129 0.6250000000
56623  -3.741  -18.360  79.426 0.6250000000
55588  -3.607  -19.422  78.315 0.6250000000
131023  -1.316  -22.527  76.747 0.5000000000
53686  -2.506  -21.751  76.717 0.6250000000
53661  -2.892  -21.073  77.052 0.6250000000
51680  -0.452  -23.556  75.537 0.5000000000
52719  -1.187  -22.941  75.881 0.5000000000
54665  -3.579  -20.862  76.540 0.6250000000
116894  -0.981  -23.539  75.151 0.5000000000
51681  -1.837  -23.291  75.067 0.6250000000
51696  -0.325  -24.153  74.847 0.3750000000
51697  -1.310  -23.928  74.530 0.2500000000
54484  0.487  -19.573  90.772 0.8750000000
55461  0.385  -18.753  90.681 0.8750000000
54483  1.508  -20.395  90.337 1.0000000000
127858  1.098  -19.765  90.755 1.0000000000
54482  1.939  -21.046  89.901 1.0000000000
124597  1.864  -20.322  89.808 1.0000000000
120927  1.232  -18.749  90.537 1.0000000000
54481  2.619  -21.047  89.595 0.8750000000
124921  2.442  -20.309  89.308 0.8750000000
55468  2.556  -19.768  89.192 1.0000000000
55464  -1.652  -19.546  90.511 0.8750000000
113836  2.664  -22.524  89.909 0.7500000000
53491  2.914  -22.092  89.742 0.8750000000
55472  2.644  -19.874  89.175 1.0000000000
115428  2.396  -18.886  89.350 1.0000000000
112542  1.971  -18.444  89.211 1.0000000000
55465  -2.373  -19.612  90.355 0.8750000000
51520  2.809  -23.418  89.699 0.7500000000
116719  3.098  -20.950  88.533 0.8750000000
55486  1.984  -19.707  88.576 0.8750000000
56544  1.860  -18.951  88.736 1.0000000000
54488  -2.580  -20.660  90.380 0.7500000000
52538  2.914  -22.689  89.151 0.7500000000
53504  3.083  -21.995  88.492 0.7500000000
120953  2.413  -20.765  87.984 0.8750000000
124112  1.804  -20.320  86.913 0.7500000000
53489  -2.984  -21.220  90.188 0.7500000000
52549  2.931  -22.988  88.428 0.7500000000
52558  3.078  -22.453  87.653 0.7500000000
53514  2.736  -21.561  87.646 0.8750000000
123598  1.556  -20.376  85.969 0.7500000000
55501  1.463  -19.612  85.731 0.7500000000
53524  2.306  -21.730  86.636 0.6250000000
55508  1.312  -19.744  85.138 0.6250000000
54529  1.564  -21.220  85.453 0.6250000000
55519  1.271  -20.293  84.544 0.6250000000
116548  1.427  -21.172  84.764 0.6250000000
55532  0.613  -19.842  83.569 0.5000000000
56588  -0.229  -19.200  82.948 0.7500000000
54552  1.363  -21.041  84.152 0.6250000000
54553  1.007  -20.518  83.685 0.5000000000
55533  0.241  -19.799  82.927 0.5000000000
124279  0.554  -20.311  83.089 0.5000000000
56600  -0.814  -18.920  82.030 0.7500000000
55557  0.062  -20.027  81.564 0.6250000000
55546  -0.376  -19.466  81.740 0.7500000000
56601  -1.351  -18.457  81.682 0.7500000000
57649  -1.853  -17.711  82.023 0.7500000000
55558  -0.380  -19.816  81.131 0.6250000000
56610  -0.882  -19.196  81.406 0.7500000000
56602  -2.237  -18.051  81.348 0.7500000000
56622  -3.046  -18.980  80.008 0.6250000000
56612  -2.636  -18.488  80.671 0.6250000000
56634  -3.987  -18.609  78.580 0.6250000000
52697  -3.766  -21.860  75.586 0.6250000000
53688  -3.917  -21.090  75.914 0.6250000000
54666  -4.093  -20.349  76.224 0.6250000000
54649  -3.624  -20.356  77.109 0.6250000000
54636  -3.324  -20.201  78.018 0.6250000000
52720  -2.378  -22.715  75.583 0.6250000000
52696  -2.896  -22.107  75.981 0.6250000000
53687  -3.285  -21.472  76.327 0.6250000000
118895  -2.360  -23.695  74.378 0.5000000000
50724  -1.821  -24.423  73.818 0.3750000000
56532  1.003  -18.323  90.880 1.0000000000
56533  0.635  -17.886  90.876 0.8750000000
56534  0.122  -18.254  90.668 0.8750000000
130847  -0.473  -18.604  90.561 0.8750000000
55458  1.864  -19.661  89.303 1.0000000000
56530  1.625  -17.996  89.699 1.0000000000
117768  -1.168  -18.816  90.487 1.0000000000
56540  1.828  -18.875  89.108 1.0000000000
57578  1.868  -17.874  89.233 1.0000000000
120988  2.008  -17.050  89.341 1.0000000000
131884  2.449  -17.140  89.010 1.0000000000
58568  2.400  -16.647  89.212 1.0000000000
121933  2.588  -16.071  89.263 1.0000000000
121235  2.597  -20.214  88.415 0.8750000000
55493  1.818  -19.618  87.571 0.8750000000
124499  1.773  -18.180  87.662 1.0000000000
57587  1.836  -17.531  88.141 1.0000000000
58575  2.139  -16.145  88.378 1.0000000000
121932  2.627  -15.873  88.927 1.0000000000
124540  -2.759  -20.170  90.282 0.8750000000
55494  1.669  -19.572  86.558 0.7500000000
57594  1.856  -17.480  87.326 1.0000000000
121114  1.758  -16.799  87.195 1.0000000000
53490  -3.129  -20.618  90.073 0.7500000000
56565  1.232  -18.940  85.538 0.7500000000
58597  1.351  -16.845  86.727 1.0000000000
55509  0.957  -19.483  84.812 0.7500000000
58598  0.848  -16.912  86.433 1.0000000000
56566  0.704  -18.647  85.068 0.8750000000
56567  0.262  -18.600  84.458 1.0000000000
56576  0.008  -18.883  83.777 0.7500000000
57622  -0.460  -18.483  83.373 0.8750000000
56590  -1.079  -18.155  82.314 0.7500000000
57650  -2.814  -17.366  81.820 0.7500000000
57664  -3.158  -17.702  81.058 0.7500000000
56613  -3.458  -18.045  80.263 0.6250000000
57665  -3.811  -17.130  80.544 0.7500000000
125131  -4.486  -19.857  75.041 0.6250000000
117090  -4.421  -19.675  75.791 0.6250000000
56635  -4.449  -18.115  78.038 0.6250000000
56624  -4.384  -17.681  78.789 0.6250000000
54685  -4.469  -20.605  74.595 0.6250000000
53726  -4.423  -21.322  74.844 0.6250000000
54675  -4.370  -20.612  75.388 0.6250000000
54650  -4.273  -19.593  76.641 0.6250000000
55601  -3.939  -19.553  77.488 0.6250000000
52722  -4.258  -21.828  75.075 0.6250000000
52721  -4.016  -22.378  74.976 0.6250000000
51683  -3.554  -22.838  74.766 0.6250000000
51682  -2.857  -23.105  74.917 0.6250000000
51699  -3.308  -23.353  74.179 0.5000000000
57569  1.098  -17.506  91.190 1.0000000000
135092  1.342  -17.457  90.915 1.0000000000
129576  0.420  -17.557  90.933 1.0000000000
57570  -0.024  -17.762  90.739 1.0000000000
57568  1.783  -17.064  89.657 1.0000000000
123059  1.442  -16.968  91.108 1.0000000000
57571  -0.702  -17.961  90.647 1.0000000000
58559  1.890  -16.362  90.474 1.0000000000
59528  2.704  -15.226  89.491 1.0000000000
56549  1.809  -18.844  87.119 0.8750000000
58585  1.720  -16.106  87.808 1.0000000000
121931  2.404  -15.181  88.825 1.0000000000
113299  -3.011  -19.558  90.051 1.0000000000
56550  1.595  -18.843  86.275 0.8750000000
126007  1.812  -18.137  86.796 0.8750000000
58586  1.489  -16.125  87.276 1.0000000000
59550  1.888  -15.294  88.334 1.0000000000
54490  -3.483  -20.296  89.799 0.8750000000
125173  1.071  -18.237  85.693 0.8750000000
57595  1.632  -17.480  86.660 1.0000000000
58587  1.006  -16.096  86.822 1.0000000000
59563  1.211  -15.434  87.470 1.0000000000
54493  -3.869  -20.601  89.402 0.6250000000
127866  0.761  -17.945  85.578 1.0000000000
57605  1.101  -17.565  86.162 1.0000000000
58609  0.473  -17.384  85.933 1.0000000000
59564  0.318  -15.441  86.677 1.0000000000
54494  -4.205  -20.757  88.874 0.5000000000
57613  0.283  -17.908  85.036 1.0000000000
58610  -0.206  -17.136  85.662 0.8750000000
57615  -0.400  -17.582  84.721 0.8750000000
57635  -0.848  -17.982  83.045 0.7500000000
58623  -1.016  -17.164  84.432 0.7500000000
57636  -1.518  -17.479  82.743 0.7500000000
57625  -2.472  -16.509  82.722 0.7500000000
57651  -3.405  -16.870  81.365 0.7500000000
57681  -4.445  -16.947  79.224 0.6250000000
57680  -4.150  -17.431  79.720 0.6250000000
56673  -4.328  -18.297  75.608 0.6250000000
56655  -4.385  -17.805  76.388 0.6250000000
57703  -4.401  -17.286  77.180 0.6250000000
57692  -4.529  -17.459  77.929 0.6250000000
54700  -4.327  -20.527  73.825 0.6250000000
55613  -4.471  -18.744  76.256 0.6250000000
56645  -4.486  -18.125  77.204 0.6250000000
52744  -4.325  -21.995  74.497 0.6250000000
53743  -4.417  -21.355  74.105 0.6250000000
52759  -4.138  -22.200  73.653 0.6250000000
52743  -4.005  -22.699  74.307 0.5000000000
51715  -3.269  -23.689  73.208 0.3750000000
123670  0.806  -17.205  91.311 1.0000000000
57560  -0.255  -17.082  90.973 1.0000000000
58560  1.585  -16.182  91.304 1.0000000000
56535  -1.945  -18.884  90.303 1.0000000000
59519  2.495  -15.615  90.531 1.0000000000
56536  -2.733  -18.837  90.080 1.0000000000
54489  -3.197  -20.096  90.036 1.0000000000
55469  -3.963  -19.988  89.627 0.7500000000
60479  2.172  -14.421  88.808 1.0000000000
54495  -4.397  -20.356  89.160 0.7500000000
59562  1.561  -15.393  87.865 1.0000000000
58599  0.227  -16.406  86.322 1.0000000000
58611  -0.859  -16.815  85.332 0.8750000000
58600  -0.559  -15.948  85.918 0.8750000000
59584  -1.068  -16.002  85.522 0.8750000000
59590  -1.748  -15.600  84.113 0.7500000000
58612  -1.370  -16.335  84.912 0.8750000000
58625  -2.129  -16.169  83.324 0.7500000000
58636  -2.705  -16.041  82.677 0.7500000000
58648  -3.406  -16.188  81.575 0.7500000000
58661  -3.782  -16.309  80.739 0.5000000000
123380  -2.857  -16.216  77.670 0.7500000000
58706  -2.939  -16.724  76.973 0.7500000000
57666  -4.253  -16.475  79.852 0.5000000000
57736  -3.773  -17.723  75.565 0.6250000000
57719  -3.631  -17.195  76.199 0.6250000000
58707  -3.875  -16.609  76.944 0.6250000000
58680  -4.433  -16.735  77.841 0.6250000000
120245  -4.509  -16.861  78.553 0.6250000000
58670  -4.418  -16.403  79.088 0.6250000000
57737  -4.035  -18.119  75.188 0.6250000000
56693  -4.247  -18.709  74.894 0.6250000000
55652  -4.071  -19.709  73.681 0.6250000000
120814  -3.784  -22.996  73.662 0.5000000000
52773  -3.603  -22.884  72.950 0.5000000000
51732  -3.107  -23.628  72.314 0.1250000000
57561  -1.142  -17.130  90.868 1.0000000000
58548  0.112  -16.187  91.390 1.0000000000
127157  0.597  -15.813  91.660 1.0000000000
58561  0.781  -16.541  91.573 1.0000000000
58562  0.411  -17.069  91.169 1.0000000000
57572  -1.552  -18.010  90.500 1.0000000000
56528  -2.452  -17.964  90.320 1.0000000000
132818  1.715  -15.458  91.359 1.0000000000
60455  1.401  -14.846  91.578 1.0000000000
116693  2.848  -14.830  91.070 1.0000000000
56529  -3.315  -17.905  90.335 1.0000000000
61355  3.063  -13.703  89.694 1.0000000000
55466  -3.598  -19.476  89.848 1.0000000000
60485  1.396  -14.695  87.871 1.0000000000
62257  -22.857  -12.499  87.185 0.7500000000
62260  -22.705  -11.819  87.095 0.7500000000
131283  0.772  -15.310  87.158 1.0000000000
59574  -0.259  -15.387  86.281 1.0000000000
59575  -1.018  -15.242  85.696 0.8750000000
60495  -1.175  -13.775  84.961 0.8750000000
59576  -1.232  -14.608  85.340 0.8750000000
59585  -1.387  -15.403  85.139 0.8750000000
59591  -2.213  -15.507  83.147 0.7500000000
59597  -3.148  -15.660  81.702 0.7500000000
60511  0.361  -14.148  79.261 0.8750000000
60513  -0.448  -14.528  79.494 0.8750000000
59601  -3.497  -15.805  80.943 0.6250000000
59618  0.464  -15.376  78.119 0.8750000000
59619  -0.288  -15.584  78.326 0.8750000000
112865  -1.056  -15.058  79.113 0.8750000000
59602  -4.003  -15.798  80.126 0.5000000000
125706  -0.754  -16.724  76.902 0.7500000000
58678  -0.783  -16.152  77.809 0.7500000000
126465  -1.231  -15.710  78.575 0.7500000000
59620  -2.062  -15.596  79.157 0.7500000000
59621  -3.173  -15.528  78.915 0.7500000000
59612  -4.227  -15.872  79.299 0.6250000000
58705  -1.795  -17.055  76.823 0.7500000000
57718  -2.443  -17.325  76.257 0.7500000000
58691  -1.863  -16.563  77.472 0.7500000000
58692  -3.617  -16.212  77.510 0.7500000000
58693  -4.033  -16.260  77.457 0.6250000000
59633  -4.025  -15.928  77.954 0.6250000000
56692  -3.704  -18.649  74.474 0.6250000000
54699  -3.771  -20.364  73.189 0.6250000000
125683  -3.101  -20.266  72.734 0.6250000000
53742  -4.090  -21.261  73.353 0.6250000000
54714  -3.387  -20.999  72.671 0.6250000000
53755  -3.609  -21.947  72.760 0.5000000000
52772  -3.033  -22.685  71.951 0.1250000000
58549  -0.832  -16.265  91.337 1.0000000000
57562  -2.153  -16.897  90.569 1.0000000000
57563  -3.090  -17.061  90.616 1.0000000000
59507  0.663  -15.100  91.760 1.0000000000
60454  2.320  -14.781  91.263 1.0000000000
56538  -4.218  -18.360  90.044 1.0000000000
60458  3.145  -14.075  90.977 1.0000000000
55470  -4.551  -19.686  89.388 0.7500000000
61371  1.917  -13.753  88.612 1.0000000000
61365  2.701  -14.355  89.295 1.0000000000
55473  -5.120  -19.791  88.897 0.7500000000
61368  -22.133  -12.542  87.462 0.8750000000
62256  -22.474  -12.114  87.259 0.7500000000
63150  -22.342  -11.354  87.290 0.8750000000
63157  -22.511  -11.111  87.181 0.7500000000
61375  1.566  -13.906  88.076 1.0000000000
132909  -22.669  -12.719  87.302 0.8750000000
134899  -22.597  -11.976  87.151 0.8750000000
64097  -22.658  -9.990  86.969 0.6250000000
65048  -22.905  -9.323  86.737 0.8750000000
64102  -23.164  -10.192  86.626 1.0000000000
118515  1.159  -14.042  87.708 1.0000000000
59539  -21.113  -14.710  87.424 0.6250000000
63167  -23.061  -10.893  86.792 0.7500000000
64103  -23.864  -10.359  86.162 0.8750000000
65061  -24.226  -9.532  85.679 0.7500000000
60487  0.307  -14.586  86.993 1.0000000000
58574  -20.236  -15.178  86.900 0.6250000000
63168  -23.499  -11.062  86.543 0.8750000000
59565  -0.276  -14.528  86.410 0.8750000000
65093  1.124  -9.515  82.639 0.8750000000
64139  1.312  -10.370  82.142 0.8750000000
61384  -0.858  -13.343  85.236 0.8750000000
127394  1.372  -11.062  81.783 0.8750000000
63205  1.299  -11.476  81.218 0.8750000000
119981  1.188  -12.257  81.468 0.8750000000
60497  -1.902  -14.757  83.521 0.7500000000
62287  1.216  -12.197  80.592 0.7500000000
61397  0.808  -12.771  81.053 1.0000000000
61401  0.320  -13.385  81.016 0.8750000000
60501  -2.172  -14.711  82.140 0.7500000000
62290  1.125  -12.676  79.705 0.8750000000
61400  0.682  -13.071  80.373 0.8750000000
122244  -0.208  -14.114  80.217 0.8750000000
131822  0.006  -13.864  80.660 0.8750000000
60508  -0.505  -14.269  80.506 0.8750000000
60516  0.958  -14.096  78.629 0.7500000000
60509  -1.297  -14.645  80.298 0.7500000000
59631  0.651  -15.702  77.486 0.7500000000
59599  -2.394  -15.159  80.444 0.7500000000
59611  -3.782  -15.538  79.507 0.7500000000
115737  -3.334  -15.533  80.300 0.7500000000
57734  -1.967  -17.800  75.767 0.7500000000
56670  -1.149  -18.041  75.460 0.6250000000
55636  -3.038  -18.976  73.893 0.6250000000
54698  -2.214  -19.983  72.896 0.6250000000
58550  -1.654  -16.300  91.012 1.0000000000
59508  0.105  -15.217  91.695 1.0000000000
59509  -0.670  -15.294  91.600 1.0000000000
59510  -1.752  -15.323  91.460 1.0000000000
58551  -2.958  -16.319  91.098 1.0000000000
60445  0.148  -14.435  92.010 0.8750000000
57564  -3.967  -17.000  90.785 1.0000000000
117307  1.382  -14.075  91.637 1.0000000000
120303  2.114  -14.043  91.306 1.0000000000
61351  3.249  -13.401  90.508 1.0000000000
55474  -6.179  -18.902  89.085 0.7500000000
55471  -5.151  -18.965  89.473 0.6250000000
62252  2.515  -13.581  89.147 1.0000000000
115022  -6.683  -19.057  88.409 0.7500000000
55479  -5.823  -19.508  88.293 0.7500000000
65972  0.736  -8.665  84.148 0.7500000000
61364  -21.607  -13.448  87.527 0.7500000000
66889  0.630  -8.206  83.868 0.7500000000
59549  -20.407  -15.076  87.208 0.7500000000
65980  0.750  -8.587  83.457 0.8750000000
65991  0.935  -8.854  83.025 0.8750000000
65078  0.826  -9.489  83.521 0.8750000000
65062  -25.228  -9.516  85.009 0.5000000000
131019  0.904  -8.381  82.861 0.8750000000
64128  1.077  -10.321  82.914 0.8750000000
128001  -0.201  -12.902  85.783 0.8750000000
66002  1.051  -8.784  82.313 0.7500000000
63197  1.248  -11.215  82.455 0.8750000000
61391  -0.529  -13.105  83.452 0.8750000000
61390  -1.140  -13.551  83.947 0.8750000000
65103  1.162  -9.662  81.767 0.7500000000
113326  1.143  -12.155  82.217 0.8750000000
62284  0.762  -12.830  81.744 1.0000000000
126707  -1.540  -14.039  83.536 0.8750000000
60500  -1.669  -14.256  82.764 0.8750000000
64153  1.210  -10.543  81.213 0.7500000000
61398  0.164  -13.298  81.825 1.0000000000
121216  1.476  -11.166  80.497 0.7500000000
60503  -0.139  -13.921  81.112 0.8750000000
112749  -0.936  -14.200  81.354 0.7500000000
60505  -2.024  -14.694  81.279 0.7500000000
59596  -2.615  -15.129  81.697 0.7500000000
112678  1.259  -13.168  78.862 0.8750000000
59600  -2.864  -15.324  81.065 0.7500000000
112870  1.481  -14.243  77.854 0.7500000000
58689  0.331  -16.032  77.022 0.7500000000
58704  0.411  -16.006  76.651 0.6250000000
57716  -0.221  -17.057  76.237 0.7500000000
57733  -0.419  -17.594  75.627 0.6250000000
56669  -0.502  -18.092  75.003 0.6250000000
56688  0.062  -18.045  74.386 0.6250000000
57574  -4.950  -17.381  90.483 0.8750000000
61338  0.952  -13.522  91.990 0.7500000000
57573  -4.135  -17.681  90.375 1.0000000000
63103  2.993  -12.494  90.836 1.0000000000
129329  2.659  -12.944  91.416 1.0000000000
117439  -5.895  -18.261  89.699 0.6250000000
62245  2.350  -12.674  89.395 0.8750000000
62244  3.005  -12.998  89.802 1.0000000000
55481  -7.414  -18.961  87.933 0.7500000000
59548  -18.294  -14.340  86.974 0.7500000000
134280  -19.459  -14.726  87.004 0.7500000000
60473  -20.942  -14.222  87.518 0.6250000000
66876  0.661  -8.375  84.673 0.7500000000
120433  0.856  -8.923  84.817 0.8750000000
62259  1.800  -12.454  87.953 0.8750000000
62258  2.029  -13.076  88.648 0.8750000000
55487  -6.905  -19.412  86.863 0.3750000000
123191  -16.722  -14.597  85.286 0.7500000000
58604  -17.547  -14.759  85.566 0.6250000000
120643  -19.009  -14.652  86.621 0.7500000000
132973  -20.435  -14.700  87.484 0.7500000000
119662  0.745  -8.540  85.575 0.7500000000
65051  0.926  -9.237  85.077 0.8750000000
62263  0.629  -12.539  87.003 1.0000000000
111815  -17.019  -14.790  84.894 0.7500000000
111701  -17.979  -15.094  84.993 0.6250000000
58591  -18.485  -15.072  85.585 0.6250000000
111767  -19.109  -14.964  86.101 0.6250000000
66877  0.383  -7.827  84.523 0.5000000000
111781  -15.797  -14.882  83.577 0.5000000000
58618  -16.400  -14.881  84.274 0.6250000000
64121  0.749  -10.293  83.629 0.8750000000
65981  0.808  -8.036  83.114 0.7500000000
63190  0.856  -10.975  83.169 1.0000000000
62273  0.385  -11.511  85.041 1.0000000000
62268  0.101  -12.221  85.371 1.0000000000
61389  -0.729  -13.088  84.388 0.8750000000
62282  0.442  -12.588  82.548 1.0000000000
62274  0.150  -11.940  84.302 1.0000000000
125795  -27.261  -9.738  83.854 0.5000000000
65091  -27.623  -8.755  83.357 0.6250000000
61394  -0.308  -13.257  82.604 0.8750000000
62279  -0.031  -12.684  83.119 0.8750000000
61395  -0.956  -13.903  82.284 0.8750000000
64118  -27.296  -10.554  83.827 0.6250000000
119412  -27.563  -9.561  83.137 0.7500000000
65104  0.858  -9.283  81.398 0.7500000000
132354  -0.352  -13.749  81.858 0.7500000000
60504  -1.558  -14.322  81.973 0.7500000000
64127  -27.470  -10.682  83.270 0.7500000000
116134  1.577  -11.726  79.656 0.7500000000
64165  1.436  -10.399  80.322 0.7500000000
132205  1.436  -12.375  78.981 0.7500000000
61406  1.492  -13.576  78.121 0.7500000000
60519  1.531  -14.653  77.360 0.7500000000
58688  0.787  -15.671  77.092 0.6250000000
58703  0.414  -16.239  76.018 0.6250000000
113379  -0.028  -17.108  75.708 0.6250000000
56668  -0.088  -17.558  75.112 0.6250000000
56687  0.670  -17.647  73.946 0.6250000000
55633  -0.291  -18.649  73.834 0.6250000000
56710  0.429  -18.254  73.583 0.6250000000
55670  0.426  -19.381  71.451 0.2500000000
125373  0.514  -19.503  70.751 0.1250000000
56539  -6.266  -17.582  90.250 0.7500000000
67757  -0.071  -7.028  88.871 0.5000000000
133765  0.351  -7.590  89.022 0.6250000000
127460  0.574  -7.903  89.184 0.6250000000
62236  1.619  -12.617  91.277 0.8750000000
67763  -0.419  -6.778  87.794 0.5000000000
67758  -0.438  -6.490  88.752 0.5000000000
67762  -0.088  -7.198  88.162 0.5000000000
66844  0.449  -7.932  88.343 0.6250000000
65944  0.827  -8.456  88.648 0.6250000000
65012  1.196  -9.300  88.346 0.6250000000
63116  1.664  -11.621  89.926 0.7500000000
119548  1.718  -12.118  90.500 0.8750000000
66851  -0.008  -7.550  87.166 0.5000000000
134608  0.340  -7.969  86.986 0.6250000000
65947  0.901  -8.575  86.870 0.7500000000
112470  1.239  -9.115  86.388 0.7500000000
64089  1.401  -9.911  86.825 0.7500000000
131362  1.429  -9.864  87.704 0.7500000000
64072  1.603  -10.661  87.664 0.8750000000
63138  1.848  -11.146  88.310 0.7500000000
63126  2.052  -11.908  88.718 0.8750000000
55488  -7.544  -18.691  86.890 0.6250000000
58590  -17.534  -14.467  86.188 0.6250000000
67764  -0.934  -6.286  87.436 0.5000000000
66860  -0.104  -7.760  86.199 0.5000000000
66859  0.318  -8.111  86.280 0.5000000000
65955  0.988  -8.715  86.121 0.7500000000
119717  1.120  -9.125  85.564 0.8750000000
65050  1.138  -9.599  85.449 0.8750000000
63160  1.014  -10.698  85.878 1.0000000000
129788  1.093  -11.037  86.514 1.0000000000
63151  1.319  -11.715  87.254 0.8750000000
62262  1.262  -12.435  87.450 0.8750000000
134035  -7.117  -19.561  85.319 0.2500000000
55495  -7.130  -19.074  85.935 0.5000000000
58589  -16.813  -14.351  85.795 0.6250000000
66866  -0.001  -7.487  85.260 0.5000000000
66865  0.396  -8.032  85.387 0.6250000000
58631  -15.214  -15.034  82.950 0.3750000000
58602  -16.060  -14.725  84.878 0.5000000000
66878  -0.033  -7.385  84.505 0.5000000000
120850  -15.599  -14.751  84.261 0.2500000000
63180  0.576  -10.829  83.919 1.0000000000
63179  0.639  -10.323  84.383 1.0000000000
63171  0.714  -11.141  85.575 1.0000000000
122478  0.599  -7.713  82.737 0.6250000000
65992  0.910  -8.118  82.496 0.6250000000
62281  0.792  -11.751  82.877 1.0000000000
63181  0.480  -11.449  83.595 1.0000000000
62278  0.278  -12.130  83.342 0.8750000000
65110  0.932  -9.953  80.871 0.7500000000
120690  -27.517  -9.852  82.720 0.7500000000
63212  1.683  -10.907  79.820 0.7500000000
65118  1.234  -9.950  80.012 0.7500000000
64138  -27.435  -10.469  82.683 0.7500000000
118673  -27.526  -9.584  82.227 0.7500000000
63221  1.804  -11.111  79.159 0.6250000000
63204  -27.307  -11.129  82.546 0.7500000000
63203  -27.334  -10.277  82.106 0.7500000000
59639  1.260  -15.119  76.967 0.6250000000
58716  0.570  -16.395  75.168 0.6250000000
57749  0.873  -17.129  74.200 0.6250000000
57759  1.227  -17.289  73.612 0.6250000000
56709  1.086  -17.910  73.332 0.6250000000
55662  0.756  -18.631  72.057 0.3750000000
55669  0.755  -18.819  71.144 0.2500000000
115181  -6.887  -18.118  89.751 0.7500000000
56545  -8.026  -18.230  88.542 0.6250000000
68691  -0.829  -5.965  88.260 0.5000000000
56551  -7.736  -18.329  86.006 0.6250000000
57588  -8.415  -17.597  86.169 0.3750000000
67769  -0.500  -7.108  86.940 0.5000000000
56552  -8.187  -18.141  85.296 0.2500000000
58616  -14.204  -14.798  83.927 0.3750000000
58617  -14.812  -14.623  84.482 0.5000000000
133682  -15.441  -14.640  84.678 0.3750000000
67777  -0.724  -7.372  86.071 0.5000000000
56556  -7.892  -18.991  84.478 0.2500000000
129862  -8.478  -18.523  84.330 0.3750000000
66867  -0.648  -7.234  85.196 0.5000000000
55511  -8.242  -18.985  84.030 0.2500000000
56568  -9.027  -17.943  84.303 0.1250000000
128138  -12.915  -15.043  82.989 0.1250000000
111448  -15.013  -14.809  83.697 0.3750000000
66890  0.345  -7.719  83.620 0.5000000000
56569  -9.394  -17.825  83.785 0.1250000000
56578  -9.790  -17.637  83.159 0.1250000000
58630  -14.393  -14.973  83.093 0.3750000000
65988  -28.151  -7.884  83.122 0.3750000000
65111  0.780  -9.579  80.498 0.6250000000
65102  -27.750  -8.962  82.419 0.7500000000
65092  -27.976  -8.400  82.742 0.6250000000
112201  1.624  -12.689  78.021 0.7500000000
62291  1.654  -11.735  78.619 0.7500000000
62293  1.867  -12.724  77.220 0.7500000000
120070  1.687  -11.849  77.715 0.7500000000
63220  -26.863  -11.421  81.168 0.6250000000
113441  -27.194  -10.754  81.674 0.7500000000
61411  1.846  -14.241  76.934 0.7500000000
60523  1.202  -14.666  76.618 0.7500000000
59643  0.644  -15.604  75.358 0.6250000000
58724  0.940  -16.575  74.360 0.6250000000
60531  0.499  -15.192  74.970 0.6250000000
59646  0.780  -16.173  74.709 0.6250000000
56731  1.291  -18.048  72.598 0.6250000000
55675  0.648  -18.991  70.199 0.1250000000
68692  -1.278  -5.209  88.668 0.5000000000
134117  -9.163  -16.758  85.495 0.3750000000
68696  -1.386  -5.483  87.857 0.5000000000
57606  -9.048  -17.234  84.812 0.2500000000
57616  -9.428  -17.100  84.222 0.1250000000
59592  -12.819  -15.046  83.758 0.3750000000
67770  -1.205  -6.666  86.632 0.5000000000
58628  -12.156  -15.336  83.181 0.1250000000
129972  -0.327  -7.495  83.882 0.5000000000
57626  -10.253  -16.898  83.156 0.1250000000
58638  -11.532  -15.690  82.766 0.1250000000
57627  -10.757  -16.204  82.857 0.1250000000
57639  -11.172  -16.173  82.178 0.1250000000
66003  0.737  -8.479  81.700 0.6250000000
113912  0.542  -9.121  80.953 0.6250000000
130155  -28.448  -7.637  82.674 0.6250000000
65990  -29.019  -7.105  82.533 0.3750000000
66010  -28.769  -7.957  81.789 0.7500000000
66000  -28.455  -7.957  82.248 0.7500000000
64171  1.722  -10.406  79.332 0.6250000000
65131  1.448  -9.855  79.176 0.5000000000
116857  -27.423  -10.154  81.474 0.7500000000
64152  -27.677  -9.426  81.586 0.8750000000
116994  -28.377  -8.632  81.436 0.8750000000
63230  1.763  -10.959  78.304 0.6250000000
64163  -27.088  -10.567  80.892 0.6250000000
64164  -27.636  -9.707  80.937 0.8750000000
128726  1.998  -13.430  76.942 0.7500000000
64169  -26.467  -10.459  80.039 0.7500000000
61414  0.421  -13.597  75.708 0.7500000000
60527  0.729  -14.641  75.822 0.6250000000
60528  0.178  -14.238  75.062 0.7500000000
59647  0.809  -15.975  74.460 0.6250000000
131355  1.232  -16.807  73.849 0.6250000000
59648  0.396  -15.643  74.188 0.5000000000
58730  1.329  -16.758  73.285 0.5000000000
58737  1.408  -16.708  72.565 0.3750000000
56743  1.156  -18.085  71.713 0.2500000000
56777  0.345  -18.408  69.637 0.1250000000
56760  0.887  -18.140  70.764 0.2500000000
56776  0.758  -18.059  69.987 0.2500000000
56801  -0.858  -18.322  69.359 0.1250000000
68700  -1.647  -5.767  87.062 0.5000000000
67778  -1.453  -6.920  85.873 0.5000000000
67788  -1.702  -7.200  85.123 0.5000000000
66879  -0.914  -7.345  84.491 0.5000000000
66880  -2.098  -7.562  84.321 0.5000000000
66903  -0.045  -7.665  82.188 0.3750000000
66004  0.057  -8.087  81.463 0.6250000000
66012  0.347  -8.983  80.016 0.5000000000
66001  -29.334  -7.338  82.131 0.3750000000
62295  1.606  -12.785  76.924 0.7500000000
63252  1.600  -11.948  77.212 0.7500000000
63237  1.643  -11.267  77.549 0.7500000000
65117  -28.092  -9.070  81.025 0.8750000000
62296  0.628  -12.832  76.321 0.6250000000
64170  -27.018  -9.893  80.349 0.7500000000
62302  -0.034  -12.748  75.560 0.7500000000
61412  1.142  -13.801  76.628 0.6250000000
64178  -26.164  -10.325  79.082 0.6250000000
61415  -0.276  -13.369  75.056 0.7500000000
59657  1.126  -16.492  73.180 0.5000000000
61421  -0.764  -14.079  74.665 0.6250000000
60532  -0.175  -14.825  74.510 0.6250000000
59652  0.885  -16.182  73.635 0.5000000000
122744  1.460  -16.727  71.827 0.2500000000
134554  1.226  -17.302  71.200 0.2500000000
60533  -1.200  -14.627  74.114 0.6250000000
59653  0.124  -15.893  73.118 0.5000000000
59658  0.807  -16.241  72.684 0.3750000000
59663  1.155  -16.100  71.686 0.2500000000
132514  0.972  -17.566  70.405 0.2500000000
57800  0.884  -16.932  69.592 0.1250000000
123512  -0.692  -17.675  69.238 0.1250000000
59654  -0.817  -15.401  72.955 0.5000000000
59659  -0.454  -15.475  72.280 0.3750000000
59664  0.833  -15.861  71.630 0.2500000000
59671  1.148  -15.569  70.665 0.1250000000
58760  1.120  -16.279  69.762 0.1250000000
58768  0.296  -16.411  68.972 0.1250000000
57803  -1.319  -17.751  69.324 0.1250000000
59665  0.306  -15.789  71.912 0.2500000000
122538  0.551  -15.175  71.026 0.2500000000
60555  0.917  -15.284  70.984 0.2500000000
126521  1.246  -15.724  70.034 0.1250000000
58767  0.813  -16.336  69.252 0.1250000000
67771  -1.979  -6.151  86.299 0.5000000000
67779  -2.342  -6.600  85.583 0.5000000000
66892  -1.348  -7.716  83.570 0.3750000000
65993  -1.186  -7.912  82.575 0.3750000000
122595  -29.778  -6.979  82.450 0.2500000000
111377  0.123  -8.621  80.804 0.5000000000
66011  -29.635  -7.435  81.714 0.3750000000
66029  0.609  -8.825  78.966 0.3750000000
119704  -29.037  -7.981  81.423 0.6250000000
63238  1.269  -11.146  77.190 0.7500000000
65146  1.288  -9.756  77.581 0.6250000000
130978  -27.898  -9.242  80.669 0.8750000000
65126  -28.182  -8.859  80.300 0.8750000000
66022  -28.827  -8.383  80.759 0.6250000000
63270  0.019  -12.082  76.062 0.7500000000
63253  0.827  -11.879  76.719 0.7500000000
64200  0.947  -10.320  77.051 0.6250000000
65124  -26.746  -9.724  79.497 0.6250000000
66037  -27.985  -8.666  79.291 0.6250000000
63271  -0.561  -11.523  75.760 0.7500000000
64201  0.207  -10.237  76.394 0.7500000000
64179  -26.714  -9.716  78.358 0.8750000000
65137  -27.255  -9.011  78.823 0.7500000000
123841  -0.492  -12.166  75.564 0.8750000000
62303  -0.821  -12.652  75.211 0.7500000000
64190  -27.160  -9.940  77.328 0.8750000000
61416  -1.290  -13.318  74.789 0.6250000000
61423  -2.471  -13.818  74.050 0.5000000000
60539  -1.458  -14.895  73.314 0.5000000000
60557  -0.351  -14.960  71.389 0.2500000000
60556  0.836  -14.558  70.611 0.1250000000
60585  0.973  -14.854  69.468 0.1250000000
59687  0.722  -15.675  69.012 0.1250000000
58769  -0.493  -16.423  68.844 0.1250000000
127826  -1.541  -16.429  69.030 0.1250000000
132801  0.812  -15.271  70.917 0.1250000000
60566  1.091  -14.748  70.440 0.2500000000
59686  1.059  -15.646  69.541 0.1250000000
66893  -2.545  -7.781  83.424 0.3750000000
65994  -2.209  -8.364  82.158 0.3750000000
117742  -0.888  -8.434  80.833 0.5000000000
66910  -30.239  -7.122  82.126 0.3750000000
66023  -29.653  -7.539  81.041 0.3750000000
66916  -30.656  -7.285  81.490 0.3750000000
66038  -28.757  -8.471  79.657 0.6250000000
114252  -29.690  -7.927  79.904 0.5000000000
127244  -30.421  -7.530  80.605 0.3750000000
65157  0.654  -9.338  76.810 0.5000000000
64216  -0.576  -10.723  75.994 0.7500000000
65151  -27.569  -9.279  77.621 0.6250000000
65138  -28.101  -8.698  78.188 0.6250000000
66050  -28.608  -8.588  78.777 0.5000000000
62304  -1.881  -12.509  74.978 0.7500000000
64189  -26.247  -10.292  78.010 0.8750000000
61422  -1.763  -14.003  74.371 0.6250000000
61432  -2.695  -13.866  73.485 0.5000000000
60547  -1.306  -14.852  72.342 0.5000000000
60558  -1.175  -14.356  71.568 0.2500000000
117497  0.429  -14.262  70.662 0.1250000000
125907  1.178  -14.502  69.982 0.1250000000
60586  0.439  -14.933  68.746 0.1250000000
132856  -0.168  -15.258  68.510 0.1250000000
59689  -0.839  -15.598  68.596 0.1250000000
59690  -1.947  -15.519  68.936 0.1250000000
58770  -2.685  -16.244  69.168 0.1250000000
115837  -3.393  -14.904  68.847 0.1250000000
66917  -31.224  -7.027  82.003 0.2500000000
66051  -29.354  -8.566  78.887 0.3750000000
66039  -30.835  -7.864  79.793 0.3750000000
65158  -0.140  -9.323  76.269 0.5000000000
65139  -29.039  -8.979  78.046 0.5000000000
63273  -2.056  -11.602  75.356 0.5000000000
65152  -28.661  -9.393  77.350 0.5000000000
63285  -2.786  -12.016  74.881 0.5000000000
64192  -29.218  -10.005  76.776 0.5000000000
62320  -2.276  -13.307  74.490 0.5000000000
61424  -3.169  -13.227  74.028 0.5000000000
60540  -2.196  -14.432  72.956 0.5000000000
60548  -2.102  -14.072  72.074 0.5000000000
60567  1.068  -14.075  70.218 0.1250000000
61473  0.912  -13.482  69.900 0.1250000000
113772  0.332  -14.017  68.693 0.1250000000
60587  -0.471  -14.678  68.415 0.1250000000
61443  -2.731  -13.398  72.201 0.2500000000
61458  -1.378  -13.615  71.330 0.2500000000
62361  -0.541  -13.019  70.838 0.2500000000
61488  0.681  -13.458  69.302 0.1250000000
123765  -1.423  -14.935  68.594 0.1250000000
120208  -2.835  -15.441  68.919 0.1250000000
124660  -4.179  -15.030  69.131 0.1250000000
66024  -31.309  -7.586  80.735 0.3750000000
66061  0.099  -8.514  76.478 0.5000000000
66052  -30.337  -8.506  78.935 0.3750000000
64218  -2.170  -10.710  75.597 0.6250000000
64202  -0.604  -10.009  76.176 0.5000000000
114832  -29.977  -9.157  78.088 0.3750000000
65153  -29.716  -9.763  77.309 0.5000000000
65140  -30.932  -9.316  78.175 0.2500000000
63286  -3.536  -11.616  74.640 0.3750000000
62322  -3.694  -12.493  73.896 0.5000000000
64212  -29.622  -10.405  76.407 0.6250000000
114334  -29.907  -10.273  76.818 0.5000000000
130759  -3.220  -13.407  73.277 0.5000000000
126074  -2.790  -13.765  72.765 0.3750000000
62362  -1.515  -12.766  71.178 0.2500000000
62375  -0.820  -12.143  70.864 0.2500000000
63260  -29.154  -10.529  75.744 0.7500000000
61459  -2.232  -13.218  71.647 0.2500000000
62360  0.315  -13.364  70.444 0.1250000000
60588  -1.387  -14.223  68.359 0.1250000000
125181  -2.350  -14.686  68.685 0.1250000000
63261  -29.951  -10.636  76.020 0.6250000000
62389  -0.475  -12.971  68.347 0.1250000000
61508  -2.218  -13.798  68.310 0.1250000000
60590  -4.083  -14.359  68.687 0.1250000000
62309  -28.920  -10.830  74.592 0.8750000000
63276  -28.537  -10.796  74.959 0.8750000000
128151  -2.942  -13.350  68.117 0.1250000000
61509  -3.855  -13.627  68.209 0.1250000000
62327  -28.540  -11.171  73.954 0.7500000000
113698  -28.296  -11.393  73.275 0.5000000000
66025  -32.204  -7.848  80.794 0.3750000000
65127  -31.413  -8.612  78.969 0.3750000000
66040  -31.874  -8.160  79.935 0.3750000000
65165  -2.147  -9.744  75.811 0.2500000000
64217  -1.335  -10.298  75.924 0.5000000000
115062  -3.143  -10.247  75.463 0.3750000000
63274  -2.931  -11.185  75.184 0.5000000000
64227  -3.782  -10.871  74.917 0.3750000000
63287  -3.995  -11.932  74.140 0.3750000000
64193  -30.490  -10.178  77.043 0.5000000000
63292  -4.445  -11.377  73.767 0.3750000000
62338  -4.125  -12.102  73.470 0.3750000000
130095  -4.464  -11.473  72.778 0.2500000000
62350  -3.973  -12.311  72.737 0.2500000000
61433  -3.640  -12.785  73.358 0.2500000000
64213  -30.308  -10.431  76.586 0.6250000000
63295  -4.005  -11.833  72.206 0.2500000000
62364  -3.516  -12.339  72.121 0.2500000000
61460  -2.936  -12.808  71.897 0.2500000000
127819  0.621  -13.072  69.610 0.1250000000
63267  -35.337  -11.553  76.617 0.5000000000
64215  -36.392  -11.042  76.547 0.2500000000
120230  -2.996  -12.216  71.658 0.2500000000
62363  -2.356  -12.470  71.438 0.2500000000
62382  0.216  -12.567  69.653 0.1250000000
62388  0.232  -12.727  69.010 0.1250000000
61507  -1.299  -13.437  68.065 0.1250000000
62310  -29.635  -10.733  74.928 0.7500000000
63277  -29.444  -10.662  75.284 0.6250000000
62314  -34.388  -11.273  75.064 0.5000000000
62299  -35.266  -11.697  75.908 0.5000000000
63268  -35.987  -11.568  76.532 0.5000000000
63269  -36.675  -11.614  76.072 0.3750000000
64225  -37.162  -11.148  75.880 0.3750000000
63303  -0.636  -11.307  70.600 0.1250000000
63307  -0.268  -11.533  69.836 0.1250000000
63313  -0.161  -11.897  69.030 0.1250000000
62328  -29.320  -10.793  74.241 0.8750000000
62315  -35.152  -11.626  75.189 0.6250000000
62300  -35.855  -12.014  75.893 0.5000000000
62301  -36.505  -12.131  75.739 0.3750000000
63283  -37.489  -12.028  75.581 0.3750000000
62342  -28.933  -11.126  73.476 0.7500000000
62343  -29.932  -10.495  73.566 0.8750000000
62346  -33.978  -11.633  73.493 0.6250000000
126574  -36.426  -12.393  75.156 0.5000000000
62317  -37.122  -12.597  75.139 0.3750000000
112038  -29.223  -10.984  72.896 0.8750000000
114100  -31.086  -10.906  72.974 0.8750000000
62344  -31.982  -10.927  73.341 0.6250000000
62345  -33.002  -11.279  73.206 0.5000000000
114441  -31.076  -11.056  71.934 0.8750000000
62355  -32.212  -11.090  72.386 0.8750000000
65141  -31.895  -9.473  78.289 0.2500000000
120481  -31.293  -9.949  77.482 0.2500000000
63245  -31.007  -10.294  76.838 0.3750000000
64199  -35.679  -10.370  77.710 0.3750000000
65155  -35.630  -9.437  78.276 0.2500000000
65156  -36.088  -9.611  77.460 0.2500000000
63249  -34.848  -11.109  77.251 0.3750000000
64198  -35.032  -10.690  77.886 0.3750000000
65164  -36.281  -9.841  76.797 0.2500000000
63262  -30.779  -10.553  76.241 0.5000000000
64214  -36.176  -10.378  77.064 0.2500000000
64224  -36.512  -10.472  76.360 0.2500000000
63278  -30.193  -10.713  75.539 0.6250000000
63265  -33.983  -10.861  76.326 0.5000000000
63248  -34.188  -10.824  77.062 0.5000000000
63250  -35.454  -11.124  77.262 0.5000000000
63251  -35.964  -10.938  77.120 0.2500000000
65174  -36.889  -10.515  75.670 0.2500000000
63300  -4.048  -11.151  71.934 0.2500000000
64252  -3.175  -10.982  71.449 0.2500000000
63298  -2.491  -11.696  71.306 0.1250000000
62376  -1.730  -12.117  71.133 0.2500000000
62311  -30.382  -10.729  74.756 0.6250000000
63288  -31.560  -10.760  74.885 0.5000000000
126742  -31.983  -10.694  75.572 0.5000000000
63280  -32.851  -10.834  75.587 0.5000000000
63281  -33.749  -10.932  75.651 0.5000000000
63282  -34.586  -11.254  75.798 0.5000000000
63266  -34.721  -11.273  76.530 0.5000000000
63304  -1.381  -11.478  71.030 0.1250000000
62312  -32.573  -10.862  74.916 0.5000000000
62313  -33.504  -11.057  74.959 0.5000000000
62329  -31.192  -10.843  73.988 0.6250000000
62331  -33.287  -11.127  74.162 0.5000000000
62332  -34.165  -11.428  74.312 0.5000000000
61428  -37.505  -13.002  73.907 0.3750000000
64182  -34.674  -10.143  78.392 0.3750000000
65144  -34.438  -9.515  78.877 0.3750000000
130839  -35.208  -10.109  78.292 0.2500000000
130500  -31.470  -10.427  76.615 0.3750000000
64195  -32.746  -10.228  77.268 0.3750000000
64196  -33.658  -10.371  77.558 0.3750000000
63279  -31.058  -10.687  75.594 0.5000000000
63263  -31.627  -10.595  76.153 0.5000000000
64194  -31.807  -10.257  77.112 0.3750000000
64197  -34.413  -10.596  77.811 0.3750000000
114887  -36.332  -9.824  76.063 0.1250000000
65179  -37.228  -10.351  74.993 0.2500000000
63246  -32.308  -10.513  76.617 0.5000000000
63247  -33.325  -10.595  76.828 0.5000000000
64230  -37.731  -10.894  75.241 0.2500000000
130342  -32.340  -10.688  76.053 0.5000000000
63264  -33.071  -10.759  76.200 0.5000000000
64226  -38.147  -11.534  75.264 0.3750000000
63284  -38.532  -12.177  75.067 0.2500000000
61420  -37.740  -12.892  74.498 0.2500000000
62319  -39.322  -12.256  74.631 0.2500000000
60536  -37.408  -13.008  73.457 0.6250000000
62318  -38.795  -12.738  74.537 0.2500000000
65145  -35.042  -9.543  78.749 0.3750000000
66059  -35.929  -8.760  77.730 0.2500000000
64181  -33.983  -10.025  78.410 0.3750000000
66060  -36.181  -9.039  76.803 0.1250000000
123563  -36.548  -10.087  75.345 0.1250000000
64236  -38.038  -10.626  74.528 0.1250000000
64231  -38.568  -11.263  74.731 0.1250000000
63289  -39.068  -11.809  74.775 0.2500000000
64232  -39.542  -11.480  74.374 0.1250000000
134399  -36.843  -13.050  72.775 0.6250000000
60545  -37.860  -13.187  73.028 0.6250000000
61429  -38.411  -13.237  73.949 0.5000000000
130501  -37.782  -13.379  72.357 0.6250000000
60546  -38.710  -13.394  72.881 0.6250000000
66067  -35.853  -8.173  77.093 0.1250000000
66076  -35.995  -9.049  75.912 0.1250000000
116379  -36.046  -9.505  75.258 0.1250000000
61430  -39.454  -13.121  74.041 0.2500000000
62335  -39.833  -12.602  74.295 0.2500000000
63290  -40.095  -12.024  74.483 0.2500000000
61440  -39.173  -13.350  73.311 0.5000000000
61431  -40.303  -12.904  73.940 0.2500000000
122796  -37.487  -13.397  72.074 0.6250000000
60553  -38.261  -13.447  72.332 0.6250000000
61441  -39.606  -13.326  73.044 0.2500000000
113284  -37.005  -13.357  71.267 0.6250000000
59676  -36.855  -13.386  71.777 0.6250000000
59670  -37.875  -13.453  71.805 0.6250000000
62336  -41.077  -12.546  73.890 0.2500000000
63291  -41.053  -12.032  74.237 0.2500000000
61442  -40.442  -12.976  73.480 0.2500000000
62337  -41.711  -11.989  73.975 0.2500000000
60565  -38.976  -13.390  71.883 0.6250000000
60554  -38.835  -13.459  72.420 0.5000000000
61455  -40.398  -13.087  72.954 0.3750000000
59684  -37.050  -13.354  70.980 0.6250000000
59677  -37.310  -13.343  71.630 0.6250000000
135123  -38.347  -13.502  71.840 0.6250000000
61454  -39.561  -13.300  72.463 0.5000000000
60579  -37.218  -13.217  70.899 0.6250000000
61485  -38.504  -12.992  71.189 0.6250000000
61471  -39.431  -13.275  71.966 0.6250000000
61522  -37.488  -12.302  70.108 0.6250000000
61500  -38.100  -12.609  70.743 0.6250000000
62358  -40.924  -12.745  72.797 0.2500000000
62348  -41.074  -12.692  73.308 0.2500000000
62349  -41.982  -11.809  73.554 0.2500000000
62381  -40.149  -12.475  71.581 0.5000000000
62371  -40.614  -12.684  72.221 0.3750000000
62372  -41.230  -12.366  72.558 0.2500000000
61486  -39.287  -12.948  71.463 0.5000000000
61521  -36.853  -12.593  69.794 0.5000000000
62391  -37.073  -12.020  69.387 0.6250000000
63326  -37.046  -10.853  68.304 0.7500000000
62359  -41.621  -12.260  73.100 0.2500000000
63301  -40.963  -12.118  71.944 0.5000000000
61501  -38.826  -12.636  70.970 0.6250000000
63306  -41.297  -11.395  71.569 0.3750000000
62384  -38.049  -11.862  70.176 0.6250000000
62385  -38.689  -12.024  70.516 0.6250000000
63315  -38.046  -11.115  69.532 0.7500000000
63314  -37.356  -11.332  69.052 0.6250000000
64290  -38.067  -9.397  67.533 0.7500000000
64280  -37.531  -10.051  67.899 0.7500000000
63296  -42.147  -11.711  73.163 0.2500000000
63302  -41.739  -11.755  72.514 0.3750000000
63305  -40.454  -11.720  71.173 0.3750000000
133476  -38.545  -11.443  70.026 0.6250000000
63316  -38.835  -10.794  69.576 0.5000000000
63308  -39.176  -11.362  70.177 0.6250000000
63309  -39.962  -11.169  70.426 0.6250000000
64270  -38.451  -10.368  69.035 0.6250000000
64272  -39.994  -9.754  69.184 0.5000000000
64281  -38.445  -9.712  68.259 0.6250000000
65218  -39.391  -9.168  68.053 0.5000000000
65224  -38.870  -9.061  67.478 0.7500000000
65235  -38.306  -8.898  66.889 0.7500000000
66137  -39.887  -8.230  66.632 0.6250000000
66148  -40.328  -7.774  66.132 0.7500000000
128506  -40.842  -7.587  66.107 0.7500000000
67096  -40.730  -7.320  65.637 0.7500000000
64264  -39.573  -10.547  69.709 0.5000000000
134898  -39.859  -9.288  68.508 0.5000000000
65212  -40.636  -9.531  69.402 0.5000000000
65226  -40.232  -8.683  67.851 0.5000000000
65219  -40.411  -9.050  68.610 0.5000000000
65225  -39.687  -8.622  67.333 0.6250000000
66138  -40.412  -8.290  67.097 0.6250000000
67090  -41.152  -7.255  65.827 0.7500000000
67084  -41.433  -7.181  66.165 0.6250000000
115184  -41.142  -6.933  65.397 0.7500000000
67091  -41.362  -6.787  65.524 0.6250000000
67103  -40.685  -6.477  64.651 0.7500000000
68045  -41.158  -6.451  64.948 0.6250000000
65227  -40.857  -8.562  68.011 0.5000000000
67083  -41.379  -7.619  66.909 0.5000000000
66128  -40.765  -8.350  67.440 0.5000000000
115212  -41.065  -7.619  66.371 0.6250000000
68034  -41.963  -6.988  66.843 0.5000000000
68040  -41.704  -6.563  65.951 0.5000000000
68046  -41.536  -6.171  65.249 0.6250000000
68943  -40.830  -5.343  64.141 0.7500000000
68936  -41.245  -5.749  64.619 0.7500000000
68937  -41.615  -5.306  65.065 0.7500000000
70697  -40.994  -3.448  64.885 0.7500000000
68930  -41.977  -5.681  65.888 0.5000000000
68925  -42.105  -6.261  66.501 0.5000000000
113446  -41.949  -4.698  65.670 0.6250000000
69837  -42.330  -4.817  66.431 0.2500000000
69838  -42.617  -4.034  66.955 0.1250000000
69841  -41.394  -4.249  65.066 0.6250000000
129527  -41.827  -3.920  65.624 0.5000000000
112301  -42.259  -3.998  66.161 0.2500000000
70692  -41.465  -3.350  65.352 0.5000000000
70693  -42.018  -3.242  65.905 0.3750000000
70689  -42.505  -3.227  66.586 0.3750000000
125209  -41.285  -1.854  65.263 0.3750000000
72374  -41.948  -1.660  65.872 0.3750000000
122175  -42.448  0.198  66.020 0.3750000000
74031  -42.944  0.842  66.257 0.3750000000
70690  -43.056  -3.265  67.293 0.1250000000
71531  -43.498  -2.493  67.576 0.1250000000
71538  -42.242  -2.439  66.247 0.2500000000
71530  -42.870  -2.426  66.908 0.1250000000
73190  -43.746  -0.667  67.554 0.1250000000
130119  -43.393  -0.041  67.093 0.1250000000
72365  -42.611  -1.559  66.554 0.3750000000
73198  -43.059  -0.723  66.844 0.2500000000
120369  -42.926  0.075  66.576 0.1250000000
74024  -44.174  1.020  67.313 0.1250000000
124576  -42.371  -0.684  66.153 0.3750000000
74863  -44.481  1.676  66.992 0.1250000000
74875  -43.691  1.324  66.681 0.2500000000
75775  -44.795  2.319  66.624 0.1250000000
75774  -43.993  2.004  66.387 0.2500000000
76581  -45.093  3.007  66.215 0.2500000000
75776  -45.549  2.685  66.827 0.1250000000
76582  -45.778  3.394  66.428 0.1250000000
118595  -45.454  3.702  65.758 0.1250000000
75761  -45.289  1.976  67.209 0.1250000000
132149  -46.234  3.835  66.716 0.1250000000
125788  -46.068  4.087  66.109 0.1250000000
77353  -46.464  4.587  66.751 0.1250000000
78102  -46.716  5.412  66.435 0.1250000000
131771  -46.755  5.333  65.800 0.1250000000
79689  -46.868  7.943  66.468 0.1250000000
78893  -46.897  6.334  66.603 0.1250000000
78090  -46.550  5.370  67.329 0.1250000000
133083  0.786  -8.943  83.517 0.8750000000
65064  0.795  -9.102  84.219 0.8750000000
65077  0.751  -9.492  84.353 0.8750000000
64104  1.039  -9.994  85.435 0.8750000000
64120  0.720  -9.957  84.059 1.0000000000
61372  1.704  -13.136  88.070 1.0000000000
63170  0.761  -10.398  85.209 1.0000000000
127258  2.428  -13.034  89.088 1.0000000000
123174  0.902  -11.599  86.536 1.0000000000
61378  -0.094  -13.657  86.490 1.0000000000
61383  -0.583  -13.498  85.839 1.0000000000
61382  0.217  -12.774  86.314 1.0000000000
112679  3.465  -28.435  88.213 0.1250000000
46955  3.063  -28.471  90.210 0.1250000000
123401  3.073  -27.012  89.285 0.1250000000
46978  3.394  -28.424  87.085 0.1250000000
115530  3.658  -26.748  87.621 0.1250000000
47912  2.711  -27.673  84.163 0.1250000000
49769  1.921  -26.262  83.529 0.3750000000
48838  1.672  -27.017  82.898 0.3750000000
53601  1.231  -22.775  80.251 0.5000000000
48772  3.118  -26.291  88.880 0.1250000000
127130  2.802  -26.526  90.151 0.1250000000
47862  1.174  -27.440  90.337 0.1250000000
52675  1.458  -23.609  78.415 0.5000000000
52661  1.010  -23.250  78.842 0.5000000000
52662  0.472  -22.772  78.566 0.6250000000
53640  -0.312  -21.813  78.651 0.6250000000
122898  1.621  -24.078  77.416 0.3750000000
51678  1.281  -24.219  76.865 0.3750000000
118368  -0.028  -24.005  90.607 0.3750000000
49693  -0.431  -24.721  89.611 0.2500000000
49699  2.875  -25.688  89.366 0.1250000000
47853  2.008  -26.889  90.398 0.1250000000
48748  2.329  -26.098  90.265 0.1250000000
48750  0.993  -25.986  90.684 0.2500000000
48751  0.758  -25.889  90.466 0.2500000000
48756  0.559  -26.066  90.181 0.2500000000
49700  -0.031  -25.418  89.137 0.2500000000
49714  3.455  -25.532  87.923 0.1250000000
48773  0.116  -26.190  88.632 0.2500000000
49705  -0.735  -25.365  88.587 0.2500000000
49715  -1.049  -25.592  87.554 0.1250000000
120849  2.704  -23.865  84.895 0.3750000000
118360  2.012  -23.040  84.603 0.6250000000
49736  -2.030  -25.395  85.342 0.1250000000
53584  1.051  -21.954  81.709 0.5000000000
53602  0.893  -22.182  80.788 0.5000000000
120637  -1.234  -21.186  78.989 0.7500000000
53658  -0.675  -22.146  78.109 0.6250000000
52678  -0.201  -22.642  77.532 0.5000000000
51679  0.822  -23.915  76.487 0.3750000000
113585  0.016  -23.020  76.869 0.5000000000
50546  2.328  -24.007  90.554 0.6250000000
126081  0.970  -25.044  90.768 0.3750000000
122754  3.301  -24.906  87.660 0.2500000000
127894  3.101  -24.532  88.067 0.6250000000
120536  3.324  -24.695  87.040 0.2500000000
119786  3.207  -24.090  86.598 0.3750000000
130090  3.070  -22.814  87.037 0.7500000000
51569  2.663  -23.447  85.482 0.5000000000
52579  2.571  -23.102  85.909 0.6250000000
53533  1.617  -22.084  85.093 0.6250000000
52600  1.850  -22.900  83.803 0.3750000000
54573  0.704  -20.949  82.894 0.5000000000
55587  -2.907  -20.038  78.802 0.6250000000
53685  -1.734  -22.034  77.093 0.6250000000
55460  1.012  -19.082  90.815 1.0000000000
54492  2.932  -20.453  89.362 0.8750000000
54501  3.094  -20.338  88.958 0.8750000000
117826  2.868  -22.324  86.918 0.8750000000
52570  2.459  -22.567  86.216 0.6250000000
54521  1.776  -21.128  86.299 0.6250000000
54574  0.365  -20.378  82.311 0.5000000000
56611  -1.670  -18.810  81.003 0.7500000000
52695  -1.987  -22.322  76.322 0.5000000000
55459  1.449  -19.532  90.229 1.0000000000
53486  2.418  -21.771  89.766 0.8750000000
113184  1.559  -18.813  89.863 1.0000000000
56531  1.314  -18.033  90.568 1.0000000000
127829  2.822  -21.778  89.713 0.8750000000
52530  2.856  -22.788  89.839 0.7500000000
55478  2.603  -19.867  88.844 0.8750000000
120742  2.275  -19.383  89.156 1.0000000000
57581  2.001  -17.549  89.127 1.0000000000
126867  1.814  -18.276  88.488 1.0000000000
56547  1.737  -18.926  88.091 0.8750000000
57584  2.164  -17.504  88.872 1.0000000000
54520  1.978  -20.328  87.899 0.8750000000
125389  2.030  -20.993  87.296 0.8750000000
118894  1.440  -20.390  85.186 0.6250000000
55520  0.943  -19.846  84.146 0.5000000000
56575  0.494  -19.273  84.211 0.6250000000
56587  0.230  -19.398  83.471 0.7500000000
56599  -0.454  -19.217  82.279 0.7500000000
56589  -0.652  -18.663  82.634 0.7500000000
55545  -0.002  -19.643  82.252 0.6250000000
120735  -2.347  -17.062  82.449 0.7500000000
53709  -4.223  -21.363  75.370 0.6250000000
115898  -3.319  -22.549  75.332 0.6250000000
128686  1.552  -17.295  90.364 1.0000000000
58558  2.081  -16.327  89.750 1.0000000000
59524  2.440  -15.776  89.757 1.0000000000
58571  2.587  -16.689  88.922 1.0000000000
117447  2.121  -16.972  88.399 1.0000000000
122490  1.836  -16.839  87.876 1.0000000000
57614  -0.167  -18.268  84.212 0.8750000000
113371  -0.634  -17.848  83.864 0.7500000000
57637  -3.047  -16.565  82.184 0.7500000000
55638  -4.386  -19.852  74.327 0.6250000000
55602  -4.382  -18.921  77.037 0.6250000000
51698  -2.656  -24.052  73.617 0.3750000000
111995  1.116  -16.765  91.518 1.0000000000
130514  2.326  -15.562  91.062 1.0000000000
123369  2.923  -15.012  90.446 1.0000000000
56537  -3.483  -18.666  90.011 1.0000000000
125942  1.443  -18.167  86.152 0.8750000000
60484  1.726  -14.580  88.321 1.0000000000
60486  0.902  -14.658  87.496 1.0000000000
57623  -1.159  -17.307  83.522 0.7500000000
58624  -1.517  -16.547  83.920 0.7500000000
57624  -1.883  -16.816  83.119 0.7500000000
58637  -3.156  -15.984  82.187 0.7500000000
57720  -4.139  -17.634  75.847 0.6250000000
50736  -2.781  -24.435  73.013 0.1250000000
60464  3.119  -14.292  90.074 1.0000000000
114773  -4.294  -19.058  89.716 0.7500000000
59594  -2.662  -15.434  82.352 0.7500000000
58679  -2.183  -15.972  78.291 0.7500000000
56672  -3.325  -18.160  75.087 0.6250000000
55637  -4.164  -19.170  74.263 0.6250000000
56711  -3.716  -19.173  73.859 0.6250000000
59520  1.102  -15.901  91.722 1.0000000000
60453  2.979  -13.948  91.421 1.0000000000
63158  -22.892  -11.434  86.960 0.7500000000
60491  -0.863  -14.459  85.867 0.8750000000
60496  -1.559  -14.463  84.474 0.8750000000
60498  -2.159  -14.910  82.811 0.7500000000
60507  0.186  -13.807  80.091 0.8750000000
61403  0.710  -13.515  79.524 0.8750000000
59607  0.004  -14.796  78.754 0.8750000000
59617  0.412  -14.674  78.641 0.8750000000
59630  1.058  -15.340  77.509 0.7500000000
58677  0.205  -15.909  77.678 0.8750000000
118880  1.092  -14.886  78.027 0.7500000000
58690  -0.063  -16.271  77.222 0.7500000000
59610  -2.869  -15.398  79.708 0.7500000000
59632  -3.427  -15.840  78.167 0.7500000000
57717  -1.135  -17.458  76.185 0.7500000000
56691  -2.769  -18.576  74.543 0.6250000000
55651  -3.269  -19.629  73.304 0.6250000000
53754  -2.913  -21.599  72.048 0.3750000000
60444  0.762  -14.319  91.933 1.0000000000
61346  2.943  -13.133  91.712 1.0000000000
61345  3.156  -13.166  91.356 1.0000000000
113373  -21.937  -11.581  87.539 0.7500000000
64087  -22.200  -10.377  87.366 0.8750000000
111766  -22.550  -10.589  87.123 0.7500000000
61376  1.185  -13.271  87.612 1.0000000000
61377  0.504  -13.624  87.217 1.0000000000
61388  -0.387  -12.694  84.944 0.8750000000
128106  1.351  -11.687  81.852 0.8750000000
59609  -1.925  -15.197  79.801 0.7500000000
57702  -0.009  -16.521  76.712 0.6250000000
56690  -1.298  -18.568  74.780 0.6250000000
134916  -2.044  -18.652  74.718 0.6250000000
124918  -2.368  -19.447  73.592 0.6250000000
61347  1.749  -13.334  91.358 1.0000000000
119194  -4.815  -16.836  90.944 0.8750000000
62235  3.078  -12.723  91.365 1.0000000000
62240  3.185  -12.689  90.848 1.0000000000
55467  -5.140  -17.995  90.014 0.7500000000
56542  -7.355  -18.462  89.034 0.7500000000
62275  -0.194  -12.562  83.865 0.8750000000
61392  -1.069  -13.597  83.067 0.8750000000
61408  1.848  -13.655  77.302 0.7500000000
119173  0.670  -15.717  76.541 0.6250000000
57715  0.151  -16.526  76.284 0.6250000000
57750  0.353  -17.396  74.600 0.6250000000
62228  1.062  -12.676  91.934 0.7500000000
63104  2.159  -12.789  90.817 1.0000000000
63115  2.143  -12.584  90.147 1.0000000000
128840  1.984  -12.077  89.401 0.8750000000
131047  -18.177  -14.806  86.014 0.7500000000
58578  -18.268  -14.567  86.467 0.7500000000
59538  -19.674  -14.655  87.490 0.7500000000
60472  -19.145  -14.426  88.073 0.7500000000
130868  -20.033  -14.500  87.926 0.6250000000
62253  2.081  -12.538  88.595 0.8750000000
63137  1.807  -11.662  87.910 0.8750000000
64112  0.756  -9.853  84.798 1.0000000000
62267  0.591  -11.967  85.934 1.0000000000
124337  0.548  -10.873  84.730 1.0000000000
130814  0.418  -11.289  84.280 1.0000000000
129677  0.163  -17.121  75.189 0.6250000000
120720  0.534  -16.885  74.835 0.6250000000
55648  0.013  -18.884  73.054 0.3750000000
55647  0.695  -18.469  72.861 0.5000000000
57575  -5.869  -17.205  90.817 0.7500000000
66845  0.170  -7.451  88.596 0.6250000000
66839  0.373  -7.547  89.533 0.6250000000
63096  0.933  -11.627  91.783 0.7500000000
66850  0.223  -7.705  87.760 0.6250000000
116047  0.717  -8.458  87.770 0.6250000000
133079  0.902  -8.797  88.052 0.6250000000
64073  1.597  -10.308  88.356 0.7500000000
116101  -7.953  -18.316  87.683 0.6250000000
66858  0.626  -8.348  86.490 0.7500000000
65022  1.165  -9.099  87.410 0.7500000000
65036  1.317  -9.573  85.980 0.8750000000
63127  1.775  -11.028  89.071 0.8750000000
64098  1.287  -10.236  86.063 0.8750000000
64088  1.309  -10.896  87.029 1.0000000000
66891  -0.145  -7.480  83.025 0.3750000000
66902  0.674  -7.874  82.107 0.5000000000
133483  -27.203  -10.837  82.149 0.7500000000
60526  0.830  -15.315  76.256 0.6250000000
59642  0.606  -15.918  75.691 0.6250000000
68687  -0.870  -5.619  89.088 0.5000000000
134766  -8.148  -18.528  84.718 0.2500000000
56557  -8.608  -18.004  84.751 0.3750000000
121274  -8.713  -17.428  85.397 0.3750000000
58629  -13.583  -14.911  83.487 0.3750000000
113422  -15.191  -14.518  85.187 0.5000000000
65109  -27.989  -8.712  81.913 0.8750000000
59651  1.078  -16.436  73.897 0.6250000000
57768  1.488  -17.363  72.977 0.3750000000
57773  1.489  -17.383  72.205 0.2500000000
57638  -10.362  -16.980  82.632 0.1250000000
65119  0.946  -9.511  79.556 0.5000000000
64172  1.664  -10.105  78.392 0.6250000000
60538  -0.526  -15.273  73.744 0.5000000000
123723  1.134  -16.338  72.533 0.2500000000
57790  0.577  -17.569  69.609 0.1250000000
131446  0.914  -17.419  69.963 0.1250000000
66005  -1.269  -8.252  81.630 0.5000000000
65132  1.177  -9.383  78.465 0.5000000000
64183  1.566  -10.553  77.617 0.7500000000
65125  -27.498  -9.256  80.036 0.8750000000
58744  1.236  -16.391  71.055 0.2500000000
57801  0.435  -16.991  69.309 0.1250000000
57802  -0.225  -17.138  69.166 0.1250000000
115734  -0.952  -17.131  69.016 0.1250000000
117821  -1.664  -17.193  69.289 0.1250000000
59678  1.214  -15.116  70.017 0.1250000000
65982  -2.084  -7.987  82.862 0.3750000000
66901  -30.417  -6.681  82.500 0.2500000000
114218  0.646  -10.968  76.741 0.7500000000
63254  0.064  -11.246  76.284 0.7500000000
120313  -1.169  -11.921  75.411 0.8750000000
61456  0.781  -13.736  70.308 0.1250000000
60574  1.008  -14.031  69.713 0.1250000000
59688  0.091  -15.759  68.662 0.1250000000
63272  -1.289  -11.109  75.619 0.6250000000
61457  -0.432  -13.976  70.970 0.1250000000
127336  0.753  -14.221  69.201 0.1250000000
59691  -3.657  -15.738  69.263 0.1250000000
127296  -31.749  -7.425  81.471 0.3750000000
125194  -3.400  -12.377  74.366 0.5000000000
64191  -28.204  -9.749  76.831 0.6250000000
61444  -3.367  -13.040  72.596 0.2500000000
62373  0.608  -13.101  70.037 0.1250000000
61506  -0.458  -13.751  68.354 0.1250000000
119442  -1.099  -9.481  76.102 0.5000000000
65154  -30.521  -9.771  77.544 0.5000000000
62374  -0.100  -12.474  70.243 0.1250000000
126965  0.221  -13.297  68.726 0.1250000000
60589  -3.154  -14.119  68.475 0.1250000000
132713  -2.787  -12.751  67.777 0.1250000000
62326  -27.788  -11.432  73.748 0.6250000000
62341  -27.642  -11.463  73.007 0.5000000000
131165  -4.145  -11.322  74.406 0.3750000000
62368  -30.051  -11.077  71.415 0.7500000000
62369  -31.922  -11.363  71.502 0.7500000000
64251  -2.087  -10.866  71.092 0.1250000000
62330  -32.278  -10.918  74.116 0.5000000000
66053  -35.389  -8.966  78.905 0.3750000000
120229  -40.577  -12.442  74.193 0.2500000000
60571  -37.839  -13.332  71.338 0.6250000000
61499  -37.346  -12.884  70.535 0.6250000000
128653  -37.589  -11.740  69.682 0.6250000000
63327  -37.772  -10.532  68.714 0.6250000000
62380  -39.501  -12.084  70.885 0.6250000000
64271  -39.203  -9.891  68.935 0.5000000000
65236  -39.182  -8.611  66.942 0.8750000000
66130  -41.957  -7.600  67.899 0.3750000000
69847  -41.166  -4.916  64.443 0.6250000000
71537  -41.647  -2.535  65.600 0.3750000000
74032  -43.487  0.616  66.913 0.2500000000
77365  -46.466  4.838  65.799 0.1250000000
121975  -46.623  6.010  67.147 0.1250000000
78894  -47.172  6.913  66.073 0.1250000000
116317  1.998  -24.314  79.619 0.2500000000
124587  2.143  -24.237  79.072 0.3750000000
117950  -1.317  -24.740  88.191 0.1250000000
50560  -1.128  -24.352  89.506 0.1250000000
50570  -1.321  -24.563  88.957 0.1250000000
50582  -1.577  -24.042  87.686 0.1250000000
115872  -1.383  -24.856  87.464 0.1250000000
50593  -1.508  -24.437  86.823 0.1250000000
51557  -2.372  -22.964  86.818 0.1250000000
51570  -1.727  -23.724  86.490 0.1250000000
52571  -2.456  -22.549  85.893 0.1250000000
50561  -1.691  -23.689  89.125 0.1250000000
50571  -1.713  -23.691  88.369 0.1250000000
51547  -1.813  -23.480  87.227 0.1250000000
128546  -3.102  -22.279  86.652 0.1250000000
52591  -2.849  -22.332  85.193 0.1250000000
130582  -3.657  -21.766  85.482 0.1250000000
51593  -3.414  -23.311  83.835 0.1250000000
52602  -4.226  -22.005  83.966 0.1250000000
51594  -3.965  -23.064  83.411 0.1250000000
51529  -2.022  -22.823  89.323 0.2500000000
51537  -2.113  -22.888  88.623 0.2500000000
114997  -2.343  -22.929  87.961 0.2500000000
51548  -3.029  -22.696  87.733 0.2500000000
50583  -1.889  -23.256  87.805 0.1250000000
52592  -4.311  -21.663  84.990 0.1250000000
52601  -3.563  -22.381  84.416 0.1250000000
53557  -4.742  -21.662  83.509 0.1250000000
53570  -5.355  -21.348  82.861 0.1250000000
53571  -6.138  -20.758  82.411 0.1250000000
52624  -5.305  -22.274  81.976 0.1250000000
50722  0.038  -25.042  74.375 0.1250000000
51522  -1.898  -22.732  89.878 0.3750000000
51538  -2.791  -22.492  88.279 0.2500000000
52550  -3.240  -22.236  87.995 0.2500000000
52559  -3.411  -22.185  87.507 0.2500000000
52572  -3.620  -21.992  86.999 0.2500000000
52581  -3.653  -21.636  86.328 0.1250000000
53526  -4.746  -21.017  86.025 0.1250000000
52582  -4.266  -21.334  85.839 0.1250000000
53545  -4.810  -21.356  84.493 0.1250000000
53546  -5.316  -20.981  84.880 0.1250000000
53558  -5.350  -21.021  84.047 0.1250000000
53559  -5.949  -20.595  83.583 0.1250000000
53586  -6.382  -21.400  81.448 0.1250000000
53603  -7.158  -21.458  80.948 0.1250000000
50723  -0.680  -24.676  74.017 0.1250000000
50733  -0.365  -25.439  73.671 0.1250000000
51519  -1.767  -22.582  90.320 0.3750000000
51523  -2.562  -22.266  89.688 0.5000000000
116062  -3.020  -21.827  89.395 0.2500000000
51530  -2.550  -22.258  88.967 0.2500000000
52573  -4.148  -21.419  86.574 0.1250000000
52560  -3.845  -21.628  87.191 0.1250000000
53534  -4.793  -21.208  85.310 0.1250000000
53547  -5.799  -20.693  84.523 0.1250000000
54554  -6.351  -20.284  84.037 0.1250000000
54575  -6.688  -20.234  83.077 0.1250000000
50734  -1.244  -25.261  73.323 0.1250000000
52532  -2.994  -21.853  90.040 0.6250000000
129131  -3.180  -21.505  89.767 0.6250000000
131816  -3.393  -21.457  88.492 0.2500000000
52539  -3.157  -21.877  88.612 0.2500000000
53506  -3.921  -20.710  87.983 0.3750000000
52551  -3.465  -21.646  87.914 0.2500000000
53505  -3.894  -21.204  87.505 0.2500000000
53516  -4.530  -21.015  87.051 0.2500000000
53515  -4.406  -21.238  86.774 0.1250000000
124452  -5.260  -20.764  85.805 0.1250000000
53536  -5.641  -20.661  85.474 0.1250000000
53535  -5.232  -20.873  85.461 0.1250000000
122124  -5.654  -20.757  85.089 0.1250000000
54539  -6.184  -20.498  84.913 0.1250000000
64110  -24.905  -10.533  85.421 0.5000000000
65971  -25.647  -8.614  84.759 0.2500000000
64111  -25.930  -10.193  84.628 0.2500000000
53492  -3.286  -21.034  89.734 0.3750000000
127111  -3.533  -20.943  89.398 0.3750000000
53497  -3.902  -21.011  88.939 0.3750000000
53527  -4.938  -20.876  86.286 0.2500000000
53528  -5.646  -20.563  85.846 0.2500000000
54530  -6.120  -20.439  85.375 0.1250000000
54531  -6.531  -20.256  84.992 0.1250000000
54541  -7.267  -19.660  83.975 0.1250000000
65970  -24.678  -8.703  85.320 0.2500000000
63169  -24.256  -11.270  86.133 0.6250000000
62265  -24.461  -12.173  86.214 0.6250000000
64117  -26.820  -10.503  84.342 0.3750000000
63187  -26.948  -11.368  84.346 0.7500000000
130642  -3.419  -20.708  89.696 0.6250000000
54511  -4.609  -20.612  87.353 0.5000000000
53517  -5.099  -20.722  86.526 0.3750000000
119259  -22.280  -9.744  87.279 0.7500000000
65962  -23.007  -8.614  86.556 0.7500000000
54524  -6.860  -19.887  85.124 0.1250000000
54532  -6.990  -19.824  84.570 0.1250000000
65049  -23.412  -9.437  86.296 0.7500000000
65968  -23.098  -7.855  86.337 0.6250000000
66873  -23.969  -7.054  85.330 0.3750000000
67795  -25.295  -5.961  84.308 0.2500000000
66885  -25.891  -6.799  84.422 0.2500000000
63159  -23.280  -11.724  86.782 0.6250000000
115653  -24.327  -7.916  85.411 0.3750000000
66874  -25.007  -7.415  84.922 0.2500000000
66875  -25.888  -7.756  84.633 0.2500000000
66886  -26.701  -7.363  84.287 0.2500000000
111758  -23.799  -11.786  86.524 0.7500000000
132934  -25.152  -8.064  85.087 0.2500000000
65977  -26.766  -8.258  84.225 0.2500000000
65075  -26.281  -9.291  84.476 0.2500000000
65076  -27.171  -9.036  84.012 0.2500000000
121036  -24.616  -13.131  86.369 0.6250000000
134083  -26.800  -9.817  84.306 0.3750000000
64119  -27.363  -11.173  83.938 0.6250000000
58553  -4.593  -16.190  91.441 0.8750000000
58572  -9.115  -16.007  88.849 0.6250000000
58573  -9.725  -15.340  88.373 0.5000000000
54503  -5.011  -19.895  88.076 0.6250000000
59529  -10.331  -14.865  88.552 0.3750000000
54502  -4.461  -20.321  88.259 0.6250000000
134044  -4.852  -20.218  87.581 0.5000000000
54513  -6.061  -19.950  86.802 0.6250000000
57586  -9.299  -16.145  87.941 0.3750000000
54512  -5.296  -20.391  86.958 0.5000000000
54522  -5.790  -20.387  86.173 0.3750000000
122017  -6.270  -20.288  85.512 0.1250000000
55502  -7.343  -19.470  84.796 0.1250000000
61373  -23.230  -13.101  87.238 0.6250000000
66872  -23.212  -7.097  86.160 0.3750000000
113500  -23.570  -7.695  85.779 0.5000000000
55510  -7.587  -19.405  84.238 0.1250000000
60482  -23.560  -13.651  87.164 0.6250000000
62261  -23.141  -12.395  87.028 0.6250000000
124569  -23.914  -5.466  84.511 0.5000000000
67786  -24.120  -6.092  84.817 0.5000000000
59560  -23.646  -14.747  87.035 0.5000000000
61374  -23.575  -13.172  87.033 0.5000000000
62264  -23.774  -12.582  86.719 0.5000000000
66887  -27.722  -7.363  83.927 0.2500000000
61379  -23.955  -13.724  86.916 0.5000000000
127862  -23.994  -13.325  86.792 0.6250000000
65978  -27.665  -8.108  83.646 0.3750000000
63196  -27.526  -11.349  83.077 0.6250000000
59513  -4.296  -15.414  91.978 0.8750000000
58552  -3.728  -16.270  91.319 0.8750000000
126365  -5.409  -16.103  91.537 0.7500000000
57565  -5.653  -16.728  91.194 0.7500000000
57566  -6.461  -16.623  91.371 0.7500000000
56541  -7.290  -17.459  90.406 0.6250000000
56543  -7.857  -18.056  89.976 0.6250000000
57580  -8.551  -16.643  90.065 0.7500000000
57583  -8.638  -16.688  89.302 0.7500000000
131391  -8.089  -18.074  89.374 0.6250000000
116415  -8.334  -17.513  89.797 0.6250000000
56546  -8.470  -17.693  87.970 0.5000000000
57585  -8.803  -16.847  88.385 0.5000000000
59541  -10.639  -15.011  87.992 0.3750000000
55480  -6.449  -19.509  87.650 0.6250000000
56548  -8.051  -17.852  86.953 0.5000000000
57589  -8.724  -16.912  87.212 0.5000000000
58576  -9.257  -15.855  86.936 0.2500000000
54523  -6.535  -19.836  85.887 0.2500000000
57596  -8.966  -16.776  86.224 0.2500000000
59552  -10.752  -14.935  87.370 0.3750000000
61369  -22.392  -13.378  87.429 0.7500000000
60480  -22.019  -14.967  87.306 0.5000000000
61370  -22.870  -13.185  87.375 0.6250000000
58581  -21.504  -15.533  86.739 0.5000000000
60481  -22.751  -14.626  87.358 0.6250000000
116514  -27.508  -5.799  84.174 0.2500000000
58582  -22.415  -15.637  86.778 0.5000000000
119287  -28.119  -6.588  83.917 0.2500000000
62286  -27.199  -11.910  82.424 0.6250000000
59511  -2.727  -14.972  91.612 0.7500000000
59503  -4.792  -14.796  92.626 0.8750000000
59514  -5.105  -15.503  92.092 0.8750000000
126564  -5.841  -15.523  92.097 0.7500000000
59515  -6.485  -15.540  92.134 0.7500000000
59516  -7.164  -15.545  92.146 0.6250000000
60447  -1.533  -14.373  91.664 0.7500000000
60448  -2.541  -14.298  91.752 0.7500000000
60449  -3.355  -14.421  92.177 0.7500000000
59502  -4.041  -14.628  92.485 0.8750000000
58554  -6.165  -16.044  91.634 0.7500000000
58555  -6.865  -16.042  91.730 0.7500000000
58556  -7.587  -16.013  91.707 0.7500000000
58564  -8.602  -15.971  91.046 0.7500000000
58566  -8.858  -15.903  90.271 0.7500000000
58567  -9.364  -15.410  89.757 0.7500000000
60446  -0.568  -14.432  91.859 0.6250000000
60435  -2.315  -13.632  92.024 0.7500000000
57567  -7.239  -16.526  91.427 0.7500000000
58563  -7.993  -16.362  91.337 0.7500000000
57579  -8.076  -17.241  90.373 0.6250000000
58570  -9.507  -15.407  88.876 0.6250000000
63149  -21.825  -10.625  87.591 0.6250000000
59566  -10.858  -15.021  86.533 0.3750000000
62255  -21.370  -12.051  87.780 0.3750000000
131242  -10.964  -15.048  85.741 0.1250000000
55496  -7.621  -18.893  85.163 0.1250000000
60474  -21.736  -14.079  87.454 0.6250000000
58580  -20.588  -15.400  86.534 0.5000000000
114192  -20.891  -15.390  86.970 0.5000000000
58593  -20.527  -15.498  85.900 0.5000000000
66888  -28.477  -6.959  83.459 0.2500000000
65989  -28.592  -7.212  82.981 0.2500000000
63211  -27.039  -11.476  81.942 0.6250000000
60439  -5.245  -14.306  93.064 0.7500000000
59505  -6.645  -15.025  92.629 0.7500000000
59518  -9.376  -14.765  90.687 0.7500000000
59522  -9.621  -14.919  90.254 0.6250000000
59526  -9.751  -15.006  89.538 0.5000000000
60436  -3.115  -13.848  92.602 0.7500000000
60437  -3.831  -13.979  92.880 0.7500000000
60438  -4.521  -14.076  93.098 0.7500000000
60434  -5.587  -13.866  93.446 0.6250000000
126504  -6.133  -15.084  92.522 0.7500000000
124515  -6.706  -14.399  92.977 0.6250000000
59517  -7.954  -15.504  91.952 0.6250000000
115952  -8.703  -15.348  91.383 0.7500000000
59525  -9.282  -15.445  90.014 0.7500000000
112772  -10.033  -14.848  89.140 0.5000000000
60459  -10.766  -14.483  89.012 0.3750000000
61339  0.268  -13.668  92.190 0.6250000000
61340  -0.473  -13.678  92.072 0.6250000000
61341  -1.386  -13.621  91.913 0.6250000000
61329  -2.029  -13.160  92.413 0.7500000000
61330  -2.762  -13.200  93.051 0.6250000000
121136  -3.564  -13.481  93.294 0.6250000000
61331  -3.994  -13.270  93.918 0.6250000000
61333  -4.991  -13.881  93.499 0.7500000000
61334  -6.325  -13.821  93.343 0.6250000000
113980  0.413  -12.843  92.179 0.6250000000
62222  -2.753  -12.372  93.554 0.5000000000
62223  -3.392  -12.813  93.746 0.6250000000
61323  -3.944  -12.498  94.228 0.6250000000
61324  -4.550  -13.044  94.158 0.5000000000
61325  -5.113  -13.472  93.895 0.6250000000
61326  -5.745  -13.277  93.707 0.6250000000
134804  -0.157  -12.206  92.287 0.6250000000
62220  -0.837  -12.097  92.588 0.3750000000
62221  -1.624  -12.066  93.046 0.3750000000
63084  -2.598  -11.682  93.756 0.3750000000
125926  -3.268  -11.800  94.101 0.3750000000
63085  -4.039  -11.524  94.307 0.3750000000
59542  -11.332  -14.814  88.139 0.3750000000
63105  1.418  -11.906  91.028 0.6250000000
62229  0.393  -11.942  92.145 0.6250000000
63091  -2.038  -11.385  93.509 0.3750000000
59567  -11.662  -14.734  86.256 0.2500000000
127823  -11.063  -14.987  84.913 0.1250000000
113185  -19.950  -15.356  86.278 0.5000000000
54713  -2.607  -20.729  72.249 0.5000000000
60443  -8.722  -13.990  92.264 0.5000000000
114028  -9.088  -14.480  91.562 0.6250000000
134017  -6.762  -14.044  93.201 0.6250000000
60442  -7.911  -14.333  92.505 0.6250000000
59523  -10.361  -14.471  89.471 0.5000000000
132556  -11.027  -14.190  89.201 0.5000000000
63086  -4.601  -12.167  94.215 0.5000000000
62219  -5.691  -12.550  93.635 0.6250000000
64999  0.690  -9.726  91.627 0.5000000000
64045  0.499  -10.465  91.998 0.5000000000
64039  -0.132  -10.355  92.516 0.5000000000
64040  -0.934  -10.292  93.087 0.3750000000
64041  -1.754  -10.539  93.684 0.3750000000
63083  -2.637  -10.842  94.075 0.3750000000
119678  -3.506  -10.767  94.274 0.3750000000
59553  -11.449  -14.797  87.742 0.3750000000
125948  1.412  -11.134  90.644 0.5000000000
114080  1.042  -10.776  91.354 0.5000000000
63089  -0.374  -11.291  92.551 0.6250000000
63090  -1.275  -11.257  93.056 0.3750000000
129339  -12.057  -14.587  87.471 0.3750000000
111864  -13.186  -14.668  86.705 0.3750000000
59555  -13.313  -14.452  87.228 0.3750000000
111786  -13.914  -14.594  86.672 0.3750000000
59545  -15.180  -13.557  87.093 0.5000000000
121256  -11.549  -14.668  87.081 0.5000000000
112192  -12.999  -14.926  86.029 0.3750000000
59568  -13.689  -14.817  86.029 0.3750000000
59569  -14.530  -14.556  85.948 0.3750000000
131038  -15.300  -14.347  85.843 0.3750000000
116832  -15.912  -13.784  86.688 0.5000000000
59578  -11.820  -14.949  85.500 0.3750000000
59570  -15.965  -14.146  86.112 0.3750000000
114574  -17.495  -14.197  86.727 0.5000000000
59536  -17.715  -13.965  87.385 0.5000000000
115690  -11.987  -15.144  84.701 0.2500000000
61362  -19.621  -13.943  88.342 0.3750000000
59537  -18.728  -14.396  87.464 0.6250000000
58615  -12.053  -15.230  83.891 0.1250000000
54697  -1.231  -19.903  72.751 0.5000000000
55635  -1.976  -19.025  74.225 0.5000000000
118006  -7.239  -12.956  93.120 0.6250000000
61327  -6.397  -13.031  93.467 0.6250000000
61335  -6.965  -13.667  93.286 0.6250000000
63087  -5.200  -11.833  93.891 0.5000000000
65000  0.114  -9.509  92.330 0.5000000000
64995  -0.441  -9.078  92.863 0.3750000000
64996  -0.874  -9.430  93.352 0.3750000000
64992  -1.790  -9.131  94.452 0.3750000000
64036  -3.014  -9.981  94.316 0.3750000000
64037  -3.690  -10.062  94.178 0.3750000000
114288  -4.265  -10.631  94.113 0.3750000000
130040  -4.652  -11.358  94.128 0.5000000000
114283  -0.475  -9.705  92.797 0.3750000000
64997  -1.437  -9.696  93.937 0.3750000000
64035  -2.181  -9.877  94.279 0.3750000000
65003  0.819  -9.050  91.163 0.5000000000
64048  1.198  -9.993  90.966 0.5000000000
132749  -12.373  -14.784  85.947 0.5000000000
64056  1.331  -10.322  89.994 0.5000000000
59579  -12.622  -15.103  85.363 0.3750000000
59580  -13.381  -15.017  85.226 0.3750000000
59581  -14.239  -14.663  85.252 0.3750000000
64064  1.370  -9.824  89.104 0.5000000000
58603  -16.017  -14.486  85.504 0.3750000000
111775  -12.760  -15.155  84.593 0.2500000000
59586  -13.441  -14.944  84.301 0.3750000000
56689  -0.580  -18.494  74.463 0.5000000000
63244  -25.573  -10.754  77.653 0.6250000000
64044  -5.597  -11.346  92.862 0.3750000000
63093  -5.954  -11.887  93.021 0.6250000000
64043  -5.068  -10.930  93.302 0.3750000000
63092  -5.380  -11.457  93.404 0.3750000000
64038  -4.895  -11.030  93.777 0.3750000000
62224  -6.016  -12.381  93.324 0.6250000000
64991  -1.146  -9.011  94.034 0.3750000000
65004  0.386  -8.843  91.823 0.5000000000
65932  -0.049  -8.631  92.437 0.5000000000
65927  -0.434  -8.434  93.108 0.3750000000
65924  -1.461  -8.462  94.358 0.3750000000
65935  0.459  -8.248  91.279 0.5000000000
65007  1.076  -9.356  90.537 0.5000000000
65938  0.748  -8.496  90.444 0.5000000000
125488  1.119  -8.948  89.102 0.5000000000
59587  -13.981  -14.744  84.634 0.2500000000
122021  -27.172  -10.585  76.149 0.6250000000
114227  -4.738  -10.588  93.163 0.3750000000
117854  -4.522  -10.503  93.638 0.3750000000
64042  -3.959  -9.940  93.871 0.3750000000
64993  -2.554  -9.214  94.393 0.3750000000
131243  -0.033  -7.516  92.108 0.5000000000
66826  -0.604  -7.705  93.460 0.3750000000
65939  0.393  -7.725  90.678 0.5000000000
64210  -27.713  -10.189  76.501 0.7500000000
63275  -27.146  -10.967  75.335 0.5000000000
67748  -0.016  -6.687  90.517 0.5000000000
63259  -28.115  -10.555  75.660 0.7500000000
64211  -28.756  -10.251  76.311 0.5000000000
126410  -27.665  -11.156  74.683 0.6250000000
132206  -27.928  -10.889  75.027 0.6250000000
62308  -28.116  -11.147  74.335 0.7500000000
111378  -28.177  -11.467  72.635 0.5000000000
61449  -27.779  -11.533  72.206 0.2500000000
111816  -28.684  -11.383  72.745 0.5000000000
62366  -28.583  -11.643  70.992 0.3750000000
61479  -28.730  -11.929  70.023 0.2500000000
62353  -29.199  -11.242  72.111 0.6250000000
62354  -30.014  -10.532  72.400 0.7500000000
62352  -28.494  -11.523  71.928 0.3750000000
62379  -31.099  -11.503  71.011 0.7500000000
62377  -29.245  -11.734  70.501 0.3750000000
61481  -30.527  -11.894  69.751 0.5000000000
61497  -31.323  -12.102  69.228 0.6250000000
61480  -29.755  -11.996  69.896 0.2500000000
61496  -30.483  -12.158  69.070 0.3750000000
60576  -31.294  -12.674  68.556 0.6250000000
61495  -29.605  -12.202  69.181 0.2500000000
61519  -30.409  -12.717  68.316 0.2500000000
66129  -41.213  -8.143  67.519 0.2500000000
61467  -32.300  -11.773  70.692 0.7500000000
61482  -31.242  -11.746  70.093 0.7500000000
61498  -32.157  -12.196  69.693 0.7500000000
130227  -32.750  -12.635  69.434 0.7500000000
60595  -31.210  -13.192  68.058 0.2500000000
60611  -31.287  -13.492  67.402 0.2500000000
62404  -35.966  -11.867  68.399 0.5000000000
63325  -36.343  -11.161  68.000 0.6250000000
60628  -33.848  -12.760  67.265 0.6250000000
61552  -34.072  -12.421  67.054 0.5000000000
62413  -34.848  -11.950  67.462 0.6250000000
62414  -35.620  -11.518  67.752 0.6250000000
63338  -36.778  -10.411  67.509 0.6250000000
62356  -33.155  -11.591  72.360 0.5000000000
61450  -33.708  -12.073  71.924 0.6250000000
61468  -33.436  -12.101  71.066 0.7500000000
61469  -34.312  -12.514  71.495 0.6250000000
61484  -34.003  -12.593  70.660 0.7500000000
60577  -31.965  -13.068  68.323 0.6250000000
59681  -33.877  -12.941  69.380 0.7500000000
126926  -32.866  -12.909  68.871 0.7500000000
59697  -31.782  -13.349  67.788 0.5000000000
59698  -32.493  -13.194  68.186 0.5000000000
59680  -33.260  -13.063  68.615 0.7500000000
61520  -36.138  -12.733  69.445 0.5000000000
62405  -36.384  -12.241  69.084 0.6250000000
59716  -31.651  -13.502  67.209 0.3750000000
59717  -32.406  -13.412  67.411 0.3750000000
59718  -32.943  -13.366  67.580 0.5000000000
59733  -33.213  -13.285  67.397 0.5000000000
60613  -34.834  -12.956  68.442 0.5000000000
61542  -35.651  -12.448  68.738 0.6250000000
59731  -31.820  -13.511  66.931 0.3750000000
59732  -32.644  -13.429  67.176 0.3750000000
128143  -33.607  -13.048  67.416 0.5000000000
61541  -35.010  -12.800  68.282 0.5000000000
62403  -35.265  -12.154  67.951 0.7500000000
59746  -32.819  -13.417  66.960 0.3750000000
68942  -40.343  -5.636  63.941 0.5000000000
60570  -34.495  -12.865  70.340 0.6250000000
59701  -35.111  -13.044  69.508 0.7500000000
59699  -32.937  -13.245  68.118 0.5000000000
111863  -33.907  -13.057  69.010 0.7500000000
59719  -33.770  -13.228  68.144 0.5000000000
68911  -42.425  -6.226  67.257 0.2500000000
69855  -39.750  -4.216  63.836 0.6250000000
118953  -40.337  -5.029  63.901 0.5000000000
70709  -39.579  -3.149  63.861 0.7500000000
69846  -40.120  -3.593  64.222 0.5000000000
70723  -38.970  -3.486  63.365 0.6250000000
75844  -46.021  3.031  59.305 0.5000000000
76655  -46.932  3.596  59.150 0.6250000000
78183  -48.280  5.568  58.570 0.3750000000
78959  -48.521  6.732  59.477 0.2500000000
77424  -47.557  4.250  58.664 0.6250000000
77430  -47.904  4.896  58.372 0.5000000000
78967  -48.640  6.484  58.599 0.3750000000
78978  -49.141  7.226  58.078 0.3750000000
79763  -49.488  7.882  58.282 0.1250000000
80571  -50.013  8.446  57.794 0.1250000000
80563  -50.336  9.319  57.732 0.1250000000
78194  -48.543  5.934  58.039 0.6250000000
78977  -48.811  6.561  57.768 0.3750000000
71539  -40.470  -2.946  64.544 0.6250000000
71550  -39.659  -2.377  63.893 0.6250000000
125465  -38.683  -2.012  63.086 0.3750000000
125206  -39.320  -1.859  63.539 0.3750000000
75835  -43.392  3.016  61.870 0.5000000000
75840  -44.065  2.684  60.095 0.3750000000
76649  -45.533  3.609  60.604 0.5000000000
76650  -46.415  3.874  60.557 0.6250000000
115599  -47.425  4.587  60.182 0.6250000000
79752  -48.756  7.509  59.394 0.1250000000
77425  -47.964  4.979  59.085 0.6250000000
78174  -48.280  5.841  59.392 0.5000000000
79762  -48.901  7.364  58.777 0.1250000000
72385  -39.791  -1.639  63.998 0.7500000000
60477  -22.503  -14.089  87.406 0.6250000000
65969  -23.640  -8.550  85.834 0.6250000000
58592  -19.797  -15.448  85.750 0.5000000000
58579  -19.735  -15.084  86.629 0.5000000000
55650  -1.534  -19.505  73.559 0.5000000000
126662  -2.431  -15.834  91.184 0.8750000000
54504  -5.513  -19.933  87.533 0.6250000000
61363  -20.634  -13.652  87.751 0.5000000000
134973  -19.200  -15.284  85.542 0.5000000000
63188  -27.409  -11.890  84.088 0.6250000000
66840  0.150  -7.203  89.365 0.5000000000
66835  0.522  -7.852  89.923 0.5000000000
65941  0.822  -8.402  89.533 0.5000000000
59557  -16.780  -14.072  86.419 0.5000000000
57582  -8.367  -17.451  88.913 0.5000000000
65979  -28.197  -7.454  83.414 0.1250000000
134495  -25.800  -11.068  79.648 0.5000000000
64209  -26.638  -10.382  76.977 0.6250000000
124561  -36.684  -11.605  68.689 0.5000000000
68050  -40.115  -6.327  64.170 0.5000000000
68023  -42.414  -6.785  67.738 0.2500000000
61366  -20.307  -12.820  88.199 0.3750000000
66836  0.248  -7.277  90.108 0.5000000000
62370  -32.826  -11.645  71.652 0.6250000000
51583  -2.274  -23.245  85.080 0.1250000000
122487  -2.531  -22.974  87.524 0.1250000000
51558  -3.130  -22.638  87.301 0.2500000000
51584  -2.848  -23.164  84.376 0.1250000000
52614  -4.384  -22.464  83.181 0.1250000000
52615  -4.787  -22.344  82.631 0.1250000000
53585  -5.695  -21.488  81.911 0.1250000000
52540  -3.362  -21.321  89.095 0.3750000000
54555  -7.016  -19.900  83.601 0.1250000000
115515  -3.584  -21.153  88.305 0.2500000000
54540  -6.702  -20.050  84.409 0.1250000000
67787  -24.817  -6.691  84.684 0.5000000000
67796  -26.441  -5.825  84.238 0.1250000000
60489  -24.872  -14.337  86.531 0.5000000000
58569  -8.982  -15.951  89.667 0.7500000000
117362  -23.404  -14.282  87.259 0.6250000000
67785  -23.329  -6.318  85.836 0.3750000000
60483  -23.860  -14.118  87.008 0.5000000000
130422  -24.538  -5.024  84.047 0.3750000000
68722  -24.824  -5.301  84.212 0.5000000000
60488  -24.308  -14.183  86.796 0.3750000000
59512  -3.401  -15.324  91.648 0.8750000000
57576  -6.800  -17.072  91.004 0.6250000000
59540  -21.830  -14.568  87.383 0.5000000000
133781  -21.537  -15.391  87.098 0.5000000000
59558  -22.195  -15.294  87.166 0.5000000000
59504  -5.535  -14.933  92.610 0.7500000000
59506  -7.422  -14.881  92.498 0.6250000000
135120  -4.110  -13.668  93.376 0.6250000000
58557  -8.229  -15.911  91.544 0.7500000000
58565  -8.325  -16.488  90.708 0.6250000000
59521  -9.037  -15.468  90.556 0.7500000000
57577  -7.643  -16.847  90.921 0.6250000000
61332  -4.537  -13.599  93.691 0.6250000000
60440  -6.032  -14.431  92.927 0.6250000000
60441  -7.236  -14.195  92.913 0.6250000000
60450  -8.356  -14.819  92.091 0.6250000000
62230  -0.350  -12.897  92.191 0.6250000000
61328  -1.287  -12.857  92.355 0.6250000000
126856  -2.139  -12.636  93.017 0.3750000000
62218  -5.194  -12.752  94.048 0.5000000000
63097  0.293  -11.100  92.230 0.6250000000
61336  -7.803  -13.624  92.748 0.6250000000
113331  -12.409  -14.582  86.717 0.3750000000
59554  -12.659  -14.505  87.365 0.3750000000
128065  -13.983  -14.333  87.149 0.3750000000
59556  -14.863  -14.104  86.595 0.3750000000
134500  -15.885  -13.494  87.030 0.5000000000
59546  -16.601  -13.697  86.974 0.5000000000
59547  -17.358  -13.968  87.116 0.5000000000
60471  -18.186  -13.977  87.810 0.5000000000
55634  -1.038  -18.964  74.093 0.5000000000
62226  -7.366  -12.281  92.658 0.6250000000
62225  -6.613  -12.403  93.100 0.6250000000
65009  1.102  -9.186  89.804 0.5000000000
63088  -5.644  -11.983  93.460 0.6250000000
66829  -0.160  -7.925  92.617 0.5000000000
114212  0.170  -8.088  91.964 0.5000000000
66833  0.162  -7.464  91.435 0.5000000000
117456  0.177  -7.159  90.797 0.5000000000
65002  -4.127  -10.037  93.219 0.3750000000
112194  -27.983  -11.729  70.791 0.2500000000
62367  -29.210  -11.510  71.219 0.3750000000
62378  -30.115  -11.690  70.539 0.7500000000
127227  -32.071  -12.681  68.963 0.6250000000
61518  -29.486  -12.442  68.567 0.2500000000
61483  -33.063  -12.376  70.178 0.7500000000
60569  -33.541  -12.736  69.759 0.7500000000
63337  -36.049  -10.740  67.273 0.7500000000
61553  -34.553  -12.662  67.695 0.5000000000
61451  -34.541  -12.402  72.210 0.6250000000
59673  -34.952  -13.014  70.186 0.7500000000
59700  -34.566  -13.071  68.815 0.6250000000
125207  -40.117  -2.210  64.294 0.7500000000
71562  -39.156  -2.589  63.489 0.6250000000
75843  -45.353  3.044  59.825 0.5000000000
76654  -46.464  3.590  59.834 0.6250000000
78202  -48.355  5.908  57.325 0.3750000000
126584  -48.340  6.368  60.253 0.1250000000
64082  -17.502  -10.359  87.694 0.2500000000
64071  -15.469  -10.554  88.611 0.2500000000
118830  -15.831  -10.280  87.768 0.2500000000
131442  -15.134  -9.937  88.016 0.2500000000
64080  -15.469  -9.733  87.315 0.2500000000
64084  -20.614  -10.275  88.085 0.2500000000
64083  -18.601  -9.935  87.553 0.2500000000
112287  -19.362  -10.461  88.126 0.2500000000
117996  -21.265  -11.028  87.937 0.3750000000
64063  -13.479  -10.897  89.489 0.3750000000
117876  -15.067  -10.801  89.115 0.2500000000
64081  -16.636  -10.394  87.609 0.1250000000
64095  -17.376  -9.752  87.125 0.2500000000
65030  -18.311  -9.405  87.028 0.2500000000
62254  -20.543  -11.814  88.165 0.3750000000
111633  -14.753  -10.285  88.599 0.2500000000
134675  -14.922  -9.640  87.493 0.2500000000
64094  -16.271  -9.799  87.119 0.2500000000
65029  -16.825  -9.620  86.540 0.1250000000
111558  -17.621  -9.480  86.543 0.1250000000
65018  -14.528  -9.942  87.940 0.2500000000
65028  -15.937  -9.710  86.684 0.2500000000
65044  -16.470  -9.756  86.078 0.2500000000
65045  -17.413  -9.522  86.129 0.2500000000
65042  -14.539  -9.745  86.573 0.2500000000
65043  -15.155  -9.850  86.387 0.2500000000
114151  -15.662  -10.025  85.839 0.2500000000
65056  -16.512  -9.830  85.430 0.2500000000
112037  -15.011  -10.090  85.309 0.2500000000
65069  -15.140  -10.119  84.578 0.2500000000
65068  -14.345  -10.023  84.791 0.2500000000
65084  -15.240  -10.186  83.846 0.2500000000
57592  -22.968  -15.991  86.335 0.2500000000
128360  -20.000  -9.720  87.764 0.2500000000
64085  -21.472  -10.216  87.784 0.2500000000
64069  -13.376  -10.496  89.056 0.2500000000
64079  -14.003  -10.364  88.427 0.2500000000
65019  -19.529  -9.279  87.267 0.2500000000
64078  -13.188  -10.332  88.415 0.2500000000
65017  -13.819  -10.113  87.796 0.2500000000
120280  -18.256  -9.340  86.384 0.3750000000
65027  -14.372  -9.648  87.223 0.2500000000
112618  -17.612  -9.539  85.215 0.2500000000
122354  -13.301  -9.705  86.761 0.2500000000
113263  -13.893  -9.908  86.065 0.2500000000
65055  -14.295  -10.044  85.482 0.2500000000
111859  -15.849  -10.019  85.079 0.2500000000
65085  -16.714  -10.025  84.191 0.2500000000
65071  -17.237  -9.740  84.741 0.2500000000
126187  -13.133  -9.695  85.842 0.2500000000
65067  -13.560  -9.856  85.151 0.2500000000
112850  -15.946  -10.096  84.371 0.2500000000
114406  -16.020  -10.149  83.582 0.2500000000
65098  -16.826  -10.080  83.360 0.2500000000
58584  -23.875  -15.285  86.633 0.2500000000
65095  -13.916  -9.994  83.385 0.2500000000
65096  -14.650  -10.156  83.404 0.2500000000
65097  -15.286  -10.209  83.077 0.2500000000
64134  -16.094  -10.218  82.649 0.2500000000
57601  -23.543  -16.249  85.795 0.2500000000
64132  -14.453  -10.232  82.645 0.2500000000
64133  -15.331  -10.347  82.317 0.2500000000
64144  -13.814  -10.472  81.850 0.2500000000
64145  -14.734  -10.558  81.735 0.1250000000
65020  -20.655  -9.178  87.546 0.2500000000
63123  -12.310  -11.284  89.912 0.2500000000
117586  -19.165  -9.059  86.740 0.3750000000
64086  -21.858  -9.977  87.576 0.5000000000
114081  -11.907  -10.703  89.523 0.2500000000
64062  -12.792  -10.749  89.578 0.2500000000
65058  -18.149  -9.383  85.828 0.3750000000
118172  -11.805  -10.196  89.050 0.2500000000
65016  -13.013  -10.189  87.772 0.2500000000
65072  -17.853  -9.628  84.735 0.2500000000
65039  -12.196  -10.085  87.080 0.2500000000
65040  -12.772  -9.767  86.454 0.2500000000
65086  -17.420  -9.892  84.087 0.2500000000
65053  -12.013  -10.060  86.316 0.2500000000
65066  -12.837  -9.760  85.205 0.2500000000
64109  -12.201  -9.920  84.882 0.2500000000
65081  -12.869  -9.790  84.450 0.2500000000
64131  -13.435  -10.095  82.609 0.2500000000
134319  -15.835  -10.342  82.071 0.2500000000
64135  -17.042  -10.231  82.451 0.2500000000
64125  -12.915  -9.865  83.392 0.2500000000
64157  -15.104  -10.849  80.914 0.1250000000
64146  -15.563  -10.493  81.593 0.1250000000
64147  -16.374  -10.367  81.672 0.1250000000
64156  -14.062  -10.959  80.940 0.1250000000
60452  -10.518  -13.602  90.214 0.5000000000
62238  -11.716  -12.457  90.169 0.5000000000
65032  -21.152  -8.771  87.385 0.3750000000
119938  -11.525  -12.011  90.488 0.3750000000
65047  -19.864  -8.916  86.596 0.3750000000
65031  -20.206  -8.825  87.122 0.3750000000
132786  -18.627  -9.303  85.697 0.3750000000
64067  -11.223  -10.506  89.445 0.2500000000
65087  -18.213  -9.829  84.059 0.2500000000
64076  -11.707  -10.115  88.530 0.2500000000
65099  -17.676  -10.026  83.230 0.2500000000
58594  -24.462  -15.401  86.520 0.2500000000
64108  -11.569  -10.176  85.517 0.2500000000
64159  -16.866  -10.553  80.675 0.1250000000
58595  -24.958  -16.234  86.174 0.2500000000
111983  -12.071  -10.006  83.950 0.2500000000
64130  -12.621  -10.154  82.491 0.2500000000
64158  -15.964  -10.626  80.838 0.1250000000
116319  -11.841  -10.341  82.855 0.2500000000
63210  -13.263  -10.793  81.233 0.1250000000
127571  -14.621  -11.210  80.128 0.1250000000
63216  -15.548  -11.100  80.055 0.1250000000
127274  -13.716  -11.366  79.977 0.1250000000
53753  -2.028  -21.292  71.625 0.1250000000
53762  -1.320  -22.026  71.105 0.1250000000
61344  -10.471  -13.111  90.709 0.3750000000
65952  -21.482  -8.259  87.280 0.3750000000
65033  -21.742  -8.775  87.496 0.5000000000
64096  -21.895  -9.496  87.522 0.6250000000
62237  -11.065  -12.492  90.598 0.3750000000
65951  -20.774  -8.630  87.018 0.3750000000
63122  -11.573  -11.178  89.963 0.2500000000
65965  -20.076  -8.933  86.177 0.3750000000
64093  -11.627  -10.165  87.808 0.2500000000
61380  -24.389  -13.763  86.690 0.3750000000
64101  -11.527  -10.254  86.972 0.2500000000
64126  -18.823  -10.154  83.093 0.2500000000
57603  -25.140  -16.535  85.219 0.2500000000
59571  -24.730  -14.806  86.605 0.2500000000
64123  -10.575  -10.765  84.214 0.1250000000
64148  -17.417  -10.459  81.494 0.1250000000
64136  -18.049  -10.325  82.290 0.1250000000
64124  -11.212  -10.487  83.629 0.1250000000
63195  -10.956  -10.886  82.851 0.1250000000
63208  -11.442  -11.154  80.924 0.1250000000
63209  -12.463  -10.948  81.045 0.1250000000
121252  -13.078  -11.227  80.505 0.1250000000
63217  -16.335  -10.853  80.183 0.1250000000
63215  -12.208  -11.336  80.262 0.1250000000
63224  -13.420  -11.510  79.305 0.1250000000
63225  -14.233  -11.455  79.272 0.1250000000
63226  -15.517  -11.304  79.164 0.1250000000
63222  -12.125  -11.294  79.550 0.1250000000
63223  -12.862  -11.479  79.722 0.1250000000
64175  -13.562  -11.429  78.705 0.1250000000
132030  -14.872  -11.393  78.947 0.1250000000
64174  -12.423  -10.902  78.700 0.1250000000
63231  -12.881  -11.424  79.048 0.1250000000
132005  -13.046  -11.152  78.465 0.1250000000
63239  -13.564  -10.998  77.939 0.1250000000
64185  -13.224  -10.141  77.435 0.1250000000
64186  -13.827  -10.654  77.254 0.1250000000
55649  -0.713  -19.301  73.324 0.3750000000
54711  -0.469  -19.686  72.350 0.2500000000
128872  -0.991  -20.332  72.046 0.1250000000
65953  -22.014  -8.139  87.595 0.3750000000
65034  -22.080  -8.924  87.454 0.6250000000
65035  -22.466  -9.139  87.147 0.6250000000
129943  -9.406  -13.810  91.748 0.3750000000
63102  -10.872  -11.961  90.826 0.3750000000
65960  -21.413  -7.813  86.949 0.3750000000
64066  -10.576  -10.450  89.511 0.2500000000
64060  -10.716  -10.643  89.919 0.2500000000
65966  -21.074  -8.409  86.165 0.3750000000
64074  -9.924  -10.744  88.492 0.2500000000
112149  -11.143  -10.261  89.015 0.2500000000
65060  -20.319  -9.008  85.566 0.3750000000
63156  -10.373  -10.848  86.976 0.2500000000
113362  -10.883  -10.408  87.580 0.2500000000
65088  -19.294  -9.770  84.089 0.2500000000
63186  -9.952  -11.157  84.789 0.1250000000
63176  -10.201  -10.995  85.653 0.1250000000
64107  -10.844  -10.490  85.925 0.2500000000
59572  -25.530  -15.149  86.212 0.2500000000
61381  -24.972  -13.835  86.334 0.5000000000
61387  -27.055  -13.637  84.096 0.5000000000
64115  -10.762  -10.628  85.104 0.1250000000
64137  -18.921  -10.420  82.153 0.1250000000
62272  -27.304  -12.900  83.989 0.6250000000
63200  -10.293  -11.204  82.524 0.1250000000
63194  -10.420  -11.079  83.350 0.1250000000
127564  -17.830  -10.733  79.973 0.1250000000
64149  -18.582  -10.594  81.310 0.1250000000
59593  -26.883  -15.023  83.188 0.5000000000
60499  -26.972  -14.191  83.538 0.5000000000
62277  -27.495  -12.361  83.769 0.6250000000
123116  -27.586  -12.217  83.355 0.6250000000
111520  -10.124  -11.269  81.729 0.1250000000
63207  -10.617  -11.223  81.193 0.1250000000
133882  -17.364  -10.669  80.263 0.1250000000
126296  -26.960  -14.625  83.058 0.5000000000
61396  -27.463  -12.897  83.219 0.6250000000
63214  -11.472  -11.231  80.207 0.1250000000
126308  -16.269  -11.114  79.477 0.1250000000
127476  -27.121  -13.780  83.145 0.6250000000
132624  -27.195  -13.309  82.875 0.6250000000
63233  -15.205  -11.361  78.357 0.1250000000
60502  -26.933  -14.057  82.612 0.6250000000
64184  -12.805  -10.432  78.014 0.1250000000
122893  -14.928  -11.342  77.606 0.1250000000
60506  -26.624  -14.324  81.788 0.6250000000
64204  -14.112  -10.293  76.587 0.1250000000
112189  -26.452  -15.170  81.263 0.6250000000
65148  -13.196  -9.233  77.063 0.1250000000
64203  -13.544  -10.001  76.968 0.1250000000
65161  -14.138  -9.514  76.049 0.1250000000
55663  0.256  -19.148  72.256 0.1250000000
125457  -22.261  -8.530  87.369 0.5000000000
62233  -9.576  -12.571  91.551 0.3750000000
121598  -22.597  -8.580  87.083 0.5000000000
63110  -9.654  -11.505  90.737 0.3750000000
63132  -8.957  -11.192  89.512 0.3750000000
134948  -10.049  -10.425  89.627 0.3750000000
64059  -10.060  -10.512  89.977 0.2500000000
62269  -25.142  -11.594  85.524 0.6250000000
63143  -9.243  -11.311  88.654 0.3750000000
64092  -10.192  -10.809  87.752 0.2500000000
65976  -21.057  -8.551  85.176 0.3750000000
62266  -25.341  -12.550  85.611 0.5000000000
120399  -26.201  -12.835  84.834 0.5000000000
134894  -9.869  -11.253  87.222 0.2500000000
65074  -20.575  -9.091  84.868 0.3750000000
61385  -25.698  -13.520  85.713 0.5000000000
61386  -26.570  -13.597  84.769 0.3750000000
62271  -26.947  -12.960  84.315 0.5000000000
63166  -10.431  -10.779  86.296 0.2500000000
65089  -20.126  -9.815  83.093 0.1250000000
111350  -9.742  -11.263  83.899 0.1250000000
116272  -19.569  -10.222  82.405 0.1250000000
128925  -9.656  -11.279  82.301 0.1250000000
64142  -10.023  -11.134  80.987 0.1250000000
63213  -10.842  -11.171  80.613 0.1250000000
62283  -27.471  -12.083  82.866 0.5000000000
61399  -26.903  -13.404  82.243 0.6250000000
112068  -27.249  -12.657  82.652 0.6250000000
64205  -14.827  -10.840  76.310 0.1250000000
63241  -15.761  -11.402  77.685 0.1250000000
64206  -15.709  -11.050  76.115 0.1250000000
59603  -26.558  -15.862  80.666 0.1250000000
65160  -13.669  -9.590  76.628 0.1250000000
64220  -14.578  -10.212  75.979 0.1250000000
66065  -13.956  -8.770  75.957 0.1250000000
66071  -14.524  -8.962  75.290 0.1250000000
60515  -26.360  -15.267  80.486 0.1250000000
66856  -22.172  -7.482  87.381 0.3750000000
62232  -8.865  -12.573  92.235 0.3750000000
61337  -8.578  -13.266  92.452 0.3750000000
67767  -22.024  -7.030  87.233 0.3750000000
63100  -9.088  -11.889  91.588 0.3750000000
66863  -21.815  -7.069  86.945 0.3750000000
64053  -9.333  -11.063  90.319 0.3750000000
66871  -21.744  -7.093  86.014 0.2500000000
65967  -21.406  -7.794  85.618 0.3750000000
112244  -21.435  -7.854  84.450 0.2500000000
65986  -21.069  -8.800  84.263 0.3750000000
63155  -9.242  -11.803  87.054 0.2500000000
63177  -25.879  -11.081  84.712 0.5000000000
62270  -25.954  -11.989  84.719 0.6250000000
63164  -8.950  -12.078  86.153 0.1250000000
63178  -26.880  -12.252  84.390 0.6250000000
63193  -8.963  -11.483  83.605 0.1250000000
63185  -9.121  -11.644  84.496 0.1250000000
63198  -8.823  -11.191  82.637 0.1250000000
63189  -27.523  -11.635  83.587 0.5000000000
63206  -9.391  -11.151  81.738 0.1250000000
62285  -26.853  -12.571  81.873 0.5000000000
64221  -15.223  -10.440  75.688 0.1250000000
64222  -16.102  -10.474  75.542 0.1250000000
65170  -14.815  -9.765  75.457 0.1250000000
60510  -26.197  -14.546  80.994 0.5000000000
114366  -26.175  -12.995  80.980 0.6250000000
60514  -26.080  -14.727  80.114 0.1250000000
131447  -26.006  -13.960  80.750 0.2500000000
59613  -26.325  -15.541  79.866 0.1250000000
66857  -22.473  -7.517  87.182 0.3750000000
65961  -22.811  -7.963  86.834 0.6250000000
122786  -7.732  -11.609  91.049 0.3750000000
62231  -8.192  -12.067  92.228 0.3750000000
67783  -22.323  -6.594  86.214 0.2500000000
127836  -7.189  -11.588  89.961 0.2500000000
112921  -8.442  -11.379  90.571 0.3750000000
63109  -8.590  -11.600  91.023 0.3750000000
113490  -21.931  -6.576  85.314 0.2500000000
63142  -8.190  -11.973  88.771 0.2500000000
63131  -8.004  -11.468  89.747 0.2500000000
63163  -7.246  -12.172  86.656 0.2500000000
112466  -8.713  -11.800  87.812 0.2500000000
63184  -8.207  -11.618  84.213 0.1250000000
127927  -26.677  -12.119  81.336 0.6250000000
115543  -25.784  -13.757  80.094 0.5000000000
59623  -25.840  -15.338  79.403 0.1250000000
112168  -7.082  -11.723  91.049 0.3750000000
111381  -7.582  -11.673  91.531 0.3750000000
63095  -7.461  -11.795  92.121 0.5000000000
67774  -22.237  -6.842  86.930 0.2500000000
67768  -22.389  -7.012  87.019 0.3750000000
66864  -22.739  -7.305  86.770 0.2500000000
63119  -7.705  -11.451  90.458 0.2500000000
67775  -22.624  -6.573  86.435 0.2500000000
67776  -22.782  -6.676  86.421 0.1250000000
63219  -26.276  -11.281  80.483 0.5000000000
62289  -26.180  -12.129  80.776 0.5000000000
62288  -25.582  -12.048  79.991 0.3750000000
61405  -25.812  -12.836  80.329 0.3750000000
61404  -25.508  -13.116  79.652 0.2500000000
127190  -25.435  -13.893  79.412 0.3750000000
60518  -25.616  -14.595  79.461 0.2500000000
130628  -6.145  -11.643  92.521 0.5000000000
63098  -6.769  -11.622  92.068 0.5000000000
67784  -22.817  -5.956  85.941 0.2500000000
68706  -22.964  -5.991  86.073 0.2500000000
67794  -22.485  -5.965  85.414 0.2500000000
63236  -25.559  -10.870  78.719 0.3750000000
132531  -25.300  -11.562  79.237 0.3750000000
62294  -24.226  -12.149  77.710 0.3750000000
125458  -24.469  -12.535  78.592 0.3750000000
62292  -25.065  -12.378  79.199 0.3750000000
61407  -24.988  -13.475  78.906 0.2500000000
67793  -22.165  -6.063  84.506 0.2500000000
66045  0.658  -8.632  77.974 0.2500000000
120122  -24.836  -11.299  77.205 0.3750000000
116255  -24.745  -11.481  78.424 0.3750000000
68714  -23.343  -5.690  85.400 0.1250000000
134294  -22.819  -5.540  85.379 0.2500000000
68713  -22.998  -5.512  85.555 0.1250000000
68721  -23.272  -5.297  84.835 0.1250000000
69626  -23.850  -5.070  84.126 0.1250000000
128458  -22.589  -5.462  84.690 0.2500000000
68720  -22.909  -5.225  84.847 0.2500000000
69632  -22.999  -4.567  83.464 0.2500000000
66013  -0.546  -8.468  80.120 0.3750000000
66046  0.143  -8.163  78.376 0.2500000000
66943  0.130  -8.031  77.529 0.2500000000
66054  0.519  -8.509  77.112 0.2500000000
66055  -0.078  -7.924  76.860 0.2500000000
128530  -26.068  -11.472  75.499 0.3750000000
63258  -26.103  -10.983  76.406 0.3750000000
69633  -23.785  -4.768  83.603 0.2500000000
69634  -24.646  -4.724  83.700 0.2500000000
62307  -26.826  -11.519  74.787 0.3750000000
112484  -25.955  -11.785  74.824 0.3750000000
121823  -27.318  -11.476  74.241 0.3750000000
64235  -4.893  -10.594  73.351 0.1250000000
64243  -4.640  -10.529  72.354 0.1250000000
62347  -34.736  -12.011  73.736 0.5000000000
62357  -33.868  -11.863  72.669 0.5000000000
61438  -35.571  -12.175  73.826 0.5000000000
61426  -36.233  -12.253  74.162 0.5000000000
61437  -34.641  -12.220  72.951 0.5000000000
116630  -35.286  -12.378  73.187 0.5000000000
60551  -36.377  -12.955  72.326 0.5000000000
64288  -36.533  -10.119  66.689 0.5000000000
64298  -36.976  -9.556  66.196 0.5000000000
65244  -38.149  -8.572  66.119 0.5000000000
66147  -39.530  -8.007  65.980 0.6250000000
66156  -39.919  -7.555  65.579 0.6250000000
67097  -40.801  -6.858  65.095 0.5000000000
69870  -39.126  -4.573  63.353 0.5000000000
60543  -37.087  -12.957  73.195 0.5000000000
61419  -36.975  -12.725  74.495 0.3750000000
60550  -35.988  -12.958  71.912 0.5000000000
60562  -36.636  -13.133  72.004 0.5000000000
60560  -34.848  -12.860  71.186 0.5000000000
64289  -37.339  -9.609  67.033 0.5000000000
65234  -37.602  -9.077  66.447 0.6250000000
65245  -39.000  -8.405  66.373 0.6250000000
125426  -40.262  -7.171  65.207 0.6250000000
115325  -40.731  -3.976  64.559 0.5000000000
71540  -41.040  -2.685  65.031 0.3750000000
125208  -40.671  -2.055  64.725 0.5000000000
72377  -40.983  -1.220  64.947 0.2500000000
72376  -40.339  -1.410  64.447 0.6250000000
73213  -40.655  -0.521  64.673 0.5000000000
73212  -39.895  -0.646  64.103 0.3750000000
74047  -40.352  0.176  64.374 0.3750000000
74054  -39.933  0.385  63.677 0.3750000000
74899  -40.662  0.931  64.057 0.3750000000
115874  -36.895  -13.167  72.314 0.5000000000
59667  -35.990  -13.012  71.639 0.5000000000
59668  -36.956  -13.298  72.102 0.5000000000
59675  -36.024  -13.128  71.156 0.3750000000
59683  -36.568  -13.213  70.847 0.5000000000
130842  -35.102  -13.025  69.160 0.6250000000
72373  -41.635  -1.000  65.518 0.2500000000
73207  -41.366  -0.348  65.211 0.2500000000
74048  -41.156  0.463  64.776 0.2500000000
74913  -41.191  1.529  63.293 0.2500000000
74900  -41.497  1.323  64.284 0.3750000000
117474  -39.982  0.755  62.837 0.5000000000
60578  -36.703  -13.051  70.401 0.5000000000
60597  -36.074  -12.956  69.697 0.3750000000
60598  -36.742  -12.889  70.099 0.3750000000
73208  -41.946  -0.261  65.708 0.2500000000
133480  -42.501  0.660  65.814 0.2500000000
74049  -41.876  1.034  64.952 0.2500000000
74042  -42.514  1.183  65.493 0.2500000000
74887  -43.260  1.602  65.969 0.2500000000
74901  -42.228  1.637  64.648 0.1250000000
75788  -42.877  1.968  65.174 0.2500000000
76594  -43.791  3.027  65.407 0.2500000000
74914  -42.057  1.849  63.721 0.3750000000
75798  -42.679  2.256  64.251 0.2500000000
75799  -43.239  2.712  64.876 0.3750000000
74923  -41.271  1.642  62.348 0.2500000000
74924  -41.980  1.989  62.665 0.3750000000
75811  -43.277  2.811  63.882 0.2500000000
76604  -43.807  3.413  64.587 0.2500000000
75827  -43.255  2.976  62.939 0.3750000000
74930  -42.223  2.210  61.905 0.2500000000
76615  -43.875  3.344  63.540 0.2500000000
111481  -42.117  2.094  61.157 0.3750000000
75834  -42.697  2.484  61.467 0.3750000000
74934  -42.591  2.333  60.682 0.3750000000
124453  -44.378  3.646  63.963 0.3750000000
76606  -45.003  4.132  63.998 0.3750000000
76628  -43.972  3.420  62.655 0.2500000000
76616  -44.493  3.750  63.291 0.3750000000
76629  -44.632  3.831  62.434 0.3750000000
75839  -43.279  2.690  60.658 0.2500000000
74935  -42.827  2.244  59.903 0.2500000000
76617  -45.155  4.237  63.032 0.3750000000
77396  -45.851  4.617  62.740 0.3750000000
76639  -44.168  3.494  61.897 0.3750000000
76640  -44.765  3.755  61.602 0.3750000000
76641  -45.425  3.963  61.372 0.5000000000
76642  -46.018  4.037  61.147 0.5000000000
76648  -44.897  3.623  60.948 0.3750000000
129383  -44.008  2.159  59.417 0.3750000000
77414  -46.632  4.353  61.297 0.5000000000
78163  -47.613  5.107  60.721 0.2500000000
118711  -45.229  2.680  59.083 0.3750000000
74944  -45.258  1.825  57.979 0.5000000000
76657  -46.385  2.884  58.408 0.5000000000
77422  -47.513  4.381  59.513 0.5000000000
129121  -45.403  1.848  57.401 0.3750000000
75851  -45.857  2.297  57.781 0.5000000000
76662  -46.882  3.681  57.188 0.5000000000
122639  -48.119  5.277  57.798 0.5000000000
75850  -45.815  2.293  56.909 0.3750000000
75859  -45.744  2.739  56.106 0.3750000000
77433  -47.203  4.338  56.852 0.3750000000
77439  -47.005  4.730  56.214 0.3750000000
76669  -45.587  3.190  55.295 0.3750000000
76671  -45.241  3.340  54.427 0.3750000000
77442  -45.706  4.007  54.613 0.3750000000
131007  -47.789  5.081  56.858 0.5000000000
77438  -46.450  4.303  55.679 0.5000000000
118252  -47.332  5.504  56.087 0.3750000000
77443  -46.221  4.592  54.850 0.6250000000
78213  -46.802  5.227  55.322 0.6250000000
79002  -47.498  6.170  55.461 0.3750000000
77444  -45.423  4.212  53.785 0.2500000000
77445  -46.009  4.793  53.877 0.3750000000
78227  -46.184  5.233  52.933 0.3750000000
77451  -45.313  4.643  51.814 0.1250000000
77448  -45.733  5.052  52.334 0.3750000000
77453  -46.599  5.121  50.688 0.2500000000
78244  -47.909  5.017  49.416 0.1250000000
78247  -48.159  4.977  48.807 0.1250000000
79048  -48.735  6.349  47.923 0.1250000000
79056  -49.351  6.986  47.362 0.2500000000
78253  -48.327  5.559  47.557 0.1250000000
79055  -48.581  6.419  47.028 0.1250000000
79071  -48.506  6.341  46.169 0.1250000000
78220  -46.500  5.340  54.306 0.5000000000
119818  -46.967  5.870  54.619 0.6250000000
126745  -46.445  5.435  53.503 0.3750000000
78228  -46.858  5.832  52.788 0.3750000000
78231  -46.417  5.413  52.022 0.3750000000
78236  -47.283  5.412  50.852 0.3750000000
78237  -48.225  5.592  50.708 0.3750000000
77456  -46.945  4.919  50.091 0.2500000000
78241  -48.360  5.489  49.950 0.1250000000
79040  -48.964  6.014  49.680 0.2500000000
79045  -49.546  6.660  49.239 0.2500000000
78245  -48.427  5.528  49.196 0.1250000000
79044  -48.871  6.193  48.806 0.1250000000
79049  -49.447  6.876  48.308 0.2500000000
79859  -50.043  7.547  46.796 0.2500000000
79041  -49.521  6.573  50.151 0.2500000000
79852  -50.111  7.382  48.740 0.2500000000
79853  -50.651  8.107  48.351 0.2500000000
66030  -0.133  -8.369  79.293 0.2500000000
123717  0.915  -9.106  77.548 0.2500000000
62334  -35.584  -11.956  74.595 0.5000000000
62333  -34.932  -11.753  74.486 0.5000000000
61427  -37.042  -12.769  73.893 0.5000000000
111665  -36.664  -13.180  71.676 0.5000000000
75789  -43.572  2.317  65.671 0.2500000000
62276  -27.320  -12.480  84.106 0.6250000000
60451  -9.773  -13.857  90.808 0.5000000000
60456  -10.122  -14.283  90.057 0.5000000000
54712  -1.680  -20.508  72.137 0.1250000000
61342  -9.267  -13.265  92.087 0.3750000000
61470  -35.088  -12.737  71.886 0.5000000000
60596  -35.306  -12.949  69.178 0.6250000000
59674  -35.386  -13.040  71.020 0.5000000000
59702  -35.809  -13.118  69.894 0.3750000000
75847  -45.590  2.470  58.496 0.3750000000
76658  -47.027  3.558  58.101 0.5000000000
77429  -47.533  4.414  57.673 0.5000000000
72384  -39.470  -1.172  63.617 0.3750000000
75836  -44.176  3.248  61.020 0.3750000000
75841  -44.768  3.127  60.318 0.5000000000
127358  -43.489  2.349  59.797 0.3750000000
120161  -44.622  2.512  59.408 0.5000000000
77415  -47.123  4.364  60.726 0.5000000000
78173  -47.802  5.134  59.857 0.2500000000
131232  -25.106  -15.609  86.406 0.2500000000
63094  -6.698  -11.926  92.587 0.5000000000
62227  -8.002  -12.766  92.600 0.5000000000
78986  -47.926  6.071  56.483 0.3750000000
115214  -15.136  -9.558  86.876 0.2500000000
134027  -20.847  -9.703  87.893 0.2500000000
125699  -15.673  -9.826  86.403 0.2500000000
65057  -17.213  -9.605  85.609 0.2500000000
65041  -13.866  -9.719  86.704 0.2500000000
112974  -14.755  -10.092  86.005 0.2500000000
65070  -16.612  -9.890  84.854 0.2500000000
65083  -14.466  -10.094  84.025 0.2500000000
65021  -21.510  -9.362  87.619 0.3750000000
65026  -13.572  -9.814  87.207 0.2500000000
128664  -17.076  -9.683  85.158 0.2500000000
128371  -13.370  -9.703  86.377 0.2500000000
65082  -13.661  -9.894  84.181 0.2500000000
131688  -12.043  -12.081  90.178 0.3750000000
65046  -18.883  -9.164  86.322 0.3750000000
64068  -12.559  -10.353  89.071 0.2500000000
124640  -18.280  -9.431  85.317 0.2500000000
64077  -12.343  -10.172  88.506 0.2500000000
65025  -12.852  -9.942  87.150 0.2500000000
65015  -12.263  -10.101  87.821 0.2500000000
65054  -12.427  -9.840  85.696 0.2500000000
64116  -11.395  -10.256  84.531 0.2500000000
64143  -12.923  -10.442  81.839 0.2500000000
61348  -11.218  -13.064  90.206 0.5000000000
63112  -11.255  -11.512  90.426 0.3750000000
64061  -11.269  -10.814  89.793 0.2500000000
65059  -19.181  -9.267  85.570 0.3750000000
65958  -19.171  -9.151  85.957 0.3750000000
65073  -18.662  -9.559  84.829 0.2500000000
63202  -12.027  -10.607  81.829 0.1250000000
62234  -10.272  -12.543  90.910 0.3750000000
61343  -9.836  -13.183  91.378 0.3750000000
65959  -20.868  -8.590  86.739 0.3750000000
64055  -10.957  -11.018  90.222 0.2500000000
129097  -19.719  -9.409  84.925 0.3750000000
121486  -11.098  -10.262  88.453 0.2500000000
112855  -11.376  -10.272  86.270 0.2500000000
64100  -10.888  -10.467  86.654 0.2500000000
64160  -17.775  -10.658  80.650 0.1250000000
63201  -11.000  -10.887  81.943 0.1250000000
63232  -14.348  -11.404  78.392 0.1250000000
66855  -21.849  -7.501  87.371 0.3750000000
63101  -9.998  -12.023  90.941 0.3750000000
63111  -10.544  -11.447  90.615 0.3750000000
64075  -10.431  -10.391  89.013 0.2500000000
64054  -10.248  -10.931  90.337 0.3750000000
119847  -10.526  -10.490  88.303 0.2500000000
130791  -20.366  -9.430  84.145 0.3750000000
60490  -25.678  -14.348  86.114 0.3750000000
64150  -19.571  -10.336  81.599 0.1250000000
125349  -27.155  -13.568  83.692 0.5000000000
62280  -27.421  -12.921  83.552 0.6250000000
63133  -9.700  -10.685  89.265 0.2500000000
63121  -9.502  -10.696  89.846 0.3750000000
63144  -9.535  -11.250  87.842 0.2500000000
63165  -9.806  -11.420  86.383 0.2500000000
63175  -9.437  -11.631  85.442 0.1250000000
63199  -9.650  -11.302  83.049 0.1250000000
63099  -8.190  -11.722  91.684 0.3750000000
63120  -8.655  -11.069  90.096 0.3750000000
111862  -8.288  -12.098  86.876 0.1250000000
63174  -8.538  -11.788  85.239 0.1250000000
63192  -8.316  -11.337  83.410 0.1250000000
61402  -26.451  -13.634  81.428 0.6250000000
118421  -7.181  -11.904  89.219 0.2500000000
63154  -7.690  -12.185  87.616 0.2500000000
111861  -7.902  -11.977  85.969 0.1250000000
63108  -6.765  -11.628  91.596 0.5000000000
63118  -6.601  -11.681  90.534 0.3750000000
63107  -6.298  -11.582  91.379 0.3750000000
66932  -0.530  -7.788  78.670 0.2500000000
114962  -36.784  -12.608  73.887 0.5000000000
61439  -36.571  -12.637  73.426 0.5000000000
61452  -35.474  -12.652  72.443 0.5000000000
61453  -36.060  -12.585  73.011 0.5000000000
74041  -41.983  0.427  65.446 0.2500000000
75810  -42.635  2.412  63.297 0.3750000000
76605  -44.502  3.846  64.616 0.3750000000
75826  -42.689  2.488  62.373 0.3750000000
76630  -45.302  4.192  62.153 0.3750000000
117962  -46.417  4.835  62.537 0.3750000000
77404  -46.073  4.422  61.891 0.3750000000
77405  -46.852  4.890  62.003 0.3750000000
129641  -43.365  1.902  59.001 0.2500000000
74939  -44.217  1.777  58.624 0.3750000000
115076  -47.167  4.777  61.302 0.3750000000
76661  -46.433  2.908  57.499 0.5000000000
76664  -46.309  3.132  56.662 0.5000000000
118284  -46.136  3.504  55.914 0.5000000000
77432  -46.680  3.913  56.408 0.6250000000
130490  -45.998  3.912  55.288 0.5000000000
75862  -45.059  2.533  55.009 0.3750000000
76678  -44.636  4.036  52.446 0.2500000000
77447  -45.129  4.576  52.904 0.3750000000
77454  -45.571  4.473  50.727 0.2500000000
77452  -46.026  5.054  51.239 0.3750000000
78232  -47.152  5.714  51.780 0.3750000000
78240  -47.620  5.201  50.062 0.1250000000
78248  -48.449  5.534  48.402 0.1250000000
77463  -48.092  4.669  48.114 0.1250000000
79855  -50.201  7.597  47.727 0.2500000000
132737  -48.878  6.709  45.821 0.1250000000
79072  -49.223  6.954  46.368 0.1250000000
79037  -49.025  5.868  50.517 0.2500000000
79856  -50.880  8.300  47.650 0.2500000000
59527  -11.703  -14.398  88.599 0.2500000000
60457  -11.161  -13.702  89.547 0.3750000000
60460  -11.797  -13.938  88.917 0.3750000000
61356  -12.841  -13.422  88.711 0.3750000000
59531  -12.137  -14.539  88.229 0.2500000000
112242  -13.074  -14.095  88.091 0.2500000000
60465  -12.559  -14.031  88.470 0.2500000000
67805  -29.206  -6.225  83.339 0.1250000000
64994  -3.323  -9.348  94.105 0.2500000000
128701  -28.688  -6.504  83.479 0.1250000000
121621  -0.746  -8.872  93.435 0.2500000000
65929  -1.126  -7.917  94.166 0.2500000000
65925  -2.184  -8.515  94.483 0.2500000000
61352  -12.236  -13.184  89.060 0.3750000000
60466  -13.507  -13.552  88.475 0.2500000000
59532  -13.849  -13.868  87.963 0.2500000000
64047  -5.991  -11.388  92.209 0.2500000000
59544  -14.346  -13.915  87.392 0.2500000000
64052  -5.866  -11.235  91.981 0.2500000000
68734  -29.655  -5.672  83.384 0.1250000000
64051  -5.124  -10.933  92.050 0.2500000000
133086  -5.568  -11.304  91.642 0.2500000000
63117  -5.611  -11.564  90.892 0.2500000000
122686  -5.745  -11.566  90.057 0.2500000000
67806  -30.017  -6.278  83.061 0.1250000000
68735  -30.271  -5.761  83.139 0.1250000000
67744  -0.024  -6.681  91.233 0.3750000000
67745  -0.283  -6.067  91.775 0.3750000000
64046  -4.616  -10.504  92.547 0.2500000000
63106  -4.891  -11.194  91.215 0.2500000000
63128  -4.954  -11.211  90.128 0.2500000000
67741  -0.451  -6.406  92.541 0.2500000000
67737  -0.751  -6.856  93.320 0.2500000000
65006  -4.012  -9.957  92.155 0.2500000000
64050  -4.434  -10.568  91.645 0.2500000000
63129  -5.359  -11.488  89.166 0.2500000000
68733  -28.752  -5.376  83.601 0.1250000000
66899  -28.962  -6.734  83.044 0.1250000000
66900  -29.609  -6.682  82.823 0.1250000000
66828  -2.026  -7.085  94.087 0.2500000000
64998  -3.560  -9.326  93.683 0.2500000000
64058  -4.386  -10.664  90.693 0.2500000000
129374  -4.727  -11.011  89.240 0.2500000000
67797  -28.400  -5.965  83.797 0.1250000000
66827  -1.261  -7.293  94.010 0.2500000000
65930  -2.508  -7.987  94.176 0.2500000000
65926  -2.762  -8.700  94.225 0.2500000000
65931  -3.054  -8.640  93.960 0.2500000000
65001  -3.535  -9.324  92.664 0.2500000000
64049  -3.872  -10.107  91.171 0.2500000000
64057  -4.033  -10.049  90.276 0.2500000000
123189  -4.435  -10.546  89.734 0.2500000000
66831  -2.488  -7.411  93.634 0.2500000000
65936  -2.739  -7.856  92.664 0.2500000000
65934  -3.000  -8.666  93.123 0.2500000000
65005  -3.563  -9.373  91.592 0.2500000000
65008  -3.644  -9.464  90.694 0.2500000000
65937  -3.196  -8.636  92.061 0.2500000000
65010  -3.885  -9.448  89.959 0.2500000000
60462  -13.986  -13.205  88.755 0.2500000000
132652  -1.157  -3.956  90.459 0.2500000000
60467  -14.279  -13.428  88.321 0.2500000000
69597  -0.988  -4.525  90.270 0.3750000000
68682  -0.759  -4.885  90.967 0.2500000000
69585  -0.868  -4.427  91.582 0.2500000000
59533  -14.643  -13.544  87.657 0.2500000000
114663  -0.657  -5.458  90.276 0.3750000000
68678  -0.624  -5.200  91.630 0.3750000000
68674  -1.311  -5.123  92.833 0.2500000000
63130  -6.357  -11.741  89.619 0.1250000000
117406  -0.302  -6.262  90.118 0.3750000000
68673  -0.692  -5.529  92.346 0.2500000000
68671  -1.077  -6.025  93.173 0.2500000000
117884  -6.223  -11.834  88.703 0.1250000000
69639  -30.021  -5.023  83.095 0.1250000000
67739  -1.832  -6.347  93.575 0.2500000000
69648  -29.475  -4.262  82.804 0.1250000000
120965  -2.263  -6.733  93.571 0.2500000000
63139  -4.854  -11.054  88.613 0.2500000000
64065  -4.475  -10.430  88.800 0.2500000000
68725  -27.694  -5.018  83.818 0.1250000000
133399  -4.515  -10.105  88.271 0.2500000000
65940  -3.329  -8.730  91.066 0.2500000000
65011  -4.122  -9.873  89.414 0.2500000000
65014  -4.310  -9.593  88.613 0.2500000000
60461  -13.548  -13.165  88.796 0.3750000000
61353  -13.083  -12.925  88.971 0.3750000000
70492  -1.402  -3.544  90.669 0.2500000000
70483  -1.488  -3.436  91.487 0.2500000000
60463  -14.452  -13.058  88.661 0.2500000000
69592  -1.045  -4.012  91.066 0.2500000000
59534  -15.629  -13.326  87.431 0.3750000000
67810  -30.677  -6.149  82.811 0.1250000000
68740  -30.754  -5.385  82.876 0.1250000000
69586  -1.127  -3.898  91.869 0.2500000000
69582  -1.609  -4.169  92.537 0.2500000000
69581  -0.931  -4.621  92.138 0.2500000000
69583  -2.559  -4.344  92.956 0.2500000000
117326  0.007  -6.828  89.913 0.3750000000
68672  -1.707  -5.644  93.338 0.2500000000
68675  -2.020  -4.989  93.352 0.2500000000
63140  -5.414  -11.373  88.032 0.1250000000
114383  -29.181  -4.776  83.343 0.1250000000
66832  -2.578  -6.925  92.920 0.2500000000
124010  -4.779  -10.584  87.908 0.1250000000
67743  -3.017  -6.315  92.517 0.2500000000
58632  -16.684  -15.017  83.483 0.3750000000
69637  -27.310  -4.243  83.484 0.1250000000
66834  -3.037  -8.005  91.541 0.2500000000
65942  -3.653  -8.740  90.142 0.2500000000
65013  -3.924  -9.099  89.305 0.2500000000
65023  -4.619  -9.686  87.761 0.2500000000
61350  -12.568  -12.739  89.318 0.3750000000
71336  -3.427  -1.888  90.855 0.1250000000
72164  -3.756  -1.662  91.735 0.1250000000
70493  -1.903  -2.923  90.950 0.1250000000
71328  -2.510  -2.551  91.533 0.1250000000
71329  -3.180  -2.128  91.599 0.1250000000
120565  -3.832  -1.853  92.187 0.1250000000
60468  -14.923  -13.210  88.090 0.2500000000
117510  -1.384  -3.885  89.849 0.3750000000
70484  -2.086  -2.983  91.797 0.2500000000
70477  -3.420  -3.088  92.568 0.1250000000
123715  -15.167  -12.982  88.299 0.2500000000
61358  -14.867  -12.702  88.815 0.2500000000
128776  -0.873  -5.269  89.749 0.3750000000
68688  -1.176  -4.810  89.452 0.3750000000
69587  -1.602  -3.460  92.046 0.2500000000
126039  -3.141  -3.869  92.755 0.2500000000
126375  -15.624  -13.154  87.824 0.3750000000
59535  -16.615  -13.454  87.416 0.3750000000
60469  -16.046  -13.101  87.923 0.3750000000
69649  -30.466  -4.505  82.488 0.1250000000
67811  -31.257  -5.868  82.694 0.1250000000
68676  -2.930  -5.356  93.042 0.2500000000
133686  -6.215  -11.800  87.882 0.1250000000
60470  -17.120  -13.464  87.706 0.3750000000
63152  -5.814  -11.617  87.145 0.1250000000
64091  -5.058  -11.011  87.017 0.1250000000
70542  -29.314  -3.899  82.226 0.1250000000
116613  -2.991  -7.198  92.046 0.2500000000
121073  -17.726  -15.229  83.345 0.2500000000
70540  -27.585  -3.711  82.784 0.1250000000
67749  -3.374  -7.281  91.147 0.2500000000
66837  -3.371  -8.016  90.639 0.2500000000
66841  -3.744  -7.912  89.943 0.2500000000
64090  -4.778  -10.195  86.965 0.1250000000
58620  -18.579  -15.266  84.122 0.3750000000
70538  -26.052  -3.605  82.931 0.1250000000
58644  -18.018  -15.421  82.462 0.2500000000
58605  -18.915  -15.355  85.028 0.3750000000
65945  -4.243  -8.690  88.673 0.2500000000
65948  -4.610  -9.024  88.152 0.1250000000
65024  -4.795  -9.439  86.918 0.1250000000
58633  -18.763  -15.465  83.097 0.2500000000
57607  -19.581  -15.584  84.344 0.3750000000
57618  -19.526  -15.713  83.534 0.2500000000
57608  -20.315  -15.906  84.416 0.2500000000
57590  -21.242  -15.549  86.070 0.3750000000
69646  -24.648  -4.427  83.227 0.1250000000
70537  -25.175  -4.107  82.761 0.1250000000
57628  -19.631  -15.988  82.717 0.2500000000
57609  -21.088  -16.239  84.455 0.3750000000
57591  -21.831  -15.727  86.259 0.3750000000
69645  -23.525  -4.495  83.001 0.1250000000
70552  -24.589  -4.241  81.901 0.1250000000
70560  -23.067  -3.988  80.841 0.1250000000
68732  -22.691  -4.955  83.888 0.1250000000
69655  -22.388  -4.630  81.961 0.1250000000
69671  -22.142  -4.218  80.682 0.1250000000
69686  -22.624  -4.141  79.220 0.1250000000
69685  -21.271  -4.622  79.710 0.1250000000
69670  -21.459  -4.801  80.841 0.1250000000
112998  -21.518  -4.537  80.393 0.1250000000
128187  -21.903  -4.166  79.894 0.1250000000
115487  -21.701  -4.333  79.040 0.1250000000
69714  -22.438  -4.527  77.582 0.1250000000
69703  -22.524  -4.358  78.407 0.1250000000
69724  -22.292  -4.586  76.717 0.1250000000
130742  -21.734  -4.381  78.207 0.1250000000
61349  -11.890  -12.869  89.606 0.3750000000
70499  -2.060  -2.828  90.023 0.2500000000
71335  -2.643  -2.356  90.663 0.2500000000
71322  -4.034  -2.269  92.521 0.1250000000
61357  -14.270  -12.886  88.998 0.3750000000
69598  -1.809  -3.342  89.689 0.2500000000
69603  -1.924  -3.755  89.105 0.3750000000
70505  -2.292  -3.113  89.264 0.3750000000
69584  -4.045  -4.065  92.609 0.2500000000
69602  -1.589  -4.457  88.956 0.3750000000
62248  -16.072  -12.441  88.733 0.3750000000
61359  -15.585  -12.805  88.482 0.3750000000
69607  -1.702  -4.871  88.280 0.3750000000
68677  -3.513  -4.782  92.718 0.2500000000
62249  -17.050  -12.457  88.392 0.2500000000
68741  -31.486  -5.075  82.434 0.1250000000
66911  -31.242  -6.481  82.425 0.1250000000
68679  -3.647  -5.738  92.245 0.2500000000
63153  -6.669  -12.085  87.311 0.1250000000
63162  -6.392  -11.786  86.536 0.1250000000
63135  -17.567  -11.575  88.510 0.1250000000
69661  -30.174  -3.956  81.840 0.1250000000
67747  -4.157  -6.002  91.401 0.2500000000
123294  -18.738  -13.941  88.348 0.3750000000
133870  -29.578  -3.872  81.743 0.1250000000
69679  -30.763  -3.971  81.021 0.1250000000
67746  -3.522  -6.548  91.706 0.2500000000
130719  -3.839  -6.636  90.944 0.2500000000
63161  -5.738  -11.238  86.471 0.1250000000
113150  -6.276  -11.368  86.000 0.1250000000
63147  -18.087  -10.664  88.291 0.1250000000
62251  -19.489  -12.112  88.512 0.2500000000
122484  -19.023  -13.158  88.527 0.2500000000
69693  -29.251  -4.486  80.339 0.1250000000
66838  -3.900  -7.158  90.286 0.2500000000
66842  -4.258  -7.389  89.527 0.2500000000
65943  -3.913  -8.245  89.333 0.2500000000
65946  -4.878  -8.281  88.223 0.1250000000
65949  -4.906  -8.670  87.484 0.1250000000
63172  -6.025  -10.823  85.945 0.1250000000
69659  -28.050  -3.733  81.680 0.1250000000
64099  -5.424  -10.541  86.455 0.1250000000
64105  -5.970  -10.086  86.075 0.1250000000
65956  -5.335  -8.915  86.706 0.1250000000
65037  -5.342  -9.735  86.503 0.1250000000
66884  -21.708  -6.857  84.326 0.1250000000
70561  -24.089  -4.178  80.960 0.1250000000
120929  -21.667  -6.215  82.197 0.1250000000
69687  -23.535  -4.036  79.335 0.1250000000
131405  -24.215  -4.097  79.498 0.1250000000
69673  -24.707  -4.177  80.129 0.1250000000
67816  -21.339  -5.750  81.274 0.1250000000
115158  -21.683  -5.492  81.826 0.1250000000
69704  -23.423  -4.332  78.566 0.1250000000
69716  -24.128  -4.757  77.975 0.1250000000
68739  -22.262  -5.079  83.052 0.1250000000
69725  -23.099  -4.880  76.978 0.1250000000
69715  -23.262  -4.678  77.798 0.1250000000
69732  -22.880  -5.032  76.126 0.1250000000
72175  -6.288  -1.069  91.447 0.1250000000
120645  -6.965  -1.630  92.367 0.1250000000
71325  -7.697  -2.118  92.595 0.1250000000
70481  -7.415  -2.708  92.440 0.1250000000
70489  -7.846  -3.232  92.045 0.1250000000
69591  -7.424  -3.716  91.482 0.1250000000
72167  -6.126  -1.263  92.181 0.1250000000
71324  -6.896  -2.106  92.593 0.1250000000
70480  -6.450  -2.565  92.555 0.1250000000
69595  -7.606  -3.997  90.882 0.1250000000
72173  -4.144  -1.481  91.140 0.1250000000
120995  -4.884  -1.088  91.620 0.1250000000
71330  -4.706  -1.632  92.495 0.1250000000
70488  -7.042  -3.350  92.141 0.1250000000
70500  -2.670  -2.462  89.595 0.3750000000
71341  -3.097  -1.962  89.962 0.1250000000
72181  -4.703  -1.411  90.422 0.1250000000
70479  -5.238  -2.452  92.583 0.1250000000
70487  -6.087  -3.348  92.182 0.1250000000
69594  -6.996  -4.325  90.873 0.1250000000
62243  -13.810  -12.579  89.383 0.3750000000
61354  -13.829  -12.942  89.051 0.3750000000
70506  -2.926  -2.830  88.775 0.3750000000
71349  -4.139  -2.000  88.863 0.1250000000
71342  -3.856  -1.680  89.905 0.1250000000
70478  -4.464  -3.190  92.522 0.1250000000
70486  -5.322  -3.483  92.296 0.1250000000
69590  -6.634  -3.924  91.515 0.1250000000
69593  -6.229  -4.630  91.045 0.1250000000
70510  -2.567  -3.589  88.564 0.2500000000
70507  -3.683  -2.621  88.376 0.2500000000
69588  -4.973  -4.203  92.139 0.2500000000
69589  -5.798  -4.108  91.699 0.1250000000
69608  -2.137  -4.308  88.389 0.3750000000
113972  -2.863  -4.190  87.880 0.2500000000
70511  -3.302  -3.392  88.099 0.2500000000
68681  -5.436  -4.919  91.451 0.1250000000
68684  -5.787  -5.342  90.651 0.2500000000
68685  -6.559  -5.050  90.379 0.1250000000
68689  -5.998  -5.644  89.902 0.1250000000
127094  -15.704  -11.529  89.043 0.3750000000
62247  -15.306  -12.403  89.020 0.3750000000
68697  -2.171  -4.948  87.584 0.3750000000
68680  -4.477  -5.151  92.042 0.2500000000
68683  -4.936  -5.604  90.992 0.2500000000
68690  -6.735  -5.399  89.647 0.1250000000
113642  -16.586  -11.737  88.570 0.3750000000
69662  -31.169  -4.240  81.799 0.1250000000
67817  -31.894  -6.033  82.475 0.1250000000
68747  -32.226  -5.404  82.127 0.1250000000
67751  -5.229  -5.933  90.151 0.2500000000
67755  -5.431  -6.252  89.503 0.1250000000
63146  -17.025  -11.035  88.047 0.1250000000
66918  -31.939  -6.799  82.126 0.1250000000
120948  -31.973  -7.280  81.756 0.1250000000
67750  -4.447  -6.307  90.516 0.2500000000
67754  -4.798  -6.737  89.873 0.2500000000
66843  -4.919  -6.936  89.146 0.1250000000
67759  -5.595  -6.563  88.752 0.1250000000
112448  -6.897  -11.749  85.868 0.1250000000
69678  -29.690  -3.958  81.182 0.1250000000
66928  -32.336  -7.532  81.256 0.2500000000
66847  -5.207  -7.373  88.428 0.1250000000
66852  -5.480  -7.858  87.755 0.1250000000
63173  -6.530  -11.125  85.313 0.1250000000
66846  -4.488  -7.767  88.810 0.1250000000
68766  -28.836  -5.094  79.507 0.1250000000
69692  -28.284  -4.705  80.179 0.1250000000
69675  -26.732  -4.428  80.737 0.1250000000
65038  -6.026  -9.249  86.249 0.1250000000
68765  -27.877  -5.254  79.344 0.1250000000
69691  -27.330  -4.844  80.031 0.1250000000
68780  -27.501  -5.660  78.520 0.1250000000
68764  -26.963  -5.273  79.190 0.1250000000
66898  -21.623  -7.219  83.166 0.1250000000
68779  -26.627  -5.634  78.425 0.1250000000
69707  -26.029  -5.227  79.074 0.1250000000
68796  -26.377  -6.012  77.698 0.1250000000
68778  -25.750  -5.550  78.359 0.1250000000
69706  -25.183  -4.929  78.898 0.1250000000
67827  -21.041  -5.466  80.723 0.1250000000
68795  -25.534  -5.808  77.629 0.1250000000
68794  -24.726  -5.453  77.463 0.1250000000
69705  -24.344  -4.393  78.777 0.1250000000
69689  -25.430  -4.655  79.615 0.1250000000
126976  -20.902  -5.312  80.314 0.1250000000
68755  -21.067  -4.976  80.188 0.1250000000
68821  -23.415  -5.652  75.580 0.1250000000
68822  -24.216  -6.079  75.869 0.1250000000
68812  -24.495  -5.810  76.705 0.1250000000
68793  -23.889  -5.186  77.249 0.1250000000
68763  -20.476  -5.308  79.130 0.1250000000
69702  -21.021  -4.675  78.970 0.1250000000
69723  -21.459  -4.381  76.484 0.1250000000
69713  -20.977  -4.492  78.121 0.1250000000
116462  -21.622  -4.374  77.381 0.1250000000
72176  -7.144  -1.003  90.893 0.1250000000
127898  -7.283  -1.131  91.971 0.1250000000
72162  -7.988  -1.536  92.449 0.1250000000
70482  -8.210  -2.653  92.382 0.1250000000
70490  -8.507  -3.038  91.943 0.1250000000
70494  -8.055  -3.543  91.394 0.1250000000
72183  -6.252  -1.363  90.085 0.1250000000
72174  -5.489  -1.205  90.881 0.1250000000
62242  -13.117  -12.527  89.453 0.3750000000
72190  -5.856  -1.534  88.950 0.1250000000
72182  -5.313  -1.478  89.682 0.1250000000
68686  -7.358  -4.666  90.169 0.1250000000
71350  -5.030  -1.783  88.631 0.1250000000
62246  -14.517  -12.440  89.214 0.3750000000
71356  -4.466  -2.385  88.027 0.1250000000
69613  -3.109  -4.696  87.115 0.1250000000
69610  -4.366  -3.596  86.970 0.1250000000
69609  -3.634  -3.918  87.407 0.1250000000
68693  -6.803  -5.697  88.859 0.1250000000
67756  -6.131  -5.938  89.196 0.1250000000
63145  -16.238  -10.916  88.383 0.2500000000
69663  -32.009  -4.678  81.709 0.1250000000
68748  -32.741  -5.162  81.570 0.1250000000
67818  -32.641  -6.188  81.935 0.1250000000
67819  -33.187  -6.678  81.288 0.1250000000
68701  -2.533  -5.429  86.735 0.3750000000
68707  -2.878  -5.847  85.967 0.3750000000
66848  -5.848  -6.997  87.986 0.1250000000
69695  -31.439  -4.298  80.399 0.1250000000
69664  -32.430  -4.584  81.097 0.1250000000
66919  -32.492  -7.067  81.620 0.1250000000
66929  -32.925  -7.383  80.978 0.1250000000
68767  -29.917  -4.739  79.671 0.1250000000
69694  -30.644  -4.308  80.224 0.1250000000
66026  -32.797  -7.847  80.566 0.2500000000
66041  -32.714  -8.283  79.932 0.2500000000
65950  -5.512  -8.153  87.043 0.1250000000
68768  -30.946  -4.756  79.641 0.1250000000
65052  -6.355  -9.577  85.585 0.1250000000
64106  -6.309  -10.393  85.392 0.1250000000
64113  -6.690  -10.628  84.828 0.1250000000
68781  -28.383  -5.614  78.668 0.1250000000
68782  -29.336  -5.442  78.802 0.1250000000
65987  -21.351  -8.279  83.369 0.1250000000
68797  -27.188  -6.024  77.737 0.1250000000
66009  -21.419  -7.489  81.477 0.1250000000
68814  -26.161  -6.342  76.977 0.1250000000
66927  -20.924  -6.041  80.741 0.1250000000
67826  -20.738  -5.700  80.230 0.1250000000
68820  -22.628  -5.196  75.292 0.1250000000
112355  -20.859  -4.325  77.120 0.1250000000
69731  -22.075  -4.653  75.860 0.1250000000
72177  -8.093  -0.813  91.482 0.1250000000
72168  -8.453  -1.088  92.258 0.1250000000
72163  -8.726  -1.430  92.658 0.1250000000
71326  -8.505  -2.025  92.699 0.1250000000
71331  -8.922  -2.502  92.456 0.1250000000
111550  -7.997  -1.089  90.283 0.1250000000
70495  -8.710  -3.347  91.208 0.1250000000
70501  -8.945  -3.606  90.357 0.1250000000
62239  -12.355  -12.393  89.812 0.3750000000
72184  -7.145  -1.347  89.675 0.1250000000
69596  -8.132  -3.940  90.499 0.1250000000
69599  -7.961  -4.538  89.582 0.1250000000
71351  -5.729  -1.797  88.220 0.1250000000
112884  -7.375  -5.163  89.266 0.1250000000
70513  -4.775  -2.828  87.281 0.1250000000
63134  -14.833  -11.611  89.322 0.3750000000
113463  -3.947  -4.408  86.714 0.1250000000
113229  -4.737  -4.093  86.307 0.1250000000
112597  -5.134  -4.587  85.604 0.2500000000
67761  -6.957  -6.046  88.091 0.1250000000
68703  -4.296  -4.883  86.006 0.1250000000
68709  -4.713  -5.380  85.271 0.2500000000
111484  -5.489  -5.366  83.806 0.2500000000
67760  -6.300  -6.282  88.420 0.1250000000
67765  -6.550  -6.674  87.633 0.1250000000
68749  -33.433  -5.750  81.322 0.1250000000
67780  -3.291  -6.352  85.263 0.3750000000
67828  -33.995  -6.356  80.942 0.1250000000
66930  -33.667  -7.172  80.768 0.2500000000
66027  -33.442  -7.807  80.446 0.2500000000
66042  -33.323  -8.314  79.959 0.2500000000
65128  -32.427  -8.814  79.064 0.2500000000
65090  -20.935  -9.102  83.331 0.1250000000
68798  -27.991  -6.095  77.869 0.1250000000
121622  -21.371  -8.462  81.816 0.1250000000
66926  -20.656  -6.280  80.166 0.1250000000
127030  -20.340  -5.748  79.144 0.1250000000
68813  -25.324  -6.126  76.904 0.1250000000
69701  -20.453  -4.950  78.593 0.1250000000
69700  -20.288  -4.589  77.672 0.1250000000
70579  -20.763  -4.263  76.153 0.1250000000
69740  -21.834  -4.726  75.024 0.1250000000
126008  -3.706  -6.790  84.479 0.2500000000
67790  -4.499  -6.389  84.033 0.2500000000
68727  -5.811  -5.487  82.857 0.2500000000
68736  -5.634  -5.913  82.008 0.2500000000
66881  -3.129  -7.330  83.955 0.2500000000
67798  -4.186  -7.225  83.576 0.2500000000
67800  -5.354  -6.314  82.752 0.2500000000
68742  -5.479  -5.577  81.311 0.1250000000
68753  -5.070  -5.329  80.792 0.1250000000
66894  -3.498  -7.823  83.177 0.2500000000
66904  -3.728  -8.169  82.352 0.2500000000
66906  -5.002  -7.086  81.698 0.2500000000
67821  -4.681  -6.557  80.604 0.1250000000
68752  -4.540  -5.926  80.521 0.1250000000
69668  -4.205  -5.147  80.686 0.1250000000
65983  -2.910  -8.215  82.641 0.2500000000
65995  -3.149  -8.581  81.695 0.2500000000
131004  -3.556  -8.565  81.010 0.2500000000
66922  -4.410  -7.247  80.599 0.1250000000
65130  -33.806  -8.732  79.516 0.2500000000
125721  -33.824  -8.248  80.027 0.2500000000
65129  -33.271  -8.934  79.198 0.2500000000
65143  -33.894  -9.345  78.999 0.2500000000
66043  -34.290  -8.447  79.748 0.2500000000
66006  -2.364  -8.577  81.446 0.2500000000
65142  -32.792  -9.436  78.438 0.2500000000
131485  -33.482  -9.537  78.607 0.2500000000
64180  -32.269  -9.876  77.718 0.1250000000
126695  -33.190  -9.835  77.932 0.2500000000
68829  -23.159  -5.837  74.743 0.1250000000
68830  -23.965  -6.290  75.016 0.1250000000
67820  -3.907  -6.602  80.204 0.1250000000
68751  -3.541  -5.709  80.257 0.1250000000
66921  -3.694  -7.510  80.325 0.1250000000
67832  -2.898  -6.202  79.656 0.1250000000
68750  -2.464  -5.303  79.818 0.1250000000
118868  -2.902  -8.675  80.918 0.2500000000
66016  -3.346  -8.247  80.602 0.2500000000
66935  -3.120  -7.026  79.691 0.1250000000
67831  -2.264  -6.563  79.034 0.1250000000
68760  -1.962  -5.658  79.094 0.1250000000
66044  -34.885  -8.760  79.346 0.2500000000
119225  -1.963  -8.521  80.899 0.2500000000
66951  -35.548  -7.591  78.910 0.1250000000
61418  -36.565  -12.498  74.502 0.3750000000
65279  -36.706  -8.342  63.109 0.1250000000
66183  -36.456  -8.127  62.210 0.1250000000
64234  -41.501  -11.448  74.043 0.1250000000
63293  -42.076  -11.351  73.814 0.1250000000
63336  -35.270  -11.110  67.043 0.3750000000
63349  -35.797  -10.466  66.443 0.2500000000
65242  -36.657  -9.219  65.481 0.2500000000
119262  -37.902  -8.399  65.309 0.3750000000
62412  -34.471  -11.589  66.703 0.2500000000
64296  -35.502  -10.207  65.651 0.2500000000
65255  -37.604  -8.284  64.485 0.2500000000
66160  -37.886  -7.946  64.176 0.3750000000
63357  -34.662  -10.378  65.475 0.2500000000
64307  -35.177  -9.836  64.922 0.2500000000
65253  -36.373  -8.819  64.684 0.2500000000
65265  -37.366  -8.215  63.718 0.2500000000
67112  -38.643  -6.892  63.624 0.5000000000
68955  -38.486  -5.736  62.939 0.2500000000
69869  -38.480  -4.199  62.888 0.2500000000
65252  -35.590  -8.903  64.510 0.2500000000
131532  -38.131  -7.366  63.604 0.2500000000
67111  -38.199  -6.546  63.022 0.5000000000
122798  -38.598  -2.708  63.071 0.3750000000
72394  -38.918  -1.209  63.122 0.2500000000
73226  -38.626  -0.454  62.500 0.2500000000
74064  -39.362  0.553  61.440 0.2500000000
74065  -40.176  1.052  61.024 0.2500000000
65263  -36.192  -8.566  63.700 0.2500000000
65280  -37.234  -8.047  63.243 0.1250000000
66185  -37.827  -7.178  63.143 0.1250000000
68079  -37.762  -6.010  62.512 0.2500000000
69881  -37.773  -3.948  62.299 0.2500000000
71569  -37.972  -2.250  62.482 0.2500000000
74068  -40.232  1.134  60.102 0.2500000000
66184  -37.209  -7.540  62.738 0.2500000000
133007  -37.566  -4.644  62.188 0.1250000000
125836  -38.661  0.083  61.800 0.2500000000
127788  -36.711  -7.240  61.868 0.1250000000
68971  -37.268  -5.316  62.076 0.1250000000
64241  -42.424  -10.622  73.689 0.1250000000
64254  -42.044  -10.977  72.009 0.1250000000
63297  -42.493  -11.160  72.885 0.1250000000
66155  -39.088  -7.846  65.256 0.5000000000
66146  -38.696  -8.210  65.650 0.5000000000
66161  -38.532  -7.677  64.526 0.5000000000
67113  -39.390  -6.875  64.213 0.5000000000
68956  -39.123  -5.454  63.324 0.5000000000
74061  -40.076  0.861  61.982 0.2500000000
74932  -40.768  1.395  60.581 0.2500000000
129566  -41.097  1.621  60.227 0.2500000000
74074  -41.623  1.632  59.030 0.1250000000
74938  -42.352  1.810  59.222 0.2500000000
64242  -42.767  -10.221  73.644 0.1250000000
120981  -42.928  -10.591  72.958 0.1250000000
64266  -41.049  -10.089  70.209 0.2500000000
65208  -41.758  -9.702  70.599 0.2500000000
64261  -42.210  -10.150  71.520 0.2500000000
65213  -41.303  -9.245  69.698 0.2500000000
66162  -39.437  -7.348  64.830 0.5000000000
66172  -38.659  -7.303  64.127 0.5000000000
67102  -40.155  -6.824  64.710 0.3750000000
68061  -38.940  -6.224  63.396 0.5000000000
68062  -39.678  -5.934  63.647 0.5000000000
130102  -39.590  0.327  63.087 0.2500000000
74928  -40.876  1.396  61.567 0.2500000000
74942  -42.929  1.644  58.220 0.2500000000
112105  -43.723  1.369  58.104 0.2500000000
74086  -43.930  0.938  57.595 0.2500000000
134789  -44.211  1.232  57.973 0.3750000000
75846  -44.871  2.148  58.553 0.3750000000
73217  -39.308  -0.316  63.284 0.2500000000
74060  -39.279  0.327  62.460 0.2500000000
74943  -44.658  1.474  58.037 0.3750000000
131751  -42.657  -8.679  70.746 0.2500000000
65214  -41.985  -8.742  70.190 0.2500000000
74937  -41.531  1.765  59.856 0.2500000000
66114  -43.126  -8.230  70.944 0.1250000000
65220  -40.940  -8.776  68.852 0.1250000000
66116  -41.563  -8.484  69.198 0.2500000000
66117  -42.194  -8.050  69.518 0.2500000000
66118  -42.606  -8.124  70.286 0.2500000000
66121  -41.405  -8.296  68.294 0.1250000000
67074  -42.477  -7.511  68.966 0.2500000000
129289  -43.134  -7.682  70.469 0.1250000000
68005  -42.727  -6.866  68.543 0.2500000000
74951  -44.895  1.425  57.458 0.3750000000
74959  -45.140  1.659  56.840 0.3750000000
75854  -45.302  2.030  56.209 0.2500000000
79012  -48.357  6.801  55.037 0.2500000000
79011  -47.491  6.419  54.350 0.3750000000
79024  -48.326  6.855  53.972 0.3750000000
79805  -49.662  8.091  54.184 0.2500000000
80603  -50.276  8.650  54.721 0.2500000000
80612  -50.307  8.559  53.799 0.2500000000
80604  -50.720  9.172  55.199 0.1250000000
80613  -50.767  9.127  54.281 0.1250000000
81388  -51.110  9.570  53.814 0.1250000000
79815  -48.997  7.475  53.600 0.2500000000
79816  -49.711  7.892  53.290 0.2500000000
81389  -51.331  10.034  53.335 0.1250000000
79817  -50.364  8.344  52.916 0.2500000000
115808  -50.782  9.046  53.386 0.2500000000
81397  -51.137  9.556  52.944 0.1250000000
79035  -49.381  6.578  51.822 0.2500000000
79828  -50.474  8.167  52.052 0.2500000000
80620  -50.881  8.948  52.518 0.1250000000
79034  -48.921  5.953  51.306 0.2500000000
79838  -49.979  7.296  51.550 0.2500000000
80621  -51.408  9.498  52.097 0.1250000000
79839  -50.548  8.146  51.134 0.2500000000
80631  -51.064  8.883  51.639 0.1250000000
81407  -51.888  10.115  51.590 0.1250000000
79845  -50.011  7.333  50.623 0.2500000000
80643  -51.206  8.921  50.612 0.2500000000
80644  -51.553  9.539  51.205 0.1250000000
79848  -50.041  7.341  49.680 0.2500000000
79846  -50.520  8.154  50.156 0.2500000000
80657  -51.591  9.237  49.903 0.2500000000
125428  -51.780  9.625  50.381 0.1250000000
79849  -50.579  8.062  49.222 0.1250000000
80665  -51.199  8.545  48.822 0.1250000000
118544  -49.215  7.069  45.490 0.1250000000
80666  -51.755  9.029  49.201 0.2500000000
129511  -50.736  8.088  47.048 0.1250000000
134765  -51.273  8.472  47.194 0.1250000000
79871  -50.692  7.950  45.507 0.1250000000
79882  -49.887  7.487  45.021 0.1250000000
79899  -49.897  7.366  44.053 0.1250000000
81416  -51.909  10.005  50.812 0.1250000000
79861  -51.420  8.439  45.948 0.1250000000
80682  -52.027  8.854  46.366 0.2500000000
79872  -51.505  8.314  45.109 0.1250000000
128498  -52.105  8.385  43.796 0.1250000000
79900  -50.734  7.691  43.654 0.1250000000
79901  -51.566  7.962  43.295 0.1250000000
79915  -50.839  7.498  42.714 0.1250000000
80695  -52.329  8.646  44.635 0.1250000000
79902  -52.490  8.284  43.003 0.1250000000
79923  -52.605  7.878  41.859 0.1250000000
79916  -51.735  7.702  42.391 0.1250000000
79922  -51.813  7.408  41.558 0.1250000000
133763  -52.295  7.512  41.306 0.1250000000
79921  -51.022  7.239  41.858 0.1250000000
79929  -52.008  7.221  40.920 0.1250000000
79120  -52.362  7.114  40.251 0.1250000000
79114  -51.273  6.954  41.123 0.1250000000
79119  -51.584  6.771  40.424 0.1250000000
79127  -51.973  6.631  39.679 0.1250000000
79128  -52.853  6.971  39.462 0.1250000000
79137  -53.164  6.601  38.579 0.1250000000
78330  -51.767  5.536  38.361 0.1250000000
80729  -53.298  8.541  42.350 0.1250000000
79129  -53.504  7.117  38.880 0.1250000000
133625  -29.892  -4.105  82.340 0.1250000000
69660  -28.966  -3.900  81.731 0.1250000000
69677  -28.679  -4.195  81.037 0.1250000000
124020  -28.223  -4.566  83.430 0.1250000000
70556  -28.305  -3.686  82.289 0.1250000000
69658  -27.123  -3.854  81.622 0.1250000000
70555  -27.406  -3.597  82.342 0.1250000000
69647  -25.653  -3.968  83.271 0.1250000000
70562  -25.129  -4.173  81.184 0.1250000000
58619  -17.382  -15.052  84.246 0.3750000000
67752  -0.195  -6.655  89.442 0.3750000000
67789  -2.739  -7.073  84.844 0.2500000000
62316  -35.885  -12.076  75.105 0.3750000000
130059  -34.240  -8.989  79.283 0.2500000000
63294  -42.341  -11.244  73.472 0.1250000000
64248  -42.673  -10.676  73.373 0.1250000000
64259  -40.809  -10.943  70.683 0.2500000000
119572  -35.466  -8.377  79.179 0.1250000000
113876  -27.135  -6.615  84.242 0.1250000000
57598  -21.134  -15.796  85.339 0.3750000000
57599  -21.858  -16.073  85.533 0.2500000000
57597  -20.414  -15.705  85.170 0.3750000000
58606  -19.698  -15.543  85.084 0.3750000000
130509  -5.247  -10.979  92.607 0.2500000000
65928  -0.846  -8.407  93.845 0.2500000000
66825  -1.797  -7.819  94.405 0.2500000000
67740  -0.119  -6.886  91.943 0.3750000000
66830  -0.294  -7.211  92.654 0.2500000000
118934  -0.337  -5.875  90.932 0.3750000000
123705  -39.361  -6.478  63.815 0.5000000000
68957  -39.766  -5.161  63.641 0.5000000000
70722  -38.227  -3.239  62.727 0.2500000000
63148  -20.052  -11.145  88.295 0.2500000000
63136  -18.776  -11.346  88.502 0.1250000000
126940  -21.594  -7.218  85.145 0.1250000000
63141  -7.033  -12.067  88.259 0.1250000000
68731  -22.271  -5.512  83.717 0.1250000000
131621  -22.853  -4.478  82.737 0.1250000000
66014  -1.522  -8.247  80.256 0.2500000000
64297  -36.280  -9.948  65.891 0.2500000000
65243  -37.396  -8.875  65.784 0.2500000000
118150  -38.666  -4.990  63.001 0.2500000000
79038  -49.542  6.486  51.033 0.2500000000
79870  -49.950  7.535  45.927 0.1250000000
67738  -1.382  -6.689  93.699 0.2500000000
65933  -2.733  -8.080  93.625 0.2500000000
67742  -2.397  -6.014  93.327 0.2500000000
69638  -28.666  -4.189  83.133 0.1250000000
70498  -1.652  -3.257  90.206 0.3750000000
70541  -28.525  -3.880  82.749 0.1250000000
70531  -27.009  -3.780  83.203 0.1250000000
69629  -26.890  -4.449  83.741 0.1250000000
69636  -26.593  -4.034  83.497 0.1250000000
72165  -4.387  -1.352  92.079 0.1250000000
70485  -3.018  -2.515  92.102 0.1250000000
70476  -2.363  -3.360  92.399 0.2500000000
61360  -16.514  -12.979  88.156 0.2500000000
61361  -17.758  -13.299  88.279 0.3750000000
70532  -27.835  -4.000  83.124 0.1250000000
70530  -26.350  -3.751  83.254 0.1250000000
70539  -26.799  -3.573  82.907 0.1250000000
70554  -26.539  -3.653  82.351 0.1250000000
69657  -26.147  -4.053  81.462 0.1250000000
70553  -25.635  -3.933  82.197 0.1250000000
57619  -20.201  -16.077  83.703 0.2500000000
70536  -24.078  -4.405  82.501 0.1250000000
57629  -20.325  -16.437  82.662 0.2500000000
57620  -20.853  -16.417  83.717 0.3750000000
57610  -21.662  -16.350  84.821 0.3750000000
70551  -23.519  -4.237  81.662 0.1250000000
69656  -23.088  -4.337  82.249 0.1250000000
69672  -22.785  -3.997  80.033 0.1250000000
70550  -22.629  -4.279  81.431 0.1250000000
70566  -23.708  -3.995  80.118 0.1250000000
69644  -22.530  -4.750  82.866 0.1250000000
134570  -21.694  -4.520  80.794 0.1250000000
69684  -20.811  -5.034  79.425 0.1250000000
69654  -21.803  -4.829  81.423 0.1250000000
68746  -21.447  -5.166  81.228 0.1250000000
68756  -21.146  -5.119  80.656 0.1250000000
62250  -18.250  -12.348  88.612 0.2500000000
126096  -30.076  -4.156  80.462 0.1250000000
69676  -27.714  -4.248  80.887 0.1250000000
67804  -21.865  -6.234  83.424 0.1250000000
113645  -21.911  -5.549  82.704 0.1250000000
69688  -24.762  -4.392  79.350 0.1250000000
66915  -21.344  -6.529  81.348 0.1250000000
69643  -21.977  -5.034  82.108 0.1250000000
134345  -5.551  -0.983  91.889 0.1250000000
71323  -5.905  -1.683  92.536 0.1250000000
72166  -5.220  -1.201  92.269 0.1250000000
71348  -3.349  -2.185  89.185 0.2500000000
71343  -4.591  -1.636  89.438 0.1250000000
70512  -4.031  -3.108  87.649 0.2500000000
69680  -31.733  -4.241  81.095 0.1250000000
69690  -26.368  -4.828  79.836 0.1250000000
66909  -21.563  -7.074  82.087 0.1250000000
69674  -25.720  -4.403  80.491 0.1250000000
119697  -20.668  -5.417  79.744 0.1250000000
112182  -6.520  -1.453  89.096 0.1250000000
71357  -5.273  -2.206  87.749 0.1250000000
68702  -3.438  -5.165  86.382 0.3750000000
65101  -21.278  -8.620  82.637 0.1250000000
65999  -21.470  -7.876  82.402 0.1250000000
66021  -21.004  -6.955  80.676 0.1250000000
123238  -20.497  -5.941  79.693 0.1250000000
72192  -7.076  -1.485  88.672 0.1250000000
72191  -6.366  -1.621  88.368 0.1250000000
71358  -6.182  -2.059  87.574 0.1250000000
70517  -5.121  -3.303  86.607 0.1250000000
68710  -5.468  -4.924  84.629 0.2500000000
68708  -3.794  -5.610  85.637 0.2500000000
68715  -4.210  -6.100  84.907 0.2500000000
68716  -4.977  -5.740  84.410 0.2500000000
68726  -5.213  -6.005  83.552 0.2500000000
65108  -21.085  -9.152  81.363 0.1250000000
65116  -21.282  -8.131  80.925 0.1250000000
121457  -20.643  -6.904  80.058 0.1250000000
66940  -20.461  -6.552  79.608 0.1250000000
66939  -20.322  -6.235  79.254 0.1250000000
67841  -20.034  -5.902  78.586 0.1250000000
68743  -6.057  -5.073  81.849 0.2500000000
67807  -5.309  -6.575  82.094 0.2500000000
67799  -4.860  -6.622  83.331 0.2500000000
114580  -4.201  -7.714  82.835 0.2500000000
66895  -4.818  -7.073  82.648 0.2500000000
67813  -5.314  -6.358  81.421 0.2500000000
67822  -5.141  -6.118  80.805 0.1250000000
65996  -3.992  -8.278  81.447 0.2500000000
66905  -4.427  -7.733  82.056 0.2500000000
66912  -4.556  -7.607  81.187 0.2500000000
67812  -4.993  -6.878  80.954 0.1250000000
66017  -4.037  -8.068  80.769 0.2500000000
66015  -2.474  -8.126  80.294 0.2500000000
66934  -2.301  -7.405  79.428 0.1250000000
66942  -35.247  -7.848  79.647 0.1250000000
65294  -36.845  -7.984  62.749 0.1250000000
63348  -34.959  -10.729  66.255 0.2500000000
65254  -37.119  -8.599  64.985 0.2500000000
66154  -38.303  -8.070  64.882 0.3750000000
64308  -35.934  -9.552  65.185 0.2500000000
65264  -36.908  -8.556  64.084 0.2500000000
66170  -37.601  -7.899  63.626 0.2500000000
68972  -38.040  -4.985  62.528 0.2500000000
67123  -37.355  -6.942  62.549 0.2500000000
68078  -37.013  -6.344  62.076 0.1250000000
69880  -37.141  -4.323  61.774 0.1250000000
64260  -41.550  -10.583  71.073 0.2500000000
65209  -42.460  -9.352  71.018 0.2500000000
65210  -42.992  -8.931  71.431 0.1250000000
67063  -42.816  -7.516  69.831 0.2500000000
79827  -49.747  7.444  52.419 0.2500000000
80656  -51.135  8.694  49.659 0.2500000000
79860  -50.703  8.030  46.331 0.1250000000
79857  -51.352  8.458  46.661 0.1250000000
79883  -50.701  7.834  44.598 0.1250000000
79884  -51.489  8.160  44.186 0.1250000000
80690  -52.181  8.789  45.588 0.1250000000
80703  -52.695  8.670  43.868 0.1250000000
79113  -50.510  6.639  41.412 0.1250000000
80691  -52.568  9.347  46.037 0.2500000000
79930  -52.779  7.612  40.893 0.1250000000
78322  -52.397  6.481  38.997 0.1250000000
79138  -54.052  6.918  38.054 0.1250000000
69635  -25.964  -4.082  83.541 0.1250000000
69628  -26.250  -4.455  83.721 0.1250000000
58577  -9.800  -15.307  87.549 0.2500000000
59551  -9.912  -15.366  86.744 0.2500000000
58588  -9.509  -16.109  86.057 0.1250000000
58601  -9.541  -16.179  84.995 0.1250000000
58613  -9.982  -16.178  84.102 0.1250000000
58614  -10.947  -15.417  84.073 0.1250000000
57617  -9.851  -17.037  83.603 0.1250000000
58626  -10.462  -16.227  83.441 0.1250000000
57593  -23.514  -15.822  86.388 0.1250000000
56555  -24.143  -16.617  85.287 0.1250000000
56562  -24.277  -17.266  84.417 0.1250000000
126412  -22.393  -16.018  86.018 0.1250000000
56559  -21.915  -16.678  83.991 0.1250000000
129103  -22.445  -16.658  84.543 0.1250000000
56553  -23.123  -16.723  84.677 0.1250000000
58641  -14.776  -15.117  82.411 0.1250000000
58642  -15.347  -15.155  82.085 0.1250000000
56572  -22.652  -17.170  83.576 0.1250000000
59573  -25.980  -15.576  85.304 0.1250000000
60492  -26.380  -14.280  85.312 0.2500000000
55506  -24.124  -17.648  83.719 0.1250000000
118106  -24.713  -16.855  84.833 0.1250000000
127462  -25.229  -16.928  84.501 0.1250000000
58607  -25.862  -15.939  84.545 0.1250000000
56570  -21.401  -16.808  83.042 0.1250000000
56558  -21.468  -16.644  83.639 0.1250000000
56580  -21.340  -17.036  82.415 0.1250000000
59582  -26.342  -15.429  84.538 0.2500000000
58653  -16.169  -15.199  81.639 0.1250000000
57611  -25.891  -16.501  83.974 0.1250000000
58608  -26.060  -15.921  84.004 0.2500000000
59583  -26.640  -14.946  84.054 0.2500000000
58652  -15.347  -15.377  81.289 0.1250000000
55523  -21.805  -17.535  82.006 0.1250000000
57612  -26.190  -16.576  83.374 0.2500000000
122408  -26.263  -15.611  83.996 0.2500000000
66031  -1.053  -8.069  79.484 0.1250000000
131522  -0.355  -7.534  77.252 0.1250000000
111773  -15.981  -14.971  82.708 0.1250000000
57630  -20.734  -16.566  82.991 0.1250000000
57642  -19.431  -15.912  81.928 0.1250000000
56579  -20.831  -16.805  82.252 0.1250000000
60494  -26.896  -14.243  83.821 0.3750000000
60493  -26.798  -14.295  84.418 0.3750000000
57656  -16.791  -15.263  80.734 0.1250000000
56606  -20.767  -16.972  81.595 0.1250000000
56607  -21.205  -17.622  81.106 0.1250000000
58621  -26.440  -15.876  83.480 0.2500000000
58622  -26.696  -15.591  83.315 0.3750000000
57671  -16.412  -15.525  79.892 0.1250000000
58634  -26.566  -16.299  83.056 0.2500000000
66933  -1.391  -7.578  78.930 0.1250000000
66944  -0.332  -7.560  77.872 0.1250000000
66946  -1.484  -6.807  78.563 0.1250000000
67837  -0.814  -6.950  77.461 0.1250000000
66959  -0.492  -7.897  76.356 0.1250000000
66952  -0.659  -7.372  76.804 0.1250000000
118121  -0.667  -8.641  76.155 0.2500000000
66960  -1.170  -7.495  76.381 0.1250000000
66063  -2.019  -8.014  76.018 0.1250000000
134392  -2.904  -9.604  75.670 0.1250000000
58643  -16.966  -15.147  82.546 0.1250000000
129799  -18.896  -15.594  82.385 0.1250000000
68728  -6.271  -4.790  82.604 0.1250000000
58654  -17.368  -15.296  81.651 0.1250000000
57641  -18.464  -15.555  81.737 0.1250000000
57643  -20.199  -16.459  82.118 0.1250000000
59589  -26.736  -14.874  83.586 0.3750000000
57657  -17.945  -15.479  80.892 0.1250000000
57658  -19.123  -15.720  81.101 0.1250000000
57659  -20.027  -16.412  81.390 0.1250000000
57672  -17.437  -15.404  79.977 0.1250000000
57673  -18.716  -15.682  80.195 0.1250000000
57674  -19.820  -16.249  80.509 0.1250000000
114490  -20.631  -17.023  80.870 0.1250000000
56628  -19.530  -16.064  79.462 0.1250000000
56616  -20.525  -16.848  79.867 0.1250000000
127361  -21.106  -17.594  80.406 0.1250000000
58635  -26.878  -16.049  82.891 0.2500000000
118262  -26.791  -15.086  82.191 0.5000000000
67838  -1.106  -6.339  77.961 0.1250000000
67844  -1.416  -6.275  77.580 0.1250000000
66953  -1.344  -6.886  76.939 0.1250000000
67845  -1.800  -6.284  77.311 0.1250000000
66961  -1.911  -7.266  76.463 0.1250000000
122268  -2.394  -6.431  77.154 0.1250000000
65167  -3.588  -9.358  75.564 0.1250000000
66069  -4.313  -8.590  75.582 0.1250000000
64219  -4.167  -10.100  75.128 0.1250000000
65168  -4.450  -9.370  75.182 0.1250000000
69621  -6.053  -4.317  84.417 0.1250000000
69640  -6.417  -4.306  82.058 0.1250000000
64228  -4.545  -10.636  74.336 0.1250000000
65175  -4.867  -9.752  74.501 0.1250000000
133959  -4.947  -10.219  73.975 0.1250000000
61410  -24.764  -14.305  78.398 0.1250000000
60517  -25.195  -14.449  78.869 0.1250000000
61413  -23.877  -12.845  77.054 0.1250000000
62298  -24.469  -11.973  76.637 0.1250000000
62297  -24.084  -12.565  76.067 0.1250000000
62325  -25.977  -11.902  74.180 0.2500000000
133541  -26.627  -11.725  74.334 0.2500000000
62340  -26.777  -11.632  73.576 0.2500000000
62339  -25.421  -12.017  73.603 0.2500000000
61448  -27.016  -11.481  72.562 0.2500000000
61446  -25.375  -11.961  72.656 0.1250000000
77371  -45.714  4.593  64.513 0.2500000000
77397  -46.430  5.047  63.247 0.2500000000
77398  -46.783  5.153  62.713 0.2500000000
78145  -47.276  5.445  62.504 0.2500000000
78156  -47.466  5.315  61.601 0.1250000000
77382  -45.748  4.661  63.608 0.2500000000
65159  -1.593  -8.800  75.957 0.1250000000
120999  -22.564  -16.374  85.302 0.1250000000
58596  -25.524  -16.039  85.635 0.1250000000
59595  -26.969  -15.608  82.813 0.3750000000
123362  -26.647  -14.849  84.804 0.3750000000
63257  -25.298  -11.520  76.236 0.2500000000
78157  -48.044  5.838  61.050 0.1250000000
69630  -6.058  -4.734  83.570 0.1250000000
66920  -3.031  -7.660  80.111 0.1250000000
123874  -10.199  -15.586  85.859 0.1250000000
56571  -22.083  -17.091  83.119 0.1250000000
55549  -21.676  -17.917  81.393 0.1250000000
66032  -1.816  -7.852  79.693 0.1250000000
66945  -0.782  -7.088  78.199 0.1250000000
66062  -1.114  -8.095  76.088 0.1250000000
65166  -2.588  -8.982  75.788 0.1250000000
66068  -3.192  -8.396  75.840 0.1250000000
58645  -26.860  -16.508  82.460 0.2500000000
67857  -1.930  -6.825  76.904 0.1250000000
112742  -2.561  -7.075  76.652 0.1250000000
62306  -25.012  -11.936  75.554 0.2500000000
62351  -26.195  -11.661  72.901 0.2500000000
63114  -12.661  -11.975  90.142 0.2500000000
121080  -13.311  -12.103  89.729 0.2500000000
64070  -14.247  -10.719  89.146 0.1250000000
47010  2.516  -28.608  83.691 0.1250000000
47931  1.964  -27.817  83.327 0.2500000000
47023  1.710  -28.475  83.165 0.2500000000
66028  -34.204  -7.736  80.301 0.1250000000
121630  -34.744  -8.024  79.908 0.1250000000
133965  -42.707  -5.555  67.518 0.1250000000
67075  -43.137  -6.907  69.413 0.1250000000
78987  -48.663  6.604  56.944 0.2500000000
79003  -48.356  6.786  56.085 0.2500000000
81428  -52.537  10.091  49.134 0.1250000000
76675  -44.861  3.704  53.582 0.2500000000
81427  -52.090  9.610  49.588 0.1250000000
117070  -51.738  8.897  48.385 0.1250000000
81438  -52.613  9.989  48.239 0.1250000000
120474  -51.863  8.809  47.069 0.1250000000
80683  -52.428  9.341  46.832 0.1250000000
79031  -47.908  6.098  52.427 0.3750000000
133984  -48.510  6.392  52.478 0.1250000000
118495  -48.644  6.217  52.001 0.1250000000
78233  -48.031  5.804  51.516 0.1250000000
82194  -52.918  10.617  47.843 0.1250000000
81458  -52.881  9.835  46.511 0.1250000000
63124  -13.112  -11.418  89.912 0.2500000000
63125  -13.949  -11.701  89.506 0.2500000000
78221  -46.868  5.972  53.789 0.3750000000
79023  -47.587  6.348  53.377 0.2500000000
133989  -51.162  8.551  48.142 0.1250000000
115571  -48.474  6.728  53.023 0.2500000000
80676  -51.534  8.707  47.673 0.1250000000
48851  1.602  -26.901  81.881 0.1250000000
79783  -48.995  7.239  56.612 0.2500000000
80667  -52.234  9.455  48.732 0.1250000000
80677  -52.210  9.277  47.747 0.1250000000
81448  -52.747  9.903  47.348 0.1250000000
56574  -26.095  -17.287  83.088 0.1250000000
112005  -12.780  -14.435  87.745 0.1250000000
59543  -13.542  -14.206  87.625 0.1250000000
57631  -26.306  -16.979  82.965 0.1250000000
57644  -26.591  -17.297  82.442 0.1250000000
54567  -25.570  -18.509  82.016 0.1250000000
54587  -26.017  -18.537  81.763 0.1250000000
114152  -12.101  -14.658  87.833 0.2500000000
59577  -10.267  -15.281  84.848 0.1250000000
57645  -26.846  -17.257  81.916 0.1250000000
113749  -26.862  -17.034  81.919 0.1250000000
114783  -26.916  -15.918  82.168 0.1250000000
55551  -26.199  -18.386  81.583 0.1250000000
112874  -26.649  -16.351  81.142 0.2500000000
59598  -26.691  -15.821  81.507 0.2500000000
62305  -24.302  -12.536  75.131 0.1250000000
62323  -24.369  -12.528  74.216 0.1250000000
61447  -26.329  -11.572  72.102 0.1250000000
61464  -26.454  -11.634  71.123 0.1250000000
61465  -27.289  -11.533  71.549 0.1250000000
61466  -28.034  -11.599  71.510 0.1250000000
72399  -37.636  -1.432  61.756 0.1250000000
72407  -37.558  -0.876  60.957 0.1250000000
73235  -38.074  -0.311  60.475 0.1250000000
72393  -38.243  -1.336  62.464 0.1250000000
73225  -38.085  -0.596  61.537 0.1250000000
73230  -38.628  0.181  60.901 0.1250000000
74067  -39.464  0.684  60.482 0.1250000000
74922  -40.641  1.263  62.530 0.1250000000
74069  -40.894  1.560  59.674 0.1250000000
124820  -42.117  1.996  60.263 0.1250000000
76700  -46.298  3.279  48.750 0.1250000000
75908  -46.368  2.618  47.248 0.1250000000
76725  -46.612  3.070  46.604 0.1250000000
134564  -45.959  4.288  50.155 0.1250000000
76685  -46.283  3.971  49.815 0.1250000000
76690  -46.662  3.656  49.232 0.1250000000
76701  -46.922  3.473  48.466 0.1250000000
76715  -46.774  3.297  47.609 0.1250000000
76733  -46.832  3.918  46.182 0.1250000000
77455  -46.292  4.628  50.261 0.1250000000
77459  -46.845  4.220  49.652 0.1250000000
76691  -47.286  3.929  48.976 0.1250000000
77462  -47.789  4.446  48.868 0.1250000000
132580  -47.290  3.760  48.448 0.1250000000
76726  -47.018  3.763  47.184 0.1250000000
77486  -47.283  4.384  46.817 0.1250000000
122891  -47.197  4.580  46.097 0.1250000000
77472  -47.525  4.182  47.626 0.1250000000
78279  -47.461  5.110  45.560 0.1250000000
78266  -47.587  5.057  46.391 0.1250000000
59530  -11.032  -14.613  88.585 0.1250000000
74929  -41.640  1.873  61.731 0.1250000000
74933  -41.437  1.716  60.773 0.1250000000
124405  -47.582  4.053  48.332 0.1250000000
62324  -25.136  -12.060  74.560 0.1250000000
55528  -26.231  -18.100  82.442 0.1250000000
119821  -26.686  -16.882  81.341 0.1250000000
61436  -24.238  -12.476  73.278 0.1250000000
75897  -46.341  2.954  48.067 0.1250000000
75907  -45.834  2.285  47.723 0.1250000000
76716  -47.260  3.692  47.952 0.1250000000
76732  -46.594  3.197  45.588 0.1250000000
130026  1.515  -25.836  80.933 0.1250000000
123960  1.330  -26.089  80.567 0.1250000000
118659  1.427  -25.645  79.932 0.1250000000
48915  1.238  -25.517  78.986 0.1250000000
48931  1.308  -25.407  78.463 0.1250000000
125678  0.457  -25.761  77.284 0.1250000000
126411  -0.087  -26.101  77.243 0.1250000000
48956  0.342  -25.981  76.102 0.1250000000
50653  1.671  -25.342  81.028 0.1250000000
49822  1.873  -25.215  79.530 0.1250000000
50666  1.945  -24.865  79.871 0.1250000000
48896  1.544  -25.417  79.302 0.1250000000
50678  2.136  -24.761  79.253 0.1250000000
131200  1.600  -25.305  78.540 0.1250000000
50689  2.137  -24.534  78.624 0.1250000000
49845  1.455  -25.086  77.410 0.1250000000
49846  0.805  -25.372  76.951 0.1250000000
48946  -0.141  -26.306  76.413 0.1250000000
48957  -0.298  -26.643  75.272 0.1250000000
49864  0.217  -25.643  74.675 0.1250000000
50697  1.827  -24.926  78.268 0.1250000000
60610  -29.627  -13.431  66.835 0.1250000000
60594  -30.561  -13.397  67.322 0.1250000000
59715  -30.853  -13.665  66.862 0.1250000000
60626  -30.163  -13.856  66.393 0.1250000000
117584  -30.871  -13.995  66.131 0.1250000000
116498  -31.199  -13.717  66.545 0.1250000000
128874  -31.047  -13.950  65.955 0.1250000000
60657  -31.945  -13.227  65.850 0.1250000000
60643  -31.475  -13.544  65.898 0.1250000000
60644  -32.116  -13.367  66.370 0.1250000000
59745  -32.265  -13.430  66.818 0.1250000000
60658  -32.645  -12.984  66.103 0.1250000000
63355  -33.190  -10.653  65.195 0.1250000000
61562  -32.936  -12.717  66.130 0.1250000000
62422  -33.568  -12.082  66.325 0.1250000000
62430  -33.368  -11.316  65.659 0.1250000000
64305  -33.588  -10.082  64.713 0.1250000000
64306  -34.357  -9.983  64.798 0.1250000000
64318  -34.742  -9.077  64.457 0.1250000000
118276  -32.965  -13.004  66.384 0.1250000000
63347  -34.098  -11.028  66.015 0.1250000000
61563  -33.320  -12.875  66.718 0.1250000000
76595  -44.538  3.446  65.426 0.1250000000
76596  -45.110  4.118  65.004 0.1250000000
75790  -44.334  2.647  65.972 0.1250000000
77364  -45.856  4.385  65.360 0.1250000000
77383  -46.316  5.046  64.095 0.1250000000
78128  -46.848  5.377  63.750 0.1250000000
74950  -44.368  1.076  57.540 0.1250000000
74958  -44.531  1.125  56.830 0.1250000000
74971  -44.444  1.506  55.188 0.1250000000
120713  -44.821  1.538  56.271 0.1250000000
74966  -44.846  1.855  55.579 0.1250000000
74978  -44.437  1.784  54.546 0.1250000000
74972  -44.675  2.013  54.917 0.1250000000
75865  -44.191  2.191  53.769 0.1250000000
75866  -44.742  2.608  54.224 0.1250000000
131753  -49.085  7.365  52.911 0.1250000000
78988  -49.230  7.197  57.344 0.1250000000
79032  -48.971  6.761  52.434 0.1250000000
80577  -50.192  8.476  56.459 0.1250000000
119499  -49.824  8.157  55.974 0.1250000000
68723  -25.830  -5.146  83.980 0.1250000000
123622  1.746  -25.440  81.762 0.1250000000
128558  1.797  -24.861  80.583 0.1250000000
49837  1.534  -25.231  78.043 0.1250000000
48967  0.223  -26.093  75.146 0.1250000000
60645  -32.638  -13.330  66.606 0.1250000000
75858  -45.300  2.436  55.631 0.1250000000
63356  -33.850  -10.516  65.320 0.1250000000
79804  -49.085  7.412  54.614 0.1250000000
79796  -49.114  7.526  55.774 0.1250000000
79797  -49.726  8.109  55.164 0.1250000000
126311  -49.664  7.795  56.739 0.1250000000
48865  1.445  -26.676  81.116 0.1250000000
49803  1.576  -26.075  81.449 0.1250000000
49815  1.616  -25.415  80.268 0.1250000000
48897  1.245  -25.714  79.737 0.1250000000
130906  2.017  -25.144  78.979 0.1250000000
48932  0.804  -25.598  78.140 0.1250000000
48945  1.128  -25.411  77.786 0.1250000000
48968  -0.178  -26.494  74.264 0.1250000000
61539  -28.774  -12.920  67.392 0.1250000000
61540  -29.675  -12.862  67.751 0.1250000000
59744  -31.533  -13.607  66.394 0.1250000000
62421  -32.963  -12.130  65.821 0.1250000000
48914  1.511  -25.383  78.878 0.1250000000
54585  -25.075  -18.699  81.656 0.1250000000
54586  -25.558  -18.652  81.553 0.1250000000
55539  -26.001  -18.461  82.091 0.1250000000
55540  -26.305  -18.270  82.061 0.1250000000
55589  -4.226  -18.780  77.767 0.6250000000
55623  -4.448  -19.075  75.370 0.6250000000
56554  -23.637  -16.729  84.942 0.1250000000
56564  -25.623  -16.970  84.119 0.1250000000
56582  -25.820  -17.829  82.934 0.1250000000
56583  -26.229  -17.701  82.741 0.1250000000
56594  -21.300  -17.323  81.776 0.1250000000
56595  -26.521  -17.820  82.284 0.1250000000
56608  -26.570  -17.920  81.805 0.1250000000
56671  -2.214  -18.251  75.170 0.6250000000
57600  -23.019  -16.340  85.544 0.1250000000
57602  -24.153  -16.073  86.133 0.2500000000
57604  -25.539  -16.460  84.586 0.1250000000
57632  -26.658  -16.724  82.652 0.1250000000
57660  -26.707  -17.401  81.618 0.1250000000
57714  0.278  -16.719  75.564 0.6250000000
57735  -2.958  -17.715  75.653 0.6250000000
57789  1.170  -16.873  70.278 0.2500000000
58583  -23.214  -15.494  86.880 0.2500000000
58655  -26.854  -16.461  81.772 0.1250000000
58694  -4.215  -16.651  77.258 0.6250000000
58753  1.236  -16.144  70.347 0.1250000000
59559  -22.984  -15.111  87.255 0.6250000000
59561  -24.175  -14.607  86.772 0.2500000000
59588  -26.560  -15.354  83.614 0.3750000000
59608  -0.204  -15.035  78.660 0.8750000000
59622  -3.991  -15.616  78.688 0.7500000000
59634  -4.208  -16.275  77.758 0.6250000000
59662  -37.137  -13.308  72.030 0.5000000000
59669  -37.176  -13.486  72.157 0.6250000000
59682  -35.916  -13.175  70.445 0.5000000000
59720  -34.615  -13.054  68.596 0.6250000000
60475  -22.178  -14.028  87.426 0.7500000000
60476  -21.274  -15.159  87.267 0.5000000000
60478  -23.155  -13.758  87.352 0.6250000000
60512  -0.018  -14.376  79.389 0.8750000000
60534  -2.071  -14.373  73.749 0.5000000000
60537  -37.874  -13.184  73.376 0.5000000000
60542  -36.716  -12.950  72.759 0.5000000000
60544  -37.565  -13.124  73.047 0.6250000000
60552  -37.356  -13.234  72.541 0.6250000000
60561  -35.570  -12.966  71.560 0.5000000000
60563  -38.068  -13.574  71.886 0.6250000000
60564  -38.309  -13.505  72.152 0.6250000000
60572  -38.144  -13.395  71.600 0.6250000000
60573  -38.733  -13.381  71.694 0.6250000000
60580  -38.211  -12.955  70.954 0.6250000000
60612  -34.040  -13.186  67.938 0.5000000000
60614  -35.433  -12.824  68.999 0.5000000000
60627  -33.129  -13.286  66.925 0.6250000000
60629  -34.292  -13.040  67.849 0.5000000000
61367  -21.283  -12.878  87.647 0.3750000000
61393  -27.250  -13.442  83.485 0.6250000000
61472  -40.180  -13.041  72.414 0.5000000000
61487  -39.941  -12.959  71.938 0.3750000000
62241  2.867  -12.684  90.312 1.0000000000
62321  -2.773  -12.732  74.575 0.5000000000
63113  -11.896  -11.674  90.207 0.3750000000
63240  -14.280  -11.193  77.686 0.1250000000
63255  -14.476  -11.047  77.016 0.1250000000
63256  -15.303  -11.333  76.882 0.1250000000
63299  -3.424  -11.706  71.745 0.2500000000
64249  -43.099  -10.188  73.323 0.1250000000
64265  -40.328  -10.340  69.939 0.5000000000
65063  0.857  -9.463  84.977 0.8750000000
65954  -22.370  -7.993  87.370 0.3750000000
66122  -41.903  -7.994  68.735 0.2500000000
66139  -40.921  -8.020  66.939 0.6250000000
66149  -40.624  -7.920  66.546 0.6250000000
66171  -38.032  -7.646  63.880 0.2500000000
66849  0.504  -8.137  87.345 0.7500000000
67753  -0.576  -5.974  89.582 0.3750000000
68051  -40.810  -6.003  64.356 0.7500000000
68970  -36.603  -5.815  61.645 0.1250000000
69625  -23.149  -4.867  84.206 0.1250000000
69856  -40.503  -4.538  64.166 0.5000000000
70710  -39.946  -2.835  64.185 0.7500000000
74912  -40.444  1.070  63.292 0.2500000000
76651  -47.015  4.026  60.017 0.6250000000
76653  -45.936  3.453  60.040 0.6250000000
78164  -48.111  5.751  60.200 0.1250000000
78235  -46.667  5.371  51.289 0.3750000000
79083  -48.535  6.432  45.313 0.1250000000
82168  -52.108  10.405  50.807 0.1250000000
111993  -36.627  -13.228  71.257 0.6250000000
112067  -35.665  -8.500  78.539 0.1250000000
113562  -21.945  -4.532  81.184 0.1250000000
115576  -20.156  -6.241  78.889 0.1250000000
115686  -37.548  -7.638  63.254 0.1250000000
116463  -38.535  -13.318  73.315 0.5000000000
116865  -42.360  -5.576  66.816 0.5000000000
117692  -24.657  -16.502  85.612 0.1250000000
117789  -37.959  -12.546  75.046 0.2500000000
119760  -13.610  -8.902  76.517 0.1250000000
121535  -2.237  -12.038  93.430 0.3750000000
122214  -4.384  -19.315  74.768 0.6250000000
123027  -36.825  -7.703  62.423 0.2500000000
124116  -26.227  -14.992  85.506 0.1250000000
124854  -45.648  4.836  53.184 0.3750000000
124883  -20.089  -16.212  83.145 0.2500000000
125912  -4.296  -16.147  78.439 0.6250000000
126513  -4.170  -17.124  76.584 0.6250000000
126598  -39.757  -13.185  73.594 0.2500000000
127388  -25.586  -17.278  83.836 0.1250000000
127608  -21.497  -7.598  86.439 0.3750000000
127933  -32.122  -13.327  67.818 0.3750000000
130123  -14.695  -11.340  78.016 0.1250000000
130983  -39.111  -13.321  73.662 0.5000000000
131255  -41.561  -12.268  73.581 0.2500000000
131840  -36.158  -12.373  73.583 0.5000000000
132191  -14.967  -11.296  79.516 0.1250000000
133852  -21.319  -4.487  78.612 0.1250000000
134006  -3.013  -21.877  85.939 0.1250000000
134011  -48.331  6.203  59.842 0.1250000000
134137  -25.333  -17.276  84.112 0.1250000000
134270  1.274  -16.543  72.946 0.5000000000
134310  -26.884  -16.897  82.193 0.2500000000
