global_signal	global_signal_derivative1	global_signal_power2	global_signal_derivative1_power2	csf	csf_derivative1	csf_power2	csf_derivative1_power2	white_matter	white_matter_derivative1	white_matter_derivative1_power2	white_matter_power2	csf_wm	tcompcor	std_dvars	dvars	framewise_displacement	rmsd	t_comp_cor_00	t_comp_cor_01	t_comp_cor_02	c_comp_cor_00	c_comp_cor_01	c_comp_cor_02	c_comp_cor_03	c_comp_cor_04	c_comp_cor_05	c_comp_cor_06	c_comp_cor_07	c_comp_cor_08	w_comp_cor_00	w_comp_cor_01	w_comp_cor_02	w_comp_cor_03	w_comp_cor_04	w_comp_cor_05	w_comp_cor_06	w_comp_cor_07	w_comp_cor_08	w_comp_cor_09	w_comp_cor_10	w_comp_cor_11	w_comp_cor_12	w_comp_cor_13	w_comp_cor_14	w_comp_cor_15	w_comp_cor_16	w_comp_cor_17	w_comp_cor_18	w_comp_cor_19	w_comp_cor_20	w_comp_cor_21	w_comp_cor_22	w_comp_cor_23	w_comp_cor_24	w_comp_cor_25	w_comp_cor_26	w_comp_cor_27	w_comp_cor_28	w_comp_cor_29	w_comp_cor_30	w_comp_cor_31	w_comp_cor_32	w_comp_cor_33	w_comp_cor_34	w_comp_cor_35	w_comp_cor_36	w_comp_cor_37	w_comp_cor_38	w_comp_cor_39	w_comp_cor_40	w_comp_cor_41	a_comp_cor_00	a_comp_cor_01	a_comp_cor_02	a_comp_cor_03	a_comp_cor_04	a_comp_cor_05	a_comp_cor_06	a_comp_cor_07	a_comp_cor_08	a_comp_cor_09	a_comp_cor_10	a_comp_cor_11	a_comp_cor_12	a_comp_cor_13	a_comp_cor_14	a_comp_cor_15	a_comp_cor_16	a_comp_cor_17	a_comp_cor_18	a_comp_cor_19	a_comp_cor_20	a_comp_cor_21	a_comp_cor_22	a_comp_cor_23	a_comp_cor_24	a_comp_cor_25	a_comp_cor_26	a_comp_cor_27	a_comp_cor_28	a_comp_cor_29	a_comp_cor_30	a_comp_cor_31	a_comp_cor_32	a_comp_cor_33	a_comp_cor_34	a_comp_cor_35	a_comp_cor_36	a_comp_cor_37	a_comp_cor_38	edge_comp_00	edge_comp_01	edge_comp_02	edge_comp_03	edge_comp_04	edge_comp_05	edge_comp_06	edge_comp_07	edge_comp_08	edge_comp_09	edge_comp_10	edge_comp_11	edge_comp_12	edge_comp_13	edge_comp_14	edge_comp_15	edge_comp_16	edge_comp_17	edge_comp_18	edge_comp_19	edge_comp_20	edge_comp_21	edge_comp_22	edge_comp_23	cosine00	cosine01	cosine02	cosine03	trans_x	trans_x_derivative1	trans_x_derivative1_power2	trans_x_power2	trans_y	trans_y_derivative1	trans_y_power2	trans_y_derivative1_power2	trans_z	trans_z_derivative1	trans_z_derivative1_power2	trans_z_power2	rot_x	rot_x_derivative1	rot_x_derivative1_power2	rot_x_power2	rot_y	rot_y_derivative1	rot_y_derivative1_power2	rot_y_power2	rot_z	rot_z_derivative1	rot_z_derivative1_power2	rot_z_power2	motion_outlier00
791.0608826735756	n/a	625777.3200962966	n/a	1105.3218549544436	n/a	1221736.403039932	n/a	743.4324703583108	n/a	n/a	552691.8379830606	776.760743942363	748.8600563136919	n/a	n/a	n/a	n/a	-0.0691207325	0.0235600883	-0.030432673	-0.1144344037	0.0151315471	-0.0500609711	0.0201478705	0.0019533005	-0.0398443746	0.1256676152	-0.1417755091	0.0296264838	-0.053185153	0.0808055453	-0.025736088	0.0431812923	-0.0213660889	0.0437286128	0.0190013128	-0.0450856707	0.0202258772	-0.1604960315	0.0049639997	-0.0272137179	0.0362647365	-0.1225366821	0.0131956205	-0.0133270445	0.1267207824	0.0373123539	-0.0547656114	0.0969815945	-0.1349577345	0.0667585223	0.003418543	-0.1738119989	-0.0461525785	-0.0932545947	0.0660358108	0.0137206737	-0.162021135	-0.1244409835	0.024995304	0.0063512638	0.1129210689	-0.0074777113	-0.0146614535	-0.0935615845	0.0934284283	0.0228936177	0.0096368577	-0.0784621313	0.0654997128	0.0299556365	-0.0698059587	0.0015591828	-0.0597296341	-0.0122315839	0.0914748243	-0.0881326463	0.0826796606	-0.0609178599	0.0296537201	-0.0384671925	0.1378812681	-0.0930058205	0.1662351934	-0.0794146109	0.0094833882	-0.0684751086	0.0029601608	-0.100624519	0.0013808363	-0.0455179631	0.0959460222	-0.1387019724	0.0183481388	-0.0491526267	-0.0029037357	-0.2175870683	0.0473522812	-0.0924977193	-0.0784805559	0.1592388949	-0.0877485756	-0.0647633683	-0.015449183	-0.0055212054	0.0426092654	0.0709836941	0.0691707009	-0.047894004	-0.0359447424	0.0175616375	-0.0278140865	0.1359670617	-0.0703087217	0.050139176	0.1922719362	-0.0084566083	0.1175604011	-0.1224183504	0.2830202675	-0.013089145	0.0179469463	-0.0004934845	0.1123491247	-0.0974290626	0.0145785352	-0.0052170215	0.0997036458	-0.2193070999	0.1195001916	-0.0666825303	0.111409485	-0.0654066011	0.0663328669	0.1290883846	0.1290552057	0.1289999139	0.1289225186	0.0415015196125096	n/a	n/a	0.0017223761301475	-0.0897200433600744	n/a	0.0080496861805336	n/a	-0.1094254449689771	n/a	n/a	0.0119739280066586	0.0003389467329151	n/a	n/a	1.1488488775382013e-07	0.0013117566306217	n/a	n/a	1.7207054579799948e-06	-0.00144322349275	n/a	n/a	2.082894050025509e-06	0.0
787.6888776258971	-3.372005047678499	620453.7679355455	11.370418041569277	1103.0998905394888	-2.221964414954755	1216829.368508232	4.937125861325226	742.5215753159672	-0.9108950423435545	0.8297297781660659	551338.2898097056	777.2865738760099	760.2711997818599	1.094348	35.191116	0.1169294247476936	0.0653047181068111	-0.056087684	-0.102197818	0.0159563154	-0.0037431068	-0.1255695117	0.0590700148	0.0808241744	0.0466143439	-0.125758814	-0.0704545161	-0.0654015072	0.0881594664	-0.0628841104	-0.0641013598	0.0844917934	-0.0003500498	-0.004094763	0.0011722349	-0.0506499259	-0.1581402427	0.019013457	-0.0693312708	0.0264291101	0.0412178222	-0.0824366351	0.0969847111	-0.0069843346	0.0695723392	-0.0271446967	0.1060492721	-0.2364215533	0.0253438098	0.0661905586	0.1917844581	-0.0205006636	0.1326697595	0.0406161509	-0.0292445451	-0.0672359621	0.1708828657	0.0018483836	-0.0099573618	0.0142330824	0.0251637451	-0.0985937881	0.0312410955	0.0347076418	0.0456421505	-0.0359016875	-0.011529823	-0.0832627731	-0.2960731215	0.0208072941	-0.0303842184	0.0362898782	-0.0789359749	0.1124515766	-0.0822505432	-0.0481071178	-0.01653932	0.0709672973	-0.1000315605	-0.0891280633	0.0737246498	-0.0961025162	-0.0179667761	0.1392100502	-0.0365089559	-0.0410843645	-0.0062506761	-0.0111392504	-0.2014857154	0.0863738731	-0.1060942641	0.0918497297	-0.2319844198	-0.0865525931	0.0715265618	-0.127669191	-0.0010863981	-0.1351775143	0.041588238	0.043166843	-0.0599379046	-0.1285558031	-0.0552395993	-0.118022423	-0.0068974229	0.0010760146	0.0538555436	-0.0480361838	0.0473798833	0.029759974	-0.0032126656	0.018824809	0.108407247	0.0433546928	-0.0463930973	0.0722068198	-0.1115335763	0.0629052531	-0.2477255328	0.2901858062	-0.0296189707	-0.0684127687	-0.0309934178	0.1501873749	0.0225768462	-0.0576555868	0.0309477829	0.0105710348	-0.0739301285	0.0833905699	-0.0313844754	-0.006400521	-0.0888290507	0.0997144561	0.1289999139	0.1287014744	0.1282045865	0.1275100165	0.0369156412391618	-0.0045858783733477	2.103028045513905e-05	0.0013627645680985	-0.0369089871212224	0.052811056238852	0.0013622733303145	0.0027890076610631	-0.0719726152134683	0.0374528297555088	0.0014027144566951	0.0051800573406659	0.000622916853393	0.0002839701204779	8.063902932423305e-08	3.880254062410362e-07	0.001367583501374	5.582687075230005e-05	3.116639497994014e-09	1.8702846332303692e-06	-0.0013414272763805	0.0001017962163695	1.0362469667146088e-08	1.799427137817606e-06	0.0
779.5853700329739	-8.103507592923279	607753.3491694487	65.66683530856524	1092.751617586552	-10.348272952936895	1194106.0977380257	107.0867531084853	741.3023554635728	-1.219219852394417	1.4864970484726645	549529.1822158413	776.8679772905602	724.5632489708122	1.198575	38.542759	0.1106213262667781	0.0577558328966313	0.0505206602	-0.0789857401	-0.1757405174	0.102326531	-0.0702999675	-0.128256021	0.1463882273	-0.0737760415	0.0020275643	0.0449894823	-0.1129803462	-0.1603443823	0.0905375881	-0.004987342	-0.1859049094	0.0027139144	0.043599256	-0.0570984872	-0.2041075044	0.031130701	0.0126635668	-0.0861565059	-0.1970383239	0.041206941	0.0025561949	0.0501870973	-0.1362621686	-0.0562932975	-0.0722963973	-0.0440061838	-0.0427017876	-0.1224920387	-0.0084672107	-0.0972847818	-0.0998439804	0.037127431	0.0998705896	-0.2767727563	0.0117448553	0.1050048301	0.0168764088	-0.0106002639	0.0147430069	-0.0700013397	-0.0614190827	-0.0140506667	-0.007939806	-0.0026709107	-0.0617554921	0.0412615212	-0.0736577498	0.0696763361	0.0708009624	0.063413591	0.1182795302	0.0262732305	-0.1107452888	-0.0895235427	0.011017051	0.0193580708	-0.0260642002	0.0109107392	-0.0859175005	-0.185101944	-0.1853391927	-0.2364211778	-0.1172751231	0.0413837124	-0.0103120663	0.0067458622	-0.1029221454	0.0576814147	-0.0172801904	-0.1103035306	-0.0557655876	0.0185653743	0.0872542169	-0.0095762946	-0.1079693923	0.0935323159	0.0097645257	-0.087811384	-0.1606261123	-0.2157390151	-0.0588052559	-0.0382412163	0.0727241509	-0.0797578688	-0.0617582909	-0.0336970325	-0.0372490986	0.0599231925	-0.1169322005	-0.0157017656	0.1443355168	0.0905889689	-0.0868778919	-0.0520694403	-0.0048226008	-0.1415874418	-0.0504401938	-0.1760775555	0.1791884984	-0.0436836594	-0.0161954609	0.101913667	0.0653001869	-0.000327787	0.0579783248	-0.1122187376	-0.0251538364	0.1851448882	-0.1092590387	-0.0448586335	-0.0724003752	0.1450254278	0.0217836613	0.1288230331	0.1279949812	0.1266188352	0.124700488	0.0490986549079508	0.012183013668789	0.0001484258220538	0.00241067791377	-0.0370135909233937	-0.0001046038021713	0.0013700059130443	1.0941955428693164e-08	-0.0215518669347005	0.0504207482787678	0.0025422518569908	0.000464482968371	0.0009210110137194	0.0002980941603264	8.886012842070148e-08	8.482612873924368e-07	0.0008549513406135	-0.0005126321607604	2.62791732245979e-07	7.309417948168209e-07	-0.0011938943871264	0.000147532889254	2.176595341166252e-08	1.4253838076119222e-06	0.0
774.6575178580462	-4.927852174927693	600094.2699739891	24.2837270579396	1082.7017612360455	-10.049856350506388	1172243.103783635	100.9996126658136	739.3398753495466	-1.9624801140262207	3.851328197948368	546623.451281883	774.8440423363178	672.6176907792221	1.136752	36.554733	0.0690319032362204	0.042300937162791	0.1627537414	-0.0485463829	-0.0986404463	0.1761535271	0.0322088434	-0.1724366795	0.0150039143	0.0268493043	0.0544607155	-0.0099866113	-0.0514679838	-0.1201697121	0.1655798639	-0.027801074	-0.1193064703	-0.0189700961	0.0037433738	0.1014353786	0.2100577541	-0.0036484927	0.1035460559	-0.1270166328	-0.0715150075	0.110106492	0.084605774	0.0801760462	0.0460823942	-0.1583833326	0.1064247656	0.01101841	-0.0203425414	-0.0342766157	-0.0719789174	-0.0401076645	-0.0339868725	0.0044666158	0.0388516623	0.0125952815	-0.0205107732	-0.0520918941	0.0501482804	-0.1765857044	-0.0725981402	-0.0203616684	0.0394645564	-0.1249069146	0.1274481747	0.0481787272	-0.0590983489	-0.0359675205	0.1171628945	-0.0115906552	-0.0763550756	0.0230316959	0.1217026605	0.1066094396	-0.1252790752	0.0426796777	-0.0785556845	0.0775125363	-0.028675444	0.135553551	-0.0088882024	-0.0649866641	-0.0398543307	-0.1086551944	0.1942527473	0.072474577	-0.012495561	-0.0111746223	0.1129132688	-0.038945209	-0.2197004055	0.0157541887	-0.0449195724	-0.1167916972	-0.0611596802	0.0371574465	-0.0509769015	0.001848153	0.1565529364	0.0197498083	-0.059914332	0.0854813765	0.0325418329	0.0673395009	0.0740078092	0.0503707357	0.0513795213	-0.0328051327	0.0141057873	-0.0065309577	-0.086481441	-0.0526917723	0.1623522238	0.03452976	-0.0063193309	0.1447961995	-0.0030303216	-0.0744214663	0.0536208428	-0.0023929538	0.1439303818	0.0068816931	0.0164062841	0.1983233755	-0.0117110713	-0.0085933852	-0.1112515692	-0.1695421751	0.1448239644	0.1550753219	0.1105514233	0.0479690927	-0.0214152607	0.0125122801	0.0477227636	0.1285578634	0.1269376627	0.1242524367	0.1205247148	0.0571348969398712	0.0080362420319203	6.458118599560405e-05	0.0032643964483297	-0.037118423995281	-0.0001048330718873	0.0013777773998934	1.0989972961327871e-08	0.0130587487527122	0.0346106156874127	0.0011978947182617	0.0001705309189864	0.0005779016051552	-0.0003431094085642	1.1772406624527515e-07	3.3397026524095665e-07	0.0006731558099006	-0.0001817955307129	3.3049614987184995e-08	4.5313874440293277e-07	-0.0011931950775035	6.993096229000739e-07	4.890339486806436e-13	1.4237144929785832e-06	0.0
775.2293549251049	0.5718370670587092	600980.5527375942	0.3269976312623067	1086.788283062465	4.086521826419585	1181108.7722018608	16.699660637803657	740.274455880076	0.934580530529388	0.8734407680445923	548006.2700285425	773.8568945131221	654.4058336693956	1.033417	33.231766	0.0369388279980621	0.0180193515996628	0.1880142088	0.0303136211	0.0658208132	0.1488682454	0.1127076364	0.0676340401	-0.1140053507	9.85382e-05	0.0027324131	-0.0187285153	0.0121337804	0.039808173	0.1268221843	-0.0620842825	0.1329825858	0.0513499874	0.0440035651	0.0604893986	0.0195300739	-0.0430479457	0.1210137137	0.0223920941	0.0498619143	0.1251226852	-0.0144592352	0.180730688	0.0909725938	0.0443693802	0.0124054431	-0.0449964632	0.2290525331	0.1044750426	0.0837334801	-0.1210310802	0.0883268472	0.1326074592	0.0687540722	0.1256806185	0.1145103331	-0.0214118176	-0.0397060101	0.0106241624	-0.0381983182	0.1606531454	0.0089681135	-0.0228021342	0.0252758695	0.0596728805	-0.0467898222	-0.0289373182	-0.1633726923	0.0075904034	-0.1024697809	0.0714074822	0.0546200909	0.1297913225	0.0939687733	0.0957934609	-0.0270881476	0.0553362041	-0.019366289	-0.0745109735	0.0362431334	0.073141941	-0.1071730632	0.1094011316	0.066582984	-0.0537162717	-0.1428293759	0.0376080175	0.1427331853	0.0136919516	-0.126113293	0.0743709388	0.0319005278	-0.0376992583	-0.1507844649	0.0762374977	0.0462103486	0.1376015469	-0.0068246911	-0.0848472488	0.0057945454	-0.1242568571	0.097543562	0.2033294705	0.0678624991	0.0951958709	0.0120095101	0.2427172047	-0.0065521508	-0.0366017327	0.0306083441	-0.0613185489	0.1825597151	0.0087634631	0.0516403418	0.0568037917	-0.0051216063	0.0815138527	0.0457096909	-0.099317682	0.0891000913	0.0260114431	-0.0027355572	0.061194307	-0.0878561127	0.0632221302	-0.0379906819	-0.0591615265	0.0605866013	0.1321627594	-0.0816790231	0.1039650258	0.0240243017	0.0633568701	-0.0565221223	0.1282045865	0.1255324169	0.1211199807	0.1150284477	0.0464153733532981	-0.010719523586573	0.000114908185923	0.002154386883526	-0.031357787607547	0.005760636387734	0.00098331084364	3.318493159168507e-05	0.0004540421260372	-0.012604706626675	0.0001588786291445	2.061542522163806e-07	0.0004589246606088	-0.0001189769445463	1.4155513333597125e-08	2.106118441149023e-07	0.0007112267833697	3.80709734691e-05	1.449399020884916e-09	5.058435373824101e-07	-0.0011931637675774	3.1309926099920913e-08	9.803114723825085e-16	1.4236397762594958e-06	0.0
779.1264846634693	3.8971297383644696	607038.0791040553	15.18762019764472	1093.6889096177774	6.9006265553123285	1196155.431020923	47.61864685588169	740.5915418236835	0.3170859436075943	0.1005434956335185	548475.8318207808	773.7227074238486	668.1803034780419	1.066162	34.284752	0.0614831682646914	0.0311138151152663	0.1313587349	0.1434883597	-0.0391523911	0.0423257506	0.1841626316	-0.1066586685	0.0669993368	-0.0172175556	-0.0518416378	-0.0403254953	-0.0927070463	0.0878499228	0.1078548922	0.0883795569	-0.0482247814	0.0403569753	0.0496374763	0.0029318475	-0.1836986331	-0.0681012503	-0.0135646031	-0.0192376765	-0.0972248506	0.0056958503	-0.060438537	0.0573562318	-0.0408947401	0.0766740385	0.0617436084	0.0051177903	0.1177095406	-0.0672334547	0.0669122671	-0.0978944167	0.0270050401	0.0170429875	-0.0654769917	0.0124269389	0.0283656985	0.0110497929	-0.0231525363	0.0328838977	0.017286259	-0.1233694755	-0.071937444	0.0623577338	0.0698449267	-0.082191366	0.1313040407	-0.1282353569	0.1227256398	0.2167545556	0.0078279587	-0.0668251814	-0.0082380848	0.1692490711	-0.0429458608	-0.0385727117	0.1033384318	-0.0929749168	-0.0099082596	-0.0942148529	-0.0003196232	-0.0259588788	-0.1182882601	-0.0817272841	-0.0166430667	0.0735762878	-0.1713618219	0.051738221	-0.0885518895	0.1332108547	0.1061937179	-0.0146533036	-0.0823579465	0.1823380889	-0.0076801033	-0.0566162527	-0.0630609841	0.038611982	-0.0413808494	-0.1237211569	-0.0218209658	0.0813455644	0.0521906518	-0.0403252929	0.0580096177	-0.0055899738	-0.0315723528	-0.0372367243	0.0894821847	0.0163224319	0.0386194573	-0.0245565171	0.1548061254	0.0269954012	-0.1028390303	0.008988044	0.0253017562	0.1133432387	-0.0212998638	-0.0789736858	-0.0181668006	0.0727173863	0.0668324002	-0.0081831087	-0.0881161845	0.0396003951	0.0895334265	-0.0819258361	-0.0326902828	0.1863960326	-0.1324888978	0.0644718729	0.0179864901	-0.1474656817	-0.1212945235	0.1277634447	0.1237830955	0.1172407796	0.1082719048	0.0443783709998228	-0.0020370023534753	4.149378588063914e-06	0.0019694398125979	-0.0160153232827724	0.0153424643247745	0.0002564905798517	0.0002353912115569	-0.0232274022792893	-0.0236814444053265	0.0005608108091225	0.0005395122166439	0.0003689078091831	-9.001685142570002e-05	8.103033540596551e-09	1.3609297167627452e-07	0.0005877436456149	-0.0001234831377547	1.52480853097709e-08	3.454425929606932e-07	-0.0013881089220192	-0.0001949451544418	3.8003613240337274e-08	1.9268463793893054e-06	0.0
783.8360641546338	4.709579491164504	614398.9754694273	22.180138983597317	1092.7791792196672	-0.9097303981102414	1194166.3345360097	0.8276093972458183	741.7850749709102	1.193533147226617	1.4245213735286737	550245.0974495988	775.4819124536144	705.3848452996112	1.105724	35.556938	0.0713744311139387	0.0411756671674614	0.0495099011	0.0179267565	-0.0072837476	-0.0197240516	0.0926974912	-0.0834451931	-0.0334389533	-0.0671834777	-0.0207816251	0.0875169253	0.0851849182	0.0710232661	0.0705824539	0.0821696521	-0.0363682673	-0.0388023152	-0.076179974	0.1096612335	-0.0149907497	-0.0933970049	-0.038431226	-0.1326535163	-0.1894617334	-0.1688567458	-0.1592476013	-0.0450138981	0.1077729955	-0.0685640748	-0.0375476975	0.0038109421	-0.0936657412	0.1471539702	0.00472278	-0.0207736578	0.056932791	-0.0365684277	-0.0068270779	0.1471749506	0.1480893308	-0.186807022	-0.0748007698	-0.0221549232	0.0348105126	-0.0140655679	0.0863156431	-0.1285661523	0.007807703	-0.0391611264	-0.120351015	0.0439287798	0.1357422117	-0.1934921508	0.0184091287	-0.0884447209	-0.0400051015	0.0897227657	-0.0973640381	0.0501610244	0.0216979488	-0.1224756168	0.1259264728	0.0092600622	0.0287509496	-0.0254890457	-0.0367294637	-0.074031731	0.1533572024	-0.0444174317	0.0905891451	0.0811381898	0.1203743201	0.0272605144	-0.0136281304	0.0108655547	0.1611404692	-0.0506298847	0.0110907221	-0.1557101925	0.0569309408	0.0599121009	-0.0442435984	0.0776291921	0.0504036666	0.0247908055	0.071264437	-0.0592139965	0.0280695108	0.1651088951	-0.0108157008	-0.0835060911	0.0685085065	0.0087788369	-0.0580771123	0.0072311523	0.0379478014	0.0352005195	0.0174419158	0.1447730189	0.0544153761	-0.0065918962	0.0361720394	0.0833677075	-0.0115288827	0.0499212149	0.0899507953	0.0044831969	-0.0201126285	0.0808057825	0.0057053617	0.1404336366	-0.0225537946	0.0224856934	0.0065764475	-0.0049426312	-0.0436738206	-0.2095906513	-0.0750210816	0.1272347401	0.1216944932	0.1126387502	0.1003291122	0.0335269547808536	-0.0108514162189692	0.0001177532339573	0.0011240566968774	-0.0159722064452267	4.311683754570223e-05	0.0002551113787289	1.859061679942477e-09	-0.0591801748253431	-0.0359527725460538	0.0012926018537482	0.0035022930923581	0.0002372050319933	-0.0001317027771898	1.7345621519506102e-08	5.626622720294248e-08	0.0002838291498625	-0.0003039144957524	9.236402072843559e-08	8.055898631166948e-08	-0.0014430341593044	-5.492523728519989e-05	3.0167816908355123e-09	2.082347584919356e-06	0.0
785.3112802159615	1.4752160613276146	616713.8068344323	2.1762624275989606	1099.0857653157966	6.306586096129422	1207989.5195198103	39.77302818789294	742.1591578863408	0.3740829154306766	0.1399380276171147	550800.2156345625	774.7831089484899	718.6067785768768	1.056384	33.970314	0.0617244411969617	0.0327874636992069	0.0115014768	0.052477029	0.1164038127	-0.0227064131	0.049061677	0.1348458553	-0.1138001624	0.050314953	0.0726957767	-0.0164330597	-0.0820742555	0.090769656	0.0262871444	-0.0446608728	0.1146881808	-0.0656151065	-0.0614042531	-0.0434847377	-0.1223092486	0.0463657653	-0.1057737423	0.0547243351	-0.0953415171	0.0435376654	0.1039062449	-0.0219135751	0.1561869543	0.0836179433	-0.193523964	0.0130709645	0.0575588689	-0.0212615683	0.08568003	-0.1180630592	0.0610007295	-0.0601269626	-0.0907936143	-0.0315925103	-0.0560414659	-0.001936363	-0.0747007709	0.0297196717	-0.0213948049	-0.0763645206	-0.1189442298	-0.0395685223	-0.0715817481	-0.0773190083	-0.061649172	-0.15007416	0.0572904999	0.0331779625	0.0976896637	-0.1808554029	-0.0411563309	0.0168495724	0.0859857651	0.0779165359	-0.0159894238	0.0513587599	0.0363740344	-0.1118496126	0.1609893513	0.0309686186	-0.1624522474	0.0175733421	-0.015369663	0.0374341974	0.0396612269	-0.0070530073	-0.0468284759	0.0428461419	0.0358701382	-0.0661195161	-0.0652843921	0.0327778972	0.1493535082	-0.0453098803	0.1787717354	0.0865094885	-0.03586028	-0.1070669719	0.1495356885	0.03222995	-0.2167864986	-0.0077987826	0.0400665484	0.0617672931	0.0813386251	-0.1026081544	-0.0620571556	-0.0520728441	-0.0300916046	0.0099230537	0.0189063795	0.0405363814	0.0672932958	-0.0308533067	0.0243642295	0.1473868078	-0.0214592575	-0.010757272	-0.029737405	-0.0456147885	0.0166985841	-0.0979521968	-0.141230933	0.0642340295	0.0882822553	0.1326991454	-0.010750291	-0.1007106919	-0.1521906323	0.0195153652	0.0521985069	-0.0218692725	0.007366367	0.1266188352	0.1192723348	0.1073422654	0.0912870929	0.02476342385593	-0.0087635309249236	7.679947427209231e-05	0.0006132271610684	-0.0070774283258572	0.0088947781193695	5.008999170764585e-05	7.911707779281441e-05	-0.0885374043406841	-0.029357229515341	0.0008618469248164	0.0078388719673857	-8.760456639052001e-06	-0.0002459654886323	6.049902159815169e-08	7.674560052471029e-11	0.0003320066454737	4.8177495611200025e-05	2.321071083367198e-09	1.1022841263869913e-07	-0.0014429990908014	3.506850299993952e-08	1.2297999026567672e-15	2.082246376053667e-06	0.0
789.9840419477372	4.672761731775722	624074.7865320842	21.83470220194765	1111.11845971122	12.032694395423505	1234584.2315110343	144.78573441365623	743.3728635672942	1.2137056809533533	1.473081479978443	552603.214288239	776.6440857805914	737.1995705065001	1.08583	34.917198	0.0935414560403491	0.0681278142753756	-0.0592439407	0.1511565334	0.0178889593	-0.1300179673	0.0983793397	-0.0469858009	0.1781244071	-0.0226872865	0.0610642355	-0.0020598645	0.110122467	0.0149634407	-0.0480609586	0.1340128261	0.0653577976	0.0611471739	-0.033590771	-0.0676720094	0.0674721881	0.0887680422	0.0038928686	0.0618569373	-0.0004928138	-0.0209726421	0.0231252026	-0.0168452487	0.1567933472	-0.1109358959	-0.0961812877	-0.1719373811	0.0777464393	0.0359217974	0.0206479833	0.099039572	0.038084891	-0.0138717666	0.0329202204	0.1049584529	-0.0570503178	-0.1498057482	0.202044475	0.0493258925	-0.0446319559	-0.0426860559	0.0326018856	-0.1288579988	-0.1294420298	-0.084602182	0.0005681061	0.1674805435	-0.1186148624	0.1606273099	0.0173454714	-0.0911996914	-0.1277657589	0.0223904464	0.0081812461	0.0046512137	0.0866661084	-0.0025934459	-0.0492860427	0.1302724974	0.0015208441	0.0582829516	0.024551009	0.0838698477	-0.0886444332	0.0455321911	0.0001508393	0.0985687107	-0.0443746398	0.1586982601	0.0091111196	0.048892648	-0.0283146904	0.0451735933	0.0867654016	-0.1215333422	0.1684727936	0.0906565418	0.0258553916	0.1562906976	-0.049284012	0.0938164329	0.0669518072	0.0046491789	0.2200851931	-0.1004188566	0.0689115055	-0.1313223916	-0.0223049479	-0.2662516444	0.0955320945	0.0736317154	-0.03074719	-0.0113812476	-0.072848168	0.0204714935	0.0637151924	0.1782319053	-0.0122525078	0.0738102696	-0.1048990846	0.0524225556	-0.0166311468	-0.026037177	-0.0375143007	0.0383526514	0.0021519458	0.0243050179	-0.061887173	0.1997044309	-0.1459083962	0.0469167803	0.0098086576	-0.0575035532	-0.034036844	0.1259161521	0.1165232592	0.1013839798	0.0812449131	0.0475170018400916	0.0227535779841615	0.0005177253110813	0.0022578654638712	-0.0107310622211258	-0.0036536338952685	0.0001151556963936	1.33490406406556e-05	-0.0880583023473775	0.0004791019933065	2.2953871999035679e-07	0.0077542646123021	-0.0012592026989144	-0.0012504422422753	1.5636058012665995e-06	1.5855914369533089e-06	0.0004139086341565	8.190198868279996e-05	6.707935750197493e-09	1.7132035742929938e-07	-0.0014422404784073	7.586123941000656e-07	5.754927644822332e-13	2.080057597556517e-06	0.0
794.3354253279115	4.351383380174298	630968.767930874	18.934537321257096	1110.338203391448	-0.7802563197722066	1232850.9259105483	0.6087999245444679	745.5172451517296	2.1443815844354503	4.598372379665893	555795.9628186241	778.5150704155974	773.2051220656934	1.082147	34.798767	0.1063555223464239	0.0551095283653517	-0.133526641	0.0557718576	0.0701189852	-0.139794538	-0.0595280491	0.0411556473	-0.0035895968	0.0361759721	0.0355485194	-0.0161699195	-0.0290495473	0.0592920383	-0.1319895783	0.0397601671	0.1157693835	0.0149940297	0.1329288875	-0.0676485751	0.0574806124	-0.0971486824	0.0276336867	0.1068573628	-0.0498872635	-0.093350845	0.0404600189	0.079117155	-0.1117738144	0.0256722496	-0.023496695	-0.1289806734	-0.0523307672	-0.0361711789	-0.1610397192	0.1147208222	0.1050285765	-0.049583428	0.020439249	0.1863030793	0.010711862	0.2112026991	-0.0055624782	0.1177611102	-0.0115517455	-0.1753993534	0.1492016602	0.142681223	0.019784385	-0.1608946854	-0.1475355092	0.0473509735	-0.0657297877	-0.0532384185	0.0306449967	0.0433474572	-0.1064120159	-0.1083905264	0.070857637	-0.0687137686	0.0173872196	0.0193559462	-0.1157509202	-0.0320125738	0.0364850436	0.089840727	0.0019301321	0.0250104535	-0.0236455471	-0.0774820743	-0.0619532181	-0.0767674022	0.0183005145	0.0737086126	0.1645363155	-0.0459180168	-0.0199103947	-0.2250342047	0.1344119988	-0.0500365623	-0.0439687349	0.105396129	0.1893893659	0.0607805746	0.0354342895	0.1127498272	0.0826918667	-0.0706721364	-0.186330584	0.1269469781	-0.172968147	-0.0375995814	-0.0756182682	0.0725964112	0.1815112399	0.0961689774	-0.1225089338	-0.0090282711	0.0024864429	-0.0863336741	0.125227647	0.1497647783	0.0522863775	-0.001425004	-0.1294259811	-0.0552460996	-0.1027869829	-0.0002862699	-8.27539e-05	-0.0610042449	-0.0761550651	0.0409404232	-0.1947775609	-0.0164192124	-0.0997145116	-0.0386786458	0.0610782747	0.2549984272	-0.0038680531	0.1251271724	0.1134548014	0.0948006283	0.0703125971	0.0497307241094802	0.0022137222693886	4.900566285987027e-06	0.0024731449204532	-0.0361935276426095	-0.0254624654214837	0.0013099714432163	0.0006483371453402	-0.1325387952193892	-0.0444804928720116	0.001978514246137	0.0175665322382071	-0.0013661258498342	-0.0001069231509197	1.143256020261832e-08	1.8662998375852148e-06	0.0006687655298602	0.0002548568957037	6.495203728772661e-08	4.4724733392919403e-07	-0.00112004368936	0.0003221967890473	1.0381077087239035e-07	1.25449786607516e-06	0.0
794.5228491390423	0.1874238111307704	631266.5578040213	0.0351276849787827	1101.6897504002916	-8.648452991156319	1213720.3061370568	74.79573914024067	746.085036761244	0.5677916095144155	0.3223873118349705	556642.8820790269	779.5148621048444	788.5480431893176	1.057227	33.997406	0.0666126794236273	0.0367078992723118	-0.1387512832	-0.0454783715	-0.0268167293	-0.0827163663	-0.104813177	-0.0326178991	-0.0693999522	0.0781540698	0.0270733571	-0.0646364192	-0.027589131	0.0999366448	-0.1269522241	0.0042637861	-0.0552656741	-0.0289343603	0.0371791761	0.0426073505	-0.0471500019	0.1367543679	-0.0510706606	0.0664974212	-0.0056579337	-0.0455378552	0.0595787954	-0.1647616292	0.0125961752	-0.0107064204	0.1971974577	-0.0692909297	0.0579895334	-0.0573553874	0.0701170802	0.1052832414	0.1479615376	-0.0463845167	0.0074553031	0.1280051024	-0.0691636927	0.0045793142	-0.0652559912	-0.0339166253	-0.1644916422	-0.0142090711	0.084818968	-0.0683391373	0.045692424	0.0264176529	0.0661571353	0.1846124958	-0.0593844713	0.08860779	0.1407978205	-0.0044385269	-0.0345637185	-0.1169304267	-0.0531695761	-0.0390377626	-0.0098334498	0.0007282928	-0.0814809127	-0.0481540813	0.0579447388	0.1172718493	0.1727144149	-0.0942693744	-0.0316727239	0.0848351684	0.106988252	-0.0193368762	-0.079172125	-0.0229926291	-0.0335581652	0.1344637222	0.1336687205	0.0003130823	-0.077476615	-0.0567978168	0.0632683545	-0.0575192301	-0.0073019831	-0.1049309121	0.1297115625	0.1355755395	-0.0056908061	-0.0140028553	0.1262438637	0.1607202568	0.1080220224	-0.0519649366	0.0496041924	-0.0888253934	0.0130372498	0.0757618502	-0.1570521691	0.060919547	-0.0234509604	-0.0527889109	0.0660453174	-0.001541992	0.0552725324	0.0720615034	-0.0831253279	-0.0087767668	-0.1201693746	0.0054712096	0.0362827532	-0.0726484843	-0.2016723801	0.0165220335	-0.0062756573	-0.2353122604	0.0829108452	-0.0726757044	-0.1719911977	-0.0757984597	-0.1314639629	0.1242524367	0.1100753719	0.0876327994	0.0586099215	0.0302426434604257	-0.0194880806490545	0.000379785287384	0.0009146174834744	-0.0359323419898345	0.000261185652775	0.0012911332008744	6.821794521550536e-08	-0.1282247405161314	0.0043140547032577	1.861106798270072e-05	0.0164415840804292	-0.0015573247378227	-0.0001911988879885	3.6557014768039e-08	2.4252603390345413e-06	0.0008417521949877	0.0001729866651275	2.9924386311933833e-08	7.085467577666109e-07	-0.0016068453046148	-0.0004868016152548	2.369758126146824e-07	2.581951832962629e-06	0.0
792.4351839306635	-2.0876652083787803	627953.5207312244	4.358346022275216	1105.7291551773924	4.039404777100799	1222636.9646093098	16.316790953264757	745.2494092856598	-0.8356274755842605	0.698273277951324	555396.6820406249	779.8573855101503	773.8613003310679	1.011375	32.522957	0.0915331443939213	0.0465099048372451	-0.0851932108	-0.0638870724	-0.0102594528	0.0065325863	-0.1287363231	0.0294315749	0.0538818327	0.0093779325	-0.0547664671	-0.0121466898	0.1015605846	0.0132782422	-0.0767802703	-0.0974215642	0.0219434003	-0.024095633	0.0702571443	-0.0650613706	0.0623078772	0.0935204963	-0.0045155378	0.0249799889	0.0915992949	-0.1266798261	0.0937378213	0.042692147	-0.1204842798	-0.1081782327	-0.0621719635	0.0229417909	-0.0826649972	-0.0238123905	0.0194129176	0.0280978965	-0.1029571397	-0.0543274896	-0.0316731201	-0.0762766751	0.1268569914	0.0457813259	-0.0139307797	0.1414517168	0.1016563214	-0.0600244455	-0.0580225528	0.0080379715	-0.0720694632	0.0264368725	0.0005611159	-0.1137915987	-0.1284650726	-0.0207990933	-0.0395597122	0.0996065783	0.0467377466	-0.1119201379	0.0816576765	-0.10549535	-0.0618928739	0.0056068755	-0.0721779931	0.0455697687	-0.0661170054	0.051194022	0.0451367164	0.0563648808	0.023840482	-0.1789717077	0.0995506214	-0.1169396367	-0.1599499906	-0.0637197989	0.0504438393	0.0651649843	-0.0432415211	0.0809080716	0.0620915515	0.0400511005	-0.1235936357	0.0760284194	0.0297955764	-0.0233685616	-0.0138483291	-0.1693142121	0.0063212245	-0.0753051844	-0.0907153403	-0.1227469294	-0.063044092	0.0259659228	-0.0228069164	0.0546334379	0.0642896164	0.0529240983	-0.0737876315	0.018699373	0.0782077369	-0.1254981118	0.0489019996	-0.0289409435	-0.0336764173	0.0868335142	-0.1103458709	-0.0648568733	-0.0811150207	-0.0526439568	0.0459235168	-0.0243441669	-0.1648397052	0.090894435	-0.0743973583	-0.0384131013	0.0597959995	-0.015582397	-0.1721498399	0.1239909624	-0.022390236	0.1232925447	0.1063942335	0.0799246852	0.0462651033	0.031539048892327	0.0012964054319012	1.680667043863187e-06	0.0009947116050325	-0.0289564807844442	0.0069758612053902	0.0008384777794198	4.866263955686939e-05	-0.1125943735228816	0.0156303669932497	0.0002443083723436	0.0126774929490101	-0.0007931029574791	0.0007642217803436	5.840349295515416e-07	6.290123011620951e-07	0.0006679733521626	-0.0001737788428251	3.0199086213630834e-08	4.4618839919934086e-07	-0.0011922357125159	0.0004146095920988	1.7190111386041619e-07	1.4214259941982958e-06	0.0
789.3927890265442	-3.042394904119305	623140.975367106	9.25616675261112	1104.941578898938	-0.7875762784544804	1220895.892779678	0.6202763943842092	743.5537429162412	-1.6956663694186318	2.875284436377364	552872.1686047517	779.3488773109126	748.5289153455443	1.027042	33.026768	0.0823630291663994	0.0460238165985076	-0.0157605475	-0.0619994895	-0.1176232447	0.0355389162	-0.1019777067	-0.0498146101	0.0200404823	0.013269294	0.0656745934	0.0174857439	0.0221120942	-0.1434077921	0.0500802463	-0.0092338073	-0.0609441894	-0.1705872046	0.1269470962	0.0693552078	0.1144122411	0.0621935816	-0.0958811397	0.0191253624	-0.1144999852	-0.0023353499	0.0563431911	0.1137534984	-0.1233304429	-0.0325863624	0.046686924	-0.0888679321	-0.0761213381	0.1016838818	-0.0545478519	0.0406779703	-0.0713600731	-0.0673285018	0.1522014698	0.0847426808	-0.165729146	0.0668249526	-0.006391443	-0.0003012694	0.0120130611	0.0497524262	-0.0935400919	0.2048222837	0.0469345011	0.0257322898	0.120184676	0.0939649306	0.1301775665	-0.0415982939	-0.0892269737	0.0273195514	0.0680319089	-0.0193043031	-0.0885591936	-0.057828721	-0.1045466717	-0.0526342522	-0.1019457986	0.1290243652	0.1327294785	0.011110808	0.0447869291	-0.1241584963	-0.0179517075	-0.0173397046	0.0971604614	-0.1085767651	0.0811144493	0.0298747956	-0.0054397933	0.0579971291	-0.1280666327	-0.0409230719	-0.0002041613	-0.1055023527	-0.0432512426	0.0140444841	0.001725199	0.0486996585	0.0757933238	0.0140639571	0.0831583251	0.0776163702	-0.1524259575	-0.2542308281	-0.0995838666	0.0544708377	-0.0351302926	-0.0849758347	-0.088069557	0.0613581355	-0.0125593159	0.0517219896	-0.0169125308	-0.0623691054	-0.0355340421	-0.0587332233	0.0333924313	0.1598073606	-0.1326645393	0.0547335688	-0.0356264682	0.0494447432	-0.0244254508	-0.0773366905	-0.1791267414	0.0314625557	-0.094989267	-0.1295423309	-0.0238763777	0.0277903679	0.0089147619	0.2065945263	0.0424372894	0.1222481541	0.1024214758	0.0717238087	0.033413395	0.0415637950505356	0.0100247461582086	0.0001004955355365	0.0017275490590029	-0.0105643052384891	0.0183921755459551	0.0001116045451719	0.0003382721213132	-0.0725454652427259	0.0400489082801557	0.0016039150544323	0.0052628445272835	-0.0007642001402357	2.8902817243399936e-05	8.353728446053767e-10	5.840018543362636e-07	0.0005858917567773	-8.20815953853e-05	6.737388300996101e-09	3.432691506595908e-07	-0.001025276141503	0.0001669595710129	2.7875498352811632e-08	1.0511911663352797e-06	0.0
787.6248375652208	-1.7679514613233778	620352.8847496405	3.1256523695954668	1100.036385163438	-4.905193735500006	1210080.0486834436	24.060925582788503	743.6226601471088	0.0689172308676688	0.0047495847104675	552974.6606842625	778.3207569335283	727.508203809097	1.034673	33.272144	0.1018154629832827	0.0553192019468952	0.0314377945	-0.0551616366	0.0561205906	0.0914855233	-0.0587196653	0.1038495454	-0.0732902631	-0.0287720005	-0.0335038927	-0.0673485837	0.0927226357	0.0194081245	0.0151021757	-0.1158851723	0.1457662858	-0.0166646696	0.1181179412	-0.0424524875	-0.0188988486	0.0129602713	-0.0953694993	0.0325544486	0.2625257772	-0.0140773214	-0.0533302297	0.0270637621	-0.0109465282	0.1552780203	-0.0146173794	0.0894621588	0.0370961997	-0.0038254684	0.1052958848	-0.0018479554	0.0346446635	-0.0247344723	-0.1277048587	-0.0879924927	0.0346279412	-0.1007863428	0.1598246472	-0.0741610909	-0.060277967	0.1155552952	0.0593343023	0.0663146424	0.0873992261	-0.0481891578	0.0471722566	0.0348313588	0.0819488957	0.0501249144	0.0375539315	0.0705896128	0.0462001963	-0.0161851171	0.1342519987	0.0247122316	-0.1100824062	0.0016204886	-0.1104316434	-0.0307575547	0.0190237647	0.078089458	-0.0022124265	0.1327364184	-0.0731381707	-0.1614884617	-0.0458653449	-0.0667506894	0.0132522114	-0.1362191056	0.0341324763	0.0610482233	0.037836396	0.0983643597	-0.0338174082	-0.0022588094	0.1043434896	-0.0925598429	-0.1594579519	-0.0018114518	-0.0129347879	-0.0697147844	-0.0490444088	-0.0524659519	0.0507094114	0.010572804	-0.0292250839	0.1429081846	-0.0309019279	-0.0319855912	0.0918105422	0.0146030113	0.0218794109	0.0103715668	0.1129088442	-0.0623776093	-0.0794886139	-0.0192814704	-0.0003994173	0.1125277432	-0.1417666582	0.0317964074	-0.0243702978	-0.0631828595	0.0201323162	0.0150648216	-0.0065709965	0.0900071444	0.0433015587	-0.1434786141	-0.0546264451	-0.0325505946	-0.1009222164	-0.0515492616	0.1278206736	0.1211199807	0.098167988	0.063080731	0.0201956026	0.0125223404883314	-0.0290414545622041	0.0008434060830885	0.0001568090113057	-0.0074662524920228	0.0030980527464663	5.574492627463666e-05	9.597930819887383e-06	-0.0596394138860887	0.0129060513566372	0.0001665661616201	0.0035568596886761	0.0001223978928356	0.0008865980330713	7.86056072245898e-07	1.498124417059502e-08	0.0006669269569865	8.103520020920005e-05	6.566703672945136e-09	4.447915659552728e-07	-0.001193040994582	-0.0001677648530789	2.8145045928618442e-08	1.4233468147532075e-06	0.0
788.3649072711924	0.740069705971564	621519.2270167157	0.5477031696968372	1102.8900500457298	2.8536648822919237	1216366.4624898725	8.143403260426176	743.4963764825193	-0.1262836645895504	0.015947563942166	552786.861842636	777.382491210147	723.3891140473909	1.09169	35.105667	0.0806559437078389	0.042766265761542	0.0178924452	0.0988483426	-0.1093433493	0.001703462	0.0530821386	-0.0573544675	-0.0217705794	-0.0224594049	-0.0741486081	-0.100982712	-0.0387919633	-0.1152099062	0.0631439651	0.0570992036	-0.0535169876	-0.0672921368	0.115625258	-0.0504521851	-0.0654015067	-0.116489024	-0.1990219072	0.0949000372	0.167385322	-0.0488014969	0.0337281959	-0.0058220512	-0.081045322	0.0541460229	-0.000640571	0.0580833827	-0.0341340033	0.0235194221	0.0621374701	0.0696633003	-0.1987994301	-0.0002003601	-0.167019578	0.0301746575	0.0548559557	0.1147222251	0.1479331119	0.0331416278	-0.1280579996	0.0200884815	-0.0700286528	-0.0522364271	-0.0734935829	0.1609167334	-0.0457638256	-0.0161291241	0.0667442705	0.0955939836	-0.1041713575	0.0783500005	-0.0145974106	0.0899448447	-0.0422554868	-0.0892956548	-0.0429167962	-0.0562095331	-0.0278744916	0.0227026879	0.020933482	0.045885193	0.0371095362	0.0209020053	-0.2114018479	0.0221978409	-0.1051087419	-0.1172175769	-0.0252468647	-0.1496876581	0.1442238472	0.0777047302	-0.1062918498	0.0864443987	0.0531170978	-0.0005208422	-0.0311781682	-0.0926689023	-0.0810721384	0.2150771216	0.0642917386	-0.0871730557	-0.0338655865	0.0341403649	0.0434324091	-0.1409685138	-0.0142701918	0.0633524719	0.102288889	0.1212353694	0.0437976599	0.0650348596	0.0835872681	-0.0095207775	-0.1117036143	-0.0609176201	-0.0823096912	-0.0554971633	-0.0136479065	0.06493618	-0.2125764943	0.0411919927	0.0236949719	-0.0760923568	-0.1805366488	-0.0232987627	0.1369214405	-0.0171027217	-0.0041815157	-0.0399787619	-0.1108409274	0.0535025339	-0.0006168772	0.0014903991	0.0774300596	0.1199087977	0.0936454286	0.0540487397	0.0067565429	0.0222653153309977	0.0097429748426663	9.49255587848284e-05	0.0004957442667887	-0.0012004858969163	0.0062657665951064	1.4411663886949333e-06	3.925983102435249e-05	-0.0396029511694564	0.0200364627166323	0.0004014598381949	0.0015683937413303	0.0002879643441878	0.0001655664513522	2.7412249813360407e-08	8.292346352350975e-08	-5.967179240817799e-05	-0.0007265987493946	5.279457426219101e-07	3.5607228092046886e-09	-0.0011929914042602	4.9590321799918714e-08	2.4592000162194928e-15	1.4232284906387238e-06	0.0
789.4177968543462	1.052889583153842	623180.4579903698	1.1085764743138713	1099.9022572318916	-2.987792813838269	1209784.97546381	8.926905898423598	743.0888796908087	-0.4074967917106278	0.1660536352544547	552181.0831201411	777.1208012535296	738.2453883376152	1.100992	35.40477	0.1562421428298026	0.0808501129573363	-0.012339839	-0.0023738294	0.0207303491	-0.04796788	0.0688512406	-0.0392836211	-0.1986173209	-0.0774378195	-0.0255072315	0.0330854134	0.0421568257	-0.0841913968	0.0786776833	0.0540227054	-0.0020810066	-0.1048197317	-0.0384852006	0.0997994816	-0.0267280509	0.0667364249	-0.0267012549	0.0156462147	-0.0199786662	-0.1080819003	-0.014745885	-0.219111619	0.0949163492	-0.0258474849	-0.0432590173	0.162616246	-0.0475074447	-0.0177075624	-0.0485011091	-0.0026357742	0.0884294022	0.1698613406	0.0006344134	-0.2277432486	-0.1079852803	-0.0560361247	0.0124051809	-0.0013736725	0.0080209705	-0.0142310167	0.0955000451	0.1611522087	0.0081984978	0.0371422782	-0.0944718926	-0.0812251631	0.0577187518	0.1127751676	0.0436700131	0.0439141431	-0.0627626609	0.0702283723	-0.0886394133	0.0973410708	-0.1159993019	-0.065991656	0.0721207598	-0.0179081763	0.0669621824	-0.0058102353	0.0349675959	-0.0350564248	-0.0569153351	-0.0048183994	0.2279962565	-0.0013162744	0.1153737343	0.0775326096	0.0399482596	-0.0822753104	0.1104029949	0.1877883002	-0.0291625351	0.1783530001	0.0299819271	-0.0690182102	0.005960537	0.1250021635	-0.0816695016	-0.0058847754	-0.0934143037	-0.0215754782	-0.0111816814	-0.0240595527	0.0471127205	-0.1248217041	-0.0483307863	0.141250429	-0.0021777801	0.0841915951	0.0565804082	-0.0779040814	0.0662085275	0.1409227132	-0.1431139962	-0.0888237753	0.0639445364	0.1134214485	-0.0950734178	0.0943934891	0.0898748675	-0.1094387373	0.044263876	0.0139310065	0.0669909851	-0.0293449786	-0.1234429208	-0.0192852368	0.0826484306	-0.1289744498	-0.1277707675	-0.1166493702	0.022439235	0.1186154352	0.0888661936	0.0446835199	-0.0067565429	0.0513410999284786	0.0290757845974809	0.0008454012499591	0.002635908541866	-0.0012147277247436	-1.4241827827300104e-05	1.4755634452607635e-06	2.0282965986245964e-10	0.0039490275452891	0.0435519787147455	0.0018967748499696	1.5594818553452057e-05	0.0001175765210862	-0.0001703878231016	2.903201026130213e-08	1.3824238310733633e-08	0.0005349830741849	0.000594654866593	3.5361441036283144e-07	2.8620688966432626e-07	-0.0002860313401599	0.0009069600641003	8.225765578728203e-07	8.181392755366841e-08	0.0
792.6666102177245	3.248813363378304	628320.354954058	10.554788270065446	1113.8225443883596	13.92028715646802	1240600.660387759	193.7743945185285	745.8529055060102	2.764025815201535	7.63983870710051	556296.5566517573	779.130975768416	738.3469041653118	1.098158	35.313656	0.1555630180658507	0.0793428773576734	-0.0375531233	0.1202394346	0.1250741781	-0.0830304695	0.0670521315	0.1570316313	-0.0098797621	0.0343013133	0.1894241599	-0.0302786274	0.0184429393	-0.0824995958	-0.0540177944	0.0869863221	0.1781672906	-0.0800771684	-0.034190914	-0.0921936049	0.0925243408	0.0426837856	-0.1192255891	0.0606921051	0.1108882565	0.1534223678	-0.0342706444	-0.0699022429	0.0678760497	-0.0723496244	-0.0916386323	0.0930890209	0.0009003352	-0.009323425	-0.0450086782	-0.0694953018	-0.0598249077	0.0234025979	-0.0778890464	0.0684897422	-0.1179362812	-0.0692019011	-0.0360850869	0.0009167523	0.0806859539	0.0438302628	-0.0061813087	-0.0925564725	0.0421263924	-0.0140472856	-0.0461773237	-0.1587360263	0.0024411167	0.0253316668	-0.1926389872	-0.1199678106	-0.1311684914	-0.009720952	0.1329698037	0.0236818509	0.0015670192	0.0595566412	-0.0789842187	0.0602654141	0.0758964264	-0.1579683115	-0.1124121002	0.21057	-0.0337524371	0.1052013027	0.0883095666	0.0785134804	0.1209995964	-0.0429837014	-0.0177068368	-0.0583489549	-0.0929726203	0.1204846624	0.0991400235	0.0688850373	-0.0167507597	-0.0296258079	-0.0074767228	-0.0023654752	-0.0303170106	0.0797491357	0.0199695747	0.1018904418	-0.0047840528	0.0299469408	0.1590380651	-0.1301475974	-0.0208211336	0.2293299319	-0.1123919321	0.096798618	0.0191295532	-0.1285609873	0.044653823	-0.000563969	-0.1330549126	0.103943436	-0.0109428625	0.0357936573	-0.0604876297	-0.0495314005	0.0003529108	-0.0579164716	-0.1761839599	0.0537922641	0.0267787845	-0.0484067128	-0.0603403597	-0.106820155	0.2737737953	0.0639698986	0.0562190311	0.0456719807	0.1501915224	0.1172407796	0.0838433825	0.0350428114	-0.0201956026	0.0057590264037372	-0.0455820735247414	0.0020777254268149	3.316638511894223e-05	-0.0010614922515799	0.0001532354731637	1.1267658001641656e-06	2.3481110235703056e-08	-0.0160448654334715	-0.0199938929787606	0.0003997557564461	0.0002574377067782	-0.0003624000428083	-0.0004799765638945	2.3037750188797107e-07	1.313337910274577e-07	0.0001622232096529	-0.000372759864532	1.38949916605915e-07	2.6316369750088743e-08	-0.0012299712335171	-0.0009439398933572	8.910225222712021e-07	1.5128292352795766e-06	0.0
797.8364074976233	5.16979727989883	636542.9331287136	26.726803915249345	1107.951179388211	-5.871365000148671	1227555.8159077277	34.4729269649708	747.359159020891	1.5062535148807683	2.268799651090669	558545.7125724134	779.0137478963452	776.4433212479371	1.141693	36.713596	0.0835199743223578	0.0419815002990177	-0.1430483644	0.1253584294	-0.0097645845	-0.2028757876	0.067399748	-0.0436373971	0.1027370355	-0.0217622856	-0.1142578499	-0.0994445885	-0.0944374491	-0.0700583657	-0.1466615731	0.1462670393	-0.0123206225	-0.1091230034	0.0196828988	-0.0093978593	0.0225218091	-0.0187475966	0.0473973613	-0.0255503715	0.2232494714	0.0798370192	-0.0281153806	-0.0098039477	-0.1135942931	0.0967238371	0.0943758907	-0.0196444398	0.1153562757	-0.0655862653	-0.0479352279	-0.16383222	-0.1040166184	0.07477122	-0.0180449676	-0.0960644831	0.1653446667	-0.0695142342	0.0510045903	-0.1243755215	0.0223892939	0.0218431594	0.0065375471	-0.0498985325	-0.2020518378	0.0603885217	0.0049637775	0.1375266026	-0.1154077631	-0.104577983	-0.0087134935	0.0884808386	-0.1961731359	-0.0490569577	-0.0285624349	-0.054154168	-0.0519606379	-0.1037592405	-0.0150822107	0.0147467618	0.0003846125	-0.1043711258	0.1621504159	0.1233526702	-0.0696889356	-0.0030804387	-0.1379021162	0.0245514498	-0.0584088577	-0.0181047351	-0.1447270359	-0.008410408	-0.1314967848	0.0365908405	-0.0005709316	0.0782867787	0.013197208	-0.1785473467	-0.065629244	0.0011866669	-0.2224044189	-0.2278519627	0.0625301304	-0.0209684859	0.0528806155	0.1342849117	0.0483617532	0.1470787249	-0.0706593946	-0.0708465809	0.0617616545	0.1477702583	-0.0590479831	-0.137894	-0.0768698502	0.0504282287	-0.021774183	0.0453844273	-0.0955376108	0.0549705369	-0.0440290109	-0.0131356	0.00512567	0.0011315304	-0.0312457405	-0.0454910691	0.0780662424	0.007565277	0.0153886925	0.0087876582	0.1558116134	0.228043318	0.1767072625	0.0616623912	-0.1146319785	0.1157857731	0.0785907625	0.0251860523	-0.033413395	0.0054949664082073	-0.0002640599955299	6.9727681239251e-08	3.0194655827326635e-05	-0.0154709301523752	-0.0144094379007953	0.0002393496797796	0.0002076319006168	-0.0424519456593941	-0.0264070802259226	0.0006973338860583	0.0018021676902681	-0.0004007112405882	-3.831119777990001e-05	1.4677478753306152e-09	1.605694983337343e-07	-0.0002601758539046	-0.0004223990635575	1.784209688942529e-07	6.769147495498775e-08	-0.0016180488961819	-0.0003880776626647	1.5060427225937424e-07	2.618082230435465e-06	0.0
797.7606264051519	-0.0757810924714021	636422.0170423404	0.0057427739761592	1111.8501238363044	3.898944448093516	1236210.6978748054	15.201767809319254	748.0696810197167	0.7105219988256977	0.5048415108152647	559608.2476609406	781.6622272915689	802.0080362829634	1.115823	35.881695	0.0545080222615872	0.0350567727236129	-0.1599054588	-0.1157968433	0.0485583822	-0.0922415658	-0.1200873344	0.0308794444	-0.0393591189	-0.0306500986	-0.0121300371	-0.106799392	-0.0434881662	-0.0092068633	-0.1438307421	-0.0407510735	0.0073887934	-0.0801615333	-0.0811636066	0.0669518336	0.1095030993	0.096952237	0.0860412651	0.1634686239	-0.0159848763	0.0631610259	-0.1808345133	-0.0445508639	-0.0646503079	0.0029599443	-0.0822606749	0.0939358084	0.1316502456	0.1566912158	0.0999265201	-0.0864932882	-0.0637095613	0.1563963868	-0.0471505934	0.0100006297	-0.1423876261	-0.0715549385	0.0469664563	0.0792584925	0.0296977575	0.0651501364	-0.1554506415	0.053174982	-0.0701840313	0.0742221656	0.0243171223	-0.0082491037	0.0105697042	-0.015267197	0.1471738183	0.0821630333	-0.0603504331	-0.1603068938	-0.0120968987	0.0329556231	-0.1610271872	-0.0455187702	0.0569371066	0.1221268426	-0.0075268524	0.0898063722	0.0845393003	0.1594266072	0.0167764127	0.1016361406	-0.0383455138	0.1694431953	0.0346949508	0.0525313718	-0.0034810583	-0.135283192	0.0281760414	0.0589508329	-0.0329207535	0.05379097	0.0437124194	0.1524471793	-0.0576174193	-0.0261784468	0.0232594109	-0.1643209979	-0.0731511627	0.1070893158	-0.1902422985	0.029778805	0.011530586	-0.0681387	0.0414749978	-0.0253622069	-0.0151544874	0.1474918359	-0.0905195875	-0.1075082209	0.1420015406	0.0872820023	-0.0846135586	-0.1333052565	-0.1026356412	-0.0061247265	-0.1181340042	-0.0781476304	-0.0533712792	0.0853746824	-0.0912204003	0.0398537358	0.1317916359	0.0958789388	-0.037397878	0.0182448167	0.1271416558	0.1200327802	0.0552542121	0.0188049163	-0.0453140903	0.1142514127	0.0731227308	0.0151740128	-0.0462651033	0.0033394502524544	-0.0021555161557529	4.64624989771176e-06	1.1151927988617757e-05	0.0079826051516675	0.0234535353040427	6.372198500742851e-05	0.0005500683182579	-0.045592280785911	-0.0031403351265169	9.861704706835928e-06	0.0020786560672613	9.930169989119448e-05	0.0005000129404793	2.5001294064685055e-07	9.860827601280854e-09	-0.0002450803370652	1.5095516839400017e-05	2.2787462864860948e-10	6.006437161599203e-08	-0.0016179846399952	6.425618670003255e-08	4.12885752922944e-15	2.617874295260397e-06	0.0
792.9805910459247	-4.780035359227213	628818.217775544	22.848738035462432	1100.1741341527947	-11.67598968350967	1210383.1254588517	136.32873508942424	747.1212335312264	-0.9484474884902738	0.8995526384235081	558190.1375932213	781.5277802338287	766.9927952752481	1.167692	37.549671	0.1006526631050696	0.0454614531489529	-0.0568758072	-0.0972140404	0.0969787531	0.0511044741	-0.0980516536	0.0879459502	0.0477094584	-0.015388832	-0.0814785893	-0.2169071335	0.1300749466	-0.1357765273	-0.0448267963	-0.1195504203	0.0945357112	-0.103624642	-0.0362581965	-0.0204396417	0.0274552325	0.0201679935	0.1171920649	-0.0629141252	0.1129600855	0.0073302352	0.0127649171	-0.080306716	-0.0462761204	0.1237772442	0.1191276566	0.0331214103	0.024533866	-0.1060037281	0.0501863224	0.0771166924	0.0420717903	0.1003617499	-0.0847099284	-0.104072281	-0.0950970437	-0.0517759311	-0.1060447187	0.0097555956	0.0837238831	0.0601590371	-0.0387287254	-0.0343126754	0.1190931679	0.088424784	0.1517073237	-0.1044730939	0.0267646365	0.0257218882	-0.0256912075	-0.1414488249	0.0628849576	-0.0726597374	0.1495849345	-0.0667724462	-0.1604048723	-0.0172434985	-0.0419506452	-0.0931694727	-0.1097046959	-0.1178598996	0.002000395	0.0899724356	-0.0211588073	0.0685954	-0.0196440608	-0.0064163313	-0.0551665328	-0.0583334194	-0.0838440814	0.0084222957	0.0992447712	0.1501402763	-0.1680522478	-0.0363357627	-0.0055017185	-0.1849890437	-0.0238715472	-0.0161913129	-0.0310095947	0.1310487121	0.0080748042	0.0366936872	-0.0820116425	-0.0474772471	-0.0024094033	-0.0148969787	0.0419661261	0.0486624613	-0.0046574696	0.1054348791	-0.0078185442	-0.1486304342	0.1916548734	-0.0663161298	-0.1508802136	-0.1013747145	-0.1805249248	-0.0215271201	0.0150135039	-0.0506216196	0.0277845626	-0.0547554484	0.0560453473	0.0371677777	0.07946316	0.016129186	0.2332962755	0.0345386413	0.0974236013	-0.0302676858	0.0324747947	-0.0836216436	0.0238573991	0.1126387502	0.0674542747	0.0050684204	-0.0586099215	-0.0067536956162967	-0.0100931458687511	0.0001018715935278	4.561240447758527e-05	0.0205045770127441	0.0125219718610766	0.0004204376784715	0.0001567997792895	-0.0133005315943393	0.0322917491915717	0.0010427570658513	0.000176904140692	0.0006303408952027	0.0005310391953115	2.8200262695709133e-07	3.973296441649413e-07	-0.0002558923087501	-1.0811971684900024e-05	1.1689873171507988e-10	6.54808736774565e-08	-0.0012449198833182	0.0003730647566769	1.3917731267446914e-07	1.5498255158810008e-06	0.0
792.8986112779352	-0.0819797679895373	628688.2077664782	0.0067206823596183	1110.4899162641032	10.315782111308408	1233187.8541242548	106.41536056799056	746.9837269413306	-0.1375065898957927	0.0189080622647697	557984.6883151603	782.75317420295	744.4070992519562	1.130214	36.344486	0.1670807936575529	0.0986549585376943	-0.0277268663	0.0564614776	-0.0513906711	0.0180691021	-0.0608499626	0.0120760608	0.0153038292	-0.0128265346	0.0352726272	-0.0312583669	0.1543815813	-0.2202304197	-0.0362538036	0.0890938362	-0.0384226812	-0.134145391	0.0570756813	-0.0822536841	0.0519519054	0.0372285045	0.116346776	0.151561188	0.0115709853	0.0942481827	-0.0595920279	-0.0358026561	-0.0368676274	-0.090926802	0.0528948326	0.0072821879	0.0863336326	-0.2060555042	-0.1406054258	0.0274521314	0.0806740747	-0.1473806467	0.1468808207	-0.088406494	-0.0283346102	-0.0207518438	0.0848120321	-0.0941192575	0.0858259657	0.0298391198	0.0633673455	-0.0297967461	0.0253255166	0.1076139593	0.0618673922	0.0186406759	-0.0452420463	-0.028206747	-0.0311874876	0.0426577917	-0.0098564945	-0.0419972454	-0.0112127967	-0.1043292558	-0.106070667	0.0219998064	-0.069943387	0.1291882336	-0.0091576186	-0.0828441563	0.0398848953	0.0664751569	-0.2909226427	0.1376874262	0.0054677602	-0.0028174166	0.0615098751	0.1339972496	-0.0482527296	-0.0014230379	0.0074002549	-0.0860691879	-0.0430713438	0.1499487472	-0.0281116064	-0.0747358847	0.1647011109	-0.0224738098	-0.0235913522	0.0295999321	0.1991846378	-0.1489646599	0.0082385241	-0.0710323651	-0.0588533352	0.0588061424	0.0977985024	-0.0418783892	-0.0816781504	0.1271277789	0.0555654846	-0.1299134376	-0.0151845908	-0.1067853662	-0.1793334476	-0.002891207	-0.1061819568	0.0384587276	-0.0416937702	0.0184858555	0.1096682497	0.0334366957	0.1524769768	-0.1353415596	0.1723451301	-0.0636064231	0.1971181199	0.1203119644	-0.1207018657	-0.2192627299	0.3446507461	-0.0986197109	0.0863783963	0.1109488906	0.0616009311	-0.0050684204	-0.0703125971	0.0068169755429465	0.0135706711592432	0.0001841631157123	4.647115555313072e-05	-0.0011849476634608	-0.0216895246762049	1.4041009651412091e-06	0.0004704354806797	-0.0025669851133045	0.0107335464810348	0.0001152090200605	6.589412571926916e-06	0.0003146525275744	-0.0003156883676283	9.965914545582072e-08	9.900621310895853e-08	-0.0006379246204295	-0.0003820323116794	1.4594868716710624e-07	4.069478213501216e-07	0.0004791004641955	0.0017240203475137	2.972246158641259e-06	2.295372547923436e-07	0.0
793.1932215056722	0.2946102277370528	629155.4866425464	0.0867951862872781	1102.7186694459867	-7.771246818116424	1215988.463944727	60.39227710808464	746.1887902726868	-0.7949366686437997	0.6319243071545023	556797.7107286158	780.7549059835062	758.2788544975392	1.183935	38.07198	0.2117144604845245	0.109016636733267	-0.0414663491	-0.0841695003	0.0378755515	-0.0104735802	-0.0409987369	-0.0072315476	-0.1341354479	0.0956654111	0.0413273064	-0.0879834631	0.0196861921	0.0977122015	-0.022600112	0.0204576433	0.0282323355	-0.0453335126	-0.075091764	0.1355203128	-0.0058345743	0.1171305997	0.1460697952	-0.0332934683	0.1097608453	-0.0100835346	-0.0012879103	-0.2075928588	-0.0165476281	-0.153710163	-0.1151181838	-0.0756749808	-0.1239883924	-0.0463079672	-0.0107683154	-0.0633097871	0.0387666632	-0.1260931078	0.1108415423	0.0835178254	0.1232140854	0.1711217044	-0.0331720984	0.150866705	0.1042874633	0.1880068848	-0.0025640017	0.0141931503	-0.0595954462	0.0010925894	0.1778613237	-0.0005037707	0.1092288912	0.0764923031	-0.00348898	-0.0226832901	-0.0043313725	-0.0076369392	-0.0472787055	0.0575065605	-0.0528361442	0.0421798876	-0.0910605787	-0.1157995875	-0.0203844807	-0.0892471219	0.3323110264	-0.0433988043	0.0615694695	0.0280441442	0.1789497677	0.1192369862	-0.1366856392	-0.0248211875	0.0315565698	0.0968458887	0.1639488181	0.0664652479	0.0687457531	0.0600818233	-0.0611514136	0.0957065581	0.0366823113	0.0561827867	0.1897029201	0.1088229456	0.1281026835	0.0714942085	0.0528646437	-0.0347811577	-0.1250432062	0.0443493784	-0.0479532377	0.0422206313	-0.123173003	0.0701216273	-0.0628043367	-0.1510138188	0.1252494172	0.0267887151	-0.0659185835	-0.0820435306	-0.0890341679	0.1881434241	0.016474404	-0.0528009154	0.1151708528	0.0248976421	0.1793376467	0.0396022037	0.0440594653	-0.1563987794	-0.0026041189	0.0105875588	-0.0081369138	-0.1925850546	-0.2265685935	0.1083618724	-0.1887760201	0.1091829923	0.0555787436	-0.0151740128	-0.0812449131	-0.0309809055985823	-0.0377978811415288	0.0014286798187891	0.0009598165117082	-0.0102911132645431	-0.0091061656010823	0.0001059070122236	8.292225195433456e-05	-0.0070686493069729	-0.0045016641936684	2.026498051255616e-05	4.996580302496846e-05	-0.0004403407712894	-0.0007549932988638	5.700148813292433e-07	1.938999948597437e-07	0.0003102252736266	0.0009481498940561	8.989882215985937e-07	9.623972039669885e-08	-0.0010239313338495	-0.001503031798045	2.259104585934386e-06	1.0484353764388162e-06	0.0
792.3376435634012	-0.8555779422709975	627798.9414076034	0.7320136153006743	1111.1243321762472	8.405662730260474	1234597.2815541113	70.65516593488996	747.3557168140247	1.1669265413379435	1.3617175528789351	558540.5674546048	784.1690133739231	747.4893955671713	1.467622	47.19455	0.686095376454611	0.3291436014886109	0.0023257781	-0.1215248254	0.0052997617	0.0227940361	-0.0585448414	0.0541759935	0.0443091695	0.0392152419	0.0101025203	0.1386106816	0.1987086267	0.3784484227	-0.0374538103	-0.0726301322	-0.1578579356	0.3495309246	0.1734519061	-0.0588123534	0.1700031325	0.018733188	0.0421476945	0.0568791408	-0.0403782967	-0.0789550824	0.2309205824	-0.1801573536	0.1035973177	0.0733842801	-0.1066745506	-0.0247551424	0.0074495682	0.0488547855	-0.0530473363	-0.1082378306	0.1601489946	0.1760073448	-0.0688399563	0.0236669214	-0.0227961242	0.0269532219	-0.0930286814	0.057165988	0.1444046768	0.0420925044	-0.0195624888	0.0959925907	-0.1057442734	-0.0609891654	-0.0484521694	-0.0031835266	0.1081950179	0.0127034796	-0.1679514426	0.0893192435	0.1462908077	-0.0319917619	-0.0079890285	0.0835302626	0.4104082081	-0.0383869928	-0.0731471697	0.0157235842	-0.0904614272	0.3350833216	0.0211777041	0.1797269796	0.1689454462	0.029581419	0.2548447558	-0.037427965	-0.0855447401	0.2290322353	0.029444485	-0.1259415636	-0.0333059905	0.1201808164	0.0172845029	0.1533787251	-0.1218735644	-0.0583052135	0.0006823302	0.0239937867	-0.0966814402	0.0327434706	0.0915881343	0.0189038819	-0.1217550641	0.1149266309	0.1477779452	0.1151348875	-0.024252458	0.0154825526	0.0009714743	-0.2554794979	-0.2966134867	0.1348642369	-0.0089552768	-0.1086568654	0.1451661385	0.1438586656	-0.1524521375	0.2386011589	-0.0207212037	-0.0006066625	-0.056060951	-0.1317917945	0.4328687018	0.4268649156	0.0039790944	-0.2672732344	0.0973885997	-0.0036098695	-0.0702144632	0.1435417693	0.1334437242	0.0356427506	0.0571051045	0.1073422654	0.0494042187	-0.0251860523	-0.0912870929	-0.1896733197054914	-0.1586924141069091	0.0251832822950787	0.0359759682081015	0.0010074927949261	0.0112986060594692	1.0150417318280049e-06	0.000127658498887	-0.2478551477937856	-0.2407864984868127	0.0579781378535398	0.0614321742878792	-0.0027048124941316	-0.0022644717228422	5.1278321835519205e-06	7.316010628410406e-06	0.0032038688028079	0.0028936435291813	8.373172873972808e-06	1.0264775305605723e-05	-0.0013721732378544	-0.0003482419040049	1.21272423704958e-07	1.882859394683828e-06	1.0
795.2157181917855	2.8780746283842973	632368.0384592772	8.283313566549412	1116.0234793261222	4.899147149875034	1245508.4064071835	24.00164279612867	749.6149283599348	2.259211545910034	5.104036809173207	561922.5408200701	784.9504727648539	736.9064297088751	1.30821	42.068329	0.4224899836109894	0.2172913990582819	0.016050512	-0.0553359537	0.0451247573	0.0345461719	-0.0980281711	0.1700507196	-0.0196990554	0.0125952951	-0.0064919907	0.2138834868	0.0927586713	-0.0103725907	-0.1241826907	-0.1094276253	-0.0203374009	0.1806027992	-0.085175946	-0.0135498158	-0.0673036322	-0.0599101066	0.1050839331	0.0267012795	0.0459039839	0.0456724274	-0.1096319608	0.0466389548	0.0100422803	0.0747943	0.1025811339	0.0386896943	0.0698390861	0.1127992037	-0.0258461869	0.1749567805	-0.0233696593	-0.1249097148	-0.0435461988	0.1018736672	-0.2641736413	0.0200706669	-0.2231472974	0.0982694183	-0.0118654665	-0.0240774131	-0.0849344011	-0.0640805088	-0.0031829296	0.0712966439	0.0870547229	0.0281789835	-0.0651433705	-0.0493919346	0.0072908463	0.0088315974	0.0641316203	-0.1333492216	0.0624271586	0.0162078663	0.1400796672	0.0403861287	0.1481266476	0.0090621326	-0.0530797494	0.159315467	0.0688773795	0.0902023842	-0.1492984525	-0.0851093947	-0.2210229484	0.1214957025	0.3028253484	-0.028370404	0.017686518	-0.0275245029	0.0168990662	-0.0502274424	-0.061641554	-0.0733896148	-0.0305768576	-0.1233759823	0.129147185	-0.1081669262	0.0633530155	0.0941842583	-0.0220452682	-0.009113502	-0.1478249477	-0.2471033785	0.0921842568	-0.1157975448	0.063269395	0.0190478471	-0.0633172234	-0.2408568717	-0.1577911517	0.1086428019	-0.0717980614	-0.0127179792	-0.0018152716	0.0389763204	0.0561651821	-0.0808761774	0.0311668409	-0.0204575323	-0.070157487	-0.1094689716	0.0226336661	-0.2283936833	0.2512335956	0.2306786122	0.0930528978	-0.1253610218	-0.1313064573	-0.0976493265	0.2368424081	0.1073056685	0.0415269895	0.1054279714	0.0430942802	-0.0350428114	-0.1003291122	-0.1637118965763022	0.0259614231291892	0.0006739954908927	0.0268015850806098	-0.0839608503710707	-0.0849683431659968	0.0070494243950333	0.0072196193403745	-0.1241974646567172	0.1236576831370683	0.0152912225988276	0.0154250102271565	0.0006771368361759	0.0033819493303074	1.1437581272767343e-05	4.585142949063076e-07	0.0034039849280982	0.0002001161252903	4.0046463601203054e-08	1.1587113390719709e-05	-0.0015481584658313	-0.0001759852279768	3.0970800466081456e-08	2.3967946353251245e-06	0.0
791.6935888391122	-3.522129352673346	626778.7386089532	12.405395176963165	1101.4861069112865	-14.537372414835772	1213271.643718582	211.33519672762804	747.3936491423367	-2.2212792175980667	4.934081362533079	558597.2667782983	783.2486333331661	745.6986418069031	1.125924	36.206532	0.16353874506252	0.0925177601509477	0.0184336548	-0.0748285273	-0.0850877013	0.0375727379	-0.0565265391	-0.0199937412	-0.007095242	-0.0001600188	-0.0927019623	0.1135178212	-0.0270862279	0.0925929748	-0.0030855637	-0.1244366527	-0.2315484524	0.1646645357	-0.0385850325	0.0940897135	-0.0972505551	0.058673723	-0.0097864175	-0.0346921454	0.0585876903	0.0286400937	0.0786066904	0.2210902895	-0.0259854275	0.1168569722	0.0141323324	0.0015073274	-0.1503441687	-0.0582346848	0.0418726646	-7.44847e-05	-0.0543333757	-0.0129758338	0.0503286473	-0.0555268976	0.0301786626	-0.1203292619	0.2094723298	0.1212380247	-0.041217699	-0.0536788482	0.0151445485	0.0068363294	-0.0391753727	-0.0275218736	-0.0042957519	-0.0163538154	0.1184438501	-0.0040303335	0.0592375832	-0.1867790145	0.13209299	-0.0525522522	-0.1136184186	0.020211496	0.1316175637	0.0957758346	0.0182613305	-0.1199646329	-0.1378657846	-0.0680085117	-0.0355524537	-0.102351206	0.0071383817	0.0124038569	-0.0405145719	0.0243129091	-0.1626478687	-0.0476830152	-0.007902745	-0.0050355343	-0.2130230862	0.1425937804	-0.2166727351	-0.0186918655	-0.0272682859	0.0571427448	0.004451153	0.2009733771	0.1309150703	-0.0081288258	-0.2070657953	0.0074242504	0.0226911623	-0.0015495579	-0.1240465257	-0.0351813148	-0.0181016678	-0.0477287165	0.0323719727	-0.2372021407	-0.0951682289	0.0402840286	-0.12473688	-0.0968051218	-0.0185598612	-0.1329353159	-0.054976332	-0.0561386554	0.1094556808	0.0063603215	-0.0234252047	-0.0824388637	-0.019655945	-0.0342074071	0.1305455013	-0.0334700908	-0.1140042097	0.0281746116	0.0285664301	-0.1186102688	-0.1060837841	0.0598445712	-0.099755181	0.1034414224	0.0366662233	-0.0446835199	-0.1082719048	-0.1636877722869201	2.4124289382088104e-05	5.819813381907288e-10	0.0267936867962546	-0.0150199053147446	0.0689409450563261	0.0002255975556638	0.0047528539052593	-0.0762084783620054	0.0479889862947118	0.002302942805594	0.0058077321742522	0.0001291017965629	-0.0005480350396129	3.003424046436224e-07	1.6667273875768415e-08	0.0033328892773316	-7.109565076660008e-05	5.054591557926363e-09	1.1108150934951957e-05	-0.0018607215638937	-0.0003125630980624	9.769569027036552e-08	3.4622847383390167e-06	0.0
785.8367041301107	-5.85688470900152	617539.3255580751	34.30309849453582	1103.2284394859662	1.7423325746797218	1217112.9896906402	3.0357228007900683	747.0104450910908	-0.3832040512459116	0.1468453448912792	558024.6050751896	784.3831536726208	716.671010604731	1.190861	38.294712	0.0945750567371842	0.0552752617330235	0.1247518877	-0.1755327481	-0.0745388388	0.1910694873	-0.0182300346	-0.0920578847	0.0584268758	-0.0582360133	0.123410654	0.1788702116	-0.005630287	-0.1103754806	0.0930646264	-0.164359012	-0.1484542269	0.1809478232	-0.0901692374	-0.0003631697	-0.0264772643	-0.0456579932	-0.0381962132	0.1022354921	0.021706248	-0.1046154479	-0.0396035628	0.0575645882	0.1149983046	0.137504953	0.0706354617	0.1529234098	-0.0388541816	0.0029589662	0.0229478188	-0.0640590837	-0.11894413	-0.1306009168	0.229693056	0.228838704	0.040873396	-0.0329727001	0.0812997252	-0.1014987401	0.1354277018	-0.0401571159	0.1077472717	0.0761164093	-0.0497189363	0.1061578519	-0.0935090619	0.0013584055	-0.0479574071	0.0474458289	0.1448407961	-0.0162539249	0.1975086724	0.0214670151	-0.0783170203	0.1111191857	0.0962754964	0.0556320311	0.1509269867	0.134716195	-0.0107320372	0.0303458567	-0.0605969211	-0.0490897517	-0.0130943069	-0.0814513922	-0.1437683134	0.0306385617	0.0339692859	0.0276941655	0.1107689299	0.0805862843	-0.133206028	-0.1123431548	-0.1398577332	0.1622376593	0.1328065266	-0.0901469018	-0.0880490378	0.1464499117	0.0386969526	-0.0664044082	0.173799354	0.0317145157	0.0620071376	0.0812772097	-0.1556634499	-0.3176784032	-0.0389159537	0.0250222365	-0.0823938511	-0.3155642534	-0.059220346	0.0447488532	-0.0513361506	0.0817030244	-0.0503939853	-0.1307049056	0.0277658933	0.0300496471	0.0543348462	0.0085564497	-0.088902195	0.0028808072	-0.0938012584	-0.0511658032	0.106535015	0.0133572489	-0.1040358724	0.1739719014	0.1745184773	-0.0533951857	-0.025153218	0.0336185306	-0.1222394631	0.1013839798	0.0301376669	-0.0540487397	-0.1150284477	-0.1821111089259659	-0.0184233366390458	0.0003394193329156	0.033164455994245	-0.0143683484787828	0.0006515568359618	0.0002064494380077	4.2452631048855305e-07	-0.0262114080074837	0.0499970703545216	0.0024997070440349	0.0006870379097347	0.0002980167339267	0.0001689149373637	2.8532256064616477e-08	8.881397370033749e-08	0.0035587190654282	0.0002258297880966	5.099909319175526e-08	1.266448138664216e-05	-0.0019760386965864	-0.0001153171326926	1.3298041092465757e-08	3.904728930406878e-06	0.0
782.5817929501495	-3.254911179961141	612434.2626570706	10.594446789436027	1094.1306069466063	-9.097832539359842	1197121.7850573491	82.77055691423476	746.6626237448356	-0.3478213462551593	0.1209796889107514	557505.0736975219	782.3774757879341	672.2350624040671	1.127427	36.254868	0.0763531655303477	0.0434768825243171	0.215547066	-0.019976538	0.0339313951	0.2038847472	0.0758955098	0.0256764589	-0.0157626883	0.0065238291	-0.0378927606	0.0650466031	0.0576796795	0.1528084089	0.0845160473	-0.1330746555	-0.0961170033	0.1522324848	-0.2293969973	-0.1151306472	-0.0306360942	-0.1557068762	0.1200374755	-0.043434031	0.0258945701	0.0969330223	-0.020348224	-0.1382444351	-0.0403685014	-0.1229584303	0.0695618928	0.034454433	0.0252497207	-0.0019195813	0.0966751503	0.0132991659	0.0315152478	-0.0060882391	-0.0428219001	-0.1561717741	0.1041600672	-0.0239551733	0.015990088	0.0048705905	-0.0526008772	-0.0362136489	-0.0125937331	-0.0006676921	0.0764168893	-0.1754090321	0.0093260723	-0.1230608719	-0.0497357641	-0.0584486124	-0.0644736308	0.0055830766	0.1669145882	0.0746983355	0.0509041891	0.0458686007	0.150590924	0.1273754667	0.0908736365	-0.0706068114	-0.1265579232	-0.122275638	0.0455548177	0.0884580924	0.0826062694	0.1658910248	-0.0184914804	0.0430451414	-0.0546045922	-0.1293653504	-0.0546077562	0.0772952358	0.1617980431	0.0670045126	0.0949625338	0.0065302732	0.0023606404	-0.0119655343	0.0285212634	-0.2013680607	-0.0417737692	-0.018152517	-0.0614599248	-0.1420728135	0.0209096398	-0.0578393853	-0.0062079331	0.0475516625	-0.0745369716	-0.0488027168	0.1336547161	-0.3362340961	0.0076568019	-0.0486937747	-0.0353085935	-0.0315754151	-0.000715921	-0.0272721339	0.0221137958	0.0008338502	0.0172735136	0.0485994065	-0.0822252199	-0.0200810834	-0.1770459514	-0.0174806002	-0.0544501797	-0.013043208	-0.0841021257	0.0636846486	0.1358614828	0.0019696267	-0.0718419071	0.0527616883	-0.0688804671	0.0992570537	0.0235265052	-0.063080731	-0.1205247148	-0.1864544382853097	-0.0043433293593437	1.8864509923737683e-05	0.0347652575562903	-0.0331807886940396	-0.0188124402152567	0.0011009647383585	0.0003539079068526	0.0024561014852935	0.0286675094927771	0.0008218261005184	6.032434506060936e-06	-0.0001429331190705	-0.0004409498529971	1.9443677285825225e-07	2.042987652722173e-08	0.0036051547689197	4.643570349149992e-05	2.156274558750497e-09	1.2997140907864454e-05	-0.0019792508693571	-3.2121727706999237e-06	1.031805390882602e-11	3.917434003850836e-06	0.0
784.7098393941118	2.128046443962262	615769.5320419327	4.528581667660428	1101.7406918288486	7.61008488224229	1213832.55203151	57.91339191493265	746.4273548063021	-0.2352689385335225	0.0553514734386903	557153.7960031332	782.301254715436	676.3948761058003	1.075266	34.577515	0.0734852779335053	0.0427161027699785	0.182462546	0.0254444826	-0.0598098687	0.1514363401	0.1014108422	-0.0026150255	-0.0915908887	-0.0793349881	-0.0550659461	0.1412616926	-0.0017580268	0.0411603775	0.1325128674	-0.0024925599	-0.1375495249	0.1805478661	-0.1563985913	0.0673603858	-0.0597930941	-0.0319512435	-0.0698579403	0.1264067208	-0.0290700883	0.024592939	-0.2301889254	0.1079128695	0.0573686669	-0.1704402433	0.0100202884	0.0166715614	0.0852047072	0.0194025002	-0.0430193517	0.0038623224	-0.1202909431	-0.0372866753	-0.0313061647	-0.051724304	0.0417907761	-0.0248193313	-0.1918285969	0.0599903883	-0.2166356363	-0.071161669	0.1780524029	0.1093830765	0.0555053678	0.1190019897	0.0924822358	0.1179437283	-0.0613316998	0.0272239403	-0.0777420913	-0.0556797276	0.1031355123	0.1353534919	-0.1326182175	0.1194160967	0.1343042424	-0.07307278	0.1825496648	0.0448700754	-0.1237101408	-0.0687775424	0.1295599309	-0.0281137394	-0.1318340246	-0.0375703337	-0.0928325461	0.1171958362	0.1385068965	0.0229810829	-0.0507150066	0.1281205973	-0.0466815149	-0.1137385571	0.0854499204	0.0025176179	-0.1096179526	0.0551867046	-0.0569607591	-0.0902606554	0.0222386234	0.0797012752	-0.2419426541	0.0753034671	-0.0737552638	0.0291042461	-0.0286815032	0.0059117142	-0.0782251661	-0.0286843058	0.1021488134	-0.2779860187	0.0126644233	-0.0769479991	-0.1366624842	0.107911706	0.0579812036	-0.0307865865	0.0294270302	0.0707808568	-0.0736470588	0.0489033232	-0.1040413169	0.1407618049	-0.1226130798	-0.038032207	-0.0735753106	0.118105391	0.054663922	-0.0577294983	-0.062559854	0.0999733659	0.0445867248	-0.0476711096	0.1323894429	0.0970621018	0.016850859	-0.0717238087	-0.124700488	-0.1732553926517823	0.0131990456335273	0.0001742148056359	0.0300174310829232	-0.0277711252583543	0.0054096634356852	0.0007712353981152	2.9264458487390472e-05	0.0002364138773458	-0.0022196876079476	4.927013076876581e-06	5.5891521401674966e-08	-0.0003831034294667	-0.0002401703103961	5.768177799580704e-08	1.4676823766914678e-07	0.0028478962942179	-0.0007572584747017	5.734403975076964e-07	8.110513302620047e-06	-0.002034959709386	-5.570884002889997e-05	3.103474857365568e-09	4.141061018824353e-06	0.0
786.2561679355431	1.5463285414313075	618198.761616685	2.3911319580450754	1098.896348982293	-2.844342846555719	1207573.1858066134	8.09028622875269	746.2762706900686	-0.1510841162335054	0.0228264101780593	556928.2721950766	780.7754673278454	681.6232225342434	1.025496	32.977047	0.083945149899244	0.0366221948521573	0.1658272045	-0.0158283477	0.1047619044	0.1016404326	0.142742936	0.067632565	-0.1648794972	0.021141257	0.0611064494	0.1502952221	0.0539964204	0.0013255931	0.0710936786	-0.071627679	-0.0168827675	0.1054164335	-0.2132283951	-0.0208173473	0.1313044139	-0.1658669282	-0.0017013892	-0.1274324035	0.0831773271	-0.0447874157	0.0567160494	-0.0024233545	-0.0367962918	-0.0157940586	-0.0781727034	-0.116470746	-0.0068201947	-0.0339719792	-0.1404551436	-0.0747300668	-0.0619133153	-0.0096226115	-0.0545308692	0.0498118333	-0.134606286	-0.0191467732	0.0837328819	0.0890035537	0.033509024	0.0225576247	-0.0220953432	-0.1421942624	-0.0452687705	0.1176452598	-0.0993218836	0.0295000936	0.2026422149	0.0629498387	0.1697358726	0.0220245473	0.0315008558	0.0789218781	0.0065574761	0.1911415487	0.0896385007	0.1458556248	0.1707019648	-0.017488457	0.0273213405	-0.1035094604	0.0272726754	0.1742186489	0.043253876	-0.0796744373	0.0272533406	-0.1619519817	-0.0660801436	-0.0138318221	-0.1538376524	0.0158819115	0.0217258932	-0.0536791537	0.0290350475	-0.0999995146	0.0495573589	0.0497900451	0.108869548	0.1879712794	0.053103034	-0.0822397198	-0.0555782892	-0.0993368469	0.0542012531	0.0747011861	-0.0907528796	-0.0491951382	0.1477100857	0.0950449687	-0.1426207262	-0.2499623045	-0.0116023055	-0.1434005223	0.0446517054	0.1116153323	0.0131732893	0.0123687903	0.029174512	-0.0337879874	-0.0482481955	0.0504036624	-0.0862600175	0.0919257616	-0.1416592839	0.0735382397	-0.0838992694	0.0086880138	0.0358766978	-0.0357494567	0.0589351678	-0.0072989997	-0.0043641983	-0.1128028754	-0.0673912923	0.0948006283	0.0101290257	-0.0799246852	-0.1275100165	-0.1619204465493453	0.011334946102437	0.0001284810031451	0.0262182310107393	-0.0119674326924439	0.0158036925659104	0.0001432194452481	0.0002497566987178	0.0137544406347274	0.0135180267573816	0.0001827370474132	0.0001891846371742	-0.0005558549654353	-0.0001727515359686	2.9843093179510506e-08	3.0897474259907855e-07	0.0024040013884283	-0.0004438949057895	1.9704268738595769e-07	5.779222675565195e-06	-0.0017858364616739	0.000249123247712	6.20623925506243e-08	3.1892118678439547e-06	0.0
791.1433032631718	4.887135327628698	625907.726298163	23.88409171055646	1112.4584177859545	13.562068803661532	1237563.7313028292	183.92971023524933	747.9218493765596	1.6455786864910351	2.7079292134335606	559387.0927748531	782.2448322386441	702.170123602005	1.071609	34.459911	0.1125655376131617	0.0544818880524275	0.0997507957	0.0781361284	0.1473887176	0.0100191974	0.1371779338	0.0922927834	-0.0109085238	0.0787709095	0.1890931832	-0.0017165451	-0.1064965934	-0.0156644857	0.0242888798	-0.0782380051	0.118941026	0.019192063	-0.1163128084	-0.1847643794	0.0487980969	-0.0795057635	0.0388059165	-0.0017772996	-0.1161702191	-0.0321858927	-0.0212428226	-0.0602481947	-0.0905351176	0.1434507704	0.0094936304	-0.1446024959	0.0594433175	-0.0530155055	-0.0408013408	-0.1137822534	0.0824594091	-0.0930324414	-0.020105715	0.0966436009	0.3068440253	0.0801750301	-0.0074599533	-0.0898579631	-0.1062942709	0.1015591251	0.0182338454	0.0123442053	-0.0724180941	0.003612997	-0.0455928676	-0.0227756925	-0.1001064441	-0.0750726005	0.0617717068	-0.0230222327	-0.0088676289	0.015719887	0.1515615207	0.0906465267	0.0925300213	0.1263193036	0.073335001	-0.0092962996	0.1130311946	-0.1503579651	0.0028970843	-0.0105879603	0.0823761574	0.1010064701	-0.1178986189	-0.1203655789	-0.1123163603	0.1462249418	0.064602839	0.0882985587	-0.0089896361	-0.0122018095	0.0333923954	0.0215414655	0.1058043692	-0.0352834768	-0.068598259	-0.141133972	-0.033101219	0.0084495507	0.1615296194	0.0363435011	0.0635500601	0.0594666527	-0.0341173126	0.0754758682	0.0230148328	0.0726597154	0.0686384613	-0.1411141962	0.0108254361	-0.1331540044	0.0373486413	0.035391414	0.028598141	0.0658096416	-0.0050124118	-0.0431958717	-0.0322227315	-0.0230258473	0.0670102273	-0.0965060316	-0.0563595976	0.0079177337	-0.0368552106	0.0542557448	0.1601322793	0.0356124807	-0.0583124945	-0.0956894442	-0.1169566638	-0.2315021384	-0.0102952145	0.0924741833	0.0033794295	-0.0876327994	-0.1289225186	-0.1249229433397118	0.0369975032096334	0.0013688152437468	0.0156057417726568	-0.0256406773865762	-0.0136732446941323	0.0006574443368424	0.0001869576204656	-0.0012803929276685	-0.0150348335623959	0.0002260462202489	1.6394060492235125e-06	-0.0003750350186465	0.0001808199467888	3.2695853156704463e-08	1.406512652111806e-07	0.0018408012622783	-0.00056320012615	3.1719438209537613e-07	3.388549287205382e-06	-0.0015926574116727	0.0001931790500011	3.73181453593661e-08	2.536557630955984e-06	0.0
793.8767183044877	2.7334150413158795	630240.2438659029	7.471557788091891	1112.6557463050494	0.1973285190949809	1238002.8097856466	0.0389385444482182	747.6471744383148	-0.274674938244857	0.075446321699816	558976.2974455958	782.127456276584	724.0643241539877	1.029209	33.096424	0.0640604446860114	0.0378505575605563	0.0389476457	0.1395328967	0.0517199631	-0.0449941017	0.1001596822	0.0303457657	0.1613637079	0.1100134313	-0.0491248232	0.0110258477	-0.0084118549	0.097842881	0.0067217495	0.052781273	0.0810084099	0.041562362	-0.1292650828	-0.0791873525	-0.1111831686	0.0515581647	0.0682847473	0.0689357337	-0.0730879669	-0.0001036415	-0.091657757	0.0105841412	-0.1861902722	-0.0679190569	-0.0272387629	-0.2803795045	-0.0788633048	-0.019384129	0.0958980437	0.1235053007	-0.0189391074	0.0997557795	-0.0241173342	-0.1094515878	0.0059203047	-0.0485384378	0.044115213	0.0850390863	0.1118994282	-0.0222431516	0.0424725066	0.012509652	0.1368703322	-0.0253313288	-0.0345188024	0.155789532	-0.140587748	0.0537679959	0.0071424584	0.1243060244	-0.0660669674	0.0386605924	0.1002370427	-0.0716133971	0.0292819569	0.0665973488	0.0988370068	0.0022662543	-0.110354096	-0.0202117596	0.0588439999	-0.0368218412	-0.0485644544	0.082589196	0.1029270683	0.0916530005	-0.0808628884	-0.0298549281	0.0772197002	0.0545794613	0.0672754065	-0.0612422303	-0.0563493778	-0.2457363666	-0.0589505694	0.107575437	-0.0275977473	-0.0161198153	-0.050971105	-0.0890822158	-0.0057770967	-0.0640808266	-0.0279941032	0.0268422816	-0.0352543609	0.0654171247	-0.1877622084	-0.0106276856	0.0188735774	-0.058807999	0.0187240011	-0.1771571582	-0.0054295545	-0.1328134756	0.0228251266	-0.0021461921	0.0212142478	-0.0970202785	0.0203739235	0.0413829391	0.095252318	0.1070490772	0.0300746453	0.0074411768	-0.0047025354	0.0195479787	0.052270753	-0.1782113838	0.0523639593	-0.0767233792	-0.0274130199	-0.0853935792	0.1431532763	0.090084361	-0.0033794295	-0.0948006283	-0.1289225186	-0.0941078107772739	0.0308151325624378	0.0009495723948406	0.0088562800492911	-0.0256262005976708	1.447678890539872e-05	0.000656702157072	2.0957741701147544e-10	-0.0025568296269966	-0.0012764366993281	1.6292906473916147e-06	6.537377741487573e-06	-0.0002359339617359	0.0001391010569106	1.9349104033645982e-08	5.5664834300397134e-08	0.0016001591894092	-0.000240642072869	5.7908607234737225e-08	2.560509431450708e-06	-0.0013333125687456	0.0002593448429271	6.725974755288216e-08	1.7777224059749904e-06	0.0
797.9307310049983	4.054012700510612	636693.451482171	16.43501897590134	1113.9263431142429	1.270596809193421	1240831.89788387	1.614416251532503	749.4152926577093	1.7681182193945233	3.12624203775486	561623.28086924	782.5095030497951	748.3960666537035	1.073696	34.527023	0.1413403201869092	0.0629830712696775	-0.0430481728	0.135751986	-0.0413967897	-0.1007373708	0.0877790337	-0.0457205954	0.0855086451	-0.0082917492	-0.0559748299	0.0583136481	0.1333549347	-0.0770624244	-0.0148037876	0.1692635071	0.0218856799	-0.0498980082	-0.0638048102	-0.0861624399	0.0570480856	0.1727683671	-0.1575954347	0.0680109778	-0.0420637616	-0.0545632679	0.0484938421	0.0659636644	0.0747458754	-0.0878987239	-0.0043544966	0.0149201725	0.0982071843	-0.0135741305	0.0635859382	-0.0378613462	-0.2043446293	-0.0698233372	0.0917787587	0.0005900046	-0.006787993	-0.078438976	-0.0369581332	0.0783212899	0.0383194928	0.1086862643	-0.0934758512	0.1566371896	0.1370420143	-0.1210533808	-0.0249221269	-0.0178361368	-0.1571845332	-0.2281975215	-0.122011299	-0.0314612783	-0.158928621	0.0184164615	-0.0365133121	-0.0569264535	0.0307735539	-0.0068631228	0.0952551752	0.1583419797	-0.0430474414	-0.0071731282	-0.0935427231	0.0314817269	-0.0912093908	-0.1224894378	0.1016974827	-0.0063408156	-0.095811232	0.0086209939	-0.0506922822	0.149659526	0.0002274468	-0.0036632261	0.124079311	0.0354620779	0.050835774	0.0914059735	-0.0392920487	-0.1554079487	0.0670565232	-0.0498153956	0.0474677203	0.2001875559	-0.077695518	-0.1229232218	0.1595637767	0.0587843484	-0.0587738995	-0.032861031	0.0008091488	0.0434955601	-0.0368145593	-0.1310350349	-0.130574045	-0.0196242729	0.0523297103	-0.0558398212	0.1652318347	0.02151909	-0.0400295154	-0.0319855237	0.1684260377	-0.0150264775	0.0037649462	-0.0884133016	-0.14581149	-0.0419976209	0.0564390825	0.0382075608	-0.1273569136	0.0658454096	0.1132495117	0.0633994077	-0.1468161339	0.0876327994	-0.0101290257	-0.1013839798	-0.1275100165	-0.0652633406646998	0.0288444701125741	0.0008320034560751	0.0042593036347166	-0.0025648623178256	0.0230613382798452	6.5785187094017085e-06	0.0005318253232574	-0.0291056216757965	-0.0265487920487999	0.0007048383592504	0.0008471372131345	-0.0009248131440824	-0.0006888791823465	4.7455452787038245e-07	8.55279351467574e-07	0.0010326172510208	-0.0005675419383883	3.221038518296624e-07	1.066298387105754e-06	-0.0013320192945667	1.293274178899937e-06	1.6725581018093065e-12	1.7742754010979692e-06	0.0
799.9490512567019	2.018320251703585	639918.4846064975	4.073616638436824	1114.8980626140149	0.9717194997720072	1242997.690020484	0.9442387862371596	748.857211811326	-0.5580808463832909	0.3114542310998903	560787.1236818332	782.5273124146216	778.5857734162523	1.033865	33.246178	0.0823144995722476	0.0418139561465194	-0.0911106556	0.0084617669	0.0605230096	-0.1704345277	0.0181498054	0.0346685881	-0.1288427262	-0.110948255	0.0226697222	0.0300720358	-0.069594128	-0.0653729518	-0.0152703017	0.0586488013	0.0373231067	-0.0629816142	-0.1703571046	0.0851680931	0.1245093537	0.0313527638	0.0312457503	0.0250714834	-0.0220593396	0.1175856962	0.2116227998	0.0726497151	0.1307243907	0.1490391412	-0.0245024616	0.1636566912	-0.0891300386	0.0451013652	0.0317874735	0.0150249669	0.0945585934	-0.1470703914	0.1254767352	-0.0812926929	0.0627304855	-0.013784393	-0.0200490526	-0.0595203753	-0.010749052	-0.0115132507	-0.0462491275	0.0774039802	0.0733490389	0.0289597786	0.0795901454	0.0914479266	0.0199109497	-0.1039418198	-0.101649474	0.0589911037	-0.1389005652	-0.0368815287	-0.0496887782	0.1174145742	-0.1026742963	0.0753942468	0.0929411533	-0.004746213	0.0217313325	-0.0392560261	-0.0881339684	-0.0224731346	0.1631028142	-0.0058563365	0.1245658989	0.0337264398	0.0115331062	-0.0444398332	0.0458070085	0.054531495	-0.0173751367	-0.0809444902	-0.117338442	0.1274097018	0.0837297578	-0.1971176378	0.0485505405	-0.099855718	0.1650750944	-0.0503356695	0.0020550102	-0.0003671104	0.0298470281	-0.0302489084	-0.1693204404	0.0869365605	0.04695603	-0.05500192	-0.0288168023	0.0740899958	-0.0648220893	-0.0755101289	-0.0391561498	0.1031313497	-0.1316497331	0.006894107	0.1688505184	-0.0645344683	0.0862651202	-0.0562633369	0.1113656399	0.0720021692	0.1806860055	-0.0117974048	-0.1392083186	0.0094219819	-0.1724609024	0.02396356	-0.0816890319	0.0210872748	-0.0794457204	-0.0986861702	-0.0828021118	0.0851211787	-0.016850859	-0.1073422654	-0.124700488	-0.04876548493651	0.0164978557281898	0.0002721792436281	0.0023780725210929	-0.0254441833513823	-0.0228793210335567	0.0006474064664187	0.0005234633309565	-0.0015759399151704	0.0275296817606261	0.0007578833778413	2.4835866162272877e-06	-0.0010384154416684	-0.0001136022975859	1.2905482016818096e-08	1.0783066294953782e-06	0.0010031063605402	-2.9510890480600014e-05	8.708926569579687e-10	1.0062223705562055e-06	-0.0011669796616358	0.0001650396329309	2.7238080437966225e-08	1.3618415306716064e-06	0.0
800.3675963419602	0.4185450852583017	640588.2892742069	0.175179988393879	1117.6599426269531	2.7618800129382635	1249163.7473528842	7.627981205867862	749.5162676083796	0.6590557970536111	0.4343545436299705	561774.6354095961	782.3165058853265	776.3578704483574	0.998388	32.105331	0.0334388445339296	0.0165115041553318	-0.1011189911	0.0489567809	0.1567710437	-0.1102230873	-0.0055241996	0.1661281031	-0.0814319289	0.0131460457	0.1156529835	-0.0618822322	-0.069279468	-0.0857953547	-0.0461914343	0.0495562648	0.1781939411	0.0411131943	-0.1544374262	-0.0417227201	0.0934290788	0.0792753673	-0.0984475718	-0.2323520436	-0.0200700666	-0.0219637514	-0.0213707148	0.1735483886	0.1361394009	0.0887917865	0.0298427523	-0.0674720662	0.0846195175	-0.0357797824	-0.048361808	-0.0108036521	0.0908453794	0.1066245579	-0.0670683497	-0.1386805166	-0.0112371423	0.0368568891	0.1310590837	-0.1651183195	-0.0709922665	-0.1801323331	-0.0638790272	0.0575007697	0.0703878778	-0.0108869288	0.0267592802	-0.0479973213	0.0337581205	0.1101630371	0.0223111326	0.0455218574	-0.1527825699	-0.0576590372	0.1052612209	0.1090152121	-0.0814369846	0.1537276565	0.0281697959	0.0358877702	-0.0081533071	-0.0913102443	-0.1462929817	-0.037544803	0.0694855788	-0.0496814159	-0.0286346827	-0.0856932084	0.03262109	-0.0872639218	-0.1502924967	-0.1661993828	-0.0873745819	0.0304271184	-0.0641776794	0.0180348044	0.0307314163	0.1892286124	0.0082719907	0.0225025548	-0.1657482275	0.2259009111	-0.1290046173	0.0341035463	0.0375631527	-0.0437366634	-0.0388260152	0.0931451142	0.0794485231	0.0307920696	0.0963315093	0.0816281508	-0.0491691242	-0.1524503816	0.0272506873	0.0516385846	-0.0666958795	0.0928585213	0.1281995648	-0.1080492348	0.1269710118	-0.212740356	0.1061122707	-0.0046471334	0.1042104644	-0.0355832617	-0.092459227	-0.0666934183	-0.0852132764	0.1136558115	-0.0542970075	0.0770287778	0.0338031658	0.014342902	0.1166293021	0.0825512202	-0.0235265052	-0.1126387502	-0.1205247148	-0.0481821076158865	0.0005833773206234	3.403290982178493e-07	0.0023215154943088	-0.0151732337966592	0.0102709495547231	0.000230227023848	0.0001054924047556	0.0007551231035876	0.002331063018758	5.433854797421159e-06	5.702109015717693e-07	-0.0009489701117546	8.944532991380001e-05	8.000467043388527e-09	9.005442730035379e-07	0.0008181160521905	-0.0001849903083497	3.4221414183317106e-08	6.693138748517689e-07	-0.0012976131161688	-0.000130633454533	1.7065099443225378e-08	1.6837997992533038e-06	0.0
804.8048471215756	4.437250779615397	647710.8419503826	19.689194481197447	1115.792234933921	-1.8677076930321164	1244992.3115388344	3.4883320266113502	750.2680776304089	0.7518100220293036	0.565218309223702	562902.1883112293	783.3686941878611	804.6166903430087	1.112327	35.769264	0.1193814650109459	0.0678902699543557	-0.1665807356	0.1221643286	0.040277801	-0.1993445142	0.0083853738	0.0341252422	0.0590932919	0.0856107826	-0.045714756	-0.0721119024	-0.0684719837	-0.0542996843	-0.0543565282	0.1419934629	0.076196625	-0.0589754725	-0.0636121021	-0.1016592899	-0.0729868881	-0.0601340938	-0.0710013289	-0.0664430641	-0.0987818843	0.0444979947	0.0746193838	0.0627233207	-0.0176677267	0.1479431102	0.0762968434	-0.0232683059	-0.1895572563	-0.2126003688	-0.1997954359	0.1167561629	-0.0048723257	0.0686854145	0.0314364421	0.121879638	-0.0962905157	-0.1164382659	-0.018036858	0.0450075885	-0.1415076642	0.0802404789	-0.058192297	-0.1268020498	-0.0446155251	-0.135522949	0.0501455991	-0.0956788172	-0.1502539845	0.0515022682	-0.0267882372	0.0605552376	-0.1953294368	-0.0441295228	0.063121348	-0.1362803529	-0.0216401699	0.1224251669	-0.0098659383	-0.0731092569	-0.0789265498	-0.127336386	-0.0906725499	-0.0987554895	-0.0565384593	0.060167022	0.022364164	-0.1253866032	-0.025763044	-0.0156299528	-0.0153315972	-0.1182852768	-0.0881449375	-0.1435319019	-0.0689222521	-0.0881315645	0.0457088556	-0.0338741174	-0.0070109911	0.0610414227	0.1707592877	0.0267354647	0.1692645716	-0.1730071544	-0.1000125671	-0.0066857085	0.2295364236	0.0259983838	-0.0445251651	-0.0862681733	0.1380068231	0.1118762358	-0.104154467	-0.1059925809	-0.0645752644	-0.0641234744	-0.0419833381	0.1589109219	-0.1082329611	-0.2028719298	0.1830328019	-0.0380116559	0.0296712525	0.0271141599	-0.0555751559	0.0134606285	-0.146169232	-0.0251580455	0.0477819513	-0.0550212134	-0.0267540436	0.1675532966	-0.0689354136	-0.0230908891	0.1626069923	0.0799246852	-0.0301376669	-0.1172407796	-0.1150284477	-0.0651701807308171	-0.0169880731149305	0.0002885946281582	0.0042471524564873	-0.0148471666163061	0.000326067180353	0.0002204383565323	1.0631980610342095e-07	-0.0519552326463497	-0.0527103557499373	0.0027783816032849	0.0026993461993363	-0.0008310074403476	0.0001179626714069	1.3915191845475851e-08	6.9057336591307e-07	0.0010038247846362	0.0001857087324456	3.4487733306588567e-08	1.007664198249913e-06	-0.0019810810916306	-0.0006834679754617	4.671284734818513e-07	3.924682291616289e-06	0.0
804.2255342237858	-0.579312897789805	646778.7098975336	0.335603433545621	1114.4917556065593	-1.3004793273616997	1242091.873314991	1.6912464808951388	748.8936026278042	-1.374475002604754	1.8891815327853387	560841.6280568514	782.5125154032671	821.3176416942621	1.139677	36.648788	0.0180415293930372	0.0145076298641713	-0.1999252159	0.0353844065	-0.0949951266	-0.1268506515	-0.1263008546	-0.0718811731	-0.0376558114	0.0679174934	-0.064957711	-0.002152756	-0.0106215783	-0.1656384555	-0.0165560343	0.1491784317	-0.0107540722	0.0476014897	-0.0708391696	-0.011825246	0.0149426091	0.1179977183	-0.0724227331	-0.0149745079	-0.0889891251	-0.2111968596	-0.0081313152	0.0826646261	0.0209047676	-0.0093904687	-0.0462488581	-0.0205471093	-0.2633830709	-0.083835802	0.0955993346	0.0548086972	-0.0744061869	0.1584829481	-0.1735190176	0.1320830273	0.1245903013	0.0950683616	-0.1091644981	-0.09855216	0.2186043333	0.0368132129	0.0329542135	-0.1189614285	-0.0936398012	0.0912707314	0.1305109431	0.0090784539	0.0463216191	-0.0320903857	-0.1660032973	0.0678755022	-0.1613414271	-0.0405691549	-0.0626377326	-0.0287642576	-0.0663569649	0.1705607901	0.0700826745	0.1364245358	-0.1303791975	0.1818041221	0.036952961	-0.1104491842	-0.0095202851	-0.0971719262	0.0224430086	-0.1180675932	-0.0106937157	0.1409572834	0.0193020074	-0.0317638632	0.0180048839	-0.0717949416	0.013057647	-0.1726644169	-0.34561923	0.0086777312	-0.231162172	0.0158544224	-0.0392142947	0.0112951623	0.0846806128	-0.0764512724	0.1185953648	0.0557617627	-0.0047602439	-0.0538017321	0.0907515423	0.0273367165	0.0434470942	0.1055233351	-0.1304658043	-0.1560037336	-0.1097927531	-0.0382639608	0.2013373079	-0.1209431864	0.052015423	-0.0556467792	-0.0023405532	-0.1855527172	0.0822997638	0.1288979608	-0.065397664	-0.0773750685	-0.0819022304	0.0718323092	-0.0009201109	0.1436217896	-0.0476276365	0.1172182907	-0.0907235487	0.0766624248	0.0842533669	0.0772433738	-0.0366662233	-0.1211199807	-0.1082719048	-0.0652239429391841	-5.376220836700307e-05	2.890375048497055e-09	0.0042541627325339	-0.0150592787938563	-0.0002121121775502	0.000226781877791	4.499157586508784e-08	-0.0518351431214796	0.0001200895248701	1.442149398352698e-08	0.0026868820624242	-0.0005590474468592	0.0002719599934883	7.396223805821054e-08	3.125340478397901e-07	0.0010030324967971	-7.922878390998877e-07	6.277200199855695e-13	1.0060741896310246e-06	-0.0019007220633131	8.035902831749972e-05	6.457573432132722e-09	3.612744361965209e-06	0.0
804.7417347810217	0.5162005572359476	647609.2596983683	0.2664630152907028	1120.8817817184529	6.390026111893576	1256375.968588333	40.83243371068173	752.0916509659895	3.1980483381853446	10.227513173370044	565641.8514527478	786.0224275065086	818.8907035576775	1.255441	40.371407	0.199480847048566	0.0957540172015763	-0.1837603047	-0.0514477412	0.0516311224	-0.1001295244	-0.1554359886	-0.0604259583	-0.05443219	0.0570322091	0.1002096697	-0.2121991717	0.063500207	0.0524335122	-0.1088505829	0.0339498986	0.0387080967	0.0231526611	-0.0661276507	-0.003150003	-0.2952366034	0.2692797766	-0.0525558622	-0.1157212004	0.0835338725	-0.06171597	0.0636405574	0.1335360609	-0.1963671981	-0.116312821	0.0372860224	0.1626810092	0.1611455013	0.0842580133	0.0793991339	0.0199494806	0.1596012266	0.0136539036	0.1408953022	0.0064249498	-0.1193540204	0.1313339662	-0.0526577502	-0.1263220451	0.1133244287	-0.0851372805	0.0440819633	-0.016421278	-0.0519554113	0.034350425	-0.2238167066	-0.0230375936	0.0639753629	0.0450962009	-0.0686190807	-0.1153415993	-0.0880546469	-0.1268096086	-0.0393543183	-0.0258784955	-0.0891339031	0.200638953	0.0031772726	-0.1223634522	-0.0474690622	0.1194922774	0.0053875342	-0.3265684678	-0.0667866883	-0.0973413496	-0.1743118641	0.1112836248	-0.0108423884	-0.054770581	0.1421199441	0.0994906162	0.055237521	0.173557078	0.0775171091	0.1253682285	0.0423460187	0.0254806081	0.1543805787	-0.0105899544	-0.134236128	0.0552838656	-0.1088866	0.0366924865	-0.0789114834	0.1566797352	0.1666696091	-0.0372304296	-0.0784366232	-0.0645867357	-0.2474466555	0.1097166149	-0.1571293914	0.0852188518	-0.0146810941	0.0051292608	-0.1812759137	0.0507464305	-0.0290770912	-0.2642782532	-0.0388603949	0.4230980532	-0.0212934299	0.1205024117	0.0883347416	0.0784952453	-0.0414410763	-0.0012865664	-0.1750650141	-0.0095998613	-0.2732323198	-0.1084561221	-0.125910925	0.0457117373	0.1285208241	0.0745091236	-0.0430942802	-0.1242524367	-0.1003291122	-0.0279557881749781	0.037268154764206	0.0013889153595288	0.0007815260924842	0.0175040613187889	0.0325633401126452	0.0003063921626519	0.0010603711192918	-0.1067904365549594	-0.0549552934334798	0.0030200842763598	0.0114041973395988	0.0001680688060973	0.0007271162529565	5.286980453135009e-07	2.8247123582971823e-08	0.0010019053444036	-1.1271523935000183e-06	1.2704725181728202e-12	1.0038143191444964e-06	-0.0011350842938984	0.0007656377694147	5.862011939543176e-07	1.288416354254829e-06	0.0
805.657144310705	0.915409529683302	649083.4341788802	0.8379746070350043	1122.1619815729596	1.2801998545066908	1259247.5128877512	1.6389116674789523	752.954066226623	0.8624152606334974	0.7437600817735432	566939.8258472058	788.9762313420243	821.453060050598	1.174351	37.763794	0.2777715607226483	0.1471298371632122	-0.1802669212	-0.1177939197	0.0255880738	-0.0962275095	-0.1842102912	0.0317587501	-0.0132393506	-0.0331620171	0.0289384032	-0.0061501435	-0.0489437294	0.1599145176	-0.1503522621	-0.0798997031	-0.0202320984	0.0296916893	0.2324650853	-0.0018726754	-0.1804785568	0.0160442348	-0.0241904247	-0.182392984	-0.0638789801	0.0843269977	0.0811647375	-0.097407078	-0.0734022921	0.0507758231	-0.1601353136	0.0046476579	0.0297370583	0.2062556175	-0.0038251095	0.0771045284	-0.1574725907	0.0734537152	0.1167594615	0.0297084238	0.0172444613	-0.0590984811	0.0719778921	-0.1053517797	-0.1780923153	0.1697863912	-0.0688246611	0.032377804	0.0655475006	-0.0996951793	0.1117720961	0.0629865938	0.0389277388	-0.0512403039	0.0676051586	0.1591164939	0.0550863474	-0.1638711244	0.0038199989	-0.0288989168	0.0714381248	-0.0713213938	-0.1136351072	-0.1076803137	0.076532399	0.1200997837	0.0012185316	-0.1947394856	0.0167022097	0.0355012298	0.0664853137	0.0558379383	-0.1437069316	-0.1102424531	-0.0643418734	-0.1199344647	0.0331555026	-0.0424139221	0.113978808	-0.0631078339	0.2594514479	-0.1059046174	-0.1555945336	0.0891412403	-0.0531859352	-0.1601710653	-0.0187799605	0.129978559	0.0351378949	-0.2089325132	-0.0528597772	0.1209744091	0.2375942042	-0.1053376222	-0.0862584087	0.1565495301	-0.1448981321	0.390966539	0.0512759818	-0.0299601614	-0.2570005609	0.0808645209	-0.1143719553	-0.0743832853	0.0799391022	0.4468007696	0.0535956115	0.0744539585	-0.1393667987	0.0107867252	-0.0919209931	0.0433046173	0.1844928021	0.0689688751	0.1774681758	0.0867595392	0.0323721232	0.0312914807	-0.2039552239	0.0717238087	-0.0494042187	-0.1266188352	-0.0912870929	0.0064577461364478	0.0344135343114259	0.0011842913438036	4.17024851628065e-05	0.0150267873929266	-0.0024772739258622	0.0002258043393522	6.136886103757206e-06	-0.1904468361467195	-0.0836563995917601	0.0069983931926562	0.0362699973982954	0.0020329075134952	0.0018648387073979	3.4776234046094704e-06	4.132712958425237e-06	0.0004371203241702	-0.0005647850202334	3.18982119080042e-07	1.9107417780266077e-07	-0.0018499476241391	-0.0007148633302407	5.110295809228242e-07	3.422306212057901e-06	0.0
799.9695162448056	-5.687628065899389	639951.2269209484	32.34911301600643	1121.324146251388	-0.8378353215716743	1257367.840966404	0.7019680260731108	753.0750584485438	0.120992221920801	0.0146391177653323	567122.0436572777	791.0975829819155	796.8794555982618	1.243582	39.990067	0.115747114705839	0.0646882047290765	-0.073040456	-0.1540470697	-0.114305574	0.0224746945	-0.1588008048	0.037220257	0.1591751908	-0.077267979	0.0056546346	0.1600862406	-0.0485503492	-0.1109198633	-0.1215349575	-0.1267246458	-0.1231472065	0.005613415	0.1650592885	0.0525024012	0.1188731639	0.0418467283	0.0315720434	-0.0442197478	-0.2019260292	0.0502300822	0.0291537428	0.0310117296	-0.0096789196	-0.082986868	-0.0429633576	0.059546545	0.0506166906	-0.0543568718	0.0848685955	-0.0790365753	0.154589553	-0.0826059917	-0.112689867	-0.0219365133	-0.037629039	0.1113397298	-0.0022402902	-0.0520997838	-0.091437928	-0.0313101701	0.0680037778	0.0958169323	-0.0472508992	-0.1049527314	0.0073723134	-0.0795806244	0.0137141332	0.0591922969	-0.0656994375	0.074889311	0.1678229421	-0.1639502238	-0.0365656794	-0.0915189932	0.0702645356	-0.13560181	-0.1413394106	0.116691485	0.0502380583	-0.0311169394	-0.0589470881	-0.08399771	0.0812764438	-0.0230848521	0.0473809565	-0.1406307208	0.0889635238	0.1025673792	-0.1124979573	-0.1353274033	0.0662691526	0.0774789582	0.0444682871	0.1130340474	-0.0070123791	0.0677013202	0.0279960987	-0.1195733279	0.0592751203	0.0482344453	-0.100604623	0.0161606537	0.0303045732	-0.0302374907	-0.1325582588	0.0580246559	-0.0205475458	0.0669382935	0.0275851942	0.0964499164	-0.0058398993	0.2844177619	0.0886032245	-0.1326817401	0.024070873	-0.0474483807	-0.0316985232	0.1091335388	-0.0062343838	-0.3241026487	0.1192138661	-0.0364763718	0.0533192096	-0.2070892785	0.0462526312	0.0419067314	0.0668788742	0.1468431777	0.0503427875	-0.0773782374	-0.0524389897	-0.1237017062	-0.07465349	0.0688893378	-0.0555787436	-0.1282045865	-0.0812449131	0.0151681422283616	0.0087103960919137	7.587100007802716e-05	0.0002300725386598	0.0036164973365941	-0.0114102900563325	1.307905298559222e-05	0.0001301947191696	-0.1447797200408018	0.0456671161059177	0.0020854854934313	0.0209611673350929	0.001345003954408	-0.0006879035590872	4.732113066048369e-07	1.8090356373731567e-06	0.0005968586419091	0.0001597383177389	2.5516330154053777e-08	3.562402384215753e-07	-0.0016984032519317	0.0001515443722074	2.296569674773501e-08	2.884573606172173e-06	0.0
792.9903892504736	-6.979126994331978	628833.7574436177	48.708213603013306	1117.6679668136055	-3.656179437782384	1249181.6840412589	13.367648081262711	750.8449407922582	-2.230117656285642	4.973424760876967	563768.1251133297	789.071476713575	745.4019822656237	1.188179	38.208462	0.0683908584148839	0.0469500217121992	0.0630604377	-0.1371373118	-0.1853156294	0.1201955146	-0.0759996351	-0.1305688788	0.1215485439	-0.0897085612	0.0938338373	0.1756666436	-0.1332364672	0.0637143711	0.0067196192	-0.0560575687	-0.1487155677	-0.0102523116	0.1962417301	0.0759797669	0.0370779825	0.055088736	-0.2151305865	0.0777428859	-0.2188095196	-0.0218257319	-0.0018022908	-0.0783110288	-0.0037798164	0.0022962179	0.0231836135	-0.0428616248	0.0319999383	0.0288490402	-0.0493796328	0.0879669113	0.0033348022	0.0059045365	-0.0460984934	-0.1062715735	-0.0187958484	-0.0224400274	0.0059092321	-0.1469188569	-0.0899153446	-0.0371894323	0.038089063	-0.0896500306	-0.0612974484	0.0601069348	-0.1035023198	-0.1578605219	-0.0175741485	-0.144685875	0.1152233289	-0.0856594647	0.1612513461	-0.0302436301	-0.1773388768	-0.0481216033	0.0340257241	-0.1449533096	-0.0944797505	0.1243477255	0.1408744673	-0.0691629236	0.0038067813	-0.207489254	-0.0055747814	0.0013795903	0.0611363173	-0.1175835879	0.0472099111	0.0413334071	0.0601232961	0.014526506	-0.0427033376	-0.109998861	-0.0480605949	-0.0590650258	0.1387196416	-0.0178265124	-0.0055985711	-0.0352283178	-0.1148429888	0.0474815035	-0.1350269089	-0.0374923307	-0.1226055489	0.1617241701	0.1508337273	0.0147751185	-0.0798907378	0.0314972201	0.1232941355	0.0466015316	0.0895543614	0.3219498734	-0.0077240824	0.0035250397	-0.0140326592	-0.0771266756	-0.0426378571	0.1269387652	-0.0108499757	-0.0428796891	0.1605269804	0.0670135674	-0.0954962953	-0.1703755497	-0.044342668	-0.0939325608	-0.0430294103	-0.0505461683	-0.0325456052	0.0143999823	0.0996221267	0.1638887063	0.1684761122	0.0660076536	-0.0616009311	-0.1289999139	-0.0703125971	-0.001583472015028	-0.0167516142433895	0.0002806165797593	2.5073836223768344e-06	0.0036350621947036	1.856485810950012e-05	1.3213677159363354e-05	3.446539566258723e-10	-0.101141889034622	0.0436378310061798	0.0019042602949239	0.0102296817174917	0.001330964748818	-1.4039205589999864e-05	1.9709929359828342e-10	1.771467162596162e-06	0.0005969673321364	1.0869022729997729e-07	1.1813565510520726e-14	3.563699956380509e-07	-0.0015528941816049	0.0001455090703267	2.1172889547369626e-08	2.411480339262352e-06	0.0
789.4898611446514	-3.500528105822241	623294.240850201	12.253697019651446	1103.8628130297975	-13.80515378380801	1218513.1099900578	190.5822709945886	749.9859660093638	-0.8589747828943928	0.7378376776484692	562478.9492109986	786.7752536025736	708.3208890615774	1.088454	35.001579	0.0871897491792061	0.0450573382847851	0.1624832286	-0.1823802762	-0.0619784554	0.1964981093	0.0031186753	-0.0691022241	0.0124700027	-0.1155646493	0.051908505	0.0091648176	-0.0910254547	0.0987640936	0.1026688346	-0.1196654542	-0.0080429626	-0.0088694301	0.2272749198	0.1083176727	0.0161481531	-0.0476083231	-0.1497643426	-0.0120938801	0.066028461	0.1090373691	0.0334536666	-0.1580728242	0.1394607297	-0.1043971185	0.063910247	-0.0442207873	0.0945378807	0.0920476316	-0.0895873218	-0.0135446809	-0.135197803	0.0878749672	-0.1528912471	0.1323947933	0.0869912702	0.0997258459	0.0467260612	0.0035367951	0.1313791944	-0.1178751139	-0.0839504818	0.018795037	0.1026886139	-0.1032043056	0.0953712366	0.0714183723	-0.1874381224	0.001310205	0.0257349359	-0.1999911768	0.1770660103	0.0535797512	-0.0312301053	0.0898963912	-0.0289700679	-0.1455296112	-0.1112187046	0.0660395816	0.1288905863	0.1065552086	0.0079684428	0.0047872869	0.0301888774	-0.0716372028	-0.0310468447	0.0603353473	0.0215098635	-0.151431043	0.0612895716	-0.0093170671	-0.0732873095	-0.1060265314	0.0607625882	-0.0802907308	0.1147733258	0.08960935	-0.0297035304	0.013852092	-0.1266703551	0.0781613231	0.1721767137	0.0747658904	0.1163998507	-0.0564323754	0.1053585531	-0.049060363	0.0692861729	0.1370047185	0.2263867611	-0.0139637987	0.1380649126	0.2601787448	0.1315596728	0.1220721942	0.0193759204	0.0014766606	0.0323709014	0.1305093977	-0.0452378585	-0.0967227248	0.1120766397	0.1045982173	0.0696420427	-0.0914851518	0.1311624859	-0.0544192798	-0.0807459636	-0.063237323	0.0055681371	0.0490678089	-0.0617206436	-0.0506874894	-0.075138702	0.063080731	-0.0674542747	-0.1289999139	-0.0586099215	-0.0029470814235281	-0.0013636094085001	1.8594306189499928e-06	8.685288916904412e-06	0.0037523867021889	0.0001173245074852	1.4080405962764087e-05	1.3765040056668144e-08	-0.0631912138836412	0.0379506751509808	0.0014402537444152	0.003993129512088	0.001798245907237	0.0004672811584189	2.1835168101340245e-07	3.233688342894621e-06	0.0002829477164005	-0.0003140196157359	9.86083190669223e-08	8.005941021625776e-08	-0.0017267562096948	-0.0001738620280899	3.0228004811533207e-08	2.981687007719552e-06	0.0
788.9193984058824	-0.570462738769038	622393.8171810993	0.3254277363238717	1112.176738603466	8.313925573668485	1236937.0978906422	69.12135844449884	749.6781247330471	-0.307841276316708	0.0947662514042997	562017.2907032581	786.5396120413013	683.5113215197601	1.035381	33.294918	0.1117495989719281	0.0526379022395439	0.1952658851	-0.0737150102	0.0641169264	0.1636951649	0.0368930212	0.0928103395	-0.0108936676	-0.1506108745	-0.0512028771	0.0463288132	0.035727594	0.125365902	0.0939775224	-0.072554846	0.043900084	0.0551664025	0.1616824824	0.0866555531	-0.0064386153	-0.0925642944	-0.0597489558	-0.0502013112	0.1392333509	-0.0304799121	-0.2147211218	0.0029748679	0.0277003898	-0.0312309942	-0.0952132576	-0.1271653828	-0.0411010024	-0.0748424318	0.0285355974	-0.0703577654	0.0550408808	0.073940275	0.2192904275	0.0097740023	0.0101653593	-0.0867516199	-0.0612771649	-0.0135228968	-0.0826122059	0.1103213406	-0.0830565565	-0.1203538443	0.0168825306	-0.1246847719	-0.0836595042	-0.0238250442	0.1073296239	-0.1108235892	0.0972081117	-0.0138156218	0.1402532343	0.0596457039	0.0638856636	0.0693788082	0.044224146	-0.0776100661	-0.1328617185	-0.0991464737	-0.0010346256	0.019048248	-0.0548484707	0.0998852799	-0.1347968808	-0.0721419024	-0.0601601375	-0.081900796	0.1164993118	-0.122056267	-0.0661146529	-0.0909482752	0.1548883319	-0.0789676232	0.001391359	-0.0688372865	-0.0052290843	0.1975426978	-0.052583204	0.0452860538	0.0973427227	-0.0517608198	0.087338674	0.027097184	0.061226306	0.0973357549	0.0445131089	0.0763973884	-0.0400910343	-0.1161353183	-0.1528616874	-0.0463040745	0.1825847157	0.1923130882	0.1495980802	0.0820298098	0.0134119414	0.0396699362	-0.0101327325	-0.0309733705	-0.0838956584	-0.0665690251	0.0481032942	-0.0247781326	-0.0925318209	0.0321804789	0.0576136987	-0.0989120544	0.0433222367	-0.1156485873	0.051664314	-0.0055953013	-0.0022082349	0.125035898	0.172085354	0.0601105761	-0.0731227308	-0.1282045865	-0.0462651033	-0.024426309466861	-0.0214792280433329	0.0004613572373374	0.0005966445941708	0.0172958139462195	0.0135434272440305	0.0002991451800622	0.0001834244215143	-0.0290395762280866	0.0341516376555545	0.0011663343545562	0.0008432969875068	0.0014550745542787	-0.0003431713529582	1.1776657749123009e-07	2.117241958509357e-06	0.0005961025919869	0.0003131548755864	9.806597610353366e-08	3.5533830017350054e-07	-0.0019219361017303	-0.0001951798920354	3.80951902549894e-08	3.6938383791342616e-06	0.0
789.40019849652	0.4808000906376719	623152.6733863453	0.2311687271571935	1108.9302357320253	-3.2465028714407254	1229726.267720685	10.539780894272877	750.5446472572443	0.8665225241971939	0.7508612849410765	563317.2675265012	785.9389371680277	680.6439204076636	1.014271	32.616074	0.0920591581667385	0.0534611911586218	0.2010933093	0.0283118989	0.0232729335	0.1325518189	0.099330658	-0.0111167469	0.0107512111	0.0085631817	-0.0364351073	-0.0426376774	-0.1002688182	0.0848204747	0.0864741216	-0.0919813273	0.0390937465	-0.0983027512	0.1781058121	-0.0526376823	-0.0376337129	-0.3081659218	0.0241714539	-0.0197847072	0.0365813015	-0.0151341967	-0.0971625724	-0.1187144901	0.0214260901	0.0205840456	0.0548392141	-0.2180750042	-0.1343156238	0.083163597	0.1351615762	0.0196931146	-0.0164693693	-0.1504676962	-0.0299791908	-0.167272756	-0.0934133746	0.0184571835	-0.0921990391	0.0224910558	0.0138598027	0.0101089743	-0.0340668347	0.0370712187	-0.117617199	0.0631358612	-0.0897716749	0.0633201281	-0.0177845353	0.1754049025	-0.0966910412	-0.118474653	0.1172395488	0.1262566897	0.0777357246	-0.0316064425	0.0475036391	-0.1184833703	-0.0721010937	-0.1839202473	0.1905642858	-0.078120894	0.0226609137	0.1411066686	-0.0126061568	0.0513878607	-0.0648410164	-0.0337261426	-0.0334995308	-0.001313882	0.0561187997	-0.031649361	0.0478124806	-0.0008014721	-0.0104736636	-0.0729275217	-0.1437964361	0.0046277016	-0.0482362942	-0.0441312761	-0.0665680891	-0.0753733806	-0.0271594052	-0.1983523803	0.0744366942	-0.174084694	0.0732881381	-0.1416328707	-0.1850608094	-0.0850085499	-0.0389024162	-0.0457836581	0.2422162985	0.0740312711	0.0653697518	0.0260585376	0.04828714	0.1019393288	-0.0500579192	-0.0685933384	-0.1164390146	-0.0902045225	-0.0299250222	-0.1448293003	0.071698655	-0.0359163927	-0.0220701001	-0.0992581612	-0.0592520679	-0.0910843414	0.089803311	0.0973367698	0.0031339746	0.0283909886	-0.0049430769	0.0570992244	-0.0785907625	-0.1266188352	-0.033413395	-0.0244175768229268	8.732643934201978e-06	7.625907008155459e-11	0.0005962180579035	0.0035302427668	-0.0137655711794194	1.246261399254372e-05	0.0001894909498956	0.0127770888858833	0.0418166651139699	0.0017486334812539	0.0001632540003977	0.000985412153151	-0.0004696624011276	2.205827710330365e-07	9.7103711157769e-07	0.0004561117116093	-0.0001399908803775	1.9597446588895504e-08	2.0803789346716525e-07	-0.0018022255986473	0.0001197105030829	1.4330604548384912e-08	3.248017108419619e-06	0.0
790.4981282097325	1.0979297132124657	624887.2907030907	1.205449655154807	1113.9189553817516	4.988719649726363	1240815.4391587728	24.88732374356593	750.2632709854561	-0.28137627178819	0.0791726063254213	562894.9757897959	785.4175250763444	689.0161607698508	0.98067	31.535572	0.0826192951257527	0.0366571441911522	0.1747902664	0.0928716504	0.0137695194	0.0992802907	0.1281273436	0.0334652276	-0.0177937933	0.1241443445	-0.144830617	-0.0479260778	-0.1129632988	0.0494231275	0.0839652335	-0.0582994091	0.0304388791	-0.098448813	0.052916354	-0.0250951743	0.0108383999	-0.0453330205	0.2269992097	-0.1485772478	0.0456092544	0.0035643894	-0.0035845789	-0.0253178458	-0.0103936716	0.0583276828	0.1312894581	-0.0092590511	0.0934313171	0.0365026298	-0.1812115938	-0.0427960071	0.0107114336	0.0104844908	0.0707922563	-0.023509823	-0.0115368186	-0.0954076338	-0.0730250224	0.1690295708	0.1185082254	-0.1222350292	-0.1233668666	-0.1469421135	-0.1018132429	0.0442815322	-0.0049488852	-0.1097179564	0.0156910629	0.0669125517	-0.0844953802	0.1030308939	0.0520858028	0.1355888514	0.0900372434	-0.0965675284	-0.045646747	-0.0903089737	0.0585960585	-0.1487083406	0.0103918483	-0.043808367	0.0550822553	0.0266579743	0.1131762181	-0.0124542714	-0.0070340793	0.081921471	-0.0477987371	0.0249958436	-0.0056501318	-0.174342604	-0.0661544404	0.058212024	-0.0837993289	0.0117340216	-0.1192878191	0.0226527545	0.2425201366	-0.0165180653	-0.1374648836	-0.0169865496	0.203157749	0.0015819292	-0.046931939	0.0584319737	-0.0206383465	0.067480857	0.0974990768	-0.1286617653	-0.0535537412	-0.006112392	0.2336012013	0.0061923021	0.0802948006	-0.0324584184	0.1579936042	0.0669079816	-0.1453733582	-0.0684292044	0.0103315451	0.0205044762	0.0425376841	-0.0164989075	0.021679767	0.0815333762	0.0254884037	0.0405203528	-0.0715926497	-0.0909309366	0.0101672779	0.1362459393	-0.0948366711	-0.0051374191	0.0535489246	0.0540487397	-0.0838433825	-0.1242524367	-0.0201956026	-0.0083995525594389	0.0160180242634878	0.0002565771013056	7.055248319877659e-05	0.0182970365761292	0.0147667938093292	0.0003347815474682	0.0002180581994072	0.0051686809888877	-0.0076084078969955	5.788787072706501e-05	2.6715263164889133e-05	0.0013886758901642	0.0004032637370131	1.6262164158985125e-07	1.928420727923333e-06	0.0002249223605941	-0.0002311893510152	5.3448516022829367e-08	5.0590068295222356e-08	-0.0015521573035569	0.0002500682950904	6.25341522094194e-08	2.409192294985027e-06	0.0
793.0562227365889	2.5580945268563937	628938.172421226	6.543847608332637	1112.7150313479042	-1.2039240338474428	1238134.7409875677	1.4494330792754988	749.2950586428937	-0.968212342562424	0.9374351402902168	561443.0849066575	783.6889249248769	709.9314663395254	0.980493	31.529865	0.0502197630971828	0.0223350100669885	0.1146433955	0.1179675361	0.0600744702	0.0241023089	0.1692689975	0.015083106	0.077055268	0.0711422525	-0.1255690994	-0.084639302	-0.1245420072	0.0648770127	0.1241538386	-0.0036672654	0.138233584	-0.1736288636	0.0329319575	-0.1243284405	-0.0006344812	-0.1147419884	-0.0030428802	0.0310995344	-0.0039199079	0.0250570395	0.1106956709	-0.0652641418	-0.0235008507	0.0893032741	-0.0724520189	0.2560875614	0.0927636626	0.1279626794	-0.0761458771	0.0885330547	-0.04659788	-0.1088372627	0.064058943	-0.0623783812	0.0899426485	-0.0187813137	-0.0058529215	0.0943480484	0.0249747762	-0.0583509385	0.0930547657	-0.0169378193	-0.0024536953	-0.1552393985	0.0904404682	-0.0192624054	0.1526000128	-0.0209775549	0.1290492668	-0.0526945127	-0.0209198945	0.1897136717	0.1595965774	-0.1063310815	-0.0282044341	-0.1524410343	0.1197210171	-0.0127218952	0.1642000663	0.0461534991	-0.1070611102	0.0343823226	0.0465451313	0.0249370531	0.0132285533	0.0578070351	-0.1017943961	0.0011757868	0.1308382136	-0.0187031589	-0.0388920565	0.0244640937	0.1630256258	0.062547219	0.0290875799	-0.2162891043	0.1045774653	0.0011817504	-0.0165603202	0.02694874	-0.0372817311	0.0079561215	-0.0729120701	0.0191981427	-0.0944071066	0.0101412656	0.0692445843	-0.0371784884	0.0121245744	0.0295410783	0.2117596498	0.0098206194	0.0701758687	-0.0617407077	0.1252476272	0.0244023368	0.0678016169	-0.0960925062	-0.0264685334	0.044063865	0.0323701816	-0.1417258524	0.0985253842	0.0504399308	0.0898244895	0.0704749214	-0.0932742408	-0.0247268531	-0.0344193354	0.0714841513	-0.0176038798	-0.0926932704	-0.11845514	0.0509612127	-0.0888661936	-0.1211199807	-0.0067565429	0.0004348506463003	0.0088344032057392	7.804668000157507e-05	1.890950845877886e-07	0.0292785197749338	0.0109814831988046	0.0008572317202111	0.0001205929732456	0.0016172003766286	-0.0035514806122591	1.2613014539252272e-05	2.6153370581676856e-06	0.0012807663008168	-0.0001079095893473	1.1644479473124476e-08	1.64036231730795e-06	0.0004071645420358	0.0001822421814416	3.32122126966295e-08	1.6578296429122276e-07	-0.0013052611527384	0.0002468961508184	6.095770928899148e-08	1.7037066768479771e-06	0.0
795.4763305080082	2.420107771419339	632782.592398486	5.856921625284279	1118.3358684094424	5.620837061538168	1250675.1145711015	31.593809272361028	749.1180379575574	-0.1770206853362879	0.031336323036929	561177.8347933803	783.614231513408	722.1692415767025	0.973082	31.291552	0.0621796186290738	0.0304861153951592	0.0665521411	0.1749094564	0.0069554921	-0.0121791094	0.1575726083	-0.0300291587	0.1616275607	0.032854707	-0.0854143159	-0.1007553919	0.0486966288	-0.0051501997	0.1486926105	0.1202679123	0.1080454058	0.0511245019	0.1846940027	-0.086193195	-0.0368444212	-0.0162346716	0.0875120213	0.0302372512	-0.0793523105	-0.0650721704	0.0175898294	0.1025332648	-0.0298496035	-0.165180965	-0.0089037721	0.145133215	-0.0505017536	0.1333516287	-0.0395547647	-0.1484368667	-0.1211047338	-0.0866332155	-0.1944155054	0.1253031858	-0.0679927719	-0.009074125	0.0102790855	0.0482763017	0.0480366367	0.079568455	-0.1300535619	-0.0287453297	0.1314721559	0.0653630093	-0.1671544629	0.0599494245	-0.0755690951	0.181477181	0.0776953648	0.089557689	-0.0780529995	0.1988874871	0.1231124393	-0.0834168302	0.0207079643	-0.1207343434	-0.0879697775	0.0963279554	-0.097412099	0.0433770537	-0.0745884273	-0.0386121672	0.1416093792	-0.1151044003	-0.0386770342	0.0694880405	0.0494581526	-0.0229608613	0.0520417243	-0.0455916226	-0.0723025494	-0.0459616716	0.1297527936	-0.1059458633	-0.0295970669	0.047830779	0.1351431307	0.0030491164	0.0744722046	-0.2520792941	0.0503943296	0.1076650299	0.0335908123	-0.0088821873	0.0353318726	-0.0376616605	0.1021907762	0.0241699555	-0.1024037268	0.0591569505	0.1739046422	-0.0178955558	0.0117945174	-0.093718752	0.1332024407	0.0515689075	0.0796648409	-0.0796830118	-0.0238901984	0.043874109	-0.0477538446	0.072198272	0.0190514499	0.1399771384	-0.013914271	-0.0247092006	-0.1949898451	-0.1370159846	0.1013574903	-0.146874036	0.1643829598	-0.030818779	0.0188182827	0.0478387595	-0.0936454286	-0.1172407796	0.0067565429	0.0135009096252645	0.0130660589789642	0.0001707218972417	0.0001822745607095	0.0206215836398371	-0.0086569361350967	0.0004252497118147	7.494254324714302e-05	0.0041356785392565	0.0025184781626279	6.342732255633604e-06	1.710383698006678e-05	0.0008498496186522	-0.0004309166821646	1.85689186967747e-07	7.222443743232897e-07	0.0005980043148252	0.0001908397727894	3.6419818878309843e-08	3.57609160549557e-07	-0.0011682547006447	0.0001370064520937	1.877076791530331e-08	1.364819045578438e-06	0.0
800.5084313788795	5.032100870871318	640813.7487086743	25.32203917462388	1117.509747500347	-0.8261209090953798	1248828.0357582893	0.6824757564445768	752.2185533244219	3.100515366864556	9.613195540163254	565832.7519654862	784.7656743542432	744.0713327563133	1.055262	33.934227	0.1043864025033126	0.0498723839543598	-0.0172239205	0.176604928	-0.0310378747	-0.1194970658	0.1191485394	-0.1130273555	0.1673319156	-0.0499002164	-0.0262209496	-0.0709377689	0.1291851769	-0.0894386605	-0.0482056967	0.178178409	0.0271809115	-0.0209956593	0.1091352398	0.0686519643	-0.0590255297	0.0114118771	0.0568886305	0.0297931859	0.0084905278	-0.1109473818	0.0648667072	0.0544488029	0.048403151	-0.0099719091	0.2008833361	0.1345011073	-0.0254716289	-0.0296393202	0.071143628	-0.0317499903	0.0020119523	0.0571964412	-0.2074405543	-0.115538104	0.0448979735	-0.007875987	-0.083519767	0.000982872	-0.0760184042	0.1688122785	0.1100252216	-0.0758155679	0.1566968826	0.0126772882	0.0504694908	0.123303517	0.0376774853	0.0451905749	0.0601452536	-0.1346107338	-0.1713511199	0.0375298753	-0.0187824252	-0.0978919744	-0.0162073108	-0.1239284221	-0.0840375086	0.0083783787	-0.1195496262	-0.0195448396	-0.1053472094	-0.0288772903	0.0769181989	-0.1309253652	-0.0420638654	0.0248465009	0.0489533704	0.0368741166	-0.0342056095	0.1339189414	0.0510755585	0.111086332	-0.0693811817	-0.0390278655	-0.1383853896	-0.2264901348	-0.0321358639	-0.041406606	-0.0164455707	0.0584043442	-0.1314609378	0.1104066485	0.1630819775	0.0562093206	0.1483855487	-0.0571072936	0.0783232701	0.1325457598	0.0782837056	0.1224889368	0.0751570305	-0.0027447037	-0.1143886072	0.0232655709	0.1692341139	-0.0151323002	0.1110673304	-0.0306551772	-0.0744499001	0.0247655578	-0.0237864824	-0.0969048349	-0.0799552082	0.0801559428	-0.0203023687	-0.0711834615	0.0531845172	-0.0459784448	-0.0781480859	-0.065646395	0.0719272369	-0.0755160671	-0.1668030078	0.0446835199	-0.098167988	-0.1126387502	0.0201956026	0.0114319997983187	-0.0020689098269458	4.280387872032904e-06	0.0001306906193887	0.0093665956807029	-0.0112549879591341	8.773311464576223e-05	0.0001266747539602	-0.0308395606618461	-0.0349752392011026	0.0012232673571743	0.0009510785018156	0.0003200815021704	-0.0005297681164818	2.806542572406741e-07	1.0245216803165977e-07	0.0001267933208288	-0.0004712109939964	2.220398008630754e-07	1.607654620679501e-08	-0.0012890209004891	-0.0001207661998443	1.4584475024857544e-08	1.6615748818977304e-06	0.0
803.7446856909531	3.236254312073584	646005.5197764491	10.473341972414865	1115.4654376809367	-2.044309819410273	1244263.1426607238	4.179202637737263	752.1033203499138	-0.1152329745081033	0.0132786384139851	565659.4044813651	786.309328015333	787.7870640963752	1.041956	33.506332	0.0613831619267865	0.0270158998556862	-0.1073232257	0.0831082666	-0.0915798482	-0.1457836653	-0.0048158513	-0.1091844207	-0.0305724002	-0.0805055273	-0.0665892107	0.0106089818	-0.0892179621	-0.1028274702	-0.0514463207	0.1456007073	-0.0405530417	-0.1868986105	-0.1362126661	0.1062167117	-0.075921661	-0.2256022192	-0.0906751103	0.0289698122	-0.0823615688	-0.0264573326	0.1474280973	-0.0349470158	0.027120764	-0.0327828886	-0.0246892779	-0.0148519416	0.1713431264	0.0112631634	0.1013902891	0.0129853391	-0.0181673703	-0.0328041689	0.0623586155	0.0892692568	0.0390121774	-0.0171112574	0.0708592509	-0.1227374788	-0.0975951345	-0.0336205216	0.148558704	0.0318722323	-0.1343139063	0.0881020774	0.0019989507	-0.0700368929	0.0216083955	0.0338833976	0.0589939937	0.0745344949	-0.1317216827	-0.0113717661	-0.1575607219	-0.0274839664	-0.0908357632	-0.105897365	0.1103978482	-0.1156682344	0.098931717	-0.0289883583	-0.1271486086	-0.0511928183	0.0494443737	0.1497731277	0.0418178577	-0.1185011754	0.102618386	-0.0085818109	-0.0869399765	0.1931741594	0.0268574741	-0.0586653837	0.0575668538	0.031331527	0.1115750461	-0.0957756354	-0.0338578614	0.0235113622	-0.0721744354	-0.047486095	0.0508203273	0.096488276	-0.0604977479	0.0202123614	-0.0536818504	-0.0441260131	-0.0895636857	-0.0034129055	0.0665153715	0.1353412242	0.0528212311	0.0464725403	-0.1655299286	0.1503545879	0.0815385674	-0.0428310636	-0.0039017278	-0.0974379407	-0.0315082711	0.0497253689	-0.1264170702	-0.2588238081	0.0730743752	-0.0015400623	0.0342130025	0.039815472	0.0664612094	-0.0387139969	-0.0043336882	-0.0044135403	-0.013533613	-0.0104321348	-0.0634349069	0.0414976565	-0.1024214758	-0.1073422654	0.033413395	0.0215637114716429	0.0101317116733242	0.0001026515814313	0.0004649936524322	0.0077815958817524	-0.0015849997989505	6.055323446690591e-05	2.512224362673127e-06	-0.0114727203362292	0.0193668403256169	0.0003750745041979	0.0001316233119133	0.0005137146806826	0.0001936331785122	3.749380782073751e-08	2.639027731488257e-07	0.0002761012779268	0.000149307957098	2.2292866052778213e-08	7.623191567281206e-08	-0.0015520719674568	-0.0002630510669676	6.919586383284533e-08	2.4089273921652216e-06	0.0
802.1751776306928	-1.5695080602603184	643485.0156068336	2.4633555512221075	1110.6859199020464	-4.779517778890295	1233623.212668655	22.843790198728417	750.7677142507908	-1.3356060991229697	1.7838436520144758	563652.1607613572	785.2441890796629	792.2378202291022	0.969675	31.182001	0.0960498828737075	0.0466427377072055	-0.103698242	0.0506007973	-0.1276090457	-0.0472951289	-0.0651829508	-0.1799703169	-0.1161131432	0.0669004316	-0.0326709318	-0.2191357496	0.0107979899	-0.0262463388	0.0431903435	0.1503936768	-0.0405730745	-0.1507939979	0.057076143	0.0732854794	0.0235828146	-0.1049532247	0.2006920775	-0.0429125049	0.0079140626	-0.0100312287	0.0117474398	0.0171054463	0.0633657175	0.1051176286	-0.0919469833	-0.1050153447	-0.0297000831	-0.0564035509	0.026817092	0.051387816	0.0605622087	0.1014479024	0.0709000532	0.0070330634	0.1269090802	-0.0837507758	0.1142292898	0.0267248134	0.0335343779	-0.0390255618	0.0933909236	0.0926029673	0.1484554199	0.0892649468	-0.1554332763	-0.0418388929	-0.0161432345	-0.0152218373	-0.1784079436	-0.0225213846	-0.0772724188	0.0455569795	-0.1300674389	-0.061870503	-0.1415359743	0.034482266	-0.0521781438	-0.1413259262	0.0081907827	0.1066196981	-0.1240437789	0.0790640936	0.0760240646	0.1531788898	-0.0605928185	0.024477635	-0.0596885201	0.1157301695	-0.089546234	-0.0293457242	0.04480311	0.0214859145	-0.0682825009	0.0325997088	-0.0842575773	0.0593922745	0.0107463395	0.1431279048	-0.1008343191	-0.0186974906	0.1006517345	-0.0168532888	0.0513188014	0.0180150744	-0.0774092723	-0.1164908403	-0.1023541648	0.0941319175	0.0462019988	0.1363666817	0.0469303337	-0.059469664	-0.1375093214	0.0750254519	0.1114682019	-0.0999129044	-0.0940779037	-0.0280616842	0.0619604878	-0.0099395797	-0.0926339428	-0.1283786011	0.0162217276	0.102512364	-0.0678304516	0.029291397	-0.0297752874	0.0608236403	0.1785821688	-0.1920663409	0.0052706689	0.0791724866	0.0360220195	0.0382833527	-0.1063942335	-0.1013839798	0.0462651033	0.0214853581652789	-7.83533063639999e-05	6.139240618170825e-09	0.0004616206154903	0.0421035102181406	0.0343219143363882	0.001772705572689	0.0011779938037143	0.0050128186209263	0.0164855389571554	0.0002717729947078	2.5128350526305448e-05	0.0006169467924106	0.0001032321117279	1.0656868891822273e-08	3.806233446657279e-07	-9.584665579409624e-05	-0.0003719479337208	1.3834526539924426e-07	9.186581426911961e-09	-0.0011239704874297	0.000428101480027	1.8327087720139336e-07	1.2633096566129576e-06	0.0
802.1452803322851	-0.0298972984077181	643437.0507593602	0.0008938484520801	1115.6657339957765	4.979814093730056	1244710.0300123347	24.7985484081125	752.3606588921064	1.592944641315512	2.537472630295805	566046.5610485644	786.2290535194633	786.9842430624434	0.923027	29.681923	0.0555621774416607	0.0250461059005111	-0.0946859603	0.06755913	-0.133170187	-0.0400406539	-0.0610150017	-0.1791153534	-0.060955756	0.0434057696	0.0136761347	-0.1096144804	0.1762475457	-0.0796207899	0.017473321	0.1210785551	-0.0425023044	0.0403495027	0.0217111041	0.1304762843	-0.028307988	0.0217281159	0.1795283237	-0.0339683967	0.0552578304	0.0105062742	-0.1383282022	0.1020711796	0.0109061257	-0.1005513	-0.082823649	0.0265782821	0.1384977018	-0.0418982059	-0.0752954404	0.0780038259	0.1044020593	0.0710982141	-0.2110806331	0.0132344539	-0.1234761669	0.1072719109	0.0348417183	-0.0013887978	-0.0134156032	-0.0168256682	0.1852342223	-0.1181358054	-0.1322629221	-0.0617207167	-0.0268271641	0.0305912573	-0.0595230445	-0.1101888829	-0.0121227781	-0.1314852654	-0.0815271812	0.048571905	-0.1432934682	-0.0190507936	-0.0804555511	0.0137551021	-0.1107565109	-0.0506379565	-0.0899022484	0.11459907	0.0234553019	0.0363140136	-0.0549390932	-0.0343651835	-0.1295397494	0.0748923548	0.1649302467	0.1030093166	-0.1401648753	-0.0144895222	0.1030409782	0.0144915471	0.0852423879	-0.004407622	-0.0274849788	0.0039658163	-0.0241212792	0.0801682849	-0.0802157698	0.1162147692	-0.126046443	-0.0543512754	0.0393992487	0.0751890195	-0.1227530853	0.119731097	-0.0796309514	0.020553149	0.0287614327	0.1131292728	-0.0009622015	-0.0121421737	-0.149348321	0.09561181	0.0969127524	0.00470905	-0.0713809938	0.0867769473	0.004131603	0.0469227878	-0.1630580683	-0.0653165593	-0.0388557215	0.0358885289	-0.0097068806	0.0908848702	-0.0780136359	0.2228094246	0.0048317912	-0.0784356966	0.1336170631	-0.0078609297	-0.0372572303	0.0350428114	-0.1100753719	-0.0948006283	0.0586099215	0.0119432287020231	-0.0095421294632558	9.105223469353446e-05	0.0001426407118288	0.0361447174515348	-0.0059587927666057	0.0013064405996512	3.550721123535357e-05	-0.0139756555727927	-0.018988474193719	0.0003605621522055	0.0001953189486893	0.0004038993537658	-0.0002130474386447	4.5389211113109803e-08	1.631346879724309e-07	-0.0001582566130904	-6.240995729630376e-05	3.895002769726458e-09	2.5045155586844563e-08	-0.0012699687118502	-0.0001459982244205	2.1315481533938693e-08	1.6128205290784565e-06	0.0
805.0358560271364	2.89057569485135	648082.7294893444	8.355427847665364	1121.0878680079115	5.422134012135075	1256838.0077945243	29.399537245552004	754.3503748828642	1.9897159907578723	3.9589697238775834	569044.4880859178	788.104796722671	799.2033354175862	1.024163	32.934162	0.0409346800319363	0.0216843717140846	-0.115021712	-0.0239142022	0.0500054801	-0.073918358	-0.0546813478	-0.0597953773	-0.1686515027	0.0527141951	-0.0259996837	-0.0282935505	0.0517793064	0.0285074497	-0.1108472795	0.0301838885	0.0920613956	-0.0263207745	-0.0582133999	0.0949626972	-0.1526381168	-0.0242115437	0.1007804958	0.0927080838	0.1027184579	-0.0146894689	0.0826730265	-0.0451669019	0.1114736262	-0.0591740733	-0.1760854843	0.1418164787	0.0057117498	0.0218078115	-0.0449042591	-0.0167803959	0.0633581729	0.0457897924	0.1505488655	0.0168154765	0.0448481123	0.0492650408	-0.0126885286	0.096218728	-0.0363507065	-0.0469244761	-0.0539660007	0.1582260124	-0.0761090749	-0.1160757378	-0.0824617266	0.0906620091	0.0023261459	-0.0562178046	0.047284812	-0.1029037987	-0.1012620304	-0.0541096499	-0.028377155	0.0706753224	-0.0854172441	0.0219997678	0.002405703	-0.1715169724	0.0448000668	0.131996275	0.0764209295	0.0517306387	-0.0324763705	-0.0215169844	-0.0027391846	0.1948006968	0.0420721792	-0.0078988224	0.0537931997	-0.007181545	0.0262733525	-0.0596204061	0.1818133294	0.1791978217	0.0512507803	0.0816128905	0.0990430493	0.0820181762	0.1483722129	-0.0791273603	-0.0403495358	-0.0213529311	-0.0153500619	-0.0069949152	0.030162764	-0.0653893223	-0.0373813708	-0.0654629794	0.0769832774	0.1080806231	-0.0570821585	-0.0592051906	0.0846011991	0.0775251668	0.1314511414	0.0005610277	-0.011185261	-0.0164939558	0.0213543228	0.0033524587	-0.1222328987	0.0776163162	-0.0051354791	0.0229461843	0.1067937718	0.0549294959	-0.0229361389	0.0688676691	-0.019671853	-0.0014018372	-0.025182764	-0.0439335603	-0.1016957309	0.0317782535	-0.1134548014	-0.0876327994	0.0703125971	0.0135324537622096	0.0015892250601865	2.5256362919247885e-06	0.0001831273048263	0.0283685620365332	-0.0077761554150016	0.0008047753120206	6.046859303825874e-05	-0.028893003247731	-0.0149173476749382	0.0002225272616549	0.0008348056366733	0.0003528772407545	-5.102211301129999e-05	2.6032560161378673e-09	1.245223470425094e-07	-0.0001582740086358	-1.7395545400005668e-08	3.026049997636583e-16	2.505066180964529e-08	-0.0015519682409297	-0.0002819995290794	7.952373440105969e-08	2.408605420854427e-06	0.0
804.0175855807173	-1.0182704464191374	646444.277923046	1.0368747020506297	1129.6820200808763	8.59415207296479	1276181.4664940094	73.85944985324498	755.056971747801	0.7065968649367278	0.4992791295384123	570111.0305849595	791.7439446528078	806.7200027836141	1.077242	34.641052	0.0482853623483489	0.0287894507718545	-0.1074453204	-0.1283598018	0.1136480234	-0.023657965	-0.163753967	0.1482882602	0.0816373305	0.0171396432	-0.0580121339	-0.0963699562	0.1101906552	0.1268574867	-0.1831402794	-0.0884326301	0.0473409053	-0.112090005	0.0418865829	-0.0357950449	-0.0391991036	-0.112468872	0.133421754	0.2236047496	-0.0193291613	0.0444527098	-0.1157511652	0.1025878594	0.0993914315	-0.1279581905	0.0993350463	-0.0416131644	-0.0797016553	-0.0450182152	0.0003326219	0.0789413137	0.0867578952	0.1060280865	0.0514271834	0.0487686667	0.0504306916	0.0841405124	0.1097704445	-0.1687623286	-0.0202363167	-0.1075266329	-0.0625453493	0.0042986343	-0.036694618	-0.129796223	0.1730914879	0.0786050744	0.2336864203	0.0787029238	0.0849413186	0.0251677691	0.0569133083	-0.184479149	0.1117449213	-0.1003250694	-0.0720051687	-0.1614649584	-0.0216900988	-0.0773140274	-0.1604985948	-0.0255412452	-0.0771279866	0.1103968313	0.152420572	0.192010367	-0.0235553809	0.0648767927	0.0869982294	0.0510712466	0.1237666444	0.1224505059	0.0046971316	-0.1071920384	0.0252586503	0.0844034321	-0.0756176569	0.1037590176	-0.1474621095	0.1295514141	0.0131839342	0.1794053325	-0.0690783362	-0.0731224304	0.126869016	-0.0186175312	-0.089218089	0.1001723131	0.0949590104	-0.0235027277	-0.0935959834	0.061054468	-0.0745426276	0.0029288465	0.1773844433	0.00159326	0.05822862	-0.0889251091	-0.0717769072	-0.0377167806	0.088961514	-0.0586056526	-0.1439338787	-0.0613850458	-0.1158906331	0.1020681195	-0.0286857628	-0.0012719453	0.1200056678	0.006799674	-0.104944072	-0.1835433937	0.0264545812	0.0297313601	-0.04738226	0.0284919163	-0.1165232592	-0.0799246852	0.0812449131	0.0125532067747684	-0.0009792469874412	9.589246624126682e-07	0.00015758300033	0.0422407626003433	0.01387220056381	0.0017842820250585	0.0001924379484825	-0.0289078695479929	-1.4866300261900944e-05	2.210068834769961e-10	0.0008356649218037	0.0008010481575471	0.0004481709167925	2.0085717065871962e-07	6.416781507096035e-07	6.187833711801538e-05	0.0002201523457538	4.846705534090748e-08	3.8289286044907605e-09	-0.00155202594832	-5.7707390300120946e-08	3.330142895250492e-15	2.4087845442585957e-06	0.0
798.5161512943037	-5.501434286413655	637628.0438778673	30.265779207727725	1124.2269119030327	-5.455108177843613	1263886.1494470292	29.758205231976262	753.0505013841916	-2.00647036360931	4.025923320042477	567085.0576349824	790.2182290680763	767.8134952298286	1.095215	35.219006	0.0434617154697692	0.0228701936445969	0.0136008475	-0.1602477964	0.0410180001	0.0763178489	-0.1080260036	0.1129706876	0.0783109819	-0.1608054825	-0.1044440504	-0.0090957616	0.0586280048	-0.196596164	-0.0171871574	-0.1480957529	0.0208684119	-0.1299909464	0.0111858283	0.0537946302	0.0496495525	0.0205846211	-0.0371673421	0.1397758753	-0.0390488042	-0.2660543159	-0.1051977496	-0.0067389028	0.0617847743	0.0071239719	0.1226951403	-0.0214217386	-0.0466703362	-0.1511281378	0.0621001732	-0.0775675946	-0.0120852824	0.0008463336	-0.0313017978	-0.0830776739	-0.128197715	0.0228652536	0.1717088192	0.0097924093	0.0987910323	-0.0057274728	0.0316653583	-0.04581078	0.0159054919	-0.0919714566	-0.0634281459	-0.0739158802	0.0106917183	-0.0021031102	-0.0137808776	0.2509409555	0.1175602513	-0.0920447267	0.0506025293	0.0051213097	-0.1579334297	-0.170600749	0.040332066	0.0728242603	-0.0709287327	-0.0966418364	-0.07980143	0.0735657009	-0.059649372	-0.1245950003	0.0527574338	-0.1555632081	-0.0188473347	0.1156671496	0.0561598738	0.0377027796	0.0763067262	0.0905621028	-0.0954828928	-0.0254652815	0.1186856695	0.0096725485	0.008483711	0.0735519898	0.0135609612	0.0039491868	0.0069746438	-0.1296382191	0.0705802671	0.0283711573	-0.0267003835	-0.0714787794	-0.1499811626	0.0957945058	-0.0511899246	0.0247256683	0.0042748408	-0.0300862695	0.1632000332	-0.0184369689	0.0180112782	-0.1529258947	0.0159869371	0.0433574458	0.0739340627	-0.0005796129	-0.1155441011	-0.0199848808	-0.1035576731	0.1062112596	-0.0140326429	-0.0451803393	0.07375443	0.0516378432	-0.1291730728	0.0706453841	-0.0245842878	0.0589722623	-0.0576745577	0.0251860523	-0.1192723348	-0.0717238087	0.0912870929	0.0029032074936736	-0.0096499992810948	9.312248612513016e-05	8.428613751322546e-06	0.0423956791580195	0.0001549165576762	0.0017973936112697	2.3999139842243972e-08	-0.0096034528837662	0.0193044166642267	0.000372660502746	9.222630729071732e-05	0.000929925697118	0.0001288775395709	1.6609420205848896e-08	8.647618021603983e-07	-9.62215295590152e-05	-0.000158099866677	2.4995567843294844e-08	9.258582750676436e-09	-0.0015519556952325	7.025308749997705e-08	4.93549630327943e-15	2.408566479964593e-06	0.0
796.5124041083812	-2.003747185922407	634432.0098985132	4.015002785091965	1110.5673442395205	-13.659567663512236	1233359.8260912215	186.58378875406908	749.2217075052129	-3.828793878978786	14.659662567705418	561333.1669970268	785.224714918933	748.4175126268868	1.007364	32.393955	0.0830468284886538	0.0532856930661919	0.0614732573	-0.1159219594	0.0346295858	0.0882548188	0.0160644028	0.0327870182	-0.0695112389	-0.1745074885	0.0016804306	-0.1723443974	0.0062922406	-0.0624982288	0.1561719688	-0.0514063789	0.0245145074	-0.0900008213	-0.0696059663	0.1862946579	0.0393517838	0.1947406978	0.0384930195	0.1811987493	-0.0331709244	0.0837571976	-0.0255287532	-0.0366654372	-0.0713285006	0.0623430852	-0.1435051444	0.0031686728	0.0108368536	0.0535356092	0.1690733586	0.1637946612	-0.0240507726	-0.1127429165	-0.1625053206	0.0067153149	-0.056317118	-0.0842121852	-0.1151998236	-0.0037036132	0.0237450472	-0.1060111873	0.018367254	-0.0980592208	-0.02100924	0.0827756097	0.1653103625	-0.0139658989	0.0404226484	-0.1039959168	0.0886991716	0.1488089945	0.0759590226	0.0442083516	-0.0050631255	0.1472847595	-0.2191245825	-0.0588201414	-0.0433372766	0.092696777	-0.073860803	0.1074927101	-0.0301847043	0.0513954701	-0.060179251	0.0700206813	0.1120760988	0.1340169496	-0.0630541214	0.0942784652	0.0381856865	0.0095971943	0.024006299	0.042323936	-0.059893283	-0.1969042672	0.0034179487	-0.0367191573	-0.0617633433	-0.2021876084	0.0606832761	0.1172713968	-0.1133824717	-0.0424737399	-0.1790976678	-0.081882544	-0.019919149	-0.0793317081	0.1561335042	-0.0739948862	-0.1007904116	-0.0030847098	0.0353597937	-0.0028751034	0.0640935968	0.0894979452	-0.0904533549	-0.0373064118	0.1403543469	0.1268946966	0.0217004093	-0.0063446965	-0.1307197579	0.0585669386	0.0372858135	0.0700450437	-0.0349977962	-0.0197136642	0.0050097307	-0.0545217347	-0.1537693421	0.0132013282	-0.0900378437	0.0512290451	0.0065967602	0.0218629269	-0.1216944932	-0.063080731	0.1003291122	0.0094746946812165	0.0065714871875429	4.31844438560405e-05	8.976983930227224e-05	0.0420936832127267	-0.0003019959452928	0.0017718781664133	9.120155097329289e-08	0.0198764435809977	0.0294798964647639	0.0008690642955731	0.0003950730094285	0.0001599133278512	-0.0007700123692668	5.929190488238708e-07	2.5572272424445374e-08	-0.0001221131822801	-2.589165272108481e-05	6.703776806292583e-10	1.491162928657293e-08	-0.0014139907393993	0.0001379649558332	1.9034329038056852e-08	1.999369811106979e-06	0.0
796.2749551980744	-0.2374489103068526	634053.8042756954	0.0563819850059117	1110.5831283336968	0.015784094176297	1233394.8849394603	0.0002491376289662	750.6337095529848	1.4120020477719208	1.9937497829120976	563450.9659172747	785.3284767426886	738.5951628555584	0.984256	31.650888	0.0780461000592057	0.0410037628363314	0.0678797362	-0.0180383631	-0.0256762115	0.0778631421	0.1049475728	-0.0896340164	-0.1664597932	-0.1183869428	0.0437524404	-0.1235757375	-0.0062204749	0.0046502576	0.1350666316	0.0310782296	0.0338800204	-0.0087029995	0.007727389	0.2303363762	-0.0126287335	0.0944833852	-0.1490372791	0.0467448356	-0.0566591411	0.0992623798	-0.1349023151	-0.0343654965	-0.038489016	0.0197588491	0.0627530394	-0.0252332805	-0.0434818398	0.0884451634	-0.1297015108	-0.0132116721	-0.105623767	-0.0453710949	0.1282894605	0.0402373362	-0.0343320534	0.0962876594	0.0954976422	0.0429088554	-0.0095210416	0.0219836612	0.0178106862	-0.121844895	0.0315772073	0.0590037798	0.0441581728	-0.1157579813	-0.0186515356	-0.0351111182	-0.1784699889	0.0081258343	0.0162331427	0.1228458007	-0.083075926	0.1666705443	-0.0964967474	-0.0297860424	-0.0828713119	-0.0172617241	0.0578749702	-0.0232714435	0.1031675108	-0.0606572278	-0.1261068384	0.0296656742	-0.0104887644	0.0267314993	0.0085804877	-0.0837568049	0.085350856	-0.0235947251	-0.0054793874	-0.0344702462	-0.1684201537	-0.0785264503	0.0084193569	0.0609361584	0.0017114949	0.0418921627	0.0809962324	-0.027017234	0.0207658125	0.1129816751	0.0187466288	-0.0172580955	0.0136935625	0.0852735036	-0.0213479202	0.2059466307	-0.0153639296	-0.0028613916	0.0813491644	-0.0441181876	-0.0376471403	0.1450476323	-0.1121207208	0.0824831064	0.0928194076	0.178743761	0.1330153475	-0.0345874178	-0.0786048031	0.0790672652	0.0355804254	0.1063127769	-0.0723830804	0.2000591243	0.2082666156	-0.0043814033	-0.026589987	0.0062886015	-0.0091372744	0.0889474752	0.0916543394	0.0185248178	-0.1237830955	-0.0540487397	0.1082719048	0.0100112278504838	0.0005365331692673	2.878678417240136e-07	0.0001002246830743	0.011262640413534	-0.0308310427991926	0.0001268470690845	0.0009505532000856	0.0422697097922935	0.0223932662112958	0.0005014583716099	0.0017867283659247	0.0004968455274532	0.000336932199602	1.13523307128642e-07	2.4685547815024854e-07	-0.0002258398118775	-0.0001037266295973	1.0759213687636217e-08	5.1003620628864586e-08	-0.0013689444110097	4.504632838959999e-05	2.029171701383682e-09	1.8740088004346945e-06	0.0
798.1644000831946	1.889444885120156	637066.4095601658	3.5700019739067197	1121.6526066349245	11.069478301227718	1258104.569970921	122.5333498613513	751.4744822892075	0.8407727362226751	0.706898793975364	564713.8975318323	786.6755329658539	741.7353013263614	0.944136	30.360743	0.0990988063278086	0.0514541274718187	0.0476391272	0.0122750735	0.0023404149	0.009609404	0.0986859629	-0.056492865	-0.1625987101	-0.0588823872	0.1097840176	0.0463862088	0.0856622723	-0.0142197225	0.1178087568	0.0804915626	-0.0583857285	0.0370454763	-0.043067576	0.0737971602	0.1849677812	-0.004402127	-0.0683692952	0.116105292	0.0524097801	0.0604921735	0.1204015409	-0.016676606	-0.0735675688	0.1736509668	-0.0083275767	-0.0752355643	-0.2027887503	0.0054881348	-0.0637996126	-0.0950478501	0.2571864016	-0.0186757443	-0.0207874921	0.0283176229	-0.0825575033	-0.0015896554	-0.0048856516	-0.0239224508	-0.0465431758	-0.107209656	-0.1701602163	0.0698250832	0.0533076991	0.1063870025	0.0191945265	-0.0056003551	-0.1344166229	0.0076587087	0.2590363175	-0.0025729584	-0.0488664577	0.0905998092	-0.1172213149	0.1641240557	-0.0226369211	0.0656148119	-0.0827633734	0.0547313861	0.06024059	-0.010431982	0.0024303789	0.090523771	-0.0024029442	0.0392023493	0.2039879521	-0.1405670256	0.0292372848	0.0057141144	0.1004987293	-0.0860967319	-0.1096296355	-0.0430000485	-0.1685584061	0.045467026	-0.0387869063	-0.0458076739	0.0379940091	-0.0823533165	0.2076772782	-0.0546949254	-0.0970945905	-0.1722340155	-0.067333402	-0.0009362709	-0.0815035402	-0.0311823475	0.1185371555	-0.1136871326	0.0897975386	0.0119360594	0.0173469385	-0.0829399564	0.0317116769	0.1025500003	0.022652679	0.0137533028	0.0878165486	0.2213589714	0.1134962993	0.0994857177	-0.0125022048	0.2537464938	0.0899895302	0.0643375387	0.1196547243	0.1315125699	0.1293881162	-0.0320830109	0.114095026	-0.0227131855	-2.50103e-05	0.0872724103	0.1040302938	0.0151740128	-0.1255324169	-0.0446835199	0.1150284477	0.0039914732230244	-0.0060197546274594	3.623744577481887e-05	1.593185849012079e-05	0.0432759352160303	0.0320132948024963	0.001872806568822	0.0010248510441115	0.0213031100183656	-0.0209665997739278	0.00043959830608	0.0004538224964545	0.0010708602426155	0.0005740147151623	3.294928932228564e-07	1.1467416592145276e-06	-0.0001808311874995	4.500862437799999e-05	2.025776268399894e-09	3.2699918372479326e-08	-0.0015519042139479	-0.0001829598029381	3.347428949118497e-08	2.408406689269249e-06	0.0
802.6244704195991	4.460070336404556	644206.0405163419	19.892227405675847	1127.629356190638	5.976749555713468	1271547.9649429126	35.721535251721136	753.5190247168518	2.0445424276443878	4.180153738438005	567790.9206102355	788.374767179093	753.935313063524	1.07304	34.50592	0.1064629270635913	0.0552878157452262	-0.0137744695	0.0600765807	0.1267187306	-0.0776073778	0.0793600913	0.0252067677	-0.082235179	-0.0350138584	0.2969328876	0.0799665037	-0.0356317599	-0.047335676	-0.0517321294	0.0685822534	0.098548386	-0.0061475562	0.0488465447	0.0551216111	0.1577374716	-0.0586070692	-0.1026173477	-0.1249563628	0.1345743613	0.087002027	0.0694661318	0.2032641864	-0.1050638447	-0.042071513	-0.1063643601	-0.0130653784	0.0083406751	0.0897492427	0.0228166057	-0.0185648926	0.0141404854	-0.0037095337	-0.0362932722	-0.0887239079	0.0895313568	0.0409460027	-0.1839132422	0.0273228143	-0.0122877708	-0.0736098438	-0.0035717624	0.017529642	0.0137085485	0.1131348234	-0.1011081544	0.0870903822	-0.0005688164	0.0490013427	0.0188406106	-0.020162986	-0.088879174	-0.0295398207	0.0090252778	0.1444068658	0.0934594531	0.0502677285	-0.1610051957	0.0712424261	0.2663549432	-0.0922921106	-0.0435657449	0.0898382245	0.0055690517	-0.0557527498	-0.0148786995	-0.0034604687	-0.0372557991	-0.0930393368	-0.0263012571	0.0728929198	-0.0583349619	-0.0154635015	0.0465348387	-0.0692454688	-0.2072423067	-0.0464991584	0.0421406149	-0.0093002635	-0.0062995849	-0.0353853308	-0.1549990248	0.0568937125	-0.0906610695	0.0409513691	0.0013063167	0.0178987301	0.0358739806	0.0086145321	-0.1441446386	0.008877222	-0.0659114766	-0.070337325	0.078233064	-0.0137460215	0.0459980524	0.1004788507	0.1634142398	0.0868318493	0.0091512523	0.0223561075	-0.0495078662	0.0821488259	-0.0160277962	-0.0441141506	0.054925746	-0.0445278122	0.0651600662	0.0724908429	-0.101297935	-0.0490719609	0.1684726935	0.1523557275	0.0369271361	0.0118128082	-0.1269376627	-0.0350428114	0.1205247148	0.0038300799888304	-0.0001613932341939	2.6047776043599278e-08	1.4669512720839075e-05	0.0246636243435034	-0.0186123108725268	0.0006082943657574	0.0003464181160155	-0.0051862625795848	-0.0264893725979504	0.000701686860633	2.6897319544401583e-05	0.0001352157161547	-0.0009356445264608	8.754306798960549e-07	1.82832898952284e-08	-0.0003381139446865	-0.000157282757187	2.47378657083448e-08	1.1432103959146559e-07	-0.0016829739374785	-0.0001310697235305	1.7179272426387907e-08	2.832401274231886e-06	0.0
808.5693937896748	5.944923370075685	653784.4645734022	35.34211387607204	1133.0817912919872	5.452435101349238	1283874.3457574584	29.729048534425274	757.20227180213	3.68324708527814	13.566309091209911	573355.2804223067	792.3417167578386	799.9386052368578	1.151983	37.044491	0.0616456852161522	0.0392309868761575	-0.1145709241	0.0777877204	0.0290084416	-0.1469008212	-0.0171996449	0.0312285531	0.0449006362	0.0483117094	0.1348326398	0.1336576492	-0.0835545594	0.001728035	-0.1907856382	-0.0271774864	-0.0125401737	0.0409144491	0.074695941	-0.0018766717	0.1168432349	0.1749504147	-0.0428714819	-0.1863053257	0.0778829518	0.0661880016	0.0444422397	-0.0292645138	0.1043879205	-0.0092430187	0.051391322	-0.226825523	-0.1086334078	0.0692450744	0.1300058109	-1.29945e-05	0.0654642287	-0.1044495044	0.1213572983	-0.0016519907	-0.0582735553	-0.0940248416	-0.0312270092	0.1828416219	-0.0277745753	0.0475334189	0.1278098331	0.0975478931	0.0726582919	0.1001375598	0.0616708481	-0.1940405437	-0.0137441008	0.0581913257	0.0116597691	-0.0227809727	-0.068138905	-0.1483866064	0.056665272	-0.0669861037	0.1511334511	0.1037524832	-0.0971890553	0.0348336923	0.2061423487	-0.0871051722	0.0809379673	0.0297751655	0.050842246	-0.0933218431	0.1212276617	0.0705520829	-0.0140680904	-0.0521088696	-0.1133879513	0.057456876	-0.0385197789	0.113169839	-0.2844927262	-0.0409676413	0.0111142535	0.1041487269	-0.0068607773	-0.0332979295	-0.0008258297	0.1214083589	0.1076010362	-0.0042451779	0.0089182084	-0.0985959955	0.0310779341	-0.1159784282	-0.1569105376	0.020591193	-0.0427332159	0.0389742761	-0.1071033141	-0.0312450087	-0.0294605326	-0.1655780614	-0.0010852962	0.0972107374	0.0644061676	-0.0038383339	-0.0003006533	0.0289157156	-0.1393140816	-0.0077640542	-0.0339269673	-0.1018954029	-0.0092291	-0.1704481945	0.0435009227	0.0130424144	0.1472976308	0.2096093216	-0.0246052284	-0.0784931273	0.0771557895	0.0084435077	-0.1279949812	-0.0251860523	0.124700488	0.0036652448176397	-0.0001648351711906	2.717063366146736e-08	1.343401957323468e-05	0.0271864394594985	0.0025228151159951	0.0007391024904849	6.364596109493371e-06	-0.0432633161310462	-0.0380770535514614	0.0014498620071608	0.0018717145226548	-0.0001232406329225	-0.0002584563490772	6.679968437831545e-08	1.5188253603138388e-08	-0.0003099043498253	2.8209594861200023e-05	7.957812422330428e-10	9.604070604064192e-08	-0.0015520202538668	0.0001309536836116	1.7148867251473187e-08	2.4087668684127666e-06	0.0
805.9115658259748	-2.657827963700015	649493.4519320745	7.064049484625769	1128.9076023004986	-4.174188991488563	1274432.3745318607	17.42385373666431	756.4508060988722	-0.7514657032577361	0.5647007031726439	572217.8220476336	793.064460887287	812.2980839285323	1.100129	35.377026	0.102977032870559	0.0574323346132394	-0.104309387	-0.0361122197	-0.1962580482	-0.0116633012	-0.1863655843	-0.0350994377	0.0326294704	0.1352733811	0.0033095115	0.0824726816	-0.0907385159	-0.014915384	-0.0972101533	0.0124161971	-0.1846075589	-0.0553461475	-0.0272293453	-0.1683147452	0.0566048164	0.047452158	-0.0221349847	-0.1137519281	0.0100767543	0.0529692543	0.0074944028	-0.1388020071	0.009533441	0.0058877053	-0.1462717603	0.0470362949	0.0124732198	-0.2040004118	0.0277657485	-0.0077046278	-0.0282288194	0.1700610088	0.0070622305	0.2071470887	-0.0397141971	0.1095640837	-0.07146181	-0.0251349484	-0.0132427158	-0.0532490409	0.0308198963	0.0776347499	0.2856291177	0.1143381973	-0.049345876	0.0984635169	0.0138258918	0.0226604938	0.1166193281	-0.0262777383	0.0416880246	-0.105729036	-0.0856829496	-0.1741409692	0.0287245354	0.1448732588	0.0277816921	0.0805487332	0.0641485262	0.0136171184	0.0380200739	0.0032430137	-0.0674530383	0.0840772568	0.0326536727	-0.006602813	-0.0073946062	-0.1039903913	-0.08795822	-0.1622036762	0.0492409818	-0.0338766184	0.123997525	0.0819880193	-0.131707671	0.0104679486	-0.0950998848	-0.0785505424	0.059265312	0.0402460138	0.0871291978	0.1271536181	0.0734543998	0.0856461424	0.009766397	-0.1727255345	0.0584831437	0.0641245829	0.0728462911	0.0242105448	-0.0682383234	0.0097985065	-0.1155586223	-0.2101802693	-0.0032719436	-0.1344397249	-0.0320847397	-0.0097053349	-0.0650463795	-0.0728892181	-0.162344735	0.1217991101	-0.0358021253	-0.0196226377	0.0315334255	-0.0266117322	0.0269163596	-0.1181842418	0.0423909376	0.0650234352	0.0566479148	-0.1411094911	-0.0945752911	0.0050684204	-0.1287014744	-0.0151740128	0.1275100165	0.0038110161641071	0.0001457713464673	2.1249285450918696e-08	1.4523844203085594e-05	0.0605597222487972	0.0333732827892987	0.0036674799588514	0.0011137760041345	-0.046263501895936	-0.0030001857648897	9.001114623847393e-06	0.0021403116076752	0.0007339843688836	0.0008572250018061	7.348347037214683e-07	5.387330537654567e-07	-2.300166325763797e-05	0.0002869026865676	8.23131515597421e-08	5.290765126177726e-10	-0.0013669920828425	0.0001850281710243	3.4235424072597624e-08	1.8686673545540764e-06	0.0
799.4541942015046	-6.45737162447017	639127.0086263771	41.69764829651252	1125.0378088781677	-3.8697934223309858	1265710.0714053884	14.975301131516163	753.886062854643	-2.5647432442292484	6.5779079088195695	568344.1957664747	791.6082947949524	760.1246822691661	1.119072	35.986176	0.092708863119118	0.0595085517426688	0.0432610304	-0.0795001174	-0.165136364	0.1304919521	-0.1006794071	-0.0793481396	0.1907296933	0.1135462734	0.148999252	0.1152642902	-0.1025224701	-0.1506950745	0.0318572547	-0.0790084257	-0.1564798437	0.0277395539	-0.0076851043	-0.1123239515	0.0344077331	0.0395166784	0.0619782844	-0.0544113745	0.0109855299	0.2233525435	-0.0897748477	0.0234055309	-0.0138132348	-0.1268039304	0.0801876748	0.1347418842	-0.0347939308	-0.0391030948	0.1271167155	-0.0402203036	0.1219514845	0.0544321166	0.0576820954	0.0462412877	0.002626834	0.1066624187	0.0194567685	0.0633608179	-0.1255280207	0.0308286985	-0.155721293	-0.0711808716	-0.1063786898	-0.0776618929	-0.0668625981	-0.0084184508	-0.0987951142	-0.0881529239	-0.0656192976	0.1963961506	0.1377001892	-0.0458764252	-0.0484676464	-0.1318334923	0.0268126412	0.165048495	-0.0516326085	0.1871915365	-0.005244279	-0.1119914421	-0.0165417313	-0.0465660878	0.056757913	0.0349908719	-0.058248978	0.0642739102	0.1222376535	-0.1272898069	-0.0396814541	-0.1110691186	0.0100418248	0.0676356125	0.0379473526	0.1907839558	-0.0159749614	0.0434122169	0.0321196506	-0.0924397246	0.1186479105	-0.1186501476	-0.0395163004	-0.0698548547	0.0733991902	-0.0238904437	-0.005902715	0.1023856799	-0.1026218137	-0.1327816547	0.0531255479	-0.0431841442	0.0210458808	0.0133789067	-0.0592021884	-0.1453489305	-0.1213085587	-0.079134523	-0.0620529023	-0.0198572278	-0.029992394	-0.0417225667	-0.1395539967	0.0505713329	0.0607301689	-0.0231505837	-0.0005418349	-0.0341469613	-0.0447350666	0.0497434506	-0.0342608955	0.0515376031	-0.0090998769	-0.0876352497	-0.0551901276	0.0016898595	-0.1290552057	-0.0050684204	0.1289225186	-0.0011926040073291	-0.0050036201714362	2.5036214820003226e-05	1.4223043182974283e-06	0.0391404550171472	-0.02141926723165	0.0015319752189493	0.0004587850087408	0.0088999730317027	0.0551634749276387	0.0030430089660922	7.920951996503535e-05	0.0007519131453774	1.7928776493799986e-05	3.2144102656463487e-10	5.653733781913351e-07	-0.0001369799189496	-0.0001139782556919	1.2991042770582274e-08	1.8763498195438983e-08	-0.0012764490992604	9.054298358209998e-05	8.198031875948427e-09	1.6293223030026867e-06	0.0
796.842409652903	-2.6117845486015767	634957.825821445	6.8214185283139415	1117.4277431275034	-7.610065750664262	1248644.7611110257	57.91310072943322	752.3279314085377	-1.5581314461053353	2.4277736033423034	565997.3163774493	788.8375333212699	729.2442482149925	1.013589	32.594131	0.0440263483050014	0.020110841037816	0.1110625088	0.0319832791	-0.1097662255	0.1073178494	-0.0031758166	-0.029382214	0.0105275713	0.1625937695	-0.0867616627	0.0552759867	-0.0625571935	-0.0650582885	0.146046558	-0.0500193572	-0.0889441836	0.0686987952	0.0712224676	-0.2085094151	-0.0064300441	0.0458084955	-0.0311414634	0.0788672023	0.0653004897	0.0022110928	-0.0500579733	0.031502356	-0.0780376673	-0.1431058297	-0.0650592313	-0.0069790749	0.0141976175	-0.1066881103	0.0303242099	-0.1096555221	0.09322668	-0.0759498788	-0.0264731331	-0.0562610433	0.0502609923	-0.1020584599	-0.158678955	0.0648573669	0.0229695429	-0.0485301933	0.0903485761	0.1525207493	-0.1178477066	-0.060862776	0.1760811569	-0.0265647217	-0.0241654008	-0.0924500849	0.0439524222	-0.0205597782	0.1081663855	0.1289540777	0.0104990063	-0.1130521748	0.0412640467	0.0737436504	-0.0107847165	0.0669278459	-0.0687260301	0.0561317252	0.1336898733	-0.0011946682	-0.0498091733	-0.0568182465	0.026354816	0.0026695677	0.0273259301	0.004278036	-0.1048123475	0.0628208941	-0.1305636723	0.0865945021	0.1391921148	-0.0061444759	-0.0321046179	0.0485305213	-0.0436951395	-0.1709069929	0.0335652165	-0.0247715963	0.0671856107	-0.1198432087	-0.0984568885	0.0750082742	-0.1240261157	-0.0293341156	0.0028076972	-0.0479965824	0.0090895351	-0.0729542208	0.0804519617	-0.0065255109	-0.0874953992	-0.1093335319	-0.1306051334	0.1015112778	-0.0621142767	0.0279814674	-0.0427402511	-0.0776808088	-0.0548072414	0.0441819999	0.0561904833	-0.0300016187	0.0420757566	-0.012726519	-0.0036724926	0.0951296174	-0.0359985547	0.0228484902	-0.0517920864	0.0231714868	-0.0345227383	-0.0016898595	-0.1290552057	0.0050684204	0.1289225186	-0.0009995753453466	0.0001930286619825	3.726006434675428e-08	9.991508710247747e-07	0.0328662842097315	-0.0062741708074156	0.0010801926377548	3.936521932062737e-05	0.019259661325421	0.0103596882937183	0.000107323141543	0.0003709345543699	0.0008712782139917	0.0001193650686142	1.4248019605296541e-08	7.591257261765666e-07	-0.0002861766788231	-0.0001491967598735	2.2259673156750826e-08	8.189709150221975e-08	-0.0015518764816103	-0.0002754273823498	7.5860242948118e-08	2.408320614175164e-06	0.0
798.3229907771829	1.4805811242798654	637319.5976034261	2.1921204655738302	1121.7243013333548	4.296558205851397	1258265.408201803	18.46041241626898	753.4841027686421	1.1561713601043948	1.336732213925646	567738.2931250655	789.5840116350073	736.5146608312841	0.993249	31.940065	0.0737318228527016	0.0368910185306702	0.0786588944	0.072131707	-0.03421602	0.0500980813	0.0658697675	-0.0037306021	-0.0161378356	0.1361920205	-0.1298989091	0.0494004761	0.0260407791	-0.0101804936	0.0822401145	-0.0055255336	0.0307873666	-0.0029509977	-0.045542746	-0.1011914417	-0.13648845	0.1153077416	-0.0123453596	-0.0770212538	0.0857446829	-0.0983094047	0.0064170464	-0.2424872417	-0.1364266783	-0.0802441868	0.1323081226	0.0106808448	-0.0167419611	0.0140654308	0.0395497548	-0.0574645232	0.020396767	-0.0301872254	0.1196932582	0.0329640085	-0.0432161629	-0.1440355144	0.0236168412	0.0668808001	-0.0437561037	-0.1420891507	-0.0448849426	-0.0619668442	0.0889616594	0.0922537376	-0.0335645142	0.0939800243	-0.0536633638	-0.0292173599	-0.0780014095	-0.0106326338	0.0177525895	0.119879335	0.0519820731	-0.0972569842	0.0268695786	0.0054255663	0.0540654273	-0.0868267561	-0.0770861464	-0.0545387616	0.1538888841	-0.0454730574	-0.1381762671	-0.0087446359	0.0654381289	-0.0566588818	0.0596221662	-0.1381798283	0.0173048663	0.0597811177	0.0784352235	0.1511405216	-0.0047719822	0.056803375	0.0378882408	0.0151578645	0.0510399061	-0.0520824511	-0.0477374559	-0.033512614	0.0682552881	0.047882005	0.0299563002	0.0551334398	0.024734726	-0.1984484069	0.0143496551	-0.119934186	-0.0059205424	-0.0696372724	0.0504658237	-0.0446499318	-0.0349168659	-0.0847252731	-0.0161970432	0.0849845331	-0.1365470164	0.1248657668	0.0971487609	0.0815293982	0.0243010916	-0.0436023232	0.0191570397	-0.0444725206	-0.0090087813	0.1047071756	-0.0429533813	0.0001108653	0.0378142959	0.037282861	-0.1299826383	-0.0338783231	0.0671359107	-0.0050684204	-0.1287014744	0.0151740128	0.1275100165	0.0037127381112895	0.0047123134566361	2.2205898113593666e-05	1.3784424283021525e-05	0.0263144219312891	-0.0065518622784424	0.0006924488015779	4.292689931567644e-05	0.0134206653097805	-0.0058389960156405	3.409387447066564e-05	0.0001801142573571	0.0005479888528125	-0.0003232893611792	1.0451601105165521e-07	3.0029178280675976e-07	-2.2775654241247167e-05	0.0002634010245818	6.938009975076985e-08	5.187304261168401e-10	-0.0010059938453317	0.0005458826362786	2.979878525904744e-07	1.0120236168452602e-06	0.0
799.1992093607747	0.8762185835918217	638719.3762428875	0.7677590062316583	1125.7767059790906	4.052404645735805	1267373.1917251318	16.421983412781138	753.2280162510451	-0.2560865175969411	0.0655803044949284	567352.4444654847	789.4894039193239	745.5246195823016	0.93429	30.044104	0.0482991700221298	0.0304248865587995	0.0593132222	0.0749527151	0.0331837704	0.0374163859	0.063637255	0.0749023624	-0.0545313323	0.1619077624	-0.148637513	0.066012564	-0.1287527378	0.0206213934	0.051519439	-0.0699755629	0.1001855639	0.0131382282	0.0045195874	-0.1419678622	-0.0422139725	0.0414620696	-0.0654146143	0.0307395836	0.0492472914	0.0147492116	0.0102501296	0.1220699695	0.1559788606	0.0648865107	0.046295867	-0.1668201299	0.0360843021	-0.0741839028	-0.1127697009	-0.1405458447	-0.0457439572	-0.1661736494	0.090515347	-0.162997404	-0.1137553664	0.1477412488	0.0629102281	0.0523382477	0.0354931424	0.0414152275	0.06607995	0.0374808219	-0.1183680563	0.2102455599	0.0095650919	0.1031686662	0.1563196106	-0.124377964	-0.0998142898	-0.1269352318	0.004806678	0.1070273045	0.1411005996	-0.0755704885	0.0299838837	-0.0057060021	0.1360607893	-0.0307856233	0.0984335198	0.0584728268	0.1239816746	0.0434181084	-0.1206397717	-0.1092053049	-0.0509897429	-0.0485132397	-0.0482514181	0.0599036417	0.056660884	-0.001520748	-0.1734817551	-0.0762444937	-0.0713441443	0.1223923675	0.0496568119	0.0540558825	-0.0132290089	0.0956945147	-0.0135196005	0.1670096159	-0.1223686348	-0.0968307656	0.0899366931	0.0695522235	-0.1227348237	0.0958873482	-0.0600363027	0.0236606005	-0.1103099194	-0.0676578262	0.030256642	-0.0846068852	0.035902933	-0.1537994662	0.0042045382	0.0521905011	0.006198142	0.0813400103	-0.0289083697	0.1141143582	0.0433371163	-0.0165872045	0.0174767968	-0.1016024874	0.0869902399	0.1359841594	-0.0057377432	0.0600089173	0.050759934	0.033696707	-0.1138270934	0.1314362014	-0.0254619918	-0.0084435077	-0.1279949812	0.0251860523	0.124700488	0.0091589935512814	0.0054462554399918	2.966169831764136e-05	8.388716287241426e-05	0.0458042637174855	0.0194898417861964	0.0020980305747009	0.0003798539328509	0.0134226905220486	2.025212268099916e-06	4.101484730862405e-12	0.0001801686208506	0.000995988822815	0.0004479999700024	2.007039731222408e-07	9.919937351724091e-07	-2.2991499301516782e-05	-2.158450602696149e-07	4.6589090042793703e-14	5.286090401316467e-10	-0.000986988708721	1.9005136610700076e-05	3.6119521759137213e-10	9.741467111427467e-07	0.0
803.0492511555852	3.8500417948105214	644888.0997815463	14.822821821787828	1135.3336948452868	9.556988866196209	1288982.5986510508	91.33603618859826	755.4139639195265	2.18594766848139	4.778367209339224	570650.2568846117	791.4949807170887	756.8908407095828	1.054771	33.918453	0.0660350803054691	0.0385336707703058	-0.0013512538	0.1538382064	-0.0217003434	-0.0618489373	0.1095775198	-0.0213128133	0.1765169732	0.0334972488	-0.0457029038	0.0668542294	0.1899705433	0.0898553136	-0.0248117853	0.1574688088	-0.0562708533	0.0861124286	0.0613294819	-0.1951795655	0.084868628	-0.0426450972	0.0540067074	-0.0203572073	0.0061831994	-0.1103605927	-0.0200595974	0.091248218	-0.0382831125	-0.0223710638	0.0532700943	0.1254647317	0.0355849587	0.1090312771	-0.0877370614	-0.0156720466	-0.0515055608	0.0394919689	0.0136340494	-0.0589085796	0.0519674151	0.0358041717	0.1310722202	0.0451503712	0.0983466192	0.0132924548	-0.0934887584	-0.0614115021	0.0134339944	-0.1029712384	0.1341808915	-0.0006452128	-0.0177206926	-0.039136142	0.0626223043	-0.2187571731	-0.0660698304	0.0507929308	-0.0045684153	-0.1244166198	0.1727624317	-0.0779441638	-0.0102966213	0.1484761277	-0.0771543256	0.0001338252	0.0068327748	0.0165840675	0.0633754156	0.0137052696	-0.0672524312	0.0565871862	-0.1093497769	-0.03445763	0.0326895206	-0.0069895504	0.0034615176	0.0221560512	0.0391125074	-0.0290498453	0.0515553753	-0.0087040004	0.1269016765	0.1809110373	-0.0231402236	0.1252197416	-0.1305494928	0.0591268102	0.0401481721	-0.0094854198	-0.0773698984	0.0655614292	0.0168652867	-0.0253901414	0.0763510691	-0.0357418996	-0.0314706465	-0.0386454221	-0.1254303268	-0.1161248906	-0.0284346634	0.0510397051	0.0650691119	0.0419131882	-0.0565840977	0.0836061838	0.07881445	0.0677609948	-0.0083142509	-0.05641945	0.0550071082	-0.0650357133	-0.0249511694	-0.0112416688	-0.0473666109	-0.192971672	-0.09789357	-0.1620115174	0.0066496535	-0.0118128082	-0.1269376627	0.0350428114	0.1205247148	0.0137765331605095	0.0046175396092281	2.13216720427904e-05	0.0001897928659226	0.0304598377156821	-0.0153444260018033	0.0009278017136656	0.0002354514093248	0.0134135525585747	-9.13796347389896e-06	8.350237645031157e-11	0.0001799233922416	0.0003519861253938	-0.0006440026974211	4.147394742857815e-07	1.238942324697399e-07	-2.2722475563341504e-05	2.690237381752781e-07	7.237377170180054e-14	5.163108957266517e-10	-0.0012639965221809	-0.0002770078134599	7.673332871783479e-08	1.5976872080854103e-06	0.0
806.7316954298302	3.682444274244972	650816.0284110883	13.560395832919578	1125.185275005205	-10.148419840081717	1266041.903088539	102.9904252505642	758.1281579424009	2.7141940228743806	7.366849193807013	574758.303865138	793.2570545968332	792.558642269923	1.082492	34.809856	0.021705440391142	0.0123652967417981	-0.0805069917	0.0570642169	-0.1392980391	-0.1172068021	0.0120504674	-0.1221331907	-0.0444898088	-0.0230552051	-0.1213194599	0.1413120953	-0.0737031298	0.0473423426	-0.1161153804	0.0856320081	-0.2167861113	-0.0458929086	-0.1085340353	-0.0858407378	0.0914946569	0.0163409273	-0.2185853221	-0.0349534833	0.0019028121	-0.0265708461	-0.1040668297	-0.0428169835	-0.0318814912	0.0311848669	0.0440061818	0.0071317051	0.2112837079	-0.0570544554	-0.0734414516	-0.0245344909	-0.0786731281	0.0385239925	-0.0477627995	0.0385469156	0.1320305727	0.0111623335	-0.0386892132	0.1118532328	-0.0178358229	0.1147852283	-0.0803978795	-0.0145395155	-0.1627641235	-0.0008365299	-0.0557790824	0.1233903155	0.1712167332	0.0316546839	-0.0010234092	-0.0179267416	-0.0606731101	-0.0635164615	-0.1724978296	-0.097546543	0.1007705976	-0.0334922384	0.207479116	0.1026819659	0.0781628431	-0.0219043241	0.0745545149	0.1198789043	-0.0905777974	0.0097346838	-0.0473233628	-0.0597010093	-0.1700045887	-0.0839847433	-0.0478047965	0.0885817008	0.0405902959	0.028724151	0.0738149139	0.0335264642	0.0553784114	0.1165507037	-0.0757030983	0.0365798406	-0.001286068	0.0228898767	-0.0314590693	0.0869809362	-0.0551972506	0.1481042285	0.0543037375	0.1893553136	0.1255611357	0.0045597932	0.001932297	0.0023984046	-0.0899168868	-0.0224380527	-0.1778361883	-0.0324582062	-0.0486746834	-0.1469297884	0.0349673944	0.0878891644	0.0065876584	0.052671978	0.107460953	-0.1047418549	-0.0041234779	-0.1026603371	-0.0105212277	-0.1304946564	0.0383750569	-0.0743601446	0.0003177905	0.0322620857	0.0385135477	-0.0895075885	0.0677143074	-0.0151740128	-0.1255324169	0.0446835199	0.1150284477	0.0113498647117182	-0.0024266684487913	5.888719760359178e-06	0.0001288194289743	0.0303955138997054	-6.432381597670095e-05	0.0009238872652271	4.137553301804488e-09	0.0042534151781836	-0.0091601373803911	8.390811682763834e-05	1.8091540678002624e-05	0.0003519068824401	-7.924295369996123e-08	6.2794457110941965e-15	1.2383845390871037e-07	-0.0001557104936991	-0.0001329880181357	1.7685812967676833e-08	2.4245757848017464e-08	-0.0011959775683507	6.801895383019992e-05	4.6265780801548686e-09	1.4303623439980534e-06	0.0
803.6765969225092	-3.055098507320963	645896.0724409454	9.333626889434775	1130.0261448894055	4.840869884200401	1276959.0881336117	23.434021235758408	754.9972723170256	-3.1308856253752992	9.80244479918168	570020.8812061489	792.574286089033	783.5577204351883	1.071137	34.444714	0.0625935038832328	0.0335680597093035	-0.0178404362	-0.0177836291	-0.1806730614	0.0287399743	-0.1129885637	-0.1272836601	-0.011445094	0.1577332871	-0.0505172405	-0.0158871631	-0.012486064	0.1016657583	-0.0060953994	-0.0271171	-0.1180364506	-0.0507391929	-0.0313320914	-0.0830363901	-0.0448911277	0.1474244065	0.1055506637	0.0165397931	-0.0332550152	0.1028951973	0.0572993334	0.0472564883	-0.0121120907	0.2412362084	0.1577705309	-0.0197800406	-0.0636378914	0.0583497257	-0.0428759562	0.0298453081	-0.0991600679	-0.136030035	-0.0042416475	0.0272528983	-0.0165297661	-0.0427584796	-0.1329112052	-0.0974292029	0.0856481684	0.2802345262	0.1256237126	-0.0913662161	-0.0826035753	-0.1951818065	-0.1989395328	-0.0011615413	0.0641318135	0.1084225701	-0.0023531031	0.0062033895	0.0688798637	-0.0130487024	-0.0822795471	-0.1435821215	-0.0381093987	0.1614957774	0.0300717927	-0.0108145342	-0.0196308133	0.0212017995	0.1199149346	0.0806960361	0.1099350202	-0.0566154216	-0.1162648765	-0.0047636047	-0.0616053116	0.1573532665	0.1078549586	-0.1050258467	-0.1127811346	-0.0526637599	-0.1428213059	-0.0928599605	0.1716587334	-0.1385159563	0.0376193043	-0.1009917799	0.039936407	-0.0097986658	0.0513099121	-0.0439356648	0.0089911616	-0.0164177237	0.2500176677	0.1794853632	0.0001362589	0.1471749729	-0.2605278629	-0.0403843198	-0.0090447562	0.0065557737	-0.1658295693	-0.1040074769	-0.1844055213	-0.0689574658	-0.0422767108	0.0145298961	0.0721337402	-0.0661305908	0.038475546	0.0169793079	-0.0049619507	-0.0178851637	-0.0240208353	-0.0373612913	-0.118587864	-0.0071234152	0.0231832567	-0.124236554	0.0300973164	-0.0945321234	0.0573901056	-0.0185248178	-0.1237830955	0.0540487397	0.1082719048	0.0128375364115242	0.001487671699806	2.213167086403676e-06	0.0001648023411172	0.0326549766735695	0.0022594627738641	0.0010663475015513	5.10517202647766e-06	0.026996314130244	0.0227428989520604	0.0005172394527436	0.0007288009766188	0.0005479697024043	0.0001960628199642	3.84406293723143e-08	3.002707947530571e-07	-8.170379748695389e-05	7.400669621214612e-05	5.476991084236883e-09	6.6755105237891734e-09	-0.000743977675377	0.0004519998929737	2.0430390324823626e-07	5.535027814593648e-07	0.0
801.0800303270286	-2.596566595480681	641729.214988753	6.742158084766134	1125.0168869870568	-5.009257902348736	1265662.996006048	25.092664732243257	753.2005789158279	-1.7966934011976718	3.2281071779072583	567311.1120791383	790.5034603716913	756.3070076920543	1.032855	33.213692	0.0498795991801725	0.0260965635057709	0.0427525845	-0.0022957954	-0.0006688625	0.0810471836	-0.0109720178	0.0290342318	0.0265189889	0.1256574237	-0.0183646955	-0.017095816	0.110383799	-0.0162233578	0.0634454501	-0.0496606551	0.0280958197	0.0008576366	-0.0803034631	-0.1221110668	-0.0583527	0.0441407061	0.1061660232	-0.008466323	-0.0923201955	0.1289052513	-0.0916484177	-0.1209809595	-0.0066564733	0.1710455709	-0.019578899	-0.0510568499	0.0683731799	0.0211237676	0.0674447416	0.1210398679	-0.0981100856	-0.0271471195	-0.1626969254	0.1274074503	-0.0005529584	0.075355197	0.0631140393	-0.1593749191	-0.1135617038	-0.0755175229	0.0295319369	0.110309104	0.0390101473	-0.0182879231	-0.1093763648	-0.1239428441	-0.0295417283	-0.1114775065	-0.0936497088	-0.0209416759	0.0695976873	0.0426811372	0.0704410702	-0.0713023518	-0.0072617	0.1614255082	0.012914017	-0.0027006388	-0.0082044973	0.0050844207	0.0143299709	-0.0484082398	0.0165470734	0.0933935669	-0.0854039353	0.0517746111	0.0218232989	0.0829202065	0.0486020681	0.0264581147	0.1884732202	-0.0907748623	-0.0178390307	0.0178061654	0.2450934535	0.0065171179	-0.1002328757	-0.1436191085	-0.0719679359	-0.072756279	-0.0492798614	-0.0266976427	-0.1295804037	-0.1098997871	-0.0046407014	-0.0147223502	0.0201384563	0.1752822518	0.1235410244	-0.0787396522	0.0160830771	-0.048261791	-0.0278241819	-0.0767297989	-0.1612034977	0.0048614445	-0.0445027694	0.0016127015	0.0214398221	-0.0111202986	0.0601457501	-0.2261883702	0.0728470853	-0.0642668405	-0.1057319964	0.0046321455	-0.0506647849	0.0441011123	0.1050731569	0.0638468584	-0.097585505	-0.0041265623	0.0500771656	-0.0218629269	-0.1216944932	0.063080731	0.1003291122	0.0093473657293827	-0.0034901706821415	1.2181291390480066e-05	8.737324607883818e-05	0.0484236650047904	0.0157686883312209	0.0023448513324961	0.0002486515316871	0.0355201603553752	0.0085238462251311	7.265595446968334e-05	0.0012616817916715	0.0004929876317305	-5.4982070673800006e-05	3.023028095578738e-09	2.430368050392471e-07	-2.276424774927399e-05	5.89395497376799e-05	3.473870523280442e-09	5.182109755903258e-10	-0.0010719939337991	-0.000328016258422	1.0759466578923384e-07	1.1491709941020691e-06	0.0
799.5047687832183	-1.5752615438102566	639207.8753071073	2.481448931407473	1121.726170922294	-3.290716064762819	1258269.6025319914	10.828812218888093	751.793400303744	-1.4071786120839531	1.9801516463065207	565193.3167402655	788.4928163202175	747.6215475337242	0.991623	31.887766	0.0572400850895443	0.0325006176333484	0.0540752215	-0.017469878	0.0987761752	0.0688429024	0.0603104452	0.137769017	0.0076229501	-0.016525742	-0.0486995491	-0.0545670627	-0.0047252733	-0.0254043034	0.1117978206	-0.0250972445	0.0576371319	0.0468705287	-0.1258181557	0.0756008804	-0.0459046012	-0.020707243	-0.0448073536	-0.0672394341	-0.0183137998	-0.1122990199	0.0149233312	-0.130661269	-0.2330300484	0.018273655	-0.0744144484	-0.0280826526	-0.0676373399	-0.0828170952	-0.0614039304	0.0139926931	0.0521563692	0.0064951749	-0.027828257	0.1196961928	0.0097132983	-0.1220159985	0.0355015978	-0.0742191858	-0.0788124818	0.1733816795	-0.0836583712	0.1889731319	-0.0236909148	-0.0767878725	0.1563163975	0.1339174376	-0.0445131272	0.1997707114	-0.1586895035	-0.1576831058	0.0247422694	0.0819366417	0.0914076661	0.1152400022	-0.0300206328	0.0267432059	0.0698244747	-0.0002093037	-0.0565437324	-0.0338660809	0.1615567465	-0.1193222451	-0.0219667724	0.0859361023	-0.078207421	-0.1825096553	-0.0524080514	0.0992185817	-0.0738782093	0.0061407133	0.0609180034	0.0988429413	0.1330447078	-0.0192344045	-0.0765618449	-0.0149678319	-0.1967060508	0.0913891392	0.105201889	0.0143567715	0.1361952146	0.0776968345	-0.0722815386	-0.0886286853	0.1006555717	-0.0329117201	0.0827396415	-0.0525755821	0.0602583849	-0.0933733711	-0.0292044654	-0.0463979774	0.0282303124	0.0619122869	-0.1643160073	0.0799306814	-0.0234611045	0.0073004668	0.0804361836	-0.0824429962	0.0680909454	-0.1333826345	-0.0627686603	-0.0192093381	-0.1044485047	-0.087493319	-0.1077213662	-0.0312903606	0.0153404151	-0.0509883475	0.1571684667	0.1037212187	-0.0663960705	-0.0251860523	-0.1192723348	0.0717238087	0.0912870929	0.0106731239167032	0.0013257581873205	1.7576347712473403e-06	0.0001139155741413	0.0420156101887982	-0.0064080548159922	0.001765311499537	4.106316652476084e-05	0.0457899939366086	0.0102698335812334	0.0001054694817862	0.0020967235447146	-4.294727240206227e-05	-0.0005359349041325	2.872262214675787e-07	1.8444682067769398e-09	8.702598557452923e-05	0.0001097902333238	1.2053895333295153e-08	7.573522165218169e-09	-0.0012109975664427	-0.0001390036326436	1.9322009888116903e-08	1.4665151059301414e-06	0.0
800.5127141820292	1.0079453988108753	640820.6055670792	1.0159539269840143	1129.8282638007615	8.102092878467602	1276511.9056830432	65.64390901131543	753.7635098527487	1.9701095490047464	3.8813316350796856	568159.4287855348	788.9325552186885	741.4088680928336	0.937038	30.132483	0.090555608964085	0.0406849933688802	0.0441430648	0.0326736111	0.150322331	0.008614364	0.089646213	0.1158098557	0.0818510233	0.0101863988	0.1329868675	-0.0438520421	0.0335221822	0.025525779	0.0596539014	0.0397498186	0.1193531408	0.2064356757	-0.0475573668	-0.0024163086	0.1170355934	0.0485161558	0.0337160406	0.1106342675	-0.0172769852	-0.0317124026	-0.1129599394	-0.0007715069	0.0043815784	0.0027382342	0.0807673601	0.0495763782	-0.1127682179	-0.0152046935	0.0967726162	-0.0226926202	0.0537642652	0.1052744547	0.0061694855	-0.1554389322	-0.0670295869	0.0192265305	0.0167662484	-0.2283284773	0.0515068901	0.1736589255	0.0636287878	0.1357613773	-0.1583109718	-0.0068197211	-0.053872859	0.0082021847	-0.0974596087	-0.0159038423	-0.0369967725	-0.0563681979	-0.0633049572	0.042212713	0.0791964189	0.1785888079	0.0476001423	0.0234595773	-0.0055003648	0.1682211485	-0.1621590923	-0.0036648071	0.0832770615	-0.0390779347	0.0589418237	0.0401723601	-0.0122405212	-0.1029457142	0.0498533101	0.1387136242	0.0719372733	-0.0569593248	0.0276792913	-0.0624180517	-0.0570435266	0.0874372151	0.0115046138	-0.058658625	-0.1976843527	0.0608547222	-0.170356252	-0.0492558039	-0.0899243645	-0.0026901689	-0.0109812999	0.0135856095	0.0861825726	0.038223236	-0.217669387	-0.1071280856	-0.0670736008	-0.0878472007	-0.0721216857	-0.0515968066	0.0645226311	0.0763570503	-0.0313464673	0.0986313368	0.0017646017	0.0291673419	0.0738716529	-0.0316735914	0.1400447355	-0.0077769229	-0.1273498944	-0.0170876329	0.0114582063	-0.1064880806	-0.0329889131	-0.0456913569	-0.0767459479	-0.0850479567	0.0465926171	0.1075171532	-0.0460929775	-0.0284919163	-0.1165232592	0.0799246852	0.0812449131	0.0038538038642457	-0.0068193200524575	4.650312597784897e-05	1.485180422407509e-05	0.0267660661227182	-0.01524954406608	0.0007164222956857	0.0002325485942233	0.0332063869172856	-0.0125836070193229	0.0001583471656167	0.0011026641321004	0.0003468334086023	0.0003897806810043	1.5192897928422446e-07	1.2029341332268998e-07	-0.000201286652028	-0.0002883126376025	8.312417700132737e-08	4.051631628464115e-08	-0.0016509670043603	-0.0004399694379176	1.9357310630152898e-07	2.725692049486423e-06	0.0
806.0354775405909	5.522763358561747	649693.1910540884	30.500915114672225	1133.4471588134766	3.618895012715029	1284702.4618223424	13.096401113053712	756.4438430452442	2.680333192495482	7.184186022793022	572207.287681058	791.3563875212847	768.7289884991337	1.017708	32.726601	0.0669570608367413	0.0312435010227429	-0.0306083403	0.0785632587	0.1523341135	-0.0926177321	0.1070157697	0.0216763798	0.1756653701	-0.0322902786	0.2272611706	-0.0296869861	-0.0943806355	0.0390441423	-0.1108629975	0.0098235662	0.1016507575	0.0820519051	-0.0968155251	-0.0191246846	0.1467252056	-0.1348381933	0.0190015612	-0.0674713039	-0.0991706817	-0.0479735502	-0.0569694168	0.0714118866	-0.1473337911	-0.098494977	0.01832202	0.1688554681	-0.0227436868	0.1391690285	-0.0997545111	0.0856475233	-0.0216506967	-0.1215957812	0.1401093946	0.0135790465	0.1214770137	-0.0035977508	-0.0159232152	-0.099748842	0.0043485682	-0.0266192205	-0.0830413209	0.0502816178	0.0563557047	0.0499068596	0.029576311	-0.0933559581	-0.0032341493	0.1806891659	-0.0154844715	0.082445412	-0.1022733172	-0.0894996365	0.0825676377	0.1156576399	0.1017239061	0.0656193318	-0.0278986365	0.1072264361	0.0307651216	-0.2595144751	0.0133279133	-0.0548136216	0.1954175073	0.0471632374	-0.2082105103	-0.0488918195	0.0381807209	0.0329668969	0.1200634965	0.1250223111	0.093845748	0.0092993201	0.093571761	-0.037765317	-0.0612226161	-0.072625778	0.1320181031	0.1658868704	-0.0115579746	-0.0810459138	0.0834253223	0.0222986108	-0.1468661578	-0.0674586301	-0.0489861046	-0.0247718027	0.0324834759	-0.1050891449	-0.012070493	-0.037584831	-0.1123669278	-0.0387535732	0.0534691827	0.0432645637	0.0007373274	0.1399276674	-0.006419296	0.0272300768	0.1746262169	-0.0128026655	0.2011624669	-0.1575575834	-0.1676575317	-0.0723781521	-0.0282847328	-0.0585258783	0.0186375826	-0.1030491866	-0.0569329779	0.0294265298	-0.0636046693	0.0145312601	-0.0949528364	-0.0317782535	-0.1134548014	0.0876327994	0.0703125971	0.0038814685924961	2.766472825039981e-05	7.653371891684695e-10	1.5065798434533652e-05	0.0191879670431234	-0.0075780990795947	0.0003681780792479	5.742758566015552e-05	0.0158849438141714	-0.0173214431031142	0.0003000323911744	0.0002523314399793	1.699450106926203e-05	-0.000329838907533	1.0879370492258797e-07	2.8881306659314827e-10	-0.0005610158200677	-0.0003597291680397	1.2940507433853473e-07	3.14738750366234e-07	-0.0018019960073032	-0.0001510290029429	2.2809759729926516e-08	3.2471896103366742e-06	0.0
809.2844884712445	3.249010930653526	654941.3832801637	10.55607202750609	1135.3643881705812	1.9172293571045884	1289052.293925958	3.675768407743673	757.1943144498083	0.7504714045641094	0.5632073290684272	573343.2298351151	792.9159262735112	806.5591303904022	1.080521	34.746475	0.180744565841537	0.1017341954870556	-0.1026171228	-0.0605635605	0.1360513034	-0.1005617603	-0.0335077407	0.1141119076	0.0270553539	-0.0880976655	-0.0353215441	-0.0057958859	-0.1349313114	0.1502169744	-0.0880037928	-0.089837424	0.0557831176	0.0193371374	-0.1200560447	-0.0030413897	-0.0934391223	-0.0988680132	-0.1203004558	-0.0022118234	-0.0418392697	0.0697546676	0.0177997427	-0.0748450396	0.0217193881	-0.0376970967	0.1155410377	0.1609330775	-0.1710160122	0.0723530391	0.1284254569	-0.0528953685	0.1108159996	0.0758941247	-0.0631865738	-0.0012132447	0.1550221467	-0.1273051839	0.09878834	0.1143441302	0.0740555658	-0.0879039711	-0.0621333177	-0.0004588618	0.0782502788	0.1542342731	-0.0492153144	0.0084333596	-0.0543488507	-0.1035021143	0.0536356653	0.0390492508	-0.0413231694	-0.1363978033	0.0753435462	0.0853375747	0.0318951893	-0.0701242834	0.2463259968	0.0404364301	0.0059549048	0.0902365582	0.0059858041	-0.0851879252	0.0683245415	0.0981572192	0.0847678146	0.0512360075	0.1140822603	-0.1877787069	0.1644143264	0.0194097208	-0.056578227	0.1613076129	-0.0730555561	-0.0440072222	-0.0985143301	0.0068835612	0.0195835633	-0.0770420649	0.0280562066	-0.2134304396	0.049104604	-0.0789484934	0.1312311913	0.0689777689	0.008974671	-0.0353050192	0.0894326064	-0.0062310695	0.1427626716	-0.0214303699	-0.1743766229	0.0264727879	0.0922164672	0.0158994382	0.0448916542	-0.0705269337	0.0695169503	-0.0608659786	0.0282519882	-0.0041059385	0.183204523	-0.1225026315	-0.1126348824	0.0768000677	0.185923541	0.0800686293	-0.1263152723	-0.0345894313	-0.0302005885	0.1415325184	0.0442827051	0.0281841727	0.0152113161	-0.0350428114	-0.1100753719	0.0948006283	0.0586099215	0.003988312430863	0.0001068438383668	1.1415605796972232e-08	1.590663604617633e-05	0.0542365612267872	0.0350485941836638	0.002941604573707	0.0012284039542511	-0.057323922537833	-0.0732088663520044	0.0053595381125456	0.0032860320951234	0.0010177641505275	0.0010007696494582	1.0015398912767645e-06	1.0358438660989635e-06	-0.0002908274041131	0.0002701884159546	7.300178011605598e-08	8.458057898316436e-08	-0.001625348843366	0.0001766471639372	3.1204220527056024e-08	2.641758862631194e-06	0.0
806.6573026837606	-2.627185787483881	650696.0039730401	6.902105161957302	1121.3234925245877	-14.040895645993489	1257366.374887539	197.14675054167887	754.3943652639016	-2.799949185906712	7.839715443659659	569110.858341925	789.910295119292	807.7837018150377	1.062313	34.160957	0.1017331698460172	0.0635496947935868	-0.0832323744	-0.1170204009	0.0017525793	-0.0035453668	-0.0585140082	-0.0524958457	-0.1333827561	-0.1107482954	0.0348598487	-0.1140072417	-0.0706190374	0.0458678676	0.0210449848	-0.0178882815	-0.0417072234	0.0933505619	-0.099706965	0.2129893704	0.0692797828	-0.0074792938	-0.0997182302	0.0180577725	0.1445160142	-0.0192426941	0.1527604975	0.0821701875	-0.0382393824	0.00548324	0.1204080772	-0.048613094	0.1068058345	0.0112827272	0.1289372131	0.1603598261	-0.059651731	0.0157875322	-0.0034668151	-0.0697393371	0.0611815157	0.0422631972	0.0352219357	0.0800685106	0.1450863418	-0.0074410625	0.0202357899	-0.0142461984	0.0673230005	-0.1584423516	-0.1730458675	0.0400797998	-0.0692745051	0.14950134	0.1232435218	0.0440243679	-0.0225206584	-0.0433735669	-0.080380525	0.1939479188	-0.0750217079	0.0415024331	0.0414912735	0.0556648508	-0.0274060696	0.1779589724	-0.0471802678	-0.0248651459	-0.0699708313	-0.0357468905	-0.0189306932	0.0499062355	-0.1192790834	-0.152030273	-0.0459561672	0.0999545365	-0.0380738522	0.0218103202	-0.0931726856	-0.1325813926	-0.0373400669	-0.0958844649	0.1727049395	-0.0276238102	-0.1062949894	-0.0661481093	0.0956978157	-0.0898780566	0.0352370637	-0.0604271144	0.0013389642	0.0424006043	-0.1743129754	-0.0043871892	0.0084681469	-0.0204337877	-0.1400706509	0.0609716366	-0.0269218465	0.0911949669	-0.0460997841	-0.0837900304	0.1994900553	-0.0361833896	-0.099575512	-0.0159098667	0.1146578882	0.1073108702	0.186199129	0.0202879691	0.084861026	0.109196441	-0.0771913319	-0.0491772261	0.0671895675	0.0980362195	0.0342983291	-0.1347761378	-0.0437465385	-0.0382833527	-0.1063942335	0.1013839798	0.0462651033	0.0065577186164489	0.0025694061855859	6.601848146527088e-06	4.300367345252048e-05	0.04606197930336	-0.0081745819234272	0.0021217059373431	6.682378962282278e-05	-0.0062711864505189	0.0510527360873141	0.0026063818620009	3.932777949717184e-05	0.0004301244129314	-0.000587639737596	3.453204612020132e-07	1.850070105995815e-07	-0.0004478616929954	-0.0001570342888823	2.4659767884769664e-08	2.0058009605270598e-07	-0.0016794037298814	-5.405488651539993e-05	2.921930756192765e-09	2.820396887939558e-06	0.0
807.6048901221832	0.9475874384226016	652225.6585492636	0.897921953456308	1130.1752305393898	8.851738014802095	1277296.051724763	78.35326588269253	755.3452682747914	0.9509030108897604	0.904216536119212	570546.4743051166	790.1362636305488	794.1966996999274	0.996661	32.049789	0.0394622194107364	0.0198663326738485	-0.0769028551	-0.0372177661	0.0978564894	-0.0762608651	-0.0034177192	0.0191177639	-0.124065932	-0.0198901116	0.1297941973	-0.0252234307	0.1040807533	0.0459432166	-0.0422504745	0.0362134264	0.0516493612	0.1272028633	-0.0465892655	0.0595743056	0.0624427915	0.0395947308	0.135763773	-0.083006451	-0.0922669441	-0.0779663968	0.0430235083	-0.0502789456	0.009545626	0.0565653453	-0.0505647617	-0.0588698632	0.1694916161	-0.1605129895	0.0838332612	0.0037745596	-0.2454836011	0.0565552091	-0.0061521437	-0.0448841949	-0.0262025131	0.04926385	0.0961767899	0.0511577371	0.0384930049	0.0568542036	-0.0776587148	0.0549573622	0.0606830106	-0.0554569145	-0.029237107	-0.0325017057	0.2071420696	-0.1069568255	0.1006653499	0.0513296144	-0.0970834035	-0.052185798	-0.030915165	0.13227384	-0.0125641102	0.0705494344	-0.0324945348	-0.0399782294	-0.10033523	0.1392423146	-0.0274113121	-0.0423948835	0.0252063991	-0.048744621	0.0003983145	-0.0450055346	-0.117336633	0.0131103241	-0.1251029977	-0.0741852907	0.1154125453	-0.0132256992	0.0128748823	0.083809913	0.0582945947	0.1366212445	0.0669822459	-0.0221542963	-0.0881690512	-0.0921439118	0.0093630454	0.0651695418	-0.0710553262	-0.1390848142	-0.0691601325	0.0077574176	-0.0483615575	0.1873376924	-0.0351265311	-0.0146634183	-0.1291561823	-0.0015438906	0.0337640203	0.1230279701	0.0009916085	0.0137664982	0.0463547186	-0.1086004814	-0.0792288516	-0.0117159413	0.0616945247	0.11043728	0.0429979499	-0.0084045446	0.1182827954	0.0286222143	-0.1179848337	0.0538139983	0.0983098127	0.1356351489	-0.0648223031	-0.0630380539	0.0990065896	-0.0414976565	-0.1024214758	0.1073422654	0.033413395	0.0039622221783304	-0.0025954964381185	6.73660176028582e-06	1.5699204590453303e-05	0.0325822237870596	-0.0134797555163004	0.00106160130691	0.0001817038087792	-0.0094754533108414	-0.0032042668603224	1.026732611216101e-05	8.978421544593524e-05	0.0003959610214929	-3.416339143850003e-05	1.167137314580177e-09	1.567851305417008e-07	-0.0006933083165816	-0.0002454466235862	6.024404502986577e-08	4.806764218412122e-07	-0.0015553597329862	0.0001240439968951	1.5386913165736382e-08	2.4191438989949038e-06	0.0
809.1403023267868	1.535412204603631	654708.0288494839	2.3574906380457823	1131.8317260742188	1.6564955348289914	1281043.056148145	2.7439774569083863	758.1234079794508	2.778139704659452	7.7180602186053076	574751.1017263768	793.5415353711134	810.9466074861913	0.982669	31.599852	0.0661874521731706	0.0339020601351768	-0.1057309785	-0.1032619166	0.1227208335	-0.0809396997	-0.0954733789	0.1438368234	-0.0928766129	-0.0720163736	0.0023865662	0.0540127388	0.0548472846	0.1218015961	-0.1229957227	-0.0510143902	0.0679879298	0.0890762542	-0.0855613467	0.0669971564	0.0396056243	-0.1403261569	0.0200648511	-0.0777455905	-0.0926421514	-0.0101556618	0.2408645368	-0.1519674955	-0.031558691	-0.0092408404	0.0354370657	0.0602273636	0.0632107845	0.0009968506	-0.0175837738	-0.0870326438	-0.0610714567	0.0320660413	-0.1562554356	0.0145917203	-0.1105554294	0.0602594131	0.0311227511	0.0658997084	-0.0021334345	-0.1020677642	0.0533106757	-0.1077867964	-0.1952231873	0.056134576	0.1529379381	0.0383261186	-0.0493621751	-0.143572855	-0.128707065	0.0342831883	-0.0453708414	-0.1268379183	0.0406546217	0.1288651106	0.0519139628	-0.0325831972	0.0836597959	-0.0836426285	-0.0404854578	0.1245737852	0.0475565279	-0.0154108527	0.1089701822	0.0905461362	0.0675306347	-0.1740532935	0.0485358902	-0.0836735282	-0.0407110702	-0.0905418929	-0.0903497559	0.037105795	0.0580078999	0.0876792033	0.0289605888	-0.0696794846	0.0811343186	-0.0305574189	-0.0709630221	0.0448566089	-0.0223612375	0.0312981928	0.0566807276	-0.1123806268	-0.0316803763	-0.0372504137	0.046861355	0.0337784084	0.1307772907	-0.0106296909	-0.1381394985	0.0677344726	0.0439870884	0.1296671801	-0.0670284758	-0.0106547349	-0.0295643377	-0.1692066702	-0.146051518	-0.0869831188	0.0347279595	-0.0137309606	-0.0221567344	0.1572496308	0.1403182842	-0.0282852033	-0.0914372194	0.0462147205	0.048086619	0.0117408277	-0.0245372197	-0.0037253823	0.1594489885	-0.0446835199	-0.098167988	0.1126387502	0.0201956026	0.0111717825560617	0.0072095603777313	5.197776084015308e-05	0.0001248087254799	0.0516928139248733	0.0191105901378137	0.0026721470114715	0.0003652146554155	-0.024498750391217	-0.0150232970803756	0.0002256994551652	0.0006001887707311	0.0007960114868565	0.0004000504653636	1.6004037483763298e-07	6.336342872074959e-07	-0.0006530971636129	4.0211152968700056e-05	1.616936823072195e-09	4.265359051192151e-07	-0.0014987412597735	5.661847321269996e-05	3.205651508937223e-09	2.246225363747458e-06	0.0
806.9652644794849	-2.175037847301951	651192.9380764449	4.730789637195905	1136.484592495836	4.652866421617318	1291597.228980427	21.649165937413947	757.5848435388644	-0.5385644405863559	0.2900516566640944	573934.7951598057	794.6135260039752	796.6196101831742	0.948722	30.508192	0.0867448750252954	0.0421179074125567	-0.0582593578	-0.1440698961	0.0925499518	-0.0097274587	-0.154072624	0.1177009918	0.0232768592	-0.1499883087	-0.0507610912	-0.0537692382	0.1487499699	0.0622051771	-0.084379922	-0.0974220993	0.0364116712	0.0490981921	-0.0160328402	0.0192702844	-0.0639524489	-0.0496400511	0.0030345582	0.2896141274	-0.0247709853	0.0569025235	-0.0517869238	0.1048006425	-0.0013274536	0.0970438829	-0.0385403785	-0.0857719129	0.0647597118	0.0071460666	-0.0886385434	-0.0155004314	-0.05961605	-0.0346593374	-0.03836796	0.1193047737	0.0032547903	-0.0716439458	-0.0742083994	-0.0517268136	0.1870526263	0.0230195954	0.0353036737	-0.0217213882	0.061182507	-0.0515491824	0.0092870023	-0.152676114	-0.0077529757	0.0518956537	-0.0097606354	0.0272031432	0.0537159542	-0.1437871102	0.0436354327	0.0958936917	-0.0193625612	-0.044103259	-0.0444244624	-0.1016393832	-0.1884324184	0.0226399755	-0.0969326494	0.0708392337	-0.063345318	0.0915223152	-0.0396167497	0.0205081537	0.0973747311	0.1064341189	0.053973375	0.0739864977	-0.2242254933	-0.0870628297	0.0375730007	-0.126359592	0.1452078722	0.0016105622	-0.0442822215	-0.0850142378	0.0027604291	0.0340321925	0.1044388436	0.0621209387	-0.1066383236	0.0913029189	-0.0268804858	0.0682065627	-0.0242065036	-0.004153632	-0.0101907849	-0.0438278266	-0.0971709936	0.0320174514	0.0838976786	0.1407361695	-0.0198624612	-0.0184532907	-0.0964455925	-0.138155669	-0.1383898496	-0.104097289	-0.0468985776	0.0600318245	-0.0037451205	0.1014792311	0.0048661087	-0.0142229613	0.0028654788	0.0882271332	0.1291061528	-0.1397459409	0.1085690687	0.060151884	0.1063270565	-0.0478387595	-0.0936454286	0.1172407796	0.0067565429	0.0040169216814405	-0.0071548608746212	5.1192034135185246e-05	1.6135659794826773e-05	0.0667082309789179	0.0150154170540445	0.0044499880803366	0.0002254627493068	0.0010864220937776	0.0255851724849946	0.0006546010510869	1.180312965848104e-06	0.0004547988822631	-0.0003412126045934	1.1642604153341193e-07	2.068420233077651e-07	-0.0002808259121673	0.0003722712514456	1.3858588465287314e-07	7.88631929445961e-08	-0.0014324366235798	6.630463619370004e-05	4.396304780778917e-09	2.051874680572698e-06	0.0
804.5441572464958	-2.421107232989016	647291.3009594742	5.8617602336317285	1130.7868022628245	-5.697790233011574	1278678.7921717842	32.46481353940209	757.669650139123	0.0848066002585028	0.0071921594474054	574063.298741941	793.9385784944822	781.0210708586309	0.957175	30.780035	0.0920303918398444	0.0505319238991729	-0.0036669676	-0.1913906971	0.0999607461	0.0424497475	-0.1089365541	0.1142949602	-0.009474256	-0.2218508643	0.0084239657	0.0268189233	0.210676605	-0.0006592995	-0.0784695033	-0.127065284	0.0337487012	0.0367768537	-0.0323868545	0.1028744035	-0.0527501334	-0.0546657672	-0.1402793095	0.13632016	0.0309755673	0.0276857222	0.1722672553	0.0207961789	0.007660275	-0.1551167083	-0.2043540799	-0.0870620122	-0.0845770354	0.0089363298	-0.008212456	-0.1347967452	0.0310968695	0.0280471895	0.023050991	-0.0815396645	0.0459977137	-0.1938779764	0.0302198386	-0.1287073866	-0.0978829748	-0.0185035498	0.0374067243	-0.2977120894	0.018282839	-0.144669196	0.0377752675	0.0099839967	-0.0477663735	-0.0019529912	-0.1524168909	0.0777058498	0.0776184907	-0.1347607366	0.0101486349	0.1550083413	-0.0260610283	-0.0482171475	-0.058397673	-0.0849176963	-0.1565754056	-0.0743792735	-0.13882135	0.0227596063	-0.0576962498	0.0349253108	0.2138372535	-0.0338754229	-0.0367210225	-0.0091323838	-0.0423309847	0.0338225785	-0.1706496556	-0.0267425168	0.1976614419	-0.1014471619	0.0348944469	-0.0298822855	0.0170304332	0.0131309111	-0.0248436733	-0.0281179818	0.0061402682	0.077212218	0.1625523807	0.0602643262	0.0562072088	-0.0385900584	-0.0744105933	-0.1120843716	-0.1018823436	-0.0269444387	-0.064551418	0.0498647333	0.1583328455	0.1254857572	0.0747967877	-0.0709652888	-0.123039761	-0.0116396401	-0.1078556728	-0.0241713645	-0.0022620893	0.115747654	-0.0301906973	0.0669137644	-0.093102066	0.0015502121	-0.0243504398	0.0087819144	-0.0493550898	-0.1065439812	0.0320938788	-0.155918015	0.0218123325	-0.0509612127	-0.0888661936	0.1211199807	-0.0067565429	0.0417531476917361	0.0377362260102956	0.0014240227535001	0.0017433253421679	0.0656392641739955	-0.0010689668049223	0.0043085130013035	1.1426900300259983e-06	-0.0052613840368138	-0.0063478061305914	4.029464267157376e-05	2.768216198283908e-05	0.0003201395423982	-0.0001346593398648	1.8133137812850643e-08	1.0248932660692893e-07	-0.0006921671518402	-0.0004113412396729	1.6920161545563817e-07	4.790953660865744e-07	-0.0010408893452369	0.0003915472783429	1.5330927117773246e-07	1.0834506290277022e-06	0.0
804.6152353895055	0.0710781430096858	647405.6770209094	0.0050521024137053	1127.9926339551278	-2.7941683076967365	1272367.3822570269	7.807376531736844	756.9362877402739	-0.7333623988490672	0.5378204080456583	572952.5436980267	793.2161434321811	760.7709046604738	1.00316	32.258774	0.0950112541513168	0.0440823510832047	0.0187796274	-0.0512861859	0.1402161047	0.0315762411	0.0169032557	0.115370594	-0.068079278	-0.1362063385	0.0968651417	-0.0108454562	0.1184427985	0.0739048168	-0.0439844125	-0.0494034972	0.0828221017	0.1561831039	0.0413730376	0.1140305838	-0.0352622396	-0.0578892392	0.0788474475	-0.0732084839	0.1321630962	-0.1449894691	0.0215773731	0.0048574898	0.02002543	-0.0655488252	-0.180641852	-0.0754780158	0.053819929	-0.0873453997	-0.0864191105	0.159401551	-0.1227114376	-0.0101308789	0.0274944579	0.0005050173	-0.1062660828	0.0459565358	-0.0144430379	-0.1684833387	-0.1043909313	-0.0209414963	-0.1259078405	-0.011439914	-0.0352626858	0.1827872623	-0.0036812919	-0.0248941341	-0.1096391141	0.0568672246	0.0842742929	0.0102608933	0.0278994374	-0.0665922354	0.04114019	0.173780358	0.056890406	0.0380168951	-0.0974384917	-0.0979126067	-0.0596520954	0.0138188722	-0.0243751951	-0.0112952483	-0.0807075889	-0.0839959846	-0.0494044598	0.0031825946	-0.0962555936	-0.0473172028	-0.1018737901	0.0380414063	0.1513532825	-0.1526620719	0.0300849595	0.0015331522	-0.076111349	-0.0064138385	0.0136399839	0.1452846759	-0.0782101518	0.0252235637	0.0456816777	-0.0638513492	-0.0527566757	-0.0472763988	0.0201484969	-0.1133255116	0.138638721	-0.0294136541	-0.0020955646	-0.0505600311	-0.0536057209	0.0320900986	0.1327303018	0.0696889714	0.1186275226	0.0452453022	-0.0286315084	-0.0328794895	-0.1041180646	-0.0197767066	0.043112123	0.0447261868	-0.0905676583	-0.0168462843	-0.1210111081	-0.0020094691	0.1582190255	0.0240019515	-0.1143509885	-0.0672818081	0.0086559657	-0.0598312287	0.0420885252	-0.0540487397	-0.0838433825	0.1242524367	-0.0201956026	0.0221609439038275	-0.0195922037879086	0.0003838544492669	0.0004911074347085	0.0531541243700388	-0.0124851398039566	0.0028253609375455	0.0001558787159243	0.0076510971593677	0.0129124811961815	0.0001667321706417	5.8539287742084496e-05	0.0002242850928436	-9.585444955460002e-05	9.18807549941536e-09	5.0303802871862284e-08	-0.0002806724488808	0.0004114947029594	1.6932789056364486e-07	7.877702356074528e-08	-0.0015339687799883	-0.0004930794347514	2.4312732897476014e-07	2.353060217978793e-06	0.0
806.0982016795352	1.482966290029708	649794.3107509806	2.199189017364476	1137.2683569428884	9.275722987760672	1293379.3157035771	86.0390369456718	759.9152930015124	2.9790052612385125	8.874472346486739	577471.2525375744	797.6810636737614	774.8260840772338	1.000342	32.168159	0.0717380559108721	0.0315523094165443	0.0057015293	-0.0586278776	0.0611067979	0.0106019091	-0.0602501492	0.0708138227	-0.0037822398	0.0100172144	0.1128317081	-0.0229946591	-0.0705579308	0.0707031279	-0.1334996018	-0.0766531204	0.0010895754	0.0105621241	0.0830377976	0.0317756834	-0.1624472358	0.0863556205	0.0595668916	-0.0032958993	-0.1530687756	0.1673591894	-0.0328422629	0.0093254411	0.0860463253	0.1667983227	-0.0498119154	-0.1056975629	-0.0366734236	0.0177919101	-0.0506788906	0.0416173085	-0.1122711231	0.1577802492	-0.0053627199	-0.1122838754	0.2208383527	0.0858225262	-0.1340661887	0.0741699011	0.0009967338	5.40949e-05	0.0364416755	-0.0339775346	0.0659902169	0.1039436462	0.0238206546	0.0378890485	0.1101998485	0.0753606039	-0.1016714684	-0.0293451154	0.079869048	-0.1076690527	0.0586392658	-0.0473416147	0.1107844996	0.0273439581	-0.0483044772	-0.2100065202	0.1267143462	-0.0243839425	-0.053681575	-0.1308807642	-0.1270352686	0.109430412	0.0004999928	0.1765464296	-0.0910884838	0.1518376467	0.0443241056	-0.0044262977	0.0181039329	-0.1729022904	-0.1381635404	-0.0450844492	-0.1871376401	-0.0395159748	-0.0690461388	-0.0529708452	-0.0494352148	0.0002961985	0.0088540256	0.2009642108	0.1232054798	0.0109796374	-0.0628103876	0.0215760351	0.0607673084	0.1145903784	-0.0214541675	-0.0488695116	-0.0082995039	0.0189996834	0.0884510816	-0.0144939469	0.0911916188	0.0284748212	-0.1280871918	-0.0683334557	-0.0718876873	0.0023742074	-0.019227463	-0.0442177101	0.011331616	-0.1459794667	-0.1809415803	0.104576305	0.1693011415	0.0921634964	-0.0471268027	0.0522639516	-0.0321586316	-0.1049521192	0.0569467644	-0.0570992244	-0.0785907625	0.1266188352	-0.033413395	0.0173219090432041	-0.0048390348606234	2.341625838232854e-05	0.000300048532901	0.0325311477757281	-0.0206229765943107	0.0010582755756062	0.0004253071636094	0.0206764224540307	0.0130253252946629	0.0001696590990317	0.0004275144454975	0.0004629288397132	0.0002386437468696	5.6950837919961726e-08	2.143031106382096e-07	-0.0001112956783653	0.0001693767705154	2.8688490390260345e-08	1.2386728022792308e-08	-0.0012769749141479	0.0002569938658404	6.604584707959356e-08	1.6306649313630365e-06	0.0
801.6382527868544	-4.4599488926808135	642623.8883311608	19.89114412532481	1135.2680648571345	-2.0002920857539266	1288833.579084463	4.001168428329794	758.6507865749028	-1.2645064266096142	1.5989765029370155	575551.0159707187	796.9647617723432	748.7853476418832	1.0197	32.790665	0.0804837151394715	0.0385650911058712	0.0946999789	-0.1134899868	-0.0170925365	0.1070763032	-0.1012621668	0.05436894	0.0657185508	-0.0125942403	0.0039191337	0.1990948212	-0.0083645632	-0.1762772647	-0.0640924685	-0.146835533	-0.1082301732	-0.032478549	0.120300528	-0.0520347553	-0.1433284015	0.0724755264	0.003619127	-0.0537900104	0.0410549912	-0.2132833419	0.0003970667	0.0903717804	0.0174259143	0.0123668446	-0.0178021388	0.0073690442	0.0802386932	0.1037214418	-0.0620846681	0.0277717362	0.0916819959	-0.0560237495	0.0024833996	0.020914602	0.0982589215	-0.081758016	-0.0055018921	-0.0762096668	0.1182602092	-0.0802408543	-0.0179089284	-0.0818870185	0.0544118565	-0.0042052148	0.2356007081	-0.0098502225	-0.068810069	-0.0218802003	-0.056065718	0.0131701727	0.1566839593	-0.1008248177	0.0052262882	-0.0975126279	0.0569299767	-0.0057670074	-0.0053828705	-0.0927528934	0.0256923816	-0.0810065606	-0.1320776274	-0.0533821104	-0.0869300221	-0.2394827123	0.0820929793	0.060563818	0.0413859958	0.0456215761	-0.018275986	0.0838036903	0.0338102601	0.1031572498	-0.0515973232	-0.0045239778	0.0032939736	-0.0940622958	-0.0208671258	0.0581619717	-0.0691289012	0.0806212587	0.0071586986	0.0559562079	-0.1183226616	0.0195926404	-0.0874633709	-0.0087575807	0.1061116351	-0.1945321164	0.1211091143	-0.0782882722	0.0362398452	0.0048927876	0.1081433789	-0.081314149	0.1130730174	-0.1379210609	-0.0513288683	-0.0639260881	-0.1025175039	0.0471979367	0.0335276734	0.0025800472	0.0861724731	-0.120785444	-0.0962735496	0.0936459178	0.1056208884	0.0801273329	-0.1012887642	0.0210916799	-0.0609694666	0.0322224905	-0.014162891	-0.0601105761	-0.0731227308	0.1282045865	-0.0462651033	0.0039993723034825	-0.0133225367397216	0.0001774899851812	1.5994978821862914e-05	0.0466831357044412	0.014151987928713	0.0021793151591992	0.0002002787623344	0.0378246922626175	0.0171482698085868	0.000294063157428	0.0014307073447617	0.0010648562496675	0.0006019274099543	3.62316606854292e-07	1.1339188324559332e-06	-0.0002256806509308	-0.0001143849725655	1.3083921948810189e-08	5.09317562045496e-08	-0.0012778809448771	-9.060307292001712e-07	8.208916822549939e-13	1.63297970927999e-06	0.0
799.568350223029	-2.0699025638253943	639309.5466783764	4.2844966237309405	1126.7876975742088	-8.480367282925727	1269650.515404587	71.91662925331707	756.9584696714732	-1.692316903429628	2.8639365016336447	572986.1248073785	793.5357665129675	719.8299449012773	0.996273	32.0373	0.2187922617497461	0.1103329308761445	0.1451975737	-0.0282315672	0.0636090593	0.1234643439	0.0406046282	0.0999479655	-0.0595024736	-0.004477925	0.008758389	-0.0228948675	-0.0431966733	-0.1685317093	0.0186885449	-0.1132495944	0.0833080617	0.0432051544	0.0661723744	-0.0512629533	-0.0554806182	0.0105797059	0.0477101505	0.09466532	-0.0777528876	0.0356173421	0.1165191648	-0.0160652701	0.2036169372	0.0053983963	-0.0816849067	0.1951959249	0.0030484557	-0.2342027889	-0.1280368579	0.0440063984	-0.1030149447	-0.0472336149	0.0812406786	-0.1341803978	-0.0252825113	-0.1205747099	0.0049960988	0.0877623273	-0.1500344499	0.0437489428	0.0876462171	0.0361021228	0.0726625982	0.0910603914	-0.0733973123	0.1871951005	-0.1430043584	0.046304526	-0.0835020331	-0.0359375607	0.0911871756	0.0159363957	0.1045215059	0.0070364498	-0.0023566697	0.0076528485	0.0088883958	-0.009394177	0.0422109709	-0.0086940903	-0.115346508	-0.010521827	-0.1878277965	-0.0122656617	0.0476830095	0.1445213581	-0.0968645852	0.1457626332	-0.218892123	0.0065313684	0.0068403924	-0.1002334701	-0.0219117685	0.2149618436	-0.0477787964	-0.2030166972	0.0989004413	0.0030970146	0.148281608	-0.117715903	-0.0867858008	-0.0569397103	0.1270129894	0.0406750944	0.1436075753	-0.072333547	-0.0143329713	0.053519812	0.1966129048	-0.0608757173	0.1230811817	-0.0494461484	0.0775539962	-0.0406240228	-0.0079971844	-0.0967806998	0.0490931269	-0.1034276621	-0.1868738759	0.1161636167	-0.0081985943	-0.000325926	0.1267243259	-0.1527787968	-0.1846073943	-0.0498976285	0.0704674189	0.1606948347	0.0508286166	0.0053589	0.071842759	0.1290433677	0.044669281	-0.063080731	-0.0674542747	0.1289999139	-0.0586099215	0.0521162077761374	0.0481168354726549	0.0023152298559025	0.0027160991129655	0.0654374868969966	0.0187543511925554	0.0042820646913946	0.0003517256886537	0.1036746764409883	0.0658499841783707	0.0043362204162916	0.0107484385351436	0.0005319872157657	-0.0005328690339018	2.8394940729143774e-07	2.830103977381415e-07	-0.0001400465526526	8.563409827820002e-05	7.333198787920419e-09	1.961303690987746e-08	-0.0001749622589338	0.0011029186859433	1.2164296278028957e-06	3.0611792051218074e-08	0.0
800.9658369238518	1.3974867008228102	641546.2719191264	1.9529690789766228	1130.267938759121	3.480241184912302	1277505.6133867924	12.112078705159783	755.9178804532829	-1.0405892181902343	1.0828259210137636	571411.8419889837	792.1207301219482	728.5382592593454	1.043915	33.569344	0.1235181247119344	0.065265672141054	0.1120125335	0.099651417	0.0007945186	0.0427353642	0.1452931259	0.0212125624	0.0362067663	0.0768141735	-0.0730316859	-0.0280595789	0.0210651271	0.0227915854	0.0458651989	0.0227699747	-0.005134681	0.0079839473	0.0770915908	0.0274406669	-0.0910749307	0.0651048998	0.064524309	-0.059291746	0.0242673024	0.0175404144	0.0006370513	0.0998225786	0.0955423203	-0.1410773804	0.0576906227	0.1025699677	-0.0600630065	0.0484254287	-0.1881644128	0.1484325705	0.0922905111	0.1018918075	0.040237375	0.1146620849	-0.0752442447	-0.1250335805	0.1180471663	0.0389150375	0.0258549381	0.0013873492	-0.0026888527	0.0077134776	-0.1436774251	0.1021674839	-0.0477552263	-0.1034980534	0.1193122785	-0.052151788	-0.0562336632	0.0379556803	-0.0046138406	0.112655681	0.0386159095	-0.0570375565	0.0180652823	-0.0478664337	-0.0009291552	-0.0400806446	-0.068937764	-0.0575312543	0.0305824137	-0.0968403677	0.0263501348	-0.0257086981	0.075733075	0.1493425788	0.0936259504	-0.0210864297	-0.0987272468	-0.045397273	-0.0643491916	0.0043157605	-0.0793488673	0.0864313683	0.0479258658	0.0312322777	0.0845626539	0.2630280372	0.0673331724	-0.0177084945	-0.0251388064	-0.0788214795	-0.0720882447	0.009138322	0.1045524666	0.0973908627	0.0684606382	-0.0569020493	-0.0154150994	-0.0450872352	0.1094106208	-0.0359488055	-0.023538967	0.0094368929	-0.0048103378	0.0891428032	-0.0877356619	-0.1090247168	-0.0991233769	-0.0012244631	-0.0387336009	0.0696920225	0.1097545878	-0.1047636598	0.0003315343	-0.0529092734	-0.0040018414	-0.0144013757	0.0335076638	-0.0100718622	-0.0136082997	0.0655458325	0.0025731319	-0.0660076536	-0.0616009311	0.1289999139	-0.0703125971	0.0399426021406696	-0.0121736056354678	0.0001481966741678	0.0015954114657678	0.0127511165408122	-0.0526863703561844	0.0001625909730373	0.002775853621309	0.083974706483346	-0.0196999699576422	0.000388088816332	0.0070517513289641	0.0007324435809467	0.0002004563651809	4.01827543415784e-08	5.36473599270025e-07	-0.0001527713565676	-1.2724803915000008e-05	1.619206346751995e-10	2.3339087387504778e-08	-0.0007409446650906	-0.0005659824061568	3.20336084079041e-07	5.489989967262214e-07	0.0
805.1613780336994	4.195541109847568	648284.8446771258	17.602565204420962	1127.3647310673282	-2.903207691792886	1270951.2368545092	8.428614901685378	756.9827569009769	1.064876447694019	1.1339618488534322	573022.8942454036	793.1547284009149	753.6008070983568	1.021868	32.860359	0.0792044167134102	0.0365659935445533	0.0325585848	0.1097403168	-0.0831874101	-0.0355291947	0.1025201541	-0.0557893061	0.0385277173	-0.0412880177	-0.1552117694	0.1839886621	0.0392684192	0.012420839	0.0336993775	0.1268298436	-0.044088704	0.0020233305	-0.0479220009	0.0292326909	-0.0018054832	-0.0471146452	0.0088790334	0.0040672556	-0.0177249237	-0.0288058281	0.0230370881	-0.0973036201	0.1496602579	-0.0394816479	0.0665571239	-0.0736389312	0.0882993771	-0.0085084302	-0.080260425	0.0187997318	0.0336157307	-0.0180351452	0.0313306413	-0.043745383	-0.0729810837	0.014146922	-0.168700009	0.0486743074	-0.0199544799	0.2134199318	-0.0778068233	-0.0543554574	0.1955439599	0.0379274652	0.0197229414	-0.1353718993	-0.0152768788	-0.0238924796	0.1744598553	0.0219268407	-0.038230251	0.0971355483	-0.0679641918	-0.047725434	0.1052602164	-0.0906922169	0.0923715851	-0.0334243031	-0.0524278492	-0.096381898	-0.0227680702	0.0404253859	0.0037954778	0.0204994796	0.0523699254	-0.0602583529	0.00389194	-0.0070522701	-0.0055124854	-0.0019148168	0.0883957325	-0.0987731253	-0.0129003031	-0.0129181002	0.0814721839	0.068472039	0.1278282625	-0.0575254996	0.0814458055	0.1392886791	0.0549353774	0.0364639365	0.0066131611	-0.1146121253	0.1786446304	0.0196373135	0.0731734635	0.058642974	-0.0275692665	-0.0058861939	0.0539172981	-0.005901739	-0.1061118482	0.0145152916	0.0434296673	-0.0128554371	-0.1531022864	-0.0024102818	-0.0338897459	-0.0073696205	0.0861979166	0.0790514708	-0.0782936978	0.0409413624	-0.1108280889	-0.1315308661	0.101936618	-0.2611583635	-0.0529281266	-0.0227650309	0.0711461854	-0.0328525411	-0.162995214	-0.0688893378	-0.0555787436	0.1282045865	-0.0812449131	0.037781815300562	-0.0021607868401075	4.668999768382184e-06	0.0014274655674057	0.0036942679304559	-0.0090568486103563	1.3647615541994918e-05	8.202650675091283e-05	0.0585617020441446	-0.0254130044392014	0.0006458207946268	0.0034294729463071	0.0002808430104043	-0.0004516005705423	2.0394307531422121e-07	7.887279649294977e-08	-0.000323636277814	-0.0001708649212464	2.9194821312538485e-08	1.047404403173006e-07	-0.0009699547097767	-0.000229010044686	5.24456005671295e-08	9.408121390180024e-07	0.0
805.4118337747254	0.2504557410260304	648688.221984366	0.062728078212898	1127.6298384303368	0.2651073630086102	1271549.0525184274	0.070281913921379	756.9531672271061	-0.0295896738708734	0.0008755487997846	572978.0973751472	793.7799555585553	767.6584718580783	0.930038	29.907393	0.0758329022983484	0.0377344331804937	0.0161856131	0.0352392606	-0.106080738	0.0037779374	-0.0488296479	-0.0527307213	-0.1221476926	0.0553214695	-0.1350657598	0.1463617306	-0.0171152546	-0.0467352386	0.0723494558	0.0292102617	-0.1320725986	-0.1088979542	-0.0724403654	-0.0402448273	0.0723638417	-0.0299233295	0.0182464966	-0.0147565253	0.0945698703	-0.2416755895	-0.0967399661	-0.0048627184	0.0756786314	0.1089058519	-0.0462027731	-0.04298493	0.0424272395	0.2795774925	-0.0276874294	-0.1228622173	-0.0270334316	0.2020074425	0.1584579272	-0.0961930707	-0.1159107501	0.1823198446	-0.0245423984	-0.097683387	-0.103618418	-0.0225532946	0.0400929734	0.0140972695	0.0698494082	-0.0441774736	0.1696997906	-0.0597828688	-0.1461168548	0.0222804707	-0.0558378286	-0.032641539	0.0363796894	0.0574973924	-0.1209831582	-0.0801656347	-0.02622829	0.0625500035	0.0880104607	-0.1048261988	0.0189878997	-0.118228952	-0.0400559698	0.1579961763	-0.0398144931	-0.114470126	0.058452347	-0.1121935846	0.0983434156	0.0154823975	0.136481401	-0.1916477375	0.2194355476	0.0369118459	-0.0300157949	-0.066592126	-0.0349557829	-0.025684826	0.0539559448	0.0424555551	-0.0699083256	0.0681763502	0.0382454702	0.3381221795	-0.0621931267	-0.0815012361	-0.1035569854	-0.018916187	-0.1530739206	-0.1473654805	0.0740362485	0.0106138805	0.0561686417	-0.0173924923	-0.0449079527	-0.0076658889	0.0310083749	-0.064366584	-0.1904401962	0.0487210392	0.0906517761	0.0324761051	0.1164618839	0.0217196682	-0.0292229477	0.0356427898	0.010014446	0.0128385286	-0.0686746859	-0.1157257166	-0.0366362901	-0.0421059445	0.0368316775	-0.064060879	0.0060011582	-0.0717238087	-0.0494042187	0.1266188352	-0.0912870929	0.037631179891548	-0.0001506354090139	2.2691026448814896e-08	0.00141610570003	0.0324154408552743	0.0287211729248184	0.0010507608058417	0.0008249057741773	0.0711368531539307	0.0125751511097861	0.0001581344254339	0.0050604518766439	0.0006853606199463	0.000404517609542	1.6363449642957397e-07	4.6971917937317676e-07	-0.0003772543130196	-5.361803520559995e-05	2.8748936993089557e-09	1.4232081669189033e-07	-0.0007403714974297	0.0002295832123469	5.2708451391567654e-08	5.481499542062964e-07	0.0
803.4199547002274	-1.9918790744980013	645483.6236105155	3.967582247423015	1129.9347782812747	2.304939850937899	1276752.6031695534	5.312747716441623	756.9411781467769	-0.0119890803291582	0.000143738047139	572959.9471742307	793.5618717658728	754.6871220124788	0.980495	31.529934	0.0372150143287714	0.0258299002243242	0.0580737094	0.0546507822	-0.0480120993	0.0470695832	-0.0087911971	0.0043939709	-0.1306541384	0.1690335721	-0.031853767	0.0611758021	-0.0031346333	-0.1709636428	0.0645731609	0.0158815272	-0.0052370151	-0.1597575137	-0.0626588369	-0.1120499688	-0.0892347711	-0.0058562813	-0.0193861648	-0.070166406	0.0410781767	0.0456955543	0.0509053324	0.0866308804	0.0545941585	-0.0909565376	-0.139481486	-0.0990035345	-0.0701119007	0.1290838079	-0.1695960844	0.0052540843	0.0302857383	0.0683433084	-0.1952486751	-0.0170867357	-0.1220437236	-0.1588581759	-0.1087073044	-0.0729122037	0.0983273533	0.0649836613	0.1332137301	0.2129625269	-0.0656036387	-0.1183630761	-0.1079232963	0.0172731777	0.0150287827	-0.0119788475	0.0996745789	0.1290774869	0.0033679208	0.0620678895	0.005611853	-0.07941457	-0.0770251665	0.1236112927	0.1112614384	-0.0803809165	0.1093455817	-0.0198170332	-0.0113847206	0.0474136236	-0.0160562391	-0.1162147291	0.2063792807	0.0850389803	0.1943121985	0.07626304	-0.1007606161	-0.0511896091	-0.1142455134	-0.0157774365	0.1622643233	-0.126804904	-0.0929391284	-0.0557919915	-0.0682568901	0.0852606796	-0.1351102113	-0.0479367535	-0.0326556507	-0.1160203662	-0.078675047	0.0212024331	0.0786924748	0.0388897278	0.0915843391	0.1132486094	-0.0893044538	0.0076638573	0.0968587075	-0.0676821518	0.0174246848	-0.1068455192	0.0354156922	-0.0707734333	-0.0065036132	-0.0797988111	0.0197724638	0.0618882985	0.0746662643	0.096395356	0.0591543069	0.0278070016	0.0331513899	-0.0223910748	-0.0802198467	-0.1632356612	-0.0319339247	0.1070487289	0.0614214537	0.0549299703	-0.1298240201	-0.0745091236	-0.0430942802	0.1242524367	-0.1003291122	0.0429763800549665	0.0053452001634184	2.857116478700911e-05	0.0018469692426289	0.0311635685635707	-0.0012518722917035	0.0009711680056163	1.567184234735223e-06	0.0948763517465351	0.0237394985926043	0.0005635637934282	0.0090015221207322	0.0005608648994744	-0.0001244957204719	1.5499184415817458e-08	3.145694354624289e-07	-0.0003642072355596	1.3047077459999976e-05	1.7022623024723937e-10	1.32646910433966e-07	-0.0007403975651187	-2.606768899999709e-08	6.795244098005693e-16	5.481885544336997e-07	0.0
803.8453243748542	0.4253696746267223	646167.3055193145	0.1809393600920436	1125.6786337915412	-4.256144489733515	1267152.3865747906	18.114765917488963	756.3542047479123	-0.5869733988646431	0.3445377709747113	572071.6830398468	791.6286630771052	750.6812594021536	0.946442	30.434883	0.0849691978389964	0.0392286451406631	0.0534272456	0.0863629495	0.0202079915	-0.007182984	0.0965996682	0.063855302	-0.0436985781	0.0222250566	-0.0630200434	0.0090683886	0.0105459745	-0.0900984361	0.0742284359	0.0131861139	0.0904667687	-0.0304832553	-0.0277162316	-0.0304491774	-0.0687269459	-0.0374962894	-0.0593151065	0.021151051	-0.0542713075	-0.001069784	0.0040049344	-0.0347726604	0.0218594313	-0.031746207	0.1632390428	-0.0662199783	0.0496369712	0.0140203166	0.0404251371	0.0956873745	-0.038438575	-0.0378919108	0.0305385291	-0.0148104833	0.0192928856	0.0252417583	0.1457591946	0.0386340634	0.2031708528	0.0342924597	0.0580126237	0.0616486896	-0.0464409733	-0.0509617181	0.0918005782	-0.0656602139	-0.0579008911	-0.0381654782	0.1785200165	0.06435306	-0.0452137638	0.1062770886	0.0753939279	-0.0534579139	-0.0234486116	-0.0610620826	0.1015294097	0.0084141978	-0.0097209404	0.0421603912	-0.0412384082	-0.0778671082	-0.0287004395	-0.0173092941	0.1088541769	-0.0150780991	0.0305005334	-0.0087210466	0.0226356277	0.1018258393	-0.0617949448	0.0009195574	-0.0962076981	0.0258809826	0.096844088	0.1010953613	-0.0427823937	-0.0017451009	-0.0932522151	0.0074282582	0.0383847554	-0.1258446062	-0.0588995656	-0.0869205712	-0.0560272753	0.0875036996	-0.0534313177	0.1097305693	0.0494137029	0.007832999	0.1018523734	-0.0507903305	-0.0092090577	-0.0508083492	-0.0299344794	0.0213518142	0.1023286658	-0.0876406347	-0.059711569	0.0579273994	0.0004444269	-0.0010180477	0.166512246	0.0575517315	0.0493504379	0.1555087204	0.1428600761	-0.0428609484	-0.0392686942	-0.0253819884	-0.0646256625	0.1644459035	-0.210376992	-0.0772433738	-0.0366662233	0.1211199807	-0.1082719048	0.0546654097117169	0.0116890296567504	0.0001366334143163	0.0029883070189498	0.0436431491213795	0.0124795805578088	0.0019047244652309	0.0001557399308988	0.0759610468714129	-0.0189153048751221	0.0003577887585188	0.0057700806418009	0.0007349758939654	0.0001741109944909	3.031463840264502e-08	5.401895647102389e-07	-0.0002070860942486	0.000157121141311	2.4687053046871235e-08	4.2884650431140046e-08	-0.0002339240459344	0.0005064735191843	2.565154256349296e-07	5.472045926631928e-08	0.0
804.9822148891972	1.1368905143430084	647996.3662879176	1.2925200416031102	1127.37157707408	1.692943282538863	1270966.6727944985	2.866056957893461	756.4817301331174	0.1275253852051037	0.01626272387171	572264.6080251946	791.8552758513737	760.3498209393846	0.922316	29.659063	0.1085846617147091	0.0555416070545631	0.0249313457	0.1182577662	0.0356368411	-0.0668771359	0.1440166652	0.0536728073	0.037805191	0.0198831512	-0.0968089829	-0.0669348859	-0.0973175424	-0.0474094576	0.0802427892	0.0697226851	0.0940968387	-0.0872676162	-0.010092425	-0.0547540553	0.0488704529	0.0776405415	0.0521491895	-0.167807649	0.062446885	-0.0607884718	-0.1612766891	-0.0555985296	-0.0373272836	0.0545675422	-0.1246762091	-0.036189327	-0.0673243542	-0.0105459448	0.1675803075	-0.1307690279	-0.0900657352	-0.0270283713	0.0571621552	0.1193876616	-0.0067112833	0.0924406873	0.0321034554	0.1404976359	-0.1209262373	-0.1511110266	0.2395533807	-0.0410216402	-0.0525130968	-0.0927818718	0.0338550056	-0.1231577888	0.0038870701	-0.1028037577	0.0486699574	-0.0468972343	-0.0948295786	0.117756489	0.1065147656	-0.0817445235	-0.0381171975	-0.0504571686	0.0543977233	0.0304835512	0.007579236	-0.0667595572	0.0884392154	0.0359734043	0.0649874216	-0.146087142	0.0031087184	0.0620229264	-0.1485299373	-0.0635332655	-0.091394315	-0.1205273888	-0.0068707357	-0.0010961948	0.007676585	-0.052554133	0.0713691081	0.0554716536	-0.186122333	-0.1068073572	0.0534203801	0.0882009126	-0.0172892206	0.0964166631	-0.0789344318	0.1072463651	-0.1984036679	-0.1306529276	-0.0940729404	0.1335887057	0.004260115	0.0213924977	0.0892166383	-0.0379742085	-0.0406335079	-0.0023472136	-0.111811833	0.154371307	0.0741935258	-0.0884484348	0.0373676397	-0.1015383467	-0.0309526465	-0.0139622625	0.0698269919	0.0388708692	0.0710886593	0.1510656041	0.1680170129	-0.1291474056	0.0567617228	-0.0338253696	-0.1005525207	0.2438693305	-0.2035718534	-0.0799246852	-0.0301376669	0.1172407796	-0.1150284477	0.0532489255373889	-0.0014164841743279	2.006427416121673e-06	0.0028354480708863	0.0061899935663092	-0.0374531555550703	3.831602035094928e-05	0.0014027388610322	0.0957128219406087	0.0197517750691958	0.0003901326183841	0.0091609442838346	0.0005183594278781	-0.0002166164660873	4.6922693380150406e-08	2.686964964701111e-07	-0.0003077372478053	-0.0001006511535566	1.01306547122944e-08	9.47022136867806e-08	-0.0009159213646127	-0.0006819973186783	4.6512034268439086e-07	8.389119461539906e-07	0.0
808.58901838345	3.6068034942528575	653816.2006503113	13.00903144615463	1135.484694117822	8.113117043742022	1289325.490575844	65.82266816545729	759.2914421430402	2.809712009922805	7.894481578704449	576523.4941116577	794.1434292778366	769.2965607533624	1.044039	33.573338	0.1024734100247232	0.0574651874668376	-0.0274481733	0.1437349513	0.0007077551	-0.1424164534	0.1396564976	-0.0839291105	0.1758872033	-0.0550801658	-0.0651039316	-0.0552354187	0.1812672539	-0.0175840828	-0.0526894465	0.2043886616	0.0274183254	0.1069691613	0.0768378583	0.0360142909	0.024429701	-0.0100286162	-0.0207344298	0.0478623041	-0.0628308788	-0.0356596695	-0.097750009	0.123756724	0.0574605863	0.058093909	0.0619828511	0.1312171221	-0.1420991696	-0.11479253	0.0800340536	-0.0774688537	-0.0453197005	0.030607635	0.0642814494	0.0121223062	0.0100296018	-0.0289116839	-0.1810269372	0.1881759454	-0.1570051412	-0.1056344504	-0.0556492449	-0.0491709538	-0.013094462	-0.1430686452	0.0675596344	-0.1054982362	0.059808046	0.1411222631	0.1077405922	0.0755484662	-0.1464191222	0.0196962554	-0.0015491652	-0.0410209428	0.0998992172	-0.1521080139	-0.0652359032	0.0977827131	-0.1846491395	-0.0329821825	-0.134085727	-0.0378767065	-0.0114069318	-0.0912126428	-0.0516478715	0.0433317103	4.01146e-05	0.0107777899	-0.0007450172	0.0056220405	-0.000366234	-0.0125380643	-0.0618298916	-0.0368312796	-0.050835643	-0.0236267954	-0.0140231252	-0.0800845438	0.3162953848	0.0032643852	0.04494914	0.0799035017	0.0501905764	-0.0080898843	-0.026302013	0.0047286307	-0.0740738309	0.0109870276	-0.0580843982	0.0616797405	0.0008425044	-0.0307287511	-0.0835964508	0.0634964199	0.0584965669	0.1421481997	0.0211181276	-0.035991022	-0.0067491055	-0.0534055379	0.052286493	0.0708601605	-0.0280007255	0.0673621463	0.0549883974	-0.2130641694	0.0654060696	0.0354114036	0.0743720293	0.0726789942	-0.0933383893	0.0670099971	-0.045512545	-0.0825512202	-0.0235265052	0.1126387502	-0.1205247148	0.0530082202972295	-0.0002407052401594	5.793901264019448e-08	0.0028098714190796	0.0120307102795322	0.005840716713223	0.00014473798983	3.411397172412248e-05	0.0536249168103779	-0.0420879051302308	0.0017713917582513	0.0028756317029199	-0.0003201738907595	-0.0008385333186376	7.031381264653867e-07	1.0251132032407625e-07	-0.0003003150351035	7.422212701799951e-06	5.508924139076053e-11	9.018912030921644e-08	-0.0011560474920955	-0.0002401261274828	5.766055709988595e-08	1.3364458039802954e-06	0.0
813.2192318399934	4.630213456543402	661325.519034429	21.4388766531556	1132.6258235098746	-2.8588706079474377	1282841.2560814216	8.173141152985753	760.3071855326375	1.015743389597333	1.0317346335106787	578067.0163725605	795.4901467136317	816.0113956460375	1.127153	36.246056	0.0936102459342037	0.0459599556277035	-0.1361588117	0.0193624064	-0.0393247932	-0.1586034094	-0.0165534417	-0.0779209746	-0.0611361628	-0.0937925684	-0.0932334844	0.0600769081	-0.1514167483	-0.0139554798	-0.0839966407	0.0675255449	-0.1066924662	-0.1220163617	0.0306833184	0.0503941715	-0.0516018276	-0.1168359929	0.0250781199	-0.0733689062	-0.1332043005	-0.0706300737	-0.1081598635	0.085246732	-0.0664371632	0.0966390268	-0.1642372964	0.0277184438	-0.0010301445	-0.0298936816	0.090550282	-0.1538027337	0.1048446867	-0.2021672597	-0.0520554497	-0.1350139986	-0.1383112084	-0.0607800207	0.0370348767	-0.0183467713	0.1196236046	-0.0927991254	-0.105599957	0.0098577362	0.0215732409	0.0185366645	0.0660049806	0.0816504483	-0.0153662579	0.0103205486	-0.066538719	-0.0320737421	-0.0966764179	-0.0599505682	-0.1654367811	0.0193702786	-0.0185528093	-0.1134073572	0.0354513724	-0.1077702032	0.0997997219	-0.0654716656	-0.0865388996	-0.0066025571	0.0467350743	-0.0897024521	-0.0886347602	-0.0298071304	-0.0393802093	0.1111593951	-0.0018528208	-0.131067489	0.0133420113	0.0988091787	0.1193658328	-0.0354637936	0.0230976349	-0.0249751371	-0.1223131814	-0.1105415977	0.0506853852	-0.0446447789	0.0053428939	-0.195191458	-0.0837220395	0.0672651795	-0.1236489582	-0.024719658	-0.0936274602	-0.1517495198	-0.0633905312	0.1028935619	-0.0577793812	0.0107823426	-0.1093411328	0.1941711371	0.0804712229	-0.0330074548	-0.127089794	-0.0178675689	0.0103881541	0.0188397642	-0.1158760145	-0.1438164203	0.0524639993	-0.0720816598	0.0423150686	0.0640424569	0.0031268875	-0.0002199707	-0.0016125662	0.0516816499	0.044064319	-0.0395452866	-0.0523959569	-0.0851211787	-0.016850859	0.1073422654	-0.124700488	0.0635910370867947	0.0105828167895652	0.0001119960112015	0.004043819997774	0.0207905454899162	0.0087598352103839	0.0004322467817682	7.673471291308328e-05	0.0323271939944334	-0.0212977228159444	0.0004535929971448	0.0010450474715537	0.0002309229203497	0.0005510968111092	3.037076952147293e-07	5.3325395142833895e-08	-0.0002070856918954	9.322934320810004e-05	8.691710435013706e-09	4.288448378779653e-08	-0.0007409762240466	0.0004150712680489	1.7228415755972188e-07	5.490457646023572e-07	0.0
809.4617295749332	-3.757502265060225	655228.2916464423	14.11882327193272	1129.265177228124	-3.3606462817506326	1275239.8405000663	11.293943431044353	758.8987660847254	-1.408419447912138	1.9836453412571315	575927.3371649187	795.8447433887395	812.9500759658335	1.114836	35.849976	0.1446643562894954	0.0672657822372335	-0.0808754853	-0.0919958755	-0.1423790298	-0.020306612	-0.1193441708	-0.1705920916	-0.0283255268	-0.1503518203	0.010308257	-0.1070404781	-0.1012185539	0.0396942075	-0.010440661	-0.0252384475	-0.1192618001	-0.1804292348	-0.1350280034	0.0145779859	-0.0076225035	-0.0315485784	-0.0180555063	0.0577529479	0.1028146538	0.0029887614	0.1337696471	0.0780451768	0.0922383447	-0.1334594486	0.1382619266	-0.1040698775	-0.0192879001	-0.0380994978	0.0815687089	0.0675232075	0.0459488832	-0.0936346317	-0.0639323708	0.0945499176	-0.0058621908	0.157981561	0.0160719002	-0.0104131752	-0.1211212956	-0.0724278384	-0.2042267825	0.0288678943	0.0325763564	-0.1592409501	-0.0526171395	-0.1362975131	-0.0094857188	0.0780071828	-0.2372849113	-0.1564592508	0.0227366027	-0.0790012212	-0.1601053184	-0.0415785516	-0.1600619878	0.0407627301	0.0734729386	0.012951806	0.0189835558	0.0411162032	-0.0935038123	0.1001217599	0.1557976404	-0.0044344313	-0.1243156268	-0.0360669045	-0.0964346934	-0.0441221416	0.1374429459	0.105543856	-0.1440666907	0.0379431456	0.0810261043	0.0948810966	-0.0978642234	0.1713102149	0.1106784449	-0.093493918	-0.0229518144	0.1958891212	0.0293530174	-0.0485630755	0.1514692266	-0.2163759711	0.0807472936	-0.0600459008	-0.0280978643	0.0115661751	0.1088567332	0.0785320679	-0.0219954456	0.0143562548	-0.034598809	-0.0013299993	0.1129461914	-0.2597598681	-0.0517224357	0.0779015669	0.0894666748	0.0726263706	0.109492349	-0.0336658378	-0.0236640722	0.0768998778	-0.0596280773	0.0906436165	-0.1592820003	0.0367107653	-0.0180547499	0.0296421143	0.1300757953	0.0820205168	0.089419378	-0.0876327994	-0.0101290257	0.1013839798	-0.1275100165	0.0500876617458629	-0.0135033753409318	0.000182341145598	0.0025087738591679	0.0704717765361806	0.0496812310462644	0.0049662712881653	0.0024682247182723	0.0470977887900261	0.0147705947955927	0.0002181704706155	0.0022182017089099	0.0006400015486317	0.000409078628282	1.6734532411708272e-07	4.096019822509743e-07	-7.798240079792684e-05	0.0001291032910974	1.666765977219889e-08	6.081254834208501e-09	5.5024958708058125e-05	0.0007960011827546	6.336178829468147e-07	3.0277460808235012e-09	0.0
805.7888084373498	-3.672921137583444	649295.603802884	13.49034968290726	1134.7984572667156	5.533280038591556	1287767.5386149175	30.617187985475773	756.9905042401839	-1.908261844541471	3.641463267332817	573034.6235098079	793.4979270400081	779.2435906993571	1.150528	36.997719	0.0852280520854358	0.0434278545192273	0.0102193496	-0.0193535528	-0.1354087915	0.0657499846	-0.0888609573	-0.1587771286	0.1008226023	0.1434540528	0.2183397262	-0.0982025446	0.0734887051	0.0014150721	0.1186104755	0.0070355949	-0.0935606133	-0.0103226619	0.0403871252	-0.2300728169	0.0760250285	0.0301633867	-0.147968591	-0.1313652745	0.0713919053	0.1923730509	-0.1801086624	0.0123324409	0.1391130715	0.0163487061	-0.096235076	0.119325377	0.0175258961	-0.0748471465	0.0178710139	0.1053004312	0.1906655245	-0.0118609946	-0.0150844474	0.1011268037	-0.0227690296	0.0483244222	0.1144430494	-0.0635923969	0.1181848468	0.0212803404	0.0185567794	-0.1129797275	0.0611440616	-0.0079872089	0.1166747263	0.2076012755	0.0502668825	0.0686953083	0.0049668294	0.1497736319	0.0416892689	0.0643664218	-0.0424003322	-0.0354312513	-0.048996838	0.1943470409	-0.0662529001	0.216723036	0.0325697694	0.0615679286	-0.1690703891	0.0363767738	0.0051835246	0.0718784287	-0.0114695558	0.1903090501	0.0565444064	-0.2035687875	0.0063335188	-0.146206724	0.1081463922	0.0632523351	0.062665017	-0.0140453615	0.0758120075	-0.082044767	-0.2150357018	0.096539238	0.0070834888	0.1455269885	0.1169180276	-0.1860118983	0.0878798306	0.1134349112	-0.0574855324	0.0863435052	0.0720537257	-0.129370933	-0.0421390016	0.0318163142	0.0588702174	0.025554413	-0.0941436602	-0.1185841323	-0.0624818393	-0.1014458146	0.2034101717	-0.0174075647	-0.0016129343	-0.0276835411	-0.0167920668	0.068172558	-0.0673231649	0.1829703016	-0.0205022649	-0.0407534243	-0.02545489	-0.0350742616	0.1215934403	-0.0997537158	0.1262243115	0.0643488231	-0.07010407	-0.090084361	-0.0033794295	0.0948006283	-0.1289225186	0.0476054069794145	-0.0024822547664484	6.161588725555805e-06	0.0022662747736756	0.0561777260083573	-0.0142940505278233	0.00315593689947	0.0002043198804919	0.0735217381955237	0.0264239494054975	0.0006982251021842	0.0054054459872911	0.0001314846885105	-0.0005085168601212	2.5858939702752415e-07	1.7288223312703207e-08	-0.0002070101904112	-0.0001290277896132	1.664817049248708e-08	4.285321893408128e-08	-0.0001479863392708	-0.0002030112979788	4.1213587107060734e-08	2.1899956610772324e-08	0.0
806.322174764855	0.5333663275052913	650155.4495175255	0.2844796393164817	1126.6125678822473	-8.185889384468283	1269255.8781102311	67.00878501475052	757.5104008315019	0.5198965913180018	0.2702924656640774	573822.0073679027	793.5242437556046	764.9350100598903	1.052366	33.84111	0.1393046198848931	0.0698165786425271	0.0111527522	0.0797880347	-0.0782824891	-0.0006887775	0.0472439286	-0.07676917	-0.0105840185	-0.0138614489	-0.0078110649	-0.0842830653	0.0637828712	-0.0352497972	0.0424917989	0.1344739872	0.0058428783	0.0980571013	0.112477373	0.046096259	-0.0043758699	-0.0145952109	0.0282627769	0.0509776694	0.0629650547	0.0885285106	0.0155542823	-0.0422398689	-0.1869722223	0.0939569312	-0.0881015215	0.0516784696	0.0520823814	-0.0595308597	0.1203939595	-0.0966337638	-0.0008892208	-0.1758656938	-0.0189258508	0.1607052744	-0.1004558322	-0.0313291749	0.1591521083	0.0496297129	-0.0516766124	-0.0257710181	0.0763932844	-0.0105190907	0.0992617451	0.0121186383	-0.0193327614	0.0065908027	0.1185931274	-0.0095523676	-0.120047311	0.110859854	-0.0394313999	0.1002826627	-0.0535748804	-0.0177464099	0.0477465556	-0.0568840993	-0.16884781	0.0257454156	-0.0919113382	0.0857550626	0.0462031676	0.0497834753	0.0272071973	0.0860187294	-0.1433162838	-0.0347190113	0.0188533964	-0.0892666051	-0.0942722209	-0.0404674845	-0.1007188678	0.1841761324	0.0269523991	0.0182721575	0.0947836888	-0.0481342151	-0.0124827894	-0.0705241218	0.1000958915	0.005674691	0.0151616028	0.0263797891	-0.0220742934	-0.0100845491	-0.156297813	-0.0646467255	0.0821906845	0.1713240418	-0.0914486555	0.0497790514	0.0575416919	0.068855383	-0.1106026321	0.0678054673	-0.0429551584	0.1311971822	0.0356032274	0.0400842867	0.0263031042	-0.0494104631	-0.0899401893	0.0163652156	-0.0454630508	0.0497521126	0.0893032079	-0.0982235731	0.0365963362	0.0170601574	0.0003173801	-0.102905593	-0.1365547105	0.0085558531	0.0973742963	-0.0924741833	0.0033794295	0.0876327994	-0.1289225186	0.0547717954196116	0.0071663884401971	5.135712327579068e-05	0.0029999495734877	-0.001228826404926	-0.0574065524132832	1.5100143334433575e-06	0.003295512259979	0.063530671923516	-0.0099910662720077	9.982140525164986e-05	0.0040361462750534	0.0004157689259481	0.0002842842374376	8.081752765547775e-08	1.7286379978403666e-07	-0.0006251541706698	-0.0004181439802585	1.748443882265044e-07	3.908177371058454e-07	-0.0007403703767627	-0.0005923840374919	3.509188478752049e-07	5.481482947877424e-07	0.0
810.9790948055287	4.65692004067364	657687.0922115947	21.686904265227778	1139.6576254597776	13.045057577530317	1298819.5032686186	170.1735272010811	760.0965409730743	2.5861401415724004	6.688120831852115	577746.7515992324	796.600540931228	792.7709338003011	1.071678	34.462124	0.0550976300728735	0.0286138176124079	-0.0627550091	0.0193961723	-0.0774084783	-0.0855686352	0.0038187629	-0.1072793752	-0.1204876689	-0.1333537374	-0.0498291171	0.0438121793	-0.045296036	-0.0189289436	-0.0328739845	0.0936474648	-0.0966582715	-0.0501767319	-0.012787229	0.1822822643	-0.1950009414	-0.036664629	-0.1405196263	-0.045690831	0.0501120367	0.0310724706	-0.0021442241	-0.0400896774	-0.0074536265	0.0224064024	0.184339589	-0.0911046362	0.0929922846	-0.0648350832	-0.0831721734	-0.1020373042	0.1720808353	-0.0084536067	-0.0955784237	-0.0023015559	0.0441993354	0.0474750845	0.0315124035	0.0843988636	-0.0104971556	0.1216077688	-0.1836464911	0.1027644662	-0.0700676128	0.0598302018	-0.0514586301	0.0374075606	-0.0250888379	-0.1790530898	0.0346210555	0.1021422712	-0.0484768757	-0.0112558459	-0.189934568	0.0582381987	0.020557955	-0.1315619399	0.0276865424	-0.1686750462	0.0757938987	-0.0179644644	0.0882447584	-0.0665820394	-0.0809626883	-0.0313110103	-0.0688523227	-0.1259971051	0.1030020351	0.0031715965	0.0414345151	0.0066264323	-0.0505689022	0.1682515002	-0.064320783	0.0872631723	-0.0054272561	0.2329005522	-0.0250395674	-0.0283315574	0.0243652624	0.0165772082	0.0600418041	-0.1576763548	0.0491358972	-0.0024402039	0.1259755619	0.2075520752	0.1756101855	0.0310904404	-0.0109772011	0.0727271569	-0.0217139846	0.0108540149	-0.1157391949	0.1755818698	0.0345005951	-0.0331752015	-0.0253632774	0.0694474106	0.0930657381	0.0645125552	-0.067865312	-0.160166469	0.01616803	-0.0346894909	0.022420342	-0.0647039745	0.0551115327	0.002274905	0.0442351179	-0.0144829002	-0.0800464708	0.0443447148	-0.0116395417	-0.0948006283	0.0101290257	0.0799246852	-0.1275100165	0.056159669290821	0.0013878738712094	1.926193882385769e-06	0.0031539084548543	0.0027845046752474	0.0040133310801733	7.753466286474627e-06	1.6106826359085785e-05	0.0618648558442203	-0.0016658160792956	2.774943210040083e-06	0.0038272603886261	0.0001308522575811	-0.000284916668367	8.117750791335107e-08	1.7122313314070542e-08	-0.0002760698730388	0.0003490842976309	1.2185984685252858e-07	7.621457479965915e-08	-0.0010669815916086	-0.0003266112148459	1.0667488566311469e-07	1.1384497168316213e-06	0.0
807.706423377982	-3.272671427546697	652389.6663660519	10.710378272680538	1132.7407523992704	-6.916873060507214	1283101.612146065	47.84313293517044	758.554747716096	-1.5417932569782806	2.3771264472636946	575405.30528263	796.5088561153028	793.3193667776152	1.114001	35.823124	0.1126008669656199	0.0668837661106244	-0.0183784154	-0.1007856739	-0.146424609	0.0684986314	-0.1416599873	-0.1730975424	-0.0438454534	0.0153349477	0.0197573671	-0.0381394566	-0.0246366642	0.1224597237	0.0297507573	-0.026436345	-0.0822645844	-0.0949053228	0.0466142149	-0.0082322642	-0.0470117178	0.0537151546	0.0278210349	0.0275576082	0.1370154362	-0.0479817271	-0.0319533475	0.0294476595	-0.0118689759	0.1146430691	-0.0493107187	0.002020843	-0.118089839	0.1184278027	-0.006662103	0.0326754562	0.0803429089	-0.0688384626	-0.113915407	-0.0013521229	-0.0263476258	0.0508025863	-0.0788294658	0.0492882893	-0.1205075085	0.0045686848	-0.064569365	-0.0391107693	-0.0325997224	-0.0606820114	-0.2448384516	0.0805649411	-0.0224577444	-0.12339367	0.0248544252	-0.0218174094	0.0942913227	-0.0016632027	-0.133515567	-0.0403763628	-0.0944966021	0.102497681	-0.0992509041	-0.0899393746	0.0302794683	-0.0259041619	-0.0155552538	0.1448003126	0.1064267799	-0.0984494882	-0.063413359	-0.026484261	-0.0572656943	-0.0379023923	0.2360844885	-0.0465270944	0.0315599807	0.0034230777	0.0013549849	-0.0805436599	-0.0403101214	0.0583550749	0.0596462814	-0.0184120312	0.0424059245	-0.1219627923	-0.1705603502	0.0344761347	0.0021579846	0.1326108288	0.1750695642	-0.0955761999	0.0508862654	0.0073595185	-0.0145482907	0.045232226	0.032534243	0.0643909893	-0.017005573	-0.0042270374	0.0418502082	-0.0379568445	-0.1590685092	0.1215184754	0.159893584	-0.0533808383	-0.0661594822	0.0822313834	-0.0594415349	0.0262123863	-0.090232015	0.1885821557	-0.0748016889	0.0180031463	-0.0730830513	0.0681934949	0.0610333202	-0.1609215672	0.0089991529	-0.0970621018	0.016850859	0.0717238087	-0.124700488	0.0581559461178642	0.0019962768270431	3.98512117018965e-06	0.0033821140688639	0.0608087509085635	0.0580242462333161	0.0036977041870597	0.0033668131509444	0.0497773500440246	-0.0120875058001957	0.0001461077964697	0.0024777845774053	0.0007109059903718	0.0005800537327907	3.364623329244249e-07	5.053873271465099e-07	-0.0002073222870424	6.874758599639998e-05	4.726230580332411e-09	4.29825307044913e-08	-0.0009059261482944	0.0001610554433142	2.5938855821133497e-08	8.207021861635273e-07	0.0
804.9346358688974	-2.771787509084561	647919.7680213945	7.682805995517195	1133.8823214303418	1.1415690310714126	1285689.118852261	1.303179852701324	758.2108020011442	-0.3439457149518148	0.118298654833715	574883.6202712182	795.6398003711505	758.2755758488602	1.11338	35.803154	0.0433744254759013	0.0222442455156543	0.0599003411	-0.0540034184	0.0052214208	0.0708674809	-0.0378813687	-0.0249126284	0.0449276677	0.090643353	0.1346362231	0.0139784347	0.0206792627	-0.0696019069	0.0485871718	-0.1042788776	0.0201088503	-0.0931078365	0.007666877	-0.0690922185	0.1083783829	-0.0332534068	0.0779968877	0.1307202619	-0.0075833674	-0.2358553053	0.0629518122	0.023177202	0.0256505972	-0.0122084737	0.0230838308	0.0735155763	0.0440679401	0.0634738841	0.141361903	0.1280918929	0.1235217977	0.0232141409	0.0137301485	0.0047181744	0.1718822402	0.1264520805	-0.0746671333	0.1291918095	-0.1705004075	0.1032196636	0.060061548	-0.0752006317	0.0496304025	0.1721054781	-0.0812513708	0.1198494014	0.1320358983	0.017115017	-0.0698287179	0.0433176704	0.0906405475	0.0199806927	0.0506294442	-0.0697761966	-0.056591732	0.0486635379	0.0089261364	0.0707127687	0.1242401164	0.1464699372	-0.0191567201	0.0461325332	0.0628899651	-0.0196246302	0.0426177263	-0.0725058654	0.0990772771	0.0727709813	0.11206978	0.3071436381	0.2082965813	0.0536761217	0.0317552954	0.030782771	-0.1204728274	-0.1201527376	0.024727184	-0.0037071344	0.0805672636	-0.0224274184	0.0074189669	0.0099894692	0.1624840781	0.0498824793	-0.1124951113	0.1317906667	-0.0154060994	0.0598394878	-0.0891500027	0.006849098	0.0454172222	0.0592447662	0.1132357214	-0.1394082939	0.0743459543	-0.0032329465	0.0782774109	0.1271435721	0.1265413746	0.0530325596	0.073341932	-0.0389154382	-0.0446842988	0.1041596225	0.0224100381	0.0701171463	-0.088057806	0.1443431802	-0.096197053	0.1555482703	0.0082395975	0.0042981366	0.0168501323	-0.0992570537	0.0235265052	0.063080731	-0.1205247148	0.0569196596110259	-0.0012362865068382	1.5284043269904378e-06	0.003239847650235	0.0592492533761799	-0.0015594975323835	0.0035104740256347	2.432032553510524e-06	0.0312522167053401	-0.0185251333386845	0.000343180565216	0.0009767010489975	0.0004859419109119	-0.0002249640794599	5.060883704724022e-08	2.3613954078070894e-07	-0.0001561801352008	5.114215184160001e-05	2.615519694989271e-09	2.4392234631340172e-08	-0.000740962217636	0.0001649639306584	2.7213098418269414e-08	5.49025007964059e-07	0.0
803.5023844547311	-1.4322514141663305	645616.0818244385	2.0513441133814534	1120.8125439948842	-13.06977743545758	1256220.7587762843	170.81908221239615	756.00784804317	-2.2029539579741595	4.853006140954015	571547.8663028649	792.1529904459671	746.0897137397018	1.057456	34.004768	0.1465706611924932	0.0658054446877755	0.0739638498	-0.0213686287	0.1708177345	0.1054533023	0.119723219	0.126673525	-0.0952344941	-0.004209496	0.0072123123	-0.1303346101	-0.186248626	-0.0793092918	0.1202892316	-0.1248893413	0.1471790676	-0.0338347461	0.0172601982	0.0198559925	0.1466185791	0.0178800245	-0.0587664668	-0.0964239209	-0.1059449569	0.0331136441	0.0303818891	0.062971804	-0.1755244427	-0.0525238176	-0.0248973794	-0.0291872574	0.0282494074	-0.158526863	0.0544379775	0.1325080324	-0.0753704451	0.0156714578	0.0256672794	-0.0246951406	-0.0702186202	0.0013371671	-0.1294194254	-0.1492738838	0.0240975938	-0.0418844264	-0.068147638	-0.0980907131	-0.0045424956	-0.0194466636	-0.009337286	0.1567867315	0.0821773964	-0.0984296368	0.0508416169	-0.1599549777	0.0406591194	0.0932812631	0.1826505412	0.1066576386	-0.0851488329	-0.0065984336	-0.0368730843	0.0757853958	0.1780874718	0.0814666789	0.0269143601	-0.0716042325	-0.0340348413	0.1229985885	-0.1309086125	-0.1230950392	-0.164470639	-0.0246853561	-0.1822711346	0.0691026473	0.0290346517	-0.0620758128	0.0325039682	-0.0190852254	-0.0643458212	0.0209729936	-0.0372966532	-0.0328363367	-0.0370491136	0.1027326235	-0.1565532545	-0.0790174491	-0.0330399358	-0.0145926871	0.0519512299	-0.0539654311	0.0237788547	-0.0381168107	-0.1308919274	0.0090313885	0.0414713962	0.0288288649	0.1693086937	-0.0667843572	-0.0021849858	0.04251826	0.2651511074	0.1333211254	0.0491626292	0.1078448005	-0.0253326659	-0.2085654448	-0.0359696198	0.00203018	-0.2310334638	-0.0454357053	-0.0706142595	0.1314079304	0.1532018049	-0.0798308429	0.1571890749	-0.1154863257	-0.0238887227	-0.1013839798	0.0301376669	0.0540487397	-0.1150284477	0.0737179164373316	0.0167982568263056	0.0002821814324025	0.0054343312038614	0.0390242867003962	-0.0202249666757837	0.0015228949524747	0.0004090492770365	0.0612955886631851	0.030043371957845	0.0009026041985974	0.0037571491895663	-9.797418090077713e-05	-0.0005839160918126	3.409580022777908e-07	9.598940123178201e-09	0.0002880087586567	0.0004441888938575	1.973037734263494e-07	8.294904506297326e-08	-0.000178985888655	0.000561976328981	3.158173943349612e-07	3.203594833762006e-08	0.0
807.7718796920082	4.269495237277056	652495.4096211601	18.228589581131462	1142.504057288775	21.691513293890694	1305315.5209213125	470.5217489790367	758.6716021012596	2.66375405808958	7.095585681988707	575582.599834892	794.8180798508856	753.9816686674051	1.097069	35.278625	0.1133279695140413	0.0478482870848629	0.0211245463	0.112310165	0.0996472746	-0.0284450513	0.1687587165	-0.0133279869	0.2445655102	-0.0419518514	0.1137309669	-0.1226693849	0.0552206023	0.0532414762	0.0276198205	0.1518972719	0.0969398877	0.1496533321	0.131300148	0.0356203476	0.1323824425	-0.0480991105	-0.056944435	0.049035414	-0.1494701117	0.0791196692	-0.0455668053	-0.067275605	-0.1688254194	-0.1246245517	-0.0023627876	0.0376868843	0.0800521737	-0.010717386	0.0508272982	0.1910845589	0.099304592	-0.0591978033	0.0133419986	-0.1291237058	0.0725396965	0.016164729	0.1057682328	0.0578871635	-0.0240558386	0.1695183227	-0.0568421301	0.0797140657	-0.0492899994	-0.0017534396	-0.0492213189	-0.1799369349	0.0550297767	-0.0436976017	-0.0439366601	-0.1038513092	-0.1019896557	0.0646245316	0.0747879699	0.0394161081	0.110377152	-0.1072378795	-0.1828573258	0.1824455474	-0.0117361389	-0.0012672546	-0.103358905	-0.0956833511	-0.0665819884	0.1637429132	0.0203894595	-0.010440113	-0.0175093383	-0.0050502493	0.0432567944	0.0757840004	0.1657955028	0.0356122775	-0.045156099	0.0622733544	-0.0662686192	0.0459736079	0.1256653855	0.0704116131	0.0140485506	-0.0464447775	-0.1104777973	-0.0715754126	-0.135872876	-0.0185977127	0.0448605206	0.1054356047	-0.0683939227	0.1123270903	-0.0339339102	0.0347089052	0.0033361746	0.0295159159	0.0560674421	-0.0446340867	0.0570770293	0.1740177188	0.2224991632	0.0631905957	-0.0215038399	0.0823084951	-0.0838751431	-0.0503302553	-0.0341066006	-0.0983178384	0.0865808947	-0.2032587661	0.0009786721	0.0854176721	0.0022707308	-0.0876636163	-0.0375901179	-0.1500366602	0.0854772031	-0.1034414224	0.0366662233	0.0446835199	-0.1082719048	0.0816744478426017	0.00795653140527	6.330639200304936e-05	0.0066707154303938	0.0172000148280488	-0.0218242718723474	0.000295840510085	0.0004762988427581	0.0416986532176224	-0.0195969354455627	0.0003840398788575	0.0017387776801635	-0.0003630604393279	-0.0002650862584271	7.02707244068914e-08	1.3181288260496778e-07	-0.0001638655947879	-0.0004518743534446	2.041904313009753e-07	2.685193315519224e-08	-0.0007410298926005	-0.0005620440039455	3.158934623710893e-07	5.491253017275085e-07	0.0
813.9904511895917	6.218571497583525	662580.4546278351	38.670631470558206	1137.6562889602585	-4.847768328516395	1294261.8318108271	23.50085776696664	762.948770329682	4.277168228422397	18.294168054225988	582090.8261475739	799.0228454535323	813.8148086862425	1.192099	38.334534	0.086694184438559	0.0422291442455233	-0.1067305142	-0.0088736953	-0.0124421592	-0.1130823472	-0.0163359958	-0.0346103658	0.0510606894	-0.1029660367	-0.0298782402	0.1075762098	-0.1941568357	0.0944997997	-0.205567133	0.0640948007	-0.0690799963	-0.044801891	0.0156428119	0.1670030889	-0.0051579914	-0.2029096234	0.0918418785	-0.0001966627	0.0077731211	0.2027987566	-0.1130637302	-0.0731256192	0.0257826955	-0.1430268653	0.0091643017	-0.0407578637	-0.0348514674	0.0078934577	0.0448583967	-0.0407997582	-0.1164078397	-0.0012167847	0.0589799642	0.0189377261	-0.0139281028	-0.0777858177	-0.0313581765	0.0041137147	0.1823297237	-0.0758604178	0.0931542779	0.1683795007	0.004216962	-0.0013284712	-0.0720438362	0.0904260748	0.0165531452	0.025835181	0.0187036998	-0.0051184384	-0.0671302897	-0.1369078441	-0.1015723985	0.0060241685	0.0471023312	-0.248407838	0.0120534663	-0.0304824717	0.1074035119	-0.018808064	0.1695903816	0.0537683582	0.0458139186	0.1044692398	-0.0256019822	0.1870124358	0.1260316317	-0.0707644962	-0.1498411634	0.0355958783	-0.0402324619	-0.1508609169	0.0246001204	-0.0221265886	-0.0708221786	0.0284266435	-0.0322742524	-0.0536055282	-0.0900152851	-0.0915563876	0.0382411731	-0.1293568304	-0.0003781389	-0.0856272276	-0.048729566	-0.0461651648	-0.149298385	0.0070347136	-0.0661097502	0.085726193	-0.0685612564	0.0829043664	-0.0772321656	0.1031398773	-0.0096364487	0.0001627201	0.162921467	0.0594175932	-0.0164781845	-0.0087236458	-0.1917380904	-0.0175653407	-0.0007232527	-0.1688784773	0.0767516084	-0.0392208921	0.0843416037	-0.0740467775	-0.0279276934	0.086419139	-0.1614618226	-0.0898947794	0.0758163209	-0.1054279714	0.0430942802	0.0350428114	-0.1003291122	0.062351809592954	-0.0193226382496476	0.0003733643489267	0.0038877481595159	0.0097444253608642	-0.0074555894671845	9.49538256134534e-05	5.558581430319393e-05	0.0272341435370719	-0.0144645096805505	0.0002092220402987	0.0007416985741978	1.1858530212724753e-05	0.0003749189695406	1.4056423372140394e-07	1.4062473880610577e-10	-0.0002350068361733	-7.114124138540002e-05	5.061076225855753e-09	5.522821304818427e-08	-0.001203998622498	-0.0004629687298975	2.143400448629043e-07	1.4496126829770814e-06	0.0
809.531190520883	-4.45926066870868	655340.7484261582	19.885005711492184	1133.6754554709808	-3.9808334892777566	1285220.0383373357	15.847035269355318	760.914310058432	-2.0344602712500546	4.139028595294846	578990.5872516995	798.4090827372842	808.4152443354214	1.065905	34.276482	0.1037615735750155	0.0515466534880269	-0.0466764901	-0.1087336046	-0.1295634995	0.029009997	-0.1086330973	-0.1195319794	-0.0285996652	-0.0833967532	-0.0715447297	-0.0714625814	-0.1248228808	0.0486564728	-0.0530176431	-0.0502650261	-0.1175638288	-0.1270742713	0.0607244299	0.1260307044	0.2225065168	0.0459072664	0.1535038827	0.0387749042	0.0990511939	0.0210379645	0.0377424201	0.0438749771	-0.09872734	0.0324803055	-0.0267233472	0.0566612001	-0.0198420193	-0.0865341261	0.1040725753	-0.1280040373	-0.0778654928	-0.0109406775	0.0570196393	0.0248079886	0.0943007395	-0.0562696879	-0.0606445668	-0.1536099602	0.0922904788	0.0073397402	-0.0563796927	-0.1166059992	-0.0211263492	-0.0866688846	-0.0290794343	0.0628259885	-0.1087778952	0.0176680555	0.105720414	-0.2330169508	0.0618481923	-0.0939222221	-0.1419198652	-0.0003948935	-0.1401479335	-0.0947205323	-0.0617821596	0.0843563791	0.0434786029	-0.0106060125	0.1306461801	0.1428066398	0.1677977638	0.0300130417	-0.1799208451	-0.0293042812	-0.1972901869	0.0683595756	-0.0721407673	0.009518477	-0.0522109919	-0.0868452005	-0.0629984845	0.0234908245	-0.0183625576	-0.0644413484	-0.0009370137	-0.000923237	0.0443408275	-0.0746976503	-0.0242627103	0.0941943869	0.0001879804	0.1063942439	0.0639851381	-0.0777566159	-0.0421133819	-0.1447732448	-0.0043645169	0.0680731263	0.0031608673	0.0533805893	-0.0631099448	0.0986662616	-0.0107493815	-0.1098499218	0.0184160593	0.0608615629	0.0090909494	-0.0095054056	-0.1852085427	-0.068060898	0.0309523187	-0.0552179083	0.0255279186	-0.0787832357	-0.0044568744	0.0372510687	-0.0770928175	0.0202478393	-0.1293124504	0.1055382197	0.1680066628	-0.1073422654	0.0494042187	0.0251860523	-0.0912870929	0.0663382350092689	0.0039864254163149	1.589158759984143e-05	0.0044007614241449	0.0286053187560497	0.0188608933951855	0.0008182642611352	0.0003557332996645	0.0692309627607983	0.0419968192237264	0.0017637328249103	0.004792926204787	0.0005248946682127	0.0005130361379999	2.632060788939297e-07	2.755144127181205e-07	-0.0002207501644899	1.4256671683400016e-05	2.0325268748825977e-10	4.873063512231791e-08	-0.0009529427213856	0.0002510559011123	6.302906548335911e-08	9.080998302417932e-07	0.0
805.7015736866524	-3.829616834230592	649155.0258411482	14.66596509702234	1137.5859195302585	3.9104640592777287	1294101.7243135038	15.291729158902852	758.686003587039	-2.228306471393012	4.965349730451974	575604.4520388725	796.3610403819933	771.1008375562059	1.047908	33.697731	0.0463917554864591	0.0249550014693045	0.0347809071	-0.0401369524	-0.1701436014	0.1252894689	-0.0743808384	-0.2115307424	0.1131067063	0.0054903401	0.1410926874	-0.0702764191	0.0355122276	0.1131706056	0.0755603287	0.0186698441	-0.0987079516	0.0028448062	0.0175241809	-0.0785598681	0.0843304452	0.0335520751	-0.0553447955	0.0894344973	0.1441790767	-0.0064548373	-0.0720109815	-0.1579987369	-0.0902327061	0.016237862	-0.0054405252	0.0290304168	-0.019089768	0.0830377837	-0.1311328915	0.1642336663	0.0435157582	0.0701383925	0.0196806136	-0.0287077213	0.054273881	-0.10173093	-0.016557505	-0.1379554704	-0.036900068	-0.0717586362	-0.0231482569	0.1651491634	-0.0899451223	0.070457685	-0.0380275707	-0.0928910038	0.0886481653	0.0820086457	-0.0345986626	-0.0311309279	0.0944806975	0.0480245272	-0.0929883094	-0.0171307759	-0.0053866197	0.0902090023	-0.1506802085	0.1191506654	-0.0106500284	-0.0688303047	-0.0069234451	0.0957922367	-0.0084511662	0.1294265459	-0.0020370527	-0.0030911749	0.0380959439	-0.0829323507	0.2123992689	0.0471096749	0.0605724078	0.0558986025	-0.0064487585	-0.0057562453	0.0616786999	-0.020209218	-0.0560223958	0.1231433235	-0.1965193234	0.0015560849	0.0294850811	-0.0046011916	-0.1885292961	0.0336414895	0.0479487808	-0.0835635638	0.075168858	-0.0214744223	0.0637712585	0.0240145605	0.0760422892	0.077718174	-0.1023128471	0.0247774558	-0.1043753215	-0.0281643508	-0.0151943657	0.0649466282	0.034289033	-0.1170475953	-0.0389922398	0.0089796403	-0.054168288	0.0469294628	-0.0143628702	-0.0474815987	0.04258641	0.0226693773	-0.1403361108	-0.0042876034	-0.0558192917	-0.0323979864	0.073906028	-0.1091829923	0.0555787436	0.0151740128	-0.0812449131	0.0619653805799771	-0.0043728544292917	1.9121855859776904e-05	0.0038397083904214	0.0306139140745358	0.0020085953184861	0.000937211734963	4.034455153444279e-06	0.0588026199582571	-0.0104283428025412	0.0001087503336073	0.0034577481139552	0.0006359563549231	0.0001110616867104	1.233469825495904e-08	4.04440485367076e-07	-0.0001641677229304	5.658244155949999e-05	3.2015726928342317e-09	2.6951041252152584e-08	-0.0005289475909327	0.0004239951304529	1.797718706477717e-07	2.79785553953507e-07	0.0
805.1960137839154	-0.5055599027369908	648340.6206135073	0.2555908152554356	1133.1833970123137	-4.402522517944817	1284104.611264367	19.38220452101117	756.5527448205461	-2.1332587664928724	4.550792964818691	572372.0556955023	793.6656030788652	758.2670811710875	1.069562	34.39407	0.0548174813257992	0.0293049904272244	0.063245777	0.0010613925	-0.0261464728	0.0920216482	0.0110067073	-0.0291811437	-0.016594402	0.1401496601	0.0730420854	-0.0415655107	0.0509059804	0.0600878011	0.1715271671	-0.0151387843	0.1158759214	-0.0207813562	0.0606363205	-0.0341242565	-0.0861719331	-0.0335010929	-0.0193518842	0.0644670618	0.022309646	0.0750014752	0.1254919825	0.0317230707	0.0421489962	-0.1244734007	0.1444350002	-0.0649835577	-0.0265261037	-0.0478294031	0.0307562611	-0.2123730337	-0.0311420066	0.1979492281	0.0342446354	0.1202762051	0.0276369038	0.1107611165	-0.101964361	-0.1284919355	0.089075203	-0.0198036834	0.0282186698	0.0507973014	0.1346870645	0.0703841327	0.0251392671	-0.0719924103	0.0682132511	-0.0500622243	0.0564567338	0.0479816135	0.0463018477	0.1300324101	0.0689393469	-0.056677805	-0.0926513348	0.0885387973	-0.1063200278	-0.0790292542	-0.0364027923	0.0197006375	0.0295956153	-0.0539628063	0.0570053258	-0.0083976069	0.1500082061	-0.1694267434	0.1778897828	-0.1044780723	0.0180690175	0.1149214563	-0.0561972566	-0.1739999112	0.0279570346	0.0814119766	-0.0268437218	0.0651509934	-0.0254139831	-0.1096570091	-0.0436124178	-0.0628153588	0.0145659778	0.0946734706	0.099983226	0.047046285	0.0367186043	0.0044732051	-0.0310916253	-0.0527047499	0.0495361809	-0.0067729386	0.0768808293	-0.0107111105	0.0543325702	-0.0912227887	0.0219595037	0.0890122416	-0.1187516281	0.1172589347	0.144065792	-0.0021571107	0.0002451833	0.0807407519	0.0618230839	-0.0336631319	-0.0374842798	0.0950509094	-0.2140732006	0.002107892	-0.0149744443	-0.0058868225	-0.0001225	-0.0105451056	0.0009082978	-0.1109488906	0.0616009311	0.0050684204	-0.0703125971	0.0573001327888391	-0.004665247791138	2.1764536952717987e-05	0.0032833052176185	0.0461917096243951	0.0155777955498593	0.0021336740380244	0.0002426677141932	0.0587272937009402	-7.532625731689752e-05	5.674045041371457e-09	0.0034488950254364	0.0002199088348523	-0.0004160475200708	1.7309553895706273e-07	4.835989564609615e-08	-0.0002550779405414	-9.0910217611e-05	8.264667666079374e-09	6.5064755750842e-08	-0.0007119720878006	-0.0001830244968678	3.349796645374792e-08	5.069042538071453e-07	0.0
805.2449250756916	0.0489112917762213	648419.3893601563	0.0023923144632186	1130.0378548094463	-3.1455422028673183	1276985.553302335	9.89443575001938	757.0268921545596	0.4741473340135371	0.2248156943521447	573089.7154451913	792.6345517566131	749.773529530567	1.008997	32.446476	0.1442604313756761	0.0700327080852121	0.0610060632	0.0578913439	0.0998962085	0.063887323	0.0860157326	0.0443601074	-0.0630855833	0.1289285898	-0.0222260544	-0.0564667909	-0.0221491586	-0.0048485309	0.1322526414	0.0115562522	0.1939910259	0.0317048184	0.1699232049	0.1330808778	-0.0542317096	0.1252008117	0.0306701578	-0.0430865285	-0.0841249669	-0.08186794	0.034624779	-0.0612451889	-0.0933810736	0.1509741212	0.1144986373	0.0580328984	0.102013789	-0.122181888	-0.0414531059	-0.0537551289	0.0649435682	0.0864317157	0.133358724	0.1064758545	0.0706625464	-0.0713855218	-0.1249572224	-0.0382948973	0.011097975	-0.1920812779	0.0073863321	0.0323389665	-0.1573573379	0.0322224536	-0.0234233341	0.0191869032	-0.1102836635	0.003467282	0.0091302353	0.0468809562	-0.0482178169	0.1205879683	0.147215773	0.0124647583	-0.0859514978	-0.0506845022	-0.101842469	-0.0357019104	0.0103940221	0.1263325892	0.0607999961	-0.1865394885	-0.027125566	-0.0402470025	-0.0437907074	-0.1264564173	-0.0411604559	0.0595477505	0.0060565155	-0.0527841168	0.0052314674	-0.0241555324	-0.1170118621	0.191852019	-0.0144368758	0.0514768576	0.0412679859	-0.07276484	-0.0257703002	-0.0210650329	0.0841094313	0.0724904393	-0.1264465126	0.1809871307	-0.0119293964	-0.1592661778	0.0936697434	-0.1442556814	0.0360733789	0.0018786453	0.0864189103	-0.0876702851	0.0931248862	-0.065487039	0.0541230174	0.0635136615	0.0148564043	0.0111882935	0.0505864797	0.13985477	-0.0688280382	-0.0542611806	0.0694747814	-0.0629416801	0.1505199681	0.1244175018	-0.0688902325	0.0781577998	0.0495234541	-0.0775741609	-0.0172877471	0.0487921876	0.1575922685	-0.1126387502	0.0674542747	-0.0050684204	-0.0586099215	0.0739334674044158	0.0166333346155766	0.0002766678204337	0.0054661576024398	0.0248270210409486	-0.0213646885834465	0.0006163809737677	0.0004564499182676	0.0762236832652831	0.0174963895643429	0.0003061236477872	0.0058100498905261	0.0010450166762077	0.0008251078413554	6.80802949866168e-07	1.0920598535521889e-06	-0.0001639231878596	9.11547526818e-05	8.309188936480125e-09	2.687081151805372e-08	0.0001470856904084	0.0008590577782089	7.379802663013833e-07	2.163420032291569e-08	0.0
809.4876125745211	4.2426874988294685	655270.194911598	18.00039721272385	1142.1160786430244	12.078223833578022	1304429.137094919	145.88349097401218	760.0124793435028	2.9855871889432137	8.913730862781842	577618.9687578583	796.3573936063725	776.5199920001259	1.000636	32.177616	0.0419278486805166	0.0273197616121376	-0.0039069269	0.1113245089	0.0479909393	-0.0627314543	0.0969257892	0.0521748144	0.1224473039	0.0398510562	-0.0449527339	0.0208214719	0.0228015811	0.1246724426	0.0058926519	0.0382543329	0.1055209188	0.0715172513	0.0628813869	-0.0745728388	0.0122156548	0.1050146577	-0.0680602969	-0.1161805772	-0.0045280479	0.1687451368	0.0186747227	-0.1338278193	0.1833089206	-0.0366079809	0.1229181532	-0.0186611811	-0.138162844	0.0767207359	0.2158317598	0.1178808245	-0.0928090831	-0.0042960567	0.0364066357	-0.0133364141	0.0545352145	0.0090342513	0.0445201258	-0.0288814877	0.0947732344	-0.1269698525	0.0334273481	-0.0231468926	-0.191176738	0.0253404303	-0.0303811072	0.0584319367	0.0459698955	0.1224074354	0.0342187356	-0.0792760893	-0.0845613486	0.0705515443	0.1360699031	-0.0679327241	0.0749317306	-0.0879069375	0.0031368843	0.1045379997	0.0300602125	0.0666314335	0.0749849415	-0.0702888299	0.1109325264	-0.0082814964	0.0972177897	0.1413408282	-0.0552826201	-0.1556113671	0.1166018427	-0.0627103835	-0.0598783085	-0.0561340215	-0.1637637016	0.0499796428	0.0366001728	0.0733137554	-0.1153013855	0.0287669932	-0.1135829899	0.0406329591	-0.0389951308	0.0055534874	0.1004610286	-0.0706703574	0.0727536698	-0.122568741	-0.1210691062	-0.0639331672	-0.0680498916	0.0200615316	0.034581503	-0.0582250549	0.0510836869	-0.1343066152	0.0969328203	0.0437553389	0.0592602883	-0.0123341646	-0.0406171663	0.0732898554	-0.0942849744	0.1068956326	0.0023947793	-0.0168929169	0.1334580809	-0.0215798402	-0.0707406616	0.0220813398	0.0889370302	-0.0792548336	0.1220637219	-0.092691302	0.0553701195	-0.1142514127	0.0731227308	-0.0151740128	-0.0462651033	0.07384598731403	-8.748009038579696e-05	7.652766213907206e-09	0.0054532298423838	0.0249656187920379	0.0001385977510892	0.0006232821216693	1.9209336607011317e-08	0.0556217969855765	-0.0206018862797066	0.0004244377182819	0.0030937842999046	0.0006330123210287	-0.000412004355179	1.6974758868646364e-07	4.0070459857414205e-07	-0.0001639503054235	-2.7117563899985634e-08	7.353622718698038e-16	2.687970264845893e-08	0.0001570519088522	9.9662184438e-06	9.932551006953932e-11	2.4665302074119737e-08	0.0
811.2667594822599	1.7791469077387774	658153.7550408469	3.1653637193164537	1134.7710133663893	-7.345065276635069	1287705.252776582	53.9499839180302	761.7269396115171	1.7144602680142498	2.939374010599493	580227.9305299278	796.501660066292	795.4803290018707	1.021782	32.857605	0.1405788972635576	0.0696546379934657	-0.0642376589	0.0682917659	-0.0633826801	-0.0871500383	-0.0050955463	-0.0201357931	0.021320761	0.0106065379	-0.1043886711	0.0934748033	0.0671313892	-0.0178559012	-0.1054483871	0.0886762666	-0.0333469786	-0.0539204415	0.0261598882	-0.0756815358	0.0458695833	0.014589387	0.0627723498	0.0690408634	-0.1097042785	0.0565909838	-0.0710561511	-0.0670886797	-0.0188054325	-0.0156492659	-0.0167031161	-0.0062670475	-0.0921218025	0.0717352431	-0.0978311642	-0.0572607016	0.0149510713	-0.0253677148	-0.0618865081	-0.0944732279	0.0698657676	-0.0107987552	0.002633076	0.0386367678	-0.0608334566	-0.0687865923	0.0512949861	-0.1877966356	0.0042504687	0.1681117317	-0.0656071146	-0.0606409843	-0.0925234673	0.1161969582	0.0509130946	0.0213337502	-0.0881786817	-0.0329203645	-0.0263818954	-0.1214464809	-0.0084518948	-0.0267737822	0.0179494471	0.0314574568	-0.0094520478	-0.0579617556	0.0482956857	0.0234130771	-0.0499009761	0.1528387878	0.0460477349	0.0059731414	-0.0173331095	6.45601e-05	0.0294464001	-0.1029072512	0.0854546905	-0.1173133128	-0.0416243901	-0.1203521239	0.0105975182	0.0140608198	0.1313593143	-0.0196003548	0.031962346	-0.0737311333	-0.0807150418	0.0139969163	0.0661092867	0.1066927101	-0.0840424958	0.0290598798	0.0790121731	-0.0055887846	0.0518554286	0.0547233839	-0.0077979934	-0.0038810969	-0.0562800637	-0.1085765376	-0.0021089329	-0.0415990322	0.0196130717	0.0206837429	-0.0342476516	-0.0309709803	-0.0696596091	0.1021085663	-0.1531426555	0.1099851881	0.04605706	-0.1255293646	0.0631600924	-0.0593167065	0.022001949	-0.0240586498	0.0419624703	0.0086641122	-0.0767364818	-0.1157857731	0.0785907625	-0.0251860523	-0.033413395	0.0612017093663155	-0.0126442779477145	0.000159877764819	0.0037456492293589	0.0662237465063952	0.0412581277143573	0.0043855846013432	0.0017022331024942	0.0249340206345607	-0.0306877763510157	0.0009417396173699	0.0006217053850046	0.0005973514887178	-3.5660832310899964e-05	1.2716949611061267e-09	3.56828801073372e-07	-0.000527168835996	-0.0003632185305725	1.3192770095124612e-07	2.779069816453776e-07	-0.0005638430332738	-0.000720894942126	5.196895175828488e-07	3.179189661713996e-07	0.0
810.3280303154895	-0.938729166770372	656631.516714981	0.881212448545397	1130.193261625803	-4.577751740586336	1277336.8086243707	20.955810998441237	760.8635570811783	-0.8633825303387539	0.7454293936941493	578913.3524942235	798.3762612660158	798.3856914018539	0.985059	31.676702	0.0325464617628555	0.0162636496304391	-0.0488591558	0.0331092707	-0.1040206999	-0.0038312156	-0.0570559691	0.027850292	-0.0613166618	0.150202709	-0.0969133983	0.0936065343	0.0380123364	0.0059418802	-0.0108618595	-0.0311932362	-0.0958418973	-0.0322782515	-0.0415669681	-0.0287191286	0.037120947	0.1148720049	0.1703488859	0.0530865809	-0.1765988569	0.048476621	0.0509604842	0.0594765471	-0.1308110877	0.0943696795	0.0445198629	-0.0494183031	-0.0136654	0.221442603	-0.0423855147	-0.0465725724	0.0197996292	0.1672541894	-0.0577874601	0.0420163848	-0.0345426178	-0.0870561396	0.282971316	0.1226661056	-0.0703431641	0.0369485052	0.0559799165	0.0112672921	0.02552848	0.0734165597	0.0398533348	-0.0055724284	-0.0868416029	0.0501253084	0.0219313192	-0.2505676808	0.0145238621	-0.0189615694	-0.0216214438	-0.0991099364	0.010884031	0.1092369144	0.0747591543	-0.0014955558	0.0277574057	0.0752394687	0.1002428074	-0.0115211857	0.0501400343	0.1583887558	0.0231348347	0.0204937763	0.0848278369	0.1826312113	-0.0797839036	-0.0502351677	0.0204997565	0.1401934934	-0.1380099219	-0.2492216964	0.1264587364	0.0124461524	0.0774178033	0.0948729112	0.0233709952	-0.1719107269	-0.0871710318	0.0926279064	0.0302787899	-0.0051549541	-0.1086678344	0.0178087533	-0.0236517682	0.0710914336	0.1243168833	0.0202491984	0.0272065215	0.0596799999	-0.1079879905	-0.072233656	-0.1760845744	0.0595715402	-0.0142018644	-0.0717300206	-0.0088167588	-0.2033745569	-0.082971148	-0.0027716683	-0.0503757583	0.1533925065	0.0793864115	0.0867136597	0.0009926155	0.0198472803	-0.0617308814	0.0662257538	-0.0840385521	-0.0416601305	-0.0539551772	-0.1172407796	0.0838433825	-0.0350428114	-0.0201956026	0.0550879511199013	-0.0061137582464141	3.7378039895597615e-05	0.0030346823585886	0.0558900425462667	-0.0103337039601285	0.0031236968558235	0.0001067854375355	0.0280026699559385	0.0030686493213777	9.416608657592429e-06	0.0007841495246612	0.0005972740223926	-7.74663252000457e-08	6.001031539999237e-15	3.567362578250361e-07	-0.0006072226477982	-8.005381180219997e-05	6.40861278406205e-09	3.687193439990568e-07	-0.0007443187598451	-0.0001804757265713	3.2571487881438645e-08	5.540104162573477e-07	0.0
809.8939453932978	-0.4340849221916869	655928.2027847221	0.1884297196741629	1141.651469893867	11.458208268064029	1303368.078710827	131.29053671433084	759.6948464749427	-1.1687106062356634	1.3658844811277318	577136.2597605867	797.2344117396748	790.1527060725743	1.038233	33.386627	0.0962336264764843	0.046852174876445	-0.0199454035	0.047418058	-0.0254182071	0.0552226262	-0.0644156564	0.0330456375	0.0312842779	0.2747006376	0.0523890607	-0.026852496	0.104458356	0.0021245551	0.0110712559	-0.0029890847	0.0422758856	0.0599282078	-0.0534539497	-0.1503675466	-0.1077901058	0.092393594	0.1034508525	0.0894049034	0.0563176272	-0.0214640202	0.2048793658	0.0213550798	-0.101704712	-0.2106895836	-0.0288278789	-0.1469997955	0.0196582136	0.1291377389	-0.0112679554	-0.0452029903	0.0460395804	-0.0518236796	0.0192712384	-0.0598813212	0.041580155	0.0868354234	0.0601242651	-0.0674230223	-0.0766759658	0.0586691504	0.0740171327	-0.1277705343	0.122409692	0.0647586265	0.0194953124	-0.0990839194	0.1464082819	-0.0748491536	0.1729964489	0.0470295301	0.0205678629	0.0089666755	0.0624482898	-0.0910584351	0.0050326799	0.1827529828	-0.1393586878	-0.0630299625	-0.0877607307	0.0023989341	0.1229897468	-0.0322366397	0.0725273205	-0.0184890396	0.1343689244	0.007076881	0.0639693087	0.0630390126	0.0227368132	0.1716536198	-0.1619847274	-0.0062908438	0.1839506081	-0.0761690234	0.1476583631	-0.0379705603	0.113793466	-0.0106887913	-0.0835133543	0.007208069	-0.0848593793	0.0093502698	0.080331042	0.0034026069	-0.1134770385	0.0050418789	-0.0887629123	0.0135475537	-0.1090190178	-0.0070595681	0.0016326669	0.0056340929	-0.0091053039	-0.0933084771	-0.0351322761	0.1635414983	-0.1640760665	0.0135881252	0.0464164819	-0.0881095923	-0.0874121015	0.1035071951	0.0430653141	-0.0195248669	-0.0107873798	0.1117845223	-0.0125554551	0.0230263659	0.1330037415	-0.0631791984	0.0042899665	-0.0420227927	-0.0169145753	-0.1186154352	0.0888661936	-0.0446835199	-0.0067565429	0.06860642767937	0.0135184765594687	0.0001827492084889	0.0047068419189246	0.0275156347551757	-0.028374407791091	0.0007571101559802	0.0008051070174951	0.0225005433702989	-0.0055021265856395	3.027339696440207e-05	0.0005062744519587	0.0007849620297658	0.0001876880073732	3.522678811172238e-08	6.161653881740447e-07	-0.000336088860122	0.0002711337876762	7.35135308196427e-08	1.1295572189810529e-07	-0.0002263682440888	0.0005179505157563	2.682727367722173e-07	5.1242581931846535e-08	0.0
811.2546284203668	1.3606830270689445	658134.0721334674	1.8514583001535052	1140.81555051852	-0.8359193753469754	1301460.120304874	0.6987612020804774	761.3697525034526	1.674906028509895	2.805310204338789	579683.9000271686	797.9116969515352	790.3758133627427	1.052911	33.858627	0.0812304850510757	0.0376639317902071	-0.0435396162	0.0777839079	-0.053583632	-0.0426986314	-0.0424798954	0.0358597242	-0.079127078	0.0842250259	-0.1448958381	0.09987419	0.1587420737	-0.115371004	-0.0389522162	0.0852308911	-0.0058062678	0.0690664041	-0.0148265872	-0.1087823298	0.1123612731	0.0463127004	0.0067070169	0.1161313787	0.0553897558	0.0225250204	0.0674051382	-0.089241897	-0.0204087391	0.0324544223	0.1623861258	-0.026103672	-0.0407935082	0.0919525089	-0.1230074563	-0.0984881181	-0.2000987684	0.0047039252	-0.005410886	-0.1114321561	-0.1073189812	-0.0016037632	-0.0414152498	-0.0286002198	-0.0929424399	-0.2858654577	-0.0015874868	0.0227644885	0.0715783671	-0.1595616816	-0.0609602753	0.1648949791	0.0854622908	-0.1412815695	-0.0476807498	0.0921742985	-0.0431295964	-0.0187247005	0.0163940944	-0.0838899994	-0.0037215956	0.0033546527	0.0245258286	0.0607180312	-0.1259531891	0.0550922494	0.1128864035	0.1444370394	-0.1786299242	0.0268560545	0.0090074877	-0.1787734324	-0.002185436	-0.0454231593	-0.0178638897	-0.086529613	-0.0448774615	-0.1477719763	-0.0646564955	-0.0161241182	0.0308866795	-0.0273258451	0.163484056	-0.070028031	-0.150933531	-0.0012281788	-0.2045482732	0.065875053	0.1589960521	-0.0265008655	-0.0947518276	-0.1019400495	0.1885409438	-0.0802013188	-0.0016216639	0.0348979584	-0.0437067936	-0.0229794271	-0.0378266598	-0.1380603645	0.1265777942	-0.001708495	-0.0457013408	0.0886725125	0.0724802145	0.0161198827	0.0374926714	0.1404661751	-0.1508744827	0.027434282	0.1032884809	-0.0728572727	0.0283191573	-0.0645229671	-0.099683031	-0.0261277421	-0.1360803252	0.0110930075	0.0866824645	-0.1199087977	0.0936454286	-0.0540487397	0.0067565429	0.0538127865032436	-0.0147936411761264	0.0002188518192479	0.0028958159912436	0.0396029187609912	0.0120872840058155	0.0015683911743896	0.0001461024346372	0.0173125343007001	-0.0051880090695987	2.69154381062394e-05	0.0002997238439129	0.0005097998881136	-0.0002751621416521	7.571420419862537e-08	2.598959259206392e-07	-0.0005846749589757	-0.0002485860988537	6.179504854330152e-08	3.4184480765323654e-07	-0.0006858510195736	-0.0004594827754848	2.111244209672152e-07	4.703916210501467e-07	0.0
812.7051482021055	1.4505197817387625	660489.6579142063	2.1040076372154672	1147.8964391408233	7.080888622303291	1317666.234992182	50.13898368146421	762.1975616293288	0.8278091258762288	0.685267948883966	580945.1229536944	800.0181492834871	799.8308374787173	1.083996	34.858234	0.075772521169301	0.0459874849893477	-0.0478680024	-0.0145195915	-0.0355516901	-0.0347122983	-0.1032590967	0.0064941039	0.0375450607	0.1863156399	0.036534046	0.0129991221	-0.0938148511	0.0248482397	-0.0848822796	-0.1057450217	-0.0730552218	-0.1028064134	0.0105930771	-0.0890875024	-0.0112512087	-0.0277136005	-0.0701754524	-0.0988129125	-0.1000735922	-0.0262886464	0.060834918	0.0379274131	0.0978012522	-0.0786459629	-0.1128209618	0.1096155587	-0.0627516724	-0.0762679339	0.0074953126	-0.0422379965	-0.0635721726	-0.1127660106	-0.0258062887	0.0438758008	-0.0186003377	0.1291463966	0.062468529	-0.0200667639	0.0811851544	0.1463117534	0.0606316061	0.027750946	-0.0799685062	0.1609691747	0.0291510495	-0.1195252475	-0.274317946	0.0036598187	0.146500096	-0.0545864993	0.0720891182	-0.0816297033	0.0181070128	-0.1205622521	0.0386083061	0.1009275221	0.1419752004	0.0418506714	0.205751573	0.0261371201	0.030639786	-0.0738809137	0.0056128525	-0.0440364877	-0.0147520286	0.0171682198	-0.0228783526	0.0723831238	0.0088401774	-0.0479068013	-0.0331728626	-0.0887409287	0.1294902947	0.0868962677	-0.0295263332	-0.0177379653	-0.0904416589	0.1545284455	0.1401666294	-0.0316530022	0.0112835756	-0.004985475	0.0007817374	-0.08564251	0.0687945853	0.0044689797	-0.0276611607	0.1392148723	-0.0349595936	0.0040063311	-0.0290371075	0.0307890125	0.0120862733	-0.1834631516	-0.0391310192	-0.047654435	0.024674965	-0.0213874868	0.0338602963	-0.0279205173	-0.0099586052	-0.0432913127	-0.0494822081	0.0622747819	0.0617349451	0.0278822652	0.0286854439	0.1247188648	0.025062377	0.1255934586	-0.0045873465	-0.031740036	-0.0823045283	-0.1211199807	0.098167988	-0.063080731	0.0201956026	0.0509297684251492	-0.0028830180780944	8.311793238619129e-06	0.0025938413118393	0.0614056275894796	0.0218027088284884	0.0037706510996578	0.0004753581122598	0.0007975541418119	-0.0165149801588882	0.0002727445696484	6.360926091213163e-07	0.0011937978069289	0.0006839979188152	4.678531529436616e-07	1.425153203828251e-06	-0.0005919090775288	-7.234118553099906e-06	5.2332471240304266e-11	3.5035635606099493e-07	-0.0006856467748654	2.0424470820006038e-07	4.17159008277278e-14	4.701114998833245e-07	0.0
808.7383629118127	-3.966785290292819	654057.7396452789	15.735385539283484	1137.6862499024055	-10.210189238417795	1294330.003216999	104.2479642843026	759.2988190142187	-2.898742615110109	8.402708748655394	576534.6965563872	797.0169198298997	779.2732872933087	1.073203	34.511169	0.1456549730299808	0.0793099788764683	0.0068045314	-0.060295318	0.1177972876	0.0686700569	-0.0613148784	0.1711271998	0.0301288831	0.1264645115	-0.0563335933	-0.1528700021	-0.0783998788	-0.089745717	0.0215157928	-0.1615893877	0.1272909586	-0.0903150519	0.0487162255	-0.0068777665	0.1219616597	-0.0328314176	-0.018709973	-0.1071286169	-0.116520343	-0.064386475	-0.0180268755	0.1715139417	0.0896343009	-0.0830972885	0.1359617391	-0.0387849449	0.1155210854	-0.0253534192	0.0453003187	0.0112545851	0.0372302676	0.0589077247	-0.0476666957	0.0163066151	-0.058208167	-0.1409493214	0.0325637179	0.1968440988	-0.1351276992	0.0663637201	0.0194545458	0.0932812821	-0.1139748011	-0.0370314081	0.0956063758	0.1072326216	-0.0073846424	-0.0710349945	0.0835374164	0.008365017	0.0697252381	-0.0280565649	0.2021210327	-0.036297834	-0.1219430386	-0.0026331172	0.0451340992	0.0421960198	0.1157805556	0.092924729	-0.0200147945	-0.0423377079	0.0741135312	-0.0334476178	-0.0747112396	0.036612135	0.035080803	0.1493383964	-0.1803425914	0.0535492125	-0.0303382932	0.1247040635	-0.0156041008	-0.0929508965	-0.0015194475	0.0748602644	0.0705803015	0.1127541439	0.1634043316	0.0596085442	-0.0698998376	0.0426732345	-0.0391711731	-0.0506599984	0.1075472494	0.0750638397	-0.0988919303	-0.1732434072	0.1861083347	-0.0050079782	0.01559727	-0.0442577584	0.0908133391	-0.0941092015	-0.1712665351	-0.0588337847	0.1176748258	-0.0371709611	-0.0020013748	-0.0169520895	-0.0682185008	-0.1731123789	-0.0174785767	0.0810211062	-0.1651280751	0.0438005159	0.0990645797	-0.0446060315	-0.0308251568	0.0779318624	0.094040704	-0.0820844626	0.12418629	-0.1222481541	0.1024214758	-0.0717238087	0.033413395	0.0674120023379174	0.0164822339127682	0.0002716640347552	0.0045443780592073	0.0585612002141999	-0.0028444273752796	0.0034294141705276	8.090767093240562e-06	0.0628053101130774	0.0620077559712654	0.003844961800592	0.0039445069783998	0.0009499942993732	-0.0002438035075556	5.944015029646224e-08	9.02489168841577e-07	-0.0001720300104335	0.0004198790670953	1.762984309848194e-07	2.9594324489750123e-08	-6.291823410305077e-05	0.0006227285407623	3.877908354800048e-07	3.958704182646301e-09	0.0
807.2883826761102	-1.4499802357024691	651714.5328038099	2.102442683927788	1137.36565581191	-0.3205940904954332	1293600.6350204565	0.102780570860594	757.4583204407184	-1.8404985735003263	3.3874349990567367	573743.1072048739	794.9175604564263	770.6213531394592	1.024902	32.957924	0.0491043766368632	0.0295377057316903	0.0182769219	-0.0625538164	0.1556340041	0.0359011272	0.0181287395	0.2111985174	0.0148706759	-0.0616201375	-0.0492348011	-0.1306804931	-0.0950467731	-0.0632067804	0.1117031163	-0.1059278066	0.0974881933	-0.0251182708	-0.1417339834	0.1137116396	-0.0633258004	-0.018077386	0.0135679131	-0.1199479288	-0.1558079127	0.0727383756	0.0238532348	-0.020020056	-0.0467394879	0.0138209157	0.01800515	0.0876118364	-0.0443001627	0.111762612	-6.51539e-05	-0.1723349715	0.0508783695	-0.0495940546	-0.0536181475	0.027988451	-0.1200790554	0.1717581723	0.0119445675	0.0009754319	0.0577735271	0.127146692	0.0433300342	0.0302595342	0.0067941446	-0.1042085298	0.0125444488	0.2243446067	0.0091595978	0.124005994	-0.0717170219	0.0707075082	0.0518869315	0.0268523227	0.0965923299	0.163387096	-0.0973153432	-0.0470618515	0.1302215247	0.0275176123	0.0185970165	-0.0028296327	0.0704028797	-0.1748628878	0.0546598473	0.0867622427	-0.1018158075	-0.0572783892	0.1456311039	0.0968599886	0.0669023287	-0.2492284897	0.0030882468	0.1329117917	0.1006231314	-0.052706264	-0.083145363	-0.059950457	0.0136515924	-0.0420279041	0.0224289745	0.0255130018	0.0169999113	0.053731095	0.1269583274	-0.1311381092	-0.0125802166	0.0405688374	-0.0196480891	-0.035180356	-0.0739748759	-0.0343776154	0.0020177986	-0.0017770689	0.0624138665	0.0948127573	-0.1955965174	-0.0080075681	0.1012628759	-0.0194048323	0.0788616715	-0.0929795194	0.0191417247	-0.11760714	-0.0375522234	0.1311285444	-0.0192358243	0.1207598631	-0.0586570028	-0.0780546449	-0.1472143241	-0.0969044591	0.0195955879	-0.0154863165	0.0102947927	-0.1232925447	0.1063942335	-0.0799246852	0.0462651033	0.0607744702681571	-0.0066375320697603	4.4056831977096496e-05	0.0036935362363751	0.0320371569048489	-0.026524043309351	0.0010263794225459	0.0007035248734763	0.0639463891052969	0.0011410789922195	1.3020612664846804e-06	0.004089140679606	0.0009499665404382	-2.7758935000014168e-08	7.705584723350115e-16	9.02436427952122e-07	-0.0003136035747031	-0.0001415735642696	2.0043074099998572e-08	9.834720206656285e-08	-0.0002173513562091	-0.000154433122106	2.3849589203421907e-08	4.7241612045935076e-08	0.0
808.2064649179981	0.9180822418878734	653197.6899352473	0.8428750028698636	1132.8573676559529	-4.508288155957189	1283365.8154523748	20.324662097143868	758.7340949420663	1.2757745013479962	1.6276005782897285	575677.4268275566	794.4065705913154	768.0993868085188	1.093499	35.163818	0.0771295919847585	0.046859052495452	0.0132851176	0.003395235	0.0202751708	-0.0169180027	0.0699630644	-0.0192153212	-0.0942716743	-0.0254247557	0.0810142766	-0.0247000361	-0.0424290438	-0.0535313545	0.0451745347	0.0595660016	-0.0021429895	0.0945063688	-0.0276877631	0.1435193598	-0.0210240252	-0.0440101173	-0.1250306962	0.0244655049	0.1317531116	0.1594840094	-0.0243639946	-0.0117231407	-0.0351761036	0.116619118	-0.094874999	0.0716326501	0.0285016226	-0.0448460588	-0.1494553268	0.0375511946	0.0705493884	0.0217048372	0.0496135508	-0.109953749	0.001639205	0.2979903561	0.031790743	0.0982451485	0.0203522793	0.031158131	0.2183813385	-0.1191609074	0.024684939	-0.0804125724	0.0957623744	-0.0789148912	-0.0816298913	0.1039934937	0.0463706867	0.0364661175	-0.0414753335	0.0653308986	-0.0714520621	0.1924444405	0.0293057941	0.0380899315	-0.0686821759	-0.0457995093	0.0089664961	-0.0027932303	0.0260194199	-0.0446257069	-0.1691308106	0.0180426645	-0.0004433806	0.0695973114	-0.0678898261	-0.1276071502	0.133910339	-0.2153785392	-0.0889054093	-0.0241920952	0.0970397419	0.0336031115	-0.0371805827	-0.2373190628	0.0396025771	-0.0260482701	0.0725544672	0.1921053103	0.1051558135	0.0820420509	0.0068330288	0.052713749	-0.1009871056	0.1938285943	-0.2780166716	0.0603397418	0.0799591889	-0.0185390566	-0.0432946907	0.022380229	-0.0055174474	0.1007090479	-0.0329778523	0.1196783722	-0.0224063321	0.1377969717	0.1121443155	0.0073756415	0.0947311761	0.1496884742	0.1002524386	-0.0647014185	-0.0947105009	0.1284739977	-0.0442608565	-0.0156949668	0.0701102724	0.0359146661	0.1243877792	-0.0181240794	-0.084429287	-0.1242524367	0.1100753719	-0.0876327994	0.0586099215	0.0672889613843494	0.0065144911161922	4.243859450294835e-05	0.0045278043241844	0.0486219750829661	0.0165848181781171	0.0023640964609685	0.0002750561940012	0.0214477800171124	-0.0424986090881845	0.0018061317744303	0.0004600072676624	0.0009499906304594	2.4090021200073863e-08	5.803291214200083e-16	9.024821979606484e-07	-8.310351611950928e-05	0.0002305000585835	5.313027700703876e-08	6.906194391425539e-09	-0.0002174606796496	-1.0932344050000469e-07	1.1951614642758065e-14	4.728914719366596e-08	0.0
812.172394774997	3.965929856998855	659623.9988345535	15.728599630634958	1145.107129014688	12.249761358735212	1311270.3369202616	150.0566533459624	762.6160076892163	3.881912747149954	15.069246576485304	581583.1751838388	797.8177895999584	777.1568331987226	1.106954	35.596489	0.1085484327413464	0.0487257415264277	-0.0380316261	0.0488418938	0.1833691604	-0.1294599988	0.0681053971	0.0797182948	0.0145892391	-0.056219181	0.2316428199	0.1383390724	0.0704945733	-0.1243148507	-0.134267605	0.0627266602	0.1117903562	0.192456717	0.0395316969	0.1031822392	-0.0250905239	0.1150666065	5.61017e-05	-0.0530658549	0.0424096365	-0.1157654903	-0.1957592826	-0.0515026905	0.1678662053	0.0727854896	-0.0059689843	-0.050115112	-0.0602151075	0.0814943654	-0.0920062173	-0.0890349871	0.079303058	-0.249261086	-0.1081866319	-0.0447992373	0.107596043	0.0194178664	0.1640130534	-0.0952417898	0.0115014444	0.000643207	-0.1102435098	0.0051522837	0.1791464222	-0.0381096317	-0.0074916302	0.0708830539	0.002186105	-0.1036730943	-0.0394436023	0.0207119479	-0.1369565757	-0.0939262878	0.0180998625	0.1695370717	0.1499225736	0.0521057842	-0.1873699749	0.0207602194	0.0554899348	-0.1435639276	0.0567195229	0.0069262163	-0.043100289	-0.2942755569	-0.0459907744	0.0875479758	0.0808573074	0.1593106876	0.1115771463	-0.0543228766	0.1466018125	0.0178496999	-0.0139458658	-0.0438320798	0.0853014878	0.0267600065	-0.0190372442	-0.0858794502	-0.0482295495	-0.1049655151	-0.0123510751	-0.1208784784	0.220491089	-0.052993207	-0.0208849962	0.014330067	0.1153826474	0.0350123966	0.1584449601	0.0148050714	-0.1187310873	-0.0295003998	0.105569114	0.0913369627	0.1109606692	0.1716327272	-0.0078379927	-0.0334803034	0.0237177261	0.0204555931	0.0054939246	0.081606285	0.0265665888	-0.206532104	0.0930340594	-0.0784210128	-0.0228448677	-0.0056659961	0.0055606481	-0.0532822179	0.0216300183	-0.0103801184	-0.1793440299	-0.1251271724	0.1134548014	-0.0948006283	0.0703125971	0.0902254542938436	0.0229364929094942	0.0005260827069872	0.0081406326025304	0.0115382697226635	-0.0370837053603025	0.0001331316681929	0.0013752012032497	0.0056479299434073	-0.0157998500737051	0.0002496352623515	3.189911264563678e-05	0.0008049206364198	-0.0001450699940396	2.1045303170649592e-08	6.478972309344558e-07	-0.0003281941685817	-0.0002450906524621	6.006942792434235e-08	1.0771141229103332e-07	-0.0004818677211047	-0.0002644070414551	6.991108357103898e-08	2.3219650064263695e-07	0.0
816.3035983115842	4.131203536587236	666351.5646164402	17.066842660710886	1146.6410630899031	1.5339340752150292	1314785.7275639432	2.352953747105787	765.1501492145758	2.534141525359473	6.421873270551238	585454.7508430876	801.1358140585091	821.8775747096115	1.121313	36.058228	0.0475882310464812	0.0215281698455997	-0.1156151259	-0.0350779977	0.1880178725	-0.085941356	-0.0626084643	0.1960207203	0.0404193566	0.005799539	0.1686460518	0.0491097849	-0.1711430227	0.0507804226	-0.240544169	-0.106049613	0.1113903472	0.0343776775	-0.0735205554	-0.0560890171	-0.0296078373	-0.012558587	-0.1683830094	0.0789225491	-0.0039778209	0.0922514322	-0.1139161712	0.0779548841	-0.1555059779	-0.0133518156	0.0096153094	-0.0228628109	0.0115789029	-0.0338273685	-0.1045272043	-0.1473165466	0.0647899678	0.0384266148	-0.0401718524	0.0769715021	0.0325147268	-0.1064597076	-0.1129151549	-0.0156615725	-0.0164741695	-0.0137854732	-0.0042323788	0.0614023669	0.0527304892	0.1284202888	-0.0138156259	-0.0713978702	0.1599226554	-0.0059002528	-0.0212685141	-0.1334783786	-0.0261281529	-0.2199402872	0.1583728159	0.0472222496	0.0802120775	-0.0214198984	-0.0053360386	-0.0269029813	0.0412324984	-0.1348841492	0.0058248705	-0.0233450607	-0.0670892979	0.1293441786	-0.0075672678	0.0168933219	0.135691087	-0.0804790882	0.0388810007	0.100111961	-0.161529068	0.107470297	-0.0278119384	-0.0133064711	-0.0751639595	0.1051220998	-0.0440225964	-0.0370672326	0.0021216601	0.0220296581	0.0381988537	0.0272499163	-0.1424504694	0.2550985253	-0.0456793863	-0.0370236596	0.1212155414	0.0911403244	-0.005555005	0.0227457944	-0.1309260922	-0.0364302278	0.1627023009	-0.0208959738	0.0230233767	0.0162085167	-0.0348382876	-0.1476647943	0.0690428885	-0.0284464723	-0.0318869768	-0.0823923647	-0.0934081007	-0.1567090439	0.0439289856	-0.0456217673	0.0168006215	-0.0499890977	-0.0070919422	0.0102906998	-0.0315305705	0.063929602	0.0054809275	-0.1259161521	0.1165232592	-0.1013839798	0.0812449131	0.0857305348897909	-0.0044949194040526	2.0204300448929423e-05	0.0073497246124896	0.0263149453980986	0.014776675675435	0.0006924763513049	0.0002183501440169	0.0082897745188432	0.0026418445754359	6.979342760760096e-06	6.872036157326202e-05	0.0009499851497531	0.0001450645133333	2.1043713028627173e-08	9.024717847514198e-07	-8.366998966224948e-05	0.0002445241789194	5.979207407623147e-08	7.000667170080934e-09	-0.0003579605855263	0.0001239071355784	1.5352978247244e-08	1.2813578079033158e-07	0.0
810.4492369769454	-5.854361334638838	656827.965716513	34.27354663651424	1133.9740760144848	-12.66698707541832	1285897.2050729045	160.45256156881476	763.7104661055477	-1.439683109028124	2.072687454420885	583253.6760391529	801.5934973542527	800.9123202903286	1.153309	37.087128	0.0668927561427846	0.0426206194288782	-0.0281980095	-0.2110885749	0.1044957694	0.0496227651	-0.1373694067	0.1457141916	0.1312028931	-0.1447910692	-0.2067106309	-0.0338069652	-0.0007830933	-0.0138971265	-0.1467051146	-0.2005214482	0.0182482716	-0.0704598014	-0.0422889164	0.0459383098	0.060035491	0.0049610753	-0.1000765569	-0.0796149149	0.0961895902	-0.1168538512	-0.1076406575	-0.039950464	-0.0917529923	-0.0590060652	0.0789225257	0.0991775528	-0.0885878203	-0.0317737478	-0.0369968272	-0.0623144586	-0.133691048	0.0925465991	0.0379502557	0.0194473444	-0.0830752826	-0.0350526784	-0.0290079611	0.0078299253	-0.1315830488	0.1033559623	0.182469608	0.0107843616	-0.0069426517	-0.1276962942	-0.0596661171	-0.1033770336	-0.0462341075	0.0891593873	-0.0521693776	0.0654712756	0.118244253	-0.1978285999	0.0919378639	0.0006834159	-0.0647448662	-0.133185902	0.1414268271	0.0454668238	-0.1439314952	-0.1059841156	0.0516965287	0.0288137626	-0.036362268	-0.1318852332	0.0024344948	-0.1273015421	0.0072071842	-0.0823408129	-0.0512194662	-0.0729702924	0.0274194353	0.0471628952	0.038434852	-0.0172767841	-0.024048901	-0.0862513547	-0.0369288341	0.0966546078	0.0362028797	0.0209679496	0.0465113695	0.0719584073	0.0232229015	0.0443257495	0.1178656507	0.0036049784	-0.1210899576	0.053124544	-0.1071080122	-0.0250058403	-0.0805669889	-0.024880856	0.2001660264	0.0016291405	0.0140975451	-0.1273221952	-0.0377849184	-0.0922645813	0.0261509132	-0.0230314832	-0.1096496625	0.0381975767	-0.0294655354	-0.0720719251	-0.0398524731	-0.1360213401	-0.0678496268	-0.0148142585	-0.0418073233	-0.0800262306	0.0036158854	0.0840340262	-0.0617940776	-0.1266188352	0.1192723348	-0.1073422654	0.0912870929	0.0814055407799116	-0.0043249941098792	1.870557405049063e-05	0.0066268620696698	0.0484364889748718	0.0221215435767732	0.0023460934642128	0.000489362690219	0.0443087093374856	0.0360189348186423	0.0012973636654696	0.0019632617231537	0.0009499890098243	3.86007120007064e-09	1.4900149669614792e-17	9.02479118786954e-07	-8.312818904765429e-05	5.418006145951892e-07	2.935479059757248e-13	6.91029581434255e-09	-0.0002699605734623	8.8000012064e-05	7.744002123264146e-09	7.287871122409389e-08	0.0
805.5612840876489	-4.887952889296457	648928.9824209418	23.892083447981584	1127.4063551074962	-6.567720906988598	1271045.0895367698	43.134957912095125	761.5626469555874	-2.1478191499602417	4.613127100935936	579977.6652380007	798.8778072151024	759.3384272509677	1.128252	36.281384	0.1056513149753957	0.0549154833382342	0.1027013357	-0.2338276988	0.0231370426	0.1124046701	-0.0365561126	0.0281860971	0.1681879849	-0.2760576934	-0.058383458	-0.0332393343	-0.0615008177	-0.0696176853	0.00467998	-0.1565802289	0.0046786234	-0.0725752419	-0.0916460715	0.0250855788	0.032160937	0.0931291833	0.0162418935	0.0565356676	-0.1106913714	-0.1242872481	-0.1284702791	-0.1492208877	0.0925956776	-0.0017973066	-0.0971409978	0.0299508906	0.1243983559	-0.1011903889	-0.1264934106	0.1173836316	0.013353705	-0.0301091145	0.0336649793	-0.0257178139	0.0656111287	0.0651900399	0.0028316748	0.0605542737	0.1054241058	-0.0505916854	-0.2163369069	-0.0884735977	0.0870604508	-0.0648149148	-0.1860931879	0.0342137718	0.0193554641	0.0671835749	-0.0586225087	-0.0170938694	0.132709393	-0.0611201202	0.0277162342	0.0779506742	-0.1227061352	-0.1204312317	0.1627745212	0.1362366921	-0.1060127465	-0.0911910334	-0.0702966201	-0.0168895449	-0.0752721899	-0.0451007512	0.0751138277	0.1263417253	-0.2226757156	0.0462775284	0.0627007058	-0.0254668291	0.1703744643	-0.0605858447	0.0832161212	0.0802476388	0.0955902721	0.1243330042	0.1601511765	-0.0410405233	-0.0523723951	0.0247008882	0.0955107548	-0.1014924422	0.0167093417	0.0796911433	0.0082399673	0.037328551	0.0803419016	0.0989129252	-0.01834167	-0.0707230942	0.0229409797	-0.0393311803	0.1470434108	0.0407806383	-0.0683348885	-0.1867170483	0.0307562403	-0.0311450969	-0.0561157992	0.0094479311	-0.0753151623	0.0903328865	0.0801768085	-0.0008188684	0.0161860314	-0.137105974	-0.0272143038	-0.0824328333	-0.0890439179	0.1302760269	0.015818657	-0.0834775675	-0.1537695459	-0.1272347401	0.1216944932	-0.1126387502	0.1003291122	0.0605086940582566	-0.020896846721655	0.0004366782029083	0.0036613020566356	0.0571042481235792	0.0086677591487073	0.0032608951537592	7.513004866000079e-05	0.0829141229001777	0.0386054135626921	0.0014903779563464	0.0068747517763057	0.0016909908292409	0.0007410018194165	5.490836963787114e-07	2.859449984576826e-06	-8.372145600787917e-05	-5.932669602248808e-07	3.519656860944703e-13	7.009282196079247e-09	-0.0002619297489923	8.030824470000046e-06	6.449414166795152e-11	6.860719340716928e-08	0.0
802.9180688626612	-2.643215224987671	644677.4253061452	6.986586725606624	1127.8843542573416	0.4779991498453455	1272123.1165785005	0.2284831872528731	758.5517304801562	-3.0109164754312587	9.065618022023394	575400.7278144395	796.4413158898909	738.4194748506168	1.050077	33.767487	0.0943005499167032	0.0456856219090441	0.1363776802	-0.0991841567	-0.0661831573	0.1534186954	0.0026812868	-0.1202043693	-0.0022231462	-0.1307000842	0.0405596108	-0.1130623673	-0.0485627238	0.1361044934	0.1297192186	-0.0708558889	-0.1060154962	-0.0561775445	-0.0348479665	0.0977593038	0.0136959182	0.100256875	0.0411723857	-0.1442954493	0.1201696232	0.0142425908	0.0388756045	0.1505760527	-0.0122886323	-0.0144910626	-0.066117024	-0.0214502326	0.0126796366	-0.0977441261	-0.1272792891	0.1685112942	-0.0366622452	-0.0471378382	-0.1892505845	-0.0153452272	0.2070072649	-0.1318763288	-0.0064182054	0.0993682906	0.0415832386	-0.0524359448	0.0204952871	0.1447938238	0.0568743281	-0.0246586496	0.0430920398	-0.0695055834	-0.0430349392	-0.0291464448	-0.0063567698	0.1044213436	0.1245249683	0.0673646059	-0.0792954398	0.0904229978	-0.1156898944	0.0304810201	0.0132019995	0.0110172801	-0.02154315	-0.0472528398	-0.0104650503	-0.0251346012	0.1094958051	-0.157755918	0.0372296212	0.200136641	-0.1219607215	-0.0587021173	-0.1329951275	0.0783066212	-0.0868032318	0.0344721719	0.0041574797	-0.1160213859	-0.1165085413	-0.0687619726	0.0157203547	-0.0048163692	-0.0705623737	0.0446436643	0.0867999465	-0.0220581632	-0.1324793926	0.0155030299	0.0193561345	0.0873455679	0.0852184359	0.0556414544	0.1884008015	-0.0773985028	0.0980588511	-0.0047337042	-0.0499598388	0.1519997461	-0.1347682129	-0.0818896036	-0.0183984985	-0.0086849472	-0.0947367677	0.0282535499	-0.063163405	0.0089797935	0.1586830938	-0.1096424297	-0.005185777	-0.0178353229	-0.0051688324	-0.0988415507	-0.0706749322	0.2326869039	0.1381732352	-0.0307288058	0.03745482	-0.1277634447	0.1237830955	-0.1172407796	0.1082719048	0.0768422990530126	0.0163336049947559	0.0002667866521247	0.0059047389237526	0.0267841561799855	-0.0303200919435937	0.0007173910222738	0.0009193079754679	0.1095760171657502	0.0266618942655725	0.0007108566058285	0.0120069035379087	0.0017714596315791	8.046880233819999e-05	6.4752281497443e-09	3.1380692263143606e-06	-0.0003756900677043	-0.0002919686116964	8.524567021593537e-08	1.411430269716615e-07	-0.0002146679887713	4.726176022099997e-05	2.233673979187295e-09	4.6082345403114986e-08	0.0
804.9556724624812	2.0376035998199318	647953.6346295252	4.151828429999143	1125.097517681606	-2.786836575735606	1265844.4242933115	7.766458099857758	757.4458319257632	-1.1058985543929791	1.2230116126084816	573724.1883017115	794.0610408263315	733.7699985902344	1.048093	33.703682	0.0686389297913071	0.0435873684962264	0.0987561728	0.0615654013	-0.0627331898	0.0519705399	0.0888420166	-0.1024296044	-0.1402695027	-0.0388607305	-0.0122553907	-0.0489738323	0.0837085827	0.0407967338	0.1301349931	0.0596746855	-0.0512301404	-0.0141121382	-0.0919726249	0.0121266223	-0.0740937703	-0.0276384013	0.0066969824	0.1830763087	0.0040456303	0.0030268083	0.0732992355	0.0163240852	-0.0078196687	0.0361930774	-0.0720913915	-0.0115824459	-0.1361888821	-0.0053182842	-0.0509412738	0.0624550796	-0.0336542501	0.1685561274	0.0787376905	-0.0033411471	-0.0026765329	0.0318126391	0.0225077821	0.0824531325	0.0109808177	0.0466259158	-0.0749435388	-0.0151779446	-0.1177162238	0.0008610702	0.1453877062	0.0852187502	0.0801846708	-0.0851361885	-0.0110109917	-0.035311307	0.011264793	0.1425729011	-0.0954119726	0.0385432049	-0.000656523	0.060625709	-0.0008721576	-0.1329024303	-0.0862233275	-0.05793205	0.0004474208	0.0853744178	-0.01981653	0.1662244272	0.0505589571	0.00940646	-0.0393287847	0.0312798931	0.0633107454	0.066917346	-0.0468716133	-0.0379870109	0.0177697938	0.044287297	-0.077716169	0.014276725	-0.1177082097	0.1251915075	0.0942216917	-0.0464288096	-0.0883392929	0.0773537038	-0.0760752544	-0.084083153	0.1463507915	0.0349431845	-0.0144190816	0.0078524678	0.1113921103	-0.0560812505	0.0893418086	-0.0900480648	-0.1050460476	0.1486782358	-0.0418409672	-0.015414217	-0.1835356855	0.0125101192	-0.0438447735	0.0377729732	0.0335139865	-0.1092727972	0.0179629978	-0.0683781994	-0.0679693436	-0.0212085928	-0.0865914838	-0.0113204618	-0.0694065368	-0.0234255494	0.0883511538	0.0653767057	-0.0714198877	-0.1282045865	0.1255324169	-0.1211199807	0.1150284477	0.0791957463127914	0.0023534472597788	5.538714004560363e-06	0.00627196623404	0.0513377851872007	0.0245536290072152	0.0026355681879271	0.0006028806974239	0.1094877082513221	-8.830891442809796e-05	7.798464367469128e-09	0.0119875582581266	0.0010889761911366	-0.0006824834404425	4.657836464782314e-07	1.1858691448623768e-06	-0.0002476050415041	0.0001280850262002	1.6405773936705922e-08	6.130825657824709e-08	-0.0001923655632163	2.2302425555000016e-05	4.973981856363176e-10	3.7004509911524314e-08	0.0
807.5262523786956	2.570579916214456	652098.6482807809	6.607881105645118	1124.6408187169109	-0.4566989646950787	1264816.9711242437	0.2085739443535568	759.660055262905	2.2142233371417888	4.90278498674332	577083.3995620399	795.2080645882801	752.258625134048	0.991754	31.891983	0.0453828959873044	0.0278031193057162	0.0381101976	0.0904052928	-0.0289422707	-0.0374761941	0.0972074855	-0.1190866604	-0.1026243455	-0.0268081721	-0.0123278359	0.0866337203	0.2026758047	-0.0643928906	0.059929702	0.1551080473	-0.015781304	0.024792712	-0.0161447228	-0.0477626196	-0.0966818109	0.0894485154	0.1406712039	0.0001130416	0.0458468309	0.0461936253	0.0027242721	0.0025878524	0.1380933787	-0.0438569769	-0.0567884919	-0.0415024591	-0.0344004921	0.0131160134	0.1077469966	-0.0033206116	-0.0878072182	-0.0692855226	0.0368510188	0.004306378	0.0284067026	-0.0173312588	-0.0810722354	-0.1410647895	-0.1324178332	0.052510331	-0.2693356705	0.0149554959	-0.19650177	-0.0131197778	0.0299186183	-0.0452810768	-0.0288927107	0.0766956009	0.0722233249	0.0586050846	-0.1107343883	0.0803159717	-0.0887454655	-0.0074359992	0.0048005401	0.0605884587	-0.0443703325	-0.052889375	-0.1060730766	-0.1076984818	-0.0328304706	0.0635848061	0.0327557111	-0.0598341623	0.0801958063	0.0871901112	-0.0201775651	0.0907075782	0.0405478124	0.0423449997	-0.0359326755	-0.0753145542	-0.0598835731	0.2136571934	-7.58436e-05	0.043759243	-0.1960383519	-0.0799366916	-0.039144944	0.0402835561	0.0079331692	0.0114587448	-0.0221711427	-0.1687806818	0.0125283386	0.0102992892	0.1299103815	-0.1447939344	-0.1363280157	-0.0275837112	0.0108803412	-0.1353059224	-0.054712725	0.0820217019	0.116545625	-0.052723922	-0.1490348069	0.064276539	0.0131903087	0.1773476082	0.1540896966	-0.0376018193	-0.0155453722	-0.035741033	0.0236249584	-0.0691254075	0.0459455366	-0.0826979268	0.0431645238	-0.0625961871	-0.1051194507	0.022283982	0.1020804631	-0.1285578634	0.1269376627	-0.1242524367	0.1205247148	0.0772895752749889	-0.0019061710378024	3.6334880253570414e-06	0.0059736784461881	0.0473766633465686	-0.0039611218406321	0.002244548229854	1.5690486236332665e-05	0.083370110190259	-0.0261175980610631	0.0006821289284792	0.0069505752731359	0.0011329940120844	4.40178209477999e-05	1.9375685609925722e-09	1.2836754314191054e-06	-8.307534318996446e-05	0.0001645296983141	2.7070021627340454e-08	6.901512646130373e-09	-0.0001329529815221	5.94125816942e-05	3.529854863569989e-09	1.7676495295615863e-08	0.0
811.6577804427055	4.131528064009899	658788.3525531791	17.069524143701383	1133.2446542342907	8.60383551737982	1284243.446350597	74.02598561012648	761.3330872411203	1.6730319782153629	2.7990360001312102	579628.0697280953	797.6629280952429	784.515043322378	1.035234	33.290195	0.1494355925799355	0.0917827748532522	-0.0328352039	0.0581345946	-0.0452844629	-0.1067491251	0.0457705827	-0.0627820265	-0.1008710244	-0.0705493416	0.0306358903	0.125567431	-0.0091683065	0.0591364727	-0.0254774543	0.0782069591	-0.0622760669	0.0301838752	-0.0299040301	-0.0494710919	0.0475141438	-0.0681845475	-0.0432359467	-0.0177402844	-0.0275261749	-0.0675278234	0.0511855391	0.0741037771	0.1228322823	0.0969697164	-0.0668590762	-0.0851087861	0.184809693	0.096399314	0.1687589581	0.0621161762	-0.0465673807	-0.0016077155	0.0741565572	-0.0146555251	-0.0172478837	-0.0579058181	-0.0926599508	-0.0399420847	0.0231120923	-0.0714051384	-0.0009224806	0.0480522389	-0.0671748848	0.0781032587	0.0470876123	-0.0227701643	-0.0282247897	0.089728551	-0.1171987847	0.1621900078	-0.0817243178	-0.0166108367	-0.0633381341	-0.005775618	0.1168277506	0.0241351555	0.1546369937	-0.0034421105	0.1302653359	0.0857293275	-0.1988783516	0.0715107557	-0.0796023371	-0.0563264478	0.016808076	-0.0193982425	-0.0265744241	0.02233589	-0.0217238434	0.1211815496	0.0132123612	-0.0018233202	-0.1309544996	0.0782332019	-0.0467312931	0.0258863822	-0.0485996448	-0.0483316553	-0.1172057586	-0.0332940935	0.0143439418	0.0888660098	-0.0783124652	-0.1079170014	-0.1247318594	0.0251367759	0.0232928662	-0.1257382178	-0.1155346004	-0.0127768527	-0.0369631607	-0.0349202833	-0.059110715	-0.0403947031	0.1473430581	-0.1487692992	0.085976125	-0.0206771936	-0.0559567951	0.1311938449	0.2519586538	-0.1117649662	0.0437108131	0.1066208622	0.1164758153	0.0012439144	0.1853634741	0.0814784687	0.1389663118	0.107873053	-0.0892071972	0.0973259956	0.053465081	-0.1288230331	0.1279949812	-0.1266188352	0.124700488	0.0727594920213619	-0.004530083253627	2.05216542847919e-05	0.0052939436792066	0.0516378193234743	0.0042611559769056	0.0026664643844837	1.8157450259519152e-05	0.005313587579323	-0.078056522610936	0.0060928207221115	2.823421296313566e-05	0.001652913155877	0.0005199191437926	2.703159160820305e-07	2.732121900871264e-06	-0.0002530742902668	-0.0001699989470768	2.8899642007232737e-08	6.404659639404455e-08	-0.000694791505422	-0.0005618385238999	3.156625269380185e-07	4.82735236006569e-07	0.0
809.656207035922	-2.001573406783564	655543.1735917957	4.006296102743161	1126.355870668053	-6.888783566237635	1268677.5473883878	47.4553390224657	760.5136088983676	-0.8194783427527454	0.6715447542407862	578380.9493196192	797.1570507354531	789.9291266280077	1.064937	34.245361	0.0871632011618544	0.0480648081124753	-0.0488857604	0.059282687	-0.1088531021	-0.0466754725	-0.0280286672	-0.0404849766	-0.0456018678	0.0352554572	-0.0542226514	0.102553425	-0.0205871919	0.020783891	-0.0057614513	0.0931233149	-0.0878665399	0.0691230236	0.0468961388	-0.1253636354	-0.0335490195	-0.2190004728	-0.1452303658	0.0066983879	-0.0352315241	-0.0251100258	0.0655374922	0.0046666429	-0.0762029384	0.0875454184	-0.0468906287	-0.0351270885	0.1048620279	0.0163001899	0.1676528692	0.1269326695	0.1527700022	0.0822248731	0.1747048395	-0.0367125065	-0.1456388982	-0.1108068698	-0.0639897376	0.0430861875	0.2018325223	0.0805829042	0.0446045096	-0.17320948	0.1199645195	-0.0533662353	-0.0255280511	0.0276035391	-0.0598258984	-0.0979665756	-0.0904911206	-0.0361389924	-0.0222355239	0.0258587294	-0.0907997015	-0.0829056741	0.1651316321	0.0321108008	0.0737752411	-0.0418022126	0.023549115	0.22599716	-0.2561333125	0.025718294	-0.0815366671	0.1303021104	-0.0200970218	-0.1497439162	-0.0149935839	-0.1473390701	-0.0853678698	-0.0063262907	0.1119854377	0.0585385093	-0.0340026484	-0.1446346181	0.0256499225	-0.0078224592	0.0755915156	-0.0125412182	0.0321839379	0.0021001279	0.0888087026	-0.0652388996	-0.0150077763	0.0634191825	0.0403353344	0.0023924351	-0.0968294309	-0.0266058967	-0.1361065448	-0.0417634418	-0.0472164573	0.1617961517	-0.1565088254	-0.0754404376	0.0378867611	-0.011618743	0.1169897575	-0.0728927556	-0.2141981327	-0.1145454407	0.2531952392	0.045488226	-0.0567030373	0.1687313616	-0.1007963321	0.1903972475	0.1296816817	0.07377825	0.0523873364	-0.1551996452	-0.0487693359	0.0689064002	0.0369287117	-0.1289999139	0.1287014744	-0.1282045865	0.1275100165	0.0656996043297368	-0.007059887691625	4.984201421835946e-05	0.0043164380090839	0.0569129882268981	0.0052751689034238	0.003239088228915	2.7827406959649505e-05	-0.0383419039942225	-0.0436554915735455	0.0019058019445279	0.0014701016019021	0.0014162875589479	-0.0002366255969291	5.5991673122052995e-08	2.005870449630601e-06	-0.0005315690117617	-0.0002784947214948	7.75593099005219e-08	2.825656142653104e-07	-0.0008031242468632	-0.0001083327414412	1.17359828681659e-08	6.450085558995822e-07	0.0
811.4147115017483	1.7585044658263769	658393.8340414655	3.092337956331311	1138.0934783625723	11.737607694519284	1295256.765491419	137.7714343904383	760.8754236462734	0.3618147479057825	0.1309099118021249	578931.410308896	797.2678807928606	781.987371719456	1.008706	32.437107	0.1599191233596029	0.0808539655287051	-0.0349409681	0.092246853	-0.0276737832	-0.0542589508	0.028132065	-0.0065295448	-0.0126142961	0.0532513331	0.0100775707	0.0279136941	0.1094913508	0.0297060182	-0.0287087422	0.072891469	-0.079767069	0.0888237153	0.0726364698	-0.0089210892	-0.1148702992	-0.1609617505	0.1773650268	-0.0074312721	0.117756807	-0.100525483	0.0823880883	-0.0329527969	0.0271592788	-0.0012917518	0.054372272	0.0735191586	-0.0295763976	-0.183489124	0.0758962394	0.0084286879	-0.0576807167	-0.077340959	-0.1122789094	0.0944661161	-0.1251063729	-0.0775956232	0.0353627574	-0.1089116397	-0.0223098055	0.0134336366	0.0462284274	0.0728392848	0.0579317589	0.0406816608	0.0540803926	-0.1123856564	0.0684545644	-0.0972603145	-0.0583018514	-0.0475443619	-0.0316094406	0.027161444	-0.0699937491	-0.0761326782	0.1118187975	-0.024747279	-0.1150909468	-0.1757534846	-0.1482155033	0.0298039015	-7.26967e-05	-0.0032652796	0.1363161701	-0.0761498518	-0.0904132679	-0.0788859068	0.0485991395	-0.0478240629	-0.1640786783	0.0713460679	0.0221232446	-0.001744537	0.0468947283	0.0517775436	0.1362680994	-0.0958525985	-0.0552423163	0.0211808261	0.0857838941	-0.0001971728	0.0567183664	-0.1857124952	-0.0844908845	-0.0638542002	-0.0087713171	-0.2031667232	-0.0066755681	0.1417116654	0.0265855136	-0.0207921503	-0.0511179863	0.0735226053	-0.1237388512	0.0725772035	0.0452593596	0.1942556252	-0.0904395884	-0.0971158571	-0.1763958894	-0.0715495211	0.0722409457	0.0497376494	0.0687397837	0.0340317576	-0.1747307855	0.0190873979	-0.066643578	0.0904027331	0.1144907251	-0.1044555379	-0.0042448395	-0.0188370912	0.0146493731	-0.1290883846	0.1290552057	-0.1289999139	0.1289225186	0.0880654144859249	0.0223658101561881	0.0005002294639426	0.0077555172285777	0.0820279674698269	0.0251149792429288	0.0067285874472309	0.0006307621823727	-0.0165058783112215	0.0218360256830009	0.0004768120176286	0.0002724440188248	0.0001999318757771	-0.0012163556831708	1.4795211479819036e-06	3.997275495174974e-08	-0.0003530385810408	0.0001785304307208	3.1873114693390065e-08	1.246362397033015e-07	-0.0003859641952052	0.000417160051658	1.7402250869930522e-07	1.4896835998039777e-07	0.0
