#!ascii label  , from subject sub-v1s8x0051328_ses-1 vox2ras=TkReg
3538
146710  -50.220  27.224  53.889 0.6999999881
101903  -50.956  27.478  54.153 0.6999999881
101278  -50.361  26.362  54.083 0.8000000119
100634  -50.995  26.214  53.892 0.6999999881
103174  -51.108  29.834  54.197 0.6999999881
102549  -51.245  29.248  54.058 0.6999999881
147086  -49.951  29.594  53.834 0.6000000238
143980  -51.149  28.409  54.191 0.6999999881
102560  -51.424  28.341  53.710 0.6999999881
102547  -50.285  28.979  54.109 0.6000000238
101902  -50.675  28.261  54.233 0.6999999881
101904  -51.317  27.600  53.911 0.8000000119
101901  -49.649  27.834  53.848 0.5000000000
101279  -51.060  26.915  53.962 0.8000000119
101280  -51.422  26.848  53.513 0.8000000119
98507  -51.306  22.521  47.311 0.8999999762
97654  -50.495  22.045  46.826 0.8999999762
98601  -54.455  22.174  37.996 0.8000000119
103189  -51.167  30.069  53.676 0.6999999881
102559  -51.371  29.080  53.420 0.6999999881
101909  -51.443  28.039  53.047 0.6999999881
101920  -51.212  27.497  52.388 0.6999999881
100643  -51.562  26.172  53.119 0.6999999881
101910  -51.508  27.446  53.251 0.8000000119
101921  -51.594  27.056  52.530 0.8000000119
100650  -52.184  25.984  52.195 0.6999999881
101288  -51.723  26.638  52.737 0.8000000119
101299  -52.156  26.346  51.854 0.8000000119
101298  -51.790  26.729  51.765 0.6999999881
99996  -52.226  25.371  51.590 0.6999999881
100012  -52.809  25.068  50.702 0.6999999881
100665  -53.041  25.762  50.137 0.8000000119
99304  -52.532  24.492  50.281 0.6999999881
100028  -53.338  25.214  49.616 0.8000000119
99315  -52.866  24.232  49.474 0.8000000119
99316  -53.374  24.643  49.090 0.8999999762
152050  -53.080  23.076  47.245 0.8999999762
99322  -53.210  23.653  47.690 0.8999999762
98499  -52.412  23.064  47.802 0.8999999762
137501  -53.175  22.850  46.537 0.8999999762
98500  -53.502  23.535  46.891 0.8999999762
98508  -52.233  22.641  46.953 0.8999999762
97672  -50.107  21.206  45.545 0.8999999762
97663  -50.780  21.761  46.131 0.8999999762
96896  -49.528  20.615  45.061 0.8000000119
96905  -49.707  20.353  44.318 0.8000000119
95460  -47.691  18.878  43.273 0.8000000119
95467  -47.833  18.779  42.380 0.8000000119
96156  -48.474  19.312  43.137 0.8000000119
131153  -48.253  18.835  41.457 0.8000000119
96172  -49.099  19.277  41.653 0.8999999762
96173  -49.862  19.559  41.308 0.8000000119
131438  -50.506  19.614  39.852 0.8000000119
96949  -52.646  20.595  39.979 0.8000000119
98600  -53.708  22.462  38.551 0.8000000119
130822  -52.712  22.510  39.026 0.8000000119
103197  -51.176  29.793  52.935 0.6000000238
103198  -50.837  30.694  52.945 0.5000000000
102570  -51.041  28.633  52.684 0.6999999881
101309  -51.634  26.469  51.035 0.6999999881
101310  -52.451  26.201  51.013 0.8000000119
100685  -53.239  25.435  49.285 0.8999999762
149344  -53.291  25.127  48.614 1.0000000000
100037  -53.185  24.599  47.937 1.0000000000
99320  -53.289  24.252  48.203 0.8999999762
99323  -53.436  24.019  47.354 0.8999999762
98509  -53.819  23.427  46.020 0.8999999762
97673  -51.081  21.527  45.342 0.8999999762
98514  -53.269  22.633  45.581 0.8999999762
96147  -49.045  19.754  43.871 0.8000000119
96897  -50.349  20.908  44.789 0.8999999762
97674  -52.234  21.854  45.073 1.0000000000
96914  -49.902  20.157  43.533 0.8000000119
97681  -51.324  21.252  44.492 0.8000000119
140440  -48.758  19.274  42.318 0.8000000119
96157  -49.349  19.645  43.001 0.8000000119
96906  -50.581  20.644  44.009 0.8999999762
96164  -49.618  19.599  42.199 0.8999999762
96158  -50.164  20.004  42.774 0.8999999762
96165  -50.445  19.899  42.025 0.8000000119
96930  -51.322  20.292  41.831 0.8999999762
96940  -52.736  20.770  40.825 0.8000000119
96933  -54.840  21.939  40.828 0.8000000119
148647  -54.951  21.973  40.273 0.8000000119
98561  -54.706  22.094  40.994 0.8999999762
96182  -50.615  19.717  40.674 0.8000000119
149935  -51.992  20.419  40.488 0.8000000119
96941  -53.980  21.389  40.444 0.8000000119
98574  -54.806  22.203  40.090 0.8000000119
97755  -55.046  22.012  39.590 0.8000000119
130831  -51.573  22.390  38.980 0.8000000119
96188  -39.384  19.177  38.781 0.1000000015
98597  -50.377  22.128  38.967 0.6999999881
128231  -39.755  20.290  39.078 0.1000000015
96948  -40.758  20.587  39.178 0.2000000030
96964  -43.087  21.589  37.721 0.2000000030
97765  -49.418  21.918  38.514 0.6999999881
98598  -50.909  22.343  38.151 0.8000000119
98605  -43.750  21.993  37.577 0.4000000060
98596  -44.836  21.994  37.363 0.5000000000
97777  -49.207  21.907  37.730 0.6999999881
147887  -50.629  30.380  52.479 0.6000000238
101919  -50.398  27.985  51.833 0.6999999881
101308  -50.068  26.523  50.861 0.6999999881
101297  -50.816  27.059  51.582 0.6999999881
100664  -52.373  26.078  50.337 0.6999999881
100684  -52.716  25.790  49.537 0.8000000119
127481  -49.258  25.602  49.177 0.6999999881
100697  -52.789  25.458  48.715 1.0000000000
100698  -52.836  24.984  47.954 1.0000000000
130336  -52.976  24.524  47.122 1.0000000000
99324  -53.410  24.170  46.995 0.8999999762
100045  -53.385  24.355  46.212 1.0000000000
100046  -53.971  24.119  45.959 0.8999999762
100060  -53.841  24.262  45.451 1.0000000000
98524  -54.039  23.257  44.979 1.0000000000
97675  -53.334  22.303  44.617 1.0000000000
97683  -53.420  21.946  43.793 1.0000000000
138548  -51.508  20.714  42.950 0.8999999762
96907  -51.622  21.026  43.620 0.8999999762
97697  -53.433  21.751  43.049 1.0000000000
96915  -50.750  20.464  43.242 0.8999999762
97713  -53.973  22.131  42.403 1.0000000000
96925  -51.989  20.757  42.359 0.8999999762
96917  -53.408  21.475  42.226 1.0000000000
96924  -50.989  20.331  42.540 0.8999999762
96931  -52.473  20.775  41.613 0.8999999762
96932  -53.815  21.464  41.302 0.8000000119
97729  -54.432  21.999  41.601 0.8000000119
98573  -53.957  22.483  40.609 0.8000000119
95477  -38.707  18.641  39.900 0.1000000015
98584  -51.195  22.316  39.806 0.8000000119
98585  -52.345  22.535  39.735 0.8000000119
96938  -38.595  20.325  39.283 0.1000000015
96179  -38.611  19.453  39.540 0.1000000015
95485  -38.887  18.786  39.034 0.1000000015
129144  -38.943  21.159  38.818 0.1000000015
131176  -39.167  20.197  39.045 0.1000000015
135089  -48.779  21.698  38.908 0.6999999881
96946  -39.543  20.976  38.859 0.2000000030
96954  -41.272  21.624  37.924 0.2000000030
151957  -42.429  22.185  36.937 0.3000000119
98604  -43.063  22.228  37.170 0.4000000060
97763  -47.979  21.579  38.492 0.6999999881
98595  -44.220  22.111  37.663 0.4000000060
97774  -46.562  21.646  37.064 0.6000000238
131069  -47.969  21.646  37.838 0.6000000238
97776  -48.460  21.741  37.426 0.6000000238
103835  -50.502  31.258  52.388 0.5000000000
102569  -50.289  29.278  51.929 0.6000000238
102581  -49.506  28.281  51.102 0.6999999881
101931  -49.706  27.280  51.153 0.6999999881
100663  -51.092  26.111  50.321 0.6999999881
100681  -48.170  26.003  49.068 0.6999999881
141747  -50.564  25.691  49.508 0.6999999881
100696  -51.514  25.508  48.888 0.8000000119
100693  -47.561  25.885  48.465 0.6999999881
100694  -48.396  25.405  48.425 0.6999999881
100695  -50.222  25.395  48.750 0.6999999881
100703  -51.842  25.140  47.998 0.8999999762
100706  -46.249  25.341  46.922 0.6999999881
100701  -46.668  25.644  47.503 0.6999999881
100702  -47.590  25.281  47.771 0.6999999881
147892  -48.666  24.837  47.679 0.8000000119
100030  -49.437  25.146  48.250 0.8000000119
100036  -52.100  24.782  47.168 1.0000000000
100713  -45.169  25.699  46.184 0.8000000119
101335  -45.546  26.324  46.669 0.6999999881
100033  -47.069  24.956  47.067 0.8000000119
145817  -47.985  24.574  47.100 0.8000000119
100034  -49.735  24.718  47.475 0.8000000119
100044  -52.384  24.527  46.320 1.0000000000
135762  -52.700  24.334  45.379 1.0000000000
101339  -44.625  26.220  45.516 0.8000000119
100712  -45.108  24.784  45.905 0.8000000119
100705  -45.718  25.666  46.703 0.8000000119
100039  -46.504  24.664  46.550 0.8000000119
100040  -47.405  24.338  46.544 0.8000000119
100041  -48.973  24.381  46.911 0.8000000119
100720  -43.507  25.117  44.601 0.8000000119
100721  -44.067  25.648  45.104 0.8000000119
152740  -44.608  25.349  45.643 0.8000000119
100038  -45.736  25.056  46.436 0.8000000119
100055  -46.802  23.988  46.100 0.8000000119
100056  -47.753  23.824  45.963 0.8000000119
144640  -48.504  23.828  45.819 0.8000000119
99343  -54.193  23.904  45.553 1.0000000000
101348  -43.677  26.042  44.344 0.8000000119
100070  -44.208  24.479  45.274 0.8000000119
100054  -45.884  24.322  46.078 0.8000000119
99338  -47.196  23.450  45.488 0.8000000119
97684  -53.886  22.719  44.052 1.0000000000
99358  -53.591  23.738  44.310 1.0000000000
100071  -53.425  24.195  44.869 1.0000000000
100729  -43.148  25.572  43.859 0.8000000119
99336  -45.200  23.935  45.588 0.8000000119
99337  -46.169  23.616  45.625 0.6999999881
98538  -53.865  22.873  43.583 1.0000000000
99369  -53.488  23.365  43.624 1.0000000000
101354  -42.024  25.814  43.010 0.6000000238
101355  -42.804  26.020  43.237 0.6999999881
100069  -43.379  24.182  44.563 0.6999999881
99353  -46.605  22.999  45.024 0.6999999881
99370  -53.649  22.970  43.212 1.0000000000
98549  -53.448  22.798  42.325 1.0000000000
151664  -41.684  25.187  43.200 0.6000000238
100728  -42.411  25.190  43.523 0.6000000238
100080  -42.904  24.748  44.104 0.6999999881
131462  -43.855  23.613  44.803 0.6999999881
99351  -44.588  23.407  45.099 0.6999999881
99352  -45.562  23.141  45.156 0.6999999881
98521  -45.995  22.512  44.537 0.6999999881
98550  -53.699  22.465  42.749 1.0000000000
98519  -44.051  22.828  44.574 0.6999999881
98520  -44.979  22.621  44.647 0.6999999881
98532  -45.381  21.993  44.059 0.6000000238
98533  -46.426  22.020  43.782 0.6000000238
98534  -47.559  22.079  43.427 0.6000000238
128909  -54.155  22.251  41.883 1.0000000000
98560  -53.771  22.551  41.428 1.0000000000
98572  -52.896  22.687  40.954 0.8999999762
100079  -42.400  24.463  43.773 0.6999999881
99349  -42.706  23.968  44.117 0.6999999881
99350  -43.191  23.237  44.315 0.6999999881
98531  -44.404  22.062  44.151 0.6000000238
97694  -46.706  21.593  42.983 0.6000000238
97710  -46.809  21.373  42.135 0.6999999881
130833  -47.649  21.414  41.692 0.6999999881
129459  -51.991  22.552  40.462 0.8999999762
100077  -41.059  24.792  43.002 0.5000000000
100727  -41.853  24.553  43.425 0.5000000000
127528  -42.126  23.879  43.652 0.6000000238
143442  -42.504  23.353  43.857 0.6000000238
98529  -42.679  22.626  43.684 0.6000000238
98530  -43.496  22.289  44.014 0.6000000238
97691  -43.901  21.639  43.480 0.6000000238
142600  -45.159  21.332  42.826 0.5000000000
97725  -46.849  21.321  41.368 0.6999999881
131348  -53.014  22.635  40.311 0.8000000119
100078  -41.481  23.931  43.237 0.5000000000
98528  -41.902  23.114  43.345 0.6000000238
97690  -43.010  21.832  43.274 0.6000000238
97708  -44.407  21.271  42.759 0.5000000000
97723  -45.019  20.888  42.001 0.5000000000
128082  -45.306  21.101  40.955 0.6000000238
132923  -41.556  22.796  42.530 0.6000000238
98543  -42.174  22.202  42.951 0.6000000238
97706  -42.705  21.592  42.303 0.5000000000
97707  -43.519  21.316  42.607 0.5000000000
134682  -44.098  21.002  42.018 0.5000000000
149489  -49.590  21.657  40.026 0.8000000119
98571  -51.762  22.609  41.192 0.8000000119
97738  -48.195  21.394  40.209 0.6999999881
128081  -47.439  21.333  40.800 0.6999999881
97737  -46.329  21.268  40.577 0.6000000238
128078  -47.231  21.495  38.897 0.6000000238
98592  -40.367  22.576  37.949 0.3000000119
97758  -40.494  21.978  37.755 0.3000000119
148678  -41.038  21.909  37.587 0.3000000119
97770  -42.321  22.162  36.862 0.3000000119
98583  -43.545  22.282  37.794 0.4000000060
127859  -45.511  21.748  38.581 0.6000000238
97750  -46.398  21.611  38.638 0.6000000238
143079  -40.953  23.027  37.991 0.3000000119
143857  -41.134  22.271  37.532 0.3000000119
97761  -45.794  21.812  37.738 0.5000000000
97762  -47.073  21.677  37.978 0.6000000238
103211  -50.009  30.462  51.611 0.5000000000
102580  -49.274  29.382  50.770 0.6999999881
103836  -50.469  31.396  52.806 0.5000000000
147481  -48.814  28.457  50.463 0.6000000238
101930  -48.909  27.624  50.528 0.6999999881
102595  -48.289  28.068  49.932 0.6999999881
101307  -49.117  26.833  50.486 0.6999999881
100682  -49.766  25.998  50.090 0.6999999881
101323  -47.887  26.738  49.387 0.6000000238
101947  -48.386  27.149  49.969 0.6000000238
101324  -48.777  26.324  49.829 0.6999999881
138021  -46.637  26.998  48.329 0.6000000238
150162  -47.527  26.434  48.857 0.6999999881
132634  -45.837  26.811  47.277 0.6999999881
101333  -46.437  26.450  47.820 0.6999999881
101331  -47.009  26.458  48.429 0.6999999881
100031  -50.576  25.102  48.082 0.8000000119
100035  -50.897  24.745  47.297 0.8000000119
100043  -51.208  24.504  46.473 0.8999999762
100042  -50.035  24.403  46.658 0.8000000119
100059  -51.452  24.265  45.667 1.0000000000
100057  -49.248  24.036  46.044 0.8000000119
99357  -52.335  23.818  44.303 1.0000000000
99339  -48.234  23.464  45.266 0.8000000119
144610  -48.954  23.707  45.453 0.8000000119
99367  -51.294  23.401  43.493 0.8999999762
149267  -52.300  23.512  43.471 1.0000000000
99354  -47.613  23.019  44.772 0.6999999881
99377  -52.006  23.327  42.978 1.0000000000
98523  -48.506  23.102  44.489 0.6999999881
153362  -48.796  22.795  43.881 0.8000000119
98536  -49.482  22.733  43.362 0.8999999762
99378  -52.949  23.320  43.035 1.0000000000
98522  -47.052  22.511  44.294 0.6000000238
98535  -48.574  22.391  43.379 0.6999999881
98548  -52.294  23.093  42.398 1.0000000000
98558  -51.387  22.758  41.945 0.8999999762
98559  -52.640  22.833  41.695 1.0000000000
101363  -40.583  26.412  42.735 0.5000000000
101364  -41.540  26.455  42.693 0.6000000238
97711  -48.626  21.758  42.048 0.8000000119
97726  -48.437  21.443  41.114 0.8000000119
100738  -41.138  25.696  42.958 0.5000000000
101362  -39.733  26.392  42.573 0.5000000000
100737  -40.231  25.558  42.710 0.5000000000
133184  -40.289  24.640  42.465 0.5000000000
148634  -40.893  23.999  42.685 0.5000000000
152620  -41.321  23.411  42.877 0.5000000000
98556  -41.978  22.152  41.757 0.5000000000
97722  -43.347  21.247  41.493 0.6000000238
130580  -44.332  21.043  41.174 0.6000000238
97741  -50.864  22.250  40.687 0.8000000119
99375  -40.376  23.898  41.882 0.4000000060
99376  -40.984  23.348  42.190 0.4000000060
147084  -42.620  21.619  41.392 0.5000000000
98555  -41.277  22.822  41.549 0.4000000060
98594  -42.727  22.515  37.655 0.3000000119
97760  -44.289  22.082  38.401 0.5000000000
152973  -44.921  21.888  38.524 0.6000000238
98581  -41.454  23.082  38.472 0.3000000119
98593  -41.792  22.442  37.504 0.3000000119
97747  -43.367  22.258  38.786 0.3000000119
99395  -40.518  23.372  40.059 0.4000000060
99401  -40.666  23.339  38.858 0.4000000060
98582  -42.346  22.710  38.480 0.3000000119
103849  -50.263  31.786  51.468 0.5000000000
138670  -48.421  29.104  49.959 0.6000000238
135598  -47.277  27.862  48.919 0.6000000238
100058  -50.348  24.105  45.875 0.8000000119
99340  -49.691  23.726  45.333 0.8000000119
99342  -51.565  24.007  44.953 0.8999999762
99341  -50.620  23.824  45.137 0.8000000119
99356  -50.943  23.624  44.375 0.8999999762
99365  -49.325  23.170  44.147 0.8000000119
99355  -49.949  23.509  44.598 0.8999999762
139412  -49.101  23.454  44.866 0.8000000119
98547  -51.284  23.087  42.676 0.8999999762
99366  -50.184  23.304  43.789 0.8999999762
98537  -50.427  22.981  43.026 0.8999999762
153871  -50.657  22.728  42.419 0.8999999762
98545  -49.123  22.205  42.718 0.8000000119
98546  -49.951  22.484  42.582 0.8000000119
98557  -50.427  22.411  41.946 0.8999999762
147282  -50.887  22.437  41.413 0.8000000119
97728  -50.185  22.077  41.342 0.8000000119
152941  -39.444  25.757  42.461 0.5000000000
101989  -39.276  27.044  42.253 0.5000000000
100087  -39.563  25.102  42.287 0.5000000000
99385  -40.630  23.306  41.215 0.4000000060
100094  -39.686  24.351  41.748 0.4000000060
153714  -41.028  22.993  40.640 0.4000000060
143403  -42.294  22.061  40.664 0.5000000000
97721  -42.893  21.651  40.729 0.5000000000
97748  -44.184  21.813  39.358 0.5000000000
97735  -44.646  21.377  40.184 0.6000000238
139074  -39.847  23.730  40.797 0.4000000060
133947  -41.598  22.562  40.663 0.5000000000
98570  -41.970  22.711  39.599 0.5000000000
97733  -42.767  22.218  39.761 0.4000000060
97749  -45.003  21.626  39.222 0.6000000238
98569  -41.218  23.117  39.669 0.4000000060
101990  -40.103  27.137  42.477 0.5000000000
97727  -49.350  21.729  41.294 0.8000000119
97736  -45.470  21.294  40.086 0.6000000238
97739  -49.110  21.521  40.510 0.8000000119
97712  -49.625  22.083  42.001 0.8000000119
97734  -43.642  21.667  40.241 0.5000000000
97740  -49.912  21.817  40.639 0.8000000119
149757  -51.311  22.264  46.648 0.8999999762
98587  -54.666  22.204  39.118 0.8000000119
100651  -52.617  25.720  51.001 0.8000000119
100013  -53.119  25.330  50.240 0.6999999881
100027  -53.212  24.848  49.952 0.8000000119
99319  -52.949  23.792  48.583 0.8000000119
97664  -51.998  22.252  46.029 0.8999999762
96904  -48.998  20.068  44.657 0.8000000119
96155  -48.185  19.367  43.861 0.8000000119
97696  -52.693  21.453  43.533 1.0000000000
96174  -50.750  19.884  41.390 0.8000000119
98607  -49.954  22.156  38.025 0.6999999881
96947  -40.293  21.375  38.270 0.1000000015
146467  -42.138  21.600  37.603 0.2000000030
97771  -42.472  22.099  36.908 0.3000000119
97764  -48.653  21.723  38.139 0.6999999881
97753  -49.568  21.804  39.335 0.6999999881
97772  -43.565  21.775  37.565 0.3000000119
100683  -51.760  25.859  49.744 0.6999999881
147643  -53.999  23.288  44.282 1.0000000000
97698  -53.728  22.403  43.230 1.0000000000
96916  -52.422  21.199  42.943 0.8999999762
97754  -50.263  21.939  39.916 0.8000000119
96187  -38.980  19.534  39.059 0.1000000015
97752  -48.920  21.528  39.714 0.6999999881
97751  -48.050  21.482  39.323 0.6999999881
97746  -39.699  21.779  38.172 0.3000000119
97759  -41.994  22.167  37.326 0.3000000119
133761  -44.900  22.034  37.975 0.6000000238
99368  -52.956  23.596  43.696 1.0000000000
97692  -44.809  21.599  43.500 0.5000000000
97693  -45.726  21.604  43.304 0.6000000238
146689  -48.020  22.651  44.041 0.6000000238
97695  -47.635  21.652  42.545 0.6000000238
97709  -45.897  21.325  42.479 0.5000000000
97724  -46.029  21.203  41.588 0.6000000238
128079  -47.152  21.365  39.779 0.6000000238
128080  -46.082  21.438  39.443 0.6000000238
146321  -46.718  21.456  39.195 0.6000000238
98544  -48.339  21.992  42.838 0.8000000119
91750  -47.708  12.906  31.259 0.2000000030
90863  -47.070  12.661  31.089 0.2000000030
91741  -48.422  13.607  31.560 0.2000000030
93366  -50.501  15.382  31.304 0.2000000030
91732  -47.704  13.253  31.685 0.2000000030
92585  -49.266  14.425  31.624 0.2000000030
93365  -49.890  15.309  31.668 0.2000000030
137334  -48.794  14.417  32.111 0.2000000030
93359  -49.407  15.194  32.187 0.2000000030
94129  -50.444  16.105  31.419 0.2000000030
94121  -49.881  16.247  32.125 0.2000000030
89979  -48.928  12.233  31.540 0.2000000030
136213  -47.046  11.986  30.355 0.2000000030
90874  -47.294  12.332  30.681 0.2000000030
91751  -48.347  13.198  31.342 0.2000000030
92592  -49.146  13.809  31.218 0.2000000030
92593  -49.926  14.636  31.367 0.2000000030
93351  -49.375  15.998  32.855 0.3000000119
94842  -50.120  17.381  32.109 0.3000000119
90876  -49.304  12.725  31.272 0.2000000030
91753  -49.800  13.394  31.190 0.2000000030
141774  -50.034  14.146  31.265 0.2000000030
92594  -51.056  14.893  31.151 0.2000000030
95536  -49.066  18.969  33.197 0.3000000119
94113  -49.586  17.070  32.791 0.3000000119
95537  -49.663  18.336  32.540 0.3000000119
94130  -51.016  16.932  31.019 0.2000000030
89953  -50.472  11.618  33.847 0.3000000119
89980  -50.501  11.820  32.498 0.3000000119
89964  -48.700  11.478  32.760 0.3000000119
90865  -50.928  11.989  32.020 0.2000000030
94072  -44.626  16.384  39.677 0.1000000015
94080  -44.556  16.912  38.906 0.1000000015
90877  -50.315  12.624  31.530 0.2000000030
137609  -51.770  13.418  31.542 0.2000000030
94801  -46.074  17.021  38.144 0.1000000015
95521  -47.616  18.648  35.220 0.3000000119
153007  -50.766  13.188  31.473 0.2000000030
92595  -52.275  14.454  31.228 0.2000000030
93367  -52.724  15.528  30.846 0.2000000030
95528  -47.962  19.053  34.411 0.3000000119
133040  -51.460  16.017  30.921 0.2000000030
96247  -48.473  19.960  32.682 0.3000000119
96254  -48.973  20.616  32.182 0.3000000119
94853  -52.829  18.078  30.536 0.3000000119
94131  -51.881  16.847  30.640 0.3000000119
95543  -50.026  19.193  31.969 0.4000000060
95549  -50.982  18.939  30.732 0.4000000060
94849  -51.012  17.964  30.812 0.3000000119
94137  -51.792  17.582  30.553 0.3000000119
95544  -50.378  18.411  31.606 0.3000000119
94843  -50.548  17.483  31.452 0.3000000119
89124  -53.237  10.577  36.595 0.3000000119
89136  -51.842  11.129  35.636 0.3000000119
89123  -52.282  10.745  36.436 0.3000000119
89942  -51.435  11.347  34.795 0.3000000119
89943  -52.440  11.182  34.961 0.3000000119
144067  -51.129  11.536  34.159 0.3000000119
89955  -53.060  11.130  34.349 0.3000000119
89941  -50.363  11.448  34.609 0.3000000119
131269  -51.288  11.666  33.576 0.3000000119
89968  -52.986  11.314  33.480 0.3000000119
151569  -49.755  11.546  34.075 0.3000000119
89982  -52.635  11.734  32.730 0.3000000119
90867  -52.853  12.179  32.225 0.3000000119
89981  -51.424  11.804  32.819 0.3000000119
90879  -52.409  12.748  31.908 0.2000000030
89966  -50.514  11.736  33.158 0.3000000119
90866  -51.927  12.123  32.259 0.2000000030
91755  -53.053  13.728  31.524 0.2000000030
90878  -51.320  12.621  31.812 0.2000000030
93362  -54.227  15.215  31.316 0.2000000030
92596  -53.875  14.927  31.067 0.2000000030
94800  -45.096  17.339  38.257 0.1000000015
93368  -53.889  16.114  30.928 0.2000000030
94809  -45.603  17.689  37.653 0.2000000030
94810  -46.657  17.267  37.440 0.3000000119
96227  -47.112  19.438  34.725 0.3000000119
96235  -47.307  19.753  33.822 0.3000000119
95519  -45.914  19.340  35.893 0.3000000119
95520  -46.855  19.054  35.603 0.3000000119
96996  -46.414  20.638  32.158 0.3000000119
96246  -47.442  20.148  32.911 0.3000000119
96233  -45.613  20.331  34.080 0.3000000119
96244  -45.684  20.322  33.280 0.3000000119
97015  -46.344  21.867  31.483 0.3000000119
97006  -48.957  21.200  32.042 0.3000000119
145815  -50.050  21.170  31.542 0.4000000060
96270  -52.903  19.053  30.776 0.4000000060
94850  -53.468  17.978  30.878 0.3000000119
94132  -53.424  17.350  30.722 0.3000000119
97016  -50.750  20.408  31.065 0.4000000060
95556  -51.747  19.340  30.578 0.3000000119
94852  -51.812  18.502  30.515 0.3000000119
89138  -53.718  10.662  35.935 0.3000000119
89137  -52.821  10.845  35.774 0.3000000119
89944  -53.353  10.933  35.160 0.3000000119
95480  -48.290  18.543  40.531 0.8000000119
95489  -48.407  18.294  39.681 0.8000000119
94803  -48.853  18.043  38.183 0.4000000060
94825  -49.781  17.325  35.953 0.3000000119
93336  -50.287  15.725  35.215 0.3000000119
92578  -52.371  14.998  33.231 0.2000000030
91757  -54.857  14.114  31.924 0.3000000119
90868  -54.531  12.600  32.320 0.3000000119
95481  -48.840  18.879  40.163 0.6999999881
94818  -49.474  17.473  36.734 0.4000000060
94101  -50.466  16.687  34.765 0.3000000119
93343  -50.771  15.915  34.273 0.3000000119
92579  -53.523  14.620  32.788 0.2000000030
141158  -54.666  13.454  32.010 0.3000000119
95490  -49.075  18.921  39.500 0.6999999881
133066  -49.608  18.442  36.848 0.5000000000
93352  -51.280  16.148  33.563 0.3000000119
93354  -53.388  15.511  32.201 0.2000000030
92587  -54.511  14.493  31.779 0.2000000030
91756  -54.199  14.025  31.637 0.2000000030
96181  -49.643  19.349  40.247 0.8000000119
96192  -49.822  19.381  39.304 0.6999999881
95505  -49.552  18.843  37.718 0.6999999881
95523  -49.868  18.233  36.044 0.4000000060
94826  -50.303  17.655  35.237 0.4000000060
94106  -50.898  16.739  33.873 0.2000000030
93361  -53.948  16.058  31.202 0.2000000030
92586  -54.258  15.058  31.814 0.2000000030
96201  -50.060  19.446  38.466 0.6999999881
95515  -50.113  19.268  36.888 0.6000000238
95524  -50.451  18.803  35.304 0.4000000060
95530  -50.702  18.475  34.488 0.4000000060
94836  -51.273  17.521  33.448 0.2000000030
94115  -52.643  16.865  32.136 0.2000000030
93360  -53.292  16.300  31.759 0.2000000030
96183  -51.392  20.005  40.128 0.6999999881
96202  -51.100  19.858  38.247 0.6999999881
96210  -50.970  19.851  37.228 0.6999999881
96228  -50.856  19.719  35.343 0.6000000238
96237  -50.903  19.446  34.533 0.4000000060
95539  -51.659  18.471  32.963 0.4000000060
94837  -52.027  17.556  32.483 0.3000000119
94123  -53.663  17.038  31.243 0.2000000030
96939  -51.561  20.240  41.006 0.6999999881
96194  -51.674  20.104  39.226 0.6999999881
97005  -46.773  21.349  31.722 0.3000000119
98658  -48.163  21.690  32.260 0.4000000060
96238  -51.373  19.955  33.771 0.4000000060
95531  -51.172  19.042  33.795 0.4000000060
94844  -52.990  17.544  31.595 0.2000000030
96982  -45.476  20.763  34.298 0.4000000060
97811  -45.800  21.701  32.688 0.3000000119
98647  -46.903  22.085  32.399 0.4000000060
128416  -47.093  22.069  31.860 0.5000000000
97812  -50.432  21.798  32.488 0.6000000238
97823  -51.477  21.371  32.028 0.5000000000
96249  -51.692  20.194  32.882 0.4000000060
95546  -52.928  18.907  31.219 0.4000000060
94124  -53.822  17.092  30.948 0.2000000030
152208  -45.981  21.484  34.693 0.3000000119
98646  -46.602  21.775  33.323 0.5000000000
98648  -48.005  22.067  32.579 0.5000000000
127628  -50.089  21.763  33.475 0.5000000000
98630  -51.896  22.225  34.878 0.6000000238
96262  -52.159  20.226  30.919 0.4000000060
96263  -52.782  19.490  30.912 0.4000000060
98635  -47.588  21.740  34.416 0.6000000238
148701  -48.510  21.737  34.278 0.6000000238
98638  -50.947  22.028  34.413 0.6000000238
130453  -52.597  22.265  35.267 0.6000000238
98616  -49.341  21.785  36.201 0.6000000238
152722  -50.879  22.137  35.836 0.6000000238
98629  -51.197  22.170  35.262 0.6000000238
98619  -51.869  22.377  35.767 0.6000000238
97788  -49.060  21.876  36.937 0.6000000238
137912  -54.027  10.813  35.352 0.3000000119
149700  -53.815  11.080  34.668 0.3000000119
89969  -53.973  11.350  33.396 0.3000000119
152698  -53.621  11.230  33.991 0.3000000119
145570  -53.532  11.523  32.874 0.3000000119
152655  -55.060  11.941  32.965 0.3000000119
89983  -54.453  11.780  32.753 0.3000000119
94792  -48.090  17.506  39.602 0.5000000000
94802  -48.382  17.689  38.972 0.4000000060
94094  -49.633  16.626  36.301 0.3000000119
92572  -51.655  14.590  34.168 0.3000000119
94088  -49.051  17.203  37.576 0.3000000119
91743  -55.161  13.390  32.510 0.3000000119
90869  -55.209  12.488  32.727 0.3000000119
91733  -53.883  13.941  33.412 0.3000000119
92588  -54.951  13.864  32.278 0.3000000119
144280  -51.876  20.161  37.559 0.6999999881
96211  -51.912  20.284  36.668 0.6000000238
96218  -50.897  19.846  36.267 0.6000000238
96203  -52.383  20.388  38.313 0.6999999881
96219  -51.810  20.472  35.489 0.6000000238
96951  -54.785  21.766  39.083 0.6999999881
96958  -53.872  21.086  38.391 0.6999999881
96975  -53.521  21.545  36.037 0.6000000238
96990  -52.503  21.540  34.726 0.6000000238
133500  -51.641  20.761  33.689 0.5000000000
97766  -54.780  21.979  38.627 0.6999999881
97778  -54.536  21.953  37.465 0.6999999881
96976  -53.855  21.981  36.056 0.6000000238
96984  -53.147  21.782  35.368 0.6000000238
98599  -52.280  22.495  38.060 0.6999999881
143604  -53.561  22.392  36.607 0.6999999881
97797  -53.187  22.074  35.424 0.6000000238
129474  -51.320  22.407  37.403 0.6999999881
130821  -52.389  22.497  36.800 0.6000000238
89945  -54.578  11.200  35.047 0.3000000119
89935  -55.229  10.999  35.777 0.3000000119
89956  -54.314  11.287  34.128 0.3000000119
89970  -54.959  11.560  33.431 0.3000000119
95443  -46.807  18.862  45.049 0.6999999881
95458  -47.049  18.290  43.469 0.6999999881
95473  -47.597  18.315  41.632 0.6999999881
94785  -47.884  17.847  40.199 0.8000000119
93322  -48.923  16.249  37.795 0.3000000119
93335  -49.826  16.010  35.935 0.3000000119
91734  -54.849  13.665  33.054 0.3000000119
95459  -47.481  18.931  43.991 0.6999999881
95479  -47.681  18.165  40.926 0.6999999881
92571  -50.796  15.014  34.529 0.3000000119
95452  -47.288  19.058  44.574 0.6999999881
96145  -47.893  19.415  44.483 0.6999999881
96884  -47.039  20.132  46.748 0.8000000119
96132  -47.305  19.854  45.991 0.8000000119
96146  -48.515  19.676  44.377 0.6999999881
96885  -47.784  20.430  46.402 0.8000000119
96895  -48.794  20.373  45.334 0.6999999881
97661  -49.018  21.327  46.503 0.8000000119
89946  -55.520  11.721  34.970 0.3000000119
90848  -55.876  12.603  34.433 0.3000000119
91721  -52.758  14.239  33.853 0.3000000119
91735  -55.455  13.348  32.935 0.3000000119
90856  -55.855  12.594  33.516 0.3000000119
95466  -47.258  18.321  42.796 0.6999999881
94778  -47.242  17.621  41.345 0.6999999881
94089  -49.351  16.497  37.065 0.3000000119
92564  -50.497  14.690  35.365 0.3000000119
150361  -51.117  14.344  34.864 0.3000000119
96131  -46.726  19.593  46.364 0.6999999881
94083  -48.590  16.971  38.360 0.3000000119
96138  -47.499  19.491  45.189 0.6999999881
139894  -47.520  20.715  47.205 0.6999999881
96875  -48.266  21.029  46.844 0.6999999881
97652  -48.776  21.625  47.307 0.6999999881
134945  -51.208  22.804  48.078 0.6999999881
98497  -49.380  22.168  47.803 0.6999999881
98496  -52.016  23.284  48.487 0.6999999881
91705  -54.412  13.259  36.605 0.3000000119
91657  -51.696  13.374  40.292 0.3000000119
127543  -51.317  13.104  41.148 0.3000000119
91724  -55.326  13.374  33.772 0.3000000119
93327  -49.950  15.195  36.068 0.3000000119
95442  -46.435  18.657  45.632 0.8000000119
94771  -47.201  17.950  42.115 0.6999999881
93323  -49.303  15.618  37.299 0.3000000119
96124  -46.354  19.608  47.111 0.8000000119
95435  -46.271  18.937  46.362 0.8000000119
96116  -46.158  19.920  48.043 0.8000000119
96864  -45.841  20.306  48.792 0.6999999881
96865  -46.530  20.654  48.411 0.6999999881
97647  -46.999  21.302  48.836 0.6999999881
97645  -47.492  21.881  49.290 0.6999999881
98495  -49.147  22.415  48.634 0.6999999881
98493  -51.092  23.227  48.923 0.6999999881
98492  -49.873  22.874  49.196 0.6999999881
99318  -52.224  23.631  49.054 0.6999999881
91704  -53.146  13.448  36.598 0.3000000119
146040  -54.063  13.392  35.862 0.3000000119
91681  -51.651  13.590  38.668 0.3000000119
91715  -55.176  13.271  35.605 0.3000000119
91656  -50.738  13.308  40.546 0.3000000119
91682  -52.679  13.468  38.642 0.3000000119
138640  -55.100  13.453  34.626 0.3000000119
90805  -50.026  12.813  41.817 0.3000000119
91712  -52.112  13.925  34.917 0.3000000119
91723  -54.495  13.591  34.050 0.3000000119
93315  -48.549  15.943  38.581 0.3000000119
95451  -46.814  18.363  44.313 0.6999999881
94770  -46.667  17.526  42.748 0.6999999881
96861  -45.571  20.568  49.611 0.6999999881
96862  -46.239  21.002  49.219 0.6999999881
97644  -46.763  21.601  49.658 0.6999999881
97641  -47.236  22.102  49.977 0.6999999881
98490  -47.967  22.499  49.889 0.6999999881
130884  -48.714  22.936  50.175 0.6999999881
99312  -49.517  23.168  49.982 0.6999999881
99301  -49.113  23.417  50.791 0.6999999881
99314  -51.807  23.830  49.681 0.6999999881
101946  -47.732  27.569  49.417 0.5000000000
102606  -47.216  28.375  48.577 0.5000000000
102594  -47.706  28.539  49.249 0.5000000000
91714  -54.246  13.396  34.995 0.3000000119
149324  -49.936  14.710  36.499 0.3000000119
94074  -47.800  16.967  40.012 0.5000000000
94075  -48.186  16.665  39.245 0.5000000000
94784  -47.468  17.328  40.654 0.5000000000
96858  -45.241  20.746  50.432 0.8000000119
97643  -46.010  21.268  50.236 0.6999999881
144446  -45.750  21.473  51.924 0.6999999881
97603  -45.123  21.503  54.318 0.6999999881
97640  -46.734  21.858  50.526 0.6999999881
97618  -46.317  21.883  52.417 0.6999999881
97604  -46.049  21.866  53.844 0.6999999881
152623  -46.987  22.380  52.311 0.6999999881
98455  -47.415  22.849  54.443 0.6999999881
98475  -47.988  23.166  51.922 0.6000000238
99259  -47.948  23.459  55.526 0.6000000238
100632  -49.143  25.662  55.452 0.6000000238
101277  -49.470  26.436  54.377 0.6000000238
101908  -48.830  27.102  53.758 0.5000000000
99284  -49.702  23.996  51.583 0.6999999881
99283  -48.710  23.587  51.737 0.6999999881
99981  -49.478  24.481  54.526 0.6000000238
99971  -49.413  24.656  55.525 0.6000000238
128922  -49.807  25.776  55.136 0.6000000238
99302  -50.169  23.693  50.654 0.6999999881
99285  -50.849  24.376  51.352 0.6000000238
147503  -50.534  25.141  54.240 0.6000000238
100633  -50.329  25.498  54.702 0.6000000238
100011  -52.048  24.715  51.125 0.6000000238
99995  -51.409  24.981  52.062 0.6000000238
99984  -51.610  25.588  52.632 0.6000000238
101340  -45.134  26.704  46.008 0.5000000000
101963  -45.527  27.187  46.572 0.6000000238
102609  -46.306  28.465  47.082 0.5000000000
132339  -46.372  27.975  47.683 0.5000000000
103227  -48.590  29.980  49.798 0.4000000060
102605  -46.929  28.626  47.846 0.5000000000
103230  -47.537  29.094  48.500 0.5000000000
103226  -48.046  29.524  49.192 0.5000000000
103863  -48.485  30.357  49.138 0.4000000060
144688  -48.914  30.756  49.801 0.4000000060
103866  -48.569  30.782  48.405 0.5000000000
147420  -49.289  31.612  48.473 0.5000000000
92559  -49.647  15.051  36.812 0.3000000119
93316  -48.884  15.315  37.997 0.3000000119
96108  -44.253  19.895  50.199 0.8000000119
94777  -46.763  17.091  41.801 0.5000000000
94056  -47.076  16.783  41.089 0.5000000000
94757  -46.327  17.655  44.386 0.6999999881
94764  -46.514  17.612  43.699 0.6999999881
96123  -45.805  19.174  47.757 0.8000000119
95429  -45.906  18.902  47.083 0.8000000119
95441  -46.009  18.120  45.993 0.6999999881
96113  -45.224  19.897  49.149 0.8000000119
97601  -43.808  21.378  54.889 0.8000000119
97616  -44.682  21.171  53.165 0.8000000119
96857  -44.647  20.389  50.572 0.8000000119
96860  -44.930  20.155  49.901 0.8000000119
98435  -43.351  22.208  54.766 0.6999999881
97592  -43.606  21.694  54.971 0.6999999881
140488  -44.489  21.559  54.939 0.8000000119
98436  -44.275  22.271  55.237 0.6999999881
98428  -44.951  22.780  55.660 0.8000000119
98437  -45.602  22.344  55.640 0.6999999881
99247  -44.889  22.886  55.525 0.6999999881
99243  -45.698  22.941  56.109 0.8000000119
99955  -47.013  23.440  56.328 0.6999999881
100630  -47.277  25.200  54.455 0.6999999881
101287  -47.996  26.694  53.261 0.6999999881
100624  -47.780  24.708  55.872 0.6000000238
101276  -48.621  26.266  54.554 0.6000000238
102558  -49.185  28.861  53.410 0.5000000000
103188  -50.184  30.184  53.709 0.5000000000
103806  -50.894  30.305  53.848 0.5000000000
153940  -49.981  32.666  50.273 0.3000000119
104525  -49.633  31.750  50.277 0.4000000060
101349  -44.255  26.541  44.750 0.6000000238
101965  -44.791  27.218  45.197 0.5000000000
103210  -49.275  30.549  50.540 0.5000000000
104539  -49.044  31.251  49.261 0.4000000060
104545  -49.679  31.796  47.879 0.3000000119
130875  -45.681  28.161  46.306 0.5000000000
131204  -47.506  29.499  47.704 0.4000000060
103871  -48.165  30.266  47.599 0.4000000060
103865  -47.973  29.968  48.430 0.5000000000
91722  -53.377  13.698  34.456 0.3000000119
91702  -50.971  13.781  36.675 0.3000000119
92560  -49.969  14.256  36.955 0.3000000119
91703  -52.053  13.691  36.052 0.3000000119
92553  -49.397  14.777  37.511 0.3000000119
92565  -51.104  14.007  35.637 0.3000000119
94742  -45.475  17.573  46.402 0.6000000238
94046  -46.155  16.811  43.255 0.6000000238
147285  -47.126  16.047  40.930 0.5000000000
92547  -48.622  15.003  38.779 0.3000000119
136726  -50.361  14.388  36.188 0.3000000119
96112  -44.531  19.605  49.413 0.8000000119
95427  -44.821  18.214  47.748 0.8000000119
95434  -45.700  18.316  46.724 0.8000000119
94763  -46.028  17.056  44.040 0.6999999881
93309  -47.804  16.050  39.918 0.5000000000
96838  -42.448  20.015  53.514 0.6000000238
96851  -42.877  20.091  52.636 0.8000000119
95420  -45.238  18.827  48.146 0.6999999881
94064  -47.448  16.456  40.512 0.5000000000
96839  -43.125  20.422  53.460 0.8000000119
96856  -44.016  20.279  51.196 0.8000000119
96114  -44.862  19.267  48.735 0.8000000119
94748  -46.264  18.057  45.091 0.6999999881
96840  -43.890  20.736  53.352 0.8000000119
96853  -44.323  20.825  52.178 0.8000000119
96115  -45.545  19.546  48.453 0.8000000119
96854  -44.801  20.800  51.232 0.8000000119
99264  -42.872  22.767  53.579 0.6999999881
99265  -43.366  23.370  52.976 0.6999999881
99256  -43.633  23.001  54.083 0.6999999881
99977  -43.794  23.870  52.256 0.6999999881
99978  -44.571  24.212  52.570 0.6999999881
99968  -44.925  23.868  53.715 0.6999999881
99980  -46.330  24.829  53.604 0.6999999881
100641  -47.691  25.917  53.801 0.6999999881
99979  -45.429  24.506  53.001 0.6999999881
100639  -45.871  25.216  52.420 0.6000000238
100649  -46.296  25.954  51.994 0.6999999881
101286  -47.060  26.388  52.515 0.6999999881
141108  -47.462  27.770  52.060 0.5000000000
103186  -48.419  29.334  52.670 0.5000000000
103818  -49.537  30.789  53.185 0.4000000060
104491  -49.920  32.498  52.583 0.4000000060
103819  -50.406  30.912  53.327 0.4000000060
105082  -50.265  32.792  52.278 0.4000000060
104526  -50.247  32.987  51.074 0.3000000119
104540  -49.729  32.354  49.464 0.3000000119
132380  -50.303  32.493  47.901 0.3000000119
103883  -49.605  30.847  45.739 0.2000000030
103872  -49.081  30.974  47.519 0.4000000060
103240  -45.874  29.282  44.932 0.3000000119
103241  -46.365  29.476  45.520 0.3000000119
103247  -47.424  29.961  44.287 0.3000000119
133102  -48.099  30.216  45.154 0.3000000119
103882  -48.752  30.444  45.894 0.4000000060
104552  -50.163  31.382  46.451 0.2000000030
102611  -46.273  29.048  46.313 0.4000000060
103238  -47.024  29.654  46.201 0.4000000060
103881  -47.877  30.073  46.047 0.4000000060
103878  -48.537  30.334  46.746 0.3000000119
103879  -49.372  30.831  46.591 0.4000000060
103236  -46.955  29.197  47.008 0.5000000000
103877  -47.722  29.798  46.865 0.4000000060
96819  -42.598  20.549  54.262 0.6999999881
96852  -43.532  20.424  52.345 0.8000000119
98472  -41.756  22.805  52.230 0.6999999881
147095  -42.938  21.559  54.794 0.6999999881
96820  -43.400  20.832  54.352 0.8000000119
98453  -42.124  22.399  53.268 0.6999999881
96810  -42.938  21.131  54.749 0.6999999881
133934  -42.459  23.061  52.543 0.6000000238
100008  -42.521  24.515  50.276 0.4000000060
99990  -42.804  24.000  51.062 0.5000000000
100009  -43.421  24.685  50.701 0.5000000000
99992  -44.170  24.554  51.521 0.6000000238
100010  -44.116  25.121  50.827 0.6000000238
100647  -44.639  25.203  51.247 0.5000000000
101295  -45.969  26.616  51.345 0.5000000000
101916  -46.165  27.441  51.052 0.4000000060
102567  -47.385  28.660  51.746 0.3000000119
147785  -47.908  30.664  51.949 0.4000000060
103834  -49.182  32.286  52.439 0.4000000060
105746  -49.888  33.917  50.996 0.3000000119
103195  -46.907  29.328  51.224 0.3000000119
103832  -47.119  30.236  51.272 0.3000000119
105105  -50.154  33.384  51.617 0.3000000119
132851  -50.431  32.798  51.865 0.3000000119
136385  -49.992  33.344  49.300 0.3000000119
100679  -42.388  25.963  49.300 0.4000000060
100660  -43.734  25.491  50.253 0.4000000060
100661  -44.510  25.815  50.634 0.4000000060
136671  -45.007  27.201  50.334 0.3000000119
102578  -45.563  28.504  50.326 0.3000000119
103209  -46.329  29.888  50.652 0.3000000119
154241  -47.348  31.060  51.402 0.4000000060
104506  -48.462  32.712  51.560 0.3000000119
105745  -49.189  33.956  50.766 0.3000000119
105762  -49.507  34.208  50.288 0.3000000119
131665  -42.104  26.905  48.923 0.4000000060
102590  -42.355  28.493  49.093 0.1000000015
100680  -43.350  26.020  49.667 0.4000000060
101944  -43.541  27.499  49.469 0.3000000119
103224  -43.902  29.207  49.564 0.1000000015
103225  -44.799  29.781  49.763 0.2000000030
101322  -43.808  26.716  49.692 0.3000000119
101945  -44.337  27.351  49.836 0.3000000119
102593  -44.846  28.830  49.840 0.3000000119
103208  -45.564  29.401  50.181 0.3000000119
104524  -47.250  31.893  51.233 0.3000000119
105103  -48.306  33.470  50.818 0.3000000119
105761  -48.359  34.178  50.125 0.3000000119
141385  -42.919  29.262  49.281 0.2000000030
150789  -43.297  30.423  49.552 0.1000000015
103861  -44.236  31.330  49.770 0.2000000030
131998  -43.945  32.238  49.940 0.2000000030
137973  -43.957  30.328  49.606 0.2000000030
133701  -44.751  30.595  49.738 0.2000000030
104536  -44.772  31.941  49.919 0.2000000030
103847  -45.544  30.466  50.076 0.3000000119
104522  -45.629  31.532  50.186 0.3000000119
104538  -46.335  32.826  50.042 0.3000000119
103859  -42.583  30.354  49.516 0.2000000030
103860  -43.330  31.224  49.755 0.2000000030
100642  -50.978  25.604  53.668 0.6000000238
98498  -50.318  22.350  47.551 0.8000000119
98609  -53.584  22.454  37.445 0.6999999881
103820  -50.711  30.787  53.307 0.4000000060
97662  -49.855  21.510  46.293 0.8000000119
96887  -49.277  20.980  45.758 0.8000000119
96180  -48.983  19.096  40.896 0.8000000119
96193  -50.685  19.646  39.126 0.6999999881
148076  -51.049  19.754  39.595 0.6999999881
96957  -52.889  20.643  39.098 0.6999999881
96950  -53.975  21.304  39.515 0.6999999881
98608  -50.399  22.243  37.390 0.6000000238
97787  -48.164  21.694  36.737 0.6000000238
104508  -50.440  32.142  52.324 0.4000000060
101356  -43.453  26.345  43.551 0.6999999881
104492  -50.282  32.073  52.696 0.4000000060
101957  -46.762  27.739  48.349 0.5000000000
101960  -45.900  27.650  47.179 0.5000000000
89990  -47.825  12.011  30.850 0.2000000030
90875  -48.200  12.624  31.230 0.2000000030
91752  -48.927  13.107  31.167 0.2000000030
90864  -49.963  12.139  31.817 0.2000000030
91754  -50.876  13.933  31.369 0.2000000030
96248  -49.402  19.575  32.371 0.3000000119
95529  -48.661  18.570  34.022 0.3000000119
127620  -49.595  11.765  32.427 0.2000000030
94063  -44.244  16.105  40.242 0.1000000015
93307  -45.016  15.809  39.997 0.1000000015
94081  -45.646  16.654  38.722 0.1000000015
95504  -46.141  18.087  37.071 0.1000000015
95514  -47.321  18.265  36.061 0.3000000119
96236  -48.246  19.463  33.555 0.3000000119
93374  -52.931  16.586  30.659 0.2000000030
97007  -49.974  20.749  31.374 0.4000000060
96255  -49.901  20.051  31.683 0.3000000119
94138  -52.576  17.276  30.557 0.3000000119
96260  -50.456  20.171  31.224 0.4000000060
95548  -50.467  19.493  31.318 0.4000000060
96268  -51.729  19.909  30.639 0.4000000060
89954  -52.060  11.425  34.076 0.3000000119
95512  -45.586  18.760  36.644 0.3000000119
95513  -46.528  18.553  36.390 0.3000000119
96245  -46.289  20.165  32.970 0.3000000119
96234  -46.236  19.986  33.895 0.3000000119
96226  -46.200  19.824  34.946 0.3000000119
96995  -45.684  20.682  32.546 0.3000000119
133770  -47.944  21.268  32.124 0.3000000119
96988  -45.418  20.745  33.313 0.3000000119
97819  -45.562  22.081  31.917 0.3000000119
97821  -49.482  21.475  32.146 0.6000000238
97822  -50.792  21.470  31.718 0.6000000238
97008  -50.766  20.860  31.200 0.4000000060
95545  -52.132  19.322  32.166 0.4000000060
136623  -52.547  18.301  31.835 0.4000000060
97009  -51.801  20.578  31.592 0.4000000060
97828  -51.446  20.831  31.324 0.4000000060
89139  -54.549  10.636  36.003 0.3000000119
95496  -48.716  18.415  38.970 0.6999999881
94812  -49.240  18.005  37.386 0.4000000060
93344  -51.392  15.405  33.745 0.2000000030
95497  -49.285  18.906  38.676 0.6999999881
148326  -49.904  18.771  36.445 0.5000000000
94114  -51.573  16.763  33.024 0.2000000030
93353  -52.127  15.928  32.725 0.2000000030
96209  -50.304  19.505  37.721 0.6999999881
94831  -50.700  17.532  34.277 0.4000000060
95516  -50.279  19.136  36.044 0.5000000000
95538  -51.038  18.219  33.806 0.4000000060
146229  -51.620  19.441  33.144 0.4000000060
98649  -49.195  21.781  32.656 0.5000000000
96229  -51.394  20.285  34.512 0.4000000060
97801  -45.508  21.210  33.506 0.3000000119
98656  -45.910  22.228  32.150 0.4000000060
142646  -47.766  21.994  33.378 0.5000000000
97814  -51.670  21.889  33.431 0.6000000238
98650  -51.148  21.958  33.335 0.6000000238
96997  -51.608  20.999  32.684 0.6000000238
96989  -51.915  21.548  33.849 0.6000000238
144518  -51.531  21.608  32.909 0.6000000238
96256  -52.018  20.168  31.954 0.4000000060
96257  -52.488  19.614  31.401 0.4000000060
97803  -46.564  21.627  34.664 0.5000000000
98637  -49.602  21.719  34.593 0.5000000000
97804  -52.099  21.925  34.154 0.6000000238
98626  -48.607  21.649  35.366 0.6000000238
146233  -47.514  21.633  35.264 0.6000000238
145436  -50.398  21.909  35.333 0.6000000238
98627  -49.625  21.757  35.560 0.6000000238
97789  -54.262  22.026  36.660 0.6999999881
98628  -50.158  21.970  36.081 0.6000000238
98617  -49.907  22.052  36.773 0.6000000238
153984  -48.630  21.688  36.275 0.6000000238
96966  -53.060  20.698  37.297 0.6999999881
96983  -52.759  21.210  35.320 0.6000000238
96959  -54.586  21.750  38.188 0.6999999881
96968  -54.225  21.776  36.659 0.6999999881
147456  -53.749  21.257  36.668 0.6999999881
136309  -52.045  20.997  34.519 0.6000000238
96873  -46.779  20.363  47.572 0.8000000119
96139  -48.333  19.817  44.955 0.6999999881
96886  -48.533  20.718  46.052 0.8000000119
97653  -49.622  21.817  47.047 0.8000000119
96866  -47.253  21.013  48.014 0.6999999881
96874  -47.994  21.350  47.640 0.6999999881
98494  -48.518  21.935  48.106 0.6999999881
148228  -50.130  22.632  48.358 0.6999999881
91669  -51.452  13.508  39.531 0.3000000119
91643  -50.410  13.028  41.213 0.3000000119
97646  -48.276  22.173  48.962 0.6999999881
98491  -48.892  22.662  49.462 0.6999999881
99313  -50.592  23.470  49.795 0.6999999881
145664  -52.541  13.468  37.756 0.3000000119
128329  -53.788  13.357  37.493 0.3000000119
91713  -53.132  13.517  35.466 0.3000000119
98489  -48.209  22.869  50.964 0.6999999881
98488  -47.415  22.325  50.729 0.6999999881
99303  -51.365  24.094  50.483 0.6000000238
97634  -45.492  21.241  51.142 0.8000000119
97635  -46.193  21.649  51.252 0.6999999881
97617  -45.510  21.506  52.924 0.6999999881
97633  -45.094  21.196  52.049 0.8000000119
98444  -46.005  21.926  54.835 0.6999999881
97594  -45.099  21.905  55.271 0.8000000119
98473  -46.848  22.116  51.452 0.6999999881
98454  -46.834  22.339  53.410 0.6999999881
98474  -47.567  22.925  52.872 0.6000000238
134577  -47.476  22.625  51.664 0.6999999881
98446  -47.181  22.879  55.810 0.6999999881
98445  -46.624  22.361  54.807 0.6999999881
99282  -48.370  23.573  52.790 0.6999999881
99267  -48.153  23.473  54.100 0.6000000238
99260  -48.794  24.110  55.376 0.6000000238
99251  -48.303  23.975  56.235 0.6000000238
99268  -48.769  24.012  53.855 0.6000000238
99250  -47.544  23.532  56.245 0.6999999881
100625  -48.674  24.933  56.040 0.6000000238
100631  -48.326  25.489  55.278 0.6000000238
101907  -48.135  27.474  52.835 0.6000000238
102568  -48.150  28.418  52.581 0.5000000000
99269  -49.270  24.247  52.876 0.6999999881
99982  -50.193  24.747  53.808 0.6000000238
99972  -50.118  24.875  55.028 0.6000000238
99994  -50.365  24.626  52.436 0.6000000238
99983  -50.848  25.124  53.165 0.6000000238
128769  -45.301  28.088  45.339 0.5000000000
96107  -43.500  19.673  50.498 0.8000000119
94055  -46.770  16.170  41.493 0.5000000000
94756  -45.873  17.244  44.771 0.6000000238
95428  -45.438  18.535  47.427 0.8000000119
97593  -44.484  21.964  55.290 0.8000000119
97602  -44.218  21.117  54.309 0.8000000119
99246  -44.095  22.643  54.917 0.6999999881
98430  -46.334  22.996  56.360 0.6999999881
99257  -44.411  23.269  54.496 0.6999999881
99258  -45.238  23.566  55.006 0.6999999881
99958  -46.113  23.775  55.642 0.8000000119
99970  -46.729  24.468  55.087 0.6000000238
99960  -47.967  24.128  56.334 0.6000000238
101918  -47.482  27.079  52.409 0.6999999881
103187  -49.272  29.871  53.290 0.5000000000
101974  -44.493  27.189  44.361 0.6000000238
101975  -45.013  27.877  44.371 0.6000000238
102613  -45.743  28.865  45.540 0.4000000060
95419  -44.532  18.576  48.418 0.8000000119
98443  -42.529  21.922  54.358 0.6999999881
150407  -42.908  23.227  52.764 0.6999999881
99266  -44.110  23.594  53.301 0.6999999881
99281  -43.022  23.533  52.014 0.6000000238
99991  -43.449  24.115  51.485 0.6999999881
99969  -45.767  24.212  54.320 0.6999999881
100640  -46.748  25.572  53.030 0.6999999881
99993  -45.069  24.815  51.922 0.6000000238
100648  -45.362  25.720  51.425 0.6000000238
153096  -46.532  26.499  51.841 0.5000000000
101296  -46.806  27.088  51.729 0.5000000000
101917  -46.795  27.964  51.392 0.4000000060
154229  -47.876  29.002  52.221 0.4000000060
103196  -47.712  29.626  51.939 0.3000000119
103817  -48.554  30.275  52.652 0.5000000000
140555  -48.832  31.287  52.610 0.4000000060
136537  -49.848  31.720  52.954 0.4000000060
104507  -49.686  33.070  52.167 0.4000000060
103242  -47.175  29.910  45.334 0.4000000060
97600  -42.347  21.209  54.586 0.6000000238
100026  -42.080  25.068  49.620 0.5000000000
99300  -42.131  23.933  50.650 0.4000000060
100659  -42.966  25.230  49.866 0.4000000060
100662  -45.164  26.496  50.738 0.5000000000
147402  -45.583  27.085  50.762 0.4000000060
152132  -46.698  28.629  51.159 0.3000000119
101928  -45.582  27.720  50.525 0.3000000119
101929  -46.218  28.197  50.787 0.3000000119
103833  -48.131  31.642  51.870 0.4000000060
141459  -50.102  33.700  51.007 0.3000000119
105104  -49.399  33.534  51.383 0.3000000119
102579  -46.242  28.979  50.674 0.3000000119
103848  -46.519  31.004  50.725 0.4000000060
101305  -43.999  26.118  50.028 0.4000000060
101306  -44.477  26.612  50.182 0.3000000119
101927  -44.920  27.959  50.042 0.3000000119
105773  -49.001  34.662  49.516 0.2000000030
101942  -41.781  27.773  48.878 0.2000000030
101943  -42.672  27.627  49.135 0.2000000030
101321  -42.993  26.783  49.322 0.3000000119
102591  -43.256  28.370  49.335 0.1000000015
102592  -44.142  28.189  49.645 0.2000000030
103223  -43.329  29.891  49.471 0.1000000015
104523  -46.373  32.068  50.545 0.3000000119
105102  -47.305  32.692  50.714 0.3000000119
103862  -45.042  31.185  49.834 0.3000000119
89090  -50.950  10.580  39.270 0.2000000030
88259  -49.192  10.117  38.815 0.2000000030
89089  -49.958  10.453  39.219 0.2000000030
88265  -49.229  10.203  38.047 0.2000000030
88264  -48.332  9.730  37.728 0.2000000030
89091  -52.177  10.497  39.370 0.2000000030
89099  -50.273  10.522  38.459 0.2000000030
135972  -49.308  10.485  37.149 0.2000000030
88249  -53.899  9.646  39.760 0.2000000030
135568  -51.066  10.601  37.756 0.2000000030
140269  -50.076  10.533  37.688 0.2000000030
88263  -47.595  9.056  37.359 0.2000000030
88270  -48.082  10.115  36.932 0.2000000030
88269  -47.308  9.458  36.515 0.2000000030
89119  -47.874  10.333  35.956 0.2000000030
88276  -47.004  9.793  35.564 0.1000000015
88275  -46.566  9.088  35.022 0.2000000030
86527  -46.174  7.201  33.725 0.2000000030
88282  -46.894  9.860  34.469 0.2000000030
88252  -55.800  9.635  39.746 0.2000000030
88243  -56.105  9.664  40.329 0.2000000030
89094  -54.281  10.008  39.365 0.2000000030
153183  -54.285  9.357  39.900 0.2000000030
88242  -55.477  9.228  40.147 0.2000000030
89092  -53.283  10.123  39.453 0.2000000030
89100  -52.729  10.436  38.614 0.2000000030
143392  -51.580  10.606  38.523 0.2000000030
89121  -50.072  10.986  36.290 0.2000000030
89120  -48.934  10.701  36.181 0.2000000030
86533  -45.830  7.481  32.345 0.1000000015
87405  -46.171  8.127  33.301 0.1000000015
86532  -45.461  6.663  32.333 0.1000000015
87414  -46.133  8.613  32.420 0.1000000015
88281  -46.441  9.120  33.677 0.2000000030
86531  -44.422  7.758  33.087 0.1000000015
86538  -44.806  7.280  32.053 0.1000000015
86526  -44.250  7.921  34.335 0.1000000015
89906  -56.144  11.436  41.112 0.2000000030
88251  -55.175  9.715  39.641 0.2000000030
89911  -55.914  10.971  39.777 0.2000000030
89093  -53.843  10.097  39.211 0.2000000030
89095  -54.823  10.138  39.292 0.2000000030
89101  -53.537  10.328  38.677 0.2000000030
89102  -54.067  10.385  38.621 0.2000000030
137192  -52.204  10.540  37.834 0.2000000030
89110  -51.704  10.621  37.081 0.2000000030
89134  -49.676  11.210  35.408 0.2000000030
89133  -48.615  10.988  35.260 0.2000000030
89132  -47.677  10.468  34.943 0.2000000030
89145  -48.365  11.068  34.338 0.2000000030
150928  -45.589  7.791  31.752 0.1000000015
87424  -45.767  8.356  31.772 0.1000000015
88288  -46.873  9.912  33.252 0.2000000030
89144  -47.576  10.459  33.883 0.2000000030
88280  -44.311  9.302  33.751 0.1000000015
87413  -44.371  8.694  32.961 0.1000000015
135535  -44.558  8.054  32.282 0.1000000015
87423  -44.960  7.955  31.726 0.1000000015
87404  -44.221  8.557  33.833 0.1000000015
90807  -55.554  12.213  40.868 0.2000000030
89905  -55.243  11.942  40.760 0.2000000030
89917  -55.651  10.741  39.099 0.2000000030
89103  -54.646  10.435  38.420 0.2000000030
89104  -55.220  10.625  38.583 0.2000000030
136268  -53.771  10.578  38.127 0.2000000030
89112  -53.590  10.568  37.444 0.2000000030
134939  -53.151  10.472  37.985 0.2000000030
89122  -51.217  10.918  36.320 0.2000000030
89111  -52.734  10.504  37.211 0.2000000030
89135  -50.773  11.195  35.490 0.2000000030
89146  -49.275  11.420  34.601 0.2000000030
152611  -46.419  9.441  32.559 0.1000000015
149286  -45.418  8.328  31.623 0.1000000015
88295  -46.049  9.319  31.541 0.1000000015
89151  -46.720  10.015  31.994 0.1000000015
89143  -44.404  9.881  33.556 0.1000000015
88274  -44.482  9.544  35.575 0.1000000015
139600  -44.595  10.247  33.948 0.1000000015
89940  -45.357  11.242  35.062 0.1000000015
90833  -45.967  11.899  35.660 0.1000000015
137994  -51.360  12.615  44.940 0.2000000030
90774  -50.966  12.567  44.126 0.2000000030
135730  -50.490  12.516  44.790 0.2000000030
91588  -53.780  13.752  45.175 0.2000000030
132433  -42.312  13.451  49.366 0.2000000030
91546  -42.877  13.290  48.718 0.2000000030
136249  -43.394  13.239  48.161 0.2000000030
91560  -44.245  13.168  47.125 0.2000000030
90740  -45.490  12.397  46.294 0.2000000030
90741  -46.116  12.157  45.947 0.2000000030
90758  -47.386  12.074  45.384 0.2000000030
128453  -48.115  12.319  44.659 0.2000000030
144545  -49.037  12.376  44.291 0.2000000030
129507  -49.955  12.469  43.931 0.2000000030
90785  -50.626  12.544  43.278 0.2000000030
91619  -55.997  14.028  42.774 0.2000000030
92462  -43.015  14.027  48.073 0.2000000030
91559  -43.635  13.604  47.518 0.2000000030
90756  -45.707  12.700  45.430 0.2000000030
136332  -47.055  12.375  44.483 0.2000000030
90773  -48.416  12.486  43.858 0.2000000030
90784  -49.774  12.516  42.962 0.2000000030
90796  -50.379  12.626  42.488 0.2000000030
91633  -56.199  14.005  41.853 0.2000000030
149465  -43.020  14.863  47.849 0.2000000030
148510  -43.527  14.544  47.302 0.2000000030
91572  -43.979  13.922  46.809 0.2000000030
150705  -44.350  14.127  46.249 0.2000000030
90770  -46.240  12.877  44.549 0.2000000030
90783  -48.251  12.664  43.170 0.2000000030
129322  -48.918  12.719  42.565 0.2000000030
128935  -49.051  12.466  43.433 0.2000000030
92495  -44.922  14.533  45.061 0.2000000030
92496  -45.241  13.824  44.902 0.2000000030
91601  -46.302  13.420  43.912 0.2000000030
90771  -46.848  12.876  43.773 0.2000000030
90794  -48.125  13.023  42.577 0.2000000030
90795  -49.665  12.703  42.308 0.2000000030
89910  -55.520  11.861  40.005 0.2000000030
92506  -45.416  14.390  44.366 0.2000000030
91614  -46.003  14.200  43.686 0.2000000030
91615  -46.669  13.599  43.293 0.2000000030
90782  -47.423  13.093  43.011 0.2000000030
91628  -49.200  12.972  41.854 0.2000000030
91626  -47.063  13.816  42.677 0.2000000030
89952  -48.963  11.498  33.819 0.2000000030
89152  -48.168  11.029  33.373 0.2000000030
88302  -44.863  9.631  31.145 0.1000000015
88303  -45.548  9.849  31.016 0.1000000015
145775  -47.451  10.464  32.728 0.1000000015
89950  -44.874  10.691  34.463 0.1000000015
90840  -46.501  12.523  35.106 0.1000000015
91700  -46.767  13.474  36.812 0.1000000015
91602  -53.261  13.387  44.722 0.2000000030
91618  -54.917  13.929  43.325 0.2000000030
90775  -51.773  12.843  44.357 0.2000000030
91603  -54.092  13.697  44.289 0.2000000030
91632  -55.291  14.014  42.225 0.2000000030
92453  -41.659  14.173  49.320 0.2000000030
91545  -42.336  14.050  48.741 0.2000000030
90798  -51.898  12.992  42.994 0.2000000030
91648  -56.234  13.980  41.019 0.2000000030
93203  -39.355  15.166  51.537 0.3000000119
93210  -39.740  15.373  51.024 0.3000000119
92445  -40.592  14.695  50.173 0.2000000030
92460  -41.877  14.774  48.822 0.2000000030
92461  -42.513  14.770  48.343 0.2000000030
90797  -51.151  12.674  42.743 0.2000000030
91661  -55.860  13.602  40.296 0.2000000030
93211  -40.208  15.498  50.442 0.2000000030
93218  -40.707  15.508  49.789 0.2000000030
151802  -41.480  14.792  49.169 0.2000000030
93237  -42.749  15.489  48.065 0.2000000030
92484  -44.047  14.663  46.537 0.2000000030
90822  -55.423  12.660  39.471 0.2000000030
93238  -43.365  15.524  47.488 0.2000000030
93249  -43.816  15.231  46.891 0.3000000119
92485  -44.483  14.658  45.830 0.2000000030
143765  -55.323  12.169  38.653 0.2000000030
151132  -45.552  14.902  43.875 0.2000000030
91627  -47.673  13.593  42.307 0.2000000030
146697  -48.423  13.268  42.033 0.2000000030
89916  -55.529  11.613  39.174 0.2000000030
92514  -46.531  14.409  42.911 0.2000000030
91641  -48.707  13.506  41.389 0.2000000030
91655  -49.890  13.399  40.627 0.2000000030
137756  -50.219  13.586  40.018 0.2000000030
93273  -45.939  15.056  43.274 0.2000000030
92523  -47.111  14.512  42.038 0.2000000030
91640  -47.930  13.893  41.645 0.2000000030
153155  -49.521  13.726  40.140 0.2000000030
92537  -47.775  14.867  40.740 0.2000000030
92531  -48.240  14.168  41.021 0.2000000030
92542  -48.917  14.060  39.853 0.2000000030
91679  -49.719  13.959  38.691 0.2000000030
92538  -48.334  14.414  40.300 0.2000000030
92541  -48.443  14.708  39.548 0.2000000030
92548  -48.963  14.256  39.071 0.2000000030
92554  -49.820  14.124  37.849 0.2000000030
136727  -49.129  14.511  38.277 0.2000000030
93302  -47.916  15.169  40.018 0.3000000119
93310  -48.243  15.569  39.346 0.2000000030
89965  -49.675  11.624  33.416 0.2000000030
89962  -44.758  10.732  33.275 0.1000000015
88287  -44.353  9.589  32.624 0.1000000015
89155  -44.433  10.097  31.209 0.1000000015
89163  -44.909  10.342  31.061 0.1000000015
89978  -47.914  11.454  31.568 0.1000000015
89159  -47.923  10.966  32.411 0.1000000015
154268  -45.542  11.550  31.882 0.1000000015
89976  -45.179  10.926  31.377 0.1000000015
89987  -45.216  10.920  30.952 0.1000000015
89165  -46.450  11.139  30.622 0.1000000015
90839  -45.859  11.873  34.405 0.1000000015
89951  -45.191  11.296  33.785 0.1000000015
92546  -46.368  15.006  38.610 0.1000000015
91691  -46.441  13.530  37.642 0.1000000015
91710  -46.982  13.235  35.747 0.1000000015
91561  -51.646  13.216  47.200 0.2000000030
90729  -51.012  12.707  47.046 0.2000000030
90747  -52.256  12.964  45.905 0.2000000030
150071  -51.680  12.680  45.599 0.2000000030
90776  -52.551  13.102  44.599 0.2000000030
90787  -52.223  13.115  43.776 0.2000000030
91617  -53.758  13.627  43.484 0.2000000030
91647  -55.746  14.163  41.231 0.2000000030
130823  -55.878  14.114  40.592 0.2000000030
93978  -39.003  16.574  52.367 0.3000000119
94715  -39.655  16.967  51.890 0.3000000119
145702  -51.618  12.850  42.359 0.2000000030
91629  -52.315  13.147  42.393 0.2000000030
91645  -52.790  13.322  41.722 0.2000000030
93985  -39.378  16.056  51.564 0.3000000119
93991  -39.832  16.124  50.873 0.3000000119
93992  -40.415  16.369  50.259 0.3000000119
91644  -51.865  13.013  41.766 0.2000000030
91660  -55.471  13.806  40.107 0.2000000030
93998  -40.972  16.191  49.620 0.4000000060
94004  -41.904  16.155  48.738 0.4000000060
94005  -42.504  16.179  48.345 0.3000000119
94016  -43.591  16.403  47.568 0.5000000000
90806  -50.967  12.739  41.909 0.2000000030
91658  -52.337  13.296  41.035 0.2000000030
146016  -52.757  13.361  40.311 0.2000000030
129606  -55.412  13.319  39.594 0.2000000030
93239  -43.982  15.943  46.987 0.5000000000
93259  -44.758  15.293  45.372 0.2000000030
89923  -55.550  11.383  38.357 0.2000000030
94033  -44.818  16.061  45.703 0.5000000000
93260  -45.083  15.833  45.026 0.3000000119
93266  -45.191  15.224  44.514 0.2000000030
132610  -45.343  16.045  44.392 0.3000000119
93272  -45.537  15.601  43.775 0.3000000119
93281  -45.907  15.925  43.097 0.3000000119
93282  -46.353  15.274  42.539 0.2000000030
130145  -46.356  16.353  42.344 0.3000000119
93293  -47.185  15.309  41.249 0.2000000030
89963  -45.188  11.142  32.520 0.1000000015
90861  -45.741  11.536  31.024 0.1000000015
90847  -46.388  12.508  33.832 0.1000000015
90846  -45.733  11.898  33.003 0.1000000015
90853  -45.972  12.130  31.860 0.1000000015
90862  -46.357  12.173  31.025 0.1000000015
91711  -47.606  13.913  35.337 0.1000000015
91719  -47.105  13.124  34.581 0.1000000015
139202  -46.315  12.481  32.730 0.1000000015
135788  -47.811  14.980  35.554 0.1000000015
92563  -48.113  14.507  34.574 0.1000000015
91720  -47.703  13.722  34.031 0.1000000015
93334  -48.301  15.443  34.843 0.1000000015
92570  -48.576  15.019  33.838 0.1000000015
91549  -51.733  13.664  48.059 0.2000000030
91550  -52.480  14.097  48.018 0.2000000030
91562  -52.415  13.737  47.379 0.2000000030
91575  -52.287  13.326  46.625 0.2000000030
91576  -52.812  13.410  46.158 0.2000000030
90763  -52.896  13.271  45.410 0.2000000030
91616  -53.101  13.341  44.025 0.2000000030
91630  -52.869  13.344  43.097 0.2000000030
91631  -53.975  13.794  42.561 0.2000000030
128095  -54.612  13.940  41.559 0.2000000030
94716  -40.200  17.591  51.511 0.4000000060
94720  -40.555  17.326  50.625 0.4000000060
91646  -53.599  13.618  41.818 0.2000000030
128093  -55.158  14.052  40.668 0.2000000030
93993  -41.002  16.972  49.856 0.4000000060
94722  -41.709  17.399  49.535 0.5000000000
128094  -53.711  13.555  40.875 0.2000000030
91659  -54.648  13.696  40.016 0.2000000030
93999  -41.513  16.542  49.248 0.4000000060
132919  -42.219  16.941  48.769 0.5000000000
94006  -43.071  16.850  48.193 0.5000000000
94732  -43.858  17.161  47.812 0.5000000000
128092  -53.623  13.426  39.830 0.2000000030
129473  -54.804  13.170  38.776 0.2000000030
94025  -44.567  16.346  46.505 0.5000000000
94741  -44.889  17.120  46.806 0.5000000000
94026  -45.187  16.810  46.067 0.5000000000
94034  -45.367  16.570  45.148 0.4000000060
90841  -55.777  12.328  35.516 0.2000000030
91730  -47.058  13.027  33.140 0.1000000015
90855  -47.217  13.098  32.008 0.1000000015
92577  -48.479  14.361  32.896 0.1000000015
93342  -48.555  15.896  34.251 0.1000000015
92569  -48.199  14.227  33.638 0.1000000015
96103  -43.033  19.855  51.533 0.6999999881
96105  -42.202  19.393  51.191 0.6999999881
96106  -42.804  19.432  50.631 0.6999999881
95410  -41.502  18.792  50.848 0.6000000238
95411  -42.298  19.036  50.255 0.6000000238
96110  -43.000  19.238  49.880 0.6000000238
96111  -43.779  19.396  49.655 0.6999999881
95409  -40.753  18.195  51.128 0.6000000238
94721  -41.237  17.843  50.298 0.6000000238
95413  -41.947  18.277  49.918 0.6000000238
95414  -42.662  18.590  49.540 0.6000000238
95417  -43.052  18.151  48.888 0.6000000238
91673  -55.168  12.855  38.664 0.2000000030
94723  -42.433  17.776  49.248 0.6000000238
94724  -42.843  17.464  48.666 0.5000000000
94734  -45.147  17.869  47.093 0.6000000238
94733  -44.544  17.485  47.469 0.6000000238
91694  -54.710  13.146  37.391 0.2000000030
128943  -45.694  17.386  45.597 0.5000000000
94087  -47.192  16.424  37.126 0.1000000015
94811  -47.260  17.108  36.850 0.2000000030
94817  -47.512  17.439  36.249 0.2000000030
95522  -48.220  18.187  34.749 0.2000000030
94112  -49.195  16.700  33.406 0.1000000015
94824  -48.285  17.279  34.865 0.2000000030
139218  -49.189  17.770  33.554 0.2000000030
95503  -45.194  18.329  37.265 0.1000000015
94823  -47.856  17.796  35.493 0.2000000030
94105  -48.706  16.803  34.122 0.2000000030
94798  -41.390  17.817  38.640 0.1000000015
95494  -42.311  18.024  38.377 0.1000000015
135899  -42.972  17.610  38.168 0.1000000015
95495  -43.227  18.377  38.162 0.1000000015
95502  -44.502  18.571  37.541 0.2000000030
94807  -43.814  18.123  37.901 0.2000000030
95511  -45.006  19.023  37.015 0.2000000030
96199  -42.730  19.220  38.870 0.1000000015
96200  -43.468  19.520  38.326 0.1000000015
95501  -43.938  18.869  37.814 0.1000000015
96216  -44.933  19.929  36.810 0.2000000030
96224  -45.228  20.310  36.087 0.2000000030
97744  -37.960  22.337  39.303 0.1000000015
97732  -38.103  21.282  39.361 0.1000000015
97745  -38.481  21.928  38.852 0.1000000015
95488  -41.762  18.786  39.244 0.1000000015
96955  -42.853  20.510  38.562 0.1000000015
96956  -43.490  20.497  38.107 0.1000000015
96207  -43.994  19.928  37.809 0.1000000015
95510  -44.500  19.401  37.383 0.1000000015
96973  -44.824  20.935  36.617 0.2000000030
96981  -45.373  20.835  35.537 0.2000000030
98567  -37.326  22.812  39.906 0.1000000015
134487  -39.034  22.068  38.495 0.1000000015
96191  -41.879  20.420  39.216 0.1000000015
96965  -43.841  20.988  37.584 0.1000000015
96208  -44.427  20.428  37.241 0.2000000030
97783  -45.223  21.314  36.393 0.2000000030
143263  -45.628  21.199  34.911 0.2000000030
99392  -37.429  23.586  40.058 0.2000000030
98568  -38.062  23.180  39.496 0.2000000030
98578  -38.712  22.834  38.807 0.2000000030
98579  -39.569  22.689  38.380 0.2000000030
98580  -40.181  23.194  38.535 0.2000000030
97782  -44.466  21.548  37.154 0.3000000119
98615  -44.771  21.739  37.003 0.3000000119
97794  -46.015  21.528  35.354 0.3000000119
101366  -43.256  26.651  42.859 0.6000000238
101365  -42.465  26.520  42.704 0.6000000238
100101  -37.515  24.448  40.576 0.2000000030
99393  -38.224  23.778  40.043 0.2000000030
99399  -38.894  23.474  39.381 0.2000000030
99394  -39.047  23.822  40.233 0.2000000030
149453  -39.437  23.329  38.795 0.2000000030
99400  -39.795  23.591  39.382 0.2000000030
98614  -44.166  21.785  37.416 0.3000000119
97773  -45.493  21.705  36.853 0.4000000060
97796  -47.867  21.617  35.995 0.5000000000
97785  -46.238  21.568  36.242 0.5000000000
97795  -46.897  21.581  35.679 0.5000000000
101982  -43.884  26.938  43.152 0.5000000000
101993  -42.952  27.136  42.348 0.5000000000
101994  -43.709  27.194  42.512 0.4000000060
100735  -38.940  26.231  42.321 0.4000000060
101992  -42.029  27.174  42.318 0.6000000238
100093  -38.182  25.105  41.462 0.2000000030
100736  -38.848  25.488  42.113 0.4000000060
99384  -39.186  24.158  41.093 0.2000000030
130406  -38.983  24.774  41.654 0.3000000119
97786  -47.239  21.598  36.497 0.5000000000
97775  -47.595  21.670  37.245 0.5000000000
102625  -45.765  28.592  43.301 0.3000000119
101984  -45.188  28.013  43.388 0.3000000119
102632  -45.455  28.225  42.544 0.2000000030
101983  -44.515  27.412  43.517 0.3000000119
102631  -44.788  27.713  42.677 0.2000000030
101357  -44.016  26.768  43.947 0.4000000060
102644  -46.410  29.006  41.658 0.2000000030
145691  -44.251  27.342  42.765 0.3000000119
134064  -44.947  27.963  41.905 0.2000000030
102643  -45.679  28.516  41.632 0.2000000030
102006  -44.272  27.576  42.152 0.4000000060
153085  -44.956  28.376  41.310 0.2000000030
102005  -43.532  27.579  41.911 0.4000000060
102641  -43.243  28.170  41.429 0.4000000060
102642  -44.188  28.105  41.492 0.2000000030
102655  -44.459  28.712  40.777 0.2000000030
139009  -43.710  28.532  41.008 0.4000000060
89114  -54.755  10.727  37.580 0.2000000030
90830  -55.613  12.124  37.273 0.2000000030
89126  -54.648  10.725  36.973 0.2000000030
91680  -50.571  13.772  38.264 0.2000000030
128091  -53.484  13.459  38.977 0.2000000030
90826  -55.452  12.183  37.982 0.2000000030
91692  -50.484  13.840  37.465 0.2000000030
137721  -55.621  11.619  37.685 0.2000000030
91706  -55.210  13.014  36.634 0.2000000030
89936  -55.613  11.026  36.423 0.2000000030
91695  -55.456  12.611  36.851 0.2000000030
91684  -54.984  13.073  38.000 0.2000000030
91716  -55.733  12.942  35.267 0.2000000030
130690  -51.980  13.572  36.949 0.2000000030
134868  -46.740  15.039  37.840 0.1000000015
142093  -48.338  16.363  34.914 0.2000000030
150947  -46.566  14.598  38.076 0.1000000015
92551  -46.755  14.257  37.529 0.1000000015
94093  -47.548  16.559  36.349 0.1000000015
93333  -47.922  15.964  35.642 0.2000000030
145232  -47.134  14.183  36.828 0.1000000015
94830  -48.636  17.730  34.290 0.2000000030
96190  -41.123  19.672  39.538 0.1000000015
101371  -38.384  26.780  41.960 0.3000000119
90873  -46.316  11.830  30.539 0.1000000015
151647  -48.227  13.867  32.201 0.1000000015
90854  -46.590  12.687  31.882 0.1000000015
93358  -48.957  15.112  32.891 0.1000000015
133564  -48.666  11.781  31.737 0.1000000015
89977  -47.124  11.548  30.586 0.1000000015
89988  -46.020  11.376  30.711 0.1000000015
94816  -46.985  17.813  36.751 0.2000000030
96217  -45.354  19.528  36.285 0.2000000030
96225  -45.527  20.166  35.256 0.3000000119
139018  -55.719  11.510  35.813 0.2000000030
145878  -53.354  13.408  38.252 0.2000000030
93301  -47.523  15.638  40.553 0.2000000030
95416  -44.116  19.052  48.964 0.6000000238
89929  -55.657  11.248  37.194 0.2000000030
138709  -45.632  16.652  44.421 0.5000000000
94045  -45.690  16.359  43.780 0.4000000060
89109  -50.572  10.708  37.042 0.2000000030
88240  -53.987  9.005  40.327 0.2000000030
86539  -45.332  7.198  31.931 0.1000000015
87422  -44.526  8.773  32.055 0.1000000015
141924  -44.446  10.253  32.865 0.1000000015
87430  -44.908  8.826  31.466 0.1000000015
134050  -55.584  10.978  37.853 0.2000000030
89156  -44.697  10.393  31.223 0.1000000015
146254  -49.695  12.446  44.719 0.2000000030
90739  -44.821  12.738  46.698 0.2000000030
91574  -45.037  13.047  45.945 0.2000000030
90757  -46.525  12.260  45.281 0.2000000030
91573  -44.514  13.477  46.407 0.2000000030
91587  -45.239  13.317  45.344 0.2000000030
90772  -47.653  12.585  43.777 0.2000000030
91586  -44.754  13.844  45.642 0.2000000030
147088  -45.621  13.256  44.885 0.2000000030
91600  -45.778  13.649  44.351 0.2000000030
91642  -49.528  13.211  41.250 0.2000000030
89157  -46.219  10.297  31.046 0.1000000015
89158  -47.130  10.818  31.455 0.1000000015
91701  -47.262  13.833  36.237 0.1000000015
153750  -39.694  16.482  51.321 0.3000000119
92444  -40.149  14.837  50.707 0.2000000030
92452  -41.089  14.769  49.526 0.2000000030
93219  -41.425  15.524  49.145 0.2000000030
93227  -42.151  15.482  48.557 0.2000000030
93250  -44.319  15.453  46.240 0.3000000119
91654  -48.989  13.732  40.645 0.2000000030
91668  -50.582  13.665  39.242 0.2000000030
92530  -47.638  14.545  41.330 0.2000000030
91667  -49.617  13.840  39.505 0.2000000030
93321  -47.010  15.667  37.459 0.1000000015
92552  -47.170  14.862  37.120 0.1000000015
93986  -39.993  16.823  51.015 0.3000000119
94015  -43.000  16.117  47.848 0.4000000060
94017  -44.306  16.701  47.243 0.5000000000
93292  -46.668  15.488  41.872 0.3000000119
91731  -47.796  13.660  32.743 0.1000000015
92558  -47.433  14.537  36.284 0.1000000015
94725  -43.486  17.617  48.404 0.5000000000
91671  -54.397  13.411  39.255 0.2000000030
95415  -43.376  18.824  49.233 0.6000000238
95418  -43.804  18.342  48.668 0.6000000238
94726  -44.215  17.855  48.142 0.5000000000
91683  -54.296  13.341  38.325 0.2000000030
154252  -55.144  12.850  37.257 0.2000000030
94099  -47.909  16.880  35.584 0.1000000015
96937  -37.620  20.953  40.116 0.1000000015
96972  -44.282  20.979  37.159 0.1000000015
97784  -45.511  21.427  36.169 0.3000000119
100102  -38.485  24.320  40.820 0.2000000030
103277  -44.976  29.217  40.227 0.3000000119
89127  -55.115  10.910  37.049 0.2000000030
91693  -51.335  13.633  37.629 0.2000000030
146273  -47.461  15.569  36.523 0.1000000015
91517  -39.841  13.533  51.854 0.2000000030
93196  -38.784  15.473  52.119 0.2000000030
92426  -39.230  14.404  51.923 0.2000000030
91468  -36.656  13.881  55.509 0.2000000030
91483  -37.205  13.751  54.922 0.2000000030
91494  -37.651  13.695  54.245 0.2000000030
91504  -38.545  13.873  52.992 0.2000000030
92425  -38.620  14.479  52.513 0.2000000030
92368  -32.510  14.058  56.357 0.2000000030
92384  -32.881  14.627  55.852 0.2000000030
92370  -34.164  13.974  56.393 0.2000000030
91454  -35.069  13.914  56.517 0.2000000030
92385  -33.769  14.674  55.718 0.2000000030
92386  -34.567  14.388  55.867 0.2000000030
92387  -35.240  14.407  55.598 0.2000000030
92371  -35.916  13.947  56.034 0.2000000030
141787  -33.171  15.221  55.521 0.2000000030
93157  -33.752  15.606  55.127 0.2000000030
147747  -34.603  15.066  55.191 0.2000000030
92388  -36.012  14.279  55.162 0.2000000030
92404  -37.093  14.285  54.350 0.2000000030
93174  -35.851  15.495  54.245 0.2000000030
93185  -36.482  15.373  53.943 0.2000000030
92414  -36.980  14.891  53.857 0.2000000030
92415  -37.533  14.329  53.701 0.2000000030
92416  -38.000  14.417  53.055 0.2000000030
93186  -37.019  15.632  53.612 0.2000000030
93195  -38.082  15.244  52.742 0.2000000030
91434  -30.698  13.091  57.192 0.1000000015
92366  -30.760  14.265  56.385 0.1000000015
93143  -30.371  14.769  56.062 0.1000000015
92382  -31.137  14.873  55.874 0.1000000015
92383  -32.051  14.709  55.871 0.1000000015
93155  -31.719  15.410  55.555 0.2000000030
93156  -32.492  15.298  55.544 0.2000000030
148852  -33.375  16.299  54.823 0.2000000030
93172  -34.443  15.793  54.726 0.2000000030
93173  -35.096  15.628  54.548 0.2000000030
93957  -35.485  16.244  54.125 0.2000000030
93968  -36.309  16.165  53.786 0.2000000030
93969  -37.132  16.457  53.500 0.3000000119
93970  -37.900  16.749  53.320 0.4000000060
93977  -38.297  16.198  52.752 0.2000000030
94708  -38.592  17.089  53.044 0.3000000119
94599  -34.860  17.999  68.553 0.1000000015
91379  -28.159  13.328  60.832 0.1000000015
92297  -27.835  14.204  61.184 0.1000000015
139109  -28.359  13.691  58.532 0.1000000015
91432  -28.799  13.715  57.724 0.1000000015
92352  -29.346  13.970  57.000 0.1000000015
92365  -29.904  14.368  56.450 0.1000000015
93142  -29.659  14.977  56.053 0.1000000015
93154  -30.309  15.406  55.691 0.1000000015
131047  -31.044  15.586  55.563 0.1000000015
93940  -31.389  16.110  55.304 0.2000000030
93955  -32.949  15.901  55.233 0.2000000030
93171  -34.033  16.347  54.570 0.2000000030
93956  -34.769  16.344  54.368 0.3000000119
93967  -35.746  16.910  53.812 0.3000000119
94701  -35.899  17.662  53.638 0.3000000119
94702  -36.695  17.834  53.565 0.3000000119
130190  -36.516  17.054  53.615 0.3000000119
133278  -37.330  17.297  53.507 0.4000000060
94704  -38.860  17.866  53.370 0.4000000060
94703  -38.128  17.570  53.452 0.4000000060
94709  -39.248  17.454  52.752 0.4000000060
95406  -40.448  18.288  52.100 0.5000000000
95407  -41.006  18.792  51.803 0.5000000000
95314  -35.628  18.549  68.289 0.1000000015
95303  -36.994  18.979  68.481 0.1000000015
95304  -39.187  18.565  69.154 0.1000000015
95293  -39.962  18.017  69.378 0.1000000015
94608  -33.463  18.027  67.504 0.1000000015
95313  -34.970  18.643  67.738 0.1000000015
153164  -36.251  18.912  68.172 0.1000000015
93864  -30.077  16.319  65.704 0.1000000015
94616  -31.582  17.308  66.374 0.1000000015
93869  -29.663  16.782  64.844 0.1000000015
93873  -28.825  16.523  63.274 0.1000000015
93874  -29.257  16.665  64.004 0.1000000015
137820  -27.788  15.144  61.464 0.1000000015
93075  -28.073  15.398  62.281 0.1000000015
93876  -28.370  16.321  62.493 0.1000000015
92324  -27.621  14.731  59.674 0.1000000015
92296  -27.664  14.899  60.620 0.1000000015
153343  -27.660  16.323  61.106 0.1000000015
93104  -27.367  15.496  59.371 0.1000000015
148407  -27.381  15.396  58.719 0.1000000015
92350  -27.829  14.856  57.562 0.1000000015
92351  -28.512  14.369  57.253 0.1000000015
92364  -29.028  14.616  56.557 0.1000000015
93141  -28.750  15.325  56.071 0.1000000015
93153  -29.494  15.517  55.716 0.1000000015
93938  -29.757  16.080  55.409 0.1000000015
93939  -30.596  16.151  55.348 0.1000000015
93954  -31.759  16.675  54.807 0.2000000030
136028  -32.664  16.660  54.728 0.2000000030
94685  -33.494  16.933  54.389 0.2000000030
94686  -34.380  17.093  54.101 0.3000000119
148873  -35.111  16.834  54.039 0.3000000119
94699  -33.612  17.647  53.843 0.2000000030
94687  -35.130  17.468  53.770 0.3000000119
95393  -36.104  18.282  53.467 0.3000000119
147177  -37.502  18.072  53.542 0.4000000060
95395  -38.323  18.335  53.504 0.4000000060
95402  -39.508  18.208  53.185 0.5000000000
95403  -40.168  18.510  52.999 0.5000000000
95396  -39.108  18.607  53.515 0.4000000060
95397  -39.829  18.862  53.493 0.5000000000
95404  -40.829  18.726  52.837 0.5000000000
136565  -41.302  18.990  52.551 0.5000000000
96101  -41.585  19.252  51.851 0.5000000000
96099  -41.238  19.271  53.406 0.5000000000
139273  -41.690  19.262  52.806 0.5000000000
96102  -42.247  19.638  52.411 0.6000000238
95969  -37.313  19.521  67.911 0.1000000015
95972  -39.792  19.757  68.168 0.1000000015
133996  -40.879  19.370  68.434 0.1000000015
94617  -32.266  17.699  66.669 0.1000000015
95321  -32.581  18.378  66.359 0.1000000015
128463  -34.234  18.816  67.126 0.1000000015
95983  -36.630  19.388  67.761 0.1000000015
95985  -38.816  19.894  67.872 0.1000000015
95328  -31.602  18.328  65.313 0.1000000015
94623  -31.883  18.045  66.046 0.1000000015
95330  -33.039  19.009  65.991 0.1000000015
95996  -34.816  19.596  66.483 0.1000000015
95981  -35.082  19.170  67.137 0.1000000015
94634  -29.970  17.889  63.865 0.1000000015
94628  -30.190  17.577  64.577 0.1000000015
94633  -29.312  17.394  63.431 0.1000000015
95339  -29.642  18.234  63.204 0.1000000015
93082  -27.866  16.153  61.656 0.1000000015
94637  -28.737  17.214  62.674 0.1000000015
94638  -29.090  17.913  62.767 0.1000000015
93081  -27.623  15.753  60.934 0.1000000015
144502  -27.714  16.892  61.226 0.1000000015
94641  -27.916  17.874  61.313 0.1000000015
93894  -27.188  16.198  59.739 0.1000000015
94644  -27.473  17.357  60.638 0.1000000015
93909  -27.085  16.073  58.858 0.1000000015
93893  -26.934  16.709  59.371 0.1000000015
93116  -27.335  15.552  57.973 0.1000000015
135130  -27.250  16.078  57.203 0.1000000015
93918  -26.910  16.405  58.025 0.1000000015
93129  -28.177  14.970  56.781 0.1000000015
93152  -28.953  15.923  55.542 0.1000000015
93951  -29.088  16.554  55.089 0.1000000015
93952  -30.020  16.760  54.848 0.1000000015
143821  -30.574  17.223  54.491 0.2000000030
94683  -31.260  17.272  54.420 0.2000000030
94697  -31.531  17.806  53.925 0.2000000030
94684  -32.049  17.313  54.356 0.2000000030
136067  -32.817  17.432  54.145 0.2000000030
132275  -33.731  18.390  53.421 0.2000000030
94700  -34.426  17.919  53.653 0.2000000030
96075  -34.837  19.024  53.016 0.3000000119
96076  -35.879  18.980  53.074 0.3000000119
95392  -35.245  18.303  53.476 0.3000000119
96077  -36.839  19.288  53.068 0.4000000060
139988  -37.615  18.816  53.388 0.5000000000
96078  -38.517  19.130  53.466 0.5000000000
96080  -40.121  19.495  53.634 0.5000000000
96098  -40.532  19.062  53.517 0.5000000000
96004  -32.701  19.395  65.304 0.1000000015
96005  -33.518  19.671  65.578 0.1000000015
95332  -30.629  18.261  64.244 0.1000000015
95341  -31.010  18.959  63.915 0.1000000015
95334  -31.966  19.056  64.983 0.1000000015
95346  -29.276  18.579  62.489 0.1000000015
95340  -30.329  18.589  63.571 0.1000000015
96008  -31.672  19.369  64.265 0.1000000015
96756  -32.848  20.498  64.162 0.1000000015
95345  -28.572  18.058  62.109 0.1000000015
95351  -28.887  18.938  61.889 0.1000000015
96015  -30.636  19.340  63.267 0.1000000015
96016  -31.373  19.683  63.535 0.1000000015
96766  -31.756  20.406  63.116 0.1000000015
95350  -28.359  18.583  61.524 0.1000000015
96026  -28.570  19.262  61.300 0.1000000015
96021  -29.552  19.353  62.235 0.1000000015
96022  -30.253  19.730  62.569 0.1000000015
95353  -27.536  18.203  60.522 0.1000000015
95354  -27.973  18.771  60.989 0.1000000015
96032  -28.935  19.959  60.971 0.1000000015
96027  -29.245  19.651  61.582 0.1000000015
94648  -26.816  17.492  59.387 0.1000000015
132627  -27.195  17.689  60.073 0.1000000015
96030  -27.641  19.043  60.269 0.1000000015
96031  -28.265  19.535  60.666 0.1000000015
94657  -26.576  17.656  58.528 0.1000000015
96034  -26.668  18.947  58.949 0.1000000015
96035  -27.290  19.382  59.493 0.1000000015
94663  -26.881  16.908  57.345 0.1000000015
95367  -26.440  18.475  58.316 0.1000000015
93929  -27.327  16.675  56.428 0.1000000015
146279  -26.871  17.439  56.772 0.1000000015
133534  -27.852  16.287  55.897 0.1000000015
93936  -27.707  16.910  55.598 0.1000000015
93937  -28.351  16.425  55.466 0.1000000015
94674  -28.318  17.075  54.974 0.1000000015
94681  -29.145  17.268  54.568 0.1000000015
95380  -29.219  17.925  54.028 0.2000000030
94696  -30.653  17.796  53.981 0.2000000030
95389  -31.071  18.358  53.486 0.2000000030
96091  -32.456  19.468  52.546 0.2000000030
96092  -33.353  19.558  52.484 0.3000000119
96830  -33.699  20.238  52.056 0.3000000119
94698  -32.224  17.811  53.891 0.2000000030
133099  -32.809  18.209  53.569 0.2000000030
96073  -33.094  18.906  53.000 0.2000000030
96093  -34.276  19.637  52.557 0.3000000119
96832  -35.509  20.381  52.239 0.5000000000
96834  -37.138  20.680  52.241 0.5000000000
95391  -34.445  18.542  53.339 0.2000000030
96094  -35.204  19.695  52.624 0.3000000119
96096  -36.974  20.012  52.667 0.5000000000
96097  -37.773  20.202  52.632 0.6000000238
96835  -38.578  20.317  52.733 0.5000000000
135470  -37.676  19.520  53.049 0.5000000000
146130  -38.319  19.764  53.039 0.5000000000
96814  -39.019  19.751  53.343 0.5000000000
96815  -39.679  19.775  53.576 0.5000000000
96081  -40.864  19.761  53.927 0.5000000000
96082  -41.487  19.779  53.971 0.5000000000
96767  -32.507  20.805  63.408 0.1000000015
96770  -30.598  20.480  62.234 0.1000000015
96028  -29.910  20.068  61.910 0.1000000015
96774  -30.281  20.788  61.574 0.1000000015
96771  -31.369  20.797  62.488 0.1000000015
97545  -31.756  21.523  62.100 0.1000000015
96773  -29.600  20.374  61.273 0.1000000015
97553  -30.680  21.406  61.182 0.1000000015
97554  -31.425  21.654  61.326 0.1000000015
97555  -32.457  21.840  61.328 0.1000000015
96036  -27.930  19.862  59.978 0.1000000015
96777  -28.619  20.278  60.332 0.1000000015
97559  -29.736  21.332  60.227 0.1000000015
97560  -30.477  21.594  60.483 0.1000000015
96044  -26.483  19.342  58.164 0.1000000015
96045  -26.935  19.763  58.725 0.1000000015
94667  -26.670  18.342  56.569 0.1000000015
95370  -26.373  18.864  57.464 0.1000000015
96060  -27.075  19.286  55.178 0.2000000030
95373  -27.115  18.389  55.590 0.1000000015
96063  -27.597  19.257  54.371 0.2000000030
95379  -27.601  18.521  54.791 0.1000000015
96064  -28.050  18.699  54.181 0.1000000015
95386  -28.686  18.561  53.829 0.2000000030
96069  -29.814  19.057  53.178 0.2000000030
96070  -30.630  18.968  53.074 0.2000000030
130683  -31.038  19.514  52.656 0.2000000030
96829  -32.654  20.231  51.962 0.2000000030
140497  -34.121  20.871  51.654 0.3000000119
96850  -37.250  21.225  51.865 0.5000000000
97630  -37.688  21.667  51.662 0.5000000000
97631  -39.029  21.792  52.037 0.5000000000
97632  -39.886  21.853  52.080 0.6000000238
98471  -41.072  22.541  51.921 0.5000000000
96847  -34.995  20.886  51.738 0.4000000060
96849  -36.579  21.105  51.810 0.5000000000
143715  -38.347  21.589  51.963 0.5000000000
98451  -40.662  21.945  52.426 0.6000000238
98452  -41.376  22.141  52.904 0.6000000238
97612  -37.950  20.948  52.166 0.5000000000
97613  -38.833  21.053  52.425 0.5000000000
97614  -39.619  21.207  52.627 0.6000000238
97615  -40.951  21.298  53.531 0.6000000238
96836  -39.482  20.379  53.128 0.5000000000
97598  -40.895  20.450  54.022 0.5000000000
97599  -41.607  20.848  54.308 0.5000000000
96817  -41.518  20.256  54.177 0.5000000000
128498  -41.967  20.102  54.171 0.5000000000
134297  -31.094  21.743  60.736 0.1000000015
97562  -31.823  21.888  60.566 0.1000000015
96781  -27.616  20.193  59.202 0.1000000015
97565  -30.285  21.898  59.677 0.1000000015
96797  -26.597  20.472  57.326 0.1000000015
97567  -27.637  21.268  58.141 0.1000000015
97578  -27.943  21.856  57.816 0.1000000015
95377  -26.731  19.042  55.970 0.1000000015
96053  -26.448  19.766  57.377 0.1000000015
137726  -27.243  19.836  54.606 0.2000000030
96068  -28.210  19.361  53.706 0.2000000030
149201  -28.695  19.761  53.199 0.2000000030
96088  -29.348  19.693  52.924 0.2000000030
146482  -35.343  21.369  51.398 0.4000000060
97629  -36.917  21.664  51.443 0.4000000060
99279  -41.326  23.081  51.395 0.5000000000
97628  -36.052  21.609  51.290 0.4000000060
96067  -27.572  19.963  53.980 0.2000000030
99280  -42.146  23.431  51.484 0.5000000000
96100  -41.854  19.622  53.486 0.5000000000
96818  -42.156  20.697  54.427 0.5000000000
98442  -41.814  21.592  53.934 0.6000000238
92435  -39.867  14.414  51.258 0.2000000030
91469  -37.429  13.462  55.778 0.2000000030
149038  -36.660  14.163  54.856 0.2000000030
92369  -33.344  14.024  56.330 0.1000000015
144128  -34.492  13.648  57.056 0.2000000030
92402  -35.490  14.897  54.809 0.2000000030
92403  -36.356  14.750  54.448 0.2000000030
93187  -37.511  15.054  53.316 0.2000000030
140901  -37.640  15.886  53.194 0.2000000030
91433  -29.713  13.264  57.509 0.1000000015
91449  -30.266  13.731  56.823 0.1000000015
93941  -32.170  16.022  55.248 0.2000000030
94710  -39.866  17.844  52.434 0.4000000060
95302  -35.675  18.055  68.903 0.1000000015
127972  -34.269  18.240  67.865 0.1000000015
146236  -28.097  14.275  58.023 0.1000000015
91416  -29.063  13.027  58.277 0.1000000015
135857  -27.821  14.377  58.827 0.1000000015
92335  -27.641  14.888  58.344 0.1000000015
93953  -30.944  16.693  54.885 0.2000000030
95982  -35.789  19.170  67.573 0.1000000015
95970  -37.963  19.336  68.391 0.1000000015
95305  -39.872  18.896  68.822 0.1000000015
95294  -40.967  18.344  69.122 0.1000000015
95322  -33.325  18.608  66.713 0.1000000015
94622  -31.254  17.584  65.640 0.1000000015
94621  -30.451  17.213  65.325 0.1000000015
93072  -28.841  15.993  63.849 0.1000000015
94642  -28.190  17.100  61.910 0.1000000015
95394  -36.780  18.549  53.392 0.4000000060
96079  -39.413  19.260  53.561 0.5000000000
95999  -37.187  19.837  67.241 0.1000000015
95329  -32.280  18.711  65.677 0.1000000015
95997  -35.654  19.695  66.807 0.1000000015
95333  -31.331  18.618  64.583 0.1000000015
94629  -30.933  17.911  64.924 0.1000000015
93883  -27.432  16.432  60.557 0.1000000015
93908  -26.744  16.882  58.716 0.1000000015
93917  -26.667  17.120  58.050 0.1000000015
93140  -27.834  15.750  56.430 0.1000000015
94682  -29.930  17.511  54.303 0.2000000030
96072  -32.246  18.868  53.073 0.2000000030
96074  -33.959  19.002  52.970 0.3000000119
96009  -32.388  19.745  64.588 0.1000000015
96017  -32.075  20.086  63.854 0.1000000015
95347  -29.952  18.971  62.900 0.1000000015
96023  -31.015  20.045  62.832 0.1000000015
95358  -27.088  18.418  59.701 0.1000000015
96778  -29.324  20.654  60.620 0.1000000015
94662  -26.538  17.816  57.588 0.1000000015
94668  -27.161  17.541  55.977 0.1000000015
94673  -27.653  17.693  55.180 0.1000000015
94680  -28.336  17.930  54.451 0.1000000015
130967  -29.020  19.141  53.368 0.2000000030
95387  -29.470  18.508  53.590 0.2000000030
95388  -30.260  18.441  53.506 0.2000000030
95390  -31.894  18.341  53.520 0.2000000030
96071  -31.442  18.891  53.063 0.2000000030
96828  -31.637  20.039  52.255 0.2000000030
96090  -31.765  19.349  52.702 0.2000000030
145336  -33.213  20.883  51.581 0.2000000030
96831  -34.626  20.300  52.173 0.3000000119
96095  -36.121  19.815  52.660 0.4000000060
96833  -36.346  20.506  52.255 0.5000000000
96848  -35.804  20.959  51.774 0.4000000060
96816  -40.217  20.074  53.789 0.5000000000
97546  -32.144  21.118  62.738 0.1000000015
96775  -30.941  21.271  61.919 0.1000000015
96779  -30.001  21.052  60.910 0.1000000015
138246  -32.703  21.630  62.275 0.1000000015
97561  -31.130  21.944  60.073 0.1000000015
98380  -33.318  22.141  60.969 0.1000000015
96782  -28.310  20.611  59.612 0.1000000015
96787  -27.287  20.534  58.439 0.1000000015
96786  -26.673  20.145  57.980 0.1000000015
96055  -26.476  19.375  56.648 0.1000000015
96089  -30.175  19.630  52.746 0.2000000030
97627  -34.577  21.506  51.200 0.3000000119
139787  -40.260  21.424  52.820 0.6000000238
96837  -40.236  20.772  53.415 0.5000000000
98386  -31.993  22.290  59.677 0.1000000015
96788  -27.979  20.969  58.881 0.1000000015
92418  -45.650  14.513  53.816 0.1000000015
92417  -45.041  14.405  54.013 0.1000000015
91475  -43.358  14.003  55.056 0.1000000015
92406  -44.651  14.451  54.600 0.1000000015
91500  -45.026  14.064  53.334 0.1000000015
134313  -42.604  13.493  54.970 0.1000000015
134312  -43.142  13.577  54.355 0.1000000015
91486  -43.880  14.051  54.435 0.1000000015
91487  -44.402  14.081  53.863 0.1000000015
91510  -45.426  13.743  52.776 0.1000000015
92427  -45.858  14.206  53.170 0.1000000015
91473  -41.750  12.911  54.734 0.1000000015
152621  -42.461  13.173  54.297 0.1000000015
134311  -43.661  13.615  53.757 0.1000000015
134310  -44.209  13.595  53.217 0.1000000015
133524  -44.755  13.416  52.695 0.1000000015
91520  -45.440  13.095  52.145 0.1000000015
90627  -40.097  12.669  55.296 0.1000000015
90638  -40.219  12.584  54.284 0.1000000015
90628  -40.870  12.593  54.784 0.1000000015
90640  -41.924  12.803  53.810 0.1000000015
90651  -42.748  12.908  52.860 0.1000000015
91508  -43.979  13.036  52.597 0.1000000015
90675  -45.817  12.635  51.277 0.1000000015
90637  -39.244  12.775  54.484 0.1000000015
90647  -39.645  12.763  53.739 0.1000000015
90648  -40.324  12.612  53.336 0.1000000015
90649  -41.252  12.608  53.177 0.1000000015
90662  -41.399  12.701  52.303 0.1000000015
90663  -42.269  12.759  52.295 0.1000000015
90664  -43.136  12.779  52.290 0.1000000015
90665  -43.788  12.702  51.988 0.1000000015
91509  -44.507  12.820  52.084 0.1000000015
90674  -44.916  12.523  51.391 0.1000000015
90683  -45.230  12.152  50.594 0.1000000015
90684  -46.125  12.236  50.491 0.1000000015
91497  -39.585  12.934  53.116 0.1000000015
90661  -40.667  12.677  52.619 0.1000000015
91507  -40.544  12.933  51.944 0.1000000015
90671  -42.484  12.698  51.617 0.1000000015
90672  -43.232  12.608  51.443 0.1000000015
90673  -44.036  12.547  51.366 0.1000000015
90682  -44.300  12.256  50.609 0.1000000015
90693  -45.558  11.798  49.833 0.1000000015
90694  -46.490  11.948  49.756 0.1000000015
91505  -39.219  13.581  52.598 0.1000000015
91519  -41.229  13.004  51.497 0.1000000015
90680  -42.588  12.711  50.769 0.1000000015
90681  -43.429  12.456  50.643 0.1000000015
90691  -43.674  12.270  49.760 0.1000000015
130127  -44.649  11.886  49.858 0.1000000015
89831  -45.941  11.677  49.058 0.1000000015
89832  -46.970  11.774  48.943 0.1000000015
92436  -40.474  14.172  50.724 0.1000000015
148965  -41.953  13.134  50.517 0.1000000015
90690  -42.960  12.574  50.092 0.1000000015
90692  -44.287  12.055  49.168 0.1000000015
89830  -45.023  11.676  49.129 0.1000000015
89843  -46.272  11.581  48.278 0.1000000015
137106  -47.035  11.612  48.147 0.1000000015
92446  -41.092  14.069  49.933 0.1000000015
90703  -43.630  12.600  48.755 0.1000000015
90704  -44.565  12.107  48.367 0.1000000015
90705  -45.098  11.902  47.774 0.1000000015
89859  -46.603  11.585  47.518 0.1000000015
89873  -47.063  11.636  46.824 0.1000000015
90723  -43.991  12.828  47.884 0.1000000015
90725  -45.302  12.122  47.093 0.1000000015
89872  -46.141  11.823  46.744 0.1000000015
89882  -46.804  11.882  46.056 0.1000000015
90742  -47.630  11.839  46.239 0.1000000015
92407  -45.511  14.784  54.557 0.1000000015
92405  -44.102  14.367  55.105 0.1000000015
149337  -44.573  14.581  55.125 0.1000000015
92408  -46.126  14.871  54.201 0.1000000015
134314  -42.028  13.378  55.652 0.1000000015
91474  -42.833  13.907  55.729 0.1000000015
92420  -47.201  14.747  53.511 0.1000000015
92419  -46.386  14.629  53.661 0.1000000015
91472  -41.139  12.914  55.530 0.1000000015
91511  -46.953  13.827  52.301 0.1000000015
90676  -46.661  12.788  51.051 0.1000000015
90685  -46.954  12.426  50.375 0.1000000015
90686  -47.723  12.641  50.349 0.1000000015
91496  -38.929  13.224  53.503 0.1000000015
90695  -47.342  12.221  49.724 0.1000000015
89844  -47.843  11.858  48.351 0.1000000015
89874  -47.765  11.784  46.949 0.1000000015
89861  -48.220  11.883  47.511 0.1000000015
134554  -48.313  12.091  45.677 0.1000000015
93158  -45.137  15.284  56.064 0.1000000015
92392  -45.026  14.841  55.204 0.1000000015
151582  -46.922  15.453  54.903 0.1000000015
93177  -47.599  15.544  54.732 0.1000000015
92390  -43.665  14.396  55.852 0.1000000015
92391  -44.481  14.705  55.621 0.1000000015
93188  -47.787  15.274  53.997 0.1000000015
91444  -40.807  13.560  57.033 0.1000000015
91445  -41.563  13.905  57.162 0.1000000015
92372  -42.173  14.246  57.329 0.1000000015
91460  -42.287  13.890  56.526 0.1000000015
92389  -43.028  14.248  56.370 0.1000000015
92421  -48.059  14.892  53.273 0.1000000015
92429  -47.482  14.373  52.790 0.1000000015
90617  -39.585  12.975  56.153 0.1000000015
91459  -40.508  13.094  56.233 0.1000000015
134248  -41.409  13.423  56.355 0.1000000015
91512  -47.768  13.978  52.077 0.1000000015
90625  -38.543  12.970  54.922 0.1000000015
90626  -39.084  12.829  55.432 0.1000000015
91528  -47.960  13.146  50.933 0.1000000015
91485  -38.345  13.210  54.240 0.1000000015
146682  -47.329  12.856  50.846 0.1000000015
91529  -48.475  12.970  50.332 0.1000000015
91495  -38.111  13.735  53.568 0.1000000015
90696  -48.133  12.510  49.729 0.1000000015
90726  -48.759  12.138  48.090 0.1000000015
90743  -48.511  12.058  46.662 0.1000000015
148394  -48.891  12.156  47.387 0.1000000015
90759  -49.051  12.278  45.144 0.1000000015
130554  -47.723  4.795  36.619 0.1000000015
94706  -53.689  18.048  53.926 0.1000000015
93145  -45.550  15.732  56.854 0.1000000015
93147  -47.173  16.132  56.267 0.1000000015
93162  -48.258  15.997  55.337 0.1000000015
93958  -49.099  16.362  55.172 0.1000000015
93144  -44.863  15.492  57.014 0.1000000015
93146  -46.181  15.752  56.347 0.1000000015
93160  -46.599  15.582  55.482 0.1000000015
93178  -48.457  15.735  54.561 0.1000000015
93131  -44.686  15.694  57.944 0.1000000015
93130  -44.109  15.133  57.301 0.1000000015
92375  -44.322  14.891  56.426 0.1000000015
93189  -48.705  15.488  53.753 0.1000000015
92355  -41.647  14.426  58.024 0.1000000015
92356  -42.544  14.646  57.886 0.1000000015
92357  -43.340  14.848  57.615 0.1000000015
92374  -43.573  14.590  56.778 0.1000000015
91458  -39.080  13.288  56.864 0.1000000015
146591  -41.019  14.012  57.667 0.1000000015
93197  -48.924  15.126  52.908 0.1000000015
92437  -48.528  14.137  51.815 0.1000000015
144306  -48.756  13.680  50.997 0.1000000015
91470  -38.303  13.108  55.609 0.1000000015
91538  -48.809  12.802  49.715 0.1000000015
90727  -49.480  12.383  47.722 0.1000000015
90744  -49.267  12.302  46.043 0.1000000015
151150  -47.095  6.495  37.736 0.1000000015
84830  -47.672  4.970  36.287 0.1000000015
83922  -48.724  4.234  35.440 0.1000000015
140654  -47.539  5.220  35.917 0.1000000015
83783  -47.172  5.049  60.490 0.1000000015
149689  -47.412  5.211  60.021 0.1000000015
84682  -47.864  5.627  59.776 0.1000000015
84693  -48.435  6.109  59.453 0.1000000015
85516  -49.124  6.511  59.121 0.1000000015
85530  -49.205  6.369  58.208 0.1000000015
85549  -52.233  6.752  57.101 0.1000000015
84712  -52.622  6.306  56.383 0.1000000015
85552  -54.639  7.073  56.654 0.1000000015
85553  -55.340  7.267  56.330 0.1000000015
87241  -56.105  9.053  55.345 0.1000000015
85546  -49.263  6.381  57.359 0.1000000015
84710  -50.907  6.251  56.264 0.1000000015
88103  -56.258  9.822  54.872 0.1000000015
88994  -55.861  10.711  54.005 0.1000000015
89816  -54.409  12.028  53.793 0.1000000015
88975  -44.134  9.773  54.758 0.1000000015
90658  -53.569  12.521  53.487 0.1000000015
88970  -43.415  10.250  55.216 0.1000000015
141500  -46.561  17.293  60.202 0.1000000015
93911  -46.852  17.271  59.486 0.1000000015
127921  -47.579  17.468  59.236 0.1000000015
93922  -49.111  17.599  58.275 0.1000000015
93923  -50.045  17.691  57.762 0.1000000015
88964  -43.053  10.854  55.983 0.1000000015
93932  -48.987  17.025  56.989 0.1000000015
146833  -50.760  17.828  57.439 0.1000000015
94677  -52.770  17.965  56.449 0.1000000015
93910  -45.458  16.715  59.799 0.1000000015
93920  -46.609  16.731  58.320 0.1000000015
93931  -48.014  16.791  57.179 0.1000000015
93942  -48.097  16.378  56.157 0.1000000015
93944  -50.821  17.613  56.466 0.1000000015
93200  -51.558  16.331  52.042 0.1000000015
93971  -50.145  16.523  54.272 0.1000000015
93119  -42.707  15.735  59.300 0.1000000015
140803  -43.642  15.847  59.062 0.1000000015
93122  -45.232  16.290  58.627 0.1000000015
93190  -49.771  15.852  53.466 0.1000000015
92341  -42.149  15.132  58.639 0.1000000015
93120  -43.894  15.400  58.192 0.1000000015
93198  -49.871  15.227  52.266 0.1000000015
91443  -39.442  13.770  57.665 0.1000000015
137635  -40.306  13.909  57.673 0.1000000015
92354  -40.720  14.501  58.275 0.1000000015
93204  -50.627  15.271  51.488 0.1000000015
93231  -56.328  15.203  47.764 0.1000000015
91441  -37.505  13.681  57.567 0.1000000015
91442  -38.520  13.661  57.617 0.1000000015
91530  -49.679  14.148  50.789 0.1000000015
91456  -37.289  13.541  56.689 0.1000000015
91531  -50.226  13.968  50.064 0.1000000015
153472  -54.841  11.131  45.755 0.1000000015
88190  -53.628  9.358  44.276 0.1000000015
135474  -49.343  13.375  50.114 0.1000000015
91539  -49.401  12.954  49.256 0.1000000015
87336  -53.591  8.761  43.105 0.1000000015
87348  -53.297  8.607  42.914 0.1000000015
90708  -50.084  12.692  48.037 0.1000000015
87349  -53.734  8.613  42.598 0.1000000015
88211  -52.654  8.727  42.468 0.1000000015
88223  -52.307  9.272  41.751 0.1000000015
88247  -48.386  9.403  39.234 0.1000000015
87379  -47.444  7.745  38.120 0.1000000015
85668  -47.138  6.227  37.170 0.1000000015
127800  -48.075  4.709  35.570 0.1000000015
88002  -49.096  10.133  65.106 0.1000000015
87995  -48.841  9.750  65.801 0.1000000015
87996  -49.257  9.608  65.401 0.1000000015
86282  -49.315  8.125  65.904 0.1000000015
134799  -48.106  7.015  65.185 0.1000000015
85468  -47.765  6.589  64.215 0.1000000015
88899  -48.638  10.532  64.129 0.1000000015
88010  -48.594  10.448  63.238 0.1000000015
83750  -46.965  5.338  62.878 0.1000000015
87172  -47.626  9.531  62.024 0.1000000015
83770  -47.193  5.159  61.156 0.1000000015
88036  -48.526  9.875  61.613 0.1000000015
84671  -47.751  5.556  60.562 0.1000000015
84683  -48.393  6.069  60.189 0.1000000015
87199  -47.752  8.745  58.765 0.1000000015
128578  -48.377  8.760  58.353 0.1000000015
87198  -46.952  8.311  58.453 0.1000000015
87207  -47.709  8.456  57.791 0.1000000015
85517  -49.942  6.734  58.710 0.1000000015
153710  -46.731  8.221  56.514 0.1000000015
85531  -49.863  6.600  57.683 0.1000000015
85551  -53.756  7.071  56.861 0.1000000015
86382  -55.460  8.142  56.773 0.1000000015
88982  -55.626  10.653  54.618 0.1000000015
147513  -46.483  8.446  55.268 0.1000000015
87245  -45.343  8.671  54.643 0.1000000015
85547  -50.392  6.664  56.942 0.1000000015
85548  -51.311  6.768  57.026 0.1000000015
88993  -55.259  11.226  54.241 0.1000000015
88992  -54.649  11.581  54.180 0.1000000015
91502  -52.352  13.772  53.340 0.1000000015
90666  -52.830  13.213  53.068 0.1000000015
93913  -48.692  17.712  59.352 0.1000000015
89793  -43.358  11.482  56.535 0.1000000015
146510  -42.595  11.394  56.973 0.1000000015
89789  -43.181  11.924  57.370 0.1000000015
93109  -44.405  16.409  59.861 0.1000000015
93896  -45.180  17.012  60.842 0.1000000015
93895  -44.251  16.711  60.811 0.1000000015
92353  -39.817  14.467  58.338 0.1000000015
92339  -40.233  15.304  59.014 0.1000000015
93117  -40.933  15.661  59.472 0.1000000015
93108  -43.423  16.283  60.003 0.1000000015
91423  -38.920  14.280  58.388 0.1000000015
89883  -55.912  11.708  45.725 0.1000000015
129546  -36.698  13.625  57.219 0.1000000015
136136  -37.994  14.173  58.399 0.1000000015
91540  -50.811  13.839  49.306 0.1000000015
144586  -54.785  10.581  44.426 0.1000000015
88201  -54.387  9.873  43.723 0.1000000015
91455  -35.924  13.692  56.943 0.1000000015
133720  -51.018  13.538  48.536 0.1000000015
136809  -54.067  9.149  42.886 0.1000000015
88212  -54.409  8.983  42.385 0.1000000015
87359  -53.307  8.560  42.331 0.1000000015
90746  -51.516  12.737  46.351 0.1000000015
87360  -53.636  8.586  41.860 0.1000000015
88224  -53.034  8.732  41.711 0.1000000015
88222  -51.241  9.723  41.696 0.1000000015
130585  -53.519  8.877  41.028 0.1000000015
88238  -51.952  9.993  41.015 0.1000000015
88237  -50.753  10.229  40.859 0.1000000015
89082  -51.484  10.428  40.143 0.1000000015
89083  -52.634  10.096  40.242 0.1000000015
89081  -50.298  10.458  39.962 0.1000000015
87374  -47.842  8.533  38.612 0.1000000015
88258  -48.408  9.449  38.408 0.1000000015
87380  -47.811  8.691  37.988 0.1000000015
86507  -47.193  6.964  37.648 0.1000000015
87397  -46.441  8.195  34.394 0.1000000015
137664  -47.107  6.772  36.974 0.1000000015
85673  -47.185  6.042  36.409 0.1000000015
137487  -47.324  5.533  36.698 0.1000000015
87391  -46.725  7.836  36.121 0.1000000015
88003  -49.543  10.127  64.638 0.1000000015
86291  -49.190  8.434  64.927 0.1000000015
85463  -48.447  7.530  64.538 0.1000000015
88900  -49.265  10.546  64.423 0.1000000015
85469  -48.394  7.213  63.357 0.1000000015
88905  -49.939  10.587  63.999 0.1000000015
84649  -47.346  5.861  63.390 0.1000000015
88904  -49.345  10.741  63.729 0.1000000015
84656  -47.553  5.753  62.370 0.1000000015
88025  -48.271  10.053  62.446 0.1000000015
88914  -49.455  10.599  62.932 0.1000000015
84663  -47.816  5.756  61.426 0.1000000015
88026  -49.002  10.409  62.393 0.1000000015
88929  -49.550  10.554  62.383 0.1000000015
84672  -48.309  6.077  60.792 0.1000000015
85505  -49.118  6.478  59.894 0.1000000015
88049  -48.257  9.375  60.624 0.1000000015
88050  -48.845  9.448  59.964 0.1000000015
87193  -48.526  9.207  59.064 0.1000000015
131565  -47.392  8.387  56.805 0.1000000015
85532  -50.831  6.750  58.057 0.1000000015
85534  -52.735  6.921  57.993 0.1000000015
85536  -54.340  7.460  57.578 0.1000000015
86381  -55.017  7.659  57.230 0.1000000015
87240  -55.724  8.960  56.264 0.1000000015
88972  -55.423  10.332  55.282 0.1000000015
87235  -47.097  8.420  55.817 0.1000000015
87246  -46.184  8.757  54.642 0.1000000015
88109  -46.860  9.207  54.202 0.1000000015
88981  -54.905  10.851  54.704 0.1000000015
130071  -53.859  11.865  53.964 0.1000000015
88108  -45.786  9.350  54.217 0.1000000015
88977  -45.936  10.148  54.145 0.1000000015
149618  -52.791  12.801  53.484 0.1000000015
89798  -43.773  11.113  55.698 0.1000000015
88976  -45.083  10.155  54.502 0.1000000015
127500  -47.444  17.533  60.245 0.1000000015
93912  -48.370  17.612  60.121 0.1000000015
94660  -51.296  17.877  58.477 0.1000000015
93925  -52.097  18.072  58.111 0.1000000015
90657  -52.357  13.187  53.419 0.1000000015
89794  -44.171  11.771  56.239 0.1000000015
89805  -45.015  11.137  54.917 0.1000000015
93901  -49.447  17.431  59.969 0.1000000015
93125  -50.448  16.990  59.306 0.1000000015
93149  -51.761  17.110  57.828 0.1000000015
93898  -47.173  17.278  61.011 0.1000000015
93112  -48.202  16.969  60.784 0.1000000015
90603  -42.717  12.321  58.807 0.1000000015
89783  -42.063  11.825  58.727 0.1000000015
90613  -43.717  12.443  57.736 0.1000000015
93097  -47.564  17.012  61.278 0.1000000015
93123  -48.573  16.360  60.076 0.1000000015
92292  -41.108  14.781  63.325 0.1000000015
91375  -41.501  14.110  63.326 0.1000000015
91385  -41.847  13.507  62.732 0.1000000015
90583  -42.283  12.915  61.020 0.1000000015
90604  -43.510  12.708  58.509 0.1000000015
93096  -46.929  16.914  61.595 0.1000000015
93111  -47.353  16.665  61.271 0.1000000015
128482  -45.079  16.865  61.656 0.1000000015
93885  -45.972  16.685  61.772 0.1000000015
93092  -40.857  16.116  60.914 0.1000000015
93093  -41.677  16.370  61.021 0.1000000015
93095  -43.326  16.607  60.951 0.1000000015
93884  -44.146  16.755  61.635 0.1000000015
93881  -45.252  16.401  62.226 0.1000000015
92336  -37.537  14.550  59.236 0.1000000015
140346  -38.495  15.465  60.505 0.1000000015
93105  -39.351  15.766  60.506 0.1000000015
92329  -39.564  15.586  59.616 0.1000000015
93106  -40.290  15.920  60.014 0.1000000015
93107  -41.271  16.084  60.148 0.1000000015
136880  -56.179  13.527  45.980 0.1000000015
91439  -35.188  13.622  57.576 0.1000000015
91421  -36.210  13.761  58.682 0.1000000015
91422  -37.074  14.017  58.513 0.1000000015
92328  -38.796  15.440  59.734 0.1000000015
92338  -39.274  15.050  59.007 0.1000000015
92456  -52.582  14.801  49.031 0.1000000015
89053  -55.333  11.094  44.402 0.1000000015
89060  -54.939  10.407  43.564 0.1000000015
88213  -54.635  9.633  42.803 0.1000000015
136803  -55.208  9.030  40.974 0.1000000015
87385  -47.289  7.829  37.472 0.1000000015
87392  -47.027  7.437  36.784 0.1000000015
86292  -49.657  9.448  64.751 0.1000000015
86302  -49.752  8.811  63.874 0.1000000015
86301  -48.991  8.077  63.717 0.1000000015
132952  -50.044  10.096  64.246 0.1000000015
86310  -49.022  7.675  62.674 0.1000000015
85476  -48.507  6.916  62.253 0.1000000015
88915  -49.952  10.646  63.264 0.1000000015
88916  -50.473  10.442  62.757 0.1000000015
84650  -47.972  6.342  62.873 0.1000000015
85477  -49.265  7.342  61.778 0.1000000015
88930  -50.092  10.600  62.428 0.1000000015
85486  -49.727  7.178  60.967 0.1000000015
88038  -50.174  10.248  61.050 0.1000000015
88052  -50.700  10.151  60.642 0.1000000015
85485  -48.659  6.548  61.327 0.1000000015
85494  -49.000  6.539  60.547 0.1000000015
85495  -49.865  6.908  60.249 0.1000000015
88027  -49.597  10.416  61.761 0.1000000015
88037  -49.221  9.849  60.865 0.1000000015
88051  -49.874  9.803  60.182 0.1000000015
146919  -50.726  7.123  59.990 0.1000000015
88062  -49.293  9.480  59.372 0.1000000015
85506  -49.936  6.815  59.588 0.1000000015
135187  -50.884  7.082  59.217 0.1000000015
135321  -51.523  7.083  58.693 0.1000000015
87200  -49.256  9.095  58.503 0.1000000015
87208  -48.667  8.628  57.655 0.1000000015
85519  -53.273  7.332  58.828 0.1000000015
86367  -54.141  7.558  58.538 0.1000000015
129374  -48.136  8.494  57.038 0.1000000015
132257  -48.893  8.643  56.626 0.1000000015
142732  -47.727  8.630  55.223 0.1000000015
85533  -51.833  6.876  57.950 0.1000000015
85535  -53.568  7.178  57.858 0.1000000015
88089  -55.332  9.411  56.537 0.1000000015
88117  -54.737  10.216  55.438 0.1000000015
132532  -47.961  8.602  56.178 0.1000000015
87247  -46.971  8.675  54.883 0.1000000015
150033  -47.505  8.912  54.536 0.1000000015
88121  -46.566  9.790  53.872 0.1000000015
88978  -46.494  10.564  53.960 0.1000000015
88980  -54.021  11.019  54.339 0.1000000015
136574  -45.769  11.047  54.442 0.1000000015
92378  -50.092  15.164  56.976 0.1000000015
90656  -51.780  13.458  53.626 0.1000000015
89800  -45.065  11.740  55.345 0.1000000015
90641  -45.996  12.036  54.705 0.1000000015
93114  -49.720  16.790  59.873 0.1000000015
92361  -49.923  15.510  57.727 0.1000000015
93148  -50.713  16.260  57.827 0.1000000015
93163  -52.014  16.437  56.840 0.1000000015
90629  -44.876  12.068  55.957 0.1000000015
90630  -45.554  12.284  55.491 0.1000000015
93124  -49.267  16.562  59.792 0.1000000015
91411  -43.897  13.537  60.075 0.1000000015
90592  -43.308  12.924  59.430 0.1000000015
90605  -44.250  12.974  58.166 0.1000000015
90619  -44.588  12.410  56.671 0.1000000015
92346  -48.823  15.707  59.101 0.1000000015
91386  -42.658  13.906  62.645 0.1000000015
91410  -43.107  13.256  60.494 0.1000000015
92333  -47.755  16.045  60.446 0.1000000015
92345  -47.924  15.370  59.256 0.1000000015
92293  -42.138  14.750  63.263 0.1000000015
93086  -44.988  15.915  62.499 0.1000000015
92317  -45.554  15.455  61.628 0.1000000015
93110  -46.423  16.228  61.607 0.1000000015
93087  -45.539  16.137  62.047 0.1000000015
93091  -39.781  15.516  61.578 0.1000000015
92301  -41.022  15.566  62.673 0.1000000015
150034  -41.947  16.343  61.669 0.1000000015
93094  -42.562  16.487  61.460 0.1000000015
93879  -44.044  16.489  62.312 0.1000000015
150193  -55.817  14.343  45.882 0.1000000015
92488  -55.556  14.520  46.391 0.1000000015
130192  -54.916  15.050  46.756 0.1000000015
92327  -37.976  15.151  59.904 0.1000000015
152811  -40.148  15.879  60.891 0.1000000015
92473  -53.206  14.432  47.574 0.1000000015
90764  -55.949  12.276  44.896 0.1000000015
91590  -56.096  13.953  44.848 0.1000000015
92487  -55.273  14.646  46.239 0.1000000015
92486  -53.132  13.896  46.769 0.1000000015
90777  -56.469  12.629  44.064 0.1000000015
91577  -53.489  13.817  45.968 0.1000000015
89061  -55.667  10.908  43.335 0.1000000015
89895  -56.261  11.649  43.845 0.1000000015
90788  -56.449  12.474  43.304 0.1000000015
89068  -55.344  10.142  42.569 0.1000000015
89900  -56.248  11.731  42.888 0.1000000015
88227  -55.162  9.334  41.854 0.1000000015
89074  -55.938  9.996  41.402 0.1000000015
131582  -49.540  8.357  63.011 0.1000000015
87159  -50.316  10.203  63.647 0.1000000015
132613  -50.498  9.776  63.162 0.1000000015
86311  -49.817  8.005  62.276 0.1000000015
88021  -51.033  10.125  62.367 0.1000000015
86312  -50.612  8.210  61.923 0.1000000015
154382  -50.043  7.649  61.592 0.1000000015
88940  -50.533  10.426  61.663 0.1000000015
86320  -50.661  7.704  61.223 0.1000000015
85496  -50.640  7.374  60.569 0.1000000015
86342  -51.413  7.508  60.328 0.1000000015
86331  -52.019  8.029  60.669 0.1000000015
149669  -50.818  9.878  60.067 0.1000000015
86343  -52.139  7.666  60.044 0.1000000015
86355  -52.618  7.549  59.457 0.1000000015
88063  -50.103  9.619  59.275 0.1000000015
85508  -51.812  7.348  59.361 0.1000000015
127482  -53.288  7.764  59.473 0.1000000015
86346  -54.243  8.759  59.058 0.1000000015
87209  -49.578  8.816  57.544 0.1000000015
86356  -53.908  7.700  59.174 0.1000000015
86357  -54.405  8.065  58.912 0.1000000015
88078  -54.640  9.234  57.755 0.1000000015
88101  -54.396  9.633  56.145 0.1000000015
87236  -48.559  8.683  55.494 0.1000000015
87237  -49.474  8.670  55.713 0.1000000015
88079  -55.107  9.230  57.219 0.1000000015
150145  -54.133  10.325  54.797 0.1000000015
88122  -47.345  9.723  53.746 0.1000000015
88991  -53.025  10.958  53.879 0.1000000015
88986  -47.619  10.354  53.608 0.1000000015
90655  -51.093  12.545  53.537 0.1000000015
89815  -52.762  12.044  53.680 0.1000000015
140664  -52.095  12.653  53.513 0.1000000015
89807  -46.585  11.465  54.247 0.1000000015
92394  -50.255  14.740  56.070 0.1000000015
91491  -50.710  13.830  54.453 0.1000000015
149161  -51.057  13.398  53.880 0.1000000015
90621  -46.036  12.827  56.029 0.1000000015
92393  -49.350  14.366  56.148 0.1000000015
92379  -51.032  15.844  56.944 0.1000000015
92410  -51.260  14.681  55.055 0.1000000015
92409  -50.425  14.322  55.199 0.1000000015
91446  -44.919  13.175  57.756 0.1000000015
91461  -45.507  13.257  57.266 0.1000000015
90620  -45.385  12.723  56.467 0.1000000015
92360  -49.250  15.342  58.149 0.1000000015
91402  -44.427  14.148  60.648 0.1000000015
91424  -44.019  13.378  59.030 0.1000000015
90615  -44.932  12.883  57.084 0.1000000015
92359  -48.069  14.661  58.104 0.1000000015
91387  -43.420  14.255  62.418 0.1000000015
91400  -42.912  13.620  61.615 0.1000000015
92343  -46.239  14.734  59.605 0.1000000015
92332  -46.902  15.634  60.675 0.1000000015
92302  -43.061  14.666  63.078 0.1000000015
92304  -44.501  15.255  62.628 0.1000000015
92330  -45.150  14.589  60.672 0.1000000015
92331  -45.991  15.171  60.704 0.1000000015
93076  -41.825  15.504  62.949 0.1000000015
93077  -42.955  15.554  63.126 0.1000000015
92294  -43.860  15.306  62.974 0.1000000015
93083  -40.570  15.762  61.746 0.1000000015
92474  -54.267  15.111  47.304 0.1000000015
150540  -54.788  14.628  46.111 0.1000000015
151243  -53.649  14.459  47.034 0.1000000015
92498  -55.183  14.442  45.503 0.1000000015
135841  -54.087  14.486  46.499 0.1000000015
91605  -55.752  14.218  44.643 0.1000000015
91606  -56.134  13.667  43.959 0.1000000015
92497  -54.328  14.272  45.679 0.1000000015
127668  -55.826  13.964  43.670 0.1000000015
146374  -56.160  13.742  43.131 0.1000000015
90799  -56.500  12.814  42.405 0.1000000015
137256  -56.384  13.728  42.488 0.1000000015
132076  -56.550  11.627  41.892 0.1000000015
87158  -50.160  9.605  63.792 0.1000000015
87165  -50.302  8.953  62.804 0.1000000015
87166  -50.860  9.645  62.507 0.1000000015
87167  -51.549  9.580  61.926 0.1000000015
148985  -51.167  8.886  62.118 0.1000000015
88028  -51.405  10.088  61.858 0.1000000015
152886  -51.724  8.875  61.676 0.1000000015
88039  -50.909  10.337  61.107 0.1000000015
88029  -51.929  9.913  61.469 0.1000000015
147947  -52.026  10.109  61.041 0.1000000015
87174  -52.330  9.602  60.949 0.1000000015
87181  -52.416  8.811  60.905 0.1000000015
86344  -52.909  8.290  59.877 0.1000000015
87194  -53.306  9.094  59.786 0.1000000015
144584  -51.516  10.164  60.646 0.1000000015
88040  -52.307  9.908  60.483 0.1000000015
88055  -53.394  9.361  59.328 0.1000000015
88056  -53.962  9.226  59.124 0.1000000015
88064  -51.164  9.727  59.340 0.1000000015
88053  -51.939  9.915  59.971 0.1000000015
88065  -52.078  9.688  59.125 0.1000000015
86345  -53.750  8.385  59.466 0.1000000015
88068  -54.264  9.149  58.599 0.1000000015
88077  -54.048  9.411  58.137 0.1000000015
87201  -50.351  9.257  58.321 0.1000000015
151213  -50.810  9.112  57.885 0.1000000015
88074  -51.288  9.391  58.368 0.1000000015
87210  -51.258  9.070  57.399 0.1000000015
88087  -54.041  9.454  57.184 0.1000000015
88100  -53.380  9.358  56.146 0.1000000015
88116  -53.594  9.708  55.246 0.1000000015
87220  -49.893  8.705  56.651 0.1000000015
87221  -50.656  8.813  56.698 0.1000000015
88979  -53.223  10.243  54.463 0.1000000015
87249  -49.100  8.861  54.764 0.1000000015
87250  -50.028  8.874  54.985 0.1000000015
88112  -49.625  9.335  54.200 0.1000000015
88124  -49.218  9.831  53.652 0.1000000015
88113  -50.586  9.373  54.328 0.1000000015
150594  -48.204  10.569  53.553 0.1000000015
88987  -48.850  10.475  53.506 0.1000000015
91478  -49.593  13.974  55.305 0.1000000015
89814  -51.531  11.729  53.506 0.1000000015
91462  -46.213  13.348  56.772 0.1000000015
90652  -48.130  11.914  53.912 0.1000000015
91490  -49.911  13.512  54.556 0.1000000015
91425  -44.939  13.598  58.722 0.1000000015
141575  -45.576  13.671  58.067 0.1000000015
91476  -46.648  13.240  55.985 0.1000000015
91488  -47.924  13.439  55.323 0.1000000015
91464  -48.383  14.060  56.277 0.1000000015
92316  -44.709  14.776  61.691 0.1000000015
91412  -44.644  13.895  59.752 0.1000000015
134803  -46.103  13.713  57.582 0.1000000015
91447  -46.901  14.096  57.503 0.1000000015
91463  -47.670  14.108  56.926 0.1000000015
92376  -48.503  14.529  57.270 0.1000000015
91413  -45.422  14.346  59.657 0.1000000015
91427  -46.362  14.308  58.443 0.1000000015
92358  -47.240  14.649  58.506 0.1000000015
92344  -47.072  15.079  59.482 0.1000000015
92303  -43.865  14.781  62.860 0.1000000015
96804  -26.859  20.188  55.129 0.1000000015
97597  -28.308  20.974  52.813 0.1000000015
96826  -29.657  20.342  52.554 0.1000000015
96845  -31.825  20.772  51.765 0.1000000015
97611  -30.529  21.094  51.927 0.1000000015
97623  -31.193  21.302  51.645 0.1000000015
97624  -31.911  21.490  51.449 0.1000000015
98464  -31.994  22.195  51.086 0.2000000030
98479  -32.704  22.376  50.764 0.2000000030
98480  -33.457  22.581  50.573 0.2000000030
97639  -34.684  22.093  50.715 0.2000000030
98465  -35.874  22.176  50.792 0.3000000119
98467  -37.375  22.216  51.123 0.3000000119
98468  -38.317  22.236  51.404 0.4000000060
135204  -33.739  23.343  50.283 0.2000000030
98481  -34.308  22.660  50.475 0.2000000030
98483  -36.162  22.760  50.508 0.2000000030
98484  -36.958  22.741  50.604 0.2000000030
98485  -37.805  22.795  50.680 0.3000000119
98487  -39.700  22.932  50.744 0.3000000119
153730  -40.843  22.832  51.367 0.4000000060
94070  -42.648  16.978  38.739 0.1000000015
87182  -52.742  9.196  60.349 0.1000000015
88066  -52.949  9.577  58.931 0.1000000015
88054  -52.699  9.615  59.756 0.1000000015
88067  -53.721  9.436  58.771 0.1000000015
88075  -52.169  9.352  58.164 0.1000000015
88076  -53.213  9.360  57.938 0.1000000015
88086  -53.060  9.277  56.895 0.1000000015
87222  -52.230  9.198  57.110 0.1000000015
87223  -52.430  9.136  56.188 0.1000000015
137084  -52.727  9.368  55.507 0.1000000015
88115  -52.511  9.624  54.775 0.1000000015
88127  -52.201  10.143  54.043 0.1000000015
87239  -51.400  8.874  56.235 0.1000000015
88114  -51.547  9.495  54.497 0.1000000015
88125  -50.185  9.895  53.675 0.1000000015
88989  -50.734  10.796  53.472 0.1000000015
88990  -51.906  10.843  53.593 0.1000000015
89811  -48.506  11.211  53.581 0.1000000015
89812  -49.224  11.236  53.502 0.1000000015
90653  -48.882  11.951  53.685 0.1000000015
90654  -50.187  12.167  53.569 0.1000000015
149845  -50.685  11.674  53.461 0.1000000015
90643  -47.727  12.695  54.556 0.1000000015
90644  -48.602  12.623  54.230 0.1000000015
90645  -49.485  12.635  53.962 0.1000000015
91501  -50.382  12.986  53.934 0.1000000015
91477  -47.421  13.612  56.042 0.1000000015
149671  -48.765  13.698  55.383 0.1000000015
97622  -30.535  21.821  51.612 0.1000000015
99296  -37.272  23.298  50.131 0.3000000119
98486  -38.736  22.846  50.733 0.3000000119
99278  -40.636  23.173  50.798 0.3000000119
99299  -41.460  23.596  50.677 0.4000000060
99298  -39.123  23.370  50.163 0.3000000119
99311  -40.066  24.260  49.602 0.3000000119
100006  -40.788  23.847  50.081 0.3000000119
154211  -40.852  24.461  49.638 0.3000000119
101991  -41.038  27.162  42.393 0.4000000060
152035  -40.218  28.071  41.737 0.5000000000
102003  -41.569  27.911  41.856 0.5000000000
93945  -51.395  17.683  55.629 0.1000000015
146243  -50.834  17.160  54.687 0.1000000015
94669  -50.998  18.025  58.187 0.1000000015
94675  -51.745  18.140  57.748 0.1000000015
92412  -52.786  15.686  54.423 0.1000000015
133620  -50.825  15.820  52.139 0.1000000015
93191  -50.610  16.088  52.889 0.1000000015
92396  -51.974  15.800  55.722 0.1000000015
93150  -52.439  17.447  57.352 0.1000000015
93988  -53.574  17.508  51.934 0.1000000015
133619  -51.238  15.767  51.591 0.1000000015
91492  -51.491  14.131  54.282 0.1000000015
93212  -51.381  15.446  50.898 0.1000000015
93241  -56.012  15.674  47.637 0.1000000015
92447  -50.590  14.673  50.698 0.1000000015
93229  -55.318  16.245  48.454 0.1000000015
92489  -55.885  14.245  46.366 0.1000000015
93251  -55.451  15.095  47.046 0.1000000015
92464  -53.752  15.270  48.110 0.1000000015
93972  -50.896  16.757  53.826 0.1000000015
94002  -55.726  16.207  48.732 0.1000000015
93221  -53.342  15.443  48.877 0.1000000015
151860  -54.643  15.796  47.962 0.1000000015
92454  -50.938  14.368  49.974 0.1000000015
141784  -52.910  14.649  48.403 0.1000000015
100007  -41.607  24.309  49.997 0.3000000119
88239  -53.473  9.496  40.289 0.1000000015
88268  -46.691  8.861  35.997 0.1000000015
153947  -46.569  8.282  35.404 0.1000000015
90808  -56.397  12.512  41.515 0.1000000015
90760  -49.965  12.480  45.454 0.1000000015
90761  -50.954  12.511  45.602 0.1000000015
91536  -42.385  12.973  50.017 0.1000000015
91537  -42.933  12.788  49.437 0.1000000015
90724  -44.645  12.445  47.484 0.1000000015
151739  -40.780  14.084  50.347 0.1000000015
91548  -50.872  13.050  47.850 0.1000000015
91541  -51.496  13.944  48.821 0.1000000015
92463  -52.152  14.253  48.641 0.1000000015
91518  -40.514  13.567  51.297 0.1000000015
127531  -36.664  13.711  56.365 0.1000000015
91484  -37.874  13.283  54.925 0.1000000015
96827  -30.592  20.322  52.336 0.1000000015
96844  -31.144  20.689  51.946 0.1000000015
96846  -32.464  20.995  51.586 0.1000000015
98469  -39.315  22.402  51.434 0.4000000060
98470  -40.308  22.511  51.497 0.4000000060
96809  -27.173  20.517  54.438 0.1000000015
96813  -28.092  20.321  53.340 0.1000000015
96825  -28.830  20.350  52.805 0.1000000015
140895  -35.301  21.858  50.924 0.2000000030
97626  -33.642  21.472  51.203 0.2000000030
97625  -32.733  21.617  51.204 0.2000000030
97638  -33.980  21.998  50.748 0.2000000030
135480  -46.120  13.736  52.543 0.1000000015
92428  -46.656  14.276  52.992 0.1000000015
90639  -41.077  12.536  54.031 0.1000000015
91498  -42.810  13.134  53.608 0.1000000015
91499  -43.433  13.173  53.072 0.1000000015
91521  -46.400  13.209  51.835 0.1000000015
90650  -42.082  12.786  53.005 0.1000000015
91506  -39.962  12.898  52.501 0.1000000015
90670  -41.848  12.777  51.770 0.1000000015
91527  -41.884  12.945  51.146 0.1000000015
91526  -41.179  13.522  50.663 0.1000000015
90706  -47.768  12.153  49.138 0.1000000015
91535  -41.714  13.507  49.936 0.1000000015
89842  -45.408  11.678  48.365 0.1000000015
89858  -45.769  11.687  47.618 0.1000000015
93175  -46.274  15.205  54.753 0.1000000015
93176  -46.865  15.135  54.234 0.1000000015
91522  -47.306  13.354  51.503 0.1000000015
133541  -48.072  13.630  51.472 0.1000000015
90697  -48.571  12.464  48.950 0.1000000015
93159  -45.765  15.266  55.359 0.1000000015
93161  -47.421  15.798  55.460 0.1000000015
127583  -39.962  13.356  56.957 0.1000000015
92373  -42.831  14.385  57.081 0.1000000015
92430  -48.295  14.508  52.538 0.1000000015
91471  -38.829  13.052  56.123 0.1000000015
90707  -49.416  12.607  48.472 0.1000000015
136358  -49.484  12.312  46.928 0.1000000015
94711  -52.997  17.887  53.384 0.1000000015
93959  -51.942  17.768  54.789 0.1000000015
94690  -53.480  18.100  54.841 0.1000000015
94688  -52.424  18.064  55.887 0.1000000015
93132  -45.557  16.127  57.817 0.1000000015
93930  -47.003  16.510  57.368 0.1000000015
93943  -48.961  16.632  55.995 0.1000000015
132389  -50.142  16.896  55.173 0.1000000015
93179  -49.347  16.119  54.371 0.1000000015
92342  -43.042  15.233  58.437 0.1000000015
91457  -38.129  13.313  56.614 0.1000000015
92431  -48.999  14.646  52.254 0.1000000015
92438  -49.312  14.414  51.594 0.1000000015
90728  -50.253  12.562  47.345 0.1000000015
90745  -50.381  12.482  46.408 0.1000000015
150290  -47.079  5.966  37.376 0.1000000015
86502  -47.208  7.010  38.200 0.1000000015
85550  -53.045  6.799  57.102 0.1000000015
139302  -55.745  9.780  55.657 0.1000000015
89817  -54.974  11.737  53.992 0.1000000015
93919  -46.043  16.732  59.035 0.1000000015
151319  -47.239  16.997  58.268 0.1000000015
94665  -50.383  17.965  58.723 0.1000000015
127496  -49.822  17.329  56.698 0.1000000015
94670  -52.437  18.022  57.518 0.1000000015
93960  -53.473  17.812  55.128 0.1000000015
93199  -51.207  16.391  52.564 0.1000000015
93980  -52.011  17.067  52.730 0.1000000015
93206  -52.991  16.815  51.075 0.1000000015
93205  -51.913  16.201  51.360 0.1000000015
93118  -41.745  15.731  59.410 0.1000000015
92340  -41.224  15.156  58.800 0.1000000015
92439  -50.026  14.713  51.388 0.1000000015
92466  -56.326  14.602  47.762 0.1000000015
94008  -55.880  16.047  48.087 0.1000000015
91578  -56.150  13.496  46.746 0.1000000015
92475  -55.819  14.917  47.150 0.1000000015
134242  -49.980  13.464  49.484 0.1000000015
88192  -54.490  10.370  44.755 0.1000000015
89047  -55.214  11.270  45.743 0.1000000015
89052  -54.872  10.999  45.220 0.1000000015
88200  -53.706  9.059  43.338 0.1000000015
134158  -54.051  9.655  44.074 0.1000000015
91547  -50.226  13.169  48.695 0.1000000015
128575  -52.891  9.392  41.023 0.1000000015
87142  -49.387  8.837  65.846 0.1000000015
128619  -48.787  7.594  65.515 0.1000000015
84642  -47.326  5.601  64.489 0.1000000015
83758  -47.126  5.241  61.976 0.1000000015
87180  -47.716  9.254  61.241 0.1000000015
127614  -47.267  8.780  60.443 0.1000000015
87192  -47.942  9.065  59.673 0.1000000015
87224  -55.380  8.883  57.073 0.1000000015
94664  -49.667  18.064  59.168 0.1000000015
92411  -52.069  15.092  54.810 0.1000000015
90612  -43.101  12.250  58.054 0.1000000015
153953  -45.670  17.038  61.436 0.1000000015
136189  -42.336  16.295  60.278 0.1000000015
89889  -55.396  11.506  45.142 0.1000000015
91591  -56.138  13.054  45.334 0.1000000015
135538  -36.701  13.681  57.956 0.1000000015
92337  -38.413  14.798  59.107 0.1000000015
92455  -51.757  14.573  49.503 0.1000000015
88226  -54.664  8.826  41.539 0.1000000015
88248  -49.272  10.195  39.667 0.1000000015
145363  -47.078  8.409  36.820 0.1000000015
84657  -48.101  6.188  61.989 0.1000000015
86369  -55.099  8.341  57.567 0.1000000015
88102  -55.195  9.916  56.069 0.1000000015
93900  -48.794  17.340  60.336 0.1000000015
93915  -50.830  17.579  58.914 0.1000000015
93924  -51.667  17.810  58.319 0.1000000015
93946  -52.679  17.872  57.108 0.1000000015
93135  -50.281  16.285  58.587 0.1000000015
90591  -42.589  12.563  59.872 0.1000000015
92299  -39.540  15.010  62.424 0.1000000015
136378  -42.370  13.252  62.053 0.1000000015
91440  -36.052  13.580  57.802 0.1000000015
88011  -50.589  10.166  62.958 0.1000000015
85507  -51.425  7.308  59.824 0.1000000015
85518  -52.272  7.213  58.730 0.1000000015
87211  -54.652  8.600  58.279 0.1000000015
87248  -48.229  8.904  54.624 0.1000000015
92395  -51.143  15.267  55.952 0.1000000015
90642  -46.815  12.378  54.630 0.1000000015
89069  -56.176  10.787  42.265 0.1000000015
86321  -51.313  8.277  61.519 0.1000000015
86330  -51.370  7.833  60.905 0.1000000015
86332  -52.508  8.356  60.417 0.1000000015
131423  -50.400  8.956  57.407 0.1000000015
88111  -48.695  9.335  54.089 0.1000000015
88123  -48.242  9.857  53.626 0.1000000015
89809  -47.133  10.894  53.796 0.1000000015
89808  -47.357  11.759  54.100 0.1000000015
90632  -47.106  13.079  55.258 0.1000000015
91589  -54.741  14.059  44.926 0.1000000015
87173  -52.103  9.240  61.389 0.1000000015
86322  -51.920  8.465  61.206 0.1000000015
150911  -51.419  9.946  60.071 0.1000000015
87238  -50.423  8.639  55.897 0.1000000015
88098  -50.979  8.950  55.195 0.1000000015
134315  -46.956  13.669  56.630 0.1000000015
91489  -48.377  13.219  54.737 0.1000000015
97609  -29.082  21.168  52.406 0.1000000015
148946  -29.942  20.913  52.247 0.1000000015
98482  -35.256  22.626  50.482 0.2000000030
88099  -51.903  9.193  55.379 0.1000000015
88126  -51.199  9.995  53.738 0.1000000015
88988  -49.695  10.551  53.490 0.1000000015
89813  -49.991  11.354  53.462 0.1000000015
143103  -49.522  11.879  53.565 0.1000000015
129357  -39.968  23.535  50.147 0.3000000119
151564  -39.400  23.828  49.741 0.3000000119
93973  -51.996  17.437  53.693 0.1000000015
93164  -52.692  17.159  56.422 0.1000000015
93181  -53.465  16.936  54.875 0.1000000015
92423  -52.865  15.164  53.714 0.1000000015
93981  -52.968  17.595  52.557 0.1000000015
133618  -52.204  16.030  50.732 0.1000000015
93213  -52.025  15.421  50.198 0.1000000015
92448  -51.334  14.856  50.275 0.1000000015
93222  -53.995  16.468  49.530 0.1000000015
94007  -55.076  16.616  49.209 0.1000000015
93220  -52.725  15.493  49.542 0.1000000015
93165  -53.116  17.387  55.628 0.1000000015
136014  -52.958  16.274  50.218 0.1000000015
100744  -36.558  25.950  41.180 0.2000000030
101370  -37.524  26.362  41.608 0.2000000030
100745  -37.363  25.486  41.327 0.2000000030
100746  -38.165  25.885  41.933 0.2000000030
101999  -36.974  26.757  41.321 0.2000000030
103246  -46.505  29.613  44.672 0.2000000030
102004  -42.617  27.703  41.846 0.4000000060
102640  -42.370  28.339  41.375 0.3000000119
145229  -37.777  27.280  41.380 0.2000000030
151350  -38.232  27.896  41.093 0.2000000030
102000  -38.859  27.780  41.535 0.2000000030
102001  -39.776  27.712  41.981 0.3000000119
103260  -46.764  29.419  42.970 0.2000000030
102654  -42.995  28.687  40.895 0.3000000119
103275  -42.831  29.247  40.324 0.3000000119
102639  -41.635  28.519  41.271 0.4000000060
104542  -49.910  32.546  48.565 0.3000000119
103254  -45.944  29.084  44.107 0.2000000030
102620  -45.497  28.665  44.730 0.2000000030
144597  -47.228  29.797  43.415 0.2000000030
131497  -45.456  28.459  43.980 0.2000000030
142260  -36.608  24.949  40.641 0.2000000030
102011  -36.892  27.404  40.842 0.1000000015
102587  -39.496  28.948  49.055 0.1000000015
103221  -40.732  30.025  49.399 0.1000000015
102588  -40.527  28.962  49.062 0.1000000015
103220  -39.858  29.925  49.387 0.1000000015
144322  -42.023  29.353  49.232 0.1000000015
102637  -39.817  28.321  41.351 0.3000000119
103222  -41.565  30.150  49.461 0.1000000015
103218  -38.118  29.961  49.562 0.1000000015
102586  -38.588  29.020  49.134 0.1000000015
103219  -38.955  29.944  49.442 0.1000000015
102648  -37.661  28.007  40.727 0.1000000015
102651  -40.415  28.865  40.739 0.1000000015
102652  -41.307  28.939  40.762 0.1000000015
102650  -39.554  28.749  40.627 0.2000000030
103274  -41.912  29.454  40.082 0.1000000015
103273  -40.940  29.394  40.136 0.1000000015
103272  -40.072  29.295  40.045 0.1000000015
101378  -36.236  26.700  40.887 0.1000000015
129779  -35.808  25.977  40.720 0.1000000015
100100  -36.690  24.120  40.285 0.1000000015
103856  -39.318  30.904  49.854 0.1000000015
104535  -42.390  31.672  50.062 0.1000000015
104537  -45.464  32.372  49.979 0.1000000015
103854  -37.670  30.846  50.306 0.1000000015
103855  -38.481  30.876  50.063 0.1000000015
104532  -39.711  31.817  50.526 0.1000000015
139399  -41.807  31.023  49.708 0.1000000015
150795  -43.675  31.830  49.973 0.1000000015
102638  -40.781  28.385  41.438 0.3000000119
102653  -42.173  28.867  40.787 0.2000000030
103293  -43.570  29.626  39.846 0.1000000015
103936  -44.000  30.063  39.114 0.1000000015
103937  -44.866  29.923  38.987 0.2000000030
127525  -46.825  30.109  38.097 0.2000000030
103291  -41.340  29.772  39.536 0.1000000015
103934  -42.085  30.056  39.137 0.1000000015
103953  -45.212  30.118  38.261 0.1000000015
103954  -46.023  30.001  38.176 0.1000000015
138544  -47.547  30.309  37.990 0.1000000015
103952  -44.388  30.260  38.371 0.1000000015
103972  -46.290  30.306  37.438 0.1000000015
129110  -47.109  30.425  37.348 0.1000000015
103288  -38.387  28.936  39.703 0.1000000015
103271  -39.184  29.133  39.904 0.2000000030
103971  -45.494  30.335  37.514 0.1000000015
144639  -47.451  30.586  36.494 0.1000000015
102663  -37.634  28.629  39.978 0.1000000015
102649  -38.592  28.469  40.619 0.1000000015
103990  -46.558  30.486  36.621 0.1000000015
105118  -44.396  32.861  49.664 0.1000000015
105120  -46.309  33.548  49.486 0.2000000030
103276  -43.634  29.011  40.507 0.2000000030
103294  -44.493  29.630  39.682 0.2000000030
145221  -46.057  29.522  39.440 0.2000000030
103950  -42.661  30.392  38.328 0.1000000015
103951  -43.553  30.353  38.405 0.1000000015
103955  -47.452  30.007  38.677 0.1000000015
103935  -43.098  30.130  39.134 0.1000000015
103949  -41.137  30.158  38.843 0.1000000015
129169  -48.906  30.662  36.955 0.1000000015
103309  -39.380  29.894  38.352 0.1000000015
103310  -40.254  30.115  38.634 0.1000000015
105121  -47.287  33.452  50.106 0.2000000030
105122  -50.055  33.477  50.245 0.1000000015
104520  -41.936  32.855  50.669 0.1000000015
152580  -43.641  33.005  50.060 0.1000000015
105119  -45.352  33.144  49.490 0.1000000015
103885  -48.988  30.550  45.039 0.1000000015
132514  -48.409  30.383  44.263 0.1000000015
130199  -49.199  30.662  44.282 0.1000000015
103266  -47.611  29.876  41.847 0.1000000015
103261  -47.417  29.845  42.682 0.1000000015
153515  -48.428  30.462  42.888 0.1000000015
103265  -46.898  29.424  42.127 0.1000000015
103907  -49.742  30.854  42.891 0.1000000015
103914  -48.391  30.279  41.663 0.1000000015
103906  -48.891  30.578  42.396 0.1000000015
127885  -47.023  29.452  41.187 0.1000000015
103916  -50.152  30.612  41.438 0.1000000015
103924  -48.738  30.307  40.915 0.1000000015
103915  -49.230  30.511  41.511 0.1000000015
103926  -50.593  30.484  40.716 0.1000000015
149459  -44.230  29.287  40.243 0.2000000030
103938  -51.071  30.423  40.072 0.1000000015
103295  -45.333  29.541  39.574 0.2000000030
103312  -46.589  29.741  38.904 0.1000000015
128037  -48.353  30.378  38.401 0.1000000015
128075  -49.445  30.488  38.560 0.1000000015
128074  -50.581  30.485  38.767 0.1000000015
131411  -41.724  30.423  38.190 0.1000000015
103969  -43.200  30.469  37.545 0.1000000015
132256  -43.941  30.447  37.756 0.1000000015
103970  -44.659  30.423  37.589 0.1000000015
129168  -49.745  30.627  37.032 0.1000000015
103974  -49.086  30.593  37.706 0.1000000015
128073  -51.658  30.466  38.683 0.1000000015
128323  -52.623  30.417  38.134 0.1000000015
131482  -40.805  30.398  37.987 0.1000000015
103967  -41.355  30.415  37.257 0.1000000015
103968  -42.276  30.496  37.377 0.1000000015
129167  -50.754  30.581  37.100 0.1000000015
103976  -51.261  30.505  37.936 0.1000000015
103989  -45.763  30.461  36.714 0.1000000015
103991  -48.407  30.666  36.369 0.1000000015
103992  -49.362  30.647  36.265 0.1000000015
103994  -51.211  30.513  36.426 0.1000000015
105758  -44.445  33.710  49.387 0.1000000015
105117  -43.163  33.607  50.305 0.1000000015
104557  -50.455  31.270  45.699 0.1000000015
103887  -50.686  31.093  44.275 0.1000000015
103886  -49.963  30.841  44.854 0.1000000015
102633  -46.211  28.822  42.489 0.1000000015
103897  -49.832  30.862  43.851 0.1000000015
130030  -50.700  30.877  42.315 0.1000000015
103917  -51.209  30.665  41.420 0.1000000015
149943  -52.611  30.501  40.755 0.1000000015
103928  -53.290  30.510  40.468 0.1000000015
102656  -45.396  28.766  40.816 0.1000000015
127559  -45.926  29.240  40.167 0.1000000015
103313  -47.379  29.729  39.430 0.1000000015
151003  -47.973  29.840  39.797 0.1000000015
103956  -48.900  30.399  39.190 0.1000000015
145359  -40.942  30.181  36.415 0.1000000015
103987  -41.775  30.333  36.203 0.1000000015
129170  -42.838  30.471  36.478 0.1000000015
129506  -43.894  30.549  36.769 0.1000000015
103988  -44.913  30.553  36.705 0.1000000015
129373  -43.682  33.735  49.873 0.1000000015
133825  -47.201  34.125  49.533 0.1000000015
105774  -49.902  34.321  49.574 0.1000000015
104546  -49.905  31.528  47.227 0.2000000030
105759  -45.372  33.822  49.102 0.1000000015
104561  -50.912  31.284  45.070 0.1000000015
104562  -51.388  31.406  44.589 0.1000000015
103908  -51.972  30.999  42.151 0.1000000015
104586  -53.704  31.077  41.535 0.1000000015
103919  -53.189  30.642  41.277 0.1000000015
103278  -46.209  28.978  40.960 0.1000000015
103279  -47.437  29.634  40.279 0.1000000015
103920  -53.545  30.875  40.929 0.1000000015
103296  -46.682  29.507  39.766 0.1000000015
105760  -46.265  34.158  49.058 0.1000000015
105153  -50.730  32.193  47.192 0.1000000015
104558  -51.214  31.648  45.728 0.1000000015
105167  -52.518  32.774  45.692 0.1000000015
104559  -51.857  31.837  45.260 0.1000000015
105168  -52.892  33.311  45.173 0.1000000015
104572  -52.343  31.566  43.652 0.1000000015
104564  -52.636  32.147  44.117 0.1000000015
104573  -52.955  31.918  43.359 0.1000000015
104581  -52.807  31.102  42.899 0.1000000015
146542  -53.310  32.047  42.744 0.1000000015
104585  -53.537  30.883  41.853 0.1000000015
105892  -52.905  34.466  40.914 0.1000000015
105193  -53.395  31.996  41.066 0.1000000015
106467  -49.496  35.088  48.795 0.1000000015
131159  -50.299  34.818  48.771 0.1000000015
105132  -50.478  33.722  48.694 0.1000000015
105772  -48.011  34.561  49.358 0.2000000030
106466  -48.324  35.002  48.673 0.1000000015
105770  -45.505  34.175  48.756 0.1000000015
105771  -47.209  34.519  48.749 0.1000000015
106475  -48.910  35.469  47.999 0.1000000015
106476  -50.151  35.357  48.036 0.1000000015
105782  -51.030  34.650  48.321 0.1000000015
105154  -51.738  33.019  47.056 0.1000000015
106473  -46.973  34.576  47.821 0.1000000015
152249  -47.606  34.784  48.255 0.1000000015
106474  -47.913  35.052  47.824 0.1000000015
105141  -51.110  33.389  47.896 0.1000000015
106472  -45.968  34.514  47.589 0.1000000015
106483  -48.219  35.067  47.107 0.1000000015
130503  -47.251  34.866  47.079 0.1000000015
105166  -51.817  32.340  46.130 0.1000000015
147034  -46.508  34.692  47.104 0.1000000015
105155  -52.371  33.217  46.398 0.1000000015
106471  -45.116  34.445  47.358 0.1000000015
105806  -52.840  34.038  45.299 0.1000000015
154298  -52.964  33.648  44.769 0.1000000015
105178  -53.047  32.833  43.438 0.1000000015
151036  -49.707  37.036  39.627 0.1000000015
152084  -50.051  35.737  39.749 0.1000000015
107207  -50.951  35.935  39.634 0.1000000015
105187  -53.432  32.493  42.050 0.1000000015
107849  -50.474  36.823  39.578 0.1000000015
106550  -52.333  34.693  40.437 0.1000000015
106538  -51.599  34.567  40.857 0.1000000015
105883  -53.187  33.615  41.252 0.1000000015
106484  -49.326  35.322  47.118 0.1000000015
105142  -51.685  34.309  47.609 0.1000000015
106482  -46.622  34.711  46.530 0.1000000015
106491  -47.335  34.741  46.179 0.1000000015
106487  -51.998  34.867  46.396 0.1000000015
105791  -52.270  34.154  46.737 0.1000000015
106481  -45.828  34.546  46.621 0.1000000015
143316  -51.812  34.847  45.725 0.1000000015
105789  -44.957  34.337  46.370 0.1000000015
106504  -52.341  34.533  45.206 0.1000000015
105825  -52.057  34.440  44.507 0.1000000015
105844  -52.390  34.021  43.873 0.1000000015
105826  -52.691  34.123  44.662 0.1000000015
105865  -52.693  33.543  43.091 0.1000000015
107205  -48.759  36.620  39.687 0.1000000015
107192  -48.300  35.420  39.858 0.1000000015
105880  -50.699  34.327  41.251 0.1000000015
105881  -51.745  34.191  41.848 0.1000000015
105864  -52.039  33.968  42.923 0.1000000015
105882  -52.693  34.210  41.658 0.1000000015
130853  -52.977  33.556  42.166 0.1000000015
106485  -50.520  35.286  46.952 0.1000000015
106477  -51.080  35.090  47.661 0.1000000015
106492  -49.570  35.029  46.180 0.1000000015
106494  -51.212  35.013  46.285 0.1000000015
130830  -48.503  34.863  46.221 0.1000000015
106493  -50.409  34.997  46.054 0.1000000015
127801  -44.227  34.088  46.065 0.1000000015
106500  -47.753  34.488  45.315 0.1000000015
106502  -49.814  34.638  45.363 0.1000000015
105801  -43.479  33.661  45.653 0.1000000015
105790  -45.488  34.344  45.733 0.1000000015
145451  -46.870  34.399  45.292 0.1000000015
105824  -50.096  34.287  44.533 0.1000000015
148924  -51.110  34.375  44.479 0.1000000015
131614  -50.347  33.949  43.535 0.1000000015
105843  -51.580  34.148  43.703 0.1000000015
106548  -49.365  34.997  40.121 0.1000000015
151639  -50.004  34.240  41.147 0.1000000015
146766  -50.734  33.991  41.989 0.1000000015
105802  -44.791  34.153  45.470 0.1000000015
105804  -46.271  34.491  45.763 0.1000000015
105823  -49.117  34.259  44.542 0.1000000015
105891  -49.337  34.116  40.981 0.1000000015
127795  -49.193  33.628  41.882 0.1000000015
105863  -51.115  33.914  42.750 0.1000000015
105799  -41.349  32.986  45.537 0.1000000015
105800  -42.693  33.353  45.705 0.1000000015
105819  -43.725  33.683  44.587 0.1000000015
141276  -46.088  34.090  44.853 0.1000000015
105821  -47.002  33.960  44.449 0.1000000015
105842  -49.422  33.940  43.852 0.1000000015
105861  -48.252  33.492  42.101 0.1000000015
132064  -49.107  33.620  42.925 0.1000000015
105862  -50.070  33.785  42.463 0.1000000015
128027  -44.624  33.821  44.579 0.1000000015
105797  -40.067  32.972  44.916 0.1000000015
105817  -41.437  33.293  44.611 0.1000000015
105798  -40.816  33.070  44.992 0.1000000015
105818  -42.882  33.503  44.808 0.1000000015
105840  -47.573  33.647  43.703 0.1000000015
105841  -48.544  33.766  43.754 0.1000000015
105822  -48.120  34.112  44.510 0.1000000015
128283  -46.047  33.636  43.983 0.1000000015
105839  -46.654  33.573  43.462 0.1000000015
105836  -42.748  33.554  43.850 0.1000000015
129526  -47.987  33.502  42.955 0.1000000015
128068  -44.769  33.577  43.724 0.1000000015
105835  -41.789  33.490  43.761 0.1000000015
149511  -43.541  33.597  43.779 0.1000000015
145892  -45.383  33.557  43.593 0.1000000015
127582  -42.373  33.634  42.977 0.1000000015
106521  -40.275  34.199  42.078 0.1000000015
106523  -42.043  33.851  42.194 0.1000000015
105853  -40.697  33.789  42.834 0.1000000015
105854  -41.527  33.688  42.903 0.1000000015
147911  -43.219  33.660  43.018 0.1000000015
129125  -40.886  34.536  41.544 0.1000000015
105855  -42.857  33.746  42.243 0.1000000015
127920  -44.950  33.521  42.836 0.1000000015
105837  -44.084  33.632  43.101 0.1000000015
105856  -43.619  33.669  42.227 0.1000000015
105838  -45.807  33.528  43.109 0.1000000015
105875  -44.904  33.592  41.808 0.1000000015
105857  -44.294  33.589  42.233 0.1000000015
103927  -51.680  30.492  40.695 0.1000000015
103280  -48.302  30.041  40.343 0.1000000015
128036  -49.973  30.401  40.070 0.1000000015
107208  -51.852  36.198  39.413 0.1000000015
103298  -48.600  30.213  39.772 0.1000000015
105893  -53.159  34.215  40.387 0.1000000015
104597  -54.215  30.808  39.788 0.1000000015
128077  -50.549  30.443  39.539 0.1000000015
103940  -53.465  30.349  39.670 0.1000000015
103957  -49.768  30.430  39.329 0.1000000015
105763  -49.914  33.997  50.512 0.2000000030
103292  -42.701  29.705  39.712 0.1000000015
103857  -40.193  30.943  49.735 0.1000000015
103858  -41.046  31.004  49.695 0.1000000015
103290  -40.585  29.758  39.432 0.1000000015
103289  -39.712  29.647  39.254 0.1000000015
104521  -43.094  32.506  50.296 0.1000000015
103896  -48.887  30.644  43.412 0.1000000015
103958  -52.539  30.376  39.153 0.1000000015
103959  -53.657  30.248  38.837 0.1000000015
104580  -51.666  31.185  43.036 0.1000000015
103941  -53.963  30.515  39.964 0.1000000015
105175  -52.960  32.876  44.316 0.1000000015
106555  -50.402  35.083  40.020 0.1000000015
106556  -51.460  35.030  39.864 0.1000000015
153341  -52.441  33.902  42.286 0.1000000015
106501  -48.807  34.591  45.345 0.1000000015
146708  -41.694  34.308  41.546 0.1000000015
100023  -39.098  24.450  49.425 0.2000000030
139342  -41.609  25.588  49.187 0.2000000030
100024  -40.468  24.987  49.265 0.2000000030
101330  -40.676  26.497  48.639 0.2000000030
101955  -40.369  27.273  48.648 0.2000000030
101320  -41.485  26.271  48.837 0.2000000030
154372  -39.047  27.375  48.620 0.2000000030
100677  -40.000  25.516  48.852 0.2000000030
100678  -40.828  25.678  48.879 0.2000000030
100675  -38.396  25.593  48.835 0.2000000030
100690  -39.529  26.086  48.617 0.2000000030
99297  -38.201  23.387  50.010 0.2000000030
101956  -41.221  27.100  48.685 0.2000000030
100025  -41.250  25.004  49.406 0.2000000030
148826  -38.812  23.777  49.706 0.2000000030
131688  -39.758  24.930  49.219 0.2000000030
101954  -39.577  27.365  48.638 0.2000000030
100689  -38.769  26.107  48.625 0.2000000030
98478  -32.105  22.807  50.731 0.1000000015
99294  -35.743  23.538  49.931 0.1000000015
100002  -30.877  24.618  50.603 0.1000000015
99290  -31.017  23.745  50.711 0.1000000015
99291  -31.856  23.463  50.598 0.1000000015
100005  -33.124  24.138  50.099 0.1000000015
99292  -32.757  23.236  50.487 0.1000000015
99307  -34.918  23.998  49.731 0.1000000015
149600  -36.292  24.735  49.441 0.1000000015
100021  -37.576  24.632  49.360 0.1000000015
99308  -36.680  23.737  49.754 0.1000000015
99309  -37.465  23.883  49.624 0.1000000015
101937  -33.733  27.196  49.592 0.1000000015
101938  -34.622  27.567  49.476 0.1000000015
100658  -32.239  25.444  50.160 0.1000000015
100671  -33.547  25.612  49.597 0.1000000015
101317  -34.781  26.254  49.347 0.1000000015
131708  -36.175  27.030  48.885 0.1000000015
101326  -37.186  26.690  48.708 0.1000000015
101953  -38.464  27.345  48.631 0.1000000015
100672  -35.014  25.434  49.395 0.1000000015
100673  -35.972  25.364  49.278 0.1000000015
129061  -36.872  25.188  49.193 0.1000000015
100688  -37.958  26.152  48.663 0.1000000015
101939  -35.516  27.909  49.307 0.1000000015
102604  -40.886  27.960  48.780 0.1000000015
99293  -34.681  23.357  50.111 0.1000000015
99306  -34.117  24.021  49.847 0.1000000015
99295  -36.559  23.240  50.195 0.1000000015
102602  -39.030  28.040  48.736 0.1000000015
100022  -38.348  24.922  49.219 0.1000000015
149553  -38.454  26.647  48.594 0.1000000015
100674  -37.718  25.366  49.028 0.1000000015
99310  -38.243  24.130  49.510 0.1000000015
100003  -31.670  24.247  50.491 0.1000000015
99277  -31.295  22.836  50.939 0.1000000015
99276  -30.332  23.255  51.199 0.1000000015
130475  -32.355  23.949  50.395 0.1000000015
100017  -33.732  24.769  49.681 0.1000000015
100016  -32.916  25.026  49.817 0.1000000015
100018  -34.585  24.660  49.592 0.1000000015
100019  -35.524  24.547  49.549 0.1000000015
151306  -36.206  24.167  49.603 0.1000000015
100020  -36.853  24.379  49.493 0.1000000015
101316  -33.979  26.352  49.522 0.1000000015
137067  -34.485  26.859  49.438 0.1000000015
102576  -33.952  28.107  49.666 0.1000000015
102583  -34.736  28.504  49.601 0.1000000015
135013  -35.197  26.957  49.219 0.1000000015
145882  -34.312  25.772  49.472 0.1000000015
132711  -34.239  25.243  49.535 0.1000000015
101318  -35.599  26.181  49.111 0.1000000015
101319  -36.496  26.056  48.888 0.1000000015
101327  -37.941  26.850  48.615 0.1000000015
100687  -37.237  25.883  48.821 0.1000000015
145391  -36.910  27.454  48.812 0.1000000015
86368  -54.703  7.918  58.118 0.1000000015
87212  -55.034  8.885  57.614 0.1000000015
87337  -53.925  8.820  42.743 0.1000000015
87350  -54.118  8.676  42.153 0.1000000015
87431  -45.492  9.020  31.339 0.1000000015
88001  -48.739  10.272  64.709 0.1000000015
88088  -54.889  9.570  56.874 0.1000000015
88097  -43.479  9.482  54.865 0.1000000015
88110  -47.794  9.331  54.083 0.1000000015
88118  -55.942  10.263  55.014 0.1000000015
88225  -54.092  8.713  41.204 0.1000000015
88228  -55.643  9.364  40.940 0.1000000015
88241  -54.664  8.951  40.463 0.2000000030
88250  -54.761  9.525  39.748 0.2000000030
88294  -44.477  9.595  31.574 0.1000000015
88906  -50.245  10.459  63.349 0.1000000015
88931  -50.839  10.332  62.094 0.1000000015
88941  -51.360  10.223  61.423 0.1000000015
88971  -44.316  10.647  55.053 0.1000000015
88985  -47.019  10.211  53.692 0.1000000015
89084  -56.071  10.141  39.715 0.2000000030
89096  -55.370  10.136  39.358 0.2000000030
89113  -54.218  10.745  37.762 0.2000000030
89115  -55.130  10.799  37.743 0.2000000030
89125  -54.036  10.635  36.811 0.2000000030
89150  -44.451  10.115  31.724 0.1000000015
89164  -45.688  10.707  30.818 0.1000000015
89799  -44.527  11.427  55.511 0.1000000015
89806  -45.431  11.713  54.917 0.1000000015
89810  -47.809  11.113  53.676 0.1000000015
89860  -47.433  11.647  47.554 0.1000000015
89957  -55.058  11.459  34.249 0.3000000119
89958  -55.691  11.882  33.867 0.3000000119
89967  -52.080  11.595  33.324 0.3000000119
89971  -55.535  12.226  33.181 0.3000000119
89975  -44.803  10.527  32.072 0.1000000015
89989  -46.608  11.752  30.408 0.1000000015
90614  -44.380  12.667  57.392 0.1000000015
90618  -43.880  12.150  56.978 0.1000000015
90631  -46.344  12.674  55.328 0.1000000015
90748  -56.231  12.548  46.189 0.1000000015
90762  -52.117  12.844  45.152 0.2000000030
90786  -51.432  12.757  43.538 0.2000000030
90814  -55.709  12.759  40.278 0.2000000030
90815  -56.170  13.297  40.921 0.2000000030
90835  -55.834  11.979  36.461 0.2000000030
91376  -42.230  14.223  63.134 0.1000000015
91401  -43.773  14.034  61.294 0.1000000015
91426  -45.692  14.102  58.845 0.1000000015
91563  -56.111  13.957  47.395 0.1000000015
91604  -55.143  13.973  44.189 0.1000000015
91620  -56.429  13.317  43.211 0.1000000015
91634  -56.375  13.549  41.677 0.1000000015
91670  -52.464  13.458  39.477 0.3000000119
91672  -55.045  13.376  39.448 0.2000000030
91678  -46.371  14.056  38.313 0.1000000015
91685  -55.264  12.649  37.602 0.2000000030
91707  -55.653  12.795  36.076 0.2000000030
91725  -55.843  13.077  33.596 0.3000000119
91736  -55.789  12.943  32.971 0.3000000119
91742  -53.647  12.868  31.988 0.3000000119
92300  -40.321  15.250  62.585 0.1000000015
92305  -45.116  15.570  62.261 0.1000000015
92315  -44.096  14.601  62.304 0.1000000015
92377  -49.241  14.751  57.068 0.1000000015
92422  -52.272  14.461  53.967 0.1000000015
92476  -56.049  14.462  47.249 0.1000000015
92499  -55.735  14.334  45.538 0.1000000015
92500  -56.069  14.075  45.588 0.1000000015
92580  -54.488  14.295  32.405 0.3000000119
92597  -54.379  14.675  31.591 0.2000000030
93078  -43.932  15.989  62.889 0.1000000015
93079  -44.440  15.746  62.756 0.1000000015
93084  -41.417  16.075  61.958 0.1000000015
93085  -43.202  16.318  62.415 0.1000000015
93090  -27.418  15.570  60.166 0.1000000015
93113  -49.087  17.118  60.252 0.1000000015
93121  -44.515  16.070  58.852 0.1000000015
93128  -27.630  15.396  57.158 0.1000000015
93133  -46.143  16.143  57.278 0.1000000015
93134  -49.759  16.324  59.235 0.1000000015
93136  -51.038  17.120  58.612 0.1000000015
93180  -52.680  16.345  55.318 0.1000000015
93228  -54.368  16.082  48.660 0.1000000015
93240  -55.357  15.741  47.563 0.1000000015
93326  -49.587  15.833  36.579 0.3000000119
93350  -48.862  15.901  33.546 0.1000000015
93865  -30.898  16.849  66.028 0.1000000015
93878  -43.442  16.614  61.752 0.1000000015
93880  -44.642  16.214  62.585 0.1000000015
93897  -46.192  17.239  61.143 0.1000000015
93899  -47.995  17.211  60.695 0.1000000015
93914  -50.094  17.480  59.523 0.1000000015
93921  -47.887  17.306  58.258 0.1000000015
93933  -52.324  17.919  57.821 0.1000000015
93947  -52.913  17.810  56.098 0.1000000015
93979  -51.285  16.728  53.115 0.1000000015
93987  -52.447  16.919  51.927 0.1000000015
94073  -45.379  16.235  39.396 0.1000000015
94100  -50.019  16.664  35.575 0.3000000119
94122  -50.369  16.804  31.658 0.3000000119
94627  -29.660  17.284  64.157 0.1000000015
94649  -27.118  16.977  60.000 0.1000000015
94658  -49.200  17.566  59.898 0.1000000015
94659  -50.373  17.786  59.182 0.1000000015
94676  -52.170  18.167  56.747 0.1000000015
94678  -53.084  17.932  55.581 0.1000000015
94689  -52.993  18.120  55.417 0.1000000015
94705  -53.015  18.086  54.403 0.1000000015
94845  -53.513  17.953  31.064 0.4000000060
95357  -26.626  18.198  59.009 0.1000000015
95381  -29.903  18.026  53.857 0.2000000030
95550  -53.209  18.639  30.875 0.4000000060
95557  -52.556  18.906  30.593 0.3000000119
95558  -53.114  18.571  30.725 0.4000000060
95971  -38.941  19.236  68.619 0.1000000015
95984  -37.953  19.930  67.534 0.1000000015
95995  -33.851  19.310  66.318 0.1000000015
95998  -36.427  19.750  67.048 0.1000000015
96059  -26.588  19.812  55.856 0.1000000015
96137  -46.801  19.277  45.727 0.6999999881
96261  -51.042  19.850  30.776 0.4000000060
96269  -52.342  19.628  30.713 0.4000000060
96798  -26.965  20.875  57.713 0.1000000015
96894  -48.062  20.101  45.640 0.8000000119
96942  -54.966  21.834  40.014 0.6999999881
96967  -54.242  21.431  37.381 0.6999999881
96974  -52.886  20.839  36.206 0.6000000238
97004  -45.834  21.450  31.738 0.3000000119
97010  -52.367  20.068  31.231 0.4000000060
97017  -51.447  20.339  30.873 0.4000000060
97020  -51.970  20.075  30.689 0.4000000060
97586  -45.244  22.337  55.550 0.8000000119
97637  -33.286  21.967  50.825 0.2000000030
97648  -47.741  21.624  48.461 0.6999999881
97682  -52.460  21.545  44.212 1.0000000000
97802  -45.943  21.391  33.892 0.3000000119
97805  -52.565  21.889  34.702 0.6000000238
97810  -45.607  21.368  32.548 0.3000000119
97813  -51.259  21.785  32.553 0.6000000238
97820  -47.352  21.731  31.770 0.4000000060
98429  -45.725  22.679  55.966 0.6999999881
98431  -46.892  23.052  56.367 0.6999999881
98438  -46.301  22.615  55.941 0.6999999881
98466  -36.564  22.170  50.935 0.3000000119
98586  -53.730  22.516  39.669 0.8000000119
98606  -44.337  22.158  37.549 0.3000000119
98610  -54.245  22.196  36.982 0.6999999881
98618  -50.944  22.264  36.586 0.6999999881
98620  -53.041  22.374  35.928 0.6000000238
98621  -53.863  22.177  36.225 0.6999999881
98636  -48.876  21.866  33.464 0.5000000000
98639  -51.831  22.081  34.082 0.6000000238
98640  -52.471  22.113  34.689 0.6000000238
98657  -46.366  22.098  31.563 0.3000000119
98664  -45.946  22.242  31.705 0.3000000119
99248  -45.642  23.233  55.927 0.8000000119
99249  -46.319  23.316  56.278 0.8000000119
99321  -53.271  24.361  47.855 0.8999999762
99329  -53.790  23.920  46.432 0.8999999762
99359  -54.225  23.786  44.804 1.0000000000
99959  -47.012  23.978  56.243 0.6000000238
99961  -48.791  24.512  56.037 0.6000000238
99962  -49.482  25.082  55.585 0.6000000238
100004  -32.324  24.642  50.253 0.1000000015
100032  -53.370  24.722  48.504 0.8999999762
100061  -54.136  24.126  44.967 1.0000000000
100676  -39.136  25.382  48.929 0.2000000030
100691  -40.199  26.078  48.635 0.2000000030
100692  -46.998  25.899  48.043 0.6999999881
100700  -45.977  26.025  47.217 0.6999999881
101328  -39.109  26.798  48.586 0.2000000030
101329  -39.910  26.682  48.604 0.2000000030
101952  -37.618  27.455  48.711 0.1000000015
101958  -47.188  27.112  48.860 0.6999999881
101961  -46.266  27.289  47.797 0.5000000000
101966  -45.288  27.488  45.873 0.5000000000
102002  -40.557  27.757  42.036 0.5000000000
102548  -50.967  29.186  54.315 0.6999999881
103173  -50.737  29.783  54.165 0.6000000238
103255  -46.659  29.522  43.793 0.2000000030
103297  -48.094  30.045  39.215 0.1000000015
103311  -45.690  29.779  38.880 0.2000000030
103895  -47.967  30.215  43.336 0.1000000015
103898  -50.662  31.037  43.371 0.1000000015
103905  -48.086  30.255  42.453 0.1000000015
103909  -53.116  30.716  42.142 0.1000000015
103918  -52.349  30.640  41.384 0.1000000015
103925  -49.609  30.459  40.794 0.1000000015
103939  -52.317  30.410  40.042 0.1000000015
103942  -54.269  30.440  39.060 0.1000000015
103973  -48.098  30.588  37.337 0.1000000015
103975  -50.126  30.533  37.858 0.1000000015
104553  -51.041  31.870  46.415 0.1000000015
104563  -52.084  31.748  44.421 0.1000000015
104571  -51.480  31.296  43.900 0.1000000015
104574  -53.635  31.321  42.167 0.1000000015
104582  -53.327  31.127  42.553 0.1000000015
104591  -53.815  30.953  40.611 0.1000000015
105174  -52.605  32.425  44.876 0.1000000015
105199  -53.803  31.559  40.261 0.1000000015
105803  -45.350  34.128  45.002 0.1000000015
105805  -52.667  33.706  45.915 0.1000000015
105820  -45.379  33.732  44.295 0.1000000015
105845  -52.877  33.557  44.103 0.1000000015
105874  -43.258  33.853  41.645 0.1000000015
106486  -51.561  34.918  47.012 0.1000000015
106495  -52.415  34.425  45.924 0.1000000015
106503  -50.875  34.711  45.383 0.1000000015
106522  -41.192  34.025  42.166 0.1000000015
106533  -40.192  34.743  41.494 0.1000000015
106549  -50.064  34.544  40.657 0.1000000015
106557  -52.358  35.242  39.643 0.1000000015
107206  -49.380  36.083  39.680 0.1000000015
127649  -49.062  30.369  40.278 0.1000000015
128069  -44.165  33.604  43.941 0.1000000015
128076  -51.426  30.451  39.385 0.1000000015
129610  -28.319  15.898  55.824 0.1000000015
130319  -49.716  30.690  42.087 0.1000000015
130647  -49.724  16.916  55.858 0.1000000015
131886  -50.822  34.668  40.497 0.1000000015
133542  -49.079  13.320  54.619 0.1000000015
134067  -44.692  16.568  62.126 0.1000000015
134599  -46.662  29.350  40.459 0.1000000015
134948  -37.876  29.156  49.272 0.1000000015
135536  -53.961  23.297  43.984 1.0000000000
135542  -46.763  12.120  30.429 0.1000000015
136438  -27.537  14.974  58.997 0.1000000015
136810  -42.288  16.151  62.349 0.1000000015
138101  -53.073  13.421  42.333 0.2000000030
139784  -48.783  27.946  53.288 0.5000000000
141880  -49.245  30.395  39.744 0.1000000015
142182  -48.306  24.134  46.404 0.8000000119
142334  -47.917  29.903  41.027 0.1000000015
143135  -55.939  11.721  44.601 0.1000000015
143747  -56.220  10.809  41.429 0.1000000015
143771  -56.245  13.177  44.562 0.1000000015
144169  -53.158  32.978  42.736 0.1000000015
144334  -56.209  10.498  40.536 0.2000000030
144373  -55.582  13.150  34.555 0.3000000119
144409  -53.626  11.959  32.372 0.3000000119
145191  -46.274  29.066  43.331 0.2000000030
145235  -46.184  34.369  48.392 0.1000000015
145285  -53.642  31.609  41.797 0.1000000015
145516  -45.914  22.074  31.553 0.3000000119
146113  -50.929  13.454  39.929 0.3000000119
146695  -53.986  9.386  43.429 0.1000000015
147174  -49.363  26.403  50.314 0.6999999881
147326  -44.149  33.944  45.237 0.1000000015
147648  -47.619  20.717  32.302 0.3000000119
147849  -53.792  9.036  59.435 0.1000000015
148060  -42.184  33.428  44.446 0.1000000015
148205  -46.299  22.251  31.797 0.4000000060
148557  -52.341  34.499  41.167 0.1000000015
148866  -55.443  16.453  49.002 0.1000000015
149085  -49.999  33.953  41.623 0.1000000015
150609  -55.832  11.313  40.440 0.2000000030
150776  -41.258  29.388  49.227 0.1000000015
151152  -48.391  21.377  32.153 0.4000000060
151291  -45.788  34.276  45.314 0.1000000015
151391  -39.197  28.350  41.055 0.2000000030
151851  -49.684  22.068  37.373 0.6000000238
151878  -50.419  31.414  53.035 0.4000000060
151931  -43.228  33.570  44.242 0.1000000015
152259  -53.733  16.850  30.810 0.2000000030
152548  -48.791  29.743  50.254 0.6000000238
152663  -51.675  34.663  45.073 0.1000000015
153538  -53.474  25.084  49.038 1.0000000000
153794  -55.085  10.733  36.414 0.3000000119
154053  -54.224  24.075  45.303 1.0000000000
154146  -49.753  17.633  59.632 0.1000000015
