#!ascii label  , from subject sub-v1s8x0051328_ses-1 vox2ras=TkReg
2235
142132  -32.255  -82.378  10.882 0.1000000015
9809  -31.693  -80.368  11.472 0.1000000015
10537  -29.717  -79.095  11.643 0.1000000015
10539  -31.294  -79.464  11.403 0.1000000015
11298  -30.765  -78.633  10.615 0.1000000015
11300  -32.067  -78.684  10.063 0.1000000015
10576  -29.643  -78.987  9.763 0.1000000015
11320  -30.795  -78.685  8.752 0.1000000015
11321  -31.718  -78.393  8.399 0.1000000015
10591  -30.136  -79.160  8.044 0.1000000015
11332  -30.939  -78.716  7.802 0.1000000015
11334  -32.349  -78.273  7.580 0.1000000015
11350  -31.123  -78.838  6.856 0.1000000015
10606  -30.391  -79.318  7.137 0.1000000015
11351  -32.032  -78.421  6.593 0.1000000015
11366  -32.790  -78.695  4.593 0.1000000015
10618  -30.708  -79.677  6.223 0.1000000015
10623  -31.065  -80.279  5.202 0.1000000015
10619  -31.439  -79.163  5.853 0.1000000015
8395  -34.034  -83.365  8.993 0.1000000015
9098  -32.751  -81.619  10.423 0.1000000015
142521  -32.760  -82.667  10.214 0.1000000015
9823  -32.382  -80.528  10.939 0.1000000015
9115  -34.096  -82.240  8.941 0.1000000015
9835  -33.530  -81.261  9.658 0.1000000015
10557  -32.502  -79.568  10.499 0.1000000015
154225  -33.879  -80.487  9.314 0.1000000015
11314  -32.242  -78.455  9.251 0.1000000015
10592  -34.074  -79.076  8.556 0.1000000015
11322  -32.677  -78.331  8.344 0.1000000015
11352  -32.918  -78.046  6.827 0.1000000015
12844  -37.704  -75.578  5.851 0.1000000015
13620  -37.262  -75.627  4.290 0.1000000015
12873  -37.010  -76.088  3.840 0.1000000015
12098  -36.856  -76.814  3.867 0.1000000015
139641  -35.660  -77.592  3.966 0.1000000015
12087  -34.281  -78.118  4.303 0.1000000015
12076  -34.499  -77.880  5.297 0.1000000015
149363  -33.622  -77.944  6.086 0.1000000015
11365  -32.164  -78.713  5.533 0.1000000015
7067  -34.634  -85.042  10.232 0.1000000015
8378  -36.170  -83.562  9.946 0.2000000030
7075  -35.404  -84.091  9.605 0.2000000030
7707  -33.809  -84.138  9.350 0.1000000015
8379  -36.599  -82.764  10.019 0.1000000015
8416  -35.961  -82.773  8.555 0.1000000015
7708  -34.493  -84.172  9.203 0.1000000015
8417  -36.588  -82.265  8.781 0.1000000015
8415  -34.957  -82.908  8.504 0.1000000015
18573  -42.131  -69.533  11.059 0.1000000015
16765  -41.417  -70.878  10.746 0.1000000015
9133  -36.141  -82.138  8.246 0.1000000015
9843  -35.044  -81.290  8.315 0.1000000015
10579  -34.483  -80.224  8.687 0.1000000015
135159  -40.669  -71.704  10.350 0.1000000015
153908  -41.066  -73.132  9.952 0.1000000015
14336  -40.406  -74.752  9.340 0.1000000015
13562  -41.041  -75.311  9.096 0.1000000015
12825  -40.336  -75.978  8.230 0.1000000015
10594  -35.389  -80.412  7.908 0.1000000015
10593  -34.799  -79.501  8.153 0.1000000015
134769  -33.046  -78.191  7.615 0.1000000015
15086  -40.478  -73.900  9.639 0.1000000015
145700  -39.606  -75.729  8.811 0.1000000015
13561  -40.405  -75.454  8.841 0.1000000015
12846  -39.431  -76.517  6.842 0.1000000015
12853  -39.427  -76.669  6.363 0.1000000015
11357  -39.408  -77.653  6.335 0.1000000015
11369  -38.107  -78.016  5.460 0.1000000015
11324  -34.476  -78.729  7.788 0.1000000015
11335  -33.837  -78.195  7.106 0.1000000015
12824  -39.287  -76.191  8.388 0.1000000015
12845  -38.236  -76.366  6.815 0.1000000015
131326  -39.077  -76.250  6.137 0.1000000015
12091  -38.747  -77.029  5.410 0.1000000015
11354  -36.145  -78.076  5.300 0.1000000015
12089  -35.498  -77.795  4.834 0.1000000015
13600  -38.381  -75.806  5.292 0.1000000015
12860  -38.406  -76.175  5.025 0.1000000015
12090  -37.937  -77.101  4.915 0.1000000015
11353  -35.227  -78.032  5.836 0.1000000015
153974  -36.456  -82.309  10.377 0.1000000015
8364  -36.054  -83.003  10.582 0.2000000030
7058  -35.530  -84.368  10.843 0.1000000015
7674  -34.550  -84.294  11.949 0.2000000030
7049  -34.554  -85.370  11.727 0.2000000030
9089  -36.524  -81.494  10.466 0.1000000015
9117  -36.885  -82.173  9.575 0.1000000015
20287  -42.223  -67.491  11.647 0.1000000015
18582  -42.205  -68.841  11.074 0.1000000015
9845  -36.693  -81.691  8.128 0.1000000015
9846  -37.400  -81.109  8.092 0.1000000015
130377  -41.141  -71.719  10.476 0.1000000015
15910  -41.287  -73.311  10.133 0.1000000015
14338  -41.476  -74.513  9.808 0.1000000015
152134  -36.012  -80.852  7.506 0.1000000015
14324  -41.600  -74.683  9.988 0.1000000015
13577  -41.251  -75.686  8.937 0.1000000015
145714  -40.415  -76.927  7.663 0.1000000015
10612  -39.566  -78.155  7.169 0.1000000015
11339  -38.123  -78.984  6.919 0.1000000015
11338  -36.815  -79.130  6.360 0.1000000015
10607  -35.346  -79.355  7.533 0.1000000015
11337  -36.019  -78.578  6.140 0.1000000015
148841  -34.430  -77.994  6.272 0.1000000015
11286  -35.121  -79.038  11.741 0.1000000015
10541  -34.751  -79.863  11.769 0.1000000015
10542  -35.607  -79.844  11.266 0.1000000015
9810  -35.156  -80.736  11.352 0.1000000015
9087  -34.815  -81.586  11.535 0.2000000030
139848  -34.540  -82.295  11.806 0.2000000030
9088  -35.735  -81.786  10.899 0.2000000030
151464  -34.237  -83.425  12.241 0.2000000030
7662  -33.719  -83.654  12.781 0.2000000030
9101  -37.272  -81.301  10.182 0.1000000015
10543  -36.385  -79.676  10.878 0.1000000015
9813  -37.461  -80.651  10.300 0.1000000015
9825  -37.886  -81.008  9.950 0.1000000015
19418  -42.389  -68.511  11.939 0.1000000015
18551  -41.785  -69.850  12.106 0.1000000015
17634  -41.337  -70.437  12.278 0.1000000015
141503  -41.190  -71.091  12.271 0.1000000015
9118  -37.449  -81.542  9.742 0.1000000015
133930  -38.131  -81.011  8.760 0.1000000015
21122  -42.048  -66.718  11.517 0.1000000015
21111  -42.448  -66.310  12.038 0.1000000015
17665  -41.889  -70.333  11.157 0.1000000015
16751  -41.629  -71.186  11.259 0.1000000015
15059  -41.631  -73.732  10.894 0.1000000015
14308  -41.594  -74.504  10.504 0.1000000015
12826  -41.326  -76.337  9.210 0.1000000015
12048  -40.226  -77.803  9.759 0.1000000015
10581  -39.861  -78.972  8.729 0.1000000015
10580  -39.134  -79.836  8.812 0.1000000015
10595  -38.002  -80.419  8.109 0.1000000015
150305  -41.951  -66.039  11.465 0.1000000015
12839  -41.229  -76.088  8.679 0.1000000015
12058  -40.704  -77.738  9.045 0.1000000015
10611  -38.734  -79.037  7.401 0.1000000015
10609  -36.791  -79.883  7.071 0.1000000015
21115  -41.490  -66.142  11.477 0.1000000015
21924  -40.902  -64.851  11.879 0.1000000015
20277  -39.896  -66.639  12.062 0.1000000015
21923  -39.932  -65.053  12.360 0.1000000015
12020  -35.593  -77.439  12.284 0.1000000015
11279  -35.396  -78.233  11.968 0.1000000015
12768  -35.910  -76.677  12.538 0.1000000015
12021  -36.213  -77.152  12.067 0.1000000015
131595  -34.448  -79.139  12.229 0.1000000015
9801  -34.382  -80.696  11.923 0.1000000015
9078  -34.107  -81.541  12.207 0.2000000030
12784  -36.690  -76.597  12.150 0.1000000015
11288  -36.828  -78.127  11.240 0.1000000015
11287  -36.031  -78.793  11.376 0.1000000015
8348  -33.950  -82.588  12.421 0.2000000030
12769  -37.234  -75.997  12.263 0.1000000015
12032  -36.811  -77.302  11.620 0.1000000015
127763  -42.237  -63.383  13.482 0.1000000015
21918  -42.314  -65.268  12.530 0.1000000015
21103  -41.776  -66.014  12.799 0.1000000015
20258  -41.186  -66.778  13.126 0.1000000015
141819  -41.972  -67.667  12.370 0.1000000015
19408  -41.315  -68.113  12.673 0.1000000015
139434  -41.364  -69.045  12.487 0.1000000015
12770  -38.080  -75.847  11.847 0.1000000015
11289  -37.637  -78.401  10.770 0.1000000015
9814  -38.017  -80.242  10.190 0.1000000015
20270  -42.332  -67.125  12.127 0.1000000015
15856  -41.028  -71.925  12.300 0.1000000015
145726  -40.643  -73.294  12.151 0.1000000015
14289  -41.416  -74.303  11.188 0.1000000015
12047  -39.254  -77.838  10.386 0.1000000015
11301  -38.564  -78.649  10.386 0.1000000015
9826  -38.419  -80.511  9.660 0.1000000015
147267  -41.411  -72.208  11.799 0.1000000015
15040  -41.269  -73.478  11.577 0.1000000015
13505  -40.810  -74.819  11.374 0.1000000015
12788  -40.489  -76.252  10.600 0.1000000015
149848  -39.957  -77.440  10.260 0.1000000015
11302  -39.462  -78.708  9.837 0.1000000015
132184  -38.913  -80.048  9.371 0.1000000015
22722  -42.431  -64.840  12.262 0.1000000015
22753  -42.196  -64.758  11.742 0.1000000015
22738  -42.255  -64.233  12.257 0.1000000015
22752  -41.733  -64.720  11.645 0.1000000015
149701  -41.475  -64.206  11.895 0.1000000015
22736  -39.458  -64.376  12.529 0.1000000015
131330  -38.995  -65.181  12.701 0.1000000015
147248  -34.819  -78.553  12.204 0.1000000015
12755  -36.411  -75.804  12.793 0.1000000015
13492  -35.735  -75.450  13.465 0.1000000015
12767  -35.118  -76.970  12.814 0.1000000015
10524  -34.065  -79.885  12.355 0.1000000015
133766  -37.031  -75.047  13.005 0.1000000015
14275  -37.361  -74.276  13.323 0.1000000015
11270  -34.052  -78.097  13.015 0.1000000015
9800  -33.719  -80.684  12.559 0.1000000015
14276  -38.137  -73.998  13.096 0.1000000015
13494  -37.844  -74.696  12.762 0.1000000015
9069  -33.337  -81.563  12.987 0.2000000030
21917  -41.836  -65.171  13.162 0.1000000015
145397  -41.384  -67.401  12.779 0.1000000015
19407  -40.486  -68.512  13.049 0.1000000015
14277  -38.947  -73.724  12.806 0.1000000015
12786  -38.731  -76.422  11.279 0.1000000015
9790  -33.130  -80.550  13.209 0.1000000015
137215  -32.698  -81.167  13.740 0.2000000030
21091  -41.065  -66.017  13.416 0.1000000015
17633  -40.560  -70.565  12.593 0.1000000015
15855  -40.125  -72.038  12.645 0.1000000015
15039  -39.829  -73.493  12.450 0.1000000015
14287  -39.551  -74.201  12.263 0.1000000015
12787  -39.589  -76.203  11.045 0.1000000015
147599  -41.911  -62.120  13.137 0.1000000015
23535  -42.075  -63.333  12.496 0.1000000015
24368  -41.585  -62.686  12.613 0.1000000015
24367  -40.658  -62.302  12.763 0.1000000015
23533  -40.047  -63.568  12.426 0.1000000015
24366  -39.592  -62.803  12.703 0.1000000015
23532  -38.979  -63.672  12.710 0.1000000015
14265  -36.890  -73.798  13.776 0.1000000015
14264  -36.196  -74.060  14.118 0.1000000015
13485  -35.919  -74.739  13.800 0.1000000015
140490  -37.037  -72.771  14.115 0.1000000015
13493  -36.353  -75.132  13.358 0.1000000015
140160  -35.216  -75.072  14.003 0.1000000015
12011  -34.390  -77.308  13.185 0.1000000015
15023  -37.596  -73.562  13.532 0.1000000015
13491  -34.971  -75.768  13.648 0.1000000015
11277  -33.698  -79.038  12.873 0.1000000015
16723  -38.637  -71.829  13.460 0.1000000015
15006  -37.706  -72.807  13.742 0.1000000015
12752  -33.961  -76.815  13.693 0.1000000015
23514  -41.353  -63.529  14.109 0.1000000015
22700  -40.446  -64.592  14.167 0.1000000015
21900  -40.068  -65.449  14.160 0.1000000015
139886  -40.399  -66.746  13.586 0.1000000015
19393  -39.743  -68.018  13.581 0.1000000015
18549  -39.993  -69.894  12.949 0.1000000015
17632  -39.629  -70.702  13.009 0.1000000015
16724  -39.427  -71.532  13.063 0.1000000015
140764  -38.364  -73.287  13.311 0.1000000015
11269  -33.473  -78.326  13.426 0.1000000015
10511  -33.084  -79.695  13.383 0.1000000015
23508  -41.470  -62.783  14.254 0.1000000015
18550  -40.435  -69.264  12.862 0.1000000015
16725  -40.310  -71.319  12.616 0.1000000015
15024  -39.210  -73.033  13.007 0.1000000015
142057  -32.596  -80.269  13.874 0.1000000015
24343  -41.637  -62.431  14.041 0.1000000015
152231  -41.046  -61.561  14.038 0.1000000015
25198  -41.550  -62.083  12.948 0.1000000015
25197  -40.620  -61.777  13.188 0.1000000015
25183  -38.745  -61.657  13.399 0.1000000015
146694  -38.913  -62.369  13.066 0.1000000015
25182  -37.587  -61.826  13.557 0.1000000015
15839  -36.537  -72.458  14.464 0.1000000015
145879  -36.489  -73.258  14.296 0.1000000015
15004  -35.659  -73.607  14.604 0.1000000015
16709  -36.520  -71.703  14.602 0.1000000015
14263  -35.423  -74.369  14.365 0.1000000015
15840  -37.265  -72.064  14.140 0.1000000015
137647  -37.107  -71.021  14.411 0.1000000015
14262  -34.683  -74.741  14.525 0.1000000015
12753  -34.703  -76.529  13.402 0.1000000015
147269  -38.664  -70.902  13.566 0.1000000015
17617  -37.847  -70.704  14.037 0.1000000015
13484  -34.517  -75.421  14.189 0.1000000015
23507  -40.631  -62.987  14.537 0.1000000015
136326  -39.874  -67.300  13.686 0.1000000015
17618  -39.051  -69.946  13.424 0.1000000015
18537  -38.174  -70.012  13.910 0.1000000015
12743  -33.629  -76.408  14.177 0.1000000015
11268  -33.014  -78.896  13.627 0.1000000015
24339  -40.978  -62.270  14.497 0.1000000015
134640  -40.126  -63.809  14.463 0.1000000015
151193  -39.630  -64.469  14.499 0.1000000015
21090  -40.220  -66.051  13.904 0.1000000015
131128  -39.630  -66.727  14.016 0.1000000015
18539  -39.567  -69.006  13.413 0.1000000015
11261  -32.934  -78.015  14.027 0.1000000015
134346  -40.682  -61.059  14.757 0.1000000015
26791  -39.685  -59.902  15.175 0.1000000015
25976  -40.169  -60.475  14.753 0.1000000015
26790  -38.834  -59.891  14.926 0.1000000015
25995  -39.977  -60.818  13.937 0.1000000015
25974  -38.457  -60.417  14.275 0.1000000015
25993  -38.065  -61.062  13.819 0.1000000015
26789  -37.802  -59.997  14.843 0.1000000015
18526  -36.959  -69.316  14.753 0.1000000015
17598  -36.592  -70.140  14.841 0.1000000015
15827  -35.796  -72.756  14.814 0.1000000015
132950  -37.627  -67.813  14.741 0.1000000015
14993  -35.190  -73.217  15.047 0.1000000015
20241  -38.801  -66.740  14.442 0.1000000015
19391  -38.425  -67.638  14.419 0.1000000015
19378  -38.097  -68.455  14.393 0.1000000015
17599  -37.401  -70.070  14.413 0.1000000015
14251  -34.771  -73.931  14.952 0.1000000015
24338  -40.188  -62.307  14.916 0.1000000015
24337  -39.376  -62.453  15.236 0.1000000015
21884  -39.419  -65.210  14.469 0.1000000015
20256  -39.199  -67.451  14.031 0.1000000015
19392  -38.881  -68.271  13.926 0.1000000015
13472  -33.414  -75.299  14.971 0.1000000015
25166  -40.644  -61.403  15.011 0.1000000015
11997  -33.271  -77.065  14.136 0.1000000015
11260  -32.508  -78.891  14.323 0.1000000015
25968  -40.239  -60.354  15.399 0.1000000015
26774  -39.861  -59.466  15.856 0.1000000015
26773  -39.191  -59.348  15.564 0.1000000015
27554  -37.683  -58.667  15.727 0.1000000015
26772  -38.237  -59.323  15.346 0.1000000015
27553  -36.612  -58.735  15.814 0.1000000015
26788  -36.489  -60.192  14.867 0.1000000015
16694  -36.210  -70.953  14.923 0.1000000015
142008  -36.058  -72.105  14.780 0.1000000015
16692  -35.529  -71.997  15.156 0.1000000015
15826  -35.046  -72.556  15.313 0.1000000015
24329  -38.864  -61.996  15.592 0.1000000015
147807  -38.682  -65.251  14.712 0.1000000015
21072  -38.079  -65.634  14.956 0.1000000015
20240  -37.924  -67.016  14.736 0.1000000015
26760  -39.923  -59.564  16.412 0.1000000015
25962  -39.904  -60.202  16.238 0.1000000015
25158  -39.393  -61.065  15.907 0.1000000015
23506  -39.493  -63.223  14.814 0.1000000015
138315  -38.955  -64.631  14.678 0.1000000015
21073  -38.762  -65.876  14.606 0.1000000015
14250  -34.007  -74.590  15.031 0.1000000015
26765  -39.774  -59.136  16.568 0.1000000015
27542  -38.866  -58.357  16.491 0.1000000015
28330  -38.411  -57.728  16.767 0.1000000015
27541  -38.109  -58.104  16.219 0.1000000015
28329  -37.676  -57.525  16.674 0.1000000015
27540  -37.180  -58.086  16.248 0.1000000015
28328  -36.720  -57.441  16.747 0.1000000015
27539  -36.094  -58.097  16.306 0.1000000015
28326  -34.494  -57.280  16.446 0.1000000015
145409  -37.019  -68.015  15.059 0.1000000015
18517  -36.270  -69.343  15.261 0.1000000015
17582  -35.727  -70.115  15.400 0.1000000015
17597  -35.418  -71.133  15.389 0.1000000015
18516  -35.036  -69.583  15.860 0.1000000015
20226  -37.103  -67.217  15.223 0.1000000015
139965  -38.209  -66.329  14.752 0.1000000015
27543  -39.532  -58.577  17.032 0.1000000015
26759  -39.729  -59.008  17.055 0.1000000015
28331  -39.003  -58.030  16.947 0.1000000015
29150  -37.368  -56.871  17.197 0.1000000015
29149  -35.048  -56.677  17.008 0.1000000015
135916  -34.090  -56.559  16.620 0.1000000015
19376  -36.659  -68.621  15.143 0.1000000015
149597  -35.637  -69.256  15.610 0.1000000015
136219  -37.592  -66.361  15.109 0.1000000015
25961  -39.057  -60.489  16.501 0.1000000015
23505  -38.532  -63.021  15.304 0.1000000015
22689  -37.977  -63.750  15.296 0.1000000015
152839  -37.773  -65.097  15.233 0.1000000015
28322  -38.484  -57.497  17.365 0.1000000015
29145  -38.001  -56.823  17.509 0.1000000015
135146  -36.231  -56.708  17.314 0.1000000015
29143  -35.474  -56.133  17.506 0.1000000015
29142  -34.531  -55.846  17.231 0.1000000015
152389  -33.876  -55.104  17.071 0.1000000015
137273  -36.133  -67.028  15.642 0.1000000015
22688  -37.256  -63.971  15.460 0.1000000015
21882  -37.240  -64.871  15.430 0.1000000015
21061  -36.835  -66.297  15.467 0.1000000015
134556  -39.112  -59.225  17.320 0.1000000015
25951  -38.646  -59.982  17.081 0.1000000015
25157  -38.429  -61.394  16.119 0.1000000015
24328  -37.805  -62.400  15.738 0.1000000015
23495  -37.705  -63.264  15.477 0.1000000015
27525  -38.820  -58.304  17.602 0.1000000015
29971  -35.331  -55.458  17.843 0.1000000015
139205  -34.570  -54.946  17.618 0.1000000015
30889  -34.577  -54.015  17.858 0.1000000015
30888  -34.074  -54.441  17.331 0.1000000015
23494  -37.054  -63.136  15.666 0.1000000015
25960  -38.025  -60.768  16.682 0.1000000015
25156  -37.448  -61.610  16.334 0.1000000015
24327  -36.851  -62.387  16.077 0.1000000015
29134  -38.169  -56.954  18.283 0.1000000015
29964  -37.235  -56.042  18.138 0.1000000015
29972  -36.322  -55.869  17.964 0.1000000015
30890  -35.266  -54.682  18.207 0.1000000015
31802  -34.900  -53.196  18.218 0.1000000015
27524  -38.284  -58.036  18.256 0.1000000015
29133  -37.858  -56.460  18.133 0.1000000015
29963  -36.714  -55.300  18.690 0.1000000015
29962  -35.960  -55.156  18.334 0.1000000015
30879  -35.339  -53.897  18.532 0.1000000015
32778  -35.692  -52.357  19.084 0.1000000015
142670  -36.015  -53.050  19.464 0.1000000015
29948  -37.373  -55.911  18.758 0.1000000015
30881  -36.352  -54.508  19.273 0.1000000015
31804  -35.909  -53.802  19.143 0.1000000015
139387  -36.217  -53.750  19.701 0.1000000015
9808  -30.968  -80.076  11.904 0.1000000015
11284  -30.214  -78.804  11.116 0.1000000015
11299  -31.592  -78.941  10.804 0.1000000015
148098  -31.365  -78.536  10.083 0.1000000015
10558  -33.343  -80.055  9.915 0.1000000015
11313  -31.413  -78.503  9.349 0.1000000015
10577  -29.938  -79.058  8.956 0.1000000015
11315  -33.200  -78.658  8.930 0.1000000015
9099  -33.357  -82.461  9.623 0.1000000015
9824  -32.956  -80.612  10.353 0.1000000015
9836  -34.273  -81.271  8.906 0.1000000015
147138  -33.691  -79.545  9.256 0.1000000015
13599  -38.003  -75.456  5.236 0.1000000015
12114  -35.540  -76.890  3.296 0.1000000015
146830  -36.422  -77.535  4.361 0.1000000015
137618  -35.183  -77.513  3.527 0.1000000015
7068  -35.295  -84.575  10.312 0.1000000015
8396  -34.912  -83.700  8.866 0.1000000015
8363  -35.609  -83.631  11.067 0.2000000030
9132  -35.501  -82.161  8.315 0.1000000015
18552  -42.204  -69.150  12.029 0.1000000015
15899  -41.286  -72.503  10.527 0.1000000015
128546  -40.586  -76.467  8.129 0.1000000015
12837  -38.869  -76.488  7.688 0.1000000015
12077  -39.433  -77.024  5.917 0.1000000015
12852  -38.889  -76.307  5.711 0.1000000015
12070  -40.186  -77.391  7.415 0.1000000015
11340  -38.819  -78.435  6.596 0.1000000015
11368  -37.158  -77.971  5.100 0.1000000015
11356  -38.141  -78.645  6.164 0.1000000015
11336  -35.072  -78.483  6.847 0.1000000015
11355  -37.423  -78.694  5.895 0.1000000015
8362  -35.290  -82.606  11.286 0.2000000030
138449  -34.743  -83.289  11.691 0.2000000030
9811  -35.906  -80.749  10.846 0.1000000015
9134  -37.326  -81.548  8.973 0.1000000015
131365  -41.503  -73.169  10.666 0.1000000015
13543  -41.559  -75.153  10.102 0.1000000015
12059  -41.066  -76.840  8.729 0.1000000015
11316  -40.391  -78.280  8.679 0.1000000015
10620  -37.498  -79.389  6.727 0.1000000015
10608  -36.056  -79.225  6.887 0.1000000015
135933  -36.942  -78.991  10.830 0.1000000015
15884  -41.548  -71.993  11.312 0.1000000015
9847  -38.581  -80.428  8.632 0.1000000015
21933  -42.387  -65.749  11.861 0.1000000015
13523  -41.417  -75.043  10.786 0.1000000015
13522  -40.789  -75.503  10.982 0.1000000015
12049  -40.957  -77.068  9.472 0.1000000015
11303  -40.097  -78.546  9.243 0.1000000015
10610  -38.012  -79.682  7.454 0.1000000015
21114  -40.745  -66.359  11.606 0.1000000015
12754  -35.494  -76.202  13.139 0.1000000015
12031  -36.107  -77.799  11.716 0.1000000015
12785  -37.627  -76.690  11.575 0.1000000015
9068  -32.822  -81.943  13.671 0.2000000030
13503  -38.422  -75.155  12.213 0.1000000015
12034  -38.484  -77.214  10.935 0.1000000015
10559  -37.862  -79.302  10.465 0.1000000015
15025  -40.134  -72.751  12.571 0.1000000015
13521  -40.006  -75.757  11.112 0.1000000015
138279  -39.290  -74.876  11.977 0.1000000015
10510  -32.614  -79.505  13.919 0.1000000015
25184  -39.780  -61.364  13.470 0.1000000015
23521  -38.506  -63.039  12.984 0.1000000015
15841  -37.985  -72.144  13.689 0.1000000015
25170  -40.594  -61.179  14.064 0.1000000015
18538  -38.538  -69.144  13.873 0.1000000015
18527  -37.743  -69.261  14.375 0.1000000015
26771  -37.151  -59.421  15.359 0.1000000015
27552  -35.442  -58.718  15.820 0.1000000015
22697  -37.870  -64.434  15.242 0.1000000015
127705  -42.244  -71.773  23.451 0.5000000000
11204  -43.195  -77.831  18.457 0.5000000000
11928  -43.678  -77.361  19.007 0.5000000000
16577  -41.926  -71.110  23.810 0.5000000000
14900  -42.057  -73.177  23.073 0.5000000000
14909  -42.580  -73.500  22.495 0.5000000000
11943  -43.554  -76.899  17.579 0.5000000000
17486  -40.330  -70.405  24.758 0.5000000000
16567  -41.222  -70.789  24.298 0.5000000000
15723  -41.814  -72.551  23.442 0.5000000000
147014  -43.377  -76.443  17.235 0.5000000000
151062  -40.821  -71.564  24.247 0.5000000000
131615  -40.249  -71.328  24.510 0.5000000000
15722  -41.090  -72.638  23.707 0.5000000000
15713  -40.345  -72.322  24.151 0.4000000060
14898  -40.583  -73.238  23.651 0.4000000060
11230  -41.345  -78.402  16.563 0.5000000000
154389  -40.278  -79.441  16.443 0.5000000000
11954  -40.502  -78.377  16.816 0.5000000000
11229  -39.914  -78.932  16.719 0.5000000000
11215  -37.363  -78.189  18.287 0.5000000000
11216  -38.380  -78.309  17.900 0.5000000000
11226  -36.384  -78.323  18.390 0.4000000060
11922  -35.219  -77.293  19.327 0.4000000060
150012  -44.085  -77.206  22.733 0.1000000015
11909  -43.750  -77.693  20.289 0.5000000000
16578  -42.554  -70.962  23.401 0.5000000000
15724  -42.676  -72.603  22.899 0.5000000000
14922  -43.293  -73.846  21.523 0.4000000060
18428  -40.412  -69.692  24.978 0.5000000000
134127  -41.029  -69.889  24.657 0.5000000000
141360  -39.223  -68.921  25.931 0.5000000000
20094  -38.852  -67.902  26.814 0.5000000000
144726  -38.558  -68.454  26.366 0.5000000000
18414  -38.998  -69.534  25.476 0.5000000000
20093  -37.304  -67.614  26.648 0.4000000060
19260  -38.112  -69.105  25.855 0.3000000119
17477  -39.627  -69.954  25.059 0.5000000000
129018  -39.255  -70.914  24.802 0.4000000060
150468  -38.174  -69.719  25.314 0.3000000119
132171  -40.684  -74.631  22.558 0.6999999881
13396  -41.160  -74.942  22.003 0.5000000000
19236  -37.585  -68.335  26.259 0.3000000119
17476  -38.645  -70.186  25.037 0.3000000119
16566  -39.371  -71.936  24.528 0.4000000060
14156  -40.885  -73.977  23.091 0.5000000000
13395  -40.484  -75.194  22.057 0.6000000238
13424  -41.865  -75.843  20.125 0.6000000238
12689  -42.949  -75.679  17.980 0.6000000238
11957  -43.194  -76.957  16.927 0.5000000000
11231  -41.922  -78.295  16.718 0.3000000119
18413  -37.400  -69.573  25.295 0.3000000119
17485  -38.050  -70.903  24.785 0.3000000119
14888  -38.811  -73.248  24.194 0.4000000060
13394  -39.624  -75.368  22.174 0.5000000000
13423  -40.849  -76.100  20.590 0.6000000238
12687  -41.020  -76.729  18.904 0.6000000238
11941  -41.295  -77.452  17.298 0.5000000000
11955  -41.084  -77.909  16.831 0.5000000000
17484  -37.132  -70.785  24.671 0.4000000060
15712  -38.548  -72.537  24.451 0.4000000060
14155  -39.545  -74.443  23.249 0.5000000000
13406  -39.275  -75.852  21.547 0.5000000000
12686  -40.000  -76.999  19.359 0.5000000000
11927  -40.604  -77.239  18.354 0.5000000000
11940  -40.207  -77.799  17.683 0.5000000000
17483  -36.565  -70.482  24.434 0.4000000060
15711  -37.615  -72.307  24.381 0.4000000060
14896  -38.275  -73.728  23.770 0.5000000000
13393  -38.719  -75.412  22.228 0.5000000000
12664  -38.485  -76.645  20.260 0.4000000060
11926  -39.536  -77.422  18.750 0.5000000000
11939  -38.980  -77.817  18.227 0.5000000000
15721  -37.119  -72.716  23.869 0.4000000060
14153  -37.786  -74.195  23.253 0.5000000000
13405  -38.336  -75.797  21.517 0.5000000000
142348  -37.657  -76.530  20.248 0.4000000060
11924  -37.517  -77.326  19.103 0.4000000060
11938  -37.985  -77.754  18.535 0.5000000000
14182  -36.992  -74.893  21.889 0.5000000000
13422  -36.658  -75.790  20.756 0.4000000060
147874  -36.826  -77.108  19.319 0.4000000060
11923  -36.123  -77.150  19.280 0.4000000060
13403  -36.453  -75.145  21.283 0.3000000119
137099  -36.147  -76.114  20.245 0.3000000119
148074  -35.467  -75.948  20.330 0.3000000119
12681  -34.556  -76.791  19.779 0.3000000119
142746  -45.178  -76.483  24.369 0.1000000015
12633  -44.409  -76.724  23.667 0.1000000015
147380  -45.722  -76.058  23.574 0.1000000015
12634  -45.199  -76.462  23.612 0.1000000015
12648  -45.383  -75.908  22.021 0.4000000060
12647  -44.797  -76.560  21.713 0.4000000060
11896  -44.266  -77.218  20.919 0.4000000060
11910  -44.157  -76.882  19.610 0.5000000000
12669  -44.662  -76.325  20.249 0.4000000060
12691  -44.497  -75.914  18.671 0.5000000000
12690  -44.007  -76.563  18.376 0.5000000000
17495  -42.198  -70.324  23.897 0.5000000000
16579  -43.291  -70.829  23.048 0.5000000000
16590  -43.014  -71.625  22.925 0.5000000000
14910  -43.254  -73.123  22.203 0.4000000060
13435  -44.703  -75.040  18.456 0.5000000000
13445  -44.247  -75.363  17.982 0.5000000000
19261  -39.938  -68.668  25.865 0.5000000000
18416  -40.972  -69.170  25.013 0.5000000000
17487  -41.643  -69.962  24.331 0.5000000000
20095  -39.743  -67.864  26.805 0.5000000000
19237  -39.457  -68.368  26.340 0.5000000000
13434  -43.722  -75.108  18.131 0.6000000238
20072  -38.075  -67.318  27.237 0.4000000060
20953  -37.091  -66.835  26.988 0.2000000030
21753  -36.178  -65.621  26.704 0.2000000030
20092  -36.515  -67.174  26.377 0.3000000119
19259  -36.929  -68.865  25.671 0.3000000119
18412  -36.662  -69.489  25.096 0.4000000060
20951  -35.822  -66.023  26.128 0.3000000119
19234  -35.990  -67.421  25.657 0.3000000119
21772  -35.706  -65.452  25.430 0.3000000119
20122  -35.721  -67.170  24.980 0.4000000060
19279  -35.839  -68.766  24.664 0.4000000060
20139  -35.613  -67.296  24.254 0.3000000119
18426  -35.868  -69.386  24.251 0.4000000060
15710  -36.826  -72.021  24.125 0.4000000060
15720  -36.664  -72.395  23.558 0.4000000060
19278  -35.588  -68.131  23.992 0.3000000119
17493  -36.068  -70.300  23.675 0.3000000119
150554  -36.354  -72.554  22.910 0.3000000119
14907  -37.000  -73.866  22.919 0.4000000060
14906  -36.373  -73.640  22.390 0.3000000119
134605  -35.778  -75.416  20.732 0.3000000119
152485  -36.064  -72.707  22.122 0.2000000030
14920  -35.209  -73.955  21.423 0.3000000119
13421  -34.958  -75.530  20.552 0.3000000119
16607  -36.081  -72.249  21.343 0.1000000015
129651  -34.857  -73.408  21.440 0.2000000030
14179  -34.727  -74.429  21.131 0.4000000060
17560  -38.370  -70.360  19.402 0.1000000015
13397  -45.946  -75.595  22.822 0.1000000015
12638  -45.288  -76.258  22.790 0.1000000015
13410  -45.747  -75.233  21.562 0.2000000030
13428  -45.629  -74.916  20.201 0.5000000000
13427  -45.253  -75.789  20.898 0.4000000060
135620  -45.072  -75.415  19.481 0.4000000060
147432  -42.891  -70.379  23.474 0.5000000000
16591  -43.844  -71.389  22.459 0.4000000060
16609  -44.429  -71.832  21.618 0.4000000060
14924  -44.601  -72.827  20.414 0.4000000060
14205  -44.892  -73.732  18.843 0.5000000000
14214  -44.720  -74.435  18.634 0.5000000000
19262  -40.620  -68.636  25.602 0.5000000000
18429  -41.551  -69.486  24.632 0.5000000000
17488  -42.277  -69.485  24.318 0.4000000060
14204  -44.329  -74.487  18.570 0.4000000060
20934  -38.616  -66.710  27.896 0.4000000060
20073  -39.166  -67.366  27.379 0.4000000060
19238  -40.259  -68.247  26.216 0.5000000000
21741  -38.160  -65.958  28.328 0.4000000060
20933  -37.617  -66.415  27.655 0.4000000060
21740  -37.206  -65.456  27.930 0.3000000119
21739  -36.468  -65.267  27.295 0.3000000119
128485  -36.018  -63.826  27.070 0.2000000030
21752  -35.819  -65.325  26.211 0.2000000030
23355  -36.103  -63.245  26.441 0.1000000015
22563  -35.747  -64.797  25.997 0.3000000119
23367  -36.285  -63.485  25.533 0.1000000015
139954  -35.962  -64.401  25.213 0.3000000119
21777  -35.663  -65.995  24.542 0.3000000119
22579  -36.519  -64.370  24.217 0.2000000030
21780  -35.919  -65.755  23.708 0.2000000030
19289  -35.714  -68.477  23.143 0.2000000030
19296  -36.035  -68.958  22.628 0.2000000030
20977  -36.753  -66.283  22.610 0.2000000030
132679  -36.323  -68.148  22.435 0.2000000030
18448  -36.249  -69.809  22.495 0.2000000030
20981  -37.307  -66.666  22.122 0.2000000030
19298  -36.992  -68.518  21.797 0.1000000015
16588  -36.283  -72.006  22.432 0.2000000030
16589  -36.644  -71.707  21.269 0.2000000030
20159  -38.581  -67.719  21.082 0.1000000015
18462  -38.228  -69.675  20.826 0.1000000015
16608  -37.277  -71.344  20.622 0.1000000015
16628  -36.838  -71.455  20.588 0.1000000015
19307  -39.517  -69.172  20.107 0.1000000015
18463  -38.994  -69.903  20.240 0.1000000015
16629  -37.700  -71.207  20.201 0.1000000015
17534  -39.195  -70.283  19.465 0.1000000015
17548  -38.831  -70.411  19.546 0.1000000015
18496  -39.495  -69.711  18.819 0.1000000015
20201  -40.817  -67.683  18.307 0.1000000015
14168  -46.307  -74.733  22.168 0.3000000119
14186  -46.208  -74.437  20.896 0.3000000119
17535  -47.910  -70.889  20.926 0.3000000119
15766  -47.135  -72.065  20.139 0.3000000119
14941  -46.657  -73.477  20.405 0.3000000119
14206  -45.976  -74.051  19.697 0.3000000119
13436  -45.325  -74.544  18.997 0.4000000060
17518  -46.484  -70.569  21.029 0.3000000119
16631  -46.655  -71.601  20.059 0.3000000119
14940  -46.119  -73.183  19.408 0.5000000000
14215  -45.366  -73.754  19.020 0.5000000000
18439  -43.973  -69.392  23.569 0.4000000060
17505  -44.903  -70.269  22.145 0.5000000000
16610  -45.290  -71.508  21.039 0.4000000060
15747  -44.999  -72.182  20.620 0.4000000060
14939  -44.881  -73.171  19.473 0.5000000000
20074  -40.915  -67.307  27.372 0.4000000060
19239  -41.124  -68.095  26.069 0.4000000060
18417  -41.825  -68.990  24.837 0.5000000000
22532  -39.340  -64.638  29.071 0.4000000060
21725  -38.757  -65.370  28.778 0.4000000060
20935  -39.612  -66.763  27.950 0.4000000060
20096  -40.565  -67.758  26.728 0.5000000000
22531  -38.298  -64.618  28.987 0.4000000060
21724  -37.916  -65.255  28.558 0.4000000060
23326  -38.338  -63.920  29.206 0.4000000060
23316  -37.970  -63.321  29.213 0.3000000119
22530  -37.383  -64.650  28.424 0.3000000119
131222  -37.153  -63.331  28.645 0.3000000119
23337  -36.476  -63.402  27.873 0.3000000119
23325  -36.766  -62.609  28.386 0.3000000119
24151  -36.378  -62.557  27.657 0.2000000030
25018  -36.635  -61.538  26.690 0.1000000015
24172  -36.824  -61.857  25.910 0.1000000015
24181  -37.360  -62.239  25.238 0.1000000015
23368  -36.994  -62.961  24.957 0.1000000015
22580  -37.166  -63.861  24.030 0.2000000030
24193  -37.907  -62.663  24.610 0.1000000015
23371  -37.525  -63.324  24.312 0.1000000015
22582  -36.508  -65.014  23.617 0.2000000030
134086  -37.307  -65.023  23.042 0.2000000030
20978  -37.500  -65.742  22.476 0.1000000015
21782  -38.465  -65.445  22.229 0.1000000015
20152  -38.675  -66.769  21.357 0.1000000015
20983  -38.949  -65.923  21.626 0.1000000015
142059  -39.298  -68.086  20.549 0.1000000015
20174  -40.598  -67.417  20.040 0.1000000015
19308  -40.080  -68.389  19.879 0.1000000015
19342  -41.056  -68.355  18.723 0.1000000015
20202  -41.687  -67.726  18.317 0.1000000015
137390  -41.364  -67.942  18.309 0.1000000015
21047  -42.586  -67.063  17.694 0.1000000015
21853  -42.159  -66.283  18.152 0.1000000015
22655  -42.622  -64.710  18.736 0.1000000015
23461  -42.817  -64.005  19.276 0.1000000015
16593  -48.362  -71.384  21.814 0.3000000119
15733  -47.919  -72.200  22.087 0.2000000030
18454  -47.794  -69.635  21.942 0.3000000119
18452  -45.287  -69.695  22.492 0.4000000060
18441  -45.693  -69.202  22.936 0.3000000119
20075  -41.689  -67.360  27.298 0.3000000119
134407  -41.241  -67.657  26.731 0.3000000119
20097  -41.960  -67.798  26.434 0.4000000060
141610  -43.476  -68.651  24.697 0.4000000060
19282  -45.027  -68.544  24.204 0.3000000119
21727  -40.801  -65.188  28.586 0.3000000119
20936  -40.504  -66.742  27.952 0.3000000119
143456  -43.691  -68.335  25.203 0.4000000060
19266  -44.282  -68.409  24.781 0.4000000060
19267  -45.182  -68.195  24.927 0.3000000119
142271  -39.716  -62.658  29.396 0.3000000119
23317  -38.895  -63.396  29.376 0.3000000119
143892  -38.593  -61.556  29.660 0.3000000119
24125  -38.547  -62.463  29.495 0.3000000119
143766  -37.762  -61.766  29.405 0.3000000119
136437  -37.060  -61.854  28.791 0.3000000119
25812  -36.736  -60.527  27.815 0.2000000030
25829  -36.863  -60.693  26.743 0.1000000015
26640  -37.498  -59.353  26.869 0.1000000015
27402  -37.857  -58.617  27.124 0.1000000015
25019  -36.986  -61.197  26.083 0.1000000015
26642  -39.278  -59.303  25.850 0.1000000015
25841  -38.175  -60.662  25.638 0.1000000015
25031  -38.680  -61.259  25.177 0.1000000015
137810  -38.842  -62.494  24.384 0.1000000015
23383  -38.950  -63.483  23.586 0.2000000030
148892  -39.211  -62.936  23.945 0.2000000030
22592  -39.785  -64.412  22.497 0.1000000015
22586  -40.262  -63.701  22.929 0.1000000015
21787  -40.213  -64.920  21.868 0.1000000015
20988  -39.419  -66.505  21.072 0.1000000015
21788  -41.078  -64.704  21.696 0.1000000015
21791  -40.699  -65.488  21.235 0.1000000015
21003  -41.070  -66.765  20.142 0.1000000015
20990  -41.222  -66.032  20.530 0.1000000015
21004  -41.754  -66.624  19.819 0.1000000015
152599  -42.199  -67.127  19.134 0.1000000015
20216  -42.146  -67.572  18.008 0.1000000015
21866  -43.192  -66.224  17.747 0.1000000015
21049  -43.860  -66.264  17.875 0.1000000015
22669  -43.375  -65.414  18.160 0.1000000015
22670  -43.916  -65.428  17.976 0.1000000015
22656  -43.607  -64.624  18.511 0.1000000015
24283  -43.533  -62.397  20.164 0.1000000015
23462  -43.857  -63.796  18.904 0.1000000015
16580  -47.484  -71.582  23.231 0.2000000030
15725  -47.531  -72.456  22.865 0.2000000030
17490  -47.545  -70.759  23.574 0.2000000030
18455  -48.542  -69.997  21.944 0.3000000119
129276  -49.331  -69.350  23.876 0.2000000030
130574  -48.554  -69.638  22.514 0.3000000119
18442  -47.206  -69.135  22.792 0.3000000119
20098  -42.897  -67.763  26.439 0.3000000119
19291  -45.951  -68.710  23.531 0.3000000119
20919  -40.875  -66.105  28.362 0.3000000119
20937  -41.429  -66.673  28.054 0.3000000119
20099  -43.816  -67.777  26.474 0.3000000119
20126  -44.345  -68.046  25.583 0.3000000119
23318  -40.571  -62.847  29.241 0.3000000119
23328  -40.905  -63.497  29.040 0.3000000119
20100  -44.774  -67.640  26.442 0.3000000119
20127  -45.395  -67.836  25.639 0.2000000030
19283  -46.100  -68.341  24.286 0.2000000030
24126  -39.595  -61.672  29.613 0.2000000030
146041  -38.124  -60.900  29.682 0.3000000119
24959  -37.277  -61.032  29.185 0.3000000119
25792  -36.944  -60.327  28.706 0.2000000030
26604  -37.165  -59.373  28.757 0.2000000030
27403  -38.026  -58.104  27.748 0.1000000015
27404  -38.632  -57.971  27.165 0.1000000015
28217  -40.283  -57.239  26.922 0.1000000015
29003  -41.080  -55.799  28.167 0.1000000015
29850  -42.934  -55.327  28.520 0.1000000015
27417  -39.575  -57.946  26.672 0.1000000015
149883  -41.025  -57.498  26.457 0.1000000015
28206  -41.219  -56.928  26.875 0.1000000015
29034  -43.177  -56.245  27.478 0.1000000015
29851  -43.923  -55.248  28.672 0.1000000015
29837  -46.193  -55.054  29.228 0.1000000015
141883  -40.153  -59.318  25.571 0.1000000015
27420  -42.245  -57.838  25.919 0.1000000015
29044  -42.906  -56.719  26.912 0.1000000015
133062  -44.979  -56.342  27.655 0.1000000015
29006  -46.161  -56.171  28.192 0.1000000015
25032  -39.578  -61.047  24.922 0.1000000015
25842  -40.920  -59.775  25.112 0.1000000015
24194  -39.242  -61.814  24.655 0.1000000015
23373  -39.816  -62.455  24.156 0.2000000030
23384  -39.871  -63.194  23.572 0.1000000015
23385  -40.768  -63.132  23.354 0.1000000015
129314  -40.646  -64.210  22.335 0.1000000015
22593  -41.462  -63.985  22.148 0.1000000015
21792  -41.599  -65.292  21.049 0.1000000015
21005  -42.618  -66.626  19.402 0.1000000015
21006  -43.330  -66.575  18.973 0.1000000015
21816  -43.853  -66.018  19.104 0.1000000015
21020  -43.699  -66.578  18.266 0.1000000015
22671  -44.733  -65.061  18.463 0.1000000015
23473  -44.576  -64.551  18.491 0.1000000015
23463  -44.897  -63.719  18.782 0.1000000015
141541  -49.792  -67.826  26.486 0.2000000030
19285  -49.542  -68.772  24.166 0.2000000030
149402  -48.613  -69.071  23.107 0.3000000119
20081  -49.288  -67.702  27.466 0.2000000030
20130  -49.608  -67.761  25.922 0.2000000030
19269  -48.780  -68.182  24.693 0.2000000030
19284  -48.662  -68.586  23.784 0.3000000119
19292  -47.301  -68.582  23.597 0.3000000119
153521  -42.252  -65.070  28.523 0.3000000119
20920  -42.364  -66.077  28.386 0.3000000119
20939  -43.773  -66.771  27.994 0.3000000119
20077  -44.248  -67.368  27.330 0.3000000119
140939  -42.023  -63.840  28.756 0.3000000119
22535  -42.629  -64.079  28.681 0.3000000119
20921  -43.319  -65.974  28.458 0.3000000119
20940  -44.701  -66.727  28.040 0.3000000119
24962  -41.545  -60.908  29.799 0.2000000030
24138  -41.479  -62.502  29.190 0.3000000119
143834  -46.224  -68.044  25.052 0.2000000030
24961  -40.515  -60.861  29.813 0.2000000030
24960  -39.276  -60.825  29.870 0.2000000030
25779  -40.105  -60.189  30.281 0.2000000030
25778  -38.813  -60.024  30.019 0.3000000119
25777  -37.612  -60.029  29.517 0.3000000119
25759  -38.280  -59.305  30.150 0.3000000119
27363  -37.937  -58.471  30.098 0.2000000030
27378  -38.093  -57.880  29.436 0.2000000030
28176  -38.488  -57.374  28.752 0.2000000030
29001  -39.515  -56.315  28.525 0.1000000015
26651  -41.596  -59.188  25.252 0.1000000015
140877  -42.981  -57.692  26.012 0.1000000015
27421  -43.682  -57.862  25.913 0.1000000015
130328  -44.215  -57.530  26.345 0.1000000015
25033  -40.610  -60.852  24.714 0.1000000015
25843  -41.895  -59.747  24.872 0.1000000015
26652  -42.381  -59.118  25.149 0.1000000015
27435  -43.938  -58.549  25.461 0.1000000015
25045  -40.842  -61.584  24.318 0.1000000015
25851  -41.555  -60.471  24.614 0.1000000015
25047  -42.239  -60.946  24.182 0.1000000015
25853  -42.931  -60.399  24.368 0.1000000015
150442  -43.532  -59.863  24.612 0.1000000015
24195  -40.659  -62.156  24.058 0.1000000015
24196  -41.320  -61.873  23.961 0.1000000015
25059  -42.549  -61.622  23.711 0.1000000015
130189  -42.675  -62.326  23.286 0.1000000015
24212  -41.235  -62.519  23.622 0.1000000015
23386  -41.519  -63.003  23.134 0.1000000015
23387  -42.249  -62.875  22.906 0.1000000015
23388  -43.101  -62.859  22.622 0.1000000015
22594  -42.257  -63.775  21.996 0.1000000015
22604  -41.948  -64.486  21.503 0.1000000015
128529  -42.841  -64.251  21.368 0.1000000015
21794  -43.439  -65.352  19.979 0.1000000015
21838  -44.440  -65.436  18.363 0.1000000015
147398  -49.348  -67.017  29.915 0.3000000119
20061  -48.169  -67.146  28.348 0.3000000119
20080  -47.758  -67.384  27.379 0.3000000119
20102  -47.243  -67.551  26.308 0.2000000030
20128  -47.369  -67.755  25.243 0.2000000030
20942  -46.907  -66.815  28.108 0.3000000119
20079  -46.387  -67.273  27.305 0.3000000119
19268  -47.366  -68.189  24.412 0.2000000030
23329  -42.599  -63.109  28.967 0.3000000119
22537  -44.395  -63.865  28.928 0.3000000119
20923  -45.212  -65.898  28.639 0.3000000119
148743  -46.344  -67.734  25.703 0.2000000030
24963  -42.327  -60.966  29.923 0.2000000030
142399  -43.290  -63.124  29.018 0.3000000119
141745  -43.836  -62.373  29.297 0.3000000119
25781  -41.687  -60.604  29.937 0.2000000030
25780  -40.913  -60.341  30.119 0.2000000030
25760  -39.485  -59.554  30.669 0.2000000030
26576  -38.752  -58.787  30.948 0.3000000119
27347  -38.231  -58.061  30.932 0.2000000030
28165  -38.163  -57.605  30.329 0.2000000030
24214  -43.461  -62.369  23.065 0.1000000015
23401  -43.985  -63.156  21.904 0.1000000015
23424  -43.766  -63.992  21.234 0.1000000015
22605  -43.529  -64.698  20.556 0.1000000015
134964  -49.730  -66.851  30.833 0.1000000015
20887  -49.189  -66.063  31.073 0.2000000030
148225  -49.225  -66.294  30.611 0.3000000119
20901  -48.627  -66.119  30.120 0.3000000119
21714  -48.043  -65.248  30.237 0.3000000119
21713  -47.425  -64.886  29.783 0.3000000119
22538  -45.465  -63.705  29.264 0.3000000119
22539  -46.323  -64.008  29.442 0.3000000119
24130  -44.044  -61.709  29.657 0.3000000119
23331  -44.912  -62.833  29.365 0.3000000119
24964  -42.966  -61.232  30.003 0.2000000030
25762  -41.508  -60.358  30.670 0.2000000030
26565  -40.976  -59.884  31.132 0.1000000015
26577  -39.872  -59.441  31.345 0.2000000030
145469  -38.617  -58.344  31.332 0.2000000030
27348  -39.032  -58.627  31.736 0.2000000030
27336  -38.539  -57.917  31.599 0.3000000119
21701  -47.952  -64.954  30.703 0.3000000119
22509  -47.533  -64.566  30.193 0.3000000119
23309  -46.465  -63.333  30.062 0.3000000119
22520  -46.258  -63.233  29.765 0.3000000119
24115  -44.511  -61.331  30.062 0.3000000119
24131  -44.855  -61.466  29.979 0.3000000119
23320  -45.890  -62.494  29.959 0.3000000119
24114  -43.378  -61.361  30.147 0.2000000030
142335  -42.361  -61.016  30.335 0.2000000030
143515  -41.963  -61.094  31.066 0.1000000015
25746  -41.033  -59.952  31.254 0.1000000015
25745  -40.101  -59.550  31.722 0.1000000015
153094  -39.636  -59.091  31.807 0.1000000015
27337  -38.781  -57.978  32.357 0.1000000015
21699  -46.780  -64.776  31.038 0.3000000119
20885  -45.846  -65.441  30.967 0.2000000030
22507  -46.593  -63.805  30.487 0.3000000119
23308  -45.882  -62.616  30.167 0.3000000119
22506  -45.642  -63.384  30.510 0.3000000119
23306  -43.691  -62.070  30.435 0.2000000030
23307  -44.716  -62.115  30.372 0.3000000119
130779  -45.315  -62.011  30.203 0.3000000119
141761  -42.752  -62.010  30.587 0.2000000030
23305  -42.732  -63.252  30.635 0.2000000030
23292  -41.023  -62.686  31.119 0.1000000015
133647  -40.018  -63.444  31.380 0.1000000015
24103  -41.259  -61.489  31.319 0.1000000015
143202  -40.365  -61.170  31.711 0.1000000015
24939  -40.508  -60.155  31.715 0.1000000015
143211  -39.761  -59.948  32.271 0.1000000015
25732  -39.175  -59.565  32.734 0.1000000015
144499  -44.704  -64.511  30.649 0.2000000030
21697  -43.764  -64.565  30.651 0.2000000030
22505  -44.498  -63.401  30.604 0.2000000030
146030  -41.751  -63.940  30.730 0.1000000015
24102  -40.183  -62.316  31.538 0.1000000015
24091  -39.358  -62.061  31.953 0.1000000015
24938  -39.415  -61.002  32.327 0.1000000015
129456  -39.068  -60.522  32.900 0.1000000015
23278  -38.851  -62.768  32.180 0.1000000015
24927  -38.909  -61.477  32.931 0.1000000015
134993  -38.670  -63.483  32.146 0.1000000015
140012  -38.414  -63.101  32.710 0.1000000015
24090  -38.829  -62.239  32.665 0.1000000015
14183  -41.944  -74.903  21.627 0.4000000060
14908  -41.765  -73.777  22.773 0.5000000000
14899  -41.365  -73.249  23.323 0.5000000000
14167  -42.338  -74.240  22.053 0.4000000060
14166  -41.444  -74.414  22.378 0.6000000238
13426  -43.476  -74.789  19.634 0.5000000000
14923  -43.866  -73.046  21.360 0.4000000060
11218  -43.015  -77.555  17.261 0.5000000000
14185  -43.635  -74.237  20.458 0.4000000060
13409  -42.447  -75.316  20.610 0.5000000000
13443  -43.587  -75.761  17.574 0.5000000000
12713  -42.977  -76.790  16.872 0.5000000000
11956  -42.577  -77.441  16.990 0.3000000119
10469  -41.236  -79.823  16.622 0.5000000000
11203  -42.803  -78.629  19.237 0.5000000000
12702  -43.009  -76.221  17.272 0.5000000000
14889  -39.734  -73.236  23.972 0.4000000060
141436  -41.860  -77.795  16.750 0.4000000060
11217  -39.466  -78.376  17.447 0.5000000000
154049  -37.392  -77.689  18.679 0.4000000060
146096  -36.912  -78.878  17.866 0.4000000060
12682  -35.565  -76.555  19.801 0.3000000119
12683  -36.475  -76.664  19.728 0.4000000060
12637  -44.666  -76.798  22.761 0.2000000030
15732  -43.626  -72.322  22.178 0.5000000000
14184  -42.914  -74.676  21.101 0.4000000060
143708  -39.373  -72.688  24.327 0.3000000119
149997  -40.232  -74.395  23.067 0.4000000060
13408  -41.293  -75.492  21.269 0.6000000238
19235  -36.682  -67.980  26.063 0.3000000119
17475  -37.705  -70.208  24.948 0.4000000060
16565  -38.345  -71.718  24.641 0.4000000060
13407  -40.222  -75.725  21.435 0.6000000238
12667  -41.429  -76.309  19.540 0.6000000238
12668  -42.269  -75.998  19.068 0.6000000238
13425  -42.828  -75.499  19.272 0.6000000238
12688  -42.135  -76.366  18.195 0.5000000000
11942  -42.295  -77.194  16.998 0.5000000000
14887  -37.907  -73.065  24.181 0.4000000060
14154  -38.679  -74.396  23.334 0.4000000060
14164  -39.120  -74.964  22.823 0.5000000000
12666  -40.416  -76.526  19.945 0.6000000238
12646  -39.845  -76.272  20.831 0.5000000000
12700  -41.638  -76.914  17.771 0.5000000000
16564  -37.351  -71.533  24.523 0.4000000060
17474  -36.943  -70.087  24.858 0.4000000060
12645  -38.893  -76.314  20.914 0.5000000000
12685  -38.982  -77.071  19.582 0.4000000060
12665  -39.420  -76.659  20.183 0.5000000000
16563  -36.679  -71.248  24.261 0.4000000060
17482  -36.128  -69.997  24.212 0.3000000119
14895  -37.411  -73.443  23.575 0.5000000000
14163  -38.235  -74.848  22.787 0.5000000000
13392  -37.805  -75.248  22.123 0.5000000000
12684  -38.042  -76.959  19.644 0.4000000060
11925  -38.475  -77.403  18.995 0.5000000000
14162  -37.398  -74.563  22.574 0.5000000000
13404  -37.351  -75.601  21.325 0.4000000060
144106  -37.233  -76.805  19.692 0.4000000060
135619  -36.909  -76.367  20.242 0.4000000060
14181  -36.362  -74.571  21.682 0.4000000060
14161  -36.653  -74.271  22.259 0.4000000060
17504  -44.119  -70.603  22.698 0.5000000000
15746  -44.313  -72.480  21.290 0.4000000060
13444  -44.012  -75.358  17.730 0.5000000000
150566  -44.260  -74.036  19.372 0.5000000000
20932  -36.782  -66.008  27.225 0.3000000119
22564  -35.973  -64.762  26.767 0.2000000030
143883  -36.007  -66.715  26.067 0.3000000119
19258  -36.164  -68.356  25.436 0.4000000060
20965  -35.718  -66.505  25.372 0.3000000119
21778  -35.926  -65.139  24.435 0.3000000119
20975  -35.678  -66.557  23.860 0.3000000119
20145  -35.760  -67.403  23.245 0.3000000119
128503  -35.667  -68.974  23.814 0.3000000119
16576  -36.465  -71.726  23.566 0.3000000119
17494  -36.328  -70.775  23.930 0.3000000119
14894  -36.637  -73.105  23.153 0.3000000119
17501  -35.964  -70.200  23.100 0.3000000119
18447  -35.759  -69.342  23.114 0.2000000030
16575  -36.265  -70.996  23.229 0.3000000119
15731  -36.143  -73.116  22.335 0.3000000119
17502  -36.438  -71.033  22.205 0.2000000030
14921  -36.013  -74.071  21.767 0.3000000119
14180  -35.664  -74.617  21.245 0.4000000060
15745  -35.689  -72.905  21.722 0.2000000030
14905  -35.677  -73.464  21.694 0.3000000119
16606  -35.530  -72.394  21.273 0.2000000030
17546  -37.525  -70.574  19.643 0.1000000015
17549  -39.524  -70.108  19.116 0.1000000015
17496  -43.591  -70.128  23.271 0.4000000060
18438  -42.996  -69.778  23.778 0.4000000060
16592  -44.639  -71.028  21.895 0.5000000000
15764  -45.404  -72.559  19.667 0.4000000060
151323  -44.615  -73.604  19.326 0.5000000000
19263  -41.422  -68.599  25.390 0.5000000000
20917  -39.162  -66.092  28.442 0.4000000060
22547  -36.552  -64.473  27.689 0.3000000119
133288  -36.135  -63.080  27.201 0.2000000030
139046  -35.854  -64.080  26.215 0.2000000030
24180  -36.598  -62.673  25.765 0.1000000015
24171  -36.376  -62.392  26.709 0.1000000015
23370  -36.683  -63.693  24.670 0.2000000030
20976  -36.087  -66.415  23.106 0.2000000030
21781  -36.602  -65.669  23.035 0.2000000030
20146  -36.496  -67.062  22.518 0.2000000030
19297  -36.592  -69.159  22.069 0.2000000030
20150  -37.112  -67.636  21.916 0.1000000015
18449  -36.871  -70.244  21.673 0.2000000030
20982  -38.114  -66.239  21.842 0.1000000015
20151  -37.931  -67.210  21.599 0.1000000015
19299  -37.858  -68.413  21.366 0.1000000015
18450  -37.385  -69.436  21.460 0.2000000030
17503  -37.142  -71.179  21.180 0.2000000030
19306  -38.733  -68.816  20.679 0.1000000015
148586  -39.102  -67.221  20.873 0.1000000015
17515  -37.732  -70.529  20.904 0.1000000015
17532  -37.897  -71.124  20.307 0.1000000015
16627  -36.066  -71.792  20.701 0.1000000015
17533  -38.503  -70.813  19.882 0.1000000015
16645  -37.357  -71.188  19.952 0.1000000015
18475  -40.116  -69.703  19.193 0.1000000015
18487  -40.339  -69.509  19.013 0.1000000015
18509  -40.543  -68.669  18.633 0.1000000015
21046  -41.692  -67.450  18.049 0.1000000015
14169  -46.777  -74.070  22.488 0.3000000119
14187  -46.638  -74.036  21.547 0.3000000119
17520  -48.121  -70.639  21.199 0.3000000119
14912  -47.610  -72.680  21.625 0.3000000119
17519  -47.470  -70.586  20.929 0.3000000119
16612  -46.863  -70.984  20.496 0.3000000119
14925  -47.155  -73.382  21.569 0.3000000119
140108  -46.714  -72.724  19.910 0.3000000119
15765  -46.246  -72.430  19.589 0.3000000119
16611  -46.135  -71.167  20.525 0.3000000119
17517  -45.527  -70.766  21.393 0.3000000119
18453  -46.451  -69.604  22.232 0.3000000119
16630  -45.823  -71.819  19.969 0.3000000119
18430  -43.232  -69.145  24.204 0.4000000060
19281  -44.101  -68.785  24.133 0.4000000060
19290  -44.876  -68.965  23.581 0.4000000060
18451  -44.427  -69.890  22.916 0.4000000060
20123  -41.845  -68.233  25.767 0.4000000060
19280  -42.651  -68.856  24.727 0.4000000060
20918  -40.117  -66.086  28.426 0.4000000060
132981  -37.643  -63.996  28.847 0.3000000119
24124  -37.467  -62.584  29.063 0.3000000119
24991  -36.490  -61.937  27.354 0.2000000030
25830  -37.612  -60.019  26.242 0.1000000015
25030  -37.651  -61.398  25.512 0.1000000015
23382  -38.016  -63.800  23.688 0.2000000030
24182  -38.289  -61.961  24.891 0.1000000015
23372  -38.438  -63.116  24.088 0.2000000030
138193  -38.671  -64.068  23.251 0.1000000015
21783  -38.830  -64.635  22.703 0.1000000015
21786  -39.336  -65.150  22.047 0.1000000015
20984  -39.811  -65.704  21.425 0.1000000015
20160  -39.795  -67.310  20.534 0.1000000015
20989  -40.335  -66.393  20.677 0.1000000015
139385  -40.802  -68.156  19.460 0.1000000015
19319  -40.544  -69.038  19.189 0.1000000015
20175  -41.423  -67.461  19.461 0.1000000015
21019  -42.989  -67.162  18.467 0.1000000015
21048  -43.456  -66.694  17.748 0.1000000015
16581  -48.155  -71.564  22.430 0.2000000030
128474  -48.578  -70.948  22.240 0.2000000030
14902  -46.937  -73.410  23.393 0.2000000030
143672  -42.483  -67.427  27.235 0.3000000119
19265  -42.987  -68.433  25.225 0.4000000060
22533  -40.331  -64.425  28.887 0.3000000119
23327  -39.827  -63.680  29.206 0.3000000119
24975  -36.807  -61.166  28.414 0.1000000015
26641  -38.281  -59.273  26.313 0.1000000015
26625  -37.183  -59.228  27.702 0.1000000015
27416  -38.908  -58.598  26.480 0.1000000015
25840  -37.395  -60.743  25.962 0.1000000015
25831  -38.671  -59.970  25.710 0.1000000015
132140  -39.882  -58.630  26.017 0.1000000015
145225  -39.757  -60.131  25.318 0.1000000015
22585  -39.411  -63.900  23.087 0.1000000015
22587  -41.084  -63.552  22.764 0.1000000015
21814  -42.111  -65.916  20.253 0.1000000015
17497  -48.383  -70.897  22.743 0.2000000030
17491  -48.845  -70.119  23.383 0.2000000030
18443  -49.109  -69.645  23.161 0.2000000030
17498  -48.667  -70.280  22.541 0.3000000119
19293  -49.327  -69.108  23.655 0.2000000030
22534  -41.281  -64.147  28.788 0.3000000119
150700  -41.570  -65.645  28.467 0.3000000119
20938  -42.901  -66.854  27.972 0.3000000119
20076  -43.339  -67.416  27.284 0.3000000119
24127  -40.820  -61.776  29.411 0.3000000119
147900  -36.864  -59.850  28.091 0.1000000015
27362  -37.692  -58.622  29.100 0.2000000030
128640  -38.041  -58.040  28.525 0.1000000015
28204  -38.514  -57.577  27.909 0.1000000015
28205  -39.273  -57.362  27.379 0.1000000015
29030  -39.807  -56.714  27.704 0.1000000015
29031  -40.689  -56.506  27.486 0.1000000015
29849  -42.051  -55.469  28.377 0.1000000015
29032  -41.564  -56.356  27.409 0.1000000015
29871  -43.505  -55.789  28.019 0.1000000015
29870  -42.674  -55.832  27.924 0.1000000015
27418  -40.504  -57.998  26.245 0.1000000015
28218  -41.752  -57.385  26.398 0.1000000015
29033  -42.395  -56.301  27.388 0.1000000015
29004  -44.418  -55.925  28.000 0.1000000015
29045  -43.689  -56.667  27.118 0.1000000015
29852  -44.901  -55.423  28.596 0.1000000015
29836  -45.333  -54.925  29.123 0.1000000015
29853  -45.770  -55.557  28.664 0.1000000015
27419  -41.379  -57.978  25.976 0.1000000015
26643  -40.901  -58.764  25.640 0.1000000015
28219  -42.577  -57.274  26.413 0.1000000015
27433  -41.897  -58.524  25.536 0.1000000015
28220  -43.483  -57.255  26.499 0.1000000015
28207  -45.047  -56.824  27.191 0.1000000015
29854  -46.627  -55.755  28.780 0.1000000015
25044  -40.136  -61.663  24.475 0.1000000015
23374  -40.490  -62.693  23.757 0.1000000015
23398  -41.839  -63.388  22.576 0.1000000015
21793  -42.593  -65.087  20.672 0.1000000015
20103  -48.808  -67.610  26.516 0.2000000030
134718  -49.815  -68.519  24.738 0.2000000030
20129  -48.619  -67.735  25.624 0.2000000030
21728  -42.971  -64.997  28.567 0.3000000119
20078  -45.233  -67.293  27.323 0.3000000119
22536  -43.502  -63.973  28.741 0.3000000119
20922  -44.235  -65.927  28.537 0.3000000119
21729  -43.852  -64.949  28.656 0.3000000119
20101  -45.837  -67.582  26.432 0.3000000119
24128  -42.063  -61.510  29.481 0.3000000119
24139  -42.464  -62.256  29.208 0.3000000119
26591  -37.662  -59.165  29.532 0.2000000030
29000  -38.894  -56.778  28.883 0.1000000015
28984  -39.074  -56.255  29.334 0.2000000030
28177  -39.007  -56.945  28.133 0.1000000015
27434  -42.916  -58.371  25.539 0.1000000015
28208  -45.815  -57.163  27.171 0.1000000015
25852  -42.264  -60.269  24.561 0.1000000015
26653  -43.295  -59.159  25.060 0.1000000015
25046  -41.415  -61.243  24.306 0.1000000015
24197  -41.878  -61.564  23.933 0.1000000015
24213  -41.921  -62.097  23.637 0.1000000015
127851  -41.912  -62.561  23.331 0.1000000015
23400  -43.065  -63.539  21.970 0.1000000015
20062  -48.441  -66.730  29.305 0.3000000119
143482  -49.189  -67.577  28.749 0.3000000119
20900  -47.812  -65.835  29.607 0.3000000119
141744  -47.110  -65.565  29.247 0.3000000119
20941  -45.737  -66.711  28.071 0.3000000119
20924  -46.344  -65.926  28.795 0.3000000119
21730  -44.817  -64.874  28.809 0.3000000119
23330  -44.036  -63.026  29.125 0.3000000119
21731  -45.793  -64.868  29.061 0.3000000119
24129  -43.135  -61.501  29.701 0.3000000119
24140  -43.274  -62.253  29.275 0.3000000119
25761  -40.707  -59.914  30.740 0.2000000030
28967  -38.428  -56.853  30.607 0.2000000030
19189  -49.686  -67.846  30.736 0.1000000015
20886  -48.572  -65.477  31.013 0.2000000030
20902  -48.671  -65.632  30.704 0.3000000119
21732  -46.679  -64.838  29.383 0.3000000119
22521  -47.010  -63.947  29.882 0.3000000119
24949  -44.119  -61.455  30.135 0.3000000119
24950  -44.712  -61.369  30.004 0.3000000119
25763  -42.055  -60.806  30.311 0.2000000030
24948  -41.767  -60.564  30.706 0.2000000030
21700  -47.472  -64.604  30.849 0.3000000119
22508  -47.169  -64.215  30.336 0.3000000119
24116  -44.985  -61.523  30.049 0.3000000119
24113  -42.521  -61.273  30.483 0.2000000030
25747  -41.457  -60.156  30.985 0.1000000015
24940  -41.376  -60.440  31.243 0.1000000015
24104  -41.908  -61.866  30.894 0.1000000015
26554  -39.140  -58.808  32.420 0.1000000015
21698  -45.821  -64.474  30.737 0.3000000119
138394  -45.336  -62.544  30.373 0.3000000119
22504  -43.760  -62.980  30.599 0.2000000030
23304  -41.827  -62.978  30.759 0.1000000015
23291  -39.285  -63.008  31.749 0.1000000015
140145  -43.270  -64.009  30.627 0.2000000030
148473  -40.851  -63.915  30.977 0.1000000015
9738  -41.073  -80.590  17.178 0.3000000119
8996  -40.435  -81.698  18.380 0.3000000119
9721  -40.982  -81.054  18.135 0.3000000119
8234  -35.138  -82.435  19.119 0.2000000030
144399  -33.429  -81.963  19.252 0.2000000030
8981  -39.376  -81.843  19.264 0.4000000060
8237  -38.119  -82.694  18.986 0.3000000119
9015  -40.510  -81.441  17.325 0.4000000060
8994  -39.010  -82.551  18.760 0.3000000119
8979  -37.447  -81.904  19.417 0.3000000119
9756  -40.548  -80.554  16.655 0.4000000060
8260  -39.370  -82.896  17.803 0.4000000060
8236  -37.124  -82.658  19.058 0.3000000119
8256  -35.704  -83.245  18.698 0.2000000030
9036  -40.126  -81.501  16.691 0.4000000060
154353  -40.105  -82.116  16.981 0.4000000060
8258  -37.814  -83.470  18.565 0.4000000060
149128  -39.972  -80.847  16.481 0.4000000060
10468  -39.531  -79.587  16.587 0.4000000060
7612  -38.854  -83.579  17.590 0.4000000060
8257  -36.778  -83.413  18.661 0.3000000119
7608  -35.215  -83.937  18.427 0.3000000119
9755  -39.561  -81.440  16.460 0.4000000060
7621  -39.203  -83.379  17.088 0.4000000060
7611  -38.316  -84.139  17.846 0.3000000119
7609  -36.417  -84.279  18.316 0.4000000060
146509  -38.787  -79.744  16.711 0.4000000060
7633  -38.735  -83.693  16.738 0.4000000060
144629  -36.653  -85.125  17.857 0.3000000119
11228  -38.825  -79.013  17.140 0.4000000060
9754  -38.790  -81.233  16.417 0.4000000060
8293  -38.609  -82.911  16.440 0.4000000060
6999  -38.362  -84.609  16.914 0.4000000060
10466  -38.064  -79.551  17.090 0.4000000060
151720  -38.424  -83.530  16.542 0.4000000060
6383  -37.189  -86.108  16.936 0.3000000119
11227  -37.801  -78.859  17.626 0.4000000060
9033  -38.309  -81.905  16.429 0.4000000060
143155  -37.775  -85.048  16.592 0.4000000060
9753  -37.883  -81.011  16.590 0.4000000060
9032  -36.827  -81.806  16.694 0.4000000060
140806  -37.711  -82.429  16.472 0.4000000060
141413  -37.464  -84.098  16.342 0.4000000060
6394  -36.897  -86.286  16.586 0.3000000119
9736  -37.388  -80.159  17.059 0.4000000060
8291  -36.799  -82.896  16.492 0.4000000060
7631  -36.992  -84.909  16.216 0.3000000119
5797  -36.253  -86.772  16.326 0.2000000030
140694  -37.354  -79.390  17.445 0.3000000119
9752  -37.021  -80.991  16.881 0.4000000060
9735  -36.447  -80.347  17.318 0.4000000060
9013  -36.126  -81.139  17.132 0.4000000060
8290  -35.496  -82.855  16.584 0.4000000060
143011  -36.299  -83.866  16.340 0.4000000060
6393  -36.350  -86.357  16.138 0.2000000030
6392  -35.581  -86.236  15.716 0.2000000030
5288  -34.686  -87.425  15.394 0.3000000119
10449  -35.980  -79.112  17.968 0.3000000119
10465  -36.668  -79.591  17.529 0.3000000119
138904  -35.996  -79.797  17.601 0.3000000119
7630  -35.036  -83.812  16.319 0.3000000119
7023  -34.688  -85.284  15.636 0.2000000030
7007  -35.266  -85.011  16.064 0.2000000030
6403  -35.016  -86.992  15.362 0.2000000030
5295  -33.867  -87.636  14.117 0.2000000030
11936  -35.818  -77.746  18.815 0.3000000119
10464  -35.444  -79.667  17.801 0.3000000119
9031  -35.853  -81.956  16.795 0.4000000060
7644  -34.341  -84.303  15.927 0.1000000015
11935  -34.936  -77.924  18.898 0.3000000119
10448  -35.030  -79.230  18.226 0.3000000119
9733  -34.478  -80.663  17.505 0.2000000030
8289  -34.425  -82.757  16.496 0.2000000030
6402  -34.586  -86.137  15.164 0.1000000015
152765  -33.806  -87.510  13.675 0.2000000030
10462  -33.674  -80.151  17.744 0.2000000030
144743  -33.657  -80.784  17.327 0.2000000030
8288  -33.620  -82.592  16.238 0.1000000015
7033  -34.144  -85.969  14.446 0.1000000015
127720  -34.279  -86.907  13.620 0.1000000015
11213  -34.430  -78.595  18.657 0.3000000119
10447  -34.032  -79.456  18.287 0.3000000119
13420  -34.289  -75.756  20.508 0.2000000030
11921  -34.214  -77.567  19.341 0.1000000015
142804  -34.347  -78.060  18.976 0.3000000119
10446  -32.964  -79.552  18.047 0.2000000030
9751  -33.213  -81.176  16.816 0.1000000015
7654  -33.349  -84.022  14.970 0.1000000015
7043  -33.867  -85.678  13.458 0.1000000015
12661  -33.926  -76.305  20.253 0.2000000030
11202  -33.695  -78.216  19.052 0.2000000030
11212  -33.355  -78.883  18.633 0.2000000030
153998  -32.995  -80.026  17.645 0.1000000015
8303  -33.068  -82.491  15.767 0.1000000015
8317  -32.679  -82.429  15.043 0.1000000015
7032  -33.307  -84.268  14.141 0.1000000015
6443  -33.358  -86.285  11.425 0.1000000015
11201  -32.729  -78.313  18.987 0.1000000015
11225  -32.234  -79.249  17.799 0.2000000030
10461  -32.446  -79.845  17.370 0.1000000015
9764  -32.305  -80.506  16.088 0.1000000015
138699  -33.533  -84.380  13.350 0.1000000015
5841  -33.960  -86.440  11.948 0.1000000015
141278  -32.703  -85.702  11.019 0.1000000015
10480  -32.027  -79.754  16.611 0.1000000015
9061  -32.530  -81.795  14.384 0.1000000015
8331  -32.738  -82.601  14.094 0.1000000015
7050  -35.065  -84.864  11.301 0.1000000015
6445  -34.340  -85.656  10.865 0.1000000015
8332  -33.237  -82.602  13.281 0.1000000015
28125  -38.885  -56.713  32.114 0.2000000030
14202  -34.219  -75.074  20.815 0.2000000030
13419  -33.478  -75.690  20.623 0.1000000015
12680  -33.518  -76.997  19.881 0.1000000015
12679  -32.398  -77.036  19.762 0.1000000015
11224  -31.831  -78.689  17.872 0.1000000015
11200  -32.306  -77.714  19.237 0.1000000015
10460  -31.872  -79.224  17.299 0.1000000015
148116  -32.269  -80.456  15.361 0.1000000015
6436  -34.361  -85.980  11.525 0.1000000015
7048  -34.049  -84.984  12.554 0.1000000015
7661  -33.123  -83.449  13.698 0.1000000015
9778  -32.383  -80.907  14.669 0.1000000015
8995  -39.750  -82.185  18.542 0.3000000119
9014  -39.971  -82.193  17.644 0.4000000060
8235  -36.116  -82.557  19.092 0.3000000119
8259  -38.638  -83.275  18.293 0.3000000119
9035  -39.725  -82.196  16.702 0.4000000060
7610  -37.515  -84.294  18.215 0.3000000119
10467  -39.327  -80.479  16.474 0.4000000060
7620  -38.647  -84.072  17.210 0.4000000060
6982  -37.851  -84.931  17.572 0.3000000119
9737  -38.358  -80.339  16.660 0.4000000060
7008  -36.350  -85.592  16.113 0.2000000030
6404  -35.876  -86.875  15.886 0.2000000030
9012  -35.157  -81.281  17.245 0.3000000119
5816  -34.311  -87.462  14.641 0.2000000030
11214  -35.448  -78.477  18.500 0.3000000119
9734  -35.480  -80.399  17.512 0.3000000119
7629  -34.018  -83.395  16.204 0.2000000030
7022  -33.999  -84.848  15.235 0.1000000015
9030  -34.817  -82.001  16.825 0.4000000060
9029  -33.860  -81.940  16.617 0.2000000030
5827  -33.766  -87.242  13.223 0.1000000015
8304  -33.488  -83.062  15.870 0.1000000015
133410  -32.649  -81.202  16.233 0.1000000015
7653  -32.980  -83.304  14.567 0.1000000015
12660  -32.912  -76.382  20.329 0.1000000015
11211  -32.429  -78.829  18.355 0.1000000015
9750  -32.566  -80.498  16.758 0.1000000015
9049  -32.667  -81.824  15.713 0.1000000015
6449  -33.493  -85.848  10.766 0.1000000015
152228  -32.465  -81.645  15.129 0.1000000015
7065  -32.951  -85.185  10.340 0.1000000015
10491  -31.811  -79.121  16.079 0.1000000015
11210  -31.910  -78.055  18.592 0.1000000015
149557  -41.391  -77.975  21.790 0.3000000119
11176  -41.572  -78.598  21.181 0.2000000030
134754  -39.729  -78.370  21.667 0.3000000119
11175  -40.509  -78.859  20.972 0.2000000030
11895  -43.733  -77.784  21.308 0.4000000060
11177  -42.565  -78.562  21.003 0.2000000030
11178  -43.271  -78.296  20.748 0.4000000060
11187  -39.450  -78.918  21.087 0.2000000030
11190  -43.300  -78.182  19.727 0.4000000060
11188  -41.371  -79.245  20.617 0.2000000030
139466  -39.974  -79.412  20.595 0.2000000030
10408  -38.547  -79.017  21.164 0.1000000015
10423  -39.187  -79.581  20.613 0.2000000030
10407  -37.632  -79.038  21.166 0.1000000015
10425  -41.657  -79.875  20.024 0.3000000119
11173  -37.967  -78.434  21.774 0.1000000015
9688  -38.968  -80.357  20.166 0.2000000030
10406  -36.688  -79.030  21.136 0.1000000015
10420  -36.298  -79.867  20.578 0.1000000015
10421  -37.317  -79.736  20.626 0.1000000015
9686  -37.079  -80.498  20.181 0.1000000015
10404  -34.819  -79.017  21.287 0.1000000015
10419  -35.281  -79.728  20.676 0.1000000015
9685  -35.646  -80.467  20.181 0.1000000015
10418  -34.390  -79.666  20.741 0.1000000015
9684  -34.789  -80.361  20.213 0.1000000015
10437  -41.936  -79.835  19.008 0.3000000119
9689  -40.039  -80.279  20.145 0.2000000030
9707  -38.700  -81.116  19.704 0.2000000030
9687  -37.995  -80.420  20.186 0.2000000030
9703  -34.317  -80.922  19.767 0.1000000015
10417  -33.529  -79.616  20.808 0.1000000015
10451  -42.233  -79.137  17.928 0.2000000030
139171  -41.404  -80.460  19.413 0.3000000119
9708  -39.685  -81.099  19.702 0.2000000030
149000  -36.837  -81.170  19.752 0.2000000030
9704  -35.162  -81.024  19.739 0.1000000015
9682  -33.088  -80.209  20.345 0.1000000015
9683  -33.940  -80.280  20.269 0.1000000015
9709  -40.984  -81.200  19.180 0.3000000119
8980  -38.425  -81.910  19.343 0.3000000119
11232  -42.382  -78.252  17.129 0.2000000030
8978  -36.500  -81.862  19.449 0.2000000030
8977  -35.586  -81.779  19.456 0.1000000015
9701  -32.635  -80.777  19.884 0.1000000015
144568  -33.851  -81.518  19.487 0.1000000015
8233  -34.141  -82.304  19.112 0.1000000015
8974  -32.138  -81.434  19.474 0.1000000015
9722  -41.341  -80.439  17.822 0.2000000030
144348  -33.307  -82.536  18.888 0.1000000015
8255  -34.700  -83.062  18.726 0.1000000015
135540  -32.031  -82.126  19.042 0.1000000015
8232  -32.746  -82.028  19.167 0.1000000015
9739  -41.518  -80.016  17.105 0.2000000030
7607  -34.196  -83.703  18.454 0.1000000015
7606  -33.148  -83.400  18.446 0.1000000015
6978  -33.637  -84.362  18.068 0.1000000015
8230  -29.888  -82.305  18.941 0.1000000015
8252  -31.409  -82.709  18.701 0.1000000015
8253  -32.445  -82.687  18.734 0.1000000015
6980  -35.755  -84.838  17.997 0.3000000119
7604  -30.911  -83.728  18.291 0.1000000015
144296  -42.437  -79.110  18.857 0.3000000119
11189  -42.782  -78.771  20.231 0.3000000119
10426  -42.111  -79.128  20.487 0.2000000030
144133  -40.481  -81.034  19.604 0.3000000119
8976  -34.688  -81.666  19.459 0.1000000015
8975  -33.056  -81.420  19.509 0.1000000015
9706  -37.731  -81.138  19.725 0.2000000030
10424  -40.802  -79.728  20.386 0.2000000030
9690  -40.983  -80.534  19.844 0.3000000119
9705  -36.004  -81.134  19.754 0.1000000015
8972  -30.509  -81.501  19.429 0.1000000015
146333  -30.716  -82.243  18.930 0.1000000015
7605  -31.998  -83.506  18.341 0.1000000015
8971  -29.494  -81.553  19.463 0.1000000015
6979  -34.689  -84.579  18.079 0.2000000030
6377  -31.645  -85.721  17.000 0.1000000015
6376  -30.817  -85.508  16.851 0.1000000015
6390  -31.469  -86.048  16.311 0.2000000030
7020  -29.781  -84.440  16.440 0.1000000015
6379  -33.693  -86.064  17.207 0.2000000030
6378  -32.625  -85.858  17.122 0.2000000030
6389  -30.821  -85.558  16.071 0.2000000030
5792  -32.288  -86.402  16.518 0.1000000015
7021  -30.402  -84.823  15.787 0.1000000015
6401  -31.472  -86.138  15.444 0.2000000030
5803  -32.152  -86.741  15.761 0.1000000015
6995  -35.289  -85.530  17.619 0.2000000030
6391  -33.233  -86.664  16.645 0.1000000015
6400  -30.964  -85.359  15.118 0.1000000015
6996  -36.341  -85.724  17.540 0.2000000030
6380  -34.840  -86.308  17.223 0.2000000030
5793  -32.943  -87.193  16.040 0.1000000015
5813  -32.217  -86.894  14.828 0.1000000015
5780  -34.349  -86.944  16.606 0.1000000015
5804  -32.923  -87.411  15.235 0.1000000015
6382  -36.781  -86.321  17.126 0.2000000030
6381  -35.926  -86.469  17.196 0.2000000030
5796  -35.645  -87.157  16.271 0.2000000030
5814  -33.083  -87.482  14.349 0.1000000015
5794  -34.331  -87.525  16.041 0.1000000015
5783  -36.725  -86.487  16.752 0.2000000030
5805  -33.755  -87.635  15.520 0.1000000015
5825  -32.515  -86.886  13.716 0.1000000015
6994  -34.188  -85.287  17.634 0.1000000015
6993  -33.107  -85.115  17.588 0.1000000015
11894  -43.056  -78.063  21.542 0.2000000030
11892  -40.633  -78.189  21.711 0.1000000015
14911  -47.306  -73.193  22.523 0.2000000030
14150  -46.487  -75.012  24.198 0.1000000015
18381  -50.359  -68.806  26.651 0.1000000015
16569  -46.319  -71.339  24.050 0.1000000015
15715  -46.567  -72.505  23.724 0.1000000015
18433  -49.723  -69.211  24.459 0.1000000015
18380  -50.015  -69.235  27.271 0.2000000030
18395  -50.042  -69.220  26.253 0.1000000015
17479  -45.034  -70.452  25.191 0.1000000015
20063  -49.780  -68.242  27.966 0.2000000030
19240  -50.391  -68.706  25.880 0.1000000015
18394  -49.247  -69.476  25.705 0.1000000015
18420  -48.063  -69.649  25.109 0.1000000015
18431  -47.575  -70.164  24.364 0.1000000015
139702  -46.532  -70.657  24.330 0.1000000015
150293  -43.564  -77.585  22.157 0.2000000030
14157  -46.534  -74.936  23.269 0.1000000015
18432  -49.089  -69.647  24.268 0.1000000015
18421  -50.070  -69.140  25.209 0.1000000015
130945  -49.619  -67.952  29.160 0.2000000030
14158  -46.764  -74.158  23.373 0.1000000015
15714  -45.483  -72.016  24.333 0.1000000015
17489  -45.607  -70.828  24.603 0.1000000015
151241  -49.439  -69.429  24.876 0.1000000015
18379  -49.133  -69.488  26.819 0.1000000015
11888  -42.667  -77.559  22.260 0.1000000015
11893  -42.191  -78.048  21.633 0.1000000015
20884  -44.870  -65.536  30.813 0.1000000015
20870  -45.249  -66.316  31.172 0.1000000015
20871  -46.493  -66.020  31.352 0.1000000015
20872  -47.651  -66.340  31.704 0.1000000015
20028  -48.959  -67.331  32.141 0.1000000015
21685  -47.627  -65.317  31.289 0.1000000015
20024  -44.760  -67.196  31.524 0.1000000015
20005  -45.644  -67.776  32.018 0.1000000015
20006  -46.987  -67.821  32.346 0.1000000015
19166  -47.925  -68.611  32.687 0.1000000015
144672  -45.714  -66.930  31.516 0.1000000015
20026  -47.674  -67.156  32.113 0.1000000015
20007  -48.153  -67.773  32.409 0.1000000015
18292  -47.996  -69.553  31.754 0.1000000015
20869  -44.185  -66.514  31.088 0.1000000015
19147  -46.895  -69.061  33.406 0.1000000015
20004  -44.358  -67.911  32.056 0.1000000015
19164  -46.276  -68.506  32.759 0.1000000015
20023  -43.712  -67.316  31.589 0.1000000015
19148  -47.385  -69.250  33.283 0.1000000015
20883  -43.683  -65.619  30.758 0.1000000015
21696  -42.874  -65.075  30.668 0.1000000015
19145  -44.377  -68.874  33.300 0.1000000015
19163  -44.999  -68.494  32.636 0.1000000015
19146  -45.617  -69.094  33.384 0.1000000015
20003  -43.330  -67.884  32.251 0.1000000015
20868  -42.554  -66.028  30.902 0.1000000015
28954  -38.614  -56.746  31.399 0.1000000015
134563  -38.810  -56.262  30.890 0.1000000015
29805  -40.072  -54.929  30.866 0.1000000015
20867  -42.156  -66.764  31.436 0.1000000015
21684  -41.944  -65.456  30.836 0.1000000015
22503  -42.270  -64.477  30.674 0.1000000015
28983  -38.462  -56.982  29.667 0.1000000015
28968  -38.829  -56.200  30.147 0.1000000015
28945  -39.280  -56.297  32.594 0.1000000015
30678  -41.860  -54.548  31.334 0.1000000015
29819  -39.920  -54.948  30.026 0.1000000015
30693  -40.780  -54.700  30.281 0.1000000015
19162  -43.906  -68.401  32.716 0.1000000015
29830  -39.384  -55.567  29.738 0.1000000015
20038  -49.396  -66.727  31.626 0.1000000015
19179  -49.366  -67.689  31.693 0.1000000015
20873  -48.577  -65.890  31.424 0.1000000015
29818  -39.313  -55.524  30.672 0.1000000015
20025  -46.677  -67.061  31.778 0.1000000015
20027  -48.587  -66.820  32.031 0.1000000015
18293  -48.716  -68.661  31.757 0.1000000015
20008  -48.623  -68.086  32.290 0.1000000015
132655  -43.132  -66.668  31.189 0.1000000015
20022  -42.730  -67.345  31.806 0.1000000015
151000  -39.653  -55.404  31.443 0.1000000015
30711  -40.686  -54.922  29.469 0.1000000015
14178  -33.801  -74.328  21.193 0.1000000015
14919  -34.354  -73.781  21.378 0.1000000015
12599  -39.964  -76.709  25.143 0.1000000015
12613  -39.717  -76.751  24.461 0.1000000015
12628  -39.673  -76.955  23.756 0.1000000015
11849  -40.503  -76.968  25.690 0.1000000015
11848  -39.566  -77.315  25.449 0.1000000015
12598  -39.142  -76.966  24.812 0.1000000015
12629  -40.370  -76.778  23.837 0.1000000015
11132  -41.022  -78.692  26.323 0.1000000015
12600  -40.855  -76.611  25.360 0.1000000015
12615  -41.602  -76.427  24.881 0.1000000015
10365  -39.989  -79.784  25.670 0.1000000015
10366  -41.377  -79.909  26.171 0.1000000015
11840  -41.328  -77.263  26.279 0.1000000015
9627  -42.475  -81.139  26.265 0.1000000015
11118  -41.576  -78.177  26.640 0.1000000015
134341  -33.068  -75.722  30.740 0.1000000015
141551  -33.254  -74.997  30.350 0.1000000015
11102  -34.445  -78.402  27.604 0.1000000015
9610  -35.035  -80.209  27.068 0.1000000015
9611  -36.224  -80.226  27.097 0.1000000015
9623  -36.828  -81.044  26.909 0.1000000015
11873  -41.052  -77.129  23.073 0.1000000015
8890  -36.505  -81.970  26.657 0.1000000015
9624  -37.729  -80.966  26.973 0.1000000015
144552  -41.222  -80.921  25.595 0.1000000015
9635  -42.387  -81.877  25.831 0.1000000015
11886  -39.822  -77.771  22.407 0.1000000015
7525  -38.313  -83.709  26.234 0.1000000015
6882  -40.201  -84.546  25.795 0.1000000015
7527  -41.604  -83.716  26.064 0.1000000015
8900  -42.056  -82.478  25.508 0.1000000015
8901  -42.539  -82.463  26.117 0.1000000015
129341  -42.821  -81.830  26.526 0.1000000015
10351  -42.130  -79.374  26.630 0.1000000015
11174  -38.860  -78.459  21.723 0.1000000015
6880  -37.854  -84.344  25.903 0.1000000015
6899  -40.583  -85.052  24.772 0.1000000015
8150  -42.263  -83.039  26.150 0.1000000015
8895  -42.778  -82.185  26.727 0.1000000015
13346  -33.779  -76.049  28.886 0.1000000015
12564  -33.742  -76.723  28.688 0.1000000015
11825  -35.091  -77.715  27.557 0.1000000015
12631  -42.389  -76.536  24.054 0.1000000015
12630  -41.300  -76.619  23.911 0.1000000015
11103  -35.302  -78.491  27.415 0.1000000015
11104  -36.298  -78.336  27.398 0.1000000015
11872  -40.162  -77.274  23.111 0.1000000015
8148  -39.825  -82.723  26.577 0.1000000015
8149  -41.334  -83.116  26.418 0.1000000015
9617  -43.043  -80.997  26.990 0.1000000015
8893  -40.597  -82.225  26.761 0.1000000015
8881  -41.250  -81.877  27.090 0.1000000015
8882  -42.279  -81.851  27.247 0.1000000015
9616  -43.001  -80.812  27.528 0.1000000015
14092  -33.522  -74.299  30.043 0.1000000015
13339  -33.940  -75.207  29.102 0.1000000015
14828  -33.757  -73.020  30.412 0.1000000015
15635  -33.655  -72.416  31.002 0.1000000015
12632  -43.580  -76.504  24.391 0.1000000015
13347  -34.557  -75.659  28.485 0.1000000015
12601  -41.751  -76.574  25.670 0.1000000015
11875  -43.293  -77.004  23.119 0.1000000015
143804  -35.429  -76.958  27.639 0.1000000015
11841  -42.421  -77.770  27.003 0.1000000015
11874  -42.065  -76.968  23.042 0.1000000015
152705  -35.636  -78.012  27.446 0.1000000015
10341  -36.751  -79.405  27.282 0.1000000015
152349  -37.968  -80.356  27.191 0.1000000015
8892  -39.247  -81.802  26.826 0.1000000015
141635  -38.295  -81.504  26.838 0.1000000015
9625  -38.734  -80.928  27.121 0.1000000015
133681  -41.023  -81.211  27.380 0.1000000015
9615  -42.172  -80.937  27.632 0.1000000015
9614  -39.717  -80.582  27.412 0.1000000015
15636  -34.182  -72.343  30.347 0.1000000015
154247  -42.150  -76.458  25.383 0.1000000015
14841  -34.022  -73.587  29.760 0.1000000015
14829  -34.304  -72.869  29.908 0.1000000015
16506  -35.008  -71.317  30.498 0.1000000015
17400  -34.762  -71.003  31.296 0.1000000015
12590  -42.323  -76.888  26.486 0.1000000015
139146  -44.727  -76.510  24.841 0.1000000015
14105  -34.803  -74.674  28.765 0.1000000015
139753  -34.619  -73.913  29.238 0.1000000015
11119  -42.721  -78.920  27.175 0.1000000015
12579  -36.194  -76.760  27.599 0.1000000015
13348  -35.425  -75.410  28.261 0.1000000015
10344  -42.602  -80.126  28.209 0.1000000015
11120  -43.271  -79.471  27.668 0.1000000015
140031  -40.711  -80.438  27.585 0.1000000015
10342  -37.702  -79.617  27.323 0.1000000015
11106  -38.390  -79.063  27.488 0.1000000015
9613  -38.648  -79.990  27.361 0.1000000015
15647  -34.793  -72.367  29.821 0.1000000015
134452  -34.916  -73.119  29.412 0.1000000015
11109  -43.398  -78.507  27.802 0.1000000015
10343  -41.177  -79.878  27.937 0.1000000015
10336  -42.824  -79.223  28.547 0.1000000015
131907  -38.070  -78.175  27.548 0.1000000015
137928  -36.550  -77.460  27.473 0.1000000015
11827  -37.213  -77.824  27.463 0.1000000015
11097  -43.552  -78.447  28.429 0.1000000015
140055  -44.479  -76.425  27.380 0.1000000015
11095  -43.075  -78.475  28.975 0.1000000015
14094  -35.436  -73.824  28.947 0.1000000015
11093  -40.815  -78.121  28.507 0.1000000015
11108  -41.639  -79.138  28.417 0.1000000015
11094  -42.068  -78.335  28.751 0.1000000015
14106  -35.885  -74.571  28.551 0.1000000015
134200  -39.074  -78.490  27.690 0.1000000015
11107  -40.270  -78.847  28.099 0.1000000015
13361  -35.903  -76.032  27.855 0.1000000015
131181  -37.848  -77.453  27.624 0.1000000015
11828  -38.650  -77.605  27.788 0.1000000015
12580  -37.207  -76.893  27.617 0.1000000015
12583  -44.074  -77.090  28.210 0.1000000015
13364  -44.215  -76.546  27.666 0.1000000015
150269  -41.768  -76.923  28.933 0.1000000015
11814  -42.581  -77.605  29.101 0.1000000015
14842  -35.901  -73.053  29.081 0.1000000015
12569  -39.811  -76.323  28.529 0.1000000015
12570  -40.847  -76.618  28.704 0.1000000015
11829  -39.663  -77.849  28.124 0.1000000015
11812  -40.250  -77.183  28.523 0.1000000015
13362  -36.758  -76.041  27.869 0.1000000015
13370  -44.880  -76.071  27.178 0.1000000015
13355  -43.210  -76.707  28.732 0.1000000015
127869  -41.468  -76.306  28.688 0.1000000015
12571  -42.466  -76.843  28.953 0.1000000015
15648  -35.515  -72.360  29.384 0.1000000015
12581  -38.208  -76.823  27.915 0.1000000015
13349  -36.342  -75.319  28.217 0.1000000015
14132  -44.303  -75.298  26.794 0.1000000015
14854  -36.495  -73.737  28.787 0.1000000015
16505  -34.207  -71.688  30.913 0.1000000015
18252  -36.603  -69.833  32.943 0.1000000015
18251  -35.921  -69.916  32.697 0.1000000015
17379  -36.043  -70.059  31.239 0.1000000015
17359  -35.282  -70.259  32.436 0.1000000015
11824  -34.306  -77.693  27.864 0.1000000015
9612  -37.191  -80.274  27.124 0.1000000015
8147  -37.623  -82.729  26.511 0.1000000015
137801  -38.521  -82.249  26.655 0.1000000015
6881  -39.052  -84.544  25.825 0.1000000015
140411  -38.993  -83.190  26.431 0.1000000015
7526  -40.467  -83.766  26.253 0.1000000015
142277  -41.757  -83.764  25.655 0.1000000015
8153  -41.467  -83.036  25.080 0.1000000015
8899  -40.913  -82.115  25.160 0.1000000015
12578  -34.733  -77.021  27.845 0.1000000015
10353  -43.206  -80.169  27.678 0.1000000015
132766  -39.650  -79.582  27.621 0.1000000015
152431  -43.474  -77.463  27.484 0.1000000015
10346  -43.449  -79.269  28.117 0.1000000015
11816  -43.650  -77.729  28.785 0.1000000015
11811  -39.192  -76.951  28.232 0.1000000015
13356  -43.818  -76.619  28.288 0.1000000015
144495  -35.385  -70.137  33.046 0.1000000015
4744  -26.330  -88.470  14.542 0.1000000015
4734  -25.755  -88.442  15.561 0.1000000015
4783  -24.408  -89.049  10.468 0.1000000015
4784  -25.555  -89.378  10.589 0.1000000015
5316  -24.672  -87.446  11.636 0.1000000015
5317  -25.773  -87.913  11.662 0.1000000015
4753  -27.191  -89.028  12.934 0.1000000015
4288  -24.121  -89.720  9.786 0.1000000015
4792  -22.468  -88.943  9.073 0.1000000015
130222  -22.399  -88.331  8.655 0.1000000015
5292  -24.825  -87.135  14.632 0.1000000015
5284  -24.518  -87.400  15.423 0.1000000015
133440  -24.364  -87.701  16.204 0.1000000015
5293  -25.647  -87.558  14.052 0.1000000015
144264  -26.155  -87.622  12.286 0.1000000015
5300  -26.143  -87.546  12.954 0.1000000015
5294  -26.509  -88.238  13.445 0.1000000015
4724  -25.105  -88.414  16.432 0.1000000015
4768  -25.021  -88.435  11.121 0.1000000015
4760  -26.598  -88.516  11.860 0.1000000015
4767  -23.504  -88.039  11.063 0.1000000015
138597  -22.324  -88.146  9.732 0.1000000015
5341  -22.284  -87.560  9.546 0.1000000015
5350  -22.666  -87.510  8.203 0.1000000015
8212  -22.538  -82.351  20.962 0.1000000015
6969  -21.173  -84.469  19.277 0.1000000015
8222  -22.548  -82.280  19.941 0.1000000015
5801  -23.269  -86.204  15.607 0.1000000015
5791  -23.263  -86.713  16.377 0.1000000015
5779  -23.108  -86.825  17.131 0.1000000015
6374  -21.518  -85.075  17.781 0.1000000015
6367  -21.285  -85.357  18.670 0.1000000015
6973  -21.448  -84.399  18.400 0.1000000015
5802  -24.038  -86.745  15.049 0.1000000015
5778  -22.443  -86.336  17.523 0.1000000015
5811  -24.523  -86.433  14.296 0.1000000015
5271  -23.688  -87.332  16.676 0.1000000015
5839  -25.684  -86.946  12.689 0.1000000015
5824  -25.540  -86.977  13.336 0.1000000015
5330  -22.545  -88.060  10.437 0.1000000015
8213  -23.399  -81.913  20.690 0.1000000015
7593  -21.800  -82.932  19.851 0.1000000015
8204  -23.980  -81.882  21.600 0.1000000015
6375  -21.943  -85.563  17.220 0.1000000015
6989  -21.660  -84.274  17.575 0.1000000015
5790  -22.607  -86.042  16.571 0.1000000015
6398  -22.613  -85.326  15.786 0.1000000015
149979  -25.257  -86.503  12.474 0.1000000015
5857  -24.702  -86.555  12.059 0.1000000015
5856  -23.414  -86.851  11.648 0.1000000015
151635  -22.669  -86.588  11.347 0.1000000015
5855  -22.490  -87.174  10.977 0.1000000015
5823  -24.947  -86.260  13.554 0.1000000015
7586  -21.604  -83.258  20.599 0.1000000015
7599  -21.625  -83.514  19.018 0.1000000015
6423  -24.849  -85.434  13.143 0.1000000015
132129  -21.315  -83.755  19.938 0.1000000015
6399  -23.210  -85.330  15.085 0.1000000015
5810  -23.791  -85.951  14.680 0.1000000015
7578  -21.584  -83.557  21.346 0.1000000015
129417  -24.062  -83.907  13.835 0.1000000015
7651  -23.640  -83.298  14.392 0.1000000015
8314  -24.097  -81.904  14.330 0.1000000015
7600  -22.171  -82.967  18.433 0.1000000015
6990  -21.973  -84.197  16.674 0.1000000015
7018  -22.284  -84.605  15.972 0.1000000015
151879  -23.288  -84.818  14.817 0.1000000015
7639  -22.904  -83.009  15.853 0.1000000015
7030  -23.546  -84.283  14.504 0.1000000015
148773  -23.267  -82.927  15.117 0.1000000015
7625  -22.479  -83.302  16.611 0.1000000015
7616  -22.170  -83.378  17.518 0.1000000015
8281  -23.322  -82.483  16.299 0.1000000015
7019  -22.827  -84.547  15.282 0.1000000015
8328  -23.967  -82.595  13.932 0.1000000015
129803  -23.026  -83.646  15.147 0.1000000015
4761  -27.193  -89.255  12.238 0.1000000015
4782  -23.203  -88.832  10.240 0.1000000015
5272  -24.252  -87.979  16.971 0.1000000015
5273  -34.396  -87.575  15.528 0.1000000015
5283  -23.776  -87.073  15.858 0.1000000015
5285  -25.320  -87.800  15.012 0.1000000015
5286  -33.604  -87.680  14.782 0.1000000015
5287  -34.154  -87.704  14.836 0.2000000030
5301  -26.697  -88.330  12.594 0.1000000015
5781  -35.439  -86.978  16.709 0.2000000030
5782  -36.227  -86.755  16.700 0.2000000030
5795  -35.035  -87.356  16.282 0.2000000030
5812  -25.126  -86.837  13.976 0.1000000015
5815  -34.064  -87.400  13.783 0.2000000030
5858  -25.470  -87.066  12.077 0.1000000015
5859  -33.670  -86.477  11.673 0.1000000015
6387  -21.691  -84.875  17.098 0.1000000015
6388  -22.035  -85.137  16.482 0.1000000015
6411  -23.752  -85.113  14.432 0.1000000015
6412  -24.414  -85.623  13.924 0.1000000015
6414  -34.482  -87.062  14.418 0.2000000030
6426  -34.086  -86.925  12.812 0.1000000015
6427  -34.262  -86.146  12.215 0.1000000015
6444  -33.881  -86.227  11.344 0.1000000015
6898  -40.641  -84.850  25.231 0.1000000015
6962  -21.159  -83.997  20.781 0.1000000015
6981  -37.233  -84.935  17.894 0.3000000119
6983  -38.267  -84.705  17.291 0.4000000060
6997  -37.250  -85.623  17.383 0.2000000030
6998  -37.820  -85.365  17.057 0.3000000119
7006  -30.244  -85.054  16.635 0.1000000015
7009  -37.052  -85.714  16.401 0.3000000119
7057  -35.061  -85.065  10.844 0.1000000015
7066  -33.833  -85.330  10.122 0.1000000015
7074  -34.150  -84.744  9.595 0.1000000015
7534  -41.135  -84.220  25.743 0.1000000015
7542  -41.253  -84.379  25.202 0.1000000015
7594  -22.148  -82.687  19.192 0.1000000015
7615  -21.761  -83.687  18.173 0.1000000015
7632  -38.219  -84.113  16.576 0.4000000060
7638  -22.427  -83.858  15.852 0.1000000015
7641  -30.080  -83.944  15.524 0.1000000015
7642  -33.166  -83.156  15.324 0.1000000015
7643  -33.658  -83.771  15.649 0.1000000015
7675  -35.241  -84.185  11.351 0.1000000015
7697  -35.731  -84.081  10.320 0.2000000030
8154  -42.081  -83.158  25.603 0.1000000015
8166  -41.492  -83.770  25.133 0.1000000015
8214  -24.347  -81.690  20.812 0.1000000015
8221  -22.038  -82.663  20.505 0.1000000015
8231  -31.364  -81.852  19.183 0.1000000015
8254  -33.895  -82.971  18.709 0.1000000015
8273  -39.734  -82.716  17.034 0.4000000060
8280  -22.948  -82.713  16.600 0.1000000015
8287  -33.092  -81.891  16.258 0.1000000015
8292  -37.970  -83.374  16.383 0.4000000060
8294  -39.270  -82.887  16.702 0.4000000060
8313  -23.699  -82.464  14.741 0.1000000015
8397  -35.756  -83.471  8.995 0.1000000015
8398  -36.420  -82.929  9.346 0.1000000015
8883  -42.875  -81.568  27.224 0.1000000015
8884  -42.996  -81.606  27.037 0.1000000015
8891  -37.545  -81.727  26.728 0.1000000015
8894  -42.052  -82.486  26.760 0.1000000015
8982  -40.239  -81.646  19.198 0.4000000060
9007  -23.791  -82.111  16.391 0.1000000015
9011  -34.178  -81.349  17.142 0.2000000030
9034  -39.141  -82.161  16.419 0.4000000060
9086  -32.053  -81.383  11.247 0.1000000015
9100  -36.947  -82.006  10.060 0.1000000015
9116  -34.735  -82.000  8.516 0.1000000015
9626  -40.008  -81.425  27.135 0.1000000015
9702  -33.489  -80.831  19.817 0.1000000015
9710  -41.439  -80.571  18.681 0.2000000030
9732  -33.012  -80.459  17.322 0.1000000015
9812  -36.668  -80.558  10.559 0.1000000015
9837  -38.061  -81.115  9.423 0.1000000015
9838  -38.608  -80.586  9.125 0.1000000015
9844  -35.924  -81.462  7.838 0.1000000015
9853  -36.596  -80.877  7.570 0.1000000015
9854  -37.349  -80.271  7.484 0.1000000015
10337  -43.259  -79.014  28.472 0.1000000015
10338  -43.410  -78.807  28.424 0.1000000015
10340  -35.707  -79.310  27.285 0.1000000015
10345  -43.226  -79.878  28.145 0.1000000015
10352  -43.026  -80.022  27.140 0.1000000015
10422  -38.261  -79.677  20.639 0.2000000030
10438  -42.357  -79.325  19.720 0.5000000000
10450  -41.717  -79.868  17.909 0.2000000030
10463  -34.707  -79.927  17.846 0.3000000119
10470  -41.802  -79.173  16.912 0.2000000030
10481  -40.141  -80.109  16.415 0.4000000060
10482  -40.811  -79.638  16.401 0.5000000000
10483  -41.362  -79.033  16.466 0.5000000000
10492  -32.094  -79.812  15.693 0.1000000015
10523  -33.508  -79.954  12.840 0.1000000015
10538  -30.536  -79.272  11.596 0.1000000015
10540  -31.969  -79.683  11.147 0.1000000015
10544  -37.197  -79.885  10.526 0.1000000015
10560  -38.766  -79.635  9.939 0.1000000015
10561  -39.413  -79.348  9.314 0.1000000015
10578  -32.869  -79.051  9.712 0.1000000015
10596  -38.692  -79.824  8.118 0.1000000015
10597  -39.438  -79.088  8.089 0.1000000015
10605  -29.669  -79.800  7.329 0.1000000015
11096  -43.387  -78.397  28.790 0.1000000015
11105  -37.387  -78.721  27.412 0.1000000015
11117  -40.517  -77.671  26.119 0.1000000015
11163  -39.157  -78.058  22.203 0.1000000015
11242  -40.802  -78.964  16.370 0.5000000000
11278  -34.801  -77.853  12.553 0.1000000015
11285  -30.883  -78.910  11.161 0.1000000015
11312  -30.555  -78.639  9.744 0.1000000015
11323  -33.548  -78.421  8.102 0.1000000015
11325  -40.148  -78.306  8.031 0.1000000015
11333  -31.629  -78.482  7.480 0.1000000015
11367  -33.579  -78.077  5.028 0.1000000015
11370  -38.898  -77.840  5.866 0.1000000015
11810  -34.072  -77.146  28.266 0.1000000015
11813  -41.372  -77.412  28.804 0.1000000015
11815  -43.350  -77.964  29.119 0.1000000015
11826  -35.860  -77.536  27.485 0.1000000015
11830  -43.810  -77.727  28.247 0.1000000015
11920  -33.107  -77.713  19.489 0.1000000015
11937  -36.768  -77.610  18.812 0.4000000060
12010  -33.667  -77.594  13.568 0.1000000015
12033  -37.591  -77.595  11.145 0.1000000015
12035  -39.588  -76.922  10.661 0.1000000015
12036  -40.511  -77.042  10.129 0.1000000015
12046  -38.271  -77.916  10.702 0.1000000015
12065  -40.570  -77.411  8.195 0.1000000015
12078  -39.769  -77.171  6.620 0.1000000015
12088  -34.977  -77.864  4.145 0.1000000015
12097  -36.020  -77.186  3.588 0.1000000015
12115  -36.371  -76.460  3.539 0.1000000015
12565  -34.352  -76.469  28.314 0.1000000015
12566  -35.133  -76.268  27.923 0.1000000015
12572  -43.315  -77.354  29.061 0.1000000015
12573  -43.735  -77.142  28.718 0.1000000015
12582  -44.178  -77.089  27.867 0.1000000015
12589  -41.240  -76.778  25.932 0.1000000015
12602  -42.905  -76.503  25.997 0.1000000015
12614  -40.567  -76.547  24.654 0.1000000015
12616  -42.704  -76.392  25.073 0.1000000015
12644  -38.002  -76.192  20.855 0.4000000060
12662  -34.804  -76.152  20.229 0.2000000030
12663  -37.320  -76.104  20.701 0.4000000060
12701  -42.509  -76.672  17.217 0.5000000000
12703  -43.955  -75.976  17.681 0.5000000000
12744  -34.246  -76.102  13.891 0.1000000015
12771  -39.131  -75.632  11.550 0.1000000015
12789  -41.259  -75.714  10.345 0.1000000015
12808  -41.141  -76.424  9.928 0.1000000015
12809  -41.400  -75.781  9.658 0.1000000015
12827  -41.371  -75.806  9.108 0.1000000015
12838  -39.950  -76.400  7.610 0.1000000015
12847  -39.983  -76.771  7.233 0.1000000015
12851  -38.523  -75.843  5.707 0.1000000015
12874  -37.620  -76.244  4.357 0.1000000015
13354  -42.235  -76.133  28.523 0.1000000015
13473  -34.094  -75.142  14.612 0.1000000015
13483  -33.795  -75.771  14.421 0.1000000015
13502  -37.592  -75.391  12.457 0.1000000015
13504  -40.019  -75.213  11.470 0.1000000015
13563  -41.373  -75.216  9.519 0.1000000015
13576  -40.988  -75.818  8.523 0.1000000015
13607  -37.955  -75.637  4.809 0.1000000015
14093  -34.014  -74.407  29.381 0.1000000015
14165  -39.952  -74.880  22.706 0.4000000060
14203  -35.085  -74.979  20.858 0.3000000119
14213  -44.282  -74.940  18.079 0.5000000000
14274  -36.622  -74.503  13.568 0.1000000015
14286  -38.678  -74.432  12.533 0.1000000015
14288  -40.558  -74.032  11.844 0.1000000015
14337  -41.158  -74.482  9.525 0.1000000015
14897  -39.191  -73.865  23.730 0.4000000060
14926  -47.266  -72.672  20.705 0.3000000119
14938  -44.205  -73.579  20.306 0.5000000000
14953  -45.522  -73.115  19.181 0.5000000000
15005  -37.144  -73.227  13.897 0.1000000015
15075  -41.573  -74.017  10.232 0.1000000015
15087  -41.107  -73.634  9.768 0.1000000015
15088  -41.394  -74.012  9.856 0.1000000015
15748  -47.817  -71.893  21.138 0.3000000119
15853  -38.540  -72.577  13.405 0.1000000015
15854  -39.335  -72.308  13.050 0.1000000015
15867  -41.072  -72.700  12.093 0.1000000015
15898  -40.992  -72.522  10.175 0.1000000015
16514  -34.671  -71.877  30.244 0.1000000015
16568  -44.825  -71.326  24.803 0.1000000015
16613  -48.198  -71.106  21.179 0.3000000119
16632  -47.485  -71.283  20.636 0.3000000119
16693  -35.937  -71.581  14.951 0.1000000015
16710  -37.902  -71.451  13.865 0.1000000015
16737  -41.486  -71.512  11.799 0.1000000015
16764  -40.923  -71.006  10.384 0.1000000015
17339  -35.946  -69.964  33.350 0.1000000015
17506  -45.908  -70.140  21.798 0.3000000119
17507  -47.048  -70.028  21.488 0.3000000119
17508  -48.521  -70.635  21.758 0.3000000119
17516  -38.457  -70.574  20.297 0.1000000015
17547  -38.127  -71.028  19.855 0.1000000015
17648  -41.716  -70.603  11.774 0.1000000015
18266  -35.942  -69.993  32.015 0.1000000015
18267  -36.465  -69.765  32.358 0.1000000015
18273  -48.184  -68.811  32.311 0.1000000015
18363  -49.999  -69.178  28.044 0.2000000030
18415  -39.999  -69.201  25.393 0.5000000000
18422  -50.203  -68.552  25.214 0.1000000015
18427  -36.163  -69.434  24.705 0.4000000060
18434  -49.958  -68.924  24.595 0.1000000015
18437  -35.840  -69.697  23.711 0.3000000119
18440  -44.819  -69.410  23.125 0.4000000060
18444  -49.668  -69.066  24.140 0.1000000015
18464  -48.046  -70.130  21.428 0.3000000119
18474  -39.532  -69.931  19.528 0.1000000015
18486  -39.860  -69.975  19.102 0.1000000015
18497  -40.609  -68.965  18.846 0.1000000015
18498  -40.934  -68.362  18.596 0.1000000015
18562  -42.126  -69.771  11.617 0.1000000015
18574  -42.337  -69.065  11.557 0.1000000015
18581  -41.881  -69.173  10.688 0.1000000015
19222  -50.156  -68.815  27.502 0.2000000030
19257  -35.763  -67.875  24.879 0.4000000060
19264  -42.200  -68.531  25.259 0.4000000060
19270  -49.770  -68.028  25.285 0.2000000030
19318  -39.997  -69.348  19.518 0.1000000015
19320  -41.176  -68.261  19.067 0.1000000015
19333  -40.643  -68.943  19.065 0.1000000015
19341  -39.966  -68.930  18.548 0.1000000015
19355  -40.668  -68.144  18.402 0.1000000015
19356  -41.084  -68.005  18.111 0.1000000015
19377  -37.325  -68.572  14.726 0.1000000015
19409  -42.073  -68.442  12.238 0.1000000015
19427  -42.294  -68.377  11.591 0.1000000015
19432  -42.092  -68.209  11.281 0.1000000015
20082  -50.111  -68.270  26.778 0.1000000015
20083  -50.366  -68.415  26.257 0.1000000015
20104  -50.272  -68.086  25.921 0.2000000030
20124  -42.541  -68.140  25.788 0.4000000060
20125  -43.374  -68.087  25.759 0.4000000060
20176  -41.996  -67.472  18.601 0.1000000015
20200  -39.894  -68.045  18.523 0.1000000015
20203  -42.611  -67.472  17.943 0.1000000015
20215  -41.354  -67.903  18.246 0.1000000015
20217  -42.935  -67.258  17.690 0.1000000015
20257  -40.622  -67.564  13.262 0.1000000015
20269  -41.836  -66.847  12.535 0.1000000015
20278  -42.396  -67.803  11.936 0.1000000015
20286  -41.701  -66.845  11.418 0.1000000015
20291  -41.908  -67.599  11.344 0.1000000015
20925  -47.428  -66.346  28.865 0.3000000119
20952  -36.373  -66.393  26.594 0.3000000119
20973  -35.651  -66.696  24.595 0.4000000060
21032  -43.381  -67.042  17.820 0.1000000015
21033  -43.810  -66.383  17.896 0.1000000015
21034  -44.175  -65.901  18.010 0.1000000015
21071  -37.371  -65.628  15.337 0.1000000015
21089  -39.481  -66.033  14.320 0.1000000015
21104  -42.292  -66.144  12.281 0.1000000015
21110  -38.654  -65.916  12.821 0.1000000015
21116  -42.310  -66.512  11.786 0.1000000015
21686  -48.166  -65.099  31.086 0.2000000030
21726  -39.760  -65.321  28.726 0.4000000060
21815  -42.992  -65.913  19.760 0.1000000015
21817  -44.799  -65.352  18.896 0.1000000015
21837  -44.222  -66.009  18.257 0.1000000015
21867  -43.754  -66.278  17.812 0.1000000015
21868  -44.122  -65.932  17.966 0.1000000015
21875  -36.660  -65.458  15.565 0.1000000015
21883  -38.310  -64.843  14.968 0.1000000015
21901  -40.871  -65.266  13.710 0.1000000015
21925  -42.466  -65.513  12.118 0.1000000015
21931  -40.335  -65.714  12.012 0.1000000015
21932  -41.883  -65.370  11.500 0.1000000015
21941  -42.176  -66.027  11.618 0.1000000015
22519  -38.948  -64.096  29.267 0.4000000060
22583  -37.249  -64.391  23.578 0.2000000030
22584  -38.039  -64.493  23.156 0.2000000030
22654  -41.832  -64.857  18.898 0.1000000015
22668  -42.448  -65.466  18.356 0.1000000015
22679  -43.828  -65.937  17.857 0.1000000015
22698  -38.594  -63.982  14.938 0.1000000015
22699  -39.318  -64.021  14.653 0.1000000015
22710  -41.655  -64.343  13.583 0.1000000015
22721  -42.362  -64.289  12.845 0.1000000015
22737  -40.543  -64.223  12.187 0.1000000015
22754  -42.442  -65.030  11.920 0.1000000015
22765  -42.206  -65.435  11.641 0.1000000015
23319  -45.318  -62.054  29.780 0.3000000119
23332  -45.674  -62.747  29.677 0.3000000119
23399  -42.503  -63.281  22.446 0.1000000015
23474  -45.424  -64.216  18.728 0.1000000015
23515  -42.035  -62.907  13.984 0.1000000015
23522  -42.296  -63.284  12.874 0.1000000015
23534  -41.317  -63.505  12.250 0.1000000015
23546  -42.020  -64.069  11.932 0.1000000015
24117  -45.352  -61.908  30.069 0.3000000119
24141  -44.565  -62.084  29.514 0.3000000119
24215  -44.172  -62.192  23.067 0.1000000015
24352  -39.722  -61.996  13.056 0.1000000015
24369  -42.125  -62.562  12.909 0.1000000015
24974  -36.610  -61.909  28.078 0.3000000119
24992  -36.608  -61.288  27.530 0.2000000030
25159  -40.122  -60.780  15.601 0.1000000015
25165  -39.809  -61.653  15.410 0.1000000015
25167  -41.118  -61.809  14.348 0.1000000015
25171  -41.565  -62.037  13.692 0.1000000015
25185  -41.149  -61.765  13.456 0.1000000015
25952  -39.539  -59.658  16.796 0.1000000015
25963  -40.219  -60.135  15.851 0.1000000015
25973  -37.402  -60.640  14.307 0.1000000015
25975  -39.406  -60.345  14.430 0.1000000015
25992  -37.008  -61.330  13.909 0.1000000015
25994  -39.087  -60.854  13.813 0.1000000015
26667  -42.712  -59.751  24.753 0.1000000015
26747  -39.188  -58.828  17.386 0.1000000015
26775  -40.129  -59.722  15.968 0.1000000015
26792  -40.078  -59.956  15.456 0.1000000015
27377  -37.514  -58.609  28.174 0.1000000015
27534  -39.338  -58.581  17.226 0.1000000015
27538  -34.925  -58.031  16.199 0.1000000015
27555  -38.625  -58.724  15.865 0.1000000015
27556  -39.422  -58.896  16.206 0.1000000015
28137  -38.674  -57.288  31.917 0.2000000030
28151  -38.325  -57.385  31.137 0.2000000030
28314  -38.528  -57.583  17.946 0.1000000015
28323  -38.983  -58.145  17.320 0.1000000015
28327  -35.593  -57.389  16.696 0.1000000015
29005  -45.324  -55.995  28.128 0.1000000015
29035  -44.389  -56.505  27.397 0.1000000015
29043  -42.072  -56.812  26.874 0.1000000015
29046  -44.315  -57.058  26.861 0.1000000015
29144  -37.541  -56.462  17.689 0.1000000015
29151  -38.030  -57.211  17.048 0.1000000015
29847  -39.599  -55.796  29.089 0.1000000015
29869  -41.953  -55.919  27.822 0.1000000015
29973  -37.014  -56.331  17.628 0.1000000015
30880  -36.005  -54.524  18.754 0.1000000015
31803  -35.495  -53.127  18.829 0.1000000015
128228  -32.388  -78.197  14.828 0.1000000015
129369  -41.412  -71.778  10.838 0.1000000015
129505  -41.540  -72.822  11.326 0.1000000015
130391  -33.294  -75.702  29.749 0.1000000015
131387  -36.977  -59.894  27.215 0.1000000015
131938  -34.709  -85.423  11.260 0.1000000015
132402  -37.369  -85.764  16.753 0.3000000119
132553  -40.928  -69.859  12.537 0.1000000015
134239  -41.371  -71.817  23.906 0.5000000000
134303  -41.496  -81.753  25.419 0.1000000015
136100  -39.421  -83.989  26.166 0.1000000015
136706  -40.397  -60.676  15.320 0.1000000015
137183  -35.858  -83.771  10.541 0.2000000030
137471  -34.661  -79.226  27.358 0.1000000015
137607  -37.543  -81.608  16.597 0.4000000060
137861  -40.089  -67.345  27.382 0.5000000000
138373  -38.288  -56.993  17.867 0.1000000015
138577  -40.640  -62.924  12.490 0.1000000015
138805  -32.828  -78.163  5.821 0.1000000015
139203  -33.549  -74.908  29.697 0.1000000015
139844  -38.994  -60.626  25.363 0.1000000015
140272  -41.759  -64.647  28.609 0.3000000119
140563  -41.815  -63.231  28.950 0.3000000119
140624  -42.209  -62.590  13.416 0.1000000015
140807  -36.998  -63.975  28.303 0.3000000119
140999  -41.189  -65.494  11.613 0.1000000015
141689  -42.393  -67.048  11.947 0.1000000015
142043  -32.417  -81.126  15.585 0.1000000015
142688  -42.334  -67.959  12.086 0.1000000015
142935  -33.710  -87.320  16.173 0.1000000015
143160  -36.746  -78.549  5.709 0.1000000015
143175  -35.336  -70.428  31.649 0.1000000015
143204  -40.048  -73.897  23.515 0.4000000060
143530  -35.988  -84.644  16.212 0.2000000030
143985  -40.115  -69.593  18.844 0.1000000015
144329  -39.447  -58.594  16.754 0.1000000015
144617  -42.683  -78.387  18.096 0.3000000119
144752  -25.299  -86.257  12.967 0.1000000015
145467  -37.239  -77.171  4.449 0.1000000015
145610  -36.470  -69.899  24.658 0.4000000060
146621  -34.348  -78.525  12.559 0.1000000015
146781  -36.069  -80.158  7.344 0.1000000015
146981  -36.293  -69.018  25.193 0.4000000060
147774  -34.079  -87.638  14.295 0.2000000030
149679  -38.061  -67.952  26.715 0.4000000060
149759  -40.447  -61.372  13.606 0.1000000015
149904  -40.043  -74.620  11.772 0.1000000015
150051  -39.095  -70.076  18.841 0.1000000015
150058  -24.979  -87.957  15.739 0.1000000015
150064  -22.362  -86.303  11.076 0.1000000015
150155  -41.505  -72.455  10.901 0.1000000015
150342  -42.165  -66.974  27.883 0.3000000119
150343  -38.935  -70.455  20.099 0.1000000015
150383  -22.271  -87.522  10.263 0.1000000015
151246  -49.733  -67.188  31.290 0.1000000015
151617  -40.634  -72.363  12.419 0.1000000015
151831  -35.655  -76.503  27.721 0.1000000015
152177  -38.039  -65.058  22.712 0.1000000015
152205  -34.811  -84.568  9.740 0.1000000015
152353  -25.952  -87.563  13.427 0.1000000015
152532  -38.134  -71.187  20.036 0.1000000015
153042  -45.488  -71.345  24.459 0.1000000015
153131  -36.099  -80.177  10.867 0.1000000015
153136  -33.678  -84.887  14.509 0.1000000015
153327  -37.048  -75.559  12.625 0.1000000015
153702  -31.769  -78.522  9.708 0.1000000015
153978  -42.604  -80.410  26.630 0.1000000015
154293  -36.364  -80.626  20.096 0.1000000015
154386  -43.843  -56.218  27.591 0.1000000015
